Iowa DOT Case Number,Law Enforcement Case Number,Date of Crash,Month of Crash,Day of Week,Time of Crash,Hour,DOT District,City Name,County Name,Route with System,Location Description,First Harmful Event,Location of First Harmful Event,Manner of Crash/Collision,Major Cause,Drug or Alcohol ,Environmental Conditions,Light Conditions,Surface Conditions,Weather Conditions,Roadway Contribution,Roadway Type,Roadway Surface,Work Zone,Crash Severity,Number of Fatalities,Number of Injuries,Number of Major Injuries,Number of Minor Injuries,Number of Possible Injuries,Number of Unknown Injuries,Amount of Property Damage,Number of Vehicles Involved,Total Number of Occupants,Travel Direction,Location
2014777865,2014000093,01/01/2014,01-January,4-Wednesday,11:56,1100 Hours,District 6 (East Central),TIFFIN,JOHNSON,I-80,I-80,Collision with fixed object:  Other fixed object (explain in narrative),Shoulder,Non-collision (single vehicle),Driving too fast for conditions,None Indicated,,Daylight,Snow,Snow,"Surface condition (e.g., wet, icy)",Non-intersection:  Non-junction/no special feature,Paved,,Property Damage Only,0,0,0,0,0,0,2500,1,2,,POINT (-91.667836675319 41.695021541056)
2014779405,C14000009,01/01/2014,01-January,4-Wednesday,15:06,1500 Hours,District 6 (East Central),CORALVILLE,JOHNSON,US 6,US 6/2ND ST & IA 965/CORAL RIDGE AVE,Collision with:  Vehicle in traffic,On Roadway,Head-on (front to front),Driving too fast for conditions,None Indicated,,Daylight,Snow,Cloudy,"Surface condition (e.g., wet, icy)",Intersection:  Four-way intersection,Paved,,Property Damage Only,0,0,0,0,0,0,3600,2,4,,POINT (-91.608925191887 41.688496013916)
2014777901,,01/01/2014,01-January,4-Wednesday,09:30,0900 Hours,District 4 (Southwest),AUDUBON,AUDUBON,,S DIVISION ST W & PACIFIC AVE,Collision with fixed object:  Other fixed object (explain in narrative),On Roadway,Non-collision (single vehicle),Unknown,None Indicated,,Daylight,Snow,Cloudy,"Surface condition (e.g., wet, icy)",Intersection:  Four-way intersection,Paved,,Property Damage Only,0,0,0,0,0,0,2500,1,2,,POINT (-94.937140664935 41.716928534437)
2014777005,14-000002,01/01/2014,01-January,4-Wednesday,10:29,1000 Hours,District 1 (Central),ALTOONA,POLK,,7TH AVE SE,Collision with:  Parked motor vehicle,On Roadway,"Sideswipe, same direction",Other (explain in narrative):  Other,None Indicated,,Daylight,Snow,Snow,None apparent,Non-intersection:  Non-junction/no special feature,Paved,,Property Damage Only,0,0,0,0,0,0,2000,2,1,,POINT (-93.457207757288 41.644377119147)
2014777080,14-0088,01/01/2014,01-January,4-Wednesday,13:49,1300 Hours,District 3 (Northwest),SIOUX CITY,WOODBURY,,SERGEANT RD & S LAKEPORT ST,Collision with:  Vehicle in traffic,On Roadway,Rear-end (front to rear),Lost Control,None Indicated,,Daylight,Snow,Cloudy,"Surface condition (e.g., wet, icy)",Non-intersection:  Non-junction/no special feature,Paved,,Property Damage Only,0,0,0,0,0,0,1800,2,4,,POINT (-96.346418449711 42.447346796992)
2014777413,2014000114,01/01/2014,01-January,4-Wednesday,12:30,1200 Hours,District 1 (Central),DES MOINES,POLK,I-35,I-35,Collision with:  Vehicle in traffic,On Roadway,Rear-end (front to rear),Driving too fast for conditions,None Indicated,,Daylight,Ice/frost,Snow,"Surface condition (e.g., wet, icy)",Non-intersection:  Other non-intersection (explain in narrative),Paved,,Property Damage Only,0,0,0,0,0,0,7500,2,2,,POINT (-93.666152701356 41.650714958656)
2014778593,2014000151,01/01/2014,01-January,4-Wednesday,14:54,1400 Hours,District 3 (Northwest),SIOUX CITY,WOODBURY,,SINGING HILLS BLVD,Collision with fixed object:  Concrete traffic barrier (median or right side),On Roadway,Non-collision (single vehicle),Ran off road - right,None Indicated,,Daylight,Ice/frost,Clear,"Surface condition (e.g., wet, icy)",Non-intersection:  Non-junction/no special feature,Paved,,Possible/Unknown,0,1,0,0,1,0,22100,1,1,,POINT (-96.359423087149 42.438618727357)
2014777088,14-92,01/01/2014,01-January,4-Wednesday,14:15,1400 Hours,District 3 (Northwest),SIOUX CITY,WOODBURY,IA 12,IA 12/GORDON DR & S MARTHA ST,Collision with:  Vehicle in traffic,On Roadway,Head-on (front to front),Driving too fast for conditions,None Indicated,,Daylight,Wet,Clear,None apparent,Intersection:  Four-way intersection,Paved,,Possible/Unknown,0,1,0,0,1,0,4000,2,2,,POINT (-96.361530700163 42.486389037317)
2014776940,201400033,01/01/2014,01-January,4-Wednesday,11:36,1100 Hours,District 6 (East Central),CEDAR RAPIDS,LINN,I-380,I-380,Collision with:  Vehicle in traffic,On Roadway,"Sideswipe, same direction",Driving too fast for conditions,None Indicated,,Daylight,Snow,Snow,"Surface condition (e.g., wet, icy)",Interchange-related:  On-ramp merge area,Paved,,Property Damage Only,0,0,0,0,0,0,2000,2,2,,POINT (-91.670896650577 41.95370155758)
2014777205,14-00019,01/01/2014,01-January,4-Wednesday,18:04,1800 Hours,District 3 (Northwest),CARROLL,CARROLL,US 30,US 30/6TH ST & MAIN ST,Collision with:  Vehicle in traffic,On Roadway,"Angle, oncoming left turn",FTYROW:  Making left turn,None Indicated,,Dark - roadway lighted,Snow,Cloudy,"Surface condition (e.g., wet, icy)",Intersection:  Four-way intersection,Paved,,Property Damage Only,0,0,0,0,0,0,5500,2,2,,POINT (-94.867224220524 42.065594795987)
2014776929,201400021,01/01/2014,01-January,4-Wednesday,09:09,0900 Hours,District 6 (East Central),IOWA CITY,JOHNSON,I-80,I-80,Collision with:  Vehicle in traffic,On Roadway,Rear-end (front to rear),Driving too fast for conditions,None Indicated,,Daylight,Snow,Snow,"Surface condition (e.g., wet, icy)",Non-intersection:  Non-junction/no special feature,Paved,,Property Damage Only,0,0,0,0,0,0,12000,3,3,,POINT (-91.524792572022 41.687338602614)
2014778480,S79140001,01/01/2014,01-January,4-Wednesday,05:15,0500 Hours,District 1 (Central),,POWESHIEK,,165TH ST,Non-collision events:  Overturn/rollover,On Roadway,Non-collision (single vehicle),Driving too fast for conditions,None Indicated,,Dark - roadway not lighted,Ice/frost,Snow,"Surface condition (e.g., wet, icy)",Non-intersection:  Non-junction/no special feature,Unpaved,,Property Damage Only,0,0,0,0,0,0,5000,1,2,,POINT (-92.464804484171 41.752548954797)
2014776723,14-0010,01/01/2014,01-January,4-Wednesday,10:52,1000 Hours,District 1 (Central),FORT DODGE,WEBSTER,,10TH AVE S & S 20TH ST,Collision with:  Vehicle in traffic,Shoulder,Broadside (front to side),FTYROW:  At uncontrolled intersection,None Indicated,,Daylight,Snow,Cloudy,"Surface condition (e.g., wet, icy)",Non-intersection:  Non-junction/no special feature,Paved,,Property Damage Only,0,0,0,0,0,0,3000,2,3,,POINT (-94.170665350914 42.493894019968)
2014777022,14-00046,01/01/2014,01-January,4-Wednesday,15:59,1500 Hours,District 6 (East Central),BETTENDORF,SCOTT,I-74,I-74 & US 67/STATE ST & 14TH ST,Collision with:  Vehicle in traffic,On Roadway,Broadside (front to side),Driving too fast for conditions,None Indicated,,Daylight,Snow,Snow,"Surface condition (e.g., wet, icy)",Interchange-related:  Off-ramp,Paved,,Property Damage Only,0,0,0,0,0,0,5000,2,2,,POINT (-90.51306721207 41.525143491411)
2014777264,14-0006,01/01/2014,01-January,4-Wednesday,11:15,1100 Hours,District 1 (Central),CLIVE,POLK,I-35,I-35,Collision with:  Vehicle in traffic,On Roadway,Rear-end (front to rear),Lost Control,None Indicated,,Daylight,Snow,Snow,"Surface condition (e.g., wet, icy)",Non-intersection:  Non-junction/no special feature,Paved,,Property Damage Only,0,0,0,0,0,0,8500,3,6,,POINT (-93.776898497619 41.610496388525)
2014777934,032-001-14,01/01/2014,01-January,4-Wednesday,15:43,1500 Hours,District 3 (Northwest),ESTHERVILLE,EMMET,,2ND AVE S & S 8TH ST,Collision with:  Vehicle in traffic,On Roadway,Broadside (front to side),Driving too fast for conditions,None Indicated,,Daylight,Snow,Cloudy,"Surface condition (e.g., wet, icy)",Non-intersection:  Non-junction/no special feature,Paved,,Property Damage Only,0,0,0,0,0,0,6500,3,3,,POINT (-94.83402230778 43.400097628481)
2014777010,13-000075,01/01/2014,01-January,4-Wednesday,14:34,1400 Hours,District 4 (Southwest),COUNCIL BLUFFS,POTTAWATTAMIE,I-29,I-29,Collision with fixed object:  Utility pole/light support,Shoulder,Non-collision (single vehicle),Swerving/Evasive Action,None Indicated,,Daylight,Snow,Cloudy,"Surface condition (e.g., wet, icy)",Non-intersection:  Non-junction/no special feature,Paved,,Property Damage Only,0,0,0,0,0,0,5000,1,1,,POINT (-95.836212070192 41.224369386985)
2014785437,,01/01/2014,01-January,4-Wednesday,07:56,0700 Hours,District 2 (Northeast),NORTHWOOD,WORTH,,13TH ST N,Collision with:  Parked motor vehicle,On Roadway,Broadside (front to side),"Operating vehicle in an reckless, erratic, careless, negligent manner",None Indicated,,Dark - roadway lighted,Snow,Clear,None apparent,Non-intersection:  Non-junction/no special feature,Paved,,Property Damage Only,0,0,0,0,0,0,1500,2,1,,POINT (-93.214624224656 43.44463455019)
2014777013,14-000045,01/01/2014,01-January,4-Wednesday,09:14,0900 Hours,District 4 (Southwest),COUNCIL BLUFFS,POTTAWATTAMIE,I-29,I-29,Collision with:  Vehicle in traffic,On Roadway,"Sideswipe, same direction",FTYROW:  Other (explain in narrative),None Indicated,,Daylight,Snow,Snow,None apparent,Interchange-related:  On-ramp merge area,Paved,,Property Damage Only,0,0,0,0,0,0,2600,2,3,,POINT (-95.848381101692 41.232093483779)
2014786517,,01/01/2014,01-January,4-Wednesday,02:30,0200 Hours,District 2 (Northeast),SPILLVILLE,WINNESHIEK,,BRIDGE ST & S MAIN ST,Collision with fixed object:  Utility pole/light support,On Roadway,Non-collision (single vehicle),Ran Stop Sign,Alcohol (Statutory),,Dark - roadway lighted,Ice/frost,Clear,None apparent,Intersection:  T-intersection,Paved,,Possible/Unknown,0,1,0,0,1,0,8000,1,1,,POINT (-91.951018125242 43.200901187366)
2014778617,2014000055,01/01/2014,01-January,4-Wednesday,09:20,0900 Hours,District 6 (East Central),DAVENPORT,SCOTT,I-80,I-80,Collision with fixed object:  Guardrail - face,On Roadway,Non-collision (single vehicle),Ran off road - right,None Indicated,,Daylight,Snow,Snow,"Surface condition (e.g., wet, icy)","Interchange-related:  Off-ramp, diverge area",Paved,,Property Damage Only,0,0,0,0,0,0,18557,1,2,,POINT (-90.586082669288 41.598760285451)
2014778621,2014000206,01/01/2014,01-January,4-Wednesday,17:10,1700 Hours,District 6 (East Central),,CEDAR,I-80,I-80,Collision with:  Vehicle in traffic,On Roadway,Rear-end (front to rear),Driving too fast for conditions,None Indicated,,Dark - roadway not lighted,Ice/frost,Clear,"Surface condition (e.g., wet, icy)",Non-intersection:  Non-junction/no special feature,Paved,,Property Damage Only,0,0,0,0,0,0,9000,2,3,,POINT (-90.988033032797 41.633547833047)
2014777878,2014000161,01/01/2014,01-January,4-Wednesday,15:08,1500 Hours,District 1 (Central),BROOKLYN,POWESHIEK,I-80,I-80,Collision with fixed object:  Guardrail - face,Outside trafficway,Non-collision (single vehicle),Ran off road - left,None Indicated,,Daylight,Snow,Cloudy,"Surface condition (e.g., wet, icy)",Non-intersection:  Non-junction/no special feature,Paved,,Property Damage Only,0,0,0,0,0,0,12000,1,1,,POINT (-92.451530104325 41.695444680553)
2014777069,14-0013,01/01/2014,01-January,4-Wednesday,23:44,2300 Hours,District 1 (Central),FORT DODGE,WEBSTER,,5TH AVE S,Collision with:  Vehicle in traffic,On Roadway,Rear-end (front to rear),Driver Distraction:  Reaching for object(s)/fallen object(s),None Indicated,,Dark - roadway not lighted,Wet,Cloudy,None apparent,Non-intersection:  Driveway access (within),Paved,,Minor Injury,0,3,0,1,2,0,7000,2,3,,POINT (-94.144440754514 42.501219407313)
2014778322,,01/01/2014,01-January,4-Wednesday,20:30,2000 Hours,District 6 (East Central),CEDAR RAPIDS,LINN,IA 922,IA 922/1ST AVE E,Collision with:  Vehicle in traffic,On Roadway,"Sideswipe, same direction",Unknown,None Indicated,,Dark - roadway lighted,Slush,Snow,,Non-intersection:  Non-junction/no special feature,Paved,,Property Damage Only,0,0,0,0,0,0,6500,2,2,,POINT (-91.661246190515 41.982995485696)
2014780465,2014-3049,01/01/2014,01-January,4-Wednesday,05:00,0500 Hours,District 6 (East Central),DAVENPORT,SCOTT,,ADAMS ST,Collision with:  Parked motor vehicle,On Roadway,Unknown,Lost Control,None Indicated,,Dark - roadway not lighted,Wet,Clear,None apparent,Non-intersection:  Non-junction/no special feature,Paved,,Property Damage Only,0,0,0,0,0,0,1800,2,1,,POINT (-90.552335169293 41.532606168662)
2014776941,14000029,01/01/2014,01-January,4-Wednesday,13:52,1300 Hours,District 6 (East Central),MARION,LINN,,15TH AVE & 10TH ST,Collision with:  Vehicle in traffic,On Roadway,Rear-end (front to rear),Followed too close,None Indicated,,Daylight,Ice/frost,Other (explain in narrative),"Surface condition (e.g., wet, icy)",Non-intersection:  Non-junction/no special feature,Paved,,Property Damage Only,0,0,0,0,0,0,4000,2,2,,POINT (-91.599307002949 42.040329379089)
2014776999,14-0013,01/01/2014,01-January,4-Wednesday,15:41,1500 Hours,District 1 (Central),WEST DES MOINES,POLK,,GRAND AVE & RAILROAD AVE & E P TRUE PKWY,Collision with:  Vehicle in traffic,On Roadway,Broadside (front to side),Ran Traffic Signal,None Indicated,,Daylight,Snow,Cloudy,None apparent,Intersection:  Four-way intersection,Paved,,Property Damage Only,0,0,0,0,0,0,4000,2,3,,POINT (-93.731745099848 41.570917696353)
2014777083,14-46,01/01/2014,01-January,4-Wednesday,05:09,0500 Hours,District 3 (Northwest),SIOUX CITY,WOODBURY,,4TH ST & FAIRMOUNT ST,Collision with fixed object:  Utility pole/light support,Outside trafficway,Non-collision (single vehicle),Ran off road - right,None Indicated,,Dark - roadway lighted,Snow,Snow,None apparent,Intersection:  T-intersection,Paved,,Minor Injury,0,1,0,1,0,0,5000,1,2,,POINT (-96.374551042756 42.494353160167)
2014777084,14-49,01/01/2014,01-January,4-Wednesday,03:09,0300 Hours,District 3 (Northwest),SIOUX CITY,WOODBURY,US 20,US 20,Collision with fixed object:  Utility pole/light support,Shoulder,Non-collision (single vehicle),Ran off road - right,None Indicated,,Dark - roadway lighted,Snow,Snow,"Surface condition (e.g., wet, icy)",Non-intersection:  Non-junction/no special feature,Paved,,Property Damage Only,0,0,0,0,0,0,26500,1,1,,POINT (-96.355301531195 42.443845177405)
2014780231,2014000216,01/01/2014,01-January,4-Wednesday,19:54,1900 Hours,District 6 (East Central),,CEDAR,I-80,I-80,Collision with fixed object:  Other fixed object (explain in narrative),Shoulder,Non-collision (single vehicle),Swerving/Evasive Action,None Indicated,,Dark - roadway not lighted,Ice/frost,Cloudy,"Surface condition (e.g., wet, icy)",Non-intersection:  Non-junction/no special feature,Paved,,Property Damage Only,0,0,0,0,0,0,5200,1,2,,POINT (-91.339641478259 41.664105812209)
2014780202,2014000132,01/01/2014,01-January,4-Wednesday,13:30,1300 Hours,District 6 (East Central),BETTENDORF,SCOTT,I-80,I-80 & MIDDLE RD,Collision with:  Vehicle in traffic,On Roadway,"Sideswipe, same direction",Crossed centerline (undivided),None Indicated,,Daylight,Snow,Snow,"Surface condition (e.g., wet, icy)",Non-intersection:  Non-junction/no special feature,Paved,,Property Damage Only,0,0,0,0,0,0,8200,2,3,,POINT (-90.459011430332 41.597164169529)
2014779551,14-000016,01/01/2014,01-January,4-Wednesday,01:30,0100 Hours,District 5 (Southeast),,LEE,,Co Rd X23/263 AVE & 240 ST,Non-collision events:  Overturn/rollover,On Roadway,Non-collision (single vehicle),FTYROW:  From stop sign,Alcohol (Statutory),,Dark - roadway not lighted,Ice/frost,Cloudy,None apparent,Intersection:  T-intersection,Paved,,Property Damage Only,0,0,0,0,0,0,7000,1,1,,POINT (-91.409468216143 40.610093309782)
2014787893,,01/01/2014,01-January,4-Wednesday,03:22,0300 Hours,District 6 (East Central),,CEDAR,,Co Rd F58/IOWA 927,Collision with:  Vehicle in traffic,On Roadway,Head-on (front to front),Crossed centerline (undivided),Alcohol (Statutory),,Dark - roadway not lighted,Dry,Clear,None apparent,Non-intersection:  Non-junction/no special feature,Paved,,Property Damage Only,0,0,0,0,0,0,32000,2,2,,POINT (-90.953314654326 41.599754427239)
2014777317,2014-195,01/01/2014,01-January,4-Wednesday,19:19,1900 Hours,District 6 (East Central),DAVENPORT,SCOTT,,ELMORE AVE,Collision with:  Vehicle in traffic,On Roadway,"Sideswipe, same direction",Lost Control,None Indicated,,Dark - roadway lighted,Snow,Snow,"Surface condition (e.g., wet, icy)",Non-intersection:  Non-junction/no special feature,Paved,,Property Damage Only,0,0,0,0,0,0,1500,2,3,,POINT (-90.528561068314 41.573652699878)
2014777257,14-11,01/01/2014,01-January,4-Wednesday,13:24,1300 Hours,District 1 (Central),,POLK,IA 17,IA 17,Collision with fixed object:  Tree,Outside trafficway,Non-collision (single vehicle),Over correcting/over steering,None Indicated,,Daylight,Snow,Snow,"Surface condition (e.g., wet, icy)",Non-intersection:  Non-junction/no special feature,Paved,,Minor Injury,0,1,0,1,0,0,40000,1,2,,POINT (-93.814002413098 41.808258966283)
2014786994,,01/01/2014,01-January,4-Wednesday,03:05,0300 Hours,District 2 (Northeast),DECORAH,WINNESHIEK,,W BROADWAY ST,Collision with:  Parked motor vehicle,Roadside,Broadside (front to side),Crossed centerline (undivided),None Indicated,,Dark - roadway lighted,Snow,Snow,"Surface condition (e.g., wet, icy)",Non-intersection:  Non-junction/no special feature,Paved,,Property Damage Only,0,0,0,0,0,0,3500,2,1,,POINT (-91.788034680019 43.302347810071)
2014777358,14-000010,01/01/2014,01-January,4-Wednesday,02:30,0200 Hours,District 1 (Central),AMES,STORY,,15TH ST,Collision with:  Parked motor vehicle,Shoulder,Rear-end (front to rear),Driving too fast for conditions,None Indicated,,Unknown,Dry,Snow,None apparent,Non-intersection:  Other non-intersection (explain in narrative),Paved,,Property Damage Only,0,0,0,0,0,0,6500,2,1,,POINT (-93.61646926474 42.037043976765)
2014778620,2014000141,01/01/2014,01-January,4-Wednesday,14:11,1400 Hours,District 1 (Central),,JASPER,I-80,I-80,Collision with:  Vehicle in traffic,On Roadway,"Sideswipe, same direction",Driving too fast for conditions,None Indicated,,Daylight,Snow,Snow,"Surface condition (e.g., wet, icy)",Non-intersection:  Other non-intersection (explain in narrative),Paved,,Property Damage Only,0,0,0,0,0,0,16000,2,3,,POINT (-92.864542208426 41.693304950781)
2014777313,2014-137,01/01/2014,01-January,4-Wednesday,13:10,1300 Hours,District 6 (East Central),DAVENPORT,SCOTT,,ROCKINGHAM RD,Collision with fixed object:  Utility pole/light support,Outside trafficway,Non-collision (single vehicle),Ran off road - right,None Indicated,,Daylight,Snow,Snow,None apparent,Non-intersection:  Non-junction/no special feature,Paved,,Possible/Unknown,0,1,0,0,1,0,6500,1,1,,POINT (-90.639122731346 41.507996646237)
2014778202,201400009,01/01/2014,01-January,4-Wednesday,00:58,0000 Hours,District 6 (East Central),CEDAR RAPIDS,LINN,,SYLVIA ST NE,Collision with fixed object:  Other fixed object (explain in narrative),Shoulder,Non-collision (single vehicle),Crossed centerline (undivided),Alcohol (Statutory),,Dark - roadway lighted,Slush,Cloudy,None apparent,Non-intersection:  Non-junction/no special feature,Paved,,Property Damage Only,0,0,0,0,0,0,2500,1,1,,POINT (-91.668209238198 42.029981815109)
2014777585,01-14-93,01/01/2014,01-January,4-Wednesday,14:50,1400 Hours,District 6 (East Central),DUBUQUE,DUBUQUE,US 61,US 61,Collision with fixed object:  Concrete traffic barrier (median or right side),On Roadway,Non-collision (single vehicle),Driving too fast for conditions,None Indicated,,Daylight,Ice/frost,Snow,"Surface condition (e.g., wet, icy)",Non-intersection:  Other non-intersection (explain in narrative),Paved,,Property Damage Only,0,0,0,0,0,0,4000,1,2,,POINT (-90.645154395413 42.515685210221)
2014776647,20140000001,01/01/2014,01-January,4-Wednesday,00:20,0000 Hours,District 1 (Central),DES MOINES,POLK,,HICKMAN RD & 30TH ST,Collision with:  Vehicle in traffic,On Roadway,Broadside (front to side),Ran Traffic Signal,None Indicated,,Dark - roadway lighted,Dry,Cloudy,None apparent,Intersection:  Four-way intersection,Paved,,Property Damage Only,0,0,0,0,0,0,2200,2,3,,POINT (-93.65853526353 41.614973348884)
2014777377,201400000119,01/01/2014,01-January,4-Wednesday,20:45,2000 Hours,District 5 (Southeast),OTTUMWA,WAPELLO,IA 149,IA 149/WAPELLO ST VIADUCT,Non-collision events:  Other non-collision (explain in narrative),On Roadway,Non-collision (single vehicle),Driving too fast for conditions,Refused,,Dark - roadway not lighted,Wet,Cloudy,None apparent,Non-intersection:  Other non-intersection (explain in narrative),Paved,,Property Damage Only,0,0,0,0,0,0,5150,1,2,,POINT (-92.41931600723 41.018327791537)
2014778562,2014-00035,01/01/2014,01-January,4-Wednesday,14:21,1400 Hours,District 5 (Southeast),,WARREN,IA 92,IA 92/IOWA 92,Collision with fixed object:  Other fixed object (explain in narrative),Shoulder,Non-collision (single vehicle),Ran off road - right,None Indicated,,Daylight,Snow,Cloudy,"Surface condition (e.g., wet, icy)",Non-intersection:  Non-junction/no special feature,Paved,,Property Damage Only,0,0,0,0,0,0,4000,1,1,,POINT (-93.672268306136 41.366055644199)
2014777314,2014-156,01/01/2014,01-January,4-Wednesday,15:19,1500 Hours,District 6 (East Central),DAVENPORT,SCOTT,I-80,I-80,Collision with fixed object:  Ditch,On Roadway,Non-collision (single vehicle),Driving too fast for conditions,None Indicated,,Daylight,Snow,Snow,"Surface condition (e.g., wet, icy)",Non-intersection:  Non-junction/no special feature,Paved,,Property Damage Only,0,0,0,0,0,0,1500,1,3,,POINT (-90.668702861017 41.603780629844)
2014778592,2014000086,01/01/2014,01-January,4-Wednesday,11:00,1100 Hours,District 6 (East Central),,CEDAR,I-80,I-80,Collision with fixed object:  Bridge overhead structure,On Roadway,Non-collision (single vehicle),Ran off road - right,None Indicated,,Daylight,Snow,Snow,"Surface condition (e.g., wet, icy)",Non-intersection:  Other non-intersection (explain in narrative),Paved,,Property Damage Only,0,0,0,0,0,0,3000,1,1,,POINT (-91.133360422297 41.645484505169)
2014776837,W14-000032,01/01/2014,01-January,4-Wednesday,01:02,0100 Hours,District 2 (Northeast),WATERLOO,BLACK HAWK,US 218,US 218/1ST INNERLEG,Non-collision events:  Overturn/rollover,On Roadway,Non-collision (single vehicle),Ran off road - right,None Indicated,,Dark - roadway not lighted,Snow,Rain,Unknown,"Interchange-related:  Off-ramp, diverge area",Paved,,Possible/Unknown,0,1,0,0,0,1,5000,1,1,,POINT (-92.396271474919 42.538088709938)
2014777416,2014000263,01/02/2014,01-January,5-Thursday,08:10,0800 Hours,District 1 (Central),WEST DES MOINES,POLK,I-35,I-35,Collision with:  Vehicle in traffic,On Roadway,Rear-end (front to rear),Lost Control,None Indicated,,Daylight,Dry,Clear,None apparent,Non-intersection:  Non-junction/no special feature,Paved,,Property Damage Only,0,0,0,0,0,0,3500,2,2,,POINT (-93.777083647406 41.596921298692)
2014778568,2014-0002,01/02/2014,01-January,5-Thursday,17:30,1700 Hours,District 1 (Central),NORWALK,POLK,IA 5,IA 5/SE RAMP/SW RAMP & IA 28/IOWA 28,Collision with:  Vehicle in traffic,On Roadway,Rear-end (front to rear),Unknown,None Indicated,,Dark - roadway lighted,Ice/frost,Clear,"Surface condition (e.g., wet, icy)",Interchange-related:  On-ramp merge area,Paved,,Possible/Unknown,0,1,0,0,1,0,3500,2,2,,POINT (-93.679930864768 41.512688260107)
2014777980,14-0026,01/02/2014,01-January,5-Thursday,20:20,2000 Hours,District 6 (East Central),HIAWATHA,LINN,I-380,I-380,Collision with fixed object:  Traffic sign support,Gore,Non-collision (single vehicle),Ran off road - left,None Indicated,,Dark - roadway lighted,Dry,Clear,None apparent,"Interchange-related:  Off-ramp, diverge area",Paved,,Property Damage Only,0,0,0,0,0,0,1700,1,1,,POINT (-91.677004215278 42.036937382314)
2014777393,14-0020,01/02/2014,01-January,5-Thursday,20:05,2000 Hours,District 1 (Central),FORT DODGE,WEBSTER,,11TH AVE S,Collision with:  Parked motor vehicle,On Roadway,Rear-end (front to rear),Driving too fast for conditions,None Indicated,,Dark - roadway lighted,Snow,Clear,None apparent,Non-intersection:  Non-junction/no special feature,Paved,,Property Damage Only,0,0,0,0,0,0,10000,2,1,,POINT (-94.172593859578 42.492901684457)
2014777258,14-000025,01/02/2014,01-January,5-Thursday,14:20,1400 Hours,District 1 (Central),ANKENY,POLK,IA 160,IA 160/SE ORALABOR RD & SE DELAWARE AVE,Collision with:  Vehicle in traffic,On Roadway,"Sideswipe, same direction",FTYROW:  Making right turn on red signal,None Indicated,,Daylight,Dry,Clear,None apparent,Intersection:  Four-way intersection,Paved,,Property Damage Only,0,0,0,0,0,0,1500,2,2,,POINT (-93.58123681897 41.70291263132)
2014783716,SA1400453,01/02/2014,01-January,5-Thursday,19:51,1900 Hours,District 5 (Southeast),,WASHINGTON,,Co Rd G16/130TH ST & Co Rd W61/RIVERSIDE RD,Collision with:  Vehicle in traffic,On Roadway,"Sideswipe, opposite direction",Crossed centerline (undivided),None Indicated,,Dark - roadway not lighted,Snow,Snow,"Surface condition (e.g., wet, icy)",Non-intersection:  Non-junction/no special feature,Paved,,Minor Injury,0,2,0,1,1,0,7000,2,3,,POINT (-91.580073031523 41.468480481705)
2014778623,2014000382,01/02/2014,01-January,5-Thursday,14:10,1400 Hours,District 1 (Central),ALTOONA,POLK,I-80,I-80,Collision with:  Vehicle in traffic,On Roadway,Rear-end (front to rear),Followed too close,None Indicated,,Daylight,Dry,Clear,None apparent,Interchange-related:  Off-ramp,Paved,,Property Damage Only,0,0,0,0,0,0,22000,2,4,,POINT (-93.491938288033 41.66216701403)
2014777760,14-0017,01/02/2014,01-January,5-Thursday,17:50,1700 Hours,District 1 (Central),URBANDALE,POLK,,MEREDITH DR & 59TH ST,Collision with:  Vehicle in traffic,On Roadway,"Angle, oncoming left turn",FTYROW:  Making left turn,None Indicated,,Dark - roadway lighted,Snow,Cloudy,None apparent,Intersection:  Four-way intersection,Paved,,Property Damage Only,0,0,0,0,0,0,4500,2,2,,POINT (-93.698996271597 41.643908674391)
2014776970,20140000118,01/02/2014,01-January,5-Thursday,09:45,0900 Hours,District 1 (Central),DES MOINES,POLK,US 69,US 69/SE 14TH ST,Collision with:  Vehicle in traffic,On Roadway,Rear-end (front to rear),Followed too close,None Indicated,,Daylight,Slush,Clear,"Surface condition (e.g., wet, icy)",Non-intersection:  Other non-intersection (explain in narrative),Paved,,Property Damage Only,0,0,0,0,0,0,1500,2,2,,POINT (-93.596864303475 41.582217486607)
2014777269,20140000161,01/02/2014,01-January,5-Thursday,16:10,1600 Hours,District 1 (Central),DES MOINES,POLK,,WALL AVE & E WALL AVE & S UNION ST,Collision with:  Vehicle in traffic,On Roadway,Broadside (front to side),FTYROW:  From stop sign,None Indicated,,Daylight,Snow,Clear,None apparent,Intersection:  Four-way intersection,Paved,,Possible/Unknown,0,1,0,0,1,0,7000,2,2,,POINT (-93.616072265754 41.531873441811)