Iowa DOT Case Number,Law Enforcement Case Number,Date of Crash,Month of Crash,Day of Week,Time of Crash,Hour,DOT District,City Name,County Name,Route with System,Location Description,First Harmful Event,Location of First Harmful Event,Manner of Crash/Collision,Major Cause,Drug or Alcohol ,Environmental Conditions,Light Conditions,Surface Conditions,Weather Conditions,Roadway Contribution,Roadway Type,Roadway Surface,Work Zone,Crash Severity,Number of Fatalities,Number of Injuries,Number of Major Injuries,Number of Minor Injuries,Number of Possible Injuries,Number of Unknown Injuries,Amount of Property Damage,Number of Vehicles Involved,Total Number of Occupants,Travel Direction,Location
2014776968,20140000110,01/02/2014,01-January,5-Thursday,08:37,0800 Hours,District 1 (Central),DES MOINES,POLK,US 6,US 6/E EUCLID AVE & DELAWARE AVE,Collision with:  Vehicle in traffic,On Roadway,Rear-end (front to rear),Driving too fast for conditions,None Indicated,,Daylight,Slush,Clear,"Surface condition (e.g., wet, icy)",Intersection:  Four-way intersection,Paved,,Property Damage Only,0,0,0,0,0,0,12000,3,3,,POINT (-93.581329662797 41.627765596999)
2014776953,14-000031,01/02/2014,01-January,5-Thursday,02:16,0200 Hours,District 4 (Southwest),GLENWOOD,MILLS,,N LINN ST,Non-collision events:  Other non-collision (explain in narrative),On Roadway,Non-collision (single vehicle),Other (explain in narrative):  No improper action,None Indicated,,Dark - roadway not lighted,Snow,Cloudy,None apparent,Non-intersection:  Non-junction/no special feature,Paved,,Property Damage Only,0,0,0,0,0,0,2500,1,3,,POINT (-95.739136701468 41.051614547573)
2014778339,14000461,01/02/2014,01-January,5-Thursday,14:48,1400 Hours,District 2 (Northeast),CEDAR FALLS,BLACK HAWK,,UNIVERSITY AVE & TREMONT ST,Collision with:  Vehicle in traffic,On Roadway,"Sideswipe, opposite direction",Crossed centerline (undivided),None Indicated,,Daylight,Snow,Cloudy,"Surface condition (e.g., wet, icy)",Non-intersection:  Non-junction/no special feature,Paved,,Property Damage Only,0,0,0,0,0,0,5000,2,2,,POINT (-92.450864099819 42.513120060688)
2014777285,14-0006,01/02/2014,01-January,5-Thursday,19:45,1900 Hours,District 1 (Central),WINDSOR HEIGHTS,POLK,IA 28,IA 28/63RD ST & WASHINGTON AVE,Collision with:  Parked motor vehicle,On Roadway,Rear-end (front to rear),Other (explain in narrative):  Other,None Indicated,,Dark - roadway lighted,Snow,Clear,None apparent,Non-intersection:  Non-junction/no special feature,Paved,,Property Damage Only,0,0,0,0,0,0,3000,2,1,,POINT (-93.703735779532 41.609355257371)
2014777247,14000084,01/02/2014,01-January,5-Thursday,16:16,1600 Hours,District 6 (East Central),MARION,LINN,,MARION BLVD & ARMAR DR,Collision with:  Vehicle in traffic,On Roadway,Rear-end (front to rear),Other (explain in narrative):  Vision obstructed,None Indicated,,Daylight,Slush,Clear,None apparent,Intersection:  T-intersection,Paved,,Property Damage Only,0,0,0,0,0,0,7000,2,3,,POINT (-91.616897680813 42.028104986819)
2014777280,14-0029,01/02/2014,01-January,5-Thursday,14:33,1400 Hours,District 1 (Central),WEST DES MOINES,POLK,,WESTOWN PKWY & 31ST ST,Collision with:  Vehicle in traffic,On Roadway,Broadside (front to side),FTYROW:  Making left turn,None Indicated,,Daylight,Dry,Clear,None apparent,Intersection:  Four-way intersection,Paved,,Minor Injury,0,2,0,1,1,0,14000,2,5,,POINT (-93.747076486273 41.5961204107)
2014777151,,01/02/2014,01-January,5-Thursday,09:15,0900 Hours,District 2 (Northeast),LIVERMORE,HUMBOLDT,,3RD AVE,Collision with:  Vehicle in traffic,On Roadway,"Sideswipe, opposite direction",Crossed centerline (undivided),None Indicated,,Daylight,Snow,Cloudy,None apparent,Non-intersection:  Driveway access (within),Paved,,Property Damage Only,0,0,0,0,0,0,9500,2,2,,POINT (-94.192398808957 42.869772790938)
2014780246,2014000245,01/02/2014,01-January,5-Thursday,07:10,0700 Hours,District 1 (Central),WEST DES MOINES,POLK,I-35,I-35,Collision with fixed object:  Traffic sign support,Shoulder,Non-collision (single vehicle),Swerving/Evasive Action,None Indicated,,Dawn,Snow,Clear,"Surface condition (e.g., wet, icy)","Interchange-related:  Off-ramp, diverge area",Paved,,Property Damage Only,0,0,0,0,0,0,3000,1,1,,POINT (-93.775861003227 41.544903724666)
2014779307,BP14000002,01/02/2014,01-January,5-Thursday,16:45,1600 Hours,District 2 (Northeast),BELMOND,WRIGHT,,6TH ST NE & 2ND AVE NE,Collision with:  Vehicle in traffic,On Roadway,Broadside (front to side),Driving too fast for conditions,None Indicated,,Daylight,Snow,Clear,"Surface condition (e.g., wet, icy)",Intersection:  T-intersection,Paved,,Property Damage Only,0,0,0,0,0,0,1800,2,5,,POINT (-93.614227157736 42.851641486211)
2014776977,20140000120,01/02/2014,01-January,5-Thursday,09:20,0900 Hours,District 1 (Central),DES MOINES,POLK,,7TH ST,Collision with:  Vehicle in traffic,On Roadway,Broadside (front to side),FTYROW:  Making left turn,None Indicated,,Daylight,Snow,Clear,None apparent,Non-intersection:  Driveway access (within),Paved,,Possible/Unknown,0,1,0,0,1,0,350,2,3,,POINT (-93.626894347394 41.594911016321)
2014781724,14-003,01/02/2014,01-January,5-Thursday,14:32,1400 Hours,District 3 (Northwest),SIOUX CENTER,SIOUX,,9TH ST SE & 7TH AVE SE,Collision with:  Vehicle in traffic,On Roadway,Rear-end (front to rear),Improper Backing,None Indicated,,Daylight,Dry,Cloudy,None apparent,Intersection:  T-intersection,Paved,,Property Damage Only,0,0,0,0,0,0,4500,2,3,,POINT (-96.166103657041 43.069706734372)
2014787559,2014-0027,01/02/2014,01-January,5-Thursday,11:45,1100 Hours,District 6 (East Central),ELDRIDGE,SCOTT,,N 4TH AVE,Collision with:  Vehicle in traffic,On Roadway,"Angle, oncoming left turn",FTYROW:  Making left turn,None Indicated,,Daylight,Snow,Clear,"Surface condition (e.g., wet, icy)",Non-intersection:  Driveway access (within),Paved,,Property Damage Only,0,0,0,0,0,0,2500,2,2,,POINT (-90.578133559916 41.656305351433)
2014777501,14000014,01/02/2014,01-January,5-Thursday,07:55,0700 Hours,District 2 (Northeast),,CERRO GORDO,,Co Rd B35/245TH ST & QUAIL AVE,Collision with:  Vehicle in traffic,On Roadway,"Sideswipe, opposite direction",Crossed centerline (undivided),None Indicated,,Daylight,Ice/frost,Clear,"Surface condition (e.g., wet, icy)",Intersection:  Four-way intersection,Paved,,Property Damage Only,0,0,0,0,0,0,3000,2,2,,POINT (-93.181387330032 43.119084227051)
2014778417,14000509,01/02/2014,01-January,5-Thursday,01:28,0100 Hours,District 6 (East Central),CORALVILLE,JOHNSON,I-380,I-380,Collision with:  Vehicle in traffic,On Roadway,"Sideswipe, same direction",Crossed centerline (undivided),None Indicated,,Dark - roadway lighted,Dry,Cloudy,None apparent,Non-intersection:  Other non-intersection (explain in narrative),Paved,,Property Damage Only,0,0,0,0,0,0,3000,2,2,,POINT (-91.640962307599 41.699210251452)
2014777880,2014000408,01/02/2014,01-January,5-Thursday,15:55,1500 Hours,District 6 (East Central),CORALVILLE,JOHNSON,I-80,I-80,Collision with:  Vehicle in traffic,On Roadway,"Sideswipe, same direction",Crossed centerline (undivided),None Indicated,,Daylight,Dry,Clear,None apparent,Non-intersection:  Non-junction/no special feature,Paved,,Property Damage Only,0,0,0,0,0,0,30000,2,5,,POINT (-91.593393490586 41.692134842174)
2014777694,14-000161,01/02/2014,01-January,5-Thursday,14:16,1400 Hours,District 5 (Southeast),MUSCATINE,MUSCATINE,US 61,US 61,Collision with:  Vehicle in traffic,On Roadway,Broadside (front to side),FTYROW:  Other (explain in narrative),None Indicated,,Daylight,Dry,Clear,None apparent,Non-intersection:  Non-junction/no special feature,Paved,,Possible/Unknown,0,1,0,0,1,0,8000,2,3,,POINT (-91.022477143866 41.456911383148)
2014812918,NT-14-003,01/02/2014,01-January,5-Thursday,10:30,1000 Hours,District 1 (Central),NEVADA,STORY,,W 4TH ST,Collision with:  Vehicle in traffic,On Roadway,"Sideswipe, same direction",FTYROW:  Other (explain in narrative),None Indicated,,Daylight,Snow,Clear,None apparent,Intersection:  T-intersection,Paved,,Property Damage Only,0,0,0,0,0,0,1800,2,2,,POINT (-93.462820124049 42.022833462578)
2014777570,01-14-144,01/02/2014,01-January,5-Thursday,00:53,0000 Hours,District 6 (East Central),DUBUQUE,DUBUQUE,,W 11TH ST & BLUFF ST,Non-collision events:  Other non-collision (explain in narrative),Shoulder,Non-collision (single vehicle),Improper Backing,None Indicated,,Dark - roadway lighted,Snow,Cloudy,None apparent,Intersection:  Four-way intersection,Paved,,Property Damage Only,0,0,0,0,0,0,3000,1,1,,POINT (-90.670381390322 42.502765310855)
2014777277,14-0014,01/02/2014,01-January,5-Thursday,16:02,1600 Hours,District 1 (Central),URBANDALE,POLK,,DOUGLAS AVE,Collision with:  Vehicle in traffic,On Roadway,"Sideswipe, same direction",Swerving/Evasive Action,None Indicated,,Daylight,Wet,Clear,None apparent,Non-intersection:  Non-junction/no special feature,Paved,,Property Damage Only,0,0,0,0,0,0,2500,2,2,,POINT (-93.7045420948 41.629409319807)
2014777422,2014000255,01/02/2014,01-January,5-Thursday,07:45,0700 Hours,District 1 (Central),CLIVE,POLK,I-35,I-35,Collision with:  Vehicle in traffic,On Roadway,Rear-end (front to rear),Lost Control,None Indicated,,Daylight,Dry,Clear,None apparent,Non-intersection:  Non-junction/no special feature,Paved,,Possible/Unknown,0,1,0,0,1,0,7000,2,2,,POINT (-93.776853832979 41.612775506796)
2014778926,14003,01/02/2014,01-January,5-Thursday,17:26,1700 Hours,District 5 (Southeast),PELLA,MARION,IA 163,IA 163/SW RAMP CURV/SW LOOP & WASHINGTON ST & W 15TH ST,Collision with:  Vehicle in traffic,On Roadway,Broadside (front to side),FTYROW:  From stop sign,None Indicated,,Dark - roadway lighted,Dry,Clear,None apparent,Intersection:  Four-way intersection,Paved,,Property Damage Only,0,0,0,0,0,0,2500,2,3,,POINT (-92.950584719282 41.410650760364)
2014777728,20140000137,01/02/2014,01-January,5-Thursday,13:01,1300 Hours,District 1 (Central),DES MOINES,POLK,US 69,US 69/E 15TH ST & CAPITOL AVE,Collision with:  Vehicle in traffic,On Roadway,"Sideswipe, same direction",Improper or erratic lane changing,None Indicated,,Daylight,Snow,Clear,None apparent,Non-intersection:  Non-junction/no special feature,Paved,,Possible/Unknown,0,1,0,0,1,0,7000,2,3,,POINT (-93.59494787796 41.593000099896)
2014777816,2014-00093,01/02/2014,01-January,5-Thursday,17:35,1700 Hours,District 5 (Southeast),INDIANOLA,WARREN,,W ASHLAND AVE & N D ST,Collision with:  Vehicle in traffic,On Roadway,Broadside (front to side),FTYROW:  From stop sign,None Indicated,,Dark - roadway lighted,Snow,Cloudy,None apparent,Intersection:  Other intersection (explain in narrative),Paved,,Possible/Unknown,0,1,0,0,1,0,5000,2,5,,POINT (-93.566386959496 41.361365031382)
2014778622,2014000238,01/02/2014,01-January,5-Thursday,06:46,0600 Hours,District 1 (Central),WEST DES MOINES,POLK,,UNIVERSITY AVE,Collision with fixed object:  Concrete traffic barrier (median or right side),Shoulder,Non-collision (single vehicle),Swerving/Evasive Action,None Indicated,,Daylight,Dry,Clear,None apparent,Non-intersection:  Non-junction/no special feature,Paved,,Property Damage Only,0,0,0,0,0,0,8000,1,2,,POINT (-93.778517651159 41.600424405747)
2014777289,S14-000014,01/02/2014,01-January,5-Thursday,17:27,1700 Hours,District 4 (Southwest),UNDERWOOD,POTTAWATTAMIE,,MAGNOLIA RD & MULBERRY LN,Collision with:  Vehicle in traffic,On Roadway,"Sideswipe, opposite direction",Crossed centerline (undivided),None Indicated,,Dark - roadway lighted,Slush,Clear,None apparent,Non-intersection:  Non-junction/no special feature,Paved,,Property Damage Only,0,0,0,0,0,0,12000,2,2,,POINT (-95.679856331422 41.376237732716)
2014777279,14-0023,01/02/2014,01-January,5-Thursday,12:15,1200 Hours,District 1 (Central),WEST DES MOINES,POLK,IA 28,IA 28/63RD ST & WINONA AVE & MAPLE ST,Collision with:  Vehicle in traffic,On Roadway,Broadside (front to side),FTYROW:  From stop sign,None Indicated,,Daylight,Wet,Clear,None apparent,Intersection:  Four-way intersection,Paved,,Property Damage Only,0,0,0,0,0,0,8000,2,2,,POINT (-93.703236019835 41.571059571067)
2014777881,2014000422,01/02/2014,01-January,5-Thursday,17:15,1700 Hours,District 6 (East Central),NORTH LIBERTY,JOHNSON,I-380,I-380,Non-collision events:  Other non-collision (explain in narrative),On Roadway,"Sideswipe, same direction",Crossed centerline (undivided),None Indicated,,Dark - roadway not lighted,Dry,Cloudy,Other (explain in narrative),Non-intersection:  Non-junction/no special feature,Paved,,Property Damage Only,0,0,0,0,0,0,10000,3,3,,POINT (-91.642143656899 41.761263051419)
2014777241,201400090,01/02/2014,01-January,5-Thursday,14:38,1400 Hours,District 6 (East Central),CEDAR RAPIDS,LINN,,42ND ST NE,Collision with:  Vehicle in traffic,On Roadway,Rear-end (front to rear),Other (explain in narrative):  Other,None Indicated,,Daylight,Snow,Clear,"Surface condition (e.g., wet, icy)",Non-intersection:  Non-junction/no special feature,Paved,,Property Damage Only,0,0,0,0,0,0,3000,2,2,,POINT (-91.66233645325 42.021429513217)
2014777722,20140000157,01/02/2014,01-January,5-Thursday,15:55,1500 Hours,District 1 (Central),DES MOINES,POLK,US 6,US 6/EUCLID AVE & 12TH ST,Collision with:  Vehicle in traffic,On Roadway,"Angle, oncoming left turn",FTYROW:  Making left turn,None Indicated,,Daylight,Dry,Clear,None apparent,Intersection:  Four-way intersection,Paved,,Minor Injury,0,3,0,2,1,0,9000,2,3,,POINT (-93.634438417139 41.627655888046)
2014777397,14-194,01/02/2014,01-January,5-Thursday,18:32,1800 Hours,District 3 (Northwest),SIOUX CITY,WOODBURY,,CHEYENNE BLVD,Collision with:  Parked motor vehicle,Shoulder,Rear-end (front to rear),Lost Control,None Indicated,,Dark - roadway lighted,Wet,Clear,None apparent,Non-intersection:  Non-junction/no special feature,Paved,,Property Damage Only,0,0,0,0,0,0,6000,2,1,,POINT (-96.395312570711 42.533052785662)
2014778499,2014-413,01/02/2014,01-January,5-Thursday,16:46,1600 Hours,District 6 (East Central),DAVENPORT,SCOTT,,JERSEY RIDGE RD,Collision with:  Vehicle in traffic,On Roadway,Rear-end (front to rear),Followed too close,None Indicated,,Daylight,Snow,Snow,None apparent,Non-intersection:  Non-junction/no special feature,Paved,,Property Damage Only,0,0,0,0,0,0,7400,2,4,,POINT (-90.539489616552 41.582434231102)
2014777567,01-14-229,01/02/2014,01-January,5-Thursday,14:52,1400 Hours,District 6 (East Central),DUBUQUE,DUBUQUE,IA 32,IA 32/IA32 NW ARTERIAL,Collision with:  Vehicle in traffic,On Roadway,Rear-end (front to rear),Lost Control,None Indicated,,Daylight,Dry,Clear,None apparent,Non-intersection:  Non-junction/no special feature,Paved,,Property Damage Only,0,0,0,0,0,0,3300,2,2,,POINT (-90.739272736575 42.489025854698)
2014778118,,01/02/2014,01-January,5-Thursday,11:45,1100 Hours,District 4 (Southwest),WOODBINE,HARRISON,,10TH ST & NORMAL ST,Collision with:  Vehicle in traffic,On Roadway,Broadside (front to side),FTYROW:  At uncontrolled intersection,None Indicated,,Daylight,Snow,Clear,"Surface condition (e.g., wet, icy)",Intersection:  Four-way intersection,Paved,,Property Damage Only,0,0,0,0,0,0,3000,2,2,,POINT (-95.708161072129 41.742232589975)
2014778779,,01/02/2014,01-January,5-Thursday,17:05,1700 Hours,District 6 (East Central),CEDAR RAPIDS,LINN,I-380,I-380,Collision with:  Vehicle in traffic,On Roadway,Rear-end (front to rear),Unknown,None Indicated,,Dusk,Dry,Clear,,Non-intersection:  Other non-intersection (explain in narrative),Paved,,Property Damage Only,0,0,0,0,0,0,5000,2,2,,POINT (-91.670844718925 41.956781170696)
2014778217,01-14-026,01/02/2014,01-January,5-Thursday,19:15,1900 Hours,District 3 (Northwest),LE MARS,PLYMOUTH,,16TH ST SE & 1ST AVE SW & CENTRAL AVE,Collision with fixed object:  Other fixed object (explain in narrative),On Roadway,Non-collision (single vehicle),Driving too fast for conditions,None Indicated,,Dark - roadway lighted,Snow,Cloudy,Unknown,Non-intersection:  Non-junction/no special feature,Paved,,Property Damage Only,0,0,0,0,0,0,2000,1,1,,POINT (-96.16654385071 42.773312258044)
2014777566,01-14-204,01/02/2014,01-January,5-Thursday,12:53,1200 Hours,District 6 (East Central),DUBUQUE,DUBUQUE,,W 3RD ST & BURCH ST,Non-collision events:  Other non-collision (explain in narrative),Roadside,"Sideswipe, same direction",Made improper turn,None Indicated,,Daylight,Wet,Cloudy,None apparent,Intersection:  T-intersection,Paved,,Property Damage Only,0,0,0,0,0,0,1750,2,1,,POINT (-90.673347917523 42.494315670331)
2014778178,14-102,01/02/2014,01-January,5-Thursday,04:04,0400 Hours,District 1 (Central),,JASPER,I-80,I-80,Collision with fixed object:  Guardrail - face,On Roadway,Non-collision (single vehicle),Ran off road - left,None Indicated,,Dark - roadway not lighted,Ice/frost,Snow,"Surface condition (e.g., wet, icy)",Non-intersection:  Non-junction/no special feature,Paved,,Property Damage Only,0,0,0,0,0,0,10000,1,2,,POINT (-93.154723717139 41.684264467732)
2014777240,201400092,01/02/2014,01-January,5-Thursday,14:27,1400 Hours,District 6 (East Central),CEDAR RAPIDS,LINN,,WILSON AVE SW & EDGEWOOD RD SW,Collision with:  Vehicle in traffic,On Roadway,"Angle, oncoming left turn",FTYROW:  Making left turn,None Indicated,,Daylight,Dry,Clear,None apparent,Intersection:  Four-way intersection,Paved,,Minor Injury,0,1,0,1,0,0,9500,3,3,,POINT (-91.716267883224 41.956487540699)
2014776971,20140000127,01/02/2014,01-January,5-Thursday,09:20,0900 Hours,District 1 (Central),DES MOINES,POLK,IA 28,IA 28/63RD ST,Collision with fixed object:  Bridge overhead structure,On Roadway,Non-collision (single vehicle),Ran off road - right,None Indicated,,Daylight,Wet,Clear,None apparent,Non-intersection:  Other non-intersection (explain in narrative),Paved,,Possible/Unknown,0,1,0,0,1,0,2000,1,1,,POINT (-93.703534313241 41.563176388637)
2014776967,20140000108,01/02/2014,01-January,5-Thursday,07:45,0700 Hours,District 1 (Central),DES MOINES,POLK,,2ND AVE,Collision with:  Vehicle in traffic,On Roadway,"Sideswipe, opposite direction",Lost Control,None Indicated,,Daylight,Ice/frost,Clear,"Surface condition (e.g., wet, icy)",Non-intersection:  Other non-intersection (explain in narrative),Paved,,Minor Injury,0,2,0,1,1,0,6000,2,5,,POINT (-93.619823948721 41.612144149958)
2014801000,390114-0006,01/02/2014,01-January,5-Thursday,06:57,0600 Hours,District 4 (Southwest),,GUTHRIE,IA 141,IA 141/IOWA 141 & Co Rd P30/WOOD RD,Collision with:  Vehicle in traffic,On Roadway,Broadside (front to side),Ran Stop Sign,None Indicated,,Dawn,Wet,Clear,None apparent,Intersection:  Other intersection (explain in narrative),Paved,,Possible/Unknown,0,2,0,0,2,0,10500,2,2,,POINT (-94.309376202558 41.834510084973)
2014777523,14-00057,01/02/2014,01-January,5-Thursday,15:24,1500 Hours,District 3 (Northwest),SPENCER,CLAY,,W 14TH ST & 3RD AVE W,Collision with:  Vehicle in traffic,On Roadway,Broadside (front to side),FTYROW:  At uncontrolled intersection,None Indicated,,Daylight,Snow,Clear,"Surface condition (e.g., wet, icy)",Intersection:  Four-way intersection,Paved,,Property Damage Only,0,0,0,0,0,0,3500,2,2,,POINT (-95.149125720309 43.151645923702)
2014779902,14-166,01/02/2014,01-January,5-Thursday,06:00,0600 Hours,District 3 (Northwest),SIOUX CITY,WOODBURY,,COURT ST,Collision with:  Non-motorist (see non-motorist section - NOT a unit),On Roadway,Non-collision (single vehicle),Other (explain in narrative):  Vision obstructed,None Indicated,,Dark - roadway not lighted,Snow,Clear,Unknown,Non-intersection:  Non-junction/no special feature,Paved,,Possible/Unknown,0,1,0,0,1,0,250,1,1,,POINT (-96.396034259895 42.506846399606)
2014778316,,01/02/2014,01-January,5-Thursday,12:20,1200 Hours,District 2 (Northeast),CHARLES CITY,FLOYD,,6TH AVE,Collision with:  Vehicle in traffic,On Roadway,Broadside (front to side),FTYROW:  From driveway,None Indicated,,Daylight,Ice/frost,Clear,None apparent,Non-intersection:  Driveway access (within),Paved,,Property Damage Only,0,0,0,0,0,0,8000,2,2,,POINT (-92.671460879009 43.068328724248)
2014777388,14-0015,01/02/2014,01-January,5-Thursday,10:39,1000 Hours,District 1 (Central),FORT DODGE,WEBSTER,,5TH AVE S & S 29TH ST,Collision with:  Vehicle in traffic,Shoulder,Rear-end (front to rear),Followed too close,None Indicated,,Daylight,Ice/frost,Clear,"Surface condition (e.g., wet, icy)",Non-intersection:  Non-junction/no special feature,Paved,,Property Damage Only,0,0,0,0,0,0,3000,2,3,,POINT (-94.158217014844 42.501180058906)
2014777242,201400105,01/02/2014,01-January,5-Thursday,16:30,1600 Hours,District 6 (East Central),CEDAR RAPIDS,LINN,I-380,I-380,Collision with:  Vehicle in traffic,On Roadway,Broadside (front to side),Ran Traffic Signal,None Indicated,,Daylight,Wet,Clear,None apparent,Intersection:  Intersection with ramp,Paved,,Property Damage Only,0,0,0,0,0,0,11000,2,2,,POINT (-91.668671323945 41.890729167898)
2014777262,14-000031,01/02/2014,01-January,5-Thursday,22:00,2200 Hours,District 1 (Central),ANKENY,POLK,,E 1ST ST,Collision with:  Vehicle in traffic,On Roadway,Rear-end (front to rear),Other (explain in narrative):  Other,None Indicated,,Dark - roadway lighted,Dry,Clear,None apparent,Non-intersection:  Non-junction/no special feature,Paved,,Possible/Unknown,0,1,0,0,1,0,50,2,2,,POINT (-93.589421352321 41.731819626089)
2014776904,14-000109,01/02/2014,01-January,5-Thursday,09:29,0900 Hours,District 5 (Southeast),BURLINGTON,DES MOINES,,AGENCY ST & W ROOSEVELT FRONTAGE,Collision with:  Vehicle in traffic,On Roadway,Broadside (front to side),Unknown,None Indicated,,Daylight,Snow,Cloudy,"Surface condition (e.g., wet, icy)",Non-intersection:  Non-junction/no special feature,Paved,,Property Damage Only,0,0,0,0,0,0,7000,2,2,,POINT (-91.144135201484 40.814875453026)
2014778201,201400075,01/02/2014,01-January,5-Thursday,10:49,1000 Hours,District 6 (East Central),CEDAR RAPIDS,LINN,,DIAGONAL DR SW & 1ST ST SW,Collision with:  Vehicle in traffic,On Roadway,"Angle, oncoming left turn",FTYROW:  Making left turn,None Indicated,,Daylight,Wet,Cloudy,None apparent,Intersection:  Four-way intersection,Paved,,Property Damage Only,0,0,0,0,0,0,3000,2,2,,POINT (-91.669325900466 41.970624522111)
2014781374,2014010201,01/02/2014,01-January,5-Thursday,10:05,1000 Hours,District 4 (Southwest),SHENANDOAH,PAGE,,6TH AVE & MAPLE ST,Collision with:  Vehicle in traffic,On Roadway,Broadside (front to side),FTYROW:  From stop sign,None Indicated,,Daylight,Snow,Cloudy,None apparent,Intersection:  Four-way intersection,Paved,,Property Damage Only,0,0,0,0,0,0,1500,2,2,,POINT (-95.375069088499 40.763097909709)
2014777882,2014000455,01/02/2014,01-January,5-Thursday,17:15,1700 Hours,District 6 (East Central),NORTH LIBERTY,JOHNSON,I-380,I-380,Collision with:  Vehicle in traffic,On Roadway,Rear-end (front to rear),Followed too close,None Indicated,,Dark - roadway not lighted,Dry,Cloudy,None apparent,Non-intersection:  Non-junction/no special feature,Paved,,Property Damage Only,0,0,0,0,0,0,3500,2,2,,POINT (-91.642143656899 41.761263051419)
2014777631,14-080102-01,01/02/2014,01-January,5-Thursday,08:20,0800 Hours,District 6 (East Central),,IOWA,,Co Rd V52/H AVE,Collision with fixed object:  Ditch,Roadside,Non-collision (single vehicle),Swerving/Evasive Action,None Indicated,,Daylight,Snow,Clear,"Surface condition (e.g., wet, icy)",Non-intersection:  Non-junction/no special feature,Paved,,Minor Injury,0,1,0,1,0,0,3750,1,1,,POINT (-92.162502152722 41.699718511328)
2014777243,201400099,01/02/2014,01-January,5-Thursday,15:45,1500 Hours,District 6 (East Central),CEDAR RAPIDS,LINN,,8TH AVE SE & 8TH ST SE,Collision with:  Vehicle in traffic,On Roadway,Broadside (front to side),Ran Traffic Signal,None Indicated,,Daylight,Wet,Clear,None apparent,Intersection:  Four-way intersection,Paved,,Property Damage Only,0,0,0,0,0,0,3000,2,2,,POINT (-91.656008222857 41.976638776137)
2014778156,2014-01-AC,01/02/2014,01-January,5-Thursday,14:31,1400 Hours,District 3 (Northwest),,DICKINSON,,Co Rd A31/200TH ST & Co Rd N14/310TH AVE,Collision with:  Vehicle in traffic,On Roadway,Rear-end (front to rear),Swerving/Evasive Action,None Indicated,,Daylight,Snow,Clear,None apparent,Non-intersection:  Non-junction/no special feature,Paved,,Possible/Unknown,0,1,0,0,1,0,3000,2,4,,POINT (-94.973394551755 43.35648358045)
2014780232,2014000247,01/02/2014,01-January,5-Thursday,07:23,0700 Hours,District 6 (East Central),,CEDAR,I-80,I-80,Collision with fixed object:  Guardrail - face,Median,Non-collision (single vehicle),Ran off road - left,None Indicated,,Dawn,Ice/frost,"Blowing sand, soil, dirt","Surface condition (e.g., wet, icy)",Non-intersection:  Non-junction/no special feature,Paved,,Property Damage Only,0,0,0,0,0,0,4500,1,1,,POINT (-91.093954197217 41.644585418985)
2014777464,W14-000584,01/02/2014,01-January,5-Thursday,22:15,2200 Hours,District 2 (Northeast),WATERLOO,BLACK HAWK,US 218,US 218/SW RAMP & LA PORTE RD,Collision with fixed object:  Traffic sign support,On Roadway,Non-collision (single vehicle),Lost Control,Alcohol (Statutory),,Dark - roadway lighted,Wet,Clear,None apparent,Intersection:  Y-intersection,Paved,,Property Damage Only,0,0,0,0,0,0,3700,1,1,,POINT (-92.322829305881 42.479257551115)
2014781570,2014-0007,01/02/2014,01-January,5-Thursday,18:01,1800 Hours,District 1 (Central),JEFFERSON,GREENE,IA 4,IA 4/N AVE/S ELM ST & 250TH ST,Collision with:  Animal,On Roadway,Non-collision (single vehicle),Animal,None Indicated,,Dark - roadway not lighted,Dry,Clear,None apparent,Non-intersection:  Non-junction/no special feature,Paved,,Property Damage Only,0,0,0,0,0,0,2500,1,2,,POINT (-94.377273641148 41.99367166502)
2014777198,W14-000464,01/02/2014,01-January,5-Thursday,14:43,1400 Hours,District 2 (Northeast),WATERLOO,BLACK HAWK,,W CONGER ST,Collision with fixed object:  Tree,On Roadway,Non-collision (single vehicle),Ran off road - right,None Indicated,,Daylight,Snow,Clear,None apparent,Non-intersection:  Non-junction/no special feature,Paved,,Fatal,1,0,0,0,0,0,3500,1,1,,POINT (-92.361839761746 42.51227165275)
2014779065,201400000245,01/02/2014,01-January,5-Thursday,16:44,1600 Hours,District 5 (Southeast),OTTUMWA,WAPELLO,US 34,US 34,Collision with:  Vehicle in traffic,On Roadway,Rear-end (front to rear),Other (explain in narrative):  Other,None Indicated,,Dark - roadway not lighted,Dry,Cloudy,None apparent,Intersection:  Four-way intersection,Paved,,Possible/Unknown,0,1,0,0,1,0,1500,2,2,,POINT (-92.424391660209 41.015930060197)
2014777297,14-000182,01/02/2014,01-January,5-Thursday,16:43,1600 Hours,District 4 (Southwest),COUNCIL BLUFFS,POTTAWATTAMIE,I-29,I-29,Collision with:  Vehicle in traffic,On Roadway,Rear-end (front to rear),Followed too close,None Indicated,,Dusk,Dry,Clear,None apparent,Non-intersection:  Non-junction/no special feature,Paved,,Property Damage Only,0,0,0,0,0,0,5000,2,2,,POINT (-95.90003348212 41.237620937773)