Iowa DOT Case Number,Law Enforcement Case Number,Date of Crash,Month of Crash,Day of Week,Time of Crash,Hour,DOT District,City Name,County Name,Route with System,Location Description,First Harmful Event,Location of First Harmful Event,Manner of Crash/Collision,Major Cause,Drug or Alcohol ,Environmental Conditions,Light Conditions,Surface Conditions,Weather Conditions,Roadway Contribution,Roadway Type,Roadway Surface,Work Zone,Crash Severity,Number of Fatalities,Number of Injuries,Number of Major Injuries,Number of Minor Injuries,Number of Possible Injuries,Number of Unknown Injuries,Amount of Property Damage,Number of Vehicles Involved,Total Number of Occupants,Travel Direction,Location
2014778068,14-315,01/03/2014,01-January,6-Friday,22:07,2200 Hours,District 3 (Northwest),SIOUX CITY,WOODBURY,IA 376,IA 376/S LEWIS BLVD & LEECH AVE,Collision with:  Vehicle in traffic,On Roadway,Broadside (front to side),Ran Traffic Signal,None Indicated,,Dark - roadway lighted,Wet,Cloudy,None apparent,Intersection:  Four-way intersection,Paved,,Property Damage Only,0,0,0,0,0,0,15000,2,2,,POINT (-96.380338831538 42.487735177654)
2014777982,14-0036,01/03/2014,01-January,6-Friday,01:00,0100 Hours,District 6 (East Central),HIAWATHA,LINN,I-380,I-380,Non-collision events:  Overturn/rollover,On Roadway,Non-collision (single vehicle),Driving too fast for conditions,None Indicated,,Dark - roadway lighted,Other (explain in narrative),Clear,"Surface condition (e.g., wet, icy)",Non-intersection:  Non-junction/no special feature,Paved,,Minor Injury,0,2,0,2,0,0,20000,1,2,,POINT (-91.677343667041 42.039210897007)
2014777762,14-0024,01/03/2014,01-January,6-Friday,17:48,1700 Hours,District 1 (Central),URBANDALE,POLK,US 6,US 6/HICKMAN RD,Collision with:  Vehicle in traffic,On Roadway,Rear-end (front to rear),Followed too close,None Indicated,,Dark - roadway lighted,Wet,Clear,None apparent,Non-intersection:  Non-junction/no special feature,Paved,,Minor Injury,0,2,0,1,1,0,200,2,3,,POINT (-93.782976432828 41.614886683636)
2014777749,20140000226,01/03/2014,01-January,6-Friday,12:45,1200 Hours,District 1 (Central),DES MOINES,POLK,,GRAND AVE & 3RD ST,Collision with:  Vehicle in traffic,On Roadway,"Sideswipe, same direction",Other (explain in narrative):  Other,None Indicated,,Daylight,Wet,Cloudy,None apparent,Intersection:  Other intersection (explain in narrative),Paved,,Property Damage Only,0,0,0,0,0,0,4000,2,2,,POINT (-93.62149414568 41.588581219711)
2014777884,20140103,01/03/2014,01-January,6-Friday,16:00,1600 Hours,District 3 (Northwest),SAC CITY,SAC,,N 6TH ST,Collision with:  Parked motor vehicle,On Roadway,Head-on (front to front),Crossed centerline (undivided),None Indicated,,Dusk,Snow,Clear,"Surface condition (e.g., wet, icy)",Non-intersection:  Non-junction/no special feature,Paved,,Property Damage Only,0,0,0,0,0,0,2200,2,1,,POINT (-94.990716689067 42.422253601291)
2014778238,14-000276,01/03/2014,01-January,6-Friday,16:35,1600 Hours,District 4 (Southwest),COUNCIL BLUFFS,POTTAWATTAMIE,,W BROADWAY & S MAIN ST & N MAIN ST,Collision with:  Vehicle in traffic,On Roadway,"Angle, oncoming left turn",FTYROW:  Making left turn,None Indicated,,Daylight,Wet,Cloudy,None apparent,Intersection:  Four-way intersection,Paved,,Property Damage Only,0,0,0,0,0,0,3000,2,4,,POINT (-95.849716107642 41.260880839383)
2014779110,2014000717,01/03/2014,01-January,6-Friday,21:45,2100 Hours,District 2 (Northeast),,BLACK HAWK,IA 175,IA 175/W REINBECK RD,Collision with fixed object:  Utility pole/light support,Roadside,Non-collision (single vehicle),Ran off road - right,None Indicated,,Dark - roadway not lighted,Snow,Clear,"Surface condition (e.g., wet, icy)",Non-intersection:  Non-junction/no special feature,Paved,,Property Damage Only,0,0,0,0,0,0,5000,1,1,,POINT (-92.52180746981 42.32605066663)
2014778069,14-354,01/03/2014,01-January,6-Friday,15:50,1500 Hours,District 3 (Northwest),SIOUX CITY,WOODBURY,,46TH ST & FOX RIDGE TRL,Collision with:  Other non-fixed object (explain in narrative),Outside trafficway,Non-collision (single vehicle),Lost Control,None Indicated,,Daylight,Slush,Clear,None apparent,Intersection:  Other intersection (explain in narrative),Paved,,Property Damage Only,0,0,0,0,0,0,2500,1,1,,POINT (-96.39305490273 42.548454298457)
2014778113,,01/03/2014,01-January,6-Friday,07:35,0700 Hours,District 6 (East Central),CAMANCHE,CLINTON,,21ST ST,Collision with:  Animal,On Roadway,Non-collision (single vehicle),Animal,None Indicated,,Daylight,Snow,Cloudy,None apparent,Non-intersection:  Non-junction/no special feature,Paved,,Property Damage Only,0,0,0,0,0,0,2500,1,1,,POINT (-90.291397630924 41.801012562579)
2014777245,201400144,01/03/2014,01-January,6-Friday,14:51,1400 Hours,District 6 (East Central),CEDAR RAPIDS,LINN,IA 100,IA 100/COLLINS RD NE & CENTER POINT RD NE,Collision with:  Vehicle in traffic,On Roadway,Broadside (front to side),Ran Traffic Signal,None Indicated,,Daylight,Wet,Clear,None apparent,Intersection:  Four-way intersection,Paved,,Possible/Unknown,0,1,0,0,1,0,7000,2,4,,POINT (-91.668001161205 42.02837626603)
2014782963,01-14-319,01/03/2014,01-January,6-Friday,06:29,0600 Hours,District 6 (East Central),DUBUQUE,DUBUQUE,US 52,US 52/KERRIGAN RD,Collision with fixed object:  Concrete traffic barrier (median or right side),Median,Non-collision (single vehicle),Lost Control,None Indicated,,Dark - roadway not lighted,Dry,Cloudy,None apparent,Non-intersection:  Non-junction/no special feature,Paved,,Property Damage Only,0,0,0,0,0,0,3500,1,1,,POINT (-90.660106133968 42.488183541517)
2014777780,14-000243,01/03/2014,01-January,6-Friday,10:34,1000 Hours,District 4 (Southwest),COUNCIL BLUFFS,POTTAWATTAMIE,,COLLEGE RD,Non-collision events:  Overturn/rollover,On Roadway,Non-collision (single vehicle),Ran off road - right,None Indicated,,Daylight,Dry,Clear,None apparent,Non-intersection:  Non-junction/no special feature,Paved,,Possible/Unknown,0,1,0,0,1,0,7000,1,1,,POINT (-95.817167474184 41.272256003924)
2014787891,,01/03/2014,01-January,6-Friday,05:05,0500 Hours,District 5 (Southeast),,MUSCATINE,IA 22,IA 22/IOWA 22,Collision with fixed object:  Guardrail - face,Outside trafficway,Non-collision (single vehicle),Swerving/Evasive Action,None Indicated,,Dark - roadway not lighted,Ice/frost,Cloudy,"Surface condition (e.g., wet, icy)",Non-intersection:  Non-junction/no special feature,Paved,,Property Damage Only,0,0,0,0,0,0,8000,1,1,,POINT (-90.840270443489 41.459001518052)
2014778778,,01/03/2014,01-January,6-Friday,15:17,1500 Hours,District 2 (Northeast),NEW HAMPTON,CHICKASAW,IA 24,IA 24/N LINN AVE,Collision with:  Vehicle in traffic,On Roadway,"Sideswipe, same direction",Lost Control,None Indicated,,Daylight,Snow,Clear,None apparent,Non-intersection:  Non-junction/no special feature,Paved,,Property Damage Only,0,0,0,0,0,0,3000,2,3,,POINT (-92.317800675194 43.065425187616)
2014777652,2014000077,01/03/2014,01-January,6-Friday,08:00,0800 Hours,District 6 (East Central),IOWA CITY,JOHNSON,,WASHINGTON ST & S SCOTT BLVD & N SCOTT BLVD & SCOTT PARK DR,Collision with:  Vehicle in traffic,On Roadway,Rear-end (front to rear),Followed too close,None Indicated,,Daylight,Wet,Clear,None apparent,Non-intersection:  Non-junction/no special feature,Paved,,Property Damage Only,0,0,0,0,0,0,2500,2,2,,POINT (-91.481980549922 41.660264932851)
2014778257,2014-629,01/03/2014,01-January,6-Friday,17:21,1700 Hours,District 6 (East Central),DAVENPORT,SCOTT,I-80,I-80 & IA 130/NEW LIBERTY RD,Collision with:  Vehicle in traffic,On Roadway,"Angle, oncoming left turn",FTYROW:  Making left turn,None Indicated,,Dark - roadway lighted,Wet,Clear,None apparent,Intersection:  Four-way intersection,Paved,,Possible/Unknown,0,2,0,0,2,0,5150,2,3,,POINT (-90.617830845392 41.598747398221)
2014778312,,01/03/2014,01-January,6-Friday,23:35,2300 Hours,District 2 (Northeast),,KOSSUTH,,Co Rd B40/210 ST,Non-collision events:  Overturn/rollover,Gore,Non-collision (single vehicle),Driving too fast for conditions,None Indicated,,Dark - roadway not lighted,Ice/frost,Severe winds,"Surface condition (e.g., wet, icy)",Non-intersection:  Other non-intersection (explain in narrative),Paved,,Possible/Unknown,0,2,0,0,2,0,6000,1,2,,POINT (-94.070443472804 43.067404710158)
2014778780,,01/03/2014,01-January,6-Friday,00:20,0000 Hours,District 2 (Northeast),,HUMBOLDT,,270TH ST & NEVADA AVE,Collision with fixed object:  Tree,Roadside,Non-collision (single vehicle),Swerving/Evasive Action,None Indicated,,Dark - roadway not lighted,Ice/frost,Clear,"Surface condition (e.g., wet, icy)",Intersection:  Other intersection (explain in narrative),Unpaved,,Property Damage Only,0,0,0,0,0,0,3000,1,1,,POINT (-94.188274927175 42.659505715979)
2014777883,2014000476,01/03/2014,01-January,6-Friday,06:35,0600 Hours,District 6 (East Central),IOWA CITY,JOHNSON,I-80,I-80,Collision with:  Vehicle in traffic,On Roadway,"Sideswipe, same direction",FTYROW:  Other (explain in narrative),None Indicated,,Dark - roadway not lighted,Dry,Cloudy,None apparent,Non-intersection:  Non-junction/no special feature,Paved,,Possible/Unknown,0,1,0,0,1,0,2000,2,2,,POINT (-91.532058676114 41.687485699404)
2014777761,14-0022,01/03/2014,01-January,6-Friday,16:17,1600 Hours,District 1 (Central),URBANDALE,POLK,I-35,I-35 & IA 141/IOWA 141,Collision with:  Vehicle in traffic,On Roadway,Rear-end (front to rear),Followed too close,None Indicated,,Daylight,Dry,Clear,None apparent,Intersection:  T-intersection,Paved,,Property Damage Only,0,0,0,0,0,0,2000,2,2,,POINT (-93.775039364946 41.650680829306)
2014777427,01-14,01/03/2014,01-January,6-Friday,09:42,0900 Hours,District 3 (Northwest),ROCK VALLEY,SIOUX,,16TH ST & 19TH AVE,Collision with:  Vehicle in traffic,On Roadway,Broadside (front to side),FTYROW:  From yield sign,None Indicated,,Daylight,Snow,Cloudy,None apparent,Intersection:  Four-way intersection,Paved,,Property Damage Only,0,0,0,0,0,0,8000,2,2,,POINT (-96.290012124927 43.206290480843)
2014778498,2014-554,01/03/2014,01-January,6-Friday,09:27,0900 Hours,District 6 (East Central),DAVENPORT,SCOTT,,IA 461/WELCOME WAY,Collision with:  Vehicle in traffic,On Roadway,"Sideswipe, same direction",Other (explain in narrative):  No improper action,None Indicated,,Daylight,Dry,Clear,None apparent,Non-intersection:  Non-junction/no special feature,Paved,,Property Damage Only,0,0,0,0,0,0,2000,2,2,,POINT (-90.571627765874 41.572760599921)
2014778377,20140021,01/03/2014,01-January,6-Friday,09:45,0900 Hours,District 1 (Central),,GRUNDY,US 20,US 20/NE RAMP/NW RAMP & IA 14/N AVE,Collision with:  Vehicle in traffic,On Roadway,Rear-end (front to rear),Other (explain in narrative):  Other,None Indicated,,Daylight,Dry,Cloudy,None apparent,Intersection:  Intersection with ramp,Paved,,Property Damage Only,0,0,0,0,0,0,3000,2,2,,POINT (-92.768712485087 42.463679258243)
2014782675,14-00039,01/03/2014,01-January,6-Friday,05:59,0500 Hours,District 2 (Northeast),OELWEIN,FAYETTE,IA 150,IA 150/1ST AVE SE,Collision with fixed object:  Tree,On Roadway,Non-collision (single vehicle),Swerving/Evasive Action,None Indicated,,Dark - roadway lighted,Ice/frost,Snow,None apparent,Non-intersection:  Non-junction/no special feature,Paved,,Possible/Unknown,0,1,0,0,0,1,1500,1,1,,POINT (-91.911878957618 42.674585510452)
2014784929,2014-000036,01/03/2014,01-January,6-Friday,08:40,0800 Hours,District 6 (East Central),,BENTON,,Co Rd D58/51 ST & 18 AVE,Non-collision events:  Overturn/rollover,Roadside,Non-collision (single vehicle),Made improper turn,None Indicated,,Daylight,Ice/frost,Clear,"Surface condition (e.g., wet, icy)",Intersection:  Four-way intersection,Unpaved,,Property Damage Only,0,0,0,0,0,0,31000,1,1,,POINT (-92.142573813294 42.282774220539)
2014777618,00030,01/03/2014,01-January,6-Friday,17:39,1700 Hours,District 6 (East Central),DYERSVILLE,DUBUQUE,,2ND AVE NE,Collision with:  Vehicle in traffic,On Roadway,Rear-end (front to rear),Unknown,None Indicated,,Unknown,Snow,Unknown,None apparent,Non-intersection:  Non-junction/no special feature,Paved,,Property Damage Only,0,0,0,0,0,0,3000,2,2,,POINT (-91.120041016487 42.485550785353)
2014777679,14000183,01/03/2014,01-January,6-Friday,17:35,1700 Hours,District 6 (East Central),MARION,LINN,IA 100,IA 100/COLLINS RD SE & S 31ST ST,Collision with:  Vehicle in traffic,On Roadway,Broadside (front to side),FTYROW:  From yield sign,None Indicated,,Dark - roadway lighted,Snow,Cloudy,None apparent,Intersection:  T-intersection,Paved,,Minor Injury,0,1,0,1,0,0,31000,2,3,,POINT (-91.579117065935 42.017051979826)
2014836454,A14-002,01/03/2014,01-January,6-Friday,09:47,0900 Hours,District 4 (Southwest),LOGAN,HARRISON,,4TH AVE,Collision with:  Parked motor vehicle,On Roadway,"Sideswipe, same direction",Other (explain in narrative):  Other,None Indicated,,Daylight,Snow,Clear,None apparent,Non-intersection:  Non-junction/no special feature,Paved,,Property Damage Only,0,0,0,0,0,0,2000,2,2,,POINT (-95.786457824368 41.643284435419)
2014782795,20140000260,01/03/2014,01-January,6-Friday,18:34,1800 Hours,District 1 (Central),DES MOINES,POLK,,WALNUT ST & 5TH AVE,Collision with:  Non-motorist (see non-motorist section - NOT a unit),On Roadway,Non-collision (single vehicle),FTYROW:  To pedestrian,None Indicated,,Dark - roadway lighted,Wet,Cloudy,None apparent,Intersection:  Four-way intersection,Paved,,Possible/Unknown,0,1,0,0,1,0,300,1,1,,POINT (-93.623354634831 41.586175218924)
2014777764,14-0042,01/03/2014,01-January,6-Friday,12:22,1200 Hours,District 1 (Central),WEST DES MOINES,POLK,I-35,I-35 & UNIVERSITY AVE,Collision with:  Vehicle in traffic,On Roadway,Rear-end (front to rear),Swerving/Evasive Action,None Indicated,,Daylight,Slush,Clear,"Surface condition (e.g., wet, icy)",Intersection:  Intersection with ramp,Paved,,Possible/Unknown,0,1,0,0,1,0,3500,2,3,,POINT (-93.774941888642 41.600439556284)
2014777715,14-0013,01/03/2014,01-January,6-Friday,06:28,0600 Hours,District 1 (Central),CLIVE,POLK,US 6,US 6/HICKMAN RD,Collision with:  Vehicle in traffic,On Roadway,Rear-end (front to rear),Other (explain in narrative):  Other,None Indicated,,Dawn,Wet,Clear,None apparent,Intersection:  Four-way intersection,Paved,,Possible/Unknown,0,1,0,0,0,1,4100,2,2,,POINT (-93.784405156575 41.614921979293)
2014777200,W14-000611,01/03/2014,01-January,6-Friday,00:20,0000 Hours,District 2 (Northeast),WATERLOO,BLACK HAWK,US 20,US 20/SW RAMP,Non-collision events:  Overturn/rollover,On Roadway,Non-collision (single vehicle),Ran off road - right,None Indicated,,Dark - roadway not lighted,Ice/frost,Clear,"Surface condition (e.g., wet, icy)",Interchange-related:  On-ramp merge area,Paved,,Property Damage Only,0,0,0,0,0,0,3000,1,1,,POINT (-92.352503704892 42.453230930131)
2014777712,14-000044,01/03/2014,01-January,6-Friday,19:56,1900 Hours,District 1 (Central),ANKENY,POLK,,SE DELAWARE AVE,Collision with:  Vehicle in traffic,On Roadway,Rear-end (front to rear),Other (explain in narrative):  Other,None Indicated,,Dark - roadway lighted,Snow,Clear,"Surface condition (e.g., wet, icy)",Intersection:  Four-way intersection,Paved,,Property Damage Only,0,0,0,0,0,0,1700,2,2,,POINT (-93.581235277731 41.702741504206)
2014777732,20140000231,01/03/2014,01-January,6-Friday,13:45,1300 Hours,District 1 (Central),DES MOINES,POLK,US 6,US 6/E EUCLID AVE & DIXON ST,Collision with:  Vehicle in traffic,On Roadway,"Angle, oncoming left turn",FTYROW:  Making left turn,None Indicated,,Daylight,Wet,Clear,None apparent,Intersection:  Four-way intersection,Paved,,Property Damage Only,0,0,0,0,0,0,7500,2,2,,POINT (-93.590117280742 41.627765856421)
2014778673,14000105,01/03/2014,01-January,6-Friday,08:49,0800 Hours,District 6 (East Central),,DELAWARE,,197TH ST & 190TH ST,Collision with fixed object:  Ditch,Roadside,Non-collision (single vehicle),Driving too fast for conditions,None Indicated,,Unknown,Snow,Cloudy,None apparent,Intersection:  T-intersection,Unpaved,,Possible/Unknown,0,1,0,0,0,1,6000,1,1,,POINT (-91.266202949847 42.503669476975)
2014777645,C14000039,01/03/2014,01-January,6-Friday,17:47,1700 Hours,District 6 (East Central),CORALVILLE,JOHNSON,,COMMERCE DR,Collision with:  Vehicle in traffic,On Roadway,"Sideswipe, same direction",Crossed centerline (undivided),None Indicated,,Dark - roadway lighted,Ice/frost,Clear,"Surface condition (e.g., wet, icy)",Non-intersection:  Non-junction/no special feature,Paved,,Property Damage Only,0,0,0,0,0,0,4000,2,4,,POINT (-91.609161373573 41.69593852456)
2014777810,14000099,01/03/2014,01-January,6-Friday,18:31,1800 Hours,District 1 (Central),,TAMA,US 63,US 63,Collision with:  Animal,,,Animal,None Indicated,,,,,,,Paved,,Property Damage Only,0,0,0,0,0,0,7000,1,1,,POINT (-92.582953600793 41.918243100259)
2014777538,CL14000021,01/03/2014,01-January,6-Friday,17:34,1700 Hours,District 6 (East Central),CLINTON,CLINTON,,S BLUFF BLVD,Collision with:  Vehicle in traffic,On Roadway,Broadside (front to side),Driving too fast for conditions,None Indicated,,Dark - roadway not lighted,Slush,Cloudy,None apparent,Non-intersection:  Non-junction/no special feature,Paved,,Possible/Unknown,0,1,0,0,1,0,8000,2,2,,POINT (-90.221778393249 41.834795418902)
2014778647,14000768,01/03/2014,01-January,6-Friday,15:22,1500 Hours,District 2 (Northeast),CEDAR FALLS,BLACK HAWK,,10TH ST & DIVISION ST,Collision with:  Vehicle in traffic,On Roadway,Broadside (front to side),Other (explain in narrative):  Other,None Indicated,,Daylight,Ice/frost,Clear,"Surface condition (e.g., wet, icy)",Non-intersection:  Non-junction/no special feature,Paved,,Property Damage Only,0,0,0,0,0,0,5500,2,3,,POINT (-92.460533581101 42.529619602011)
2014777671,201400020,01/03/2014,01-January,6-Friday,12:05,1200 Hours,District 6 (East Central),CENTER POINT,LINN,,IOWA ST & SUMMIT ST,Collision with:  Vehicle in traffic,On Roadway,"Angle, oncoming left turn",FTYROW:  Making left turn,None Indicated,,Daylight,Snow,Cloudy,None apparent,Intersection:  Four-way intersection,Paved,,Property Damage Only,0,0,0,0,0,0,1500,2,4,,POINT (-91.78490231591 42.188949720166)
2014779783,1400000003,01/03/2014,01-January,6-Friday,22:45,2200 Hours,District 1 (Central),,MARSHALL,IA 14,IA 14/REED AVE & 250TH ST,Collision with:  Animal,,,Animal,None Indicated,,,,,,,Paved,,Property Damage Only,0,0,0,0,0,0,2000,1,1,,POINT (-92.912432295414 41.99250705235)
2014777653,2014000078,01/03/2014,01-January,6-Friday,08:12,0800 Hours,District 6 (East Central),IOWA CITY,JOHNSON,IA 1,IA 1/E BURLINGTON ST,Collision with:  Vehicle in traffic,On Roadway,"Sideswipe, same direction",FTYROW:  Making right turn on red signal,None Indicated,,Daylight,Dry,Clear,None apparent,Non-intersection:  Non-junction/no special feature,Paved,,Property Damage Only,0,0,0,0,0,0,4500,2,2,,POINT (-91.534809274327 41.65787030287)
2014798701,S14-A0301,01/03/2014,01-January,6-Friday,23:15,2300 Hours,District 5 (Southeast),OSCEOLA,CLARKE,I-35,I-35,Non-collision events:  Overturn/rollover,Outside trafficway,Non-collision (single vehicle),Ran off road - right,None Indicated,,Dark - roadway lighted,Wet,Severe winds,None apparent,Non-intersection:  Non-junction/no special feature,Paved,,Property Damage Only,0,0,0,0,0,0,42100,1,1,,POINT (-93.792734963789 41.039206252963)
2014777489,010314-86,01/03/2014,01-January,6-Friday,10:37,1000 Hours,District 3 (Northwest),STORM LAKE,BUENA VISTA,,W 5TH ST & E 5TH ST & LAKE AVE,Collision with:  Vehicle in traffic,On Roadway,Rear-end (front to rear),Other (explain in narrative):  Other,None Indicated,,Daylight,Ice/frost,Clear,None apparent,Intersection:  Four-way intersection,Paved,,Property Damage Only,0,0,0,0,0,0,3000,2,2,,POINT (-95.200870876022 42.644432529982)
2014777469,W14-000766,01/03/2014,01-January,6-Friday,14:55,1400 Hours,District 2 (Northeast),WATERLOO,BLACK HAWK,US 218,US 218 & W 9TH ST,Collision with:  Vehicle in traffic,On Roadway,Broadside (front to side),Ran Traffic Signal,None Indicated,,Daylight,Dry,Clear,None apparent,Intersection:  Four-way intersection,Paved,,Possible/Unknown,0,1,0,0,1,0,12000,2,3,,POINT (-92.33689384019 42.489606457277)
2014777792,14-160,01/03/2014,01-January,6-Friday,17:44,1700 Hours,District 6 (East Central),BETTENDORF,SCOTT,US 67,US 67/GRANT ST & 18TH ST,Collision with:  Vehicle in traffic,On Roadway,"Sideswipe, same direction",Improper or erratic lane changing,None Indicated,,Dark - roadway lighted,Wet,Cloudy,None apparent,Non-intersection:  Non-junction/no special feature,Paved,,Property Damage Only,0,0,0,0,0,0,2500,2,3,,POINT (-90.507259354296 41.526269558855)
2014777536,CL14000018,01/03/2014,01-January,6-Friday,11:31,1100 Hours,District 6 (East Central),CLINTON,CLINTON,IA 136,IA 136/IOWA 136,Collision with:  Vehicle in traffic,On Roadway,Head-on (front to front),Lost Control,None Indicated,,Daylight,Ice/frost,Clear,"Surface condition (e.g., wet, icy)",Non-intersection:  Other non-intersection (explain in narrative),Paved,,Possible/Unknown,0,2,0,0,2,0,10500,4,5,,POINT (-90.177057343147 41.865386189295)
2014777526,1401032771,01/03/2014,01-January,6-Friday,17:30,1700 Hours,District 6 (East Central),,CLINTON,US 67,US 67,Collision with:  Animal,,,Animal,None Indicated,,,,,,,Paved,,Property Damage Only,0,0,0,0,0,0,3000,1,1,,POINT (-90.19931851318 41.929961797912)
2014777680,14000184,01/03/2014,01-January,6-Friday,18:04,1800 Hours,District 6 (East Central),MARION,LINN,IA 100,IA 100/COLLINS RD SE,Collision with:  Animal,On Roadway,Non-collision (single vehicle),Animal,None Indicated,,Dark - roadway not lighted,Dry,Clear,None apparent,Non-intersection:  Non-junction/no special feature,Paved,,Property Damage Only,0,0,0,0,0,0,3500,1,1,,POINT (-91.565521532334 42.02010711962)
2014777743,20140000262,01/03/2014,01-January,6-Friday,18:30,1800 Hours,District 1 (Central),DES MOINES,POLK,,50TH ST,Collision with:  Parked motor vehicle,On Roadway,Rear-end (front to rear),Lost Control,None Indicated,,Dark - roadway lighted,Ice/frost,Clear,None apparent,Non-intersection:  Non-junction/no special feature,Paved,,Property Damage Only,0,0,0,0,0,0,2500,2,2,,POINT (-93.68776051752 41.630699897183)
2014777942,14000062,01/03/2014,01-January,6-Friday,01:00,0100 Hours,District 2 (Northeast),,FAYETTE,,J AVE,Non-collision events:  Overturn/rollover,On Roadway,Non-collision (single vehicle),Over correcting/over steering,None Indicated,,Dark - roadway not lighted,Snow,Clear,"Surface condition (e.g., wet, icy)",Non-intersection:  Non-junction/no special feature,Unpaved,,Property Damage Only,0,0,0,0,0,0,4500,1,1,,POINT (-91.785085234147 42.703577973135)
2014777549,2014-0025,01/03/2014,01-January,6-Friday,19:15,1900 Hours,District 4 (Southwest),WAUKEE,DALLAS,US 6,US 6/HICKMAN AVE,Collision with fixed object:  Traffic sign support,On Roadway,Non-collision (single vehicle),Ran off road - right,None Indicated,,Dark - roadway not lighted,Ice/frost,Cloudy,None apparent,Non-intersection:  Non-junction/no special feature,Paved,,Property Damage Only,0,0,0,0,0,0,4700,1,3,,POINT (-93.894925145863 41.615006415782)
2014777569,01-14-394,01/03/2014,01-January,6-Friday,14:20,1400 Hours,District 6 (East Central),DUBUQUE,DUBUQUE,,SEIPPEL RD,Collision with fixed object:  Tree,On Roadway,Non-collision (single vehicle),Driving too fast for conditions,None Indicated,,Daylight,Snow,Other (explain in narrative),"Surface condition (e.g., wet, icy)",Non-intersection:  Non-junction/no special feature,Paved,,Property Damage Only,0,0,0,0,0,0,1500,1,4,,POINT (-90.775132223279 42.475931809273)
2014778598,2014000729,01/03/2014,01-January,6-Friday,23:23,2300 Hours,District 6 (East Central),,SCOTT,I-80,I-80,Non-collision events:  Jackknife,On Roadway,Non-collision (single vehicle),Swerving/Evasive Action,None Indicated,,Dark - roadway not lighted,Ice/frost,Cloudy,"Surface condition (e.g., wet, icy)",Non-intersection:  Non-junction/no special feature,Paved,,Property Damage Only,0,0,0,0,0,0,40000,1,1,,POINT (-90.693099650075 41.603723633311)
2014777579,02-14-172,01/03/2014,01-January,6-Friday,22:30,2200 Hours,District 6 (East Central),,DUBUQUE,US 61,US 61,Collision with fixed object:  Ditch,On Roadway,Non-collision (single vehicle),Driving too fast for conditions,None Indicated,,Dark - roadway not lighted,Snow,"Blowing sand, soil, dirt","Surface condition (e.g., wet, icy)",Non-intersection:  Non-junction/no special feature,Paved,,Possible/Unknown,0,1,0,0,1,0,4000,1,1,,POINT (-90.694791263163 42.351654446664)
2014777465,W14-000688,01/03/2014,01-January,6-Friday,08:41,0800 Hours,District 2 (Northeast),WATERLOO,BLACK HAWK,,E MITCHELL AVE & LA PORTE RD,Collision with:  Vehicle in traffic,On Roadway,Broadside (front to side),Unknown,None Indicated,,Daylight,Ice/frost,Clear,None apparent,Intersection:  Four-way intersection,Paved,,Property Damage Only,0,0,0,0,0,0,10500,2,2,,POINT (-92.322736395714 42.476591268892)
2014780022,14-00257,01/03/2014,01-January,6-Friday,22:31,2200 Hours,District 5 (Southeast),,LEE,IA 2,IA 2/IOWA 2 & 234 AVE,Collision with:  Animal,,,Animal,None Indicated,,,,,,,Paved,,Property Damage Only,0,0,0,0,0,0,2000,1,1,,POINT (-91.461771174444 40.631304854565)
2014777535,CL14000017,01/03/2014,01-January,6-Friday,11:29,1100 Hours,District 6 (East Central),CLINTON,CLINTON,IA 136,IA 136/IOWA 136,Collision with:  Vehicle in traffic,On Roadway,Rear-end (front to rear),Swerving/Evasive Action,None Indicated,,Daylight,Wet,Cloudy,None apparent,Non-intersection:  Other non-intersection (explain in narrative),Paved,,Property Damage Only,0,0,0,0,0,0,7000,2,3,,POINT (-90.179033178946 41.865659918784)
2014777739,20140000251,01/03/2014,01-January,6-Friday,16:54,1600 Hours,District 1 (Central),DES MOINES,POLK,,HEROLD AVE,Collision with:  Vehicle in traffic,On Roadway,Head-on (front to front),Made improper turn,None Indicated,,Daylight,Slush,Cloudy,None apparent,Non-intersection:  Non-junction/no special feature,Paved,,Possible/Unknown,0,1,0,0,1,0,10000,2,2,,POINT (-93.627870007489 41.542032952467)
2014777997,14-000053,01/03/2014,01-January,6-Friday,22:40,2200 Hours,District 3 (Northwest),,LYON,,Co Rd K30/ELMWOOD AVE,Non-collision events:  Overturn/rollover,Shoulder,Non-collision (single vehicle),Ran off road - left,None Indicated,,Dark - roadway not lighted,Ice/frost,Rain,"Surface condition (e.g., wet, icy)",Non-intersection:  Non-junction/no special feature,Paved,,Minor Injury,0,1,0,1,0,0,5000,1,1,,POINT (-96.295712865857 43.26612744138)
2014778055,S14-82,01/03/2014,01-January,6-Friday,18:20,1800 Hours,District 3 (Northwest),SIOUX CITY,WOODBURY,,MILITARY RD,Collision with:  Vehicle in traffic,Outside trafficway,"Sideswipe, same direction",Ran off road - right,None Indicated,,Dark - roadway lighted,Slush,Clear,"Surface condition (e.g., wet, icy)",Non-intersection:  Non-junction/no special feature,Paved,,Property Damage Only,0,0,0,0,0,0,3600,2,3,,POINT (-96.466227401742 42.520437109267)
2014810447,14-003-AC-F,01/03/2014,01-January,6-Friday,13:00,1300 Hours,District 3 (Northwest),MILFORD,DICKINSON,US 71,US 71/OKOBOJI AVE & 13TH ST,Collision with:  Vehicle in traffic,On Roadway,"Angle, oncoming left turn",FTYROW:  Making left turn,None Indicated,,Daylight,Wet,Clear,None apparent,Intersection:  Four-way intersection,Paved,,Possible/Unknown,0,1,0,0,1,0,10000,2,3,,POINT (-95.149993312267 43.327943064146)