Iowa DOT Case Number,Law Enforcement Case Number,Date of Crash,Month of Crash,Day of Week,Time of Crash,Hour,DOT District,City Name,County Name,Route with System,Location Description,First Harmful Event,Location of First Harmful Event,Manner of Crash/Collision,Major Cause,Drug or Alcohol ,Environmental Conditions,Light Conditions,Surface Conditions,Weather Conditions,Roadway Contribution,Roadway Type,Roadway Surface,Work Zone,Crash Severity,Number of Fatalities,Number of Injuries,Number of Major Injuries,Number of Minor Injuries,Number of Possible Injuries,Number of Unknown Injuries,Amount of Property Damage,Number of Vehicles Involved,Total Number of Occupants,Travel Direction,Location
2014778063,14-277,01/03/2014,01-January,6-Friday,15:30,1500 Hours,District 3 (Northwest),SIOUX CITY,WOODBURY,,WESLEY PKWY,Collision with:  Vehicle in traffic,On Roadway,Broadside (front to side),Ran Traffic Signal,None Indicated,,Daylight,Wet,Clear,None apparent,Intersection:  T-intersection,Paved,,Property Damage Only,0,0,0,0,0,0,2200,2,2,,POINT (-96.411381160675 42.493666757245)
2014777426,010313-106,01/03/2014,01-January,6-Friday,10:15,1000 Hours,District 3 (Northwest),SIOUX RAPIDS,BUENA VISTA,US 71,US 71,Collision with:  Animal,On Roadway,Non-collision (single vehicle),Animal,None Indicated,,Daylight,Ice/frost,"Blowing sand, soil, dirt","Surface condition (e.g., wet, icy)",Non-intersection:  Non-junction/no special feature,Paved,,Property Damage Only,0,0,0,0,0,0,2000,1,1,,POINT (-95.153254071187 42.884392411111)
2014778003,SO14000020,01/03/2014,01-January,6-Friday,23:30,2300 Hours,District 3 (Northwest),,PLYMOUTH,,Co Rd C66/POLK AVE,Non-collision events:  Overturn/rollover,On Roadway,Non-collision (single vehicle),Ran off road - right,None Indicated,,Dark - roadway not lighted,Ice/frost,Cloudy,"Surface condition (e.g., wet, icy)",Non-intersection:  Non-junction/no special feature,Paved,,Property Damage Only,0,0,0,0,0,0,5000,1,1,,POINT (-96.007417588958 42.612759286373)
2014777512,14000144,01/03/2014,01-January,6-Friday,19:15,1900 Hours,District 2 (Northeast),MASON CITY,CERRO GORDO,,W STATE ST,Collision with:  Vehicle in traffic,On Roadway,"Sideswipe, opposite direction",Improper Backing,None Indicated,,Dark - roadway lighted,Snow,Cloudy,None apparent,Non-intersection:  Non-junction/no special feature,Paved,,Property Damage Only,0,0,0,0,0,0,2700,2,1,,POINT (-93.21943938154 43.151975412829)
2014778065,14-283,01/03/2014,01-January,6-Friday,15:59,1500 Hours,District 3 (Northwest),SIOUX CITY,WOODBURY,US 20,US 20 & MORNINGSIDE AVE,Collision with:  Vehicle in traffic,On Roadway,Rear-end (front to rear),Followed too close,None Indicated,,Daylight,Wet,Clear,None apparent,Non-intersection:  Other non-intersection (explain in narrative),Paved,,Property Damage Only,0,0,0,0,0,0,4000,2,5,,POINT (-96.327363919818 42.459923243946)
2014780686,02-14-160,01/03/2014,01-January,6-Friday,19:37,1900 Hours,District 6 (East Central),,DUBUQUE,US 20,US 20,Non-collision events:  Other non-collision (explain in narrative),On Roadway,Non-collision (single vehicle),Ran off road - right,None Indicated,,Dark - roadway not lighted,Ice/frost,Severe winds,"Surface condition (e.g., wet, icy)",Non-intersection:  Non-junction/no special feature,Paved,,Property Damage Only,0,0,0,0,0,0,4000,1,1,,POINT (-90.781329305345 42.444110076258)
2014777487,010314-123,01/03/2014,01-January,6-Friday,14:15,1400 Hours,District 3 (Northwest),STORM LAKE,BUENA VISTA,,LAKE AVE,Collision with:  Vehicle in traffic,On Roadway,Rear-end (front to rear),Driving too fast for conditions,None Indicated,,Daylight,Slush,Clear,"Surface condition (e.g., wet, icy)",Non-intersection:  Non-junction/no special feature,Paved,,Property Damage Only,0,0,0,0,0,0,4500,2,2,,POINT (-95.200841345771 42.645324602397)
2014777767,14-0053,01/03/2014,01-January,6-Friday,16:46,1600 Hours,District 1 (Central),WEST DES MOINES,POLK,I-235,I-235,Collision with:  Vehicle in traffic,On Roadway,"Sideswipe, same direction",FTYROW:  Other (explain in narrative),None Indicated,,Dusk,Dry,Clear,None apparent,Non-intersection:  Non-junction/no special feature,Paved,,Possible/Unknown,0,1,0,0,1,0,2000,3,5,,POINT (-93.758490704852 41.592289665125)
2014778929,14005,01/03/2014,01-January,6-Friday,21:11,2100 Hours,District 5 (Southeast),PELLA,MARION,,FRANKLIN ST & W 3RD ST,Collision with:  Vehicle in traffic,On Roadway,Rear-end (front to rear),Other (explain in narrative):  Other,None Indicated,,Dark - roadway lighted,Snow,Clear,"Surface condition (e.g., wet, icy)",Non-intersection:  Non-junction/no special feature,Paved,,Property Damage Only,0,0,0,0,0,0,2000,2,3,,POINT (-92.923524596468 41.406717652263)
2014777961,2014000091,01/03/2014,01-January,6-Friday,15:44,1500 Hours,District 6 (East Central),IOWA CITY,JOHNSON,,WAYNE ST & DOVER ST,Collision with:  Vehicle in traffic,On Roadway,Broadside (front to side),FTYROW:  From stop sign,None Indicated,,Daylight,Snow,Cloudy,None apparent,Intersection:  Four-way intersection,Paved,,Minor Injury,0,1,0,1,0,0,9000,2,3,,POINT (-91.493940093691 41.647506481193)
2014777917,14-066,01/03/2014,01-January,6-Friday,11:11,1100 Hours,District 3 (Northwest),CARROLL,CARROLL,US 30,US 30/6TH ST,Collision with:  Vehicle in traffic,On Roadway,Rear-end (front to rear),Lost Control,None Indicated,,Daylight,Wet,Cloudy,"Surface condition (e.g., wet, icy)",Intersection:  Four-way intersection,Paved,,Possible/Unknown,0,1,0,0,1,0,4500,2,2,,POINT (-94.868807916278 42.066019313616)
2014777214,14-00165,01/03/2014,01-January,6-Friday,00:03,0000 Hours,District 5 (Southeast),BURLINGTON,DES MOINES,,BROADWAY AVE & MT PLEASANT ST & S BROADWAY ST,Non-collision events:  Other non-collision (explain in narrative),Outside trafficway,Non-collision (single vehicle),Other (explain in narrative):  Other,None Indicated,,Dark - roadway not lighted,Snow,Clear,None apparent,Non-intersection:  Non-junction/no special feature,Paved,,Property Damage Only,0,0,0,0,0,0,2000,1,2,,POINT (-91.15657219127 40.826019417221)
2014778255,2014-649,01/03/2014,01-January,6-Friday,20:25,2000 Hours,District 6 (East Central),DAVENPORT,SCOTT,,E 53RD ST & EASTERN AVE,Collision with:  Vehicle in traffic,On Roadway,"Angle, oncoming left turn",FTYROW:  Making left turn,None Indicated,,Dark - roadway lighted,Wet,Severe winds,None apparent,Intersection:  Four-way intersection,Paved,,Possible/Unknown,0,1,0,0,1,0,5000,2,5,,POINT (-90.551320806069 41.574716355054)
2014778067,14-297,01/03/2014,01-January,6-Friday,18:13,1800 Hours,District 3 (Northwest),SIOUX CITY,WOODBURY,,SOUTHERN HILLS DR & S LANCELOT LN,Collision with:  Vehicle in traffic,On Roadway,"Angle, oncoming left turn",FTYROW:  Making left turn,None Indicated,,Dark - roadway lighted,Wet,Clear,None apparent,Intersection:  Four-way intersection,Paved,,Property Damage Only,0,0,0,0,0,0,2000,2,3,,POINT (-96.350429271193 42.440710186342)
2014777735,20140000240,01/03/2014,01-January,6-Friday,14:55,1400 Hours,District 1 (Central),DES MOINES,POLK,,CROCKER ST & 2ND AVE,Collision with fixed object:  Curb/island/raised median,On Roadway,Non-collision (single vehicle),FTYROW:  Other (explain in narrative),None Indicated,,Daylight,Dry,Cloudy,None apparent,Intersection:  T-intersection,Paved,,Property Damage Only,0,0,0,0,0,0,1500,2,4,,POINT (-93.620328315675 41.593379371425)
2014826423,2014-0064,01/03/2014,01-January,6-Friday,17:19,1700 Hours,District 6 (East Central),LE CLAIRE,SCOTT,US 67,US 67/CODY RD,Collision with:  Vehicle in traffic,On Roadway,"Sideswipe, same direction",FTYROW:  From parked position,None Indicated,,Dusk,Slush,Cloudy,None apparent,Non-intersection:  Non-junction/no special feature,Paved,,Property Damage Only,0,0,0,0,0,0,3000,2,4,,POINT (-90.343655544597 41.59824754195)
2014778039,14-137,01/03/2014,01-January,6-Friday,23:00,2300 Hours,District 3 (Northwest),,SIOUX,US 75,US 75,Collision with fixed object:  Ditch,Roadside,Non-collision (single vehicle),Swerving/Evasive Action,None Indicated,,Dark - roadway not lighted,Ice/frost,"Sleet, hail","Surface condition (e.g., wet, icy)",Non-intersection:  Non-junction/no special feature,Paved,,Property Damage Only,0,0,0,0,0,0,3200,1,1,,POINT (-96.177333301541 43.217564207256)
2014777704,14-56,01/03/2014,01-January,6-Friday,18:18,1800 Hours,District 1 (Central),GRIMES,POLK,IA 141,IA 141/IOWA 141,Collision with:  Other non-fixed object (explain in narrative),On Roadway,Rear-end (front to rear),Followed too close,None Indicated,,Dark - roadway lighted,Wet,Cloudy,None apparent,Non-intersection:  Non-junction/no special feature,Paved,,Property Damage Only,0,0,0,0,0,0,5235,2,2,,POINT (-93.775064426663 41.656778477631)
2014777348,14-090,01/03/2014,01-January,6-Friday,06:33,0600 Hours,District 3 (Northwest),,SIOUX,IA 60,IA 60/IOWA 60,Collision with:  Animal,,,Animal,None Indicated,,,,,,,Paved,,Property Damage Only,0,0,0,0,0,0,5000,1,1,,POINT (-95.879355397033 43.144323705559)
2014779476,2014-00160,01/03/2014,01-January,6-Friday,15:04,1500 Hours,District 5 (Southeast),INDIANOLA,WARREN,US 65,US 65/N JEFFERSON WAY & E GIRARD AVE,Collision with:  Vehicle in traffic,On Roadway,Rear-end (front to rear),Other (explain in narrative):  Other,None Indicated,,Daylight,Wet,Clear,None apparent,Non-intersection:  Non-junction/no special feature,Paved,,Property Damage Only,0,0,0,0,0,0,5500,3,5,,POINT (-93.55838025464 41.367394220056)
2014777488,010314-73,01/03/2014,01-January,6-Friday,08:10,0800 Hours,District 3 (Northwest),STORM LAKE,BUENA VISTA,,LAKE AVE & 590TH ST & 105TH AVE,Collision with:  Vehicle in traffic,On Roadway,Broadside (front to side),Ran Traffic Signal,None Indicated,,Daylight,Dry,Cloudy,None apparent,Intersection:  Four-way intersection,Paved,,Property Damage Only,0,0,0,0,0,0,5500,2,3,,POINT (-95.20074337106 42.661913848771)
2014777765,14-0051,01/03/2014,01-January,6-Friday,15:43,1500 Hours,District 4 (Southwest),WEST DES MOINES,DALLAS,,MILLS CIVIC PKWY,Collision with:  Vehicle in traffic,On Roadway,"Sideswipe, same direction",Driving too fast for conditions,None Indicated,,Daylight,Slush,Clear,"Surface condition (e.g., wet, icy)",Non-intersection:  Non-junction/no special feature,Paved,,Property Damage Only,0,0,0,0,0,0,13000,2,2,,POINT (-93.80875796414 41.561070269672)
2014777781,14-000258,01/03/2014,01-January,6-Friday,10:45,1000 Hours,District 4 (Southwest),COUNCIL BLUFFS,POTTAWATTAMIE,US 6,US 6/KANESVILLE BLVD & RAILROAD HWY & RAILROAD AVE,Collision with:  Vehicle in traffic,On Roadway,Rear-end (front to rear),Other (explain in narrative):  Other,None Indicated,,Daylight,Dry,Clear,None apparent,Intersection:  Four-way intersection,Paved,,Minor Injury,0,1,0,1,0,0,800,2,2,,POINT (-95.807733929506 41.279430560133)
2014777734,20140000239,01/03/2014,01-January,6-Friday,13:50,1300 Hours,District 1 (Central),DES MOINES,POLK,,BROOK VIEW AVE & STREAMSIDE CIR,Collision with:  Vehicle in traffic,On Roadway,Broadside (front to side),Lost Control,None Indicated,,Daylight,Ice/frost,Clear,"Surface condition (e.g., wet, icy)",Intersection:  T-intersection,Paved,,Property Damage Only,0,0,0,0,0,0,2500,2,2,,POINT (-93.513426514897 41.622828719742)
2014778245,14-174,01/03/2014,01-January,6-Friday,21:46,2100 Hours,District 6 (East Central),BETTENDORF,SCOTT,,MAPLECREST RD & STAFFORD BLVD,Collision with fixed object:  Utility pole/light support,On Roadway,Non-collision (single vehicle),Ran off road - left,None Indicated,,Dark - roadway lighted,Wet,Clear,None apparent,Non-intersection:  Non-junction/no special feature,Paved,,Possible/Unknown,0,1,0,0,1,0,12700,1,1,,POINT (-90.49192944825 41.55482837476)
2014777533,CL14000015,01/03/2014,01-January,6-Friday,07:32,0700 Hours,District 6 (East Central),CLINTON,CLINTON,,2ND AVE S & MILL CREEK PKWY,Non-collision events:  Overturn/rollover,On Roadway,Non-collision (single vehicle),Ran off road - left,None Indicated,,Daylight,Snow,Cloudy,None apparent,Non-intersection:  Non-junction/no special feature,Paved,,Property Damage Only,0,0,0,0,0,0,1500,1,1,,POINT (-90.236363587458 41.844531532535)
2014777907,14V01013,01/03/2014,01-January,6-Friday,15:36,1500 Hours,District 6 (East Central),VINTON,BENTON,,E 5TH ST & S 7TH AVE,Collision with:  Vehicle in traffic,On Roadway,"Angle, oncoming left turn",Driving too fast for conditions,None Indicated,,Daylight,Snow,Cloudy,"Surface condition (e.g., wet, icy)",Intersection:  Four-way intersection,Paved,,Property Damage Only,0,0,0,0,0,0,6000,2,1,,POINT (-92.016702207408 42.166619948548)
2014778162,01-14-311,01/03/2014,01-January,6-Friday,02:15,0200 Hours,District 6 (East Central),DUBUQUE,DUBUQUE,,W 5TH ST & WINONA ST,Collision with:  Vehicle in traffic,On Roadway,Head-on (front to front),Crossed centerline (undivided),None Indicated,,Dark - roadway lighted,Ice/frost,Cloudy,None apparent,Non-intersection:  Non-junction/no special feature,Paved,,Property Damage Only,0,0,0,0,0,0,3500,2,2,,POINT (-90.676404032854 42.496565974816)
2014777467,W14-000721,01/03/2014,01-January,6-Friday,11:29,1100 Hours,District 2 (Northeast),WATERLOO,BLACK HAWK,,W MULLAN AVE & NORIMER ST,Collision with:  Vehicle in traffic,On Roadway,"Angle, oncoming left turn",FTYROW:  Making left turn,None Indicated,,Daylight,Snow,Clear,"Surface condition (e.g., wet, icy)",Intersection:  T-intersection,Paved,,Property Damage Only,0,0,0,0,0,0,3000,2,3,,POINT (-92.356363154432 42.493175693341)
2014777885,14-000027,01/03/2014,01-January,6-Friday,12:56,1200 Hours,District 2 (Northeast),ALGONA,KOSSUTH,US 169,US 169/N JONES ST & E MAPLE PL,Non-collision events:  Other non-collision (explain in narrative),Shoulder,Non-collision (single vehicle),Driving too fast for conditions,None Indicated,,Daylight,Ice/frost,Clear,"Surface condition (e.g., wet, icy)",Non-intersection:  Non-junction/no special feature,Paved,,Property Damage Only,0,0,0,0,0,0,2500,1,3,,POINT (-94.233825731296 43.075142678482)
2014777678,14000178,01/03/2014,01-January,6-Friday,16:36,1600 Hours,District 6 (East Central),MARION,LINN,,7TH AVE,Collision with:  Vehicle in traffic,On Roadway,Rear-end (front to rear),Other (explain in narrative):  Other,None Indicated,,Daylight,Dry,Cloudy,None apparent,Non-intersection:  Non-junction/no special feature,Paved,,Property Damage Only,0,0,0,0,0,0,2400,2,3,,POINT (-91.600995272596 42.033316032363)
2014778624,2014000689,01/03/2014,01-January,6-Friday,07:30,0700 Hours,District 6 (East Central),,JACKSON,US 61,US 61,Non-collision events:  Overturn/rollover,On Roadway,Non-collision (single vehicle),Other (explain in narrative):  No improper action,None Indicated,,Dark - roadway not lighted,Ice/frost,Cloudy,"Surface condition (e.g., wet, icy)",Non-intersection:  Non-junction/no special feature,Paved,,Property Damage Only,0,0,0,0,0,0,10000,1,3,,POINT (-90.679221475584 42.290409249836)
2014778847,010314-193,01/03/2014,01-January,6-Friday,20:55,2000 Hours,District 3 (Northwest),,BUENA VISTA,,Co Rd N14/230TH AVE & 620TH ST,Collision with:  Vehicle in traffic,On Roadway,Broadside (front to side),FTYROW:  At uncontrolled intersection,None Indicated,,Dark - roadway not lighted,"Mud, dirt",Clear,None apparent,Intersection:  Four-way intersection,Unpaved,,Possible/Unknown,0,1,0,0,1,0,29000,2,2,,POINT (-94.954615776267 42.618598117935)
2014777537,CL14000020,01/03/2014,01-January,6-Friday,17:31,1700 Hours,District 6 (East Central),CLINTON,CLINTON,,MANUFACTURING DR & S 19TH ST,Collision with:  Vehicle in traffic,On Roadway,Rear-end (front to rear),Followed too close,None Indicated,,Dark - roadway lighted,Snow,Cloudy,None apparent,Non-intersection:  Non-junction/no special feature,Paved,,Possible/Unknown,0,2,0,0,2,0,3000,2,4,,POINT (-90.23079510515 41.829555835295)
2014777725,20140000264,01/03/2014,01-January,6-Friday,19:45,1900 Hours,District 1 (Central),DES MOINES,POLK,,2ND AVE,Collision with:  Vehicle in traffic,On Roadway,"Sideswipe, same direction",Made improper turn,None Indicated,,Dark - roadway lighted,Wet,Cloudy,None apparent,Non-intersection:  Non-junction/no special feature,Paved,,Possible/Unknown,0,1,0,0,1,0,10000,2,3,,POINT (-93.62029372582 41.591019659731)
2014778189,K14-000255,01/03/2014,01-January,6-Friday,21:42,2100 Hours,District 5 (Southeast),KEOKUK,LEE,,JOHNSON ST RD & MC KINLEY AVE,Collision with:  Vehicle in traffic,On Roadway,"Sideswipe, same direction",FTYROW:  From stop sign,None Indicated,,Dark - roadway lighted,Slush,Snow,"Surface condition (e.g., wet, icy)",Intersection:  Four-way intersection,Paved,,Property Damage Only,0,0,0,0,0,0,1500,2,2,,POINT (-91.403038088612 40.410620481468)
2014779463,14-184,01/03/2014,01-January,6-Friday,23:15,2300 Hours,District 6 (East Central),DAVENPORT,SCOTT,I-80,I-80,Collision with fixed object:  Guardrail - face,Median,Non-collision (single vehicle),Ran off road - left,None Indicated,,Dark - roadway not lighted,Ice/frost,"Blowing sand, soil, dirt",None apparent,Non-intersection:  Non-junction/no special feature,Paved,,Property Damage Only,0,0,0,0,0,0,2500,1,2,,POINT (-90.786854004642 41.617330061052)
2014777632,14-140203-01,01/03/2014,01-January,6-Friday,08:54,0800 Hours,District 6 (East Central),,IOWA,,Co Rd F12/110TH ST & Co Rd W22/U AVE,Collision with:  Vehicle in traffic,On Roadway,Broadside (front to side),Ran Stop Sign,None Indicated,,Daylight,Snow,Cloudy,None apparent,Intersection:  Four-way intersection,Unpaved,,Property Damage Only,0,0,0,0,0,0,5000,2,2,,POINT (-91.908479521276 41.846973848942)
2014786996,,01/03/2014,01-January,6-Friday,13:16,1300 Hours,District 2 (Northeast),DECORAH,WINNESHIEK,IA 9,IA 9/IOWA 9 & MONTGOMERY ST,Collision with:  Vehicle in traffic,On Roadway,"Angle, oncoming left turn",Crossed centerline (undivided),None Indicated,,Daylight,Wet,Clear,None apparent,Non-intersection:  Driveway access (within),Paved,,Property Damage Only,0,0,0,0,0,0,8000,2,2,,POINT (-91.768986733429 43.291320967935)
2014777644,C14000038,01/03/2014,01-January,6-Friday,17:50,1700 Hours,District 6 (East Central),CORALVILLE,JOHNSON,,OAKDALE BLVD,Collision with fixed object:  Curb/island/raised median,On Roadway,Non-collision (single vehicle),Driving too fast for conditions,None Indicated,,Dark - roadway lighted,Ice/frost,"Blowing sand, soil, dirt","Surface condition (e.g., wet, icy)",Non-intersection:  Non-junction/no special feature,Unpaved,,Property Damage Only,0,0,0,0,0,0,7500,1,1,,POINT (-91.600246887256 41.708574927031)
2014777717,14-0017,01/03/2014,01-January,6-Friday,17:20,1700 Hours,District 4 (Southwest),CLIVE,DALLAS,,NW 156TH ST,Collision with:  Vehicle in traffic,On Roadway,Rear-end (front to rear),Driving too fast for conditions,None Indicated,,Dark - roadway lighted,Slush,Cloudy,"Surface condition (e.g., wet, icy)",Non-intersection:  Non-junction/no special feature,Paved,,Possible/Unknown,0,1,0,0,1,0,9800,4,6,,POINT (-93.833640299077 41.614062069084)
2014777823,14-0031,01/03/2014,01-January,6-Friday,16:15,1600 Hours,District 1 (Central),FORT DODGE,WEBSTER,,1ST AVE S,Collision with:  Vehicle in traffic,On Roadway,Rear-end (front to rear),Other (explain in narrative):  No improper action,None Indicated,,Daylight,Ice/frost,Clear,"Surface condition (e.g., wet, icy)",Non-intersection:  Non-junction/no special feature,Paved,,Property Damage Only,0,0,0,0,0,0,3000,2,2,,POINT (-94.154446742725 42.505288685838)
2014778267,14-000028,01/03/2014,01-January,6-Friday,13:25,1300 Hours,District 1 (Central),AMES,STORY,,S KELLOGG AVE,Collision with:  Vehicle in traffic,On Roadway,Rear-end (front to rear),Improper Backing,None Indicated,,Daylight,Wet,Clear,None apparent,Non-intersection:  Non-junction/no special feature,Paved,,Property Damage Only,0,0,0,0,0,0,3000,2,2,,POINT (-93.613594893794 42.022081459329)
2014777250,1401031-A,01/03/2014,01-January,6-Friday,02:00,0200 Hours,District 4 (Southwest),RED OAK,MONTGOMERY,,BLUEGRASS RD,Collision with fixed object:  Ditch,On Roadway,Non-collision (single vehicle),Ran off road - left,None Indicated,,Dark - roadway lighted,Ice/frost,Cloudy,"Surface condition (e.g., wet, icy)",Non-intersection:  Non-junction/no special feature,Paved,,Possible/Unknown,0,1,0,0,0,1,3000,1,1,,POINT (-95.214948369675 41.005359294306)
2014777768,14-0054,01/03/2014,01-January,6-Friday,05:15,0500 Hours,District 1 (Central),WEST DES MOINES,POLK,I-35,I-35,Collision with:  Vehicle in traffic,On Roadway,Rear-end (front to rear),Other (explain in narrative):  Other,None Indicated,,Dark - roadway lighted,Dry,Clear,None apparent,Non-intersection:  Non-junction/no special feature,Paved,,Property Damage Only,0,0,0,0,0,0,5349,2,4,,POINT (-93.77697250885 41.599660239173)
2014777825,14-0032,01/03/2014,01-January,6-Friday,16:48,1600 Hours,District 1 (Central),FORT DODGE,WEBSTER,,19TH AVE N & N 27TH ST,Collision with:  Vehicle in traffic,On Roadway,Broadside (front to side),Other (explain in narrative):  Other,None Indicated,,Dusk,Snow,Cloudy,None apparent,Intersection:  Four-way intersection,Paved,,Property Damage Only,0,0,0,0,0,0,8000,3,2,,POINT (-94.161383432558 42.523644240696)
2014777695,14-000329,01/03/2014,01-January,6-Friday,20:35,2000 Hours,District 5 (Southeast),MUSCATINE,MUSCATINE,,E 8TH ST & CEDAR ST,Collision with:  Vehicle in traffic,On Roadway,Broadside (front to side),FTYROW:  From stop sign,None Indicated,,Dark - unknown roadway lighting,Wet,Cloudy,None apparent,Intersection:  Four-way intersection,Paved,,Property Damage Only,0,0,0,0,0,0,4500,2,2,,POINT (-91.048256580171 41.427277822908)
2014777558,14-0224,01/03/2014,01-January,6-Friday,14:00,1400 Hours,District 5 (Southeast),WEST BURLINGTON,DES MOINES,,AGENCY ST,Collision with:  Vehicle in traffic,On Roadway,Rear-end (front to rear),Followed too close,None Indicated,,Daylight,Snow,Clear,None apparent,Non-intersection:  Non-junction/no special feature,Paved,,Property Damage Only,0,0,0,0,0,0,1500,2,4,,POINT (-91.149179326785 40.814262901504)
2014779673,,01/03/2014,01-January,6-Friday,15:29,1500 Hours,District 5 (Southeast),FORT MADISON,LEE,,,Collision with:  Vehicle in traffic,On Roadway,Broadside (front to side),FTYROW:  From driveway,None Indicated,,Daylight,Snow,,,Non-intersection:  Driveway access (within),,,Property Damage Only,0,0,0,0,0,0,2000,2,2,,POINT (-96.643700149993 40.233091251414)
2014779019,S14-000022,01/03/2014,01-January,6-Friday,17:30,1700 Hours,District 4 (Southwest),,POTTAWATTAMIE,,Co Rd G66/PIONEER TRL & CHESTNUT RD,Collision with:  Animal,,,Animal,None Indicated,,,,,,,Paved,,Property Damage Only,0,0,0,0,0,0,4000,1,1,,POINT (-95.775524189105 41.214104847136)
2014777470,W14-000806,01/03/2014,01-January,6-Friday,16:40,1600 Hours,District 2 (Northeast),WATERLOO,BLACK HAWK,,CONGER ST & CUTLER ST,Collision with fixed object:  Utility pole/light support,On Roadway,Non-collision (single vehicle),Ran off road - right,None Indicated,,Daylight,Snow,Cloudy,"Surface condition (e.g., wet, icy)",Non-intersection:  Non-junction/no special feature,Paved,,Property Damage Only,0,0,0,0,0,0,3000,1,1,,POINT (-92.339031361241 42.513105993662)
2014777788,GP20140002,01/03/2014,01-January,6-Friday,10:50,1000 Hours,District 1 (Central),GRINNELL,POWESHIEK,,4TH AVE,Collision with:  Vehicle in traffic,On Roadway,Unknown,FTYROW:  Other (explain in narrative),None Indicated,,Daylight,Wet,Clear,None apparent,Non-intersection:  Other non-intersection (explain in narrative),Paved,,Property Damage Only,0,0,0,0,0,0,5500,2,2,,POINT (-92.724942072329 41.743234176507)
2014778432,14-000061,01/03/2014,01-January,6-Friday,22:15,2200 Hours,District 3 (Northwest),,LYON,IA 9,IA 9/IOWA 9,Collision with fixed object:  Ditch,On Roadway,Non-collision (single vehicle),Driving too fast for conditions,None Indicated,,Dark - roadway not lighted,Ice/frost,Clear,"Surface condition (e.g., wet, icy)",Non-intersection:  Non-junction/no special feature,Paved,,Minor Injury,0,1,0,1,0,0,2800,1,1,,POINT (-96.490086851431 43.468913661645)
2014784085,,01/03/2014,01-January,6-Friday,18:13,1800 Hours,District 4 (Southwest),,FREMONT,,Co Rd J10/WAUBONSIE AVE,Collision with fixed object:  Ditch,Median,Non-collision (single vehicle),Crossed centerline (undivided),None Indicated,,Dark - roadway not lighted,Ice/frost,Snow,"Surface condition (e.g., wet, icy)",Non-intersection:  Other non-intersection (explain in narrative),Paved,,Property Damage Only,0,0,0,0,0,0,2800,1,2,,POINT (-95.790239481151 40.887338077216)
2014777675,201400159,01/03/2014,01-January,6-Friday,19:57,1900 Hours,District 6 (East Central),CEDAR RAPIDS,LINN,IA 922,IA 922/1ST AVE E & 16TH ST NE,Collision with:  Vehicle in traffic,On Roadway,Rear-end (front to rear),Lost Control,None Indicated,,Dark - roadway lighted,Wet,Cloudy,None apparent,Non-intersection:  Non-junction/no special feature,Paved,,Property Damage Only,0,0,0,0,0,0,5000,2,4,,POINT (-91.650297870447 41.989270834288)
2014777926,1400048,01/03/2014,01-January,6-Friday,19:40,1900 Hours,District 3 (Northwest),,CHEROKEE,,490TH ST,Non-collision events:  Other non-collision (explain in narrative),On Roadway,Non-collision (single vehicle),Over correcting/over steering,None Indicated,,Dark - roadway not lighted,Dry,Clear,None apparent,Intersection:  Four-way intersection,Unpaved,,Property Damage Only,0,0,0,0,0,0,4200,1,1,,POINT (-95.693766018746 42.808048177511)
2014777750,20140000237,01/03/2014,01-January,6-Friday,14:45,1400 Hours,District 1 (Central),DES MOINES,POLK,,UNIVERSITY AVE & 6TH AVE,Collision with:  Vehicle in traffic,On Roadway,"Angle, oncoming left turn",Driving too fast for conditions,None Indicated,,Daylight,Wet,Clear,None apparent,Non-intersection:  Non-junction/no special feature,Paved,,Possible/Unknown,0,1,0,0,1,0,4000,2,4,,POINT (-93.625775335717 41.600798837825)
2014787104,14-000035,01/03/2014,01-January,6-Friday,07:50,0700 Hours,District 3 (Northwest),ROCK RAPIDS,LYON,US 75,US 75/S UNION ST & S 12TH AVE,Collision with:  Vehicle in traffic,On Roadway,"Sideswipe, same direction",Swerving/Evasive Action,None Indicated,,Daylight,Snow,"Blowing sand, soil, dirt",None apparent,Intersection:  Four-way intersection,Paved,,Property Damage Only,0,0,0,0,0,0,2000,2,2,,POINT (-96.175757708949 43.41886005598)
2014778596,2014000702,01/03/2014,01-January,6-Friday,21:15,2100 Hours,District 6 (East Central),,SCOTT,I-80,I-80,Non-collision events:  Jackknife,On Roadway,Non-collision (single vehicle),Lost Control,None Indicated,,Dark - roadway not lighted,Ice/frost,Cloudy,"Surface condition (e.g., wet, icy)",Non-intersection:  Non-junction/no special feature,Paved,,Property Damage Only,0,0,0,0,0,0,12000,1,1,,POINT (-90.742115832606 41.60823677336)
2014777738,20140000245,01/03/2014,01-January,6-Friday,15:45,1500 Hours,District 1 (Central),DES MOINES,POLK,IA 28,IA 28/MERLE HAY RD,Collision with:  Vehicle in traffic,On Roadway,Rear-end (front to rear),Followed too close,None Indicated,,Daylight,Wet,Clear,"Surface condition (e.g., wet, icy)",Non-intersection:  Non-junction/no special feature,Paved,,Property Damage Only,0,0,0,0,0,0,2000,2,2,,POINT (-93.697736930519 41.637368125039)