Iowa DOT Case Number,Law Enforcement Case Number,Date of Crash,Month of Crash,Day of Week,Time of Crash,Hour,DOT District,City Name,County Name,Route with System,Location Description,First Harmful Event,Location of First Harmful Event,Manner of Crash/Collision,Major Cause,Drug or Alcohol ,Environmental Conditions,Light Conditions,Surface Conditions,Weather Conditions,Roadway Contribution,Roadway Type,Roadway Surface,Work Zone,Crash Severity,Number of Fatalities,Number of Injuries,Number of Major Injuries,Number of Minor Injuries,Number of Possible Injuries,Number of Unknown Injuries,Amount of Property Damage,Number of Vehicles Involved,Total Number of Occupants,Travel Direction,Location
2014777546,140066,01/03/2014,01-January,6-Friday,18:25,1800 Hours,District 4 (Southwest),,DALLAS,,Co Rd P46/D AVE & 170TH ST,Collision with:  Vehicle in traffic,On Roadway,"Angle, oncoming left turn",Other (explain in narrative):  Other,None Indicated,,Dark - roadway not lighted,Snow,"Blowing sand, soil, dirt",None apparent,Non-intersection:  Non-junction/no special feature,Paved,,Major Injury,0,1,1,0,0,0,7500,2,2,,POINT (-94.222055368324 41.791060260431)
2014777763,14-0026,01/04/2014,01-January,7-Saturday,10:48,1000 Hours,District 1 (Central),URBANDALE,POLK,,MEREDITH DR & 78TH ST,Collision with fixed object:  Utility pole/light support,Outside trafficway,Non-collision (single vehicle),Driving too fast for conditions,None Indicated,,Daylight,Slush,Cloudy,None apparent,Intersection:  Four-way intersection,Paved,,Property Damage Only,0,0,0,0,0,0,3000,1,3,,POINT (-93.725256937669 41.643854064368)
2014778756,2014000769,01/04/2014,01-January,7-Saturday,09:59,0900 Hours,District 5 (Southeast),,JEFFERSON,US 34,US 34,Collision with fixed object:  Guardrail - face,Shoulder,Non-collision (single vehicle),Swerving/Evasive Action,None Indicated,,Daylight,Dry,Clear,None apparent,Non-intersection:  Non-junction/no special feature,Paved,,Property Damage Only,0,0,0,0,0,0,6000,1,1,,POINT (-91.914626130667 41.000996962325)
2014777806,2014-856,01/04/2014,01-January,7-Saturday,23:14,2300 Hours,District 6 (East Central),DAVENPORT,SCOTT,US 6,US 6/E KIMBERLY RD & E 36TH ST,Collision with:  Vehicle in traffic,On Roadway,Broadside (front to side),Driving too fast for conditions,None Indicated,,Dark - roadway lighted,Snow,Snow,"Surface condition (e.g., wet, icy)",Non-intersection:  Non-junction/no special feature,Paved,,Property Damage Only,0,0,0,0,0,0,1500,2,4,,POINT (-90.5605897848 41.557252023485)
2014777751,20140000287,01/04/2014,01-January,7-Saturday,00:50,0000 Hours,District 1 (Central),DES MOINES,POLK,,OVID AVE,Collision with fixed object:  Curb/island/raised median,On Roadway,Non-collision (single vehicle),Ran off road - right,None Indicated,,Dark - roadway lighted,Wet,Cloudy,None apparent,Non-intersection:  Non-junction/no special feature,Paved,,Property Damage Only,0,0,0,0,0,0,10000,1,1,,POINT (-93.623089295718 41.625943548752)
2014792654,14-000020,01/04/2014,01-January,7-Saturday,01:40,0100 Hours,District 5 (Southeast),COLUMBUS JUNCTION,LOUISA,,165TH ST & CO RD G36,Unknown,Unknown,Non-collision (single vehicle),Swerving/Evasive Action,None Indicated,,Dark - roadway not lighted,Snow,Snow,"Surface condition (e.g., wet, icy)",Intersection:  Other intersection (explain in narrative),Unpaved,,Possible/Unknown,0,1,0,0,0,1,5000,1,1,,POINT (-91.365607925796 41.286686967875)
2014778777,,01/04/2014,01-January,7-Saturday,08:51,0800 Hours,District 2 (Northeast),,FLOYD,US 18,US 18,,On Roadway,Non-collision (single vehicle),Swerving/Evasive Action,None Indicated,,Daylight,Ice/frost,Rain,"Surface condition (e.g., wet, icy)",Non-intersection:  Non-junction/no special feature,Paved,,Property Damage Only,0,0,0,0,0,0,5400,1,1,,POINT (-92.727120335572 43.110717162726)
2014777513,14000167,01/04/2014,01-January,7-Saturday,10:59,1000 Hours,District 2 (Northeast),MASON CITY,CERRO GORDO,,BRIARSTONE DR,Collision with:  Vehicle in traffic,On Roadway,"Sideswipe, opposite direction",Lost Control,None Indicated,,Daylight,Snow,Cloudy,"Surface condition (e.g., wet, icy)",Non-intersection:  Non-junction/no special feature,Paved,,Property Damage Only,0,0,0,0,0,0,3500,2,2,,POINT (-93.239222201461 43.144047511247)
2014778015,14-000327,01/04/2014,01-January,7-Saturday,00:37,0000 Hours,District 4 (Southwest),COUNCIL BLUFFS,POTTAWATTAMIE,US 275,US 275/VETERANS MEMORIAL HWY,Collision with:  Vehicle in traffic,On Roadway,Rear-end (front to rear),Ran off road - right,None Indicated,,Dark - roadway not lighted,Wet,Clear,None apparent,Non-intersection:  Non-junction/no special feature,Paved,,Property Damage Only,0,0,0,0,0,0,10000,2,2,,POINT (-95.880504909994 41.218135406514)
2014780203,2014000826,01/04/2014,01-January,7-Saturday,17:45,1700 Hours,District 6 (East Central),INDEPENDENCE,BUCHANAN,,1ST ST E & 14TH AVE SE & 14TH AVE NE,Collision with:  Vehicle in traffic,On Roadway,"Angle, oncoming left turn",Made improper turn,None Indicated,,Dark - roadway lighted,Snow,Clear,None apparent,Intersection:  Four-way intersection,Paved,,Possible/Unknown,0,1,0,0,1,0,10000,2,4,,POINT (-91.87710922756 42.468786760877)
2014782224,14-000073,01/04/2014,01-January,7-Saturday,09:01,0900 Hours,District 4 (Southwest),PERRY,DALLAS,,NORTH ST & 4TH ST,Collision with:  Vehicle in traffic,On Roadway,Head-on (front to front),Crossed centerline (undivided),None Indicated,,Daylight,Snow,Cloudy,"Surface condition (e.g., wet, icy)",Intersection:  Four-way intersection,Paved,,Possible/Unknown,0,1,0,0,1,0,13833,2,2,,POINT (-94.102425082558 41.845761864396)
2014777963,2014000114,01/04/2014,01-January,7-Saturday,15:05,1500 Hours,District 6 (East Central),IOWA CITY,JOHNSON,,S 1ST AVE,Collision with:  Vehicle in traffic,On Roadway,Broadside (front to side),FTYROW:  From driveway,None Indicated,,Daylight,Snow,Cloudy,None apparent,Non-intersection:  Driveway access (within),Paved,,Property Damage Only,0,0,0,0,0,0,11000,3,5,,POINT (-91.503084174573 41.643104507167)
2014777804,2014-743,01/04/2014,01-January,7-Saturday,10:06,1000 Hours,District 6 (East Central),DAVENPORT,SCOTT,,W CENTRAL PARK AVE & HICKORY GROVE RD,Collision with:  Vehicle in traffic,On Roadway,Broadside (front to side),Ran Traffic Signal,None Indicated,,Daylight,Wet,Cloudy,None apparent,Intersection:  Four-way intersection,Paved,,Property Damage Only,0,0,0,0,0,0,11000,2,3,,POINT (-90.61058074746 41.545486162996)
2014779234,201400030,01/04/2014,01-January,7-Saturday,03:00,0300 Hours,District 6 (East Central),FAIRFAX,LINN,US 151,US 151/WILLIAMS BLVD & Co Rd W42/80TH ST SW,Collision with fixed object:  Other fixed object (explain in narrative),On Roadway,Non-collision (single vehicle),Driving too fast for conditions,Under Influence of Alcohol/Drugs/Medications,,Dark - roadway not lighted,Snow,Clear,"Surface condition (e.g., wet, icy)",Intersection:  T-intersection,Paved,,Property Damage Only,0,0,0,0,0,0,5500,1,1,,POINT (-91.774442991028 41.931085478357)
2014783418,2014-752,01/04/2014,01-January,7-Saturday,11:49,1100 Hours,District 6 (East Central),DAVENPORT,SCOTT,US 6,US 6/E KIMBERLY RD,Collision with:  Vehicle in traffic,On Roadway,Rear-end (front to rear),Driving too fast for conditions,None Indicated,,Daylight,Dry,Snow,None apparent,Non-intersection:  Non-junction/no special feature,Paved,,Property Damage Only,0,0,0,0,0,0,2000,2,3,,POINT (-90.533307583378 41.556714693955)
2014780010,14-000335,01/04/2014,01-January,7-Saturday,20:29,2000 Hours,District 5 (Southeast),,LEE,US 218,US 218,Collision with fixed object:  Ditch,Outside trafficway,Non-collision (single vehicle),Swerving/Evasive Action,None Indicated,,Dark - roadway not lighted,Snow,Snow,None apparent,Non-intersection:  Non-junction/no special feature,Paved,,Minor Injury,0,5,0,5,0,0,4000,1,5,,POINT (-91.564240792668 40.783873345472)
2014784890,,01/04/2014,01-January,7-Saturday,21:44,2100 Hours,District 5 (Southeast),,DECATUR,,Co Rd R46/PLEASANTON RD,Collision with fixed object:  Bridge overhead structure,On Roadway,Non-collision (single vehicle),Crossed centerline (undivided),Alcohol (Statutory),,Dark - roadway not lighted,Dry,Severe winds,None apparent,Non-intersection:  Other non-intersection (explain in narrative),Paved,,Minor Injury,0,1,0,1,0,0,10000,1,1,,POINT (-93.719143039149 40.609303190677)
2014777969,N14000005,01/04/2014,01-January,7-Saturday,20:33,2000 Hours,District 6 (East Central),NORTH LIBERTY,JOHNSON,,HWY 965,Collision with:  Non-motorist (see non-motorist section - NOT a unit),On Roadway,Non-collision (single vehicle),FTYROW:  To pedestrian,None Indicated,,Dark - roadway not lighted,Snow,Snow,None apparent,Non-intersection:  Non-junction/no special feature,Paved,,Minor Injury,0,1,0,1,0,0,1800,1,1,,POINT (-91.614631658028 41.76408691537)
2014777479,14-155,01/04/2014,01-January,7-Saturday,09:09,0900 Hours,District 2 (Northeast),,BREMER,US 63,US 63,Collision with fixed object:  Ditch,On Roadway,Non-collision (single vehicle),Swerving/Evasive Action,None Indicated,,Daylight,Ice/frost,Cloudy,"Surface condition (e.g., wet, icy)",Non-intersection:  Non-junction/no special feature,Paved,,Property Damage Only,0,0,0,0,0,0,6000,1,1,,POINT (-92.337409099464 42.689427615544)
2014783823,2014-02-AC,01/04/2014,01-January,7-Saturday,02:20,0200 Hours,District 3 (Northwest),,EMMET,,Co Rd N22/340 AVE & 140TH ST,Collision with fixed object:  Ditch,On Roadway,Non-collision (single vehicle),Crossed centerline (undivided),None Indicated,,Dark - roadway not lighted,Ice/frost,"Sleet, hail","Surface condition (e.g., wet, icy)",Non-intersection:  Non-junction/no special feature,Paved,,Property Damage Only,0,0,0,0,0,0,4500,1,2,,POINT (-94.914488875235 43.444843600848)
2014778421,14001787,01/04/2014,01-January,7-Saturday,20:26,2000 Hours,District 6 (East Central),,JOHNSON,,Co Rd W66/SAND RD,Non-collision events:  Overturn/rollover,On Roadway,Non-collision (single vehicle),Swerving/Evasive Action,None Indicated,,Dark - roadway not lighted,Snow,Clear,"Surface condition (e.g., wet, icy)",Non-intersection:  Non-junction/no special feature,Paved,,Property Damage Only,0,0,0,0,0,0,10000,1,1,,POINT (-91.501724012629 41.534823333206)
2014777540,CL14000028,01/04/2014,01-January,7-Saturday,10:33,1000 Hours,District 6 (East Central),CLINTON,CLINTON,US 30,US 30/8TH AVE S,Collision with:  Vehicle in traffic,On Roadway,Rear-end (front to rear),Lost Control,None Indicated,,Daylight,Wet,Snow,None apparent,Non-intersection:  Other non-intersection (explain in narrative),Paved,,Possible/Unknown,0,4,0,0,4,0,8000,2,4,,POINT (-90.187231055984 41.837790394313)
2014778311,,01/04/2014,01-January,7-Saturday,19:35,1900 Hours,District 3 (Northwest),LAKE CITY,CALHOUN,,HANCOCK ST,Collision with fixed object:  Tree,On Roadway,Non-collision (single vehicle),Ran off road - straight,None Indicated,,Dark - roadway not lighted,Ice/frost,Cloudy,"Surface condition (e.g., wet, icy)",Non-intersection:  Other non-intersection (explain in narrative),Unpaved,,Property Damage Only,0,0,0,0,0,0,5500,1,3,,POINT (-94.7261443359 42.27637374892)
2014777783,14-000348,01/04/2014,01-January,7-Saturday,05:30,0500 Hours,District 4 (Southwest),COUNCIL BLUFFS,POTTAWATTAMIE,,VALLEY VIEW DR,Non-collision events:  Other non-collision (explain in narrative),On Roadway,Non-collision (single vehicle),Crossed centerline (undivided),Alcohol (Statutory),,Dark - roadway lighted,Dry,Clear,None apparent,Non-intersection:  Non-junction/no special feature,Paved,,Property Damage Only,0,0,0,0,0,0,7000,1,1,,POINT (-95.814159962426 41.250326985225)
2014777923,14000165,01/04/2014,01-January,7-Saturday,09:04,0900 Hours,District 6 (East Central),MECHANICSVILLE,CEDAR,US 30,US 30,Non-collision events:  Overturn/rollover,Roadside,Non-collision (single vehicle),Swerving/Evasive Action,None Indicated,,Daylight,Ice/frost,"Blowing sand, soil, dirt",None apparent,Non-intersection:  Non-junction/no special feature,Paved,,Property Damage Only,0,0,0,0,0,0,3000,1,1,,POINT (-91.259727182824 41.903163630888)
2014777541,CL14000030,01/04/2014,01-January,7-Saturday,15:47,1500 Hours,District 6 (East Central),CLINTON,CLINTON,US 30,US 30/8TH AVE S/S 4TH ST & US 67,Collision with:  Vehicle in traffic,On Roadway,"Sideswipe, same direction",Made improper turn,None Indicated,,Daylight,Snow,Snow,None apparent,Non-intersection:  Non-junction/no special feature,Paved,,Property Damage Only,0,0,0,0,0,0,5000,2,3,,POINT (-90.193252588222 41.837784713386)
2014777626,14-0093,01/04/2014,01-January,7-Saturday,18:31,1800 Hours,District 3 (Northwest),,IDA,IA 175,IA 175/IOWA 175,Collision with:  Animal,,,Animal,None Indicated,,,,,,,Paved,,Property Damage Only,0,0,0,0,0,0,4500,1,1,,POINT (-95.573895337701 42.329328637785)
2014777542,CL14000031,01/04/2014,01-January,7-Saturday,18:11,1800 Hours,District 6 (East Central),CLINTON,CLINTON,US 30,US 30,Non-collision events:  Overturn/rollover,On Roadway,Non-collision (single vehicle),Driving too fast for conditions,None Indicated,,Dark - roadway not lighted,Snow,Snow,"Surface condition (e.g., wet, icy)",Non-intersection:  Non-junction/no special feature,Paved,,Minor Injury,0,1,0,1,0,0,10000,1,1,,POINT (-90.301191549489 41.815418433423)
2014778357,1401042811,01/04/2014,01-January,7-Saturday,22:30,2200 Hours,District 6 (East Central),,CLINTON,US 30,US 30,Collision with fixed object:  Ditch,Median,Non-collision (single vehicle),Ran off road - left,None Indicated,,Dark - roadway not lighted,Snow,Snow,None apparent,Non-intersection:  Non-junction/no special feature,Paved,,Minor Injury,0,1,0,1,0,0,4500,1,1,,POINT (-90.381237571183 41.815669426118)
2014777769,14-0063,01/04/2014,01-January,7-Saturday,03:30,0300 Hours,District 1 (Central),WEST DES MOINES,POLK,,GRAND AVE,Collision with fixed object:  Utility pole/light support,Outside trafficway,Non-collision (single vehicle),Swerving/Evasive Action,None Indicated,,Dark - roadway lighted,Slush,Cloudy,"Surface condition (e.g., wet, icy)",Non-intersection:  Non-junction/no special feature,Paved,,Possible/Unknown,0,1,0,0,1,0,2000,1,1,,POINT (-93.721510521008 41.580313885272)
2014777785,14-000378,01/04/2014,01-January,7-Saturday,14:20,1400 Hours,District 4 (Southwest),COUNCIL BLUFFS,POTTAWATTAMIE,US 6,US 6/W BROADWAY & S 8TH ST & N 8TH ST,Collision with:  Vehicle in traffic,On Roadway,"Angle, oncoming left turn",FTYROW:  Making left turn,None Indicated,,Daylight,Dry,Cloudy,None apparent,Intersection:  Four-way intersection,Paved,,Property Damage Only,0,0,0,0,0,0,2000,2,2,,POINT (-95.856072273305 41.261849006051)
2014779887,2014-790,01/04/2014,01-January,7-Saturday,16:16,1600 Hours,District 6 (East Central),DAVENPORT,SCOTT,US 67,US 67/E RIVER DR,Collision with:  Vehicle in traffic,On Roadway,"Sideswipe, opposite direction",Lost Control,None Indicated,,Daylight,Snow,Snow,"Surface condition (e.g., wet, icy)",Non-intersection:  Non-junction/no special feature,Paved,,Property Damage Only,0,0,0,0,0,0,3000,2,7,,POINT (-90.560640661021 41.525613646664)
2014779137,2014000750,01/04/2014,01-January,7-Saturday,06:55,0600 Hours,District 2 (Northeast),DENVER,BREMER,US 63,US 63/SW RAMP CURV,Collision with fixed object:  Ditch,On Roadway,Non-collision (single vehicle),Ran off road - right,None Indicated,,Dawn,Ice/frost,Cloudy,"Surface condition (e.g., wet, icy)",Non-intersection:  Non-junction/no special feature,Paved,,Minor Injury,0,1,0,1,0,0,7000,1,1,,POINT (-92.343769095992 42.667391627966)
2014778205,201400167,01/04/2014,01-January,7-Saturday,00:05,0000 Hours,District 6 (East Central),CEDAR RAPIDS,LINN,,12TH AVE SW,Collision with fixed object:  Utility pole/light support,Roadside,Non-collision (single vehicle),Over correcting/over steering,Refused,,Dark - roadway lighted,Dry,Clear,None apparent,Non-intersection:  Non-junction/no special feature,Paved,,Property Damage Only,0,0,0,0,0,0,12000,1,1,,POINT (-91.663316679482 41.963070337244)
2014777547,140081,01/04/2014,01-January,7-Saturday,06:05,0600 Hours,District 4 (Southwest),,DALLAS,US 169,US 169/N AVE,Collision with:  Animal,,,Animal,None Indicated,,,,,,,Paved,,Property Damage Only,0,0,0,0,0,0,4500,1,1,,POINT (-94.020810621265 41.633511836175)
2014782030,,01/04/2014,01-January,7-Saturday,17:15,1700 Hours,District 2 (Northeast),,ALLAMAKEE,IA 76,IA 76/IOWA 76,Collision with:  Animal,On Roadway,Non-collision (single vehicle),Animal,None Indicated,,Dusk,Dry,Clear,,Non-intersection:  Non-junction/no special feature,Paved,,Property Damage Only,0,0,0,0,0,0,5000,1,2,,POINT (-91.303170883837 43.1651843434)
2014777576,01-14-607,01/04/2014,01-January,7-Saturday,16:41,1600 Hours,District 6 (East Central),DUBUQUE,DUBUQUE,,LINCOLN ST & ROOSEVELT ST,Collision with:  Vehicle in traffic,On Roadway,"Sideswipe, same direction",Other (explain in narrative):  Other,None Indicated,,Dusk,Wet,Clear,Non-highway work,Non-intersection:  Non-junction/no special feature,Paved,,Property Damage Only,0,0,0,0,0,0,3700,2,2,,POINT (-90.653675544232 42.528683459416)
2014779112,2014000869,01/04/2014,01-January,7-Saturday,11:30,1100 Hours,District 1 (Central),,TAMA,,Co Rd E66/HWY E66,Collision with:  Animal,,,Animal,None Indicated,,,,,,,Paved,,Property Damage Only,0,0,0,0,0,0,2500,1,1,,POINT (-92.36207478986 41.919624224006)
2014777472,W14-001089,01/04/2014,01-January,7-Saturday,12:59,1200 Hours,District 2 (Northeast),WATERLOO,BLACK HAWK,,ANSBOROUGH AVE,Collision with fixed object:  Tree,Outside trafficway,Non-collision (single vehicle),Crossed centerline (undivided),None Indicated,,Daylight,Dry,Cloudy,None apparent,Non-intersection:  Non-junction/no special feature,Paved,,Property Damage Only,0,0,0,0,0,0,4000,1,1,,POINT (-92.376715688511 42.477879169264)
2014777943,14-000057,01/04/2014,01-January,7-Saturday,00:55,0000 Hours,District 1 (Central),,HAMILTON,,Co Rd R27/MACKINLAY KANTOR DR,Collision with fixed object:  Ditch,Roadside,Non-collision (single vehicle),Over correcting/over steering,None Indicated,,Dark - roadway not lighted,Dry,Cloudy,None apparent,Non-intersection:  Non-junction/no special feature,Paved,,Possible/Unknown,0,1,0,0,0,1,1500,1,1,,POINT (-93.853301856316 42.480972411493)
2014777755,20140000312,01/04/2014,01-January,7-Saturday,11:47,1100 Hours,District 1 (Central),DES MOINES,POLK,,E OVID AVE & OXFORD ST,Collision with:  Vehicle in traffic,On Roadway,Broadside (front to side),Ran Stop Sign,None Indicated,,Daylight,Slush,Cloudy,None apparent,Intersection:  Four-way intersection,Paved,,Property Damage Only,0,0,0,0,0,0,8000,2,2,,POINT (-93.61751919377 41.625946583644)
2014779237,201400040,01/04/2014,01-January,7-Saturday,22:00,2200 Hours,District 6 (East Central),,LINN,,Co Rd E44/LAKESIDE RD/30TH ST DR & EAST POST RD,Collision with:  Animal,,,Animal,None Indicated,,,,,,,Paved,,Property Damage Only,0,0,0,0,0,0,2000,1,1,,POINT (-91.599192855935 42.005914734023)
2014778434,14-000233,01/04/2014,01-January,7-Saturday,05:45,0500 Hours,District 5 (Southeast),,MARION,,Co Rd G40/HWY G40,Collision with:  Animal,,,Animal,None Indicated,,,,,,,Paved,,Property Damage Only,0,0,0,0,0,0,2000,1,1,,POINT (-93.11855349963 41.400070409595)
2014777574,02-14-198,01/04/2014,01-January,7-Saturday,08:17,0800 Hours,District 6 (East Central),,DUBUQUE,,Co Rd Y21/SUNDOWN RD,Collision with fixed object:  Ditch,Shoulder,Non-collision (single vehicle),Crossed centerline (undivided),None Indicated,,Daylight,Ice/frost,Cloudy,"Surface condition (e.g., wet, icy)",Non-intersection:  Non-junction/no special feature,Paved,,Property Damage Only,0,0,0,0,0,0,5000,1,1,,POINT (-90.85216964102 42.385997117133)
2014779042,14-130,01/04/2014,01-January,7-Saturday,00:59,0000 Hours,District 3 (Northwest),,SIOUX,IA 60,IA 60/IOWA 60,Non-collision events:  Other non-collision (explain in narrative),Shoulder,Non-collision (single vehicle),Lost Control,None Indicated,,Dark - roadway not lighted,Ice/frost,Cloudy,"Surface condition (e.g., wet, icy)",Non-intersection:  Non-junction/no special feature,Paved,,Property Damage Only,0,0,0,0,0,0,5000,1,3,,POINT (-96.027879097462 42.958206558035)
2014779294,14010061,01/04/2014,01-January,7-Saturday,20:00,2000 Hours,District 5 (Southeast),,WAPELLO,US 34,US 34,Collision with:  Animal,,,Animal,None Indicated,,,,,,,Paved,,Property Damage Only,0,0,0,0,0,0,1500,1,1,,POINT (-92.473326895684 41.012101366187)
2014777925,14000056,01/04/2014,01-January,7-Saturday,01:25,0100 Hours,District 3 (Northwest),MARCUS,CHEROKEE,,E PINE ST & ASH ST,Non-collision events:  Other non-collision (explain in narrative),On Roadway,Non-collision (single vehicle),Driving too fast for conditions,Alcohol (Statutory),,Dark - unknown roadway lighting,Snow,Clear,None apparent,Non-intersection:  Non-junction/no special feature,Paved,,Property Damage Only,0,0,0,0,0,0,15000,1,1,,POINT (-95.802452626265 42.824338417123)
2014777649,C14000052,01/04/2014,01-January,7-Saturday,16:10,1600 Hours,District 6 (East Central),CORALVILLE,JOHNSON,,10TH ST & 22ND AVE,Collision with:  Vehicle in traffic,On Roadway,Broadside (front to side),Swerving/Evasive Action,None Indicated,,Daylight,Wet,Cloudy,None apparent,Intersection:  Four-way intersection,Paved,,Property Damage Only,0,0,0,0,0,0,5000,2,5,,POINT (-91.593772036941 41.687996330112)
2014777575,02-14-202,01/04/2014,01-January,7-Saturday,09:30,0900 Hours,District 6 (East Central),,DUBUQUE,US 61,US 61,Collision with:  Vehicle in traffic,On Roadway,Broadside (front to side),FTYROW:  From stop sign,None Indicated,,Daylight,Wet,Clear,None apparent,Intersection:  Other intersection (explain in narrative),Paved,,Minor Injury,0,3,0,2,1,0,14000,2,3,,POINT (-90.681976779195 42.294652562708)
2014778753,SO14-0008,01/04/2014,01-January,7-Saturday,05:15,0500 Hours,District 2 (Northeast),,WRIGHT,US 69,US 69,Collision with fixed object:  Ditch,,,Lost Control,None Indicated,,,,,,,Paved,,Property Damage Only,0,0,0,0,0,0,10000,1,1,,POINT (-93.618608237649 42.732494765418)
2014778258,2014-778,01/04/2014,01-January,7-Saturday,15:33,1500 Hours,District 6 (East Central),DAVENPORT,SCOTT,I-80,I-80,Non-collision events:  Overturn/rollover,On Roadway,Non-collision (single vehicle),Crossed centerline (undivided),None Indicated,,Daylight,Snow,Snow,"Surface condition (e.g., wet, icy)",Non-intersection:  Non-junction/no special feature,Paved,,Property Damage Only,0,0,0,0,0,0,1500,1,1,,POINT (-90.669987477093 41.603761655321)
2014779232,201400031,01/04/2014,01-January,7-Saturday,07:00,0700 Hours,District 6 (East Central),,LINN,US 151,US 151,Collision with fixed object:  Ditch,Roadside,Non-collision (single vehicle),Ran off road - right,None Indicated,,Dawn,Ice/frost,Cloudy,None apparent,Non-intersection:  Non-junction/no special feature,Paved,,Property Damage Only,0,0,0,0,0,0,1500,1,2,,POINT (-91.548359160171 41.949416371493)
2014777527,1401042381,01/04/2014,01-January,7-Saturday,08:35,0800 Hours,District 6 (East Central),,CLINTON,US 30,US 30,Non-collision events:  Overturn/rollover,Median,Non-collision (single vehicle),Ran off road - left,None Indicated,,Daylight,Ice/frost,Cloudy,"Surface condition (e.g., wet, icy)",Non-intersection:  Non-junction/no special feature,Paved,,Possible/Unknown,0,1,0,0,1,0,5500,1,2,,POINT (-90.475573285533 41.80860560982)
2014778078,2014000768,01/04/2014,01-January,7-Saturday,09:39,0900 Hours,District 3 (Northwest),,OBRIEN,,Co Rd B24/360TH ST & Co Rd M12/VINE AVE,Collision with:  Vehicle in traffic,On Roadway,Broadside (front to side),Ran Stop Sign,None Indicated,,Daylight,Dry,Cloudy,None apparent,Intersection:  Four-way intersection,Paved,,Minor Injury,0,2,0,1,1,0,8500,2,2,,POINT (-95.486777705619 43.128044931563)
2014777802,2014-781,01/04/2014,01-January,7-Saturday,15:40,1500 Hours,District 6 (East Central),DAVENPORT,SCOTT,,W 2ND ST,Collision with:  Vehicle in traffic,On Roadway,Head-on (front to front),Driving too fast for conditions,None Indicated,,Daylight,Snow,Cloudy,"Surface condition (e.g., wet, icy)",Non-intersection:  Non-junction/no special feature,Paved,,Property Damage Only,0,0,0,0,0,0,4400,2,3,,POINT (-90.583464668564 41.521295361859)
2014777702,14-64,01/04/2014,01-January,7-Saturday,07:25,0700 Hours,District 1 (Central),,POLK,US 65,US 65,Collision with fixed object:  Ditch,On Roadway,Non-collision (single vehicle),Over correcting/over steering,None Indicated,,Dawn,Ice/frost,Cloudy,"Surface condition (e.g., wet, icy)",Non-intersection:  Non-junction/no special feature,Paved,,Property Damage Only,0,0,0,0,0,0,5000,1,1,,POINT (-93.423300828249 41.718293477483)
2014777803,2014-814,01/04/2014,01-January,7-Saturday,17:30,1700 Hours,District 6 (East Central),DAVENPORT,SCOTT,,E 53RD ST,Collision with:  Vehicle in traffic,On Roadway,"Sideswipe, opposite direction",Crossed centerline (undivided),None Indicated,,Dark - roadway lighted,Snow,"Blowing sand, soil, dirt","Surface condition (e.g., wet, icy)",Non-intersection:  Non-junction/no special feature,Paved,,Property Damage Only,0,0,0,0,0,0,2000,2,3,,POINT (-90.537716106217 41.574812915007)
2014777772,14-0072,01/04/2014,01-January,7-Saturday,18:05,1800 Hours,District 4 (Southwest),WEST DES MOINES,DALLAS,,90TH ST & SILVER ST,Collision with:  Vehicle in traffic,On Roadway,Broadside (front to side),FTYROW:  At uncontrolled intersection,None Indicated,,Dark - roadway lighted,Snow,Cloudy,None apparent,Intersection:  Four-way intersection,Paved,,Property Damage Only,0,0,0,0,0,0,15000,2,3,,POINT (-93.831566280764 41.589946856574)
2014778036,14-133,01/04/2014,01-January,7-Saturday,05:27,0500 Hours,District 3 (Northwest),,SIOUX,,Co Rd K30/EAGLE AVE,Collision with fixed object:  Ditch,On Roadway,Non-collision (single vehicle),Ran off road - right,None Indicated,,Dark - roadway not lighted,Ice/frost,Cloudy,"Surface condition (e.g., wet, icy)",Intersection:  Four-way intersection,Paved,,Minor Injury,0,1,0,1,0,0,4000,1,1,,POINT (-96.313409799215 43.048388564405)
2014777720,20130000343,01/04/2014,01-January,7-Saturday,18:58,1800 Hours,District 1 (Central),DES MOINES,POLK,US 6,US 6/MERLE HAY RD & HICKMAN RD,Collision with:  Vehicle in traffic,On Roadway,Broadside (front to side),Ran Traffic Signal,None Indicated,,Dark - roadway lighted,Wet,Cloudy,"Surface condition (e.g., wet, icy)",Intersection:  Four-way intersection,Paved,,Possible/Unknown,0,2,0,0,2,0,5500,2,5,,POINT (-93.697735015333 41.614922254348)
2014777477,W14-001052,01/04/2014,01-January,7-Saturday,09:29,0900 Hours,District 2 (Northeast),WATERLOO,BLACK HAWK,US 63,US 63/SERGEANT RD,Collision with:  Vehicle in traffic,On Roadway,Head-on (front to front),FTYROW:  Making left turn,None Indicated,,Daylight,Snow,"Sleet, hail",None apparent,Intersection:  Four-way intersection,Paved,,Property Damage Only,0,0,0,0,0,0,2450,2,2,,POINT (-92.394561153674 42.46927515119)