Iowa DOT Case Number,Law Enforcement Case Number,Date of Crash,Month of Crash,Day of Week,Time of Crash,Hour,DOT District,City Name,County Name,Route with System,Location Description,First Harmful Event,Location of First Harmful Event,Manner of Crash/Collision,Major Cause,Drug or Alcohol ,Environmental Conditions,Light Conditions,Surface Conditions,Weather Conditions,Roadway Contribution,Roadway Type,Roadway Surface,Work Zone,Crash Severity,Number of Fatalities,Number of Injuries,Number of Major Injuries,Number of Minor Injuries,Number of Possible Injuries,Number of Unknown Injuries,Amount of Property Damage,Number of Vehicles Involved,Total Number of Occupants,Travel Direction,Location
2014778346,W14-002399,01/08/2014,01-January,4-Wednesday,18:05,1800 Hours,District 2 (Northeast),WATERLOO,BLACK HAWK,,JEFFERSON ST,Collision with:  Vehicle in traffic,On Roadway,Head-on (front to front),Driving too fast for conditions,Refused,,Dark - roadway lighted,Snow,Clear,"Surface condition (e.g., wet, icy)",Non-intersection:  Non-junction/no special feature,Paved,,Possible/Unknown,0,1,0,0,1,0,9000,4,1,,POINT (-92.335819534836 42.49108619995)
2014778461,20140000683,01/08/2014,01-January,4-Wednesday,19:48,1900 Hours,District 1 (Central),DES MOINES,POLK,,42ND ST,Collision with:  Vehicle in traffic,On Roadway,"Sideswipe, same direction",Improper or erratic lane changing,None Indicated,,Dark - roadway lighted,Dry,Cloudy,None apparent,Non-intersection:  Non-junction/no special feature,Paved,,Property Damage Only,0,0,0,0,0,0,3000,2,2,,POINT (-93.674399141342 41.593894567138)
2014778468,14-0123,01/08/2014,01-January,4-Wednesday,18:50,1800 Hours,District 1 (Central),WEST DES MOINES,POLK,,MILLS CIVIC PKWY & S 50TH ST,Collision with:  Vehicle in traffic,On Roadway,"Sideswipe, same direction",Unknown,None Indicated,,Dark - roadway lighted,Dry,Cloudy,None apparent,Intersection:  Four-way intersection,Paved,,Property Damage Only,0,0,0,0,0,0,2000,2,3,,POINT (-93.770875499803 41.559213782206)
2014778792,,01/08/2014,01-January,4-Wednesday,11:40,1100 Hours,District 4 (Southwest),WOODBINE,HARRISON,,WALKER ST,Collision with:  Vehicle in traffic,On Roadway,Broadside (front to side),FTYROW:  From parked position,None Indicated,,Daylight,Wet,Clear,None apparent,Non-intersection:  Non-junction/no special feature,Paved,,Property Damage Only,0,0,0,0,0,0,1750,2,2,,POINT (-95.702045644991 41.736910070844)
2014778718,20140000642,01/08/2014,01-January,4-Wednesday,14:00,1400 Hours,District 1 (Central),DES MOINES,POLK,IA 28,IA 28/MERLE HAY RD & DOUGLAS AVE,Collision with:  Vehicle in traffic,On Roadway,Rear-end (front to rear),Followed too close,None Indicated,,Daylight,Dry,Cloudy,None apparent,Non-intersection:  Non-junction/no special feature,Paved,,Possible/Unknown,0,1,0,0,0,1,2000,2,2,,POINT (-93.697807613626 41.629450399124)
2014782679,14000152,01/08/2014,01-January,4-Wednesday,14:08,1400 Hours,District 2 (Northeast),OELWEIN,FAYETTE,,8TH AVE SE,Collision with:  Vehicle in traffic,On Roadway,Rear-end (front to rear),Driving too fast for conditions,None Indicated,,Daylight,Snow,Clear,"Surface condition (e.g., wet, icy)",Non-intersection:  Non-junction/no special feature,Paved,,Property Damage Only,0,0,0,0,0,0,6000,2,2,,POINT (-91.902692400841 42.67231854542)
2014778253,2014-1645,01/08/2014,01-January,4-Wednesday,13:09,1300 Hours,District 6 (East Central),DAVENPORT,SCOTT,,W LOMBARD ST & MARQUETTE ST,Collision with:  Vehicle in traffic,On Roadway,Broadside (front to side),Ran Traffic Signal,None Indicated,,Daylight,Wet,Cloudy,None apparent,Intersection:  Four-way intersection,Paved,,Property Damage Only,0,0,0,0,0,0,11000,2,2,,POINT (-90.591329323453 41.54187802022)
2014779230,K14-000702,01/08/2014,01-January,4-Wednesday,19:46,1900 Hours,District 5 (Southeast),KEOKUK,LEE,,MIDDLE RD,Collision with fixed object:  Culvert/pipe opening,On Roadway,Non-collision (single vehicle),Animal,None Indicated,,Dark - roadway not lighted,Ice/frost,Cloudy,"Surface condition (e.g., wet, icy)",Non-intersection:  Non-junction/no special feature,Paved,,Property Damage Only,0,0,0,0,0,0,1500,1,1,,POINT (-91.39125984234 40.429618401868)
2014779407,C14000087,01/08/2014,01-January,4-Wednesday,21:00,2100 Hours,District 6 (East Central),CORALVILLE,JOHNSON,,1ST AVE,Collision with:  Vehicle in traffic,On Roadway,Broadside (front to side),FTYROW:  From driveway,None Indicated,,Dark - roadway lighted,Unknown,Unknown,Unknown,Non-intersection:  Driveway access (within),Paved,,Property Damage Only,0,0,0,0,0,0,4000,2,3,,POINT (-91.565917711092 41.679419824472)
2014778230,20140000613,01/08/2014,01-January,4-Wednesday,07:50,0700 Hours,District 1 (Central),DES MOINES,POLK,,LOCUST ST & 9TH ST,Collision with:  Vehicle in traffic,On Roadway,"Angle, oncoming left turn",Other (explain in narrative):  Other,None Indicated,,Daylight,Dry,Cloudy,None apparent,Intersection:  Four-way intersection,Paved,,Property Damage Only,0,0,0,0,0,0,2800,2,2,,POINT (-93.628644256696 41.586056344508)
2014778443,14-000091,01/08/2014,01-January,4-Wednesday,18:08,1800 Hours,District 1 (Central),ANKENY,POLK,IA 160,IA 160/SE ORALABOR RD,Collision with:  Vehicle in traffic,On Roadway,Rear-end (front to rear),Followed too close,None Indicated,,Dark - roadway lighted,Dry,Clear,None apparent,Intersection:  Four-way intersection,Paved,,Property Damage Only,0,0,0,0,0,0,1900,4,5,,POINT (-93.577041924557 41.702879728641)
2014778447,20140000630,01/08/2014,01-January,4-Wednesday,11:30,1100 Hours,District 1 (Central),DES MOINES,POLK,,DUBUQUE AVE & E 34TH ST,Collision with:  Vehicle in traffic,On Roadway,Rear-end (front to rear),FTYROW:  From driveway,None Indicated,,Daylight,Dry,Cloudy,None apparent,Non-intersection:  Driveway access (within),Paved,,Property Damage Only,0,0,0,0,0,0,3000,2,3,,POINT (-93.549487222809 41.604512446506)
2014779209,032-006-14,01/08/2014,01-January,4-Wednesday,07:31,0700 Hours,District 3 (Northwest),ESTHERVILLE,EMMET,,7TH AVE S & S 18TH ST,Collision with:  Vehicle in traffic,On Roadway,Broadside (front to side),FTYROW:  Other (explain in narrative),None Indicated,,Daylight,Dry,Clear,None apparent,Non-intersection:  Non-junction/no special feature,Paved,,Property Damage Only,0,0,0,0,0,0,6500,2,4,,POINT (-94.818289754837 43.395135498288)
2014778656,14-005,01/08/2014,01-January,4-Wednesday,04:17,0400 Hours,District 2 (Northeast),WAVERLY,BREMER,,HORTON RD,Collision with:  Animal,,,Animal,None Indicated,,,,,,,Paved,,Property Damage Only,0,0,0,0,0,0,1500,1,1,,POINT (-92.465559472555 42.748020619224)
2014778429,201400379,01/08/2014,01-January,4-Wednesday,18:49,1800 Hours,District 6 (East Central),CEDAR RAPIDS,LINN,,33RD AVE SW,Collision with:  Vehicle in traffic,On Roadway,Rear-end (front to rear),Other (explain in narrative):  Other,None Indicated,,Dark - roadway lighted,Dry,Cloudy,None apparent,Non-intersection:  Non-junction/no special feature,Paved,,Property Damage Only,0,0,0,0,0,0,2000,2,2,,POINT (-91.671993995562 41.945013992341)
2014779115,2014001825,01/08/2014,01-January,4-Wednesday,16:05,1600 Hours,District 4 (Southwest),,FREMONT,IA 2,IA 2/IOWA 2 & 211 AVE,Collision with:  Vehicle in traffic,On Roadway,Broadside (front to side),Ran Stop Sign,None Indicated,,Daylight,Wet,Cloudy,None apparent,Intersection:  T-intersection,Paved,,Minor Injury,0,2,0,2,0,0,10000,2,2,,POINT (-95.789221323242 40.689299027211)
2014778951,1401-005,01/08/2014,01-January,4-Wednesday,15:39,1500 Hours,District 3 (Northwest),ASHTON,OSCEOLA,,5TH ST & 2ND AVE,Collision with:  Vehicle in traffic,On Roadway,Broadside (front to side),FTYROW:  At uncontrolled intersection,None Indicated,,Daylight,Ice/frost,Cloudy,"Surface condition (e.g., wet, icy)",Non-intersection:  Non-junction/no special feature,Paved,,Property Damage Only,0,0,0,0,0,0,5500,2,2,,POINT (-95.789992277204 43.313366516044)
2014778269,14-0010,01/08/2014,01-January,4-Wednesday,05:10,0500 Hours,District 1 (Central),,WEBSTER,US 169,US 169,Collision with:  Animal,,,Animal,None Indicated,,,,,,,Paved,,Property Damage Only,0,0,0,0,0,0,5000,1,1,,POINT (-94.226945847935 42.562252543271)
2014778366,14000210,01/08/2014,01-January,4-Wednesday,15:08,1500 Hours,District 6 (East Central),MANCHESTER,DELAWARE,IA 13,IA 13/IOWA 13 & W MARION ST,Collision with:  Vehicle in traffic,On Roadway,Rear-end (front to rear),Other (explain in narrative):  Vision obstructed,None Indicated,,Daylight,Dry,Clear,None apparent,Non-intersection:  Non-junction/no special feature,Paved,,Property Damage Only,0,0,0,0,0,0,7500,2,3,,POINT (-91.47944644933 42.481572244126)
2014778153,14-00739,01/08/2014,01-January,4-Wednesday,10:03,1000 Hours,District 5 (Southeast),BURLINGTON,DES MOINES,US 61,US 61 & MT PLEASANT ST,Collision with:  Vehicle in traffic,On Roadway,"Sideswipe, same direction",Improper or erratic lane changing,None Indicated,,Daylight,Snow,Cloudy,None apparent,Intersection:  Four-way intersection,Paved,,Property Damage Only,0,0,0,0,0,0,1500,2,2,,POINT (-91.141361728144 40.825883391691)
2014812921,NT-14-008,01/08/2014,01-January,4-Wednesday,07:50,0700 Hours,District 1 (Central),NEVADA,STORY,,9TH ST & K AVE,Collision with:  Vehicle in traffic,On Roadway,Broadside (front to side),FTYROW:  From yield sign,None Indicated,,Dawn,Dry,Clear,None apparent,Intersection:  Four-way intersection,Paved,,Property Damage Only,0,0,0,0,0,0,3500,2,4,,POINT (-93.448136321839 42.021720871159)
2014779503,,01/08/2014,01-January,4-Wednesday,08:00,0800 Hours,District 1 (Central),STORY CITY,STORY,,LINN ST & PARK AVE,Collision with fixed object:  Other fixed object (explain in narrative),Outside trafficway,Non-collision (single vehicle),Swerving/Evasive Action,None Indicated,,Daylight,Snow,Clear,None apparent,Intersection:  Four-way intersection,Paved,,Property Damage Only,0,0,0,0,0,0,2000,1,1,,POINT (-93.597783279899 42.181687255465)
2014778436,2014000239,01/08/2014,01-January,4-Wednesday,16:40,1600 Hours,District 1 (Central),MARSHALLTOWN,MARSHALL,,MERLE HIBBS BLVD & S CENTER ST,Collision with:  Vehicle in traffic,On Roadway,Rear-end (front to rear),Other (explain in narrative):  Other,None Indicated,,Daylight,Dry,Clear,None apparent,Intersection:  Four-way intersection,Paved,,Property Damage Only,0,0,0,0,0,0,6500,3,4,,POINT (-92.912682043951 42.012943360415)
2014778758,2014001717,01/08/2014,01-January,4-Wednesday,07:10,0700 Hours,District 2 (Northeast),,WINNEBAGO,IA 9,IA 9/350TH ST,Collision with:  Animal,,,Animal,None Indicated,,,,,,,Paved,,Property Damage Only,0,0,0,0,0,0,9000,1,1,,POINT (-93.559687856045 43.270030584387)
2014778440,SO14000050,01/08/2014,01-January,4-Wednesday,18:35,1800 Hours,District 3 (Northwest),,PLYMOUTH,IA 12,IA 12/IOWA 12,Collision with:  Animal,On Roadway,Non-collision (single vehicle),Animal,None Indicated,,Dark - roadway not lighted,Dry,Cloudy,None apparent,Non-intersection:  Non-junction/no special feature,Paved,,Property Damage Only,0,0,0,0,0,0,10600,1,1,,POINT (-96.589461452758 42.703413185577)
2014786511,,01/08/2014,01-January,4-Wednesday,18:11,1800 Hours,District 2 (Northeast),,WINNESHIEK,,,Collision with:  Animal,On Roadway,Non-collision (single vehicle),Animal,None Indicated,,Dark - roadway not lighted,Dry,Cloudy,None apparent,Non-intersection:  Non-junction/no special feature,,,Property Damage Only,0,0,0,0,0,0,2500,1,1,,POINT (-96.643700149993 40.233091251414)
2014778463,14-0054,01/08/2014,01-January,4-Wednesday,17:17,1700 Hours,District 1 (Central),URBANDALE,POLK,,MEREDITH DR,Collision with:  Vehicle in traffic,On Roadway,Rear-end (front to rear),Followed too close,None Indicated,,Dark - roadway lighted,Dry,Clear,None apparent,Non-intersection:  Non-junction/no special feature,Paved,,Property Damage Only,0,0,0,0,0,0,6000,2,2,,POINT (-93.770864478665 41.643989588992)
2014783807,14-000158,01/08/2014,01-January,4-Wednesday,07:04,0700 Hours,District 2 (Northeast),,CLAYTON,IA 13,IA 13/IOWA 13,Collision with:  Animal,,,Animal,None Indicated,,,,,,,Paved,,Property Damage Only,0,0,0,0,0,0,3500,1,1,,POINT (-91.454921667883 42.778710497322)
2014778360,CL14000060,01/08/2014,01-January,4-Wednesday,15:56,1500 Hours,District 6 (East Central),CLINTON,CLINTON,US 67,US 67/N 2ND ST/MAIN AVE & 24TH AVE N,Collision with:  Vehicle in traffic,On Roadway,"Angle, oncoming left turn",Unknown,None Indicated,,Daylight,Wet,Cloudy,None apparent,Intersection:  Four-way intersection,Paved,,Property Damage Only,0,0,0,0,0,0,5000,2,2,,POINT (-90.179809650361 41.872658395024)
2014778669,140175,01/08/2014,01-January,4-Wednesday,08:05,0800 Hours,District 4 (Southwest),DEXTER,DALLAS,,STATE ST & CLARK ST,Collision with:  Vehicle in traffic,On Roadway,Broadside (front to side),FTYROW:  From stop sign,None Indicated,,Daylight,Dry,Clear,None apparent,Intersection:  Other intersection (explain in narrative),Paved,,Property Damage Only,0,0,0,0,0,0,8000,2,2,,POINT (-94.229885441062 41.518119680262)
2014778472,14-000798,01/08/2014,01-January,4-Wednesday,07:39,0700 Hours,District 4 (Southwest),COUNCIL BLUFFS,POTTAWATTAMIE,US 6,US 6/KANESVILLE BLVD & IA 192/S 6TH ST & N 6TH ST,Collision with:  Vehicle in traffic,On Roadway,"Sideswipe, same direction",FTYROW:  Making right turn on red signal,None Indicated,,Dawn,Dry,Clear,None apparent,Intersection:  Four-way intersection,Paved,,Property Damage Only,0,0,0,0,0,0,1500,2,2,,POINT (-95.851784717647 41.262063448621)
2014778704,14000135,01/08/2014,01-January,4-Wednesday,10:42,1000 Hours,District 3 (Northwest),SHELDON,OBRIEN,,WYMAN ST & 3RD AVE,Collision with:  Vehicle in traffic,On Roadway,Broadside (front to side),Ran Stop Sign,None Indicated,,Daylight,Snow,Clear,None apparent,Intersection:  Four-way intersection,Paved,,Property Damage Only,0,0,0,0,0,0,10000,2,2,,POINT (-95.857074273711 43.175712751649)
2014780997,P14-000305,01/08/2014,01-January,4-Wednesday,15:32,1500 Hours,District 1 (Central),WEBSTER CITY,HAMILTON,,2ND ST & FUNK ST,Collision with:  Vehicle in traffic,On Roadway,Rear-end (front to rear),Improper Backing,None Indicated,,Daylight,Ice/frost,Cloudy,None apparent,Intersection:  Four-way intersection,Paved,,Property Damage Only,0,0,0,0,0,0,1550,2,3,,POINT (-93.83098312864 42.469554909914)
2014787367,14-561,01/08/2014,01-January,4-Wednesday,10:00,1000 Hours,District 1 (Central),NEWTON,JASPER,,S 13TH AVE E & E 12TH ST S,Collision with:  Vehicle in traffic,On Roadway,Broadside (front to side),Ran Stop Sign,None Indicated,,Daylight,Dry,Clear,None apparent,Intersection:  Four-way intersection,Paved,,Property Damage Only,0,0,0,0,0,0,2500,2,3,,POINT (-93.038656345846 41.688352285886)
2014778231,20140000616,01/08/2014,01-January,4-Wednesday,08:31,0800 Hours,District 1 (Central),DES MOINES,POLK,,HILLSIDE ST & E HILLSIDE AVE & INDIANOLA AVE,Collision with:  Vehicle in traffic,On Roadway,Rear-end (front to rear),Followed too close,None Indicated,,Daylight,Dry,Cloudy,None apparent,Intersection:  Four-way intersection,Paved,,Property Damage Only,0,0,0,0,0,0,2100,2,2,,POINT (-93.613898279704 41.570706575962)
2014778474,14-000841,01/08/2014,01-January,4-Wednesday,13:58,1300 Hours,District 4 (Southwest),COUNCIL BLUFFS,POTTAWATTAMIE,IA 192,IA 192/N 16TH ST & AVE A,Collision with:  Vehicle in traffic,On Roadway,Broadside (front to side),FTYROW:  From stop sign,None Indicated,,Daylight,Dry,Clear,None apparent,Intersection:  Four-way intersection,Paved,,Property Damage Only,0,0,0,0,0,0,6500,2,2,,POINT (-95.867546712021 41.262761402263)
2014778543,2014-1709,01/08/2014,01-January,4-Wednesday,17:25,1700 Hours,District 6 (East Central),DAVENPORT,SCOTT,,IA 461/BRADY ST,Collision with:  Vehicle in traffic,On Roadway,Rear-end (front to rear),Followed too close,None Indicated,,Dark - roadway lighted,Wet,Clear,None apparent,Non-intersection:  Non-junction/no special feature,Paved,,Property Damage Only,0,0,0,0,0,0,1500,2,2,,POINT (-90.572792226801 41.544225970256)
2014779530,6-2014,01/08/2014,01-January,4-Wednesday,19:45,1900 Hours,District 4 (Southwest),,HARRISON,,NIAGARA TRL,Collision with fixed object:  Utility pole/light support,Shoulder,Non-collision (single vehicle),Ran off road - right,None Indicated,,Dark - roadway not lighted,"Mud, dirt",Cloudy,None apparent,Non-intersection:  Non-junction/no special feature,Unpaved,,Property Damage Only,0,0,0,0,0,0,5000,1,1,,POINT (-95.825063343149 41.615665753714)
2014778279,14-722,01/08/2014,01-January,4-Wednesday,07:33,0700 Hours,District 3 (Northwest),SIOUX CITY,WOODBURY,IA 12,IA 12/RIVERSIDE BLVD & W 19TH ST & PAUL AVE,Collision with:  Vehicle in traffic,On Roadway,"Angle, oncoming left turn",FTYROW:  Making left turn,None Indicated,,Daylight,Dry,Clear,None apparent,Intersection:  Four-way intersection,Paved,,Property Damage Only,0,0,0,0,0,0,3200,2,2,,POINT (-96.474622031409 42.515311207972)
2014778439,14012003,01/08/2014,01-January,4-Wednesday,12:40,1200 Hours,District 4 (Southwest),CLARINDA,PAGE,,W NODAWAY ST & N 19TH ST,Collision with fixed object:  Other fixed object (explain in narrative),On Roadway,Non-collision (single vehicle),Driving too fast for conditions,None Indicated,,Daylight,Snow,Cloudy,"Surface condition (e.g., wet, icy)",Non-intersection:  Non-junction/no special feature,Paved,,Property Damage Only,0,0,0,0,0,0,3200,1,1,,POINT (-95.042228042102 40.743150228193)
2014778354,010814-72,01/08/2014,01-January,4-Wednesday,07:52,0700 Hours,District 3 (Northwest),STORM LAKE,BUENA VISTA,IA 7,IA 7/MILWAUKEE AVE,Collision with:  Vehicle in traffic,On Roadway,Rear-end (front to rear),Other (explain in narrative):  Other,None Indicated,,Daylight,Dry,Clear,None apparent,Non-intersection:  Non-junction/no special feature,Paved,,Possible/Unknown,0,1,0,0,1,0,4000,2,2,,POINT (-95.198672941292 42.647482456554)
2014780723,01-14-1174,01/08/2014,01-January,4-Wednesday,18:33,1800 Hours,District 6 (East Central),DUBUQUE,DUBUQUE,,CHAVENELLE RD,Collision with:  Vehicle in traffic,On Roadway,"Sideswipe, same direction",Lost Control,None Indicated,,Dark - roadway not lighted,Dry,Cloudy,None apparent,Non-intersection:  Non-junction/no special feature,Paved,,Property Damage Only,0,0,0,0,0,0,1800,2,5,,POINT (-90.740376735561 42.497224419349)
2014778571,14-0076,01/08/2014,01-January,4-Wednesday,17:05,1700 Hours,District 1 (Central),FORT DODGE,WEBSTER,,CENTRAL AVE & S 10TH ST & N 10TH ST,Collision with:  Vehicle in traffic,On Roadway,Rear-end (front to rear),Other (explain in narrative):  Other,None Indicated,,Dusk,Dry,Clear,None apparent,Non-intersection:  Non-junction/no special feature,Paved,,Property Damage Only,0,0,0,0,0,0,2000,2,3,,POINT (-94.184804699143 42.505438115851)
2014779068,201400001196,01/08/2014,01-January,4-Wednesday,08:28,0800 Hours,District 5 (Southeast),OTTUMWA,WAPELLO,IA 149,IA 149/WAPELLO ST VIADUCT,Collision with:  Vehicle in traffic,On Roadway,Rear-end (front to rear),Driving too fast for conditions,None Indicated,,Daylight,Dry,Clear,None apparent,Non-intersection:  Other non-intersection (explain in narrative),Paved,,Minor Injury,0,1,0,1,0,0,30000,2,2,,POINT (-92.417747941532 41.019463916378)
2014779248,14-0046,01/08/2014,01-January,4-Wednesday,15:12,1500 Hours,District 2 (Northeast),OSAGE,MITCHELL,,WALNUT ST & N 5TH ST,Collision with:  Vehicle in traffic,On Roadway,Broadside (front to side),FTYROW:  At uncontrolled intersection,None Indicated,,Daylight,Ice/frost,Cloudy,None apparent,Non-intersection:  Non-junction/no special feature,Paved,,Property Damage Only,0,0,0,0,0,0,6300,2,3,,POINT (-92.814663102594 43.28702580393)
2014779771,201400071,01/08/2014,01-January,4-Wednesday,19:45,1900 Hours,District 6 (East Central),,LINN,,POWER PLANT RD,Collision with:  Animal,,,Animal,None Indicated,,,,,,,Paved,,Property Damage Only,0,0,0,0,0,0,3000,1,1,,POINT (-91.789522901792 42.095225605917)
2014778649,W14-002209,01/08/2014,01-January,4-Wednesday,06:36,0600 Hours,District 2 (Northeast),WATERLOO,BLACK HAWK,,LINCOLN ST,Collision with:  Parked motor vehicle,On Roadway,Rear-end (front to rear),Driving too fast for conditions,None Indicated,,Dark - roadway lighted,Snow,Clear,None apparent,Non-intersection:  Non-junction/no special feature,Paved,,Possible/Unknown,0,1,0,0,1,0,8000,2,1,,POINT (-92.340483048936 42.508179172907)
2014778228,20140000595,01/08/2014,01-January,4-Wednesday,00:28,0000 Hours,District 1 (Central),DES MOINES,POLK,,E SHAWNEE AVE & OXFORD ST,Collision with:  Parked motor vehicle,Roadside,"Sideswipe, same direction","Operating vehicle in an reckless, erratic, careless, negligent manner",None Indicated,,Dark - roadway lighted,Snow,Cloudy,None apparent,Non-intersection:  Non-junction/no special feature,Paved,,Property Damage Only,0,0,0,0,0,0,2500,2,777,,POINT (-93.617521117153 41.634953760459)
2014778712,20140000641,01/08/2014,01-January,4-Wednesday,14:06,1400 Hours,District 1 (Central),DES MOINES,POLK,I-235,I-235 & 31ST ST,Collision with:  Vehicle in traffic,On Roadway,Broadside (front to side),Ran Traffic Signal,None Indicated,,Daylight,Dry,Clear,None apparent,Intersection:  Four-way intersection,Paved,,Possible/Unknown,0,1,0,0,1,0,9500,2,2,,POINT (-93.659364349203 41.592666721607)
2014778229,20140000608,01/08/2014,01-January,4-Wednesday,07:03,0700 Hours,District 1 (Central),DES MOINES,POLK,,HICKMAN RD & 47TH ST,Collision with:  Vehicle in traffic,On Roadway,Broadside (front to side),Ran Stop Sign,None Indicated,,Dark - roadway lighted,Ice/frost,Cloudy,"Surface condition (e.g., wet, icy)",Intersection:  Four-way intersection,Paved,,Property Damage Only,0,0,0,0,0,0,5500,2,3,,POINT (-93.681494721813 41.614839533244)
2014778126,W14-002137,01/08/2014,01-January,4-Wednesday,23:58,2300 Hours,District 2 (Northeast),WATERLOO,BLACK HAWK,,KERN ST & AVON AVE,Collision with:  Vehicle in traffic,On Roadway,Broadside (front to side),FTYROW:  At uncontrolled intersection,None Indicated,,Dark - roadway not lighted,Ice/frost,Clear,"Surface condition (e.g., wet, icy)",Intersection:  Four-way intersection,Paved,,Possible/Unknown,0,1,0,0,0,1,3000,2,3,,POINT (-92.355068098405 42.514989521085)
2014779492,,01/08/2014,01-January,4-Wednesday,16:40,1600 Hours,District 4 (Southwest),,RINGGOLD,US 169,US 169,Collision with fixed object:  Other fixed object (explain in narrative),Gore,Non-collision (single vehicle),Ran off road - right,None Indicated,,Daylight,Dry,Clear,None apparent,Non-intersection:  Non-junction/no special feature,Paved,,Property Damage Only,0,0,0,0,0,0,2200,1,1,,POINT (-94.223558229942 40.84368324689)
2014778424,201400385,01/08/2014,01-January,4-Wednesday,20:10,2000 Hours,District 6 (East Central),CEDAR RAPIDS,LINN,,E AVE NW & WILEY BLVD NW,Collision with:  Vehicle in traffic,On Roadway,Broadside (front to side),FTYROW:  From stop sign,None Indicated,,Dark - roadway lighted,Dry,Clear,None apparent,Intersection:  Four-way intersection,Paved,,Property Damage Only,0,0,0,0,0,0,2350,2,3,,POINT (-91.725714000701 41.978370453183)
2014778362,CL14000057,01/08/2014,01-January,4-Wednesday,12:19,1200 Hours,District 6 (East Central),CLINTON,CLINTON,,MANUFACTURING DR,Collision with:  Vehicle in traffic,On Roadway,Rear-end (front to rear),Lost Control,None Indicated,,Daylight,Ice/frost,Cloudy,"Surface condition (e.g., wet, icy)",Non-intersection:  Other non-intersection (explain in narrative),Paved,,Property Damage Only,0,0,0,0,0,0,4000,2,2,,POINT (-90.237409177872 41.82499620013)
2014778427,201400366,01/08/2014,01-January,4-Wednesday,16:09,1600 Hours,District 6 (East Central),CEDAR RAPIDS,LINN,IA 922,IA 922/1ST AVE E & 12TH ST SE & 12TH ST NE,Collision with:  Vehicle in traffic,On Roadway,Broadside (front to side),Ran Traffic Signal,None Indicated,,Daylight,Dry,Cloudy,None apparent,Intersection:  Four-way intersection,Paved,,Property Damage Only,0,0,0,0,0,0,18000,2,2,,POINT (-91.657837363073 41.984946097347)
2014778575,14-790,01/08/2014,01-January,4-Wednesday,17:38,1700 Hours,District 3 (Northwest),SIOUX CITY,WOODBURY,I-29,I-29,Collision with:  Vehicle in traffic,On Roadway,Rear-end (front to rear),Followed too close,None Indicated,,Dark - roadway lighted,Dry,Clear,None apparent,Interchange-related:  On-ramp merge area,Paved,,Possible/Unknown,0,1,0,0,1,0,4000,2,2,,POINT (-96.392281402516 42.484725587542)
2014778363,14-53,01/08/2014,01-January,4-Wednesday,23:17,2300 Hours,District 3 (Northwest),CHARTER OAK,CRAWFORD,,BIRCH AVE,Collision with:  Parked motor vehicle,On Roadway,Rear-end (front to rear),Other (explain in narrative):  Other,None Indicated,,Dark - roadway lighted,Dry,Cloudy,None apparent,Non-intersection:  Non-junction/no special feature,Paved,,Property Damage Only,0,0,0,0,0,0,10000,2,1,,POINT (-95.593943972078 42.067709796103)
2014778469,14-000040,01/08/2014,01-January,4-Wednesday,13:49,1300 Hours,District 1 (Central),ALTOONA,POLK,,8TH ST SW,Collision with:  Vehicle in traffic,On Roadway,Rear-end (front to rear),Other (explain in narrative):  Other,None Indicated,,Daylight,Dry,Cloudy,None apparent,Non-intersection:  Non-junction/no special feature,Paved,,Property Damage Only,0,0,0,0,0,0,4000,2,3,,POINT (-93.477967387619 41.644067491991)
2014779598,14-0030,01/08/2014,01-January,4-Wednesday,06:57,0600 Hours,District 1 (Central),CLIVE,POLK,US 6,US 6/HICKMAN RD,Collision with:  Vehicle in traffic,On Roadway,Rear-end (front to rear),FTYROW:  Other (explain in narrative),None Indicated,,Dawn,Dry,Cloudy,None apparent,Intersection:  Four-way intersection,Paved,,Property Damage Only,0,0,0,0,0,0,13000,3,3,,POINT (-93.77207829483 41.614897344685)
2014779114,2014001811,01/08/2014,01-January,4-Wednesday,14:55,1400 Hours,District 2 (Northeast),,BREMER,,MIDWAY AVE & 250TH ST,Collision with:  Vehicle in traffic,On Roadway,Broadside (front to side),FTYROW:  At uncontrolled intersection,None Indicated,,Daylight,Ice/frost,Clear,None apparent,Intersection:  Four-way intersection,Unpaved,,Minor Injury,0,2,0,1,1,0,7500,2,3,,POINT (-92.317476590842 42.685897481999)
2014783412,2014-1719,01/08/2014,01-January,4-Wednesday,17:41,1700 Hours,District 6 (East Central),DAVENPORT,SCOTT,,E 61ST BLVD & LAKEVIEW CT & LAKESHORE CIR,Collision with:  Vehicle in traffic,On Roadway,"Angle, oncoming left turn",Other (explain in narrative):  Other,None Indicated,,Dark - roadway lighted,Snow,Cloudy,None apparent,Non-intersection:  Non-junction/no special feature,Paved,,Property Damage Only,0,0,0,0,0,0,7500,2,2,,POINT (-90.513995886077 41.583470611396)
2014778210,14000457,01/08/2014,01-January,4-Wednesday,07:12,0700 Hours,District 6 (East Central),MARION,LINN,,29TH AVE & 31ST ST,Collision with:  Vehicle in traffic,On Roadway,Broadside (front to side),FTYROW:  From stop sign,None Indicated,,Dawn,Dry,Clear,None apparent,Intersection:  Four-way intersection,Paved,,Property Damage Only,0,0,0,0,0,0,4200,2,2,,POINT (-91.57930371528 42.050431724411)