Iowa DOT Case Number,Law Enforcement Case Number,Date of Crash,Month of Crash,Day of Week,Time of Crash,Hour,DOT District,City Name,County Name,Route with System,Location Description,First Harmful Event,Location of First Harmful Event,Manner of Crash/Collision,Major Cause,Drug or Alcohol ,Environmental Conditions,Light Conditions,Surface Conditions,Weather Conditions,Roadway Contribution,Roadway Type,Roadway Surface,Work Zone,Crash Severity,Number of Fatalities,Number of Injuries,Number of Major Injuries,Number of Minor Injuries,Number of Possible Injuries,Number of Unknown Injuries,Amount of Property Damage,Number of Vehicles Involved,Total Number of Occupants,Travel Direction,Location
2014778473,14-000829,01/08/2014,01-January,4-Wednesday,11:52,1100 Hours,District 4 (Southwest),COUNCIL BLUFFS,POTTAWATTAMIE,I-29,I-29,Collision with:  Other non-fixed object (explain in narrative),Shoulder,Non-collision (single vehicle),Lost Control,Alcohol (Statutory),,Daylight,Dry,Cloudy,None apparent,Interchange-related:  Off-ramp,Paved,,Property Damage Only,0,0,0,0,0,0,2500,1,1,,POINT (-95.904055244139 41.24464349752)
2014780230,20140001836,01/08/2014,01-January,4-Wednesday,17:19,1700 Hours,District 6 (East Central),DAVENPORT,SCOTT,I-80,I-80,Collision with fixed object:  Guardrail - face,Shoulder,Non-collision (single vehicle),Swerving/Evasive Action,None Indicated,,Dark - roadway lighted,Dry,Clear,None apparent,"Interchange-related:  Off-ramp, diverge area",Paved,,Property Damage Only,0,0,0,0,0,0,10600,1,1,,POINT (-90.573577795949 41.595948104985)
2014778678,14-139,01/08/2014,01-January,4-Wednesday,18:56,1800 Hours,District 3 (Northwest),,IDA,,Co Rd M25/MARKET AVE,Collision with fixed object:  Bridge overhead structure,On Roadway,Non-collision (single vehicle),Ran off road - right,None Indicated,,Dark - roadway not lighted,Dry,Clear,None apparent,Non-intersection:  Other non-intersection (explain in narrative),Paved,,Minor Injury,0,1,0,1,0,0,6800,1,1,,POINT (-95.420396435615 42.372720361538)
2014778361,CL14000055,01/08/2014,01-January,4-Wednesday,06:02,0600 Hours,District 6 (East Central),CLINTON,CLINTON,US 30,US 30/8TH AVE S/S 4TH ST & US 67,Collision with:  Vehicle in traffic,On Roadway,"Sideswipe, same direction",Made improper turn,None Indicated,,Dark - roadway lighted,Slush,Cloudy,None apparent,Non-intersection:  Non-junction/no special feature,Paved,,Property Damage Only,0,0,0,0,0,0,4000,2,2,,POINT (-90.193192440467 41.837783242397)
2014778644,14000322,01/08/2014,01-January,4-Wednesday,17:59,1700 Hours,District 5 (Southeast),,APPANOOSE,,Co Rd T61/310TH AVE,Collision with:  Animal,,,Animal,None Indicated,,,,,,,Paved,,Property Damage Only,0,0,0,0,0,0,3500,1,1,,POINT (-92.695816245447 40.770154131725)
2014779876,2014-1583,01/08/2014,01-January,4-Wednesday,07:16,0700 Hours,District 6 (East Central),DAVENPORT,SCOTT,,E 35TH ST,Collision with:  Vehicle in traffic,On Roadway,Unknown,Other (explain in narrative):  Other,None Indicated,,Daylight,Wet,Clear,None apparent,Non-intersection:  Non-junction/no special feature,Paved,,Property Damage Only,0,0,0,0,0,0,2000,2,4,,POINT (-90.569400595877 41.554754811161)
2014778885,00078,01/08/2014,01-January,4-Wednesday,11:47,1100 Hours,District 6 (East Central),DYERSVILLE,DUBUQUE,,3RD ST SE & 3RD ST NE & 1ST AVE E,Collision with:  Vehicle in traffic,On Roadway,Rear-end (front to rear),FTYROW:  From parked position,None Indicated,,Daylight,Dry,Clear,None apparent,Non-intersection:  Non-junction/no special feature,Paved,,Possible/Unknown,0,1,0,0,1,0,20000,3,2,,POINT (-91.121540526423 42.484638811858)
2014788108,2014-1677,01/08/2014,01-January,4-Wednesday,15:35,1500 Hours,District 6 (East Central),DAVENPORT,SCOTT,,IA 461/BRADY ST,Collision with:  Vehicle in traffic,On Roadway,Rear-end (front to rear),Followed too close,None Indicated,,Daylight,Dry,Cloudy,None apparent,Non-intersection:  Non-junction/no special feature,Paved,,Property Damage Only,0,0,0,0,0,0,4200,2,2,,POINT (-90.569597918217 41.574437900684)
2014778364,2014-0078,01/08/2014,01-January,4-Wednesday,07:40,0700 Hours,District 4 (Southwest),WAUKEE,DALLAS,,UNIVERSITY AVE & FLORENCE DR,Collision with:  Vehicle in traffic,On Roadway,Rear-end (front to rear),Driver Distraction:  Manual operation of an electronic communication device,None Indicated,,Daylight,Dry,Cloudy,None apparent,Non-intersection:  Non-junction/no special feature,Paved,,Property Damage Only,0,0,0,0,0,0,7500,2,4,,POINT (-93.86341582546 41.600394589266)
2014779160,,01/08/2014,01-January,4-Wednesday,18:45,1800 Hours,District 3 (Northwest),,CHEROKEE,,Co Rd L56/RIVER RD,Collision with:  Animal,On Roadway,Non-collision (single vehicle),Animal,None Indicated,,Dark - roadway not lighted,Dry,Clear,,Non-intersection:  Non-junction/no special feature,Paved,,Property Damage Only,0,0,0,0,0,0,7500,1,4,,POINT (-95.593731058106 42.664608240067)
2014778645,14000326,01/08/2014,01-January,4-Wednesday,19:53,1900 Hours,District 5 (Southeast),,APPANOOSE,,Co Rd S70/HWY S70,Collision with:  Animal,,,Animal,None Indicated,,,,,,,Paved,,Property Damage Only,0,0,0,0,0,0,2500,1,1,,POINT (-93.045285959243 40.854181346022)
2014778345,W14-002290,01/08/2014,01-January,4-Wednesday,12:45,1200 Hours,District 2 (Northeast),WATERLOO,BLACK HAWK,US 63,US 63/E MULLAN AVE & DANE ST,Collision with:  Vehicle in traffic,On Roadway,"Angle, oncoming left turn",FTYROW:  Making left turn,None Indicated,,Daylight,Dry,Clear,None apparent,Intersection:  Four-way intersection,Paved,,Property Damage Only,0,0,0,0,0,0,30000,2,3,,POINT (-92.336690574438 42.507688983253)
2014778888,P14-000304,01/08/2014,01-January,4-Wednesday,15:27,1500 Hours,District 1 (Central),WEBSTER CITY,HAMILTON,,ELM ST & GROVE ST,Collision with:  Vehicle in traffic,On Roadway,Broadside (front to side),FTYROW:  At uncontrolled intersection,None Indicated,,Daylight,Snow,Cloudy,"Surface condition (e.g., wet, icy)",Intersection:  Four-way intersection,Paved,,Property Damage Only,0,0,0,0,0,0,4000,2,2,,POINT (-93.828757240539 42.46496003269)
2014778341,14002228,01/08/2014,01-January,4-Wednesday,00:00,0000 Hours,District 2 (Northeast),CEDAR FALLS,BLACK HAWK,,E SEERLEY BLVD,Collision with:  Parked motor vehicle,On Roadway,Unknown,Unknown,None Indicated,,Unknown,Snow,Clear,None apparent,Non-intersection:  Non-junction/no special feature,Paved,,Property Damage Only,0,0,0,0,0,0,1500,2,1,,POINT (-92.43591600245 42.515794233087)
2014778899,2014000212,01/08/2014,01-January,4-Wednesday,17:50,1700 Hours,District 6 (East Central),IOWA CITY,JOHNSON,IA 1,IA 1/IOWA 1 & MORMON TREK BLVD,Collision with:  Vehicle in traffic,On Roadway,Rear-end (front to rear),"Operating vehicle in an reckless, erratic, careless, negligent manner",None Indicated,,Dark - roadway lighted,Dry,Clear,None apparent,Intersection:  Four-way intersection,Paved,,Possible/Unknown,0,1,0,0,1,0,1000,2,3,,POINT (-91.564644881024 41.636125913439)
2014778574,14-789,01/08/2014,01-January,4-Wednesday,17:29,1700 Hours,District 3 (Northwest),SIOUX CITY,WOODBURY,,18TH ST & ILLINOIS AVE & STEUBEN ST,Collision with:  Vehicle in traffic,On Roadway,"Angle, oncoming left turn",Other (explain in narrative):  Other,None Indicated,,Dusk,Dry,Clear,None apparent,Intersection:  Four-way intersection,Paved,,Property Damage Only,0,0,0,0,0,0,1500,2,2,,POINT (-96.388892739468 42.508462742155)
2014782088,14-00232,01/08/2014,01-January,4-Wednesday,18:37,1800 Hours,District 5 (Southeast),MOUNT PLEASANT,HENRY,,235TH ST,Collision with:  Animal,On Roadway,Non-collision (single vehicle),Animal,None Indicated,,Dark - roadway not lighted,Dry,Clear,None apparent,Non-intersection:  Non-junction/no special feature,Paved,,Property Damage Only,0,0,0,0,0,0,12000,1,2,,POINT (-91.580705393606 40.967057215554)
2014787889,,01/08/2014,01-January,4-Wednesday,12:18,1200 Hours,District 5 (Southeast),MUSCATINE,MUSCATINE,US 61,US 61 & IA 22/IOWA 22,Collision with:  Vehicle in traffic,On Roadway,Rear-end (front to rear),Unknown,None Indicated,,Daylight,Dry,Clear,None apparent,Intersection:  Four-way intersection,Paved,,Property Damage Only,0,0,0,0,0,0,3000,2,2,,POINT (-91.091916082477 41.436152721549)
2014778652,201400081,01/08/2014,01-January,4-Wednesday,13:29,1300 Hours,District 1 (Central),,BOONE,US 30,US 30/220TH ST,Collision with:  Vehicle in traffic,On Roadway,Rear-end (front to rear),FTYROW:  Other (explain in narrative),None Indicated,,Daylight,Dry,Clear,None apparent,Non-intersection:  Non-junction/no special feature,Paved,,Possible/Unknown,0,1,0,0,1,0,28000,2,2,,POINT (-94.088914472764 42.034605738922)
2014779057,14S00043,01/08/2014,01-January,4-Wednesday,21:00,2100 Hours,District 4 (Southwest),,UNION,,Co Rd H33/160TH ST,Collision with:  Other non-fixed object (explain in narrative),Shoulder,Non-collision (single vehicle),Swerving/Evasive Action,None Indicated,,Dark - roadway lighted,Snow,Clear,None apparent,Non-intersection:  Non-junction/no special feature,Unpaved,,Minor Injury,0,1,0,1,0,0,5500,1,2,,POINT (-94.276765102097 41.070891540644)
2014778572,14-0079,01/08/2014,01-January,4-Wednesday,17:45,1700 Hours,District 1 (Central),FORT DODGE,WEBSTER,,13TH AVE S,Collision with:  Parked motor vehicle,On Roadway,Unknown,Unknown,None Indicated,,Dark - roadway not lighted,Snow,Clear,None apparent,Non-intersection:  Non-junction/no special feature,Paved,,Property Damage Only,0,0,0,0,0,0,2000,2,1,,POINT (-94.167459001896 42.490306428693)
2014779432,14-000135,01/08/2014,01-January,4-Wednesday,00:30,0000 Hours,District 1 (Central),ANKENY,POLK,IA 160,IA 160/SE ORALABOR RD,Collision with fixed object:  Traffic sign support,Median,Non-collision (single vehicle),Ran off road - left,None Indicated,,Dark - roadway lighted,Dry,Clear,None apparent,Non-intersection:  Crossover-related,Paved,,Property Damage Only,0,0,0,0,0,0,2050,1,1,,POINT (-93.598519602886 41.70286895485)
2014785439,,01/08/2014,01-January,4-Wednesday,13:45,1300 Hours,District 6 (East Central),CLINTON,CLINTON,,23RD PL,Collision with:  Vehicle in traffic,On Roadway,"Sideswipe, same direction",Unknown,None Indicated,,Daylight,Snow,Clear,,Non-intersection:  Non-junction/no special feature,Paved,,Property Damage Only,0,0,0,0,0,0,2600,2,2,,POINT (-90.216576539684 41.826456145455)
2014778702,1401081-A,01/08/2014,01-January,4-Wednesday,10:55,1000 Hours,District 4 (Southwest),RED OAK,MONTGOMERY,,SUMMIT ST & MILLER AVE,Collision with:  Vehicle in traffic,On Roadway,Broadside (front to side),Ran Stop Sign,None Indicated,,Daylight,Dry,Clear,None apparent,Intersection:  Other intersection (explain in narrative),Paved,,Possible/Unknown,0,1,0,0,1,0,2000,2,2,,POINT (-95.218534914826 41.016216110008)
2014778459,20140000675,01/08/2014,01-January,4-Wednesday,17:58,1700 Hours,District 1 (Central),DES MOINES,POLK,,HIGHVIEW DR & FLEUR DR,Collision with:  Vehicle in traffic,On Roadway,Rear-end (front to rear),FTYROW:  Making right turn on red signal,None Indicated,,Dark - roadway lighted,Dry,Cloudy,None apparent,Non-intersection:  Non-junction/no special feature,Paved,,Property Damage Only,0,0,0,0,0,0,1600,2,3,,POINT (-93.645052377925 41.531381265327)
2014779620,2014-503,01/08/2014,01-January,4-Wednesday,22:50,2200 Hours,District 6 (East Central),DAVENPORT,SCOTT,,IA 461/BRADY ST & VETERANS MEMORIAL PKWY & W 65TH ST,Collision with:  Vehicle in traffic,On Roadway,Broadside (front to side),FTYROW:  Making left turn,None Indicated,,Dark - roadway lighted,Dry,Clear,None apparent,Intersection:  Four-way intersection,Paved,,Property Damage Only,0,0,0,0,0,0,5100,2,4,,POINT (-90.571325145913 41.585633288289)
2014787888,,01/08/2014,01-January,4-Wednesday,02:30,0200 Hours,District 5 (Southeast),,MUSCATINE,,N MULBERRY RD,Non-collision events:  Overturn/rollover,Roadside,Non-collision (single vehicle),Driving too fast for conditions,Alcohol (Statutory),,Dark - roadway not lighted,Snow,Clear,"Surface condition (e.g., wet, icy)",Non-intersection:  Non-junction/no special feature,Unpaved,,Minor Injury,0,1,0,1,0,0,15000,1,1,,POINT (-91.101817762697 41.50948847456)
2014779734,19ES01082014,01/08/2014,01-January,4-Wednesday,10:15,1000 Hours,District 5 (Southeast),OSCEOLA,CLARKE,,E CASS ST,Collision with:  Parked motor vehicle,On Roadway,Broadside (front to side),Other (explain in narrative):  Vision obstructed,None Indicated,,Daylight,Dry,Cloudy,None apparent,Non-intersection:  Driveway access (within),Paved,,Property Damage Only,0,0,0,0,0,0,2500,2,1,,POINT (-93.759030663395 41.032019519576)
2014779212,14-000262,01/09/2014,01-January,5-Thursday,08:44,0800 Hours,District 2 (Northeast),MAYNARD,FAYETTE,,MAYNARD ST & 3RD ST N,Collision with:  Vehicle in traffic,On Roadway,Broadside (front to side),FTYROW:  Other (explain in narrative),None Indicated,,Daylight,Ice/frost,Cloudy,"Surface condition (e.g., wet, icy)",Intersection:  Four-way intersection,Paved,,Major Injury,0,1,1,0,0,0,11500,2,4,,POINT (-91.88015567821 42.775320169199)
2014778719,20140000769,01/09/2014,01-January,5-Thursday,17:38,1700 Hours,District 1 (Central),DES MOINES,POLK,,MULBERRY ST & 10TH ST,Collision with:  Vehicle in traffic,On Roadway,Rear-end (front to rear),Lost Control,None Indicated,,Dusk,Wet,Cloudy,None apparent,Intersection:  Four-way intersection,Paved,,Property Damage Only,0,0,0,0,0,0,1800,2,2,,POINT (-93.629211713523 41.583954550046)
2014783790,S14-A0901A,01/09/2014,01-January,5-Thursday,00:00,0000 Hours,District 5 (Southeast),,CLARKE,,270 AVE,Collision with:  Animal,On Roadway,Non-collision (single vehicle),Animal,None Indicated,,Dark - roadway not lighted,Dry,Clear,Unknown,Non-intersection:  Non-junction/no special feature,Paved,,Property Damage Only,0,0,0,0,0,0,2800,1,1,,POINT (-93.692595530115 41.044896089803)
2014782639,02-14-523,01/09/2014,01-January,5-Thursday,17:51,1700 Hours,District 6 (East Central),SHERRILL,DUBUQUE,,Co Rd C9Y/BALLTOWN RD,Collision with:  Animal,,,Animal,None Indicated,,,,,,,Paved,,Property Damage Only,0,0,0,0,0,0,4500,1,1,,POINT (-90.825777255854 42.634396631096)
2014780482,14-000113,01/09/2014,01-January,5-Thursday,16:15,1600 Hours,District 1 (Central),AMES,STORY,US 69,US 69/GRAND AVE & NORTHWOOD DR & WHEELER ST,Collision with:  Non-motorist (see non-motorist section - NOT a unit),On Roadway,Non-collision (single vehicle),FTYROW:  Making right turn on red signal,None Indicated,,Daylight,Dry,Clear,None apparent,Intersection:  Four-way intersection,Paved,,Minor Injury,0,1,0,1,0,0,0,1,1,,POINT (-93.620608512856 42.053935953716)
2014778731,14-000961,01/09/2014,01-January,5-Thursday,11:05,1100 Hours,District 4 (Southwest),COUNCIL BLUFFS,POTTAWATTAMIE,,S 1ST ST,Collision with:  Vehicle in traffic,On Roadway,Unknown,Other (explain in narrative):  No improper action,None Indicated,,Daylight,Dry,Clear,None apparent,Non-intersection:  Non-junction/no special feature,Paved,,Possible/Unknown,0,1,0,0,0,1,1500,2,2,,POINT (-95.842386830875 41.261962799361)
2014778630,EP14-000048,01/09/2014,01-January,5-Thursday,06:58,0600 Hours,District 2 (Northeast),EAGLE GROVE,WRIGHT,,N IOWA AVE,Collision with:  Vehicle in traffic,On Roadway,Rear-end (front to rear),Swerving/Evasive Action,None Indicated,,Dawn,Ice/frost,Clear,"Surface condition (e.g., wet, icy)",Non-intersection:  Non-junction/no special feature,Paved,,Property Damage Only,0,0,0,0,0,0,3000,2,1,,POINT (-93.905984964689 42.668786443524)
2014779074,1400202,01/09/2014,01-January,5-Thursday,18:07,1800 Hours,District 5 (Southeast),WASHINGTON,WASHINGTON,,E POLK ST & S IOWA AVE,Collision with fixed object:  Curb/island/raised median,Shoulder,Non-collision (single vehicle),Ran off road - left,None Indicated,,Dark - roadway lighted,Wet,Cloudy,None apparent,Non-intersection:  Non-junction/no special feature,Paved,,Property Damage Only,0,0,0,0,0,0,5050,1,1,,POINT (-91.691868944879 41.288479556103)
2014778815,W14-002650,01/09/2014,01-January,5-Thursday,11:24,1100 Hours,District 2 (Northeast),WATERLOO,BLACK HAWK,,E SAN MARNAN DR & HAWKEYE RD,Collision with:  Vehicle in traffic,On Roadway,Rear-end (front to rear),Followed too close,None Indicated,,Daylight,Dry,Cloudy,None apparent,Intersection:  T-intersection,Paved,,Possible/Unknown,0,1,0,0,1,0,1500,2,2,,POINT (-92.346733469011 42.457295872089)
2014778658,14-007,01/09/2014,01-January,5-Thursday,13:46,1300 Hours,District 2 (Northeast),WAVERLY,BREMER,IA 3,IA 3/BREMER AVE & 2ND ST SE & 2ND ST NE,Collision with:  Vehicle in traffic,On Roadway,Rear-end (front to rear),Followed too close,None Indicated,,Daylight,Dry,Cloudy,None apparent,Intersection:  Four-way intersection,Paved,,Property Damage Only,0,0,0,0,0,0,7000,2,2,,POINT (-92.468107592323 42.725806969564)
2014779291,GP20140023,01/09/2014,01-January,5-Thursday,19:39,1900 Hours,District 1 (Central),GRINNELL,POWESHIEK,,REED ST,Collision with:  Parked motor vehicle,On Roadway,Rear-end (front to rear),Separation of units,None Indicated,,Dark - unknown roadway lighting,Wet,Clear,None apparent,Non-intersection:  Non-junction/no special feature,Paved,,Minor Injury,0,2,0,1,1,0,8000,2,3,,POINT (-92.733285150849 41.746937732212)
2014778697,1400000022,01/09/2014,01-January,5-Thursday,17:30,1700 Hours,District 1 (Central),,MARSHALL,IA 14,IA 14/REED AVE,Collision with:  Animal,,,Animal,None Indicated,,,,,,,Paved,,Property Damage Only,0,0,0,0,0,0,4000,1,1,,POINT (-92.916817159053 41.972227237015)
2014780903,DCP14-013,01/09/2014,01-January,5-Thursday,11:10,1100 Hours,District 4 (Southwest),DALLAS CENTER,DALLAS,,CHERRY ST & 14TH ST,Collision with:  Vehicle in traffic,On Roadway,Broadside (front to side),FTYROW:  From yield sign,None Indicated,,Daylight,Wet,Cloudy,None apparent,Intersection:  Four-way intersection,Paved,,Minor Injury,0,1,0,1,0,0,6000,2,2,,POINT (-93.961183195778 41.682357782436)
2014779041,14-483,01/09/2014,01-January,5-Thursday,17:03,1700 Hours,District 6 (East Central),BETTENDORF,SCOTT,,14TH ST,Collision with:  Vehicle in traffic,On Roadway,"Sideswipe, same direction",Made improper turn,None Indicated,,Dark - roadway lighted,Snow,Cloudy,None apparent,Non-intersection:  Non-junction/no special feature,Paved,,Property Damage Only,0,0,0,0,0,0,5000,2,3,,POINT (-90.51299868867 41.526619054391)
2014778715,20140000755,01/09/2014,01-January,5-Thursday,15:30,1500 Hours,District 1 (Central),DES MOINES,POLK,,E WALNUT ST & E 29TH ST,Collision with:  Vehicle in traffic,On Roadway,Broadside (front to side),Ran Stop Sign,None Indicated,,Daylight,Dry,Cloudy,None apparent,Intersection:  Other intersection (explain in narrative),Paved,,Possible/Unknown,0,1,0,0,1,0,1700,2,2,,POINT (-93.561092633311 41.593521593309)
2014783101,14-000116,01/09/2014,01-January,5-Thursday,17:34,1700 Hours,District 1 (Central),AMES,STORY,,Co Rd E42/220TH ST,Collision with:  Vehicle in traffic,On Roadway,Head-on (front to front),Crossed centerline (undivided),None Indicated,,Dark - roadway not lighted,Dry,Clear,None apparent,Non-intersection:  Non-junction/no special feature,Paved,,Fatal,1,1,1,0,0,0,30000,2,2,,POINT (-93.593996720312 42.034379451405)
2014779420,14-000662,01/09/2014,01-January,5-Thursday,18:22,1800 Hours,District 5 (Southeast),,MARION,IA 5,IA 5/IOWA 5,Collision with:  Animal,,,Animal,None Indicated,,,,,,,Paved,,Property Damage Only,0,0,0,0,0,0,1500,1,1,,POINT (-93.056616712475 41.284764932804)
2014778814,W14-002624,01/09/2014,01-January,5-Thursday,09:54,0900 Hours,District 2 (Northeast),WATERLOO,BLACK HAWK,,FLAMMANG DR,Collision with:  Vehicle in traffic,On Roadway,"Angle, oncoming left turn",FTYROW:  Making left turn,None Indicated,,Daylight,Dry,Cloudy,None apparent,Intersection:  Four-way intersection,Paved,,Possible/Unknown,0,2,0,0,2,0,3000,2,3,,POINT (-92.326454396776 42.460015352835)
2014778717,20140000761,01/09/2014,01-January,5-Thursday,16:20,1600 Hours,District 1 (Central),DES MOINES,POLK,IA 163,IA 163/E UNIVERSITY AVE & E 28TH ST & E 28TH CT,Collision with:  Vehicle in traffic,On Roadway,Broadside (front to side),Improper Backing,None Indicated,,Daylight,Dry,Cloudy,None apparent,Intersection:  Other intersection (explain in narrative),Paved,,Possible/Unknown,0,1,0,0,1,0,1000,2,4,,POINT (-93.562353111544 41.60050506045)
2014779735,19ES01092014,01/09/2014,01-January,5-Thursday,07:46,0700 Hours,District 5 (Southeast),OSCEOLA,CLARKE,,E WASHINGTON ST & N KOSSUTH ST,Collision with:  Vehicle in traffic,On Roadway,Broadside (front to side),FTYROW:  From stop sign,None Indicated,,Daylight,Dry,Cloudy,None apparent,Intersection:  Four-way intersection,Paved,,Property Damage Only,0,0,0,0,0,0,3000,2,5,,POINT (-93.760051004592 41.034886371644)
2014779155,14-0075,01/09/2014,01-January,5-Thursday,08:30,0800 Hours,District 6 (East Central),MONTICELLO,JONES,,E SOUTH ST & S CEDAR ST,Collision with:  Vehicle in traffic,On Roadway,Unknown,Other (explain in narrative):  Vision obstructed,None Indicated,,Daylight,Snow,Clear,None apparent,Intersection:  Four-way intersection,Paved,,Property Damage Only,0,0,0,0,0,0,1500,2,3,,POINT (-91.189465549917 42.232303468089)
2014778681,PD1400246,01/09/2014,01-January,5-Thursday,14:31,1400 Hours,District 5 (Southeast),FAIRFIELD,JEFFERSON,,W BURLINGTON AVE,Collision with:  Vehicle in traffic,On Roadway,Rear-end (front to rear),Followed too close,None Indicated,,Daylight,Wet,Snow,None apparent,Intersection:  Four-way intersection,Paved,,Property Damage Only,0,0,0,0,0,0,5200,2,4,,POINT (-91.977786187567 41.006456765312)
2014786393,2014-1917,01/09/2014,01-January,5-Thursday,15:00,1500 Hours,District 6 (East Central),DAVENPORT,SCOTT,,ELMORE AVE,Collision with:  Vehicle in traffic,On Roadway,Broadside (front to side),FTYROW:  Making left turn,None Indicated,,Daylight,Wet,Snow,None apparent,Non-intersection:  Driveway access (within),Paved,,Possible/Unknown,0,1,0,0,1,0,12500,2,3,,POINT (-90.528580770502 41.575337306726)
2014779104,2014002078,01/09/2014,01-January,5-Thursday,17:36,1700 Hours,District 1 (Central),,POLK,I-35,I-35,Collision with:  Vehicle in traffic,On Roadway,Rear-end (front to rear),Swerving/Evasive Action,None Indicated,,Dark - roadway lighted,Dry,Cloudy,None apparent,Non-intersection:  Non-junction/no special feature,Paved,,Property Damage Only,0,0,0,0,0,0,3000,2,3,,POINT (-93.580113541621 41.651460623016)
2014779504,,01/09/2014,01-January,5-Thursday,17:45,1700 Hours,District 1 (Central),STORY CITY,STORY,,BROAD ST,Collision with:  Vehicle in traffic,On Roadway,Rear-end (front to rear),Swerving/Evasive Action,None Indicated,,Dark - roadway lighted,Dry,Clear,None apparent,Non-intersection:  Non-junction/no special feature,Paved,,Possible/Unknown,0,1,0,0,1,0,3500,2,4,,POINT (-93.578850636657 42.187665482552)
2014779062,20140001444,01/09/2014,01-January,5-Thursday,19:37,1900 Hours,District 5 (Southeast),OTTUMWA,WAPELLO,IA 149,IA 149/WAPELLO ST & W 4TH ST,Collision with:  Vehicle in traffic,On Roadway,"Angle, oncoming left turn",Made improper turn,None Indicated,,Dark - roadway lighted,Dry,Clear,None apparent,Intersection:  Intersection with ramp,Paved,,Property Damage Only,0,0,0,0,0,0,1900,2,4,,POINT (-92.414262899315 41.022166716666)
2014779686,,01/09/2014,01-January,5-Thursday,15:57,1500 Hours,District 6 (East Central),ASBURY,DUBUQUE,,ASBURY RD & HALES MILL RD,Collision with:  Vehicle in traffic,On Roadway,Broadside (front to side),FTYROW:  From stop sign,None Indicated,,Daylight,Dry,Cloudy,None apparent,Intersection:  T-intersection,Paved,,Property Damage Only,0,0,0,0,0,0,1500,2,2,,POINT (-90.751785538152 42.51436077207)
2014779116,2014002083,01/09/2014,01-January,5-Thursday,17:40,1700 Hours,District 4 (Southwest),,POTTAWATTAMIE,I-80,I-80,Collision with:  Animal,,,Animal,None Indicated,,,,,,,Paved,,Property Damage Only,0,0,0,0,0,0,7000,1,1,,POINT (-95.638953442584 41.421792363028)
2014779500,,01/09/2014,01-January,5-Thursday,19:43,1900 Hours,District 2 (Northeast),NEW HAMPTON,CHICKASAW,,N PLEASANT HILL AVE,Collision with:  Animal,On Roadway,Non-collision (single vehicle),Animal,None Indicated,,Dark - roadway lighted,Snow,Clear,None apparent,Non-intersection:  Non-junction/no special feature,Paved,,Property Damage Only,0,0,0,0,0,0,3500,1,1,,POINT (-92.308679408017 43.060696881769)
2014780722,01-14-1323,01/09/2014,01-January,5-Thursday,16:37,1600 Hours,District 6 (East Central),DUBUQUE,DUBUQUE,US 20,US 20/RAMP,Collision with:  Vehicle in traffic,On Roadway,Rear-end (front to rear),Other (explain in narrative):  Other,None Indicated,,Dusk,Wet,Cloudy,None apparent,Intersection:  Intersection with ramp,Paved,,Property Damage Only,0,0,0,0,0,0,2000,2,2,,POINT (-90.679554221245 42.490686379437)
2014778849,14-000212,01/09/2014,01-January,5-Thursday,10:26,1000 Hours,District 4 (Southwest),ATLANTIC,CASS,US 6,US 6/7TH ST,Collision with:  Vehicle in traffic,On Roadway,Rear-end (front to rear),FTYROW:  Other (explain in narrative),None Indicated,,Daylight,Dry,Clear,None apparent,Non-intersection:  Non-junction/no special feature,Paved,,Property Damage Only,0,0,0,0,0,0,2000,2,3,,POINT (-95.002423430318 41.403889355963)
2014779220,2014000242,01/09/2014,01-January,5-Thursday,13:07,1300 Hours,District 6 (East Central),IOWA CITY,JOHNSON,US 6,US 6/S RIVERSIDE DR & W BENTON ST,Collision with:  Vehicle in traffic,On Roadway,Rear-end (front to rear),Followed too close,None Indicated,,Daylight,Dry,Cloudy,None apparent,Intersection:  Four-way intersection,Paved,,Property Damage Only,0,0,0,0,0,0,2500,2,2,,POINT (-91.540203618127 41.650346166468)
2014778716,20140000757,01/09/2014,01-January,5-Thursday,15:05,1500 Hours,District 1 (Central),DES MOINES,POLK,,OLIVE AVE & 23RD ST,Collision with:  Vehicle in traffic,On Roadway,Head-on (front to front),Unknown,None Indicated,,Daylight,Dry,Cloudy,None apparent,Intersection:  Four-way intersection,Paved,,Property Damage Only,0,0,0,0,0,0,1900,2,2,,POINT (-93.648146724274 41.593955494446)
2014778444,20140000709,01/09/2014,01-January,5-Thursday,03:00,0300 Hours,District 1 (Central),DES MOINES,POLK,,E 8TH ST,Unknown,Shoulder,Rear-end (front to rear),Unknown,None Indicated,,Dark - roadway lighted,Dry,Cloudy,Unknown,Non-intersection:  Non-junction/no special feature,Paved,,Property Damage Only,0,0,0,0,0,0,5000,2,1,,POINT (-93.608404436954 41.625598869884)
2014779765,C14000097,01/09/2014,01-January,5-Thursday,11:00,1100 Hours,District 6 (East Central),CORALVILLE,JOHNSON,,1ST ST & 1ST AVE,Non-collision events:  Other non-collision (explain in narrative),On Roadway,Non-collision (single vehicle),Lost Control,None Indicated,,Daylight,Other (explain in narrative),Clear,None apparent,Non-intersection:  Non-junction/no special feature,Paved,,Minor Injury,0,1,0,1,0,0,500,1,1,,POINT (-91.567943835882 41.667691152652)
2014778442,14-163,01/09/2014,01-January,5-Thursday,01:11,0100 Hours,District 1 (Central),DES MOINES,POLK,,NE 54TH AVE & NE 5TH ST,Collision with fixed object:  Mailbox,Shoulder,Non-collision (single vehicle),Made improper turn,Alcohol (Statutory),,Dark - roadway not lighted,Dry,Clear,None apparent,Non-intersection:  Non-junction/no special feature,Paved,,Property Damage Only,0,0,0,0,0,0,10100,1,1,,POINT (-93.612690437672 41.658596388589)