Iowa DOT Case Number,Law Enforcement Case Number,Date of Crash,Month of Crash,Day of Week,Time of Crash,Hour,DOT District,City Name,County Name,Route with System,Location Description,First Harmful Event,Location of First Harmful Event,Manner of Crash/Collision,Major Cause,Drug or Alcohol ,Environmental Conditions,Light Conditions,Surface Conditions,Weather Conditions,Roadway Contribution,Roadway Type,Roadway Surface,Work Zone,Crash Severity,Number of Fatalities,Number of Injuries,Number of Major Injuries,Number of Minor Injuries,Number of Possible Injuries,Number of Unknown Injuries,Amount of Property Damage,Number of Vehicles Involved,Total Number of Occupants,Travel Direction,Location
2014789670,2014-1868,01/09/2014,01-January,5-Thursday,11:50,1100 Hours,District 6 (East Central),DAVENPORT,SCOTT,,W 13TH ST,Collision with:  Vehicle in traffic,On Roadway,"Sideswipe, same direction",Driving too fast for conditions,None Indicated,,Daylight,Snow,Cloudy,"Surface condition (e.g., wet, icy)",Non-intersection:  Non-junction/no special feature,Paved,,Property Damage Only,0,0,0,0,0,0,1500,2,3,,POINT (-90.592078288902 41.532680143269)
2014778675,14-00891,01/09/2014,01-January,5-Thursday,19:01,1900 Hours,District 5 (Southeast),BURLINGTON,DES MOINES,US 61,US 61 & MT PLEASANT ST,Collision with:  Vehicle in traffic,On Roadway,Rear-end (front to rear),FTYROW:  Making right turn on red signal,None Indicated,,Dark - roadway lighted,Slush,Cloudy,None apparent,Intersection:  Four-way intersection,Paved,,Property Damage Only,0,0,0,0,0,0,3000,2,2,,POINT (-91.141361728144 40.825883391691)
2014780721,01-14-1294,01/09/2014,01-January,5-Thursday,14:29,1400 Hours,District 6 (East Central),DUBUQUE,DUBUQUE,US 52,US 52/CENTRAL AVE/E 9TH ST & W 9TH ST,Collision with:  Vehicle in traffic,On Roadway,"Sideswipe, same direction",Improper or erratic lane changing,None Indicated,,Daylight,Dry,Cloudy,None apparent,Non-intersection:  Non-junction/no special feature,Paved,,Property Damage Only,0,0,0,0,0,0,3500,2,2,,POINT (-90.66554359679 42.502279592739)
2014778817,W14-002793,01/09/2014,01-January,5-Thursday,19:44,1900 Hours,District 2 (Northeast),WATERLOO,BLACK HAWK,,W AIRLINE HWY,Collision with:  Vehicle in traffic,On Roadway,Broadside (front to side),Made improper turn,None Indicated,,Dark - roadway not lighted,Wet,Clear,None apparent,Non-intersection:  Driveway access (within),Paved,,Property Damage Only,0,0,0,0,0,0,10500,2,2,,POINT (-92.389681742902 42.541998330774)
2014781963,2014-00547,01/09/2014,01-January,5-Thursday,21:05,2100 Hours,District 5 (Southeast),,WARREN,,70TH AVE,Collision with:  Animal,,,Animal,None Indicated,,,,,,,Unpaved,,Property Damage Only,0,0,0,0,0,0,3500,1,1,,POINT (-93.67397611513 41.422604002787)
2014780234,2014002081,01/09/2014,01-January,5-Thursday,18:10,1800 Hours,District 6 (East Central),IOWA CITY,JOHNSON,I-80,I-80,Collision with:  Vehicle in traffic,On Roadway,"Sideswipe, same direction",Swerving/Evasive Action,None Indicated,,Dark - roadway not lighted,Dry,Cloudy,None apparent,Interchange-related:  On-ramp merge area,Paved,,Property Damage Only,0,0,0,0,0,0,8000,2,2,,POINT (-91.545287440587 41.685906616179)
2014778367,14-000856,01/09/2014,01-January,5-Thursday,10:19,1000 Hours,District 5 (Southeast),BURLINGTON,DES MOINES,,CENTRAL AVE,Collision with:  Vehicle in traffic,On Roadway,Broadside (front to side),Lost Control,None Indicated,,Daylight,Snow,Cloudy,"Surface condition (e.g., wet, icy)",Non-intersection:  Non-junction/no special feature,Paved,,Property Damage Only,0,0,0,0,0,0,2000,2,2,,POINT (-91.112881730976 40.807351246294)
2014778749,14-885,01/09/2014,01-January,5-Thursday,17:55,1700 Hours,District 3 (Northwest),SIOUX CITY,WOODBURY,IA 12,IA 12/GORDON DR & S MAPLE ST,Collision with:  Vehicle in traffic,On Roadway,Broadside (front to side),Ran Traffic Signal,None Indicated,,Dark - roadway lighted,Dry,Clear,None apparent,Intersection:  Four-way intersection,Paved,,Property Damage Only,0,0,0,0,0,0,11000,3,3,,POINT (-96.339553523659 42.475776556205)
2014779585,14-000127,01/09/2014,01-January,5-Thursday,15:40,1500 Hours,District 3 (Northwest),DOON,LYON,,MAIN ST,Collision with:  Vehicle in traffic,On Roadway,Unknown,FTYROW:  From parked position,None Indicated,,Daylight,Dry,Clear,None apparent,Non-intersection:  Non-junction/no special feature,Paved,,Property Damage Only,0,0,0,0,0,0,1500,2,2,,POINT (-96.233230585751 43.279311249805)
2014778901,2014000244,01/09/2014,01-January,5-Thursday,13:34,1300 Hours,District 6 (East Central),IOWA CITY,JOHNSON,US 6,US 6/S RIVERSIDE DR & W BENTON ST,Collision with:  Vehicle in traffic,On Roadway,Rear-end (front to rear),Followed too close,None Indicated,,Daylight,Dry,Cloudy,None apparent,Non-intersection:  Non-junction/no special feature,Paved,,Property Damage Only,0,0,0,0,0,0,2400,2,2,,POINT (-91.540203618127 41.650346166468)
2014778654,14-487,01/09/2014,01-January,5-Thursday,18:17,1800 Hours,District 2 (Northeast),,BREMER,US 63,US 63,Collision with:  Animal,,,Animal,None Indicated,,,,,,,Paved,,Property Damage Only,0,0,0,0,0,0,4000,1,1,,POINT (-92.323439431583 42.898630669001)
2014779040,14-479,01/09/2014,01-January,5-Thursday,16:16,1600 Hours,District 6 (East Central),BETTENDORF,SCOTT,US 67,US 67/STATE ST & DEVILS GLEN RD,Collision with:  Vehicle in traffic,On Roadway,Rear-end (front to rear),Driving too fast for conditions,None Indicated,,Daylight,Wet,Rain,"Surface condition (e.g., wet, icy)",Intersection:  Four-way intersection,Paved,,Property Damage Only,0,0,0,0,0,0,2400,2,3,,POINT (-90.481363490086 41.529271496991)
2014779193,14000141,01/09/2014,01-January,5-Thursday,17:44,1700 Hours,District 2 (Northeast),,CERRO GORDO,,Co Rd S36/MALLARD AVE & 285TH ST,Collision with:  Animal,,,Animal,None Indicated,,,,,,,Paved,,Property Damage Only,0,0,0,0,0,0,3000,1,1,,POINT (-93.260550270612 43.176904585561)
2014778969,20140000707,01/09/2014,01-January,5-Thursday,06:15,0600 Hours,District 1 (Central),DES MOINES,POLK,,CROCKER ST & 7TH ST,Collision with:  Vehicle in traffic,On Roadway,Broadside (front to side),Ran Traffic Signal,None Indicated,,Dark - roadway lighted,Dry,Clear,None apparent,Intersection:  Four-way intersection,Paved,,Possible/Unknown,0,1,0,0,1,0,10000,2,2,,POINT (-93.626892139986 41.593442848499)
2014779769,201400078,01/09/2014,01-January,5-Thursday,17:40,1700 Hours,District 6 (East Central),,LINN,,Co Rd X20/PRAIRIEBURG RD & MCNAMARA RD,Collision with:  Animal,,,Animal,None Indicated,,,,,,,Paved,,Property Damage Only,0,0,0,0,0,0,6500,1,1,,POINT (-91.423147748579 42.198569256489)
2014779496,,01/09/2014,01-January,5-Thursday,19:00,1900 Hours,District 4 (Southwest),,ADAIR,,Co Rd G53/270TH ST,Collision with fixed object:  Ditch,On Roadway,Non-collision (single vehicle),Swerving/Evasive Action,None Indicated,,Dark - roadway not lighted,"Mud, dirt",Cloudy,None apparent,Non-intersection:  Non-junction/no special feature,Unpaved,,Property Damage Only,0,0,0,0,0,0,15000,1,1,,POINT (-94.443667517389 41.258359838243)
2014779928,14000420,01/09/2014,01-January,5-Thursday,17:28,1700 Hours,District 2 (Northeast),MASON CITY,CERRO GORDO,,12TH ST NE,Collision with fixed object:  Utility pole/light support,Shoulder,Non-collision (single vehicle),Ran off road - right,None Indicated,,Dark - roadway lighted,Wet,Cloudy,None apparent,Non-intersection:  Non-junction/no special feature,Paved,,Possible/Unknown,0,1,0,0,1,0,5000,1,1,,POINT (-93.191099653452 43.162931114483)
2014781990,,01/09/2014,01-January,5-Thursday,09:40,0900 Hours,District 2 (Northeast),NORTHWOOD,WORTH,US 65,US 65/CENTRAL AVE/10TH ST S & 10TH ST N,Collision with:  Vehicle in traffic,On Roadway,"Sideswipe, opposite direction",Lost Control,None Indicated,,Daylight,Ice/frost,Clear,"Surface condition (e.g., wet, icy)",Non-intersection:  Non-junction/no special feature,Paved,,Property Damage Only,0,0,0,0,0,0,2000,2,2,,POINT (-93.218354258988 43.444042203038)
2014779623,14-486,01/09/2014,01-January,5-Thursday,18:28,1800 Hours,District 6 (East Central),BETTENDORF,SCOTT,,LUNDY LN & DEVILS GLEN RD,Collision with:  Vehicle in traffic,On Roadway,Rear-end (front to rear),Driver Distraction:  Manual operation of an electronic communication device,None Indicated,,Dark - roadway lighted,Dry,Cloudy,None apparent,Intersection:  T-intersection,Paved,,Property Damage Only,0,0,0,0,0,0,2000,2,2,,POINT (-90.483733580698 41.545111516417)
2014778694,201400424,01/09/2014,01-January,5-Thursday,14:30,1400 Hours,District 6 (East Central),CEDAR RAPIDS,LINN,IA 100,IA 100/COLLINS RD NE & F AVE NE,Collision with:  Vehicle in traffic,On Roadway,"Angle, oncoming left turn",FTYROW:  Making left turn,None Indicated,,Daylight,Wet,Clear,None apparent,Intersection:  Four-way intersection,Paved,,Minor Injury,0,2,0,2,0,0,3000,2,2,,POINT (-91.643445904277 42.028241746377)
2014778835,140018O,01/09/2014,01-January,5-Thursday,17:50,1700 Hours,District 1 (Central),OGDEN,BOONE,,S 1ST ST,Collision with:  Vehicle in traffic,On Roadway,Rear-end (front to rear),Driving too fast for conditions,None Indicated,,Dark - roadway lighted,Ice/frost,Unknown,"Surface condition (e.g., wet, icy)",Non-intersection:  Non-junction/no special feature,Paved,,Property Damage Only,0,0,0,0,0,0,1700,2,3,,POINT (-94.028038096811 42.037607936376)
2014778426,201400408,01/09/2014,01-January,5-Thursday,10:53,1000 Hours,District 6 (East Central),CEDAR RAPIDS,LINN,,MT VERNON RD SE & 8TH AVE SE & 10TH ST SE,Collision with:  Vehicle in traffic,On Roadway,Head-on (front to front),FTYROW:  Making left turn,None Indicated,,Daylight,Dry,Clear,None apparent,Intersection:  Four-way intersection,Paved,,Property Damage Only,0,0,0,0,0,0,11000,2,2,,POINT (-91.653808476606 41.977927938579)
2014778850,14000398,01/09/2014,01-January,5-Thursday,09:44,0900 Hours,District 2 (Northeast),MASON CITY,CERRO GORDO,,3RD ST SW & S TAYLOR AVE,Collision with:  Vehicle in traffic,On Roadway,Broadside (front to side),Ran Stop Sign,None Indicated,,Daylight,Dry,Cloudy,None apparent,Intersection:  Four-way intersection,Paved,,Property Damage Only,0,0,0,0,0,0,6500,2,3,,POINT (-93.218335031627 43.14924005156)
2014778767,2014002065,01/09/2014,01-January,5-Thursday,16:00,1600 Hours,District 4 (Southwest),,MILLS,US 34,US 34 & Co Rd L31/195TH ST,Collision with:  Vehicle in traffic,On Roadway,Head-on (front to front),Crossed centerline (undivided),None Indicated,,Daylight,Dry,Cloudy,Work Zone (roadway-related),Non-intersection:  Non-junction/no special feature,Paved,Yes,Possible/Unknown,0,2,0,0,2,0,25000,3,6,,POINT (-95.80403398521 41.046458946671)
2014778703,14000158,01/09/2014,01-January,5-Thursday,15:27,1500 Hours,District 3 (Northwest),SHELDON,OBRIEN,,9TH ST & 6TH AVE,Collision with:  Vehicle in traffic,On Roadway,Rear-end (front to rear),Lost Control,None Indicated,,Daylight,Dry,Clear,None apparent,Intersection:  Four-way intersection,Paved,,Property Damage Only,0,0,0,0,0,0,2000,2,4,,POINT (-95.850899763029 43.179972761617)
2014779501,,01/09/2014,01-January,5-Thursday,21:07,2100 Hours,District 2 (Northeast),NEW HAMPTON,CHICKASAW,,S LINN AVE,Collision with:  Vehicle in traffic,On Roadway,"Sideswipe, same direction",Unknown,None Indicated,,Dark - roadway lighted,Snow,Clear,None apparent,Non-intersection:  Driveway access (within),Paved,,Possible/Unknown,0,1,0,0,1,0,8000,2,3,,POINT (-92.317839806504 43.056357436054)
2014778701,14-000122,01/09/2014,01-January,5-Thursday,06:59,0600 Hours,District 3 (Northwest),ONAWA,MONONA,,CAMEO ST,Collision with:  Railway vehicle/train,On Roadway,Broadside (front to side),FTYROW:  Other (explain in narrative),None Indicated,,Dark - roadway not lighted,Snow,Clear,None apparent,Non-intersection:  Railroad grade crossing,Paved,,Property Damage Only,0,0,0,0,0,0,6100,2,1,,POINT (-96.095068358316 42.030713181054)
2014780696,01-14-1331,01/09/2014,01-January,5-Thursday,17:29,1700 Hours,District 6 (East Central),DUBUQUE,DUBUQUE,,PENNSYLVANIA AVE & CHURCHILL DR,Collision with:  Vehicle in traffic,On Roadway,Rear-end (front to rear),Lost Control,None Indicated,,Dark - roadway not lighted,Dry,Clear,None apparent,Non-intersection:  Non-junction/no special feature,Paved,,Property Damage Only,0,0,0,0,0,0,5000,3,3,,POINT (-90.711333228674 42.500448034726)
2014795145,,01/09/2014,01-January,5-Thursday,15:30,1500 Hours,District 5 (Southeast),MUSCATINE,MUSCATINE,,E 8TH ST & SPRING ST,Collision with:  Vehicle in traffic,On Roadway,Unknown,Unknown,None Indicated,,,,,,,Paved,,Possible/Unknown,0,1,0,0,1,0,2222,2,2,,POINT (-91.042974087134 41.43023238757)
2014778900,2014000239,01/09/2014,01-January,5-Thursday,11:24,1100 Hours,District 6 (East Central),IOWA CITY,JOHNSON,,N SCOTT BLVD,Collision with:  Vehicle in traffic,On Roadway,Rear-end (front to rear),Followed too close,None Indicated,,Daylight,Wet,Clear,None apparent,Non-intersection:  Non-junction/no special feature,Paved,,Property Damage Only,0,0,0,0,0,0,11000,3,4,,POINT (-91.507544016075 41.680847123219)
2014778859,CL14000065,01/09/2014,01-January,5-Thursday,15:06,1500 Hours,District 6 (East Central),CLINTON,CLINTON,,5TH AVE S,Collision with:  Vehicle in traffic,On Roadway,"Sideswipe, same direction",Other (explain in narrative):  No improper action,None Indicated,,Daylight,Snow,Cloudy,"Surface condition (e.g., wet, icy)",Non-intersection:  Non-junction/no special feature,Paved,,Property Damage Only,0,0,0,0,0,0,16000,4,5,,POINT (-90.189345293961 41.841210326485)
2014778714,20140000749,01/09/2014,01-January,5-Thursday,13:42,1300 Hours,District 1 (Central),DES MOINES,POLK,,GLOVER AVE,Collision with:  Vehicle in traffic,On Roadway,"Sideswipe, same direction",FTYROW:  Other (explain in narrative),None Indicated,,Daylight,Dry,Cloudy,None apparent,Non-intersection:  Non-junction/no special feature,Paved,,Property Damage Only,0,0,0,0,0,0,2000,2,2,,POINT (-93.628776003212 41.550161608181)
2014782094,14-150109-01,01/09/2014,01-January,5-Thursday,18:05,1800 Hours,District 6 (East Central),,IOWA,IA 149,IA 149/290TH ST,Collision with:  Animal,,,Animal,None Indicated,,,,,,,Paved,,Property Damage Only,0,0,0,0,0,0,1500,1,1,,POINT (-92.055804799811 41.582898102682)
2014778772,14000162,01/09/2014,01-January,5-Thursday,15:29,1500 Hours,District 2 (Northeast),ALGONA,KOSSUTH,,E NORTH ST & N HARLAN ST,Collision with:  Vehicle in traffic,On Roadway,Broadside (front to side),FTYROW:  At uncontrolled intersection,None Indicated,,Daylight,Snow,Clear,"Surface condition (e.g., wet, icy)",Intersection:  Four-way intersection,Paved,,Property Damage Only,0,0,0,0,0,0,3500,2,5,,POINT (-94.234256055803 43.070878752677)
2014778692,201400438,01/09/2014,01-January,5-Thursday,17:14,1700 Hours,District 6 (East Central),CEDAR RAPIDS,LINN,,EDGEWOOD RD NE,Collision with:  Vehicle in traffic,On Roadway,Rear-end (front to rear),Followed too close,None Indicated,,Dark - roadway lighted,Dry,Cloudy,None apparent,Non-intersection:  Non-junction/no special feature,Paved,,Property Damage Only,0,0,0,0,0,0,25600,5,10,,POINT (-91.701252832193 42.033314609848)
2014778999,14-0057,01/09/2014,01-January,5-Thursday,07:38,0700 Hours,District 1 (Central),URBANDALE,POLK,,70TH ST,Collision with:  Vehicle in traffic,On Roadway,Broadside (front to side),FTYROW:  From driveway,None Indicated,,Daylight,Dry,Clear,None apparent,Non-intersection:  Driveway access (within),Paved,,Property Damage Only,0,0,0,0,0,0,3500,2,3,,POINT (-93.712225347494 41.637036072952)
2014779768,201300080,01/09/2014,01-January,5-Thursday,23:20,2300 Hours,District 6 (East Central),CEDAR RAPIDS,LINN,US 30,US 30 & DOGWOOD DR SW,Collision with:  Animal,,,Animal,None Indicated,,,,,,,Paved,,Property Damage Only,0,0,0,0,0,0,3500,1,1,,POINT (-91.59376941833 41.925880323671)
2014778657,14-006,01/09/2014,01-January,5-Thursday,12:57,1200 Hours,District 2 (Northeast),WAVERLY,BREMER,,3RD AVE NW & 16TH ST NW,Collision with fixed object:  Traffic sign support,On Roadway,Non-collision (single vehicle),Ran off road - left,None Indicated,,Daylight,Ice/frost,Clear,"Surface condition (e.g., wet, icy)",Non-intersection:  Non-junction/no special feature,Paved,,Property Damage Only,0,0,0,0,0,0,1700,1,2,,POINT (-92.489550334833 42.728011827509)
2014782432,14-00246,01/09/2014,01-January,5-Thursday,11:31,1100 Hours,District 5 (Southeast),MOUNT PLEASANT,HENRY,,E WASHINGTON ST,Collision with:  Vehicle in traffic,On Roadway,Rear-end (front to rear),Driving too fast for conditions,None Indicated,,Daylight,Snow,Snow,None apparent,Non-intersection:  Non-junction/no special feature,Paved,,Property Damage Only,0,0,0,0,0,0,2500,2,3,,POINT (-91.52595154184 40.961388680614)
2014778695,201400426,01/09/2014,01-January,5-Thursday,15:25,1500 Hours,District 6 (East Central),CEDAR RAPIDS,LINN,IA 922,IA 922/1ST AVE E & 8TH ST SE & 8TH ST NE,Collision with:  Vehicle in traffic,On Roadway,Rear-end (front to rear),Lost Control,None Indicated,,Daylight,Dry,Cloudy,None apparent,Non-intersection:  Non-junction/no special feature,Paved,,Property Damage Only,0,0,0,0,0,0,3200,2,4,,POINT (-91.662040617253 41.982527407866)
2014779140,2014001898,01/09/2014,01-January,5-Thursday,08:05,0800 Hours,District 6 (East Central),WALCOTT,SCOTT,I-80,I-80 & Co Rd Y40/60 AVE,Collision with:  Vehicle in traffic,On Roadway,"Sideswipe, same direction",Improper or erratic lane changing,None Indicated,,Daylight,Dry,Clear,None apparent,Non-intersection:  Non-junction/no special feature,Paved,,Property Damage Only,0,0,0,0,0,0,9000,2,3,,POINT (-90.783075185254 41.617977733006)
2014785613,2014-1961,01/09/2014,01-January,5-Thursday,18:00,1800 Hours,District 6 (East Central),DAVENPORT,SCOTT,,KIRKWOOD BLVD,Collision with fixed object:  Other fixed object (explain in narrative),On Roadway,Non-collision (single vehicle),Driving too fast for conditions,None Indicated,,Dark - roadway not lighted,Wet,Snow,None apparent,Non-intersection:  Non-junction/no special feature,Paved,,Property Damage Only,0,0,0,0,0,0,3000,1,1,,POINT (-90.546922998448 41.534679332171)
2014795272,14-000203,01/09/2014,01-January,5-Thursday,17:30,1700 Hours,District 5 (Southeast),COLUMBUS JUNCTION,LOUISA,IA 92,IA 92/IOWA 92,Collision with:  Animal,,Non-collision (single vehicle),Animal,None Indicated,,,,,,,Paved,,Property Damage Only,0,0,0,0,0,0,1500,1,1,,POINT (-91.43112076057 41.288148098056)
2014778686,C14000105,01/09/2014,01-January,5-Thursday,17:54,1700 Hours,District 6 (East Central),CORALVILLE,JOHNSON,US 6,US 6/2ND ST,Collision with:  Vehicle in traffic,On Roadway,Rear-end (front to rear),Followed too close,None Indicated,,Dark - roadway lighted,Wet,Cloudy,"Surface condition (e.g., wet, icy)",Non-intersection:  Non-junction/no special feature,Paved,,Property Damage Only,0,0,0,0,0,0,7000,2,3,,POINT (-91.561085521093 41.667128117832)
2014780635,14000394,01/09/2014,01-January,5-Thursday,06:00,0600 Hours,District 6 (East Central),,CEDAR,,Co Rd X42/IVORY AVE,Collision with:  Animal,,,Animal,None Indicated,,,,,,,Unpaved,,Property Damage Only,0,0,0,0,0,0,5000,1,1,,POINT (-91.195438974272 41.638622328598)
2014778860,CL14000066,01/09/2014,01-January,5-Thursday,16:07,1600 Hours,District 6 (East Central),CLINTON,CLINTON,,11TH AVE N & N 10TH ST,Collision with:  Vehicle in traffic,On Roadway,"Sideswipe, same direction",FTYROW:  From parked position,None Indicated,,Daylight,Wet,Cloudy,None apparent,Non-intersection:  Non-junction/no special feature,Paved,,Property Damage Only,0,0,0,0,0,0,3500,2,2,,POINT (-90.209445847414 41.856154993169)
2014778577,14-847,01/09/2014,01-January,5-Thursday,11:29,1100 Hours,District 3 (Northwest),SIOUX CITY,WOODBURY,,OUTER DR N & BUCKWALTER DR,Collision with:  Vehicle in traffic,On Roadway,Rear-end (front to rear),Driver Distraction:  Reaching for object(s)/fallen object(s),None Indicated,,Daylight,Dry,Clear,None apparent,Non-intersection:  Non-junction/no special feature,Paved,,Property Damage Only,0,0,0,0,0,0,2500,2,2,,POINT (-96.385910975873 42.54111112418)
2014778851,14000412,01/09/2014,01-January,5-Thursday,14:18,1400 Hours,District 2 (Northeast),MASON CITY,CERRO GORDO,IA 122,IA 122/4TH ST SW & CRESCENT DR,Collision with:  Vehicle in traffic,On Roadway,Rear-end (front to rear),Followed too close,None Indicated,,Daylight,Wet,Cloudy,None apparent,Intersection:  Four-way intersection,Paved,,Property Damage Only,0,0,0,0,0,0,8500,2,2,,POINT (-93.213596760649 43.148276471318)
2014780973,01-14-1236,01/09/2014,01-January,5-Thursday,08:05,0800 Hours,District 6 (East Central),DUBUQUE,DUBUQUE,,CLARKE DR & ASBURY RD,Collision with:  Vehicle in traffic,On Roadway,Head-on (front to front),FTYROW:  Making left turn,None Indicated,,Daylight,Dry,Cloudy,None apparent,Intersection:  T-intersection,Paved,,Property Damage Only,0,0,0,0,0,0,8000,2,2,,POINT (-90.701911678885 42.505158251184)
2014779045,14-000106,01/09/2014,01-January,5-Thursday,11:26,1100 Hours,District 1 (Central),AMES,STORY,US 69,US 69/LINCOLN WAY,Collision with:  Vehicle in traffic,On Roadway,"Sideswipe, same direction",FTYROW:  Other (explain in narrative),None Indicated,,Daylight,Dry,Cloudy,None apparent,Non-intersection:  Non-junction/no special feature,Paved,,Property Damage Only,0,0,0,0,0,0,1500,2,3,,POINT (-93.614110064786 42.02289830243)
2014779890,2014-1864,01/09/2014,01-January,5-Thursday,03:00,0300 Hours,District 6 (East Central),DAVENPORT,SCOTT,,SHEFFIELD DR,Collision with:  Parked motor vehicle,On Roadway,Rear-end (front to rear),Lost Control,None Indicated,,Dark - roadway lighted,Snow,Cloudy,None apparent,Non-intersection:  Non-junction/no special feature,Paved,,Property Damage Only,0,0,0,0,0,0,2000,2,1,,POINT (-90.614408594762 41.576673822029)
2014779236,201400077,01/09/2014,01-January,5-Thursday,17:15,1700 Hours,District 6 (East Central),,LINN,US 151,US 151,Collision with:  Vehicle in traffic,On Roadway,Rear-end (front to rear),Driving too fast for conditions,None Indicated,,Dark - roadway not lighted,Ice/frost,Cloudy,"Surface condition (e.g., wet, icy)",Non-intersection:  Non-junction/no special feature,Paved,,Property Damage Only,0,0,0,0,0,0,3000,2,2,,POINT (-91.551588123311 41.97464810921)
2014778445,20140000736,01/09/2014,01-January,5-Thursday,11:40,1100 Hours,District 1 (Central),DES MOINES,POLK,,LYON ST,Collision with:  Vehicle in traffic,On Roadway,Broadside (front to side),FTYROW:  From driveway,None Indicated,,Daylight,Ice/frost,Cloudy,None apparent,Non-intersection:  Driveway access (within),Paved,,Property Damage Only,0,0,0,0,0,0,1600,2,3,,POINT (-93.571804784292 41.597305904577)
2014779621,2014-590,01/09/2014,01-January,5-Thursday,23:04,2300 Hours,District 6 (East Central),,SCOTT,,242 ST & 97 AVE,Non-collision events:  Overturn/rollover,On Roadway,Non-collision (single vehicle),Swerving/Evasive Action,None Indicated,,Dark - roadway not lighted,Snow,Clear,None apparent,Intersection:  T-intersection,Unpaved,,Possible/Unknown,0,1,0,0,1,0,1500,1,1,,POINT (-90.709569593541 41.658442706369)
2014778707,14-0179,01/09/2014,01-January,5-Thursday,14:34,1400 Hours,District 1 (Central),GRIMES,POLK,,NW 121ST ST,Collision with fixed object:  Ditch,Roadside,Non-collision (single vehicle),Driving too fast for conditions,None Indicated,,Daylight,Dry,Clear,None apparent,Non-intersection:  Non-junction/no special feature,Paved,,Minor Injury,0,1,0,1,0,0,5000,1,1,,POINT (-93.785140287588 41.713049276931)
2014780636,14000422,01/09/2014,01-January,5-Thursday,23:24,2300 Hours,District 6 (East Central),,CEDAR,,Co Rd F44/290TH & Co Rd Y26/YANKEE AVE,Non-collision events:  Overturn/rollover,,,Ran off road - right,Alcohol (< Statutory),,,,,,,Paved,,Possible/Unknown,0,1,0,0,1,0,8000,1,1,,POINT (-90.918841467532 41.669899653616)
2014781964,2014-00539,01/09/2014,01-January,5-Thursday,18:33,1800 Hours,District 5 (Southeast),,WARREN,US 65,US 65,Collision with:  Animal,,,Animal,None Indicated,,,,,,,Paved,,Property Damage Only,0,0,0,0,0,0,4500,1,1,,POINT (-93.500281612197 41.21265628953)
2014778986,20140000758,01/09/2014,01-January,5-Thursday,15:54,1500 Hours,District 1 (Central),DES MOINES,POLK,US 6,US 6/DOUGLAS AVE & 50TH ST,Collision with:  Vehicle in traffic,On Roadway,"Angle, oncoming left turn",FTYROW:  Making left turn,None Indicated,,Daylight,Dry,Clear,None apparent,Intersection:  Four-way intersection,Paved,,Possible/Unknown,0,2,0,0,2,0,4000,2,4,,POINT (-93.687723585376 41.62948414875)
2014778713,20140000711,01/09/2014,01-January,5-Thursday,00:00,0000 Hours,District 1 (Central),DES MOINES,POLK,,ROLLINS AVE & 23RD PL,Collision with fixed object:  Other fixed object (explain in narrative),Outside trafficway,Non-collision (single vehicle),Ran off road - left,None Indicated,,Dark - roadway lighted,Dry,Cloudy,None apparent,Non-intersection:  Non-junction/no special feature,Paved,,Property Damage Only,0,0,0,0,0,0,1500,1,1,,POINT (-93.648974854298 41.592779881227)
2014780362,2014000241,01/09/2014,01-January,5-Thursday,11:53,1100 Hours,District 6 (East Central),IOWA CITY,JOHNSON,,S 1ST AVE,Collision with:  Vehicle in traffic,On Roadway,"Sideswipe, same direction",Improper or erratic lane changing,None Indicated,,Daylight,Dry,Cloudy,None apparent,Non-intersection:  Non-junction/no special feature,Paved,,Property Damage Only,0,0,0,0,0,0,2500,2,3,,POINT (-91.503084174573 41.643104507167)
2014824100,G39010914A,01/09/2014,01-January,5-Thursday,14:43,1400 Hours,District 4 (Southwest),GUTHRIE CENTER,GUTHRIE,,DIVISION ST,Collision with:  Parked motor vehicle,On Roadway,"Sideswipe, same direction",Other (explain in narrative):  Other,None Indicated,,Daylight,Dry,Clear,None apparent,Non-intersection:  Non-junction/no special feature,Paved,,Property Damage Only,0,0,0,0,0,0,2750,2,2,,POINT (-94.504788178731 41.675408296443)
2014778667,14-338,01/09/2014,01-January,5-Thursday,08:03,0800 Hours,District 3 (Northwest),SPENCER,CLAY,,W 14TH ST,Collision with:  Vehicle in traffic,On Roadway,Broadside (front to side),FTYROW:  From driveway,None Indicated,,Daylight,Snow,Clear,None apparent,Non-intersection:  Driveway access (within),Paved,,Possible/Unknown,0,3,0,0,2,1,1700,2,4,,POINT (-95.14606732027 43.151757382411)
2014779586,14-000124,01/09/2014,01-January,5-Thursday,09:00,0900 Hours,District 3 (Northwest),ROCK RAPIDS,LYON,,S 3RD AVE & S BRADLEY ST,Collision with:  Vehicle in traffic,On Roadway,Broadside (front to side),FTYROW:  From yield sign,None Indicated,,Daylight,Snow,Clear,"Surface condition (e.g., wet, icy)",Intersection:  Four-way intersection,Paved,,Possible/Unknown,0,1,0,0,1,0,4000,2,2,,POINT (-96.176922910066 43.429794097591)
2014779163,,01/09/2014,01-January,5-Thursday,16:28,1600 Hours,District 6 (East Central),CEDAR RAPIDS,LINN,IA 100,IA 100/COLLINS RD NE & DUFFY DR NE,Collision with:  Vehicle in traffic,On Roadway,Rear-end (front to rear),Unknown,None Indicated,,Daylight,Dry,Clear,,Intersection:  Four-way intersection,Paved,,Property Damage Only,0,0,0,0,0,0,2400,3,3,,POINT (-91.656800864935 42.028488894784)
2014779397,14-670,01/09/2014,01-January,5-Thursday,18:55,1800 Hours,District 1 (Central),,JASPER,,Co Rd S52/HWY S-52 N,Collision with:  Animal,,,Animal,None Indicated,,,,,,,Paved,,Property Damage Only,0,0,0,0,0,0,3000,1,1,,POINT (-93.174100214414 41.785007966144)