Iowa DOT Case Number,Law Enforcement Case Number,Date of Crash,Month of Crash,Day of Week,Time of Crash,Hour,DOT District,City Name,County Name,Route with System,Location Description,First Harmful Event,Location of First Harmful Event,Manner of Crash/Collision,Major Cause,Drug or Alcohol ,Environmental Conditions,Light Conditions,Surface Conditions,Weather Conditions,Roadway Contribution,Roadway Type,Roadway Surface,Work Zone,Crash Severity,Number of Fatalities,Number of Injuries,Number of Major Injuries,Number of Minor Injuries,Number of Possible Injuries,Number of Unknown Injuries,Amount of Property Damage,Number of Vehicles Involved,Total Number of Occupants,Travel Direction,Location
2014780340,14-000216,01/10/2014,01-January,6-Friday,17:30,1700 Hours,District 1 (Central),,HAMILTON,,Co Rd R27/TUNNEL MILL RD,Collision with fixed object:  Ditch,Outside trafficway,Non-collision (single vehicle),Driving too fast for conditions,None Indicated,,Dark - roadway not lighted,Ice/frost,Rain,"Surface condition (e.g., wet, icy)",Non-intersection:  Non-junction/no special feature,Paved,,Possible/Unknown,0,1,0,0,0,1,2000,1,1,,POINT (-93.854283304144 42.338284151609)
2014779126,2014002330,01/10/2014,01-January,6-Friday,18:00,1800 Hours,District 1 (Central),,HAMILTON,I-35,I-35,Collision with:  Parked motor vehicle,Roadside,"Sideswipe, same direction",Driving too fast for conditions,None Indicated,,Dark - roadway not lighted,Ice/frost,"Sleet, hail","Surface condition (e.g., wet, icy)",Non-intersection:  Non-junction/no special feature,Paved,,Property Damage Only,0,0,0,0,0,0,10000,2,3,,POINT (-93.570438064804 42.275599702877)
2014784914,2014-000143,01/10/2014,01-January,6-Friday,17:40,1700 Hours,District 6 (East Central),,BENTON,,Co Rd W26/32 AVE,Collision with:  Vehicle in traffic,On Roadway,Head-on (front to front),Traveling wrong way or on wrong side of road,None Indicated,,Dark - roadway not lighted,Ice/frost,"Sleet, hail","Surface condition (e.g., wet, icy)",Non-intersection:  Non-junction/no special feature,Paved,,Property Damage Only,0,0,0,0,0,0,23000,3,5,,POINT (-91.87301645291 41.9827122134)
2014779293,14-008,01/10/2014,01-January,6-Friday,08:33,0800 Hours,District 4 (Southwest),BLOCKTON,RINGGOLD,,Co Rd P14/CO HWY P14,Collision with fixed object:  Tree,Roadside,Non-collision (single vehicle),FTYROW:  Other (explain in narrative),None Indicated,,Daylight,Ice/frost,"Sleet, hail","Surface condition (e.g., wet, icy)",Intersection:  T-intersection,Paved,,Possible/Unknown,0,1,0,0,1,0,8000,1,1,,POINT (-94.471313890145 40.614502508325)
2014780692,01-14-1467,01/10/2014,01-January,6-Friday,14:53,1400 Hours,District 6 (East Central),DUBUQUE,DUBUQUE,,MC POLAND ST,Collision with:  Vehicle in traffic,On Roadway,"Sideswipe, same direction",Lost Control,None Indicated,,Daylight,Wet,Cloudy,None apparent,Non-intersection:  Non-junction/no special feature,Paved,,Property Damage Only,0,0,0,0,0,0,1900,2,2,,POINT (-90.703171733293 42.499996509484)
2014780265,,01/10/2014,01-January,6-Friday,17:55,1700 Hours,District 6 (East Central),CEDAR RAPIDS,LINN,,29TH AVE SW,Collision with:  Vehicle in traffic,On Roadway,"Sideswipe, opposite direction",Unknown,None Indicated,,Dark - roadway lighted,Wet,Rain,,Intersection:  T-intersection,Paved,,Property Damage Only,0,0,0,0,0,0,2100,2,4,,POINT (-91.712240045069 41.94918319197)
2014780255,PD140023,01/10/2014,01-January,6-Friday,21:50,2100 Hours,District 1 (Central),GRUNDY CENTER,GRUNDY,IA 14,IA 14/G AVE,Collision with fixed object:  Traffic sign support,Roadside,Non-collision (single vehicle),Other (explain in narrative):  Other,None Indicated,,Dark - roadway lighted,Snow,Cloudy,None apparent,Non-intersection:  Driveway access (within),Paved,,Property Damage Only,0,0,0,0,0,0,2000,1,2,,POINT (-92.787460686953 42.361596387349)
2014779959,14-00954,01/10/2014,01-January,6-Friday,14:42,1400 Hours,District 5 (Southeast),,DES MOINES,,65TH ST,Collision with fixed object:  Tree,On Roadway,Non-collision (single vehicle),Driving too fast for conditions,None Indicated,,Daylight,Ice/frost,"Sleet, hail","Surface condition (e.g., wet, icy)",Non-intersection:  Non-junction/no special feature,Unpaved,,Property Damage Only,0,0,0,0,0,0,1500,1,1,,POINT (-91.170231313107 40.77516229678)
2014779464,2014-683,01/10/2014,01-January,6-Friday,22:56,2200 Hours,District 6 (East Central),,SCOTT,US 67,US 67/GREAT RIVER RD,Collision with:  Parked motor vehicle,On Roadway,Rear-end (front to rear),FTYROW:  From parked position,None Indicated,,Dark - roadway lighted,Ice/frost,Cloudy,"Surface condition (e.g., wet, icy)",Non-intersection:  Non-junction/no special feature,Paved,,Property Damage Only,0,0,0,0,0,0,2200,2,1,,POINT (-90.34837725565 41.620052379412)
2014778954,SO14000061,01/10/2014,01-January,6-Friday,09:10,0900 Hours,District 3 (Northwest),,PLYMOUTH,,Co Rd C60/C60 & Co Rd K22,Collision with:  Vehicle in traffic,On Roadway,Broadside (front to side),Ran Stop Sign,None Indicated,,Daylight,Ice/frost,Cloudy,"Surface condition (e.g., wet, icy)",Intersection:  Four-way intersection,Paved,,Property Damage Only,0,0,0,0,0,0,10000,2,2,,POINT (-96.370676590947 42.634162139321)
2014779461,14-00661,01/10/2014,01-January,6-Friday,17:19,1700 Hours,District 6 (East Central),,SCOTT,,VALLEY DR,Collision with:  Vehicle in traffic,On Roadway,Rear-end (front to rear),Driving too fast for conditions,None Indicated,,Dark - roadway not lighted,Ice/frost,"Sleet, hail","Surface condition (e.g., wet, icy)",Non-intersection:  Non-junction/no special feature,Paved,,Property Damage Only,0,0,0,0,0,0,3002,2,2,,POINT (-90.415182927545 41.572220962854)
2014778819,W14-003083,01/10/2014,01-January,6-Friday,15:00,1500 Hours,District 2 (Northeast),WATERLOO,BLACK HAWK,,BUTLER AVE & IDAHO ST,Collision with:  Vehicle in traffic,On Roadway,"Sideswipe, opposite direction",Driving too fast for conditions,None Indicated,,Daylight,Slush,"Sleet, hail","Surface condition (e.g., wet, icy)",Non-intersection:  Non-junction/no special feature,Paved,,Property Damage Only,0,0,0,0,0,0,8000,2,3,,POINT (-92.307781248995 42.49234320207)
2014779059,891400179,01/10/2014,01-January,6-Friday,10:13,1000 Hours,District 5 (Southeast),,VAN BUREN,,Co Rd J40/RTE J40,Non-collision events:  Other non-collision (explain in narrative),On Roadway,Non-collision (single vehicle),Crossed centerline (undivided),None Indicated,,Daylight,Wet,Rain,None apparent,Non-intersection:  Non-junction/no special feature,Paved,,Property Damage Only,0,0,0,0,0,0,5500,1,1,,POINT (-91.760179999963 40.725744577464)
2014786999,,01/10/2014,01-January,6-Friday,16:24,1600 Hours,District 2 (Northeast),DECORAH,WINNESHIEK,IA 9,IA 9/IOWA 9,Collision with:  Vehicle in traffic,On Roadway,"Angle, oncoming left turn",FTYROW:  Making left turn,None Indicated,,Dusk,Slush,Snow,None apparent,Intersection:  Four-way intersection,Paved,,Property Damage Only,0,0,0,0,0,0,10000,2,3,,POINT (-91.759419492509 43.289578771621)
2014778936,2014000279,01/10/2014,01-January,6-Friday,10:12,1000 Hours,District 1 (Central),MARSHALLTOWN,MARSHALL,,LINCOLN WAY & W MADISON ST,Collision with:  Vehicle in traffic,On Roadway,Head-on (front to front),Crossed centerline (undivided),None Indicated,,Daylight,Slush,Cloudy,"Surface condition (e.g., wet, icy)",Intersection:  T-intersection,Paved,,Property Damage Only,0,0,0,0,0,0,7000,2,2,,POINT (-92.925026897739 42.042097520705)
2014778857,1401102792,01/10/2014,01-January,6-Friday,17:50,1700 Hours,District 6 (East Central),,CLINTON,US 67,US 67,Collision with:  Vehicle in traffic,On Roadway,Rear-end (front to rear),Driving too fast for conditions,None Indicated,,Dark - roadway not lighted,Ice/frost,Rain,None apparent,Non-intersection:  Other non-intersection (explain in narrative),Paved,,Property Damage Only,0,0,0,0,0,0,10000,2,2,,POINT (-90.354918309555 41.739956567586)
2014779518,14-000399,01/10/2014,01-January,6-Friday,16:23,1600 Hours,District 3 (Northwest),SPENCER,CLAY,US 18,US 18/HIGHWAY BLVD & US 71 & Co Rd B19/320TH ST,Collision with:  Vehicle in traffic,On Roadway,Broadside (front to side),FTYROW:  From stop sign,None Indicated,,Daylight,Wet,Cloudy,None apparent,Intersection:  Four-way intersection,Paved,,Possible/Unknown,0,3,0,0,3,0,15000,2,4,,POINT (-95.150189737034 43.184077819357)
2014779651,14000041,01/10/2014,01-January,6-Friday,18:13,1800 Hours,District 1 (Central),,STORY,IA 210,IA 210/IOWA 210 & 630TH AVE,Collision with:  Vehicle in traffic,On Roadway,"Sideswipe, same direction",Swerving/Evasive Action,None Indicated,,Dark - roadway not lighted,Ice/frost,"Sleet, hail",None apparent,Intersection:  Four-way intersection,Paved,,Property Damage Only,0,0,0,0,0,0,9800,2,2,,POINT (-93.444645827454 41.877662991751)
2014780545,2014002341,01/10/2014,01-January,6-Friday,19:00,1900 Hours,District 1 (Central),,JASPER,I-80,I-80,Collision with:  Vehicle in traffic,On Roadway,Rear-end (front to rear),Followed too close,None Indicated,,Dark - roadway not lighted,Wet,Rain,None apparent,Non-intersection:  Non-junction/no special feature,Paved,,Possible/Unknown,0,1,0,0,1,0,1700,2,2,,POINT (-92.816768423759 41.69522929264)
2014778908,201400485,01/10/2014,01-January,6-Friday,15:00,1500 Hours,District 6 (East Central),CEDAR RAPIDS,LINN,,RAPIDS AVE SW & C ST SW,Collision with fixed object:  Tree,On Roadway,Non-collision (single vehicle),Driving too fast for conditions,None Indicated,,Daylight,Ice/frost,Rain,None apparent,Non-intersection:  Non-junction/no special feature,Paved,,Possible/Unknown,0,1,0,0,1,0,12000,1,1,,POINT (-91.655697032608 41.961017947932)
2014778989,20140000867,01/10/2014,01-January,6-Friday,15:18,1500 Hours,District 1 (Central),DES MOINES,POLK,,GRAND AVE & 44TH ST,Collision with:  Vehicle in traffic,On Roadway,"Sideswipe, same direction",Made improper turn,None Indicated,,Daylight,Ice/frost,"Sleet, hail",None apparent,Non-intersection:  Non-junction/no special feature,Paved,,Property Damage Only,0,0,0,0,0,0,6200,2,2,,POINT (-93.677696857625 41.584534670421)
2014780566,2014002216,01/10/2014,01-January,6-Friday,12:30,1200 Hours,District 4 (Southwest),LITTLE SIOUX,HARRISON,I-29,I-29,Collision with fixed object:  Bridge overhead structure,On Roadway,Non-collision (single vehicle),Crossed centerline (undivided),None Indicated,,Daylight,Wet,Cloudy,None apparent,Non-intersection:  Other non-intersection (explain in narrative),Paved,,Possible/Unknown,0,1,0,0,1,0,5000,1,1,,POINT (-96.102953509323 41.864162673371)
2014779147,2014002333,01/10/2014,01-January,6-Friday,17:50,1700 Hours,District 4 (Southwest),,CASS,US 6,US 6/650TH ST,Collision with:  Vehicle in traffic,On Roadway,Broadside (front to side),Crossed centerline (undivided),None Indicated,,Dark - roadway lighted,Wet,Rain,None apparent,Intersection:  Intersection with ramp,Paved,,Minor Injury,0,2,0,1,1,0,21000,2,3,,POINT (-94.945968783808 41.494323710663)
2014779049,14-000127,01/10/2014,01-January,6-Friday,12:57,1200 Hours,District 1 (Central),AMES,STORY,,6TH ST & E 6TH ST & DUFF AVE,Collision with:  Vehicle in traffic,On Roadway,Rear-end (front to rear),Driver Distraction:  Passenger,None Indicated,,Daylight,Wet,Rain,None apparent,Intersection:  Four-way intersection,Paved,,Possible/Unknown,0,1,0,0,1,0,5000,2,3,,POINT (-93.610476925009 42.0269616342)
2014778811,1403066,01/10/2014,01-January,6-Friday,14:23,1400 Hours,District 2 (Northeast),CEDAR FALLS,BLACK HAWK,,22ND ST & OLIVE ST,Collision with:  Vehicle in traffic,On Roadway,Broadside (front to side),FTYROW:  From stop sign,None Indicated,,Daylight,Slush,Rain,"Surface condition (e.g., wet, icy)",Intersection:  Four-way intersection,Paved,,Property Damage Only,0,0,0,0,0,0,1500,2,2,,POINT (-92.454646161788 42.517749099859)
2014780691,01-14-1462,01/10/2014,01-January,6-Friday,14:42,1400 Hours,District 6 (East Central),DUBUQUE,DUBUQUE,US 52,US 52/KERRIGAN RD,Collision with:  Vehicle in traffic,On Roadway,"Sideswipe, same direction",Improper or erratic lane changing,None Indicated,,Daylight,Wet,Rain,None apparent,Interchange-related:  On-ramp merge area,Paved,,Property Damage Only,0,0,0,0,0,0,3500,2,2,,POINT (-90.663178984128 42.496170867084)
2014784079,,01/10/2014,01-January,6-Friday,15:02,1500 Hours,District 2 (Northeast),HAMPTON,FRANKLIN,IA 3,IA 3/CENTRAL AVE W & 6TH ST NW & 6TH ST SW,Collision with:  Vehicle in traffic,On Roadway,Broadside (front to side),FTYROW:  From stop sign,None Indicated,,,Wet,Cloudy,None apparent,Intersection:  Four-way intersection,Paved,,Property Damage Only,0,0,0,0,0,0,6500,2,2,,POINT (-93.214725000561 42.741762848689)
2014780700,01-14-1517,01/10/2014,01-January,6-Friday,17:18,1700 Hours,District 6 (East Central),DUBUQUE,DUBUQUE,,ETHEL AVE,Non-collision events:  Other non-collision (explain in narrative),On Roadway,Rear-end (front to rear),Illegally Parked/Unattended,None Indicated,,Dark - roadway lighted,Ice/frost,Rain,"Surface condition (e.g., wet, icy)",Non-intersection:  Non-junction/no special feature,Paved,,Property Damage Only,0,0,0,0,0,0,3000,2,3,,POINT (-90.704790470687 42.494337643614)
2014784631,2014002320,01/10/2014,01-January,6-Friday,18:21,1800 Hours,District 5 (Southeast),,LUCAS,US 65,US 65,Collision with fixed object:  Tree,Roadside,Non-collision (single vehicle),Ran off road - left,None Indicated,,Dark - roadway not lighted,Ice/frost,"Sleet, hail","Surface condition (e.g., wet, icy)",Non-intersection:  Other non-intersection (explain in narrative),Paved,,Fatal,1,0,0,0,0,0,20500,1,1,,POINT (-93.47082413625 40.963383373554)
2014779142,2014002166,01/10/2014,01-January,6-Friday,08:20,0800 Hours,District 5 (Southeast),,WARREN,I-35,I-35,Non-collision events:  Other non-collision (explain in narrative),On Roadway,Non-collision (single vehicle),Driving too fast for conditions,None Indicated,,Daylight,Ice/frost,"Sleet, hail","Surface condition (e.g., wet, icy)",Non-intersection:  Non-junction/no special feature,Paved,,Property Damage Only,0,0,0,0,0,0,15000,1,1,,POINT (-93.781971835168 41.225149146705)
2014778911,201400495,01/10/2014,01-January,6-Friday,17:46,1700 Hours,District 6 (East Central),CEDAR RAPIDS,LINN,,76TH AVE SW,Collision with:  Vehicle in traffic,On Roadway,Rear-end (front to rear),Driving too fast for conditions,None Indicated,,Dark - roadway not lighted,Ice/frost,"Sleet, hail",None apparent,Non-intersection:  Non-junction/no special feature,Paved,,Possible/Unknown,0,1,0,0,1,0,9500,2,4,,POINT (-91.709763384238 41.905662834287)
2014779145,2014002295,01/10/2014,01-January,6-Friday,16:30,1600 Hours,District 6 (East Central),DELAWARE,DELAWARE,US 20,US 20,Collision with fixed object:  Traffic sign support,On Roadway,Non-collision (single vehicle),Ran off road - right,None Indicated,,Daylight,Ice/frost,"Sleet, hail","Surface condition (e.g., wet, icy)",Non-intersection:  Non-junction/no special feature,Paved,,Property Damage Only,0,0,0,0,0,0,3000,1,1,,POINT (-91.326441751154 42.470587245919)
2014779952,261400071,01/10/2014,01-January,6-Friday,16:37,1600 Hours,District 5 (Southeast),BLOOMFIELD,DAVIS,,LILAC AVE,Collision with fixed object:  Ditch,Outside trafficway,Non-collision (single vehicle),Swerving/Evasive Action,None Indicated,,Dark - roadway not lighted,Ice/frost,"Sleet, hail","Surface condition (e.g., wet, icy)",Non-intersection:  Driveway access (within),Unpaved,,Property Damage Only,0,0,0,0,0,0,12300,1,1,,POINT (-92.41913595545 40.766057304957)
2014778721,20140000808,01/10/2014,01-January,6-Friday,07:40,0700 Hours,District 1 (Central),DES MOINES,POLK,,ARMY POST RD & FLEUR DR,Collision with:  Vehicle in traffic,On Roadway,"Sideswipe, same direction",Driving too fast for conditions,None Indicated,,Daylight,Ice/frost,Cloudy,"Surface condition (e.g., wet, icy)",Intersection:  Four-way intersection,Paved,,Possible/Unknown,0,1,0,0,1,0,6800,4,5,,POINT (-93.645034655062 41.525976961211)
2014778988,20140000852,01/10/2014,01-January,6-Friday,13:25,1300 Hours,District 1 (Central),DES MOINES,POLK,,E 17TH CT,Collision with:  Vehicle in traffic,On Roadway,"Angle, oncoming left turn",FTYROW:  Making left turn,None Indicated,,Daylight,Wet,Rain,None apparent,Non-intersection:  Driveway access (within),Paved,,Property Damage Only,0,0,0,0,0,0,5000,2,2,,POINT (-93.590305373186 41.603634561926)
2014779590,000060,01/10/2014,01-January,6-Friday,21:50,2100 Hours,District 2 (Northeast),,MITCHELL,,Co Rd A43/380TH ST & Co Rd S70/BALSAM AVE,Non-collision events:  Overturn/rollover,Outside trafficway,Non-collision (single vehicle),Driving too fast for conditions,None Indicated,,Dark - roadway not lighted,Snow,Snow,"Surface condition (e.g., wet, icy)",Intersection:  Four-way intersection,Paved,,Property Damage Only,0,0,0,0,0,0,2000,1,2,,POINT (-93.004587357653 43.313730470824)
2014778653,201400106,01/10/2014,01-January,6-Friday,07:49,0700 Hours,District 1 (Central),,BOONE,,Co Rd E41/216TH DR,Collision with fixed object:  Ditch,On Roadway,Non-collision (single vehicle),Driving too fast for conditions,None Indicated,,Daylight,Ice/frost,"Sleet, hail","Surface condition (e.g., wet, icy)",Non-intersection:  Non-junction/no special feature,Paved,,Property Damage Only,0,0,0,0,0,0,3100,1,1,,POINT (-93.957800265643 42.036324237852)
2014779484,2014002380,01/10/2014,01-January,6-Friday,21:37,2100 Hours,District 1 (Central),,POLK,I-35,I-35,Collision with:  Vehicle in traffic,On Roadway,"Sideswipe, same direction",FTYROW:  Other (explain in narrative),None Indicated,,Dark - roadway lighted,Wet,Rain,None apparent,Interchange-related:  On-ramp merge area,Paved,,Property Damage Only,0,0,0,0,0,0,9000,2,4,,POINT (-93.6310137102 41.649472092773)
2014778824,W14-003210,01/10/2014,01-January,6-Friday,19:56,1900 Hours,District 2 (Northeast),WATERLOO,BLACK HAWK,,E DONALD ST & IDAHO ST,Collision with fixed object:  Ditch,On Roadway,Non-collision (single vehicle),Ran off road - straight,None Indicated,,Dark - roadway not lighted,Ice/frost,"Sleet, hail","Surface condition (e.g., wet, icy)",Intersection:  T-intersection,Paved,,Property Damage Only,0,0,0,0,0,0,3000,1,3,,POINT (-92.30749110039 42.527455086413)
2014779144,2014002279,01/10/2014,01-January,6-Friday,16:45,1600 Hours,District 1 (Central),,HAMILTON,US 20,US 20,Collision with fixed object:  Traffic sign support,Median,Non-collision (single vehicle),Ran off road - left,None Indicated,,Dusk,Ice/frost,"Sleet, hail","Surface condition (e.g., wet, icy)",Non-intersection:  Non-junction/no special feature,Paved,,Property Damage Only,0,0,0,0,0,0,1700,1,1,,POINT (-93.506224985436 42.448070051131)
2014782954,01-14-1502,01/10/2014,01-January,6-Friday,16:32,1600 Hours,District 6 (East Central),DUBUQUE,DUBUQUE,,DELHI ST & UNIVERSITY AVE,Collision with:  Vehicle in traffic,On Roadway,Rear-end (front to rear),Lost Control,None Indicated,,Daylight,Wet,Rain,None apparent,Intersection:  T-intersection,Paved,,Property Damage Only,0,0,0,0,0,0,6500,2,2,,POINT (-90.690625477915 42.497997238507)
2014779123,2014002284,01/10/2014,01-January,6-Friday,17:00,1700 Hours,District 2 (Northeast),,BLACK HAWK,US 20,US 20,Non-collision events:  Overturn/rollover,On Roadway,Non-collision (single vehicle),Ran off road - right,None Indicated,,Dusk,Ice/frost,Cloudy,"Surface condition (e.g., wet, icy)",Non-intersection:  Non-junction/no special feature,Paved,,Property Damage Only,0,0,0,0,0,0,9000,1,3,,POINT (-92.523360821081 42.464155387195)
2014780693,01-14-1472,01/10/2014,01-January,6-Friday,15:00,1500 Hours,District 6 (East Central),DUBUQUE,DUBUQUE,,LORAS BLVD & HENION ST,Collision with:  Vehicle in traffic,On Roadway,Broadside (front to side),Lost Control,None Indicated,,Daylight,Wet,"Sleet, hail","Surface condition (e.g., wet, icy)",Non-intersection:  Non-junction/no special feature,Paved,,Property Damage Only,0,0,0,0,0,0,4500,2,3,,POINT (-90.674777582682 42.504331491896)
2014779964,14-01065,01/10/2014,01-January,6-Friday,22:15,2200 Hours,District 5 (Southeast),,DES MOINES,,Co Rd H50/STONY HOLLOW RD,Non-collision events:  Overturn/rollover,Roadside,Non-collision (single vehicle),Driving too fast for conditions,None Indicated,,Dark - roadway not lighted,Ice/frost,Cloudy,"Surface condition (e.g., wet, icy)",Non-intersection:  Non-junction/no special feature,Unpaved,,Minor Injury,0,2,0,2,0,0,1500,1,2,,POINT (-91.067706610571 40.90720144526)
2014780701,01-14-1527,01/10/2014,01-January,6-Friday,18:13,1800 Hours,District 6 (East Central),DUBUQUE,DUBUQUE,,MARJORIE CIR,Collision with:  Parked motor vehicle,On Roadway,Broadside (front to side),Driving too fast for conditions,None Indicated,,Dark - roadway lighted,Ice/frost,Rain,"Surface condition (e.g., wet, icy)",Non-intersection:  Non-junction/no special feature,Paved,,Property Damage Only,0,0,0,0,0,0,3500,2,1,,POINT (-90.736691972816 42.500528646092)
2014779215,14-000325,01/10/2014,01-January,6-Friday,17:31,1700 Hours,District 2 (Northeast),,FAYETTE,,R AVE,Collision with fixed object:  Ditch,On Roadway,Non-collision (single vehicle),Ran off road - right,None Indicated,,Dark - roadway not lighted,Ice/frost,"Sleet, hail","Surface condition (e.g., wet, icy)",Non-intersection:  Non-junction/no special feature,Paved,,Property Damage Only,0,0,0,0,0,0,200000,1,1,,POINT (-91.93313076153 42.691463545814)
2014780463,2014-2365,01/10/2014,01-January,6-Friday,23:00,2300 Hours,District 6 (East Central),DAVENPORT,SCOTT,,LE CLAIRE ST,Collision with:  Parked motor vehicle,On Roadway,"Sideswipe, same direction",Lost Control,None Indicated,,Dark - roadway lighted,Ice/frost,Cloudy,"Surface condition (e.g., wet, icy)",Non-intersection:  Non-junction/no special feature,Paved,,Property Damage Only,0,0,0,0,0,0,2000,2,1,,POINT (-90.568197831549 41.531510877415)
2014778722,20140000812,01/10/2014,01-January,6-Friday,07:58,0700 Hours,District 1 (Central),DES MOINES,POLK,IA 5,IA 5/IOWA 5,Collision with:  Vehicle in traffic,On Roadway,"Sideswipe, same direction",Driving too fast for conditions,None Indicated,,Daylight,Ice/frost,"Sleet, hail","Surface condition (e.g., wet, icy)",Non-intersection:  Non-junction/no special feature,Paved,,Property Damage Only,0,0,0,0,0,0,8500,2,2,,POINT (-93.690153276556 41.513852369208)
2014781229,,01/10/2014,01-January,6-Friday,19:30,1900 Hours,District 6 (East Central),DE WITT,CLINTON,,COUNTRY CT,Collision with:  Parked motor vehicle,On Roadway,"Sideswipe, opposite direction",Driving too fast for conditions,None Indicated,,Dark - roadway not lighted,Ice/frost,"Sleet, hail","Surface condition (e.g., wet, icy)",Non-intersection:  Non-junction/no special feature,Paved,,Property Damage Only,0,0,0,0,0,0,2000,2,1,,POINT (-90.533159039513 41.816792070092)
2014780483,14-000132,01/10/2014,01-January,6-Friday,14:49,1400 Hours,District 1 (Central),AMES,STORY,US 69,US 69/S DUFF AVE & S 3RD ST & SE 3RD ST,Collision with:  Vehicle in traffic,On Roadway,Broadside (front to side),Ran Traffic Signal,None Indicated,,Daylight,Ice/frost,Rain,None apparent,Intersection:  Four-way intersection,Paved,,Minor Injury,0,2,0,2,0,0,6500,2,4,,POINT (-93.610315345039 42.020171535371)
2014779128,2014002345,01/10/2014,01-January,6-Friday,19:30,1900 Hours,District 6 (East Central),,CEDAR,I-80,I-80,Collision with:  Vehicle in traffic,On Roadway,Rear-end (front to rear),Driving too fast for conditions,None Indicated,,Dark - roadway lighted,Ice/frost,Rain,"Surface condition (e.g., wet, icy)","Interchange-related:  Off-ramp, diverge area",Paved,,Property Damage Only,0,0,0,0,0,0,5500,3,5,,POINT (-91.252327701056 41.663396422315)
2014779120,2014002195,01/10/2014,01-January,6-Friday,10:07,1000 Hours,District 3 (Northwest),,POCAHONTAS,,Co Rd N28/130TH AVE,Non-collision events:  Overturn/rollover,Shoulder,Non-collision (single vehicle),Driving too fast for conditions,None Indicated,,Daylight,Ice/frost,"Fog, smoke, smog","Surface condition (e.g., wet, icy)",Non-intersection:  Non-junction/no special feature,Paved,,Minor Injury,0,1,0,1,0,0,10000,1,1,,POINT (-94.855384108715 42.652073306158)
2014780344,14-050110-01,01/10/2014,01-January,6-Friday,16:11,1600 Hours,District 6 (East Central),,IOWA,,Co Rd V66/M AVE,Collision with:  Vehicle in traffic,On Roadway,Head-on (front to front),Crossed centerline (undivided),None Indicated,,Daylight,Ice/frost,"Sleet, hail","Surface condition (e.g., wet, icy)",Non-intersection:  Non-junction/no special feature,Paved,,Fatal,1,2,1,1,0,0,15000,2,3,,POINT (-92.065073967166 41.769122272298)
2014778973,20140000898,01/10/2014,01-January,6-Friday,21:03,2100 Hours,District 1 (Central),DES MOINES,POLK,,E GRAND AVE & E 5TH ST,Collision with:  Parked motor vehicle,On Roadway,Unknown,Unknown,None Indicated,,Dark - roadway lighted,Ice/frost,Rain,None apparent,Non-intersection:  Non-junction/no special feature,Paved,,Property Damage Only,0,0,0,0,0,0,1500,2,1,,POINT (-93.611543372283 41.590625182128)
2014779531,7-2014,01/10/2014,01-January,6-Friday,07:30,0700 Hours,District 4 (Southwest),,HARRISON,,Co Rd F20/EASTON TRL,Collision with fixed object:  Culvert/pipe opening,Shoulder,Non-collision (single vehicle),Ran off road - right,None Indicated,,Dawn,Wet,Rain,"Surface condition (e.g., wet, icy)",Non-intersection:  Non-junction/no special feature,Paved,,Property Damage Only,0,0,0,0,0,0,3500,1,2,,POINT (-95.976429662604 41.845396835652)
2014779004,14-0068,01/10/2014,01-January,6-Friday,16:25,1600 Hours,District 1 (Central),URBANDALE,POLK,,ROSELAND DR & COLBY WOODS DR,Collision with:  Vehicle in traffic,On Roadway,Rear-end (front to rear),Driving too fast for conditions,None Indicated,,Daylight,Ice/frost,Rain,None apparent,Non-intersection:  Non-junction/no special feature,Paved,,Property Damage Only,0,0,0,0,0,0,4200,2,22,,POINT (-93.728791665749 41.62186324812)
2014779025,14-001097,01/10/2014,01-January,6-Friday,11:58,1100 Hours,District 4 (Southwest),COUNCIL BLUFFS,POTTAWATTAMIE,US 6,US 6/W BROADWAY & S 25TH ST & N 25TH ST,Collision with:  Vehicle in traffic,On Roadway,Broadside (front to side),FTYROW:  Making left turn,None Indicated,,Daylight,Wet,Clear,None apparent,Intersection:  Four-way intersection,Paved,,Property Damage Only,0,0,0,0,0,0,7800,3,3,,POINT (-95.88190427947 41.261916274682)
2014778933,1400000028,01/10/2014,01-January,6-Friday,17:07,1700 Hours,District 1 (Central),MARSHALLTOWN,MARSHALL,US 30,US 30/240TH ST,Collision with fixed object:  Ditch,Shoulder,Non-collision (single vehicle),Other (explain in narrative):  No improper action,None Indicated,,Dark - roadway not lighted,Ice/frost,"Sleet, hail",None apparent,Non-intersection:  Non-junction/no special feature,Paved,,Possible/Unknown,0,2,0,0,2,0,6000,1,2,,POINT (-92.919263693106 42.003716357987)
2014778980,20140000806,01/10/2014,01-January,6-Friday,00:01,0000 Hours,District 1 (Central),DES MOINES,POLK,,URBANDALE AVE,Collision with:  Parked motor vehicle,On Roadway,Unknown,Unknown,None Indicated,,Dark - roadway lighted,Dry,Cloudy,None apparent,Non-intersection:  Non-junction/no special feature,Paved,,Property Damage Only,0,0,0,0,0,0,4000,2,1,,POINT (-93.677219237807 41.621476080177)