Iowa DOT Case Number,Law Enforcement Case Number,Date of Crash,Month of Crash,Day of Week,Time of Crash,Hour,DOT District,City Name,County Name,Route with System,Location Description,First Harmful Event,Location of First Harmful Event,Manner of Crash/Collision,Major Cause,Drug or Alcohol ,Environmental Conditions,Light Conditions,Surface Conditions,Weather Conditions,Roadway Contribution,Roadway Type,Roadway Surface,Work Zone,Crash Severity,Number of Fatalities,Number of Injuries,Number of Major Injuries,Number of Minor Injuries,Number of Possible Injuries,Number of Unknown Injuries,Amount of Property Damage,Number of Vehicles Involved,Total Number of Occupants,Travel Direction,Location
2014781182,2014002303,01/10/2014,01-January,6-Friday,17:45,1700 Hours,District 4 (Southwest),COUNCIL BLUFFS,POTTAWATTAMIE,I-80,I-80,Collision with:  Animal,,,Animal,None Indicated,,,,,,,Paved,,Property Damage Only,0,0,0,0,0,0,2000,1,1,,POINT (-95.816719246433 41.245734130203)
2014778820,W14-003084,01/10/2014,01-January,6-Friday,15:19,1500 Hours,District 2 (Northeast),WATERLOO,BLACK HAWK,,INDEPENDENCE AVE & WALNUT ST & S BARCLAY ST,Collision with:  Vehicle in traffic,On Roadway,"Sideswipe, opposite direction",Driving too fast for conditions,None Indicated,,Daylight,Ice/frost,"Sleet, hail","Surface condition (e.g., wet, icy)",Intersection:  T-intersection,Paved,,Possible/Unknown,0,1,0,0,1,0,5000,2,3,,POINT (-92.327903180734 42.498532901432)
2014778907,201400471,01/10/2014,01-January,6-Friday,10:13,1000 Hours,District 6 (East Central),CEDAR RAPIDS,LINN,,MOUNT VERNON RD SE & 26TH ST SE,Collision with:  Vehicle in traffic,On Roadway,"Angle, oncoming left turn",FTYROW:  Making left turn,None Indicated,,Daylight,Wet,Rain,None apparent,Intersection:  T-intersection,Paved,,Possible/Unknown,0,1,0,0,1,0,7000,2,3,,POINT (-91.63063068944 41.976942258434)
2014779127,2014002338,01/10/2014,01-January,6-Friday,19:30,1900 Hours,District 1 (Central),,STORY,I-35,I-35,Collision with:  Vehicle in traffic,Shoulder,Rear-end (front to rear),Lost Control,None Indicated,,Dark - roadway not lighted,Ice/frost,Rain,"Surface condition (e.g., wet, icy)",Interchange-related:  Off-ramp,Paved,,Property Damage Only,0,0,0,0,0,0,8000,2,2,,POINT (-93.571195949244 41.874518339911)
2014779362,W14-003119,01/10/2014,01-January,6-Friday,08:00,0800 Hours,District 2 (Northeast),WATERLOO,BLACK HAWK,I-380,I-380,Collision with fixed object:  Other fixed object (explain in narrative),On Roadway,Non-collision (single vehicle),Swerving/Evasive Action,None Indicated,,Daylight,Ice/frost,Clear,"Surface condition (e.g., wet, icy)",Intersection:  Four-way intersection,Paved,,Possible/Unknown,0,2,0,0,2,0,3000,1,2,,POINT (-92.318595359075 42.453466647785)
2014787566,14-000124,01/10/2014,01-January,6-Friday,08:02,0800 Hours,District 1 (Central),AMES,STORY,,LINCOLN WAY & UNIVERSITY BLVD,Collision with:  Vehicle in traffic,On Roadway,Rear-end (front to rear),Driving too fast for conditions,None Indicated,,Daylight,Slush,"Sleet, hail",None apparent,Intersection:  Four-way intersection,Paved,,Property Damage Only,0,0,0,0,0,0,3500,2,2,,POINT (-93.633338943707 42.022811824566)
2014780694,01-14-1476,01/10/2014,01-January,6-Friday,15:06,1500 Hours,District 6 (East Central),DUBUQUE,DUBUQUE,,CLARKE DR & HEEB ST,Collision with fixed object:  Utility pole/light support,On Roadway,Non-collision (single vehicle),Ran off road - straight,None Indicated,,Daylight,Ice/frost,"Sleet, hail","Surface condition (e.g., wet, icy)",Non-intersection:  Non-junction/no special feature,Paved,,Property Damage Only,0,0,0,0,0,0,2500,1,2,,POINT (-90.669957710518 42.509582642988)
2014779624,14-554,01/10/2014,01-January,6-Friday,16:51,1600 Hours,District 6 (East Central),BETTENDORF,SCOTT,,CROW CREEK RD,Collision with:  Vehicle in traffic,On Roadway,"Sideswipe, same direction",Lost Control,None Indicated,,Dark - roadway not lighted,Ice/frost,"Sleet, hail",None apparent,Non-intersection:  Non-junction/no special feature,Paved,,Property Damage Only,0,0,0,0,0,0,3000,3,4,,POINT (-90.442451569257 41.568373044256)
2014778768,13-000179,01/10/2014,01-January,6-Friday,08:10,0800 Hours,District 2 (Northeast),ALGONA,KOSSUTH,,E MC GREGOR ST & S HALE ST,Collision with:  Vehicle in traffic,On Roadway,Rear-end (front to rear),Lost Control,None Indicated,,Daylight,Ice/frost,Cloudy,"Surface condition (e.g., wet, icy)",Intersection:  T-intersection,Paved,,Property Damage Only,0,0,0,0,0,0,2500,2,6,,POINT (-94.223121883062 43.066865091235)
2014778748,14-0101,01/10/2014,01-January,6-Friday,14:17,1400 Hours,District 1 (Central),FORT DODGE,WEBSTER,,N 7TH ST,Collision with:  Vehicle in traffic,On Roadway,Broadside (front to side),FTYROW:  From driveway,None Indicated,,Daylight,Snow,Rain,"Surface condition (e.g., wet, icy)",Non-intersection:  Driveway access (within),Paved,,Property Damage Only,0,0,0,0,0,0,6000,2,2,,POINT (-94.189069734979 42.506348541537)
2014778845,14000257,01/10/2014,01-January,6-Friday,16:42,1600 Hours,District 6 (East Central),,BUCHANAN,IA 150,IA 150/JAMESTOWN AVE,Non-collision events:  Overturn/rollover,On Roadway,Non-collision (single vehicle),Driving too fast for conditions,None Indicated,,Daylight,Ice/frost,Snow,"Surface condition (e.g., wet, icy)",Non-intersection:  Non-junction/no special feature,Paved,,Property Damage Only,0,0,0,0,0,0,5000,1,1,,POINT (-91.889974258763 42.533032871187)
2014779630,2014-2220,01/10/2014,01-January,6-Friday,17:12,1700 Hours,District 6 (East Central),DAVENPORT,SCOTT,,IA 461/HARRISON ST,Collision with:  Vehicle in traffic,On Roadway,Broadside (front to side),Lost Control,None Indicated,,Dark - roadway lighted,Ice/frost,Rain,None apparent,Non-intersection:  Non-junction/no special feature,Paved,,Property Damage Only,0,0,0,0,0,0,1800,4,777,,POINT (-90.577031170688 41.521565209851)
2014781814,,01/10/2014,01-January,6-Friday,19:10,1900 Hours,District 5 (Southeast),FORT MADISON,LEE,,AVE H,Collision with:  Vehicle in traffic,On Roadway,Rear-end (front to rear),Followed too close,None Indicated,,Dark - unknown roadway lighting,Ice/frost,Snow,"Surface condition (e.g., wet, icy)",Non-intersection:  Non-junction/no special feature,Paved,,Possible/Unknown,0,2,0,0,2,0,2000,2,6,,POINT (-91.325350190061 40.630172456265)
2014782956,01-14-1463,01/10/2014,01-January,6-Friday,14:48,1400 Hours,District 6 (East Central),DUBUQUE,DUBUQUE,,W 3RD ST & ST MARYS ST,Collision with:  Vehicle in traffic,On Roadway,Rear-end (front to rear),Other (explain in narrative):  No improper action,None Indicated,,Daylight,Ice/frost,"Sleet, hail","Surface condition (e.g., wet, icy)",Non-intersection:  Non-junction/no special feature,Paved,,Minor Injury,0,2,0,2,0,0,3000,2,3,,POINT (-90.668623910265 42.495696478309)
2014779594,14-000114,01/10/2014,01-January,6-Friday,16:01,1600 Hours,District 1 (Central),ANKENY,POLK,,SE MAGAZINE RD,Collision with:  Vehicle in traffic,On Roadway,Broadside (front to side),FTYROW:  From driveway,None Indicated,,Daylight,Ice/frost,"Sleet, hail","Surface condition (e.g., wet, icy)",Non-intersection:  Driveway access (within),Paved,,Property Damage Only,0,0,0,0,0,0,3000,2,3,,POINT (-93.597283730183 41.717376762026)
2014779014,14-000054,01/10/2014,01-January,6-Friday,19:00,1900 Hours,District 1 (Central),ALTOONA,POLK,US 6,US 6/FREDERICK M HUBBELL AVE,Collision with:  Vehicle in traffic,On Roadway,Rear-end (front to rear),Other (explain in narrative):  Other,None Indicated,,Dark - roadway lighted,Wet,Rain,None apparent,Non-intersection:  Non-junction/no special feature,Paved,,Property Damage Only,0,0,0,0,0,0,4300,2,3,,POINT (-93.497873587169 41.659268173493)
2014779047,14-000122,01/10/2014,01-January,6-Friday,08:00,0800 Hours,District 1 (Central),AMES,STORY,,UNIVERSITY BLVD & IOWA STATE UNIVERSITY & S 16TH ST,Collision with:  Vehicle in traffic,On Roadway,"Sideswipe, same direction",Made improper turn,None Indicated,,Daylight,Slush,Cloudy,None apparent,Intersection:  Four-way intersection,Paved,,Property Damage Only,0,0,0,0,0,0,12000,2,2,,POINT (-93.633782218215 42.011497110753)
2014779079,14-1007,01/10/2014,01-January,6-Friday,23:41,2300 Hours,District 3 (Northwest),SIOUX CITY,WOODBURY,,NEBRASKA ST,Collision with:  Vehicle in traffic,On Roadway,Broadside (front to side),Unknown,None Indicated,,Dark - roadway lighted,Dry,Clear,Traffic control obscured,Non-intersection:  Non-junction/no special feature,Paved,,Property Damage Only,0,0,0,0,0,0,11000,2,3,,POINT (-96.403584383297 42.512087871537)
2014779125,2014002311,01/10/2014,01-January,6-Friday,17:50,1700 Hours,District 1 (Central),,HAMILTON,I-35,I-35,Collision with fixed object:  Other fixed object (explain in narrative),On Roadway,Non-collision (single vehicle),Driving too fast for conditions,None Indicated,,Dark - roadway not lighted,Ice/frost,"Sleet, hail","Surface condition (e.g., wet, icy)",Non-intersection:  Other non-intersection (explain in narrative),Paved,,Property Damage Only,0,0,0,0,0,0,9000,1,5,,POINT (-93.569410575577 42.310981016934)
2014780236,2014002350,01/10/2014,01-January,6-Friday,18:35,1800 Hours,District 6 (East Central),,CEDAR,I-80,I-80,Collision with:  Parked motor vehicle,Shoulder,Unknown,Driving too fast for conditions,None Indicated,,Dark - roadway not lighted,Ice/frost,"Sleet, hail","Surface condition (e.g., wet, icy)","Interchange-related:  Off-ramp, diverge area",Paved,,Property Damage Only,0,0,0,0,0,0,8000,2,2,,POINT (-91.252078425145 41.662843223152)
2014780172,14-000040,01/10/2014,01-January,6-Friday,17:32,1700 Hours,District 1 (Central),,STORY,IA 210,IA 210/IOWA 210,Collision with:  Vehicle in traffic,On Roadway,Rear-end (front to rear),Driving too fast for conditions,None Indicated,,Dark - roadway not lighted,Ice/frost,"Sleet, hail","Surface condition (e.g., wet, icy)",Non-intersection:  Non-junction/no special feature,Paved,,Property Damage Only,0,0,0,0,0,0,7000,2,3,,POINT (-93.625530588663 41.877882997975)
2014779143,2014002174,01/10/2014,01-January,6-Friday,07:43,0700 Hours,District 5 (Southeast),,WARREN,,Co Rd R63/105TH AVE,Collision with:  Vehicle in traffic,On Roadway,Head-on (front to front),Crossed centerline (undivided),None Indicated,,Daylight,Ice/frost,"Sleet, hail","Surface condition (e.g., wet, icy)",Non-intersection:  Non-junction/no special feature,Paved,,Major Injury,0,2,1,0,1,0,9000,2,2,,POINT (-93.60657933435 41.372608857553)
2014779648,14-000042,01/10/2014,01-January,6-Friday,18:08,1800 Hours,District 1 (Central),,STORY,,Co Rd E41/LINCOLN HWY,Collision with:  Vehicle in traffic,On Roadway,"Sideswipe, same direction",Other (explain in narrative):  Other,None Indicated,,Dark - roadway not lighted,Ice/frost,"Sleet, hail","Surface condition (e.g., wet, icy)",Non-intersection:  Driveway access (within),Paved,,Possible/Unknown,0,1,0,0,1,0,16000,2,3,,POINT (-93.413898963108 42.022651021093)
2014779573,201400464,01/10/2014,01-January,6-Friday,06:07,0600 Hours,District 6 (East Central),CEDAR RAPIDS,LINN,US 30,US 30/LINCOLN FWY & 6TH ST SW,Collision with fixed object:  Guardrail - face,Median,Non-collision (single vehicle),Lost Control,None Indicated,,Dark - roadway not lighted,Wet,"Fog, smoke, smog",None apparent,Non-intersection:  Other non-intersection (explain in narrative),Paved,,Minor Injury,0,1,0,1,0,0,9000,1,1,,POINT (-91.676369282262 41.927123561083)
2014779483,2014002340,01/10/2014,01-January,6-Friday,07:15,0700 Hours,District 2 (Northeast),,FRANKLIN,I-35,I-35,Collision with:  Vehicle in traffic,On Roadway,Rear-end (front to rear),Swerving/Evasive Action,None Indicated,,Dark - roadway not lighted,Ice/frost,"Sleet, hail","Surface condition (e.g., wet, icy)",Non-intersection:  Non-junction/no special feature,Paved,,Property Damage Only,0,0,0,0,0,0,11000,2,2,,POINT (-93.484227249212 42.627794610782)
2014779538,14004442,01/10/2014,01-January,6-Friday,15:34,1500 Hours,District 6 (East Central),,JOHNSON,,ROHRET RD,Collision with fixed object:  Other fixed object (explain in narrative),On Roadway,Non-collision (single vehicle),Swerving/Evasive Action,None Indicated,,Daylight,Ice/frost,Rain,None apparent,Non-intersection:  Non-junction/no special feature,Paved,,Property Damage Only,0,0,0,0,0,0,5000,1,1,,POINT (-91.609225794143 41.639934541784)
2014778870,140228,01/10/2014,01-January,6-Friday,07:35,0700 Hours,District 4 (Southwest),,DALLAS,,Co Rd F90/360TH ST,Collision with:  Animal,,,Animal,None Indicated,,,,,,,Paved,,Property Damage Only,0,0,0,0,0,0,5000,1,1,,POINT (-93.914394635568 41.51899847034)
2014784930,2014000132,01/10/2014,01-January,6-Friday,06:20,0600 Hours,District 6 (East Central),,BENTON,US 30,US 30/73 ST,Collision with:  Vehicle in traffic,On Roadway,"Sideswipe, same direction",Swerving/Evasive Action,None Indicated,,Dark - roadway not lighted,Ice/frost,Rain,"Surface condition (e.g., wet, icy)",Non-intersection:  Non-junction/no special feature,Paved,,Property Damage Only,0,0,0,0,0,0,4500,2,2,,POINT (-91.872076893187 41.963447039564)
2014778829,W14-003055,01/10/2014,01-January,6-Friday,13:54,1300 Hours,District 2 (Northeast),WATERLOO,BLACK HAWK,US 218,US 218/WASHINGTON ST,Collision with fixed object:  Concrete traffic barrier (median or right side),Median,Non-collision (single vehicle),Lost Control,None Indicated,,Daylight,Ice/frost,"Sleet, hail","Surface condition (e.g., wet, icy)",Non-intersection:  Non-junction/no special feature,Paved,,Property Damage Only,0,0,0,0,0,0,1500,1,1,,POINT (-92.392697104499 42.538736249705)
2014778705,14-187,01/10/2014,01-January,6-Friday,07:45,0700 Hours,District 1 (Central),,POLK,,Co Rd F38/NE 78TH AVE,Non-collision events:  Overturn/rollover,Shoulder,Non-collision (single vehicle),Ran off road - left,None Indicated,,Daylight,Ice/frost,"Sleet, hail","Surface condition (e.g., wet, icy)",Non-intersection:  Non-junction/no special feature,Paved,,Property Damage Only,0,0,0,0,0,0,4100,1,1,,POINT (-93.513642333729 41.70290136795)
2014786529,,01/10/2014,01-January,6-Friday,17:40,1700 Hours,District 6 (East Central),,BENTON,,Co Rd W26/32 AVE,Collision with:  Vehicle in traffic,On Roadway,"Sideswipe, opposite direction",Crossed centerline (undivided),None Indicated,,Dark - roadway not lighted,Wet,"Sleet, hail","Surface condition (e.g., wet, icy)",Non-intersection:  Non-junction/no special feature,Paved,,Property Damage Only,0,0,0,0,0,0,10000,2,2,,POINT (-91.872990886228 41.982108526279)
2014779502,,01/10/2014,01-January,6-Friday,16:41,1600 Hours,District 2 (Northeast),NEW HAMPTON,CHICKASAW,IA 24,IA 24/200TH,Collision with:  Vehicle in traffic,On Roadway,"Angle, oncoming left turn",FTYROW:  Making left turn,None Indicated,,Dusk,Slush,"Sleet, hail",None apparent,Non-intersection:  Driveway access (within),Paved,,Possible/Unknown,0,1,0,0,1,0,10000,2,2,,POINT (-92.324257951205 43.06680523534)
2014779633,2014-2235,01/10/2014,01-January,6-Friday,18:03,1800 Hours,District 6 (East Central),DAVENPORT,SCOTT,,W 30TH ST & MAIN ST,Collision with:  Vehicle in traffic,On Roadway,"Sideswipe, same direction",Improper or erratic lane changing,None Indicated,,Dark - roadway lighted,Ice/frost,"Sleet, hail",None apparent,Non-intersection:  Non-junction/no special feature,Paved,,Property Damage Only,0,0,0,0,0,0,3500,2,3,,POINT (-90.575584367695 41.550670440748)
2014780711,01-14-1531,01/10/2014,01-January,6-Friday,18:23,1800 Hours,District 6 (East Central),DUBUQUE,DUBUQUE,,BOOTH ST,Collision with:  Vehicle in traffic,On Roadway,"Sideswipe, same direction",Lost Control,None Indicated,,Dark - roadway not lighted,Ice/frost,"Sleet, hail",None apparent,Non-intersection:  Non-junction/no special feature,Paved,,Property Damage Only,0,0,0,0,0,0,7500,2,2,,POINT (-90.681757528642 42.496917587302)
2014778727,14-0149,01/10/2014,01-January,6-Friday,09:24,0900 Hours,District 4 (Southwest),WEST DES MOINES,DALLAS,,JORDAN CREEK PKWY & BRIDGEWOOD BLVD,Collision with:  Vehicle in traffic,On Roadway,"Angle, oncoming left turn",Driving too fast for conditions,None Indicated,,Daylight,Ice/frost,"Sleet, hail","Surface condition (e.g., wet, icy)",Intersection:  Four-way intersection,Paved,,Property Damage Only,0,0,0,0,0,0,7000,2,3,,POINT (-93.809281697738 41.568443516598)
2014779390,20140100,01/10/2014,01-January,6-Friday,11:30,1100 Hours,District 1 (Central),CONRAD,GRUNDY,,GRUNDY AVE & WASHINGTON ST,Collision with:  Vehicle in traffic,On Roadway,Broadside (front to side),Ran Stop Sign,None Indicated,,Daylight,Snow,"Fog, smoke, smog","Surface condition (e.g., wet, icy)",Intersection:  Four-way intersection,Paved,,Property Damage Only,0,0,0,0,0,0,3500,2,3,,POINT (-92.876109284244 42.225687748504)
2014780689,01-14-1378,01/10/2014,01-January,6-Friday,06:22,0600 Hours,District 6 (East Central),DUBUQUE,DUBUQUE,US 52,US 52/WHITE ST & E 20TH ST,Collision with:  Vehicle in traffic,On Roadway,Broadside (front to side),Ran Traffic Signal,None Indicated,,Dark - roadway lighted,Wet,Cloudy,None apparent,Intersection:  Four-way intersection,Paved,,Minor Injury,0,2,0,2,0,0,19000,2,2,,POINT (-90.669354337519 42.511407429549)
2014782142,14-555,01/10/2014,01-January,6-Friday,16:56,1600 Hours,District 6 (East Central),BETTENDORF,SCOTT,,WINSTON DR & GLENVALE CT,Collision with:  Parked motor vehicle,On Roadway,Rear-end (front to rear),"Operating vehicle in an reckless, erratic, careless, negligent manner",None Indicated,,Dark - roadway lighted,Slush,Rain,None apparent,Non-intersection:  Non-junction/no special feature,Paved,,Property Damage Only,0,0,0,0,0,0,3500,2,3,,POINT (-90.486198741184 41.564709166384)
2014779201,1400252,01/10/2014,01-January,6-Friday,16:44,1600 Hours,District 6 (East Central),,DELAWARE,,Co Rd W69/145TH AVE,Collision with fixed object:  Ditch,On Roadway,Non-collision (single vehicle),Ran off road - right,None Indicated,,Daylight,Ice/frost,Cloudy,None apparent,Non-intersection:  Non-junction/no special feature,Paved,,Property Damage Only,0,0,0,0,0,0,1500,1,2,,POINT (-91.519529156125 42.491111754003)
2014778935,2014000277,01/10/2014,01-January,6-Friday,11:48,1100 Hours,District 1 (Central),MARSHALLTOWN,MARSHALL,,W LINN ST & E LINN ST & S CENTER ST,Collision with:  Non-motorist (see non-motorist section - NOT a unit),On Roadway,Non-collision (single vehicle),FTYROW:  Making right turn on red signal,None Indicated,,Daylight,Slush,Cloudy,None apparent,Intersection:  Four-way intersection,Paved,,Minor Injury,0,1,0,1,0,0,0,1,1,,POINT (-92.912949957816 42.046736399877)
2014779370,14000473,01/10/2014,01-January,6-Friday,20:47,2000 Hours,District 2 (Northeast),MASON CITY,CERRO GORDO,,6TH ST SW & S TAYLOR AVE,Collision with:  Vehicle in traffic,On Roadway,Broadside (front to side),Made improper turn,None Indicated,,Dark - roadway lighted,Slush,"Sleet, hail",None apparent,Non-intersection:  Non-junction/no special feature,Paved,,Property Damage Only,0,0,0,0,0,0,4000,2,4,,POINT (-93.218521797753 43.146430180493)
2014779200,14000244,01/10/2014,01-January,6-Friday,14:10,1400 Hours,District 6 (East Central),,DELAWARE,US 20,US 20,Non-collision events:  Overturn/rollover,On Roadway,Non-collision (single vehicle),Ran off road - right,None Indicated,,Daylight,Ice/frost,"Sleet, hail","Surface condition (e.g., wet, icy)","Interchange-related:  Off-ramp, diverge area",Paved,,Minor Injury,0,1,0,1,0,0,6000,1,1,,POINT (-91.277628904533 42.471385862095)
2014779332,,01/10/2014,01-January,6-Friday,15:16,1500 Hours,District 6 (East Central),CEDAR RAPIDS,LINN,,16TH AVE SW & EDGEWOOD RD SW,Collision with:  Vehicle in traffic,On Roadway,Broadside (front to side),Unknown,None Indicated,,Daylight,Slush,Rain,,Intersection:  Four-way intersection,Paved,,Property Damage Only,0,0,0,0,0,0,3000,2,4,,POINT (-91.716028919523 41.963581979591)
2014779298,S14-0270,01/10/2014,01-January,6-Friday,14:48,1400 Hours,District 3 (Northwest),,WOODBURY,I-29,I-29,Collision with:  Other non-fixed object (explain in narrative),On Roadway,Non-collision (single vehicle),Cargo/equipment loss or shift,None Indicated,,Daylight,Wet,Rain,Debris,Non-intersection:  Non-junction/no special feature,Paved,,Possible/Unknown,0,1,0,0,1,0,2000,2,2,,POINT (-96.317459913771 42.328958764549)
2014779012,14-0157,01/10/2014,01-January,6-Friday,15:45,1500 Hours,District 4 (Southwest),WEST DES MOINES,DALLAS,I-80,I-80,Collision with:  Vehicle in traffic,On Roadway,Rear-end (front to rear),Ran off road - left,None Indicated,,Daylight,Wet,"Sleet, hail",None apparent,Non-intersection:  Non-junction/no special feature,Paved,,Minor Injury,0,1,0,1,0,0,18528,2,2,,POINT (-93.80146647815 41.592115193902)
2014780438,14-000038,01/10/2014,01-January,6-Friday,08:00,0800 Hours,District 1 (Central),JOHNSTON,POLK,,NW 86TH ST,Collision with:  Vehicle in traffic,On Roadway,Rear-end (front to rear),Swerving/Evasive Action,None Indicated,,Daylight,Ice/frost,"Sleet, hail","Surface condition (e.g., wet, icy)",Non-intersection:  Non-junction/no special feature,Paved,,Possible/Unknown,0,1,0,0,1,0,4000,2,2,,POINT (-93.736466969363 41.676064285842)
2014778987,20140000823,01/10/2014,01-January,6-Friday,09:25,0900 Hours,District 1 (Central),DES MOINES,POLK,,COLLEGE AVE & 2ND AVE,Collision with:  Vehicle in traffic,On Roadway,Rear-end (front to rear),Driving too fast for conditions,None Indicated,,Daylight,Wet,Rain,None apparent,Intersection:  Four-way intersection,Paved,,Property Damage Only,0,0,0,0,0,0,4000,2,3,,POINT (-93.619817102233 41.607667599561)
2014778909,201400494,01/10/2014,01-January,6-Friday,17:42,1700 Hours,District 6 (East Central),CEDAR RAPIDS,LINN,,76TH AVE SW,Collision with:  Vehicle in traffic,On Roadway,Broadside (front to side),FTYROW:  Making left turn,None Indicated,,Dark - roadway not lighted,Wet,"Sleet, hail",None apparent,Non-intersection:  Driveway access (within),Paved,,Possible/Unknown,0,2,0,0,2,0,5500,2,2,,POINT (-91.667095643071 41.905058338438)
2014778913,201400496,01/10/2014,01-January,6-Friday,18:01,1800 Hours,District 6 (East Central),CEDAR RAPIDS,LINN,,29TH ST NE,Collision with:  Non-motorist (see non-motorist section - NOT a unit),On Roadway,Non-collision (single vehicle),Other (explain in narrative):  No improper action,None Indicated,,Dark - roadway lighted,Ice/frost,"Sleet, hail",None apparent,Non-intersection:  Non-junction/no special feature,Paved,,Possible/Unknown,0,1,0,0,1,0,0,1,2,,POINT (-91.658850347899 42.006843517267)
2014779874,2014-2154,01/10/2014,01-January,6-Friday,11:48,1100 Hours,District 6 (East Central),DAVENPORT,SCOTT,,E 53RD ST & FREIDRICHS CT,Collision with:  Vehicle in traffic,On Roadway,"Sideswipe, same direction",FTYROW:  At uncontrolled intersection,None Indicated,,Daylight,Dry,Clear,None apparent,Non-intersection:  Non-junction/no special feature,Paved,,Property Damage Only,0,0,0,0,0,0,1500,2,3,,POINT (-90.537272352502 41.574812410907)
2014779625,14-557,01/10/2014,01-January,6-Friday,16:51,1600 Hours,District 6 (East Central),BETTENDORF,SCOTT,,CROW CREEK RD,Collision with:  Vehicle in traffic,On Roadway,"Sideswipe, same direction",Lost Control,None Indicated,,Dark - roadway not lighted,Ice/frost,"Sleet, hail",None apparent,Non-intersection:  Non-junction/no special feature,Paved,,Property Damage Only,0,0,0,0,0,0,2500,2,4,,POINT (-90.442451569257 41.568373044256)
2014778865,CL14000078,01/10/2014,01-January,6-Friday,14:38,1400 Hours,District 6 (East Central),CLINTON,CLINTON,,2ND AVE S,Collision with:  Vehicle in traffic,On Roadway,Rear-end (front to rear),Exceeded authorized speed,Refused,,Daylight,Wet,Rain,None apparent,Non-intersection:  Non-junction/no special feature,Paved,,Property Damage Only,0,0,0,0,0,0,6000,2,2,,POINT (-90.224294582354 41.844555480853)
2014803835,A14003,01/10/2014,01-January,6-Friday,07:26,0700 Hours,District 5 (Southeast),KNOXVILLE,MARION,,WILLETTS DR,Collision with:  Vehicle in traffic,On Roadway,Broadside (front to side),Ran Stop Sign,None Indicated,,Daylight,Ice/frost,Rain,"Surface condition (e.g., wet, icy)",Intersection:  T-intersection,Unpaved,,Possible/Unknown,0,1,0,0,1,0,6500,2,2,,POINT (-93.119060294416 41.310605619417)
2014779124,2014002290,01/10/2014,01-January,6-Friday,17:15,1700 Hours,District 1 (Central),,HAMILTON,US 20,US 20 & Co Rd R61/VAIL AVE,Collision with:  Vehicle in traffic,On Roadway,Rear-end (front to rear),Driving too fast for conditions,None Indicated,,Dark - roadway not lighted,Ice/frost,"Sleet, hail","Surface condition (e.g., wet, icy)",Non-intersection:  Non-junction/no special feature,Paved,,Property Damage Only,0,0,0,0,0,0,7000,2,4,,POINT (-93.560113889097 42.448783022003)
2014779367,14000464,01/10/2014,01-January,6-Friday,17:09,1700 Hours,District 2 (Northeast),MASON CITY,CERRO GORDO,,7TH ST SE,Collision with:  Vehicle in traffic,On Roadway,Broadside (front to side),FTYROW:  Making left turn,None Indicated,,Dark - roadway lighted,Wet,Cloudy,Non-highway work,Intersection:  Four-way intersection,Paved,,Possible/Unknown,0,1,0,0,1,0,11500,3,3,,POINT (-93.201016150618 43.144688317089)
2014779635,2014-2256,01/10/2014,01-January,6-Friday,19:30,1900 Hours,District 6 (East Central),DAVENPORT,SCOTT,,W CENTRAL PARK AVE & EMEIS PARK RD,Collision with:  Vehicle in traffic,On Roadway,Broadside (front to side),Driving too fast for conditions,None Indicated,,Dark - roadway lighted,Ice/frost,"Sleet, hail",None apparent,Non-intersection:  Non-junction/no special feature,Paved,,Property Damage Only,0,0,0,0,0,0,3000,2,3,,POINT (-90.639392420035 41.545397066245)
2014785614,2014-2215,01/10/2014,01-January,6-Friday,16:51,1600 Hours,District 6 (East Central),DAVENPORT,SCOTT,,IA 461/HARRISON ST & W 6TH ST,Collision with:  Vehicle in traffic,On Roadway,"Sideswipe, same direction",Driving too fast for conditions,None Indicated,,Dusk,Ice/frost,"Sleet, hail","Surface condition (e.g., wet, icy)",Non-intersection:  Non-junction/no special feature,Paved,,Property Damage Only,0,0,0,0,0,0,2400,2,5,,POINT (-90.577008038419 41.525716685544)
2014780208,2014002173,01/10/2014,01-January,6-Friday,08:15,0800 Hours,District 6 (East Central),CORALVILLE,JOHNSON,I-80,I-80 & US 218,Non-collision events:  Overturn/rollover,Shoulder,Non-collision (single vehicle),Driving too fast for conditions,None Indicated,,Daylight,Ice/frost,Rain,"Surface condition (e.g., wet, icy)",Interchange-related:  On-ramp merge area,Paved,,Possible/Unknown,0,1,0,0,1,0,5000,1,1,,POINT (-91.636342061123 41.690932259591)
2014780383,1400000030,01/10/2014,01-January,6-Friday,20:15,2000 Hours,District 1 (Central),,MARSHALL,IA 330,IA 330/MARSHALLTOWN BLVD,Collision with fixed object:  Bridge overhead structure,On Roadway,Non-collision (single vehicle),Driving too fast for conditions,None Indicated,,Dark - roadway not lighted,Ice/frost,"Sleet, hail","Surface condition (e.g., wet, icy)",Non-intersection:  Other non-intersection (explain in narrative),Paved,,Property Damage Only,0,0,0,0,0,0,4500,1,1,,POINT (-93.204977456737 41.882285836984)