Iowa DOT Case Number,Law Enforcement Case Number,Date of Crash,Month of Crash,Day of Week,Time of Crash,Hour,DOT District,City Name,County Name,Route with System,Location Description,First Harmful Event,Location of First Harmful Event,Manner of Crash/Collision,Major Cause,Drug or Alcohol ,Environmental Conditions,Light Conditions,Surface Conditions,Weather Conditions,Roadway Contribution,Roadway Type,Roadway Surface,Work Zone,Crash Severity,Number of Fatalities,Number of Injuries,Number of Major Injuries,Number of Minor Injuries,Number of Possible Injuries,Number of Unknown Injuries,Amount of Property Damage,Number of Vehicles Involved,Total Number of Occupants,Travel Direction,Location
2014779733,14-011013RT,01/10/2014,01-January,6-Friday,07:15,0700 Hours,District 5 (Southeast),,CLARKE,I-35,I-35,Collision with:  Vehicle in traffic,On Roadway,"Sideswipe, same direction",Driving too fast for conditions,None Indicated,,Daylight,Ice/frost,"Sleet, hail","Surface condition (e.g., wet, icy)",Non-intersection:  Non-junction/no special feature,Paved,,Possible/Unknown,0,1,0,0,1,0,7000,3,3,,POINT (-93.780067043801 41.107906691692)
2014778830,W14-003135,01/10/2014,01-January,6-Friday,17:00,1700 Hours,District 2 (Northeast),WATERLOO,BLACK HAWK,US 63,US 63/SERGEANT RD & FLETCHER AVE,Collision with:  Vehicle in traffic,On Roadway,"Angle, oncoming left turn",FTYROW:  Making left turn,None Indicated,,Dark - roadway lighted,Ice/frost,"Sleet, hail",None apparent,Intersection:  Four-way intersection,Paved,,Possible/Unknown,0,2,0,0,2,0,5500,2,5,,POINT (-92.367170674651 42.48941740154)
2014780705,01-14-1578,01/10/2014,01-January,6-Friday,21:42,2100 Hours,District 6 (East Central),DUBUQUE,DUBUQUE,,W 11TH ST,Collision with fixed object:  Concrete traffic barrier (median or right side),On Roadway,Non-collision (single vehicle),Lost Control,None Indicated,,Dark - roadway lighted,Ice/frost,"Fog, smoke, smog",None apparent,Non-intersection:  Other non-intersection (explain in narrative),Paved,,Property Damage Only,0,0,0,0,0,0,2000,1,1,,POINT (-90.670737733197 42.502673500533)
2014780484,14-000134,01/10/2014,01-January,6-Friday,16:27,1600 Hours,District 1 (Central),AMES,STORY,,UNIVERSITY BLVD & IOWA STATE UNIVERSITY,Collision with:  Vehicle in traffic,On Roadway,"Angle, oncoming left turn",Made improper turn,None Indicated,,Daylight,Ice/frost,"Sleet, hail","Surface condition (e.g., wet, icy)",Intersection:  T-intersection,Paved,,Property Damage Only,0,0,0,0,0,0,2500,2,2,,POINT (-93.639412818845 42.006953581193)
2014780699,01-14-1508,01/10/2014,01-January,6-Friday,16:48,1600 Hours,District 6 (East Central),DUBUQUE,DUBUQUE,,WILBUR ST & SPRUCE ST,Collision with:  Non-motorist (see non-motorist section - NOT a unit),On Roadway,"Sideswipe, same direction",Lost Control,None Indicated,,Dusk,Ice/frost,"Sleet, hail",None apparent,Non-intersection:  Non-junction/no special feature,Paved,,Possible/Unknown,0,1,0,0,1,0,11300,3,1,,POINT (-90.673494583506 42.500532254313)
2014780972,1-14-1582,01/10/2014,01-January,6-Friday,21:24,2100 Hours,District 6 (East Central),DUBUQUE,DUBUQUE,,BELMONT ST,Collision with:  Parked motor vehicle,On Roadway,"Sideswipe, same direction",Other (explain in narrative):  No improper action,None Indicated,,Dark - roadway lighted,Ice/frost,"Sleet, hail","Surface condition (e.g., wet, icy)",Non-intersection:  Non-junction/no special feature,Paved,,Property Damage Only,0,0,0,0,0,0,14300,2,1,,POINT (-90.679257875342 42.501657750696)
2014779070,2014-0011,01/10/2014,01-January,6-Friday,08:08,0800 Hours,District 5 (Southeast),NORWALK,WARREN,,SYCAMORE DR & W PINE AVE,Collision with:  Vehicle in traffic,On Roadway,Broadside (front to side),Ran Stop Sign,None Indicated,,Daylight,Ice/frost,"Sleet, hail",None apparent,Intersection:  T-intersection,Paved,,Possible/Unknown,0,1,0,0,1,0,6100,2,3,,POINT (-93.689074783368 41.473163477149)
2014779194,14000154,01/10/2014,01-January,6-Friday,12:06,1200 Hours,District 2 (Northeast),MASON CITY,CERRO GORDO,,N EISENHOWER AVE,Collision with fixed object:  Ditch,Outside trafficway,Non-collision (single vehicle),Driving too fast for conditions,None Indicated,,Daylight,Ice/frost,"Sleet, hail",None apparent,Non-intersection:  Non-junction/no special feature,Paved,,Property Damage Only,0,0,0,0,0,0,2500,1,1,,POINT (-93.260558561815 43.167278422317)
2014778916,14000676,01/10/2014,01-January,6-Friday,16:52,1600 Hours,District 6 (East Central),MARION,LINN,,7TH AVE,Collision with:  Vehicle in traffic,On Roadway,Rear-end (front to rear),Followed too close,None Indicated,,Daylight,Ice/frost,Rain,"Surface condition (e.g., wet, icy)",Intersection:  Four-way intersection,Paved,,Property Damage Only,0,0,0,0,0,0,4500,2,2,,POINT (-91.60057276067 42.033301873701)
2014780690,01-14-1460,01/10/2014,01-January,6-Friday,14:52,1400 Hours,District 6 (East Central),DUBUQUE,DUBUQUE,,CAMELOT DR & EMBASSY WEST DR,Collision with fixed object:  Other fixed object (explain in narrative),On Roadway,Non-collision (single vehicle),Driving too fast for conditions,None Indicated,,Daylight,Ice/frost,Rain,"Surface condition (e.g., wet, icy)",Intersection:  T-intersection,Paved,,Property Damage Only,0,0,0,0,0,0,2000,1,3,,POINT (-90.744576255333 42.507005844278)
2014780697,01-14-1497,01/10/2014,01-January,6-Friday,16:05,1600 Hours,District 6 (East Central),DUBUQUE,DUBUQUE,,BOYER ST & MEADOW WOOD DR,Collision with:  Parked motor vehicle,On Roadway,Unknown,Illegally Parked/Unattended,None Indicated,,Daylight,Ice/frost,Rain,"Surface condition (e.g., wet, icy)",Non-intersection:  Non-junction/no special feature,Paved,,Property Damage Only,0,0,0,0,0,0,1800,2,1,,POINT (-90.691054843448 42.522031814499)
2014779391,20140110,01/10/2014,01-January,6-Friday,19:22,1900 Hours,District 1 (Central),REINBECK,GRUNDY,,MAIN ST & WEST ST,Collision with:  Vehicle in traffic,On Roadway,Broadside (front to side),Ran Stop Sign,None Indicated,,Dark - roadway lighted,Other (explain in narrative),Cloudy,"Surface condition (e.g., wet, icy)",Intersection:  Four-way intersection,Paved,,Possible/Unknown,0,1,0,0,1,0,6000,2,2,,POINT (-92.60055973051 42.324721929379)
2014779421,14-000708,01/10/2014,01-January,6-Friday,07:55,0700 Hours,District 5 (Southeast),,MARION,,Co Rd T23/HWY T23,Collision with fixed object:  Ditch,On Roadway,Non-collision (single vehicle),Ran off road - left,None Indicated,,Daylight,Ice/frost,"Sleet, hail","Surface condition (e.g., wet, icy)",Non-intersection:  Non-junction/no special feature,Paved,,Property Damage Only,0,0,0,0,0,0,2500,1,1,,POINT (-92.887474944795 41.199068147418)
2014778934,1400000029,01/10/2014,01-January,6-Friday,17:20,1700 Hours,District 1 (Central),,MARSHALL,US 30,US 30/240TH ST,Collision with fixed object:  Ditch,Shoulder,Non-collision (single vehicle),Ran off road - right,None Indicated,,Dark - roadway not lighted,Ice/frost,"Sleet, hail",Non-highway work,Non-intersection:  Non-junction/no special feature,Paved,,Property Damage Only,0,0,0,0,0,0,5000,1,2,,POINT (-92.943511408091 42.003424623791)
2014779401,14-710,01/10/2014,01-January,6-Friday,06:21,0600 Hours,District 1 (Central),NEWTON,JASPER,US 6,US 6/1ST AVE W,Collision with fixed object:  Utility pole/light support,On Roadway,Non-collision (single vehicle),Ran off road - left,None Indicated,,Dark - roadway lighted,Wet,Clear,None apparent,Non-intersection:  Non-junction/no special feature,Paved,,Major Injury,0,1,1,0,0,0,1500,1,1,,POINT (-93.063360697689 41.699474157179)
2014779631,2014-2239,01/10/2014,01-January,6-Friday,18:31,1800 Hours,District 6 (East Central),DAVENPORT,SCOTT,,EASTERN AVE,Collision with:  Vehicle in traffic,On Roadway,Rear-end (front to rear),Lost Control,None Indicated,,Dark - roadway lighted,Ice/frost,"Sleet, hail",None apparent,Non-intersection:  Non-junction/no special feature,Paved,,Possible/Unknown,0,1,0,0,1,0,1300,2,3,,POINT (-90.55155403908 41.535201383904)
2014779296,S14-0254,01/10/2014,01-January,6-Friday,16:16,1600 Hours,District 3 (Northwest),SLOAN,WOODBURY,I-29,I-29,Collision with:  Vehicle in traffic,On Roadway,Rear-end (front to rear),Lost Control,None Indicated,,Dark - roadway not lighted,Ice/frost,Rain,None apparent,Non-intersection:  Non-junction/no special feature,Paved,,Property Damage Only,0,0,0,0,0,0,8000,2,2,,POINT (-96.242941615754 42.23435380066)
2014781486,14003187,01/10/2014,01-January,6-Friday,18:51,1800 Hours,District 2 (Northeast),WATERLOO,BLACK HAWK,IA 21,IA 21/HAWKEYE RD & Co Rd D38/E WASHBURN RD,Collision with:  Vehicle in traffic,On Roadway,Head-on (front to front),Other (explain in narrative):  Vision obstructed,None Indicated,,Dark - roadway lighted,Slush,"Sleet, hail",None apparent,Intersection:  Four-way intersection,Paved,,Property Damage Only,0,0,0,0,0,0,6000,2,2,,POINT (-92.346963898605 42.41403270829)
2014779389,20140112,01/10/2014,01-January,6-Friday,20:30,2000 Hours,District 1 (Central),,GRUNDY,,Co Rd D19/160TH ST,Collision with:  Animal,,,Animal,None Indicated,,,,,,,Paved,,Property Damage Only,0,0,0,0,0,0,2500,1,1,,POINT (-92.656544366337 42.469828261541)
2014778723,20140000817,01/10/2014,01-January,6-Friday,08:27,0800 Hours,District 1 (Central),DES MOINES,POLK,,ARMY POST RD,Collision with:  Vehicle in traffic,On Roadway,Rear-end (front to rear),Other (explain in narrative):  Other,None Indicated,,Daylight,Ice/frost,Rain,"Surface condition (e.g., wet, icy)",Intersection:  Four-way intersection,Paved,,Property Damage Only,0,0,0,0,0,0,3350,2,2,,POINT (-93.645154240545 41.525949267846)
2014778873,140229,01/10/2014,01-January,6-Friday,07:47,0700 Hours,District 4 (Southwest),,DALLAS,US 169,US 169/N AVE,Collision with fixed object:  Utility pole/light support,Roadside,"Sideswipe, opposite direction",Driving too fast for conditions,None Indicated,,Dawn,Ice/frost,"Sleet, hail","Surface condition (e.g., wet, icy)",Non-intersection:  Non-junction/no special feature,Paved,,Minor Injury,0,2,0,2,0,0,23000,2,4,,POINT (-94.028035685441 41.80080547347)
2014780207,2014002161,01/10/2014,01-January,6-Friday,08:15,0800 Hours,District 6 (East Central),WILLIAMSBURG,IOWA,,Co Rd F46/240TH ST & Co Rd V66/M AVE,Collision with fixed object:  Ditch,Outside trafficway,Non-collision (single vehicle),Ran off road - left,None Indicated,,Daylight,Ice/frost,Rain,"Surface condition (e.g., wet, icy)",Intersection:  Four-way intersection,Paved,,Property Damage Only,0,0,0,0,0,0,8000,1,4,,POINT (-92.066730315472 41.658881313368)
2014810036,SA1400210,01/10/2014,01-January,6-Friday,08:24,0800 Hours,District 5 (Southeast),,WASHINGTON,IA 22,IA 22,Collision with fixed object:  Mailbox,On Roadway,Non-collision (single vehicle),Driving too fast for conditions,None Indicated,,Daylight,Ice/frost,"Sleet, hail","Surface condition (e.g., wet, icy)",Non-intersection:  Non-junction/no special feature,Paved,,Possible/Unknown,0,1,0,0,1,0,15100,1,1,,POINT (-91.634200658182 41.489014833121)
2014779188,14000338,01/10/2014,01-January,6-Friday,07:30,0700 Hours,District 3 (Northwest),,CARROLL,,Co Rd N38/QUAIL AVE,Collision with fixed object:  Ditch,Gore,Non-collision (single vehicle),Driving too fast for conditions,None Indicated,,Daylight,Ice/frost,"Fog, smoke, smog","Surface condition (e.g., wet, icy)",Non-intersection:  Non-junction/no special feature,Paved,,Property Damage Only,0,0,0,0,0,0,4500,1,1,,POINT (-94.783830322417 42.10927730847)
2014779118,2014002142,01/10/2014,01-January,6-Friday,07:10,0700 Hours,District 4 (Southwest),WAUKEE,DALLAS,I-80,I-80,Collision with fixed object:  Guardrail - face,On Roadway,"Sideswipe, same direction",Driving too fast for conditions,None Indicated,,Dawn,Ice/frost,"Sleet, hail","Surface condition (e.g., wet, icy)",Non-intersection:  Non-junction/no special feature,Paved,,Property Damage Only,0,0,0,0,0,0,27500,3,3,,POINT (-93.881490265643 41.562670386357)
2014778866,CL14000080,01/10/2014,01-January,6-Friday,20:10,2000 Hours,District 6 (East Central),CLINTON,CLINTON,,S 9TH ST,Collision with:  Vehicle in traffic,On Roadway,Head-on (front to front),Other (explain in narrative):  Other,None Indicated,,Dark - roadway not lighted,Ice/frost,Rain,"Surface condition (e.g., wet, icy)",Non-intersection:  Non-junction/no special feature,Paved,,Property Damage Only,0,0,0,0,0,0,3000,2,2,,POINT (-90.206866617214 41.83460460395)
2014779981,14-000401,01/10/2014,01-January,6-Friday,17:13,1700 Hours,District 1 (Central),WEBSTER CITY,HAMILTON,,SUPERIOR ST,Collision with fixed object:  Tree,Outside trafficway,Non-collision (single vehicle),Driving too fast for conditions,None Indicated,,Dark - roadway lighted,Ice/frost,"Fog, smoke, smog",None apparent,Non-intersection:  Non-junction/no special feature,Paved,,Property Damage Only,0,0,0,0,0,0,4000,1,1,,POINT (-93.816161973686 42.456071574673)
2014778832,201400110,01/10/2014,01-January,6-Friday,15:50,1500 Hours,District 1 (Central),,BOONE,,Co Rd P70/H AVE,Non-collision events:  Overturn/rollover,On Roadway,Non-collision (single vehicle),Driving too fast for conditions,None Indicated,,Daylight,Ice/frost,"Sleet, hail","Surface condition (e.g., wet, icy)",Non-intersection:  Non-junction/no special feature,Paved,,Property Damage Only,0,0,0,0,0,0,5100,1,2,,POINT (-94.028287093638 42.083754605678)
2014780688,01-14-1369,01/10/2014,01-January,6-Friday,01:57,0100 Hours,District 6 (East Central),DUBUQUE,DUBUQUE,,THOMAS ST,Collision with fixed object:  Guardrail - face,Shoulder,Non-collision (single vehicle),Lost Control,None Indicated,,Dark - roadway not lighted,Wet,Cloudy,None apparent,Non-intersection:  Non-junction/no special feature,Paved,,Property Damage Only,0,0,0,0,0,0,5000,1,1,,POINT (-90.664835576416 42.5180242668)
2014780475,14HPD0003,01/10/2014,01-January,6-Friday,12:45,1200 Hours,District 3 (Northwest),HAWARDEN,SIOUX,,16TH ST,Collision with fixed object:  Utility pole/light support,Outside trafficway,Non-collision (single vehicle),Driving too fast for conditions,None Indicated,,Daylight,Ice/frost,Cloudy,"Surface condition (e.g., wet, icy)",Non-intersection:  Non-junction/no special feature,Paved,,Property Damage Only,0,0,0,0,0,0,4000,1,1,,POINT (-96.477708337119 43.004053125419)
2014786938,2014002157,01/10/2014,01-January,6-Friday,07:56,0700 Hours,District 3 (Northwest),SALIX,WOODBURY,I-29,I-29,Collision with:  Vehicle in traffic,On Roadway,Rear-end (front to rear),Driving too fast for conditions,None Indicated,,Daylight,Ice/frost,"Sleet, hail","Surface condition (e.g., wet, icy)",Non-intersection:  Non-junction/no special feature,Paved,,Property Damage Only,0,0,0,0,0,0,11500,2,3,,POINT (-96.285490090004 42.289250709412)
2014780706,01-14-1580,01/10/2014,01-January,6-Friday,21:59,2100 Hours,District 6 (East Central),DUBUQUE,DUBUQUE,,VALENTINE DR,Collision with:  Parked motor vehicle,On Roadway,Rear-end (front to rear),Lost Control,None Indicated,,Dark - roadway lighted,Ice/frost,Rain,"Surface condition (e.g., wet, icy)",Non-intersection:  Non-junction/no special feature,Paved,,Property Damage Only,0,0,0,0,0,0,3000,2,2,,POINT (-90.697031337122 42.470678190156)
2014778771,140107,01/10/2014,01-January,6-Friday,08:32,0800 Hours,District 1 (Central),ELDORA,HARDIN,IA 175,IA 175/EDGINGTON AVE,Collision with:  Other non-fixed object (explain in narrative),On Roadway,Non-collision (single vehicle),Crossed centerline (undivided),None Indicated,,Daylight,Wet,Rain,"Surface condition (e.g., wet, icy)",Non-intersection:  Non-junction/no special feature,Paved,,Property Damage Only,0,0,0,0,0,0,1500,1,1,,POINT (-93.085186944739 42.360681001427)
2014779994,14-781,01/10/2014,01-January,6-Friday,18:10,1800 Hours,District 1 (Central),,JASPER,,Co Rd F48/HWY F-48 W,Collision with:  Other non-fixed object (explain in narrative),Roadside,Non-collision (single vehicle),Driving too fast for conditions,None Indicated,,Dark - roadway not lighted,Ice/frost,Snow,None apparent,Non-intersection:  Non-junction/no special feature,Paved,,Property Damage Only,0,0,0,0,0,0,2500,1,1,,POINT (-93.118712503187 41.696935333088)
2014779955,261400088,01/10/2014,01-January,6-Friday,16:37,1600 Hours,District 5 (Southeast),,DAVIS,,LILAC AVE,Collision with fixed object:  Other fixed object (explain in narrative),On Roadway,Non-collision (single vehicle),Ran off road - left,None Indicated,,Dusk,Ice/frost,Cloudy,"Surface condition (e.g., wet, icy)",Non-intersection:  Non-junction/no special feature,Unpaved,,Major Injury,0,1,1,0,0,0,5200,1,1,,POINT (-92.419138229737 40.765796068774)
2014779770,201400089,01/10/2014,01-January,6-Friday,21:48,2100 Hours,District 6 (East Central),,LINN,,Co Rd E36/BLAIRS FERRY RD,Collision with:  Vehicle in traffic,On Roadway,"Sideswipe, opposite direction",Crossed centerline (undivided),None Indicated,,Dark - roadway not lighted,Ice/frost,"Sleet, hail","Surface condition (e.g., wet, icy)",Non-intersection:  Non-junction/no special feature,Paved,,Property Damage Only,0,0,0,0,0,0,5000,2,2,,POINT (-91.735785084947 42.058017395472)
2014778968,20140000816,01/10/2014,01-January,6-Friday,08:20,0800 Hours,District 1 (Central),DES MOINES,POLK,,LYNDALE DR,Collision with fixed object:  Utility pole/light support,Shoulder,Non-collision (single vehicle),Driving too fast for conditions,None Indicated,,Daylight,Wet,Rain,"Surface condition (e.g., wet, icy)",Non-intersection:  Non-junction/no special feature,Paved,,Minor Injury,0,1,0,1,0,0,5500,1,2,,POINT (-93.662674547825 41.644123814098)
2014778841,14-541,01/10/2014,01-January,6-Friday,17:28,1700 Hours,District 2 (Northeast),,BREMER,US 218,US 218 & ISLAND VIEW DR,Collision with:  Vehicle in traffic,On Roadway,"Sideswipe, same direction",Lost Control,None Indicated,,Dark - roadway not lighted,Ice/frost,Cloudy,"Surface condition (e.g., wet, icy)",Non-intersection:  Non-junction/no special feature,Paved,,Property Damage Only,0,0,0,0,0,0,4000,2,4,,POINT (-92.472422781708 42.666264292182)
2014778680,PD1400268,01/10/2014,01-January,6-Friday,08:56,0800 Hours,District 5 (Southeast),FAIRFIELD,JEFFERSON,,Co Rd H43/LIBERTYVILLE RD,Collision with fixed object:  Utility pole/light support,On Roadway,Non-collision (single vehicle),Ran off road - left,None Indicated,,Daylight,Ice/frost,Rain,None apparent,Non-intersection:  Non-junction/no special feature,Paved,,Possible/Unknown,0,1,0,0,1,0,4000,1,1,,POINT (-91.97463082113 40.988313570321)
2014778953,SO14000066,01/10/2014,01-January,6-Friday,21:31,2100 Hours,District 3 (Northwest),,PLYMOUTH,,260TH ST,Collision with:  Animal,On Roadway,Non-collision (single vehicle),Animal,None Indicated,,Dark - roadway not lighted,Wet,"Fog, smoke, smog",None apparent,Non-intersection:  Non-junction/no special feature,Unpaved,,Property Damage Only,0,0,0,0,0,0,6000,1,1,,POINT (-96.319522943285 42.677761924355)
2014779691,,01/10/2014,01-January,6-Friday,15:21,1500 Hours,District 6 (East Central),BELLE PLAINE,BENTON,IA 21,IA 21/7TH AVE & 8TH ST,Collision with:  Vehicle in traffic,On Roadway,Broadside (front to side),Driving too fast for conditions,None Indicated,,Daylight,Ice/frost,"Sleet, hail","Surface condition (e.g., wet, icy)",Intersection:  Four-way intersection,Paved,,Property Damage Only,0,0,0,0,0,0,36000,2,2,,POINT (-92.278172446066 41.89220629426)
2014779141,2014002165,01/10/2014,01-January,6-Friday,07:20,0700 Hours,District 5 (Southeast),,WARREN,I-35,I-35,Collision with fixed object:  Guardrail - face,Median,Non-collision (single vehicle),Ran off road - left,None Indicated,,Dawn,Ice/frost,"Sleet, hail","Surface condition (e.g., wet, icy)",Non-intersection:  Non-junction/no special feature,Paved,,Property Damage Only,0,0,0,0,0,0,2000,1,1,,POINT (-93.778823610203 41.280550020803)
2014779460,14-00653,01/10/2014,01-January,6-Friday,16:06,1600 Hours,District 6 (East Central),LE CLAIRE,SCOTT,,TERRITORIAL RD,Non-collision events:  Overturn/rollover,On Roadway,Non-collision (single vehicle),Ran off road - right,None Indicated,,Dusk,Ice/frost,"Sleet, hail","Surface condition (e.g., wet, icy)",Non-intersection:  Non-junction/no special feature,Paved,,Property Damage Only,0,0,0,0,0,0,1501,1,1,,POINT (-90.360741499123 41.612645869504)
2014779196,14000162,01/10/2014,01-January,6-Friday,17:41,1700 Hours,District 2 (Northeast),,CERRO GORDO,,Co Rd S56/THRUSH AVE & 220TH ST,Collision with:  Vehicle in traffic,On Roadway,"Sideswipe, same direction",Driving too fast for conditions,None Indicated,,Dusk,Ice/frost,"Sleet, hail","Surface condition (e.g., wet, icy)",Non-intersection:  Non-junction/no special feature,Paved,,Property Damage Only,0,0,0,0,0,0,2500,2,2,,POINT (-93.122397544455 43.082899678007)
2014779048,14-000123,01/10/2014,01-January,6-Friday,08:11,0800 Hours,District 1 (Central),AMES,STORY,,STONEBROOKE RD & EISENHOWER AVE,Collision with:  Vehicle in traffic,On Roadway,"Angle, oncoming left turn",FTYROW:  Making left turn,None Indicated,,Daylight,Wet,Rain,None apparent,Intersection:  Four-way intersection,Paved,,Property Damage Only,0,0,0,0,0,0,5000,2,2,,POINT (-93.637657994141 42.059750769152)
2014779069,2014-0012,01/10/2014,01-January,6-Friday,17:39,1700 Hours,District 5 (Southeast),NORWALK,WARREN,,OAKCREEK DR & WAKONDA DR,Collision with:  Vehicle in traffic,On Roadway,Broadside (front to side),Driving too fast for conditions,None Indicated,,Dark - roadway lighted,Ice/frost,"Sleet, hail","Surface condition (e.g., wet, icy)",Intersection:  T-intersection,Paved,,Property Damage Only,0,0,0,0,0,0,2500,2,1,,POINT (-93.689217368439 41.497923954657)
2014779340,,01/10/2014,01-January,6-Friday,07:45,0700 Hours,District 6 (East Central),DE WITT,CLINTON,,9TH AVE,Collision with:  Vehicle in traffic,On Roadway,Rear-end (front to rear),Improper Backing,None Indicated,,Daylight,Ice/frost,Cloudy,"Surface condition (e.g., wet, icy)",Non-intersection:  Non-junction/no special feature,Paved,,Property Damage Only,0,0,0,0,0,0,3500,2,4,,POINT (-90.543309565777 41.817063771121)
2014779229,AP-14-0016,01/10/2014,01-January,6-Friday,10:09,1000 Hours,District 6 (East Central),ANAMOSA,JONES,,CEMETERY RD & WALWORTH AVE,Collision with:  Vehicle in traffic,On Roadway,"Sideswipe, same direction",Crossed centerline (undivided),None Indicated,,Daylight,Ice/frost,"Sleet, hail","Surface condition (e.g., wet, icy)",Intersection:  T-intersection,Paved,,Property Damage Only,0,0,0,0,0,0,5000,2,3,,POINT (-91.291325001296 42.10260406918)
2014779058,14S00048,01/10/2014,01-January,6-Friday,15:06,1500 Hours,District 4 (Southwest),,UNION,,OSAGE ST & 150TH ST,Non-collision events:  Overturn/rollover,Outside trafficway,Non-collision (single vehicle),Lost Control,None Indicated,,Daylight,Ice/frost,Cloudy,"Surface condition (e.g., wet, icy)",Non-intersection:  Non-junction/no special feature,Unpaved,,Property Damage Only,0,0,0,0,0,0,1500,1,1,,POINT (-94.337123077638 41.085538114368)
2014784087,,01/10/2014,01-January,6-Friday,15:50,1500 Hours,District 4 (Southwest),AVOCA,POTTAWATTAMIE,US 59,US 59 & MARTY DR,Collision with:  Vehicle in traffic,On Roadway,Broadside (front to side),FTYROW:  From stop sign,None Indicated,,Daylight,Wet,Rain,None apparent,Intersection:  Four-way intersection,Paved,,Property Damage Only,0,0,0,0,0,0,4000,2,2,,POINT (-95.336650283764 41.50066501206)
2014781487,S14-002987,01/10/2014,01-January,6-Friday,09:50,0900 Hours,District 2 (Northeast),,BLACK HAWK,I-380,I-380,Collision with:  Vehicle in traffic,On Roadway,Rear-end (front to rear),Followed too close,None Indicated,,Daylight,Ice/frost,Rain,"Surface condition (e.g., wet, icy)",Non-intersection:  Non-junction/no special feature,Paved,,Possible/Unknown,0,2,0,0,2,0,16500,2,3,,POINT (-92.216040368559 42.44942487201)
2014778839,14-532,01/10/2014,01-January,6-Friday,15:52,1500 Hours,District 2 (Northeast),,BREMER,US 63,US 63,Collision with:  Vehicle in traffic,On Roadway,Rear-end (front to rear),Lost Control,None Indicated,,Daylight,Ice/frost,Rain,"Surface condition (e.g., wet, icy)",Non-intersection:  Non-junction/no special feature,Paved,,Property Damage Only,0,0,0,0,0,0,6000,2,2,,POINT (-92.336837044116 42.762656820942)
2014779122,2014002269,01/10/2014,01-January,6-Friday,15:33,1500 Hours,District 2 (Northeast),,CHICKASAW,US 63,US 63,Non-collision events:  Overturn/rollover,On Roadway,Non-collision (single vehicle),Driving too fast for conditions,None Indicated,,Daylight,Slush,"Sleet, hail","Surface condition (e.g., wet, icy)",Non-intersection:  Non-junction/no special feature,Paved,,Minor Injury,0,2,0,2,0,0,7000,1,2,,POINT (-92.317441377579 42.907177017326)
2014779148,2014002342,01/10/2014,01-January,6-Friday,18:30,1800 Hours,District 2 (Northeast),,BLACK HAWK,I-380,I-380,Collision with:  Other non-fixed object (explain in narrative),Shoulder,Rear-end (front to rear),Ran off road - left,None Indicated,,Dark - roadway not lighted,Ice/frost,"Sleet, hail","Surface condition (e.g., wet, icy)",Interchange-related:  Off-ramp,Paved,,Property Damage Only,0,0,0,0,0,0,5000,2,2,,POINT (-92.066708789682 42.353509829574)
2014783824,2014-03-AC,01/10/2014,01-January,6-Friday,23:19,2300 Hours,District 3 (Northwest),SPIRIT LAKE,DICKINSON,US 71,US 71 & Co Rd M56/255TH AVE,Collision with:  Animal,,,Animal,None Indicated,,,,,,,Paved,,Property Damage Only,0,0,0,0,0,0,2500,1,1,,POINT (-95.082089458718 43.430559540555)
2014781611,14-000785,01/10/2014,01-January,6-Friday,18:18,1800 Hours,District 5 (Southeast),,MAHASKA,,HWY 102,Collision with fixed object:  Ditch,On Roadway,Non-collision (single vehicle),Ran off road - right,None Indicated,,Dark - roadway not lighted,Ice/frost,"Sleet, hail","Surface condition (e.g., wet, icy)",Non-intersection:  Non-junction/no special feature,Paved,,Property Damage Only,0,0,0,0,0,0,2000,1,2,,POINT (-92.675923101742 41.469645669363)
2014844650,ACSO-14-0080,01/10/2014,01-January,6-Friday,12:00,1200 Hours,District 2 (Northeast),,ALLAMAKEE,,Co Rd X26/VOLNEY RD,Collision with fixed object:  Ditch,On Roadway,Non-collision (single vehicle),Crossed centerline (undivided),None Indicated,,Daylight,Ice/frost,Snow,"Surface condition (e.g., wet, icy)",Non-intersection:  Non-junction/no special feature,Paved,,Property Damage Only,0,0,0,0,0,0,5000,1,1,,POINT (-91.385933078888 43.10260226889)
2014778928,14007,01/10/2014,01-January,6-Friday,15:19,1500 Hours,District 5 (Southeast),PELLA,MARION,,INDEPENDENCE ST & FARMER ST,Collision with:  Vehicle in traffic,On Roadway,Broadside (front to side),FTYROW:  From yield sign,None Indicated,,Daylight,Wet,Rain,None apparent,Intersection:  Four-way intersection,Paved,,Property Damage Only,0,0,0,0,0,0,20100,2,2,,POINT (-92.907797207849 41.402769801751)
2014778877,14-01012,01/10/2014,01-January,6-Friday,21:59,2100 Hours,District 5 (Southeast),BURLINGTON,DES MOINES,,LOCUST ST,Collision with:  Vehicle in traffic,Shoulder,Broadside (front to side),Downhill runaway,None Indicated,,Dark - roadway lighted,Slush,"Fog, smoke, smog","Surface condition (e.g., wet, icy)",Non-intersection:  Non-junction/no special feature,Paved,,Property Damage Only,0,0,0,0,0,0,3800,2,1,,POINT (-91.101707006845 40.80053812164)