Iowa DOT Case Number,Law Enforcement Case Number,Date of Crash,Month of Crash,Day of Week,Time of Crash,Hour,DOT District,City Name,County Name,Route with System,Location Description,First Harmful Event,Location of First Harmful Event,Manner of Crash/Collision,Major Cause,Drug or Alcohol ,Environmental Conditions,Light Conditions,Surface Conditions,Weather Conditions,Roadway Contribution,Roadway Type,Roadway Surface,Work Zone,Crash Severity,Number of Fatalities,Number of Injuries,Number of Major Injuries,Number of Minor Injuries,Number of Possible Injuries,Number of Unknown Injuries,Amount of Property Damage,Number of Vehicles Involved,Total Number of Occupants,Travel Direction,Location
2014779150,2014002371,01/10/2014,01-January,6-Friday,19:22,1900 Hours,District 6 (East Central),,DELAWARE,,Co Rd X47/310TH AVE,Non-collision events:  Overturn/rollover,Shoulder,Non-collision (single vehicle),Ran off road - right,None Indicated,,Dark - roadway not lighted,Ice/frost,Rain,None apparent,Non-intersection:  Driveway access (within),Paved,,Property Damage Only,0,0,0,0,0,0,10000,1,1,,POINT (-91.189669096954 42.445183632376)
2014780354,14-801,01/10/2014,01-January,6-Friday,20:02,2000 Hours,District 1 (Central),NEWTON,JASPER,,Co Rd F48/HWY F-48 W,Collision with fixed object:  Ditch,On Roadway,Non-collision (single vehicle),Ran off road - left,None Indicated,,Dark - unknown roadway lighting,Ice/frost,"Sleet, hail","Surface condition (e.g., wet, icy)",Non-intersection:  Non-junction/no special feature,Paved,,Possible/Unknown,0,1,0,0,1,0,0,1,1,,POINT (-93.109198178674 41.699196552837)
2014778932,1400000023,01/10/2014,01-January,6-Friday,05:35,0500 Hours,District 1 (Central),,MARSHALL,,Co Rd T37/ZELLER AVE,Non-collision events:  Overturn/rollover,On Roadway,Non-collision (single vehicle),Swerving/Evasive Action,None Indicated,,Dark - roadway not lighted,Ice/frost,"Sleet, hail","Surface condition (e.g., wet, icy)",Non-intersection:  Non-junction/no special feature,Paved,,Property Damage Only,0,0,0,0,0,0,4500,1,1,,POINT (-92.785313747964 42.020863769753)
2014780271,,01/10/2014,01-January,6-Friday,16:22,1600 Hours,District 2 (Northeast),,KOSSUTH,,Co Rd A42/360 ST,Collision with:  Vehicle in traffic,On Roadway,"Sideswipe, opposite direction",Swerving/Evasive Action,None Indicated,,Dusk,Snow,Snow,"Surface condition (e.g., wet, icy)",Non-intersection:  Non-junction/no special feature,Paved,,Minor Injury,0,3,0,3,0,0,39500,2,4,,POINT (-94.187702463364 43.28402604988)
2014779039,14-00552,01/10/2014,01-January,6-Friday,16:39,1600 Hours,District 6 (East Central),BETTENDORF,SCOTT,,CROW CREEK RD,Collision with:  Vehicle in traffic,On Roadway,"Sideswipe, same direction",Crossed centerline (undivided),None Indicated,,Dusk,Ice/frost,Rain,"Surface condition (e.g., wet, icy)",Non-intersection:  Non-junction/no special feature,Paved,,Property Damage Only,0,0,0,0,0,0,4000,2,4,,POINT (-90.43940504297 41.568080039001)
2014778821,W14-003117,01/10/2014,01-January,6-Friday,16:16,1600 Hours,District 2 (Northeast),WATERLOO,BLACK HAWK,,LONGFELLOW AVE,Collision with:  Vehicle in traffic,On Roadway,Head-on (front to front),Driving too fast for conditions,None Indicated,,Daylight,Ice/frost,"Sleet, hail","Surface condition (e.g., wet, icy)",Non-intersection:  Other non-intersection (explain in narrative),Paved,,Property Damage Only,0,0,0,0,0,0,5000,2,3,,POINT (-92.362279439489 42.526494258317)
2014779425,1400000024,01/10/2014,01-January,6-Friday,09:07,0900 Hours,District 1 (Central),,MARSHALL,,Co Rd E63/290TH ST,Collision with fixed object:  Ditch,On Roadway,Non-collision (single vehicle),Driving too fast for conditions,None Indicated,,Daylight,Ice/frost,"Sleet, hail","Surface condition (e.g., wet, icy)",Non-intersection:  Non-junction/no special feature,Paved,,Property Damage Only,0,0,0,0,0,0,2500,1,1,,POINT (-92.898531079113 41.934708469603)
2014778742,14-0099,01/10/2014,01-January,6-Friday,13:45,1300 Hours,District 1 (Central),FORT DODGE,WEBSTER,,S 17TH ST,Collision with:  Parked motor vehicle,Roadside,Unknown,Unknown,None Indicated,,Daylight,Unknown,Unknown,None apparent,Non-intersection:  Non-junction/no special feature,Paved,,Property Damage Only,0,0,0,0,0,0,1500,2,1,,POINT (-94.174941025161 42.503225209721)
2014778923,14000779,01/10/2014,01-January,6-Friday,17:03,1700 Hours,District 5 (Southeast),OSKALOOSA,MAHASKA,,HIGH AVE W,Collision with:  Parked motor vehicle,Outside trafficway,Unknown,Unknown,None Indicated,,Dusk,Wet,Rain,None apparent,Non-intersection:  Driveway access (within),Paved,,Property Damage Only,0,0,0,0,0,0,1500,2,1,,POINT (-92.646127500326 41.295341547911)
2014779650,14-000039,01/10/2014,01-January,6-Friday,17:04,1700 Hours,District 1 (Central),,STORY,US 69,US 69,Collision with fixed object:  Ditch,On Roadway,Non-collision (single vehicle),Ran off road - right,None Indicated,,Dusk,Ice/frost,"Sleet, hail","Surface condition (e.g., wet, icy)",Non-intersection:  Non-junction/no special feature,Paved,,Possible/Unknown,0,1,0,0,0,1,2000,1,1,,POINT (-93.609939996304 41.96063971785)
2014780437,14-000037,01/10/2014,01-January,6-Friday,07:50,0700 Hours,District 1 (Central),JOHNSTON,POLK,,MERLE HAY RD,Collision with:  Vehicle in traffic,On Roadway,"Sideswipe, same direction",FTYROW:  From driveway,None Indicated,,Dawn,Wet,Rain,None apparent,Non-intersection:  Driveway access (within),Paved,,Property Damage Only,0,0,0,0,0,0,5000,2,3,,POINT (-93.697720264188 41.680332214668)
2014779368,14000469,01/10/2014,01-January,6-Friday,19:10,1900 Hours,District 2 (Northeast),MASON CITY,CERRO GORDO,,S TAFT AVE & FRONTAGE RD N,Collision with:  Vehicle in traffic,On Roadway,"Angle, oncoming left turn",FTYROW:  From driveway,None Indicated,,Dark - roadway lighted,Ice/frost,"Sleet, hail",None apparent,Non-intersection:  Driveway access (within),Paved,,Property Damage Only,0,0,0,0,0,0,4000,2,4,,POINT (-93.240654727574 43.148718027276)
2014780310,14000246,01/10/2014,01-January,6-Friday,15:14,1500 Hours,District 6 (East Central),,BUCHANAN,IA 150,IA 150/JACKSON AVE & 133RD ST,Collision with:  Vehicle in traffic,On Roadway,Rear-end (front to rear),Lost Control,None Indicated,,Daylight,Ice/frost,Cloudy,"Surface condition (e.g., wet, icy)",Intersection:  T-intersection,Paved,,Property Damage Only,0,0,0,0,0,0,7500,2,3,,POINT (-91.901461030674 42.593895592089)
2014778902,2014000295,01/10/2014,01-January,6-Friday,19:55,1900 Hours,District 6 (East Central),IOWA CITY,JOHNSON,,MORMON TREK BLVD,Collision with:  Animal,On Roadway,Non-collision (single vehicle),Animal,None Indicated,,Dark - roadway lighted,Wet,Rain,None apparent,Non-intersection:  Non-junction/no special feature,Paved,,Property Damage Only,0,0,0,0,0,0,1500,1,1,,POINT (-91.573839693924 41.661252511574)
2014778655,14-527,01/10/2014,01-January,6-Friday,14:15,1400 Hours,District 2 (Northeast),,BREMER,IA 3,IA 3/IOWA 3 & TIMBER AVE,Non-collision events:  Overturn/rollover,On Roadway,Non-collision (single vehicle),Ran off road - right,None Indicated,,Daylight,Ice/frost,Cloudy,"Surface condition (e.g., wet, icy)",Non-intersection:  Non-junction/no special feature,Paved,,Property Damage Only,0,0,0,0,0,0,2500,1,1,,POINT (-92.165239441766 42.71479640006)
2014779119,2014002181,01/10/2014,01-January,6-Friday,09:13,0900 Hours,District 4 (Southwest),,POTTAWATTAMIE,I-80,I-80,Non-collision events:  Overturn/rollover,On Roadway,Non-collision (single vehicle),Crossed centerline (undivided),None Indicated,,Daylight,Wet,Rain,None apparent,Non-intersection:  Non-junction/no special feature,Paved,,Property Damage Only,0,0,0,0,0,0,4500,1,1,,POINT (-95.586129394516 41.491450123502)
2014779022,S14-000079,01/10/2014,01-January,6-Friday,05:30,0500 Hours,District 4 (Southwest),,POTTAWATTAMIE,I-80,I-80,Collision with fixed object:  Ditch,On Roadway,Non-collision (single vehicle),Driving too fast for conditions,None Indicated,,Dark - roadway not lighted,Ice/frost,"Sleet, hail","Surface condition (e.g., wet, icy)",Non-intersection:  Non-junction/no special feature,Paved,,Possible/Unknown,0,1,0,0,1,0,20000,1,1,,POINT (-95.437667639147 41.498432103791)
2014778809,14002963,01/10/2014,01-January,6-Friday,07:33,0700 Hours,District 2 (Northeast),CEDAR FALLS,BLACK HAWK,IA 57,IA 57/WEST 1ST ST & HUDSON RD,Collision with:  Vehicle in traffic,On Roadway,Rear-end (front to rear),Driver Distraction:  Inattentive/lost in thought,None Indicated,,Dawn,Wet,"Fog, smoke, smog",None apparent,Intersection:  T-intersection,Paved,,Property Damage Only,0,0,0,0,0,0,3000,2,2,,POINT (-92.46533372314 42.537864386164)
2014779005,14-0070,01/10/2014,01-January,6-Friday,18:12,1800 Hours,District 1 (Central),URBANDALE,POLK,,72ND ST,Collision with:  Vehicle in traffic,On Roadway,"Sideswipe, same direction",Followed too close,None Indicated,,Daylight,Ice/frost,"Sleet, hail","Surface condition (e.g., wet, icy)",Non-intersection:  Non-junction/no special feature,Paved,,Property Damage Only,0,0,0,0,0,0,1600,2,2,,POINT (-93.717062596556 41.649904231186)
2014778720,20140000803,01/10/2014,01-January,6-Friday,06:56,0600 Hours,District 1 (Central),DES MOINES,POLK,,GUTHRIE AVE & GLENBROOK DR,Collision with fixed object:  Utility pole/light support,Shoulder,Non-collision (single vehicle),Ran off road - right,None Indicated,,Dark - roadway lighted,Wet,Snow,None apparent,Intersection:  T-intersection,Paved,,Minor Injury,0,1,0,1,0,0,3950,1,1,,POINT (-93.59440566925 41.614980552292)
2014779629,2014-2234,01/10/2014,01-January,6-Friday,18:03,1800 Hours,District 6 (East Central),DAVENPORT,SCOTT,,W 65TH ST & SCOTT ST,Collision with:  Vehicle in traffic,On Roadway,Broadside (front to side),Swerving/Evasive Action,None Indicated,,Dark - roadway lighted,Ice/frost,Rain,"Surface condition (e.g., wet, icy)",Intersection:  Four-way intersection,Paved,,Property Damage Only,0,0,0,0,0,0,10000,2,4,,POINT (-90.578769868028 41.585439150701)
2014779026,14-001099,01/10/2014,01-January,6-Friday,12:00,1200 Hours,District 4 (Southwest),COUNCIL BLUFFS,POTTAWATTAMIE,,HARMONY ST,Collision with fixed object:  Utility pole/light support,Outside trafficway,Non-collision (single vehicle),Unknown,None Indicated,,Daylight,Dry,Cloudy,None apparent,Non-intersection:  Non-junction/no special feature,Paved,,Property Damage Only,0,0,0,0,0,0,1500,1,1,,POINT (-95.841069870733 41.269299492332)
2014782323,2014002296,01/10/2014,01-January,6-Friday,17:30,1700 Hours,District 1 (Central),,GRUNDY,US 20,US 20,Non-collision events:  Overturn/rollover,Median,Non-collision (single vehicle),Driving too fast for conditions,None Indicated,,Dark - roadway not lighted,Ice/frost,Rain,"Surface condition (e.g., wet, icy)",Non-intersection:  Non-junction/no special feature,Paved,,Property Damage Only,0,0,0,0,0,0,7000,1,1,,POINT (-92.646069442097 42.463564299434)
2014780715,02-14-591,01/10/2014,01-January,6-Friday,19:03,1900 Hours,District 6 (East Central),,DUBUQUE,,MUD LAKE RD,Non-collision events:  Other non-collision (explain in narrative),On Roadway,Non-collision (single vehicle),Ran off road - right,None Indicated,,Dark - roadway not lighted,Ice/frost,Rain,"Surface condition (e.g., wet, icy)",Non-intersection:  Non-junction/no special feature,Paved,,Property Damage Only,0,0,0,0,0,0,4000,1,1,,POINT (-90.725666286557 42.5813480204)
2014779153,PD140012,01/10/2014,01-January,6-Friday,13:42,1300 Hours,District 1 (Central),GRUNDY CENTER,GRUNDY,,12TH ST,Collision with:  Vehicle in traffic,On Roadway,Broadside (front to side),FTYROW:  From driveway,None Indicated,,Daylight,Dry,Cloudy,None apparent,Non-intersection:  Driveway access (within),Paved,,Property Damage Only,0,0,0,0,0,0,3000,2,2,,POINT (-92.779293319419 42.360067933827)
2014778725,20140000844,01/10/2014,01-January,6-Friday,12:29,1200 Hours,District 1 (Central),DES MOINES,POLK,,WALKER ST & DIXON ST,Collision with:  Vehicle in traffic,On Roadway,Broadside (front to side),Driving too fast for conditions,None Indicated,,Daylight,Ice/frost,Rain,"Surface condition (e.g., wet, icy)",Non-intersection:  Non-junction/no special feature,Paved,,Property Damage Only,0,0,0,0,0,0,1500,2,4,,POINT (-93.588961919749 41.599741318393)
2014779216,1400295,01/10/2014,01-January,6-Friday,02:58,0200 Hours,District 2 (Northeast),,FAYETTE,IA 3,IA 3/35TH ST,Non-collision events:  Overturn/rollover,On Roadway,Non-collision (single vehicle),Over correcting/over steering,None Indicated,,Dark - roadway not lighted,Ice/frost,"Fog, smoke, smog","Surface condition (e.g., wet, icy)",Non-intersection:  Non-junction/no special feature,Paved,,Minor Injury,0,1,0,1,0,0,3000,1,1,,POINT (-91.823647977131 42.682034352507)
2014779214,14-000292,01/10/2014,01-January,6-Friday,00:34,0000 Hours,District 2 (Northeast),WEST UNION,FAYETTE,,Co Rd B40/GREAT RIVER RD,Collision with:  Animal,,,Animal,None Indicated,,,,,,,Paved,,Property Damage Only,0,0,0,0,0,0,2000,1,1,,POINT (-91.754527857665 43.038825997446)
2014779497,,01/10/2014,01-January,6-Friday,10:42,1000 Hours,District 2 (Northeast),HUMBOLDT,HUMBOLDT,US 169,US 169/13TH ST S & WILDCAT RD & 4TH AVE SW,Collision with:  Vehicle in traffic,On Roadway,Rear-end (front to rear),Driving too fast for conditions,None Indicated,,Daylight,Ice/frost,Cloudy,"Surface condition (e.g., wet, icy)",Intersection:  Four-way intersection,Paved,,Property Damage Only,0,0,0,0,0,0,4500,2,2,,POINT (-94.226977851518 42.716579214555)
2014779482,2014002276,01/10/2014,01-January,6-Friday,16:33,1600 Hours,District 1 (Central),ANKENY,POLK,I-35,I-35,Collision with:  Vehicle in traffic,On Roadway,Rear-end (front to rear),Exceeded authorized speed,None Indicated,,Dusk,Wet,Rain,None apparent,Non-intersection:  Non-junction/no special feature,Paved,,Property Damage Only,0,0,0,0,0,0,27000,2,2,,POINT (-93.575898817819 41.690608797577)
2014779091,14-942,01/10/2014,01-January,6-Friday,12:50,1200 Hours,District 3 (Northwest),SIOUX CITY,WOODBURY,,COURT ST,Collision with:  Parked motor vehicle,On Roadway,Head-on (front to front),"Operating vehicle in an reckless, erratic, careless, negligent manner",None Indicated,,Daylight,Wet,Cloudy,None apparent,Non-intersection:  Non-junction/no special feature,Paved,,Possible/Unknown,0,1,0,0,1,0,10500,2,4,,POINT (-96.396578089368 42.532366919976)
2014779462,14-00677,01/10/2014,01-January,6-Friday,21:51,2100 Hours,District 6 (East Central),,SCOTT,,FOREST GROVE DR,Non-collision events:  Overturn/rollover,On Roadway,Non-collision (single vehicle),Driving too fast for conditions,None Indicated,,Dark - roadway not lighted,Ice/frost,"Sleet, hail","Surface condition (e.g., wet, icy)",Non-intersection:  Non-junction/no special feature,Paved,,Possible/Unknown,0,1,0,0,1,0,3002,1,1,,POINT (-90.424472002689 41.591973060357)
2014778938,2014000305,01/10/2014,01-January,6-Friday,22:20,2200 Hours,District 1 (Central),MARSHALLTOWN,MARSHALL,,N 1ST AVE,Collision with:  Parked motor vehicle,On Roadway,"Sideswipe, same direction",Driving too fast for conditions,Refused,,Dark - roadway lighted,Wet,Cloudy,"Surface condition (e.g., wet, icy)",Non-intersection:  Non-junction/no special feature,Paved,,Property Damage Only,0,0,0,0,0,0,8000,2,2,,POINT (-92.9113023092 42.049815393211)
2014779226,2014000288,01/10/2014,01-January,6-Friday,17:07,1700 Hours,District 6 (East Central),IOWA CITY,JOHNSON,IA 1,IA 1/E BURLINGTON ST/GOVERNOR ST,Collision with:  Non-motorist (see non-motorist section - NOT a unit),On Roadway,Non-collision (single vehicle),FTYROW:  To pedestrian,None Indicated,,Dark - roadway lighted,Wet,Rain,None apparent,Non-intersection:  Non-junction/no special feature,Paved,,Major Injury,0,1,1,0,0,0,500,1,1,,POINT (-91.522885257423 41.657780702463)
2014899610,NT-14-011,01/10/2014,01-January,6-Friday,20:35,2000 Hours,District 1 (Central),NEVADA,STORY,,LINCOLN HWY,Collision with:  Vehicle in traffic,On Roadway,Non-collision (single vehicle),Other (explain in narrative):  No improper action,None Indicated,,Dark - roadway not lighted,Ice/frost,"Sleet, hail","Surface condition (e.g., wet, icy)",Non-intersection:  Non-junction/no special feature,Paved,,Property Damage Only,0,0,0,0,0,0,6000,1,2,,POINT (-93.464317417258 42.022764369105)
2014779117,2014002141,01/10/2014,01-January,6-Friday,07:05,0700 Hours,District 2 (Northeast),WATERLOO,BLACK HAWK,US 20,US 20,Collision with:  Vehicle in traffic,On Roadway,"Sideswipe, same direction",Driving too fast for conditions,None Indicated,,Dawn,Ice/frost,Rain,"Surface condition (e.g., wet, icy)",Non-intersection:  Non-junction/no special feature,Paved,,Property Damage Only,0,0,0,0,0,0,4000,2,2,,POINT (-92.364954571853 42.45346269622)
2014779002,14-0064,01/10/2014,01-January,6-Friday,09:50,0900 Hours,District 1 (Central),URBANDALE,POLK,,121ST ST,Collision with fixed object:  Utility pole/light support,Outside trafficway,Non-collision (single vehicle),Ran off road - right,None Indicated,,Daylight,Ice/frost,Cloudy,None apparent,Non-intersection:  Non-junction/no special feature,Paved,,Property Damage Only,0,0,0,0,0,0,2500,1,1,,POINT (-93.783810678447 41.630256220671)
2014779488,2014002151,01/10/2014,01-January,6-Friday,07:32,0700 Hours,District 5 (Southeast),,CLARKE,I-35,I-35,Collision with fixed object:  Ditch,On Roadway,Non-collision (single vehicle),Driving too fast for conditions,None Indicated,,Daylight,Ice/frost,"Sleet, hail","Surface condition (e.g., wet, icy)",Non-intersection:  Non-junction/no special feature,Paved,,Property Damage Only,0,0,0,0,0,0,10000,1,1,,POINT (-93.786113213391 41.155481442703)
2014778810,1403059,01/10/2014,01-January,6-Friday,13:59,1300 Hours,District 2 (Northeast),CEDAR FALLS,BLACK HAWK,,22ND ST & OLIVE ST,Collision with:  Vehicle in traffic,On Roadway,Broadside (front to side),FTYROW:  From stop sign,None Indicated,,Daylight,Slush,Rain,"Surface condition (e.g., wet, icy)",Intersection:  Four-way intersection,Paved,,Property Damage Only,0,0,0,0,0,0,1500,2,2,,POINT (-92.454646161788 42.517749099859)
2014782955,01-14-1509,01/10/2014,01-January,6-Friday,16:48,1600 Hours,District 6 (East Central),DUBUQUE,DUBUQUE,,LORAS BLVD & HENION ST,Collision with:  Vehicle in traffic,On Roadway,Rear-end (front to rear),Other (explain in narrative):  No improper action,None Indicated,,Dusk,Ice/frost,"Sleet, hail","Surface condition (e.g., wet, icy)",Intersection:  T-intersection,Paved,,Property Damage Only,0,0,0,0,0,0,2000,2,2,,POINT (-90.674777582682 42.504331491896)
2014779539,14004480,01/10/2014,01-January,6-Friday,17:39,1700 Hours,District 6 (East Central),,JOHNSON,US 6,US 6,Collision with fixed object:  Bridge overhead structure,On Roadway,Non-collision (single vehicle),Swerving/Evasive Action,None Indicated,,Dusk,Ice/frost,Rain,None apparent,Non-intersection:  Other non-intersection (explain in narrative),Paved,,Property Damage Only,0,0,0,0,0,0,5000,1,1,,POINT (-91.700300831836 41.712632463055)
2014779670,,01/10/2014,01-January,6-Friday,07:53,0700 Hours,District 5 (Southeast),FORT MADISON,LEE,,AVE F & 5TH ST,Collision with:  Vehicle in traffic,On Roadway,Broadside (front to side),FTYROW:  From stop sign,None Indicated,,Daylight,Slush,Cloudy,None apparent,Intersection:  Four-way intersection,Paved,,Property Damage Only,0,0,0,0,0,0,2000,2,4,,POINT (-91.30618746593 40.631901748706)
2014781482,14-003534,01/10/2014,01-January,6-Friday,19:30,1900 Hours,District 2 (Northeast),DUNKERTON,BLACK HAWK,,Co Rd C66/E DUNKERTON RD,Collision with:  Vehicle in traffic,On Roadway,"Sideswipe, same direction",Unknown,None Indicated,,Dark - roadway not lighted,Ice/frost,"Fog, smoke, smog","Surface condition (e.g., wet, icy)",Non-intersection:  Non-junction/no special feature,Paved,,Property Damage Only,0,0,0,0,0,0,6000,2,2,,POINT (-92.27591032873 42.570397381537)
2014779436,20140000906,01/10/2014,01-January,6-Friday,22:13,2200 Hours,District 1 (Central),DES MOINES,POLK,,E 34TH ST,Collision with fixed object:  Utility pole/light support,Outside trafficway,Non-collision (single vehicle),Other (explain in narrative):  No improper action,None Indicated,,Dark - roadway lighted,Ice/frost,"Sleet, hail","Surface condition (e.g., wet, icy)",Non-intersection:  Non-junction/no special feature,Paved,,Property Damage Only,0,0,0,0,0,0,3000,1,1,,POINT (-93.5503032702 41.61439848379)
2014814423,2014002288,01/10/2014,01-January,6-Friday,17:05,1700 Hours,District 5 (Southeast),,WASHINGTON,,Co Rd G26/190TH ST,Non-collision events:  Overturn/rollover,Shoulder,Non-collision (single vehicle),Ran off road - right,None Indicated,,Dark - roadway not lighted,Ice/frost,"Sleet, hail",None apparent,Non-intersection:  Non-junction/no special feature,Paved,,Property Damage Only,0,0,0,0,0,0,6000,1,2,,POINT (-91.739543029913 41.38079721971)
2014779299,S14-257,01/10/2014,01-January,6-Friday,09:00,0900 Hours,District 3 (Northwest),,WOODBURY,,Co Rd D25/OLD HWY 141,Collision with fixed object:  Mailbox,On Roadway,Non-collision (single vehicle),Ran off road - right,None Indicated,,Daylight,Ice/frost,"Fog, smoke, smog","Surface condition (e.g., wet, icy)",Non-intersection:  Non-junction/no special feature,Paved,,Property Damage Only,0,0,0,0,0,0,5200,1,1,,POINT (-96.228839066427 42.392075225897)
2014779369,14000470,01/10/2014,01-January,6-Friday,19:17,1900 Hours,District 2 (Northeast),MASON CITY,CERRO GORDO,,12TH ST NW,Non-collision events:  Other non-collision (explain in narrative),On Roadway,Non-collision (single vehicle),Crossed centerline (undivided),None Indicated,,Dark - roadway not lighted,Snow,Snow,None apparent,Non-intersection:  Non-junction/no special feature,Paved,,Property Damage Only,0,0,0,0,0,0,1500,2,3,,POINT (-93.225579535368 43.16280529633)
2014779627,2014-2209,01/10/2014,01-January,6-Friday,16:34,1600 Hours,District 6 (East Central),DAVENPORT,SCOTT,,W 17TH ST & WASHINGTON ST,Collision with:  Vehicle in traffic,On Roadway,Broadside (front to side),Ran Stop Sign,None Indicated,,Dark - roadway lighted,Ice/frost,"Sleet, hail","Surface condition (e.g., wet, icy)",Intersection:  Four-way intersection,Paved,,Property Damage Only,0,0,0,0,0,0,1500,2,4,,POINT (-90.596237598869 41.536883145626)
2014778838,14-00561,01/10/2014,01-January,6-Friday,22:31,2200 Hours,District 2 (Northeast),,BREMER,US 218,US 218/NW RAMP,Non-collision events:  Overturn/rollover,On Roadway,Non-collision (single vehicle),Driving too fast for conditions,None Indicated,,Dark - roadway not lighted,Ice/frost,"Sleet, hail","Surface condition (e.g., wet, icy)",Non-intersection:  Non-junction/no special feature,Paved,,Minor Injury,0,1,0,1,0,0,10000,1,4,,POINT (-92.48150964159 42.693196400972)
2014781962,2014-00573,01/10/2014,01-January,6-Friday,09:32,0900 Hours,District 5 (Southeast),,WARREN,,Co Rd R57/80TH AVE,Collision with fixed object:  Other fixed object (explain in narrative),Roadside,Non-collision (single vehicle),Driving too fast for conditions,None Indicated,,Daylight,Ice/frost,"Sleet, hail","Surface condition (e.g., wet, icy)",Non-intersection:  Non-junction/no special feature,Paved,,Possible/Unknown,0,1,0,0,1,0,2700,1,1,,POINT (-93.655243814724 41.306613372558)
2014779149,2014002344,01/10/2014,01-January,6-Friday,18:40,1800 Hours,District 2 (Northeast),,BLACK HAWK,I-380,I-380,Collision with:  Other non-fixed object (explain in narrative),Shoulder,Rear-end (front to rear),Ran off road - left,None Indicated,,Dark - roadway not lighted,Ice/frost,"Sleet, hail","Surface condition (e.g., wet, icy)",Interchange-related:  Off-ramp,Paved,,Property Damage Only,0,0,0,0,0,0,5000,2,2,,POINT (-92.067331842388 42.354073272025)
2014779300,S14-272,01/10/2014,01-January,6-Friday,14:50,1400 Hours,District 3 (Northwest),,WOODBURY,I-29,I-29,Collision with:  Other non-fixed object (explain in narrative),On Roadway,Non-collision (single vehicle),Cargo/equipment loss or shift,None Indicated,,Daylight,Wet,Rain,Debris,Non-intersection:  Non-junction/no special feature,Paved,,Property Damage Only,0,0,0,0,0,0,1700,2,2,,POINT (-96.310157045295 42.322767679891)
2014779632,2014-2240,01/10/2014,01-January,6-Friday,18:33,1800 Hours,District 6 (East Central),DAVENPORT,SCOTT,,E 53RD ST & ELMORE AVE,Collision with:  Vehicle in traffic,On Roadway,Rear-end (front to rear),Lost Control,None Indicated,,Dark - roadway lighted,Ice/frost,Rain,"Surface condition (e.g., wet, icy)",Intersection:  Four-way intersection,Paved,,Minor Injury,0,1,0,1,0,0,2500,2,5,,POINT (-90.528586977681 41.574860104089)
2014779412,C14000115,01/10/2014,01-January,6-Friday,19:22,1900 Hours,District 6 (East Central),CORALVILLE,JOHNSON,,HOLIDAY RD,Collision with:  Vehicle in traffic,On Roadway,"Sideswipe, same direction",Driving too fast for conditions,None Indicated,,Dark - roadway lighted,Ice/frost,Rain,"Surface condition (e.g., wet, icy)",Non-intersection:  Non-junction/no special feature,Paved,,Property Damage Only,0,0,0,0,0,0,12000,2,2,,POINT (-91.597901541974 41.695369350978)
2014778944,14680492,01/10/2014,01-January,6-Friday,18:23,1800 Hours,District 5 (Southeast),,MONROE,US 34,US 34 & 684TH AVE,Collision with:  Vehicle in traffic,On Roadway,"Sideswipe, same direction",Made improper turn,None Indicated,,Dark - roadway not lighted,Wet,"Fog, smoke, smog",None apparent,Intersection:  Four-way intersection,Paved,,Property Damage Only,0,0,0,0,0,0,7500,2,4,,POINT (-92.744891205578 41.01557161779)
2014779195,14000161,01/10/2014,01-January,6-Friday,16:34,1600 Hours,District 2 (Northeast),,CERRO GORDO,,Co Rd B30/260TH ST & Co Rd S14/BALSAM AVE,Collision with:  Vehicle in traffic,On Roadway,Broadside (front to side),Driving too fast for conditions,None Indicated,,Dusk,Ice/frost,Cloudy,None apparent,Intersection:  Four-way intersection,Paved,,Property Damage Only,0,0,0,0,0,0,20000,2,3,,POINT (-93.477793393875 43.141021783217)
2014778854,14000543,01/10/2014,01-January,6-Friday,14:09,1400 Hours,District 2 (Northeast),MASON CITY,CERRO GORDO,,12TH ST NW,Collision with fixed object:  Ditch,On Roadway,Non-collision (single vehicle),Ran off road - right,None Indicated,,Daylight,Ice/frost,"Sleet, hail","Surface condition (e.g., wet, icy)",Non-intersection:  Non-junction/no special feature,Paved,,Property Damage Only,0,0,0,0,0,0,16000,1,1,,POINT (-93.227129475219 43.16280222968)
2014783981,2014-2219,01/10/2014,01-January,6-Friday,17:10,1700 Hours,District 6 (East Central),DAVENPORT,SCOTT,,W 4TH ST & MARQUETTE ST,Collision with:  Vehicle in traffic,On Roadway,"Sideswipe, same direction",Unknown,None Indicated,,Daylight,Wet,"Sleet, hail",None apparent,Non-intersection:  Non-junction/no special feature,Paved,,Property Damage Only,0,0,0,0,0,0,2000,2,5,,POINT (-90.590886009486 41.523468595414)
2014779218,2014000280,01/10/2014,01-January,6-Friday,14:35,1400 Hours,District 6 (East Central),IOWA CITY,JOHNSON,,E PRENTISS ST & S DUBUQUE ST,Collision with:  Vehicle in traffic,On Roadway,Broadside (front to side),FTYROW:  From stop sign,None Indicated,,Daylight,Wet,Cloudy,None apparent,Intersection:  Four-way intersection,Paved,,Property Damage Only,0,0,0,0,0,0,5800,2,2,,POINT (-91.53319439578 41.654409082709)
2014779339,,01/10/2014,01-January,6-Friday,08:33,0800 Hours,District 5 (Southeast),FORT MADISON,LEE,,303RD AVE,Collision with fixed object:  Ditch,On Roadway,Non-collision (single vehicle),Ran off road - left,None Indicated,,Daylight,Wet,Rain,"Surface condition (e.g., wet, icy)",Non-intersection:  Non-junction/no special feature,Paved,,Minor Injury,0,1,0,1,0,0,1000,1,1,,POINT (-91.319350660619 40.659118711559)