Iowa DOT Case Number,Law Enforcement Case Number,Date of Crash,Month of Crash,Day of Week,Time of Crash,Hour,DOT District,City Name,County Name,Route with System,Location Description,First Harmful Event,Location of First Harmful Event,Manner of Crash/Collision,Major Cause,Drug or Alcohol ,Environmental Conditions,Light Conditions,Surface Conditions,Weather Conditions,Roadway Contribution,Roadway Type,Roadway Surface,Work Zone,Crash Severity,Number of Fatalities,Number of Injuries,Number of Major Injuries,Number of Minor Injuries,Number of Possible Injuries,Number of Unknown Injuries,Amount of Property Damage,Number of Vehicles Involved,Total Number of Occupants,Travel Direction,Location
2014779628,2014-2193,01/10/2014,01-January,6-Friday,15:25,1500 Hours,District 6 (East Central),DAVENPORT,SCOTT,I-280,I-280 & W LOCUST ST,Collision with:  Vehicle in traffic,On Roadway,Rear-end (front to rear),Ran Stop Sign,None Indicated,,Daylight,Wet,Rain,None apparent,Intersection:  Intersection with ramp,Paved,,Property Damage Only,0,0,0,0,0,0,3000,2,2,,POINT (-90.674524568544 41.538214603599)
2014778856,1401102791,01/10/2014,01-January,6-Friday,16:30,1600 Hours,District 6 (East Central),,CLINTON,IA 136,IA 136/IOWA 136,Collision with fixed object:  Ditch,Roadside,Non-collision (single vehicle),Ran off road - left,None Indicated,,Dusk,Ice/frost,Rain,None apparent,Non-intersection:  Non-junction/no special feature,Paved,,Minor Injury,0,1,0,1,0,0,5000,1,1,,POINT (-90.401081615692 41.9608710224)
2014778990,20140000871,01/10/2014,01-January,6-Friday,16:11,1600 Hours,District 1 (Central),DES MOINES,POLK,,JEFFERSON AVE & 16TH ST,Collision with:  Vehicle in traffic,On Roadway,Broadside (front to side),Ran Stop Sign,None Indicated,,Daylight,Slush,"Sleet, hail","Surface condition (e.g., wet, icy)",Intersection:  T-intersection,Paved,,Property Damage Only,0,0,0,0,0,0,2500,2,2,,POINT (-93.639034518651 41.610453698775)
2014778941,14-000360,01/10/2014,01-January,6-Friday,07:07,0700 Hours,District 4 (Southwest),,MILLS,,225TH ST,Non-collision events:  Other non-collision (explain in narrative),Outside trafficway,Non-collision (single vehicle),Ran off road - left,None Indicated,,Dawn,Ice/frost,Rain,"Surface condition (e.g., wet, icy)",Non-intersection:  Driveway access (within),Paved,,Property Damage Only,0,0,0,0,0,0,5500,1,1,,POINT (-95.756209546407 41.062996963708)
2014779470,14010167,01/10/2014,01-January,6-Friday,07:30,0700 Hours,District 5 (Southeast),,WAPELLO,US 34,US 34,Non-collision events:  Other non-collision (explain in narrative),On Roadway,Non-collision (single vehicle),Swerving/Evasive Action,None Indicated,,Dawn,Ice/frost,"Sleet, hail","Surface condition (e.g., wet, icy)",Non-intersection:  Non-junction/no special feature,Paved,,Property Damage Only,0,0,0,0,0,0,12000,1,1,,POINT (-92.59343162065 41.011731798571)
2014778818,W14-002995,01/10/2014,01-January,6-Friday,10:20,1000 Hours,District 2 (Northeast),WATERLOO,BLACK HAWK,I-380,I-380,Collision with fixed object:  Guardrail - face,Shoulder,Non-collision (single vehicle),Ran off road - right,None Indicated,,Daylight,Ice/frost,Rain,"Surface condition (e.g., wet, icy)",Interchange-related:  On-ramp,Paved,,Property Damage Only,0,0,0,0,0,0,1600,1,1,,POINT (-92.316765495131 42.45398710275)
2014778977,20140000881,01/10/2014,01-January,6-Friday,17:00,1700 Hours,District 1 (Central),DES MOINES,POLK,,COLLEGE AVE & 34TH ST,Collision with:  Vehicle in traffic,On Roadway,Head-on (front to front),Driving too fast for conditions,None Indicated,,Daylight,Slush,Cloudy,None apparent,Non-intersection:  Non-junction/no special feature,Paved,,Property Damage Only,0,0,0,0,0,0,9000,2,2,,POINT (-93.663296987544 41.607623114371)
2014778918,14000663,01/10/2014,01-January,6-Friday,14:23,1400 Hours,District 6 (East Central),MARION,LINN,,MONARCH AVE & 35TH ST,Collision with fixed object:  Curb/island/raised median,Roadside,Non-collision (single vehicle),Driving too fast for conditions,None Indicated,,Daylight,Ice/frost,Rain,"Surface condition (e.g., wet, icy)",Intersection:  Four-way intersection,Paved,,Minor Injury,0,1,0,1,0,0,3000,1,1,,POINT (-91.574534921637 42.044833710222)
2014779819,14-0063,01/10/2014,01-January,6-Friday,08:00,0800 Hours,District 1 (Central),URBANDALE,POLK,,DOUGLAS PKWY,Collision with:  Vehicle in traffic,On Roadway,Broadside (front to side),FTYROW:  Making left turn,None Indicated,,Daylight,Ice/frost,"Fog, smoke, smog",None apparent,Intersection:  Other intersection (explain in narrative),Paved,,Possible/Unknown,0,1,0,0,1,0,8000,2,3,,POINT (-93.780248047436 41.629505844686)
2014778956,14-208,01/10/2014,01-January,6-Friday,19:37,1900 Hours,District 1 (Central),POLK CITY,POLK,,NW HUGG DR,Collision with fixed object:  Tree,On Roadway,Non-collision (single vehicle),Driving too fast for conditions,None Indicated,,Dark - roadway not lighted,Ice/frost,"Sleet, hail","Surface condition (e.g., wet, icy)",Non-intersection:  Non-junction/no special feature,Paved,,Property Damage Only,0,0,0,0,0,0,10000,1,1,,POINT (-93.719192652114 41.789391747379)
2014780703,01-14-1496,01/10/2014,01-January,6-Friday,16:04,1600 Hours,District 6 (East Central),DUBUQUE,DUBUQUE,,WILBUR ST & SPRUCE ST,Collision with:  Vehicle in traffic,On Roadway,Unknown,Unknown,None Indicated,,Daylight,Ice/frost,Cloudy,"Surface condition (e.g., wet, icy)",Non-intersection:  Non-junction/no special feature,Paved,,Property Damage Only,0,0,0,0,0,0,4500,2,1,,POINT (-90.673494583506 42.500532254313)
2014779180,W14-003063,01/10/2014,01-January,6-Friday,14:16,1400 Hours,District 2 (Northeast),WATERLOO,BLACK HAWK,,W 11TH ST & COMMERCIAL ST,Collision with:  Vehicle in traffic,On Roadway,"Angle, oncoming left turn",Unknown,None Indicated,,Daylight,Slush,"Sleet, hail",Unknown,Intersection:  Four-way intersection,Paved,,Property Damage Only,0,0,0,0,0,0,5000,2,3,,POINT (-92.332348228892 42.490246499208)
2014779006,14-0071,01/10/2014,01-January,6-Friday,23:00,2300 Hours,District 1 (Central),URBANDALE,POLK,,ROCKLYN DR,Collision with:  Parked motor vehicle,On Roadway,"Sideswipe, opposite direction",Unknown,None Indicated,,Dark - roadway lighted,Ice/frost,Clear,None apparent,Non-intersection:  Non-junction/no special feature,Paved,,Property Damage Only,0,0,0,0,0,0,2500,2,1,,POINT (-93.711451416851 41.61797268556)
2014778906,201400483,01/10/2014,01-January,6-Friday,14:41,1400 Hours,District 6 (East Central),CEDAR RAPIDS,LINN,,WILEY BLVD NW,Collision with:  Vehicle in traffic,On Roadway,Head-on (front to front),Lost Control,None Indicated,,Daylight,Wet,Rain,None apparent,Non-intersection:  Non-junction/no special feature,Paved,,Property Damage Only,0,0,0,0,0,0,11000,2,2,,POINT (-91.725700880717 41.976001608137)
2014778967,20140000809,01/10/2014,01-January,6-Friday,07:44,0700 Hours,District 1 (Central),DES MOINES,POLK,,E CRESTON AVE & S UNION ST,Collision with:  Vehicle in traffic,On Roadway,Rear-end (front to rear),Driving too fast for conditions,None Indicated,,Daylight,Slush,"Sleet, hail","Surface condition (e.g., wet, icy)",Intersection:  T-intersection,Paved,,Property Damage Only,0,0,0,0,0,0,3150,2,4,,POINT (-93.616086560712 41.561165161415)
2014780716,02-14-597,01/10/2014,01-January,6-Friday,19:15,1900 Hours,District 6 (East Central),,DUBUQUE,US 151,US 151 & REITER RD,Collision with fixed object:  Ditch,On Roadway,Non-collision (single vehicle),Ran off road - left,None Indicated,,Dark - roadway not lighted,Ice/frost,"Sleet, hail",None apparent,Non-intersection:  Non-junction/no special feature,Paved,,Possible/Unknown,0,1,0,0,1,0,5000,1,1,,POINT (-90.956791132814 42.315748553153)
2014778840,14-538,01/10/2014,01-January,6-Friday,17:08,1700 Hours,District 2 (Northeast),,BREMER,US 63,US 63,Non-collision events:  Overturn/rollover,On Roadway,Non-collision (single vehicle),Driving too fast for conditions,None Indicated,,Dusk,Ice/frost,"Sleet, hail","Surface condition (e.g., wet, icy)",Non-intersection:  Non-junction/no special feature,Paved,,Property Damage Only,0,0,0,0,0,0,6000,1,1,,POINT (-92.336837044116 42.762656820942)
2014778991,20140000879,01/10/2014,01-January,6-Friday,16:00,1600 Hours,District 1 (Central),DES MOINES,POLK,,E 33RD ST,Collision with:  Vehicle in traffic,On Roadway,Unknown,Unknown,None Indicated,,Daylight,Wet,Rain,None apparent,Non-intersection:  Non-junction/no special feature,Paved,,Property Damage Only,0,0,0,0,0,0,2000,2,1,,POINT (-93.55148296916 41.606349373739)
2014783561,1401101507,01/10/2014,01-January,6-Friday,15:07,1500 Hours,District 6 (East Central),,JONES,US 151,US 151,Non-collision events:  Overturn/rollover,On Roadway,Non-collision (single vehicle),Crossed centerline (undivided),None Indicated,,Daylight,Ice/frost,Rain,"Surface condition (e.g., wet, icy)",Non-intersection:  Non-junction/no special feature,Paved,,Property Damage Only,0,0,0,0,0,0,8500,1,1,,POINT (-91.075835769005 42.287603550836)
2014778724,20140000835,01/10/2014,01-January,6-Friday,11:37,1100 Hours,District 1 (Central),DES MOINES,POLK,IA 163,IA 163/E UNIVERSITY AVE,Collision with:  Vehicle in traffic,On Roadway,Rear-end (front to rear),Followed too close,None Indicated,,Daylight,Wet,Rain,None apparent,Non-intersection:  Non-junction/no special feature,Paved,,Property Damage Only,0,0,0,0,0,0,1850,2,3,,POINT (-93.584492478827 41.600457685928)
2014780698,01-14-1503,01/10/2014,01-January,6-Friday,16:29,1600 Hours,District 6 (East Central),DUBUQUE,DUBUQUE,,W 7TH ST & LOCUST ST S,Collision with fixed object:  Traffic sign support,Shoulder,Non-collision (single vehicle),Ran off road - right,None Indicated,,Daylight,Ice/frost,"Sleet, hail","Surface condition (e.g., wet, icy)",Non-intersection:  Non-junction/no special feature,Paved,,Property Damage Only,0,0,0,0,0,0,2200,1,1,,POINT (-90.667844078949 42.499651906082)
2014782957,02-14-570,01/10/2014,01-January,6-Friday,14:55,1400 Hours,District 6 (East Central),FARLEY,DUBUQUE,US 20,US 20,Non-collision events:  Overturn/rollover,On Roadway,Non-collision (single vehicle),Ran off road - left,None Indicated,,Daylight,Ice/frost,"Sleet, hail","Surface condition (e.g., wet, icy)",Non-intersection:  Non-junction/no special feature,Paved,,Possible/Unknown,0,1,0,0,1,0,4000,1,1,,POINT (-91.007434148222 42.438035107776)
2014782767,E201400063,01/10/2014,01-January,6-Friday,09:18,0900 Hours,District 3 (Northwest),EMMETSBURG,PALO ALTO,,10TH ST,Collision with:  Parked motor vehicle,Shoulder,"Angle, oncoming left turn",Over correcting/over steering,None Indicated,,Daylight,Snow,Cloudy,None apparent,Non-intersection:  Non-junction/no special feature,Paved,,Property Damage Only,0,0,0,0,0,0,2500,2,1,,POINT (-94.675274178979 43.111042154465)
2014778693,201400465,01/10/2014,01-January,6-Friday,08:45,0800 Hours,District 6 (East Central),CEDAR RAPIDS,LINN,I-380,I-380 & COLDSTREAM AVE NE,Collision with fixed object:  Other fixed object (explain in narrative),On Roadway,Non-collision (single vehicle),Ran off road - right,None Indicated,,Daylight,Wet,Rain,None apparent,Non-intersection:  Non-junction/no special feature,Paved,,Minor Injury,0,1,0,1,0,0,10100,1,1,,POINT (-91.666165481567 42.006973795806)
2014779491,,01/10/2014,01-January,6-Friday,17:30,1700 Hours,District 6 (East Central),,LINN,,Co Rd W56/C AVE EXT,Non-collision events:  Overturn/rollover,On Roadway,Non-collision (single vehicle),Driving too fast for conditions,None Indicated,,Dark - roadway not lighted,Ice/frost,"Sleet, hail","Surface condition (e.g., wet, icy)",Non-intersection:  Non-junction/no special feature,Paved,,Property Damage Only,0,0,0,0,0,0,4000,1,1,,POINT (-91.64834843582 42.105807820555)
2014779146,2014002325,01/10/2014,01-January,6-Friday,18:35,1800 Hours,District 1 (Central),,HAMILTON,I-35,I-35,Collision with:  Vehicle in traffic,On Roadway,Rear-end (front to rear),Driving too fast for conditions,None Indicated,,Dark - roadway not lighted,Ice/frost,"Sleet, hail","Surface condition (e.g., wet, icy)",Non-intersection:  Non-junction/no special feature,Paved,,Possible/Unknown,0,1,0,0,1,0,3000,2,3,,POINT (-93.570504534857 42.401135293597)
2014778745,14-0104,01/10/2014,01-January,6-Friday,14:30,1400 Hours,District 1 (Central),FORT DODGE,WEBSTER,,AVE C,Collision with:  Vehicle in traffic,Shoulder,Head-on (front to front),FTYROW:  Other (explain in narrative),Alcohol (Statutory),,Daylight,Wet,Cloudy,None apparent,Non-intersection:  Non-junction/no special feature,Paved,,Property Damage Only,0,0,0,0,0,0,4900,2,2,,POINT (-94.204312241686 42.498939774408)
2014779784,140000026,01/10/2014,01-January,6-Friday,17:00,1700 Hours,District 1 (Central),GILMAN,MARSHALL,IA 146,IA 146/STRAIT ST,Collision with fixed object:  Other fixed object (explain in narrative),On Roadway,Non-collision (single vehicle),Driving too fast for conditions,None Indicated,,Dusk,Ice/frost,"Sleet, hail","Surface condition (e.g., wet, icy)",Non-intersection:  Non-junction/no special feature,Paved,,Property Damage Only,0,0,0,0,0,0,4500,1,1,,POINT (-92.783759180015 41.877005180375)
2014779071,2014-0010,01/10/2014,01-January,6-Friday,07:14,0700 Hours,District 5 (Southeast),NORWALK,WARREN,,NORTH AVE & ORCHARD HILLS DR,Collision with:  Vehicle in traffic,On Roadway,Rear-end (front to rear),Driving too fast for conditions,None Indicated,,Dawn,Ice/frost,Rain,None apparent,Non-intersection:  Non-junction/no special feature,Paved,,Property Damage Only,0,0,0,0,0,0,4050,2,2,,POINT (-93.695459803794 41.47555705025)
2014778728,14-0152,01/10/2014,01-January,6-Friday,11:00,1100 Hours,District 1 (Central),WEST DES MOINES,POLK,,WESTOWN PKWY,Collision with:  Vehicle in traffic,On Roadway,Rear-end (front to rear),Followed too close,None Indicated,,Daylight,Wet,Rain,"Surface condition (e.g., wet, icy)",Non-intersection:  Non-junction/no special feature,Paved,,Property Damage Only,0,0,0,0,0,0,2400,2,2,,POINT (-93.734312747463 41.597463654482)
2014780704,01-14-1566,01/10/2014,01-January,6-Friday,20:46,2000 Hours,District 6 (East Central),DUBUQUE,DUBUQUE,,PEARL ST,Collision with fixed object:  Utility pole/light support,On Roadway,Non-collision (single vehicle),Ran off road - right,None Indicated,,Dark - roadway lighted,Ice/frost,"Sleet, hail","Surface condition (e.g., wet, icy)",Non-intersection:  Non-junction/no special feature,Paved,,Property Damage Only,0,0,0,0,0,0,3800,1,1,,POINT (-90.695473028768 42.498545127964)
2014780695,01-14-1485,01/10/2014,01-January,6-Friday,15:29,1500 Hours,District 6 (East Central),DUBUQUE,DUBUQUE,,E 24TH ST & WASHINGTON ST,Collision with:  Vehicle in traffic,On Roadway,Broadside (front to side),Lost Control,None Indicated,,Daylight,Ice/frost,Rain,"Surface condition (e.g., wet, icy)",Intersection:  Other intersection (explain in narrative),Paved,,Property Damage Only,0,0,0,0,0,0,3500,2,3,,POINT (-90.670394299763 42.516831705667)
2014778746,14-0105,01/10/2014,01-January,6-Friday,15:20,1500 Hours,District 1 (Central),FORT DODGE,WEBSTER,,CENTRAL AVE & S 10TH ST & N 10TH ST,Collision with:  Vehicle in traffic,On Roadway,Rear-end (front to rear),Driving too fast for conditions,None Indicated,,Daylight,Ice/frost,Rain,"Surface condition (e.g., wet, icy)",Non-intersection:  Non-junction/no special feature,Paved,,Property Damage Only,0,0,0,0,0,0,2500,2,3,,POINT (-94.184792361007 42.505429236669)
2014783560,1401101419,01/10/2014,01-January,6-Friday,14:19,1400 Hours,District 6 (East Central),,JONES,US 151,US 151,Non-collision events:  Overturn/rollover,Roadside,Non-collision (single vehicle),Ran off road - right,None Indicated,,Daylight,Ice/frost,Rain,None apparent,Non-intersection:  Non-junction/no special feature,Paved,,Minor Injury,0,1,0,1,0,0,10000,1,1,,POINT (-91.276396755796 42.078667677821)
2014778965,14-0046,01/10/2014,01-January,6-Friday,19:40,1900 Hours,District 4 (Southwest),CLIVE,DALLAS,,NW 152ND ST & HOLCOMB AVE,Collision with fixed object:  Curb/island/raised median,On Roadway,Non-collision (single vehicle),Driving too fast for conditions,None Indicated,,Dark - roadway lighted,Ice/frost,"Sleet, hail","Surface condition (e.g., wet, icy)",Non-intersection:  Non-junction/no special feature,Paved,,Property Damage Only,0,0,0,0,0,0,2600,1,4,,POINT (-93.827324113498 41.616647717931)
2014779520,14-408,01/10/2014,01-January,6-Friday,18:22,1800 Hours,District 3 (Northwest),,CLAY,US 18,US 18,Collision with:  Animal,,,Animal,None Indicated,,,,,,,Paved,,Property Damage Only,0,0,0,0,0,0,2000,1,1,,POINT (-94.966832490746 43.126543881584)
2014780209,2014002307,01/10/2014,01-January,6-Friday,17:15,1700 Hours,District 2 (Northeast),,WORTH,I-35,I-35 & IA 9/IOWA 9,Collision with fixed object:  Guardrail - face,Roadside,Non-collision (single vehicle),Swerving/Evasive Action,None Indicated,,Dark - roadway not lighted,Ice/frost,Rain,"Surface condition (e.g., wet, icy)",Non-intersection:  Other non-intersection (explain in narrative),Paved,,Property Damage Only,0,0,0,0,0,0,2000,1,1,,POINT (-93.349938742717 43.284479565779)
2014779359,14-2989,01/10/2014,01-January,6-Friday,10:31,1000 Hours,District 2 (Northeast),EVANSDALE,BLACK HAWK,I-380,I-380,Collision with:  Vehicle in traffic,On Roadway,"Sideswipe, same direction",Driving too fast for conditions,None Indicated,,Daylight,Ice/frost,"Sleet, hail","Surface condition (e.g., wet, icy)",Non-intersection:  Other non-intersection (explain in narrative),Paved,,Possible/Unknown,0,1,0,0,1,0,11100,3,4,,POINT (-92.223343693199 42.449843833552)
2014785738,,01/10/2014,01-January,6-Friday,06:30,0600 Hours,District 2 (Northeast),,WINNESHIEK,,340TH ST,Collision with fixed object:  Ditch,On Roadway,Non-collision (single vehicle),Ran off road - left,None Indicated,,Dark - roadway not lighted,Snow,"Sleet, hail",None apparent,Non-intersection:  Non-junction/no special feature,Unpaved,,Major Injury,0,1,1,0,0,0,40000,1,1,,POINT (-91.869431507658 43.4286128319)
2014781483,14-3131,01/10/2014,01-January,6-Friday,16:22,1600 Hours,District 2 (Northeast),,BLACK HAWK,I-380,I-380,Collision with fixed object:  Other fixed object (explain in narrative),On Roadway,Non-collision (single vehicle),Driving too fast for conditions,None Indicated,,Dusk,Ice/frost,"Sleet, hail","Surface condition (e.g., wet, icy)",Non-intersection:  Non-junction/no special feature,Paved,,Property Damage Only,0,0,0,0,0,0,5050,1,1,,POINT (-92.145615803067 42.396813360883)
2014779325,2014-0005,01/10/2014,01-January,6-Friday,08:09,0800 Hours,District 1 (Central),CARLISLE,POLK,,SE AVON DR,Collision with fixed object:  Ditch,Shoulder,Non-collision (single vehicle),Driving too fast for conditions,None Indicated,,Daylight,Ice/frost,"Sleet, hail",None apparent,Non-intersection:  Non-junction/no special feature,Paved,,Property Damage Only,0,0,0,0,0,0,10000,1,1,,POINT (-93.486233182189 41.513499161433)
2014779121,2014002256,01/10/2014,01-January,6-Friday,15:40,1500 Hours,District 2 (Northeast),,BREMER,US 218,US 218 & Co Rd C13/110TH ST,Collision with:  Vehicle in traffic,On Roadway,"Sideswipe, same direction",Driving too fast for conditions,None Indicated,,Dusk,Slush,Cloudy,"Surface condition (e.g., wet, icy)",Intersection:  T-intersection,Paved,,Property Damage Only,0,0,0,0,0,0,3100,2,3,,POINT (-92.546971130279 42.890782250566)
2014778917,14000634,01/10/2014,01-January,6-Friday,08:29,0800 Hours,District 6 (East Central),MARION,LINN,,CENTRAL AVE & 9TH ST,Collision with fixed object:  Other fixed object (explain in narrative),Roadside,Non-collision (single vehicle),Over correcting/over steering,None Indicated,,Daylight,Slush,Rain,"Surface condition (e.g., wet, icy)",Intersection:  Four-way intersection,Paved,,Property Damage Only,0,0,0,0,0,0,4500,1,1,,POINT (-91.600496301328 42.036786391557)
2014778883,14-039,01/10/2014,01-January,6-Friday,19:33,1900 Hours,District 3 (Northwest),SPIRIT LAKE,DICKINSON,US 71,US 71 & 23RD ST & ENTERPRISE AVE,Collision with:  Vehicle in traffic,On Roadway,Broadside (front to side),Ran Traffic Signal,None Indicated,,Dark - roadway lighted,Slush,Cloudy,None apparent,Intersection:  Four-way intersection,Paved,,Possible/Unknown,0,1,0,0,1,0,8200,2,3,,POINT (-95.126423848342 43.418362241638)
2014780513,140000121,01/10/2014,01-January,6-Friday,06:49,0600 Hours,District 1 (Central),AMES,STORY,US 30,US 30/SW RAMP CURV,Collision with fixed object:  Traffic sign support,Shoulder,Non-collision (single vehicle),Over correcting/over steering,None Indicated,,Daylight,Wet,Rain,"Surface condition (e.g., wet, icy)","Interchange-related:  Off-ramp, diverge area",Paved,,Property Damage Only,0,0,0,0,0,0,2500,1,1,,POINT (-93.641950663144 42.002337042259)
2014778837,14-00534,01/10/2014,01-January,6-Friday,16:37,1600 Hours,District 2 (Northeast),,BREMER,US 63,US 63,Non-collision events:  Overturn/rollover,On Roadway,Non-collision (single vehicle),Driving too fast for conditions,None Indicated,,Dusk,Ice/frost,"Sleet, hail","Surface condition (e.g., wet, icy)",Non-intersection:  Non-junction/no special feature,Paved,,Property Damage Only,0,0,0,0,0,0,15000,1,3,,POINT (-92.336837044116 42.762656820942)
2014778823,W14-003202,01/10/2014,01-January,6-Friday,19:23,1900 Hours,District 2 (Northeast),WATERLOO,BLACK HAWK,,RAINBOW DR & GREENHILL RD,Collision with:  Vehicle in traffic,On Roadway,"Sideswipe, same direction",Made improper turn,None Indicated,,Dark - roadway lighted,Slush,Rain,"Surface condition (e.g., wet, icy)",Intersection:  Four-way intersection,Paved,,Property Damage Only,0,0,0,0,0,0,4000,2,4,,POINT (-92.392505969058 42.513221822546)
2014779129,2014002377,01/10/2014,01-January,6-Friday,20:10,2000 Hours,District 4 (Southwest),,ADAIR,I-80,I-80,Collision with fixed object:  Ditch,Roadside,Non-collision (single vehicle),Crossed centerline (undivided),Drug/Alcohol (Statutory),,Dark - roadway not lighted,Wet,Rain,None apparent,Non-intersection:  Non-junction/no special feature,Paved,,Fatal,5,0,0,0,0,0,30000,1,5,,POINT (-94.367108182234 41.495430386024)
2014780261,,01/10/2014,01-January,6-Friday,18:00,1800 Hours,District 4 (Southwest),,MILLS,US 34,US 34,Collision with:  Animal,On Roadway,Non-collision (single vehicle),Animal,None Indicated,,Dark - roadway not lighted,Dry,Clear,,Non-intersection:  Non-junction/no special feature,Paved,,Property Damage Only,0,0,0,0,0,0,4500,1,1,,POINT (-95.786129746848 41.047596037124)
2014784250,140145,01/10/2014,01-January,6-Friday,09:40,0900 Hours,District 1 (Central),IOWA FALLS,HARDIN,US 65,US 65/OAK ST,Collision with:  Vehicle in traffic,On Roadway,Rear-end (front to rear),Lost Control,None Indicated,,Daylight,Ice/frost,Cloudy,None apparent,Non-intersection:  Non-junction/no special feature,Paved,,Minor Injury,0,1,0,1,0,0,12000,2,2,,POINT (-93.262376974777 42.50729990038)
2014779335,,01/10/2014,01-January,6-Friday,08:00,0800 Hours,District 1 (Central),,TAMA,US 30,US 30,Collision with:  Vehicle in traffic,On Roadway,"Sideswipe, same direction",Unknown,None Indicated,,Daylight,Ice/frost,"Fog, smoke, smog",,Non-intersection:  Non-junction/no special feature,Paved,,Property Damage Only,0,0,0,0,0,0,1500,2,2,,POINT (-92.69110512679 41.999879602582)
2014779713,14V01044,01/10/2014,01-January,6-Friday,15:09,1500 Hours,District 6 (East Central),VINTON,BENTON,,E 6TH ST & S 2ND AVE,Collision with:  Vehicle in traffic,On Roadway,Broadside (front to side),Driving too fast for conditions,None Indicated,,Daylight,Ice/frost,Cloudy,"Surface condition (e.g., wet, icy)",Intersection:  Four-way intersection,Paved,,Minor Injury,0,3,0,2,1,0,5000,2,4,,POINT (-92.0229635565 42.165673749924)
2014778970,20140000899,01/10/2014,01-January,6-Friday,20:20,2000 Hours,District 1 (Central),DES MOINES,POLK,,E 29TH ST,Collision with:  Vehicle in traffic,On Roadway,"Sideswipe, opposite direction",Crossed centerline (undivided),Alcohol (Statutory),,Dark - roadway lighted,Ice/frost,"Sleet, hail","Surface condition (e.g., wet, icy)",Non-intersection:  Non-junction/no special feature,Paved,,Property Damage Only,0,0,0,0,0,0,2500,2,4,,POINT (-93.561185995264 41.618146921687)
2014779179,14003144,01/10/2014,01-January,6-Friday,17:23,1700 Hours,District 2 (Northeast),CEDAR FALLS,BLACK HAWK,,Co Rd D18/UNIVERSITY AVE,Collision with:  Vehicle in traffic,On Roadway,"Sideswipe, opposite direction",Crossed centerline (undivided),None Indicated,,Dark - roadway not lighted,Ice/frost,Rain,"Surface condition (e.g., wet, icy)",Non-intersection:  Non-junction/no special feature,Paved,,Property Damage Only,0,0,0,0,0,0,5500,2,2,,POINT (-92.513437695672 42.48427788222)
2014780210,2014002343,01/10/2014,01-January,6-Friday,19:30,1900 Hours,District 6 (East Central),,BUCHANAN,I-380,I-380,Collision with:  Parked motor vehicle,Outside trafficway,"Sideswipe, same direction",Driving too fast for conditions,None Indicated,,Dark - roadway not lighted,Ice/frost,"Sleet, hail","Surface condition (e.g., wet, icy)",Interchange-related:  Off-ramp,Paved,,Property Damage Only,0,0,0,0,0,0,50000,2,1,,POINT (-92.035011721721 42.342818476659)
2014779949,1400074,01/11/2014,01-January,7-Saturday,13:19,1300 Hours,District 5 (Southeast),BLOOMFIELD,DAVIS,,FRANKLIN ST,Collision with:  Vehicle in traffic,On Roadway,"Angle, oncoming left turn",FTYROW:  Making left turn,None Indicated,,Daylight,Wet,Clear,None apparent,Unknown,Paved,,Property Damage Only,0,0,0,0,0,0,2250,2,4,,POINT (-92.415585996456 40.75065278238)
2014784911,2014-000162,01/11/2014,01-January,7-Saturday,16:20,1600 Hours,District 6 (East Central),,BENTON,,24 AVE DR & 55 ST,Collision with:  Vehicle in traffic,On Roadway,Broadside (front to side),Ran Stop Sign,None Indicated,,Daylight,Ice/frost,Cloudy,"Surface condition (e.g., wet, icy)",Intersection:  T-intersection,Unpaved,,Possible/Unknown,0,1,0,0,1,0,3000,2,2,,POINT (-92.016659447511 42.224844839746)
2014778984,20140000914,01/11/2014,01-January,7-Saturday,02:18,0200 Hours,District 1 (Central),DES MOINES,POLK,,INGERSOLL AVE,Collision with:  Parked motor vehicle,On Roadway,Rear-end (front to rear),Lost Control,None Indicated,,Dark - roadway lighted,Wet,Cloudy,None apparent,Non-intersection:  Non-junction/no special feature,Paved,,Property Damage Only,0,0,0,0,0,0,6000,2,1,,POINT (-93.653438794251 41.585692917222)
2014779638,2014-2361,01/11/2014,01-January,7-Saturday,08:41,0800 Hours,District 6 (East Central),DAVENPORT,SCOTT,,WAVERLY RD,Collision with fixed object:  Ditch,Outside trafficway,Non-collision (single vehicle),Ran off road - right,None Indicated,,Daylight,Ice/frost,Cloudy,"Surface condition (e.g., wet, icy)",Non-intersection:  Non-junction/no special feature,Paved,,Possible/Unknown,0,1,0,0,1,0,1500,1,1,,POINT (-90.620457318262 41.526255163834)
2014779247,14-000394,01/11/2014,01-January,7-Saturday,00:45,0000 Hours,District 4 (Southwest),,MILLS,,Co Rd L35/221ST ST,Collision with fixed object:  Ditch,Outside trafficway,Non-collision (single vehicle),Ran off road - right,None Indicated,,Dark - roadway not lighted,Ice/frost,Cloudy,"Surface condition (e.g., wet, icy)",Non-intersection:  Non-junction/no special feature,Paved,,Minor Injury,0,1,0,1,0,0,4000,1,5,,POINT (-95.778891518804 41.142331570595)