Iowa DOT Case Number,Law Enforcement Case Number,Date of Crash,Month of Crash,Day of Week,Time of Crash,Hour,DOT District,City Name,County Name,Route with System,Location Description,First Harmful Event,Location of First Harmful Event,Manner of Crash/Collision,Major Cause,Drug or Alcohol ,Environmental Conditions,Light Conditions,Surface Conditions,Weather Conditions,Roadway Contribution,Roadway Type,Roadway Surface,Work Zone,Crash Severity,Number of Fatalities,Number of Injuries,Number of Major Injuries,Number of Minor Injuries,Number of Possible Injuries,Number of Unknown Injuries,Amount of Property Damage,Number of Vehicles Involved,Total Number of Occupants,Travel Direction,Location
2014780311,14000308,01/11/2014,01-January,7-Saturday,21:07,2100 Hours,District 6 (East Central),,BUCHANAN,US 20,US 20,Collision with:  Vehicle in traffic,On Roadway,Rear-end (front to rear),Other (explain in narrative):  Other,Refused,,Dark - roadway not lighted,Dry,Cloudy,None apparent,Non-intersection:  Non-junction/no special feature,Paved,,Possible/Unknown,0,2,0,0,2,0,8000,2,2,,POINT (-91.96350547364 42.447779608999)
2014779437,20140000911,01/11/2014,01-January,7-Saturday,01:26,0100 Hours,District 1 (Central),DES MOINES,POLK,,E COURT AVE,Collision with fixed object:  Mailbox,Shoulder,Non-collision (single vehicle),Ran off road - left,Drug,,Dark - roadway lighted,Wet,Cloudy,None apparent,Non-intersection:  Non-junction/no special feature,Paved,,Property Damage Only,0,0,0,0,0,0,2000,1,1,,POINT (-93.545385870753 41.589174609629)
2014781179,2014002416,01/11/2014,01-January,7-Saturday,06:05,0600 Hours,District 5 (Southeast),,JEFFERSON,,OSAGE AVE,Collision with:  Vehicle in traffic,On Roadway,Head-on (front to front),Crossed centerline (undivided),None Indicated,,Dark - roadway not lighted,Ice/frost,Clear,None apparent,Non-intersection:  Non-junction/no special feature,Unpaved,,Fatal,1,1,0,1,0,0,17500,2,3,,POINT (-91.909843800873 40.985268867156)
2014778961,14-000122,01/11/2014,01-January,7-Saturday,18:08,1800 Hours,District 1 (Central),ANKENY,POLK,,SE DELAWARE AVE,Collision with:  Vehicle in traffic,On Roadway,Broadside (front to side),FTYROW:  At uncontrolled intersection,None Indicated,,Dark - roadway lighted,Wet,Clear,None apparent,Non-intersection:  Non-junction/no special feature,Paved,,Possible/Unknown,0,1,0,0,1,0,6000,2,3,,POINT (-93.581261355419 41.701633502209)
2014780476,14HPD0004,01/11/2014,01-January,7-Saturday,10:15,1000 Hours,District 3 (Northwest),HAWARDEN,SIOUX,,16TH ST & AVE L,Collision with:  Vehicle in traffic,On Roadway,Broadside (front to side),FTYROW:  From stop sign,None Indicated,,Daylight,Ice/frost,Cloudy,None apparent,Intersection:  Four-way intersection,Paved,,Property Damage Only,0,0,0,0,0,0,2800,2,2,,POINT (-96.480173504746 43.004041132121)
2014780708,01-14-1660,01/11/2014,01-January,7-Saturday,14:00,1400 Hours,District 6 (East Central),DUBUQUE,DUBUQUE,,W 10TH ST & LOCUST ST S,Collision with:  Vehicle in traffic,On Roadway,Broadside (front to side),Ran Traffic Signal,None Indicated,,Daylight,Wet,Cloudy,None apparent,Intersection:  Four-way intersection,Paved,,Property Damage Only,0,0,0,0,0,0,3000,2,3,,POINT (-90.669163717464 42.502128185375)
2014778848,011114-103,01/11/2014,01-January,7-Saturday,10:39,1000 Hours,District 3 (Northwest),,BUENA VISTA,,Co Rd C49/590TH ST,Collision with fixed object:  Tree,Outside trafficway,Non-collision (single vehicle),Crossed centerline (undivided),None Indicated,,Daylight,Ice/frost,Clear,"Surface condition (e.g., wet, icy)",Non-intersection:  Non-junction/no special feature,Paved,,Major Injury,0,3,3,0,0,0,5000,1,3,,POINT (-95.239556279264 42.661935697346)
2014779031,14-001249,01/11/2014,01-January,7-Saturday,13:01,1300 Hours,District 4 (Southwest),COUNCIL BLUFFS,POTTAWATTAMIE,,BLUFF ST,Collision with:  Vehicle in traffic,On Roadway,Rear-end (front to rear),Other (explain in narrative):  Other,None Indicated,,Daylight,Wet,Clear,None apparent,Non-intersection:  Non-junction/no special feature,Paved,,Property Damage Only,0,0,0,0,0,0,3000,2,2,,POINT (-95.847959514177 41.259735499237)
2014779679,,01/11/2014,01-January,7-Saturday,07:23,0700 Hours,District 4 (Southwest),,MILLS,,Co Rd L35/221ST ST,Collision with fixed object:  Utility pole/light support,On Roadway,Non-collision (single vehicle),Ran off road - right,None Indicated,,Dark - roadway not lighted,Other (explain in narrative),Clear,"Surface condition (e.g., wet, icy)",Non-intersection:  Non-junction/no special feature,Paved,,Minor Injury,0,1,0,1,0,0,8500,1,1,,POINT (-95.789463190118 41.158152569107)
2014779009,14-0171,01/11/2014,01-January,7-Saturday,13:35,1300 Hours,District 1 (Central),WEST DES MOINES,POLK,,S 51ST ST,Collision with:  Vehicle in traffic,On Roadway,Broadside (front to side),FTYROW:  From driveway,None Indicated,,Daylight,Dry,Cloudy,None apparent,Non-intersection:  Driveway access (within),Paved,,Property Damage Only,0,0,0,0,0,0,4500,2,3,,POINT (-93.774000449396 41.562813706416)
2014779953,261400072,01/11/2014,01-January,7-Saturday,08:51,0800 Hours,District 5 (Southeast),,DAVIS,,ICE AVE,Collision with:  Vehicle in traffic,On Roadway,Broadside (front to side),Other (explain in narrative):  No improper action,None Indicated,,Daylight,Ice/frost,Clear,"Surface condition (e.g., wet, icy)",Non-intersection:  Non-junction/no special feature,Paved,,Property Damage Only,0,0,0,0,0,0,11000,2,8,,POINT (-92.485923496536 40.767923609044)
2014778855,14000166,01/11/2014,01-January,7-Saturday,16:19,1600 Hours,District 3 (Northwest),CHEROKEE,CHEROKEE,IA 3,IA 3/IOWA 3,Collision with:  Animal,,,Animal,None Indicated,,,,,,,Paved,,Property Damage Only,0,0,0,0,0,0,2000,1,1,,POINT (-95.57945827956 42.793410960328)
2014790700,,01/11/2014,01-January,7-Saturday,10:40,1000 Hours,District 5 (Southeast),,DECATUR,,Co Rd J20/COUNTY HWY J20,Collision with fixed object:  Ditch,Roadside,Non-collision (single vehicle),Followed too close,None Indicated,,Daylight,Ice/frost,Clear,"Surface condition (e.g., wet, icy)",Non-intersection:  Non-junction/no special feature,Paved,,Possible/Unknown,0,2,0,0,2,0,10000,1,2,,POINT (-93.846580235222 40.822256995486)
2014779345,,01/11/2014,01-January,7-Saturday,00:30,0000 Hours,District 6 (East Central),CAMANCHE,CLINTON,,DUNN RD,Collision with fixed object:  Ditch,Outside trafficway,Non-collision (single vehicle),Driving too fast for conditions,None Indicated,,Dark - roadway not lighted,Slush,"Sleet, hail",,,Paved,,Property Damage Only,0,0,0,0,0,0,3500,1,1,,POINT (-90.270689067055 41.804862871634)
2014779759,2014090,01/11/2014,01-January,7-Saturday,18:00,1800 Hours,District 2 (Northeast),,HANCOCK,,Co Rd R18/BIRCH AVE,Non-collision events:  Overturn/rollover,On Roadway,Non-collision (single vehicle),Driving too fast for conditions,None Indicated,,Dark - roadway not lighted,Ice/frost,Cloudy,None apparent,Non-intersection:  Driveway access (within),Paved,,Major Injury,0,1,1,0,0,0,10000,1,1,,POINT (-93.951029304672 42.964262893638)
2014780931,,01/11/2014,01-January,7-Saturday,13:15,1300 Hours,District 2 (Northeast),,FLOYD,,Co Rd B35/180TH ST & Co Rd T24/ECHO AVE,Collision with:  Vehicle in traffic,On Roadway,Broadside (front to side),Ran Stop Sign,None Indicated,,Daylight,,Cloudy,,Intersection:  Four-way intersection,Paved,,Possible/Unknown,0,2,0,0,2,0,10000,2,4,,POINT (-92.944912427929 43.097377801957)
2014782961,01-14-1592,01/11/2014,01-January,7-Saturday,00:44,0000 Hours,District 6 (East Central),DUBUQUE,DUBUQUE,,BRANDYWINE PARK DR,Collision with:  Parked motor vehicle,On Roadway,Rear-end (front to rear),Driving too fast for conditions,None Indicated,,Dark - roadway not lighted,Ice/frost,Clear,None apparent,Non-intersection:  Non-junction/no special feature,Paved,,Property Damage Only,0,0,0,0,0,0,1500,2,1,,POINT (-90.715490780817 42.523620431847)
2014778997,20140000976,01/11/2014,01-January,7-Saturday,19:05,1900 Hours,District 1 (Central),DES MOINES,POLK,US 6,US 6/FREDERICK M HUBBELL AVE,Collision with:  Vehicle in traffic,On Roadway,Rear-end (front to rear),Unknown,None Indicated,,Dark - roadway lighted,Dry,Cloudy,None apparent,Non-intersection:  Non-junction/no special feature,Paved,,Major Injury,0,2,1,1,0,0,9500,2,5,,POINT (-93.540338860894 41.631370305085)
2014779961,14-01071,01/11/2014,01-January,7-Saturday,10:00,1000 Hours,District 5 (Southeast),BURLINGTON,DES MOINES,,SKUNK RIVER RD,Non-collision events:  Other non-collision (explain in narrative),On Roadway,Non-collision (single vehicle),Swerving/Evasive Action,None Indicated,,Daylight,Ice/frost,Clear,"Surface condition (e.g., wet, icy)",Non-intersection:  Non-junction/no special feature,Unpaved,,Property Damage Only,0,0,0,0,0,0,3000,1,2,,POINT (-91.220105706961 40.736956065455)
2014778946,14000199,01/11/2014,01-January,7-Saturday,18:03,1800 Hours,District 3 (Northwest),SHELDON,OBRIEN,,6TH ST & 4TH AVE,Collision with:  Parked motor vehicle,On Roadway,Rear-end (front to rear),Swerving/Evasive Action,None Indicated,,Dark - roadway lighted,Ice/frost,Cloudy,None apparent,Non-intersection:  Non-junction/no special feature,Paved,,Property Damage Only,0,0,0,0,0,0,6000,2,1,,POINT (-95.852021733823 43.184248726964)
2014780065,14-231,01/11/2014,01-January,7-Saturday,21:04,2100 Hours,District 1 (Central),,POLK,US 65,US 65 & NE 27TH AVE,Collision with fixed object:  Ditch,Shoulder,Non-collision (single vehicle),Ran off road - right,Refused,,Dark - roadway not lighted,Dry,Clear,None apparent,Non-intersection:  Non-junction/no special feature,Paved,,Major Injury,0,1,1,0,0,0,5100,1,1,,POINT (-93.493250974823 41.618530539877)
2014779764,14-934,01/11/2014,01-January,7-Saturday,22:29,2200 Hours,District 1 (Central),,JASPER,,S 44TH AVE E,Collision with fixed object:  Ditch,On Roadway,Non-collision (single vehicle),Ran Stop Sign,Alcohol (Statutory),,Dark - roadway not lighted,"Mud, dirt",Clear,None apparent,Unknown,Unpaved,,Possible/Unknown,0,1,0,0,1,0,5000,1,1,,POINT (-92.90856072814 41.659670573871)
2014779689,,01/11/2014,01-January,7-Saturday,08:00,0800 Hours,District 5 (Southeast),,DECATUR,,Co Rd J66/DALE MILLER RD & 295TH ST,,Gore,Non-collision (single vehicle),Ran off road - straight,None Indicated,,Daylight,Ice/frost,Clear,"Surface condition (e.g., wet, icy)",Non-intersection:  Non-junction/no special feature,Paved,,Possible/Unknown,0,1,0,0,1,0,0,1,7,,POINT (-93.814687718986 40.616920726557)
2014790415,1401-020,01/11/2014,01-January,7-Saturday,05:52,0500 Hours,District 3 (Northwest),,OSCEOLA,IA 60,IA 60/IOWA 60,Non-collision events:  Overturn/rollover,On Roadway,Non-collision (single vehicle),Swerving/Evasive Action,None Indicated,,Dark - roadway not lighted,Other (explain in narrative),Cloudy,"Surface condition (e.g., wet, icy)",Non-intersection:  Non-junction/no special feature,Paved,,Fatal,1,0,0,0,0,0,9000,1,1,,POINT (-95.692047181496 43.491948503673)
2014804964,,01/11/2014,01-January,7-Saturday,21:14,2100 Hours,District 2 (Northeast),,CHICKASAW,,Co Rd V18/110TH ST,Collision with fixed object:  Ditch,On Roadway,Non-collision (single vehicle),Ran off road - right,None Indicated,,,Snow,,None apparent,,Paved,,Possible/Unknown,0,1,0,0,1,0,3500,1,2,,POINT (-92.430898371521 43.1984778738)
2014779505,,01/11/2014,01-January,7-Saturday,08:53,0800 Hours,District 4 (Southwest),,MILLS,,,Collision with fixed object:  Tree,On Roadway,Non-collision (single vehicle),Ran off road - right,None Indicated,,Daylight,Other (explain in narrative),Clear,"Surface condition (e.g., wet, icy)",Non-intersection:  Non-junction/no special feature,,,Property Damage Only,0,0,0,0,0,0,10000,1,1,,POINT (-96.643700149993 40.233091251414)
2014787887,,01/11/2014,01-January,7-Saturday,09:13,0900 Hours,District 5 (Southeast),,MUSCATINE,,Co Rd X61/STEWART RD,Collision with fixed object:  Other fixed object (explain in narrative),On Roadway,Non-collision (single vehicle),Crossed centerline (undivided),None Indicated,,Daylight,Ice/frost,"Sleet, hail",None apparent,Non-intersection:  Non-junction/no special feature,Paved,,Property Damage Only,0,0,0,0,0,0,7500,1,1,,POINT (-91.102640835295 41.351835572139)
2014779583,14-000162,01/11/2014,01-January,7-Saturday,16:24,1600 Hours,District 3 (Northwest),GEORGE,LYON,,N VIRGINIA ST & MICHIGAN AVE & S VIRGINIA ST,Collision with:  Vehicle in traffic,On Roadway,Head-on (front to front),Crossed centerline (undivided),None Indicated,,Dusk,Wet,Clear,None apparent,Intersection:  Four-way intersection,Paved,,Property Damage Only,0,0,0,0,0,0,4750,2,4,,POINT (-95.998427319865 43.343653171619)
2014778833,201400129,01/11/2014,01-January,7-Saturday,16:59,1600 Hours,District 1 (Central),,BOONE,,Co Rd E26/190TH ST,Non-collision events:  Overturn/rollover,On Roadway,Non-collision (single vehicle),Driving too fast for conditions,None Indicated,,Dusk,Ice/frost,Cloudy,"Surface condition (e.g., wet, icy)",Non-intersection:  Non-junction/no special feature,Paved,,Major Injury,0,1,1,0,0,0,7000,1,1,,POINT (-93.739805432218 42.078231504506)
2014781763,2014002412,01/11/2014,01-January,7-Saturday,04:37,0400 Hours,District 6 (East Central),TIFFIN,JOHNSON,,IRELAND AVE,Collision with:  Animal,,,Animal,None Indicated,,,,,,,Paved,,Property Damage Only,0,0,0,0,0,0,3000,1,1,,POINT (-91.666516016969 41.690890084143)
2014779080,14-1023,01/11/2014,01-January,7-Saturday,02:08,0200 Hours,District 3 (Northwest),SIOUX CITY,WOODBURY,,16TH ST & MAIN ST,Collision with fixed object:  Ditch,On Roadway,Non-collision (single vehicle),Driving too fast for conditions,Refused,,Dark - roadway lighted,Ice/frost,Clear,"Surface condition (e.g., wet, icy)",Intersection:  Other intersection (explain in narrative),Paved,,Property Damage Only,0,0,0,0,0,0,1500,1,1,,POINT (-96.41261232634 42.507118755266)
2014778825,W14-003512,01/11/2014,01-January,7-Saturday,15:02,1500 Hours,District 2 (Northeast),WATERLOO,BLACK HAWK,,WILLISTON AVE & HAMMOND AVE,Collision with:  Vehicle in traffic,On Roadway,Broadside (front to side),Ran Stop Sign,None Indicated,,Daylight,Wet,Cloudy,"Surface condition (e.g., wet, icy)",Intersection:  Four-way intersection,Paved,,Possible/Unknown,0,1,0,0,1,0,4500,2,4,,POINT (-92.337635558908 42.483892032385)
2014779614,S79140006,01/11/2014,01-January,7-Saturday,18:50,1800 Hours,District 1 (Central),,POWESHIEK,IA 146,IA 146/IOWA 146,Collision with:  Vehicle in traffic,On Roadway,Rear-end (front to rear),Animal,None Indicated,,Dark - roadway not lighted,Dry,Cloudy,None apparent,Non-intersection:  Non-junction/no special feature,Paved,,Property Damage Only,0,0,0,0,0,0,11000,2,4,,POINT (-92.727129427825 41.652600631752)
2014779024,S14-000098,01/11/2014,01-January,7-Saturday,09:10,0900 Hours,District 4 (Southwest),,POTTAWATTAMIE,,Co Rd L36/COLDWATER AVE,Collision with fixed object:  Ditch,Roadside,Non-collision (single vehicle),Swerving/Evasive Action,None Indicated,,Daylight,Ice/frost,Clear,"Surface condition (e.g., wet, icy)",Non-intersection:  Driveway access (within),Paved,,Possible/Unknown,0,2,0,0,2,0,6700,1,4,,POINT (-95.817825291108 41.439828775845)
2014778878,14-01079,01/11/2014,01-January,7-Saturday,14:00,1400 Hours,District 5 (Southeast),BURLINGTON,DES MOINES,,VINE ST & 8TH ST,Collision with:  Vehicle in traffic,On Roadway,Head-on (front to front),Crossed centerline (undivided),None Indicated,,Daylight,Dry,Clear,None apparent,Intersection:  Four-way intersection,Paved,,Property Damage Only,0,0,0,0,0,0,3500,2,3,,POINT (-91.109318145932 40.803842892217)
2014780707,01-14-1595,01/11/2014,01-January,7-Saturday,00:08,0000 Hours,District 6 (East Central),DUBUQUE,DUBUQUE,,BRANDYWINE PARK DR,Collision with:  Vehicle in traffic,On Roadway,Broadside (front to side),Lost Control,None Indicated,,Dark - roadway not lighted,Ice/frost,Cloudy,None apparent,Non-intersection:  Non-junction/no special feature,Paved,,Property Damage Only,0,0,0,0,0,0,2500,2,1,,POINT (-90.715548655925 42.523702634145)
2014779187,01114-44,01/11/2014,01-January,7-Saturday,02:39,0200 Hours,District 3 (Northwest),MARATHON,BUENA VISTA,,ATTICA ST,Non-collision events:  Other non-collision (explain in narrative),On Roadway,Non-collision (single vehicle),Ran off road - left,Alcohol (Statutory),,Dark - roadway lighted,Ice/frost,Clear,None apparent,Non-intersection:  Non-junction/no special feature,Paved,,Property Damage Only,0,0,0,0,0,0,5000,1,1,,POINT (-94.989586496689 42.861564912162)
2014780486,14-000147,01/11/2014,01-January,7-Saturday,17:01,1700 Hours,District 1 (Central),AMES,STORY,,SE 5TH ST,Collision with:  Vehicle in traffic,On Roadway,"Angle, oncoming left turn",FTYROW:  Making left turn,None Indicated,,Dusk,Wet,Cloudy,None apparent,Non-intersection:  Driveway access (within),Paved,,Possible/Unknown,0,1,0,0,1,0,5000,2,2,,POINT (-93.609274411244 42.017412043738)
2014781917,2014-691,01/11/2014,01-January,7-Saturday,00:32,0000 Hours,District 6 (East Central),,SCOTT,,VALLEY DR,Collision with:  Parked motor vehicle,On Roadway,Unknown,Unknown,None Indicated,,Dark - roadway not lighted,Ice/frost,Snow,"Surface condition (e.g., wet, icy)",Non-intersection:  Non-junction/no special feature,Paved,,Property Damage Only,0,0,0,0,0,0,4000,2,1,,POINT (-90.411685130486 41.573916452059)
2014781200,2014002738,01/11/2014,01-January,7-Saturday,07:00,0700 Hours,District 4 (Southwest),,FREMONT,I-29,I-29,Collision with fixed object:  Bridge overhead structure,Shoulder,Non-collision (single vehicle),Ran off road - left,None Indicated,,Dark - roadway not lighted,Ice/frost,Clear,"Surface condition (e.g., wet, icy)",Non-intersection:  Other non-intersection (explain in narrative),Paved,,Property Damage Only,0,0,0,0,0,0,5000,1,1,,POINT (-95.800335652873 40.713096689021)
2014779859,2014-389,01/11/2014,01-January,7-Saturday,09:45,0900 Hours,District 3 (Northwest),,SAC,IA 175,IA 175/330TH ST,Collision with fixed object:  Other fixed object (explain in narrative),On Roadway,Non-collision (single vehicle),Swerving/Evasive Action,None Indicated,,Daylight,Ice/frost,Cloudy,"Surface condition (e.g., wet, icy)",Non-intersection:  Non-junction/no special feature,Paved,,Property Damage Only,0,0,0,0,0,0,3100,1,2,,POINT (-95.163795517021 42.311788517026)
2014781725,14-004,01/11/2014,01-January,7-Saturday,09:20,0900 Hours,District 3 (Northwest),SIOUX CENTER,SIOUX,,5TH ST NE & 3RD AVE NE,Collision with:  Vehicle in traffic,On Roadway,Broadside (front to side),FTYROW:  At uncontrolled intersection,None Indicated,,Daylight,Snow,Cloudy,"Surface condition (e.g., wet, icy)",Intersection:  Four-way intersection,Paved,,Property Damage Only,0,0,0,0,0,0,4000,2,6,,POINT (-96.171362216174 43.082121602164)
2014779190,14000351,01/11/2014,01-January,7-Saturday,09:25,0900 Hours,District 3 (Northwest),,CARROLL,US 71,US 71,Collision with fixed object:  Ditch,Gore,Non-collision (single vehicle),Ran off road - right,None Indicated,,Daylight,Wet,Clear,"Surface condition (e.g., wet, icy)",Non-intersection:  Non-junction/no special feature,Paved,,Property Damage Only,0,0,0,0,0,0,2500,1,1,,POINT (-94.878353656067 42.132697050741)
2014778985,20140000961,01/11/2014,01-January,7-Saturday,14:55,1400 Hours,District 1 (Central),DES MOINES,POLK,,CROCKER ST & 2ND AVE,Collision with:  Vehicle in traffic,On Roadway,"Sideswipe, same direction",FTYROW:  Making left turn,None Indicated,,Daylight,Dry,Cloudy,None apparent,Intersection:  T-intersection,Paved,,Property Damage Only,0,0,0,0,0,0,6000,2,2,,POINT (-93.620340053983 41.59335228633)
2014781223,,01/11/2014,01-January,7-Saturday,20:00,2000 Hours,District 4 (Southwest),LENOX,TAYLOR,,OHIO ST,Collision with:  Parked motor vehicle,On Roadway,Rear-end (front to rear),Driver Distraction:  Manual operation of an electronic communication device,None Indicated,,Dark - roadway lighted,Dry,Clear,None apparent,Non-intersection:  Non-junction/no special feature,Paved,,Property Damage Only,0,0,0,0,0,0,8000,2,1,,POINT (-94.548566878335 40.882583509278)
2014779130,2014002439,01/11/2014,01-January,7-Saturday,09:10,0900 Hours,District 5 (Southeast),,WARREN,I-35,I-35,Collision with:  Vehicle in traffic,On Roadway,"Sideswipe, same direction",Unknown,None Indicated,,Daylight,Wet,Clear,Work Zone (roadway-related),Non-intersection:  Other non-intersection (explain in narrative),Paved,Yes,Property Damage Only,0,0,0,0,0,0,3000,2,3,,POINT (-93.780129424746 41.482039710359)
2014778972,20140000980,01/11/2014,01-January,7-Saturday,20:15,2000 Hours,District 1 (Central),DES MOINES,POLK,US 69,US 69/E 14TH ST & E SENECA AVE,Collision with fixed object:  Traffic sign support,On Roadway,Non-collision (single vehicle),"Operating vehicle in an reckless, erratic, careless, negligent manner",None Indicated,,Dark - roadway lighted,Wet,Cloudy,"Surface condition (e.g., wet, icy)",Intersection:  T-intersection,Paved,,Property Damage Only,0,0,0,0,0,0,1750,1,1,,POINT (-93.60052273359 41.631341867172)
2014779154,14-0000208,01/11/2014,01-January,7-Saturday,09:15,0900 Hours,District 2 (Northeast),ALGONA,KOSSUTH,,N FINN DR,Collision with:  Vehicle in traffic,On Roadway,"Sideswipe, same direction",Crossed centerline (undivided),None Indicated,,Daylight,Snow,Cloudy,None apparent,Non-intersection:  Driveway access (within),Paved,,Property Damage Only,0,0,0,0,0,0,2800,2,3,,POINT (-94.207217829963 43.080676317088)
2014778992,20140000924,01/11/2014,01-January,7-Saturday,06:05,0600 Hours,District 5 (Southeast),DES MOINES,WARREN,IA 5,IA 5/IOWA 5 & SW 9TH ST,Collision with fixed object:  Bridge overhead structure,On Roadway,Non-collision (single vehicle),Ran off road - right,None Indicated,,Dark - roadway lighted,Slush,Cloudy,None apparent,Non-intersection:  Other non-intersection (explain in narrative),Paved,,Possible/Unknown,0,1,0,0,1,0,2500,1,1,,POINT (-93.625715436885 41.498845417799)
2014779506,,01/11/2014,01-January,7-Saturday,08:20,0800 Hours,District 4 (Southwest),,MILLS,,KANE AVE,Collision with fixed object:  Utility pole/light support,On Roadway,Non-collision (single vehicle),Ran off road - left,None Indicated,,Daylight,Other (explain in narrative),Clear,"Surface condition (e.g., wet, icy)",Non-intersection:  Non-junction/no special feature,Paved,,Possible/Unknown,0,1,0,0,1,0,10000,1,1,,POINT (-95.770998253113 41.016734846142)
2014779365,14-346,01/11/2014,01-January,7-Saturday,05:42,0500 Hours,District 3 (Northwest),CARROLL,CARROLL,US 71,US 71,Collision with:  Vehicle in traffic,On Roadway,Broadside (front to side),FTYROW:  From stop sign,None Indicated,,Dark - roadway lighted,Wet,Clear,None apparent,Intersection:  T-intersection,Paved,,Property Damage Only,0,0,0,0,0,0,3000,2,2,,POINT (-94.878567810815 42.076469049256)
2014779254,SO14000068,01/11/2014,01-January,7-Saturday,00:30,0000 Hours,District 3 (Northwest),,PLYMOUTH,,Co Rd K42/K42,Non-collision events:  Overturn/rollover,Roadside,Non-collision (single vehicle),Ran off road - left,None Indicated,,Dark - roadway not lighted,Ice/frost,Clear,"Surface condition (e.g., wet, icy)",Non-intersection:  Non-junction/no special feature,Paved,,Minor Injury,0,1,0,1,0,0,5050,1,1,,POINT (-96.272693798224 42.79694152313)
2014779636,2014-2377,01/11/2014,01-January,7-Saturday,11:09,1100 Hours,District 6 (East Central),DAVENPORT,SCOTT,,E 53RD ST & JERSEY RIDGE RD,Collision with:  Vehicle in traffic,On Roadway,Rear-end (front to rear),FTYROW:  From parked position,None Indicated,,Daylight,Dry,Clear,None apparent,Intersection:  Four-way intersection,Paved,,Property Damage Only,0,0,0,0,0,0,1500,2,3,,POINT (-90.541615387236 41.574779319312)
2014779891,2014-2312,01/11/2014,01-January,7-Saturday,01:06,0100 Hours,District 6 (East Central),DAVENPORT,SCOTT,,JERSEY RIDGE RD,Collision with fixed object:  Utility pole/light support,Outside trafficway,Non-collision (single vehicle),Driving too fast for conditions,None Indicated,,Dark - roadway lighted,Wet,Cloudy,None apparent,Non-intersection:  Non-junction/no special feature,Paved,,Property Damage Only,0,0,0,0,0,0,6300,1,3,,POINT (-90.542505233113 41.53422469782)
2014778915,201400533,01/11/2014,01-January,7-Saturday,11:12,1100 Hours,District 6 (East Central),CEDAR RAPIDS,LINN,IA 100,IA 100/COLLINS RD NE,Collision with:  Vehicle in traffic,On Roadway,Broadside (front to side),Made improper turn,None Indicated,,Daylight,Wet,Clear,None apparent,Non-intersection:  Non-junction/no special feature,Paved,,Property Damage Only,0,0,0,0,0,0,7000,2,3,,POINT (-91.632895168784 42.027918405809)
2014779032,14-001298,01/11/2014,01-January,7-Saturday,20:29,2000 Hours,District 4 (Southwest),COUNCIL BLUFFS,POTTAWATTAMIE,,2ND AVE & S 16TH ST,Collision with:  Vehicle in traffic,On Roadway,Broadside (front to side),FTYROW:  From stop sign,None Indicated,,Dark - roadway lighted,Wet,Clear,None apparent,Intersection:  Four-way intersection,Paved,,Property Damage Only,0,0,0,0,0,0,1600,2,3,,POINT (-95.867543950824 41.259699314566)
2014779023,S14-000095,01/11/2014,01-January,7-Saturday,02:08,0200 Hours,District 4 (Southwest),COUNCIL BLUFFS,POTTAWATTAMIE,,GRAND AVE,Collision with fixed object:  Ditch,On Roadway,Non-collision (single vehicle),Driving too fast for conditions,Alcohol (< Statutory),,Dark - roadway not lighted,Ice/frost,Clear,"Surface condition (e.g., wet, icy)",Non-intersection:  Non-junction/no special feature,Paved,,Property Damage Only,0,0,0,0,0,0,3000,1,1,,POINT (-95.844981045783 41.291178310923)
2014779082,14-1064,01/11/2014,01-January,7-Saturday,14:51,1400 Hours,District 3 (Northwest),SIOUX CITY,WOODBURY,IA 376,IA 376/SW RAMP/NW RAMP & CUNNINGHAM DR,Collision with:  Vehicle in traffic,On Roadway,Broadside (front to side),Unknown,None Indicated,,Daylight,Wet,Clear,None apparent,Intersection:  Four-way intersection,Paved,,Property Damage Only,0,0,0,0,0,0,2500,2,3,,POINT (-96.380953884724 42.477478882613)
2014778834,201400132,01/11/2014,01-January,7-Saturday,17:55,1700 Hours,District 1 (Central),,BOONE,,Co Rd E41/216TH DR,Collision with fixed object:  Utility pole/light support,On Roadway,Non-collision (single vehicle),Driving too fast for conditions,None Indicated,,Dark - roadway not lighted,Ice/frost,Cloudy,"Surface condition (e.g., wet, icy)",Non-intersection:  Non-junction/no special feature,Paved,,Property Damage Only,0,0,0,0,0,0,2000,1,1,,POINT (-94.005927088105 42.038272202129)
2014780384,1400000032,01/11/2014,01-January,7-Saturday,23:30,2300 Hours,District 1 (Central),,MARSHALL,IA 14,IA 14/REED AVE,Collision with:  Animal,,,Animal,None Indicated,,,,,,,Paved,,Property Damage Only,0,0,0,0,0,0,1500,1,1,,POINT (-92.916796427194 41.978883177495)
2014779754,14-000374,01/11/2014,01-January,7-Saturday,23:03,2300 Hours,District 2 (Northeast),ELGIN,FAYETTE,,CENTER ST,Collision with:  Parked motor vehicle,On Roadway,Unknown,Unknown,None Indicated,,Dark - roadway lighted,Snow,"Fog, smoke, smog",None apparent,Non-intersection:  Non-junction/no special feature,Paved,,Property Damage Only,0,0,0,0,0,0,2000,2,1,,POINT (-91.629171549412 42.95734827587)