Iowa DOT Case Number,Law Enforcement Case Number,Date of Crash,Month of Crash,Day of Week,Time of Crash,Hour,DOT District,City Name,County Name,Route with System,Location Description,First Harmful Event,Location of First Harmful Event,Manner of Crash/Collision,Major Cause,Drug or Alcohol ,Environmental Conditions,Light Conditions,Surface Conditions,Weather Conditions,Roadway Contribution,Roadway Type,Roadway Surface,Work Zone,Crash Severity,Number of Fatalities,Number of Injuries,Number of Major Injuries,Number of Minor Injuries,Number of Possible Injuries,Number of Unknown Injuries,Amount of Property Damage,Number of Vehicles Involved,Total Number of Occupants,Travel Direction,Location
2014779028,14-001216,01/11/2014,01-January,7-Saturday,04:51,0400 Hours,District 4 (Southwest),COUNCIL BLUFFS,POTTAWATTAMIE,I-29,I-29,Non-collision events:  Overturn/rollover,On Roadway,Non-collision (single vehicle),Ran off road - left,None Indicated,,Dark - roadway lighted,Wet,Rain,"Surface condition (e.g., wet, icy)",Non-intersection:  Non-junction/no special feature,Paved,,Property Damage Only,0,0,0,0,0,0,5000,1,1,,POINT (-95.887555020374 41.232512978839)
2014778914,201400516,01/11/2014,01-January,7-Saturday,03:00,0300 Hours,District 6 (East Central),CEDAR RAPIDS,LINN,,50TH AVE SW & 50TH AVE DR SW & BOWLING ST SW,Collision with fixed object:  Tree,On Roadway,Non-collision (single vehicle),"Operating vehicle in an reckless, erratic, careless, negligent manner",Alcohol (Statutory),,Dark - roadway lighted,Ice/frost,Cloudy,Unknown,Intersection:  Four-way intersection,Paved,,Possible/Unknown,0,1,0,0,1,0,10000,1,1,,POINT (-91.656887501043 41.929608254507)
2014778975,20140000926,01/11/2014,01-January,7-Saturday,07:05,0700 Hours,District 1 (Central),DES MOINES,POLK,US 69,US 69/SE 14TH ST,Collision with:  Vehicle in traffic,On Roadway,Rear-end (front to rear),Driving too fast for conditions,None Indicated,,Dawn,Ice/frost,Clear,"Surface condition (e.g., wet, icy)",Non-intersection:  Non-junction/no special feature,Paved,,Minor Injury,0,2,0,2,0,0,9500,2,5,,POINT (-93.596950424176 41.564211487896)
2014778871,140255,01/11/2014,01-January,7-Saturday,09:06,0900 Hours,District 4 (Southwest),,DALLAS,,Co Rd R30/W AVE,Collision with fixed object:  Utility pole/light support,On Roadway,Non-collision (single vehicle),Crossed centerline (undivided),None Indicated,,Daylight,Ice/frost,Clear,"Surface condition (e.g., wet, icy)",Non-intersection:  Non-junction/no special feature,Paved,,Possible/Unknown,0,1,0,0,1,0,12000,1,1,,POINT (-93.852986624614 41.676771736727)
2014779875,2014-2394,01/11/2014,01-January,7-Saturday,13:48,1300 Hours,District 6 (East Central),DAVENPORT,SCOTT,US 6,US 6/W KIMBERLY RD,Collision with:  Vehicle in traffic,On Roadway,Rear-end (front to rear),Followed too close,None Indicated,,Daylight,Dry,Clear,None apparent,Intersection:  Four-way intersection,Paved,,Property Damage Only,0,0,0,0,0,0,1800,2,3,,POINT (-90.572707117672 41.560273557322)
2014779189,14000348,01/11/2014,01-January,7-Saturday,08:33,0800 Hours,District 3 (Northwest),BREDA,CARROLL,,MAIN ST & S 3RD ST & N 3RD ST,Collision with fixed object:  Tree,Outside trafficway,Non-collision (single vehicle),Ran off road - right,None Indicated,,Daylight,Other (explain in narrative),Cloudy,"Surface condition (e.g., wet, icy)",Non-intersection:  Non-junction/no special feature,Paved,,Possible/Unknown,0,1,0,0,1,0,20500,1,1,,POINT (-94.978545064153 42.181571535657)
2014798017,140229PD,01/11/2014,01-January,7-Saturday,18:20,1800 Hours,District 1 (Central),BOONE,BOONE,,STORY ST & 7TH ST,Collision with:  Vehicle in traffic,On Roadway,Head-on (front to front),Driving too fast for conditions,None Indicated,,Dark - roadway lighted,Snow,Clear,None apparent,Intersection:  Four-way intersection,Paved,,Possible/Unknown,0,1,0,0,1,0,3000,2,2,,POINT (-93.880009908507 42.062732608635)
2014779893,2014-2311,01/11/2014,01-January,7-Saturday,01:12,0100 Hours,District 6 (East Central),DAVENPORT,SCOTT,,W 65TH ST,Collision with:  Parked motor vehicle,On Roadway,Broadside (front to side),Lost Control,None Indicated,,Dark - roadway lighted,Slush,Clear,None apparent,Intersection:  Y-intersection,Paved,,Property Damage Only,0,0,0,0,0,0,5000,2,2,,POINT (-90.617154542374 41.587781628681)
2014779515,14-000262,01/11/2014,01-January,7-Saturday,10:21,1000 Hours,District 4 (Southwest),ATLANTIC,CASS,,3RD ST & OLIVE ST,Collision with:  Vehicle in traffic,On Roadway,Broadside (front to side),FTYROW:  From stop sign,None Indicated,,Daylight,Wet,Clear,None apparent,Intersection:  Four-way intersection,Paved,,Possible/Unknown,0,1,0,0,1,0,13000,2,2,,POINT (-95.003265007111 41.407918799933)
2014779210,032-007-14,01/11/2014,01-January,7-Saturday,13:05,1300 Hours,District 3 (Northwest),ESTHERVILLE,EMMET,IA 9,IA 9/CENTRAL AVE & S 1ST ST & N 1ST ST,Collision with:  Vehicle in traffic,On Roadway,Rear-end (front to rear),"Operating vehicle in an reckless, erratic, careless, negligent manner",None Indicated,,Daylight,Wet,Cloudy,None apparent,Intersection:  Four-way intersection,Paved,,Property Damage Only,0,0,0,0,0,0,1500,2,3,,POINT (-94.843102695143 43.401860484949)
2014783087,2014-2352,01/11/2014,01-January,7-Saturday,06:52,0600 Hours,District 6 (East Central),DAVENPORT,SCOTT,,W HAYES ST & N DIVISION ST,Collision with:  Vehicle in traffic,On Roadway,Broadside (front to side),FTYROW:  From stop sign,None Indicated,,Dark - roadway lighted,Ice/frost,Cloudy,"Surface condition (e.g., wet, icy)",Intersection:  Four-way intersection,Paved,,Property Damage Only,0,0,0,0,0,0,4100,2,2,,POINT (-90.600898140152 41.54731989974)
2014794950,SO14-0028,01/11/2014,01-January,7-Saturday,11:00,1100 Hours,District 2 (Northeast),,WRIGHT,,Co Rd C54/265TH ST,Non-collision events:  Jackknife,On Roadway,Non-collision (single vehicle),Ran off road - left,None Indicated,,Daylight,Ice/frost,Cloudy,"Surface condition (e.g., wet, icy)",Non-intersection:  Non-junction/no special feature,Paved,,Property Damage Only,0,0,0,0,0,0,8500,1,2,,POINT (-93.56084330148 42.666403437153)
2014779690,,01/11/2014,01-January,7-Saturday,19:37,1900 Hours,District 3 (Northwest),AKRON,PLYMOUTH,IA 12,IA 12/IOWA 12 & HARDY ST,Collision with:  Vehicle in traffic,On Roadway,"Angle, oncoming left turn",Crossed centerline (undivided),None Indicated,,Dark - roadway lighted,Wet,Clear,None apparent,Non-intersection:  Non-junction/no special feature,Paved,,Property Damage Only,0,0,0,0,0,0,5500,2,3,,POINT (-96.563738303158 42.82371067711)
2014779438,20140000912,01/11/2014,01-January,7-Saturday,04:20,0400 Hours,District 1 (Central),DES MOINES,POLK,,E PAYTON AVE,Collision with fixed object:  Curb/island/raised median,Roadside,Non-collision (single vehicle),Driving too fast for conditions,Alcohol (Statutory),,Dark - roadway lighted,Slush,"Blowing sand, soil, dirt","Surface condition (e.g., wet, icy)",Non-intersection:  Non-junction/no special feature,Paved,,Minor Injury,0,1,0,1,0,0,10000,1,1,,POINT (-93.608658811411 41.530021376198)
2014779027,14-001210,01/11/2014,01-January,7-Saturday,02:00,0200 Hours,District 4 (Southwest),COUNCIL BLUFFS,POTTAWATTAMIE,,32ND AVE,Collision with fixed object:  Utility pole/light support,Roadside,Non-collision (single vehicle),Ran off road - right,Alcohol (Statutory),,Dark - roadway lighted,Wet,Cloudy,None apparent,Non-intersection:  Non-junction/no special feature,Paved,,Property Damage Only,0,0,0,0,0,0,4800,1,1,,POINT (-95.851970390478 41.228212876858)
2014778853,14000505,01/11/2014,01-January,7-Saturday,13:54,1300 Hours,District 2 (Northeast),MASON CITY,CERRO GORDO,US 65,US 65/N FEDERAL AVE & 9TH ST NW & 9TH ST NE,Collision with:  Vehicle in traffic,On Roadway,Broadside (front to side),Ran Traffic Signal,None Indicated,,Daylight,Snow,Clear,None apparent,Intersection:  Four-way intersection,Paved,,Possible/Unknown,0,1,0,0,1,0,10000,2,5,,POINT (-93.201078568282 43.159978436496)
2014779085,14-1089,01/11/2014,01-January,7-Saturday,18:58,1800 Hours,District 3 (Northwest),SIOUX CITY,WOODBURY,,JACKSON ST,Collision with:  Vehicle in traffic,On Roadway,Rear-end (front to rear),Lost Control,None Indicated,,Dark - roadway lighted,"Mud, dirt",Clear,"Surface condition (e.g., wet, icy)",Intersection:  Four-way intersection,Paved,,Possible/Unknown,0,1,0,0,1,0,11000,3,2,,POINT (-96.402315243733 42.5259204307)
2014779051,14-000145,01/11/2014,01-January,7-Saturday,09:54,0900 Hours,District 1 (Central),AMES,STORY,US 69,US 69/GRAND AVE & 24TH ST,Collision with:  Vehicle in traffic,On Roadway,"Sideswipe, same direction",FTYROW:  Other (explain in narrative),None Indicated,,Daylight,Dry,Clear,None apparent,Non-intersection:  Non-junction/no special feature,Paved,,Property Damage Only,0,0,0,0,0,0,3700,2,2,,POINT (-93.620516483779 42.045722491994)
2014813198,,01/11/2014,01-January,7-Saturday,13:40,1300 Hours,District 2 (Northeast),NEW HAMPTON,CHICKASAW,,S LINN AVE,,Outside trafficway,Non-collision (single vehicle),Lost Control,None Indicated,,Daylight,Ice/frost,Snow,"Surface condition (e.g., wet, icy)",Non-intersection:  Other non-intersection (explain in narrative),Paved,,Property Damage Only,0,0,0,0,0,0,8000,1,1,,POINT (-92.31783316454 43.040337554607)
2014780267,,01/11/2014,01-January,7-Saturday,09:37,0900 Hours,District 6 (East Central),BELLEVUE,JACKSON,IA 62,IA 62/STATE ST & S 6TH ST & N 6TH ST,Collision with:  Vehicle in traffic,On Roadway,Broadside (front to side),FTYROW:  From stop sign,None Indicated,,Daylight,Wet,Cloudy,None apparent,Intersection:  Four-way intersection,Paved,,Minor Injury,0,2,0,1,1,0,12500,2,2,,POINT (-90.42886500347 42.257374932688)
2014780741,2014000319,01/11/2014,01-January,7-Saturday,19:09,1900 Hours,District 6 (East Central),IOWA CITY,JOHNSON,,MORMON TREK BLVD,Collision with:  Vehicle in traffic,On Roadway,"Sideswipe, same direction",Improper or erratic lane changing,None Indicated,,Dark - roadway lighted,Wet,Rain,None apparent,Non-intersection:  Non-junction/no special feature,Paved,,Property Damage Only,0,0,0,0,0,0,2001,2,3,,POINT (-91.57403359712 41.652464205497)
2014779507,,01/11/2014,01-January,7-Saturday,07:54,0700 Hours,District 4 (Southwest),,MILLS,,Co Rd L35/221ST ST,Collision with fixed object:  Ditch,On Roadway,Non-collision (single vehicle),Ran off road - right,None Indicated,,Daylight,Other (explain in narrative),Clear,"Surface condition (e.g., wet, icy)",Non-intersection:  Non-junction/no special feature,Paved,,Property Damage Only,0,0,0,0,0,0,3100,1,1,,POINT (-95.771682140583 41.116845592437)
2014779086,14-1093,01/11/2014,01-January,7-Saturday,19:08,1900 Hours,District 3 (Northwest),SIOUX CITY,WOODBURY,,FLOYD BLVD,Collision with fixed object:  Other fixed object (explain in narrative),Outside trafficway,Non-collision (single vehicle),"Operating vehicle in an reckless, erratic, careless, negligent manner",Alcohol (Statutory),,Dark - roadway lighted,Dry,Clear,None apparent,Intersection:  Four-way intersection,Paved,,Property Damage Only,0,0,0,0,0,0,6500,1,1,,POINT (-96.372063145843 42.531560983439)
2014778974,20140000925,01/11/2014,01-January,7-Saturday,06:10,0600 Hours,District 5 (Southeast),DES MOINES,WARREN,IA 5,IA 5/IOWA 5 & SW 9TH ST,Collision with:  Vehicle in traffic,Roadside,"Sideswipe, same direction",FTYROW:  Other (explain in narrative),None Indicated,,Dark - roadway lighted,Slush,Cloudy,None apparent,Non-intersection:  Other non-intersection (explain in narrative),Paved,,Property Damage Only,0,0,0,0,0,0,2500,2,2,,POINT (-93.625715349704 41.498836410584)
2014780567,2014002497,01/11/2014,01-January,7-Saturday,17:40,1700 Hours,District 6 (East Central),,DUBUQUE,US 20,US 20,Collision with:  Vehicle in traffic,On Roadway,"Sideswipe, opposite direction",Crossed centerline (undivided),None Indicated,,Dark - roadway not lighted,Wet,Cloudy,None apparent,Non-intersection:  Non-junction/no special feature,Paved,,Possible/Unknown,0,1,0,0,1,0,10000,2,5,,POINT (-90.779173593185 42.445932419263)
2014779351,14003325,01/11/2014,01-January,7-Saturday,00:13,0000 Hours,District 2 (Northeast),CEDAR FALLS,BLACK HAWK,,GREENHILL RD & ORCHARD HILL DR,Collision with fixed object:  Curb/island/raised median,On Roadway,Non-collision (single vehicle),Crossed centerline (undivided),None Indicated,,Dark - roadway lighted,Ice/frost,Cloudy,"Surface condition (e.g., wet, icy)",Intersection:  Four-way intersection,Paved,,Property Damage Only,0,0,0,0,0,0,5000,1,3,,POINT (-92.431619984505 42.498193628117)
2014780237,2014002428,01/11/2014,01-January,7-Saturday,16:22,1600 Hours,District 6 (East Central),IOWA CITY,JOHNSON,I-80,I-80,Collision with fixed object:  Concrete traffic barrier (median or right side),Median,Non-collision (single vehicle),Ran off road - right,None Indicated,,Dusk,Dry,Cloudy,None apparent,Non-intersection:  Non-junction/no special feature,Paved,,Property Damage Only,0,0,0,0,0,0,17000,1,1,,POINT (-91.510838322017 41.686996480006)
2014780709,01-14-1673,01/11/2014,01-January,7-Saturday,17:45,1700 Hours,District 6 (East Central),DUBUQUE,DUBUQUE,,GARFIELD AVE & E 20TH ST & RHOMBERG AVE & ELM ST,Collision with:  Vehicle in traffic,On Roadway,"Sideswipe, opposite direction",FTYROW:  Making left turn,None Indicated,,Dark - roadway lighted,Wet,Clear,None apparent,Intersection:  Five points or more,Paved,,Property Damage Only,0,0,0,0,0,0,4600,2,3,,POINT (-90.666437645862 42.512266575272)
2014779084,14-1075,01/11/2014,01-January,7-Saturday,16:40,1600 Hours,District 3 (Northwest),SIOUX CITY,WOODBURY,IA 12,IA 12/NE RAMP & IA 376/LEWIS BLVD,Collision with:  Vehicle in traffic,On Roadway,Broadside (front to side),FTYROW:  From stop sign,None Indicated,,Daylight,Dry,Clear,None apparent,Intersection:  T-intersection,Paved,,Possible/Unknown,0,1,0,0,1,0,10000,2,2,,POINT (-96.379469555239 42.491245585354)
2014779954,261400073,01/11/2014,01-January,7-Saturday,09:39,0900 Hours,District 5 (Southeast),,DAVIS,,ICE AVE,Collision with:  Vehicle in traffic,Shoulder,Rear-end (front to rear),Other (explain in narrative):  No improper action,None Indicated,,Daylight,Ice/frost,Clear,"Surface condition (e.g., wet, icy)",Non-intersection:  Non-junction/no special feature,Paved,,Property Damage Only,0,0,0,0,0,0,2000,2,2,,POINT (-92.48592315001 40.76796865099)
2014779081,14-1063,01/11/2014,01-January,7-Saturday,14:22,1400 Hours,District 3 (Northwest),SIOUX CITY,WOODBURY,,21ST ST & COURT ST,Collision with:  Vehicle in traffic,On Roadway,Broadside (front to side),FTYROW:  From stop sign,None Indicated,,Daylight,Dry,Clear,None apparent,Intersection:  Four-way intersection,Paved,,Property Damage Only,0,0,0,0,0,0,1500,2,5,,POINT (-96.396047095877 42.512023591113)
2014780710,01-14-1677,01/11/2014,01-January,7-Saturday,18:19,1800 Hours,District 6 (East Central),DUBUQUE,DUBUQUE,,JOHN F KENNEDY RD,Collision with:  Vehicle in traffic,On Roadway,"Angle, oncoming left turn",FTYROW:  Making left turn,None Indicated,,Daylight,Wet,Cloudy,None apparent,Non-intersection:  Driveway access (within),Paved,,Property Damage Only,0,0,0,0,0,0,3500,2,3,,POINT (-90.715044526912 42.49311080766)
2014779302,S14-291,01/11/2014,01-January,7-Saturday,22:15,2200 Hours,District 3 (Northwest),,WOODBURY,US 20,US 20 & GLEN ELLEN RD & BUCHANAN AVE,Collision with:  Animal,,,Animal,None Indicated,,,,,,,Paved,,Property Damage Only,0,0,0,0,0,0,3000,1,1,,POINT (-96.307065696444 42.475585020562)
2014778852,14000499,01/11/2014,01-January,7-Saturday,12:29,1200 Hours,District 2 (Northeast),MASON CITY,CERRO GORDO,,N CALIFORNIA AVE,Non-collision events:  Other non-collision (explain in narrative),On Roadway,Non-collision (single vehicle),Swerving/Evasive Action,None Indicated,,Daylight,Ice/frost,Clear,"Surface condition (e.g., wet, icy)",Non-intersection:  Non-junction/no special feature,Paved,,Property Damage Only,0,0,0,0,0,0,5000,1,1,,POINT (-93.122814388753 43.162367435545)
2014779637,2014-2389,01/11/2014,01-January,7-Saturday,12:44,1200 Hours,District 6 (East Central),DAVENPORT,SCOTT,,EASTERN AVE,Collision with:  Vehicle in traffic,On Roadway,Rear-end (front to rear),Lost Control,None Indicated,,Daylight,Wet,Clear,None apparent,Non-intersection:  Non-junction/no special feature,Paved,,Property Damage Only,0,0,0,0,0,0,6000,2,2,,POINT (-90.551373161568 41.561586212208)
2014779083,14-1065,01/11/2014,01-January,7-Saturday,14:45,1400 Hours,District 3 (Northwest),SIOUX CITY,WOODBURY,,S ST AUBIN ST,Collision with:  Vehicle in traffic,On Roadway,"Sideswipe, same direction",Followed too close,None Indicated,,Daylight,Dry,Clear,None apparent,Non-intersection:  Non-junction/no special feature,Paved,,Possible/Unknown,0,1,0,0,1,0,3000,2,2,,POINT (-96.356007057397 42.462734083687)
2014779087,14-1108,01/12/2014,01-January,1-Sunday,00:19,0000 Hours,District 3 (Northwest),SIOUX CITY,WOODBURY,,STONE AVE,Collision with:  Animal,,,Animal,None Indicated,,,,,,,Paved,,Property Damage Only,0,0,0,0,0,0,1500,1,1,,POINT (-96.341507711384 42.479123256581)
2014779253,14-001470,01/12/2014,01-January,1-Sunday,02:58,0200 Hours,District 5 (Southeast),MUSCATINE,MUSCATINE,,SHERMAN ST & RIVER RD,Collision with:  Vehicle in traffic,On Roadway,"Sideswipe, same direction",Exceeded authorized speed,Alcohol (Statutory),,Dark - unknown roadway lighting,Wet,Clear,None apparent,Non-intersection:  Non-junction/no special feature,Paved,,Minor Injury,0,1,0,1,0,0,2400,2,3,,POINT (-91.023125609709 41.433982044056)
2014778843,14-671,01/12/2014,01-January,1-Sunday,19:23,1900 Hours,District 2 (Northeast),,BREMER,US 218,US 218,Collision with:  Animal,,,Animal,None Indicated,,,,,,,Paved,,Property Damage Only,0,0,0,0,0,0,3000,1,1,,POINT (-92.489794639962 42.693719903777)
2014780898,14-0018,01/12/2014,01-January,1-Sunday,19:56,1900 Hours,District 1 (Central),LEHIGH,WEBSTER,,RIVER ST,Non-collision events:  Overturn/rollover,On Roadway,Non-collision (single vehicle),"Operating vehicle in an reckless, erratic, careless, negligent manner",Alcohol (Statutory),,Dark - roadway lighted,Wet,Cloudy,None apparent,Non-intersection:  Non-junction/no special feature,Paved,,Minor Injury,0,1,0,1,0,0,1000,1,1,,POINT (-94.050718495091 42.361652849228)
2014781367,1401-008,01/12/2014,01-January,1-Sunday,15:31,1500 Hours,District 3 (Northwest),SIBLEY,OSCEOLA,,4TH ST & 6TH AVE,Collision with:  Vehicle in traffic,On Roadway,Broadside (front to side),FTYROW:  At uncontrolled intersection,None Indicated,,Daylight,Slush,Cloudy,None apparent,Intersection:  Four-way intersection,Paved,,Possible/Unknown,0,2,0,0,2,0,4000,2,2,,POINT (-95.745574190311 43.405183645907)
2014779090,14-1179,01/12/2014,01-January,1-Sunday,18:21,1800 Hours,District 3 (Northwest),SIOUX CITY,WOODBURY,,IDLEWOOD ST,Collision with:  Parked motor vehicle,On Roadway,"Sideswipe, opposite direction",FTYROW:  From driveway,None Indicated,,Dark - roadway not lighted,Dry,Clear,None apparent,Non-intersection:  Driveway access (within),Paved,,Property Damage Only,0,0,0,0,0,0,1700,2,1,,POINT (-96.420020797841 42.525122653365)
2014783479,,01/12/2014,01-January,1-Sunday,14:04,1400 Hours,District 3 (Northwest),SERGEANT BLUFF,WOODBURY,,ROUNDTABLE RD,Collision with:  Parked motor vehicle,On Roadway,Rear-end (front to rear),FTYROW:  From parked position,None Indicated,,Daylight,Wet,Cloudy,None apparent,Non-intersection:  Non-junction/no special feature,Paved,,Property Damage Only,0,0,0,0,0,0,2500,2,1,,POINT (-96.341702239627 42.403938275763)
2014779007,14-0186,01/12/2014,01-January,1-Sunday,12:24,1200 Hours,District 1 (Central),WEST DES MOINES,POLK,,UNIVERSITY AVE & 36TH ST,Collision with:  Vehicle in traffic,On Roadway,Rear-end (front to rear),Swerving/Evasive Action,None Indicated,,Daylight,Dry,Cloudy,None apparent,Non-intersection:  Other non-intersection (explain in narrative),Paved,,Possible/Unknown,0,1,0,0,1,0,2000,2,3,,POINT (-93.754446209169 41.600440778927)
2014779249,14-0077,01/12/2014,01-January,1-Sunday,18:00,1800 Hours,District 2 (Northeast),OSAGE,MITCHELL,,OAK ST & S 6TH ST,Collision with:  Vehicle in traffic,On Roadway,Broadside (front to side),FTYROW:  At uncontrolled intersection,None Indicated,,Dark - roadway lighted,Slush,Cloudy,"Surface condition (e.g., wet, icy)",Non-intersection:  Non-junction/no special feature,Paved,,Property Damage Only,0,0,0,0,0,0,5000,2,2,,POINT (-92.812869154799 43.281151858445)
2014779404,C14000127,01/12/2014,01-January,1-Sunday,13:00,1300 Hours,District 6 (East Central),CORALVILLE,JOHNSON,US 6,US 6/2ND ST,Collision with:  Vehicle in traffic,On Roadway,Rear-end (front to rear),Other (explain in narrative):  Other,None Indicated,,Daylight,Wet,Cloudy,None apparent,Non-intersection:  Non-junction/no special feature,Paved,,Property Damage Only,0,0,0,0,0,0,6000,2,8,,POINT (-91.603756124877 41.685821336127)
2014778880,14-01172,01/12/2014,01-January,1-Sunday,00:00,0000 Hours,District 5 (Southeast),BURLINGTON,DES MOINES,,IRONWOOD ST,Collision with:  Parked motor vehicle,On Roadway,Broadside (front to side),Unknown,None Indicated,,Dark - roadway not lighted,Wet,Unknown,None apparent,Non-intersection:  Non-junction/no special feature,Paved,,Property Damage Only,0,0,0,0,0,0,1500,2,1,,POINT (-91.127033213378 40.800726947891)
2014787886,,01/12/2014,01-January,1-Sunday,14:45,1400 Hours,District 5 (Southeast),,MUSCATINE,,Co Rd F62/130TH ST & Co Rd X34/DAVIS AVE,Collision with fixed object:  Utility pole/light support,On Roadway,Non-collision (single vehicle),Ran Stop Sign,None Indicated,,Daylight,Dry,Cloudy,None apparent,Intersection:  T-intersection,Paved,,Property Damage Only,0,0,0,0,0,0,3000,1,1,,POINT (-91.304548598705 41.55353015539)
2014778872,140278,01/12/2014,01-January,1-Sunday,00:31,0000 Hours,District 4 (Southwest),,DALLAS,,I AVE,Non-collision events:  Overturn/rollover,On Roadway,Non-collision (single vehicle),Driving too fast for conditions,None Indicated,,Dark - roadway not lighted,"Mud, dirt",Clear,None apparent,Non-intersection:  Non-junction/no special feature,Unpaved,,Minor Injury,0,1,0,1,0,0,7500,1,1,,POINT (-94.127374151833 41.530744639387)
2014787000,,01/12/2014,01-January,1-Sunday,09:32,0900 Hours,District 2 (Northeast),DECORAH,WINNESHIEK,,W BROADWAY ST & WINNEBAGO ST,Collision with:  Vehicle in traffic,On Roadway,Broadside (front to side),Ran Stop Sign,None Indicated,,Daylight,Wet,Clear,None apparent,Intersection:  Four-way intersection,Paved,,Property Damage Only,0,0,0,0,0,0,3000,2,2,,POINT (-91.787171643238 43.302347666019)
2014780024,14001006,01/12/2014,01-January,1-Sunday,00:56,0000 Hours,District 5 (Southeast),,LEE,IA 16,IA 16/IOWA 16,Collision with:  Animal,,,Animal,None Indicated,,,,,,,Paved,,Property Damage Only,0,0,0,0,0,0,4000,1,1,,POINT (-91.283641954227 40.7396932137)
2014779743,140297,01/12/2014,01-January,1-Sunday,18:26,1800 Hours,District 4 (Southwest),,DALLAS,US 169,US 169/N AVE,Collision with:  Animal,,,Animal,None Indicated,,,,,,,Paved,,Property Damage Only,0,0,0,0,0,0,3000,1,1,,POINT (-94.024968502932 41.707962856189)
2014780568,2014002625,01/12/2014,01-January,1-Sunday,23:10,2300 Hours,District 5 (Southeast),,WARREN,I-35,I-35,Collision with:  Vehicle in traffic,On Roadway,Rear-end (front to rear),Ran off road - right,None Indicated,,Dark - roadway not lighted,Dry,Clear,None apparent,Non-intersection:  Non-junction/no special feature,Paved,,Major Injury,0,2,1,1,0,0,11000,2,2,,POINT (-93.785363082287 41.208434640275)
2014783088,2014-2610,01/12/2014,01-January,1-Sunday,16:37,1600 Hours,District 6 (East Central),DAVENPORT,SCOTT,,ESPLANADE AVE,Collision with:  Vehicle in traffic,On Roadway,Rear-end (front to rear),Followed too close,None Indicated,,Daylight,Wet,Clear,None apparent,Non-intersection:  Non-junction/no special feature,Paved,,Property Damage Only,0,0,0,0,0,0,3250,2,3,,POINT (-90.555101668922 41.537438442171)
2014778958,14-233,01/12/2014,01-January,1-Sunday,02:15,0200 Hours,District 1 (Central),ANKENY,POLK,,NW 26TH ST & NW 74TH AVE,Collision with:  Animal,,,Animal,None Indicated,,,,,,,Paved,,Property Damage Only,0,0,0,0,0,0,3000,1,1,,POINT (-93.653711633937 41.69587599379)
2014778831,W14-003829,01/12/2014,01-January,1-Sunday,13:15,1300 Hours,District 2 (Northeast),WATERLOO,BLACK HAWK,I-380,I-380 & US 218/WASHINGTON ST & E MITCHELL AVE,Collision with:  Vehicle in traffic,On Roadway,Rear-end (front to rear),Followed too close,None Indicated,,Daylight,Wet,Cloudy,None apparent,Intersection:  Four-way intersection,Paved,,Property Damage Only,0,0,0,0,0,0,2550,2,2,,POINT (-92.322140015561 42.476614760402)
2014778947,1401-006,01/12/2014,01-January,1-Sunday,00:05,0000 Hours,District 3 (Northwest),,OSCEOLA,,Co Rd L40/ORIOLE AVE,Non-collision events:  Overturn/rollover,On Roadway,Non-collision (single vehicle),Ran off road - right,Alcohol (Statutory),,Dark - roadway not lighted,Dry,Cloudy,None apparent,Non-intersection:  Non-junction/no special feature,Paved,,Property Damage Only,0,0,0,0,0,0,7500,1,3,,POINT (-95.741545428844 43.457358531163)
2014786520,,01/12/2014,01-January,1-Sunday,03:00,0300 Hours,District 2 (Northeast),,WINNESHIEK,,210TH ST & 295TH AVE,Collision with fixed object:  Bridge overhead structure,On Roadway,Non-collision (single vehicle),Crossed centerline (undivided),None Indicated,,Dark - roadway not lighted,,Cloudy,"Surface condition (e.g., wet, icy)",Non-intersection:  Other non-intersection (explain in narrative),Unpaved,,Minor Injury,0,2,0,2,0,0,2600,1,2,,POINT (-91.984262440937 43.241785159883)
2014784912,2014-000182,01/12/2014,01-January,1-Sunday,18:23,1800 Hours,District 6 (East Central),,BENTON,US 218,US 218/58 ST,Collision with:  Animal,,,Animal,None Indicated,,,,,,,Paved,,Property Damage Only,0,0,0,0,0,0,4000,1,1,,POINT (-92.113472287097 42.180981055379)
2014778879,14-01161,01/12/2014,01-January,1-Sunday,09:22,0900 Hours,District 5 (Southeast),BURLINGTON,DES MOINES,,HARRISON AVE,Collision with:  Vehicle in traffic,On Roadway,Rear-end (front to rear),Improper Backing,None Indicated,,Daylight,Dry,Clear,None apparent,Non-intersection:  Non-junction/no special feature,Paved,,Property Damage Only,0,0,0,0,0,0,3500,2,6,,POINT (-91.101890636772 40.789101202801)
2014779575,201400608,01/12/2014,01-January,1-Sunday,18:05,1800 Hours,District 6 (East Central),CEDAR RAPIDS,LINN,,GRANDE AVE SE & 16TH ST SE & 3RD AVE SE,Collision with:  Vehicle in traffic,On Roadway,Broadside (front to side),Ran Stop Sign,None Indicated,,Dark - roadway lighted,Wet,Clear,None apparent,Intersection:  Four-way intersection,Paved,,Minor Injury,0,1,0,1,0,0,7000,2,3,,POINT (-91.647790184726 41.987971414406)
2014778894,SO1400156,01/12/2014,01-January,1-Sunday,18:30,1800 Hours,District 5 (Southeast),,JEFFERSON,,Co Rd W40/VETCH BLVD,Collision with fixed object:  Ditch,On Roadway,Non-collision (single vehicle),Swerving/Evasive Action,None Indicated,,Dark - roadway not lighted,Dry,Clear,None apparent,Non-intersection:  Driveway access (within),Paved,,Property Damage Only,0,0,0,0,0,0,1500,1,1,,POINT (-91.775404610545 41.043308268062)