Iowa DOT Case Number,Law Enforcement Case Number,Date of Crash,Month of Crash,Day of Week,Time of Crash,Hour,DOT District,City Name,County Name,Route with System,Location Description,First Harmful Event,Location of First Harmful Event,Manner of Crash/Collision,Major Cause,Drug or Alcohol ,Environmental Conditions,Light Conditions,Surface Conditions,Weather Conditions,Roadway Contribution,Roadway Type,Roadway Surface,Work Zone,Crash Severity,Number of Fatalities,Number of Injuries,Number of Major Injuries,Number of Minor Injuries,Number of Possible Injuries,Number of Unknown Injuries,Amount of Property Damage,Number of Vehicles Involved,Total Number of Occupants,Travel Direction,Location
2014779395,14-000703,01/14/2014,01-January,3-Tuesday,04:58,0400 Hours,District 5 (Southeast),,HENRY,,Co Rd H38/220TH ST,Collision with fixed object:  Bridge overhead structure,On Roadway,Non-collision (single vehicle),Crossed centerline (undivided),None Indicated,,Dark - roadway not lighted,Ice/frost,"Sleet, hail","Surface condition (e.g., wet, icy)",Non-intersection:  Other non-intersection (explain in narrative),Paved,,Property Damage Only,0,0,0,0,0,0,2000,1,1,,POINT (-91.483750496956 40.988071972714)
2014779269,20140001198,01/14/2014,01-January,3-Tuesday,09:00,0900 Hours,District 1 (Central),DES MOINES,POLK,,SE 27TH ST,Collision with:  Vehicle in traffic,On Roadway,Rear-end (front to rear),Lost Control,None Indicated,,Daylight,Ice/frost,Cloudy,"Surface condition (e.g., wet, icy)",Non-intersection:  Non-junction/no special feature,Paved,,Property Damage Only,0,0,0,0,0,0,2500,2,1,,POINT (-93.565987289235 41.530212286699)
2014779352,14004455,01/14/2014,01-January,3-Tuesday,08:09,0800 Hours,District 2 (Northeast),CEDAR FALLS,BLACK HAWK,,12TH ST,Collision with fixed object:  Tree,On Roadway,Non-collision (single vehicle),Swerving/Evasive Action,None Indicated,,Daylight,Ice/frost,Cloudy,"Surface condition (e.g., wet, icy)",Non-intersection:  Non-junction/no special feature,Paved,,Property Damage Only,0,0,0,0,0,0,1500,1,1,,POINT (-92.448861894649 42.527636821509)
2014779608,14-0093,01/14/2014,01-January,3-Tuesday,09:52,0900 Hours,District 1 (Central),URBANDALE,POLK,,GOODMAN DR & 62ND ST,Collision with:  Parked motor vehicle,Outside trafficway,"Sideswipe, same direction",Swerving/Evasive Action,None Indicated,,Daylight,Other (explain in narrative),Clear,None apparent,Intersection:  Four-way intersection,Paved,,Property Damage Only,0,0,0,0,0,0,11000,2,2,,POINT (-93.703145284714 41.644486847571)
2014779643,2014-3008,01/14/2014,01-January,3-Tuesday,07:24,0700 Hours,District 6 (East Central),DAVENPORT,SCOTT,,W CENTRAL PARK AVE,Collision with:  Vehicle in traffic,On Roadway,Rear-end (front to rear),Driving too fast for conditions,None Indicated,,Daylight,Snow,Snow,"Surface condition (e.g., wet, icy)",Non-intersection:  Non-junction/no special feature,Paved,,Possible/Unknown,0,1,0,0,1,0,2250,2,3,,POINT (-90.587561621166 41.545518642988)
2014779658,14-1352,01/14/2014,01-January,3-Tuesday,12:03,1200 Hours,District 3 (Northwest),SIOUX CITY,WOODBURY,,W 3RD ST & ALLAN ST,Collision with:  Vehicle in traffic,On Roadway,Broadside (front to side),FTYROW:  From stop sign,None Indicated,,Daylight,Dry,Cloudy,None apparent,Intersection:  Four-way intersection,Paved,,Minor Injury,0,1,0,1,0,0,9000,2,4,,POINT (-96.431153613565 42.499234872189)
2014779256,14-276,01/14/2014,01-January,3-Tuesday,03:50,0300 Hours,District 1 (Central),,POLK,,Co Rd F48/NE 46TH AVE,Collision with:  Vehicle in traffic,On Roadway,Head-on (front to front),Crossed centerline (undivided),None Indicated,,Dark - roadway not lighted,Ice/frost,"Sleet, hail","Surface condition (e.g., wet, icy)",Non-intersection:  Non-junction/no special feature,Paved,,Major Injury,0,1,1,0,0,0,20000,2,2,,POINT (-93.383537559607 41.644250220909)
2014781416,2014-3012,01/14/2014,01-January,3-Tuesday,07:53,0700 Hours,District 6 (East Central),DAVENPORT,SCOTT,US 6,US 6/W KIMBERLY RD & N THORNWOOD AVE,Collision with fixed object:  Curb/island/raised median,On Roadway,Non-collision (single vehicle),Driving too fast for conditions,None Indicated,,Daylight,Ice/frost,Cloudy,"Surface condition (e.g., wet, icy)",Intersection:  T-intersection,Paved,,Minor Injury,0,1,0,1,0,0,4000,1,1,,POINT (-90.615625140863 41.560235369801)
2014780888,201400002248,01/14/2014,01-January,3-Tuesday,08:56,0800 Hours,District 5 (Southeast),OTTUMWA,WAPELLO,,PENNSYLVANIA AVE & WAYNE ST,Collision with:  Vehicle in traffic,On Roadway,Broadside (front to side),FTYROW:  At uncontrolled intersection,None Indicated,,Daylight,Ice/frost,Cloudy,None apparent,Non-intersection:  Non-junction/no special feature,Paved,,Possible/Unknown,0,1,0,0,1,0,7000,2,2,,POINT (-92.407471107783 41.027491840414)
2014779270,20140001168,01/14/2014,01-January,3-Tuesday,06:59,0600 Hours,District 1 (Central),DES MOINES,POLK,,GRAND AVE & POLK BLVD,Collision with:  Vehicle in traffic,On Roadway,Broadside (front to side),Driving too fast for conditions,None Indicated,,Dark - roadway lighted,Ice/frost,Cloudy,"Surface condition (e.g., wet, icy)",Non-intersection:  Non-junction/no special feature,Paved,,Possible/Unknown,0,1,0,0,1,0,8000,2,3,,POINT (-93.681598165693 41.584754802806)
2014779755,14-000438,01/14/2014,01-January,3-Tuesday,09:19,0900 Hours,District 2 (Northeast),,FAYETTE,,Co Rd V68/W AVE & 170TH ST,Collision with fixed object:  Ditch,On Roadway,Non-collision (single vehicle),Ran off road - left,None Indicated,,Daylight,Ice/frost,Snow,"Surface condition (e.g., wet, icy)",Intersection:  Four-way intersection,Paved,,Minor Injury,0,1,0,1,0,0,3000,1,1,,POINT (-92.042762666065 42.876654333545)
2014779382,CL14000113,01/14/2014,01-January,3-Tuesday,07:55,0700 Hours,District 6 (East Central),CLINTON,CLINTON,,S BLUFF BLVD & N BLUFF BLVD & 2ND AVE S,Collision with:  Vehicle in traffic,On Roadway,Head-on (front to front),Other (explain in narrative):  No improper action,None Indicated,,Daylight,Ice/frost,Snow,"Surface condition (e.g., wet, icy)",Non-intersection:  Non-junction/no special feature,Paved,,Property Damage Only,0,0,0,0,0,0,3500,2,4,,POINT (-90.205340309702 41.844491757507)
2014802845,,01/14/2014,01-January,3-Tuesday,15:57,1500 Hours,District 1 (Central),TAMA,TAMA,,,Collision with:  Vehicle in traffic,On Roadway,Rear-end (front to rear),Unknown,None Indicated,,Daylight,Dry,Clear,None apparent,Non-intersection:  Non-junction/no special feature,,,Property Damage Only,0,0,0,0,0,0,5500,2,5,,POINT (-96.643700149993 40.233091251414)
2014779384,14-01394,01/14/2014,01-January,3-Tuesday,05:57,0500 Hours,District 5 (Southeast),BURLINGTON,DES MOINES,,CENTRAL AVE,Collision with:  Vehicle in traffic,On Roadway,Rear-end (front to rear),Other (explain in narrative):  No improper action,None Indicated,,Dark - roadway lighted,Ice/frost,"Sleet, hail","Surface condition (e.g., wet, icy)",Non-intersection:  Non-junction/no special feature,Paved,,Property Damage Only,0,0,0,0,0,0,3000,2,1,,POINT (-91.109219822517 40.818578059436)
2014779203,14-001431,01/14/2014,01-January,3-Tuesday,09:32,0900 Hours,District 5 (Southeast),BURLINGTON,DES MOINES,,AETNA ST & LEEBRICK ST,Collision with:  Vehicle in traffic,On Roadway,Broadside (front to side),FTYROW:  From driveway,None Indicated,,Daylight,Wet,Cloudy,None apparent,Non-intersection:  Driveway access (within),Paved,,Property Damage Only,0,0,0,0,0,0,2000,2,3,,POINT (-91.120327491544 40.806481964807)
2014779587,2014000406,01/14/2014,01-January,3-Tuesday,08:03,0800 Hours,District 1 (Central),MARSHALLTOWN,MARSHALL,,W BOONE ST,Collision with:  Vehicle in traffic,On Roadway,Broadside (front to side),Driving too fast for conditions,None Indicated,,Daylight,Ice/frost,Clear,"Surface condition (e.g., wet, icy)",Non-intersection:  Non-junction/no special feature,Paved,,Property Damage Only,0,0,0,0,0,0,2000,2,13,,POINT (-92.92184499143 42.045490885358)
2014781184,2014002813,01/14/2014,01-January,3-Tuesday,06:20,0600 Hours,District 5 (Southeast),,LOUISA,,Co Rd G62/COUNTY RD G62 & V AVE,Non-collision events:  Overturn/rollover,On Roadway,Non-collision (single vehicle),Swerving/Evasive Action,None Indicated,,Dark - roadway not lighted,Ice/frost,"Sleet, hail",None apparent,Non-intersection:  Non-junction/no special feature,Paved,,Possible/Unknown,0,1,0,0,1,0,5000,1,1,,POINT (-91.408999123852 41.176179525144)
2014782076,14-000439,01/14/2014,01-January,3-Tuesday,09:20,0900 Hours,District 2 (Northeast),,FAYETTE,US 18,US 18/HARDING RD,Collision with fixed object:  Ditch,On Roadway,Non-collision (single vehicle),Swerving/Evasive Action,None Indicated,,Daylight,Snow,Snow,"Surface condition (e.g., wet, icy)",Non-intersection:  Non-junction/no special feature,Paved,,Property Damage Only,0,0,0,0,0,0,10000,1,1,,POINT (-91.785203894679 42.972321122671)
2014780185,2014-00836,01/14/2014,01-January,3-Tuesday,07:31,0700 Hours,District 5 (Southeast),INDIANOLA,WARREN,IA 92,IA 92/E 2ND AVE & S 9TH ST,Collision with:  Vehicle in traffic,On Roadway,"Angle, oncoming left turn",FTYROW:  Making left turn,None Indicated,,Daylight,Dry,Clear,None apparent,Intersection:  T-intersection,Paved,,Property Damage Only,0,0,0,0,0,0,5500,2,2,,POINT (-93.547504880491 41.358060539264)
2014779479,2014003030,01/14/2014,01-January,3-Tuesday,17:39,1700 Hours,District 3 (Northwest),,PLYMOUTH,US 75,US 75,Collision with fixed object:  Traffic sign support,Outside trafficway,Non-collision (single vehicle),Swerving/Evasive Action,None Indicated,,Dark - roadway not lighted,Dry,Cloudy,Other (explain in narrative),Intersection:  Other intersection (explain in narrative),Paved,,Property Damage Only,0,0,0,0,0,0,8150,1,2,,POINT (-96.316284450884 42.576484143687)
2014779206,14-01414,01/14/2014,01-January,3-Tuesday,06:56,0600 Hours,District 5 (Southeast),BURLINGTON,DES MOINES,,OSBORN ST,Collision with:  Vehicle in traffic,On Roadway,Rear-end (front to rear),Other (explain in narrative):  No improper action,None Indicated,,Daylight,Ice/frost,Rain,"Surface condition (e.g., wet, icy)",Non-intersection:  Non-junction/no special feature,Paved,,Property Damage Only,0,0,0,0,0,0,1500,2,1,,POINT (-91.112619723804 40.822867411929)
2014779514,14-000389,01/14/2014,01-January,3-Tuesday,14:15,1400 Hours,District 6 (East Central),INDEPENDENCE,BUCHANAN,,2ND ST NW & 7TH AVE NW,Collision with:  Parked motor vehicle,On Roadway,Broadside (front to side),Improper Backing,None Indicated,,Daylight,Ice/frost,Cloudy,None apparent,Non-intersection:  Non-junction/no special feature,Paved,,Property Damage Only,0,0,0,0,0,0,3600,2,1,,POINT (-91.901448874043 42.46953598265)
2014781824,14-004465,01/14/2014,01-January,3-Tuesday,08:37,0800 Hours,District 2 (Northeast),,BLACK HAWK,I-380,I-380,Non-collision events:  Jackknife,Shoulder,Non-collision (single vehicle),Other (explain in narrative):  No improper action,None Indicated,,Dawn,Ice/frost,Severe winds,"Surface condition (e.g., wet, icy)",Non-intersection:  Non-junction/no special feature,Paved,,Property Damage Only,0,0,0,0,0,0,2000,1,1,,POINT (-92.188738201744 42.441075551399)
2014779582,201400718,01/14/2014,01-January,3-Tuesday,17:45,1700 Hours,District 6 (East Central),CEDAR RAPIDS,LINN,,OLD MARION RD NE,Collision with:  Vehicle in traffic,On Roadway,Broadside (front to side),Made improper turn,None Indicated,,Dark - roadway lighted,Snow,Snow,None apparent,Non-intersection:  Non-junction/no special feature,Paved,,Property Damage Only,0,0,0,0,0,0,6000,2,2,,POINT (-91.639731129873 42.026837816245)
2014779619,2014-0902,01/14/2014,01-January,3-Tuesday,09:59,0900 Hours,District 6 (East Central),,SCOTT,,Co Rd Y64/162 AVE,Collision with:  Vehicle in traffic,On Roadway,"Sideswipe, opposite direction",Crossed centerline (undivided),None Indicated,,Daylight,Slush,Snow,"Surface condition (e.g., wet, icy)",Non-intersection:  Non-junction/no special feature,Paved,,Property Damage Only,0,0,0,0,0,0,8000,2,3,,POINT (-90.583227281721 41.678081660109)
2014780569,2014002808,01/14/2014,01-January,3-Tuesday,06:15,0600 Hours,District 5 (Southeast),OSCEOLA,CLARKE,US 34,US 34/W MC LANE ST & WARREN AVE,Collision with:  Vehicle in traffic,On Roadway,"Sideswipe, same direction",Improper or erratic lane changing,None Indicated,,Dark - roadway lighted,Wet,Cloudy,None apparent,Non-intersection:  Non-junction/no special feature,Paved,,Property Damage Only,0,0,0,0,0,0,2000,2,2,,POINT (-93.788687117502 41.02800997525)
2014784969,14-000447,01/14/2014,01-January,3-Tuesday,14:04,1400 Hours,District 2 (Northeast),,FAYETTE,,Co Rd C33/100TH ST & V AVE,Collision with:  Vehicle in traffic,On Roadway,Rear-end (front to rear),Driving too fast for conditions,None Indicated,,Daylight,Snow,"Blowing sand, soil, dirt","Surface condition (e.g., wet, icy)",Non-intersection:  Non-junction/no special feature,Paved,,Property Damage Only,0,0,0,0,0,0,4000,2,3,,POINT (-92.021791922322 42.77324971195)
2014780638,14000607,01/14/2014,01-January,3-Tuesday,08:05,0800 Hours,District 6 (East Central),,CEDAR,,Co Rd F46/310TH & Co Rd X40/GARFIELD AVE,Collision with fixed object:  Ditch,On Roadway,Non-collision (single vehicle),Swerving/Evasive Action,None Indicated,,Daylight,Slush,"Sleet, hail","Surface condition (e.g., wet, icy)",Intersection:  Four-way intersection,Paved,,Property Damage Only,0,0,0,0,0,0,3000,1,1,,POINT (-91.249590439411 41.641621551114)
2014782089,14-00375,01/14/2014,01-January,3-Tuesday,01:24,0100 Hours,District 5 (Southeast),MOUNT PLEASANT,HENRY,,S GRAND AVE,Collision with:  Animal,,,Animal,None Indicated,,,,,,,Paved,,Property Damage Only,0,0,0,0,0,0,2000,1,1,,POINT (-91.53991248699 40.940965300805)
2014815333,,01/14/2014,01-January,3-Tuesday,15:30,1500 Hours,District 1 (Central),POLK CITY,POLK,,SHAWNEE AVE,Collision with fixed object:  Utility pole/light support,,,Unknown,None Indicated,,,,,,,Paved,,Property Damage Only,0,0,0,0,0,0,2422,1,1,,POINT (-93.668992890372 41.636205948585)
2014780720,02-14-930,01/14/2014,01-January,3-Tuesday,20:44,2000 Hours,District 6 (East Central),,DUBUQUE,US 151,US 151,Non-collision events:  Other non-collision (explain in narrative),On Roadway,Non-collision (single vehicle),Crossed centerline (undivided),None Indicated,,Dark - roadway not lighted,Ice/frost,Cloudy,"Surface condition (e.g., wet, icy)",Non-intersection:  Non-junction/no special feature,Paved,,Property Damage Only,0,0,0,0,0,0,10000,1,1,,POINT (-90.81759626501 42.355877982143)
2014779257,14-279,01/14/2014,01-January,3-Tuesday,07:30,0700 Hours,District 1 (Central),DES MOINES,POLK,,NE OAKHILL DR,Collision with:  Vehicle in traffic,On Roadway,Rear-end (front to rear),Driving too fast for conditions,None Indicated,,Daylight,Ice/frost,Cloudy,"Surface condition (e.g., wet, icy)",Intersection:  Y-intersection,Paved,,Property Damage Only,0,0,0,0,0,0,2600,2,2,,POINT (-93.504540593276 41.616292789719)
2014780015,14-001224,01/14/2014,01-January,3-Tuesday,05:18,0500 Hours,District 5 (Southeast),DONNELLSON,LEE,US 218,US 218,Non-collision events:  Other non-collision (explain in narrative),On Roadway,Non-collision (single vehicle),Driving too fast for conditions,None Indicated,,Dark - roadway not lighted,Ice/frost,"Sleet, hail","Surface condition (e.g., wet, icy)",Non-intersection:  Non-junction/no special feature,Paved,,Possible/Unknown,0,1,0,0,1,0,25200,2,3,,POINT (-91.564669278189 40.711083324326)
2014784251,140208,01/14/2014,01-January,3-Tuesday,06:45,0600 Hours,District 1 (Central),IOWA FALLS,HARDIN,US 65,US 65/OAK ST,Collision with fixed object:  Ditch,On Roadway,Non-collision (single vehicle),Ran off road - straight,None Indicated,,Dawn,Ice/frost,Cloudy,"Surface condition (e.g., wet, icy)",Non-intersection:  Non-junction/no special feature,Paved,,Possible/Unknown,0,1,0,0,1,0,2000,1,1,,POINT (-93.264108246665 42.531107367391)
2014779540,14006184,01/14/2014,01-January,3-Tuesday,05:17,0500 Hours,District 6 (East Central),,JOHNSON,I-380,I-380,Collision with:  Vehicle in traffic,On Roadway,Rear-end (front to rear),Lost Control,None Indicated,,Dark - roadway not lighted,Slush,Rain,"Surface condition (e.g., wet, icy)",Non-intersection:  Non-junction/no special feature,Paved,,Property Damage Only,0,0,0,0,0,0,6500,2,3,,POINT (-91.668078052591 41.852552318058)
2014780360,SO1400170,01/14/2014,01-January,3-Tuesday,02:26,0200 Hours,District 5 (Southeast),,JEFFERSON,,Co Rd H46/GLASGOW RD & Co Rd W40/WINTERGREEN BLVD/250TH ST,Collision with fixed object:  Ditch,Shoulder,Non-collision (single vehicle),Ran off road - right,None Indicated,,Dark - roadway not lighted,Dry,Cloudy,None apparent,Non-intersection:  Non-junction/no special feature,Paved,,Minor Injury,0,1,0,1,0,0,3100,1,4,,POINT (-91.751351878329 40.944151902639)
2014779607,14-0092,01/14/2014,01-January,3-Tuesday,09:00,0900 Hours,District 1 (Central),URBANDALE,POLK,,FRONTAGE RD,Collision with:  Vehicle in traffic,On Roadway,"Angle, oncoming left turn",FTYROW:  Making left turn,None Indicated,,Daylight,Dry,Cloudy,None apparent,Intersection:  Other intersection (explain in narrative),Paved,,Property Damage Only,0,0,0,0,0,0,4500,2,3,,POINT (-93.733552743896 41.628885577972)
2014780934,,01/14/2014,01-January,3-Tuesday,10:59,1000 Hours,District 2 (Northeast),,KOSSUTH,,Co Rd R14/240 AVE,Non-collision events:  Overturn/rollover,On Roadway,Non-collision (single vehicle),Crossed centerline (undivided),None Indicated,,Daylight,Ice/frost,Severe winds,"Surface condition (e.g., wet, icy)",Non-intersection:  Non-junction/no special feature,Paved,,Property Damage Only,0,0,0,0,0,0,4000,1,1,,POINT (-93.98971826632 43.234575423123)
2014780887,201400002231,01/14/2014,01-January,3-Tuesday,07:07,0700 Hours,District 5 (Southeast),OTTUMWA,WAPELLO,,E MAIN ST & WAVERLY AVE,Collision with fixed object:  Tree,Outside trafficway,Non-collision (single vehicle),Driving too fast for conditions,None Indicated,,Dawn,Ice/frost,"Sleet, hail",None apparent,Non-intersection:  Non-junction/no special feature,Paved,,Property Damage Only,0,0,0,0,0,0,2500,1,1,,POINT (-92.378891605062 41.005460600367)
2014779998,C14000147,01/14/2014,01-January,3-Tuesday,18:39,1800 Hours,District 6 (East Central),CORALVILLE,JOHNSON,US 6,US 6/2ND ST,Collision with:  Vehicle in traffic,On Roadway,Rear-end (front to rear),Followed too close,None Indicated,,Dark - roadway lighted,Ice/frost,Snow,"Surface condition (e.g., wet, icy)",Non-intersection:  Non-junction/no special feature,Paved,,Property Damage Only,0,0,0,0,0,0,2000,2,3,,POINT (-91.566192626605 41.669200481985)
2014779267,20140001189,01/14/2014,01-January,3-Tuesday,08:30,0800 Hours,District 1 (Central),DES MOINES,POLK,,LACONA AVE,Collision with fixed object:  Curb/island/raised median,On Roadway,Non-collision (single vehicle),Other (explain in narrative):  Other,None Indicated,,Daylight,Ice/frost,Cloudy,"Surface condition (e.g., wet, icy)",Intersection:  Other intersection (explain in narrative),Paved,,Property Damage Only,0,0,0,0,0,0,7000,1,1,,POINT (-93.620930961106 41.563607102244)
2014779264,20140001179,01/14/2014,01-January,3-Tuesday,08:15,0800 Hours,District 1 (Central),DES MOINES,POLK,,MC KINLEY AVE,Collision with:  Vehicle in traffic,On Roadway,"Sideswipe, opposite direction",Lost Control,None Indicated,,Daylight,Ice/frost,Cloudy,"Surface condition (e.g., wet, icy)",Non-intersection:  Non-junction/no special feature,Paved,,Property Damage Only,0,0,0,0,0,0,2250,2,3,,POINT (-93.674317081251 41.551407782862)
2014779363,W14-004548,01/14/2014,01-January,3-Tuesday,14:53,1400 Hours,District 2 (Northeast),WATERLOO,BLACK HAWK,,INDEPENDENCE AVE & COLORADO ST,Collision with:  Vehicle in traffic,On Roadway,"Angle, oncoming left turn",FTYROW:  Making left turn,None Indicated,,Daylight,Dry,Cloudy,None apparent,Intersection:  Four-way intersection,Paved,,Property Damage Only,0,0,0,0,0,0,3500,2,3,,POINT (-92.311998778932 42.498357474116)
2014779852,14-001753,01/14/2014,01-January,3-Tuesday,17:33,1700 Hours,District 4 (Southwest),COUNCIL BLUFFS,POTTAWATTAMIE,,MID AMERICA DR & 27TH AVE & S 24TH ST,Collision with:  Vehicle in traffic,On Roadway,"Sideswipe, same direction","Operating vehicle in an reckless, erratic, careless, negligent manner",Alcohol (Statutory),,Dark - roadway lighted,Dry,Clear,None apparent,Non-intersection:  Non-junction/no special feature,Paved,,Property Damage Only,0,0,0,0,0,0,4000,2,2,,POINT (-95.879176963792 41.235163667051)
2014779265,20140001182,01/14/2014,01-January,3-Tuesday,08:23,0800 Hours,District 1 (Central),DES MOINES,POLK,,E EMMA AVE & S UNION ST,Collision with:  Vehicle in traffic,On Roadway,Broadside (front to side),Ran Stop Sign,None Indicated,,Daylight,Ice/frost,Cloudy,"Surface condition (e.g., wet, icy)",Intersection:  T-intersection,Paved,,Property Damage Only,0,0,0,0,0,0,9500,2,3,,POINT (-93.616089727094 41.54255604507)
2014780494,14-000179,01/14/2014,01-January,3-Tuesday,11:50,1100 Hours,District 1 (Central),AMES,STORY,,BAUGHMAN RD & DOTSON DR,Collision with:  Vehicle in traffic,Outside trafficway,"Sideswipe, same direction",Lost Control,None Indicated,,Daylight,Dry,Snow,None apparent,Non-intersection:  Driveway access (within),Paved,,Property Damage Only,0,0,0,0,0,0,1800,2,1,,POINT (-93.671383250098 42.021244614405)
2014779204,14-001440,01/14/2014,01-January,3-Tuesday,10:49,1000 Hours,District 5 (Southeast),BURLINGTON,DES MOINES,,7TH ST,Collision with:  Vehicle in traffic,On Roadway,"Sideswipe, same direction",Lost Control,None Indicated,,Daylight,Wet,Cloudy,None apparent,Non-intersection:  Non-junction/no special feature,Paved,,Property Damage Only,0,0,0,0,0,0,1500,2,2,,POINT (-91.108097886824 40.803399515728)
2014781924,2014-3054,01/14/2014,01-January,3-Tuesday,11:26,1100 Hours,District 6 (East Central),DAVENPORT,SCOTT,,W 17TH ST,Collision with:  Parked motor vehicle,On Roadway,Rear-end (front to rear),"Operating vehicle in an reckless, erratic, careless, negligent manner",None Indicated,,Daylight,Wet,Cloudy,None apparent,Non-intersection:  Non-junction/no special feature,Paved,,Property Damage Only,0,0,0,0,0,0,7000,2,1,,POINT (-90.608838066249 41.536497526496)
2014779451,20140001237,01/14/2014,01-January,3-Tuesday,17:24,1700 Hours,District 1 (Central),DES MOINES,POLK,US 6,US 6/EUCLID AVE & 6TH AVE,Collision with:  Vehicle in traffic,On Roadway,Rear-end (front to rear),Followed too close,None Indicated,,Dark - roadway lighted,Dry,Cloudy,None apparent,Intersection:  Four-way intersection,Paved,,Property Damage Only,0,0,0,0,0,0,6500,2,3,,POINT (-93.624774368284 41.627645768045)
2014780495,14-000184,01/14/2014,01-January,3-Tuesday,17:33,1700 Hours,District 1 (Central),AMES,STORY,,MILLER AVE & MORTENSON RD,Collision with:  Vehicle in traffic,On Roadway,Rear-end (front to rear),Other (explain in narrative):  Other,None Indicated,,Dark - roadway lighted,Dry,Clear,None apparent,Non-intersection:  Non-junction/no special feature,Paved,,Property Damage Only,0,0,0,0,0,0,6000,2,2,,POINT (-93.686919600338 42.013686239507)
2014779450,20140001230,01/14/2014,01-January,3-Tuesday,16:45,1600 Hours,District 1 (Central),DES MOINES,POLK,,E DOUGLAS AVE & E 42ND ST,Collision with:  Vehicle in traffic,On Roadway,Broadside (front to side),Ran Stop Sign,None Indicated,,Dusk,Dry,Cloudy,None apparent,Intersection:  Four-way intersection,Paved,,Property Damage Only,0,0,0,0,0,0,7000,2,2,,POINT (-93.532100437969 41.629598287607)
2014783239,14-1165,01/14/2014,01-January,3-Tuesday,19:48,1900 Hours,District 1 (Central),NEWTON,JASPER,,E 21ST ST S,Non-collision events:  Other non-collision (explain in narrative),On Roadway,Non-collision (single vehicle),Swerving/Evasive Action,None Indicated,,Dark - roadway lighted,Ice/frost,Severe winds,"Surface condition (e.g., wet, icy)",Non-intersection:  Other non-intersection (explain in narrative),Paved,,Property Damage Only,0,0,0,0,0,0,2000,1,1,,POINT (-93.025466253801 41.697921559107)
2014779273,20140001172,01/14/2014,01-January,3-Tuesday,07:53,0700 Hours,District 1 (Central),DES MOINES,POLK,,WOLCOTT AVE & MC KINLEY AVE & SW 42ND ST,Collision with:  Vehicle in traffic,On Roadway,Rear-end (front to rear),Lost Control,None Indicated,,Daylight,Ice/frost,Cloudy,"Surface condition (e.g., wet, icy)",Intersection:  T-intersection,Paved,,Property Damage Only,0,0,0,0,0,0,4000,2,3,,POINT (-93.674356795949 41.551767842339)
2014779255,13-275,01/14/2014,01-January,3-Tuesday,03:20,0300 Hours,District 1 (Central),POLK CITY,POLK,IA 415,IA 415/NW 35TH ST,Collision with fixed object:  Other fixed object (explain in narrative),Outside trafficway,Non-collision (single vehicle),Driving too fast for conditions,Alcohol (< Statutory),,Dark - roadway not lighted,Ice/frost,"Sleet, hail","Surface condition (e.g., wet, icy)",Intersection:  Other intersection (explain in narrative),Paved,,Minor Injury,0,1,0,1,0,0,22000,1,4,,POINT (-93.655050040931 41.702236373616)
2014779978,14-056,01/14/2014,01-January,3-Tuesday,14:44,1400 Hours,District 3 (Northwest),SPIRIT LAKE,DICKINSON,US 71,US 71 & 250TH AVE,Collision with:  Vehicle in traffic,On Roadway,"Sideswipe, opposite direction",Driving too fast for conditions,None Indicated,,Daylight,Snow,Snow,"Surface condition (e.g., wet, icy)",Intersection:  T-intersection,Paved,,Property Damage Only,0,0,0,0,0,0,1650,2,2,,POINT (-95.092865924425 43.426346921321)
2014779609,14-0094,01/14/2014,01-January,3-Tuesday,10:45,1000 Hours,District 1 (Central),URBANDALE,POLK,US 6,US 6/HICKMAN RD,Collision with:  Vehicle in traffic,On Roadway,Broadside (front to side),Ran Traffic Signal,None Indicated,,Daylight,Dry,Cloudy,None apparent,Intersection:  Intersection with ramp,Paved,,Possible/Unknown,0,1,0,0,1,0,15000,2,3,,POINT (-93.776063126367 41.614897534077)
2014779776,201400134,01/14/2014,01-January,3-Tuesday,09:30,0900 Hours,District 6 (East Central),,LINN,IA 1,IA 1/IOWA 1,Non-collision events:  Overturn/rollover,On Roadway,Non-collision (single vehicle),Other (explain in narrative):  No improper action,None Indicated,,Daylight,Ice/frost,Cloudy,"Surface condition (e.g., wet, icy)",Non-intersection:  Non-junction/no special feature,Paved,,Property Damage Only,0,0,0,0,0,0,40000,1,1,,POINT (-91.443972884532 41.897405695761)
2014780017,14-001234,01/14/2014,01-January,3-Tuesday,06:34,0600 Hours,District 5 (Southeast),,LEE,,RIVER HILLS DR,Collision with fixed object:  Ditch,,,Lost Control,None Indicated,,,,,,,Paved,,Property Damage Only,0,0,0,0,0,0,4000,1,1,,POINT (-91.371114009081 40.63625914597)
2014779454,14-0223,01/14/2014,01-January,3-Tuesday,15:11,1500 Hours,District 4 (Southwest),WEST DES MOINES,DALLAS,,JORDAN CREEK PKWY,Collision with:  Vehicle in traffic,On Roadway,Rear-end (front to rear),Driver Distraction:  Reaching for object(s)/fallen object(s),None Indicated,,Daylight,Dry,Cloudy,None apparent,Intersection:  Four-way intersection,Paved,,Possible/Unknown,0,1,0,0,1,0,1350,2,3,,POINT (-93.809256872908 41.57318149597)