Iowa DOT Case Number,Law Enforcement Case Number,Date of Crash,Month of Crash,Day of Week,Time of Crash,Hour,DOT District,City Name,County Name,Route with System,Location Description,First Harmful Event,Location of First Harmful Event,Manner of Crash/Collision,Major Cause,Drug or Alcohol ,Environmental Conditions,Light Conditions,Surface Conditions,Weather Conditions,Roadway Contribution,Roadway Type,Roadway Surface,Work Zone,Crash Severity,Number of Fatalities,Number of Injuries,Number of Major Injuries,Number of Minor Injuries,Number of Possible Injuries,Number of Unknown Injuries,Amount of Property Damage,Number of Vehicles Involved,Total Number of Occupants,Travel Direction,Location
2014779478,2014003024,01/14/2014,01-January,3-Tuesday,16:50,1600 Hours,District 3 (Northwest),,SIOUX,,Co Rd B46/420TH ST & Co Rd K42/GARFIELD AVE,Collision with:  Vehicle in traffic,On Roadway,Rear-end (front to rear),Followed too close,None Indicated,,Dusk,Dry,Severe winds,None apparent,Intersection:  Four-way intersection,Paved,,Possible/Unknown,0,2,0,0,2,0,6700,2,3,,POINT (-96.233922579641 43.04103044474)
2014780047,14011,01/14/2014,01-January,3-Tuesday,10:15,1000 Hours,District 5 (Southeast),PELLA,MARION,,MAIN ST,Collision with:  Vehicle in traffic,On Roadway,Rear-end (front to rear),Made improper turn,None Indicated,,Daylight,Wet,Cloudy,None apparent,Non-intersection:  Non-junction/no special feature,Paved,,Property Damage Only,0,0,0,0,0,0,2700,2,2,,POINT (-92.916464780847 41.407433350136)
2014779524,14000361,01/14/2014,01-January,3-Tuesday,09:45,0900 Hours,District 6 (East Central),,DELAWARE,,Co Rd D5X/JEFFERSON RD,Collision with fixed object:  Ditch,On Roadway,Non-collision (single vehicle),Ran off road - right,None Indicated,,Daylight,Ice/frost,Snow,"Surface condition (e.g., wet, icy)",Non-intersection:  Non-junction/no special feature,Paved,,Property Damage Only,0,0,0,0,0,0,2000,1,1,,POINT (-91.422555449898 42.467546927548)
2014779646,14-000055,01/14/2014,01-January,3-Tuesday,08:52,0800 Hours,District 1 (Central),,STORY,,Co Rd R70/585TH AVE,Collision with:  Vehicle in traffic,On Roadway,"Sideswipe, opposite direction",Crossed centerline (undivided),None Indicated,,Daylight,Dry,Cloudy,None apparent,Non-intersection:  Non-junction/no special feature,Paved,,Possible/Unknown,0,2,0,0,2,0,15000,2,2,,POINT (-93.53136014755 41.88383346339)
2014785828,14000176,01/14/2014,01-January,3-Tuesday,06:05,0600 Hours,District 5 (Southeast),,KEOKUK,,Co Rd G29/170TH ST,Collision with fixed object:  Ditch,On Roadway,Non-collision (single vehicle),Ran off road - left,None Indicated,,Dark - roadway not lighted,Ice/frost,Severe winds,None apparent,Non-intersection:  Non-junction/no special feature,Paved,,Property Damage Only,0,0,0,0,0,0,8000,1,1,,POINT (-92.368054358872 41.408799825765)
2014779430,14-288,01/14/2014,01-January,3-Tuesday,13:05,1300 Hours,District 1 (Central),GRIMES,POLK,IA 141,IA 141/IOWA 141 & SE 37TH ST,Collision with:  Vehicle in traffic,On Roadway,"Angle, oncoming left turn",Ran Traffic Signal,None Indicated,,Daylight,Dry,Cloudy,None apparent,Intersection:  Four-way intersection,Paved,,Property Damage Only,0,0,0,0,0,0,8000,2,3,,POINT (-93.775013102497 41.658508187682)
2014779543,2014000429,01/14/2014,01-January,3-Tuesday,22:29,2200 Hours,District 6 (East Central),IOWA CITY,JOHNSON,,PLAEN VIEW DR & MORMON TREK BLVD,Collision with fixed object:  Tree,Outside trafficway,Non-collision (single vehicle),Ran off road - right,Alcohol (Statutory),,Dark - roadway not lighted,Dry,Cloudy,None apparent,Intersection:  T-intersection,Paved,,Property Damage Only,0,0,0,0,0,0,9100,1,1,,POINT (-91.574043504684 41.642214485637)
2014780891,201400002218,01/14/2014,01-January,3-Tuesday,04:38,0400 Hours,District 5 (Southeast),OTTUMWA,WAPELLO,,E MARY ST,Collision with:  Vehicle in traffic,On Roadway,Rear-end (front to rear),Driving too fast for conditions,None Indicated,,Dark - roadway lighted,Ice/frost,"Sleet, hail","Surface condition (e.g., wet, icy)",Non-intersection:  Non-junction/no special feature,Paved,,Possible/Unknown,0,2,0,0,2,0,6850,3,5,,POINT (-92.410438891682 40.994816466507)
2014779753,32003-14,01/14/2014,01-January,3-Tuesday,06:20,0600 Hours,District 3 (Northwest),,EMMET,IA 15,IA 15/IOWA 15,Collision with fixed object:  Other fixed object (explain in narrative),On Roadway,Non-collision (single vehicle),Swerving/Evasive Action,None Indicated,,Dark - roadway not lighted,Ice/frost,Snow,"Surface condition (e.g., wet, icy)",Non-intersection:  Non-junction/no special feature,Paved,,Minor Injury,0,1,0,1,0,0,600,1,1,,POINT (-94.452319326009 43.439322436704)
2014782265,2014-00425,01/14/2014,01-January,3-Tuesday,17:08,1700 Hours,District 6 (East Central),IOWA CITY,JOHNSON,,VALLEY AVE,Collision with:  Parked motor vehicle,On Roadway,"Sideswipe, same direction",Other (explain in narrative):  Other,None Indicated,,Dark - roadway lighted,Wet,Snow,"Surface condition (e.g., wet, icy)",Non-intersection:  Non-junction/no special feature,Paved,,Property Damage Only,0,0,0,0,0,0,2200,2,1,,POINT (-91.552645334152 41.664797430491)
2014779258,14-280,01/14/2014,01-January,3-Tuesday,08:00,0800 Hours,District 1 (Central),,POLK,IA 415,IA 415/2ND AVE,Collision with:  Vehicle in traffic,On Roadway,Rear-end (front to rear),Other (explain in narrative):  Other,None Indicated,,Daylight,Wet,Cloudy,None apparent,Non-intersection:  Non-junction/no special feature,Paved,,Property Damage Only,0,0,0,0,0,0,3000,2,2,,POINT (-93.620051992164 41.654737882684)
2014780450,2014-750,01/14/2014,01-January,3-Tuesday,06:57,0600 Hours,District 6 (East Central),BETTENDORF,SCOTT,,CENTRAL AVE & DEVILS GLEN RD,Collision with:  Vehicle in traffic,On Roadway,Broadside (front to side),Driving too fast for conditions,None Indicated,,Daylight,Snow,Snow,"Surface condition (e.g., wet, icy)",Non-intersection:  Non-junction/no special feature,Paved,,Property Damage Only,0,0,0,0,0,0,6000,2,2,,POINT (-90.482696734395 41.531669376192)
2014779761,4514-003,01/14/2014,01-January,3-Tuesday,06:37,0600 Hours,District 2 (Northeast),,HOWARD,US 63,US 63,Collision with:  Vehicle in traffic,On Roadway,Rear-end (front to rear),Crossed centerline (undivided),None Indicated,,Dawn,Snow,Snow,None apparent,Non-intersection:  Non-junction/no special feature,Paved,,Property Damage Only,0,0,0,0,0,0,3000,2,2,,POINT (-92.34009417063 43.478084758656)
2014779896,2014-3169,01/14/2014,01-January,3-Tuesday,19:32,1900 Hours,District 6 (East Central),DAVENPORT,SCOTT,I-80,I-80 & IA 130/NEW LIBERTY RD,Collision with:  Vehicle in traffic,On Roadway,Unknown,Unknown,None Indicated,,Dark - roadway lighted,Snow,Snow,None apparent,Non-intersection:  Non-junction/no special feature,Paved,,Property Damage Only,0,0,0,0,0,0,3000,2,2,,POINT (-90.617830845392 41.598747398221)
2014780350,14-070114-02,01/14/2014,01-January,3-Tuesday,04:25,0400 Hours,District 6 (East Central),,IOWA,,Co Rd V66/M AVE,Non-collision events:  Overturn/rollover,Roadside,Non-collision (single vehicle),Driving too fast for conditions,None Indicated,,Dark - roadway not lighted,Ice/frost,"Sleet, hail","Surface condition (e.g., wet, icy)",Non-intersection:  Non-junction/no special feature,Paved,,Possible/Unknown,0,1,0,0,1,0,3300,1,1,,POINT (-92.065979924486 41.622693735885)
2014783496,2014-000115,01/14/2014,01-January,3-Tuesday,08:40,0800 Hours,District 2 (Northeast),,ALLAMAKEE,,PRAIRIE DR,Collision with fixed object:  Ditch,On Roadway,Non-collision (single vehicle),Ran off road - right,None Indicated,,Daylight,Snow,"Blowing sand, soil, dirt","Surface condition (e.g., wet, icy)",Non-intersection:  Non-junction/no special feature,Unpaved,,Possible/Unknown,0,1,0,0,1,0,150000,1,1,,POINT (-91.560739793609 43.283865363515)
2014780016,14-001225,01/14/2014,01-January,3-Tuesday,05:33,0500 Hours,District 5 (Southeast),,LEE,,Co Rd J62/255 ST,Collision with:  Vehicle in traffic,On Roadway,"Sideswipe, opposite direction",Separation of units,None Indicated,,Dark - roadway not lighted,Ice/frost,"Sleet, hail","Surface condition (e.g., wet, icy)",Intersection:  Other intersection (explain in narrative),Paved,,Property Damage Only,0,0,0,0,0,0,3300,2,2,,POINT (-91.563330525254 40.590381775926)
2014785824,AP01141401,01/14/2014,01-January,3-Tuesday,08:30,0800 Hours,District 5 (Southeast),,KEOKUK,,Co Rd G29/170TH ST,Collision with fixed object:  Bridge overhead structure,On Roadway,Non-collision (single vehicle),Crossed centerline (undivided),None Indicated,,Dawn,Ice/frost,Severe winds,"Surface condition (e.g., wet, icy)",Non-intersection:  Non-junction/no special feature,Paved,,Fatal,1,0,0,0,0,0,10000,1,1,,POINT (-92.365314541115 41.408793752846)
2014779967,14-01398,01/14/2014,01-January,3-Tuesday,06:12,0600 Hours,District 5 (Southeast),BURLINGTON,DES MOINES,,AGENCY ST,Collision with fixed object:  Utility pole/light support,On Roadway,Non-collision (single vehicle),Downhill runaway,None Indicated,,Unknown,Ice/frost,"Sleet, hail",None apparent,Non-intersection:  Non-junction/no special feature,Paved,,Major Injury,0,2,2,0,0,0,15000,1,3,,POINT (-91.116337167259 40.813857325745)
2014783416,2014-3001,01/14/2014,01-January,3-Tuesday,06:54,0600 Hours,District 6 (East Central),DAVENPORT,SCOTT,US 6,US 6/W KIMBERLY RD,Collision with:  Vehicle in traffic,On Roadway,Rear-end (front to rear),Lost Control,None Indicated,,Dawn,Slush,Snow,"Surface condition (e.g., wet, icy)",Intersection:  Four-way intersection,Paved,,Property Damage Only,0,0,0,0,0,0,2200,2,2,,POINT (-90.590580472628 41.560100291511)
2014779416,14000939,01/14/2014,01-January,3-Tuesday,09:58,0900 Hours,District 6 (East Central),MARION,LINN,,TOWER TERRACE RD,Collision with fixed object:  Utility pole/light support,Roadside,Rear-end (front to rear),Ran off road - right,None Indicated,,Daylight,Ice/frost,Severe winds,"Surface condition (e.g., wet, icy)",Non-intersection:  Non-junction/no special feature,Paved,,Possible/Unknown,0,1,0,0,1,0,9000,2,2,,POINT (-91.601655071024 42.057767212274)
2014780649,CL14000111,01/14/2014,01-January,3-Tuesday,07:08,0700 Hours,District 6 (East Central),CLINTON,CLINTON,US 30,US 30/8TH AVE S,Collision with:  Vehicle in traffic,On Roadway,Rear-end (front to rear),FTYROW:  Other (explain in narrative),None Indicated,,Daylight,Snow,Cloudy,"Surface condition (e.g., wet, icy)",Non-intersection:  Non-junction/no special feature,Paved,,Property Damage Only,0,0,0,0,0,0,4500,2,2,,POINT (-90.192179978168 41.837803506577)
2014779375,14000663,01/14/2014,01-January,3-Tuesday,12:13,1200 Hours,District 2 (Northeast),MASON CITY,CERRO GORDO,,19TH ST SW,Non-collision events:  Other non-collision (explain in narrative),On Roadway,Non-collision (single vehicle),Lost Control,None Indicated,,Daylight,Ice/frost,Snow,"Surface condition (e.g., wet, icy)",Non-intersection:  Non-junction/no special feature,Paved,,Property Damage Only,0,0,0,0,0,0,4500,1,1,,POINT (-93.26358797989 43.133656390777)
2014779472,14010255,01/14/2014,01-January,3-Tuesday,05:28,0500 Hours,District 5 (Southeast),,WAPELLO,,73RD ST,Collision with:  Vehicle in traffic,Shoulder,Head-on (front to front),Crossed centerline (undivided),None Indicated,,Dark - roadway not lighted,Ice/frost,"Sleet, hail","Surface condition (e.g., wet, icy)",Non-intersection:  Non-junction/no special feature,Paved,,Property Damage Only,0,0,0,0,0,0,7000,2,2,,POINT (-92.371883305487 41.014682998779)
2014779452,20140001242,01/14/2014,01-January,3-Tuesday,18:30,1800 Hours,District 1 (Central),DES MOINES,POLK,,UNIVERSITY AVE & 13TH ST,Collision with:  Vehicle in traffic,On Roadway,"Angle, oncoming left turn",FTYROW:  Making left turn,None Indicated,,Dark - roadway lighted,Dry,Cloudy,None apparent,Intersection:  Four-way intersection,Paved,,Property Damage Only,0,0,0,0,0,0,6000,2,2,,POINT (-93.634195747011 41.600437441889)
2014779610,14-0096,01/14/2014,01-January,3-Tuesday,18:36,1800 Hours,District 1 (Central),URBANDALE,POLK,,86TH ST,Collision with:  Vehicle in traffic,On Roadway,Broadside (front to side),FTYROW:  From stop sign,None Indicated,,Dark - roadway lighted,Dry,Cloudy,None apparent,Intersection:  Four-way intersection,Paved,,Possible/Unknown,0,1,0,0,1,0,9000,2,2,,POINT (-93.736501826781 41.615860363186)
2014779645,2014-3025,01/14/2014,01-January,3-Tuesday,09:15,0900 Hours,District 6 (East Central),DAVENPORT,SCOTT,,E LOCUST ST,Collision with:  Vehicle in traffic,On Roadway,Rear-end (front to rear),Lost Control,None Indicated,,Daylight,Wet,Cloudy,None apparent,Non-intersection:  Driveway access (within),Paved,,Property Damage Only,0,0,0,0,0,0,7500,3,5,,POINT (-90.559001133085 41.538295879389)
2014779750,14-01437,01/14/2014,01-January,3-Tuesday,06:20,0600 Hours,District 5 (Southeast),BURLINGTON,DES MOINES,,ELM ST & CENTRAL AVE,Collision with:  Vehicle in traffic,On Roadway,Rear-end (front to rear),Lost Control,None Indicated,,Dark - roadway lighted,Ice/frost,"Sleet, hail","Surface condition (e.g., wet, icy)",Non-intersection:  Non-junction/no special feature,Paved,,Property Damage Only,0,0,0,0,0,0,2000,2,2,,POINT (-91.112700112174 40.805393576992)
2014779604,20140001227,01/14/2014,01-January,3-Tuesday,16:09,1600 Hours,District 1 (Central),DES MOINES,POLK,,PARK AVE & SW 42ND ST,Collision with:  Vehicle in traffic,On Roadway,Broadside (front to side),Ran Traffic Signal,None Indicated,,Daylight,Dry,Cloudy,None apparent,Intersection:  T-intersection,Paved,,Property Damage Only,0,0,0,0,0,0,18000,2,2,,POINT (-93.67436004949 41.555541879112)
2014779456,14-001680,01/14/2014,01-January,3-Tuesday,09:51,0900 Hours,District 4 (Southwest),COUNCIL BLUFFS,POTTAWATTAMIE,I-29,I-29,Collision with:  Other non-fixed object (explain in narrative),On Roadway,Non-collision (single vehicle),Other (explain in narrative):  No improper action,None Indicated,,Daylight,Dry,Severe winds,Work Zone (roadway-related),Non-intersection:  Non-junction/no special feature,Paved,Yes,Property Damage Only,0,0,0,0,0,0,6200,1,1,,POINT (-95.900693401708 41.238243750973)
2014781755,2014002821,01/14/2014,01-January,3-Tuesday,06:12,0600 Hours,District 5 (Southeast),,WAYNE,,Co Rd J22/J22,Non-collision events:  Overturn/rollover,On Roadway,Non-collision (single vehicle),Driving too fast for conditions,None Indicated,,Dark - roadway not lighted,Ice/frost,Severe winds,"Surface condition (e.g., wet, icy)",Non-intersection:  Non-junction/no special feature,Paved,,Major Injury,0,1,1,0,0,0,12000,1,1,,POINT (-93.520128782507 40.855666103982)
2014779533,9-2014,01/14/2014,01-January,3-Tuesday,18:30,1800 Hours,District 4 (Southwest),,HARRISON,,Co Rd F14/110TH ST,Collision with:  Animal,,,Animal,None Indicated,,,,,,,Unpaved,,Property Damage Only,0,0,0,0,0,0,2000,1,1,,POINT (-95.893131033416 41.835171338984)
2014783803,14-0000281,01/14/2014,01-January,3-Tuesday,11:30,1100 Hours,District 2 (Northeast),,CLAYTON,,Co Rd W7C/CRYSTAL RD,Collision with fixed object:  Ditch,On Roadway,Non-collision (single vehicle),Swerving/Evasive Action,None Indicated,,Daylight,Snow,"Blowing sand, soil, dirt","Surface condition (e.g., wet, icy)",Non-intersection:  Non-junction/no special feature,Unpaved,,Property Damage Only,0,0,0,0,0,0,5000,1,1,,POINT (-91.476962784673 42.705342943074)
2014780713,01-14-2017,01/14/2014,01-January,3-Tuesday,07:43,0700 Hours,District 6 (East Central),DUBUQUE,DUBUQUE,,HILLCREST RD,Collision with:  Parked motor vehicle,On Roadway,Rear-end (front to rear),Lost Control,None Indicated,,Daylight,Snow,Snow,"Surface condition (e.g., wet, icy)",Non-intersection:  Non-junction/no special feature,Paved,,Property Damage Only,0,0,0,0,0,0,8500,3,1,,POINT (-90.724541920293 42.507366057073)
2014779413,14000929,01/14/2014,01-January,3-Tuesday,05:53,0500 Hours,District 6 (East Central),MARION,LINN,,LINDALE DR,Collision with fixed object:  Utility pole/light support,Roadside,Non-collision (single vehicle),Ran off road - left,None Indicated,,Dark - roadway lighted,Ice/frost,"Sleet, hail","Surface condition (e.g., wet, icy)",Non-intersection:  Non-junction/no special feature,Paved,,Property Damage Only,0,0,0,0,0,0,1600,1,1,,POINT (-91.620496142476 42.034308638098)
2014780312,14000380,01/14/2014,01-January,3-Tuesday,07:19,0700 Hours,District 6 (East Central),,BUCHANAN,IA 150,IA 150/JAMESTOWN AVE,Collision with:  Vehicle in traffic,On Roadway,"Sideswipe, same direction",Driving too fast for conditions,None Indicated,,Daylight,Ice/frost,"Blowing sand, soil, dirt","Surface condition (e.g., wet, icy)",Non-intersection:  Non-junction/no special feature,Paved,,Property Damage Only,0,0,0,0,0,0,1500,2,5,,POINT (-91.889964206458 42.531537830528)
2014780932,,01/14/2014,01-January,3-Tuesday,15:40,1500 Hours,District 2 (Northeast),,FLOYD,US 18,US 18,,On Roadway,Non-collision (single vehicle),Swerving/Evasive Action,None Indicated,,Daylight,Wet,"Blowing sand, soil, dirt",,,Paved,,Property Damage Only,0,0,0,0,0,0,6000,1,1,,POINT (-92.832236951846 43.12652504537)
2014779383,CL14000119,01/14/2014,01-January,3-Tuesday,17:20,1700 Hours,District 6 (East Central),CLINTON,CLINTON,US 30,US 30 & CAMANCHE/ANAMOSA RD,Collision with:  Vehicle in traffic,On Roadway,Rear-end (front to rear),Followed too close,None Indicated,,Dark - roadway lighted,Dry,Cloudy,None apparent,Non-intersection:  Non-junction/no special feature,Paved,,Property Damage Only,0,0,0,0,0,0,6000,2,2,,POINT (-90.296412454618 41.815414041395)
2014779422,14-001041,01/14/2014,01-January,3-Tuesday,04:46,0400 Hours,District 5 (Southeast),,MARION,,Co Rd T17/HWY T17,Collision with fixed object:  Guardrail - face,On Roadway,Non-collision (single vehicle),Swerving/Evasive Action,None Indicated,,Dark - roadway not lighted,Ice/frost,"Sleet, hail","Surface condition (e.g., wet, icy)",Non-intersection:  Non-junction/no special feature,Paved,,Property Damage Only,0,0,0,0,0,0,3000,1,1,,POINT (-92.914336267629 41.370113184662)
2014779374,14000647,01/14/2014,01-January,3-Tuesday,08:37,0800 Hours,District 2 (Northeast),MASON CITY,CERRO GORDO,,S TAFT AVE & BRIARSTONE DR,Collision with:  Vehicle in traffic,On Roadway,Broadside (front to side),FTYROW:  From stop sign,None Indicated,,Daylight,Ice/frost,"Sleet, hail","Surface condition (e.g., wet, icy)",Intersection:  T-intersection,Paved,,Minor Injury,0,2,0,2,0,0,3500,2,4,,POINT (-93.240575014714 43.14407169073)
2014779207,14-01420,01/14/2014,01-January,3-Tuesday,07:21,0700 Hours,District 5 (Southeast),BURLINGTON,DES MOINES,,SPRUCE ST & 6TH ST,Collision with:  Vehicle in traffic,On Roadway,"Sideswipe, same direction",Other (explain in narrative):  No improper action,None Indicated,,Daylight,Ice/frost,Rain,"Surface condition (e.g., wet, icy)",Non-intersection:  Non-junction/no special feature,Paved,,Property Damage Only,0,0,0,0,0,0,1500,4,1,,POINT (-91.106274096794 40.801252749592)
2014781756,2014002840,01/14/2014,01-January,3-Tuesday,07:54,0700 Hours,District 5 (Southeast),,WAYNE,IA 2,IA 2/IOWA 2,Collision with:  Animal,On Roadway,Non-collision (single vehicle),Animal,None Indicated,,Daylight,Wet,Severe winds,None apparent,Non-intersection:  Non-junction/no special feature,Paved,,Property Damage Only,0,0,0,0,0,0,2400,1,1,,POINT (-93.534306745582 40.761057290698)
2014780889,201400002296,01/14/2014,01-January,3-Tuesday,13:48,1300 Hours,District 5 (Southeast),OTTUMWA,WAPELLO,,INDIAN HILLS COM COL-URBA & INDIAN HILLS DR,Collision with fixed object:  Tree,Outside trafficway,Non-collision (single vehicle),Lost Control,None Indicated,,Daylight,Dry,Cloudy,None apparent,Non-intersection:  Non-junction/no special feature,Paved,,Possible/Unknown,0,1,0,0,1,0,2000,1,1,,POINT (-92.393697490745 41.045526510616)
2014779263,20140001178,01/14/2014,01-January,3-Tuesday,08:00,0800 Hours,District 1 (Central),DES MOINES,POLK,,SW 9TH ST,Collision with:  Vehicle in traffic,On Roadway,Rear-end (front to rear),Other (explain in narrative):  Other,None Indicated,,Daylight,Wet,Cloudy,None apparent,Non-intersection:  Non-junction/no special feature,Paved,,Possible/Unknown,0,1,0,0,1,0,6000,2,3,,POINT (-93.624744724531 41.563604457838)
2014779354,14004447,01/14/2014,01-January,3-Tuesday,07:43,0700 Hours,District 2 (Northeast),CEDAR FALLS,BLACK HAWK,,4TH ST & HUDSON RD,Collision with fixed object:  Traffic sign support,Median,Non-collision (single vehicle),Driving too fast for conditions,None Indicated,,Daylight,Ice/frost,Cloudy,"Surface condition (e.g., wet, icy)",Intersection:  Other intersection (explain in narrative),Paved,,Property Damage Only,0,0,0,0,0,0,1500,1,1,,POINT (-92.465517141963 42.534920349578)
2014780242,2014002816,01/14/2014,01-January,3-Tuesday,06:45,0600 Hours,District 6 (East Central),,CEDAR,I-80,I-80,Collision with:  Vehicle in traffic,On Roadway,Rear-end (front to rear),Followed too close,None Indicated,,Dawn,Wet,"Sleet, hail",None apparent,Non-intersection:  Non-junction/no special feature,Paved,,Property Damage Only,0,0,0,0,0,0,6000,2,2,,POINT (-91.215370188376 41.659910197657)
2014779471,14010258,01/14/2014,01-January,3-Tuesday,05:32,0500 Hours,District 5 (Southeast),OTTUMWA,WAPELLO,US 34,US 34 & ROEMER AVE,Collision with:  Vehicle in traffic,On Roadway,Broadside (front to side),Crossed centerline (undivided),None Indicated,,Dark - roadway lighted,Ice/frost,"Sleet, hail","Surface condition (e.g., wet, icy)",Intersection:  Four-way intersection,Paved,,Property Damage Only,0,0,0,0,0,0,2300,2,2,,POINT (-92.388653149422 41.009449349793)
2014780714,01-14-2062,01/14/2014,01-January,3-Tuesday,14:38,1400 Hours,District 6 (East Central),DUBUQUE,DUBUQUE,IA 32,IA 32/IA32 NW ARTERIAL & ASBURY RD,Collision with:  Vehicle in traffic,On Roadway,Broadside (front to side),Ran Traffic Signal,None Indicated,,Daylight,Dry,Cloudy,None apparent,Intersection:  Four-way intersection,Paved,,Major Injury,0,2,2,0,0,0,3300,2,3,,POINT (-90.740930416656 42.515299870587)
2014780346,14-060114-01,01/14/2014,01-January,3-Tuesday,17:20,1700 Hours,District 6 (East Central),,IOWA,US 6,US 6,Collision with:  Animal,,,Animal,None Indicated,,,,,,,Paved,,Property Damage Only,0,0,0,0,0,0,1500,1,1,,POINT (-91.885654191279 41.763549996132)
2014780241,2014002806,01/14/2014,01-January,3-Tuesday,06:00,0600 Hours,District 6 (East Central),,CEDAR,I-80,I-80,Collision with fixed object:  Guardrail - face,Median,Non-collision (single vehicle),Ran off road - left,None Indicated,,Dark - roadway not lighted,Ice/frost,"Sleet, hail",None apparent,Non-intersection:  Non-junction/no special feature,Paved,,Possible/Unknown,0,1,0,0,1,0,2500,1,1,,POINT (-90.921988496143 41.634047648154)
2014784080,,01/14/2014,01-January,3-Tuesday,01:01,0100 Hours,District 2 (Northeast),HAMPTON,FRANKLIN,IA 3,IA 3/CENTRAL AVE E,Collision with fixed object:  Traffic sign support,Shoulder,Non-collision (single vehicle),Ran off road - right,None Indicated,,Dark - roadway lighted,Wet,Clear,None apparent,Non-intersection:  Non-junction/no special feature,Paved,,Minor Injury,0,1,0,1,0,0,5100,1,1,,POINT (-93.205305468478 42.741843160319)
2014779423,14-001044,01/14/2014,01-January,3-Tuesday,05:52,0500 Hours,District 5 (Southeast),,MARION,IA 5,IA 5/IOWA 5,Collision with:  Animal,,,Animal,None Indicated,,,,,,,Paved,,Property Damage Only,0,0,0,0,0,0,6000,1,1,,POINT (-93.291931465923 41.410336065028)
2014779386,14-1392,01/14/2014,01-January,3-Tuesday,05:54,0500 Hours,District 5 (Southeast),BURLINGTON,DES MOINES,,WEST AVE & GARFIELD AVE,Collision with:  Other non-fixed object (explain in narrative),On Roadway,Non-collision (single vehicle),Driving too fast for conditions,None Indicated,,Dark - roadway lighted,Ice/frost,"Sleet, hail","Surface condition (e.g., wet, icy)",Non-intersection:  Non-junction/no special feature,Paved,,Property Damage Only,0,0,0,0,0,0,3700,1,1,,POINT (-91.119552764253 40.799911637701)
2014783809,14-000270,01/14/2014,01-January,3-Tuesday,05:40,0500 Hours,District 2 (Northeast),,CLAYTON,,Co Rd C2W/BELL RD,Collision with fixed object:  Utility pole/light support,Roadside,Non-collision (single vehicle),Lost Control,None Indicated,,Dark - roadway not lighted,Ice/frost,Clear,"Surface condition (e.g., wet, icy)",Non-intersection:  Non-junction/no special feature,Paved,,Property Damage Only,0,0,0,0,0,0,20000,1,1,,POINT (-91.553844949121 42.797526823489)
2014781287,W14-004673,01/14/2014,01-January,3-Tuesday,22:30,2200 Hours,District 2 (Northeast),WATERLOO,BLACK HAWK,,FRANKLIN ST,Collision with fixed object:  Utility pole/light support,On Roadway,Non-collision (single vehicle),Ran off road - right,Under Influence of Alcohol/Drugs/Medications,,Dark - roadway lighted,Wet,Clear,None apparent,Non-intersection:  Other non-intersection (explain in narrative),Paved,,Property Damage Only,0,0,0,0,0,0,3000,1,1,,POINT (-92.321621173805 42.495361860544)
2014779948,1400100,01/14/2014,01-January,3-Tuesday,08:38,0800 Hours,District 5 (Southeast),BLOOMFIELD,DAVIS,,SOUTH ST & EAST ST,Collision with:  Vehicle in traffic,On Roadway,Broadside (front to side),Ran Stop Sign,None Indicated,,Daylight,Ice/frost,Rain,None apparent,Intersection:  T-intersection,Paved,,Property Damage Only,0,0,0,0,0,0,3100,2,2,,POINT (-92.409689987655 40.747613917681)
2014780570,2014003055,01/14/2014,01-January,3-Tuesday,21:30,2100 Hours,District 3 (Northwest),,WOODBURY,,Co Rd D25/OLD HWY 141,Collision with:  Animal,,,Animal,None Indicated,,,,,,,Paved,,Property Damage Only,0,0,0,0,0,0,2000,1,1,,POINT (-96.156280656709 42.333684524932)
2014781576,140194,01/14/2014,01-January,3-Tuesday,12:49,1200 Hours,District 1 (Central),HUBBARD,HARDIN,,LOWDEN ST,Collision with:  Vehicle in traffic,Roadside,Broadside (front to side),Ran off road - right,None Indicated,,Daylight,Dry,Severe winds,None apparent,Non-intersection:  Non-junction/no special feature,Paved,,Property Damage Only,0,0,0,0,0,0,5200,3,777,,POINT (-93.292686294205 42.303681490227)
2014779576,201400689,01/14/2014,01-January,3-Tuesday,12:26,1200 Hours,District 6 (East Central),CEDAR RAPIDS,LINN,,JOHNSON AVE NW,Collision with:  Vehicle in traffic,On Roadway,Broadside (front to side),FTYROW:  From driveway,None Indicated,,Daylight,Ice/frost,Cloudy,None apparent,Non-intersection:  Driveway access (within),Paved,,Property Damage Only,0,0,0,0,0,0,4000,2,2,,POINT (-91.713114996699 41.974654329477)
2014779286,14-0215,01/14/2014,01-January,3-Tuesday,07:10,0700 Hours,District 1 (Central),WEST DES MOINES,POLK,,MEADOW LN,Collision with:  Vehicle in traffic,On Roadway,Rear-end (front to rear),Lost Control,None Indicated,,Daylight,Ice/frost,Cloudy,"Surface condition (e.g., wet, icy)",Non-intersection:  Non-junction/no special feature,Paved,,Property Damage Only,0,0,0,0,0,0,3000,2,13,,POINT (-93.747706890432 41.581083258616)
2014779879,2014-3036,01/14/2014,01-January,3-Tuesday,09:57,0900 Hours,District 6 (East Central),DAVENPORT,SCOTT,,W LOCUST ST,Collision with:  Vehicle in traffic,On Roadway,Broadside (front to side),FTYROW:  From driveway,None Indicated,,Daylight,Wet,Cloudy,None apparent,Non-intersection:  Driveway access (within),Paved,,Possible/Unknown,0,2,0,0,2,0,7500,2,2,,POINT (-90.591811330149 41.538258532917)