Iowa DOT Case Number,Law Enforcement Case Number,Date of Crash,Month of Crash,Day of Week,Time of Crash,Hour,DOT District,City Name,County Name,Route with System,Location Description,First Harmful Event,Location of First Harmful Event,Manner of Crash/Collision,Major Cause,Drug or Alcohol ,Environmental Conditions,Light Conditions,Surface Conditions,Weather Conditions,Roadway Contribution,Roadway Type,Roadway Surface,Work Zone,Crash Severity,Number of Fatalities,Number of Injuries,Number of Major Injuries,Number of Minor Injuries,Number of Possible Injuries,Number of Unknown Injuries,Amount of Property Damage,Number of Vehicles Involved,Total Number of Occupants,Travel Direction,Location
2014779545,14006414,01/14/2014,01-January,3-Tuesday,18:00,1800 Hours,District 6 (East Central),UNIVERSITY HEIGHTS,JOHNSON,,MELROSE AVE,Collision with fixed object:  Other fixed object (explain in narrative),On Roadway,Rear-end (front to rear),FTYROW:  Other (explain in narrative),None Indicated,,Dark - roadway lighted,Other (explain in narrative),Other (explain in narrative),Unknown,Intersection:  Other intersection (explain in narrative),Paved,,Property Damage Only,0,0,0,0,0,0,6000,3,3,,POINT (-91.564246076514 41.65571091574)
2014899579,NT-14-012,01/14/2014,01-January,3-Tuesday,16:30,1600 Hours,District 1 (Central),NEVADA,STORY,US 30,US 30/SE RAMP CURV/SE LOOP,Collision with:  Vehicle in traffic,On Roadway,Broadside (front to side),FTYROW:  From stop sign,None Indicated,,Daylight,Dry,Severe winds,None apparent,"Interchange-related:  Off-ramp, diverge area",Paved,,Property Damage Only,0,0,0,0,0,0,4000,2,2,,POINT (-93.43484262251 42.006505783486)
2014779580,201400717,01/14/2014,01-January,3-Tuesday,17:51,1700 Hours,District 6 (East Central),CEDAR RAPIDS,LINN,IA 922,IA 922/1ST AVE W & 15TH ST SW & 15TH ST NW,Collision with:  Vehicle in traffic,On Roadway,Rear-end (front to rear),Lost Control,None Indicated,,Dark - roadway lighted,Dry,Cloudy,None apparent,Intersection:  Four-way intersection,Paved,,Possible/Unknown,0,1,0,0,1,0,5500,2,3,,POINT (-91.691722042033 41.970800906836)
2014780050,2014000408,01/14/2014,01-January,3-Tuesday,08:16,0800 Hours,District 1 (Central),MARSHALLTOWN,MARSHALL,,E OLIVE ST,Collision with:  Vehicle in traffic,On Roadway,Broadside (front to side),FTYROW:  From driveway,None Indicated,,Daylight,Wet,Cloudy,None apparent,Non-intersection:  Driveway access (within),Paved,,Possible/Unknown,0,1,0,0,1,0,1800,2,3,,POINT (-92.911090448457 42.028424542444)
2014779272,20140001170,01/14/2014,01-January,3-Tuesday,07:15,0700 Hours,District 1 (Central),DES MOINES,POLK,,KINGMAN BLVD & 42ND ST,Collision with:  Vehicle in traffic,On Roadway,Broadside (front to side),Ran Traffic Signal,None Indicated,,Dawn,Ice/frost,Cloudy,"Surface condition (e.g., wet, icy)",Intersection:  Four-way intersection,Paved,,Possible/Unknown,0,1,0,0,1,0,3500,2,2,,POINT (-93.674403084092 41.596578698164)
2014781799,14-00105,01/14/2014,01-January,3-Tuesday,16:18,1600 Hours,District 1 (Central),TOLEDO,TAMA,,ROSS ST & BROADWAY ST,Collision with:  Vehicle in traffic,On Roadway,Rear-end (front to rear),Improper Backing,None Indicated,,Daylight,Dry,Cloudy,None apparent,Non-intersection:  Non-junction/no special feature,Paved,,Property Damage Only,0,0,0,0,0,0,1800,2,2,,POINT (-92.578361587288 41.992909981882)
2014779414,14000931,01/14/2014,01-January,3-Tuesday,07:04,0700 Hours,District 6 (East Central),MARION,LINN,IA 100,IA 100/COLLINS RD SE,Collision with:  Animal,On Roadway,Non-collision (single vehicle),Animal,None Indicated,,Dawn,Wet,Rain,None apparent,Non-intersection:  Non-junction/no special feature,Paved,,Property Damage Only,0,0,0,0,0,0,2000,1,1,,POINT (-91.617478052044 42.01971805922)
2014779728,01142014-RH,01/14/2014,01-January,3-Tuesday,16:30,1600 Hours,District 5 (Southeast),OSCEOLA,CLARKE,US 69,US 69/N MAIN ST,Collision with:  Vehicle in traffic,On Roadway,Broadside (front to side),FTYROW:  From driveway,None Indicated,,Daylight,Dry,Snow,None apparent,Non-intersection:  Driveway access (within),Paved,,Property Damage Only,0,0,0,0,0,0,6000,2,2,,POINT (-93.765719261094 41.035362311103)
2014779510,W14-004583,01/14/2014,01-January,3-Tuesday,17:22,1700 Hours,District 2 (Northeast),WATERLOO,BLACK HAWK,,W RIDGEWAY AVE & ANSBOROUGH AVE,Collision with:  Vehicle in traffic,On Roadway,Rear-end (front to rear),Followed too close,None Indicated,,Dark - roadway lighted,Wet,"Blowing sand, soil, dirt",None apparent,Intersection:  Four-way intersection,Paved,,Possible/Unknown,0,1,0,0,1,0,150,2,2,,POINT (-92.376495854568 42.46938543553)
2014784252,140212,01/14/2014,01-January,3-Tuesday,12:08,1200 Hours,District 1 (Central),IOWA FALLS,HARDIN,,MAIN ST,Collision with:  Parked motor vehicle,On Roadway,"Sideswipe, same direction",Lost Control,None Indicated,,Daylight,Ice/frost,Cloudy,"Surface condition (e.g., wet, icy)",Non-intersection:  Non-junction/no special feature,Paved,,Property Damage Only,0,0,0,0,0,0,4000,2,1,,POINT (-93.265408387516 42.527583086929)
2014780211,2014003050,01/14/2014,01-January,3-Tuesday,20:10,2000 Hours,District 6 (East Central),,BENTON,,30 AVE DR & 67 ST,Collision with:  Vehicle in traffic,On Roadway,Broadside (front to side),Ran Stop Sign,None Indicated,,Dark - roadway not lighted,"Mud, dirt",Cloudy,None apparent,Intersection:  Four-way intersection,Unpaved,,Possible/Unknown,0,2,0,0,2,0,8000,2,2,,POINT (-91.903121671535 42.050903586146)
2014779542,2014000409,01/14/2014,01-January,3-Tuesday,06:53,0600 Hours,District 6 (East Central),IOWA CITY,JOHNSON,,DOVER ST,Collision with:  Parked motor vehicle,On Roadway,"Sideswipe, same direction",Other (explain in narrative):  No improper action,None Indicated,,Dawn,Ice/frost,Clear,None apparent,Non-intersection:  Non-junction/no special feature,Paved,,Property Damage Only,0,0,0,0,0,0,2000,2,1,,POINT (-91.490777752488 41.640998072606)
2014787233,,01/14/2014,01-January,3-Tuesday,07:15,0700 Hours,District 2 (Northeast),GILBERTVILLE,BLACK HAWK,,20TH AVE,Collision with fixed object:  Utility pole/light support,Shoulder,Non-collision (single vehicle),Driving too fast for conditions,None Indicated,,Dawn,Snow,Cloudy,"Surface condition (e.g., wet, icy)",Non-intersection:  Non-junction/no special feature,Paved,,Property Damage Only,0,0,0,0,0,0,4300,1,1,,POINT (-92.217702513357 42.420410193906)
2014779387,14-1396,01/14/2014,01-January,3-Tuesday,06:30,0600 Hours,District 5 (Southeast),BURLINGTON,DES MOINES,,DIVISION ST & E ROOSEVELT FRONTAGE,Collision with:  Vehicle in traffic,On Roadway,"Sideswipe, same direction",Driving too fast for conditions,None Indicated,,Dark - roadway lighted,Ice/frost,"Sleet, hail","Surface condition (e.g., wet, icy)",Non-intersection:  Non-junction/no special feature,Paved,,Property Damage Only,0,0,0,0,0,0,5000,2,2,,POINT (-91.140388483798 40.807662886005)
2014779857,14-505,01/14/2014,01-January,3-Tuesday,17:59,1700 Hours,District 3 (Northwest),,SAC,,SIERRA AVE,Non-collision events:  Other non-collision (explain in narrative),On Roadway,Non-collision (single vehicle),Ran off road - right,None Indicated,,Dark - roadway not lighted,"Mud, dirt",Clear,None apparent,Non-intersection:  Non-junction/no special feature,Unpaved,,Property Damage Only,0,0,0,0,0,0,5000,1,2,,POINT (-94.985432321448 42.363394965027)
2014779956,1400101,01/14/2014,01-January,3-Tuesday,05:45,0500 Hours,District 5 (Southeast),BLOOMFIELD,DAVIS,,GOODE ST & WEST ST,Collision with fixed object:  Utility pole/light support,Outside trafficway,Non-collision (single vehicle),Ran Stop Sign,None Indicated,,Dark - unknown roadway lighting,Ice/frost,"Sleet, hail",None apparent,Intersection:  T-intersection,Paved,,Property Damage Only,0,0,0,0,0,0,5500,1,1,,POINT (-92.419153179365 40.757274061548)
2014779895,2014-3007,01/14/2014,01-January,3-Tuesday,07:30,0700 Hours,District 6 (East Central),DAVENPORT,SCOTT,,EASTERN AVE & VETERANS MEMORIAL PKWY,Collision with:  Vehicle in traffic,On Roadway,Broadside (front to side),Driving too fast for conditions,None Indicated,,Daylight,Snow,Snow,"Surface condition (e.g., wet, icy)",Intersection:  Four-way intersection,Paved,,Property Damage Only,0,0,0,0,0,0,3000,2,2,,POINT (-90.551352230104 41.59070326361)
2014779364,201400169,01/14/2014,01-January,3-Tuesday,09:44,0900 Hours,District 1 (Central),,BOONE,US 30,US 30/220TH ST,Collision with:  Vehicle in traffic,On Roadway,"Sideswipe, same direction",Swerving/Evasive Action,None Indicated,,Daylight,Wet,Severe winds,None apparent,Non-intersection:  Non-junction/no special feature,Paved,,Minor Injury,0,2,0,2,0,0,4500,2,3,,POINT (-93.790742960606 42.026005396816)
2014779274,20140001174,01/14/2014,01-January,3-Tuesday,08:06,0800 Hours,District 1 (Central),DES MOINES,POLK,,FRANKLIN AVE & 44TH ST,Collision with fixed object:  Utility pole/light support,Roadside,Non-collision (single vehicle),Driving too fast for conditions,None Indicated,,Daylight,Ice/frost,Cloudy,"Surface condition (e.g., wet, icy)",Non-intersection:  Non-junction/no special feature,Paved,,Property Damage Only,0,0,0,0,0,0,3000,1,1,,POINT (-93.677856376029 41.611249157991)
2014779469,14010254,01/14/2014,01-January,3-Tuesday,04:08,0400 Hours,District 5 (Southeast),,WAPELLO,US 63,US 63,Non-collision events:  Overturn/rollover,Roadside,Non-collision (single vehicle),Driving too fast for conditions,None Indicated,,Dark - roadway not lighted,Ice/frost,"Sleet, hail","Surface condition (e.g., wet, icy)",Non-intersection:  Non-junction/no special feature,Paved,,Minor Injury,0,1,0,1,0,0,20000,1,1,,POINT (-92.476405236391 41.096377174201)
2014780273,,01/14/2014,01-January,3-Tuesday,05:15,0500 Hours,District 2 (Northeast),CHARLES CITY,FLOYD,IA 14,IA 14/GILBERT ST & CLINTON ST,Collision with:  Vehicle in traffic,On Roadway,"Sideswipe, same direction",Lost Control,None Indicated,,Dark - roadway lighted,Snow,Snow,None apparent,Intersection:  T-intersection,Paved,,Property Damage Only,0,0,0,0,0,0,1500,2,2,,POINT (-92.680264674737 43.064103310239)
2014779957,14-01481,01/14/2014,01-January,3-Tuesday,18:00,1800 Hours,District 5 (Southeast),,DES MOINES,,NORTHFIELD RD,Collision with:  Animal,,,Animal,None Indicated,,,,,,,Unpaved,,Property Damage Only,0,0,0,0,0,0,2000,1,1,,POINT (-91.131475744322 41.020064155994)
2014780718,02-14-929,01/14/2014,01-January,3-Tuesday,19:54,1900 Hours,District 6 (East Central),PEOSTA,DUBUQUE,,PEOSTA ST,Non-collision events:  Other non-collision (explain in narrative),On Roadway,Non-collision (single vehicle),Driving too fast for conditions,None Indicated,,Dark - roadway lighted,Snow,Cloudy,"Surface condition (e.g., wet, icy)",Intersection:  Other intersection (explain in narrative),Paved,,Property Damage Only,0,0,0,0,0,0,4000,1,3,,POINT (-90.850405743242 42.444760505487)
2014779409,C14000145,01/14/2014,01-January,3-Tuesday,11:40,1100 Hours,District 6 (East Central),CORALVILLE,JOHNSON,US 6,US 6/2ND ST,Collision with:  Vehicle in traffic,On Roadway,Rear-end (front to rear),Followed too close,None Indicated,,Daylight,Wet,Cloudy,None apparent,Non-intersection:  Non-junction/no special feature,Paved,,Property Damage Only,0,0,0,0,0,0,8000,2,2,,POINT (-91.574594097281 41.671700826779)
2014779773,201400130,01/14/2014,01-January,3-Tuesday,05:46,0500 Hours,District 6 (East Central),,LINN,,Co Rd W36/LEWIS ACCESS RD,Collision with fixed object:  Bridge overhead structure,On Roadway,Non-collision (single vehicle),Driving too fast for conditions,None Indicated,,Dark - roadway not lighted,Slush,"Sleet, hail","Surface condition (e.g., wet, icy)",Non-intersection:  Other non-intersection (explain in narrative),Paved,,Possible/Unknown,0,1,0,0,1,0,5000,1,1,,POINT (-91.811316857956 42.159758215705)
2014781819,,01/14/2014,01-January,3-Tuesday,05:45,0500 Hours,District 5 (Southeast),FORT MADISON,LEE,,AVE O,Collision with fixed object:  Concrete traffic barrier (median or right side),Roadside,Non-collision (single vehicle),Ran off road - right,None Indicated,,Dark - roadway not lighted,Ice/frost,"Sleet, hail","Surface condition (e.g., wet, icy)",Non-intersection:  Non-junction/no special feature,Paved,,Property Damage Only,0,0,0,0,0,0,2000,2,2,,POINT (-91.381575742055 40.624155031138)
2014783261,K14-001243,01/14/2014,01-January,3-Tuesday,07:23,0700 Hours,District 5 (Southeast),KEOKUK,LEE,,HILTON RD,Collision with fixed object:  Ditch,On Roadway,Non-collision (single vehicle),Ran off road - right,None Indicated,,Dawn,Ice/frost,"Sleet, hail","Surface condition (e.g., wet, icy)",Non-intersection:  Non-junction/no special feature,Paved,,Property Damage Only,0,0,0,0,0,0,1500,1,1,,POINT (-91.40810349626 40.396213511225)
2014780436,14-000057,01/14/2014,01-January,3-Tuesday,17:12,1700 Hours,District 1 (Central),JOHNSTON,POLK,,NW 86TH ST,Collision with:  Vehicle in traffic,On Roadway,Rear-end (front to rear),Followed too close,None Indicated,,Dark - roadway lighted,Dry,Cloudy,None apparent,Non-intersection:  Non-junction/no special feature,Paved,,Property Damage Only,0,0,0,0,0,0,4000,2,2,,POINT (-93.736458381514 41.657392612662)
2014779198,1401142421,01/14/2014,01-January,3-Tuesday,07:35,0700 Hours,District 6 (East Central),,CLINTON,,Co Rd Y32/130 AVE,Collision with:  Vehicle in traffic,On Roadway,Head-on (front to front),Crossed centerline (undivided),None Indicated,,Daylight,Slush,Cloudy,"Surface condition (e.g., wet, icy)",Non-intersection:  Non-junction/no special feature,Paved,,Minor Injury,0,1,0,1,0,0,5000,2,3,,POINT (-90.840118153155 41.878086109785)
2014779271,20140001169,01/14/2014,01-January,3-Tuesday,07:15,0700 Hours,District 1 (Central),DES MOINES,POLK,,MC KINLEY AVE,Collision with:  Vehicle in traffic,On Roadway,"Sideswipe, same direction",Crossed centerline (undivided),None Indicated,,Daylight,Ice/frost,Clear,"Surface condition (e.g., wet, icy)",Non-intersection:  Non-junction/no special feature,Paved,,Property Damage Only,0,0,0,0,0,0,2500,2,2,,POINT (-93.674073256968 41.551021897889)
2014779947,1400098,01/14/2014,01-January,3-Tuesday,05:56,0500 Hours,District 5 (Southeast),BLOOMFIELD,DAVIS,,WEST ST,Collision with fixed object:  Curb/island/raised median,On Roadway,Non-collision (single vehicle),Other (explain in narrative):  No improper action,None Indicated,,Dark - roadway lighted,Ice/frost,"Sleet, hail","Surface condition (e.g., wet, icy)",Intersection:  Four-way intersection,Paved,,Property Damage Only,0,0,0,0,0,0,3000,1,1,,POINT (-92.418999628537 40.751778071064)
2014779428,14-293,01/14/2014,01-January,3-Tuesday,15:15,1500 Hours,District 1 (Central),DES MOINES,POLK,,NE 43RD AVE,Collision with:  Vehicle in traffic,On Roadway,"Angle, oncoming left turn",FTYROW:  Making left turn,None Indicated,,Daylight,Dry,Cloudy,None apparent,Non-intersection:  Crossover-related,Paved,,Property Damage Only,0,0,0,0,0,0,4500,2,2,,POINT (-93.600662328282 41.63861894231)
2014779457,14-001696,01/14/2014,01-January,3-Tuesday,12:22,1200 Hours,District 4 (Southwest),COUNCIL BLUFFS,POTTAWATTAMIE,I-80,I-80,Non-collision events:  Overturn/rollover,On Roadway,Non-collision (single vehicle),Other (explain in narrative):  No improper action,None Indicated,,Daylight,Dry,Severe winds,None apparent,Non-intersection:  Non-junction/no special feature,Paved,,Property Damage Only,0,0,0,0,0,0,10000,1,1,,POINT (-95.905059654276 41.232036293724)
2014779578,201400715,01/14/2014,01-January,3-Tuesday,19:08,1900 Hours,District 6 (East Central),CEDAR RAPIDS,LINN,,MOUNT VERNON RD SE,Collision with:  Vehicle in traffic,On Roadway,Rear-end (front to rear),Lost Control,None Indicated,,Dark - roadway lighted,Wet,Snow,None apparent,Intersection:  T-intersection,Paved,,Property Damage Only,0,0,0,0,0,0,1500,2,2,,POINT (-91.641850852941 41.977174638153)
2014779431,14-297,01/14/2014,01-January,3-Tuesday,22:00,2200 Hours,District 1 (Central),BONDURANT,POLK,,NE 62ND AVE,Collision with:  Animal,,,Animal,None Indicated,,,,,,,Paved,,Property Damage Only,0,0,0,0,0,0,2500,1,1,,POINT (-93.520445052661 41.673084231022)
2014787885,,01/14/2014,01-January,3-Tuesday,06:40,0600 Hours,District 5 (Southeast),,MUSCATINE,IA 70,IA 70/IOWA 70,,Shoulder,Non-collision (single vehicle),Driving too fast for conditions,None Indicated,,Dark - roadway not lighted,Ice/frost,"Sleet, hail","Surface condition (e.g., wet, icy)",Non-intersection:  Non-junction/no special feature,Paved,,Property Damage Only,0,0,0,0,0,0,2000,1,2,,POINT (-91.251875942881 41.502707936744)
2014781148,S14-0389,01/14/2014,01-January,3-Tuesday,21:08,2100 Hours,District 3 (Northwest),SMITHLAND,WOODBURY,,KELLY ST,Collision with fixed object:  Tree,On Roadway,Non-collision (single vehicle),"Operating vehicle in an reckless, erratic, careless, negligent manner",None Indicated,,Dark - roadway not lighted,Dry,Cloudy,None apparent,Non-intersection:  Non-junction/no special feature,Unpaved,,Major Injury,0,1,1,0,0,0,7000,1,1,,POINT (-95.932234204266 42.225183660489)
2014780587,,01/14/2014,01-January,3-Tuesday,06:38,0600 Hours,District 5 (Southeast),FORT MADISON,LEE,,,Collision with:  Vehicle in traffic,On Roadway,Broadside (front to side),Made improper turn,None Indicated,,Dawn,Ice/frost,"Sleet, hail","Surface condition (e.g., wet, icy)",Non-intersection:  Non-junction/no special feature,,,Property Damage Only,0,0,0,0,0,0,2000,2,2,,POINT (-96.643700149993 40.233091251414)
2014779762,4514-004,01/14/2014,01-January,3-Tuesday,06:55,0600 Hours,District 2 (Northeast),,HOWARD,US 63,US 63 & 30TH ST,Collision with:  Vehicle in traffic,On Roadway,"Sideswipe, same direction",Crossed centerline (undivided),None Indicated,,Dark - roadway not lighted,Snow,Snow,"Surface condition (e.g., wet, icy)",Non-intersection:  Non-junction/no special feature,Paved,,Property Damage Only,0,0,0,0,0,0,4000,2,2,,POINT (-92.325910044798 43.472662465634)
2014779526,14-001395,01/14/2014,01-January,3-Tuesday,05:58,0500 Hours,District 5 (Southeast),BURLINGTON,DES MOINES,,DIVISION ST & PLANE ST,Collision with:  Vehicle in traffic,On Roadway,Broadside (front to side),Lost Control,None Indicated,,Dark - roadway lighted,Ice/frost,"Sleet, hail","Surface condition (e.g., wet, icy)",Intersection:  Four-way intersection,Paved,,Property Damage Only,0,0,0,0,0,0,10500,3,3,,POINT (-91.124797814678 40.807707730849)
2014780921,,01/14/2014,01-January,3-Tuesday,19:27,1900 Hours,District 2 (Northeast),,FLOYD,US 18,US 18,Non-collision events:  Jackknife,On Roadway,Non-collision (single vehicle),Swerving/Evasive Action,None Indicated,,Dark - roadway not lighted,,Snow,,,Paved,,Property Damage Only,0,0,0,0,0,0,5000,1,1,,POINT (-92.862714066642 43.126322537513)
2014779396,14-1117,01/14/2014,01-January,3-Tuesday,07:37,0700 Hours,District 1 (Central),NEWTON,JASPER,I-80,I-80,Non-collision events:  Other non-collision (explain in narrative),Roadside,Non-collision (single vehicle),Ran off road - right,None Indicated,,Daylight,Wet,Severe winds,"Surface condition (e.g., wet, icy)",Non-intersection:  Other non-intersection (explain in narrative),Paved,,Property Damage Only,0,0,0,0,0,0,10000,1,2,,POINT (-93.094797675841 41.681059917649)
2014785615,2014-3106,01/14/2014,01-January,3-Tuesday,15:12,1500 Hours,District 6 (East Central),DAVENPORT,SCOTT,,MYRTLE ST,Collision with:  Vehicle in traffic,Outside trafficway,Rear-end (front to rear),Lost Control,None Indicated,,Daylight,Snow,Cloudy,"Surface condition (e.g., wet, icy)",Non-intersection:  Non-junction/no special feature,Paved,,Property Damage Only,0,0,0,0,0,0,2500,2,777,,POINT (-90.588624115291 41.54047933633)
2014779486,2014002857,01/14/2014,01-January,3-Tuesday,08:45,0800 Hours,District 6 (East Central),,DUBUQUE,IA 136,IA 136/IOWA 136,Non-collision events:  Overturn/rollover,On Roadway,Non-collision (single vehicle),Ran off road - left,None Indicated,,Daylight,Snow,Snow,"Surface condition (e.g., wet, icy)",Non-intersection:  Non-junction/no special feature,Paved,,Property Damage Only,0,0,0,0,0,0,6000,1,1,,POINT (-91.102352244391 42.56389438166)
2014779418,14-0216,01/14/2014,01-January,3-Tuesday,11:30,1100 Hours,District 6 (East Central),HIAWATHA,LINN,I-380,I-380 & BOYSON RD,Collision with:  Vehicle in traffic,On Roadway,Rear-end (front to rear),Followed too close,None Indicated,,Daylight,Ice/frost,Cloudy,"Surface condition (e.g., wet, icy)",Intersection:  Intersection with ramp,Paved,,Property Damage Only,0,0,0,0,0,0,3500,2,3,,POINT (-91.683421544107 42.046197664339)
2014779415,14000937,01/14/2014,01-January,3-Tuesday,09:44,0900 Hours,District 6 (East Central),MARION,LINN,,29TH AVE,Collision with:  Vehicle in traffic,On Roadway,Broadside (front to side),FTYROW:  From driveway,None Indicated,,Daylight,Ice/frost,Cloudy,"Surface condition (e.g., wet, icy)",Non-intersection:  Driveway access (within),Paved,,Property Damage Only,0,0,0,0,0,0,4500,2,2,,POINT (-91.575171569155 42.050407510494)
2014780313,14000384,01/14/2014,01-January,3-Tuesday,12:19,1200 Hours,District 6 (East Central),,BUCHANAN,IA 187,IA 187/WASHBURN AVE,Non-collision events:  Overturn/rollover,On Roadway,Non-collision (single vehicle),Ran off road - right,None Indicated,,Daylight,Ice/frost,Severe winds,"Surface condition (e.g., wet, icy)",Non-intersection:  Non-junction/no special feature,Paved,,Property Damage Only,0,0,0,0,0,0,5000,1,2,,POINT (-91.648421039031 42.537237392453)
2014779851,S14-000126,01/15/2014,01-January,4-Wednesday,08:43,0800 Hours,District 4 (Southwest),,POTTAWATTAMIE,,Co Rd L34/ROAD L34,Collision with fixed object:  Ditch,On Roadway,Non-collision (single vehicle),Swerving/Evasive Action,None Indicated,,Daylight,Dry,Clear,None apparent,Non-intersection:  Non-junction/no special feature,Paved,,Possible/Unknown,0,1,0,0,1,0,5500,1,1,,POINT (-95.77015803884 41.386445437567)
2014780109,20140001270,01/15/2014,01-January,4-Wednesday,07:31,0700 Hours,District 1 (Central),DES MOINES,POLK,,AURORA AVE,Collision with:  Non-motorist (see non-motorist section - NOT a unit),On Roadway,Non-collision (single vehicle),FTYROW:  To pedestrian,None Indicated,,Dark - roadway lighted,Dry,Cloudy,None apparent,Non-intersection:  Non-junction/no special feature,Paved,,Minor Injury,0,1,0,1,0,0,0,1,1,,POINT (-93.68478700731 41.636734436385)
2014780314,14000396,01/15/2014,01-January,4-Wednesday,01:00,0100 Hours,District 6 (East Central),,BUCHANAN,,Co Rd D22/220TH ST,Collision with fixed object:  Ditch,Outside trafficway,Non-collision (single vehicle),Ran off road - left,None Indicated,,Dark - roadway not lighted,Dry,Clear,None apparent,Non-intersection:  Non-junction/no special feature,Paved,,Property Damage Only,0,0,0,0,0,0,2000,1,1,,POINT (-92.037019186617 42.468062551659)
2014779821,14-0110,01/15/2014,01-January,4-Wednesday,17:51,1700 Hours,District 1 (Central),URBANDALE,POLK,,NW 46TH AND MEREDITH,Collision with:  Animal,On Roadway,Non-collision (single vehicle),Animal,None Indicated,,Dark - roadway not lighted,Dry,Cloudy,None apparent,Non-intersection:  Non-junction/no special feature,Unpaved,,Property Damage Only,0,0,0,0,0,0,2000,1,1,,POINT (-93.800235193503 41.643941981729)
2014781744,2014003160,01/15/2014,01-January,4-Wednesday,14:25,1400 Hours,District 1 (Central),URBANDALE,POLK,I-35,I-35 & IA 28/MERLE HAY RD,Collision with:  Vehicle in traffic,On Roadway,Rear-end (front to rear),Followed too close,None Indicated,,Daylight,Dry,Clear,None apparent,Intersection:  Four-way intersection,Paved,,Property Damage Only,0,0,0,0,0,0,3500,2,3,,POINT (-93.69766303607 41.652779801801)
2014779927,14-000350,01/15/2014,01-January,4-Wednesday,13:25,1300 Hours,District 4 (Southwest),ANITA,CASS,,10TH ST,Collision with:  Parked motor vehicle,On Roadway,Rear-end (front to rear),Driver Distraction:  Reaching for object(s)/fallen object(s),None Indicated,,Daylight,Dry,Clear,None apparent,Non-intersection:  Non-junction/no special feature,Paved,,Property Damage Only,0,0,0,0,0,0,6000,2,1,,POINT (-95.025555053286 41.401052449978)
2014781517,14000710,01/15/2014,01-January,4-Wednesday,13:01,1300 Hours,District 2 (Northeast),MASON CITY,CERRO GORDO,,N VIRGINIA AVE,Collision with fixed object:  Utility pole/light support,Shoulder,Non-collision (single vehicle),Ran off road - right,None Indicated,,Daylight,Wet,Clear,None apparent,Non-intersection:  Non-junction/no special feature,Paved,,Property Damage Only,0,0,0,0,0,0,2200,1,1,,POINT (-93.185961706171 43.152070739781)
2014781961,2014-00888,01/15/2014,01-January,4-Wednesday,05:56,0500 Hours,District 5 (Southeast),,WARREN,US 65,US 65,Collision with:  Animal,,,Animal,None Indicated,,,,,,,Paved,,Property Damage Only,0,0,0,0,0,0,6000,1,1,,POINT (-93.5164741153 41.284548124066)
2014780390,14000245,01/15/2014,01-January,4-Wednesday,10:16,1000 Hours,District 3 (Northwest),SHELDON,OBRIEN,,WESTERN AVE,Collision with:  Vehicle in traffic,On Roadway,Rear-end (front to rear),Improper Backing,None Indicated,,Daylight,Dry,Cloudy,None apparent,Intersection:  T-intersection,Paved,,Property Damage Only,0,0,0,0,0,0,2400,2,3,,POINT (-95.862006657349 43.185691949044)
2014780515,14000191,01/15/2014,01-January,4-Wednesday,12:23,1200 Hours,District 1 (Central),AMES,STORY,US 69,US 69/LINCOLN WAY & CLARK AVE & S WALNUT ST,Collision with:  Vehicle in traffic,On Roadway,"Angle, oncoming left turn",FTYROW:  Making left turn,None Indicated,,Daylight,Dry,Clear,None apparent,Intersection:  Four-way intersection,Paved,,Property Damage Only,0,0,0,0,0,0,3000,2,3,,POINT (-93.616876268892 42.022910487938)
2014779647,14-000062,01/15/2014,01-January,4-Wednesday,18:25,1800 Hours,District 1 (Central),,STORY,,Co Rd R38/510TH AVE & ZUMWALT STATION RD,Collision with:  Animal,,,Animal,None Indicated,,,,,,,Paved,,Property Damage Only,0,0,0,0,0,0,2500,1,1,,POINT (-93.67850922929 41.99393076151)
2014779453,14-0235,01/15/2014,01-January,4-Wednesday,11:09,1100 Hours,District 1 (Central),WEST DES MOINES,POLK,,WESTOWN PKWY & 22ND ST,Collision with:  Vehicle in traffic,On Roadway,Broadside (front to side),Ran Traffic Signal,None Indicated,,Daylight,Dry,Clear,None apparent,Intersection:  Four-way intersection,Paved,,Property Damage Only,0,0,0,0,0,0,8000,2,2,,POINT (-93.736059295202 41.596993118397)
2014780511,14-00201,01/15/2014,01-January,4-Wednesday,17:56,1700 Hours,District 1 (Central),AMES,STORY,US 69,US 69/GRAND AVE & 9TH ST,Collision with:  Vehicle in traffic,On Roadway,"Angle, oncoming left turn",FTYROW:  Making left turn,None Indicated,,Dark - roadway lighted,Dry,Cloudy,None apparent,Intersection:  Four-way intersection,Paved,,Minor Injury,0,1,0,1,0,0,13000,2,3,,POINT (-93.620293059652 42.030205409151)
2014779605,20140001312,01/15/2014,01-January,4-Wednesday,14:12,1400 Hours,District 1 (Central),DES MOINES,POLK,,GUTHRIE AVE & E 24TH ST,Collision with:  Vehicle in traffic,On Roadway,Broadside (front to side),FTYROW:  From stop sign,None Indicated,,Daylight,Dry,Clear,None apparent,Intersection:  T-intersection,Paved,,Property Damage Only,0,0,0,0,0,0,2050,2,63,,POINT (-93.573689208942 41.614977715275)
2014779521,1401152791,01/15/2014,01-January,4-Wednesday,18:20,1800 Hours,District 6 (East Central),,CLINTON,,Co Rd Z30/292 ST,Collision with:  Animal,,,Animal,None Indicated,,,,,,,Paved,,Property Damage Only,0,0,0,0,0,0,5000,1,1,,POINT (-90.42368555353 41.755902678271)