Iowa DOT Case Number,Law Enforcement Case Number,Date of Crash,Month of Crash,Day of Week,Time of Crash,Hour,DOT District,City Name,County Name,Route with System,Location Description,First Harmful Event,Location of First Harmful Event,Manner of Crash/Collision,Major Cause,Drug or Alcohol ,Environmental Conditions,Light Conditions,Surface Conditions,Weather Conditions,Roadway Contribution,Roadway Type,Roadway Surface,Work Zone,Crash Severity,Number of Fatalities,Number of Injuries,Number of Major Injuries,Number of Minor Injuries,Number of Possible Injuries,Number of Unknown Injuries,Amount of Property Damage,Number of Vehicles Involved,Total Number of Occupants,Travel Direction,Location
2014783332,14-004608,01/15/2014,01-January,4-Wednesday,11:25,1100 Hours,District 4 (Southwest),COUNCIL BLUFFS,POTTAWATTAMIE,,N BROADWAY,Collision with:  Vehicle in traffic,Outside trafficway,Broadside (front to side),Improper Backing,None Indicated,,Daylight,Unknown,Unknown,Unknown,Non-intersection:  Non-junction/no special feature,Paved,,Property Damage Only,0,0,0,0,0,0,2000,2,2,,POINT (-95.836535079351 41.270708315701)
2014779525,14000397,01/15/2014,01-January,4-Wednesday,23:07,2300 Hours,District 6 (East Central),,DELAWARE,IA 38,IA 38/IOWA 38,Collision with:  Animal,,,Animal,None Indicated,,,,,,,Paved,,Property Damage Only,0,0,0,0,0,0,1500,1,1,,POINT (-91.27597596329 42.387518696383)
2014779861,14-806,01/15/2014,01-January,4-Wednesday,09:11,0900 Hours,District 6 (East Central),BETTENDORF,SCOTT,,MIDDLE RD,Collision with:  Vehicle in traffic,On Roadway,"Angle, oncoming left turn",Other (explain in narrative):  Other,None Indicated,,Daylight,Dry,Clear,None apparent,Non-intersection:  Driveway access (within),Paved,,Possible/Unknown,0,1,0,0,1,0,5500,2,3,,POINT (-90.484797592504 41.551060967289)
2014779656,14-1463,01/15/2014,01-January,4-Wednesday,12:50,1200 Hours,District 3 (Northwest),SIOUX CITY,WOODBURY,,LINCOLN WAY,Non-collision events:  Other non-collision (explain in narrative),Shoulder,Non-collision (single vehicle),Ran off road - right,None Indicated,,Daylight,Dry,Clear,None apparent,Non-intersection:  Non-junction/no special feature,Paved,,Property Damage Only,0,0,0,0,0,0,2500,1,1,,POINT (-96.37244333652 42.458550243392)
2014779350,14004763,01/15/2014,01-January,4-Wednesday,07:18,0700 Hours,District 2 (Northeast),CEDAR FALLS,BLACK HAWK,IA 27,IA 27,Collision with:  Animal,,,Animal,None Indicated,,,,,,,Paved,,Property Damage Only,0,0,0,0,0,0,4000,1,1,,POINT (-92.452857017532 42.492578268735)
2014779355,14004769,01/15/2014,01-January,4-Wednesday,07:51,0700 Hours,District 2 (Northeast),CEDAR FALLS,BLACK HAWK,,6TH ST & CLAY ST,Collision with:  Vehicle in traffic,On Roadway,Broadside (front to side),FTYROW:  From stop sign,None Indicated,,Daylight,Dry,Clear,None apparent,Intersection:  Four-way intersection,Paved,,Property Damage Only,0,0,0,0,0,0,5500,2,2,,POINT (-92.448167379165 42.533226077713)
2014779655,14-1446,01/15/2014,01-January,4-Wednesday,10:01,1000 Hours,District 3 (Northwest),SIOUX CITY,WOODBURY,,4TH ST & FLOYD BLVD,Collision with:  Vehicle in traffic,On Roadway,Rear-end (front to rear),Other (explain in narrative):  Other,None Indicated,,Daylight,Dry,Cloudy,None apparent,Intersection:  Four-way intersection,Paved,,Property Damage Only,0,0,0,0,0,0,2000,2,2,,POINT (-96.393454421671 42.494262601259)
2014781103,14-000196,01/15/2014,01-January,4-Wednesday,16:25,1600 Hours,District 1 (Central),AMES,STORY,,S 16TH ST & GOLDEN ASPEN DR,Collision with:  Vehicle in traffic,On Roadway,Rear-end (front to rear),Followed too close,None Indicated,,Dusk,Dry,Cloudy,None apparent,Intersection:  Four-way intersection,Paved,,Property Damage Only,0,0,0,0,0,0,2900,2,6,,POINT (-93.616277025045 42.008386081198)
2014780187,2014-00910,01/15/2014,01-January,4-Wednesday,14:15,1400 Hours,District 5 (Southeast),INDIANOLA,WARREN,,N 9TH ST,Collision with:  Vehicle in traffic,On Roadway,"Sideswipe, same direction",FTYROW:  Other (explain in narrative),None Indicated,,Daylight,Dry,Clear,None apparent,Non-intersection:  Non-junction/no special feature,Paved,,Property Damage Only,0,0,0,0,0,0,4000,2,3,,POINT (-93.547497118373 41.364266825919)
2014779820,14-0105,01/15/2014,01-January,4-Wednesday,14:00,1400 Hours,District 1 (Central),URBANDALE,POLK,,68TH ST,Collision with:  Vehicle in traffic,On Roadway,Broadside (front to side),FTYROW:  From driveway,None Indicated,,Daylight,Dry,Clear,None apparent,Non-intersection:  Driveway access (within),Paved,,Property Damage Only,0,0,0,0,0,0,7000,2,3,,POINT (-93.709823491264 41.623855431735)
2014779440,20140001272,01/15/2014,01-January,4-Wednesday,07:30,0700 Hours,District 1 (Central),DES MOINES,POLK,,INDIANOLA AVE,Collision with:  Vehicle in traffic,On Roadway,Rear-end (front to rear),Followed too close,None Indicated,,Dawn,Dry,Cloudy,None apparent,Non-intersection:  Non-junction/no special feature,Paved,,Possible/Unknown,0,1,0,0,1,0,2100,2,2,,POINT (-93.609386637031 41.564137242917)
2014779718,W14-004892,01/15/2014,01-January,4-Wednesday,16:46,1600 Hours,District 2 (Northeast),WATERLOO,BLACK HAWK,,HOPE AVE,Collision with:  Vehicle in traffic,On Roadway,"Sideswipe, same direction",Unknown,None Indicated,,Daylight,Ice/frost,Clear,None apparent,Non-intersection:  Other non-intersection (explain in narrative),Paved,,Property Damage Only,0,0,0,0,0,0,1669,2,2,,POINT (-92.336519255225 42.516981984643)
2014780678,01-14-2221,01/15/2014,01-January,4-Wednesday,17:40,1700 Hours,District 6 (East Central),DUBUQUE,DUBUQUE,US 52,US 52/CENTRAL AVE & KAUFMANN AVE & E 22ND ST,Collision with:  Vehicle in traffic,On Roadway,"Angle, oncoming left turn",Ran Traffic Signal,None Indicated,,Dark - roadway lighted,Dry,Clear,None apparent,Intersection:  Four-way intersection,Paved,,Property Damage Only,0,0,0,0,0,0,10000,2,2,,POINT (-90.671274134995 42.513463641702)
2014784344,002-14,01/15/2014,01-January,4-Wednesday,14:14,1400 Hours,District 4 (Southwest),,MADISON,,Co Rd G14/105TH ST,Collision with:  Vehicle in traffic,On Roadway,"Sideswipe, opposite direction",Crossed centerline (undivided),None Indicated,,Daylight,Dry,Clear,None apparent,Non-intersection:  Driveway access (within),Paved,,Property Damage Only,0,0,0,0,0,0,2000,2,2,,POINT (-94.163967112113 41.496485939259)
2014780392,0115148A,01/15/2014,01-January,4-Wednesday,23:45,2300 Hours,District 4 (Southwest),,PAGE,IA 2,IA 2/IOWA 2,Collision with:  Animal,On Roadway,Non-collision (single vehicle),Animal,None Indicated,,Dark - roadway not lighted,Water (standing or moving),Cloudy,None apparent,Non-intersection:  Non-junction/no special feature,Paved,,Property Damage Only,0,0,0,0,0,0,3250,1,2,,POINT (-95.131886884425 40.742555180384)
2014779597,14-000188,01/15/2014,01-January,4-Wednesday,20:54,2000 Hours,District 1 (Central),ANKENY,POLK,IA 160,IA 160/SE ORALABOR RD & SE PEACHTREE DR,Collision with:  Vehicle in traffic,On Roadway,Rear-end (front to rear),Other (explain in narrative):  Other,None Indicated,,Dark - roadway lighted,Dry,Clear,None apparent,Non-intersection:  Non-junction/no special feature,Paved,,Property Damage Only,0,0,0,0,0,0,4000,2,2,,POINT (-93.594012648094 41.702883331787)
2014786900,2014-3423,01/15/2014,01-January,4-Wednesday,20:41,2000 Hours,District 6 (East Central),DAVENPORT,SCOTT,,ROCKINGHAM RD & N DIVISION ST,Collision with fixed object:  Utility pole/light support,Shoulder,Non-collision (single vehicle),Made improper turn,None Indicated,,Dark - roadway lighted,Dry,Clear,None apparent,Intersection:  T-intersection,Paved,,Property Damage Only,0,0,0,0,0,0,2000,1,2,,POINT (-90.601122410829 41.519530721538)
2014779710,14000636,01/15/2014,01-January,4-Wednesday,10:56,1000 Hours,District 5 (Southeast),CENTERVILLE,APPANOOSE,IA 2,IA 2/W MAPLE ST & S 12TH ST & N 12TH ST,Collision with:  Vehicle in traffic,On Roadway,Broadside (front to side),FTYROW:  From stop sign,None Indicated,,Daylight,Dry,Cloudy,None apparent,Intersection:  Other intersection (explain in narrative),Paved,,Property Damage Only,0,0,0,0,0,0,3200,2,4,,POINT (-92.875107482321 40.732525086746)
2014784081,,01/15/2014,01-January,4-Wednesday,17:03,1700 Hours,District 2 (Northeast),HAMPTON,FRANKLIN,IA 3,IA 3/CENTRAL AVE W,Collision with:  Vehicle in traffic,On Roadway,Broadside (front to side),FTYROW:  From driveway,None Indicated,,Dusk,Dry,Clear,None apparent,Non-intersection:  Driveway access (within),Paved,,Property Damage Only,0,0,0,0,0,0,2250,2,2,,POINT (-93.211255213916 42.741769302339)
2014780724,01-14-2157,01/15/2014,01-January,4-Wednesday,08:40,0800 Hours,District 6 (East Central),DUBUQUE,DUBUQUE,,GOLD ST,Collision with:  Vehicle in traffic,On Roadway,Head-on (front to front),Traveling wrong way or on wrong side of road,None Indicated,,Daylight,Dry,Clear,None apparent,Non-intersection:  Non-junction/no special feature,Paved,,Property Damage Only,0,0,0,0,0,0,2500,2,2,,POINT (-90.678766718833 42.510653014379)
2014780683,01-14-2220,01/15/2014,01-January,4-Wednesday,17:27,1700 Hours,District 6 (East Central),DUBUQUE,DUBUQUE,US 20,US 20/DODGE ST,Collision with:  Vehicle in traffic,On Roadway,Rear-end (front to rear),Lost Control,None Indicated,,Dark - roadway lighted,Dry,Cloudy,None apparent,Non-intersection:  Non-junction/no special feature,Paved,,Minor Injury,0,2,0,2,0,0,11000,3,3,,POINT (-90.736453010193 42.489276351369)
2014779581,201400763,01/15/2014,01-January,4-Wednesday,17:06,1700 Hours,District 6 (East Central),CEDAR RAPIDS,LINN,IA 922,IA 922/WILLIAMS BLVD,Collision with:  Vehicle in traffic,On Roadway,Broadside (front to side),FTYROW:  From driveway,None Indicated,,Dark - roadway lighted,Dry,Cloudy,None apparent,Non-intersection:  Driveway access (within),Paved,,Property Damage Only,0,0,0,0,0,0,5000,2,3,,POINT (-91.700751173772 41.9689400502)
2014782255,A390114-0099,01/15/2014,01-January,4-Wednesday,18:55,1800 Hours,District 4 (Southwest),,GUTHRIE,IA 44,IA 44/IOWA 44,Collision with:  Animal,,,Animal,None Indicated,,,,,,,Paved,,Property Damage Only,0,0,0,0,0,0,4000,1,1,,POINT (-94.387468865514 41.687882112507)
2014780356,PD1400443,01/15/2014,01-January,4-Wednesday,10:57,1000 Hours,District 5 (Southeast),FAIRFIELD,JEFFERSON,IA 1,IA 1/W MERRILL AVE,Collision with:  Vehicle in traffic,On Roadway,Rear-end (front to rear),Other (explain in narrative):  Other,None Indicated,,Daylight,Dry,Cloudy,None apparent,Non-intersection:  Non-junction/no special feature,Paved,,Property Damage Only,0,0,0,0,0,0,1700,2,3,,POINT (-91.967500694147 41.014805596737)
2014779877,2014-3301,01/15/2014,01-January,4-Wednesday,08:08,0800 Hours,District 6 (East Central),DAVENPORT,SCOTT,,E 53RD ST & EASTERN AVE,Collision with:  Vehicle in traffic,On Roadway,"Angle, oncoming left turn",FTYROW:  Making left turn,None Indicated,,Daylight,Dry,Clear,None apparent,Intersection:  Four-way intersection,Paved,,Property Damage Only,0,0,0,0,0,0,6000,2,2,,POINT (-90.551320806069 41.574716355054)
2014779657,14-1481,01/15/2014,01-January,4-Wednesday,15:59,1500 Hours,District 3 (Northwest),SIOUX CITY,WOODBURY,IA 12,IA 12/GORDON DR,Collision with:  Vehicle in traffic,On Roadway,Rear-end (front to rear),Other (explain in narrative):  Other,None Indicated,,Daylight,Dry,Cloudy,None apparent,Intersection:  Four-way intersection,Paved,,Property Damage Only,0,0,0,0,0,0,9300,3,4,,POINT (-96.334598515995 42.475695871673)
2014779512,W14-004755,01/15/2014,01-January,4-Wednesday,05:50,0500 Hours,District 2 (Northeast),WATERLOO,BLACK HAWK,,WESTFIELD AVE & FLETCHER AVE,Collision with:  Vehicle in traffic,On Roadway,Rear-end (front to rear),Improper Backing,None Indicated,,Dark - roadway lighted,Dry,Clear,None apparent,Intersection:  Other intersection (explain in narrative),Paved,,Property Damage Only,0,0,0,0,0,0,1750,2,2,,POINT (-92.366001691447 42.503955365852)
2014781226,,01/15/2014,01-January,4-Wednesday,16:35,1600 Hours,District 2 (Northeast),ELKADER,CLAYTON,,MAIN ST NW,Collision with:  Vehicle in traffic,On Roadway,"Sideswipe, same direction",Crossed centerline (undivided),None Indicated,,Dusk,Snow,Cloudy,"Surface condition (e.g., wet, icy)",Non-intersection:  Driveway access (within),Paved,,Property Damage Only,0,0,0,0,0,0,3075,2,3,,POINT (-91.410083029187 42.859817962616)
2014779445,20140001294,01/15/2014,01-January,4-Wednesday,11:50,1100 Hours,District 1 (Central),DES MOINES,POLK,,ARMY POST RD,Collision with:  Vehicle in traffic,On Roadway,"Angle, oncoming left turn",FTYROW:  Making left turn,None Indicated,,Daylight,Dry,Cloudy,None apparent,Intersection:  T-intersection,Paved,,Property Damage Only,0,0,0,0,0,0,4000,2,2,,POINT (-93.629314112909 41.526514430047)
2014779775,201400143,01/15/2014,01-January,4-Wednesday,12:57,1200 Hours,District 6 (East Central),CEDAR RAPIDS,LINN,I-380,I-380 & 7TH ST NE,Collision with fixed object:  Bridge overhead structure,On Roadway,Non-collision (single vehicle),"Operating vehicle in an reckless, erratic, careless, negligent manner",Alcohol (Statutory),,Daylight,Dry,Clear,None apparent,Non-intersection:  Other non-intersection (explain in narrative),Paved,,Property Damage Only,0,0,0,0,0,0,7500,1,1,,POINT (-91.664548178512 41.983259112932)
2014780677,01-14-2204,01/15/2014,01-January,4-Wednesday,14:36,1400 Hours,District 6 (East Central),DUBUQUE,DUBUQUE,US 52,US 52/E 11TH ST/WHITE ST,Collision with:  Vehicle in traffic,On Roadway,Broadside (front to side),Ran Traffic Signal,None Indicated,,Daylight,Dry,Clear,None apparent,Intersection:  Four-way intersection,Paved,,Minor Injury,0,1,0,1,0,0,10000,2,3,,POINT (-90.665411780655 42.504186011227)
2014783810,14-000319,01/15/2014,01-January,4-Wednesday,18:41,1800 Hours,District 2 (Northeast),GUTTENBERG,CLAYTON,,NOBLE RD,Collision with:  Animal,On Roadway,Non-collision (single vehicle),Animal,None Indicated,,Dark - roadway not lighted,Ice/frost,Clear,"Surface condition (e.g., wet, icy)",Non-intersection:  Non-junction/no special feature,Unpaved,,Property Damage Only,0,0,0,0,0,0,7100,1,1,,POINT (-91.08344043225 42.71462435432)
2014780189,2014-00932,01/15/2014,01-January,4-Wednesday,18:49,1800 Hours,District 5 (Southeast),INDIANOLA,WARREN,,W JACKSON AVE & N E ST,Collision with:  Vehicle in traffic,On Roadway,"Angle, oncoming left turn",FTYROW:  From yield sign,None Indicated,,Dark - roadway lighted,Dry,Cloudy,None apparent,Intersection:  T-intersection,Paved,,Property Damage Only,0,0,0,0,0,0,4500,2,2,,POINT (-93.568043083538 41.370328445671)
2014781419,2014-3402,01/15/2014,01-January,4-Wednesday,17:00,1700 Hours,District 6 (East Central),DAVENPORT,SCOTT,US 6,US 6/SPRUCE HILLS DR,Collision with:  Vehicle in traffic,On Roadway,Rear-end (front to rear),Followed too close,None Indicated,,Dark - roadway lighted,Dry,Clear,None apparent,Non-intersection:  Non-junction/no special feature,Paved,,Possible/Unknown,0,1,0,0,1,0,15000,5,7,,POINT (-90.526864546405 41.554937060346)
2014779513,W14-004914,01/15/2014,01-January,4-Wednesday,17:55,1700 Hours,District 2 (Northeast),WATERLOO,BLACK HAWK,,W 8TH ST,Collision with:  Vehicle in traffic,On Roadway,"Sideswipe, opposite direction",Lost Control,None Indicated,,Daylight,Ice/frost,Clear,None apparent,Intersection:  Four-way intersection,Paved,,Property Damage Only,0,0,0,0,0,0,2000,2,2,,POINT (-92.340940141959 42.487837634196)
2014779712,14000648,01/15/2014,01-January,4-Wednesday,17:35,1700 Hours,District 5 (Southeast),,APPANOOSE,IA 202,IA 202/IOWA 202,Collision with:  Animal,,,Animal,None Indicated,,,,,,,Paved,,Property Damage Only,0,0,0,0,0,0,3500,1,1,,POINT (-92.676435090452 40.693482955013)
2014779442,20140001274,01/15/2014,01-January,4-Wednesday,07:55,0700 Hours,District 1 (Central),DES MOINES,POLK,IA 28,IA 28/63RD ST,Collision with:  Vehicle in traffic,On Roadway,Rear-end (front to rear),Followed too close,None Indicated,,Daylight,Dry,Cloudy,None apparent,Non-intersection:  Non-junction/no special feature,Paved,,Property Damage Only,0,0,0,0,0,0,3000,2,2,,POINT (-93.703731766062 41.608985986633)
2014782741,14-000214,01/15/2014,01-January,4-Wednesday,13:13,1300 Hours,District 3 (Northwest),,LYON,,DOGWOOD AVE,Collision with:  Vehicle in traffic,On Roadway,Rear-end (front to rear),Followed too close,None Indicated,,Daylight,"Mud, dirt",Clear,None apparent,Non-intersection:  Driveway access (within),Unpaved,,Property Damage Only,0,0,0,0,0,0,7200,2,2,,POINT (-96.349787857955 43.455206732048)
2014779930,14000701,01/15/2014,01-January,4-Wednesday,09:42,0900 Hours,District 2 (Northeast),MASON CITY,CERRO GORDO,US 65,US 65/N FEDERAL AVE,Collision with:  Vehicle in traffic,On Roadway,Rear-end (front to rear),Swerving/Evasive Action,None Indicated,,Daylight,Wet,Cloudy,None apparent,Intersection:  T-intersection,Paved,,Property Damage Only,0,0,0,0,0,0,11500,3,5,,POINT (-93.201000742625 43.177510958794)
2014779441,20140001273,01/15/2014,01-January,4-Wednesday,07:35,0700 Hours,District 1 (Central),DES MOINES,POLK,IA 163,IA 163/E UNIVERSITY AVE & HUBBELL AVE,Collision with:  Vehicle in traffic,On Roadway,Rear-end (front to rear),Lost Control,None Indicated,,Daylight,Dry,Cloudy,None apparent,Intersection:  Four-way intersection,Paved,,Property Damage Only,0,0,0,0,0,0,3000,2,3,,POINT (-93.578517051027 41.600514931341)
2014780923,,01/15/2014,01-January,4-Wednesday,21:13,2100 Hours,District 2 (Northeast),,FLOYD,US 18,US 18,,On Roadway,Non-collision (single vehicle),Swerving/Evasive Action,None Indicated,,Dark - roadway not lighted,Ice/frost,Severe winds,None apparent,Non-intersection:  Non-junction/no special feature,Paved,,Property Damage Only,0,0,0,0,0,0,10000,1,1,,POINT (-92.783661246446 43.127199926536)
2014783565,1401150916,01/15/2014,01-January,4-Wednesday,09:40,0900 Hours,District 6 (East Central),,JONES,,Co Rd E17/CO RD E-17,Non-collision events:  Other non-collision (explain in narrative),Roadside,Non-collision (single vehicle),Ran off road - right,None Indicated,,Daylight,Other (explain in narrative),Clear,None apparent,Non-intersection:  Non-junction/no special feature,Paved,,Property Damage Only,0,0,0,0,0,0,4500,1,1,,POINT (-91.093962767527 42.173442461642)
2014779931,14000704,01/15/2014,01-January,4-Wednesday,10:10,1000 Hours,District 2 (Northeast),MASON CITY,CERRO GORDO,,15TH ST SW,Collision with:  Vehicle in traffic,On Roadway,"Sideswipe, opposite direction",Driving too fast for conditions,None Indicated,,Daylight,Ice/frost,Cloudy,"Surface condition (e.g., wet, icy)",Non-intersection:  Non-junction/no special feature,Paved,,Property Damage Only,0,0,0,0,0,0,78400,2,2,,POINT (-93.220285240445 43.137502981605)
2014779589,14 00000242,01/15/2014,01-January,4-Wednesday,08:13,0800 Hours,District 2 (Northeast),,MITCHELL,US 218,US 218,Non-collision events:  Other non-collision (explain in narrative),On Roadway,Non-collision (single vehicle),Lost Control,None Indicated,,Daylight,Ice/frost,Clear,"Surface condition (e.g., wet, icy)",Non-intersection:  Non-junction/no special feature,Paved,,Property Damage Only,0,0,0,0,0,0,2500,1,1,,POINT (-92.740927141564 43.284262219001)
2014779862,14-824,01/15/2014,01-January,4-Wednesday,13:11,1300 Hours,District 6 (East Central),BETTENDORF,SCOTT,,18TH ST & LEARNING CAMPUS DR,Collision with:  Vehicle in traffic,On Roadway,Broadside (front to side),Ran Traffic Signal,None Indicated,,Daylight,Dry,Clear,None apparent,Intersection:  Four-way intersection,Paved,,Possible/Unknown,0,1,0,0,1,0,8000,2,4,,POINT (-90.500983608782 41.55167527067)
2014779737,1401152792,01/15/2014,01-January,4-Wednesday,20:20,2000 Hours,District 6 (East Central),,CLINTON,IA 136,IA 136/IOWA 136,Non-collision events:  Overturn/rollover,Roadside,Non-collision (single vehicle),Crossed centerline (undivided),None Indicated,,Dark - roadway not lighted,Dry,Clear,None apparent,Non-intersection:  Non-junction/no special feature,Paved,,Possible/Unknown,0,1,0,0,1,0,5400,1,1,,POINT (-90.306513307618 41.918371375738)
2014779443,20140001276,01/15/2014,01-January,4-Wednesday,08:07,0800 Hours,District 1 (Central),DES MOINES,POLK,,DES MOINES ST & E 6TH ST,Collision with:  Vehicle in traffic,On Roadway,Broadside (front to side),FTYROW:  From stop sign,None Indicated,,Daylight,Dry,Cloudy,None apparent,Intersection:  Four-way intersection,Paved,,Property Damage Only,0,0,0,0,0,0,4000,2,2,,POINT (-93.610596053204 41.591954282488)
2014780343,14000319,01/15/2014,01-January,4-Wednesday,18:53,1800 Hours,District 1 (Central),,HAMILTON,IA 175,IA 175/330TH ST,Collision with:  Animal,On Roadway,Non-collision (single vehicle),Animal,None Indicated,,Dark - roadway not lighted,Dry,Cloudy,None apparent,Non-intersection:  Non-junction/no special feature,Paved,,Property Damage Only,0,0,0,0,0,0,1800,1,1,,POINT (-93.46463055173 42.310507790374)
2014781201,2014003221,01/15/2014,01-January,4-Wednesday,19:45,1900 Hours,District 4 (Southwest),,MILLS,,Co Rd L63/310TH ST,Collision with fixed object:  Ditch,Roadside,Non-collision (single vehicle),Ran off road - left,None Indicated,,Dark - roadway not lighted,Dry,Clear,None apparent,Non-intersection:  Other non-intersection (explain in narrative),Paved,,Major Injury,0,1,1,0,0,0,10000,1,1,,POINT (-95.594486834919 40.911402288797)
2014779444,20140001289,01/15/2014,01-January,4-Wednesday,10:46,1000 Hours,District 1 (Central),DES MOINES,POLK,,MCKINLEY AVE & FLEUR DR,Collision with:  Vehicle in traffic,On Roadway,Broadside (front to side),FTYROW:  Making right turn on red signal,None Indicated,,Daylight,Dry,Clear,None apparent,Non-intersection:  Non-junction/no special feature,Paved,,Property Damage Only,0,0,0,0,0,0,2600,2,3,,POINT (-93.645039890129 41.540983145658)
2014780212,2014003178,01/15/2014,01-January,4-Wednesday,15:00,1500 Hours,District 1 (Central),,POLK,US 69,US 69/NE 14TH ST & Co Rd F22/NE 126TH AVE,Collision with:  Vehicle in traffic,On Roadway,Broadside (front to side),FTYROW:  From stop sign,None Indicated,,Daylight,Dry,Clear,None apparent,Intersection:  Four-way intersection,Paved,,Property Damage Only,0,0,0,0,0,0,15500,2,2,,POINT (-93.600376137789 41.791254054423)
2014779766,2014000448,01/15/2014,01-January,4-Wednesday,15:24,1500 Hours,District 6 (East Central),IOWA CITY,JOHNSON,,E COURT ST & S CLINTON ST,Collision with:  Vehicle in traffic,On Roadway,Broadside (front to side),Ran Stop Sign,None Indicated,,Daylight,Dry,Cloudy,None apparent,Intersection:  Four-way intersection,Paved,,Property Damage Only,0,0,0,0,0,0,10000,2,2,,POINT (-91.53464554397 41.656616261777)
2014781311,01-14-2232,01/15/2014,01-January,4-Wednesday,19:01,1900 Hours,District 6 (East Central),DUBUQUE,DUBUQUE,US 52,US 52/CENTRAL AVE & W 12TH ST,Collision with fixed object:  Utility pole/light support,On Roadway,Non-collision (single vehicle),Other (explain in narrative):  Other,None Indicated,,Dark - roadway lighted,Dry,Cloudy,None apparent,Non-intersection:  Non-junction/no special feature,Paved,,Property Damage Only,0,0,0,0,0,0,2500,1,0,,POINT (-90.666876359691 42.504729149544)
2014779860,14-803,01/15/2014,01-January,4-Wednesday,08:22,0800 Hours,District 6 (East Central),BETTENDORF,SCOTT,,CENTRAL AVE & 19TH ST,Collision with:  Vehicle in traffic,On Roadway,"Angle, oncoming left turn",FTYROW:  From stop sign,None Indicated,,Daylight,Dry,Clear,None apparent,Intersection:  Four-way intersection,Paved,,Property Damage Only,0,0,0,0,0,0,2000,2,5,,POINT (-90.505419222541 41.531426304611)
2014779544,2014000440,01/15/2014,01-January,4-Wednesday,08:07,0800 Hours,District 6 (East Central),IOWA CITY,JOHNSON,,,Collision with:  Parked motor vehicle,On Roadway,Broadside (front to side),Improper Backing,None Indicated,,Daylight,Dry,Clear,None apparent,Non-intersection:  Driveway access (within),,,Property Damage Only,0,0,0,0,0,0,1600,2,1,,POINT (-96.643700149993 40.233091251414)
2014779522,140099,01/15/2014,01-January,4-Wednesday,08:29,0800 Hours,District 3 (Northwest),DENISON,CRAWFORD,,3RD AVE N & N MAIN ST,Collision with:  Vehicle in traffic,On Roadway,Broadside (front to side),FTYROW:  From driveway,None Indicated,,Daylight,Dry,Cloudy,None apparent,Non-intersection:  Driveway access (within),Paved,,Property Damage Only,0,0,0,0,0,0,2000,2,3,,POINT (-95.355280998432 42.020157146894)
2014781870,201400745,01/15/2014,01-January,4-Wednesday,07:40,0700 Hours,District 6 (East Central),CEDAR RAPIDS,LINN,,WILEY BLVD NW,Collision with:  Parked motor vehicle,On Roadway,Rear-end (front to rear),Lost Control,None Indicated,,Dawn,Dry,Clear,None apparent,Non-intersection:  Non-junction/no special feature,Paved,,Property Damage Only,0,0,0,0,0,0,5500,2,1,,POINT (-91.725703253167 41.976487984177)
2014779714,W14-004929,01/15/2014,01-January,4-Wednesday,19:00,1900 Hours,District 2 (Northeast),WATERLOO,BLACK HAWK,,GRANT AVE,Collision with:  Vehicle in traffic,On Roadway,Head-on (front to front),Improper Backing,Alcohol (Statutory),,Dark - roadway lighted,Dry,Cloudy,None apparent,Non-intersection:  Non-junction/no special feature,Paved,,Property Damage Only,0,0,0,0,0,0,3000,2,1,,POINT (-92.341514478151 42.486445029097)
2014783566,1401151117,01/15/2014,01-January,4-Wednesday,11:17,1100 Hours,District 6 (East Central),,JONES,US 151,US 151,Non-collision events:  Overturn/rollover,On Roadway,Non-collision (single vehicle),Ran off road - left,None Indicated,,Daylight,Dry,Clear,None apparent,Non-intersection:  Non-junction/no special feature,Paved,,Possible/Unknown,0,1,0,0,1,0,5000,1,2,,POINT (-91.084061694254 42.286318416332)
2014780922,,01/15/2014,01-January,4-Wednesday,22:16,2200 Hours,District 2 (Northeast),,FLOYD,US 18,US 18 & MARCH AVE,,Outside trafficway,Non-collision (single vehicle),Other (explain in narrative):  No improper action,None Indicated,,Dark - roadway not lighted,Ice/frost,"Blowing sand, soil, dirt","Surface condition (e.g., wet, icy)",Non-intersection:  Non-junction/no special feature,Paved,,Property Damage Only,0,0,0,0,0,0,3000,1,1,,POINT (-92.790374041189 43.127131377239)
2014779653,14-1435,01/15/2014,01-January,4-Wednesday,08:22,0800 Hours,District 3 (Northwest),SIOUX CITY,WOODBURY,IA 12,IA 12/GORDON DR & S MARTHA ST,Collision with:  Vehicle in traffic,On Roadway,Rear-end (front to rear),Other (explain in narrative):  Other,None Indicated,,Daylight,Dry,Clear,None apparent,Intersection:  Four-way intersection,Paved,,Property Damage Only,0,0,0,0,0,0,7000,2,3,,POINT (-96.361530700163 42.486389037317)
2014779680,,01/15/2014,01-January,4-Wednesday,13:08,1300 Hours,District 4 (Southwest),,ADAIR,,Co Rd G27/160TH ST,Collision with fixed object:  Ditch,On Roadway,Non-collision (single vehicle),Crossed centerline (undivided),None Indicated,,Daylight,Dry,Cloudy,None apparent,Non-intersection:  Non-junction/no special feature,Paved,,Property Damage Only,0,0,0,0,0,0,50150,1,1,,POINT (-94.593630931442 41.417350112572)