Iowa DOT Case Number,Law Enforcement Case Number,Date of Crash,Month of Crash,Day of Week,Time of Crash,Hour,DOT District,City Name,County Name,Route with System,Location Description,First Harmful Event,Location of First Harmful Event,Manner of Crash/Collision,Major Cause,Drug or Alcohol ,Environmental Conditions,Light Conditions,Surface Conditions,Weather Conditions,Roadway Contribution,Roadway Type,Roadway Surface,Work Zone,Crash Severity,Number of Fatalities,Number of Injuries,Number of Major Injuries,Number of Minor Injuries,Number of Possible Injuries,Number of Unknown Injuries,Amount of Property Damage,Number of Vehicles Involved,Total Number of Occupants,Travel Direction,Location
2014781453,2014003067,01/15/2014,01-January,4-Wednesday,03:35,0300 Hours,District 1 (Central),,POLK,I-35,I-35,Collision with fixed object:  Concrete traffic barrier (median or right side),Shoulder,Non-collision (single vehicle),Swerving/Evasive Action,None Indicated,,Dark - roadway not lighted,Dry,Clear,None apparent,Non-intersection:  Non-junction/no special feature,Paved,,Minor Injury,0,2,0,2,0,0,35747,1,2,,POINT (-93.665215485562 41.650666342788)
2014783240,14-1194,01/15/2014,01-January,4-Wednesday,07:13,0700 Hours,District 1 (Central),NEWTON,JASPER,,N 3RD AVE E,Collision with:  Vehicle in traffic,On Roadway,Head-on (front to front),Lost Control,None Indicated,,Daylight,Dry,Clear,None apparent,Non-intersection:  Non-junction/no special feature,Paved,,Possible/Unknown,0,1,0,0,1,0,7600,3,777,,POINT (-93.047558043904 41.701463353346)
2014780044,14012,01/15/2014,01-January,4-Wednesday,15:45,1500 Hours,District 5 (Southeast),PELLA,MARION,,WASHINGTON ST & W 1ST ST,Collision with:  Vehicle in traffic,On Roadway,Broadside (front to side),FTYROW:  From stop sign,None Indicated,,Daylight,Dry,Cloudy,None apparent,Intersection:  Four-way intersection,Paved,,Property Damage Only,0,0,0,0,0,0,4000,2,2,,POINT (-92.920089186394 41.408084471937)
2014779592,14-304,01/15/2014,01-January,4-Wednesday,08:59,0800 Hours,District 1 (Central),,POLK,US 69,US 69/NE 14TH ST,Collision with:  Vehicle in traffic,On Roadway,Head-on (front to front),Crossed centerline (undivided),None Indicated,,Daylight,Dry,Clear,None apparent,Non-intersection:  Non-junction/no special feature,Paved,,Minor Injury,0,3,0,3,0,0,10000,2,4,,POINT (-93.600554904933 41.66325408087)
2014779611,14-0243,01/15/2014,01-January,4-Wednesday,21:20,2100 Hours,District 1 (Central),WEST DES MOINES,POLK,I-235,I-235,Collision with:  Vehicle in traffic,On Roadway,"Sideswipe, same direction",FTYROW:  Other (explain in narrative),None Indicated,,Dark - roadway lighted,Dry,Clear,None apparent,Interchange-related:  On-ramp merge area,Paved,,Possible/Unknown,0,2,0,0,2,0,400,2,3,,POINT (-93.732559881805 41.593133358877)
2014779722,14-000520,01/15/2014,01-January,4-Wednesday,18:48,1800 Hours,District 3 (Northwest),,CARROLL,,280TH ST & RANCH AVE,Non-collision events:  Overturn/rollover,On Roadway,Non-collision (single vehicle),Over correcting/over steering,None Indicated,,Dark - roadway not lighted,Dry,Clear,None apparent,Non-intersection:  Non-junction/no special feature,Unpaved,,Property Damage Only,0,0,0,0,0,0,6000,1,2,,POINT (-94.754946141492 41.949845190335)
2014783009,14-0100,01/15/2014,01-January,4-Wednesday,09:06,0900 Hours,District 2 (Northeast),OSAGE,MITCHELL,,PARK ST & S 6TH ST,Collision with:  Vehicle in traffic,On Roadway,Broadside (front to side),FTYROW:  At uncontrolled intersection,None Indicated,,Daylight,Snow,Clear,None apparent,Non-intersection:  Non-junction/no special feature,Paved,,Property Damage Only,0,0,0,0,0,0,3200,2,2,,POINT (-92.812850411563 43.279224834144)
2014779910,14001724,01/15/2014,01-January,4-Wednesday,17:24,1700 Hours,District 2 (Northeast),CEDAR FALLS,BLACK HAWK,,W VIKING RD,Collision with:  Vehicle in traffic,On Roadway,Rear-end (front to rear),Other (explain in narrative):  Other,None Indicated,,Dark - roadway lighted,Dry,Clear,None apparent,Non-intersection:  Non-junction/no special feature,Paved,,Property Damage Only,0,0,0,0,0,0,5000,2,2,,POINT (-92.467081599375 42.484089723386)
2014779779,14001001,01/15/2014,01-January,4-Wednesday,07:39,0700 Hours,District 6 (East Central),MARION,LINN,,33RD AVE,Collision with:  Vehicle in traffic,On Roadway,Broadside (front to side),FTYROW:  From driveway,None Indicated,,Daylight,Snow,Clear,None apparent,Non-intersection:  Driveway access (within),Paved,,Property Damage Only,0,0,0,0,0,0,2600,2,2,,POINT (-91.599788397735 42.054168948744)
2014781743,2014003088,01/15/2014,01-January,4-Wednesday,08:16,0800 Hours,District 1 (Central),ANKENY,POLK,I-35,I-35 & I-80,Collision with:  Vehicle in traffic,On Roadway,"Sideswipe, same direction",FTYROW:  Other (explain in narrative),None Indicated,,Daylight,Dry,Cloudy,None apparent,Interchange-related:  On-ramp merge area,Paved,,Property Damage Only,0,0,0,0,0,0,1650,2,2,,POINT (-93.572269267126 41.652571798031)
2014779446,20140001288,01/15/2014,01-January,4-Wednesday,10:30,1000 Hours,District 1 (Central),DES MOINES,POLK,US 69,US 69/E 14TH ST,Collision with:  Vehicle in traffic,On Roadway,Broadside (front to side),FTYROW:  Other (explain in narrative),None Indicated,,Daylight,Dry,Clear,None apparent,Non-intersection:  Non-junction/no special feature,Paved,,Property Damage Only,0,0,0,0,0,0,1750,2,3,,POINT (-93.600515825703 41.606013632865)
2014779778,14000998,01/15/2014,01-January,4-Wednesday,07:05,0700 Hours,District 6 (East Central),MARION,LINN,,29TH AVE,Collision with:  Vehicle in traffic,On Roadway,Rear-end (front to rear),Followed too close,None Indicated,,Dawn,Dry,Clear,None apparent,Non-intersection:  Non-junction/no special feature,Paved,,Property Damage Only,0,0,0,0,0,0,3000,2,2,,POINT (-91.550573564367 42.050198516993)
2014782220,13-000333,01/15/2014,01-January,4-Wednesday,14:44,1400 Hours,District 4 (Southwest),PERRY,DALLAS,,WILLIS AVE & 7TH ST,Collision with:  Vehicle in traffic,On Roadway,Broadside (front to side),FTYROW:  From stop sign,None Indicated,,Daylight,Dry,Cloudy,None apparent,Intersection:  Four-way intersection,Paved,,Property Damage Only,0,0,0,0,0,0,2000,2,2,,POINT (-94.098361492172 41.83846932045)
2014785448,,01/15/2014,01-January,4-Wednesday,17:03,1700 Hours,District 4 (Southwest),,FREMONT,,Co Rd J32/190 ST & Co Rd M16/370 AVE,Collision with:  Vehicle in traffic,On Roadway,"Angle, oncoming left turn",FTYROW:  Making left turn,None Indicated,,Dusk,Dry,Cloudy,None apparent,Intersection:  Four-way intersection,Paved,,Major Injury,0,3,3,0,0,0,10000,2,3,,POINT (-95.47938298627 40.771531412825)
2014779602,20140001354,01/15/2014,01-January,4-Wednesday,15:00,1500 Hours,District 1 (Central),DES MOINES,POLK,US 6,US 6/E EUCLID AVE & US 69/E 14TH ST,Collision with:  Vehicle in traffic,On Roadway,"Sideswipe, same direction",Unknown,None Indicated,,Daylight,Unknown,Unknown,Unknown,Non-intersection:  Non-junction/no special feature,Paved,,Property Damage Only,0,0,0,0,0,0,1500,2,2,,POINT (-93.600501053717 41.627712082296)
2014779596,14-000183,01/15/2014,01-January,4-Wednesday,14:28,1400 Hours,District 1 (Central),ANKENY,POLK,,NE 36TH ST & NE DELAWARE AVE,Collision with:  Vehicle in traffic,On Roadway,"Angle, oncoming left turn",FTYROW:  Making left turn,None Indicated,,Daylight,Dry,Clear,None apparent,Intersection:  Four-way intersection,Paved,,Possible/Unknown,0,2,0,0,2,0,10000,2,2,,POINT (-93.581085665813 41.76084665093)
2014782092,14-070115-01,01/15/2014,01-January,4-Wednesday,23:40,2300 Hours,District 6 (East Central),,IOWA,US 6,US 6,Collision with:  Animal,,,Animal,None Indicated,,,,,,,Paved,,Property Damage Only,0,0,0,0,0,0,1500,1,1,,POINT (-91.987561390316 41.776517453894)
2014779929,14000694,01/15/2014,01-January,4-Wednesday,07:18,0700 Hours,District 2 (Northeast),MASON CITY,CERRO GORDO,,19TH ST SW,Non-collision events:  Overturn/rollover,On Roadway,Non-collision (single vehicle),Driving too fast for conditions,None Indicated,,Dawn,Ice/frost,Cloudy,"Surface condition (e.g., wet, icy)",Non-intersection:  Non-junction/no special feature,Paved,,Property Damage Only,0,0,0,0,0,0,3000,1,1,,POINT (-93.247174007305 43.133738049046)
2014783133,201400002496,01/15/2014,01-January,4-Wednesday,14:41,1400 Hours,District 5 (Southeast),OTTUMWA,WAPELLO,,N JEFFERSON ST & NORRIS ST,Collision with:  Vehicle in traffic,On Roadway,"Angle, oncoming left turn",Lost Control,None Indicated,,Daylight,"Mud, dirt",Clear,None apparent,Non-intersection:  Non-junction/no special feature,Paved,,Property Damage Only,0,0,0,0,0,0,3500,2,777,,POINT (-92.402553747771 41.020106810156)
2014779509,14004843,01/15/2014,01-January,4-Wednesday,13:53,1300 Hours,District 2 (Northeast),CEDAR FALLS,BLACK HAWK,,12TH ST & CLAY ST,Collision with:  Vehicle in traffic,On Roadway,Broadside (front to side),Ran Stop Sign,None Indicated,,Daylight,Dry,Cloudy,None apparent,Intersection:  Four-way intersection,Paved,,Property Damage Only,0,0,0,0,0,0,2500,2,3,,POINT (-92.448167825471 42.527642486848)
2014780277,,01/15/2014,01-January,4-Wednesday,07:53,0700 Hours,District 2 (Northeast),CALMAR,WINNESHIEK,,,Collision with:  Vehicle in traffic,On Roadway,Broadside (front to side),Other (explain in narrative):  Vision obstructed,None Indicated,,Daylight,Snow,Clear,None apparent,Intersection:  T-intersection,,,Property Damage Only,0,0,0,0,0,0,8500,2,3,,POINT (-96.643700149993 40.233091251414)
2014788002,A14004,01/15/2014,01-January,4-Wednesday,18:34,1800 Hours,District 5 (Southeast),KNOXVILLE,MARION,IA 5,IA 5/IOWA 5,Collision with:  Animal,On Roadway,Non-collision (single vehicle),Animal,None Indicated,,Dark - roadway not lighted,Dry,Cloudy,None apparent,Non-intersection:  Non-junction/no special feature,Paved,,Property Damage Only,0,0,0,0,0,0,4000,1,1,,POINT (-93.116028791216 41.305528341602)
2014779595,14-000176,01/15/2014,01-January,4-Wednesday,07:30,0700 Hours,District 1 (Central),ANKENY,POLK,I-35,I-35 & E 1ST ST,Collision with:  Vehicle in traffic,On Roadway,Rear-end (front to rear),Followed too close,None Indicated,,Daylight,Dry,Cloudy,None apparent,Interchange-related:  On-ramp merge area,Paved,,Possible/Unknown,0,1,0,0,1,0,9000,2,2,,POINT (-93.578948748968 41.731881875183)
2014780661,140359,01/15/2014,01-January,4-Wednesday,16:07,1600 Hours,District 4 (Southwest),,DALLAS,IA 44,IA 44/240TH ST & Co Rd R30/W AVE,Collision with:  Vehicle in traffic,On Roadway,Broadside (front to side),FTYROW:  Making left turn,None Indicated,,Daylight,Dry,Clear,None apparent,Intersection:  Four-way intersection,Paved,,Property Damage Only,0,0,0,0,0,0,15000,2,2,,POINT (-93.853078222186 41.688255046257)
2014826424,2014-0312,01/15/2014,01-January,4-Wednesday,18:00,1800 Hours,District 6 (East Central),LE CLAIRE,SCOTT,,TERRITORIAL RD,Collision with:  Animal,,,Animal,None Indicated,,,,,,,Paved,,Property Damage Only,0,0,0,0,0,0,2200,1,1,,POINT (-90.346438366234 41.613775376099)
2014780869,14-000064,01/16/2014,01-January,5-Thursday,16:00,1600 Hours,District 1 (Central),JOHNSTON,POLK,,NW 57TH AVE & NW BEAVER DR,Collision with:  Vehicle in traffic,On Roadway,Rear-end (front to rear),Lost Control,None Indicated,,Daylight,Ice/frost,Snow,"Surface condition (e.g., wet, icy)",Intersection:  Four-way intersection,Paved,,Property Damage Only,0,0,0,0,0,0,7500,3,3,,POINT (-93.684258872034 41.663984185103)
2014780253,2014-0013,01/16/2014,01-January,5-Thursday,16:57,1600 Hours,District 5 (Southeast),CARLISLE,WARREN,,S 1ST ST,Collision with:  Vehicle in traffic,On Roadway,Unknown,Other (explain in narrative):  No improper action,None Indicated,,Dusk,Ice/frost,Snow,"Surface condition (e.g., wet, icy)",Non-intersection:  Driveway access (within),Paved,,Property Damage Only,0,0,0,0,0,0,3500,2,5,,POINT (-93.486693347831 41.49653627003)
2014780141,14-0112,01/16/2014,01-January,5-Thursday,15:30,1500 Hours,District 1 (Central),URBANDALE,POLK,,100TH ST & NORTHPARK DR,Collision with:  Vehicle in traffic,On Roadway,Broadside (front to side),Driving too fast for conditions,None Indicated,,Daylight,Ice/frost,Snow,None apparent,Intersection:  T-intersection,Paved,,Property Damage Only,0,0,0,0,0,0,6000,2,2,,POINT (-93.755918388019 41.654582156057)
2014779992,14-1322,01/16/2014,01-January,5-Thursday,17:43,1700 Hours,District 1 (Central),BAXTER,JASPER,US 65,US 65/US 65 N,Collision with:  Vehicle in traffic,On Roadway,"Sideswipe, same direction",Swerving/Evasive Action,None Indicated,,Dark - unknown roadway lighting,Snow,Snow,"Surface condition (e.g., wet, icy)",Non-intersection:  Non-junction/no special feature,Paved,,Property Damage Only,0,0,0,0,0,0,2000,2,6,,POINT (-93.322192341902 41.799063235577)
2014780329,14000417,01/16/2014,01-January,5-Thursday,13:51,1300 Hours,District 6 (East Central),,DELAWARE,,Co Rd X47/310TH AVE,Collision with fixed object:  Ditch,On Roadway,Non-collision (single vehicle),Ran off road - right,None Indicated,,Daylight,Ice/frost,Cloudy,None apparent,Non-intersection:  Non-junction/no special feature,Paved,,Property Damage Only,0,0,0,0,0,0,1500,1,2,,POINT (-91.189498757534 42.375909811456)
2014815496,,01/16/2014,01-January,5-Thursday,14:50,1400 Hours,District 3 (Northwest),WALL LAKE,SAC,,5TH ST & SHERWOOD ST,Collision with:  Vehicle in traffic,On Roadway,"Angle, oncoming left turn",Other (explain in narrative):  Vision obstructed,None Indicated,,Daylight,Snow,"Sleet, hail",,,Paved,,Property Damage Only,0,0,0,0,0,0,6500,2,3,,POINT (-95.089101528859 42.274332945384)
2014781092,S14-000151,01/16/2014,01-January,5-Thursday,16:15,1600 Hours,District 4 (Southwest),,POTTAWATTAMIE,,Co Rd L20/OLD LINCOLN HWY & SCHOOL HILL AVE,Collision with:  Other non-fixed object (explain in narrative),On Roadway,Non-collision (single vehicle),Other (explain in narrative):  No improper action,None Indicated,,Daylight,Dry,Cloudy,None apparent,Non-intersection:  Non-junction/no special feature,Paved,,Property Damage Only,0,0,0,0,0,0,1500,1,1,,POINT (-95.837411840862 41.300299557076)
2014780219,2014003547,01/16/2014,01-January,5-Thursday,19:15,1900 Hours,District 1 (Central),DES MOINES,POLK,I-35,I-35 & US 69/NE 14TH ST,Collision with:  Vehicle in traffic,On Roadway,"Sideswipe, same direction",Driving too fast for conditions,None Indicated,,Dark - roadway lighted,Ice/frost,Severe winds,None apparent,Non-intersection:  Other non-intersection (explain in narrative),Paved,,Property Damage Only,0,0,0,0,0,0,18000,2,2,,POINT (-93.600394806442 41.649897314356)
2014780102,20140001561,01/16/2014,01-January,5-Thursday,16:50,1600 Hours,District 1 (Central),DES MOINES,POLK,,FOREST AVE & 30TH ST,Collision with:  Vehicle in traffic,Roadside,"Sideswipe, same direction",Lost Control,None Indicated,,Dusk,Snow,Snow,"Surface condition (e.g., wet, icy)",Intersection:  Four-way intersection,Paved,,Property Damage Only,0,0,0,0,0,0,1600,2,2,,POINT (-93.658435705919 41.604003136412)
2014779845,14-000098,01/16/2014,01-January,5-Thursday,17:34,1700 Hours,District 1 (Central),ALTOONA,POLK,,Co Rd S14/NE 72ND ST & NE 27TH AVE & 1ST AVE S & 36TH ST SE,Collision with:  Vehicle in traffic,On Roadway,"Angle, oncoming left turn",FTYROW:  Making left turn,None Indicated,,Dark - roadway lighted,Ice/frost,Snow,"Surface condition (e.g., wet, icy)",Intersection:  Four-way intersection,Paved,,Possible/Unknown,0,1,0,0,1,0,10000,2,3,,POINT (-93.464672990884 41.618775709198)
2014779920,14-009,01/16/2014,01-January,5-Thursday,11:53,1100 Hours,District 2 (Northeast),WAVERLY,BREMER,IA 116,IA 116/4TH ST SW & 8TH AVE SW,Collision with:  Vehicle in traffic,On Roadway,"Angle, oncoming left turn",FTYROW:  From stop sign,None Indicated,,Daylight,Wet,Clear,None apparent,Intersection:  Four-way intersection,Paved,,Property Damage Only,0,0,0,0,0,0,3500,2,3,,POINT (-92.475630098975 42.717295438719)
2014781202,2014003523,01/16/2014,01-January,5-Thursday,16:12,1600 Hours,District 4 (Southwest),,DALLAS,US 6,US 6/N AVE,Collision with:  Vehicle in traffic,On Roadway,Rear-end (front to rear),Driving too fast for conditions,None Indicated,,Dark - roadway not lighted,Ice/frost,Snow,"Surface condition (e.g., wet, icy)",Non-intersection:  Non-junction/no special feature,Paved,,Minor Injury,0,5,0,3,2,0,25000,5,5,,POINT (-94.01259868283 41.570579638152)
2014779810,20140001461,01/16/2014,01-January,5-Thursday,22:23,2200 Hours,District 1 (Central),DES MOINES,POLK,,WOODLAND AVE & MLK JR PKWY,Collision with:  Vehicle in traffic,On Roadway,Broadside (front to side),Lost Control,None Indicated,,Dark - roadway lighted,Ice/frost,Cloudy,"Surface condition (e.g., wet, icy)",Intersection:  Four-way intersection,Paved,,Property Damage Only,0,0,0,0,0,0,2000,2,4,,POINT (-93.644728316615 41.588047950173)
2014779987,14-0262,01/16/2014,01-January,5-Thursday,14:08,1400 Hours,District 3 (Northwest),,IDA,US 20,US 20 & Co Rd L67/EAGLE AVE,Collision with:  Vehicle in traffic,On Roadway,Rear-end (front to rear),Driving too fast for conditions,None Indicated,,Daylight,Ice/frost,"Blowing sand, soil, dirt","Surface condition (e.g., wet, icy)",Intersection:  T-intersection,Paved,,Property Damage Only,0,0,0,0,0,0,4000,2,3,,POINT (-95.574743308612 42.474806553583)
2014779980,14-0057,01/16/2014,01-January,5-Thursday,16:03,1600 Hours,District 1 (Central),,GREENE,US 30,US 30/220TH,Collision with:  Vehicle in traffic,On Roadway,"Sideswipe, opposite direction",Crossed centerline (undivided),None Indicated,,Dusk,Snow,Snow,"Surface condition (e.g., wet, icy)",Non-intersection:  Non-junction/no special feature,Paved,,Minor Injury,0,2,0,1,1,0,18000,2,3,,POINT (-94.28368407183 42.03459187172)
2014779840,14-0269,01/16/2014,01-January,5-Thursday,22:37,2200 Hours,District 1 (Central),WEST DES MOINES,POLK,I-35,I-35,Collision with fixed object:  Guardrail - face,On Roadway,Non-collision (single vehicle),Driving too fast for conditions,None Indicated,,Dark - roadway lighted,Ice/frost,"Blowing sand, soil, dirt","Surface condition (e.g., wet, icy)",Interchange-related:  On-ramp,Paved,,Property Damage Only,0,0,0,0,0,0,2000,1,1,,POINT (-93.774300735849 41.589968497348)
2014801001,390114-0165,01/16/2014,01-January,5-Thursday,15:49,1500 Hours,District 4 (Southwest),,GUTHRIE,IA 44,IA 44/IOWA 44,Collision with:  Vehicle in traffic,On Roadway,Rear-end (front to rear),Driving too fast for conditions,None Indicated,,Dark - roadway not lighted,Ice/frost,Snow,None apparent,Non-intersection:  Non-junction/no special feature,Paved,,Possible/Unknown,0,1,0,0,1,0,3500,2,2,,POINT (-94.326666715713 41.688357003134)
2014779763,14-1311,01/16/2014,01-January,5-Thursday,16:18,1600 Hours,District 1 (Central),PRAIRIE CITY,JASPER,IA 163,IA 163/IOWA 163 W & S STATE ST,Collision with:  Vehicle in traffic,On Roadway,Rear-end (front to rear),Driving too fast for conditions,None Indicated,,Daylight,Ice/frost,Snow,"Surface condition (e.g., wet, icy)",Non-intersection:  Other non-intersection (explain in narrative),Paved,,Property Damage Only,0,0,0,0,0,0,13430,2,6,,POINT (-93.234050890301 41.588248322596)
2014780318,14000238,01/16/2014,01-January,5-Thursday,14:13,1400 Hours,District 3 (Northwest),,CHEROKEE,,Co Rd C16/450TH ST,Collision with:  Vehicle in traffic,On Roadway,"Sideswipe, opposite direction",Crossed centerline (undivided),None Indicated,,Daylight,Snow,Snow,"Surface condition (e.g., wet, icy)",Non-intersection:  Non-junction/no special feature,Paved,,Minor Injury,0,1,0,1,0,0,5500,2,2,,POINT (-95.769520259647 42.866453083194)
2014781191,2014003504,01/16/2014,01-January,5-Thursday,14:47,1400 Hours,District 3 (Northwest),,SIOUX,,Co Rd K64/JACKSON AVE & 480TH ST,Collision with fixed object:  Ditch,Shoulder,Non-collision (single vehicle),Swerving/Evasive Action,None Indicated,,Daylight,Ice/frost,Snow,"Surface condition (e.g., wet, icy)",Intersection:  Four-way intersection,Paved,,Property Damage Only,0,0,0,0,0,0,2000,1,1,,POINT (-96.056981177447 42.953236368297)
2014780547,2014003477,01/16/2014,01-January,5-Thursday,16:00,1600 Hours,District 1 (Central),URBANDALE,POLK,I-35,I-35,Collision with:  Vehicle in traffic,On Roadway,"Sideswipe, same direction",Driving too fast for conditions,None Indicated,,Daylight,Ice/frost,Snow,"Surface condition (e.g., wet, icy)",Non-intersection:  Non-junction/no special feature,Paved,,Property Damage Only,0,0,0,0,0,0,2000,2,2,,POINT (-93.723745063276 41.65253746565)
2014780682,02-14-993,01/16/2014,01-January,5-Thursday,06:08,0600 Hours,District 6 (East Central),,DUBUQUE,,Co Rd D17/ASBURY RD,Collision with:  Animal,,,Animal,None Indicated,,,,,,,Paved,,Property Damage Only,0,0,0,0,0,0,2500,1,1,,POINT (-90.848610600194 42.516688501477)
2014780195,14-0032,01/16/2014,01-January,5-Thursday,06:00,0600 Hours,District 1 (Central),,WEBSTER,US 169,US 169,Collision with:  Animal,On Roadway,Non-collision (single vehicle),Animal,None Indicated,,,,,,,Paved,,Property Damage Only,0,0,0,0,0,0,3000,1,1,,POINT (-94.227275229854 42.538654291011)
2014780080,14-000206,01/16/2014,01-January,5-Thursday,16:15,1600 Hours,District 1 (Central),ANKENY,POLK,,NE 78TH AVE,Collision with:  Vehicle in traffic,On Roadway,Rear-end (front to rear),Driving too fast for conditions,None Indicated,,Daylight,Snow,Snow,"Surface condition (e.g., wet, icy)",Non-intersection:  Other non-intersection (explain in narrative),Paved,,Property Damage Only,0,0,0,0,0,0,5500,3,3,,POINT (-93.573280014922 41.702880542854)
2014779850,S14-000137,01/16/2014,01-January,5-Thursday,05:47,0500 Hours,District 4 (Southwest),,POTTAWATTAMIE,,MONUMENT RD & MYNSTER SPRINGS RD,Collision with fixed object:  Ditch,Shoulder,Non-collision (single vehicle),Made improper turn,None Indicated,,Dark - roadway not lighted,Dry,Clear,None apparent,Intersection:  T-intersection,Paved,,Property Damage Only,0,0,0,0,0,0,2250,1,2,,POINT (-95.854683947425 41.292973343057)
2014780572,2014003495,01/16/2014,01-January,5-Thursday,16:15,1600 Hours,District 5 (Southeast),,WARREN,I-35,I-35,Collision with:  Vehicle in traffic,On Roadway,"Sideswipe, same direction",Lost Control,None Indicated,,Daylight,Snow,Snow,"Surface condition (e.g., wet, icy)",Non-intersection:  Non-junction/no special feature,Paved,,Property Damage Only,0,0,0,0,0,0,6000,2,2,,POINT (-93.780103150776 41.485841001274)
2014779854,14-001994,01/16/2014,01-January,5-Thursday,17:25,1700 Hours,District 4 (Southwest),COUNCIL BLUFFS,POTTAWATTAMIE,,MADISON AVE & CHURCH ST,Collision with:  Vehicle in traffic,On Roadway,Broadside (front to side),FTYROW:  From driveway,None Indicated,,Dusk,Dry,Cloudy,None apparent,Non-intersection:  Driveway access (within),Paved,,Property Damage Only,0,0,0,0,0,0,4500,2,2,,POINT (-95.826668447351 41.243454671723)
2014779748,2014-0179,01/16/2014,01-January,5-Thursday,16:54,1600 Hours,District 4 (Southwest),WAUKEE,DALLAS,,ALICES RD,Collision with:  Vehicle in traffic,On Roadway,Rear-end (front to rear),Lost Control,None Indicated,,Daylight,Snow,Snow,"Surface condition (e.g., wet, icy)",Non-intersection:  Non-junction/no special feature,Paved,,Property Damage Only,0,0,0,0,0,0,5100,2,2,,POINT (-93.852882816131 41.618829811716)
2014781186,2014003355,01/16/2014,01-January,5-Thursday,13:00,1300 Hours,District 6 (East Central),FARLEY,DUBUQUE,US 20,US 20/NE RAMP CURV/NW RAMP CURV & 1ST ST S,Collision with:  Other non-fixed object (explain in narrative),Median,Non-collision (single vehicle),Driving too fast for conditions,None Indicated,,Daylight,Snow,Cloudy,"Surface condition (e.g., wet, icy)",Non-intersection:  Non-junction/no special feature,Paved,,Property Damage Only,0,0,0,0,0,0,2000,1,1,,POINT (-91.005990489108 42.438703415005)
2014780072,14-000202,01/16/2014,01-January,5-Thursday,15:52,1500 Hours,District 1 (Central),ANKENY,POLK,,NW 18TH ST & NW BRIARGATE DR,Collision with:  Vehicle in traffic,On Roadway,Broadside (front to side),Driving too fast for conditions,None Indicated,,Daylight,Ice/frost,Snow,None apparent,Non-intersection:  Non-junction/no special feature,Paved,,Property Damage Only,0,0,0,0,0,0,2500,2,2,,POINT (-93.60272390156 41.746360006368)
2014779747,2014-0178,01/16/2014,01-January,5-Thursday,16:40,1600 Hours,District 4 (Southwest),WAUKEE,DALLAS,,ALICES RD,Collision with:  Vehicle in traffic,On Roadway,Rear-end (front to rear),Lost Control,None Indicated,,Daylight,Snow,Snow,"Surface condition (e.g., wet, icy)",Non-intersection:  Non-junction/no special feature,Paved,,Property Damage Only,0,0,0,0,0,0,3000,2,2,,POINT (-93.852882816131 41.618829811716)
2014780868,14-000062,01/16/2014,01-January,5-Thursday,16:11,1600 Hours,District 1 (Central),JOHNSTON,POLK,,NW 62ND AVE & MERLE HAY RD,Collision with:  Vehicle in traffic,On Roadway,Head-on (front to front),Lost Control,None Indicated,,Daylight,Snow,Snow,None apparent,Intersection:  Four-way intersection,Paved,,Property Damage Only,0,0,0,0,0,0,3000,2,3,,POINT (-93.697700758305 41.672964527704)
2014781922,2014-3568,01/16/2014,01-January,5-Thursday,09:09,0900 Hours,District 6 (East Central),DAVENPORT,SCOTT,,E 29TH ST & LE CLAIRE ST,Collision with:  Parked motor vehicle,On Roadway,"Sideswipe, same direction",Other (explain in narrative):  No improper action,None Indicated,,Daylight,Wet,Cloudy,None apparent,Intersection:  T-intersection,Paved,,Property Damage Only,0,0,0,0,0,0,4500,2,1,,POINT (-90.568386780963 41.549176424782)
2014780081,14-000207,01/16/2014,01-January,5-Thursday,16:01,1600 Hours,District 1 (Central),ANKENY,POLK,IA 160,IA 160/SW ORALABOR RD & IA 415/SW STATE ST,Collision with:  Vehicle in traffic,Shoulder,Broadside (front to side),Driving too fast for conditions,None Indicated,,Daylight,Ice/frost,Snow,"Surface condition (e.g., wet, icy)",Non-intersection:  Non-junction/no special feature,Paved,,Property Damage Only,0,0,0,0,0,0,4000,2,2,,POINT (-93.621550183463 41.703115988409)
2014779781,003-14,01/16/2014,01-January,5-Thursday,15:42,1500 Hours,District 4 (Southwest),,MADISON,US 169,US 169,Collision with fixed object:  Ditch,Shoulder,Non-collision (single vehicle),Swerving/Evasive Action,None Indicated,,Daylight,Ice/frost,Snow,"Surface condition (e.g., wet, icy)",Non-intersection:  Non-junction/no special feature,Paved,,Minor Injury,0,1,0,1,0,0,8200,1,1,,POINT (-94.012821028484 41.487999346259)
2014780504,14-000218,01/16/2014,01-January,5-Thursday,16:42,1600 Hours,District 1 (Central),AMES,STORY,,13TH ST & RIDGEWOOD AVE,Collision with fixed object:  Tree,On Roadway,Non-collision (single vehicle),Driving too fast for conditions,None Indicated,,Daylight,Snow,Snow,"Surface condition (e.g., wet, icy)",Intersection:  Four-way intersection,Paved,,Property Damage Only,0,0,0,0,0,0,2500,1,1,,POINT (-93.627620277614 42.034551772)
2014780218,2014003508,01/16/2014,01-January,5-Thursday,16:25,1600 Hours,District 1 (Central),,POLK,I-80,I-80,Collision with:  Vehicle in traffic,On Roadway,Rear-end (front to rear),Driving too fast for conditions,None Indicated,,Daylight,Snow,Snow,None apparent,Non-intersection:  Non-junction/no special feature,Paved,,Property Damage Only,0,0,0,0,0,0,10000,2,4,,POINT (-93.430365115728 41.6743485412)
2014786505,,01/16/2014,01-January,5-Thursday,13:13,1300 Hours,District 2 (Northeast),CLEAR LAKE,CERRO GORDO,,7TH AVE N & N 20TH ST,Collision with:  Vehicle in traffic,On Roadway,Rear-end (front to rear),Driving too fast for conditions,None Indicated,,Daylight,Dry,Severe winds,"Surface condition (e.g., wet, icy)",Intersection:  Four-way intersection,Paved,,Property Damage Only,0,0,0,0,0,0,3000,2,3,,POINT (-93.364299443108 43.144050826465)