Iowa DOT Case Number,Law Enforcement Case Number,Date of Crash,Month of Crash,Day of Week,Time of Crash,Hour,DOT District,City Name,County Name,Route with System,Location Description,First Harmful Event,Location of First Harmful Event,Manner of Crash/Collision,Major Cause,Drug or Alcohol ,Environmental Conditions,Light Conditions,Surface Conditions,Weather Conditions,Roadway Contribution,Roadway Type,Roadway Surface,Work Zone,Crash Severity,Number of Fatalities,Number of Injuries,Number of Major Injuries,Number of Minor Injuries,Number of Possible Injuries,Number of Unknown Injuries,Amount of Property Damage,Number of Vehicles Involved,Total Number of Occupants,Travel Direction,Location
2014780115,20140001377,01/16/2014,01-January,5-Thursday,08:22,0800 Hours,District 1 (Central),DES MOINES,POLK,,UNIVERSITY AVE & 15TH ST,Collision with:  Vehicle in traffic,On Roadway,"Sideswipe, same direction",Swerving/Evasive Action,None Indicated,,Daylight,Ice/frost,Cloudy,"Surface condition (e.g., wet, icy)",Non-intersection:  Non-junction/no special feature,Paved,,Property Damage Only,0,0,0,0,0,0,2800,2,3,,POINT (-93.637231634865 41.600429661618)
2014780077,14-000205,01/16/2014,01-January,5-Thursday,16:22,1600 Hours,District 1 (Central),ANKENY,POLK,,W 1ST ST & SW STATE ST & NW STATE ST,Collision with:  Vehicle in traffic,On Roadway,Broadside (front to side),Lost Control,None Indicated,,Daylight,Ice/frost,Snow,"Surface condition (e.g., wet, icy)",Intersection:  Four-way intersection,Paved,,Property Damage Only,0,0,0,0,0,0,1700,2,3,,POINT (-93.621502529566 41.731857745616)
2014779901,14-1550,01/16/2014,01-January,5-Thursday,10:59,1000 Hours,District 3 (Northwest),SIOUX CITY,WOODBURY,,14TH ST & DOUGLAS ST,Collision with:  Vehicle in traffic,On Roadway,"Angle, oncoming left turn",Made improper turn,None Indicated,,Daylight,Dry,Cloudy,None apparent,Intersection:  Four-way intersection,Paved,,Property Damage Only,0,0,0,0,0,0,4500,2,2,,POINT (-96.406569549575 42.504984595097)
2014780576,2014003530,01/16/2014,01-January,5-Thursday,16:35,1600 Hours,District 5 (Southeast),,WARREN,I-35,I-35,Collision with:  Vehicle in traffic,On Roadway,"Sideswipe, same direction",Swerving/Evasive Action,None Indicated,,Daylight,Ice/frost,Snow,"Surface condition (e.g., wet, icy)",Non-intersection:  Non-junction/no special feature,Paved,,Property Damage Only,0,0,0,0,0,0,3500,2,5,,POINT (-93.780089129938 41.468691034063)
2014780086,14-000220,01/16/2014,01-January,5-Thursday,19:38,1900 Hours,District 1 (Central),ANKENY,POLK,I-35,I-35,Collision with fixed object:  Concrete traffic barrier (median or right side),On Roadway,Non-collision (single vehicle),Driving too fast for conditions,None Indicated,,Dark - roadway not lighted,Ice/frost,Snow,"Surface condition (e.g., wet, icy)",Non-intersection:  Non-junction/no special feature,Paved,,Property Damage Only,0,0,0,0,0,0,2000,1,1,,POINT (-93.577777063812 41.674899972248)
2014780091,14-0065,01/16/2014,01-January,5-Thursday,15:50,1500 Hours,District 1 (Central),CLIVE,POLK,,NW 128TH ST,Non-collision events:  Other non-collision (explain in narrative),On Roadway,"Sideswipe, same direction",Driving too fast for conditions,None Indicated,,Daylight,Snow,Snow,"Surface condition (e.g., wet, icy)",Intersection:  Four-way intersection,Paved,,Property Damage Only,0,0,0,0,0,0,8500,2,2,,POINT (-93.794288491624 41.608504057051)
2014783242,14-1313,01/16/2014,01-January,5-Thursday,16:32,1600 Hours,District 1 (Central),NEWTON,JASPER,I-80,I-80,Collision with fixed object:  Guardrail - face,On Roadway,Non-collision (single vehicle),Ran off road - left,None Indicated,,Daylight,Snow,Snow,"Surface condition (e.g., wet, icy)",Unknown,Paved,,Property Damage Only,0,0,0,0,0,0,2000,1,1,,POINT (-93.042714568484 41.683396910173)
2014779603,20140001392,01/16/2014,01-January,5-Thursday,10:03,1000 Hours,District 1 (Central),DES MOINES,POLK,,UNIVERSITY AVE & 56TH ST,Collision with:  Vehicle in traffic,On Roadway,"Sideswipe, same direction",Ran off road - left,None Indicated,,Daylight,Dry,Cloudy,None apparent,Intersection:  T-intersection,Paved,,Possible/Unknown,0,1,0,0,1,0,8000,2,5,,POINT (-93.694218571023 41.600396906633)
2014780550,2014003542,01/16/2014,01-January,5-Thursday,16:16,1600 Hours,District 4 (Southwest),,DALLAS,I-80,I-80,Collision with:  Vehicle in traffic,On Roadway,"Sideswipe, same direction",Driving too fast for conditions,None Indicated,,Daylight,Ice/frost,Snow,"Surface condition (e.g., wet, icy)",Non-intersection:  Non-junction/no special feature,Paved,,Property Damage Only,0,0,0,0,0,0,57000,3,3,,POINT (-93.865404475322 41.565107442707)
2014781180,2013003379,01/16/2014,01-January,5-Thursday,13:15,1300 Hours,District 6 (East Central),,DUBUQUE,IA 136,IA 136/IOWA 136,Collision with:  Vehicle in traffic,On Roadway,"Sideswipe, opposite direction",Crossed centerline (undivided),None Indicated,,Daylight,Ice/frost,Snow,"Surface condition (e.g., wet, icy)",Non-intersection:  Non-junction/no special feature,Paved,,Minor Injury,0,1,0,1,0,0,4750,2,3,,POINT (-91.094429310826 42.568841864853)
2014779812,20140001420,01/16/2014,01-January,5-Thursday,14:15,1400 Hours,District 1 (Central),DES MOINES,POLK,,SW 9TH ST,Collision with:  Vehicle in traffic,On Roadway,"Angle, oncoming left turn",FTYROW:  From driveway,None Indicated,,Daylight,Wet,Cloudy,None apparent,Non-intersection:  Driveway access (within),Paved,,Possible/Unknown,0,2,0,0,2,0,5500,2,3,,POINT (-93.625753537423 41.540125929561)
2014779746,2014-0174,01/16/2014,01-January,5-Thursday,15:53,1500 Hours,District 4 (Southwest),DALLAS CENTER,DALLAS,,ALICES RD,Collision with:  Vehicle in traffic,On Roadway,Head-on (front to front),Swerving/Evasive Action,None Indicated,,Daylight,Snow,Snow,"Surface condition (e.g., wet, icy)",Non-intersection:  Non-junction/no special feature,Paved,,Minor Injury,0,1,0,1,0,0,20000,2,3,,POINT (-93.852882816131 41.618829811716)
2014780578,2014003552,01/16/2014,01-January,5-Thursday,19:25,1900 Hours,District 4 (Southwest),WEST DES MOINES,DALLAS,I-80,I-80 & 60TH ST,Collision with:  Vehicle in traffic,On Roadway,"Sideswipe, same direction",Lost Control,None Indicated,,Dark - roadway not lighted,Ice/frost,Snow,"Surface condition (e.g., wet, icy)",Non-intersection:  Other non-intersection (explain in narrative),Paved,,Property Damage Only,0,0,0,0,0,0,3300,2,2,,POINT (-93.790596635669 41.592163436082)
2014779719,W14-005202,01/16/2014,01-January,5-Thursday,17:01,1700 Hours,District 2 (Northeast),WATERLOO,BLACK HAWK,,E 5TH ST & FRANKLIN ST,Collision with:  Vehicle in traffic,On Roadway,"Angle, oncoming left turn",FTYROW:  Making left turn,None Indicated,,Daylight,Dry,Clear,None apparent,Intersection:  Four-way intersection,Paved,,Property Damage Only,0,0,0,0,0,0,3000,2,3,,POINT (-92.332075251561 42.49989015494)
2014783243,14-1329,01/16/2014,01-January,5-Thursday,18:02,1800 Hours,District 1 (Central),NEWTON,JASPER,,S 12TH AVE W,Collision with:  Vehicle in traffic,On Roadway,Rear-end (front to rear),Crossed centerline (undivided),None Indicated,,Dark - roadway lighted,Ice/frost,Snow,"Surface condition (e.g., wet, icy)",Non-intersection:  Non-junction/no special feature,Paved,,Property Damage Only,0,0,0,0,0,0,3300,2,2,,POINT (-93.070595578969 41.688337104821)
2014780507,14-000223,01/16/2014,01-January,5-Thursday,20:00,2000 Hours,District 1 (Central),AMES,STORY,US 30,US 30 & Co Rd R38/510TH AVE/SOUTH DAKOTA AVE,Collision with fixed object:  Guardrail - face,Shoulder,Non-collision (single vehicle),Driving too fast for conditions,None Indicated,,Dark - roadway not lighted,Wet,Severe winds,"Surface condition (e.g., wet, icy)",Non-intersection:  Other non-intersection (explain in narrative),Paved,,Property Damage Only,0,0,0,0,0,0,3000,1,1,,POINT (-93.678687732734 42.00845735034)
2014779788,SO14000114,01/16/2014,01-January,5-Thursday,13:52,1300 Hours,District 3 (Northwest),,PLYMOUTH,IA 3,IA 3/IOWA 3,Collision with:  Vehicle in traffic,On Roadway,Rear-end (front to rear),Unknown,None Indicated,,Daylight,Snow,Snow,"Surface condition (e.g., wet, icy)",Non-intersection:  Non-junction/no special feature,Paved,,Possible/Unknown,0,1,0,0,1,0,11500,2,3,,POINT (-95.950188511219 42.807919022364)
2014780199,2014003449,01/16/2014,01-January,5-Thursday,14:50,1400 Hours,District 6 (East Central),,JACKSON,US 61,US 61,Non-collision events:  Other non-collision (explain in narrative),On Roadway,Non-collision (single vehicle),Other (explain in narrative):  No improper action,None Indicated,,Daylight,Dry,Severe winds,None apparent,Non-intersection:  Non-junction/no special feature,Paved,,Property Damage Only,0,0,0,0,0,0,15000,1,1,,POINT (-90.675986811893 42.123172596696)
2014779823,14-0116,01/16/2014,01-January,5-Thursday,17:35,1700 Hours,District 1 (Central),URBANDALE,POLK,I-35,I-35,Collision with:  Vehicle in traffic,On Roadway,"Sideswipe, same direction",Driving too fast for conditions,None Indicated,,Dark - roadway lighted,Ice/frost,Snow,"Surface condition (e.g., wet, icy)",Non-intersection:  Non-junction/no special feature,Paved,,Property Damage Only,0,0,0,0,0,0,10500,2,2,,POINT (-93.771205964035 41.65047242956)
2014786395,2014-3716,01/16/2014,01-January,5-Thursday,21:18,2100 Hours,District 6 (East Central),DAVENPORT,SCOTT,,E 46TH ST,Collision with:  Vehicle in traffic,On Roadway,Rear-end (front to rear),Other (explain in narrative):  Other,None Indicated,,Dark - roadway lighted,Dry,Severe winds,None apparent,Non-intersection:  Non-junction/no special feature,Paved,,Property Damage Only,0,0,0,0,0,0,1550,2,2,,POINT (-90.567837541543 41.567654893106)
2014782151,2014003497,01/16/2014,01-January,5-Thursday,16:15,1600 Hours,District 1 (Central),,POLK,I-80,I-80,Collision with fixed object:  Other fixed object (explain in narrative),On Roadway,Non-collision (single vehicle),Lost Control,None Indicated,,Daylight,Snow,Snow,"Surface condition (e.g., wet, icy)",Non-intersection:  Non-junction/no special feature,Paved,,Property Damage Only,0,0,0,0,0,0,6000,1,1,,POINT (-93.368360969187 41.680355586771)
2014780243,2014003245,01/16/2014,01-January,5-Thursday,06:20,0600 Hours,District 2 (Northeast),,WORTH,I-35,I-35,Non-collision events:  Jackknife,Median,Non-collision (single vehicle),Ran off road - left,None Indicated,,Dark - roadway not lighted,Ice/frost,"Sleet, hail","Surface condition (e.g., wet, icy)",Non-intersection:  Non-junction/no special feature,Paved,,Property Damage Only,0,0,0,0,0,0,7000,1,1,,POINT (-93.35097616475 43.479585399797)
2014782692,14-0659,01/16/2014,01-January,5-Thursday,15:30,1500 Hours,District 6 (East Central),,JACKSON,US 61,US 61,Collision with fixed object:  Ditch,On Roadway,Non-collision (single vehicle),Driving too fast for conditions,None Indicated,,Daylight,Ice/frost,"Blowing sand, soil, dirt","Surface condition (e.g., wet, icy)",Non-intersection:  Non-junction/no special feature,Paved,,Property Damage Only,0,0,0,0,0,0,40000,1,1,,POINT (-90.680065474167 42.250558866883)
2014780382,14001172,01/16/2014,01-January,5-Thursday,10:58,1000 Hours,District 5 (Southeast),OSKALOOSA,MAHASKA,,8TH AVE W,Collision with:  Vehicle in traffic,On Roadway,Head-on (front to front),FTYROW:  From driveway,None Indicated,,Daylight,Wet,Snow,None apparent,Non-intersection:  Driveway access (within),Paved,,Property Damage Only,0,0,0,0,0,0,6000,2,2,,POINT (-92.64556985948 41.288034539501)
2014779726,14000240,01/16/2014,01-January,5-Thursday,14:24,1400 Hours,District 3 (Northwest),,CHEROKEE,,Co Rd C63/610TH ST & U AVE,Collision with:  Vehicle in traffic,On Roadway,Rear-end (front to rear),Driving too fast for conditions,None Indicated,,Daylight,Snow,Snow,"Surface condition (e.g., wet, icy)",Non-intersection:  Non-junction/no special feature,Paved,,Property Damage Only,0,0,0,0,0,0,16000,2,3,,POINT (-95.466835452275 42.634382785812)
2014781435,14-568,01/16/2014,01-January,5-Thursday,15:05,1500 Hours,District 3 (Northwest),,SIOUX,IA 10,IA 10/460TH ST,Collision with:  Vehicle in traffic,On Roadway,Rear-end (front to rear),Followed too close,None Indicated,,Daylight,Ice/frost,Snow,"Surface condition (e.g., wet, icy)",Non-intersection:  Non-junction/no special feature,Paved,,Property Damage Only,0,0,0,0,0,0,10000,2,7,,POINT (-95.909386857752 42.982226282573)
2014783090,2014-3580,01/16/2014,01-January,5-Thursday,10:41,1000 Hours,District 6 (East Central),DAVENPORT,SCOTT,,W 15TH ST,Collision with:  Parked motor vehicle,On Roadway,"Sideswipe, same direction",Unknown,None Indicated,,Daylight,Slush,Cloudy,None apparent,Non-intersection:  Alley,Paved,,Property Damage Only,0,0,0,0,0,0,1500,2,1,,POINT (-90.577856287874 41.535101241289)
2014779593,14-328,01/16/2014,01-January,5-Thursday,00:30,0000 Hours,District 1 (Central),,POLK,,SE 56TH AVE,Collision with fixed object:  Ditch,Roadside,Non-collision (single vehicle),Exceeded authorized speed,Under Influence of Alcohol/Drugs/Medications,,Dark - roadway lighted,Dry,Clear,None apparent,Non-intersection:  Other non-intersection (explain in narrative),Paved,,Minor Injury,0,1,0,1,0,0,5200,1,1,,POINT (-93.328990825861 41.52959422485)
2014780597,,01/16/2014,01-January,5-Thursday,07:12,0700 Hours,District 5 (Southeast),CHARITON,LUCAS,,S GRAND ST,Collision with:  Non-motorist (see non-motorist section - NOT a unit),On Roadway,Non-collision (single vehicle),Other (explain in narrative):  No improper action,None Indicated,,Dark - roadway lighted,Dry,Cloudy,None apparent,Non-intersection:  Non-junction/no special feature,Paved,,Minor Injury,0,1,0,1,0,0,500,1,1,,POINT (-93.30689685685 41.014130168412)
2014780573,2014003512,01/16/2014,01-January,5-Thursday,16:51,1600 Hours,District 3 (Northwest),ODEBOLT,SAC,IA 39,IA 39/DES MOINES ST & IA 175/MARKET ST/330TH ST & Co Rd M43/FOX AVE,Collision with:  Vehicle in traffic,On Roadway,Broadside (front to side),Driving too fast for conditions,None Indicated,,Daylight,Ice/frost,Snow,"Surface condition (e.g., wet, icy)",Intersection:  Four-way intersection,Paved,,Property Damage Only,0,0,0,0,0,0,11000,2,2,,POINT (-95.245317156451 42.312417889139)
2014781676,14-0044,01/16/2014,01-January,5-Thursday,16:23,1600 Hours,District 1 (Central),PLEASANT HILL,POLK,IA 163,IA 163/NE UNIVERSITY AVE,Collision with:  Vehicle in traffic,On Roadway,Rear-end (front to rear),Driving too fast for conditions,None Indicated,,Dusk,Snow,Snow,"Surface condition (e.g., wet, icy)",Non-intersection:  Non-junction/no special feature,Paved,,Property Damage Only,0,0,0,0,0,0,5000,2,3,,POINT (-93.468075293682 41.599594484456)
2014781430,14-564,01/16/2014,01-January,5-Thursday,13:30,1300 Hours,District 3 (Northwest),,SIOUX,,Co Rd K30/ELMWOOD AVE,Collision with:  Vehicle in traffic,On Roadway,Rear-end (front to rear),Driving too fast for conditions,None Indicated,,Daylight,Snow,Snow,None apparent,Non-intersection:  Non-junction/no special feature,Paved,,Minor Injury,0,1,0,1,0,0,15800,2,2,,POINT (-96.29462409446 43.146101942003)
2014779983,P14-000681,01/16/2014,01-January,5-Thursday,08:17,0800 Hours,District 1 (Central),WEBSTER CITY,HAMILTON,IA 17,IA 17/BRIGGS WOOD RD,Collision with:  Vehicle in traffic,On Roadway,"Sideswipe, opposite direction",Crossed centerline (undivided),None Indicated,,Daylight,Ice/frost,Snow,"Surface condition (e.g., wet, icy)",Non-intersection:  Non-junction/no special feature,Paved,,Possible/Unknown,0,1,0,0,1,0,17000,2,2,,POINT (-93.815392705143 42.445522164281)
2014779832,14-0256,01/16/2014,01-January,5-Thursday,15:39,1500 Hours,District 4 (Southwest),WEST DES MOINES,DALLAS,I-80,I-80,Collision with fixed object:  Bridge overhead structure,On Roadway,Non-collision (single vehicle),Lost Control,None Indicated,,Daylight,Ice/frost,Snow,None apparent,Non-intersection:  Other non-intersection (explain in narrative),Paved,,Minor Injury,0,1,0,1,0,0,8500,1,1,,POINT (-93.809761458647 41.591489614428)
2014779739,CL14000131,01/16/2014,01-January,5-Thursday,14:33,1400 Hours,District 6 (East Central),CLINTON,CLINTON,US 67,US 67/S 2ND ST,Collision with:  Vehicle in traffic,On Roadway,Broadside (front to side),Unknown,None Indicated,,Daylight,Dry,Cloudy,None apparent,Intersection:  Four-way intersection,Paved,,Property Damage Only,0,0,0,0,0,0,3000,2,2,,POINT (-90.188299158 41.844471784626)
2014781105,14-000224,01/16/2014,01-January,5-Thursday,22:20,2200 Hours,District 1 (Central),AMES,STORY,,MORTENSON RD & COCONINO RD,Collision with:  Vehicle in traffic,On Roadway,Rear-end (front to rear),Driving too fast for conditions,None Indicated,,Dark - roadway lighted,Snow,Clear,"Surface condition (e.g., wet, icy)",Intersection:  T-intersection,Paved,,Property Damage Only,0,0,0,0,0,0,2300,2,3,,POINT (-93.676286738954 42.012083161533)
2014779984,P14-000682,01/16/2014,01-January,5-Thursday,09:42,0900 Hours,District 1 (Central),WEBSTER CITY,HAMILTON,US 20,US 20,Collision with:  Vehicle in traffic,On Roadway,Rear-end (front to rear),Lost Control,None Indicated,,Daylight,Ice/frost,Snow,"Surface condition (e.g., wet, icy)","Interchange-related:  Off-ramp, diverge area",Paved,,Property Damage Only,0,0,0,0,0,0,5000,2,3,,POINT (-93.823088486752 42.449132552086)
2014781429,14-561,01/16/2014,01-January,5-Thursday,13:38,1300 Hours,District 3 (Northwest),,SIOUX,,Co Rd B40/390TH ST & FIR AVE,Collision with:  Vehicle in traffic,On Roadway,"Sideswipe, same direction",FTYROW:  Other (explain in narrative),None Indicated,,Daylight,Snow,Snow,"Surface condition (e.g., wet, icy)",Non-intersection:  Non-junction/no special feature,Paved,,Property Damage Only,0,0,0,0,0,0,8500,2,4,,POINT (-96.254172891415 43.084089184452)
2014782968,02-14-1011,01/16/2014,01-January,5-Thursday,12:28,1200 Hours,District 6 (East Central),,DUBUQUE,US 151,US 151,Collision with fixed object:  Ditch,On Roadway,Non-collision (single vehicle),Ran off road - right,None Indicated,,Daylight,Ice/frost,Snow,"Surface condition (e.g., wet, icy)",Non-intersection:  Non-junction/no special feature,Paved,,Property Damage Only,0,0,0,0,0,0,3000,1,1,,POINT (-90.716708463534 42.417913676278)
2014780220,2014003567,01/16/2014,01-January,5-Thursday,19:30,1900 Hours,District 1 (Central),,POWESHIEK,I-80,I-80,Collision with fixed object:  Concrete traffic barrier (median or right side),On Roadway,Non-collision (single vehicle),Ran off road - right,None Indicated,,Dark - unknown roadway lighting,Unknown,Unknown,Unknown,Non-intersection:  Non-junction/no special feature,Paved,,Property Damage Only,0,0,0,0,0,0,5000,1,1,,POINT (-92.509242960261 41.694831933647)
2014779946,2014-0165,01/16/2014,01-January,5-Thursday,08:10,0800 Hours,District 4 (Southwest),WAUKEE,DALLAS,US 6,US 6/HICKMAN AVE,Collision with:  Vehicle in traffic,On Roadway,Rear-end (front to rear),Unknown,None Indicated,,Daylight,Dry,Cloudy,None apparent,Non-intersection:  Non-junction/no special feature,Paved,,Property Damage Only,0,0,0,0,0,0,1900,2,2,,POINT (-93.89224850844 41.615000200674)
2014779720,14000853,01/16/2014,01-January,5-Thursday,11:39,1100 Hours,District 2 (Northeast),,BREMER,,HILTON AVE & 110TH ST,Collision with:  Vehicle in traffic,On Roadway,Broadside (front to side),FTYROW:  At uncontrolled intersection,None Indicated,,Daylight,Ice/frost,"Blowing sand, soil, dirt","Surface condition (e.g., wet, icy)",Intersection:  Four-way intersection,Unpaved,,Property Damage Only,0,0,0,0,0,0,20000,2,2,,POINT (-92.407453592162 42.892063270088)
2014792053,14C00225,01/16/2014,01-January,5-Thursday,15:29,1500 Hours,District 4 (Southwest),CRESTON,UNION,,W PRAIRIE ST & N SPRUCE ST,Collision with:  Vehicle in traffic,On Roadway,Broadside (front to side),Ran Stop Sign,None Indicated,,Daylight,Snow,"Blowing sand, soil, dirt","Surface condition (e.g., wet, icy)",Intersection:  Four-way intersection,Paved,,Property Damage Only,0,0,0,0,0,0,3000,2,2,,POINT (-94.369701067006 41.06800462)
2014782150,2014003474,01/16/2014,01-January,5-Thursday,15:45,1500 Hours,District 1 (Central),,JASPER,I-80,I-80,Collision with fixed object:  Guardrail - face,On Roadway,Non-collision (single vehicle),Driving too fast for conditions,None Indicated,,Daylight,Snow,Snow,"Surface condition (e.g., wet, icy)",Non-intersection:  Other non-intersection (explain in narrative),Paved,,Property Damage Only,0,0,0,0,0,0,11000,1,1,,POINT (-93.198273136881 41.697708311186)
2014780223,2014003259,01/16/2014,01-January,5-Thursday,07:45,0700 Hours,District 2 (Northeast),,CLAYTON,IA 3,IA 3/IOWA 3,Collision with fixed object:  Ditch,Roadside,Non-collision (single vehicle),Ran off road - left,None Indicated,,Daylight,Snow,Snow,"Surface condition (e.g., wet, icy)",Non-intersection:  Non-junction/no special feature,Paved,,Property Damage Only,0,0,0,0,0,0,3500,1,2,,POINT (-91.471358980541 42.649561278041)
2014780574,2014003518,01/16/2014,01-January,5-Thursday,17:30,1700 Hours,District 5 (Southeast),,WARREN,I-35,I-35,Collision with fixed object:  Guardrail - face,Median,Non-collision (single vehicle),Swerving/Evasive Action,None Indicated,,Dark - roadway not lighted,Snow,Snow,"Surface condition (e.g., wet, icy)",Non-intersection:  Non-junction/no special feature,Paved,,Property Damage Only,0,0,0,0,0,0,3500,1,1,,POINT (-93.784114665846 41.183788748942)
2014780503,14-000217,01/16/2014,01-January,5-Thursday,16:33,1600 Hours,District 1 (Central),AMES,STORY,US 30,US 30,Collision with fixed object:  Utility pole/light support,On Roadway,Non-collision (single vehicle),Driving too fast for conditions,None Indicated,,Daylight,Snow,"Blowing sand, soil, dirt","Surface condition (e.g., wet, icy)",Non-intersection:  Non-junction/no special feature,Paved,,Property Damage Only,0,0,0,0,0,0,3500,1,1,,POINT (-93.67315385398 42.007030869026)
2014779665,,01/16/2014,01-January,5-Thursday,14:30,1400 Hours,District 5 (Southeast),FORT MADISON,LEE,,15TH ST & AVE E,Collision with:  Vehicle in traffic,On Roadway,Broadside (front to side),FTYROW:  From stop sign,None Indicated,,Daylight,Snow,Cloudy,"Surface condition (e.g., wet, icy)",Intersection:  Four-way intersection,Paved,,Property Damage Only,0,0,0,0,0,0,2000,2,2,,POINT (-91.324530817309 40.633151298704)
2014780252,2014-0012,01/16/2014,01-January,5-Thursday,15:59,1500 Hours,District 5 (Southeast),CARLISLE,WARREN,IA 5,IA 5/IOWA 5 & S 5TH ST,Collision with:  Vehicle in traffic,On Roadway,Broadside (front to side),Ran Traffic Signal,None Indicated,,Daylight,Snow,Snow,None apparent,Intersection:  Four-way intersection,Paved,,Property Damage Only,0,0,0,0,0,0,2000,2,2,,POINT (-93.491255123774 41.496156579088)
2014782699,14-662,01/16/2014,01-January,5-Thursday,15:57,1500 Hours,District 6 (East Central),BELLEVUE,JACKSON,IA 62,IA 62/ANSEL BRIGGS HWY,Non-collision events:  Overturn/rollover,On Roadway,Non-collision (single vehicle),Ran off road - right,None Indicated,,Daylight,Ice/frost,"Blowing sand, soil, dirt","Surface condition (e.g., wet, icy)",Non-intersection:  Non-junction/no special feature,Paved,,Possible/Unknown,0,1,0,0,1,0,2500,1,1,,POINT (-90.534472189608 42.207706582669)
2014781960,2014-00989,01/16/2014,01-January,5-Thursday,16:00,1600 Hours,District 5 (Southeast),,WARREN,,Co Rd G24/HWY G24,Collision with:  Vehicle in traffic,On Roadway,Rear-end (front to rear),Driving too fast for conditions,None Indicated,,Daylight,Snow,"Blowing sand, soil, dirt","Surface condition (e.g., wet, icy)",Non-intersection:  Non-junction/no special feature,Paved,,Possible/Unknown,0,1,0,0,0,1,8000,2,2,,POINT (-93.641251495981 41.438950494052)
2014779985,14-000850,01/16/2014,01-January,5-Thursday,18:57,1800 Hours,District 5 (Southeast),,HENRY,US 218,US 218,Collision with:  Vehicle in traffic,On Roadway,Rear-end (front to rear),Driving too fast for conditions,None Indicated,,Dark - roadway not lighted,Ice/frost,Snow,"Surface condition (e.g., wet, icy)",Non-intersection:  Non-junction/no special feature,Paved,,Possible/Unknown,0,1,0,0,1,0,10500,3,5,,POINT (-91.539998767253 41.151261524292)
2014780319,14000242,01/16/2014,01-January,5-Thursday,15:23,1500 Hours,District 3 (Northwest),,CHEROKEE,IA 3,IA 3/IOWA 3,Collision with:  Vehicle in traffic,On Roadway,Rear-end (front to rear),Driving too fast for conditions,None Indicated,,Daylight,Snow,Snow,"Surface condition (e.g., wet, icy)",Non-intersection:  Non-junction/no special feature,Paved,,Minor Injury,0,1,0,1,0,0,4500,2,2,,POINT (-95.76773720415 42.807921696486)
2014779835,14-0258,01/16/2014,01-January,5-Thursday,15:54,1500 Hours,District 1 (Central),WEST DES MOINES,POLK,,50TH ST,Collision with:  Vehicle in traffic,On Roadway,Unknown,Unknown,None Indicated,,Dusk,Ice/frost,Snow,"Surface condition (e.g., wet, icy)",Non-intersection:  Non-junction/no special feature,Paved,,Property Damage Only,0,0,0,0,0,0,4000,2,2,,POINT (-93.770878154616 41.570535881338)
2014780045,14016,01/16/2014,01-January,5-Thursday,16:40,1600 Hours,District 5 (Southeast),PELLA,MARION,,240TH PL & E UNIVERSITY ST,Collision with:  Vehicle in traffic,On Roadway,"Sideswipe, opposite direction",Crossed centerline (undivided),None Indicated,,Dusk,Snow,"Blowing sand, soil, dirt","Surface condition (e.g., wet, icy)",Non-intersection:  Non-junction/no special feature,Paved,,Property Damage Only,0,0,0,0,0,0,7000,2,2,,POINT (-92.890382630279 41.400214383792)
2014781766,2014003515,01/16/2014,01-January,5-Thursday,16:12,1600 Hours,District 4 (Southwest),,DALLAS,US 6,US 6/N AVE,Collision with:  Vehicle in traffic,On Roadway,Rear-end (front to rear),Crossed centerline (undivided),None Indicated,,Daylight,Snow,"Blowing sand, soil, dirt","Surface condition (e.g., wet, icy)",Non-intersection:  Non-junction/no special feature,Paved,,Minor Injury,0,2,0,1,1,0,13500,4,8,,POINT (-94.01259868283 41.570579638152)
2014780244,2014003267,01/16/2014,01-January,5-Thursday,08:25,0800 Hours,District 2 (Northeast),,CHICKASAW,US 63,US 63,Non-collision events:  Overturn/rollover,On Roadway,Non-collision (single vehicle),Ran off road - right,None Indicated,,Daylight,Ice/frost,Snow,"Surface condition (e.g., wet, icy)",Non-intersection:  Non-junction/no special feature,Paved,,Minor Injury,0,2,0,2,0,0,15000,1,2,,POINT (-92.30896864865 43.085237063732)
2014779740,CL14000133,01/16/2014,01-January,5-Thursday,15:01,1500 Hours,District 6 (East Central),CLINTON,CLINTON,US 67,US 67/N 2ND ST & IA 136/IOWA 136 & 19TH AVE N,Collision with:  Vehicle in traffic,On Roadway,Rear-end (front to rear),Followed too close,None Indicated,,Daylight,Dry,Cloudy,None apparent,Intersection:  Four-way intersection,Paved,,Property Damage Only,0,0,0,0,0,0,3000,2,2,,POINT (-90.182141275269 41.866213579789)
2014779846,14-000100,01/16/2014,01-January,5-Thursday,22:25,2200 Hours,District 1 (Central),ALTOONA,POLK,,8TH AVE NW & ADVENTURELAND DR,Collision with:  Vehicle in traffic,On Roadway,"Sideswipe, same direction",FTYROW:  Other (explain in narrative),None Indicated,,Dark - roadway lighted,Ice/frost,"Blowing sand, soil, dirt",None apparent,Non-intersection:  Crossover-related,Paved,,Possible/Unknown,0,1,0,0,1,0,6000,2,3,,POINT (-93.472347777989 41.658880512122)