Iowa DOT Case Number,Law Enforcement Case Number,Date of Crash,Month of Crash,Day of Week,Time of Crash,Hour,DOT District,City Name,County Name,Route with System,Location Description,First Harmful Event,Location of First Harmful Event,Manner of Crash/Collision,Major Cause,Drug or Alcohol ,Environmental Conditions,Light Conditions,Surface Conditions,Weather Conditions,Roadway Contribution,Roadway Type,Roadway Surface,Work Zone,Crash Severity,Number of Fatalities,Number of Injuries,Number of Major Injuries,Number of Minor Injuries,Number of Possible Injuries,Number of Unknown Injuries,Amount of Property Damage,Number of Vehicles Involved,Total Number of Occupants,Travel Direction,Location
2014782152,2014003635,01/17/2014,01-January,6-Friday,04:30,0400 Hours,District 6 (East Central),,CLINTON,US 30,US 30,Collision with:  Animal,,,Animal,None Indicated,,,,,,,Paved,,Property Damage Only,0,0,0,0,0,0,3000,1,1,,POINT (-90.813692083367 41.829609982883)
2014780129,20140001476,01/17/2014,01-January,6-Friday,03:00,0300 Hours,District 1 (Central),DES MOINES,POLK,,FLEUR DR,Collision with:  Vehicle in traffic,On Roadway,"Sideswipe, same direction",FTYROW:  Other (explain in narrative),None Indicated,,Dark - roadway lighted,Ice/frost,Snow,None apparent,Non-intersection:  Non-junction/no special feature,Paved,,Property Damage Only,0,0,0,0,0,0,1500,2,2,,POINT (-93.644927807421 41.573130810929)
2014779995,C14000180,01/17/2014,01-January,6-Friday,18:51,1800 Hours,District 6 (East Central),CORALVILLE,JOHNSON,,CORAL RIDGE AVE & HEARTLAND DR & HOLIDAY RD,Collision with:  Vehicle in traffic,On Roadway,Rear-end (front to rear),Followed too close,None Indicated,,Dark - roadway lighted,Dry,Clear,None apparent,Non-intersection:  Non-junction/no special feature,Paved,,Property Damage Only,0,0,0,0,0,0,1500,2,3,,POINT (-91.608377552929 41.7005225177)
2014780035,201400852,01/17/2014,01-January,6-Friday,14:56,1400 Hours,District 6 (East Central),CEDAR RAPIDS,LINN,,A AVE NE & 7TH ST NE,Collision with:  Vehicle in traffic,On Roadway,Broadside (front to side),Ran Traffic Signal,None Indicated,,Daylight,Dry,Clear,None apparent,Intersection:  Four-way intersection,Paved,,Property Damage Only,0,0,0,0,0,0,10000,2,2,,POINT (-91.664075613334 41.982767266056)
2014786246,20140141,01/17/2014,01-January,6-Friday,20:30,2000 Hours,District 2 (Northeast),,HANCOCK,,Co Rd R26/225TH ST,Collision with fixed object:  Utility pole/light support,Shoulder,Non-collision (single vehicle),Ran off road - right,None Indicated,,Dark - unknown roadway lighting,Dry,Clear,None apparent,Non-intersection:  Non-junction/no special feature,Paved,,Minor Injury,0,1,0,1,0,0,18000,1,1,,POINT (-93.879790953477 43.092361032327)
2014779791,14-373,01/17/2014,01-January,6-Friday,10:00,1000 Hours,District 1 (Central),,POLK,IA 415,IA 415/2ND AVE,Collision with fixed object:  Ditch,Shoulder,Non-collision (single vehicle),Followed too close,None Indicated,,Daylight,Wet,Clear,"Surface condition (e.g., wet, icy)",Non-intersection:  Non-junction/no special feature,Paved,,Property Damage Only,0,0,0,0,0,0,3000,1,2,,POINT (-93.620249047481 41.675273080345)
2014781478,,01/17/2014,01-January,6-Friday,11:38,1100 Hours,District 5 (Southeast),FORT MADISON,LEE,,303RD AVE,Collision with:  Vehicle in traffic,On Roadway,"Sideswipe, same direction","Operating vehicle in an reckless, erratic, careless, negligent manner",None Indicated,,Daylight,Dry,Clear,None apparent,Non-intersection:  Non-junction/no special feature,Paved,,Property Damage Only,0,0,0,0,0,0,2000,2,2,,POINT (-91.319476209837 40.659300702356)
2014782736,14-000244,01/17/2014,01-January,6-Friday,17:15,1700 Hours,District 3 (Northwest),LESTER,LYON,IA 9,IA 9/IOWA 9 & Co Rd K30/DOVE AVE & CLINTON ST,Collision with:  Vehicle in traffic,On Roadway,Broadside (front to side),FTYROW:  From stop sign,None Indicated,,Dusk,Dry,Clear,None apparent,Intersection:  Four-way intersection,Paved,,Major Injury,0,1,1,0,0,0,23000,2,2,,POINT (-96.333837276594 43.433047492552)
2014780676,01-14-2477,01/17/2014,01-January,6-Friday,13:05,1300 Hours,District 6 (East Central),DUBUQUE,DUBUQUE,,W 8TH ST & MAIN ST,Collision with:  Vehicle in traffic,On Roadway,Broadside (front to side),Ran Traffic Signal,None Indicated,,Daylight,Dry,Clear,None apparent,Intersection:  Four-way intersection,Paved,,Possible/Unknown,0,1,0,0,1,0,17000,2,3,,POINT (-90.667191217446 42.500845310406)
2014779974,14-01880,01/17/2014,01-January,6-Friday,19:33,1900 Hours,District 5 (Southeast),BURLINGTON,DES MOINES,,DES MOINES AVE & POND ST,Collision with fixed object:  Utility pole/light support,On Roadway,Non-collision (single vehicle),Swerving/Evasive Action,None Indicated,,Dark - roadway lighted,Snow,Clear,None apparent,Non-intersection:  Non-junction/no special feature,Paved,,Property Damage Only,0,0,0,0,0,0,1500,1,2,,POINT (-91.108078274558 40.8324583589)
2014780953,14-584,01/17/2014,01-January,6-Friday,10:05,1000 Hours,District 3 (Northwest),CARROLL,CARROLL,,WEST ST,Collision with:  Vehicle in traffic,On Roadway,Head-on (front to front),Lost Control,None Indicated,,Daylight,Ice/frost,Clear,"Surface condition (e.g., wet, icy)",Non-intersection:  Non-junction/no special feature,Paved,,Property Damage Only,0,0,0,0,0,0,1700,2,2,,POINT (-94.868925214852 42.073312311198)
2014788587,2014003624,01/17/2014,01-January,6-Friday,07:11,0700 Hours,District 1 (Central),,POLK,,,Collision with:  Vehicle in traffic,On Roadway,Rear-end (front to rear),Driving too fast for conditions,None Indicated,,Dawn,Ice/frost,Cloudy,"Surface condition (e.g., wet, icy)",Non-intersection:  Non-junction/no special feature,,,Property Damage Only,0,0,0,0,0,0,4000,2,2,,POINT (-96.643700149993 40.233091251414)
2014780121,20140001552,01/17/2014,01-January,6-Friday,17:05,1700 Hours,District 1 (Central),DES MOINES,POLK,IA 163,IA 163/E UNIVERSITY AVE & E 26TH ST,Collision with:  Vehicle in traffic,On Roadway,"Sideswipe, opposite direction",Crossed centerline (undivided),None Indicated,,Daylight,Wet,Cloudy,None apparent,Non-intersection:  Non-junction/no special feature,Paved,,Property Damage Only,0,0,0,0,0,0,4500,2,2,,POINT (-93.56787282308 41.600477929558)
2014779828,14-0279,01/17/2014,01-January,6-Friday,10:20,1000 Hours,District 4 (Southwest),WEST DES MOINES,DALLAS,,VISTA DR & JORDAN CREEK PKWY,Collision with:  Vehicle in traffic,On Roadway,Rear-end (front to rear),Lost Control,None Indicated,,Daylight,Ice/frost,Clear,"Surface condition (e.g., wet, icy)",Intersection:  Four-way intersection,Paved,,Property Damage Only,0,0,0,0,0,0,7700,2,2,,POINT (-93.809034476274 41.58899973632)
2014781260,,01/17/2014,01-January,6-Friday,08:50,0800 Hours,District 1 (Central),WEST DES MOINES,POLK,,,Collision with:  Vehicle in traffic,On Roadway,"Angle, oncoming left turn",Unknown,None Indicated,,Daylight,Ice/frost,Clear,,Intersection:  Four-way intersection,,,Property Damage Only,0,0,0,0,0,0,3500,3,17,,POINT (-96.643700149993 40.233091251414)
2014788985,14-050,01/17/2014,01-January,6-Friday,08:30,0800 Hours,District 4 (Southwest),,TAYLOR,,UTAH AVE,Non-collision events:  Overturn/rollover,On Roadway,Non-collision (single vehicle),Driving too fast for conditions,None Indicated,,Daylight,Dry,Clear,None apparent,Non-intersection:  Non-junction/no special feature,Unpaved,,Property Damage Only,0,0,0,0,0,0,1501,1,3,,POINT (-94.54785166825 40.814663820597)
2014781053,14001290,01/17/2014,01-January,6-Friday,17:18,1700 Hours,District 5 (Southeast),OSKALOOSA,MAHASKA,IA 92,IA 92/A AVE W & GATEWAY DR & CORNERSTONE DR,Collision with:  Vehicle in traffic,On Roadway,Rear-end (front to rear),Followed too close,None Indicated,,Dusk,Snow,Cloudy,"Surface condition (e.g., wet, icy)",Non-intersection:  Non-junction/no special feature,Paved,,Possible/Unknown,0,2,0,0,2,0,900,3,5,,POINT (-92.669592876123 41.296185956506)
2014780140,12-0120,01/17/2014,01-January,6-Friday,07:00,0700 Hours,District 1 (Central),URBANDALE,POLK,I-35,I-35,Collision with fixed object:  Guardrail - face,On Roadway,Non-collision (single vehicle),Other (explain in narrative):  No improper action,None Indicated,,Daylight,Ice/frost,Clear,"Surface condition (e.g., wet, icy)",Non-intersection:  Non-junction/no special feature,Paved,,Property Damage Only,0,0,0,0,0,0,4500,2,3,,POINT (-93.703411115094 41.652366468776)
2014779884,2014-3850,01/17/2014,01-January,6-Friday,12:00,1200 Hours,District 6 (East Central),DAVENPORT,SCOTT,,E 53RD ST & ELMORE AVE,Collision with:  Vehicle in traffic,On Roadway,Rear-end (front to rear),Other (explain in narrative):  Other,None Indicated,,Daylight,Dry,Cloudy,None apparent,Intersection:  Four-way intersection,Paved,,Property Damage Only,0,0,0,0,0,0,1525,2,2,,POINT (-90.528586977681 41.574860104089)
2014785436,,01/17/2014,01-January,6-Friday,11:03,1100 Hours,District 2 (Northeast),,WORTH,,Co Rd A38/410TH ST,Collision with fixed object:  Ditch,Median,Non-collision (single vehicle),Crossed centerline (undivided),None Indicated,,Daylight,Dry,Clear,None apparent,Non-intersection:  Non-junction/no special feature,Paved,,Property Damage Only,0,0,0,0,0,0,5000,1,1,,POINT (-93.143592102171 43.356835302873)
2014779801,14-370,01/17/2014,01-January,6-Friday,09:52,0900 Hours,District 1 (Central),GRIMES,POLK,,SE 37TH ST & GLENSTONE DR,Collision with:  Vehicle in traffic,On Roadway,Broadside (front to side),Ran Stop Sign,None Indicated,,Daylight,Ice/frost,Clear,"Surface condition (e.g., wet, icy)",Intersection:  Four-way intersection,Paved,,Property Damage Only,0,0,0,0,0,0,7000,2,2,,POINT (-93.76408304976 41.658473283743)
2014780405,20140001497,01/17/2014,01-January,6-Friday,08:30,0800 Hours,District 1 (Central),DES MOINES,POLK,I-235,I-235 & 56TH ST,Collision with:  Vehicle in traffic,On Roadway,Rear-end (front to rear),Other (explain in narrative):  Other,None Indicated,,Daylight,Ice/frost,Cloudy,None apparent,Interchange-related:  Off-ramp,Paved,,Possible/Unknown,0,1,0,0,1,0,6500,2,2,,POINT (-93.693732087573 41.593067964094)
2014779802,14368,01/17/2014,01-January,6-Friday,09:25,0900 Hours,District 1 (Central),JOHNSTON,POLK,,NW 72ND ST & NW 54TH AVE,Collision with:  Vehicle in traffic,On Roadway,Broadside (front to side),Lost Control,None Indicated,,Daylight,Ice/frost,Clear,"Surface condition (e.g., wet, icy)",Non-intersection:  Other non-intersection (explain in narrative),Paved,,Property Damage Only,0,0,0,0,0,0,4000,2,5,,POINT (-93.717227363165 41.658261817649)
2014793202,S201400103,01/17/2014,01-January,6-Friday,21:40,2100 Hours,District 3 (Northwest),,PALO ALTO,IA 4,IA 4/460 AVE,Collision with:  Animal,,,Animal,None Indicated,,,,,,,Paved,,Property Damage Only,0,0,0,0,0,0,1550,1,1,,POINT (-94.678727308074 43.032740597883)
2014783263,K14-001573,01/17/2014,01-January,6-Friday,14:54,1400 Hours,District 5 (Southeast),KEOKUK,LEE,US 218,US 218/MAIN ST & ROYAL RD,Collision with:  Vehicle in traffic,On Roadway,Rear-end (front to rear),Followed too close,None Indicated,,Daylight,Dry,Clear,None apparent,Intersection:  T-intersection,Paved,,Property Damage Only,0,0,0,0,0,0,3000,2,3,,POINT (-91.416641282327 40.430599484334)
2014780624,14-000458,01/17/2014,01-January,6-Friday,15:35,1500 Hours,District 6 (East Central),INDEPENDENCE,BUCHANAN,,20TH AVE SW,Collision with:  Vehicle in traffic,On Roadway,Rear-end (front to rear),Followed too close,None Indicated,,Daylight,Dry,Clear,None apparent,Non-intersection:  Non-junction/no special feature,Paved,,Possible/Unknown,0,1,0,0,1,0,4250,2,8,,POINT (-91.919715649838 42.466944846796)
2014780087,14-000225,01/17/2014,01-January,6-Friday,07:50,0700 Hours,District 1 (Central),ANKENY,POLK,,W 1ST ST & NW FLYNN DR & SW FLYNN DR,Collision with:  Vehicle in traffic,On Roadway,Broadside (front to side),FTYROW:  From stop sign,None Indicated,,Dawn,Snow,Clear,"Surface condition (e.g., wet, icy)",Intersection:  Four-way intersection,Paved,,Property Damage Only,0,0,0,0,0,0,4200,2,3,,POINT (-93.6182079566 41.731866510033)
2014780138,20140001525,01/17/2014,01-January,6-Friday,12:15,1200 Hours,District 1 (Central),DES MOINES,POLK,,SE 4TH ST & W MLK JR PKWY,Collision with:  Vehicle in traffic,On Roadway,Broadside (front to side),Ran Traffic Signal,None Indicated,,Daylight,Ice/frost,Clear,None apparent,Intersection:  Four-way intersection,Paved,,Minor Injury,0,2,0,2,0,0,7500,2,4,,POINT (-93.610085313489 41.582310224104)
2014781109,201400002853,01/17/2014,01-January,6-Friday,16:32,1600 Hours,District 5 (Southeast),OTTUMWA,WAPELLO,,N DAVIS ST & CHURCH ST,Collision with:  Vehicle in traffic,On Roadway,Broadside (front to side),FTYROW:  From driveway,None Indicated,,Daylight,Dry,Clear,None apparent,Non-intersection:  Driveway access (within),Paved,,Possible/Unknown,0,1,0,0,1,0,2000,2,4,,POINT (-92.421122684624 41.007590152713)
2014780112,20140001484,01/17/2014,01-January,6-Friday,07:10,0700 Hours,District 1 (Central),DES MOINES,POLK,US 69,US 69/E 15TH ST,Collision with:  Vehicle in traffic,On Roadway,Rear-end (front to rear),Driving too fast for conditions,None Indicated,,Dawn,Ice/frost,Cloudy,"Surface condition (e.g., wet, icy)",Non-intersection:  Non-junction/no special feature,Paved,,Possible/Unknown,0,1,0,0,1,0,1500,2,3,,POINT (-93.595121805386 41.593647721694)
2014780158,14-002075,01/17/2014,01-January,6-Friday,12:11,1200 Hours,District 4 (Southwest),COUNCIL BLUFFS,POTTAWATTAMIE,,9TH AVE & S 8TH ST,Collision with:  Vehicle in traffic,On Roadway,Broadside (front to side),Made improper turn,None Indicated,,Daylight,Dry,Clear,None apparent,Intersection:  Four-way intersection,Paved,,Property Damage Only,0,0,0,0,0,0,6100,2,3,,POINT (-95.856085474991 41.253391707703)
2014780526,14-1656,01/17/2014,01-January,6-Friday,15:10,1500 Hours,District 3 (Northwest),SIOUX CITY,WOODBURY,,18TH ST & SUMMIT ST,Collision with:  Vehicle in traffic,On Roadway,Rear-end (front to rear),Other (explain in narrative):  Vision obstructed,None Indicated,,Daylight,Dry,Clear,None apparent,Intersection:  Four-way intersection,Paved,,Possible/Unknown,0,1,0,0,1,0,1700,3,5,,POINT (-96.409559893338 42.509172687067)
2014779752,14-01791,01/17/2014,01-January,6-Friday,08:17,0800 Hours,District 5 (Southeast),BURLINGTON,DES MOINES,,LOUISA ST & 13TH ST,Collision with:  Vehicle in traffic,On Roadway,Broadside (front to side),Other (explain in narrative):  Other,None Indicated,,Daylight,Snow,Cloudy,None apparent,Intersection:  Four-way intersection,Paved,,Property Damage Only,0,0,0,0,0,0,5000,2,2,,POINT (-91.112034232669 40.794591302147)
2014780134,20140001503,01/17/2014,01-January,6-Friday,07:25,0700 Hours,District 1 (Central),DES MOINES,POLK,,UNIVERSITY AVE & 6TH AVE,Collision with:  Vehicle in traffic,On Roadway,Rear-end (front to rear),Driving too fast for conditions,None Indicated,,Daylight,Ice/frost,Cloudy,"Surface condition (e.g., wet, icy)",Non-intersection:  Non-junction/no special feature,Paved,,Property Damage Only,0,0,0,0,0,0,2000,2,2,,POINT (-93.625739250145 41.600790026847)
2014781094,S14-000160,01/17/2014,01-January,6-Friday,17:10,1700 Hours,District 4 (Southwest),,POTTAWATTAMIE,,COTTONWOOD RD & 290TH ST,Collision with:  Vehicle in traffic,On Roadway,Rear-end (front to rear),FTYROW:  At uncontrolled intersection,None Indicated,,Daylight,"Mud, dirt",Clear,None apparent,Intersection:  T-intersection,Unpaved,,Property Damage Only,0,0,0,0,0,0,25000,2,3,,POINT (-95.632153535266 41.246096593734)
2014780675,01-14-2566,01/17/2014,01-January,6-Friday,23:56,2300 Hours,District 6 (East Central),DUBUQUE,DUBUQUE,US 20,US 20/DODGE ST & WACKER DR,Collision with:  Vehicle in traffic,On Roadway,Broadside (front to side),Ran Traffic Signal,None Indicated,,Dark - roadway lighted,Dry,Cloudy,None apparent,Intersection:  Four-way intersection,Paved,,Property Damage Only,0,0,0,0,0,0,5500,2,3,,POINT (-90.720484853451 42.492075528824)
2014932438,,01/17/2014,01-January,6-Friday,16:20,1600 Hours,District 1 (Central),POLK CITY,POLK,,N BROADWAY ST W & PARKER BLVD,Collision with:  Vehicle in traffic,On Roadway,Head-on (front to front),Unknown,None Indicated,,Daylight,Dry,Clear,None apparent,Intersection:  T-intersection,Paved,,Possible/Unknown,0,2,0,0,1,1,8000,2,2,,POINT (-93.727512721725 41.779089479112)
2014780552,2014003762,01/17/2014,01-January,6-Friday,14:00,1400 Hours,District 6 (East Central),DAVENPORT,SCOTT,US 61,US 61/BRADY ST,Collision with:  Vehicle in traffic,On Roadway,Rear-end (front to rear),Followed too close,None Indicated,,Daylight,Dry,Clear,None apparent,Non-intersection:  Non-junction/no special feature,Paved,,Possible/Unknown,0,1,0,0,1,0,35000,2,2,,POINT (-90.566868317248 41.603362528037)
2014782604,01-14-2490,01/17/2014,01-January,6-Friday,15:05,1500 Hours,District 6 (East Central),DUBUQUE,DUBUQUE,,CEDAR CROSS CT & CEDAR CROSS RD,Collision with:  Vehicle in traffic,On Roadway,Rear-end (front to rear),Lost Control,None Indicated,,Daylight,Dry,Clear,None apparent,Intersection:  Other intersection (explain in narrative),Paved,,Property Damage Only,0,0,0,0,0,0,2000,2,2,,POINT (-90.712144320082 42.48121100324)
2014780135,20140001509,01/17/2014,01-January,6-Friday,10:50,1000 Hours,District 1 (Central),DES MOINES,POLK,,FLEUR DR,Collision with:  Vehicle in traffic,On Roadway,Rear-end (front to rear),FTYROW:  Other (explain in narrative),None Indicated,,Daylight,Slush,Clear,None apparent,Intersection:  Four-way intersection,Paved,,Property Damage Only,0,0,0,0,0,0,2500,2,38,,POINT (-93.644979557591 41.526463666943)
2014780666,14-01844,01/17/2014,01-January,6-Friday,15:11,1500 Hours,District 5 (Southeast),,DES MOINES,,22ND AVE,Collision with:  Vehicle in traffic,On Roadway,Broadside (front to side),Crossed centerline (undivided),None Indicated,,Daylight,Ice/frost,Cloudy,"Surface condition (e.g., wet, icy)",Non-intersection:  Non-junction/no special feature,Unpaved,,Possible/Unknown,0,1,0,0,1,0,11500,2,3,,POINT (-90.972134780053 40.953290852334)
2014780037,14001164,01/17/2014,01-January,6-Friday,13:14,1300 Hours,District 6 (East Central),MARION,LINN,,BROCKMAN AVE & 24TH ST,Collision with:  Vehicle in traffic,On Roadway,Broadside (front to side),FTYROW:  From stop sign,None Indicated,,Daylight,Dry,Clear,None apparent,Intersection:  Four-way intersection,Paved,,Property Damage Only,0,0,0,0,0,0,7000,2,2,,POINT (-91.587173737917 42.042098987004)
2014793201,S201400100,01/17/2014,01-January,6-Friday,11:15,1100 Hours,District 3 (Northwest),,PALO ALTO,US 18,US 18/370 ST & 510 AVE,Non-collision events:  Other non-collision (explain in narrative),On Roadway,Non-collision (single vehicle),Other (explain in narrative):  No improper action,None Indicated,,Daylight,Dry,Severe winds,None apparent,Intersection:  Four-way intersection,Paved,,Property Damage Only,0,0,0,0,0,0,36100,1,1,,POINT (-94.580397262549 43.112221112659)
2014779844,14-000104,01/17/2014,01-January,6-Friday,10:48,1000 Hours,District 1 (Central),ALTOONA,POLK,,34TH AVE NW,Collision with:  Vehicle in traffic,On Roadway,Rear-end (front to rear),Driving too fast for conditions,None Indicated,,Daylight,Snow,Clear,"Surface condition (e.g., wet, icy)",Intersection:  Five points or more,Paved,,Property Damage Only,0,0,0,0,0,0,3500,2,3,,POINT (-93.503105053225 41.65550741987)
2014780088,14-000226,01/17/2014,01-January,6-Friday,07:55,0700 Hours,District 1 (Central),ANKENY,POLK,,W 1ST ST & NW FLYNN DR & SW FLYNN DR,Collision with:  Vehicle in traffic,On Roadway,Rear-end (front to rear),Driving too fast for conditions,None Indicated,,Daylight,Ice/frost,Clear,"Surface condition (e.g., wet, icy)",Non-intersection:  Non-junction/no special feature,Paved,,Possible/Unknown,0,1,0,0,1,0,2200,2,6,,POINT (-93.6182079566 41.731866510033)
2014781518,14000834,01/17/2014,01-January,6-Friday,18:35,1800 Hours,District 2 (Northeast),MASON CITY,CERRO GORDO,US 65,US 65/N FEDERAL AVE & 15TH ST NW & 15TH ST NE,Collision with:  Vehicle in traffic,On Roadway,"Angle, oncoming left turn",FTYROW:  Making left turn,None Indicated,,Dark - roadway lighted,Dry,Cloudy,None apparent,Intersection:  T-intersection,Paved,,Property Damage Only,0,0,0,0,0,0,3000,2,2,,POINT (-93.201074756573 43.166317843038)
2014780156,14-002036,01/17/2014,01-January,6-Friday,04:58,0400 Hours,District 4 (Southwest),COUNCIL BLUFFS,POTTAWATTAMIE,I-29,I-29,Collision with fixed object:  Traffic sign support,On Roadway,Non-collision (single vehicle),Ran off road - right,None Indicated,,Dark - roadway lighted,Dry,Clear,None apparent,Non-intersection:  Non-junction/no special feature,Paved,,Property Damage Only,0,0,0,0,0,0,2100,1,4,,POINT (-95.881618687165 41.232355596493)
2014780157,14-002073,01/17/2014,01-January,6-Friday,12:09,1200 Hours,District 4 (Southwest),COUNCIL BLUFFS,POTTAWATTAMIE,,AVE C & N 28TH ST,Collision with:  Vehicle in traffic,On Roadway,Broadside (front to side),Ran Stop Sign,None Indicated,,Daylight,Dry,Clear,None apparent,Intersection:  Four-way intersection,Paved,,Property Damage Only,0,0,0,0,0,0,2000,2,2,,POINT (-95.889100566767 41.264599779092)
2014781205,2014003850,01/17/2014,01-January,6-Friday,22:34,2200 Hours,District 4 (Southwest),,POTTAWATTAMIE,I-29,I-29,Collision with:  Vehicle in traffic,On Roadway,Head-on (front to front),Traveling wrong way or on wrong side of road,Drug/Alcohol (Statutory),,Dark - roadway not lighted,Dry,Clear,None apparent,Non-intersection:  Non-junction/no special feature,Paved,,Fatal,1,3,2,1,0,0,26000,2,4,,POINT (-95.871788250399 41.31101947546)
2014779839,14-0284,01/17/2014,01-January,6-Friday,12:55,1200 Hours,District 1 (Central),WEST DES MOINES,POLK,,RACCOON RIVER DR,Collision with:  Railway vehicle/train,On Roadway,Broadside (front to side),FTYROW:  Other (explain in narrative),None Indicated,,Daylight,Slush,Cloudy,None apparent,Non-intersection:  Railroad grade crossing,Paved,,Minor Injury,0,1,0,1,0,0,8000,2,2,,POINT (-93.786780699354 41.538740603564)
2014780332,14000448,01/17/2014,01-January,6-Friday,17:21,1700 Hours,District 6 (East Central),,DELAWARE,,Co Rd X49/330TH AVE,Collision with:  Animal,,,Animal,None Indicated,,,,,,,Paved,,Property Damage Only,0,0,0,0,0,0,1500,1,1,,POINT (-91.154104085366 42.517146467614)
2014780955,14-591,01/17/2014,01-January,6-Friday,12:09,1200 Hours,District 3 (Northwest),CARROLL,CARROLL,US 71,US 71,Collision with:  Vehicle in traffic,On Roadway,"Sideswipe, same direction",FTYROW:  Other (explain in narrative),None Indicated,,Daylight,Wet,Cloudy,None apparent,Non-intersection:  Non-junction/no special feature,Paved,,Property Damage Only,0,0,0,0,0,0,3500,2,2,,POINT (-94.87859449819 42.076144393773)
2014781568,14-0063,01/17/2014,01-January,6-Friday,07:14,0700 Hours,District 1 (Central),,GREENE,IA 4,IA 4/I AVE,Collision with:  Vehicle in traffic,On Roadway,Rear-end (front to rear),Driving too fast for conditions,None Indicated,,Daylight,Ice/frost,Clear,None apparent,Non-intersection:  Non-junction/no special feature,Paved,,Minor Injury,0,1,0,1,0,0,14500,2,2,,POINT (-94.47478278638 42.177673169664)
2014781956,2014-01036,01/17/2014,01-January,6-Friday,04:00,0400 Hours,District 5 (Southeast),,WARREN,,Co Rd S23/HWY S23,Collision with fixed object:  Ditch,On Roadway,Non-collision (single vehicle),Swerving/Evasive Action,None Indicated,,Dark - roadway not lighted,Ice/frost,Cloudy,"Surface condition (e.g., wet, icy)",Non-intersection:  Non-junction/no special feature,Paved,,Property Damage Only,0,0,0,0,0,0,5000,1,1,,POINT (-93.462915986732 41.347172319101)
2014780034,201400863,01/17/2014,01-January,6-Friday,17:40,1700 Hours,District 6 (East Central),CEDAR RAPIDS,LINN,I-380,I-380,Collision with:  Vehicle in traffic,On Roadway,Rear-end (front to rear),Followed too close,None Indicated,,Dark - roadway lighted,Dry,Cloudy,None apparent,Interchange-related:  On-ramp merge area,Paved,,Property Damage Only,0,0,0,0,0,0,11000,2,2,,POINT (-91.665174224315 41.983338445742)
2014780512,14-235,01/17/2014,01-January,6-Friday,13:12,1300 Hours,District 1 (Central),AMES,STORY,,UNIVERSITY BLVD,Collision with:  Vehicle in traffic,On Roadway,"Sideswipe, same direction",Improper or erratic lane changing,None Indicated,,Daylight,Dry,Clear,None apparent,Non-intersection:  Non-junction/no special feature,Paved,,Property Damage Only,0,0,0,0,0,0,8000,2,2,,POINT (-93.634949484739 42.01107635721)
2014780471,2014-3902,01/17/2014,01-January,6-Friday,16:29,1600 Hours,District 6 (East Central),DAVENPORT,SCOTT,US 67,US 67/GAINES ST,Collision with:  Vehicle in traffic,On Roadway,Rear-end (front to rear),Followed too close,None Indicated,,Dusk,Dry,Clear,None apparent,Non-intersection:  Other non-intersection (explain in narrative),Paved,,Property Damage Only,0,0,0,0,0,0,6000,3,3,,POINT (-90.581383651342 41.514748941495)
2014780527,14-1693,01/17/2014,01-January,6-Friday,19:05,1900 Hours,District 3 (Northwest),SIOUX CITY,WOODBURY,,INGLESIDE AVE,Collision with:  Parked motor vehicle,Outside trafficway,Rear-end (front to rear),Improper Backing,None Indicated,,Dark - roadway lighted,Dry,Clear,None apparent,Non-intersection:  Non-junction/no special feature,Paved,,Property Damage Only,0,0,0,0,0,0,2100,2,1,,POINT (-96.40025220162 42.50585675832)
2014784866,,01/17/2014,01-January,6-Friday,13:20,1300 Hours,District 4 (Southwest),AVOCA,POTTAWATTAMIE,US 59,US 59/S WALNUT ST/N WALNUT ST & IA 83/W HIGH ST,Collision with:  Vehicle in traffic,On Roadway,Broadside (front to side),FTYROW:  From stop sign,None Indicated,,Daylight,Dry,Clear,None apparent,Intersection:  Four-way intersection,Paved,,Property Damage Only,0,0,0,0,0,0,5500,2,2,,POINT (-95.337951945036 41.476573064441)
2014780143,14-0119,01/17/2014,01-January,6-Friday,06:49,0600 Hours,District 1 (Central),URBANDALE,POLK,,DOUGLAS AVE,Collision with:  Vehicle in traffic,On Roadway,Rear-end (front to rear),Other (explain in narrative):  Other,None Indicated,,Dawn,Ice/frost,Clear,"Surface condition (e.g., wet, icy)",Non-intersection:  Non-junction/no special feature,Paved,,Property Damage Only,0,0,0,0,0,0,3500,2,4,,POINT (-93.739511574446 41.62926172638)
2014779800,14-369,01/17/2014,01-January,6-Friday,09:35,0900 Hours,District 1 (Central),DES MOINES,POLK,US 65,US 65,Collision with fixed object:  Guardrail - face,On Roadway,Non-collision (single vehicle),Over correcting/over steering,None Indicated,,Daylight,Ice/frost,Clear,"Surface condition (e.g., wet, icy)",Non-intersection:  Non-junction/no special feature,Paved,,Property Damage Only,0,0,0,0,0,0,9000,1,1,,POINT (-93.517882932335 41.537608834745)
2014781640,14-0074,01/17/2014,01-January,6-Friday,11:48,1100 Hours,District 1 (Central),CLIVE,POLK,US 6,US 6/HICKMAN RD,Collision with:  Vehicle in traffic,On Roadway,Rear-end (front to rear),Lost Control,None Indicated,,Daylight,Ice/frost,Clear,"Surface condition (e.g., wet, icy)",Non-intersection:  Non-junction/no special feature,Paved,,Property Damage Only,0,0,0,0,0,0,3500,2,3,,POINT (-93.728712272532 41.614811128201)