Iowa DOT Case Number,Law Enforcement Case Number,Date of Crash,Month of Crash,Day of Week,Time of Crash,Hour,DOT District,City Name,County Name,Route with System,Location Description,First Harmful Event,Location of First Harmful Event,Manner of Crash/Collision,Major Cause,Drug or Alcohol ,Environmental Conditions,Light Conditions,Surface Conditions,Weather Conditions,Roadway Contribution,Roadway Type,Roadway Surface,Work Zone,Crash Severity,Number of Fatalities,Number of Injuries,Number of Major Injuries,Number of Minor Injuries,Number of Possible Injuries,Number of Unknown Injuries,Amount of Property Damage,Number of Vehicles Involved,Total Number of Occupants,Travel Direction,Location
2014780895,2014-01084,01/17/2014,01-January,6-Friday,17:52,1700 Hours,District 5 (Southeast),INDIANOLA,WARREN,US 65,US 65,Collision with:  Vehicle in traffic,On Roadway,Broadside (front to side),FTYROW:  From driveway,Alcohol (Statutory),,Dark - roadway not lighted,"Mud, dirt",Cloudy,None apparent,Non-intersection:  Driveway access (within),Paved,,Minor Injury,0,1,0,1,0,0,15000,2,3,,POINT (-93.558669844538 41.384471213492)
2014779925,011714-169,01/17/2014,01-January,6-Friday,15:47,1500 Hours,District 3 (Northwest),ALTA,BUENA VISTA,,W HWY,Collision with:  Vehicle in traffic,On Roadway,"Sideswipe, same direction",FTYROW:  From stop sign,None Indicated,,Daylight,Dry,Clear,None apparent,Intersection:  Four-way intersection,Paved,,Possible/Unknown,0,1,0,0,0,1,1500,2,2,,POINT (-95.309042666193 42.674801379833)
2014780137,20140001517,01/17/2014,01-January,6-Friday,11:33,1100 Hours,District 1 (Central),DES MOINES,POLK,,BURLINGTON TER & 16TH ST,Collision with:  Vehicle in traffic,On Roadway,Rear-end (front to rear),Driving too fast for conditions,None Indicated,,Daylight,Slush,Clear,"Surface condition (e.g., wet, icy)",Intersection:  T-intersection,Paved,,Property Damage Only,0,0,0,0,0,0,1500,2,3,,POINT (-93.63905825405 41.614074465463)
2014779847,14-000102,01/17/2014,01-January,6-Friday,09:15,0900 Hours,District 1 (Central),ALTOONA,POLK,,8TH ST SW & 36TH AVE SW,Collision with:  Vehicle in traffic,On Roadway,Rear-end (front to rear),Driving too fast for conditions,None Indicated,,Daylight,Ice/frost,Clear,"Surface condition (e.g., wet, icy)",Non-intersection:  Non-junction/no special feature,Paved,,Property Damage Only,0,0,0,0,0,0,3000,2,3,,POINT (-93.506066759887 41.644154382293)
2014779899,14-0167,01/17/2014,01-January,6-Friday,16:10,1600 Hours,District 1 (Central),FORT DODGE,WEBSTER,,KENYON RD,Collision with:  Vehicle in traffic,On Roadway,Rear-end (front to rear),Other (explain in narrative):  Other,None Indicated,,Daylight,Dry,Clear,None apparent,Non-intersection:  Non-junction/no special feature,Paved,,Property Damage Only,0,0,0,0,0,0,3500,2,3,,POINT (-94.190020399699 42.492298774243)
2014780033,201400851,01/17/2014,01-January,6-Friday,14:51,1400 Hours,District 6 (East Central),CEDAR RAPIDS,LINN,,BLAIRS FERRY RD & EDGEWOOD RD NE & PROP EDGEWOOD RD,Collision with:  Vehicle in traffic,On Roadway,"Angle, oncoming left turn",FTYROW:  Making left turn,None Indicated,,Daylight,Dry,Clear,None apparent,Intersection:  Four-way intersection,Paved,,Property Damage Only,0,0,0,0,0,0,6800,2,2,,POINT (-91.701308594194 42.034729240399)
2014780522,14-1619,01/17/2014,01-January,6-Friday,07:42,0700 Hours,District 3 (Northwest),SIOUX CITY,WOODBURY,,SINGING HILLS BLVD & HARBOR DR,Collision with:  Vehicle in traffic,On Roadway,"Sideswipe, same direction",Other (explain in narrative):  Other,None Indicated,,Daylight,Dry,Clear,None apparent,Intersection:  Four-way intersection,Paved,,Property Damage Only,0,0,0,0,0,0,2300,2,2,,POINT (-96.378661385107 42.43399159093)
2014781729,14010342,01/17/2014,01-January,6-Friday,09:58,0900 Hours,District 5 (Southeast),OTTUMWA,WAPELLO,,E COURT ST & W 6TH ST & E 6TH ST & N COURT ST,Collision with:  Vehicle in traffic,On Roadway,"Sideswipe, opposite direction",Crossed centerline (undivided),None Indicated,,Daylight,Slush,Cloudy,"Surface condition (e.g., wet, icy)",Intersection:  Five points or more,Paved,,Property Damage Only,0,0,0,0,0,0,3000,2,3,,POINT (-92.40887296539 41.021040206948)
2014780173,14-000065,01/17/2014,01-January,6-Friday,23:06,2300 Hours,District 1 (Central),,STORY,US 30,US 30,Collision with:  Animal,,,Animal,None Indicated,,,,,,,Paved,,Property Damage Only,0,0,0,0,0,0,4000,1,1,,POINT (-93.397475947071 42.007839134368)
2014780094,14-0071,01/17/2014,01-January,6-Friday,10:30,1000 Hours,District 1 (Central),CLIVE,POLK,,UNIVERSITY AVE,Collision with:  Vehicle in traffic,On Roadway,Unknown,Lost Control,None Indicated,,Daylight,Ice/frost,Clear,"Surface condition (e.g., wet, icy)",Intersection:  Intersection with ramp,Paved,,Possible/Unknown,0,1,0,0,1,0,1200,2,2,,POINT (-93.779525879023 41.600444594438)
2014780066,14-384,01/17/2014,01-January,6-Friday,15:25,1500 Hours,District 1 (Central),BONDURANT,POLK,,Co Rd S14/NE 72ND ST & GRANT ST N,Non-collision events:  Other non-collision (explain in narrative),Outside trafficway,Broadside (front to side),FTYROW:  From parked position,None Indicated,,Daylight,Dry,Clear,None apparent,Non-intersection:  Non-junction/no special feature,Paved,,Property Damage Only,0,0,0,0,0,0,6000,2,2,,POINT (-93.464489556699 41.710226152194)
2014781860,14000444,01/17/2014,01-January,6-Friday,15:37,1500 Hours,District 6 (East Central),,DELAWARE,,Co Rd D42/275TH ST & 170TH AVE,Collision with:  Vehicle in traffic,On Roadway,Broadside (front to side),FTYROW:  From stop sign,None Indicated,,Daylight,Dry,Cloudy,None apparent,Intersection:  T-intersection,Paved,,Possible/Unknown,0,1,0,0,1,0,4000,2,8,,POINT (-91.462029741091 42.390868698355)
2014779921,14-010,01/17/2014,01-January,6-Friday,11:45,1100 Hours,District 2 (Northeast),WAVERLY,BREMER,IA 3,IA 3/BREMER AVE & 3RD ST SW & 3RD ST NW,Collision with:  Vehicle in traffic,On Roadway,"Sideswipe, same direction",FTYROW:  Other (explain in narrative),None Indicated,,Daylight,Dry,Clear,None apparent,Non-intersection:  Non-junction/no special feature,Paved,,Property Damage Only,0,0,0,0,0,0,3200,2,3,,POINT (-92.474447337299 42.725755186461)
2014779827,14-0276,01/17/2014,01-January,6-Friday,09:15,0900 Hours,District 4 (Southwest),WEST DES MOINES,DALLAS,,VISTA DR & JORDAN CREEK PKWY,Collision with:  Vehicle in traffic,On Roadway,Broadside (front to side),Ran Traffic Signal,None Indicated,,Daylight,Ice/frost,Cloudy,"Surface condition (e.g., wet, icy)",Intersection:  Four-way intersection,Paved,,Property Damage Only,0,0,0,0,0,0,7000,2,2,,POINT (-93.809070466445 41.588999483713)
2014780074,14-000227,01/17/2014,01-January,6-Friday,08:05,0800 Hours,District 1 (Central),ANKENY,POLK,,E 1ST ST,Collision with fixed object:  Other fixed object (explain in narrative),On Roadway,Non-collision (single vehicle),Swerving/Evasive Action,None Indicated,,Daylight,Ice/frost,Clear,"Surface condition (e.g., wet, icy)",Non-intersection:  Non-junction/no special feature,Paved,,Property Damage Only,0,0,0,0,0,0,2600,1,1,,POINT (-93.580740370396 41.73188184163)
2014780674,01-14-2500,01/17/2014,01-January,6-Friday,15:52,1500 Hours,District 6 (East Central),DUBUQUE,DUBUQUE,,CLARKE DR & ASBURY RD,Collision with:  Vehicle in traffic,On Roadway,Rear-end (front to rear),Lost Control,None Indicated,,Daylight,Dry,Cloudy,None apparent,Non-intersection:  Non-junction/no special feature,Paved,,Possible/Unknown,0,1,0,0,1,0,2500,2,2,,POINT (-90.701911678885 42.505158251184)
2014780161,14-002118,01/17/2014,01-January,6-Friday,16:22,1600 Hours,District 4 (Southwest),COUNCIL BLUFFS,POTTAWATTAMIE,US 6,US 6/W BROADWAY & S 35TH ST & N 35TH ST,Collision with:  Vehicle in traffic,On Roadway,Rear-end (front to rear),Followed too close,None Indicated,,Daylight,Dry,Clear,None apparent,Intersection:  Four-way intersection,Paved,,Possible/Unknown,0,1,0,0,1,0,2000,3,8,,POINT (-95.902097459626 41.261867945996)
2014781728,14010336,01/17/2014,01-January,6-Friday,04:00,0400 Hours,District 5 (Southeast),BLAKESBURG,WAPELLO,US 34,US 34,Collision with:  Animal,,,Animal,None Indicated,,,,,,,Paved,,Property Damage Only,0,0,0,0,0,0,4000,1,1,,POINT (-92.598804199079 41.014155810134)
2014781434,14-592,01/17/2014,01-January,6-Friday,07:46,0700 Hours,District 3 (Northwest),,SIOUX,US 75,US 75 & IA 10/450TH ST,Collision with:  Vehicle in traffic,On Roadway,Rear-end (front to rear),Followed too close,None Indicated,,Daylight,Snow,Clear,"Surface condition (e.g., wet, icy)",Intersection:  Four-way intersection,Paved,,Possible/Unknown,0,1,0,0,1,0,7000,3,3,,POINT (-96.175509166647 42.997134157895)
2014780139,20140001529,01/17/2014,01-January,6-Friday,11:00,1100 Hours,District 1 (Central),DES MOINES,POLK,US 69,US 69/E 14TH ST & E COURT AVE,Collision with:  Vehicle in traffic,On Roadway,Rear-end (front to rear),Unknown,None Indicated,,Daylight,Ice/frost,Cloudy,"Surface condition (e.g., wet, icy)",Intersection:  Other intersection (explain in narrative),Paved,,Property Damage Only,0,0,0,0,0,0,1500,2,2,,POINT (-93.596813682219 41.589747819295)
2014780452,2014-3912,01/17/2014,01-January,6-Friday,17:02,1700 Hours,District 6 (East Central),DAVENPORT,SCOTT,,IA 461/HARRISON ST,Collision with:  Vehicle in traffic,On Roadway,Rear-end (front to rear),Followed too close,None Indicated,,Dusk,Dry,Cloudy,None apparent,Non-intersection:  Non-junction/no special feature,Paved,,Property Damage Only,0,0,0,0,0,0,2000,2,2,,POINT (-90.576913322727 41.54590706561)
2014780075,14-000230,01/17/2014,01-January,6-Friday,09:18,0900 Hours,District 1 (Central),ANKENY,POLK,I-35,I-35 & CORPORATE WOODS DR,Collision with fixed object:  Other fixed object (explain in narrative),On Roadway,Non-collision (single vehicle),Driving too fast for conditions,None Indicated,,Daylight,Ice/frost,Clear,"Surface condition (e.g., wet, icy)",Non-intersection:  Other non-intersection (explain in narrative),Paved,,Property Damage Only,0,0,0,0,0,0,4500,1,1,,POINT (-93.576743884454 41.680282411905)
2014783262,K14-001569,01/17/2014,01-January,6-Friday,14:29,1400 Hours,District 5 (Southeast),KEOKUK,LEE,US 218,US 218/MAIN ST & ROYAL RD,Collision with:  Vehicle in traffic,On Roadway,Rear-end (front to rear),Other (explain in narrative):  Other,None Indicated,,Daylight,Dry,Clear,None apparent,Non-intersection:  Non-junction/no special feature,Paved,,Minor Injury,0,1,0,1,0,0,3500,3,4,,POINT (-91.416641282327 40.430599484334)
2014779795,14-362,01/17/2014,01-January,6-Friday,06:00,0600 Hours,District 1 (Central),,POLK,I-35,I-35 & IA 415/2ND AVE,Collision with:  Vehicle in traffic,On Roadway,Rear-end (front to rear),Other (explain in narrative):  Other,None Indicated,,Dark - roadway lighted,Snow,Clear,None apparent,Intersection:  Intersection with ramp,Paved,,Property Damage Only,0,0,0,0,0,0,2000,2,2,,POINT (-93.61999352053 41.648640355424)
2014779792,14-376,01/17/2014,01-January,6-Friday,07:45,0700 Hours,District 1 (Central),POLK CITY,POLK,,E NORTHSIDE DR,Collision with fixed object:  Ditch,Roadside,Non-collision (single vehicle),Ran off road - left,None Indicated,,Daylight,Ice/frost,Clear,"Surface condition (e.g., wet, icy)",Non-intersection:  Non-junction/no special feature,Paved,,Property Damage Only,0,0,0,0,0,0,2200,1,1,,POINT (-93.700222601362 41.776962285727)
2014779711,14000721,01/17/2014,01-January,6-Friday,08:43,0800 Hours,District 5 (Southeast),CENTERVILLE,APPANOOSE,,W WASHINGTON ST & N 10TH ST,Collision with:  Vehicle in traffic,On Roadway,Broadside (front to side),Other (explain in narrative):  Other,None Indicated,,Daylight,Snow,Clear,"Surface condition (e.g., wet, icy)",Intersection:  Four-way intersection,Paved,,Property Damage Only,0,0,0,0,0,0,2000,2,2,,POINT (-92.876451208239 40.73594982051)
2014783520,14-000381,01/17/2014,01-January,6-Friday,01:26,0100 Hours,District 4 (Southwest),,CASS,I-80,I-80,Collision with:  Vehicle in traffic,On Roadway,Rear-end (front to rear),Followed too close,None Indicated,,Dark - roadway not lighted,Dry,Clear,None apparent,Non-intersection:  Non-junction/no special feature,Paved,,Property Damage Only,0,0,0,0,0,0,2000,2,2,,POINT (-94.944042070247 41.497193452218)
2014780124,20140001575,01/17/2014,01-January,6-Friday,20:03,2000 Hours,District 1 (Central),DES MOINES,POLK,I-235,I-235,Collision with fixed object:  Concrete traffic barrier (median or right side),On Roadway,Non-collision (single vehicle),Swerving/Evasive Action,None Indicated,,Dark - roadway lighted,Ice/frost,Cloudy,Other (explain in narrative),Non-intersection:  Non-junction/no special feature,Paved,,Property Damage Only,0,0,0,0,0,0,3500,2,4,,POINT (-93.635046681419 41.595433730553)
2014796134,AC14-003,01/17/2014,01-January,6-Friday,13:50,1300 Hours,District 4 (Southwest),HARLAN,SHELBY,,DURANT ST & 10TH ST,Collision with:  Vehicle in traffic,On Roadway,Broadside (front to side),FTYROW:  From stop sign,None Indicated,,Daylight,Dry,Clear,None apparent,Intersection:  Four-way intersection,Paved,,Possible/Unknown,0,1,0,0,1,0,11000,2,2,,POINT (-95.32254328836 41.656753233891)
2014780447,14-947,01/17/2014,01-January,6-Friday,15:44,1500 Hours,District 6 (East Central),BETTENDORF,SCOTT,I-74,I-74,Collision with:  Vehicle in traffic,On Roadway,Rear-end (front to rear),Followed too close,None Indicated,,Daylight,Dry,Clear,None apparent,Non-intersection:  Other non-intersection (explain in narrative),Paved,,Possible/Unknown,0,1,0,0,1,0,2000,2,2,,POINT (-90.513270250301 41.521095015345)
2014781194,2014003717,01/17/2014,01-January,6-Friday,09:57,0900 Hours,District 5 (Southeast),,WARREN,I-35,I-35,Collision with fixed object:  Culvert/pipe opening,Shoulder,Non-collision (single vehicle),Crossed centerline (undivided),None Indicated,,Daylight,Ice/frost,Clear,"Surface condition (e.g., wet, icy)",Non-intersection:  Non-junction/no special feature,Paved,,Property Damage Only,0,0,0,0,0,0,10500,1,1,,POINT (-93.780208210455 41.501585155443)
2014785616,2014-3874,01/17/2014,01-January,6-Friday,16:41,1600 Hours,District 6 (East Central),DAVENPORT,SCOTT,,IA 461/BRADY ST & W 12TH ST & E 12TH ST,Collision with:  Vehicle in traffic,On Roadway,Broadside (front to side),FTYROW:  From stop sign,None Indicated,,Daylight,Wet,Clear,None apparent,Intersection:  Four-way intersection,Paved,,Property Damage Only,0,0,0,0,0,0,2000,2,6,,POINT (-90.574041518314 41.531976615604)
2014780159,14-002102,01/17/2014,01-January,6-Friday,14:33,1400 Hours,District 4 (Southwest),COUNCIL BLUFFS,POTTAWATTAMIE,,23RD AVE & BASS PRO DR & S 32ND ST,Collision with:  Vehicle in traffic,On Roadway,Broadside (front to side),Ran Traffic Signal,None Indicated,,Daylight,Dry,Clear,None apparent,Intersection:  Four-way intersection,Paved,,Possible/Unknown,0,1,0,0,1,0,4500,2,2,,POINT (-95.894175326573 41.240326254974)
2014779933,14000805,01/17/2014,01-January,6-Friday,09:30,0900 Hours,District 2 (Northeast),MASON CITY,CERRO GORDO,,4TH ST NW & 4TH ST NE & N FEDERAL AVE,Collision with:  Vehicle in traffic,On Roadway,Broadside (front to side),FTYROW:  From stop sign,None Indicated,,Daylight,Dry,Clear,None apparent,Intersection:  Four-way intersection,Paved,,Property Damage Only,0,0,0,0,0,0,3500,2,2,,POINT (-93.201088315744 43.155448986081)
2014780145,14-0122,01/17/2014,01-January,6-Friday,08:30,0800 Hours,District 1 (Central),URBANDALE,POLK,,100TH ST & SUTTON DR & BROOKVIEW DR,Collision with fixed object:  Utility pole/light support,Outside trafficway,Non-collision (single vehicle),Driving too fast for conditions,None Indicated,,Daylight,Ice/frost,Clear,None apparent,Intersection:  T-intersection,Paved,,Possible/Unknown,0,1,0,0,1,0,15000,1,1,,POINT (-93.756024062348 41.648213424026)
2014779715,W14-005428,01/17/2014,01-January,6-Friday,11:24,1100 Hours,District 2 (Northeast),WATERLOO,BLACK HAWK,US 63,US 63/W 1ST ST/E 1ST ST & LAFAYETTE ST,Collision with:  Vehicle in traffic,On Roadway,"Sideswipe, same direction",Made improper turn,None Indicated,,Daylight,Dry,Clear,None apparent,Intersection:  Four-way intersection,Paved,,Property Damage Only,0,0,0,0,0,0,5000,2,2,,POINT (-92.33925975889 42.501823025048)
2014780136,20140001516,01/17/2014,01-January,6-Friday,10:45,1000 Hours,District 1 (Central),DES MOINES,POLK,,E 26TH ST,Collision with:  Vehicle in traffic,On Roadway,"Sideswipe, opposite direction",Lost Control,None Indicated,,Daylight,Ice/frost,Clear,"Surface condition (e.g., wet, icy)",Non-intersection:  Non-junction/no special feature,Paved,,Property Damage Only,0,0,0,0,0,0,6000,2,4,,POINT (-93.567989578307 41.600108055726)
2014780440,14-000068,01/17/2014,01-January,6-Friday,08:01,0800 Hours,District 1 (Central),JOHNSTON,POLK,,PIONEER PKWY & MERLE HAY RD,Collision with:  Vehicle in traffic,On Roadway,Rear-end (front to rear),Driving too fast for conditions,None Indicated,,Daylight,Snow,Clear,"Surface condition (e.g., wet, icy)",Intersection:  Four-way intersection,Paved,,Property Damage Only,0,0,0,0,0,0,2400,2,2,,POINT (-93.697666399272 41.661994073711)
2014781101,GP20140043,01/17/2014,01-January,6-Friday,14:30,1400 Hours,District 1 (Central),GRINNELL,POWESHIEK,,9TH AVE & MAIN ST,Collision with:  Vehicle in traffic,On Roadway,Broadside (front to side),FTYROW:  At uncontrolled intersection,None Indicated,,Daylight,Dry,Clear,None apparent,Non-intersection:  Non-junction/no special feature,Paved,,Property Damage Only,0,0,0,0,0,0,5500,2,3,,POINT (-92.725777003318 41.750513872583)
2014780528,14-1699,01/17/2014,01-January,6-Friday,20:05,2000 Hours,District 3 (Northwest),SIOUX CITY,WOODBURY,,JACKSON ST,Collision with:  Vehicle in traffic,On Roadway,Broadside (front to side),Improper Backing,None Indicated,,Dark - roadway lighted,Dry,Clear,None apparent,Non-intersection:  Non-junction/no special feature,Paved,,Property Damage Only,0,0,0,0,0,0,2000,2,777,,POINT (-96.402146769058 42.508474794552)
2014786901,2014-3944,01/17/2014,01-January,6-Friday,18:27,1800 Hours,District 6 (East Central),DAVENPORT,SCOTT,,ROCKINGHAM RD & S HOWELL ST,Collision with:  Vehicle in traffic,On Roadway,Rear-end (front to rear),Other (explain in narrative):  Other,None Indicated,,Daylight,Dry,Cloudy,None apparent,Non-intersection:  Non-junction/no special feature,Paved,,Property Damage Only,0,0,0,0,0,0,1500,2,2,,POINT (-90.604929854157 41.51799796703)
2014780525,14-1654,01/17/2014,01-January,6-Friday,14:48,1400 Hours,District 3 (Northwest),SIOUX CITY,WOODBURY,,MORNINGSIDE AVE & 170TH ST,Collision with:  Vehicle in traffic,On Roadway,Broadside (front to side),FTYROW:  From stop sign,None Indicated,,Daylight,Dry,Clear,None apparent,Intersection:  Four-way intersection,Paved,,Property Damage Only,0,0,0,0,0,0,4000,2,4,,POINT (-96.32634990148 42.458917182302)
2014780144,14-0121,01/17/2014,01-January,6-Friday,07:34,0700 Hours,District 1 (Central),URBANDALE,POLK,,100TH ST,Collision with fixed object:  Utility pole/light support,Outside trafficway,Non-collision (single vehicle),Driving too fast for conditions,None Indicated,,Dawn,Ice/frost,Cloudy,None apparent,Intersection:  Four-way intersection,Paved,,Property Damage Only,0,0,0,0,0,0,3500,1,1,,POINT (-93.755954453334 41.629929382961)
2014780095,14-0072,01/17/2014,01-January,6-Friday,10:00,1000 Hours,District 1 (Central),WEST DES MOINES,POLK,I-35,I-35,Collision with:  Vehicle in traffic,On Roadway,"Sideswipe, same direction",Lost Control,None Indicated,,Daylight,Ice/frost,Clear,"Surface condition (e.g., wet, icy)",Interchange-related:  On-ramp merge area,Paved,,Property Damage Only,0,0,0,0,0,0,2700,2,2,,POINT (-93.776940617669 41.600002728239)
2014780370,2014000519,01/17/2014,01-January,6-Friday,17:24,1700 Hours,District 6 (East Central),IOWA CITY,JOHNSON,IA 1,IA 1/E BURLINGTON ST/GOVERNOR ST,Collision with:  Vehicle in traffic,On Roadway,"Angle, oncoming left turn",FTYROW:  Making left turn,None Indicated,,Dusk,Dry,Clear,None apparent,Intersection:  Four-way intersection,Paved,,Property Damage Only,0,0,0,0,0,0,3000,2,4,,POINT (-91.522885257423 41.657780702463)
2014779798,14-363,01/17/2014,01-January,6-Friday,06:21,0600 Hours,District 1 (Central),GRIMES,POLK,IA 141,IA 141/IOWA 141 & NE 18TH ST,Collision with:  Vehicle in traffic,Shoulder,Rear-end (front to rear),FTYROW:  From stop sign,None Indicated,,Dark - roadway not lighted,Ice/frost,Clear,None apparent,Intersection:  Four-way intersection,Paved,,Property Damage Only,0,0,0,0,0,0,3500,2,2,,POINT (-93.774728524502 41.702887956672)
2014780038,14001170,01/17/2014,01-January,6-Friday,15:28,1500 Hours,District 6 (East Central),MARION,LINN,IA 100,IA 100/COLLINS RD SE & E POST RD,Collision with:  Vehicle in traffic,On Roadway,"Angle, oncoming left turn",Ran Traffic Signal,None Indicated,,Daylight,Dry,Clear,None apparent,Intersection:  Four-way intersection,Paved,,Minor Injury,0,1,0,1,0,0,10000,2,3,,POINT (-91.599347790101 42.015364302084)
2014779922,14-011,01/17/2014,01-January,6-Friday,12:40,1200 Hours,District 2 (Northeast),WAVERLY,BREMER,IA 116,IA 116/4TH ST SW & 29TH AVE SW,Collision with:  Vehicle in traffic,On Roadway,"Angle, oncoming left turn",FTYROW:  Making left turn,None Indicated,,Daylight,Dry,Clear,None apparent,Intersection:  Four-way intersection,Paved,,Property Damage Only,0,0,0,0,0,0,9500,2,2,,POINT (-92.475723900114 42.700347479404)
2014780523,14-1620,01/17/2014,01-January,6-Friday,07:50,0700 Hours,District 3 (Northwest),SIOUX CITY,WOODBURY,US 20,US 20,Collision with:  Vehicle in traffic,On Roadway,"Sideswipe, same direction",Unknown,None Indicated,,Daylight,Dry,Clear,None apparent,Non-intersection:  Non-junction/no special feature,Paved,,Property Damage Only,0,0,0,0,0,0,8000,3,3,,POINT (-96.355674339157 42.44399633336)
2014780146,14-0123,01/17/2014,01-January,6-Friday,09:17,0900 Hours,District 1 (Central),URBANDALE,POLK,I-35,I-35,Collision with:  Vehicle in traffic,On Roadway,"Sideswipe, same direction",Lost Control,None Indicated,,Daylight,Ice/frost,Clear,None apparent,Non-intersection:  Non-junction/no special feature,Paved,,Property Damage Only,0,0,0,0,0,0,5100,2,2,,POINT (-93.728403200331 41.652399954446)
2014781222,,01/17/2014,01-January,6-Friday,07:55,0700 Hours,District 6 (East Central),DE WITT,CLINTON,,9TH AVE,Collision with:  Vehicle in traffic,On Roadway,Rear-end (front to rear),FTYROW:  From driveway,None Indicated,,Daylight,Dry,Cloudy,None apparent,Non-intersection:  Driveway access (within),Paved,,Property Damage Only,0,0,0,0,0,0,3000,2,3,,POINT (-90.54335841057 41.823342013187)
2014780473,2014-3891,01/17/2014,01-January,6-Friday,16:01,1600 Hours,District 6 (East Central),DAVENPORT,SCOTT,,E 4TH ST & IOWA ST,Collision with:  Vehicle in traffic,On Roadway,Rear-end (front to rear),Downhill runaway,None Indicated,,Daylight,Dry,Clear,None apparent,Non-intersection:  Non-junction/no special feature,Paved,,Property Damage Only,0,0,0,0,0,0,2500,2,2,,POINT (-90.569707711255 41.523518095305)
2014781265,,01/17/2014,01-January,6-Friday,01:00,0100 Hours,District 1 (Central),DES MOINES,POLK,I-80,I-80,Non-collision events:  Other non-collision (explain in narrative),On Roadway,Non-collision (single vehicle),Unknown,None Indicated,,Dark - roadway not lighted,Ice/frost,Snow,,Non-intersection:  Non-junction/no special feature,Paved,,Property Damage Only,0,0,0,0,0,0,12000,1,1,,POINT (-93.555825309765 41.655030383154)
2014781237,,01/17/2014,01-January,6-Friday,11:22,1100 Hours,District 1 (Central),MONROE,JASPER,,E MILLS ST & S MAIN ST,Collision with:  Vehicle in traffic,On Roadway,Broadside (front to side),Crossed centerline (undivided),None Indicated,,Daylight,Ice/frost,Clear,"Surface condition (e.g., wet, icy)",Intersection:  T-intersection,Paved,,Property Damage Only,0,0,0,0,0,0,6000,2,2,,POINT (-93.100481195596 41.518905757326)
2014781731,14010335,01/17/2014,01-January,6-Friday,02:25,0200 Hours,District 5 (Southeast),AGENCY,WAPELLO,,Co Rd V37/AGENCY HEDRICK RD,Collision with fixed object:  Bridge overhead structure,On Roadway,Non-collision (single vehicle),Crossed centerline (undivided),None Indicated,,Dark - roadway not lighted,Snow,Clear,None apparent,Non-intersection:  Other non-intersection (explain in narrative),Paved,,Possible/Unknown,0,1,0,0,0,1,10000,1,1,,POINT (-92.295764043401 41.086532776886)
2014787003,,01/17/2014,01-January,6-Friday,15:04,1500 Hours,District 2 (Northeast),DECORAH,WINNESHIEK,,IOWA AVE & COLLEGE DR,,On Roadway,Head-on (front to front),Crossed centerline (undivided),None Indicated,,Daylight,Dry,Clear,None apparent,Non-intersection:  Driveway access (within),Paved,,Property Damage Only,0,0,0,0,0,0,6500,2,2,,POINT (-91.796727455072 43.307311026607)
2014780096,14-0073,01/17/2014,01-January,6-Friday,11:50,1100 Hours,District 1 (Central),CLIVE,POLK,I-35,I-35 & UNIVERSITY AVE,Collision with:  Vehicle in traffic,On Roadway,Rear-end (front to rear),Lost Control,None Indicated,,Daylight,Ice/frost,Clear,"Surface condition (e.g., wet, icy)",Intersection:  Intersection with ramp,Paved,,Property Damage Only,0,0,0,0,0,0,4200,2,2,,POINT (-93.779333897571 41.600445896616)
2014780451,2014-3991,01/17/2014,01-January,6-Friday,22:20,2200 Hours,District 6 (East Central),DAVENPORT,SCOTT,,IA 461/HARRISON ST,Collision with:  Vehicle in traffic,On Roadway,"Sideswipe, same direction",FTYROW:  Other (explain in narrative),None Indicated,,Dark - roadway lighted,Dry,Snow,None apparent,Non-intersection:  Non-junction/no special feature,Paved,,Property Damage Only,0,0,0,0,0,0,5111,2,4,,POINT (-90.577241636033 41.540005785612)
2014788735,14-00474,01/17/2014,01-January,6-Friday,11:39,1100 Hours,District 5 (Southeast),MOUNT PLEASANT,HENRY,,W MONROE ST,Collision with:  Vehicle in traffic,On Roadway,Broadside (front to side),FTYROW:  From parked position,None Indicated,,Daylight,Snow,Clear,None apparent,Non-intersection:  Non-junction/no special feature,Paved,,Property Damage Only,0,0,0,0,0,0,3000,2,2,,POINT (-91.553904846314 40.966616014269)
2014780795,14680499,01/17/2014,01-January,6-Friday,17:46,1700 Hours,District 5 (Southeast),,MONROE,US 34,US 34,Collision with:  Animal,,,Animal,None Indicated,,,,,,,Paved,,Property Damage Only,0,0,0,0,0,0,1700,1,1,,POINT (-92.840949022801 41.016978313667)
2014782495,2014-01076,01/17/2014,01-January,6-Friday,15:41,1500 Hours,District 5 (Southeast),,WARREN,,Co Rd G76/HWY G76,Collision with:  Vehicle in traffic,On Roadway,Rear-end (front to rear),Other (explain in narrative):  Vision obstructed,None Indicated,,Daylight,Dry,Clear,None apparent,Non-intersection:  Driveway access (within),Paved,,Property Damage Only,0,0,0,0,0,0,4500,2,4,,POINT (-93.780834817705 41.176685828124)
2014780093,14-0070,01/17/2014,01-January,6-Friday,10:20,1000 Hours,District 1 (Central),CLIVE,POLK,,UNIVERSITY AVE,Collision with:  Vehicle in traffic,On Roadway,"Sideswipe, opposite direction",Lost Control,None Indicated,,Daylight,Snow,Clear,"Surface condition (e.g., wet, icy)",Non-intersection:  Non-junction/no special feature,Paved,,Property Damage Only,0,0,0,0,0,0,8000,2,2,,POINT (-93.723426462376 41.60042398795)