Iowa DOT Case Number,Law Enforcement Case Number,Date of Crash,Month of Crash,Day of Week,Time of Crash,Hour,DOT District,City Name,County Name,Route with System,Location Description,First Harmful Event,Location of First Harmful Event,Manner of Crash/Collision,Major Cause,Drug or Alcohol ,Environmental Conditions,Light Conditions,Surface Conditions,Weather Conditions,Roadway Contribution,Roadway Type,Roadway Surface,Work Zone,Crash Severity,Number of Fatalities,Number of Injuries,Number of Major Injuries,Number of Minor Injuries,Number of Possible Injuries,Number of Unknown Injuries,Amount of Property Damage,Number of Vehicles Involved,Total Number of Occupants,Travel Direction,Location
2014782077,14-000550,01/17/2014,01-January,6-Friday,13:40,1300 Hours,District 2 (Northeast),,FAYETTE,,Q AVE,Collision with fixed object:  Ditch,On Roadway,Non-collision (single vehicle),Swerving/Evasive Action,None Indicated,,Daylight,Ice/frost,Clear,None apparent,Non-intersection:  Non-junction/no special feature,Unpaved,,Property Damage Only,0,0,0,0,0,0,4000,1,1,,POINT (-91.922168152006 42.774003311741)
2014779824,14-0271,01/17/2014,01-January,6-Friday,00:54,0000 Hours,District 1 (Central),WEST DES MOINES,POLK,I-35,I-35,Collision with fixed object:  Concrete traffic barrier (median or right side),On Roadway,Non-collision (single vehicle),Driving too fast for conditions,None Indicated,,Dark - roadway not lighted,Ice/frost,"Blowing sand, soil, dirt","Surface condition (e.g., wet, icy)",Non-intersection:  Non-junction/no special feature,Paved,,Property Damage Only,0,0,0,0,0,0,2000,1,2,,POINT (-93.776626434302 41.558769755599)
2014780177,H14-0606,01/17/2014,01-January,6-Friday,18:40,1800 Hours,District 1 (Central),HUXLEY,STORY,,N MAIN AVE,Collision with:  Parked motor vehicle,On Roadway,Rear-end (front to rear),Unknown,None Indicated,,Dark - roadway lighted,Ice/frost,Cloudy,None apparent,Non-intersection:  Non-junction/no special feature,Paved,,Property Damage Only,0,0,0,0,0,0,10000,2,1,,POINT (-93.606196671981 41.897954730072)
2014780293,W14-005802,01/18/2014,01-January,7-Saturday,11:44,1100 Hours,District 2 (Northeast),WATERLOO,BLACK HAWK,,S FRONTAGE RD,Collision with:  Vehicle in traffic,On Roadway,"Sideswipe, same direction",Swerving/Evasive Action,None Indicated,,Daylight,Slush,Snow,None apparent,Non-intersection:  Non-junction/no special feature,Paved,,Property Damage Only,0,0,0,0,0,0,10000,2,2,,POINT (-92.380319091874 42.496144566396)
2014783091,2014-4167,01/18/2014,01-January,7-Saturday,15:51,1500 Hours,District 6 (East Central),DAVENPORT,SCOTT,,E 3RD ST,Collision with:  Vehicle in traffic,On Roadway,Rear-end (front to rear),Unknown,None Indicated,,Daylight,Snow,Snow,None apparent,Non-intersection:  Non-junction/no special feature,Paved,,Property Damage Only,0,0,0,0,0,0,3000,2,1,,POINT (-90.573128384443 41.522419537761)
2014784614,2014003907,01/18/2014,01-January,7-Saturday,10:00,1000 Hours,District 6 (East Central),IOWA CITY,JOHNSON,I-80,I-80,Collision with fixed object:  Concrete traffic barrier (median or right side),On Roadway,Non-collision (single vehicle),Swerving/Evasive Action,None Indicated,,Daylight,Snow,Snow,"Surface condition (e.g., wet, icy)",Non-intersection:  Non-junction/no special feature,Paved,,Property Damage Only,0,0,0,0,0,0,2000,1,2,,POINT (-91.508532444711 41.686948559346)
2014786513,,01/18/2014,01-January,7-Saturday,02:22,0200 Hours,District 2 (Northeast),,WINNESHIEK,,180TH ST,Non-collision events:  Overturn/rollover,Outside trafficway,Non-collision (single vehicle),Driving too fast for conditions,Alcohol (Statutory),,Dark - roadway not lighted,Ice/frost,Clear,"Surface condition (e.g., wet, icy)",Non-intersection:  Non-junction/no special feature,Unpaved,,Property Damage Only,0,0,0,0,0,0,5500,1,1,,POINT (-91.835193505239 43.198294681795)
2014780976,01-14-2591,01/18/2014,01-January,7-Saturday,02:00,0200 Hours,District 6 (East Central),DUBUQUE,DUBUQUE,,CARTER RD,Collision with fixed object:  Other fixed object (explain in narrative),Outside trafficway,Non-collision (single vehicle),Lost Control,None Indicated,,Dark - roadway lighted,Snow,Cloudy,"Surface condition (e.g., wet, icy)",Non-intersection:  Non-junction/no special feature,Paved,,Possible/Unknown,0,1,0,0,1,0,10000,1,1,,POINT (-90.713535841921 42.508128462695)
2014780642,14000866,01/18/2014,01-January,7-Saturday,08:56,0800 Hours,District 2 (Northeast),MASON CITY,CERRO GORDO,,12TH ST NW & N MONROE AVE,Collision with:  Vehicle in traffic,On Roadway,Rear-end (front to rear),Driving too fast for conditions,None Indicated,,Daylight,Snow,Snow,"Surface condition (e.g., wet, icy)",Intersection:  T-intersection,Paved,,Property Damage Only,0,0,0,0,0,0,7000,2,3,,POINT (-93.208628280457 43.162747413471)
2014780042,14001257,01/18/2014,01-January,7-Saturday,18:08,1800 Hours,District 6 (East Central),MARION,LINN,,10TH ST,Collision with:  Non-motorist (see non-motorist section - NOT a unit),On Roadway,Non-collision (single vehicle),FTYROW:  To pedestrian,None Indicated,,Dark - roadway lighted,Snow,Cloudy,None apparent,Intersection:  Four-way intersection,Paved,,Minor Injury,0,1,0,1,0,0,0,1,1,,POINT (-91.599319082841 42.03317850303)
2014780737,2014000576,01/18/2014,01-January,7-Saturday,18:40,1800 Hours,District 6 (East Central),IOWA CITY,JOHNSON,,MUSCATINE AVE & WADE ST,Collision with:  Vehicle in traffic,On Roadway,Unknown,Driving too fast for conditions,None Indicated,,Dusk,Slush,Clear,None apparent,Non-intersection:  Non-junction/no special feature,Paved,,Property Damage Only,0,0,0,0,0,0,3000,2,3,,POINT (-91.50077276506 41.649577328824)
2014780454,2014-4072,01/18/2014,01-January,7-Saturday,11:08,1100 Hours,District 6 (East Central),DAVENPORT,SCOTT,,ELMORE AVE,Collision with:  Other non-fixed object (explain in narrative),On Roadway,Non-collision (single vehicle),Ran off road - right,None Indicated,,Daylight,Snow,Snow,"Surface condition (e.g., wet, icy)",Non-intersection:  Non-junction/no special feature,Paved,,Property Damage Only,0,0,0,0,0,0,2000,1,1,,POINT (-90.528602409794 41.578228800738)
2014780003,C14000191,01/18/2014,01-January,7-Saturday,12:18,1200 Hours,District 6 (East Central),CORALVILLE,JOHNSON,,10TH ST & 25TH AVE,Collision with:  Vehicle in traffic,On Roadway,Broadside (front to side),Ran Stop Sign,None Indicated,,Daylight,Snow,Snow,"Surface condition (e.g., wet, icy)",Intersection:  T-intersection,Paved,,Property Damage Only,0,0,0,0,0,0,9000,2,5,,POINT (-91.603373232787 41.687969317928)
2014780984,02-14-1126,01/18/2014,01-January,7-Saturday,15:23,1500 Hours,District 6 (East Central),,DUBUQUE,,SIMON RD,Collision with fixed object:  Ditch,On Roadway,Non-collision (single vehicle),Driving too fast for conditions,None Indicated,,Daylight,Snow,Cloudy,"Surface condition (e.g., wet, icy)",Non-intersection:  Non-junction/no special feature,Paved,,Minor Injury,0,1,0,1,0,0,10000,1,1,,POINT (-90.916754981164 42.319962973456)
2014780103,20140001624,01/18/2014,01-January,7-Saturday,09:40,0900 Hours,District 1 (Central),DES MOINES,POLK,,CENTER ST & 2ND AVE,Collision with:  Vehicle in traffic,On Roadway,"Sideswipe, same direction",Made improper turn,None Indicated,,Daylight,Wet,Rain,None apparent,Non-intersection:  Non-junction/no special feature,Paved,,Property Damage Only,0,0,0,0,0,0,5000,2,4,,POINT (-93.620298898387 41.59156006689)
2014781439,14-647,01/18/2014,01-January,7-Saturday,10:48,1000 Hours,District 3 (Northwest),,SIOUX,IA 60,IA 60/SW RAMP,Collision with fixed object:  Ditch,On Roadway,Non-collision (single vehicle),Ran off road - right,None Indicated,,Daylight,Ice/frost,Cloudy,None apparent,Interchange-related:  On-ramp,Paved,,Property Damage Only,0,0,0,0,0,0,2300,1,1,,POINT (-95.861871866735 43.161222217169)
2014779913,14005776,01/18/2014,01-January,7-Saturday,01:30,0100 Hours,District 2 (Northeast),CEDAR FALLS,BLACK HAWK,,IOWA ST,Collision with:  Parked motor vehicle,On Roadway,Rear-end (front to rear),Other (explain in narrative):  Other,None Indicated,,Unknown,Snow,Unknown,Unknown,Non-intersection:  Non-junction/no special feature,Paved,,Property Damage Only,0,0,0,0,0,0,2000,3,1,,POINT (-92.452103124643 42.535712550085)
2014781054,14-001391,01/18/2014,01-January,7-Saturday,18:53,1800 Hours,District 5 (Southeast),,MARION,IA 14,IA 14/IOWA 14,Collision with:  Animal,,,Animal,None Indicated,,,,,,,Paved,,Property Damage Only,0,0,0,0,0,0,1500,1,1,,POINT (-93.158752248862 41.17961060499)
2014781841,14000895,01/18/2014,01-January,7-Saturday,16:27,1600 Hours,District 2 (Northeast),MASON CITY,CERRO GORDO,US 65,US 65/S DELAWARE AVE/4TH ST SW,Collision with fixed object:  Other fixed object (explain in narrative),On Roadway,Non-collision (single vehicle),Driving too fast for conditions,None Indicated,,Daylight,Ice/frost,Cloudy,"Surface condition (e.g., wet, icy)",Non-intersection:  Non-junction/no special feature,Paved,,Property Damage Only,0,0,0,0,0,0,2200,1,1,,POINT (-93.201088381545 43.147965958273)
2014780288,W14-005754,01/18/2014,01-January,7-Saturday,09:40,0900 Hours,District 2 (Northeast),WATERLOO,BLACK HAWK,,W 9TH ST & JOHNSON ST,Collision with:  Vehicle in traffic,On Roadway,Head-on (front to front),Driving too fast for conditions,None Indicated,,Daylight,Snow,Snow,"Surface condition (e.g., wet, icy)",Intersection:  Four-way intersection,Paved,,Property Damage Only,0,0,0,0,0,0,4500,2,2,,POINT (-92.342907730954 42.484696885127)
2014780317,14-000644,01/18/2014,01-January,7-Saturday,21:30,2100 Hours,District 3 (Northwest),,CARROLL,,ZEPHYR AVE,Non-collision events:  Overturn/rollover,Outside trafficway,Non-collision (single vehicle),Driving too fast for conditions,Alcohol (Statutory),,Dark - roadway not lighted,"Mud, dirt",Cloudy,None apparent,Non-intersection:  Non-junction/no special feature,Unpaved,,Fatal,1,0,0,0,0,0,25550,1,1,,POINT (-94.647958602135 42.11449779308)
2014788111,2014-4244,01/18/2014,01-January,7-Saturday,22:18,2200 Hours,District 6 (East Central),DAVENPORT,SCOTT,,N DIVISION ST,Non-collision events:  Other non-collision (explain in narrative),On Roadway,Non-collision (single vehicle),Ran off road - right,None Indicated,,Dark - roadway lighted,Wet,Clear,None apparent,Non-intersection:  Non-junction/no special feature,Paved,,Property Damage Only,0,0,0,0,0,0,6500,1,1,,POINT (-90.600783251309 41.55237010006)
2014783829,2014--4-AC,01/18/2014,01-January,7-Saturday,07:52,0700 Hours,District 3 (Northwest),,DICKINSON,IA 9,IA 9/IOWA 9,Non-collision events:  Overturn/rollover,On Roadway,Non-collision (single vehicle),Driving too fast for conditions,None Indicated,,Daylight,Snow,Snow,"Surface condition (e.g., wet, icy)",Non-intersection:  Non-junction/no special feature,Paved,,Minor Injury,0,2,0,1,1,0,10000,1,2,,POINT (-94.988516074302 43.430253745425)
2014779924,14-013,01/18/2014,01-January,7-Saturday,06:24,0600 Hours,District 2 (Northeast),WAVERLY,BREMER,,CEDAR LN,Collision with:  Animal,,,Animal,None Indicated,,,,,,,Paved,,Property Damage Only,0,0,0,0,0,0,1500,1,1,,POINT (-92.46627562129 42.730058042672)
2014781711,14-1155,01/18/2014,01-January,7-Saturday,09:29,0900 Hours,District 6 (East Central),WALCOTT,SCOTT,I-80,I-80,Collision with fixed object:  Guardrail - face,On Roadway,Non-collision (single vehicle),Driving too fast for conditions,None Indicated,,Daylight,Snow,Snow,"Surface condition (e.g., wet, icy)",Non-intersection:  Non-junction/no special feature,Paved,,Property Damage Only,0,0,0,0,0,0,5000,1,2,,POINT (-90.772874230737 41.614466089366)
2014781028,14-001661,01/18/2014,01-January,7-Saturday,15:32,1500 Hours,District 5 (Southeast),MONTROSE,LEE,,235 AVE,Collision with fixed object:  Ditch,On Roadway,Non-collision (single vehicle),Ran off road - left,None Indicated,,Daylight,Ice/frost,Snow,"Surface condition (e.g., wet, icy)",Non-intersection:  Non-junction/no special feature,Unpaved,,Property Damage Only,0,0,0,0,0,0,1500,1,1,,POINT (-91.460475371086 40.602776198839)
2014783812,14-000391,01/18/2014,01-January,7-Saturday,15:25,1500 Hours,District 2 (Northeast),,CLAYTON,IA 56,IA 56/IOWA 56,Collision with fixed object:  Ditch,On Roadway,Non-collision (single vehicle),Crossed centerline (undivided),None Indicated,,Daylight,Snow,Clear,"Surface condition (e.g., wet, icy)",Non-intersection:  Non-junction/no special feature,Paved,,Property Damage Only,0,0,0,0,0,0,5000,1,4,,POINT (-91.506507158812 42.869752490308)
2014782329,2014003928,01/18/2014,01-January,7-Saturday,09:50,0900 Hours,District 6 (East Central),IOWA CITY,JOHNSON,I-80,I-80,Collision with:  Vehicle in traffic,On Roadway,Rear-end (front to rear),Other (explain in narrative):  Other,None Indicated,,Daylight,Ice/frost,Snow,"Surface condition (e.g., wet, icy)",Non-intersection:  Non-junction/no special feature,Paved,,Property Damage Only,0,0,0,0,0,0,11000,2,2,,POINT (-91.508832742685 41.686952456949)
2014780201,2014003940,01/18/2014,01-January,7-Saturday,11:15,1100 Hours,District 6 (East Central),,CEDAR,I-80,I-80,Non-collision events:  Other non-collision (explain in narrative),On Roadway,Non-collision (single vehicle),Other (explain in narrative):  No improper action,None Indicated,,Daylight,Ice/frost,Snow,"Surface condition (e.g., wet, icy)",Non-intersection:  Non-junction/no special feature,Paved,,Property Damage Only,0,0,0,0,0,0,20000,1,1,,POINT (-91.294850650845 41.66324272083)
2014784724,261400116,01/18/2014,01-January,7-Saturday,15:35,1500 Hours,District 5 (Southeast),,DAVIS,,EBONY AVE,Non-collision events:  Overturn/rollover,Outside trafficway,Non-collision (single vehicle),"Operating vehicle in an reckless, erratic, careless, negligent manner",None Indicated,,Daylight,Dry,Cloudy,None apparent,Non-intersection:  Non-junction/no special feature,Unpaved,,Property Damage Only,0,0,0,0,0,0,2000,1,2,,POINT (-92.556974891342 40.647394144013)
2014782330,2014003975,01/18/2014,01-January,7-Saturday,09:10,0900 Hours,District 6 (East Central),IOWA CITY,JOHNSON,I-80,I-80,Collision with:  Vehicle in traffic,On Roadway,Rear-end (front to rear),Other (explain in narrative):  Other,None Indicated,,Daylight,Snow,Snow,"Surface condition (e.g., wet, icy)",Non-intersection:  Non-junction/no special feature,Paved,,Possible/Unknown,0,1,0,0,1,0,18800,2,2,,POINT (-91.506466602482 41.686912718432)
2014780750,201400174,01/18/2014,01-January,7-Saturday,10:36,1000 Hours,District 6 (East Central),,LINN,US 151,US 151/DUBUQUE RD,Non-collision events:  Overturn/rollover,Roadside,Non-collision (single vehicle),Driving too fast for conditions,None Indicated,,Daylight,Ice/frost,"Blowing sand, soil, dirt",None apparent,Non-intersection:  Non-junction/no special feature,Paved,,Property Damage Only,0,0,0,0,0,0,4500,1,1,,POINT (-91.505727955823 42.045669548369)
2014779926,011814-95,01/18/2014,01-January,7-Saturday,09:48,0900 Hours,District 3 (Northwest),,BUENA VISTA,,Co Rd M31/50TH AVE,Non-collision events:  Overturn/rollover,On Roadway,Non-collision (single vehicle),Driving too fast for conditions,None Indicated,,Daylight,Snow,Snow,None apparent,Non-intersection:  Non-junction/no special feature,Paved,,Property Damage Only,0,0,0,0,0,0,3000,1,1,,POINT (-95.309180887451 42.614915082149)
2014780530,14-1770,01/18/2014,01-January,7-Saturday,15:25,1500 Hours,District 3 (Northwest),SIOUX CITY,WOODBURY,,W 4TH ST,Collision with:  Non-motorist (see non-motorist section - NOT a unit),On Roadway,Non-collision (single vehicle),Other (explain in narrative):  No improper action,None Indicated,,Daylight,Dry,Cloudy,None apparent,Non-intersection:  Non-junction/no special feature,Paved,,Possible/Unknown,0,1,0,0,1,0,500,1,2,,POINT (-96.433558338992 42.500261311465)
2014780250,2014003939,01/18/2014,01-January,7-Saturday,11:30,1100 Hours,District 6 (East Central),,CEDAR,I-80,I-80,Non-collision events:  Jackknife,Shoulder,Non-collision (single vehicle),Ran off road - right,None Indicated,,Daylight,Ice/frost,Snow,"Surface condition (e.g., wet, icy)",Non-intersection:  Non-junction/no special feature,Paved,,Property Damage Only,0,0,0,0,0,0,4000,1,1,,POINT (-91.294958707461 41.663244324457)
2014779909,14005742,01/18/2014,01-January,7-Saturday,08:49,0800 Hours,District 2 (Northeast),CEDAR FALLS,BLACK HAWK,,31ST ST & HUDSON RD & UNIVERSITY OF NORTHERN IA,Collision with:  Vehicle in traffic,On Roadway,"Sideswipe, same direction",Other (explain in narrative):  Vision obstructed,None Indicated,,Daylight,Snow,Snow,None apparent,Non-intersection:  Non-junction/no special feature,Paved,,Property Damage Only,0,0,0,0,0,0,3525,2,2,,POINT (-92.465550139037 42.509623183292)
2014781772,2014003930,01/18/2014,01-January,7-Saturday,10:00,1000 Hours,District 6 (East Central),IOWA CITY,JOHNSON,I-80,I-80,Collision with:  Vehicle in traffic,On Roadway,"Sideswipe, same direction",Swerving/Evasive Action,None Indicated,,Daylight,Snow,Snow,"Surface condition (e.g., wet, icy)",Non-intersection:  Non-junction/no special feature,Paved,,Possible/Unknown,0,1,0,0,1,0,10500,2,7,,POINT (-91.508232146199 41.686944660501)
2014780294,W14-005902,01/18/2014,01-January,7-Saturday,18:17,1800 Hours,District 2 (Northeast),WATERLOO,BLACK HAWK,US 218,US 218/WASHINGTON ST & W 11TH ST,Collision with:  Vehicle in traffic,On Roadway,"Sideswipe, same direction",Made improper turn,None Indicated,,Dark - roadway lighted,Wet,Cloudy,None apparent,Intersection:  Four-way intersection,Paved,,Property Damage Only,0,0,0,0,0,0,3000,2,4,,POINT (-92.334730244774 42.48823403622)
2014780517,14-026,01/18/2014,01-January,7-Saturday,15:24,1500 Hours,District 5 (Southeast),,WAYNE,IA 14,IA 14/IOWA 14,Collision with:  Other non-fixed object (explain in narrative),On Roadway,Rear-end (front to rear),Followed too close,None Indicated,,Daylight,Other (explain in narrative),Clear,None apparent,Non-intersection:  Non-junction/no special feature,Paved,,Property Damage Only,0,0,0,0,0,0,4600,2,2,,POINT (-93.317310081674 40.779550760183)
2014780985,01-14-2641,01/18/2014,01-January,7-Saturday,13:58,1300 Hours,District 6 (East Central),DUBUQUE,DUBUQUE,US 20,US 20/DODGE ST,Unknown,Outside trafficway,"Sideswipe, same direction",Lost Control,None Indicated,,Daylight,Snow,Cloudy,None apparent,Non-intersection:  Non-junction/no special feature,Paved,,Minor Injury,0,1,0,1,0,0,2000,2,2,,POINT (-90.72682390486 42.491418039623)
2014780601,14000794,01/18/2014,01-January,7-Saturday,23:38,2300 Hours,District 5 (Southeast),CENTERVILLE,APPANOOSE,,E JACKSON ST,Collision with fixed object:  Traffic sign support,Outside trafficway,Non-collision (single vehicle),Swerving/Evasive Action,None Indicated,,Dark - roadway lighted,Dry,Clear,None apparent,Non-intersection:  Non-junction/no special feature,Paved,,Property Damage Only,0,0,0,0,0,0,5000,1,3,,POINT (-92.873755380196 40.73360465433)
2014780460,2014-4082,01/18/2014,01-January,7-Saturday,11:34,1100 Hours,District 6 (East Central),DAVENPORT,SCOTT,US 6,US 6/E KIMBERLY RD & SPRING ST,Collision with:  Vehicle in traffic,On Roadway,Rear-end (front to rear),Lost Control,None Indicated,,Daylight,Snow,Snow,None apparent,Intersection:  Four-way intersection,Paved,,Property Damage Only,0,0,0,0,0,0,5000,2,2,,POINT (-90.547737591758 41.556888426314)
2014780046,14018,01/18/2014,01-January,7-Saturday,11:00,1100 Hours,District 5 (Southeast),PELLA,MARION,,WASHINGTON ST & MAIN ST,Collision with:  Vehicle in traffic,On Roadway,Rear-end (front to rear),Followed too close,Alcohol (Statutory),,Daylight,Wet,Snow,None apparent,Intersection:  Four-way intersection,Paved,,Property Damage Only,0,0,0,0,0,0,1600,2,2,,POINT (-92.916451997506 41.4080728807)
2014780291,W14-005785,01/18/2014,01-January,7-Saturday,11:10,1100 Hours,District 2 (Northeast),WATERLOO,BLACK HAWK,US 63,US 63/SERGEANT RD/UNIVERSITY AVE & IA 934,Collision with:  Vehicle in traffic,On Roadway,Rear-end (front to rear),Driving too fast for conditions,None Indicated,,Daylight,Slush,Snow,"Surface condition (e.g., wet, icy)",Intersection:  Four-way intersection,Paved,,Property Damage Only,0,0,0,0,0,0,3500,2,4,,POINT (-92.354389261217 42.495785289097)
2014780290,W14-005764,01/18/2014,01-January,7-Saturday,10:06,1000 Hours,District 2 (Northeast),WATERLOO,BLACK HAWK,I-380,I-380,Collision with fixed object:  Bridge overhead structure,On Roadway,Non-collision (single vehicle),Ran off road - right,None Indicated,,Daylight,Ice/frost,Snow,"Surface condition (e.g., wet, icy)",Non-intersection:  Other non-intersection (explain in narrative),Paved,,Property Damage Only,0,0,0,0,0,0,1500,1,1,,POINT (-92.30683349841 42.455836717942)
2014844619,2014-000153,01/18/2014,01-January,7-Saturday,15:41,1500 Hours,District 2 (Northeast),,ALLAMAKEE,,Co Rd X52/GREAT RIVER RD,Non-collision events:  Overturn/rollover,Shoulder,Non-collision (single vehicle),Other (explain in narrative):  No improper action,None Indicated,,Daylight,Snow,Clear,"Surface condition (e.g., wet, icy)",Intersection:  T-intersection,Paved,,Property Damage Only,0,0,0,0,0,0,4000,1,1,,POINT (-91.159666089653 43.32382028203)
2014779936,CL14000151,01/18/2014,01-January,7-Saturday,07:13,0700 Hours,District 6 (East Central),CLINTON,CLINTON,US 30,US 30,Collision with:  Animal,On Roadway,Non-collision (single vehicle),Animal,None Indicated,,Dawn,Snow,Snow,None apparent,Non-intersection:  Non-junction/no special feature,Paved,,Property Damage Only,0,0,0,0,0,0,4000,1,1,,POINT (-90.263166234157 41.815319618713)
2014781379,14-000242,01/18/2014,01-January,7-Saturday,12:37,1200 Hours,District 1 (Central),ANKENY,POLK,,SW ORDNANCE RD & SW CHERRY ST,Collision with:  Vehicle in traffic,On Roadway,"Sideswipe, same direction",FTYROW:  Other (explain in narrative),None Indicated,,Daylight,Wet,Rain,None apparent,Non-intersection:  Non-junction/no special feature,Paved,,Possible/Unknown,0,1,0,0,0,1,3000,2,2,,POINT (-93.607328073873 41.724430676344)
2014783715,SA1400392,01/18/2014,01-January,7-Saturday,10:35,1000 Hours,District 5 (Southeast),,WASHINGTON,US 218,US 218 & Co Rd G52/OLD WHITE WAY,Non-collision events:  Overturn/rollover,On Roadway,Non-collision (single vehicle),Driving too fast for conditions,None Indicated,,Daylight,Ice/frost,"Blowing sand, soil, dirt",None apparent,Intersection:  Four-way intersection,Paved,,Possible/Unknown,0,1,0,0,1,0,4500,1,1,,POINT (-91.537829431243 41.26055830866)
2014780366,2014000560,01/18/2014,01-January,7-Saturday,11:55,1100 Hours,District 6 (East Central),IOWA CITY,JOHNSON,US 6,US 6 & BROADWAY ST,Collision with:  Vehicle in traffic,On Roadway,Broadside (front to side),Driving too fast for conditions,None Indicated,,Daylight,Slush,Cloudy,"Surface condition (e.g., wet, icy)",Intersection:  T-intersection,Paved,,Possible/Unknown,0,1,0,0,1,0,8500,2,2,,POINT (-91.520029707013 41.641918905941)
2014780200,2014003858,01/18/2014,01-January,7-Saturday,02:25,0200 Hours,District 5 (Southeast),STOCKTON,MUSCATINE,,IOWA ST & PARKER ST,Collision with fixed object:  Tree,On Roadway,Non-collision (single vehicle),Ran off road - left,None Indicated,,Dark - roadway lighted,Dry,Clear,None apparent,Non-intersection:  Non-junction/no special feature,Paved,,Property Damage Only,0,0,0,0,0,0,5000,1,1,,POINT (-90.858697903904 41.592671475375)
2014781060,1400331,01/18/2014,01-January,7-Saturday,12:59,1200 Hours,District 3 (Northwest),,MONONA,IA 141,IA 141,Collision with fixed object:  Ditch,Roadside,Non-collision (single vehicle),Ran off road - right,None Indicated,,Daylight,Ice/frost,"Sleet, hail","Surface condition (e.g., wet, icy)",Non-intersection:  Non-junction/no special feature,Paved,,Property Damage Only,0,0,0,0,0,0,3000,1,6,,POINT (-95.696021483699 42.051946366468)
2014779939,CL14000156,01/18/2014,01-January,7-Saturday,10:55,1000 Hours,District 6 (East Central),CLINTON,CLINTON,US 67,US 67/WASHINGTON BLVD,Collision with fixed object:  Guardrail - face,On Roadway,Non-collision (single vehicle),Ran off road - right,None Indicated,,Daylight,Snow,Snow,"Surface condition (e.g., wet, icy)",Non-intersection:  Non-junction/no special feature,Paved,,Property Damage Only,0,0,0,0,0,0,2200,1,1,,POINT (-90.245076782969 41.808762945589)
2014780004,C14000195,01/18/2014,01-January,7-Saturday,16:50,1600 Hours,District 6 (East Central),CORALVILLE,JOHNSON,US 6,US 6/2ND ST & IA 965/CORAL RIDGE AVE,Collision with:  Vehicle in traffic,On Roadway,Rear-end (front to rear),Driving too fast for conditions,None Indicated,,Dusk,Snow,Cloudy,"Surface condition (e.g., wet, icy)",Intersection:  Four-way intersection,Paved,,Property Damage Only,0,0,0,0,0,0,3200,3,4,,POINT (-91.608925191887 41.688496013916)
2014780751,201400175,01/18/2014,01-January,7-Saturday,11:15,1100 Hours,District 6 (East Central),,LINN,US 30,US 30,Collision with fixed object:  Bridge overhead structure,On Roadway,Non-collision (single vehicle),Crossed centerline (undivided),None Indicated,,Daylight,Ice/frost,Snow,"Surface condition (e.g., wet, icy)",Non-intersection:  Other non-intersection (explain in narrative),Paved,,Property Damage Only,0,0,0,0,0,0,5000,1,4,,POINT (-91.549926559701 41.926037419208)
2014780031,201400912,01/18/2014,01-January,7-Saturday,13:24,1300 Hours,District 6 (East Central),CEDAR RAPIDS,LINN,,JOHNSON AVE NW & 18TH ST NW,Collision with:  Vehicle in traffic,On Roadway,Broadside (front to side),FTYROW:  From stop sign,None Indicated,,Daylight,Snow,Snow,Non-highway work,Intersection:  Four-way intersection,Paved,,Property Damage Only,0,0,0,0,0,0,3500,2,4,,POINT (-91.696667540715 41.974486769821)
2014780403,20140001675,01/18/2014,01-January,7-Saturday,22:21,2200 Hours,District 1 (Central),DES MOINES,POLK,,URBANDALE AVE & 30TH ST,Collision with:  Vehicle in traffic,On Roadway,Broadside (front to side),Ran Stop Sign,None Indicated,,Dark - roadway lighted,Wet,Cloudy,"Surface condition (e.g., wet, icy)",Intersection:  T-intersection,Paved,,Possible/Unknown,0,1,0,0,1,0,2200,2,5,,POINT (-93.658648069427 41.624880616673)
2014780105,20140001635,01/18/2014,01-January,7-Saturday,12:16,1200 Hours,District 1 (Central),DES MOINES,POLK,US 69,US 69/E 14TH ST & CLEVELAND AVE,Collision with:  Vehicle in traffic,On Roadway,Rear-end (front to rear),Followed too close,None Indicated,,Daylight,Wet,Cloudy,None apparent,Non-intersection:  Non-junction/no special feature,Paved,,Property Damage Only,0,0,0,0,0,0,4000,2,3,,POINT (-93.600507223615 41.60508593362)
2014780285,W14-005703,01/18/2014,01-January,7-Saturday,02:27,0200 Hours,District 2 (Northeast),WATERLOO,BLACK HAWK,,ANSBOROUGH AVE,Collision with:  Vehicle in traffic,On Roadway,Unknown,Unknown,Alcohol (Statutory),,Dark - roadway lighted,Dry,Cloudy,None apparent,Non-intersection:  Non-junction/no special feature,Paved,,Major Injury,0,2,1,0,1,0,20200,2,2,,POINT (-92.376871109002 42.481833589235)
2014779914,14005787,01/18/2014,01-January,7-Saturday,11:07,1100 Hours,District 2 (Northeast),CEDAR FALLS,BLACK HAWK,IA 27,IA 27,Collision with fixed object:  Concrete traffic barrier (median or right side),On Roadway,Non-collision (single vehicle),Swerving/Evasive Action,None Indicated,,Daylight,Snow,Cloudy,"Surface condition (e.g., wet, icy)",Non-intersection:  Non-junction/no special feature,Paved,,Property Damage Only,0,0,0,0,0,0,1500,1,1,,POINT (-92.441034737708 42.52333016005)