Iowa DOT Case Number,Law Enforcement Case Number,Date of Crash,Month of Crash,Day of Week,Time of Crash,Hour,DOT District,City Name,County Name,Route with System,Location Description,First Harmful Event,Location of First Harmful Event,Manner of Crash/Collision,Major Cause,Drug or Alcohol ,Environmental Conditions,Light Conditions,Surface Conditions,Weather Conditions,Roadway Contribution,Roadway Type,Roadway Surface,Work Zone,Crash Severity,Number of Fatalities,Number of Injuries,Number of Major Injuries,Number of Minor Injuries,Number of Possible Injuries,Number of Unknown Injuries,Amount of Property Damage,Number of Vehicles Involved,Total Number of Occupants,Travel Direction,Location
2014780998,P14-000784,01/18/2014,01-January,7-Saturday,12:31,1200 Hours,District 1 (Central),WEBSTER CITY,HAMILTON,,SUPERIOR ST,Collision with:  Vehicle in traffic,On Roadway,"Sideswipe, same direction",Swerving/Evasive Action,None Indicated,,Daylight,Slush,Cloudy,None apparent,Non-intersection:  Non-junction/no special feature,Paved,,Property Damage Only,0,0,0,0,0,0,3500,2,4,,POINT (-93.815854078099 42.462332840242)
2014780892,201400003011,01/18/2014,01-January,7-Saturday,14:53,1400 Hours,District 5 (Southeast),OTTUMWA,WAPELLO,,W FINLEY AVE & S FERRY ST & N FERRY ST,Collision with:  Vehicle in traffic,On Roadway,Broadside (front to side),Ran Stop Sign,Refused,,Daylight,Wet,Cloudy,None apparent,Intersection:  Four-way intersection,Paved,,Major Injury,0,3,1,0,2,0,13000,2,3,,POINT (-92.433668576498 41.002013361008)
2014786902,2014-4042,01/18/2014,01-January,7-Saturday,04:09,0400 Hours,District 6 (East Central),DAVENPORT,SCOTT,,IA 461/HARRISON ST & W 16TH ST,Non-collision events:  Other non-collision (explain in narrative),Outside trafficway,Non-collision (single vehicle),Unknown,None Indicated,,Dark - roadway lighted,Dry,Clear,None apparent,Non-intersection:  Non-junction/no special feature,Paved,,Possible/Unknown,0,1,0,0,0,1,25500,1,2,,POINT (-90.577228077963 41.536195789638)
2014788223,2014003876,01/18/2014,01-January,7-Saturday,08:00,0800 Hours,District 6 (East Central),,BUCHANAN,US 20,US 20,Non-collision events:  Jackknife,On Roadway,Non-collision (single vehicle),Ran off road - right,None Indicated,,Daylight,Snow,Snow,"Surface condition (e.g., wet, icy)",Non-intersection:  Non-junction/no special feature,Paved,,Property Damage Only,0,0,0,0,0,0,3000,1,4,,POINT (-91.953452151737 42.44613024515)
2014784672,,01/18/2014,01-January,7-Saturday,22:19,2200 Hours,District 4 (Southwest),,FREMONT,US 59,US 59,Non-collision events:  Overturn/rollover,Roadside,Non-collision (single vehicle),Equipment failure,None Indicated,,Dark - roadway not lighted,Dry,Clear,None apparent,Non-intersection:  Non-junction/no special feature,Paved,,Property Damage Only,0,0,0,0,0,0,10000,1,2,,POINT (-95.391281861255 40.694855503224)
2014780198,14-0173,01/18/2014,01-January,7-Saturday,19:15,1900 Hours,District 1 (Central),FORT DODGE,WEBSTER,,S 25TH ST,Collision with:  Vehicle in traffic,On Roadway,Head-on (front to front),Improper Backing,None Indicated,,Dark - roadway lighted,Dry,Cloudy,None apparent,Non-intersection:  Non-junction/no special feature,Paved,,Property Damage Only,0,0,0,0,0,0,4500,2,4,,POINT (-94.163158552135 42.504480131124)
2014780000,C14000187,01/18/2014,01-January,7-Saturday,10:18,1000 Hours,District 6 (East Central),,JOHNSON,,Co Rd W66/DUBUQUE ST,Collision with fixed object:  Ditch,On Roadway,Non-collision (single vehicle),Ran off road - right,None Indicated,,Daylight,Snow,Snow,"Surface condition (e.g., wet, icy)",Non-intersection:  Non-junction/no special feature,Paved,,Property Damage Only,0,0,0,0,0,0,5100,1,1,,POINT (-91.550198811081 41.709575528448)
2014781734,14-0036,01/18/2014,01-January,7-Saturday,23:30,2300 Hours,District 1 (Central),FORT DODGE,WEBSTER,US 169,US 169,Collision with:  Animal,,,Animal,None Indicated,,,,,,,Paved,,Property Damage Only,0,0,0,0,0,0,2000,1,1,,POINT (-94.224362983151 42.517369063384)
2014780287,W14-005749,01/18/2014,01-January,7-Saturday,09:23,0900 Hours,District 2 (Northeast),WATERLOO,BLACK HAWK,US 218,US 218/WASHINGTON ST,Collision with fixed object:  Other fixed object (explain in narrative),On Roadway,Non-collision (single vehicle),Driving too fast for conditions,None Indicated,,Daylight,Snow,Snow,None apparent,Non-intersection:  Other non-intersection (explain in narrative),Paved,,Property Damage Only,0,0,0,0,0,0,4000,1,1,,POINT (-92.387964329549 42.532046793196)
2014780582,2014003920,01/18/2014,01-January,7-Saturday,11:00,1100 Hours,District 6 (East Central),,CEDAR,I-80,I-80,Collision with fixed object:  Guardrail - face,Median,Non-collision (single vehicle),Ran off road - right,None Indicated,,Daylight,Ice/frost,Snow,None apparent,Non-intersection:  Non-junction/no special feature,Paved,,Property Damage Only,0,0,0,0,0,0,10000,1,1,,POINT (-90.949841655238 41.633638326915)
2014781771,2014003924,01/18/2014,01-January,7-Saturday,09:35,0900 Hours,District 6 (East Central),,IOWA,I-80,I-80,Collision with fixed object:  Ditch,Outside trafficway,Non-collision (single vehicle),Swerving/Evasive Action,None Indicated,,Daylight,Snow,Snow,"Surface condition (e.g., wet, icy)",Non-intersection:  Non-junction/no special feature,Paved,,Minor Injury,0,1,0,1,0,0,20000,1,2,,POINT (-91.955610504989 41.686990890114)
2014780358,PD1400553,01/18/2014,01-January,7-Saturday,16:36,1600 Hours,District 5 (Southeast),FAIRFIELD,JEFFERSON,,E BURLINGTON AVE & S D ST & N D ST,Collision with:  Vehicle in traffic,On Roadway,"Angle, oncoming left turn",FTYROW:  Making left turn,None Indicated,,Daylight,Ice/frost,Cloudy,None apparent,Intersection:  Four-way intersection,Paved,,Property Damage Only,0,0,0,0,0,0,5100,2,3,,POINT (-91.958496431099 41.006590345635)
2014780126,20140001596,01/18/2014,01-January,7-Saturday,00:52,0000 Hours,District 1 (Central),DES MOINES,POLK,,GRAND AVE & 18TH ST,Collision with fixed object:  Utility pole/light support,Median,Non-collision (single vehicle),Ran off road - straight,Refused,,Dark - roadway lighted,Wet,Cloudy,None apparent,Intersection:  Five points or more,Paved,,Property Damage Only,0,0,0,0,0,0,2100,1,1,,POINT (-93.641201660414 41.584473779745)
2014780580,2014003878,01/18/2014,01-January,7-Saturday,08:45,0800 Hours,District 1 (Central),,JASPER,I-80,I-80,Non-collision events:  Jackknife,Roadside,Non-collision (single vehicle),Driving too fast for conditions,None Indicated,,Daylight,Snow,Snow,"Surface condition (e.g., wet, icy)",Non-intersection:  Non-junction/no special feature,Paved,,Property Damage Only,0,0,0,0,0,0,10000,1,2,,POINT (-92.875425283833 41.689408159971)
2014782153,2014003883,01/18/2014,01-January,7-Saturday,09:00,0900 Hours,District 1 (Central),,JASPER,I-80,I-80,Collision with:  Vehicle in traffic,On Roadway,Rear-end (front to rear),FTYROW:  Other (explain in narrative),None Indicated,,Daylight,Snow,Snow,"Surface condition (e.g., wet, icy)",Non-intersection:  Non-junction/no special feature,Paved,,Property Damage Only,0,0,0,0,0,0,4500,2,4,,POINT (-93.010981946776 41.682908928666)
2014781747,2014004004,01/18/2014,01-January,7-Saturday,23:19,2300 Hours,District 1 (Central),URBANDALE,POLK,I-35,I-35,Collision with:  Vehicle in traffic,On Roadway,"Sideswipe, same direction",Swerving/Evasive Action,None Indicated,,Dark - roadway lighted,Dry,Cloudy,None apparent,Non-intersection:  Non-junction/no special feature,Paved,,Property Damage Only,0,0,0,0,0,0,10441,2,3,,POINT (-93.758164809519 41.651558980951)
2014779977,14-01923,01/18/2014,01-January,7-Saturday,03:40,0300 Hours,District 5 (Southeast),WEST BURLINGTON,DES MOINES,US 34,US 34 & W BURLINGTON AVE,Collision with fixed object:  Guardrail - face,On Roadway,Non-collision (single vehicle),Ran off road - right,None Indicated,,Dark - roadway lighted,Ice/frost,Cloudy,None apparent,Non-intersection:  Other non-intersection (explain in narrative),Paved,,Property Damage Only,0,0,0,0,0,0,3400,1,1,,POINT (-91.150940942012 40.819137370666)
2014785617,2014-4163,01/18/2014,01-January,7-Saturday,15:39,1500 Hours,District 6 (East Central),DAVENPORT,SCOTT,,NORTHWEST BLVD,Collision with:  Vehicle in traffic,On Roadway,"Sideswipe, same direction",Lost Control,None Indicated,,Daylight,Snow,Cloudy,"Surface condition (e.g., wet, icy)",Non-intersection:  Non-junction/no special feature,Paved,,Property Damage Only,0,0,0,0,0,0,3000,2,5,,POINT (-90.577331520742 41.557498102997)
2014779918,14-963,01/18/2014,01-January,7-Saturday,01:00,0100 Hours,District 2 (Northeast),,BREMER,IA 116,IA 116/IOWA 116,Collision with:  Animal,,,Animal,None Indicated,,,,,,,Paved,,Property Damage Only,0,0,0,0,0,0,3000,1,1,,POINT (-92.47588511438 42.69279257032)
2014780779,1400000050,01/18/2014,01-January,7-Saturday,11:20,1100 Hours,District 1 (Central),,MARSHALL,US 30,US 30/240TH ST & IOWA AVE W,Collision with fixed object:  Ditch,Shoulder,Non-collision (single vehicle),Ran off road - right,None Indicated,,Daylight,Snow,Snow,None apparent,"Interchange-related:  Off-ramp, diverge area",Paved,,Possible/Unknown,0,1,0,0,1,0,5000,1,1,,POINT (-92.983914670453 42.007130125212)
2014780352,14-140118-02,01/18/2014,01-January,7-Saturday,10:00,1000 Hours,District 6 (East Central),,IOWA,,Co Rd F52/F52 TRL,Collision with fixed object:  Ditch,Roadside,Non-collision (single vehicle),Driving too fast for conditions,None Indicated,,Daylight,Snow,Snow,"Surface condition (e.g., wet, icy)",Non-intersection:  Non-junction/no special feature,Paved,,Property Damage Only,0,0,0,0,0,0,3000,1,1,,POINT (-92.103217122778 41.589681816622)
2014780027,201400905,01/18/2014,01-January,7-Saturday,10:03,1000 Hours,District 6 (East Central),CEDAR RAPIDS,LINN,,CENTER POINT RD NE,Collision with:  Vehicle in traffic,On Roadway,Rear-end (front to rear),Lost Control,None Indicated,,Daylight,Ice/frost,Snow,"Surface condition (e.g., wet, icy)",Non-intersection:  Non-junction/no special feature,Paved,,Minor Injury,0,1,0,1,0,0,3000,2,5,,POINT (-91.662705098599 42.000376868413)
2014780001,C14000189,01/18/2014,01-January,7-Saturday,11:03,1100 Hours,District 6 (East Central),CORALVILLE,JOHNSON,US 6,US 6/2ND ST & 25TH AVE,Collision with:  Vehicle in traffic,On Roadway,Broadside (front to side),Ran Traffic Signal,None Indicated,,Daylight,Snow,Snow,"Surface condition (e.g., wet, icy)",Intersection:  Four-way intersection,Paved,,Property Damage Only,0,0,0,0,0,0,2500,2,2,,POINT (-91.603637171022 41.685765848929)
2014781206,2014003926,01/18/2014,01-January,7-Saturday,11:05,1100 Hours,District 6 (East Central),,CEDAR,I-80,I-80,Collision with:  Vehicle in traffic,On Roadway,Rear-end (front to rear),Driving too fast for conditions,None Indicated,,Daylight,Ice/frost,Snow,"Surface condition (e.g., wet, icy)",Non-intersection:  Non-junction/no special feature,Paved,,Property Damage Only,0,0,0,0,0,0,1600,2,3,,POINT (-91.360569916652 41.664856647125)
2014780032,201400913,01/18/2014,01-January,7-Saturday,13:52,1300 Hours,District 6 (East Central),CEDAR RAPIDS,LINN,IA 922,IA 922/WILLIAMS BLVD & 16TH AVE SW,Collision with:  Vehicle in traffic,On Roadway,Rear-end (front to rear),Followed too close,None Indicated,,Daylight,Snow,Snow,"Surface condition (e.g., wet, icy)",Intersection:  Four-way intersection,Paved,,Property Damage Only,0,0,0,0,0,0,3200,2,3,,POINT (-91.708893839275 41.963141690964)
2014787004,,01/18/2014,01-January,7-Saturday,22:30,2200 Hours,District 2 (Northeast),DECORAH,WINNESHIEK,,DIVISION ST & SHORT ST,,On Roadway,Non-collision (single vehicle),Driving too fast for conditions,None Indicated,,Dark - roadway lighted,Snow,Clear,"Surface condition (e.g., wet, icy)",Intersection:  Four-way intersection,Paved,,Property Damage Only,0,0,0,0,0,0,4000,1,1,,POINT (-91.792850126947 43.293889489072)
2014781030,14-001681,01/18/2014,01-January,7-Saturday,20:38,2000 Hours,District 5 (Southeast),,LEE,,Co Rd J40/CO RD 103,Collision with:  Animal,,,Animal,None Indicated,,,,,,,Paved,,Property Damage Only,0,0,0,0,0,0,2000,1,1,,POINT (-91.385321338464 40.695363439718)
2014780006,N14000025,01/18/2014,01-January,7-Saturday,10:22,1000 Hours,District 6 (East Central),NORTH LIBERTY,JOHNSON,,PENN ST & FRONT ST,Collision with:  Vehicle in traffic,On Roadway,Rear-end (front to rear),Driving too fast for conditions,None Indicated,,Daylight,Ice/frost,Snow,"Surface condition (e.g., wet, icy)",Non-intersection:  Non-junction/no special feature,Paved,,Property Damage Only,0,0,0,0,0,0,5000,2,4,,POINT (-91.597979557895 41.752050030192)
2014780039,14001232,01/18/2014,01-January,7-Saturday,11:30,1100 Hours,District 6 (East Central),MARION,LINN,US 151,US 151,Collision with:  Vehicle in traffic,On Roadway,Rear-end (front to rear),Followed too close,None Indicated,,Daylight,Snow,Snow,None apparent,Intersection:  Four-way intersection,Paved,,Property Damage Only,0,0,0,0,0,0,6000,2,6,,POINT (-91.550200610002 42.019833537101)
2014783398,2014-4066,01/18/2014,01-January,7-Saturday,10:06,1000 Hours,District 6 (East Central),DAVENPORT,SCOTT,US 6,US 6/W KIMBERLY RD & FAIRMOUNT ST,Collision with:  Vehicle in traffic,On Roadway,Rear-end (front to rear),Followed too close,None Indicated,,Daylight,Snow,Snow,"Surface condition (e.g., wet, icy)",Intersection:  Four-way intersection,Paved,,Property Damage Only,0,0,0,0,0,0,2000,2,4,,POINT (-90.62953001973 41.561027382717)
2014780292,W14-005791,01/18/2014,01-January,7-Saturday,11:18,1100 Hours,District 2 (Northeast),WATERLOO,BLACK HAWK,IA 934,IA 934/UNIVERSITY AVE & FRONTAGE RD,Collision with:  Vehicle in traffic,On Roadway,Broadside (front to side),Lost Control,None Indicated,,Daylight,Snow,Cloudy,"Surface condition (e.g., wet, icy)",Intersection:  Four-way intersection,Paved,,Possible/Unknown,0,1,0,0,1,0,7000,2,4,,POINT (-92.399713058169 42.504244972588)
2014782626,02-14-1117,01/18/2014,01-January,7-Saturday,12:03,1200 Hours,District 6 (East Central),,DUBUQUE,IA 32,IA 32,Collision with:  Vehicle in traffic,On Roadway,Broadside (front to side),Crossed centerline (undivided),None Indicated,,Daylight,Snow,Snow,"Surface condition (e.g., wet, icy)",Intersection:  Four-way intersection,Paved,,Property Damage Only,0,0,0,0,0,0,2500,2,2,,POINT (-90.693714101233 42.541401522616)
2014780531,14-1785,01/18/2014,01-January,7-Saturday,18:00,1800 Hours,District 3 (Northwest),SIOUX CITY,WOODBURY,IA 376,IA 376/LEWIS BLVD & 31ST ST,Collision with:  Vehicle in traffic,On Roadway,"Angle, oncoming left turn",FTYROW:  Making left turn,None Indicated,,Dark - roadway lighted,Dry,Cloudy,None apparent,Intersection:  T-intersection,Paved,,Major Injury,0,3,1,1,1,0,8500,2,5,,POINT (-96.3658454054 42.522793530045)
2014781034,201400914,01/18/2014,01-January,7-Saturday,14:40,1400 Hours,District 6 (East Central),CEDAR RAPIDS,LINN,,EAST POST RD,Collision with:  Vehicle in traffic,On Roadway,Head-on (front to front),Lost Control,None Indicated,,Daylight,Snow,Cloudy,"Surface condition (e.g., wet, icy)",Non-intersection:  Other non-intersection (explain in narrative),Paved,,Property Damage Only,0,0,0,0,0,0,10000,2,3,,POINT (-91.603067137221 41.989444243779)
2014781703,S79140015,01/18/2014,01-January,7-Saturday,09:20,0900 Hours,District 1 (Central),,POWESHIEK,I-80,I-80,Collision with fixed object:  Guardrail - face,Outside trafficway,Non-collision (single vehicle),Lost Control,None Indicated,,Daylight,Snow,"Blowing sand, soil, dirt","Surface condition (e.g., wet, icy)",Non-intersection:  Non-junction/no special feature,Paved,,Property Damage Only,0,0,0,0,0,0,6900,1,2,,POINT (-92.354510807924 41.695634244787)
2014781363,1400000059,01/18/2014,01-January,7-Saturday,10:10,1000 Hours,District 1 (Central),,MARSHALL,US 30,US 30/240TH ST,Collision with fixed object:  Ditch,Gore,Non-collision (single vehicle),Ran off road - right,None Indicated,,Daylight,Ice/frost,Snow,"Surface condition (e.g., wet, icy)",Non-intersection:  Non-junction/no special feature,Paved,,Possible/Unknown,0,1,0,0,1,0,300,1,1,,POINT (-93.022630972506 42.008290880647)
2014781107,14-000248,01/18/2014,01-January,7-Saturday,16:27,1600 Hours,District 1 (Central),AMES,STORY,US 69,US 69/GRAND AVE & 20TH ST,Collision with:  Vehicle in traffic,On Roadway,"Angle, oncoming left turn",FTYROW:  Making left turn,None Indicated,,Daylight,Dry,Cloudy,None apparent,Intersection:  Four-way intersection,Paved,,Property Damage Only,0,0,0,0,0,0,3000,2,2,,POINT (-93.620445009503 42.042102248167)
2014779940,CL14000163,01/18/2014,01-January,7-Saturday,17:39,1700 Hours,District 6 (East Central),CLINTON,CLINTON,US 67,US 67/N 2ND ST,Collision with:  Vehicle in traffic,On Roadway,Rear-end (front to rear),Other (explain in narrative):  Other,None Indicated,,Dark - roadway lighted,Snow,Cloudy,"Surface condition (e.g., wet, icy)",Non-intersection:  Non-junction/no special feature,Paved,,Possible/Unknown,0,1,0,0,1,0,1500,2,5,,POINT (-90.182536535633 41.865169620162)
2014781410,14-626,01/18/2014,01-January,7-Saturday,09:50,0900 Hours,District 3 (Northwest),,SAC,IA 39,IA 39/FOX AVE,Non-collision events:  Jackknife,On Roadway,Non-collision (single vehicle),Driving too fast for conditions,None Indicated,,Daylight,Ice/frost,Snow,"Surface condition (e.g., wet, icy)",Non-intersection:  Non-junction/no special feature,Paved,,Property Damage Only,0,0,0,0,0,0,10000,1,1,,POINT (-95.250358271655 42.213419749728)
2014782198,,01/18/2014,01-January,7-Saturday,13:10,1300 Hours,District 6 (East Central),CEDAR RAPIDS,LINN,IA 922,IA 922/WILLIAMS BLVD & WILEY BLVD SW,Collision with:  Vehicle in traffic,On Roadway,Rear-end (front to rear),Unknown,None Indicated,,Daylight,Snow,Snow,,Intersection:  Four-way intersection,Paved,,Minor Injury,0,1,0,1,0,0,0,2,4,,POINT (-91.724693712145 41.952069201514)
2014780725,20140206,01/18/2014,01-January,7-Saturday,09:30,0900 Hours,District 1 (Central),,GRUNDY,US 20,US 20,Non-collision events:  Overturn/rollover,On Roadway,Non-collision (single vehicle),Swerving/Evasive Action,None Indicated,,Daylight,Ice/frost,Cloudy,"Surface condition (e.g., wet, icy)",Non-intersection:  Non-junction/no special feature,Paved,,Possible/Unknown,0,1,0,0,1,0,8000,1,1,,POINT (-92.705560962834 42.463480395696)
2014781923,2014-4030,01/18/2014,01-January,7-Saturday,01:58,0100 Hours,District 6 (East Central),DAVENPORT,SCOTT,,IA 461/BRADY ST & W LOCUST ST & E LOCUST ST,Collision with:  Vehicle in traffic,On Roadway,"Angle, oncoming left turn",FTYROW:  Making left turn,None Indicated,,Dark - roadway lighted,Dry,Clear,None apparent,Intersection:  Four-way intersection,Paved,,Property Damage Only,0,0,0,0,0,0,9000,2,4,,POINT (-90.573997624563 41.538280176233)
2014781528,14-11814-21,01/18/2014,01-January,7-Saturday,18:10,1800 Hours,District 5 (Southeast),OSCEOLA,CLARKE,,,Collision with:  Vehicle in traffic,On Roadway,Rear-end (front to rear),Improper Backing,None Indicated,,Dark - roadway lighted,Dry,Cloudy,None apparent,Non-intersection:  Non-junction/no special feature,,,Property Damage Only,0,0,0,0,0,0,2700,2,1,,POINT (-96.643700149993 40.233091251414)
2014780055,14-002356,01/18/2014,01-January,7-Saturday,11:52,1100 Hours,District 5 (Southeast),MUSCATINE,MUSCATINE,,LUCAS ST,Collision with:  Vehicle in traffic,On Roadway,"Sideswipe, same direction",Traveling wrong way or on wrong side of road,None Indicated,,Daylight,Snow,Snow,None apparent,Non-intersection:  Non-junction/no special feature,Paved,,Property Damage Only,0,0,0,0,0,0,2500,2,4,,POINT (-91.073924103191 41.423702465637)
2014782111,004-14,01/18/2014,01-January,7-Saturday,22:25,2200 Hours,District 4 (Southwest),,MADISON,,Co Rd R35/BEVINGTON PARK RD & 218TH LN,Non-collision events:  Overturn/rollover,On Roadway,Non-collision (single vehicle),Ran off road - left,None Indicated,,Dark - roadway not lighted,Ice/frost,Cloudy,"Surface condition (e.g., wet, icy)",Non-intersection:  Non-junction/no special feature,Paved,,Property Damage Only,0,0,0,0,0,0,5000,1,3,,POINT (-93.806585119647 41.336656595548)
2014780056,14-002376,01/18/2014,01-January,7-Saturday,14:38,1400 Hours,District 5 (Southeast),MUSCATINE,MUSCATINE,,GRANDVIEW AVE & MUSSER ST,Collision with fixed object:  Other fixed object (explain in narrative),Outside trafficway,Non-collision (single vehicle),Driving too fast for conditions,Alcohol (Statutory),,Daylight,Slush,Snow,None apparent,Non-intersection:  Non-junction/no special feature,Paved,,Minor Injury,0,1,0,1,0,0,20000,1,1,,POINT (-91.067949005477 41.405264116611)
2014780025,201400900,01/18/2014,01-January,7-Saturday,09:25,0900 Hours,District 6 (East Central),CEDAR RAPIDS,LINN,I-380,I-380 & HAWKEYE DOWNS RD SW,Collision with:  Vehicle in traffic,On Roadway,Rear-end (front to rear),Lost Control,None Indicated,,Daylight,Snow,Snow,None apparent,Non-intersection:  Non-junction/no special feature,Paved,,Property Damage Only,0,0,0,0,0,0,6600,4,7,,POINT (-91.668994057298 41.936702278103)
2014781514,14000324,01/18/2014,01-January,7-Saturday,23:04,2300 Hours,District 2 (Northeast),,CERRO GORDO,,Co Rd B15/330TH ST & Co Rd S52/RAVEN AVE,Non-collision events:  Overturn/rollover,On Roadway,Non-collision (single vehicle),Swerving/Evasive Action,None Indicated,,Dark - roadway not lighted,Ice/frost,Clear,None apparent,Non-intersection:  Non-junction/no special feature,Paved,,Minor Injury,0,1,0,1,0,0,1500,1,1,,POINT (-93.161206456212 43.241948957337)
2014782238,32004-14,01/18/2014,01-January,7-Saturday,11:04,1100 Hours,District 3 (Northwest),,EMMET,IA 9,IA 9/IOWA 9,Collision with fixed object:  Ditch,On Roadway,Non-collision (single vehicle),Driving too fast for conditions,None Indicated,,Daylight,Ice/frost,Snow,"Surface condition (e.g., wet, icy)",Non-intersection:  Non-junction/no special feature,Paved,,Minor Injury,0,1,0,1,0,0,8100,1,1,,POINT (-94.905945304736 43.418730332851)
2014779968,14-01945,01/18/2014,01-January,7-Saturday,12:25,1200 Hours,District 5 (Southeast),BURLINGTON,DES MOINES,,MARKET ST & E ROOSEVELT FRONTAGE,Collision with:  Vehicle in traffic,On Roadway,Head-on (front to front),Crossed centerline (undivided),None Indicated,,Daylight,Snow,Clear,"Surface condition (e.g., wet, icy)",Non-intersection:  Non-junction/no special feature,Paved,,Property Damage Only,0,0,0,0,0,0,8000,2,2,,POINT (-91.140607577551 40.810855191204)
2014779906,14005810,01/18/2014,01-January,7-Saturday,12:48,1200 Hours,District 2 (Northeast),CEDAR FALLS,BLACK HAWK,,18TH ST & STATE ST,Collision with:  Vehicle in traffic,On Roadway,Rear-end (front to rear),Driving too fast for conditions,None Indicated,,Daylight,Slush,Cloudy,"Surface condition (e.g., wet, icy)",Non-intersection:  Non-junction/no special feature,Paved,,Property Damage Only,0,0,0,0,0,0,7000,2,3,,POINT (-92.444211740136 42.522030764648)
2014781768,2014003890,01/18/2014,01-January,7-Saturday,08:50,0800 Hours,District 6 (East Central),,JOHNSON,I-80,I-80 & Co Rd F44/HOOVER HWY NE,Collision with fixed object:  Guardrail - face,Median,Non-collision (single vehicle),Driving too fast for conditions,None Indicated,,Daylight,Snow,Snow,"Surface condition (e.g., wet, icy)",Non-intersection:  Non-junction/no special feature,Paved,,Property Damage Only,0,0,0,0,0,0,13000,1,1,,POINT (-91.445530517937 41.671666627877)
2014780665,14-01956,01/18/2014,01-January,7-Saturday,15:14,1500 Hours,District 5 (Southeast),,DES MOINES,US 61,US 61,Collision with:  Vehicle in traffic,On Roadway,Rear-end (front to rear),Swerving/Evasive Action,None Indicated,,Daylight,Wet,Snow,Unknown,Non-intersection:  Other non-intersection (explain in narrative),Paved,,Property Damage Only,0,0,0,0,0,0,3500,2,3,,POINT (-91.154554357683 40.850884724814)
2014781231,,01/18/2014,01-January,7-Saturday,23:50,2300 Hours,District 1 (Central),DAYTON,WEBSTER,IA 175,IA 175/S MAIN ST & 1ST AVE SW,Collision with:  Parked motor vehicle,On Roadway,"Sideswipe, opposite direction","Operating vehicle in an reckless, erratic, careless, negligent manner",Refused,,Dark - roadway lighted,Snow,Clear,None apparent,Non-intersection:  Non-junction/no special feature,Paved,,Property Damage Only,0,0,0,0,0,0,30300,4,1,,POINT (-94.068460923199 42.260549304189)
2014780227,2014003900,01/18/2014,01-January,7-Saturday,10:15,1000 Hours,District 2 (Northeast),,BLACK HAWK,US 20,US 20,Collision with fixed object:  Ditch,On Roadway,Non-collision (single vehicle),Swerving/Evasive Action,None Indicated,,Daylight,Snow,Snow,None apparent,Non-intersection:  Non-junction/no special feature,Paved,,Minor Injury,0,1,0,1,0,0,8000,1,1,,POINT (-92.066262768238 42.449167131412)
2014780974,01-14-2596,01/18/2014,01-January,7-Saturday,07:02,0700 Hours,District 6 (East Central),DUBUQUE,DUBUQUE,,CEDAR CROSS RD,Collision with fixed object:  Curb/island/raised median,On Roadway,Non-collision (single vehicle),Ran off road - left,None Indicated,,Dawn,Snow,Snow,"Surface condition (e.g., wet, icy)",Non-intersection:  Non-junction/no special feature,Paved,,Property Damage Only,0,0,0,0,0,0,5000,1,1,,POINT (-90.714647137002 42.492328428103)
2014781757,2014003938,01/18/2014,01-January,7-Saturday,11:45,1100 Hours,District 5 (Southeast),,WARREN,I-35,I-35,Collision with:  Vehicle in traffic,On Roadway,"Sideswipe, same direction",Crossed centerline (undivided),None Indicated,,Daylight,Wet,Rain,None apparent,Non-intersection:  Non-junction/no special feature,Paved,,Property Damage Only,0,0,0,0,0,0,28000,2,3,,POINT (-93.780760439131 41.378836983684)
2014781195,2014003972,01/18/2014,01-January,7-Saturday,16:50,1600 Hours,District 4 (Southwest),AFTON,UNION,US 169,US 169/DOUGLAS ST,Collision with:  Vehicle in traffic,On Roadway,Rear-end (front to rear),Followed too close,Alcohol (Statutory),,Dusk,Dry,Cloudy,None apparent,Non-intersection:  Driveway access (within),Paved,,Property Damage Only,0,0,0,0,0,0,8000,2,2,,POINT (-94.197600392196 41.031557421905)
2014780453,2014-4063,01/18/2014,01-January,7-Saturday,09:50,0900 Hours,District 6 (East Central),DAVENPORT,SCOTT,,W 53RD ST,Collision with:  Vehicle in traffic,On Roadway,Broadside (front to side),FTYROW:  Other (explain in narrative),None Indicated,,Daylight,Snow,Snow,"Surface condition (e.g., wet, icy)",Non-intersection:  Driveway access (within),Paved,,Property Damage Only,0,0,0,0,0,0,2000,2,2,,POINT (-90.573132626018 41.57453061859)
2014780181,891400348,01/18/2014,01-January,7-Saturday,18:12,1800 Hours,District 5 (Southeast),,VAN BUREN,,Co Rd V56/CO RD V56,Non-collision events:  Jackknife,On Roadway,Non-collision (single vehicle),Lost Control,None Indicated,,Dusk,Ice/frost,"Sleet, hail","Surface condition (e.g., wet, icy)",Non-intersection:  Non-junction/no special feature,Paved,,Property Damage Only,0,0,0,0,0,0,10000,1,1,,POINT (-92.154469815405 40.650571606737)
2014781794,2014005497,01/18/2014,01-January,7-Saturday,10:00,1000 Hours,District 6 (East Central),CEDAR RAPIDS,JOHNSON,I-80,I-80 & JOHNSON AVE SW & CHERRY HILL RD SW,Collision with:  Vehicle in traffic,On Roadway,Rear-end (front to rear),Unknown,None Indicated,,Daylight,Snow,Snow,"Surface condition (e.g., wet, icy)",Non-intersection:  Non-junction/no special feature,Paved,,Minor Injury,0,1,0,1,0,0,6000,3,3,,POINT (-91.506911043205 41.686918494627)