Iowa DOT Case Number,Law Enforcement Case Number,Date of Crash,Month of Crash,Day of Week,Time of Crash,Hour,DOT District,City Name,County Name,Route with System,Location Description,First Harmful Event,Location of First Harmful Event,Manner of Crash/Collision,Major Cause,Drug or Alcohol ,Environmental Conditions,Light Conditions,Surface Conditions,Weather Conditions,Roadway Contribution,Roadway Type,Roadway Surface,Work Zone,Crash Severity,Number of Fatalities,Number of Injuries,Number of Major Injuries,Number of Minor Injuries,Number of Possible Injuries,Number of Unknown Injuries,Amount of Property Damage,Number of Vehicles Involved,Total Number of Occupants,Travel Direction,Location
2014781064,14-409,01/19/2014,01-January,1-Sunday,00:01,0000 Hours,District 1 (Central),GRIMES,POLK,,N 12TH ST & HARVEY ST,Collision with fixed object:  Mailbox,On Roadway,Non-collision (single vehicle),Ran off road - straight,None Indicated,,Dark - roadway lighted,Dry,Clear,None apparent,Non-intersection:  Non-junction/no special feature,Paved,,Property Damage Only,0,0,0,0,0,0,2000,1,1,,POINT (-93.788352498899 41.697526181821)
2014780113,20140001715,01/19/2014,01-January,1-Sunday,13:08,1300 Hours,District 1 (Central),DES MOINES,POLK,IA 28,IA 28/63RD ST,Collision with:  Vehicle in traffic,On Roadway,Rear-end (front to rear),Driver Distraction:  Passenger,None Indicated,,Daylight,Wet,Clear,None apparent,Non-intersection:  Railroad grade crossing,Paved,,Minor Injury,0,2,0,1,1,0,3200,2,4,,POINT (-93.703418360725 41.583443424948)
2014780969,14-02055,01/19/2014,01-January,1-Sunday,04:00,0400 Hours,District 5 (Southeast),BURLINGTON,DES MOINES,,MARKET ST & MARSHALL ST,Collision with:  Vehicle in traffic,On Roadway,Head-on (front to front),Lost Control,None Indicated,,Dark - roadway lighted,Snow,Cloudy,"Surface condition (e.g., wet, icy)",Intersection:  Four-way intersection,Paved,,Property Damage Only,0,0,0,0,0,0,2500,2,1,,POINT (-91.116328811916 40.808704718355)
2014780100,20140001686,01/19/2014,01-January,1-Sunday,02:08,0200 Hours,District 1 (Central),DES MOINES,POLK,,3RD ST,Collision with:  Vehicle in traffic,On Roadway,Broadside (front to side),FTYROW:  Making left turn,Alcohol (Statutory),,Dark - roadway lighted,Wet,Clear,None apparent,Non-intersection:  Alley,Paved,,Major Injury,0,3,1,2,0,0,7500,2,5,,POINT (-93.620122912135 41.584454293892)
2014782369,,01/19/2014,01-January,1-Sunday,00:30,0000 Hours,District 1 (Central),STORY CITY,STORY,,MARKET AVE,Collision with fixed object:  Other fixed object (explain in narrative),Roadside,Non-collision (single vehicle),Driving too fast for conditions,None Indicated,,Dark - roadway lighted,Ice/frost,Cloudy,"Surface condition (e.g., wet, icy)",Non-intersection:  Non-junction/no special feature,Paved,,Property Damage Only,0,0,0,0,0,0,8500,1,1,,POINT (-93.600096708757 42.188150726301)
2014781013,14008917,01/19/2014,01-January,1-Sunday,13:18,1300 Hours,District 6 (East Central),,JOHNSON,I-80,I-80,Collision with fixed object:  Ditch,Outside trafficway,Non-collision (single vehicle),Over correcting/over steering,None Indicated,,Daylight,Dry,Clear,None apparent,"Interchange-related:  Off-ramp, diverge area",Paved,,Property Damage Only,0,0,0,0,0,0,4000,1,2,,POINT (-91.438255452612 41.668992038538)
2014790480,201400003186,01/19/2014,01-January,1-Sunday,16:57,1600 Hours,District 5 (Southeast),OTTUMWA,WAPELLO,,QUEEN ANNE AVE,Collision with:  Vehicle in traffic,Shoulder,"Sideswipe, same direction",Driving too fast for conditions,None Indicated,,Daylight,Wet,Clear,None apparent,Non-intersection:  Non-junction/no special feature,Paved,,Property Damage Only,0,0,0,0,0,0,2500,2,2,,POINT (-92.416511070936 40.999234344758)
2014780393,14012005,01/19/2014,01-January,1-Sunday,16:30,1600 Hours,District 4 (Southwest),CLARINDA,PAGE,,W CLARK ST,Collision with fixed object:  Utility pole/light support,Outside trafficway,Non-collision (single vehicle),Unknown,None Indicated,,Daylight,Dry,Unknown,None apparent,Non-intersection:  Driveway access (within),Paved,,Property Damage Only,0,0,0,0,0,0,1500,1,1,,POINT (-95.039622992479 40.733089568029)
2014781543,14-087,01/20/2014,01-January,2-Monday,12:45,1200 Hours,District 3 (Northwest),SPIRIT LAKE,DICKINSON,US 71,US 71 & 22ND ST,Collision with:  Vehicle in traffic,On Roadway,Broadside (front to side),FTYROW:  From stop sign,None Indicated,,Daylight,Snow,Snow,None apparent,Intersection:  Four-way intersection,Paved,,Possible/Unknown,0,1,0,0,1,0,7000,2,3,,POINT (-95.126428714942 43.419559694456)
2014783580,AP-14-0028,01/20/2014,01-January,2-Monday,21:08,2100 Hours,District 6 (East Central),ANAMOSA,JONES,US 151,US 151,Collision with:  Vehicle in traffic,On Roadway,Unknown,Crossed centerline (undivided),None Indicated,,Dark - roadway not lighted,Snow,Snow,"Surface condition (e.g., wet, icy)",Non-intersection:  Non-junction/no special feature,Paved,,Property Damage Only,0,0,0,0,0,0,5500,2,3,,POINT (-91.229348680385 42.164147999725)
2014780541,14-2007,01/20/2014,01-January,2-Monday,19:36,1900 Hours,District 3 (Northwest),SIOUX CITY,WOODBURY,,W 22ND ST & HAMILTON BLVD,Collision with:  Vehicle in traffic,On Roadway,"Angle, oncoming left turn",FTYROW:  Making left turn,None Indicated,,Dark - roadway lighted,Snow,Cloudy,"Surface condition (e.g., wet, icy)",Intersection:  Four-way intersection,Paved,,Possible/Unknown,0,1,0,0,1,0,8500,2,4,,POINT (-96.416791974502 42.513243166765)
2014784903,,01/20/2014,01-January,2-Monday,18:10,1800 Hours,District 6 (East Central),TIFFIN,JOHNSON,,IRELAND AVE & VILLAGE DR,Collision with:  Vehicle in traffic,On Roadway,"Sideswipe, opposite direction",Unknown,None Indicated,,Dark - roadway lighted,Snow,Snow,,Intersection:  T-intersection,Paved,,Property Damage Only,0,0,0,0,0,0,2000,2,2,,POINT (-91.666553817066 41.697204334835)
2014782613,01-14-2941,01/20/2014,01-January,2-Monday,17:03,1700 Hours,District 6 (East Central),DUBUQUE,DUBUQUE,,W 3RD ST,Collision with:  Parked motor vehicle,On Roadway,"Sideswipe, opposite direction",Lost Control,None Indicated,,Dusk,Snow,Snow,None apparent,Non-intersection:  Non-junction/no special feature,Paved,,Property Damage Only,0,0,0,0,0,0,2800,2,2,,POINT (-90.668242281431 42.495814783648)
2014780303,W14-006578,01/20/2014,01-January,2-Monday,18:17,1800 Hours,District 2 (Northeast),WATERLOO,BLACK HAWK,,MARTIN RD & ANSBOROUGH AVE,Collision with:  Vehicle in traffic,On Roadway,Rear-end (front to rear),Other (explain in narrative):  Other,None Indicated,,Daylight,Snow,Snow,"Surface condition (e.g., wet, icy)",Intersection:  Four-way intersection,Paved,,Property Damage Only,0,0,0,0,0,0,4000,2,2,,POINT (-92.376776324792 42.476672712931)
2014780395,SO14000157,01/20/2014,01-January,2-Monday,17:30,1700 Hours,District 3 (Northwest),,PLYMOUTH,IA 60,IA 60/IOWA 60,Collision with fixed object:  Ditch,Roadside,Non-collision (single vehicle),Driving too fast for conditions,None Indicated,,Dark - roadway not lighted,Ice/frost,Snow,"Surface condition (e.g., wet, icy)",Non-intersection:  Non-junction/no special feature,Paved,,Major Injury,0,1,1,0,0,0,5000,1,1,,POINT (-96.167039738398 42.818959532286)
2014780389,14-002690,01/20/2014,01-January,2-Monday,20:00,2000 Hours,District 5 (Southeast),MUSCATINE,MUSCATINE,IA 22,IA 22/PARK AVE,Collision with:  Vehicle in traffic,On Roadway,"Sideswipe, same direction",Crossed centerline (undivided),None Indicated,,Dark - roadway lighted,Snow,Snow,"Surface condition (e.g., wet, icy)",Non-intersection:  Non-junction/no special feature,Paved,,Property Damage Only,0,0,0,0,0,0,2800,2,3,,POINT (-91.030290836475 41.447957566734)
2014782050,012014-165,01/20/2014,01-January,2-Monday,17:17,1700 Hours,District 3 (Northwest),STORM LAKE,BUENA VISTA,,LAKE AVE,Collision with:  Vehicle in traffic,On Roadway,Broadside (front to side),FTYROW:  From driveway,None Indicated,,Daylight,Snow,Snow,None apparent,Non-intersection:  Driveway access (within),Paved,,Property Damage Only,0,0,0,0,0,0,2000,2,3,,POINT (-95.200773598179 42.660004193144)
2014781718,140120BJ01,01/20/2014,01-January,2-Monday,15:20,1500 Hours,District 3 (Northwest),ORANGE CITY,SIOUX,IA 10,IA 10/8TH ST SE & LINCOLN AVE SE & LINCOLN PL SE,Collision with:  Vehicle in traffic,On Roadway,Broadside (front to side),Lost Control,None Indicated,,Daylight,Snow,Snow,"Surface condition (e.g., wet, icy)",Intersection:  Four-way intersection,Paved,,Property Damage Only,0,0,0,0,0,0,5000,2,2,,POINT (-96.046369653791 42.997496112406)
2014781447,2014004226,01/20/2014,01-January,2-Monday,16:00,1600 Hours,District 2 (Northeast),,CERRO GORDO,US 18,US 18,Non-collision events:  Jackknife,On Roadway,Non-collision (single vehicle),Swerving/Evasive Action,None Indicated,,Daylight,Dry,Snow,"Surface condition (e.g., wet, icy)",Interchange-related:  On-ramp merge area,Paved,,Minor Injury,0,1,0,1,0,0,3000,1,1,,POINT (-93.339734893243 43.100650807084)
2014785167,2014004299,01/20/2014,01-January,2-Monday,19:10,1900 Hours,District 6 (East Central),,CEDAR,I-80,I-80 & DELTA AVE,Collision with fixed object:  Guardrail - face,On Roadway,Non-collision (single vehicle),Driving too fast for conditions,None Indicated,,Dark - unknown roadway lighting,Snow,Snow,"Surface condition (e.g., wet, icy)",Non-intersection:  Non-junction/no special feature,Paved,,Property Damage Only,0,0,0,0,0,0,20600,1,4,,POINT (-91.307722635434 41.662928635645)
2014780537,14-1922,01/20/2014,01-January,2-Monday,03:41,0300 Hours,District 3 (Northwest),SIOUX CITY,WOODBURY,,HAMILTON BLVD,Collision with fixed object:  Bridge overhead structure,On Roadway,Non-collision (single vehicle),"Operating vehicle in an reckless, erratic, careless, negligent manner",Alcohol (Statutory),,Dark - roadway lighted,Dry,Clear,None apparent,Non-intersection:  Non-junction/no special feature,Paved,,Major Injury,0,2,1,0,1,0,8500,1,2,,POINT (-96.416685398264 42.507717612884)
2014781465,,01/20/2014,01-January,2-Monday,17:30,1700 Hours,District 6 (East Central),CEDAR RAPIDS,LINN,,JOHNSON AVE NW & EDGEWOOD RD NW,Collision with:  Vehicle in traffic,On Roadway,Rear-end (front to rear),Unknown,None Indicated,,Dark - roadway lighted,Snow,Snow,,Intersection:  Four-way intersection,Paved,,Property Damage Only,0,0,0,0,0,0,2000,2,4,,POINT (-91.715990354579 41.974515406815)
2014780297,W14-006488,01/20/2014,01-January,2-Monday,15:10,1500 Hours,District 2 (Northeast),WATERLOO,BLACK HAWK,,W 6TH ST & COMMERCIAL ST,Collision with:  Vehicle in traffic,On Roadway,Rear-end (front to rear),Unknown,None Indicated,,Daylight,Wet,Snow,None apparent,Intersection:  Four-way intersection,Paved,,Property Damage Only,0,0,0,0,0,0,2800,2,6,,POINT (-92.337616975774 42.493726307059)
2014780106,20140001769,01/20/2014,01-January,2-Monday,08:50,0800 Hours,District 1 (Central),DES MOINES,POLK,,SW 14TH ST,Collision with fixed object:  Utility pole/light support,On Roadway,Non-collision (single vehicle),Driving too fast for conditions,None Indicated,,Daylight,Ice/frost,Cloudy,"Surface condition (e.g., wet, icy)",Non-intersection:  Non-junction/no special feature,Paved,,Property Damage Only,0,0,0,0,0,0,3500,1,1,,POINT (-93.635396865378 41.533227479456)
2014783983,2014-4562,01/20/2014,01-January,2-Monday,17:52,1700 Hours,District 6 (East Central),DAVENPORT,SCOTT,,IA 461/HARRISON ST,Collision with:  Vehicle in traffic,On Roadway,"Sideswipe, same direction",FTYROW:  Other (explain in narrative),None Indicated,,Dark - roadway lighted,Snow,Cloudy,None apparent,Non-intersection:  Non-junction/no special feature,Paved,,Property Damage Only,0,0,0,0,0,0,2000,2,2,,POINT (-90.577220753931 41.533502716312)
2014780739,2014000669,01/20/2014,01-January,2-Monday,19:00,1900 Hours,District 6 (East Central),IOWA CITY,JOHNSON,,W BENTON ST & WESTGATE ST,Collision with:  Vehicle in traffic,On Roadway,Broadside (front to side),Crossed centerline (undivided),None Indicated,,Dark - roadway lighted,Snow,Snow,"Surface condition (e.g., wet, icy)",Intersection:  T-intersection,Paved,,Property Damage Only,0,0,0,0,0,0,1500,2,3,,POINT (-91.566734504151 41.649644320265)
2014780788,2014000590,01/20/2014,01-January,2-Monday,17:27,1700 Hours,District 1 (Central),MARSHALLTOWN,MARSHALL,,EDGEBROOK DR,Collision with fixed object:  Other fixed object (explain in narrative),On Roadway,Non-collision (single vehicle),Driving too fast for conditions,None Indicated,,Dark - roadway lighted,Snow,Snow,None apparent,Non-intersection:  Non-junction/no special feature,Paved,,Property Damage Only,0,0,0,0,0,0,5500,1,3,,POINT (-92.899253906014 42.019534227534)
2014780415,20140001802,01/20/2014,01-January,2-Monday,17:43,1700 Hours,District 1 (Central),DES MOINES,POLK,US 6,US 6/E EUCLID AVE,Collision with:  Vehicle in traffic,On Roadway,Rear-end (front to rear),Followed too close,None Indicated,,Dark - roadway lighted,Wet,"Sleet, hail",None apparent,Non-intersection:  Non-junction/no special feature,Paved,,Minor Injury,0,1,0,1,0,0,2000,2,2,,POINT (-93.597031713377 41.62772114573)
2014780380,14001379,01/20/2014,01-January,2-Monday,20:20,2000 Hours,District 6 (East Central),MARION,LINN,,E POST RD,Collision with fixed object:  Traffic sign support,On Roadway,Non-collision (single vehicle),Driving too fast for conditions,None Indicated,,Dark - roadway not lighted,Snow,Snow,"Surface condition (e.g., wet, icy)",Non-intersection:  Non-junction/no special feature,Paved,,Property Damage Only,0,0,0,0,0,0,2600,1,1,,POINT (-91.599248174931 42.013850018675)
2014781317,02-14-1250,01/20/2014,01-January,2-Monday,22:31,2200 Hours,District 6 (East Central),,DUBUQUE,,OLDE MASSEY RD,Collision with fixed object:  Ditch,On Roadway,Non-collision (single vehicle),Ran off road - left,None Indicated,,Dark - roadway not lighted,Snow,Snow,"Surface condition (e.g., wet, icy)",Non-intersection:  Non-junction/no special feature,Paved,,Property Damage Only,0,0,0,0,0,0,2000,1,2,,POINT (-90.620688546188 42.440238156035)
2014780417,20140001817,01/20/2014,01-January,2-Monday,19:38,1900 Hours,District 1 (Central),DES MOINES,POLK,,MAURY ST,Collision with fixed object:  Utility pole/light support,Shoulder,Non-collision (single vehicle),Driving too fast for conditions,None Indicated,,Dark - roadway lighted,Wet,Snow,None apparent,Non-intersection:  Non-junction/no special feature,Paved,,Property Damage Only,0,0,0,0,0,0,9797,1,1,,POINT (-93.593952126954 41.581232761936)
2014780765,14001349,01/20/2014,01-January,2-Monday,12:27,1200 Hours,District 6 (East Central),MARION,LINN,IA 100,IA 100/COLLINS RD SE & S 31ST ST,Collision with:  Vehicle in traffic,On Roadway,Broadside (front to side),FTYROW:  From stop sign,None Indicated,,Daylight,Dry,Cloudy,None apparent,Intersection:  Four-way intersection,Paved,,Minor Injury,0,3,0,3,0,0,28900,3,3,,POINT (-91.579117065935 42.017051979826)
2014781037,201401005,01/20/2014,01-January,2-Monday,17:05,1700 Hours,District 6 (East Central),CEDAR RAPIDS,LINN,,BEVER AVE SE & 19TH ST SE,Collision with:  Vehicle in traffic,On Roadway,Rear-end (front to rear),Driving too fast for conditions,None Indicated,,Dusk,Snow,Snow,None apparent,Intersection:  Four-way intersection,Paved,,Property Damage Only,0,0,0,0,0,0,3500,2,4,,POINT (-91.642914356481 41.984500435218)
2014780388,14-002689,01/20/2014,01-January,2-Monday,19:59,1900 Hours,District 5 (Southeast),MUSCATINE,MUSCATINE,,LEROY ST & BIDWELL RD,Collision with:  Vehicle in traffic,On Roadway,Broadside (front to side),Lost Control,None Indicated,,Dark - roadway lighted,Snow,Snow,"Surface condition (e.g., wet, icy)",Non-intersection:  Non-junction/no special feature,Paved,,Property Damage Only,0,0,0,0,0,0,4500,2,3,,POINT (-91.044977661943 41.439237333862)
2014790150,,01/20/2014,01-January,2-Monday,23:40,2300 Hours,District 5 (Southeast),WILTON,MUSCATINE,,E 5TH ST & CHESTNUT ST,Collision with fixed object:  Utility pole/light support,Roadside,Non-collision (single vehicle),Driving too fast for conditions,None Indicated,,Dark - roadway lighted,Ice/frost,"Sleet, hail","Surface condition (e.g., wet, icy)",Non-intersection:  Non-junction/no special feature,Paved,,Property Damage Only,0,0,0,0,0,0,5000,1,1,,POINT (-91.01547356615 41.589820480246)
2014780349,14-060120-03,01/20/2014,01-January,2-Monday,20:50,2000 Hours,District 6 (East Central),,IOWA,I-80,I-80,Non-collision events:  Jackknife,On Roadway,Non-collision (single vehicle),Driving too fast for conditions,None Indicated,,Dark - roadway not lighted,Ice/frost,Snow,"Surface condition (e.g., wet, icy)",Non-intersection:  Non-junction/no special feature,Paved,,Property Damage Only,0,0,0,0,0,0,5000,1,1,,POINT (-92.292473514627 41.69589053728)
2014780425,14-0138,01/20/2014,01-January,2-Monday,12:34,1200 Hours,District 1 (Central),URBANDALE,POLK,I-35,I-35 & IA 141/IOWA 141 &  NW URBANDALE DR,Collision with:  Vehicle in traffic,On Roadway,Rear-end (front to rear),Followed too close,None Indicated,,Daylight,Dry,Clear,None apparent,Intersection:  Intersection with ramp,Paved,,Possible/Unknown,0,1,0,0,1,0,2500,2,2,,POINT (-93.772493072083 41.647635548965)
2014780728,20140229,01/20/2014,01-January,2-Monday,08:30,0800 Hours,District 1 (Central),REINBECK,GRUNDY,,BLACKHAWK ST,Collision with:  Vehicle in traffic,Outside trafficway,Broadside (front to side),Lost Control,None Indicated,,Daylight,Ice/frost,Cloudy,"Surface condition (e.g., wet, icy)",Non-intersection:  Non-junction/no special feature,Paved,,Property Damage Only,0,0,0,0,0,0,6600,4,1,,POINT (-92.599285297242 42.318998583168)
2014784253,140292,01/20/2014,01-January,2-Monday,16:00,1600 Hours,District 1 (Central),IOWA FALLS,HARDIN,,CADET RD,Collision with fixed object:  Other fixed object (explain in narrative),Outside trafficway,Non-collision (single vehicle),Lost Control,None Indicated,,Daylight,Snow,Snow,"Surface condition (e.g., wet, icy)",Non-intersection:  Driveway access (within),Paved,,Property Damage Only,0,0,0,0,0,0,1900,1,1,,POINT (-93.265467938184 42.535895321679)
2014781778,2014004313,01/20/2014,01-January,2-Monday,19:00,1900 Hours,District 1 (Central),,POWESHIEK,I-80,I-80 & Co Rd V18/V18 RD,Non-collision events:  Jackknife,On Roadway,Non-collision (single vehicle),Driving too fast for conditions,None Indicated,,Dark - roadway not lighted,Snow,Snow,"Surface condition (e.g., wet, icy)",Non-intersection:  Other non-intersection (explain in narrative),Paved,,Minor Injury,0,1,0,1,0,0,17705,1,1,,POINT (-92.445289008988 41.695910115552)
2014781842,14000979,01/20/2014,01-January,2-Monday,15:41,1500 Hours,District 2 (Northeast),MASON CITY,CERRO GORDO,IA 122,IA 122/4TH ST SE & S ILLINOIS AVE,Collision with:  Vehicle in traffic,On Roadway,Broadside (front to side),Driving too fast for conditions,None Indicated,,Daylight,Ice/frost,Snow,"Surface condition (e.g., wet, icy)",Intersection:  Four-way intersection,Paved,,Property Damage Only,0,0,0,0,0,0,10000,2,3,,POINT (-93.171191799161 43.148113647529)
2014780604,14006555,01/20/2014,01-January,2-Monday,17:28,1700 Hours,District 2 (Northeast),CEDAR FALLS,BLACK HAWK,IA 27,IA 27,Non-collision events:  Overturn/rollover,On Roadway,Non-collision (single vehicle),Lost Control,None Indicated,,Dark - roadway not lighted,Ice/frost,"Blowing sand, soil, dirt",None apparent,Non-intersection:  Non-junction/no special feature,Paved,,Property Damage Only,0,0,0,0,0,0,2400,1,1,,POINT (-92.451844145669 42.491510736911)
2014785620,2014-4531,01/20/2014,01-January,2-Monday,15:51,1500 Hours,District 6 (East Central),DAVENPORT,SCOTT,US 6,US 6/SPRUCE HILLS DR & ELMORE AVE,Collision with:  Vehicle in traffic,On Roadway,Rear-end (front to rear),Followed too close,None Indicated,,Daylight,Dry,Cloudy,None apparent,Intersection:  Four-way intersection,Paved,,Possible/Unknown,0,2,0,0,2,0,4400,3,3,,POINT (-90.527307818173 41.554946599302)
2014780321,1401202791,01/20/2014,01-January,2-Monday,20:30,2000 Hours,District 6 (East Central),,CLINTON,US 61,US 61,Non-collision events:  Jackknife,On Roadway,Non-collision (single vehicle),Ran off road - right,None Indicated,,Dark - roadway not lighted,Ice/frost,"Blowing sand, soil, dirt","Surface condition (e.g., wet, icy)",Non-intersection:  Non-junction/no special feature,Paved,,Property Damage Only,0,0,0,0,0,0,3000,1,1,,POINT (-90.640038070446 41.962531467207)
2014781035,201400983,01/20/2014,01-January,2-Monday,08:30,0800 Hours,District 6 (East Central),CEDAR RAPIDS,LINN,,26TH AVE SW & 12TH ST SW,Collision with:  Vehicle in traffic,On Roadway,Broadside (front to side),Other (explain in narrative):  Other,None Indicated,,Daylight,Ice/frost,Clear,"Surface condition (e.g., wet, icy)",Non-intersection:  Driveway access (within),Paved,,Property Damage Only,0,0,0,0,0,0,2800,2,19,,POINT (-91.68684171069 41.952804285324)
2014781210,2014004217,01/20/2014,01-January,2-Monday,15:00,1500 Hours,District 2 (Northeast),,CERRO GORDO,I-35,I-35,Collision with:  Vehicle in traffic,On Roadway,"Sideswipe, same direction",Crossed centerline (undivided),None Indicated,,Daylight,Snow,Snow,None apparent,Non-intersection:  Non-junction/no special feature,Paved,,Property Damage Only,0,0,0,0,0,0,7500,2,2,,POINT (-93.348845680427 43.242007902616)
2014781865,C14000239,01/20/2014,01-January,2-Monday,06:25,0600 Hours,District 6 (East Central),CORALVILLE,JOHNSON,,OAKDALE BLVD,Collision with:  Vehicle in traffic,On Roadway,"Angle, oncoming left turn",FTYROW:  Making left turn,None Indicated,,Dark - roadway lighted,Unknown,Unknown,None apparent,Intersection:  Four-way intersection,Paved,,Property Damage Only,0,0,0,0,0,0,15700,2,2,,POINT (-91.610610135074 41.708466534965)
2014780983,01-14-2974,01/20/2014,01-January,2-Monday,23:15,2300 Hours,District 6 (East Central),DUBUQUE,DUBUQUE,,CEDAR CROSS RD,Collision with fixed object:  Utility pole/light support,On Roadway,Non-collision (single vehicle),Ran off road - right,Alcohol (< Statutory),,Dark - roadway lighted,Snow,Cloudy,Unknown,Non-intersection:  Non-junction/no special feature,Paved,,Property Damage Only,0,0,0,0,0,0,11000,1,1,,POINT (-90.717631656852 42.484877544492)
2014780322,CL14000178,01/20/2014,01-January,2-Monday,07:04,0700 Hours,District 6 (East Central),CLINTON,CLINTON,,19TH AVE N & N 3RD ST,Collision with:  Vehicle in traffic,On Roadway,Broadside (front to side),FTYROW:  From stop sign,None Indicated,,Daylight,Dry,Clear,None apparent,Intersection:  Four-way intersection,Paved,,Property Damage Only,0,0,0,0,0,0,2500,2,2,,POINT (-90.184649652378 41.866707416574)
2014781362,1400000054,01/20/2014,01-January,2-Monday,21:39,2100 Hours,District 1 (Central),,MARSHALL,US 30,US 30/240TH ST,Collision with fixed object:  Ditch,Outside trafficway,Rear-end (front to rear),Ran off road - right,None Indicated,,Dark - roadway lighted,Ice/frost,"Blowing sand, soil, dirt",None apparent,Non-intersection:  Non-junction/no special feature,Paved,,Property Damage Only,0,0,0,0,0,0,4500,2,3,,POINT (-92.809526000224 42.006504881045)
2014782091,14-040120-01,01/20/2014,01-January,2-Monday,21:15,2100 Hours,District 6 (East Central),,IOWA,,Co Rd W21/U AVE,Collision with:  Vehicle in traffic,On Roadway,Rear-end (front to rear),Unknown,None Indicated,,Dark - roadway lighted,Snow,Snow,"Surface condition (e.g., wet, icy)",Non-intersection:  Driveway access (within),Paved,,Property Damage Only,0,0,0,0,0,0,5000,2,4,,POINT (-91.910901312178 41.685477015218)
2014779965,14-02133,01/20/2014,01-January,2-Monday,08:01,0800 Hours,District 5 (Southeast),BURLINGTON,DES MOINES,,SUNNYSIDE AVE & CLIFF RD,Collision with:  Vehicle in traffic,On Roadway,"Sideswipe, opposite direction",Lost Control,None Indicated,,Daylight,Ice/frost,Clear,"Surface condition (e.g., wet, icy)",Non-intersection:  Non-junction/no special feature,Paved,,Property Damage Only,0,0,0,0,0,0,5000,2,3,,POINT (-91.127164965373 40.833130203692)
2014780068,14-429,01/20/2014,01-January,2-Monday,11:37,1100 Hours,District 1 (Central),GRIMES,POLK,IA 141,IA 141/IOWA 141,Collision with:  Vehicle in traffic,On Roadway,Rear-end (front to rear),Followed too close,None Indicated,,Daylight,Dry,Cloudy,None apparent,Non-intersection:  Non-junction/no special feature,Paved,,Property Damage Only,0,0,0,0,0,0,4000,2,3,,POINT (-93.775006684775 41.659976390222)
2014781212,2014004362,01/20/2014,01-January,2-Monday,22:55,2200 Hours,District 6 (East Central),,SCOTT,I-80,I-80,Collision with fixed object:  Guardrail - face,On Roadway,Non-collision (single vehicle),Driving too fast for conditions,None Indicated,,Dark - roadway not lighted,Ice/frost,Snow,None apparent,Non-intersection:  Non-junction/no special feature,Paved,,Property Damage Only,0,0,0,0,0,0,7000,1,1,,POINT (-90.837131647421 41.632733850475)
2014780944,14-014,01/20/2014,01-January,2-Monday,15:48,1500 Hours,District 2 (Northeast),WAVERLY,BREMER,IA 116,IA 116/4TH ST SW & 5TH AVE SW,Collision with:  Vehicle in traffic,On Roadway,Rear-end (front to rear),Followed too close,None Indicated,,Daylight,Snow,Snow,None apparent,Intersection:  Four-way intersection,Paved,,Property Damage Only,0,0,0,0,0,0,1750,2,3,,POINT (-92.475599615252 42.720915510384)
2014780379,14001375,01/20/2014,01-January,2-Monday,19:16,1900 Hours,District 6 (East Central),MARION,LINN,,GRAND AVE & S 11TH ST & E POST RD,Collision with:  Vehicle in traffic,On Roadway,Head-on (front to front),FTYROW:  Making left turn,None Indicated,,Dark - roadway lighted,Snow,Snow,None apparent,Intersection:  Four-way intersection,Paved,,Property Damage Only,0,0,0,0,0,0,6000,2,2,,POINT (-91.598229754938 42.02062837563)
2014784928,2014-000338,01/20/2014,01-January,2-Monday,17:12,1700 Hours,District 6 (East Central),,BENTON,,Co Rd W24/30 AVE,Collision with:  Vehicle in traffic,On Roadway,"Sideswipe, opposite direction",Crossed centerline (undivided),None Indicated,,Dark - roadway lighted,Ice/frost,Snow,None apparent,Non-intersection:  Non-junction/no special feature,Paved,,Major Injury,0,1,1,0,0,0,22000,2,2,,POINT (-91.910367541052 41.929429772094)
2014781779,2014004341,01/20/2014,01-January,2-Monday,21:37,2100 Hours,District 4 (Southwest),WEST DES MOINES,DALLAS,I-80,I-80,Collision with fixed object:  Other fixed object (explain in narrative),Median,Non-collision (single vehicle),Crossed centerline (undivided),None Indicated,,Dark - roadway not lighted,Ice/frost,Snow,"Surface condition (e.g., wet, icy)",Non-intersection:  Non-junction/no special feature,Paved,,Property Damage Only,0,0,0,0,0,0,21000,1,2,,POINT (-93.843493800133 41.574403596832)
2014782155,2014004319,01/20/2014,01-January,2-Monday,19:46,1900 Hours,District 6 (East Central),,IOWA,I-80,I-80,Non-collision events:  Other non-collision (explain in narrative),On Roadway,Non-collision (single vehicle),Driving too fast for conditions,None Indicated,,Dark - roadway not lighted,Ice/frost,Snow,"Surface condition (e.g., wet, icy)",Non-intersection:  Non-junction/no special feature,Paved,,Property Damage Only,0,0,0,0,0,0,15000,1,1,,POINT (-91.939084811583 41.68796538557)