Iowa DOT Case Number,Law Enforcement Case Number,Date of Crash,Month of Crash,Day of Week,Time of Crash,Hour,DOT District,City Name,County Name,Route with System,Location Description,First Harmful Event,Location of First Harmful Event,Manner of Crash/Collision,Major Cause,Drug or Alcohol ,Environmental Conditions,Light Conditions,Surface Conditions,Weather Conditions,Roadway Contribution,Roadway Type,Roadway Surface,Work Zone,Crash Severity,Number of Fatalities,Number of Injuries,Number of Major Injuries,Number of Minor Injuries,Number of Possible Injuries,Number of Unknown Injuries,Amount of Property Damage,Number of Vehicles Involved,Total Number of Occupants,Travel Direction,Location
2014780801,14-000279,01/20/2014,01-January,2-Monday,19:50,1900 Hours,District 1 (Central),ANKENY,POLK,,NE 5TH ST & NE DELAWARE AVE,Collision with:  Vehicle in traffic,On Roadway,Broadside (front to side),FTYROW:  From stop sign,None Indicated,,Dark - roadway lighted,Snow,Snow,"Surface condition (e.g., wet, icy)",Intersection:  T-intersection,Paved,,Property Damage Only,0,0,0,0,0,0,5500,2,3,,POINT (-93.581100487139 41.73581609413)
2014780376,201400988,01/20/2014,01-January,2-Monday,09:58,0900 Hours,District 6 (East Central),CEDAR RAPIDS,LINN,,EDGEWOOD RD NW,Collision with:  Vehicle in traffic,On Roadway,Head-on (front to front),Driver Distraction:  Manual operation of an electronic communication device,None Indicated,,Daylight,Dry,Cloudy,None apparent,Non-intersection:  Non-junction/no special feature,Paved,,Minor Injury,0,1,0,1,0,0,10000,2,3,,POINT (-91.71597619174 41.975821185342)
2014781810,,01/20/2014,01-January,2-Monday,16:09,1600 Hours,District 2 (Northeast),,BUTLER,IA 3,IA 3/IOWA 3,Collision with:  Vehicle in traffic,On Roadway,"Sideswipe, opposite direction",Crossed centerline (undivided),None Indicated,,Daylight,Ice/frost,Snow,None apparent,Non-intersection:  Non-junction/no special feature,Paved,,Property Damage Only,0,0,0,0,0,0,5000,2,3,,POINT (-92.559280136458 42.714928190334)
2014781719,140120WVV01,01/20/2014,01-January,2-Monday,14:55,1400 Hours,District 3 (Northwest),ORANGE CITY,SIOUX,,3RD ST NE & FRANKFORT AVE NE,Collision with:  Vehicle in traffic,On Roadway,"Angle, oncoming left turn",FTYROW:  Making left turn,None Indicated,,Daylight,Snow,Snow,"Surface condition (e.g., wet, icy)",Intersection:  T-intersection,Paved,,Property Damage Only,0,0,0,0,0,0,5500,2,2,,POINT (-96.051701374865 43.008303032267)
2014780348,14-060120-02,01/20/2014,01-January,2-Monday,19:15,1900 Hours,District 6 (East Central),,IOWA,I-80,I-80,Collision with fixed object:  Guardrail - face,On Roadway,Non-collision (single vehicle),Driving too fast for conditions,None Indicated,,Dark - roadway not lighted,Ice/frost,Snow,"Surface condition (e.g., wet, icy)",Non-intersection:  Non-junction/no special feature,Paved,,Property Damage Only,0,0,0,0,0,0,3500,1,1,,POINT (-92.190105079156 41.696124401127)
2014788224,2014004342,01/20/2014,01-January,2-Monday,22:15,2200 Hours,District 6 (East Central),,BUCHANAN,,Co Rd D22/220TH ST & Co Rd W33/NATHAN BETHEL AVE,Collision with fixed object:  Ditch,Outside trafficway,Non-collision (single vehicle),Ran off road - straight,None Indicated,,Dark - roadway lighted,Snow,Snow,"Surface condition (e.g., wet, icy)",Intersection:  T-intersection,Paved,,Possible/Unknown,0,1,0,0,1,0,5000,1,1,,POINT (-91.825138668418 42.468409864555)
2014780372,2014000648,01/20/2014,01-January,2-Monday,13:17,1300 Hours,District 6 (East Central),IOWA CITY,JOHNSON,,N DUBUQUE ST,Collision with:  Vehicle in traffic,On Roadway,Rear-end (front to rear),Followed too close,None Indicated,,Daylight,Dry,Cloudy,None apparent,Intersection:  T-intersection,Paved,,Property Damage Only,0,0,0,0,0,0,2500,2,5,,POINT (-91.532859357193 41.67128364004)
2014780309,14-1138,01/20/2014,01-January,2-Monday,17:17,1700 Hours,District 2 (Northeast),,BREMER,US 218,US 218,Collision with:  Vehicle in traffic,On Roadway,"Sideswipe, same direction",Driving too fast for conditions,None Indicated,,Dark - roadway not lighted,Ice/frost,Snow,"Surface condition (e.g., wet, icy)",Non-intersection:  Non-junction/no special feature,Paved,,Minor Injury,0,1,0,1,0,0,15000,2,2,,POINT (-92.510768355421 42.693712344967)
2014780558,2014004140,01/20/2014,01-January,2-Monday,06:12,0600 Hours,District 5 (Southeast),,WARREN,I-35,I-35,Collision with:  Animal,,,Animal,None Indicated,,,,,,,Paved,,Property Damage Only,0,0,0,0,0,0,3500,1,1,,POINT (-93.77977644615 41.45458754997)
2014835167,14-000166,01/20/2014,01-January,2-Monday,16:40,1600 Hours,District 2 (Northeast),FOREST CITY,HANCOCK,US 69,US 69 & Co Rd B14/330TH ST,Collision with:  Vehicle in traffic,On Roadway,Broadside (front to side),FTYROW:  From stop sign,None Indicated,,Daylight,Ice/frost,Snow,"Surface condition (e.g., wet, icy)",Intersection:  Four-way intersection,Paved,,Property Damage Only,0,0,0,0,0,0,2600,2,2,,POINT (-93.636560633817 43.241984341843)
2014780630,14-000884,01/20/2014,01-January,2-Monday,21:40,2100 Hours,District 6 (East Central),,CEDAR,I-80,I-80,Collision with fixed object:  Utility pole/light support,On Roadway,Non-collision (single vehicle),Ran off road - right,None Indicated,,Dark - roadway not lighted,Ice/frost,Snow,"Surface condition (e.g., wet, icy)",Non-intersection:  Non-junction/no special feature,Paved,,Property Damage Only,0,0,0,0,0,0,5000,1,1,,POINT (-91.231687413864 41.662279039562)
2014781577,2014-0280,01/20/2014,01-January,2-Monday,15:44,1500 Hours,District 1 (Central),,HARDIN,,Co Rd S27/ST HWY 359 & 150TH ST,Collision with fixed object:  Ditch,On Roadway,Non-collision (single vehicle),Driving too fast for conditions,None Indicated,,Daylight,Snow,Snow,"Surface condition (e.g., wet, icy)",Intersection:  T-intersection,Paved,,Minor Injury,0,1,0,1,0,0,9200,1,1,,POINT (-93.380857108835 42.485110169511)
2014780125,20140001768,01/20/2014,01-January,2-Monday,08:35,0800 Hours,District 1 (Central),DES MOINES,POLK,,KEOSAUQUA WAY & 15TH ST,Collision with:  Vehicle in traffic,On Roadway,Rear-end (front to rear),Unknown,None Indicated,,Daylight,Wet,Cloudy,None apparent,Non-intersection:  Non-junction/no special feature,Paved,,Property Damage Only,0,0,0,0,0,0,2500,2,2,,POINT (-93.63783705737 41.598543793399)
2014782357,2014004346,01/20/2014,01-January,2-Monday,21:09,2100 Hours,District 6 (East Central),,JOHNSON,I-80,I-80,Collision with:  Vehicle in traffic,On Roadway,Head-on (front to front),Crossed centerline (undivided),None Indicated,,Dark - roadway not lighted,Ice/frost,Snow,"Surface condition (e.g., wet, icy)",Non-intersection:  Non-junction/no special feature,Paved,,Possible/Unknown,0,1,0,0,1,0,78100,4,4,,POINT (-91.36838180102 41.666580046798)
2014780428,14-0333,01/20/2014,01-January,2-Monday,18:10,1800 Hours,District 1 (Central),WEST DES MOINES,POLK,,ASHWORTH RD & PRAIRIE VIEW DR,Collision with:  Vehicle in traffic,On Roadway,Broadside (front to side),Driving too fast for conditions,None Indicated,,Dark - roadway lighted,Snow,Snow,"Surface condition (e.g., wet, icy)",Intersection:  Four-way intersection,Paved,,Possible/Unknown,0,1,0,0,1,0,15000,3,4,,POINT (-93.779897800416 41.584490306255)
2014780641,14000350,01/20/2014,01-January,2-Monday,15:54,1500 Hours,District 2 (Northeast),,CERRO GORDO,US 18,US 18,Collision with:  Vehicle in traffic,On Roadway,"Sideswipe, same direction",Driving too fast for conditions,None Indicated,,Daylight,Ice/frost,Snow,None apparent,Non-intersection:  Non-junction/no special feature,Paved,,Property Damage Only,0,0,0,0,0,0,2000,2,3,,POINT (-93.148647477792 43.111909506329)
2014780833,14-0142,01/20/2014,01-January,2-Monday,19:59,1900 Hours,District 1 (Central),URBANDALE,POLK,I-35,I-35,Collision with:  Vehicle in traffic,On Roadway,"Sideswipe, same direction",Driving too fast for conditions,None Indicated,,Dark - roadway not lighted,Snow,Snow,"Surface condition (e.g., wet, icy)",Non-intersection:  Other non-intersection (explain in narrative),Paved,,Property Damage Only,0,0,0,0,0,0,5500,2,3,,POINT (-93.756340167459 41.651625045271)
2014779966,14-02158,01/20/2014,01-January,2-Monday,14:15,1400 Hours,District 5 (Southeast),BURLINGTON,DES MOINES,,AGENCY ST,Collision with:  Vehicle in traffic,On Roadway,Rear-end (front to rear),Followed too close,None Indicated,,Daylight,Wet,Cloudy,None apparent,Non-intersection:  Non-junction/no special feature,Paved,,Possible/Unknown,0,1,0,0,1,0,4000,2,2,,POINT (-91.14214322296 40.814879415465)
2014780561,2014004261,01/20/2014,01-January,2-Monday,17:05,1700 Hours,District 3 (Northwest),,PLYMOUTH,US 75,US 75,Collision with fixed object:  Ditch,Roadside,Non-collision (single vehicle),Driving too fast for conditions,None Indicated,,Dusk,Ice/frost,Snow,"Surface condition (e.g., wet, icy)",Non-intersection:  Non-junction/no special feature,Paved,,Property Damage Only,0,0,0,0,0,0,4000,1,2,,POINT (-96.22121527832 42.736092726983)
2014780562,2014004336,01/20/2014,01-January,2-Monday,21:24,2100 Hours,District 3 (Northwest),,PLYMOUTH,IA 60,IA 60/IOWA 60,Collision with fixed object:  Ditch,On Roadway,Non-collision (single vehicle),Exceeded authorized speed,None Indicated,,Dark - roadway not lighted,Ice/frost,Severe winds,"Surface condition (e.g., wet, icy)",Non-intersection:  Non-junction/no special feature,Paved,,Property Damage Only,0,0,0,0,0,0,2000,1,2,,POINT (-96.153148779488 42.837549988779)
2014781538,14-02131,01/20/2014,01-January,2-Monday,07:00,0700 Hours,District 5 (Southeast),MIDDLETOWN,DES MOINES,,BOUNDARY AVE,Collision with:  Animal,,,Animal,None Indicated,,,,,,,Unpaved,,Property Damage Only,0,0,0,0,0,0,3000,1,1,,POINT (-91.259163332621 40.847620036523)
2014780347,14-060120-01,01/20/2014,01-January,2-Monday,17:10,1700 Hours,District 6 (East Central),,IOWA,I-80,I-80,Collision with:  Other non-fixed object (explain in narrative),On Roadway,Non-collision (single vehicle),Driving too fast for conditions,None Indicated,,Dark - roadway not lighted,Ice/frost,Snow,"Surface condition (e.g., wet, icy)",Non-intersection:  Non-junction/no special feature,Paved,,Possible/Unknown,0,1,0,0,1,0,71461,3,3,,POINT (-92.109503195819 41.692645836795)
2014780426,14-0143,01/20/2014,01-January,2-Monday,20:00,2000 Hours,District 1 (Central),URBANDALE,POLK,I-35,I-35 & 100TH ST,Collision with fixed object:  Guardrail - face,On Roadway,Non-collision (single vehicle),Driving too fast for conditions,None Indicated,,Dark - roadway not lighted,Snow,Snow,None apparent,Non-intersection:  Non-junction/no special feature,Paved,,Property Damage Only,0,0,0,0,0,0,7000,1,2,,POINT (-93.755968117765 41.651645506779)
2014781242,,01/20/2014,01-January,2-Monday,15:21,1500 Hours,District 2 (Northeast),,FLOYD,US 18,US 18,Collision with fixed object:  Guardrail - face,Shoulder,Non-collision (single vehicle),Ran off road - right,None Indicated,,Daylight,Ice/frost,Snow,"Surface condition (e.g., wet, icy)",Non-intersection:  Other non-intersection (explain in narrative),Paved,,Possible/Unknown,0,1,0,0,1,0,5659,1,1,,POINT (-92.891058774272 43.122219787769)
2014780315,14000558,01/20/2014,01-January,2-Monday,18:55,1800 Hours,District 6 (East Central),,BUCHANAN,IA 150,IA 150/JAMESTOWN AVE,Collision with fixed object:  Ditch,Outside trafficway,Non-collision (single vehicle),Crossed centerline (undivided),None Indicated,,Dark - roadway not lighted,Snow,Snow,"Surface condition (e.g., wet, icy)",Non-intersection:  Non-junction/no special feature,Paved,,Property Damage Only,0,0,0,0,0,0,2000,1,1,,POINT (-91.889420892393 42.329531696385)
2014780152,14-0328,01/20/2014,01-January,2-Monday,13:45,1300 Hours,District 1 (Central),WEST DES MOINES,POLK,,UNIVERSITY AVE & 25TH ST,Collision with:  Vehicle in traffic,On Roadway,Broadside (front to side),Ran Traffic Signal,None Indicated,,Daylight,Dry,Cloudy,None apparent,Intersection:  Four-way intersection,Paved,,Property Damage Only,0,0,0,0,0,0,6000,2,3,,POINT (-93.739229809188 41.600386506817)
2014782338,2014004335,01/20/2014,01-January,2-Monday,21:09,2100 Hours,District 6 (East Central),,IOWA,I-80,I-80,Collision with:  Other non-fixed object (explain in narrative),On Roadway,Non-collision (single vehicle),Other (explain in narrative):  No improper action,None Indicated,,Dark - roadway lighted,Snow,Snow,None apparent,Non-intersection:  Non-junction/no special feature,Paved,,Property Damage Only,0,0,0,0,0,0,2700,1,1,,POINT (-91.919345978614 41.687763445595)
2014780377,14001371,01/20/2014,01-January,2-Monday,18:11,1800 Hours,District 6 (East Central),MARION,LINN,,7TH ST,Collision with:  Vehicle in traffic,On Roadway,Rear-end (front to rear),Followed too close,None Indicated,,Dark - roadway lighted,Snow,Snow,None apparent,Intersection:  Four-way intersection,Paved,,Minor Injury,0,1,0,1,0,0,3500,2,3,,POINT (-91.602798648749 42.034265654546)
2014780324,CL14000185,01/20/2014,01-January,2-Monday,14:25,1400 Hours,District 6 (East Central),CLINTON,CLINTON,US 30,US 30/8TH AVE S,Collision with:  Vehicle in traffic,On Roadway,Rear-end (front to rear),Ran off road - right,None Indicated,,Daylight,Wet,Cloudy,None apparent,Non-intersection:  Non-junction/no special feature,Paved,,Property Damage Only,0,0,0,0,0,0,2000,2,2,,POINT (-90.19263868041 41.837778704428)
2014780108,20140001765,01/20/2014,01-January,2-Monday,07:52,0700 Hours,District 1 (Central),DES MOINES,POLK,,PARK AVE & FLEUR DR,Collision with:  Vehicle in traffic,On Roadway,Rear-end (front to rear),Other (explain in narrative):  Other,None Indicated,,Daylight,Other (explain in narrative),Cloudy,"Surface condition (e.g., wet, icy)",Intersection:  Four-way intersection,Paved,,Property Damage Only,0,0,0,0,0,0,4200,2,4,,POINT (-93.644979754434 41.555440213818)
2014782603,01-14-2939,01/20/2014,01-January,2-Monday,16:50,1600 Hours,District 6 (East Central),DUBUQUE,DUBUQUE,,E 32ND ST,Collision with fixed object:  Guardrail - face,On Roadway,Non-collision (single vehicle),Crossed centerline (undivided),None Indicated,,Dusk,Snow,Snow,"Surface condition (e.g., wet, icy)",Non-intersection:  Non-junction/no special feature,Paved,,Property Damage Only,0,0,0,0,0,0,1500,1,1,,POINT (-90.676518287869 42.530923147853)
2014780583,2014004164,01/20/2014,01-January,2-Monday,09:10,0900 Hours,District 2 (Northeast),,FAYETTE,,Co Rd V68/W AVE,Collision with fixed object:  Utility pole/light support,On Roadway,Non-collision (single vehicle),Ran off road - right,None Indicated,,Daylight,Ice/frost,Cloudy,"Surface condition (e.g., wet, icy)",Non-intersection:  Non-junction/no special feature,Paved,,Property Damage Only,0,0,0,0,0,0,3500,1,1,,POINT (-92.033660991414 42.656775118526)
2014782245,032-011-14,01/20/2014,01-January,2-Monday,13:33,1300 Hours,District 3 (Northwest),ESTHERVILLE,EMMET,IA 4,IA 4/S 9TH ST & 1ST AVE S,Collision with:  Vehicle in traffic,On Roadway,"Angle, oncoming left turn",Unknown,None Indicated,,Daylight,Snow,Snow,Unknown,Non-intersection:  Non-junction/no special feature,Paved,,Property Damage Only,0,0,0,0,0,0,80800,2,5,,POINT (-94.832754809258 43.401063395124)
2014780732,14-1640,01/20/2014,01-January,2-Monday,14:55,1400 Hours,District 1 (Central),REASNOR,JASPER,,Co Rd F62/HWY F-62 E,Non-collision events:  Overturn/rollover,On Roadway,Non-collision (single vehicle),Swerving/Evasive Action,Refused,,Daylight,Wet,Clear,None apparent,Non-intersection:  Non-junction/no special feature,Paved,,Possible/Unknown,0,1,0,0,1,0,3000,1,1,,POINT (-93.04185039895 41.573463715858)
2014781750,2014004310,01/20/2014,01-January,2-Monday,18:20,1800 Hours,District 4 (Southwest),WEST DES MOINES,DALLAS,I-80,I-80,Collision with:  Vehicle in traffic,On Roadway,"Sideswipe, same direction",Lost Control,None Indicated,,Dark - roadway not lighted,Snow,Snow,"Surface condition (e.g., wet, icy)",Non-intersection:  Non-junction/no special feature,Paved,,Property Damage Only,0,0,0,0,0,0,3000,2,3,,POINT (-93.82387791641 41.584462779018)
2014781586,2014000664,01/20/2014,01-January,2-Monday,19:04,1900 Hours,District 6 (East Central),IOWA CITY,JOHNSON,US 6,US 6,Collision with:  Vehicle in traffic,On Roadway,Rear-end (front to rear),Driving too fast for conditions,None Indicated,,Dark - roadway lighted,Snow,Snow,None apparent,Non-intersection:  Non-junction/no special feature,Paved,,Property Damage Only,0,0,0,0,0,0,9000,3,7,,POINT (-91.527517976377 41.644212771805)
2014783197,14-006638,01/20/2014,01-January,2-Monday,21:27,2100 Hours,District 2 (Northeast),EVANSDALE,BLACK HAWK,I-380,I-380,Collision with fixed object:  Guardrail - face,Median,Non-collision (single vehicle),Swerving/Evasive Action,None Indicated,,Dark - roadway lighted,Snow,Snow,"Surface condition (e.g., wet, icy)",Non-intersection:  Non-junction/no special feature,Paved,,Property Damage Only,0,0,0,0,0,0,1500,1,1,,POINT (-92.223343693199 42.449843833552)
2014780430,14-0336,01/20/2014,01-January,2-Monday,18:53,1800 Hours,District 1 (Central),WEST DES MOINES,POLK,I-235,I-235,Collision with fixed object:  Utility pole/light support,On Roadway,Non-collision (single vehicle),Ran off road - right,None Indicated,,Dark - roadway lighted,Snow,Snow,"Surface condition (e.g., wet, icy)",Non-intersection:  Non-junction/no special feature,Paved,,Property Damage Only,0,0,0,0,0,0,15000,1,1,,POINT (-93.754032286147 41.592715309873)
2014780445,14-1105,01/20/2014,01-January,2-Monday,19:18,1900 Hours,District 6 (East Central),BETTENDORF,SCOTT,,MIDDLE RD & DEVILS GLEN RD,Collision with:  Vehicle in traffic,On Roadway,Rear-end (front to rear),Swerving/Evasive Action,None Indicated,,Dark - roadway lighted,Snow,Snow,"Surface condition (e.g., wet, icy)",Intersection:  Four-way intersection,Paved,,Property Damage Only,0,0,0,0,0,0,2300,2,2,,POINT (-90.48363896317 41.551566975965)
2014786940,2014004197,01/20/2014,01-January,2-Monday,12:30,1200 Hours,District 4 (Southwest),,HARRISON,I-29,I-29,Collision with fixed object:  Traffic sign support,On Roadway,Non-collision (single vehicle),Ran off road - right,None Indicated,,Daylight,Dry,Cloudy,None apparent,Non-intersection:  Non-junction/no special feature,Paved,,Property Damage Only,0,0,0,0,0,0,6500,1,2,,POINT (-96.051905195506 41.797972532389)
2014781569,14-0082,01/20/2014,01-January,2-Monday,17:10,1700 Hours,District 1 (Central),,GREENE,IA 25,IA 25/E AVE,Non-collision events:  Other non-collision (explain in narrative),On Roadway,"Sideswipe, same direction",Crossed centerline (undivided),Refused,,Dusk,Snow,"Blowing sand, soil, dirt",Non-highway work,Non-intersection:  Non-junction/no special feature,Paved,,Major Injury,0,1,1,0,0,0,12000,2,2,,POINT (-94.551413412151 41.993062022251)
2014780298,W14-006527,01/20/2014,01-January,2-Monday,16:48,1600 Hours,District 2 (Northeast),WATERLOO,BLACK HAWK,,GREENHILL/KATOSKI CONN & GREENHILL RD,Collision with:  Vehicle in traffic,On Roadway,Rear-end (front to rear),Lost Control,None Indicated,,Daylight,Snow,Snow,"Surface condition (e.g., wet, icy)",Intersection:  Four-way intersection,Paved,,Property Damage Only,0,0,0,0,0,0,2200,2,4,,POINT (-92.395692479344 42.499612856235)
2014781076,20140001810,01/20/2014,01-January,2-Monday,18:43,1800 Hours,District 1 (Central),DES MOINES,POLK,IA 28,IA 28/63RD ST & PARK AVE,Collision with:  Vehicle in traffic,On Roadway,Rear-end (front to rear),Driving too fast for conditions,None Indicated,,Dark - roadway lighted,Snow,Snow,None apparent,Non-intersection:  Non-junction/no special feature,Paved,,Property Damage Only,0,0,0,0,0,0,4500,2,2,,POINT (-93.703475559783 41.555547583815)
2014780518,14-0041,01/20/2014,01-January,2-Monday,14:30,1400 Hours,District 1 (Central),,WEBSTER,,SOUTH RIVER RD,Collision with fixed object:  Ditch,On Roadway,Non-collision (single vehicle),Ran off road - right,None Indicated,,Daylight,Ice/frost,Snow,None apparent,Non-intersection:  Non-junction/no special feature,Unpaved,,Property Damage Only,0,0,0,0,0,0,15000,1,1,,POINT (-94.182617394087 42.466871157646)
2014782605,01-14-2945,01/20/2014,01-January,2-Monday,17:34,1700 Hours,District 6 (East Central),DUBUQUE,DUBUQUE,,LORAS BLVD & HENION ST,Collision with:  Vehicle in traffic,On Roadway,Broadside (front to side),Lost Control,None Indicated,,Dark - roadway not lighted,Snow,Snow,"Surface condition (e.g., wet, icy)",Non-intersection:  Non-junction/no special feature,Paved,,Property Damage Only,0,0,0,0,0,0,3500,2,2,,POINT (-90.674777582682 42.504331491896)
2014786508,,01/20/2014,01-January,2-Monday,18:15,1800 Hours,District 2 (Northeast),,WINNESHIEK,,320TH ST,Collision with fixed object:  Tree,On Roadway,Non-collision (single vehicle),Crossed centerline (undivided),None Indicated,,Dark - roadway not lighted,,Snow,"Surface condition (e.g., wet, icy)",Non-intersection:  Non-junction/no special feature,Unpaved,,Property Damage Only,0,0,0,0,0,0,8000,1,1,,POINT (-91.795228091516 43.398122780087)
2014782093,14-070120-01,01/20/2014,01-January,2-Monday,05:30,0500 Hours,District 6 (East Central),,IOWA,,Co Rd F15/F15 BLVD,Collision with:  Animal,,,Animal,None Indicated,,,,,,,Paved,,Property Damage Only,0,0,0,0,0,0,4000,1,1,,POINT (-91.986369418506 41.810174482911)
2014781220,14000041,01/20/2014,01-January,2-Monday,21:43,2100 Hours,District 5 (Southeast),ALBIA,MONROE,US 34,US 34,Collision with:  Vehicle in traffic,On Roadway,Rear-end (front to rear),Crossed centerline (undivided),None Indicated,,Dark - roadway not lighted,Snow,Snow,"Surface condition (e.g., wet, icy)",Non-intersection:  Non-junction/no special feature,Paved,,Property Damage Only,0,0,0,0,0,0,2000,2,7,,POINT (-92.794105505481 41.015462844664)
2014781820,,01/20/2014,01-January,2-Monday,14:24,1400 Hours,District 3 (Northwest),ARNOLDS PARK,DICKINSON,,,Collision with fixed object:  Traffic sign support,On Roadway,Non-collision (single vehicle),Driving too fast for conditions,None Indicated,,Daylight,Snow,Snow,"Surface condition (e.g., wet, icy)",Non-intersection:  Non-junction/no special feature,,,Property Damage Only,0,0,0,0,0,0,5000,1,2,,POINT (-96.643700149993 40.233091251414)
2014781036,201401017,01/20/2014,01-January,2-Monday,21:28,2100 Hours,District 6 (East Central),CEDAR RAPIDS,LINN,,C ST SW,Non-collision events:  Other non-collision (explain in narrative),On Roadway,Non-collision (single vehicle),Ran off road - left,None Indicated,,Dark - roadway not lighted,Snow,Snow,"Surface condition (e.g., wet, icy)",Non-intersection:  Other non-intersection (explain in narrative),Paved,,Property Damage Only,0,0,0,0,0,0,8000,1,1,,POINT (-91.638773222262 41.948254487788)
2014786504,,01/20/2014,01-January,2-Monday,14:57,1400 Hours,District 2 (Northeast),CLEAR LAKE,CERRO GORDO,,MAIN AVE,Collision with:  Parked motor vehicle,On Roadway,"Sideswipe, opposite direction",Crossed centerline (undivided),None Indicated,,Daylight,Ice/frost,Snow,"Surface condition (e.g., wet, icy)",Non-intersection:  Non-junction/no special feature,Paved,,Property Damage Only,0,0,0,0,0,0,2000,2,1,,POINT (-93.382104648588 43.135915396339)
2014780758,201400202,01/20/2014,01-January,2-Monday,09:59,0900 Hours,District 6 (East Central),,LINN,US 30,US 30/SPECIAL CASE,Non-collision events:  Overturn/rollover,Shoulder,Non-collision (single vehicle),Over correcting/over steering,None Indicated,,Daylight,Dry,Cloudy,None apparent,Non-intersection:  Non-junction/no special feature,Paved,,Property Damage Only,0,0,0,0,0,0,97169,1,1,,POINT (-91.538354588761 41.924719827626)
2014780633,14000874,01/20/2014,01-January,2-Monday,17:20,1700 Hours,District 6 (East Central),,CEDAR,I-80,I-80,Collision with:  Vehicle in traffic,On Roadway,"Sideswipe, same direction",Followed too close,None Indicated,,Dark - roadway not lighted,Snow,"Blowing sand, soil, dirt",None apparent,Non-intersection:  Non-junction/no special feature,Paved,,Minor Injury,0,1,0,1,0,0,10000,2,2,,POINT (-91.163972315086 41.646590158331)
2014780759,201400205,01/20/2014,01-January,2-Monday,17:30,1700 Hours,District 6 (East Central),WALFORD,LINN,US 151,US 151/AMANA RD,Collision with:  Vehicle in traffic,On Roadway,"Sideswipe, opposite direction",Crossed centerline (undivided),None Indicated,,Dark - roadway not lighted,Snow,Snow,"Surface condition (e.g., wet, icy)",Non-intersection:  Non-junction/no special feature,Paved,,Property Damage Only,0,0,0,0,0,0,4000,2,3,,POINT (-91.829522940449 41.881178198324)
2014781014,14009268,01/20/2014,01-January,2-Monday,09:29,0900 Hours,District 6 (East Central),,JOHNSON,,MEHAFFEY BRIDGE RD,Collision with fixed object:  Ditch,Outside trafficway,Non-collision (single vehicle),Crossed centerline (undivided),None Indicated,,Daylight,Ice/frost,Cloudy,"Surface condition (e.g., wet, icy)",Non-intersection:  Non-junction/no special feature,Paved,,Property Damage Only,0,0,0,0,0,0,2500,1,1,,POINT (-91.536884524635 41.802608229232)
2014780067,14-426,01/20/2014,01-January,2-Monday,08:22,0800 Hours,District 1 (Central),,POLK,,NW TONI DR,Collision with:  Animal,On Roadway,Non-collision (single vehicle),Animal,None Indicated,,Daylight,Dry,Cloudy,None apparent,Non-intersection:  Non-junction/no special feature,Paved,,Property Damage Only,0,0,0,0,0,0,3000,1,2,,POINT (-93.6649286437 41.688155621236)
2014781705,S79140019,01/20/2014,01-January,2-Monday,19:00,1900 Hours,District 1 (Central),,POWESHIEK,I-80,I-80,Non-collision events:  Jackknife,On Roadway,Non-collision (single vehicle),Driving too fast for conditions,None Indicated,,Dark - roadway not lighted,Ice/frost,Snow,"Surface condition (e.g., wet, icy)",Non-intersection:  Non-junction/no special feature,Paved,,Property Damage Only,0,0,0,0,0,0,5000,1,1,,POINT (-92.44958242312 41.695543453176)
2014780871,14-703,01/20/2014,01-January,2-Monday,16:13,1600 Hours,District 3 (Northwest),,SAC,IA 175,IA 175/330TH ST,Collision with fixed object:  Ditch,Outside trafficway,Non-collision (single vehicle),Over correcting/over steering,None Indicated,,Daylight,Ice/frost,"Sleet, hail",None apparent,Non-intersection:  Non-junction/no special feature,Paved,,Property Damage Only,0,0,0,0,0,0,10000,1,2,,POINT (-95.176023500484 42.311719125782)
2014796135,AC14-004,01/20/2014,01-January,2-Monday,08:45,0800 Hours,District 4 (Southwest),HARLAN,SHELBY,,WILLOW ST,Collision with:  Parked motor vehicle,On Roadway,Broadside (front to side),Improper Backing,None Indicated,,Unknown,Dry,Unknown,None apparent,Non-intersection:  Non-junction/no special feature,Paved,,Property Damage Only,0,0,0,0,0,0,3000,2,1,,POINT (-95.320770240769 41.65319553777)
2014782678,14-435,01/20/2014,01-January,2-Monday,18:01,1800 Hours,District 2 (Northeast),OELWEIN,FAYETTE,IA 150,IA 150/PALACE RD,Collision with:  Vehicle in traffic,On Roadway,"Sideswipe, opposite direction",Equipment failure,None Indicated,,Dark - roadway lighted,Ice/frost,Snow,"Surface condition (e.g., wet, icy)",Non-intersection:  Railroad grade crossing,Paved,,Property Damage Only,0,0,0,0,0,0,3000,2,2,,POINT (-91.910901827564 42.671136132376)