Iowa DOT Case Number,Law Enforcement Case Number,Date of Crash,Month of Crash,Day of Week,Time of Crash,Hour,DOT District,City Name,County Name,Route with System,Location Description,First Harmful Event,Location of First Harmful Event,Manner of Crash/Collision,Major Cause,Drug or Alcohol ,Environmental Conditions,Light Conditions,Surface Conditions,Weather Conditions,Roadway Contribution,Roadway Type,Roadway Surface,Work Zone,Crash Severity,Number of Fatalities,Number of Injuries,Number of Major Injuries,Number of Minor Injuries,Number of Possible Injuries,Number of Unknown Injuries,Amount of Property Damage,Number of Vehicles Involved,Total Number of Occupants,Travel Direction,Location
2014782095,14-150120-01,01/20/2014,01-January,2-Monday,18:50,1800 Hours,District 6 (East Central),,IOWA,,Co Rd W20/G ST,Collision with fixed object:  Utility pole/light support,On Roadway,Non-collision (single vehicle),Ran off road - straight,None Indicated,,Dark - roadway lighted,Snow,"Blowing sand, soil, dirt","Surface condition (e.g., wet, icy)",Non-intersection:  Non-junction/no special feature,Paved,,Property Damage Only,0,0,0,0,0,0,6000,1,1,,POINT (-91.935731499981 41.803069441638)
2014781443,14-000079,01/20/2014,01-January,2-Monday,18:17,1800 Hours,District 1 (Central),AMES,STORY,,HYLAND AVE & PAMMEL DR,Collision with:  Vehicle in traffic,On Roadway,Rear-end (front to rear),Driving too fast for conditions,None Indicated,,Dark - roadway lighted,Wet,Snow,"Surface condition (e.g., wet, icy)",Non-intersection:  Non-junction/no special feature,Paved,,Possible/Unknown,0,1,0,0,1,0,2500,3,5,,POINT (-93.655682330093 42.029603406139)
2014780539,14-1944,01/20/2014,01-January,2-Monday,11:06,1100 Hours,District 3 (Northwest),SIOUX CITY,WOODBURY,I-29,I-29,Collision with:  Vehicle in traffic,On Roadway,Rear-end (front to rear),Swerving/Evasive Action,None Indicated,,Daylight,Dry,Cloudy,None apparent,Non-intersection:  Non-junction/no special feature,Paved,,Property Damage Only,0,0,0,0,0,0,3300,4,4,,POINT (-96.405333245344 42.488948385768)
2014807879,CP14-0052,01/20/2014,01-January,2-Monday,16:01,1600 Hours,District 2 (Northeast),CLARION,WRIGHT,,2ND AVE NE & 11TH ST NE,Collision with:  Vehicle in traffic,On Roadway,"Sideswipe, opposite direction",Driving too fast for conditions,None Indicated,,Daylight,Ice/frost,Snow,None apparent,Non-intersection:  Non-junction/no special feature,Paved,,Property Damage Only,0,0,0,0,0,0,5700,2,3,,POINT (-93.718326773535 42.733668809329)
2014781243,,01/20/2014,01-January,2-Monday,16:13,1600 Hours,District 2 (Northeast),FLOYD,FLOYD,US 18,US 18,Non-collision events:  Overturn/rollover,Median,Non-collision (single vehicle),Swerving/Evasive Action,None Indicated,,Dusk,Ice/frost,Snow,"Surface condition (e.g., wet, icy)",Non-intersection:  Non-junction/no special feature,Paved,,Property Damage Only,0,0,0,0,0,0,2000,1,1,,POINT (-92.746217676881 43.126195504318)
2014781488,14-006509,01/20/2014,01-January,2-Monday,16:24,1600 Hours,District 2 (Northeast),,BLACK HAWK,US 20,US 20,Collision with:  Vehicle in traffic,On Roadway,"Sideswipe, same direction",Driving too fast for conditions,None Indicated,,Dusk,Ice/frost,Snow,"Surface condition (e.g., wet, icy)",Non-intersection:  Non-junction/no special feature,Paved,,Property Damage Only,0,0,0,0,0,0,8500,2,3,,POINT (-92.127095376542 42.449619547041)
2014781452,201404244,01/20/2014,01-January,2-Monday,14:45,1400 Hours,District 2 (Northeast),SHELL ROCK,BUTLER,IA 3,IA 3/IOWA 3,Collision with:  Vehicle in traffic,On Roadway,Head-on (front to front),Crossed centerline (undivided),None Indicated,,Daylight,Snow,Snow,"Surface condition (e.g., wet, icy)",Non-intersection:  Non-junction/no special feature,Paved,,Property Damage Only,0,0,0,0,0,0,5800,2,3,,POINT (-92.567462505161 42.714914354515)
2014780999,P14-000869,01/20/2014,01-January,2-Monday,15:30,1500 Hours,District 1 (Central),WEBSTER CITY,HAMILTON,,2ND ST,Collision with:  Parked motor vehicle,Outside trafficway,Rear-end (front to rear),FTYROW:  From parked position,None Indicated,,Daylight,Wet,Snow,None apparent,Non-intersection:  Non-junction/no special feature,Paved,,Property Damage Only,0,0,0,0,0,0,2000,2,1,,POINT (-93.816261888781 42.469381518151)
2014782889,,01/20/2014,01-January,2-Monday,22:35,2200 Hours,District 2 (Northeast),CEDAR FALLS,BLACK HAWK,,JENNINGS DR,Collision with:  Vehicle in traffic,On Roadway,"Sideswipe, opposite direction",Crossed centerline (undivided),None Indicated,,Dark - roadway lighted,Ice/frost,Snow,"Surface condition (e.g., wet, icy)",Non-intersection:  Non-junction/no special feature,Paved,,Property Damage Only,0,0,0,0,0,0,3700,2,4,,POINT (-92.456749312825 42.509653848683)
2014780982,01-14-2960,01/20/2014,01-January,2-Monday,20:55,2000 Hours,District 6 (East Central),DUBUQUE,DUBUQUE,,JOHN F KENNEDY RD,Collision with fixed object:  Traffic sign support,Roadside,Non-collision (single vehicle),Swerving/Evasive Action,None Indicated,,Dark - roadway lighted,Slush,Snow,"Surface condition (e.g., wet, icy)",Non-intersection:  Non-junction/no special feature,Paved,,Property Damage Only,0,0,0,0,0,0,2100,1,2,,POINT (-90.720841013766 42.520449118553)
2014780328,2014-0236,01/20/2014,01-January,2-Monday,19:15,1900 Hours,District 4 (Southwest),WAUKEE,DALLAS,,ALICES RD,Collision with fixed object:  Utility pole/light support,On Roadway,Non-collision (single vehicle),Ran off road - right,None Indicated,,Dark - roadway lighted,Snow,Snow,"Surface condition (e.g., wet, icy)",Non-intersection:  Non-junction/no special feature,Paved,,Property Damage Only,0,0,0,0,0,0,2000,1,1,,POINT (-93.852834352942 41.624261479286)
2014780760,201400201,01/20/2014,01-January,2-Monday,07:20,0700 Hours,District 6 (East Central),SPRINGVILLE,LINN,US 151,US 151/DUBUQUE RD & Co Rd X20/SPRINGVILLE RD,Collision with:  Vehicle in traffic,On Roadway,"Angle, oncoming left turn",FTYROW:  From yield sign,None Indicated,,Dawn,Dry,Cloudy,None apparent,Intersection:  Four-way intersection,Paved,,Minor Injury,0,2,0,2,0,0,9000,2,3,,POINT (-91.4432873182 42.049468667527)
2014780832,14-0137,01/20/2014,01-January,2-Monday,12:09,1200 Hours,District 1 (Central),URBANDALE,POLK,,DOUGLAS PKWY & 128TH ST,Collision with:  Vehicle in traffic,On Roadway,Broadside (front to side),Ran Traffic Signal,None Indicated,,Daylight,Dry,Clear,None apparent,Intersection:  Four-way intersection,Paved,,Possible/Unknown,0,2,0,0,2,0,5500,2,4,,POINT (-93.793598885501 41.628612810014)
2014781316,02-14-1232,01/20/2014,01-January,2-Monday,17:04,1700 Hours,District 6 (East Central),CASCADE,DUBUQUE,,1ST AVE W,Collision with:  Vehicle in traffic,On Roadway,"Sideswipe, same direction",Unknown,None Indicated,,Dusk,Snow,Snow,"Surface condition (e.g., wet, icy)",Non-intersection:  Non-junction/no special feature,Paved,,Property Damage Only,0,0,0,0,0,0,4000,2,1,,POINT (-91.015472089612 42.298371936479)
2014782339,2014004340,01/20/2014,01-January,2-Monday,20:35,2000 Hours,District 6 (East Central),,IOWA,I-80,I-80,Collision with fixed object:  Utility pole/light support,On Roadway,Non-collision (single vehicle),Ran off road - right,None Indicated,,Dark - roadway lighted,Snow,Snow,"Surface condition (e.g., wet, icy)",Non-intersection:  Non-junction/no special feature,Paved,,Property Damage Only,0,0,0,0,0,0,12642,1,1,,POINT (-91.91953820297 41.68776525414)
2014785621,2014-4561,01/20/2014,01-January,2-Monday,17:27,1700 Hours,District 6 (East Central),DAVENPORT,SCOTT,,E 53RD ST,Collision with:  Vehicle in traffic,On Roadway,Rear-end (front to rear),Other (explain in narrative):  Other,None Indicated,,Dark - roadway lighted,Wet,Cloudy,None apparent,Non-intersection:  Other non-intersection (explain in narrative),Paved,,Property Damage Only,0,0,0,0,0,0,1700,2,4,,POINT (-90.523767345659 41.574810384278)
2014780880,2014-4572,01/20/2014,01-January,2-Monday,18:50,1800 Hours,District 6 (East Central),DAVENPORT,SCOTT,US 6,US 6/W KIMBERLY RD & N PINE ST,Collision with:  Vehicle in traffic,On Roadway,Broadside (front to side),Ran Traffic Signal,None Indicated,,Dark - roadway lighted,Slush,Snow,Traffic control obscured,Intersection:  Four-way intersection,Paved,,Minor Injury,0,2,0,1,1,0,12000,2,2,,POINT (-90.610293119347 41.560124617184)
2014780763,201400207,01/20/2014,01-January,2-Monday,20:07,2000 Hours,District 6 (East Central),HIAWATHA,LINN,I-380,I-380,Non-collision events:  Other non-collision (explain in narrative),Outside trafficway,Non-collision (single vehicle),Driving too fast for conditions,None Indicated,,Dark - roadway not lighted,Ice/frost,Snow,"Surface condition (e.g., wet, icy)",Non-intersection:  Non-junction/no special feature,Paved,,Property Damage Only,0,0,0,0,0,0,2500,1,2,,POINT (-91.701211262092 42.079831869213)
2014780387,201400589,01/20/2014,01-January,2-Monday,17:15,1700 Hours,District 1 (Central),MARSHALLTOWN,MARSHALL,,GOVERNOR RD & E SOUTHRIDGE RD,Collision with:  Vehicle in traffic,On Roadway,"Sideswipe, opposite direction",Driving too fast for conditions,None Indicated,,Dark - roadway lighted,Slush,Snow,"Surface condition (e.g., wet, icy)",Non-intersection:  Non-junction/no special feature,Paved,,Property Damage Only,0,0,0,0,0,0,1600,2,3,,POINT (-92.893325910069 42.018033770423)
2014780301,W14-006550,01/20/2014,01-January,2-Monday,17:24,1700 Hours,District 2 (Northeast),WATERLOO,BLACK HAWK,US 63,US 63/W MULLAN AVE,Collision with:  Vehicle in traffic,On Roadway,Rear-end (front to rear),Driving too fast for conditions,None Indicated,,Dark - roadway lighted,Snow,Snow,"Surface condition (e.g., wet, icy)",Non-intersection:  Non-junction/no special feature,Paved,,Major Injury,0,1,1,0,0,0,1200,2,2,,POINT (-92.344607777268 42.499007892461)
2014781539,14-02184,01/20/2014,01-January,2-Monday,21:00,2100 Hours,District 5 (Southeast),MEDIAPOLIS,DES MOINES,US 61,US 61,Collision with fixed object:  Ditch,Roadside,Non-collision (single vehicle),Driving too fast for conditions,None Indicated,,Dark - roadway lighted,Snow,Snow,"Surface condition (e.g., wet, icy)",Non-intersection:  Non-junction/no special feature,Paved,,Property Damage Only,0,0,0,0,0,0,1500,1,1,,POINT (-91.170008087463 41.005937178248)
2014781448,2014004300,01/20/2014,01-January,2-Monday,19:13,1900 Hours,District 4 (Southwest),,DALLAS,I-80,I-80,Collision with fixed object:  Guardrail - face,On Roadway,Non-collision (single vehicle),Driving too fast for conditions,None Indicated,,Dark - roadway not lighted,Ice/frost,Snow,"Surface condition (e.g., wet, icy)",Non-intersection:  Non-junction/no special feature,Paved,,Property Damage Only,0,0,0,0,0,0,16200,1,1,,POINT (-93.879575771752 41.562991293859)
2014780730,P14-000858,01/20/2014,01-January,2-Monday,07:53,0700 Hours,District 1 (Central),WEBSTER CITY,HAMILTON,,WATER ST & SENECA ST,Collision with:  Vehicle in traffic,On Roadway,Broadside (front to side),FTYROW:  At uncontrolled intersection,None Indicated,,Daylight,Ice/frost,Cloudy,"Surface condition (e.g., wet, icy)",Intersection:  Four-way intersection,Paved,,Property Damage Only,0,0,0,0,0,0,3200,2,2,,POINT (-93.817110554382 42.465421903442)
2014780371,2014000650,01/20/2014,01-January,2-Monday,13:29,1300 Hours,District 6 (East Central),IOWA CITY,JOHNSON,,OAKCREST AVE & SUNSET ST,Collision with:  Vehicle in traffic,On Roadway,Rear-end (front to rear),Followed too close,None Indicated,,Daylight,Dry,Cloudy,None apparent,Intersection:  Four-way intersection,Paved,,Property Damage Only,0,0,0,0,0,0,2100,2,8,,POINT (-91.559505185262 41.651805651924)
2014780787,2014000588,01/20/2014,01-January,2-Monday,17:14,1700 Hours,District 1 (Central),MARSHALLTOWN,MARSHALL,,ROBERTS TER & S 6TH ST,Collision with:  Vehicle in traffic,On Roadway,Head-on (front to front),Crossed centerline (undivided),None Indicated,,Daylight,Snow,Snow,"Surface condition (e.g., wet, icy)",Intersection:  Four-way intersection,Paved,,Major Injury,0,2,1,1,0,0,25800,3,6,,POINT (-92.922045463669 42.019876207405)
2014844651,ACSO-14-0173,01/20/2014,01-January,2-Monday,18:40,1800 Hours,District 2 (Northeast),,ALLAMAKEE,,WHEATLAND RD,Collision with fixed object:  Ditch,On Roadway,Non-collision (single vehicle),Ran off road - right,None Indicated,,Dark - roadway not lighted,Ice/frost,Clear,"Surface condition (e.g., wet, icy)",Non-intersection:  Non-junction/no special feature,Unpaved,,Minor Injury,0,1,0,1,0,0,10000,1,1,,POINT (-91.394194790907 43.43844921911)
2014780325,CL14000191,01/20/2014,01-January,2-Monday,19:53,1900 Hours,District 6 (East Central),CLINTON,CLINTON,,S BLUFF BLVD & COLLEGE AVE,Collision with:  Vehicle in traffic,On Roadway,Rear-end (front to rear),Followed too close,None Indicated,,Dark - roadway lighted,Snow,Snow,None apparent,Intersection:  T-intersection,Paved,,Property Damage Only,0,0,0,0,0,0,2500,2,3,,POINT (-90.226683073517 41.832761662336)
2014781613,14-001510,01/20/2014,01-January,2-Monday,19:00,1900 Hours,District 5 (Southeast),,MAHASKA,,135TH ST & KENT AVE,Collision with:  Animal,Roadside,Non-collision (single vehicle),Animal,None Indicated,,Dark - roadway not lighted,"Mud, dirt",Cloudy,None apparent,Intersection:  Four-way intersection,Unpaved,,Property Damage Only,0,0,0,0,0,0,3100,1,1,,POINT (-92.670756693924 41.458767963845)
2014780605,14006633,01/20/2014,01-January,2-Monday,21:21,2100 Hours,District 2 (Northeast),CEDAR FALLS,BLACK HAWK,,BARNETT DR,Collision with fixed object:  Utility pole/light support,Shoulder,Non-collision (single vehicle),Driving too fast for conditions,None Indicated,,Dark - roadway lighted,Ice/frost,Snow,"Surface condition (e.g., wet, icy)",Non-intersection:  Non-junction/no special feature,Paved,,Property Damage Only,0,0,0,0,0,0,4000,1,1,,POINT (-92.475973431528 42.533932976201)
2014782356,2014004305,01/20/2014,01-January,2-Monday,19:45,1900 Hours,District 6 (East Central),,JOHNSON,I-80,I-80,Collision with fixed object:  Guardrail - face,Median,Non-collision (single vehicle),Ran off road - left,None Indicated,,Dark - roadway not lighted,Snow,Snow,"Surface condition (e.g., wet, icy)",Non-intersection:  Non-junction/no special feature,Paved,,Property Damage Only,0,0,0,0,0,0,3000,1,1,,POINT (-91.36838180102 41.666580046798)
2014783102,14-000278,01/20/2014,01-January,2-Monday,11:02,1100 Hours,District 1 (Central),AMES,STORY,US 30,US 30/NE RAMP CURV/SPECIAL CASE & US 69/S DUFF AVE,Collision with:  Vehicle in traffic,On Roadway,Rear-end (front to rear),Followed too close,None Indicated,,Daylight,Dry,Cloudy,None apparent,Non-intersection:  Non-junction/no special feature,Paved,,Property Damage Only,0,0,0,0,0,0,3500,2,2,,POINT (-93.610033901064 42.005888575239)
2014780385,2014000587,01/20/2014,01-January,2-Monday,17:07,1700 Hours,District 1 (Central),MARSHALLTOWN,MARSHALL,,S 3RD AVE,Collision with:  Vehicle in traffic,On Roadway,Head-on (front to front),Unknown,None Indicated,,Daylight,Snow,Snow,"Surface condition (e.g., wet, icy)",Non-intersection:  Non-junction/no special feature,Paved,,Property Damage Only,0,0,0,0,0,0,5300,2,2,,POINT (-92.905379044434 42.018602749295)
2014780924,,01/20/2014,01-January,2-Monday,15:20,1500 Hours,District 2 (Northeast),HUMBOLDT,HUMBOLDT,US 169,US 169/13TH ST N & IA 3/10TH AVE N,Collision with:  Vehicle in traffic,On Roadway,Broadside (front to side),Driving too fast for conditions,None Indicated,,Daylight,Slush,Snow,"Surface condition (e.g., wet, icy)",Intersection:  Four-way intersection,Paved,,Property Damage Only,0,0,0,0,0,0,10600,2,2,,POINT (-94.227070514401 42.731815288209)
2014781584,C14000234,01/21/2014,01-January,3-Tuesday,17:49,1700 Hours,District 6 (East Central),CORALVILLE,JOHNSON,US 6,US 6/2ND ST & 25TH AVE,Collision with:  Vehicle in traffic,On Roadway,Rear-end (front to rear),Followed too close,None Indicated,,Dusk,Ice/frost,Cloudy,"Surface condition (e.g., wet, icy)",Intersection:  Four-way intersection,Paved,,Property Damage Only,0,0,0,0,0,0,3100,2,4,,POINT (-91.603637171022 41.685765848929)
2014780894,201400003435,01/21/2014,01-January,3-Tuesday,08:44,0800 Hours,District 5 (Southeast),OTTUMWA,WAPELLO,IA 149,IA 149/IOWA 149 & BONITA AVE,Collision with:  Vehicle in traffic,On Roadway,"Sideswipe, same direction",Driving too fast for conditions,None Indicated,,Daylight,Snow,Cloudy,None apparent,Non-intersection:  Non-junction/no special feature,Paved,,Property Damage Only,0,0,0,0,0,0,2500,2,2,,POINT (-92.409868533297 41.056068847127)
2014780397,01-14-229,01/21/2014,01-January,3-Tuesday,06:38,0600 Hours,District 3 (Northwest),LE MARS,PLYMOUTH,,HAWKEYE AVE & 6TH AVE SW,Collision with:  Vehicle in traffic,On Roadway,Rear-end (front to rear),Driving too fast for conditions,None Indicated,,Dark - roadway lighted,Ice/frost,Cloudy,"Surface condition (e.g., wet, icy)",Intersection:  Four-way intersection,Paved,,Possible/Unknown,0,1,0,0,1,0,7000,2,2,,POINT (-96.175342249629 42.785944616191)
2014781015,C14000222,01/21/2014,01-January,3-Tuesday,10:09,1000 Hours,District 6 (East Central),CORALVILLE,JOHNSON,US 6,US 6/2ND ST & 1ST AVE,Collision with:  Vehicle in traffic,On Roadway,Rear-end (front to rear),Other (explain in narrative):  Other,None Indicated,,Daylight,Ice/frost,Clear,"Surface condition (e.g., wet, icy)",Intersection:  Four-way intersection,Paved,,Property Damage Only,0,0,0,0,0,0,2500,2,3,,POINT (-91.565751493703 41.669050868352)
2014781004,14-328,01/21/2014,01-January,3-Tuesday,06:57,0600 Hours,District 3 (Northwest),,IDA,US 20,US 20,Collision with fixed object:  Ditch,On Roadway,Non-collision (single vehicle),Crossed centerline (undivided),None Indicated,,Dark - roadway not lighted,Ice/frost,Clear,"Surface condition (e.g., wet, icy)",Non-intersection:  Non-junction/no special feature,Paved,,Major Injury,0,1,1,0,0,0,2100,1,1,,POINT (-95.47011652637 42.474814293858)
2014780848,14-0347,01/21/2014,01-January,3-Tuesday,06:25,0600 Hours,District 1 (Central),WEST DES MOINES,POLK,I-235,I-235,Collision with:  Vehicle in traffic,On Roadway,"Sideswipe, same direction",Lost Control,None Indicated,,Dark - roadway lighted,Snow,Clear,"Surface condition (e.g., wet, icy)",Interchange-related:  On-ramp merge area,Paved,,Property Damage Only,0,0,0,0,0,0,6500,2,2,,POINT (-93.776187012623 41.592189566656)
2014781846,14-000873,01/21/2014,01-January,3-Tuesday,10:03,1000 Hours,District 3 (Northwest),SPENCER,CLAY,,11TH AVE W,Collision with:  Vehicle in traffic,On Roadway,Rear-end (front to rear),Driving too fast for conditions,None Indicated,,Daylight,Ice/frost,Cloudy,"Surface condition (e.g., wet, icy)",Non-intersection:  Non-junction/no special feature,Paved,,Property Damage Only,0,0,0,0,0,0,5500,2,2,,POINT (-95.160315105664 43.142160541877)
2014781759,2014004417,01/21/2014,01-January,3-Tuesday,06:25,0600 Hours,District 6 (East Central),,CEDAR,I-80,I-80,Collision with:  Vehicle in traffic,On Roadway,Rear-end (front to rear),Driving too fast for conditions,None Indicated,,Dark - roadway not lighted,Ice/frost,Cloudy,"Surface condition (e.g., wet, icy)",Non-intersection:  Non-junction/no special feature,Paved,,Minor Injury,0,2,0,1,1,0,37200,6,7,,POINT (-91.322341089902 41.663809494099)
2014780847,13-0363,01/21/2014,01-January,3-Tuesday,11:30,1100 Hours,District 4 (Southwest),WEST DES MOINES,DALLAS,,WISTFUL VISTA DR & 68TH ST,Collision with:  Vehicle in traffic,On Roadway,Broadside (front to side),Unknown,None Indicated,,Daylight,Ice/frost,Clear,None apparent,Intersection:  Four-way intersection,Paved,,Possible/Unknown,0,1,0,0,1,0,23000,2,3,,POINT (-93.799904290646 41.568590203148)
2014782520,,01/21/2014,01-January,3-Tuesday,22:59,2200 Hours,District 2 (Northeast),CHARLES CITY,FLOYD,US 18,US 18,Collision with:  Animal,On Roadway,Non-collision (single vehicle),Animal,None Indicated,,Dark - roadway not lighted,Dry,Clear,None apparent,Non-intersection:  Non-junction/no special feature,Paved,,Possible/Unknown,0,1,0,0,1,0,8500,1,2,,POINT (-92.5630791038 43.067011726975)
2014783569,1401210447,01/21/2014,01-January,3-Tuesday,04:47,0400 Hours,District 6 (East Central),,JONES,US 151,US 151,Non-collision events:  Other non-collision (explain in narrative),On Roadway,Non-collision (single vehicle),Swerving/Evasive Action,None Indicated,,Dark - roadway not lighted,Ice/frost,"Blowing sand, soil, dirt",None apparent,Non-intersection:  Non-junction/no special feature,Paved,,Property Damage Only,0,0,0,0,0,0,7000,1,2,,POINT (-91.152277962927 42.260835084488)
2014781047,14001389,01/21/2014,01-January,3-Tuesday,05:49,0500 Hours,District 6 (East Central),MARION,LINN,,35TH ST,Collision with:  Vehicle in traffic,On Roadway,Rear-end (front to rear),FTYROW:  From driveway,None Indicated,,Dark - roadway lighted,Snow,Clear,None apparent,Non-intersection:  Driveway access (within),Paved,,Property Damage Only,0,0,0,0,0,0,7300,2,2,,POINT (-91.574318263936 42.028583623215)
2014780433,14-0342,01/21/2014,01-January,3-Tuesday,00:32,0000 Hours,District 1 (Central),WEST DES MOINES,POLK,IA 5,IA 5/SE RAMP,Collision with fixed object:  Ditch,On Roadway,Non-collision (single vehicle),Driving too fast for conditions,None Indicated,,Dark - roadway lighted,Ice/frost,Cloudy,"Surface condition (e.g., wet, icy)",Interchange-related:  On-ramp merge area,Paved,,Property Damage Only,0,0,0,0,0,0,7000,1,1,,POINT (-93.715801687896 41.517388601425)
2014780870,14-002659,01/21/2014,01-January,3-Tuesday,14:10,1400 Hours,District 4 (Southwest),COUNCIL BLUFFS,POTTAWATTAMIE,I-29,I-29,Collision with:  Vehicle in traffic,On Roadway,"Sideswipe, same direction",Ran off road - right,None Indicated,,Daylight,Dry,Clear,None apparent,Non-intersection:  Non-junction/no special feature,Paved,,Possible/Unknown,0,1,0,0,1,0,2000,2,2,,POINT (-95.906813858311 41.249266121273)
2014780859,14-0368,01/21/2014,01-January,3-Tuesday,13:45,1300 Hours,District 1 (Central),WEST DES MOINES,POLK,I-35,I-35,Non-collision events:  Other non-collision (explain in narrative),Shoulder,Non-collision (single vehicle),Ran off road - left,None Indicated,,Daylight,Ice/frost,Cloudy,"Surface condition (e.g., wet, icy)",Non-intersection:  Non-junction/no special feature,Paved,,Property Damage Only,0,0,0,0,0,0,15000,1,1,,POINT (-93.776645347499 41.558346287184)
2014780762,201400212,01/21/2014,01-January,3-Tuesday,09:00,0900 Hours,District 6 (East Central),CENTER POINT,LINN,,LEWIS ACCESS RD & FORD LN,Collision with:  Vehicle in traffic,On Roadway,Broadside (front to side),FTYROW:  From stop sign,None Indicated,,Daylight,Ice/frost,Clear,"Surface condition (e.g., wet, icy)",Intersection:  T-intersection,Paved,,Property Damage Only,0,0,0,0,0,0,2500,2,3,,POINT (-91.774764507186 42.177737268298)
2014780844,14-0351,01/21/2014,01-January,3-Tuesday,07:20,0700 Hours,District 4 (Southwest),WEST DES MOINES,DALLAS,,STAGECOACH DR & MILLS CIVIC PKWY,Collision with:  Vehicle in traffic,On Roadway,Rear-end (front to rear),Lost Control,None Indicated,,Daylight,Ice/frost,Cloudy,"Surface condition (e.g., wet, icy)",Intersection:  Four-way intersection,Paved,,Property Damage Only,0,0,0,0,0,0,2500,2,3,,POINT (-93.794256905826 41.559919345932)
2014780986,01-14-2991,01/21/2014,01-January,3-Tuesday,07:52,0700 Hours,District 6 (East Central),DUBUQUE,DUBUQUE,US 52,US 52/CENTRAL AVE & W 15TH ST & E 15TH ST,Collision with:  Vehicle in traffic,On Roadway,"Sideswipe, same direction",FTYROW:  Other (explain in narrative),None Indicated,,Daylight,Snow,Clear,None apparent,Non-intersection:  Non-junction/no special feature,Paved,,Property Damage Only,0,0,0,0,0,0,1700,2,2,,POINT (-90.66819773137 42.507160447911)
2014781996,,01/21/2014,01-January,3-Tuesday,15:28,1500 Hours,District 6 (East Central),CASCADE,DUBUQUE,,1ST AVE E & WASHINGTON ST SE,Collision with:  Vehicle in traffic,On Roadway,Unknown,Swerving/Evasive Action,None Indicated,,Daylight,Snow,Other (explain in narrative),"Surface condition (e.g., wet, icy)",Non-intersection:  Non-junction/no special feature,Paved,,Property Damage Only,0,0,0,0,0,0,4000,2,4,,POINT (-90.999303709554 42.304052642615)
2014785624,2014-4770,01/21/2014,01-January,3-Tuesday,18:23,1800 Hours,District 6 (East Central),DAVENPORT,SCOTT,,W 16TH ST & WARREN ST,Collision with:  Vehicle in traffic,On Roadway,Broadside (front to side),Ran Stop Sign,None Indicated,,Dark - roadway lighted,Snow,Cloudy,"Surface condition (e.g., wet, icy)",Intersection:  Other intersection (explain in narrative),Paved,,Property Damage Only,0,0,0,0,0,0,2000,2,2,,POINT (-90.58575236846 41.536150005907)
2014780767,14001404,01/21/2014,01-January,3-Tuesday,13:00,1300 Hours,District 6 (East Central),MARION,LINN,,7TH AVE & 10TH AVE & 35TH ST,Collision with:  Vehicle in traffic,On Roadway,Rear-end (front to rear),Driving too fast for conditions,None Indicated,,Daylight,Snow,Cloudy,"Surface condition (e.g., wet, icy)",Intersection:  Four-way intersection,Paved,,Property Damage Only,0,0,0,0,0,0,6500,2,2,,POINT (-91.574322520288 42.035959853676)
2014781087,14-0147,01/21/2014,01-January,3-Tuesday,06:52,0600 Hours,District 1 (Central),URBANDALE,POLK,US 6,US 6/HICKMAN RD,Collision with:  Vehicle in traffic,On Roadway,Rear-end (front to rear),Followed too close,None Indicated,,Dark - roadway lighted,Snow,Cloudy,None apparent,Intersection:  Four-way intersection,Paved,,Property Damage Only,0,0,0,0,0,0,4500,2,2,,POINT (-93.79121055334 41.614920376529)
2014781803,,01/21/2014,01-January,3-Tuesday,17:32,1700 Hours,District 6 (East Central),MARENGO,IOWA,,EASTERN AVE,Collision with fixed object:  Ditch,Outside trafficway,Non-collision (single vehicle),Ran Stop Sign,Refused,,Dark - roadway lighted,Ice/frost,Cloudy,"Surface condition (e.g., wet, icy)",Intersection:  Four-way intersection,Paved,,Property Damage Only,0,0,0,0,0,0,1500,1,1,,POINT (-92.064766754186 41.790267919697)
2014780413,20140001874,01/21/2014,01-January,3-Tuesday,10:45,1000 Hours,District 1 (Central),DES MOINES,POLK,,UNIVERSITY AVE & 38TH ST,Collision with:  Vehicle in traffic,On Roadway,"Sideswipe, opposite direction",Made improper turn,None Indicated,,Daylight,Wet,Cloudy,None apparent,Non-intersection:  Non-junction/no special feature,Paved,,Property Damage Only,0,0,0,0,0,0,4500,2,3,,POINT (-93.668202001177 41.600307869601)
2014811521,14000926,01/21/2014,01-January,3-Tuesday,08:10,0800 Hours,District 5 (Southeast),CENTERVILLE,APPANOOSE,,E WALL ST & S 16TH ST,Collision with:  Vehicle in traffic,On Roadway,Broadside (front to side),Ran Stop Sign,None Indicated,,Daylight,Snow,Clear,"Surface condition (e.g., wet, icy)",Intersection:  Four-way intersection,Paved,,Property Damage Only,0,0,0,0,0,0,1900,2,2,,POINT (-92.870119147519 40.727763009151)
2014792319,2014-000353,01/21/2014,01-January,3-Tuesday,07:44,0700 Hours,District 6 (East Central),,BENTON,IA 150,IA 150/55 ST,Collision with:  Vehicle in traffic,On Roadway,Head-on (front to front),Crossed centerline (undivided),None Indicated,,Daylight,Snow,Cloudy,"Surface condition (e.g., wet, icy)",Non-intersection:  Non-junction/no special feature,Paved,,Minor Injury,0,2,0,1,1,0,15000,3,3,,POINT (-91.984428771266 42.224762119087)