Iowa DOT Case Number,Law Enforcement Case Number,Date of Crash,Month of Crash,Day of Week,Time of Crash,Hour,DOT District,City Name,County Name,Route with System,Location Description,First Harmful Event,Location of First Harmful Event,Manner of Crash/Collision,Major Cause,Drug or Alcohol ,Environmental Conditions,Light Conditions,Surface Conditions,Weather Conditions,Roadway Contribution,Roadway Type,Roadway Surface,Work Zone,Crash Severity,Number of Fatalities,Number of Injuries,Number of Major Injuries,Number of Minor Injuries,Number of Possible Injuries,Number of Unknown Injuries,Amount of Property Damage,Number of Vehicles Involved,Total Number of Occupants,Travel Direction,Location
2014781154,14-2037,01/21/2014,01-January,3-Tuesday,09:58,0900 Hours,District 3 (Northwest),SIOUX CITY,WOODBURY,,10TH ST & PIERCE ST,Collision with:  Vehicle in traffic,On Roadway,Broadside (front to side),Ran Stop Sign,None Indicated,,Daylight,Dry,Clear,None apparent,Intersection:  Four-way intersection,Paved,,Property Damage Only,0,0,0,0,0,0,14500,2,3,,POINT (-96.405012725417 42.500744785179)
2014781041,201401048,01/21/2014,01-January,3-Tuesday,15:18,1500 Hours,District 6 (East Central),CEDAR RAPIDS,LINN,,J AVE NE & 17TH ST NE & ELMHURST DR NE,Collision with:  Vehicle in traffic,On Roadway,Broadside (front to side),Ran Stop Sign,None Indicated,,Daylight,Ice/frost,Cloudy,"Surface condition (e.g., wet, icy)",Intersection:  Four-way intersection,Paved,,Possible/Unknown,0,1,0,0,1,0,8000,2,6,,POINT (-91.654298567242 41.999359959172)
2014780852,14-0354,01/21/2014,01-January,3-Tuesday,08:45,0800 Hours,District 1 (Central),WEST DES MOINES,POLK,I-35,I-35 & I-80 & I-235,Collision with:  Vehicle in traffic,On Roadway,"Sideswipe, same direction",Driving too fast for conditions,None Indicated,,Daylight,Ice/frost,Cloudy,"Surface condition (e.g., wet, icy)",Non-intersection:  Other non-intersection (explain in narrative),Paved,,Possible/Unknown,0,1,0,0,1,0,8000,2,4,,POINT (-93.777303087662 41.592209047302)
2014780988,01-14-3024,01/21/2014,01-January,3-Tuesday,12:38,1200 Hours,District 6 (East Central),DUBUQUE,DUBUQUE,,W 8TH ST & BLUFF ST,Non-collision events:  Other non-collision (explain in narrative),Outside trafficway,"Sideswipe, same direction",Lost Control,None Indicated,,Daylight,Snow,Cloudy,"Surface condition (e.g., wet, icy)",Non-intersection:  Non-junction/no special feature,Paved,,Property Damage Only,0,0,0,0,0,0,6000,2,1,,POINT (-90.66930590229 42.500266997897)
2014780474,2014-4667,01/21/2014,01-January,3-Tuesday,07:46,0700 Hours,District 6 (East Central),DAVENPORT,SCOTT,,IA 461/HARRISON ST & W 4TH ST,Collision with:  Vehicle in traffic,On Roadway,Broadside (front to side),Ran Traffic Signal,None Indicated,,Daylight,Slush,Clear,"Surface condition (e.g., wet, icy)",Intersection:  Four-way intersection,Paved,,Property Damage Only,0,0,0,0,0,0,3500,2,2,,POINT (-90.577029456748 41.523537581881)
2014786941,2014004432,01/21/2014,01-January,3-Tuesday,07:12,0700 Hours,District 3 (Northwest),,MONONA,I-29,I-29,Collision with:  Vehicle in traffic,On Roadway,Rear-end (front to rear),Exceeded authorized speed,None Indicated,,Dawn,Dry,Cloudy,None apparent,Non-intersection:  Non-junction/no special feature,Paved,,Minor Injury,0,2,0,2,0,0,36500,2,2,,POINT (-96.15997222316 42.060533098344)
2014781802,,01/21/2014,01-January,3-Tuesday,08:51,0800 Hours,District 6 (East Central),SOLON,JOHNSON,IA 1,IA 1/S MARKET ST/N MARKET ST & E MAIN ST,Collision with:  Vehicle in traffic,On Roadway,Broadside (front to side),Driving too fast for conditions,None Indicated,,Daylight,Ice/frost,Clear,"Surface condition (e.g., wet, icy)",Intersection:  Four-way intersection,Paved,,Property Damage Only,0,0,0,0,0,0,2300,2,4,,POINT (-91.492961910925 41.807192088062)
2014781616,2014000603,01/21/2014,01-January,3-Tuesday,09:23,0900 Hours,District 1 (Central),MARSHALLTOWN,MARSHALL,IA 14,IA 14/S CENTER ST,Collision with:  Vehicle in traffic,On Roadway,"Sideswipe, same direction",Lost Control,None Indicated,,Daylight,Ice/frost,Cloudy,None apparent,Intersection:  Four-way intersection,Paved,,Possible/Unknown,0,1,0,0,1,0,6000,2,3,,POINT (-92.912568279642 42.025462497277)
2014780334,14-02244,01/21/2014,01-January,3-Tuesday,09:29,0900 Hours,District 5 (Southeast),BURLINGTON,DES MOINES,,HARRISON AVE & MADISON AVE,Collision with:  Vehicle in traffic,On Roadway,Broadside (front to side),Ran Stop Sign,None Indicated,,Daylight,Snow,Clear,"Surface condition (e.g., wet, icy)",Intersection:  Four-way intersection,Paved,,Possible/Unknown,0,1,0,0,1,0,5000,2,3,,POINT (-91.1074830661 40.789157059185)
2014782228,14-000485,01/21/2014,01-January,3-Tuesday,08:04,0800 Hours,District 4 (Southwest),PERRY,DALLAS,,LUCINDA ST & 16TH ST,Collision with:  Vehicle in traffic,On Roadway,Broadside (front to side),FTYROW:  From driveway,None Indicated,,Daylight,Dry,Clear,None apparent,Non-intersection:  Driveway access (within),Paved,,Property Damage Only,0,0,0,0,0,0,2750,2,3,,POINT (-94.087226641764 41.840241515466)
2014815494,,01/21/2014,01-January,3-Tuesday,07:45,0700 Hours,District 3 (Northwest),WALL LAKE,SAC,,1ST ST & MAIN ST,Collision with:  Vehicle in traffic,On Roadway,"Sideswipe, same direction",Unknown,None Indicated,,Daylight,Snow,Clear,None apparent,Intersection:  Four-way intersection,Paved,,Property Damage Only,0,0,0,0,0,0,2500,2,2,,POINT (-95.051685003075 42.303997901869)
2014781575,2014-0301,01/21/2014,01-January,3-Tuesday,17:56,1700 Hours,District 1 (Central),,HARDIN,,S AVE,Collision with:  Animal,,,Animal,None Indicated,,,,,,,Unpaved,,Property Damage Only,0,0,0,0,0,0,4000,1,1,,POINT (-93.137451449374 42.304341875578)
2014780940,W14-007001,01/21/2014,01-January,3-Tuesday,22:08,2200 Hours,District 2 (Northeast),WATERLOO,BLACK HAWK,US 218,US 218/WASHINGTON ST,Collision with:  Vehicle in traffic,On Roadway,"Sideswipe, same direction",Lost Control,None Indicated,,Dark - roadway not lighted,Ice/frost,Cloudy,"Surface condition (e.g., wet, icy)",Non-intersection:  Other non-intersection (explain in narrative),Paved,,Property Damage Only,0,0,0,0,0,0,2000,2,5,,POINT (-92.381152831427 42.511558042481)
2014780643,14000997,01/21/2014,01-January,3-Tuesday,06:35,0600 Hours,District 2 (Northeast),MASON CITY,CERRO GORDO,,S MONROE AVE,Collision with:  Vehicle in traffic,On Roadway,Rear-end (front to rear),Driving too fast for conditions,None Indicated,,Dark - roadway lighted,Ice/frost,Clear,"Surface condition (e.g., wet, icy)",Non-intersection:  Non-junction/no special feature,Paved,,Property Damage Only,0,0,0,0,0,0,1600,2,2,,POINT (-93.209133960029 43.141495052158)
2014781583,C14000232,01/21/2014,01-January,3-Tuesday,15:58,1500 Hours,District 6 (East Central),CORALVILLE,JOHNSON,I-80,I-80 & IA 965/CORAL RIDGE AVE & COMMERCE DR,Collision with:  Vehicle in traffic,On Roadway,Rear-end (front to rear),Followed too close,None Indicated,,Daylight,Ice/frost,Cloudy,"Surface condition (e.g., wet, icy)",Intersection:  Four-way intersection,Paved,,Property Damage Only,0,0,0,0,0,0,3000,2,2,,POINT (-91.608463777811 41.695966106141)
2014786503,,01/21/2014,01-January,3-Tuesday,07:34,0700 Hours,District 2 (Northeast),CLEAR LAKE,CERRO GORDO,US 18,US 18,Collision with:  Vehicle in traffic,On Roadway,Rear-end (front to rear),Driving too fast for conditions,None Indicated,,Daylight,Ice/frost,Cloudy,"Surface condition (e.g., wet, icy)",Non-intersection:  Non-junction/no special feature,Paved,,Property Damage Only,0,0,0,0,0,0,3200,2,2,,POINT (-93.394738656388 43.142617145887)
2014781781,2014004388,01/21/2014,01-January,3-Tuesday,05:00,0500 Hours,District 6 (East Central),,IOWA,I-80,I-80,Collision with fixed object:  Guardrail - face,Shoulder,Non-collision (single vehicle),Driving too fast for conditions,None Indicated,,Dark - roadway not lighted,Ice/frost,Cloudy,None apparent,Non-intersection:  Non-junction/no special feature,Paved,,Property Damage Only,0,0,0,0,0,0,2000,1,2,,POINT (-91.930385997673 41.687920776038)
2014782606,01-14-3004,01/21/2014,01-January,3-Tuesday,09:49,0900 Hours,District 6 (East Central),DUBUQUE,DUBUQUE,,JOHN F KENNEDY RD & CARTER RD,Collision with:  Vehicle in traffic,On Roadway,Broadside (front to side),Ran Stop Sign,None Indicated,,Daylight,Wet,Clear,None apparent,Intersection:  T-intersection,Paved,,Property Damage Only,0,0,0,0,0,0,6500,2,4,,POINT (-90.721336600991 42.50179113179)
2014781481,,01/21/2014,01-January,3-Tuesday,16:05,1600 Hours,District 6 (East Central),CEDAR RAPIDS,LINN,,CREEKSIDE DR NE & WALDEN RD NE & BOYSON RD NE,Collision with:  Vehicle in traffic,On Roadway,Broadside (front to side),Unknown,None Indicated,,Daylight,Ice/frost,Cloudy,,Intersection:  Other intersection (explain in narrative),Paved,,Property Damage Only,0,0,0,0,0,0,4000,2,3,,POINT (-91.654021664183 42.046847293774)
2014781333,2014000704,01/21/2014,01-January,3-Tuesday,18:03,1800 Hours,District 6 (East Central),IOWA CITY,JOHNSON,,ROHRET RD,Collision with:  Vehicle in traffic,On Roadway,Head-on (front to front),Lost Control,None Indicated,,Dark - roadway not lighted,Ice/frost,Clear,None apparent,Non-intersection:  Non-junction/no special feature,Paved,,Property Damage Only,0,0,0,0,0,0,1500,2,4,,POINT (-91.579313207238 41.646107681338)
2014781214,2014004383,01/21/2014,01-January,3-Tuesday,03:00,0300 Hours,District 6 (East Central),,CEDAR,I-80,I-80,Collision with fixed object:  Guardrail - face,On Roadway,Non-collision (single vehicle),Ran off road - left,None Indicated,,Dark - roadway not lighted,Ice/frost,Cloudy,"Surface condition (e.g., wet, icy)",Non-intersection:  Non-junction/no special feature,Paved,,Property Damage Only,0,0,0,0,0,0,6500,1,1,,POINT (-91.222057054573 41.660887508083)
2014780394,SO14000161,01/21/2014,01-January,3-Tuesday,07:00,0700 Hours,District 3 (Northwest),,PLYMOUTH,US 75,US 75 & Co Rd C16/130TH ST,Collision with fixed object:  Ditch,On Roadway,Non-collision (single vehicle),Driving too fast for conditions,None Indicated,,Dawn,Ice/frost,Cloudy,"Surface condition (e.g., wet, icy)",Non-intersection:  Non-junction/no special feature,Paved,,Property Damage Only,0,0,0,0,0,0,2000,1,1,,POINT (-96.174785924141 42.865585089086)
2014781786,2014004539,01/21/2014,01-January,3-Tuesday,11:15,1100 Hours,District 1 (Central),,POWESHIEK,I-80,I-80,Collision with:  Vehicle in traffic,On Roadway,"Sideswipe, same direction",Ran off road - right,None Indicated,,Daylight,Ice/frost,Cloudy,"Surface condition (e.g., wet, icy)",Non-intersection:  Non-junction/no special feature,Paved,,Property Damage Only,0,0,0,0,0,0,18200,2,3,,POINT (-92.321978947697 41.695672092238)
2014780477,14HPD0006,01/21/2014,01-January,3-Tuesday,09:50,0900 Hours,District 3 (Northwest),HAWARDEN,SIOUX,IA 10,IA 10/10TH ST & AVE K,Collision with:  Vehicle in traffic,On Roadway,Broadside (front to side),FTYROW:  From stop sign,None Indicated,,Daylight,Wet,Cloudy,None apparent,Intersection:  Four-way intersection,Paved,,Property Damage Only,0,0,0,0,0,0,4500,2,2,,POINT (-96.480902451621 42.996752779372)
2014783570,1401210655,01/21/2014,01-January,3-Tuesday,06:55,0600 Hours,District 6 (East Central),,JONES,US 151,US 151,Non-collision events:  Overturn/rollover,On Roadway,Non-collision (single vehicle),Driving too fast for conditions,None Indicated,,Dawn,Ice/frost,Clear,None apparent,Non-intersection:  Non-junction/no special feature,Paved,,Possible/Unknown,0,1,0,0,1,0,6000,1,1,,POINT (-91.238372955383 42.154776639677)
2014780896,2014-0019,01/21/2014,01-January,3-Tuesday,21:09,2100 Hours,District 5 (Southeast),NORWALK,WARREN,,Co Rd G14/HWY G14 & E 17TH ST,Collision with fixed object:  Traffic sign support,On Roadway,Non-collision (single vehicle),Driving too fast for conditions,None Indicated,,Dark - roadway lighted,Ice/frost,Clear,None apparent,Intersection:  Four-way intersection,Paved,,Property Damage Only,0,0,0,0,0,0,2600,1,1,,POINT (-93.66806696274 41.47536812251)
2014781493,14006829,01/21/2014,01-January,3-Tuesday,12:29,1200 Hours,District 2 (Northeast),CEDAR FALLS,BLACK HAWK,,31ST ST & HUDSON RD & UNIVERSITY OF NORTHERN IA,Collision with:  Vehicle in traffic,On Roadway,Rear-end (front to rear),Lost Control,None Indicated,,Daylight,Slush,Cloudy,"Surface condition (e.g., wet, icy)",Intersection:  Four-way intersection,Paved,,Property Damage Only,0,0,0,0,0,0,1750,3,3,,POINT (-92.465550216337 42.509614177378)
2014781758,2014004412,01/21/2014,01-January,3-Tuesday,07:27,0700 Hours,District 6 (East Central),,JONES,US 151,US 151,Non-collision events:  Overturn/rollover,Shoulder,Non-collision (single vehicle),Ran off road - right,None Indicated,,Daylight,Ice/frost,Clear,"Surface condition (e.g., wet, icy)",Non-intersection:  Non-junction/no special feature,Paved,,Property Damage Only,0,0,0,0,0,0,5000,1,1,,POINT (-91.089296945677 42.28565831492)
2014781480,,01/21/2014,01-January,3-Tuesday,17:18,1700 Hours,District 6 (East Central),CEDAR RAPIDS,LINN,,KIRKWOOD BLVD SW & KIRKWOOD CT SW,Collision with:  Vehicle in traffic,On Roadway,Rear-end (front to rear),Unknown,None Indicated,,Dark - roadway lighted,Snow,Cloudy,,Intersection:  Four-way intersection,Paved,,Property Damage Only,0,0,0,0,0,0,6000,2,2,,POINT (-91.656698625651 41.921365082645)
2014781321,2014-0138,01/21/2014,01-January,3-Tuesday,07:40,0700 Hours,District 1 (Central),JEFFERSON,GREENE,,S VINE ST,Collision with:  Parked motor vehicle,On Roadway,"Sideswipe, same direction",Other (explain in narrative):  Other,None Indicated,,Daylight,Snow,Cloudy,None apparent,Non-intersection:  Non-junction/no special feature,Paved,,Property Damage Only,0,0,0,0,0,0,3450,2,1,,POINT (-94.376054457773 42.011050603846)
2014780655,CL14000199,01/21/2014,01-January,3-Tuesday,10:25,1000 Hours,District 6 (East Central),CLINTON,CLINTON,US 30,US 30/LIBERTY AVE & 23RD PL,Collision with:  Vehicle in traffic,On Roadway,Broadside (front to side),Ran off road - right,None Indicated,,Daylight,Snow,Clear,"Surface condition (e.g., wet, icy)",Non-intersection:  Non-junction/no special feature,Paved,,Property Damage Only,0,0,0,0,0,0,17300,2,2,,POINT (-90.210536382653 41.822202888576)
2014780792,2014000616,01/21/2014,01-January,3-Tuesday,12:14,1200 Hours,District 1 (Central),MARSHALLTOWN,MARSHALL,IA 14,IA 14/S CENTER ST,Collision with:  Vehicle in traffic,On Roadway,Rear-end (front to rear),Lost Control,None Indicated,,Daylight,Ice/frost,Cloudy,None apparent,Non-intersection:  Non-junction/no special feature,Paved,,Property Damage Only,0,0,0,0,0,0,4000,2,2,,POINT (-92.912391006014 42.013807775339)
2014780746,2014000678,01/21/2014,01-January,3-Tuesday,08:24,0800 Hours,District 6 (East Central),IOWA CITY,JOHNSON,IA 1,IA 1/GOVERNOR ST & MARKET ST,Collision with:  Vehicle in traffic,On Roadway,Rear-end (front to rear),Driving too fast for conditions,None Indicated,,Daylight,Slush,Clear,"Surface condition (e.g., wet, icy)",Intersection:  Four-way intersection,Paved,,Property Damage Only,0,0,0,0,0,0,1700,2,2,,POINT (-91.522802388062 41.663507992282)
2014780867,14-0045,01/21/2014,01-January,3-Tuesday,11:00,1100 Hours,District 1 (Central),WINDSOR HEIGHTS,POLK,,70TH ST,Collision with:  Vehicle in traffic,On Roadway,Broadside (front to side),Other (explain in narrative):  Other,None Indicated,,Daylight,Slush,Clear,None apparent,Intersection:  Four-way intersection,Paved,,Possible/Unknown,0,1,0,0,1,0,8000,5,5,,POINT (-93.712854694538 41.614604311553)
2014780987,01-14-2999,01/21/2014,01-January,3-Tuesday,09:07,0900 Hours,District 6 (East Central),DUBUQUE,DUBUQUE,,JUDSON ST,Collision with:  Vehicle in traffic,On Roadway,Head-on (front to front),Lost Control,None Indicated,,Daylight,Snow,Clear,"Surface condition (e.g., wet, icy)",Non-intersection:  Non-junction/no special feature,Paved,,Possible/Unknown,0,1,0,0,1,0,8500,2,4,,POINT (-90.71664691818 42.506587589844)
2014786152,,01/21/2014,01-January,3-Tuesday,09:30,0900 Hours,District 2 (Northeast),VENTURA,CERRO GORDO,,VENETIAN DR & CLARKE RD,Collision with:  Vehicle in traffic,On Roadway,Rear-end (front to rear),Improper Backing,None Indicated,,Daylight,Ice/frost,Clear,None apparent,Intersection:  T-intersection,Paved,,Property Damage Only,0,0,0,0,0,0,3000,2,2,,POINT (-93.438227158586 43.134822734277)
2014781070,14-000292,01/21/2014,01-January,3-Tuesday,16:43,1600 Hours,District 1 (Central),ANKENY,POLK,US 69,US 69/N ANKNEY BLVD,Collision with:  Vehicle in traffic,On Roadway,Rear-end (front to rear),Followed too close,None Indicated,,Daylight,Dry,Clear,None apparent,Intersection:  Four-way intersection,Paved,,Property Damage Only,0,0,0,0,0,0,4000,2,3,,POINT (-93.600285427348 41.760883046932)
2014780874,14-1138,01/21/2014,01-January,3-Tuesday,10:39,1000 Hours,District 6 (East Central),BETTENDORF,SCOTT,,JOHNATHAN AVE & DEVILS GLEN RD,Collision with:  Vehicle in traffic,On Roadway,Broadside (front to side),Driving too fast for conditions,None Indicated,,Daylight,Slush,Clear,"Surface condition (e.g., wet, icy)",Non-intersection:  Driveway access (within),Paved,,Property Damage Only,0,0,0,0,0,0,5550,2,2,,POINT (-90.483599097689 41.557537288286)
2014780850,14-0349,01/21/2014,01-January,3-Tuesday,06:38,0600 Hours,District 4 (Southwest),WEST DES MOINES,DALLAS,,JORDAN CREEK PKWY,Collision with:  Vehicle in traffic,On Roadway,"Sideswipe, same direction",Lost Control,None Indicated,,Dark - roadway lighted,Ice/frost,Cloudy,"Surface condition (e.g., wet, icy)",Non-intersection:  Other non-intersection (explain in narrative),Paved,,Property Damage Only,0,0,0,0,0,0,3000,2,3,,POINT (-93.808990228879 41.593143360878)
2014781617,2014000628,01/21/2014,01-January,3-Tuesday,16:04,1600 Hours,District 1 (Central),MARSHALLTOWN,MARSHALL,,E ANSON ST,Collision with:  Vehicle in traffic,On Roadway,Rear-end (front to rear),Driving too fast for conditions,None Indicated,,Daylight,Ice/frost,Clear,"Surface condition (e.g., wet, icy)",Non-intersection:  Non-junction/no special feature,Paved,,Possible/Unknown,0,1,0,0,1,0,2500,2,8,,POINT (-92.907138156191 42.038166569524)
2014780863,14-0376,01/21/2014,01-January,3-Tuesday,18:23,1800 Hours,District 4 (Southwest),WEST DES MOINES,DALLAS,,JORDAN CREEK PKWY,Collision with:  Vehicle in traffic,On Roadway,Rear-end (front to rear),Other (explain in narrative):  Other,None Indicated,,Dark - roadway lighted,Ice/frost,Cloudy,"Surface condition (e.g., wet, icy)",Intersection:  Four-way intersection,Paved,,Property Damage Only,0,0,0,0,0,0,2000,2,4,,POINT (-93.809138593441 41.58196437167)
2014780828,20140001903,01/21/2014,01-January,3-Tuesday,15:40,1500 Hours,District 1 (Central),DES MOINES,POLK,,E UNIVERSITY AVE & PENNSYLVANIA AVE,Collision with:  Vehicle in traffic,On Roadway,"Sideswipe, same direction",Improper or erratic lane changing,None Indicated,,Daylight,Dry,Cloudy,None apparent,Intersection:  Four-way intersection,Paved,,Property Damage Only,0,0,0,0,0,0,4300,2,5,,POINT (-93.60887537261 41.600367165577)
2014781582,C14000225,01/21/2014,01-January,3-Tuesday,12:30,1200 Hours,District 6 (East Central),CORALVILLE,JOHNSON,,9TH ST & E 9TH ST & 1ST AVE,Collision with:  Vehicle in traffic,On Roadway,Rear-end (front to rear),Driving too fast for conditions,None Indicated,,Daylight,Ice/frost,Clear,"Surface condition (e.g., wet, icy)",Intersection:  Four-way intersection,Paved,,Property Damage Only,0,0,0,0,0,0,10000,2,3,,POINT (-91.565747009269 41.681696424078)
2014781197,2014004511,01/21/2014,01-January,3-Tuesday,10:30,1000 Hours,District 4 (Southwest),,DALLAS,IA 141,IA 141/141ST ST & H AVE,Non-collision events:  Overturn/rollover,On Roadway,Non-collision (single vehicle),Swerving/Evasive Action,None Indicated,,Daylight,Ice/frost,Cloudy,"Surface condition (e.g., wet, icy)",Non-intersection:  Non-junction/no special feature,Paved,,Property Damage Only,0,0,0,0,0,0,2500,1,2,,POINT (-94.14976142101 41.834876947147)
2014782636,02-14-1279,01/21/2014,01-January,3-Tuesday,14:26,1400 Hours,District 6 (East Central),,DUBUQUE,US 52,US 52,Collision with fixed object:  Guardrail - face,On Roadway,Non-collision (single vehicle),Ran off road - left,None Indicated,,Daylight,Dry,Clear,None apparent,Non-intersection:  Non-junction/no special feature,Paved,,Property Damage Only,0,0,0,0,0,0,3500,1,1,,POINT (-90.594482425461 42.405434822146)
2014780862,14-0375,01/21/2014,01-January,3-Tuesday,17:34,1700 Hours,District 1 (Central),WEST DES MOINES,POLK,,50TH ST,Collision with fixed object:  Utility pole/light support,Shoulder,Non-collision (single vehicle),Ran off road - right,None Indicated,,Dusk,Ice/frost,Cloudy,"Surface condition (e.g., wet, icy)",Non-intersection:  Non-junction/no special feature,Paved,,Property Damage Only,0,0,0,0,0,0,3000,1,2,,POINT (-93.771104302637 41.58954862721)
2014780781,1400000057,01/21/2014,01-January,3-Tuesday,08:10,0800 Hours,District 1 (Central),,MARSHALL,IA 146,IA 146/ZELLER AVE,Collision with fixed object:  Ditch,On Roadway,Non-collision (single vehicle),Crossed centerline (undivided),None Indicated,,Daylight,Ice/frost,Cloudy,"Surface condition (e.g., wet, icy)",Non-intersection:  Non-junction/no special feature,Paved,,Property Damage Only,0,0,0,0,0,0,1700,1,1,,POINT (-92.785428421324 41.975956759075)
2014782859,14-020,01/21/2014,01-January,3-Tuesday,08:19,0800 Hours,District 4 (Southwest),BEDFORD,TAYLOR,,NORTH ST & PENNSYLVANIA ST,Collision with:  Other non-fixed object (explain in narrative),On Roadway,Non-collision (single vehicle),FTYROW:  Other (explain in narrative),None Indicated,,Daylight,Dry,Clear,None apparent,Intersection:  Other intersection (explain in narrative),Paved,,Property Damage Only,0,0,0,0,0,0,7000,2,3,,POINT (-94.72250139712 40.670671805086)
2014780857,14-0361,01/21/2014,01-January,3-Tuesday,11:00,1100 Hours,District 1 (Central),WEST DES MOINES,POLK,IA 28,IA 28/63RD ST & PARK AVE,Collision with:  Vehicle in traffic,On Roadway,Rear-end (front to rear),Driving too fast for conditions,None Indicated,,Daylight,Ice/frost,Cloudy,"Surface condition (e.g., wet, icy)",Non-intersection:  Non-junction/no special feature,Paved,,Property Damage Only,0,0,0,0,0,0,6500,2,3,,POINT (-93.70347604777 41.555592617344)
2014780790,2014000608,01/21/2014,01-January,3-Tuesday,10:23,1000 Hours,District 1 (Central),MARSHALLTOWN,MARSHALL,IA 14,IA 14/E ANSON ST,Collision with:  Vehicle in traffic,On Roadway,"Sideswipe, same direction",Driving too fast for conditions,None Indicated,,Daylight,Ice/frost,Cloudy,"Surface condition (e.g., wet, icy)",Non-intersection:  Non-junction/no special feature,Paved,,Property Damage Only,0,0,0,0,0,0,2300,2,2,,POINT (-92.908914238561 42.038140972525)
2014781914,14-1308,01/21/2014,01-January,3-Tuesday,08:57,0800 Hours,District 6 (East Central),BETTENDORF,SCOTT,,BELMONT RD,Collision with:  Vehicle in traffic,On Roadway,Rear-end (front to rear),Other (explain in narrative):  Other,None Indicated,,Daylight,Dry,Clear,None apparent,Non-intersection:  Non-junction/no special feature,Paved,,Property Damage Only,0,0,0,0,0,0,5000,2,2,,POINT (-90.474020047202 41.553499449875)
2014786396,2014-4679,01/21/2014,01-January,3-Tuesday,06:54,0600 Hours,District 6 (East Central),DAVENPORT,SCOTT,I-280,I-280 & US 61/140 ST & IA 461,Collision with:  Vehicle in traffic,On Roadway,Rear-end (front to rear),Unknown,None Indicated,,Dawn,Ice/frost,Clear,"Surface condition (e.g., wet, icy)",Non-intersection:  Other non-intersection (explain in narrative),Paved,,Possible/Unknown,0,1,0,0,1,0,1000,2,2,,POINT (-90.672787285242 41.509106443272)
2014780853,14-0355,01/21/2014,01-January,3-Tuesday,09:40,0900 Hours,District 4 (Southwest),WEST DES MOINES,DALLAS,,JORDAN CREEK PKWY & ASHWORTH RD,Collision with:  Vehicle in traffic,On Roadway,Rear-end (front to rear),Driving too fast for conditions,None Indicated,,Daylight,Ice/frost,Cloudy,"Surface condition (e.g., wet, icy)",Intersection:  Four-way intersection,Paved,,Property Damage Only,0,0,0,0,0,0,5000,2,3,,POINT (-93.809123710154 41.582694060711)
2014783105,14-000294,01/21/2014,01-January,3-Tuesday,18:01,1800 Hours,District 1 (Central),AMES,STORY,US 69,US 69/GRAND AVE & 16TH ST,Collision with:  Vehicle in traffic,On Roadway,Broadside (front to side),FTYROW:  Making left turn,None Indicated,,Dark - roadway lighted,Dry,Clear,Other (explain in narrative),Intersection:  Four-way intersection,Paved,,Property Damage Only,0,0,0,0,0,0,3300,2,2,,POINT (-93.620420382032 42.038328637246)
2014781157,14-2082,01/21/2014,01-January,3-Tuesday,17:35,1700 Hours,District 3 (Northwest),SIOUX CITY,WOODBURY,,S HELEN ST,Collision with:  Parked motor vehicle,On Roadway,Unknown,Unknown,None Indicated,,Dark - roadway lighted,Dry,Clear,None apparent,Non-intersection:  Non-junction/no special feature,Paved,,Property Damage Only,0,0,0,0,0,0,2500,2,2,,POINT (-96.369656050728 42.488851519037)
2014780435,14-0346,01/21/2014,01-January,3-Tuesday,05:00,0500 Hours,District 4 (Southwest),WEST DES MOINES,DALLAS,,STAGECOACH DR & MILLS CIVIC PKWY,Collision with fixed object:  Curb/island/raised median,On Roadway,Non-collision (single vehicle),Lost Control,None Indicated,,Dark - roadway lighted,Ice/frost,Clear,"Surface condition (e.g., wet, icy)",Non-intersection:  Non-junction/no special feature,Paved,,Property Damage Only,0,0,0,0,0,0,5000,1,1,,POINT (-93.79432951564 41.559972887328)
2014781982,SO14-0070,01/21/2014,01-January,3-Tuesday,12:36,1200 Hours,District 2 (Northeast),BELMOND,WRIGHT,,7TH ST NE & 4TH AVE NE,Collision with:  Vehicle in traffic,On Roadway,Broadside (front to side),Driving too fast for conditions,None Indicated,,Daylight,Ice/frost,Cloudy,"Surface condition (e.g., wet, icy)",Non-intersection:  Non-junction/no special feature,Paved,,Property Damage Only,0,0,0,0,0,0,3500,2,2,,POINT (-93.611654060155 42.852591810326)
2014780744,2014000686,01/21/2014,01-January,3-Tuesday,12:17,1200 Hours,District 6 (East Central),IOWA CITY,JOHNSON,I-80,I-80 & IA 1/N DODGE ST,Collision with:  Vehicle in traffic,On Roadway,"Sideswipe, same direction",Driving too fast for conditions,None Indicated,,Daylight,Ice/frost,Clear,"Surface condition (e.g., wet, icy)",Intersection:  Intersection with ramp,Paved,,Property Damage Only,0,0,0,0,0,0,1500,2,2,,POINT (-91.500360943085 41.685437140257)
2014780659,CL14000206,01/21/2014,01-January,3-Tuesday,15:37,1500 Hours,District 6 (East Central),CLINTON,CLINTON,,CAROLINE AVE & MYRA PL,Collision with:  Vehicle in traffic,On Roadway,Broadside (front to side),Driving too fast for conditions,None Indicated,,Daylight,Ice/frost,Cloudy,"Surface condition (e.g., wet, icy)",Non-intersection:  Non-junction/no special feature,Paved,,Property Damage Only,0,0,0,0,0,0,2500,2,3,,POINT (-90.215747534612 41.838908990821)
2014780819,20140001837,01/21/2014,01-January,3-Tuesday,06:03,0600 Hours,District 5 (Southeast),DES MOINES,WARREN,IA 5,IA 5/IOWA 5,Collision with fixed object:  Bridge overhead structure,On Roadway,Non-collision (single vehicle),Driving too fast for conditions,None Indicated,,Dark - roadway not lighted,Ice/frost,Cloudy,"Surface condition (e.g., wet, icy)",Non-intersection:  Other non-intersection (explain in narrative),Paved,,Property Damage Only,0,0,0,0,0,0,1500,1,2,,POINT (-93.644225161353 41.507201157977)