Iowa DOT Case Number,Law Enforcement Case Number,Date of Crash,Month of Crash,Day of Week,Time of Crash,Hour,DOT District,City Name,County Name,Route with System,Location Description,First Harmful Event,Location of First Harmful Event,Manner of Crash/Collision,Major Cause,Drug or Alcohol ,Environmental Conditions,Light Conditions,Surface Conditions,Weather Conditions,Roadway Contribution,Roadway Type,Roadway Surface,Work Zone,Crash Severity,Number of Fatalities,Number of Injuries,Number of Major Injuries,Number of Minor Injuries,Number of Possible Injuries,Number of Unknown Injuries,Amount of Property Damage,Number of Vehicles Involved,Total Number of Occupants,Travel Direction,Location
2014782065,14-02493,01/22/2014,01-January,4-Wednesday,23:30,2300 Hours,District 5 (Southeast),,DES MOINES,,IOWA CITY RD,Collision with fixed object:  Culvert/pipe opening,Shoulder,Non-collision (single vehicle),Animal,None Indicated,,Dark - roadway not lighted,Snow,Cloudy,None apparent,Non-intersection:  Non-junction/no special feature,Unpaved,,Property Damage Only,0,0,0,0,0,0,2100,1,1,,POINT (-91.179735985559 40.896476963427)
2014781336,2014000757,01/22/2014,01-January,4-Wednesday,18:25,1800 Hours,District 6 (East Central),IOWA CITY,JOHNSON,,E PRENTISS ST & S LINN ST,Collision with:  Vehicle in traffic,On Roadway,Broadside (front to side),FTYROW:  From stop sign,None Indicated,,Daylight,Ice/frost,Snow,None apparent,Intersection:  T-intersection,Paved,,Property Damage Only,0,0,0,0,0,0,3000,2,4,,POINT (-91.531741462931 41.654399534283)
2014780799,14-466,01/22/2014,01-January,4-Wednesday,10:50,1000 Hours,District 1 (Central),,POLK,,NW 44TH ST,Collision with:  Animal,,,Animal,None Indicated,,,,,,,Paved,,Property Damage Only,0,0,0,0,0,0,3000,1,1,,POINT (-93.677510763709 41.750077567344)
2014781288,W14-007125,01/22/2014,01-January,4-Wednesday,09:14,0900 Hours,District 2 (Northeast),WATERLOO,BLACK HAWK,,E 3RD ST & MULBERRY ST,Collision with:  Vehicle in traffic,On Roadway,Broadside (front to side),Ran Stop Sign,None Indicated,,Daylight,Snow,Clear,None apparent,Intersection:  Four-way intersection,Paved,,Property Damage Only,0,0,0,0,0,0,4000,2,2,,POINT (-92.336199015484 42.50122896419)
2014781409,GP20140053,01/22/2014,01-January,4-Wednesday,15:40,1500 Hours,District 1 (Central),GRINNELL,POWESHIEK,IA 146,IA 146/WEST ST,Collision with:  Vehicle in traffic,On Roadway,Rear-end (front to rear),Other (explain in narrative):  No improper action,None Indicated,,Daylight,Slush,Cloudy,None apparent,Non-intersection:  Non-junction/no special feature,Paved,,Property Damage Only,0,0,0,0,0,0,6500,2,2,,POINT (-92.727425963991 41.76161446836)
2014781299,01221-162,01/22/2014,01-January,4-Wednesday,15:44,1500 Hours,District 3 (Northwest),STORM LAKE,BUENA VISTA,,10TH ST PL & MAYWOOD DR,Collision with:  Vehicle in traffic,On Roadway,"Angle, oncoming left turn",Other (explain in narrative):  Other,None Indicated,,Daylight,Snow,Clear,None apparent,Intersection:  T-intersection,Paved,,Possible/Unknown,0,1,0,0,1,0,3000,2,4,,POINT (-95.192327003959 42.651917572191)
2014781790,2014004973,01/22/2014,01-January,4-Wednesday,16:41,1600 Hours,District 4 (Southwest),,DALLAS,I-80,I-80,Collision with:  Vehicle in traffic,On Roadway,"Sideswipe, same direction",Crossed centerline (undivided),None Indicated,,Daylight,Dry,Severe winds,None apparent,Non-intersection:  Non-junction/no special feature,Paved,,Possible/Unknown,0,1,0,0,1,0,4750,2,3,,POINT (-93.953555025779 41.547999016874)
2014781150,S14-0649,01/22/2014,01-January,4-Wednesday,19:13,1900 Hours,District 3 (Northwest),,WOODBURY,I-29,I-29,,On Roadway,Non-collision (single vehicle),Crossed centerline (undivided),None Indicated,,Dark - roadway not lighted,Dry,Cloudy,None apparent,Non-intersection:  Non-junction/no special feature,Paved,,Minor Injury,0,1,0,1,0,0,4000,1,1,,POINT (-96.279576021674 42.283729135651)
2014786137,,01/22/2014,01-January,4-Wednesday,14:39,1400 Hours,District 2 (Northeast),CLEAR LAKE,CERRO GORDO,,7TH AVE N & N 8TH ST,Collision with:  Vehicle in traffic,On Roadway,Rear-end (front to rear),Swerving/Evasive Action,None Indicated,,Daylight,Other (explain in narrative),Cloudy,"Surface condition (e.g., wet, icy)",Intersection:  Four-way intersection,Paved,,Property Damage Only,0,0,0,0,0,0,1800,2,2,,POINT (-93.378766737299 43.140960210265)
2014783127,201400003630,01/22/2014,01-January,4-Wednesday,07:51,0700 Hours,District 5 (Southeast),OTTUMWA,WAPELLO,,CARTER AVE & N JEFFERSON ST,Collision with:  Vehicle in traffic,On Roadway,Rear-end (front to rear),Followed too close,None Indicated,,Daylight,Ice/frost,Clear,"Surface condition (e.g., wet, icy)",Intersection:  Other intersection (explain in narrative),Paved,,Property Damage Only,0,0,0,0,0,0,1600,2,2,,POINT (-92.401717345185 41.045496359345)
2014780968,14-002452,01/22/2014,01-January,4-Wednesday,18:38,1800 Hours,District 5 (Southeast),BURLINGTON,DES MOINES,US 34,US 34/SE RAMP/SW RAMP & CENTRAL AVE,Collision with fixed object:  Concrete traffic barrier (median or right side),On Roadway,Non-collision (single vehicle),Lost Control,None Indicated,,Dusk,Snow,Snow,"Surface condition (e.g., wet, icy)",Interchange-related:  Off-ramp,Paved,,Possible/Unknown,0,1,0,0,1,0,3000,1,1,,POINT (-91.110285955628 40.815271652866)
2014781043,201401081,01/22/2014,01-January,4-Wednesday,10:11,1000 Hours,District 6 (East Central),CEDAR RAPIDS,LINN,,COLDSTREAM AVE NE & MADISON ST NE,Collision with:  Vehicle in traffic,On Roadway,Broadside (front to side),Other (explain in narrative):  Other,None Indicated,,Daylight,Snow,Cloudy,"Surface condition (e.g., wet, icy)",Intersection:  Intersection with ramp,Paved,,Property Damage Only,0,0,0,0,0,0,6500,2,3,,POINT (-91.665726922339 42.011201703807)
2014780672,14-02392,01/22/2014,01-January,4-Wednesday,09:58,0900 Hours,District 5 (Southeast),BURLINGTON,DES MOINES,,7TH ST,Collision with:  Vehicle in traffic,On Roadway,"Sideswipe, opposite direction",Other (explain in narrative):  No improper action,None Indicated,,Daylight,Snow,Cloudy,"Surface condition (e.g., wet, icy)",Non-intersection:  Non-junction/no special feature,Paved,,Property Damage Only,0,0,0,0,0,0,1750,2,1,,POINT (-91.108044781816 40.803182457523)
2014781074,20140001997,01/22/2014,01-January,4-Wednesday,16:00,1600 Hours,District 1 (Central),DES MOINES,POLK,,E COURT AVE & SE 33RD ST,Collision with:  Parked motor vehicle,On Roadway,Rear-end (front to rear),Lost Control,None Indicated,,Daylight,Dry,Cloudy,None apparent,Intersection:  Four-way intersection,Paved,,Property Damage Only,0,0,0,0,0,0,2500,2,1,,POINT (-93.551458425592 41.589370825313)
2014782158,2014004706,01/22/2014,01-January,4-Wednesday,07:21,0700 Hours,District 4 (Southwest),WEST DES MOINES,DALLAS,I-80,I-80,Collision with fixed object:  Other fixed object (explain in narrative),On Roadway,Non-collision (single vehicle),Lost Control,None Indicated,,Daylight,Dry,Cloudy,None apparent,Interchange-related:  On-ramp merge area,Paved,,Property Damage Only,0,0,0,0,0,0,1500,1,2,,POINT (-93.841348819067 41.575491172333)
2014780992,01-14-3125,01/22/2014,01-January,4-Wednesday,10:22,1000 Hours,District 6 (East Central),DUBUQUE,DUBUQUE,US 52,US 52/CENTRAL AVE & LORAS BLVD & E 14TH ST,Collision with fixed object:  Other fixed object (explain in narrative),Shoulder,Non-collision (single vehicle),Ran off road - right,None Indicated,,Daylight,Wet,Cloudy,None apparent,Non-intersection:  Non-junction/no special feature,Paved,,Property Damage Only,0,0,0,0,0,0,2000,1,1,,POINT (-90.667753208968 42.506349934824)
2014781787,2014004712,01/22/2014,01-January,4-Wednesday,07:41,0700 Hours,District 6 (East Central),CEDAR RAPIDS,LINN,,42ND ST NE & OLD OAK DR NE,Collision with:  Vehicle in traffic,On Roadway,Rear-end (front to rear),Driving too fast for conditions,None Indicated,,Daylight,Ice/frost,Snow,"Surface condition (e.g., wet, icy)",Non-intersection:  Non-junction/no special feature,Paved,,Property Damage Only,0,0,0,0,0,0,1500,2,2,,POINT (-91.714903274642 42.021958116164)
2014781350,201401107,01/22/2014,01-January,4-Wednesday,20:39,2000 Hours,District 6 (East Central),CEDAR RAPIDS,LINN,IA 922,IA 922/1ST AVE E & 19TH ST SE & 19TH ST NE,Collision with:  Vehicle in traffic,On Roadway,"Angle, oncoming left turn",Made improper turn,None Indicated,,Dark - roadway lighted,Snow,Cloudy,None apparent,Non-intersection:  Non-junction/no special feature,Paved,,Property Damage Only,0,0,0,0,0,0,2000,2,2,,POINT (-91.644272978847 41.992721336289)
2014781198,2014004738,01/22/2014,01-January,4-Wednesday,09:14,0900 Hours,District 1 (Central),,HAMILTON,I-35,I-35,Collision with:  Vehicle in traffic,On Roadway,Head-on (front to front),Crossed centerline (undivided),None Indicated,,Daylight,Dry,Cloudy,None apparent,Non-intersection:  Non-junction/no special feature,Paved,,Minor Injury,0,3,0,2,1,0,27000,2,3,,POINT (-93.570469397277 42.262936829388)
2014781916,2014-1428,01/22/2014,01-January,4-Wednesday,16:56,1600 Hours,District 6 (East Central),,SCOTT,,Co Rd Y52/115 AVE,Collision with:  Vehicle in traffic,On Roadway,Rear-end (front to rear),FTYROW:  Other (explain in narrative),None Indicated,,Daylight,Dry,Severe winds,None apparent,Non-intersection:  Non-junction/no special feature,Paved,,Property Damage Only,0,0,0,0,0,0,4500,2,2,,POINT (-90.675688905571 41.66449894673)
2014780816,20140001953,01/22/2014,01-January,4-Wednesday,08:45,0800 Hours,District 1 (Central),DES MOINES,POLK,,19TH ST,Collision with:  Vehicle in traffic,On Roadway,"Sideswipe, same direction",FTYROW:  Other (explain in narrative),None Indicated,,Daylight,Dry,Cloudy,None apparent,Non-intersection:  Non-junction/no special feature,Paved,,Property Damage Only,0,0,0,0,0,0,4000,2,2,,POINT (-93.642661746256 41.603470899508)
2014780814,20140001970,01/22/2014,01-January,4-Wednesday,12:00,1200 Hours,District 1 (Central),DES MOINES,POLK,,ARTHUR AVE & E 11TH ST,Collision with:  Vehicle in traffic,On Roadway,"Angle, oncoming left turn",FTYROW:  Making left turn,None Indicated,,Daylight,Ice/frost,Cloudy,None apparent,Intersection:  T-intersection,Paved,,Property Damage Only,0,0,0,0,0,0,11500,2,2,,POINT (-93.605389839127 41.617742489148)
2014780620,W14-007111,01/22/2014,01-January,4-Wednesday,07:48,0700 Hours,District 2 (Northeast),WATERLOO,BLACK HAWK,,SAGER AVE & SCOTT AVE,Collision with:  Vehicle in traffic,On Roadway,Broadside (front to side),FTYROW:  From yield sign,None Indicated,,Daylight,Snow,Snow,None apparent,Intersection:  Four-way intersection,Paved,,Property Damage Only,0,0,0,0,0,0,8400,2,2,,POINT (-92.391630643503 42.498042361655)
2014781494,14007200,01/22/2014,01-January,4-Wednesday,15:49,1500 Hours,District 2 (Northeast),CEDAR FALLS,BLACK HAWK,,3RD ST & TREMONT ST,Collision with:  Vehicle in traffic,On Roadway,Broadside (front to side),Driving too fast for conditions,None Indicated,,Daylight,Snow,Clear,"Surface condition (e.g., wet, icy)",Intersection:  Four-way intersection,Paved,,Minor Injury,0,1,0,1,0,0,12000,2,2,,POINT (-92.450773482602 42.535976357612)
2014781069,14-000310,01/22/2014,01-January,4-Wednesday,14:20,1400 Hours,District 1 (Central),ANKENY,POLK,,SE CONVENIENCE BLVD & SE CREEKVIEW DR & NE 78TH AVE,Collision with:  Vehicle in traffic,On Roadway,Broadside (front to side),Ran Traffic Signal,None Indicated,,Daylight,Dry,Clear,None apparent,Intersection:  Four-way intersection,Paved,,Possible/Unknown,0,1,0,0,1,0,6000,2,2,,POINT (-93.571813692862 41.702878840753)
2014781884,14-000324,01/22/2014,01-January,4-Wednesday,23:06,2300 Hours,District 1 (Central),ANKENY,POLK,IA 160,IA 160/SW ORALABOR RD & IA 415/SW STATE ST,Collision with:  Vehicle in traffic,On Roadway,Rear-end (front to rear),Illegally Parked/Unattended,None Indicated,,Dark - roadway lighted,Dry,Cloudy,None apparent,Non-intersection:  Non-junction/no special feature,Paved,,Property Damage Only,0,0,0,0,0,0,2800,2,2,,POINT (-93.621550183463 41.703115988409)
2014788736,14-00605,01/22/2014,01-January,4-Wednesday,08:42,0800 Hours,District 5 (Southeast),MOUNT PLEASANT,HENRY,,W ORANGE ST & N BROADWAY ST,Collision with:  Vehicle in traffic,On Roadway,Rear-end (front to rear),Lost Control,None Indicated,,Daylight,Ice/frost,Cloudy,"Surface condition (e.g., wet, icy)",Intersection:  Four-way intersection,Paved,,Property Damage Only,0,0,0,0,0,0,4000,2,3,,POINT (-91.55438154884 40.978530403797)
2014783867,20141004,01/22/2014,01-January,4-Wednesday,07:10,0700 Hours,District 6 (East Central),MOUNT VERNON,LINN,US 30,US 30 & LINCOLN DR NE,Collision with:  Vehicle in traffic,On Roadway,Rear-end (front to rear),FTYROW:  From stop sign,None Indicated,,Dawn,Snow,Snow,"Surface condition (e.g., wet, icy)",Intersection:  T-intersection,Paved,,Property Damage Only,0,0,0,0,0,0,4500,2,2,,POINT (-91.405850634041 41.91697603911)
2014780961,CL14000216,01/22/2014,01-January,4-Wednesday,15:57,1500 Hours,District 6 (East Central),CLINTON,CLINTON,,MANUFACTURING DR,Collision with:  Vehicle in traffic,On Roadway,Rear-end (front to rear),Driving too fast for conditions,None Indicated,,Daylight,Ice/frost,Clear,None apparent,Non-intersection:  Non-junction/no special feature,Paved,,Property Damage Only,0,0,0,0,0,0,2100,2,2,,POINT (-90.239186007011 41.823715103262)
2014781637,14-000320,01/22/2014,01-January,4-Wednesday,19:01,1900 Hours,District 1 (Central),ANKENY,POLK,,NW STATE ST & NW 18TH ST,Collision with:  Vehicle in traffic,On Roadway,Head-on (front to front),FTYROW:  Making left turn,None Indicated,,Dark - roadway lighted,Dry,Clear,None apparent,Intersection:  Four-way intersection,Paved,,Property Damage Only,0,0,0,0,0,0,20000,2,3,,POINT (-93.619670120987 41.74637794605)
2014783095,2014-4934,01/22/2014,01-January,4-Wednesday,14:18,1400 Hours,District 6 (East Central),DAVENPORT,SCOTT,,E 18TH ST & PERRY ST,Collision with:  Parked motor vehicle,On Roadway,Rear-end (front to rear),Lost Control,None Indicated,,Daylight,Snow,Clear,None apparent,Non-intersection:  Non-junction/no special feature,Paved,,Property Damage Only,0,0,0,0,0,0,5000,2,1,,POINT (-90.57262418251 41.537503645817)
2014781044,201401078,01/22/2014,01-January,4-Wednesday,07:57,0700 Hours,District 6 (East Central),CEDAR RAPIDS,LINN,,35TH ST NE & PRAIRIE DR NE,Collision with:  Vehicle in traffic,On Roadway,Rear-end (front to rear),Driving too fast for conditions,None Indicated,,Daylight,Snow,Clear,"Surface condition (e.g., wet, icy)",Intersection:  Four-way intersection,Paved,,Minor Injury,0,1,0,1,0,0,11000,3,3,,POINT (-91.652494272158 42.013911132935)
2014781420,2014-4919,01/22/2014,01-January,4-Wednesday,12:15,1200 Hours,District 6 (East Central),DAVENPORT,SCOTT,,KIMMEL DR & COMENITZ DR,Non-collision events:  Overturn/rollover,On Roadway,Non-collision (single vehicle),Other (explain in narrative):  Other,None Indicated,,Daylight,Wet,Clear,None apparent,Intersection:  T-intersection,Paved,,Property Damage Only,0,0,0,0,0,0,10000,1,1,,POINT (-90.64117851853 41.498897246026)
2014780993,01-14-3162,01/22/2014,01-January,4-Wednesday,14:20,1400 Hours,District 6 (East Central),DUBUQUE,DUBUQUE,,ASBURY RD & CRISSY DR,Collision with:  Vehicle in traffic,On Roadway,"Angle, oncoming left turn",FTYROW:  From driveway,None Indicated,,Daylight,Dry,Cloudy,None apparent,Non-intersection:  Driveway access (within),Paved,,Property Damage Only,0,0,0,0,0,0,6000,2,3,,POINT (-90.719477222135 42.511758947665)
2014782737,14-000306,01/22/2014,01-January,4-Wednesday,07:23,0700 Hours,District 3 (Northwest),,LYON,,Co Rd K30/ELMWOOD AVE,Collision with fixed object:  Ditch,Shoulder,Non-collision (single vehicle),Ran off road - right,None Indicated,,Dawn,Dry,Clear,None apparent,Non-intersection:  Non-junction/no special feature,Paved,,Property Damage Only,0,0,0,0,0,0,5000,1,1,,POINT (-96.295701767958 43.259762105827)
2014782796,20140002004,01/22/2014,01-January,4-Wednesday,18:06,1800 Hours,District 1 (Central),DES MOINES,POLK,,LOCUST ST & 3RD ST,Collision with:  Vehicle in traffic,On Roadway,Broadside (front to side),Ran Traffic Signal,None Indicated,,Daylight,Dry,Clear,None apparent,Intersection:  Four-way intersection,Paved,,Possible/Unknown,0,1,0,0,0,1,1500,2,2,,POINT (-93.621280955902 41.587618596571)
2014781020,2014000736,01/22/2014,01-January,4-Wednesday,11:16,1100 Hours,District 6 (East Central),IOWA CITY,JOHNSON,,SYCAMORE ST,Collision with:  Vehicle in traffic,On Roadway,Rear-end (front to rear),Followed too close,None Indicated,,Daylight,Snow,Cloudy,None apparent,Intersection:  T-intersection,Paved,,Possible/Unknown,0,1,0,0,1,0,1800,2,2,,POINT (-91.511620542762 41.642620926042)
2014781100,14-002832,01/22/2014,01-January,4-Wednesday,18:15,1800 Hours,District 4 (Southwest),COUNCIL BLUFFS,POTTAWATTAMIE,,MADISON AVE,Collision with:  Animal,On Roadway,Non-collision (single vehicle),Animal,None Indicated,,Dark - roadway lighted,Dry,Cloudy,None apparent,Non-intersection:  Non-junction/no special feature,Paved,,Property Damage Only,0,0,0,0,0,0,1500,1,1,,POINT (-95.833473027705 41.253185316286)
2014782001,,01/22/2014,01-January,4-Wednesday,14:24,1400 Hours,District 2 (Northeast),CHARLES CITY,FLOYD,,FERGUSON ST & MAIN ST,Collision with:  Vehicle in traffic,On Roadway,Broadside (front to side),Lost Control,None Indicated,,Daylight,Snow,Cloudy,"Surface condition (e.g., wet, icy)",Intersection:  Four-way intersection,Paved,,Property Damage Only,0,0,0,0,0,0,4000,2,2,,POINT (-92.676735369224 43.069640460622)
2014781098,14-002745,01/22/2014,01-January,4-Wednesday,08:26,0800 Hours,District 4 (Southwest),COUNCIL BLUFFS,POTTAWATTAMIE,,AVE F & N 23RD ST,Collision with:  Vehicle in traffic,On Roadway,Broadside (front to side),FTYROW:  At uncontrolled intersection,None Indicated,,Daylight,Dry,Clear,None apparent,Intersection:  Four-way intersection,Paved,,Possible/Unknown,0,1,0,0,1,0,3000,2,3,,POINT (-95.878350548832 41.267147859824)
2014781160,14-2178,01/22/2014,01-January,4-Wednesday,17:16,1700 Hours,District 3 (Northwest),SIOUX CITY,WOODBURY,IA 376,IA 376/SINGING HILLS BLVD & S YORK ST,Collision with:  Vehicle in traffic,On Roadway,Rear-end (front to rear),Followed too close,None Indicated,,Dusk,Dry,Clear,None apparent,Non-intersection:  Non-junction/no special feature,Paved,,Property Damage Only,0,0,0,0,0,0,2000,2,3,,POINT (-96.372361806076 42.434843646082)
2014782159,2014004714,01/22/2014,01-January,4-Wednesday,07:40,0700 Hours,District 1 (Central),ANKENY,POLK,I-35,I-35,Collision with:  Vehicle in traffic,Shoulder,Rear-end (front to rear),Followed too close,None Indicated,,Daylight,Dry,Clear,None apparent,Non-intersection:  Non-junction/no special feature,Paved,,Property Damage Only,0,0,0,0,0,0,2000,2,2,,POINT (-93.576529137537 41.719473323752)
2014780673,14-002396,01/22/2014,01-January,4-Wednesday,10:49,1000 Hours,District 5 (Southeast),BURLINGTON,DES MOINES,,SUNNY SIDE AVE & PLANK RD & ISABELLA AVE,Collision with:  Vehicle in traffic,On Roadway,"Sideswipe, opposite direction",Lost Control,None Indicated,,Daylight,Ice/frost,Clear,"Surface condition (e.g., wet, icy)",Non-intersection:  Non-junction/no special feature,Paved,,Property Damage Only,0,0,0,0,0,0,2000,2,2,,POINT (-91.144892360535 40.833227554288)
2014780622,W14-007121,01/22/2014,01-January,4-Wednesday,08:52,0800 Hours,District 2 (Northeast),WATERLOO,BLACK HAWK,I-380,I-380,Non-collision events:  Overturn/rollover,Roadside,Non-collision (single vehicle),Swerving/Evasive Action,None Indicated,,Daylight,Wet,Cloudy,"Surface condition (e.g., wet, icy)",Non-intersection:  Other non-intersection (explain in narrative),Paved,,Possible/Unknown,0,1,0,0,1,0,6000,1,1,,POINT (-92.308822973981 42.455191301778)
2014781068,14-000306,01/22/2014,01-January,4-Wednesday,08:40,0800 Hours,District 1 (Central),ANKENY,POLK,IA 160,IA 160/SW ORALABOR RD,Collision with:  Vehicle in traffic,On Roadway,Rear-end (front to rear),Followed too close,None Indicated,,Daylight,Dry,Cloudy,None apparent,Non-intersection:  Non-junction/no special feature,Paved,,Property Damage Only,0,0,0,0,0,0,2500,2,2,,POINT (-93.614601448839 41.702928184747)
2014780942,14-1223,01/22/2014,01-January,4-Wednesday,12:49,1200 Hours,District 2 (Northeast),,BREMER,US 63,US 63 & Co Rd C38/210TH ST,Collision with:  Vehicle in traffic,On Roadway,Broadside (front to side),Other (explain in narrative):  Vision obstructed,None Indicated,,Daylight,Dry,Snow,None apparent,Intersection:  Four-way intersection,Paved,,Property Damage Only,0,0,0,0,0,0,20000,2,2,,POINT (-92.337543131226 42.744559990307)
2014781520,14001085,01/22/2014,01-January,4-Wednesday,16:25,1600 Hours,District 2 (Northeast),MASON CITY,CERRO GORDO,,15TH ST SW & S MONROE AVE,Collision with:  Vehicle in traffic,On Roadway,Rear-end (front to rear),Made improper turn,None Indicated,,Daylight,Snow,Snow,None apparent,Non-intersection:  Non-junction/no special feature,Paved,,Property Damage Only,0,0,0,0,0,0,3000,2,2,,POINT (-93.209296838874 43.138775285724)
2014781000,P14-000928,01/22/2014,01-January,4-Wednesday,13:47,1300 Hours,District 1 (Central),WEBSTER CITY,HAMILTON,,BOONE ST,Collision with:  Vehicle in traffic,On Roadway,Rear-end (front to rear),Improper Backing,None Indicated,,Daylight,Snow,Cloudy,None apparent,Non-intersection:  Driveway access (within),Paved,,Property Damage Only,0,0,0,0,0,0,2000,2,3,,POINT (-93.821870899459 42.462965292034)
2014781450,2014004749,01/22/2014,01-January,4-Wednesday,10:25,1000 Hours,District 2 (Northeast),,WORTH,I-35,I-35,Collision with fixed object:  Traffic sign support,On Roadway,Non-collision (single vehicle),Crossed centerline (undivided),None Indicated,,Daylight,Slush,"Blowing sand, soil, dirt","Surface condition (e.g., wet, icy)",Non-intersection:  Non-junction/no special feature,Paved,,Property Damage Only,0,0,0,0,0,0,1600,1,1,,POINT (-93.348746814766 43.317476078662)
2014781301,14-749,01/22/2014,01-January,4-Wednesday,15:43,1500 Hours,District 3 (Northwest),CARROLL,CARROLL,,2ND ST & EAST ST,Collision with:  Vehicle in traffic,On Roadway,Broadside (front to side),FTYROW:  From stop sign,None Indicated,,Daylight,Snow,Clear,"Surface condition (e.g., wet, icy)",Intersection:  Four-way intersection,Paved,,Property Damage Only,0,0,0,0,0,0,3000,2,4,,POINT (-94.864814131189 42.060473515936)
2014783010,14-0158,01/22/2014,01-January,4-Wednesday,15:15,1500 Hours,District 2 (Northeast),OSAGE,MITCHELL,,CHASE ST & N 10TH ST,Collision with:  Vehicle in traffic,On Roadway,Broadside (front to side),FTYROW:  At uncontrolled intersection,None Indicated,,Daylight,Snow,Cloudy,None apparent,Non-intersection:  Non-junction/no special feature,Paved,,Property Damage Only,0,0,0,0,0,0,5000,2,2,,POINT (-92.80595447268 43.285138398998)
2014781347,201400222,01/22/2014,01-January,4-Wednesday,16:00,1600 Hours,District 6 (East Central),,LINN,,Co Rd E45/SECRIST RD,Collision with fixed object:  Ditch,Roadside,Non-collision (single vehicle),Driving too fast for conditions,None Indicated,,Daylight,Slush,"Blowing sand, soil, dirt","Surface condition (e.g., wet, icy)",Non-intersection:  Non-junction/no special feature,Paved,,Property Damage Only,0,0,0,0,0,0,4000,1,1,,POINT (-91.480304458308 42.020361247418)
2014781326,C14000242,01/22/2014,01-January,4-Wednesday,10:00,1000 Hours,District 6 (East Central),CORALVILLE,JOHNSON,US 6,US 6/2ND ST & 1ST AVE,Collision with:  Vehicle in traffic,On Roadway,Rear-end (front to rear),Driving too fast for conditions,None Indicated,,Daylight,Ice/frost,Cloudy,"Surface condition (e.g., wet, icy)",Intersection:  Four-way intersection,Paved,,Property Damage Only,0,0,0,0,0,0,8000,2,3,,POINT (-91.565776111293 41.669024154159)
2014781061,14000365,01/22/2014,01-January,4-Wednesday,15:10,1500 Hours,District 3 (Northwest),SHELDON,OBRIEN,,11TH ST,Collision with:  Vehicle in traffic,On Roadway,Unknown,Unknown,None Indicated,,Daylight,Dry,Cloudy,None apparent,Non-intersection:  Non-junction/no special feature,Paved,,Possible/Unknown,0,2,0,0,0,2,2200,2,2,,POINT (-95.853956834011 43.178248735801)
2014781048,14001452,01/22/2014,01-January,4-Wednesday,08:20,0800 Hours,District 6 (East Central),MARION,LINN,,LINDALE DR,Collision with:  Vehicle in traffic,On Roadway,Rear-end (front to rear),Driving too fast for conditions,None Indicated,,Daylight,Ice/frost,Clear,"Surface condition (e.g., wet, icy)",Non-intersection:  Non-junction/no special feature,Paved,,Property Damage Only,0,0,0,0,0,0,2000,2,2,,POINT (-91.624530488791 42.031538077912)
2014783868,20141005,01/22/2014,01-January,4-Wednesday,15:28,1500 Hours,District 6 (East Central),MOUNT VERNON,LINN,,4TH ST SW & 3RD AVE SW,Collision with:  Vehicle in traffic,On Roadway,Broadside (front to side),Ran Stop Sign,None Indicated,,Daylight,Ice/frost,Clear,"Surface condition (e.g., wet, icy)",Intersection:  Four-way intersection,Paved,,Property Damage Only,0,0,0,0,0,0,4900,2,5,,POINT (-91.42122149226 41.921043201709)
2014781021,2014000738,01/22/2014,01-January,4-Wednesday,11:34,1100 Hours,District 6 (East Central),IOWA CITY,JOHNSON,,IOWA AVE,Collision with:  Vehicle in traffic,On Roadway,Rear-end (front to rear),Driving too fast for conditions,None Indicated,,Daylight,Ice/frost,Snow,"Surface condition (e.g., wet, icy)",Non-intersection:  Other non-intersection (explain in narrative),Paved,,Property Damage Only,0,0,0,0,0,0,2000,2,3,,POINT (-91.5419751678 41.661248947874)
2014781384,14-0095,01/22/2014,01-January,4-Wednesday,16:36,1600 Hours,District 1 (Central),CLIVE,POLK,,NW 100TH ST & UNIVERSITY AVE & 35TH ST/VALLEY WEST DR,Collision with:  Vehicle in traffic,On Roadway,"Angle, oncoming left turn",FTYROW:  Making left turn,None Indicated,,Daylight,Dry,Cloudy,None apparent,Intersection:  Four-way intersection,Paved,,Property Damage Only,0,0,0,0,0,0,4000,2,2,,POINT (-93.751962120124 41.600430032258)
2014782003,,01/22/2014,01-January,4-Wednesday,06:15,0600 Hours,District 6 (East Central),DE WITT,CLINTON,,3RD AVE,Collision with:  Parked motor vehicle,On Roadway,Rear-end (front to rear),Swerving/Evasive Action,None Indicated,,Dawn,Snow,Clear,"Surface condition (e.g., wet, icy)",Non-intersection:  Non-junction/no special feature,Paved,,Property Damage Only,0,0,0,0,0,0,7500,2,1,,POINT (-90.534496043428 41.820225066135)
2014781812,,01/22/2014,01-January,4-Wednesday,19:04,1900 Hours,District 3 (Northwest),MANSON,CALHOUN,,,Collision with:  Vehicle in traffic,On Roadway,Broadside (front to side),FTYROW:  From driveway,None Indicated,,Dark - roadway lighted,Dry,Clear,None apparent,Non-intersection:  Other non-intersection (explain in narrative),,,Property Damage Only,0,0,0,0,0,0,3500,2,2,,POINT (-96.643700149993 40.233091251414)
2014786903,2014-4884,01/22/2014,01-January,4-Wednesday,09:25,0900 Hours,District 6 (East Central),DAVENPORT,SCOTT,,HICKORY GROVE RD & FAIRMOUNT ST,Collision with:  Vehicle in traffic,On Roadway,Rear-end (front to rear),Unknown,None Indicated,,Daylight,Wet,Clear,None apparent,Non-intersection:  Non-junction/no special feature,Paved,,Property Damage Only,0,0,0,0,0,0,2500,2,2,,POINT (-90.629604360462 41.557354294793)