Iowa DOT Case Number,Law Enforcement Case Number,Date of Crash,Month of Crash,Day of Week,Time of Crash,Hour,DOT District,City Name,County Name,Route with System,Location Description,First Harmful Event,Location of First Harmful Event,Manner of Crash/Collision,Major Cause,Drug or Alcohol ,Environmental Conditions,Light Conditions,Surface Conditions,Weather Conditions,Roadway Contribution,Roadway Type,Roadway Surface,Work Zone,Crash Severity,Number of Fatalities,Number of Injuries,Number of Major Injuries,Number of Minor Injuries,Number of Possible Injuries,Number of Unknown Injuries,Amount of Property Damage,Number of Vehicles Involved,Total Number of Occupants,Travel Direction,Location
2014781075,20140002005,01/22/2014,01-January,4-Wednesday,19:35,1900 Hours,District 1 (Central),DES MOINES,POLK,,E PARK AVE & SE 8TH ST,Collision with:  Vehicle in traffic,On Roadway,Broadside (front to side),Unknown,None Indicated,,Dark - roadway lighted,Dry,Clear,None apparent,Intersection:  Four-way intersection,Paved,,Possible/Unknown,0,1,0,0,0,1,3500,2,4,,POINT (-93.602660494222 41.555318518683)
2014781091,14-000094,01/22/2014,01-January,4-Wednesday,18:43,1800 Hours,District 1 (Central),JOHNSTON,POLK,,HYPERION PT DR,Collision with:  Vehicle in traffic,On Roadway,"Sideswipe, same direction",Improper Backing,None Indicated,,Dark - roadway not lighted,Dry,Severe winds,None apparent,Non-intersection:  Driveway access (within),Paved,,Property Damage Only,0,0,0,0,0,0,2700,2,777,,POINT (-93.698974705787 41.692997556817)
2014781046,201401098,01/22/2014,01-January,4-Wednesday,17:01,1700 Hours,District 6 (East Central),CEDAR RAPIDS,LINN,IA 922,IA 922/1ST AVE E,Collision with:  Vehicle in traffic,On Roadway,Rear-end (front to rear),Other (explain in narrative):  Other,None Indicated,,Dusk,Slush,Cloudy,None apparent,Intersection:  Four-way intersection,Paved,,Property Damage Only,0,0,0,0,0,0,2000,2,4,,POINT (-91.632623445412 42.019178999707)
2014781219,2014-979,01/22/2014,01-January,4-Wednesday,20:53,2000 Hours,District 6 (East Central),MAQUOKETA,JACKSON,,E APPLE ST & N DEARBORN ST,Collision with:  Vehicle in traffic,On Roadway,Broadside (front to side),Ran Stop Sign,None Indicated,,Dark - roadway lighted,Dry,Clear,None apparent,Intersection:  Four-way intersection,Paved,,Property Damage Only,0,0,0,0,0,0,3000,2,4,,POINT (-90.658265020781 42.07224486417)
2014781380,14-000315,01/22/2014,01-January,4-Wednesday,16:46,1600 Hours,District 1 (Central),ANKENY,POLK,I-35,I-35,Collision with:  Vehicle in traffic,On Roadway,Rear-end (front to rear),Other (explain in narrative):  Other,None Indicated,,Daylight,Wet,Clear,None apparent,Interchange-related:  On-ramp merge area,Paved,,Possible/Unknown,0,2,0,0,2,0,5500,3,4,,POINT (-93.577748186569 41.702560933191)
2014781335,2014000750,01/22/2014,01-January,4-Wednesday,16:16,1600 Hours,District 6 (East Central),IOWA CITY,JOHNSON,,W COURT ST,Collision with:  Vehicle in traffic,On Roadway,Broadside (front to side),FTYROW:  Other (explain in narrative),None Indicated,,Daylight,Slush,Severe winds,None apparent,Non-intersection:  Non-junction/no special feature,Paved,,Property Damage Only,0,0,0,0,0,0,4500,2,3,,POINT (-91.537203325118 41.65663083545)
2014781290,W14-007186,01/22/2014,01-January,4-Wednesday,14:24,1400 Hours,District 2 (Northeast),WATERLOO,BLACK HAWK,,RHEY ST,Collision with:  Vehicle in traffic,On Roadway,"Sideswipe, opposite direction",Driving too fast for conditions,None Indicated,,Daylight,Snow,Severe winds,None apparent,Non-intersection:  Other non-intersection (explain in narrative),Paved,,Property Damage Only,0,0,0,0,0,0,3000,2,2,,POINT (-92.319366407922 42.496798430639)
2014781025,N14000033,01/22/2014,01-January,4-Wednesday,11:22,1100 Hours,District 6 (East Central),NORTH LIBERTY,JOHNSON,,HWY 965 & 230TH ST,Collision with:  Vehicle in traffic,On Roadway,Rear-end (front to rear),Driving too fast for conditions,None Indicated,,Daylight,Snow,Cloudy,"Surface condition (e.g., wet, icy)",Intersection:  Four-way intersection,Paved,,Possible/Unknown,0,1,0,0,1,0,4000,2,4,,POINT (-91.617803101928 41.767097343409)
2014780900,14000399,01/22/2014,01-January,4-Wednesday,12:43,1200 Hours,District 2 (Northeast),ALGONA,KOSSUTH,,E NEBRASKA ST & S MOORE ST,Collision with:  Vehicle in traffic,On Roadway,Broadside (front to side),FTYROW:  From stop sign,None Indicated,,Daylight,Snow,"Blowing sand, soil, dirt",None apparent,Intersection:  Four-way intersection,Paved,,Property Damage Only,0,0,0,0,0,0,5000,2,3,,POINT (-94.235473489575 43.067894018184)
2014781056,14-001637,01/22/2014,01-January,4-Wednesday,11:16,1100 Hours,District 5 (Southeast),,MARION,,Co Rd T15/OLD HWY 92,Collision with fixed object:  Mailbox,Shoulder,Non-collision (single vehicle),Swerving/Evasive Action,None Indicated,,Daylight,Dry,Clear,None apparent,Non-intersection:  Non-junction/no special feature,Paved,,Property Damage Only,0,0,0,0,0,0,1700,1,1,,POINT (-93.047445732014 41.31831399753)
2014781144,14-0218,01/22/2014,01-January,4-Wednesday,16:15,1600 Hours,District 1 (Central),FORT DODGE,WEBSTER,,11TH AVE S & S 26TH ST,Collision with:  Vehicle in traffic,On Roadway,Broadside (front to side),FTYROW:  At uncontrolled intersection,None Indicated,,Daylight,Dry,Cloudy,None apparent,Intersection:  Four-way intersection,Paved,,Property Damage Only,0,0,0,0,0,0,5000,2,3,,POINT (-94.162467439335 42.492797723359)
2014780994,01-14-3182,01/22/2014,01-January,4-Wednesday,16:17,1600 Hours,District 6 (East Central),DUBUQUE,DUBUQUE,US 52,US 52/CENTRAL AVE & W 10TH ST & E 10TH ST,Collision with:  Vehicle in traffic,On Roadway,Rear-end (front to rear),Lost Control,None Indicated,,Daylight,Dry,Clear,None apparent,Non-intersection:  Non-junction/no special feature,Paved,,Property Damage Only,0,0,0,0,0,0,2100,2,2,,POINT (-90.665988063295 42.503090115351)
2014781112,201400003667,01/22/2014,01-January,4-Wednesday,11:54,1100 Hours,District 5 (Southeast),OTTUMWA,WAPELLO,,PENNSYLVANIA AVE,Collision with:  Vehicle in traffic,On Roadway,Rear-end (front to rear),Driving too fast for conditions,None Indicated,,Daylight,Wet,Cloudy,None apparent,Non-intersection:  Non-junction/no special feature,Paved,,Possible/Unknown,0,1,0,0,1,0,5000,2,2,,POINT (-92.404045274649 41.027492192827)
2014780815,20140001982,01/22/2014,01-January,4-Wednesday,14:15,1400 Hours,District 1 (Central),DES MOINES,POLK,,3RD ST,Collision with:  Vehicle in traffic,On Roadway,"Sideswipe, same direction",Made improper turn,None Indicated,,Daylight,Dry,Cloudy,None apparent,Non-intersection:  Driveway access (within),Paved,,Property Damage Only,0,0,0,0,0,0,9000,2,2,,POINT (-93.620530345053 41.585659067982)
2014781385,20140002028,01/23/2014,01-January,5-Thursday,09:48,0900 Hours,District 1 (Central),DES MOINES,POLK,US 6,US 6/HUBBELL AVE/SE RAMP,Collision with:  Vehicle in traffic,On Roadway,"Sideswipe, same direction",Ran Traffic Signal,None Indicated,,Daylight,Dry,Clear,None apparent,Intersection:  Four-way intersection,Paved,,Possible/Unknown,0,1,0,0,1,0,14000,3,3,,POINT (-93.518097624433 41.644010712175)
2014781319,02-14-1362,01/23/2014,01-January,5-Thursday,10:00,1000 Hours,District 6 (East Central),,DUBUQUE,,Co Rd Y17/BANKSTON PARK RD,Collision with fixed object:  Guardrail - face,Roadside,Non-collision (single vehicle),Crossed centerline (undivided),None Indicated,,Daylight,Ice/frost,Clear,"Surface condition (e.g., wet, icy)",Non-intersection:  Non-junction/no special feature,Paved,,Property Damage Only,0,0,0,0,0,0,3000,1,1,,POINT (-90.963892566798 42.541678140666)
2014781866,C14000260,01/23/2014,01-January,5-Thursday,16:04,1600 Hours,District 6 (East Central),CORALVILLE,JOHNSON,,10TH ST,Collision with:  Vehicle in traffic,On Roadway,Head-on (front to front),Crossed centerline (undivided),None Indicated,,Daylight,Ice/frost,Clear,"Surface condition (e.g., wet, icy)",Non-intersection:  Non-junction/no special feature,Paved,,Property Damage Only,0,0,0,0,0,0,10000,2,3,,POINT (-91.594990206545 41.687786059963)
2014783827,2014-07-AC,01/23/2014,01-January,5-Thursday,17:56,1700 Hours,District 3 (Northwest),,DICKINSON,US 71,US 71,Collision with:  Animal,,,Animal,None Indicated,,,,,,,Paved,,Property Damage Only,0,0,0,0,0,0,4500,1,1,,POINT (-95.062110517213 43.430525528742)
2014781874,007-14,01/23/2014,01-January,5-Thursday,19:30,1900 Hours,District 4 (Southwest),,MADISON,US 169,US 169,Collision with:  Animal,,,Animal,None Indicated,,,,,,,Paved,,Property Damage Only,0,0,0,0,0,0,5000,1,1,,POINT (-94.042174380123 41.276341289388)
2014781328,C14000258,01/23/2014,01-January,5-Thursday,12:40,1200 Hours,District 6 (East Central),CORALVILLE,JOHNSON,,EASTVIEW DR & HOLIDAY RD,Collision with:  Vehicle in traffic,On Roadway,Rear-end (front to rear),Driving too fast for conditions,None Indicated,,Daylight,Ice/frost,Clear,"Surface condition (e.g., wet, icy)",Intersection:  T-intersection,Paved,,Property Damage Only,0,0,0,0,0,0,10000,2,2,,POINT (-91.57534237132 41.693326522057)
2014812922,NT-14-014,01/23/2014,01-January,5-Thursday,05:28,0500 Hours,District 1 (Central),NEVADA,STORY,,H AVE,Collision with:  Parked motor vehicle,On Roadway,Rear-end (front to rear),Unknown,None Indicated,,Dark - roadway lighted,Dry,Clear,None apparent,Non-intersection:  Non-junction/no special feature,Paved,,Property Damage Only,0,0,0,0,0,0,7000,2,1,,POINT (-93.451073837499 42.018638112367)
2014781823,14V01092,01/23/2014,01-January,5-Thursday,14:08,1400 Hours,District 6 (East Central),VINTON,BENTON,,W 4TH ST,Collision with:  Parked motor vehicle,On Roadway,"Sideswipe, opposite direction",Equipment failure,None Indicated,,Daylight,Snow,Clear,"Surface condition (e.g., wet, icy)",Non-intersection:  Non-junction/no special feature,Paved,,Property Damage Only,0,0,0,0,0,0,4500,2,1,,POINT (-92.02603176046 42.167690226761)
2014785823,14010016,01/23/2014,01-January,5-Thursday,09:50,0900 Hours,District 5 (Southeast),KEOTA,KEOKUK,,W BROADWAY AVE,Collision with:  Vehicle in traffic,On Roadway,Rear-end (front to rear),Driving too fast for conditions,None Indicated,,Daylight,Ice/frost,Clear,"Surface condition (e.g., wet, icy)",Non-intersection:  Non-junction/no special feature,Paved,,Possible/Unknown,0,1,0,0,1,0,3000,2,3,,POINT (-91.955342255559 41.363863080086)
2014781948,14-850,01/23/2014,01-January,5-Thursday,06:00,0600 Hours,District 3 (Northwest),HOSPERS,SIOUX,,HOSPERS DR S,Collision with:  Vehicle in traffic,On Roadway,Head-on (front to front),Crossed centerline (undivided),None Indicated,,Dark - roadway not lighted,Dry,Clear,None apparent,Non-intersection:  Non-junction/no special feature,Paved,,Property Damage Only,0,0,0,0,0,0,7000,2,4,,POINT (-95.910306405481 43.068400432022)
2014782376,,01/23/2014,01-January,5-Thursday,15:50,1500 Hours,District 6 (East Central),CEDAR RAPIDS,LINN,,14TH ST SW & WILSON AVE SW,Collision with:  Vehicle in traffic,On Roadway,Rear-end (front to rear),Unknown,None Indicated,,Daylight,Dry,Clear,,Intersection:  Other intersection (explain in narrative),Paved,,Minor Injury,0,1,0,1,0,0,4000,2,2,,POINT (-91.691681776308 41.956254995792)
2014781072,20140002046,01/23/2014,01-January,5-Thursday,14:00,1400 Hours,District 1 (Central),DES MOINES,POLK,,COURT AVE & 4TH ST,Collision with:  Vehicle in traffic,On Roadway,"Sideswipe, same direction",Other (explain in narrative):  No improper action,None Indicated,,Daylight,Dry,Clear,None apparent,Non-intersection:  Non-junction/no special feature,Paved,,Property Damage Only,0,0,0,0,0,0,5500,2,4,,POINT (-93.621652142046 41.585040515009)
2014781341,201400794,01/23/2014,01-January,5-Thursday,17:45,1700 Hours,District 6 (East Central),IOWA CITY,JOHNSON,,RYAN CT,Collision with:  Vehicle in traffic,On Roadway,Rear-end (front to rear),Lost Control,None Indicated,,Dusk,Snow,Clear,"Surface condition (e.g., wet, icy)",Non-intersection:  Non-junction/no special feature,Paved,,Property Damage Only,0,0,0,0,0,0,6200,3,2,,POINT (-91.601805280591 41.667153411559)
2014781342,2014000771,01/23/2014,01-January,5-Thursday,08:04,0800 Hours,District 6 (East Central),IOWA CITY,JOHNSON,,ROCHESTER AVE & N 1ST AVE,Collision with:  Vehicle in traffic,On Roadway,Rear-end (front to rear),Followed too close,None Indicated,,Daylight,Dry,Clear,None apparent,Non-intersection:  Non-junction/no special feature,Paved,,Property Damage Only,0,0,0,0,0,0,3500,2,3,,POINT (-91.502114630635 41.666293511982)
2014781615,14001699,01/23/2014,01-January,5-Thursday,14:02,1400 Hours,District 5 (Southeast),OSKALOOSA,MAHASKA,,5TH AVE E & S 2ND ST,Collision with:  Vehicle in traffic,On Roadway,Broadside (front to side),FTYROW:  From stop sign,None Indicated,,Daylight,Dry,Clear,None apparent,Intersection:  Four-way intersection,Paved,,Property Damage Only,0,0,0,0,0,0,2000,2,2,,POINT (-92.642640406402 41.290871936417)
2014781635,14-000343,01/23/2014,01-January,5-Thursday,21:40,2100 Hours,District 1 (Central),ANKENY,POLK,IA 160,IA 160/SW ORALABOR RD,Collision with:  Vehicle in traffic,On Roadway,Rear-end (front to rear),Followed too close,None Indicated,,Dark - roadway lighted,Dry,Clear,None apparent,Non-intersection:  Non-junction/no special feature,Paved,,Property Damage Only,0,0,0,0,0,0,2500,2,2,,POINT (-93.615058315958 41.702943753713)
2014781296,W14-007513,01/23/2014,01-January,5-Thursday,14:21,1400 Hours,District 2 (Northeast),WATERLOO,BLACK HAWK,,E RIDGEWAY AVE & KIMBALL AVE,Collision with:  Vehicle in traffic,On Roadway,Broadside (front to side),FTYROW:  Making right turn on red signal,None Indicated,,Daylight,Dry,Clear,None apparent,Intersection:  Four-way intersection,Paved,,Property Damage Only,0,0,0,0,0,0,3000,2,4,,POINT (-92.356959998969 42.469358548465)
2014781590,2014000804,01/23/2014,01-January,5-Thursday,22:27,2200 Hours,District 6 (East Central),IOWA CITY,JOHNSON,,H ST,Collision with:  Vehicle in traffic,On Roadway,"Sideswipe, opposite direction",Lost Control,Alcohol (Statutory),,Dark - roadway not lighted,Snow,Clear,"Surface condition (e.g., wet, icy)",Non-intersection:  Non-junction/no special feature,Paved,,Property Damage Only,0,0,0,0,0,0,4000,2,1,,POINT (-91.509108033223 41.648478847937)
2014781065,14-488,01/23/2014,01-January,5-Thursday,08:50,0800 Hours,District 1 (Central),DES MOINES,POLK,,Co Rd R6F/NW 66TH AVE,Collision with:  Vehicle in traffic,On Roadway,"Sideswipe, opposite direction",Crossed centerline (undivided),None Indicated,,Daylight,Dry,Clear,None apparent,Intersection:  T-intersection,Paved,,Possible/Unknown,0,1,0,0,1,0,8000,2,2,,POINT (-93.629836990099 41.680300948256)
2014781081,20140002026,01/23/2014,01-January,5-Thursday,09:45,0900 Hours,District 1 (Central),DES MOINES,POLK,,HIGH ST & 15TH ST,Collision with:  Vehicle in traffic,On Roadway,Broadside (front to side),FTYROW:  From stop sign,None Indicated,,Daylight,Dry,Clear,None apparent,Intersection:  Four-way intersection,Paved,,Property Damage Only,0,0,0,0,0,0,3000,2,3,,POINT (-93.637112714451 41.587117620692)
2014781079,20140002024,01/23/2014,01-January,5-Thursday,03:00,0300 Hours,District 1 (Central),DES MOINES,POLK,,FOREST AVE & 19TH ST,Collision with:  Vehicle in traffic,On Roadway,Broadside (front to side),Ran Traffic Signal,None Indicated,,Dark - roadway lighted,Dry,Clear,None apparent,Intersection:  Four-way intersection,Paved,,Property Damage Only,0,0,0,0,0,0,3000,2,2,,POINT (-93.64265573372 41.604074417715)
2014781340,2014000791,01/23/2014,01-January,5-Thursday,17:32,1700 Hours,District 6 (East Central),IOWA CITY,JOHNSON,,WATERFRONT DR & S GILBERT ST,Collision with:  Vehicle in traffic,On Roadway,Broadside (front to side),FTYROW:  From stop sign,None Indicated,,Dark - roadway lighted,Snow,Cloudy,None apparent,Intersection:  Four-way intersection,Paved,,Property Damage Only,0,0,0,0,0,0,2000,2,2,,POINT (-91.532592803624 41.644935183833)
2014781589,2014000785,01/23/2014,01-January,5-Thursday,13:08,1300 Hours,District 6 (East Central),IOWA CITY,JOHNSON,,MUSCATINE AVE & S 7TH AVE,Collision with:  Vehicle in traffic,On Roadway,Broadside (front to side),FTYROW:  From stop sign,None Indicated,,Daylight,Snow,Clear,None apparent,Intersection:  Four-way intersection,Paved,,Property Damage Only,0,0,0,0,0,0,6000,2,2,,POINT (-91.51158846408 41.654446517698)
2014781638,14-000342,01/23/2014,01-January,5-Thursday,19:20,1900 Hours,District 1 (Central),ANKENY,POLK,US 69,US 69/S ANKENY BLVD/N ANKENY BLVD & W 1ST ST & E 1ST ST,Collision with:  Vehicle in traffic,On Roadway,"Sideswipe, opposite direction",FTYROW:  Making left turn,None Indicated,,Dark - roadway lighted,Dry,Clear,None apparent,Intersection:  Four-way intersection,Paved,,Property Damage Only,0,0,0,0,0,0,10000,2,5,,POINT (-93.600375962325 41.731870994936)
2014781327,C14000255,01/23/2014,01-January,5-Thursday,00:10,0000 Hours,District 6 (East Central),CORALVILLE,JOHNSON,I-80,I-80 & IA 965/CORAL RIDGE AVE & COMMERCE DR,Collision with:  Vehicle in traffic,On Roadway,Broadside (front to side),Ran Traffic Signal,None Indicated,,Dark - roadway lighted,Dry,Cloudy,None apparent,Intersection:  Four-way intersection,Paved,,Possible/Unknown,0,2,0,0,2,0,8000,2,6,,POINT (-91.608463971915 41.695957100603)
2014781315,01-14-3330,01/23/2014,01-January,5-Thursday,17:54,1700 Hours,District 6 (East Central),DUBUQUE,DUBUQUE,US 20,US 20/DODGE ST,Collision with:  Vehicle in traffic,On Roadway,Rear-end (front to rear),Lost Control,None Indicated,,Dark - roadway lighted,Dry,Clear,None apparent,Non-intersection:  Non-junction/no special feature,Paved,,Property Damage Only,0,0,0,0,0,0,4500,2,4,,POINT (-90.710145257691 42.49231957213)
2014781377,14-505,01/23/2014,01-January,5-Thursday,13:58,1300 Hours,District 1 (Central),,POLK,,NE 31ST ST,Collision with:  Vehicle in traffic,On Roadway,Rear-end (front to rear),Other (explain in narrative):  Other,None Indicated,,Daylight,Dry,Clear,None apparent,Non-intersection:  Non-junction/no special feature,Paved,,Property Damage Only,0,0,0,0,0,0,2500,2,2,,POINT (-93.556264460602 41.647444224156)
2014781309,14-02555,01/23/2014,01-January,5-Thursday,17:31,1700 Hours,District 5 (Southeast),BURLINGTON,DES MOINES,,MT PLEASANT ST & COTTONWOOD CT,Collision with:  Vehicle in traffic,On Roadway,Rear-end (front to rear),Unknown,None Indicated,,Dark - roadway lighted,Ice/frost,Clear,"Surface condition (e.g., wet, icy)",Non-intersection:  Non-junction/no special feature,Paved,,Property Damage Only,0,0,0,0,0,0,2000,2,3,,POINT (-91.138448667792 40.825737323024)
2014781408,14-002973,01/23/2014,01-January,5-Thursday,20:35,2000 Hours,District 4 (Southwest),COUNCIL BLUFFS,POTTAWATTAMIE,,2ND AVE & SERVICE RD B,Collision with fixed object:  Guardrail - face,On Roadway,Non-collision (single vehicle),Lost Control,Refused,,Dark - roadway lighted,Dry,Clear,None apparent,Intersection:  T-intersection,Paved,,Possible/Unknown,0,1,0,0,1,0,1525,1,1,,POINT (-95.906646240585 41.259744695417)
2014781414,14-1284,01/23/2014,01-January,5-Thursday,16:01,1600 Hours,District 6 (East Central),BETTENDORF,SCOTT,,SPRUCE HILLS DR & LEARNING CAMPUS DR,Collision with:  Vehicle in traffic,On Roadway,Broadside (front to side),FTYROW:  From driveway,None Indicated,,Daylight,Dry,Clear,None apparent,Non-intersection:  Driveway access (within),Paved,,Possible/Unknown,0,1,0,0,1,0,7500,2,2,,POINT (-90.504208747075 41.550430433878)
2014787716,20140287,01/23/2014,01-January,5-Thursday,23:35,2300 Hours,District 1 (Central),,GRUNDY,US 20,US 20,Non-collision events:  Overturn/rollover,Roadside,Non-collision (single vehicle),Swerving/Evasive Action,None Indicated,,Dark - roadway not lighted,Dry,Cloudy,None apparent,Non-intersection:  Non-junction/no special feature,Paved,,Possible/Unknown,0,1,0,0,1,0,85000,1,1,,POINT (-92.73294284799 42.462980090331)
2014781422,2014-5065,01/23/2014,01-January,5-Thursday,07:38,0700 Hours,District 6 (East Central),DAVENPORT,SCOTT,,W LOCUST ST & HICKORY GROVE RD & N DIVISION ST,Collision with:  Vehicle in traffic,On Roadway,"Sideswipe, same direction",Unknown,None Indicated,,Daylight,Dry,Clear,None apparent,Intersection:  Five points or more,Paved,,Property Damage Only,0,0,0,0,0,0,4000,2,3,,POINT (-90.601077565245 41.53825417734)
2014781294,W14-007662,01/23/2014,01-January,5-Thursday,23:00,2300 Hours,District 2 (Northeast),WATERLOO,BLACK HAWK,,E SHAULIS RD,Collision with:  Vehicle in traffic,On Roadway,"Sideswipe, opposite direction",Crossed centerline (undivided),None Indicated,,Dark - roadway not lighted,Dry,Clear,None apparent,Non-intersection:  Other non-intersection (explain in narrative),Paved,,Property Damage Only,0,0,0,0,0,0,5000,2,2,,POINT (-92.301009046687 42.442616709732)
2014784084,,01/23/2014,01-January,5-Thursday,18:44,1800 Hours,District 2 (Northeast),HAMPTON,FRANKLIN,,2ND AVE SW & 5TH ST SW,Collision with:  Vehicle in traffic,On Roadway,Broadside (front to side),Unknown,None Indicated,,Dark - roadway lighted,Ice/frost,Cloudy,"Surface condition (e.g., wet, icy)",Intersection:  Four-way intersection,Paved,,Property Damage Only,0,0,0,0,0,0,3800,2,3,,POINT (-93.213521221339 42.739882951133)
2014781351,201401123,01/23/2014,01-January,5-Thursday,02:40,0200 Hours,District 6 (East Central),CEDAR RAPIDS,LINN,I-380,I-380,Collision with fixed object:  Utility pole/light support,Outside trafficway,Non-collision (single vehicle),Ran off road - right,None Indicated,,Dark - roadway lighted,Dry,Clear,None apparent,Non-intersection:  Non-junction/no special feature,Paved,,Property Damage Only,0,0,0,0,0,0,10224,1,1,,POINT (-91.665075796718 41.983427365188)
2014781879,14000373,01/23/2014,01-January,5-Thursday,17:10,1700 Hours,District 3 (Northwest),SHELDON,OBRIEN,,ELM CT & WASHINGTON AVE,Collision with:  Parked motor vehicle,On Roadway,Unknown,Improper Backing,None Indicated,,Daylight,Dry,Clear,None apparent,Non-intersection:  Non-junction/no special feature,Paved,,Property Damage Only,0,0,0,0,0,0,4000,2,1,,POINT (-95.842081588462 43.180579507795)
2014786397,2014-5172,01/23/2014,01-January,5-Thursday,18:17,1800 Hours,District 6 (East Central),DAVENPORT,SCOTT,,IA 461/WELCOME WAY,Collision with:  Vehicle in traffic,On Roadway,"Angle, oncoming left turn",Made improper turn,None Indicated,,Dark - roadway lighted,Dry,Clear,None apparent,Non-intersection:  Non-junction/no special feature,Paved,,Property Damage Only,0,0,0,0,0,0,6500,2,6,,POINT (-90.571688118153 41.575310674677)
2014781338,2014000772,01/23/2014,01-January,5-Thursday,08:04,0800 Hours,District 6 (East Central),IOWA CITY,JOHNSON,,N 1ST AVE,Collision with:  Vehicle in traffic,On Roadway,Broadside (front to side),FTYROW:  From driveway,None Indicated,,Daylight,Snow,Clear,"Surface condition (e.g., wet, icy)",Non-intersection:  Driveway access (within),Paved,,Property Damage Only,0,0,0,0,0,0,8600,2,3,,POINT (-91.502090372731 41.663194845565)
2014781397,20140002052,01/23/2014,01-January,5-Thursday,15:00,1500 Hours,District 1 (Central),DES MOINES,POLK,,INGERSOLL AVE & 15TH ST,Collision with:  Vehicle in traffic,On Roadway,Broadside (front to side),Ran Traffic Signal,None Indicated,,Daylight,Dry,Clear,None apparent,Intersection:  Four-way intersection,Paved,,Possible/Unknown,0,1,0,0,1,0,10000,2,3,,POINT (-93.63713967159 41.586198731386)
2014781707,S79140024,01/23/2014,01-January,5-Thursday,17:00,1700 Hours,District 1 (Central),MONTEZUMA,POWESHIEK,US 63,US 63,Collision with:  Animal,On Roadway,Non-collision (single vehicle),Animal,None Indicated,,Daylight,Dry,Clear,None apparent,Non-intersection:  Non-junction/no special feature,Paved,,Possible/Unknown,0,1,0,0,0,1,3000,1,1,,POINT (-92.555955420276 41.509184102653)
2014781306,2014-0280,01/23/2014,01-January,5-Thursday,09:26,0900 Hours,District 4 (Southwest),WAUKEE,DALLAS,US 6,US 6/HICKMAN AVE & WESTGATE DR,Collision with:  Vehicle in traffic,On Roadway,Rear-end (front to rear),Other (explain in narrative):  Other,None Indicated,,Daylight,Snow,Cloudy,None apparent,Intersection:  T-intersection,Paved,,Property Damage Only,0,0,0,0,0,0,10000,2,2,,POINT (-93.862542034026 41.614974737675)
2014781078,20140002021,01/23/2014,01-January,5-Thursday,07:40,0700 Hours,District 1 (Central),DES MOINES,POLK,,,Collision with:  Vehicle in traffic,On Roadway,"Angle, oncoming left turn",Other (explain in narrative):  Vision obstructed,None Indicated,,Daylight,Dry,Clear,None apparent,Non-intersection:  Driveway access (within),,,Property Damage Only,0,0,0,0,0,0,2000,2,3,,POINT (-96.643700149993 40.233091251414)
2014781361,14001533,01/23/2014,01-January,5-Thursday,11:34,1100 Hours,District 6 (East Central),MARION,LINN,,10TH AVE & CENTRAL AVE & 10TH ST,Collision with:  Vehicle in traffic,On Roadway,"Angle, oncoming left turn",FTYROW:  Making left turn,None Indicated,,Daylight,Dry,Clear,None apparent,Intersection:  Four-way intersection,Paved,,Property Damage Only,0,0,0,0,0,0,8000,2,2,,POINT (-91.599311449026 42.036276588049)
2014781352,201401136,01/23/2014,01-January,5-Thursday,13:04,1300 Hours,District 6 (East Central),CEDAR RAPIDS,LINN,,9TH AVE SE & 6TH ST SE,Collision with:  Vehicle in traffic,On Roadway,Broadside (front to side),Ran Stop Sign,None Indicated,,Daylight,Snow,Clear,None apparent,Intersection:  Four-way intersection,Paved,,Property Damage Only,0,0,0,0,0,0,5900,2,2,,POINT (-91.657367408871 41.974565188277)
2014788113,2014-5050,01/23/2014,01-January,5-Thursday,04:07,0400 Hours,District 6 (East Central),DAVENPORT,SCOTT,,IA 461/HARRISON ST & W LOMBARD ST,Collision with:  Other non-fixed object (explain in narrative),On Roadway,Non-collision (single vehicle),Lost Control,Refused,,Dark - roadway lighted,Dry,Clear,None apparent,Intersection:  Four-way intersection,Paved,,Property Damage Only,0,0,0,0,0,0,2500,1,1,,POINT (-90.577243933901 41.541870161488)
2014781307,14-002551,01/23/2014,01-January,5-Thursday,16:37,1600 Hours,District 5 (Southeast),BURLINGTON,DES MOINES,,OAK ST & 9TH ST,Collision with:  Vehicle in traffic,On Roadway,Broadside (front to side),Lost Control,None Indicated,,Daylight,Snow,Cloudy,"Surface condition (e.g., wet, icy)",Non-intersection:  Non-junction/no special feature,Paved,,Property Damage Only,0,0,0,0,0,0,2500,2,3,,POINT (-91.106960139031 40.823405201974)
2014782538,W14-007489,01/23/2014,01-January,5-Thursday,13:03,1300 Hours,District 2 (Northeast),WATERLOO,BLACK HAWK,,E ORANGE RD,Collision with:  Vehicle in traffic,On Roadway,Broadside (front to side),FTYROW:  From stop sign,None Indicated,,Daylight,Ice/frost,Clear,None apparent,Intersection:  Four-way intersection,Paved,,Property Damage Only,0,0,0,0,0,0,5500,2,3,,POINT (-92.327886254543 42.428476051281)
2014789621,14-0162,01/23/2014,01-January,5-Thursday,07:40,0700 Hours,District 1 (Central),URBANDALE,POLK,,128TH ST,Collision with:  Vehicle in traffic,On Roadway,"Sideswipe, same direction",Other (explain in narrative):  Other,None Indicated,,Daylight,Dry,Clear,None apparent,Non-intersection:  Non-junction/no special feature,Paved,,Property Damage Only,0,0,0,0,0,0,1500,2,2,,POINT (-93.791529969012 41.615521657329)