Iowa DOT Case Number,Law Enforcement Case Number,Date of Crash,Month of Crash,Day of Week,Time of Crash,Hour,DOT District,City Name,County Name,Route with System,Location Description,First Harmful Event,Location of First Harmful Event,Manner of Crash/Collision,Major Cause,Drug or Alcohol ,Environmental Conditions,Light Conditions,Surface Conditions,Weather Conditions,Roadway Contribution,Roadway Type,Roadway Surface,Work Zone,Crash Severity,Number of Fatalities,Number of Injuries,Number of Major Injuries,Number of Minor Injuries,Number of Possible Injuries,Number of Unknown Injuries,Amount of Property Damage,Number of Vehicles Involved,Total Number of Occupants,Travel Direction,Location
2014781083,20130002038,01/23/2014,01-January,5-Thursday,11:21,1100 Hours,District 1 (Central),DES MOINES,POLK,,FOREST AVE & 31ST ST,Collision with:  Vehicle in traffic,On Roadway,Rear-end (front to rear),Driver Distraction:  Manual operation of an electronic communication device,None Indicated,,Daylight,Dry,Cloudy,None apparent,Intersection:  Four-way intersection,Paved,,Property Damage Only,0,0,0,0,0,0,3750,2,2,,POINT (-93.659731685819 41.603995707509)
2014781082,20140002039,01/23/2014,01-January,5-Thursday,11:35,1100 Hours,District 1 (Central),DES MOINES,POLK,,UNIVERSITY AVE & 2ND AVE,Collision with:  Vehicle in traffic,On Roadway,Rear-end (front to rear),Other (explain in narrative):  Other,None Indicated,,Daylight,Dry,Clear,None apparent,Intersection:  Four-way intersection,Paved,,Property Damage Only,0,0,0,0,0,0,6500,2,3,,POINT (-93.619746770592 41.60031808164)
2014835070,14-000210,01/23/2014,01-January,5-Thursday,07:00,0700 Hours,District 2 (Northeast),,HANCOCK,,Co Rd R20/DEER AVE,Collision with fixed object:  Ditch,Shoulder,Non-collision (single vehicle),Crossed centerline (undivided),None Indicated,,Daylight,Dry,Cloudy,None apparent,Non-intersection:  Non-junction/no special feature,Paved,,Property Damage Only,0,0,0,0,0,0,2000,1,1,,POINT (-93.91143260814 43.247247167491)
2014781440,14-852,01/23/2014,01-January,5-Thursday,06:47,0600 Hours,District 3 (Northwest),,SIOUX,US 18,US 18/US 75/320TH ST,Collision with:  Vehicle in traffic,On Roadway,"Angle, oncoming left turn",FTYROW:  From stop sign,None Indicated,,Dark - roadway lighted,Dry,Clear,None apparent,Intersection:  Four-way intersection,Paved,,Minor Injury,0,1,0,1,0,0,17000,2,2,,POINT (-96.177291372855 43.185718621867)
2014781386,20140002045,01/23/2014,01-January,5-Thursday,13:30,1300 Hours,District 1 (Central),DES MOINES,POLK,US 6,US 6/EUCLID AVE & 12TH ST,Collision with:  Vehicle in traffic,On Roadway,"Sideswipe, same direction","Operating vehicle in an reckless, erratic, careless, negligent manner",None Indicated,,Daylight,Dry,Clear,None apparent,Intersection:  Four-way intersection,Paved,,Property Damage Only,0,0,0,0,0,0,4800,2,3,,POINT (-93.634414407596 41.627656020024)
2014783108,14-000316,01/23/2014,01-January,5-Thursday,15:55,1500 Hours,District 1 (Central),AMES,STORY,,MAYFIELD DR,Collision with:  Vehicle in traffic,On Roadway,Head-on (front to front),Other (explain in narrative):  Other,None Indicated,,Daylight,Dry,Clear,None apparent,Non-intersection:  Non-junction/no special feature,Paved,,Property Damage Only,0,0,0,0,0,0,10000,2,4,,POINT (-93.672110598736 42.011171006058)
2014811394,14-000531,01/23/2014,01-January,5-Thursday,04:17,0400 Hours,District 4 (Southwest),,CASS,,NIGHTHAWK AVE & AKRON RD & 710TH ST,Non-collision events:  Overturn/rollover,Outside trafficway,Non-collision (single vehicle),Ran Stop Sign,Alcohol (< Statutory),,Dark - roadway not lighted,Dry,Clear,None apparent,Intersection:  Four-way intersection,Unpaved,,Possible/Unknown,0,1,0,0,1,0,3500,1,5,,POINT (-94.835070650071 41.504379444934)
2014782665,14-000741,01/23/2014,01-January,5-Thursday,10:47,1000 Hours,District 2 (Northeast),,FAYETTE,,QUAIL RD,Collision with fixed object:  Ditch,On Roadway,Non-collision (single vehicle),Ran off road - left,None Indicated,,Daylight,Snow,Clear,None apparent,Non-intersection:  Non-junction/no special feature,Unpaved,,Property Damage Only,0,0,0,0,0,0,2000,1,1,,POINT (-91.923234055934 43.049704815843)
2014781063,14-485,01/23/2014,01-January,5-Thursday,03:32,0300 Hours,District 1 (Central),,POLK,I-35,I-35,Collision with fixed object:  Concrete traffic barrier (median or right side),Shoulder,Non-collision (single vehicle),Ran off road - left,Under Influence of Alcohol/Drugs/Medications,,Dark - roadway not lighted,Dry,Clear,None apparent,Non-intersection:  Non-junction/no special feature,Paved,,Minor Injury,0,1,0,1,0,0,20000,1,1,,POINT (-93.624673140593 41.649488712837)
2014782515,,01/23/2014,01-January,5-Thursday,09:45,0900 Hours,District 6 (East Central),WILLIAMSBURG,IOWA,,STATE ST & LONG ST,Collision with:  Vehicle in traffic,On Roadway,Broadside (front to side),FTYROW:  From stop sign,None Indicated,,Daylight,Ice/frost,Clear,"Surface condition (e.g., wet, icy)",Intersection:  Four-way intersection,Paved,,Property Damage Only,0,0,0,0,0,0,5500,2,2,,POINT (-92.014259384722 41.661811898541)
2014782522,,01/23/2014,01-January,5-Thursday,21:00,2100 Hours,District 2 (Northeast),,FLOYD,US 18,US 18,Collision with:  Animal,On Roadway,Non-collision (single vehicle),Animal,None Indicated,,Dark - roadway not lighted,,"Blowing sand, soil, dirt",,,Paved,,Property Damage Only,0,0,0,0,0,0,6000,1,1,,POINT (-92.732283474488 43.116123295629)
2014784566,14-000087,01/23/2014,01-January,5-Thursday,09:43,0900 Hours,District 1 (Central),AMES,STORY,,UNIVERSITY BLVD,Collision with:  Vehicle in traffic,On Roadway,Rear-end (front to rear),Other (explain in narrative):  No improper action,None Indicated,,Daylight,Dry,Clear,None apparent,Intersection:  T-intersection,Paved,,Property Damage Only,0,0,0,0,0,0,2700,2,2,,POINT (-93.633628799529 42.027673773395)
2014784989,2014000767,01/23/2014,01-January,5-Thursday,00:01,0000 Hours,District 6 (East Central),IOWA CITY,JOHNSON,,N CLINTON ST & E MARKET ST,Collision with:  Vehicle in traffic,On Roadway,Rear-end (front to rear),Other (explain in narrative):  No improper action,None Indicated,,Dark - roadway lighted,Snow,"Blowing sand, soil, dirt",None apparent,Non-intersection:  Non-junction/no special feature,Paved,,Property Damage Only,0,0,0,0,0,0,8000,2,2,,POINT (-91.534583368088 41.663595781234)
2014787881,,01/23/2014,01-January,5-Thursday,06:20,0600 Hours,District 5 (Southeast),,MUSCATINE,,PETTIBONE AVE,Collision with:  Non-motorist (see non-motorist section - NOT a unit),On Roadway,Non-collision (single vehicle),Crossed centerline (undivided),None Indicated,,Dark - roadway lighted,Dry,Clear,None apparent,Non-intersection:  Non-junction/no special feature,Paved,,Minor Injury,0,1,0,1,0,0,2100,1,1,,POINT (-91.076265717927 41.362187987506)
2014781739,14-2272,01/23/2014,01-January,5-Thursday,15:10,1500 Hours,District 3 (Northwest),SIOUX CITY,WOODBURY,,GEORGE ST,Collision with:  Vehicle in traffic,On Roadway,"Sideswipe, same direction",Other (explain in narrative):  Other,None Indicated,,Daylight,Dry,Clear,None apparent,Non-intersection:  Non-junction/no special feature,Paved,,Property Damage Only,0,0,0,0,0,0,3000,2,3,,POINT (-96.427027876381 42.507012248338)
2014782375,,01/23/2014,01-January,5-Thursday,18:14,1800 Hours,District 2 (Northeast),CHARLES CITY,FLOYD,US 18,US 18/BRANTINGHAM ST & KELLY ST,Collision with:  Vehicle in traffic,On Roadway,Rear-end (front to rear),FTYROW:  From stop sign,None Indicated,,Dusk,Slush,Cloudy,None apparent,Intersection:  Four-way intersection,Paved,,Property Damage Only,0,0,0,0,0,0,1500,2,3,,POINT (-92.673990400842 43.066129739491)
2014781314,01-14-3269,01/23/2014,01-January,5-Thursday,11:32,1100 Hours,District 6 (East Central),DUBUQUE,DUBUQUE,,CRESCENT RDG,Non-collision events:  Jackknife,On Roadway,Non-collision (single vehicle),Lost Control,None Indicated,,Daylight,Dry,Clear,None apparent,Intersection:  Four-way intersection,Paved,,Property Damage Only,0,0,0,0,0,0,2200,1,1,,POINT (-90.732280950348 42.490247451755)
2014781650,20140002108,01/24/2014,01-January,6-Friday,07:55,0700 Hours,District 1 (Central),DES MOINES,POLK,,GRAND AVE & 27TH ST,Collision with:  Vehicle in traffic,On Roadway,Rear-end (front to rear),Followed too close,None Indicated,,Daylight,Dry,Cloudy,None apparent,Intersection:  T-intersection,Paved,,Property Damage Only,0,0,0,0,0,0,9000,2,2,,POINT (-93.652454024902 41.584401466274)
2014782371,,01/24/2014,01-January,6-Friday,07:57,0700 Hours,District 5 (Southeast),FORT MADISON,LEE,,AVE F,Collision with:  Parked motor vehicle,On Roadway,"Sideswipe, same direction","Operating vehicle in an reckless, erratic, careless, negligent manner",None Indicated,,Daylight,Ice/frost,Cloudy,None apparent,Non-intersection:  Non-junction/no special feature,Paved,,Property Damage Only,0,0,0,0,0,0,2000,2,1,,POINT (-91.321979990626 40.632078308329)
2014781636,14-000360,01/24/2014,01-January,6-Friday,21:05,2100 Hours,District 1 (Central),ANKENY,POLK,US 69,US 69/S ANKENY BLVD/N ANKENY BLVD & W 1ST ST & E 1ST ST,Collision with:  Vehicle in traffic,On Roadway,"Angle, oncoming left turn",FTYROW:  Making left turn,None Indicated,,Dark - roadway lighted,Wet,Clear,None apparent,Intersection:  Four-way intersection,Paved,,Property Damage Only,0,0,0,0,0,0,2500,2,2,,POINT (-93.600375962325 41.731870994936)
2014781596,2014000825,01/24/2014,01-January,6-Friday,10:32,1000 Hours,District 6 (East Central),IOWA CITY,JOHNSON,,S 1ST AVE,Collision with:  Vehicle in traffic,On Roadway,Rear-end (front to rear),"Operating vehicle in an reckless, erratic, careless, negligent manner",None Indicated,,Daylight,Wet,Cloudy,None apparent,Non-intersection:  Non-junction/no special feature,Paved,,Possible/Unknown,0,1,0,0,1,0,12000,3,6,,POINT (-91.501983561808 41.647593596698)
2014781792,2014005385,01/24/2014,01-January,6-Friday,07:20,0700 Hours,District 4 (Southwest),,DALLAS,,Co Rd F64/340TH TRL & Co Rd R16/VETERANS MEMORIAL DR,Collision with:  Animal,,,Animal,None Indicated,,,,,,,Paved,,Property Damage Only,0,0,0,0,0,0,4000,1,1,,POINT (-93.949045115686 41.538047305826)
2014781608,14001618,01/24/2014,01-January,6-Friday,16:42,1600 Hours,District 6 (East Central),MARION,LINN,,10TH AVE & 35TH ST,Collision with:  Vehicle in traffic,On Roadway,"Angle, oncoming left turn",FTYROW:  From stop sign,None Indicated,,Daylight,Dry,Cloudy,None apparent,Intersection:  T-intersection,Paved,,Property Damage Only,0,0,0,0,0,0,7000,2,2,,POINT (-91.574326748681 42.036311152914)
2014783689,14-000101,01/24/2014,01-January,6-Friday,22:58,2200 Hours,District 1 (Central),,STORY,,Co Rd S14/620TH AVE,Collision with fixed object:  Ditch,On Roadway,Non-collision (single vehicle),Driving too fast for conditions,None Indicated,,Dark - roadway not lighted,Ice/frost,"Sleet, hail","Surface condition (e.g., wet, icy)",Non-intersection:  Non-junction/no special feature,Paved,,Property Damage Only,0,0,0,0,0,0,5000,1,1,,POINT (-93.462924385957 41.985572613789)
2014782744,14022,01/24/2014,01-January,6-Friday,08:00,0800 Hours,District 5 (Southeast),PELLA,MARION,,WASHINGTON ST & HAZEL ST & VERMEER RD,Collision with fixed object:  Utility pole/light support,Shoulder,Non-collision (single vehicle),Made improper turn,None Indicated,,Daylight,Dry,Clear,None apparent,Non-intersection:  Non-junction/no special feature,Paved,,Property Damage Only,0,0,0,0,0,0,2200,1,1,,POINT (-92.909608331881 41.408058700818)
2014782028,,01/24/2014,01-January,6-Friday,10:09,1000 Hours,District 5 (Southeast),,LUCAS,US 34,US 34,Collision with:  Animal,On Roadway,Non-collision (single vehicle),Animal,None Indicated,,Daylight,Dry,Cloudy,None apparent,Non-intersection:  Non-junction/no special feature,Paved,,Possible/Unknown,0,1,0,0,1,0,4000,1,1,,POINT (-93.279571561065 41.003966356145)
2014781497,W14-008037,01/24/2014,01-January,6-Friday,23:48,2300 Hours,District 2 (Northeast),WATERLOO,BLACK HAWK,,FLAMMANG DR,Collision with:  Non-motorist (see non-motorist section - NOT a unit),On Roadway,Non-collision (single vehicle),Other (explain in narrative):  No improper action,None Indicated,,Dark - roadway lighted,Wet,Clear,None apparent,Non-intersection:  Non-junction/no special feature,Paved,,Major Injury,0,1,1,0,0,0,1000,1,1,,POINT (-92.325723234812 42.46014614295)
2014781393,20140002113,01/24/2014,01-January,6-Friday,09:00,0900 Hours,District 1 (Central),DES MOINES,POLK,,E DUNHAM AVE & SE 9TH ST,Collision with fixed object:  Guardrail - face,Outside trafficway,Non-collision (single vehicle),Exceeded authorized speed,None Indicated,,Daylight,Dry,Cloudy,None apparent,Intersection:  T-intersection,Paved,,Property Damage Only,0,0,0,0,0,0,10000,1,1,,POINT (-93.60074329948 41.572307299399)
2014783948,2014-5451,01/24/2014,01-January,6-Friday,19:50,1900 Hours,District 6 (East Central),DAVENPORT,SCOTT,,W 53RD ST & N PINE ST,Collision with:  Vehicle in traffic,On Roadway,Rear-end (front to rear),Followed too close,None Indicated,,Dark - roadway lighted,Wet,Snow,None apparent,Intersection:  Four-way intersection,Paved,,Property Damage Only,0,0,0,0,0,0,3000,2,2,,POINT (-90.610159644069 41.574478042071)
2014781286,14007763,01/24/2014,01-January,6-Friday,08:31,0800 Hours,District 2 (Northeast),CEDAR FALLS,BLACK HAWK,,12TH ST & WATERLOO RD & STATE ST,Collision with:  Vehicle in traffic,On Roadway,Rear-end (front to rear),Driving too fast for conditions,None Indicated,,Daylight,Ice/frost,Cloudy,"Surface condition (e.g., wet, icy)",Intersection:  Other intersection (explain in narrative),Paved,,Property Damage Only,0,0,0,0,0,0,4500,3,6,,POINT (-92.444235696498 42.527569450638)
2014781985,SO14-0087,01/24/2014,01-January,6-Friday,23:02,2300 Hours,District 2 (Northeast),,WRIGHT,IA 17,IA 17/IOWA 17,Collision with fixed object:  Ditch,On Roadway,Non-collision (single vehicle),Crossed centerline (undivided),None Indicated,,Dark - roadway not lighted,Wet,Rain,None apparent,Non-intersection:  Non-junction/no special feature,Paved,,Property Damage Only,0,0,0,0,0,0,2000,1,3,,POINT (-93.907847519786 42.697814424347)
2014783572,1401241849,01/24/2014,01-January,6-Friday,18:49,1800 Hours,District 6 (East Central),,JONES,US 151,US 151,Collision with:  Animal,,,Animal,None Indicated,,,,,,,Paved,,Property Damage Only,0,0,0,0,0,0,4000,1,1,,POINT (-91.228098259399 42.174683683217)
2014781641,14-0107,01/24/2014,01-January,6-Friday,17:30,1700 Hours,District 1 (Central),CLIVE,POLK,,NW 86TH ST,Collision with:  Vehicle in traffic,On Roadway,Broadside (front to side),Unknown,None Indicated,,Dark - roadway lighted,Dry,Clear,None apparent,Intersection:  Four-way intersection,Paved,,Property Damage Only,0,0,0,0,0,0,6000,2,2,,POINT (-93.736493540496 41.614076993427)
2014781933,2014-5392,01/24/2014,01-January,6-Friday,16:50,1600 Hours,District 6 (East Central),DAVENPORT,SCOTT,,E 10TH ST & BRIDGE AVE,Collision with:  Vehicle in traffic,On Roadway,Broadside (front to side),FTYROW:  From stop sign,None Indicated,,Dusk,Dry,Clear,None apparent,Intersection:  Four-way intersection,Paved,,Minor Injury,0,3,0,2,1,0,8000,2,4,,POINT (-90.557859744689 41.530084814566)
2014781550,01-14-3474,01/24/2014,01-January,6-Friday,15:08,1500 Hours,District 6 (East Central),DUBUQUE,DUBUQUE,,ASBURY RD,Collision with:  Vehicle in traffic,On Roadway,"Sideswipe, same direction",FTYROW:  Other (explain in narrative),None Indicated,,Daylight,Dry,Cloudy,None apparent,Non-intersection:  Non-junction/no special feature,Paved,,Property Damage Only,0,0,0,0,0,0,6500,2,2,,POINT (-90.696499779444 42.500078659573)
2014782521,,01/24/2014,01-January,6-Friday,17:30,1700 Hours,District 2 (Northeast),NORA SPRINGS,FLOYD,,Co Rd S70/ZINNIA AVE,Collision with:  Animal,On Roadway,Non-collision (single vehicle),Animal,None Indicated,,Dark - roadway not lighted,,Cloudy,,,Paved,,Property Damage Only,0,0,0,0,0,0,3000,1,1,,POINT (-93.023659422885 43.141800790888)
2014781359,201401167,01/24/2014,01-January,6-Friday,09:22,0900 Hours,District 6 (East Central),CEDAR RAPIDS,LINN,,15TH AVE SW & 6TH ST SW,Collision with:  Vehicle in traffic,On Roadway,Broadside (front to side),Ran Traffic Signal,None Indicated,,Daylight,Dry,Cloudy,None apparent,Intersection:  Four-way intersection,Paved,,Property Damage Only,0,0,0,0,0,0,3500,2,2,,POINT (-91.677065978833 41.962851346953)
2014781593,2014000838,01/24/2014,01-January,6-Friday,17:02,1700 Hours,District 6 (East Central),IOWA CITY,JOHNSON,,ASHLEY DR & WYLDE GREEN RD,Collision with:  Vehicle in traffic,On Roadway,Broadside (front to side),FTYROW:  From driveway,None Indicated,,Daylight,Snow,Cloudy,None apparent,Non-intersection:  Driveway access (within),Paved,,Property Damage Only,0,0,0,0,0,0,2500,2,2,,POINT (-91.558619165332 41.643607285094)
2014781862,P14-000996,01/24/2014,01-January,6-Friday,14:53,1400 Hours,District 1 (Central),WEBSTER CITY,HAMILTON,,2ND ST & BEACH ST,Collision with:  Vehicle in traffic,On Roadway,"Angle, oncoming left turn",FTYROW:  Making left turn,None Indicated,,Daylight,Dry,Cloudy,None apparent,Intersection:  Four-way intersection,Paved,,Property Damage Only,0,0,0,0,0,0,3500,2,3,,POINT (-93.835362625632 42.469577108243)
2014782144,14-0050,01/24/2014,01-January,6-Friday,19:10,1900 Hours,District 1 (Central),FORT DODGE,WEBSTER,,N 19TH ST,Non-collision events:  Other non-collision (explain in narrative),On Roadway,Non-collision (single vehicle),"Operating vehicle in an reckless, erratic, careless, negligent manner",Refused,,Dark - roadway not lighted,Wet,"Sleet, hail",None apparent,Intersection:  Other intersection (explain in narrative),Paved,,Property Damage Only,0,0,0,0,0,0,3500,1,1,,POINT (-94.172367319533 42.510086896428)
2014781395,20140002123,01/24/2014,01-January,6-Friday,12:30,1200 Hours,District 1 (Central),DES MOINES,POLK,US 69,US 69/SE 14TH ST,Collision with:  Vehicle in traffic,On Roadway,Rear-end (front to rear),Other (explain in narrative):  Other,None Indicated,,Daylight,Dry,Cloudy,None apparent,Non-intersection:  Driveway access (within),Paved,,Major Injury,0,1,1,0,0,0,10000,2,3,,POINT (-93.596885983327 41.567634593245)
2014781708,S79140025,01/24/2014,01-January,6-Friday,16:22,1600 Hours,District 1 (Central),,POWESHIEK,,500TH AVE,Non-collision events:  Overturn/rollover,On Roadway,Non-collision (single vehicle),Driving too fast for conditions,None Indicated,,Daylight,Snow,Clear,"Surface condition (e.g., wet, icy)",Non-intersection:  Non-junction/no special feature,Unpaved,,Property Damage Only,0,0,0,0,0,0,6000,1,1,,POINT (-92.580577883089 41.567121826925)
2014782400,14000406,01/24/2014,01-January,6-Friday,15:28,1500 Hours,District 2 (Northeast),,CERRO GORDO,US 18,US 18/SW RAMP/SE RAMP & US 65,Collision with:  Vehicle in traffic,On Roadway,"Sideswipe, same direction",Crossed centerline (undivided),None Indicated,,Daylight,Wet,Clear,None apparent,Non-intersection:  Other non-intersection (explain in narrative),Paved,,Property Damage Only,0,0,0,0,0,0,4900,2,2,,POINT (-93.201322307022 43.103058167437)
2014782738,14-000348,01/24/2014,01-January,6-Friday,23:12,2300 Hours,District 3 (Northwest),INWOOD,LYON,,W LINCOLN ST & E LINCOLN ST & S MAIN ST,Collision with fixed object:  Utility pole/light support,Roadside,Non-collision (single vehicle),Ran off road - right,None Indicated,,Dark - roadway not lighted,Ice/frost,Cloudy,"Surface condition (e.g., wet, icy)",Non-intersection:  Non-junction/no special feature,Paved,,Property Damage Only,0,0,0,0,0,0,8500,1,1,,POINT (-96.432196634146 43.303264960215)
2014781513,14-000574,01/24/2014,01-January,6-Friday,09:28,0900 Hours,District 4 (Southwest),ATLANTIC,CASS,,MAPLE ST,Collision with:  Vehicle in traffic,On Roadway,"Sideswipe, opposite direction",Crossed centerline (undivided),None Indicated,,Daylight,Dry,Clear,None apparent,Non-intersection:  Non-junction/no special feature,Paved,,Property Damage Only,0,0,0,0,0,0,8000,2,3,,POINT (-95.008910580927 41.398561233731)
2014781652,20140002137,01/24/2014,01-January,6-Friday,14:35,1400 Hours,District 1 (Central),DES MOINES,POLK,,SW 9TH ST,Collision with:  Vehicle in traffic,On Roadway,Rear-end (front to rear),Unknown,None Indicated,,Daylight,Dry,Clear,None apparent,Non-intersection:  Non-junction/no special feature,Paved,,Property Damage Only,0,0,0,0,0,0,4124,2,4,,POINT (-93.625780944169 41.555402183447)
2014793205,S201400159,01/24/2014,01-January,6-Friday,18:30,1800 Hours,District 3 (Northwest),,PALO ALTO,,Co Rd B55/430 ST,Collision with fixed object:  Ditch,On Roadway,Non-collision (single vehicle),Crossed centerline (undivided),None Indicated,,Dark - roadway not lighted,Ice/frost,Rain,"Surface condition (e.g., wet, icy)",Intersection:  Other intersection (explain in narrative),Paved,,Minor Injury,0,1,0,1,0,0,15000,1,1,,POINT (-94.509379385683 43.024068975333)
2014783687,14-000099,01/24/2014,01-January,6-Friday,21:37,2100 Hours,District 1 (Central),,STORY,,Co Rd R38/500TH AVE,Collision with fixed object:  Ditch,On Roadway,Non-collision (single vehicle),Driving too fast for conditions,None Indicated,,Dark - roadway not lighted,Ice/frost,"Sleet, hail","Surface condition (e.g., wet, icy)",Non-intersection:  Non-junction/no special feature,Paved,,Minor Injury,0,1,0,1,0,0,3000,1,2,,POINT (-93.698707669172 42.0567654311)
2014782496,2014-01530,01/24/2014,01-January,6-Friday,18:11,1800 Hours,District 5 (Southeast),,WARREN,,Co Rd G76/HWY G76,Collision with:  Animal,,,Animal,None Indicated,,,,,,,Paved,,Property Damage Only,0,0,0,0,0,0,5000,1,1,,POINT (-93.541789135652 41.190417223314)
2014781740,14-2384,01/24/2014,01-January,6-Friday,16:40,1600 Hours,District 3 (Northwest),SIOUX CITY,WOODBURY,,24TH ST & DOUGLAS ST,Collision with:  Vehicle in traffic,On Roadway,Broadside (front to side),FTYROW:  From stop sign,None Indicated,,Daylight,Dry,Clear,None apparent,Intersection:  Four-way intersection,Paved,,Property Damage Only,0,0,0,0,0,0,6000,2,2,,POINT (-96.406649422537 42.515184275914)
2014781580,14-1937,01/24/2014,01-January,6-Friday,14:24,1400 Hours,District 1 (Central),MONROE,JASPER,IA 14,IA 14/IOWA 14 S & Co Rd F62/HWY F-62 W,Collision with:  Vehicle in traffic,On Roadway,Head-on (front to front),Crossed centerline (undivided),None Indicated,,Daylight,Dry,Cloudy,None apparent,Intersection:  T-intersection,Paved,,Major Injury,0,2,1,1,0,0,18000,2,2,,POINT (-93.096991288957 41.573520498725)
2014782214,CL14000241,01/24/2014,01-January,6-Friday,17:53,1700 Hours,District 6 (East Central),CLINTON,CLINTON,US 67,US 67/N 3RD ST,Collision with:  Animal,On Roadway,Non-collision (single vehicle),Animal,None Indicated,,Dark - roadway not lighted,Dry,Cloudy,None apparent,Non-intersection:  Non-junction/no special feature,Paved,,Property Damage Only,0,0,0,0,0,0,4000,2,2,,POINT (-90.189633768085 41.90993063713)
2014782490,14-000097,01/24/2014,01-January,6-Friday,20:52,2000 Hours,District 1 (Central),STORY CITY,STORY,,Co Rd E18/130TH ST & 550TH AVE,Collision with:  Vehicle in traffic,On Roadway,Rear-end (front to rear),Driving too fast for conditions,None Indicated,,Dark - roadway not lighted,Ice/frost,Rain,"Surface condition (e.g., wet, icy)",Intersection:  Four-way intersection,Paved,,Minor Injury,0,1,0,1,0,0,16754,2,3,,POINT (-93.600855983655 42.166018177245)
2014781674,14-000168,01/24/2014,01-January,6-Friday,16:20,1600 Hours,District 1 (Central),DES MOINES,POLK,US 6,US 6/NW RAMP,Collision with:  Vehicle in traffic,On Roadway,Rear-end (front to rear),Other (explain in narrative):  Other,None Indicated,,Daylight,Dry,Cloudy,None apparent,Non-intersection:  Non-junction/no special feature,Paved,,Possible/Unknown,0,1,0,0,1,0,4000,2,2,,POINT (-93.514474516681 41.648953913772)
2014782273,14-003131,01/24/2014,01-January,6-Friday,10:59,1000 Hours,District 5 (Southeast),MUSCATINE,MUSCATINE,IA 22,IA 22/PARK AVE,Collision with:  Vehicle in traffic,On Roadway,Rear-end (front to rear),Other (explain in narrative):  Other,None Indicated,,Daylight,Dry,Clear,None apparent,Non-intersection:  Non-junction/no special feature,Paved,,Property Damage Only,0,0,0,0,0,0,2100,3,4,,POINT (-91.030195224355 41.45111733903)
2014781693,14-003139,01/24/2014,01-January,6-Friday,19:05,1900 Hours,District 4 (Southwest),COUNCIL BLUFFS,POTTAWATTAMIE,,2ND AVE & S 30TH ST,Collision with:  Vehicle in traffic,On Roadway,"Angle, oncoming left turn",FTYROW:  Making left turn,None Indicated,,Dark - roadway lighted,Dry,Clear,None apparent,Intersection:  T-intersection,Paved,,Possible/Unknown,0,2,0,0,2,0,3000,2,3,,POINT (-95.892433919038 41.259805710418)
2014781893,20140002175,01/24/2014,01-January,6-Friday,21:46,2100 Hours,District 1 (Central),DES MOINES,POLK,,E UNIVERSITY AVE & E 9TH ST,Collision with:  Vehicle in traffic,On Roadway,Broadside (front to side),Ran Traffic Signal,None Indicated,,Dark - roadway lighted,Wet,Rain,None apparent,Intersection:  Four-way intersection,Paved,,Possible/Unknown,0,1,0,0,0,1,10000,2,4,,POINT (-93.606559600362 41.60038841334)
2014787005,,01/24/2014,01-January,6-Friday,13:09,1300 Hours,District 2 (Northeast),DECORAH,WINNESHIEK,IA 9,IA 9/IOWA 9 & OLD STAGE RD & TROUT RUN RD,Collision with:  Vehicle in traffic,On Roadway,Rear-end (front to rear),Unknown,None Indicated,,Daylight,Dry,Clear,None apparent,Intersection:  Four-way intersection,Paved,,Property Damage Only,0,0,0,0,0,0,1501,2,2,,POINT (-91.755449155537 43.288428081059)
2014781808,,01/24/2014,01-January,6-Friday,08:28,0800 Hours,District 6 (East Central),ASBURY,DUBUQUE,,HALES MILL RD,Collision with:  Parked motor vehicle,Shoulder,Rear-end (front to rear),Swerving/Evasive Action,None Indicated,,Daylight,Snow,"Blowing sand, soil, dirt","Surface condition (e.g., wet, icy)",Non-intersection:  Non-junction/no special feature,Paved,,Property Damage Only,0,0,0,0,0,0,4500,2,3,,POINT (-90.758069108262 42.519733986023)
2014781692,14-003127,01/24/2014,01-January,6-Friday,17:28,1700 Hours,District 4 (Southwest),COUNCIL BLUFFS,POTTAWATTAMIE,,AVE G & N 30TH ST,Collision with:  Vehicle in traffic,On Roadway,"Angle, oncoming left turn",FTYROW:  From stop sign,None Indicated,,Dusk,Dry,Clear,None apparent,Intersection:  Four-way intersection,Paved,,Property Damage Only,0,0,0,0,0,0,4000,2,2,,POINT (-95.892442948252 41.268118311876)
2014781999,,01/24/2014,01-January,6-Friday,21:22,2100 Hours,District 6 (East Central),MARENGO,IOWA,,MARENGO AVE,Collision with fixed object:  Other fixed object (explain in narrative),On Roadway,Non-collision (single vehicle),Lost Control,Alcohol (Statutory),,Dark - roadway not lighted,Snow,Snow,None apparent,Non-intersection:  Non-junction/no special feature,Paved,,Property Damage Only,0,0,0,0,0,0,2500,1,1,,POINT (-92.068816799661 41.793993633861)
2014781605,201401188,01/24/2014,01-January,6-Friday,16:47,1600 Hours,District 6 (East Central),CEDAR RAPIDS,LINN,IA 922,IA 922/1ST AVE E & 19TH ST SE & 19TH ST NE,Collision with:  Vehicle in traffic,On Roadway,"Angle, oncoming left turn",Ran Traffic Signal,None Indicated,,Daylight,Dry,Clear,None apparent,Intersection:  Four-way intersection,Paved,,Property Damage Only,0,0,0,0,0,0,10000,2,5,,POINT (-91.644272978847 41.992721336289)