Iowa DOT Case Number,Law Enforcement Case Number,Date of Crash,Month of Crash,Day of Week,Time of Crash,Hour,DOT District,City Name,County Name,Route with System,Location Description,First Harmful Event,Location of First Harmful Event,Manner of Crash/Collision,Major Cause,Drug or Alcohol ,Environmental Conditions,Light Conditions,Surface Conditions,Weather Conditions,Roadway Contribution,Roadway Type,Roadway Surface,Work Zone,Crash Severity,Number of Fatalities,Number of Injuries,Number of Major Injuries,Number of Minor Injuries,Number of Possible Injuries,Number of Unknown Injuries,Amount of Property Damage,Number of Vehicles Involved,Total Number of Occupants,Travel Direction,Location
2014781894,20140002181,01/24/2014,01-January,6-Friday,23:40,2300 Hours,District 1 (Central),DES MOINES,POLK,I-235,I-235,Collision with fixed object:  Utility pole/light support,Shoulder,Non-collision (single vehicle),Ran off road - right,None Indicated,,Dark - roadway lighted,Wet,Rain,None apparent,Interchange-related:  Off-ramp,Paved,,Property Damage Only,0,0,0,0,0,0,3000,1,1,,POINT (-93.675970775305 41.590426559462)
2014781683,14-003047,01/24/2014,01-January,6-Friday,10:13,1000 Hours,District 4 (Southwest),COUNCIL BLUFFS,POTTAWATTAMIE,,AZTEC ST & VICTOR ST,Collision with:  Vehicle in traffic,On Roadway,"Angle, oncoming left turn",Made improper turn,None Indicated,,Daylight,Dry,Clear,None apparent,Intersection:  Four-way intersection,Paved,,Possible/Unknown,0,1,0,0,1,0,6000,2,3,,POINT (-95.84348508929 41.209149156674)
2014782025,,01/24/2014,01-January,6-Friday,16:16,1600 Hours,District 2 (Northeast),NEW HAMPTON,CHICKASAW,,S LINN AVE,Collision with:  Vehicle in traffic,On Roadway,"Sideswipe, same direction",Ran off road - right,None Indicated,,Dusk,Snow,Cloudy,None apparent,Non-intersection:  Non-junction/no special feature,Paved,,Property Damage Only,0,0,0,0,0,0,2500,2,2,,POINT (-92.317842505178 43.058329536819)
2014782011,,01/24/2014,01-January,6-Friday,20:05,2000 Hours,District 2 (Northeast),DAKOTA CITY,HUMBOLDT,,Co Rd P56/NEVADA AVE,Non-collision events:  Overturn/rollover,On Roadway,Non-collision (single vehicle),Swerving/Evasive Action,None Indicated,,Dark - roadway not lighted,Ice/frost,Cloudy,"Surface condition (e.g., wet, icy)",Non-intersection:  Non-junction/no special feature,Paved,,Property Damage Only,0,0,0,0,0,0,3000,1,1,,POINT (-94.188325468908 42.722984387298)
2014781579,14-001943,01/24/2014,01-January,6-Friday,14:00,1400 Hours,District 1 (Central),NEWTON,JASPER,,S 24TH AVE W,Collision with fixed object:  Ditch,On Roadway,Non-collision (single vehicle),Crossed centerline (undivided),None Indicated,,Daylight,Dry,Clear,None apparent,Non-intersection:  Non-junction/no special feature,Paved,,Property Damage Only,0,0,0,0,0,0,7500,1,1,,POINT (-93.084352409054 41.677762426415)
2014782429,14000495,01/24/2014,01-January,6-Friday,20:20,2000 Hours,District 1 (Central),WEBSTER CITY,HAMILTON,,Co Rd R27/TUNNEL MILL RD,Collision with fixed object:  Utility pole/light support,On Roadway,Non-collision (single vehicle),Driving too fast for conditions,None Indicated,,Dark - roadway not lighted,Ice/frost,"Sleet, hail","Surface condition (e.g., wet, icy)",Non-intersection:  Non-junction/no special feature,Paved,,Possible/Unknown,0,1,0,0,1,0,4200,1,1,,POINT (-93.844687448065 42.367759900112)
2014781657,20140002122,01/24/2014,01-January,6-Friday,12:20,1200 Hours,District 1 (Central),DES MOINES,POLK,,LAUREL ST & 2ND AVE,Collision with:  Vehicle in traffic,On Roadway,Rear-end (front to rear),Other (explain in narrative):  Other,None Indicated,,Daylight,Dry,Cloudy,None apparent,Intersection:  T-intersection,Paved,,Possible/Unknown,0,1,0,0,1,0,1600,2,4,,POINT (-93.619733521205 41.597679033655)
2014781522,14001187,01/24/2014,01-January,6-Friday,22:22,2200 Hours,District 2 (Northeast),MASON CITY,CERRO GORDO,,S KENTUCKY AVE,Collision with:  Vehicle in traffic,On Roadway,Broadside (front to side),Driving too fast for conditions,None Indicated,,Dark - roadway not lighted,Snow,Cloudy,"Surface condition (e.g., wet, icy)",Non-intersection:  Alley,Paved,,Possible/Unknown,0,1,0,0,1,0,3000,2,3,,POINT (-93.181125731886 43.142911554938)
2014781548,01-14-3467,01/24/2014,01-January,6-Friday,13:48,1300 Hours,District 6 (East Central),DUBUQUE,DUBUQUE,US 20,US 20/DODGE ST & IA 946/IOWA 946,Collision with:  Vehicle in traffic,On Roadway,Rear-end (front to rear),Followed too close,None Indicated,,Daylight,Dry,Cloudy,None apparent,Intersection:  Four-way intersection,Paved,,Possible/Unknown,0,1,0,0,1,0,1100,2,2,,POINT (-90.665098532681 42.492004570747)
2014781660,20140002161,01/24/2014,01-January,6-Friday,19:17,1900 Hours,District 1 (Central),DES MOINES,POLK,,BENNETT AVE & MLK JR PKWY,Collision with:  Vehicle in traffic,On Roadway,Rear-end (front to rear),Lost Control,Alcohol (Statutory),,Dark - roadway lighted,Dry,Cloudy,None apparent,Non-intersection:  Non-junction/no special feature,Paved,,Property Damage Only,0,0,0,0,0,0,11500,2,5,,POINT (-93.647392959126 41.618180150921)
2014782999,14-000336,01/24/2014,01-January,6-Friday,10:42,1000 Hours,District 3 (Northwest),,LYON,,KENNEDY AVE,Collision with:  Vehicle in traffic,On Roadway,"Sideswipe, opposite direction",Crossed centerline (undivided),None Indicated,,Daylight,Dry,Cloudy,None apparent,Non-intersection:  Non-junction/no special feature,Paved,,Major Injury,0,1,1,0,0,0,11200,2,2,,POINT (-95.998229832527 43.380204773843)
2014781295,W14-007680,01/24/2014,01-January,6-Friday,00:19,0000 Hours,District 2 (Northeast),WATERLOO,BLACK HAWK,,WESTFIELD AVE & RIVER RD & W CONGER ST & ANSBOROUGH AVE,Collision with fixed object:  Utility pole/light support,On Roadway,Non-collision (single vehicle),Driving too fast for conditions,Refused,,Dark - roadway lighted,Snow,Clear,"Surface condition (e.g., wet, icy)",Intersection:  Four-way intersection,Paved,,Possible/Unknown,0,1,0,0,1,0,6050,1,5,,POINT (-92.369342042605 42.509467346131)
2014781501,W14-007930,01/24/2014,01-January,6-Friday,17:43,1700 Hours,District 2 (Northeast),WATERLOO,BLACK HAWK,,BROADWAY ST & CONGER ST,Collision with:  Vehicle in traffic,On Roadway,Rear-end (front to rear),Followed too close,None Indicated,,Dark - roadway lighted,Wet,Clear,None apparent,Intersection:  Four-way intersection,Paved,,Major Injury,0,1,1,0,0,0,2600,2,2,,POINT (-92.345127806641 42.51215035499)
2014781626,SO 14000182,01/24/2014,01-January,6-Friday,14:35,1400 Hours,District 3 (Northwest),,PLYMOUTH,,LYNX AVE,Non-collision events:  Overturn/rollover,On Roadway,Non-collision (single vehicle),Over correcting/over steering,None Indicated,,Daylight,"Mud, dirt",Cloudy,Ruts/holes/bumps,Non-intersection:  Non-junction/no special feature,Unpaved,,Possible/Unknown,0,2,0,0,2,0,10000,1,2,,POINT (-96.174989333017 42.696045542732)
2014783402,2014-5361,01/24/2014,01-January,6-Friday,15:06,1500 Hours,District 6 (East Central),DAVENPORT,SCOTT,,W LOCUST ST & N HOWELL ST,Collision with:  Vehicle in traffic,On Roadway,"Angle, oncoming left turn",FTYROW:  Making left turn,None Indicated,,Daylight,Dry,Cloudy,None apparent,Intersection:  Four-way intersection,Paved,,Major Injury,0,3,1,0,2,0,8000,2,3,,POINT (-90.604685584108 41.538257377649)
2014782010,,01/24/2014,01-January,6-Friday,15:39,1500 Hours,District 2 (Northeast),,HUMBOLDT,,260TH ST,Collision with fixed object:  Tree,Roadside,Non-collision (single vehicle),Ran off road - right,None Indicated,,Daylight,Ice/frost,Cloudy,"Surface condition (e.g., wet, icy)",Non-intersection:  Non-junction/no special feature,Unpaved,,Property Damage Only,0,0,0,0,0,0,2600,1,1,,POINT (-94.211522954983 42.673562829691)
2014782344,2014005584,01/24/2014,01-January,6-Friday,22:25,2200 Hours,District 6 (East Central),,SCOTT,I-80,I-80,Collision with fixed object:  Ditch,On Roadway,Non-collision (single vehicle),Driving too fast for conditions,None Indicated,,Dark - roadway lighted,Ice/frost,Snow,None apparent,Non-intersection:  Non-junction/no special feature,Paved,,Possible/Unknown,0,1,0,0,1,0,5000,1,1,,POINT (-90.822194855215 41.627822381694)
2014781551,01-14-3500,01/24/2014,01-January,6-Friday,16:03,1600 Hours,District 6 (East Central),DUBUQUE,DUBUQUE,US 20,US 20/DODGE ST & BRUNSKILL RD,Collision with:  Vehicle in traffic,On Roadway,Rear-end (front to rear),Lost Control,None Indicated,,Dark - roadway lighted,Dry,Cloudy,None apparent,Non-intersection:  Non-junction/no special feature,Paved,,Possible/Unknown,0,1,0,0,1,0,3500,2,3,,POINT (-90.711711503065 42.49241390668)
2014781355,201401178,01/24/2014,01-January,6-Friday,12:44,1200 Hours,District 6 (East Central),CEDAR RAPIDS,LINN,IA 922,IA 922/1ST AVE E & 3RD ST SE & 3RD ST NE,Collision with:  Non-motorist (see non-motorist section - NOT a unit),On Roadway,Non-collision (single vehicle),FTYROW:  To pedestrian,None Indicated,,Daylight,Dry,Cloudy,None apparent,Intersection:  T-intersection,Paved,,Possible/Unknown,0,1,0,0,1,0,0,1,1,,POINT (-91.667611468172 41.97934088695)
2014781502,W14-007936,01/24/2014,01-January,6-Friday,18:00,1800 Hours,District 2 (Northeast),WATERLOO,BLACK HAWK,,MARTIN RD & ANSBOROUGH AVE,Collision with:  Vehicle in traffic,On Roadway,Broadside (front to side),FTYROW:  Making left turn,None Indicated,,Dusk,Wet,Clear,None apparent,Intersection:  Four-way intersection,Paved,,Property Damage Only,0,0,0,0,0,0,14500,3,5,,POINT (-92.376776593456 42.476645696353)
2014783081,2014-5250,01/24/2014,01-January,6-Friday,03:28,0300 Hours,District 6 (East Central),DAVENPORT,SCOTT,,W 46TH ST,Collision with fixed object:  Tree,Outside trafficway,Non-collision (single vehicle),Unknown,None Indicated,,Dark - roadway not lighted,Snow,Clear,Unknown,Non-intersection:  Non-junction/no special feature,Unpaved,,Property Damage Only,0,0,0,0,0,0,1550,1,1,,POINT (-90.657700800495 41.567252035193)
2014782109,14-0378,01/24/2014,01-January,6-Friday,21:34,2100 Hours,District 6 (East Central),HIAWATHA,LINN,I-380,I-380,Collision with fixed object:  Traffic sign support,On Roadway,Non-collision (single vehicle),Lost Control,None Indicated,,Dark - roadway not lighted,Snow,Snow,None apparent,Non-intersection:  Non-junction/no special feature,Paved,,Property Damage Only,0,0,0,0,0,0,5000,1,1,,POINT (-91.695836653919 42.051824292437)
2014781510,012414-133,01/24/2014,01-January,6-Friday,15:02,1500 Hours,District 3 (Northwest),ALTA,BUENA VISTA,,40TH AVE & SOUTH RIVER RD,Non-collision events:  Overturn/rollover,Shoulder,Non-collision (single vehicle),Ran off road - left,None Indicated,,Daylight,Dry,Clear,None apparent,Intersection:  T-intersection,Unpaved,,Property Damage Only,0,0,0,0,0,0,12800,1,1,,POINT (-95.328728269153 42.905610870736)
2014781619,2014000712,01/24/2014,01-January,6-Friday,10:00,1000 Hours,District 1 (Central),MARSHALLTOWN,MARSHALL,,E ANSON ST & S 18TH AVE,Collision with:  Vehicle in traffic,On Roadway,"Angle, oncoming left turn",FTYROW:  From stop sign,None Indicated,,Daylight,Dry,Cloudy,None apparent,Intersection:  Four-way intersection,Paved,,Property Damage Only,0,0,0,0,0,0,2250,2,2,,POINT (-92.883964695559 42.038325613704)
2014781390,20140002102,01/24/2014,01-January,6-Friday,07:04,0700 Hours,District 1 (Central),DES MOINES,POLK,,WATSON POWELL JR WAY & 7TH ST,Collision with:  Non-motorist (see non-motorist section - NOT a unit),On Roadway,Non-collision (single vehicle),FTYROW:  To pedestrian,None Indicated,,Dawn,Dry,Cloudy,None apparent,Intersection:  T-intersection,Paved,,Possible/Unknown,0,1,0,0,1,0,0,1,1,,POINT (-93.626986638554 41.589569217485)
2014781688,14-003102,01/24/2014,01-January,6-Friday,14:34,1400 Hours,District 4 (Southwest),COUNCIL BLUFFS,POTTAWATTAMIE,,23RD AVE & S 29TH ST,Collision with:  Vehicle in traffic,On Roadway,"Sideswipe, same direction",Other (explain in narrative):  Other,None Indicated,,Daylight,Dry,Cloudy,None apparent,Non-intersection:  Driveway access (within),Paved,,Property Damage Only,0,0,0,0,0,0,1800,2,4,,POINT (-95.890411838418 41.240213722685)
2014781424,2014-5269,01/24/2014,01-January,6-Friday,07:24,0700 Hours,District 6 (East Central),DAVENPORT,SCOTT,,W LOCUST ST & N ELSIE AVE,Collision with:  Vehicle in traffic,On Roadway,"Angle, oncoming left turn",FTYROW:  Making left turn,None Indicated,,Daylight,Dry,Cloudy,None apparent,Intersection:  Four-way intersection,Paved,,Possible/Unknown,0,1,0,0,1,0,9000,2,6,,POINT (-90.624935666137 41.538155253423)
2014781578,14-0379,01/24/2014,01-January,6-Friday,02:55,0200 Hours,District 3 (Northwest),BATTLE CREEK,IDA,,DAISY ST,Non-collision events:  Overturn/rollover,On Roadway,Non-collision (single vehicle),Driving too fast for conditions,Alcohol (Statutory),,Dark - roadway not lighted,Dry,Clear,None apparent,Non-intersection:  Non-junction/no special feature,Paved,,Possible/Unknown,0,1,0,0,1,0,10000,1,1,,POINT (-95.605095778322 42.312522136584)
2014782079,14000795,01/24/2014,01-January,6-Friday,21:00,2100 Hours,District 2 (Northeast),WAUCOMA,FAYETTE,,1ST AVE NW,Collision with:  Parked motor vehicle,Shoulder,Rear-end (front to rear),Lost Control,None Indicated,,Dark - roadway lighted,Ice/frost,Cloudy,"Surface condition (e.g., wet, icy)",Non-intersection:  Non-junction/no special feature,Paved,,Property Damage Only,0,0,0,0,0,0,1500,2,1,,POINT (-92.035419954028 43.058467678386)
2014781358,201401187,01/24/2014,01-January,6-Friday,15:36,1500 Hours,District 6 (East Central),CEDAR RAPIDS,LINN,,3RD AVE SW & 7TH ST SW,Collision with:  Vehicle in traffic,On Roadway,Broadside (front to side),Ran Stop Sign,None Indicated,,Dusk,Slush,Cloudy,None apparent,Intersection:  Four-way intersection,Paved,,Property Damage Only,0,0,0,0,0,0,5500,2,4,,POINT (-91.679520836428 41.971949119494)
2014781663,14-0171,01/24/2014,01-January,6-Friday,12:23,1200 Hours,District 1 (Central),URBANDALE,POLK,I-35,I-35,Collision with:  Vehicle in traffic,On Roadway,Rear-end (front to rear),Other (explain in narrative):  Other,None Indicated,,Daylight,Dry,Cloudy,None apparent,Interchange-related:  Off-ramp,Paved,,Property Damage Only,0,0,0,0,0,0,2000,2,3,,POINT (-93.778176260112 41.614955305305)
2014794342,140522PD,01/24/2014,01-January,6-Friday,08:40,0800 Hours,District 1 (Central),BOONE,BOONE,,8TH ST & CRAWFORD ST,Collision with:  Vehicle in traffic,On Roadway,Broadside (front to side),FTYROW:  From stop sign,None Indicated,,Daylight,Dry,Cloudy,None apparent,Intersection:  Four-way intersection,Paved,,Property Damage Only,0,0,0,0,0,0,1700,2,2,,POINT (-93.886719998534 42.063752726043)
2014783403,2014-5375,01/24/2014,01-January,6-Friday,15:52,1500 Hours,District 6 (East Central),DAVENPORT,SCOTT,,W 17TH ST & MARQUETTE ST,Collision with:  Vehicle in traffic,On Roadway,"Angle, oncoming left turn",Ran Stop Sign,None Indicated,,Daylight,Dry,Clear,None apparent,Intersection:  T-intersection,Paved,,Property Damage Only,0,0,0,0,0,0,6500,2,2,,POINT (-90.591407573496 41.537187314215)
2014782360,2014005391,01/24/2014,01-January,6-Friday,07:54,0700 Hours,District 6 (East Central),,JOHNSON,I-380,I-380,Collision with:  Vehicle in traffic,On Roadway,Rear-end (front to rear),Followed too close,None Indicated,,Daylight,Dry,Cloudy,None apparent,Non-intersection:  Non-junction/no special feature,Paved,,Property Damage Only,0,0,0,0,0,0,12050,4,4,,POINT (-91.66329821369 41.835645357735)
2014783814,14-000521,01/24/2014,01-January,6-Friday,06:09,0600 Hours,District 2 (Northeast),,CLAYTON,,Co Rd X56/GREAT RIVER RD,Collision with:  Animal,,,Animal,None Indicated,,,,,,,Paved,,Property Damage Only,0,0,0,0,0,0,4000,1,1,,POINT (-91.178903621124 42.934076802899)
2014782102,201400239,01/24/2014,01-January,6-Friday,17:00,1700 Hours,District 6 (East Central),,LINN,US 151,US 151,Collision with:  Vehicle in traffic,On Roadway,Rear-end (front to rear),Followed too close,None Indicated,,Daylight,Dry,Cloudy,None apparent,Non-intersection:  Non-junction/no special feature,Paved,,Possible/Unknown,0,1,0,0,1,0,8000,2,2,,POINT (-91.550148162403 41.990237997011)
2014783404,2014-5484,01/24/2014,01-January,6-Friday,23:42,2300 Hours,District 6 (East Central),DAVENPORT,SCOTT,,NORTHLAWN RD & MARQUETTE ST,Collision with:  Vehicle in traffic,On Roadway,Broadside (front to side),Ran Stop Sign,None Indicated,,Dark - roadway lighted,Snow,Snow,"Surface condition (e.g., wet, icy)",Intersection:  T-intersection,Paved,,Property Damage Only,0,0,0,0,0,0,5000,2,4,,POINT (-90.591179628194 41.547846133406)
2014783082,2014-5324,01/24/2014,01-January,6-Friday,12:28,1200 Hours,District 6 (East Central),DAVENPORT,SCOTT,,KIMBERLY RD,Collision with:  Vehicle in traffic,On Roadway,"Sideswipe, same direction",Unknown,None Indicated,,Daylight,Dry,Clear,None apparent,Non-intersection:  Non-junction/no special feature,Paved,,Property Damage Only,0,0,0,0,0,0,1500,2,2,,POINT (-90.527123809921 41.5534836105)
2014786521,,01/24/2014,01-January,6-Friday,13:49,1300 Hours,District 2 (Northeast),,WINNESHIEK,,TWIN SPRINGS RD,Non-collision events:  Overturn/rollover,Outside trafficway,Non-collision (single vehicle),FTYROW:  Other (explain in narrative),None Indicated,,Daylight,Snow,Snow,"Surface condition (e.g., wet, icy)",Non-intersection:  Non-junction/no special feature,Unpaved,,Property Damage Only,0,0,0,0,0,0,10000,1,1,,POINT (-91.818489266191 43.29462546492)
2014781591,2014000824,01/24/2014,01-January,6-Friday,10:31,1000 Hours,District 6 (East Central),IOWA CITY,JOHNSON,,I ST & WAYNE ST & S 1ST AVE,Collision with:  Vehicle in traffic,On Roadway,Broadside (front to side),FTYROW:  From stop sign,None Indicated,,Daylight,Wet,Cloudy,None apparent,Intersection:  Four-way intersection,Paved,,Minor Injury,0,1,0,1,0,0,15000,3,4,,POINT (-91.501975938952 41.647404352669)
2014781402,14-0420,01/24/2014,01-January,6-Friday,01:59,0100 Hours,District 1 (Central),WEST DES MOINES,POLK,,17TH ST,Collision with:  Parked motor vehicle,On Roadway,Rear-end (front to rear),Driver Distraction:  Manual operation of an electronic communication device,None Indicated,,Dark - roadway lighted,Other (explain in narrative),Clear,None apparent,Non-intersection:  Non-junction/no special feature,Paved,,Possible/Unknown,0,1,0,0,0,1,3500,3,1,,POINT (-93.726710772472 41.582983305343)
2014787717,20140294,01/24/2014,01-January,6-Friday,16:50,1600 Hours,District 1 (Central),,GRUNDY,,Co Rd D67/330TH ST,Non-collision events:  Overturn/rollover,On Roadway,Non-collision (single vehicle),Ran off road - left,None Indicated,,Daylight,Snow,Cloudy,"Surface condition (e.g., wet, icy)",Non-intersection:  Non-junction/no special feature,Paved,,Minor Injury,0,1,0,1,0,0,6000,1,1,,POINT (-92.935971874883 42.224232729114)
2014781308,14-02673,01/24/2014,01-January,6-Friday,12:20,1200 Hours,District 5 (Southeast),BURLINGTON,DES MOINES,,SMITH ST & MARSHALL ST,Collision with:  Vehicle in traffic,On Roadway,Broadside (front to side),FTYROW:  From stop sign,None Indicated,,Daylight,Snow,Cloudy,None apparent,Intersection:  Four-way intersection,Paved,,Property Damage Only,0,0,0,0,0,0,5000,2,2,,POINT (-91.116354039192 40.808651084132)
2014787006,,01/24/2014,01-January,6-Friday,17:05,1700 Hours,District 2 (Northeast),DECORAH,WINNESHIEK,,CENTRUM DR & DIVISION ST,Collision with:  Vehicle in traffic,On Roadway,"Angle, oncoming left turn",FTYROW:  From stop sign,None Indicated,,Dusk,Snow,"Blowing sand, soil, dirt",None apparent,Intersection:  T-intersection,Paved,,Property Damage Only,0,0,0,0,0,0,3000,2,4,,POINT (-91.792986221937 43.290748352886)
2014782476,20140002379,01/24/2014,01-January,6-Friday,19:00,1900 Hours,District 1 (Central),DES MOINES,POLK,,CARPENTER AVE & 19TH ST & KEOSAUQUA WAY,Collision with:  Vehicle in traffic,On Roadway,Rear-end (front to rear),Other (explain in narrative):  Other,None Indicated,,Dark - roadway lighted,Dry,Clear,None apparent,Intersection:  Four-way intersection,Paved,,Property Damage Only,0,0,0,0,0,0,2000,2,3,,POINT (-93.64262550276 41.602237112484)
2014781504,W14-008001,01/24/2014,01-January,6-Friday,21:43,2100 Hours,District 2 (Northeast),WATERLOO,BLACK HAWK,,GREENHILL RD,Non-collision events:  Other non-collision (explain in narrative),Outside trafficway,Non-collision (single vehicle),Ran off road - right,Alcohol (Statutory),,Dark - roadway not lighted,Snow,Snow,"Surface condition (e.g., wet, icy)",Non-intersection:  Non-junction/no special feature,Paved,,Property Damage Only,0,0,0,0,0,0,10000,1,1,,POINT (-92.394516049286 42.509278905779)
2014781499,W14-007738,01/24/2014,01-January,6-Friday,06:10,0600 Hours,District 2 (Northeast),WATERLOO,BLACK HAWK,US 63,US 63/SE RAMP CURV,Collision with:  Vehicle in traffic,On Roadway,Rear-end (front to rear),Driver Distraction:  Manual operation of an electronic communication device,None Indicated,,Dark - roadway lighted,Dry,Clear,None apparent,Non-intersection:  Non-junction/no special feature,Paved,,Property Damage Only,0,0,0,0,0,0,7500,4,4,,POINT (-92.341601267243 42.492092190897)
2014781643,20140002162,01/24/2014,01-January,6-Friday,19:20,1900 Hours,District 1 (Central),DES MOINES,POLK,,BENNETT AVE & MLK JR PKWY,Collision with fixed object:  Utility pole/light support,Shoulder,Non-collision (single vehicle),Crossed centerline (undivided),None Indicated,,Dark - roadway lighted,Dry,Cloudy,None apparent,Intersection:  Four-way intersection,Paved,,Minor Injury,0,1,0,1,0,0,15000,1,1,,POINT (-93.647392959126 41.618180150921)
2014783832,2014-10-AC,01/24/2014,01-January,6-Friday,18:38,1800 Hours,District 3 (Northwest),,DICKINSON,US 71,US 71 & 270TH AVE,Collision with:  Vehicle in traffic,On Roadway,Rear-end (front to rear),Lost Control,None Indicated,,Dark - roadway lighted,Ice/frost,"Sleet, hail",None apparent,Non-intersection:  Non-junction/no special feature,Paved,,Property Damage Only,0,0,0,0,0,0,4000,2,3,,POINT (-95.052325650342 43.430530550478)
2014781977,14-2410,01/24/2014,01-January,6-Friday,18:57,1800 Hours,District 3 (Northwest),SIOUX CITY,WOODBURY,,2ND ST,Collision with:  Parked motor vehicle,On Roadway,Unknown,Unknown,None Indicated,,Dark - roadway lighted,Dry,Clear,None apparent,Non-intersection:  Non-junction/no special feature,Paved,,Property Damage Only,0,0,0,0,0,0,2500,2,1,,POINT (-96.36558409458 42.492095869553)
2014781383,14-000351,01/24/2014,01-January,6-Friday,09:08,0900 Hours,District 1 (Central),ANKENY,POLK,,SW PRAIRIE TRAIL PKWY,Collision with fixed object:  Utility pole/light support,Median,Non-collision (single vehicle),Lost Control,None Indicated,,Daylight,Dry,Cloudy,None apparent,Non-intersection:  Non-junction/no special feature,Paved,,Property Damage Only,0,0,0,0,0,0,11000,1,1,,POINT (-93.616145674417 41.711089326929)
2014781710,14-824,01/24/2014,01-January,6-Friday,19:29,1900 Hours,District 3 (Northwest),,SAC,US 20,US 20 & PERKINS AVE,Collision with:  Animal,,,Animal,None Indicated,,,,,,,Paved,,Property Damage Only,0,0,0,0,0,0,8000,1,1,,POINT (-95.051430891264 42.469605004697)
2014782489,14-000102,01/24/2014,01-January,6-Friday,23:23,2300 Hours,District 1 (Central),,STORY,,Co Rd E18/130TH ST,Collision with fixed object:  Bridge overhead structure,On Roadway,Non-collision (single vehicle),Lost Control,None Indicated,,Dark - roadway not lighted,Ice/frost,"Sleet, hail","Surface condition (e.g., wet, icy)",Non-intersection:  Other non-intersection (explain in narrative),Paved,,Property Damage Only,0,0,0,0,0,0,2000,1,2,,POINT (-93.576777096989 42.166051695296)
2014781503,W14-007991,01/24/2014,01-January,6-Friday,21:08,2100 Hours,District 2 (Northeast),WATERLOO,BLACK HAWK,US 218,US 218/WASHINGTON ST & GREENHILL RD,Collision with:  Vehicle in traffic,On Roadway,"Sideswipe, same direction",Crossed centerline (undivided),None Indicated,,Dark - roadway not lighted,Snow,Clear,None apparent,Non-intersection:  Other non-intersection (explain in narrative),Paved,,Property Damage Only,0,0,0,0,0,0,4000,2,3,,POINT (-92.388912364158 42.515985511866)
2014782190,,01/24/2014,01-January,6-Friday,07:34,0700 Hours,District 5 (Southeast),FORT MADISON,LEE,,15TH ST,Collision with:  Vehicle in traffic,On Roadway,Broadside (front to side),FTYROW:  Other (explain in narrative),None Indicated,,Daylight,Ice/frost,Clear,"Surface condition (e.g., wet, icy)",Intersection:  Other intersection (explain in narrative),Paved,,Property Damage Only,0,0,0,0,0,0,2000,2,2,,POINT (-91.324535882932 40.633421619172)
2014781876,010-14,01/24/2014,01-January,6-Friday,18:15,1800 Hours,District 4 (Southwest),,MADISON,IA 92,IA 92/IOWA 92,Collision with:  Animal,,,Animal,None Indicated,,,,,,,Paved,,Property Damage Only,0,0,0,0,0,0,2500,1,1,,POINT (-94.113203036885 41.330235006995)
2014781392,20140002106,01/24/2014,01-January,6-Friday,07:30,0700 Hours,District 1 (Central),DES MOINES,POLK,,,Non-collision events:  Other non-collision (explain in narrative),Outside trafficway,Non-collision (single vehicle),Ran off road - left,None Indicated,,Dawn,Snow,Cloudy,None apparent,Non-intersection:  Non-junction/no special feature,,,Property Damage Only,0,0,0,0,0,0,1500,1,1,,POINT (-96.643700149993 40.233091251414)
2014792089,2014005594,01/24/2014,01-January,6-Friday,21:40,2100 Hours,District 1 (Central),,TAMA,US 63,US 63,Collision with:  Vehicle in traffic,On Roadway,Head-on (front to front),Crossed centerline (undivided),None Indicated,,Dark - roadway not lighted,Ice/frost,Snow,"Surface condition (e.g., wet, icy)",Non-intersection:  Non-junction/no special feature,Paved,,Fatal,1,0,0,0,0,0,70000,2,2,,POINT (-92.581549362493 42.149284025956)
2014781684,14-003065,01/24/2014,01-January,6-Friday,11:39,1100 Hours,District 4 (Southwest),COUNCIL BLUFFS,POTTAWATTAMIE,US 6,US 6/W BROADWAY & S 15TH ST & N 15TH ST,Collision with:  Vehicle in traffic,On Roadway,Rear-end (front to rear),Other (explain in narrative):  Other,None Indicated,,Daylight,Dry,Cloudy,None apparent,Non-intersection:  Non-junction/no special feature,Paved,,Property Damage Only,0,0,0,0,0,0,4100,2,3,,POINT (-95.865969284845 41.261900077615)
2014781659,20140002156,01/24/2014,01-January,6-Friday,17:50,1700 Hours,District 1 (Central),DES MOINES,POLK,IA 28,IA 28/63RD ST & UNIVERSITY AVE,Collision with:  Vehicle in traffic,On Roadway,Rear-end (front to rear),Lost Control,None Indicated,,Dark - roadway lighted,Dry,Cloudy,None apparent,Intersection:  Four-way intersection,Paved,,Property Damage Only,0,0,0,0,0,0,2000,2,3,,POINT (-93.703698596264 41.600411328189)
2014783828,2014-08-AC,01/24/2014,01-January,6-Friday,01:30,0100 Hours,District 3 (Northwest),SPIRIT LAKE,DICKINSON,,175TH ST & 240TH AVE,Collision with fixed object:  Ditch,On Roadway,Non-collision (single vehicle),Ran off road - straight,None Indicated,,Dark - roadway not lighted,Dry,Clear,None apparent,Intersection:  T-intersection,Paved,,Property Damage Only,0,0,0,0,0,0,9700,1,1,,POINT (-95.112371161958 43.392907087088)
2014781685,14-003069,01/24/2014,01-January,6-Friday,11:45,1100 Hours,District 4 (Southwest),COUNCIL BLUFFS,POTTAWATTAMIE,,MADISON AVE,Collision with:  Vehicle in traffic,Outside trafficway,Broadside (front to side),Other (explain in narrative):  No improper action,None Indicated,,Daylight,Dry,Clear,None apparent,Non-intersection:  Non-junction/no special feature,Paved,,Property Damage Only,0,0,0,0,0,0,5000,2,2,,POINT (-95.827652535733 41.244691386708)