Iowa DOT Case Number,Law Enforcement Case Number,Date of Crash,Month of Crash,Day of Week,Time of Crash,Hour,DOT District,City Name,County Name,Route with System,Location Description,First Harmful Event,Location of First Harmful Event,Manner of Crash/Collision,Major Cause,Drug or Alcohol ,Environmental Conditions,Light Conditions,Surface Conditions,Weather Conditions,Roadway Contribution,Roadway Type,Roadway Surface,Work Zone,Crash Severity,Number of Fatalities,Number of Injuries,Number of Major Injuries,Number of Minor Injuries,Number of Possible Injuries,Number of Unknown Injuries,Amount of Property Damage,Number of Vehicles Involved,Total Number of Occupants,Travel Direction,Location
2014781836,14-020,01/25/2014,01-January,7-Saturday,14:35,1400 Hours,District 2 (Northeast),WAVERLY,BREMER,,1ST AVE NW & 6TH ST NW,Non-collision events:  Other non-collision (explain in narrative),On Roadway,Broadside (front to side),Ran Stop Sign,None Indicated,,Daylight,Snow,Cloudy,None apparent,Intersection:  Four-way intersection,Paved,,Property Damage Only,0,0,0,0,0,0,3500,2,2,,POINT (-92.478164679334 42.726717760682)
2014783816,14-000560,01/25/2014,01-January,7-Saturday,18:13,1800 Hours,District 2 (Northeast),,CLAYTON,,Co Rd B45/PLEASANT RIDGE RD,Collision with:  Vehicle in traffic,On Roadway,"Sideswipe, opposite direction",Crossed centerline (undivided),None Indicated,,Dark - roadway not lighted,Snow,Cloudy,"Surface condition (e.g., wet, icy)",Non-intersection:  Non-junction/no special feature,Paved,,Property Damage Only,0,0,0,0,0,0,8000,2,2,,POINT (-91.353818128739 43.059183195492)
2014781647,20140002271,01/25/2014,01-January,7-Saturday,23:45,2300 Hours,District 1 (Central),DES MOINES,POLK,,E COURT AVE & E 4TH ST,Collision with:  Vehicle in traffic,On Roadway,Rear-end (front to rear),Lost Control,Refused,,Dark - roadway lighted,Dry,Cloudy,None apparent,Intersection:  Four-way intersection,Paved,,Possible/Unknown,0,1,0,0,1,0,3000,2,2,,POINT (-93.611773727339 41.587066091957)
2014781506,W14-008206,01/25/2014,01-January,7-Saturday,15:55,1500 Hours,District 2 (Northeast),WATERLOO,BLACK HAWK,,REBER AVE & CLOUGH ST,Collision with:  Vehicle in traffic,On Roadway,Broadside (front to side),FTYROW:  At uncontrolled intersection,None Indicated,,Daylight,Ice/frost,Clear,"Surface condition (e.g., wet, icy)",Intersection:  Four-way intersection,Paved,,Possible/Unknown,0,1,0,0,1,0,4500,2,2,,POINT (-92.362042423314 42.487551777551)
2014783405,2014-5547,01/25/2014,01-January,7-Saturday,10:01,1000 Hours,District 6 (East Central),DAVENPORT,SCOTT,,IA 461/BRADY ST & W LOCUST ST & E LOCUST ST,Collision with:  Vehicle in traffic,On Roadway,Rear-end (front to rear),Other (explain in narrative):  Other,None Indicated,,Daylight,Wet,Clear,None apparent,Non-intersection:  Non-junction/no special feature,Paved,,Property Damage Only,0,0,0,0,0,0,8876,2,4,,POINT (-90.573997624563 41.538280176233)
2014791905,2014005711,01/25/2014,01-January,7-Saturday,21:47,2100 Hours,District 4 (Southwest),,DALLAS,,Co Rd R22/UTE AVE,Collision with:  Vehicle in traffic,On Roadway,Head-on (front to front),Crossed centerline (undivided),Drug/Alcohol (Statutory),,Dark - roadway not lighted,Dry,Clear,None apparent,Non-intersection:  Non-junction/no special feature,Paved,,Fatal,1,2,0,2,0,0,20000,2,3,,POINT (-93.885717567723 41.537624784317)
2014782062,14000681,01/25/2014,01-January,7-Saturday,09:10,0900 Hours,District 6 (East Central),MANCHESTER,DELAWARE,,S BREWER ST & BAILEY DR,Non-collision events:  Other non-collision (explain in narrative),On Roadway,Non-collision (single vehicle),Lost Control,None Indicated,,Daylight,Ice/frost,Clear,"Surface condition (e.g., wet, icy)",Non-intersection:  Non-junction/no special feature,Paved,,Property Damage Only,0,0,0,0,0,0,3200,1,2,,POINT (-91.445038577378 42.473752906005)
2014781572,14000507,01/25/2014,01-January,7-Saturday,09:30,0900 Hours,District 1 (Central),STANHOPE,HAMILTON,,MAIN ST & HOWARD ST,Collision with fixed object:  Utility pole/light support,Roadside,Non-collision (single vehicle),Driving too fast for conditions,None Indicated,,Daylight,Ice/frost,Severe winds,"Surface condition (e.g., wet, icy)",Intersection:  T-intersection,Paved,,Property Damage Only,0,0,0,0,0,0,4000,1,1,,POINT (-93.800112663702 42.28896135277)
2014781854,141252622,01/25/2014,01-January,7-Saturday,19:35,1900 Hours,District 6 (East Central),,CLINTON,,Co Rd F12/220 ST,Collision with fixed object:  Utility pole/light support,On Roadway,Non-collision (single vehicle),Crossed centerline (undivided),None Indicated,,Dark - roadway not lighted,Snow,"Blowing sand, soil, dirt","Surface condition (e.g., wet, icy)",Non-intersection:  Non-junction/no special feature,Paved,,Possible/Unknown,0,1,0,0,1,0,5000,1,1,,POINT (-90.331516709517 41.859157271587)
2014781622,14-003243,01/25/2014,01-January,7-Saturday,02:04,0200 Hours,District 5 (Southeast),MUSCATINE,MUSCATINE,,W 4TH ST & PINE ST,Collision with:  Vehicle in traffic,On Roadway,Broadside (front to side),FTYROW:  From stop sign,Alcohol (Statutory),,Dark - roadway lighted,Wet,Clear,None apparent,Intersection:  Four-way intersection,Paved,,Minor Injury,0,1,0,1,0,0,6200,2,2,,POINT (-91.049392801502 41.421703806074)
2014783406,2014-5567,01/25/2014,01-January,7-Saturday,12:09,1200 Hours,District 6 (East Central),DAVENPORT,SCOTT,I-80,I-80 & WISCONSIN AVE,Collision with fixed object:  Bridge overhead structure,On Roadway,Non-collision (single vehicle),Ran off road - left,None Indicated,,Daylight,Snow,Severe winds,Obstruction in roadway,Non-intersection:  Other non-intersection (explain in narrative),Paved,,Property Damage Only,0,0,0,0,0,0,3000,1,2,,POINT (-90.646461105868 41.601661032638)
2014783110,14-000360,01/25/2014,01-January,7-Saturday,17:05,1700 Hours,District 1 (Central),AMES,STORY,US 69,US 69/S DUFF AVE & S 16TH ST & SE 16TH ST,Collision with:  Vehicle in traffic,On Roadway,Rear-end (front to rear),Followed too close,Alcohol (Statutory),,Daylight,Dry,Cloudy,None apparent,Intersection:  Four-way intersection,Paved,,Property Damage Only,0,0,0,0,0,0,2300,2,5,,POINT (-93.610093877196 42.008374078269)
2014781553,01-14-3554,01/25/2014,01-January,7-Saturday,23:59,2300 Hours,District 6 (East Central),DUBUQUE,DUBUQUE,,CHARTER ST & HARRISON ST,Collision with fixed object:  Traffic sign support,On Roadway,Non-collision (single vehicle),Ran off road - straight,None Indicated,,Dark - roadway not lighted,Snow,Snow,None apparent,Non-intersection:  Non-junction/no special feature,Paved,,Property Damage Only,0,0,0,0,0,0,2550,1,1,,POINT (-90.663779586632 42.489519252509)
2014782440,2014000871,01/25/2014,01-January,7-Saturday,02:30,0200 Hours,District 6 (East Central),IOWA CITY,JOHNSON,US 6,US 6,Collision with fixed object:  Other fixed object (explain in narrative),On Roadway,Non-collision (single vehicle),Ran off road - straight,None Indicated,,Dark - roadway lighted,Dry,Cloudy,None apparent,Non-intersection:  Non-junction/no special feature,Paved,,Property Damage Only,0,0,0,0,0,0,2000,1,1,,POINT (-91.542736029976 41.663726476905)
2014781858,140630,01/25/2014,01-January,7-Saturday,12:00,1200 Hours,District 4 (Southwest),,DALLAS,,HOUSTON AVE,Non-collision events:  Overturn/rollover,On Roadway,Non-collision (single vehicle),Ran off road - right,None Indicated,,Daylight,Dry,Clear,None apparent,Non-intersection:  Non-junction/no special feature,Unpaved,,Property Damage Only,0,0,0,0,0,0,5000,1,2,,POINT (-94.13555275545 41.860219084893)
2014783155,2014005641,01/25/2014,01-January,7-Saturday,10:49,1000 Hours,District 2 (Northeast),,FRANKLIN,IA 3,IA 3/IOWA 3,Collision with fixed object:  Ditch,Shoulder,Non-collision (single vehicle),Crossed centerline (undivided),None Indicated,,Daylight,Dry,Clear,None apparent,Non-intersection:  Non-junction/no special feature,Paved,,Property Damage Only,0,0,0,0,0,0,11036,1,1,,POINT (-93.394946254176 42.745461714977)
2014781980,14-2466,01/25/2014,01-January,7-Saturday,10:20,1000 Hours,District 3 (Northwest),SIOUX CITY,WOODBURY,,LEECH AVE & S RUSTIN ST,Collision with:  Vehicle in traffic,On Roadway,Broadside (front to side),FTYROW:  From yield sign,None Indicated,,Daylight,Dry,Clear,None apparent,Intersection:  Four-way intersection,Paved,,Possible/Unknown,0,1,0,0,1,0,8100,2,2,,POINT (-96.371539667209 42.487679501174)
2014781696,14-003236,01/25/2014,01-January,7-Saturday,15:10,1500 Hours,District 4 (Southwest),COUNCIL BLUFFS,POTTAWATTAMIE,,4TH AVE & S 8TH ST,Collision with fixed object:  Utility pole/light support,On Roadway,Non-collision (single vehicle),Lost Control,Alcohol (Statutory),,Daylight,Dry,Clear,None apparent,Non-intersection:  Non-junction/no special feature,Paved,,Possible/Unknown,0,1,0,0,1,0,2000,1,1,,POINT (-95.856052709839 41.257841662906)
2014784059,2014005602,01/25/2014,01-January,7-Saturday,01:25,0100 Hours,District 6 (East Central),,SCOTT,I-80,I-80,Collision with:  Vehicle in traffic,On Roadway,Rear-end (front to rear),FTYROW:  Other (explain in narrative),Refused,,Dark - roadway not lighted,Wet,Cloudy,None apparent,Non-intersection:  Non-junction/no special feature,Paved,,Possible/Unknown,0,2,0,0,2,0,10000,2,2,,POINT (-90.732921370072 41.606245442949)
2014781940,2014-5598,01/25/2014,01-January,7-Saturday,16:52,1600 Hours,District 6 (East Central),DAVENPORT,SCOTT,US 6,US 6/E KIMBERLY RD,Collision with:  Vehicle in traffic,On Roadway,"Sideswipe, same direction",FTYROW:  Other (explain in narrative),None Indicated,,Daylight,Dry,Clear,None apparent,Intersection:  Four-way intersection,Paved,,Possible/Unknown,0,2,0,0,2,0,4000,2,5,,POINT (-90.533676931097 41.556776659497)
2014781832,14-1352,01/25/2014,01-January,7-Saturday,00:44,0000 Hours,District 2 (Northeast),,BREMER,US 218,US 218,Non-collision events:  Overturn/rollover,On Roadway,Non-collision (single vehicle),Swerving/Evasive Action,None Indicated,,Dark - roadway not lighted,Ice/frost,Cloudy,"Surface condition (e.g., wet, icy)",Non-intersection:  Non-junction/no special feature,Paved,,Minor Injury,0,2,0,2,0,0,8000,1,2,,POINT (-92.534480433479 42.812395019548)
2014782258,13-2014,01/25/2014,01-January,7-Saturday,22:30,2200 Hours,District 4 (Southwest),,HARRISON,,MOUNDS TRL,Collision with fixed object:  Utility pole/light support,Roadside,Non-collision (single vehicle),Ran off road - straight,None Indicated,,Dark - roadway lighted,"Mud, dirt",Clear,None apparent,Non-intersection:  Non-junction/no special feature,Unpaved,,Minor Injury,0,1,0,1,0,0,2000,1,1,,POINT (-95.848071571665 41.546435955867)
2014783407,2014-5630,01/25/2014,01-January,7-Saturday,21:57,2100 Hours,District 6 (East Central),DAVENPORT,SCOTT,,GAINES ST,Collision with:  Parked motor vehicle,On Roadway,Rear-end (front to rear),Lost Control,Refused,,Dark - roadway lighted,Dry,Clear,None apparent,Non-intersection:  Non-junction/no special feature,Paved,,Minor Injury,0,1,0,1,0,0,9100,2,1,,POINT (-90.58286984171 41.53244181933)
2014786086,2014005659,01/25/2014,01-January,7-Saturday,11:06,1100 Hours,District 2 (Northeast),,HANCOCK,,Co Rd B14/330TH ST,Collision with:  Vehicle in traffic,On Roadway,"Sideswipe, opposite direction",Crossed centerline (undivided),None Indicated,,Daylight,Ice/frost,Clear,"Surface condition (e.g., wet, icy)",Non-intersection:  Non-junction/no special feature,Paved,,Fatal,2,0,0,0,0,0,9000,2,3,,POINT (-93.733861747578 43.241671651166)
2014786273,2014000890,01/25/2014,01-January,7-Saturday,16:05,1600 Hours,District 6 (East Central),IOWA CITY,JOHNSON,,E PRENTISS ST & MAIDEN LN,Collision with:  Vehicle in traffic,On Roadway,"Angle, oncoming left turn",FTYROW:  From parked position,Alcohol (Statutory),,Daylight,Dry,Cloudy,None apparent,Non-intersection:  Alley,Paved,,Property Damage Only,0,0,0,0,0,0,4500,2,3,,POINT (-91.530733163785 41.654377641477)
2014800274,,01/25/2014,01-January,7-Saturday,10:15,1000 Hours,District 1 (Central),DES MOINES,POLK,,BEL AIRE RD & LOWER BEAVER RD,Collision with:  Vehicle in traffic,On Roadway,"Angle, oncoming left turn",Unknown,None Indicated,,Daylight,Dry,Clear,,Intersection:  Four-way intersection,Paved,,Property Damage Only,0,0,0,0,0,0,5088,2,2,,POINT (-93.665947370176 41.640105721633)
2014783573,1401250003,01/25/2014,01-January,7-Saturday,00:38,0000 Hours,District 6 (East Central),CASCADE,JONES,US 151,US 151,Non-collision events:  Overturn/rollover,Median,Non-collision (single vehicle),Swerving/Evasive Action,None Indicated,,Dark - roadway not lighted,Ice/frost,Snow,"Surface condition (e.g., wet, icy)",Non-intersection:  Non-junction/no special feature,Paved,,Property Damage Only,0,0,0,0,0,0,10000,1,1,,POINT (-91.087458571183 42.28588882576)
2014781713,14-1398,01/25/2014,01-January,7-Saturday,09:54,0900 Hours,District 6 (East Central),BETTENDORF,SCOTT,US 67,US 67/GRANT ST & 13TH ST,Collision with:  Vehicle in traffic,On Roadway,"Sideswipe, same direction",Made improper turn,None Indicated,,Daylight,Wet,Clear,None apparent,Non-intersection:  Non-junction/no special feature,Paved,,Property Damage Only,0,0,0,0,0,0,7038,2,4,,POINT (-90.515124204389 41.526196695883)
2014783815,14-000555,01/25/2014,01-January,7-Saturday,15:50,1500 Hours,District 2 (Northeast),,CLAYTON,,Co Rd X16/GUNDER RD,Collision with fixed object:  Guardrail - face,On Roadway,Non-collision (single vehicle),Driving too fast for conditions,None Indicated,,Daylight,Ice/frost,Clear,None apparent,Non-intersection:  Non-junction/no special feature,Paved,,Minor Injury,0,1,0,1,0,0,5000,1,4,,POINT (-91.400560494051 42.870698460689)
2014781800,ACC14-002,01/25/2014,01-January,7-Saturday,11:02,1100 Hours,District 2 (Northeast),CRESCO,HOWARD,IA 9,IA 9/2ND AVE SE,Collision with:  Vehicle in traffic,On Roadway,Rear-end (front to rear),Followed too close,None Indicated,,Daylight,Ice/frost,"Blowing sand, soil, dirt","Surface condition (e.g., wet, icy)",Non-intersection:  Non-junction/no special feature,Paved,,Property Damage Only,0,0,0,0,0,0,4000,2,3,,POINT (-92.105945518052 43.371088623094)
2014781949,14-971,01/25/2014,01-January,7-Saturday,20:00,2000 Hours,District 3 (Northwest),,SIOUX,US 18,US 18/310TH ST,Collision with:  Animal,,,Animal,None Indicated,,,,,,,Paved,,Property Damage Only,0,0,0,0,0,0,3000,1,1,,POINT (-96.363204176983 43.199666985873)
2014781562,01-14-3618,01/25/2014,01-January,7-Saturday,13:58,1300 Hours,District 6 (East Central),DUBUQUE,DUBUQUE,,FRONTAGE RD & CEDAR CROSS RD,Collision with:  Vehicle in traffic,On Roadway,Broadside (front to side),Ran Stop Sign,None Indicated,,Daylight,Wet,Clear,None apparent,Non-intersection:  Driveway access (within),Paved,,Property Damage Only,0,0,0,0,0,0,10000,2,2,,POINT (-90.714734186515 42.491942939231)
2014783109,14-000343,01/25/2014,01-January,7-Saturday,00:25,0000 Hours,District 1 (Central),AMES,STORY,,LINCOLN WAY & COLORADO AVE,Collision with:  Vehicle in traffic,On Roadway,"Angle, oncoming left turn",FTYROW:  Making left turn,Alcohol (Statutory),,Dark - roadway lighted,Wet,Clear,None apparent,Intersection:  T-intersection,Paved,,Property Damage Only,0,0,0,0,0,0,3500,2,4,,POINT (-93.663004528449 42.022779401359)
2014782492,14000104,01/25/2014,01-January,7-Saturday,08:59,0800 Hours,District 1 (Central),,STORY,,,Collision with fixed object:  Ditch,Outside trafficway,Non-collision (single vehicle),Ran off road - left,None Indicated,,Daylight,Ice/frost,Severe winds,"Surface condition (e.g., wet, icy)",Non-intersection:  Non-junction/no special feature,,,Property Damage Only,0,0,0,0,0,0,4500,1,1,,POINT (-96.643700149993 40.233091251414)
2014781863,P14-001063,01/25/2014,01-January,7-Saturday,20:07,2000 Hours,District 1 (Central),WEBSTER CITY,HAMILTON,,BEACH ST,Collision with:  Animal,,,Animal,None Indicated,,,,,,,Paved,,Property Damage Only,0,0,0,0,0,0,2000,1,1,,POINT (-93.835404281275 42.468135869336)
2014781537,14-000570,01/25/2014,01-January,7-Saturday,11:34,1100 Hours,District 4 (Southwest),PERRY,DALLAS,,2ND ST,Collision with:  Parked motor vehicle,On Roadway,"Sideswipe, same direction",Swerving/Evasive Action,None Indicated,,Daylight,Dry,Clear,None apparent,Non-intersection:  Non-junction/no special feature,Paved,,Property Damage Only,0,0,0,0,0,0,2900,2,2,,POINT (-94.105228508874 41.839979620745)
2014781853,141252621,01/25/2014,01-January,7-Saturday,17:25,1700 Hours,District 6 (East Central),,CLINTON,,Co Rd F12/220 ST,Collision with fixed object:  Ditch,On Roadway,Non-collision (single vehicle),Ran off road - left,None Indicated,,Dark - roadway not lighted,Snow,Severe winds,"Surface condition (e.g., wet, icy)",Non-intersection:  Other non-intersection (explain in narrative),Paved,,Property Damage Only,0,0,0,0,0,0,10000,1,6,,POINT (-90.349720530883 41.859128784519)
2014781935,2014-5564,01/25/2014,01-January,7-Saturday,11:36,1100 Hours,District 6 (East Central),DAVENPORT,SCOTT,,IA 461/BRADY ST,Collision with:  Vehicle in traffic,On Roadway,"Sideswipe, same direction",Made improper turn,None Indicated,,Daylight,Dry,Clear,None apparent,Non-intersection:  Non-junction/no special feature,Paved,,Property Damage Only,0,0,0,0,0,0,4000,2,6,,POINT (-90.568784019552 41.555849552855)
2014781633,14-547,01/25/2014,01-January,7-Saturday,02:00,0200 Hours,District 1 (Central),BONDURANT,POLK,,NE 94TH AVE,Collision with fixed object:  Utility pole/light support,Roadside,Non-collision (single vehicle),Ran off road - right,Alcohol (Statutory),,Dark - roadway not lighted,Wet,Rain,None apparent,Non-intersection:  Non-junction/no special feature,Paved,,Property Damage Only,0,0,0,0,0,0,33000,1,1,,POINT (-93.431975757079 41.731933927704)
2014781732,14010498,01/25/2014,01-January,7-Saturday,00:12,0000 Hours,District 5 (Southeast),OTTUMWA,WAPELLO,,Co Rd H41/BLUEGRASS RD,Collision with fixed object:  Utility pole/light support,Outside trafficway,Non-collision (single vehicle),Driving too fast for conditions,None Indicated,,Dark - roadway not lighted,Ice/frost,"Sleet, hail","Surface condition (e.g., wet, icy)",Non-intersection:  Non-junction/no special feature,Paved,,Possible/Unknown,0,1,0,0,1,0,5000,1,1,,POINT (-92.483461959135 40.987392730466)
2014781978,14-2458,01/25/2014,01-January,7-Saturday,06:39,0600 Hours,District 3 (Northwest),SIOUX CITY,WOODBURY,,SINGING HILLS BLVD,Non-collision events:  Overturn/rollover,On Roadway,Non-collision (single vehicle),Driving too fast for conditions,None Indicated,,Dark - roadway lighted,Ice/frost,Snow,"Surface condition (e.g., wet, icy)",Non-intersection:  Non-junction/no special feature,Paved,,Property Damage Only,0,0,0,0,0,0,5000,1,1,,POINT (-96.357704824483 42.438768179049)
2014781623,14-003317,01/25/2014,01-January,7-Saturday,16:40,1600 Hours,District 5 (Southeast),MUSCATINE,MUSCATINE,,NEWELL AVE,Collision with:  Vehicle in traffic,On Roadway,"Angle, oncoming left turn",FTYROW:  Making left turn,None Indicated,,Dusk,Wet,Clear,None apparent,Non-intersection:  Driveway access (within),Paved,,Property Damage Only,0,0,0,0,0,0,6500,2,3,,POINT (-91.059690935184 41.423066917786)
2014781979,14-2460,01/25/2014,01-January,7-Saturday,06:53,0600 Hours,District 3 (Northwest),SIOUX CITY,WOODBURY,IA 376,IA 376/LEWIS BLVD,Collision with:  Animal,,,Animal,None Indicated,,,,,,,Paved,,Property Damage Only,0,0,0,0,0,0,1500,1,1,,POINT (-96.360316318687 42.531141050109)
2014781644,20140002230,01/25/2014,01-January,7-Saturday,15:03,1500 Hours,District 1 (Central),DES MOINES,POLK,,E GRAND AVE & E 4TH ST,Collision with:  Vehicle in traffic,On Roadway,"Sideswipe, same direction",Improper or erratic lane changing,None Indicated,,Daylight,Dry,Clear,None apparent,Non-intersection:  Non-junction/no special feature,Paved,,Property Damage Only,0,0,0,0,0,0,3000,2,2,,POINT (-93.613052408179 41.590337921213)
2014781515,14000423,01/25/2014,01-January,7-Saturday,06:45,0600 Hours,District 2 (Northeast),,CERRO GORDO,,Co Rd B30/265TH ST,Collision with fixed object:  Ditch,On Roadway,Non-collision (single vehicle),Swerving/Evasive Action,None Indicated,,Dark - roadway not lighted,Ice/frost,Clear,"Surface condition (e.g., wet, icy)",Non-intersection:  Non-junction/no special feature,Paved,,Property Damage Only,0,0,0,0,0,0,3000,1,1,,POINT (-93.045945925454 43.147602147553)
2014781875,009-14,01/25/2014,01-January,7-Saturday,11:26,1100 Hours,District 4 (Southwest),,MADISON,,Co Rd R35/BEVINGTON PARK RD,Collision with fixed object:  Ditch,Roadside,Non-collision (single vehicle),Driving too fast for conditions,None Indicated,,Daylight,Ice/frost,Clear,"Surface condition (e.g., wet, icy)",Non-intersection:  Non-junction/no special feature,Paved,,Major Injury,0,2,2,0,0,0,8000,1,2,,POINT (-93.808839402484 41.310203425823)
2014781546,14-118,01/25/2014,01-January,7-Saturday,13:16,1300 Hours,District 3 (Northwest),SPIRIT LAKE,DICKINSON,,LAKE ST & ITHACA AVE,Collision with:  Vehicle in traffic,On Roadway,Broadside (front to side),FTYROW:  From stop sign,None Indicated,,Daylight,Ice/frost,Cloudy,None apparent,Intersection:  Four-way intersection,Paved,,Property Damage Only,0,0,0,0,0,0,8000,2,5,,POINT (-95.103636682461 43.423438983772)
2014782491,14-000105,01/25/2014,01-January,7-Saturday,11:59,1100 Hours,District 1 (Central),,STORY,,Co Rd R77/600TH AVE,Collision with fixed object:  Ditch,On Roadway,Non-collision (single vehicle),Ran off road - left,None Indicated,,Daylight,Ice/frost,Clear,"Surface condition (e.g., wet, icy)",Non-intersection:  Non-junction/no special feature,Paved,,Property Damage Only,0,0,0,0,0,0,8000,1,2,,POINT (-93.501758697713 42.083725240232)
2014782161,2014005651,01/25/2014,01-January,7-Saturday,11:50,1100 Hours,District 6 (East Central),,JACKSON,US 61,US 61,Collision with fixed object:  Ditch,On Roadway,Non-collision (single vehicle),Ran off road - right,None Indicated,,Daylight,Snow,Clear,"Surface condition (e.g., wet, icy)",Non-intersection:  Non-junction/no special feature,Paved,,Property Damage Only,0,0,0,0,0,0,6000,1,2,,POINT (-90.680050373757 42.236753033458)
2014781682,S14-000248,01/25/2014,01-January,7-Saturday,08:32,0800 Hours,District 4 (Southwest),,POTTAWATTAMIE,,Co Rd G36/BADGER AVE,Collision with fixed object:  Ditch,On Roadway,Non-collision (single vehicle),Ran off road - left,None Indicated,,Daylight,Ice/frost,Clear,None apparent,Non-intersection:  Non-junction/no special feature,Paved,,Property Damage Only,0,0,0,0,0,0,3500,1,2,,POINT (-95.834666506799 41.359826811218)
2014782640,02-15-1506,01/25/2014,01-January,7-Saturday,20:00,2000 Hours,District 6 (East Central),,DUBUQUE,US 52,US 52,Collision with:  Animal,,,Animal,None Indicated,,,,,,,Paved,,Property Damage Only,0,0,0,0,0,0,2000,1,1,,POINT (-90.629735228627 42.429889505788)
2014782067,14-02781,01/25/2014,01-January,7-Saturday,00:00,0000 Hours,District 5 (Southeast),,DES MOINES,,N PRAIRIE GROVE RD,Collision with fixed object:  Culvert/pipe opening,Roadside,Non-collision (single vehicle),Ran off road - left,None Indicated,,Dark - roadway not lighted,Snow,Cloudy,"Surface condition (e.g., wet, icy)",Non-intersection:  Driveway access (within),Unpaved,,Minor Injury,0,1,0,1,0,0,1900,1,1,,POINT (-91.224621760609 40.888871706113)
2014781523,14001217,01/25/2014,01-January,7-Saturday,11:21,1100 Hours,District 2 (Northeast),MASON CITY,CERRO GORDO,US 65,US 65/S FEDERAL AVE & IA 122/5TH ST SE/5TH ST SW,Collision with:  Vehicle in traffic,On Roadway,"Sideswipe, same direction",FTYROW:  Making left turn,None Indicated,,Daylight,Slush,Clear,"Surface condition (e.g., wet, icy)",Intersection:  Four-way intersection,Paved,,Property Damage Only,0,0,0,0,0,0,4500,2,6,,POINT (-93.201085842974 43.147191545117)
2014793903,EP14000136,01/25/2014,01-January,7-Saturday,07:00,0700 Hours,District 2 (Northeast),EAGLE GROVE,WRIGHT,,N GARFIELD AVE,Collision with:  Parked motor vehicle,On Roadway,Broadside (front to side),Improper Backing,None Indicated,,Dawn,Ice/frost,Clear,None apparent,Non-intersection:  Non-junction/no special feature,Paved,,Property Damage Only,0,0,0,0,0,0,1600,2,1,,POINT (-93.910337834627 42.667698285387)
2014781742,14-2461,01/25/2014,01-January,7-Saturday,08:23,0800 Hours,District 3 (Northwest),SIOUX CITY,WOODBURY,,LINCOLN WAY & S LAKEPORT ST,Collision with:  Vehicle in traffic,On Roadway,Broadside (front to side),Ran Traffic Signal,None Indicated,,Daylight,Dry,Clear,None apparent,Intersection:  Four-way intersection,Paved,,Property Damage Only,0,0,0,0,0,0,13500,2,5,,POINT (-96.344723602262 42.450223758147)
2014782631,02-14-1477,01/25/2014,01-January,7-Saturday,09:29,0900 Hours,District 6 (East Central),,DUBUQUE,US 151,US 151,Non-collision events:  Overturn/rollover,Median,Non-collision (single vehicle),Ran off road - left,None Indicated,,Daylight,Ice/frost,Cloudy,"Surface condition (e.g., wet, icy)",Non-intersection:  Non-junction/no special feature,Paved,,Possible/Unknown,0,1,0,0,0,1,3000,1,2,,POINT (-90.821881009591 42.353807182419)
2014781852,1401252771,01/25/2014,01-January,7-Saturday,08:05,0800 Hours,District 6 (East Central),,CLINTON,US 30,US 30,Non-collision events:  Overturn/rollover,Roadside,Non-collision (single vehicle),Driving too fast for conditions,None Indicated,,Daylight,Wet,"Blowing sand, soil, dirt","Surface condition (e.g., wet, icy)",Non-intersection:  Non-junction/no special feature,Paved,,Minor Injury,0,1,0,1,0,0,2000,1,1,,POINT (-90.365468853684 41.815623816641)
2014782630,02-14-1476,01/25/2014,01-January,7-Saturday,09:48,0900 Hours,District 6 (East Central),ZWINGLE,DUBUQUE,US 61,US 61,Collision with fixed object:  Ditch,On Roadway,Non-collision (single vehicle),Ran off road - right,None Indicated,,Daylight,Ice/frost,Severe winds,"Surface condition (e.g., wet, icy)",Non-intersection:  Non-junction/no special feature,Paved,,Possible/Unknown,0,1,0,0,0,1,5200,1,1,,POINT (-90.686913648908 42.302271885843)
2014782345,2014005665,01/25/2014,01-January,7-Saturday,14:20,1400 Hours,District 4 (Southwest),,POTTAWATTAMIE,,MEADOWLARK LOOP,Non-collision events:  Overturn/rollover,On Roadway,Non-collision (single vehicle),Swerving/Evasive Action,None Indicated,,Daylight,"Mud, dirt",Cloudy,None apparent,Intersection:  Other intersection (explain in narrative),Unpaved,,Property Damage Only,0,0,0,0,0,0,2500,1,3,,POINT (-95.917805871986 41.383648964185)
2014783574,1401250923,01/25/2014,01-January,7-Saturday,09:23,0900 Hours,District 6 (East Central),,JONES,US 151,US 151,Non-collision events:  Overturn/rollover,On Roadway,Non-collision (single vehicle),Driving too fast for conditions,None Indicated,,Daylight,Other (explain in narrative),"Blowing sand, soil, dirt","Surface condition (e.g., wet, icy)",Intersection:  Other intersection (explain in narrative),Paved,,Property Damage Only,0,0,0,0,0,0,9000,1,5,,POINT (-91.046347252807 42.294381421788)
2014783030,14-000369,01/25/2014,01-January,7-Saturday,13:12,1300 Hours,District 1 (Central),ANKENY,POLK,US 69,US 69/N ANKENY BLVD & NE 11TH ST,Collision with:  Vehicle in traffic,On Roadway,Broadside (front to side),Ran Traffic Signal,None Indicated,,Daylight,Dry,Clear,None apparent,Intersection:  T-intersection,Paved,,Property Damage Only,0,0,0,0,0,0,1800,2,3,,POINT (-93.600326312642 41.740743174315)