Iowa DOT Case Number,Law Enforcement Case Number,Date of Crash,Month of Crash,Day of Week,Time of Crash,Hour,DOT District,City Name,County Name,Route with System,Location Description,First Harmful Event,Location of First Harmful Event,Manner of Crash/Collision,Major Cause,Drug or Alcohol ,Environmental Conditions,Light Conditions,Surface Conditions,Weather Conditions,Roadway Contribution,Roadway Type,Roadway Surface,Work Zone,Crash Severity,Number of Fatalities,Number of Injuries,Number of Major Injuries,Number of Minor Injuries,Number of Possible Injuries,Number of Unknown Injuries,Amount of Property Damage,Number of Vehicles Involved,Total Number of Occupants,Travel Direction,Location
2014782353,2014006777,01/26/2014,01-January,1-Sunday,16:22,1600 Hours,District 2 (Northeast),,FAYETTE,IA 150,IA 150/K AVE,Collision with:  Vehicle in traffic,On Roadway,Rear-end (front to rear),Other (explain in narrative):  Vision obstructed,None Indicated,,Daylight,Snow,"Blowing sand, soil, dirt",None apparent,Non-intersection:  Non-junction/no special feature,Paved,,Property Damage Only,0,0,0,0,0,0,10000,2,4,,POINT (-91.804665020238 42.780779657704)
2014788197,2014007831,01/26/2014,01-January,1-Sunday,19:30,1900 Hours,District 2 (Northeast),,FAYETTE,IA 150,IA 150/LINCOLN RD,Collision with:  Vehicle in traffic,On Roadway,Rear-end (front to rear),Other (explain in narrative):  Vision obstructed,None Indicated,,Dark - roadway not lighted,Snow,"Blowing sand, soil, dirt","Surface condition (e.g., wet, icy)",Non-intersection:  Non-junction/no special feature,Paved,,Property Damage Only,0,0,0,0,0,0,6500,2,2,,POINT (-91.81440375525 42.913473233605)
2014781671,14-0450,01/26/2014,01-January,1-Sunday,02:25,0200 Hours,District 1 (Central),WEST DES MOINES,POLK,,,Collision with:  Vehicle in traffic,On Roadway,Broadside (front to side),Ran Stop Sign,Refused,,Dark - roadway lighted,Dry,Clear,None apparent,Intersection:  T-intersection,,,Possible/Unknown,0,2,0,0,2,0,20000,2,2,,POINT (-96.643700149993 40.233091251414)
2014784694,14009295,01/26/2014,01-January,1-Sunday,19:25,1900 Hours,District 2 (Northeast),HUDSON,BLACK HAWK,US 20,US 20,Collision with:  Parked motor vehicle,Unknown,Rear-end (front to rear),Illegally Parked/Unattended,None Indicated,,Unknown,Snow,"Blowing sand, soil, dirt",None apparent,Non-intersection:  Non-junction/no special feature,Paved,,Property Damage Only,0,0,0,0,0,0,8500,2,1,,POINT (-92.5111439021 42.464770369798)
2014781620,2014000778,01/26/2014,01-January,1-Sunday,16:21,1600 Hours,District 1 (Central),MARSHALLTOWN,MARSHALL,,W SOUTHRIDGE RD,Collision with:  Parked motor vehicle,On Roadway,Rear-end (front to rear),Other (explain in narrative):  Other,None Indicated,,Daylight,Wet,"Sleet, hail",None apparent,Non-intersection:  Non-junction/no special feature,Paved,,Minor Injury,0,1,0,1,0,0,11200,3,1,,POINT (-92.916516232753 42.017800792376)
2014781630,14-565,01/26/2014,01-January,1-Sunday,12:16,1200 Hours,District 1 (Central),,POLK,US 69,US 69/NE 14TH ST & NE 51ST AVE,Collision with:  Vehicle in traffic,On Roadway,Broadside (front to side),FTYROW:  Making left turn,None Indicated,,Daylight,Dry,Cloudy,None apparent,Intersection:  Four-way intersection,Paved,,Possible/Unknown,0,1,0,0,1,0,18000,2,5,,POINT (-93.600436924852 41.653139670951)
2014782162,2014005764,01/26/2014,01-January,1-Sunday,09:45,0900 Hours,District 6 (East Central),,CLINTON,US 30,US 30 & 330 AVE,Collision with fixed object:  Traffic sign support,On Roadway,Non-collision (single vehicle),Ran off road - left,None Indicated,,Daylight,Ice/frost,"Blowing sand, soil, dirt","Surface condition (e.g., wet, icy)",Intersection:  Four-way intersection,Paved,,Property Damage Only,0,0,0,0,0,0,3000,1,4,,POINT (-90.451799376479 41.815285136205)
2014782105,201400254,01/26/2014,01-January,1-Sunday,02:27,0200 Hours,District 6 (East Central),,LINN,,FEATHER RIDGE RD,Non-collision events:  Other non-collision (explain in narrative),On Roadway,Non-collision (single vehicle),Ran off road - right,Refused,,Dark - roadway not lighted,Snow,Snow,"Surface condition (e.g., wet, icy)",Non-intersection:  Non-junction/no special feature,Unpaved,,Property Damage Only,0,0,0,0,0,0,5000,1,1,,POINT (-91.746093775899 42.112663709437)
2014782101,201400251,01/26/2014,01-January,1-Sunday,00:10,0000 Hours,District 6 (East Central),,LINN,US 151,US 151/WILLIAMS BLVD & STONEY POINT RD NW & BEVERLY RD,Collision with:  Vehicle in traffic,On Roadway,Rear-end (front to rear),Driving too fast for conditions,None Indicated,,Dark - roadway lighted,Snow,Snow,"Surface condition (e.g., wet, icy)",Non-intersection:  Non-junction/no special feature,Paved,,Possible/Unknown,0,1,0,0,1,0,9000,2,3,,POINT (-91.755898290699 41.938856802564)
2014783158,2014005830,01/26/2014,01-January,1-Sunday,15:55,1500 Hours,District 2 (Northeast),,FRANKLIN,I-35,I-35,Collision with:  Vehicle in traffic,On Roadway,Rear-end (front to rear),Other (explain in narrative):  No improper action,None Indicated,,Daylight,Wet,"Blowing sand, soil, dirt",None apparent,Non-intersection:  Non-junction/no special feature,Paved,,Minor Injury,0,6,0,6,0,0,14000,2,7,,POINT (-93.382440352805 42.770233142624)
2014783468,2014005868,01/26/2014,01-January,1-Sunday,17:15,1700 Hours,District 6 (East Central),,DUBUQUE,IA 136,IA 136/IOWA 136,Collision with:  Vehicle in traffic,On Roadway,Rear-end (front to rear),Swerving/Evasive Action,None Indicated,,Dark - roadway not lighted,Ice/frost,Snow,"Surface condition (e.g., wet, icy)",Non-intersection:  Non-junction/no special feature,Paved,,Property Damage Only,0,0,0,0,0,0,4000,2,2,,POINT (-91.09369715427 42.569279949469)
2014782216,CL14000257,01/26/2014,01-January,1-Sunday,17:39,1700 Hours,District 6 (East Central),CLINTON,CLINTON,,S BLUFF BLVD & N BLUFF BLVD & 2ND AVE S,Collision with:  Vehicle in traffic,On Roadway,Broadside (front to side),Driving too fast for conditions,None Indicated,,Dark - roadway lighted,Snow,Snow,"Surface condition (e.g., wet, icy)",Non-intersection:  Non-junction/no special feature,Paved,,Property Damage Only,0,0,0,0,0,0,4800,2,4,,POINT (-90.205353515768 41.844465061499)
2014781702,14-003405,01/26/2014,01-January,1-Sunday,16:06,1600 Hours,District 4 (Southwest),COUNCIL BLUFFS,POTTAWATTAMIE,,AVE I & ROOSEVELT & N 8TH ST,Collision with:  Vehicle in traffic,On Roadway,Broadside (front to side),Other (explain in narrative):  Other,None Indicated,,Daylight,Dry,Cloudy,None apparent,Non-intersection:  Non-junction/no special feature,Paved,,Property Damage Only,0,0,0,0,0,0,3000,2,2,,POINT (-95.8559605075 41.26968730529)
2014782332,2014005826,01/26/2014,01-January,1-Sunday,16:05,1600 Hours,District 6 (East Central),DYERSVILLE,DELAWARE,US 20,US 20,Non-collision events:  Overturn/rollover,On Roadway,Non-collision (single vehicle),Ran off road - left,None Indicated,,Daylight,Ice/frost,"Blowing sand, soil, dirt","Surface condition (e.g., wet, icy)",Non-intersection:  Non-junction/no special feature,Paved,,Property Damage Only,0,0,0,0,0,0,3000,1,1,,POINT (-91.175093061877 42.471041456151)
2014781556,01-14-3717,01/26/2014,01-January,1-Sunday,08:10,0800 Hours,District 6 (East Central),DUBUQUE,DUBUQUE,,W 5TH ST & WHITE ST,Collision with:  Vehicle in traffic,On Roadway,"Sideswipe, same direction",Illegally Parked/Unattended,None Indicated,,Daylight,Snow,Cloudy,None apparent,Non-intersection:  Non-junction/no special feature,Paved,,Property Damage Only,0,0,0,0,0,0,14000,6,1,,POINT (-90.662782302606 42.499305595683)
2014782346,2014005818,01/26/2014,01-January,1-Sunday,15:00,1500 Hours,District 4 (Southwest),,POTTAWATTAMIE,I-80,I-80,Non-collision events:  Overturn/rollover,On Roadway,Non-collision (single vehicle),Swerving/Evasive Action,None Indicated,,Daylight,Dry,Severe winds,None apparent,Non-intersection:  Non-junction/no special feature,Paved,,Property Damage Only,0,0,0,0,0,0,10000,1,2,,POINT (-95.522604501754 41.500301084814)
2014781557,01-14-3728,01/26/2014,01-January,1-Sunday,10:29,1000 Hours,District 6 (East Central),DUBUQUE,DUBUQUE,,HILLCREST RD & JOHN F KENNEDY RD,Collision with:  Vehicle in traffic,On Roadway,"Sideswipe, opposite direction",Lost Control,None Indicated,,Daylight,Snow,Cloudy,None apparent,Non-intersection:  Non-junction/no special feature,Paved,,Property Damage Only,0,0,0,0,0,0,2050,2,3,,POINT (-90.72042180252 42.506869895931)
2014782748,1400000073,01/26/2014,01-January,1-Sunday,21:23,2100 Hours,District 1 (Central),,MARSHALL,IA 330,IA 330/MARSHALLTOWN BLVD & 242ND ST,Collision with fixed object:  Ditch,Outside trafficway,Non-collision (single vehicle),Ran off road - right,None Indicated,,Dark - roadway not lighted,Snow,Severe winds,None apparent,Intersection:  Four-way intersection,Paved,,Property Damage Only,0,0,0,0,0,0,15500,1,1,,POINT (-93.02471874077 42.004597720194)
2014781942,2014-5778,01/26/2014,01-January,1-Sunday,17:59,1700 Hours,District 6 (East Central),DAVENPORT,SCOTT,US 6,US 6/E KIMBERLY RD & SPRING ST,Collision with:  Vehicle in traffic,On Roadway,Rear-end (front to rear),Lost Control,None Indicated,,Dark - roadway lighted,Snow,Snow,"Surface condition (e.g., wet, icy)",Intersection:  Four-way intersection,Paved,,Property Damage Only,0,0,0,0,0,0,6000,2,5,,POINT (-90.547737591758 41.556888426314)
2014781895,20140002277,01/26/2014,01-January,1-Sunday,01:22,0100 Hours,District 1 (Central),DES MOINES,POLK,I-235,I-235,Collision with fixed object:  Guardrail - face,On Roadway,Non-collision (single vehicle),Ran off road - right,Alcohol (Statutory),,Dark - roadway lighted,Dry,Clear,None apparent,Non-intersection:  Non-junction/no special feature,Paved,,Property Damage Only,0,0,0,0,0,0,3500,1,1,,POINT (-93.67172649931 41.591874579095)
2014784038,2014005783,01/26/2014,01-January,1-Sunday,12:30,1200 Hours,District 6 (East Central),,JOHNSON,I-380,I-380,Collision with:  Vehicle in traffic,On Roadway,Rear-end (front to rear),Driver Distraction:  Reaching for object(s)/fallen object(s),None Indicated,,Daylight,Dry,Clear,None apparent,Non-intersection:  Non-junction/no special feature,Paved,,Property Damage Only,0,0,0,0,0,0,2800,2,3,,POINT (-91.64219311084 41.75321159362)
2014782361,2014005751,01/26/2014,01-January,1-Sunday,06:15,0600 Hours,District 2 (Northeast),,FRANKLIN,I-35,I-35,Collision with:  Vehicle in traffic,On Roadway,"Sideswipe, same direction",Crossed centerline (undivided),None Indicated,,Dark - roadway not lighted,Dry,Severe winds,"Surface condition (e.g., wet, icy)",Non-intersection:  Non-junction/no special feature,Paved,,Property Damage Only,0,0,0,0,0,0,1501,2,2,,POINT (-93.349876205532 42.84808969811)
2014781939,2014-5735,01/26/2014,01-January,1-Sunday,13:49,1300 Hours,District 6 (East Central),DAVENPORT,SCOTT,US 6,US 6/W KIMBERLY RD & MAIN ST,Collision with:  Vehicle in traffic,On Roadway,Broadside (front to side),Unknown,None Indicated,,Daylight,Wet,Cloudy,None apparent,Intersection:  Four-way intersection,Paved,,Possible/Unknown,0,2,0,0,2,0,13000,2,2,,POINT (-90.575300225046 41.56019320313)
2014781558,01-14-3736,01/26/2014,01-January,1-Sunday,12:10,1200 Hours,District 6 (East Central),DUBUQUE,DUBUQUE,,W 7TH ST & E 7TH ST & CENTRAL AVE,Collision with:  Vehicle in traffic,On Roadway,Broadside (front to side),Ran Traffic Signal,None Indicated,,Daylight,Snow,Cloudy,None apparent,Intersection:  Four-way intersection,Paved,,Property Damage Only,0,0,0,0,0,0,3200,2,3,,POINT (-90.664655367812 42.500640548504)
2014781737,S2014-000761,01/26/2014,01-January,1-Sunday,08:30,0800 Hours,District 3 (Northwest),,WOODBURY,,OBRIEN AVE,Collision with fixed object:  Bridge overhead structure,Roadside,Non-collision (single vehicle),Ran Stop Sign,None Indicated,,Daylight,Dry,Cloudy,None apparent,Intersection:  T-intersection,Unpaved,,Property Damage Only,0,0,0,0,0,0,5700,1,1,,POINT (-95.805999850382 42.389292864211)
2014782497,2014-01687,01/26/2014,01-January,1-Sunday,19:20,1900 Hours,District 5 (Southeast),SANDYVILLE,WARREN,IA 92,IA 92/IOWA 92,Non-collision events:  Other non-collision (explain in narrative),On Roadway,Non-collision (single vehicle),Swerving/Evasive Action,None Indicated,,Dark - unknown roadway lighting,Dry,"Blowing sand, soil, dirt",None apparent,Non-intersection:  Non-junction/no special feature,Paved,,Property Damage Only,0,0,0,0,0,0,3600,1,2,,POINT (-93.390250641653 41.370969632911)
2014781508,W14-008440,01/26/2014,01-January,1-Sunday,07:39,0700 Hours,District 2 (Northeast),WATERLOO,BLACK HAWK,US 218,US 218/WASHINGTON ST,Non-collision events:  Overturn/rollover,On Roadway,Non-collision (single vehicle),Driving too fast for conditions,None Indicated,,Daylight,Snow,Cloudy,None apparent,Non-intersection:  Other non-intersection (explain in narrative),Paved,,Property Damage Only,0,0,0,0,0,0,8000,1,2,,POINT (-92.402469321271 42.538157218411)
2014781969,2014-01684,01/26/2014,01-January,1-Sunday,18:28,1800 Hours,District 5 (Southeast),INDIANOLA,WARREN,IA 92,IA 92/W 2ND AVE,Collision with fixed object:  Tree,On Roadway,Non-collision (single vehicle),Other (explain in narrative):  No improper action,None Indicated,,Dark - roadway lighted,Dry,Clear,None apparent,Non-intersection:  Non-junction/no special feature,Paved,,Possible/Unknown,0,1,0,0,1,0,5000,1,2,,POINT (-93.571968458168 41.358418957866)
2014781631,14-571,01/26/2014,01-January,1-Sunday,19:10,1900 Hours,District 1 (Central),,POLK,,NE 57TH PL,Collision with fixed object:  Other fixed object (explain in narrative),On Roadway,Non-collision (single vehicle),Other (explain in narrative):  No improper action,None Indicated,,Dark - roadway not lighted,Dry,Cloudy,Obstruction in roadway,Non-intersection:  Non-junction/no special feature,Paved,,Property Damage Only,0,0,0,0,0,0,2000,1,2,,POINT (-93.616100305206 41.664775072651)
2014782243,32010-14,01/26/2014,01-January,1-Sunday,11:52,1100 Hours,District 3 (Northwest),ESTHERVILLE,EMMET,IA 9,IA 9/IOWA 9 & W 14TH AVE N,Collision with fixed object:  Traffic sign support,On Roadway,Non-collision (single vehicle),Crossed centerline (undivided),None Indicated,,Daylight,Snow,Snow,None apparent,Non-intersection:  Non-junction/no special feature,Paved,,Property Damage Only,0,0,0,0,0,0,3350,1,1,,POINT (-94.87267153883 43.414048824122)
2014781715,14-1457,01/26/2014,01-January,1-Sunday,09:16,0900 Hours,District 6 (East Central),BETTENDORF,SCOTT,,DEVILS GLEN RD,Collision with fixed object:  Bridge overhead structure,On Roadway,Non-collision (single vehicle),Other (explain in narrative):  Other,None Indicated,,Daylight,Wet,"Blowing sand, soil, dirt","Surface condition (e.g., wet, icy)",Non-intersection:  Other non-intersection (explain in narrative),Paved,,Property Damage Only,0,0,0,0,0,0,2500,1,1,,POINT (-90.483364668864 41.53298992257)
2014781796,2014005844,01/26/2014,01-January,1-Sunday,17:23,1700 Hours,District 5 (Southeast),,HENRY,US 34,US 34,Collision with:  Animal,On Roadway,Non-collision (single vehicle),Animal,None Indicated,,Dusk,Dry,Severe winds,None apparent,Non-intersection:  Non-junction/no special feature,Paved,,Major Injury,0,1,1,0,0,0,8500,1,1,,POINT (-91.407150873595 40.907328555082)
2014781795,2014005797,01/26/2014,01-January,1-Sunday,14:05,1400 Hours,District 3 (Northwest),,SIOUX,US 75,US 75 & Co Rd B30/370TH ST,Collision with:  Vehicle in traffic,On Roadway,Broadside (front to side),Ran Stop Sign,None Indicated,,Daylight,Dry,Cloudy,None apparent,Intersection:  Four-way intersection,Paved,,Possible/Unknown,0,1,0,0,1,0,22000,2,3,,POINT (-96.175962143657 43.11334583763)
2014781648,20140002296,01/26/2014,01-January,1-Sunday,10:11,1000 Hours,District 1 (Central),DES MOINES,POLK,,E PARK AVE & SE 18TH CT,Collision with:  Vehicle in traffic,On Roadway,"Angle, oncoming left turn",Other (explain in narrative):  Other,None Indicated,,Daylight,Dry,Clear,None apparent,Non-intersection:  Non-junction/no special feature,Paved,,Possible/Unknown,0,2,0,0,1,1,10000,2,3,,POINT (-93.585548252589 41.555280830016)
2014782334,2014005890,01/26/2014,01-January,1-Sunday,15:55,1500 Hours,District 2 (Northeast),,HOWARD,US 63,US 63,Collision with:  Vehicle in traffic,On Roadway,Rear-end (front to rear),Other (explain in narrative):  Vision obstructed,None Indicated,,Daylight,Snow,"Blowing sand, soil, dirt","Surface condition (e.g., wet, icy)",Non-intersection:  Non-junction/no special feature,Paved,,Property Damage Only,0,0,0,0,0,0,9000,2,5,,POINT (-92.298339612135 43.365614495331)
2014786150,,01/26/2014,01-January,1-Sunday,16:25,1600 Hours,District 2 (Northeast),CLEAR LAKE,CERRO GORDO,,,Collision with:  Vehicle in traffic,On Roadway,Rear-end (front to rear),Driving too fast for conditions,None Indicated,,Daylight,Snow,Snow,"Surface condition (e.g., wet, icy)",Non-intersection:  Non-junction/no special feature,,,Possible/Unknown,0,2,0,0,2,0,8000,2,4,,POINT (-96.643700149993 40.233091251414)
2014787880,,01/26/2014,01-January,1-Sunday,19:01,1900 Hours,District 5 (Southeast),,MUSCATINE,US 61,US 61,Collision with fixed object:  Other fixed object (explain in narrative),On Roadway,Non-collision (single vehicle),Swerving/Evasive Action,None Indicated,,Dark - roadway not lighted,Ice/frost,"Blowing sand, soil, dirt","Surface condition (e.g., wet, icy)",Non-intersection:  Non-junction/no special feature,Paved,,Property Damage Only,0,0,0,0,0,0,5500,1,1,,POINT (-91.193203969798 41.343034366209)
2014782362,2014005811,01/26/2014,01-January,1-Sunday,15:18,1500 Hours,District 6 (East Central),NORTH LIBERTY,JOHNSON,,PENN ST & CAMERON WAY,Collision with:  Vehicle in traffic,On Roadway,Broadside (front to side),Made improper turn,None Indicated,,Daylight,Wet,Cloudy,None apparent,Intersection:  T-intersection,Paved,,Minor Injury,0,3,0,1,2,0,7000,2,3,,POINT (-91.625347630577 41.752380780173)
2014781654,20140002324,01/26/2014,01-January,1-Sunday,16:15,1600 Hours,District 1 (Central),DES MOINES,POLK,,SE 5TH ST & E MCKINLEY AVE,Collision with:  Vehicle in traffic,On Roadway,Broadside (front to side),Driving too fast for conditions,None Indicated,,Daylight,Wet,Cloudy,None apparent,Non-intersection:  Non-junction/no special feature,Paved,,Property Damage Only,0,0,0,0,0,0,2500,3,4,,POINT (-93.606494791046 41.540886650881)
2014782519,,01/26/2014,01-January,1-Sunday,14:28,1400 Hours,District 3 (Northwest),WALL LAKE,SAC,,1ST ST & CENTER ST & S CENTER ST,Collision with:  Railway vehicle/train,On Roadway,Rear-end (front to rear),FTYROW:  Other (explain in narrative),None Indicated,,Daylight,Dry,Cloudy,None apparent,Non-intersection:  Railroad grade crossing,Paved,,Property Damage Only,0,0,0,0,0,0,2000,2,2,,POINT (-95.090647838484 42.270855588222)
2014781655,20140002288,01/26/2014,01-January,1-Sunday,02:00,0200 Hours,District 1 (Central),DES MOINES,POLK,,DAY ST & 6TH AVE,Collision with fixed object:  Utility pole/light support,Outside trafficway,Non-collision (single vehicle),Unknown,None Indicated,,Dark - roadway lighted,Dry,Cloudy,None apparent,Intersection:  Four-way intersection,Paved,,Property Damage Only,0,0,0,0,0,0,1500,1,1,,POINT (-93.625671144529 41.596223729214)
2014782582,14000721,01/26/2014,01-January,1-Sunday,16:52,1600 Hours,District 6 (East Central),,DELAWARE,,Co Rd X47/300TH AVE,Collision with:  Vehicle in traffic,On Roadway,"Sideswipe, opposite direction",Ran off road - left,None Indicated,,Dark - roadway not lighted,Snow,"Blowing sand, soil, dirt",None apparent,Non-intersection:  Non-junction/no special feature,Paved,,Property Damage Only,0,0,0,0,0,0,7000,2,2,,POINT (-91.212502817957 42.629622219694)
2014782579,140653,01/26/2014,01-January,1-Sunday,09:55,0900 Hours,District 4 (Southwest),,DALLAS,,XAVIER AVE,Collision with fixed object:  Ditch,On Roadway,Non-collision (single vehicle),Ran off road - left,Alcohol (Statutory),,Daylight,Dry,Clear,None apparent,Non-intersection:  Non-junction/no special feature,Unpaved,,Property Damage Only,0,0,0,0,0,0,20500,1,2,,POINT (-93.824371958555 41.771968302334)
2014782118,14-000392,01/26/2014,01-January,1-Sunday,23:32,2300 Hours,District 1 (Central),ANKENY,POLK,,SW CHERRY ST,Collision with fixed object:  Other fixed object (explain in narrative),Outside trafficway,Non-collision (single vehicle),Other (explain in narrative):  Other,Under Influence of Alcohol/Drugs/Medications,,Dark - roadway lighted,Dry,Clear,None apparent,Non-intersection:  Non-junction/no special feature,Paved,,Possible/Unknown,0,1,0,0,0,1,2000,1,2,,POINT (-93.607286558053 41.727682437277)
2014781837,14-021,01/26/2014,01-January,1-Sunday,05:49,0500 Hours,District 2 (Northeast),WAVERLY,BREMER,IA 116,IA 116/4TH ST SW & 7TH AVE SW,Collision with:  Vehicle in traffic,On Roadway,"Sideswipe, same direction",Other (explain in narrative):  Other,None Indicated,,Dark - roadway lighted,Snow,Cloudy,None apparent,Non-intersection:  Non-junction/no special feature,Paved,,Property Damage Only,0,0,0,0,0,0,2750,2,2,,POINT (-92.475591191368 42.719015311885)
2014781559,01-14-3768,01/26/2014,01-January,1-Sunday,17:21,1700 Hours,District 6 (East Central),DUBUQUE,DUBUQUE,US 52,US 52,Collision with:  Vehicle in traffic,On Roadway,Rear-end (front to rear),Driving too fast for conditions,None Indicated,,Dark - roadway lighted,Snow,Snow,None apparent,Non-intersection:  Non-junction/no special feature,Paved,,Property Damage Only,0,0,0,0,0,0,11500,2,3,,POINT (-90.671394236403 42.461703986839)
2014782033,,01/26/2014,01-January,1-Sunday,15:25,1500 Hours,District 2 (Northeast),,HANCOCK,IA 17,IA 17/AMES,Collision with:  Vehicle in traffic,On Roadway,"Sideswipe, opposite direction",Other (explain in narrative):  No improper action,None Indicated,,Daylight,Snow,"Blowing sand, soil, dirt",None apparent,Non-intersection:  Non-junction/no special feature,Paved,,Property Damage Only,0,0,0,0,0,0,2500,2,2,,POINT (-93.971047382967 43.009146921548)
2014781868,2014000928,01/26/2014,01-January,1-Sunday,07:29,0700 Hours,District 6 (East Central),IOWA CITY,JOHNSON,US 6,US 6,Collision with:  Vehicle in traffic,On Roadway,"Sideswipe, same direction",Followed too close,None Indicated,,Daylight,Wet,Cloudy,None apparent,Non-intersection:  Non-junction/no special feature,Paved,,Property Damage Only,0,0,0,0,0,0,1500,2,2,,POINT (-91.542032627841 41.662960978758)
2014784662,14-001387,01/26/2014,01-January,1-Sunday,09:32,0900 Hours,District 6 (East Central),TIPTON,CEDAR,,3RD ST,Collision with:  Parked motor vehicle,On Roadway,Rear-end (front to rear),Crossed centerline (undivided),None Indicated,,Daylight,Snow,Cloudy,None apparent,Non-intersection:  Non-junction/no special feature,Paved,,Possible/Unknown,0,1,0,0,0,1,5000,2,1,,POINT (-91.132269059148 41.767902105793)
2014781527,20140126EEP,01/26/2014,01-January,1-Sunday,16:50,1600 Hours,District 5 (Southeast),OSCEOLA,CLARKE,,E JEFFERSON ST,Collision with:  Vehicle in traffic,On Roadway,Broadside (front to side),Improper Backing,None Indicated,,Dark - roadway not lighted,Dry,Cloudy,None apparent,Non-intersection:  Driveway access (within),Paved,,Property Damage Only,0,0,0,0,0,0,1500,2,1,,POINT (-93.761438806844 41.033498975786)
2014784127,14000729,01/26/2014,01-January,1-Sunday,14:10,1400 Hours,District 6 (East Central),INDEPENDENCE,BUCHANAN,,2ND ST SW & 4TH AVE SW,Collision with:  Vehicle in traffic,On Roadway,Broadside (front to side),FTYROW:  From yield sign,None Indicated,,Daylight,Snow,Clear,None apparent,Intersection:  Four-way intersection,Paved,,Property Damage Only,0,0,0,0,0,0,2500,2,2,,POINT (-91.897720898492 42.467780083736)
2014791185,,01/26/2014,01-January,1-Sunday,20:30,2000 Hours,District 2 (Northeast),,BLACK HAWK,,,Non-collision events:  Other non-collision (explain in narrative),On Roadway,"Sideswipe, same direction",Unknown,None Indicated,,Dark - roadway not lighted,Water (standing or moving),Snow,,Non-intersection:  Non-junction/no special feature,,,Property Damage Only,0,0,0,0,0,0,2537,2,3,,POINT (-96.643700149993 40.233091251414)
2014782352,2014006773,01/26/2014,01-January,1-Sunday,16:21,1600 Hours,District 2 (Northeast),,FAYETTE,IA 150,IA 150/K AVE,Collision with:  Vehicle in traffic,On Roadway,Rear-end (front to rear),Other (explain in narrative):  Vision obstructed,None Indicated,,Daylight,Snow,"Blowing sand, soil, dirt",None apparent,Non-intersection:  Non-junction/no special feature,Paved,,Property Damage Only,0,0,0,0,0,0,10000,2,3,,POINT (-91.804665020238 42.780779657704)
2014786509,,01/26/2014,01-January,1-Sunday,03:30,0300 Hours,District 2 (Northeast),,WINNESHIEK,,Co Rd W20/BLUFFTON RD,Collision with fixed object:  Ditch,On Roadway,Non-collision (single vehicle),Crossed centerline (undivided),None Indicated,,Dark - roadway not lighted,Ice/frost,Cloudy,"Surface condition (e.g., wet, icy)",Non-intersection:  Driveway access (within),Paved,,Property Damage Only,0,0,0,0,0,0,2500,1,1,,POINT (-91.865399969117 43.358671999536)
2014783157,2014005766,01/26/2014,01-January,1-Sunday,09:45,0900 Hours,District 2 (Northeast),,BLACK HAWK,US 20,US 20,Non-collision events:  Overturn/rollover,Median,Non-collision (single vehicle),Driving too fast for conditions,None Indicated,,Daylight,Ice/frost,Severe winds,"Surface condition (e.g., wet, icy)",Non-intersection:  Non-junction/no special feature,Paved,,Property Damage Only,0,0,0,0,0,0,1700,1,1,,POINT (-92.519126410991 42.464353841903)
2014782347,2014005834,01/26/2014,01-January,1-Sunday,16:20,1600 Hours,District 2 (Northeast),,FAYETTE,IA 150,IA 150/K AVE,Collision with:  Vehicle in traffic,On Roadway,Rear-end (front to rear),Other (explain in narrative):  Vision obstructed,None Indicated,,Daylight,Snow,"Blowing sand, soil, dirt",None apparent,Non-intersection:  Non-junction/no special feature,Paved,,Property Damage Only,0,0,0,0,0,0,20500,3,8,,POINT (-91.804665020238 42.780779657704)
2014782040,W14-008464,01/26/2014,01-January,1-Sunday,10:02,1000 Hours,District 2 (Northeast),WATERLOO,BLACK HAWK,,MAYNARD AVE & GREENHILL RD,Collision with:  Vehicle in traffic,On Roadway,Rear-end (front to rear),Lost Control,None Indicated,,Daylight,Snow,Clear,None apparent,Intersection:  Four-way intersection,Paved,,Property Damage Only,0,0,0,0,0,0,4500,2,3,,POINT (-92.394487527888 42.507189404778)
2014784661,14-001385,01/26/2014,01-January,1-Sunday,09:32,0900 Hours,District 6 (East Central),TIPTON,CEDAR,,3RD ST,Collision with:  Parked motor vehicle,On Roadway,Unknown,Lost Control,None Indicated,,Daylight,Snow,Cloudy,"Surface condition (e.g., wet, icy)",Non-intersection:  Non-junction/no special feature,Paved,,Possible/Unknown,0,1,0,0,0,1,9000,2,1,,POINT (-91.132269059148 41.767902105793)
2014783421,14-000108,01/26/2014,01-January,1-Sunday,00:29,0000 Hours,District 1 (Central),AMES,STORY,,KNAPP ST & HAYWARD AVE,Collision with:  Vehicle in traffic,On Roadway,Head-on (front to front),FTYROW:  Making left turn,Alcohol (Statutory),,Dark - roadway lighted,Dry,Clear,None apparent,Non-intersection:  Driveway access (within),Paved,,Property Damage Only,0,0,0,0,0,0,1500,2,3,,POINT (-93.651745762724 42.019115162585)