Iowa DOT Case Number,Law Enforcement Case Number,Date of Crash,Month of Crash,Day of Week,Time of Crash,Hour,DOT District,City Name,County Name,Route with System,Location Description,First Harmful Event,Location of First Harmful Event,Manner of Crash/Collision,Major Cause,Drug or Alcohol ,Environmental Conditions,Light Conditions,Surface Conditions,Weather Conditions,Roadway Contribution,Roadway Type,Roadway Surface,Work Zone,Crash Severity,Number of Fatalities,Number of Injuries,Number of Major Injuries,Number of Minor Injuries,Number of Possible Injuries,Number of Unknown Injuries,Amount of Property Damage,Number of Vehicles Involved,Total Number of Occupants,Travel Direction,Location
2014782053,14001323,01/27/2014,01-January,2-Monday,12:13,1200 Hours,District 2 (Northeast),MASON CITY,CERRO GORDO,,12TH PL & 13TH ST NE & CHARLES PL,Collision with:  Vehicle in traffic,On Roadway,Broadside (front to side),Improper Backing,None Indicated,,Daylight,Snow,Clear,None apparent,Intersection:  Other intersection (explain in narrative),Paved,,Property Damage Only,0,0,0,0,0,0,4000,2,3,,POINT (-93.198814321399 43.163485273252)
2014782113,14-003615,01/27/2014,01-January,2-Monday,14:20,1400 Hours,District 5 (Southeast),MUSCATINE,MUSCATINE,,E 7TH ST & CEDAR ST,Collision with:  Vehicle in traffic,On Roadway,Broadside (front to side),FTYROW:  From stop sign,None Indicated,,Daylight,Dry,Clear,Obstruction in roadway,Intersection:  Four-way intersection,Paved,,Property Damage Only,0,0,0,0,0,0,2000,2,3,,POINT (-91.047455280086 41.426462606945)
2014783285,2014012701,01/27/2014,01-January,2-Monday,05:31,0500 Hours,District 4 (Southwest),SHENANDOAH,PAGE,,S CENTER ST,Collision with:  Parked motor vehicle,On Roadway,Rear-end (front to rear),Driver Distraction:  Manual operation of an electronic communication device,None Indicated,,Dark - roadway lighted,Dry,Clear,None apparent,Non-intersection:  Non-junction/no special feature,Paved,,Minor Injury,0,1,0,1,0,0,14500,3,1,,POINT (-95.366079931363 40.763498835501)
2014782078,14-000947,01/27/2014,01-January,2-Monday,08:30,0800 Hours,District 2 (Northeast),,FAYETTE,IA 187,IA 187/C AVE,Collision with:  Parked motor vehicle,Unknown,"Sideswipe, same direction",Illegally Parked/Unattended,None Indicated,,Daylight,Snow,"Blowing sand, soil, dirt",None apparent,Non-intersection:  Non-junction/no special feature,Paved,,Property Damage Only,0,0,0,0,0,0,18000,2,1,,POINT (-91.646053710155 42.662431021036)
2014782635,02-14-1674,01/27/2014,01-January,2-Monday,22:43,2200 Hours,District 6 (East Central),,DUBUQUE,US 20,US 20 & COX SPRINGS RD,Collision with fixed object:  Traffic sign support,Roadside,Non-collision (single vehicle),Ran off road - right,None Indicated,,Dark - roadway not lighted,Ice/frost,Clear,"Surface condition (e.g., wet, icy)",Non-intersection:  Crossover-related,Paved,,Property Damage Only,0,0,0,0,0,0,2050,1,1,,POINT (-90.830830561152 42.440510250215)
2014782306,14-1533,01/27/2014,01-January,2-Monday,11:12,1100 Hours,District 6 (East Central),BETTENDORF,SCOTT,I-74,I-74,Collision with:  Vehicle in traffic,On Roadway,Rear-end (front to rear),Followed too close,None Indicated,,Daylight,Wet,Clear,None apparent,Interchange-related:  On-ramp merge area,Paved,,Possible/Unknown,0,3,0,0,3,0,12500,2,3,,POINT (-90.513701766221 41.526724329566)
2014782348,2014006117,01/27/2014,01-January,2-Monday,11:30,1100 Hours,District 6 (East Central),DYERSVILLE,DELAWARE,US 20,US 20 & 218TH ST & 330TH AVE,Collision with fixed object:  Other fixed object (explain in narrative),On Roadway,Non-collision (single vehicle),Ran off road - left,None Indicated,,Daylight,Ice/frost,"Blowing sand, soil, dirt","Surface condition (e.g., wet, icy)",Non-intersection:  Crossover-related,Paved,,Property Damage Only,0,0,0,0,0,0,3000,1,3,,POINT (-91.150432573108 42.47115934951)
2014781563,01-14-3838,01/27/2014,01-January,2-Monday,09:15,0900 Hours,District 6 (East Central),DUBUQUE,DUBUQUE,,BELLEVUE RD & FLINT HILL DR,Collision with:  Vehicle in traffic,On Roadway,Rear-end (front to rear),Followed too close,None Indicated,,Daylight,Snow,Severe winds,None apparent,Intersection:  T-intersection,Paved,,Possible/Unknown,0,1,0,0,1,0,7000,2,2,,POINT (-90.674309344082 42.459836075876)
2014782140,14-1574,01/27/2014,01-January,2-Monday,18:25,1800 Hours,District 6 (East Central),BETTENDORF,SCOTT,I-74,I-74,Collision with fixed object:  Concrete traffic barrier (median or right side),Shoulder,Non-collision (single vehicle),Ran off road - left,None Indicated,,Dark - roadway not lighted,Ice/frost,Clear,"Surface condition (e.g., wet, icy)",Non-intersection:  Other non-intersection (explain in narrative),Paved,,Property Damage Only,0,0,0,0,0,0,5000,1,1,,POINT (-90.518870726872 41.545127959039)
2014782168,2014006372,01/27/2014,01-January,2-Monday,18:45,1800 Hours,District 5 (Southeast),,WAPELLO,,Co Rd T61/MONROE WAPELLO RD,Collision with:  Animal,,,Animal,None Indicated,,,,,,,Paved,,Property Damage Only,0,0,0,0,0,0,5000,1,1,,POINT (-92.634459303717 40.983988779965)
2014784018,2014006077,01/27/2014,01-January,2-Monday,09:45,0900 Hours,District 1 (Central),,POLK,I-35,I-35,Collision with:  Vehicle in traffic,On Roadway,"Sideswipe, same direction",Crossed centerline (undivided),None Indicated,,Daylight,Dry,Severe winds,None apparent,Non-intersection:  Non-junction/no special feature,Paved,,Property Damage Only,0,0,0,0,0,0,2500,2,2,,POINT (-93.571078406666 41.836933360133)
2014790801,14000295,01/27/2014,01-January,2-Monday,08:41,0800 Hours,District 2 (Northeast),,HANCOCK,US 69,US 69,Collision with fixed object:  Ditch,Shoulder,Non-collision (single vehicle),Driving too fast for conditions,None Indicated,,Daylight,Ice/frost,"Blowing sand, soil, dirt",None apparent,Non-intersection:  Non-junction/no special feature,Paved,,Minor Injury,0,1,0,1,0,0,0,1,1,,POINT (-93.6360880363 43.157423464535)
2014782307,14-1534,01/27/2014,01-January,2-Monday,11:29,1100 Hours,District 6 (East Central),BETTENDORF,SCOTT,I-74,I-74,Collision with fixed object:  Guardrail - face,Shoulder,Non-collision (single vehicle),Ran off road - left,None Indicated,,Daylight,Dry,Clear,None apparent,Non-intersection:  Non-junction/no special feature,Paved,,Property Damage Only,0,0,0,0,0,0,4612,1,1,,POINT (-90.51892476779 41.5452822343)
2014782607,01-14-3866,01/27/2014,01-January,2-Monday,12:59,1200 Hours,District 6 (East Central),DUBUQUE,DUBUQUE,,CEDAR CROSS RD,Collision with:  Vehicle in traffic,On Roadway,Rear-end (front to rear),Lost Control,None Indicated,,Daylight,Slush,Clear,None apparent,Non-intersection:  Non-junction/no special feature,Paved,,Property Damage Only,0,0,0,0,0,0,2600,2,4,,POINT (-90.714630715776 42.492445168762)
2014781890,14-0117,01/27/2014,01-January,2-Monday,13:55,1300 Hours,District 1 (Central),CLIVE,POLK,,NW 123RD ST & UNIVERSITY AVE & WEST LAKES PKWY,Collision with:  Vehicle in traffic,On Roadway,Rear-end (front to rear),Followed too close,None Indicated,,Daylight,Dry,Clear,None apparent,Intersection:  Four-way intersection,Paved,,Property Damage Only,0,0,0,0,0,0,1600,2,2,,POINT (-93.786173663789 41.600435354128)
2014783174,,01/27/2014,01-January,2-Monday,20:00,2000 Hours,District 4 (Southwest),,MONTGOMERY,,K AVE,Non-collision events:  Overturn/rollover,On Roadway,Non-collision (single vehicle),Ran off road - right,None Indicated,,Dark - roadway not lighted,"Mud, dirt",Cloudy,"Surface condition (e.g., wet, icy)",Non-intersection:  Non-junction/no special feature,Unpaved,,Possible/Unknown,0,1,0,0,1,0,3700,1,1,,POINT (-95.17531876489 41.08517107573)
2014789275,2014-01697,01/27/2014,01-January,2-Monday,01:18,0100 Hours,District 5 (Southeast),,WARREN,,140TH AVE & POLK ST,Collision with fixed object:  Utility pole/light support,On Roadway,Non-collision (single vehicle),Ran off road - straight,Alcohol (Statutory),,Dark - roadway not lighted,"Mud, dirt",Clear,None apparent,Intersection:  T-intersection,Unpaved,,Possible/Unknown,0,1,0,0,1,0,8100,1,1,,POINT (-93.539284506089 41.262969035722)
2014782248,032-015-14,01/27/2014,01-January,2-Monday,12:13,1200 Hours,District 3 (Northwest),ESTHERVILLE,EMMET,,N 2ND ST,Collision with:  Railway vehicle/train,On Roadway,Broadside (front to side),FTYROW:  Other (explain in narrative),None Indicated,,Daylight,Dry,Clear,None apparent,Non-intersection:  Railroad grade crossing,Paved,,Property Damage Only,0,0,0,0,0,0,5000,2,2,,POINT (-94.841916797808 43.404292720538)
2014781668,14-0461,01/27/2014,01-January,2-Monday,02:16,0200 Hours,District 1 (Central),WEST DES MOINES,POLK,,E P TRUE PKWY,Collision with fixed object:  Curb/island/raised median,On Roadway,Non-collision (single vehicle),Lost Control,Alcohol (Statutory),,Dark - roadway lighted,Dry,Clear,None apparent,Non-intersection:  Non-junction/no special feature,Paved,,Property Damage Only,0,0,0,0,0,0,3150,1,1,,POINT (-93.739822750995 41.570343582821)
2014783191,14-008784,01/27/2014,01-January,2-Monday,09:59,0900 Hours,District 2 (Northeast),DUNKERTON,BLACK HAWK,,Co Rd V49/N RAYMOND RD,Non-collision events:  Overturn/rollover,On Roadway,Non-collision (single vehicle),Driving too fast for conditions,None Indicated,,Daylight,Snow,Snow,Obstruction in roadway,Non-intersection:  Driveway access (within),Paved,,Property Damage Only,0,0,0,0,0,0,5500,1,1,,POINT (-92.219126278381 42.6187450783)
2014785830,14000340,01/27/2014,01-January,2-Monday,19:43,1900 Hours,District 5 (Southeast),,KEOKUK,,315TH ST & 190TH AVE,Collision with:  Animal,On Roadway,Non-collision (single vehicle),Animal,None Indicated,,Dark - roadway not lighted,Snow,Clear,None apparent,Non-intersection:  Non-junction/no special feature,Unpaved,,Property Damage Only,0,0,0,0,0,0,8500,1,1,,POINT (-92.237579414039 41.198743282694)
2014781898,20140002387,01/27/2014,01-January,2-Monday,10:46,1000 Hours,District 1 (Central),DES MOINES,POLK,,DAY ST & 6TH AVE,Collision with:  Vehicle in traffic,On Roadway,Broadside (front to side),Ran Traffic Signal,None Indicated,,Daylight,Dry,Clear,None apparent,Intersection:  Four-way intersection,Paved,,Property Damage Only,0,0,0,0,0,0,2800,2,2,,POINT (-93.62571905065 41.596214461243)
2014782695,14-1205,01/27/2014,01-January,2-Monday,06:56,0600 Hours,District 6 (East Central),BELLEVUE,JACKSON,IA 62,IA 62/ANSEL BRIGGS HWY,Collision with fixed object:  Ditch,On Roadway,Non-collision (single vehicle),Crossed centerline (undivided),None Indicated,,Daylight,Snow,"Blowing sand, soil, dirt","Surface condition (e.g., wet, icy)",Non-intersection:  Non-junction/no special feature,Paved,,Minor Injury,0,1,0,1,0,0,4500,1,2,,POINT (-90.535495283738 42.207251288695)
2014782608,01-14-3897,01/27/2014,01-January,2-Monday,17:17,1700 Hours,District 6 (East Central),DUBUQUE,DUBUQUE,,PENNSYLVANIA AVE,Collision with:  Vehicle in traffic,On Roadway,Rear-end (front to rear),Lost Control,None Indicated,,Dusk,Wet,Clear,None apparent,Non-intersection:  Non-junction/no special feature,Paved,,Property Damage Only,0,0,0,0,0,0,2000,2,2,,POINT (-90.722224741687 42.500458008872)
2014781910,14-003517,01/27/2014,01-January,2-Monday,13:43,1300 Hours,District 4 (Southwest),COUNCIL BLUFFS,POTTAWATTAMIE,,AVE C & N 25TH ST,Collision with:  Vehicle in traffic,On Roadway,Broadside (front to side),FTYROW:  From stop sign,None Indicated,,Daylight,Dry,Clear,None apparent,Intersection:  Four-way intersection,Paved,,Property Damage Only,0,0,0,0,0,0,2000,2,2,,POINT (-95.881831080272 41.264592987562)
2014781670,14-0468,01/27/2014,01-January,2-Monday,11:17,1100 Hours,District 1 (Central),WEST DES MOINES,POLK,I-235,I-235,Collision with:  Vehicle in traffic,On Roadway,"Sideswipe, same direction",Other (explain in narrative):  Other,None Indicated,,Daylight,Dry,Clear,None apparent,Non-intersection:  Non-junction/no special feature,Paved,,Property Damage Only,0,0,0,0,0,0,1800,2,3,,POINT (-93.729262868969 41.593361486236)
2014783286,2014012702,01/27/2014,01-January,2-Monday,09:00,0900 Hours,District 4 (Southwest),SHENANDOAH,PAGE,,E THOMAS AVE & MATHEWS ST,Collision with:  Vehicle in traffic,On Roadway,Unknown,Separation of units,None Indicated,,Daylight,Dry,Cloudy,None apparent,Intersection:  Four-way intersection,Paved,,Possible/Unknown,0,2,0,0,1,1,10000,2,3,,POINT (-95.361318671734 40.76453318296)
2014793206,S201400176,01/27/2014,01-January,2-Monday,18:26,1800 Hours,District 3 (Northwest),,PALO ALTO,,440 AVE,Collision with:  Animal,,Non-collision (single vehicle),Animal,None Indicated,,,,,,,Unpaved,,Property Damage Only,0,0,0,0,0,0,6000,1,1,,POINT (-94.718285824567 43.150816891054)
2014781845,14000404,01/27/2014,01-January,2-Monday,05:01,0500 Hours,District 3 (Northwest),MARCUS,CHEROKEE,,E SPRUCE ST & ASH ST,Collision with:  Vehicle in traffic,On Roadway,Broadside (front to side),FTYROW:  From yield sign,None Indicated,,Dark - roadway lighted,Snow,Clear,"Surface condition (e.g., wet, icy)",Intersection:  Four-way intersection,Paved,,Property Damage Only,0,0,0,0,0,0,7500,2,2,,POINT (-95.802576935807 42.823299850326)
2014783391,2014-5895,01/27/2014,01-January,2-Monday,10:02,1000 Hours,District 6 (East Central),DAVENPORT,SCOTT,,BLYTHEWOOD PL & N LINCOLN AVE,Collision with:  Vehicle in traffic,On Roadway,Head-on (front to front),Lost Control,None Indicated,,Daylight,Snow,Clear,None apparent,Non-intersection:  Non-junction/no special feature,Paved,,Minor Injury,0,1,0,1,0,0,5000,2,2,,POINT (-90.615639614586 41.527227090575)
2014783362,2014-6044,01/28/2014,01-January,3-Tuesday,06:40,0600 Hours,District 6 (East Central),DAVENPORT,SCOTT,US 67,US 67/GAINES ST,Collision with:  Vehicle in traffic,On Roadway,Rear-end (front to rear),Driving too fast for conditions,None Indicated,,Daylight,Ice/frost,"Blowing sand, soil, dirt","Surface condition (e.g., wet, icy)",Non-intersection:  Non-junction/no special feature,Paved,,Property Damage Only,0,0,0,0,0,0,7000,3,3,,POINT (-90.581696114727 41.515367953511)
2014782382,,01/28/2014,01-January,3-Tuesday,17:20,1700 Hours,District 6 (East Central),CEDAR RAPIDS,LINN,,BOYSON RD NE,Collision with:  Vehicle in traffic,On Roadway,Rear-end (front to rear),Unknown,None Indicated,,Dusk,Dry,Cloudy,,Non-intersection:  Non-junction/no special feature,Paved,,Property Damage Only,0,0,0,0,0,0,2500,2,2,,POINT (-91.640285321974 42.046739395351)
2014782045,W14-009196,01/28/2014,01-January,3-Tuesday,14:48,1400 Hours,District 2 (Northeast),WATERLOO,BLACK HAWK,,LORRAINE AVE & BALTIMORE ST,Collision with:  Vehicle in traffic,On Roadway,Rear-end (front to rear),Followed too close,None Indicated,,Daylight,Dry,Clear,"Surface condition (e.g., wet, icy)",Intersection:  Four-way intersection,Paved,,Property Damage Only,0,0,0,0,0,0,2200,2,2,,POINT (-92.34971086493 42.473973684404)
2014783500,14-9168,01/28/2014,01-January,3-Tuesday,13:06,1300 Hours,District 2 (Northeast),,BLACK HAWK,US 218,US 218 & Co Rd C57/W CEDAR-WAPSI RD,Collision with:  Vehicle in traffic,On Roadway,Broadside (front to side),FTYROW:  From stop sign,None Indicated,,Daylight,Wet,Clear,None apparent,Intersection:  Four-way intersection,Paved,,Minor Injury,0,2,0,2,0,0,20000,2,2,,POINT (-92.443567571765 42.613751058808)
2014784260,14-001404,01/28/2014,01-January,3-Tuesday,05:52,0500 Hours,District 5 (Southeast),,HENRY,US 218,US 218,Collision with fixed object:  Utility pole/light support,Roadside,Non-collision (single vehicle),Swerving/Evasive Action,None Indicated,,Dark - roadway not lighted,Dry,Cloudy,None apparent,Non-intersection:  Non-junction/no special feature,Paved,,Property Damage Only,0,0,0,0,0,0,10000,1,1,,POINT (-91.564696843937 40.879833162254)
2014782525,,01/28/2014,01-January,3-Tuesday,10:34,1000 Hours,District 3 (Northwest),ARNOLDS PARK,DICKINSON,,OKOBOJI GROVE RD & ZEPHYR DR,Collision with fixed object:  Tree,Outside trafficway,Non-collision (single vehicle),Ran off road - left,None Indicated,,Daylight,Ice/frost,Clear,None apparent,Non-intersection:  Non-junction/no special feature,Paved,,Property Damage Only,0,0,0,0,0,0,9000,1,1,,POINT (-95.138589575299 43.364272687054)
2014783116,14-000402,01/28/2014,01-January,3-Tuesday,16:40,1600 Hours,District 1 (Central),AMES,STORY,,13TH ST & KELLOGG AVE,Collision with:  Vehicle in traffic,On Roadway,Rear-end (front to rear),Followed too close,None Indicated,,Daylight,Dry,Clear,None apparent,Intersection:  Four-way intersection,Paved,,Property Damage Only,0,0,0,0,0,0,5500,2,2,,POINT (-93.613895808574 42.034526927332)
2014782119,14-0120,01/28/2014,01-January,3-Tuesday,07:48,0700 Hours,District 4 (Southwest),CLIVE,DALLAS,,EMERALD ISLE DR & NW 156TH ST,Collision with:  Vehicle in traffic,On Roadway,Broadside (front to side),FTYROW:  From driveway,None Indicated,,Daylight,Dry,Clear,None apparent,Non-intersection:  Driveway access (within),Paved,,Property Damage Only,0,0,0,0,0,0,3000,3,4,,POINT (-93.833559887687 41.616206356195)
2014782516,,01/28/2014,01-January,3-Tuesday,11:00,1100 Hours,District 2 (Northeast),SUMNER,BREMER,IA 93,IA 93/E 1ST ST,Collision with:  Vehicle in traffic,On Roadway,Rear-end (front to rear),Crossed centerline (undivided),None Indicated,,Daylight,Ice/frost,Clear,"Surface condition (e.g., wet, icy)",Intersection:  Other intersection (explain in narrative),Paved,,Property Damage Only,0,0,0,0,0,0,4500,2,2,,POINT (-92.084211521581 42.847492302101)
2014782100,2014001014,01/28/2014,01-January,3-Tuesday,15:02,1500 Hours,District 6 (East Central),IOWA CITY,JOHNSON,,IOWA AVE & JOHNSON ST,Collision with:  Vehicle in traffic,On Roadway,Broadside (front to side),FTYROW:  From stop sign,None Indicated,,Daylight,Dry,Cloudy,None apparent,Intersection:  Four-way intersection,Paved,,Property Damage Only,0,0,0,0,0,0,11000,2,3,,POINT (-91.527202316471 41.661231694706)
2014782586,14-03129,01/28/2014,01-January,3-Tuesday,17:28,1700 Hours,District 5 (Southeast),,DES MOINES,US 61,US 61,Collision with fixed object:  Ditch,Roadside,Non-collision (single vehicle),Ran off road - right,None Indicated,,Dark - roadway not lighted,Dry,Clear,None apparent,Non-intersection:  Non-junction/no special feature,Paved,,Property Damage Only,0,0,0,0,0,0,2000,1,1,,POINT (-91.15863255993 40.862542935076)
2014784267,14-060128-01,01/28/2014,01-January,3-Tuesday,20:40,2000 Hours,District 6 (East Central),,IOWA,,Co Rd V66/L AVE,Non-collision events:  Overturn/rollover,On Roadway,Non-collision (single vehicle),Ran off road - right,Refused,,Dark - roadway not lighted,Dry,Cloudy,None apparent,Non-intersection:  Non-junction/no special feature,Paved,,Minor Injury,0,1,0,1,0,0,8500,1,1,,POINT (-92.0836383428 41.844280824514)
2014782059,CL14000274,01/28/2014,01-January,3-Tuesday,14:07,1400 Hours,District 6 (East Central),CLINTON,CLINTON,US 67,US 67/N 2ND ST,Collision with:  Vehicle in traffic,On Roadway,"Sideswipe, same direction",Improper or erratic lane changing,None Indicated,,Daylight,Snow,Clear,None apparent,Non-intersection:  Non-junction/no special feature,Paved,,Property Damage Only,0,0,0,0,0,0,2000,2,2,,POINT (-90.18200036742 41.866678415133)
2014783364,2014-6057,01/28/2014,01-January,3-Tuesday,07:38,0700 Hours,District 6 (East Central),DAVENPORT,SCOTT,,W LOMBARD ST & MADISON ST,Collision with:  Vehicle in traffic,On Roadway,"Angle, oncoming left turn",FTYROW:  Making left turn,None Indicated,,Daylight,Slush,Clear,None apparent,Intersection:  T-intersection,Paved,,Property Damage Only,0,0,0,0,0,0,2600,2,2,,POINT (-90.599648768039 41.541880954429)
2014782609,01-14-3974,01/28/2014,01-January,3-Tuesday,06:44,0600 Hours,District 6 (East Central),DUBUQUE,DUBUQUE,US 20,US 20/DODGE ST,Collision with fixed object:  Concrete traffic barrier (median or right side),On Roadway,Non-collision (single vehicle),Driving too fast for conditions,None Indicated,,Daylight,Snow,Clear,"Surface condition (e.g., wet, icy)",Non-intersection:  Non-junction/no special feature,Paved,,Possible/Unknown,0,1,0,0,0,1,2050,1,1,,POINT (-90.668258031547 42.491789767158)
2014783000,14002067,01/28/2014,01-January,3-Tuesday,13:55,1300 Hours,District 5 (Southeast),OSKALOOSA,MAHASKA,IA 92,IA 92/A AVE W & N D ST,Collision with:  Vehicle in traffic,On Roadway,"Angle, oncoming left turn",FTYROW:  Making left turn,None Indicated,,Daylight,Dry,Clear,None apparent,Intersection:  Four-way intersection,Paved,,Property Damage Only,0,0,0,0,0,0,12000,2,2,,POINT (-92.649813459448 41.29621756414)
2014782612,01-14-4023,01/28/2014,01-January,3-Tuesday,12:52,1200 Hours,District 6 (East Central),DUBUQUE,DUBUQUE,,DEVON DR,Collision with:  Vehicle in traffic,On Roadway,Rear-end (front to rear),Lost Control,None Indicated,,Daylight,Wet,Clear,None apparent,Non-intersection:  Non-junction/no special feature,Paved,,Property Damage Only,0,0,0,0,0,0,2000,2,2,,POINT (-90.701273010383 42.492033808748)
2014781901,20140002455,01/28/2014,01-January,3-Tuesday,07:20,0700 Hours,District 1 (Central),DES MOINES,POLK,I-235,I-235,Collision with:  Vehicle in traffic,On Roadway,Rear-end (front to rear),Other (explain in narrative):  Other,None Indicated,,Dawn,Dry,Clear,None apparent,"Interchange-related:  Off-ramp, diverge area",Paved,,Property Damage Only,0,0,0,0,0,0,8000,2,2,,POINT (-93.637182906853 41.595475953378)
2014782615,01-14-4060,01/28/2014,01-January,3-Tuesday,17:32,1700 Hours,District 6 (East Central),DUBUQUE,DUBUQUE,,LOMBARD ST,Collision with fixed object:  Traffic sign support,On Roadway,Non-collision (single vehicle),Ran off road - right,None Indicated,,Dark - roadway lighted,Snow,Clear,"Surface condition (e.g., wet, icy)",Non-intersection:  Non-junction/no special feature,Paved,,Property Damage Only,0,0,0,0,0,0,2300,1,1,,POINT (-90.688476738905 42.491911384186)
2014782882,2014006729,01/28/2014,01-January,3-Tuesday,23:00,2300 Hours,District 4 (Southwest),,POTTAWATTAMIE,I-80,I-80,Collision with:  Vehicle in traffic,On Roadway,Rear-end (front to rear),Followed too close,None Indicated,,Dark - roadway not lighted,Dry,Clear,None apparent,Non-intersection:  Non-junction/no special feature,Paved,,Property Damage Only,0,0,0,0,0,0,5000,2,2,,POINT (-95.271996053955 41.498025168311)
2014783192,14-009021,01/28/2014,01-January,3-Tuesday,00:40,0000 Hours,District 2 (Northeast),WATERLOO,BLACK HAWK,,E AIRLINE HWY,Collision with fixed object:  Utility pole/light support,Roadside,Non-collision (single vehicle),Ran off road - right,Alcohol (Statutory),,Dark - roadway lighted,Snow,Cloudy,None apparent,Non-intersection:  Non-junction/no special feature,Paved,,Property Damage Only,0,0,0,0,0,0,3200,1,1,,POINT (-92.319862374011 42.541974433597)
2014786245,14-000311,01/28/2014,01-January,3-Tuesday,09:53,0900 Hours,District 2 (Northeast),KLEMME,HANCOCK,,S 3RD ST,Collision with:  Vehicle in traffic,On Roadway,Rear-end (front to rear),FTYROW:  From driveway,None Indicated,,Daylight,Ice/frost,Clear,"Surface condition (e.g., wet, icy)",Non-intersection:  Driveway access (within),Paved,,Property Damage Only,0,0,0,0,0,0,3000,2,2,,POINT (-93.600704954398 43.005710581854)
2014782138,14-003705,01/28/2014,01-January,3-Tuesday,16:30,1600 Hours,District 4 (Southwest),COUNCIL BLUFFS,POTTAWATTAMIE,,3RD AVE & S 36TH ST,Collision with:  Vehicle in traffic,On Roadway,Rear-end (front to rear),FTYROW:  From yield sign,None Indicated,,Daylight,Dry,Clear,None apparent,Intersection:  Four-way intersection,Paved,,Property Damage Only,0,0,0,0,0,0,3500,2,2,,POINT (-95.90464994433 41.258867469478)
2014781972,14-0262,01/28/2014,01-January,3-Tuesday,15:38,1500 Hours,District 1 (Central),FORT DODGE,WEBSTER,,N 22ND ST,Collision with:  Vehicle in traffic,On Roadway,Rear-end (front to rear),Followed too close,None Indicated,,Daylight,Dry,Clear,None apparent,Non-intersection:  Non-junction/no special feature,Paved,,Property Damage Only,0,0,0,0,0,0,2100,2,3,,POINT (-94.168087448109 42.510995150711)
2014782559,14-009093,01/28/2014,01-January,3-Tuesday,08:00,0800 Hours,District 2 (Northeast),HUDSON,BLACK HAWK,IA 58,IA 58/HWY 58 & 2ND ST,Non-collision events:  Other non-collision (explain in narrative),On Roadway,"Sideswipe, same direction",Swerving/Evasive Action,None Indicated,,Daylight,Ice/frost,Other (explain in narrative),"Surface condition (e.g., wet, icy)",Intersection:  T-intersection,Paved,Yes,Property Damage Only,0,0,0,0,0,0,5000,2,2,,POINT (-92.4584954976 42.403140184607)
2014782249,03201614,01/28/2014,01-January,3-Tuesday,09:27,0900 Hours,District 3 (Northwest),ESTHERVILLE,EMMET,IA 9,IA 9/CENTRAL AVE,Collision with:  Vehicle in traffic,On Roadway,"Sideswipe, same direction",Made improper turn,None Indicated,,Daylight,Dry,Cloudy,None apparent,Non-intersection:  Non-junction/no special feature,Paved,,Property Damage Only,0,0,0,0,0,0,4600,2,3,,POINT (-94.832252820235 43.402025885399)
2014782135,14-003632,01/28/2014,01-January,3-Tuesday,07:13,0700 Hours,District 4 (Southwest),COUNCIL BLUFFS,POTTAWATTAMIE,I-29,I-29 & NEBRASKA AVE,Collision with:  Vehicle in traffic,On Roadway,Rear-end (front to rear),Other (explain in narrative):  Other,None Indicated,,Dawn,Dry,Clear,None apparent,Intersection:  T-intersection,Paved,,Possible/Unknown,0,1,0,0,1,0,1500,2,2,,POINT (-95.902856370459 41.243169697478)
2014783365,2014-6076,01/28/2014,01-January,3-Tuesday,09:35,0900 Hours,District 6 (East Central),DAVENPORT,SCOTT,,IA 461/HARRISON ST & W 32ND ST,Collision with:  Vehicle in traffic,On Roadway,Rear-end (front to rear),Followed too close,None Indicated,,Daylight,Wet,Clear,None apparent,Intersection:  Four-way intersection,Paved,,Property Damage Only,0,0,0,0,0,0,7000,2,2,,POINT (-90.576586562205 41.552727022717)
2014783369,2014-6180,01/28/2014,01-January,3-Tuesday,18:13,1800 Hours,District 6 (East Central),DAVENPORT,SCOTT,,E 53RD ST & LORTON AVE,Collision with:  Vehicle in traffic,On Roadway,"Sideswipe, same direction",Ran Traffic Signal,None Indicated,,Dark - roadway lighted,Dry,Cloudy,None apparent,Intersection:  Four-way intersection,Paved,,Property Damage Only,0,0,0,0,0,0,9000,2,2,,POINT (-90.536072232007 41.574831716745)
2014793717,14-002086,01/28/2014,01-January,3-Tuesday,17:43,1700 Hours,District 5 (Southeast),,MAHASKA,,MERINO AVE,Collision with fixed object:  Ditch,Shoulder,Non-collision (single vehicle),Ran off road - left,None Indicated,,Dark - roadway not lighted,"Mud, dirt",Clear,None apparent,Non-intersection:  Non-junction/no special feature,Unpaved,,Possible/Unknown,0,1,0,0,1,0,0,1,3,,POINT (-92.633734399912 41.194063774261)
2014783115,14-000393,01/28/2014,01-January,3-Tuesday,08:21,0800 Hours,District 1 (Central),AMES,STORY,,HOOVER AVE & KINYON CIR,Collision with:  Vehicle in traffic,On Roadway,Rear-end (front to rear),Lost Control,None Indicated,,Daylight,Dry,Clear,None apparent,Non-intersection:  Non-junction/no special feature,Paved,,Property Damage Only,0,0,0,0,0,0,9000,2,1,,POINT (-93.629697234743 42.058921092612)
2014782115,14-000412,01/28/2014,01-January,3-Tuesday,08:22,0800 Hours,District 1 (Central),ANKENY,POLK,,NW 18TH ST,Collision with:  Vehicle in traffic,On Roadway,Rear-end (front to rear),Followed too close,None Indicated,,Daylight,Dry,Clear,None apparent,Non-intersection:  Non-junction/no special feature,Paved,,Property Damage Only,0,0,0,0,0,0,2200,2,4,,POINT (-93.608148235616 41.746376459474)