Iowa DOT Case Number,Law Enforcement Case Number,Date of Crash,Month of Crash,Day of Week,Time of Crash,Hour,DOT District,City Name,County Name,Route with System,Location Description,First Harmful Event,Location of First Harmful Event,Manner of Crash/Collision,Major Cause,Drug or Alcohol ,Environmental Conditions,Light Conditions,Surface Conditions,Weather Conditions,Roadway Contribution,Roadway Type,Roadway Surface,Work Zone,Crash Severity,Number of Fatalities,Number of Injuries,Number of Major Injuries,Number of Minor Injuries,Number of Possible Injuries,Number of Unknown Injuries,Amount of Property Damage,Number of Vehicles Involved,Total Number of Occupants,Travel Direction,Location
2014781882,14-622,01/28/2014,01-January,3-Tuesday,11:19,1100 Hours,District 1 (Central),DES MOINES,POLK,,NE INDUSTRY DR,Collision with:  Vehicle in traffic,On Roadway,"Angle, oncoming left turn",FTYROW:  Other (explain in narrative),None Indicated,,Daylight,Dry,Clear,None apparent,Non-intersection:  Non-junction/no special feature,Paved,,Property Damage Only,0,0,0,0,0,0,4000,2,2,,POINT (-93.59393350654 41.670764408667)
2014782383,,01/28/2014,01-January,3-Tuesday,06:50,0600 Hours,District 6 (East Central),CAMANCHE,CLINTON,US 67,US 67 & 9TH AVE,Collision with:  Vehicle in traffic,On Roadway,Rear-end (front to rear),Other (explain in narrative):  Other,None Indicated,,Daylight,Dry,Clear,None apparent,Intersection:  Four-way intersection,Paved,,Property Damage Only,0,0,0,0,0,0,32000,2,2,,POINT (-90.269896715043 41.795180776834)
2014782212,1401282421,01/28/2014,01-January,3-Tuesday,10:25,1000 Hours,District 6 (East Central),,CLINTON,,200 AVE,Collision with:  Vehicle in traffic,On Roadway,"Sideswipe, same direction",Ran off road - left,None Indicated,,Daylight,Snow,Clear,"Surface condition (e.g., wet, icy)",Non-intersection:  Non-junction/no special feature,Unpaved,,Property Damage Only,0,0,0,0,0,0,4500,2,2,,POINT (-90.704058573453 41.881974744816)
2014782207,14-1559,01/28/2014,01-January,3-Tuesday,14:01,1400 Hours,District 2 (Northeast),,BREMER,,Co Rd C33/190TH ST & Co Rd V56/VIKING AVE,Collision with:  Vehicle in traffic,On Roadway,Broadside (front to side),Ran Stop Sign,None Indicated,,Daylight,"Mud, dirt",Clear,"Surface condition (e.g., wet, icy)",Intersection:  Four-way intersection,Paved,,Property Damage Only,0,0,0,0,0,0,24000,2,2,,POINT (-92.141011044063 42.77315243787)
2014782769,E201400178,01/28/2014,01-January,3-Tuesday,00:08,0000 Hours,District 3 (Northwest),EMMETSBURG,PALO ALTO,US 18,US 18/360 ST/450 AVE,Collision with:  Animal,,,Animal,None Indicated,,,,,,,Paved,,Property Damage Only,0,0,0,0,0,0,1500,1,1,,POINT (-94.700513749943 43.125059162323)
2014793345,2014012801,01/28/2014,01-January,3-Tuesday,07:55,0700 Hours,District 4 (Southwest),SHENANDOAH,PAGE,,VISTA AVE,Collision with:  Vehicle in traffic,On Roadway,Rear-end (front to rear),Separation of units,None Indicated,,Unknown,Dry,Cloudy,None apparent,Non-intersection:  Non-junction/no special feature,Paved,,Possible/Unknown,0,1,0,0,0,1,5000,2,1,,POINT (-95.363081010733 40.755426567321)
2014785413,2014-1840,01/28/2014,01-January,3-Tuesday,12:22,1200 Hours,District 6 (East Central),,SCOTT,,95 AVE,Collision with fixed object:  Ditch,Shoulder,Non-collision (single vehicle),Ran off road - right,None Indicated,,Daylight,Dry,Clear,None apparent,Non-intersection:  Non-junction/no special feature,Unpaved,,Minor Injury,0,1,0,1,0,0,10000,1,1,,POINT (-90.717356663477 41.50885629381)
2014782439,C14OOO303,01/28/2014,01-January,3-Tuesday,09:00,0900 Hours,District 6 (East Central),CORALVILLE,JOHNSON,US 6,US 6/2ND ST,Collision with:  Vehicle in traffic,On Roadway,Rear-end (front to rear),Followed too close,None Indicated,,Daylight,Dry,Clear,None apparent,Non-intersection:  Non-junction/no special feature,Paved,,Property Damage Only,0,0,0,0,0,0,6000,2,2,,POINT (-91.607475174834 41.687757903265)
2014782315,S14-0842,01/28/2014,01-January,3-Tuesday,11:40,1100 Hours,District 3 (Northwest),,WOODBURY,IA 141,IA 141/IOWA 141 & JEWELL AVE,Collision with fixed object:  Ditch,Outside trafficway,Non-collision (single vehicle),Crossed centerline (undivided),Alcohol (Statutory),,Daylight,Dry,Clear,None apparent,Intersection:  Four-way intersection,Paved,,Property Damage Only,0,0,0,0,0,0,3500,1,1,,POINT (-95.980938794665 42.234670277135)
2014782892,,01/28/2014,01-January,3-Tuesday,12:49,1200 Hours,District 5 (Southeast),FORT MADISON,LEE,,AVE O,Collision with:  Vehicle in traffic,On Roadway,Rear-end (front to rear),Followed too close,None Indicated,,Daylight,Dry,Clear,None apparent,Non-intersection:  Non-junction/no special feature,Paved,,Possible/Unknown,0,1,0,0,1,0,2000,2,2,,POINT (-91.379933153581 40.624122987246)
2014805220,,01/28/2014,01-January,3-Tuesday,08:16,0800 Hours,District 2 (Northeast),,CHICKASAW,IA 24,IA 24/IOWA 24 & QUINLAN AVE,Collision with:  Vehicle in traffic,On Roadway,Broadside (front to side),Swerving/Evasive Action,None Indicated,,Daylight,,Clear,,,Paved,,Major Injury,0,2,1,0,1,0,8000,2,2,,POINT (-92.219162800961 43.064767638914)
2014782493,14-000129,01/28/2014,01-January,3-Tuesday,18:08,1800 Hours,District 1 (Central),AMES,STORY,,13TH ST,Collision with:  Vehicle in traffic,On Roadway,Rear-end (front to rear),Other (explain in narrative):  Other,Alcohol (Statutory),,Dark - roadway lighted,Dry,Clear,None apparent,Intersection:  Four-way intersection,Paved,,Possible/Unknown,0,1,0,0,1,0,9000,3,4,,POINT (-93.643518321994 42.035670616261)
2014782070,14-003064,01/28/2014,01-January,3-Tuesday,08:15,0800 Hours,District 5 (Southeast),BURLINGTON,DES MOINES,,CEDAR ST & CENTRAL AVE,Collision with:  Parked motor vehicle,On Roadway,Rear-end (front to rear),Lost Control,None Indicated,,Daylight,Dry,Clear,None apparent,Non-intersection:  Non-junction/no special feature,Paved,,Property Damage Only,0,0,0,0,0,0,1500,2,1,,POINT (-91.111172578126 40.799063096314)
2014782684,2014-0400,01/28/2014,01-January,3-Tuesday,15:30,1500 Hours,District 1 (Central),,HARDIN,,S AVE,Collision with fixed object:  Ditch,On Roadway,Non-collision (single vehicle),Crossed centerline (undivided),None Indicated,,Daylight,Snow,Clear,"Surface condition (e.g., wet, icy)",Non-intersection:  Non-junction/no special feature,Unpaved,,Minor Injury,0,1,0,1,0,0,9000,1,1,,POINT (-93.137544667146 42.291426877401)
2014782386,14009167,01/28/2014,01-January,3-Tuesday,13:05,1300 Hours,District 2 (Northeast),CEDAR FALLS,BLACK HAWK,,TERRACE DR,Collision with:  Vehicle in traffic,On Roadway,"Angle, oncoming left turn",FTYROW:  From driveway,None Indicated,,Daylight,Snow,Cloudy,None apparent,Non-intersection:  Driveway access (within),Paved,,Property Damage Only,0,0,0,0,0,0,9000,2,7,,POINT (-92.407690290334 42.506285772984)
2014782909,14009085,01/28/2014,01-January,3-Tuesday,06:47,0600 Hours,District 2 (Northeast),CEDAR FALLS,BLACK HAWK,IA 27,IA 27,Collision with fixed object:  Concrete traffic barrier (median or right side),On Roadway,Non-collision (single vehicle),Lost Control,None Indicated,,Dark - roadway not lighted,Ice/frost,Clear,"Surface condition (e.g., wet, icy)",Non-intersection:  Other non-intersection (explain in narrative),Paved,,Property Damage Only,0,0,0,0,0,0,1500,1,1,,POINT (-92.432891157653 42.52720767297)
2014782112,2014000828,01/28/2014,01-January,3-Tuesday,18:07,1800 Hours,District 1 (Central),MARSHALLTOWN,MARSHALL,,E OLIVE ST,Collision with:  Non-motorist (see non-motorist section - NOT a unit),On Roadway,Non-collision (single vehicle),FTYROW:  To pedestrian,None Indicated,,Dark - roadway lighted,Dry,Clear,None apparent,Non-intersection:  Non-junction/no special feature,Paved,,Possible/Unknown,0,1,0,0,1,0,300,1,3,,POINT (-92.889636237963 42.028396911654)
2014782129,14-0197,01/28/2014,01-January,3-Tuesday,09:15,0900 Hours,District 1 (Central),URBANDALE,POLK,,DOUGLAS AVE & 83RD ST,Collision with:  Vehicle in traffic,On Roadway,Broadside (front to side),Ran Traffic Signal,None Indicated,,Daylight,Dry,Clear,None apparent,Intersection:  Four-way intersection,Paved,,Property Damage Only,0,0,0,0,0,0,15000,2,2,,POINT (-93.732044183367 41.629246473584)
2014782279,20140002521,01/28/2014,01-January,3-Tuesday,22:28,2200 Hours,District 1 (Central),DES MOINES,POLK,,ARMY POST RD & SW 7TH ST,Collision with:  Vehicle in traffic,On Roadway,Broadside (front to side),FTYROW:  Other (explain in narrative),None Indicated,,Dark - roadway lighted,Dry,Clear,None apparent,Non-intersection:  Non-junction/no special feature,Paved,,Property Damage Only,0,0,0,0,0,0,5000,2,3,,POINT (-93.623596393146 41.526482525841)
2014782208,14-024,01/28/2014,01-January,3-Tuesday,15:50,1500 Hours,District 2 (Northeast),WAVERLY,BREMER,IA 3,IA 3/BREMER AVE & 1ST ST SW & 1ST ST NW,Collision with:  Vehicle in traffic,On Roadway,"Sideswipe, opposite direction",FTYROW:  Making left turn,None Indicated,,Daylight,Ice/frost,Clear,"Surface condition (e.g., wet, icy)",Intersection:  Four-way intersection,Paved,,Possible/Unknown,0,1,0,0,1,0,12000,2,3,,POINT (-92.47200431229 42.725770967292)
2014781888,14-000418,01/28/2014,01-January,3-Tuesday,12:16,1200 Hours,District 1 (Central),ANKENY,POLK,I-35,I-35,Collision with fixed object:  Guardrail - face,Shoulder,Non-collision (single vehicle),Swerving/Evasive Action,None Indicated,,Daylight,Dry,Clear,None apparent,Non-intersection:  Non-junction/no special feature,Paved,,Property Damage Only,0,0,0,0,0,0,2300,1,1,,POINT (-93.575829950072 41.688276302725)
2014781902,20140002458,01/28/2014,01-January,3-Tuesday,08:00,0800 Hours,District 1 (Central),DES MOINES,POLK,,MADISON AVE & 8TH ST,Collision with:  Vehicle in traffic,On Roadway,Broadside (front to side),FTYROW:  From stop sign,None Indicated,,Daylight,Dry,Clear,None apparent,Intersection:  Four-way intersection,Paved,,Property Damage Only,0,0,0,0,0,0,7000,2,2,,POINT (-93.627216560442 41.633135859287)
2014782910,14009150,01/28/2014,01-January,3-Tuesday,12:00,1200 Hours,District 2 (Northeast),CEDAR FALLS,BLACK HAWK,,26TH ST,Collision with:  Vehicle in traffic,On Roadway,Broadside (front to side),FTYROW:  Other (explain in narrative),None Indicated,,Daylight,Snow,Clear,None apparent,Non-intersection:  Alley,Paved,,Property Damage Only,0,0,0,0,0,0,1750,2,2,,POINT (-92.451476074367 42.51413164343)
2014783985,14-1068,01/28/2014,01-January,3-Tuesday,15:43,1500 Hours,District 3 (Northwest),,SIOUX,,Co Rd B40/400TH ST,Collision with:  Vehicle in traffic,On Roadway,"Angle, oncoming left turn",FTYROW:  Making left turn,None Indicated,,Daylight,Dry,Clear,None apparent,Non-intersection:  Other non-intersection (explain in narrative),Paved,,Possible/Unknown,0,1,0,0,1,0,5500,2,8,,POINT (-96.119498566073 43.069997465293)
2014782523,,01/28/2014,01-January,3-Tuesday,07:53,0700 Hours,District 2 (Northeast),NEW HAMPTON,CHICKASAW,,E GARFIELD ST & S CHESTNUT AVE,Collision with:  Vehicle in traffic,On Roadway,Broadside (front to side),FTYROW:  From stop sign,None Indicated,,Daylight,Snow,Clear,None apparent,Intersection:  T-intersection,Paved,,Property Damage Only,0,0,0,0,0,0,4500,2,2,,POINT (-92.315372606932 43.054055443412)
2014782451,201401380,01/28/2014,01-January,3-Tuesday,19:03,1900 Hours,District 6 (East Central),CEDAR RAPIDS,LINN,,WILSON AVE SW & J ST SW,Collision with:  Vehicle in traffic,On Roadway,"Angle, oncoming left turn",FTYROW:  Making left turn,None Indicated,,Dark - roadway lighted,Ice/frost,Cloudy,None apparent,Intersection:  Four-way intersection,Paved,,Possible/Unknown,0,1,0,0,1,0,14000,2,7,,POINT (-91.667314058574 41.955974685861)
2014782532,14009338,01/28/2014,01-January,3-Tuesday,20:56,2000 Hours,District 2 (Northeast),CEDAR FALLS,BLACK HAWK,,UNIVERSITY AVE & S MAIN ST,Collision with:  Vehicle in traffic,On Roadway,Broadside (front to side),Ran Traffic Signal,None Indicated,,Dark - roadway lighted,Dry,Clear,None apparent,Intersection:  Four-way intersection,Paved,,Property Damage Only,0,0,0,0,0,0,7000,2,2,,POINT (-92.445824788477 42.513086797058)
2014782449,201401351,01/28/2014,01-January,3-Tuesday,07:57,0700 Hours,District 6 (East Central),CEDAR RAPIDS,LINN,,15TH AVE SW,Collision with fixed object:  Concrete traffic barrier (median or right side),On Roadway,Non-collision (single vehicle),Lost Control,None Indicated,,Daylight,Wet,Clear,None apparent,Non-intersection:  Other non-intersection (explain in narrative),Paved,,Possible/Unknown,0,1,0,0,1,0,8000,1,1,,POINT (-91.687110870271 41.96261542059)
2014782372,,01/28/2014,01-January,3-Tuesday,08:10,0800 Hours,District 1 (Central),COLFAX,JASPER,,PLEASANT ST & KELLY ST,Collision with:  Vehicle in traffic,On Roadway,Broadside (front to side),FTYROW:  From stop sign,None Indicated,,Daylight,Dry,Clear,None apparent,Intersection:  Four-way intersection,Paved,,Property Damage Only,0,0,0,0,0,0,4000,2,3,,POINT (-93.252796329331 41.672516390625)
2014782745,14023,01/28/2014,01-January,3-Tuesday,16:05,1600 Hours,District 5 (Southeast),PELLA,MARION,,HUBER ST & E 1ST ST,Collision with:  Vehicle in traffic,On Roadway,"Sideswipe, opposite direction",Lost Control,None Indicated,,Daylight,Dry,Cloudy,None apparent,Intersection:  Four-way intersection,Paved,,Property Damage Only,0,0,0,0,0,0,16000,2,3,,POINT (-92.914765025115 41.39890190235)
2014785196,14-001215,01/28/2014,01-January,3-Tuesday,07:55,0700 Hours,District 6 (East Central),TIPTON,CEDAR,,SYCAMORE ST,Collision with:  Parked motor vehicle,On Roadway,"Sideswipe, same direction",Unknown,None Indicated,,Dark - unknown roadway lighting,Snow,Clear,None apparent,Non-intersection:  Non-junction/no special feature,Paved,,Property Damage Only,0,0,0,0,0,0,2000,2,1,,POINT (-91.131229975254 41.768884923326)
2014782388,W14-009189,01/28/2014,01-January,3-Tuesday,14:19,1400 Hours,District 2 (Northeast),WATERLOO,BLACK HAWK,,LAFAYETTE ST,Non-collision events:  Other non-collision (explain in narrative),On Roadway,Non-collision (single vehicle),Driving too fast for conditions,None Indicated,,Daylight,Snow,Clear,None apparent,Non-intersection:  Other non-intersection (explain in narrative),Paved,,Possible/Unknown,0,1,0,0,1,0,18050,1,1,,POINT (-92.318606519475 42.491687607369)
2014785627,2014-6175,01/28/2014,01-January,3-Tuesday,17:44,1700 Hours,District 6 (East Central),DAVENPORT,SCOTT,,IA 461/HARRISON ST & W LOCUST ST,Collision with:  Vehicle in traffic,On Roadway,Broadside (front to side),Swerving/Evasive Action,None Indicated,,Dark - roadway lighted,Dry,Clear,None apparent,Non-intersection:  Non-junction/no special feature,Paved,,Property Damage Only,0,0,0,0,0,0,3000,2,2,,POINT (-90.577233957256 41.538285400634)
2014783360,2014-6017,01/28/2014,01-January,3-Tuesday,09:04,0900 Hours,District 6 (East Central),DAVENPORT,SCOTT,,E LOCUST ST & BELLE AVE,Collision with:  Vehicle in traffic,On Roadway,Broadside (front to side),FTYROW:  From stop sign,None Indicated,,Daylight,Wet,Clear,"Surface condition (e.g., wet, icy)",Intersection:  T-intersection,Paved,,Possible/Unknown,0,2,0,0,2,0,8500,2,2,,POINT (-90.543845275086 41.538405288401)
2014783366,2014-6151,01/28/2014,01-January,3-Tuesday,15:49,1500 Hours,District 6 (East Central),DAVENPORT,SCOTT,US 6,US 6/E KIMBERLY RD & BELLE AVE,Collision with:  Vehicle in traffic,On Roadway,Rear-end (front to rear),Followed too close,None Indicated,,Daylight,Dry,Cloudy,None apparent,Intersection:  T-intersection,Paved,,Property Damage Only,0,0,0,0,0,0,4000,2,2,,POINT (-90.544920043746 41.556882306541)
2014782614,01-14-4050,01/28/2014,01-January,3-Tuesday,16:23,1600 Hours,District 6 (East Central),DUBUQUE,DUBUQUE,,GREYHOUND PARK RD,Collision with:  Vehicle in traffic,On Roadway,"Angle, oncoming left turn",Made improper turn,None Indicated,,Daylight,Wet,Clear,"Surface condition (e.g., wet, icy)",Intersection:  Other intersection (explain in narrative),Paved,,Possible/Unknown,0,1,0,0,1,0,7500,2,3,,POINT (-90.650787952398 42.515098489395)
2014782305,2014-1856,01/28/2014,01-January,3-Tuesday,18:32,1800 Hours,District 6 (East Central),ELDRIDGE,SCOTT,,Co Rd Y68/SCOTT PK RD,Collision with:  Animal,,,Animal,None Indicated,,,,,,,Paved,,Property Damage Only,0,0,0,0,0,0,2500,1,1,,POINT (-90.548715345243 41.700496254176)
2014782462,14-002042,01/28/2014,01-January,3-Tuesday,07:43,0700 Hours,District 5 (Southeast),,MARION,IA 14,IA 14/IOWA 14 & STORY DR,Collision with:  Animal,,,Animal,None Indicated,,,,,,,Paved,,Property Damage Only,0,0,0,0,0,0,3000,1,1,,POINT (-93.13735715643 41.21687686872)
2014795803,14-000396,01/28/2014,01-January,3-Tuesday,10:32,1000 Hours,District 1 (Central),AMES,STORY,,NORTHWESTERN AVE,Collision with:  Vehicle in traffic,On Roadway,Broadside (front to side),FTYROW:  From driveway,None Indicated,,Daylight,Dry,Clear,None apparent,Non-intersection:  Driveway access (within),Paved,,Minor Injury,0,1,0,1,0,0,6500,2,2,,POINT (-93.627171229612 42.050315679189)
2014783134,201400004713,01/28/2014,01-January,3-Tuesday,18:15,1800 Hours,District 5 (Southeast),OTTUMWA,WAPELLO,IA 149,IA 149/KITTERMAN AVE/WAPELLO ST & W 4TH ST,Collision with:  Vehicle in traffic,On Roadway,"Angle, oncoming left turn",FTYROW:  Making left turn,None Indicated,,Dark - roadway lighted,Dry,Clear,None apparent,Intersection:  Four-way intersection,Paved,,Property Damage Only,0,0,0,0,0,0,5000,2,4,,POINT (-92.414286208149 41.022220882823)
2014783367,2014-6153,01/28/2014,01-January,3-Tuesday,16:07,1600 Hours,District 6 (East Central),DAVENPORT,SCOTT,US 6,US 6/SPRUCE HILLS DR & ELMORE AVE,Collision with:  Vehicle in traffic,On Roadway,Broadside (front to side),Ran Traffic Signal,None Indicated,,Daylight,Dry,Clear,None apparent,Intersection:  Four-way intersection,Paved,,Property Damage Only,0,0,0,0,0,0,4000,2,2,,POINT (-90.527307818173 41.554946599302)
2014782705,2014001022,01/28/2014,01-January,3-Tuesday,17:33,1700 Hours,District 6 (East Central),IOWA CITY,JOHNSON,,W BENTON ST & OAKNOLL DR,Collision with:  Vehicle in traffic,On Roadway,Rear-end (front to rear),Other (explain in narrative):  Other,None Indicated,,Dusk,Dry,Clear,None apparent,Intersection:  T-intersection,Paved,,Property Damage Only,0,0,0,0,0,0,2000,2,2,,POINT (-91.554623661922 41.650456377563)
2014782039,W14-009138,01/28/2014,01-January,3-Tuesday,11:09,1100 Hours,District 2 (Northeast),WATERLOO,BLACK HAWK,,,Collision with fixed object:  Other fixed object (explain in narrative),On Roadway,Non-collision (single vehicle),Ran off road - straight,None Indicated,,Daylight,Ice/frost,Clear,"Surface condition (e.g., wet, icy)",Non-intersection:  Non-junction/no special feature,,,Property Damage Only,0,0,0,0,0,0,3500,1,1,,POINT (-96.643700149993 40.233091251414)
2014782349,2014006409,01/28/2014,01-January,3-Tuesday,04:34,0400 Hours,District 4 (Southwest),,RINGGOLD,,205TH ST & 330TH AVE,Collision with fixed object:  Ditch,Outside trafficway,Non-collision (single vehicle),Ran off road - right,None Indicated,,Dark - roadway not lighted,"Mud, dirt",Clear,Ruts/holes/bumps,Non-intersection:  Other non-intersection (explain in narrative),Unpaved,,Minor Injury,0,1,0,1,0,0,30000,1,1,,POINT (-94.034113238483 40.747706653001)
2014782600,14-130,01/28/2014,01-January,3-Tuesday,08:25,0800 Hours,District 3 (Northwest),SPIRIT LAKE,DICKINSON,,HILL AVE & 15TH ST,Collision with:  Vehicle in traffic,On Roadway,Broadside (front to side),Ran Stop Sign,None Indicated,,Daylight,Snow,Cloudy,None apparent,Intersection:  Four-way intersection,Paved,,Property Damage Only,0,0,0,0,0,0,10000,2,3,,POINT (-95.102289219416 43.425552718967)
2014782300,S14-000276,01/28/2014,01-January,3-Tuesday,18:15,1800 Hours,District 4 (Southwest),,POTTAWATTAMIE,,Co Rd L20/OLD LINCOLN HWY & MAHOGANY RD,Collision with:  Animal,,,Animal,None Indicated,,,,,,,Paved,,Property Damage Only,0,0,0,0,0,0,1500,1,1,,POINT (-95.843410527595 41.38684578527)
2014787009,,01/28/2014,01-January,3-Tuesday,18:06,1800 Hours,District 2 (Northeast),DECORAH,WINNESHIEK,,JEFFERSON ST & RIVER ST,Collision with:  Vehicle in traffic,On Roadway,Broadside (front to side),Driving too fast for conditions,None Indicated,,Dusk,Snow,Cloudy,"Surface condition (e.g., wet, icy)",Intersection:  Four-way intersection,Paved,,Property Damage Only,0,0,0,0,0,0,2800,2,5,,POINT (-91.789668391139 43.301410635625)
2014783322,14-0090,01/28/2014,01-January,3-Tuesday,19:15,1900 Hours,District 1 (Central),PLEASANT HILL,POLK,,METRO EAST DR,Collision with fixed object:  Curb/island/raised median,On Roadway,Non-collision (single vehicle),Exceeded authorized speed,None Indicated,,Dark - roadway lighted,Dry,Clear,None apparent,Non-intersection:  Non-junction/no special feature,Paved,,Minor Injury,0,1,0,1,0,0,3005,1,3,,POINT (-93.500687064151 41.605347828548)
2014782450,201401367,01/28/2014,01-January,3-Tuesday,14:48,1400 Hours,District 6 (East Central),CEDAR RAPIDS,LINN,,GORDON AVE NW & WEST POST RD NW,Collision with:  Vehicle in traffic,On Roadway,Broadside (front to side),Driving too fast for conditions,None Indicated,,Daylight,Ice/frost,Cloudy,"Surface condition (e.g., wet, icy)",Intersection:  Other intersection (explain in narrative),Paved,,Property Damage Only,0,0,0,0,0,0,6500,2,2,,POINT (-91.740392220781 41.971597481001)
2014782611,01-14-3988,01/28/2014,01-January,3-Tuesday,08:00,0800 Hours,District 6 (East Central),DUBUQUE,DUBUQUE,US 20,US 20/DODGE ST,Non-collision events:  Overturn/rollover,On Roadway,Non-collision (single vehicle),Lost Control,None Indicated,,Daylight,Ice/frost,Clear,None apparent,Non-intersection:  Non-junction/no special feature,Paved,,Property Damage Only,0,0,0,0,0,0,10000,1,1,,POINT (-90.673844524021 42.490111307674)
2014782122,20140002477,01/28/2014,01-January,3-Tuesday,11:29,1100 Hours,District 1 (Central),DES MOINES,POLK,,GUTHRIE AVE & SAYLOR RD,Collision with fixed object:  Tree,On Roadway,Non-collision (single vehicle),Exceeded authorized speed,None Indicated,,Daylight,Dry,Cloudy,None apparent,Non-intersection:  Non-junction/no special feature,Paved,,Major Injury,0,2,1,0,1,0,7100,1,2,,POINT (-93.612512804942 41.614480176977)
2014782141,14-1596,01/28/2014,01-January,3-Tuesday,06:54,0600 Hours,District 6 (East Central),BETTENDORF,SCOTT,I-74,I-74,Collision with:  Vehicle in traffic,On Roadway,"Sideswipe, same direction",Swerving/Evasive Action,None Indicated,,Dawn,Ice/frost,Clear,None apparent,Non-intersection:  Other non-intersection (explain in narrative),Paved,,Property Damage Only,0,0,0,0,0,0,9500,4,5,,POINT (-90.513328195028 41.523023633238)
2014783168,AC-14-0076,01/28/2014,01-January,3-Tuesday,08:01,0800 Hours,District 6 (East Central),MONTICELLO,JONES,,E 3RD ST & N MAPLE ST,Collision with:  Vehicle in traffic,On Roadway,Broadside (front to side),FTYROW:  Making left turn,None Indicated,,Daylight,Ice/frost,Clear,None apparent,Intersection:  Four-way intersection,Paved,,Property Damage Only,0,0,0,0,0,0,4500,2,2,,POINT (-91.187866507052 42.240752715296)
2014785480,14001247,01/28/2014,01-January,3-Tuesday,18:50,1800 Hours,District 6 (East Central),,CEDAR,,Co Rd F36/CEDAR VALLEY RD,Collision with:  Animal,,,Animal,None Indicated,,,,,,,Paved,,Property Damage Only,0,0,0,0,0,0,4500,1,1,,POINT (-91.183688019604 41.740995643003)
2014783129,201400004642,01/28/2014,01-January,3-Tuesday,10:23,1000 Hours,District 5 (Southeast),OTTUMWA,WAPELLO,US 34,US 34,Non-collision events:  Other non-collision (explain in narrative),Outside trafficway,Non-collision (single vehicle),Exceeded authorized speed,None Indicated,,Daylight,Dry,Cloudy,None apparent,Non-intersection:  Non-junction/no special feature,Paved,,Property Damage Only,0,0,0,0,0,0,3000,1,1,,POINT (-92.435515021254 41.01833619882)
2014782620,01-14-4029,01/28/2014,01-January,3-Tuesday,13:40,1300 Hours,District 6 (East Central),DUBUQUE,DUBUQUE,,W 9TH ST & BLUFF ST,Collision with:  Vehicle in traffic,On Roadway,Broadside (front to side),Ran Traffic Signal,None Indicated,,Daylight,Wet,Clear,None apparent,Intersection:  Four-way intersection,Paved,,Property Damage Only,0,0,0,0,0,0,5000,2,3,,POINT (-90.669640291172 42.501093275732)
2014782116,14-000413,01/28/2014,01-January,3-Tuesday,09:30,0900 Hours,District 1 (Central),ANKENY,POLK,IA 160,IA 160/SW ORALABOR RD & SW HIGHPOINT DR & DMACC BLVD,Collision with:  Non-motorist (see non-motorist section - NOT a unit),On Roadway,Non-collision (single vehicle),FTYROW:  To pedestrian,None Indicated,,Daylight,Dry,Clear,None apparent,Non-intersection:  Non-junction/no special feature,Paved,,Major Injury,0,1,1,0,0,0,1600,1,1,,POINT (-93.612582203953 41.702920951868)
2014782143,H14-0210,01/28/2014,01-January,3-Tuesday,17:20,1700 Hours,District 1 (Central),HUXLEY,STORY,,Co Rd E63/315TH ST & 560TH AVE,Collision with:  Vehicle in traffic,On Roadway,"Angle, oncoming left turn",FTYROW:  Making left turn,None Indicated,,Daylight,Dry,Clear,None apparent,Intersection:  Four-way intersection,Paved,,Property Damage Only,0,0,0,0,0,0,2200,2,2,,POINT (-93.580880374674 41.899292490484)
2014782351,2014006703,01/28/2014,01-January,3-Tuesday,19:47,1900 Hours,District 5 (Southeast),,MARION,IA 5,IA 5/NE RAMP,Collision with:  Other non-fixed object (explain in narrative),Roadside,Non-collision (single vehicle),Ran off road - left,Alcohol (Statutory),,Dark - roadway lighted,Dry,Clear,None apparent,Intersection:  Intersection with ramp,Paved,,Property Damage Only,0,0,0,0,0,0,3000,1,1,,POINT (-93.261521201167 41.354733062272)
2014782058,CL14000273,01/28/2014,01-January,3-Tuesday,14:01,1400 Hours,District 6 (East Central),CLINTON,CLINTON,US 30,US 30/LINCOLN WAY & MANUFACTURING DR,Collision with:  Vehicle in traffic,On Roadway,"Sideswipe, opposite direction",Crossed centerline (undivided),None Indicated,,Daylight,Dry,Clear,None apparent,Non-intersection:  Non-junction/no special feature,Paved,,Possible/Unknown,0,1,0,0,1,0,3000,2,2,,POINT (-90.247265570582 41.815551789196)
2014782114,14-003716,01/28/2014,01-January,3-Tuesday,17:40,1700 Hours,District 5 (Southeast),MUSCATINE,MUSCATINE,,CEDAR ST,Collision with:  Vehicle in traffic,On Roadway,Rear-end (front to rear),Swerving/Evasive Action,None Indicated,,Dark - roadway lighted,Other (explain in narrative),Clear,None apparent,Non-intersection:  Non-junction/no special feature,Paved,,Property Damage Only,0,0,0,0,0,0,4500,2,3,,POINT (-91.074889409978 41.435986057335)
2014782036,14009081,01/28/2014,01-January,3-Tuesday,06:50,0600 Hours,District 2 (Northeast),CEDAR FALLS,BLACK HAWK,IA 27,IA 27,Collision with fixed object:  Other fixed object (explain in narrative),On Roadway,Non-collision (single vehicle),Swerving/Evasive Action,None Indicated,,Dark - roadway not lighted,Ice/frost,Clear,"Surface condition (e.g., wet, icy)",Non-intersection:  Other non-intersection (explain in narrative),Paved,,Property Damage Only,0,0,0,0,0,0,2500,1,1,,POINT (-92.433929052851 42.526879591148)