Iowa DOT Case Number,Law Enforcement Case Number,Date of Crash,Month of Crash,Day of Week,Time of Crash,Hour,DOT District,City Name,County Name,Route with System,Location Description,First Harmful Event,Location of First Harmful Event,Manner of Crash/Collision,Major Cause,Drug or Alcohol ,Environmental Conditions,Light Conditions,Surface Conditions,Weather Conditions,Roadway Contribution,Roadway Type,Roadway Surface,Work Zone,Crash Severity,Number of Fatalities,Number of Injuries,Number of Major Injuries,Number of Minor Injuries,Number of Possible Injuries,Number of Unknown Injuries,Amount of Property Damage,Number of Vehicles Involved,Total Number of Occupants,Travel Direction,Location
2014782283,20140002601,01/29/2014,01-January,4-Wednesday,17:05,1700 Hours,District 1 (Central),DES MOINES,POLK,,MCKINLEY AVE,Collision with:  Vehicle in traffic,On Roadway,Head-on (front to front),FTYROW:  Making left turn,None Indicated,,Dusk,Dry,Clear,None apparent,Non-intersection:  Driveway access (within),Paved,,Property Damage Only,0,0,0,0,0,0,4000,2,2,,POINT (-93.643565252725 41.540982400821)
2014782303,14-003875,01/29/2014,01-January,4-Wednesday,18:00,1800 Hours,District 4 (Southwest),COUNCIL BLUFFS,POTTAWATTAMIE,,AVE B,Collision with:  Vehicle in traffic,On Roadway,"Sideswipe, same direction",Lost Control,None Indicated,,Unknown,Dry,Clear,None apparent,Non-intersection:  Non-junction/no special feature,Paved,,Property Damage Only,0,0,0,0,0,0,1500,2,1,,POINT (-95.865149060041 41.263613702504)
2014782235,14-03191,01/29/2014,01-January,4-Wednesday,11:09,1100 Hours,District 5 (Southeast),BURLINGTON,DES MOINES,,ELM ST & 6TH ST,Collision with fixed object:  Tree,Roadside,Non-collision (single vehicle),Exceeded authorized speed,None Indicated,,Daylight,Dry,Clear,None apparent,Non-intersection:  Non-junction/no special feature,Paved,,Property Damage Only,0,0,0,0,0,0,7200,1,1,,POINT (-91.107130081485 40.805752694147)
2014782505,14-2815,01/29/2014,01-January,4-Wednesday,09:04,0900 Hours,District 3 (Northwest),SIOUX CITY,WOODBURY,IA 12,IA 12/GORDON DR & STONE AVE,Collision with:  Vehicle in traffic,On Roadway,Rear-end (front to rear),FTYROW:  From parked position,None Indicated,,Daylight,Dry,Clear,None apparent,Intersection:  Four-way intersection,Paved,,Property Damage Only,0,0,0,0,0,0,1750,3,3,,POINT (-96.352010500174 42.479212427748)
2014782256,A390114-0201,01/29/2014,01-January,4-Wednesday,12:05,1200 Hours,District 4 (Southwest),,GUTHRIE,IA 44,IA 44/IOWA 44 & OAK AVE,Collision with:  Other non-fixed object (explain in narrative),On Roadway,Non-collision (single vehicle),Other (explain in narrative):  Other,None Indicated,,Daylight,Dry,Clear,None apparent,Non-intersection:  Non-junction/no special feature,Paved,,Property Damage Only,0,0,0,0,0,0,5270,2,2,,POINT (-94.473503042946 41.681100735926)
2014782740,14-000406,01/29/2014,01-January,4-Wednesday,18:45,1800 Hours,District 3 (Northwest),ROCK RAPIDS,LYON,US 75,US 75/1ST AVE,Collision with:  Animal,,,Animal,None Indicated,,,,,,,Paved,,Property Damage Only,0,0,0,0,0,0,2500,1,1,,POINT (-96.18272530359 43.432072573712)
2014783207,14000436,01/29/2014,01-January,4-Wednesday,09:34,0900 Hours,District 3 (Northwest),MARCUS,CHEROKEE,IA 3,IA 3/IOWA 3 & IA 143/AMES AVE & Co Rd L36/D AVE,Collision with:  Vehicle in traffic,On Roadway,Broadside (front to side),FTYROW:  From stop sign,None Indicated,,Daylight,Dry,Clear,None apparent,Intersection:  Four-way intersection,Paved,,Property Damage Only,0,0,0,0,0,0,3000,2,2,,POINT (-95.799779963954 42.807952540945)
2014790283,2014-6383,01/29/2014,01-January,4-Wednesday,14:23,1400 Hours,District 6 (East Central),DAVENPORT,SCOTT,,W 3RD ST & OAK ST,Collision with:  Vehicle in traffic,On Roadway,Broadside (front to side),FTYROW:  From stop sign,None Indicated,,Daylight,Dry,Clear,None apparent,Intersection:  Four-way intersection,Paved,,Property Damage Only,0,0,0,0,0,0,3500,2,2,,POINT (-90.609169633634 41.522292250614)
2014782096,SO1400326,01/29/2014,01-January,4-Wednesday,06:59,0600 Hours,District 5 (Southeast),,JEFFERSON,,Co Rd W21/PLEASANT PLAIN RD,Collision with:  Animal,,,Animal,None Indicated,,,,,,,Paved,,Property Damage Only,0,0,0,0,0,0,3000,1,1,,POINT (-91.860372209099 41.119494643221)
2014782285,20140002576,01/29/2014,01-January,4-Wednesday,13:27,1300 Hours,District 1 (Central),DES MOINES,POLK,,GRAND AVE & 59TH ST,Collision with:  Vehicle in traffic,On Roadway,Rear-end (front to rear),Followed too close,None Indicated,,Daylight,Dry,Clear,None apparent,Intersection:  T-intersection,Paved,,Possible/Unknown,0,1,0,0,1,0,6000,2,2,,POINT (-93.698120114292 41.582728117387)
2014782904,,01/29/2014,01-January,4-Wednesday,07:45,0700 Hours,District 6 (East Central),CEDAR RAPIDS,LINN,I-380,I-380,Collision with:  Vehicle in traffic,On Roadway,Rear-end (front to rear),Unknown,None Indicated,,Dawn,Snow,Clear,,Interchange-related:  Off-ramp,Paved,,Property Damage Only,0,0,0,0,0,0,5000,2,2,,POINT (-91.674243017573 41.927297169141)
2014782528,14009501,01/29/2014,01-January,4-Wednesday,10:50,1000 Hours,District 2 (Northeast),CEDAR FALLS,BLACK HAWK,,MAPLEWOOD DR & MCCLAIN DR,Collision with:  Vehicle in traffic,On Roadway,Broadside (front to side),FTYROW:  From stop sign,None Indicated,,Daylight,Snow,Clear,None apparent,Intersection:  Four-way intersection,Paved,,Property Damage Only,0,0,0,0,0,0,6000,2,3,,POINT (-92.42593631069 42.50886423024)
2014782453,201401393,01/29/2014,01-January,4-Wednesday,08:50,0800 Hours,District 6 (East Central),CEDAR RAPIDS,LINN,IA 922,IA 922/1ST AVE E,Collision with:  Vehicle in traffic,On Roadway,Rear-end (front to rear),Lost Control,None Indicated,,Daylight,Dry,Clear,None apparent,Non-intersection:  Non-junction/no special feature,Paved,,Possible/Unknown,0,1,0,0,1,0,7000,2,2,,POINT (-91.654795136999 41.986675743078)
2014782211,14000443,01/29/2014,01-January,4-Wednesday,18:08,1800 Hours,District 3 (Northwest),CHEROKEE,CHEROKEE,,Co Rd L56/RIVER RD,Collision with:  Animal,,,Animal,None Indicated,,,,,,,Paved,,Property Damage Only,0,0,0,0,0,0,2000,1,1,,POINT (-95.575207486063 42.688195912484)
2014783453,2014006934,01/29/2014,01-January,4-Wednesday,17:36,1700 Hours,District 5 (Southeast),,WAPELLO,US 63,US 63/ US 63 NW RAMP,Collision with:  Vehicle in traffic,On Roadway,Broadside (front to side),FTYROW:  From stop sign,None Indicated,,Dusk,Dry,Clear,None apparent,Intersection:  Intersection with ramp,Paved,,Minor Injury,0,2,0,2,0,0,24500,2,2,,POINT (-92.415589135394 41.091409588383)
2014785260,14-000668,01/29/2014,01-January,4-Wednesday,18:00,1800 Hours,District 4 (Southwest),PERRY,DALLAS,,OTLEY AVE,Collision with:  Vehicle in traffic,On Roadway,Rear-end (front to rear),Improper Backing,None Indicated,,Daylight,Dry,Cloudy,None apparent,Non-intersection:  Non-junction/no special feature,Paved,,Property Damage Only,0,0,0,0,0,0,2000,2,1,,POINT (-94.096235372247 41.83739081149)
2014784082,,01/29/2014,01-January,4-Wednesday,08:58,0800 Hours,District 2 (Northeast),HAMPTON,FRANKLIN,IA 3,IA 3/CENTRAL AVE W/CENTRAL AVE E & FEDERAL ST S & FEDERAL ST N,Collision with:  Vehicle in traffic,On Roadway,"Sideswipe, same direction",Other (explain in narrative):  Other,None Indicated,,Daylight,Dry,Clear,None apparent,Intersection:  Four-way intersection,Paved,,Property Damage Only,0,0,0,0,0,0,7000,2,2,,POINT (-93.207419019446 42.741812336074)
2014783373,2014-6308,01/29/2014,01-January,4-Wednesday,07:54,0700 Hours,District 6 (East Central),DAVENPORT,SCOTT,,IA 461/HARRISON ST,Collision with:  Vehicle in traffic,On Roadway,Rear-end (front to rear),Followed too close,None Indicated,,Daylight,Snow,Clear,None apparent,Non-intersection:  Non-junction/no special feature,Paved,,Property Damage Only,0,0,0,0,0,0,4500,2,2,,POINT (-90.577054773945 41.527996295639)
2014782125,20140002536,01/29/2014,01-January,4-Wednesday,07:47,0700 Hours,District 1 (Central),DES MOINES,POLK,,DEAN AVE & E 30TH ST,Collision with:  Vehicle in traffic,On Roadway,Rear-end (front to rear),Followed too close,None Indicated,,Daylight,Dry,Clear,None apparent,Intersection:  Four-way intersection,Paved,,Property Damage Only,0,0,0,0,0,0,3000,2,2,,POINT (-93.558351368616 41.591481284817)
2014782503,2014-992,01/29/2014,01-January,4-Wednesday,15:40,1500 Hours,District 2 (Northeast),FOREST CITY,WINNEBAGO,,W N ST & N 7TH ST,Collision with:  Vehicle in traffic,On Roadway,Broadside (front to side),Driving too fast for conditions,None Indicated,,Daylight,Snow,Snow,"Surface condition (e.g., wet, icy)",Intersection:  Four-way intersection,Paved,,Property Damage Only,0,0,0,0,0,0,2700,2,2,,POINT (-93.640474786603 43.26758973637)
2014783374,2014-6310,01/29/2014,01-January,4-Wednesday,07:54,0700 Hours,District 6 (East Central),DAVENPORT,SCOTT,,IA 461/HARRISON ST,Collision with:  Vehicle in traffic,On Roadway,Rear-end (front to rear),Followed too close,None Indicated,,Daylight,Snow,Clear,None apparent,Non-intersection:  Non-junction/no special feature,Paved,,Property Damage Only,0,0,0,0,0,0,2500,2,2,,POINT (-90.577054773945 41.527996295639)
2014782888,14-000533,01/29/2014,01-January,4-Wednesday,10:45,1000 Hours,District 2 (Northeast),ALGONA,KOSSUTH,US 18,US 18,Collision with:  Vehicle in traffic,On Roadway,"Sideswipe, same direction",FTYROW:  Other (explain in narrative),None Indicated,,Daylight,Dry,Clear,None apparent,Non-intersection:  Non-junction/no special feature,Paved,,Property Damage Only,0,0,0,0,0,0,1700,2,3,,POINT (-94.234692044099 43.082805442175)
2014782288,20140002630,01/29/2014,01-January,4-Wednesday,23:19,2300 Hours,District 1 (Central),DES MOINES,POLK,I-235,I-235 & US 6/E EUCLID AVE,Collision with:  Vehicle in traffic,On Roadway,"Sideswipe, same direction",Other (explain in narrative):  Other,None Indicated,,Dark - roadway lighted,Dry,Cloudy,None apparent,Non-intersection:  Other non-intersection (explain in narrative),Paved,,Property Damage Only,0,0,0,0,0,0,3500,2,3,,POINT (-93.572541957131 41.627755658144)
2014782209,14-025,01/29/2014,01-January,4-Wednesday,09:36,0900 Hours,District 2 (Northeast),WAVERLY,BREMER,IA 3,IA 3/BREMER AVE,Collision with:  Parked motor vehicle,On Roadway,"Sideswipe, same direction",Other (explain in narrative):  No improper action,None Indicated,,Daylight,Ice/frost,Clear,"Surface condition (e.g., wet, icy)",Non-intersection:  Non-junction/no special feature,Paved,,Property Damage Only,0,0,0,0,0,0,4000,2,777,,POINT (-92.467130319707 42.725820438436)
2014782311,14-0060,01/29/2014,01-January,4-Wednesday,05:50,0500 Hours,District 1 (Central),,WEBSTER,,180TH ST,Collision with:  Animal,,,Animal,None Indicated,,,,,,,Paved,,Property Damage Only,0,0,0,0,0,0,5500,1,1,,POINT (-94.217576661326 42.52961703225)
2014782264,2014001039,01/29/2014,01-January,4-Wednesday,11:13,1100 Hours,District 6 (East Central),IOWA CITY,JOHNSON,,S GILBERT ST,Collision with:  Vehicle in traffic,On Roadway,Rear-end (front to rear),Followed too close,None Indicated,,Daylight,Dry,Clear,None apparent,Non-intersection:  Non-junction/no special feature,Paved,,Property Damage Only,0,0,0,0,0,0,2000,2,2,,POINT (-91.530229992084 41.65537997577)
2014782145,14-0266,01/29/2014,01-January,4-Wednesday,08:20,0800 Hours,District 1 (Central),FORT DODGE,WEBSTER,,7TH AVE S & S 31ST ST,Collision with:  Vehicle in traffic,On Roadway,"Sideswipe, same direction",Other (explain in narrative):  Other,None Indicated,,Daylight,Dry,Clear,None apparent,Intersection:  Four-way intersection,Paved,,Property Damage Only,0,0,0,0,0,0,4000,2,2,,POINT (-94.15187751165 42.499262700433)
2014783202,201400368,01/29/2014,01-January,4-Wednesday,18:16,1800 Hours,District 1 (Central),,BOONE,,Co Rd E18/130TH ST,Collision with:  Animal,,,Animal,None Indicated,,,,,,,Paved,,Property Damage Only,0,0,0,0,0,0,7500,1,1,,POINT (-93.994199191147 42.166219776984)
2014782266,2014001040,01/29/2014,01-January,4-Wednesday,11:53,1100 Hours,District 6 (East Central),IOWA CITY,JOHNSON,,E MARKET ST & N DUBUQUE ST,Collision with:  Vehicle in traffic,On Roadway,"Sideswipe, same direction",Made improper turn,None Indicated,,Daylight,Dry,Clear,None apparent,Intersection:  Four-way intersection,Paved,,Property Damage Only,0,0,0,0,0,0,4000,2,2,,POINT (-91.533082402455 41.663576631002)
2014782504,14-2813,01/29/2014,01-January,4-Wednesday,08:52,0800 Hours,District 3 (Northwest),SIOUX CITY,WOODBURY,,8TH ST & PIERCE ST,Collision with:  Non-motorist (see non-motorist section - NOT a unit),On Roadway,Non-collision (single vehicle),FTYROW:  To pedestrian,None Indicated,,Daylight,Dry,Clear,None apparent,Intersection:  T-intersection,Paved,,Possible/Unknown,0,1,0,0,1,0,0,1,1,,POINT (-96.404964508973 42.498513109759)
2014784159,CL14000291,01/29/2014,01-January,4-Wednesday,18:29,1800 Hours,District 6 (East Central),CLINTON,CLINTON,,10TH AVE S,Collision with:  Parked motor vehicle,Roadside,Rear-end (front to rear),Driver Distraction:  Reaching for object(s)/fallen object(s),None Indicated,,Dark - roadway lighted,Snow,Clear,None apparent,Non-intersection:  Non-junction/no special feature,Paved,,Property Damage Only,0,0,0,0,0,0,4700,2,1,,POINT (-90.201828740212 41.835256383624)
2014784266,14-040129-01,01/29/2014,01-January,4-Wednesday,03:00,0300 Hours,District 6 (East Central),,IOWA,,Co Rd F52/F52 TRL,Collision with:  Animal,,,Animal,None Indicated,,,,,,,Paved,,Property Damage Only,0,0,0,0,0,0,4000,1,1,,POINT (-91.951903005278 41.594040367196)
2014783371,2014-6239,01/29/2014,01-January,4-Wednesday,22:26,2200 Hours,District 6 (East Central),DAVENPORT,SCOTT,US 6,US 6/W KIMBERLY RD & NORTHWEST BLVD,Collision with:  Vehicle in traffic,On Roadway,Rear-end (front to rear),Unknown,None Indicated,,Dark - roadway lighted,Dry,Clear,None apparent,Intersection:  Four-way intersection,Paved,,Property Damage Only,0,0,0,0,0,0,2000,2,2,,POINT (-90.578336989072 41.560113133958)
2014782269,14001935,01/29/2014,01-January,4-Wednesday,14:35,1400 Hours,District 6 (East Central),MARION,LINN,,12TH ST,Collision with:  Vehicle in traffic,On Roadway,Broadside (front to side),FTYROW:  At uncontrolled intersection,None Indicated,,Daylight,Snow,Clear,None apparent,Intersection:  Four-way intersection,Paved,,Property Damage Only,0,0,0,0,0,0,1800,2,6,,POINT (-91.596918602808 42.038507943422)
2014783375,2014-6372,01/29/2014,01-January,4-Wednesday,13:33,1300 Hours,District 6 (East Central),DAVENPORT,SCOTT,US 6,US 6/W KIMBERLY RD,Collision with:  Vehicle in traffic,On Roadway,Rear-end (front to rear),Followed too close,None Indicated,,Daylight,Wet,Clear,None apparent,Intersection:  Four-way intersection,Paved,,Property Damage Only,0,0,0,0,0,0,4000,2,2,,POINT (-90.591468134117 41.560091878266)
2014782364,2014006809,01/29/2014,01-January,4-Wednesday,09:00,0900 Hours,District 6 (East Central),,JOHNSON,,Co Rd F20/AMANA RD,Collision with fixed object:  Ditch,Outside trafficway,Non-collision (single vehicle),Swerving/Evasive Action,None Indicated,,Daylight,"Mud, dirt",Clear,None apparent,Non-intersection:  Other non-intersection (explain in narrative),Unpaved,,Possible/Unknown,0,1,0,0,1,0,6000,1,1,,POINT (-91.721106834168 41.807806475393)
2014782390,W14-009616,01/29/2014,01-January,4-Wednesday,17:09,1700 Hours,District 2 (Northeast),WATERLOO,BLACK HAWK,,W PARKER ST & LINCOLN ST,Collision with:  Vehicle in traffic,On Roadway,Broadside (front to side),Ran Stop Sign,None Indicated,,Daylight,Wet,Clear,None apparent,Intersection:  Four-way intersection,Paved,,Property Damage Only,0,0,0,0,0,0,5500,2,3,,POINT (-92.341452799038 42.516677226582)
2014782641,02-14-1773,01/29/2014,01-January,4-Wednesday,15:51,1500 Hours,District 6 (East Central),,DUBUQUE,US 52,US 52,Collision with:  Vehicle in traffic,On Roadway,Rear-end (front to rear),Swerving/Evasive Action,None Indicated,,Dusk,Dry,Clear,None apparent,Non-intersection:  Non-junction/no special feature,Paved,,Possible/Unknown,0,2,0,0,2,0,2500,2,2,,POINT (-90.944245629686 42.580004906869)
2014783122,14-00414,01/29/2014,01-January,4-Wednesday,12:58,1200 Hours,District 1 (Central),AMES,STORY,US 69,US 69/GRAND AVE & 9TH ST,Collision with:  Vehicle in traffic,On Roadway,Rear-end (front to rear),Other (explain in narrative):  Other,None Indicated,,Daylight,Dry,Clear,None apparent,Intersection:  Four-way intersection,Paved,,Minor Injury,0,2,0,1,1,0,4500,2,4,,POINT (-93.620353195347 42.030178065041)
2014782410,CL14000294,01/29/2014,01-January,4-Wednesday,20:04,2000 Hours,District 6 (East Central),CLINTON,CLINTON,US 67,US 67/N 2ND ST,Collision with:  Vehicle in traffic,On Roadway,Rear-end (front to rear),Followed too close,None Indicated,,Dark - roadway lighted,Dry,Cloudy,None apparent,Non-intersection:  Non-junction/no special feature,Paved,,Possible/Unknown,0,3,0,0,3,0,7500,2,3,,POINT (-90.186548758554 41.85335353434)
2014782310,2014-0029,01/29/2014,01-January,4-Wednesday,19:49,1900 Hours,District 5 (Southeast),NORWALK,WARREN,,E 18TH ST & CASSADY DR,Collision with:  Vehicle in traffic,On Roadway,Broadside (front to side),Lost Control,None Indicated,,Dark - roadway lighted,Dry,Clear,None apparent,Non-intersection:  Non-junction/no special feature,Paved,,Property Damage Only,0,0,0,0,0,0,6376,2,2,,POINT (-93.666818417998 41.479752970823)
2014782302,14-003775,01/29/2014,01-January,4-Wednesday,08:45,0800 Hours,District 4 (Southwest),COUNCIL BLUFFS,POTTAWATTAMIE,,SELDIN ST & HARRISON ST,Collision with fixed object:  Other fixed object (explain in narrative),On Roadway,Non-collision (single vehicle),Swerving/Evasive Action,None Indicated,,Daylight,Water (standing or moving),Clear,Other (explain in narrative),Non-intersection:  Non-junction/no special feature,Paved,,Minor Injury,0,1,0,1,0,0,4000,1,3,,POINT (-95.849108845634 41.276278731447)
2014782621,01-14-4163,01/29/2014,01-January,4-Wednesday,12:33,1200 Hours,District 6 (East Central),DUBUQUE,DUBUQUE,,RAILROAD AVE & VALLEY ST & HARRISON ST,Collision with:  Vehicle in traffic,On Roadway,"Sideswipe, opposite direction",Lost Control,None Indicated,,Daylight,Dry,Clear,None apparent,Non-intersection:  Non-junction/no special feature,Paved,,Property Damage Only,0,0,0,0,0,0,3500,2,1,,POINT (-90.662528660119 42.487170383745)
2014837088,32070-14,01/29/2014,01-January,4-Wednesday,06:15,0600 Hours,District 3 (Northwest),,EMMET,,Co Rd N26/370 AVE,Non-collision events:  Jackknife,On Roadway,Non-collision (single vehicle),Swerving/Evasive Action,None Indicated,,Dark - roadway not lighted,Other (explain in narrative),Clear,"Surface condition (e.g., wet, icy)",Non-intersection:  Non-junction/no special feature,Paved,,Property Damage Only,0,0,0,0,0,0,2500,1,1,,POINT (-94.856267159107 43.281647588293)
2014782623,01-14-4187,01/29/2014,01-January,4-Wednesday,14:33,1400 Hours,District 6 (East Central),DUBUQUE,DUBUQUE,US 52,US 52/WHITE ST & E 15TH ST,Collision with:  Vehicle in traffic,On Roadway,"Angle, oncoming left turn",Made improper turn,None Indicated,,Daylight,Wet,Clear,None apparent,Non-intersection:  Non-junction/no special feature,Paved,,Property Damage Only,0,0,0,0,0,0,5000,2,3,,POINT (-90.667188416791 42.507464084259)
2014852932,,01/29/2014,01-January,4-Wednesday,20:22,2000 Hours,District 6 (East Central),DAVENPORT,SCOTT,I-80,I-80,Collision with:  Vehicle in traffic,On Roadway,"Sideswipe, same direction",Crossed centerline (undivided),None Indicated,,Dark - roadway lighted,Dry,Clear,None apparent,Non-intersection:  Non-junction/no special feature,Paved,,Property Damage Only,0,0,0,0,0,0,1700,2,2,,POINT (-90.569850610512 41.596157538408)
2014782236,14-3229,01/29/2014,01-January,4-Wednesday,15:26,1500 Hours,District 5 (Southeast),BURLINGTON,DES MOINES,US 61,US 61 & JOHANNSEN DR,Collision with:  Vehicle in traffic,On Roadway,Broadside (front to side),FTYROW:  Making left turn,None Indicated,,Daylight,Dry,Clear,None apparent,Intersection:  Four-way intersection,Paved,,Property Damage Only,0,0,0,0,0,0,2500,2,2,,POINT (-91.141609897622 40.803827214542)
2014782638,02-14-1828,01/29/2014,01-January,4-Wednesday,18:37,1800 Hours,District 6 (East Central),,DUBUQUE,,Co Rd D35/MILITARY RD,Collision with:  Animal,,,Animal,None Indicated,,,,,,,Paved,,Property Damage Only,0,0,0,0,0,0,3000,1,1,,POINT (-90.706721371543 42.436823539634)
2014782625,01-14-4214,01/29/2014,01-January,4-Wednesday,17:08,1700 Hours,District 6 (East Central),DUBUQUE,DUBUQUE,,GREEN ST,Collision with:  Parked motor vehicle,On Roadway,"Sideswipe, same direction",Swerving/Evasive Action,None Indicated,,Dusk,Snow,Clear,"Surface condition (e.g., wet, icy)",Non-intersection:  Non-junction/no special feature,Paved,,Property Damage Only,0,0,0,0,0,0,2700,2,2,,POINT (-90.701834604377 42.500951261113)
2014782230,2014-0359,01/29/2014,01-January,4-Wednesday,15:04,1500 Hours,District 4 (Southwest),WAUKEE,DALLAS,,UNIVERSITY AVE,Collision with:  Vehicle in traffic,On Roadway,"Sideswipe, same direction",FTYROW:  From driveway,None Indicated,,Daylight,Dry,Clear,None apparent,Non-intersection:  Driveway access (within),Paved,,Property Damage Only,0,0,0,0,0,0,2500,2,6,,POINT (-93.857224076624 41.600404898057)
2014782387,14009451,01/29/2014,01-January,4-Wednesday,06:49,0600 Hours,District 2 (Northeast),CEDAR FALLS,BLACK HAWK,,COLLEGE ST,Collision with:  Vehicle in traffic,Outside trafficway,Rear-end (front to rear),Unknown,None Indicated,,Unknown,Slush,Unknown,None apparent,Non-intersection:  Non-junction/no special feature,Paved,,Property Damage Only,0,0,0,0,0,0,5050,4,1,,POINT (-92.455790891467 42.520510320712)
2014782287,20140002613,01/29/2014,01-January,4-Wednesday,19:25,1900 Hours,District 1 (Central),DES MOINES,POLK,,MULBERRY ST & 8TH ST,Collision with:  Vehicle in traffic,On Roadway,Rear-end (front to rear),Exceeded authorized speed,None Indicated,,Dark - roadway lighted,Dry,Clear,None apparent,Non-intersection:  Other non-intersection (explain in narrative),Paved,,Property Damage Only,0,0,0,0,0,0,30000,3,4,,POINT (-93.626757461235 41.584481369602)
2014810221,CP14-0080,01/29/2014,01-January,4-Wednesday,08:30,0800 Hours,District 2 (Northeast),CLARION,WRIGHT,,3RD AVE SW & 3RD AVE SE & S MAIN ST,Collision with:  Vehicle in traffic,On Roadway,Broadside (front to side),FTYROW:  From stop sign,None Indicated,,Daylight,Ice/frost,Clear,None apparent,Intersection:  Four-way intersection,Paved,,Property Damage Only,0,0,0,0,0,0,6000,2,2,,POINT (-93.732800230483 42.729308531578)
2014782628,01-14-4136,01/29/2014,01-January,4-Wednesday,09:13,0900 Hours,District 6 (East Central),DUBUQUE,DUBUQUE,US 20,US 20/DODGE ST,Collision with:  Vehicle in traffic,On Roadway,Rear-end (front to rear),Lost Control,None Indicated,,Daylight,Dry,Clear,None apparent,Non-intersection:  Non-junction/no special feature,Paved,,Possible/Unknown,0,1,0,0,0,1,1700,2,4,,POINT (-90.727889251181 42.491232055149)
2014782929,14001465,01/29/2014,01-January,4-Wednesday,17:54,1700 Hours,District 2 (Northeast),MASON CITY,CERRO GORDO,IA 122,IA 122/4TH ST SE & S ILLINOIS AVE,Collision with:  Vehicle in traffic,On Roadway,"Angle, oncoming left turn",FTYROW:  Making left turn,None Indicated,,Dark - roadway lighted,Wet,Clear,None apparent,Intersection:  Four-way intersection,Paved,,Property Damage Only,0,0,0,0,0,0,3500,2,4,,POINT (-93.171142480641 43.14806869754)
2014782263,2014001037,01/29/2014,01-January,4-Wednesday,09:36,0900 Hours,District 6 (East Central),IOWA CITY,JOHNSON,,E COURT ST & S GILBERT ST,Collision with:  Vehicle in traffic,On Roadway,"Sideswipe, same direction",Made improper turn,None Indicated,,Daylight,Dry,Clear,None apparent,Intersection:  T-intersection,Paved,,Property Damage Only,0,0,0,0,0,0,6000,2,2,,POINT (-91.530190548789 41.656586389356)
2014782901,,01/29/2014,01-January,4-Wednesday,10:55,1000 Hours,District 2 (Northeast),NEW HAMPTON,CHICKASAW,IA 24,IA 24/N LINN AVE & W MILWAUKEE ST,Collision with:  Vehicle in traffic,On Roadway,Broadside (front to side),FTYROW:  From stop sign,None Indicated,,Daylight,Dry,Cloudy,None apparent,Intersection:  T-intersection,Paved,,Property Damage Only,0,0,0,0,0,0,4000,2,2,,POINT (-92.317797679896 43.065695318245)
2014782061,140710,01/29/2014,01-January,4-Wednesday,02:00,0200 Hours,District 4 (Southwest),,DALLAS,IA 44,IA 44/240TH ST,Collision with fixed object:  Ditch,On Roadway,Non-collision (single vehicle),Crossed centerline (undivided),None Indicated,,Dark - roadway not lighted,Dry,Clear,None apparent,Non-intersection:  Non-junction/no special feature,Paved,,Property Damage Only,0,0,0,0,0,0,5000,1,1,,POINT (-94.27336377579 41.688338563273)
2014782219,140222,01/29/2014,01-January,4-Wednesday,09:10,0900 Hours,District 3 (Northwest),SCHLESWIG,CRAWFORD,,2ND ST,Collision with:  Vehicle in traffic,On Roadway,Broadside (front to side),FTYROW:  From parked position,None Indicated,,Daylight,Dry,Clear,None apparent,Non-intersection:  Non-junction/no special feature,Paved,,Property Damage Only,0,0,0,0,0,0,2000,2,2,,POINT (-95.436680471565 42.166582570112)
2014782716,14-2594,01/29/2014,01-January,4-Wednesday,06:48,0600 Hours,District 5 (Southeast),,LEE,,,Collision with fixed object:  Ditch,Shoulder,Non-collision (single vehicle),Crossed centerline (undivided),None Indicated,,Dawn,Dry,Clear,None apparent,Non-intersection:  Non-junction/no special feature,,,Property Damage Only,0,0,0,0,0,0,3500,1,1,,POINT (-96.643700149993 40.233091251414)
2014800075,1400667,01/29/2014,01-January,4-Wednesday,17:15,1700 Hours,District 5 (Southeast),WASHINGTON,WASHINGTON,,Co Rd W61/RIVERSIDE RD,Collision with fixed object:  Utility pole/light support,Shoulder,Non-collision (single vehicle),Followed too close,None Indicated,,Daylight,Dry,Clear,None apparent,Intersection:  Four-way intersection,Paved,,Property Damage Only,0,0,0,0,0,0,4200,1,1,,POINT (-91.678370021314 41.312942722001)
2014782368,14-000543,01/29/2014,01-January,4-Wednesday,16:08,1600 Hours,District 2 (Northeast),ALGONA,KOSSUTH,US 169,US 169/E STATE ST & S MINNESOTA ST & N MINNESOTA ST,Collision with:  Vehicle in traffic,On Roadway,Broadside (front to side),FTYROW:  From stop sign,None Indicated,,Daylight,Wet,Clear,None apparent,Intersection:  Four-way intersection,Paved,,Property Damage Only,0,0,0,0,0,0,3800,2,5,,POINT (-94.231771953599 43.068888437943)
2014782509,14-2893,01/29/2014,01-January,4-Wednesday,20:11,2000 Hours,District 3 (Northwest),SIOUX CITY,WOODBURY,,27TH ST & JONES ST,Collision with fixed object:  Other fixed object (explain in narrative),On Roadway,Non-collision (single vehicle),Ran off road - straight,Alcohol (Statutory),,Dark - roadway lighted,Dry,Clear,None apparent,Intersection:  T-intersection,Paved,,Possible/Unknown,0,1,0,0,1,0,8500,1,1,,POINT (-96.400973021213 42.517568166084)
2014782712,2014001053,01/29/2014,01-January,4-Wednesday,17:00,1700 Hours,District 6 (East Central),IOWA CITY,JOHNSON,,E JEFFERSON ST & N LINN ST,Collision with:  Vehicle in traffic,On Roadway,Rear-end (front to rear),Followed too close,None Indicated,,Daylight,Dry,Clear,None apparent,Intersection:  T-intersection,Paved,,Property Damage Only,0,0,0,0,0,0,3500,2,3,,POINT (-91.531594598465 41.662449787295)