Iowa DOT Case Number,Law Enforcement Case Number,Date of Crash,Month of Crash,Day of Week,Time of Crash,Hour,DOT District,City Name,County Name,Route with System,Location Description,First Harmful Event,Location of First Harmful Event,Manner of Crash/Collision,Major Cause,Drug or Alcohol ,Environmental Conditions,Light Conditions,Surface Conditions,Weather Conditions,Roadway Contribution,Roadway Type,Roadway Surface,Work Zone,Crash Severity,Number of Fatalities,Number of Injuries,Number of Major Injuries,Number of Minor Injuries,Number of Possible Injuries,Number of Unknown Injuries,Amount of Property Damage,Number of Vehicles Involved,Total Number of Occupants,Travel Direction,Location
2014784824,14-1712,01/29/2014,01-January,4-Wednesday,16:25,1600 Hours,District 6 (East Central),BETTENDORF,SCOTT,US 67,US 67/STATE ST,Collision with:  Vehicle in traffic,On Roadway,Rear-end (front to rear),FTYROW:  Other (explain in narrative),None Indicated,,Daylight,Dry,Clear,None apparent,Non-intersection:  Non-junction/no special feature,Paved,,Property Damage Only,0,0,0,0,0,0,2000,2,2,,POINT (-90.503758615681 41.525364992333)
2014782853,14-1659,01/29/2014,01-January,4-Wednesday,04:46,0400 Hours,District 6 (East Central),BETTENDORF,SCOTT,I-74,I-74,Collision with:  Animal,On Roadway,Non-collision (single vehicle),Animal,None Indicated,,Dark - roadway lighted,Dry,Clear,None apparent,Non-intersection:  Non-junction/no special feature,Paved,,Property Damage Only,0,0,0,0,0,0,5000,1,1,,POINT (-90.515572018174 41.532970161805)
2014783718,SA1400666,01/29/2014,01-January,4-Wednesday,16:51,1600 Hours,District 5 (Southeast),KALONA,WASHINGTON,IA 22,IA 22/E AVE & 5TH ST,Collision with:  Vehicle in traffic,On Roadway,"Angle, oncoming left turn",FTYROW:  Making left turn,None Indicated,,Dusk,Dry,Clear,None apparent,Intersection:  Four-way intersection,Paved,,Possible/Unknown,0,2,0,0,2,0,10000,2,2,,POINT (-91.706029333673 41.485864286562)
2014782930,14001466,01/29/2014,01-January,4-Wednesday,18:04,1800 Hours,District 2 (Northeast),MASON CITY,CERRO GORDO,IA 122,IA 122/4TH ST SW & S EISENHOWER AVE,Collision with:  Vehicle in traffic,On Roadway,Broadside (front to side),Unknown,None Indicated,,Dark - roadway lighted,Snow,Cloudy,None apparent,Intersection:  Other intersection (explain in narrative),Paved,,Minor Injury,0,1,0,1,0,0,11831,4,9,,POINT (-93.260613085241 43.148269091284)
2014784588,2014-01832,01/29/2014,01-January,4-Wednesday,14:26,1400 Hours,District 5 (Southeast),INDIANOLA,WARREN,IA 92,IA 92/W 2ND AVE & W 3RD AVE,Collision with:  Vehicle in traffic,On Roadway,Broadside (front to side),FTYROW:  From stop sign,None Indicated,,Daylight,Dry,Clear,None apparent,Intersection:  Y-intersection,Paved,,Possible/Unknown,0,1,0,0,1,0,9000,2,2,,POINT (-93.575224421745 41.357528990292)
2014783988,14-000418,01/29/2014,01-January,4-Wednesday,15:50,1500 Hours,District 1 (Central),AMES,STORY,,S 3RD ST,Collision with:  Vehicle in traffic,On Roadway,"Sideswipe, same direction",FTYROW:  Other (explain in narrative),None Indicated,,Daylight,Dry,Clear,None apparent,Non-intersection:  Alley,Paved,,Property Damage Only,0,0,0,0,0,0,2000,2,3,,POINT (-93.613021302148 42.020211154133)
2014783178,,01/29/2014,01-January,4-Wednesday,06:15,0600 Hours,District 6 (East Central),TIFFIN,JOHNSON,,JASPER AVE,Collision with:  Animal,On Roadway,Non-collision (single vehicle),Animal,None Indicated,,Dawn,"Mud, dirt",Clear,,,Unpaved,,Property Damage Only,0,0,0,0,0,0,4500,1,1,,POINT (-91.647004972524 41.709639430182)
2014782206,W14-009591,01/29/2014,01-January,4-Wednesday,16:06,1600 Hours,District 2 (Northeast),WATERLOO,BLACK HAWK,,WILLISTON AVE & W 7TH ST,Collision with:  Vehicle in traffic,On Roadway,Broadside (front to side),Ran Stop Sign,None Indicated,,Daylight,Wet,Clear,None apparent,Intersection:  Four-way intersection,Paved,,Property Damage Only,0,0,0,0,0,0,4500,2,2,,POINT (-92.345775257635 42.483911767621)
2014782309,14001039,01/29/2014,01-January,4-Wednesday,10:00,1000 Hours,District 1 (Central),,TAMA,US 63,US 63 & 210TH ST,Collision with:  Vehicle in traffic,On Roadway,Head-on (front to front),Crossed centerline (undivided),None Indicated,,Daylight,Dry,Clear,None apparent,Non-intersection:  Non-junction/no special feature,Paved,,Minor Injury,0,1,0,1,0,0,25000,2,2,,POINT (-92.581455502132 42.137809507441)
2014782205,W14-009562,01/29/2014,01-January,4-Wednesday,14:50,1400 Hours,District 2 (Northeast),WATERLOO,BLACK HAWK,,PARK RD & UTICA ST,Collision with:  Vehicle in traffic,On Roadway,Broadside (front to side),FTYROW:  At uncontrolled intersection,None Indicated,,Daylight,Snow,Clear,None apparent,Intersection:  Four-way intersection,Paved,,Property Damage Only,0,0,0,0,0,0,4000,2,2,,POINT (-92.340703777668 42.506865595279)
2014782617,01-14-4124,01/29/2014,01-January,4-Wednesday,07:23,0700 Hours,District 6 (East Central),DUBUQUE,DUBUQUE,,BRYANT ST,Collision with:  Vehicle in traffic,On Roadway,Head-on (front to front),Crossed centerline (undivided),None Indicated,,Daylight,Ice/frost,Clear,"Surface condition (e.g., wet, icy)",Non-intersection:  Other non-intersection (explain in narrative),Paved,,Possible/Unknown,0,1,0,0,1,0,30000,2,3,,POINT (-90.677867990144 42.489562576138)
2014782508,14-2835,01/29/2014,01-January,4-Wednesday,12:38,1200 Hours,District 3 (Northwest),SIOUX CITY,WOODBURY,,4TH AVE & S ST AUBIN ST,Collision with:  Vehicle in traffic,On Roadway,Broadside (front to side),Ran Stop Sign,None Indicated,,Daylight,Dry,Clear,None apparent,Intersection:  Four-way intersection,Paved,,Property Damage Only,0,0,0,0,0,0,6100,2,3,,POINT (-96.356023901909 42.469189851714)
2014782131,14-0496,01/29/2014,01-January,4-Wednesday,07:15,0700 Hours,District 1 (Central),WEST DES MOINES,POLK,I-35,I-35,Collision with:  Vehicle in traffic,On Roadway,Rear-end (front to rear),Followed too close,None Indicated,,Daylight,Dry,Clear,None apparent,Non-intersection:  Non-junction/no special feature,Paved,,Property Damage Only,0,0,0,0,0,0,7000,3,3,,POINT (-93.777120619571 41.596002315209)
2014784158,CL14000290,01/29/2014,01-January,4-Wednesday,16:48,1600 Hours,District 6 (East Central),CLINTON,CLINTON,US 30,US 30/LINCOLN WAY/CAMANCHE AVE & S 14TH ST,Collision with:  Vehicle in traffic,On Roadway,Broadside (front to side),Ran Traffic Signal,None Indicated,,Daylight,Dry,Cloudy,None apparent,Intersection:  Four-way intersection,Paved,,Possible/Unknown,0,1,0,0,1,0,5000,2,4,,POINT (-90.218713082043 41.818826028365)
2014782464,2014000835,01/29/2014,01-January,4-Wednesday,08:13,0800 Hours,District 1 (Central),MARSHALLTOWN,MARSHALL,,W MAIN ST,Collision with:  Vehicle in traffic,On Roadway,Broadside (front to side),FTYROW:  From parked position,None Indicated,,Daylight,Dry,Clear,None apparent,Non-intersection:  Non-junction/no special feature,Paved,,Minor Injury,0,1,0,1,0,0,12000,2,3,,POINT (-92.935241750271 42.049092856125)
2014782696,14-1329,01/29/2014,01-January,4-Wednesday,08:20,0800 Hours,District 6 (East Central),SABULA,JACKSON,IA 64,IA 64/HWY 64,Non-collision events:  Overturn/rollover,On Roadway,Non-collision (single vehicle),Ran off road - right,None Indicated,,Daylight,Ice/frost,Clear,"Surface condition (e.g., wet, icy)",Non-intersection:  Non-junction/no special feature,Paved,,Minor Injury,0,1,0,1,0,0,10000,1,1,,POINT (-90.231267164801 42.072124379018)
2014782622,01-14-4181,01/29/2014,01-January,4-Wednesday,14:06,1400 Hours,District 6 (East Central),DUBUQUE,DUBUQUE,,W 4TH ST & MAIN ST,Collision with:  Vehicle in traffic,On Roadway,"Angle, oncoming left turn",FTYROW:  Making left turn,None Indicated,,Daylight,Dry,Clear,None apparent,Intersection:  Four-way intersection,Paved,,Minor Injury,0,1,0,1,0,0,12000,2,2,,POINT (-90.665413413994 42.497603232535)
2014782298,14-000200,01/29/2014,01-January,4-Wednesday,16:08,1600 Hours,District 1 (Central),ALTOONA,POLK,,8TH ST SW & 28TH AVE SW,Collision with:  Vehicle in traffic,On Roadway,Rear-end (front to rear),Driving too fast for conditions,None Indicated,,Daylight,Dry,Clear,None apparent,Intersection:  T-intersection,Paved,,Property Damage Only,0,0,0,0,0,0,7500,2,2,,POINT (-93.498104959297 41.644090079924)
2014782567,14-000833,01/29/2014,01-January,4-Wednesday,15:47,1500 Hours,District 6 (East Central),INDEPENDENCE,BUCHANAN,,9TH ST SW & 7TH AVE SW,Collision with:  Vehicle in traffic,On Roadway,Broadside (front to side),FTYROW:  From stop sign,None Indicated,,Daylight,Ice/frost,Clear,"Surface condition (e.g., wet, icy)",Intersection:  Four-way intersection,Paved,,Minor Injury,0,1,0,1,0,0,4000,2,2,,POINT (-91.901329681663 42.461744836471)
2014782776,14-000432,01/29/2014,01-January,4-Wednesday,10:56,1000 Hours,District 1 (Central),ANKENY,POLK,US 69,US 69/S ANKENY BLVD & SW 3RD ST & SE 3RD ST,Collision with:  Vehicle in traffic,On Roadway,Rear-end (front to rear),Driving too fast for conditions,None Indicated,,Daylight,Dry,Clear,None apparent,Non-intersection:  Non-junction/no special feature,Paved,,Property Damage Only,0,0,0,0,0,0,4000,2,2,,POINT (-93.600367019754 41.729619283243)
2014782301,14-003769,01/29/2014,01-January,4-Wednesday,08:32,0800 Hours,District 4 (Southwest),COUNCIL BLUFFS,POTTAWATTAMIE,,MADISON AVE,Collision with:  Vehicle in traffic,On Roadway,Broadside (front to side),Ran Traffic Signal,None Indicated,,Daylight,Dry,Clear,None apparent,Interchange-related:  Off-ramp,Paved,,Property Damage Only,0,0,0,0,0,0,4000,2,2,,POINT (-95.824489042013 41.242445439705)
2014782895,,01/29/2014,01-January,4-Wednesday,18:58,1800 Hours,District 5 (Southeast),FORT MADISON,LEE,,15TH ST & AVE G,Collision with:  Vehicle in traffic,On Roadway,"Angle, oncoming left turn",FTYROW:  Making left turn,None Indicated,,Dark - unknown roadway lighting,Dry,Clear,None apparent,Intersection:  Four-way intersection,Paved,,Property Damage Only,0,0,0,0,0,0,2000,2,4,,POINT (-91.324582599841 40.631080159031)
2014782876,2014006816,01/29/2014,01-January,4-Wednesday,09:20,0900 Hours,District 4 (Southwest),,PAGE,IA 48,IA 48/IOWA 48,Collision with:  Vehicle in traffic,Shoulder,Head-on (front to front),Crossed centerline (undivided),None Indicated,,Daylight,Dry,Clear,None apparent,Non-intersection:  Non-junction/no special feature,Paved,,Major Injury,0,2,2,0,0,0,20000,2,2,,POINT (-95.342743987191 40.799284423977)
2014782295,14-0514,01/29/2014,01-January,4-Wednesday,17:59,1700 Hours,District 1 (Central),WEST DES MOINES,POLK,,35TH ST,Collision with:  Vehicle in traffic,On Roadway,Rear-end (front to rear),Driver Distraction:  Manual operation of an electronic communication device,None Indicated,,Dark - roadway lighted,Dry,Clear,None apparent,Non-intersection:  Non-junction/no special feature,Paved,,Property Damage Only,0,0,0,0,0,0,2500,2,3,,POINT (-93.75198327911 41.570201642134)
2014789060,14-0077,01/29/2014,01-January,4-Wednesday,07:45,0700 Hours,District 6 (East Central),MONTICELLO,JONES,,E 7TH ST & N SYCAMORE ST,Collision with:  Vehicle in traffic,On Roadway,Broadside (front to side),Other (explain in narrative):  Vision obstructed,None Indicated,,Daylight,Ice/frost,Clear,"Surface condition (e.g., wet, icy)",Non-intersection:  Non-junction/no special feature,Paved,,Property Damage Only,0,0,0,0,0,0,1750,2,2,,POINT (-91.190955964298 42.245457522247)
2014798012,14-0630PD,01/29/2014,01-January,4-Wednesday,03:50,0300 Hours,District 1 (Central),BOONE,BOONE,,MAMIE EISENHOWER AVE & SNEDDEN DR & PROP SNEDDEN DR,Collision with fixed object:  Ditch,On Roadway,Non-collision (single vehicle),Ran Stop Sign,None Indicated,,Dark - roadway lighted,Dry,Clear,None apparent,Intersection:  T-intersection,Paved,,Property Damage Only,0,0,0,0,0,0,3000,1,1,,POINT (-93.854245490349 42.056712818265)
2014782278,14-0124,01/29/2014,01-January,4-Wednesday,10:08,1000 Hours,District 1 (Central),CLIVE,POLK,US 6,US 6/HICKMAN RD,Collision with:  Vehicle in traffic,On Roadway,Rear-end (front to rear),Followed too close,None Indicated,,Daylight,Dry,Clear,None apparent,Non-intersection:  Non-junction/no special feature,Paved,,Possible/Unknown,0,1,0,0,1,0,3200,2,2,,POINT (-93.776471177752 41.6148947778)
2014782928,14001462,01/29/2014,01-January,4-Wednesday,16:39,1600 Hours,District 2 (Northeast),MASON CITY,CERRO GORDO,US 65,US 65/S WASHINGTON AVE & 1ST ST SW,Collision with:  Vehicle in traffic,On Roadway,Broadside (front to side),Ran Traffic Signal,None Indicated,,Daylight,Dry,Clear,None apparent,Intersection:  Four-way intersection,Paved,,Property Damage Only,0,0,0,0,0,0,1700,2,2,,POINT (-93.20267224396 43.150898745611)
2014782270,000202,01/29/2014,01-January,4-Wednesday,23:00,2300 Hours,District 2 (Northeast),CARPENTER,MITCHELL,,Co Rd S70/450TH ST,Collision with fixed object:  Mailbox,Roadside,Non-collision (single vehicle),Ran off road - right,None Indicated,,Dark - roadway not lighted,Unknown,Unknown,None apparent,Non-intersection:  Driveway access (within),Paved,,Property Damage Only,0,0,0,0,0,0,3100,1,1,,POINT (-92.987734339515 43.414940654256)
2014782894,,01/29/2014,01-January,4-Wednesday,01:30,0100 Hours,District 1 (Central),MADRID,BOONE,,E 2ND ST,Collision with fixed object:  Tree,Outside trafficway,Non-collision (single vehicle),Driving too fast for conditions,None Indicated,,Dark - roadway lighted,Dry,Clear,None apparent,Intersection:  Other intersection (explain in narrative),Paved,,Property Damage Only,0,0,0,0,0,0,2000,1,2,,POINT (-93.810329277337 41.875926120024)
2014834067,14-0328,01/29/2014,01-January,4-Wednesday,08:07,0800 Hours,District 2 (Northeast),WEST UNION,FAYETTE,,COOK ST & N PINE ST,Collision with:  Vehicle in traffic,On Roadway,"Angle, oncoming left turn",FTYROW:  Making left turn,None Indicated,,Daylight,Snow,Cloudy,None apparent,Intersection:  T-intersection,Paved,,Property Damage Only,0,0,0,0,0,0,3500,2,2,,POINT (-91.804505601615 42.966635100146)
2014782126,20140002549,01/29/2014,01-January,4-Wednesday,10:03,1000 Hours,District 1 (Central),DES MOINES,POLK,,SE 3RD ST,Collision with:  Vehicle in traffic,On Roadway,"Angle, oncoming left turn",Other (explain in narrative):  Vision obstructed,None Indicated,,Daylight,Dry,Clear,None apparent,Non-intersection:  Driveway access (within),Paved,,Property Damage Only,0,0,0,0,0,0,6500,2,2,,POINT (-93.611320103341 41.526224175279)
2014782441,2014001046,01/29/2014,01-January,4-Wednesday,14:20,1400 Hours,District 6 (East Central),IOWA CITY,JOHNSON,,MELROSE AVE & MELROSE CT,Collision with:  Vehicle in traffic,On Roadway,Rear-end (front to rear),Followed too close,None Indicated,,Daylight,Dry,Cloudy,None apparent,Intersection:  T-intersection,Paved,,Possible/Unknown,0,1,0,0,1,0,2500,2,3,,POINT (-91.546746256032 41.656850985265)
2014782431,15-2014,01/29/2014,01-January,4-Wednesday,22:00,2200 Hours,District 4 (Southwest),,HARRISON,,Co Rd L20/LOESS HILLS TRL,Collision with:  Animal,,,Animal,None Indicated,,,,,,,Paved,,Property Damage Only,0,0,0,0,0,0,3500,1,1,,POINT (-95.89723040069 41.583617315106)
2014783179,,01/29/2014,01-January,4-Wednesday,12:20,1200 Hours,District 6 (East Central),CEDAR RAPIDS,LINN,,EDGEWOOD RD NW,Collision with:  Vehicle in traffic,On Roadway,"Angle, oncoming left turn",Unknown,None Indicated,,Daylight,Wet,Clear,,Non-intersection:  Driveway access (within),Paved,,Property Damage Only,0,0,0,0,0,0,10000,2,2,,POINT (-91.715996814499 41.974794679334)
2014783581,201400286,01/29/2014,01-January,4-Wednesday,20:11,2000 Hours,District 6 (East Central),,LINN,IA 13,IA 13/IOWA 13 & BUNKER HILL RD,Collision with:  Animal,On Roadway,Non-collision (single vehicle),Animal,None Indicated,,Dark - roadway not lighted,Dry,Clear,None apparent,Non-intersection:  Non-junction/no special feature,Paved,,Minor Injury,0,1,0,1,0,0,3500,1,1,,POINT (-91.546771041382 42.181838910706)
2014783482,,01/29/2014,01-January,4-Wednesday,16:16,1600 Hours,District 2 (Northeast),CHARLES CITY,FLOYD,,5TH AVE & N GRAND AVE,Collision with:  Vehicle in traffic,On Roadway,Broadside (front to side),FTYROW:  From stop sign,None Indicated,,Daylight,Snow,Clear,None apparent,Intersection:  Four-way intersection,Paved,,Property Damage Only,0,0,0,0,0,0,5000,2,3,,POINT (-92.672534982062 43.067287225631)
2014782618,01-14-4125,01/29/2014,01-January,4-Wednesday,07:47,0700 Hours,District 6 (East Central),DUBUQUE,DUBUQUE,IA 32,IA 32/IA32 NW ARTERIAL,Collision with:  Vehicle in traffic,On Roadway,Rear-end (front to rear),Lost Control,None Indicated,,Daylight,Dry,Clear,None apparent,Non-intersection:  Non-junction/no special feature,Paved,,Possible/Unknown,0,1,0,0,1,0,11500,5,5,,POINT (-90.740812437676 42.50877774914)
2014782468,14000487,01/29/2014,01-January,4-Wednesday,16:41,1600 Hours,District 3 (Northwest),SHELDON,OBRIEN,,WOODCOCK AVE & 2ND AVE & W 16TH ST,Collision with:  Vehicle in traffic,On Roadway,Broadside (front to side),FTYROW:  From stop sign,None Indicated,,Daylight,Dry,Clear,None apparent,Intersection:  Four-way intersection,Paved,,Possible/Unknown,0,2,0,0,2,0,16000,2,2,,POINT (-95.86022822447 43.171329929623)
2014782452,201401425,01/29/2014,01-January,4-Wednesday,15:15,1500 Hours,District 6 (East Central),CEDAR RAPIDS,LINN,I-380,I-380 & 16TH AVE SW,Collision with:  Vehicle in traffic,On Roadway,Rear-end (front to rear),Unknown,None Indicated,,Daylight,Dry,Clear,None apparent,Interchange-related:  On-ramp merge area,Paved,,Possible/Unknown,0,1,0,0,1,0,12500,3,3,,POINT (-91.670766474923 41.961706804349)
2014782454,201401429,01/29/2014,01-January,4-Wednesday,17:34,1700 Hours,District 6 (East Central),CEDAR RAPIDS,LINN,I-380,I-380 & E AVE & 1ST ST NE & A AVE NE,Collision with:  Vehicle in traffic,On Roadway,Rear-end (front to rear),Lost Control,None Indicated,,Dark - roadway lighted,Dry,Clear,None apparent,Non-intersection:  Other non-intersection (explain in narrative),Paved,,Property Damage Only,0,0,0,0,0,0,2250,2,2,,POINT (-91.671197407455 41.979292390269)
2014782616,01-14-4123,01/29/2014,01-January,4-Wednesday,07:07,0700 Hours,District 6 (East Central),DUBUQUE,DUBUQUE,,KLEINE ST,Collision with:  Vehicle in traffic,On Roadway,Rear-end (front to rear),Driving too fast for conditions,None Indicated,,Daylight,Slush,Clear,"Surface condition (e.g., wet, icy)",Intersection:  T-intersection,Paved,,Property Damage Only,0,0,0,0,0,0,5500,2,2,,POINT (-90.674783983964 42.512364270223)
2014782257,14000573,01/29/2014,01-January,4-Wednesday,06:40,0600 Hours,District 1 (Central),JEWELL,HAMILTON,IA 175,IA 175/EDWARDS ST/330TH ST & SARATOGA AVE,Collision with:  Animal,,,Animal,None Indicated,,,,,,,Paved,,Property Damage Only,0,0,0,0,0,0,2500,1,1,,POINT (-93.620451666805 42.310337950893)
2014788199,2014006959,01/29/2014,01-January,4-Wednesday,21:40,2100 Hours,District 5 (Southeast),,HENRY,US 218,US 218 & 287TH ST & OLD HIGHWAY 218,Collision with fixed object:  Ditch,Outside trafficway,Non-collision (single vehicle),Ran off road - right,None Indicated,,Dark - roadway not lighted,Dry,Clear,None apparent,Intersection:  T-intersection,Paved,,Minor Injury,0,1,0,1,0,0,15000,1,1,,POINT (-91.561272503803 40.886150146744)
2014782282,20140002586,01/29/2014,01-January,4-Wednesday,14:57,1400 Hours,District 1 (Central),DES MOINES,POLK,,SW 3RD ST & VINE ST,Collision with:  Vehicle in traffic,On Roadway,Rear-end (front to rear),Unknown,None Indicated,,Daylight,Dry,Clear,None apparent,Non-intersection:  Railroad grade crossing,Paved,,Property Damage Only,0,0,0,0,0,0,2000,2,6,,POINT (-93.619925974722 41.583932935561)
2014782893,,01/29/2014,01-January,4-Wednesday,13:36,1300 Hours,District 2 (Northeast),SUMNER,BREMER,IA 93,IA 93/E 1ST ST & JEFFERSON ST,Collision with:  Vehicle in traffic,On Roadway,Broadside (front to side),FTYROW:  From stop sign,None Indicated,,Daylight,Snow,Clear,None apparent,Intersection:  T-intersection,Paved,,Property Damage Only,0,0,0,0,0,0,6000,2,2,,POINT (-92.086414560853 42.847482886776)
2014782210,012914-123,01/29/2014,01-January,4-Wednesday,14:10,1400 Hours,District 3 (Northwest),STORM LAKE,BUENA VISTA,IA 7,IA 7/MILWAUKEE AVE & SENECA ST & N SENECA ST,Collision with:  Vehicle in traffic,On Roadway,"Angle, oncoming left turn",Made improper turn,None Indicated,,Daylight,Dry,Clear,None apparent,Non-intersection:  Non-junction/no special feature,Paved,,Possible/Unknown,0,2,0,0,2,0,4000,2,2,,POINT (-95.196867209689 42.647472089278)
2014782718,14002599,01/29/2014,01-January,4-Wednesday,09:40,0900 Hours,District 5 (Southeast),,LEE,US 61,US 61 & Co Rd J62/255 ST,Collision with fixed object:  Traffic sign support,Median,Non-collision (single vehicle),FTYROW:  From stop sign,None Indicated,,Daylight,Dry,Clear,None apparent,Intersection:  T-intersection,Paved,,Property Damage Only,0,0,0,0,0,0,1600,2,2,,POINT (-91.424323383605 40.593613536074)
2014783949,2014-6492,01/29/2014,01-January,4-Wednesday,21:11,2100 Hours,District 6 (East Central),DAVENPORT,SCOTT,,MIDDLE RD,Collision with:  Parked motor vehicle,On Roadway,Rear-end (front to rear),Lost Control,Refused,,Dark - roadway lighted,Wet,Clear,None apparent,Non-intersection:  Non-junction/no special feature,Paved,,Possible/Unknown,0,1,0,0,1,0,8000,2,1,,POINT (-90.527749919347 41.536430028867)
2014783577,1401290217,01/29/2014,01-January,4-Wednesday,14:03,1400 Hours,District 6 (East Central),,JONES,US 151,US 151 & Co Rd D65/RICHLAND RD,Collision with:  Vehicle in traffic,On Roadway,Broadside (front to side),Crossed centerline (undivided),None Indicated,,Daylight,Dry,Clear,None apparent,Intersection:  Other intersection (explain in narrative),Paved,,Possible/Unknown,0,1,0,0,1,0,15000,2,3,,POINT (-91.161008241992 42.25036659795)
2014783013,14-0212,01/29/2014,01-January,4-Wednesday,05:58,0500 Hours,District 2 (Northeast),OSAGE,MITCHELL,,STATE ST & S 4TH ST,Collision with:  Vehicle in traffic,On Roadway,Broadside (front to side),Unknown,None Indicated,,Dark - roadway lighted,Ice/frost,Clear,"Surface condition (e.g., wet, icy)",Non-intersection:  Non-junction/no special feature,Paved,,Property Damage Only,0,0,0,0,0,0,7500,2,3,,POINT (-92.816326727231 43.283066446779)
2014784128,14000854,01/30/2014,01-January,5-Thursday,16:31,1600 Hours,District 6 (East Central),,BUCHANAN,IA 150,IA 150/JAMESTOWN AVE,Non-collision events:  Other non-collision (explain in narrative),On Roadway,Head-on (front to front),Crossed centerline (undivided),None Indicated,,Daylight,Ice/frost,"Blowing sand, soil, dirt",None apparent,Non-intersection:  Non-junction/no special feature,Paved,,Minor Injury,0,1,0,1,0,0,4000,2,3,,POINT (-91.889676061298 42.50793110069)
2014782436,14014279,01/30/2014,01-January,5-Thursday,19:25,1900 Hours,District 6 (East Central),TIFFIN,JOHNSON,,COPI RD,Collision with fixed object:  Ditch,Roadside,Non-collision (single vehicle),Driving too fast for conditions,None Indicated,,Dark - roadway not lighted,Snow,Clear,"Surface condition (e.g., wet, icy)",Non-intersection:  Non-junction/no special feature,Unpaved,,Property Damage Only,0,0,0,0,0,0,9000,1,1,,POINT (-91.70137839785 41.704484434863)
2014782385,14001399,01/30/2014,01-January,5-Thursday,18:19,1800 Hours,District 5 (Southeast),CENTERVILLE,APPANOOSE,IA 5,IA 5/IOWA 5,Collision with:  Animal,,,Animal,None Indicated,,,,,,,Paved,,Property Damage Only,0,0,0,0,0,0,2000,1,1,,POINT (-92.832092792096 40.822835614171)
2014782931,14001496,01/30/2014,01-January,5-Thursday,12:30,1200 Hours,District 2 (Northeast),MASON CITY,CERRO GORDO,IA 122,IA 122/4TH ST SW & VILLAGE GREEN DR & N ROOSEVELT AVE,Collision with:  Vehicle in traffic,On Roadway,"Angle, oncoming left turn",Made improper turn,None Indicated,,Daylight,Snow,"Blowing sand, soil, dirt",None apparent,Intersection:  Four-way intersection,Paved,,Property Damage Only,0,0,0,0,0,0,2300,2,2,,POINT (-93.250381078412 43.148309948869)
2014791223,032-018-14,01/30/2014,01-January,5-Thursday,22:40,2200 Hours,District 3 (Northwest),ESTHERVILLE,EMMET,IA 9,IA 9/IOWA 9,Collision with:  Animal,,,Animal,None Indicated,,,,,,,Paved,,Property Damage Only,0,0,0,0,0,0,1500,1,1,,POINT (-94.859536317813 43.405394127838)
2014783001,14002199,01/30/2014,01-January,5-Thursday,07:25,0700 Hours,District 5 (Southeast),OSKALOOSA,MAHASKA,US 63,US 63/N MARKET ST & IA 92/A AVE W/A AVE E,Collision with:  Vehicle in traffic,On Roadway,"Angle, oncoming left turn",Made improper turn,None Indicated,,Dawn,Dry,Clear,None apparent,Intersection:  Four-way intersection,Paved,,Possible/Unknown,0,1,0,0,1,0,6000,2,2,,POINT (-92.645095465242 41.296239146548)
2014786805,C14-0000308,01/30/2014,01-January,5-Thursday,10:40,1000 Hours,District 2 (Northeast),MARQUETTE,CLAYTON,,PLEASANT RIDGE RD,Collision with:  Vehicle in traffic,On Roadway,"Sideswipe, same direction",Other (explain in narrative):  Other,None Indicated,,Daylight,Snow,Snow,"Surface condition (e.g., wet, icy)",Non-intersection:  Non-junction/no special feature,Paved,,Property Damage Only,0,0,0,0,0,0,6000,2,3,,POINT (-91.18643742034 43.046792236787)
2014782444,2014001086,01/30/2014,01-January,5-Thursday,11:55,1100 Hours,District 6 (East Central),IOWA CITY,JOHNSON,,E MARKET ST & N GILBERT ST,Collision with:  Vehicle in traffic,On Roadway,"Sideswipe, same direction",Made improper turn,None Indicated,,Daylight,Snow,Cloudy,None apparent,Intersection:  Four-way intersection,Paved,,Property Damage Only,0,0,0,0,0,0,3500,2,2,,POINT (-91.530115884551 41.663565745753)
2014782483,14-003984,01/30/2014,01-January,5-Thursday,20:00,2000 Hours,District 4 (Southwest),COUNCIL BLUFFS,POTTAWATTAMIE,,AVE A & N 35TH ST,Collision with:  Vehicle in traffic,On Roadway,Broadside (front to side),Ran Stop Sign,None Indicated,,Dark - roadway lighted,Dry,Clear,None apparent,Intersection:  Four-way intersection,Paved,,Property Damage Only,0,0,0,0,0,0,2100,2,2,,POINT (-95.902033605445 41.262851243896)
2014782430,14000611,01/30/2014,01-January,5-Thursday,20:40,2000 Hours,District 1 (Central),BLAIRSBURG,HAMILTON,,POPLAR GROVE AVE & 240TH ST,Non-collision events:  Overturn/rollover,On Roadway,Non-collision (single vehicle),Over correcting/over steering,None Indicated,,Dark - roadway not lighted,"Mud, dirt","Blowing sand, soil, dirt",None apparent,Non-intersection:  Non-junction/no special feature,Unpaved,,Possible/Unknown,0,1,0,0,1,0,3000,1,1,,POINT (-93.679670435037 42.44154411996)
2014782569,013014-089,01/30/2014,01-January,5-Thursday,08:12,0800 Hours,District 3 (Northwest),STORM LAKE,BUENA VISTA,,LAKE AVE,Collision with:  Vehicle in traffic,On Roadway,"Angle, oncoming left turn",Made improper turn,None Indicated,,Daylight,Snow,Snow,"Surface condition (e.g., wet, icy)",Non-intersection:  Non-junction/no special feature,Paved,,Possible/Unknown,0,3,0,0,3,0,3000,2,3,,POINT (-95.2008101257 42.652394197778)
2014783117,14-000430,01/30/2014,01-January,5-Thursday,14:02,1400 Hours,District 1 (Central),AMES,STORY,,MAIN ST,Collision with:  Vehicle in traffic,On Roadway,Rear-end (front to rear),FTYROW:  From parked position,None Indicated,,Daylight,Dry,Cloudy,None apparent,Non-intersection:  Non-junction/no special feature,Paved,,Property Damage Only,0,0,0,0,0,0,4500,2,3,,POINT (-93.612247095723 42.025123872196)