Iowa DOT Case Number,Law Enforcement Case Number,Date of Crash,Month of Crash,Day of Week,Time of Crash,Hour,DOT District,City Name,County Name,Route with System,Location Description,First Harmful Event,Location of First Harmful Event,Manner of Crash/Collision,Major Cause,Drug or Alcohol ,Environmental Conditions,Light Conditions,Surface Conditions,Weather Conditions,Roadway Contribution,Roadway Type,Roadway Surface,Work Zone,Crash Severity,Number of Fatalities,Number of Injuries,Number of Major Injuries,Number of Minor Injuries,Number of Possible Injuries,Number of Unknown Injuries,Amount of Property Damage,Number of Vehicles Involved,Total Number of Occupants,Travel Direction,Location
2014782513,14-000562,01/30/2014,01-January,5-Thursday,21:56,2100 Hours,District 2 (Northeast),,KOSSUTH,US 169,US 169,Collision with:  Animal,On Roadway,Non-collision (single vehicle),Animal,None Indicated,,Dark - roadway not lighted,Snow,Clear,None apparent,Non-intersection:  Non-junction/no special feature,Paved,,Property Damage Only,0,0,0,0,0,0,10000,1,1,,POINT (-94.236059702798 43.159934436321)
2014783194,14-009866,01/30/2014,01-January,5-Thursday,11:57,1100 Hours,District 2 (Northeast),,BLACK HAWK,US 20,US 20,Non-collision events:  Overturn/rollover,On Roadway,Non-collision (single vehicle),Ran off road - right,None Indicated,,Daylight,Ice/frost,"Blowing sand, soil, dirt","Surface condition (e.g., wet, icy)",Non-intersection:  Non-junction/no special feature,Paved,,Property Damage Only,0,0,0,0,0,0,3000,1,1,,POINT (-92.123898865491 42.449496094411)
2014782501,14-0283,01/30/2014,01-January,5-Thursday,16:10,1600 Hours,District 1 (Central),FORT DODGE,WEBSTER,,1ST AVE S,Collision with:  Vehicle in traffic,On Roadway,Rear-end (front to rear),Driving too fast for conditions,None Indicated,,Daylight,Slush,Clear,"Surface condition (e.g., wet, icy)",Intersection:  Four-way intersection,Paved,,Property Damage Only,0,0,0,0,0,0,4500,3,4,,POINT (-94.162819507219 42.505231045993)
2014785294,14-1377,01/30/2014,01-January,5-Thursday,09:00,0900 Hours,District 6 (East Central),,JACKSON,,Co Rd E17/150 ST,Non-collision events:  Overturn/rollover,On Roadway,Non-collision (single vehicle),Ran off road - right,None Indicated,,Daylight,Ice/frost,Cloudy,"Surface condition (e.g., wet, icy)",Non-intersection:  Non-junction/no special feature,Paved,,Property Damage Only,0,0,0,0,0,0,5000,1,1,,POINT (-90.625687838505 42.157471484276)
2014782406,1401302712,01/30/2014,01-January,5-Thursday,12:28,1200 Hours,District 6 (East Central),WHEATLAND,CLINTON,,VINE ST W & VINE ST E & TORONTO ST N,Collision with:  Vehicle in traffic,On Roadway,Broadside (front to side),FTYROW:  From stop sign,None Indicated,,Daylight,Snow,Snow,None apparent,Intersection:  Four-way intersection,Paved,,Possible/Unknown,0,1,0,0,0,1,1500,2,3,,POINT (-90.840210548497 41.834542957792)
2014783180,,01/30/2014,01-January,5-Thursday,15:50,1500 Hours,District 6 (East Central),CEDAR RAPIDS,LINN,,OLD MARION RD NE & C AVE NE,Collision with:  Vehicle in traffic,On Roadway,"Angle, oncoming left turn",Unknown,None Indicated,,Daylight,"Mud, dirt",Clear,,Intersection:  Four-way intersection,Paved,,Property Damage Only,0,0,0,0,0,0,3000,2,2,,POINT (-91.638515228561 42.027210671268)
2014782485,14-1768,01/30/2014,01-January,5-Thursday,12:15,1200 Hours,District 6 (East Central),BETTENDORF,SCOTT,,DEVILS GLEN RD,Collision with:  Vehicle in traffic,On Roadway,Rear-end (front to rear),Driving too fast for conditions,None Indicated,,Daylight,Snow,Snow,"Surface condition (e.g., wet, icy)",Non-intersection:  Non-junction/no special feature,Paved,,Property Damage Only,0,0,0,0,0,0,3500,2,5,,POINT (-90.4835569908 41.550898713998)
2014782412,14-003385,01/30/2014,01-January,5-Thursday,17:14,1700 Hours,District 5 (Southeast),WEST BURLINGTON,DES MOINES,,AGENCY ST & W BURLINGTON AVE,Collision with:  Vehicle in traffic,On Roadway,Broadside (front to side),Ran Traffic Signal,None Indicated,,Dusk,Wet,Cloudy,None apparent,Intersection:  Four-way intersection,Paved,,Property Damage Only,0,0,0,0,0,0,3000,2,2,,POINT (-91.15092792183 40.814056744221)
2014782760,14-003917,01/30/2014,01-January,5-Thursday,05:15,0500 Hours,District 5 (Southeast),MUSCATINE,MUSCATINE,,FULLIAM AVE,Collision with:  Parked motor vehicle,On Roadway,Unknown,Unknown,None Indicated,,Dark - roadway lighted,Dry,Cloudy,None apparent,Non-intersection:  Non-junction/no special feature,Paved,,Property Damage Only,0,0,0,0,0,0,1500,2,1,,POINT (-91.078275576653 41.431151931086)
2014782685,140427,01/30/2014,01-January,5-Thursday,12:19,1200 Hours,District 1 (Central),,HARDIN,US 65,US 65,Non-collision events:  Overturn/rollover,Outside trafficway,Non-collision (single vehicle),Driving too fast for conditions,None Indicated,,Daylight,Ice/frost,"Blowing sand, soil, dirt","Surface condition (e.g., wet, icy)",Non-intersection:  Non-junction/no special feature,Paved,,Possible/Unknown,0,1,0,0,1,0,24000,1,1,,POINT (-93.262509128656 42.480696226628)
2014782500,14-0284,01/30/2014,01-January,5-Thursday,18:20,1800 Hours,District 1 (Central),FORT DODGE,WEBSTER,,E KENYON RD & 5TH AVE S & S 12TH ST,Collision with:  Vehicle in traffic,On Roadway,Rear-end (front to rear),Unknown,None Indicated,,Dark - roadway lighted,Slush,Clear,None apparent,Intersection:  Four-way intersection,Paved,,Possible/Unknown,0,1,0,0,0,1,3000,2,3,,POINT (-94.182663456326 42.500966387967)
2014782292,20140002676,01/30/2014,01-January,5-Thursday,13:15,1300 Hours,District 1 (Central),DES MOINES,POLK,,KIRKWOOD AVE & SW 9TH ST,Collision with:  Vehicle in traffic,On Roadway,"Angle, oncoming left turn",FTYROW:  Making left turn,None Indicated,,Daylight,Dry,Cloudy,None apparent,Intersection:  Four-way intersection,Paved,,Possible/Unknown,0,1,0,0,1,0,4000,2,2,,POINT (-93.623894006707 41.564933147863)
2014792065,14S00124,01/30/2014,01-January,5-Thursday,08:30,0800 Hours,District 4 (Southwest),CRESTON,UNION,IA 25,IA 25/IOWA 25,Collision with:  Vehicle in traffic,On Roadway,Head-on (front to front),Crossed centerline (undivided),None Indicated,,Dawn,Ice/frost,"Sleet, hail","Surface condition (e.g., wet, icy)",Non-intersection:  Non-junction/no special feature,Paved,,Property Damage Only,0,0,0,0,0,0,18000,2,3,,POINT (-94.412963056017 41.07178789614)
2014782879,2014007049,01/30/2014,01-January,5-Thursday,09:30,0900 Hours,District 5 (Southeast),,DECATUR,I-35,I-35,Collision with fixed object:  Tree,Roadside,Non-collision (single vehicle),Ran off road - right,None Indicated,,Daylight,Ice/frost,"Sleet, hail","Surface condition (e.g., wet, icy)",Non-intersection:  Non-junction/no special feature,Paved,,Property Damage Only,0,0,0,0,0,0,2000,1,1,,POINT (-93.843778498749 40.72085136754)
2014786149,,01/30/2014,01-January,5-Thursday,17:23,1700 Hours,District 2 (Northeast),CLEAR LAKE,CERRO GORDO,,S 15TH ST,Collision with:  Parked motor vehicle,On Roadway,Broadside (front to side),Improper Backing,None Indicated,,Dusk,Snow,Clear,None apparent,Non-intersection:  Non-junction/no special feature,Paved,,Property Damage Only,0,0,0,0,0,0,2600,2,1,,POINT (-93.37011090261 43.128913012794)
2014782642,01-14-4297,01/30/2014,01-January,5-Thursday,09:38,0900 Hours,District 6 (East Central),DUBUQUE,DUBUQUE,,OLD HIGHWAY RD,Collision with:  Vehicle in traffic,On Roadway,Rear-end (front to rear),Lost Control,None Indicated,,Daylight,Dry,Cloudy,None apparent,Non-intersection:  Non-junction/no special feature,Paved,,Property Damage Only,0,0,0,0,0,0,2000,2,2,,POINT (-90.747006303998 42.486791817473)
2014782232,14-03320,01/30/2014,01-January,5-Thursday,10:28,1000 Hours,District 5 (Southeast),BURLINGTON,DES MOINES,,MT PLEASANT ST,Collision with:  Vehicle in traffic,On Roadway,Broadside (front to side),FTYROW:  From driveway,None Indicated,,Daylight,Dry,Cloudy,None apparent,Non-intersection:  Driveway access (within),Paved,,Property Damage Only,0,0,0,0,0,0,2800,2,2,,POINT (-91.131203407422 40.82362041867)
2014782596,14-03339,01/30/2014,01-January,5-Thursday,12:05,1200 Hours,District 5 (Southeast),BURLINGTON,DES MOINES,US 34,US 34,Collision with:  Other non-fixed object (explain in narrative),On Roadway,Non-collision (single vehicle),Cargo/equipment loss or shift,None Indicated,,Daylight,Snow,Snow,None apparent,Non-intersection:  Non-junction/no special feature,Paved,,Property Damage Only,0,0,0,0,0,0,4000,2,3,,POINT (-91.135048230278 40.818016736429)
2014784832,14S00123,01/30/2014,01-January,5-Thursday,08:04,0800 Hours,District 4 (Southwest),AFTON,UNION,,190TH ST & HIGH SCHOOL DR,Collision with:  Vehicle in traffic,On Roadway,Rear-end (front to rear),Driving too fast for conditions,None Indicated,,Daylight,Ice/frost,"Sleet, hail","Surface condition (e.g., wet, icy)",Intersection:  T-intersection,Paved,,Possible/Unknown,0,1,0,0,1,0,7001,3,5,,POINT (-94.180932010098 41.027423648804)
2014782465,14001141,01/30/2014,01-January,5-Thursday,12:21,1200 Hours,District 4 (Southwest),GLENWOOD,MILLS,,N CHESTNUT ST,Collision with fixed object:  Other fixed object (explain in narrative),Outside trafficway,Non-collision (single vehicle),Downhill runaway,None Indicated,,Daylight,Other (explain in narrative),Cloudy,Unknown,Non-intersection:  Non-junction/no special feature,Paved,,Property Damage Only,0,0,0,0,0,0,17000,1,0,,POINT (-95.740624094231 41.052191617616)
2014782407,1401308111,01/30/2014,01-January,5-Thursday,18:00,1800 Hours,District 6 (East Central),,CLINTON,,Co Rd Z50/432 AVE,Collision with fixed object:  Ditch,On Roadway,Non-collision (single vehicle),Ran off road - right,None Indicated,,Dark - roadway lighted,Ice/frost,Other (explain in narrative),"Surface condition (e.g., wet, icy)",Non-intersection:  Non-junction/no special feature,Paved,,Possible/Unknown,0,1,0,0,1,0,10000,1,4,,POINT (-90.252606926177 41.964039717868)
2014782457,14001994,01/30/2014,01-January,5-Thursday,10:50,1000 Hours,District 6 (East Central),MARION,LINN,,7TH AVE,Collision with:  Vehicle in traffic,On Roadway,Rear-end (front to rear),Driving too fast for conditions,None Indicated,,Daylight,Snow,Snow,"Surface condition (e.g., wet, icy)",Non-intersection:  Non-junction/no special feature,Paved,,Property Damage Only,0,0,0,0,0,0,3000,2,13,,POINT (-91.598059671022 42.033316232715)
2014782645,01-14-4353,01/30/2014,01-January,5-Thursday,16:18,1600 Hours,District 6 (East Central),DUBUQUE,DUBUQUE,,MILL STONE DR,Collision with:  Vehicle in traffic,On Roadway,Rear-end (front to rear),Exceeded authorized speed,None Indicated,,Daylight,Snow,Clear,"Surface condition (e.g., wet, icy)",Non-intersection:  Non-junction/no special feature,Paved,,Property Damage Only,0,0,0,0,0,0,1500,2,1,,POINT (-90.733377832567 42.517474019007)
2014782585,14000838,01/30/2014,01-January,5-Thursday,23:19,2300 Hours,District 6 (East Central),,DELAWARE,US 20,US 20,Non-collision events:  Overturn/rollover,Median,Non-collision (single vehicle),Over correcting/over steering,None Indicated,,Dark - roadway not lighted,Ice/frost,"Blowing sand, soil, dirt",None apparent,Non-intersection:  Non-junction/no special feature,Paved,,Minor Injury,0,1,0,1,0,0,4000,1,1,,POINT (-91.504392740431 42.463997332241)
2014783753,,01/30/2014,01-January,5-Thursday,13:18,1300 Hours,District 2 (Northeast),,FLOYD,,Co Rd B30/RUDD PARK RD,Non-collision events:  Jackknife,On Roadway,Non-collision (single vehicle),Driving too fast for conditions,None Indicated,,Daylight,Unknown,"Blowing sand, soil, dirt",None apparent,Non-intersection:  Non-junction/no special feature,Paved,,Property Damage Only,0,0,0,0,0,0,5000,1,1,,POINT (-92.88449892121 43.126283566426)
2014794324,SO140041,01/30/2014,01-January,5-Thursday,09:28,0900 Hours,District 4 (Southwest),,ADAMS,IA 148,IA 148/JUNIPER AVE,Collision with fixed object:  Ditch,On Roadway,Non-collision (single vehicle),Ran off road - left,None Indicated,,Daylight,Ice/frost,"Sleet, hail","Surface condition (e.g., wet, icy)",Non-intersection:  Non-junction/no special feature,Paved,,Property Damage Only,0,0,0,0,0,0,2000,1,1,,POINT (-94.737317565391 40.971124778075)
2014783193,14-009423,01/30/2014,01-January,5-Thursday,03:34,0300 Hours,District 2 (Northeast),LA PORTE CITY,BLACK HAWK,,Co Rd V51/S CANFIELD RD & BRYAN RD,Non-collision events:  Overturn/rollover,Shoulder,Non-collision (single vehicle),Ran off road - left,None Indicated,,Dark - roadway not lighted,Snow,Cloudy,None apparent,Non-intersection:  Non-junction/no special feature,Paved,,Property Damage Only,0,0,0,0,0,0,15000,1,1,,POINT (-92.162184654414 42.355102848586)
2014784693,14-009919,01/30/2014,01-January,5-Thursday,15:28,1500 Hours,District 2 (Northeast),,BLACK HAWK,,Co Rd V43/N ELK RUN RD,Collision with:  Vehicle in traffic,On Roadway,Head-on (front to front),Crossed centerline (undivided),None Indicated,,Daylight,Ice/frost,Clear,"Surface condition (e.g., wet, icy)",Non-intersection:  Non-junction/no special feature,Paved,,Property Damage Only,0,0,0,0,0,0,28000,2,2,,POINT (-92.258552872356 42.552500084929)
2014782262,PD1400920,01/30/2014,01-January,5-Thursday,09:15,0900 Hours,District 5 (Southeast),FAIRFIELD,JEFFERSON,,E WASHINGTON AVE & S COURT ST,Collision with:  Vehicle in traffic,On Roadway,Broadside (front to side),FTYROW:  From stop sign,None Indicated,,Daylight,Dry,Cloudy,None apparent,Intersection:  Four-way intersection,Paved,,Property Damage Only,0,0,0,0,0,0,2500,2,4,,POINT (-91.962459183617 41.005644212029)
2014786523,,01/30/2014,01-January,5-Thursday,14:36,1400 Hours,District 2 (Northeast),,WINNESHIEK,IA 9,IA 9/IOWA 9,Collision with:  Vehicle in traffic,On Roadway,"Sideswipe, opposite direction",Crossed centerline (undivided),None Indicated,,Daylight,Ice/frost,"Blowing sand, soil, dirt","Surface condition (e.g., wet, icy)",Non-intersection:  Non-junction/no special feature,Paved,,Property Damage Only,0,0,0,0,0,0,15000,2,4,,POINT (-92.080105815548 43.369821166942)
2014808071,2014007219,01/30/2014,01-January,5-Thursday,15:45,1500 Hours,District 2 (Northeast),,BUTLER,IA 3,IA 3/IOWA 3,Collision with:  Vehicle in traffic,On Roadway,"Sideswipe, opposite direction",Crossed centerline (undivided),None Indicated,,Daylight,Ice/frost,"Blowing sand, soil, dirt","Surface condition (e.g., wet, icy)",Non-intersection:  Non-junction/no special feature,Paved,,Possible/Unknown,0,1,0,0,1,0,17000,2,2,,POINT (-92.5593534086 42.714928472726)
2014782945,14-03380,01/30/2014,01-January,5-Thursday,16:29,1600 Hours,District 5 (Southeast),,DES MOINES,,FLINT BOTTOM RD,Collision with:  Vehicle in traffic,On Roadway,Rear-end (front to rear),Other (explain in narrative):  Other,None Indicated,,Daylight,Wet,Cloudy,None apparent,Non-intersection:  Non-junction/no special feature,Paved,,Property Damage Only,0,0,0,0,0,0,3000,2,4,,POINT (-91.166507686053 40.855345088974)
2014782290,20140002664,01/30/2014,01-January,5-Thursday,10:50,1000 Hours,District 1 (Central),DES MOINES,POLK,US 69,US 69/E 14TH ST & ARTHUR AVE,Collision with:  Vehicle in traffic,On Roadway,Rear-end (front to rear),Lost Control,None Indicated,,Daylight,Dry,Clear,None apparent,Non-intersection:  Non-junction/no special feature,Paved,,Property Damage Only,0,0,0,0,0,0,8500,2,3,,POINT (-93.600552584023 41.617740840132)
2014782446,2014001089,01/30/2014,01-January,5-Thursday,12:09,1200 Hours,District 6 (East Central),IOWA CITY,JOHNSON,,INDEPENDENCE RD & LIBERTY DR,Collision with:  Vehicle in traffic,On Roadway,Broadside (front to side),FTYROW:  From yield sign,None Indicated,,Daylight,Slush,Cloudy,"Surface condition (e.g., wet, icy)",Intersection:  T-intersection,Paved,,Property Damage Only,0,0,0,0,0,0,7500,2,3,,POINT (-91.477386055428 41.630454529767)
2014795138,ACC14-003,01/30/2014,01-January,5-Thursday,13:43,1300 Hours,District 2 (Northeast),CRESCO,HOWARD,,3RD AVE SW & 3RD AVE SE & S ELM ST,Collision with:  Vehicle in traffic,On Roadway,Broadside (front to side),FTYROW:  From stop sign,None Indicated,,Daylight,Snow,Cloudy,"Surface condition (e.g., wet, icy)",Intersection:  Four-way intersection,Paved,,Property Damage Only,0,0,0,0,0,0,6000,2,2,,POINT (-92.116946521459 43.370012524791)
2014782467,1401301-A,01/30/2014,01-January,5-Thursday,16:00,1600 Hours,District 4 (Southwest),RED OAK,MONTGOMERY,,LINDEN ST,Collision with:  Vehicle in traffic,On Roadway,Rear-end (front to rear),FTYROW:  Other (explain in narrative),None Indicated,,Daylight,Dry,Clear,None apparent,Non-intersection:  Non-junction/no special feature,Paved,,Property Damage Only,0,0,0,0,0,0,2866,2,2,,POINT (-95.232400101453 41.01759660403)
2014782649,01-14-4288,01/30/2014,01-January,5-Thursday,05:00,0500 Hours,District 6 (East Central),DUBUQUE,DUBUQUE,,GRANDVIEW AVE S,Collision with:  Animal,On Roadway,Non-collision (single vehicle),Animal,None Indicated,,Dark - roadway not lighted,Wet,Cloudy,None apparent,Non-intersection:  Non-junction/no special feature,Paved,,Property Damage Only,0,0,0,0,0,0,3000,1,1,,POINT (-90.664786997008 42.478796545507)
2014782899,,01/30/2014,01-January,5-Thursday,19:40,1900 Hours,District 2 (Northeast),NASHUA,CHICKASAW,US 218,US 218 & JENNINGS DR,Collision with:  Vehicle in traffic,On Roadway,Rear-end (front to rear),Followed too close,None Indicated,,Dark - roadway not lighted,Ice/frost,Cloudy,"Surface condition (e.g., wet, icy)",Intersection:  Intersection with ramp,Paved,,Property Damage Only,0,0,0,0,0,0,2000,2,2,,POINT (-92.54806257897 42.947582343994)
2014783002,14002229,01/30/2014,01-January,5-Thursday,15:54,1500 Hours,District 5 (Southeast),OSKALOOSA,MAHASKA,US 63,US 63/N MARKET ST,Collision with:  Vehicle in traffic,On Roadway,Rear-end (front to rear),Driver Distraction:  Manual operation of an electronic communication device,None Indicated,,Daylight,Dry,Clear,None apparent,Non-intersection:  Non-junction/no special feature,Paved,,Property Damage Only,0,0,0,0,0,0,4700,3,5,,POINT (-92.645072826979 41.298211773478)
2014782972,16-2014,01/30/2014,01-January,5-Thursday,23:50,2300 Hours,District 4 (Southwest),,HARRISON,,Co Rd F32/194TH ST,Non-collision events:  Overturn/rollover,Shoulder,Non-collision (single vehicle),Swerving/Evasive Action,None Indicated,,Dark - roadway not lighted,Dry,Clear,None apparent,Non-intersection:  Non-junction/no special feature,Paved,,Property Damage Only,0,0,0,0,0,0,7000,1,2,,POINT (-95.56552523898 41.718147768136)
2014783343,2014-6641,01/30/2014,01-January,5-Thursday,15:24,1500 Hours,District 6 (East Central),DAVENPORT,SCOTT,,IA 461/HARRISON ST & W 35TH ST,Collision with:  Vehicle in traffic,On Roadway,Broadside (front to side),Ran Traffic Signal,None Indicated,,Daylight,Wet,Cloudy,None apparent,Intersection:  Four-way intersection,Paved,,Possible/Unknown,0,3,0,0,3,0,7500,2,4,,POINT (-90.577050652474 41.555708916647)
2014783097,14-1128,01/30/2014,01-January,5-Thursday,12:20,1200 Hours,District 3 (Northwest),HULL,SIOUX,US 18,US 18/BLACK FOREST RD & Co Rd K52/HICKORY AVE & DIVISION ST,Collision with:  Vehicle in traffic,On Roadway,Broadside (front to side),FTYROW:  From stop sign,None Indicated,,Daylight,Wet,Cloudy,None apparent,Intersection:  Four-way intersection,Paved,,Property Damage Only,0,0,0,0,0,0,7000,2,3,,POINT (-96.137574350651 43.185762356012)
2014783470,2014007285,01/30/2014,01-January,5-Thursday,16:25,1600 Hours,District 2 (Northeast),,WINNESHIEK,,Co Rd W38/MIDDLE CALMAR RD,Collision with fixed object:  Ditch,Roadside,Non-collision (single vehicle),Ran off road - right,None Indicated,,Daylight,Snow,"Blowing sand, soil, dirt",None apparent,Non-intersection:  Non-junction/no special feature,Paved,,Minor Injury,0,1,0,1,0,0,5000,1,1,,POINT (-91.809730835811 43.225361630416)
2014782932,14001504,01/30/2014,01-January,5-Thursday,15:28,1500 Hours,District 2 (Northeast),MASON CITY,CERRO GORDO,,21ST ST SW & S GROVER AVE,Collision with:  Vehicle in traffic,On Roadway,Broadside (front to side),FTYROW:  At uncontrolled intersection,None Indicated,,Daylight,Snow,Clear,None apparent,Non-intersection:  Non-junction/no special feature,Paved,,Property Damage Only,0,0,0,0,0,0,1700,2,5,,POINT (-93.233249388993 43.132092374521)
2014782707,2014001129,01/30/2014,01-January,5-Thursday,19:30,1900 Hours,District 6 (East Central),IOWA CITY,JOHNSON,,E COURT ST & GRANT ST,Collision with:  Parked motor vehicle,On Roadway,Rear-end (front to rear),Lost Control,Under Influence of Alcohol/Drugs/Medications,,Unknown,Unknown,Unknown,None apparent,Non-intersection:  Non-junction/no special feature,Paved,,Property Damage Only,0,0,0,0,0,0,4500,2,1,,POINT (-91.515427094579 41.656729870434)
2014782234,14-03354,01/30/2014,01-January,5-Thursday,13:29,1300 Hours,District 5 (Southeast),BURLINGTON,DES MOINES,,VALLEY ST & CENTRAL AVE,Collision with:  Vehicle in traffic,On Roadway,Broadside (front to side),Lost Control,None Indicated,,Daylight,Snow,Cloudy,"Surface condition (e.g., wet, icy)",Non-intersection:  Non-junction/no special feature,Paved,,Property Damage Only,0,0,0,0,0,0,1800,2,2,,POINT (-91.111847332762 40.810802326847)
2014782394,W14-009928,01/30/2014,01-January,5-Thursday,15:41,1500 Hours,District 2 (Northeast),WATERLOO,BLACK HAWK,,W 3RD ST,Collision with:  Vehicle in traffic,On Roadway,"Sideswipe, same direction",Driving too fast for conditions,None Indicated,,Daylight,Slush,Cloudy,"Surface condition (e.g., wet, icy)",Non-intersection:  Driveway access (within),Paved,,Property Damage Only,0,0,0,0,0,0,2000,2,1,,POINT (-92.355465007492 42.48701965383)
2014783348,2014-7138,01/31/2014,01-January,6-Friday,19:30,1900 Hours,District 6 (East Central),DAVENPORT,SCOTT,,N CLARK ST,Collision with:  Vehicle in traffic,On Roadway,"Sideswipe, same direction",Unknown,None Indicated,,Dark - roadway not lighted,Dry,Cloudy,None apparent,Non-intersection:  Non-junction/no special feature,Paved,,Property Damage Only,0,0,0,0,0,0,3000,2,1,,POINT (-90.622666307032 41.538585678205)
2014782545,W14-010254,01/31/2014,01-January,6-Friday,15:28,1500 Hours,District 2 (Northeast),WATERLOO,BLACK HAWK,US 63,US 63/RAMP,Collision with fixed object:  Other fixed object (explain in narrative),Shoulder,Non-collision (single vehicle),Ran off road - right,None Indicated,,Daylight,Wet,Clear,"Surface condition (e.g., wet, icy)",Interchange-related:  On-ramp,Paved,,Property Damage Only,0,0,0,0,0,0,2000,1,1,,POINT (-92.347704814611 42.497278430251)
2014782840,14-004139,01/31/2014,01-January,6-Friday,21:20,2100 Hours,District 4 (Southwest),COUNCIL BLUFFS,POTTAWATTAMIE,US 6,US 6/W BROADWAY & S 22ND ST & N 22ND ST,Collision with:  Vehicle in traffic,On Roadway,"Sideswipe, same direction",Improper or erratic lane changing,Alcohol (Statutory),,Dark - roadway lighted,Wet,Snow,None apparent,Non-intersection:  Non-junction/no special feature,Paved,,Possible/Unknown,0,1,0,0,1,0,3500,2,6,,POINT (-95.87708158965 41.2619018956)
2014782580,140754,01/31/2014,01-January,6-Friday,10:27,1000 Hours,District 4 (Southwest),,DALLAS,US 6,US 6/N AVE,Collision with:  Animal,,,Animal,None Indicated,,,,,,,Paved,,Property Damage Only,0,0,0,0,0,0,2500,1,1,,POINT (-94.012566389765 41.553916630169)
2014784686,,01/31/2014,01-January,6-Friday,17:22,1700 Hours,District 5 (Southeast),FORT MADISON,LEE,,18TH ST & AVE E,Collision with:  Vehicle in traffic,On Roadway,Broadside (front to side),FTYROW:  From stop sign,None Indicated,,Dark - roadway lighted,Snow,Snow,None apparent,Intersection:  Four-way intersection,Paved,,Property Damage Only,0,0,0,0,0,0,2000,2,3,,POINT (-91.330122138003 40.633214287235)
2014785481,14001420,01/31/2014,01-January,6-Friday,18:41,1800 Hours,District 6 (East Central),,CEDAR,,Co Rd F28/210TH,Collision with:  Animal,,,Animal,None Indicated,,,,,,,Paved,,Property Damage Only,0,0,0,0,0,0,1500,1,1,,POINT (-91.162001805893 41.780342389493)
2014783062,14-000127,01/31/2014,01-January,6-Friday,16:04,1600 Hours,District 1 (Central),JOHNSTON,POLK,,WINDSOR PKWY,Collision with:  Vehicle in traffic,On Roadway,"Sideswipe, same direction",Other (explain in narrative):  Vision obstructed,None Indicated,,Daylight,Dry,Cloudy,None apparent,Non-intersection:  Driveway access (within),Paved,,Property Damage Only,0,0,0,0,0,0,2500,2,3,,POINT (-93.754725757698 41.667641293418)
2014784201,01-14-4564,01/31/2014,01-January,6-Friday,20:52,2000 Hours,District 6 (East Central),DUBUQUE,DUBUQUE,IA 946,IA 946/IOWA 946 & LOCUST ST,Collision with:  Vehicle in traffic,On Roadway,Rear-end (front to rear),Lost Control,None Indicated,,Dark - roadway lighted,Dry,Cloudy,None apparent,Non-intersection:  Non-junction/no special feature,Paved,,Property Damage Only,0,0,0,0,0,0,5000,2,2,,POINT (-90.66480320823 42.493727555071)
2014788003,A14006,01/31/2014,01-January,6-Friday,17:00,1700 Hours,District 5 (Southeast),KNOXVILLE,MARION,,W MADISON ST & E MADISON ST & S ROCHE ST,Collision with:  Vehicle in traffic,On Roadway,Broadside (front to side),Improper Backing,None Indicated,,Dusk,Dry,Cloudy,None apparent,Intersection:  Other intersection (explain in narrative),Paved,,Property Damage Only,0,0,0,0,0,0,1750,2,4,,POINT (-93.099890313694 41.313479306672)
2014792511,14000368,01/31/2014,01-January,6-Friday,04:27,0400 Hours,District 2 (Northeast),,HANCOCK,,320TH ST,Non-collision events:  Overturn/rollover,On Roadway,Non-collision (single vehicle),Swerving/Evasive Action,None Indicated,,Dark - roadway not lighted,Snow,Clear,"Surface condition (e.g., wet, icy)",Non-intersection:  Non-junction/no special feature,Unpaved,,Property Damage Only,0,0,0,0,0,0,3000,1,1,,POINT (-93.670604326193 43.227319313204)
2014786548,,01/31/2014,01-January,6-Friday,16:31,1600 Hours,District 1 (Central),DES MOINES,POLK,,PARK AVE & SW 14TH ST,Collision with:  Vehicle in traffic,On Roadway,Rear-end (front to rear),Unknown,None Indicated,,Daylight,Dry,Clear,,Intersection:  Four-way intersection,Paved,,Minor Injury,0,1,0,1,0,0,1500,2,3,,POINT (-93.635326568816 41.555439911436)
2014782770,14-0691,01/31/2014,01-January,6-Friday,17:00,1700 Hours,District 1 (Central),PLEASANT HILL,POLK,US 65,US 65,Collision with:  Vehicle in traffic,On Roadway,Rear-end (front to rear),Followed too close,None Indicated,,Dusk,Dry,Clear,None apparent,Non-intersection:  Non-junction/no special feature,Paved,,Minor Injury,0,1,0,1,0,0,6200,2,2,,POINT (-93.494504419089 41.612913650618)
2014784161,CL14000307,01/31/2014,01-January,6-Friday,15:44,1500 Hours,District 6 (East Central),CLINTON,CLINTON,,8TH AVE S & S 8TH ST,Collision with:  Vehicle in traffic,On Roadway,Rear-end (front to rear),Unknown,None Indicated,,Daylight,Slush,Clear,None apparent,Non-intersection:  Non-junction/no special feature,Paved,,Property Damage Only,0,0,0,0,0,0,1500,2,2,,POINT (-90.204678770452 41.837559253401)
2014782541,W14-010151,01/31/2014,01-January,6-Friday,08:14,0800 Hours,District 2 (Northeast),WATERLOO,BLACK HAWK,,GABLE ST & LINN ST,Collision with:  Vehicle in traffic,On Roadway,Broadside (front to side),FTYROW:  At uncontrolled intersection,None Indicated,,Daylight,Snow,Cloudy,None apparent,Intersection:  Four-way intersection,Paved,,Property Damage Only,0,0,0,0,0,0,3500,2,4,,POINT (-92.331206428147 42.515176959326)