Iowa DOT Case Number,Law Enforcement Case Number,Date of Crash,Month of Crash,Day of Week,Time of Crash,Hour,DOT District,City Name,County Name,Route with System,Location Description,First Harmful Event,Location of First Harmful Event,Manner of Crash/Collision,Major Cause,Drug or Alcohol ,Environmental Conditions,Light Conditions,Surface Conditions,Weather Conditions,Roadway Contribution,Roadway Type,Roadway Surface,Work Zone,Crash Severity,Number of Fatalities,Number of Injuries,Number of Major Injuries,Number of Minor Injuries,Number of Possible Injuries,Number of Unknown Injuries,Amount of Property Damage,Number of Vehicles Involved,Total Number of Occupants,Travel Direction,Location
2014782593,14-03455,01/31/2014,01-January,6-Friday,13:11,1300 Hours,District 5 (Southeast),BURLINGTON,DES MOINES,,SOUTH ST & CENTRAL AVE,Collision with:  Vehicle in traffic,On Roadway,Rear-end (front to rear),Followed too close,None Indicated,,Daylight,Ice/frost,Snow,"Surface condition (e.g., wet, icy)",Intersection:  Four-way intersection,Paved,,Property Damage Only,0,0,0,0,0,0,5500,2,2,,POINT (-91.109763178241 40.795680087511)
2014782435,14-02508,01/31/2014,01-January,6-Friday,08:30,0800 Hours,District 1 (Central),,JASPER,,Co Rd F70/HWY F-70 W,Collision with fixed object:  Ditch,Roadside,Non-collision (single vehicle),Swerving/Evasive Action,None Indicated,,Daylight,Dry,Cloudy,None apparent,Non-intersection:  Non-junction/no special feature,Paved,,Minor Injury,0,1,0,1,0,0,20000,1,1,,POINT (-93.180370373418 41.522510259725)
2014782709,2014001139,01/31/2014,01-January,6-Friday,12:25,1200 Hours,District 6 (East Central),IOWA CITY,JOHNSON,,WAYNE ST,Collision with:  Vehicle in traffic,On Roadway,Rear-end (front to rear),"Operating vehicle in an reckless, erratic, careless, negligent manner",None Indicated,,Daylight,Dry,Cloudy,None apparent,Non-intersection:  Driveway access (within),Paved,,Property Damage Only,0,0,0,0,0,0,7000,2,2,,POINT (-91.496186197165 41.647481854117)
2014784245,2014-0218,02/01/2014,02-February,7-Saturday,10:34,1000 Hours,District 1 (Central),JEFFERSON,GREENE,IA 4,IA 4/S ELM ST & W HARRISON ST & E HARRISON ST,Collision with:  Vehicle in traffic,On Roadway,Broadside (front to side),FTYROW:  From stop sign,None Indicated,,Daylight,Snow,Cloudy,"Surface condition (e.g., wet, icy)",Intersection:  Four-way intersection,Paved,,Property Damage Only,0,0,0,0,0,0,2000,2,4,,POINT (-94.377404371129 42.014285710743)
2014782728,14002192,02/01/2014,02-February,7-Saturday,20:33,2000 Hours,District 6 (East Central),MARION,LINN,,6TH AVE & 19TH ST,Collision with:  Vehicle in traffic,On Roadway,Broadside (front to side),FTYROW:  At uncontrolled intersection,Alcohol (< Statutory),,Dark - roadway lighted,Snow,Cloudy,None apparent,Intersection:  Four-way intersection,Paved,,Property Damage Only,0,0,0,0,0,0,9000,2,2,,POINT (-91.591062205084 42.032347914961)
2014786422,14-000479,02/01/2014,02-February,7-Saturday,17:29,1700 Hours,District 1 (Central),AMES,STORY,,Co Rd R63/N DAYTON AVE,Collision with fixed object:  Ditch,On Roadway,Non-collision (single vehicle),Lost Control,None Indicated,,Unknown,Dry,Cloudy,None apparent,Non-intersection:  Non-junction/no special feature,Paved,,Possible/Unknown,0,1,0,0,1,0,3000,1,1,,POINT (-93.581506810301 42.051826052041)
2014782554,W14-010673,02/01/2014,02-February,7-Saturday,18:25,1800 Hours,District 2 (Northeast),WATERLOO,BLACK HAWK,,CAMPBELL AVE & WILLISTON AVE & KIMBALL AVE & W 4TH ST,Collision with:  Vehicle in traffic,On Roadway,"Sideswipe, same direction",Followed too close,None Indicated,,Dark - roadway lighted,Wet,Cloudy,None apparent,Intersection:  Other intersection (explain in narrative),Paved,,Property Damage Only,0,0,0,0,0,0,3500,2,3,,POINT (-92.357224830377 42.483895501252)
2014782871,14-0307,02/01/2014,02-February,7-Saturday,11:17,1100 Hours,District 1 (Central),FORT DODGE,WEBSTER,,10TH AVE N,Collision with:  Vehicle in traffic,On Roadway,Broadside (front to side),FTYROW:  From driveway,None Indicated,,Daylight,Snow,Cloudy,None apparent,Non-intersection:  Other non-intersection (explain in narrative),Paved,,Property Damage Only,0,0,0,0,0,0,2500,2,2,,POINT (-94.157364639516 42.515669842035)
2014782698,14-1483,02/01/2014,02-February,7-Saturday,22:24,2200 Hours,District 6 (East Central),SAINT DONATUS,JACKSON,US 52,US 52/MAIN ST & E 1ST ST,Collision with:  Vehicle in traffic,On Roadway,Broadside (front to side),Unknown,None Indicated,,Dark - roadway lighted,Wet,Clear,None apparent,Intersection:  Four-way intersection,Paved,,Property Damage Only,0,0,0,0,0,0,3000,2,2,,POINT (-90.539461058975 42.360689788513)
2014783587,201400315,02/01/2014,02-February,7-Saturday,10:08,1000 Hours,District 6 (East Central),,LINN,US 151,US 151 & Co Rd E48/MT VERNON RD/WEST MT VERNON RD,Collision with:  Vehicle in traffic,On Roadway,"Angle, oncoming left turn",FTYROW:  Making left turn,None Indicated,,Daylight,Snow,Cloudy,None apparent,Intersection:  Four-way intersection,Paved,,Property Damage Only,0,0,0,0,0,0,25000,3,4,,POINT (-91.551494734499 41.976105967101)
2014783336,14-1921,02/01/2014,02-February,7-Saturday,08:24,0800 Hours,District 6 (East Central),BETTENDORF,SCOTT,,MIDDLE RD,Collision with fixed object:  Other fixed object (explain in narrative),Outside trafficway,Non-collision (single vehicle),Crossed centerline (undivided),None Indicated,,Daylight,Snow,Snow,None apparent,Non-intersection:  Non-junction/no special feature,Paved,,Property Damage Only,0,0,0,0,0,0,3000,1,2,,POINT (-90.501324614407 41.545936645031)
2014782913,W14-010566,02/01/2014,02-February,7-Saturday,11:04,1100 Hours,District 2 (Northeast),WATERLOO,BLACK HAWK,US 218,US 218/WASHINGTON ST,Non-collision events:  Overturn/rollover,Shoulder,Non-collision (single vehicle),Driving too fast for conditions,None Indicated,,Daylight,Snow,Cloudy,"Surface condition (e.g., wet, icy)",Non-intersection:  Non-junction/no special feature,Paved,,Minor Injury,0,1,0,1,0,0,12000,1,1,,POINT (-92.367457514873 42.503215927215)
2014785150,2014007542,02/01/2014,02-February,7-Saturday,05:40,0500 Hours,District 5 (Southeast),,DECATUR,I-35,I-35,Collision with fixed object:  Ditch,On Roadway,Non-collision (single vehicle),Ran off road - right,None Indicated,,Dark - roadway not lighted,Snow,Snow,"Surface condition (e.g., wet, icy)",Non-intersection:  Non-junction/no special feature,Paved,,Minor Injury,0,1,0,1,0,0,10000,1,1,,POINT (-93.839702648089 40.748888544313)
2014783144,14-3190,02/01/2014,02-February,7-Saturday,10:57,1000 Hours,District 3 (Northwest),SIOUX CITY,WOODBURY,,BOULDER CT & S LAKEPORT ST,Collision with fixed object:  Utility pole/light support,On Roadway,Non-collision (single vehicle),Driving too fast for conditions,None Indicated,,Daylight,Slush,Clear,"Surface condition (e.g., wet, icy)",Intersection:  T-intersection,Paved,,Property Damage Only,0,0,0,0,0,0,7500,1,1,,POINT (-96.347115434686 42.436241781728)
2014783727,14-3265,02/01/2014,02-February,7-Saturday,22:30,2200 Hours,District 3 (Northwest),SIOUX CITY,WOODBURY,,COUNTRY CLUB BLVD & W 45TH ST,Collision with:  Parked motor vehicle,On Roadway,Broadside (front to side),Improper Backing,None Indicated,,Dark - roadway lighted,Dry,Cloudy,None apparent,Non-intersection:  Non-junction/no special feature,Paved,,Property Damage Only,0,0,0,0,0,0,3000,2,1,,POINT (-96.412886264801 42.54833291868)
2014794943,SO14-0117,02/01/2014,02-February,7-Saturday,13:50,1300 Hours,District 2 (Northeast),,WRIGHT,,Co Rd C54/265TH ST,Collision with fixed object:  Ditch,Shoulder,Non-collision (single vehicle),Ran off road - right,None Indicated,,Daylight,Ice/frost,Cloudy,None apparent,Non-intersection:  Non-junction/no special feature,Paved,,Possible/Unknown,0,1,0,0,1,0,2000,1,1,,POINT (-93.570520032772 42.666391674069)
2014786102,2014007613,02/01/2014,02-February,7-Saturday,11:15,1100 Hours,District 1 (Central),,TAMA,IA 96,IA 96/IOWA 96 & C AVE,Collision with:  Vehicle in traffic,On Roadway,Head-on (front to front),Crossed centerline (undivided),None Indicated,,Daylight,Snow,"Blowing sand, soil, dirt","Surface condition (e.g., wet, icy)",Non-intersection:  Non-junction/no special feature,Paved,,Major Injury,0,3,3,0,0,0,35000,2,3,,POINT (-92.728161557771 42.181310497683)
2014783204,14001603,02/01/2014,02-February,7-Saturday,15:43,1500 Hours,District 2 (Northeast),MASON CITY,CERRO GORDO,US 65,US 65/N DELAWARE AVE & 4TH ST NE,Collision with:  Vehicle in traffic,On Roadway,Broadside (front to side),Ran Traffic Signal,None Indicated,,Daylight,Other (explain in narrative),Cloudy,None apparent,Intersection:  Other intersection (explain in narrative),Paved,,Major Injury,0,1,1,0,0,0,8000,2,4,,POINT (-93.199477002184 43.155433796969)
2014782555,W14-010715,02/01/2014,02-February,7-Saturday,21:00,2100 Hours,District 2 (Northeast),WATERLOO,BLACK HAWK,,LAFAYETTE ST,Collision with:  Vehicle in traffic,On Roadway,Broadside (front to side),FTYROW:  From driveway,None Indicated,,Dark - roadway lighted,Snow,Rain,None apparent,Non-intersection:  Driveway access (within),Paved,,Property Damage Only,0,0,0,0,0,0,2500,2,3,,POINT (-92.334509134415 42.498760574562)
2014783954,2014-7131,02/01/2014,02-February,7-Saturday,12:15,1200 Hours,District 6 (East Central),DAVENPORT,SCOTT,,E 53RD ST & BELLE AVE,Collision with:  Vehicle in traffic,On Roadway,"Sideswipe, same direction",Lost Control,None Indicated,,Daylight,Slush,Snow,"Surface condition (e.g., wet, icy)",Non-intersection:  Non-junction/no special feature,Paved,,Property Damage Only,0,0,0,0,0,0,3500,2,2,,POINT (-90.545538298393 41.574755102512)
2014782847,14-004232,02/01/2014,02-February,7-Saturday,16:31,1600 Hours,District 4 (Southwest),COUNCIL BLUFFS,POTTAWATTAMIE,,32ND AVE & DIAL DR,Collision with:  Vehicle in traffic,On Roadway,Broadside (front to side),Ran Stop Sign,None Indicated,,Daylight,Wet,Clear,None apparent,Intersection:  Four-way intersection,Paved,,Property Damage Only,0,0,0,0,0,0,7000,2,2,,POINT (-95.849560450287 41.228209542077)
2014784020,2014007581,02/01/2014,02-February,7-Saturday,09:40,0900 Hours,District 1 (Central),,STORY,I-35,I-35,Collision with:  Vehicle in traffic,On Roadway,"Sideswipe, opposite direction",Crossed centerline (undivided),None Indicated,,Daylight,Ice/frost,Snow,"Surface condition (e.g., wet, icy)",Non-intersection:  Non-junction/no special feature,Paved,,Fatal,1,1,1,0,0,0,20000,2,3,,POINT (-93.561477618768 42.100605933269)
2014782573,14000586,02/01/2014,02-February,7-Saturday,16:43,1600 Hours,District 2 (Northeast),,CERRO GORDO,,195TH ST,Non-collision events:  Overturn/rollover,On Roadway,Non-collision (single vehicle),Driving too fast for conditions,None Indicated,,Daylight,Snow,Clear,None apparent,Non-intersection:  Non-junction/no special feature,Unpaved,,Property Damage Only,0,0,0,0,0,0,2500,1,1,,POINT (-93.15563135332 43.044975325328)
2014784065,2014007614,02/01/2014,02-February,7-Saturday,13:35,1300 Hours,District 4 (Southwest),,DALLAS,I-80,I-80,Collision with:  Vehicle in traffic,On Roadway,"Sideswipe, same direction",Improper or erratic lane changing,None Indicated,,Daylight,Wet,Cloudy,None apparent,Non-intersection:  Non-junction/no special feature,Paved,,Possible/Unknown,0,1,0,0,1,0,10000,2,5,,POINT (-93.933845134192 41.552286092471)
2014785151,2014007590,02/01/2014,02-February,7-Saturday,10:41,1000 Hours,District 6 (East Central),,LINN,US 151,US 151/DUBUQUE RD & STONE RD,Collision with:  Vehicle in traffic,On Roadway,Rear-end (front to rear),Lost Control,None Indicated,,Daylight,Slush,Cloudy,None apparent,Intersection:  Four-way intersection,Paved,,Minor Injury,0,2,0,1,1,0,12000,2,3,,POINT (-91.481757266696 42.049650886708)
2014784263,14-001620,02/01/2014,02-February,7-Saturday,07:20,0700 Hours,District 5 (Southeast),,HENRY,US 34,US 34/US34 RAMP,Collision with fixed object:  Concrete traffic barrier (median or right side),Shoulder,Non-collision (single vehicle),Ran off road - right,None Indicated,,Daylight,Snow,Snow,"Surface condition (e.g., wet, icy)",Interchange-related:  On-ramp merge area,Paved,,Property Damage Only,0,0,0,0,0,0,2350,1,1,,POINT (-91.638503402532 40.970222547794)
2014788004,A14007,02/01/2014,02-February,7-Saturday,07:35,0700 Hours,District 5 (Southeast),KNOXVILLE,MARION,IA 14,IA 14/LINCOLN ST & W BELL AVE,Collision with:  Vehicle in traffic,On Roadway,Broadside (front to side),FTYROW:  From driveway,None Indicated,,Daylight,Snow,Snow,None apparent,Non-intersection:  Driveway access (within),Paved,,Possible/Unknown,0,1,0,0,1,0,7500,2,2,,POINT (-93.109495713812 41.306264369993)
2014783099,14-1205,02/01/2014,02-February,7-Saturday,18:16,1800 Hours,District 3 (Northwest),,SIOUX,,Co Rd B20/340TH ST,Collision with:  Animal,,,Animal,None Indicated,,,,,,,Unpaved,,Property Damage Only,0,0,0,0,0,0,4000,1,1,,POINT (-96.36485337178 43.156922390816)
2014783354,2014-7187,02/01/2014,02-February,7-Saturday,17:24,1700 Hours,District 6 (East Central),DAVENPORT,SCOTT,,ELMORE AVE,Collision with:  Vehicle in traffic,On Roadway,Broadside (front to side),FTYROW:  From driveway,None Indicated,,Dusk,Wet,Cloudy,None apparent,Non-intersection:  Driveway access (within),Paved,,Possible/Unknown,0,1,0,0,1,0,10000,2,4,,POINT (-90.528585202879 41.575535541456)
2014782779,14-000469,02/01/2014,02-February,7-Saturday,10:26,1000 Hours,District 1 (Central),ANKENY,POLK,US 69,US 69/S ANKENY BLVD,Collision with:  Vehicle in traffic,On Roadway,Rear-end (front to rear),Driving too fast for conditions,None Indicated,,Daylight,Ice/frost,Clear,"Surface condition (e.g., wet, icy)",Non-intersection:  Non-junction/no special feature,Paved,,Property Damage Only,0,0,0,0,0,0,5300,2,2,,POINT (-93.600426214037 41.729519896398)
2014783119,14-000472,02/01/2014,02-February,7-Saturday,10:23,1000 Hours,District 1 (Central),AMES,STORY,,MAIN ST & KELLOGG AVE,Collision with:  Vehicle in traffic,On Roadway,Broadside (front to side),Ran Stop Sign,None Indicated,,Daylight,Snow,Clear,None apparent,Intersection:  Four-way intersection,Paved,,Property Damage Only,0,0,0,0,0,0,4000,2,3,,POINT (-93.613708541323 42.025107061035)
2014784041,2014007579,02/01/2014,02-February,7-Saturday,10:00,1000 Hours,District 1 (Central),MITCHELLVILLE,POLK,I-80,I-80 & W 148TH ST N & W 148TH ST S,Collision with fixed object:  Other fixed object (explain in narrative),On Roadway,Non-collision (single vehicle),Lost Control,None Indicated,,Daylight,Snow,Cloudy,"Surface condition (e.g., wet, icy)",Non-intersection:  Other non-intersection (explain in narrative),Paved,,Property Damage Only,0,0,0,0,0,0,8000,1,2,,POINT (-93.348479165163 41.680840925513)
2014785097,2014-7136,02/01/2014,02-February,7-Saturday,12:45,1200 Hours,District 6 (East Central),DAVENPORT,SCOTT,,E 6TH ST,Collision with:  Parked motor vehicle,On Roadway,"Sideswipe, same direction",Driving too fast for conditions,None Indicated,,Daylight,Snow,Cloudy,None apparent,Intersection:  Four-way intersection,Paved,,Property Damage Only,0,0,0,0,0,0,2001,2,1,,POINT (-90.571963044065 41.525700283567)
2014782942,140251,02/01/2014,02-February,7-Saturday,18:06,1800 Hours,District 3 (Northwest),DENISON,CRAWFORD,,5TH AVE N & N 10TH ST,Collision with:  Vehicle in traffic,On Roadway,Broadside (front to side),Ran Stop Sign,None Indicated,,Dark - roadway lighted,Dry,Clear,None apparent,Intersection:  T-intersection,Paved,,Property Damage Only,0,0,0,0,0,0,5500,2,2,,POINT (-95.359424654783 42.021819132978)
2014782803,20140002877,02/01/2014,02-February,7-Saturday,11:08,1100 Hours,District 1 (Central),DES MOINES,POLK,,UNIVERSITY AVE,Collision with fixed object:  Tree,Shoulder,Non-collision (single vehicle),Lost Control,None Indicated,,Daylight,Snow,Cloudy,None apparent,Non-intersection:  Non-junction/no special feature,Paved,,Property Damage Only,0,0,0,0,0,0,2500,1,2,,POINT (-93.676386040522 41.600323061982)
2014782885,14-1102,02/01/2014,02-February,7-Saturday,16:39,1600 Hours,District 3 (Northwest),SAC CITY,SAC,,AUDUBON ST & S 13TH ST,Collision with:  Vehicle in traffic,On Roadway,Broadside (front to side),Driving too fast for conditions,None Indicated,,Daylight,Snow,Cloudy,"Surface condition (e.g., wet, icy)",Intersection:  Four-way intersection,Paved,,Property Damage Only,0,0,0,0,0,0,6500,2,2,,POINT (-94.999486260083 42.421677656712)
2014782821,14-0218,02/01/2014,02-February,7-Saturday,11:48,1100 Hours,District 1 (Central),URBANDALE,POLK,,DENNIS DR,Collision with fixed object:  Other fixed object (explain in narrative),Outside trafficway,Non-collision (single vehicle),Driving too fast for conditions,None Indicated,,Daylight,Snow,Clear,None apparent,Non-intersection:  Non-junction/no special feature,Paved,,Property Damage Only,0,0,0,0,0,0,3500,1,1,,POINT (-93.726791518305 41.628676324559)
2014782710,2014001186,02/01/2014,02-February,7-Saturday,11:49,1100 Hours,District 6 (East Central),IOWA CITY,JOHNSON,,WESTWINDS DR & MORMON TREK BLVD,Collision with:  Vehicle in traffic,On Roadway,Rear-end (front to rear),Driving too fast for conditions,None Indicated,,Daylight,Snow,Cloudy,"Surface condition (e.g., wet, icy)",Intersection:  T-intersection,Paved,,Property Damage Only,0,0,0,0,0,0,4000,2,4,,POINT (-91.574057739882 41.650825251077)
2014782974,18-2014,02/01/2014,02-February,7-Saturday,11:15,1100 Hours,District 4 (Southwest),,HARRISON,,Co Rd L23/LAREDO AVE,Collision with fixed object:  Ditch,On Roadway,Non-collision (single vehicle),Driving too fast for conditions,None Indicated,,Daylight,Snow,Cloudy,"Surface condition (e.g., wet, icy)",Non-intersection:  Non-junction/no special feature,Paved,,Possible/Unknown,0,1,0,0,1,0,2000,1,1,,POINT (-95.87707429414 41.708369009325)
2014783764,,02/01/2014,02-February,7-Saturday,11:00,1100 Hours,District 3 (Northwest),CHEROKEE,CHEROKEE,,HILL ST & N 9TH ST,Collision with fixed object:  Utility pole/light support,Roadside,Non-collision (single vehicle),Unknown,None Indicated,,Daylight,Ice/frost,Clear,,Non-intersection:  Non-junction/no special feature,Paved,,Property Damage Only,0,0,0,0,0,0,3000,1,1,,POINT (-95.561788781986 42.753952906499)
2014793599,,02/01/2014,02-February,7-Saturday,09:55,0900 Hours,District 2 (Northeast),DECORAH,WINNESHIEK,,W WATER ST & N MECHANIC ST,Collision with:  Vehicle in traffic,On Roadway,Broadside (front to side),Ran Stop Sign,None Indicated,,Daylight,Snow,Cloudy,"Surface condition (e.g., wet, icy)",Intersection:  Four-way intersection,Paved,,Property Damage Only,0,0,0,0,0,0,10000,2,4,,POINT (-91.790920386827 43.304179252054)
2014782723,201401572,02/01/2014,02-February,7-Saturday,14:48,1400 Hours,District 6 (East Central),CEDAR RAPIDS,LINN,,3RD AVE SW & 3RD AVE SE & 1ST ST SE,Collision with:  Vehicle in traffic,On Roadway,"Sideswipe, same direction",Made improper turn,None Indicated,,Daylight,Snow,Clear,None apparent,Non-intersection:  Non-junction/no special feature,Paved,,Property Damage Only,0,0,0,0,0,0,2000,2,3,,POINT (-91.668108766058 41.976329499466)
2014783165,2014007612,02/01/2014,02-February,7-Saturday,13:47,1300 Hours,District 2 (Northeast),,BREMER,,Co Rd V43/PIEDMONT AVE,Non-collision events:  Overturn/rollover,On Roadway,Non-collision (single vehicle),Crossed centerline (undivided),None Indicated,,Daylight,Snow,Cloudy,"Surface condition (e.g., wet, icy)",Non-intersection:  Non-junction/no special feature,Paved,,Property Damage Only,0,0,0,0,0,0,4000,1,2,,POINT (-92.258160513528 42.79180190438)
2014785096,2014-7080,02/01/2014,02-February,7-Saturday,03:41,0300 Hours,District 6 (East Central),DAVENPORT,SCOTT,,IA 461/BRADY ST,Collision with fixed object:  Utility pole/light support,Outside trafficway,Non-collision (single vehicle),Swerving/Evasive Action,Drug,,Dark - roadway lighted,Snow,Snow,"Surface condition (e.g., wet, icy)",Intersection:  Other intersection (explain in narrative),Paved,,Possible/Unknown,0,1,0,0,1,0,27000,1,1,,POINT (-90.568322491996 41.559523397083)
2014782850,14-004276,02/01/2014,02-February,7-Saturday,22:20,2200 Hours,District 4 (Southwest),COUNCIL BLUFFS,POTTAWATTAMIE,,FRANKLIN AVE,Non-collision events:  Other non-collision (explain in narrative),Shoulder,Non-collision (single vehicle),Other (explain in narrative):  No improper action,None Indicated,,Dark - roadway lighted,Slush,Clear,None apparent,Non-intersection:  Non-junction/no special feature,Paved,,Property Damage Only,0,0,0,0,0,0,3001,1,1,,POINT (-95.809903339537 41.253475194927)
2014782984,201401580,02/01/2014,02-February,7-Saturday,17:42,1700 Hours,District 6 (East Central),CEDAR RAPIDS,LINN,IA 922,IA 922/1ST AVE E & 29TH ST DR SE & 29TH ST NE,Collision with:  Vehicle in traffic,On Roadway,"Angle, oncoming left turn",FTYROW:  Making left turn,None Indicated,,Dark - roadway lighted,Slush,Snow,None apparent,Intersection:  Four-way intersection,Paved,,Property Damage Only,0,0,0,0,0,0,7500,2,3,,POINT (-91.634847345406 42.006119209874)
2014783123,14-00470,02/01/2014,02-February,7-Saturday,09:58,0900 Hours,District 1 (Central),AMES,STORY,,DOTSON DR,Collision with:  Vehicle in traffic,On Roadway,Rear-end (front to rear),FTYROW:  Other (explain in narrative),None Indicated,,Daylight,Snow,Snow,None apparent,Non-intersection:  Non-junction/no special feature,Unpaved,,Property Damage Only,0,0,0,0,0,0,3500,2,3,,POINT (-93.671397078472 42.020262817572)
2014782654,01-14-4619,02/01/2014,02-February,7-Saturday,08:50,0800 Hours,District 6 (East Central),DUBUQUE,DUBUQUE,,W 10TH ST & LOCUST ST S,Collision with:  Vehicle in traffic,On Roadway,Broadside (front to side),Ran Traffic Signal,None Indicated,,Daylight,Snow,Snow,"Surface condition (e.g., wet, icy)",Intersection:  Four-way intersection,Paved,,Property Damage Only,0,0,0,0,0,0,2000,2,2,,POINT (-90.669163717464 42.502128185375)
2014784163,CL14000313,02/01/2014,02-February,7-Saturday,05:49,0500 Hours,District 6 (East Central),CLINTON,CLINTON,US 30,US 30/LIBERTY AVE,Collision with fixed object:  Utility pole/light support,On Roadway,Non-collision (single vehicle),Lost Control,None Indicated,,Dark - roadway lighted,Snow,Cloudy,"Surface condition (e.g., wet, icy)",Non-intersection:  Non-junction/no special feature,Paved,,Property Damage Only,0,0,0,0,0,0,2500,1,1,,POINT (-90.200738536676 41.829051868439)
2014782711,2014001206,02/01/2014,02-February,7-Saturday,19:43,1900 Hours,District 6 (East Central),IOWA CITY,JOHNSON,,N GILBERT ST,Collision with:  Vehicle in traffic,On Roadway,Rear-end (front to rear),Driving too fast for conditions,None Indicated,,Dark - roadway lighted,Snow,Cloudy,None apparent,Intersection:  Four-way intersection,Paved,,Minor Injury,0,1,0,1,0,0,500,2,3,,POINT (-91.530119366174 41.663412673827)
2014783464,2014007651,02/01/2014,02-February,7-Saturday,17:31,1700 Hours,District 5 (Southeast),,WAPELLO,,ROEMER AVE & 110TH AVE,Collision with:  Vehicle in traffic,On Roadway,"Angle, oncoming left turn",Swerving/Evasive Action,None Indicated,,Dark - roadway not lighted,Snow,Cloudy,None apparent,Non-intersection:  Non-junction/no special feature,Paved,,Property Damage Only,0,0,0,0,0,0,4000,2,4,,POINT (-92.372191028935 41.009829286448)
2014783164,2014007597,02/01/2014,02-February,7-Saturday,10:45,1000 Hours,District 1 (Central),,POLK,I-35,I-35,Collision with fixed object:  Concrete traffic barrier (median or right side),On Roadway,Non-collision (single vehicle),Driving too fast for conditions,None Indicated,,Daylight,Snow,Snow,"Surface condition (e.g., wet, icy)",Non-intersection:  Non-junction/no special feature,Paved,,Property Damage Only,0,0,0,0,0,0,5000,1,1,,POINT (-93.626990747965 41.649476093433)
2014782975,20-2014,02/01/2014,02-February,7-Saturday,13:15,1300 Hours,District 4 (Southwest),,HARRISON,,Co Rd L20/LOESS HILLS TRL,Collision with fixed object:  Guardrail - face,On Roadway,Non-collision (single vehicle),Crossed centerline (undivided),None Indicated,,Daylight,Slush,Clear,"Surface condition (e.g., wet, icy)",Non-intersection:  Other non-intersection (explain in narrative),Paved,,Property Damage Only,0,0,0,0,0,0,4500,1,1,,POINT (-95.888301018464 41.543414377155)
2014783162,2014007576,02/01/2014,02-February,7-Saturday,09:27,0900 Hours,District 1 (Central),,POLK,I-235,I-235,Collision with fixed object:  Concrete traffic barrier (median or right side),On Roadway,Non-collision (single vehicle),Driving too fast for conditions,None Indicated,,Daylight,Ice/frost,Snow,None apparent,Intersection:  Intersection with ramp,Paved,,Property Damage Only,0,0,0,0,0,0,15000,1,1,,POINT (-93.57566894307 41.64728562997)
2014783281,1400000095,02/01/2014,02-February,7-Saturday,19:00,1900 Hours,District 1 (Central),MARSHALLTOWN,MARSHALL,,SMITH AVE,Collision with fixed object:  Ditch,Outside trafficway,Non-collision (single vehicle),Ran off road - left,None Indicated,,Dark - roadway not lighted,Snow,Unknown,Unknown,Intersection:  Other intersection (explain in narrative),Unpaved,,Property Damage Only,0,0,0,0,0,0,4000,1,1,,POINT (-92.89175602845 41.96799120268)
2014784062,2014007563,02/01/2014,02-February,7-Saturday,08:30,0800 Hours,District 1 (Central),HUXLEY,STORY,I-35,I-35,Non-collision events:  Other non-collision (explain in narrative),On Roadway,Non-collision (single vehicle),Driving too fast for conditions,None Indicated,,Daylight,Ice/frost,Snow,"Surface condition (e.g., wet, icy)",Non-intersection:  Non-junction/no special feature,Paved,,Property Damage Only,0,0,0,0,0,0,6300,1,3,,POINT (-93.571076783185 41.896324392024)
2014782772,14-0707,02/01/2014,02-February,7-Saturday,19:33,1900 Hours,District 1 (Central),BONDURANT,POLK,,GRANT ST S & 2ND ST SW & 2ND ST SE,Collision with:  Vehicle in traffic,On Roadway,Broadside (front to side),Ran Stop Sign,None Indicated,,Dark - roadway lighted,Snow,Clear,None apparent,Intersection:  Other intersection (explain in narrative),Paved,,Property Damage Only,0,0,0,0,0,0,5500,2,2,,POINT (-93.463271427677 41.699611700478)
2014782788,20140002853,02/01/2014,02-February,7-Saturday,02:03,0200 Hours,District 1 (Central),DES MOINES,POLK,,SW 7TH ST & SW 6TH AVE & W MLK JR PKWY,Collision with:  Vehicle in traffic,On Roadway,Broadside (front to side),Ran Traffic Signal,Alcohol (< Statutory),,Dark - roadway lighted,Snow,Snow,"Surface condition (e.g., wet, icy)",Intersection:  Four-way intersection,Paved,,Property Damage Only,0,0,0,0,0,0,15200,2,3,,POINT (-93.624269942647 41.581558536483)
2014782807,20140002867,02/01/2014,02-February,7-Saturday,09:05,0900 Hours,District 5 (Southeast),DES MOINES,WARREN,US 69,US 69/SE 14TH ST & INDIANOLA AVE,Collision with:  Vehicle in traffic,On Roadway,Rear-end (front to rear),Lost Control,None Indicated,,Daylight,Snow,Cloudy,"Surface condition (e.g., wet, icy)",Non-intersection:  Non-junction/no special feature,Paved,,Possible/Unknown,0,1,0,0,1,0,10000,2,3,,POINT (-93.578594522501 41.512387025995)
2014782549,W14-010525,02/01/2014,02-February,7-Saturday,07:30,0700 Hours,District 2 (Northeast),WATERLOO,BLACK HAWK,,ONEIDA ST & BEECH ST,Collision with:  Vehicle in traffic,On Roadway,Broadside (front to side),Driving too fast for conditions,None Indicated,,Dark - roadway not lighted,Ice/frost,Snow,"Surface condition (e.g., wet, icy)",Intersection:  Four-way intersection,Paved,,Property Damage Only,0,0,0,0,0,0,4500,2,2,,POINT (-92.320092402821 42.507294520571)