Iowa DOT Case Number,Law Enforcement Case Number,Date of Crash,Month of Crash,Day of Week,Time of Crash,Hour,DOT District,City Name,County Name,Route with System,Location Description,First Harmful Event,Location of First Harmful Event,Manner of Crash/Collision,Major Cause,Drug or Alcohol ,Environmental Conditions,Light Conditions,Surface Conditions,Weather Conditions,Roadway Contribution,Roadway Type,Roadway Surface,Work Zone,Crash Severity,Number of Fatalities,Number of Injuries,Number of Major Injuries,Number of Minor Injuries,Number of Possible Injuries,Number of Unknown Injuries,Amount of Property Damage,Number of Vehicles Involved,Total Number of Occupants,Travel Direction,Location
2014783708,2014-02076,02/01/2014,02-February,7-Saturday,17:22,1700 Hours,District 5 (Southeast),,WARREN,IA 92,IA 92/IOWA 92,Collision with fixed object:  Ditch,Roadside,Non-collision (single vehicle),"Operating vehicle in an reckless, erratic, careless, negligent manner",None Indicated,,Daylight,Dry,Clear,None apparent,Non-intersection:  Non-junction/no special feature,Paved,,Possible/Unknown,0,1,0,0,1,0,4000,1,1,,POINT (-93.688249500623 41.366726817917)
2014785721,,02/01/2014,02-February,7-Saturday,14:10,1400 Hours,District 1 (Central),COLFAX,JASPER,IA 117,IA 117/S LEAGUE RD/E STATE ST & Co Rd F48/HWY F-48 W,Collision with:  Vehicle in traffic,On Roadway,"Sideswipe, opposite direction",Crossed centerline (undivided),None Indicated,,Daylight,Ice/frost,Clear,"Surface condition (e.g., wet, icy)",Intersection:  Four-way intersection,Paved,,Property Damage Only,0,0,0,0,0,0,7000,2,3,,POINT (-93.23218396919 41.673208394864)
2014782743,14-002347,02/01/2014,02-February,7-Saturday,07:28,0700 Hours,District 5 (Southeast),,MARION,IA 5,IA 5/IOWA 5,Collision with fixed object:  Tree,On Roadway,Non-collision (single vehicle),Ran off road - left,None Indicated,,Daylight,Slush,Snow,"Surface condition (e.g., wet, icy)",Non-intersection:  Non-junction/no special feature,Paved,,Major Injury,0,1,1,0,0,0,8200,1,1,,POINT (-93.023807510564 41.238935555374)
2014782820,14-0217,02/01/2014,02-February,7-Saturday,09:48,0900 Hours,District 1 (Central),URBANDALE,POLK,,DOUGLAS PKWY,Collision with fixed object:  Curb/island/raised median,Median,Non-collision (single vehicle),Driving too fast for conditions,None Indicated,,Daylight,Snow,Snow,None apparent,Non-intersection:  Non-junction/no special feature,Paved,,Property Damage Only,0,0,0,0,0,0,2000,1,2,,POINT (-93.802571673513 41.627082347898)
2014783461,2014007587,02/01/2014,02-February,7-Saturday,10:01,1000 Hours,District 3 (Northwest),MARCUS,CHEROKEE,IA 3,IA 3/IOWA 3 & IA 143/AMES AVE & Co Rd L36/D AVE,Collision with:  Vehicle in traffic,On Roadway,Broadside (front to side),FTYROW:  From stop sign,None Indicated,,Daylight,Snow,Cloudy,None apparent,Intersection:  Four-way intersection,Paved,,Major Injury,0,1,1,0,0,0,13000,2,6,,POINT (-95.799779963954 42.807952540945)
2014783781,020114-044,02/01/2014,02-February,7-Saturday,05:56,0500 Hours,District 3 (Northwest),,BUENA VISTA,,Co Rd C65/630TH ST & 110TH AVE,Non-collision events:  Overturn/rollover,On Roadway,Non-collision (single vehicle),Swerving/Evasive Action,None Indicated,,Dark - roadway not lighted,Ice/frost,Snow,None apparent,Non-intersection:  Non-junction/no special feature,Paved,,Property Damage Only,0,0,0,0,0,0,8080,1,1,,POINT (-95.190737575852 42.604545029356)
2014782758,14-00000547,02/01/2014,02-February,7-Saturday,09:59,0900 Hours,District 2 (Northeast),RICEVILLE,MITCHELL,,6TH ST & WALNUT ST,Collision with:  Vehicle in traffic,On Roadway,Broadside (front to side),FTYROW:  At uncontrolled intersection,None Indicated,,Daylight,Snow,Clear,None apparent,Non-intersection:  Non-junction/no special feature,Paved,,Property Damage Only,0,0,0,0,0,0,3600,2,3,,POINT (-92.555943474726 43.358836788734)
2014782535,14010523,02/01/2014,02-February,7-Saturday,07:28,0700 Hours,District 2 (Northeast),CEDAR FALLS,BLACK HAWK,IA 27,IA 27 & GREENHILL RD,Collision with:  Vehicle in traffic,On Roadway,Broadside (front to side),Ran Traffic Signal,None Indicated,,Daylight,Snow,Cloudy,"Surface condition (e.g., wet, icy)",Intersection:  Other intersection (explain in narrative),Paved,,Property Damage Only,0,0,0,0,0,0,8000,2,2,,POINT (-92.452766966141 42.498719828336)
2014782787,20140002856,02/01/2014,02-February,7-Saturday,03:03,0300 Hours,District 1 (Central),DES MOINES,POLK,,INDIANOLA AVE,Collision with fixed object:  Utility pole/light support,Roadside,Non-collision (single vehicle),Driving too fast for conditions,None Indicated,,Dark - roadway lighted,Snow,Snow,"Surface condition (e.g., wet, icy)",Non-intersection:  Non-junction/no special feature,Paved,,Property Damage Only,0,0,0,0,0,0,7000,1,2,,POINT (-93.585689126459 41.544318205834)
2014783588,201400312,02/01/2014,02-February,7-Saturday,06:13,0600 Hours,District 6 (East Central),,LINN,I-380,I-380,Collision with:  Vehicle in traffic,On Roadway,Broadside (front to side),FTYROW:  From stop sign,None Indicated,,Dawn,Snow,Snow,None apparent,Intersection:  Intersection with ramp,Paved,,Possible/Unknown,0,1,0,0,1,0,4000,2,4,,POINT (-91.778046669073 42.171404904682)
2014783125,891400637,02/01/2014,02-February,7-Saturday,06:20,0600 Hours,District 5 (Southeast),,VAN BUREN,IA 16,IA 16/IOWA 16,Collision with:  Vehicle in traffic,On Roadway,"Sideswipe, opposite direction",Unknown,None Indicated,,Dark - roadway not lighted,Snow,Snow,"Surface condition (e.g., wet, icy)",Non-intersection:  Non-junction/no special feature,Paved,,Property Damage Only,0,0,0,0,0,0,6000,2,3,,POINT (-92.011633758941 40.841920581015)
2014783142,14-3183,02/01/2014,02-February,7-Saturday,08:40,0800 Hours,District 3 (Northwest),SIOUX CITY,WOODBURY,,39TH ST & HAMILTON BLVD,Collision with:  Vehicle in traffic,On Roadway,"Sideswipe, same direction",FTYROW:  From stop sign,None Indicated,,Daylight,Snow,Cloudy,"Surface condition (e.g., wet, icy)",Intersection:  T-intersection,Paved,,Property Damage Only,0,0,0,0,0,0,2700,2,2,,POINT (-96.40831907889 42.53759166191)
2014783148,14-3209,02/01/2014,02-February,7-Saturday,14:40,1400 Hours,District 3 (Northwest),SIOUX CITY,WOODBURY,,FLOYD BLVD,Collision with:  Vehicle in traffic,On Roadway,"Angle, oncoming left turn",FTYROW:  Making left turn,None Indicated,,Daylight,Dry,Clear,None apparent,Non-intersection:  Other non-intersection (explain in narrative),Paved,,Possible/Unknown,0,1,0,0,1,0,9000,2,2,,POINT (-96.374150097741 42.528491991629)
2014784162,CL14000312,02/01/2014,02-February,7-Saturday,02:20,0200 Hours,District 6 (East Central),CLINTON,CLINTON,,N BLUFF BLVD & IKES PEAK RD,Collision with:  Vehicle in traffic,On Roadway,"Angle, oncoming left turn",Unknown,None Indicated,,Dark - roadway lighted,Snow,Snow,None apparent,Non-intersection:  Non-junction/no special feature,Paved,,Possible/Unknown,0,2,0,0,2,0,4000,2,5,,POINT (-90.20402177762 41.845729449883)
2014782691,14-001453,02/01/2014,02-February,7-Saturday,04:34,0400 Hours,District 6 (East Central),,JACKSON,IA 64,IA 64/HWY 64,Collision with fixed object:  Ditch,Shoulder,Non-collision (single vehicle),Crossed centerline (undivided),None Indicated,,Dark - roadway not lighted,Snow,Snow,None apparent,Non-intersection:  Non-junction/no special feature,Paved,,Property Damage Only,0,0,0,0,0,0,5000,1,1,,POINT (-90.7073851626 42.054532080881)
2014782701,C14000352,02/01/2014,02-February,7-Saturday,10:35,1000 Hours,District 6 (East Central),CORALVILLE,JOHNSON,,10TH AVE,Collision with:  Vehicle in traffic,On Roadway,Broadside (front to side),Driving too fast for conditions,None Indicated,,Daylight,Snow,Cloudy,"Surface condition (e.g., wet, icy)",Intersection:  Other intersection (explain in narrative),Paved,,Property Damage Only,0,0,0,0,0,0,2000,2,2,,POINT (-91.578047745602 41.680705429685)
2014782572,14000552,02/01/2014,02-February,7-Saturday,07:00,0700 Hours,District 2 (Northeast),MASON CITY,CERRO GORDO,US 65,US 65/N WASHINGTON AVE & 3RD ST NW,Collision with:  Vehicle in traffic,On Roadway,"Sideswipe, same direction",Other (explain in narrative):  Other,None Indicated,,Daylight,Snow,Clear,None apparent,Non-intersection:  Non-junction/no special feature,Paved,,Property Damage Only,0,0,0,0,0,0,4000,2,2,,POINT (-93.202684205971 43.154518671493)
2014782837,S14-000309,02/01/2014,02-February,7-Saturday,12:46,1200 Hours,District 4 (Southwest),,POTTAWATTAMIE,,360TH ST,Collision with:  Vehicle in traffic,On Roadway,Head-on (front to front),Swerving/Evasive Action,None Indicated,,Daylight,Ice/frost,Clear,"Surface condition (e.g., wet, icy)",Non-intersection:  Non-junction/no special feature,Unpaved,,Fatal,1,3,0,0,3,0,11000,2,4,,POINT (-95.498862180677 41.230226393981)
2014782553,W14-010650,02/01/2014,02-February,7-Saturday,17:09,1700 Hours,District 2 (Northeast),WATERLOO,BLACK HAWK,,MIDLAND ST & AVON AVE,Collision with:  Vehicle in traffic,On Roadway,Broadside (front to side),Other (explain in narrative):  No improper action,None Indicated,,Daylight,Snow,Cloudy,None apparent,Intersection:  Four-way intersection,Paved,,Property Damage Only,0,0,0,0,0,0,6000,2,2,,POINT (-92.35485190895 42.531270778028)
2014782826,14-0556,02/01/2014,02-February,7-Saturday,08:07,0800 Hours,District 1 (Central),WEST DES MOINES,POLK,,NW 114TH ST & UNIVERSITY AVE & 50TH ST,Collision with:  Vehicle in traffic,On Roadway,"Angle, oncoming left turn",FTYROW:  Making left turn,None Indicated,,Daylight,Snow,Cloudy,None apparent,Intersection:  Four-way intersection,Paved,,Property Damage Only,0,0,0,0,0,0,6500,2,2,,POINT (-93.771353800612 41.600427658313)
2014782806,20140002864,02/01/2014,02-February,7-Saturday,08:00,0800 Hours,District 1 (Central),DES MOINES,POLK,I-235,I-235,Collision with fixed object:  Traffic sign support,Shoulder,Non-collision (single vehicle),Swerving/Evasive Action,None Indicated,,Dawn,Snow,Snow,"Surface condition (e.g., wet, icy)","Interchange-related:  Off-ramp, diverge area",Paved,,Property Damage Only,0,0,0,0,0,0,2200,1,1,,POINT (-93.65588920413 41.593100933568)
2014783065,14-004209,02/01/2014,02-February,7-Saturday,14:10,1400 Hours,District 4 (Southwest),COUNCIL BLUFFS,POTTAWATTAMIE,,MANAWA CENTRE DR,Collision with:  Vehicle in traffic,On Roadway,Broadside (front to side),Other (explain in narrative):  Other,None Indicated,,Daylight,Dry,Clear,None apparent,Non-intersection:  Non-junction/no special feature,Paved,,Property Damage Only,0,0,0,0,0,0,2000,2,3,,POINT (-95.847489460711 41.227495270167)
2014783487,,02/01/2014,02-February,7-Saturday,10:57,1000 Hours,District 2 (Northeast),NEW HAMPTON,CHICKASAW,IA 24,IA 24/E MAIN ST & S WATER AVE & N WATER AVE,,On Roadway,Broadside (front to side),Driving too fast for conditions,None Indicated,,Daylight,Snow,Snow,"Surface condition (e.g., wet, icy)",Intersection:  Four-way intersection,Paved,,Property Damage Only,0,0,0,0,0,0,5000,3,3,,POINT (-92.312882234532 43.059344436031)
2014790244,14680521,02/01/2014,02-February,7-Saturday,08:37,0800 Hours,District 5 (Southeast),,MONROE,IA 5,IA 5/IOWA 5,Non-collision events:  Other non-collision (explain in narrative),On Roadway,Non-collision (single vehicle),Driving too fast for conditions,None Indicated,,Daylight,Ice/frost,Cloudy,"Surface condition (e.g., wet, icy)",Non-intersection:  Non-junction/no special feature,Paved,,Property Damage Only,0,0,0,0,0,0,2800,1,2,,POINT (-92.877465054976 41.092222958392)
2014784061,2014007562,02/01/2014,02-February,7-Saturday,08:00,0800 Hours,District 6 (East Central),,CEDAR,I-80,I-80 & DELTA AVE,Collision with fixed object:  Guardrail - face,On Roadway,"Sideswipe, same direction",Driving too fast for conditions,None Indicated,,Daylight,Snow,Snow,"Surface condition (e.g., wet, icy)",Non-intersection:  Other non-intersection (explain in narrative),Paved,,Property Damage Only,0,0,0,0,0,0,14000,2,3,,POINT (-91.307722635434 41.662928635645)
2014784048,2014007600,02/01/2014,02-February,7-Saturday,09:30,0900 Hours,District 1 (Central),HUXLEY,STORY,I-35,I-35 & 315TH ST,Collision with fixed object:  Guardrail - face,On Roadway,Non-collision (single vehicle),Swerving/Evasive Action,None Indicated,,Daylight,Ice/frost,Snow,"Surface condition (e.g., wet, icy)",Non-intersection:  Non-junction/no special feature,Paved,,Property Damage Only,0,0,0,0,0,0,5000,1,1,,POINT (-93.571069745918 41.899593888397)
2014782537,14010605,02/01/2014,02-February,7-Saturday,13:56,1300 Hours,District 2 (Northeast),CEDAR FALLS,BLACK HAWK,IA 27,IA 27/SW RAMP/SPECIAL CASE & 18TH ST,Collision with:  Vehicle in traffic,On Roadway,Broadside (front to side),Ran Traffic Signal,None Indicated,,Daylight,Snow,Clear,None apparent,Intersection:  Four-way intersection,Paved,,Property Damage Only,0,0,0,0,0,0,8000,2,3,,POINT (-92.442532826487 42.521896528815)
2014782884,2014007549,02/01/2014,02-February,7-Saturday,06:15,0600 Hours,District 1 (Central),WEST DES MOINES,POLK,I-35,I-35,Collision with:  Vehicle in traffic,On Roadway,"Sideswipe, same direction",Lost Control,None Indicated,,Dark - roadway not lighted,Snow,Snow,"Surface condition (e.g., wet, icy)",Non-intersection:  Non-junction/no special feature,Paved,,Property Damage Only,0,0,0,0,0,0,2200,2,2,,POINT (-93.775500056934 41.518703914857)
2014783622,14-000467,02/01/2014,02-February,7-Saturday,08:15,0800 Hours,District 1 (Central),ANKENY,POLK,I-35,I-35,Collision with:  Vehicle in traffic,On Roadway,"Sideswipe, same direction",Lost Control,None Indicated,,Daylight,Snow,Cloudy,"Surface condition (e.g., wet, icy)",Non-intersection:  Non-junction/no special feature,Paved,,Property Damage Only,0,0,0,0,0,0,7500,2,3,,POINT (-93.569297701139 41.760977721182)
2014782867,14-0315,02/01/2014,02-February,7-Saturday,23:30,2300 Hours,District 1 (Central),FORT DODGE,WEBSTER,,S 28TH ST,Unknown,On Roadway,Unknown,Unknown,None Indicated,,Unknown,Snow,Unknown,None apparent,Non-intersection:  Non-junction/no special feature,Paved,,Property Damage Only,0,0,0,0,0,0,1500,2,1,,POINT (-94.159848886462 42.495309836582)
2014782811,20140002878,02/01/2014,02-February,7-Saturday,10:03,1000 Hours,District 1 (Central),DES MOINES,POLK,,UNIVERSITY AVE & MERLE HAY RD,Collision with:  Vehicle in traffic,On Roadway,Rear-end (front to rear),Driving too fast for conditions,None Indicated,,Daylight,Slush,Cloudy,"Surface condition (e.g., wet, icy)",Non-intersection:  Non-junction/no special feature,Paved,,Property Damage Only,0,0,0,0,0,0,5000,2,4,,POINT (-93.697734584928 41.600402642206)
2014783719,SA1400731,02/01/2014,02-February,7-Saturday,10:33,1000 Hours,District 5 (Southeast),WELLMAN,WASHINGTON,,7TH ST,Collision with:  Vehicle in traffic,On Roadway,Broadside (front to side),Other (explain in narrative):  No improper action,None Indicated,,Daylight,Snow,Snow,"Surface condition (e.g., wet, icy)",Non-intersection:  Non-junction/no special feature,Paved,,Property Damage Only,0,0,0,0,0,0,14000,3,4,,POINT (-91.83924091782 41.468451767855)
2014782550,W14-010550,02/01/2014,02-February,7-Saturday,09:51,0900 Hours,District 2 (Northeast),WATERLOO,BLACK HAWK,US 20,US 20,Collision with:  Vehicle in traffic,On Roadway,"Sideswipe, same direction",Other (explain in narrative):  Other,None Indicated,,Daylight,Snow,Snow,"Surface condition (e.g., wet, icy)",Non-intersection:  Non-junction/no special feature,Paved,,Possible/Unknown,0,1,0,0,1,0,10000,2,2,,POINT (-92.354266626718 42.453276899506)
2014782857,2014-1963,02/01/2014,02-February,7-Saturday,20:20,2000 Hours,District 6 (East Central),BETTENDORF,SCOTT,,MIDDLE RD & KIMBERLY RD,Collision with:  Vehicle in traffic,On Roadway,"Angle, oncoming left turn",FTYROW:  Making left turn,None Indicated,,Dark - roadway lighted,Snow,Cloudy,None apparent,Intersection:  Four-way intersection,Paved,,Minor Injury,0,3,0,1,2,0,7000,2,5,,POINT (-90.522528329054 41.538506134675)
2014783006,14-001236,02/01/2014,02-February,7-Saturday,14:21,1400 Hours,District 4 (Southwest),,MILLS,I-29,I-29,Collision with fixed object:  Ditch,Outside trafficway,Non-collision (single vehicle),"Operating vehicle in an reckless, erratic, careless, negligent manner",Under Influence of Alcohol/Drugs/Medications,,Daylight,Dry,Cloudy,None apparent,Non-intersection:  Non-junction/no special feature,Paved,,Possible/Unknown,0,1,0,0,1,0,10000,1,1,,POINT (-95.823161554199 41.069760105403)
2014783351,2014-7134,02/01/2014,02-February,7-Saturday,12:13,1200 Hours,District 6 (East Central),DAVENPORT,SCOTT,,N DIVISION ST,Collision with:  Vehicle in traffic,On Roadway,Broadside (front to side),FTYROW:  From driveway,None Indicated,,Daylight,Slush,Snow,None apparent,Non-intersection:  Driveway access (within),Paved,,Property Damage Only,0,0,0,0,0,0,4500,2,4,,POINT (-90.600653939745 41.560401112722)
2014784683,,02/01/2014,02-February,7-Saturday,09:55,0900 Hours,District 4 (Southwest),,MILLS,,Co Rd L35/221ST ST & GOODE AVE,Collision with fixed object:  Other fixed object (explain in narrative),On Roadway,Non-collision (single vehicle),Ran off road - straight,None Indicated,,Daylight,Snow,Snow,"Surface condition (e.g., wet, icy)",Intersection:  T-intersection,Paved,,Property Damage Only,0,0,0,0,0,0,4200,1,3,,POINT (-95.762700819587 41.070524109779)
2014783163,2014007588,02/01/2014,02-February,7-Saturday,10:15,1000 Hours,District 1 (Central),,HARDIN,US 20,US 20,Collision with fixed object:  Concrete traffic barrier (median or right side),On Roadway,Non-collision (single vehicle),Driving too fast for conditions,None Indicated,,Daylight,Snow,Snow,"Surface condition (e.g., wet, icy)",Non-intersection:  Non-junction/no special feature,Paved,,Property Damage Only,0,0,0,0,0,0,4000,1,1,,POINT (-93.076009393034 42.43361837565)
2014782578,140246,02/01/2014,02-February,7-Saturday,07:37,0700 Hours,District 3 (Northwest),,CRAWFORD,,Co Rd L51/150TH ST,Collision with fixed object:  Culvert/pipe opening,Shoulder,Non-collision (single vehicle),Driving too fast for conditions,None Indicated,,Daylight,Snow,Snow,"Surface condition (e.g., wet, icy)",Non-intersection:  Non-junction/no special feature,Paved,,Possible/Unknown,0,1,0,0,1,0,5000,1,1,,POINT (-95.574523272369 42.209552196488)
2014789505,2014007552,02/01/2014,02-February,7-Saturday,07:50,0700 Hours,District 1 (Central),ALTOONA,POLK,I-80,I-80,Non-collision events:  Overturn/rollover,On Roadway,Non-collision (single vehicle),Driving too fast for conditions,None Indicated,,Daylight,Snow,Cloudy,"Surface condition (e.g., wet, icy)",Non-intersection:  Non-junction/no special feature,Paved,,Property Damage Only,0,0,0,0,0,0,5000,1,5,,POINT (-93.478574539426 41.662826914151)
2014782808,20140002870,02/01/2014,02-February,7-Saturday,09:15,0900 Hours,District 1 (Central),DES MOINES,POLK,,E PARK AVE,Collision with:  Vehicle in traffic,On Roadway,Rear-end (front to rear),Driving too fast for conditions,None Indicated,,Daylight,Snow,Snow,None apparent,Non-intersection:  Driveway access (within),Paved,,Property Damage Only,0,0,0,0,0,0,2000,2,2,,POINT (-93.589109649965 41.555271646027)
2014791903,,02/01/2014,02-February,7-Saturday,22:03,2200 Hours,District 5 (Southeast),,MUSCATINE,,Co Rd G28/231ST ST,Non-collision events:  Overturn/rollover,Outside trafficway,Non-collision (single vehicle),Driving too fast for conditions,None Indicated,,Dark - roadway not lighted,Slush,Cloudy,"Surface condition (e.g., wet, icy)",Non-intersection:  Non-junction/no special feature,Paved,,Property Damage Only,0,0,0,0,0,0,7000,1,1,,POINT (-91.123977157268 41.417153096162)
2014783350,2014-7085,02/01/2014,02-February,7-Saturday,06:14,0600 Hours,District 6 (East Central),DAVENPORT,SCOTT,,W 3RD ST,Collision with fixed object:  Other fixed object (explain in narrative),On Roadway,Non-collision (single vehicle),Driving too fast for conditions,None Indicated,,Dark - roadway lighted,Snow,Snow,None apparent,Non-intersection:  Non-junction/no special feature,Paved,,Property Damage Only,0,0,0,0,0,0,6000,2,2,,POINT (-90.578257621075 41.522419649424)
2014784064,2014007582,02/01/2014,02-February,7-Saturday,09:15,0900 Hours,District 1 (Central),,STORY,I-35,I-35,Non-collision events:  Other non-collision (explain in narrative),On Roadway,Non-collision (single vehicle),Ran off road - left,None Indicated,,Daylight,Ice/frost,Snow,"Surface condition (e.g., wet, icy)",Non-intersection:  Non-junction/no special feature,Paved,,Property Damage Only,0,0,0,0,0,0,8000,1,1,,POINT (-93.570326588503 41.91633214853)
2014782548,W14-010510,02/01/2014,02-February,7-Saturday,05:24,0500 Hours,District 2 (Northeast),WATERLOO,BLACK HAWK,IA 934,IA 934/UNIVERSITY AVE,Non-collision events:  Overturn/rollover,On Roadway,Non-collision (single vehicle),Lost Control,None Indicated,,Dark - roadway lighted,Snow,Snow,"Surface condition (e.g., wet, icy)",Non-intersection:  Non-junction/no special feature,Paved,,Property Damage Only,0,0,0,0,0,0,11500,1,1,,POINT (-92.380364922729 42.496433001376)
2014793718,14-002368,02/01/2014,02-February,7-Saturday,09:26,0900 Hours,District 5 (Southeast),,MAHASKA,IA 92,IA 92/IOWA 92,Collision with fixed object:  Ditch,On Roadway,Non-collision (single vehicle),Driving too fast for conditions,None Indicated,,Daylight,Snow,Snow,"Surface condition (e.g., wet, icy)",Non-intersection:  Non-junction/no special feature,Paved,,Possible/Unknown,0,1,0,0,1,0,8000,1,2,,POINT (-92.748007850269 41.289295201152)
2014783463,2014007620,02/01/2014,02-February,7-Saturday,15:05,1500 Hours,District 5 (Southeast),,LEE,US 61,US 61 & Co Rd W62/355 ST,Collision with fixed object:  Traffic sign support,On Roadway,Non-collision (single vehicle),Swerving/Evasive Action,None Indicated,,Daylight,Snow,Snow,"Surface condition (e.g., wet, icy)",Intersection:  T-intersection,Paved,,Property Damage Only,0,0,0,0,0,0,2350,1,1,,POINT (-91.438241321034 40.444226061175)
2014782659,01-14-4646,02/01/2014,02-February,7-Saturday,11:38,1100 Hours,District 6 (East Central),DUBUQUE,DUBUQUE,,STARLIGHT DR,Collision with:  Vehicle in traffic,On Roadway,"Angle, oncoming left turn",Ran Stop Sign,None Indicated,,Daylight,Snow,Snow,"Surface condition (e.g., wet, icy)",Intersection:  Y-intersection,Paved,,Property Damage Only,0,0,0,0,0,0,2202,2,3,,POINT (-90.722083111727 42.486596102452)
2014784042,2014007583,02/01/2014,02-February,7-Saturday,10:00,1000 Hours,District 1 (Central),,JASPER,I-80,I-80,Collision with fixed object:  Traffic sign support,On Roadway,Non-collision (single vehicle),Driving too fast for conditions,None Indicated,,Daylight,Snow,Snow,"Surface condition (e.g., wet, icy)",Non-intersection:  Non-junction/no special feature,Paved,,Property Damage Only,0,0,0,0,0,0,10000,1,1,,POINT (-93.29958474754 41.682140698438)
2014782810,20140002876,02/01/2014,02-February,7-Saturday,10:45,1000 Hours,District 1 (Central),DES MOINES,POLK,IA 28,IA 28/MERLE HAY RD & AURORA AVE,Collision with:  Vehicle in traffic,On Roadway,Broadside (front to side),Driving too fast for conditions,None Indicated,,Daylight,Snow,Cloudy,None apparent,Intersection:  Four-way intersection,Paved,,Property Damage Only,0,0,0,0,0,0,8500,2,2,,POINT (-93.69772983841 41.636710645654)
2014782725,14002162,02/01/2014,02-February,7-Saturday,11:30,1100 Hours,District 6 (East Central),MARION,LINN,,12TH AVE & 24TH ST,Collision with:  Vehicle in traffic,On Roadway,Broadside (front to side),FTYROW:  From yield sign,None Indicated,,Daylight,Snow,Cloudy,None apparent,Intersection:  Four-way intersection,Paved,,Property Damage Only,0,0,0,0,0,0,4500,2,6,,POINT (-91.587206017305 42.038460831565)
2014782845,14-004199,02/01/2014,02-February,7-Saturday,11:45,1100 Hours,District 4 (Southwest),COUNCIL BLUFFS,POTTAWATTAMIE,US 6,US 6/W BROADWAY & S 28TH ST & N 28TH ST,Collision with:  Vehicle in traffic,On Roadway,Rear-end (front to rear),Other (explain in narrative):  Other,None Indicated,,Daylight,Wet,Clear,None apparent,Intersection:  Four-way intersection,Paved,,Property Damage Only,0,0,0,0,0,0,2000,2,2,,POINT (-95.889079278379 41.261952455643)
2014784173,CL14000322,02/01/2014,02-February,7-Saturday,18:35,1800 Hours,District 6 (East Central),CLINTON,CLINTON,,1ST AVE & S 3RD ST & N 3RD ST,Collision with:  Vehicle in traffic,On Roadway,"Angle, oncoming left turn",Unknown,None Indicated,,Dark - roadway lighted,Slush,Clear,"Surface condition (e.g., wet, icy)",Non-intersection:  Non-junction/no special feature,Paved,,Property Damage Only,0,0,0,0,0,0,7000,2,3,,POINT (-90.190777998278 41.84562217815)
2014782591,14-03596,02/01/2014,02-February,7-Saturday,16:26,1600 Hours,District 5 (Southeast),BURLINGTON,DES MOINES,,JEFFERSON ST & CENTRAL AVE,Collision with fixed object:  Utility pole/light support,On Roadway,Non-collision (single vehicle),Lost Control,None Indicated,,Daylight,Snow,Cloudy,"Surface condition (e.g., wet, icy)",Non-intersection:  Non-junction/no special feature,Paved,,Possible/Unknown,0,1,0,0,1,0,1500,1,2,,POINT (-91.111549498799 40.811689223578)
2014785168,2014007554,02/01/2014,02-February,7-Saturday,07:50,0700 Hours,District 4 (Southwest),WALNUT,POTTAWATTAMIE,I-80,I-80,Collision with fixed object:  Guardrail - face,Shoulder,Non-collision (single vehicle),Swerving/Evasive Action,None Indicated,,Daylight,Snow,Snow,"Surface condition (e.g., wet, icy)",Non-intersection:  Non-junction/no special feature,Paved,,Property Damage Only,0,0,0,0,0,0,8786,1,2,,POINT (-95.223524195419 41.497288689859)
2014783324,14-0111,02/01/2014,02-February,7-Saturday,11:23,1100 Hours,District 1 (Central),PLEASANT HILL,POLK,US 65,US 65,Collision with:  Animal,,,Animal,None Indicated,,,,,,,Paved,,Property Damage Only,0,0,0,0,0,0,2000,1,1,,POINT (-93.511846197167 41.565648655388)
2014782946,14-03527,02/01/2014,02-February,7-Saturday,00:01,0000 Hours,District 5 (Southeast),,DES MOINES,US 34,US 34,Collision with fixed object:  Ditch,On Roadway,Non-collision (single vehicle),Lost Control,None Indicated,,Dark - roadway not lighted,Snow,Snow,"Surface condition (e.g., wet, icy)",Non-intersection:  Non-junction/no special feature,Paved,,Minor Injury,0,1,0,1,0,0,300,1,1,,POINT (-91.366715326366 40.904745077552)
2014786361,S79140032,02/01/2014,02-February,7-Saturday,11:50,1100 Hours,District 1 (Central),,POWESHIEK,I-80,I-80,Collision with fixed object:  Guardrail - face,Shoulder,Non-collision (single vehicle),Driving too fast for conditions,None Indicated,,Daylight,Wet,Cloudy,None apparent,Non-intersection:  Non-junction/no special feature,Paved,,Property Damage Only,0,0,0,0,0,0,4000,1,3,,POINT (-92.729252658837 41.696191338809)
2014783760,,02/01/2014,02-February,7-Saturday,08:18,0800 Hours,District 5 (Southeast),,LUCAS,IA 14,IA 14,Collision with fixed object:  Bridge overhead structure,Shoulder,Non-collision (single vehicle),Ran off road - left,None Indicated,,Daylight,Snow,Cloudy,"Surface condition (e.g., wet, icy)",Non-intersection:  Non-junction/no special feature,Paved,,Property Damage Only,0,0,0,0,0,0,1600,1,1,,POINT (-93.295509673271 41.071379726827)