Iowa DOT Case Number,Law Enforcement Case Number,Date of Crash,Month of Crash,Day of Week,Time of Crash,Hour,DOT District,City Name,County Name,Route with System,Location Description,First Harmful Event,Location of First Harmful Event,Manner of Crash/Collision,Major Cause,Drug or Alcohol ,Environmental Conditions,Light Conditions,Surface Conditions,Weather Conditions,Roadway Contribution,Roadway Type,Roadway Surface,Work Zone,Crash Severity,Number of Fatalities,Number of Injuries,Number of Major Injuries,Number of Minor Injuries,Number of Possible Injuries,Number of Unknown Injuries,Amount of Property Damage,Number of Vehicles Involved,Total Number of Occupants,Travel Direction,Location
2014785213,,02/01/2014,02-February,7-Saturday,12:26,1200 Hours,District 2 (Northeast),,WORTH,I-35,I-35,Collision with:  Vehicle in traffic,On Roadway,"Sideswipe, same direction",Crossed centerline (undivided),None Indicated,,Daylight,Ice/frost,Cloudy,None apparent,Non-intersection:  Non-junction/no special feature,Paved,,Property Damage Only,0,0,0,0,0,0,4500,2,2,,POINT (-93.351517402449 43.491892633254)
2014790172,,02/01/2014,02-February,7-Saturday,15:22,1500 Hours,District 2 (Northeast),,WINNESHIEK,,QUARRY HILL RD,Collision with fixed object:  Tree,On Roadway,Non-collision (single vehicle),Driving too fast for conditions,Alcohol (Statutory),,Daylight,Snow,Cloudy,None apparent,Non-intersection:  Non-junction/no special feature,Unpaved,,Property Damage Only,0,0,0,0,0,0,4000,1,1,,POINT (-91.773134836396 43.318595097604)
2014783147,14-3203,02/01/2014,02-February,7-Saturday,13:25,1300 Hours,District 3 (Northwest),SIOUX CITY,WOODBURY,,W 3RD ST,Collision with:  Vehicle in traffic,On Roadway,Broadside (front to side),Other (explain in narrative):  Other,None Indicated,,Daylight,Dry,Clear,None apparent,Intersection:  Four-way intersection,Paved,,Property Damage Only,0,0,0,0,0,0,2500,2,6,,POINT (-96.410986477657 42.494687018828)
2014783586,201400313,02/01/2014,02-February,7-Saturday,07:10,0700 Hours,District 6 (East Central),,LINN,I-380,I-380,Non-collision events:  Other non-collision (explain in narrative),On Roadway,Non-collision (single vehicle),Other (explain in narrative):  No improper action,None Indicated,,Daylight,Snow,Snow,"Surface condition (e.g., wet, icy)",Non-intersection:  Non-junction/no special feature,Paved,,Property Damage Only,0,0,0,0,0,0,2500,1,1,,POINT (-91.796131384163 42.182421566413)
2014790881,,02/01/2014,02-February,7-Saturday,10:17,1000 Hours,District 2 (Northeast),GARNER,HANCOCK,US 18,US 18 & ALLEN AVE,Collision with:  Vehicle in traffic,On Roadway,Broadside (front to side),FTYROW:  From stop sign,None Indicated,,Daylight,Snow,Cloudy,"Surface condition (e.g., wet, icy)",Intersection:  T-intersection,Paved,,Minor Injury,0,1,0,1,0,0,12000,2,2,,POINT (-93.604694138788 43.105842825355)
2014810038,SA1400743,02/01/2014,02-February,7-Saturday,22:15,2200 Hours,District 5 (Southeast),,WASHINGTON,IA 22,IA 22,Collision with fixed object:  Tree,Roadside,Non-collision (single vehicle),Crossed centerline (undivided),None Indicated,,Dark - roadway not lighted,Dry,Clear,None apparent,Non-intersection:  Non-junction/no special feature,Paved,,Major Injury,0,1,1,0,0,0,8000,1,1,,POINT (-91.815361921666 41.469784570384)
2014783488,,02/01/2014,02-February,7-Saturday,08:37,0800 Hours,District 2 (Northeast),HUMBOLDT,HUMBOLDT,,SUMNER AVE & 8TH ST S & 8TH ST N,Collision with:  Vehicle in traffic,On Roadway,Broadside (front to side),Unknown,None Indicated,,Daylight,Snow,Cloudy,"Surface condition (e.g., wet, icy)",Intersection:  Four-way intersection,Paved,,Property Damage Only,0,0,0,0,0,0,2200,2,2,,POINT (-94.219187774225 42.721021010445)
2014782789,20140002861,02/01/2014,02-February,7-Saturday,06:08,0600 Hours,District 1 (Central),DES MOINES,POLK,,CENTER ST & 2ND AVE,Collision with:  Vehicle in traffic,On Roadway,"Angle, oncoming left turn",Made improper turn,None Indicated,,Dawn,Snow,Clear,"Surface condition (e.g., wet, icy)",Non-intersection:  Non-junction/no special feature,Paved,,Property Damage Only,0,0,0,0,0,0,5000,2,2,,POINT (-93.620298898387 41.59156006689)
2014791230,032-020-14,02/01/2014,02-February,7-Saturday,22:00,2200 Hours,District 3 (Northwest),ESTHERVILLE,EMMET,,N 7TH ST,Collision with:  Parked motor vehicle,On Roadway,Rear-end (front to rear),Unknown,None Indicated,,Dark - roadway lighted,Ice/frost,Clear,"Surface condition (e.g., wet, icy)",Non-intersection:  Non-junction/no special feature,Paved,,Property Damage Only,0,0,0,0,0,0,1500,2,1,,POINT (-94.835374982333 43.402362984965)
2014790161,,02/01/2014,02-February,7-Saturday,00:53,0000 Hours,District 2 (Northeast),,WINNESHIEK,IA 139,IA 139/IOWA 139,Collision with fixed object:  Ditch,On Roadway,Non-collision (single vehicle),Lost Control,None Indicated,,,,,,,Paved,,Property Damage Only,0,0,0,0,0,0,2500,1,1,,POINT (-92.010169469926 43.493488016125)
2014783186,,02/01/2014,02-February,7-Saturday,19:30,1900 Hours,District 5 (Southeast),FAIRFIELD,JEFFERSON,IA 1,IA 1/IOWA 1,Collision with:  Animal,On Roadway,Non-collision (single vehicle),Animal,None Indicated,,Dark - roadway not lighted,Snow,Snow,,Non-intersection:  Non-junction/no special feature,Paved,,Property Damage Only,0,0,0,0,0,0,2000,1,1,,POINT (-91.963113725621 40.986643144476)
2014782827,14-0557,02/01/2014,02-February,7-Saturday,08:25,0800 Hours,District 4 (Southwest),WEST DES MOINES,DALLAS,,E P TRUE PKWY & 68TH ST,Collision with:  Vehicle in traffic,On Roadway,"Sideswipe, same direction",FTYROW:  Other (explain in narrative),None Indicated,,Daylight,Snow,Cloudy,"Surface condition (e.g., wet, icy)",Non-intersection:  Non-junction/no special feature,Paved,,Property Damage Only,0,0,0,0,0,0,7500,2,3,,POINT (-93.799920095605 41.573760246752)
2014782785,20140002913,02/01/2014,02-February,7-Saturday,18:20,1800 Hours,District 1 (Central),DES MOINES,POLK,,7TH ST,Collision with fixed object:  Other fixed object (explain in narrative),Shoulder,Non-collision (single vehicle),Ran off road - left,None Indicated,,Dark - roadway lighted,Snow,Clear,None apparent,Non-intersection:  Non-junction/no special feature,Paved,,Property Damage Only,0,0,0,0,0,0,1700,1,2,,POINT (-93.627080089328 41.589307497606)
2014782870,14-0306,02/01/2014,02-February,7-Saturday,09:30,0900 Hours,District 1 (Central),FORT DODGE,WEBSTER,,200TH ST & 5TH AVE S & OLD US 20 & S 42ND ST,Collision with:  Vehicle in traffic,On Roadway,Rear-end (front to rear),Swerving/Evasive Action,None Indicated,,Daylight,Snow,Snow,"Surface condition (e.g., wet, icy)",Non-intersection:  Non-junction/no special feature,Paved,,Property Damage Only,0,0,0,0,0,0,1600,2,2,,POINT (-94.128838867413 42.501257085423)
2014782721,201401557,02/01/2014,02-February,7-Saturday,08:00,0800 Hours,District 6 (East Central),CEDAR RAPIDS,LINN,US 30,US 30/LINCOLN FWY,Collision with fixed object:  Bridge overhead structure,Median,Non-collision (single vehicle),Other (explain in narrative):  No improper action,None Indicated,,Daylight,Snow,Snow,"Surface condition (e.g., wet, icy)",Non-intersection:  Other non-intersection (explain in narrative),Paved,,Property Damage Only,0,0,0,0,0,0,5000,1,1,,POINT (-91.68346473277 41.929871078419)
2014783871,013-14,02/01/2014,02-February,7-Saturday,08:00,0800 Hours,District 4 (Southwest),,MADISON,,Co Rd P71/CLARK TOWER RD & MILLSTREAM AVE,Collision with fixed object:  Culvert/pipe opening,Outside trafficway,Non-collision (single vehicle),Driving too fast for conditions,None Indicated,,Daylight,Snow,Snow,"Surface condition (e.g., wet, icy)",Intersection:  T-intersection,Paved,,Property Damage Only,0,0,0,0,0,0,6000,1,1,,POINT (-94.004033574481 41.304901084506)
2014784888,,02/01/2014,02-February,7-Saturday,10:50,1000 Hours,District 2 (Northeast),,BUTLER,,Co Rd T63/WILLOW AVE,Collision with:  Vehicle in traffic,On Roadway,Rear-end (front to rear),Driving too fast for conditions,None Indicated,,Daylight,Snow,Snow,"Surface condition (e.g., wet, icy)",Non-intersection:  Non-junction/no special feature,Paved,,Property Damage Only,0,0,0,0,0,0,4500,2,2,,POINT (-92.593751217804 42.687507682877)
2014783100,14-1194,02/01/2014,02-February,7-Saturday,00:45,0000 Hours,District 3 (Northwest),,SIOUX,IA 60,IA 60/IOWA 60,Collision with:  Animal,,,Animal,None Indicated,,,,,,,Paved,,Property Damage Only,0,0,0,0,0,0,4000,1,1,,POINT (-95.876362326636 43.149981597766)
2014784941,W14-013838,02/01/2014,02-February,7-Saturday,13:00,1300 Hours,District 2 (Northeast),WATERLOO,BLACK HAWK,US 218,US 218,Collision with:  Vehicle in traffic,On Roadway,Rear-end (front to rear),Followed too close,None Indicated,,Daylight,Dry,Clear,None apparent,Non-intersection:  Non-junction/no special feature,Paved,,Property Damage Only,0,0,0,0,0,0,2500,2,3,,POINT (-92.337982183921 42.490252163913)
2014784063,2014007575,02/01/2014,02-February,7-Saturday,09:35,0900 Hours,District 1 (Central),,STORY,I-35,I-35,Non-collision events:  Other non-collision (explain in narrative),On Roadway,Non-collision (single vehicle),Driving too fast for conditions,None Indicated,,Daylight,Ice/frost,Snow,"Surface condition (e.g., wet, icy)",Non-intersection:  Non-junction/no special feature,Paved,,Property Damage Only,0,0,0,0,0,0,6500,1,1,,POINT (-93.571266850013 41.871653819469)
2014782829,14-0570,02/01/2014,02-February,7-Saturday,18:05,1800 Hours,District 1 (Central),WEST DES MOINES,POLK,,31ST ST,Collision with fixed object:  Utility pole/light support,Outside trafficway,Non-collision (single vehicle),Other (explain in narrative):  Other,None Indicated,,Dark - roadway lighted,Snow,Cloudy,"Surface condition (e.g., wet, icy)",Non-intersection:  Non-junction/no special feature,Paved,,Property Damage Only,0,0,0,0,0,0,2000,1,1,,POINT (-93.746131353222 41.580733205193)
2014783462,2014007589,02/01/2014,02-February,7-Saturday,10:31,1000 Hours,District 1 (Central),,POLK,I-80,I-80,Collision with fixed object:  Other fixed object (explain in narrative),Median,Non-collision (single vehicle),Crossed centerline (undivided),None Indicated,,Daylight,Snow,Snow,"Surface condition (e.g., wet, icy)",Non-intersection:  Non-junction/no special feature,Paved,,Property Damage Only,0,0,0,0,0,0,4500,1,1,,POINT (-93.434647993386 41.673458731036)
2014782664,01-14-4629,02/01/2014,02-February,7-Saturday,09:39,0900 Hours,District 6 (East Central),DUBUQUE,DUBUQUE,US 52,US 52/CENTRAL AVE/E 9TH ST & W 9TH ST,Collision with:  Vehicle in traffic,On Roadway,Broadside (front to side),Ran Traffic Signal,None Indicated,,Daylight,Snow,Cloudy,None apparent,Intersection:  Other intersection (explain in narrative),Paved,,Property Damage Only,0,0,0,0,0,0,3500,2,2,,POINT (-90.66554359679 42.502279592739)
2014782602,14-150,02/01/2014,02-February,7-Saturday,11:55,1100 Hours,District 3 (Northwest),SPIRIT LAKE,DICKINSON,,20TH ST & LINCOLN AVE,Collision with:  Vehicle in traffic,On Roadway,Broadside (front to side),FTYROW:  From stop sign,None Indicated,,Daylight,Snow,Clear,"Surface condition (e.g., wet, icy)",Intersection:  Four-way intersection,Paved,,Property Damage Only,0,0,0,0,0,0,1750,2,2,,POINT (-95.107265559305 43.42086000375)
2014783501,S14-010542,02/01/2014,02-February,7-Saturday,09:25,0900 Hours,District 2 (Northeast),,BLACK HAWK,US 63,US 63/HUDSON RD,Collision with:  Animal,,,Animal,None Indicated,,,,,,,Paved,,Property Damage Only,0,0,0,0,0,0,4500,1,1,,POINT (-92.455997196399 42.330782745342)
2014786380,2014-7183,02/01/2014,02-February,7-Saturday,17:18,1700 Hours,District 6 (East Central),DAVENPORT,SCOTT,,W 4TH ST,Collision with:  Vehicle in traffic,On Roadway,Rear-end (front to rear),Followed too close,None Indicated,,Daylight,Wet,Cloudy,"Surface condition (e.g., wet, icy)",Non-intersection:  Non-junction/no special feature,Paved,,Property Damage Only,0,0,0,0,0,0,4500,2,3,,POINT (-90.581883700004 41.523522726512)
2014782869,14-0305,02/01/2014,02-February,7-Saturday,07:59,0700 Hours,District 1 (Central),FORT DODGE,WEBSTER,,N 32ND ST,Collision with fixed object:  Traffic sign support,On Roadway,Non-collision (single vehicle),Driving too fast for conditions,None Indicated,,Daylight,Snow,Snow,"Surface condition (e.g., wet, icy)",Non-intersection:  Non-junction/no special feature,Paved,,Property Damage Only,0,0,0,0,0,0,1700,1,1,,POINT (-94.149574800726 42.51506382323)
2014782592,14-03597,02/01/2014,02-February,7-Saturday,16:27,1600 Hours,District 5 (Southeast),BURLINGTON,DES MOINES,,GOLF LN,Collision with:  Vehicle in traffic,On Roadway,"Sideswipe, opposite direction",Lost Control,None Indicated,,Daylight,Snow,Cloudy,"Surface condition (e.g., wet, icy)",Non-intersection:  Non-junction/no special feature,Paved,,Property Damage Only,0,0,0,0,0,0,1500,2,1,,POINT (-91.11768653563 40.834480192071)
2014785350,A14-005,02/01/2014,02-February,7-Saturday,17:24,1700 Hours,District 4 (Southwest),WINTERSET,MADISON,,W FILMORE ST & E FILMORE ST & N 1ST ST,Collision with:  Vehicle in traffic,On Roadway,Head-on (front to front),Other (explain in narrative):  Vision obstructed,None Indicated,,Dusk,Ice/frost,Cloudy,None apparent,Intersection:  Four-way intersection,Paved,,Property Damage Only,0,0,0,0,0,0,2350,2,3,,POINT (-94.013354614266 41.338300467318)
2014783014,14-000672,02/01/2014,02-February,7-Saturday,10:15,1000 Hours,District 3 (Northwest),,MONONA,,Co Rd L12/L12,Non-collision events:  Overturn/rollover,On Roadway,Non-collision (single vehicle),Swerving/Evasive Action,None Indicated,,Daylight,Snow,Clear,"Surface condition (e.g., wet, icy)",Non-intersection:  Non-junction/no special feature,Paved,,Property Damage Only,0,0,0,0,0,0,1500,1,2,,POINT (-95.984780054758 42.172452844033)
2014782530,14010533,02/01/2014,02-February,7-Saturday,08:40,0800 Hours,District 2 (Northeast),CEDAR FALLS,BLACK HAWK,,BLACK HAWK RD,Collision with:  Vehicle in traffic,On Roadway,Rear-end (front to rear),Other (explain in narrative):  Other,None Indicated,,Daylight,Snow,Snow,None apparent,Non-intersection:  Non-junction/no special feature,Paved,,Property Damage Only,0,0,0,0,0,0,2700,2,4,,POINT (-92.413811481647 42.476435830636)
2014787740,14-00902,02/01/2014,02-February,7-Saturday,05:25,0500 Hours,District 5 (Southeast),MOUNT PLEASANT,HENRY,,GRAND AVE & E MONROE ST,Collision with:  Vehicle in traffic,On Roadway,Broadside (front to side),Ran Stop Sign,None Indicated,,Dark - roadway lighted,Snow,Snow,None apparent,Intersection:  Four-way intersection,Paved,,Minor Injury,0,1,0,1,0,0,3500,2,2,,POINT (-91.539213053903 40.965151645297)
2014784268,14-060201-01,02/01/2014,02-February,7-Saturday,09:30,0900 Hours,District 6 (East Central),,IOWA,US 151,US 151/U AVE,Collision with fixed object:  Ditch,On Roadway,Non-collision (single vehicle),Crossed centerline (undivided),None Indicated,,Daylight,Snow,Snow,"Surface condition (e.g., wet, icy)",Non-intersection:  Non-junction/no special feature,Paved,,Property Damage Only,0,0,0,0,0,0,6000,1,1,,POINT (-91.909841736567 41.725448780056)
2014782842,14-004186,02/01/2014,02-February,7-Saturday,08:45,0800 Hours,District 4 (Southwest),COUNCIL BLUFFS,POTTAWATTAMIE,I-29,I-29,Non-collision events:  Other non-collision (explain in narrative),On Roadway,Non-collision (single vehicle),Ran off road - left,None Indicated,,Daylight,Ice/frost,Snow,"Surface condition (e.g., wet, icy)",Non-intersection:  Other non-intersection (explain in narrative),Paved,,Property Damage Only,0,0,0,0,0,0,8000,1,1,,POINT (-95.823384258977 41.206257691961)
2014784167,CL14000319,02/01/2014,02-February,7-Saturday,13:25,1300 Hours,District 6 (East Central),CLINTON,CLINTON,,18TH AVE N & N 6TH ST,Collision with:  Vehicle in traffic,On Roadway,Broadside (front to side),FTYROW:  From stop sign,None Indicated,,Daylight,Snow,Snow,"Surface condition (e.g., wet, icy)",Intersection:  Four-way intersection,Paved,,Property Damage Only,0,0,0,0,0,0,10000,2,2,,POINT (-90.188758332868 41.866150726503)
2014783590,201400316,02/01/2014,02-February,7-Saturday,12:10,1200 Hours,District 6 (East Central),CEDAR RAPIDS,LINN,,DEAN RD SW,Non-collision events:  Other non-collision (explain in narrative),On Roadway,Non-collision (single vehicle),Other (explain in narrative):  Other,None Indicated,,Daylight,Snow,Snow,"Surface condition (e.g., wet, icy)",Intersection:  Four-way intersection,Unpaved,,Property Damage Only,0,0,0,0,0,0,1500,2,2,,POINT (-91.748227636585 41.943105559374)
2014782702,C14000354,02/01/2014,02-February,7-Saturday,11:43,1100 Hours,District 6 (East Central),CORALVILLE,JOHNSON,US 6,US 6/2ND ST & CAMP CARDINAL BLVD & 22ND AVE,Collision with:  Vehicle in traffic,On Roadway,Rear-end (front to rear),Other (explain in narrative):  Other,None Indicated,,Daylight,Snow,Cloudy,"Surface condition (e.g., wet, icy)",Intersection:  Four-way intersection,Paved,,Property Damage Only,0,0,0,0,0,0,4100,3,5,,POINT (-91.595795483899 41.681698268838)
2014782790,20140002924,02/01/2014,02-February,7-Saturday,23:00,2300 Hours,District 1 (Central),DES MOINES,POLK,,FLEUR DR,Collision with:  Vehicle in traffic,On Roadway,"Angle, oncoming left turn",FTYROW:  At uncontrolled intersection,None Indicated,,Dark - roadway lighted,Dry,Clear,None apparent,Non-intersection:  Non-junction/no special feature,Paved,,Property Damage Only,0,0,0,0,0,0,4000,2,3,,POINT (-93.645003272148 41.552981088449)
2014783021,14000229,02/01/2014,02-February,7-Saturday,08:53,0800 Hours,District 3 (Northwest),,PLYMOUTH,,Co Rd C70/C70,Collision with fixed object:  Ditch,On Roadway,Non-collision (single vehicle),Ran off road - right,None Indicated,,Daylight,Ice/frost,Cloudy,"Surface condition (e.g., wet, icy)",Non-intersection:  Non-junction/no special feature,Paved,,Property Damage Only,0,0,0,0,0,0,2000,1,1,,POINT (-96.293150300326 42.57583744649)
2014783991,14-000459,02/01/2014,02-February,7-Saturday,00:56,0000 Hours,District 1 (Central),AMES,STORY,,UNIVERSITY BLVD & IOWA STATE UNIVERSITY & S 16TH ST,Collision with:  Vehicle in traffic,On Roadway,Broadside (front to side),Other (explain in narrative):  Other,None Indicated,,Dark - roadway lighted,Snow,Snow,"Surface condition (e.g., wet, icy)",Intersection:  Four-way intersection,Paved,,Property Damage Only,0,0,0,0,0,0,1500,2,4,,POINT (-93.633782218215 42.011497110753)
2014782656,01-14-4622,02/01/2014,02-February,7-Saturday,09:08,0900 Hours,District 6 (East Central),DUBUQUE,DUBUQUE,,W 10TH ST & LOCUST ST S,Collision with:  Vehicle in traffic,On Roadway,Broadside (front to side),Ran Traffic Signal,None Indicated,,Daylight,Snow,Snow,None apparent,Intersection:  Four-way intersection,Paved,,Property Damage Only,0,0,0,0,0,0,4000,2,2,,POINT (-90.669163717464 42.502128185375)
2014783724,S14-968,02/01/2014,02-February,7-Saturday,05:48,0500 Hours,District 3 (Northwest),,WOODBURY,US 20,US 20 & US 75 & IA 12/IOWA 12,Non-collision events:  Other non-collision (explain in narrative),On Roadway,Non-collision (single vehicle),Ran off road - right,None Indicated,,Dark - roadway lighted,Snow,Snow,"Surface condition (e.g., wet, icy)",Non-intersection:  Other non-intersection (explain in narrative),Paved,,Property Damage Only,0,0,0,0,0,0,4000,1,1,,POINT (-96.323831188064 42.47542367921)
2014783145,14-3196,02/01/2014,02-February,7-Saturday,12:21,1200 Hours,District 3 (Northwest),SIOUX CITY,WOODBURY,US 20,US 20/RAMP,Collision with:  Vehicle in traffic,On Roadway,Rear-end (front to rear),Followed too close,None Indicated,,Daylight,Dry,Cloudy,None apparent,Interchange-related:  Off-ramp,Paved,,Minor Injury,0,1,0,1,0,0,4200,3,8,,POINT (-96.348896703322 42.442519920174)
2014797983,14-0693PD,02/01/2014,02-February,7-Saturday,11:45,1100 Hours,District 1 (Central),BOONE,BOONE,,HANCOCK DR & S LINN ST,Collision with:  Vehicle in traffic,On Roadway,Broadside (front to side),FTYROW:  From stop sign,None Indicated,,Daylight,Snow,Cloudy,"Surface condition (e.g., wet, icy)",Intersection:  Four-way intersection,Paved,,Property Damage Only,0,0,0,0,0,0,2500,2,2,,POINT (-93.873830021319 42.045712564101)
2014782911,14010667,02/01/2014,02-February,7-Saturday,18:12,1800 Hours,District 2 (Northeast),CEDAR FALLS,BLACK HAWK,,HUDSON RD & 22ND ST,Collision with:  Vehicle in traffic,On Roadway,Broadside (front to side),FTYROW:  From stop sign,None Indicated,,Dark - roadway lighted,Dry,Clear,None apparent,Intersection:  Four-way intersection,Paved,,Property Damage Only,0,0,0,0,0,0,6400,2,3,,POINT (-92.465562453031 42.518178772863)
2014783352,2014-7135,02/01/2014,02-February,7-Saturday,12:24,1200 Hours,District 6 (East Central),DAVENPORT,SCOTT,,W CENTRAL PARK AVE,Collision with:  Vehicle in traffic,On Roadway,Rear-end (front to rear),Followed too close,None Indicated,,Daylight,Snow,Snow,"Surface condition (e.g., wet, icy)",Non-intersection:  Non-junction/no special feature,Paved,,Property Damage Only,0,0,0,0,0,0,9000,2,2,,POINT (-90.576340469653 41.545516717196)
2014786103,2014007645,02/01/2014,02-February,7-Saturday,17:30,1700 Hours,District 6 (East Central),,IOWA,I-80,I-80,Collision with fixed object:  Guardrail - face,Median,Non-collision (single vehicle),Ran off road - left,None Indicated,,Dusk,Wet,Clear,None apparent,Non-intersection:  Non-junction/no special feature,Paved,,Property Damage Only,0,0,0,0,0,0,3800,1,2,,POINT (-92.120197595416 41.693574869244)
2014783170,14-1099,02/01/2014,02-February,7-Saturday,15:15,1500 Hours,District 3 (Northwest),SAC CITY,SAC,,INGERSOLL ST,Collision with fixed object:  Utility pole/light support,Outside trafficway,Non-collision (single vehicle),Ran off road - left,None Indicated,,Daylight,Snow,Cloudy,"Surface condition (e.g., wet, icy)",Non-intersection:  Non-junction/no special feature,Paved,,Property Damage Only,0,0,0,0,0,0,3500,1,1,,POINT (-94.999160999118 42.427888119782)
2014782937,14001607,02/01/2014,02-February,7-Saturday,17:39,1700 Hours,District 2 (Northeast),MASON CITY,CERRO GORDO,US 65,US 65/S DELAWARE AVE,Collision with:  Vehicle in traffic,On Roadway,Rear-end (front to rear),Other (explain in narrative):  Other,None Indicated,,Dusk,Snow,Cloudy,"Surface condition (e.g., wet, icy)",Non-intersection:  Non-junction/no special feature,Paved,,Property Damage Only,0,0,0,0,0,0,2000,2,2,,POINT (-93.199426634791 43.151291656194)
2014783136,201400005378,02/01/2014,02-February,7-Saturday,20:44,2000 Hours,District 5 (Southeast),OTTUMWA,WAPELLO,,S WARD ST,Collision with fixed object:  Ditch,On Roadway,Non-collision (single vehicle),Driving too fast for conditions,None Indicated,,Dark - roadway lighted,Snow,Clear,None apparent,Non-intersection:  Non-junction/no special feature,Paved,,Property Damage Only,0,0,0,0,0,0,3000,1,1,,POINT (-92.423503832014 40.993621399905)
2014782848,14-004253,02/01/2014,02-February,7-Saturday,18:45,1800 Hours,District 4 (Southwest),COUNCIL BLUFFS,POTTAWATTAMIE,,6TH AVE & S 12TH ST,Non-collision events:  Other non-collision (explain in narrative),On Roadway,Non-collision (single vehicle),Unknown,None Indicated,,Dark - roadway not lighted,Dry,Clear,None apparent,Non-intersection:  Railroad grade crossing,Paved,,Property Damage Only,0,0,0,0,0,0,3500,1,1,,POINT (-95.861803503437 41.256158662435)
2014783349,2014-7073,02/01/2014,02-February,7-Saturday,02:59,0200 Hours,District 6 (East Central),DAVENPORT,SCOTT,,W 3RD ST,Collision with fixed object:  Other fixed object (explain in narrative),On Roadway,Non-collision (single vehicle),Ran off road - straight,None Indicated,,Dark - roadway lighted,Snow,Snow,None apparent,Intersection:  T-intersection,Paved,,Property Damage Only,0,0,0,0,0,0,11000,1,2,,POINT (-90.610859440681 41.522291361464)
2014783005,14-001234,02/01/2014,02-February,7-Saturday,13:44,1300 Hours,District 4 (Southwest),,MILLS,,237TH ST,Collision with fixed object:  Ditch,On Roadway,Non-collision (single vehicle),Driving too fast for conditions,None Indicated,,Daylight,Snow,Cloudy,"Surface condition (e.g., wet, icy)",Non-intersection:  Non-junction/no special feature,Unpaved,,Possible/Unknown,0,1,0,0,0,1,3600,1,1,,POINT (-95.73320133927 41.074056209819)
2014784261,14-001634,02/01/2014,02-February,7-Saturday,14:07,1400 Hours,District 5 (Southeast),,HENRY,US 218,US 218,Collision with:  Animal,,,Animal,None Indicated,,,,,,,Paved,,Property Damage Only,0,0,0,0,0,0,2500,1,1,,POINT (-91.548780182961 41.031777323627)
2014782768,E201400208,02/01/2014,02-February,7-Saturday,14:06,1400 Hours,District 3 (Northwest),EMMETSBURG,PALO ALTO,IA 4,IA 4/BROADWAY ST,Collision with:  Vehicle in traffic,On Roadway,"Sideswipe, same direction",FTYROW:  Other (explain in narrative),None Indicated,,Daylight,Dry,Clear,None apparent,Non-intersection:  Non-junction/no special feature,Paved,,Property Damage Only,0,0,0,0,0,0,2750,2,6,,POINT (-94.678873866596 43.111439615214)
2014782823,14-0565,02/01/2014,02-February,7-Saturday,14:37,1400 Hours,District 4 (Southwest),WEST DES MOINES,DALLAS,,JORDAN CREEK PKWY,Collision with:  Vehicle in traffic,On Roadway,Rear-end (front to rear),Other (explain in narrative):  Other,None Indicated,,Daylight,Wet,Cloudy,"Surface condition (e.g., wet, icy)",Intersection:  Four-way intersection,Paved,,Possible/Unknown,0,1,0,0,1,0,6000,3,4,,POINT (-93.809090872643 41.582946494065)
2014783143,14-3184,02/01/2014,02-February,7-Saturday,08:51,0800 Hours,District 3 (Northwest),SIOUX CITY,WOODBURY,I-29,I-29,Collision with fixed object:  Guardrail - face,On Roadway,Non-collision (single vehicle),Driving too fast for conditions,None Indicated,,Daylight,Slush,Cloudy,"Surface condition (e.g., wet, icy)",Non-intersection:  Other non-intersection (explain in narrative),Paved,,Property Damage Only,0,0,0,0,0,0,5500,1,1,,POINT (-96.365595665644 42.411099534685)
2014782729,14-503,02/01/2014,02-February,7-Saturday,12:40,1200 Hours,District 6 (East Central),HIAWATHA,LINN,,BLAIRS FERRY RD NE,Collision with fixed object:  Utility pole/light support,Roadside,Non-collision (single vehicle),Ran off road - right,None Indicated,,Daylight,Ice/frost,Snow,"Surface condition (e.g., wet, icy)",Non-intersection:  Non-junction/no special feature,Paved,,Property Damage Only,0,0,0,0,0,0,5000,1,1,,POINT (-91.673655104647 42.034737197759)
2014782813,20140002885,02/01/2014,02-February,7-Saturday,12:48,1200 Hours,District 1 (Central),DES MOINES,POLK,,DES MOINES ST,Collision with:  Vehicle in traffic,On Roadway,"Sideswipe, same direction",Other (explain in narrative):  No improper action,None Indicated,,Daylight,Snow,Cloudy,"Surface condition (e.g., wet, icy)",Non-intersection:  Driveway access (within),Paved,,Property Damage Only,0,0,0,0,0,0,3600,2,5,,POINT (-93.588931211784 41.59636375978)
2014782700,14-002632,02/01/2014,02-February,7-Saturday,16:50,1600 Hours,District 1 (Central),,JASPER,,E 124TH ST S & S 68TH AVE E,Collision with fixed object:  Ditch,On Roadway,Non-collision (single vehicle),Ran Stop Sign,None Indicated,,Daylight,Snow,Cloudy,None apparent,Intersection:  Four-way intersection,Paved,,Minor Injury,0,3,0,1,2,0,6000,2,6,,POINT (-92.843734884696 41.616104792927)