Iowa DOT Case Number,Law Enforcement Case Number,Date of Crash,Month of Crash,Day of Week,Time of Crash,Hour,DOT District,City Name,County Name,Route with System,Location Description,First Harmful Event,Location of First Harmful Event,Manner of Crash/Collision,Major Cause,Drug or Alcohol ,Environmental Conditions,Light Conditions,Surface Conditions,Weather Conditions,Roadway Contribution,Roadway Type,Roadway Surface,Work Zone,Crash Severity,Number of Fatalities,Number of Injuries,Number of Major Injuries,Number of Minor Injuries,Number of Possible Injuries,Number of Unknown Injuries,Amount of Property Damage,Number of Vehicles Involved,Total Number of Occupants,Travel Direction,Location
2014782587,14-03656,02/02/2014,02-February,1-Sunday,03:33,0300 Hours,District 5 (Southeast),BURLINGTON,DES MOINES,,MAIN ST,Collision with fixed object:  Traffic sign support,On Roadway,Non-collision (single vehicle),Ran off road - right,Alcohol (< Statutory),,Dark - roadway lighted,Slush,Cloudy,None apparent,Non-intersection:  Non-junction/no special feature,Paved,,Property Damage Only,0,0,0,0,0,0,1750,1,1,,POINT (-91.100510520955 40.799680697821)
2014782754,2014000970,02/02/2014,02-February,1-Sunday,18:45,1800 Hours,District 1 (Central),MARSHALLTOWN,MARSHALL,,W MADISON ST & S 3RD ST,Collision with:  Vehicle in traffic,On Roadway,Broadside (front to side),Ran Stop Sign,None Indicated,,Dark - roadway lighted,Dry,Clear,None apparent,Intersection:  Four-way intersection,Paved,,Property Damage Only,0,0,0,0,0,0,6000,2,3,,POINT (-92.917848590469 42.043020286728)
2014785662,2014-02143,02/02/2014,02-February,1-Sunday,17:20,1700 Hours,District 5 (Southeast),INDIANOLA,WARREN,,W FRANKLIN AVE & E FRANKLIN AVE & N HOWARD ST,Collision with:  Vehicle in traffic,On Roadway,Broadside (front to side),Ran Stop Sign,None Indicated,,Daylight,Dry,Cloudy,None apparent,Intersection:  Four-way intersection,Paved,,Property Damage Only,0,0,0,0,0,0,2400,2,2,,POINT (-93.560954958162 41.366462922634)
2014783357,2014-7348,02/02/2014,02-February,1-Sunday,11:32,1100 Hours,District 6 (East Central),DAVENPORT,SCOTT,US 6,US 6/W KIMBERLY RD,Collision with:  Vehicle in traffic,On Roadway,"Angle, oncoming left turn",FTYROW:  Making left turn,None Indicated,,Daylight,Wet,Cloudy,None apparent,Non-intersection:  Driveway access (within),Paved,,Property Damage Only,0,0,0,0,0,0,12000,2,2,,POINT (-90.608352031844 41.560084238373)
2014783491,,02/02/2014,02-February,1-Sunday,10:42,1000 Hours,District 2 (Northeast),NEW HAMPTON,CHICKASAW,IA 24,IA 24/N LINN AVE & W PROSPECT ST,Collision with:  Vehicle in traffic,On Roadway,Broadside (front to side),Unknown,None Indicated,,Daylight,Ice/frost,Clear,None apparent,Intersection:  Four-way intersection,Paved,,Property Damage Only,0,0,0,0,0,0,5500,2,3,,POINT (-92.31782184186 43.060193439233)
2014794205,,02/02/2014,02-February,1-Sunday,23:05,2300 Hours,District 2 (Northeast),,WINNESHIEK,,Co Rd A6W/RIVER RD,Collision with fixed object:  Ditch,On Roadway,Non-collision (single vehicle),Ran off road - left,None Indicated,,Dark - roadway not lighted,Ice/frost,Snow,"Surface condition (e.g., wet, icy)",Non-intersection:  Non-junction/no special feature,Unpaved,,Property Damage Only,0,0,0,0,0,0,2500,1,1,,POINT (-91.647867952824 43.360583873543)
2014798703,S14-B0201,02/02/2014,02-February,1-Sunday,00:56,0000 Hours,District 5 (Southeast),OSCEOLA,CLARKE,US 69,US 69,Collision with fixed object:  Ditch,Outside trafficway,Non-collision (single vehicle),Ran off road - right,Alcohol (Statutory),,Dark - roadway lighted,Snow,Clear,"Surface condition (e.g., wet, icy)",Non-intersection:  Non-junction/no special feature,Paved,,Property Damage Only,0,0,0,0,0,0,2500,1,1,,POINT (-93.762922556803 41.016725111938)
2014783420,14HPD0009,02/02/2014,02-February,1-Sunday,07:30,0700 Hours,District 3 (Northwest),HAWARDEN,SIOUX,,15TH ST,Collision with:  Parked motor vehicle,On Roadway,Rear-end (front to rear),Improper Backing,None Indicated,,Dawn,Ice/frost,Cloudy,None apparent,Non-intersection:  Non-junction/no special feature,Paved,,Property Damage Only,0,0,0,0,0,0,1800,2,1,,POINT (-96.47966608325 43.002877065338)
2014782801,20140002958,02/02/2014,02-February,1-Sunday,12:18,1200 Hours,District 1 (Central),DES MOINES,POLK,US 69,US 69/SE 14TH ST & E RAILROAD AVE,Collision with:  Vehicle in traffic,On Roadway,Rear-end (front to rear),"Operating vehicle in an reckless, erratic, careless, negligent manner",None Indicated,,Daylight,Dry,Cloudy,None apparent,Non-intersection:  Non-junction/no special feature,Paved,,Possible/Unknown,0,2,0,0,2,0,21000,3,7,,POINT (-93.596881764793 41.578902721433)
2014795486,14-2706,02/02/2014,02-February,1-Sunday,14:30,1400 Hours,District 1 (Central),NEWTON,JASPER,,N 2ND AVE E,Collision with:  Vehicle in traffic,On Roadway,"Sideswipe, same direction",Other (explain in narrative):  Other,None Indicated,,Daylight,Snow,Clear,None apparent,Non-intersection:  Non-junction/no special feature,Paved,,Property Damage Only,0,0,0,0,0,0,9000,3,1,,POINT (-93.046968465839 41.700553874993)
2014785199,14-001501,02/02/2014,02-February,1-Sunday,16:00,1600 Hours,District 6 (East Central),TIPTON,CEDAR,,10TH ST & LYNN ST,Collision with:  Vehicle in traffic,On Roadway,Broadside (front to side),FTYROW:  From yield sign,None Indicated,,Daylight,Snow,Clear,None apparent,Intersection:  Four-way intersection,Paved,,Property Damage Only,0,0,0,0,0,0,7000,2,2,,POINT (-91.12978478806 41.77514792058)
2014782797,20140002970,02/02/2014,02-February,1-Sunday,17:36,1700 Hours,District 1 (Central),DES MOINES,POLK,,INGERSOLL AVE & 31ST ST,Collision with:  Vehicle in traffic,On Roadway,"Angle, oncoming left turn",FTYROW:  Making left turn,None Indicated,,Dark - roadway lighted,Dry,Cloudy,None apparent,Intersection:  Four-way intersection,Paved,,Property Damage Only,0,0,0,0,0,0,8000,2,3,,POINT (-93.659334171424 41.586163666083)
2014783612,2014000957,02/02/2014,02-February,1-Sunday,13:00,1300 Hours,District 1 (Central),MARSHALLTOWN,MARSHALL,,FREMONT ST,Collision with fixed object:  Tree,On Roadway,Non-collision (single vehicle),Driving too fast for conditions,None Indicated,,Daylight,Snow,Clear,"Surface condition (e.g., wet, icy)",Non-intersection:  Non-junction/no special feature,Paved,,Possible/Unknown,0,1,0,0,1,0,4000,1,2,,POINT (-92.929801219771 42.051566468713)
2014783355,2014-7284,02/02/2014,02-February,1-Sunday,02:09,0200 Hours,District 6 (East Central),DAVENPORT,SCOTT,,W 17TH ST,Collision with:  Parked motor vehicle,On Roadway,"Sideswipe, opposite direction",Lost Control,Alcohol (Statutory),,Dark - roadway lighted,Snow,Clear,None apparent,Non-intersection:  Non-junction/no special feature,Paved,,Property Damage Only,0,0,0,0,0,0,9500,3,3,,POINT (-90.583987077484 41.537202687264)
2014783337,14-2003,02/02/2014,02-February,1-Sunday,13:23,1300 Hours,District 6 (East Central),BETTENDORF,SCOTT,,MIDDLE RD,Collision with:  Vehicle in traffic,On Roadway,Rear-end (front to rear),Driver Distraction:  Manual operation of an electronic communication device,None Indicated,,Daylight,Slush,Clear,None apparent,Non-intersection:  Non-junction/no special feature,Paved,,Property Damage Only,0,0,0,0,0,0,4000,2,2,,POINT (-90.485310490826 41.550820015683)
2014782704,C14000369,02/02/2014,02-February,1-Sunday,21:20,2100 Hours,District 6 (East Central),CORALVILLE,JOHNSON,,OAKDALE BLVD & 1ST AVE,Collision with:  Vehicle in traffic,On Roadway,Broadside (front to side),FTYROW:  From stop sign,None Indicated,,Dark - roadway not lighted,Dry,Cloudy,None apparent,Intersection:  Four-way intersection,Paved,,Property Damage Only,0,0,0,0,0,0,12000,2,6,,POINT (-91.562712796975 41.70141947775)
2014784682,,02/02/2014,02-February,1-Sunday,11:43,1100 Hours,District 2 (Northeast),CHARLES CITY,FLOYD,,8TH AVE & D ST,Collision with:  Vehicle in traffic,On Roadway,Broadside (front to side),FTYROW:  At uncontrolled intersection,None Indicated,,Daylight,Snow,Clear,None apparent,Intersection:  Four-way intersection,Paved,,Property Damage Only,0,0,0,0,0,0,8500,2,2,,POINT (-92.667926633413 43.070038472101)
2014785635,2014-7395,02/02/2014,02-February,1-Sunday,17:42,1700 Hours,District 6 (East Central),DAVENPORT,SCOTT,US 67,US 67/E RIVER DR,Non-collision events:  Other non-collision (explain in narrative),On Roadway,Non-collision (single vehicle),Lost Control,None Indicated,,Dark - roadway lighted,Dry,Cloudy,None apparent,Non-intersection:  Non-junction/no special feature,Paved,,Property Damage Only,0,0,0,0,0,0,3000,1,1,,POINT (-90.560640661021 41.525613646664)
2014782794,20140002948,02/02/2014,02-February,1-Sunday,08:30,0800 Hours,District 1 (Central),DES MOINES,POLK,US 69,US 69/SE 14TH ST,Unknown,On Roadway,Non-collision (single vehicle),Other (explain in narrative):  No improper action,None Indicated,,Daylight,Dry,Clear,None apparent,Non-intersection:  Non-junction/no special feature,Paved,,Property Damage Only,0,0,0,0,0,0,2000,1,1,,POINT (-93.581650394366 41.513731724435)
2014783472,2014007764,02/02/2014,02-February,1-Sunday,18:40,1800 Hours,District 4 (Southwest),,FREMONT,I-29,I-29,Collision with:  Animal,On Roadway,Non-collision (single vehicle),Animal,None Indicated,,Dark - roadway not lighted,Dry,Cloudy,None apparent,Non-intersection:  Non-junction/no special feature,Paved,,Minor Injury,0,1,0,1,0,0,40000,1,2,,POINT (-95.806594767697 40.827540513171)
2014782830,14-0579,02/02/2014,02-February,1-Sunday,01:36,0100 Hours,District 1 (Central),WEST DES MOINES,POLK,,MILLS CIVIC PKWY,Collision with:  Vehicle in traffic,On Roadway,Rear-end (front to rear),Driving too fast for conditions,Alcohol (Statutory),,Dark - roadway lighted,Dry,Clear,None apparent,Non-intersection:  Other non-intersection (explain in narrative),Paved,,Minor Injury,0,1,0,1,0,0,3000,2,3,,POINT (-93.776990914342 41.559163613416)
2014782756,14000000573,02/02/2014,02-February,1-Sunday,01:30,0100 Hours,District 2 (Northeast),,MITCHELL,,INDIGO AVE,Non-collision events:  Overturn/rollover,Shoulder,Non-collision (single vehicle),Driving too fast for conditions,None Indicated,,Dark - roadway not lighted,Snow,Clear,None apparent,Non-intersection:  Non-junction/no special feature,Unpaved,,Property Damage Only,0,0,0,0,0,0,2400,1,1,,POINT (-92.856805097936 43.329606051404)
2014782784,14-0137,02/02/2014,02-February,1-Sunday,15:21,1500 Hours,District 1 (Central),CLIVE,POLK,,UNIVERSITY AVE,Collision with:  Vehicle in traffic,On Roadway,"Sideswipe, same direction",FTYROW:  Other (explain in narrative),None Indicated,,Daylight,Dry,Clear,None apparent,Non-intersection:  Non-junction/no special feature,Paved,,Property Damage Only,0,0,0,0,0,0,7500,2,4,,POINT (-93.778866050435 41.600458074202)
2014783997,14020024,02/02/2014,02-February,1-Sunday,13:29,1300 Hours,District 5 (Southeast),,WAPELLO,,Co Rd V17/LAKE RD,Collision with:  Vehicle in traffic,On Roadway,"Sideswipe, same direction",Made improper turn,None Indicated,,Daylight,Dry,Clear,None apparent,Non-intersection:  Non-junction/no special feature,Paved,,Property Damage Only,0,0,0,0,0,0,3000,2,2,,POINT (-92.47437098434 40.960011669825)
2014783064,14-000139,02/02/2014,02-February,1-Sunday,21:59,2100 Hours,District 1 (Central),JOHNSTON,POLK,,NW BEAVER DR,Collision with:  Vehicle in traffic,Shoulder,Head-on (front to front),Crossed centerline (undivided),Drug,,Dark - roadway lighted,Dry,Clear,None apparent,Non-intersection:  Non-junction/no special feature,Paved,,Possible/Unknown,0,1,0,0,1,0,9500,2,2,,POINT (-93.683212278268 41.666107085167)
2014783490,,02/02/2014,02-February,1-Sunday,11:31,1100 Hours,District 2 (Northeast),NEW HAMPTON,CHICKASAW,,E WASHINGTON ST & N PLEASANT HILL AVE,Collision with:  Vehicle in traffic,On Roadway,Broadside (front to side),Driving too fast for conditions,None Indicated,,Daylight,Ice/frost,Clear,"Surface condition (e.g., wet, icy)",Intersection:  T-intersection,Paved,,Property Damage Only,0,0,0,0,0,0,8500,2,2,,POINT (-92.308702324826 43.063029300787)
2014785685,2014007743,02/02/2014,02-February,1-Sunday,15:30,1500 Hours,District 1 (Central),,POLK,I-35,I-35,Collision with fixed object:  Traffic sign support,Gore,Non-collision (single vehicle),Swerving/Evasive Action,None Indicated,,Daylight,Dry,Clear,None apparent,Non-intersection:  Non-junction/no special feature,Paved,,Property Damage Only,0,0,0,0,0,0,4500,1,3,,POINT (-93.577635506234 41.653688864576)
2014782661,01-14-4828,02/02/2014,02-February,1-Sunday,21:06,2100 Hours,District 6 (East Central),DUBUQUE,DUBUQUE,,E 16TH ST & JACKSON ST,Collision with:  Vehicle in traffic,On Roadway,Broadside (front to side),FTYROW:  From stop sign,None Indicated,,Dark - roadway lighted,Dry,Clear,None apparent,Intersection:  Four-way intersection,Paved,,Property Damage Only,0,0,0,0,0,0,3000,2,2,,POINT (-90.666648261428 42.508569727182)
2014782571,020214-46,02/02/2014,02-February,1-Sunday,02:40,0200 Hours,District 3 (Northwest),STORM LAKE,BUENA VISTA,,LAKE AVE,Collision with:  Vehicle in traffic,On Roadway,"Sideswipe, same direction",Improper Backing,Alcohol (Statutory),,Dark - roadway lighted,Dry,Clear,None apparent,Non-intersection:  Non-junction/no special feature,Paved,,Property Damage Only,0,0,0,0,0,0,2000,2,7,,POINT (-95.200806493833 42.645028103904)
2014782558,W14-010874,02/02/2014,02-February,1-Sunday,09:01,0900 Hours,District 2 (Northeast),WATERLOO,BLACK HAWK,,E SAN MARNAN DR,Collision with:  Vehicle in traffic,On Roadway,"Sideswipe, same direction",Other (explain in narrative):  No improper action,None Indicated,,Daylight,Dry,Clear,None apparent,Non-intersection:  Non-junction/no special feature,Paved,,Possible/Unknown,0,1,0,0,1,0,3500,2,2,,POINT (-92.319701169626 42.468152807946)
2014783471,2014007759,02/02/2014,02-February,1-Sunday,18:40,1800 Hours,District 4 (Southwest),,FREMONT,I-29,I-29,Collision with:  Animal,On Roadway,Rear-end (front to rear),Animal,None Indicated,,Dark - roadway not lighted,Dry,Cloudy,None apparent,Non-intersection:  Non-junction/no special feature,Paved,,Possible/Unknown,0,1,0,0,1,0,27000,2,2,,POINT (-95.80658626265 40.827900997359)
2014899582,NT-14-020,02/02/2014,02-February,1-Sunday,01:00,0100 Hours,District 1 (Central),NEVADA,STORY,US 30,US 30,Collision with:  Vehicle in traffic,On Roadway,Non-collision (single vehicle),Other (explain in narrative):  No improper action,None Indicated,,Dark - roadway not lighted,Dry,Clear,None apparent,Non-intersection:  Non-junction/no special feature,Paved,,Property Damage Only,0,0,0,0,0,0,3000,1,1,,POINT (-93.449313840251 42.005396277424)
2014783221,14000906,02/02/2014,02-February,1-Sunday,14:27,1400 Hours,District 6 (East Central),MANCHESTER,DELAWARE,,W MARION ST & S 1ST ST,Collision with:  Vehicle in traffic,On Roadway,"Angle, oncoming left turn",FTYROW:  Making left turn,None Indicated,,Daylight,Wet,Clear,None apparent,Intersection:  T-intersection,Paved,,Property Damage Only,0,0,0,0,0,0,6000,2,3,,POINT (-91.459454609904 42.482160747835)
2014783382,2014-7387,02/02/2014,02-February,1-Sunday,16:57,1600 Hours,District 6 (East Central),DAVENPORT,SCOTT,,W 35TH ST & N DIVISION ST,Collision with:  Vehicle in traffic,On Roadway,Rear-end (front to rear),Followed too close,None Indicated,,Daylight,Snow,Snow,None apparent,Non-intersection:  Non-junction/no special feature,Paved,,Property Damage Only,0,0,0,0,0,0,4500,2,2,,POINT (-90.600723947903 41.555593154835)
2014785686,2014007921,02/03/2014,02-February,2-Monday,15:19,1500 Hours,District 5 (Southeast),,LEE,US 218,US 218,Collision with:  Vehicle in traffic,On Roadway,Rear-end (front to rear),Swerving/Evasive Action,None Indicated,,Daylight,Dry,Cloudy,None apparent,Non-intersection:  Non-junction/no special feature,Paved,,Major Injury,0,2,1,0,1,0,50000,2,2,,POINT (-91.564476355347 40.803748240174)
2014783028,14-000502,02/03/2014,02-February,2-Monday,16:55,1600 Hours,District 1 (Central),ANKENY,POLK,,NE 9TH ST & NE GRANT ST,Collision with:  Vehicle in traffic,On Roadway,Broadside (front to side),Ran Stop Sign,None Indicated,,Daylight,Dry,Clear,None apparent,Intersection:  Other intersection (explain in narrative),Paved,,Property Damage Only,0,0,0,0,0,0,10000,2,3,,POINT (-93.598539429535 41.738689888524)
2014783762,,02/03/2014,02-February,2-Monday,13:37,1300 Hours,District 4 (Southwest),,AUDUBON,US 71,US 71,Non-collision events:  Overturn/rollover,On Roadway,Non-collision (single vehicle),Crossed centerline (undivided),None Indicated,,Daylight,Dry,Cloudy,None apparent,Non-intersection:  Non-junction/no special feature,Paved,,Possible/Unknown,0,1,0,0,1,0,3000,1,1,,POINT (-94.930080810373 41.533735081011)
2014783699,14-000506,02/03/2014,02-February,2-Monday,14:32,1400 Hours,District 1 (Central),AMES,STORY,US 69,US 69/GRAND AVE & 16TH ST,Collision with:  Vehicle in traffic,On Roadway,Broadside (front to side),FTYROW:  From stop sign,None Indicated,,Daylight,Dry,Clear,None apparent,Intersection:  Four-way intersection,Paved,,Property Damage Only,0,0,0,0,0,0,4000,2,2,,POINT (-93.620420382032 42.038328637246)
2014783004,2014001002,02/03/2014,02-February,2-Monday,15:40,1500 Hours,District 1 (Central),MARSHALLTOWN,MARSHALL,,S 7TH AVE,Collision with:  Vehicle in traffic,On Roadway,Rear-end (front to rear),Unknown,None Indicated,,Daylight,Snow,Cloudy,"Surface condition (e.g., wet, icy)",Intersection:  Four-way intersection,Paved,,Property Damage Only,0,0,0,0,0,0,4000,2,2,,POINT (-92.901283939554 42.03459506608)
2014782964,01-14-4881,02/03/2014,02-February,2-Monday,10:10,1000 Hours,District 6 (East Central),DUBUQUE,DUBUQUE,,E 14TH ST & ELM ST,Collision with:  Vehicle in traffic,On Roadway,Broadside (front to side),Ran Traffic Signal,None Indicated,,Daylight,Dry,Clear,None apparent,Intersection:  Four-way intersection,Paved,,Property Damage Only,0,0,0,0,0,0,4000,2,3,,POINT (-90.663790920856 42.507511907862)
2014783697,14-000501,02/03/2014,02-February,2-Monday,07:42,0700 Hours,District 1 (Central),AMES,STORY,,S 3RD ST,Collision with:  Vehicle in traffic,On Roadway,Rear-end (front to rear),Other (explain in narrative):  Other,None Indicated,,Daylight,Dry,Clear,None apparent,Intersection:  T-intersection,Paved,,Property Damage Only,0,0,0,0,0,0,3350,2,2,,POINT (-93.613733895261 42.020207346441)
2014783277,14002561,02/03/2014,02-February,2-Monday,20:19,2000 Hours,District 5 (Southeast),OSKALOOSA,MAHASKA,,2ND AVE E & S 3RD ST,Collision with:  Vehicle in traffic,On Roadway,Broadside (front to side),Ran Stop Sign,None Indicated,,Dark - roadway not lighted,Slush,Clear,None apparent,Intersection:  Four-way intersection,Paved,,Property Damage Only,0,0,0,0,0,0,2200,2,2,,POINT (-92.641479298818 41.293534622055)
2014786658,14-0140,02/03/2014,02-February,2-Monday,15:40,1500 Hours,District 4 (Southwest),CLIVE,DALLAS,,UNIVERSITY AVE,Collision with:  Vehicle in traffic,On Roadway,Rear-end (front to rear),Followed too close,None Indicated,,Daylight,Dry,Clear,None apparent,Non-intersection:  Non-junction/no special feature,Paved,,Property Damage Only,0,0,0,0,0,0,6500,3,3,,POINT (-93.811469653623 41.600466749111)
2014782997,14-0536,02/03/2014,02-February,2-Monday,15:20,1500 Hours,District 6 (East Central),HIAWATHA,LINN,I-380,I-380 & BLAIRS FERRY RD NE,Collision with:  Vehicle in traffic,On Roadway,Broadside (front to side),Ran Traffic Signal,None Indicated,,Daylight,Dry,Clear,None apparent,Unknown,Paved,,Possible/Unknown,0,1,0,0,1,0,13000,3,4,,POINT (-91.675321877565 42.034756449393)
2014782916,W14-011321,02/03/2014,02-February,2-Monday,15:14,1500 Hours,District 2 (Northeast),WATERLOO,BLACK HAWK,,ARDEN ST,Collision with:  Vehicle in traffic,On Roadway,Broadside (front to side),FTYROW:  At uncontrolled intersection,None Indicated,,Daylight,Snow,Clear,None apparent,Intersection:  Four-way intersection,Paved,,Property Damage Only,0,0,0,0,0,0,4000,2,2,,POINT (-92.360081630882 42.482947860139)
2014784571,201400005608,02/03/2014,02-February,2-Monday,12:48,1200 Hours,District 5 (Southeast),OTTUMWA,WAPELLO,US 34,US 34/MYRTLE ST & BARDELL ST,Collision with:  Vehicle in traffic,On Roadway,Rear-end (front to rear),Followed too close,None Indicated,,Daylight,Dry,Clear,None apparent,Intersection:  Intersection with ramp,Paved,,Possible/Unknown,0,1,0,0,1,0,1000,2,3,,POINT (-92.416213324155 41.010069661593)
2014783684,14-2054,02/03/2014,02-February,2-Monday,10:05,1000 Hours,District 6 (East Central),BETTENDORF,SCOTT,I-74,I-74,Collision with:  Vehicle in traffic,On Roadway,Rear-end (front to rear),Crossed centerline (undivided),None Indicated,,Daylight,Ice/frost,Clear,"Surface condition (e.g., wet, icy)",Non-intersection:  Other non-intersection (explain in narrative),Paved,,Minor Injury,0,11,0,6,5,0,99300,33,44,,POINT (-90.513372117301 41.523754100828)
2014783041,14000003087,02/03/2014,02-February,2-Monday,18:45,1800 Hours,District 1 (Central),DES MOINES,POLK,,LOGAN AVE & E 24TH ST,Collision with:  Vehicle in traffic,On Roadway,Rear-end (front to rear),Unknown,None Indicated,,Dusk,Snow,Clear,"Surface condition (e.g., wet, icy)",Intersection:  Four-way intersection,Paved,,Property Damage Only,0,0,0,0,0,0,1501,2,3,,POINT (-93.572852390751 41.592292657326)
2014783419,2014-7652,02/03/2014,02-February,2-Monday,21:08,2100 Hours,District 6 (East Central),DAVENPORT,SCOTT,US 6,US 6/E KIMBERLY RD,Collision with:  Vehicle in traffic,On Roadway,Head-on (front to front),Lost Control,None Indicated,,Dark - roadway not lighted,Wet,Cloudy,None apparent,Non-intersection:  Non-junction/no special feature,Paved,,Property Damage Only,0,0,0,0,0,0,4000,2,1,,POINT (-90.557363257712 41.555688431265)
2014783519,14-000864,02/03/2014,02-February,2-Monday,16:15,1600 Hours,District 4 (Southwest),,CASS,IA 83,IA 83/MARNE RD,Collision with fixed object:  Ditch,Shoulder,Non-collision (single vehicle),Crossed centerline (undivided),None Indicated,,Daylight,Dry,Cloudy,None apparent,Non-intersection:  Non-junction/no special feature,Paved,,Property Damage Only,0,0,0,0,0,0,2500,1,1,,POINT (-95.044558686679 41.42074748129)
2014783358,2014-7569,02/03/2014,02-February,2-Monday,14:53,1400 Hours,District 6 (East Central),DAVENPORT,SCOTT,,MAIN ST,Collision with:  Vehicle in traffic,On Roadway,Rear-end (front to rear),Followed too close,None Indicated,,Daylight,Dry,Clear,None apparent,Non-intersection:  Non-junction/no special feature,Paved,,Property Damage Only,0,0,0,0,0,0,2000,2,3,,POINT (-90.575534247586 41.533728339301)
2014783059,14-0081,02/03/2014,02-February,2-Monday,19:45,1900 Hours,District 1 (Central),WINDSOR HEIGHTS,POLK,I-235,I-235,Collision with:  Vehicle in traffic,On Roadway,Rear-end (front to rear),Followed too close,None Indicated,,Dark - roadway lighted,Dry,Clear,None apparent,Non-intersection:  Non-junction/no special feature,Paved,,Minor Injury,0,2,0,2,0,0,2500,2,2,,POINT (-93.707604746812 41.593289662473)
2014783694,14-000134,02/03/2014,02-February,2-Monday,07:54,0700 Hours,District 1 (Central),,STORY,,Co Rd E23/170TH ST,Collision with fixed object:  Ditch,Shoulder,Non-collision (single vehicle),Ran off road - left,None Indicated,,Daylight,Dry,Clear,None apparent,Non-intersection:  Non-junction/no special feature,Paved,,Minor Injury,0,1,0,1,0,0,7500,1,2,,POINT (-93.677572895708 42.107004172368)
2014784306,14-003019,02/03/2014,02-February,2-Monday,08:04,0800 Hours,District 5 (Southeast),,LEE,US 61,US 61 & Co Rd X50/GREEN BAY RD & 165 ST,Collision with:  Vehicle in traffic,On Roadway,Rear-end (front to rear),Other (explain in narrative):  Other,None Indicated,,Daylight,Snow,Cloudy,None apparent,Non-intersection:  Non-junction/no special feature,Paved,,Property Damage Only,0,0,0,0,0,0,3000,2,2,,POINT (-91.227714873842 40.717534799239)
2014782832,14-0596,02/03/2014,02-February,2-Monday,12:45,1200 Hours,District 1 (Central),WEST DES MOINES,POLK,,PLEASANT ST,Collision with:  Parked motor vehicle,On Roadway,Rear-end (front to rear),Illegally Parked/Unattended,None Indicated,,Daylight,Wet,Clear,None apparent,Non-intersection:  Non-junction/no special feature,Paved,,Property Damage Only,0,0,0,0,0,0,1800,2,1,,POINT (-93.728923367865 41.590913675254)
2014783046,20140003039,02/03/2014,02-February,2-Monday,11:30,1100 Hours,District 1 (Central),DES MOINES,POLK,,UNIVERSITY AVE,Collision with:  Vehicle in traffic,On Roadway,Rear-end (front to rear),Lost Control,None Indicated,,Daylight,Dry,Clear,None apparent,Non-intersection:  Non-junction/no special feature,Paved,,Property Damage Only,0,0,0,0,0,0,7000,3,4,,POINT (-93.620370643527 41.600305709269)
2014783209,14-1574,02/03/2014,02-February,2-Monday,18:36,1800 Hours,District 3 (Northwest),SPENCER,CLAY,US 18,US 18/11TH ST SE,Collision with:  Animal,,,Animal,None Indicated,,,,,,,Paved,,Property Damage Only,0,0,0,0,0,0,4000,1,1,,POINT (-95.123669677483 43.125414220546)
2014782774,14-728,02/03/2014,02-February,2-Monday,07:53,0700 Hours,District 1 (Central),BONDURANT,POLK,,2ND ST NE &  2ND ST NE,Collision with fixed object:  Utility pole/light support,Roadside,Non-collision (single vehicle),Ran off road - right,None Indicated,,Dawn,Dry,Clear,None apparent,Non-intersection:  Non-junction/no special feature,Paved,,Property Damage Only,0,0,0,0,0,0,4000,1,2,,POINT (-93.443583637072 41.702850874463)
2014782868,14-0321,02/03/2014,02-February,2-Monday,06:45,0600 Hours,District 1 (Central),FORT DODGE,WEBSTER,,8TH AVE S & S 25TH ST,Collision with:  Vehicle in traffic,On Roadway,Broadside (front to side),FTYROW:  From stop sign,None Indicated,,Dark - roadway lighted,Dry,Clear,None apparent,Intersection:  Four-way intersection,Paved,,Property Damage Only,0,0,0,0,0,0,7500,2,2,,POINT (-94.163176378079 42.497563562889)
2014783499,14-11247,02/03/2014,02-February,2-Monday,11:10,1100 Hours,District 2 (Northeast),,BLACK HAWK,US 218,US 218/WASHINGTON ST & E ORANGE RD,Collision with:  Vehicle in traffic,On Roadway,Rear-end (front to rear),Followed too close,None Indicated,,Daylight,Dry,Clear,None apparent,Intersection:  T-intersection,Paved,,Property Damage Only,0,0,0,0,0,0,8000,2,2,,POINT (-92.284105074488 42.428958475044)
2014784138,14001666,02/03/2014,02-February,2-Monday,07:20,0700 Hours,District 2 (Northeast),MASON CITY,CERRO GORDO,,N DELAWARE AVE,Collision with:  Vehicle in traffic,On Roadway,"Sideswipe, same direction",Other (explain in narrative):  Other,None Indicated,,Daylight,Ice/frost,Clear,None apparent,Non-intersection:  Non-junction/no special feature,Paved,,Property Damage Only,0,0,0,0,0,0,1700,2,4,,POINT (-93.199483798208 43.157522908606)
2014783069,14-004437,02/03/2014,02-February,2-Monday,11:25,1100 Hours,District 4 (Southwest),COUNCIL BLUFFS,POTTAWATTAMIE,,W PIERCE ST & E PIERCE ST & S 1ST ST,Collision with:  Vehicle in traffic,On Roadway,Broadside (front to side),Unknown,None Indicated,,Daylight,Dry,Cloudy,None apparent,Non-intersection:  Non-junction/no special feature,Paved,,Property Damage Only,0,0,0,0,0,0,13000,2,4,,POINT (-95.843102372125 41.262773703136)