Iowa DOT Case Number,Law Enforcement Case Number,Date of Crash,Month of Crash,Day of Week,Time of Crash,Hour,DOT District,City Name,County Name,Route with System,Location Description,First Harmful Event,Location of First Harmful Event,Manner of Crash/Collision,Major Cause,Drug or Alcohol ,Environmental Conditions,Light Conditions,Surface Conditions,Weather Conditions,Roadway Contribution,Roadway Type,Roadway Surface,Work Zone,Crash Severity,Number of Fatalities,Number of Injuries,Number of Major Injuries,Number of Minor Injuries,Number of Possible Injuries,Number of Unknown Injuries,Amount of Property Damage,Number of Vehicles Involved,Total Number of Occupants,Travel Direction,Location
2014784175,CL14000339,02/03/2014,02-February,2-Monday,16:48,1600 Hours,District 6 (East Central),CLINTON,CLINTON,US 30,US 30/LINCOLN WAY/CAMANCHE AVE & S 14TH ST,Collision with:  Vehicle in traffic,On Roadway,Rear-end (front to rear),Unknown,None Indicated,,Daylight,Wet,Cloudy,None apparent,Intersection:  Four-way intersection,Paved,,Property Damage Only,0,0,0,0,0,0,1500,2,3,,POINT (-90.218725497479 41.818817323624)
2014791183,,02/03/2014,02-February,2-Monday,07:10,0700 Hours,District 2 (Northeast),GARNER,HANCOCK,,W 5TH ST & BLACKSTONE DR,Collision with:  Vehicle in traffic,On Roadway,Broadside (front to side),Other (explain in narrative):  No improper action,None Indicated,,Daylight,Snow,Clear,"Surface condition (e.g., wet, icy)",Intersection:  Four-way intersection,Paved,,Property Damage Only,0,0,0,0,0,0,2000,2,4,,POINT (-93.61147462902 43.100556939651)
2014783036,20140003008,02/03/2014,02-February,2-Monday,07:18,0700 Hours,District 1 (Central),DES MOINES,POLK,,UNIVERSITY AVE & 36TH ST,Collision with:  Vehicle in traffic,On Roadway,Rear-end (front to rear),Unknown,None Indicated,,Dawn,Dry,Clear,None apparent,Non-intersection:  Non-junction/no special feature,Paved,,Property Damage Only,0,0,0,0,0,0,1600,2,2,,POINT (-93.665490386276 41.600341613151)
2014784174,CL14000336,02/03/2014,02-February,2-Monday,11:17,1100 Hours,District 6 (East Central),CLINTON,CLINTON,,19TH AVE N & N 3RD ST,Collision with:  Vehicle in traffic,On Roadway,"Angle, oncoming left turn",FTYROW:  Making left turn,None Indicated,,Daylight,Wet,Clear,None apparent,Intersection:  Four-way intersection,Paved,,Property Damage Only,0,0,0,0,0,0,3500,2,2,,POINT (-90.184612362749 41.866733519819)
2014785185,2014007782,02/03/2014,02-February,2-Monday,05:37,0500 Hours,District 1 (Central),ALTOONA,POLK,I-80,I-80,Collision with:  Vehicle in traffic,On Roadway,"Sideswipe, same direction",Separation of units,None Indicated,,Dawn,Dry,Clear,Work Zone (roadway-related),Non-intersection:  Non-junction/no special feature,Paved,Yes,Property Damage Only,0,0,0,0,0,0,2300,2,3,,POINT (-93.477987394111 41.663018507028)
2014787723,20140401,02/03/2014,02-February,2-Monday,01:20,0100 Hours,District 1 (Central),,GRUNDY,US 20,US 20,Non-collision events:  Other non-collision (explain in narrative),Shoulder,Non-collision (single vehicle),Ran off road - right,None Indicated,,Dark - roadway not lighted,Dry,Clear,None apparent,Non-intersection:  Non-junction/no special feature,Paved,,Possible/Unknown,0,1,0,0,1,0,1074,1,1,,POINT (-92.646859795065 42.463611766679)
2014784347,A14-007,02/03/2014,02-February,2-Monday,18:55,1800 Hours,District 4 (Southwest),WINTERSET,MADISON,,W NORTH ST & N 1ST AVE,Collision with:  Vehicle in traffic,On Roadway,Broadside (front to side),FTYROW:  From yield sign,None Indicated,,Dark - roadway lighted,Snow,Clear,"Surface condition (e.g., wet, icy)",Intersection:  Four-way intersection,Paved,,Property Damage Only,0,0,0,0,0,0,3200,2,5,,POINT (-94.014571189989 41.337370981966)
2014784590,2014-02194,02/03/2014,02-February,2-Monday,15:31,1500 Hours,District 5 (Southeast),INDIANOLA,WARREN,US 65,US 65/N JEFFERSON WAY,Collision with:  Vehicle in traffic,On Roadway,"Angle, oncoming left turn",FTYROW:  Making left turn,None Indicated,,Daylight,Dry,Clear,None apparent,Intersection:  Four-way intersection,Paved,,Property Damage Only,0,0,0,0,0,0,8500,2,2,,POINT (-93.558431474062 41.373384027757)
2014789533,,02/03/2014,02-February,2-Monday,14:18,1400 Hours,District 2 (Northeast),CLEAR LAKE,CERRO GORDO,,S 20TH ST,Collision with:  Vehicle in traffic,On Roadway,Broadside (front to side),Crossed centerline (undivided),None Indicated,,Daylight,Snow,Cloudy,"Surface condition (e.g., wet, icy)",Intersection:  Four-way intersection,Paved,,Property Damage Only,0,0,0,0,0,0,4500,2,2,,POINT (-93.364398502333 43.133811986523)
2014783060,14-0082,02/03/2014,02-February,2-Monday,20:09,2000 Hours,District 1 (Central),WINDSOR HEIGHTS,POLK,I-235,I-235,Collision with:  Vehicle in traffic,On Roadway,Rear-end (front to rear),Swerving/Evasive Action,None Indicated,,Dark - roadway lighted,Dry,Clear,None apparent,Non-intersection:  Other non-intersection (explain in narrative),Paved,,Property Damage Only,0,0,0,0,0,0,2000,2,2,,POINT (-93.713112582957 41.593336695778)
2014783132,201400005562,02/03/2014,02-February,2-Monday,08:09,0800 Hours,District 5 (Southeast),OTTUMWA,WAPELLO,,E 4TH ST & N JEFFERSON ST,Collision with:  Vehicle in traffic,On Roadway,Broadside (front to side),Ran Stop Sign,None Indicated,,Daylight,Wet,Cloudy,None apparent,Intersection:  Other intersection (explain in narrative),Paved,,Possible/Unknown,0,1,0,0,1,0,5000,2,3,,POINT (-92.407101416817 41.016986451396)
2014783038,20140003022,02/03/2014,02-February,2-Monday,09:40,0900 Hours,District 1 (Central),DES MOINES,POLK,,COLLEGE AVE & 2ND AVE,Collision with:  Vehicle in traffic,On Roadway,Broadside (front to side),Ran Traffic Signal,None Indicated,,Daylight,Dry,Clear,None apparent,Intersection:  Four-way intersection,Paved,,Property Damage Only,0,0,0,0,0,0,4200,2,3,,POINT (-93.619817102233 41.607667599561)
2014782995,14002281,02/03/2014,02-February,2-Monday,10:58,1000 Hours,District 6 (East Central),MARION,LINN,,8TH AVE & 10TH ST,Collision with:  Vehicle in traffic,On Roadway,"Sideswipe, same direction",Ran Traffic Signal,None Indicated,,Daylight,Dry,Clear,None apparent,Intersection:  Four-way intersection,Paved,,Possible/Unknown,0,2,0,0,2,0,8000,2,2,,POINT (-91.59930861821 42.034205097827)
2014783442,14-3461,02/03/2014,02-February,2-Monday,15:10,1500 Hours,District 3 (Northwest),SIOUX CITY,WOODBURY,,W 3RD ST & ALLAN ST,Collision with:  Parked motor vehicle,On Roadway,"Sideswipe, same direction",Made improper turn,None Indicated,,Daylight,Dry,Clear,None apparent,Intersection:  Four-way intersection,Paved,,Property Damage Only,0,0,0,0,0,0,2700,2,8,,POINT (-96.43115164576 42.499198913757)
2014783260,14016102,02/03/2014,02-February,2-Monday,08:15,0800 Hours,District 6 (East Central),NORTH LIBERTY,JOHNSON,,Co Rd W66/DUBUQUE ST,Collision with:  Vehicle in traffic,On Roadway,"Sideswipe, opposite direction",Crossed centerline (undivided),None Indicated,,Daylight,Other (explain in narrative),Cloudy,None apparent,Non-intersection:  Non-junction/no special feature,Paved,,Minor Injury,0,2,0,1,1,0,13000,2,2,,POINT (-91.587247238702 41.740146721863)
2014786362,S79140035,02/03/2014,02-February,2-Monday,10:20,1000 Hours,District 1 (Central),BROOKLYN,POWESHIEK,,W DES MOINES ST,Collision with:  Parked motor vehicle,On Roadway,Head-on (front to front),Crossed centerline (undivided),None Indicated,,Daylight,Snow,Clear,None apparent,Non-intersection:  Non-junction/no special feature,Paved,,Property Damage Only,0,0,0,0,0,0,10000,2,1,,POINT (-92.453991518904 41.734051691556)
2014783250,14-2824,02/03/2014,02-February,2-Monday,20:26,2000 Hours,District 1 (Central),NEWTON,JASPER,,S 11TH AVE W & W 4TH ST S,Collision with fixed object:  Utility pole/light support,Shoulder,Non-collision (single vehicle),Improper Backing,None Indicated,,Dark - roadway lighted,Slush,Clear,None apparent,Non-intersection:  Non-junction/no special feature,Paved,,Property Damage Only,0,0,0,0,0,0,5500,1,1,,POINT (-93.057992323555 41.690352750989)
2014783049,20140003061,02/03/2014,02-February,2-Monday,15:38,1500 Hours,District 1 (Central),DES MOINES,POLK,,ROBERTSON DR & 56TH ST,Collision with:  Vehicle in traffic,On Roadway,Head-on (front to front),Ran Stop Sign,Alcohol (Statutory),,Daylight,Dry,Clear,None apparent,Intersection:  T-intersection,Paved,,Property Damage Only,0,0,0,0,0,0,2000,2,2,,POINT (-93.693739037658 41.580268636824)
2014783685,14-2070,02/03/2014,02-February,2-Monday,13:34,1300 Hours,District 6 (East Central),BETTENDORF,SCOTT,,SPRUCE HILLS DR & 18TH ST,Collision with:  Vehicle in traffic,On Roadway,Broadside (front to side),Ran Traffic Signal,None Indicated,,Daylight,Wet,Clear,None apparent,Intersection:  Four-way intersection,Paved,,Property Damage Only,0,0,0,0,0,0,4000,2,2,,POINT (-90.503389250962 41.54991728485)
2014782912,14011235,02/03/2014,02-February,2-Monday,10:15,1000 Hours,District 2 (Northeast),CEDAR FALLS,BLACK HAWK,,9TH ST & IOWA ST,Collision with:  Vehicle in traffic,On Roadway,Broadside (front to side),FTYROW:  At uncontrolled intersection,None Indicated,,Daylight,Snow,Clear,None apparent,Intersection:  Four-way intersection,Paved,,Possible/Unknown,0,1,0,0,1,0,3800,2,2,,POINT (-92.452124426191 42.530489292973)
2014782965,01-14-4912,02/03/2014,02-February,2-Monday,11:53,1100 Hours,District 6 (East Central),DUBUQUE,DUBUQUE,,FRONTAGE RD & CEDAR CROSS RD,Collision with:  Vehicle in traffic,On Roadway,Rear-end (front to rear),Lost Control,None Indicated,,Daylight,Wet,Clear,None apparent,Intersection:  Other intersection (explain in narrative),Paved,,Property Damage Only,0,0,0,0,0,0,1500,2,3,,POINT (-90.714734186515 42.491942939231)
2014792884,,02/03/2014,02-February,2-Monday,16:00,1600 Hours,District 6 (East Central),DUBUQUE,DUBUQUE,,CLARKE DR,Miscellaneous events:  Hit and run,Roadside,Head-on (front to front),Unknown,None Indicated,,Daylight,Dry,Clear,,Intersection:  T-intersection,Paved,,Property Damage Only,0,0,0,0,0,0,4172,2,1,,POINT (-90.680443484296 42.510732007645)
2014783338,14-2074,02/03/2014,02-February,2-Monday,13:57,1300 Hours,District 6 (East Central),BETTENDORF,SCOTT,US 67,US 67/GRANT ST,Collision with:  Vehicle in traffic,On Roadway,"Angle, oncoming left turn",Unknown,None Indicated,,Daylight,Dry,Clear,None apparent,Non-intersection:  Non-junction/no special feature,Paved,,Possible/Unknown,0,1,0,0,1,0,6000,2,2,,POINT (-90.498681757568 41.526488485539)
2014782590,14-03804,02/03/2014,02-February,2-Monday,15:40,1500 Hours,District 5 (Southeast),BURLINGTON,DES MOINES,US 34,US 34/NW RAMP CURV & MAIN ST,Collision with fixed object:  Concrete traffic barrier (median or right side),On Roadway,Non-collision (single vehicle),Lost Control,None Indicated,,Daylight,Snow,Cloudy,None apparent,Non-intersection:  Other non-intersection (explain in narrative),Paved,,Property Damage Only,0,0,0,0,0,0,5000,1,1,,POINT (-91.100331893611 40.813423674544)
2014784972,14-001210,02/03/2014,02-February,2-Monday,20:14,2000 Hours,District 2 (Northeast),HAWKEYE,FAYETTE,,W CUMMINGS ST,Collision with fixed object:  Utility pole/light support,On Roadway,Non-collision (single vehicle),Driving too fast for conditions,None Indicated,,Dark - roadway not lighted,Ice/frost,Cloudy,"Surface condition (e.g., wet, icy)",Non-intersection:  Non-junction/no special feature,Unpaved,,Property Damage Only,0,0,0,0,0,0,6000,1,1,,POINT (-91.952607450267 42.937550107724)
2014782992,201401679,02/03/2014,02-February,2-Monday,16:32,1600 Hours,District 6 (East Central),CEDAR RAPIDS,LINN,,WILSON AVE SW & WESTDALE DR SW,Collision with:  Vehicle in traffic,On Roadway,Broadside (front to side),FTYROW:  From stop sign,None Indicated,,Dark - roadway lighted,Dry,Clear,None apparent,Intersection:  Four-way intersection,Paved,,Property Damage Only,0,0,0,0,0,0,7500,2,3,,POINT (-91.722794953033 41.956524321323)
2014784879,,02/03/2014,02-February,2-Monday,13:30,1300 Hours,District 6 (East Central),CEDAR RAPIDS,LINN,IA 100,IA 100/COLLINS RD NE & C AVE NE,Collision with:  Vehicle in traffic,On Roadway,Rear-end (front to rear),Unknown,None Indicated,,Daylight,Wet,Clear,,Non-intersection:  Non-junction/no special feature,Paved,,Property Damage Only,0,0,0,0,0,0,3000,2,3,,POINT (-91.638496204062 42.028102074778)
2014782921,201400436,02/03/2014,02-February,2-Monday,07:06,0700 Hours,District 1 (Central),,BOONE,,Co Rd E41/216TH DR,Collision with:  Animal,,,Animal,None Indicated,,,,,,,Paved,,Property Damage Only,0,0,0,0,0,0,2000,1,1,,POINT (-93.960162624298 42.036754822895)
2014783045,20140003083,02/03/2014,02-February,2-Monday,19:00,1900 Hours,District 1 (Central),DES MOINES,POLK,I-235,I-235,Collision with:  Vehicle in traffic,On Roadway,Rear-end (front to rear),Followed too close,None Indicated,,Dark - roadway lighted,Dry,Clear,None apparent,Non-intersection:  Non-junction/no special feature,Paved,,Possible/Unknown,0,1,0,0,1,0,2500,2,2,,POINT (-93.602177625637 41.595007105287)
2014783068,14-004421,02/03/2014,02-February,2-Monday,08:56,0800 Hours,District 4 (Southwest),COUNCIL BLUFFS,POTTAWATTAMIE,US 6,US 6/W BROADWAY & S 24TH ST & N 24TH ST,Collision with:  Vehicle in traffic,On Roadway,Broadside (front to side),FTYROW:  From stop sign,None Indicated,,Daylight,Dry,Clear,None apparent,Intersection:  Four-way intersection,Paved,,Property Damage Only,0,0,0,0,0,0,3000,2,2,,POINT (-95.879588514341 41.261911220907)
2014782917,W14-011429,02/03/2014,02-February,2-Monday,20:58,2000 Hours,District 2 (Northeast),WATERLOO,BLACK HAWK,,LA PORTE RD,Collision with:  Vehicle in traffic,On Roadway,"Sideswipe, same direction",Made improper turn,None Indicated,,Dark - roadway lighted,Wet,Cloudy,None apparent,Non-intersection:  Non-junction/no special feature,Paved,,Possible/Unknown,0,1,0,0,1,0,1000,2,5,,POINT (-92.322773333338 42.478806927499)
2014784050,2014007986,02/03/2014,02-February,2-Monday,23:46,2300 Hours,District 5 (Southeast),,DES MOINES,US 34,US 34,Non-collision events:  Other non-collision (explain in narrative),Median,Non-collision (single vehicle),Ran off road - straight,None Indicated,,Dark - roadway not lighted,Dry,Cloudy,None apparent,Non-intersection:  Crossover-related,Paved,,Property Damage Only,0,0,0,0,0,0,3300,1,1,,POINT (-91.322329929502 40.834936253852)
2014782991,201401675,02/03/2014,02-February,2-Monday,15:55,1500 Hours,District 6 (East Central),CEDAR RAPIDS,LINN,,KIRKWOOD CT SW,Collision with:  Vehicle in traffic,On Roadway,Rear-end (front to rear),Other (explain in narrative):  Other,None Indicated,,Daylight,Slush,Clear,"Surface condition (e.g., wet, icy)",Non-intersection:  Non-junction/no special feature,Paved,,Minor Injury,0,1,0,1,0,0,3000,2,3,,POINT (-91.65563745836 41.921361668427)
2014783031,14-000492,02/03/2014,02-February,2-Monday,08:09,0800 Hours,District 1 (Central),ANKENY,POLK,,SE BELMONT DR & SE SHARON DR,Collision with:  Vehicle in traffic,On Roadway,Broadside (front to side),Other (explain in narrative):  Vision obstructed,None Indicated,,Daylight,Dry,Clear,None apparent,Non-intersection:  Non-junction/no special feature,Paved,,Property Damage Only,0,0,0,0,0,0,3500,2,3,,POINT (-93.595198802594 41.718117152009)
2014783761,,02/03/2014,02-February,2-Monday,09:00,0900 Hours,District 4 (Southwest),DUNLAP,HARRISON,IA 37,IA 37/IOWA AVE,Unknown,Roadside,"Sideswipe, same direction",Made improper turn,None Indicated,,Daylight,Dry,Clear,None apparent,Non-intersection:  Non-junction/no special feature,Paved,,Property Damage Only,0,0,0,0,0,0,3442,2,2,,POINT (-95.600294052307 41.854292242944)
2014783171,14-1173,02/03/2014,02-February,2-Monday,14:22,1400 Hours,District 3 (Northwest),SAC CITY,SAC,,LEE ST & S 12TH ST,Collision with:  Vehicle in traffic,On Roadway,"Sideswipe, same direction","Operating vehicle in an reckless, erratic, careless, negligent manner",None Indicated,,Daylight,Snow,Cloudy,None apparent,Non-intersection:  Non-junction/no special feature,Paved,,Property Damage Only,0,0,0,0,0,0,3500,3,3,,POINT (-94.998344480763 42.419788408066)
2014783422,14-001209,02/03/2014,02-February,2-Monday,02:35,0200 Hours,District 1 (Central),,TAMA,US 30,US 30,Collision with fixed object:  Other fixed object (explain in narrative),On Roadway,Non-collision (single vehicle),Ran off road - straight,Alcohol (Statutory),,Dark - roadway lighted,Dry,Cloudy,None apparent,Non-intersection:  Non-junction/no special feature,Paved,,Property Damage Only,0,0,0,0,0,0,11000,1,1,,POINT (-92.527119410834 41.96393402842)
2014785013,201400335,02/03/2014,02-February,2-Monday,12:30,1200 Hours,District 6 (East Central),,LINN,US 30,US 30,Collision with:  Vehicle in traffic,On Roadway,Rear-end (front to rear),Followed too close,None Indicated,,Daylight,Dry,Cloudy,None apparent,Non-intersection:  Non-junction/no special feature,Paved,,Property Damage Only,0,0,0,0,0,0,3000,2,2,,POINT (-91.452858411926 41.917330969504)
2014841928,2014,02/03/2014,02-February,2-Monday,18:45,1800 Hours,District 4 (Southwest),,DALLAS,,Co Rd F61/328TH PL,Collision with:  Animal,,,Animal,None Indicated,,,,,,,Paved,,Property Damage Only,0,0,0,0,0,0,2000,1,777,,POINT (-94.235025701572 41.564685509067)
2014783791,14001576,02/03/2014,02-February,2-Monday,18:35,1800 Hours,District 3 (Northwest),,CLAY,,Co Rd M36/160TH AVE,Collision with:  Animal,,,Animal,None Indicated,,,,,,,Unpaved,,Property Damage Only,0,0,0,0,0,0,8000,1,1,,POINT (-95.269345268338 43.154717185363)
2014782998,14-000464,02/03/2014,02-February,2-Monday,18:05,1800 Hours,District 3 (Northwest),,LYON,,Co Rd K42/GARFIELD AVE,Collision with:  Animal,On Roadway,Non-collision (single vehicle),Animal,None Indicated,,Dark - roadway not lighted,Dry,Clear,None apparent,Non-intersection:  Other non-intersection (explain in narrative),Paved,,Property Damage Only,0,0,0,0,0,0,3000,1,3,,POINT (-96.23627556368 43.263999660931)
2014783022,02-14-008,02/03/2014,02-February,2-Monday,08:05,0800 Hours,District 3 (Northwest),LE MARS,PLYMOUTH,IA 3,IA 3/PLYMOUTH ST & 1ST AVE NE,Collision with:  Vehicle in traffic,On Roadway,"Angle, oncoming left turn",FTYROW:  From stop sign,None Indicated,,Daylight,Dry,Clear,None apparent,Intersection:  T-intersection,Paved,,Minor Injury,0,2,0,2,0,0,12000,2,4,,POINT (-96.165118520865 42.793062230266)
2014782925,14000978,02/03/2014,02-February,2-Monday,11:20,1100 Hours,District 6 (East Central),,BUCHANAN,,180TH ST,Non-collision events:  Overturn/rollover,On Roadway,Non-collision (single vehicle),Driving too fast for conditions,None Indicated,,Daylight,Snow,Clear,"Surface condition (e.g., wet, icy)",Non-intersection:  Non-junction/no special feature,Unpaved,,Property Damage Only,0,0,0,0,0,0,3000,1,1,,POINT (-91.623249457442 42.527301700716)
2014782982,2014001258,02/03/2014,02-February,2-Monday,12:17,1200 Hours,District 6 (East Central),IOWA CITY,JOHNSON,IA 1,IA 1/W BURLINGTON ST & FRONT ST,Collision with:  Vehicle in traffic,On Roadway,Rear-end (front to rear),Followed too close,None Indicated,,Daylight,Wet,Clear,None apparent,Intersection:  T-intersection,Paved,,Property Damage Only,0,0,0,0,0,0,2000,2,2,,POINT (-91.539179911527 41.657916938847)
2014782987,201401651,02/03/2014,02-February,2-Monday,10:03,1000 Hours,District 6 (East Central),CEDAR RAPIDS,LINN,IA 922,IA 922/1ST AVE E & 17TH ST SE,Collision with:  Vehicle in traffic,On Roadway,"Angle, oncoming left turn",FTYROW:  Other (explain in narrative),None Indicated,,Daylight,Snow,Clear,None apparent,Non-intersection:  Non-junction/no special feature,Paved,,Property Damage Only,0,0,0,0,0,0,5100,2,2,,POINT (-91.647878411976 41.990647358913)
2014783698,14-000503,02/03/2014,02-February,2-Monday,09:07,0900 Hours,District 1 (Central),AMES,STORY,,S 4TH ST & S 3RD ST,Collision with:  Vehicle in traffic,On Roadway,Broadside (front to side),FTYROW:  Making left turn,None Indicated,,Daylight,Dry,Clear,None apparent,Intersection:  T-intersection,Paved,,Minor Injury,0,1,0,1,0,0,5500,2,3,,POINT (-93.619415391808 42.019438288867)
2014784499,S14-000328,02/03/2014,02-February,2-Monday,06:30,0600 Hours,District 4 (Southwest),,POTTAWATTAMIE,US 6,US 6 & 425TH ST,Collision with:  Animal,,,Animal,None Indicated,,,,,,,Paved,,Property Damage Only,0,0,0,0,0,0,4000,1,1,,POINT (-95.375427246758 41.318071699818)
2014783066,14-004411,02/03/2014,02-February,2-Monday,05:41,0500 Hours,District 4 (Southwest),COUNCIL BLUFFS,POTTAWATTAMIE,,3RD AVE & S 28TH ST,Non-collision events:  Other non-collision (explain in narrative),Outside trafficway,Non-collision (single vehicle),Ran off road - left,None Indicated,,Dark - roadway not lighted,Dry,Clear,None apparent,Non-intersection:  Non-junction/no special feature,Paved,,Property Damage Only,0,0,0,0,0,0,10500,1,1,,POINT (-95.889062796292 41.258872706916)
2014782943,140269,02/03/2014,02-February,2-Monday,14:23,1400 Hours,District 3 (Northwest),DENISON,CRAWFORD,,2ND AVE N,Collision with:  Parked motor vehicle,On Roadway,Broadside (front to side),Improper Backing,None Indicated,,Daylight,Dry,Clear,None apparent,Intersection:  Other intersection (explain in narrative),Paved,,Property Damage Only,0,0,0,0,0,0,1500,2,2,,POINT (-95.349269851865 42.018938530048)
2014785638,2014-7658,02/03/2014,02-February,2-Monday,21:57,2100 Hours,District 6 (East Central),DAVENPORT,SCOTT,,W 59TH ST,Collision with:  Vehicle in traffic,On Roadway,Rear-end (front to rear),Swerving/Evasive Action,None Indicated,,Dark - roadway not lighted,Snow,Clear,"Surface condition (e.g., wet, icy)",Non-intersection:  Non-junction/no special feature,Paved,,Property Damage Only,0,0,0,0,0,0,3694,2,1,,POINT (-90.612798616278 41.581305695791)
2014783439,14-3397,02/03/2014,02-February,2-Monday,14:19,1400 Hours,District 3 (Northwest),SIOUX CITY,WOODBURY,,W 7TH ST & 8TH ST & PEARL ST & GRANDVIEW BLVD,Collision with:  Vehicle in traffic,On Roadway,Broadside (front to side),Ran Stop Sign,None Indicated,,Daylight,Dry,Cloudy,None apparent,Intersection:  Four-way intersection,Paved,,Property Damage Only,0,0,0,0,0,0,3700,2,3,,POINT (-96.407919068167 42.498470212343)
2014785637,2014-7637,02/03/2014,02-February,2-Monday,19:46,1900 Hours,District 6 (East Central),DAVENPORT,SCOTT,,IA 461/BRADY ST,Collision with:  Vehicle in traffic,On Roadway,Rear-end (front to rear),Improper or erratic lane changing,None Indicated,,Dark - roadway lighted,Dry,Clear,None apparent,Non-intersection:  Non-junction/no special feature,Paved,,Possible/Unknown,0,1,0,0,1,0,8000,4,4,,POINT (-90.571415859632 41.581294146194)
2014783767,,02/03/2014,02-February,2-Monday,18:00,1800 Hours,District 6 (East Central),CEDAR RAPIDS,LINN,,7TH AVE SW & 3RD ST SW,Collision with:  Vehicle in traffic,On Roadway,"Sideswipe, same direction",Unknown,None Indicated,,Dusk,Dry,Clear,,Intersection:  Other intersection (explain in narrative),Paved,,Property Damage Only,0,0,0,0,0,0,2000,2,2,,POINT (-91.672018377927 41.969989225389)
2014785636,2014-7591,02/03/2014,02-February,2-Monday,17:18,1700 Hours,District 6 (East Central),DAVENPORT,SCOTT,,KEOTA AVE,Collision with:  Parked motor vehicle,On Roadway,Broadside (front to side),Unknown,None Indicated,,Unknown,Snow,Clear,None apparent,Non-intersection:  Driveway access (within),Paved,,Property Damage Only,0,0,0,0,0,0,1500,2,1,,POINT (-90.631796680161 41.504198314262)
2014782980,C14000378,02/03/2014,02-February,2-Monday,14:35,1400 Hours,District 6 (East Central),CORALVILLE,JOHNSON,IA 965,IA 965/CORAL RIDGE AVE,Collision with:  Vehicle in traffic,On Roadway,Rear-end (front to rear),Other (explain in narrative):  Other,None Indicated,,Daylight,Dry,Clear,None apparent,Non-intersection:  Other non-intersection (explain in narrative),Paved,,Possible/Unknown,0,1,0,0,1,0,11000,2,2,,POINT (-91.608500660054 41.694255253574)
2014782985,201401641,02/03/2014,02-February,2-Monday,00:29,0000 Hours,District 6 (East Central),CEDAR RAPIDS,LINN,,A AVE NE & 7TH ST NE,Collision with:  Vehicle in traffic,On Roadway,Broadside (front to side),Ran Traffic Signal,Alcohol (Statutory),,Dark - roadway lighted,Snow,Snow,None apparent,Intersection:  Four-way intersection,Paved,,Minor Injury,0,2,0,2,0,0,8000,2,6,,POINT (-91.664075613334 41.982767266056)
2014782588,14-03725,02/03/2014,02-February,2-Monday,00:27,0000 Hours,District 5 (Southeast),BURLINGTON,DES MOINES,,HEDGE AVE & CENTRAL AVE,Collision with:  Vehicle in traffic,On Roadway,Broadside (front to side),Unknown,None Indicated,,Dark - roadway lighted,Snow,Clear,"Surface condition (e.g., wet, icy)",Non-intersection:  Non-junction/no special feature,Paved,,Property Damage Only,0,0,0,0,0,0,2500,2,1,,POINT (-91.109654308514 40.788237829459)
2014782966,01-14-4873,02/03/2014,02-February,2-Monday,09:10,0900 Hours,District 6 (East Central),DUBUQUE,DUBUQUE,,RAVEN OAKS DR & JOHN F KENNEDY RD,Collision with:  Vehicle in traffic,On Roadway,Rear-end (front to rear),Followed too close,None Indicated,,Daylight,Dry,Clear,None apparent,Non-intersection:  Non-junction/no special feature,Paved,,Property Damage Only,0,0,0,0,0,0,2500,2,2,,POINT (-90.720536015313 42.519128287479)
2014783138,14-0322,02/03/2014,02-February,2-Monday,07:55,0700 Hours,District 1 (Central),FORT DODGE,WEBSTER,,5TH AVE N & N 22ND ST,Collision with:  Vehicle in traffic,Shoulder,Rear-end (front to rear),Followed too close,None Indicated,,Daylight,Wet,Clear,None apparent,Non-intersection:  Non-junction/no special feature,Paved,,Property Damage Only,0,0,0,0,0,0,3000,2,4,,POINT (-94.168109343467 42.511517258506)
2014782983,2014001253,02/03/2014,02-February,2-Monday,11:02,1100 Hours,District 6 (East Central),IOWA CITY,JOHNSON,,COTTONWOOD AVE & BROADWAY ST,Collision with:  Vehicle in traffic,On Roadway,Broadside (front to side),FTYROW:  At uncontrolled intersection,None Indicated,,Daylight,Snow,Clear,None apparent,Intersection:  Four-way intersection,Paved,,Property Damage Only,0,0,0,0,0,0,6000,2,2,,POINT (-91.51996643896 41.644683201109)
2014783466,2014007923,02/03/2014,02-February,2-Monday,15:33,1500 Hours,District 3 (Northwest),REMSEN,PLYMOUTH,IA 3,IA 3/IOWA 3 & IA 140/IOWA 140 & Co Rd L14,Non-collision events:  Overturn/rollover,On Roadway,Non-collision (single vehicle),Lost Control,None Indicated,,Daylight,Dry,Cloudy,None apparent,Intersection:  Four-way intersection,Paved,,Minor Injury,0,1,0,1,0,0,15000,1,1,,POINT (-95.957678274099 42.80803179777)
2014783255,2014001263,02/03/2014,02-February,2-Monday,15:05,1500 Hours,District 6 (East Central),IOWA CITY,JOHNSON,IA 1,IA 1/IOWA 1,Collision with:  Vehicle in traffic,On Roadway,Rear-end (front to rear),"Operating vehicle in an reckless, erratic, careless, negligent manner",None Indicated,,Daylight,Slush,Clear,None apparent,Non-intersection:  Non-junction/no special feature,Paved,,Property Damage Only,0,0,0,0,0,0,2000,2,2,,POINT (-91.555306226916 41.645168913285)
2014782981,2014001249,02/03/2014,02-February,2-Monday,08:28,0800 Hours,District 6 (East Central),IOWA CITY,JOHNSON,US 6,US 6/S RIVERSIDE DR & MYRTLE AVE,Collision with:  Vehicle in traffic,On Roadway,"Angle, oncoming left turn",FTYROW:  From stop sign,None Indicated,,Daylight,Dry,Clear,None apparent,Intersection:  T-intersection,Paved,,Property Damage Only,0,0,0,0,0,0,4000,2,2,,POINT (-91.540452745457 41.653672864593)