Iowa DOT Case Number,Law Enforcement Case Number,Date of Crash,Month of Crash,Day of Week,Time of Crash,Hour,DOT District,City Name,County Name,Route with System,Location Description,First Harmful Event,Location of First Harmful Event,Manner of Crash/Collision,Major Cause,Drug or Alcohol ,Environmental Conditions,Light Conditions,Surface Conditions,Weather Conditions,Roadway Contribution,Roadway Type,Roadway Surface,Work Zone,Crash Severity,Number of Fatalities,Number of Injuries,Number of Major Injuries,Number of Minor Injuries,Number of Possible Injuries,Number of Unknown Injuries,Amount of Property Damage,Number of Vehicles Involved,Total Number of Occupants,Travel Direction,Location
2014783037,20140003010,02/03/2014,02-February,2-Monday,07:25,0700 Hours,District 1 (Central),DES MOINES,POLK,,DEAN AVE & E 16TH CT,Collision with:  Vehicle in traffic,On Roadway,"Sideswipe, opposite direction",Ran off road - left,None Indicated,,Dawn,Other (explain in narrative),Clear,"Surface condition (e.g., wet, icy)",Non-intersection:  Non-junction/no special feature,Paved,,Property Damage Only,0,0,0,0,0,0,11500,3,777,,POINT (-93.590133610407 41.591367578774)
2014783478,,02/03/2014,02-February,2-Monday,15:02,1500 Hours,District 3 (Northwest),WEST BEND,PALO ALTO,,3RD AVE SW,Collision with:  Parked motor vehicle,Roadside,"Sideswipe, same direction",Over correcting/over steering,None Indicated,,Daylight,Snow,Clear,"Surface condition (e.g., wet, icy)",Non-intersection:  Non-junction/no special feature,Paved,,Property Damage Only,0,0,0,0,0,0,4000,2,1,,POINT (-94.448879030673 42.958556977939)
2014783713,2014-02201,02/03/2014,02-February,2-Monday,17:53,1700 Hours,District 5 (Southeast),,WARREN,,Co Rd R63/105TH AVE,Collision with:  Animal,,,Animal,None Indicated,,,,,,,Paved,,Property Damage Only,0,0,0,0,0,0,4500,1,1,,POINT (-93.608416483407 41.395235186471)
2014784673,,02/03/2014,02-February,2-Monday,19:40,1900 Hours,District 1 (Central),,BOONE,,Co Rd P70/H AVE,Collision with:  Animal,On Roadway,Non-collision (single vehicle),Animal,None Indicated,,Dark - roadway not lighted,Dry,Cloudy,None apparent,Non-intersection:  Non-junction/no special feature,Paved,,Property Damage Only,0,0,0,0,0,0,2500,1,2,,POINT (-94.028206776571 42.092257346639)
2014783070,14-004465,02/03/2014,02-February,2-Monday,14:53,1400 Hours,District 4 (Southwest),COUNCIL BLUFFS,POTTAWATTAMIE,I-29,I-29,Collision with:  Vehicle in traffic,On Roadway,"Sideswipe, same direction",FTYROW:  Other (explain in narrative),None Indicated,,Daylight,Dry,Cloudy,None apparent,Non-intersection:  Non-junction/no special feature,Paved,,Property Damage Only,0,0,0,0,0,0,3000,2,3,,POINT (-95.858321318896 41.232144179038)
2014794337,14-0730PD,02/03/2014,02-February,2-Monday,14:51,1400 Hours,District 1 (Central),BOONE,BOONE,,MAMIE EISENHOWER AVE & S BENTON ST,Collision with:  Vehicle in traffic,On Roadway,Rear-end (front to rear),Driving too fast for conditions,None Indicated,,Daylight,Slush,Clear,"Surface condition (e.g., wet, icy)",Intersection:  Four-way intersection,Paved,,Property Damage Only,0,0,0,0,0,0,2000,2,3,,POINT (-93.874963735878 42.059645949772)
2014786104,2014007817,02/03/2014,02-February,2-Monday,08:50,0800 Hours,District 6 (East Central),CEDAR RAPIDS,LINN,I-380,I-380,Collision with:  Vehicle in traffic,On Roadway,"Sideswipe, same direction",Crossed centerline (undivided),None Indicated,,Daylight,Dry,Clear,None apparent,Non-intersection:  Non-junction/no special feature,Paved,,Property Damage Only,0,0,0,0,0,0,17000,2,3,,POINT (-91.671182268125 41.894036646496)
2014784546,2014-7588,02/03/2014,02-February,2-Monday,16:49,1600 Hours,District 6 (East Central),DAVENPORT,SCOTT,US 67,US 67/NW LOOP,Collision with:  Vehicle in traffic,On Roadway,Rear-end (front to rear),Followed too close,None Indicated,,Daylight,Wet,Cloudy,None apparent,Non-intersection:  Non-junction/no special feature,Paved,,Property Damage Only,0,0,0,0,0,0,1500,2,2,,POINT (-90.583689925613 41.521038910128)
2014782989,201401662,02/03/2014,02-February,2-Monday,12:28,1200 Hours,District 6 (East Central),CEDAR RAPIDS,LINN,,PRIMROSE LN SW & 29TH ST SW,Collision with:  Vehicle in traffic,On Roadway,"Sideswipe, same direction",Crossed centerline (undivided),None Indicated,,Daylight,Snow,Clear,None apparent,Intersection:  T-intersection,Paved,,Property Damage Only,0,0,0,0,0,0,2000,2,4,,POINT (-91.708884524419 41.958224046296)
2014783071,14-004529,02/03/2014,02-February,2-Monday,21:37,2100 Hours,District 4 (Southwest),COUNCIL BLUFFS,POTTAWATTAMIE,,AVE A,Non-collision events:  Other non-collision (explain in narrative),Outside trafficway,Non-collision (single vehicle),Lost Control,None Indicated,,Dark - roadway lighted,Dry,Cloudy,None apparent,Non-intersection:  Non-junction/no special feature,Paved,,Property Damage Only,0,0,0,0,0,0,3500,1,2,,POINT (-95.865004366803 41.262761703546)
2014782996,14-0538,02/03/2014,02-February,2-Monday,16:45,1600 Hours,District 6 (East Central),HIAWATHA,LINN,,BLAIRS FERRY RD & 12TH AVE,Collision with:  Vehicle in traffic,On Roadway,Rear-end (front to rear),FTYROW:  From stop sign,None Indicated,,Dark - roadway lighted,Dry,Clear,None apparent,Intersection:  Four-way intersection,Paved,,Property Damage Only,0,0,0,0,0,0,1500,2,2,,POINT (-91.688148460604 42.034921802006)
2014785412,14-2237,02/03/2014,02-February,2-Monday,14:30,1400 Hours,District 6 (East Central),,SCOTT,,Co Rd F65/160 ST & Co Rd Y40/70 AVE,Collision with:  Vehicle in traffic,On Roadway,Broadside (front to side),FTYROW:  From stop sign,None Indicated,,Daylight,Dry,Clear,None apparent,Intersection:  T-intersection,Paved,,Major Injury,0,1,1,0,0,0,27000,2,3,,POINT (-90.76541113329 41.538243242623)
2014783016,14-004461,02/03/2014,02-February,2-Monday,08:19,0800 Hours,District 5 (Southeast),MUSCATINE,MUSCATINE,,E 8TH ST & SYCAMORE ST,Collision with:  Vehicle in traffic,On Roadway,Rear-end (front to rear),Followed too close,None Indicated,,Daylight,Dry,Clear,None apparent,Intersection:  Four-way intersection,Paved,,Property Damage Only,0,0,0,0,0,0,5000,2,2,,POINT (-91.049303020976 41.426701121557)
2014783256,2014001266,02/03/2014,02-February,2-Monday,17:16,1700 Hours,District 6 (East Central),IOWA CITY,JOHNSON,IA 1,IA 1/DODGE ST,Collision with:  Vehicle in traffic,On Roadway,Rear-end (front to rear),Driving too fast for conditions,None Indicated,,Daylight,Ice/frost,Clear,None apparent,Intersection:  Four-way intersection,Paved,,Property Damage Only,0,0,0,0,0,0,2000,2,2,,POINT (-91.525763090273 41.661141185931)
2014789125,CL14000337,02/03/2014,02-February,2-Monday,13:34,1300 Hours,District 6 (East Central),CLINTON,CLINTON,,3RD AVE N,Collision with:  Parked motor vehicle,Roadside,Unknown,Unknown,None Indicated,,Daylight,Snow,Unknown,Unknown,Non-intersection:  Non-junction/no special feature,Paved,,Property Damage Only,0,0,0,0,0,0,2000,2,1,,POINT (-90.193768501604 41.848018810162)
2014783538,14-558,02/03/2014,02-February,2-Monday,08:26,0800 Hours,District 3 (Northwest),,IDA,,Co Rd D54/330TH ST,Collision with fixed object:  Ditch,On Roadway,Non-collision (single vehicle),Crossed centerline (undivided),None Indicated,,Daylight,Dry,Clear,None apparent,Non-intersection:  Non-junction/no special feature,Paved,,Property Damage Only,0,0,0,0,0,0,2000,1,2,,POINT (-95.572105795402 42.225492043648)
2014783536,P14-001395,02/03/2014,02-February,2-Monday,10:15,1000 Hours,District 1 (Central),WEBSTER CITY,HAMILTON,,DIVISION ST,Collision with:  Parked motor vehicle,On Roadway,Broadside (front to side),Crossed centerline (undivided),None Indicated,,Daylight,Ice/frost,Clear,"Surface condition (e.g., wet, icy)",Non-intersection:  Non-junction/no special feature,Paved,,Property Damage Only,0,0,0,0,0,0,3500,3,2,,POINT (-93.83982691321 42.467752319943)
2014783211,14-1542,02/03/2014,02-February,2-Monday,08:30,0800 Hours,District 3 (Northwest),SPENCER,CLAY,,E 10TH ST & 6TH AVE E,Collision with:  Vehicle in traffic,On Roadway,Broadside (front to side),FTYROW:  At uncontrolled intersection,None Indicated,,Daylight,Snow,Clear,None apparent,Intersection:  Four-way intersection,Paved,,Property Damage Only,0,0,0,0,0,0,6600,2,3,,POINT (-95.136875683072 43.148093601485)
2014783026,14-0751,02/03/2014,02-February,2-Monday,15:25,1500 Hours,District 1 (Central),,POLK,US 6,US 6/HUBBELL AVE/SPEC CASE/NW RAMP,Collision with:  Vehicle in traffic,On Roadway,Broadside (front to side),Ran Traffic Signal,None Indicated,,Daylight,Wet,Cloudy,None apparent,Intersection:  Intersection with ramp,Paved,,Possible/Unknown,0,2,0,0,2,0,9100,2,3,,POINT (-93.51348480945 41.646814631733)
2014785262,14-000794,02/03/2014,02-February,2-Monday,22:10,2200 Hours,District 4 (Southwest),PERRY,DALLAS,,SOUTH ST & 5TH ST,Collision with fixed object:  Other fixed object (explain in narrative),Outside trafficway,Non-collision (single vehicle),Driving too fast for conditions,None Indicated,,Dark - roadway not lighted,Snow,Clear,"Surface condition (e.g., wet, icy)",Non-intersection:  Other non-intersection (explain in narrative),Paved,,Property Damage Only,0,0,0,0,0,0,2600,1,1,,POINT (-94.101139202686 41.831885815306)
2014782914,W14-011186,02/03/2014,02-February,2-Monday,07:33,0700 Hours,District 2 (Northeast),WATERLOO,BLACK HAWK,,BLACK HAWK RD & ROBIN RD,Collision with:  Non-motorist (see non-motorist section - NOT a unit),On Roadway,Non-collision (single vehicle),FTYROW:  To pedestrian,None Indicated,,Daylight,Snow,Clear,None apparent,Intersection:  T-intersection,Paved,,Possible/Unknown,0,1,0,0,1,0,200,1,1,,POINT (-92.381442669148 42.489567365155)
2014783034,20140003096,02/03/2014,02-February,2-Monday,22:34,2200 Hours,District 1 (Central),DES MOINES,POLK,,MLK JR PKWY & INGERSOLL AVE,Collision with:  Vehicle in traffic,On Roadway,"Sideswipe, same direction",Made improper turn,None Indicated,,Dark - roadway lighted,Dry,Clear,None apparent,Intersection:  Four-way intersection,Paved,,Possible/Unknown,0,1,0,0,1,0,2500,2,3,,POINT (-93.644801169311 41.585723670583)
2014783283,14000590,02/03/2014,02-February,2-Monday,16:04,1600 Hours,District 3 (Northwest),SHELDON,OBRIEN,US 18,US 18/PARK ST,Collision with:  Vehicle in traffic,On Roadway,Rear-end (front to rear),Swerving/Evasive Action,None Indicated,,Daylight,Dry,Cloudy,None apparent,Non-intersection:  Non-junction/no special feature,Paved,,Property Damage Only,0,0,0,0,0,0,5000,2,3,,POINT (-95.842628771234 43.186004368811)
2014788005,A14008,02/03/2014,02-February,2-Monday,07:40,0700 Hours,District 5 (Southeast),KNOXVILLE,MARION,,W SOUTH ST & E SOUTH ST & S ROCHE ST,Collision with:  Vehicle in traffic,On Roadway,Broadside (front to side),FTYROW:  From stop sign,None Indicated,,Daylight,Dry,Clear,None apparent,Intersection:  Four-way intersection,Paved,,Property Damage Only,0,0,0,0,0,0,15000,2,3,,POINT (-93.099904955716 41.315244812082)
2014782990,201401661,02/03/2014,02-February,2-Monday,12:52,1200 Hours,District 6 (East Central),CEDAR RAPIDS,LINN,,GLASS RD NE & EDGEWOOD RD NE,Collision with:  Vehicle in traffic,On Roadway,"Angle, oncoming left turn",FTYROW:  Making left turn,None Indicated,,Daylight,Dry,Clear,None apparent,Intersection:  T-intersection,Paved,,Property Damage Only,0,0,0,0,0,0,7500,2,2,,POINT (-91.702440758217 42.01708053005)
2014782915,W14-011200,02/03/2014,02-February,2-Monday,08:32,0800 Hours,District 2 (Northeast),WATERLOO,BLACK HAWK,US 63,US 63/SE RAMP CURV & W 6TH ST,Collision with:  Vehicle in traffic,On Roadway,Rear-end (front to rear),Followed too close,None Indicated,,Daylight,Ice/frost,Clear,None apparent,Intersection:  Four-way intersection,Paved,,Property Damage Only,0,0,0,0,0,0,3000,2,3,,POINT (-92.340489558758 42.49134732054)
2014783076,2014-7514,02/03/2014,02-February,2-Monday,09:03,0900 Hours,District 6 (East Central),DAVENPORT,SCOTT,,E 3RD ST & LE CLAIRE ST,Collision with:  Vehicle in traffic,On Roadway,Broadside (front to side),FTYROW:  From stop sign,None Indicated,,Daylight,Dry,Clear,None apparent,Intersection:  Four-way intersection,Paved,,Possible/Unknown,0,1,0,0,1,0,12000,2,2,,POINT (-90.568227015275 41.522415012808)
2014785099,2014-7556,02/03/2014,02-February,2-Monday,12:59,1200 Hours,District 6 (East Central),DAVENPORT,SCOTT,,W 46TH ST & NORTHWEST BLVD,Collision with:  Vehicle in traffic,On Roadway,Broadside (front to side),Ran Traffic Signal,None Indicated,,Daylight,Dry,Clear,None apparent,Intersection:  Four-way intersection,Paved,,Minor Injury,0,2,0,1,1,0,15000,2,2,,POINT (-90.584111283945 41.56701647351)
2014783039,20140003048,02/03/2014,02-February,2-Monday,12:40,1200 Hours,District 1 (Central),DES MOINES,POLK,,KEOSAUQUA WAY & 15TH ST,Collision with:  Vehicle in traffic,On Roadway,"Sideswipe, same direction",Unknown,None Indicated,,Daylight,Dry,Cloudy,None apparent,Intersection:  Other intersection (explain in narrative),Paved,,Property Damage Only,0,0,0,0,0,0,4000,2,2,,POINT (-93.63783705737 41.598543793399)
2014784049,2014007967,02/03/2014,02-February,2-Monday,19:20,1900 Hours,District 4 (Southwest),,RINGGOLD,,Co Rd J25/180TH ST & Co Rd P54/250TH AVE,Collision with fixed object:  Ditch,On Roadway,Non-collision (single vehicle),Driving too fast for conditions,None Indicated,,Dark - roadway not lighted,Snow,Clear,None apparent,Non-intersection:  Non-junction/no special feature,Unpaved,,Property Damage Only,0,0,0,0,0,0,2000,1,1,,POINT (-94.185869317896 40.782910889826)
2014783275,14-0535,02/03/2014,02-February,2-Monday,15:15,1500 Hours,District 6 (East Central),HIAWATHA,LINN,,BOYSON RD & CENTER POINT RD,Collision with:  Vehicle in traffic,On Roadway,"Angle, oncoming left turn",FTYROW:  Making left turn,None Indicated,,Daylight,Dry,Clear,None apparent,Intersection:  Four-way intersection,Paved,,Property Damage Only,0,0,0,0,0,0,4000,2,4,,POINT (-91.682454920906 42.046780989379)
2014784926,2014-000574,02/03/2014,02-February,2-Monday,01:50,0100 Hours,District 6 (East Central),URBANA,BENTON,,SOUTH ST,Collision with:  Parked motor vehicle,On Roadway,"Sideswipe, same direction",Lost Control,None Indicated,,Dark - roadway lighted,Snow,Clear,None apparent,Non-intersection:  Non-junction/no special feature,Paved,,Property Damage Only,0,0,0,0,0,0,5500,2,1,,POINT (-91.871829846624 42.223025361684)
2014788952,2014-7548,02/03/2014,02-February,2-Monday,11:58,1100 Hours,District 6 (East Central),DAVENPORT,SCOTT,,E 53RD ST & ELMORE AVE,Collision with:  Vehicle in traffic,On Roadway,Rear-end (front to rear),FTYROW:  From parked position,None Indicated,,Daylight,Dry,Clear,None apparent,Intersection:  Four-way intersection,Paved,,Property Damage Only,0,0,0,0,0,0,1500,2,2,,POINT (-90.528586977681 41.574860104089)
2014783199,W14-011317,02/03/2014,02-February,2-Monday,15:07,1500 Hours,District 2 (Northeast),WATERLOO,BLACK HAWK,,GLENCOE AVE,Collision with:  Vehicle in traffic,On Roadway,"Angle, oncoming left turn",Unknown,None Indicated,,Daylight,Snow,Clear,None apparent,Intersection:  Four-way intersection,Paved,,Property Damage Only,0,0,0,0,0,0,1500,2,2,,POINT (-92.36248553882 42.467876427379)
2014783181,,02/03/2014,02-February,2-Monday,10:45,1000 Hours,District 5 (Southeast),LAMONI,DECATUR,,COLLEGE AVE & S CEDAR ST,Collision with:  Vehicle in traffic,On Roadway,Broadside (front to side),Unknown,None Indicated,,Daylight,Snow,Clear,,Intersection:  T-intersection,Paved,,Property Damage Only,0,0,0,0,0,0,5000,2,3,,POINT (-93.925398754355 40.618491987154)
2014783253,2014001250,02/03/2014,02-February,2-Monday,08:35,0800 Hours,District 6 (East Central),IOWA CITY,JOHNSON,,FOSTER RD,Collision with:  Parked motor vehicle,On Roadway,Rear-end (front to rear),"Operating vehicle in an reckless, erratic, careless, negligent manner",None Indicated,,Daylight,Snow,Clear,"Surface condition (e.g., wet, icy)",Non-intersection:  Non-junction/no special feature,Paved,,Property Damage Only,0,0,0,0,0,0,3000,2,1,,POINT (-91.555167139929 41.67717755244)
2014783137,14-0332,02/03/2014,02-February,2-Monday,17:45,1700 Hours,District 1 (Central),FORT DODGE,WEBSTER,,2ND AVE N & N 25TH ST,Collision with:  Vehicle in traffic,On Roadway,Rear-end (front to rear),Driver Distraction:  Passenger,None Indicated,,Dark - roadway not lighted,Wet,Cloudy,None apparent,Non-intersection:  Railroad grade crossing,Paved,,Possible/Unknown,0,1,0,0,1,0,5000,2,3,,POINT (-94.165373187715 42.508384116665)
2014790903,14-072,02/03/2014,02-February,2-Monday,15:13,1500 Hours,District 2 (Northeast),WAVERLY,BREMER,,15TH ST NW,Collision with:  Parked motor vehicle,On Roadway,"Sideswipe, same direction",Other (explain in narrative):  Other,None Indicated,,Daylight,Dry,Clear,None apparent,Non-intersection:  Non-junction/no special feature,Paved,,Property Damage Only,0,0,0,0,0,0,1500,2,2,,POINT (-92.488587465198 42.727755378851)
2014782940,14001694,02/03/2014,02-February,2-Monday,16:39,1600 Hours,District 2 (Northeast),MASON CITY,CERRO GORDO,,1ST ST NE,Collision with:  Vehicle in traffic,On Roadway,Broadside (front to side),FTYROW:  Other (explain in narrative),None Indicated,,Daylight,Wet,Cloudy,None apparent,Non-intersection:  Alley,Paved,,Property Damage Only,0,0,0,0,0,0,3500,2,2,,POINT (-93.197020663648 43.152727594894)
2014833785,25-2014,02/03/2014,02-February,2-Monday,17:30,1700 Hours,District 4 (Southwest),PISGAH,HARRISON,IA 183,IA 183/1ST ST,Collision with:  Animal,,,Animal,None Indicated,,,,,,,Paved,,Property Damage Only,0,0,0,0,0,0,2500,1,1,,POINT (-95.92621843672 41.826632660804)
2014782994,201401684,02/03/2014,02-February,2-Monday,17:45,1700 Hours,District 6 (East Central),CEDAR RAPIDS,LINN,IA 922,IA 922/1ST AVE W,Collision with:  Vehicle in traffic,On Roadway,Rear-end (front to rear),Lost Control,None Indicated,,Dark - roadway lighted,Dry,Cloudy,None apparent,Non-intersection:  Non-junction/no special feature,Paved,,Property Damage Only,0,0,0,0,0,0,5000,2,1,,POINT (-91.68617136923 41.971926362334)
2014785283,4514-007,02/03/2014,02-February,2-Monday,19:56,1900 Hours,District 2 (Northeast),,HOWARD,US 63,US 63,Collision with:  Animal,,,Animal,None Indicated,,,,,,,Paved,,Property Damage Only,0,0,0,0,0,0,3000,1,1,,POINT (-92.298804460673 43.295210941113)
2014783043,20140003066,02/03/2014,02-February,2-Monday,16:22,1600 Hours,District 1 (Central),DES MOINES,POLK,US 6,US 6/HICKMAN RD,Collision with:  Vehicle in traffic,On Roadway,Rear-end (front to rear),Followed too close,None Indicated,,Daylight,Dry,Clear,None apparent,Non-intersection:  Non-junction/no special feature,Paved,,Property Damage Only,0,0,0,0,0,0,7100,2,2,,POINT (-93.704996452969 41.614913980231)
2014783440,14-3417,02/03/2014,02-February,2-Monday,16:45,1600 Hours,District 3 (Northwest),SIOUX CITY,WOODBURY,I-29,I-29 & IA 12/GORDON DR & PIERCE ST,Collision with:  Vehicle in traffic,On Roadway,Rear-end (front to rear),Followed too close,None Indicated,,Daylight,Dry,Clear,None apparent,Interchange-related:  On-ramp,Paved,,Property Damage Only,0,0,0,0,0,0,6000,3,7,,POINT (-96.404925306921 42.489725901751)
2014783254,2014001262,02/03/2014,02-February,2-Monday,12:34,1200 Hours,District 6 (East Central),IOWA CITY,JOHNSON,,S 1ST AVE,Collision with:  Vehicle in traffic,On Roadway,"Sideswipe, same direction",Made improper turn,None Indicated,,Daylight,Dry,Clear,None apparent,Non-intersection:  Non-junction/no special feature,Paved,,Property Damage Only,0,0,0,0,0,0,2000,2,2,,POINT (-91.506351397275 41.642012152187)
2014787724,20140405,02/03/2014,02-February,2-Monday,10:25,1000 Hours,District 1 (Central),,GRUNDY,,Co Rd T45/NICKEL AVE,Non-collision events:  Overturn/rollover,On Roadway,Non-collision (single vehicle),Crossed centerline (undivided),None Indicated,,Daylight,Dry,Clear,None apparent,Non-intersection:  Non-junction/no special feature,Paved,,Minor Injury,0,1,0,1,0,0,4000,1,1,,POINT (-92.758634828497 42.348039184136)
2014783539,14-561,02/03/2014,02-February,2-Monday,11:25,1100 Hours,District 3 (Northwest),IDA GROVE,IDA,,5TH ST & BURNS ST,Collision with:  Vehicle in traffic,On Roadway,Broadside (front to side),FTYROW:  From stop sign,None Indicated,,Daylight,Dry,Clear,None apparent,Intersection:  Four-way intersection,Paved,,Property Damage Only,0,0,0,0,0,0,1500,2,4,,POINT (-95.469971193285 42.34141357251)
2014784577,201400005639,02/03/2014,02-February,2-Monday,15:28,1500 Hours,District 5 (Southeast),OTTUMWA,WAPELLO,,GREENWOOD DR & MINNEOPA AVE,Collision with:  Vehicle in traffic,On Roadway,Broadside (front to side),Driving too fast for conditions,None Indicated,,Daylight,Snow,Cloudy,"Surface condition (e.g., wet, icy)",Intersection:  Four-way intersection,Paved,,Possible/Unknown,0,1,0,0,1,0,10000,2,4,,POINT (-92.445636562275 41.005557702841)
2014783259,2014001269,02/03/2014,02-February,2-Monday,17:52,1700 Hours,District 6 (East Central),IOWA CITY,JOHNSON,IA 1,IA 1/E BURLINGTON ST & JOHNSON ST,Collision with:  Vehicle in traffic,On Roadway,Broadside (front to side),FTYROW:  From stop sign,None Indicated,,Dark - roadway lighted,Snow,Clear,None apparent,Intersection:  Four-way intersection,Paved,,Property Damage Only,0,0,0,0,0,0,5000,2,2,,POINT (-91.527268284321 41.65780993653)
2014783276,14002521,02/03/2014,02-February,2-Monday,15:02,1500 Hours,District 5 (Southeast),OSKALOOSA,MAHASKA,,4TH AVE E & S 7TH ST,Collision with:  Vehicle in traffic,On Roadway,Broadside (front to side),FTYROW:  From driveway,None Indicated,,Daylight,Dry,Clear,None apparent,Non-intersection:  Driveway access (within),Paved,,Property Damage Only,0,0,0,0,0,0,4500,2,2,,POINT (-92.63678343297 41.291754381602)
2014790171,,02/03/2014,02-February,2-Monday,18:00,1800 Hours,District 2 (Northeast),,WINNESHIEK,,Co Rd W20/BLUFFTON RD,Collision with:  Animal,On Roadway,Non-collision (single vehicle),Animal,None Indicated,,Dark - roadway not lighted,Dry,Cloudy,None apparent,Non-intersection:  Non-junction/no special feature,Paved,,Property Damage Only,0,0,0,0,0,0,3000,1,1,,POINT (-91.86604745683 43.359686916884)
2014787012,,02/03/2014,02-February,2-Monday,15:20,1500 Hours,District 6 (East Central),CEDAR RAPIDS,LINN,,,Collision with:  Vehicle in traffic,On Roadway,"Angle, oncoming left turn",Unknown,None Indicated,,Daylight,Snow,Cloudy,,Non-intersection:  Other non-intersection (explain in narrative),,,Property Damage Only,0,0,0,0,0,0,5000,2,2,,POINT (-96.643700149993 40.233091251414)
2014782993,201401649,02/03/2014,02-February,2-Monday,07:51,0700 Hours,District 6 (East Central),CEDAR RAPIDS,LINN,,BLAIRS FERRY RD & 9TH AVE,Collision with:  Vehicle in traffic,On Roadway,Rear-end (front to rear),Lost Control,None Indicated,,Daylight,Wet,Clear,None apparent,Non-intersection:  Non-junction/no special feature,Paved,,Property Damage Only,0,0,0,0,0,0,3500,2,2,,POINT (-91.681459221418 42.034746071418)
2014783359,2014-7609,02/03/2014,02-February,2-Monday,17:46,1700 Hours,District 6 (East Central),DAVENPORT,SCOTT,,ELM ST,Collision with:  Vehicle in traffic,On Roadway,"Sideswipe, same direction",Other (explain in narrative):  Other,None Indicated,,Dark - roadway not lighted,Snow,Clear,None apparent,Non-intersection:  Non-junction/no special feature,Paved,,Property Damage Only,0,0,0,0,0,0,4000,2,1,,POINT (-90.544143389232 41.54066325417)
2014783757,,02/03/2014,02-February,2-Monday,16:45,1600 Hours,District 6 (East Central),CEDAR RAPIDS,LINN,IA 922,IA 922/1ST AVE W & 12TH ST SW & 12TH ST NW,Collision with:  Vehicle in traffic,On Roadway,Rear-end (front to rear),Unknown,None Indicated,,Daylight,Dry,Clear,,Intersection:  Four-way intersection,Paved,,Possible/Unknown,0,1,0,0,1,0,9200,3,3,,POINT (-91.687034730033 41.971612007241)
2014783548,2014001248,02/03/2014,02-February,2-Monday,08:12,0800 Hours,District 6 (East Central),IOWA CITY,JOHNSON,,MELROSE AVE & DUBLIN DR,Collision with:  Vehicle in traffic,On Roadway,Broadside (front to side),FTYROW:  From stop sign,None Indicated,,Daylight,Snow,Clear,None apparent,Intersection:  T-intersection,Paved,,Property Damage Only,0,0,0,0,0,0,4200,2,3,,POINT (-91.585702072252 41.657057798296)
2014787232,,02/04/2014,02-February,3-Tuesday,17:32,1700 Hours,District 3 (Northwest),SERGEANT BLUFF,WOODBURY,,VANDENBERG CIR W,Collision with:  Vehicle in traffic,On Roadway,Broadside (front to side),Other (explain in narrative):  Other,None Indicated,,Dusk,Snow,"Blowing sand, soil, dirt",None apparent,Non-intersection:  Other non-intersection (explain in narrative),Paved,,Property Damage Only,0,0,0,0,0,0,2200,2,2,,POINT (-96.349658807935 42.403678795035)
2014785155,2014008290,02/04/2014,02-February,3-Tuesday,22:20,2200 Hours,District 2 (Northeast),CEDAR FALLS,BLACK HAWK,US 218,US 218,Collision with fixed object:  Guardrail - face,On Roadway,Non-collision (single vehicle),Ran off road - left,None Indicated,,Dark - roadway not lighted,Snow,Snow,"Surface condition (e.g., wet, icy)",Non-intersection:  Other non-intersection (explain in narrative),Paved,,Property Damage Only,0,0,0,0,0,0,3060,1,1,,POINT (-92.426600698296 42.563991952254)
2014783711,2014-02247,02/04/2014,02-February,3-Tuesday,08:37,0800 Hours,District 5 (Southeast),,WARREN,IA 5,IA 5/IOWA 5,Collision with fixed object:  Ditch,Outside trafficway,Non-collision (single vehicle),Crossed centerline (undivided),None Indicated,,Daylight,Snow,Snow,"Surface condition (e.g., wet, icy)",Non-intersection:  Non-junction/no special feature,Paved,,Property Damage Only,0,0,0,0,0,0,4500,1,1,,POINT (-93.422070381393 41.468994574104)
2014790781,1400239,02/04/2014,02-February,3-Tuesday,16:21,1600 Hours,District 5 (Southeast),BLOOMFIELD,DAVIS,,LOCUST ST & PINE ST,Collision with fixed object:  Utility pole/light support,Roadside,Non-collision (single vehicle),Driving too fast for conditions,None Indicated,,Daylight,Snow,Snow,"Surface condition (e.g., wet, icy)",Intersection:  Four-way intersection,Paved,,Possible/Unknown,0,1,0,0,1,0,1500,1,3,,POINT (-92.42163335966 40.752692154094)
2014790143,14-000220,02/04/2014,02-February,3-Tuesday,14:45,1400 Hours,District 5 (Southeast),SIGOURNEY,KEOKUK,IA 149,IA 149/S MAIN ST & W MARION ST & E MARION ST,Non-collision events:  Other non-collision (explain in narrative),On Roadway,Rear-end (front to rear),Other (explain in narrative):  Other,None Indicated,,Daylight,Snow,Snow,"Surface condition (e.g., wet, icy)",Intersection:  Four-way intersection,Paved,,Possible/Unknown,0,1,0,0,1,0,6100,3,3,,POINT (-92.205198198187 41.332775229922)
2014787857,14-053,02/04/2014,02-February,3-Tuesday,13:33,1300 Hours,District 5 (Southeast),,WAYNE,IA 2,IA 2/IOWA 2 & Co Rd S26/IOWA HWY 40,Collision with:  Vehicle in traffic,On Roadway,"Angle, oncoming left turn",Crossed centerline (undivided),None Indicated,,Daylight,Snow,Snow,None apparent,Intersection:  T-intersection,Paved,,Minor Injury,0,2,0,1,1,0,13000,2,3,,POINT (-93.365217929366 40.756887647298)
2014783880,2014001032,02/04/2014,02-February,3-Tuesday,14:15,1400 Hours,District 1 (Central),MARSHALLTOWN,MARSHALL,,W CHURCH ST & E CHURCH ST & S CENTER ST,Collision with:  Vehicle in traffic,On Roadway,Broadside (front to side),Driving too fast for conditions,None Indicated,,Daylight,Snow,Snow,"Surface condition (e.g., wet, icy)",Intersection:  Four-way intersection,Paved,,Possible/Unknown,0,1,0,0,1,0,2000,2,3,,POINT (-92.912948383137 42.047889242918)