Iowa DOT Case Number,Law Enforcement Case Number,Date of Crash,Month of Crash,Day of Week,Time of Crash,Hour,DOT District,City Name,County Name,Route with System,Location Description,First Harmful Event,Location of First Harmful Event,Manner of Crash/Collision,Major Cause,Drug or Alcohol ,Environmental Conditions,Light Conditions,Surface Conditions,Weather Conditions,Roadway Contribution,Roadway Type,Roadway Surface,Work Zone,Crash Severity,Number of Fatalities,Number of Injuries,Number of Major Injuries,Number of Minor Injuries,Number of Possible Injuries,Number of Unknown Injuries,Amount of Property Damage,Number of Vehicles Involved,Total Number of Occupants,Travel Direction,Location
2014783288,14-777,02/04/2014,02-February,3-Tuesday,16:02,1600 Hours,District 1 (Central),DES MOINES,POLK,US 69,US 69/N 14TH ST & NE 69TH PL,Collision with:  Vehicle in traffic,On Roadway,Rear-end (front to rear),Driving too fast for conditions,None Indicated,,Daylight,Snow,Snow,"Surface condition (e.g., wet, icy)",Non-intersection:  Non-junction/no special feature,Paved,,Property Damage Only,0,0,0,0,0,0,5500,3,3,,POINT (-93.600659970092 41.686185662674)
2014783280,1400000094,02/04/2014,02-February,3-Tuesday,15:16,1500 Hours,District 1 (Central),,MARSHALL,IA 330,IA 330/MARSHALLTOWN BLVD & BINFORD AVE & 330TH ST,Collision with:  Animal,,,Animal,None Indicated,,,,,,,Paved,,Property Damage Only,0,0,0,0,0,0,1500,1,1,,POINT (-93.211495156309 41.877806621406)
2014783424,2014-0035,02/04/2014,02-February,3-Tuesday,07:34,0700 Hours,District 5 (Southeast),NORWALK,WARREN,,Co Rd G14/HWY G14,Collision with:  Vehicle in traffic,On Roadway,"Sideswipe, opposite direction",Crossed centerline (undivided),None Indicated,,Daylight,Snow,Snow,"Surface condition (e.g., wet, icy)",Non-intersection:  Non-junction/no special feature,Paved,,Property Damage Only,0,0,0,0,0,0,4000,2,2,,POINT (-93.699927333932 41.475574989395)
2014783600,201401733,02/04/2014,02-February,3-Tuesday,17:10,1700 Hours,District 6 (East Central),CEDAR RAPIDS,LINN,I-380,I-380,Collision with:  Vehicle in traffic,On Roadway,"Sideswipe, same direction",Driving too fast for conditions,None Indicated,,Dusk,Snow,Snow,"Surface condition (e.g., wet, icy)",Non-intersection:  Non-junction/no special feature,Paved,,Property Damage Only,0,0,0,0,0,0,2500,2,2,,POINT (-91.671457643104 42.025975605507)
2014783023,14-0765,02/04/2014,02-February,3-Tuesday,07:33,0700 Hours,District 1 (Central),BONDURANT,POLK,US 65,US 65/HUBBELL AVE & OLESON DR SE,Collision with fixed object:  Ditch,Shoulder,Non-collision (single vehicle),Driving too fast for conditions,None Indicated,,Daylight,Snow,Snow,"Surface condition (e.g., wet, icy)",Non-intersection:  Non-junction/no special feature,Paved,,Property Damage Only,0,0,0,0,0,0,6500,1,2,,POINT (-93.459702937652 41.689619126584)
2014783024,14-760,02/04/2014,02-February,3-Tuesday,00:05,0000 Hours,District 1 (Central),URBANDALE,POLK,I-35,I-35 & IA 141/IOWA 141,Collision with fixed object:  Curb/island/raised median,On Roadway,Non-collision (single vehicle),Lost Control,None Indicated,,Dark - roadway lighted,Snow,Snow,"Surface condition (e.g., wet, icy)",Non-intersection:  Non-junction/no special feature,Paved,,Property Damage Only,0,0,0,0,0,0,4000,1,1,,POINT (-93.773831046447 41.649058681972)
2014783877,1400000093,02/04/2014,02-February,3-Tuesday,14:40,1400 Hours,District 1 (Central),,MARSHALL,IA 146,IA 146/ZELLER AVE & 2ND ST,Collision with:  Vehicle in traffic,On Roadway,Rear-end (front to rear),Swerving/Evasive Action,None Indicated,,Daylight,Snow,Snow,"Surface condition (e.g., wet, icy)",Intersection:  T-intersection,Paved,,Property Damage Only,0,0,0,0,0,0,4200,2,3,,POINT (-92.785401128641 41.940929549326)
2014812923,NT-14-021,02/04/2014,02-February,3-Tuesday,10:10,1000 Hours,District 1 (Central),NEVADA,STORY,,H AVE & 4TH ST,Collision with:  Vehicle in traffic,On Roadway,Broadside (front to side),FTYROW:  At uncontrolled intersection,None Indicated,,Daylight,Snow,Clear,None apparent,Intersection:  Four-way intersection,Paved,,Property Damage Only,0,0,0,0,0,0,3100,2,3,,POINT (-93.454999402909 42.018658645046)
2014784071,2014008133,02/04/2014,02-February,3-Tuesday,14:01,1400 Hours,District 1 (Central),DES MOINES,POLK,I-235,I-235,Collision with:  Vehicle in traffic,On Roadway,"Sideswipe, same direction",Over correcting/over steering,None Indicated,,Daylight,Snow,Cloudy,"Surface condition (e.g., wet, icy)",Non-intersection:  Non-junction/no special feature,Paved,,Property Damage Only,0,0,0,0,0,0,15328,2,4,,POINT (-93.579114038105 41.605546971878)
2014783902,20140003117,02/04/2014,02-February,3-Tuesday,07:50,0700 Hours,District 5 (Southeast),DES MOINES,WARREN,IA 5,IA 5/IOWA 5,Collision with:  Vehicle in traffic,On Roadway,Head-on (front to front),Crossed centerline (undivided),None Indicated,,Daylight,Snow,Snow,"Surface condition (e.g., wet, icy)",Non-intersection:  Non-junction/no special feature,Paved,,Fatal,1,0,0,0,0,0,10000,2,2,,POINT (-93.610276452209 41.498063665668)
2014783769,14011754,02/04/2014,02-February,3-Tuesday,17:15,1700 Hours,District 2 (Northeast),CEDAR FALLS,BLACK HAWK,,HIAWATHA RD,Collision with:  Vehicle in traffic,On Roadway,Unknown,FTYROW:  From driveway,None Indicated,,Daylight,Ice/frost,Cloudy,"Surface condition (e.g., wet, icy)",Non-intersection:  Driveway access (within),Paved,,Property Damage Only,0,0,0,0,0,0,3500,2,2,,POINT (-92.462615023248 42.559519547222)
2014783601,201401736,02/04/2014,02-February,3-Tuesday,18:05,1800 Hours,District 6 (East Central),CEDAR RAPIDS,LINN,,BOYSON RD NE & COUNCIL ST NE,Collision with:  Vehicle in traffic,On Roadway,"Angle, oncoming left turn",FTYROW:  Making left turn,None Indicated,,Dark - roadway lighted,Snow,Snow,None apparent,Intersection:  Four-way intersection,Paved,,Property Damage Only,0,0,0,0,0,0,4500,2,2,,POINT (-91.658214653314 42.046842360251)
2014783225,01-14-5074,02/04/2014,02-February,3-Tuesday,15:39,1500 Hours,District 6 (East Central),DUBUQUE,DUBUQUE,US 20,US 20/DODGE ST & CRESCENT RDG & N CRESCENT RIDGE,Collision with:  Vehicle in traffic,On Roadway,Broadside (front to side),Ran Traffic Signal,None Indicated,,Daylight,Dry,Cloudy,None apparent,Intersection:  Four-way intersection,Paved,,Possible/Unknown,0,2,0,0,2,0,9500,2,2,,POINT (-90.732326985166 42.490320405447)
2014783528,14000954,02/04/2014,02-February,3-Tuesday,05:34,0500 Hours,District 6 (East Central),,DELAWARE,IA 38,IA 38/IOWA 38,Collision with:  Animal,,,Animal,None Indicated,,,,,,,Paved,,Property Damage Only,0,0,0,0,0,0,2000,1,1,,POINT (-91.266237734344 42.368369796563)
2014783739,2014008037,02/04/2014,02-February,3-Tuesday,07:35,0700 Hours,District 4 (Southwest),,DALLAS,I-80,I-80,Collision with fixed object:  Other fixed object (explain in narrative),On Roadway,Non-collision (single vehicle),Driving too fast for conditions,None Indicated,,Daylight,Ice/frost,Snow,None apparent,Non-intersection:  Non-junction/no special feature,Paved,,Property Damage Only,0,0,0,0,0,0,10000,1,1,,POINT (-93.972855509478 41.544567717993)
2014786107,2014008213,02/04/2014,02-February,3-Tuesday,16:35,1600 Hours,District 6 (East Central),,JOHNSON,I-380,I-380 & Co Rd W60/HWY 965 NE/HWY 965 NW,Collision with fixed object:  Bridge overhead structure,On Roadway,Non-collision (single vehicle),Driving too fast for conditions,None Indicated,,Daylight,Snow,Snow,"Surface condition (e.g., wet, icy)",Non-intersection:  Other non-intersection (explain in narrative),Paved,,Property Damage Only,0,0,0,0,0,0,2500,1,1,,POINT (-91.64644276224 41.800520066127)
2014783166,2014-0027,02/04/2014,02-February,3-Tuesday,07:54,0700 Hours,District 5 (Southeast),CARLISLE,WARREN,,S 5TH ST,Collision with fixed object:  Mailbox,Shoulder,Non-collision (single vehicle),Ran off road - right,None Indicated,,Daylight,Ice/frost,Snow,"Surface condition (e.g., wet, icy)",Non-intersection:  Non-junction/no special feature,Paved,,Property Damage Only,0,0,0,0,0,0,3500,1,2,,POINT (-93.491252540241 41.494229002155)
2014783032,20140003115,02/04/2014,02-February,3-Tuesday,07:11,0700 Hours,District 1 (Central),DES MOINES,POLK,,FRANKLIN AVE & 2ND AVE,Collision with:  Vehicle in traffic,On Roadway,Rear-end (front to rear),FTYROW:  Other (explain in narrative),None Indicated,,Dark - roadway lighted,Snow,Snow,"Surface condition (e.g., wet, icy)",Non-intersection:  Non-junction/no special feature,Paved,,Property Damage Only,0,0,0,0,0,0,7000,2,2,,POINT (-93.619839759698 41.611288380373)
2014786471,2014008274,02/04/2014,02-February,3-Tuesday,21:00,2100 Hours,District 6 (East Central),WEST BRANCH,CEDAR,I-80,I-80,Collision with fixed object:  Guardrail - face,Shoulder,Non-collision (single vehicle),Driving too fast for conditions,None Indicated,,Dark - roadway not lighted,Ice/frost,Snow,"Surface condition (e.g., wet, icy)",Non-intersection:  Non-junction/no special feature,Paved,,Minor Injury,0,2,0,1,1,0,11000,1,6,,POINT (-91.338572187548 41.664117376494)
2014783742,2014008199,02/04/2014,02-February,3-Tuesday,16:15,1600 Hours,District 4 (Southwest),,DALLAS,I-80,I-80,Collision with fixed object:  Guardrail - face,On Roadway,Non-collision (single vehicle),Driving too fast for conditions,None Indicated,,Daylight,Ice/frost,Snow,None apparent,Non-intersection:  Non-junction/no special feature,Paved,,Property Damage Only,0,0,0,0,0,0,7000,1,1,,POINT (-93.951954103908 41.548390585829)
2014785170,2014008013,02/04/2014,02-February,3-Tuesday,06:15,0600 Hours,District 5 (Southeast),,WARREN,I-35,I-35,Collision with:  Vehicle in traffic,On Roadway,"Sideswipe, same direction",Ran off road - left,None Indicated,,Daylight,Snow,Snow,"Surface condition (e.g., wet, icy)",Non-intersection:  Non-junction/no special feature,Paved,,Property Damage Only,0,0,0,0,0,0,22478,2,2,,POINT (-93.779598072131 41.297461194788)
2014783290,14-000535,02/04/2014,02-February,3-Tuesday,18:20,1800 Hours,District 1 (Central),ANKENY,POLK,US 69,US 69/N ANKENY BLVD & NW 5TH ST & NE 5TH ST,Collision with:  Vehicle in traffic,On Roadway,Broadside (front to side),Ran Traffic Signal,None Indicated,,Dark - roadway lighted,Snow,Snow,"Surface condition (e.g., wet, icy)",Intersection:  Four-way intersection,Paved,,Possible/Unknown,0,1,0,0,1,0,5000,2,3,,POINT (-93.600348971746 41.735428912311)
2014785954,20140003172,02/04/2014,02-February,3-Tuesday,18:04,1800 Hours,District 1 (Central),DES MOINES,POLK,US 6,US 6/DOUGLAS AVE & 43RD ST,Collision with:  Vehicle in traffic,On Roadway,"Sideswipe, same direction",Driving too fast for conditions,None Indicated,,Dusk,Snow,Snow,"Surface condition (e.g., wet, icy)",Non-intersection:  Non-junction/no special feature,Paved,,Possible/Unknown,0,1,0,0,1,0,6100,3,3,,POINT (-93.676774644662 41.629468068997)
2014783293,14-000533,02/04/2014,02-February,3-Tuesday,15:15,1500 Hours,District 1 (Central),ANKENY,POLK,,SW MAGAZINE RD,Collision with fixed object:  Curb/island/raised median,On Roadway,Non-collision (single vehicle),Lost Control,None Indicated,,Daylight,Snow,Snow,None apparent,Non-intersection:  Non-junction/no special feature,Paved,,Property Damage Only,0,0,0,0,0,0,3000,1,1,,POINT (-93.615597792554 41.716658623959)
2014784092,14012046,02/05/2014,02-February,4-Wednesday,17:39,1700 Hours,District 2 (Northeast),CEDAR FALLS,BLACK HAWK,,UNIVERSITY AVE & VALLEY PARK DR,Collision with:  Vehicle in traffic,On Roadway,"Angle, oncoming left turn",FTYROW:  Making left turn,None Indicated,,Dusk,Snow,Snow,None apparent,Intersection:  Four-way intersection,Paved,,Property Damage Only,0,0,0,0,0,0,3500,2,4,,POINT (-92.436792368118 42.513096797098)
2014785158,2014008350,02/05/2014,02-February,4-Wednesday,06:40,0600 Hours,District 6 (East Central),,CEDAR,I-80,I-80,Collision with:  Vehicle in traffic,On Roadway,Rear-end (front to rear),Driving too fast for conditions,None Indicated,,Dawn,Snow,Snow,None apparent,Non-intersection:  Non-junction/no special feature,Paved,,Property Damage Only,0,0,0,0,0,0,21000,2,2,,POINT (-90.920011100465 41.633939816516)
2014785156,2014008333,02/05/2014,02-February,4-Wednesday,06:25,0600 Hours,District 6 (East Central),,CEDAR,I-80,I-80,Collision with fixed object:  Guardrail - face,Shoulder,Non-collision (single vehicle),Ran off road - left,None Indicated,,Dark - roadway not lighted,Snow,Snow,None apparent,Non-intersection:  Non-junction/no special feature,Paved,,Property Damage Only,0,0,0,0,0,0,10893,1,1,,POINT (-91.098826542762 41.644675144282)
2014786785,14-005,02/05/2014,02-February,4-Wednesday,21:47,2100 Hours,District 3 (Northwest),MANSON,CALHOUN,,Co Rd D26/220TH ST & VAN BUREN AVE,Collision with fixed object:  Ditch,Outside trafficway,Non-collision (single vehicle),Ran Stop Sign,Alcohol (Statutory),,Dark - roadway lighted,Dry,Clear,None apparent,Intersection:  T-intersection,Paved,,Possible/Unknown,0,1,0,0,0,1,3500,1,1,,POINT (-94.501273773484 42.473604311832)
2014783673,14-004684,02/05/2014,02-February,4-Wednesday,08:30,0800 Hours,District 4 (Southwest),COUNCIL BLUFFS,POTTAWATTAMIE,I-80,I-80,Collision with fixed object:  Concrete traffic barrier (median or right side),On Roadway,Non-collision (single vehicle),Driving too fast for conditions,None Indicated,,Daylight,Ice/frost,Clear,"Surface condition (e.g., wet, icy)",Non-intersection:  Other non-intersection (explain in narrative),Paved,,Property Damage Only,0,0,0,0,0,0,3050,1,1,,POINT (-95.908439277128 41.231842833034)
2014788229,2014008443,02/05/2014,02-February,4-Wednesday,10:00,1000 Hours,District 1 (Central),ALTOONA,POLK,I-80,I-80,Collision with:  Vehicle in traffic,On Roadway,Rear-end (front to rear),Driving too fast for conditions,None Indicated,,Daylight,Ice/frost,Clear,None apparent,Interchange-related:  Off-ramp,Paved,,Possible/Unknown,0,1,0,0,1,0,2500,2,2,,POINT (-93.497107387406 41.661153985729)
2014783933,14-0086,02/05/2014,02-February,4-Wednesday,09:00,0900 Hours,District 1 (Central),WINDSOR HEIGHTS,POLK,I-235,I-235 & 73RD ST,Collision with fixed object:  Concrete traffic barrier (median or right side),On Roadway,Non-collision (single vehicle),Swerving/Evasive Action,None Indicated,,Daylight,Snow,Snow,"Surface condition (e.g., wet, icy)",Non-intersection:  Other non-intersection (explain in narrative),Paved,,Property Damage Only,0,0,0,0,0,0,1500,1,1,,POINT (-93.715296363068 41.59334114442)
2014783635,20140003262,02/05/2014,02-February,4-Wednesday,15:40,1500 Hours,District 1 (Central),DES MOINES,POLK,IA 163,IA 163/E UNIVERSITY AVE,Collision with:  Vehicle in traffic,On Roadway,Rear-end (front to rear),Driving too fast for conditions,None Indicated,,Daylight,Ice/frost,Clear,"Surface condition (e.g., wet, icy)",Intersection:  Four-way intersection,Paved,,Property Damage Only,0,0,0,0,0,0,4021,2,3,,POINT (-93.578601127162 41.6005235148)
2014785157,2014008337,02/05/2014,02-February,4-Wednesday,06:27,0600 Hours,District 2 (Northeast),,BLACK HAWK,US 63,US 63/LOGAN AVE,Non-collision events:  Overturn/rollover,Median,Non-collision (single vehicle),Crossed centerline (undivided),None Indicated,,Dark - roadway lighted,Snow,"Blowing sand, soil, dirt","Surface condition (e.g., wet, icy)",Non-intersection:  Non-junction/no special feature,Paved,,Possible/Unknown,0,1,0,0,1,0,6000,1,1,,POINT (-92.337526042731 42.626695421479)
2014784503,S14-000352,02/05/2014,02-February,4-Wednesday,11:08,1100 Hours,District 4 (Southwest),OAKLAND,POTTAWATTAMIE,US 6,US 6,Collision with:  Vehicle in traffic,On Roadway,Head-on (front to front),Crossed centerline (undivided),None Indicated,,Daylight,Ice/frost,Clear,"Surface condition (e.g., wet, icy)",Non-intersection:  Non-junction/no special feature,Paved,,Property Damage Only,0,0,0,0,0,0,9000,2,2,,POINT (-95.387319334079 41.317231085225)
2014784655,2014008410,02/05/2014,02-February,4-Wednesday,08:40,0800 Hours,District 1 (Central),,JASPER,I-80,I-80,Collision with fixed object:  Guardrail - face,Median,Non-collision (single vehicle),Driving too fast for conditions,None Indicated,,Daylight,Ice/frost,Snow,"Surface condition (e.g., wet, icy)",Non-intersection:  Other non-intersection (explain in narrative),Paved,,Property Damage Only,0,0,0,0,0,0,4000,1,1,,POINT (-92.997464796462 41.682477081729)
2014784644,2014008534,02/05/2014,02-February,4-Wednesday,11:20,1100 Hours,District 6 (East Central),,CEDAR,I-80,I-80,Collision with:  Vehicle in traffic,On Roadway,"Sideswipe, same direction",Ran off road - right,None Indicated,,Daylight,Wet,Cloudy,"Surface condition (e.g., wet, icy)",Non-intersection:  Non-junction/no special feature,Paved,,Property Damage Only,0,0,0,0,0,0,3000,2,2,,POINT (-90.967239077435 41.633578147246)
2014785076,14-0257,02/05/2014,02-February,4-Wednesday,20:43,2000 Hours,District 1 (Central),URBANDALE,POLK,I-35,I-35 & IA 141/IOWA 141 &  NW URBANDALE DR,Collision with:  Vehicle in traffic,On Roadway,"Sideswipe, same direction",Made improper turn,None Indicated,,Dark - roadway lighted,Snow,Cloudy,None apparent,Non-intersection:  Non-junction/no special feature,Paved,,Property Damage Only,0,0,0,0,0,0,2200,2,2,,POINT (-93.772457265033 41.647653804647)
2014783643,20140003204,02/05/2014,02-February,4-Wednesday,07:45,0700 Hours,District 1 (Central),DES MOINES,POLK,,EASTON BLVD,Collision with:  Vehicle in traffic,On Roadway,Rear-end (front to rear),Lost Control,None Indicated,,Daylight,Snow,Cloudy,"Surface condition (e.g., wet, icy)",Non-intersection:  Non-junction/no special feature,Paved,,Property Damage Only,0,0,0,0,0,0,3000,2,3,,POINT (-93.547678152147 41.613384196459)
2014784628,2014008558,02/05/2014,02-February,4-Wednesday,10:20,1000 Hours,District 1 (Central),,POWESHIEK,I-80,I-80,Collision with fixed object:  Guardrail - face,Median,Non-collision (single vehicle),Ran off road - left,None Indicated,,Daylight,Ice/frost,"Blowing sand, soil, dirt","Surface condition (e.g., wet, icy)",Non-intersection:  Non-junction/no special feature,Paved,,Property Damage Only,0,0,0,0,0,0,7000,1,1,,POINT (-92.386125515892 41.695996619025)
2014787741,14-01025,02/05/2014,02-February,4-Wednesday,15:19,1500 Hours,District 5 (Southeast),MOUNT PLEASANT,HENRY,,W CLAY ST & E CLAY ST & S MAIN ST,Collision with:  Vehicle in traffic,On Roadway,"Sideswipe, opposite direction",Other (explain in narrative):  Other,None Indicated,,Daylight,Snow,Cloudy,"Surface condition (e.g., wet, icy)",Intersection:  Four-way intersection,Paved,,Property Damage Only,0,0,0,0,0,0,2300,2,2,,POINT (-91.553525134305 40.964413325856)
2014786109,2014008394,02/05/2014,02-February,4-Wednesday,08:08,0800 Hours,District 6 (East Central),CEDAR RAPIDS,LINN,I-380,I-380,Collision with:  Vehicle in traffic,Shoulder,Broadside (front to side),Ran off road - left,None Indicated,,Daylight,Ice/frost,Snow,"Surface condition (e.g., wet, icy)",Non-intersection:  Non-junction/no special feature,Paved,,Major Injury,0,1,1,0,0,0,22000,2,777,,POINT (-91.671182268125 41.894036646496)
2014783628,14-0151,02/05/2014,02-February,4-Wednesday,10:45,1000 Hours,District 1 (Central),CLIVE,POLK,,CARPENTER CIR DR,Collision with:  Parked motor vehicle,On Roadway,"Sideswipe, opposite direction",Illegally Parked/Unattended,None Indicated,,Daylight,Snow,Cloudy,"Surface condition (e.g., wet, icy)",Non-intersection:  Non-junction/no special feature,Paved,,Property Damage Only,0,0,0,0,0,0,3000,2,1,,POINT (-93.744327083358 41.601200295854)
2014783669,14-0122,02/05/2014,02-February,4-Wednesday,11:45,1100 Hours,District 1 (Central),PLEASANT HILL,POLK,,E OAKWOOD DR & SHERRY LYNN BLVD,Collision with:  Vehicle in traffic,On Roadway,Rear-end (front to rear),Driving too fast for conditions,None Indicated,,Daylight,Snow,Severe winds,"Surface condition (e.g., wet, icy)",Non-intersection:  Non-junction/no special feature,Paved,,Property Damage Only,0,0,0,0,0,0,5000,2,2,,POINT (-93.507694292373 41.592941127641)
2014783720,SA1400810,02/05/2014,02-February,4-Wednesday,06:47,0600 Hours,District 5 (Southeast),,WASHINGTON,IA 22,IA 22 & KIWI AVE,Collision with:  Vehicle in traffic,On Roadway,"Sideswipe, opposite direction",Crossed centerline (undivided),None Indicated,,Dawn,Snow,Snow,"Surface condition (e.g., wet, icy)",Non-intersection:  Non-junction/no special feature,Paved,,Possible/Unknown,0,2,0,0,2,0,7500,2,3,,POINT (-91.753679346126 41.485246630501)
2014784883,,02/05/2014,02-February,4-Wednesday,13:10,1300 Hours,District 6 (East Central),CEDAR RAPIDS,LINN,,BLAIRS FERRY RD NE & ROCKWELL DR NE,Collision with:  Vehicle in traffic,On Roadway,Rear-end (front to rear),Unknown,None Indicated,,Daylight,Ice/frost,Clear,,Intersection:  Four-way intersection,Paved,,Possible/Unknown,0,1,0,0,1,0,4300,2,2,,POINT (-91.649230468039 42.03516381285)
2014784096,14012022,02/05/2014,02-February,4-Wednesday,16:28,1600 Hours,District 2 (Northeast),CEDAR FALLS,BLACK HAWK,,LILAC LN,Collision with:  Vehicle in traffic,On Roadway,Broadside (front to side),Swerving/Evasive Action,None Indicated,,Daylight,Snow,Cloudy,"Surface condition (e.g., wet, icy)",Non-intersection:  Non-junction/no special feature,Paved,,Property Damage Only,0,0,0,0,0,0,3000,2,3,,POINT (-92.423586196409 42.507636647804)
2014783731,14-3573,02/05/2014,02-February,4-Wednesday,10:10,1000 Hours,District 3 (Northwest),SIOUX CITY,WOODBURY,,SERGEANT RD,Collision with:  Vehicle in traffic,On Roadway,"Angle, oncoming left turn",FTYROW:  Making left turn,None Indicated,,Daylight,Dry,Cloudy,None apparent,Intersection:  T-intersection,Paved,,Property Damage Only,0,0,0,0,0,0,12000,2,2,,POINT (-96.348757548872 42.447890718929)
2014783222,14-04013,02/05/2014,02-February,4-Wednesday,09:40,0900 Hours,District 5 (Southeast),BURLINGTON,DES MOINES,,SOUTH ST & SUMMER ST,Collision with:  Vehicle in traffic,On Roadway,Broadside (front to side),Ran Stop Sign,None Indicated,,Daylight,Snow,Snow,"Surface condition (e.g., wet, icy)",Intersection:  Four-way intersection,Paved,,Property Damage Only,0,0,0,0,0,0,6000,2,2,,POINT (-91.115079739705 40.79545181392)
2014785220,,02/05/2014,02-February,4-Wednesday,11:15,1100 Hours,District 1 (Central),URBANDALE,POLK,US 6,US 6/HICKMAN RD,Collision with fixed object:  Concrete traffic barrier (median or right side),Shoulder,Non-collision (single vehicle),Unknown,None Indicated,,Daylight,Ice/frost,Clear,,Non-intersection:  Non-junction/no special feature,Paved,,Property Damage Only,0,0,0,0,0,0,2500,1,1,,POINT (-93.807389746194 41.614906959224)
2014784033,2014008438,02/05/2014,02-February,4-Wednesday,10:00,1000 Hours,District 1 (Central),,POLK,I-35,I-35,Collision with:  Vehicle in traffic,On Roadway,"Sideswipe, same direction",Driving too fast for conditions,None Indicated,,Daylight,Ice/frost,"Blowing sand, soil, dirt","Surface condition (e.g., wet, icy)",Non-intersection:  Other non-intersection (explain in narrative),Paved,,Property Damage Only,0,0,0,0,0,0,2300,2,2,,POINT (-93.599494505814 41.649938042613)
2014784219,02-14-2189,02/05/2014,02-February,4-Wednesday,08:45,0800 Hours,District 6 (East Central),,DUBUQUE,US 20,US 20,Collision with fixed object:  Guardrail - face,Roadside,Non-collision (single vehicle),Ran off road - right,None Indicated,,Daylight,Ice/frost,Snow,"Surface condition (e.g., wet, icy)",Non-intersection:  Non-junction/no special feature,Paved,,Property Damage Only,0,0,0,0,0,0,2000,1,2,,POINT (-90.771125640071 42.462345953592)
2014784075,2014008518,02/05/2014,02-February,4-Wednesday,10:55,1000 Hours,District 1 (Central),,POLK,I-35,I-35,Collision with:  Vehicle in traffic,On Roadway,"Sideswipe, same direction",Driving too fast for conditions,None Indicated,,Daylight,Ice/frost,Cloudy,"Surface condition (e.g., wet, icy)",Non-intersection:  Other non-intersection (explain in narrative),Paved,,Property Damage Only,0,0,0,0,0,0,17400,2,2,,POINT (-93.614237372344 41.649490910437)
2014788283,,02/05/2014,02-February,4-Wednesday,11:00,1100 Hours,District 6 (East Central),CEDAR RAPIDS,LINN,US 30,US 30/SW RAMP/SW LOOP & WACONIA AVE SW,Non-collision events:  Other non-collision (explain in narrative),Median,Non-collision (single vehicle),Unknown,None Indicated,,Daylight,Snow,Snow,,Non-intersection:  Other non-intersection (explain in narrative),Paved,,Minor Injury,0,1,0,1,0,0,0,1,2,,POINT (-91.679479640812 41.926600975099)
2014783639,20140003291,02/05/2014,02-February,4-Wednesday,19:07,1900 Hours,District 1 (Central),DES MOINES,POLK,,UNIVERSITY AVE & 42ND ST,Collision with:  Vehicle in traffic,On Roadway,Broadside (front to side),Ran Traffic Signal,None Indicated,,Dark - roadway lighted,Snow,Cloudy,"Surface condition (e.g., wet, icy)",Intersection:  Four-way intersection,Paved,,Property Damage Only,0,0,0,0,0,0,3000,2,2,,POINT (-93.674394378923 41.600352776407)
2014784698,14011907,02/05/2014,02-February,4-Wednesday,08:29,0800 Hours,District 2 (Northeast),CEDAR FALLS,BLACK HAWK,IA 27,IA 27/SW RAMP/NW RAMP & UNIVERSITY AVE,Collision with fixed object:  Utility pole/light support,Shoulder,Non-collision (single vehicle),Driving too fast for conditions,None Indicated,,Daylight,Snow,Cloudy,"Surface condition (e.g., wet, icy)",Interchange-related:  Off-ramp,Paved,,Property Damage Only,0,0,0,0,0,0,2020,1,1,,POINT (-92.444047453811 42.513096200153)
2014784567,14-000171,02/05/2014,02-February,4-Wednesday,18:02,1800 Hours,District 1 (Central),AMES,STORY,,S 4TH ST,Collision with fixed object:  Utility pole/light support,On Roadway,Non-collision (single vehicle),Driving too fast for conditions,None Indicated,,Dark - roadway lighted,Snow,Clear,"Surface condition (e.g., wet, icy)",Non-intersection:  Non-junction/no special feature,Paved,,Property Damage Only,0,0,0,0,0,0,2200,1,1,,POINT (-93.633841686642 42.016270274476)
2014783630,20140003230,02/05/2014,02-February,4-Wednesday,10:30,1000 Hours,District 1 (Central),DES MOINES,POLK,I-235,I-235,Collision with:  Vehicle in traffic,On Roadway,"Sideswipe, same direction",Driving too fast for conditions,None Indicated,,Daylight,Ice/frost,Clear,"Surface condition (e.g., wet, icy)",Non-intersection:  Other non-intersection (explain in narrative),Paved,,Property Damage Only,0,0,0,0,0,0,7000,2,3,,POINT (-93.579726926104 41.604300883693)
2014784627,2014008445,02/05/2014,02-February,4-Wednesday,10:10,1000 Hours,District 6 (East Central),CORALVILLE,JOHNSON,I-80,I-80,Collision with fixed object:  Concrete traffic barrier (median or right side),On Roadway,Non-collision (single vehicle),Driving too fast for conditions,None Indicated,,Daylight,Snow,Snow,"Surface condition (e.g., wet, icy)",Non-intersection:  Non-junction/no special feature,Paved,,Property Damage Only,0,0,0,0,0,0,14500,1,1,,POINT (-91.61962953853 41.694200342336)
2014786274,2014001335,02/05/2014,02-February,4-Wednesday,19:33,1900 Hours,District 6 (East Central),IOWA CITY,JOHNSON,,FRIENDSHIP ST,Collision with:  Vehicle in traffic,On Roadway,Rear-end (front to rear),Lost Control,None Indicated,,Dark - roadway lighted,Snow,Clear,None apparent,Non-intersection:  Non-junction/no special feature,Paved,,Property Damage Only,0,0,0,0,0,0,8000,2,2,,POINT (-91.499755398858 41.653572101031)