Iowa DOT Case Number,Law Enforcement Case Number,Date of Crash,Month of Crash,Day of Week,Time of Crash,Hour,DOT District,City Name,County Name,Route with System,Location Description,First Harmful Event,Location of First Harmful Event,Manner of Crash/Collision,Major Cause,Drug or Alcohol ,Environmental Conditions,Light Conditions,Surface Conditions,Weather Conditions,Roadway Contribution,Roadway Type,Roadway Surface,Work Zone,Crash Severity,Number of Fatalities,Number of Injuries,Number of Major Injuries,Number of Minor Injuries,Number of Possible Injuries,Number of Unknown Injuries,Amount of Property Damage,Number of Vehicles Involved,Total Number of Occupants,Travel Direction,Location
2014785799,1641-14,02/05/2014,02-February,4-Wednesday,00:00,0000 Hours,District 3 (Northwest),SPENCER,CLAY,,E 4TH ST,Collision with fixed object:  Ditch,On Roadway,Non-collision (single vehicle),Crossed centerline (undivided),None Indicated,,Unknown,Snow,"Blowing sand, soil, dirt",Unknown,Non-intersection:  Non-junction/no special feature,Paved,,Property Damage Only,0,0,0,0,0,0,7500,1,1,,POINT (-95.121728905805 43.141811358227)
2014783733,14-3580,02/05/2014,02-February,4-Wednesday,11:40,1100 Hours,District 3 (Northwest),SIOUX CITY,WOODBURY,,S LAKEPORT ST,Collision with:  Vehicle in traffic,On Roadway,"Angle, oncoming left turn",FTYROW:  Making left turn,None Indicated,,Daylight,Wet,Cloudy,"Surface condition (e.g., wet, icy)",Non-intersection:  Other non-intersection (explain in narrative),Paved,,Minor Injury,0,1,0,1,0,0,10000,2,4,,POINT (-96.346449381379 42.46594933104)
2014783838,14016868,02/05/2014,02-February,4-Wednesday,00:13,0000 Hours,District 6 (East Central),,JOHNSON,I-380,I-380,Collision with fixed object:  Guardrail - face,Shoulder,Non-collision (single vehicle),Ran off road - left,Alcohol (Statutory),,Dark - roadway not lighted,Ice/frost,Snow,None apparent,Non-intersection:  Non-junction/no special feature,Paved,,Property Damage Only,0,0,0,0,0,0,9000,1,1,,POINT (-91.646669398248 41.781167313599)
2014783847,2014001333,02/05/2014,02-February,4-Wednesday,18:21,1800 Hours,District 6 (East Central),IOWA CITY,JOHNSON,,STEVENS DR,Collision with:  Vehicle in traffic,On Roadway,Rear-end (front to rear),Followed too close,None Indicated,,Dark - roadway lighted,Ice/frost,Clear,None apparent,Non-intersection:  Non-junction/no special feature,Paved,,Property Damage Only,0,0,0,0,0,0,3000,2,4,,POINT (-91.533286987405 41.642917497352)
2014784591,2014-02318,02/05/2014,02-February,4-Wednesday,16:41,1600 Hours,District 5 (Southeast),INDIANOLA,WARREN,,W CLINTON AVE,Collision with:  Parked motor vehicle,On Roadway,Rear-end (front to rear),Illegally Parked/Unattended,None Indicated,,Daylight,Snow,Clear,None apparent,Non-intersection:  Non-junction/no special feature,Paved,,Property Damage Only,0,0,0,0,0,0,4000,2,1,,POINT (-93.571618007724 41.363455955331)
2014794592,1402052345,02/05/2014,02-February,4-Wednesday,23:45,2300 Hours,District 6 (East Central),,JONES,,FREEMONT RD,Non-collision events:  Other non-collision (explain in narrative),On Roadway,Non-collision (single vehicle),Swerving/Evasive Action,None Indicated,,Dark - roadway not lighted,Snow,Snow,None apparent,Non-intersection:  Non-junction/no special feature,Unpaved,,Property Damage Only,0,0,0,0,0,0,6000,1,2,,POINT (-91.34535900174 42.148633706822)
2014783510,W14-011951,02/05/2014,02-February,4-Wednesday,11:48,1100 Hours,District 2 (Northeast),WATERLOO,BLACK HAWK,,E 7TH ST & FRANKLIN ST,Collision with:  Vehicle in traffic,On Roadway,Broadside (front to side),FTYROW:  From driveway,None Indicated,,Daylight,Snow,Snow,None apparent,Non-intersection:  Driveway access (within),Paved,,Property Damage Only,0,0,0,0,0,0,10500,2,4,,POINT (-92.32997187352 42.498554020261)
2014783644,20140003213,02/05/2014,02-February,4-Wednesday,08:00,0800 Hours,District 1 (Central),DES MOINES,POLK,,SAYLOR RD,Collision with fixed object:  Utility pole/light support,On Roadway,Non-collision (single vehicle),Ran off road - left,None Indicated,,Daylight,Snow,Snow,"Surface condition (e.g., wet, icy)",Non-intersection:  Non-junction/no special feature,Paved,,Possible/Unknown,0,2,0,0,2,0,10300,1,2,,POINT (-93.610897368789 41.611183124833)
2014784626,2014008428,02/05/2014,02-February,4-Wednesday,09:15,0900 Hours,District 6 (East Central),CORALVILLE,JOHNSON,I-80,I-80,Collision with fixed object:  Concrete traffic barrier (median or right side),On Roadway,Non-collision (single vehicle),Lost Control,None Indicated,,Daylight,Snow,Snow,"Surface condition (e.g., wet, icy)",Non-intersection:  Non-junction/no special feature,Paved,,Possible/Unknown,0,1,0,0,1,0,5500,1,1,,POINT (-91.619185025425 41.694195001592)
2014783609,14002799,02/05/2014,02-February,4-Wednesday,10:21,1000 Hours,District 5 (Southeast),OSKALOOSA,MAHASKA,,S D ST,Collision with:  Vehicle in traffic,On Roadway,"Sideswipe, same direction",Driving too fast for conditions,None Indicated,,Daylight,Snow,Cloudy,"Surface condition (e.g., wet, icy)",Non-intersection:  Non-junction/no special feature,Paved,,Property Damage Only,0,0,0,0,0,0,3100,2,3,,POINT (-92.649752460179 41.287524891323)
2014802448,201400006038,02/05/2014,02-February,4-Wednesday,16:42,1600 Hours,District 5 (Southeast),OTTUMWA,WAPELLO,,RICHMOND AVE & N FERRY ST,Collision with:  Vehicle in traffic,On Roadway,Broadside (front to side),FTYROW:  From driveway,None Indicated,,Daylight,Snow,Clear,None apparent,Non-intersection:  Driveway access (within),Paved,,Property Damage Only,0,0,0,0,0,0,2300,2,3,,POINT (-92.432731086583 41.007341587811)
2014783636,20140003264,02/05/2014,02-February,4-Wednesday,15:55,1500 Hours,District 1 (Central),DES MOINES,POLK,US 6,US 6/DOUGLAS AVE & 34TH ST,Collision with:  Vehicle in traffic,On Roadway,Rear-end (front to rear),Driving too fast for conditions,None Indicated,,Daylight,Snow,Clear,None apparent,Non-intersection:  Non-junction/no special feature,Paved,,Property Damage Only,0,0,0,0,0,0,3500,2,3,,POINT (-93.664698104422 41.629538535305)
2014784168,CL14000352,02/05/2014,02-February,4-Wednesday,02:34,0200 Hours,District 6 (East Central),CLINTON,CLINTON,,BEAVER CHANNEL PKWY,Collision with fixed object:  Utility pole/light support,On Roadway,Non-collision (single vehicle),Driving too fast for conditions,None Indicated,,Dark - roadway lighted,Snow,Snow,"Surface condition (e.g., wet, icy)",Non-intersection:  Non-junction/no special feature,Paved,,Property Damage Only,0,0,0,0,0,0,8000,1,1,,POINT (-90.21846682939 41.816172367238)
2014783604,201401760,02/05/2014,02-February,4-Wednesday,16:30,1600 Hours,District 6 (East Central),CEDAR RAPIDS,LINN,,3RD AVE SE & 12TH ST SE,Collision with:  Vehicle in traffic,On Roadway,Broadside (front to side),FTYROW:  From stop sign,None Indicated,,Daylight,Slush,Clear,None apparent,Intersection:  Four-way intersection,Paved,,Property Damage Only,0,0,0,0,0,0,1500,2,3,,POINT (-91.656110959448 41.983232688467)
2014784611,2014008321,02/05/2014,02-February,4-Wednesday,04:42,0400 Hours,District 6 (East Central),,JOHNSON,I-80,I-80,Non-collision events:  Jackknife,Median,Non-collision (single vehicle),Driving too fast for conditions,None Indicated,,Dark - roadway not lighted,Ice/frost,Snow,None apparent,Non-intersection:  Non-junction/no special feature,Paved,,Property Damage Only,0,0,0,0,0,0,5000,1,1,,POINT (-91.428580235677 41.667734285347)
2014783662,14-0251,02/05/2014,02-February,4-Wednesday,15:22,1500 Hours,District 1 (Central),URBANDALE,POLK,,73RD ST,Collision with fixed object:  Other fixed object (explain in narrative),On Roadway,Non-collision (single vehicle),Driving too fast for conditions,None Indicated,,Daylight,Snow,Clear,None apparent,Non-intersection:  Non-junction/no special feature,Paved,,Property Damage Only,0,0,0,0,0,0,2300,1,1,,POINT (-93.71854280291 41.631808632911)
2014783729,14-3565,02/05/2014,02-February,4-Wednesday,08:31,0800 Hours,District 3 (Northwest),SIOUX CITY,WOODBURY,I-29,I-29,Collision with fixed object:  Traffic sign support,On Roadway,Non-collision (single vehicle),Driving too fast for conditions,None Indicated,,Daylight,Snow,Clear,"Surface condition (e.g., wet, icy)",Non-intersection:  Non-junction/no special feature,Paved,,Property Damage Only,0,0,0,0,0,0,4500,1,1,,POINT (-96.412058470883 42.490909209735)
2014783619,14-794,02/05/2014,02-February,4-Wednesday,15:13,1500 Hours,District 1 (Central),ANKENY,POLK,IA 415,IA 415/SW ORALABOR RD/NW 35TH ST & NW 26TH ST,Collision with:  Vehicle in traffic,On Roadway,Rear-end (front to rear),Driving too fast for conditions,None Indicated,,Daylight,Ice/frost,Cloudy,"Surface condition (e.g., wet, icy)",Intersection:  T-intersection,Paved,,Property Damage Only,0,0,0,0,0,0,2500,2,4,,POINT (-93.652594529766 41.701872046691)
2014784035,2014008481,02/05/2014,02-February,4-Wednesday,11:00,1100 Hours,District 1 (Central),,POLK,I-35,I-35,Collision with fixed object:  Concrete traffic barrier (median or right side),Median,Non-collision (single vehicle),Driving too fast for conditions,None Indicated,,Daylight,Ice/frost,Severe winds,"Surface condition (e.g., wet, icy)",Non-intersection:  Non-junction/no special feature,Paved,,Property Damage Only,0,0,0,0,0,0,4000,1,1,,POINT (-93.594453261769 41.650216424854)
2014788441,2014008353,02/05/2014,02-February,4-Wednesday,07:20,0700 Hours,District 6 (East Central),DAVENPORT,SCOTT,I-80,I-80,Collision with:  Vehicle in traffic,On Roadway,"Sideswipe, same direction",Driving too fast for conditions,None Indicated,,Daylight,Ice/frost,Snow,"Surface condition (e.g., wet, icy)",Non-intersection:  Non-junction/no special feature,Paved,,Property Damage Only,0,0,0,0,0,0,121200,4,5,,POINT (-90.610446289649 41.599872967287)
2014783736,14-3617,02/05/2014,02-February,4-Wednesday,16:49,1600 Hours,District 3 (Northwest),SIOUX CITY,WOODBURY,,29TH ST & COURT ST,Collision with:  Vehicle in traffic,On Roadway,Broadside (front to side),Driving too fast for conditions,None Indicated,,Daylight,Slush,Cloudy,"Surface condition (e.g., wet, icy)",Intersection:  T-intersection,Paved,,Property Damage Only,0,0,0,0,0,0,3550,2,4,,POINT (-96.396402677723 42.520603301795)
2014784699,14011919,02/05/2014,02-February,4-Wednesday,09:34,0900 Hours,District 2 (Northeast),CEDAR FALLS,BLACK HAWK,IA 27,IA 27/SW RAMP/NW RAMP & UNIVERSITY AVE,Collision with:  Vehicle in traffic,On Roadway,Broadside (front to side),Ran Traffic Signal,None Indicated,,Daylight,Snow,Cloudy,None apparent,Interchange-related:  Off-ramp,Paved,,Property Damage Only,0,0,0,0,0,0,2500,2,2,,POINT (-92.444047453811 42.513096200153)
2014784045,2014008361,02/05/2014,02-February,4-Wednesday,07:35,0700 Hours,District 1 (Central),,POLK,I-35,I-35,Collision with:  Vehicle in traffic,On Roadway,Rear-end (front to rear),Driving too fast for conditions,None Indicated,,Daylight,Ice/frost,Cloudy,"Surface condition (e.g., wet, icy)",Non-intersection:  Non-junction/no special feature,Paved,,Property Damage Only,0,0,0,0,0,0,14500,2,2,,POINT (-93.607692812135 41.649525696741)
2014784613,2014008365,02/05/2014,02-February,4-Wednesday,07:05,0700 Hours,District 6 (East Central),,IOWA,I-80,I-80,Collision with fixed object:  Guardrail - face,Median,Non-collision (single vehicle),Ran off road - left,None Indicated,,Daylight,Ice/frost,Snow,"Surface condition (e.g., wet, icy)",Non-intersection:  Non-junction/no special feature,Paved,,Property Damage Only,0,0,0,0,0,0,4600,1,1,,POINT (-91.972252133372 41.687005822141)
2014784015,14-3725,02/05/2014,02-February,4-Wednesday,17:00,1700 Hours,District 3 (Northwest),SIOUX CITY,WOODBURY,,SINGING HILLS BLVD,Collision with:  Vehicle in traffic,On Roadway,Rear-end (front to rear),Followed too close,None Indicated,,Daylight,Unknown,Unknown,Unknown,Non-intersection:  Non-junction/no special feature,Paved,,Possible/Unknown,0,1,0,0,0,1,2100,3,3,,POINT (-96.376506879744 42.434163201821)
2014783541,14-2995,02/05/2014,02-February,4-Wednesday,18:11,1800 Hours,District 1 (Central),COLFAX,JASPER,IA 117,IA 117/IOWA 117 S,Collision with:  Vehicle in traffic,On Roadway,Rear-end (front to rear),Driver Distraction:  Manual operation of an electronic communication device,None Indicated,,Dark - roadway not lighted,Snow,Clear,None apparent,Non-intersection:  Non-junction/no special feature,Paved,,Possible/Unknown,0,1,0,0,1,0,0,2,2,,POINT (-93.232231973452 41.65982362231)
2014785192,14-001678,02/05/2014,02-February,4-Wednesday,07:45,0700 Hours,District 6 (East Central),TIPTON,CEDAR,IA 38,IA 38/CEDAR ST & 1ST ST,Collision with:  Vehicle in traffic,On Roadway,"Sideswipe, same direction",Swerving/Evasive Action,None Indicated,,Daylight,Snow,Snow,None apparent,Intersection:  Four-way intersection,Paved,,Possible/Unknown,0,2,0,0,0,2,3700,2,2,,POINT (-91.128382283464 41.765866412767)
2014783645,20140003297,02/05/2014,02-February,4-Wednesday,21:15,2100 Hours,District 1 (Central),DES MOINES,POLK,,SE 20TH ST,Collision with:  Parked motor vehicle,On Roadway,Rear-end (front to rear),Unknown,None Indicated,,Dark - roadway lighted,Snow,Cloudy,"Surface condition (e.g., wet, icy)",Non-intersection:  Driveway access (within),Paved,,Property Damage Only,0,0,0,0,0,0,1500,2,1,,POINT (-93.581764317678 41.557218593431)
2014784093,14012067,02/05/2014,02-February,4-Wednesday,18:35,1800 Hours,District 2 (Northeast),CEDAR FALLS,BLACK HAWK,,S FRONTAGE RD & VALLEY PARK DR,Collision with:  Vehicle in traffic,On Roadway,Broadside (front to side),FTYROW:  Other (explain in narrative),None Indicated,,Dark - roadway lighted,Snow,Cloudy,None apparent,Intersection:  Other intersection (explain in narrative),Paved,,Property Damage Only,0,0,0,0,0,0,1600,2,2,,POINT (-92.436807289225 42.512790673431)
2014783300,14-0150,02/05/2014,02-February,4-Wednesday,11:57,1100 Hours,District 1 (Central),CLIVE,POLK,,NW 92ND CT,Collision with:  Vehicle in traffic,On Roadway,"Sideswipe, opposite direction",Lost Control,None Indicated,,Daylight,Snow,Cloudy,"Surface condition (e.g., wet, icy)",Non-intersection:  Non-junction/no special feature,Paved,,Property Damage Only,0,0,0,0,0,0,5200,2,3,,POINT (-93.743195986848 41.609296075826)
2014785295,14-1676,02/05/2014,02-February,4-Wednesday,10:05,1000 Hours,District 6 (East Central),ANDREW,JACKSON,,W BENTON ST & E BENTON ST & N MAIN ST,Collision with:  Vehicle in traffic,On Roadway,Rear-end (front to rear),Improper Backing,None Indicated,,Daylight,Snow,Clear,"Surface condition (e.g., wet, icy)",Intersection:  Four-way intersection,Paved,,Property Damage Only,0,0,0,0,0,0,6500,2,2,,POINT (-90.592368878311 42.154543337309)
2014784257,23-2014,02/05/2014,02-February,4-Wednesday,11:15,1100 Hours,District 4 (Southwest),,HARRISON,IA 191,IA 191/IOWA 191,Collision with fixed object:  Ditch,On Roadway,Non-collision (single vehicle),Driving too fast for conditions,None Indicated,,Daylight,Other (explain in narrative),Cloudy,None apparent,Non-intersection:  Non-junction/no special feature,Paved,,Property Damage Only,0,0,0,0,0,0,2000,1,1,,POINT (-95.580190575377 41.548494405804)
2014784028,2014008313,02/05/2014,02-February,4-Wednesday,00:30,0000 Hours,District 5 (Southeast),,HENRY,US 218,US 218,Non-collision events:  Overturn/rollover,Roadside,Non-collision (single vehicle),Ran off road - right,None Indicated,,Dark - roadway not lighted,Snow,Snow,None apparent,Non-intersection:  Non-junction/no special feature,Paved,,Property Damage Only,0,0,0,0,0,0,90000,1,1,,POINT (-91.551518495657 40.903440476815)
2014798018,140768PD,02/05/2014,02-February,4-Wednesday,09:00,0900 Hours,District 1 (Central),BOONE,BOONE,US 30,US 30/220TH ST & SNEDDEN DR,Collision with fixed object:  Culvert/pipe opening,Outside trafficway,Non-collision (single vehicle),Ran off road - left,None Indicated,,Daylight,Other (explain in narrative),Cloudy,"Surface condition (e.g., wet, icy)",Intersection:  Four-way intersection,Paved,,Property Damage Only,0,0,0,0,0,0,5000,1,1,,POINT (-93.853900664818 42.034577430327)
2014784058,2014008652,02/05/2014,02-February,4-Wednesday,16:20,1600 Hours,District 3 (Northwest),,CARROLL,,Co Rd N58/A AVE & 310TH ST,Collision with:  Vehicle in traffic,On Roadway,Broadside (front to side),Ran Stop Sign,None Indicated,,Daylight,Dry,Clear,None apparent,Intersection:  Four-way intersection,Paved,,Possible/Unknown,0,1,0,0,1,0,10000,2,4,,POINT (-94.629617424184 41.906228743427)
2014788442,2014008397,02/05/2014,02-February,4-Wednesday,05:35,0500 Hours,District 6 (East Central),,SCOTT,I-80,I-80,Collision with fixed object:  Guardrail - face,On Roadway,Non-collision (single vehicle),Driving too fast for conditions,None Indicated,,Dark - roadway not lighted,Ice/frost,Cloudy,"Surface condition (e.g., wet, icy)",Non-intersection:  Non-junction/no special feature,Paved,,Property Damage Only,0,0,0,0,0,0,4500,1,1,,POINT (-90.841480090484 41.633013765109)
2014783603,201401755,02/05/2014,02-February,4-Wednesday,12:45,1200 Hours,District 6 (East Central),CEDAR RAPIDS,LINN,,5TH ST SW,Collision with:  Vehicle in traffic,On Roadway,Broadside (front to side),Ran Traffic Signal,None Indicated,,Daylight,Slush,Clear,"Surface condition (e.g., wet, icy)",Intersection:  Four-way intersection,Paved,,Property Damage Only,0,0,0,0,0,0,7500,2,2,,POINT (-91.678184467981 41.974707726019)
2014783226,01-14-5137,02/05/2014,02-February,4-Wednesday,04:07,0400 Hours,District 6 (East Central),DUBUQUE,DUBUQUE,,FOREST LN & GLEN OAK ST,Collision with:  Vehicle in traffic,On Roadway,"Sideswipe, same direction",Other (explain in narrative):  Other,None Indicated,,Dark - roadway lighted,Snow,Snow,"Surface condition (e.g., wet, icy)",Intersection:  Four-way intersection,Paved,,Property Damage Only,0,0,0,0,0,0,2950,2,1,,POINT (-90.682916678303 42.498480934286)
2014783626,14-000547,02/05/2014,02-February,4-Wednesday,12:45,1200 Hours,District 1 (Central),ANKENY,POLK,IA 160,IA 160/SW ORALABOR RD & IA 415/SW STATE ST,Collision with:  Vehicle in traffic,On Roadway,Rear-end (front to rear),Followed too close,None Indicated,,Daylight,Snow,Clear,"Surface condition (e.g., wet, icy)",Non-intersection:  Non-junction/no special feature,Paved,,Property Damage Only,0,0,0,0,0,0,2300,2,2,,POINT (-93.621550183463 41.703115988409)
2014783605,201401762,02/05/2014,02-February,4-Wednesday,16:35,1600 Hours,District 6 (East Central),CEDAR RAPIDS,LINN,,16TH AVE SW & WEST POST RD SW,Collision with:  Vehicle in traffic,On Roadway,Rear-end (front to rear),Followed too close,None Indicated,,Daylight,Snow,Clear,"Surface condition (e.g., wet, icy)",Intersection:  Four-way intersection,Paved,,Property Damage Only,0,0,0,0,0,0,10100,2,4,,POINT (-91.740411181679 41.96389714525)
2014787350,14-2939,02/05/2014,02-February,4-Wednesday,05:52,0500 Hours,District 1 (Central),NEWTON,JASPER,,N 19TH AVE E & E 31ST ST N,Collision with:  Vehicle in traffic,On Roadway,Broadside (front to side),Ran Stop Sign,Alcohol (Statutory),,Dark - roadway not lighted,Snow,Snow,"Surface condition (e.g., wet, icy)",Intersection:  Y-intersection,Paved,,Property Damage Only,0,0,0,0,0,0,2500,2,3,,POINT (-93.016373403301 41.716901233986)
2014783524,140289,02/05/2014,02-February,4-Wednesday,02:45,0200 Hours,District 3 (Northwest),DENISON,CRAWFORD,US 30,US 30,Collision with fixed object:  Utility pole/light support,Shoulder,Non-collision (single vehicle),Swerving/Evasive Action,None Indicated,,Dark - roadway lighted,Snow,Cloudy,"Surface condition (e.g., wet, icy)",Non-intersection:  Non-junction/no special feature,Paved,,Property Damage Only,0,0,0,0,0,0,3500,1,1,,POINT (-95.366958527459 42.005471449757)
2014783516,14-031,02/05/2014,02-February,4-Wednesday,08:12,0800 Hours,District 2 (Northeast),WAVERLY,BREMER,,2ND AVE SW & 10TH ST SW,Collision with:  Vehicle in traffic,On Roadway,Rear-end (front to rear),Followed too close,None Indicated,,Daylight,Snow,Snow,"Surface condition (e.g., wet, icy)",Non-intersection:  Non-junction/no special feature,Paved,,Property Damage Only,0,0,0,0,0,0,4800,2,5,,POINT (-92.482989831504 42.723731807785)
2014786135,,02/05/2014,02-February,4-Wednesday,17:03,1700 Hours,District 5 (Southeast),FORT MADISON,LEE,,AVE D,Collision with:  Parked motor vehicle,On Roadway,"Sideswipe, same direction",Other (explain in narrative):  Vision obstructed,None Indicated,,Daylight,Snow,Snow,None apparent,Non-intersection:  Non-junction/no special feature,Paved,,Property Damage Only,0,0,0,0,0,0,2000,2,1,,POINT (-91.33636151446 40.634322291694)
2014783625,14-000545,02/05/2014,02-February,4-Wednesday,08:02,0800 Hours,District 1 (Central),ANKENY,POLK,IA 160,IA 160/SW ORALABOR RD & SW HIGHPOINT DR & DMACC BLVD,Collision with:  Vehicle in traffic,On Roadway,Rear-end (front to rear),Driving too fast for conditions,None Indicated,,Daylight,Snow,Cloudy,"Surface condition (e.g., wet, icy)",Non-intersection:  Non-junction/no special feature,Paved,,Property Damage Only,0,0,0,0,0,0,7500,3,3,,POINT (-93.612522283741 41.702939285604)
2014787383,20141011,02/05/2014,02-February,4-Wednesday,12:00,1200 Hours,District 6 (East Central),MOUNT VERNON,LINN,,7TH AVE NW,Collision with:  Vehicle in traffic,Shoulder,Rear-end (front to rear),Driving too fast for conditions,None Indicated,,Daylight,Snow,Clear,"Surface condition (e.g., wet, icy)",Non-intersection:  Non-junction/no special feature,Paved,,Property Damage Only,0,0,0,0,0,0,3000,2,777,,POINT (-91.422913576896 41.925785822126)
2014784030,2014008379,02/05/2014,02-February,4-Wednesday,08:01,0800 Hours,District 1 (Central),,POLK,I-35,I-35,Collision with fixed object:  Concrete traffic barrier (median or right side),On Roadway,Non-collision (single vehicle),Driving too fast for conditions,None Indicated,,Daylight,Ice/frost,"Blowing sand, soil, dirt","Surface condition (e.g., wet, icy)",Non-intersection:  Non-junction/no special feature,Paved,,Property Damage Only,0,0,0,0,0,0,5500,1,1,,POINT (-93.591080262218 41.650386942368)
2014784000,14-0077,02/05/2014,02-February,4-Wednesday,07:00,0700 Hours,District 1 (Central),OTHO,WEBSTER,,280TH ST,Non-collision events:  Other non-collision (explain in narrative),On Roadway,Non-collision (single vehicle),Other (explain in narrative):  Other,None Indicated,,Daylight,Snow,"Blowing sand, soil, dirt","Surface condition (e.g., wet, icy)",Non-intersection:  Non-junction/no special feature,Unpaved,,Property Damage Only,0,0,0,0,0,0,2000,1,1,,POINT (-94.136689613888 42.383599634302)
2014784882,,02/05/2014,02-February,4-Wednesday,07:30,0700 Hours,District 6 (East Central),CEDAR RAPIDS,LINN,,60TH ST NE & COUNCIL ST NE,Collision with:  Vehicle in traffic,On Roadway,Broadside (front to side),Unknown,None Indicated,,Daylight,Snow,Snow,,Intersection:  Four-way intersection,Paved,,Property Damage Only,0,0,0,0,0,0,4100,2,3,,POINT (-91.658325203541 42.038143526566)
2014783667,14-000255,02/05/2014,02-February,4-Wednesday,17:41,1700 Hours,District 1 (Central),ALTOONA,POLK,,34TH AVE SW,Collision with:  Vehicle in traffic,On Roadway,Rear-end (front to rear),Driving too fast for conditions,None Indicated,,Dusk,Ice/frost,Clear,"Surface condition (e.g., wet, icy)",Intersection:  Four-way intersection,Paved,,Property Damage Only,0,0,0,0,0,0,2000,2,2,,POINT (-93.503111630488 41.644005225085)
2014788230,2014008490,02/05/2014,02-February,4-Wednesday,11:05,1100 Hours,District 1 (Central),,POLK,I-35,I-35,Non-collision events:  Jackknife,On Roadway,Non-collision (single vehicle),Swerving/Evasive Action,None Indicated,,Daylight,Snow,Cloudy,"Surface condition (e.g., wet, icy)",Non-intersection:  Other non-intersection (explain in narrative),Paved,,Property Damage Only,0,0,0,0,0,0,30000,1,1,,POINT (-93.591080262218 41.650386942368)
2014783578,1402050752,02/05/2014,02-February,4-Wednesday,07:52,0700 Hours,District 6 (East Central),,JONES,US 151,US 151,Non-collision events:  Overturn/rollover,On Roadway,Non-collision (single vehicle),Ran off road - right,None Indicated,,Daylight,Ice/frost,Cloudy,None apparent,Non-intersection:  Non-junction/no special feature,Paved,,Possible/Unknown,0,1,0,0,1,0,1500,1,1,,POINT (-91.282816207613 42.075972040719)
2014783425,14-0076,02/05/2014,02-February,4-Wednesday,01:05,0100 Hours,District 1 (Central),,WEBSTER,,Co Rd D18/190TH ST,Collision with fixed object:  Bridge overhead structure,On Roadway,Non-collision (single vehicle),Other (explain in narrative):  No improper action,None Indicated,,Dark - roadway not lighted,Snow,Snow,"Surface condition (e.g., wet, icy)",Non-intersection:  Other non-intersection (explain in narrative),Paved,,Property Damage Only,0,0,0,0,0,0,6000,1,1,,POINT (-94.010237055045 42.515611460876)
2014783746,14000668,02/05/2014,02-February,4-Wednesday,08:03,0800 Hours,District 2 (Northeast),ALGONA,KOSSUTH,,E MC GREGOR ST,Collision with fixed object:  Utility pole/light support,On Roadway,Non-collision (single vehicle),Swerving/Evasive Action,None Indicated,,Daylight,Ice/frost,Snow,"Surface condition (e.g., wet, icy)",Non-intersection:  Non-junction/no special feature,Paved,,Property Damage Only,0,0,0,0,0,0,2100,1,1,,POINT (-94.218305932246 43.06679040234)
2014784643,2014008418,02/05/2014,02-February,4-Wednesday,08:55,0800 Hours,District 6 (East Central),,CEDAR,I-80,I-80,Collision with fixed object:  Ditch,Outside trafficway,Non-collision (single vehicle),Ran off road - right,None Indicated,,Daylight,Ice/frost,Cloudy,"Surface condition (e.g., wet, icy)",Non-intersection:  Non-junction/no special feature,Paved,,Property Damage Only,0,0,0,0,0,0,3000,1,1,,POINT (-91.326706117055 41.664080296093)
2014793269,,02/05/2014,02-February,4-Wednesday,08:55,0800 Hours,District 6 (East Central),CEDAR RAPIDS,LINN,,TOWNE LN NE,Collision with:  Vehicle in traffic,On Roadway,Rear-end (front to rear),Unknown,None Indicated,,Daylight,Snow,Snow,,Intersection:  T-intersection,Paved,,Property Damage Only,0,0,0,0,0,0,2200,2,6,,POINT (-91.670671812973 42.032964452663)
2014783732,14-3575,02/05/2014,02-February,4-Wednesday,10:30,1000 Hours,District 3 (Northwest),SIOUX CITY,WOODBURY,,MORNINGSIDE AVE & S LAKEPORT ST & S PALMETTO ST,Collision with:  Vehicle in traffic,On Roadway,"Angle, oncoming left turn",FTYROW:  Making left turn,None Indicated,,Daylight,Snow,Clear,None apparent,Intersection:  Four-way intersection,Paved,,Possible/Unknown,0,1,0,0,1,0,2000,2,3,,POINT (-96.34651621278 42.470395628067)
2014788415,2014-8000,02/05/2014,02-February,4-Wednesday,12:11,1200 Hours,District 6 (East Central),DAVENPORT,SCOTT,,IA 461/HARRISON ST,Collision with:  Vehicle in traffic,On Roadway,"Sideswipe, same direction",Improper or erratic lane changing,None Indicated,,Daylight,Wet,Clear,None apparent,Non-intersection:  Non-junction/no special feature,Paved,,Property Damage Only,0,0,0,0,0,0,4000,2,4,,POINT (-90.576659287138 41.548855807315)
2014783679,14-004699,02/05/2014,02-February,4-Wednesday,11:04,1100 Hours,District 4 (Southwest),COUNCIL BLUFFS,POTTAWATTAMIE,I-29,I-29,Collision with fixed object:  Concrete traffic barrier (median or right side),On Roadway,Non-collision (single vehicle),Ran off road - left,None Indicated,,Daylight,Ice/frost,Clear,"Surface condition (e.g., wet, icy)",Non-intersection:  Other non-intersection (explain in narrative),Paved,,Property Damage Only,0,0,0,0,0,0,3000,1,1,,POINT (-95.848560255382 41.232098054546)