Iowa DOT Case Number,Law Enforcement Case Number,Date of Crash,Month of Crash,Day of Week,Time of Crash,Hour,DOT District,City Name,County Name,Route with System,Location Description,First Harmful Event,Location of First Harmful Event,Manner of Crash/Collision,Major Cause,Drug or Alcohol ,Environmental Conditions,Light Conditions,Surface Conditions,Weather Conditions,Roadway Contribution,Roadway Type,Roadway Surface,Work Zone,Crash Severity,Number of Fatalities,Number of Injuries,Number of Major Injuries,Number of Minor Injuries,Number of Possible Injuries,Number of Unknown Injuries,Amount of Property Damage,Number of Vehicles Involved,Total Number of Occupants,Travel Direction,Location
2014783748,14-00142,02/05/2014,02-February,4-Wednesday,05:45,0500 Hours,District 6 (East Central),WEST BRANCH,CEDAR,I-80,I-80,Collision with:  Vehicle in traffic,On Roadway,"Sideswipe, same direction",Driving too fast for conditions,None Indicated,,Dark - roadway not lighted,Ice/frost,Snow,"Surface condition (e.g., wet, icy)",Unknown,Paved,,Property Damage Only,0,0,0,0,0,0,3000,2,2,,POINT (-91.365968389065 41.666068393783)
2014783782,020514-107,02/05/2014,02-February,4-Wednesday,12:57,1200 Hours,District 3 (Northwest),STORM LAKE,BUENA VISTA,,E 4TH ST & VILAS RD,Collision with:  Vehicle in traffic,On Roadway,Broadside (front to side),Driving too fast for conditions,None Indicated,,Daylight,Snow,Snow,None apparent,Non-intersection:  Non-junction/no special feature,Paved,,Minor Injury,0,1,0,1,0,0,8000,2,2,,POINT (-95.184774906734 42.642489497345)
2014783435,14-0359,02/05/2014,02-February,4-Wednesday,13:30,1300 Hours,District 1 (Central),FORT DODGE,WEBSTER,,5TH AVE S,Collision with:  Vehicle in traffic,On Roadway,Broadside (front to side),FTYROW:  At uncontrolled intersection,None Indicated,,Daylight,Snow,Cloudy,None apparent,Non-intersection:  Non-junction/no special feature,Paved,,Property Damage Only,0,0,0,0,0,0,2000,2,2,,POINT (-94.156841509046 42.501166936291)
2014784170,CL14000358,02/05/2014,02-February,4-Wednesday,16:04,1600 Hours,District 6 (East Central),CLINTON,CLINTON,US 67,US 67/N 2ND ST,Collision with:  Vehicle in traffic,On Roadway,Rear-end (front to rear),Followed too close,None Indicated,,Daylight,Slush,Cloudy,None apparent,Non-intersection:  Non-junction/no special feature,Paved,,Possible/Unknown,0,1,0,0,1,0,8000,2,3,,POINT (-90.187075816413 41.851772446413)
2014783881,2014001060,02/05/2014,02-February,4-Wednesday,09:55,0900 Hours,District 1 (Central),MARSHALLTOWN,MARSHALL,,E WOODBURY ST,Collision with:  Parked motor vehicle,On Roadway,Rear-end (front to rear),Other (explain in narrative):  Other,None Indicated,,Daylight,Snow,Snow,None apparent,Non-intersection:  Non-junction/no special feature,Paved,,Property Damage Only,0,0,0,0,0,0,3000,2,1,,POINT (-92.905823777402 42.052801214292)
2014784204,01-14-5211,02/05/2014,02-February,4-Wednesday,16:45,1600 Hours,District 6 (East Central),DUBUQUE,DUBUQUE,,E 8TH ST & JACKSON ST,Collision with:  Vehicle in traffic,On Roadway,Broadside (front to side),FTYROW:  At uncontrolled intersection,None Indicated,,Daylight,Snow,Cloudy,None apparent,Intersection:  Other intersection (explain in narrative),Paved,,Property Damage Only,0,0,0,0,0,0,2200,2,3,,POINT (-90.66313131597 42.502023284847)
2014783882,2014001068,02/05/2014,02-February,4-Wednesday,14:55,1400 Hours,District 1 (Central),MARSHALLTOWN,MARSHALL,,E STATE ST & N 11TH AVE,Collision with:  Vehicle in traffic,On Roadway,Broadside (front to side),Ran Stop Sign,None Indicated,,Daylight,Snow,Clear,"Surface condition (e.g., wet, icy)",Intersection:  Four-way intersection,Paved,,Property Damage Only,0,0,0,0,0,0,3400,2,4,,POINT (-92.894794339194 42.050431909651)
2014784526,14-2356,02/05/2014,02-February,4-Wednesday,07:55,0700 Hours,District 6 (East Central),DAVENPORT,SCOTT,I-80,I-80,Collision with fixed object:  Guardrail - face,Roadside,Non-collision (single vehicle),Ran off road - right,None Indicated,,Daylight,Snow,Snow,"Surface condition (e.g., wet, icy)",Non-intersection:  Non-junction/no special feature,Paved,,Property Damage Only,0,0,0,0,0,0,2500,1,1,,POINT (-90.555941463232 41.59466468158)
2014783633,20140003256,02/05/2014,02-February,4-Wednesday,02:00,0200 Hours,District 1 (Central),DES MOINES,POLK,,16TH ST,Collision with:  Parked motor vehicle,On Roadway,Unknown,Unknown,None Indicated,,Unknown,Snow,Snow,None apparent,Non-intersection:  Non-junction/no special feature,Paved,,Property Damage Only,0,0,0,0,0,0,1500,2,1,,POINT (-93.638890886369 41.58859394945)
2014783307,20140003234,02/05/2014,02-February,4-Wednesday,11:23,1100 Hours,District 1 (Central),DES MOINES,POLK,,LOCUST ST & 2ND AVE,Collision with:  Vehicle in traffic,On Roadway,Broadside (front to side),Ran Traffic Signal,None Indicated,,Daylight,Slush,Clear,None apparent,Intersection:  Four-way intersection,Paved,,Possible/Unknown,0,1,0,0,1,0,6500,2,4,,POINT (-93.620035780942 41.587886528721)
2014786363,S79140037,02/05/2014,02-February,4-Wednesday,08:29,0800 Hours,District 1 (Central),,POWESHIEK,I-80,I-80,Collision with fixed object:  Ditch,Roadside,Non-collision (single vehicle),Driving too fast for conditions,None Indicated,,Daylight,Ice/frost,"Blowing sand, soil, dirt","Surface condition (e.g., wet, icy)",Non-intersection:  Non-junction/no special feature,Paved,,Possible/Unknown,0,2,0,0,2,0,7500,1,3,,POINT (-92.701075698314 41.695202776003)
2014783547,2014001319,02/05/2014,02-February,4-Wednesday,08:31,0800 Hours,District 6 (East Central),IOWA CITY,JOHNSON,,IOWA AVE,Collision with:  Vehicle in traffic,On Roadway,Rear-end (front to rear),Improper Backing,None Indicated,,Daylight,Snow,Cloudy,None apparent,Non-intersection:  Non-junction/no special feature,Paved,,Property Damage Only,0,0,0,0,0,0,6000,2,2,,POINT (-91.532510145345 41.661272578006)
2014783701,14-000537,02/05/2014,02-February,4-Wednesday,11:32,1100 Hours,District 1 (Central),AMES,STORY,,LINCOLN WAY & S DAYTON AVE,Collision with:  Vehicle in traffic,On Roadway,Broadside (front to side),Lost Control,None Indicated,,Daylight,Ice/frost,Clear,"Surface condition (e.g., wet, icy)",Non-intersection:  Non-junction/no special feature,Paved,,Property Damage Only,0,0,0,0,0,0,5300,2,2,,POINT (-93.581410680595 42.022726344107)
2014783904,20140003202,02/05/2014,02-February,4-Wednesday,07:13,0700 Hours,District 1 (Central),DES MOINES,POLK,I-235,I-235,Collision with fixed object:  Concrete traffic barrier (median or right side),On Roadway,Non-collision (single vehicle),Lost Control,None Indicated,,Daylight,Snow,Snow,None apparent,Non-intersection:  Non-junction/no special feature,Paved,,Property Damage Only,0,0,0,0,0,0,3000,1,1,,POINT (-93.578870875611 41.610565223093)
2014790909,14-001080,02/05/2014,02-February,4-Wednesday,20:30,2000 Hours,District 6 (East Central),INDEPENDENCE,BUCHANAN,,1ST ST E & 9TH AVE SE,Collision with:  Parked motor vehicle,Shoulder,"Angle, oncoming left turn",Unknown,None Indicated,,Unknown,Snow,Unknown,"Surface condition (e.g., wet, icy)",Non-intersection:  Non-junction/no special feature,Paved,,Property Damage Only,0,0,0,0,0,0,2000,2,1,,POINT (-91.88347144414 42.468767868982)
2014783683,14-004738,02/05/2014,02-February,4-Wednesday,15:00,1500 Hours,District 4 (Southwest),COUNCIL BLUFFS,POTTAWATTAMIE,,HARMONY ST & HARRISON ST,Collision with:  Vehicle in traffic,On Roadway,Broadside (front to side),Ran Stop Sign,None Indicated,,Daylight,Snow,Clear,"Surface condition (e.g., wet, icy)",Intersection:  T-intersection,Paved,,Property Damage Only,0,0,0,0,0,0,3000,2,2,,POINT (-95.844472683437 41.266018145218)
2014783966,2014-8072,02/05/2014,02-February,4-Wednesday,18:08,1800 Hours,District 6 (East Central),DAVENPORT,SCOTT,,IA 461/BRADY ST & W 3RD ST & E 3RD ST,Collision with:  Vehicle in traffic,On Roadway,"Sideswipe, same direction",Unknown,None Indicated,,Dark - roadway lighted,Snow,Snow,None apparent,Intersection:  Other intersection (explain in narrative),Paved,,Property Damage Only,0,0,0,0,0,0,2000,2,3,,POINT (-90.574063088526 41.522421256536)
2014785216,,02/05/2014,02-February,4-Wednesday,15:50,1500 Hours,District 6 (East Central),CEDAR RAPIDS,LINN,,MORRIS AVE NW,Collision with:  Parked motor vehicle,Shoulder,Rear-end (front to rear),Unknown,None Indicated,,Daylight,Snow,Clear,,Non-intersection:  Non-junction/no special feature,Paved,,Property Damage Only,0,0,0,0,0,0,5200,2,1,,POINT (-91.726372839638 41.990734621363)
2014783678,14-004696,02/05/2014,02-February,4-Wednesday,10:25,1000 Hours,District 4 (Southwest),COUNCIL BLUFFS,POTTAWATTAMIE,,MANAWA CENTRE DR,Collision with:  Vehicle in traffic,On Roadway,"Sideswipe, opposite direction",Driving too fast for conditions,None Indicated,,Daylight,Snow,Cloudy,"Surface condition (e.g., wet, icy)",Non-intersection:  Non-junction/no special feature,Paved,,Property Damage Only,0,0,0,0,0,0,10000,2,2,,POINT (-95.847549826151 41.227511789168)
2014785018,201400353,02/05/2014,02-February,4-Wednesday,11:09,1100 Hours,District 6 (East Central),,LINN,US 30,US 30,Collision with fixed object:  Bridge overhead structure,On Roadway,Non-collision (single vehicle),Driving too fast for conditions,None Indicated,,Daylight,Ice/frost,Snow,"Surface condition (e.g., wet, icy)",Non-intersection:  Other non-intersection (explain in narrative),Paved,,Property Damage Only,0,0,0,0,0,0,3000,1,1,,POINT (-91.551302880248 41.925973737112)
2014786110,2014008517,02/05/2014,02-February,4-Wednesday,10:20,1000 Hours,District 6 (East Central),,JOHNSON,I-380,I-380,Collision with:  Vehicle in traffic,On Roadway,Rear-end (front to rear),Crossed centerline (undivided),None Indicated,,Daylight,Ice/frost,Snow,None apparent,Non-intersection:  Non-junction/no special feature,Paved,,Possible/Unknown,0,1,0,0,1,0,9000,2,3,,POINT (-91.643604678112 41.766143956902)
2014783237,14-2930,02/05/2014,02-February,4-Wednesday,02:00,0200 Hours,District 1 (Central),KELLOGG,JASPER,I-80,I-80,Collision with fixed object:  Guardrail - face,Median,Non-collision (single vehicle),Swerving/Evasive Action,None Indicated,,Dark - roadway not lighted,Snow,Snow,None apparent,Non-intersection:  Non-junction/no special feature,Paved,,Property Damage Only,0,0,0,0,0,0,11000,1,1,,POINT (-92.865913174947 41.692820173193)
2014783503,W14-012035,02/05/2014,02-February,4-Wednesday,16:32,1600 Hours,District 2 (Northeast),WATERLOO,BLACK HAWK,,W 6TH ST,Collision with:  Vehicle in traffic,On Roadway,Rear-end (front to rear),Other (explain in narrative):  Other,None Indicated,,Daylight,Snow,Cloudy,"Surface condition (e.g., wet, icy)",Intersection:  Four-way intersection,Paved,,Property Damage Only,0,0,0,0,0,0,3000,2,2,,POINT (-92.340256379489 42.491535101357)
2014783607,14002426,02/05/2014,02-February,4-Wednesday,07:27,0700 Hours,District 6 (East Central),MARION,LINN,US 151,US 151,Collision with:  Vehicle in traffic,On Roadway,"Sideswipe, same direction",Lost Control,None Indicated,,Daylight,Ice/frost,Cloudy,"Surface condition (e.g., wet, icy)",Non-intersection:  Non-junction/no special feature,Paved,,Property Damage Only,0,0,0,0,0,0,3500,2,2,,POINT (-91.550281745682 42.030083758044)
2014783543,C14000391,02/05/2014,02-February,4-Wednesday,11:20,1100 Hours,District 6 (East Central),CORALVILLE,JOHNSON,,VALLEY VIEW DR,Collision with:  Vehicle in traffic,On Roadway,Rear-end (front to rear),Other (explain in narrative):  Vision obstructed,None Indicated,,Daylight,Snow,Cloudy,None apparent,Non-intersection:  Non-junction/no special feature,Paved,,Property Damage Only,0,0,0,0,0,0,2000,2,2,,POINT (-91.579300359196 41.693123336689)
2014783751,,02/05/2014,02-February,4-Wednesday,09:40,0900 Hours,District 6 (East Central),MARENGO,IOWA,,SOUTH ST,Collision with:  Vehicle in traffic,On Roadway,Broadside (front to side),FTYROW:  From driveway,None Indicated,,Daylight,Snow,"Blowing sand, soil, dirt",None apparent,Non-intersection:  Driveway access (within),Paved,,Property Damage Only,0,0,0,0,0,0,2500,2,2,,POINT (-92.073961881811 41.796935433615)
2014783433,14-0356,02/05/2014,02-February,4-Wednesday,12:54,1200 Hours,District 1 (Central),FORT DODGE,WEBSTER,,7TH AVE N & N 20TH ST,Collision with:  Vehicle in traffic,On Roadway,"Sideswipe, same direction",Made improper turn,None Indicated,,Daylight,Snow,Clear,None apparent,Non-intersection:  Non-junction/no special feature,Paved,,Property Damage Only,0,0,0,0,0,0,3500,2,2,,POINT (-94.170557083193 42.512879156416)
2014786364,S79140039,02/05/2014,02-February,4-Wednesday,07:50,0700 Hours,District 1 (Central),BROOKLYN,POWESHIEK,I-80,I-80,Collision with:  Vehicle in traffic,On Roadway,Rear-end (front to rear),Followed too close,None Indicated,,Daylight,Ice/frost,"Blowing sand, soil, dirt",None apparent,Non-intersection:  Non-junction/no special feature,Paved,,Possible/Unknown,0,1,0,0,1,0,8000,2,5,,POINT (-92.478369844911 41.694876091737)
2014783621,14-0789,02/05/2014,02-February,4-Wednesday,13:08,1300 Hours,District 1 (Central),ANKENY,POLK,IA 415,IA 415/SW ORALABOR RD/NW 35TH ST & NW 26TH ST,Collision with:  Vehicle in traffic,On Roadway,Rear-end (front to rear),Driving too fast for conditions,None Indicated,,Daylight,Ice/frost,Clear,"Surface condition (e.g., wet, icy)",Intersection:  T-intersection,Paved,,Property Damage Only,0,0,0,0,0,0,5000,2,3,,POINT (-93.652594529766 41.701872046691)
2014783641,20140003271,02/05/2014,02-February,4-Wednesday,16:31,1600 Hours,District 1 (Central),DES MOINES,POLK,,WOLCOTT AVE & SOUTHERN WOODS DR,Collision with:  Vehicle in traffic,On Roadway,Broadside (front to side),Other (explain in narrative):  Other,None Indicated,,Daylight,Snow,Clear,"Surface condition (e.g., wet, icy)",Non-intersection:  Non-junction/no special feature,Paved,,Possible/Unknown,0,1,0,0,1,0,5000,2,2,,POINT (-93.672689703388 41.551732570009)
2014783549,140000264,02/05/2014,02-February,4-Wednesday,07:50,0700 Hours,District 6 (East Central),IOWA CITY,JOHNSON,,FINKBINE COMMUTER DR,Collision with:  Vehicle in traffic,On Roadway,Rear-end (front to rear),Driving too fast for conditions,None Indicated,,Daylight,Snow,Snow,None apparent,Intersection:  Other intersection (explain in narrative),Paved,,Property Damage Only,0,0,0,0,0,0,4000,2,18,,POINT (-91.559593605493 41.661849420566)
2014785160,2014008444,02/05/2014,02-February,4-Wednesday,10:00,1000 Hours,District 6 (East Central),WALCOTT,SCOTT,I-80,I-80,Collision with fixed object:  Curb/island/raised median,On Roadway,Non-collision (single vehicle),Ran off road - left,None Indicated,,Daylight,Ice/frost,Snow,"Surface condition (e.g., wet, icy)",Non-intersection:  Non-junction/no special feature,Paved,,Property Damage Only,0,0,0,0,0,0,6200,1,2,,POINT (-90.763327550075 41.612542410434)
2014783789,14001804,02/05/2014,02-February,4-Wednesday,19:44,1900 Hours,District 2 (Northeast),MASON CITY,CERRO GORDO,,12TH ST NE & N CAROLINA AVE,Collision with:  Vehicle in traffic,On Roadway,Broadside (front to side),FTYROW:  From stop sign,None Indicated,,Dark - roadway lighted,Wet,Cloudy,None apparent,Intersection:  Four-way intersection,Paved,,Property Damage Only,0,0,0,0,0,0,5500,2,3,,POINT (-93.189770959942 43.162879296646)
2014783941,2014-1266,02/05/2014,02-February,4-Wednesday,23:12,2300 Hours,District 3 (Northwest),,SAC,US 20,US 20,Collision with:  Animal,,,Animal,None Indicated,,,,,,,Paved,,Property Damage Only,0,0,0,0,0,0,2500,1,1,,POINT (-95.018827922443 42.456621949)
2014783593,201401766,02/05/2014,02-February,4-Wednesday,18:05,1800 Hours,District 6 (East Central),CEDAR RAPIDS,LINN,IA 922,IA 922/WILLIAMS BLVD & WILEY BLVD SW,Collision with:  Vehicle in traffic,On Roadway,Head-on (front to front),Unknown,None Indicated,,Dark - roadway lighted,Snow,Cloudy,"Surface condition (e.g., wet, icy)",Intersection:  Four-way intersection,Paved,,Possible/Unknown,0,1,0,0,1,0,16000,2,4,,POINT (-91.724693712145 41.952069201514)
2014783270,K14-003264,02/05/2014,02-February,4-Wednesday,07:33,0700 Hours,District 5 (Southeast),KEOKUK,LEE,IA 136,US 136/MAIN ST & 2ND ST S & 2ND ST N,Collision with:  Vehicle in traffic,On Roadway,Rear-end (front to rear),Followed too close,None Indicated,,Daylight,Snow,Snow,None apparent,Intersection:  Four-way intersection,Paved,,Property Damage Only,0,0,0,0,0,0,2500,2,2,,POINT (-91.380846388332 40.393411649606)
2014784966,14-04001,02/05/2014,02-February,4-Wednesday,07:28,0700 Hours,District 5 (Southeast),BURLINGTON,DES MOINES,US 61,US 61 & AGENCY ST,Collision with:  Vehicle in traffic,On Roadway,Broadside (front to side),Ran Traffic Signal,None Indicated,,Daylight,Snow,Cloudy,"Surface condition (e.g., wet, icy)",Intersection:  Four-way intersection,Paved,,Property Damage Only,0,0,0,0,0,0,3000,2,4,,POINT (-91.141432664014 40.81484995259)
2014785057,20140003258,02/05/2014,02-February,4-Wednesday,14:39,1400 Hours,District 1 (Central),DES MOINES,POLK,,MLK JR PKWY,Collision with:  Vehicle in traffic,On Roadway,"Sideswipe, same direction",Unknown,None Indicated,,Daylight,Unknown,Cloudy,Unknown,Intersection:  Four-way intersection,Paved,,Property Damage Only,0,0,0,0,0,0,1500,2,2,,POINT (-93.644396640668 41.594508002007)
2014785171,2014008408,02/05/2014,02-February,4-Wednesday,08:50,0800 Hours,District 6 (East Central),,SCOTT,I-80,I-80,Non-collision events:  Jackknife,On Roadway,Non-collision (single vehicle),Lost Control,None Indicated,,Daylight,Ice/frost,Clear,None apparent,Non-intersection:  Non-junction/no special feature,Paved,,Property Damage Only,0,0,0,0,0,0,4000,1,1,,POINT (-90.83694119461 41.632685232923)
2014784640,2014008381,02/05/2014,02-February,4-Wednesday,07:47,0700 Hours,District 1 (Central),URBANDALE,POLK,I-35,I-35,Collision with:  Vehicle in traffic,On Roadway,Rear-end (front to rear),Swerving/Evasive Action,None Indicated,,Daylight,Snow,Snow,"Surface condition (e.g., wet, icy)",Non-intersection:  Non-junction/no special feature,Paved,,Property Damage Only,0,0,0,0,0,0,2000,2,3,,POINT (-93.776809031256 41.620044597813)
2014783436,14-03562,02/05/2014,02-February,4-Wednesday,08:17,0800 Hours,District 3 (Northwest),SIOUX CITY,WOODBURY,,PIERCE ST,Collision with:  Vehicle in traffic,On Roadway,Rear-end (front to rear),Followed too close,None Indicated,,Daylight,Snow,Cloudy,None apparent,Non-intersection:  Non-junction/no special feature,Paved,,Property Damage Only,0,0,0,0,0,0,2500,2,2,,POINT (-96.405033353117 42.506948252504)
2014783544,C14000393,02/05/2014,02-February,4-Wednesday,12:50,1200 Hours,District 6 (East Central),CORALVILLE,JOHNSON,US 6,US 6/2ND ST,Collision with:  Vehicle in traffic,On Roadway,Rear-end (front to rear),Driving too fast for conditions,None Indicated,,Daylight,Slush,Snow,None apparent,Non-intersection:  Non-junction/no special feature,Paved,,Property Damage Only,0,0,0,0,0,0,2500,2,2,,POINT (-91.603364006752 41.6856184194)
2014783450,14-3553,02/05/2014,02-February,4-Wednesday,06:56,0600 Hours,District 3 (Northwest),SIOUX CITY,WOODBURY,I-29,I-29 & I-129 & US 20,Collision with fixed object:  Concrete traffic barrier (median or right side),On Roadway,Non-collision (single vehicle),Ran off road - right,None Indicated,,Dark - roadway lighted,Snow,Clear,"Surface condition (e.g., wet, icy)",Non-intersection:  Other non-intersection (explain in narrative),Paved,,Property Damage Only,0,0,0,0,0,0,1700,1,1,,POINT (-96.375372018148 42.446298793257)
2014783682,14-004731,02/05/2014,02-February,4-Wednesday,16:00,1600 Hours,District 4 (Southwest),COUNCIL BLUFFS,POTTAWATTAMIE,,2ND AVE & S 13TH ST,Collision with:  Vehicle in traffic,On Roadway,Broadside (front to side),Ran Stop Sign,None Indicated,,Daylight,Slush,Cloudy,None apparent,Intersection:  Four-way intersection,Paved,,Property Damage Only,0,0,0,0,0,0,4500,2,2,,POINT (-95.863257903506 41.259670975436)
2014783618,14000767,02/05/2014,02-February,4-Wednesday,09:16,0900 Hours,District 3 (Northwest),ONAWA,MONONA,IA 175,IA 175/IOWA AVE & 15TH ST,Collision with fixed object:  Utility pole/light support,On Roadway,Non-collision (single vehicle),Driving too fast for conditions,None Indicated,,Daylight,Ice/frost,Clear,"Surface condition (e.g., wet, icy)",Non-intersection:  Non-junction/no special feature,Paved,,Property Damage Only,0,0,0,0,0,0,8000,1,1,,POINT (-96.103765723086 42.02675893882)
2014783317,14-0626,02/05/2014,02-February,4-Wednesday,10:04,1000 Hours,District 1 (Central),WEST DES MOINES,POLK,I-35,I-35 & I-80 & I-235,Collision with:  Vehicle in traffic,On Roadway,"Sideswipe, same direction",Driving too fast for conditions,None Indicated,,Daylight,Snow,Cloudy,"Surface condition (e.g., wet, icy)",Non-intersection:  Other non-intersection (explain in narrative),Paved,,Property Damage Only,0,0,0,0,0,0,7000,2,4,,POINT (-93.777303087662 41.592209047302)
2014784355,2014001070,02/05/2014,02-February,4-Wednesday,15:35,1500 Hours,District 1 (Central),MARSHALLTOWN,MARSHALL,,W STATE ST,Collision with:  Parked motor vehicle,On Roadway,Rear-end (front to rear),Driving too fast for conditions,None Indicated,,Daylight,Snow,Clear,"Surface condition (e.g., wet, icy)",Non-intersection:  Non-junction/no special feature,Paved,,Property Damage Only,0,0,0,0,0,0,4500,2,1,,POINT (-92.915095937853 42.050412696168)
2014784029,2014008324,02/05/2014,02-February,4-Wednesday,05:43,0500 Hours,District 1 (Central),,POLK,I-35,I-35,Collision with fixed object:  Curb/island/raised median,Median,Non-collision (single vehicle),Ran off road - left,None Indicated,,Dark - roadway not lighted,Snow,Snow,"Surface condition (e.g., wet, icy)",Non-intersection:  Non-junction/no special feature,Paved,,Minor Injury,0,1,0,1,0,0,5000,1,1,,POINT (-93.634232202689 41.649481400197)
2014783917,14-0248,02/05/2014,02-February,4-Wednesday,08:47,0800 Hours,District 1 (Central),URBANDALE,POLK,I-35,I-35,Collision with fixed object:  Concrete traffic barrier (median or right side),Median,Non-collision (single vehicle),Driving too fast for conditions,None Indicated,,Daylight,Snow,Cloudy,None apparent,Non-intersection:  Non-junction/no special feature,Paved,,Property Damage Only,0,0,0,0,0,0,8000,1,1,,POINT (-93.726482327122 41.652457146796)
2014784754,2014001083,02/05/2014,02-February,4-Wednesday,23:33,2300 Hours,District 1 (Central),MARSHALLTOWN,MARSHALL,,W BOONE ST & S 13TH ST,Collision with:  Vehicle in traffic,On Roadway,"Sideswipe, opposite direction",Driving too fast for conditions,None Indicated,,Dark - roadway lighted,Snow,Cloudy,None apparent,Intersection:  T-intersection,Paved,,Property Damage Only,0,0,0,0,0,0,4500,2,2,,POINT (-92.934447918981 42.045480761584)
2014783916,14-0247,02/05/2014,02-February,4-Wednesday,07:50,0700 Hours,District 1 (Central),URBANDALE,POLK,I-35,I-35,Collision with:  Vehicle in traffic,On Roadway,Rear-end (front to rear),Other (explain in narrative):  Other,None Indicated,,Daylight,Snow,Snow,None apparent,Non-intersection:  Non-junction/no special feature,Paved,,Property Damage Only,0,0,0,0,0,0,2500,2,2,,POINT (-93.776770960879 41.621873309196)
2014783627,14-0152,02/05/2014,02-February,4-Wednesday,18:51,1800 Hours,District 1 (Central),CLIVE,POLK,,NW 100TH ST & UNIVERSITY AVE & 35TH ST/VALLEY WEST DR,Collision with:  Vehicle in traffic,On Roadway,Broadside (front to side),Lost Control,None Indicated,,Dark - roadway lighted,Slush,Cloudy,None apparent,Intersection:  Four-way intersection,Paved,,Property Damage Only,0,0,0,0,0,0,3300,2,3,,POINT (-93.751962120124 41.600430032258)
2014783722,14-0078,02/05/2014,02-February,4-Wednesday,15:10,1500 Hours,District 1 (Central),,WEBSTER,,Co Rd P59/NELSON AVE & 250TH ST,Collision with:  Vehicle in traffic,On Roadway,Rear-end (front to rear),Other (explain in narrative):  Vision obstructed,None Indicated,,Daylight,Dry,Cloudy,None apparent,Intersection:  T-intersection,Paved,,Possible/Unknown,0,1,0,0,1,0,10500,2,2,,POINT (-94.130936851385 42.422453823946)
2014783272,201401751,02/05/2014,02-February,4-Wednesday,09:52,0900 Hours,District 6 (East Central),CEDAR RAPIDS,LINN,IA 922,IA 922/1ST AVE E & COTTAGE GROVE AVE SE & 21ST ST NE,Collision with:  Vehicle in traffic,On Roadway,Broadside (front to side),Lost Control,None Indicated,,Daylight,Slush,Snow,None apparent,Non-intersection:  Non-junction/no special feature,Paved,,Possible/Unknown,0,1,0,0,1,0,6500,2,3,,POINT (-91.638905199038 41.995900113225)
2014784031,2014008409,02/05/2014,02-February,4-Wednesday,09:18,0900 Hours,District 1 (Central),ALTOONA,POLK,I-80,I-80,Collision with fixed object:  Traffic sign support,On Roadway,Non-collision (single vehicle),Driving too fast for conditions,None Indicated,,Daylight,Ice/frost,Cloudy,"Surface condition (e.g., wet, icy)",Interchange-related:  On-ramp merge area,Paved,,Property Damage Only,0,0,0,0,0,0,1700,1,1,,POINT (-93.469563120129 41.665746373447)
2014783670,14-0125,02/05/2014,02-February,4-Wednesday,12:39,1200 Hours,District 1 (Central),PLEASANT HILL,POLK,IA 163,IA 163/E UNIVERSITY AVE & COPPER CREEK DR,Collision with:  Vehicle in traffic,On Roadway,Rear-end (front to rear),Driving too fast for conditions,None Indicated,,Daylight,Snow,Severe winds,"Surface condition (e.g., wet, icy)",Non-intersection:  Non-junction/no special feature,Paved,,Property Damage Only,0,0,0,0,0,0,2500,2,3,,POINT (-93.524672398601 41.60037695284)
2014783620,14-802,02/05/2014,02-February,4-Wednesday,23:10,2300 Hours,District 1 (Central),DES MOINES,POLK,US 69,US 69/NE 14TH ST,Collision with:  Vehicle in traffic,On Roadway,"Sideswipe, same direction",Lost Control,None Indicated,,Dark - roadway lighted,Ice/frost,Clear,None apparent,Non-intersection:  Non-junction/no special feature,Paved,,Property Damage Only,0,0,0,0,0,0,10000,2,2,,POINT (-93.600493024597 41.646248900782)
2014784592,2014-02320,02/05/2014,02-February,4-Wednesday,16:47,1600 Hours,District 5 (Southeast),INDIANOLA,WARREN,,E EUCLID AVE & E BOSTON AVE,Collision with:  Vehicle in traffic,On Roadway,Rear-end (front to rear),Followed too close,None Indicated,,Daylight,Ice/frost,Clear,None apparent,Intersection:  T-intersection,Paved,,Property Damage Only,0,0,0,0,0,0,3000,2,2,,POINT (-93.554956971037 41.365564219985)
2014784641,2014008385,02/05/2014,02-February,4-Wednesday,07:33,0700 Hours,District 6 (East Central),,CEDAR,I-80,I-80,Non-collision events:  Overturn/rollover,Outside trafficway,Non-collision (single vehicle),Ran off road - right,None Indicated,,Daylight,Ice/frost,Snow,"Surface condition (e.g., wet, icy)",Non-intersection:  Non-junction/no special feature,Paved,,Minor Injury,0,2,0,2,0,0,5000,1,3,,POINT (-91.285655374077 41.663502196789)
2014783919,14-0250,02/05/2014,02-February,4-Wednesday,12:48,1200 Hours,District 1 (Central),URBANDALE,POLK,,COLBY PKWY & 86TH ST,Collision with:  Vehicle in traffic,On Roadway,Broadside (front to side),Ran Traffic Signal,None Indicated,,Daylight,Snow,Cloudy,None apparent,Intersection:  Four-way intersection,Paved,,Property Damage Only,0,0,0,0,0,0,10000,2,4,,POINT (-93.736507148468 41.625822264332)