Iowa DOT Case Number,Law Enforcement Case Number,Date of Crash,Month of Crash,Day of Week,Time of Crash,Hour,DOT District,City Name,County Name,Route with System,Location Description,First Harmful Event,Location of First Harmful Event,Manner of Crash/Collision,Major Cause,Drug or Alcohol ,Environmental Conditions,Light Conditions,Surface Conditions,Weather Conditions,Roadway Contribution,Roadway Type,Roadway Surface,Work Zone,Crash Severity,Number of Fatalities,Number of Injuries,Number of Major Injuries,Number of Minor Injuries,Number of Possible Injuries,Number of Unknown Injuries,Amount of Property Damage,Number of Vehicles Involved,Total Number of Occupants,Travel Direction,Location
2014784525,14-2341,02/05/2014,02-February,4-Wednesday,04:48,0400 Hours,District 6 (East Central),,SCOTT,I-80,I-80,Non-collision events:  Jackknife,On Roadway,Non-collision (single vehicle),Ran off road - right,None Indicated,,Dark - roadway not lighted,Snow,Snow,"Surface condition (e.g., wet, icy)",Non-intersection:  Non-junction/no special feature,Paved,,Property Damage Only,0,0,0,0,0,0,3000,1,1,,POINT (-90.694311683759 41.603720940941)
2014784769,14004873,02/05/2014,02-February,4-Wednesday,14:44,1400 Hours,District 5 (Southeast),MUSCATINE,MUSCATINE,,UNIVERSITY DR,Collision with:  Vehicle in traffic,On Roadway,Rear-end (front to rear),Followed too close,None Indicated,,Daylight,Snow,Cloudy,None apparent,Intersection:  Four-way intersection,Paved,,Minor Injury,0,1,0,1,0,0,700,2,12,,POINT (-91.017447958311 41.459292662599)
2014784202,01-14-5143,02/05/2014,02-February,4-Wednesday,07:32,0700 Hours,District 6 (East Central),DUBUQUE,DUBUQUE,US 52,US 52/E 11TH ST & US 61/NE RAMP CURV,Collision with:  Vehicle in traffic,On Roadway,Broadside (front to side),Ran Stop Sign,None Indicated,,Daylight,Snow,Cloudy,"Surface condition (e.g., wet, icy)",Intersection:  Four-way intersection,Paved,,Possible/Unknown,0,2,0,0,2,0,10250,2,2,,POINT (-90.659357310003 42.505971555783)
2014784046,2014008704,02/05/2014,02-February,4-Wednesday,22:50,2200 Hours,District 5 (Southeast),,WARREN,I-35,I-35,Collision with fixed object:  Ditch,On Roadway,Non-collision (single vehicle),Driving too fast for conditions,None Indicated,,Dark - roadway not lighted,Ice/frost,Clear,"Surface condition (e.g., wet, icy)","Interchange-related:  Off-ramp, diverge area",Paved,,Property Damage Only,0,0,0,0,0,0,2056,1,1,,POINT (-93.780001510219 41.292225007346)
2014783658,20140003227,02/05/2014,02-February,4-Wednesday,10:22,1000 Hours,District 1 (Central),DES MOINES,POLK,I-235,I-235,Collision with fixed object:  Curb/island/raised median,On Roadway,Non-collision (single vehicle),Ran off road - left,None Indicated,,Daylight,Ice/frost,Cloudy,"Surface condition (e.g., wet, icy)",Non-intersection:  Non-junction/no special feature,Paved,,Possible/Unknown,0,1,0,0,1,0,5000,1,1,,POINT (-93.583588482732 41.601344987152)
2014783704,14-000546,02/05/2014,02-February,4-Wednesday,14:00,1400 Hours,District 1 (Central),AMES,STORY,US 69,US 69/GRAND AVE & 9TH ST,Non-collision events:  Other non-collision (explain in narrative),On Roadway,Non-collision (single vehicle),Ran off road - right,None Indicated,,Daylight,Snow,Clear,"Surface condition (e.g., wet, icy)",Non-intersection:  Non-junction/no special feature,Paved,,Property Damage Only,0,0,0,0,0,0,1600,1,2,,POINT (-93.620293059652 42.030205409151)
2014783525,140885,02/05/2014,02-February,4-Wednesday,13:53,1300 Hours,District 4 (Southwest),,DALLAS,,Co Rd F90/360TH ST,Collision with fixed object:  Ditch,Shoulder,Non-collision (single vehicle),Ran off road - right,None Indicated,,Daylight,Ice/frost,Clear,"Surface condition (e.g., wet, icy)",Non-intersection:  Non-junction/no special feature,Paved,,Property Damage Only,0,0,0,0,0,0,2500,1,1,,POINT (-93.921093561356 41.518116339795)
2014783730,14-3569,02/05/2014,02-February,4-Wednesday,09:30,0900 Hours,District 3 (Northwest),SIOUX CITY,WOODBURY,,27TH ST & CHAMBERS ST,Collision with:  Vehicle in traffic,On Roadway,Broadside (front to side),Lost Control,None Indicated,,Daylight,Snow,Clear,"Surface condition (e.g., wet, icy)",Intersection:  Four-way intersection,Paved,,Property Damage Only,0,0,0,0,0,0,2400,2,2,,POINT (-96.386218890662 42.517537341694)
2014784217,02-14-2186,02/05/2014,02-February,4-Wednesday,07:55,0700 Hours,District 6 (East Central),,DUBUQUE,US 20,US 20,Non-collision events:  Overturn/rollover,Shoulder,Non-collision (single vehicle),Ran off road - right,None Indicated,,Daylight,Ice/frost,Clear,"Surface condition (e.g., wet, icy)",Non-intersection:  Non-junction/no special feature,Paved,,Property Damage Only,0,0,0,0,0,0,5200,1,1,,POINT (-90.8094850493 42.440041100974)
2014784703,W14-012075,02/05/2014,02-February,4-Wednesday,18:54,1800 Hours,District 2 (Northeast),WATERLOO,BLACK HAWK,,N ELK RUN RD,Collision with:  Vehicle in traffic,On Roadway,"Angle, oncoming left turn",Made improper turn,None Indicated,,Dark - roadway not lighted,Snow,Clear,None apparent,Intersection:  Other intersection (explain in narrative),Paved,,Property Damage Only,0,0,0,0,0,0,3500,2,2,,POINT (-92.258819770249 42.506248190486)
2014783836,140116965,02/05/2014,02-February,4-Wednesday,07:45,0700 Hours,District 6 (East Central),,JOHNSON,I-380,I-380,Collision with fixed object:  Ditch,On Roadway,Non-collision (single vehicle),Driving too fast for conditions,None Indicated,,Daylight,Ice/frost,Snow,"Surface condition (e.g., wet, icy)",Non-intersection:  Non-junction/no special feature,Paved,,Property Damage Only,0,0,0,0,0,0,5000,1,1,,POINT (-91.668125940634 41.853147309983)
2014784580,201400005952,02/05/2014,02-February,4-Wednesday,08:04,0800 Hours,District 5 (Southeast),OTTUMWA,WAPELLO,,POCAHONTAS LN,Non-collision events:  Other non-collision (explain in narrative),Outside trafficway,Non-collision (single vehicle),Other (explain in narrative):  Vision obstructed,None Indicated,,Daylight,Snow,Snow,Ruts/holes/bumps,Non-intersection:  Non-junction/no special feature,Paved,,Minor Injury,0,1,0,1,0,0,0,1,1,,POINT (-92.435176396839 41.009245310387)
2014787351,14-3003,02/05/2014,02-February,4-Wednesday,20:11,2000 Hours,District 1 (Central),NEWTON,JASPER,,E 10TH ST S,Collision with:  Parked motor vehicle,On Roadway,Rear-end (front to rear),Lost Control,None Indicated,,Dark - roadway lighted,Snow,Clear,None apparent,Non-intersection:  Non-junction/no special feature,Paved,,Property Damage Only,0,0,0,0,0,0,4000,2,1,,POINT (-93.041148564352 41.69596246414)
2014783513,W14-012110,02/05/2014,02-February,4-Wednesday,20:59,2000 Hours,District 2 (Northeast),WATERLOO,BLACK HAWK,,W 7TH ST & ALLEN ST,Collision with:  Vehicle in traffic,On Roadway,Broadside (front to side),Driving too fast for conditions,None Indicated,,Dark - roadway lighted,Snow,Clear,None apparent,Non-intersection:  Other non-intersection (explain in narrative),Paved,,Property Damage Only,0,0,0,0,0,0,2000,2,3,,POINT (-92.345040382642 42.486708391261)
2014789863,,02/05/2014,02-February,4-Wednesday,04:35,0400 Hours,District 2 (Northeast),CLEAR LAKE,CERRO GORDO,US 18,US 18,Collision with:  Parked motor vehicle,Shoulder,"Sideswipe, same direction",Illegally Parked/Unattended,None Indicated,,Dark - roadway not lighted,Snow,Snow,"Surface condition (e.g., wet, icy)",Non-intersection:  Driveway access (within),Paved,,Property Damage Only,0,0,0,0,0,0,5767,2,2,,POINT (-93.365545054515 43.144650179787)
2014784073,2014008382,02/05/2014,02-February,4-Wednesday,08:02,0800 Hours,District 1 (Central),,POLK,I-35,I-35,Collision with fixed object:  Concrete traffic barrier (median or right side),On Roadway,Non-collision (single vehicle),Driving too fast for conditions,None Indicated,,Daylight,Ice/frost,"Blowing sand, soil, dirt","Surface condition (e.g., wet, icy)",Non-intersection:  Non-junction/no special feature,Paved,,Property Damage Only,0,0,0,0,0,0,3500,1,1,,POINT (-93.591080262218 41.650386942368)
2014796676,2014008436,02/05/2014,02-February,4-Wednesday,09:45,0900 Hours,District 1 (Central),WEST DES MOINES,POLK,I-35,I-35,Collision with:  Vehicle in traffic,On Roadway,"Sideswipe, same direction",Crossed centerline (undivided),None Indicated,,Daylight,Ice/frost,Clear,"Surface condition (e.g., wet, icy)",Non-intersection:  Non-junction/no special feature,Paved,,Property Damage Only,0,0,0,0,0,0,2000,2,2,,POINT (-93.777001044509 41.568017674103)
2014784057,2014008542,02/05/2014,02-February,4-Wednesday,11:30,1100 Hours,District 1 (Central),ANKENY,POLK,I-35,I-35,Collision with fixed object:  Traffic sign support,Shoulder,Non-collision (single vehicle),Driving too fast for conditions,None Indicated,,Daylight,Ice/frost,Clear,"Surface condition (e.g., wet, icy)",Interchange-related:  On-ramp,Paved,,Property Damage Only,0,0,0,0,0,0,4100,1,1,,POINT (-93.575100527831 41.654935556849)
2014784702,W14-011971,02/05/2014,02-February,4-Wednesday,13:09,1300 Hours,District 2 (Northeast),WATERLOO,BLACK HAWK,,E 6TH ST & MULBERRY ST,Collision with:  Vehicle in traffic,On Roadway,"Sideswipe, same direction",Made improper turn,None Indicated,,Daylight,Slush,Cloudy,None apparent,Intersection:  Four-way intersection,Paved,,Property Damage Only,0,0,0,0,0,0,3500,2,2,,POINT (-92.332005401304 42.498448815376)
2014784623,2014008402,02/05/2014,02-February,4-Wednesday,08:38,0800 Hours,District 6 (East Central),,CEDAR,I-80,I-80,Collision with fixed object:  Guardrail - face,Median,Non-collision (single vehicle),Driving too fast for conditions,None Indicated,,Daylight,Ice/frost,Snow,"Surface condition (e.g., wet, icy)",Non-intersection:  Non-junction/no special feature,Paved,,Possible/Unknown,0,1,0,0,1,0,4000,1,1,,POINT (-91.362409179355 41.665270164181)
2014785019,201400349,02/05/2014,02-February,4-Wednesday,08:06,0800 Hours,District 6 (East Central),,LINN,US 30,US 30,Non-collision events:  Overturn/rollover,Roadside,Non-collision (single vehicle),Driving too fast for conditions,None Indicated,,Daylight,Snow,Snow,"Surface condition (e.g., wet, icy)",Non-intersection:  Non-junction/no special feature,Paved,,Property Damage Only,0,0,0,0,0,0,5000,1,2,,POINT (-91.580475884044 41.925473545463)
2014792059,14C00525,02/05/2014,02-February,4-Wednesday,11:40,1100 Hours,District 4 (Southwest),CRESTON,UNION,,W SENECA ST & N ELM ST,Collision with:  Vehicle in traffic,On Roadway,Broadside (front to side),FTYROW:  From stop sign,None Indicated,,Daylight,Snow,Snow,None apparent,Intersection:  Four-way intersection,Paved,,Property Damage Only,0,0,0,0,0,0,2500,2,4,,POINT (-94.363863948183 41.068911588339)
2014787161,S79140041,02/05/2014,02-February,4-Wednesday,11:19,1100 Hours,District 1 (Central),BROOKLYN,POWESHIEK,I-80,I-80,Collision with fixed object:  Ditch,On Roadway,Non-collision (single vehicle),Driving too fast for conditions,None Indicated,,Daylight,Ice/frost,Snow,"Surface condition (e.g., wet, icy)",Non-intersection:  Non-junction/no special feature,Paved,,Property Damage Only,0,0,0,0,0,0,2000,1,1,,POINT (-92.50786161903 41.694744962706)
2014785017,201400351,02/05/2014,02-February,4-Wednesday,10:40,1000 Hours,District 6 (East Central),,LINN,US 30,US 30,Collision with fixed object:  Bridge overhead structure,On Roadway,Non-collision (single vehicle),Driving too fast for conditions,None Indicated,,Daylight,Ice/frost,Cloudy,"Surface condition (e.g., wet, icy)",Non-intersection:  Other non-intersection (explain in narrative),Paved,,Property Damage Only,0,0,0,0,0,0,5000,1,3,,POINT (-91.547609390392 41.926107197773)
2014783702,14-000538,02/05/2014,02-February,4-Wednesday,12:08,1200 Hours,District 1 (Central),AMES,STORY,US 69,US 69/S DUFF AVE & S 16TH ST & SE 16TH ST,Collision with:  Vehicle in traffic,On Roadway,Rear-end (front to rear),Followed too close,None Indicated,,Daylight,Snow,Clear,"Surface condition (e.g., wet, icy)",Non-intersection:  Non-junction/no special feature,Paved,,Property Damage Only,0,0,0,0,0,0,4000,2,3,,POINT (-93.610081542901 42.008347123612)
2014783526,2014-0438,02/05/2014,02-February,4-Wednesday,09:20,0900 Hours,District 4 (Southwest),WAUKEE,DALLAS,,Co Rd R22/UTE AVE,Non-collision events:  Overturn/rollover,On Roadway,Non-collision (single vehicle),Over correcting/over steering,None Indicated,,Daylight,Snow,Cloudy,"Surface condition (e.g., wet, icy)",Non-intersection:  Non-junction/no special feature,Paved,,Possible/Unknown,0,1,0,0,1,0,8100,1,1,,POINT (-93.882380072039 41.57958811404)
2014784262,14-001810,02/05/2014,02-February,4-Wednesday,00:30,0000 Hours,District 5 (Southeast),,HENRY,US 218,US 218,Collision with:  Animal,On Roadway,Non-collision (single vehicle),Animal,None Indicated,,Dark - roadway not lighted,Ice/frost,Snow,None apparent,Non-intersection:  Non-junction/no special feature,Paved,,Property Damage Only,0,0,0,0,0,0,8500,1,1,,POINT (-91.544826107112 40.915183665144)
2014783306,20140003233,02/05/2014,02-February,4-Wednesday,10:50,1000 Hours,District 1 (Central),DES MOINES,POLK,I-235,I-235,Collision with:  Vehicle in traffic,On Roadway,"Sideswipe, same direction",Lost Control,None Indicated,,Daylight,Snow,Cloudy,"Surface condition (e.g., wet, icy)",Non-intersection:  Non-junction/no special feature,Paved,,Property Damage Only,0,0,0,0,0,0,1500,2,2,,POINT (-93.612811748616 41.595338225301)
2014783655,20140003235,02/05/2014,02-February,4-Wednesday,12:09,1200 Hours,District 1 (Central),DES MOINES,POLK,,ATKINS ST & MLK JR PKWY,Collision with:  Vehicle in traffic,On Roadway,"Angle, oncoming left turn",Made improper turn,None Indicated,,Daylight,Snow,Cloudy,None apparent,Non-intersection:  Non-junction/no special feature,Paved,,Property Damage Only,0,0,0,0,0,0,1600,2,2,,POINT (-93.64389754934 41.597411127402)
2014784256,024-2014,02/05/2014,02-February,4-Wednesday,15:18,1500 Hours,District 4 (Southwest),,HARRISON,,Co Rd L20/LOESS HILLS TRL,Non-collision events:  Other non-collision (explain in narrative),On Roadway,Non-collision (single vehicle),Lost Control,None Indicated,,Daylight,Snow,Cloudy,"Surface condition (e.g., wet, icy)",Non-intersection:  Non-junction/no special feature,Paved,,Property Damage Only,0,0,0,0,0,0,2500,1,1,,POINT (-95.903356135097 41.634877342176)
2014785642,2014-8064,02/05/2014,02-February,4-Wednesday,17:52,1700 Hours,District 6 (East Central),DAVENPORT,SCOTT,,W 8TH ST & FILLMORE ST,Collision with:  Vehicle in traffic,On Roadway,Broadside (front to side),Ran Stop Sign,Alcohol (Statutory),,Dark - roadway lighted,Snow,Snow,None apparent,Intersection:  Four-way intersection,Paved,,Minor Injury,0,1,0,1,0,0,7500,2,4,,POINT (-90.594283858527 41.527826830453)
2014784055,2014008407,02/05/2014,02-February,4-Wednesday,08:00,0800 Hours,District 1 (Central),ALTOONA,POLK,I-80,I-80,Collision with fixed object:  Concrete traffic barrier (median or right side),Shoulder,Non-collision (single vehicle),Driving too fast for conditions,None Indicated,,Daylight,Ice/frost,Clear,"Surface condition (e.g., wet, icy)",Non-intersection:  Non-junction/no special feature,Paved,,Property Damage Only,0,0,0,0,0,0,5000,1,2,,POINT (-93.504393142705 41.662049981589)
2014784203,01-14-5150,02/05/2014,02-February,4-Wednesday,08:10,0800 Hours,District 6 (East Central),DUBUQUE,DUBUQUE,,W 5TH ST & COLLEGE ST,Collision with:  Other non-fixed object (explain in narrative),Roadside,Non-collision (single vehicle),Lost Control,None Indicated,,Daylight,Snow,Snow,None apparent,Non-intersection:  Non-junction/no special feature,Paved,,Property Damage Only,0,0,0,0,0,0,1500,1,1,,POINT (-90.684542551105 42.497622293198)
2014785815,PD1401087,02/05/2014,02-February,4-Wednesday,09:02,0900 Hours,District 5 (Southeast),FAIRFIELD,JEFFERSON,,W WASHINGTON AVE & S 4TH ST,Collision with:  Vehicle in traffic,On Roadway,Broadside (front to side),FTYROW:  From stop sign,None Indicated,,Daylight,Ice/frost,Snow,None apparent,Intersection:  Four-way intersection,Paved,,Property Damage Only,0,0,0,0,0,0,5000,2,2,,POINT (-91.967964426932 41.005666613141)
2014783776,W14-012070,02/05/2014,02-February,4-Wednesday,18:40,1800 Hours,District 2 (Northeast),WATERLOO,BLACK HAWK,,ARDEN ST & LOVEJOY AVE & W 4TH ST,Collision with:  Vehicle in traffic,On Roadway,Rear-end (front to rear),Followed too close,None Indicated,,Dark - roadway lighted,Snow,Clear,None apparent,Intersection:  Four-way intersection,Paved,,Property Damage Only,0,0,0,0,0,0,7000,2,2,,POINT (-92.359133386291 42.482870515898)
2014783770,14011967,02/05/2014,02-February,4-Wednesday,12:47,1200 Hours,District 2 (Northeast),CEDAR FALLS,BLACK HAWK,,12TH ST & MAIN ST,Collision with:  Vehicle in traffic,On Roadway,Rear-end (front to rear),Driving too fast for conditions,None Indicated,,Daylight,Snow,Cloudy,None apparent,Intersection:  Four-way intersection,Paved,,Property Damage Only,0,0,0,0,0,0,1550,2,3,,POINT (-92.44551361907 42.527629675672)
2014783676,14-004687,02/05/2014,02-February,4-Wednesday,08:45,0800 Hours,District 4 (Southwest),COUNCIL BLUFFS,POTTAWATTAMIE,I-29,I-29,Collision with:  Vehicle in traffic,On Roadway,"Sideswipe, same direction",Driving too fast for conditions,None Indicated,,Daylight,Ice/frost,Cloudy,"Surface condition (e.g., wet, icy)",Non-intersection:  Other non-intersection (explain in narrative),Paved,,Property Damage Only,0,0,0,0,0,0,2350,4,4,,POINT (-95.864335564943 41.232174736532)
2014783638,20140003283,02/05/2014,02-February,4-Wednesday,18:13,1800 Hours,District 1 (Central),DES MOINES,POLK,,GRAND AVE,Collision with:  Vehicle in traffic,On Roadway,Broadside (front to side),FTYROW:  From driveway,None Indicated,,Dark - roadway lighted,Snow,Cloudy,"Surface condition (e.g., wet, icy)",Non-intersection:  Driveway access (within),Paved,,Property Damage Only,0,0,0,0,0,0,3200,2,2,,POINT (-93.646611691292 41.584416458186)
2014787120,14-0149,02/05/2014,02-February,4-Wednesday,10:40,1000 Hours,District 1 (Central),CLIVE,POLK,I-35,I-35,Non-collision events:  Overturn/rollover,On Roadway,Non-collision (single vehicle),Ran off road - right,None Indicated,,Daylight,Ice/frost,Cloudy,"Surface condition (e.g., wet, icy)","Interchange-related:  Off-ramp, diverge area",Paved,,Property Damage Only,0,0,0,0,0,0,8000,1,1,,POINT (-93.776866595479 41.611838673493)
2014783961,2014-7922,02/05/2014,02-February,4-Wednesday,07:03,0700 Hours,District 6 (East Central),DAVENPORT,SCOTT,I-80,I-80,Collision with fixed object:  Guardrail - face,On Roadway,Non-collision (single vehicle),Driving too fast for conditions,None Indicated,,Daylight,Snow,Snow,"Surface condition (e.g., wet, icy)",Intersection:  Intersection with ramp,Paved,,Property Damage Only,0,0,0,0,0,0,3200,1,1,,POINT (-90.562157804998 41.594940840644)
2014783546,2014001317,02/05/2014,02-February,4-Wednesday,07:03,0700 Hours,District 6 (East Central),IOWA CITY,JOHNSON,US 218,US 218,Collision with:  Vehicle in traffic,On Roadway,"Sideswipe, same direction",FTYROW:  Other (explain in narrative),None Indicated,,Daylight,Snow,Snow,None apparent,Non-intersection:  Non-junction/no special feature,Paved,,Property Damage Only,0,0,0,0,0,0,2000,2,2,,POINT (-91.577813471399 41.642774592744)
2014783964,2014-7962,02/05/2014,02-February,4-Wednesday,10:26,1000 Hours,District 6 (East Central),DAVENPORT,SCOTT,,W RUSHOLME ST & MARQUETTE ST,Collision with:  Vehicle in traffic,On Roadway,Rear-end (front to rear),Lost Control,None Indicated,,Daylight,Slush,Cloudy,"Surface condition (e.g., wet, icy)",Intersection:  T-intersection,Paved,,Minor Injury,0,1,0,1,0,0,9000,2,4,,POINT (-90.591265730254 41.544236367621)
2014783540,14-2931,02/05/2014,02-February,4-Wednesday,02:59,0200 Hours,District 1 (Central),KELLOGG,JASPER,I-80,I-80,Collision with:  Other non-fixed object (explain in narrative),On Roadway,Non-collision (single vehicle),Ran off road - left,None Indicated,,Dark - roadway not lighted,Snow,Snow,None apparent,Non-intersection:  Non-junction/no special feature,Paved,,Property Damage Only,0,0,0,0,0,0,14000,1,2,,POINT (-92.91259040252 41.681867412692)
2014784758,14-0263,02/05/2014,02-February,4-Wednesday,14:42,1400 Hours,District 2 (Northeast),OSAGE,MITCHELL,,WALNUT ST & N 4TH ST,Collision with:  Vehicle in traffic,On Roadway,Broadside (front to side),FTYROW:  Other (explain in narrative),None Indicated,,Daylight,Ice/frost,Cloudy,None apparent,Non-intersection:  Non-junction/no special feature,Paved,,Property Damage Only,0,0,0,0,0,0,10500,2,2,,POINT (-92.816438122369 43.287010657126)
2014783735,14-3603,02/05/2014,02-February,4-Wednesday,15:34,1500 Hours,District 3 (Northwest),SIOUX CITY,WOODBURY,,W 3RD ST,Collision with:  Parked motor vehicle,On Roadway,"Sideswipe, same direction",Lost Control,None Indicated,,Daylight,Snow,Clear,"Surface condition (e.g., wet, icy)",Non-intersection:  Non-junction/no special feature,Paved,,Property Damage Only,0,0,0,0,0,0,2200,2,1,,POINT (-96.427905051319 42.499242153869)
2014783734,14-3598,02/05/2014,02-February,4-Wednesday,13:47,1300 Hours,District 3 (Northwest),SIOUX CITY,WOODBURY,,ORLEANS AVE & S PATTERSON ST,Collision with:  Vehicle in traffic,On Roadway,"Sideswipe, opposite direction",Lost Control,None Indicated,,Daylight,Snow,Cloudy,None apparent,Intersection:  T-intersection,Paved,,Property Damage Only,0,0,0,0,0,0,3000,2,3,,POINT (-96.353674896262 42.471662898919)
2014785221,,02/05/2014,02-February,4-Wednesday,08:15,0800 Hours,District 6 (East Central),CEDAR RAPIDS,LINN,I-380,I-380,Collision with fixed object:  Guardrail - face,Median,Non-collision (single vehicle),Unknown,None Indicated,,Daylight,Snow,Snow,,Non-intersection:  Non-junction/no special feature,Paved,,Property Damage Only,0,0,0,0,0,0,3600,1,1,,POINT (-91.673893971307 41.978476970966)
2014783640,20140003294,02/05/2014,02-February,4-Wednesday,19:40,1900 Hours,District 1 (Central),DES MOINES,POLK,,ROLLINS AVE,Collision with:  Vehicle in traffic,On Roadway,"Sideswipe, same direction",Driving too fast for conditions,None Indicated,,Dark - roadway lighted,Snow,Cloudy,None apparent,Non-intersection:  Non-junction/no special feature,Paved,,Property Damage Only,0,0,0,0,0,0,6000,3,23,,POINT (-93.673418042778 41.593008602357)
2014784697,S14-011922,02/05/2014,02-February,4-Wednesday,05:00,0500 Hours,District 2 (Northeast),,BLACK HAWK,,Co Rd V49/N RAYMOND RD,Non-collision events:  Overturn/rollover,On Roadway,Non-collision (single vehicle),Ran off road - right,None Indicated,,Dark - roadway not lighted,Snow,Snow,"Surface condition (e.g., wet, icy)",Non-intersection:  Non-junction/no special feature,Paved,,Property Damage Only,0,0,0,0,0,0,6000,1,1,,POINT (-92.219023658594 42.610369144064)
2014784032,2014008411,02/05/2014,02-February,4-Wednesday,08:50,0800 Hours,District 1 (Central),,POLK,I-35,I-35,Collision with:  Vehicle in traffic,On Roadway,"Sideswipe, same direction",Lost Control,None Indicated,,Daylight,Ice/frost,"Blowing sand, soil, dirt","Surface condition (e.g., wet, icy)",Non-intersection:  Other non-intersection (explain in narrative),Paved,,Property Damage Only,0,0,0,0,0,0,11000,2,2,,POINT (-93.591884507161 41.650346774439)
2014785489,14-0593,02/05/2014,02-February,4-Wednesday,18:02,1800 Hours,District 3 (Northwest),CHEROKEE,CHEROKEE,,E CEDAR ST,Collision with:  Vehicle in traffic,On Roadway,Rear-end (front to rear),Unknown,None Indicated,,Dusk,Snow,Clear,"Surface condition (e.g., wet, icy)",Non-intersection:  Non-junction/no special feature,Paved,,Property Damage Only,0,0,0,0,0,0,1600,2,2,,POINT (-95.546221124492 42.751851001933)
2014783602,201401756,02/05/2014,02-February,4-Wednesday,13:28,1300 Hours,District 6 (East Central),CEDAR RAPIDS,LINN,,16TH AVE SW & 3RD ST SW,Collision with:  Vehicle in traffic,On Roadway,"Sideswipe, same direction",Made improper turn,None Indicated,,Daylight,Snow,Cloudy,None apparent,Intersection:  Other intersection (explain in narrative),Paved,,Property Damage Only,0,0,0,0,0,0,3000,2,2,,POINT (-91.670127257033 41.961690393499)
2014788228,2014008377,02/05/2014,02-February,4-Wednesday,08:03,0800 Hours,District 6 (East Central),DE WITT,CLINTON,US 30,US 30,Collision with fixed object:  Bridge overhead structure,On Roadway,Non-collision (single vehicle),Ran off road - right,None Indicated,,Daylight,Ice/frost,Snow,"Surface condition (e.g., wet, icy)",Non-intersection:  Other non-intersection (explain in narrative),Paved,,Property Damage Only,0,0,0,0,0,0,1500,1,1,,POINT (-90.567930220327 41.815453563962)
2014784074,2014008391,02/05/2014,02-February,4-Wednesday,08:03,0800 Hours,District 4 (Southwest),,POTTAWATTAMIE,I-80,I-80,Collision with:  Vehicle in traffic,On Roadway,"Sideswipe, same direction",Swerving/Evasive Action,None Indicated,,Daylight,Ice/frost,Cloudy,None apparent,Non-intersection:  Non-junction/no special feature,Paved,,Property Damage Only,0,0,0,0,0,0,7500,2,4,,POINT (-95.389168296026 41.497640067065)
2014784150,CL14000353,02/05/2014,02-February,4-Wednesday,07:43,0700 Hours,District 6 (East Central),CLINTON,CLINTON,,3RD AVE S & S 3RD ST,Collision with:  Vehicle in traffic,On Roadway,Broadside (front to side),Driving too fast for conditions,None Indicated,,Daylight,Snow,Cloudy,"Surface condition (e.g., wet, icy)",Non-intersection:  Non-junction/no special feature,Paved,,Property Damage Only,0,0,0,0,0,0,5000,2,2,,POINT (-90.190767390006 41.843388502291)
2014785103,2014-7926,02/05/2014,02-February,4-Wednesday,06:45,0600 Hours,District 6 (East Central),DAVENPORT,SCOTT,I-80,I-80,Collision with fixed object:  Guardrail - face,On Roadway,Non-collision (single vehicle),Lost Control,None Indicated,,Daylight,Snow,Cloudy,"Surface condition (e.g., wet, icy)",Non-intersection:  Non-junction/no special feature,Paved,,Property Damage Only,0,0,0,0,0,0,2000,1,1,,POINT (-90.5996265843 41.599791549985)
2014786147,,02/05/2014,02-February,4-Wednesday,10:00,1000 Hours,District 6 (East Central),DE WITT,CLINTON,,2ND ST,Collision with:  Vehicle in traffic,On Roadway,Broadside (front to side),Improper Backing,None Indicated,,Daylight,Snow,Cloudy,None apparent,Non-intersection:  Driveway access (within),Paved,,Property Damage Only,0,0,0,0,0,0,2000,2,2,,POINT (-90.536521319468 41.817017372767)
2014783965,2014-8067,02/05/2014,02-February,4-Wednesday,17:57,1700 Hours,District 6 (East Central),DAVENPORT,SCOTT,,W 13TH ST & N DIVISION ST,Collision with:  Vehicle in traffic,On Roadway,"Sideswipe, same direction","Operating vehicle in an reckless, erratic, careless, negligent manner",Alcohol (Statutory),,Dark - roadway lighted,Wet,Clear,None apparent,Non-intersection:  Non-junction/no special feature,Paved,,Property Damage Only,0,0,0,0,0,0,1500,2,3,,POINT (-90.601210318413 41.53271799164)
2014783502,S14-011892,02/05/2014,02-February,4-Wednesday,07:20,0700 Hours,District 2 (Northeast),,BLACK HAWK,,Co Rd C66/W DUNKERTON RD,Collision with fixed object:  Ditch,,,Ran off road - right,None Indicated,,,,,,,Paved,,Property Damage Only,0,0,0,0,0,0,6000,1,1,,POINT (-92.385942949637 42.570571599584)
2014783703,14-000539,02/05/2014,02-February,4-Wednesday,12:30,1200 Hours,District 1 (Central),AMES,STORY,,S 16TH ST,Collision with fixed object:  Utility pole/light support,Shoulder,Non-collision (single vehicle),Driving too fast for conditions,None Indicated,,Daylight,Snow,Clear,"Surface condition (e.g., wet, icy)",Non-intersection:  Non-junction/no special feature,Paved,,Property Damage Only,0,0,0,0,0,0,4199,1,1,,POINT (-93.633268944308 42.010887496181)