Iowa DOT Case Number,Law Enforcement Case Number,Date of Crash,Month of Crash,Day of Week,Time of Crash,Hour,DOT District,City Name,County Name,Route with System,Location Description,First Harmful Event,Location of First Harmful Event,Manner of Crash/Collision,Major Cause,Drug or Alcohol ,Environmental Conditions,Light Conditions,Surface Conditions,Weather Conditions,Roadway Contribution,Roadway Type,Roadway Surface,Work Zone,Crash Severity,Number of Fatalities,Number of Injuries,Number of Major Injuries,Number of Minor Injuries,Number of Possible Injuries,Number of Unknown Injuries,Amount of Property Damage,Number of Vehicles Involved,Total Number of Occupants,Travel Direction,Location
2014785217,,02/06/2014,02-February,5-Thursday,15:00,1500 Hours,District 6 (East Central),CEDAR RAPIDS,LINN,,SAMUEL CT SW,Collision with:  Vehicle in traffic,On Roadway,"Angle, oncoming left turn",Unknown,None Indicated,,Daylight,Snow,Clear,,Non-intersection:  Driveway access (within),Paved,,Property Damage Only,0,0,0,0,0,0,7000,2,3,,POINT (-91.725965916065 41.945742746001)
2014790213,14-020206-01,02/06/2014,02-February,5-Thursday,23:30,2300 Hours,District 6 (East Central),,IOWA,,160TH ST & J AVE,Non-collision events:  Overturn/rollover,Gore,Non-collision (single vehicle),Driving too fast for conditions,None Indicated,,Dark - roadway not lighted,Snow,Clear,"Surface condition (e.g., wet, icy)",Intersection:  Other intersection (explain in narrative),Unpaved,,Property Damage Only,0,0,0,0,0,0,5000,1,2,,POINT (-92.108493659199 41.775258854697)
2014784037,2014008770,02/06/2014,02-February,5-Thursday,09:30,0900 Hours,District 5 (Southeast),,WAPELLO,US 63,US 63 & 50TH ST,Collision with:  Vehicle in traffic,On Roadway,Rear-end (front to rear),Followed too close,None Indicated,,Daylight,Dry,Clear,None apparent,Intersection:  T-intersection,Paved,,Major Injury,0,1,1,0,0,0,17500,2,3,,POINT (-92.4044903618 40.956915383616)
2014786426,14-000572,02/06/2014,02-February,5-Thursday,17:53,1700 Hours,District 1 (Central),AMES,STORY,US 69,US 69/LINCOLN WAY & GILCHRIST ST,Collision with:  Vehicle in traffic,On Roadway,Rear-end (front to rear),Followed too close,None Indicated,,Dark - roadway lighted,Snow,Cloudy,None apparent,Non-intersection:  Non-junction/no special feature,Paved,,Property Damage Only,0,0,0,0,0,0,2000,2,3,,POINT (-93.618120252978 42.022894789779)
2014783970,2014-8166,02/06/2014,02-February,5-Thursday,08:32,0800 Hours,District 6 (East Central),DAVENPORT,SCOTT,,IA 461/WELCOME WAY,Collision with:  Vehicle in traffic,On Roadway,Rear-end (front to rear),Followed too close,None Indicated,,Daylight,Ice/frost,Clear,"Surface condition (e.g., wet, icy)",Non-intersection:  Non-junction/no special feature,Paved,,Property Damage Only,0,0,0,0,0,0,4000,2,3,,POINT (-90.571683890839 41.57510343938)
2014784630,2014008917,02/06/2014,02-February,5-Thursday,15:45,1500 Hours,District 6 (East Central),,JOHNSON,IA 22,IA 22/IOWA 22,Collision with:  Vehicle in traffic,On Roadway,Broadside (front to side),FTYROW:  From stop sign,None Indicated,,Daylight,Dry,Clear,None apparent,Intersection:  Four-way intersection,Paved,,Minor Injury,0,4,0,3,1,0,26500,2,5,,POINT (-91.426590595085 41.496116328694)
2014783706,14-000562,02/06/2014,02-February,5-Thursday,07:53,0700 Hours,District 1 (Central),AMES,STORY,,LINCOLN WAY & S SHELDON AVE,Collision with:  Vehicle in traffic,On Roadway,"Angle, oncoming left turn",FTYROW:  Making left turn,None Indicated,,Daylight,Snow,Clear,None apparent,Intersection:  Four-way intersection,Paved,,Property Damage Only,0,0,0,0,0,0,8000,2,2,,POINT (-93.654246790019 42.022730583)
2014783665,14-0640,02/06/2014,02-February,5-Thursday,08:50,0800 Hours,District 1 (Central),WEST DES MOINES,POLK,,VINE ST & 4TH ST,Collision with:  Vehicle in traffic,On Roadway,Broadside (front to side),FTYROW:  From stop sign,None Indicated,,Daylight,Ice/frost,Clear,None apparent,Intersection:  Four-way intersection,Paved,,Possible/Unknown,0,1,0,0,1,0,6500,3,4,,POINT (-93.707453713176 41.577257710271)
2014784246,2014-0259,02/06/2014,02-February,5-Thursday,07:49,0700 Hours,District 1 (Central),JEFFERSON,GREENE,,W MADISON ST & S OAK ST,Collision with:  Vehicle in traffic,On Roadway,Broadside (front to side),FTYROW:  At uncontrolled intersection,None Indicated,,Daylight,Snow,Clear,"Surface condition (e.g., wet, icy)",Non-intersection:  Non-junction/no special feature,Paved,,Property Damage Only,0,0,0,0,0,0,3250,2,3,,POINT (-94.378739175317 42.012342320337)
2014783657,20140003325,02/06/2014,02-February,5-Thursday,08:27,0800 Hours,District 1 (Central),DES MOINES,POLK,US 6,US 6/DOUGLAS AVE & EUCLID AVE & LOWER BEAVER RD,Collision with:  Vehicle in traffic,On Roadway,Rear-end (front to rear),Followed too close,None Indicated,,Daylight,Ice/frost,Clear,"Surface condition (e.g., wet, icy)",Intersection:  Four-way intersection,Paved,,Property Damage Only,0,0,0,0,0,0,13000,2,2,,POINT (-93.661817107414 41.629564164278)
2014786425,14-000571,02/06/2014,02-February,5-Thursday,17:06,1700 Hours,District 1 (Central),AMES,STORY,,LINCOLN WAY & STANTON AVE,Collision with:  Vehicle in traffic,On Roadway,Broadside (front to side),Lost Control,None Indicated,,Daylight,Snow,Clear,"Surface condition (e.g., wet, icy)",Intersection:  T-intersection,Paved,,Property Damage Only,0,0,0,0,0,0,6000,2,2,,POINT (-93.648522067529 42.022799096091)
2014785020,201400360,02/06/2014,02-February,5-Thursday,08:45,0800 Hours,District 6 (East Central),,LINN,,STONEY POINT RD NW,Collision with:  Vehicle in traffic,On Roadway,Rear-end (front to rear),Driving too fast for conditions,None Indicated,,Daylight,Ice/frost,Clear,"Surface condition (e.g., wet, icy)",Intersection:  Four-way intersection,Paved,,Property Damage Only,0,0,0,0,0,0,2500,3,3,,POINT (-91.755968902525 41.938947633282)
2014784165,CL14000375,02/06/2014,02-February,5-Thursday,12:57,1200 Hours,District 6 (East Central),CLINTON,CLINTON,US 30,US 30/8TH AVE S/S 4TH ST & US 67,Collision with:  Vehicle in traffic,On Roadway,"Sideswipe, same direction",Made improper turn,None Indicated,,Daylight,Wet,Clear,None apparent,Non-intersection:  Non-junction/no special feature,Paved,,Property Damage Only,0,0,0,0,0,0,5500,2,2,,POINT (-90.193240952457 41.837775423813)
2014784215,01-14-5374,02/06/2014,02-February,5-Thursday,17:36,1700 Hours,District 6 (East Central),DUBUQUE,DUBUQUE,,UNIVERSITY AVE,Collision with:  Parked motor vehicle,On Roadway,Rear-end (front to rear),Lost Control,None Indicated,,Dark - roadway lighted,Dry,Cloudy,None apparent,Non-intersection:  Non-junction/no special feature,Paved,,Possible/Unknown,0,1,0,0,1,0,8000,2,1,,POINT (-90.681555109979 42.499101760122)
2014784815,14-0128,02/06/2014,02-February,5-Thursday,07:23,0700 Hours,District 1 (Central),PLEASANT HILL,POLK,,PARKRIDGE AVE & HICKORY BLVD,Non-collision events:  Other non-collision (explain in narrative),Roadside,Non-collision (single vehicle),Crossed centerline (undivided),None Indicated,,Daylight,Snow,Clear,None apparent,Non-intersection:  Non-junction/no special feature,Paved,,Possible/Unknown,0,1,0,0,1,0,2500,1,1,,POINT (-93.513633444877 41.580817978439)
2014783973,2014-8293,02/06/2014,02-February,5-Thursday,18:16,1800 Hours,District 6 (East Central),DAVENPORT,SCOTT,,MARQUETTE ST,Collision with:  Vehicle in traffic,On Roadway,"Sideswipe, same direction",Unknown,None Indicated,,Dark - roadway lighted,Wet,Clear,None apparent,Non-intersection:  Non-junction/no special feature,Paved,,Property Damage Only,0,0,0,0,0,0,2100,2,2,,POINT (-90.59118736837 41.547314917763)
2014784287,2014001381,02/06/2014,02-February,5-Thursday,19:42,1900 Hours,District 6 (East Central),IOWA CITY,JOHNSON,,E JEFFERSON ST & N LINN ST,Collision with:  Vehicle in traffic,On Roadway,"Sideswipe, same direction",Improper or erratic lane changing,None Indicated,,Dark - roadway lighted,Dry,Cloudy,None apparent,Non-intersection:  Non-junction/no special feature,Paved,,Property Damage Only,0,0,0,0,0,0,3000,2,2,,POINT (-91.531594598465 41.662449787295)
2014784129,020614-121,02/06/2014,02-February,5-Thursday,12:20,1200 Hours,District 3 (Northwest),ALTA,BUENA VISTA,,200TH AVE,Collision with fixed object:  Ditch,On Roadway,Non-collision (single vehicle),Ran off road - left,None Indicated,,Daylight,Dry,Clear,None apparent,Non-intersection:  Non-junction/no special feature,Unpaved,,Property Damage Only,0,0,0,0,0,0,1500,1,1,,POINT (-95.01315081493 42.59238746512)
2014785190,2014008960,02/06/2014,02-February,5-Thursday,20:30,2000 Hours,District 6 (East Central),,DUBUQUE,,DYERSVILLE EAST RD,Collision with fixed object:  Ditch,On Roadway,Non-collision (single vehicle),Crossed centerline (undivided),None Indicated,,Dark - roadway not lighted,Snow,Clear,"Surface condition (e.g., wet, icy)",Non-intersection:  Non-junction/no special feature,Paved,,Property Damage Only,0,0,0,0,0,0,2500,1,2,,POINT (-91.064948602806 42.495809299358)
2014784871,,02/06/2014,02-February,5-Thursday,10:00,1000 Hours,District 4 (Southwest),,MONTGOMERY,,Co Rd H34/210 ST,Non-collision events:  Overturn/rollover,Shoulder,Non-collision (single vehicle),Swerving/Evasive Action,None Indicated,,Daylight,Snow,Cloudy,"Surface condition (e.g., wet, icy)",Non-intersection:  Non-junction/no special feature,Paved,,Property Damage Only,0,0,0,0,0,0,8000,1,1,,POINT (-94.949150651758 41.001217885107)
2014784532,14-2237,02/06/2014,02-February,5-Thursday,08:02,0800 Hours,District 6 (East Central),BETTENDORF,SCOTT,I-74,I-74,Collision with:  Vehicle in traffic,On Roadway,Rear-end (front to rear),Followed too close,None Indicated,,Daylight,Snow,Clear,None apparent,Non-intersection:  Other non-intersection (explain in narrative),Paved,,Property Damage Only,0,0,0,0,0,0,3000,2,2,,POINT (-90.514329881271 41.529412808039)
2014784286,2014001374,02/06/2014,02-February,5-Thursday,17:23,1700 Hours,District 6 (East Central),IOWA CITY,JOHNSON,,GLENDALE RD & S 7TH AVE & N 7TH AVE,Collision with:  Vehicle in traffic,On Roadway,Rear-end (front to rear),Driving too fast for conditions,None Indicated,,Dusk,Snow,Clear,"Surface condition (e.g., wet, icy)",Non-intersection:  Non-junction/no special feature,Paved,,Property Damage Only,0,0,0,0,0,0,2000,2,3,,POINT (-91.511666254658 41.660977489628)
2014785092,14-2490,02/06/2014,02-February,5-Thursday,18:33,1800 Hours,District 6 (East Central),,SCOTT,US 67,US 67/GREAT RIVER RD,Collision with:  Vehicle in traffic,On Roadway,Broadside (front to side),Improper Backing,None Indicated,,Dark - roadway not lighted,Dry,Clear,None apparent,Non-intersection:  Driveway access (within),Paved,,Possible/Unknown,0,1,0,0,1,0,1501,2,4,,POINT (-90.358407090538 41.694448494542)
2014783936,14-004854,02/06/2014,02-February,5-Thursday,13:00,1300 Hours,District 4 (Southwest),COUNCIL BLUFFS,POTTAWATTAMIE,,23RD AVE & S 29TH ST,Collision with:  Vehicle in traffic,On Roadway,Broadside (front to side),Ran Traffic Signal,None Indicated,,Daylight,Dry,Cloudy,None apparent,Intersection:  T-intersection,Paved,,Property Damage Only,0,0,0,0,0,0,2000,2,3,,POINT (-95.890424154074 41.240222418626)
2014784012,14-3692,02/06/2014,02-February,5-Thursday,15:08,1500 Hours,District 3 (Northwest),SIOUX CITY,WOODBURY,IA 12,IA 12/GORDON DR & S PALMETTO ST,Collision with:  Vehicle in traffic,On Roadway,Rear-end (front to rear),Followed too close,None Indicated,,Daylight,Snow,Clear,"Surface condition (e.g., wet, icy)",Intersection:  T-intersection,Paved,,Property Damage Only,0,0,0,0,0,0,2500,2,2,,POINT (-96.345775447533 42.475892045016)
2014783929,14-0647,02/06/2014,02-February,5-Thursday,16:23,1600 Hours,District 1 (Central),WEST DES MOINES,POLK,,HAWTHORNE DR & S 50TH ST,Collision with:  Vehicle in traffic,On Roadway,Rear-end (front to rear),Followed too close,None Indicated,,Daylight,Snow,Cloudy,"Surface condition (e.g., wet, icy)",Intersection:  Four-way intersection,Paved,,Property Damage Only,0,0,0,0,0,0,5500,2,3,,POINT (-93.77089690167 41.564041529722)
2014786784,14-004,02/06/2014,02-February,5-Thursday,22:28,2200 Hours,District 3 (Northwest),LOHRVILLE,CALHOUN,IA 4,IA 4/5TH ST,Collision with:  Vehicle in traffic,On Roadway,"Sideswipe, same direction",Crossed centerline (undivided),None Indicated,,Dark - roadway lighted,Dry,Clear,None apparent,Non-intersection:  Driveway access (within),Paved,,Possible/Unknown,0,1,0,0,1,0,5000,2,3,,POINT (-94.555680580251 42.267150695214)
2014783772,14012270,02/06/2014,02-February,5-Thursday,07:40,0700 Hours,District 2 (Northeast),CEDAR FALLS,BLACK HAWK,IA 57,IA 57/1ST ST,Collision with fixed object:  Concrete traffic barrier (median or right side),On Roadway,Non-collision (single vehicle),Lost Control,None Indicated,,Daylight,Ice/frost,Clear,"Surface condition (e.g., wet, icy)",Non-intersection:  Other non-intersection (explain in narrative),Paved,,Property Damage Only,0,0,0,0,0,0,1500,1,1,,POINT (-92.442440333565 42.537773296011)
2014783654,20140003331,02/06/2014,02-February,5-Thursday,09:10,0900 Hours,District 1 (Central),DES MOINES,POLK,,41ST ST,Collision with fixed object:  Curb/island/raised median,On Roadway,Non-collision (single vehicle),Lost Control,None Indicated,,Daylight,Slush,Clear,"Surface condition (e.g., wet, icy)",Non-intersection:  Non-junction/no special feature,Paved,,Property Damage Only,0,0,0,0,0,0,3500,1,1,,POINT (-93.672928011903 41.60243302934)
2014785423,2014-1278,02/06/2014,02-February,5-Thursday,16:51,1600 Hours,District 2 (Northeast),FOREST CITY,WINNEBAGO,,W M ST & N 6TH ST,Collision with:  Vehicle in traffic,On Roadway,Broadside (front to side),FTYROW:  At uncontrolled intersection,None Indicated,,Daylight,Snow,Clear,"Surface condition (e.g., wet, icy)",Intersection:  Four-way intersection,Paved,,Property Damage Only,0,0,0,0,0,0,2300,2,4,,POINT (-93.639293404964 43.26656081247)
2014784110,W14-012389,02/06/2014,02-February,5-Thursday,17:25,1700 Hours,District 2 (Northeast),WATERLOO,BLACK HAWK,,BYRON AVE & BAYARD ST,Collision with:  Vehicle in traffic,On Roadway,Broadside (front to side),FTYROW:  From yield sign,None Indicated,,Daylight,Snow,Clear,None apparent,Intersection:  T-intersection,Paved,,Property Damage Only,0,0,0,0,0,0,3000,2,3,,POINT (-92.353502262056 42.48029023134)
2014784548,2014-8292,02/06/2014,02-February,5-Thursday,18:15,1800 Hours,District 6 (East Central),DAVENPORT,SCOTT,US 6,US 6/W KIMBERLY RD & N DIVISION ST,Collision with:  Vehicle in traffic,On Roadway,Head-on (front to front),FTYROW:  Making left turn,None Indicated,,Dark - roadway lighted,Snow,Snow,None apparent,Intersection:  Four-way intersection,Paved,,Possible/Unknown,0,1,0,0,1,0,3000,2,3,,POINT (-90.600667262592 41.560041134558)
2014784436,20140003313,02/06/2014,02-February,5-Thursday,05:32,0500 Hours,District 1 (Central),DES MOINES,POLK,,DES MOINES ST & E 19TH ST,Collision with:  Vehicle in traffic,On Roadway,Rear-end (front to rear),FTYROW:  Making right turn on red signal,None Indicated,,Dark - roadway lighted,Snow,Cloudy,None apparent,Intersection:  Four-way intersection,Paved,,Possible/Unknown,0,1,0,0,1,0,9500,4,2,,POINT (-93.584948258131 41.596447144645)
2014783856,201401816,02/06/2014,02-February,5-Thursday,16:30,1600 Hours,District 6 (East Central),CEDAR RAPIDS,LINN,,MT VERNON RD SE & 15TH ST SE,Collision with:  Vehicle in traffic,On Roadway,Rear-end (front to rear),Followed too close,None Indicated,,Daylight,Wet,Clear,None apparent,Non-intersection:  Non-junction/no special feature,Paved,,Property Damage Only,0,0,0,0,0,0,1500,2,2,,POINT (-91.649546391107 41.977418544433)
2014783779,W14-012326,02/06/2014,02-February,5-Thursday,12:59,1200 Hours,District 2 (Northeast),WATERLOO,BLACK HAWK,,E PARK AVE & SYCAMORE ST,Collision with:  Vehicle in traffic,On Roadway,"Sideswipe, same direction",Made improper turn,None Indicated,,Daylight,Snow,Clear,None apparent,Intersection:  Four-way intersection,Paved,,Property Damage Only,0,0,0,0,0,0,2500,2,2,,POINT (-92.337050542039 42.498964425806)
2014783925,14-0652,02/06/2014,02-February,5-Thursday,23:00,2300 Hours,District 1 (Central),WEST DES MOINES,POLK,,WOODLAND PARK DR,Collision with:  Parked motor vehicle,On Roadway,"Sideswipe, opposite direction",Driving too fast for conditions,None Indicated,,Dark - roadway lighted,Snow,Cloudy,None apparent,Non-intersection:  Non-junction/no special feature,Paved,,Property Damage Only,0,0,0,0,0,0,1800,2,1,,POINT (-93.765089884967 41.586202095012)
2014783909,20140003392,02/06/2014,02-February,5-Thursday,18:52,1800 Hours,District 1 (Central),DES MOINES,POLK,,WALNUT ST & 3RD ST,Collision with:  Vehicle in traffic,On Roadway,Broadside (front to side),Ran Traffic Signal,None Indicated,,Dark - roadway lighted,Wet,Clear,None apparent,Intersection:  Four-way intersection,Paved,,Property Damage Only,0,0,0,0,0,0,4000,2,6,,POINT (-93.620911902606 41.586665821001)
2014784089,14-001705,02/06/2014,02-February,5-Thursday,10:01,1000 Hours,District 5 (Southeast),CENTERVILLE,APPANOOSE,,S MAIN ST,Collision with:  Vehicle in traffic,On Roadway,Rear-end (front to rear),FTYROW:  From driveway,None Indicated,,Daylight,Snow,Clear,None apparent,Non-intersection:  Driveway access (within),Paved,,Property Damage Only,0,0,0,0,0,0,1750,2,3,,POINT (-92.874162962235 40.718416489879)
2014784668,PD140097,02/06/2014,02-February,5-Thursday,15:18,1500 Hours,District 1 (Central),GRUNDY CENTER,GRUNDY,,4TH ST,Collision with:  Vehicle in traffic,On Roadway,Broadside (front to side),FTYROW:  From driveway,None Indicated,,Daylight,Snow,Cloudy,None apparent,Non-intersection:  Driveway access (within),Paved,,Property Damage Only,0,0,0,0,0,0,4000,2,2,,POINT (-92.768269562045 42.356092507215)
2014784987,14017736,02/06/2014,02-February,5-Thursday,18:53,1800 Hours,District 6 (East Central),,JOHNSON,,200TH ST,Collision with fixed object:  Other fixed object (explain in narrative),Roadside,Non-collision (single vehicle),Ran off road - straight,None Indicated,,Dark - roadway not lighted,Snow,Cloudy,None apparent,Non-intersection:  Non-junction/no special feature,Unpaved,,Possible/Unknown,0,1,0,0,1,0,8200,1,2,,POINT (-91.594465515612 41.7896101379)
2014783855,201401817,02/06/2014,02-February,5-Thursday,16:40,1600 Hours,District 6 (East Central),CEDAR RAPIDS,LINN,,10TH ST SE,Collision with:  Vehicle in traffic,On Roadway,Rear-end (front to rear),Swerving/Evasive Action,None Indicated,,Daylight,Snow,Cloudy,None apparent,Non-intersection:  Non-junction/no special feature,Paved,,Property Damage Only,0,0,0,0,0,0,4000,2,2,,POINT (-91.657699539343 41.98173819669)
2014783773,W14-012257,02/06/2014,02-February,5-Thursday,07:56,0700 Hours,District 2 (Northeast),WATERLOO,BLACK HAWK,US 218,US 218,Non-collision events:  Other non-collision (explain in narrative),On Roadway,Rear-end (front to rear),Unknown,None Indicated,,Daylight,Ice/frost,Clear,"Surface condition (e.g., wet, icy)",Non-intersection:  Non-junction/no special feature,Paved,,Property Damage Only,0,0,0,0,0,0,4500,3,5,,POINT (-92.343791578017 42.49442825941)
2014787352,14-3071,02/06/2014,02-February,5-Thursday,17:20,1700 Hours,District 1 (Central),NEWTON,JASPER,,S 12TH AVE W,Collision with:  Vehicle in traffic,On Roadway,Rear-end (front to rear),Followed too close,None Indicated,,Daylight,Snow,Clear,None apparent,Non-intersection:  Non-junction/no special feature,Paved,,Property Damage Only,0,0,0,0,0,0,1500,2,2,,POINT (-93.073491497107 41.688335289332)
2014784901,,02/06/2014,02-February,5-Thursday,08:30,0800 Hours,District 6 (East Central),CEDAR RAPIDS,LINN,,,Collision with:  Vehicle in traffic,On Roadway,"Sideswipe, same direction",Unknown,None Indicated,,Daylight,Slush,Snow,,Non-intersection:  Non-junction/no special feature,,,Property Damage Only,0,0,0,0,0,0,5100,2,2,,POINT (-96.643700149993 40.233091251414)
2014783649,20140003322,02/06/2014,02-February,5-Thursday,07:58,0700 Hours,District 1 (Central),DES MOINES,POLK,,INGERSOLL AVE & 42ND ST,Collision with:  Vehicle in traffic,On Roadway,Rear-end (front to rear),Driving too fast for conditions,None Indicated,,Daylight,Slush,Clear,"Surface condition (e.g., wet, icy)",Non-intersection:  Non-junction/no special feature,Paved,,Possible/Unknown,0,1,0,0,1,0,4000,2,2,,POINT (-93.674332868109 41.58637391331)
2014784282,2014001351,02/06/2014,02-February,5-Thursday,10:19,1000 Hours,District 6 (East Central),IOWA CITY,JOHNSON,,MCCOLLISTER BLVD,Collision with:  Vehicle in traffic,On Roadway,"Sideswipe, same direction",FTYROW:  Other (explain in narrative),None Indicated,,Daylight,Snow,Cloudy,None apparent,Non-intersection:  Driveway access (within),Paved,,Property Damage Only,0,0,0,0,0,0,5000,2,4,,POINT (-91.529089676659 41.627903411991)
2014783631,20140003343,02/06/2014,02-February,5-Thursday,11:10,1100 Hours,District 1 (Central),DES MOINES,POLK,,HICKMAN RD & 23RD ST,Collision with:  Vehicle in traffic,On Roadway,Rear-end (front to rear),Lost Control,Alcohol (< Statutory),,Daylight,Dry,Clear,None apparent,Non-intersection:  Non-junction/no special feature,Paved,,Property Damage Only,0,0,0,0,0,0,3700,2,3,,POINT (-93.648177562742 41.615023209933)
2014785982,20140003362,02/06/2014,02-February,5-Thursday,14:00,1400 Hours,District 1 (Central),DES MOINES,POLK,,FLEUR DR,Collision with:  Vehicle in traffic,On Roadway,Rear-end (front to rear),Followed too close,None Indicated,,Daylight,Dry,Clear,None apparent,Intersection:  Four-way intersection,Paved,,Property Damage Only,0,0,0,0,0,0,3600,2,2,,POINT (-93.64503926342 41.540920098811)
2014783535,14-0122,02/06/2014,02-February,5-Thursday,07:52,0700 Hours,District 1 (Central),PATON,GREENE,,TALLMAN ST & PARK ST,Collision with:  Vehicle in traffic,On Roadway,Broadside (front to side),Ran Stop Sign,None Indicated,,Daylight,Ice/frost,Cloudy,"Surface condition (e.g., wet, icy)",Intersection:  Four-way intersection,Paved,,Property Damage Only,0,0,0,0,0,0,2500,2,3,,POINT (-94.256925574385 42.164434501023)
2014783854,2014001362,02/06/2014,02-February,5-Thursday,14:18,1400 Hours,District 6 (East Central),IOWA CITY,JOHNSON,US 6,US 6/S RIVERSIDE DR & STURGIS CORNER DR,Collision with:  Vehicle in traffic,On Roadway,Broadside (front to side),FTYROW:  From driveway,None Indicated,,Daylight,Wet,Clear,None apparent,Non-intersection:  Driveway access (within),Paved,,Property Damage Only,0,0,0,0,0,0,6500,2,2,,POINT (-91.540149674249 41.649012464045)
2014784899,,02/06/2014,02-February,5-Thursday,08:00,0800 Hours,District 6 (East Central),CEDAR RAPIDS,LINN,,2ND AVE SE & 6TH ST SE,Collision with:  Vehicle in traffic,On Roadway,Broadside (front to side),Unknown,None Indicated,,Daylight,Snow,Clear,,Intersection:  Four-way intersection,Paved,,Property Damage Only,0,0,0,0,0,0,3000,2,2,,POINT (-91.663376545413 41.980408447267)
2014784077,AC14-009,02/06/2014,02-February,5-Thursday,12:50,1200 Hours,District 1 (Central),STORY CITY,STORY,,WASHINGTON ST & PARK AVE,Collision with:  Vehicle in traffic,On Roadway,Broadside (front to side),FTYROW:  From yield sign,None Indicated,,Daylight,Snow,Clear,"Surface condition (e.g., wet, icy)",Intersection:  Four-way intersection,Paved,,Property Damage Only,0,0,0,0,0,0,10000,2,3,,POINT (-93.597640497445 42.18581289815)
2014786533,,02/06/2014,02-February,5-Thursday,06:50,0600 Hours,District 6 (East Central),,LINN,,,Collision with fixed object:  Bridge overhead structure,On Roadway,Non-collision (single vehicle),Unknown,None Indicated,,Dawn,Other (explain in narrative),Cloudy,,Non-intersection:  Other non-intersection (explain in narrative),,,Property Damage Only,0,0,0,0,0,0,1500,1,1,,POINT (-96.643700149993 40.233091251414)
2014784212,01-14-5367,02/06/2014,02-February,5-Thursday,16:45,1600 Hours,District 6 (East Central),DUBUQUE,DUBUQUE,,E 13TH ST & ELM ST,Collision with:  Vehicle in traffic,On Roadway,Broadside (front to side),FTYROW:  From stop sign,None Indicated,,Daylight,Dry,Clear,None apparent,Intersection:  Four-way intersection,Paved,,Property Damage Only,0,0,0,0,0,0,4000,2,6,,POINT (-90.66335828038 42.506710624319)
2014784573,201400006205,02/06/2014,02-February,5-Thursday,14:18,1400 Hours,District 5 (Southeast),OTTUMWA,WAPELLO,,CENTER AVE & N ASH ST,Collision with:  Vehicle in traffic,On Roadway,Broadside (front to side),Lost Control,None Indicated,,Daylight,Snow,Clear,"Surface condition (e.g., wet, icy)",Non-intersection:  Non-junction/no special feature,Paved,,Property Damage Only,0,0,0,0,0,0,4000,2,2,,POINT (-92.400249941913 41.017086126182)
2014786157,14012263,02/06/2014,02-February,5-Thursday,08:10,0800 Hours,District 2 (Northeast),CEDAR FALLS,BLACK HAWK,,4TH ST,Collision with:  Vehicle in traffic,On Roadway,Rear-end (front to rear),Other (explain in narrative):  Other,None Indicated,,Daylight,Ice/frost,Clear,"Surface condition (e.g., wet, icy)",Intersection:  Four-way intersection,Paved,,Property Damage Only,0,0,0,0,0,0,4000,2,2,,POINT (-92.465687769225 42.534903134121)
2014783656,20140003323,02/06/2014,02-February,5-Thursday,08:00,0800 Hours,District 1 (Central),DES MOINES,POLK,I-235,I-235,Collision with:  Vehicle in traffic,On Roadway,Rear-end (front to rear),Lost Control,None Indicated,,Daylight,Dry,Clear,None apparent,Non-intersection:  Non-junction/no special feature,Paved,,Property Damage Only,0,0,0,0,0,0,6000,4,4,,POINT (-93.575268818283 41.632002446992)
2014784036,2014008740,02/06/2014,02-February,5-Thursday,07:50,0700 Hours,District 1 (Central),,WEBSTER,US 20,US 20/NE RAMP CURV/NW RAMP CURV & US 169,Collision with:  Vehicle in traffic,On Roadway,Rear-end (front to rear),Other (explain in narrative):  Other,None Indicated,,Daylight,Dry,Clear,None apparent,Interchange-related:  On-ramp merge area,Paved,,Property Damage Only,0,0,0,0,0,0,2000,2,2,,POINT (-94.184222070085 42.446168324602)
2014790521,,02/06/2014,02-February,5-Thursday,14:55,1400 Hours,District 2 (Northeast),HAMPTON,FRANKLIN,,10TH AVE NE,Collision with:  Vehicle in traffic,On Roadway,Broadside (front to side),FTYROW:  From driveway,None Indicated,,Daylight,Snow,Clear,None apparent,Non-intersection:  Driveway access (within),Paved,,Property Damage Only,0,0,0,0,0,0,4500,2,2,,POINT (-93.199616619378 42.750885719682)
2014783532,14-04113,02/06/2014,02-February,5-Thursday,09:54,0900 Hours,District 5 (Southeast),BURLINGTON,DES MOINES,,WEST AVE,Collision with:  Vehicle in traffic,On Roadway,Rear-end (front to rear),Followed too close,None Indicated,,Daylight,Snow,Clear,"Surface condition (e.g., wet, icy)",Non-intersection:  Non-junction/no special feature,Paved,,Property Damage Only,0,0,0,0,0,0,6000,2,4,,POINT (-91.137106655814 40.800385637804)
2014783648,20140003319,02/06/2014,02-February,5-Thursday,07:12,0700 Hours,District 1 (Central),DES MOINES,POLK,,SAYLOR RD,Collision with fixed object:  Utility pole/light support,On Roadway,Non-collision (single vehicle),Ran off road - right,None Indicated,,Dawn,Ice/frost,Clear,"Surface condition (e.g., wet, icy)",Non-intersection:  Non-junction/no special feature,Paved,,Property Damage Only,0,0,0,0,0,0,3700,1,1,,POINT (-93.61089821864 41.611273191799)