Iowa DOT Case Number,Law Enforcement Case Number,Date of Crash,Month of Crash,Day of Week,Time of Crash,Hour,DOT District,City Name,County Name,Route with System,Location Description,First Harmful Event,Location of First Harmful Event,Manner of Crash/Collision,Major Cause,Drug or Alcohol ,Environmental Conditions,Light Conditions,Surface Conditions,Weather Conditions,Roadway Contribution,Roadway Type,Roadway Surface,Work Zone,Crash Severity,Number of Fatalities,Number of Injuries,Number of Major Injuries,Number of Minor Injuries,Number of Possible Injuries,Number of Unknown Injuries,Amount of Property Damage,Number of Vehicles Involved,Total Number of Occupants,Travel Direction,Location
2014784248,2014-0262,02/06/2014,02-February,5-Thursday,15:33,1500 Hours,District 1 (Central),JEFFERSON,GREENE,,SUNSET RD,Collision with:  Parked motor vehicle,On Roadway,"Sideswipe, same direction",Driving too fast for conditions,None Indicated,,Daylight,Snow,Clear,"Surface condition (e.g., wet, icy)",Non-intersection:  Non-junction/no special feature,Paved,,Property Damage Only,0,0,0,0,0,0,2300,2,16,,POINT (-94.375874175687 42.002685836965)
2014785189,2014008898,02/06/2014,02-February,5-Thursday,15:10,1500 Hours,District 6 (East Central),,CEDAR,I-80,I-80,Collision with fixed object:  Ditch,On Roadway,Non-collision (single vehicle),Ran off road - left,None Indicated,,Daylight,Dry,Clear,None apparent,Non-intersection:  Non-junction/no special feature,Paved,,Property Damage Only,0,0,0,0,0,0,5200,2,2,,POINT (-90.978200254303 41.633564383448)
2014785047,14-000602,02/06/2014,02-February,5-Thursday,15:45,1500 Hours,District 1 (Central),ANKENY,POLK,,NW GREENWOOD ST,Collision with:  Vehicle in traffic,On Roadway,Broadside (front to side),FTYROW:  From driveway,None Indicated,,Daylight,Unknown,Unknown,None apparent,Non-intersection:  Driveway access (within),Paved,,Property Damage Only,0,0,0,0,0,0,5750,2,2,,POINT (-93.634490819238 41.735731836023)
2014783873,14002864,02/06/2014,02-February,5-Thursday,09:40,0900 Hours,District 5 (Southeast),OSKALOOSA,MAHASKA,,B AVE E & N 1ST ST,Collision with fixed object:  Utility pole/light support,Roadside,Broadside (front to side),FTYROW:  From stop sign,None Indicated,,Daylight,Snow,Clear,"Surface condition (e.g., wet, icy)",Intersection:  Four-way intersection,Paved,,Property Damage Only,0,0,0,0,0,0,6000,2,2,,POINT (-92.643872347359 41.297127136979)
2014784214,01-14-5373,02/06/2014,02-February,5-Thursday,17:32,1700 Hours,District 6 (East Central),DUBUQUE,DUBUQUE,US 52,US 52/CENTRAL AVE,Collision with:  Vehicle in traffic,On Roadway,Rear-end (front to rear),Lost Control,None Indicated,,Dark - roadway lighted,Wet,Cloudy,None apparent,Non-intersection:  Non-junction/no special feature,Paved,,Property Damage Only,0,0,0,0,0,0,3500,3,3,,POINT (-90.667935413336 42.506686836501)
2014785576,14-000594,02/06/2014,02-February,5-Thursday,22:00,2200 Hours,District 1 (Central),ANKENY,POLK,,NW BOULDER BROOK DR,Collision with fixed object:  Utility pole/light support,On Roadway,Non-collision (single vehicle),Driving too fast for conditions,None Indicated,,Dark - roadway lighted,Snow,Clear,"Surface condition (e.g., wet, icy)",Non-intersection:  Non-junction/no special feature,Paved,,Property Damage Only,0,0,0,0,0,0,7000,1,3,,POINT (-93.642219780504 41.740246446149)
2014828370,AC14-005,02/06/2014,02-February,5-Thursday,21:30,2100 Hours,District 4 (Southwest),HARLAN,SHELBY,,VICTORIA ST & 6TH ST,Collision with:  Vehicle in traffic,On Roadway,Broadside (front to side),Ran Stop Sign,Alcohol (Statutory),,Dark - roadway lighted,Snow,Clear,None apparent,Intersection:  Four-way intersection,Paved,,Possible/Unknown,0,1,0,0,1,0,7000,2,2,,POINT (-95.317674956847 41.654951216916)
2014783968,2014-8154,02/06/2014,02-February,5-Thursday,07:37,0700 Hours,District 6 (East Central),DAVENPORT,SCOTT,,W 17TH ST & N CLARK ST,Collision with:  Vehicle in traffic,On Roadway,Rear-end (front to rear),Lost Control,None Indicated,,Daylight,Snow,Clear,"Surface condition (e.g., wet, icy)",Non-intersection:  Non-junction/no special feature,Paved,,Property Damage Only,0,0,0,0,0,0,2000,2,3,,POINT (-90.6227179777 41.535866799768)
2014783994,14-000570,02/06/2014,02-February,5-Thursday,16:50,1600 Hours,District 1 (Central),AMES,STORY,,WESTBROOK DR & HICKORY DR,Collision with fixed object:  Utility pole/light support,Shoulder,Non-collision (single vehicle),Lost Control,None Indicated,,Daylight,Ice/frost,Clear,"Surface condition (e.g., wet, icy)",Non-intersection:  Non-junction/no special feature,Paved,,Property Damage Only,0,0,0,0,0,0,6300,1,1,,POINT (-93.673293627975 42.023719236594)
2014784670,PD140096,02/06/2014,02-February,5-Thursday,15:33,1500 Hours,District 1 (Central),GRUNDY CENTER,GRUNDY,,F AVE & 6TH ST,Collision with:  Vehicle in traffic,On Roadway,Broadside (front to side),Other (explain in narrative):  Other,None Indicated,,Daylight,Snow,Cloudy,None apparent,Intersection:  Four-way intersection,Paved,,Property Damage Only,0,0,0,0,0,0,5000,2,4,,POINT (-92.771306333751 42.362483926003)
2014783939,14-004957,02/06/2014,02-February,5-Thursday,19:44,1900 Hours,District 4 (Southwest),COUNCIL BLUFFS,POTTAWATTAMIE,US 6,US 6/KANESVILLE BLVD & N BROADWAY,Collision with:  Vehicle in traffic,On Roadway,Broadside (front to side),Ran Traffic Signal,None Indicated,,Dark - roadway not lighted,Snow,Snow,None apparent,Intersection:  Four-way intersection,Paved,,Property Damage Only,0,0,0,0,0,0,3500,3,3,,POINT (-95.836662188987 41.268957947011)
2014798019,140772PD,02/06/2014,02-February,5-Thursday,12:20,1200 Hours,District 1 (Central),BOONE,BOONE,,MAMIE EISENHOWER AVE & S BENTON ST,Collision with:  Vehicle in traffic,On Roadway,"Angle, oncoming left turn",FTYROW:  Making left turn,None Indicated,,Daylight,Other (explain in narrative),Cloudy,None apparent,Intersection:  Four-way intersection,Paved,,Property Damage Only,0,0,0,0,0,0,6000,2,2,,POINT (-93.874987781061 42.059636760454)
2014783747,14000690,02/06/2014,02-February,5-Thursday,09:04,0900 Hours,District 2 (Northeast),ALGONA,KOSSUTH,,E ELM ST & N MINNESOTA ST,Collision with:  Vehicle in traffic,On Roadway,Broadside (front to side),FTYROW:  At uncontrolled intersection,None Indicated,,Daylight,Snow,Clear,"Surface condition (e.g., wet, icy)",Non-intersection:  Non-junction/no special feature,Paved,,Property Damage Only,0,0,0,0,0,0,4200,2,2,,POINT (-94.231791137099 43.073525721628)
2014785829,14000453,02/06/2014,02-February,5-Thursday,03:00,0300 Hours,District 5 (Southeast),,KEOKUK,IA 22,IA 22/IOWA 22 & Co Rd V67/290TH AVE,Non-collision events:  Other non-collision (explain in narrative),Outside trafficway,Non-collision (single vehicle),Ran off road - right,None Indicated,,Dark - roadway not lighted,Snow,Snow,"Surface condition (e.g., wet, icy)",Non-intersection:  Non-junction/no special feature,Paved,,Property Damage Only,0,0,0,0,0,0,2100,1,1,,POINT (-92.04278864723 41.453581169201)
2014786427,14-000574,02/06/2014,02-February,5-Thursday,18:57,1800 Hours,District 1 (Central),AMES,STORY,,S 4TH ST & GRANDWOOD DR & GRAND AVE,Collision with:  Vehicle in traffic,On Roadway,Rear-end (front to rear),Driving too fast for conditions,None Indicated,,Dark - roadway lighted,Slush,Clear,"Surface condition (e.g., wet, icy)",Intersection:  Four-way intersection,Paved,,Property Damage Only,0,0,0,0,0,0,1500,2,3,,POINT (-93.620622023226 42.019314683952)
2014783937,14-004877,02/06/2014,02-February,5-Thursday,15:33,1500 Hours,District 4 (Southwest),COUNCIL BLUFFS,POTTAWATTAMIE,US 6,US 6/KANESVILLE BLVD & MCKENSIE AVE,Collision with:  Vehicle in traffic,On Roadway,Broadside (front to side),FTYROW:  Making left turn,None Indicated,,Daylight,Wet,Cloudy,None apparent,Intersection:  T-intersection,Paved,,Possible/Unknown,0,1,0,0,1,0,4000,2,5,,POINT (-95.817948841799 41.279315878017)
2014784671,PD140100,02/07/2014,02-February,6-Friday,13:05,1300 Hours,District 1 (Central),GRUNDY CENTER,GRUNDY,,K AVE & 6TH ST,Collision with:  Vehicle in traffic,On Roadway,Broadside (front to side),Driving too fast for conditions,None Indicated,,Daylight,Snow,Cloudy,"Surface condition (e.g., wet, icy)",Intersection:  Four-way intersection,Paved,,Property Damage Only,0,0,0,0,0,0,2000,2,2,,POINT (-92.7712751696 42.357683614865)
2014787563,2014-1169,02/07/2014,02-February,6-Friday,15:00,1500 Hours,District 6 (East Central),ELDRIDGE,SCOTT,,VALLEY DR & S 5TH ST,Collision with:  Vehicle in traffic,Shoulder,Broadside (front to side),"Operating vehicle in an reckless, erratic, careless, negligent manner",None Indicated,,Daylight,Dry,Clear,None apparent,Intersection:  T-intersection,Paved,,Property Damage Only,0,0,0,0,0,0,3500,2,3,,POINT (-90.588226122274 41.652311758175)
2014784765,14-005336,02/07/2014,02-February,6-Friday,16:44,1600 Hours,District 5 (Southeast),MUSCATINE,MUSCATINE,,SHERMAN ST & RIVER RD,Collision with:  Vehicle in traffic,On Roadway,"Sideswipe, same direction",FTYROW:  From yield sign,None Indicated,,Daylight,Snow,Cloudy,None apparent,Intersection:  T-intersection,Paved,,Property Damage Only,0,0,0,0,0,0,4050,2,2,,POINT (-91.023125609709 41.433982044056)
2014784600,14-0383,02/07/2014,02-February,6-Friday,08:23,0800 Hours,District 1 (Central),FORT DODGE,WEBSTER,,AVE B S,Collision with:  Vehicle in traffic,On Roadway,Broadside (front to side),FTYROW:  From driveway,None Indicated,,Daylight,Snow,Clear,None apparent,Non-intersection:  Driveway access (within),Paved,,Property Damage Only,0,0,0,0,0,0,7000,2,2,,POINT (-94.180325057851 42.48534756199)
2014784460,20140003473,02/07/2014,02-February,6-Friday,14:40,1400 Hours,District 1 (Central),DES MOINES,POLK,,BELL AVE,Collision with:  Parked motor vehicle,On Roadway,Rear-end (front to rear),Lost Control,None Indicated,,Daylight,Snow,Clear,"Surface condition (e.g., wet, icy)",Non-intersection:  Non-junction/no special feature,Paved,,Property Damage Only,0,0,0,0,0,0,3000,2,1,,POINT (-93.618190994768 41.561766363789)
2014785346,14-0597,02/07/2014,02-February,6-Friday,13:35,1300 Hours,District 6 (East Central),HIAWATHA,LINN,,LYNDHURST DR,Collision with:  Vehicle in traffic,On Roadway,Broadside (front to side),FTYROW:  From driveway,None Indicated,,Daylight,Snow,Clear,None apparent,Non-intersection:  Driveway access (within),Paved,,Possible/Unknown,0,1,0,0,1,0,3500,2,3,,POINT (-91.683860533763 42.040735844382)
2014784178,140311,02/07/2014,02-February,6-Friday,08:30,0800 Hours,District 3 (Northwest),DENISON,CRAWFORD,,BROADWAY & AVE C,Collision with:  Parked motor vehicle,Unknown,Unknown,Unknown,None Indicated,,Daylight,Unknown,Unknown,None apparent,Non-intersection:  Non-junction/no special feature,Paved,,Property Damage Only,0,0,0,0,0,0,2000,2,1,,POINT (-95.356109087874 42.016744943578)
2014783926,14-0654,02/07/2014,02-February,6-Friday,00:35,0000 Hours,District 1 (Central),WEST DES MOINES,POLK,I-235,I-235 & 50TH ST,Collision with fixed object:  Bridge pier or support,Shoulder,Non-collision (single vehicle),Ran off road - right,Refused,,Dark - roadway lighted,Dry,Clear,None apparent,Non-intersection:  Other non-intersection (explain in narrative),Paved,,Possible/Unknown,0,1,0,0,1,0,7000,1,1,,POINT (-93.771172130269 41.592223314468)
2014784130,020714-90,02/07/2014,02-February,6-Friday,09:40,0900 Hours,District 3 (Northwest),,BUENA VISTA,,90TH AVE,Collision with fixed object:  Ditch,On Roadway,Non-collision (single vehicle),Ran off road - left,None Indicated,,Daylight,Snow,Clear,"Shoulders (none, low, soft, high)",Non-intersection:  Driveway access (within),Unpaved,,Property Damage Only,0,0,0,0,0,0,10000,1,1,,POINT (-95.229832196156 42.827879527346)
2014785106,2014-8456,02/07/2014,02-February,6-Friday,13:49,1300 Hours,District 6 (East Central),DAVENPORT,SCOTT,I-74,I-74 & US 6/SPRUCE HILLS DR,Collision with:  Vehicle in traffic,On Roadway,Rear-end (front to rear),Followed too close,None Indicated,,Daylight,Dry,Clear,None apparent,Intersection:  Intersection with ramp,Paved,,Possible/Unknown,0,2,0,0,2,0,1250,3,4,,POINT (-90.524504423119 41.554886245302)
2014784461,20140003486,02/07/2014,02-February,6-Friday,16:49,1600 Hours,District 1 (Central),DES MOINES,POLK,,E GRANGER AVE & SE 3RD ST,Collision with:  Vehicle in traffic,On Roadway,Broadside (front to side),FTYROW:  From stop sign,None Indicated,,Dusk,Snow,Cloudy,None apparent,Intersection:  Four-way intersection,Paved,,Property Damage Only,0,0,0,0,0,0,3000,2,5,,POINT (-93.61077488889 41.574010866764)
2014784414,20140003509,02/07/2014,02-February,6-Friday,20:15,2000 Hours,District 1 (Central),DES MOINES,POLK,US 6,US 6/EUCLID AVE,Collision with fixed object:  Utility pole/light support,Roadside,Non-collision (single vehicle),Ran off road - right,None Indicated,,Dark - roadway lighted,Snow,Cloudy,"Surface condition (e.g., wet, icy)",Non-intersection:  Non-junction/no special feature,Paved,,Property Damage Only,0,0,0,0,0,0,1500,1,1,,POINT (-93.638892348647 41.627667248218)
2014784411,20140003495,02/07/2014,02-February,6-Friday,18:18,1800 Hours,District 1 (Central),DES MOINES,POLK,I-235,I-235,Collision with fixed object:  Curb/island/raised median,On Roadway,Non-collision (single vehicle),Ran off road - left,None Indicated,,Dark - roadway lighted,Snow,Cloudy,"Surface condition (e.g., wet, icy)",Non-intersection:  Non-junction/no special feature,Paved,,Possible/Unknown,0,1,0,0,1,0,3200,1,1,,POINT (-93.674840135521 41.591306904092)
2014784328,201401863,02/07/2014,02-February,6-Friday,13:10,1300 Hours,District 6 (East Central),CEDAR RAPIDS,LINN,,CENTER POINT RD NE,Collision with:  Vehicle in traffic,On Roadway,"Angle, oncoming left turn",FTYROW:  Making left turn,None Indicated,,Daylight,Wet,Clear,None apparent,Non-intersection:  Driveway access (within),Paved,,Minor Injury,0,2,0,1,1,0,7500,2,4,,POINT (-91.664981700618 42.020271473288)
2014788280,,02/07/2014,02-February,6-Friday,15:30,1500 Hours,District 2 (Northeast),TRIPOLI,BREMER,,5TH AVE SE & 2ND ST SE,Collision with:  Vehicle in traffic,On Roadway,Broadside (front to side),FTYROW:  From yield sign,None Indicated,,Daylight,Snow,Clear,"Surface condition (e.g., wet, icy)",Intersection:  Four-way intersection,Paved,,Property Damage Only,0,0,0,0,0,0,5000,2,4,,POINT (-92.25554160043 42.804230301348)
2014784738,2014-0527,02/07/2014,02-February,6-Friday,09:57,0900 Hours,District 1 (Central),UNION,HARDIN,,CENTER ST & 3RD ST,Collision with fixed object:  Other fixed object (explain in narrative),On Roadway,Non-collision (single vehicle),Crossed centerline (undivided),None Indicated,,Daylight,Snow,Clear,None apparent,Intersection:  Four-way intersection,Paved,,Possible/Unknown,0,1,0,0,1,0,15000,1,1,,POINT (-93.063516043621 42.245262718864)
2014785204,,02/07/2014,02-February,6-Friday,22:00,2200 Hours,District 4 (Southwest),,MONTGOMERY,,D AVE,Collision with fixed object:  Ditch,Outside trafficway,Non-collision (single vehicle),Swerving/Evasive Action,None Indicated,,Dark - roadway not lighted,"Mud, dirt",Snow,None apparent,Non-intersection:  Non-junction/no special feature,Unpaved,,Property Damage Only,0,0,0,0,0,0,5000,1,1,,POINT (-95.308427447986 40.94776041948)
2014784994,2014001423,02/07/2014,02-February,6-Friday,20:06,2000 Hours,District 6 (East Central),IOWA CITY,JOHNSON,IA 1,IA 1/W BURLINGTON ST,Collision with:  Vehicle in traffic,On Roadway,Rear-end (front to rear),Other (explain in narrative):  Other,None Indicated,,Dark - roadway lighted,Wet,Cloudy,None apparent,Non-intersection:  Non-junction/no special feature,Paved,,Property Damage Only,0,0,0,0,0,0,5000,2,3,,POINT (-91.538051689716 41.657884577227)
2014786275,2014001436,02/07/2014,02-February,6-Friday,23:15,2300 Hours,District 6 (East Central),IOWA CITY,JOHNSON,,E WASHINGTON ST & S CLINTON ST,Collision with:  Non-motorist (see non-motorist section - NOT a unit),On Roadway,Non-collision (single vehicle),FTYROW:  To pedestrian,None Indicated,,Dark - roadway lighted,Dry,Clear,None apparent,Non-intersection:  Non-junction/no special feature,Paved,,Possible/Unknown,0,1,0,0,1,0,0,1,1,,POINT (-91.53461456294 41.660101521481)
2014784840,14-3788,02/07/2014,02-February,6-Friday,14:45,1400 Hours,District 3 (Northwest),SIOUX CITY,WOODBURY,,W 6TH ST & PERRY ST,Collision with:  Vehicle in traffic,On Roadway,Broadside (front to side),FTYROW:  From stop sign,None Indicated,,Daylight,Dry,Clear,None apparent,Intersection:  T-intersection,Paved,,Property Damage Only,0,0,0,0,0,0,4000,2,2,,POINT (-96.410529466337 42.498140345258)
2014784482,14-0661,02/07/2014,02-February,6-Friday,13:30,1300 Hours,District 1 (Central),WEST DES MOINES,POLK,,36TH ST,Collision with:  Vehicle in traffic,On Roadway,Broadside (front to side),Ran Stop Sign,None Indicated,,Daylight,Wet,Clear,None apparent,Non-intersection:  Driveway access (within),Paved,,Property Damage Only,0,0,0,0,0,0,6500,2,3,,POINT (-93.754412600184 41.598585516002)
2014784513,14-005105,02/07/2014,02-February,6-Friday,17:13,1700 Hours,District 4 (Southwest),COUNCIL BLUFFS,POTTAWATTAMIE,,26TH AVE & S 8TH ST,Collision with fixed object:  Utility pole/light support,On Roadway,Non-collision (single vehicle),Swerving/Evasive Action,None Indicated,,Dusk,Snow,Cloudy,None apparent,Non-intersection:  Non-junction/no special feature,Paved,,Property Damage Only,0,0,0,0,0,0,4100,1,3,,POINT (-95.856189604779 41.236340055819)
2014784510,14-005077,02/07/2014,02-February,6-Friday,14:25,1400 Hours,District 4 (Southwest),COUNCIL BLUFFS,POTTAWATTAMIE,,16TH AVE,Collision with fixed object:  Other fixed object (explain in narrative),On Roadway,Non-collision (single vehicle),Driving too fast for conditions,None Indicated,,Daylight,Snow,Clear,"Surface condition (e.g., wet, icy)",Non-intersection:  Non-junction/no special feature,Paved,,Minor Injury,0,1,0,1,0,0,4300,1,2,,POINT (-95.860230385817 41.246642034616)
2014784292,2014001400,02/07/2014,02-February,6-Friday,08:38,0800 Hours,District 6 (East Central),IOWA CITY,JOHNSON,,E WASHINGTON ST & S GILBERT ST,Collision with:  Vehicle in traffic,On Roadway,"Sideswipe, same direction",FTYROW:  Other (explain in narrative),None Indicated,,Daylight,Snow,Clear,None apparent,Intersection:  Four-way intersection,Paved,,Property Damage Only,0,0,0,0,0,0,3000,2,4,,POINT (-91.530159942244 41.660044630866)
2014784335,14002628,02/07/2014,02-February,6-Friday,15:30,1500 Hours,District 6 (East Central),MARION,LINN,,MARION BLVD & TWIXT TOWN RD,Collision with:  Vehicle in traffic,On Roadway,"Angle, oncoming left turn",Other (explain in narrative):  Vision obstructed,None Indicated,,Daylight,Wet,Clear,None apparent,Intersection:  T-intersection,Paved,,Property Damage Only,0,0,0,0,0,0,6000,2,3,,POINT (-91.617582550277 42.027716960157)
2014784550,2014-8468,02/07/2014,02-February,6-Friday,14:32,1400 Hours,District 6 (East Central),DAVENPORT,SCOTT,,W 4TH ST & WESTERN AVE,Collision with:  Vehicle in traffic,On Roadway,Broadside (front to side),FTYROW:  From stop sign,None Indicated,,Daylight,Wet,Clear,None apparent,Intersection:  Four-way intersection,Paved,,Property Damage Only,0,0,0,0,0,0,6106,2,3,,POINT (-90.581463903191 41.523531906805)
2014785490,14-0627,02/07/2014,02-February,6-Friday,21:35,2100 Hours,District 3 (Northwest),CHEROKEE,CHEROKEE,,RIVER RD,Collision with fixed object:  Other fixed object (explain in narrative),On Roadway,Non-collision (single vehicle),Swerving/Evasive Action,Alcohol (Statutory),,Dark - roadway lighted,Snow,Cloudy,None apparent,Non-intersection:  Other non-intersection (explain in narrative),Paved,,Property Damage Only,0,0,0,0,0,0,6000,1,1,,POINT (-95.561797078668 42.743480176417)
2014785214,,02/07/2014,02-February,6-Friday,12:31,1200 Hours,District 2 (Northeast),,WORTH,IA 9,IA 9/IOWA 9 & Co Rd S56/THRUSH AVE,Collision with:  Vehicle in traffic,On Roadway,"Sideswipe, same direction",Crossed centerline (undivided),None Indicated,,Daylight,Dry,Cloudy,None apparent,Intersection:  T-intersection,Paved,,Property Damage Only,0,0,0,0,0,0,2500,2,2,,POINT (-93.123145621134 43.284273202733)
2014784002,14-0384,02/07/2014,02-February,6-Friday,08:50,0800 Hours,District 1 (Central),FORT DODGE,WEBSTER,,CENTRAL AVE & S 9TH ST & N 9TH ST,Collision with:  Vehicle in traffic,On Roadway,Broadside (front to side),Ran Traffic Signal,None Indicated,,Daylight,Slush,Clear,None apparent,Intersection:  Four-way intersection,Paved,,Property Damage Only,0,0,0,0,0,0,3000,2,2,,POINT (-94.186152043767 42.505244063069)
2014784095,14012801,02/07/2014,02-February,6-Friday,18:55,1800 Hours,District 2 (Northeast),CEDAR FALLS,BLACK HAWK,IA 27,IA 27,Collision with:  Vehicle in traffic,On Roadway,Rear-end (front to rear),Followed too close,None Indicated,,Dark - roadway lighted,Wet,Cloudy,None apparent,Non-intersection:  Non-junction/no special feature,Paved,,Property Damage Only,0,0,0,0,0,0,12500,2,3,,POINT (-92.453025257005 42.492822229203)
2014785358,14-001469,02/07/2014,02-February,6-Friday,03:40,0300 Hours,District 4 (Southwest),,MILLS,US 34,US 34,Collision with fixed object:  Guardrail - face,Shoulder,Non-collision (single vehicle),Crossed centerline (undivided),None Indicated,,Dark - roadway not lighted,Dry,Cloudy,None apparent,Non-intersection:  Other non-intersection (explain in narrative),Paved,,Minor Injury,0,1,0,1,0,0,12000,1,1,,POINT (-95.607061834859 41.030613864615)
2014784153,CL14000395,02/07/2014,02-February,6-Friday,19:10,1900 Hours,District 6 (East Central),CLINTON,CLINTON,,9TH AVE S,Collision with:  Parked motor vehicle,On Roadway,Unknown,Unknown,None Indicated,,Dark - roadway lighted,Snow,Cloudy,"Surface condition (e.g., wet, icy)",Non-intersection:  Non-junction/no special feature,Paved,,Property Damage Only,0,0,0,0,0,0,2500,2,1,,POINT (-90.21091761122 41.836432218966)
2014783910,20140003439,02/07/2014,02-February,6-Friday,09:19,0900 Hours,District 1 (Central),DES MOINES,POLK,,COLUMBIA ST,Collision with:  Vehicle in traffic,On Roadway,Broadside (front to side),FTYROW:  From driveway,None Indicated,,Daylight,Snow,Clear,None apparent,Non-intersection:  Driveway access (within),Paved,,Property Damage Only,0,0,0,0,0,0,4500,2,2,,POINT (-93.613880277758 41.623254908189)
2014785043,14-840,02/07/2014,02-February,6-Friday,12:00,1200 Hours,District 1 (Central),BONDURANT,POLK,US 65,US 65/HUBBELL AVE,Collision with:  Vehicle in traffic,On Roadway,Rear-end (front to rear),"Operating vehicle in an reckless, erratic, careless, negligent manner",None Indicated,,Daylight,Dry,Cloudy,None apparent,Intersection:  Four-way intersection,Paved,,Possible/Unknown,0,2,0,0,2,0,40000,3,5,,POINT (-93.461746035256 41.687980647391)
2014784552,2014-8513,02/07/2014,02-February,6-Friday,17:25,1700 Hours,District 6 (East Central),DAVENPORT,SCOTT,US 6,US 6/E KIMBERLY RD & JERSEY RIDGE RD,Collision with:  Vehicle in traffic,On Roadway,Broadside (front to side),Ran Traffic Signal,None Indicated,,Dusk,Dry,Clear,None apparent,Intersection:  Four-way intersection,Paved,,Property Damage Only,0,0,0,0,0,0,4000,2,3,,POINT (-90.541695492682 41.556858405524)
2014784710,14-001290,02/07/2014,02-February,6-Friday,08:14,0800 Hours,District 3 (Northwest),GLIDDEN,CARROLL,,NEVADA ST & E 4TH ST,Collision with:  Vehicle in traffic,On Roadway,Broadside (front to side),FTYROW:  From yield sign,None Indicated,,Daylight,Snow,Clear,None apparent,Intersection:  Four-way intersection,Paved,,Property Damage Only,0,0,0,0,0,0,2500,2,5,,POINT (-94.72744439835 42.058940510329)
2014783905,20140003427,02/07/2014,02-February,6-Friday,06:54,0600 Hours,District 1 (Central),DES MOINES,POLK,,DES MOINES ST,Non-collision events:  Other non-collision (explain in narrative),On Roadway,Head-on (front to front),Driving too fast for conditions,None Indicated,,Dawn,Snow,Cloudy,"Surface condition (e.g., wet, icy)",Non-intersection:  Non-junction/no special feature,Paved,,Property Damage Only,0,0,0,0,0,0,2000,2,1,,POINT (-93.589530239048 41.596261610502)
2014785174,2014009100,02/07/2014,02-February,6-Friday,17:05,1700 Hours,District 6 (East Central),,CEDAR,I-80,I-80,Collision with:  Other non-fixed object (explain in narrative),On Roadway,Non-collision (single vehicle),Swerving/Evasive Action,None Indicated,,Daylight,Dry,Clear,None apparent,Non-intersection:  Non-junction/no special feature,Paved,,Property Damage Only,0,0,0,0,0,0,2000,1,1,,POINT (-91.281702445804 41.663551232638)
2014790162,,02/07/2014,02-February,6-Friday,14:33,1400 Hours,District 2 (Northeast),,WINNESHIEK,US 52,US 52 & Co Rd A18/CO RD A18 & 360TH ST,Collision with:  Vehicle in traffic,On Roadway,Rear-end (front to rear),Unknown,None Indicated,,Daylight,Wet,"Blowing sand, soil, dirt",None apparent,Intersection:  Four-way intersection,Paved,,Property Damage Only,0,0,0,0,0,0,19000,2,2,,POINT (-91.869574558236 43.457427981241)
2014784117,W14-012699,02/07/2014,02-February,6-Friday,14:15,1400 Hours,District 2 (Northeast),WATERLOO,BLACK HAWK,,REBER AVE & CLOUGH ST,Collision with:  Vehicle in traffic,On Roadway,Broadside (front to side),FTYROW:  At uncontrolled intersection,None Indicated,,Daylight,Snow,Clear,None apparent,Intersection:  Four-way intersection,Paved,,Property Damage Only,0,0,0,0,0,0,2000,2,3,,POINT (-92.361969419297 42.487551370813)
2014785743,W-14-0189,02/07/2014,02-February,6-Friday,09:55,0900 Hours,District 2 (Northeast),WAUKON,ALLAMAKEE,,3RD AVE SW & 9TH ST SW,Collision with:  Vehicle in traffic,On Roadway,Broadside (front to side),FTYROW:  From stop sign,None Indicated,,Daylight,Dry,Clear,None apparent,Intersection:  Four-way intersection,Paved,,Property Damage Only,0,0,0,0,0,0,6000,2,2,,POINT (-91.487866980123 43.266671990706)
2014794338,14-0820PD,02/07/2014,02-February,6-Friday,15:29,1500 Hours,District 1 (Central),BOONE,BOONE,,13TH ST & CARROLL ST,Collision with fixed object:  Utility pole/light support,Outside trafficway,Unknown,FTYROW:  At uncontrolled intersection,None Indicated,,Daylight,Snow,Clear,None apparent,Intersection:  Four-way intersection,Paved,,Property Damage Only,0,0,0,0,0,0,1500,2,4,,POINT (-93.885124401113 42.068961766122)
2014794339,14-0822PD,02/07/2014,02-February,6-Friday,15:39,1500 Hours,District 1 (Central),BOONE,BOONE,,1ST ST & S CEDAR ST,Collision with:  Vehicle in traffic,On Roadway,Unknown,Unknown,None Indicated,,Daylight,Wet,Clear,None apparent,Intersection:  Four-way intersection,Paved,,Property Damage Only,0,0,0,0,0,0,2200,2,2,,POINT (-93.871562094869 42.056591621743)
2014787068,201400372,02/07/2014,02-February,6-Friday,05:51,0500 Hours,District 6 (East Central),,LINN,US 30,US 30,Collision with:  Animal,,,Animal,None Indicated,,,,,,,Paved,,Property Damage Only,0,0,0,0,0,0,3500,1,1,,POINT (-91.537040175948 41.926297228964)
2014784359,2014001126,02/07/2014,02-February,6-Friday,15:31,1500 Hours,District 1 (Central),MARSHALLTOWN,MARSHALL,,E BOONE ST,Collision with:  Parked motor vehicle,On Roadway,Rear-end (front to rear),Driving too fast for conditions,None Indicated,,Daylight,Slush,Clear,"Surface condition (e.g., wet, icy)",Non-intersection:  Non-junction/no special feature,Paved,,Property Damage Only,0,0,0,0,0,0,1800,2,2,,POINT (-92.890729155512 42.046222033359)