Iowa DOT Case Number,Law Enforcement Case Number,Date of Crash,Month of Crash,Day of Week,Time of Crash,Hour,DOT District,City Name,County Name,Route with System,Location Description,First Harmful Event,Location of First Harmful Event,Manner of Crash/Collision,Major Cause,Drug or Alcohol ,Environmental Conditions,Light Conditions,Surface Conditions,Weather Conditions,Roadway Contribution,Roadway Type,Roadway Surface,Work Zone,Crash Severity,Number of Fatalities,Number of Injuries,Number of Major Injuries,Number of Minor Injuries,Number of Possible Injuries,Number of Unknown Injuries,Amount of Property Damage,Number of Vehicles Involved,Total Number of Occupants,Travel Direction,Location
2014784353,14030,02/07/2014,02-February,6-Friday,16:55,1600 Hours,District 5 (Southeast),PELLA,MARION,,INDEPENDENCE ST & E 1ST ST,Collision with:  Vehicle in traffic,On Roadway,Broadside (front to side),Driving too fast for conditions,None Indicated,,Daylight,Snow,Clear,"Surface condition (e.g., wet, icy)",Intersection:  Four-way intersection,Paved,,Property Damage Only,0,0,0,0,0,0,3000,2,2,,POINT (-92.914724061961 41.402784151424)
2014793347,2014020702,02/07/2014,02-February,6-Friday,11:25,1100 Hours,District 4 (Southwest),SHENANDOAH,PAGE,,W LOWELL AVE & N ELM ST,Collision with:  Vehicle in traffic,On Roadway,Broadside (front to side),FTYROW:  From stop sign,None Indicated,,Daylight,Snow,Cloudy,None apparent,Intersection:  Four-way intersection,Paved,,Property Damage Only,0,0,0,0,0,0,1500,2,2,,POINT (-95.373816394865 40.766843776715)
2014784114,W14-012616,02/07/2014,02-February,6-Friday,08:42,0800 Hours,District 2 (Northeast),WATERLOO,BLACK HAWK,,ELMWOOD ST & W 1ST ST & LOCUST ST,Collision with:  Parked motor vehicle,Shoulder,Head-on (front to front),Illegally Parked/Unattended,None Indicated,,Daylight,Ice/frost,Clear,"Surface condition (e.g., wet, icy)",Non-intersection:  Non-junction/no special feature,Paved,,Property Damage Only,0,0,0,0,0,0,4500,3,1,,POINT (-92.352156997076 42.491575972755)
2014784862,PD140101,02/07/2014,02-February,6-Friday,12:26,1200 Hours,District 1 (Central),GRUNDY CENTER,GRUNDY,IA 14,IA 14/240TH ST & COMMERCE DR CONN,Collision with:  Vehicle in traffic,On Roadway,Rear-end (front to rear),FTYROW:  Other (explain in narrative),None Indicated,,Daylight,Dry,Cloudy,None apparent,Intersection:  T-intersection,Paved,,Property Damage Only,0,0,0,0,0,0,5500,2,2,,POINT (-92.792864606053 42.361606277877)
2014784397,14-0156,02/07/2014,02-February,6-Friday,12:42,1200 Hours,District 1 (Central),CLIVE,POLK,,NW 123RD ST & UNIVERSITY AVE & WEST LAKES PKWY,Collision with:  Vehicle in traffic,On Roadway,Rear-end (front to rear),Followed too close,None Indicated,,Daylight,Dry,Clear,None apparent,Intersection:  Four-way intersection,Paved,,Possible/Unknown,0,2,0,0,2,0,7000,2,3,,POINT (-93.786173663789 41.600435354128)
2014784291,2014001399,02/07/2014,02-February,6-Friday,08:34,0800 Hours,District 6 (East Central),IOWA CITY,JOHNSON,US 6,US 6/S RIVERSIDE DR,Collision with:  Vehicle in traffic,On Roadway,Rear-end (front to rear),Driving too fast for conditions,None Indicated,,Daylight,Ice/frost,Clear,"Surface condition (e.g., wet, icy)",Non-intersection:  Non-junction/no special feature,Paved,,Property Damage Only,0,0,0,0,0,0,3000,2,3,,POINT (-91.542152004982 41.660863895427)
2014784565,2014-8464,02/07/2014,02-February,6-Friday,13:13,1300 Hours,District 6 (East Central),DAVENPORT,SCOTT,US 6,US 6/KIMBERLY RD/E KIMBERLY RD,Collision with:  Vehicle in traffic,On Roadway,"Sideswipe, same direction",FTYROW:  Other (explain in narrative),None Indicated,,Daylight,Dry,Clear,None apparent,Intersection:  Other intersection (explain in narrative),Paved,,Property Damage Only,0,0,0,0,0,0,2000,2,2,,POINT (-90.567995269784 41.560254995883)
2014785646,2014-8476,02/07/2014,02-February,6-Friday,14:56,1400 Hours,District 6 (East Central),DAVENPORT,SCOTT,,W CENTRAL PARK AVE & HOWELL ST,Collision with:  Vehicle in traffic,On Roadway,Rear-end (front to rear),Followed too close,None Indicated,,Daylight,Dry,Clear,None apparent,Intersection:  Four-way intersection,Paved,,Possible/Unknown,0,1,0,0,1,0,4500,2,4,,POINT (-90.604274651465 41.545489980528)
2014787102,14-000512,02/07/2014,02-February,6-Friday,19:15,1900 Hours,District 3 (Northwest),,LYON,,Co Rd L14/KENNEDY AVE,Collision with:  Animal,,,Animal,None Indicated,,,,,,,Paved,,Property Damage Only,0,0,0,0,0,0,3000,1,1,,POINT (-95.999106043573 43.31009605815)
2014784094,14012797,02/07/2014,02-February,6-Friday,19:06,1900 Hours,District 2 (Northeast),CEDAR FALLS,BLACK HAWK,IA 27,IA 27 & GREENHILL RD,Collision with:  Vehicle in traffic,On Roadway,"Angle, oncoming left turn",FTYROW:  Making left turn,None Indicated,,Dark - roadway lighted,Dry,Cloudy,None apparent,Intersection:  Four-way intersection,Paved,,Possible/Unknown,0,1,0,0,1,0,5900,3,5,,POINT (-92.452778978593 42.498737897842)
2014784845,14-3825,02/07/2014,02-February,6-Friday,20:40,2000 Hours,District 3 (Northwest),SIOUX CITY,WOODBURY,,SUNNYBROOK DR & S OLIVE ST,Collision with fixed object:  Utility pole/light support,Outside trafficway,Non-collision (single vehicle),Driving too fast for conditions,None Indicated,,Dark - roadway lighted,Ice/frost,Clear,"Surface condition (e.g., wet, icy)",Intersection:  T-intersection,Paved,,Property Damage Only,0,0,0,0,0,0,7000,1,1,,POINT (-96.339025461303 42.455108472193)
2014784960,14-04279,02/07/2014,02-February,6-Friday,15:40,1500 Hours,District 5 (Southeast),DANVILLE,DES MOINES,,E DEWEY ST & S 3RD AVE,Non-collision events:  Other non-collision (explain in narrative),On Roadway,Unknown,Improper Backing,None Indicated,,Daylight,Snow,Cloudy,None apparent,Intersection:  T-intersection,Paved,,Property Damage Only,0,0,0,0,0,0,1600,2,2,,POINT (-91.31129437242 40.863654537806)
2014784392,14-000606,02/07/2014,02-February,6-Friday,20:14,2000 Hours,District 1 (Central),ANKENY,POLK,IA 415,IA 415/SW ORALABOR RD & SW IRVINEDALE DR,Collision with:  Vehicle in traffic,On Roadway,"Angle, oncoming left turn",FTYROW:  Making left turn,None Indicated,,Dark - roadway lighted,Dry,Clear,None apparent,Intersection:  Four-way intersection,Paved,,Possible/Unknown,0,1,0,0,1,0,6000,2,2,,POINT (-93.637416099282 41.703209221347)
2014784116,W14-012681,02/07/2014,02-February,6-Friday,13:26,1300 Hours,District 2 (Northeast),WATERLOO,BLACK HAWK,,W 5TH ST,Collision with:  Vehicle in traffic,On Roadway,"Sideswipe, same direction",Improper or erratic lane changing,None Indicated,,Daylight,Dry,Clear,None apparent,Non-intersection:  Non-junction/no special feature,Paved,,Property Damage Only,0,0,0,0,0,0,2000,2,2,,POINT (-92.341909435873 42.491715715504)
2014785202,AC14-010,02/07/2014,02-February,6-Friday,14:24,1400 Hours,District 1 (Central),STORY CITY,STORY,,CEDAR ST & PARK AVE,Collision with:  Vehicle in traffic,On Roadway,Broadside (front to side),FTYROW:  At uncontrolled intersection,None Indicated,,Daylight,Snow,Clear,"Surface condition (e.g., wet, icy)",Non-intersection:  Non-junction/no special feature,Paved,,Property Damage Only,0,0,0,0,0,0,8000,2,2,,POINT (-93.597784321091 42.183083231554)
2014784179,140313,02/07/2014,02-February,6-Friday,12:48,1200 Hours,District 3 (Northwest),DENISON,CRAWFORD,,3RD AVE S,Collision with:  Parked motor vehicle,On Roadway,"Sideswipe, same direction",Unknown,None Indicated,,Daylight,Snow,Unknown,None apparent,Non-intersection:  Non-junction/no special feature,Paved,,Property Damage Only,0,0,0,0,0,0,2000,2,1,,POINT (-95.361301271277 42.013459132447)
2014784976,14001328,02/07/2014,02-February,6-Friday,15:02,1500 Hours,District 2 (Northeast),,FAYETTE,US 18,US 18/230TH ST & X AVE,Collision with:  Vehicle in traffic,On Roadway,Broadside (front to side),Swerving/Evasive Action,None Indicated,,Daylight,Ice/frost,Clear,"Surface condition (e.g., wet, icy)",Intersection:  Four-way intersection,Paved,,Property Damage Only,0,0,0,0,0,0,8000,2,2,,POINT (-92.062376209699 42.964823748467)
2014784524,14-1344,02/07/2014,02-February,6-Friday,23:02,2300 Hours,District 3 (Northwest),,SAC,,Co Rd M54/ROLF AVE,Collision with:  Animal,,,Animal,None Indicated,,,,,,,Paved,,Property Damage Only,0,0,0,0,0,0,1500,1,1,,POINT (-95.0026575225 42.394911911306)
2014784467,20140003453,02/07/2014,02-February,6-Friday,10:53,1000 Hours,District 1 (Central),DES MOINES,POLK,I-235,I-235,Collision with fixed object:  Traffic sign support,Gore,Non-collision (single vehicle),Swerving/Evasive Action,None Indicated,,Daylight,Ice/frost,Clear,None apparent,"Interchange-related:  Off-ramp, diverge area",Paved,,Property Damage Only,0,0,0,0,0,0,4000,1,1,,POINT (-93.648207782742 41.595261198302)
2014784363,14-000647,02/07/2014,02-February,6-Friday,15:30,1500 Hours,District 3 (Northwest),PRIMGHAR,OBRIEN,,1ST ST NW & S GREEN AVE & N GREEN AVE,Collision with:  Parked motor vehicle,On Roadway,Rear-end (front to rear),Swerving/Evasive Action,None Indicated,,Daylight,Snow,Clear,None apparent,Non-intersection:  Non-junction/no special feature,Paved,,Property Damage Only,0,0,0,0,0,0,6642,2,1,,POINT (-95.628396662215 43.087257533895)
2014784515,14-005130,02/07/2014,02-February,6-Friday,19:30,1900 Hours,District 4 (Southwest),COUNCIL BLUFFS,POTTAWATTAMIE,US 6,US 6/W BROADWAY & S 8TH ST & N 8TH ST,Collision with:  Vehicle in traffic,On Roadway,Rear-end (front to rear),Followed too close,None Indicated,,Dark - roadway lighted,Dry,Clear,None apparent,Non-intersection:  Non-junction/no special feature,Paved,,Minor Injury,0,1,0,1,0,0,2000,2,3,,POINT (-95.856049604318 41.261876587954)
2014787742,14-01087,02/07/2014,02-February,6-Friday,12:37,1200 Hours,District 5 (Southeast),MOUNT PLEASANT,HENRY,,W WINFIELD AVE & N BROADWAY ST,Collision with:  Vehicle in traffic,On Roadway,Broadside (front to side),FTYROW:  From stop sign,None Indicated,,Daylight,Ice/frost,Clear,None apparent,Intersection:  T-intersection,Paved,,Possible/Unknown,0,2,0,0,2,0,8000,2,2,,POINT (-91.554389522062 40.981431035597)
2014784224,01-14-5499,02/07/2014,02-February,6-Friday,15:30,1500 Hours,District 6 (East Central),DUBUQUE,DUBUQUE,,CLARKE DR,Collision with:  Vehicle in traffic,On Roadway,"Sideswipe, same direction",Other (explain in narrative):  Other,None Indicated,,Daylight,Dry,Clear,None apparent,Non-intersection:  Non-junction/no special feature,Paved,,Property Damage Only,0,0,0,0,0,0,6000,2,2,,POINT (-90.692167485126 42.509005688093)
2014784476,14-0273,02/07/2014,02-February,6-Friday,15:48,1500 Hours,District 1 (Central),URBANDALE,POLK,,104TH ST,Collision with:  Vehicle in traffic,On Roadway,Broadside (front to side),FTYROW:  Other (explain in narrative),None Indicated,,Daylight,Snow,Clear,None apparent,Non-intersection:  Driveway access (within),Paved,,Possible/Unknown,0,1,0,0,1,0,28000,2,3,,POINT (-93.760622830734 41.620594189109)
2014784151,CL14000384,02/07/2014,02-February,6-Friday,00:38,0000 Hours,District 6 (East Central),CLINTON,CLINTON,,N 3RD ST,Collision with:  Vehicle in traffic,On Roadway,Rear-end (front to rear),Driver Distraction:  Manual operation of an electronic communication device,Alcohol (Statutory),,Dark - roadway lighted,Snow,Cloudy,None apparent,Non-intersection:  Non-junction/no special feature,Paved,,Possible/Unknown,0,1,0,0,1,0,7500,2,1,,POINT (-90.190800916726 41.846199103853)
2014789400,140577,02/07/2014,02-February,6-Friday,15:23,1500 Hours,District 1 (Central),IOWA FALLS,HARDIN,,RIVER ST,Collision with:  Vehicle in traffic,On Roadway,Rear-end (front to rear),Other (explain in narrative):  Other,None Indicated,,Daylight,Wet,Clear,None apparent,Non-intersection:  Non-junction/no special feature,Paved,,Property Damage Only,0,0,0,0,0,0,12500,4,4,,POINT (-93.267854063476 42.524344303853)
2014784258,27-2014,02/07/2014,02-February,6-Friday,23:04,2300 Hours,District 4 (Southwest),PISGAH,HARRISON,,JACKSON ST & 2ND ST,Collision with fixed object:  Ditch,Shoulder,Non-collision (single vehicle),Crossed centerline (undivided),Alcohol (Statutory),,Dark - roadway lighted,Dry,Cloudy,None apparent,Non-intersection:  Non-junction/no special feature,Paved,,Property Damage Only,0,0,0,0,0,0,2600,1,2,,POINT (-95.924730081704 41.830434949848)
2014784113,W14-012599,02/07/2014,02-February,6-Friday,07:32,0700 Hours,District 2 (Northeast),WATERLOO,BLACK HAWK,,HILLTOP RD & PROSPECT BLVD,Collision with:  Vehicle in traffic,On Roadway,Broadside (front to side),Ran Stop Sign,None Indicated,,Daylight,Snow,Clear,None apparent,Intersection:  Four-way intersection,Paved,,Property Damage Only,0,0,0,0,0,0,3400,2,2,,POINT (-92.367068537887 42.466956211139)
2014784337,14002651,02/07/2014,02-February,6-Friday,21:33,2100 Hours,District 6 (East Central),MARION,LINN,,10TH AVE,Collision with:  Vehicle in traffic,On Roadway,Broadside (front to side),Ran Traffic Signal,None Indicated,,Dark - roadway lighted,Wet,Clear,None apparent,Intersection:  Four-way intersection,Paved,,Possible/Unknown,0,1,0,0,1,0,6000,2,2,,POINT (-91.553595753811 42.035763528337)
2014784474,14-0269,02/07/2014,02-February,6-Friday,08:45,0800 Hours,District 1 (Central),URBANDALE,POLK,,WILDEN DR & 75TH ST,Collision with:  Vehicle in traffic,On Roadway,Unknown,Driving too fast for conditions,None Indicated,,Daylight,Snow,Clear,None apparent,Intersection:  T-intersection,Paved,,Property Damage Only,0,0,0,0,0,0,2000,2,2,,POINT (-93.72126712165 41.62741408855)
2014784707,14-032,02/07/2014,02-February,6-Friday,08:00,0800 Hours,District 2 (Northeast),WAVERLY,BREMER,IA 3,IA 3/BREMER AVE & IA 116/4TH ST SW & 4TH ST NW,Collision with:  Vehicle in traffic,On Roadway,Broadside (front to side),Ran Traffic Signal,None Indicated,,Daylight,Dry,Clear,None apparent,Intersection:  Four-way intersection,Paved,,Property Damage Only,0,0,0,0,0,0,8500,2,2,,POINT (-92.475681102397 42.725742830053)
2014784410,20140003493,02/07/2014,02-February,6-Friday,17:57,1700 Hours,District 1 (Central),DES MOINES,POLK,IA 163,IA 163/E UNIVERSITY AVE & E 26TH ST,Collision with:  Vehicle in traffic,On Roadway,Rear-end (front to rear),Driving too fast for conditions,None Indicated,,Dark - roadway lighted,Ice/frost,Clear,"Surface condition (e.g., wet, icy)",Non-intersection:  Non-junction/no special feature,Paved,,Property Damage Only,0,0,0,0,0,0,2500,2,2,,POINT (-93.567909215718 41.600522785411)
2014786209,01-14-5518,02/07/2014,02-February,6-Friday,16:39,1600 Hours,District 6 (East Central),DUBUQUE,DUBUQUE,US 20,US 20/DODGE ST & WACKER DR,Collision with:  Vehicle in traffic,On Roadway,Broadside (front to side),Ran Traffic Signal,None Indicated,,Daylight,Dry,Clear,None apparent,Intersection:  Four-way intersection,Paved,,Property Damage Only,0,0,0,0,0,0,5000,2,2,,POINT (-90.720484853451 42.492075528824)
2014784508,14-005068,02/07/2014,02-February,6-Friday,12:41,1200 Hours,District 4 (Southwest),COUNCIL BLUFFS,POTTAWATTAMIE,IA 192,IA 192/S 7TH ST & 5TH AVE,Collision with:  Vehicle in traffic,On Roadway,"Angle, oncoming left turn",FTYROW:  Making left turn,None Indicated,,Daylight,Wet,Clear,None apparent,Intersection:  Four-way intersection,Paved,,Property Damage Only,0,0,0,0,0,0,6000,2,2,,POINT (-95.854750929585 41.257000357281)
2014784826,14-2348,02/07/2014,02-February,6-Friday,17:00,1700 Hours,District 6 (East Central),BETTENDORF,SCOTT,,DEVILS GLEN RD,Collision with:  Vehicle in traffic,On Roadway,Broadside (front to side),FTYROW:  From stop sign,None Indicated,,Dusk,Dry,Cloudy,None apparent,Non-intersection:  Driveway access (within),Paved,,Property Damage Only,0,0,0,0,0,0,7500,2,2,,POINT (-90.483584183702 41.558230446811)
2014899613,NT-14-023,02/07/2014,02-February,6-Friday,17:45,1700 Hours,District 1 (Central),NEVADA,STORY,,,Collision with:  Vehicle in traffic,On Roadway,Head-on (front to front),FTYROW:  At uncontrolled intersection,None Indicated,,Dusk,Snow,Clear,"Surface condition (e.g., wet, icy)",Intersection:  Four-way intersection,,,Property Damage Only,0,0,0,0,0,0,3000,2,5,,POINT (-93.448276101314 42.029583085099)
2014783975,2014-8414,02/07/2014,02-February,6-Friday,09:39,0900 Hours,District 6 (East Central),DAVENPORT,SCOTT,,W 7TH ST & TAYLOR ST,Collision with:  Vehicle in traffic,On Roadway,Broadside (front to side),FTYROW:  From stop sign,None Indicated,,Daylight,Snow,Clear,None apparent,Intersection:  Four-way intersection,Paved,,Property Damage Only,0,0,0,0,0,0,2000,2,4,,POINT (-90.592500237181 41.526798774736)
2014783884,14-831,02/07/2014,02-February,6-Friday,06:55,0600 Hours,District 1 (Central),DES MOINES,POLK,,NE 17TH ST & NE 16TH ST,Collision with:  Vehicle in traffic,On Roadway,Rear-end (front to rear),Over correcting/over steering,None Indicated,,Daylight,Slush,Clear,None apparent,Non-intersection:  Non-junction/no special feature,Paved,,Possible/Unknown,0,1,0,0,1,0,5500,2,2,,POINT (-93.592700469009 41.660754838842)
2014784118,W14-012720,02/07/2014,02-February,6-Friday,15:21,1500 Hours,District 2 (Northeast),WATERLOO,BLACK HAWK,,W 4TH ST,Collision with:  Vehicle in traffic,On Roadway,Broadside (front to side),Other (explain in narrative):  Other,None Indicated,,Daylight,Snow,Clear,"Surface condition (e.g., wet, icy)",Non-intersection:  Alley,Paved,,Property Damage Only,0,0,0,0,0,0,1600,2,2,,POINT (-92.34110657647 42.494007591787)
2014783874,14002925,02/07/2014,02-February,6-Friday,08:07,0800 Hours,District 5 (Southeast),OSKALOOSA,MAHASKA,,ORCHARD AVE,Collision with:  Vehicle in traffic,On Roadway,"Sideswipe, same direction",Unknown,None Indicated,,Daylight,Snow,Clear,None apparent,Non-intersection:  Other non-intersection (explain in narrative),Paved,,Property Damage Only,0,0,0,0,0,0,4000,2,5,,POINT (-92.66521084056 41.305253105606)
2014785647,2014-8479,02/07/2014,02-February,6-Friday,15:23,1500 Hours,District 6 (East Central),DAVENPORT,SCOTT,,W 53RD ST & BROWN ST & APPOMATTOX RD,Collision with:  Vehicle in traffic,On Roadway,Rear-end (front to rear),Followed too close,None Indicated,,Daylight,Wet,Clear,None apparent,Intersection:  Four-way intersection,Paved,,Property Damage Only,0,0,0,0,0,0,10000,2,2,,POINT (-90.583746572544 41.574547139849)
2014784240,32012-14,02/07/2014,02-February,6-Friday,07:04,0700 Hours,District 3 (Northwest),,EMMET,,Co Rd A17/120 ST,Collision with:  Animal,,,Animal,None Indicated,,,,,,,Paved,,Property Damage Only,0,0,0,0,0,0,2000,1,1,,POINT (-94.570324664462 43.474085388153)
2014784115,W14-012621,02/07/2014,02-February,6-Friday,03:00,0300 Hours,District 2 (Northeast),WATERLOO,BLACK HAWK,,TEMPLE AVE,Collision with fixed object:  Utility pole/light support,On Roadway,Non-collision (single vehicle),Other (explain in narrative):  Other,None Indicated,,Dark - roadway lighted,Snow,Clear,"Surface condition (e.g., wet, icy)",Non-intersection:  Non-junction/no special feature,Paved,,Property Damage Only,0,0,0,0,0,0,4100,1,2,,POINT (-92.320345869306 42.479395951363)
2014784358,2014001121,02/07/2014,02-February,6-Friday,15:18,1500 Hours,District 1 (Central),MARSHALLTOWN,MARSHALL,,W STATE ST,Collision with:  Vehicle in traffic,On Roadway,Broadside (front to side),Driving too fast for conditions,None Indicated,,Daylight,Slush,Clear,"Surface condition (e.g., wet, icy)",Intersection:  Four-way intersection,Paved,,Property Damage Only,0,0,0,0,0,0,2500,2,3,,POINT (-92.917802799633 42.050423672912)
2014787743,14-01094,02/07/2014,02-February,6-Friday,15:35,1500 Hours,District 5 (Southeast),MOUNT PLEASANT,HENRY,,E WASHINGTON ST & S GRAND AVE,Collision with:  Vehicle in traffic,On Roadway,Rear-end (front to rear),Followed too close,None Indicated,,Daylight,Dry,Cloudy,None apparent,Intersection:  Four-way intersection,Paved,,Property Damage Only,0,0,0,0,0,0,2000,2,2,,POINT (-91.539344404015 40.964045341147)
2014783875,14002926,02/07/2014,02-February,6-Friday,08:10,0800 Hours,District 5 (Southeast),OSKALOOSA,MAHASKA,,N A ST,Collision with:  Vehicle in traffic,On Roadway,Rear-end (front to rear),Driving too fast for conditions,None Indicated,,Daylight,Snow,Clear,"Surface condition (e.g., wet, icy)",Non-intersection:  Non-junction/no special feature,Paved,,Property Damage Only,0,0,0,0,0,0,2500,2,777,,POINT (-92.646312219146 41.300944936462)
2014784511,14-005081,02/07/2014,02-February,6-Friday,15:27,1500 Hours,District 4 (Southwest),COUNCIL BLUFFS,POTTAWATTAMIE,,S 3RD ST,Collision with:  Vehicle in traffic,On Roadway,Rear-end (front to rear),Followed too close,None Indicated,,Daylight,Dry,Cloudy,None apparent,Non-intersection:  Non-junction/no special feature,Paved,,Property Damage Only,0,0,0,0,0,0,5000,2,6,,POINT (-95.848589904076 41.249254488154)
2014784152,CL14000389,02/07/2014,02-February,6-Friday,13:45,1300 Hours,District 6 (East Central),CLINTON,CLINTON,,MANUFACTURING DR & S 21ST ST,Collision with:  Vehicle in traffic,On Roadway,Rear-end (front to rear),Followed too close,None Indicated,,Daylight,Dry,Clear,None apparent,Non-intersection:  Non-junction/no special feature,Paved,,Property Damage Only,0,0,0,0,0,0,1550,2,2,,POINT (-90.235661756162 41.826151894806)
2014790644,2014-11281,02/07/2014,02-February,6-Friday,09:00,0900 Hours,District 6 (East Central),DAVENPORT,SCOTT,,W 12TH ST & WASHINGTON ST,Collision with:  Vehicle in traffic,On Roadway,"Sideswipe, same direction",Lost Control,None Indicated,,Daylight,Snow,Snow,None apparent,Non-intersection:  Non-junction/no special feature,Paved,,Property Damage Only,0,0,0,0,0,0,2000,2,1,,POINT (-90.59631185078 41.531642955996)
2014788020,1402-011,02/07/2014,02-February,6-Friday,11:30,1100 Hours,District 3 (Northwest),SIBLEY,OSCEOLA,,2ND AVE & 10TH ST W,Collision with:  Vehicle in traffic,On Roadway,Broadside (front to side),Improper Backing,None Indicated,,Daylight,Ice/frost,Clear,None apparent,Non-intersection:  Non-junction/no special feature,Paved,,Property Damage Only,0,0,0,0,0,0,4700,2,2,,POINT (-95.752003196048 43.398258096438)
2014784817,14-0136,02/07/2014,02-February,6-Friday,17:44,1700 Hours,District 1 (Central),PLEASANT HILL,POLK,,NE 56TH ST,Collision with:  Vehicle in traffic,On Roadway,Rear-end (front to rear),Followed too close,None Indicated,,Dusk,Snow,Clear,"Surface condition (e.g., wet, icy)",Non-intersection:  Non-junction/no special feature,Paved,,Property Damage Only,0,0,0,0,0,0,2500,2,5,,POINT (-93.503232190822 41.599292850252)
2014786518,,02/07/2014,02-February,6-Friday,11:13,1100 Hours,District 2 (Northeast),CEDAR FALLS,BLACK HAWK,,W 27TH ST & HUDSON RD & UNIVERSITY OF NORTHERN IA,Collision with:  Vehicle in traffic,On Roadway,"Sideswipe, same direction",Unknown,None Indicated,,Daylight,Snow,Snow,"Surface condition (e.g., wet, icy)",Intersection:  Four-way intersection,Paved,,Property Damage Only,0,0,0,0,0,0,5500,2,3,,POINT (-92.465556732739 42.513135486498)
2014786429,14-000590,02/07/2014,02-February,6-Friday,16:27,1600 Hours,District 1 (Central),AMES,STORY,,LINCOLN WAY & S DAKOTA AVE & N DAKOTA AVE,Collision with fixed object:  Traffic sign support,On Roadway,Non-collision (single vehicle),Swerving/Evasive Action,None Indicated,,Daylight,Snow,Cloudy,"Surface condition (e.g., wet, icy)",Intersection:  Four-way intersection,Paved,,Property Damage Only,0,0,0,0,0,0,2750,1,1,,POINT (-93.678721326334 42.022975750904)
2014784549,2014-8361,02/07/2014,02-February,6-Friday,01:25,0100 Hours,District 6 (East Central),DAVENPORT,SCOTT,,ROCKINGHAM RD & S DIVISION ST,Collision with fixed object:  Utility pole/light support,Roadside,Non-collision (single vehicle),Over correcting/over steering,None Indicated,,Dark - roadway lighted,Wet,Clear,None apparent,Intersection:  T-intersection,Paved,,Property Damage Only,0,0,0,0,0,0,2100,1,1,,POINT (-90.601754724671 41.519282729412)
2014783774,W14-012602,02/07/2014,02-February,6-Friday,08:00,0800 Hours,District 2 (Northeast),WATERLOO,BLACK HAWK,,W SAN MARNAN DR & W 4TH ST,Collision with:  Vehicle in traffic,On Roadway,Unknown,Made improper turn,None Indicated,,Daylight,Other (explain in narrative),Clear,None apparent,Intersection:  T-intersection,Paved,,Property Damage Only,0,0,0,0,0,0,4500,2,2,,POINT (-92.395870280418 42.457106091719)
2014784576,20140006438,02/07/2014,02-February,6-Friday,17:00,1700 Hours,District 5 (Southeast),OTTUMWA,WAPELLO,,OTTUMWA ST & N COURT ST,Collision with:  Vehicle in traffic,On Roadway,Broadside (front to side),FTYROW:  From stop sign,None Indicated,,Daylight,Snow,Clear,None apparent,Intersection:  T-intersection,Paved,,Possible/Unknown,0,1,0,0,0,1,3000,2,2,,POINT (-92.408874656873 41.024841648572)
2014786451,14000589,02/07/2014,02-February,6-Friday,15:59,1500 Hours,District 1 (Central),AMES,STORY,,LINCOLN WAY,Collision with:  Vehicle in traffic,On Roadway,Rear-end (front to rear),Driving too fast for conditions,None Indicated,,Daylight,Snow,Clear,"Surface condition (e.g., wet, icy)",Non-intersection:  Non-junction/no special feature,Paved,,Property Damage Only,0,0,0,0,0,0,1700,2,3,,POINT (-93.649138058287 42.0227956152)
2014792061,14C00553,02/07/2014,02-February,6-Friday,07:00,0700 Hours,District 4 (Southwest),CRESTON,UNION,,E SUMMIT ST & N CEDAR ST,Collision with:  Vehicle in traffic,On Roadway,Broadside (front to side),Crossed centerline (undivided),None Indicated,,Dawn,Ice/frost,Clear,"Surface condition (e.g., wet, icy)",Intersection:  Four-way intersection,Paved,,Possible/Unknown,0,1,0,0,1,0,12000,3,3,,POINT (-94.351630602474 41.062047691969)
2014784003,14-0382,02/07/2014,02-February,6-Friday,08:04,0800 Hours,District 1 (Central),FORT DODGE,WEBSTER,,KENYON RD,Collision with:  Vehicle in traffic,On Roadway,Head-on (front to front),Crossed centerline (undivided),None Indicated,,Daylight,Ice/frost,Clear,None apparent,Non-intersection:  Other non-intersection (explain in narrative),Paved,,Possible/Unknown,0,2,0,0,0,2,18500,5,7,,POINT (-94.188504650019 42.495151306457)
2014787278,020714-153,02/07/2014,02-February,6-Friday,16:13,1600 Hours,District 3 (Northwest),STORM LAKE,BUENA VISTA,,E 5TH ST & CAYUGA ST,Collision with:  Vehicle in traffic,On Roadway,Broadside (front to side),FTYROW:  From stop sign,None Indicated,,Daylight,Wet,Clear,None apparent,Intersection:  Four-way intersection,Paved,,Property Damage Only,0,0,0,0,0,0,3850,2,2,,POINT (-95.198357603791 42.644417773838)
2014784408,20140003475,02/07/2014,02-February,6-Friday,14:30,1400 Hours,District 1 (Central),DES MOINES,POLK,US 69,US 69/SE 14TH ST & INDIANOLA AVE,Collision with:  Vehicle in traffic,On Roadway,Rear-end (front to rear),Followed too close,None Indicated,,Daylight,Dry,Cloudy,None apparent,Intersection:  Four-way intersection,Paved,,Property Damage Only,0,0,0,0,0,0,1600,2,3,,POINT (-93.596826574121 41.553358331362)
2014784601,14-0393,02/07/2014,02-February,6-Friday,19:00,1900 Hours,District 1 (Central),FORT DODGE,WEBSTER,,1ST AVE N & N 15TH ST,Collision with:  Vehicle in traffic,On Roadway,Broadside (front to side),FTYROW:  From stop sign,None Indicated,,Dark - roadway lighted,Wet,Cloudy,None apparent,Intersection:  Four-way intersection,Paved,,Possible/Unknown,0,1,0,0,1,0,10000,2,2,,POINT (-94.177719003216 42.507276276093)