Iowa DOT Case Number,Law Enforcement Case Number,Date of Crash,Month of Crash,Day of Week,Time of Crash,Hour,DOT District,City Name,County Name,Route with System,Location Description,First Harmful Event,Location of First Harmful Event,Manner of Crash/Collision,Major Cause,Drug or Alcohol ,Environmental Conditions,Light Conditions,Surface Conditions,Weather Conditions,Roadway Contribution,Roadway Type,Roadway Surface,Work Zone,Crash Severity,Number of Fatalities,Number of Injuries,Number of Major Injuries,Number of Minor Injuries,Number of Possible Injuries,Number of Unknown Injuries,Amount of Property Damage,Number of Vehicles Involved,Total Number of Occupants,Travel Direction,Location
2014783858,201401849,02/07/2014,02-February,6-Friday,09:10,0900 Hours,District 6 (East Central),CEDAR RAPIDS,LINN,,BLAIRS FERRY RD NE & COUNCIL ST NE,Collision with:  Vehicle in traffic,On Roadway,Rear-end (front to rear),Other (explain in narrative):  Other,None Indicated,,Daylight,Snow,Clear,None apparent,Non-intersection:  Non-junction/no special feature,Paved,,Property Damage Only,0,0,0,0,0,0,2600,2,3,,POINT (-91.65834977233 42.035252775527)
2014783876,14002953,02/07/2014,02-February,6-Friday,12:55,1200 Hours,District 5 (Southeast),OSKALOOSA,MAHASKA,IA 92,IA 92/A AVE E & N 2ND ST,Collision with:  Vehicle in traffic,On Roadway,Rear-end (front to rear),Other (explain in narrative):  Vision obstructed,None Indicated,,Daylight,Dry,Clear,None apparent,Intersection:  Four-way intersection,Paved,,Property Damage Only,0,0,0,0,0,0,1900,2,2,,POINT (-92.642670776645 41.296249661542)
2014787339,14-080207-01,02/07/2014,02-February,6-Friday,06:45,0600 Hours,District 6 (East Central),,IOWA,,Co Rd V38/B AVE,Collision with:  Animal,,,Animal,None Indicated,,,,,,,Paved,,Property Damage Only,0,0,0,0,0,0,250000,1,1,,POINT (-92.28395474594 41.716319800498)
2014784223,01-14-5489,02/07/2014,02-February,6-Friday,13:26,1300 Hours,District 6 (East Central),DUBUQUE,DUBUQUE,US 20,US 20/DODGE ST & DEVON DR,Collision with:  Vehicle in traffic,On Roadway,Rear-end (front to rear),Lost Control,None Indicated,,Daylight,Dry,Clear,None apparent,Non-intersection:  Non-junction/no special feature,Paved,,Property Damage Only,0,0,0,0,0,0,4000,2,2,,POINT (-90.701368712985 42.491414367402)
2014784409,20140003479,02/07/2014,02-February,6-Friday,15:33,1500 Hours,District 1 (Central),DES MOINES,POLK,IA 28,IA 28/63RD ST & COLLEGE AVE,Collision with:  Vehicle in traffic,On Roadway,Rear-end (front to rear),Followed too close,None Indicated,,Daylight,Dry,Clear,None apparent,Non-intersection:  Non-junction/no special feature,Paved,,Property Damage Only,0,0,0,0,0,0,4000,2,4,,POINT (-93.703741279962 41.607652861503)
2014784785,20140003483,02/07/2014,02-February,6-Friday,16:15,1600 Hours,District 1 (Central),DES MOINES,POLK,,PARK ST & 6TH AVE,Collision with:  Vehicle in traffic,On Roadway,Broadside (front to side),Ran Traffic Signal,None Indicated,,Daylight,Wet,Cloudy,None apparent,Intersection:  Four-way intersection,Paved,,Property Damage Only,0,0,0,0,0,0,2000,2,2,,POINT (-93.625639997378 41.590513307185)
2014785036,1400000098,02/07/2014,02-February,6-Friday,17:05,1700 Hours,District 1 (Central),,MARSHALL,IA 14,IA 14/REED AVE,Collision with:  Vehicle in traffic,On Roadway,Broadside (front to side),FTYROW:  From driveway,None Indicated,,Daylight,Dry,Cloudy,None apparent,Non-intersection:  Driveway access (within),Paved,,Possible/Unknown,0,1,0,0,1,0,10000,2,2,,POINT (-92.912362166073 41.990822750469)
2014784594,2014-0045,02/07/2014,02-February,6-Friday,22:48,2200 Hours,District 5 (Southeast),NORWALK,WARREN,,LEXINGTON DR & CRESENT LN,Collision with fixed object:  Utility pole/light support,Shoulder,Non-collision (single vehicle),Over correcting/over steering,None Indicated,,Dark - roadway lighted,Snow,Cloudy,"Surface condition (e.g., wet, icy)",Non-intersection:  Non-junction/no special feature,Paved,,Property Damage Only,0,0,0,0,0,0,2000,1,2,,POINT (-93.683761941513 41.495254302146)
2014784551,2014-8473,02/07/2014,02-February,6-Friday,15:09,1500 Hours,District 6 (East Central),DAVENPORT,SCOTT,,E PLEASANT ST & EASTERN AVE,Collision with:  Vehicle in traffic,On Roadway,Rear-end (front to rear),Followed too close,None Indicated,,Daylight,Wet,Clear,None apparent,Non-intersection:  Non-junction/no special feature,Paved,,Property Damage Only,0,0,0,0,0,0,4000,2,2,,POINT (-90.551508422046 41.539586524325)
2014784431,20140003512,02/07/2014,02-February,6-Friday,20:37,2000 Hours,District 1 (Central),DES MOINES,POLK,,SE 6TH ST & INDIANOLA AVE & SE 5TH ST,Collision with:  Vehicle in traffic,On Roadway,Broadside (front to side),"Operating vehicle in an reckless, erratic, careless, negligent manner",None Indicated,,Dark - roadway lighted,Wet,Cloudy,None apparent,Intersection:  Four-way intersection,Paved,,Possible/Unknown,0,1,0,0,1,0,4620,2,3,,POINT (-93.605702795958 41.560076403582)
2014783974,2014-8401,02/07/2014,02-February,6-Friday,08:22,0800 Hours,District 6 (East Central),DAVENPORT,SCOTT,,E LOCUST ST & MARLO AVE,Collision with:  Vehicle in traffic,On Roadway,"Sideswipe, same direction",Unknown,None Indicated,,Daylight,Dry,Clear,"Surface condition (e.g., wet, icy)",Intersection:  Four-way intersection,Paved,,Property Damage Only,0,0,0,0,0,0,4000,2,5,,POINT (-90.530117164342 41.538480341476)
2014784225,01-14-5513,02/07/2014,02-February,6-Friday,15:56,1500 Hours,District 6 (East Central),DUBUQUE,DUBUQUE,US 52,US 52/WHITE ST & E 19TH ST,Collision with:  Vehicle in traffic,On Roadway,Rear-end (front to rear),Lost Control,None Indicated,,Daylight,Wet,Cloudy,None apparent,Non-intersection:  Non-junction/no special feature,Paved,,Property Damage Only,0,0,0,0,0,0,4000,2,2,,POINT (-90.668977728807 42.510733381018)
2014784412,20140003496,02/07/2014,02-February,6-Friday,18:25,1800 Hours,District 1 (Central),DES MOINES,POLK,US 6,US 6/DOUGLAS AVE & BEAVER AVE,Collision with:  Vehicle in traffic,On Roadway,"Sideswipe, same direction",Improper or erratic lane changing,None Indicated,,Dark - roadway lighted,Dry,Clear,None apparent,Non-intersection:  Non-junction/no special feature,Paved,,Property Damage Only,0,0,0,0,0,0,3000,2,2,,POINT (-93.678047310248 41.629478582552)
2014784016,14-3753,02/07/2014,02-February,6-Friday,07:52,0700 Hours,District 3 (Northwest),SIOUX CITY,WOODBURY,,5TH ST & WESLEY PKWY & W 3RD ST,Collision with:  Vehicle in traffic,On Roadway,Broadside (front to side),Ran Traffic Signal,None Indicated,,Daylight,Wet,Clear,None apparent,Intersection:  Four-way intersection,Paved,,Possible/Unknown,0,1,0,0,1,0,2700,2,2,,POINT (-96.410577521601 42.495221463335)
2014790536,,02/07/2014,02-February,6-Friday,08:08,0800 Hours,District 2 (Northeast),HAMPTON,FRANKLIN,,12TH AVE NE,Collision with:  Vehicle in traffic,On Roadway,Rear-end (front to rear),Other (explain in narrative):  Other,None Indicated,,Daylight,Snow,Clear,"Surface condition (e.g., wet, icy)",Non-intersection:  Non-junction/no special feature,Paved,,Property Damage Only,0,0,0,0,0,0,5000,2,2,,POINT (-93.199683497918 42.752686699204)
2014784135,020714-111,02/07/2014,02-February,6-Friday,12:12,1200 Hours,District 3 (Northwest),STORM LAKE,BUENA VISTA,,W 8TH ST,Collision with fixed object:  Utility pole/light support,Outside trafficway,Non-collision (single vehicle),Driving too fast for conditions,None Indicated,,Daylight,Snow,Clear,"Surface condition (e.g., wet, icy)",Non-intersection:  Non-junction/no special feature,Paved,,Property Damage Only,0,0,0,0,0,0,4000,1,1,,POINT (-95.20959750402 42.648712980461)
2014810148,14-0821PD,02/07/2014,02-February,6-Friday,15:15,1500 Hours,District 1 (Central),BOONE,BOONE,,7TH ST,Miscellaneous events:  Hit and run,Outside trafficway,Unknown,Unknown,None Indicated,,Daylight,Snow,Cloudy,"Surface condition (e.g., wet, icy)",Non-intersection:  Non-junction/no special feature,Paved,,Property Damage Only,0,0,0,0,0,0,2000,2,1,,POINT (-93.885931636951 42.062687045673)
2014783857,201401847,02/07/2014,02-February,6-Friday,08:57,0800 Hours,District 6 (East Central),CEDAR RAPIDS,LINN,,6TH AVE SE & 18TH ST SE,Collision with fixed object:  Utility pole/light support,On Roadway,Non-collision (single vehicle),Driving too fast for conditions,None Indicated,,Daylight,Snow,Clear,"Surface condition (e.g., wet, icy)",Non-intersection:  Non-junction/no special feature,Paved,,Property Damage Only,0,0,0,0,0,0,2500,1,1,,POINT (-91.644681512718 41.981432111648)
2014794344,140811PD,02/07/2014,02-February,6-Friday,07:52,0700 Hours,District 1 (Central),BOONE,BOONE,,21ST ST & BOONE ST,Collision with:  Vehicle in traffic,On Roadway,Broadside (front to side),FTYROW:  At uncontrolled intersection,None Indicated,,Daylight,Snow,Clear,None apparent,Intersection:  Four-way intersection,Paved,,Property Damage Only,0,0,0,0,0,0,3200,2,3,,POINT (-93.881852542632 42.077101758448)
2014784386,14-000598,02/07/2014,02-February,6-Friday,07:56,0700 Hours,District 1 (Central),ANKENY,POLK,I-35,I-35,Collision with:  Vehicle in traffic,On Roadway,"Sideswipe, same direction",Lost Control,None Indicated,,Daylight,Wet,Clear,"Surface condition (e.g., wet, icy)",Interchange-related:  On-ramp merge area,Paved,,Possible/Unknown,0,2,0,0,2,0,15000,3,3,,POINT (-93.577570409076 41.675972858865)
2014783907,20140003432,02/07/2014,02-February,6-Friday,07:25,0700 Hours,District 1 (Central),DES MOINES,POLK,,WATROUS AVE,Collision with:  Vehicle in traffic,On Roadway,Rear-end (front to rear),Driving too fast for conditions,None Indicated,,Daylight,Ice/frost,Cloudy,"Surface condition (e.g., wet, icy)",Intersection:  Four-way intersection,Paved,,Possible/Unknown,0,1,0,0,1,0,9000,3,3,,POINT (-93.630735517565 41.548214305818)
2014784312,14-003485,02/07/2014,02-February,6-Friday,14:44,1400 Hours,District 5 (Southeast),,LEE,,270 ST,Collision with fixed object:  Utility pole/light support,Roadside,Non-collision (single vehicle),Ran off road - left,None Indicated,,Daylight,Snow,Cloudy,"Surface condition (e.g., wet, icy)",Non-intersection:  Non-junction/no special feature,Unpaved,,Property Damage Only,0,0,0,0,0,0,5100,1,1,,POINT (-91.49734324524 40.567750686601)
2014784961,14-04124,02/07/2014,02-February,6-Friday,12:10,1200 Hours,District 5 (Southeast),,DES MOINES,US 61,US 61,Collision with:  Vehicle in traffic,Shoulder,Rear-end (front to rear),Lost Control,None Indicated,,Daylight,Dry,Clear,None apparent,Non-intersection:  Driveway access (within),Paved,,Property Damage Only,0,0,0,0,0,0,3000,2,2,,POINT (-91.158449791374 40.862287797962)
2014784993,2014001417,02/07/2014,02-February,6-Friday,17:52,1700 Hours,District 6 (East Central),IOWA CITY,JOHNSON,,WALNUT ST & DODGE ST,Collision with:  Vehicle in traffic,On Roadway,"Angle, oncoming left turn",FTYROW:  Making left turn,None Indicated,,Dark - roadway lighted,Snow,Cloudy,None apparent,Intersection:  Four-way intersection,Paved,,Possible/Unknown,0,2,0,0,2,0,8000,2,2,,POINT (-91.52614967947 41.650509046642)
2014784298,2014001405,02/07/2014,02-February,6-Friday,11:00,1100 Hours,District 6 (East Central),IOWA CITY,JOHNSON,,BOWERY ST,Collision with:  Vehicle in traffic,On Roadway,Rear-end (front to rear),Driving too fast for conditions,None Indicated,,Daylight,Snow,Clear,"Surface condition (e.g., wet, icy)",Non-intersection:  Non-junction/no special feature,Paved,,Property Damage Only,0,0,0,0,0,0,2500,2,2,,POINT (-91.529934290969 41.654124238924)
2014784514,14-005116,02/07/2014,02-February,6-Friday,18:20,1800 Hours,District 4 (Southwest),COUNCIL BLUFFS,POTTAWATTAMIE,I-480,I-480,Collision with:  Vehicle in traffic,On Roadway,Rear-end (front to rear),Followed too close,None Indicated,,Dark - roadway lighted,Dry,Cloudy,None apparent,Non-intersection:  Other non-intersection (explain in narrative),Paved,,Property Damage Only,0,0,0,0,0,0,3500,2,2,,POINT (-95.920296214248 41.259921355818)
2014784294,2014001407,02/07/2014,02-February,6-Friday,12:21,1200 Hours,District 6 (East Central),IOWA CITY,JOHNSON,IA 1,IA 1/E BURLINGTON ST & S CLINTON ST,Collision with:  Vehicle in traffic,On Roadway,Rear-end (front to rear),Followed too close,None Indicated,,Daylight,Wet,Clear,None apparent,Non-intersection:  Non-junction/no special feature,Paved,,Possible/Unknown,0,1,0,0,1,0,2000,2,2,,POINT (-91.534641180695 41.657868159233)
2014784749,14002974,02/07/2014,02-February,6-Friday,16:28,1600 Hours,District 5 (Southeast),OSKALOOSA,MAHASKA,,ROCK ISLAND AVE & S 1ST ST,Collision with:  Vehicle in traffic,On Roadway,Broadside (front to side),Other (explain in narrative):  No improper action,None Indicated,,Daylight,Snow,Snow,None apparent,Non-intersection:  Non-junction/no special feature,Paved,,Possible/Unknown,0,1,0,0,0,1,2500,2,2,,POINT (-92.643830436212 41.289461405975)
2014784844,14-3824,02/07/2014,02-February,6-Friday,21:04,2100 Hours,District 3 (Northwest),SIOUX CITY,WOODBURY,,29TH ST & CHAMBERS ST,Collision with fixed object:  Traffic sign support,On Roadway,Non-collision (single vehicle),Driving too fast for conditions,None Indicated,,Dark - roadway not lighted,Ice/frost,Clear,"Surface condition (e.g., wet, icy)",Intersection:  Four-way intersection,Paved,,Property Damage Only,0,0,0,0,0,0,5300,1,1,,POINT (-96.38621009611 42.520527086324)
2014784112,W14-012541,02/07/2014,02-February,6-Friday,01:18,0100 Hours,District 2 (Northeast),WATERLOO,BLACK HAWK,,ROCK ISLAND AVE & KNOLL AVE,Collision with fixed object:  Other fixed object (explain in narrative),Outside trafficway,Non-collision (single vehicle),Unknown,None Indicated,,Dark - roadway lighted,Snow,Clear,Unknown,Intersection:  Four-way intersection,Paved,,Property Damage Only,0,0,0,0,0,0,5000,1,2,,POINT (-92.368425292229 42.501384074856)
2014784534,14-2301,02/07/2014,02-February,6-Friday,06:42,0600 Hours,District 6 (East Central),BETTENDORF,SCOTT,US 67,US 67/STATE ST & 35TH ST,Collision with:  Vehicle in traffic,On Roadway,Broadside (front to side),FTYROW:  Other (explain in narrative),None Indicated,,Dawn,Dry,Cloudy,None apparent,Intersection:  Four-way intersection,Paved,,Property Damage Only,0,0,0,0,0,0,16000,2,2,,POINT (-90.48401164831 41.528050600676)
2014786133,,02/07/2014,02-February,6-Friday,21:59,2100 Hours,District 5 (Southeast),FORT MADISON,LEE,,AVE E,Collision with:  Parked motor vehicle,On Roadway,Rear-end (front to rear),Unknown,None Indicated,,Dark - roadway lighted,Snow,Snow,None apparent,Non-intersection:  Non-junction/no special feature,Paved,,Property Damage Only,0,0,0,0,0,0,2000,2,2,,POINT (-91.306704548806 40.63296329435)
2014784708,14-033,02/07/2014,02-February,6-Friday,08:10,0800 Hours,District 2 (Northeast),WAVERLY,BREMER,IA 3,IA 3/BREMER AVE,Collision with:  Vehicle in traffic,On Roadway,Rear-end (front to rear),Driving too fast for conditions,None Indicated,,Daylight,Snow,Clear,"Surface condition (e.g., wet, icy)",Non-intersection:  Other non-intersection (explain in narrative),Paved,,Property Damage Only,0,0,0,0,0,0,2500,2,2,,POINT (-92.470465197317 42.725781872897)
2014793719,14-002976,02/07/2014,02-February,6-Friday,17:09,1700 Hours,District 5 (Southeast),NEW SHARON,MAHASKA,US 63,US 63/MAIN ST/MARKET ST & IA 102 & IA 146,Collision with:  Vehicle in traffic,On Roadway,Broadside (front to side),FTYROW:  Other (explain in narrative),None Indicated,,Daylight,Dry,Clear,None apparent,Intersection:  Four-way intersection,Paved,,Property Damage Only,0,0,0,0,0,0,2300,2,2,,POINT (-92.651480303086 41.469691307881)
2014795411,ACC14-005,02/07/2014,02-February,6-Friday,17:15,1700 Hours,District 2 (Northeast),CRESCO,HOWARD,IA 9,IA 9/2ND AVE SW & 7TH ST SW,Collision with:  Vehicle in traffic,On Roadway,"Angle, oncoming left turn",FTYROW:  Making left turn,None Indicated,,Dark - roadway lighted,Snow,Clear,None apparent,Non-intersection:  Driveway access (within),Paved,,Property Damage Only,0,0,0,0,0,0,11000,2,5,,POINT (-92.12710137648 43.371107988446)
2014784704,W14-012595,02/07/2014,02-February,6-Friday,06:22,0600 Hours,District 2 (Northeast),WATERLOO,BLACK HAWK,,MITCHELL AVE & SHEFFIELD AVE,Collision with:  Vehicle in traffic,On Roadway,Broadside (front to side),FTYROW:  From stop sign,None Indicated,,Daylight,Snow,Clear,None apparent,Intersection:  Four-way intersection,Paved,,Property Damage Only,0,0,0,0,0,0,2500,2,2,,POINT (-92.31914730979 42.476606026765)
2014785729,,02/07/2014,02-February,6-Friday,08:10,0800 Hours,District 2 (Northeast),CHARLES CITY,FLOYD,,3RD AVE & D ST,Collision with:  Vehicle in traffic,On Roadway,Broadside (front to side),FTYROW:  At uncontrolled intersection,None Indicated,,Daylight,Snow,Clear,"Surface condition (e.g., wet, icy)",Intersection:  Four-way intersection,Paved,,Property Damage Only,0,0,0,0,0,0,6000,2,2,,POINT (-92.667914384121 43.065481920857)
2014785105,2014-8435,02/07/2014,02-February,6-Friday,12:04,1200 Hours,District 6 (East Central),DAVENPORT,SCOTT,,E 53RD ST & UTICA RIDGE RD,Collision with:  Vehicle in traffic,On Roadway,"Angle, oncoming left turn",FTYROW:  Making left turn,None Indicated,,Daylight,Wet,Clear,None apparent,Intersection:  Four-way intersection,Paved,,Possible/Unknown,0,2,0,0,2,0,10700,2,3,,POINT (-90.513376500316 41.574919231094)
2014784740,2014-0535,02/07/2014,02-February,6-Friday,18:13,1800 Hours,District 1 (Central),HUBBARD,HARDIN,,MAPLE ST,Collision with fixed object:  Utility pole/light support,On Roadway,Non-collision (single vehicle),Swerving/Evasive Action,None Indicated,,Dark - roadway lighted,Snow,Clear,None apparent,Non-intersection:  Non-junction/no special feature,Paved,,Property Damage Only,0,0,0,0,0,0,2500,1,1,,POINT (-93.302474290716 42.305592419372)
2014785348,14-0601,02/07/2014,02-February,6-Friday,16:50,1600 Hours,District 6 (East Central),HIAWATHA,LINN,,BOYSON RD & CENTER POINT RD,Collision with:  Vehicle in traffic,On Roadway,Rear-end (front to rear),Followed too close,None Indicated,,Daylight,Dry,Clear,None apparent,Non-intersection:  Non-junction/no special feature,Paved,,Property Damage Only,0,0,0,0,0,0,1500,2,3,,POINT (-91.682454920906 42.046780989379)
2014784475,14-0270,02/07/2014,02-February,6-Friday,09:00,0900 Hours,District 1 (Central),URBANDALE,POLK,,URBANDALE AVE,Collision with:  Vehicle in traffic,On Roadway,Broadside (front to side),Lost Control,None Indicated,,Daylight,Snow,Clear,"Surface condition (e.g., wet, icy)",Non-intersection:  Non-junction/no special feature,Paved,,Property Damage Only,0,0,0,0,0,0,9000,2,2,,POINT (-93.735599478825 41.622009036205)
2014785792,14-1732,02/07/2014,02-February,6-Friday,09:54,0900 Hours,District 3 (Northwest),SPENCER,CLAY,,E 14TH ST & 2ND AVE E,Collision with:  Vehicle in traffic,On Roadway,Broadside (front to side),FTYROW:  At uncontrolled intersection,None Indicated,,Daylight,Snow,Clear,None apparent,Intersection:  Four-way intersection,Paved,,Property Damage Only,0,0,0,0,0,0,6600,2,2,,POINT (-95.142640508444 43.151884665318)
2014785173,2014009033,02/07/2014,02-February,6-Friday,07:55,0700 Hours,District 2 (Northeast),,CLAYTON,US 52,US 52 & IA 13/IOWA 13,Collision with:  Vehicle in traffic,On Roadway,Broadside (front to side),FTYROW:  From stop sign,None Indicated,,Daylight,Dry,Clear,None apparent,Intersection:  T-intersection,Paved,,Minor Injury,0,4,0,4,0,0,140000,2,4,,POINT (-91.305552137049 42.991113837045)
2014784387,14-000601,02/07/2014,02-February,6-Friday,10:22,1000 Hours,District 1 (Central),ANKENY,POLK,,NE GRANT ST,Collision with:  Vehicle in traffic,On Roadway,Broadside (front to side),FTYROW:  From driveway,None Indicated,,Daylight,Snow,Clear,None apparent,Non-intersection:  Driveway access (within),Paved,,Property Damage Only,0,0,0,0,0,0,7000,2,3,,POINT (-93.598481112524 41.742770372793)
2014784430,20140003472,02/07/2014,02-February,6-Friday,14:43,1400 Hours,District 1 (Central),DES MOINES,POLK,,6TH AVE,Non-collision events:  Other non-collision (explain in narrative),On Roadway,Non-collision (single vehicle),Unknown,None Indicated,,Daylight,Dry,Cloudy,None apparent,Non-intersection:  Non-junction/no special feature,Paved,,Property Damage Only,0,0,0,0,0,0,2000,1,1,,POINT (-93.625650964775 41.594134159969)
2014786129,,02/07/2014,02-February,6-Friday,12:12,1200 Hours,District 5 (Southeast),FORT MADISON,LEE,,AVE D,Collision with:  Parked motor vehicle,On Roadway,Rear-end (front to rear),Driving too fast for conditions,None Indicated,,Daylight,Snow,Clear,None apparent,Non-intersection:  Non-junction/no special feature,Paved,,Property Damage Only,0,0,0,0,0,0,1500,2,1,,POINT (-91.303770424848 40.633965175686)
2014790168,,02/07/2014,02-February,6-Friday,09:06,0900 Hours,District 2 (Northeast),,WINNESHIEK,IA 139,IA 139/IOWA 139,Non-collision events:  Overturn/rollover,Shoulder,Non-collision (single vehicle),Crossed centerline (undivided),None Indicated,,Daylight,Dry,Clear,None apparent,Non-intersection:  Non-junction/no special feature,Paved,,Minor Injury,0,1,0,1,0,0,5000,1,1,,POINT (-92.009022374399 43.447898451328)
2014786124,2014-0028,02/07/2014,02-February,6-Friday,10:51,1000 Hours,District 5 (Southeast),CARLISLE,WARREN,,CIRCLE DR,Collision with:  Vehicle in traffic,On Roadway,"Sideswipe, opposite direction",Other (explain in narrative):  No improper action,None Indicated,,Daylight,Snow,Clear,"Surface condition (e.g., wet, icy)",Non-intersection:  Non-junction/no special feature,Paved,,Property Damage Only,0,0,0,0,0,0,3800,2,2,,POINT (-93.48880943901 41.505498678168)
2014785028,201400377,02/07/2014,02-February,6-Friday,11:30,1100 Hours,District 6 (East Central),FAIRFAX,LINN,,LINN ST & FAIRFAX RD,Collision with fixed object:  Guardrail - face,Roadside,Non-collision (single vehicle),Driving too fast for conditions,None Indicated,,Daylight,Ice/frost,Clear,"Surface condition (e.g., wet, icy)",Intersection:  T-intersection,Paved,,Property Damage Only,0,0,0,0,0,0,4000,1,1,,POINT (-91.774021179787 41.91658040839)
2014783891,20140003425,02/07/2014,02-February,6-Friday,06:06,0600 Hours,District 1 (Central),DES MOINES,POLK,US 6,US 6/E EUCLID AVE & DELAWARE AVE,Collision with:  Vehicle in traffic,On Roadway,"Angle, oncoming left turn",Made improper turn,None Indicated,,Dark - roadway lighted,Dry,Cloudy,None apparent,Intersection:  Four-way intersection,Paved,,Property Damage Only,0,0,0,0,0,0,5900,2,2,,POINT (-93.581317820329 41.627783670182)
2014784537,2014-7918,02/07/2014,02-February,6-Friday,06:12,0600 Hours,District 6 (East Central),DAVENPORT,SCOTT,I-80,I-80,Collision with fixed object:  Guardrail - face,Median,Non-collision (single vehicle),Swerving/Evasive Action,None Indicated,,Daylight,Ice/frost,Snow,None apparent,Non-intersection:  Non-junction/no special feature,Paved,,Property Damage Only,0,0,0,0,0,0,4500,1,1,,POINT (-90.580334275 41.597828806071)
2014784004,14-0389,02/07/2014,02-February,6-Friday,13:55,1300 Hours,District 1 (Central),FORT DODGE,WEBSTER,,S 29TH ST,Collision with:  Vehicle in traffic,On Roadway,Broadside (front to side),Unknown,None Indicated,,Daylight,Ice/frost,Clear,None apparent,Non-intersection:  Driveway access (within),Paved,,Property Damage Only,0,0,0,0,0,0,14000,4,2,,POINT (-94.15830587974 42.507312048412)
2014784227,01-14-5562,02/07/2014,02-February,6-Friday,21:21,2100 Hours,District 6 (East Central),DUBUQUE,DUBUQUE,US 52,US 52/CENTRAL AVE & W 32ND ST & E 32ND ST,Collision with:  Vehicle in traffic,On Roadway,"Sideswipe, same direction",Lost Control,None Indicated,,Dark - roadway lighted,Dry,Clear,None apparent,Intersection:  Four-way intersection,Paved,,Property Damage Only,0,0,0,0,0,0,1600,2,6,,POINT (-90.682830306456 42.527493970575)
2014784001,14-0391,02/07/2014,02-February,6-Friday,16:20,1600 Hours,District 1 (Central),FORT DODGE,WEBSTER,,4TH AVE N & N 22ND ST,Collision with:  Vehicle in traffic,On Roadway,Rear-end (front to rear),Followed too close,None Indicated,,Daylight,Wet,Clear,None apparent,Non-intersection:  Non-junction/no special feature,Paved,,Property Damage Only,0,0,0,0,0,0,2000,2,4,,POINT (-94.16809291072 42.510634867478)
2014786430,14-000592,02/07/2014,02-February,6-Friday,17:22,1700 Hours,District 1 (Central),AMES,STORY,,HUNT ST & WELCH AVE,Collision with:  Vehicle in traffic,On Roadway,"Angle, oncoming left turn",FTYROW:  From stop sign,None Indicated,,Dark - roadway lighted,Snow,Cloudy,None apparent,Intersection:  T-intersection,Paved,,Property Damage Only,0,0,0,0,0,0,4000,2,2,,POINT (-93.650127126771 42.020286190034)
2014784330,201401864,02/07/2014,02-February,6-Friday,13:30,1300 Hours,District 6 (East Central),CEDAR RAPIDS,LINN,,BLAIRS FERRY RD & 10TH AVE,Collision with:  Vehicle in traffic,On Roadway,Broadside (front to side),FTYROW:  Other (explain in narrative),None Indicated,,Daylight,Wet,Clear,None apparent,Non-intersection:  Non-junction/no special feature,Paved,,Property Damage Only,0,0,0,0,0,0,6500,2,4,,POINT (-91.682956905011 42.034763268532)
2014789596,14002626,02/07/2014,02-February,6-Friday,15:25,1500 Hours,District 6 (East Central),MARION,LINN,,NEWCASTLE RD,Collision with fixed object:  Other fixed object (explain in narrative),Outside trafficway,Non-collision (single vehicle),"Operating vehicle in an reckless, erratic, careless, negligent manner",Alcohol (Statutory),,Daylight,Snow,Clear,None apparent,Intersection:  Four-way intersection,Paved,,Property Damage Only,0,0,0,0,0,0,3300,1,1,,POINT (-91.622052143081 42.05342974789)
2014784399,20140003519,02/07/2014,02-February,6-Friday,21:20,2100 Hours,District 1 (Central),DES MOINES,POLK,,E BELL AVE,Collision with:  Parked motor vehicle,Roadside,Broadside (front to side),Ran off road - right,None Indicated,,Dark - roadway lighted,Slush,Cloudy,Unknown,Non-intersection:  Non-junction/no special feature,Paved,,Property Damage Only,0,0,0,0,0,0,1600,2,1,,POINT (-93.599814067867 41.562620308437)
2014785789,RH-2072014,02/07/2014,02-February,6-Friday,15:40,1500 Hours,District 5 (Southeast),OSCEOLA,CLARKE,,S PARK ST,Collision with:  Vehicle in traffic,On Roadway,Rear-end (front to rear),Followed too close,None Indicated,,Daylight,Snow,Snow,None apparent,Non-intersection:  Non-junction/no special feature,Paved,,Property Damage Only,0,0,0,0,0,0,4000,2,3,,POINT (-93.763807077693 41.031519543155)
2014784483,14-0662,02/07/2014,02-February,6-Friday,15:14,1500 Hours,District 1 (Central),WEST DES MOINES,POLK,,ASHWORTH RD & 22ND ST,Collision with:  Vehicle in traffic,On Roadway,"Angle, oncoming left turn",Ran Traffic Signal,None Indicated,,Daylight,Wet,Cloudy,None apparent,Intersection:  T-intersection,Paved,,Property Damage Only,0,0,0,0,0,0,2500,2,4,,POINT (-93.736003213536 41.584662590077)
2014784230,01-14-5446,02/07/2014,02-February,6-Friday,07:51,0700 Hours,District 6 (East Central),DUBUQUE,DUBUQUE,,NIGHTINGALE LN & CEDAR CROSS RD,Collision with:  Vehicle in traffic,On Roadway,Rear-end (front to rear),Lost Control,None Indicated,,Daylight,Dry,Clear,None apparent,Non-intersection:  Driveway access (within),Paved,,Property Damage Only,0,0,0,0,0,0,4000,2,2,,POINT (-90.716729879124 42.483914021437)