Iowa DOT Case Number,Law Enforcement Case Number,Date of Crash,Month of Crash,Day of Week,Time of Crash,Hour,DOT District,City Name,County Name,Route with System,Location Description,First Harmful Event,Location of First Harmful Event,Manner of Crash/Collision,Major Cause,Drug or Alcohol ,Environmental Conditions,Light Conditions,Surface Conditions,Weather Conditions,Roadway Contribution,Roadway Type,Roadway Surface,Work Zone,Crash Severity,Number of Fatalities,Number of Injuries,Number of Major Injuries,Number of Minor Injuries,Number of Possible Injuries,Number of Unknown Injuries,Amount of Property Damage,Number of Vehicles Involved,Total Number of Occupants,Travel Direction,Location
2014804959,,02/07/2014,02-February,6-Friday,15:00,1500 Hours,District 2 (Northeast),,CHICKASAW,,ASHERTON AVE & 180TH ST,,On Roadway,Non-collision (single vehicle),Swerving/Evasive Action,None Indicated,,Daylight,Snow,Clear,None apparent,Intersection:  T-intersection,Unpaved,,Possible/Unknown,0,3,0,0,3,0,2000,1,3,,POINT (-92.539804373795 43.098239680067)
2014786643,14001660,02/07/2014,02-February,6-Friday,16:00,1600 Hours,District 4 (Southwest),GLENWOOD,MILLS,,N MYRTLE ST,Collision with:  Parked motor vehicle,Shoulder,Unknown,Unknown,None Indicated,,Daylight,Unknown,Cloudy,Unknown,Unknown,Paved,,Property Damage Only,0,0,0,0,0,0,2000,2,1,,POINT (-95.747568618563 41.046955351915)
2014785540,C14000408,02/07/2014,02-February,6-Friday,15:45,1500 Hours,District 6 (East Central),CORALVILLE,JOHNSON,,CORAL RIDGE AVE,Collision with:  Vehicle in traffic,On Roadway,"Sideswipe, same direction",Followed too close,None Indicated,,Daylight,Wet,Cloudy,None apparent,Non-intersection:  Non-junction/no special feature,Paved,,Possible/Unknown,0,1,0,0,1,0,14600,4,6,,POINT (-91.608149782506 41.706067962989)
2014785024,201400373,02/07/2014,02-February,6-Friday,07:44,0700 Hours,District 6 (East Central),SPRINGVILLE,LINN,,MILL AVE & CIRCLE DR,Collision with:  Vehicle in traffic,On Roadway,Broadside (front to side),Other (explain in narrative):  Vision obstructed,None Indicated,,Daylight,Snow,"Blowing sand, soil, dirt",None apparent,Intersection:  T-intersection,Paved,,Property Damage Only,0,0,0,0,0,0,1500,2,2,,POINT (-91.450726502067 42.053126816002)
2014786573,14001824,02/07/2014,02-February,6-Friday,18:56,1800 Hours,District 6 (East Central),,CEDAR,IA 38,IA 38/IOWA 38 & 300TH,Collision with:  Animal,,,Animal,None Indicated,,,,,,,Paved,,Property Damage Only,0,0,0,0,0,0,1500,1,1,,POINT (-91.128986584715 41.66135513098)
2014785532,00353,02/07/2014,02-February,6-Friday,12:17,1200 Hours,District 6 (East Central),DYERSVILLE,DUBUQUE,IA 136,IA 136/9TH ST SE,Collision with:  Vehicle in traffic,On Roadway,Rear-end (front to rear),FTYROW:  Other (explain in narrative),None Indicated,,Daylight,Dry,Clear,None apparent,Intersection:  Four-way intersection,Paved,,Property Damage Only,0,0,0,0,0,0,5300,3,3,,POINT (-91.11424581483 42.471902307903)
2014784326,201401852,02/07/2014,02-February,6-Friday,10:51,1000 Hours,District 6 (East Central),CEDAR RAPIDS,LINN,,14TH AVE SE & 39TH ST SE,Collision with:  Parked motor vehicle,On Roadway,Broadside (front to side),Lost Control,None Indicated,,Daylight,Snow,Clear,None apparent,Non-intersection:  Non-junction/no special feature,Paved,,Property Damage Only,0,0,0,0,0,0,4200,2,1,,POINT (-91.611811376802 41.972041864184)
2014786820,14018094,02/07/2014,02-February,6-Friday,13:32,1300 Hours,District 6 (East Central),HILLS,JOHNSON,,MAIN ST,Collision with:  Vehicle in traffic,On Roadway,"Angle, oncoming left turn",FTYROW:  Making left turn,None Indicated,,Daylight,Ice/frost,Clear,None apparent,Non-intersection:  Driveway access (within),Paved,,Property Damage Only,0,0,0,0,0,0,4000,2,2,,POINT (-91.535473585711 41.554244987872)
2014783976,2014-8445,02/07/2014,02-February,6-Friday,12:39,1200 Hours,District 6 (East Central),DAVENPORT,SCOTT,,E 53RD ST & BELLE AVE,Collision with:  Vehicle in traffic,On Roadway,Rear-end (front to rear),Followed too close,None Indicated,,Daylight,Wet,Clear,None apparent,Non-intersection:  Non-junction/no special feature,Paved,,Property Damage Only,0,0,0,0,0,0,7000,2,3,,POINT (-90.545538298393 41.574755102512)
2014793731,2915,02/07/2014,02-February,6-Friday,04:55,0400 Hours,District 5 (Southeast),UNIVERSITY PARK,MAHASKA,,8TH AVE E,Collision with:  Parked motor vehicle,On Roadway,Unknown,Ran off road - right,None Indicated,,Dark - roadway lighted,Ice/frost,Cloudy,"Surface condition (e.g., wet, icy)",Non-intersection:  Non-junction/no special feature,Unpaved,,Property Damage Only,0,0,0,0,0,0,3000,2,1,,POINT (-92.615645006283 41.287515153992)
2014784491,14-0093,02/07/2014,02-February,6-Friday,18:07,1800 Hours,District 1 (Central),WINDSOR HEIGHTS,POLK,IA 28,IA 28/63RD ST,Collision with:  Vehicle in traffic,On Roadway,"Angle, oncoming left turn",Unknown,None Indicated,,Dark - roadway lighted,Slush,Clear,None apparent,Non-intersection:  Other non-intersection (explain in narrative),Paved,,Possible/Unknown,0,1,0,0,1,0,9000,2,4,,POINT (-93.703511569717 41.593134637839)
2014784091,14001781,02/07/2014,02-February,6-Friday,20:11,2000 Hours,District 5 (Southeast),CENTERVILLE,APPANOOSE,,SHAMROCK LN,Collision with fixed object:  Utility pole/light support,Outside trafficway,Non-collision (single vehicle),Over correcting/over steering,None Indicated,,Dark - roadway not lighted,Ice/frost,Clear,"Surface condition (e.g., wet, icy)",Non-intersection:  Non-junction/no special feature,Paved,,Minor Injury,0,2,0,1,1,0,4500,1,2,,POINT (-92.861926761613 40.743915016569)
2014784493,14-000157,02/07/2014,02-February,6-Friday,17:21,1700 Hours,District 1 (Central),JOHNSTON,POLK,,LONG MEADOW DR & NW 86TH ST,Collision with:  Vehicle in traffic,On Roadway,"Angle, oncoming left turn",FTYROW:  Making left turn,None Indicated,,Daylight,Wet,Cloudy,None apparent,Intersection:  Four-way intersection,Paved,,Possible/Unknown,0,1,0,0,0,1,4000,2,2,,POINT (-93.736462570448 41.66303104063)
2014785424,2014-1328,02/07/2014,02-February,6-Friday,20:43,2000 Hours,District 2 (Northeast),FOREST CITY,WINNEBAGO,,S BEST ST,Collision with:  Parked motor vehicle,On Roadway,Rear-end (front to rear),FTYROW:  Other (explain in narrative),None Indicated,,Dark - roadway lighted,Snow,Clear,None apparent,Non-intersection:  Non-junction/no special feature,Paved,,Property Damage Only,0,0,0,0,0,0,3000,2,1,,POINT (-93.646542482522 43.264584071999)
2014784187,2014-0471,02/07/2014,02-February,6-Friday,21:34,2100 Hours,District 4 (Southwest),WAUKEE,DALLAS,US 6,US 6/HICKMAN AVE & ALICES RD,Collision with:  Vehicle in traffic,On Roadway,"Angle, oncoming left turn",Ran Traffic Signal,None Indicated,,Dark - roadway lighted,Wet,Snow,None apparent,Intersection:  Four-way intersection,Paved,,Property Damage Only,0,0,0,0,0,0,12000,2,3,,POINT (-93.852928397525 41.615001433703)
2014794340,14-0827PD,02/07/2014,02-February,6-Friday,16:27,1600 Hours,District 1 (Central),BOONE,BOONE,,W 6TH ST & WEBSTER ST,Collision with:  Vehicle in traffic,On Roadway,Broadside (front to side),FTYROW:  At uncontrolled intersection,None Indicated,,Daylight,Snow,Clear,"Surface condition (e.g., wet, icy)",Intersection:  Four-way intersection,Paved,,Property Damage Only,0,0,0,0,0,0,2000,2,2,,POINT (-93.909480724302 42.062169597423)
2014785209,,02/07/2014,02-February,6-Friday,18:14,1800 Hours,District 5 (Southeast),,LUCAS,US 34,US 34,Collision with:  Animal,On Roadway,Non-collision (single vehicle),Animal,None Indicated,,Dark - roadway not lighted,Dry,Clear,None apparent,Non-intersection:  Non-junction/no special feature,Paved,,Property Damage Only,0,0,0,0,0,0,2000,1,2,,POINT (-93.393731030552 41.02281138717)
2014787305,14-001036,02/07/2014,02-February,6-Friday,08:30,0800 Hours,District 6 (East Central),DELHI,DELAWARE,,HARTWICK RD & 6TH ST,Collision with fixed object:  Other fixed object (explain in narrative),Roadside,Non-collision (single vehicle),Ran Stop Sign,None Indicated,,Daylight,Dry,Clear,None apparent,Intersection:  T-intersection,Paved,,Property Damage Only,0,0,0,0,0,0,3500,1,1,,POINT (-91.336838524592 42.426151811414)
2014784512,14-005091,02/07/2014,02-February,6-Friday,16:03,1600 Hours,District 4 (Southwest),COUNCIL BLUFFS,POTTAWATTAMIE,US 6,US 6/W BROADWAY & S 35TH ST & N 35TH ST,Collision with:  Vehicle in traffic,On Roadway,Rear-end (front to rear),Followed too close,None Indicated,,Daylight,Slush,Cloudy,None apparent,Intersection:  Four-way intersection,Paved,,Property Damage Only,0,0,0,0,0,0,1800,3,3,,POINT (-95.902086732911 41.261895236092)
2014785477,14-001020,02/07/2014,02-February,6-Friday,17:33,1700 Hours,District 4 (Southwest),ATLANTIC,CASS,US 6,US 6/7TH ST,Collision with:  Vehicle in traffic,On Roadway,Rear-end (front to rear),Followed too close,None Indicated,,Dusk,"Mud, dirt",Clear,None apparent,Non-intersection:  Non-junction/no special feature,Paved,,Property Damage Only,0,0,0,0,0,0,13000,2,4,,POINT (-95.027866026914 41.401894402931)
2014784334,14002620,02/07/2014,02-February,6-Friday,15:01,1500 Hours,District 6 (East Central),MARION,LINN,,PENNINGTON DR,Collision with:  Vehicle in traffic,On Roadway,"Sideswipe, opposite direction",Lost Control,None Indicated,,Daylight,Snow,Cloudy,None apparent,Non-intersection:  Non-junction/no special feature,Paved,,Property Damage Only,0,0,0,0,0,0,1600,2,2,,POINT (-91.58345299486 42.026841437013)
2014784490,14-0664,02/07/2014,02-February,6-Friday,16:40,1600 Hours,District 1 (Central),WEST DES MOINES,POLK,,ASPEN DR,Collision with:  Parked motor vehicle,On Roadway,"Sideswipe, same direction",Other (explain in narrative):  Other,None Indicated,,Daylight,Snow,Clear,"Surface condition (e.g., wet, icy)",Non-intersection:  Non-junction/no special feature,Paved,,Property Damage Only,0,0,0,0,0,0,1500,2,3,,POINT (-93.784046781732 41.580363801428)
2014784229,02-14-2318,02/07/2014,02-February,6-Friday,15:57,1500 Hours,District 6 (East Central),,DUBUQUE,US 20,US 20,Collision with:  Vehicle in traffic,On Roadway,Broadside (front to side),FTYROW:  From stop sign,None Indicated,,Daylight,Dry,Clear,None apparent,Intersection:  Four-way intersection,Paved,,Possible/Unknown,0,1,0,0,1,0,2000,2,3,,POINT (-90.778604220094 42.446560761448)
2014784010,14-0381,02/07/2014,02-February,6-Friday,08:20,0800 Hours,District 1 (Central),FORT DODGE,WEBSTER,,15TH AVE N & N 29TH ST,Collision with:  Vehicle in traffic,On Roadway,Rear-end (front to rear),Followed too close,None Indicated,,Daylight,Snow,Clear,None apparent,Non-intersection:  Non-junction/no special feature,Paved,,Property Damage Only,0,0,0,0,0,0,1700,2,2,,POINT (-94.157885089435 42.520122399466)
2014784413,20140003502,02/07/2014,02-February,6-Friday,19:10,1900 Hours,District 1 (Central),DES MOINES,POLK,US 69,US 69/SE 14TH ST,Collision with:  Vehicle in traffic,On Roadway,Rear-end (front to rear),Followed too close,None Indicated,,Dark - roadway lighted,Dry,Clear,None apparent,Non-intersection:  Non-junction/no special feature,Paved,,Property Damage Only,0,0,0,0,0,0,3000,3,5,,POINT (-93.596784922857 41.526660816886)
2014785001,2014001410,02/07/2014,02-February,6-Friday,16:20,1600 Hours,District 6 (East Central),IOWA CITY,JOHNSON,,Co Rd W66/DUBUQUE ST,Collision with:  Vehicle in traffic,On Roadway,Rear-end (front to rear),Driving too fast for conditions,None Indicated,,Daylight,Snow,Clear,None apparent,Non-intersection:  Other non-intersection (explain in narrative),Paved,,Property Damage Only,0,0,0,0,0,0,7000,2,3,,POINT (-91.540085262461 41.686948477451)
2014785645,2014-8384,02/07/2014,02-February,6-Friday,03:16,0300 Hours,District 6 (East Central),DAVENPORT,SCOTT,,E 2ND ST & LE CLAIRE ST,Collision with fixed object:  Bridge overhead structure,Outside trafficway,Non-collision (single vehicle),Ran off road - straight,Alcohol (Statutory),,Dark - roadway lighted,Dry,Clear,None apparent,Non-intersection:  Other non-intersection (explain in narrative),Paved,,Possible/Unknown,0,1,0,0,1,0,5000,1,1,,POINT (-90.568220581676 41.521307085969)
2014783885,14-830,02/07/2014,02-February,6-Friday,03:01,0300 Hours,District 1 (Central),,POLK,I-35,I-35,Collision with fixed object:  Utility pole/light support,On Roadway,Non-collision (single vehicle),Ran off road - right,None Indicated,,Dark - roadway lighted,Dry,Clear,None apparent,Intersection:  Intersection with ramp,Paved,,Minor Injury,0,1,0,1,0,0,11000,1,3,,POINT (-93.614237372344 41.649490910437)
2014784228,01-14-5573,02/07/2014,02-February,6-Friday,22:48,2200 Hours,District 6 (East Central),DUBUQUE,DUBUQUE,,LORAS BLVD,Collision with:  Parked motor vehicle,On Roadway,Rear-end (front to rear),Lost Control,None Indicated,,Dark - roadway lighted,Dry,Clear,None apparent,Non-intersection:  Non-junction/no special feature,Paved,,Property Damage Only,0,0,0,0,0,0,9000,4,1,,POINT (-90.679686204623 42.502909148426)
2014783924,14-0657,02/07/2014,02-February,6-Friday,06:55,0600 Hours,District 4 (Southwest),WEST DES MOINES,DALLAS,,81ST ST,Collision with fixed object:  Utility pole/light support,Outside trafficway,Non-collision (single vehicle),Driving too fast for conditions,None Indicated,,Dawn,Snow,Cloudy,None apparent,Non-intersection:  Non-junction/no special feature,Paved,,Property Damage Only,0,0,0,0,0,0,3500,1,1,,POINT (-93.818766789724 41.573978860891)
2014784336,14002632,02/07/2014,02-February,6-Friday,15:49,1500 Hours,District 6 (East Central),MARION,LINN,,NEWCASTLE RD & BOYSON RD,Collision with:  Vehicle in traffic,On Roadway,Rear-end (front to rear),Followed too close,None Indicated,,Daylight,Snow,Cloudy,None apparent,Intersection:  T-intersection,Paved,,Property Damage Only,0,0,0,0,0,0,12500,2,4,,POINT (-91.618068203617 42.043772099288)
2014784119,W14-012785,02/07/2014,02-February,6-Friday,18:27,1800 Hours,District 2 (Northeast),WATERLOO,BLACK HAWK,,PLYMOUTH AVE & LA PORTE RD,Collision with:  Vehicle in traffic,On Roadway,Broadside (front to side),FTYROW:  From stop sign,None Indicated,,Dark - roadway lighted,Wet,Cloudy,None apparent,Intersection:  Four-way intersection,Paved,,Property Damage Only,0,0,0,0,0,0,6000,2,2,,POINT (-92.322744124931 42.470233172886)
2014785228,,02/07/2014,02-February,6-Friday,22:21,2200 Hours,District 2 (Northeast),DENVER,BREMER,US 63,US 63,Collision with:  Animal,On Roadway,Non-collision (single vehicle),Animal,None Indicated,,,,,,,Paved,,Property Damage Only,0,0,0,0,0,0,8500,1,1,,POINT (-92.340543678638 42.679296461721)
2014784839,14-3774,02/07/2014,02-February,6-Friday,12:00,1200 Hours,District 3 (Northwest),SIOUX CITY,WOODBURY,US 20,US 20/RAMP & S LAKEPORT ST,Collision with:  Vehicle in traffic,On Roadway,Broadside (front to side),Ran Traffic Signal,None Indicated,,Daylight,Dry,Clear,None apparent,Intersection:  Intersection with ramp,Paved,,Possible/Unknown,0,3,0,0,3,0,6000,2,3,,POINT (-96.346897334425 42.445153691151)
2014784713,14002008,02/07/2014,02-February,6-Friday,23:30,2300 Hours,District 2 (Northeast),MASON CITY,CERRO GORDO,,3RD ST NE,Collision with:  Vehicle in traffic,On Roadway,Rear-end (front to rear),Improper Backing,None Indicated,,Dark - unknown roadway lighting,Snow,Unknown,None apparent,Non-intersection:  Non-junction/no special feature,Paved,,Property Damage Only,0,0,0,0,0,0,1800,2,1,,POINT (-93.190495537524 43.15457563261)
2014783778,W14-012571,02/07/2014,02-February,6-Friday,02:50,0200 Hours,District 2 (Northeast),WATERLOO,BLACK HAWK,US 218,US 218 & W 9TH ST,Collision with:  Vehicle in traffic,On Roadway,"Sideswipe, same direction",Driving too fast for conditions,None Indicated,,Dark - roadway lighted,Snow,Clear,"Surface condition (e.g., wet, icy)",Intersection:  T-intersection,Paved,,Property Damage Only,0,0,0,0,0,0,4500,2,3,,POINT (-92.336893649388 42.48962446715)
2014784226,01-14-5539,02/07/2014,02-February,6-Friday,19:09,1900 Hours,District 6 (East Central),DUBUQUE,DUBUQUE,,JOHN F KENNEDY RD,Collision with:  Vehicle in traffic,On Roadway,"Angle, oncoming left turn",FTYROW:  Making left turn,None Indicated,,Dark - roadway lighted,Ice/frost,Clear,"Surface condition (e.g., wet, icy)",Intersection:  Other intersection (explain in narrative),Paved,,Possible/Unknown,0,2,0,0,2,0,6500,2,4,,POINT (-90.720511682288 42.511428333454)
2014784329,201401867,02/07/2014,02-February,6-Friday,15:16,1500 Hours,District 6 (East Central),CEDAR RAPIDS,LINN,,42ND ST NE,Collision with:  Vehicle in traffic,On Roadway,Rear-end (front to rear),Other (explain in narrative):  Other,None Indicated,,Daylight,Snow,Clear,None apparent,Non-intersection:  Non-junction/no special feature,Paved,,Property Damage Only,0,0,0,0,0,0,2900,3,3,,POINT (-91.66466664548 42.0214746622)
2014784290,2014001398,02/07/2014,02-February,6-Friday,08:04,0800 Hours,District 6 (East Central),IOWA CITY,JOHNSON,,MELROSE AVE,Collision with:  Vehicle in traffic,On Roadway,Rear-end (front to rear),Followed too close,None Indicated,,Daylight,Dry,Clear,None apparent,Non-intersection:  Non-junction/no special feature,Paved,,Property Damage Only,0,0,0,0,0,0,4800,2,2,,POINT (-91.573215659225 41.656876431726)
2014783865,14-0555,02/07/2014,02-February,6-Friday,15:13,1500 Hours,District 6 (East Central),HIAWATHA,LINN,,18TH AVE & BOYSON RD,Collision with:  Vehicle in traffic,On Roadway,Broadside (front to side),Ran Stop Sign,None Indicated,,Daylight,Snow,Snow,"Surface condition (e.g., wet, icy)",Intersection:  Four-way intersection,Paved,,Property Damage Only,0,0,0,0,0,0,2500,2,2,,POINT (-91.697296377876 42.044257527853)
2014787355,14-3183,02/07/2014,02-February,6-Friday,22:45,2200 Hours,District 1 (Central),NEWTON,JASPER,US 6,US 6/1ST AVE E & E 4TH ST S & E 4TH ST N,Collision with:  Vehicle in traffic,On Roadway,Broadside (front to side),Ran Traffic Signal,None Indicated,,Dark - roadway lighted,Snow,Snow,None apparent,Intersection:  Four-way intersection,Paved,,Property Damage Only,0,0,0,0,0,0,20000,2,3,,POINT (-93.049780039156 41.699561906082)
2014785300,2014001421,02/07/2014,02-February,6-Friday,19:29,1900 Hours,District 6 (East Central),IOWA CITY,JOHNSON,,SYCAMORE ST,Collision with:  Vehicle in traffic,On Roadway,Head-on (front to front),Crossed centerline (undivided),Refused,,Dark - roadway lighted,Dry,Cloudy,None apparent,Non-intersection:  Non-junction/no special feature,Paved,,Property Damage Only,0,0,0,0,0,0,16000,2,2,,POINT (-91.511617641226 41.642746984252)
2014784183,140929,02/07/2014,02-February,6-Friday,07:31,0700 Hours,District 4 (Southwest),,DALLAS,US 169,US 169/N AVE,Collision with:  Vehicle in traffic,On Roadway,Rear-end (front to rear),Driving too fast for conditions,None Indicated,,Daylight,Ice/frost,Clear,None apparent,Non-intersection:  Non-junction/no special feature,Paved,,Minor Injury,0,3,0,2,0,1,21000,3,4,,POINT (-94.017538267678 41.62392128797)
2014784809,14-000158,02/07/2014,02-February,6-Friday,22:32,2200 Hours,District 1 (Central),JOHNSTON,POLK,,NW 86TH ST,Collision with:  Vehicle in traffic,On Roadway,Head-on (front to front),Traveling wrong way or on wrong side of road,Alcohol (Statutory),,Dark - roadway lighted,Dry,Snow,None apparent,Non-intersection:  Non-junction/no special feature,Paved,,Minor Injury,0,1,0,1,0,0,4000,2,5,,POINT (-93.736441867088 41.654888740111)
2014796136,AC14-008,02/07/2014,02-February,6-Friday,13:00,1300 Hours,District 4 (Southwest),HARLAN,SHELBY,,MARKET ST & 8TH ST,Collision with:  Vehicle in traffic,On Roadway,Broadside (front to side),Ran Stop Sign,None Indicated,,Daylight,Wet,Unknown,None apparent,Intersection:  Four-way intersection,Paved,,Property Damage Only,0,0,0,0,0,0,10176,2,2,,POINT (-95.320182526865 41.65856617913)
2014800077,1400869,02/07/2014,02-February,6-Friday,16:32,1600 Hours,District 5 (Southeast),WASHINGTON,WASHINGTON,IA 92,IA 92/W MADISON ST & S MARION AVE,Collision with:  Vehicle in traffic,On Roadway,Broadside (front to side),FTYROW:  From driveway,None Indicated,,Daylight,Snow,Cloudy,None apparent,Non-intersection:  Driveway access (within),Paved,,Property Damage Only,0,0,0,0,0,0,1800,2,2,,POINT (-91.693094669876 41.296474101564)
2014784867,,02/07/2014,02-February,6-Friday,11:25,1100 Hours,District 6 (East Central),CAMANCHE,CLINTON,,7TH ST,Collision with:  Vehicle in traffic,On Roadway,Rear-end (front to rear),Other (explain in narrative):  No improper action,None Indicated,,Daylight,Snow,Clear,None apparent,Non-intersection:  Driveway access (within),Paved,,Possible/Unknown,0,1,0,0,1,0,2000,2,2,,POINT (-90.252233203663 41.788626369408)
2014783906,20140003431,02/07/2014,02-February,6-Friday,04:45,0400 Hours,District 1 (Central),DES MOINES,POLK,,E 42ND ST,Collision with:  Parked motor vehicle,On Roadway,Rear-end (front to rear),Unknown,None Indicated,,Dark - roadway lighted,Wet,Cloudy,None apparent,Non-intersection:  Non-junction/no special feature,Paved,,Property Damage Only,0,0,0,0,0,0,6500,2,1,,POINT (-93.532101703964 41.628292236402)
2014784407,20140003474,02/07/2014,02-February,6-Friday,14:54,1400 Hours,District 1 (Central),DES MOINES,POLK,,BELL AVE,Collision with:  Vehicle in traffic,On Roadway,Rear-end (front to rear),Driving too fast for conditions,None Indicated,,Daylight,Snow,Cloudy,"Surface condition (e.g., wet, icy)",Non-intersection:  Non-junction/no special feature,Paved,,Possible/Unknown,0,2,0,0,2,0,6000,2,4,,POINT (-93.622882408498 41.562002256828)
2014784241,32013-14,02/07/2014,02-February,6-Friday,17:00,1700 Hours,District 3 (Northwest),,EMMET,IA 15,IA 15/IOWA 15,Collision with fixed object:  Traffic sign support,Outside trafficway,Non-collision (single vehicle),Ran off road - right,None Indicated,,Daylight,Dry,Clear,None apparent,Non-intersection:  Non-junction/no special feature,Paved,,Property Damage Only,0,0,0,0,0,0,4150,1,1,,POINT (-94.449787337963 43.494190112903)
2014789399,140572,02/07/2014,02-February,6-Friday,11:37,1100 Hours,District 1 (Central),IOWA FALLS,HARDIN,,PIERCE ST & DEPOT ST,Collision with fixed object:  Traffic sign support,On Roadway,Non-collision (single vehicle),Driving too fast for conditions,None Indicated,,Daylight,Ice/frost,Clear,"Surface condition (e.g., wet, icy)",Intersection:  T-intersection,Paved,,Property Damage Only,0,0,0,0,0,0,2150,1,2,,POINT (-93.256387841964 42.5250279552)
2014785032,14-000510,02/07/2014,02-February,6-Friday,07:50,0700 Hours,District 3 (Northwest),ROCK RAPIDS,LYON,IA 9,IA 9/1ST AVE & S STORY ST & N STORY ST,Collision with:  Vehicle in traffic,On Roadway,"Angle, oncoming left turn",Made improper turn,None Indicated,,Daylight,Wet,Clear,None apparent,Intersection:  Four-way intersection,Paved,,Property Damage Only,0,0,0,0,0,0,5500,2,2,,POINT (-96.168072580012 43.431831600019)
2014784357,2014001110,02/07/2014,02-February,6-Friday,07:03,0700 Hours,District 1 (Central),MARSHALLTOWN,MARSHALL,,WESTWOOD DR & S 6TH ST,Collision with:  Vehicle in traffic,On Roadway,"Angle, oncoming left turn",Unknown,None Indicated,,Dawn,Dry,Cloudy,None apparent,Intersection:  Four-way intersection,Paved,,Property Damage Only,0,0,0,0,0,0,2700,2,2,,POINT (-92.922031877638 42.021110106122)
2014785745,14012666,02/07/2014,02-February,6-Friday,12:48,1200 Hours,District 2 (Northeast),CEDAR FALLS,BLACK HAWK,,IDAHO RD & BOULDER DR,Collision with:  Vehicle in traffic,On Roadway,Broadside (front to side),FTYROW:  From stop sign,None Indicated,,Daylight,Wet,Clear,None apparent,Intersection:  Four-way intersection,Paved,,Property Damage Only,0,0,0,0,0,0,5500,2,2,,POINT (-92.438504890729 42.512168595216)
2014784509,14-005069,02/07/2014,02-February,6-Friday,13:00,1300 Hours,District 4 (Southwest),COUNCIL BLUFFS,POTTAWATTAMIE,,7TH AVE & S 24TH ST,Collision with:  Vehicle in traffic,On Roadway,Broadside (front to side),Unknown,None Indicated,,Daylight,Snow,Cloudy,None apparent,Non-intersection:  Non-junction/no special feature,Paved,,Property Damage Only,0,0,0,0,0,0,6000,2,2,,POINT (-95.87956368841 41.255373244729)
2014784603,14-3751,02/07/2014,02-February,6-Friday,06:43,0600 Hours,District 3 (Northwest),SIOUX CITY,WOODBURY,,MORNINGSIDE AVE & S GLASS ST,Collision with:  Vehicle in traffic,On Roadway,Broadside (front to side),FTYROW:  From stop sign,None Indicated,,Dark - roadway lighted,Dry,Clear,None apparent,Intersection:  Four-way intersection,Paved,,Property Damage Only,0,0,0,0,0,0,5000,2,2,,POINT (-96.362871162681 42.479623287353)
2014787354,14-3120,02/07/2014,02-February,6-Friday,08:05,0800 Hours,District 1 (Central),NEWTON,JASPER,,S 8TH AVE E & S 7TH AVE E & E 20TH ST S & E 21ST ST S,Collision with:  Vehicle in traffic,On Roadway,"Sideswipe, opposite direction",Driving too fast for conditions,None Indicated,,Daylight,Snow,Clear,"Surface condition (e.g., wet, icy)",Intersection:  Four-way intersection,Paved,,Property Damage Only,0,0,0,0,0,0,4000,2,2,,POINT (-93.027855902937 41.693417432274)
2014783821,14-4278,02/07/2014,02-February,6-Friday,16:00,1600 Hours,District 5 (Southeast),BURLINGTON,DES MOINES,US 61,US 61 & MASON RD,Collision with:  Parked motor vehicle,Outside trafficway,Rear-end (front to rear),FTYROW:  From parked position,None Indicated,,Daylight,Snow,Clear,None apparent,Non-intersection:  Driveway access (within),Paved,,Property Damage Only,0,0,0,0,0,0,2500,2,2,,POINT (-91.141167881969 40.79757765241)
2014787353,14-3118,02/07/2014,02-February,6-Friday,07:45,0700 Hours,District 1 (Central),NEWTON,JASPER,,N 4TH AVE E & E 2ND ST N,Collision with:  Vehicle in traffic,On Roadway,"Sideswipe, opposite direction",FTYROW:  At uncontrolled intersection,None Indicated,,Daylight,Snow,Clear,None apparent,Intersection:  Four-way intersection,Paved,,Property Damage Only,0,0,0,0,0,0,4000,2,2,,POINT (-93.05233022323 41.702389015084)
2014784748,015-14,02/07/2014,02-February,6-Friday,14:45,1400 Hours,District 4 (Southwest),,MADISON,,HOGBACK BRIDGE RD,Collision with:  Vehicle in traffic,On Roadway,Rear-end (front to rear),Illegally Parked/Unattended,None Indicated,,Daylight,Snow,Clear,"Surface condition (e.g., wet, icy)",Non-intersection:  Non-junction/no special feature,Unpaved,,Property Damage Only,0,0,0,0,0,0,15000,2,2,,POINT (-94.05133160677 41.432294729861)
2014784462,20140003500,02/07/2014,02-February,6-Friday,19:03,1900 Hours,District 1 (Central),DES MOINES,POLK,,FLEUR DR,Collision with fixed object:  Tree,On Roadway,Non-collision (single vehicle),Swerving/Evasive Action,Drug/Alcohol (Statutory),,Dark - roadway lighted,Dry,Cloudy,None apparent,Non-intersection:  Non-junction/no special feature,Paved,,Major Injury,0,1,1,0,0,0,3500,1,1,,POINT (-93.64491098539 41.573851486946)
2014785107,2014-8483,02/07/2014,02-February,6-Friday,15:48,1500 Hours,District 6 (East Central),DAVENPORT,SCOTT,US 6,US 6/W KIMBERLY RD,Collision with:  Vehicle in traffic,On Roadway,Rear-end (front to rear),Other (explain in narrative):  Other,None Indicated,,Daylight,Dry,Clear,None apparent,Non-intersection:  Non-junction/no special feature,Paved,,Minor Injury,0,1,0,1,0,0,9500,3,4,,POINT (-90.602946162479 41.560025646318)