Iowa DOT Case Number,Law Enforcement Case Number,Date of Crash,Month of Crash,Day of Week,Time of Crash,Hour,DOT District,City Name,County Name,Route with System,Location Description,First Harmful Event,Location of First Harmful Event,Manner of Crash/Collision,Major Cause,Drug or Alcohol ,Environmental Conditions,Light Conditions,Surface Conditions,Weather Conditions,Roadway Contribution,Roadway Type,Roadway Surface,Work Zone,Crash Severity,Number of Fatalities,Number of Injuries,Number of Major Injuries,Number of Minor Injuries,Number of Possible Injuries,Number of Unknown Injuries,Amount of Property Damage,Number of Vehicles Involved,Total Number of Occupants,Travel Direction,Location
2014786526,,02/07/2014,02-February,6-Friday,10:01,1000 Hours,District 5 (Southeast),FORT MADISON,LEE,,AVE L,Collision with:  Vehicle in traffic,On Roadway,Head-on (front to front),Driving too fast for conditions,None Indicated,,Daylight,Snow,Clear,"Surface condition (e.g., wet, icy)",Non-intersection:  Non-junction/no special feature,Paved,,Major Injury,0,1,1,0,0,0,3000,3,4,,POINT (-91.363622023431 40.626370242023)
2014784339,14002703,02/08/2014,02-February,7-Saturday,17:27,1700 Hours,District 6 (East Central),MARION,LINN,,7TH AVE,Collision with:  Vehicle in traffic,On Roadway,Broadside (front to side),FTYROW:  Other (explain in narrative),None Indicated,,Dark - roadway lighted,Snow,Cloudy,None apparent,Non-intersection:  Non-junction/no special feature,Paved,,Property Damage Only,0,0,0,0,0,0,12500,2,5,,POINT (-91.577033144437 42.035218953707)
2014784349,14003062,02/08/2014,02-February,7-Saturday,14:24,1400 Hours,District 5 (Southeast),OSKALOOSA,MAHASKA,,N 4TH ST,Collision with:  Parked motor vehicle,On Roadway,Unknown,Unknown,None Indicated,,Daylight,Snow,Snow,None apparent,Non-intersection:  Non-junction/no special feature,Paved,,Property Damage Only,0,0,0,0,0,0,1500,2,1,,POINT (-92.640359198788 41.303935077442)
2014784556,2014-8666,02/08/2014,02-February,7-Saturday,10:23,1000 Hours,District 6 (East Central),DAVENPORT,SCOTT,,KIRKWOOD BLVD & ARLINGTON AVE,Collision with:  Vehicle in traffic,On Roadway,Broadside (front to side),FTYROW:  From stop sign,None Indicated,,Daylight,Snow,Snow,None apparent,Intersection:  Four-way intersection,Paved,,Property Damage Only,0,0,0,0,0,0,7500,2,3,,POINT (-90.562496223789 41.53619951785)
2014784383,14-000612,02/08/2014,02-February,7-Saturday,08:28,0800 Hours,District 1 (Central),ANKENY,POLK,I-35,I-35,Collision with:  Vehicle in traffic,On Roadway,"Sideswipe, same direction",Driving too fast for conditions,None Indicated,,Daylight,Snow,Snow,None apparent,Interchange-related:  Off-ramp,Paved,,Property Damage Only,0,0,0,0,0,0,6000,2,3,,POINT (-93.576551233532 41.728669410628)
2014787568,14-000618,02/08/2014,02-February,7-Saturday,13:30,1300 Hours,District 1 (Central),AMES,STORY,,S DAYTON AVE & S DAYTON PL,Collision with:  Vehicle in traffic,On Roadway,Head-on (front to front),Lost Control,None Indicated,,Daylight,Snow,Snow,"Surface condition (e.g., wet, icy)",Intersection:  T-intersection,Paved,,Property Damage Only,0,0,0,0,0,0,2999,2,2,,POINT (-93.582029998914 42.013815687261)
2014786822,14018694,02/08/2014,02-February,7-Saturday,10:30,1000 Hours,District 6 (East Central),,JOHNSON,I-80,I-80,Collision with:  Vehicle in traffic,On Roadway,"Sideswipe, same direction",Unknown,None Indicated,,Daylight,Snow,Snow,None apparent,Non-intersection:  Non-junction/no special feature,Paved,,Property Damage Only,0,0,0,0,0,0,4000,2,2,,POINT (-91.394693714474 41.666806536135)
2014784828,14-2447,02/08/2014,02-February,7-Saturday,22:51,2200 Hours,District 6 (East Central),BETTENDORF,SCOTT,,LINCOLN RD & LINCOLN CT,Collision with:  Vehicle in traffic,On Roadway,Broadside (front to side),Improper Backing,None Indicated,,Dark - roadway not lighted,Wet,Cloudy,None apparent,Non-intersection:  Non-junction/no special feature,Paved,,Property Damage Only,0,0,0,0,0,0,2200,2,3,,POINT (-90.504313722874 41.53679710976)
2014784279,C14000423,02/08/2014,02-February,7-Saturday,09:45,0900 Hours,District 6 (East Central),CORALVILLE,JOHNSON,I-80,I-80,Collision with:  Vehicle in traffic,On Roadway,"Sideswipe, same direction",Unknown,None Indicated,,Daylight,Snow,Snow,"Surface condition (e.g., wet, icy)",Non-intersection:  Non-junction/no special feature,Paved,,Property Damage Only,0,0,0,0,0,0,2500,2,3,,POINT (-91.595759403246 41.692749224608)
2014784102,14013123,02/08/2014,02-February,7-Saturday,12:47,1200 Hours,District 2 (Northeast),CEDAR FALLS,BLACK HAWK,,UNIVERSITY AVE,Collision with:  Vehicle in traffic,On Roadway,Rear-end (front to rear),Driving too fast for conditions,None Indicated,,Daylight,Snow,Clear,"Surface condition (e.g., wet, icy)",Non-intersection:  Non-junction/no special feature,Paved,,Property Damage Only,0,0,0,0,0,0,2500,2,3,,POINT (-92.437328116347 42.513081417747)
2014784235,01-14-5672,02/08/2014,02-February,7-Saturday,16:42,1600 Hours,District 6 (East Central),DUBUQUE,DUBUQUE,,W 10TH ST & LOCUST ST S,Collision with:  Vehicle in traffic,On Roadway,Broadside (front to side),Ran Traffic Signal,None Indicated,,Daylight,Snow,Cloudy,None apparent,Intersection:  Four-way intersection,Paved,,Possible/Unknown,0,1,0,0,1,0,15608,2,3,,POINT (-90.669163717464 42.502128185375)
2014785243,14-001052,02/08/2014,02-February,7-Saturday,21:10,2100 Hours,District 4 (Southwest),,CASS,,Co Rd N16/OLIVE ST,Collision with fixed object:  Ditch,Outside trafficway,Non-collision (single vehicle),Crossed centerline (undivided),None Indicated,,Dark - roadway not lighted,Snow,Snow,"Surface condition (e.g., wet, icy)",Non-intersection:  Non-junction/no special feature,Paved,,Possible/Unknown,0,1,0,0,1,0,4500,1,1,,POINT (-95.003595537683 41.443183967167)
2014784402,20140003593,02/08/2014,02-February,7-Saturday,15:51,1500 Hours,District 1 (Central),DES MOINES,POLK,,LOCUST ST & 9TH ST,Collision with:  Vehicle in traffic,On Roadway,Rear-end (front to rear),Followed too close,None Indicated,,Daylight,Slush,Cloudy,None apparent,Non-intersection:  Non-junction/no special feature,Paved,,Property Damage Only,0,0,0,0,0,0,2250,2,3,,POINT (-93.628644256696 41.586056344508)
2014784105,W14-013060,02/08/2014,02-February,7-Saturday,09:53,0900 Hours,District 2 (Northeast),WATERLOO,BLACK HAWK,US 20,US 20,Collision with:  Vehicle in traffic,On Roadway,"Sideswipe, same direction",Other (explain in narrative):  Vision obstructed,None Indicated,,Daylight,Snow,Snow,None apparent,Non-intersection:  Non-junction/no special feature,Paved,,Property Damage Only,0,0,0,0,0,0,6000,2,2,,POINT (-92.368699708819 42.453519408016)
2014784658,2014009185,02/08/2014,02-February,7-Saturday,08:05,0800 Hours,District 3 (Northwest),,SAC,US 20,US 20/220TH ST,Collision with fixed object:  Ditch,Outside trafficway,Non-collision (single vehicle),Ran off road - left,None Indicated,,Daylight,Dry,Snow,None apparent,Non-intersection:  Non-junction/no special feature,Paved,,Possible/Unknown,0,1,0,0,1,0,1500,1,1,,POINT (-95.309504564416 42.474752070341)
2014784341,14002707,02/08/2014,02-February,7-Saturday,18:29,1800 Hours,District 6 (East Central),MARION,LINN,,29TH AVE & 35TH ST,Collision with:  Vehicle in traffic,On Roadway,Broadside (front to side),Ran Stop Sign,None Indicated,,Dark - roadway lighted,Snow,Cloudy,None apparent,Intersection:  Four-way intersection,Paved,,Possible/Unknown,0,1,0,0,1,0,16000,4,6,,POINT (-91.574495059997 42.050399108057)
2014784981,P14-001627,02/08/2014,02-February,7-Saturday,23:42,2300 Hours,District 1 (Central),WEBSTER CITY,HAMILTON,,ALDRICH DR,Collision with fixed object:  Traffic sign support,Outside trafficway,Non-collision (single vehicle),Ran off road - right,None Indicated,,Dark - unknown roadway lighting,Snow,Clear,None apparent,Non-intersection:  Non-junction/no special feature,Unpaved,,Property Damage Only,0,0,0,0,0,0,6700,1,1,,POINT (-93.820776409948 42.445285609564)
2014784538,2014-8613,02/08/2014,02-February,7-Saturday,02:07,0200 Hours,District 6 (East Central),DAVENPORT,SCOTT,,DIXWELL ST & CLAUSSEN AVE,Collision with:  Parked motor vehicle,On Roadway,Broadside (front to side),Lost Control,Alcohol (Statutory),,Dark - roadway lighted,Snow,Clear,None apparent,Non-intersection:  Non-junction/no special feature,Paved,,Property Damage Only,0,0,0,0,0,0,2000,3,1,,POINT (-90.606041190335 41.518732629427)
2014784295,2014001453,02/08/2014,02-February,7-Saturday,07:39,0700 Hours,District 6 (East Central),IOWA CITY,JOHNSON,US 6,US 6/RIVERSIDE DR & N RIVERSIDE DR,Collision with fixed object:  Utility pole/light support,Roadside,Non-collision (single vehicle),Driving too fast for conditions,Alcohol (Statutory),,Daylight,Snow,Snow,"Surface condition (e.g., wet, icy)",Non-intersection:  Non-junction/no special feature,Paved,,Property Damage Only,0,0,0,0,0,0,3450,1,1,,POINT (-91.542019989264 41.662456434065)
2014784373,14-859,02/08/2014,02-February,7-Saturday,08:50,0800 Hours,District 1 (Central),GRIMES,POLK,IA 17,IA 17,Collision with fixed object:  Utility pole/light support,On Roadway,Non-collision (single vehicle),Ran off road - right,None Indicated,,Daylight,Ice/frost,Snow,None apparent,Non-intersection:  Non-junction/no special feature,Paved,,Property Damage Only,0,0,0,0,0,0,3000,1,1,,POINT (-93.814760568942 41.771172204442)
2014784126,14-2249,02/08/2014,02-February,7-Saturday,19:36,1900 Hours,District 2 (Northeast),,BREMER,US 218,US 218,Non-collision events:  Other non-collision (explain in narrative),Shoulder,Non-collision (single vehicle),Ran off road - right,None Indicated,,Dark - roadway not lighted,Snow,Cloudy,"Surface condition (e.g., wet, icy)",Non-intersection:  Non-junction/no special feature,Paved,,Property Damage Only,0,0,0,0,0,0,1500,1,1,,POINT (-92.54699819324 42.890431154094)
2014791184,,02/08/2014,02-February,7-Saturday,10:22,1000 Hours,District 2 (Northeast),,HANCOCK,,WOOD AVE & 270TH ST,Collision with:  Vehicle in traffic,On Roadway,"Sideswipe, same direction",Ran Stop Sign,None Indicated,,Daylight,Snow,Clear,"Surface condition (e.g., wet, icy)",Intersection:  T-intersection,Unpaved,,Property Damage Only,0,0,0,0,0,0,2000,2,2,,POINT (-93.527326887926 43.155554132246)
2014784519,14-005206,02/08/2014,02-February,7-Saturday,12:41,1200 Hours,District 4 (Southwest),COUNCIL BLUFFS,POTTAWATTAMIE,,ARENA WAY & 24TH AVE,Collision with:  Vehicle in traffic,On Roadway,Broadside (front to side),FTYROW:  From stop sign,None Indicated,,Daylight,Dry,Cloudy,None apparent,Non-intersection:  Driveway access (within),Paved,,Property Damage Only,0,0,0,0,0,0,9500,2,3,,POINT (-95.892825784961 41.238946201241)
2014785742,W-14-0196,02/08/2014,02-February,7-Saturday,10:58,1000 Hours,District 2 (Northeast),WAUKON,ALLAMAKEE,IA 9,IA 9/SPRING AVE,Collision with:  Vehicle in traffic,On Roadway,Rear-end (front to rear),Unknown,None Indicated,,Daylight,Dry,Clear,None apparent,Non-intersection:  Non-junction/no special feature,Paved,,Property Damage Only,0,0,0,0,0,0,2300,2,1,,POINT (-91.475820476762 43.268970299303)
2014786711,2014-8619,02/08/2014,02-February,7-Saturday,02:38,0200 Hours,District 6 (East Central),DAVENPORT,SCOTT,US 6,US 6/W KIMBERLY RD & N ELSIE AVE,Collision with:  Vehicle in traffic,On Roadway,Broadside (front to side),Made improper turn,None Indicated,,Dark - roadway lighted,Snow,Cloudy,None apparent,Non-intersection:  Driveway access (within),Paved,,Property Damage Only,0,0,0,0,0,0,7000,2,2,,POINT (-90.623912067019 41.560208864869)
2014784999,2014001473,02/08/2014,02-February,7-Saturday,18:03,1800 Hours,District 6 (East Central),IOWA CITY,JOHNSON,,RONALD ST & N DUBUQUE ST,Collision with:  Vehicle in traffic,On Roadway,Broadside (front to side),Lost Control,None Indicated,,Dusk,Snow,Snow,"Surface condition (e.g., wet, icy)",Intersection:  T-intersection,Paved,,Property Damage Only,0,0,0,0,0,0,4000,2,3,,POINT (-91.533005321905 41.669087836125)
2014785802,14-04361,02/08/2014,02-February,7-Saturday,11:01,1100 Hours,District 5 (Southeast),BURLINGTON,DES MOINES,US 61,US 61,Unknown,On Roadway,Non-collision (single vehicle),Swerving/Evasive Action,None Indicated,,Daylight,Snow,Clear,None apparent,Non-intersection:  Non-junction/no special feature,Paved,,Possible/Unknown,0,1,0,0,1,0,3000,1,1,,POINT (-91.156141508178 40.852684648528)
2014784314,14-003583,02/08/2014,02-February,7-Saturday,15:30,1500 Hours,District 5 (Southeast),,LEE,,BELFAST RD,Collision with fixed object:  Ditch,Roadside,Non-collision (single vehicle),Ran off road - left,None Indicated,,Daylight,Snow,Cloudy,"Surface condition (e.g., wet, icy)",Non-intersection:  Non-junction/no special feature,Unpaved,,Property Damage Only,0,0,0,0,0,0,5500,1,1,,POINT (-91.625422848582 40.546221067822)
2014784648,2014009192,02/08/2014,02-February,7-Saturday,08:15,0800 Hours,District 1 (Central),ELLSWORTH,HAMILTON,I-35,I-35 & IA 175/330TH ST,Collision with:  Vehicle in traffic,On Roadway,"Sideswipe, same direction",Swerving/Evasive Action,None Indicated,,Daylight,Ice/frost,Snow,None apparent,Interchange-related:  On-ramp merge area,Paved,,Possible/Unknown,0,1,0,0,1,0,25000,2,2,,POINT (-93.569381924777 42.310494826891)
2014786173,14001939,02/08/2014,02-February,7-Saturday,00:00,0000 Hours,District 2 (Northeast),MASON CITY,CERRO GORDO,,E STATE ST,Collision with:  Parked motor vehicle,Shoulder,Rear-end (front to rear),Lost Control,None Indicated,,Dark - roadway lighted,Dry,Clear,None apparent,Non-intersection:  Non-junction/no special feature,Paved,,Property Damage Only,0,0,0,0,0,0,8000,2,1,,POINT (-93.187227732556 43.151816539298)
2014784365,02-14-035,02/08/2014,02-February,7-Saturday,19:43,1900 Hours,District 3 (Northwest),LE MARS,PLYMOUTH,,5TH AVE SW & 2ND ST SW,Collision with:  Vehicle in traffic,On Roadway,"Sideswipe, opposite direction",FTYROW:  Making left turn,None Indicated,,Dark - roadway lighted,Wet,Clear,None apparent,Intersection:  T-intersection,Paved,,Property Damage Only,0,0,0,0,0,0,4000,2,2,,POINT (-96.173734335451 42.790599457566)
2014786035,2014-0046,02/08/2014,02-February,7-Saturday,09:26,0900 Hours,District 5 (Southeast),NORWALK,WARREN,IA 28,IA 28/IOWA 28,Collision with fixed object:  Guardrail - face,On Roadway,Non-collision (single vehicle),Driving too fast for conditions,None Indicated,,Daylight,Snow,Snow,"Surface condition (e.g., wet, icy)",Non-intersection:  Non-junction/no special feature,Paved,,Property Damage Only,0,0,0,0,0,0,2300,1,1,,POINT (-93.674812046729 41.509052414257)
2014785649,2014-8718,02/08/2014,02-February,7-Saturday,16:39,1600 Hours,District 6 (East Central),DAVENPORT,SCOTT,,W 13TH ST & N ZENITH AVE,Collision with:  Vehicle in traffic,On Roadway,Head-on (front to front),Driving too fast for conditions,None Indicated,,Dusk,Snow,Snow,"Surface condition (e.g., wet, icy)",Non-intersection:  Non-junction/no special feature,Paved,,Property Damage Only,0,0,0,0,0,0,13000,2,2,,POINT (-90.633070554722 41.533018267976)
2014789865,,02/08/2014,02-February,7-Saturday,08:16,0800 Hours,District 2 (Northeast),VENTURA,CERRO GORDO,US 18,US 18/HWY 18 E & MCINTOSH RD,Collision with:  Vehicle in traffic,On Roadway,Head-on (front to front),FTYROW:  Making left turn,None Indicated,,Daylight,Snow,Snow,None apparent,Intersection:  Four-way intersection,Paved,,Possible/Unknown,0,1,0,0,1,0,25000,2,2,,POINT (-93.457968904051 43.132512215669)
2014785230,14-13053,02/08/2014,02-February,7-Saturday,10:10,1000 Hours,District 2 (Northeast),,BLACK HAWK,US 218,US 218 & W MT VERNON RD,Collision with:  Vehicle in traffic,On Roadway,Rear-end (front to rear),Driving too fast for conditions,None Indicated,,Daylight,Ice/frost,Snow,"Surface condition (e.g., wet, icy)",Non-intersection:  Non-junction/no special feature,Paved,,Property Damage Only,0,0,0,0,0,0,6500,2,3,,POINT (-92.433758541269 42.584821764713)
2014784481,14-0675,02/08/2014,02-February,7-Saturday,02:46,0200 Hours,District 1 (Central),WEST DES MOINES,POLK,I-35,I-35,Collision with fixed object:  Concrete traffic barrier (median or right side),On Roadway,Non-collision (single vehicle),Driving too fast for conditions,Refused,,Dark - roadway lighted,Wet,Snow,"Surface condition (e.g., wet, icy)",Interchange-related:  On-ramp merge area,Paved,,Major Injury,0,2,1,1,0,0,15001,1,2,,POINT (-93.777244284864 41.593308324332)
2014784368,14-860,02/08/2014,02-February,7-Saturday,09:25,0900 Hours,District 1 (Central),,POLK,US 65,US 65,Collision with fixed object:  Traffic sign support,On Roadway,Non-collision (single vehicle),Ran off road - right,None Indicated,,Daylight,Snow,Snow,"Surface condition (e.g., wet, icy)",Non-intersection:  Non-junction/no special feature,Paved,,Property Damage Only,0,0,0,0,0,0,5000,1,1,,POINT (-93.518117656684 41.536977261913)
2014785693,2014009331,02/08/2014,02-February,7-Saturday,18:30,1800 Hours,District 1 (Central),,STORY,I-35,I-35,Collision with:  Vehicle in traffic,On Roadway,Rear-end (front to rear),Driver Distraction:  Manual operation of an electronic communication device,None Indicated,,Dark - roadway lighted,Dry,Cloudy,None apparent,Non-intersection:  Non-junction/no special feature,Paved,,Possible/Unknown,0,1,0,0,1,0,15000,2,2,,POINT (-93.56971087683 42.043545151805)
2014786534,,02/08/2014,02-February,7-Saturday,12:02,1200 Hours,District 6 (East Central),CLINTON,CLINTON,,,Collision with:  Vehicle in traffic,On Roadway,Rear-end (front to rear),Unknown,None Indicated,,,Snow,"Fog, smoke, smog",,,,,Possible/Unknown,0,1,0,0,1,0,0,2,3,,POINT (-96.643700149993 40.233091251414)
2014786946,2014009398,02/08/2014,02-February,7-Saturday,23:00,2300 Hours,District 3 (Northwest),,CRAWFORD,,Co Rd E46/P AVE,Collision with fixed object:  Bridge overhead structure,On Roadway,Non-collision (single vehicle),Ran off road - left,None Indicated,,Dark - roadway not lighted,"Mud, dirt",Cloudy,None apparent,Non-intersection:  Other non-intersection (explain in narrative),Unpaved,,Property Damage Only,0,0,0,0,0,0,6000,1,1,,POINT (-95.19139881684 41.99477460466)
2014784711,14-001334,02/08/2014,02-February,7-Saturday,09:40,0900 Hours,District 3 (Northwest),,CARROLL,,Co Rd E26/160TH ST & Co Rd N41/TIMBER AVE,Collision with:  Vehicle in traffic,On Roadway,Broadside (front to side),Driving too fast for conditions,None Indicated,,Daylight,Ice/frost,Snow,"Surface condition (e.g., wet, icy)",Intersection:  Four-way intersection,Paved,,Major Injury,0,1,1,0,0,0,5050,2,2,,POINT (-94.725773141537 42.12302607003)
2014784647,2014009186,02/08/2014,02-February,7-Saturday,07:55,0700 Hours,District 3 (Northwest),,OBRIEN,,Co Rd L26/MCKINLEY AVE,Collision with:  Vehicle in traffic,On Roadway,Rear-end (front to rear),Driving too fast for conditions,None Indicated,,Daylight,Snow,Snow,"Surface condition (e.g., wet, icy)",Non-intersection:  Non-junction/no special feature,Paved,,Property Damage Only,0,0,0,0,0,0,14000,2,2,,POINT (-95.860272408265 43.071562854743)
2014784952,14-001039,02/08/2014,02-February,7-Saturday,12:45,1200 Hours,District 4 (Southwest),ATLANTIC,CASS,,8TH ST & PLUM ST,Collision with:  Vehicle in traffic,On Roadway,Broadside (front to side),Driving too fast for conditions,None Indicated,,Daylight,Slush,Snow,None apparent,Intersection:  Four-way intersection,Paved,,Property Damage Only,0,0,0,0,0,0,1900,2,3,,POINT (-94.996399080425 41.402877223055)
2014789391,B14081010,02/08/2014,02-February,7-Saturday,10:10,1000 Hours,District 2 (Northeast),,FRANKLIN,US 65,US 65 & Co Rd C25/190TH ST,Collision with:  Vehicle in traffic,On Roadway,Broadside (front to side),Driving too fast for conditions,None Indicated,,Daylight,Snow,Snow,"Surface condition (e.g., wet, icy)",Non-intersection:  Non-junction/no special feature,Paved,,Property Damage Only,0,0,0,0,0,0,12500,2,3,,POINT (-93.202267685179 42.803301724144)
2014785205,,02/08/2014,02-February,7-Saturday,14:37,1400 Hours,District 4 (Southwest),,MONTGOMERY,US 34,US 34,Collision with:  Vehicle in traffic,On Roadway,Broadside (front to side),Crossed centerline (undivided),None Indicated,,Daylight,Other (explain in narrative),Snow,None apparent,Non-intersection:  Non-junction/no special feature,Paved,,Minor Injury,0,3,0,3,0,0,20000,2,4,,POINT (-95.366651516802 41.030553251448)
2014784442,20140003550,02/08/2014,02-February,7-Saturday,07:50,0700 Hours,District 1 (Central),DES MOINES,POLK,I-235,I-235,Collision with fixed object:  Bridge overhead structure,On Roadway,Non-collision (single vehicle),Lost Control,None Indicated,,Daylight,Snow,Snow,"Surface condition (e.g., wet, icy)",Non-intersection:  Other non-intersection (explain in narrative),Paved,,Possible/Unknown,0,1,0,0,1,0,5000,1,2,,POINT (-93.617133800388 41.5955943311)
2014784400,20140003546,02/08/2014,02-February,7-Saturday,05:55,0500 Hours,District 1 (Central),DES MOINES,POLK,,HICKMAN RD,Collision with fixed object:  Utility pole/light support,On Roadway,Non-collision (single vehicle),Driving too fast for conditions,None Indicated,,Dark - roadway lighted,Snow,Snow,None apparent,Non-intersection:  Non-junction/no special feature,Paved,,Property Damage Only,0,0,0,0,0,0,13200,1,4,,POINT (-93.683487585807 41.61488174458)
2014785661,14-039,02/08/2014,02-February,7-Saturday,12:00,1200 Hours,District 4 (Southwest),,TAYLOR,,110TH ST,Collision with fixed object:  Other fixed object (explain in narrative),On Roadway,Non-collision (single vehicle),Swerving/Evasive Action,None Indicated,,Daylight,"Mud, dirt",Snow,"Surface condition (e.g., wet, icy)",Non-intersection:  Driveway access (within),Unpaved,,Property Damage Only,0,0,0,0,0,0,1800,1,1,,POINT (-94.795732260304 40.885710043106)
2014785164,2014009247,02/08/2014,02-February,7-Saturday,11:15,1100 Hours,District 6 (East Central),,CEDAR,I-80,I-80,Collision with:  Vehicle in traffic,On Roadway,"Sideswipe, same direction",Crossed centerline (undivided),None Indicated,,Daylight,Snow,Snow,"Surface condition (e.g., wet, icy)",Non-intersection:  Non-junction/no special feature,Paved,,Property Damage Only,0,0,0,0,0,0,15000,2,2,,POINT (-91.097686663244 41.644647272333)
2014784495,14-000274,02/08/2014,02-February,7-Saturday,08:15,0800 Hours,District 1 (Central),ALTOONA,POLK,I-80,I-80 & US 6/FREDERICK M HUBBELL AVE,Collision with:  Vehicle in traffic,On Roadway,Broadside (front to side),Driving too fast for conditions,None Indicated,,Daylight,Snow,Snow,"Surface condition (e.g., wet, icy)",Non-intersection:  Non-junction/no special feature,Paved,,Property Damage Only,0,0,0,0,0,0,1600,2,3,,POINT (-93.495963670419 41.660807648171)
2014784147,14-1810,02/08/2014,02-February,7-Saturday,19:44,1900 Hours,District 3 (Northwest),,CLAY,US 18,US 18,Collision with:  Animal,On Roadway,Non-collision (single vehicle),Animal,None Indicated,,,,,,,Paved,,Property Damage Only,0,0,0,0,0,0,1500,1,1,,POINT (-95.082259946158 43.12740021701)
2014785689,2014009229,02/08/2014,02-February,7-Saturday,10:09,1000 Hours,District 1 (Central),,POLK,I-35,I-35,Collision with fixed object:  Concrete traffic barrier (median or right side),Median,Non-collision (single vehicle),Driving too fast for conditions,None Indicated,,Daylight,Snow,Snow,"Surface condition (e.g., wet, icy)",Non-intersection:  Non-junction/no special feature,Paved,,Property Damage Only,0,0,0,0,0,0,5000,1,1,,POINT (-93.6169994654 41.649494131044)
2014784297,2014001464,02/08/2014,02-February,7-Saturday,13:37,1300 Hours,District 6 (East Central),IOWA CITY,JOHNSON,,PARSONS AVE,Collision with:  Parked motor vehicle,On Roadway,"Sideswipe, same direction",Other (explain in narrative):  Other,None Indicated,,Daylight,Snow,Snow,None apparent,Non-intersection:  Non-junction/no special feature,Paved,,Property Damage Only,0,0,0,0,0,0,4500,2,1,,POINT (-91.51572966684 41.662381071202)
2014784184,140960,02/08/2014,02-February,7-Saturday,08:42,0800 Hours,District 1 (Central),,POLK,IA 17,IA 17,Non-collision events:  Other non-collision (explain in narrative),Roadside,Non-collision (single vehicle),Ran off road - right,None Indicated,,Daylight,Snow,Snow,None apparent,Non-intersection:  Non-junction/no special feature,Paved,,Property Damage Only,0,0,0,0,0,0,10000,1,1,,POINT (-93.814735153581 41.769163839867)
2014784350,14003052,02/08/2014,02-February,7-Saturday,13:03,1300 Hours,District 5 (Southeast),OSKALOOSA,MAHASKA,,HIGH AVE W,Collision with:  Vehicle in traffic,On Roadway,Broadside (front to side),FTYROW:  Other (explain in narrative),None Indicated,,Daylight,Snow,Snow,"Surface condition (e.g., wet, icy)",Intersection:  T-intersection,Paved,,Property Damage Only,0,0,0,0,0,0,8000,2,4,,POINT (-92.651741298643 41.295304621309)
2014787675,AC-14-0005,02/08/2014,02-February,7-Saturday,16:15,1600 Hours,District 6 (East Central),MONTICELLO,JONES,,W 6TH ST & BIRCH ST,Collision with:  Vehicle in traffic,On Roadway,Broadside (front to side),Driving too fast for conditions,None Indicated,,Daylight,Snow,Cloudy,"Surface condition (e.g., wet, icy)",Non-intersection:  Non-junction/no special feature,Paved,,Property Damage Only,0,0,0,0,0,0,2100,2,3,,POINT (-91.199624470488 42.243252439409)
2014784405,20140003609,02/08/2014,02-February,7-Saturday,18:25,1800 Hours,District 1 (Central),DES MOINES,POLK,US 69,US 69/SE 14TH ST & E PARK AVE,Collision with:  Vehicle in traffic,On Roadway,Broadside (front to side),Unknown,None Indicated,,Dark - roadway lighted,Snow,Cloudy,Unknown,Intersection:  Four-way intersection,Paved,,Property Damage Only,0,0,0,0,0,0,1500,2,3,,POINT (-93.596832398034 41.555294872701)
2014785707,2014009196,02/08/2014,02-February,7-Saturday,08:42,0800 Hours,District 1 (Central),,POLK,I-80,I-80,Collision with:  Vehicle in traffic,On Roadway,"Sideswipe, same direction",Driving too fast for conditions,None Indicated,,Daylight,Ice/frost,Snow,"Surface condition (e.g., wet, icy)",Non-intersection:  Non-junction/no special feature,Paved,,Property Damage Only,0,0,0,0,0,0,5000,2,5,,POINT (-93.551567156618 41.655663381857)
2014789523,EP14000201,02/08/2014,02-February,7-Saturday,15:37,1500 Hours,District 2 (Northeast),EAGLE GROVE,WRIGHT,,2ND ST SW & S WESTERN AVE,Collision with:  Vehicle in traffic,On Roadway,Broadside (front to side),FTYROW:  From yield sign,None Indicated,,Daylight,Ice/frost,Clear,"Surface condition (e.g., wet, icy)",Intersection:  Four-way intersection,Paved,,Property Damage Only,0,0,0,0,0,0,2200,2,3,,POINT (-93.911694325269 42.661986999868)
2014784195,14-04362,02/08/2014,02-February,7-Saturday,11:02,1100 Hours,District 5 (Southeast),WEST BURLINGTON,DES MOINES,US 34,US 34,Collision with fixed object:  Ditch,On Roadway,Non-collision (single vehicle),Ran off road - right,None Indicated,,Daylight,Snow,Snow,"Surface condition (e.g., wet, icy)",Non-intersection:  Non-junction/no special feature,Paved,,Property Damage Only,0,0,0,0,0,0,1750,1,1,,POINT (-91.19081440124 40.827939841445)
2014785794,14-1791,02/08/2014,02-February,7-Saturday,11:32,1100 Hours,District 3 (Northwest),SPENCER,CLAY,US 71,US 71/11TH ST SW & 7TH AVE SW,Collision with:  Vehicle in traffic,On Roadway,Broadside (front to side),FTYROW:  From stop sign,None Indicated,,Daylight,Wet,Clear,None apparent,Intersection:  Four-way intersection,Paved,,Major Injury,0,1,1,0,0,0,35000,2,2,,POINT (-95.154257199967 43.126877193096)