Iowa DOT Case Number,Law Enforcement Case Number,Date of Crash,Month of Crash,Day of Week,Time of Crash,Hour,DOT District,City Name,County Name,Route with System,Location Description,First Harmful Event,Location of First Harmful Event,Manner of Crash/Collision,Major Cause,Drug or Alcohol ,Environmental Conditions,Light Conditions,Surface Conditions,Weather Conditions,Roadway Contribution,Roadway Type,Roadway Surface,Work Zone,Crash Severity,Number of Fatalities,Number of Injuries,Number of Major Injuries,Number of Minor Injuries,Number of Possible Injuries,Number of Unknown Injuries,Amount of Property Damage,Number of Vehicles Involved,Total Number of Occupants,Travel Direction,Location
2014784133,020814-65,02/08/2014,02-February,7-Saturday,08:58,0800 Hours,District 3 (Northwest),,BUENA VISTA,IA 3,IA 3/530TH ST,Non-collision events:  Overturn/rollover,On Roadway,Non-collision (single vehicle),Ran off road - left,None Indicated,,Daylight,Snow,Snow,None apparent,Non-intersection:  Non-junction/no special feature,Paved,,Property Damage Only,0,0,0,0,0,0,5000,1,1,,POINT (-94.959452549964 42.748928131654)
2014785049,14-000621,02/08/2014,02-February,7-Saturday,11:38,1100 Hours,District 1 (Central),ANKENY,POLK,,SE CONVENIENCE BLVD & SE CREEKVIEW DR & NE 78TH AVE,Collision with:  Vehicle in traffic,On Roadway,"Sideswipe, same direction",Other (explain in narrative):  Other,None Indicated,,Daylight,Snow,Snow,None apparent,Intersection:  Four-way intersection,Paved,,Property Damage Only,0,0,0,0,0,0,3000,2,2,,POINT (-93.571813692862 41.702878840753)
2014784729,02-14-2350,02/08/2014,02-February,7-Saturday,10:42,1000 Hours,District 6 (East Central),,DUBUQUE,US 61,US 61,Collision with:  Vehicle in traffic,On Roadway,"Sideswipe, same direction",Lost Control,None Indicated,,Daylight,Snow,Snow,Unknown,Non-intersection:  Non-junction/no special feature,Paved,,Property Damage Only,0,0,0,0,0,0,7000,2,2,,POINT (-90.694102728415 42.372136919253)
2014784733,01-14-5617,02/08/2014,02-February,7-Saturday,10:36,1000 Hours,District 6 (East Central),DUBUQUE,DUBUQUE,US 61,US 61,Collision with:  Vehicle in traffic,On Roadway,Rear-end (front to rear),Lost Control,None Indicated,,Daylight,Snow,Snow,"Surface condition (e.g., wet, icy)",Non-intersection:  Other non-intersection (explain in narrative),Paved,,Property Damage Only,0,0,0,0,0,0,2500,2,5,,POINT (-90.637588910101 42.515529420106)
2014784303,14-003567,02/08/2014,02-February,7-Saturday,11:28,1100 Hours,District 5 (Southeast),,LEE,,Co Rd W78/204 AVE & 210 ST,Collision with:  Vehicle in traffic,On Roadway,Broadside (front to side),Ran Stop Sign,None Indicated,,Daylight,Snow,Cloudy,None apparent,Intersection:  T-intersection,Paved,,Minor Injury,0,3,0,3,0,0,10000,2,5,,POINT (-91.516650948812 40.653552865042)
2014786944,2014009237,02/08/2014,02-February,7-Saturday,10:00,1000 Hours,District 1 (Central),MALCOM,POWESHIEK,I-80,I-80,Collision with:  Vehicle in traffic,On Roadway,Rear-end (front to rear),Followed too close,None Indicated,,Daylight,Snow,Snow,"Surface condition (e.g., wet, icy)",Non-intersection:  Non-junction/no special feature,Paved,,Property Damage Only,0,0,0,0,0,0,5000,2,2,,POINT (-92.583985028368 41.695820346183)
2014784331,2014-01925,02/08/2014,02-February,7-Saturday,17:52,1700 Hours,District 6 (East Central),CEDAR RAPIDS,LINN,,O AVE NW,Collision with:  Vehicle in traffic,On Roadway,"Sideswipe, same direction",Followed too close,None Indicated,,Dark - roadway not lighted,Snow,Clear,None apparent,Non-intersection:  Driveway access (within),Paved,,Property Damage Only,0,0,0,0,0,0,4000,2,4,,POINT (-91.714535262561 41.989251691554)
2014784320,201401913,02/08/2014,02-February,7-Saturday,14:16,1400 Hours,District 6 (East Central),CEDAR RAPIDS,LINN,IA 922,IA 922/1ST AVE E,Collision with:  Vehicle in traffic,On Roadway,Head-on (front to front),Ran off road - right,None Indicated,,Daylight,Snow,Snow,"Surface condition (e.g., wet, icy)",Non-intersection:  Non-junction/no special feature,Paved,,Possible/Unknown,0,2,0,0,2,0,8000,2,6,,POINT (-91.634889110712 42.008119123188)
2014786111,2014009166,02/08/2014,02-February,7-Saturday,05:05,0500 Hours,District 6 (East Central),WILLIAMSBURG,IOWA,I-80,I-80,Collision with fixed object:  Guardrail - face,Shoulder,Non-collision (single vehicle),Ran off road - left,None Indicated,,Dark - roadway lighted,Snow,Clear,None apparent,Non-intersection:  Non-junction/no special feature,Paved,,Property Damage Only,0,0,0,0,0,0,10000,1,1,,POINT (-92.009895614267 41.687138160912)
2014785237,14013063,02/08/2014,02-February,7-Saturday,09:54,0900 Hours,District 2 (Northeast),CEDAR FALLS,BLACK HAWK,IA 27,IA 27,Collision with fixed object:  Guardrail - face,On Roadway,Non-collision (single vehicle),Lost Control,None Indicated,,Daylight,Slush,Snow,None apparent,Non-intersection:  Non-junction/no special feature,Paved,,Property Damage Only,0,0,0,0,0,0,8200,1,1,,POINT (-92.448345686305 42.507425288273)
2014785235,S14-13056,02/08/2014,02-February,7-Saturday,09:43,0900 Hours,District 2 (Northeast),,BLACK HAWK,I-380,I-380,Collision with:  Vehicle in traffic,On Roadway,Rear-end (front to rear),Driving too fast for conditions,None Indicated,,Daylight,Snow,Snow,None apparent,Non-intersection:  Non-junction/no special feature,Paved,,Property Damage Only,0,0,0,0,0,0,9000,2,3,,POINT (-92.187760258041 42.434890581113)
2014786698,2014-8672,02/08/2014,02-February,7-Saturday,10:50,1000 Hours,District 6 (East Central),DAVENPORT,SCOTT,,W 4TH ST,Collision with:  Vehicle in traffic,On Roadway,"Sideswipe, same direction",Driving too fast for conditions,None Indicated,,Daylight,Ice/frost,Cloudy,"Surface condition (e.g., wet, icy)",Non-intersection:  Non-junction/no special feature,Paved,,Property Damage Only,0,0,0,0,0,0,2300,2,2,,POINT (-90.595189415063 41.523441631235)
2014784367,14-858,02/08/2014,02-February,7-Saturday,07:41,0700 Hours,District 1 (Central),ALLEMAN,POLK,US 69,US 69/NE 14TH ST,Collision with:  Vehicle in traffic,On Roadway,"Sideswipe, opposite direction",Crossed centerline (undivided),None Indicated,,Daylight,Snow,Snow,"Surface condition (e.g., wet, icy)",Non-intersection:  Non-junction/no special feature,Paved,,Property Damage Only,0,0,0,0,0,0,7000,2,2,,POINT (-93.600232777427 41.813294743331)
2014791367,14-001091,02/08/2014,02-February,7-Saturday,22:57,2200 Hours,District 6 (East Central),,DELAWARE,US 20,US 20 & IA 13/IOWA 13,Collision with fixed object:  Bridge overhead structure,On Roadway,Non-collision (single vehicle),Ran off road - left,Alcohol (Statutory),,Dark - roadway not lighted,Dry,Clear,None apparent,Non-intersection:  Non-junction/no special feature,Paved,,Property Damage Only,0,0,0,0,0,0,2000,1,1,,POINT (-91.480778591563 42.464227043421)
2014791387,14-150208-01,02/08/2014,02-February,7-Saturday,19:00,1900 Hours,District 6 (East Central),,IOWA,,Co Rd V52/G AVE,Collision with:  Animal,,,Animal,None Indicated,,,,,,,Paved,,Property Damage Only,0,0,0,0,0,0,1500,1,1,,POINT (-92.182817535872 41.709799520712)
2014784375,14-864,02/08/2014,02-February,7-Saturday,11:39,1100 Hours,District 1 (Central),GRIMES,POLK,IA 141,IA 141/IOWA 141,Non-collision events:  Overturn/rollover,Shoulder,Non-collision (single vehicle),Lost Control,None Indicated,,Daylight,Ice/frost,Snow,None apparent,Non-intersection:  Non-junction/no special feature,Paved,,Property Damage Only,0,0,0,0,0,0,30000,1,1,,POINT (-93.774715356817 41.706797099787)
2014785108,2014-8690,02/08/2014,02-February,7-Saturday,13:17,1300 Hours,District 6 (East Central),DAVENPORT,SCOTT,,S CONCORD ST,Collision with fixed object:  Utility pole/light support,Roadside,Non-collision (single vehicle),"Operating vehicle in an reckless, erratic, careless, negligent manner",None Indicated,,Daylight,Snow,Snow,"Surface condition (e.g., wet, icy)",Non-intersection:  Non-junction/no special feature,Paved,,Property Damage Only,0,0,0,0,0,0,4000,1,1,,POINT (-90.620726810669 41.509418641692)
2014785293,14-001820,02/08/2014,02-February,7-Saturday,21:34,2100 Hours,District 6 (East Central),,JACKSON,,182ND AVE,Collision with fixed object:  Ditch,Shoulder,Non-collision (single vehicle),Ran off road - straight,None Indicated,,Dark - roadway not lighted,Snow,Cloudy,None apparent,Non-intersection:  Non-junction/no special feature,Unpaved,,Property Damage Only,0,0,0,0,0,0,4100,1,1,,POINT (-90.683175558574 42.156927324965)
2014784977,14000774,02/08/2014,02-February,7-Saturday,08:40,0800 Hours,District 1 (Central),ELLSWORTH,HAMILTON,I-35,I-35,Collision with fixed object:  Ditch,Gore,Non-collision (single vehicle),Driving too fast for conditions,None Indicated,,Daylight,Ice/frost,Cloudy,"Surface condition (e.g., wet, icy)",Non-intersection:  Non-junction/no special feature,Paved,,Property Damage Only,0,0,0,0,0,0,4000,1,2,,POINT (-93.570454245326 42.296214755664)
2014786473,2014009221,02/08/2014,02-February,7-Saturday,10:22,1000 Hours,District 6 (East Central),DE WITT,CLINTON,US 61,US 61,Collision with:  Vehicle in traffic,On Roadway,"Sideswipe, same direction",Driving too fast for conditions,None Indicated,,Daylight,Snow,Snow,None apparent,Interchange-related:  On-ramp merge area,Paved,,Property Damage Only,0,0,0,0,0,0,5500,2,4,,POINT (-90.567275561003 41.80221880916)
2014784155,CL14000400,02/08/2014,02-February,7-Saturday,13:44,1300 Hours,District 6 (East Central),CLINTON,CLINTON,,S 3RD ST,Collision with:  Vehicle in traffic,On Roadway,"Angle, oncoming left turn",Made improper turn,None Indicated,,Daylight,Snow,Snow,None apparent,Non-intersection:  Non-junction/no special feature,Paved,,Property Damage Only,0,0,0,0,0,0,2500,2,3,,POINT (-90.190806315714 41.844425111214)
2014784371,14-863,02/08/2014,02-February,7-Saturday,11:02,1100 Hours,District 1 (Central),,POLK,US 65,US 65,Non-collision events:  Overturn/rollover,On Roadway,Non-collision (single vehicle),Ran off road - left,None Indicated,,Daylight,Snow,Snow,"Surface condition (e.g., wet, icy)",Non-intersection:  Non-junction/no special feature,Paved,,Minor Injury,0,2,0,1,1,0,8500,1,2,,POINT (-93.542938435308 41.511804261286)
2014799832,14C00564,02/08/2014,02-February,7-Saturday,06:22,0600 Hours,District 4 (Southwest),CRESTON,UNION,IA 25,IA 25/N SUMNER AVE/S SUMNER AVE & W ADAMS ST,Collision with:  Vehicle in traffic,On Roadway,"Angle, oncoming left turn",FTYROW:  Making left turn,None Indicated,,Dawn,Snow,Clear,None apparent,Intersection:  Four-way intersection,Paved,,Property Damage Only,0,0,0,0,0,0,5000,2,2,,POINT (-94.372644313356 41.057295372346)
2014784324,201401922,02/08/2014,02-February,7-Saturday,16:32,1600 Hours,District 6 (East Central),CEDAR RAPIDS,LINN,I-380,I-380,Collision with fixed object:  Guardrail - face,Median,Non-collision (single vehicle),Driving too fast for conditions,Alcohol (< Statutory),,Daylight,Wet,Snow,"Surface condition (e.g., wet, icy)",Non-intersection:  Non-junction/no special feature,Paved,,Property Damage Only,0,0,0,0,0,0,2500,1,3,,POINT (-91.670374945105 41.878328833297)
2014786262,C14000418,02/08/2014,02-February,7-Saturday,10:00,1000 Hours,District 6 (East Central),CORALVILLE,JOHNSON,,5TH ST & 18TH AVE,Collision with:  Vehicle in traffic,On Roadway,Broadside (front to side),Driving too fast for conditions,None Indicated,,Daylight,Snow,Snow,"Surface condition (e.g., wet, icy)",Intersection:  T-intersection,Paved,,Property Damage Only,0,0,0,0,0,0,4000,2,6,,POINT (-91.588885747904 41.679560062588)
2014787901,14012971,02/08/2014,02-February,7-Saturday,01:38,0100 Hours,District 2 (Northeast),CEDAR FALLS,BLACK HAWK,,12TH ST,Collision with:  Parked motor vehicle,On Roadway,"Sideswipe, same direction",Unknown,None Indicated,,Dark - roadway lighted,Snow,Cloudy,None apparent,Non-intersection:  Non-junction/no special feature,Paved,,Property Damage Only,0,0,0,0,0,0,5700,2,1,,POINT (-92.463374757051 42.527714705966)
2014784997,2014001457,02/08/2014,02-February,7-Saturday,09:17,0900 Hours,District 6 (East Central),IOWA CITY,JOHNSON,US 6,US 6,Collision with:  Vehicle in traffic,On Roadway,Rear-end (front to rear),Followed too close,None Indicated,,Daylight,Snow,Snow,None apparent,Intersection:  Four-way intersection,Paved,,Property Damage Only,0,0,0,0,0,0,2000,2,2,,POINT (-91.527255731264 41.644128349377)
2014785231,14-13059,02/08/2014,02-February,7-Saturday,09:50,0900 Hours,District 2 (Northeast),,BLACK HAWK,US 218,US 218 & W MT VERNON RD,Collision with:  Vehicle in traffic,On Roadway,Broadside (front to side),FTYROW:  At uncontrolled intersection,None Indicated,,Daylight,Ice/frost,Snow,"Surface condition (e.g., wet, icy)",Non-intersection:  Crossover-related,Paved,,Property Damage Only,0,0,0,0,0,0,10500,3,4,,POINT (-92.433758541269 42.584821764713)
2014787273,14013068,02/08/2014,02-February,7-Saturday,10:07,1000 Hours,District 2 (Northeast),HUDSON,BLACK HAWK,US 63,US 63/HUDSON RD,Non-collision events:  Overturn/rollover,On Roadway,Non-collision (single vehicle),Ran off road - right,None Indicated,,Daylight,Ice/frost,Snow,"Surface condition (e.g., wet, icy)",Non-intersection:  Non-junction/no special feature,Paved,,Property Damage Only,0,0,0,0,0,0,20000,1,1,,POINT (-92.455967589926 42.344075605061)
2014784145,14-001786,02/08/2014,02-February,7-Saturday,09:51,0900 Hours,District 3 (Northwest),,CLAY,US 18,US 18/HIGHWAY BLVD & US 71 & Co Rd B19/320TH ST,Collision with:  Vehicle in traffic,On Roadway,Rear-end (front to rear),Followed too close,None Indicated,,Daylight,Snow,Snow,"Surface condition (e.g., wet, icy)",Intersection:  Four-way intersection,Paved,,Property Damage Only,0,0,0,0,0,0,1500,2,2,,POINT (-95.150189737034 43.184077819357)
2014785793,14-1784,02/08/2014,02-February,7-Saturday,08:52,0800 Hours,District 3 (Northwest),SPENCER,CLAY,US 71,US 71/11TH ST SW,Collision with:  Vehicle in traffic,On Roadway,Rear-end (front to rear),Driving too fast for conditions,None Indicated,,Daylight,Snow,Snow,None apparent,Intersection:  Four-way intersection,Paved,,Property Damage Only,0,0,0,0,0,0,13500,2,3,,POINT (-95.147094219551 43.126642704825)
2014784123,W14-013120,02/08/2014,02-February,7-Saturday,12:35,1200 Hours,District 2 (Northeast),WATERLOO,BLACK HAWK,,FRANKLIN ST,Collision with:  Vehicle in traffic,On Roadway,"Sideswipe, opposite direction",Crossed centerline (undivided),None Indicated,,Daylight,Snow,Snow,"Surface condition (e.g., wet, icy)",Non-intersection:  Non-junction/no special feature,Paved,,Property Damage Only,0,0,0,0,0,0,14000,2,2,,POINT (-92.315719157947 42.495344784971)
2014784193,14-004363,02/08/2014,02-February,7-Saturday,11:14,1100 Hours,District 5 (Southeast),WEST BURLINGTON,DES MOINES,US 34,US 34,Collision with:  Other non-fixed object (explain in narrative),On Roadway,Non-collision (single vehicle),Ran off road - right,None Indicated,,Daylight,Ice/frost,Snow,"Surface condition (e.g., wet, icy)",Non-intersection:  Non-junction/no special feature,Paved,,Property Damage Only,0,0,0,0,0,0,5000,1,2,,POINT (-91.18653382309 40.822702109731)
2014784506,S14-000392,02/08/2014,02-February,7-Saturday,21:40,2100 Hours,District 4 (Southwest),,POTTAWATTAMIE,US 6,US 6 & Co Rd L52/270TH ST,Non-collision events:  Overturn/rollover,Outside trafficway,Non-collision (single vehicle),Ran off road - left,None Indicated,,Dark - roadway not lighted,Snow,Snow,"Surface condition (e.g., wet, icy)",Non-intersection:  Non-junction/no special feature,Paved,,Property Damage Only,0,0,0,0,0,0,2000,1,1,,POINT (-95.670289244024 41.289944316408)
2014788232,2014009240,02/08/2014,02-February,7-Saturday,10:45,1000 Hours,District 1 (Central),,POLK,I-80,I-80,Collision with fixed object:  Guardrail - face,On Roadway,Non-collision (single vehicle),Driving too fast for conditions,None Indicated,,Daylight,Snow,Snow,"Surface condition (e.g., wet, icy)",Non-intersection:  Non-junction/no special feature,Paved,,Property Damage Only,0,0,0,0,0,0,11000,1,2,,POINT (-93.368360969187 41.680355586771)
2014786437,14-000622,02/08/2014,02-February,7-Saturday,03:00,0300 Hours,District 1 (Central),AMES,STORY,,ROSS RD,Collision with:  Vehicle in traffic,On Roadway,Unknown,Unknown,None Indicated,,Dark - roadway lighted,Snow,Snow,Unknown,Non-intersection:  Non-junction/no special feature,Paved,,Property Damage Only,0,0,0,0,0,0,2000,3,2,,POINT (-93.672659118246 42.032279187768)
2014784958,140982,02/08/2014,02-February,7-Saturday,23:20,2300 Hours,District 1 (Central),,POLK,IA 17,IA 17,Collision with fixed object:  Ditch,On Roadway,Non-collision (single vehicle),Lost Control,None Indicated,,Dark - roadway not lighted,Dry,Clear,None apparent,Non-intersection:  Non-junction/no special feature,Paved,,Property Damage Only,0,0,0,0,0,0,8000,1,1,,POINT (-93.815129652938 41.820257113145)
2014784957,140980,02/08/2014,02-February,7-Saturday,23:17,2300 Hours,District 4 (Southwest),,DALLAS,,Co Rd R22/UTE AVE,Collision with fixed object:  Ditch,Shoulder,Non-collision (single vehicle),Swerving/Evasive Action,None Indicated,,Dark - roadway not lighted,Dry,Clear,None apparent,Non-intersection:  Non-junction/no special feature,Paved,,Property Damage Only,0,0,0,0,0,0,5000,1,1,,POINT (-93.885730649866 41.539462163398)
2014785690,2014009261,02/08/2014,02-February,7-Saturday,09:56,0900 Hours,District 6 (East Central),CORALVILLE,JOHNSON,,COMMERCE DR,Collision with:  Vehicle in traffic,On Roadway,Rear-end (front to rear),Driving too fast for conditions,None Indicated,,Daylight,Snow,Snow,"Surface condition (e.g., wet, icy)",Non-intersection:  Non-junction/no special feature,Paved,,Property Damage Only,0,0,0,0,0,0,21300,3,3,,POINT (-91.611785298574 41.695745084192)
2014787356,14-3206,02/08/2014,02-February,7-Saturday,08:43,0800 Hours,District 1 (Central),NEWTON,JASPER,I-80,I-80,Collision with fixed object:  Other fixed object (explain in narrative),On Roadway,Non-collision (single vehicle),Driving too fast for conditions,None Indicated,,Daylight,Snow,Snow,"Surface condition (e.g., wet, icy)",Non-intersection:  Non-junction/no special feature,Paved,,Property Damage Only,0,0,0,0,0,0,3000,1,3,,POINT (-93.069773538804 41.683770977151)
2014784380,14-000615,02/08/2014,02-February,7-Saturday,09:55,0900 Hours,District 1 (Central),ANKENY,POLK,US 69,US 69/S ANKENY BLVD/N 14TH ST & IA 160/SW ORALABOR RD/SE ORALABOR RD,Collision with:  Vehicle in traffic,On Roadway,Rear-end (front to rear),Driving too fast for conditions,None Indicated,,Daylight,Snow,Snow,"Surface condition (e.g., wet, icy)",Non-intersection:  Non-junction/no special feature,Paved,,Possible/Unknown,0,1,0,0,1,0,2700,2,3,,POINT (-93.600562715852 41.70285829484)
2014786435,14-000616,02/08/2014,02-February,7-Saturday,13:04,1300 Hours,District 1 (Central),AMES,STORY,,KNAPP ST,Collision with:  Vehicle in traffic,On Roadway,"Angle, oncoming left turn",FTYROW:  Making left turn,None Indicated,,Daylight,Snow,Snow,None apparent,Non-intersection:  Driveway access (within),Paved,,Property Damage Only,0,0,0,0,0,0,4000,2,3,,POINT (-93.647977288986 42.019109477811)
2014784420,20140003551,02/08/2014,02-February,7-Saturday,09:15,0900 Hours,District 1 (Central),DES MOINES,POLK,,25TH ST,Collision with:  Vehicle in traffic,On Roadway,Broadside (front to side),FTYROW:  From driveway,None Indicated,,Daylight,Snow,Snow,None apparent,Non-intersection:  Driveway access (within),Paved,,Property Damage Only,0,0,0,0,0,0,8000,2,2,,POINT (-93.650944797642 41.600163682734)
2014785728,,02/08/2014,02-February,7-Saturday,10:35,1000 Hours,District 2 (Northeast),CHARLES CITY,FLOYD,,RIVERSIDE DR & MAIN ST,Collision with fixed object:  Utility pole/light support,On Roadway,Non-collision (single vehicle),Ran off road - right,None Indicated,,Daylight,Ice/frost,Clear,None apparent,Intersection:  Four-way intersection,Paved,,Possible/Unknown,0,1,0,0,1,0,15000,1,1,,POINT (-92.679477819853 43.066622502883)
2014784132,020814-59,02/08/2014,02-February,7-Saturday,07:50,0700 Hours,District 3 (Northwest),ALTA,BUENA VISTA,IA 7,IA 7/IOWA 7,Collision with fixed object:  Ditch,On Roadway,Non-collision (single vehicle),Ran off road - right,None Indicated,,Daylight,Snow,Snow,None apparent,Non-intersection:  Non-junction/no special feature,Paved,,Property Damage Only,0,0,0,0,0,0,3600,1,1,,POINT (-95.306966094509 42.676067920345)
2014785284,4514-008,02/08/2014,02-February,7-Saturday,10:06,1000 Hours,District 2 (Northeast),,HOWARD,US 63,US 63 & IA 9/IOWA 9,Collision with:  Vehicle in traffic,On Roadway,Rear-end (front to rear),Driving too fast for conditions,None Indicated,,Daylight,Ice/frost,Clear,"Surface condition (e.g., wet, icy)",Intersection:  Four-way intersection,Paved,,Property Damage Only,0,0,0,0,0,0,3200,2,4,,POINT (-92.298279203936 43.370854725558)
2014784393,14-000620,02/08/2014,02-February,7-Saturday,11:12,1100 Hours,District 1 (Central),ANKENY,POLK,US 69,US 69/N ANKENY BLVD & NE 18TH ST & NW 18TH ST,Collision with:  Vehicle in traffic,On Roadway,"Angle, oncoming left turn",FTYROW:  Making left turn,None Indicated,,Daylight,Snow,Snow,"Surface condition (e.g., wet, icy)",Intersection:  Four-way intersection,Paved,,Possible/Unknown,0,1,0,0,1,0,12500,2,3,,POINT (-93.600318449643 41.746354585676)
2014784136,14000721,02/08/2014,02-February,7-Saturday,11:33,1100 Hours,District 2 (Northeast),,CERRO GORDO,,Co Rd S25/GROUSE AVE,Collision with:  Vehicle in traffic,On Roadway,Rear-end (front to rear),Driving too fast for conditions,None Indicated,,Daylight,Snow,"Blowing sand, soil, dirt",None apparent,Non-intersection:  Non-junction/no special feature,Paved,,Property Damage Only,0,0,0,0,0,0,3100,2,2,,POINT (-93.379490915176 42.963496386866)
2014784477,14-0277,02/08/2014,02-February,7-Saturday,02:38,0200 Hours,District 1 (Central),URBANDALE,POLK,,GOODMAN CIR,Collision with fixed object:  Mailbox,Outside trafficway,Non-collision (single vehicle),Ran off road - right,None Indicated,,Dark - roadway lighted,Snow,Clear,None apparent,Non-intersection:  Non-junction/no special feature,Paved,,Property Damage Only,0,0,0,0,0,0,5000,1,1,,POINT (-93.745353883914 41.644527137554)
2014784194,14-004367,02/08/2014,02-February,7-Saturday,11:43,1100 Hours,District 5 (Southeast),WEST BURLINGTON,DES MOINES,US 34,US 34 & MT PLEASANT ST,Collision with fixed object:  Bridge overhead structure,Shoulder,Non-collision (single vehicle),Ran off road - left,None Indicated,,Daylight,Ice/frost,Snow,None apparent,Non-intersection:  Other non-intersection (explain in narrative),Paved,,Possible/Unknown,0,1,0,0,1,0,3000,1,3,,POINT (-91.189659066567 40.826381370086)
2014784695,14013183,02/08/2014,02-February,7-Saturday,16:47,1600 Hours,District 2 (Northeast),EVANSDALE,BLACK HAWK,,DUBUQUE RD & N EVANS RD,Collision with:  Vehicle in traffic,On Roadway,Broadside (front to side),Driving too fast for conditions,None Indicated,,Daylight,Snow,Cloudy,"Surface condition (e.g., wet, icy)",Intersection:  Other intersection (explain in narrative),Paved,,Property Damage Only,0,0,0,0,0,0,19000,2,2,,POINT (-92.288203086384 42.481470307425)
2014784377,14-866,02/08/2014,02-February,7-Saturday,12:40,1200 Hours,District 1 (Central),,POLK,,NW 1ST ST,Collision with:  Vehicle in traffic,On Roadway,Broadside (front to side),FTYROW:  From driveway,None Indicated,,Daylight,Snow,Snow,"Surface condition (e.g., wet, icy)",Non-intersection:  Driveway access (within),Paved,,Property Damage Only,0,0,0,0,0,0,2200,2,2,,POINT (-93.618724076123 41.642729489708)
2014784425,20140003616,02/08/2014,02-February,7-Saturday,20:00,2000 Hours,District 1 (Central),DES MOINES,POLK,,E SHERIDAN AVE,Collision with:  Vehicle in traffic,On Roadway,Rear-end (front to rear),Driving too fast for conditions,None Indicated,,Dark - roadway lighted,Snow,Cloudy,None apparent,Non-intersection:  Non-junction/no special feature,Paved,,Property Damage Only,0,0,0,0,0,0,2500,2,1,,POINT (-93.608699158837 41.618643749642)
2014786432,14-000608,02/08/2014,02-February,7-Saturday,03:00,0300 Hours,District 1 (Central),AMES,STORY,,ROSS RD,Collision with:  Vehicle in traffic,On Roadway,Unknown,Unknown,None Indicated,,Dark - unknown roadway lighting,Unknown,Unknown,Unknown,Non-intersection:  Non-junction/no special feature,Paved,,Property Damage Only,0,0,0,0,0,0,2500,2,1,,POINT (-93.675943826947 42.0321608182)
2014784120,W14-013076,02/08/2014,02-February,7-Saturday,10:20,1000 Hours,District 2 (Northeast),WATERLOO,BLACK HAWK,US 20,US 20,Collision with fixed object:  Guardrail - face,On Roadway,Non-collision (single vehicle),Driving too fast for conditions,None Indicated,,Daylight,Snow,Snow,"Surface condition (e.g., wet, icy)",Non-intersection:  Non-junction/no special feature,Paved,,Property Damage Only,0,0,0,0,0,0,3757,1,1,,POINT (-92.430495806865 42.463812641882)
2014786112,2014009193,02/08/2014,02-February,7-Saturday,08:50,0800 Hours,District 6 (East Central),,JOHNSON,I-380,I-380,Non-collision events:  Other non-collision (explain in narrative),Median,Non-collision (single vehicle),Driving too fast for conditions,None Indicated,,Daylight,Snow,Snow,"Surface condition (e.g., wet, icy)",Interchange-related:  On-ramp merge area,Paved,,Property Damage Only,0,0,0,0,0,0,2800,1,1,,POINT (-91.642271803348 41.748907288208)
2014785706,2014009181,02/08/2014,02-February,7-Saturday,08:08,0800 Hours,District 1 (Central),ANKENY,POLK,I-35,I-35,Collision with:  Vehicle in traffic,On Roadway,"Sideswipe, same direction",Driving too fast for conditions,None Indicated,,Daylight,Snow,Snow,"Surface condition (e.g., wet, icy)",Interchange-related:  On-ramp merge area,Paved,,Possible/Unknown,0,1,0,0,1,0,5500,2,3,,POINT (-93.575670666353 41.655572210202)
2014784101,14013106,02/08/2014,02-February,7-Saturday,11:49,1100 Hours,District 2 (Northeast),CEDAR FALLS,BLACK HAWK,,UNIVERSITY AVE & VALLEY PARK DR,Collision with:  Vehicle in traffic,On Roadway,Rear-end (front to rear),Driving too fast for conditions,None Indicated,,Daylight,Snow,Snow,"Surface condition (e.g., wet, icy)",Intersection:  Four-way intersection,Paved,,Property Damage Only,0,0,0,0,0,0,1700,2,2,,POINT (-92.436828642314 42.513123993936)
2014785369,14-857,02/08/2014,02-February,7-Saturday,07:40,0700 Hours,District 1 (Central),DES MOINES,POLK,,Co Rd F52/NE 46TH AVE & NE 29TH ST,Collision with:  Vehicle in traffic,On Roadway,Rear-end (front to rear),Driving too fast for conditions,None Indicated,,Daylight,Snow,Snow,"Surface condition (e.g., wet, icy)",Non-intersection:  Driveway access (within),Paved,,Property Damage Only,0,0,0,0,0,0,8500,2,2,,POINT (-93.561145994901 41.643988763393)
2014784649,2014009207,02/08/2014,02-February,7-Saturday,08:55,0800 Hours,District 4 (Southwest),DE SOTO,DALLAS,I-80,I-80,Collision with fixed object:  Other fixed object (explain in narrative),Shoulder,Non-collision (single vehicle),Swerving/Evasive Action,None Indicated,,Daylight,Ice/frost,Snow,"Surface condition (e.g., wet, icy)",Non-intersection:  Non-junction/no special feature,Paved,,Property Damage Only,0,0,0,0,0,0,4500,1,1,,POINT (-94.009085970705 41.540616557607)