Iowa DOT Case Number,Law Enforcement Case Number,Date of Crash,Month of Crash,Day of Week,Time of Crash,Hour,DOT District,City Name,County Name,Route with System,Location Description,First Harmful Event,Location of First Harmful Event,Manner of Crash/Collision,Major Cause,Drug or Alcohol ,Environmental Conditions,Light Conditions,Surface Conditions,Weather Conditions,Roadway Contribution,Roadway Type,Roadway Surface,Work Zone,Crash Severity,Number of Fatalities,Number of Injuries,Number of Major Injuries,Number of Minor Injuries,Number of Possible Injuries,Number of Unknown Injuries,Amount of Property Damage,Number of Vehicles Involved,Total Number of Occupants,Travel Direction,Location
2014786433,14-000609,02/08/2014,02-February,7-Saturday,08:54,0800 Hours,District 1 (Central),AMES,STORY,US 30,US 30/SW RAMP CURV,Collision with fixed object:  Utility pole/light support,On Roadway,Non-collision (single vehicle),Driving too fast for conditions,None Indicated,,Daylight,Snow,Snow,"Surface condition (e.g., wet, icy)","Interchange-related:  Off-ramp, diverge area",Paved,,Property Damage Only,0,0,0,0,0,0,4500,1,1,,POINT (-93.681648010558 42.007476103692)
2014784517,14-005190,02/08/2014,02-February,7-Saturday,09:30,0900 Hours,District 4 (Southwest),COUNCIL BLUFFS,POTTAWATTAMIE,I-29,I-29,Collision with fixed object:  Traffic sign support,Median,Non-collision (single vehicle),Ran off road - left,None Indicated,,Daylight,Wet,Cloudy,None apparent,Non-intersection:  Other non-intersection (explain in narrative),Paved,,Property Damage Only,0,0,0,0,0,0,3150,1,1,,POINT (-95.904930555455 41.270307391765)
2014786567,14001126,02/08/2014,02-February,7-Saturday,09:52,0900 Hours,District 6 (East Central),,BUCHANAN,IA 187,IA 187/WASHBURN AVE,Collision with:  Vehicle in traffic,On Roadway,"Angle, oncoming left turn",FTYROW:  Making left turn,None Indicated,,Daylight,Snow,Snow,None apparent,Non-intersection:  Driveway access (within),Paved,,Property Damage Only,0,0,0,0,0,0,6000,2,4,,POINT (-91.647667811749 42.46770486513)
2014785200,14-001850,02/08/2014,02-February,7-Saturday,10:30,1000 Hours,District 6 (East Central),TIPTON,CEDAR,IA 38,IA 38/CEDAR ST,Collision with:  Vehicle in traffic,On Roadway,Rear-end (front to rear),Driving too fast for conditions,None Indicated,,Daylight,Snow,Snow,"Surface condition (e.g., wet, icy)",Intersection:  Other intersection (explain in narrative),Paved,,Property Damage Only,0,0,0,0,0,0,15000,2,2,,POINT (-91.12746883707 41.782378404021)
2014785000,2014001474,02/08/2014,02-February,7-Saturday,19:19,1900 Hours,District 6 (East Central),IOWA CITY,JOHNSON,,S MADISON ST & W COURT ST,Collision with:  Vehicle in traffic,On Roadway,"Angle, oncoming left turn",FTYROW:  Making left turn,None Indicated,,Dark - roadway lighted,Snow,Snow,"Surface condition (e.g., wet, icy)",Intersection:  Four-way intersection,Paved,,Property Damage Only,0,0,0,0,0,0,2000,2,3,,POINT (-91.537743615386 41.656637710985)
2014784520,14-005263,02/08/2014,02-February,7-Saturday,19:07,1900 Hours,District 4 (Southwest),COUNCIL BLUFFS,POTTAWATTAMIE,,FAIRMONT AVE,Non-collision events:  Other non-collision (explain in narrative),Shoulder,Non-collision (single vehicle),Swerving/Evasive Action,None Indicated,,Dark - roadway not lighted,Snow,Snow,"Surface condition (e.g., wet, icy)",Non-intersection:  Non-junction/no special feature,Paved,,Property Damage Only,0,0,0,0,0,0,2500,1,3,,POINT (-95.840623081139 41.252117362548)
2014784271,C14000420,02/08/2014,02-February,7-Saturday,10:39,1000 Hours,District 6 (East Central),CORALVILLE,JOHNSON,US 6,US 6/2ND ST & IA 965/CORAL RIDGE AVE,Collision with:  Vehicle in traffic,On Roadway,Rear-end (front to rear),Other (explain in narrative):  Other,None Indicated,,Daylight,Snow,Snow,"Surface condition (e.g., wet, icy)",Intersection:  Four-way intersection,Paved,,Property Damage Only,0,0,0,0,0,0,8500,2,3,,POINT (-91.608925191887 41.688496013916)
2014785691,2014009281,02/08/2014,02-February,7-Saturday,13:25,1300 Hours,District 5 (Southeast),,DECATUR,I-35,I-35,Non-collision events:  Jackknife,On Roadway,Non-collision (single vehicle),Driving too fast for conditions,None Indicated,,Daylight,Wet,Cloudy,None apparent,Non-intersection:  Other non-intersection (explain in narrative),Paved,,Property Damage Only,0,0,0,0,0,0,20000,1,1,,POINT (-93.857573206208 40.656284349412)
2014784232,01-14-5644,02/08/2014,02-February,7-Saturday,15:25,1500 Hours,District 6 (East Central),DUBUQUE,DUBUQUE,,MARMORA ST & PENNSYLVANIA AVE,Non-collision events:  Other non-collision (explain in narrative),On Roadway,Non-collision (single vehicle),Lost Control,None Indicated,,Daylight,Snow,Snow,None apparent,Intersection:  T-intersection,Paved,,Property Damage Only,0,0,0,0,0,0,1750,1,2,,POINT (-90.7039953383 42.500436266963)
2014784382,14-000630,02/08/2014,02-February,7-Saturday,09:45,0900 Hours,District 1 (Central),ANKENY,POLK,I-35,I-35,Collision with fixed object:  Guardrail - face,Median,Non-collision (single vehicle),Ran off road - left,None Indicated,,Daylight,Snow,Snow,None apparent,Non-intersection:  Non-junction/no special feature,Paved,,Possible/Unknown,0,1,0,0,1,0,2750,1,1,,POINT (-93.576679826287 41.725570342144)
2014787234,,02/08/2014,02-February,7-Saturday,16:00,1600 Hours,District 1 (Central),DES MOINES,POLK,,INGERSOLL AVE,Collision with:  Vehicle in traffic,On Roadway,"Sideswipe, same direction",Unknown,None Indicated,,Daylight,Slush,Cloudy,,Non-intersection:  Other non-intersection (explain in narrative),Paved,,Property Damage Only,0,0,0,0,0,0,3000,2,6,,POINT (-93.65412268226 41.585698036081)
2014784406,20140003612,02/08/2014,02-February,7-Saturday,21:01,2100 Hours,District 1 (Central),DES MOINES,POLK,,SW 1ST ST & INDIANOLA RD,Collision with fixed object:  Utility pole/light support,On Roadway,Non-collision (single vehicle),Unknown,None Indicated,,Dark - roadway lighted,Wet,Clear,None apparent,Non-intersection:  Non-junction/no special feature,Paved,,Property Damage Only,0,0,0,0,0,0,2300,1,1,,POINT (-93.617811696164 41.572306925724)
2014785128,14001395,02/08/2014,02-February,7-Saturday,13:32,1300 Hours,District 1 (Central),,TAMA,,Co Rd T47/HWY T47 & 150TH ST,Collision with:  Vehicle in traffic,On Roadway,"Sideswipe, same direction",Driving too fast for conditions,None Indicated,,Daylight,Snow,Snow,None apparent,Non-intersection:  Non-junction/no special feature,Paved,,Property Damage Only,0,0,0,0,0,0,2000,2,2,,POINT (-92.709047688292 42.224782232665)
2014784486,14-0684,02/08/2014,02-February,7-Saturday,13:35,1300 Hours,District 1 (Central),WEST DES MOINES,POLK,,WESTOWN PKWY & 50TH ST,Collision with:  Vehicle in traffic,On Roadway,Rear-end (front to rear),Lost Control,None Indicated,,Daylight,Snow,Cloudy,"Surface condition (e.g., wet, icy)",Non-intersection:  Non-junction/no special feature,Paved,,Possible/Unknown,0,1,0,0,1,0,2000,2,3,,POINT (-93.7712222937 41.595429543657)
2014786431,14-000607,02/08/2014,02-February,7-Saturday,08:09,0800 Hours,District 1 (Central),AMES,STORY,I-35,I-35,Collision with:  Vehicle in traffic,On Roadway,"Sideswipe, same direction",Lost Control,None Indicated,,Daylight,Ice/frost,Snow,"Surface condition (e.g., wet, icy)",Non-intersection:  Non-junction/no special feature,Paved,,Property Damage Only,0,0,0,0,0,0,7000,2,3,,POINT (-93.571096242491 42.028236112915)
2014784395,14-0160,02/08/2014,02-February,7-Saturday,10:15,1000 Hours,District 1 (Central),CLIVE,POLK,I-35,I-35,Collision with fixed object:  Concrete traffic barrier (median or right side),On Roadway,Non-collision (single vehicle),Lost Control,None Indicated,,Daylight,Snow,Snow,"Surface condition (e.g., wet, icy)",Non-intersection:  Non-junction/no special feature,Paved,,Property Damage Only,0,0,0,0,0,0,4000,1,1,,POINT (-93.776870828274 41.609190533762)
2014784338,14002687,02/08/2014,02-February,7-Saturday,12:24,1200 Hours,District 6 (East Central),MARION,LINN,,6TH AVE & 11TH ST,Collision with:  Vehicle in traffic,On Roadway,Broadside (front to side),Driving too fast for conditions,None Indicated,,Daylight,Snow,Snow,None apparent,Intersection:  Four-way intersection,Paved,,Property Damage Only,0,0,0,0,0,0,4300,2,3,,POINT (-91.598092923599 42.032352960372)
2014785692,2014009282,02/08/2014,02-February,7-Saturday,09:56,0900 Hours,District 6 (East Central),CORALVILLE,JOHNSON,,COMMERCE DR & COMMERCIAL PARK,Collision with:  Vehicle in traffic,On Roadway,Rear-end (front to rear),Other (explain in narrative):  No improper action,None Indicated,,Daylight,Snow,Snow,"Surface condition (e.g., wet, icy)",Non-intersection:  Non-junction/no special feature,Paved,,Property Damage Only,0,0,0,0,0,0,9000,2,2,,POINT (-91.613916632187 41.695545643887)
2014787196,2014009183,02/08/2014,02-February,7-Saturday,07:55,0700 Hours,District 1 (Central),GRINNELL,POWESHIEK,I-80,I-80,Collision with:  Vehicle in traffic,On Roadway,"Sideswipe, same direction",Driving too fast for conditions,None Indicated,,Daylight,Snow,Snow,"Surface condition (e.g., wet, icy)",Non-intersection:  Non-junction/no special feature,Paved,,Property Damage Only,0,0,0,0,0,0,2100,2,4,,POINT (-92.605256485129 41.695778285706)
2014784564,2014-8695,02/08/2014,02-February,7-Saturday,14:50,1400 Hours,District 6 (East Central),DAVENPORT,SCOTT,,E 39TH ST & ELMORE AVE,Collision with:  Vehicle in traffic,On Roadway,Broadside (front to side),Improper Backing,None Indicated,,Daylight,Snow,Snow,None apparent,Intersection:  T-intersection,Paved,,Property Damage Only,0,0,0,0,0,0,3500,2,2,,POINT (-90.527102911379 41.560318977317)
2014790661,140208JD01,02/08/2014,02-February,7-Saturday,16:59,1600 Hours,District 3 (Northwest),ORANGE CITY,SIOUX,,2ND ST SW & FLORIDA AVE SW,Collision with:  Vehicle in traffic,On Roadway,Broadside (front to side),FTYROW:  From yield sign,None Indicated,,Dusk,Snow,Clear,None apparent,Intersection:  Four-way intersection,Paved,,Property Damage Only,0,0,0,0,0,0,5500,2,2,,POINT (-96.063968069652 43.005048646012)
2014785744,W-14-0198,02/08/2014,02-February,7-Saturday,15:43,1500 Hours,District 2 (Northeast),WAUKON,ALLAMAKEE,,E MAIN ST & 3RD ST NE,Collision with:  Vehicle in traffic,On Roadway,Broadside (front to side),Other (explain in narrative):  No improper action,None Indicated,,Daylight,Snow,Clear,"Surface condition (e.g., wet, icy)",Intersection:  T-intersection,Paved,,Property Damage Only,0,0,0,0,0,0,3000,2,3,,POINT (-91.470773776709 43.269245098974)
2014784424,20140003565,02/08/2014,02-February,7-Saturday,10:47,1000 Hours,District 1 (Central),DES MOINES,POLK,,CARPENTER AVE & 19TH ST & KEOSAUQUA WAY,Collision with:  Vehicle in traffic,On Roadway,Broadside (front to side),Driving too fast for conditions,None Indicated,,Daylight,Snow,Snow,None apparent,Intersection:  Four-way intersection,Paved,,Property Damage Only,0,0,0,0,0,0,3500,2,2,,POINT (-93.64262550276 41.602237112484)
2014789857,,02/08/2014,02-February,7-Saturday,12:10,1200 Hours,District 2 (Northeast),CLEAR LAKE,CERRO GORDO,,1ST AVE N,Collision with:  Parked motor vehicle,Outside trafficway,Broadside (front to side),Crossed centerline (undivided),None Indicated,,Daylight,Snow,Cloudy,"Surface condition (e.g., wet, icy)",Non-intersection:  Non-junction/no special feature,Paved,,Property Damage Only,0,0,0,0,0,0,2800,3,1,,POINT (-93.384096582129 43.135917731357)
2014785176,2014009245,02/08/2014,02-February,7-Saturday,10:50,1000 Hours,District 6 (East Central),,CEDAR,I-80,I-80,Collision with:  Vehicle in traffic,On Roadway,Rear-end (front to rear),Swerving/Evasive Action,None Indicated,,Daylight,Snow,Snow,None apparent,Non-intersection:  Non-junction/no special feature,Paved,,Property Damage Only,0,0,0,0,0,0,15500,2,3,,POINT (-91.365968617147 41.666059390603)
2014790910,14-001133,02/08/2014,02-February,7-Saturday,12:10,1200 Hours,District 6 (East Central),INDEPENDENCE,BUCHANAN,,1ST ST W & 17TH AVE SW & 17TH AVE NW,Collision with:  Vehicle in traffic,On Roadway,Broadside (front to side),FTYROW:  From driveway,None Indicated,,Daylight,Snow,Snow,None apparent,Non-intersection:  Driveway access (within),Paved,,Property Damage Only,0,0,0,0,0,0,1600,2,2,,POINT (-91.913960475965 42.468448454213)
2014784659,2014009210,02/08/2014,02-February,7-Saturday,08:45,0800 Hours,District 2 (Northeast),,CERRO GORDO,I-35,I-35,Collision with:  Vehicle in traffic,On Roadway,Rear-end (front to rear),Driving too fast for conditions,None Indicated,,Daylight,Snow,Snow,None apparent,Non-intersection:  Non-junction/no special feature,Paved,,Major Injury,0,2,1,0,1,0,20000,2,3,,POINT (-93.35069436493 42.949351096397)
2014784739,2014-0549,02/08/2014,02-February,7-Saturday,10:43,1000 Hours,District 1 (Central),,HARDIN,,245TH ST,Collision with:  Vehicle in traffic,On Roadway,Broadside (front to side),FTYROW:  From driveway,None Indicated,,Daylight,Snow,Clear,None apparent,Non-intersection:  Driveway access (within),Unpaved,,Property Damage Only,0,0,0,0,0,0,6000,2,2,,POINT (-93.209463746572 42.342346990202)
2014784806,14-0095,02/08/2014,02-February,7-Saturday,17:00,1700 Hours,District 1 (Central),WINDSOR HEIGHTS,POLK,,64TH ST,Collision with:  Vehicle in traffic,On Roadway,Broadside (front to side),Unknown,None Indicated,,Daylight,Snow,Clear,"Surface condition (e.g., wet, icy)",Intersection:  Other intersection (explain in narrative),Paved,,Property Damage Only,0,0,0,0,0,0,5000,2,3,,POINT (-93.704952925461 41.602096999141)
2014786117,2014009259,02/08/2014,02-February,7-Saturday,10:05,1000 Hours,District 6 (East Central),CORALVILLE,JOHNSON,I-80,I-80,Collision with:  Vehicle in traffic,On Roadway,Rear-end (front to rear),Driving too fast for conditions,None Indicated,,Daylight,Snow,Snow,"Surface condition (e.g., wet, icy)",Non-intersection:  Non-junction/no special feature,Paved,,Possible/Unknown,0,1,0,0,1,0,3500,2,2,,POINT (-91.597253065149 41.69313674836)
2014784149,1402088111,02/08/2014,02-February,7-Saturday,16:15,1600 Hours,District 6 (East Central),,CLINTON,IA 136,IA 136/IOWA 136 & 300 AVE,Non-collision events:  Overturn/rollover,On Roadway,Non-collision (single vehicle),Ran off road - left,None Indicated,,Daylight,Snow,Snow,"Surface condition (e.g., wet, icy)",Non-intersection:  Non-junction/no special feature,Paved,,Property Damage Only,0,0,0,0,0,0,5000,1,2,,POINT (-90.50989160394 41.97949457744)
2014784259,29-2014,02/08/2014,02-February,7-Saturday,20:30,2000 Hours,District 4 (Southwest),,HARRISON,,Co Rd L23/LAREDO AVE,Collision with fixed object:  Utility pole/light support,On Roadway,Non-collision (single vehicle),Crossed centerline (undivided),None Indicated,,Dark - roadway not lighted,Snow,Snow,"Surface condition (e.g., wet, icy)",Non-intersection:  Non-junction/no special feature,Paved,,Possible/Unknown,0,1,0,0,1,0,3000,2,2,,POINT (-95.895322980269 41.648228696499)
2014797303,01-14-5630,02/08/2014,02-February,7-Saturday,11:57,1100 Hours,District 6 (East Central),DUBUQUE,DUBUQUE,,PENNSYLVANIA AVE & JOHN F KENNEDY RD,Collision with:  Vehicle in traffic,On Roadway,"Sideswipe, opposite direction",Driving too fast for conditions,None Indicated,,Daylight,Snow,Cloudy,None apparent,Non-intersection:  Non-junction/no special feature,Paved,,Property Damage Only,0,0,0,0,0,0,3235,2,2,,POINT (-90.721250888193 42.500465654626)
2014784521,14-005289,02/08/2014,02-February,7-Saturday,23:18,2300 Hours,District 4 (Southwest),COUNCIL BLUFFS,POTTAWATTAMIE,,AVE A & N 34TH ST,Collision with:  Vehicle in traffic,On Roadway,Broadside (front to side),FTYROW:  From stop sign,None Indicated,,Dark - roadway lighted,Snow,Cloudy,"Surface condition (e.g., wet, icy)",Intersection:  Four-way intersection,Paved,,Property Damage Only,0,0,0,0,0,0,5000,2,2,,POINT (-95.89941817123 41.262818125249)
2014785135,S14-1217,02/08/2014,02-February,7-Saturday,06:00,0600 Hours,District 3 (Northwest),,WOODBURY,US 20,US 20,Collision with fixed object:  Ditch,On Roadway,Non-collision (single vehicle),Lost Control,None Indicated,,Dark - roadway not lighted,Ice/frost,Clear,"Surface condition (e.g., wet, icy)",Non-intersection:  Non-junction/no special feature,Paved,,Property Damage Only,0,0,0,0,0,0,4000,1,1,,POINT (-95.679667872174 42.474669115779)
2014784321,201401911,02/08/2014,02-February,7-Saturday,13:34,1300 Hours,District 6 (East Central),CEDAR RAPIDS,LINN,I-380,I-380,Collision with:  Vehicle in traffic,On Roadway,"Sideswipe, same direction",Ran off road - left,None Indicated,,Daylight,Snow,Snow,None apparent,Interchange-related:  On-ramp merge area,Paved,,Property Damage Only,0,0,0,0,0,0,4500,2,5,,POINT (-91.670899368991 41.952990076209)
2014784316,201401898,02/08/2014,02-February,7-Saturday,08:57,0800 Hours,District 6 (East Central),CEDAR RAPIDS,LINN,,COUNCIL ST NE,Collision with:  Vehicle in traffic,On Roadway,Rear-end (front to rear),FTYROW:  Other (explain in narrative),None Indicated,,Daylight,Snow,Snow,"Surface condition (e.g., wet, icy)",Non-intersection:  Non-junction/no special feature,Paved,,Property Damage Only,0,0,0,0,0,0,1500,2,2,,POINT (-91.658347600024 42.036504633309)
2014786452,14000623,02/08/2014,02-February,7-Saturday,15:00,1500 Hours,District 1 (Central),AMES,STORY,,COUNTRY CLUB BLVD,Collision with:  Vehicle in traffic,On Roadway,Rear-end (front to rear),Lost Control,None Indicated,,Daylight,Snow,Clear,"Surface condition (e.g., wet, icy)",Non-intersection:  Non-junction/no special feature,Paved,,Property Damage Only,0,0,0,0,0,0,1800,2,2,,POINT (-93.642581098003 42.016987240747)
2014784296,2014001458,02/08/2014,02-February,7-Saturday,10:32,1000 Hours,District 6 (East Central),IOWA CITY,JOHNSON,,S 1ST AVE,Collision with:  Vehicle in traffic,On Roadway,Broadside (front to side),Improper Backing,None Indicated,,Daylight,Snow,Snow,None apparent,Non-intersection:  Driveway access (within),Paved,,Property Damage Only,0,0,0,0,0,0,6000,2,3,,POINT (-91.501993812596 41.655961094233)
2014784427,20140003552,02/08/2014,02-February,7-Saturday,09:30,0900 Hours,District 1 (Central),DES MOINES,POLK,I-235,I-235 & SCHOOL ST & 3RD ST,Collision with:  Vehicle in traffic,On Roadway,Rear-end (front to rear),Other (explain in narrative):  Other,None Indicated,,Daylight,Snow,Snow,"Surface condition (e.g., wet, icy)",Non-intersection:  Non-junction/no special feature,Paved,,Possible/Unknown,0,1,0,0,1,0,2000,2,3,,POINT (-93.621533478235 41.595183318334)
2014784847,14-3863,02/08/2014,02-February,7-Saturday,10:53,1000 Hours,District 3 (Northwest),SIOUX CITY,WOODBURY,,7TH ST & PIERCE ST,Collision with:  Vehicle in traffic,On Roadway,Broadside (front to side),Ran Traffic Signal,None Indicated,,Daylight,Wet,Clear,None apparent,Intersection:  Other intersection (explain in narrative),Paved,,Possible/Unknown,0,1,0,0,1,0,2800,2,3,,POINT (-96.404940893095 42.497406260948)
2014784935,W14-013186,02/08/2014,02-February,7-Saturday,16:49,1600 Hours,District 2 (Northeast),WATERLOO,BLACK HAWK,,W MITCHELL AVE & E MITCHELL AVE & KIMBALL AVE,Collision with:  Vehicle in traffic,On Roadway,Rear-end (front to rear),Followed too close,None Indicated,,Daylight,Snow,Clear,"Surface condition (e.g., wet, icy)",Non-intersection:  Non-junction/no special feature,Paved,,Property Damage Only,0,0,0,0,0,0,4000,2,2,,POINT (-92.357152769412 42.476672397506)
2014785687,2014009216,02/08/2014,02-February,7-Saturday,10:03,1000 Hours,District 1 (Central),,POLK,I-35,I-35,Collision with fixed object:  Concrete traffic barrier (median or right side),Median,Non-collision (single vehicle),Driving too fast for conditions,None Indicated,,Daylight,Snow,Snow,"Surface condition (e.g., wet, icy)",Non-intersection:  Non-junction/no special feature,Paved,,Possible/Unknown,0,1,0,0,1,0,2000,1,1,,POINT (-93.613204652991 41.649496424094)
2014784304,14003558,02/08/2014,02-February,7-Saturday,00:40,0000 Hours,District 5 (Southeast),,LEE,US 61,US 61,Collision with:  Animal,,,Animal,None Indicated,,,,,,,Paved,,Property Damage Only,0,0,0,0,0,0,1500,1,1,,POINT (-91.379168991803 40.639588454061)
2014785664,2014-02521,02/08/2014,02-February,7-Saturday,16:19,1600 Hours,District 5 (Southeast),INDIANOLA,WARREN,,E IOWA AVE & N 6TH ST,Collision with:  Vehicle in traffic,On Roadway,Rear-end (front to rear),Driving too fast for conditions,None Indicated,,Daylight,Ice/frost,Clear,"Surface condition (e.g., wet, icy)",Intersection:  T-intersection,Paved,,Property Damage Only,0,0,0,0,0,0,2500,2,2,,POINT (-93.554222581853 41.369197825428)
2014791322,2014016797,02/08/2014,02-February,7-Saturday,09:56,0900 Hours,District 6 (East Central),CORALVILLE,JOHNSON,,STRATFORD CT,Collision with:  Vehicle in traffic,On Roadway,"Sideswipe, same direction",Driving too fast for conditions,None Indicated,,Daylight,Snow,Snow,"Surface condition (e.g., wet, icy)",Non-intersection:  Non-junction/no special feature,Paved,,Property Damage Only,0,0,0,0,0,0,7000,2,3,,POINT (-91.589512791039 41.692105283883)
2014787384,20141012,02/08/2014,02-February,7-Saturday,12:10,1200 Hours,District 6 (East Central),MOUNT VERNON,LINN,US 30,US 30 & IA 1/S 1ST AVE,Collision with:  Vehicle in traffic,On Roadway,"Sideswipe, same direction",FTYROW:  From yield sign,None Indicated,,Daylight,Snow,Snow,"Surface condition (e.g., wet, icy)",Intersection:  Other intersection (explain in narrative),Paved,,Property Damage Only,0,0,0,0,0,0,3500,2,6,,POINT (-91.42303161786 41.916096536333)
2014784236,01-14-5677,02/08/2014,02-February,7-Saturday,17:29,1700 Hours,District 6 (East Central),DUBUQUE,DUBUQUE,,PENNSYLVANIA AVE & HAMBLIN CT,Collision with:  Vehicle in traffic,On Roadway,"Sideswipe, same direction",Lost Control,None Indicated,,Dusk,Snow,Cloudy,None apparent,Intersection:  T-intersection,Paved,,Property Damage Only,0,0,0,0,0,0,7000,3,2,,POINT (-90.723477971009 42.500464911638)
2014784180,140323,02/08/2014,02-February,7-Saturday,09:45,0900 Hours,District 3 (Northwest),DENISON,CRAWFORD,,BROADWAY,Collision with:  Parked motor vehicle,On Roadway,Broadside (front to side),Other (explain in narrative):  No improper action,None Indicated,,Daylight,Slush,Snow,"Surface condition (e.g., wet, icy)",Non-intersection:  Non-junction/no special feature,Paved,,Property Damage Only,0,0,0,0,0,0,1600,2,777,,POINT (-95.355408498993 42.016741318163)
2014786434,14-000612,02/08/2014,02-February,7-Saturday,11:23,1100 Hours,District 1 (Central),AMES,STORY,,LINCOLN WAY & S HYLAND AVE,Collision with:  Vehicle in traffic,On Roadway,Broadside (front to side),Ran Traffic Signal,None Indicated,,Daylight,Snow,Snow,"Surface condition (e.g., wet, icy)",Intersection:  Four-way intersection,Paved,,Possible/Unknown,0,2,0,0,2,0,6500,2,4,,POINT (-93.655587566162 42.022731938951)
2014786710,2014-8612,02/08/2014,02-February,7-Saturday,01:56,0100 Hours,District 6 (East Central),DAVENPORT,SCOTT,,W LOMBARD ST & WARREN ST,Collision with:  Vehicle in traffic,On Roadway,Rear-end (front to rear),Followed too close,Alcohol (Statutory),,Dark - unknown roadway lighting,Snow,Cloudy,None apparent,Non-intersection:  Non-junction/no special feature,Paved,,Property Damage Only,0,0,0,0,0,0,9000,2,3,,POINT (-90.585683111989 41.541876632328)
2014784469,20140003571,02/08/2014,02-February,7-Saturday,11:02,1100 Hours,District 1 (Central),DES MOINES,POLK,IA 28,IA 28/63RD ST & PARK AVE,Collision with:  Vehicle in traffic,On Roadway,"Angle, oncoming left turn",Ran Traffic Signal,None Indicated,,Daylight,Snow,Snow,None apparent,Intersection:  Four-way intersection,Paved,,Property Damage Only,0,0,0,0,0,0,8500,2,5,,POINT (-93.703488234563 41.55561055731)
2014785219,,02/08/2014,02-February,7-Saturday,13:45,1300 Hours,District 6 (East Central),CLINTON,CLINTON,,2ND AVE S & S 11TH ST,Collision with:  Vehicle in traffic,On Roadway,"Sideswipe, same direction",Unknown,None Indicated,,Daylight,Ice/frost,Snow,,Intersection:  T-intersection,Paved,,Property Damage Only,0,0,0,0,0,0,3300,3,4,,POINT (-90.211340716417 41.844709758451)
2014799918,,02/08/2014,02-February,7-Saturday,10:48,1000 Hours,District 5 (Southeast),,WASHINGTON,IA 22,IA 22,Collision with fixed object:  Guardrail - face,On Roadway,Non-collision (single vehicle),Driving too fast for conditions,Under Influence of Alcohol/Drugs/Medications,,Daylight,Slush,Snow,"Surface condition (e.g., wet, icy)",Non-intersection:  Non-junction/no special feature,Paved,,Possible/Unknown,0,1,0,0,1,0,5995,1,3,,POINT (-91.813748134775 41.470938880124)
2014785429,14-013054,02/08/2014,02-February,7-Saturday,09:37,0900 Hours,District 2 (Northeast),LA PORTE CITY,BLACK HAWK,,MAIN ST & WALNUT ST,Collision with:  Vehicle in traffic,On Roadway,Broadside (front to side),FTYROW:  From stop sign,None Indicated,,Daylight,Snow,Snow,"Surface condition (e.g., wet, icy)",Intersection:  Four-way intersection,Paved,,Minor Injury,0,1,0,1,0,0,7000,2,3,,POINT (-92.189177786826 42.313472802498)
2014784478,14-0280,02/08/2014,02-February,7-Saturday,14:00,1400 Hours,District 4 (Southwest),URBANDALE,DALLAS,,W AVE,Non-collision events:  Other non-collision (explain in narrative),On Roadway,Non-collision (single vehicle),Driving too fast for conditions,None Indicated,,Daylight,Dry,Clear,None apparent,Non-intersection:  Non-junction/no special feature,Paved,,Property Damage Only,0,0,0,0,0,0,5000,1,1,,POINT (-93.85290346959 41.657731401676)
2014784396,14-0162,02/08/2014,02-February,7-Saturday,23:40,2300 Hours,District 1 (Central),CLIVE,POLK,,NW 86TH ST,Collision with:  Vehicle in traffic,On Roadway,"Sideswipe, same direction",Other (explain in narrative):  Other,None Indicated,,Dark - roadway lighted,Wet,Cloudy,None apparent,Non-intersection:  Non-junction/no special feature,Paved,,Property Damage Only,0,0,0,0,0,0,1600,2,6,,POINT (-93.73628136669 41.604918037772)
2014784239,01-14-5664,02/08/2014,02-February,7-Saturday,15:28,1500 Hours,District 6 (East Central),DUBUQUE,DUBUQUE,IA 946,IA 946/IOWA 946,Collision with:  Vehicle in traffic,On Roadway,Rear-end (front to rear),Lost Control,None Indicated,,Daylight,Snow,Snow,"Surface condition (e.g., wet, icy)",Non-intersection:  Non-junction/no special feature,Paved,,Property Damage Only,0,0,0,0,0,0,4500,2,2,,POINT (-90.662976843448 42.494410725125)
2014786210,01-14-5637,02/08/2014,02-February,7-Saturday,12:30,1200 Hours,District 6 (East Central),DUBUQUE,DUBUQUE,US 20,US 20/DODGE ST,Collision with:  Vehicle in traffic,On Roadway,"Sideswipe, same direction",Lost Control,None Indicated,,Daylight,Snow,Snow,"Surface condition (e.g., wet, icy)",Non-intersection:  Other non-intersection (explain in narrative),Paved,,Property Damage Only,0,0,0,0,0,0,2000,2,4,,POINT (-90.664783408463 42.491971132154)
2014784555,2014-8658,02/08/2014,02-February,7-Saturday,10:17,1000 Hours,District 6 (East Central),DAVENPORT,SCOTT,,W 4TH ST & CEDAR ST,Collision with:  Vehicle in traffic,On Roadway,Rear-end (front to rear),Swerving/Evasive Action,None Indicated,,Daylight,Snow,Snow,"Surface condition (e.g., wet, icy)",Non-intersection:  Non-junction/no special feature,Paved,,Minor Injury,0,1,0,1,0,0,7000,2,2,,POINT (-90.607187548436 41.523394824146)