Iowa DOT Case Number,Law Enforcement Case Number,Date of Crash,Month of Crash,Day of Week,Time of Crash,Hour,DOT District,City Name,County Name,Route with System,Location Description,First Harmful Event,Location of First Harmful Event,Manner of Crash/Collision,Major Cause,Drug or Alcohol ,Environmental Conditions,Light Conditions,Surface Conditions,Weather Conditions,Roadway Contribution,Roadway Type,Roadway Surface,Work Zone,Crash Severity,Number of Fatalities,Number of Injuries,Number of Major Injuries,Number of Minor Injuries,Number of Possible Injuries,Number of Unknown Injuries,Amount of Property Damage,Number of Vehicles Involved,Total Number of Occupants,Travel Direction,Location
2014784452,20140003688,02/09/2014,02-February,1-Sunday,19:36,1900 Hours,District 1 (Central),DES MOINES,POLK,,E DOUGLAS AVE & COLFAX AVE,Collision with:  Vehicle in traffic,On Roadway,Broadside (front to side),Unknown,None Indicated,,Dark - roadway lighted,Ice/frost,Clear,"Surface condition (e.g., wet, icy)",Non-intersection:  Non-junction/no special feature,Paved,,Property Damage Only,0,0,0,0,0,0,6000,2,4,,POINT (-93.551032405699 41.62955413022)
2014784715,1402092811,02/09/2014,02-February,1-Sunday,22:25,2200 Hours,District 6 (East Central),,CLINTON,US 30,US 30,Non-collision events:  Overturn/rollover,On Roadway,Non-collision (single vehicle),Ran off road - right,None Indicated,,Dark - roadway not lighted,Ice/frost,Clear,None apparent,Non-intersection:  Non-junction/no special feature,Paved,,Possible/Unknown,0,1,0,0,1,0,4500,1,1,,POINT (-90.420032762005 41.81550320967)
2014784238,01-14-5802,02/09/2014,02-February,1-Sunday,17:10,1700 Hours,District 6 (East Central),DUBUQUE,DUBUQUE,US 20,US 20/DODGE ST & UNIVERSITY CONN,Collision with:  Vehicle in traffic,On Roadway,Rear-end (front to rear),Lost Control,None Indicated,,Dusk,Dry,Cloudy,None apparent,Intersection:  T-intersection,Paved,,Property Damage Only,0,0,0,0,0,0,2000,2,3,,POINT (-90.706727870944 42.4919360238)
2014784103,14013431,02/09/2014,02-February,1-Sunday,09:55,0900 Hours,District 2 (Northeast),CEDAR FALLS,BLACK HAWK,IA 27,IA 27,Collision with fixed object:  Concrete traffic barrier (median or right side),On Roadway,Non-collision (single vehicle),Over correcting/over steering,None Indicated,,Daylight,Dry,Clear,None apparent,Non-intersection:  Non-junction/no special feature,Paved,,Property Damage Only,0,0,0,0,0,0,4000,1,2,,POINT (-92.4456751486 42.509357662303)
2014784378,14-886,02/09/2014,02-February,1-Sunday,13:00,1300 Hours,District 1 (Central),,POLK,,NE BERWICK DR,Collision with fixed object:  Other fixed object (explain in narrative),Outside trafficway,Non-collision (single vehicle),Ran off road - right,None Indicated,,Daylight,Dry,Clear,None apparent,Non-intersection:  Non-junction/no special feature,Paved,,Property Damage Only,0,0,0,0,0,0,4000,1,1,,POINT (-93.548091693541 41.673541179932)
2014784559,2014-8865,02/09/2014,02-February,1-Sunday,14:06,1400 Hours,District 6 (East Central),DAVENPORT,SCOTT,,MOUND ST,Collision with:  Vehicle in traffic,On Roadway,"Angle, oncoming left turn",FTYROW:  Making left turn,None Indicated,,Daylight,Dry,Clear,None apparent,Intersection:  T-intersection,Paved,,Property Damage Only,0,0,0,0,0,0,4000,2,2,,POINT (-90.54662153646 41.534726935534)
2014787252,,02/09/2014,02-February,1-Sunday,08:30,0800 Hours,District 2 (Northeast),ALGONA,KOSSUTH,,S SMITH ST,Collision with:  Vehicle in traffic,On Roadway,Broadside (front to side),FTYROW:  From parked position,None Indicated,,Daylight,Ice/frost,Clear,None apparent,Non-intersection:  Non-junction/no special feature,Paved,,Property Damage Only,0,0,0,0,0,0,2700,2,2,,POINT (-94.244081738348 43.067215432848)
2014784370,14-879,02/09/2014,02-February,1-Sunday,03:00,0300 Hours,District 1 (Central),GRIMES,POLK,IA 44,IA 44/1ST ST/NE RAMP/SE RAMP & Co Rd R42/NW 70TH AVE,Collision with fixed object:  Curb/island/raised median,On Roadway,Non-collision (single vehicle),Ran off road - straight,Refused,,Dark - roadway lighted,Slush,Clear,None apparent,Intersection:  Intersection with ramp,Paved,,Property Damage Only,0,0,0,0,0,0,2000,1,1,,POINT (-93.773053060136 41.688433917288)
2014785709,2014009386,02/09/2014,02-February,1-Sunday,06:40,0600 Hours,District 1 (Central),ALTOONA,POLK,I-80,I-80,Collision with fixed object:  Concrete traffic barrier (median or right side),Median,Non-collision (single vehicle),Lost Control,None Indicated,,Dark - roadway not lighted,Snow,Cloudy,None apparent,Non-intersection:  Non-junction/no special feature,Paved,,Property Damage Only,0,0,0,0,0,0,2500,1,1,,POINT (-93.515842699548 41.660891286429)
2014785317,201401963,02/09/2014,02-February,1-Sunday,15:24,1500 Hours,District 6 (East Central),CEDAR RAPIDS,LINN,,TOWER TERRACE RD,Collision with:  Vehicle in traffic,On Roadway,"Sideswipe, same direction",Ran off road - left,None Indicated,,Daylight,Snow,Clear,None apparent,Non-intersection:  Non-junction/no special feature,Paved,,Property Damage Only,0,0,0,0,0,0,4000,2,4,,POINT (-91.717498845467 42.06587515284)
2014788233,2014009406,02/09/2014,02-February,1-Sunday,11:28,1100 Hours,District 1 (Central),HUXLEY,STORY,I-35,I-35 & 315TH ST,Collision with:  Vehicle in traffic,On Roadway,Rear-end (front to rear),Followed too close,None Indicated,,Daylight,Dry,Cloudy,None apparent,Non-intersection:  Non-junction/no special feature,Paved,,Possible/Unknown,0,1,0,0,1,0,20000,3,3,,POINT (-93.571069745918 41.899593888397)
2014784440,20140003661,02/09/2014,02-February,1-Sunday,13:00,1300 Hours,District 1 (Central),DES MOINES,POLK,,HICKMAN RD,Collision with:  Vehicle in traffic,On Roadway,Broadside (front to side),Other (explain in narrative):  Other,None Indicated,,Daylight,Slush,Cloudy,None apparent,Non-intersection:  Non-junction/no special feature,Paved,,Property Damage Only,0,0,0,0,0,0,8000,2,2,,POINT (-93.696582362895 41.614884208173)
2014785285,4514-009,02/09/2014,02-February,1-Sunday,15:30,1500 Hours,District 2 (Northeast),RICEVILLE,HOWARD,,4TH ST & CHERRY ST,Collision with:  Vehicle in traffic,On Roadway,Broadside (front to side),FTYROW:  At uncontrolled intersection,None Indicated,,Daylight,Snow,Cloudy,None apparent,Intersection:  Other intersection (explain in narrative),Paved,,Property Damage Only,0,0,0,0,0,0,18000,2,2,,POINT (-92.552434340726 43.361110255169)
2014786120,2014009415,02/09/2014,02-February,1-Sunday,12:15,1200 Hours,District 6 (East Central),,JOHNSON,US 6,US 6 & EAGLE AVE,Collision with:  Vehicle in traffic,On Roadway,Rear-end (front to rear),Swerving/Evasive Action,None Indicated,,Daylight,Dry,Cloudy,None apparent,Intersection:  Four-way intersection,Paved,,Possible/Unknown,0,3,0,0,3,0,11000,2,4,,POINT (-91.754691637901 41.727663829051)
2014785039,2014001169,02/09/2014,02-February,1-Sunday,11:30,1100 Hours,District 1 (Central),MARSHALLTOWN,MARSHALL,,S CENTER ST,Collision with:  Vehicle in traffic,On Roadway,Rear-end (front to rear),Driving too fast for conditions,None Indicated,,Daylight,Slush,Clear,"Surface condition (e.g., wet, icy)",Non-intersection:  Non-junction/no special feature,Paved,,Property Damage Only,0,0,0,0,0,0,2900,2,2,,POINT (-92.912939090739 42.045844738988)
2014784851,14-3971,02/09/2014,02-February,1-Sunday,16:10,1600 Hours,District 3 (Northwest),SIOUX CITY,WOODBURY,,W 7TH ST,Collision with:  Vehicle in traffic,On Roadway,"Sideswipe, same direction",FTYROW:  Other (explain in narrative),None Indicated,,Daylight,Dry,Clear,None apparent,Intersection:  Four-way intersection,Paved,,Property Damage Only,0,0,0,0,0,0,1500,2,2,,POINT (-96.416599352124 42.502344517816)
2014785322,201401976,02/09/2014,02-February,1-Sunday,20:47,2000 Hours,District 6 (East Central),CEDAR RAPIDS,LINN,,JOHNSON AVE NW & 18TH ST NW,Collision with:  Vehicle in traffic,On Roadway,Broadside (front to side),FTYROW:  From stop sign,None Indicated,,Dark - roadway lighted,Dry,Clear,None apparent,Intersection:  Four-way intersection,Paved,,Property Damage Only,0,0,0,0,0,0,10000,2,3,,POINT (-91.696667540715 41.974486769821)
2014785402,S14-000394,02/09/2014,02-February,1-Sunday,09:44,0900 Hours,District 4 (Southwest),,POTTAWATTAMIE,,350TH ST,Collision with fixed object:  Tree,On Roadway,Non-collision (single vehicle),Ran off road - left,None Indicated,,Daylight,Snow,Cloudy,"Surface condition (e.g., wet, icy)",Non-intersection:  Non-junction/no special feature,Unpaved,,Property Damage Only,0,0,0,0,0,0,5000,1,1,,POINT (-95.51726232977 41.37898414602)
2014784574,201400006529,02/09/2014,02-February,1-Sunday,10:11,1000 Hours,District 5 (Southeast),OTTUMWA,WAPELLO,US 34,US 34 & IA 149/IOWA 149 & WAPELLO ST,Collision with:  Vehicle in traffic,On Roadway,Rear-end (front to rear),Driving too fast for conditions,None Indicated,,Daylight,Snow,Clear,"Surface condition (e.g., wet, icy)",Intersection:  Four-way intersection,Paved,,Property Damage Only,0,0,0,0,0,0,1600,2,2,,POINT (-92.423326899993 41.015285158512)
2014785316,201401962,02/09/2014,02-February,1-Sunday,13:58,1300 Hours,District 6 (East Central),CEDAR RAPIDS,LINN,,33RD AVE SW & ROYAL DR SW,Collision with:  Vehicle in traffic,On Roadway,Broadside (front to side),FTYROW:  Making left turn,None Indicated,,Daylight,Wet,Clear,None apparent,Intersection:  Four-way intersection,Paved,,Property Damage Only,0,0,0,0,0,0,7000,2,3,,POINT (-91.70915045842 41.945644962507)
2014785726,,02/09/2014,02-February,1-Sunday,16:37,1600 Hours,District 5 (Southeast),CHARITON,LUCAS,,PARK AVE & N GRAND ST,Collision with:  Vehicle in traffic,On Roadway,Broadside (front to side),FTYROW:  From yield sign,None Indicated,,Daylight,Snow,Clear,None apparent,Intersection:  Four-way intersection,Paved,,Possible/Unknown,0,1,0,0,1,0,21000,2,3,,POINT (-93.306849221571 41.021805274807)
2014785318,201401965,02/09/2014,02-February,1-Sunday,15:51,1500 Hours,District 6 (East Central),CEDAR RAPIDS,LINN,IA 100,IA 100/COLLINS RD NE & C AVE NE,Collision with:  Vehicle in traffic,On Roadway,Rear-end (front to rear),Followed too close,None Indicated,,Daylight,Slush,Clear,None apparent,Intersection:  Four-way intersection,Paved,,Property Damage Only,0,0,0,0,0,0,3000,2,3,,POINT (-91.638496204062 42.028102074778)
2014784522,14-005341,02/09/2014,02-February,1-Sunday,14:54,1400 Hours,District 4 (Southwest),COUNCIL BLUFFS,POTTAWATTAMIE,,S 24TH ST,Collision with:  Vehicle in traffic,On Roadway,Rear-end (front to rear),Followed too close,None Indicated,,Daylight,Dry,Cloudy,None apparent,Non-intersection:  Non-junction/no special feature,Paved,,Property Damage Only,0,0,0,0,0,0,1800,2,5,,POINT (-95.879207518235 41.22716524848)
2014784372,14-883,02/09/2014,02-February,1-Sunday,10:30,1000 Hours,District 1 (Central),DES MOINES,POLK,,MERLE HAY FRONTAGE RD,Collision with:  Vehicle in traffic,On Roadway,Broadside (front to side),Other (explain in narrative):  No improper action,None Indicated,,Daylight,Ice/frost,Cloudy,"Surface condition (e.g., wet, icy)",Non-intersection:  Driveway access (within),Paved,,Property Damage Only,0,0,0,0,0,0,4000,2,2,,POINT (-93.697349921338 41.649358989583)
2014785182,2014009486,02/09/2014,02-February,1-Sunday,21:36,2100 Hours,District 2 (Northeast),,BLACK HAWK,US 218,US 218,Collision with:  Vehicle in traffic,On Roadway,"Sideswipe, same direction",FTYROW:  Other (explain in narrative),None Indicated,,Dark - roadway lighted,Dry,Clear,None apparent,Non-intersection:  Non-junction/no special feature,Paved,,Possible/Unknown,0,1,0,0,1,0,8000,2,2,,POINT (-92.445377446218 42.618640903397)
2014784651,2014009418,02/09/2014,02-February,1-Sunday,11:45,1100 Hours,District 3 (Northwest),ORANGE CITY,SIOUX,,5TH ST NE & DOVER AVE NE,Collision with:  Vehicle in traffic,On Roadway,Broadside (front to side),FTYROW:  At uncontrolled intersection,None Indicated,,Daylight,Ice/frost,Clear,"Surface condition (e.g., wet, icy)",Intersection:  Four-way intersection,Paved,,Property Damage Only,0,0,0,0,0,0,10500,2,2,,POINT (-96.052533494216 43.010486843381)
2014784798,14-0287,02/09/2014,02-February,1-Sunday,21:28,2100 Hours,District 1 (Central),URBANDALE,POLK,,DENNIS DR,Collision with:  Vehicle in traffic,On Roadway,"Sideswipe, same direction",Over correcting/over steering,None Indicated,,Dark - roadway lighted,Snow,Cloudy,"Surface condition (e.g., wet, icy)",Non-intersection:  Non-junction/no special feature,Paved,,Property Damage Only,0,0,0,0,0,0,6000,2,1,,POINT (-93.724917444784 41.627490205443)
2014784696,14013612,02/09/2014,02-February,1-Sunday,21:44,2100 Hours,District 2 (Northeast),CEDAR FALLS,BLACK HAWK,,Co Rd V14/WAVERLY RD,Non-collision events:  Overturn/rollover,Shoulder,Non-collision (single vehicle),Ran off road - right,None Indicated,,Dark - roadway not lighted,Snow,Clear,"Surface condition (e.g., wet, icy)",Non-intersection:  Non-junction/no special feature,Paved,,Property Damage Only,0,0,0,0,0,0,6200,1,1,,POINT (-92.455668192267 42.593501377575)
2014798704,S14-B0901,02/09/2014,02-February,1-Sunday,14:12,1400 Hours,District 5 (Southeast),,CLARKE,,KENDALL ST & KANSAS ST,Collision with:  Vehicle in traffic,On Roadway,Head-on (front to front),Crossed centerline (undivided),None Indicated,,Daylight,Snow,Cloudy,"Surface condition (e.g., wet, icy)",Intersection:  T-intersection,Unpaved,,Possible/Unknown,0,2,0,0,2,0,6000,2,3,,POINT (-93.927831827917 41.041152408098)
2014790667,140209BJ01,02/09/2014,02-February,1-Sunday,10:25,1000 Hours,District 3 (Northwest),ORANGE CITY,SIOUX,,3RD ST NE,Collision with:  Vehicle in traffic,On Roadway,Rear-end (front to rear),Lost Control,None Indicated,,Daylight,Snow,Clear,"Surface condition (e.g., wet, icy)",Non-intersection:  Non-junction/no special feature,Paved,,Property Damage Only,0,0,0,0,0,0,2300,2,1,,POINT (-96.052732846862 43.008320521206)
2014784523,14-005370,02/09/2014,02-February,1-Sunday,19:44,1900 Hours,District 4 (Southwest),COUNCIL BLUFFS,POTTAWATTAMIE,,S 35TH ST,Collision with:  Vehicle in traffic,On Roadway,"Sideswipe, opposite direction",Unknown,None Indicated,,Dark - roadway lighted,Dry,Clear,None apparent,Non-intersection:  Non-junction/no special feature,Paved,,Property Damage Only,0,0,0,0,0,0,2500,3,3,,POINT (-95.902029455453 41.258447264417)
2014784760,14-0303,02/09/2014,02-February,1-Sunday,13:05,1300 Hours,District 2 (Northeast),OSAGE,MITCHELL,,WALNUT ST & N 10TH ST,Collision with:  Vehicle in traffic,On Roadway,Broadside (front to side),FTYROW:  At uncontrolled intersection,None Indicated,,Daylight,Snow,Cloudy,None apparent,Non-intersection:  Non-junction/no special feature,Paved,,Property Damage Only,0,0,0,0,0,0,1500,2,4,,POINT (-92.805960731378 43.287047390816)
2014788202,2014009475,02/09/2014,02-February,1-Sunday,20:23,2000 Hours,District 1 (Central),WEST DES MOINES,POLK,I-35,I-35,Collision with fixed object:  Concrete traffic barrier (median or right side),On Roadway,Non-collision (single vehicle),Swerving/Evasive Action,None Indicated,,Dark - roadway not lighted,Dry,Clear,None apparent,Non-intersection:  Non-junction/no special feature,Paved,,Property Damage Only,0,0,0,0,0,0,2500,1,1,,POINT (-93.773021005574 41.522881988045)
2014797984,14-0855PD,02/09/2014,02-February,1-Sunday,19:39,1900 Hours,District 1 (Central),BOONE,BOONE,,5TH ST,Collision with:  Parked motor vehicle,On Roadway,Broadside (front to side),Unknown,None Indicated,,Dark - unknown roadway lighting,Snow,Cloudy,None apparent,Non-intersection:  Non-junction/no special feature,Paved,,Property Damage Only,0,0,0,0,0,0,1500,2,1,,POINT (-93.885528340326 42.060627680102)
2014784716,SO1402098091,02/09/2014,02-February,1-Sunday,17:20,1700 Hours,District 6 (East Central),DE WITT,CLINTON,,Co Rd Y68/285TH AVE,Collision with:  Vehicle in traffic,On Roadway,"Angle, oncoming left turn",Swerving/Evasive Action,None Indicated,,Dusk,Snow,Cloudy,"Surface condition (e.g., wet, icy)",Non-intersection:  Non-junction/no special feature,Paved,,Property Damage Only,0,0,0,0,0,0,3000,2,3,,POINT (-90.536463485481 41.778010955009)
2014784853,14-3990,02/09/2014,02-February,1-Sunday,18:50,1800 Hours,District 3 (Northwest),SIOUX CITY,WOODBURY,,SINGING HILLS BLVD,Collision with:  Vehicle in traffic,On Roadway,"Sideswipe, same direction",Unknown,None Indicated,,Dark - roadway lighted,Dry,Clear,None apparent,Non-intersection:  Non-junction/no special feature,Paved,,Property Damage Only,0,0,0,0,0,0,10000,2,3,,POINT (-96.348662799202 42.437448175187)
2014786786,14-006,02/09/2014,02-February,1-Sunday,07:05,0700 Hours,District 3 (Northwest),ROCKWELL CITY,CALHOUN,,Co Rd D36/270TH ST & PRESTON AVE & HIGH ST,Collision with fixed object:  Traffic sign support,Roadside,Non-collision (single vehicle),Swerving/Evasive Action,Alcohol (Statutory),,Dawn,Dry,Clear,None apparent,Non-intersection:  Non-junction/no special feature,Paved,,Property Damage Only,0,0,0,0,0,0,6000,1,1,,POINT (-94.611989564714 42.400199157836)
2014784852,14-3979,02/09/2014,02-February,1-Sunday,17:28,1700 Hours,District 3 (Northwest),SIOUX CITY,WOODBURY,,APACHE DR & INDIAN HILLS DR,Collision with:  Vehicle in traffic,On Roadway,"Sideswipe, same direction",Other (explain in narrative):  Other,None Indicated,,Dusk,Dry,Cloudy,None apparent,Intersection:  Four-way intersection,Paved,,Property Damage Only,0,0,0,0,0,0,7000,2,3,,POINT (-96.376385063834 42.534945322125)
2014784342,14002749,02/09/2014,02-February,1-Sunday,07:58,0700 Hours,District 6 (East Central),MARION,LINN,,GRAND AVE & S 11TH ST & E POST RD,Collision with:  Vehicle in traffic,On Roadway,"Angle, oncoming left turn",FTYROW:  Making left turn,None Indicated,,Daylight,"Mud, dirt",Clear,None apparent,Intersection:  Four-way intersection,Paved,,Property Damage Only,0,0,0,0,0,0,3200,2,3,,POINT (-91.598205209708 42.02064608858)
2014790581,TC0714,02/09/2014,02-February,1-Sunday,14:00,1400 Hours,District 4 (Southwest),MISSOURI VALLEY,HARRISON,,N 5TH ST,Collision with:  Parked motor vehicle,On Roadway,Broadside (front to side),Improper Backing,None Indicated,,Daylight,Snow,Clear,None apparent,Non-intersection:  Non-junction/no special feature,Paved,,Property Damage Only,0,0,0,0,0,0,5500,2,1,,POINT (-95.889375803024 41.563497703866)
2014784850,14-3948,02/09/2014,02-February,1-Sunday,02:30,0200 Hours,District 3 (Northwest),SIOUX CITY,WOODBURY,,S STEELE ST,Collision with:  Parked motor vehicle,On Roadway,Rear-end (front to rear),Unknown,None Indicated,,Dark - roadway lighted,Dry,Cloudy,None apparent,Non-intersection:  Non-junction/no special feature,Paved,,Property Damage Only,0,0,0,0,0,0,1500,2,1,,POINT (-96.368269022106 42.463022321223)
2014784751,14-002914,02/09/2014,02-February,1-Sunday,12:18,1200 Hours,District 5 (Southeast),,MARION,,IDAHO DR & IDAHO LN,Collision with:  Vehicle in traffic,On Roadway,Rear-end (front to rear),Crossed centerline (undivided),None Indicated,,Daylight,Wet,Clear,None apparent,Non-intersection:  Non-junction/no special feature,Paved,,Property Damage Only,0,0,0,0,0,0,8000,3,6,,POINT (-92.957627007244 41.381622019111)
2014784465,20140003642,02/09/2014,02-February,1-Sunday,04:10,0400 Hours,District 1 (Central),DES MOINES,POLK,,ELDER LN & WAKONDA PKWY,Collision with fixed object:  Other fixed object (explain in narrative),Outside trafficway,Non-collision (single vehicle),Exceeded authorized speed,None Indicated,,Dark - roadway lighted,Snow,Cloudy,None apparent,Intersection:  T-intersection,Paved,,Possible/Unknown,0,1,0,0,0,1,17000,1,1,,POINT (-93.639577156149 41.545057945062)
2014786276,2014001495,02/09/2014,02-February,1-Sunday,02:16,0200 Hours,District 6 (East Central),IOWA CITY,JOHNSON,IA 1,IA 1/W BURLINGTON ST/E BURLINGTON ST & S MADISON ST,Collision with:  Vehicle in traffic,On Roadway,Rear-end (front to rear),Unknown,None Indicated,,Dark - roadway lighted,Slush,Cloudy,None apparent,Intersection:  Four-way intersection,Paved,,Property Damage Only,0,0,0,0,0,0,2500,2,5,,POINT (-91.537727509424 41.657880453378)
2014784388,14-000636,02/09/2014,02-February,1-Sunday,17:25,1700 Hours,District 1 (Central),ANKENY,POLK,IA 160,IA 160/SE ORALABOR RD,Collision with:  Vehicle in traffic,On Roadway,Rear-end (front to rear),Other (explain in narrative):  Other,None Indicated,,Dusk,Wet,Clear,None apparent,Non-intersection:  Other non-intersection (explain in narrative),Paved,,Property Damage Only,0,0,0,0,0,0,4000,2,3,,POINT (-93.574409741254 41.702874901124)
2014784445,20140003634,02/09/2014,02-February,1-Sunday,02:45,0200 Hours,District 1 (Central),DES MOINES,POLK,,CARPENTER AVE & 30TH ST & 31ST ST,Collision with fixed object:  Utility pole/light support,On Roadway,Non-collision (single vehicle),Ran off road - left,Refused,,Dark - roadway lighted,Slush,Clear,None apparent,Non-intersection:  Non-junction/no special feature,Paved,,Minor Injury,0,3,0,3,0,0,5000,1,3,,POINT (-93.658429392919 41.60220172953)
2014785229,14-013025,02/09/2014,02-February,1-Sunday,05:33,0500 Hours,District 2 (Northeast),DUNKERTON,BLACK HAWK,IA 281,IA 281/N CANFIELD RD,Collision with:  Animal,,,Animal,None Indicated,,,,,,,Paved,,Property Damage Only,0,0,0,0,0,0,2000,1,1,,POINT (-92.160395466859 42.614736467226)
2014784428,20140003637,02/09/2014,02-February,1-Sunday,06:40,0600 Hours,District 1 (Central),DES MOINES,POLK,,BELL AVE & S UNION ST,Non-collision events:  Other non-collision (explain in narrative),Outside trafficway,Non-collision (single vehicle),Ran off road - left,None Indicated,,Dawn,Snow,Cloudy,None apparent,Intersection:  T-intersection,Paved,,Property Damage Only,0,0,0,0,0,0,4000,1,1,,POINT (-93.616092206444 41.561759613928)
2014784439,20140003660,02/09/2014,02-February,1-Sunday,12:58,1200 Hours,District 1 (Central),DES MOINES,POLK,,E WALNUT ST & E 30TH ST,Collision with:  Vehicle in traffic,On Roadway,"Angle, oncoming left turn",FTYROW:  Making left turn,None Indicated,,Daylight,Dry,Clear,None apparent,Intersection:  Four-way intersection,Paved,,Property Damage Only,0,0,0,0,0,0,7000,2,3,,POINT (-93.558369298203 41.593561874566)
2014784856,14-4007,02/09/2014,02-February,1-Sunday,19:00,1900 Hours,District 3 (Northwest),SIOUX CITY,WOODBURY,,13TH ST,Collision with:  Vehicle in traffic,On Roadway,"Sideswipe, same direction",Unknown,None Indicated,,Dark - roadway lighted,Dry,Clear,None apparent,Non-intersection:  Non-junction/no special feature,Paved,,Property Damage Only,0,0,0,0,0,0,3000,2,1,,POINT (-96.409216448383 42.503978335768)
2014784389,14-000633,02/09/2014,02-February,1-Sunday,14:21,1400 Hours,District 1 (Central),ANKENY,POLK,US 69,US 69/S ANKENY BLVD & SE 8TH ST,Collision with:  Vehicle in traffic,On Roadway,Rear-end (front to rear),Followed too close,None Indicated,,Daylight,Dry,Clear,None apparent,Non-intersection:  Non-junction/no special feature,Paved,,Property Damage Only,0,0,0,0,0,0,1700,2,2,,POINT (-93.600464949505 41.723349870767)
2014786365,S79140044,02/09/2014,02-February,1-Sunday,17:06,1700 Hours,District 1 (Central),,POWESHIEK,,220TH ST,Collision with fixed object:  Utility pole/light support,On Roadway,Non-collision (single vehicle),Driving too fast for conditions,None Indicated,,Daylight,Snow,Clear,None apparent,Non-intersection:  Non-junction/no special feature,Unpaved,,Possible/Unknown,0,1,0,0,0,1,2500,1,1,,POINT (-92.357098145644 41.845893908357)
2014784855,14-3997,02/09/2014,02-February,1-Sunday,21:15,2100 Hours,District 3 (Northwest),SIOUX CITY,WOODBURY,,14TH ST & NEBRASKA ST,Collision with:  Vehicle in traffic,On Roadway,Broadside (front to side),Ran Traffic Signal,None Indicated,,Dark - roadway lighted,Dry,Clear,None apparent,Intersection:  Four-way intersection,Paved,,Possible/Unknown,0,1,0,0,1,0,7000,2,2,,POINT (-96.40355197837 42.504993315484)
2014784652,2014009485,02/09/2014,02-February,1-Sunday,21:44,2100 Hours,District 2 (Northeast),,BLACK HAWK,IA 281,IA 281/FAIRBANK RD,Collision with:  Animal,,,Animal,None Indicated,,,,,,,Paved,,Property Damage Only,0,0,0,0,0,0,2000,1,1,,POINT (-92.144644366423 42.635089673309)
2014790179,14-013617,02/09/2014,02-February,1-Sunday,21:57,2100 Hours,District 2 (Northeast),WATERLOO,BLACK HAWK,,Co Rd V49/N RAYMOND RD & FIRST ST,Collision with fixed object:  Other fixed object (explain in narrative),Outside trafficway,Non-collision (single vehicle),Unknown,None Indicated,,Dark - unknown roadway lighting,Other (explain in narrative),Clear,None apparent,Non-intersection:  Other non-intersection (explain in narrative),Paved,,Major Injury,0,1,1,0,0,0,1200,1,1,,POINT (-92.219376509426 42.525420779349)
2014784443,20140003632,02/09/2014,02-February,1-Sunday,01:46,0100 Hours,District 1 (Central),DES MOINES,POLK,,E UNIVERSITY AVE & PENNSYLVANIA AVE,Collision with fixed object:  Utility pole/light support,Outside trafficway,Non-collision (single vehicle),"Operating vehicle in an reckless, erratic, careless, negligent manner",Alcohol (Statutory),,Dark - roadway lighted,Dry,Cloudy,None apparent,Intersection:  Four-way intersection,Paved,,Property Damage Only,0,0,0,0,0,0,7200,1,1,,POINT (-93.608863543303 41.600385242357)
2014784156,CL14000404,02/09/2014,02-February,1-Sunday,02:00,0200 Hours,District 6 (East Central),CLINTON,CLINTON,,15TH AVE S,Collision with:  Parked motor vehicle,On Roadway,Unknown,Unknown,None Indicated,,Dark - roadway lighted,Slush,Cloudy,"Surface condition (e.g., wet, icy)",Non-intersection:  Non-junction/no special feature,Paved,,Property Damage Only,0,0,0,0,0,0,1500,2,1,,POINT (-90.215542066932 41.830042359089)
2014786255,SO1400437,02/09/2014,02-February,1-Sunday,19:10,1900 Hours,District 5 (Southeast),,JEFFERSON,,Co Rd W21/PLEASANT PLAIN RD,Collision with:  Animal,,,Animal,None Indicated,,,,,,,Paved,,Property Damage Only,0,0,0,0,0,0,2000,1,1,,POINT (-91.86038093457 41.118990292475)
2014794593,1402091910,02/09/2014,02-February,1-Sunday,19:00,1900 Hours,District 6 (East Central),,JONES,IA 64,IA 64/IOWA 64,Collision with:  Animal,,,Animal,None Indicated,,,,,,,Paved,,Property Damage Only,0,0,0,0,0,0,5000,1,1,,POINT (-90.958376272206 42.074034326106)
2014784746,2014001510,02/09/2014,02-February,1-Sunday,14:04,1400 Hours,District 6 (East Central),IOWA CITY,JOHNSON,IA 1,IA 1/E BURLINGTON ST,Collision with:  Vehicle in traffic,On Roadway,Rear-end (front to rear),Driving too fast for conditions,None Indicated,,Daylight,Slush,Cloudy,"Surface condition (e.g., wet, icy)",Intersection:  Other intersection (explain in narrative),Paved,,Property Damage Only,0,0,0,0,0,0,6000,2,2,,POINT (-91.529453899534 41.657819912513)
2014784692,14V02039,02/09/2014,02-February,1-Sunday,10:08,1000 Hours,District 6 (East Central),VINTON,BENTON,,E 6TH ST & S 2ND AVE,Collision with:  Vehicle in traffic,On Roadway,Broadside (front to side),FTYROW:  From stop sign,None Indicated,,Daylight,Snow,Cloudy,"Surface condition (e.g., wet, icy)",Intersection:  Four-way intersection,Paved,,Property Damage Only,0,0,0,0,0,0,7500,2,4,,POINT (-92.0229635565 42.165673749924)
2014784596,14-0407,02/09/2014,02-February,1-Sunday,14:47,1400 Hours,District 1 (Central),FORT DODGE,WEBSTER,,5TH AVE S & S 17TH ST,Collision with:  Vehicle in traffic,On Roadway,Rear-end (front to rear),Other (explain in narrative):  Other,None Indicated,,Daylight,Dry,Clear,None apparent,Intersection:  Four-way intersection,Paved,,Property Damage Only,0,0,0,0,0,0,1600,2,4,,POINT (-94.174912558583 42.501055124976)