Iowa DOT Case Number,Law Enforcement Case Number,Date of Crash,Month of Crash,Day of Week,Time of Crash,Hour,DOT District,City Name,County Name,Route with System,Location Description,First Harmful Event,Location of First Harmful Event,Manner of Crash/Collision,Major Cause,Drug or Alcohol ,Environmental Conditions,Light Conditions,Surface Conditions,Weather Conditions,Roadway Contribution,Roadway Type,Roadway Surface,Work Zone,Crash Severity,Number of Fatalities,Number of Injuries,Number of Major Injuries,Number of Minor Injuries,Number of Possible Injuries,Number of Unknown Injuries,Amount of Property Damage,Number of Vehicles Involved,Total Number of Occupants,Travel Direction,Location
2014784793,20140003790,02/10/2014,02-February,2-Monday,18:59,1800 Hours,District 1 (Central),DES MOINES,POLK,,CENTER ST,Collision with fixed object:  Utility pole/light support,Shoulder,Non-collision (single vehicle),"Operating vehicle in an reckless, erratic, careless, negligent manner",None Indicated,,Dark - roadway lighted,Wet,Clear,"Surface condition (e.g., wet, icy)",Non-intersection:  Non-junction/no special feature,Paved,,Property Damage Only,0,0,0,0,0,0,4000,1,1,,POINT (-93.629838029652 41.591616290928)
2014785029,201400414,02/10/2014,02-February,2-Monday,19:45,1900 Hours,District 6 (East Central),,LINN,,FEATHER RIDGE RD,Collision with:  Other non-fixed object (explain in narrative),On Roadway,Non-collision (single vehicle),Driving too fast for conditions,None Indicated,,Dark - roadway not lighted,Snow,Clear,"Surface condition (e.g., wet, icy)",Intersection:  Y-intersection,Unpaved,,Minor Injury,0,1,0,1,0,0,5000,1,3,,POINT (-91.746237930192 42.124985848205)
2014784438,20140003732,02/10/2014,02-February,2-Monday,09:30,0900 Hours,District 1 (Central),DES MOINES,POLK,,E HARTFORD AVE,Collision with:  Vehicle in traffic,On Roadway,Rear-end (front to rear),Other (explain in narrative):  Other,None Indicated,,Daylight,Ice/frost,Cloudy,"Surface condition (e.g., wet, icy)",Non-intersection:  Non-junction/no special feature,Paved,,Property Damage Only,0,0,0,0,0,0,5000,2,2,,POINT (-93.610423265134 41.569788319882)
2014785805,14-04616,02/10/2014,02-February,2-Monday,18:01,1800 Hours,District 5 (Southeast),BURLINGTON,DES MOINES,,W ROOSEVELT FRONTAGE,Collision with:  Vehicle in traffic,On Roadway,"Sideswipe, opposite direction",Exceeded authorized speed,None Indicated,,Dark - roadway lighted,Dry,Clear,None apparent,Non-intersection:  Non-junction/no special feature,Paved,,Property Damage Only,0,0,0,0,0,0,12000,2,2,,POINT (-91.141744501252 40.808774688883)
2014785790,14-01889,02/10/2014,02-February,2-Monday,18:33,1800 Hours,District 3 (Northwest),,CLAY,US 18,US 18,Collision with:  Animal,On Roadway,Non-collision (single vehicle),Animal,None Indicated,,,,,,,Paved,,Property Damage Only,0,0,0,0,0,0,3000,1,1,,POINT (-95.183081974448 43.184111956133)
2014786146,,02/10/2014,02-February,2-Monday,16:50,1600 Hours,District 6 (East Central),DE WITT,CLINTON,,11TH ST & 5TH AVE,Collision with:  Vehicle in traffic,On Roadway,"Sideswipe, same direction",Made improper turn,None Indicated,,Daylight,Dry,Clear,None apparent,Intersection:  Four-way intersection,Paved,,Property Damage Only,0,0,0,0,0,0,3500,2,4,,POINT (-90.537468263523 41.826232827736)
2014789867,,02/10/2014,02-February,2-Monday,11:54,1100 Hours,District 2 (Northeast),CLEAR LAKE,CERRO GORDO,US 18,US 18,Collision with:  Vehicle in traffic,Outside trafficway,Broadside (front to side),FTYROW:  From parked position,None Indicated,,Daylight,Snow,Clear,None apparent,Non-intersection:  Driveway access (within),Paved,,Property Damage Only,0,0,0,0,0,0,1900,2,2,,POINT (-93.379262945192 43.143651017627)
2014784705,W14-013865,02/10/2014,02-February,2-Monday,14:48,1400 Hours,District 2 (Northeast),WATERLOO,BLACK HAWK,,RANGE CT & CAMPUS VIEW DR,Collision with:  Vehicle in traffic,On Roadway,Broadside (front to side),FTYROW:  From stop sign,None Indicated,,Daylight,Snow,Clear,None apparent,Intersection:  T-intersection,Paved,,Property Damage Only,0,0,0,0,0,0,1700,2,2,,POINT (-92.332461363752 42.430367015043)
2014784728,14-188,02/10/2014,02-February,2-Monday,16:01,1600 Hours,District 3 (Northwest),SPIRIT LAKE,DICKINSON,US 71,US 71/18TH ST & LINCOLN AVE,Collision with:  Vehicle in traffic,On Roadway,Broadside (front to side),FTYROW:  From stop sign,None Indicated,,Daylight,Dry,Clear,None apparent,Intersection:  Four-way intersection,Paved,,Possible/Unknown,0,1,0,0,1,0,12500,2,2,,POINT (-95.107252685504 43.422625040359)
2014784463,20140003725,02/10/2014,02-February,2-Monday,09:02,0900 Hours,District 1 (Central),DES MOINES,POLK,,ARMY POST RD,Collision with:  Vehicle in traffic,On Roadway,Rear-end (front to rear),Followed too close,None Indicated,,Daylight,Dry,Clear,None apparent,Non-intersection:  Driveway access (within),Paved,,Property Damage Only,0,0,0,0,0,0,6500,2,2,,POINT (-93.616379795075 41.526386320959)
2014784586,201400006844,02/10/2014,02-February,2-Monday,11:36,1100 Hours,District 5 (Southeast),OTTUMWA,WAPELLO,,W 2ND ST & S WASHINGTON ST & N WASHINGTON ST,Collision with:  Vehicle in traffic,On Roadway,Broadside (front to side),Ran Stop Sign,None Indicated,,Daylight,Slush,Clear,None apparent,Intersection:  Four-way intersection,Paved,,Possible/Unknown,0,1,0,0,1,0,8000,2,2,,POINT (-92.413073326793 41.019503263582)
2014784418,20140003718,02/10/2014,02-February,2-Monday,08:03,0800 Hours,District 1 (Central),DES MOINES,POLK,,E UNIVERSITY AVE & PENNSYLVANIA AVE,Collision with:  Vehicle in traffic,On Roadway,Broadside (front to side),Unknown,None Indicated,,Daylight,Wet,Clear,None apparent,Intersection:  Four-way intersection,Paved,,Minor Injury,0,2,0,1,1,0,7500,2,2,,POINT (-93.608875627575 41.600394185004)
2014786919,2014-9108,02/10/2014,02-February,2-Monday,20:38,2000 Hours,District 6 (East Central),DAVENPORT,SCOTT,,HOWELL ST,Collision with:  Parked motor vehicle,On Roadway,Head-on (front to front),Lost Control,None Indicated,,Dark - roadway not lighted,Snow,Clear,None apparent,Non-intersection:  Non-junction/no special feature,Paved,,Property Damage Only,0,0,0,0,0,0,8000,3,1,,POINT (-90.604310536376 41.544193803127)
2014793727,14003184,02/10/2014,02-February,2-Monday,13:10,1300 Hours,District 5 (Southeast),,MAHASKA,,Co Rd G55/RIVER RD/FULTON AVE,Non-collision events:  Other non-collision (explain in narrative),Roadside,Non-collision (single vehicle),Driving too fast for conditions,None Indicated,,Daylight,Ice/frost,Clear,"Surface condition (e.g., wet, icy)",Non-intersection:  Non-junction/no special feature,Unpaved,,Possible/Unknown,0,1,0,0,1,0,3000,1,2,,POINT (-92.756105925692 41.24413847668)
2014787570,14-000651,02/10/2014,02-February,2-Monday,14:19,1400 Hours,District 1 (Central),AMES,STORY,,KNAPP ST & STANTON AVE,Collision with:  Vehicle in traffic,On Roadway,Broadside (front to side),Other (explain in narrative):  Other,None Indicated,,Daylight,Snow,Clear,None apparent,Intersection:  Four-way intersection,Paved,,Possible/Unknown,0,1,0,0,1,0,8000,2,3,,POINT (-93.648508884483 42.019124488521)
2014784956,140342,02/10/2014,02-February,2-Monday,06:51,0600 Hours,District 3 (Northwest),DENISON,CRAWFORD,,NORTHWOOD DR,Collision with:  Parked motor vehicle,On Roadway,Rear-end (front to rear),Other (explain in narrative):  Other,None Indicated,,Daylight,Dry,Clear,None apparent,Non-intersection:  Non-junction/no special feature,Paved,,Property Damage Only,0,0,0,0,0,0,3000,2,777,,POINT (-95.353302049455 42.034607078724)
2014785251,14002071,02/10/2014,02-February,2-Monday,20:03,2000 Hours,District 2 (Northeast),MASON CITY,CERRO GORDO,,HILLCREST DR & S GRANT AVE,Collision with:  Vehicle in traffic,On Roadway,"Sideswipe, same direction",Lost Control,None Indicated,,Dark - roadway lighted,Snow,Cloudy,None apparent,Non-intersection:  Non-junction/no special feature,Paved,,Property Damage Only,0,0,0,0,0,0,3500,2,1,,POINT (-93.224594816459 43.145842111341)
2014784561,2014-8978,02/10/2014,02-February,2-Monday,07:56,0700 Hours,District 6 (East Central),DAVENPORT,SCOTT,,IA 461/HARRISON ST & W PLEASANT ST,Collision with:  Vehicle in traffic,On Roadway,"Sideswipe, same direction",Improper or erratic lane changing,None Indicated,,Daylight,Wet,Cloudy,None apparent,Intersection:  Four-way intersection,Paved,,Property Damage Only,0,0,0,0,0,0,11500,2,2,,POINT (-90.577237844604 41.539465322614)
2014810763,14-007-AC-C,02/10/2014,02-February,2-Monday,15:10,1500 Hours,District 3 (Northwest),MILFORD,DICKINSON,US 71,US 71/OKOBOJI AVE & 19TH ST,Collision with:  Vehicle in traffic,On Roadway,Rear-end (front to rear),Followed too close,None Indicated,,Daylight,Dry,Clear,None apparent,Intersection:  T-intersection,Paved,,Possible/Unknown,0,1,0,0,1,0,3800,2,2,,POINT (-95.149971434472 43.333264951901)
2014784264,14-002100,02/10/2014,02-February,2-Monday,10:55,1000 Hours,District 5 (Southeast),,HENRY,US 34,US 34/US34 RAMP,Collision with fixed object:  Guardrail - face,On Roadway,Non-collision (single vehicle),Driving too fast for conditions,None Indicated,,Daylight,Ice/frost,Clear,"Surface condition (e.g., wet, icy)",Interchange-related:  On-ramp,Paved,,Possible/Unknown,0,1,0,0,1,0,3500,1,1,,POINT (-91.637637151691 40.970158264966)
2014784835,14-0418,02/11/2014,02-February,3-Tuesday,08:55,0800 Hours,District 1 (Central),FORT DODGE,WEBSTER,,1ST AVE N & N 15TH ST,Collision with:  Vehicle in traffic,On Roadway,"Angle, oncoming left turn",Other (explain in narrative):  Other,None Indicated,,Daylight,Dry,Clear,None apparent,Non-intersection:  Non-junction/no special feature,Paved,,Property Damage Only,0,0,0,0,0,0,5000,2,2,,POINT (-94.177767680249 42.507275775297)
2014785119,2014-9236,02/11/2014,02-February,3-Tuesday,10:53,1000 Hours,District 6 (East Central),DAVENPORT,SCOTT,,E 36TH ST,Collision with:  Vehicle in traffic,On Roadway,Broadside (front to side),FTYROW:  From driveway,None Indicated,,Daylight,Dry,Clear,None apparent,Non-intersection:  Driveway access (within),Paved,,Property Damage Only,0,0,0,0,0,0,6000,2,2,,POINT (-90.564913980919 41.55673129773)
2014785050,14-000664,02/11/2014,02-February,3-Tuesday,17:31,1700 Hours,District 1 (Central),ANKENY,POLK,,W 1ST ST & SW IRVINEDALE DR & NW IRVINEDALE DR,Collision with:  Vehicle in traffic,On Roadway,Head-on (front to front),Unknown,None Indicated,,Dusk,Dry,Clear,None apparent,Non-intersection:  Non-junction/no special feature,Paved,,Property Damage Only,0,0,0,0,0,0,8000,2,3,,POINT (-93.639105135979 41.731761187153)
2014785090,14-005632,02/11/2014,02-February,3-Tuesday,18:21,1800 Hours,District 4 (Southwest),COUNCIL BLUFFS,POTTAWATTAMIE,IA 192,IA 192/S EXPRESSWAY/SE RAMP & 19TH AVE,Collision with:  Vehicle in traffic,On Roadway,Broadside (front to side),Ran Traffic Signal,None Indicated,,Dark - roadway lighted,Dry,Clear,None apparent,Intersection:  Four-way intersection,Paved,,Possible/Unknown,0,1,0,0,1,0,12700,2,2,,POINT (-95.853784998873 41.243866015561)
2014786540,,02/11/2014,02-February,3-Tuesday,19:20,1900 Hours,District 6 (East Central),CEDAR RAPIDS,LINN,,42ND ST NE,Collision with:  Vehicle in traffic,On Roadway,Rear-end (front to rear),Unknown,None Indicated,,Dark - roadway lighted,Wet,Clear,,Non-intersection:  Non-junction/no special feature,Paved,,Property Damage Only,0,0,0,0,0,0,2100,2,2,,POINT (-91.66233645325 42.021429513217)
2014784804,14-0731,02/11/2014,02-February,3-Tuesday,13:40,1300 Hours,District 1 (Central),WEST DES MOINES,POLK,,MILLS CIVIC PKWY,Collision with:  Vehicle in traffic,On Roadway,"Sideswipe, same direction",Improper or erratic lane changing,None Indicated,,Daylight,Dry,Clear,None apparent,Non-intersection:  Driveway access (within),Paved,,Property Damage Only,0,0,0,0,0,0,2000,2,2,,POINT (-93.780887403487 41.559083173317)
2014785609,2014-2650,02/11/2014,02-February,3-Tuesday,21:09,2100 Hours,District 6 (East Central),BETTENDORF,SCOTT,,VALLEY DR,Collision with:  Vehicle in traffic,On Roadway,"Sideswipe, same direction","Operating vehicle in an reckless, erratic, careless, negligent manner",Alcohol (Statutory),,Dark - roadway not lighted,Dry,Clear,None apparent,Non-intersection:  Non-junction/no special feature,Paved,,Property Damage Only,0,0,0,0,0,0,2500,2,2,,POINT (-90.452821768822 41.552590226374)
2014788284,,02/11/2014,02-February,3-Tuesday,08:30,0800 Hours,District 6 (East Central),CEDAR RAPIDS,LINN,I-380,I-380,Collision with fixed object:  Other fixed object (explain in narrative),Median,Non-collision (single vehicle),Unknown,None Indicated,,Daylight,Ice/frost,Other (explain in narrative),,"Interchange-related:  Off-ramp, diverge area",Paved,,Minor Injury,0,1,0,1,0,0,1500,1,1,,POINT (-91.666929544665 41.997561973635)
2014787571,14-000661,02/11/2014,02-February,3-Tuesday,08:35,0800 Hours,District 1 (Central),AMES,STORY,,MINNETONKA AVE,Collision with fixed object:  Utility pole/light support,Shoulder,Non-collision (single vehicle),Driving too fast for conditions,None Indicated,,Daylight,Snow,Clear,"Surface condition (e.g., wet, icy)",Non-intersection:  Non-junction/no special feature,Paved,,Property Damage Only,0,0,0,0,0,0,2999,1,1,,POINT (-93.60468541718 41.988146814569)
2014785360,14000734,02/11/2014,02-February,3-Tuesday,07:09,0700 Hours,District 3 (Northwest),SHELDON,SIOUX,,Co Rd B20/330TH ST & CYLINDER AVE,Collision with:  Vehicle in traffic,On Roadway,Rear-end (front to rear),Followed too close,None Indicated,,Dawn,Dry,Clear,None apparent,Intersection:  T-intersection,Paved,,Minor Injury,0,1,0,1,0,0,4300,2,2,,POINT (-95.865407583389 43.171335288711)
2014785511,01-14-6065,02/11/2014,02-February,3-Tuesday,15:44,1500 Hours,District 6 (East Central),DUBUQUE,DUBUQUE,,ASBURY RD,Collision with:  Vehicle in traffic,On Roadway,Rear-end (front to rear),Lost Control,None Indicated,,Daylight,Dry,Clear,None apparent,Non-intersection:  Driveway access (within),Paved,,Possible/Unknown,0,1,0,0,1,0,6500,2,2,,POINT (-90.730081533038 42.515049372677)
2014785053,14-0170,02/11/2014,02-February,3-Tuesday,07:45,0700 Hours,District 1 (Central),URBANDALE,POLK,US 6,US 6/HICKMAN RD,Collision with:  Vehicle in traffic,On Roadway,Rear-end (front to rear),Followed too close,None Indicated,,Daylight,Dry,Clear,None apparent,Non-intersection:  Non-junction/no special feature,Paved,,Property Damage Only,0,0,0,0,0,0,2800,2,2,,POINT (-93.760711230685 41.614838019431)
2014785009,14000321,02/11/2014,02-February,3-Tuesday,15:33,1500 Hours,District 6 (East Central),IOWA CITY,JOHNSON,,EVASHEVSKI DR,Collision with:  Vehicle in traffic,On Roadway,Rear-end (front to rear),Improper Backing,None Indicated,,Daylight,Dry,Clear,None apparent,Non-intersection:  Non-junction/no special feature,Paved,,Property Damage Only,0,0,0,0,0,0,2500,2,3,,POINT (-91.553113391831 41.657841020508)
2014787014,,02/11/2014,02-February,3-Tuesday,18:25,1800 Hours,District 3 (Northwest),,SIOUX,,Co Rd B40/390TH ST,Collision with:  Animal,On Roadway,Non-collision (single vehicle),Animal,None Indicated,,Dark - roadway lighted,Dry,Cloudy,,Non-intersection:  Non-junction/no special feature,Paved,,Property Damage Only,0,0,0,0,0,0,8000,1,3,,POINT (-96.32315360863 43.084193554712)
2014785077,14-0732,02/11/2014,02-February,3-Tuesday,17:00,1700 Hours,District 1 (Central),WEST DES MOINES,POLK,,E P TRUE PKWY,Collision with:  Vehicle in traffic,On Roadway,Rear-end (front to rear),Followed too close,None Indicated,,Daylight,Dry,Cloudy,None apparent,Non-intersection:  Non-junction/no special feature,Paved,,Property Damage Only,0,0,0,0,0,0,3000,2,2,,POINT (-93.747064562642 41.5701076062)
2014791691,,02/11/2014,02-February,3-Tuesday,10:21,1000 Hours,District 5 (Southeast),,MUSCATINE,,NEW ERA RD,Collision with fixed object:  Ditch,Shoulder,Non-collision (single vehicle),Crossed centerline (undivided),None Indicated,,Daylight,Dry,Clear,None apparent,Non-intersection:  Non-junction/no special feature,Paved,,Property Damage Only,0,0,0,0,0,0,6170,1,1,,POINT (-90.971733803775 41.463944532904)
2014786920,2014-9328,02/11/2014,02-February,3-Tuesday,18:45,1800 Hours,District 6 (East Central),DAVENPORT,SCOTT,US 6,US 6/KIMBERLY RD/E KIMBERLY RD,Collision with:  Vehicle in traffic,On Roadway,Rear-end (front to rear),Followed too close,None Indicated,,Dark - roadway lighted,Dry,Snow,None apparent,Non-intersection:  Non-junction/no special feature,Paved,,Property Damage Only,0,0,0,0,0,0,2000,2,6,,POINT (-90.567947680566 41.560244981813)
2014785509,01-14-5995,02/11/2014,02-February,3-Tuesday,08:21,0800 Hours,District 6 (East Central),DUBUQUE,DUBUQUE,,ASBURY RD,Collision with:  Vehicle in traffic,On Roadway,Unknown,Other (explain in narrative):  Vision obstructed,None Indicated,,Daylight,Dry,Clear,None apparent,Non-intersection:  Non-junction/no special feature,Paved,,Property Damage Only,0,0,0,0,0,0,8500,2,777,,POINT (-90.718638249715 42.511400042194)
2014784944,W14-014127,02/11/2014,02-February,3-Tuesday,10:20,1000 Hours,District 2 (Northeast),WATERLOO,BLACK HAWK,,POLK ST & ARIZONA ST,Collision with:  Vehicle in traffic,On Roadway,Broadside (front to side),FTYROW:  At uncontrolled intersection,None Indicated,,Daylight,Snow,Clear,None apparent,Intersection:  Four-way intersection,Paved,,Property Damage Only,0,0,0,0,0,0,7000,2,7,,POINT (-92.309715739496 42.495696033208)
2014784800,14-0722,02/11/2014,02-February,3-Tuesday,08:20,0800 Hours,District 1 (Central),WEST DES MOINES,POLK,I-35,I-35,Collision with fixed object:  Concrete traffic barrier (median or right side),Median,Non-collision (single vehicle),Ran off road - right,None Indicated,,Dawn,Dry,Clear,"Surface condition (e.g., wet, icy)",Interchange-related:  On-ramp merge area,Paved,Yes,Property Damage Only,0,0,0,0,0,0,10000,1,1,,POINT (-93.776759895319 41.561903379898)
2014784860,14-000584,02/11/2014,02-February,3-Tuesday,12:08,1200 Hours,District 2 (Northeast),PARKERSBURG,BUTLER,,COATES ST & 4TH ST,Collision with:  Vehicle in traffic,On Roadway,Broadside (front to side),FTYROW:  From stop sign,None Indicated,,Daylight,Snow,Clear,None apparent,Intersection:  Four-way intersection,Paved,,Property Damage Only,0,0,0,0,0,0,3500,2,2,,POINT (-92.788496578684 42.577299151315)
2014784741,14-002141,02/11/2014,02-February,3-Tuesday,07:15,0700 Hours,District 5 (Southeast),WINFIELD,HENRY,,NEBRASKA AVE & W CENTRAL AVE,Collision with:  Vehicle in traffic,On Roadway,Broadside (front to side),Crossed centerline (undivided),None Indicated,,Daylight,Ice/frost,Clear,"Surface condition (e.g., wet, icy)",Intersection:  Other intersection (explain in narrative),Paved,,Property Damage Only,0,0,0,0,0,0,7500,2,3,,POINT (-91.447495585361 41.126109562427)
2014785510,01-14-6002,02/11/2014,02-February,3-Tuesday,09:30,0900 Hours,District 6 (East Central),DUBUQUE,DUBUQUE,,GRANDVIEW AVE S,Collision with:  Vehicle in traffic,On Roadway,Rear-end (front to rear),Crossed centerline (undivided),None Indicated,,Daylight,Dry,Clear,None apparent,Non-intersection:  Crossover-related,Paved,,Property Damage Only,0,0,0,0,0,0,3000,3,4,,POINT (-90.685630251688 42.490899353331)
2014785657,2014-9202,02/11/2014,02-February,3-Tuesday,07:42,0700 Hours,District 6 (East Central),DAVENPORT,SCOTT,,ZENITH AVE,Collision with:  Vehicle in traffic,On Roadway,Rear-end (front to rear),Other (explain in narrative):  Other,None Indicated,,Daylight,Snow,Clear,"Surface condition (e.g., wet, icy)",Non-intersection:  Non-junction/no special feature,Paved,,Property Damage Only,0,0,0,0,0,0,5500,2,4,,POINT (-90.632205625258 41.542268094308)
2014785512,01-14-6076,02/11/2014,02-February,3-Tuesday,17:00,1700 Hours,District 6 (East Central),DUBUQUE,DUBUQUE,,LORAS BLVD & GRANDVIEW AVE N,Collision with:  Vehicle in traffic,On Roadway,"Angle, oncoming left turn",FTYROW:  Making left turn,None Indicated,,Daylight,Dry,Clear,None apparent,Intersection:  Four-way intersection,Paved,,Property Damage Only,0,0,0,0,0,0,3000,2,3,,POINT (-90.688702088615 42.50032682115)
2014785212,,02/11/2014,02-February,3-Tuesday,12:15,1200 Hours,District 3 (Northwest),,POCAHONTAS,,Co Rd N65/290TH AVE & 540TH ST,Collision with fixed object:  Ditch,Outside trafficway,Non-collision (single vehicle),Swerving/Evasive Action,None Indicated,,Daylight,Dry,Clear,None apparent,Intersection:  Four-way intersection,Paved,,Possible/Unknown,0,1,0,0,1,0,4000,1,1,,POINT (-94.541866616348 42.7034249892)
2014786138,,02/11/2014,02-February,3-Tuesday,17:18,1700 Hours,District 2 (Northeast),NEW HAMPTON,CHICKASAW,,W SPRING ST & S SHEAKLEY AVE,Collision with:  Vehicle in traffic,On Roadway,Broadside (front to side),FTYROW:  At uncontrolled intersection,None Indicated,,Dusk,Snow,Clear,None apparent,Non-intersection:  Non-junction/no special feature,Paved,,Property Damage Only,0,0,0,0,0,0,8000,2,2,,POINT (-92.324817822478 43.058316874279)
2014787165,201400007045,02/11/2014,02-February,3-Tuesday,15:14,1500 Hours,District 5 (Southeast),OTTUMWA,WAPELLO,,N COURT ST,Collision with:  Vehicle in traffic,On Roadway,Rear-end (front to rear),Followed too close,None Indicated,,Daylight,Wet,Clear,None apparent,Non-intersection:  Non-junction/no special feature,Paved,,Property Damage Only,0,0,0,0,0,0,3500,2,3,,POINT (-92.409068820512 41.033724656273)
2014785060,20140003866,02/11/2014,02-February,3-Tuesday,15:30,1500 Hours,District 1 (Central),DES MOINES,POLK,I-235,I-235 & 19TH ST,Collision with:  Vehicle in traffic,On Roadway,Broadside (front to side),Ran Traffic Signal,None Indicated,,Daylight,Dry,Clear,None apparent,Intersection:  Intersection with ramp,Paved,,Minor Injury,0,1,0,1,0,0,20000,2,3,,POINT (-93.642531341397 41.596373932253)
2014788616,,02/11/2014,02-February,3-Tuesday,16:45,1600 Hours,District 6 (East Central),CEDAR RAPIDS,LINN,,EDGEWOOD RD SW,Collision with:  Vehicle in traffic,On Roadway,Broadside (front to side),Unknown,None Indicated,,Daylight,Dry,Clear,,Non-intersection:  Driveway access (within),Paved,,Minor Injury,0,1,0,1,0,0,4500,2,2,,POINT (-91.71610825956 41.955422988996)
2014785384,20140003903,02/11/2014,02-February,3-Tuesday,21:53,2100 Hours,District 1 (Central),DES MOINES,POLK,,E HARTFORD AVE & SE 30TH CT,Collision with fixed object:  Ditch,On Roadway,Non-collision (single vehicle),Driving too fast for conditions,None Indicated,,Dark - roadway not lighted,Snow,Cloudy,"Surface condition (e.g., wet, icy)",Intersection:  Other intersection (explain in narrative),Unpaved,,Property Damage Only,0,0,0,0,0,0,1505,1,2,,POINT (-93.558071921506 41.550661600358)
2014785059,20140003863,02/11/2014,02-February,3-Tuesday,14:00,1400 Hours,District 1 (Central),DES MOINES,POLK,,LOCUST ST & 13TH ST,Collision with:  Vehicle in traffic,On Roadway,Broadside (front to side),Other (explain in narrative):  No improper action,None Indicated,,Daylight,Slush,Clear,None apparent,Intersection:  Four-way intersection,Paved,,Possible/Unknown,0,1,0,0,1,0,6000,3,4,,POINT (-93.633576711054 41.584993435059)
2014788237,2014009830,02/11/2014,02-February,3-Tuesday,08:36,0800 Hours,District 1 (Central),,POLK,I-80,I-80,Collision with:  Vehicle in traffic,On Roadway,Rear-end (front to rear),Swerving/Evasive Action,None Indicated,,Daylight,Dry,Clear,None apparent,Non-intersection:  Non-junction/no special feature,Paved,,Property Damage Only,0,0,0,0,0,0,6000,2,3,,POINT (-93.470090388014 41.665573081887)
2014785078,14-0733,02/11/2014,02-February,3-Tuesday,17:23,1700 Hours,District 4 (Southwest),WEST DES MOINES,DALLAS,,UNIVERSITY AVE,Collision with:  Vehicle in traffic,On Roadway,Rear-end (front to rear),Other (explain in narrative):  Other,None Indicated,,Dusk,Dry,Cloudy,None apparent,Intersection:  Four-way intersection,Paved,,Property Damage Only,0,0,0,0,0,0,1700,2,2,,POINT (-93.790745319335 41.600413007575)
2014785088,14-005606,02/11/2014,02-February,3-Tuesday,15:50,1500 Hours,District 4 (Southwest),COUNCIL BLUFFS,POTTAWATTAMIE,,MADISON AVE & CHURCH ST,Collision with:  Vehicle in traffic,On Roadway,Broadside (front to side),FTYROW:  From stop sign,None Indicated,,Daylight,Dry,Cloudy,None apparent,Intersection:  Four-way intersection,Paved,,Property Damage Only,0,0,0,0,0,0,11000,2,3,,POINT (-95.826656527561 41.243454963605)
2014786310,14-0664,02/11/2014,02-February,3-Tuesday,16:19,1600 Hours,District 6 (East Central),HIAWATHA,LINN,,BLAIRS FERRY RD & 6TH AVE,Collision with:  Vehicle in traffic,On Roadway,Rear-end (front to rear),Lost Control,None Indicated,,Daylight,Dry,Cloudy,None apparent,Non-intersection:  Non-junction/no special feature,Paved,,Property Damage Only,0,0,0,0,0,0,3100,2,3,,POINT (-91.677714455658 42.034730003559)
2014784950,14-036,02/11/2014,02-February,3-Tuesday,10:06,1000 Hours,District 2 (Northeast),WAVERLY,BREMER,IA 116,IA 116/4TH ST SW & 2ND AVE SW,Collision with:  Vehicle in traffic,On Roadway,Rear-end (front to rear),Other (explain in narrative):  Other,None Indicated,,Daylight,Dry,Clear,None apparent,Intersection:  Four-way intersection,Paved,,Property Damage Only,0,0,0,0,0,0,5500,2,3,,POINT (-92.47564870405 42.723788489306)
2014785063,20140003890,02/11/2014,02-February,3-Tuesday,18:21,1800 Hours,District 1 (Central),DES MOINES,POLK,,MLK JR PKWY,Collision with:  Vehicle in traffic,On Roadway,Rear-end (front to rear),Followed too close,None Indicated,,Dark - roadway lighted,Dry,Clear,None apparent,Non-intersection:  Non-junction/no special feature,Paved,,Property Damage Only,0,0,0,0,0,0,9000,3,3,,POINT (-93.644702699493 41.586678991563)
2014786403,2014-9217,02/11/2014,02-February,3-Tuesday,08:31,0800 Hours,District 6 (East Central),DAVENPORT,SCOTT,US 61,US 61/BRADY ST,Non-collision events:  Other non-collision (explain in narrative),On Roadway,Non-collision (single vehicle),Ran off road - right,None Indicated,,Daylight,Dry,Cloudy,None apparent,Interchange-related:  On-ramp merge area,Paved,,Minor Injury,0,1,0,1,0,0,4000,1,1,,POINT (-90.565080028346 41.606882137867)
2014785061,20140003881,02/11/2014,02-February,3-Tuesday,16:22,1600 Hours,District 1 (Central),DES MOINES,POLK,,E UNIVERSITY AVE & E 9TH ST,Collision with:  Vehicle in traffic,On Roadway,Broadside (front to side),Ran Traffic Signal,None Indicated,,Daylight,Dry,Clear,None apparent,Intersection:  Four-way intersection,Paved,,Minor Injury,0,1,0,1,0,0,8000,3,3,,POINT (-93.60649994111 41.600424756302)
2014785115,2014-9195,02/11/2014,02-February,3-Tuesday,06:54,0600 Hours,District 6 (East Central),DAVENPORT,SCOTT,,W LOCUST ST,Collision with:  Vehicle in traffic,On Roadway,Rear-end (front to rear),Followed too close,None Indicated,,Daylight,Dry,Clear,None apparent,Non-intersection:  Non-junction/no special feature,Paved,,Property Damage Only,0,0,0,0,0,0,5100,3,5,,POINT (-90.576742534824 41.538284046722)
2014785461,W14-014152,02/11/2014,02-February,3-Tuesday,12:49,1200 Hours,District 2 (Northeast),WATERLOO,BLACK HAWK,US 63,US 63/LOGAN AVE & ESTHER ST,Collision with:  Vehicle in traffic,On Roadway,Broadside (front to side),Ran Traffic Signal,None Indicated,,Daylight,Dry,Clear,None apparent,Intersection:  Four-way intersection,Paved,,Possible/Unknown,0,1,0,0,1,0,7000,3,3,,POINT (-92.337691660853 42.521239501479)