Iowa DOT Case Number,Law Enforcement Case Number,Date of Crash,Month of Crash,Day of Week,Time of Crash,Hour,DOT District,City Name,County Name,Route with System,Location Description,First Harmful Event,Location of First Harmful Event,Manner of Crash/Collision,Major Cause,Drug or Alcohol ,Environmental Conditions,Light Conditions,Surface Conditions,Weather Conditions,Roadway Contribution,Roadway Type,Roadway Surface,Work Zone,Crash Severity,Number of Fatalities,Number of Injuries,Number of Major Injuries,Number of Minor Injuries,Number of Possible Injuries,Number of Unknown Injuries,Amount of Property Damage,Number of Vehicles Involved,Total Number of Occupants,Travel Direction,Location
2014784936,W14-014176,02/11/2014,02-February,3-Tuesday,15:00,1500 Hours,District 2 (Northeast),WATERLOO,BLACK HAWK,,RACHAEL ST,Collision with:  Vehicle in traffic,On Roadway,Rear-end (front to rear),Followed too close,None Indicated,,Daylight,Snow,Clear,None apparent,Unknown,Paved,,Property Damage Only,0,0,0,0,0,0,2000,2,5,,POINT (-92.361552823383 42.462701859061)
2014786256,SO1400472,02/11/2014,02-February,3-Tuesday,17:43,1700 Hours,District 5 (Southeast),,JEFFERSON,US 34,US 34 & Co Rd V63/PACKWOOD RD,Collision with:  Vehicle in traffic,On Roadway,Rear-end (front to rear),Exceeded authorized speed,None Indicated,,Dusk,Dry,Clear,None apparent,Intersection:  Four-way intersection,Paved,,Possible/Unknown,0,2,0,0,2,0,10000,2,2,,POINT (-92.088796161691 41.009576785)
2014784942,W14-014084,02/11/2014,02-February,3-Tuesday,07:40,0700 Hours,District 2 (Northeast),WATERLOO,BLACK HAWK,,BROADWAY ST & WAGNER RD,Collision with:  Vehicle in traffic,On Roadway,Rear-end (front to rear),Other (explain in narrative):  Other,None Indicated,,Daylight,Dry,Clear,None apparent,Intersection:  Four-way intersection,Paved,,Property Damage Only,0,0,0,0,0,0,14000,2,2,,POINT (-92.376909179379 42.535598534068)
2014790167,,02/11/2014,02-February,3-Tuesday,06:26,0600 Hours,District 2 (Northeast),,WINNESHIEK,US 52,US 52,Collision with:  Vehicle in traffic,On Roadway,Broadside (front to side),FTYROW:  From driveway,None Indicated,,Dawn,Dry,Clear,None apparent,Non-intersection:  Driveway access (within),Paved,,Property Damage Only,0,0,0,0,0,0,12000,2,3,,POINT (-91.861518032612 43.440158870056)
2014785329,201402054,02/11/2014,02-February,3-Tuesday,16:24,1600 Hours,District 6 (East Central),CEDAR RAPIDS,LINN,,FRANKLIN AVE NE & 27TH ST NE,Collision with:  Vehicle in traffic,On Roadway,Broadside (front to side),FTYROW:  From stop sign,None Indicated,,Daylight,Snow,Clear,None apparent,Intersection:  Four-way intersection,Paved,,Property Damage Only,0,0,0,0,0,0,8000,2,2,,POINT (-91.641461329308 42.004576539226)
2014784805,14-0721,02/11/2014,02-February,3-Tuesday,07:48,0700 Hours,District 1 (Central),WEST DES MOINES,POLK,I-235,I-235,Collision with:  Vehicle in traffic,On Roadway,Rear-end (front to rear),Followed too close,None Indicated,,Daylight,Dry,Cloudy,None apparent,Non-intersection:  Non-junction/no special feature,Paved,,Property Damage Only,0,0,0,0,0,0,5000,2,2,,POINT (-93.725483097749 41.593340364092)
2014785031,14002961,02/11/2014,02-February,3-Tuesday,18:44,1800 Hours,District 6 (East Central),MARION,LINN,,13TH ST,Collision with:  Parked motor vehicle,On Roadway,Unknown,Improper Backing,None Indicated,,Dark - roadway lighted,Wet,Clear,None apparent,Non-intersection:  Non-junction/no special feature,Paved,,Property Damage Only,0,0,0,0,0,0,2000,2,1,,POINT (-91.595791172166 42.030451502845)
2014785416,14-2627,02/11/2014,02-February,3-Tuesday,13:26,1300 Hours,District 6 (East Central),BETTENDORF,SCOTT,US 67,US 67/GRANT ST & 21ST ST,Collision with:  Vehicle in traffic,On Roadway,"Sideswipe, same direction",FTYROW:  Other (explain in narrative),None Indicated,,Daylight,Dry,Clear,None apparent,Non-intersection:  Non-junction/no special feature,Paved,,Property Damage Only,0,0,0,0,0,0,2500,2,4,,POINT (-90.503413006079 41.526249115458)
2014785327,201402031,02/11/2014,02-February,3-Tuesday,07:36,0700 Hours,District 6 (East Central),CEDAR RAPIDS,LINN,I-380,I-380,Collision with:  Vehicle in traffic,On Roadway,"Sideswipe, same direction",Other (explain in narrative):  No improper action,None Indicated,,Daylight,Ice/frost,Clear,"Surface condition (e.g., wet, icy)",Interchange-related:  On-ramp merge area,Paved,,Property Damage Only,0,0,0,0,0,0,6000,2,2,,POINT (-91.672207123378 41.969036723786)
2014784945,W14-014159,02/11/2014,02-February,3-Tuesday,13:52,1300 Hours,District 2 (Northeast),WATERLOO,BLACK HAWK,,WILLISTON AVE & BALTIMORE ST,Collision with:  Vehicle in traffic,On Roadway,"Angle, oncoming left turn",Crossed centerline (undivided),None Indicated,,Daylight,Dry,Clear,None apparent,Intersection:  Four-way intersection,Paved,,Possible/Unknown,0,1,0,0,1,0,8000,2,3,,POINT (-92.349936593527 42.48389942299)
2014785118,2014-9231,02/11/2014,02-February,3-Tuesday,10:37,1000 Hours,District 6 (East Central),DAVENPORT,SCOTT,,E LOCUST ST & PERRY ST,Collision with:  Vehicle in traffic,On Roadway,Rear-end (front to rear),Followed too close,None Indicated,,Daylight,Dry,Clear,None apparent,Intersection:  T-intersection,Paved,,Property Damage Only,0,0,0,0,0,0,8000,2,2,,POINT (-90.572727317167 41.538271367802)
2014785430,14-000772,02/11/2014,02-February,3-Tuesday,15:15,1500 Hours,District 2 (Northeast),ALGONA,KOSSUTH,US 169,US 169,Collision with:  Vehicle in traffic,On Roadway,"Sideswipe, opposite direction",Crossed centerline (undivided),None Indicated,,Daylight,Dry,Cloudy,None apparent,Non-intersection:  Driveway access (within),Paved,,Property Damage Only,0,0,0,0,0,0,2500,2,2,,POINT (-94.236082789568 43.081709848918)
2014784780,20140003829,02/11/2014,02-February,3-Tuesday,07:45,0700 Hours,District 1 (Central),DES MOINES,POLK,I-235,I-235 & SCHOOL ST & 3RD ST,Collision with:  Vehicle in traffic,On Roadway,"Sideswipe, same direction",Improper or erratic lane changing,None Indicated,,Daylight,Snow,Clear,"Surface condition (e.g., wet, icy)",Non-intersection:  Non-junction/no special feature,Paved,,Property Damage Only,0,0,0,0,0,0,3000,2,2,,POINT (-93.621533478235 41.595183318334)
2014785085,14-005576,02/11/2014,02-February,3-Tuesday,13:12,1300 Hours,District 4 (Southwest),COUNCIL BLUFFS,POTTAWATTAMIE,I-29,I-29 & IA 92/OMAHA BRIDGE RD,Collision with:  Vehicle in traffic,On Roadway,"Angle, oncoming left turn",Made improper turn,None Indicated,,Daylight,Dry,Cloudy,None apparent,Intersection:  Four-way intersection,Paved,,Possible/Unknown,0,2,0,0,2,0,5000,2,3,,POINT (-95.831167784789 41.221368386758)
2014785328,201402057,02/11/2014,02-February,3-Tuesday,16:30,1600 Hours,District 6 (East Central),CEDAR RAPIDS,LINN,,MOUNT VERNON RD SE,Collision with:  Vehicle in traffic,On Roadway,Broadside (front to side),FTYROW:  From stop sign,None Indicated,,Daylight,Dry,Clear,None apparent,Non-intersection:  Driveway access (within),Paved,,Property Damage Only,0,0,0,0,0,0,6000,2,2,,POINT (-91.610596405941 41.976854608191)
2014786543,,02/11/2014,02-February,3-Tuesday,07:35,0700 Hours,District 6 (East Central),CEDAR RAPIDS,LINN,,ELLIS RD NW & 18TH ST NW,Collision with:  Vehicle in traffic,On Roadway,Rear-end (front to rear),Unknown,None Indicated,,Dawn,Dry,Clear,,Non-intersection:  Non-junction/no special feature,Paved,,Property Damage Only,0,0,0,0,0,0,5800,2,2,,POINT (-91.69702690905 42.004806509605)
2014786984,,02/11/2014,02-February,3-Tuesday,04:06,0400 Hours,District 2 (Northeast),RAKE,WINNEBAGO,,Co Rd R20/500TH ST/20TH AVE & RAKE AVE,Collision with fixed object:  Other fixed object (explain in narrative),Roadside,Non-collision (single vehicle),Ran Stop Sign,Alcohol (Statutory),,Dark - roadway not lighted,Dry,Clear,None apparent,Intersection:  T-intersection,Paved,,Property Damage Only,0,0,0,0,0,0,5000,1,2,,POINT (-93.932220997271 43.483887485239)
2014785696,2014009802,02/11/2014,02-February,3-Tuesday,07:16,0700 Hours,District 1 (Central),ALTOONA,POLK,I-80,I-80,Collision with:  Vehicle in traffic,On Roadway,"Sideswipe, same direction",Driving too fast for conditions,None Indicated,,Daylight,Dry,Clear,None apparent,Non-intersection:  Non-junction/no special feature,Paved,,Property Damage Only,0,0,0,0,0,0,3000,2,2,,POINT (-93.515842699548 41.660891286429)
2014788099,2014-9294,02/11/2014,02-February,3-Tuesday,16:13,1600 Hours,District 6 (East Central),DAVENPORT,SCOTT,,IA 461/BRADY ST & E GARFIELD ST,Collision with:  Vehicle in traffic,On Roadway,Broadside (front to side),FTYROW:  From stop sign,None Indicated,,Daylight,Ice/frost,Clear,None apparent,Intersection:  T-intersection,Paved,,Possible/Unknown,0,2,0,0,2,0,9500,2,2,,POINT (-90.571081500934 41.548611968579)
2014784808,14-0101,02/11/2014,02-February,3-Tuesday,02:11,0200 Hours,District 1 (Central),WINDSOR HEIGHTS,POLK,,UNIVERSITY AVE,Collision with:  Vehicle in traffic,On Roadway,Broadside (front to side),Unknown,None Indicated,,Dark - roadway lighted,Dry,Clear,None apparent,Intersection:  Four-way intersection,Paved,,Property Damage Only,0,0,0,0,0,0,2500,2,2,,POINT (-93.718169902286 41.600366874069)
2014784953,1402118111,02/11/2014,02-February,3-Tuesday,15:15,1500 Hours,District 6 (East Central),,CLINTON,,Co Rd E50/140 ST & 410 AVE,Collision with:  Vehicle in traffic,On Roadway,"Angle, oncoming left turn",Driving too fast for conditions,None Indicated,,Daylight,Dry,Clear,None apparent,Non-intersection:  Non-junction/no special feature,Paved,,Property Damage Only,0,0,0,0,0,0,2700,2,3,,POINT (-90.296375884899 41.975354986058)
2014786269,C14000444,02/11/2014,02-February,3-Tuesday,10:25,1000 Hours,District 6 (East Central),CORALVILLE,JOHNSON,US 6,US 6/2ND ST,Collision with:  Vehicle in traffic,On Roadway,Rear-end (front to rear),Other (explain in narrative):  Other,None Indicated,,Daylight,Dry,Clear,None apparent,Non-intersection:  Non-junction/no special feature,Paved,,Property Damage Only,0,0,0,0,0,0,1600,2,6,,POINT (-91.577994791937 41.672742719426)
2014791487,,02/11/2014,02-February,3-Tuesday,13:50,1300 Hours,District 6 (East Central),CEDAR RAPIDS,LINN,IA 922,IA 922/1ST AVE E & 13TH ST SE & COLLEGE DR NE,Collision with:  Vehicle in traffic,On Roadway,Rear-end (front to rear),Unknown,None Indicated,,Daylight,Wet,Clear,,Intersection:  Four-way intersection,Paved,,Property Damage Only,0,0,0,0,0,0,1912,2,5,,POINT (-91.655577018921 41.98623458299)
2014785030,14002944,02/11/2014,02-February,3-Tuesday,14:50,1400 Hours,District 6 (East Central),MARION,LINN,,NORTHLAND AVE NE,Collision with:  Vehicle in traffic,On Roadway,Broadside (front to side),FTYROW:  From driveway,None Indicated,,Daylight,Ice/frost,Clear,None apparent,Non-intersection:  Driveway access (within),Paved,,Possible/Unknown,0,1,0,0,1,0,5000,2,2,,POINT (-91.631732392198 42.03256983666)
2014785415,14-2618,02/11/2014,02-February,3-Tuesday,11:25,1100 Hours,District 6 (East Central),BETTENDORF,SCOTT,US 67,US 67/GRANT ST & 13TH ST,Collision with:  Vehicle in traffic,On Roadway,Broadside (front to side),Made improper turn,None Indicated,,Daylight,Dry,Clear,"Surface condition (e.g., wet, icy)",Intersection:  Four-way intersection,Paved,,Property Damage Only,0,0,0,0,0,0,2500,2,3,,POINT (-90.515124204389 41.526196695883)
2014784753,14-003028,02/11/2014,02-February,3-Tuesday,06:04,0600 Hours,District 5 (Southeast),,MARION,IA 14,IA 14/IOWA 14,Collision with:  Animal,,,Animal,None Indicated,,,,,,,Paved,,Property Damage Only,0,0,0,0,0,0,2000,1,1,,POINT (-93.109688983717 41.357409997928)
2014785734,,02/11/2014,02-February,3-Tuesday,08:30,0800 Hours,District 6 (East Central),CEDAR RAPIDS,LINN,I-380,I-380,Collision with:  Vehicle in traffic,On Roadway,"Sideswipe, same direction",Unknown,None Indicated,,Daylight,Dry,Clear,,Non-intersection:  Driveway access (within),Paved,,Property Damage Only,0,0,0,0,0,0,1500,2,2,,POINT (-91.664780297388 41.983126715815)
2014785302,2014001577,02/11/2014,02-February,3-Tuesday,15:40,1500 Hours,District 6 (East Central),IOWA CITY,JOHNSON,,S 1ST AVE,Collision with:  Vehicle in traffic,On Roadway,Rear-end (front to rear),Other (explain in narrative):  Other,None Indicated,,Daylight,Wet,Clear,None apparent,Non-intersection:  Non-junction/no special feature,Paved,,Property Damage Only,0,0,0,0,0,0,1500,2,3,,POINT (-91.501969758655 41.646116291505)
2014787648,2014009824,02/11/2014,02-February,3-Tuesday,08:00,0800 Hours,District 1 (Central),ALTOONA,POLK,I-80,I-80,Collision with:  Vehicle in traffic,On Roadway,"Sideswipe, same direction",FTYROW:  Other (explain in narrative),None Indicated,,Daylight,Dry,Clear,Work Zone (roadway-related),Interchange-related:  On-ramp merge area,Paved,Yes,Property Damage Only,0,0,0,0,0,0,3600,2,2,,POINT (-93.496595768779 41.661786698148)
2014785064,20140003891,02/11/2014,02-February,3-Tuesday,18:28,1800 Hours,District 1 (Central),DES MOINES,POLK,,E DOUGLAS AVE & E 26TH ST,Collision with:  Parked motor vehicle,On Roadway,Rear-end (front to rear),Lost Control,Refused,,Dark - roadway lighted,Ice/frost,Clear,None apparent,Non-intersection:  Non-junction/no special feature,Paved,,Property Damage Only,0,0,0,0,0,0,7000,2,1,,POINT (-93.568295971036 41.629551145084)
2014785086,14-005581,02/11/2014,02-February,3-Tuesday,13:42,1300 Hours,District 4 (Southwest),COUNCIL BLUFFS,POTTAWATTAMIE,I-80,I-80,Collision with:  Vehicle in traffic,On Roadway,"Sideswipe, same direction",Improper or erratic lane changing,None Indicated,,Daylight,Dry,Cloudy,None apparent,Non-intersection:  Other non-intersection (explain in narrative),Paved,,Property Damage Only,0,0,0,0,0,0,11000,2,4,,POINT (-95.909889544205 41.231725104254)
2014785310,2014001580,02/11/2014,02-February,3-Tuesday,16:59,1600 Hours,District 6 (East Central),IOWA CITY,JOHNSON,,PARK RD & N DUBUQUE ST,Collision with:  Vehicle in traffic,On Roadway,"Sideswipe, same direction",Unknown,None Indicated,,Daylight,Slush,Clear,None apparent,Non-intersection:  Non-junction/no special feature,Paved,,Property Damage Only,0,0,0,0,0,0,2200,2,3,,POINT (-91.53283043171 41.671499435763)
2014802844,,02/11/2014,02-February,3-Tuesday,16:32,1600 Hours,District 1 (Central),TOLEDO,TAMA,,WASHINGTON ST & WILSON ST,Collision with:  Vehicle in traffic,,Broadside (front to side),Ran Stop Sign,None Indicated,,,,,,Intersection:  Four-way intersection,Paved,,Property Damage Only,0,0,0,0,0,0,4400,2,3,,POINT (-92.570647898595 41.998123258848)
2014785120,2014-9249,02/11/2014,02-February,3-Tuesday,12:25,1200 Hours,District 6 (East Central),DAVENPORT,SCOTT,,W CENTRAL PARK AVE & N LINCOLN AVE,Collision with:  Vehicle in traffic,On Roadway,Rear-end (front to rear),Followed too close,None Indicated,,Daylight,Dry,Clear,None apparent,Non-intersection:  Driveway access (within),Paved,,Property Damage Only,0,0,0,0,0,0,9000,3,4,,POINT (-90.612954647018 41.545481455406)
2014785257,1402114,02/11/2014,02-February,3-Tuesday,15:45,1500 Hours,District 2 (Northeast),MASON CITY,CERRO GORDO,,S TAFT AVE & 9TH ST SW,Collision with:  Vehicle in traffic,On Roadway,Rear-end (front to rear),Followed too close,None Indicated,,Daylight,Dry,Cloudy,None apparent,Intersection:  T-intersection,Paved,,Property Damage Only,0,0,0,0,0,0,2800,2,2,,POINT (-93.240595337009 43.142982059633)
2014799835,14C00598,02/11/2014,02-February,3-Tuesday,13:19,1300 Hours,District 4 (Southwest),CRESTON,UNION,,W MONTGOMERY ST & N SPRUCE ST,Collision with:  Vehicle in traffic,On Roadway,Broadside (front to side),FTYROW:  At uncontrolled intersection,None Indicated,,Daylight,Snow,Cloudy,"Surface condition (e.g., wet, icy)",Non-intersection:  Non-junction/no special feature,Paved,,Property Damage Only,0,0,0,0,0,0,3500,2,3,,POINT (-94.3696656284 41.05826762797)
2014785071,20140003827,02/11/2014,02-February,3-Tuesday,07:00,0700 Hours,District 1 (Central),DES MOINES,POLK,,ARMY POST RD & CHAFFEE RD & S UNION ST,Collision with:  Vehicle in traffic,On Roadway,"Angle, oncoming left turn",FTYROW:  Making left turn,None Indicated,,Daylight,Dry,Clear,None apparent,Intersection:  Four-way intersection,Paved,,Minor Injury,0,2,0,1,1,0,9500,3,4,,POINT (-93.616104127335 41.526387799504)
2014785144,14-4190,02/11/2014,02-February,3-Tuesday,17:11,1700 Hours,District 3 (Northwest),SIOUX CITY,WOODBURY,,18TH ST & PIERCE ST,Collision with:  Vehicle in traffic,On Roadway,Rear-end (front to rear),Followed too close,None Indicated,,Daylight,Dry,Cloudy,None apparent,Intersection:  Four-way intersection,Paved,,Property Damage Only,0,0,0,0,0,0,4700,2,4,,POINT (-96.405053387569 42.509108729419)
2014786549,,02/11/2014,02-February,3-Tuesday,19:45,1900 Hours,District 5 (Southeast),MUSCATINE,MUSCATINE,US 61,US 61,Collision with:  Animal,On Roadway,Non-collision (single vehicle),Animal,None Indicated,,Dark - roadway lighted,Dry,Cloudy,,Non-intersection:  Non-junction/no special feature,Paved,,Property Damage Only,0,0,0,0,0,0,2500,1,27,,POINT (-91.050747792564 41.45280057266)
2014785733,,02/11/2014,02-February,3-Tuesday,17:55,1700 Hours,District 6 (East Central),CEDAR RAPIDS,LINN,IA 922,IA 922/1ST AVE E & 10TH ST SE & 10TH ST NE,Collision with:  Vehicle in traffic,On Roadway,Rear-end (front to rear),Unknown,None Indicated,,Dusk,Dry,Clear,,Intersection:  Four-way intersection,Paved,,Possible/Unknown,0,1,0,0,1,0,0,2,2,,POINT (-91.659841160485 41.983798675724)
2014788106,2014-9292,02/11/2014,02-February,3-Tuesday,15:57,1500 Hours,District 6 (East Central),DAVENPORT,SCOTT,,IA 461/HARRISON ST,Collision with:  Vehicle in traffic,On Roadway,"Sideswipe, same direction",Unknown,None Indicated,,Daylight,Dry,Cloudy,None apparent,Non-intersection:  Non-junction/no special feature,Paved,,Property Damage Only,0,0,0,0,0,0,7000,3,5,,POINT (-90.577233380448 41.538942855904)
2014787877,14-000263,02/11/2014,02-February,3-Tuesday,09:55,0900 Hours,District 5 (Southeast),SIGOURNEY,KEOKUK,IA 149,IA 149/S MAIN ST & W PLEASANT VALLEY ST & E PLEASANT VALLEY ST,Collision with:  Vehicle in traffic,On Roadway,Broadside (front to side),FTYROW:  From stop sign,None Indicated,,Daylight,Dry,Clear,None apparent,Intersection:  Four-way intersection,Paved,,Possible/Unknown,0,2,0,0,2,0,9000,2,2,,POINT (-92.205171843053 41.330027727136)
2014785379,20140003906,02/11/2014,02-February,3-Tuesday,23:15,2300 Hours,District 1 (Central),DES MOINES,POLK,,UNIVERSITY AVE & MLK JR PKWY,Collision with:  Vehicle in traffic,On Roadway,Broadside (front to side),Ran Traffic Signal,None Indicated,,Dark - roadway lighted,Dry,Clear,None apparent,Intersection:  Other intersection (explain in narrative),Paved,,Property Damage Only,0,0,0,0,0,0,2500,2,2,,POINT (-93.643783372704 41.600411174845)
2014785354,2014001238,02/11/2014,02-February,3-Tuesday,13:41,1300 Hours,District 1 (Central),MARSHALLTOWN,MARSHALL,,MAY ST,Collision with:  Vehicle in traffic,On Roadway,Broadside (front to side),Improper Backing,None Indicated,,Daylight,Snow,Cloudy,None apparent,Non-intersection:  Non-junction/no special feature,Paved,,Property Damage Only,0,0,0,0,0,0,4000,2,2,,POINT (-92.904297104703 42.03936211411)
2014787013,,02/11/2014,02-February,3-Tuesday,17:00,1700 Hours,District 6 (East Central),CEDAR RAPIDS,LINN,,WILEY BLVD SW,Collision with:  Vehicle in traffic,On Roadway,Broadside (front to side),Unknown,None Indicated,,Daylight,Dry,Clear,,Non-intersection:  Driveway access (within),Paved,,Property Damage Only,0,0,0,0,0,0,4500,2,2,,POINT (-91.721006852732 41.946984540494)
2014785303,2014001579,02/11/2014,02-February,3-Tuesday,17:05,1700 Hours,District 6 (East Central),IOWA CITY,JOHNSON,,E BENTON ST,Collision with:  Vehicle in traffic,On Roadway,Rear-end (front to rear),Followed too close,None Indicated,,Dusk,Wet,Clear,None apparent,Non-intersection:  Non-junction/no special feature,Paved,,Property Damage Only,0,0,0,0,0,0,3000,2,2,,POINT (-91.532873199265 41.651099462577)
2014785535,2014-0295,02/11/2014,02-February,3-Tuesday,16:23,1600 Hours,District 1 (Central),JEFFERSON,GREENE,,W MONROE ST,Collision with:  Vehicle in traffic,On Roadway,Broadside (front to side),FTYROW:  From driveway,None Indicated,,Daylight,Snow,Cloudy,"Surface condition (e.g., wet, icy)",Non-intersection:  Driveway access (within),Paved,,Property Damage Only,0,0,0,0,0,0,4500,2,3,,POINT (-94.383251801062 42.013269713472)
2014788737,14-01226,02/11/2014,02-February,3-Tuesday,14:28,1400 Hours,District 5 (Southeast),MOUNT PLEASANT,HENRY,,W MONROE ST & S JEFFERSON ST & N JEFFERSON ST,Collision with:  Vehicle in traffic,On Roadway,Broadside (front to side),Unknown,None Indicated,,Daylight,Snow,Cloudy,None apparent,Intersection:  Four-way intersection,Paved,,Property Damage Only,0,0,0,0,0,0,8000,2,2,,POINT (-91.554592546033 40.966687695125)
2014785081,14-000168,02/11/2014,02-February,3-Tuesday,19:20,1900 Hours,District 1 (Central),JOHNSTON,POLK,,NW 86TH ST,Collision with:  Vehicle in traffic,On Roadway,Rear-end (front to rear),Other (explain in narrative):  Other,None Indicated,,Dark - roadway lighted,Dry,Clear,None apparent,Non-intersection:  Non-junction/no special feature,Paved,,Property Damage Only,0,0,0,0,0,0,3500,2,3,,POINT (-93.736475712913 41.662076201818)
2014787649,2014009826,02/11/2014,02-February,3-Tuesday,08:00,0800 Hours,District 1 (Central),ALTOONA,POLK,I-80,I-80,Collision with:  Vehicle in traffic,On Roadway,"Sideswipe, same direction",Swerving/Evasive Action,None Indicated,,Daylight,Dry,Clear,Work Zone (roadway-related),Non-intersection:  Non-junction/no special feature,Paved,Yes,Possible/Unknown,0,1,0,0,1,0,5000,3,5,,POINT (-93.496595768779 41.661786698148)
2014784947,14-2410,02/11/2014,02-February,3-Tuesday,10:09,1000 Hours,District 2 (Northeast),,BREMER,IA 93,IA 93/IOWA 93 & POSSOM AVE,Collision with:  Vehicle in traffic,On Roadway,"Sideswipe, same direction",Other (explain in narrative):  Other,None Indicated,,Daylight,Dry,Clear,None apparent,Intersection:  T-intersection,Paved,,Property Damage Only,0,0,0,0,0,0,8500,2,2,,POINT (-92.255167758394 42.838439056181)
2014785145,14-4205,02/11/2014,02-February,3-Tuesday,19:45,1900 Hours,District 3 (Northwest),SIOUX CITY,WOODBURY,IA 12,IA 12/GORDON DR,Collision with:  Vehicle in traffic,On Roadway,Broadside (front to side),FTYROW:  From driveway,None Indicated,,Dark - roadway lighted,Dry,Clear,None apparent,Non-intersection:  Driveway access (within),Paved,,Property Damage Only,0,0,0,0,0,0,2000,2,2,,POINT (-96.3517148199 42.478914929321)
2014785087,14-005582,02/11/2014,02-February,3-Tuesday,13:47,1300 Hours,District 4 (Southwest),COUNCIL BLUFFS,POTTAWATTAMIE,US 275,US 275/VETERANS MEMORIAL HWY & PIUTE ST & S EXPRESSWAY,Collision with:  Vehicle in traffic,On Roadway,Broadside (front to side),Ran Traffic Signal,None Indicated,,Daylight,Dry,Cloudy,None apparent,Intersection:  Four-way intersection,Paved,,Minor Injury,0,2,0,2,0,0,11000,2,4,,POINT (-95.850847324773 41.21966661147)
2014785776,14-039,02/11/2014,02-February,3-Tuesday,17:33,1700 Hours,District 2 (Northeast),WAVERLY,BREMER,,16TH ST SW,Collision with:  Vehicle in traffic,On Roadway,Broadside (front to side),FTYROW:  From stop sign,None Indicated,,Dusk,Snow,Cloudy,None apparent,Intersection:  Four-way intersection,Paved,,Property Damage Only,0,0,0,0,0,0,3000,2,2,,POINT (-92.490512270737 42.714949127552)
2014787238,,02/11/2014,02-February,3-Tuesday,15:17,1500 Hours,District 6 (East Central),BELLEVUE,JACKSON,IA 62,IA 62/STATE ST & S 6TH ST & N 6TH ST,Collision with:  Vehicle in traffic,On Roadway,Broadside (front to side),FTYROW:  From stop sign,None Indicated,,Daylight,Slush,Clear,"Surface condition (e.g., wet, icy)",Intersection:  Four-way intersection,Paved,,Property Damage Only,0,0,0,0,0,0,14000,2,2,,POINT (-90.42886500347 42.257374932688)
2014784796,20140003831,02/11/2014,02-February,3-Tuesday,08:05,0800 Hours,District 1 (Central),DES MOINES,POLK,,SW 9TH ST & VIRGINIA AVE,Collision with:  Vehicle in traffic,On Roadway,Broadside (front to side),Ran Traffic Signal,None Indicated,,Daylight,Wet,Clear,None apparent,Intersection:  Four-way intersection,Paved,,Property Damage Only,0,0,0,0,0,0,6000,2,2,,POINT (-93.625699694988 41.558167866849)
2014784813,14-000298,02/11/2014,02-February,3-Tuesday,09:27,0900 Hours,District 1 (Central),ALTOONA,POLK,,ADVENTURELAND DR,Collision with:  Vehicle in traffic,On Roadway,"Sideswipe, same direction",Made improper turn,None Indicated,,Daylight,Slush,Clear,None apparent,Non-intersection:  Non-junction/no special feature,Paved,,Property Damage Only,0,0,0,0,0,0,1800,2,2,,POINT (-93.500137770451 41.658510748719)
2014785907,14-000691,02/11/2014,02-February,3-Tuesday,16:00,1600 Hours,District 1 (Central),ANKENY,POLK,,,Collision with fixed object:  Other fixed object (explain in narrative),On Roadway,Non-collision (single vehicle),Driving too fast for conditions,None Indicated,,Daylight,Unknown,Unknown,Unknown,Non-intersection:  Non-junction/no special feature,,,Property Damage Only,0,0,0,0,0,0,1500,1,1,,POINT (-96.643700149993 40.233091251414)
2014785067,20140003901,02/11/2014,02-February,3-Tuesday,21:17,2100 Hours,District 1 (Central),DES MOINES,POLK,US 6,US 6/EUCLID AVE/E EUCLID AVE & IA 415/2ND AVE,Collision with:  Vehicle in traffic,On Roadway,Rear-end (front to rear),"Operating vehicle in an reckless, erratic, careless, negligent manner",None Indicated,,Dark - roadway lighted,Dry,Clear,None apparent,Non-intersection:  Non-junction/no special feature,Paved,,Property Damage Only,0,0,0,0,0,0,3000,2,3,,POINT (-93.619888968556 41.627708245433)
2014786270,C14000446,02/11/2014,02-February,3-Tuesday,14:05,1400 Hours,District 6 (East Central),CORALVILLE,JOHNSON,US 6,US 6/2ND ST & 10TH AVE,Collision with:  Vehicle in traffic,On Roadway,Rear-end (front to rear),Other (explain in narrative):  Other,None Indicated,,Daylight,Dry,Clear,None apparent,Intersection:  Four-way intersection,Paved,,Property Damage Only,0,0,0,0,0,0,6000,2,3,,POINT (-91.578685211171 41.673030473409)
2014789315,,02/11/2014,02-February,3-Tuesday,09:35,0900 Hours,District 6 (East Central),MAQUOKETA,JACKSON,IA 64,IA 64/E PLATT ST & S OLIVE ST & N OLIVE ST,,On Roadway,Rear-end (front to rear),Other (explain in narrative):  Other,None Indicated,,Daylight,,Clear,,,Paved,,Property Damage Only,0,0,0,0,0,0,6000,2,2,,POINT (-90.664333521052 42.069261603238)
2014784937,W14-014210,02/11/2014,02-February,3-Tuesday,16:30,1600 Hours,District 2 (Northeast),WATERLOO,BLACK HAWK,US 63,US 63/W MULLAN AVE & COMMERCIAL ST & W COMMERCIAL ST,Collision with:  Vehicle in traffic,On Roadway,"Sideswipe, same direction",FTYROW:  Other (explain in narrative),None Indicated,,Daylight,Dry,Clear,None apparent,Intersection:  Four-way intersection,Paved,,Property Damage Only,0,0,0,0,0,0,3500,2,2,,POINT (-92.345074259189 42.49862330823)
2014789278,2014-02653,02/11/2014,02-February,3-Tuesday,07:24,0700 Hours,District 5 (Southeast),,WARREN,,50TH AVE,Collision with:  Vehicle in traffic,On Roadway,Head-on (front to front),Driving too fast for conditions,None Indicated,,Dawn,Ice/frost,Clear,"Surface condition (e.g., wet, icy)",Non-intersection:  Non-junction/no special feature,Unpaved,,Property Damage Only,0,0,0,0,0,0,17000,2,2,,POINT (-93.713589988954 41.430525896288)