Iowa DOT Case Number,Law Enforcement Case Number,Date of Crash,Month of Crash,Day of Week,Time of Crash,Hour,DOT District,City Name,County Name,Route with System,Location Description,First Harmful Event,Location of First Harmful Event,Manner of Crash/Collision,Major Cause,Drug or Alcohol ,Environmental Conditions,Light Conditions,Surface Conditions,Weather Conditions,Roadway Contribution,Roadway Type,Roadway Surface,Work Zone,Crash Severity,Number of Fatalities,Number of Injuries,Number of Major Injuries,Number of Minor Injuries,Number of Possible Injuries,Number of Unknown Injuries,Amount of Property Damage,Number of Vehicles Involved,Total Number of Occupants,Travel Direction,Location
2014785393,20140003923,02/12/2014,02-February,4-Wednesday,09:38,0900 Hours,District 1 (Central),DES MOINES,POLK,US 69,US 69/SE 14TH ST & E PARK AVE,Collision with:  Vehicle in traffic,On Roadway,Broadside (front to side),Lost Control,None Indicated,,Daylight,Slush,Cloudy,"Surface condition (e.g., wet, icy)",Intersection:  Four-way intersection,Paved,,Property Damage Only,0,0,0,0,0,0,2000,2,3,,POINT (-93.596868536247 41.555312699918)
2014785311,2014001613,02/12/2014,02-February,4-Wednesday,14:35,1400 Hours,District 6 (East Central),IOWA CITY,JOHNSON,,HIGHLAND AVE & FRANKLIN ST,Collision with:  Vehicle in traffic,On Roadway,Broadside (front to side),FTYROW:  From stop sign,None Indicated,,Daylight,Snow,Clear,None apparent,Intersection:  Four-way intersection,Paved,,Property Damage Only,0,0,0,0,0,0,6500,2,3,,POINT (-91.515846578307 41.645782948425)
2014785465,W14-014517,02/12/2014,02-February,4-Wednesday,16:42,1600 Hours,District 2 (Northeast),WATERLOO,BLACK HAWK,,E 4TH ST,Collision with:  Vehicle in traffic,On Roadway,Rear-end (front to rear),Driving too fast for conditions,None Indicated,,Daylight,Snow,Clear,"Surface condition (e.g., wet, icy)",Intersection:  Four-way intersection,Paved,,Property Damage Only,0,0,0,0,0,0,1700,2,4,,POINT (-92.335434390377 42.498729919591)
2014785446,,02/12/2014,02-February,4-Wednesday,08:07,0800 Hours,District 2 (Northeast),BUFFALO CENTER,WINNEBAGO,IA 9,IA 9/430TH ST/1ST AVE E & Co Rd R20/20TH AVE,Collision with:  Vehicle in traffic,On Roadway,Broadside (front to side),Ran Stop Sign,None Indicated,,Daylight,Snow,Snow,"Surface condition (e.g., wet, icy)",Intersection:  T-intersection,Paved,,Property Damage Only,0,0,0,0,0,0,6000,2,2,,POINT (-93.932014343636 43.385903982577)
2014785374,14-000671,02/12/2014,02-February,4-Wednesday,09:00,0900 Hours,District 1 (Central),ANKENY,POLK,I-35,I-35,Collision with fixed object:  Guardrail - face,On Roadway,Non-collision (single vehicle),Over correcting/over steering,None Indicated,,Daylight,Ice/frost,Clear,"Surface condition (e.g., wet, icy)",Non-intersection:  Non-junction/no special feature,Paved,,Property Damage Only,0,0,0,0,0,0,1650,1,1,,POINT (-93.575997948303 41.694985750487)
2014786746,,02/12/2014,02-February,4-Wednesday,09:35,0900 Hours,District 5 (Southeast),,DECATUR,US 69,US 69,Collision with fixed object:  Ditch,Roadside,Non-collision (single vehicle),Ran off road - right,None Indicated,,Daylight,Dry,Cloudy,None apparent,Non-intersection:  Non-junction/no special feature,Paved,,Property Damage Only,0,0,0,0,0,0,2500,1,1,,POINT (-93.776887574622 40.686845136474)
2014794945,SO14-0214,02/12/2014,02-February,4-Wednesday,09:20,0900 Hours,District 2 (Northeast),,WRIGHT,,TAYLOR AVE,Collision with fixed object:  Ditch,On Roadway,Non-collision (single vehicle),Lost Control,None Indicated,,Daylight,Ice/frost,Cloudy,None apparent,Non-intersection:  Non-junction/no special feature,Unpaved,,Minor Injury,0,1,0,1,0,0,6000,1,1,,POINT (-93.602542782244 42.868426364745)
2014786252,4514-010,02/12/2014,02-February,4-Wednesday,18:28,1800 Hours,District 2 (Northeast),,HOWARD,,Co Rd V58/WILLOW AVE,Collision with:  Animal,,,Animal,None Indicated,,,,,,,Paved,,Property Damage Only,0,0,0,0,0,0,1735,1,1,,POINT (-92.11974803095 43.340157301699)
2014785660,2014-9478,02/12/2014,02-February,4-Wednesday,13:40,1300 Hours,District 6 (East Central),DAVENPORT,SCOTT,,N LINCOLN AVE,Collision with:  Vehicle in traffic,On Roadway,Rear-end (front to rear),Followed too close,None Indicated,,Daylight,Wet,Cloudy,None apparent,Non-intersection:  Non-junction/no special feature,Paved,,Property Damage Only,0,0,0,0,0,0,2200,2,2,,POINT (-90.61306535573 41.541169673755)
2014785389,20140003978,02/12/2014,02-February,4-Wednesday,17:29,1700 Hours,District 1 (Central),DES MOINES,POLK,,31ST ST,Collision with:  Parked motor vehicle,Outside trafficway,Unknown,Unknown,None Indicated,,Dusk,Snow,Clear,None apparent,Non-intersection:  Non-junction/no special feature,Paved,,Property Damage Only,0,0,0,0,0,0,1500,2,1,,POINT (-93.659638238325 41.603068500343)
2014785375,14-000673,02/12/2014,02-February,4-Wednesday,09:45,0900 Hours,District 1 (Central),ANKENY,POLK,I-35,I-35,Collision with:  Vehicle in traffic,On Roadway,Rear-end (front to rear),Driving too fast for conditions,None Indicated,,Daylight,Ice/frost,Clear,None apparent,Non-intersection:  Non-junction/no special feature,Paved,,Property Damage Only,0,0,0,0,0,0,5500,2,2,,POINT (-93.57050062887 41.788127773548)
2014785679,14-4250,02/12/2014,02-February,4-Wednesday,08:47,0800 Hours,District 3 (Northwest),SIOUX CITY,WOODBURY,IA 12,IA 12/GORDON DR & IA 376/S LEWIS BLVD,Collision with fixed object:  Bridge overhead structure,Median,Non-collision (single vehicle),Lost Control,None Indicated,,Daylight,Wet,Cloudy,"Surface condition (e.g., wet, icy)",Non-intersection:  Other non-intersection (explain in narrative),Paved,,Property Damage Only,0,0,0,0,0,0,4000,1,1,,POINT (-96.380223861555 42.489890649705)
2014785408,14-005761,02/12/2014,02-February,4-Wednesday,20:50,2000 Hours,District 4 (Southwest),COUNCIL BLUFFS,POTTAWATTAMIE,,VALLEY VIEW DR,Collision with:  Vehicle in traffic,On Roadway,Rear-end (front to rear),Other (explain in narrative):  Other,None Indicated,,Dark - roadway not lighted,Dry,Clear,None apparent,Non-intersection:  Driveway access (within),Paved,,Property Damage Only,0,0,0,0,0,0,6000,2,3,,POINT (-95.813966243452 41.250818070145)
2014785405,14-005739,02/12/2014,02-February,4-Wednesday,09:00,0900 Hours,District 4 (Southwest),COUNCIL BLUFFS,POTTAWATTAMIE,,FRANKLIN AVE,Collision with:  Vehicle in traffic,Outside trafficway,"Sideswipe, same direction",Improper Backing,None Indicated,,Daylight,Dry,Clear,None apparent,Non-intersection:  Non-junction/no special feature,Paved,,Property Damage Only,0,0,0,0,0,0,4000,2,1,,POINT (-95.82404777369 41.253804341018)
2014787654,2014010277,02/12/2014,02-February,4-Wednesday,09:30,0900 Hours,District 1 (Central),,JASPER,I-80,I-80,,On Roadway,Non-collision (single vehicle),Swerving/Evasive Action,None Indicated,,Daylight,Ice/frost,Snow,"Surface condition (e.g., wet, icy)",Non-intersection:  Non-junction/no special feature,Paved,,Property Damage Only,0,0,0,0,0,0,4077,1,1,,POINT (-93.285793265639 41.685274281675)
2014785391,20140003985,02/12/2014,02-February,4-Wednesday,18:21,1800 Hours,District 1 (Central),DES MOINES,POLK,,UNIVERSITY AVE & 4TH ST,Collision with:  Parked motor vehicle,Unknown,Unknown,Unknown,None Indicated,,Unknown,Unknown,Unknown,Unknown,Unknown,Paved,,Property Damage Only,0,0,0,0,0,0,2000,2,1,,POINT (-93.623322970093 41.600343783322)
2014785701,2014010273,02/12/2014,02-February,4-Wednesday,10:20,1000 Hours,District 1 (Central),,JASPER,I-80,I-80,Collision with:  Vehicle in traffic,On Roadway,Rear-end (front to rear),Followed too close,None Indicated,,Daylight,Snow,Snow,"Surface condition (e.g., wet, icy)",Non-intersection:  Non-junction/no special feature,Paved,,Possible/Unknown,0,1,0,0,1,0,8500,2,2,,POINT (-93.229104641549 41.69582253442)
2014785387,20140003969,02/12/2014,02-February,4-Wednesday,16:03,1600 Hours,District 1 (Central),DES MOINES,POLK,US 69,US 69/SE 14TH ST & E RAILROAD AVE,Collision with:  Vehicle in traffic,On Roadway,Rear-end (front to rear),FTYROW:  Other (explain in narrative),None Indicated,,Daylight,Wet,Clear,None apparent,Non-intersection:  Non-junction/no special feature,Paved,,Property Damage Only,0,0,0,0,0,0,4500,3,3,,POINT (-93.596851501494 41.579524380123)
2014785127,14001532,02/12/2014,02-February,4-Wednesday,08:00,0800 Hours,District 1 (Central),MONTOUR,TAMA,,Co Rd E49/HWY E49 & Co Rd T47/HWY T47 & E LINCOLN HWY,Collision with fixed object:  Utility pole/light support,On Roadway,Non-collision (single vehicle),Ran Stop Sign,None Indicated,,Daylight,Snow,Snow,"Surface condition (e.g., wet, icy)",Intersection:  T-intersection,Paved,,Property Damage Only,0,0,0,0,0,0,2001,1,1,,POINT (-92.708460961884 41.977723544574)
2014787727,20140486,02/12/2014,02-February,4-Wednesday,08:15,0800 Hours,District 1 (Central),,GRUNDY,IA 14,IA 14/N AVE & 170TH ST,Collision with:  Vehicle in traffic,On Roadway,Rear-end (front to rear),Crossed centerline (undivided),None Indicated,,Daylight,Snow,Snow,None apparent,Non-intersection:  Non-junction/no special feature,Paved,,Major Injury,0,2,1,1,0,0,117500,3,3,,POINT (-92.768728892075 42.455916174054)
2014785454,S14-14380,02/12/2014,02-February,4-Wednesday,08:13,0800 Hours,District 2 (Northeast),,BLACK HAWK,I-380,I-380,Collision with fixed object:  Utility pole/light support,On Roadway,Non-collision (single vehicle),Ran off road - right,None Indicated,,Daylight,Snow,Snow,"Surface condition (e.g., wet, icy)",Non-intersection:  Non-junction/no special feature,Paved,,Property Damage Only,0,0,0,0,0,0,1600,1,1,,POINT (-92.099217329554 42.370205788636)
2014785370,14-000670,02/12/2014,02-February,4-Wednesday,08:28,0800 Hours,District 1 (Central),ANKENY,POLK,I-35,I-35,Collision with:  Vehicle in traffic,On Roadway,Rear-end (front to rear),Driving too fast for conditions,None Indicated,,Daylight,Snow,Snow,"Surface condition (e.g., wet, icy)",Non-intersection:  Non-junction/no special feature,Paved,,Property Damage Only,0,0,0,0,0,0,4000,2,2,,POINT (-93.570833121745 41.776768346707)
2014784934,W14-014425,02/12/2014,02-February,4-Wednesday,10:15,1000 Hours,District 2 (Northeast),WATERLOO,BLACK HAWK,US 218,US 218/WASHINGTON ST,Collision with:  Vehicle in traffic,On Roadway,"Sideswipe, same direction",Lost Control,None Indicated,,Daylight,Snow,Snow,None apparent,Non-intersection:  Non-junction/no special feature,Paved,,Property Damage Only,0,0,0,0,0,0,1500,2,2,,POINT (-92.389626581268 42.521401806849)
2014785542,C14000462,02/12/2014,02-February,4-Wednesday,15:31,1500 Hours,District 6 (East Central),CORALVILLE,JOHNSON,US 6,US 6/2ND ST,Collision with:  Vehicle in traffic,On Roadway,Rear-end (front to rear),Followed too close,None Indicated,,Daylight,Slush,Cloudy,"Surface condition (e.g., wet, icy)",Non-intersection:  Non-junction/no special feature,Paved,,Property Damage Only,0,0,0,0,0,0,5000,2,2,,POINT (-91.575167174619 41.671861049429)
2014785525,01-14-6176,02/12/2014,02-February,4-Wednesday,11:35,1100 Hours,District 6 (East Central),DUBUQUE,DUBUQUE,,CRESCENT RDG,Collision with fixed object:  Other fixed object (explain in narrative),Shoulder,Non-collision (single vehicle),Ran off road - right,None Indicated,,Daylight,Slush,Snow,None apparent,Non-intersection:  Non-junction/no special feature,Paved,,Property Damage Only,0,0,0,0,0,0,6550,1,1,,POINT (-90.72732154049 42.488429160661)
2014797491,14-065,02/12/2014,02-February,4-Wednesday,12:10,1200 Hours,District 5 (Southeast),CORYDON,WAYNE,IA 2,IA 2/IOWA 2,Collision with:  Vehicle in traffic,On Roadway,Rear-end (front to rear),Followed too close,None Indicated,,Daylight,Snow,Cloudy,"Surface condition (e.g., wet, icy)",Non-intersection:  Driveway access (within),Paved,,Property Damage Only,0,0,0,0,0,0,6000,2,3,,POINT (-93.327297023984 40.757118529171)
2014787969,2014001601,02/12/2014,02-February,4-Wednesday,09:40,0900 Hours,District 6 (East Central),IOWA CITY,JOHNSON,,E PRENTISS ST & MAIDEN LN,Collision with:  Vehicle in traffic,On Roadway,Rear-end (front to rear),Other (explain in narrative):  Other,None Indicated,,Daylight,Wet,Cloudy,None apparent,Non-intersection:  Non-junction/no special feature,Paved,,Property Damage Only,0,0,0,0,0,0,5000,2,2,,POINT (-91.530733163785 41.654377641477)
2014785606,S14-000425,02/12/2014,02-February,4-Wednesday,06:00,0600 Hours,District 4 (Southwest),AVOCA,POTTAWATTAMIE,US 59,US 59/N WALNUT ST & W TAYLOR ST,Collision with:  Vehicle in traffic,Outside trafficway,"Sideswipe, opposite direction",Unknown,None Indicated,,Dark - roadway not lighted,Snow,Cloudy,None apparent,Non-intersection:  Alley,Paved,,Property Damage Only,0,0,0,0,0,0,2000,2,1,,POINT (-95.337923861163 41.479455733135)
2014785371,14-000677,02/12/2014,02-February,4-Wednesday,13:40,1300 Hours,District 1 (Central),ANKENY,POLK,,NE 22ND ST & NE 66TH AVE & SE DELAWARE AVE & CORPORATE WOODS DR,Collision with:  Vehicle in traffic,On Roadway,Broadside (front to side),Ran Traffic Signal,None Indicated,,Daylight,Wet,Cloudy,None apparent,Intersection:  Four-way intersection,Paved,,Minor Injury,0,1,0,1,0,0,18000,2,5,,POINT (-93.581311937734 41.680556633538)
2014785299,14-3556,02/12/2014,02-February,4-Wednesday,09:35,0900 Hours,District 1 (Central),PRAIRIE CITY,JASPER,IA 163,IA 163/IOWA 163 W,Collision with fixed object:  Traffic sign support,On Roadway,Non-collision (single vehicle),Driving too fast for conditions,None Indicated,,Daylight,Snow,Snow,None apparent,Non-intersection:  Non-junction/no special feature,Paved,,Possible/Unknown,0,1,0,0,1,0,16000,1,1,,POINT (-93.229611652357 41.588221244368)
2014787652,2014010111,02/12/2014,02-February,4-Wednesday,09:00,0900 Hours,District 1 (Central),HUXLEY,STORY,I-35,I-35,Collision with fixed object:  Guardrail - face,On Roadway,Non-collision (single vehicle),Driving too fast for conditions,None Indicated,,Daylight,Snow,Snow,None apparent,Non-intersection:  Non-junction/no special feature,Paved,,Property Damage Only,0,0,0,0,0,0,6594,1,2,,POINT (-93.571080654116 41.895405681269)
2014793850,2014-02761,02/12/2014,02-February,4-Wednesday,18:32,1800 Hours,District 5 (Southeast),INDIANOLA,WARREN,IA 92,IA 92/W 2ND AVE & S R ST,Collision with:  Vehicle in traffic,On Roadway,Rear-end (front to rear),Unknown,None Indicated,,Dark - roadway lighted,Dry,Clear,None apparent,Intersection:  T-intersection,Paved,,Possible/Unknown,0,1,0,0,1,0,3500,2,3,,POINT (-93.587167044803 41.356135549662)
2014785298,14-3557,02/12/2014,02-February,4-Wednesday,09:40,0900 Hours,District 1 (Central),,JASPER,I-80,I-80,Collision with:  Vehicle in traffic,On Roadway,"Sideswipe, same direction",Driving too fast for conditions,None Indicated,,Daylight,Ice/frost,Snow,"Surface condition (e.g., wet, icy)","Interchange-related:  Off-ramp, diverge area",Paved,,Major Injury,0,1,1,0,0,0,20815,2,2,,POINT (-93.242445594552 41.692984938159)
2014785521,01-14-6212,02/12/2014,02-February,4-Wednesday,16:20,1600 Hours,District 6 (East Central),DUBUQUE,DUBUQUE,,MINERAL ST & MCCORMICK ST,Collision with:  Vehicle in traffic,On Roadway,"Angle, oncoming left turn",Other (explain in narrative):  Other,None Indicated,,Daylight,Wet,Cloudy,None apparent,Intersection:  T-intersection,Paved,,Property Damage Only,0,0,0,0,0,0,3500,2,2,,POINT (-90.694927692057 42.49748954839)
2014785451,14V02053,02/12/2014,02-February,4-Wednesday,15:54,1500 Hours,District 6 (East Central),VINTON,BENTON,IA 150,IA 150/S C AVE & W 4TH ST,Collision with:  Vehicle in traffic,On Roadway,"Sideswipe, same direction",Other (explain in narrative):  Vision obstructed,None Indicated,,Daylight,Snow,Clear,"Surface condition (e.g., wet, icy)",Non-intersection:  Non-junction/no special feature,Paved,,Property Damage Only,0,0,0,0,0,0,4000,2,4,,POINT (-92.027787096171 42.167696109547)
2014785678,14-4248,02/12/2014,02-February,4-Wednesday,08:37,0800 Hours,District 3 (Northwest),SIOUX CITY,WOODBURY,,GILMAN TER & 18TH ST & W 19TH ST,Collision with:  Vehicle in traffic,On Roadway,Rear-end (front to rear),Followed too close,None Indicated,,Daylight,Snow,Cloudy,"Surface condition (e.g., wet, icy)",Intersection:  Four-way intersection,Paved,,Possible/Unknown,0,1,0,0,1,0,400,2,3,,POINT (-96.410886760484 42.509178179489)
2014786444,14-000692,02/12/2014,02-February,4-Wednesday,17:49,1700 Hours,District 1 (Central),AMES,STORY,,S 5TH ST,Collision with:  Vehicle in traffic,On Roadway,Rear-end (front to rear),Other (explain in narrative):  Other,None Indicated,,Dark - roadway lighted,Wet,Clear,None apparent,Non-intersection:  Non-junction/no special feature,Paved,,Property Damage Only,0,0,0,0,0,0,12000,3,3,,POINT (-93.614854221173 42.017391297207)
2014801012,A390214-0307,02/12/2014,02-February,4-Wednesday,18:07,1800 Hours,District 4 (Southwest),,GUTHRIE,,Co Rd P28/WAGON RD & WAGON LN,Collision with:  Animal,,,Animal,None Indicated,,,,,,,Paved,,Property Damage Only,0,0,0,0,0,0,6500,1,1,,POINT (-94.318248686729 41.538316364937)
2014786763,,02/12/2014,02-February,4-Wednesday,11:10,1100 Hours,District 2 (Northeast),,WORTH,,CO 105,Collision with:  Vehicle in traffic,On Roadway,"Angle, oncoming left turn",FTYROW:  Making left turn,None Indicated,,Daylight,Wet,Clear,None apparent,Non-intersection:  Driveway access (within),Paved,,Possible/Unknown,0,1,0,0,1,0,13000,2,2,,POINT (-93.409326593154 43.422582868873)
2014785305,2014001603,02/12/2014,02-February,4-Wednesday,10:43,1000 Hours,District 6 (East Central),IOWA CITY,JOHNSON,IA 1,IA 1/GOVERNOR ST & E JEFFERSON ST,Collision with:  Vehicle in traffic,On Roadway,Broadside (front to side),Ran Traffic Signal,None Indicated,,Daylight,Snow,Snow,None apparent,Intersection:  T-intersection,Paved,,Minor Injury,0,2,0,2,0,0,20000,2,2,,POINT (-91.522816521841 41.662364305361)
2014798033,14-000981,02/12/2014,02-February,4-Wednesday,12:23,1200 Hours,District 2 (Northeast),,CLAYTON,US 18,US 18,Collision with:  Vehicle in traffic,On Roadway,Rear-end (front to rear),Ran off road - right,None Indicated,,Daylight,Dry,Clear,None apparent,Non-intersection:  Driveway access (within),Paved,,Minor Injury,0,1,0,1,0,0,5200,2,2,,POINT (-91.383921461799 43.036091921449)
2014785307,2014001608,02/12/2014,02-February,4-Wednesday,12:45,1200 Hours,District 6 (East Central),IOWA CITY,JOHNSON,,BROWN ST & N DUBUQUE ST,Collision with:  Vehicle in traffic,On Roadway,Broadside (front to side),Driving too fast for conditions,None Indicated,,Daylight,Snow,Snow,"Surface condition (e.g., wet, icy)",Intersection:  T-intersection,Paved,,Property Damage Only,0,0,0,0,0,0,4000,2,2,,POINT (-91.532968367842 41.670186198988)
2014785147,14-4245,02/12/2014,02-February,4-Wednesday,07:24,0700 Hours,District 3 (Northwest),SIOUX CITY,WOODBURY,IA 376,IA 376/S LEWIS BLVD,Collision with:  Vehicle in traffic,On Roadway,"Sideswipe, same direction",Other (explain in narrative):  Vision obstructed,None Indicated,,Daylight,Snow,Snow,None apparent,Non-intersection:  Non-junction/no special feature,Paved,,Property Damage Only,0,0,0,0,0,0,3500,2,2,,POINT (-96.372345895857 42.448359963124)
2014785381,20140003941,02/12/2014,02-February,4-Wednesday,12:00,1200 Hours,District 1 (Central),DES MOINES,POLK,,CAMBRIDGE ST,Collision with:  Vehicle in traffic,On Roadway,Broadside (front to side),FTYROW:  From driveway,None Indicated,,Daylight,Wet,Cloudy,None apparent,Non-intersection:  Driveway access (within),Paved,,Property Damage Only,0,0,0,0,0,0,4500,2,2,,POINT (-93.616308859766 41.628691266016)
2014785270,14-04799,02/12/2014,02-February,4-Wednesday,07:47,0700 Hours,District 5 (Southeast),BURLINGTON,DES MOINES,,12TH ST,Collision with:  Vehicle in traffic,On Roadway,"Sideswipe, same direction",Over correcting/over steering,None Indicated,,Dark - roadway not lighted,"Mud, dirt",Cloudy,None apparent,Non-intersection:  Non-junction/no special feature,Paved,,Property Damage Only,0,0,0,0,0,0,2700,2,1,,POINT (-91.110948758695 40.789817391401)
2014785584,20140004092,02/12/2014,02-February,4-Wednesday,18:30,1800 Hours,District 1 (Central),DES MOINES,POLK,,CAMBRIDGE ST,Collision with:  Parked motor vehicle,On Roadway,Unknown,Unknown,None Indicated,,Dark - roadway lighted,Unknown,Clear,None apparent,Non-intersection:  Non-junction/no special feature,Paved,,Property Damage Only,0,0,0,0,0,0,2500,2,1,,POINT (-93.616136076075 41.619369742931)
2014784948,14-2462,02/12/2014,02-February,4-Wednesday,08:37,0800 Hours,District 2 (Northeast),,BREMER,US 218,US 218,Non-collision events:  Overturn/rollover,On Roadway,Non-collision (single vehicle),Crossed centerline (undivided),None Indicated,,Daylight,Snow,Snow,"Surface condition (e.g., wet, icy)",Non-intersection:  Non-junction/no special feature,Paved,,Possible/Unknown,0,1,0,0,1,0,2500,1,1,,POINT (-92.540817521463 42.840337167622)
2014785042,14-961,02/12/2014,02-February,4-Wednesday,06:00,0600 Hours,District 1 (Central),,POLK,IA 17,IA 17,Collision with fixed object:  Utility pole/light support,Roadside,Non-collision (single vehicle),Driving too fast for conditions,None Indicated,,Dark - roadway not lighted,Snow,Snow,"Surface condition (e.g., wet, icy)",Non-intersection:  Non-junction/no special feature,Paved,,Property Damage Only,0,0,0,0,0,0,9500,1,1,,POINT (-93.815224561071 41.825840682299)
2014786951,2014010089,02/12/2014,02-February,4-Wednesday,07:44,0700 Hours,District 3 (Northwest),,PLYMOUTH,,Co Rd K64/OYENS AVE,Collision with:  Vehicle in traffic,On Roadway,"Sideswipe, opposite direction",Crossed centerline (undivided),None Indicated,,Daylight,Snow,Snow,"Surface condition (e.g., wet, icy)",Non-intersection:  Non-junction/no special feature,Paved,,Possible/Unknown,0,2,0,0,2,0,31000,2,2,,POINT (-96.056289028373 42.905334189885)
2014785372,14-000668,02/12/2014,02-February,4-Wednesday,07:23,0700 Hours,District 1 (Central),ANKENY,POLK,,NE 22ND ST & NE 66TH AVE & SE DELAWARE AVE & CORPORATE WOODS DR,Collision with:  Vehicle in traffic,On Roadway,Head-on (front to front),FTYROW:  Making left turn,None Indicated,,Dawn,Snow,Snow,"Surface condition (e.g., wet, icy)",Intersection:  Four-way intersection,Paved,,Property Damage Only,0,0,0,0,0,0,5000,2,2,,POINT (-93.581311937734 41.680556633538)
2014785427,14-4313,02/12/2014,02-February,4-Wednesday,18:20,1800 Hours,District 3 (Northwest),SIOUX CITY,WOODBURY,,SINGING HILLS BLVD,Collision with:  Vehicle in traffic,On Roadway,"Angle, oncoming left turn",Made improper turn,None Indicated,,Dusk,Wet,Cloudy,None apparent,Non-intersection:  Non-junction/no special feature,Paved,,Possible/Unknown,0,1,0,0,1,0,4800,2,3,,POINT (-96.350566983083 42.438049805541)
2014785781,14001251,02/12/2014,02-February,4-Wednesday,20:02,2000 Hours,District 6 (East Central),QUASQUETON,BUCHANAN,,E LINN ST,Collision with fixed object:  Mailbox,Shoulder,Non-collision (single vehicle),Ran off road - right,Alcohol (< Statutory),,Dark - roadway lighted,Snow,Cloudy,"Surface condition (e.g., wet, icy)",Non-intersection:  Non-junction/no special feature,Paved,,Property Damage Only,0,0,0,0,0,0,1500,1,1,,POINT (-91.751479456212 42.39274788977)
2014786089,2014010096,02/12/2014,02-February,4-Wednesday,08:23,0800 Hours,District 1 (Central),,JASPER,I-80,I-80,Collision with fixed object:  Guardrail - face,Median,"Sideswipe, same direction",Driving too fast for conditions,None Indicated,,Daylight,Ice/frost,Snow,"Surface condition (e.g., wet, icy)",Non-intersection:  Non-junction/no special feature,Paved,,Property Damage Only,0,0,0,0,0,0,13500,2,3,,POINT (-93.339457196815 41.681066084623)
2014785373,14-000669,02/12/2014,02-February,4-Wednesday,07:40,0700 Hours,District 1 (Central),ANKENY,POLK,I-35,I-35,Collision with fixed object:  Guardrail - face,On Roadway,Non-collision (single vehicle),Swerving/Evasive Action,None Indicated,,Daylight,Ice/frost,Clear,"Surface condition (e.g., wet, icy)",Non-intersection:  Non-junction/no special feature,Paved,,Property Damage Only,0,0,0,0,0,0,3050,1,1,,POINT (-93.570239102544 41.762684382004)
2014785349,14-0690,02/12/2014,02-February,4-Wednesday,21:39,2100 Hours,District 6 (East Central),HIAWATHA,LINN,,MILLER RD,Collision with fixed object:  Ditch,On Roadway,Non-collision (single vehicle),Swerving/Evasive Action,None Indicated,,Dark - roadway lighted,Slush,Clear,"Surface condition (e.g., wet, icy)",Non-intersection:  Non-junction/no special feature,Paved,,Property Damage Only,0,0,0,0,0,0,5000,1,1,,POINT (-91.703496190393 42.03943728621)
2014785522,01-14-6245,02/12/2014,02-February,4-Wednesday,19:33,1900 Hours,District 6 (East Central),DUBUQUE,DUBUQUE,US 52,US 52/WHITE ST & E 14TH ST,Collision with:  Vehicle in traffic,On Roadway,Rear-end (front to rear),Lost Control,None Indicated,,Dark - roadway lighted,Wet,Clear,None apparent,Intersection:  Four-way intersection,Paved,,Minor Injury,0,2,0,1,1,0,9000,2,2,,POINT (-90.666744240891 42.506644568784)
2014786073,2014010461,02/12/2014,02-February,4-Wednesday,18:15,1800 Hours,District 1 (Central),,POWESHIEK,IA 21,IA 21/IOWA 21,Collision with:  Animal,,,Animal,None Indicated,,,,,,,Paved,,Property Damage Only,0,0,0,0,0,0,1500,1,1,,POINT (-92.355614936335 41.588518250046)
2014787676,AC-14-0006,02/12/2014,02-February,4-Wednesday,01:32,0100 Hours,District 6 (East Central),MONTICELLO,JONES,IA 38,IA 38/N CEDAR ST & E 9TH ST,Collision with fixed object:  Utility pole/light support,Shoulder,Non-collision (single vehicle),Driving too fast for conditions,Alcohol (Statutory),,Dark - roadway lighted,Snow,Clear,None apparent,Intersection:  T-intersection,Paved,,Property Damage Only,0,0,0,0,0,0,12500,1,1,,POINT (-91.192248710936 42.248999195008)
2014785432,PD140102,02/12/2014,02-February,4-Wednesday,11:44,1100 Hours,District 1 (Central),GRUNDY CENTER,GRUNDY,,F AVE,Collision with:  Vehicle in traffic,On Roadway,Rear-end (front to rear),Other (explain in narrative):  Vision obstructed,None Indicated,,Daylight,Snow,Clear,None apparent,Non-intersection:  Non-junction/no special feature,Paved,,Property Damage Only,0,0,0,0,0,0,2000,2,2,,POINT (-92.771002706576 42.362492325531)
2014786373,14-2668,02/12/2014,02-February,4-Wednesday,07:55,0700 Hours,District 6 (East Central),BETTENDORF,SCOTT,I-80,I-80 & MIDDLE RD,Collision with:  Vehicle in traffic,On Roadway,Rear-end (front to rear),FTYROW:  Other (explain in narrative),None Indicated,,Daylight,Dry,Cloudy,None apparent,Intersection:  T-intersection,Paved,,Property Damage Only,0,0,0,0,0,0,8000,2,2,,POINT (-90.459174113456 41.594853163993)
2014785519,01-14-6193,02/12/2014,02-February,4-Wednesday,13:16,1300 Hours,District 6 (East Central),DUBUQUE,DUBUQUE,,LAKE RIDGE DR,Collision with:  Vehicle in traffic,On Roadway,Unknown,Traveling wrong way or on wrong side of road,None Indicated,,Daylight,Wet,Cloudy,None apparent,Intersection:  Four-way intersection,Paved,,Property Damage Only,0,0,0,0,0,0,6500,2,2,,POINT (-90.717722472552 42.485725848302)
2014785787,14001237,02/12/2014,02-February,4-Wednesday,10:45,1000 Hours,District 6 (East Central),,BUCHANAN,,Co Rd V62/BAXTER AVE,Collision with:  Vehicle in traffic,On Roadway,"Sideswipe, opposite direction",Crossed centerline (undivided),None Indicated,,Daylight,Snow,Snow,"Surface condition (e.g., wet, icy)",Non-intersection:  Non-junction/no special feature,Paved,,Property Damage Only,0,0,0,0,0,0,3300,2,33,,POINT (-92.062275071907 42.566362557924)