Iowa DOT Case Number,Law Enforcement Case Number,Date of Crash,Month of Crash,Day of Week,Time of Crash,Hour,DOT District,City Name,County Name,Route with System,Location Description,First Harmful Event,Location of First Harmful Event,Manner of Crash/Collision,Major Cause,Drug or Alcohol ,Environmental Conditions,Light Conditions,Surface Conditions,Weather Conditions,Roadway Contribution,Roadway Type,Roadway Surface,Work Zone,Crash Severity,Number of Fatalities,Number of Injuries,Number of Major Injuries,Number of Minor Injuries,Number of Possible Injuries,Number of Unknown Injuries,Amount of Property Damage,Number of Vehicles Involved,Total Number of Occupants,Travel Direction,Location
2014786639,1400000116,02/12/2014,02-February,4-Wednesday,19:45,1900 Hours,District 1 (Central),,MARSHALL,IA 330,IA 330/MARSHALLTOWN BLVD & Co Rd S62/HART AVE,Collision with:  Vehicle in traffic,On Roadway,Broadside (front to side),FTYROW:  From stop sign,None Indicated,,Dark - roadway lighted,Dry,Cloudy,None apparent,Intersection:  Other intersection (explain in narrative),Paved,,Minor Injury,0,2,0,2,0,0,6500,2,3,,POINT (-93.097749018236 41.955337159882)
2014785363,14022011,02/12/2014,02-February,4-Wednesday,20:29,2000 Hours,District 4 (Southwest),CLARINDA,PAGE,,E CHESTNUT ST & N 11TH ST,Collision with:  Vehicle in traffic,On Roadway,"Sideswipe, same direction",FTYROW:  At uncontrolled intersection,None Indicated,,Dark - roadway lighted,Ice/frost,Clear,"Surface condition (e.g., wet, icy)",Intersection:  Four-way intersection,Paved,,Property Damage Only,0,0,0,0,0,0,2500,2,5,,POINT (-95.031267924527 40.74026304798)
2014786768,14014399,02/12/2014,02-February,4-Wednesday,09:09,0900 Hours,District 2 (Northeast),CEDAR FALLS,BLACK HAWK,,18TH ST & COLLEGE ST,Collision with:  Vehicle in traffic,On Roadway,Broadside (front to side),Lost Control,None Indicated,,Daylight,Snow,Snow,"Surface condition (e.g., wet, icy)",Intersection:  Four-way intersection,Paved,,Property Damage Only,0,0,0,0,0,0,3000,2,4,,POINT (-92.455800468406 42.522212463799)
2014785069,20140003922,02/12/2014,02-February,4-Wednesday,09:47,0900 Hours,District 1 (Central),DES MOINES,POLK,,GEORGE FLAGG PKWY,Collision with fixed object:  Guardrail - face,On Roadway,Non-collision (single vehicle),Driving too fast for conditions,None Indicated,,Daylight,Snow,Clear,"Surface condition (e.g., wet, icy)",Non-intersection:  Non-junction/no special feature,Paved,,Property Damage Only,0,0,0,0,0,0,2500,1,2,,POINT (-93.657653080528 41.565915960811)
2014785400,14-0747,02/12/2014,02-February,4-Wednesday,16:12,1600 Hours,District 1 (Central),WEST DES MOINES,POLK,,E P TRUE PKWY & PRAIRIE VIEW DR,Collision with:  Vehicle in traffic,On Roadway,Broadside (front to side),Ran Traffic Signal,None Indicated,,Daylight,Dry,Clear,None apparent,Intersection:  Four-way intersection,Paved,,Property Damage Only,0,0,0,0,0,0,2300,2,2,,POINT (-93.779767233815 41.573637481109)
2014785356,2014001278,02/12/2014,02-February,4-Wednesday,15:15,1500 Hours,District 1 (Central),MARSHALLTOWN,MARSHALL,,,Collision with:  Vehicle in traffic,On Roadway,Broadside (front to side),FTYROW:  At uncontrolled intersection,None Indicated,,Daylight,Snow,Clear,"Surface condition (e.g., wet, icy)",Intersection:  Four-way intersection,,,Property Damage Only,0,0,0,0,0,0,2000,2,2,,POINT (-96.643700149993 40.233091251414)
2014786074,2014010478,02/12/2014,02-February,4-Wednesday,22:20,2200 Hours,District 6 (East Central),,IOWA,I-80,I-80,Collision with:  Vehicle in traffic,On Roadway,"Sideswipe, same direction",Illegally Parked/Unattended,None Indicated,,Dark - roadway not lighted,Dry,Clear,None apparent,Non-intersection:  Non-junction/no special feature,Paved,,Property Damage Only,0,0,0,0,0,0,20000,2,2,,POINT (-92.202737356554 41.695978550221)
2014785711,2014010235,02/12/2014,02-February,4-Wednesday,10:25,1000 Hours,District 1 (Central),,HAMILTON,I-35,I-35,Non-collision events:  Jackknife,On Roadway,Rear-end (front to rear),Ran off road - right,None Indicated,,Daylight,Ice/frost,Cloudy,"Surface condition (e.g., wet, icy)",Non-intersection:  Non-junction/no special feature,Paved,,Property Damage Only,0,0,0,0,0,0,20000,2,2,,POINT (-93.570435516351 42.384123288135)
2014785406,14-005747,02/12/2014,02-February,4-Wednesday,17:32,1700 Hours,District 4 (Southwest),COUNCIL BLUFFS,POTTAWATTAMIE,,7TH AVE & S 24TH ST,Collision with:  Vehicle in traffic,On Roadway,Broadside (front to side),FTYROW:  At uncontrolled intersection,None Indicated,,Daylight,Slush,Clear,None apparent,Non-intersection:  Non-junction/no special feature,Paved,,Property Damage Only,0,0,0,0,0,0,8000,2,2,,POINT (-95.879572842624 41.255309970089)
2014790533,,02/12/2014,02-February,4-Wednesday,17:05,1700 Hours,District 2 (Northeast),HAMPTON,FRANKLIN,,1ST AVE NE,Collision with:  Vehicle in traffic,On Roadway,Broadside (front to side),FTYROW:  Other (explain in narrative),None Indicated,,Daylight,Wet,Clear,None apparent,Intersection:  Four-way intersection,Paved,,Property Damage Only,0,0,0,0,0,0,1650,2,2,,POINT (-93.205894922621 42.742751656311)
2014789326,,02/12/2014,02-February,4-Wednesday,06:30,0600 Hours,District 2 (Northeast),,ALLAMAKEE,,Co Rd X16/FOREST MILLS RD,Collision with:  Animal,On Roadway,Non-collision (single vehicle),Animal,None Indicated,,Dawn,Snow,Cloudy,,Non-intersection:  Non-junction/no special feature,Paved,,Property Damage Only,0,0,0,0,0,0,3215,1,1,,POINT (-91.465769218064 43.136225705728)
2014785680,14-4253,02/12/2014,02-February,4-Wednesday,08:30,0800 Hours,District 3 (Northwest),SIOUX CITY,WOODBURY,IA 376,IA 376/SINGING HILLS BLVD/S LEWIS BLVD,Collision with fixed object:  Curb/island/raised median,On Roadway,Non-collision (single vehicle),Lost Control,None Indicated,,Daylight,Snow,Cloudy,None apparent,Intersection:  Four-way intersection,Paved,,Property Damage Only,0,0,0,0,0,0,1550,1,1,,POINT (-96.369906639235 42.435303129305)
2014785386,20140003958,02/12/2014,02-February,4-Wednesday,15:00,1500 Hours,District 1 (Central),DES MOINES,POLK,,GRAND AVE & 27TH ST,Collision with:  Vehicle in traffic,On Roadway,"Sideswipe, same direction",Improper or erratic lane changing,None Indicated,,Daylight,Wet,Cloudy,None apparent,Non-intersection:  Non-junction/no special feature,Paved,,Property Damage Only,0,0,0,0,0,0,5000,2,4,,POINT (-93.652502010523 41.584401194785)
2014786206,14-195,02/12/2014,02-February,4-Wednesday,14:15,1400 Hours,District 3 (Northwest),SPIRIT LAKE,DICKINSON,US 71,US 71/18TH ST,Collision with:  Vehicle in traffic,On Roadway,"Sideswipe, same direction",Other (explain in narrative):  Other,None Indicated,,Daylight,Wet,Cloudy,None apparent,Non-intersection:  Other non-intersection (explain in narrative),Paved,,Property Damage Only,0,0,0,0,0,0,2000,2,3,,POINT (-95.093997586222 43.42369700548)
2014786406,2014-9452,02/12/2014,02-February,4-Wednesday,12:04,1200 Hours,District 6 (East Central),DAVENPORT,SCOTT,,ELMORE AVE & DEXTER CT,Collision with:  Vehicle in traffic,On Roadway,Rear-end (front to rear),Lost Control,None Indicated,,Daylight,Dry,Cloudy,None apparent,Intersection:  Four-way intersection,Paved,,Property Damage Only,0,0,0,0,0,0,3500,2,2,,POINT (-90.525952879192 41.569714849206)
2014786990,,02/12/2014,02-February,4-Wednesday,08:53,0800 Hours,District 2 (Northeast),NEW HAMPTON,CHICKASAW,,E WASHINGTON ST & N LOCUST AVE,Collision with:  Vehicle in traffic,On Roadway,Broadside (front to side),FTYROW:  From yield sign,None Indicated,,Daylight,Snow,Cloudy,None apparent,Intersection:  Four-way intersection,Paved,,Property Damage Only,0,0,0,0,0,0,2500,2,2,,POINT (-92.31409460596 43.062953688692)
2014786070,2014010080,02/12/2014,02-February,4-Wednesday,07:38,0700 Hours,District 6 (East Central),,BENTON,I-380,I-380,Non-collision events:  Overturn/rollover,On Roadway,Non-collision (single vehicle),Ran off road - right,None Indicated,,Daylight,Snow,Snow,"Surface condition (e.g., wet, icy)",Non-intersection:  Non-junction/no special feature,Paved,,Possible/Unknown,0,1,0,0,1,0,7500,1,1,,POINT (-91.907348300867 42.257925748152)
2014785492,CL14000430,02/12/2014,02-February,4-Wednesday,07:45,0700 Hours,District 6 (East Central),CLINTON,CLINTON,IA 136,IA 136/MAIN AVE & N 5TH ST,Collision with:  Vehicle in traffic,On Roadway,Rear-end (front to rear),Driver Distraction:  Manual operation of an electronic communication device,None Indicated,,Daylight,Dry,Cloudy,None apparent,Intersection:  T-intersection,Paved,,Property Damage Only,0,0,0,0,0,0,3000,2,2,,POINT (-90.185988506216 41.87380970645)
2014785201,14-002030,02/12/2014,02-February,4-Wednesday,21:00,2100 Hours,District 6 (East Central),TIPTON,CEDAR,,MULBERRY ST,Unknown,On Roadway,Unknown,Unknown,None Indicated,,Dark - roadway lighted,Ice/frost,Cloudy,None apparent,Non-intersection:  Non-junction/no special feature,Paved,,Property Damage Only,0,0,0,0,0,0,1500,2,777,,POINT (-91.125601686775 41.770468412147)
2014785593,14-0318,02/12/2014,02-February,4-Wednesday,18:15,1800 Hours,District 1 (Central),URBANDALE,POLK,,72ND ST,Collision with:  Vehicle in traffic,On Roadway,Rear-end (front to rear),Other (explain in narrative):  Other,None Indicated,,Dark - roadway lighted,Wet,Cloudy,None apparent,Non-intersection:  Non-junction/no special feature,Paved,,Property Damage Only,0,0,0,0,0,0,3500,2,2,,POINT (-93.716972024839 41.629818850282)
2014787048,01-14-6169,02/12/2014,02-February,4-Wednesday,11:15,1100 Hours,District 6 (East Central),DUBUQUE,DUBUQUE,,ASBURY RD,Collision with:  Vehicle in traffic,On Roadway,"Angle, oncoming left turn",FTYROW:  Making left turn,None Indicated,,Daylight,Slush,"Sleet, hail","Surface condition (e.g., wet, icy)",Intersection:  Four-way intersection,Paved,,Property Damage Only,0,0,0,0,0,0,2050,2,2,,POINT (-90.744693294024 42.51525695317)
2014785562,1400000114,02/12/2014,02-February,4-Wednesday,13:08,1300 Hours,District 1 (Central),,MARSHALL,US 30,US 30/240TH ST & Co Rd S62/HART AVE,Collision with:  Vehicle in traffic,On Roadway,Broadside (front to side),FTYROW:  From yield sign,None Indicated,,Daylight,Wet,Clear,None apparent,Intersection:  Four-way intersection,Paved,,Property Damage Only,0,0,0,0,0,0,3000,2,2,,POINT (-93.097842016124 42.008224394651)
2014785546,2014001622,02/12/2014,02-February,4-Wednesday,17:43,1700 Hours,District 6 (East Central),IOWA CITY,JOHNSON,,MUSCATINE AVE & S 7TH AVE,Collision with:  Vehicle in traffic,On Roadway,"Sideswipe, same direction",Other (explain in narrative):  Other,None Indicated,,Dusk,Slush,Cloudy,None apparent,Non-intersection:  Non-junction/no special feature,Paved,,Property Damage Only,0,0,0,0,0,0,6000,3,3,,POINT (-91.51158846408 41.654446517698)
2014785297,14-3560,02/12/2014,02-February,4-Wednesday,10:00,1000 Hours,District 1 (Central),,JASPER,I-80,I-80,Collision with:  Vehicle in traffic,On Roadway,Rear-end (front to rear),Unknown,None Indicated,,Daylight,Snow,Snow,"Surface condition (e.g., wet, icy)",Non-intersection:  Other non-intersection (explain in narrative),Paved,,Property Damage Only,0,0,0,0,0,0,4000,2,3,,POINT (-93.19815281889 41.697663482839)
2014786789,14002144,02/12/2014,02-February,4-Wednesday,09:44,0900 Hours,District 2 (Northeast),MASON CITY,CERRO GORDO,IA 122,IA 122/4TH ST SE & S ILLINOIS AVE,Collision with:  Vehicle in traffic,On Roadway,Broadside (front to side),Ran Traffic Signal,None Indicated,,Daylight,Snow,Cloudy,"Surface condition (e.g., wet, icy)",Intersection:  Four-way intersection,Paved,,Property Damage Only,0,0,0,0,0,0,3000,2,3,,POINT (-93.171167102632 43.148077664896)
2014787650,2014010062,02/12/2014,02-February,4-Wednesday,06:50,0600 Hours,District 1 (Central),,POLK,I-80,I-80,Collision with:  Vehicle in traffic,On Roadway,"Sideswipe, same direction",FTYROW:  Other (explain in narrative),None Indicated,,Daylight,Snow,Snow,None apparent,Non-intersection:  Non-junction/no special feature,Paved,,Property Damage Only,0,0,0,0,0,0,1600,2,2,,POINT (-93.531126587215 41.658668965452)
2014791454,2014010074,02/12/2014,02-February,4-Wednesday,07:45,0700 Hours,District 4 (Southwest),COUNCIL BLUFFS,POTTAWATTAMIE,IA 92,IA 92/IOWA 92,Collision with:  Animal,,,Animal,None Indicated,,,,,,,Paved,,Property Damage Only,0,0,0,0,0,0,5000,1,1,,POINT (-95.809669388278 41.23131609703)
2014787067,201400415,02/12/2014,02-February,4-Wednesday,15:45,1500 Hours,District 6 (East Central),,LINN,US 30,US 30/SE LOOP,Non-collision events:  Other non-collision (explain in narrative),On Roadway,Non-collision (single vehicle),"Operating vehicle in an reckless, erratic, careless, negligent manner",None Indicated,,Daylight,Wet,Cloudy,None apparent,Non-intersection:  Non-junction/no special feature,Paved,,Property Damage Only,0,0,0,0,0,0,4000,1,1,,POINT (-91.540659809758 41.925172457787)
2014785146,14-4244,02/12/2014,02-February,4-Wednesday,07:16,0700 Hours,District 3 (Northwest),SIOUX CITY,WOODBURY,,POLK ST,Non-collision events:  Other non-collision (explain in narrative),On Roadway,Non-collision (single vehicle),Swerving/Evasive Action,None Indicated,,Dawn,Snow,Snow,None apparent,Non-intersection:  Non-junction/no special feature,Paved,,Property Damage Only,0,0,0,0,0,0,4000,1,4,,POINT (-96.359013163359 42.547243276364)
2014787572,14-000678,02/12/2014,02-February,4-Wednesday,05:48,0500 Hours,District 1 (Central),AMES,STORY,,Co Rd R50/GEORGE W CARVER AVE,Collision with:  Vehicle in traffic,On Roadway,"Sideswipe, opposite direction",Crossed centerline (undivided),None Indicated,,Dark - roadway not lighted,Snow,Snow,"Surface condition (e.g., wet, icy)",Non-intersection:  Non-junction/no special feature,Paved,,Property Damage Only,0,0,0,0,0,0,13000,2,2,,POINT (-93.659072199354 42.058377886014)
2014785308,2014001610,02/12/2014,02-February,4-Wednesday,13:08,1300 Hours,District 6 (East Central),IOWA CITY,JOHNSON,,MORMON TREK BLVD,Collision with:  Vehicle in traffic,On Roadway,Rear-end (front to rear),Driving too fast for conditions,None Indicated,,Daylight,Slush,Snow,"Surface condition (e.g., wet, icy)",Intersection:  Four-way intersection,Paved,,Property Damage Only,0,0,0,0,0,0,3400,2,2,,POINT (-91.573903417603 41.656731851905)
2014785558,14032,02/12/2014,02-February,4-Wednesday,11:25,1100 Hours,District 5 (Southeast),PELLA,MARION,,E OSKALOOSA ST & SE 9TH ST,Collision with:  Vehicle in traffic,On Roadway,Unknown,FTYROW:  From driveway,None Indicated,,Daylight,Snow,Cloudy,None apparent,Non-intersection:  Driveway access (within),Paved,,Property Damage Only,0,0,0,0,0,0,3000,2,2,,POINT (-92.903090882872 41.397856787296)
2014785392,20140003999,02/12/2014,02-February,4-Wednesday,20:39,2000 Hours,District 1 (Central),DES MOINES,POLK,,BELL AVE & FLEUR DR,Collision with:  Vehicle in traffic,On Roadway,"Angle, oncoming left turn",Made improper turn,None Indicated,,Dark - roadway lighted,Ice/frost,Clear,None apparent,Intersection:  Four-way intersection,Paved,,Property Damage Only,0,0,0,0,0,0,14000,2,2,,POINT (-93.645028402384 41.56274485456)
2014788239,2014010065,02/12/2014,02-February,4-Wednesday,07:10,0700 Hours,District 1 (Central),,POLK,I-35,I-35,Collision with:  Vehicle in traffic,On Roadway,Rear-end (front to rear),Driving too fast for conditions,None Indicated,,Dawn,Snow,Snow,"Surface condition (e.g., wet, icy)",Non-intersection:  Non-junction/no special feature,Paved,,Property Damage Only,0,0,0,0,0,0,6500,2,3,,POINT (-93.571091796976 41.834375341723)
2014785404,14-005698,02/12/2014,02-February,4-Wednesday,08:35,0800 Hours,District 4 (Southwest),COUNCIL BLUFFS,POTTAWATTAMIE,,2ND AVE,Collision with:  Vehicle in traffic,On Roadway,Broadside (front to side),Improper Backing,None Indicated,,Daylight,Dry,Cloudy,None apparent,Non-intersection:  Non-junction/no special feature,Paved,,Property Damage Only,0,0,0,0,0,0,2200,2,3,,POINT (-95.905704403834 41.259768489607)
2014784933,W14-014361,02/12/2014,02-February,4-Wednesday,07:02,0700 Hours,District 2 (Northeast),WATERLOO,BLACK HAWK,,E 2ND ST,Collision with:  Vehicle in traffic,On Roadway,Broadside (front to side),Ran Stop Sign,None Indicated,,Dawn,Snow,Snow,"Surface condition (e.g., wet, icy)",Intersection:  Four-way intersection,Paved,,Possible/Unknown,0,1,0,0,1,0,7000,2,2,,POINT (-92.337201506595 42.501955233542)
2014785518,01-14-6184,02/12/2014,02-February,4-Wednesday,12:44,1200 Hours,District 6 (East Central),DUBUQUE,DUBUQUE,,W 5TH ST,Collision with fixed object:  Utility pole/light support,On Roadway,Non-collision (single vehicle),Lost Control,None Indicated,,Daylight,Snow,Snow,"Surface condition (e.g., wet, icy)",Non-intersection:  Driveway access (within),Paved,,Property Damage Only,0,0,0,0,0,0,5020,1,1,,POINT (-90.677759598501 42.496764564071)
2014785255,14002163,02/12/2014,02-February,4-Wednesday,16:11,1600 Hours,District 2 (Northeast),MASON CITY,CERRO GORDO,IA 122,IA 122/4TH ST SW,Collision with:  Vehicle in traffic,On Roadway,Rear-end (front to rear),Followed too close,None Indicated,,Daylight,Wet,Clear,None apparent,Non-intersection:  Non-junction/no special feature,Paved,,Property Damage Only,0,0,0,0,0,0,4500,2,2,,POINT (-93.222341240911 43.148385880845)
2014786744,,02/12/2014,02-February,4-Wednesday,15:00,1500 Hours,District 6 (East Central),CEDAR RAPIDS,LINN,,SALLY DR NE & WESTCHESTER DR NE & 42ND ST NE,Collision with:  Vehicle in traffic,On Roadway,"Sideswipe, same direction",Unknown,None Indicated,,Daylight,Snow,Snow,,Intersection:  T-intersection,Paved,,Property Damage Only,0,0,0,0,0,0,3500,3,4,,POINT (-91.686970239844 42.021732002363)
2014785682,14-4338,02/12/2014,02-February,4-Wednesday,23:45,2300 Hours,District 3 (Northwest),SIOUX CITY,WOODBURY,,OUTER DR N,Collision with:  Animal,,,Animal,None Indicated,,,,,,,Paved,,Property Damage Only,0,0,0,0,0,0,2000,1,1,,POINT (-96.381574289759 42.540852134768)
2014789949,01-14-6189,02/12/2014,02-February,4-Wednesday,12:45,1200 Hours,District 6 (East Central),DUBUQUE,DUBUQUE,,LINCOLN ST,Collision with:  Parked motor vehicle,On Roadway,Rear-end (front to rear),Lost Control,None Indicated,,Daylight,Snow,Cloudy,"Surface condition (e.g., wet, icy)",Non-intersection:  Non-junction/no special feature,Paved,,Possible/Unknown,0,1,0,0,0,1,5000,2,1,,POINT (-90.660677227063 42.520830077866)
2014787306,14-001161,02/12/2014,02-February,4-Wednesday,07:45,0700 Hours,District 6 (East Central),EARLVILLE,DELAWARE,,CHARLOTTE ST & N WEST ST,Collision with:  Vehicle in traffic,On Roadway,Broadside (front to side),Ran Stop Sign,None Indicated,,Daylight,Snow,Snow,None apparent,Intersection:  Four-way intersection,Paved,,Possible/Unknown,0,2,0,0,2,0,3500,2,5,,POINT (-91.27108883426 42.484480494466)
2014785605,S14-000423,02/12/2014,02-February,4-Wednesday,14:20,1400 Hours,District 4 (Southwest),,POTTAWATTAMIE,,195TH ST,Collision with fixed object:  Ditch,On Roadway,Non-collision (single vehicle),Driving too fast for conditions,None Indicated,,Daylight,Snow,Cloudy,"Surface condition (e.g., wet, icy)",Non-intersection:  Non-junction/no special feature,Unpaved,,Property Damage Only,0,0,0,0,0,0,5000,1,1,,POINT (-95.804304138282 41.359832747135)
2014787398,14-0331,02/12/2014,02-February,4-Wednesday,22:48,2200 Hours,District 2 (Northeast),OSAGE,MITCHELL,,Co Rd T38/LANCER AVE,Non-collision events:  Overturn/rollover,Shoulder,Non-collision (single vehicle),Ran off road - right,None Indicated,,Dark - unknown roadway lighting,Snow,"Blowing sand, soil, dirt","Surface condition (e.g., wet, icy)",Non-intersection:  Non-junction/no special feature,Paved,,Property Damage Only,0,0,0,0,0,0,60000,1,1,,POINT (-92.811046102218 43.272846574206)
2014792862,2014010279,02/12/2014,02-February,4-Wednesday,10:40,1000 Hours,District 4 (Southwest),,HARRISON,I-29,I-29,Collision with:  Vehicle in traffic,On Roadway,"Sideswipe, same direction",Ran off road - right,None Indicated,,Daylight,Snow,"Blowing sand, soil, dirt","Surface condition (e.g., wet, icy)",Non-intersection:  Non-junction/no special feature,Paved,,Minor Injury,0,2,0,2,0,0,13000,2,4,,POINT (-96.031589149467 41.661526189608)
2014785396,20140003973,02/12/2014,02-February,4-Wednesday,16:55,1600 Hours,District 1 (Central),DES MOINES,POLK,US 69,US 69/SE 14TH ST & INDIANOLA AVE,Collision with:  Vehicle in traffic,On Roadway,"Angle, oncoming left turn",Made improper turn,None Indicated,,Dark - roadway lighted,Dry,Clear,None apparent,Intersection:  Four-way intersection,Paved,,Possible/Unknown,0,1,0,0,1,0,6000,2,2,,POINT (-93.596838399588 41.553340254557)
2014785681,14-4268,02/12/2014,02-February,4-Wednesday,11:46,1100 Hours,District 3 (Northwest),SIOUX CITY,WOODBURY,,W 24TH ST,Collision with fixed object:  Utility pole/light support,Median,Non-collision (single vehicle),Driving too fast for conditions,None Indicated,,Daylight,Snow,Clear,"Surface condition (e.g., wet, icy)",Non-intersection:  Non-junction/no special feature,Paved,,Property Damage Only,0,0,0,0,0,0,5000,1,1,,POINT (-96.416025402993 42.515256030106)
2014785313,K14-003939,02/12/2014,02-February,4-Wednesday,20:08,2000 Hours,District 5 (Southeast),KEOKUK,LEE,US 218,US 218/MAIN ST & CARBIDE LN & PLANK RD,Collision with:  Vehicle in traffic,On Roadway,"Angle, oncoming left turn",FTYROW:  Making left turn,None Indicated,,Dark - roadway lighted,Dry,Clear,None apparent,Intersection:  Four-way intersection,Paved,,Possible/Unknown,0,2,0,0,2,0,10000,2,3,,POINT (-91.410232372442 40.42241279974)
2014808027,2014010746,02/12/2014,02-February,4-Wednesday,08:45,0800 Hours,District 2 (Northeast),CEDAR FALLS,BLACK HAWK,US 218,US 218,Collision with:  Vehicle in traffic,On Roadway,Rear-end (front to rear),Lost Control,None Indicated,,Daylight,Snow,Snow,"Surface condition (e.g., wet, icy)",Non-intersection:  Non-junction/no special feature,Paved,,Property Damage Only,0,0,0,0,0,0,3000,2,2,,POINT (-92.424470413017 42.553201391366)
2014787066,201400413,02/12/2014,02-February,4-Wednesday,12:45,1200 Hours,District 6 (East Central),CENTER POINT,LINN,,Co Rd D62/NORTH CENTER POINT RD,Collision with:  Vehicle in traffic,On Roadway,Rear-end (front to rear),Other (explain in narrative):  Other,None Indicated,,Daylight,Snow,Snow,"Surface condition (e.g., wet, icy)",Non-intersection:  Driveway access (within),Paved,,Possible/Unknown,0,1,0,0,1,0,6000,2,2,,POINT (-91.785412823164 42.201500706296)
2014785426,14-4263,02/12/2014,02-February,4-Wednesday,11:12,1100 Hours,District 3 (Northwest),SIOUX CITY,WOODBURY,,WESLEY PKWY,Collision with fixed object:  Tree,On Roadway,Non-collision (single vehicle),Driving too fast for conditions,None Indicated,,Daylight,Slush,Cloudy,None apparent,Non-intersection:  Non-junction/no special feature,Paved,,Property Damage Only,0,0,0,0,0,0,2600,1,1,,POINT (-96.413308239401 42.50336115467)
2014788100,2014-9479,02/12/2014,02-February,4-Wednesday,13:56,1300 Hours,District 6 (East Central),DAVENPORT,SCOTT,,W LOCUST ST & N LINCOLN AVE,Collision with:  Vehicle in traffic,On Roadway,"Angle, oncoming left turn",FTYROW:  Making left turn,None Indicated,,Daylight,Wet,Cloudy,None apparent,Intersection:  Four-way intersection,Paved,,Minor Injury,0,2,0,1,1,0,8000,2,2,,POINT (-90.613150000992 41.53821732005)
2014785280,P14-001735,02/12/2014,02-February,4-Wednesday,04:39,0400 Hours,District 1 (Central),WEBSTER CITY,HAMILTON,,E 2ND ST,,,,Swerving/Evasive Action,None Indicated,,,,,,,Paved,,Property Damage Only,0,0,0,0,0,0,2500,1,1,,POINT (-93.796566362918 42.469276938808)
2014899583,NT-14-025,02/12/2014,02-February,4-Wednesday,20:40,2000 Hours,District 1 (Central),NEVADA,STORY,,F AVE,Collision with:  Vehicle in traffic,On Roadway,Rear-end (front to rear),Swerving/Evasive Action,None Indicated,,Dark - roadway lighted,Ice/frost,Clear,"Surface condition (e.g., wet, icy)",Non-intersection:  Non-junction/no special feature,Paved,,Property Damage Only,0,0,0,0,0,0,3000,2,3,,POINT (-93.454755228822 42.016597098885)
2014787397,14-0327,02/12/2014,02-February,4-Wednesday,14:13,1400 Hours,District 2 (Northeast),OSAGE,MITCHELL,,WALNUT ST,Collision with:  Vehicle in traffic,On Roadway,Broadside (front to side),FTYROW:  From driveway,None Indicated,,Daylight,Ice/frost,Clear,"Surface condition (e.g., wet, icy)",Non-intersection:  Driveway access (within),Paved,,Property Damage Only,0,0,0,0,0,0,3000,2,8,,POINT (-92.810484483543 43.28703696635)
2014786748,,02/12/2014,02-February,4-Wednesday,08:45,0800 Hours,District 2 (Northeast),CEDAR FALLS,BLACK HAWK,,UNIVERSITY OF NORTHERN IA,Collision with:  Vehicle in traffic,On Roadway,Broadside (front to side),Other (explain in narrative):  Other,None Indicated,,Daylight,Snow,Snow,None apparent,Non-intersection:  Non-junction/no special feature,Paved,,Property Damage Only,0,0,0,0,0,0,4000,2,2,,POINT (-92.465270341561 42.509603865577)
2014785380,20140003997,02/12/2014,02-February,4-Wednesday,20:07,2000 Hours,District 1 (Central),DES MOINES,POLK,,CLEVELAND AVE & E 16TH ST,Collision with:  Vehicle in traffic,On Roadway,Broadside (front to side),Ran Stop Sign,None Indicated,,Dark - roadway lighted,Ice/frost,Clear,"Surface condition (e.g., wet, icy)",Intersection:  Four-way intersection,Paved,,Property Damage Only,0,0,0,0,0,0,6500,2,3,,POINT (-93.595141663274 41.604951705125)
2014785549,2014001605,02/12/2014,02-February,4-Wednesday,11:34,1100 Hours,District 6 (East Central),IOWA CITY,JOHNSON,IA 1,IA 1/E BURLINGTON ST & S CAPITOL ST,Collision with:  Vehicle in traffic,On Roadway,"Angle, oncoming left turn",FTYROW:  Making left turn,None Indicated,,Daylight,Snow,Cloudy,None apparent,Intersection:  T-intersection,Paved,,Property Damage Only,0,0,0,0,0,0,11000,3,4,,POINT (-91.536190245453 41.657878895089)
2014785850,14003051,02/12/2014,02-February,4-Wednesday,10:50,1000 Hours,District 6 (East Central),MARION,LINN,US 151,US 151/DUBUQUE RD & IA 13/IOWA 13 & 10TH AVE,Collision with:  Vehicle in traffic,On Roadway,"Sideswipe, same direction",Other (explain in narrative):  Other,None Indicated,,Daylight,Wet,Clear,None apparent,Intersection:  Five points or more,Paved,,Property Damage Only,0,0,0,0,0,0,1500,2,2,,POINT (-91.550298562772 42.035721923027)
2014785335,201402124,02/12/2014,02-February,4-Wednesday,20:52,2000 Hours,District 6 (East Central),CEDAR RAPIDS,LINN,,COLDSTREAM AVE NE & 29TH ST NE & CENTER POINT RD NE,Collision with:  Vehicle in traffic,On Roadway,Broadside (front to side),Ran Traffic Signal,None Indicated,,Dark - roadway lighted,Slush,Cloudy,None apparent,Intersection:  Four-way intersection,Paved,,Property Damage Only,0,0,0,0,0,0,5500,2,3,,POINT (-91.662857546835 42.006935304659)
2014785780,14001245,02/12/2014,02-February,4-Wednesday,14:25,1400 Hours,District 6 (East Central),,BUCHANAN,IA 150,IA 150/JAMESTOWN AVE,Collision with:  Vehicle in traffic,On Roadway,Head-on (front to front),FTYROW:  Making left turn,None Indicated,,Daylight,Wet,Cloudy,None apparent,Non-intersection:  Driveway access (within),Paved,,Property Damage Only,0,0,0,0,0,0,15000,2,3,,POINT (-91.889368385573 42.377334779025)