Iowa DOT Case Number,Law Enforcement Case Number,Date of Crash,Month of Crash,Day of Week,Time of Crash,Hour,DOT District,City Name,County Name,Route with System,Location Description,First Harmful Event,Location of First Harmful Event,Manner of Crash/Collision,Major Cause,Drug or Alcohol ,Environmental Conditions,Light Conditions,Surface Conditions,Weather Conditions,Roadway Contribution,Roadway Type,Roadway Surface,Work Zone,Crash Severity,Number of Fatalities,Number of Injuries,Number of Major Injuries,Number of Minor Injuries,Number of Possible Injuries,Number of Unknown Injuries,Amount of Property Damage,Number of Vehicles Involved,Total Number of Occupants,Travel Direction,Location
2014786091,2014010759,02/13/2014,02-February,5-Thursday,14:59,1400 Hours,District 6 (East Central),,DELAWARE,IA 13,IA 13/IOWA 13 & 110TH ST,Collision with:  Vehicle in traffic,On Roadway,Rear-end (front to rear),Followed too close,None Indicated,,Daylight,Ice/frost,Cloudy,None apparent,Non-intersection:  Non-junction/no special feature,Paved,,Possible/Unknown,0,2,0,0,2,0,6900,3,3,,POINT (-91.468449717615 42.629413378058)
2014787059,02-14-2633,02/13/2014,02-February,5-Thursday,16:07,1600 Hours,District 6 (East Central),,DUBUQUE,US 61,US 61,Non-collision events:  Other non-collision (explain in narrative),Shoulder,Non-collision (single vehicle),Ran off road - right,None Indicated,,Daylight,Snow,Severe winds,"Surface condition (e.g., wet, icy)",Non-intersection:  Non-junction/no special feature,Paved,,Possible/Unknown,0,1,0,0,1,0,3000,1,1,,POINT (-90.694199415189 42.395705959593)
2014786927,14-1619,02/13/2014,02-February,5-Thursday,12:15,1200 Hours,District 3 (Northwest),SIOUX CENTER,SIOUX,US 75,US 75,Non-collision events:  Overturn/rollover,Roadside,Non-collision (single vehicle),Swerving/Evasive Action,None Indicated,,Daylight,Ice/frost,"Blowing sand, soil, dirt","Surface condition (e.g., wet, icy)",Non-intersection:  Driveway access (within),Paved,,Property Damage Only,0,0,0,0,0,0,6300,1,1,,POINT (-96.17584374303 43.107496534566)
2014786321,14006224,02/13/2014,02-February,5-Thursday,07:57,0700 Hours,District 5 (Southeast),MUSCATINE,MUSCATINE,,W 8TH ST,Collision with:  Vehicle in traffic,On Roadway,Rear-end (front to rear),Followed too close,None Indicated,,Daylight,Dry,Cloudy,None apparent,Non-intersection:  Non-junction/no special feature,Paved,,Property Damage Only,0,0,0,0,0,0,2800,3,3,,POINT (-91.05338015187 41.42441939763)
2014785881,14-000697,02/13/2014,02-February,5-Thursday,16:30,1600 Hours,District 1 (Central),ANKENY,POLK,IA 160,IA 160/SE ORALABOR RD,Collision with:  Vehicle in traffic,On Roadway,Rear-end (front to rear),Other (explain in narrative):  Other,None Indicated,,Daylight,Dry,Clear,None apparent,Non-intersection:  Other non-intersection (explain in narrative),Paved,,Property Damage Only,0,0,0,0,0,0,2500,2,4,,POINT (-93.576909803018 41.702889400056)
2014785555,14003062,02/13/2014,02-February,5-Thursday,16:57,1600 Hours,District 6 (East Central),MARION,LINN,,7TH AVE & 7TH ST,Collision with:  Vehicle in traffic,On Roadway,"Sideswipe, same direction",Ran Traffic Signal,None Indicated,,Daylight,Dry,Cloudy,None apparent,Intersection:  Four-way intersection,Paved,,Property Damage Only,0,0,0,0,0,0,6000,2,3,,POINT (-91.602782337724 42.03335581643)
2014786717,14-000192,02/13/2014,02-February,5-Thursday,11:42,1100 Hours,District 1 (Central),,STORY,,630TH AVE,Unknown,On Roadway,Non-collision (single vehicle),Unknown,None Indicated,,Daylight,"Mud, dirt",Clear,Obstruction in roadway,Non-intersection:  Non-junction/no special feature,Unpaved,,Possible/Unknown,0,1,0,0,1,0,0,1,1,,POINT (-93.444528798622 42.051771847737)
2014785256,14002192,02/13/2014,02-February,5-Thursday,10:00,1000 Hours,District 2 (Northeast),MASON CITY,CERRO GORDO,,N HAMPSHIRE AVE,Collision with:  Parked motor vehicle,On Roadway,"Sideswipe, same direction",Other (explain in narrative):  Other,None Indicated,,Daylight,Wet,Clear,None apparent,Non-intersection:  Non-junction/no special feature,Paved,,Property Damage Only,0,0,0,0,0,0,2000,2,1,,POINT (-93.187336376401 43.163225492886)
2014785495,CL14000444,02/13/2014,02-February,5-Thursday,21:25,2100 Hours,District 6 (East Central),CLINTON,CLINTON,US 67,US 67/7TH AVE S/S 4TH ST,Collision with:  Vehicle in traffic,On Roadway,Rear-end (front to rear),"Operating vehicle in an reckless, erratic, careless, negligent manner",Refused,,Dark - roadway lighted,Wet,Clear,None apparent,Intersection:  Four-way intersection,Paved,,Possible/Unknown,0,1,0,0,1,0,3000,2,2,,POINT (-90.193225505544 41.838954793678)
2014785340,201402138,02/13/2014,02-February,5-Thursday,07:40,0700 Hours,District 6 (East Central),CEDAR RAPIDS,LINN,,C ST RD SW,Collision with:  Vehicle in traffic,On Roadway,"Angle, oncoming left turn",FTYROW:  Making left turn,None Indicated,,Daylight,Wet,Cloudy,None apparent,Intersection:  T-intersection,Paved,,Possible/Unknown,0,1,0,0,1,0,5500,3,3,,POINT (-91.637222668884 41.918523662161)
2014785364,14022012,02/13/2014,02-February,5-Thursday,00:16,0000 Hours,District 4 (Southwest),CLARINDA,PAGE,,W STATE ST,Collision with fixed object:  Tree,Shoulder,Non-collision (single vehicle),Driving too fast for conditions,None Indicated,,Dark - roadway lighted,Ice/frost,Clear,"Surface condition (e.g., wet, icy)",Non-intersection:  Non-junction/no special feature,Paved,,Property Damage Only,0,0,0,0,0,0,2000,1,1,,POINT (-95.04282894835 40.742274842573)
2014788725,30-2014,02/13/2014,02-February,5-Thursday,10:35,1000 Hours,District 4 (Southwest),,HARRISON,US 30,US 30 & Co Rd L34/OVERTON AVE,,On Roadway,Non-collision (single vehicle),Cargo/equipment loss or shift,None Indicated,,Daylight,Dry,Clear,None apparent,Non-intersection:  Non-junction/no special feature,Paved,,Minor Injury,0,1,0,1,0,0,0,1,1,,POINT (-95.780283767133 41.643217908557)
2014785718,14-00168,02/13/2014,02-February,5-Thursday,14:37,1400 Hours,District 6 (East Central),WEST BRANCH,CEDAR,,THOMAS ST,Collision with:  Vehicle in traffic,On Roadway,"Sideswipe, same direction","Operating vehicle in an reckless, erratic, careless, negligent manner",Alcohol (Statutory),,Daylight,Wet,Cloudy,None apparent,Non-intersection:  Non-junction/no special feature,Paved,,Property Damage Only,0,0,0,0,0,0,2500,2,3,,POINT (-91.352436885109 41.671504393413)
2014785976,20140004086,02/13/2014,02-February,5-Thursday,16:46,1600 Hours,District 1 (Central),DES MOINES,POLK,,EASTON BLVD,Collision with:  Vehicle in traffic,On Roadway,"Sideswipe, same direction",Followed too close,None Indicated,,Daylight,Wet,Clear,None apparent,Non-intersection:  Non-junction/no special feature,Paved,,Property Damage Only,0,0,0,0,0,0,5000,2,3,,POINT (-93.563261199532 41.609715018115)
2014786532,,02/13/2014,02-February,5-Thursday,17:15,1700 Hours,District 2 (Northeast),,ALLAMAKEE,IA 9,IA 9/IOWA 9,Collision with fixed object:  Guardrail - face,On Roadway,Non-collision (single vehicle),Crossed centerline (undivided),None Indicated,,Dark - roadway not lighted,Ice/frost,"Blowing sand, soil, dirt",None apparent,Non-intersection:  Non-junction/no special feature,Paved,,Property Damage Only,0,0,0,0,0,0,7500,1,1,,POINT (-91.463491387352 43.301554471763)
2014785594,14-0765,02/13/2014,02-February,5-Thursday,17:19,1700 Hours,District 1 (Central),WEST DES MOINES,POLK,,GRAND AVE & ELM ST,Collision with:  Vehicle in traffic,On Roadway,"Sideswipe, same direction",Followed too close,None Indicated,,Daylight,Wet,Cloudy,"Surface condition (e.g., wet, icy)",Non-intersection:  Non-junction/no special feature,Paved,,Property Damage Only,0,0,0,0,0,0,3500,2,5,,POINT (-93.730228469617 41.573638521315)
2014786922,2014-9712,02/13/2014,02-February,5-Thursday,15:53,1500 Hours,District 6 (East Central),DAVENPORT,SCOTT,,E LOCUST ST & GRAND AVE,Collision with:  Vehicle in traffic,On Roadway,"Angle, oncoming left turn",FTYROW:  Making left turn,None Indicated,,Daylight,Dry,Clear,None apparent,Intersection:  Four-way intersection,Paved,,Minor Injury,0,4,0,2,2,0,94200,2,12,,POINT (-90.56486391783 41.538267142319)
2014785526,01-14-6346,02/13/2014,02-February,5-Thursday,14:42,1400 Hours,District 6 (East Central),DUBUQUE,DUBUQUE,US 52,US 52/CENTRAL AVE & AQUIN ST,Collision with:  Vehicle in traffic,On Roadway,Rear-end (front to rear),Lost Control,None Indicated,,Daylight,Dry,Cloudy,None apparent,Non-intersection:  Non-junction/no special feature,Paved,,Property Damage Only,0,0,0,0,0,0,11000,2,2,,POINT (-90.686268452505 42.532309209763)
2014785595,14-0763,02/13/2014,02-February,5-Thursday,16:15,1600 Hours,District 1 (Central),WEST DES MOINES,POLK,I-235,I-235,Collision with:  Vehicle in traffic,On Roadway,Rear-end (front to rear),Followed too close,None Indicated,,Daylight,Dry,Clear,None apparent,Non-intersection:  Non-junction/no special feature,Paved,,Property Damage Only,0,0,0,0,0,0,4000,2,2,,POINT (-93.72194378323 41.593362644635)
2014785552,201402172,02/13/2014,02-February,5-Thursday,17:16,1700 Hours,District 6 (East Central),CEDAR RAPIDS,LINN,,KIRKWOOD CT SW,Collision with:  Vehicle in traffic,On Roadway,Broadside (front to side),FTYROW:  From driveway,None Indicated,,Daylight,Slush,Clear,None apparent,Non-intersection:  Other non-intersection (explain in narrative),Paved,,Property Damage Only,0,0,0,0,0,0,3750,2,2,,POINT (-91.655770081047 41.921363221528)
2014786762,,02/13/2014,02-February,5-Thursday,09:15,0900 Hours,District 3 (Northwest),MANNING,CARROLL,IA 141,IA 141/6TH ST & MAIN ST,Collision with:  Vehicle in traffic,On Roadway,"Sideswipe, same direction",Made improper turn,None Indicated,,Daylight,Dry,Clear,None apparent,Intersection:  Four-way intersection,Paved,,Property Damage Only,0,0,0,0,0,0,2600,2,2,,POINT (-95.065153990665 41.906631792256)
2014786410,2014-9761,02/13/2014,02-February,5-Thursday,18:30,1800 Hours,District 6 (East Central),DAVENPORT,SCOTT,US 6,US 6/W KIMBERLY RD & FAIRMOUNT ST,Collision with:  Vehicle in traffic,On Roadway,Broadside (front to side),Ran Traffic Signal,None Indicated,,Dark - roadway lighted,Dry,Clear,None apparent,Intersection:  Four-way intersection,Paved,,Possible/Unknown,0,1,0,0,1,0,4000,2,3,,POINT (-90.62955398485 41.56102787748)
2014785572,14-994,02/13/2014,02-February,5-Thursday,16:39,1600 Hours,District 1 (Central),DES MOINES,POLK,,E DOUGLAS AVE,Collision with:  Vehicle in traffic,Outside trafficway,Rear-end (front to rear),Improper Backing,None Indicated,,Daylight,Dry,Clear,None apparent,Non-intersection:  Non-junction/no special feature,Paved,,Property Damage Only,0,0,0,0,0,0,2000,2,2,,POINT (-93.520479305849 41.629597448295)
2014788478,14-14796,02/13/2014,02-February,5-Thursday,12:13,1200 Hours,District 2 (Northeast),EVANSDALE,BLACK HAWK,I-380,I-380,Collision with:  Vehicle in traffic,On Roadway,Rear-end (front to rear),Crossed centerline (undivided),None Indicated,,Daylight,Dry,Clear,None apparent,Non-intersection:  Non-junction/no special feature,Paved,,Property Damage Only,0,0,0,0,0,0,6000,2,2,,POINT (-92.271815359832 42.460401714759)
2014785778,14-041,02/13/2014,02-February,5-Thursday,21:21,2100 Hours,District 2 (Northeast),WAVERLY,BREMER,,35TH ST NW,Collision with:  Vehicle in traffic,On Roadway,Head-on (front to front),Crossed centerline (undivided),Alcohol (Statutory),,Dark - roadway not lighted,Slush,"Blowing sand, soil, dirt","Surface condition (e.g., wet, icy)",Non-intersection:  Non-junction/no special feature,Paved,,Possible/Unknown,0,1,0,0,1,0,15000,2,3,,POINT (-92.512040461222 42.732369449779)
2014785715,2014010714,02/13/2014,02-February,5-Thursday,15:44,1500 Hours,District 2 (Northeast),,CHICKASAW,US 18,US 18,Non-collision events:  Overturn/rollover,On Roadway,Non-collision (single vehicle),Ran off road - left,None Indicated,,Daylight,Ice/frost,Clear,"Surface condition (e.g., wet, icy)",Non-intersection:  Non-junction/no special feature,Paved,,Property Damage Only,0,0,0,0,0,0,3000,1,1,,POINT (-92.317627399136 42.987981126119)
2014787574,14-000704,02/13/2014,02-February,5-Thursday,14:50,1400 Hours,District 1 (Central),AMES,STORY,US 69,US 69/S DUFF AVE & AIRPORT RD & BILLY SUNDAY RD,Collision with:  Vehicle in traffic,On Roadway,Rear-end (front to rear),Followed too close,None Indicated,,Daylight,Dry,Clear,None apparent,Intersection:  Four-way intersection,Paved,,Property Damage Only,0,0,0,0,0,0,2899,2,2,,POINT (-93.610036344234 42.001088039793)
2014785801,261400254,02/13/2014,02-February,5-Thursday,07:59,0700 Hours,District 5 (Southeast),,DAVIS,,LILAC AVE & 190TH ST,Collision with:  Vehicle in traffic,On Roadway,Broadside (front to side),Ran Stop Sign,None Indicated,,Daylight,Other (explain in narrative),Clear,None apparent,Intersection:  Four-way intersection,Unpaved,,Possible/Unknown,0,2,0,0,2,0,11000,2,2,,POINT (-92.419063464618 40.783902823341)
2014786065,14-4383,02/13/2014,02-February,5-Thursday,15:08,1500 Hours,District 3 (Northwest),SIOUX CITY,WOODBURY,,W 4TH ST & COLON ST,Collision with:  Vehicle in traffic,On Roadway,Rear-end (front to rear),Followed too close,None Indicated,,Daylight,Dry,Clear,None apparent,Intersection:  Four-way intersection,Paved,,Possible/Unknown,0,1,0,0,1,0,5000,2,4,,POINT (-96.446428834444 42.499748474737)
2014785528,01-14-6381,02/13/2014,02-February,5-Thursday,18:26,1800 Hours,District 6 (East Central),DUBUQUE,DUBUQUE,,JOHN F KENNEDY RD,Collision with:  Vehicle in traffic,On Roadway,"Sideswipe, same direction",FTYROW:  Other (explain in narrative),None Indicated,,Dark - roadway lighted,Dry,Cloudy,None apparent,Non-intersection:  Non-junction/no special feature,Paved,,Property Damage Only,0,0,0,0,0,0,1500,2,4,,POINT (-90.721101567397 42.498211371961)
2014785524,01-14-6303,02/13/2014,02-February,5-Thursday,07:32,0700 Hours,District 6 (East Central),DUBUQUE,DUBUQUE,,JOHN F KENNEDY RD,Collision with:  Vehicle in traffic,On Roadway,Rear-end (front to rear),Lost Control,None Indicated,,Daylight,Wet,Cloudy,None apparent,Non-intersection:  Non-junction/no special feature,Paved,,Property Damage Only,0,0,0,0,0,0,2000,2,2,,POINT (-90.721150991738 42.498860733091)
2014785394,20140004034,02/13/2014,02-February,5-Thursday,08:41,0800 Hours,District 1 (Central),DES MOINES,POLK,,BEL AIRE RD & LOWER BEAVER RD,Collision with:  Vehicle in traffic,On Roadway,Broadside (front to side),FTYROW:  From stop sign,None Indicated,,Daylight,Wet,Clear,None apparent,Intersection:  Four-way intersection,Paved,,Property Damage Only,0,0,0,0,0,0,3300,2,3,,POINT (-93.665995674363 41.640132462576)
2014786094,2014011016,02/13/2014,02-February,5-Thursday,17:05,1700 Hours,District 2 (Northeast),,WORTH,I-35,I-35,Collision with:  Other non-fixed object (explain in narrative),On Roadway,Broadside (front to side),Swerving/Evasive Action,None Indicated,,Daylight,Ice/frost,"Blowing sand, soil, dirt","Surface condition (e.g., wet, icy)",Non-intersection:  Non-junction/no special feature,Paved,,Property Damage Only,0,0,0,0,0,0,5000,2,1,,POINT (-93.350983838025 43.478774987093)
2014787766,201400418,02/13/2014,02-February,5-Thursday,02:45,0200 Hours,District 6 (East Central),,LINN,US 151,US 151 & BERTRAM RD,Collision with fixed object:  Traffic sign support,On Roadway,Non-collision (single vehicle),Ran off road - right,Alcohol (Statutory),,Dark - roadway not lighted,Dry,Clear,None apparent,Non-intersection:  Crossover-related,Paved,,Minor Injury,0,1,0,1,0,0,8000,1,1,,POINT (-91.554783756034 41.958756047165)
2014785557,14003372,02/13/2014,02-February,5-Thursday,08:25,0800 Hours,District 5 (Southeast),OSKALOOSA,MAHASKA,US 63,US 63/N MARKET ST & GLENDALE RD,Collision with:  Vehicle in traffic,On Roadway,Rear-end (front to rear),Lost Control,None Indicated,,Daylight,Wet,Clear,None apparent,Intersection:  T-intersection,Paved,,Property Damage Only,0,0,0,0,0,0,4500,2,2,,POINT (-92.645676170356 41.312526928144)
2014785483,14000825,02/13/2014,02-February,5-Thursday,12:13,1200 Hours,District 2 (Northeast),,CERRO GORDO,US 18,US 18/SW RAMP/SE RAMP & US 65,Collision with:  Vehicle in traffic,On Roadway,"Angle, oncoming left turn",FTYROW:  Making left turn,None Indicated,,Daylight,Dry,Clear,None apparent,"Interchange-related:  Off-ramp, diverge area",Paved,,Minor Injury,0,2,0,2,0,0,20200,2,2,,POINT (-93.201322307022 43.103058167437)
2014786783,201400569,02/13/2014,02-February,5-Thursday,13:35,1300 Hours,District 1 (Central),,BOONE,,190TH ST,Collision with:  Vehicle in traffic,On Roadway,"Sideswipe, same direction",Ran off road - left,None Indicated,,Daylight,"Mud, dirt",Clear,None apparent,Non-intersection:  Driveway access (within),Unpaved,,Property Damage Only,0,0,0,0,0,0,1700,2,4,,POINT (-94.0557585477 42.078047272327)
2014785777,14-040,02/13/2014,02-February,5-Thursday,15:55,1500 Hours,District 2 (Northeast),WAVERLY,BREMER,,5TH AVE NW & 35TH ST NW,Non-collision events:  Other non-collision (explain in narrative),On Roadway,Unknown,Swerving/Evasive Action,None Indicated,,Daylight,Ice/frost,Cloudy,"Surface condition (e.g., wet, icy)",Non-intersection:  Other non-intersection (explain in narrative),Paved,,Possible/Unknown,0,1,0,0,1,0,7000,4,6,,POINT (-92.51084777168 42.730248071833)
2014785676,14-0439,02/13/2014,02-February,5-Thursday,12:45,1200 Hours,District 1 (Central),FORT DODGE,WEBSTER,,5TH AVE S,Collision with:  Vehicle in traffic,On Roadway,Broadside (front to side),FTYROW:  From stop sign,None Indicated,,Daylight,Wet,Clear,None apparent,Intersection:  Other intersection (explain in narrative),Paved,,Property Damage Only,0,0,0,0,0,0,6000,2,2,,POINT (-94.156695490592 42.501168409318)
2014785496,140381,02/13/2014,02-February,5-Thursday,07:59,0700 Hours,District 3 (Northwest),DENISON,CRAWFORD,,2ND AVE S & S 19TH ST,Collision with:  Vehicle in traffic,On Roadway,Broadside (front to side),FTYROW:  From stop sign,None Indicated,,Daylight,Wet,Clear,None apparent,Intersection:  Four-way intersection,Paved,,Property Damage Only,0,0,0,0,0,0,3500,2,2,,POINT (-95.345279158574 42.014526264805)
2014793207,S201400281,02/13/2014,02-February,5-Thursday,07:57,0700 Hours,District 3 (Northwest),,PALO ALTO,US 18,US 18/360 ST,Collision with:  Vehicle in traffic,On Roadway,"Sideswipe, same direction",Ran off road - left,None Indicated,,Daylight,Other (explain in narrative),Clear,"Surface condition (e.g., wet, icy)",Non-intersection:  Non-junction/no special feature,Paved,,Possible/Unknown,0,1,0,0,1,0,19100,2,2,,POINT (-94.851596801842 43.126657402878)
2014786062,14-4353,02/13/2014,02-February,5-Thursday,08:05,0800 Hours,District 3 (Northwest),SIOUX CITY,WOODBURY,I-29,I-29,Collision with:  Vehicle in traffic,On Roadway,Rear-end (front to rear),Followed too close,None Indicated,,Daylight,Wet,Clear,None apparent,Non-intersection:  Non-junction/no special feature,Paved,,Possible/Unknown,0,1,0,0,1,0,5200,3,3,,POINT (-96.39726608735 42.487810385518)
2014844621,2014-000393,02/13/2014,02-February,5-Thursday,15:07,1500 Hours,District 2 (Northeast),,ALLAMAKEE,IA 9,IA 9/IOWA 9,Collision with fixed object:  Ditch,On Roadway,Non-collision (single vehicle),Driving too fast for conditions,None Indicated,,Daylight,Snow,"Blowing sand, soil, dirt","Surface condition (e.g., wet, icy)",Non-intersection:  Non-junction/no special feature,Paved,,Property Damage Only,0,0,0,0,0,0,5000,1,1,,POINT (-91.425283560608 43.329749715123)
2014787689,S14-014832,02/13/2014,02-February,5-Thursday,13:54,1300 Hours,District 2 (Northeast),,BLACK HAWK,,Co Rd V49/N RAYMOND RD,Non-collision events:  Overturn/rollover,On Roadway,Non-collision (single vehicle),Ran off road - left,None Indicated,,Daylight,Snow,"Blowing sand, soil, dirt","Surface condition (e.g., wet, icy)",Non-intersection:  Non-junction/no special feature,Paved,,Possible/Unknown,0,1,0,0,1,0,6000,1,1,,POINT (-92.219141588234 42.620447243906)
2014785551,201402170,02/13/2014,02-February,5-Thursday,16:19,1600 Hours,District 6 (East Central),CEDAR RAPIDS,LINN,,EDGEWOOD RD SW,Collision with:  Vehicle in traffic,On Roadway,Rear-end (front to rear),Followed too close,None Indicated,,Daylight,Wet,Clear,None apparent,Non-intersection:  Non-junction/no special feature,Paved,,Property Damage Only,0,0,0,0,0,0,3600,2,3,,POINT (-91.71599913213 41.944028544318)
2014786127,,02/13/2014,02-February,5-Thursday,06:54,0600 Hours,District 3 (Northwest),HAVELOCK,POCAHONTAS,IA 10,IA 10/IOWA 10,Collision with fixed object:  Utility pole/light support,On Roadway,Non-collision (single vehicle),Ran off road - right,None Indicated,,Dawn,Snow,"Blowing sand, soil, dirt","Surface condition (e.g., wet, icy)",Non-intersection:  Non-junction/no special feature,Paved,,Property Damage Only,0,0,0,0,0,0,6000,1,1,,POINT (-94.699001405686 42.83024516738)
2014785578,20140004071,02/13/2014,02-February,5-Thursday,14:47,1400 Hours,District 1 (Central),DES MOINES,POLK,,NORTHWEST DR & 41ST ST,Collision with:  Parked motor vehicle,On Roadway,"Sideswipe, same direction","Operating vehicle in an reckless, erratic, careless, negligent manner",None Indicated,,Daylight,Dry,Clear,None apparent,Non-intersection:  Non-junction/no special feature,Paved,,Property Damage Only,0,0,0,0,0,0,3000,2,1,,POINT (-93.673024828619 41.609440074623)
2014785530,02-14-2621,02/13/2014,02-February,5-Thursday,09:46,0900 Hours,District 6 (East Central),,DUBUQUE,US 20,US 20,Non-collision events:  Overturn/rollover,On Roadway,Non-collision (single vehicle),Swerving/Evasive Action,None Indicated,,Daylight,Ice/frost,Clear,"Surface condition (e.g., wet, icy)",Non-intersection:  Non-junction/no special feature,Paved,,Possible/Unknown,0,1,0,0,0,1,50000,1,1,,POINT (-90.808452617251 42.440012351748)
2014785553,201402175,02/13/2014,02-February,5-Thursday,17:49,1700 Hours,District 6 (East Central),CEDAR RAPIDS,LINN,,JACOLYN DR SW & JACOLYN DR NW & JOHNSON AVE NW,Collision with:  Vehicle in traffic,On Roadway,Rear-end (front to rear),Other (explain in narrative):  Other,None Indicated,,Dark - roadway lighted,Dry,Cloudy,None apparent,Intersection:  Four-way intersection,Paved,,Property Damage Only,0,0,0,0,0,0,5500,2,2,,POINT (-91.731815472264 41.968945205001)
2014785756,W14-014815,02/13/2014,02-February,5-Thursday,12:41,1200 Hours,District 2 (Northeast),WATERLOO,BLACK HAWK,,THOMPSON AVE,Collision with:  Vehicle in traffic,On Roadway,Rear-end (front to rear),FTYROW:  Other (explain in narrative),None Indicated,,Daylight,Wet,Cloudy,None apparent,Non-intersection:  Driveway access (within),Paved,,Property Damage Only,0,0,0,0,0,0,1500,2,2,,POINT (-92.340897475823 42.503489526723)
2014786407,2014-9662,02/13/2014,02-February,5-Thursday,10:38,1000 Hours,District 6 (East Central),DAVENPORT,SCOTT,,W 35TH ST & MAIN ST,Collision with fixed object:  Utility pole/light support,Outside trafficway,Non-collision (single vehicle),Ran off road - right,None Indicated,,Daylight,Dry,Clear,None apparent,Non-intersection:  Non-junction/no special feature,Paved,,Property Damage Only,0,0,0,0,0,0,7000,1,3,,POINT (-90.575446689806 41.555314833437)
2014785296,14-2015,02/13/2014,02-February,5-Thursday,09:15,0900 Hours,District 6 (East Central),,JACKSON,US 61,US 61,Collision with:  Vehicle in traffic,On Roadway,Rear-end (front to rear),Other (explain in narrative):  Other,None Indicated,,Daylight,Snow,Snow,"Surface condition (e.g., wet, icy)",Non-intersection:  Non-junction/no special feature,Paved,,Property Damage Only,0,0,0,0,0,0,23500,2,2,,POINT (-90.683679839447 42.092312452582)
2014785713,2014010595,02/13/2014,02-February,5-Thursday,09:45,0900 Hours,District 3 (Northwest),,OBRIEN,US 18,US 18/320TH ST,Collision with fixed object:  Ditch,Roadside,Non-collision (single vehicle),Ran off road - right,None Indicated,,Daylight,Snow,"Blowing sand, soil, dirt",None apparent,Non-intersection:  Non-junction/no special feature,Paved,,Property Damage Only,0,0,0,0,0,0,3000,1,1,,POINT (-95.775905405635 43.186140333446)
2014785417,14S00187,02/13/2014,02-February,5-Thursday,06:30,0600 Hours,District 4 (Southwest),,UNION,,Co Rd P33/CHERRY ST RD & ADAIR-UNION ST,Collision with:  Animal,,,Animal,None Indicated,,,,,,,Paved,,Property Damage Only,0,0,0,0,0,0,2000,1,1,,POINT (-94.357057072118 41.15744772094)
2014836336,EP14000218,02/13/2014,02-February,5-Thursday,15:15,1500 Hours,District 2 (Northeast),EAGLE GROVE,WRIGHT,,2ND ST SE & S JACKSON AVE,Collision with:  Vehicle in traffic,On Roadway,Broadside (front to side),Crossed centerline (undivided),None Indicated,,Daylight,Slush,Clear,None apparent,Intersection:  Four-way intersection,Paved,,Property Damage Only,0,0,0,0,0,0,5000,2,2,,POINT (-93.896271729457 42.662027662925)
2014787071,201400419,02/13/2014,02-February,5-Thursday,09:00,0900 Hours,District 6 (East Central),,LINN,,Co Rd W36/PALO MARSH RD,Non-collision events:  Overturn/rollover,Roadside,Non-collision (single vehicle),Crossed centerline (undivided),None Indicated,,Daylight,Slush,Clear,"Surface condition (e.g., wet, icy)",Non-intersection:  Non-junction/no special feature,Paved,,Minor Injury,0,1,0,1,0,0,5100,1,1,,POINT (-91.794759266249 42.080519365202)
2014786017,14-005808,02/13/2014,02-February,5-Thursday,08:22,0800 Hours,District 4 (Southwest),COUNCIL BLUFFS,POTTAWATTAMIE,,MID AMERICA DR & 27TH AVE & S 24TH ST,Collision with:  Vehicle in traffic,On Roadway,Rear-end (front to rear),FTYROW:  To pedestrian,None Indicated,,Daylight,Wet,Clear,None apparent,Non-intersection:  Non-junction/no special feature,Paved,,Property Damage Only,0,0,0,0,0,0,6000,3,5,,POINT (-95.879164256112 41.235145973221)
2014785467,W14-014886,02/13/2014,02-February,5-Thursday,16:41,1600 Hours,District 2 (Northeast),WATERLOO,BLACK HAWK,,NEWTON ST & GRANDVIEW AVE,Collision with:  Vehicle in traffic,On Roadway,Broadside (front to side),FTYROW:  At uncontrolled intersection,None Indicated,,Daylight,Snow,Clear,None apparent,Intersection:  Four-way intersection,Paved,,Property Damage Only,0,0,0,0,0,0,6900,2,2,,POINT (-92.350250409528 42.51588089928)
2014785484,14000831,02/13/2014,02-February,5-Thursday,14:52,1400 Hours,District 2 (Northeast),,CERRO GORDO,IA 122,IA 122/IOWA 122,Collision with:  Vehicle in traffic,On Roadway,Rear-end (front to rear),Driving too fast for conditions,None Indicated,,Daylight,Snow,"Blowing sand, soil, dirt","Surface condition (e.g., wet, icy)",Non-intersection:  Non-junction/no special feature,Paved,,Property Damage Only,0,0,0,0,0,0,2500,2,2,,POINT (-93.326530646579 43.148036929159)
2014788590,2014010696,02/13/2014,02-February,5-Thursday,14:45,1400 Hours,District 6 (East Central),,BUCHANAN,IA 150,IA 150/JAMESTOWN AVE,Collision with fixed object:  Ditch,Shoulder,Non-collision (single vehicle),Ran off road - right,None Indicated,,Daylight,Ice/frost,"Blowing sand, soil, dirt","Surface condition (e.g., wet, icy)",Non-intersection:  Non-junction/no special feature,Paved,,Property Damage Only,0,0,0,0,0,0,6000,1,1,,POINT (-91.889886856167 42.436130125906)
2014786374,14-2765,02/13/2014,02-February,5-Thursday,13:10,1300 Hours,District 6 (East Central),BETTENDORF,SCOTT,US 67,US 67/STATE ST & 13TH ST,Collision with:  Vehicle in traffic,On Roadway,"Sideswipe, same direction",Unknown,None Indicated,,Daylight,Dry,Clear,None apparent,Intersection:  T-intersection,Paved,,Property Damage Only,0,0,0,0,0,0,2400,2,2,,POINT (-90.514853858852 41.525119093055)