Iowa DOT Case Number,Law Enforcement Case Number,Date of Crash,Month of Crash,Day of Week,Time of Crash,Hour,DOT District,City Name,County Name,Route with System,Location Description,First Harmful Event,Location of First Harmful Event,Manner of Crash/Collision,Major Cause,Drug or Alcohol ,Environmental Conditions,Light Conditions,Surface Conditions,Weather Conditions,Roadway Contribution,Roadway Type,Roadway Surface,Work Zone,Crash Severity,Number of Fatalities,Number of Injuries,Number of Major Injuries,Number of Minor Injuries,Number of Possible Injuries,Number of Unknown Injuries,Amount of Property Damage,Number of Vehicles Involved,Total Number of Occupants,Travel Direction,Location
2014785750,14015299,02/14/2014,02-February,6-Friday,16:26,1600 Hours,District 2 (Northeast),CEDAR FALLS,BLACK HAWK,IA 57,IA 57/WEST 1ST ST & EAGLE RIDGE RD,Collision with:  Vehicle in traffic,On Roadway,"Angle, oncoming left turn",FTYROW:  Making left turn,None Indicated,,Daylight,Slush,Clear,None apparent,Intersection:  Four-way intersection,Paved,,Property Damage Only,0,0,0,0,0,0,11000,3,5,,POINT (-92.476433605929 42.541526958424)
2014785951,20140004206,02/14/2014,02-February,6-Friday,19:51,1900 Hours,District 1 (Central),DES MOINES,POLK,,LINCOLN AVE & 27TH ST,Collision with fixed object:  Guardrail - face,On Roadway,Non-collision (single vehicle),Ran off road - straight,None Indicated,,Dark - roadway lighted,Ice/frost,Clear,"Surface condition (e.g., wet, icy)",Non-intersection:  Non-junction/no special feature,Paved,,Property Damage Only,0,0,0,0,0,0,2500,1,2,,POINT (-93.653623592572 41.613524199627)
2014790324,2014011039,02/14/2014,02-February,6-Friday,16:00,1600 Hours,District 6 (East Central),CEDAR RAPIDS,LINN,,STONEY POINT RD NW & WILSON AVE SW & STONY POINT RD SW,Collision with:  Vehicle in traffic,On Roadway,"Sideswipe, opposite direction",Crossed centerline (undivided),None Indicated,,Daylight,Snow,Clear,"Surface condition (e.g., wet, icy)",Non-intersection:  Non-junction/no special feature,Paved,,Property Damage Only,0,0,0,0,0,0,4500,2,3,,POINT (-91.755080355004 41.956716870987)
2014786411,2014-9865,02/14/2014,02-February,6-Friday,08:38,0800 Hours,District 6 (East Central),DAVENPORT,SCOTT,US 6,US 6/W KIMBERLY RD,Collision with:  Vehicle in traffic,On Roadway,"Sideswipe, same direction",Crossed centerline (undivided),None Indicated,,Daylight,Snow,Snow,"Surface condition (e.g., wet, icy)",Non-intersection:  Non-junction/no special feature,Paved,,Minor Injury,0,1,0,1,0,0,4500,2,2,,POINT (-90.608340049014 41.560083988509)
2014786184,CL14000445,02/14/2014,02-February,6-Friday,08:07,0800 Hours,District 6 (East Central),CLINTON,CLINTON,US 30,US 30/LINCOLN WAY/CAMANCHE AVE & S 14TH ST,Collision with:  Vehicle in traffic,On Roadway,Rear-end (front to rear),Other (explain in narrative):  Other,None Indicated,,Daylight,Dry,Cloudy,None apparent,Intersection:  Four-way intersection,Paved,,Property Damage Only,0,0,0,0,0,0,3000,2,2,,POINT (-90.218699886398 41.818852725662)
2014787817,14-000183,02/14/2014,02-February,6-Friday,10:32,1000 Hours,District 1 (Central),JOHNSTON,POLK,,NW 62ND AVE,Collision with fixed object:  Traffic sign support,On Roadway,Non-collision (single vehicle),Other (explain in narrative):  No improper action,None Indicated,,Daylight,Ice/frost,Snow,"Surface condition (e.g., wet, icy)",Non-intersection:  Other non-intersection (explain in narrative),Paved,,Property Damage Only,0,0,0,0,0,0,3020,1,1,,POINT (-93.720752896472 41.672840288441)
2014785859,2014001340,02/14/2014,02-February,6-Friday,14:05,1400 Hours,District 1 (Central),MARSHALLTOWN,MARSHALL,IA 14,IA 14/3RD AVE,Collision with:  Vehicle in traffic,On Roadway,Rear-end (front to rear),Unknown,None Indicated,,Daylight,Wet,Clear,None apparent,Non-intersection:  Non-junction/no special feature,Paved,,Property Damage Only,0,0,0,0,0,0,2250,2,5,,POINT (-92.907999039306 42.044417843448)
2014787763,201400440,02/14/2014,02-February,6-Friday,16:18,1600 Hours,District 6 (East Central),WALKER,LINN,,GRANT ST & S ELY ST,Collision with:  Vehicle in traffic,On Roadway,Rear-end (front to rear),Driving too fast for conditions,None Indicated,,Daylight,Ice/frost,Clear,"Surface condition (e.g., wet, icy)",Intersection:  Four-way intersection,Paved,,Property Damage Only,0,0,0,0,0,0,2500,2,2,,POINT (-91.779513803704 42.283879792239)
2014786593,2014-0636,02/14/2014,02-February,6-Friday,15:49,1500 Hours,District 1 (Central),,HARDIN,,130TH ST,Collision with:  Vehicle in traffic,On Roadway,Broadside (front to side),Driving too fast for conditions,None Indicated,,Daylight,Snow,Clear,"Surface condition (e.g., wet, icy)",Intersection:  Four-way intersection,Paved,,Property Damage Only,0,0,0,0,0,0,3000,2,5,,POINT (-93.228699230715 42.514477674084)
2014785941,20130004180,02/14/2014,02-February,6-Friday,14:42,1400 Hours,District 1 (Central),DES MOINES,POLK,US 69,US 69/SE 14TH ST,Collision with:  Non-motorist (see non-motorist section - NOT a unit),On Roadway,Non-collision (single vehicle),Other (explain in narrative):  No improper action,None Indicated,,Daylight,Dry,Clear,None apparent,Non-intersection:  Non-junction/no special feature,Paved,,Possible/Unknown,0,1,0,0,1,0,50,1,2,,POINT (-93.596848839 41.554475121506)
2014786742,14-000827,02/14/2014,02-February,6-Friday,16:33,1600 Hours,District 2 (Northeast),ALGONA,KOSSUTH,,W CALL ST & N RIDGLEY ST,Collision with:  Vehicle in traffic,On Roadway,Broadside (front to side),FTYROW:  At uncontrolled intersection,None Indicated,,Daylight,Snow,Cloudy,None apparent,Intersection:  Four-way intersection,Paved,,Possible/Unknown,0,1,0,0,1,0,4000,2,9,,POINT (-94.241666145305 43.069844068445)
2014787022,,02/14/2014,02-February,6-Friday,17:05,1700 Hours,District 5 (Southeast),FORT MADISON,LEE,,CRESCENT DR & BLUFF RD,Collision with:  Vehicle in traffic,On Roadway,Rear-end (front to rear),Improper Backing,None Indicated,,Dark - roadway lighted,Snow,Cloudy,None apparent,Intersection:  T-intersection,Paved,,Property Damage Only,0,0,0,0,0,0,2000,3,3,,POINT (-91.350221133216 40.63715157536)
2014790703,,02/14/2014,02-February,6-Friday,03:00,0300 Hours,District 3 (Northwest),ROCKWELL CITY,CALHOUN,,1ST ST,Collision with:  Parked motor vehicle,Outside trafficway,Rear-end (front to rear),Ran off road - right,None Indicated,,Dark - roadway not lighted,Ice/frost,Unknown,"Surface condition (e.g., wet, icy)",Non-intersection:  Alley,Paved,,Property Damage Only,0,0,0,0,0,0,3500,2,1,,POINT (-94.630095218927 42.39554829437)
2014798034,14-001031,02/14/2014,02-February,6-Friday,14:45,1400 Hours,District 2 (Northeast),,CLAYTON,IA 3,IA 3/IOWA 3 & CEDAR AVE,Collision with:  Vehicle in traffic,On Roadway,"Sideswipe, same direction",Followed too close,None Indicated,,Daylight,Dry,Clear,None apparent,Non-intersection:  Non-junction/no special feature,Paved,,Property Damage Only,0,0,0,0,0,0,7000,2,2,,POINT (-91.507518270112 42.658710356383)
2014786283,2014001694,02/14/2014,02-February,6-Friday,10:41,1000 Hours,District 6 (East Central),IOWA CITY,JOHNSON,IA 1,IA 1/IOWA 1 & SUNSET ST,Collision with:  Vehicle in traffic,On Roadway,Rear-end (front to rear),FTYROW:  Making right turn on red signal,None Indicated,,Daylight,Wet,Cloudy,None apparent,Intersection:  Four-way intersection,Paved,,Property Damage Only,0,0,0,0,0,0,3000,2,2,,POINT (-91.558557655618 41.642057328244)
2014786294,2014001712,02/14/2014,02-February,6-Friday,17:48,1700 Hours,District 6 (East Central),IOWA CITY,JOHNSON,,WASHINGTON ST & SHRADER RD,Collision with:  Vehicle in traffic,On Roadway,Broadside (front to side),FTYROW:  From driveway,None Indicated,,Dusk,Snow,Cloudy,None apparent,Non-intersection:  Other non-intersection (explain in narrative),Paved,,Property Damage Only,0,0,0,0,0,0,6000,2,6,,POINT (-91.49308417424 41.660528163119)
2014785810,14-05085,02/14/2014,02-February,6-Friday,08:50,0800 Hours,District 5 (Southeast),BURLINGTON,DES MOINES,US 34,US 34/NW RAMP,Collision with:  Vehicle in traffic,On Roadway,Rear-end (front to rear),Driving too fast for conditions,None Indicated,,Daylight,Snow,Snow,"Surface condition (e.g., wet, icy)",Interchange-related:  On-ramp merge area,Paved,,Property Damage Only,0,0,0,0,0,0,4500,3,3,,POINT (-91.113867202673 40.816086928314)
2014786259,SO1400517,02/14/2014,02-February,6-Friday,23:49,2300 Hours,District 5 (Southeast),,JEFFERSON,US 34,US 34,Collision with:  Vehicle in traffic,On Roadway,Rear-end (front to rear),Driver Distraction:  Inattentive/lost in thought,None Indicated,,Dark - roadway not lighted,Dry,Cloudy,None apparent,Non-intersection:  Non-junction/no special feature,Paved,,Major Injury,0,2,1,0,1,0,10000,2,2,,POINT (-91.83483773367 41.001947529732)
2014791333,,02/14/2014,02-February,6-Friday,13:00,1300 Hours,District 2 (Northeast),ELKADER,CLAYTON,,Co Rd X21/BRIDGE ST,Collision with:  Parked motor vehicle,On Roadway,Rear-end (front to rear),Unknown,None Indicated,,Daylight,Dry,Clear,,Non-intersection:  Non-junction/no special feature,Paved,,Property Damage Only,0,0,0,0,0,0,2100,2,3,,POINT (-91.368909317806 42.753581701462)
2014786928,14-1657,02/14/2014,02-February,6-Friday,07:30,0700 Hours,District 3 (Northwest),,SIOUX,,Co Rd B20/340TH ST,Collision with:  Vehicle in traffic,On Roadway,"Sideswipe, opposite direction",Crossed centerline (undivided),None Indicated,,Daylight,Snow,Clear,None apparent,Non-intersection:  Non-junction/no special feature,Unpaved,,Property Damage Only,0,0,0,0,0,0,3500,2,15,,POINT (-96.348156457302 43.156782494627)
2014786961,2014010907,02/14/2014,02-February,6-Friday,10:42,1000 Hours,District 5 (Southeast),MOUNT PLEASANT,HENRY,US 34,US 34/SW LOOP,Collision with fixed object:  Traffic sign support,Shoulder,Non-collision (single vehicle),Ran off road - left,None Indicated,,Daylight,Snow,Snow,"Surface condition (e.g., wet, icy)",Interchange-related:  Off-ramp,Paved,,Property Damage Only,0,0,0,0,0,0,5500,1,2,,POINT (-91.521246745481 40.958157649201)
2014791504,14-001522,02/14/2014,02-February,6-Friday,11:07,1100 Hours,District 3 (Northwest),GLIDDEN,CARROLL,,E 3RD ST & NEVADA ST,Collision with:  Vehicle in traffic,On Roadway,Broadside (front to side),FTYROW:  From yield sign,None Indicated,,Daylight,Snow,Clear,None apparent,Intersection:  Four-way intersection,Paved,,Possible/Unknown,0,1,0,0,1,0,2500,2,5,,POINT (-94.727439272945 42.057859850629)
2014785943,20140001492,02/14/2014,02-February,6-Friday,16:44,1600 Hours,District 1 (Central),DES MOINES,POLK,,E GRAND AVE & ROBERT D RAY DR,Collision with:  Vehicle in traffic,On Roadway,"Sideswipe, same direction",FTYROW:  Other (explain in narrative),None Indicated,,Daylight,Wet,Clear,None apparent,Non-intersection:  Non-junction/no special feature,Paved,,Property Damage Only,0,0,0,0,0,0,3000,2,2,,POINT (-93.61646523647 41.58964412791)
2014785588,20140004149,02/14/2014,02-February,6-Friday,09:03,0900 Hours,District 1 (Central),DES MOINES,POLK,,44TH ST,Collision with:  Vehicle in traffic,On Roadway,Rear-end (front to rear),Improper Backing,None Indicated,,Daylight,Snow,Snow,Unknown,Non-intersection:  Non-junction/no special feature,Paved,,Property Damage Only,0,0,0,0,0,0,2500,2,2,,POINT (-93.676855933324 41.599356522838)
2014787073,201400435,02/14/2014,02-February,6-Friday,08:30,0800 Hours,District 6 (East Central),MOUNT VERNON,LINN,,VIRGIL DR SE & RACHEL ST SE,Collision with:  Vehicle in traffic,On Roadway,"Angle, oncoming left turn",FTYROW:  Making left turn,None Indicated,,Daylight,Snow,Snow,"Surface condition (e.g., wet, icy)",Non-intersection:  Driveway access (within),Paved,,Property Damage Only,0,0,0,0,0,0,5000,2,2,,POINT (-91.424192804406 41.913500616907)
2014786964,2014011065,02/14/2014,02-February,6-Friday,17:16,1700 Hours,District 5 (Southeast),,HENRY,US 218,US 218,Non-collision events:  Overturn/rollover,On Roadway,Non-collision (single vehicle),Ran off road - right,None Indicated,,Daylight,Ice/frost,Clear,"Surface condition (e.g., wet, icy)",Non-intersection:  Non-junction/no special feature,Paved,,Minor Injury,0,3,0,1,2,0,9500,1,4,,POINT (-91.544348100187 41.062320780816)
2014899585,NT-14-029,02/14/2014,02-February,6-Friday,12:15,1200 Hours,District 1 (Central),NEVADA,STORY,,3RD ST,Collision with:  Parked motor vehicle,On Roadway,Non-collision (single vehicle),Other (explain in narrative):  No improper action,None Indicated,,Daylight,Wet,Clear,None apparent,Non-intersection:  Non-junction/no special feature,Paved,,Property Damage Only,0,0,0,0,0,0,3050,2,1,,POINT (-93.456344389343 42.02094998998)
2014787248,,02/14/2014,02-February,6-Friday,11:30,1100 Hours,District 3 (Northwest),MERRILL,PLYMOUTH,US 75,US 75 & IA 470/MAIN ST,Collision with:  Vehicle in traffic,On Roadway,Broadside (front to side),FTYROW:  From stop sign,None Indicated,,Daylight,Dry,Clear,None apparent,Intersection:  Four-way intersection,Paved,,Property Damage Only,0,0,0,0,0,0,9000,2,2,,POINT (-96.246457772783 42.719837726621)
2014786723,14020257,02/14/2014,02-February,6-Friday,09:54,0900 Hours,District 5 (Southeast),,WAPELLO,US 34,US 34,Collision with:  Vehicle in traffic,On Roadway,Unknown,Swerving/Evasive Action,None Indicated,,Daylight,Snow,Snow,"Surface condition (e.g., wet, icy)",Non-intersection:  Non-junction/no special feature,Paved,,Property Damage Only,0,0,0,0,0,0,1500,2,2,,POINT (-92.306859123752 41.003869884392)
2014785842,201402220,02/14/2014,02-February,6-Friday,15:40,1500 Hours,District 6 (East Central),CEDAR RAPIDS,LINN,IA 922,IA 922/1ST AVE E & 12TH ST SE & 12TH ST NE,Collision with:  Vehicle in traffic,On Roadway,Broadside (front to side),Unknown,None Indicated,,Daylight,Wet,Clear,None apparent,Intersection:  Four-way intersection,Paved,,Property Damage Only,0,0,0,0,0,0,4000,2,3,,POINT (-91.657837363073 41.984946097347)
2014787065,4514-013,02/14/2014,02-February,6-Friday,11:38,1100 Hours,District 2 (Northeast),,HOWARD,US 63,US 63,Collision with:  Vehicle in traffic,On Roadway,Rear-end (front to rear),Crossed centerline (undivided),None Indicated,,Daylight,Ice/frost,"Blowing sand, soil, dirt","Surface condition (e.g., wet, icy)",Non-intersection:  Non-junction/no special feature,Paved,,Property Damage Only,0,0,0,0,0,0,4000,2,3,,POINT (-92.298184079781 43.38017375561)
2014786096,2014011064,02/14/2014,02-February,6-Friday,17:27,1700 Hours,District 1 (Central),,POLK,I-35,I-35,Collision with:  Vehicle in traffic,On Roadway,Rear-end (front to rear),Followed too close,None Indicated,,Daylight,Dry,Clear,None apparent,Non-intersection:  Non-junction/no special feature,Paved,,Property Damage Only,0,0,0,0,0,0,4500,2,3,,POINT (-93.57974175291 41.651516540844)
2014785843,201402216,02/14/2014,02-February,6-Friday,14:27,1400 Hours,District 6 (East Central),CEDAR RAPIDS,LINN,,8TH AVE SE & 5TH ST SE,Collision with:  Vehicle in traffic,On Roadway,Broadside (front to side),Other (explain in narrative):  Vision obstructed,None Indicated,,Daylight,Wet,Clear,None apparent,Intersection:  Four-way intersection,Paved,,Property Damage Only,0,0,0,0,0,0,7000,2,3,,POINT (-91.659330676812 41.974759258466)
2014786044,14-4484,02/14/2014,02-February,6-Friday,11:54,1100 Hours,District 3 (Northwest),SIOUX CITY,WOODBURY,IA 12,IA 12/SE RAMP/GORDON DR,Collision with:  Vehicle in traffic,On Roadway,Rear-end (front to rear),Other (explain in narrative):  Other,None Indicated,,Daylight,Dry,Clear,None apparent,Non-intersection:  Other non-intersection (explain in narrative),Paved,,Possible/Unknown,0,2,0,0,2,0,4400,3,3,,POINT (-96.381428380966 42.489891094831)
2014787852,2014-9954,02/14/2014,02-February,6-Friday,17:39,1700 Hours,District 6 (East Central),DAVENPORT,SCOTT,US 6,US 6/W KIMBERLY RD,Collision with:  Vehicle in traffic,On Roadway,Rear-end (front to rear),Lost Control,None Indicated,,Dark - roadway lighted,Ice/frost,Clear,None apparent,Non-intersection:  Non-junction/no special feature,Paved,,Property Damage Only,0,0,0,0,0,0,4500,3,4,,POINT (-90.609046988153 41.560098698476)
2014794345,140942PD,02/14/2014,02-February,6-Friday,10:48,1000 Hours,District 1 (Central),BOONE,BOONE,,ALDRICH AVE & S CEDAR ST,Collision with:  Vehicle in traffic,On Roadway,Broadside (front to side),Unknown,None Indicated,,Daylight,Snow,Cloudy,None apparent,Intersection:  Four-way intersection,Paved,,Property Damage Only,0,0,0,0,0,0,1500,2,2,,POINT (-93.871556357577 42.053520459608)
2014785999,20140004135,02/14/2014,02-February,6-Friday,06:54,0600 Hours,District 1 (Central),DES MOINES,POLK,,UNIVERSITY AVE & MLK JR PKWY,Collision with:  Vehicle in traffic,On Roadway,Broadside (front to side),Other (explain in narrative):  Other,None Indicated,,Dawn,Snow,Snow,"Surface condition (e.g., wet, icy)",Non-intersection:  Non-junction/no special feature,Paved,,Property Damage Only,0,0,0,0,0,0,3800,2,2,,POINT (-93.643783372704 41.600411174845)
2014785912,14-0183,02/14/2014,02-February,6-Friday,08:09,0800 Hours,District 1 (Central),CLIVE,POLK,I-35,I-35,Collision with:  Vehicle in traffic,On Roadway,Rear-end (front to rear),Followed too close,None Indicated,,Daylight,Snow,Snow,"Surface condition (e.g., wet, icy)","Interchange-related:  Off-ramp, diverge area",Paved,,Property Damage Only,0,0,0,0,0,0,3500,2,3,,POINT (-93.777207054996 41.613205463707)
2014786143,,02/14/2014,02-February,6-Friday,08:28,0800 Hours,District 6 (East Central),DYSART,BENTON,IA 21,IA 21/IOWA 21 & CLARK ST,Collision with:  Vehicle in traffic,On Roadway,"Sideswipe, same direction",Other (explain in narrative):  Other,None Indicated,,Daylight,Snow,"Blowing sand, soil, dirt",None apparent,Intersection:  T-intersection,Paved,,Property Damage Only,0,0,0,0,0,0,3000,2,2,,POINT (-92.299219141962 42.170458838981)
2014786354,14-0159,02/14/2014,02-February,6-Friday,23:15,2300 Hours,District 1 (Central),PLEASANT HILL,POLK,IA 163,IA 163/E UNIVERSITY AVE,Collision with:  Vehicle in traffic,On Roadway,Rear-end (front to rear),Followed too close,None Indicated,,Dark - roadway lighted,Dry,Cloudy,None apparent,Non-intersection:  Non-junction/no special feature,Paved,,Possible/Unknown,0,1,0,0,1,0,5000,2,3,,POINT (-93.499460806229 41.598840918469)
2014787072,201400434,02/14/2014,02-February,6-Friday,07:35,0700 Hours,District 6 (East Central),,LINN,,Co Rd E34/COUNTY HOME RD,Collision with:  Vehicle in traffic,On Roadway,Rear-end (front to rear),Followed too close,None Indicated,,Dawn,Ice/frost,"Blowing sand, soil, dirt",None apparent,Intersection:  Four-way intersection,Paved,,Property Damage Only,0,0,0,0,0,0,2000,2,2,,POINT (-91.692871184888 42.094471450372)
2014785589,20140004162,02/14/2014,02-February,6-Friday,11:20,1100 Hours,District 1 (Central),DES MOINES,POLK,,E 25TH ST,Collision with:  Vehicle in traffic,On Roadway,"Sideswipe, same direction",Ran Stop Sign,None Indicated,,Daylight,Snow,Snow,None apparent,Intersection:  Four-way intersection,Paved,,Property Damage Only,0,0,0,0,0,0,6000,2,3,,POINT (-93.570434353976 41.594295283282)
2014791689,,02/14/2014,02-February,6-Friday,09:31,0900 Hours,District 5 (Southeast),,MUSCATINE,,N TIPTON RD & BAYFIELD RD,Collision with:  Vehicle in traffic,On Roadway,Rear-end (front to rear),Unknown,None Indicated,,Daylight,Snow,Snow,None apparent,Intersection:  Four-way intersection,Paved,,Property Damage Only,0,0,0,0,0,0,2000,2,2,,POINT (-91.074104544818 41.464948092517)
2014786257,SO1400493,02/14/2014,02-February,6-Friday,06:42,0600 Hours,District 5 (Southeast),,JEFFERSON,,BUS US 34,Collision with:  Vehicle in traffic,On Roadway,Broadside (front to side),FTYROW:  From stop sign,None Indicated,,Dawn,Snow,Snow,"Surface condition (e.g., wet, icy)",Intersection:  Intersection with ramp,Paved,,Property Damage Only,0,0,0,0,0,0,7500,2,2,,POINT (-91.917328388492 41.00225647495)
2014786077,2014010830,02/14/2014,02-February,6-Friday,07:55,0700 Hours,District 4 (Southwest),,CASS,I-80,I-80,Collision with:  Vehicle in traffic,On Roadway,"Sideswipe, same direction",Swerving/Evasive Action,None Indicated,,Daylight,Snow,Cloudy,None apparent,Non-intersection:  Non-junction/no special feature,Paved,,Property Damage Only,0,0,0,0,0,0,7000,2,15,,POINT (-94.702923694536 41.496946284551)
2014786793,14002273,02/14/2014,02-February,6-Friday,16:52,1600 Hours,District 2 (Northeast),MASON CITY,CERRO GORDO,,15TH ST SE & S LOUISIANA AVE & LIMESTONE DR,Collision with:  Vehicle in traffic,On Roadway,Broadside (front to side),FTYROW:  At uncontrolled intersection,None Indicated,,Daylight,Snow,Cloudy,None apparent,Intersection:  Four-way intersection,Paved,,Possible/Unknown,0,1,0,0,1,0,11000,2,2,,POINT (-93.175170032594 43.137256767253)
2014786265,C14000486,02/14/2014,02-February,6-Friday,17:30,1700 Hours,District 6 (East Central),CORALVILLE,JOHNSON,US 6,US 6/2ND ST,Collision with:  Vehicle in traffic,On Roadway,Broadside (front to side),FTYROW:  From driveway,None Indicated,,Dusk,Ice/frost,Cloudy,None apparent,Non-intersection:  Driveway access (within),Paved,,Property Damage Only,0,0,0,0,0,0,8000,2,2,,POINT (-91.602651070415 41.685249478229)
2014798021,140943PD,02/14/2014,02-February,6-Friday,12:00,1200 Hours,District 1 (Central),BOONE,BOONE,,6TH ST & HARRISON ST,Collision with:  Vehicle in traffic,On Roadway,Broadside (front to side),FTYROW:  At uncontrolled intersection,None Indicated,,Daylight,Snow,Cloudy,"Surface condition (e.g., wet, icy)",Intersection:  Four-way intersection,Paved,,Property Damage Only,0,0,0,0,0,0,2800,2,2,,POINT (-93.890062626203 42.06163735272)
2014786966,2014011075,02/14/2014,02-February,6-Friday,14:14,1400 Hours,District 6 (East Central),,JOHNSON,I-80,I-80,Collision with fixed object:  Guardrail - face,Roadside,Non-collision (single vehicle),Crossed centerline (undivided),None Indicated,,Daylight,Dry,"Blowing sand, soil, dirt",None apparent,Non-intersection:  Non-junction/no special feature,Paved,,Possible/Unknown,0,1,0,0,0,1,4000,2,2,,POINT (-91.698317088617 41.694776419022)
2014786015,14-0157,02/14/2014,02-February,6-Friday,18:45,1800 Hours,District 1 (Central),PLEASANT HILL,POLK,IA 163,IA 163/E UNIVERSITY AVE & N PLEASANT HILL BLVD,Non-collision events:  Other non-collision (explain in narrative),On Roadway,Non-collision (single vehicle),Downhill runaway,None Indicated,,Dark - roadway lighted,Wet,Cloudy,None apparent,Non-intersection:  Other non-intersection (explain in narrative),Paved,,Possible/Unknown,0,1,0,0,1,0,50,1,3,,POINT (-93.519951051614 41.599704844254)
2014785902,14-000707,02/14/2014,02-February,6-Friday,11:50,1100 Hours,District 1 (Central),ANKENY,POLK,,W 1ST ST,Collision with:  Vehicle in traffic,On Roadway,Broadside (front to side),FTYROW:  Making left turn,None Indicated,,Daylight,Slush,Cloudy,None apparent,Non-intersection:  Driveway access (within),Paved,,Property Damage Only,0,0,0,0,0,0,2800,2,2,,POINT (-93.621791097451 41.731856183403)
2014786417,2014-9933,02/14/2014,02-February,6-Friday,15:40,1500 Hours,District 6 (East Central),DAVENPORT,SCOTT,,W GARFIELD ST,Collision with:  Parked motor vehicle,On Roadway,"Sideswipe, same direction",Other (explain in narrative):  Other,None Indicated,,Daylight,Snow,Clear,None apparent,Non-intersection:  Non-junction/no special feature,Paved,,Property Damage Only,0,0,0,0,0,0,1600,2,5,,POINT (-90.601823897262 41.548221850286)
2014785585,20140004138,02/14/2014,02-February,6-Friday,07:46,0700 Hours,District 1 (Central),DES MOINES,POLK,,CROCKER ST & 42ND ST,Collision with:  Vehicle in traffic,On Roadway,Broadside (front to side),FTYROW:  From stop sign,None Indicated,,Daylight,Snow,Snow,None apparent,Intersection:  Four-way intersection,Paved,,Property Damage Only,0,0,0,0,0,0,2000,2,4,,POINT (-93.674379176531 41.594281996186)
2014787202,2014011087,02/14/2014,02-February,6-Friday,21:00,2100 Hours,District 6 (East Central),DAVENPORT,SCOTT,I-80,I-80,Collision with fixed object:  Traffic sign support,Shoulder,Non-collision (single vehicle),Swerving/Evasive Action,None Indicated,,Dark - roadway not lighted,Dry,Clear,None apparent,"Interchange-related:  Off-ramp, diverge area",Paved,,Property Damage Only,0,0,0,0,0,0,3000,1,3,,POINT (-90.681665703527 41.60368264503)
2014786079,2014010891,02/14/2014,02-February,6-Friday,09:22,0900 Hours,District 1 (Central),,POWESHIEK,I-80,I-80,Collision with:  Vehicle in traffic,On Roadway,"Sideswipe, same direction",Ran off road - right,None Indicated,,Daylight,Snow,Snow,"Surface condition (e.g., wet, icy)",Non-intersection:  Non-junction/no special feature,Paved,,Property Damage Only,0,0,0,0,0,0,21600,2,2,,POINT (-92.560605459647 41.696598019513)
2014785930,20140004128,02/14/2014,02-February,6-Friday,05:04,0500 Hours,District 1 (Central),DES MOINES,POLK,IA 163,IA 163/E UNIVERSITY AVE,Collision with:  Parked motor vehicle,Roadside,Rear-end (front to rear),"Operating vehicle in an reckless, erratic, careless, negligent manner",None Indicated,,Dark - roadway lighted,Dry,Cloudy,None apparent,Non-intersection:  Non-junction/no special feature,Paved,,Property Damage Only,0,0,0,0,0,0,5000,2,777,,POINT (-93.579393164471 41.600528534088)
2014786215,01-14-6526,02/14/2014,02-February,6-Friday,17:00,1700 Hours,District 6 (East Central),DUBUQUE,DUBUQUE,,PENNSYLVANIA AVE,Collision with:  Vehicle in traffic,On Roadway,Broadside (front to side),FTYROW:  From driveway,None Indicated,,Dusk,Dry,Clear,None apparent,Non-intersection:  Other non-intersection (explain in narrative),Paved,,Property Damage Only,0,0,0,0,0,0,5000,2,3,,POINT (-90.739257954168 42.501254710154)
2014786080,2014011051,02/14/2014,02-February,6-Friday,16:35,1600 Hours,District 6 (East Central),,IOWA,,190TH ST,Non-collision events:  Overturn/rollover,Outside trafficway,Non-collision (single vehicle),Swerving/Evasive Action,None Indicated,,Daylight,Snow,Clear,"Surface condition (e.g., wet, icy)",Non-intersection:  Non-junction/no special feature,Paved,,Possible/Unknown,0,1,0,0,1,0,5000,1,1,,POINT (-92.271395061332 41.732048166501)
2014785942,20140001408,02/14/2014,02-February,6-Friday,20:06,2000 Hours,District 1 (Central),DES MOINES,POLK,,HIGH ST & 8TH ST,Collision with:  Vehicle in traffic,On Roadway,Broadside (front to side),Ran Traffic Signal,None Indicated,,Dark - roadway lighted,Wet,Clear,None apparent,Intersection:  Four-way intersection,Paved,,Minor Injury,0,3,0,2,1,0,21000,2,3,,POINT (-93.628026593657 41.587933228442)
2014787112,7302141454A,02/14/2014,02-February,6-Friday,17:45,1700 Hours,District 4 (Southwest),,PAGE,IA 2,IA 2/IOWA 2,Collision with:  Animal,,,Animal,None Indicated,,,,,,,Paved,,Property Damage Only,0,0,0,0,0,0,1500,1,1,,POINT (-94.995457590738 40.728069809053)
2014786960,2014010893,02/14/2014,02-February,6-Friday,09:30,0900 Hours,District 5 (Southeast),,WAPELLO,US 34,US 34 & Co Rd T61/MONROE WAPELLO RD,Collision with:  Vehicle in traffic,On Roadway,Broadside (front to side),Ran Stop Sign,None Indicated,,Daylight,Snow,Snow,"Surface condition (e.g., wet, icy)",Intersection:  Four-way intersection,Paved,,Property Damage Only,0,0,0,0,0,0,9000,2,2,,POINT (-92.639586039596 41.016137219696)