Iowa DOT Case Number,Law Enforcement Case Number,Date of Crash,Month of Crash,Day of Week,Time of Crash,Hour,DOT District,City Name,County Name,Route with System,Location Description,First Harmful Event,Location of First Harmful Event,Manner of Crash/Collision,Major Cause,Drug or Alcohol ,Environmental Conditions,Light Conditions,Surface Conditions,Weather Conditions,Roadway Contribution,Roadway Type,Roadway Surface,Work Zone,Crash Severity,Number of Fatalities,Number of Injuries,Number of Major Injuries,Number of Minor Injuries,Number of Possible Injuries,Number of Unknown Injuries,Amount of Property Damage,Number of Vehicles Involved,Total Number of Occupants,Travel Direction,Location
2014791503,14-001518,02/14/2014,02-February,6-Friday,07:41,0700 Hours,District 3 (Northwest),,CARROLL,US 30,US 30,Collision with fixed object:  Guardrail - face,On Roadway,Non-collision (single vehicle),Ran off road - left,None Indicated,,Daylight,Snow,Cloudy,"Surface condition (e.g., wet, icy)",Non-intersection:  Non-junction/no special feature,Paved,,Property Damage Only,0,0,0,0,0,0,5000,1,1,,POINT (-95.029521915215 42.077392145314)
2014787361,14-3783,02/14/2014,02-February,6-Friday,21:45,2100 Hours,District 1 (Central),NEWTON,JASPER,,S 6TH AVE W & W 11TH ST S,Collision with:  Vehicle in traffic,On Roadway,Broadside (front to side),FTYROW:  At uncontrolled intersection,None Indicated,,Dark - roadway lighted,Snow,Clear,"Surface condition (e.g., wet, icy)",Intersection:  Four-way intersection,Paved,,Property Damage Only,0,0,0,0,0,0,6000,2,2,,POINT (-93.066168039313 41.694644746512)
2014785600,14-0109,02/14/2014,02-February,6-Friday,06:32,0600 Hours,District 1 (Central),WINDSOR HEIGHTS,POLK,,68TH ST,Collision with:  Vehicle in traffic,On Roadway,Broadside (front to side),Made improper turn,None Indicated,,Dark - roadway lighted,Snow,Snow,"Surface condition (e.g., wet, icy)",Intersection:  T-intersection,Paved,,Property Damage Only,0,0,0,0,0,0,6000,2,2,,POINT (-93.709699643387 41.614749932835)
2014785529,01-14-6443,02/14/2014,02-February,6-Friday,07:55,0700 Hours,District 6 (East Central),DUBUQUE,DUBUQUE,,WHITE ST,Collision with:  Parked motor vehicle,On Roadway,Head-on (front to front),Crossed centerline (undivided),None Indicated,,Daylight,Dry,Cloudy,None apparent,Non-intersection:  Non-junction/no special feature,Paved,,Property Damage Only,0,0,0,0,0,0,4500,2,1,,POINT (-90.673733338865 42.518700608474)
2014786288,2014001713,02/14/2014,02-February,6-Friday,18:00,1800 Hours,District 6 (East Central),IOWA CITY,JOHNSON,,E COURT ST & JOHNSON ST,Collision with:  Vehicle in traffic,On Roadway,Broadside (front to side),Driving too fast for conditions,None Indicated,,Dark - roadway lighted,Snow,Clear,None apparent,Non-intersection:  Non-junction/no special feature,Paved,,Property Damage Only,0,0,0,0,0,0,3000,2,4,,POINT (-91.527271764305 41.65660306247)
2014785837,201412244,02/14/2014,02-February,6-Friday,22:39,2200 Hours,District 6 (East Central),CEDAR RAPIDS,LINN,IA 922,IA 922/1ST AVE E,Collision with:  Vehicle in traffic,On Roadway,"Angle, oncoming left turn",FTYROW:  Making left turn,None Indicated,,Dark - roadway lighted,Dry,Clear,None apparent,Non-intersection:  Driveway access (within),Paved,,Property Damage Only,0,0,0,0,0,0,14000,2,2,,POINT (-91.623473541156 42.024536477765)
2014786600,2014001688,02/14/2014,02-February,6-Friday,07:48,0700 Hours,District 6 (East Central),IOWA CITY,JOHNSON,,S 1ST AVE,Collision with:  Vehicle in traffic,On Roadway,Rear-end (front to rear),Driving too fast for conditions,None Indicated,,Daylight,Snow,Snow,"Surface condition (e.g., wet, icy)",Non-intersection:  Non-junction/no special feature,Paved,,Property Damage Only,0,0,0,0,0,0,6000,2,3,,POINT (-91.501996467971 41.651700890642)
2014786009,14-0800,02/15/2014,02-February,7-Saturday,07:20,0700 Hours,District 1 (Central),WEST DES MOINES,POLK,,28TH ST,Collision with:  Vehicle in traffic,On Roadway,Broadside (front to side),Unknown,None Indicated,,Daylight,Dry,Clear,None apparent,Intersection:  Four-way intersection,Paved,,Minor Injury,0,1,0,1,0,0,4600,2,3,,POINT (-93.742266058929 41.596223628344)
2014786757,,02/15/2014,02-February,7-Saturday,12:10,1200 Hours,District 1 (Central),,POLK,I-35,I-35,Collision with:  Vehicle in traffic,On Roadway,Rear-end (front to rear),Unknown,None Indicated,,Daylight,Snow,Snow,,Non-intersection:  Other non-intersection (explain in narrative),Paved,,Property Damage Only,0,0,0,0,0,0,3400,2,5,,POINT (-93.570407032794 41.791145565996)
2014785960,20140004330,02/15/2014,02-February,7-Saturday,23:53,2300 Hours,District 1 (Central),DES MOINES,POLK,,PARK AVE & E PARK AVE & S UNION ST,Collision with:  Vehicle in traffic,On Roadway,Broadside (front to side),Ran Stop Sign,None Indicated,,Dark - roadway lighted,Snow,Clear,None apparent,Intersection:  Four-way intersection,Paved,,Possible/Unknown,0,1,0,0,1,0,2500,2,2,,POINT (-93.61612774483 41.555400270252)
2014785869,14-1029,02/15/2014,02-February,7-Saturday,12:14,1200 Hours,District 1 (Central),DES MOINES,POLK,I-35,I-35,Collision with:  Vehicle in traffic,On Roadway,"Sideswipe, same direction",Ran off road - right,None Indicated,,Daylight,Snow,Snow,"Surface condition (e.g., wet, icy)",Non-intersection:  Non-junction/no special feature,Paved,,Property Damage Only,0,0,0,0,0,0,13100,3,4,,POINT (-93.610562728245 41.649501480953)
2014786208,14-211,02/15/2014,02-February,7-Saturday,11:40,1100 Hours,District 3 (Northwest),SPIRIT LAKE,DICKINSON,,21ST ST & DENVER AVE,Collision with:  Vehicle in traffic,On Roadway,Broadside (front to side),FTYROW:  From stop sign,None Indicated,,Daylight,Snow,Clear,"Surface condition (e.g., wet, icy)",Intersection:  Four-way intersection,Paved,,Possible/Unknown,0,1,0,0,1,0,7200,2,5,,POINT (-95.095718387437 43.419865745929)
2014786371,S7914053,02/15/2014,02-February,7-Saturday,12:00,1200 Hours,District 1 (Central),,POWESHIEK,US 63,US 63,Collision with fixed object:  Ditch,Outside trafficway,Non-collision (single vehicle),Driving too fast for conditions,None Indicated,,Daylight,Snow,Snow,"Surface condition (e.g., wet, icy)",Non-intersection:  Non-junction/no special feature,Paved,,Property Damage Only,0,0,0,0,0,0,2500,1,1,,POINT (-92.551442047223 41.607427540012)
2014787521,GP20140110,02/15/2014,02-February,7-Saturday,15:50,1500 Hours,District 1 (Central),GRINNELL,POWESHIEK,,SPRING CIR,Collision with:  Parked motor vehicle,On Roadway,"Sideswipe, same direction","Operating vehicle in an reckless, erratic, careless, negligent manner",None Indicated,,Daylight,Snow,Clear,None apparent,Non-intersection:  Non-junction/no special feature,Paved,,Property Damage Only,0,0,0,0,0,0,2000,2,1,,POINT (-92.728711664582 41.756258324753)
2014785989,20140004320,02/15/2014,02-February,7-Saturday,23:35,2300 Hours,District 1 (Central),DES MOINES,POLK,,30TH ST,Collision with:  Vehicle in traffic,On Roadway,"Sideswipe, opposite direction",Crossed centerline (undivided),Refused,,Dark - roadway lighted,Slush,Cloudy,None apparent,Non-intersection:  Non-junction/no special feature,Paved,,Property Damage Only,0,0,0,0,0,0,3500,2,2,,POINT (-93.658504573644 41.613136055588)
2014786051,14-4610,02/15/2014,02-February,7-Saturday,11:55,1100 Hours,District 3 (Northwest),SIOUX CITY,WOODBURY,I-29,I-29 & US 77,Collision with:  Vehicle in traffic,On Roadway,Rear-end (front to rear),Followed too close,None Indicated,,Daylight,Dry,Clear,None apparent,Non-intersection:  Other non-intersection (explain in narrative),Paved,,Property Damage Only,0,0,0,0,0,0,1600,2,5,,POINT (-96.412957123911 42.491548751986)
2014785983,20140004266,02/15/2014,02-February,7-Saturday,14:45,1400 Hours,District 1 (Central),DES MOINES,POLK,,E WATROUS AVE & SE 8TH ST,Collision with:  Vehicle in traffic,On Roadway,Rear-end (front to rear),Driving too fast for conditions,None Indicated,,Daylight,Snow,Cloudy,None apparent,Non-intersection:  Non-junction/no special feature,Paved,,Property Damage Only,0,0,0,0,0,0,1500,2,3,,POINT (-93.602617551203 41.548112893666)
2014785934,20140004288,02/15/2014,02-February,7-Saturday,17:21,1700 Hours,District 1 (Central),DES MOINES,POLK,,MULBERRY ST & 8TH ST,Collision with:  Vehicle in traffic,On Roadway,Broadside (front to side),Ran Traffic Signal,None Indicated,,Dusk,Snow,Cloudy,Unknown,Intersection:  Four-way intersection,Paved,,Property Damage Only,0,0,0,0,0,0,5500,2,3,,POINT (-93.626781105612 41.58444521084)
2014786453,14000746,02/15/2014,02-February,7-Saturday,15:52,1500 Hours,District 1 (Central),AMES,STORY,,LINCOLN WAY & LYNN AVE & MORRILL RD,Collision with:  Vehicle in traffic,On Roadway,Rear-end (front to rear),Driving too fast for conditions,None Indicated,,Daylight,Snow,Clear,"Surface condition (e.g., wet, icy)",Intersection:  Four-way intersection,Paved,,Possible/Unknown,0,1,0,0,1,0,5000,2,5,,POINT (-93.646419810181 42.022747909642)
2014786295,2014001765,02/15/2014,02-February,7-Saturday,22:11,2200 Hours,District 6 (East Central),IOWA CITY,JOHNSON,I-80,I-80,Collision with fixed object:  Guardrail - face,On Roadway,Non-collision (single vehicle),Lost Control,None Indicated,,Dark - roadway not lighted,Snow,Snow,"Surface condition (e.g., wet, icy)",Non-intersection:  Non-junction/no special feature,Paved,,Property Damage Only,0,0,0,0,0,0,2000,1,2,,POINT (-91.488166460607 41.68642120415)
2014786816,14-05219,02/15/2014,02-February,7-Saturday,13:55,1300 Hours,District 5 (Southeast),,DES MOINES,US 34,US 34,Collision with:  Vehicle in traffic,On Roadway,"Sideswipe, same direction",Lost Control,None Indicated,,Daylight,Snow,Snow,"Surface condition (e.g., wet, icy)",Non-intersection:  Non-junction/no special feature,Paved,,Property Damage Only,0,0,0,0,0,0,3000,2,4,,POINT (-91.367056631354 40.904867013394)
2014787204,2014011211,02/15/2014,02-February,7-Saturday,12:10,1200 Hours,District 4 (Southwest),,DALLAS,I-80,I-80,Collision with:  Vehicle in traffic,On Roadway,"Sideswipe, same direction",Other (explain in narrative):  Other,None Indicated,,Daylight,Snow,Snow,"Surface condition (e.g., wet, icy)",Non-intersection:  Non-junction/no special feature,Paved,,Property Damage Only,0,0,0,0,0,0,4000,3,6,,POINT (-93.915897227983 41.555853204426)
2014787657,2014011159,02/15/2014,02-February,7-Saturday,11:08,1100 Hours,District 4 (Southwest),,DALLAS,I-80,I-80,Collision with:  Vehicle in traffic,Shoulder,"Sideswipe, same direction",Driving too fast for conditions,None Indicated,,Daylight,Ice/frost,Snow,"Surface condition (e.g., wet, icy)",Non-intersection:  Non-junction/no special feature,Paved,,Minor Injury,0,1,0,1,0,0,11000,2,4,,POINT (-94.096729119407 41.51756621799)
2014786751,,02/15/2014,02-February,7-Saturday,11:48,1100 Hours,District 2 (Northeast),HUMBOLDT,HUMBOLDT,US 169,US 169/13TH ST S & HICKORY LN,Collision with fixed object:  Traffic sign support,Shoulder,Non-collision (single vehicle),Lost Control,None Indicated,,Daylight,Snow,Snow,None apparent,Non-intersection:  Non-junction/no special feature,Paved,,Property Damage Only,0,0,0,0,0,0,2000,1,1,,POINT (-94.226904952783 42.720317222247)
2014785964,20140004246,02/15/2014,02-February,7-Saturday,10:29,1000 Hours,District 1 (Central),DES MOINES,POLK,,EASTON BLVD & E 29TH ST,Collision with:  Vehicle in traffic,On Roadway,Rear-end (front to rear),Driving too fast for conditions,None Indicated,,Daylight,Snow,Snow,None apparent,Intersection:  Four-way intersection,Paved,,Property Damage Only,0,0,0,0,0,0,3400,2,2,,POINT (-93.561119014204 41.610419050846)
2014786454,14000751,02/15/2014,02-February,7-Saturday,17:07,1700 Hours,District 1 (Central),AMES,STORY,,FRANKLIN AVE,Collision with:  Vehicle in traffic,On Roadway,"Angle, oncoming left turn",FTYROW:  Making left turn,None Indicated,,Daylight,Snow,Clear,"Surface condition (e.g., wet, icy)",Non-intersection:  Driveway access (within),Paved,,Property Damage Only,0,0,0,0,0,0,2500,2,4,,POINT (-93.664820627643 42.025506893574)
2014786888,14-006136,02/15/2014,02-February,7-Saturday,11:42,1100 Hours,District 4 (Southwest),COUNCIL BLUFFS,POTTAWATTAMIE,I-29,I-29,Collision with:  Vehicle in traffic,On Roadway,Rear-end (front to rear),Followed too close,None Indicated,,Daylight,Dry,Cloudy,None apparent,"Interchange-related:  Off-ramp, diverge area",Paved,,Possible/Unknown,0,2,0,0,2,0,1000,2,4,,POINT (-95.830905274291 41.220537248396)
2014786492,2014011285,02/15/2014,02-February,7-Saturday,12:00,1200 Hours,District 1 (Central),,POLK,I-80,I-80,Collision with fixed object:  Culvert/pipe opening,On Roadway,Non-collision (single vehicle),Driving too fast for conditions,None Indicated,,Daylight,Ice/frost,Snow,"Surface condition (e.g., wet, icy)",Non-intersection:  Non-junction/no special feature,Paved,,Property Damage Only,0,0,0,0,0,0,3500,1,1,,POINT (-93.375317799294 41.680405137228)
2014785767,W14-015643,02/15/2014,02-February,7-Saturday,20:45,2000 Hours,District 2 (Northeast),WATERLOO,BLACK HAWK,,BRENTWOOD AVE,Collision with:  Vehicle in traffic,On Roadway,"Sideswipe, opposite direction",Lost Control,None Indicated,,Dark - roadway lighted,Snow,Cloudy,"Surface condition (e.g., wet, icy)",Non-intersection:  Non-junction/no special feature,Paved,,Property Damage Only,0,0,0,0,0,0,1500,2,1,,POINT (-92.362677034463 42.466985911404)
2014786191,CL14000464,02/15/2014,02-February,7-Saturday,23:07,2300 Hours,District 6 (East Central),CLINTON,CLINTON,,S BLUFF BLVD & COLLEGE AVE,Collision with:  Vehicle in traffic,On Roadway,Rear-end (front to rear),"Operating vehicle in an reckless, erratic, careless, negligent manner",Alcohol (Statutory),,Dark - roadway lighted,Slush,Cloudy,None apparent,Non-intersection:  Non-junction/no special feature,Paved,,Possible/Unknown,0,4,0,0,4,0,5000,2,7,,POINT (-90.226660569574 41.832725095506)
2014787564,2014-1401,02/15/2014,02-February,7-Saturday,08:16,0800 Hours,District 6 (East Central),ELDRIDGE,SCOTT,US 61,US 61,Collision with fixed object:  Other fixed object (explain in narrative),Roadside,Non-collision (single vehicle),Ran off road - left,None Indicated,,Daylight,Dry,Clear,None apparent,Non-intersection:  Non-junction/no special feature,Paved,,Property Damage Only,0,0,0,0,0,0,1600,1,1,,POINT (-90.568138755147 41.650330197605)
2014786187,CL14000458,02/15/2014,02-February,7-Saturday,12:40,1200 Hours,District 6 (East Central),CLINTON,CLINTON,,13TH AVE N,Collision with:  Vehicle in traffic,On Roadway,Rear-end (front to rear),Other (explain in narrative):  Other,None Indicated,,Daylight,Dry,Clear,None apparent,Non-intersection:  Non-junction/no special feature,Paved,,Possible/Unknown,0,2,0,0,2,0,5000,2,4,,POINT (-90.210341422904 41.859382797155)
2014785886,14-000740,02/15/2014,02-February,7-Saturday,13:36,1300 Hours,District 1 (Central),ANKENY,POLK,,SE NATIONAL DR,Collision with:  Vehicle in traffic,On Roadway,Rear-end (front to rear),Driving too fast for conditions,None Indicated,,Daylight,Snow,Clear,"Surface condition (e.g., wet, icy)",Intersection:  Four-way intersection,Paved,,Property Damage Only,0,0,0,0,0,0,2300,2,4,,POINT (-93.581434539893 41.704848152625)
2014788243,2014011232,02/15/2014,02-February,7-Saturday,14:15,1400 Hours,District 1 (Central),,JASPER,I-80,I-80,Non-collision events:  Other non-collision (explain in narrative),Shoulder,Non-collision (single vehicle),Swerving/Evasive Action,None Indicated,,Daylight,Snow,Snow,"Surface condition (e.g., wet, icy)",Non-intersection:  Non-junction/no special feature,Paved,,Property Damage Only,0,0,0,0,0,0,1500,1,2,,POINT (-93.259171486031 41.68950770793)
2014785765,W14-015460,02/15/2014,02-February,7-Saturday,08:46,0800 Hours,District 2 (Northeast),WATERLOO,BLACK HAWK,,W 9TH ST & JOHNSON ST,Collision with:  Vehicle in traffic,On Roadway,"Sideswipe, opposite direction",Unknown,None Indicated,,Daylight,Dry,Cloudy,None apparent,Intersection:  Four-way intersection,Paved,,Property Damage Only,0,0,0,0,0,0,4000,2,2,,POINT (-92.342907730954 42.484696885127)
2014788420,14-00203,02/15/2014,02-February,7-Saturday,11:00,1100 Hours,District 1 (Central),COLO,STORY,US 30,US 30,Non-collision events:  Overturn/rollover,On Roadway,Non-collision (single vehicle),Driving too fast for conditions,None Indicated,,Daylight,Snow,Snow,"Surface condition (e.g., wet, icy)",Non-intersection:  Non-junction/no special feature,Paved,,Possible/Unknown,0,1,0,0,1,0,3500,1,3,,POINT (-93.310853036485 42.007746126894)
2014786098,2014011231,02/15/2014,02-February,7-Saturday,13:00,1300 Hours,District 1 (Central),,JASPER,I-80,I-80,Collision with fixed object:  Other fixed object (explain in narrative),On Roadway,Non-collision (single vehicle),Separation of units,None Indicated,,Daylight,Ice/frost,Clear,None apparent,Non-intersection:  Non-junction/no special feature,Paved,,Property Damage Only,0,0,0,0,0,0,2000,1,3,,POINT (-93.256866242554 41.689990262258)
2014786487,2014011267,02/15/2014,02-February,7-Saturday,11:50,1100 Hours,District 1 (Central),,POLK,I-35,I-35,Collision with:  Vehicle in traffic,On Roadway,"Sideswipe, same direction",Lost Control,None Indicated,,Daylight,Snow,"Blowing sand, soil, dirt","Surface condition (e.g., wet, icy)",Non-intersection:  Non-junction/no special feature,Paved,,Property Damage Only,0,0,0,0,0,0,3500,3,3,,POINT (-93.571070605628 41.844183928337)
2014785997,20140004302,02/15/2014,02-February,7-Saturday,19:28,1900 Hours,District 1 (Central),DES MOINES,POLK,,ARMY POST RD & CHAFFEE RD & S UNION ST,Collision with:  Vehicle in traffic,On Roadway,Broadside (front to side),FTYROW:  Making left turn,None Indicated,,Dark - roadway lighted,Snow,Clear,None apparent,Intersection:  Four-way intersection,Paved,,Property Damage Only,0,0,0,0,0,0,8500,3,6,,POINT (-93.616056185012 41.526388054811)
2014785870,14-1031,02/15/2014,02-February,7-Saturday,12:18,1200 Hours,District 1 (Central),ALLEMAN,POLK,US 69,US 69/NE 14TH ST,Collision with:  Vehicle in traffic,On Roadway,Rear-end (front to rear),Other (explain in narrative):  Other,None Indicated,,Daylight,Ice/frost,Snow,"Surface condition (e.g., wet, icy)",Non-intersection:  Non-junction/no special feature,Paved,,Property Damage Only,0,0,0,0,0,0,1600,2,3,,POINT (-93.600332238536 41.802026574071)
2014787678,AC-14-0009,02/15/2014,02-February,7-Saturday,16:30,1600 Hours,District 6 (East Central),MONTICELLO,JONES,,BUSINESS HWY 151,Non-collision events:  Overturn/rollover,Shoulder,Non-collision (single vehicle),Driving too fast for conditions,None Indicated,,Daylight,Snow,Snow,"Surface condition (e.g., wet, icy)",Non-intersection:  Non-junction/no special feature,Paved,,Property Damage Only,0,0,0,0,0,0,3000,1,1,,POINT (-91.188376649679 42.221227063721)
2014785923,20140004256,02/15/2014,02-February,7-Saturday,11:55,1100 Hours,District 1 (Central),DES MOINES,POLK,,FRANKLIN AVE & 55TH ST,Collision with:  Vehicle in traffic,On Roadway,Broadside (front to side),Other (explain in narrative):  No improper action,None Indicated,,Daylight,Snow,Snow,"Surface condition (e.g., wet, icy)",Non-intersection:  Non-junction/no special feature,Paved,,Property Damage Only,0,0,0,0,0,0,3300,2,3,,POINT (-93.693086810546 41.611257421916)
2014785838,201402273,02/15/2014,02-February,7-Saturday,13:56,1300 Hours,District 6 (East Central),CEDAR RAPIDS,LINN,IA 922,IA 922/1ST AVE W & 15TH ST SW & 15TH ST NW,Collision with:  Vehicle in traffic,On Roadway,"Angle, oncoming left turn",FTYROW:  Making left turn,None Indicated,,Daylight,Snow,Snow,None apparent,Intersection:  Four-way intersection,Paved,,Property Damage Only,0,0,0,0,0,0,3500,2,2,,POINT (-91.691722042033 41.970800906836)
2014786300,2014001758,02/15/2014,02-February,7-Saturday,18:50,1800 Hours,District 6 (East Central),IOWA CITY,JOHNSON,I-80,I-80,Collision with fixed object:  Concrete traffic barrier (median or right side),On Roadway,Non-collision (single vehicle),Driving too fast for conditions,None Indicated,,Dark - roadway not lighted,Snow,Snow,None apparent,Non-intersection:  Non-junction/no special feature,Paved,,Property Damage Only,0,0,0,0,0,0,5000,1,3,,POINT (-91.501158600345 41.686789561683)
2014786224,01-14-6575,02/15/2014,02-February,7-Saturday,00:00,0000 Hours,District 6 (East Central),DUBUQUE,DUBUQUE,US 52,US 52/WHITE ST,Collision with:  Parked motor vehicle,On Roadway,Rear-end (front to rear),Lost Control,Alcohol (Statutory),,Dark - roadway lighted,Slush,Cloudy,None apparent,Non-intersection:  Non-junction/no special feature,Paved,,Property Damage Only,0,0,0,0,0,0,8500,3,1,,POINT (-90.66750819435 42.508028918837)
2014786002,14-0806,02/15/2014,02-February,7-Saturday,11:15,1100 Hours,District 1 (Central),WEST DES MOINES,POLK,,60TH ST & WESTOWN PKWY,Collision with:  Vehicle in traffic,On Roadway,Head-on (front to front),Driving too fast for conditions,None Indicated,,Daylight,Snow,Snow,"Surface condition (e.g., wet, icy)",Intersection:  Four-way intersection,Paved,,Minor Injury,0,1,0,1,0,0,2500,2,3,,POINT (-93.790681775499 41.595207284715)
2014786319,14-006583,02/15/2014,02-February,7-Saturday,14:06,1400 Hours,District 5 (Southeast),MUSCATINE,MUSCATINE,,MULBERRY AVE,Collision with fixed object:  Utility pole/light support,On Roadway,Non-collision (single vehicle),Driving too fast for conditions,Alcohol (Statutory),,Daylight,Snow,Snow,None apparent,Non-intersection:  Non-junction/no special feature,Paved,,Property Damage Only,0,0,0,0,0,0,9000,1,1,,POINT (-91.059826697348 41.441812586549)
2014787522,GP20140111,02/15/2014,02-February,7-Saturday,16:41,1600 Hours,District 1 (Central),GRINNELL,POWESHIEK,IA 146,IA 146/WEST ST & 1ST AVE,Collision with:  Vehicle in traffic,On Roadway,Broadside (front to side),FTYROW:  Making left turn,None Indicated,,Daylight,Snow,Clear,"Surface condition (e.g., wet, icy)",Intersection:  Four-way intersection,Paved,,Property Damage Only,0,0,0,0,0,0,7500,2,4,,POINT (-92.727353720982 41.738889512881)
2014785783,14001343,02/15/2014,02-February,7-Saturday,12:20,1200 Hours,District 6 (East Central),,BUCHANAN,US 20,US 20,Collision with:  Other non-fixed object (explain in narrative),On Roadway,Non-collision (single vehicle),Ran off road - right,None Indicated,,Daylight,Dry,Clear,None apparent,Non-intersection:  Non-junction/no special feature,Paved,,Property Damage Only,0,0,0,0,0,0,2075,1,2,,POINT (-91.948382724039 42.446056826037)
2014785987,20140004231,02/15/2014,02-February,7-Saturday,04:03,0400 Hours,District 1 (Central),DES MOINES,POLK,,SE 8TH ST,Collision with fixed object:  Mailbox,On Roadway,Non-collision (single vehicle),Lost Control,None Indicated,,Dark - roadway lighted,Snow,Clear,None apparent,Non-intersection:  Non-junction/no special feature,Paved,,Property Damage Only,0,0,0,0,0,0,1700,1,2,,POINT (-93.602924683021 41.568260617165)
2014785977,20140004289,02/15/2014,02-February,7-Saturday,17:18,1700 Hours,District 1 (Central),DES MOINES,POLK,US 6,US 6/FREDERICK M HUBBELL AVE & E 43RD CT,Collision with:  Vehicle in traffic,On Roadway,Broadside (front to side),FTYROW:  From stop sign,None Indicated,,Dusk,Slush,Cloudy,None apparent,Intersection:  T-intersection,Paved,,Minor Injury,0,1,0,1,0,0,5000,2,2,,POINT (-93.529137974656 41.637286094497)
2014786312,14003568,02/15/2014,02-February,7-Saturday,14:35,1400 Hours,District 5 (Southeast),OSKALOOSA,MAHASKA,,J AVE W,Collision with:  Parked motor vehicle,On Roadway,Rear-end (front to rear),Improper Backing,None Indicated,,Daylight,Snow,Cloudy,"Surface condition (e.g., wet, icy)",Non-intersection:  Non-junction/no special feature,Paved,,Property Damage Only,0,0,0,0,0,0,1800,2,3,,POINT (-92.662114319704 41.303442509258)
2014788444,2014011355,02/15/2014,02-February,7-Saturday,21:20,2100 Hours,District 2 (Northeast),,FLOYD,US 18,US 18,Non-collision events:  Overturn/rollover,On Roadway,Non-collision (single vehicle),Lost Control,None Indicated,,Dark - roadway not lighted,Snow,Clear,"Surface condition (e.g., wet, icy)",Non-intersection:  Non-junction/no special feature,Paved,,Property Damage Only,0,0,0,0,0,0,2000,1,4,,POINT (-92.726809390384 43.108780364956)
2014786910,2014-10167,02/15/2014,02-February,7-Saturday,20:01,2000 Hours,District 6 (East Central),DAVENPORT,SCOTT,,E 15TH ST,Collision with:  Parked motor vehicle,Outside trafficway,Broadside (front to side),Equipment failure,None Indicated,,Dark - roadway lighted,Snow,Snow,"Surface condition (e.g., wet, icy)",Non-intersection:  Non-junction/no special feature,Paved,,Property Damage Only,0,0,0,0,0,0,2000,2,1,,POINT (-90.564228590589 41.535074419051)
2014786904,2014-10125,02/15/2014,02-February,7-Saturday,16:20,1600 Hours,District 6 (East Central),DAVENPORT,SCOTT,,TELEGRAPH RD & N PINE ST,Collision with:  Parked motor vehicle,On Roadway,"Sideswipe, same direction",Lost Control,None Indicated,,Daylight,Snow,Cloudy,"Surface condition (e.g., wet, icy)",Non-intersection:  Non-junction/no special feature,Paved,,Property Damage Only,0,0,0,0,0,0,2000,2,1,,POINT (-90.611197152723 41.524838201792)
2014785928,20140004247,02/15/2014,02-February,7-Saturday,10:37,1000 Hours,District 1 (Central),DES MOINES,POLK,,MLK JR PKWY,Collision with fixed object:  Utility pole/light support,On Roadway,Non-collision (single vehicle),Ran off road - right,None Indicated,,Daylight,Snow,Snow,"Surface condition (e.g., wet, icy)",Non-intersection:  Non-junction/no special feature,Paved,,Property Damage Only,0,0,0,0,0,0,3200,1,1,,POINT (-93.646897829166 41.616678736107)
2014808072,2014011204,02/15/2014,02-February,7-Saturday,12:20,1200 Hours,District 2 (Northeast),,FRANKLIN,I-35,I-35,Collision with:  Vehicle in traffic,On Roadway,Rear-end (front to rear),FTYROW:  Other (explain in narrative),None Indicated,,Daylight,Snow,Snow,"Surface condition (e.g., wet, icy)",Non-intersection:  Non-junction/no special feature,Paved,,Minor Injury,0,2,0,2,0,0,14000,4,6,,POINT (-93.350585336179 42.880416527926)
2014785867,14-1033,02/15/2014,02-February,7-Saturday,15:47,1500 Hours,District 1 (Central),,POLK,,Co Rd R56/NW 6TH DR & NW 48TH PL,Collision with fixed object:  Utility pole/light support,On Roadway,Non-collision (single vehicle),Driving too fast for conditions,None Indicated,,Daylight,Slush,Cloudy,"Surface condition (e.g., wet, icy)",Intersection:  T-intersection,Paved,,Property Damage Only,0,0,0,0,0,0,15000,1,2,,POINT (-93.627874379545 41.648957862023)
2014785885,14-000739,02/15/2014,02-February,7-Saturday,13:41,1300 Hours,District 1 (Central),ANKENY,POLK,I-35,I-35,Non-collision events:  Overturn/rollover,On Roadway,Non-collision (single vehicle),Driving too fast for conditions,None Indicated,,Daylight,Snow,Snow,"Surface condition (e.g., wet, icy)",Non-intersection:  Other non-intersection (explain in narrative),Paved,,Possible/Unknown,0,1,0,0,1,0,10000,1,1,,POINT (-93.570204996274 41.761549669475)
2014785819,PD1401376,02/15/2014,02-February,7-Saturday,17:02,1700 Hours,District 5 (Southeast),FAIRFIELD,JEFFERSON,,W BURLINGTON AVE & S 12TH ST & N 12TH ST,Collision with:  Vehicle in traffic,On Roadway,Broadside (front to side),FTYROW:  Making right turn on red signal,None Indicated,,Daylight,Snow,Clear,"Surface condition (e.g., wet, icy)",Non-intersection:  Non-junction/no special feature,Paved,,Property Damage Only,0,0,0,0,0,0,3000,2,3,,POINT (-91.977619732776 41.006455288607)