Iowa DOT Case Number,Law Enforcement Case Number,Date of Crash,Month of Crash,Day of Week,Time of Crash,Hour,DOT District,City Name,County Name,Route with System,Location Description,First Harmful Event,Location of First Harmful Event,Manner of Crash/Collision,Major Cause,Drug or Alcohol ,Environmental Conditions,Light Conditions,Surface Conditions,Weather Conditions,Roadway Contribution,Roadway Type,Roadway Surface,Work Zone,Crash Severity,Number of Fatalities,Number of Injuries,Number of Major Injuries,Number of Minor Injuries,Number of Possible Injuries,Number of Unknown Injuries,Amount of Property Damage,Number of Vehicles Involved,Total Number of Occupants,Travel Direction,Location
2014786703,2014-10030,02/15/2014,02-February,7-Saturday,01:00,0100 Hours,District 6 (East Central),DAVENPORT,SCOTT,,W 8TH ST & WASHINGTON ST,Collision with:  Parked motor vehicle,On Roadway,"Sideswipe, same direction",Lost Control,Alcohol (Statutory),,Dark - roadway lighted,Dry,Clear,None apparent,Non-intersection:  Non-junction/no special feature,Paved,,Property Damage Only,0,0,0,0,0,0,8000,3,1,,POINT (-90.597029350514 41.527803205183)
2014785752,14015508,02/15/2014,02-February,7-Saturday,12:26,1200 Hours,District 2 (Northeast),CEDAR FALLS,BLACK HAWK,,ORCHARD DR & CEDAR HEIGHTS DR,Collision with:  Vehicle in traffic,On Roadway,"Sideswipe, same direction",Other (explain in narrative):  Other,None Indicated,,Daylight,Snow,Snow,"Surface condition (e.g., wet, icy)",Non-intersection:  Driveway access (within),Paved,,Property Damage Only,0,0,0,0,0,0,1750,2,2,,POINT (-92.411259022163 42.504728141439)
2014787110,14-000615,02/15/2014,02-February,7-Saturday,10:10,1000 Hours,District 3 (Northwest),,LYON,US 75,US 75,Collision with fixed object:  Ditch,Gore,Non-collision (single vehicle),Lost Control,None Indicated,,Daylight,Snow,"Blowing sand, soil, dirt","Surface condition (e.g., wet, icy)",Non-intersection:  Non-junction/no special feature,Paved,,Property Damage Only,0,0,0,0,0,0,5500,1,1,,POINT (-96.175758088914 43.358157210927)
2014785899,14-000738,02/15/2014,02-February,7-Saturday,13:00,1300 Hours,District 1 (Central),ANKENY,POLK,,SE 3RD ST & SE DELAWARE AVE,Collision with:  Vehicle in traffic,On Roadway,Broadside (front to side),Lost Control,None Indicated,,Daylight,Snow,Snow,"Surface condition (e.g., wet, icy)",Non-intersection:  Non-junction/no special feature,Paved,,Property Damage Only,0,0,0,0,0,0,2700,2,2,,POINT (-93.581092976123 41.72964631395)
2014785994,20140004291,02/15/2014,02-February,7-Saturday,17:20,1700 Hours,District 1 (Central),DES MOINES,POLK,US 6,US 6/E EUCLID AVE & E 32ND ST,Collision with:  Vehicle in traffic,On Roadway,Broadside (front to side),FTYROW:  Making left turn,None Indicated,,Dusk,Snow,Cloudy,"Surface condition (e.g., wet, icy)",Intersection:  T-intersection,Paved,,Property Damage Only,0,0,0,0,0,0,4000,2,2,,POINT (-93.555470640271 41.627722322363)
2014785875,14-1023,02/15/2014,02-February,7-Saturday,08:03,0800 Hours,District 1 (Central),GRIMES,POLK,,S 3RD ST & S MAIN ST,Collision with:  Vehicle in traffic,On Roadway,Broadside (front to side),Made improper turn,None Indicated,,Daylight,Ice/frost,Cloudy,None apparent,Intersection:  Four-way intersection,Paved,,Property Damage Only,0,0,0,0,0,0,7000,2,3,,POINT (-93.791053282925 41.686473984661)
2014786042,14-0474,02/15/2014,02-February,7-Saturday,20:29,2000 Hours,District 1 (Central),FORT DODGE,WEBSTER,,N 15TH ST,Collision with fixed object:  Other fixed object (explain in narrative),On Roadway,Non-collision (single vehicle),Ran off road - left,None Indicated,,Dark - roadway lighted,Wet,Clear,None apparent,Non-intersection:  Non-junction/no special feature,Paved,,Property Damage Only,0,0,0,0,0,0,4000,1,1,,POINT (-94.178086079926 42.520339756674)
2014785965,20140004249,02/15/2014,02-February,7-Saturday,10:55,1000 Hours,District 1 (Central),DES MOINES,POLK,US 69,US 69/SE 14TH ST,Collision with:  Vehicle in traffic,On Roadway,"Sideswipe, same direction",Lost Control,None Indicated,,Daylight,Snow,Snow,"Surface condition (e.g., wet, icy)",Non-intersection:  Non-junction/no special feature,Paved,,Property Damage Only,0,0,0,0,0,0,5000,2,5,,POINT (-93.596789391953 41.527147190329)
2014786360,S79140054,02/15/2014,02-February,7-Saturday,12:35,1200 Hours,District 1 (Central),,POWESHIEK,I-80,I-80,Collision with:  Vehicle in traffic,On Roadway,Rear-end (front to rear),Followed too close,None Indicated,,Daylight,Snow,Snow,"Surface condition (e.g., wet, icy)",Non-intersection:  Non-junction/no special feature,Paved,,Property Damage Only,0,0,0,0,0,0,8500,2,3,,POINT (-92.59051073568 41.695798747906)
2014789267,14-000208,02/15/2014,02-February,7-Saturday,18:15,1800 Hours,District 1 (Central),MAXWELL,STORY,,4TH ST,Collision with:  Vehicle in traffic,On Roadway,"Sideswipe, opposite direction",Swerving/Evasive Action,None Indicated,,Dusk,Snow,Cloudy,None apparent,Non-intersection:  Non-junction/no special feature,Paved,,Property Damage Only,0,0,0,0,0,0,2100,2,2,,POINT (-93.399798992934 41.890761671831)
2014787105,14-000613,02/15/2014,02-February,7-Saturday,03:45,0300 Hours,District 3 (Northwest),,LYON,,Co Rd A26/180TH ST & ASHLEY AVE,Collision with fixed object:  Ditch,Shoulder,Non-collision (single vehicle),Ran off road - right,None Indicated,,Dark - roadway not lighted,Dry,Cloudy,None apparent,Intersection:  Four-way intersection,Paved,,Possible/Unknown,0,1,0,0,1,0,20000,1,1,,POINT (-96.520989223989 43.390121162134)
2014788144,14000753,02/15/2014,02-February,7-Saturday,19:08,1900 Hours,District 1 (Central),AMES,STORY,,STANGE RD,Collision with:  Vehicle in traffic,On Roadway,"Sideswipe, same direction",Other (explain in narrative):  Other,None Indicated,,Dark - roadway lighted,Snow,Snow,None apparent,Non-intersection:  Non-junction/no special feature,Paved,,Property Damage Only,0,0,0,0,0,0,3500,2,1,,POINT (-93.645412472749 42.049737202235)
2014790460,2014-10147,02/15/2014,02-February,7-Saturday,18:30,1800 Hours,District 6 (East Central),DAVENPORT,SCOTT,I-74,I-74,Non-collision events:  Other non-collision (explain in narrative),On Roadway,Non-collision (single vehicle),Ran off road - right,None Indicated,,Dark - roadway lighted,Snow,Snow,"Surface condition (e.g., wet, icy)",Interchange-related:  On-ramp merge area,Paved,,Property Damage Only,0,0,0,0,0,0,4500,1,1,,POINT (-90.524457589429 41.593783533525)
2014786480,2014011165,02/15/2014,02-February,7-Saturday,10:55,1000 Hours,District 4 (Southwest),WEST DES MOINES,DALLAS,I-80,I-80 & 60TH ST,Collision with fixed object:  Guardrail - face,On Roadway,Non-collision (single vehicle),Ran off road - left,None Indicated,,Daylight,Snow,Snow,"Surface condition (e.g., wet, icy)",Non-intersection:  Other non-intersection (explain in narrative),Paved,,Property Damage Only,0,0,0,0,0,0,5086,1,1,,POINT (-93.790596635669 41.592163436082)
2014786552,14002139,02/15/2014,02-February,7-Saturday,07:03,0700 Hours,District 5 (Southeast),,APPANOOSE,IA 5,IA 5/IOWA 5,Collision with:  Other non-fixed object (explain in narrative),On Roadway,Non-collision (single vehicle),Swerving/Evasive Action,None Indicated,,Dawn,Dry,Cloudy,None apparent,Non-intersection:  Non-junction/no special feature,Paved,,Property Damage Only,0,0,0,0,0,0,5000,2,2,,POINT (-92.88517570121 40.64173658545)
2014786016,14-0161,02/15/2014,02-February,7-Saturday,15:42,1500 Hours,District 1 (Central),PLEASANT HILL,POLK,,LITTLE FOUR MILE CREEK DR & COPPER CREEK DR,Collision with:  Vehicle in traffic,On Roadway,Broadside (front to side),FTYROW:  From stop sign,None Indicated,,Daylight,Snow,Clear,None apparent,Intersection:  Four-way intersection,Paved,,Property Damage Only,0,0,0,0,0,0,6000,2,3,,POINT (-93.524544708316 41.600908963105)
2014786039,14-0470,02/15/2014,02-February,7-Saturday,11:27,1100 Hours,District 1 (Central),FORT DODGE,WEBSTER,,S 22ND ST,Collision with:  Vehicle in traffic,On Roadway,"Sideswipe, opposite direction",Lost Control,None Indicated,,Daylight,Snow,Snow,"Surface condition (e.g., wet, icy)",Non-intersection:  Non-junction/no special feature,Paved,,Property Damage Only,0,0,0,0,0,0,8000,2,3,,POINT (-94.168086103174 42.499810078774)
2014790163,,02/15/2014,02-February,7-Saturday,14:01,1400 Hours,District 2 (Northeast),,WINNESHIEK,IA 150,IA 150/IOWA 150,Non-collision events:  Overturn/rollover,On Roadway,Non-collision (single vehicle),Crossed centerline (undivided),None Indicated,,Daylight,Snow,Snow,"Surface condition (e.g., wet, icy)",Non-intersection:  Non-junction/no special feature,Paved,,Property Damage Only,0,0,0,0,0,0,2500,1,1,,POINT (-91.865100406392 43.097373021699)
2014787019,,02/15/2014,02-February,7-Saturday,13:20,1300 Hours,District 6 (East Central),CEDAR RAPIDS,LINN,US 30,US 30/SE RAMP/SW RAMP & EDGEWOOD RD SW,Collision with:  Vehicle in traffic,On Roadway,Rear-end (front to rear),Unknown,None Indicated,,Daylight,Snow,Snow,,Intersection:  Four-way intersection,Paved,,Property Damage Only,0,0,0,0,0,0,2000,2,3,,POINT (-91.715811045705 41.936569043957)
2014787641,2014011359,02/15/2014,02-February,7-Saturday,21:05,2100 Hours,District 6 (East Central),,DUBUQUE,,PRAIRIE CREEK RD & RYAN RD,Non-collision events:  Overturn/rollover,On Roadway,Non-collision (single vehicle),Driving too fast for conditions,None Indicated,,Dark - roadway lighted,Ice/frost,Cloudy,"Surface condition (e.g., wet, icy)",Non-intersection:  Non-junction/no special feature,Paved,,Property Damage Only,0,0,0,0,0,0,6500,1,1,,POINT (-90.784832976735 42.376051999569)
2014785855,14003227,02/15/2014,02-February,7-Saturday,13:51,1300 Hours,District 6 (East Central),MARION,LINN,,GRAND AVE & S 26TH ST,Collision with:  Vehicle in traffic,On Roadway,Broadside (front to side),Lost Control,None Indicated,,Daylight,Ice/frost,Snow,None apparent,Non-intersection:  Non-junction/no special feature,Paved,,Property Damage Only,0,0,0,0,0,0,4500,2,6,,POINT (-91.584480777431 42.020261477468)
2014787737,14000953,02/15/2014,02-February,7-Saturday,17:31,1700 Hours,District 1 (Central),WILLIAMS,HAMILTON,,Co Rd D25/220TH ST & Co Rd R61/VAIL AVE,Collision with:  Vehicle in traffic,On Roadway,Broadside (front to side),Swerving/Evasive Action,None Indicated,,Daylight,Snow,Cloudy,None apparent,Intersection:  T-intersection,Paved,,Property Damage Only,0,0,0,0,0,0,8000,2,2,,POINT (-93.560093703863 42.471081739153)
2014790669,140215DH02,02/15/2014,02-February,7-Saturday,12:10,1200 Hours,District 3 (Northwest),ORANGE CITY,SIOUX,IA 10,IA 10/8TH ST SE & FRANKFORD PL SE & FRANKFORT AVE SE,Collision with:  Vehicle in traffic,On Roadway,Broadside (front to side),Unknown,None Indicated,,Daylight,Dry,Cloudy,None apparent,Intersection:  Four-way intersection,Paved,,Possible/Unknown,0,1,0,0,1,0,1800,2,2,,POINT (-96.051914572323 42.997501330337)
2014787758,K14-004248,02/15/2014,02-February,7-Saturday,19:38,1900 Hours,District 5 (Southeast),KEOKUK,LEE,,JOHNSON ST,Collision with:  Vehicle in traffic,On Roadway,"Angle, oncoming left turn",FTYROW:  Making left turn,None Indicated,,Dark - unknown roadway lighting,Snow,Clear,None apparent,Non-intersection:  Driveway access (within),Paved,,Property Damage Only,0,0,0,0,0,0,3000,2,2,,POINT (-91.386459377379 40.397165639937)
2014786482,2014011220,02/15/2014,02-February,7-Saturday,12:00,1200 Hours,District 4 (Southwest),,DALLAS,I-80,I-80,Collision with fixed object:  Other fixed object (explain in narrative),Median,Non-collision (single vehicle),Swerving/Evasive Action,None Indicated,,Daylight,Snow,Snow,None apparent,Non-intersection:  Non-junction/no special feature,Paved,,Property Damage Only,0,0,0,0,0,0,2000,1,1,,POINT (-93.932804901106 41.552492694809)
2014786234,02-14-2758,02/15/2014,02-February,7-Saturday,16:20,1600 Hours,District 6 (East Central),,DUBUQUE,US 151,US 151,Non-collision events:  Other non-collision (explain in narrative),On Roadway,Non-collision (single vehicle),Lost Control,None Indicated,,Daylight,Snow,Snow,None apparent,Non-intersection:  Non-junction/no special feature,Paved,,Property Damage Only,0,0,0,0,0,0,5000,1,1,,POINT (-90.728081056069 42.415312061494)
2014785834,201402260,02/15/2014,02-February,7-Saturday,09:51,0900 Hours,District 6 (East Central),CEDAR RAPIDS,LINN,,A AVE NE & 8TH ST NE,Collision with:  Vehicle in traffic,On Roadway,"Angle, oncoming left turn",FTYROW:  Making left turn,None Indicated,,Daylight,Dry,Cloudy,None apparent,Intersection:  Four-way intersection,Paved,,Property Damage Only,0,0,0,0,0,0,2000,2,5,,POINT (-91.662939518104 41.98341150729)
2014786687,14-0116,02/15/2014,02-February,7-Saturday,14:00,1400 Hours,District 1 (Central),WINDSOR HEIGHTS,POLK,I-235,I-235,,Shoulder,Non-collision (single vehicle),Ran off road - right,None Indicated,,Daylight,Slush,Clear,"Surface condition (e.g., wet, icy)","Interchange-related:  Off-ramp, diverge area",Paved,,Property Damage Only,0,0,0,0,0,0,9000,2,5,,POINT (-93.707604746812 41.593289662473)
2014786000,14-0338,02/15/2014,02-February,7-Saturday,19:15,1900 Hours,District 1 (Central),URBANDALE,POLK,,68TH ST,Collision with:  Parked motor vehicle,On Roadway,Broadside (front to side),Improper Backing,None Indicated,,Dark - roadway lighted,Snow,Cloudy,None apparent,Non-intersection:  Driveway access (within),Paved,,Property Damage Only,0,0,0,0,0,0,3500,2,2,,POINT (-93.709828284943 41.636330328607)
2014785766,W14-015511,02/15/2014,02-February,7-Saturday,12:36,1200 Hours,District 2 (Northeast),WATERLOO,BLACK HAWK,,W 3RD ST,Collision with:  Vehicle in traffic,On Roadway,Broadside (front to side),FTYROW:  Other (explain in narrative),None Indicated,,Daylight,Snow,Snow,None apparent,Non-intersection:  Alley,Paved,,Property Damage Only,0,0,0,0,0,0,2250,2,2,,POINT (-92.353274003129 42.488277136755)
2014789510,2014011155,02/15/2014,02-February,7-Saturday,10:45,1000 Hours,District 1 (Central),ANKENY,POLK,I-35,I-35,Collision with fixed object:  Guardrail - face,Shoulder,Non-collision (single vehicle),Swerving/Evasive Action,None Indicated,,Daylight,Snow,Snow,"Surface condition (e.g., wet, icy)",Interchange-related:  On-ramp merge area,Paved,,Property Damage Only,0,0,0,0,0,0,5000,1,3,,POINT (-93.575980948629 41.694427396101)
2014785890,14-000748,02/15/2014,02-February,7-Saturday,19:11,1900 Hours,District 1 (Central),ANKENY,POLK,,SW IRVINEDALE DR,Collision with:  Animal,,,Animal,None Indicated,,,,,,,Paved,,Property Damage Only,0,0,0,0,0,0,2000,1,1,,POINT (-93.639022691544 41.716161457829)
2014787658,2014011226,02/15/2014,02-February,7-Saturday,12:05,1200 Hours,District 1 (Central),,POLK,I-35,I-35,Collision with:  Vehicle in traffic,Shoulder,Rear-end (front to rear),Driving too fast for conditions,None Indicated,,Daylight,Snow,Snow,"Surface condition (e.g., wet, icy)",Non-intersection:  Non-junction/no special feature,Paved,,Property Damage Only,0,0,0,0,0,0,25000,2,5,,POINT (-93.571127210361 41.851902522538)
2014785933,20140004273,02/15/2014,02-February,7-Saturday,15:22,1500 Hours,District 1 (Central),DES MOINES,POLK,,E 22ND ST,Collision with:  Parked motor vehicle,On Roadway,Head-on (front to front),Driving too fast for conditions,None Indicated,,Daylight,Snow,Clear,"Surface condition (e.g., wet, icy)",Intersection:  T-intersection,Paved,,Property Damage Only,0,0,0,0,0,0,2300,2,1,,POINT (-93.577792241522 41.601320221088)
2014786189,CL14000461,02/15/2014,02-February,7-Saturday,19:38,1900 Hours,District 6 (East Central),CLINTON,CLINTON,,11TH AVE S & LINCOLN BLVD & S 12TH ST,Collision with:  Vehicle in traffic,On Roadway,Rear-end (front to rear),Other (explain in narrative):  Other,Alcohol (Statutory),,Dark - roadway not lighted,Snow,Cloudy,None apparent,Non-intersection:  Non-junction/no special feature,Paved,,Property Damage Only,0,0,0,0,0,0,4500,3,777,,POINT (-90.213804701367 41.833728574616)
2014785863,2014001364,02/15/2014,02-February,7-Saturday,07:23,0700 Hours,District 1 (Central),MARSHALLTOWN,MARSHALL,IA 14,IA 14/S CENTER ST & W OLIVE ST & E OLIVE ST,Collision with:  Vehicle in traffic,On Roadway,Broadside (front to side),Ran Traffic Signal,None Indicated,,Daylight,Wet,Clear,None apparent,Intersection:  Four-way intersection,Paved,,Property Damage Only,0,0,0,0,0,0,18000,2,2,,POINT (-92.912648804534 42.028407725632)
2014786271,C14000496,02/15/2014,02-February,7-Saturday,16:38,1600 Hours,District 6 (East Central),CORALVILLE,JOHNSON,,HEARTLAND DR,Collision with:  Vehicle in traffic,On Roadway,"Sideswipe, opposite direction",Lost Control,None Indicated,,Daylight,Snow,Snow,"Surface condition (e.g., wet, icy)",Non-intersection:  Non-junction/no special feature,Paved,,Property Damage Only,0,0,0,0,0,0,4500,2,3,,POINT (-91.618381574952 41.695239143294)
2014786223,01-14-6626,02/15/2014,02-February,7-Saturday,12:59,1200 Hours,District 6 (East Central),DUBUQUE,DUBUQUE,,HOLLIDAY DR,Collision with:  Vehicle in traffic,On Roadway,Broadside (front to side),FTYROW:  From driveway,None Indicated,,Daylight,Dry,Cloudy,None apparent,Non-intersection:  Driveway access (within),Paved,,Property Damage Only,0,0,0,0,0,0,3500,2,2,,POINT (-90.742667138533 42.51202918675)
2014785900,14-000744,02/15/2014,02-February,7-Saturday,16:38,1600 Hours,District 1 (Central),ANKENY,POLK,,SW STATE ST,Collision with:  Vehicle in traffic,On Roadway,Broadside (front to side),FTYROW:  From driveway,None Indicated,,Daylight,Wet,Clear,None apparent,Non-intersection:  Driveway access (within),Paved,,Possible/Unknown,0,1,0,0,1,0,10500,2,2,,POINT (-93.619797486688 41.718347389215)
2014785821,14000361,02/15/2014,02-February,7-Saturday,14:23,1400 Hours,District 6 (East Central),IOWA CITY,JOHNSON,,NEWTON RD,Collision with:  Vehicle in traffic,On Roadway,"Sideswipe, opposite direction",Crossed centerline (undivided),None Indicated,,Daylight,Snow,Snow,"Surface condition (e.g., wet, icy)",Non-intersection:  Non-junction/no special feature,Paved,,Property Damage Only,0,0,0,0,0,0,5000,2,2,,POINT (-91.549224743744 41.662538611144)
2014786199,141147,02/15/2014,02-February,7-Saturday,13:00,1300 Hours,District 4 (Southwest),,DALLAS,I-80,I-80 & Co Rd F64/S AVE,Non-collision events:  Jackknife,On Roadway,Non-collision (single vehicle),Swerving/Evasive Action,None Indicated,,Daylight,Ice/frost,Snow,"Surface condition (e.g., wet, icy)",Non-intersection:  Other non-intersection (explain in narrative),Paved,,Property Damage Only,0,0,0,0,0,0,3000,1,2,,POINT (-93.930533356512 41.552961461789)
2014785953,20140004235,02/15/2014,02-February,7-Saturday,06:23,0600 Hours,District 1 (Central),DES MOINES,POLK,IA 415,IA 415/2ND AVE & MADISON AVE & E MADISON AVE,Collision with:  Vehicle in traffic,Shoulder,Rear-end (front to rear),Other (explain in narrative):  Other,None Indicated,,Dark - roadway lighted,Dry,Cloudy,None apparent,Non-intersection:  Non-junction/no special feature,Paved,,Property Damage Only,0,0,0,0,0,0,7000,2,1,,POINT (-93.619940915569 41.633130291759)
2014786082,2014011307,02/15/2014,02-February,7-Saturday,17:15,1700 Hours,District 6 (East Central),,JOHNSON,I-380,I-380,Non-collision events:  Other non-collision (explain in narrative),On Roadway,Non-collision (single vehicle),Driving too fast for conditions,None Indicated,,Dusk,Snow,Cloudy,"Surface condition (e.g., wet, icy)",Non-intersection:  Non-junction/no special feature,Paved,,Property Damage Only,0,0,0,0,0,0,3000,1,1,,POINT (-91.655155170962 41.820193934798)
2014786969,2014011179,02/15/2014,02-February,7-Saturday,11:40,1100 Hours,District 2 (Northeast),,CERRO GORDO,I-35,I-35,Collision with:  Vehicle in traffic,On Roadway,Rear-end (front to rear),Other (explain in narrative):  No improper action,None Indicated,,Daylight,Snow,Snow,None apparent,Non-intersection:  Non-junction/no special feature,Paved,,Property Damage Only,0,0,0,0,0,0,2500,2,4,,POINT (-93.354978131358 43.188689984802)
2014786232,01-14-6641,02/15/2014,02-February,7-Saturday,15:44,1500 Hours,District 6 (East Central),DUBUQUE,DUBUQUE,,E 18TH ST & JACKSON ST,Collision with:  Vehicle in traffic,On Roadway,Broadside (front to side),Lost Control,None Indicated,,Daylight,Snow,Snow,None apparent,Non-intersection:  Non-junction/no special feature,Paved,,Property Damage Only,0,0,0,0,0,0,3000,2,4,,POINT (-90.66754880934 42.510209006125)
2014786973,2014011222,02/15/2014,02-February,7-Saturday,12:45,1200 Hours,District 1 (Central),,POLK,I-35,I-35,Collision with:  Vehicle in traffic,Roadside,"Sideswipe, same direction",Swerving/Evasive Action,None Indicated,,Daylight,Snow,Snow,"Surface condition (e.g., wet, icy)",Non-intersection:  Non-junction/no special feature,Paved,,Possible/Unknown,0,1,0,0,1,0,7000,2,3,,POINT (-93.570391427418 41.792100379547)
2014786485,2014011264,02/15/2014,02-February,7-Saturday,11:50,1100 Hours,District 1 (Central),,POLK,I-35,I-35,Non-collision events:  Overturn/rollover,Outside trafficway,Non-collision (single vehicle),Driving too fast for conditions,None Indicated,,Daylight,Snow,"Blowing sand, soil, dirt","Surface condition (e.g., wet, icy)",Non-intersection:  Non-junction/no special feature,Paved,,Property Damage Only,0,0,0,0,0,0,5000,1,1,,POINT (-93.571070605628 41.844183928337)
2014786968,2014011174,02/15/2014,02-February,7-Saturday,11:30,1100 Hours,District 4 (Southwest),,DALLAS,I-80,I-80,Collision with fixed object:  Guardrail - face,Median,Non-collision (single vehicle),Driving too fast for conditions,None Indicated,,Daylight,Ice/frost,Snow,"Surface condition (e.g., wet, icy)",Non-intersection:  Non-junction/no special feature,Paved,,Property Damage Only,0,0,0,0,0,0,5500,1,2,,POINT (-94.098407115247 41.517577223111)
2014801004,390214-0333,02/15/2014,02-February,7-Saturday,20:58,2000 Hours,District 4 (Southwest),STUART,GUTHRIE,,Co Rd F65/WHITE POLE RD,Non-collision events:  Overturn/rollover,Outside trafficway,Non-collision (single vehicle),Driving too fast for conditions,Alcohol (Statutory),,Dark - roadway not lighted,Ice/frost,"Blowing sand, soil, dirt","Surface condition (e.g., wet, icy)",Non-intersection:  Non-junction/no special feature,Paved,,Possible/Unknown,0,1,0,0,1,0,5500,1,1,,POINT (-94.332037940943 41.504569887823)
2014786289,2014001740,02/15/2014,02-February,7-Saturday,05:53,0500 Hours,District 6 (East Central),IOWA CITY,JOHNSON,IA 1,IA 1/E BURLINGTON ST & S DUBUQUE ST,Collision with:  Vehicle in traffic,On Roadway,Rear-end (front to rear),Other (explain in narrative):  Other,None Indicated,,Dawn,Slush,Clear,None apparent,Non-intersection:  Non-junction/no special feature,Paved,,Property Damage Only,0,0,0,0,0,0,11000,2,2,,POINT (-91.533140348282 41.6578490126)
2014788205,2014011262,02/15/2014,02-February,7-Saturday,11:50,1100 Hours,District 1 (Central),,POLK,I-35,I-35,Collision with fixed object:  Guardrail - face,Shoulder,Non-collision (single vehicle),Driving too fast for conditions,None Indicated,,Daylight,Snow,"Blowing sand, soil, dirt","Surface condition (e.g., wet, icy)",Non-intersection:  Non-junction/no special feature,Paved,,Property Damage Only,0,0,0,0,0,0,2001,1,1,,POINT (-93.571070605628 41.844183928337)
2014790325,2014011309,02/15/2014,02-February,7-Saturday,17:15,1700 Hours,District 6 (East Central),,JOHNSON,I-80,I-80,Non-collision events:  Jackknife,Shoulder,Non-collision (single vehicle),Ran off road - right,None Indicated,,Daylight,Ice/frost,"Blowing sand, soil, dirt","Surface condition (e.g., wet, icy)",Non-intersection:  Other non-intersection (explain in narrative),Paved,,Possible/Unknown,0,1,0,0,1,0,5000,1,1,,POINT (-91.424523323457 41.667606680718)
2014787205,2014011223,02/15/2014,02-February,7-Saturday,12:00,1200 Hours,District 1 (Central),ALTOONA,POLK,I-80,I-80,Collision with:  Vehicle in traffic,Roadside,"Sideswipe, same direction",Swerving/Evasive Action,None Indicated,,Daylight,Ice/frost,Snow,Obstruction in roadway,Non-intersection:  Non-junction/no special feature,Paved,Yes,Property Damage Only,0,0,0,0,0,0,7000,2,3,,POINT (-93.479197647514 41.662626159753)
2014785992,20140004267,02/15/2014,02-February,7-Saturday,14:33,1400 Hours,District 1 (Central),DES MOINES,POLK,,PARK AVE & SW 42ND ST,Collision with:  Vehicle in traffic,On Roadway,Broadside (front to side),Driving too fast for conditions,None Indicated,,Daylight,Snow,Cloudy,"Surface condition (e.g., wet, icy)",Intersection:  T-intersection,Paved,,Property Damage Only,0,0,0,0,0,0,4000,2,2,,POINT (-93.674396302867 41.555568688777)
2014787523,GP20140112,02/15/2014,02-February,7-Saturday,17:00,1700 Hours,District 1 (Central),GRINNELL,POWESHIEK,,SPRING ST,Collision with:  Vehicle in traffic,On Roadway,"Sideswipe, same direction",Over correcting/over steering,None Indicated,,Daylight,Snow,Cloudy,"Surface condition (e.g., wet, icy)",Non-intersection:  Other non-intersection (explain in narrative),Paved,,Property Damage Only,0,0,0,0,0,0,3500,2,1,,POINT (-92.728818666284 41.745125866706)
2014787168,201400007734,02/15/2014,02-February,7-Saturday,12:02,1200 Hours,District 5 (Southeast),OTTUMWA,WAPELLO,US 34,US 34,Collision with:  Vehicle in traffic,On Roadway,"Sideswipe, same direction",FTYROW:  From yield sign,None Indicated,,Daylight,Snow,Snow,"Surface condition (e.g., wet, icy)",Intersection:  Other intersection (explain in narrative),Paved,,Property Damage Only,0,0,0,0,0,0,3550,2,5,,POINT (-92.404626590571 41.001245453499)
2014786171,14000879,02/15/2014,02-February,7-Saturday,02:00,0200 Hours,District 2 (Northeast),,CERRO GORDO,US 65,US 65,Collision with:  Animal,,,Animal,None Indicated,,,,,,,Paved,,Property Damage Only,0,0,0,0,0,0,1500,1,1,,POINT (-93.208781215557 43.189590467529)
2014785897,14-000736,02/15/2014,02-February,7-Saturday,11:42,1100 Hours,District 1 (Central),ANKENY,POLK,I-35,I-35,Collision with fixed object:  Guardrail - face,On Roadway,Non-collision (single vehicle),Swerving/Evasive Action,None Indicated,,Daylight,Snow,Snow,"Surface condition (e.g., wet, icy)",Non-intersection:  Non-junction/no special feature,Paved,,Property Damage Only,0,0,0,0,0,0,3000,1,1,,POINT (-93.576036427167 41.664271284364)
2014786325,02-14-112,02/15/2014,02-February,7-Saturday,20:55,2000 Hours,District 3 (Northwest),LE MARS,PLYMOUTH,,3RD ST SW & 12TH AVE SW,Collision with fixed object:  Curb/island/raised median,On Roadway,"Sideswipe, same direction",Other (explain in narrative):  Other,None Indicated,,Dark - roadway lighted,Wet,Clear,None apparent,Non-intersection:  Non-junction/no special feature,Paved,,Major Injury,0,1,1,0,0,0,3600,3,1,,POINT (-96.183308405297 42.7894330147)
2014786083,2014011313,02/15/2014,02-February,7-Saturday,17:25,1700 Hours,District 6 (East Central),,LINN,I-380,I-380,Collision with fixed object:  Traffic sign support,Roadside,Non-collision (single vehicle),Ran off road - right,None Indicated,,Daylight,Snow,Cloudy,"Surface condition (e.g., wet, icy)",Non-intersection:  Non-junction/no special feature,Paved,,Property Damage Only,0,0,0,0,0,0,2600,1,1,,POINT (-91.70652893109 42.108477877004)