Iowa DOT Case Number,Law Enforcement Case Number,Date of Crash,Month of Crash,Day of Week,Time of Crash,Hour,DOT District,City Name,County Name,Route with System,Location Description,First Harmful Event,Location of First Harmful Event,Manner of Crash/Collision,Major Cause,Drug or Alcohol ,Environmental Conditions,Light Conditions,Surface Conditions,Weather Conditions,Roadway Contribution,Roadway Type,Roadway Surface,Work Zone,Crash Severity,Number of Fatalities,Number of Injuries,Number of Major Injuries,Number of Minor Injuries,Number of Possible Injuries,Number of Unknown Injuries,Amount of Property Damage,Number of Vehicles Involved,Total Number of Occupants,Travel Direction,Location
2014785845,201402291,02/15/2014,02-February,7-Saturday,23:43,2300 Hours,District 6 (East Central),CEDAR RAPIDS,LINN,IA 922,IA 922/1ST AVE E,Collision with:  Vehicle in traffic,On Roadway,Broadside (front to side),FTYROW:  Other (explain in narrative),None Indicated,,Dark - roadway lighted,Snow,Snow,None apparent,Non-intersection:  Non-junction/no special feature,Paved,,Property Damage Only,0,0,0,0,0,0,10500,2,3,,POINT (-91.651348760068 41.988670750771)
2014787139,20140004261,02/15/2014,02-February,7-Saturday,14:16,1400 Hours,District 1 (Central),DES MOINES,POLK,I-235,I-235,Collision with fixed object:  Concrete traffic barrier (median or right side),On Roadway,Non-collision (single vehicle),Lost Control,None Indicated,,Daylight,Snow,Snow,"Surface condition (e.g., wet, icy)",Non-intersection:  Other non-intersection (explain in narrative),Paved,,Property Damage Only,0,0,0,0,0,0,4500,1,1,,POINT (-93.588150286634 41.598898792632)
2014786267,C14000498,02/15/2014,02-February,7-Saturday,18:22,1800 Hours,District 6 (East Central),CORALVILLE,JOHNSON,,BROWN DEER RD & BROWN DEER RDG & BROWN DEER CV,Collision with:  Vehicle in traffic,On Roadway,Rear-end (front to rear),Followed too close,None Indicated,,Dark - roadway lighted,Snow,Snow,None apparent,Non-intersection:  Non-junction/no special feature,Paved,,Possible/Unknown,0,1,0,0,0,1,4500,2,2,,POINT (-91.571821111927 41.697687143806)
2014788267,14-000851,02/15/2014,02-February,7-Saturday,22:55,2200 Hours,District 2 (Northeast),,KOSSUTH,,Co Rd P30/90 AVE,Non-collision events:  Other non-collision (explain in narrative),On Roadway,Non-collision (single vehicle),Driving too fast for conditions,None Indicated,,Dark - roadway not lighted,Snow,"Blowing sand, soil, dirt","Surface condition (e.g., wet, icy)",Non-intersection:  Railroad grade crossing,Paved,,Property Damage Only,0,0,0,0,0,0,4000,1,1,,POINT (-94.285952363961 43.070822706924)
2014808091,2014011177,02/15/2014,02-February,7-Saturday,11:40,1100 Hours,District 1 (Central),,HAMILTON,I-35,I-35,Collision with:  Vehicle in traffic,On Roadway,Rear-end (front to rear),Driving too fast for conditions,None Indicated,,Daylight,Snow,Snow,"Surface condition (e.g., wet, icy)",Interchange-related:  On-ramp merge area,Paved,,Minor Injury,0,2,0,1,1,0,13000,2,2,,POINT (-93.570355690527 42.419580281251)
2014786909,2014-10128,02/15/2014,02-February,7-Saturday,16:35,1600 Hours,District 6 (East Central),DAVENPORT,SCOTT,,IA 461/BRADY ST & E 12TH ST,Collision with:  Vehicle in traffic,Roadside,"Sideswipe, same direction",FTYROW:  Other (explain in narrative),None Indicated,,Daylight,Snow,Snow,"Surface condition (e.g., wet, icy)",Non-intersection:  Non-junction/no special feature,Paved,,Property Damage Only,0,0,0,0,0,0,1500,2,3,,POINT (-90.574039835634 41.532021611789)
2014786291,2014001747,02/15/2014,02-February,7-Saturday,11:38,1100 Hours,District 6 (East Central),IOWA CITY,JOHNSON,IA 1,IA 1/E BURLINGTON ST & S GILBERT ST,Collision with:  Vehicle in traffic,On Roadway,"Sideswipe, same direction",FTYROW:  Other (explain in narrative),None Indicated,,Daylight,Wet,Cloudy,None apparent,Non-intersection:  Non-junction/no special feature,Paved,,Property Damage Only,0,0,0,0,0,0,1600,2,2,,POINT (-91.530174092462 41.657838131718)
2014785991,20140004260,02/15/2014,02-February,7-Saturday,13:21,1300 Hours,District 1 (Central),DES MOINES,POLK,,SE 5TH ST,Collision with:  Vehicle in traffic,On Roadway,Head-on (front to front),Crossed centerline (undivided),Alcohol (Statutory),,Daylight,Snow,Cloudy,None apparent,Non-intersection:  Non-junction/no special feature,Paved,,Possible/Unknown,0,1,0,0,1,0,10000,2,3,,POINT (-93.606502890369 41.546885485847)
2014786460,14-0090,02/15/2014,02-February,7-Saturday,10:45,1000 Hours,District 1 (Central),,WEBSTER,,Co Rd D36/GRANT AVE,Non-collision events:  Other non-collision (explain in narrative),On Roadway,Non-collision (single vehicle),Swerving/Evasive Action,None Indicated,,Daylight,Snow,Snow,"Surface condition (e.g., wet, icy)",Non-intersection:  Other non-intersection (explain in narrative),Paved,,Possible/Unknown,0,3,0,0,3,0,4000,1,3,,POINT (-94.286677752453 42.451385933627)
2014785849,201402282,02/15/2014,02-February,7-Saturday,17:07,1700 Hours,District 6 (East Central),CEDAR RAPIDS,LINN,,32ND ST NE,Collision with:  Vehicle in traffic,On Roadway,"Angle, oncoming left turn",Made improper turn,None Indicated,,Daylight,Snow,Cloudy,None apparent,Non-intersection:  Non-junction/no special feature,Paved,,Property Damage Only,0,0,0,0,0,0,7000,2,2,,POINT (-91.659741307351 42.01042045617)
2014786097,2014011181,02/15/2014,02-February,7-Saturday,11:20,1100 Hours,District 4 (Southwest),,DALLAS,I-80,I-80,Collision with:  Vehicle in traffic,Shoulder,"Sideswipe, same direction",Driving too fast for conditions,None Indicated,,Daylight,Ice/frost,Snow,None apparent,Non-intersection:  Non-junction/no special feature,Paved,,Property Damage Only,0,0,0,0,0,0,5500,2,2,,POINT (-94.084178001269 41.518793124739)
2014794328,SO140064,02/15/2014,02-February,7-Saturday,15:56,1500 Hours,District 4 (Southwest),CORNING,ADAMS,,12TH ST & ADAMS ST,Collision with:  Vehicle in traffic,On Roadway,Broadside (front to side),FTYROW:  At uncontrolled intersection,None Indicated,,Daylight,Wet,Clear,Unknown,Intersection:  Four-way intersection,Paved,,Property Damage Only,0,0,0,0,0,0,2100,2,4,,POINT (-94.733046427681 40.993645232854)
2014786489,2014011316,02/15/2014,02-February,7-Saturday,17:35,1700 Hours,District 6 (East Central),CORALVILLE,JOHNSON,I-80,I-80,Collision with:  Vehicle in traffic,On Roadway,Rear-end (front to rear),Swerving/Evasive Action,None Indicated,,Dusk,Ice/frost,Clear,"Surface condition (e.g., wet, icy)",Non-intersection:  Non-junction/no special feature,Paved,,Property Damage Only,0,0,0,0,0,0,11000,2,2,,POINT (-91.585161903166 41.689953201692)
2014831335,140215DH01,02/15/2014,02-February,7-Saturday,09:10,0900 Hours,District 3 (Northwest),ORANGE CITY,SIOUX,,IOWA AVE SW,Collision with:  Vehicle in traffic,On Roadway,Broadside (front to side),FTYROW:  From driveway,None Indicated,,Daylight,Snow,Cloudy,"Surface condition (e.g., wet, icy)",Non-intersection:  Driveway access (within),Paved,,Property Damage Only,0,0,0,0,0,0,1500,2,6,,POINT (-96.066671061086 42.999213516494)
2014789280,2014-03000,02/15/2014,02-February,7-Saturday,14:19,1400 Hours,District 5 (Southeast),CUMMING,WARREN,,Co Rd G14/HWY G14 & 30TH AVE & N 35TH ST,Collision with:  Vehicle in traffic,On Roadway,"Sideswipe, same direction",Crossed centerline (undivided),None Indicated,,Daylight,Snow,Clear,"Surface condition (e.g., wet, icy)",Non-intersection:  Driveway access (within),Paved,,Property Damage Only,0,0,0,0,0,0,5000,2,3,,POINT (-93.750498126633 41.483263713133)
2014786100,2014011349,02/15/2014,02-February,7-Saturday,11:45,1100 Hours,District 4 (Southwest),,DALLAS,I-80,I-80,Collision with fixed object:  Guardrail - face,Shoulder,Non-collision (single vehicle),Driving too fast for conditions,None Indicated,,Daylight,Ice/frost,Snow,None apparent,Non-intersection:  Non-junction/no special feature,Paved,,Property Damage Only,0,0,0,0,0,0,3000,1,1,,POINT (-94.143411243764 41.517742027308)
2014786967,2014011163,02/15/2014,02-February,7-Saturday,11:00,1100 Hours,District 1 (Central),,POLK,I-80,I-80,Collision with:  Vehicle in traffic,On Roadway,"Sideswipe, same direction",Driving too fast for conditions,Alcohol (Statutory),,Daylight,Ice/frost,Snow,"Surface condition (e.g., wet, icy)",Non-intersection:  Non-junction/no special feature,Paved,,Property Damage Only,0,0,0,0,0,0,7000,2,2,,POINT (-93.564689471472 41.653744187281)
2014787661,2014011419,02/15/2014,02-February,7-Saturday,12:32,1200 Hours,District 1 (Central),,POLK,I-80,I-80,Collision with:  Vehicle in traffic,On Roadway,Rear-end (front to rear),Driving too fast for conditions,None Indicated,,Daylight,Ice/frost,Snow,"Surface condition (e.g., wet, icy)",Interchange-related:  On-ramp merge area,Paved,,Property Damage Only,0,0,0,0,0,0,15500,3,4,,POINT (-93.465165080585 41.667187387182)
2014786225,01-14-6651,02/15/2014,02-February,7-Saturday,18:18,1800 Hours,District 6 (East Central),DUBUQUE,DUBUQUE,US 20,US 20/DODGE ST & IA 946/IOWA 946,Collision with:  Vehicle in traffic,On Roadway,Rear-end (front to rear),Lost Control,Refused,,Dark - roadway lighted,Snow,Snow,None apparent,Non-intersection:  Other non-intersection (explain in narrative),Paved,,Property Damage Only,0,0,0,0,0,0,3000,2,3,,POINT (-90.665098532681 42.492004570747)
2014786266,C14000494,02/15/2014,02-February,7-Saturday,14:14,1400 Hours,District 6 (East Central),CORALVILLE,JOHNSON,,6TH AVE,Collision with:  Vehicle in traffic,On Roadway,Broadside (front to side),FTYROW:  From driveway,None Indicated,,Daylight,Snow,Snow,"Surface condition (e.g., wet, icy)",Non-intersection:  Other non-intersection (explain in narrative),Paved,,Property Damage Only,0,0,0,0,0,0,4300,2,2,,POINT (-91.57409889714 41.672910607811)
2014789264,14-000204,02/15/2014,02-February,7-Saturday,13:39,1300 Hours,District 1 (Central),,POLK,I-35,I-35,Collision with fixed object:  Guardrail - face,On Roadway,Non-collision (single vehicle),Driving too fast for conditions,None Indicated,,Daylight,Snow,Snow,"Surface condition (e.g., wet, icy)",Non-intersection:  Non-junction/no special feature,Paved,,Property Damage Only,0,0,0,0,0,0,7500,1,1,,POINT (-93.571107472533 41.851037963738)
2014787917,14002313,02/15/2014,02-February,7-Saturday,11:30,1100 Hours,District 2 (Northeast),MASON CITY,CERRO GORDO,US 65,US 65/S FEDERAL AVE,Collision with:  Vehicle in traffic,On Roadway,"Angle, oncoming left turn",FTYROW:  Making left turn,None Indicated,,Daylight,Snow,Snow,None apparent,Non-intersection:  Driveway access (within),Paved,,Possible/Unknown,0,1,0,0,1,0,6500,2,3,,POINT (-93.20106961913 43.145993928519)
2014785918,14-0190,02/15/2014,02-February,7-Saturday,01:43,0100 Hours,District 1 (Central),CLIVE,POLK,,SUNSET TER,Collision with fixed object:  Tree,On Roadway,Non-collision (single vehicle),Over correcting/over steering,Refused,,Dark - roadway lighted,Dry,Clear,None apparent,Non-intersection:  Non-junction/no special feature,Paved,,Possible/Unknown,0,1,0,0,0,1,5100,1,1,,POINT (-93.785336654795 41.605629217446)
2014786601,2014001731,02/15/2014,02-February,7-Saturday,01:37,0100 Hours,District 6 (East Central),IOWA CITY,JOHNSON,,PAGE ST & DODGE ST,Unknown,Gore,Non-collision (single vehicle),Ran off road - left,Alcohol (Statutory),,Dark - roadway lighted,Snow,Cloudy,None apparent,Non-intersection:  Non-junction/no special feature,Paved,,Property Damage Only,0,0,0,0,0,0,3400,1,3,,POINT (-91.526115913685 41.651463341249)
2014786081,2014011299,02/15/2014,02-February,7-Saturday,15:45,1500 Hours,District 6 (East Central),URBANA,BENTON,I-380,I-380,Non-collision events:  Overturn/rollover,Roadside,Non-collision (single vehicle),Ran off road - right,None Indicated,,Daylight,Snow,Snow,"Surface condition (e.g., wet, icy)",Non-intersection:  Non-junction/no special feature,Paved,,Property Damage Only,0,0,0,0,0,0,4000,1,1,,POINT (-91.860458870428 42.224669146008)
2014786486,2014011265,02/15/2014,02-February,7-Saturday,11:50,1100 Hours,District 1 (Central),,POLK,I-35,I-35,Collision with fixed object:  Guardrail - face,Shoulder,Non-collision (single vehicle),Driving too fast for conditions,None Indicated,,Daylight,Snow,"Blowing sand, soil, dirt","Surface condition (e.g., wet, icy)",Non-intersection:  Non-junction/no special feature,Paved,,Property Damage Only,0,0,0,0,0,0,1801,1,2,,POINT (-93.571070605628 41.844183928337)
2014786200,141149,02/15/2014,02-February,7-Saturday,12:15,1200 Hours,District 4 (Southwest),,DALLAS,I-80,I-80,Collision with fixed object:  Ditch,Outside trafficway,Non-collision (single vehicle),Driving too fast for conditions,None Indicated,,Daylight,Ice/frost,Snow,"Surface condition (e.g., wet, icy)",Non-intersection:  Non-junction/no special feature,Paved,,Property Damage Only,0,0,0,0,0,0,4000,1,1,,POINT (-94.025969841572 41.538584641133)
2014786188,CL14000460,02/15/2014,02-February,7-Saturday,15:55,1500 Hours,District 6 (East Central),CLINTON,CLINTON,US 30,US 30 & Co Rd Z40/S 54TH ST,Collision with fixed object:  Other fixed object (explain in narrative),On Roadway,Non-collision (single vehicle),Other (explain in narrative):  No improper action,None Indicated,,Daylight,Snow,Snow,Other (explain in narrative),Non-intersection:  Non-junction/no special feature,Paved,,Property Damage Only,0,0,0,0,0,0,2500,1,2,,POINT (-90.31586188957 41.815528261541)
2014786817,14-05188,02/15/2014,02-February,7-Saturday,03:00,0300 Hours,District 5 (Southeast),DANVILLE,DES MOINES,US 34,US 34,Non-collision events:  Overturn/rollover,On Roadway,Non-collision (single vehicle),Ran off road - left,Alcohol (Statutory),,Dark - roadway not lighted,Ice/frost,Clear,"Surface condition (e.g., wet, icy)",Non-intersection:  Non-junction/no special feature,Paved,,Minor Injury,0,1,0,1,0,0,5000,1,1,,POINT (-91.329421424122 40.875574765982)
2014787311,14001270,02/15/2014,02-February,7-Saturday,18:52,1800 Hours,District 6 (East Central),DYERSVILLE,DELAWARE,US 20,US 20,Collision with fixed object:  Curb/island/raised median,Median,Non-collision (single vehicle),Swerving/Evasive Action,None Indicated,,Dark - roadway not lighted,Snow,Snow,None apparent,Non-intersection:  Non-junction/no special feature,Paved,,Property Damage Only,0,0,0,0,0,0,2500,1,2,,POINT (-91.143815426126 42.471151403737)
2014786724,14020286,02/15/2014,02-February,7-Saturday,12:57,1200 Hours,District 5 (Southeast),,WAPELLO,US 63,US 63,Collision with:  Vehicle in traffic,On Roadway,Rear-end (front to rear),Swerving/Evasive Action,None Indicated,,Daylight,Snow,Snow,"Surface condition (e.g., wet, icy)",Non-intersection:  Non-junction/no special feature,Paved,,Property Damage Only,0,0,0,0,0,0,4500,2,2,,POINT (-92.508407932771 41.095473226396)
2014790326,2014011344,02/15/2014,02-February,7-Saturday,20:05,2000 Hours,District 6 (East Central),IOWA CITY,JOHNSON,I-80,I-80 & Co Rd F8W/PRAIRIE DU CHIEN RD,Non-collision events:  Other non-collision (explain in narrative),On Roadway,Non-collision (single vehicle),Driving too fast for conditions,None Indicated,,Dark - roadway not lighted,Ice/frost,Snow,"Surface condition (e.g., wet, icy)",Non-intersection:  Other non-intersection (explain in narrative),Paved,,Minor Injury,0,1,0,1,0,0,5500,1,2,,POINT (-91.524468245328 41.687334438054)
2014787027,,02/15/2014,02-February,7-Saturday,12:24,1200 Hours,District 5 (Southeast),FORT MADISON,LEE,,15TH ST & AVE E,Collision with:  Vehicle in traffic,On Roadway,Broadside (front to side),Ran Stop Sign,None Indicated,,Daylight,Snow,Snow,None apparent,Intersection:  Four-way intersection,Paved,,Property Damage Only,0,0,0,0,0,0,2000,2,3,,POINT (-91.324530817309 40.633151298704)
2014786553,14002145,02/15/2014,02-February,7-Saturday,11:06,1100 Hours,District 5 (Southeast),,APPANOOSE,,600TH ST,Collision with:  Vehicle in traffic,On Roadway,Broadside (front to side),FTYROW:  From driveway,None Indicated,,Daylight,Snow,Snow,None apparent,Non-intersection:  Driveway access (within),Unpaved,,Possible/Unknown,0,1,0,0,1,0,2000,2,4,,POINT (-92.922463330496 40.612434917567)
2014785751,14015493,02/15/2014,02-February,7-Saturday,11:29,1100 Hours,District 2 (Northeast),CEDAR FALLS,BLACK HAWK,,S FRONTAGE RD & VALLEY PARK DR,Collision with:  Vehicle in traffic,On Roadway,"Angle, oncoming left turn",FTYROW:  Making left turn,None Indicated,,Daylight,Snow,Cloudy,None apparent,Intersection:  Four-way intersection,Paved,,Property Damage Only,0,0,0,0,0,0,2500,2,2,,POINT (-92.436819462318 42.512790732844)
2014787343,14-2099,02/15/2014,02-February,7-Saturday,01:45,0100 Hours,District 6 (East Central),MAQUOKETA,JACKSON,IA 62,IA 62/ANSEL BRIGGS HWY,Collision with fixed object:  Ditch,On Roadway,Non-collision (single vehicle),Swerving/Evasive Action,None Indicated,,Dark - roadway not lighted,Dry,Clear,None apparent,Non-intersection:  Non-junction/no special feature,Paved,,Property Damage Only,0,0,0,0,0,0,5500,1,1,,POINT (-90.646484743103 42.073093452356)
2014786298,2014001768,02/15/2014,02-February,7-Saturday,23:55,2300 Hours,District 6 (East Central),IOWA CITY,JOHNSON,I-80,I-80,Collision with fixed object:  Guardrail - face,On Roadway,Non-collision (single vehicle),Driving too fast for conditions,None Indicated,,Dark - roadway lighted,Other (explain in narrative),Clear,None apparent,Non-intersection:  Non-junction/no special feature,Paved,,Property Damage Only,0,0,0,0,0,0,3000,1,2,,POINT (-91.552468676252 41.685546965372)
2014785995,20140004292,02/15/2014,02-February,7-Saturday,17:35,1700 Hours,District 1 (Central),DES MOINES,POLK,,GUTHRIE AVE & LAY ST,Collision with fixed object:  Traffic sign support,On Roadway,Non-collision (single vehicle),Driving too fast for conditions,None Indicated,,Dark - roadway lighted,Wet,Rain,"Surface condition (e.g., wet, icy)",Intersection:  T-intersection,Paved,,Property Damage Only,0,0,0,0,0,0,1750,1,1,,POINT (-93.572440598398 41.61493890342)
2014785963,20140004245,02/15/2014,02-February,7-Saturday,10:10,1000 Hours,District 1 (Central),DES MOINES,POLK,,GARFIELD AVE & YORK ST,Collision with:  Vehicle in traffic,On Roadway,"Sideswipe, same direction",FTYROW:  From stop sign,None Indicated,,Daylight,Snow,Snow,"Surface condition (e.g., wet, icy)",Intersection:  Four-way intersection,Paved,,Property Damage Only,0,0,0,0,0,0,6000,2,3,,POINT (-93.601922044968 41.602367357804)
2014791204,,02/15/2014,02-February,7-Saturday,12:00,1200 Hours,District 1 (Central),,POLK,I-35,I-35,Collision with:  Vehicle in traffic,Shoulder,"Sideswipe, same direction",Unknown,None Indicated,,Daylight,Snow,Snow,,Non-intersection:  Non-junction/no special feature,Paved,,Property Damage Only,0,0,0,0,0,0,2700,2,3,,POINT (-93.571070146724 41.833294623523)
2014786457,14-001683,02/15/2014,02-February,7-Saturday,17:30,1700 Hours,District 1 (Central),GLADBROOK,TAMA,,EAST ST,Collision with fixed object:  Utility pole/light support,Outside trafficway,Non-collision (single vehicle),Ran off road - right,None Indicated,,Dark - roadway not lighted,Snow,Snow,"Shoulders (none, low, soft, high)",Non-intersection:  Non-junction/no special feature,Paved,,Minor Injury,0,1,0,1,0,0,1000,1,1,,POINT (-92.708783875618 42.187252179875)
2014786977,2014011348,02/15/2014,02-February,7-Saturday,20:40,2000 Hours,District 6 (East Central),IOWA CITY,JOHNSON,I-80,I-80,Collision with fixed object:  Guardrail - face,Median,Non-collision (single vehicle),Swerving/Evasive Action,None Indicated,,Dark - roadway not lighted,Ice/frost,Snow,"Surface condition (e.g., wet, icy)",Non-intersection:  Non-junction/no special feature,Paved,,Property Damage Only,0,0,0,0,0,0,3300,1,2,,POINT (-91.601949124539 41.69380644635)
2014786038,14-0468,02/15/2014,02-February,7-Saturday,10:00,1000 Hours,District 1 (Central),FORT DODGE,WEBSTER,,2ND AVE N & N 14TH ST,Collision with:  Vehicle in traffic,On Roadway,Broadside (front to side),Ran Stop Sign,None Indicated,,Daylight,Snow,Snow,"Surface condition (e.g., wet, icy)",Intersection:  Four-way intersection,Paved,,Minor Injury,0,1,0,1,0,0,7000,2,2,,POINT (-94.179515189118 42.508293456411)
2014787746,14-01364,02/15/2014,02-February,7-Saturday,20:26,2000 Hours,District 5 (Southeast),MOUNT PLEASANT,HENRY,,N HAMLIN ST,Collision with:  Parked motor vehicle,On Roadway,Unknown,Other (explain in narrative):  Other,None Indicated,,Dark - roadway not lighted,Snow,Snow,None apparent,Non-intersection:  Non-junction/no special feature,Paved,,Property Damage Only,0,0,0,0,0,0,2000,2,1,,POINT (-91.546224836202 40.966213141194)
2014786988,,02/15/2014,02-February,7-Saturday,17:17,1700 Hours,District 2 (Northeast),CHARLES CITY,FLOYD,,CLINTON ST,Collision with:  Parked motor vehicle,On Roadway,"Sideswipe, same direction",Improper Backing,None Indicated,,Daylight,Snow,Cloudy,None apparent,Non-intersection:  Non-junction/no special feature,Paved,,Property Damage Only,0,0,0,0,0,0,2000,2,1,,POINT (-92.680951444025 43.059557710566)
2014785984,20140004282,02/15/2014,02-February,7-Saturday,16:57,1600 Hours,District 1 (Central),DES MOINES,POLK,,INGERSOLL AVE & 28TH ST,Collision with:  Vehicle in traffic,On Roadway,Rear-end (front to rear),Driving too fast for conditions,None Indicated,,Dusk,Snow,Cloudy,"Surface condition (e.g., wet, icy)",Intersection:  Four-way intersection,Paved,,Property Damage Only,0,0,0,0,0,0,1500,2,3,,POINT (-93.654482756783 41.585714001672)
2014787745,14-01355,02/15/2014,02-February,7-Saturday,16:16,1600 Hours,District 5 (Southeast),MOUNT PLEASANT,HENRY,,W WASHINGTON ST & E WASHINGTON ST & S MAIN ST,Collision with:  Vehicle in traffic,On Roadway,"Sideswipe, same direction",Other (explain in narrative):  Other,None Indicated,,Daylight,Snow,Snow,None apparent,Intersection:  Four-way intersection,Paved,,Property Damage Only,0,0,0,0,0,0,2500,2,2,,POINT (-91.553359558943 40.965465170522)
2014785878,14-1028,02/15/2014,02-February,7-Saturday,11:30,1100 Hours,District 1 (Central),,POLK,IA 17,IA 17,Collision with:  Vehicle in traffic,On Roadway,"Sideswipe, same direction",Swerving/Evasive Action,None Indicated,,Daylight,Ice/frost,Snow,"Surface condition (e.g., wet, icy)",Non-intersection:  Non-junction/no special feature,Paved,,Possible/Unknown,0,1,0,0,1,0,5000,2,3,,POINT (-93.814611383567 41.774595891515)
2014787107,14-000627,02/15/2014,02-February,7-Saturday,20:00,2000 Hours,District 3 (Northwest),,LYON,US 18,US 18,Non-collision events:  Overturn/rollover,Roadside,Non-collision (single vehicle),Ran off road - right,None Indicated,,Dark - roadway not lighted,Dry,Clear,None apparent,Non-intersection:  Non-junction/no special feature,Paved,,Property Damage Only,0,0,0,0,0,0,3200,1,1,,POINT (-96.498766189596 43.305585382558)
2014796882,C14000497,02/15/2014,02-February,7-Saturday,17:24,1700 Hours,District 6 (East Central),CORALVILLE,JOHNSON,I-80,I-80,Collision with:  Vehicle in traffic,On Roadway,Unknown,Driving too fast for conditions,None Indicated,,Daylight,Ice/frost,Snow,"Surface condition (e.g., wet, icy)",Non-intersection:  Non-junction/no special feature,Paved,,Property Damage Only,0,0,0,0,0,0,2500,2,6,,POINT (-91.570390195572 41.686329757908)
2014796247,14680542,02/15/2014,02-February,7-Saturday,12:46,1200 Hours,District 5 (Southeast),,MONROE,,Co Rd H49/219TH TRL,Collision with:  Vehicle in traffic,On Roadway,"Sideswipe, opposite direction",Crossed centerline (undivided),None Indicated,,Daylight,Snow,Snow,None apparent,Non-intersection:  Non-junction/no special feature,Unpaved,,Property Damage Only,0,0,0,0,0,0,7085,2,2,,POINT (-92.7406640636 40.986528676163)
2014785856,14003239,02/15/2014,02-February,7-Saturday,16:45,1600 Hours,District 6 (East Central),MARION,LINN,IA 100,IA 100/COLLINS RD SE & MUNIER RD,Collision with:  Vehicle in traffic,On Roadway,Rear-end (front to rear),Other (explain in narrative):  Other,None Indicated,,Daylight,Snow,Cloudy,None apparent,Intersection:  T-intersection,Paved,,Possible/Unknown,0,2,0,0,2,0,6000,2,4,,POINT (-91.565812338349 42.020065722792)
2014787659,2014011295,02/15/2014,02-February,7-Saturday,12:30,1200 Hours,District 1 (Central),,JASPER,I-80,I-80,Non-collision events:  Overturn/rollover,On Roadway,Non-collision (single vehicle),Driving too fast for conditions,None Indicated,,Daylight,Ice/frost,Snow,"Surface condition (e.g., wet, icy)",Interchange-related:  On-ramp merge area,Paved,,Minor Injury,0,1,0,1,0,0,3000,1,3,,POINT (-93.25052665384 41.691319298882)
2014786052,14-4620,02/15/2014,02-February,7-Saturday,14:14,1400 Hours,District 3 (Northwest),SIOUX CITY,WOODBURY,,HAMILTON BLVD,Collision with fixed object:  Mailbox,On Roadway,Non-collision (single vehicle),Other (explain in narrative):  No improper action,None Indicated,,Daylight,Dry,Clear,None apparent,Non-intersection:  Non-junction/no special feature,Paved,,Property Damage Only,0,0,0,0,0,0,3650,1,1,,POINT (-96.407495313803 42.543036856006)
2014793721,14-003580,02/15/2014,02-February,7-Saturday,18:54,1800 Hours,District 5 (Southeast),,MAHASKA,IA 163,IA 163/IOWA 163,Collision with fixed object:  Ditch,Shoulder,Non-collision (single vehicle),Ran off road - right,None Indicated,,Dark - roadway not lighted,Wet,Cloudy,None apparent,Non-intersection:  Non-junction/no special feature,Paved,,Property Damage Only,0,0,0,0,0,0,14000,1,1,,POINT (-92.842161254429 41.389646454251)
2014785966,20140004255,02/15/2014,02-February,7-Saturday,11:44,1100 Hours,District 1 (Central),DES MOINES,POLK,US 6,US 6/FREDERICK M HUBBELL AVE,Collision with:  Vehicle in traffic,On Roadway,Broadside (front to side),FTYROW:  Other (explain in narrative),None Indicated,,Daylight,Snow,Snow,None apparent,Non-intersection:  Driveway access (within),Paved,,Possible/Unknown,0,1,0,0,0,1,1700,2,4,,POINT (-93.544103818468 41.629370962113)
2014785924,20140004238,02/15/2014,02-February,7-Saturday,07:23,0700 Hours,District 5 (Southeast),DES MOINES,WARREN,IA 5,IA 5/SW RAMP,Collision with fixed object:  Ditch,Shoulder,Non-collision (single vehicle),Ran off road - straight,None Indicated,,Unknown,Dry,Cloudy,None apparent,"Interchange-related:  Off-ramp, diverge area",Paved,,Property Damage Only,0,0,0,0,0,0,3600,1,1,,POINT (-93.627904963609 41.4972932219)
2014786296,2014001766,02/15/2014,02-February,7-Saturday,22:42,2200 Hours,District 6 (East Central),IOWA CITY,JOHNSON,I-80,I-80,Collision with fixed object:  Concrete traffic barrier (median or right side),On Roadway,Non-collision (single vehicle),Swerving/Evasive Action,None Indicated,,Dark - roadway not lighted,Wet,Rain,"Surface condition (e.g., wet, icy)",Non-intersection:  Non-junction/no special feature,Paved,,Property Damage Only,0,0,0,0,0,0,2000,1,1,,POINT (-91.506899030754 41.686918339039)
2014791271,20140004306,02/15/2014,02-February,7-Saturday,20:04,2000 Hours,District 1 (Central),DES MOINES,POLK,US 6,US 6/DOUGLAS AVE/EUCLID AVE & MLK JR PKWY,Collision with:  Vehicle in traffic,On Roadway,"Sideswipe, opposite direction",Lost Control,None Indicated,,Dark - roadway lighted,Slush,Clear,"Surface condition (e.g., wet, icy)",Intersection:  Four-way intersection,Paved,,Property Damage Only,0,0,0,0,0,0,1500,2,4,,POINT (-93.651414391081 41.627759099912)