Iowa DOT Case Number,Law Enforcement Case Number,Date of Crash,Month of Crash,Day of Week,Time of Crash,Hour,DOT District,City Name,County Name,Route with System,Location Description,First Harmful Event,Location of First Harmful Event,Manner of Crash/Collision,Major Cause,Drug or Alcohol ,Environmental Conditions,Light Conditions,Surface Conditions,Weather Conditions,Roadway Contribution,Roadway Type,Roadway Surface,Work Zone,Crash Severity,Number of Fatalities,Number of Injuries,Number of Major Injuries,Number of Minor Injuries,Number of Possible Injuries,Number of Unknown Injuries,Amount of Property Damage,Number of Vehicles Involved,Total Number of Occupants,Travel Direction,Location
2014792356,14022209,02/15/2014,02-February,7-Saturday,14:58,1400 Hours,District 6 (East Central),,JOHNSON,US 218,US 218/NW LOOP,Collision with fixed object:  Traffic sign support,Roadside,Non-collision (single vehicle),Ran off road - right,None Indicated,,Daylight,Snow,Snow,None apparent,"Interchange-related:  Off-ramp, diverge area",Paved,,Property Damage Only,0,0,0,0,0,0,2000,1,1,,POINT (-91.550437031314 41.612754788222)
2014789402,140695,02/15/2014,02-February,7-Saturday,17:04,1700 Hours,District 1 (Central),IOWA FALLS,HARDIN,,HICKORY ST & COLLEGE AVE,Collision with:  Vehicle in traffic,On Roadway,Broadside (front to side),FTYROW:  From stop sign,None Indicated,,Daylight,Snow,Cloudy,"Surface condition (e.g., wet, icy)",Intersection:  Four-way intersection,Paved,,Property Damage Only,0,0,0,0,0,0,2300,2,3,,POINT (-93.266631809143 42.523230429851)
2014786084,2014011314,02/15/2014,02-February,7-Saturday,17:35,1700 Hours,District 6 (East Central),CORALVILLE,JOHNSON,I-80,I-80,Collision with:  Vehicle in traffic,On Roadway,"Sideswipe, same direction",Lost Control,None Indicated,,Dark - roadway not lighted,Ice/frost,Clear,"Surface condition (e.g., wet, icy)",Non-intersection:  Non-junction/no special feature,Paved,,Possible/Unknown,0,1,0,0,1,0,5100,2,3,,POINT (-91.585161903166 41.689953201692)
2014789511,2014011189,02/15/2014,02-February,7-Saturday,12:00,1200 Hours,District 1 (Central),,POLK,I-35,I-35,Collision with:  Vehicle in traffic,On Roadway,Rear-end (front to rear),Driving too fast for conditions,None Indicated,,Daylight,Snow,Snow,"Surface condition (e.g., wet, icy)",Non-intersection:  Non-junction/no special feature,Paved,,Minor Injury,0,5,0,3,2,0,18000,4,8,,POINT (-93.570382984872 41.792505734169)
2014786832,1400000120,02/15/2014,02-February,7-Saturday,11:40,1100 Hours,District 1 (Central),GILMAN,MARSHALL,,HIGH ST,Collision with:  Vehicle in traffic,On Roadway,Broadside (front to side),FTYROW:  From driveway,None Indicated,,Daylight,Snow,Snow,"Surface condition (e.g., wet, icy)",Non-intersection:  Driveway access (within),Paved,,Property Damage Only,0,0,0,0,0,0,2600,2,2,,POINT (-92.791551999326 41.878397638115)
2014808028,2014011230,02/15/2014,02-February,7-Saturday,14:15,1400 Hours,District 2 (Northeast),EVANSDALE,BLACK HAWK,I-380,I-380,Non-collision events:  Overturn/rollover,Median,Non-collision (single vehicle),Ran off road - left,None Indicated,,Daylight,Snow,Snow,"Surface condition (e.g., wet, icy)",Non-intersection:  Non-junction/no special feature,Paved,,Property Damage Only,0,0,0,0,0,0,13000,1,2,,POINT (-92.286803546924 42.46007268163)
2014785879,14-1030,02/15/2014,02-February,7-Saturday,12:51,1200 Hours,District 1 (Central),GRIMES,POLK,IA 141,IA 141/IOWA 141 & NW TOWNER DR,Non-collision events:  Overturn/rollover,On Roadway,Non-collision (single vehicle),Swerving/Evasive Action,None Indicated,,Daylight,Ice/frost,Snow,None apparent,Non-intersection:  Non-junction/no special feature,Paved,,Property Damage Only,0,0,0,0,0,0,1500,1,2,,POINT (-93.775188932465 41.725204251563)
2014785959,20140004220,02/15/2014,02-February,7-Saturday,00:02,0000 Hours,District 1 (Central),DES MOINES,POLK,,SW 5TH ST & W MLK JR PKWY,Collision with:  Vehicle in traffic,On Roadway,Rear-end (front to rear),"Operating vehicle in an reckless, erratic, careless, negligent manner",Refused,,Dark - roadway lighted,Dry,Cloudy,None apparent,Non-intersection:  Non-junction/no special feature,Paved,,Property Damage Only,0,0,0,0,0,0,16000,2,4,,POINT (-93.621753601659 41.581860404078)
2014787764,201400446,02/15/2014,02-February,7-Saturday,06:36,0600 Hours,District 6 (East Central),,LINN,,Co Rd X20/SPRINGVILLE RD,Collision with:  Vehicle in traffic,Shoulder,"Sideswipe, opposite direction",Crossed centerline (undivided),None Indicated,,Dawn,Dry,Cloudy,None apparent,Non-intersection:  Non-junction/no special feature,Paved,,Minor Injury,0,1,0,1,0,0,7500,2,2,,POINT (-91.443541640015 42.090009080416)
2014785808,14-05228,02/15/2014,02-February,7-Saturday,15:33,1500 Hours,District 5 (Southeast),BURLINGTON,DES MOINES,US 61,US 61 & WEST AVE,Collision with:  Vehicle in traffic,On Roadway,"Sideswipe, opposite direction",Crossed centerline (undivided),None Indicated,,Daylight,Snow,Cloudy,None apparent,Intersection:  Four-way intersection,Paved,,Property Damage Only,0,0,0,0,0,0,3000,2,2,,POINT (-91.141634016804 40.800413628696)
2014786383,2014-10090,02/15/2014,02-February,7-Saturday,11:21,1100 Hours,District 6 (East Central),DAVENPORT,SCOTT,,E 53RD ST,Collision with:  Vehicle in traffic,On Roadway,Rear-end (front to rear),Followed too close,None Indicated,,Daylight,Dry,Clear,None apparent,Non-intersection:  Non-junction/no special feature,Paved,,Property Damage Only,0,0,0,0,0,0,7600,2,2,,POINT (-90.559910691571 41.574655906718)
2014787207,2014011321,02/15/2014,02-February,7-Saturday,17:40,1700 Hours,District 6 (East Central),,CEDAR,I-80,I-80,Collision with:  Vehicle in traffic,On Roadway,"Sideswipe, same direction",Crossed centerline (undivided),None Indicated,,Dark - roadway lighted,Snow,Snow,"Surface condition (e.g., wet, icy)",Interchange-related:  On-ramp,Paved,,Property Damage Only,0,0,0,0,0,0,9700,2,5,,POINT (-91.119933491696 41.645157525888)
2014785988,20140004318,02/15/2014,02-February,7-Saturday,23:48,2300 Hours,District 1 (Central),DES MOINES,POLK,,2ND AVE & VINE ST,Collision with:  Vehicle in traffic,On Roadway,Broadside (front to side),Driving too fast for conditions,None Indicated,,Dark - roadway lighted,Snow,Cloudy,"Surface condition (e.g., wet, icy)",Intersection:  Other intersection (explain in narrative),Paved,,Property Damage Only,0,0,0,0,0,0,2500,2,4,,POINT (-93.618717369481 41.584254699573)
2014786974,2014011270,02/15/2014,02-February,7-Saturday,15:30,1500 Hours,District 6 (East Central),CORALVILLE,JOHNSON,I-80,I-80,Collision with:  Vehicle in traffic,On Roadway,Rear-end (front to rear),Swerving/Evasive Action,None Indicated,,Daylight,Snow,Snow,"Surface condition (e.g., wet, icy)",Non-intersection:  Non-junction/no special feature,Paved,,Property Damage Only,0,0,0,0,0,0,7500,3,5,,POINT (-91.601949124539 41.69380644635)
2014786488,2014011268,02/15/2014,02-February,7-Saturday,12:30,1200 Hours,District 1 (Central),,POLK,I-35,I-35,Collision with fixed object:  Guardrail - face,Shoulder,Non-collision (single vehicle),Driving too fast for conditions,None Indicated,,Daylight,Snow,"Blowing sand, soil, dirt","Surface condition (e.g., wet, icy)",Non-intersection:  Non-junction/no special feature,Paved,,Property Damage Only,0,0,0,0,0,0,2001,1,1,,POINT (-93.571080808716 41.843976720255)
2014785993,20140004283,02/15/2014,02-February,7-Saturday,17:05,1700 Hours,District 1 (Central),DES MOINES,POLK,US 6,US 6/E EUCLID AVE & E 29TH ST,Collision with:  Vehicle in traffic,On Roadway,Head-on (front to front),Crossed centerline (undivided),None Indicated,,Daylight,Slush,Clear,None apparent,Intersection:  Four-way intersection,Paved,,Property Damage Only,0,0,0,0,0,0,2707,2,2,,POINT (-93.561172590715 41.627676613719)
2014786297,2014001767,02/15/2014,02-February,7-Saturday,22:32,2200 Hours,District 6 (East Central),IOWA CITY,JOHNSON,I-80,I-80,Collision with fixed object:  Concrete traffic barrier (median or right side),On Roadway,Non-collision (single vehicle),Driving too fast for conditions,None Indicated,,Dark - roadway not lighted,Snow,Cloudy,None apparent,Non-intersection:  Non-junction/no special feature,Paved,,Property Damage Only,0,0,0,0,0,0,6000,1,2,,POINT (-91.507031162152 41.686920055064)
2014785990,20140004323,02/15/2014,02-February,7-Saturday,23:45,2300 Hours,District 1 (Central),DES MOINES,POLK,US 6,US 6/E EUCLID AVE & US 69/E 14TH ST,Collision with:  Vehicle in traffic,On Roadway,Broadside (front to side),Crossed centerline (undivided),None Indicated,,Dark - roadway lighted,Slush,Clear,"Surface condition (e.g., wet, icy)",Intersection:  Four-way intersection,Paved,,Property Damage Only,0,0,0,0,0,0,5370,3,4,,POINT (-93.600513057949 41.627712019178)
2014787497,S14-000443,02/15/2014,02-February,7-Saturday,01:23,0100 Hours,District 4 (Southwest),,POTTAWATTAMIE,US 6,US 6 & Co Rd G60/MCPHERSON AVE & 260TH ST,Collision with:  Animal,,,Animal,None Indicated,,,,,,,Paved,,Property Damage Only,0,0,0,0,0,0,2000,1,1,,POINT (-95.689116240919 41.289550788176)
2014786484,2014011263,02/15/2014,02-February,7-Saturday,11:50,1100 Hours,District 1 (Central),,POLK,I-35,I-35,Collision with fixed object:  Guardrail - face,Shoulder,Non-collision (single vehicle),Driving too fast for conditions,None Indicated,,Daylight,Snow,"Blowing sand, soil, dirt","Surface condition (e.g., wet, icy)",Non-intersection:  Non-junction/no special feature,Paved,,Property Damage Only,0,0,0,0,0,0,1600,1,2,,POINT (-93.571070605628 41.844183928337)
2014793200,S2014000312,02/15/2014,02-February,7-Saturday,18:15,1800 Hours,District 3 (Northwest),,PALO ALTO,,Co Rd B14/280 ST,Non-collision events:  Overturn/rollover,On Roadway,Non-collision (single vehicle),Ran off road - right,None Indicated,,Dark - roadway not lighted,Ice/frost,"Blowing sand, soil, dirt","Surface condition (e.g., wet, icy)",Non-intersection:  Non-junction/no special feature,Paved,,Property Damage Only,0,0,0,0,0,0,3000,1,3,,POINT (-94.620359074006 43.241255941987)
2014785996,20140004296,02/15/2014,02-February,7-Saturday,17:39,1700 Hours,District 1 (Central),DES MOINES,POLK,,SW 3RD ST & MARKET ST,Collision with:  Vehicle in traffic,On Roadway,"Sideswipe, same direction",Separation of units,None Indicated,,Dark - roadway lighted,Snow,Clear,None apparent,Non-intersection:  Non-junction/no special feature,Paved,,Property Damage Only,0,0,0,0,0,0,7500,3,777,,POINT (-93.619520974554 41.582980348809)
2014785848,201402266,02/15/2014,02-February,7-Saturday,15:15,1500 Hours,District 6 (East Central),CEDAR RAPIDS,LINN,,BLAIRS FERRY RD & EDGEWOOD RD NE & PROP EDGEWOOD RD,Collision with fixed object:  Utility pole/light support,Outside trafficway,Non-collision (single vehicle),Driving too fast for conditions,None Indicated,,Daylight,Snow,Snow,"Surface condition (e.g., wet, icy)",Intersection:  Four-way intersection,Paved,,Property Damage Only,0,0,0,0,0,0,6000,1,4,,POINT (-91.701308594194 42.034729240399)
2014786311,018-14,02/15/2014,02-February,7-Saturday,11:06,1100 Hours,District 4 (Southwest),,MADISON,IA 92,IA 92/IOWA 92 & 206TH ST,Collision with fixed object:  Ditch,Roadside,Non-collision (single vehicle),Driving too fast for conditions,None Indicated,,Daylight,Snow,Snow,"Surface condition (e.g., wet, icy)",Non-intersection:  Non-junction/no special feature,Paved,,Property Damage Only,0,0,0,0,0,0,3000,1,6,,POINT (-93.928238388504 41.350241861938)
2014786826,14022122,02/15/2014,02-February,7-Saturday,10:25,1000 Hours,District 6 (East Central),IOWA CITY,JOHNSON,,Co Rd F8W/PRAIRIE DU CHIEN RD,Collision with:  Vehicle in traffic,On Roadway,Head-on (front to front),Crossed centerline (undivided),None Indicated,,Daylight,Snow,Cloudy,None apparent,Non-intersection:  Non-junction/no special feature,Paved,,Possible/Unknown,0,1,0,0,1,0,12000,2,2,,POINT (-91.525089909216 41.689576108054)
2014820419,2014-16-AC,02/15/2014,02-February,7-Saturday,22:40,2200 Hours,District 3 (Northwest),WAHPETON,DICKINSON,IA 86,IA 86/IOWA 86 & 180TH ST,Collision with fixed object:  Ditch,On Roadway,Non-collision (single vehicle),Ran off road - right,None Indicated,,Dark - roadway not lighted,Dry,Clear,None apparent,Non-intersection:  Non-junction/no special feature,Paved,,Minor Injury,0,1,0,1,0,0,6501,1,4,,POINT (-95.185199212663 43.385820487386)
2014786368,S79140055,02/15/2014,02-February,7-Saturday,15:00,1500 Hours,District 1 (Central),,POWESHIEK,I-80,I-80,Collision with fixed object:  Guardrail - face,Outside trafficway,Non-collision (single vehicle),Driving too fast for conditions,None Indicated,,Daylight,Ice/frost,Snow,"Surface condition (e.g., wet, icy)",Non-intersection:  Non-junction/no special feature,Paved,,Property Damage Only,0,0,0,0,0,0,4700,1,1,,POINT (-92.501913964218 41.694620260701)
2014785877,14-1027,02/15/2014,02-February,7-Saturday,10:38,1000 Hours,District 1 (Central),ALTOONA,POLK,,Co Rd F48/NE 46TH AVE,Collision with:  Vehicle in traffic,On Roadway,"Sideswipe, opposite direction",Crossed centerline (undivided),Refused,,Daylight,Snow,Snow,None apparent,Non-intersection:  Non-junction/no special feature,Paved,,Property Damage Only,0,0,0,0,0,0,6900,2,2,,POINT (-93.444177390349 41.644139980334)
2014788738,14-01350,02/15/2014,02-February,7-Saturday,12:00,1200 Hours,District 5 (Southeast),MOUNT PLEASANT,HENRY,,E MAPLE LEAF DR & N CHERRY ST,Collision with:  Vehicle in traffic,On Roadway,Broadside (front to side),Ran Stop Sign,None Indicated,,Daylight,Snow,Cloudy,None apparent,Intersection:  Four-way intersection,Paved,,Property Damage Only,0,0,0,0,0,0,5500,2,3,,POINT (-91.540609935271 40.974024076373)
2014786491,201401128320,02/15/2014,02-February,7-Saturday,11:50,1100 Hours,District 1 (Central),,POLK,I-35,I-35,Collision with fixed object:  Guardrail - face,Shoulder,Non-collision (single vehicle),Driving too fast for conditions,None Indicated,,Daylight,Snow,"Blowing sand, soil, dirt","Surface condition (e.g., wet, icy)",Non-intersection:  Non-junction/no special feature,Paved,,Minor Injury,0,1,0,1,0,0,2201,1,3,,POINT (-93.571070605628 41.844183928337)
2014787344,14-2130,02/15/2014,02-February,7-Saturday,19:41,1900 Hours,District 6 (East Central),,JACKSON,US 52,US 52/JACKSON HWY,Collision with fixed object:  Guardrail - face,On Roadway,Non-collision (single vehicle),Ran off road - right,None Indicated,,Dark - roadway lighted,Ice/frost,Clear,"Surface condition (e.g., wet, icy)",Non-intersection:  Non-junction/no special feature,Paved,,Property Damage Only,0,0,0,0,0,0,4826,1,2,,POINT (-90.168103161311 42.104127044023)
2014786481,2014011214,02/15/2014,02-February,7-Saturday,12:15,1200 Hours,District 1 (Central),,POLK,I-35,I-35,Collision with:  Vehicle in traffic,On Roadway,Rear-end (front to rear),Followed too close,None Indicated,,Daylight,Ice/frost,Snow,"Surface condition (e.g., wet, icy)",Non-intersection:  Non-junction/no special feature,Paved,,Possible/Unknown,0,1,0,0,0,1,3800,2,6,,POINT (-93.570887896295 41.824982173303)
2014789512,2014011207,02/15/2014,02-February,7-Saturday,12:00,1200 Hours,District 1 (Central),,POLK,I-35,I-35,Collision with fixed object:  Guardrail - face,Median,Non-collision (single vehicle),Swerving/Evasive Action,None Indicated,,Daylight,Snow,Snow,"Surface condition (e.g., wet, icy)",Non-intersection:  Non-junction/no special feature,Paved,,Property Damage Only,0,0,0,0,0,0,3000,1,2,,POINT (-93.570382984872 41.792505734169)
2014787029,W14-015555,02/15/2014,02-February,7-Saturday,15:10,1500 Hours,District 2 (Northeast),WATERLOO,BLACK HAWK,,BEECH ST,Collision with:  Vehicle in traffic,On Roadway,Rear-end (front to rear),Unknown,None Indicated,,Daylight,Snow,Snow,None apparent,Non-intersection:  Non-junction/no special feature,Paved,,Property Damage Only,0,0,0,0,0,0,2000,2,2,,POINT (-92.320103332937 42.506285934256)
2014786721,14C00664,02/15/2014,02-February,7-Saturday,10:45,1000 Hours,District 4 (Southwest),,UNION,US 34,US 34,Collision with:  Vehicle in traffic,On Roadway,Broadside (front to side),Made improper turn,None Indicated,,Daylight,Wet,Snow,None apparent,Non-intersection:  Non-junction/no special feature,Paved,,Property Damage Only,0,0,0,0,0,0,9000,2,3,,POINT (-94.386152212954 41.041478113329)
2014786385,2014-10120,02/15/2014,02-February,7-Saturday,16:11,1600 Hours,District 6 (East Central),DAVENPORT,SCOTT,,IA 461/BRADY ST & E 38TH ST,Collision with:  Vehicle in traffic,On Roadway,Rear-end (front to rear),Made improper turn,None Indicated,,Daylight,Wet,Snow,None apparent,Non-intersection:  Non-junction/no special feature,Paved,,Property Damage Only,0,0,0,0,0,0,4000,2,3,,POINT (-90.568473866117 41.558364777785)
2014787169,201400007768,02/15/2014,02-February,7-Saturday,15:10,1500 Hours,District 5 (Southeast),OTTUMWA,WAPELLO,,W MARY ST & MINNESOTA ST,Collision with:  Vehicle in traffic,On Roadway,Rear-end (front to rear),Driving too fast for conditions,None Indicated,,Daylight,Snow,Clear,"Surface condition (e.g., wet, icy)",Non-intersection:  Non-junction/no special feature,Paved,,Property Damage Only,0,0,0,0,0,0,2500,2,2,,POINT (-92.432493964563 40.994783025241)
2014786260,SO1400522,02/15/2014,02-February,7-Saturday,13:19,1300 Hours,District 5 (Southeast),,JEFFERSON,US 34,US 34,Collision with fixed object:  Ditch,Roadside,Non-collision (single vehicle),Ran off road - right,None Indicated,,Daylight,Snow,Snow,"Surface condition (e.g., wet, icy)",Non-intersection:  Non-junction/no special feature,Paved,,Minor Injury,0,1,0,1,0,0,3000,1,1,,POINT (-91.83483773367 41.001947529732)
2014788204,2014011236,02/15/2014,02-February,7-Saturday,14:28,1400 Hours,District 1 (Central),,JASPER,I-80,I-80,Collision with:  Vehicle in traffic,On Roadway,Rear-end (front to rear),Driving too fast for conditions,None Indicated,,Daylight,Ice/frost,Snow,"Surface condition (e.g., wet, icy)",Non-intersection:  Non-junction/no special feature,Paved,,Possible/Unknown,0,1,0,0,1,0,43500,5,9,,POINT (-93.248305329157 41.691783484699)
2014786483,2014011238,02/15/2014,02-February,7-Saturday,14:30,1400 Hours,District 1 (Central),ANKENY,POLK,I-35,I-35,Collision with fixed object:  Guardrail - face,On Roadway,Non-collision (single vehicle),Ran off road - left,None Indicated,,Daylight,Snow,Clear,"Surface condition (e.g., wet, icy)",Interchange-related:  On-ramp,Paved,,Property Damage Only,0,0,0,0,0,0,2000,1,1,,POINT (-93.572808636261 41.655163173155)
2014786449,14-000754,02/15/2014,02-February,7-Saturday,20:39,2000 Hours,District 1 (Central),AMES,STORY,US 69,US 69/S DUFF AVE,Collision with:  Vehicle in traffic,On Roadway,Broadside (front to side),FTYROW:  From driveway,None Indicated,,Dark - roadway lighted,Slush,Clear,None apparent,Non-intersection:  Driveway access (within),Paved,,Property Damage Only,0,0,0,0,0,0,2000,2,6,,POINT (-93.610265102108 42.012390109474)
2014785818,PD1401366,02/15/2014,02-February,7-Saturday,10:01,1000 Hours,District 5 (Southeast),FAIRFIELD,JEFFERSON,,W WASHINGTON AVE & S 3RD ST,Collision with:  Vehicle in traffic,On Roadway,Broadside (front to side),Ran Stop Sign,None Indicated,,Daylight,Snow,Cloudy,"Surface condition (e.g., wet, icy)",Intersection:  Four-way intersection,Paved,,Property Damage Only,0,0,0,0,0,0,4500,2,3,,POINT (-91.96633556923 41.005652016423)
2014786972,2014011200,02/15/2014,02-February,7-Saturday,11:45,1100 Hours,District 1 (Central),ALTOONA,POLK,I-80,I-80,Collision with:  Vehicle in traffic,On Roadway,Rear-end (front to rear),Driving too fast for conditions,None Indicated,,Daylight,Ice/frost,Snow,"Surface condition (e.g., wet, icy)",Non-intersection:  Non-junction/no special feature,Paved,Yes,Property Damage Only,0,0,0,0,0,0,12000,2,2,,POINT (-93.478718338952 41.662781278723)
2014787010,,02/15/2014,02-February,7-Saturday,16:56,1600 Hours,District 3 (Northwest),,POCAHONTAS,IA 15,IA 15/290TH AVE,Collision with:  Vehicle in traffic,On Roadway,"Sideswipe, same direction",Crossed centerline (undivided),None Indicated,,Daylight,Dry,Clear,None apparent,Non-intersection:  Driveway access (within),Paved,,Property Damage Only,0,0,0,0,0,0,9000,2,4,,POINT (-94.541691220626 42.785077790593)
2014786122,18-14,02/15/2014,02-February,7-Saturday,06:21,0600 Hours,District 3 (Northwest),ROCK VALLEY,SIOUX,US 18,US 18/310TH ST,Collision with fixed object:  Guardrail - face,Shoulder,Non-collision (single vehicle),Ran off road - left,None Indicated,,Dark - roadway not lighted,Ice/frost,Snow,"Surface condition (e.g., wet, icy)",Non-intersection:  Other non-intersection (explain in narrative),Paved,,Possible/Unknown,0,1,0,0,1,0,6000,1,1,,POINT (-96.276440133744 43.200170628226)
2014785889,14-000743,02/15/2014,02-February,7-Saturday,15:33,1500 Hours,District 1 (Central),ANKENY,POLK,,NE CRESTMOOR PL,Collision with:  Vehicle in traffic,On Roadway,Broadside (front to side),Ran Stop Sign,None Indicated,,Daylight,Snow,Clear,"Surface condition (e.g., wet, icy)",Intersection:  Four-way intersection,Paved,,Property Damage Only,0,0,0,0,0,0,5000,2,3,,POINT (-93.595257353729 41.738788002302)
2014794518,14000888,02/15/2014,02-February,7-Saturday,21:36,2100 Hours,District 2 (Northeast),,CERRO GORDO,I-35,I-35 & Co Rd B55/170TH ST,Collision with fixed object:  Bridge pier or support,Median,Non-collision (single vehicle),Driving too fast for conditions,Drug,,Dark - roadway not lighted,Ice/frost,Clear,"Surface condition (e.g., wet, icy)",Non-intersection:  Other non-intersection (explain in narrative),Paved,,Minor Injury,0,2,0,2,0,0,10000,1,2,,POINT (-93.340777034374 43.009292056663)
2014785920,20140004278,02/15/2014,02-February,7-Saturday,16:18,1600 Hours,District 1 (Central),DES MOINES,POLK,IA 28,IA 28/63RD ST & PLEASANT DR,Collision with:  Vehicle in traffic,On Roadway,Broadside (front to side),Lost Control,None Indicated,,Daylight,Ice/frost,Clear,"Surface condition (e.g., wet, icy)",Intersection:  T-intersection,Paved,,Property Damage Only,0,0,0,0,0,0,6000,2,3,,POINT (-93.703480307424 41.591360405937)
2014785935,20140004290,02/15/2014,02-February,7-Saturday,17:29,1700 Hours,District 1 (Central),DES MOINES,POLK,,WOODLAND AVE & MLK JR PKWY,Collision with:  Vehicle in traffic,On Roadway,Rear-end (front to rear),Driving too fast for conditions,None Indicated,,Dusk,Wet,Cloudy,None apparent,Non-intersection:  Non-junction/no special feature,Paved,,Property Damage Only,0,0,0,0,0,0,2000,2,4,,POINT (-93.644728316615 41.588047950173)
2014786011,14-0115,02/15/2014,02-February,7-Saturday,13:11,1300 Hours,District 1 (Central),WINDSOR HEIGHTS,POLK,I-235,I-235,Collision with fixed object:  Curb/island/raised median,On Roadway,Non-collision (single vehicle),Ran off road - right,None Indicated,,Daylight,Snow,Clear,"Surface condition (e.g., wet, icy)",Non-intersection:  Non-junction/no special feature,Paved,,Property Damage Only,0,0,0,0,0,0,4000,1,2,,POINT (-93.711240446541 41.59330325774)
2014787581,14-000743,02/15/2014,02-February,7-Saturday,13:24,1300 Hours,District 1 (Central),AMES,STORY,,LINCOLN WAY,Collision with fixed object:  Traffic sign support,Median,Non-collision (single vehicle),Other (explain in narrative):  Other,None Indicated,,Daylight,Snow,Cloudy,"Surface condition (e.g., wet, icy)",Non-intersection:  Crossover-related,Paved,,Property Damage Only,0,0,0,0,0,0,2100,1,2,,POINT (-93.666640824726 42.02283039267)
2014789265,14-000205,02/15/2014,02-February,7-Saturday,15:45,1500 Hours,District 1 (Central),,STORY,US 30,US 30,,On Roadway,Non-collision (single vehicle),Crossed centerline (undivided),None Indicated,,Daylight,Snow,Clear,"Surface condition (e.g., wet, icy)",Non-intersection:  Non-junction/no special feature,Paved,,Possible/Unknown,0,1,0,0,1,0,5000,1,2,,POINT (-93.513560306517 42.008864572307)
2014787203,2014011201,02/15/2014,02-February,7-Saturday,12:00,1200 Hours,District 1 (Central),ALTOONA,POLK,I-80,I-80,Collision with:  Vehicle in traffic,On Roadway,Rear-end (front to rear),Driving too fast for conditions,None Indicated,,Daylight,Ice/frost,Snow,"Surface condition (e.g., wet, icy)",Non-intersection:  Non-junction/no special feature,Paved,Yes,Property Damage Only,0,0,0,0,0,0,21000,3,4,,POINT (-93.479293535439 41.662598738366)
2014785898,14-000737,02/15/2014,02-February,7-Saturday,12:43,1200 Hours,District 1 (Central),ANKENY,POLK,IA 160,IA 160/SW ORALABOR RD & SW HIGHPOINT DR & DMACC BLVD,Collision with:  Vehicle in traffic,On Roadway,"Sideswipe, same direction",Driving too fast for conditions,None Indicated,,Daylight,Snow,Snow,"Surface condition (e.g., wet, icy)",Intersection:  Four-way intersection,Paved,,Property Damage Only,0,0,0,0,0,0,5100,2,3,,POINT (-93.612534302211 41.702939221336)
2014786099,2014011243,02/15/2014,02-February,7-Saturday,13:00,1300 Hours,District 1 (Central),,JASPER,I-80,I-80,Collision with:  Vehicle in traffic,On Roadway,Rear-end (front to rear),Driving too fast for conditions,None Indicated,,Daylight,Ice/frost,Clear,None apparent,Non-intersection:  Non-junction/no special feature,Paved,,Minor Injury,0,3,0,1,2,0,29000,3,4,,POINT (-93.256866242554 41.689990262258)
2014785892,14-000732,02/15/2014,02-February,7-Saturday,10:55,1000 Hours,District 1 (Central),ANKENY,POLK,,NE 6TH ST & NE GRANT ST,Collision with:  Vehicle in traffic,On Roadway,Broadside (front to side),FTYROW:  From stop sign,None Indicated,,Daylight,Snow,Cloudy,"Surface condition (e.g., wet, icy)",Intersection:  T-intersection,Paved,,Property Damage Only,0,0,0,0,0,0,2000,2,2,,POINT (-93.598517017714 41.736276123409)
2014786752,,02/15/2014,02-February,7-Saturday,18:31,1800 Hours,District 5 (Southeast),LUCAS,LUCAS,US 65,US 65,Collision with:  Animal,On Roadway,Non-collision (single vehicle),Animal,None Indicated,,Dark - roadway not lighted,Dry,Cloudy,None apparent,Non-intersection:  Non-junction/no special feature,Paved,,Property Damage Only,0,0,0,0,0,0,4000,1,2,,POINT (-93.470435666431 41.029126818667)
2014786027,14-006320,02/16/2014,02-February,1-Sunday,14:12,1400 Hours,District 4 (Southwest),COUNCIL BLUFFS,POTTAWATTAMIE,US 6,US 6/KANESVILLE BLVD,Collision with:  Vehicle in traffic,On Roadway,Rear-end (front to rear),Followed too close,None Indicated,,Daylight,Dry,Cloudy,None apparent,Non-intersection:  Non-junction/no special feature,Paved,,Possible/Unknown,0,1,0,0,1,0,9000,2,2,,POINT (-95.854664585182 41.261865933465)
2014787498,S14-000455,02/16/2014,02-February,1-Sunday,00:00,0000 Hours,District 4 (Southwest),,POTTAWATTAMIE,,Co Rd L19/152ND ST,Collision with fixed object:  Ditch,On Roadway,Non-collision (single vehicle),Ran off road - right,None Indicated,,Unknown,Dry,Unknown,Unknown,Non-intersection:  Non-junction/no special feature,Unpaved,,Possible/Unknown,0,1,0,0,0,1,5000,1,1,,POINT (-95.88679223861 41.371345848824)
2014786695,2014-1657,02/16/2014,02-February,1-Sunday,18:39,1800 Hours,District 3 (Northwest),,SAC,US 20,US 20,Collision with:  Animal,,Non-collision (single vehicle),Animal,None Indicated,,,,,,,Paved,,Property Damage Only,0,0,0,0,0,0,2500,1,1,,POINT (-95.017530905191 42.455618175328)