Iowa DOT Case Number,Law Enforcement Case Number,Date of Crash,Month of Crash,Day of Week,Time of Crash,Hour,DOT District,City Name,County Name,Route with System,Location Description,First Harmful Event,Location of First Harmful Event,Manner of Crash/Collision,Major Cause,Drug or Alcohol ,Environmental Conditions,Light Conditions,Surface Conditions,Weather Conditions,Roadway Contribution,Roadway Type,Roadway Surface,Work Zone,Crash Severity,Number of Fatalities,Number of Injuries,Number of Major Injuries,Number of Minor Injuries,Number of Possible Injuries,Number of Unknown Injuries,Amount of Property Damage,Number of Vehicles Involved,Total Number of Occupants,Travel Direction,Location
2014786028,14-006380,02/16/2014,02-February,1-Sunday,22:06,2200 Hours,District 4 (Southwest),COUNCIL BLUFFS,POTTAWATTAMIE,,S 25TH ST,Collision with:  Non-motorist (see non-motorist section - NOT a unit),On Roadway,Non-collision (single vehicle),Improper Backing,None Indicated,,Dark - roadway lighted,Dry,Clear,None apparent,Non-intersection:  Non-junction/no special feature,Paved,,Major Injury,0,1,1,0,0,0,750,1,2,,POINT (-95.881925496038 41.26104212909)
2014786227,01-14-6756,02/16/2014,02-February,1-Sunday,13:40,1300 Hours,District 6 (East Central),DUBUQUE,DUBUQUE,,ASBURY RD & WOODLAWN ST,Collision with:  Vehicle in traffic,On Roadway,Rear-end (front to rear),Lost Control,None Indicated,,Daylight,Dry,Clear,None apparent,Non-intersection:  Non-junction/no special feature,Paved,,Property Damage Only,0,0,0,0,0,0,6000,2,2,,POINT (-90.713781477207 42.509403104234)
2014786554,14002209,02/16/2014,02-February,1-Sunday,17:33,1700 Hours,District 5 (Southeast),MORAVIA,APPANOOSE,IA 5,IA 5/IOWA 5 & Co Rd J18/HWY J18,Collision with:  Vehicle in traffic,On Roadway,"Sideswipe, same direction",Made improper turn,None Indicated,,Dusk,Dry,Cloudy,None apparent,Intersection:  Four-way intersection,Paved,,Property Damage Only,0,0,0,0,0,0,2000,2,2,,POINT (-92.831097928737 40.892406471591)
2014786041,14-0480,02/16/2014,02-February,1-Sunday,18:00,1800 Hours,District 1 (Central),FORT DODGE,WEBSTER,,N 15TH ST,Collision with:  Other non-fixed object (explain in narrative),On Roadway,Non-collision (single vehicle),Equipment failure,None Indicated,,Daylight,Unknown,Unknown,None apparent,Non-intersection:  Non-junction/no special feature,Paved,,Possible/Unknown,0,1,0,0,0,1,2500,2,3,,POINT (-94.177893437808 42.508787439837)
2014788021,1402-013,02/16/2014,02-February,1-Sunday,09:36,0900 Hours,District 3 (Northwest),SIBLEY,OSCEOLA,,5TH ST & 8TH AVE,Collision with:  Vehicle in traffic,On Roadway,Broadside (front to side),FTYROW:  From stop sign,None Indicated,,Daylight,Ice/frost,Cloudy,None apparent,Intersection:  Four-way intersection,Paved,,Possible/Unknown,0,2,0,0,0,2,4500,2,3,,POINT (-95.742744996652 43.40406307556)
2014801005,390214-0344,02/16/2014,02-February,1-Sunday,22:30,2200 Hours,District 4 (Southwest),,GUTHRIE,,OAK AVE & 210TH ST,Collision with fixed object:  Ditch,Roadside,Non-collision (single vehicle),Driving too fast for conditions,None Indicated,,Dark - roadway not lighted,Snow,Snow,None apparent,Intersection:  T-intersection,Unpaved,,Possible/Unknown,0,1,0,0,0,1,5100,1,1,,POINT (-94.478402170705 41.702492007741)
2014786978,2014011446,02/16/2014,02-February,1-Sunday,14:50,1400 Hours,District 1 (Central),KAMRAR,HAMILTON,,Co Rd D41/MECHAELSEN AVE,Collision with fixed object:  Ditch,Roadside,Non-collision (single vehicle),Ran off road - right,None Indicated,,Daylight,Wet,Cloudy,None apparent,Non-intersection:  Non-junction/no special feature,Paved,,Possible/Unknown,0,1,0,0,1,0,15500,1,1,,POINT (-93.733160245807 42.39894960059)
2014786228,01-14-6760,02/16/2014,02-February,1-Sunday,14:27,1400 Hours,District 6 (East Central),DUBUQUE,DUBUQUE,US 61,US 61/NE RAMP CURV,Collision with fixed object:  Guardrail - face,On Roadway,Non-collision (single vehicle),Lost Control,None Indicated,,Daylight,Ice/frost,Clear,"Surface condition (e.g., wet, icy)",Non-intersection:  Other non-intersection (explain in narrative),Paved,,Property Damage Only,0,0,0,0,0,0,2500,1,3,,POINT (-90.649727398118 42.515139768918)
2014786338,20140004391,02/16/2014,02-February,1-Sunday,20:55,2000 Hours,District 1 (Central),DES MOINES,POLK,,SE 5TH ST,Collision with:  Vehicle in traffic,On Roadway,Broadside (front to side),Crossed centerline (undivided),None Indicated,,Dark - unknown roadway lighting,Unknown,Cloudy,None apparent,Intersection:  T-intersection,Paved,,Possible/Unknown,0,1,0,0,0,1,3000,2,2,,POINT (-93.606392520501 41.511964586922)
2014788338,14-001110,02/16/2014,02-February,1-Sunday,11:12,1100 Hours,District 2 (Northeast),OELWEIN,FAYETTE,,CHARLES ST W & CHARLES ST E & FREDERICK AVE S & FREDERICK AVE N,Collision with:  Vehicle in traffic,On Roadway,Broadside (front to side),Unknown,None Indicated,,Daylight,Snow,Clear,None apparent,Non-intersection:  Non-junction/no special feature,Paved,,Property Damage Only,0,0,0,0,0,0,8000,2,4,,POINT (-91.913385432461 42.678481167651)
2014788515,14022772,02/16/2014,02-February,1-Sunday,17:55,1700 Hours,District 6 (East Central),,JOHNSON,,MAIER AVE,Collision with:  Vehicle in traffic,On Roadway,"Sideswipe, opposite direction",Crossed centerline (undivided),None Indicated,,Dusk,Snow,Cloudy,"Surface condition (e.g., wet, icy)",Non-intersection:  Non-junction/no special feature,Unpaved,,Property Damage Only,0,0,0,0,0,0,8000,2,4,,POINT (-91.599775448273 41.608358559848)
2014786387,2014-10204,02/16/2014,02-February,1-Sunday,00:37,0000 Hours,District 6 (East Central),DAVENPORT,SCOTT,,E 53RD ST & LORTON AVE,Collision with:  Vehicle in traffic,On Roadway,Broadside (front to side),FTYROW:  Making right turn on red signal,None Indicated,,Dark - roadway lighted,Slush,Cloudy,None apparent,Intersection:  Four-way intersection,Paved,,Property Damage Only,0,0,0,0,0,0,5000,2,2,,POINT (-90.536061274469 41.574804462247)
2014789269,14-000211,02/16/2014,02-February,1-Sunday,17:20,1700 Hours,District 1 (Central),,STORY,,Co Rd E23/170TH ST,Non-collision events:  Overturn/rollover,On Roadway,Non-collision (single vehicle),Ran off road - left,None Indicated,,Daylight,Snow,Cloudy,"Surface condition (e.g., wet, icy)",Non-intersection:  Non-junction/no special feature,Unpaved,,Property Damage Only,0,0,0,0,0,0,5000,1,2,,POINT (-93.569827982939 42.10529316294)
2014788009,A14012,02/16/2014,02-February,1-Sunday,18:46,1800 Hours,District 5 (Southeast),KNOXVILLE,MARION,,W SOUTH ST & WATER ST,Collision with:  Vehicle in traffic,On Roadway,"Sideswipe, opposite direction",Crossed centerline (undivided),None Indicated,,Dark - roadway lighted,Wet,Clear,Obstruction in roadway,Intersection:  T-intersection,Paved,,Property Damage Only,0,0,0,0,0,0,2400,2,4,,POINT (-93.104206048064 41.315240998681)
2014786637,14-003487,02/16/2014,02-February,1-Sunday,18:37,1800 Hours,District 5 (Southeast),,MARION,IA 14,IA 14/IOWA 14,Collision with:  Animal,,,Animal,None Indicated,,,,,,,Paved,,Property Damage Only,0,0,0,0,0,0,1500,1,1,,POINT (-93.138050716263 41.211984749437)
2014787983,201402328,02/16/2014,02-February,1-Sunday,18:21,1800 Hours,District 6 (East Central),CEDAR RAPIDS,LINN,IA 922,IA 922/1ST AVE E & 10TH ST SE & 10TH ST NE,Collision with:  Vehicle in traffic,On Roadway,"Angle, oncoming left turn",FTYROW:  Making left turn,None Indicated,,Dark - roadway lighted,Dry,Cloudy,None apparent,Intersection:  Four-way intersection,Paved,,Property Damage Only,0,0,0,0,0,0,8000,2,2,,POINT (-91.659841160485 41.983798675724)
2014786251,14-002468,02/16/2014,02-February,1-Sunday,13:07,1300 Hours,District 5 (Southeast),SALEM,HENRY,,MAIN ST & OAK ST,Collision with:  Vehicle in traffic,On Roadway,Broadside (front to side),FTYROW:  From stop sign,None Indicated,,Daylight,Wet,Cloudy,None apparent,Intersection:  Four-way intersection,Paved,,Property Damage Only,0,0,0,0,0,0,5800,2,2,,POINT (-91.621353314763 40.853662356249)
2014785804,14-05293,02/16/2014,02-February,1-Sunday,12:55,1200 Hours,District 5 (Southeast),BURLINGTON,DES MOINES,,7TH ST,Collision with:  Vehicle in traffic,On Roadway,"Sideswipe, same direction",Unknown,None Indicated,,Daylight,Wet,Clear,None apparent,Non-intersection:  Non-junction/no special feature,Paved,,Property Damage Only,0,0,0,0,0,0,3500,2,2,,POINT (-91.108391634934 40.806412945566)
2014786745,,02/16/2014,02-February,1-Sunday,02:00,0200 Hours,District 1 (Central),,JASPER,I-80,I-80,Collision with fixed object:  Guardrail - face,On Roadway,Non-collision (single vehicle),Driving too fast for conditions,None Indicated,,Dark - roadway not lighted,Ice/frost,Cloudy,"Surface condition (e.g., wet, icy)",Non-intersection:  Non-junction/no special feature,Paved,,Property Damage Only,0,0,0,0,0,0,13000,1,3,,POINT (-93.195902814347 41.696793647969)
2014787738,14000961,02/16/2014,02-February,1-Sunday,00:30,0000 Hours,District 1 (Central),WEBSTER CITY,HAMILTON,IA 17,IA 17/STAGE COACH RD/220TH ST & Co Rd D20,Collision with fixed object:  Tree,Unknown,Non-collision (single vehicle),Ran off road - right,None Indicated,,Dark - roadway not lighted,Dry,"Blowing sand, soil, dirt",None apparent,Non-intersection:  Non-junction/no special feature,Paved,,Possible/Unknown,0,1,0,0,1,0,6000,1,1,,POINT (-93.904249015925 42.472053254599)
2014785822,AP-14-0047,02/16/2014,02-February,1-Sunday,00:20,0000 Hours,District 6 (East Central),ANAMOSA,JONES,US 151,US 151,Collision with:  Animal,,Non-collision (single vehicle),Animal,None Indicated,,,,,,,Paved,,Property Damage Only,0,0,0,0,0,0,4000,1,1,,POINT (-91.268117169032 42.087504073937)
2014786468,2014011480,02/16/2014,02-February,1-Sunday,18:15,1800 Hours,District 6 (East Central),CEDAR RAPIDS,LINN,US 30,US 30,Collision with:  Animal,,Non-collision (single vehicle),Animal,None Indicated,,,,,,,Paved,,Property Damage Only,0,0,0,0,0,0,4000,1,1,,POINT (-91.595457018508 41.925918995988)
2014785874,14-1041,02/16/2014,02-February,1-Sunday,03:47,0300 Hours,District 1 (Central),ALTOONA,POLK,I-80,I-80,Collision with fixed object:  Guardrail - face,On Roadway,Non-collision (single vehicle),Lost Control,None Indicated,,Dark - roadway not lighted,Ice/frost,Clear,"Surface condition (e.g., wet, icy)",Non-intersection:  Non-junction/no special feature,Paved,,Property Damage Only,0,0,0,0,0,0,4000,1,1,,POINT (-93.455718974068 41.669963403916)
2014792513,14000644,02/16/2014,02-February,1-Sunday,16:51,1600 Hours,District 2 (Northeast),KLEMME,HANCOCK,,E MAIN ST,Collision with:  Vehicle in traffic,On Roadway,"Angle, oncoming left turn",FTYROW:  Making left turn,None Indicated,,Daylight,Ice/frost,Cloudy,None apparent,Non-intersection:  Driveway access (within),Paved,,Property Damage Only,0,0,0,0,0,0,4100,2,4,,POINT (-93.60183313675 43.006902326888)
2014787690,S14-015729,02/16/2014,02-February,1-Sunday,01:09,0100 Hours,District 2 (Northeast),JANESVILLE,BLACK HAWK,US 218,US 218,Non-collision events:  Overturn/rollover,On Roadway,Non-collision (single vehicle),Ran off road - left,None Indicated,,Dark - roadway lighted,Ice/frost,Snow,"Surface condition (e.g., wet, icy)",Non-intersection:  Non-junction/no special feature,Paved,,Property Damage Only,0,0,0,0,0,0,5000,1,2,,POINT (-92.444258214679 42.615609577164)
2014790582,TC1014,02/16/2014,02-February,1-Sunday,02:51,0200 Hours,District 4 (Southwest),MISSOURI VALLEY,HARRISON,,S 6TH ST,Collision with:  Vehicle in traffic,On Roadway,Rear-end (front to rear),Driver Distraction:  Manual operation of an electronic communication device,None Indicated,,Dark - roadway not lighted,Dry,Cloudy,Work Zone (roadway-related),Non-intersection:  Railroad grade crossing,Paved,Yes,Possible/Unknown,0,2,0,0,2,0,20000,2,5,,POINT (-95.887758491728 41.554919649892)
2014786162,W14-015843,02/16/2014,02-February,1-Sunday,11:50,1100 Hours,District 2 (Northeast),WATERLOO,BLACK HAWK,,E DONALD ST & IDAHO ST,Collision with fixed object:  Utility pole/light support,Shoulder,Non-collision (single vehicle),Ran off road - right,None Indicated,,Daylight,Snow,Cloudy,"Surface condition (e.g., wet, icy)",Intersection:  T-intersection,Paved,,Possible/Unknown,0,2,0,0,2,0,3550,1,2,,POINT (-92.307465954816 42.527526980068)
2014786299,2014001774,02/16/2014,02-February,1-Sunday,01:18,0100 Hours,District 6 (East Central),IOWA CITY,JOHNSON,US 6,US 6,Collision with fixed object:  Bridge overhead structure,Shoulder,Non-collision (single vehicle),Ran off road - right,Alcohol (Statutory),,Dark - roadway not lighted,Snow,Clear,"Surface condition (e.g., wet, icy)",Non-intersection:  Non-junction/no special feature,Paved,,Property Damage Only,0,0,0,0,0,0,11000,1,1,,POINT (-91.536530348585 41.646570602745)
2014786026,14-006303,02/16/2014,02-February,1-Sunday,09:50,0900 Hours,District 4 (Southwest),COUNCIL BLUFFS,POTTAWATTAMIE,US 275,US 275/VETERANS MEMORIAL HWY & PIUTE ST & S EXPRESSWAY,Collision with:  Vehicle in traffic,On Roadway,Broadside (front to side),Ran Traffic Signal,None Indicated,,Daylight,Dry,Cloudy,None apparent,Intersection:  Four-way intersection,Paved,,Possible/Unknown,0,1,0,0,1,0,4000,2,3,,POINT (-95.850835409362 41.219666907174)
2014786229,01-14-6797,02/16/2014,02-February,1-Sunday,20:07,2000 Hours,District 6 (East Central),DUBUQUE,DUBUQUE,,ANGELLA ST & W LOCUST ST,Collision with:  Vehicle in traffic,On Roadway,"Sideswipe, same direction",Crossed centerline (undivided),Refused,,Dark - roadway lighted,Dry,Clear,None apparent,Non-intersection:  Non-junction/no special feature,Paved,,Property Damage Only,0,0,0,0,0,0,11000,3,2,,POINT (-90.674636587652 42.508462022689)
2014785770,W14-015760,02/16/2014,02-February,1-Sunday,03:06,0300 Hours,District 2 (Northeast),WATERLOO,BLACK HAWK,US 63,US 63/SERGEANT RD & RANCHERO RD,Collision with:  Vehicle in traffic,On Roadway,Head-on (front to front),Traveling wrong way or on wrong side of road,Alcohol (Statutory),,Dark - roadway not lighted,Snow,Cloudy,None apparent,Non-intersection:  Non-junction/no special feature,Paved,,Major Injury,0,3,2,1,0,0,16000,2,3,,POINT (-92.408637730057 42.454813127809)
2014786301,2014001791,02/16/2014,02-February,1-Sunday,14:00,1400 Hours,District 6 (East Central),IOWA CITY,JOHNSON,US 6,US 6/S RIVERSIDE DR & MYRTLE AVE,Collision with:  Vehicle in traffic,On Roadway,Rear-end (front to rear),Followed too close,None Indicated,,Daylight,Wet,Cloudy,None apparent,Intersection:  T-intersection,Paved,,Property Damage Only,0,0,0,0,0,0,7100,3,6,,POINT (-91.540452745457 41.653672864593)
2014788336,14-01109,02/16/2014,02-February,1-Sunday,10:40,1000 Hours,District 2 (Northeast),OELWEIN,FAYETTE,,FREDERICK AVE S,Collision with:  Vehicle in traffic,On Roadway,Broadside (front to side),FTYROW:  From driveway,None Indicated,,Daylight,Snow,Clear,None apparent,Non-intersection:  Driveway access (within),Paved,,Minor Injury,0,1,0,1,0,0,6500,2,3,,POINT (-91.913100088518 42.646526988184)
2014786313,14003613,02/16/2014,02-February,1-Sunday,02:00,0200 Hours,District 5 (Southeast),OSKALOOSA,MAHASKA,,6TH AVE E,Collision with:  Parked motor vehicle,On Roadway,Rear-end (front to rear),Unknown,None Indicated,,Dark - roadway lighted,Snow,Cloudy,Unknown,Non-intersection:  Non-junction/no special feature,Paved,,Property Damage Only,0,0,0,0,0,0,6000,2,1,,POINT (-92.63975515084 41.289971175389)
2014790724,,02/16/2014,02-February,1-Sunday,05:30,0500 Hours,District 2 (Northeast),CEDAR FALLS,BLACK HAWK,,UNIVERSITY OF NORTHERN IA & OHIO ST,Collision with fixed object:  Concrete traffic barrier (median or right side),Roadside,Non-collision (single vehicle),Driving too fast for conditions,None Indicated,,Dark - roadway lighted,Slush,Cloudy,"Surface condition (e.g., wet, icy)",Intersection:  Other intersection (explain in narrative),Paved,,Property Damage Only,0,0,0,0,0,0,3000,1,1,,POINT (-92.461881031547 42.513073257028)
2014787499,S14-000458,02/16/2014,02-February,1-Sunday,20:20,2000 Hours,District 4 (Southwest),,POTTAWATTAMIE,,Co Rd L20/OLD LINCOLN HWY,Collision with fixed object:  Utility pole/light support,On Roadway,Non-collision (single vehicle),Swerving/Evasive Action,None Indicated,,Dark - roadway not lighted,Dry,Cloudy,None apparent,Non-intersection:  Non-junction/no special feature,Paved,,Minor Injury,0,1,0,1,0,0,9250,1,1,,POINT (-95.848225161974 41.325916411004)
2014787192,20140011398,02/16/2014,02-February,1-Sunday,07:20,0700 Hours,District 6 (East Central),,JONES,US 151,US 151/SE LOOP,Collision with fixed object:  Other fixed object (explain in narrative),On Roadway,Non-collision (single vehicle),Ran off road - left,None Indicated,,Daylight,Ice/frost,Cloudy,None apparent,Non-intersection:  Non-junction/no special feature,Paved,,Property Damage Only,0,0,0,0,0,0,5000,1,1,,POINT (-91.334530816003 42.070898408474)
2014786494,2014011391,02/16/2014,02-February,1-Sunday,05:06,0500 Hours,District 4 (Southwest),WEST DES MOINES,DALLAS,I-80,I-80,Collision with fixed object:  Guardrail - face,Median,Non-collision (single vehicle),Ran off road - left,None Indicated,,Dark - roadway not lighted,Dry,Cloudy,None apparent,Non-intersection:  Non-junction/no special feature,Paved,,Property Damage Only,0,0,0,0,0,0,8000,1,1,,POINT (-93.821398666006 41.585732520942)
2014787043,2014-0602,02/16/2014,02-February,1-Sunday,18:44,1800 Hours,District 4 (Southwest),WAUKEE,DALLAS,US 6,US 6/HICKMAN AVE & ALICES RD,Collision with:  Vehicle in traffic,On Roadway,Rear-end (front to rear),Other (explain in narrative):  Other,Refused,,Dark - roadway lighted,Wet,Clear,None apparent,Non-intersection:  Non-junction/no special feature,Paved,,Property Damage Only,0,0,0,0,0,0,1500,2,3,,POINT (-93.852928397525 41.615001433703)
2014786834,1400000122,02/16/2014,02-February,1-Sunday,07:30,0700 Hours,District 1 (Central),GILMAN,MARSHALL,IA 330,IA 330/160TH ST,Collision with fixed object:  Guardrail - face,On Roadway,Non-collision (single vehicle),Crossed centerline (undivided),None Indicated,,Daylight,Ice/frost,Cloudy,"Surface condition (e.g., wet, icy)",Non-intersection:  Other non-intersection (explain in narrative),Paved,,Possible/Unknown,0,1,0,0,1,0,3100,1,1,,POINT (-92.945098985713 42.123068640104)
2014786388,2014-10274,02/16/2014,02-February,1-Sunday,10:27,1000 Hours,District 6 (East Central),DAVENPORT,SCOTT,US 6,US 6/E KIMBERLY RD & JERSEY RIDGE RD,Collision with:  Vehicle in traffic,On Roadway,Rear-end (front to rear),Swerving/Evasive Action,None Indicated,,Daylight,Wet,Cloudy,None apparent,Intersection:  Four-way intersection,Paved,,Property Damage Only,0,0,0,0,0,0,1500,3,4,,POINT (-90.541695492682 41.556858405524)
2014785846,201402320,02/16/2014,02-February,1-Sunday,15:23,1500 Hours,District 6 (East Central),CEDAR RAPIDS,LINN,,E AVE NE & 17TH ST NE,Collision with:  Vehicle in traffic,On Roadway,Broadside (front to side),Ran Stop Sign,None Indicated,,Daylight,Snow,Cloudy,None apparent,Intersection:  Four-way intersection,Paved,,Property Damage Only,0,0,0,0,0,0,4000,2,2,,POINT (-91.652866752257 41.994542747188)
2014786369,S79140056,02/16/2014,02-February,1-Sunday,19:01,1900 Hours,District 1 (Central),,POWESHIEK,US 63,US 63,Collision with:  Animal,,,Animal,None Indicated,,,,,,,Paved,,Property Damage Only,0,0,0,0,0,0,8000,1,1,,POINT (-92.539068051886 41.597416566378)
2014786833,1400000121,02/16/2014,02-February,1-Sunday,03:20,0300 Hours,District 1 (Central),MARSHALLTOWN,MARSHALL,US 30,US 30/240TH ST & Co Rd S52/COOPER AVE,Collision with fixed object:  Ditch,Shoulder,Non-collision (single vehicle),Ran off road - right,None Indicated,,Dark - roadway not lighted,Ice/frost,"Blowing sand, soil, dirt",None apparent,Intersection:  Four-way intersection,Paved,,Property Damage Only,0,0,0,0,0,0,3500,1,1,,POINT (-93.184523526668 42.007532352267)
2014800078,1401106,02/16/2014,02-February,1-Sunday,16:27,1600 Hours,District 5 (Southeast),WASHINGTON,WASHINGTON,,E 7TH ST & N 2ND AVE,Collision with:  Vehicle in traffic,On Roadway,Broadside (front to side),Ran Stop Sign,None Indicated,,Daylight,Wet,Cloudy,None apparent,Intersection:  Four-way intersection,Paved,,Property Damage Only,0,0,0,0,0,0,5000,2,2,,POINT (-91.690391125215 41.30504549628)
2014787729,20140549,02/17/2014,02-February,2-Monday,10:00,1000 Hours,District 1 (Central),,GRUNDY,US 20,US 20,Collision with:  Vehicle in traffic,On Roadway,"Sideswipe, same direction",Unknown,None Indicated,,Daylight,Snow,Snow,None apparent,Non-intersection:  Non-junction/no special feature,Paved,,Property Damage Only,0,0,0,0,0,0,3000,2,2,,POINT (-92.883267756645 42.463591995916)
2014786704,2014-10424,02/17/2014,02-February,2-Monday,09:11,0900 Hours,District 6 (East Central),DAVENPORT,SCOTT,US 6,US 6/W KIMBERLY RD & STURDEVANT ST,Collision with:  Vehicle in traffic,On Roadway,"Sideswipe, same direction",FTYROW:  From stop sign,None Indicated,,Daylight,Snow,Snow,"Surface condition (e.g., wet, icy)",Intersection:  Four-way intersection,Paved,,Minor Injury,0,1,0,1,0,0,6000,2,2,,POINT (-90.597452774253 41.560064042387)
2014787836,14-3249,02/17/2014,02-February,2-Monday,19:20,1900 Hours,District 6 (East Central),,SCOTT,,Co Rd F33/290 ST,Collision with:  Vehicle in traffic,Shoulder,"Sideswipe, same direction",Driving too fast for conditions,None Indicated,,Dark - roadway not lighted,Snow,Snow,"Surface condition (e.g., wet, icy)",Non-intersection:  Driveway access (within),Paved,,Property Damage Only,0,0,0,0,0,0,12000,2,2,,POINT (-90.54576885575 41.72771298338)
2014786158,W14-016110,02/17/2014,02-February,2-Monday,05:13,0500 Hours,District 2 (Northeast),WATERLOO,BLACK HAWK,US 63,US 63,Collision with fixed object:  Other fixed object (explain in narrative),On Roadway,Non-collision (single vehicle),Driving too fast for conditions,None Indicated,,Dark - roadway lighted,Snow,"Blowing sand, soil, dirt","Surface condition (e.g., wet, icy)",Non-intersection:  Other non-intersection (explain in narrative),Paved,,Property Damage Only,0,0,0,0,0,0,5000,1,2,,POINT (-92.348127544783 42.496416275781)
2014786029,14-006398,02/17/2014,02-February,2-Monday,04:45,0400 Hours,District 4 (Southwest),COUNCIL BLUFFS,POTTAWATTAMIE,I-29,I-29,Non-collision events:  Other non-collision (explain in narrative),Shoulder,Non-collision (single vehicle),Ran off road - left,None Indicated,,Dark - roadway lighted,Snow,Snow,None apparent,Non-intersection:  Other non-intersection (explain in narrative),Paved,,Property Damage Only,0,0,0,0,0,0,5000,1,3,,POINT (-95.907270519267 41.259557800919)
2014786355,14-006407,02/17/2014,02-February,2-Monday,07:23,0700 Hours,District 4 (Southwest),COUNCIL BLUFFS,POTTAWATTAMIE,IA 192,IA 192/N 16TH ST & AVE G,Collision with:  Vehicle in traffic,On Roadway,"Angle, oncoming left turn",Unknown,None Indicated,,Dawn,Snow,Snow,None apparent,Intersection:  Four-way intersection,Paved,,Property Damage Only,0,0,0,0,0,0,5000,2,2,,POINT (-95.867466745836 41.268023097373)
2014786307,14003363,02/17/2014,02-February,2-Monday,16:10,1600 Hours,District 6 (East Central),MARION,LINN,,BLAIRS FERRY RD & KNOLLCREST DR,Collision with:  Vehicle in traffic,On Roadway,Rear-end (front to rear),Other (explain in narrative):  Other,None Indicated,,Daylight,Wet,Cloudy,None apparent,Non-intersection:  Non-junction/no special feature,Paved,,Property Damage Only,0,0,0,0,0,0,2000,2,3,,POINT (-91.615450410673 42.03133882542)
2014786349,14-0839,02/17/2014,02-February,2-Monday,21:45,2100 Hours,District 1 (Central),WEST DES MOINES,POLK,,GRAND AVE & 11TH ST,Collision with fixed object:  Utility pole/light support,On Roadway,Non-collision (single vehicle),Swerving/Evasive Action,None Indicated,,Dark - roadway lighted,Ice/frost,Other (explain in narrative),"Surface condition (e.g., wet, icy)",Non-intersection:  Non-junction/no special feature,Paved,,Property Damage Only,0,0,0,0,0,0,5000,1,1,,POINT (-93.717174671584 41.582007353397)
2014786003,14-0824,02/17/2014,02-February,2-Monday,06:35,0600 Hours,District 1 (Central),WEST DES MOINES,POLK,,WESTOWN PKWY,Collision with:  Vehicle in traffic,On Roadway,Head-on (front to front),Crossed centerline (undivided),None Indicated,,Dawn,Ice/frost,"Sleet, hail","Surface condition (e.g., wet, icy)",Non-intersection:  Non-junction/no special feature,Paved,,Property Damage Only,0,0,0,0,0,0,20000,2,2,,POINT (-93.756115702679 41.595430812329)
2014786159,W14-016220,02/17/2014,02-February,2-Monday,12:09,1200 Hours,District 2 (Northeast),WATERLOO,BLACK HAWK,US 63,US 63/W MULLAN AVE & COMMERCIAL ST & W COMMERCIAL ST,,On Roadway,Non-collision (single vehicle),Driving too fast for conditions,None Indicated,,Daylight,Snow,Cloudy,"Surface condition (e.g., wet, icy)",Intersection:  Four-way intersection,Paved,,Property Damage Only,0,0,0,0,0,0,3000,1,2,,POINT (-92.345074259189 42.49862330823)
2014787682,14-016108,02/17/2014,02-February,2-Monday,04:54,0400 Hours,District 2 (Northeast),WATERLOO,BLACK HAWK,,Co Rd D16/E DONALD ST,Collision with:  Vehicle in traffic,On Roadway,"Sideswipe, opposite direction",Crossed centerline (undivided),None Indicated,,Dark - roadway not lighted,Snow,"Sleet, hail","Surface condition (e.g., wet, icy)",Non-intersection:  Non-junction/no special feature,Paved,,Minor Injury,0,2,0,2,0,0,20000,2,3,,POINT (-92.283821635288 42.527444691079)
2014786649,SO14000354,02/17/2014,02-February,2-Monday,03:41,0300 Hours,District 3 (Northwest),MERRILL,PLYMOUTH,US 75,US 75,Collision with:  Vehicle in traffic,On Roadway,"Sideswipe, same direction",Illegally Parked/Unattended,None Indicated,,Dark - roadway not lighted,Ice/frost,Snow,"Surface condition (e.g., wet, icy)",Non-intersection:  Non-junction/no special feature,Paved,,Property Damage Only,0,0,0,0,0,0,3200,2,2,,POINT (-96.237268506912 42.726761330077)
2014789390,B14170839,02/17/2014,02-February,2-Monday,08:39,0800 Hours,District 2 (Northeast),,FRANKLIN,,Co Rd S14/BALSAM AVE,Collision with:  Animal,,,Animal,None Indicated,,,,,,,Paved,,Property Damage Only,0,0,0,0,0,0,1500,1,1,,POINT (-93.478531948412 42.87398275487)
2014786328,14-1066,02/17/2014,02-February,2-Monday,15:55,1500 Hours,District 1 (Central),GRIMES,POLK,IA 44,IA 44/1ST ST,Collision with:  Vehicle in traffic,On Roadway,Rear-end (front to rear),Followed too close,None Indicated,,Daylight,Wet,Clear,None apparent,Non-intersection:  Non-junction/no special feature,Paved,,Property Damage Only,0,0,0,0,0,0,4000,2,2,,POINT (-93.780118418407 41.688422200563)
2014786611,201302365,02/17/2014,02-February,2-Monday,19:20,1900 Hours,District 6 (East Central),CEDAR RAPIDS,LINN,,66TH AVE SW & KIRKWOOD BLVD SW & KIRKWOOD COMM COLL,Collision with:  Vehicle in traffic,On Roadway,"Sideswipe, opposite direction",FTYROW:  Making left turn,None Indicated,,Dark - roadway lighted,Snow,Cloudy,None apparent,Intersection:  Four-way intersection,Paved,,Property Damage Only,0,0,0,0,0,0,5000,2,2,,POINT (-91.656670359195 41.914663895985)