Iowa DOT Case Number,Law Enforcement Case Number,Date of Crash,Month of Crash,Day of Week,Time of Crash,Hour,DOT District,City Name,County Name,Route with System,Location Description,First Harmful Event,Location of First Harmful Event,Manner of Crash/Collision,Major Cause,Drug or Alcohol ,Environmental Conditions,Light Conditions,Surface Conditions,Weather Conditions,Roadway Contribution,Roadway Type,Roadway Surface,Work Zone,Crash Severity,Number of Fatalities,Number of Injuries,Number of Major Injuries,Number of Minor Injuries,Number of Possible Injuries,Number of Unknown Injuries,Amount of Property Damage,Number of Vehicles Involved,Total Number of Occupants,Travel Direction,Location
2014786799,14002489,02/18/2014,02-February,3-Tuesday,18:40,1800 Hours,District 2 (Northeast),MASON CITY,CERRO GORDO,,S MONROE AVE,Collision with:  Non-motorist (see non-motorist section - NOT a unit),On Roadway,Non-collision (single vehicle),Other (explain in narrative):  No improper action,None Indicated,,Dusk,Wet,Cloudy,None apparent,Non-intersection:  Non-junction/no special feature,Paved,,Fatal,1,0,0,0,0,0,1500,1,2,,POINT (-93.209155023614 43.140459454044)
2014786735,14-4920,02/18/2014,02-February,3-Tuesday,15:07,1500 Hours,District 3 (Northwest),SIOUX CITY,WOODBURY,,MYERS AVE & S LAKEPORT ST,Collision with:  Vehicle in traffic,On Roadway,Rear-end (front to rear),Followed too close,None Indicated,,Daylight,Dry,Clear,None apparent,Intersection:  Four-way intersection,Paved,,Possible/Unknown,0,1,0,0,1,0,2000,2,30,,POINT (-96.346384658706 42.461998220362)
2014787051,01-14-7033,02/18/2014,02-February,3-Tuesday,15:36,1500 Hours,District 6 (East Central),DUBUQUE,DUBUQUE,,ST ANNE DR,Collision with:  Parked motor vehicle,On Roadway,"Sideswipe, same direction",Lost Control,None Indicated,,Daylight,Dry,Clear,None apparent,Non-intersection:  Non-junction/no special feature,Paved,,Property Damage Only,0,0,0,0,0,0,4500,2,20,,POINT (-90.720612551416 42.501956831044)
2014786656,14-000786,02/18/2014,02-February,3-Tuesday,08:14,0800 Hours,District 1 (Central),ANKENY,POLK,,SE CHAPARAL DR & SE HAYES DR,Collision with:  Vehicle in traffic,On Roadway,"Angle, oncoming left turn",FTYROW:  Making left turn,None Indicated,,Daylight,Dry,Clear,None apparent,Intersection:  Four-way intersection,Paved,,Property Damage Only,0,0,0,0,0,0,6000,2,2,,POINT (-93.584640309363 41.716414979204)
2014786798,14002483,02/18/2014,02-February,3-Tuesday,16:46,1600 Hours,District 2 (Northeast),MASON CITY,CERRO GORDO,IA 122,IA 122/4TH ST SW & CRESCENT DR,Collision with:  Vehicle in traffic,On Roadway,Broadside (front to side),FTYROW:  Making left turn,None Indicated,,Dusk,Wet,Cloudy,None apparent,Intersection:  T-intersection,Paved,,Major Injury,0,2,1,0,1,0,3000,2,3,,POINT (-93.213596760649 43.148276471318)
2014788126,14-000793,02/18/2014,02-February,3-Tuesday,18:58,1800 Hours,District 1 (Central),AMES,STORY,,STATE AVE,Collision with:  Animal,,,Animal,None Indicated,,,,,,,Paved,,Property Damage Only,0,0,0,0,0,0,1500,1,1,,POINT (-93.658909972417 42.004078292529)
2014788465,EP14-000237,02/18/2014,02-February,3-Tuesday,12:22,1200 Hours,District 2 (Northeast),EAGLE GROVE,WRIGHT,,2ND ST NW,Collision with:  Vehicle in traffic,On Roadway,Rear-end (front to rear),Improper Backing,None Indicated,,Daylight,Wet,Clear,None apparent,Intersection:  Four-way intersection,Paved,,Property Damage Only,0,0,0,0,0,0,2000,2,2,,POINT (-93.904435124641 42.666259133287)
2014788583,BP14000134,02/18/2014,02-February,3-Tuesday,19:55,1900 Hours,District 2 (Northeast),BELMOND,WRIGHT,US 69,US 69/RIVER AVE S,Collision with:  Animal,On Roadway,Non-collision (single vehicle),Animal,None Indicated,,Dark - roadway not lighted,Dry,Cloudy,None apparent,Non-intersection:  Non-junction/no special feature,Paved,,Property Damage Only,0,0,0,0,0,0,3300,1,1,,POINT (-93.616881439258 42.831797544713)
2014786720,14-001814,02/18/2014,02-February,3-Tuesday,16:28,1600 Hours,District 1 (Central),TOLEDO,TAMA,US 30,US 30/US30 RAMP,Collision with fixed object:  Traffic sign support,Shoulder,Non-collision (single vehicle),Ran off road - left,None Indicated,,Daylight,Ice/frost,Clear,"Shoulders (none, low, soft, high)",Non-intersection:  Other non-intersection (explain in narrative),Paved,,Property Damage Only,0,0,0,0,0,0,2000,1,1,,POINT (-92.613645655487 41.991962361919)
2014786304,01402398,02/18/2014,02-February,3-Tuesday,13:10,1300 Hours,District 6 (East Central),CEDAR RAPIDS,LINN,,4TH AVE SE & 8TH ST SE,Collision with:  Vehicle in traffic,On Roadway,Broadside (front to side),Ran Stop Sign,None Indicated,,Daylight,Wet,Clear,None apparent,Intersection:  Four-way intersection,Paved,,Property Damage Only,0,0,0,0,0,0,1750,2,6,,POINT (-91.659426456176 41.979975104858)
2014787774,14-006970,02/18/2014,02-February,3-Tuesday,07:54,0700 Hours,District 5 (Southeast),MUSCATINE,MUSCATINE,,MULBERRY AVE,Collision with:  Vehicle in traffic,On Roadway,Rear-end (front to rear),Followed too close,None Indicated,,Daylight,Ice/frost,Clear,"Surface condition (e.g., wet, icy)",Non-intersection:  Non-junction/no special feature,Paved,,Minor Injury,0,1,0,1,0,0,25000,3,3,,POINT (-91.086223128324 41.449856717536)
2014786780,W14-016704,02/18/2014,02-February,3-Tuesday,17:29,1700 Hours,District 2 (Northeast),WATERLOO,BLACK HAWK,,E SHAULIS RD,Collision with:  Vehicle in traffic,On Roadway,Rear-end (front to rear),Other (explain in narrative):  Other,None Indicated,,Daylight,Dry,Clear,None apparent,Intersection:  Four-way intersection,Paved,,Possible/Unknown,0,1,0,0,1,0,10000,2,2,,POINT (-92.34688149803 42.443049374372)
2014786844,14-000793,02/18/2014,02-February,3-Tuesday,13:45,1300 Hours,District 1 (Central),ANKENY,POLK,,SE DELAWARE AVE,Collision with:  Vehicle in traffic,On Roadway,Rear-end (front to rear),Followed too close,None Indicated,,Daylight,Dry,Clear,None apparent,Non-intersection:  Non-junction/no special feature,Paved,,Property Damage Only,0,0,0,0,0,0,5000,2,4,,POINT (-93.58114285883 41.719170865214)
2014786836,1400000131,02/18/2014,02-February,3-Tuesday,11:00,1100 Hours,District 1 (Central),,MARSHALL,,Co Rd E29/190TH ST & GERHART AVE,Collision with:  Vehicle in traffic,On Roadway,Broadside (front to side),Ran Stop Sign,None Indicated,,Daylight,Ice/frost,Cloudy,"Surface condition (e.g., wet, icy)",Intersection:  Four-way intersection,Paved,,Property Damage Only,0,0,0,0,0,0,4200,2,3,,POINT (-93.117145920608 42.077277921274)
2014788084,2014-10596,02/18/2014,02-February,3-Tuesday,08:18,0800 Hours,District 6 (East Central),DAVENPORT,SCOTT,,KIRKWOOD BLVD & FARNAM ST,Collision with:  Vehicle in traffic,On Roadway,Broadside (front to side),FTYROW:  From stop sign,None Indicated,,Daylight,Snow,Clear,None apparent,Intersection:  Four-way intersection,Paved,,Property Damage Only,0,0,0,0,0,0,3106,2,4,,POINT (-90.566739536431 41.536199369681)
2014786582,14-05514,02/18/2014,02-February,3-Tuesday,17:22,1700 Hours,District 5 (Southeast),BURLINGTON,DES MOINES,,WASHINGTON ST & CENTRAL AVE,Collision with:  Vehicle in traffic,On Roadway,"Sideswipe, same direction",FTYROW:  Other (explain in narrative),None Indicated,,Dusk,Wet,Cloudy,None apparent,Non-intersection:  Other non-intersection (explain in narrative),Paved,,Property Damage Only,0,0,0,0,0,0,2300,2,6,,POINT (-91.111277402042 40.812504479156)
2014787403,14022018,02/18/2014,02-February,3-Tuesday,21:00,2100 Hours,District 4 (Southwest),CLARINDA,PAGE,,W TARKIO ST & N 22ND ST,Collision with:  Vehicle in traffic,On Roadway,Rear-end (front to rear),Unknown,None Indicated,,Dark - roadway lighted,Dry,Cloudy,None apparent,Non-intersection:  Non-junction/no special feature,Paved,,Property Damage Only,0,0,0,0,0,0,2000,2,1,,POINT (-95.045939974169 40.744084326685)
2014786305,201402384,02/18/2014,02-February,3-Tuesday,09:32,0900 Hours,District 6 (East Central),CEDAR RAPIDS,LINN,IA 922,IA 922/1ST AVE E,Collision with:  Vehicle in traffic,On Roadway,"Sideswipe, same direction",Made improper turn,None Indicated,,Daylight,Wet,Clear,None apparent,Non-intersection:  Non-junction/no special feature,Paved,,Property Damage Only,0,0,0,0,0,0,9000,2,2,,POINT (-91.634938059125 42.009218483985)
2014791687,,02/18/2014,02-February,3-Tuesday,05:32,0500 Hours,District 5 (Southeast),,MUSCATINE,IA 22,IA 22/IOWA 22,Collision with:  Animal,On Roadway,Non-collision (single vehicle),Animal,None Indicated,,Dark - roadway not lighted,Ice/frost,Clear,"Surface condition (e.g., wet, icy)",Non-intersection:  Non-junction/no special feature,Paved,,Property Damage Only,0,0,0,0,0,0,2000,1,1,,POINT (-91.19826820739 41.452270195527)
2014788085,2014-10661,02/18/2014,02-February,3-Tuesday,12:53,1200 Hours,District 6 (East Central),DAVENPORT,SCOTT,,IA 461/BRADY ST & W CENTRAL PARK AVE & E CENTRAL PARK AVE,Collision with:  Vehicle in traffic,On Roadway,Rear-end (front to rear),Other (explain in narrative):  Other,None Indicated,,Daylight,Wet,Clear,None apparent,Intersection:  Four-way intersection,Paved,,Property Damage Only,0,0,0,0,0,0,8000,2,2,,POINT (-90.5722984895 41.545566501839)
2014787958,2014001880,02/18/2014,02-February,3-Tuesday,17:15,1700 Hours,District 6 (East Central),IOWA CITY,JOHNSON,US 6,US 6 & S GILBERT ST,Collision with:  Vehicle in traffic,On Roadway,Broadside (front to side),Ran Traffic Signal,None Indicated,,Dusk,Wet,Cloudy,None apparent,Intersection:  Four-way intersection,Paved,,Property Damage Only,0,0,0,0,0,0,2000,2,6,,POINT (-91.53219599434 41.645488542544)
2014786781,W14-016716,02/18/2014,02-February,3-Tuesday,18:12,1800 Hours,District 2 (Northeast),WATERLOO,BLACK HAWK,,E 6TH ST & LAFAYETTE ST,Collision with:  Vehicle in traffic,On Roadway,"Sideswipe, same direction",Made improper turn,None Indicated,,Dark - roadway not lighted,Wet,Clear,None apparent,Intersection:  Four-way intersection,Paved,,Property Damage Only,0,0,0,0,0,0,3500,2,2,,POINT (-92.332950959281 42.49765280439)
2014787060,02-14-2890,02/18/2014,02-February,3-Tuesday,06:49,0600 Hours,District 6 (East Central),,DUBUQUE,US 20,US 20,Non-collision events:  Overturn/rollover,Median,Non-collision (single vehicle),Ran off road - right,None Indicated,,Daylight,Ice/frost,Cloudy,"Surface condition (e.g., wet, icy)",Non-intersection:  Non-junction/no special feature,Paved,,Property Damage Only,0,0,0,0,0,0,3000,1,1,,POINT (-90.811100053948 42.440098982136)
2014791186,,02/18/2014,02-February,3-Tuesday,18:13,1800 Hours,District 6 (East Central),ROBINS,LINN,I-380,I-380 & Co Rd E34/COUNTY HOME RD,Collision with:  Vehicle in traffic,On Roadway,Rear-end (front to rear),Followed too close,None Indicated,,Dark - roadway lighted,Wet,Clear,None apparent,Non-intersection:  Other non-intersection (explain in narrative),Paved,,Property Damage Only,0,0,0,0,0,0,2100,2,3,,POINT (-91.702554979791 42.092203704557)
2014786168,14-2812,02/18/2014,02-February,3-Tuesday,08:15,0800 Hours,District 2 (Northeast),,BREMER,IA 93,IA 93/IOWA 93,Non-collision events:  Overturn/rollover,Shoulder,Non-collision (single vehicle),Driving too fast for conditions,None Indicated,,Daylight,Ice/frost,Clear,None apparent,Non-intersection:  Non-junction/no special feature,Paved,,Property Damage Only,0,0,0,0,0,0,3000,1,1,,POINT (-92.135356164711 42.847448713884)
2014786765,,02/18/2014,02-February,3-Tuesday,15:04,1500 Hours,District 6 (East Central),MARENGO,IOWA,,WASHINGTON ST & WESTERN AVE,Collision with:  Vehicle in traffic,On Roadway,Broadside (front to side),FTYROW:  From stop sign,None Indicated,,Daylight,Wet,Cloudy,None apparent,Intersection:  Four-way intersection,Paved,,Property Damage Only,0,0,0,0,0,0,6000,2,2,,POINT (-92.0742586806 41.799729948963)
2014787964,2014001835,02/18/2014,02-February,3-Tuesday,21:20,2100 Hours,District 6 (East Central),IOWA CITY,JOHNSON,,N 1ST AVE,Collision with fixed object:  Tree,On Roadway,Non-collision (single vehicle),Lost Control,None Indicated,,Dark - roadway not lighted,Ice/frost,Cloudy,None apparent,Non-intersection:  Non-junction/no special feature,Paved,,Property Damage Only,0,0,0,0,0,0,2000,1,1,,POINT (-91.501129002114 41.670982223197)
2014786351,14-0126,02/18/2014,02-February,3-Tuesday,07:45,0700 Hours,District 1 (Central),WINDSOR HEIGHTS,POLK,,DEL MATRO AVE & 73RD ST,Collision with:  Vehicle in traffic,On Roadway,Broadside (front to side),Driving too fast for conditions,None Indicated,,Daylight,Ice/frost,Clear,None apparent,Intersection:  T-intersection,Paved,,Possible/Unknown,0,1,0,0,1,0,2000,2,12,,POINT (-93.717873502103 41.607187179462)
2014786814,14-05478,02/18/2014,02-February,3-Tuesday,09:41,0900 Hours,District 5 (Southeast),MIDDLETOWN,DES MOINES,,MAIN ST,Collision with:  Vehicle in traffic,On Roadway,"Angle, oncoming left turn",Crossed centerline (undivided),None Indicated,,Daylight,Wet,Clear,None apparent,Non-intersection:  Crossover-related,Paved,,Property Damage Only,0,0,0,0,0,0,6000,2,2,,POINT (-91.253855063482 40.827055866155)
2014788613,,02/18/2014,02-February,3-Tuesday,08:45,0800 Hours,District 6 (East Central),CLINTON,CLINTON,,7TH AVE S,Collision with:  Vehicle in traffic,On Roadway,Rear-end (front to rear),Unknown,None Indicated,,Daylight,Ice/frost,Clear,,Intersection:  Four-way intersection,Paved,,Possible/Unknown,0,1,0,0,1,0,0,2,4,,POINT (-90.213655776997 41.839101382776)
2014786561,W14-016557,02/18/2014,02-February,3-Tuesday,09:19,0900 Hours,District 2 (Northeast),WATERLOO,BLACK HAWK,,MAYNARD AVE & ANSBOROUGH AVE,Collision with:  Railway vehicle/train,On Roadway,Non-collision (single vehicle),Lost Control,None Indicated,,Daylight,Wet,Cloudy,None apparent,Non-intersection:  Railroad grade crossing,Paved,,Possible/Unknown,0,1,0,0,1,0,2500,2,7,,POINT (-92.376731343226 42.506941113606)
2014786562,W14-016606,02/18/2014,02-February,3-Tuesday,12:23,1200 Hours,District 2 (Northeast),WATERLOO,BLACK HAWK,,FALLS AVE & FLETCHER AVE,Collision with:  Vehicle in traffic,On Roadway,"Angle, oncoming left turn",FTYROW:  Making left turn,None Indicated,,Daylight,Wet,Clear,None apparent,Intersection:  Four-way intersection,Paved,,Property Damage Only,0,0,0,0,0,0,3000,2,2,,POINT (-92.367200388023 42.498540481122)
2014786800,14002495,02/18/2014,02-February,3-Tuesday,22:46,2200 Hours,District 2 (Northeast),MASON CITY,CERRO GORDO,,12TH ST NW & N MADISON AVE,Collision with:  Vehicle in traffic,On Roadway,Rear-end (front to rear),Followed too close,None Indicated,,Dark - roadway lighted,Wet,Cloudy,None apparent,Non-intersection:  Non-junction/no special feature,Paved,,Property Damage Only,0,0,0,0,0,0,4000,2,4,,POINT (-93.20779192611 43.16278495358)
2014786672,20140004583,02/18/2014,02-February,3-Tuesday,17:40,1700 Hours,District 1 (Central),DES MOINES,POLK,,MORGAN ST & SW 9TH ST,Collision with:  Vehicle in traffic,On Roadway,Rear-end (front to rear),"Operating vehicle in an reckless, erratic, careless, negligent manner",Alcohol (Statutory),,Dusk,Dry,Cloudy,None apparent,Intersection:  T-intersection,Paved,,Property Damage Only,0,0,0,0,0,0,2000,2,3,,POINT (-93.624604530012 41.575197589037)
2014787309,14-001401,02/18/2014,02-February,3-Tuesday,15:10,1500 Hours,District 6 (East Central),,DELAWARE,IA 38,IA 38/IOWA 38,Collision with fixed object:  Ditch,Roadside,Non-collision (single vehicle),Ran off road - right,None Indicated,,Daylight,Wet,Clear,"Surface condition (e.g., wet, icy)",Non-intersection:  Non-junction/no special feature,Paved,,Property Damage Only,0,0,0,0,0,0,2500,1,1,,POINT (-91.282208710943 42.399517778807)
2014787255,14016735,02/18/2014,02-February,3-Tuesday,19:42,1900 Hours,District 2 (Northeast),CEDAR FALLS,BLACK HAWK,,UNIVERSITY AVE,Collision with:  Vehicle in traffic,On Roadway,Rear-end (front to rear),Followed too close,None Indicated,,Dark - roadway lighted,Wet,Clear,None apparent,Intersection:  Four-way intersection,Paved,,Minor Injury,0,2,0,2,0,0,6600,2,3,,POINT (-92.431266258601 42.513051495667)
2014788249,2014012023,02/18/2014,02-February,3-Tuesday,13:24,1300 Hours,District 5 (Southeast),ALBIA,MONROE,,14TH AVE W,Collision with fixed object:  Ditch,Shoulder,Non-collision (single vehicle),Ran off road - right,None Indicated,,Daylight,Dry,Clear,Ruts/holes/bumps,Non-intersection:  Driveway access (within),Paved,,Property Damage Only,0,0,0,0,0,0,2500,1,1,,POINT (-92.809687515493 41.014777975692)
2014787369,PD1401447,02/18/2014,02-February,3-Tuesday,08:54,0800 Hours,District 5 (Southeast),FAIRFIELD,JEFFERSON,,W LOWE AVE & E LOWE AVE & N MAIN ST,Collision with:  Vehicle in traffic,On Roadway,Broadside (front to side),Ran Stop Sign,None Indicated,,Daylight,Ice/frost,Clear,"Surface condition (e.g., wet, icy)",Intersection:  Four-way intersection,Paved,,Property Damage Only,0,0,0,0,0,0,5200,2,3,,POINT (-91.963763360419 41.011961556855)
2014808053,2014011949,02/18/2014,02-February,3-Tuesday,05:59,0500 Hours,District 2 (Northeast),JANESVILLE,BREMER,US 218,US 218 & N MAPLE ST,Collision with:  Vehicle in traffic,On Roadway,Broadside (front to side),FTYROW:  From stop sign,None Indicated,,Dark - roadway lighted,Ice/frost,Clear,None apparent,Intersection:  Four-way intersection,Paved,,Major Injury,0,1,1,0,0,0,33000,2,2,,POINT (-92.46973386647 42.655283063998)
2014799805,14C00713,02/18/2014,02-February,3-Tuesday,14:36,1400 Hours,District 4 (Southwest),CRESTON,UNION,,NEW YORK AVE,Collision with:  Parked motor vehicle,Outside trafficway,Rear-end (front to rear),Swerving/Evasive Action,None Indicated,,Daylight,Dry,Cloudy,None apparent,Non-intersection:  Non-junction/no special feature,Paved,,Property Damage Only,0,0,0,0,0,0,2800,3,2,,POINT (-94.369639614312 41.052998378734)
2014788562,14-0170,02/18/2014,02-February,3-Tuesday,08:00,0800 Hours,District 1 (Central),PLEASANT HILL,POLK,IA 163,IA 163/E UNIVERSITY AVE & NE 60TH ST,Non-collision events:  Other non-collision (explain in narrative),On Roadway,Non-collision (single vehicle),Other (explain in narrative):  Other,None Indicated,,Daylight,Wet,Cloudy,None apparent,Intersection:  Four-way intersection,Paved,,Property Damage Only,0,0,0,0,0,0,3500,2,3,,POINT (-93.491479215708 41.598596091189)
2014786685,14-0866,02/18/2014,02-February,3-Tuesday,16:59,1600 Hours,District 4 (Southwest),WEST DES MOINES,DALLAS,,WOODLAND AVE,Collision with:  Vehicle in traffic,On Roadway,"Angle, oncoming left turn",FTYROW:  Making left turn,None Indicated,,Dusk,Dry,Clear,None apparent,Non-intersection:  Driveway access (within),Paved,,Possible/Unknown,0,1,0,0,1,0,12000,2,2,,POINT (-93.808356835441 41.584690050372)
2014786708,2014-10652,02/18/2014,02-February,3-Tuesday,12:30,1200 Hours,District 6 (East Central),DAVENPORT,SCOTT,US 6,US 6/W KIMBERLY RD,Collision with:  Vehicle in traffic,On Roadway,Rear-end (front to rear),Lost Control,None Indicated,,Daylight,Wet,Clear,None apparent,Intersection:  Four-way intersection,Paved,,Property Damage Only,0,0,0,0,0,0,3000,2,2,,POINT (-90.600510831607 41.560055882261)
2014786707,2014-10593,02/18/2014,02-February,3-Tuesday,08:08,0800 Hours,District 6 (East Central),DAVENPORT,SCOTT,,W LOCUST ST & MAIN ST,Collision with:  Vehicle in traffic,On Roadway,Broadside (front to side),FTYROW:  Making left turn,None Indicated,,Daylight,Wet,Cloudy,None apparent,Intersection:  Four-way intersection,Paved,,Minor Injury,0,2,0,1,1,0,5000,2,3,,POINT (-90.575543756545 41.538285783952)
2014786734,14-4890,02/18/2014,02-February,3-Tuesday,10:19,1000 Hours,District 3 (Northwest),SIOUX CITY,WOODBURY,,W 7TH ST,Collision with fixed object:  Utility pole/light support,On Roadway,Non-collision (single vehicle),Lost Control,None Indicated,,Daylight,Dry,Clear,None apparent,Non-intersection:  Non-junction/no special feature,Paved,,Possible/Unknown,0,1,0,0,1,0,2700,1,1,,POINT (-96.41496322631 42.501573932798)
2014786797,14002482,02/18/2014,02-February,3-Tuesday,14:00,1400 Hours,District 2 (Northeast),MASON CITY,CERRO GORDO,,N PRESIDENT AVE,Collision with:  Vehicle in traffic,On Roadway,"Sideswipe, same direction",Other (explain in narrative):  Other,None Indicated,,Daylight,Dry,Clear,None apparent,Non-intersection:  Non-junction/no special feature,Paved,,Property Damage Only,0,0,0,0,0,0,2000,2,1,,POINT (-93.20368558791 43.167168683504)
2014787543,2014-10648,02/18/2014,02-February,3-Tuesday,12:01,1200 Hours,District 6 (East Central),DAVENPORT,SCOTT,,ELMORE AVE,Collision with:  Vehicle in traffic,On Roadway,Rear-end (front to rear),Swerving/Evasive Action,None Indicated,,Daylight,Dry,Cloudy,None apparent,Non-intersection:  Driveway access (within),Paved,,Property Damage Only,0,0,0,0,0,0,5000,2,2,,POINT (-90.527994276555 41.571533028447)
2014787087,201400477,02/18/2014,02-February,3-Tuesday,07:55,0700 Hours,District 6 (East Central),CEDAR RAPIDS,LINN,,ELLIS RD NW & EDGEWOOD RD NW,Collision with:  Vehicle in traffic,On Roadway,"Angle, oncoming left turn",Driving too fast for conditions,None Indicated,,Daylight,Slush,Clear,"Surface condition (e.g., wet, icy)",Intersection:  Four-way intersection,Paved,,Property Damage Only,0,0,0,0,0,0,6000,2,2,,POINT (-91.707877392028 42.005064273707)
2014786586,14-05488,02/18/2014,02-February,3-Tuesday,11:12,1100 Hours,District 5 (Southeast),BURLINGTON,DES MOINES,,MAPLE ST & MARSHALL ST,Collision with fixed object:  Other fixed object (explain in narrative),Outside trafficway,Non-collision (single vehicle),Driving too fast for conditions,None Indicated,,Daylight,Slush,Cloudy,None apparent,Intersection:  T-intersection,Paved,,Property Damage Only,0,0,0,0,0,0,2000,1,3,,POINT (-91.116400854219 40.804481226566)
2014787664,2014012071,02/18/2014,02-February,3-Tuesday,18:15,1800 Hours,District 1 (Central),,POLK,,SE CAMP DR & SE 6TH AVE & SE 112TH ST,,On Roadway,Non-collision (single vehicle),Crossed centerline (undivided),None Indicated,,Dusk,Dry,Clear,None apparent,Intersection:  Four-way intersection,Paved,,Property Damage Only,0,0,0,0,0,0,2000,1,2,,POINT (-93.365126404715 41.579899289451)
2014786467,14-4878,02/18/2014,02-February,3-Tuesday,05:38,0500 Hours,District 3 (Northwest),SIOUX CITY,WOODBURY,,FLOYD BLVD,Collision with fixed object:  Utility pole/light support,Roadside,Non-collision (single vehicle),Crossed centerline (undivided),None Indicated,,Dark - roadway lighted,Dry,Cloudy,None apparent,Non-intersection:  Non-junction/no special feature,Paved,,Property Damage Only,0,0,0,0,0,0,4000,1,1,,POINT (-96.366618828876 42.536727723869)
2014786691,14-006623,02/18/2014,02-February,3-Tuesday,14:25,1400 Hours,District 4 (Southwest),COUNCIL BLUFFS,POTTAWATTAMIE,,NEBRASKA AVE & S 35TH ST,Collision with:  Vehicle in traffic,On Roadway,"Angle, oncoming left turn",Made improper turn,None Indicated,,Daylight,Dry,Clear,None apparent,Intersection:  Four-way intersection,Paved,,Minor Injury,0,3,0,2,1,0,10000,2,4,,POINT (-95.901010620955 41.244333039649)
2014786668,20140004566,02/18/2014,02-February,3-Tuesday,14:31,1400 Hours,District 1 (Central),DES MOINES,POLK,US 69,US 69/SE 14TH ST & E WATROUS AVE,Collision with:  Vehicle in traffic,On Roadway,Broadside (front to side),Ran Traffic Signal,None Indicated,,Daylight,Dry,Clear,None apparent,Intersection:  Four-way intersection,Paved,,Property Damage Only,0,0,0,0,0,0,4000,2,5,,POINT (-93.596885852824 41.548070729742)
2014786777,W14-016661,02/18/2014,02-February,3-Tuesday,15:24,1500 Hours,District 2 (Northeast),WATERLOO,BLACK HAWK,,W 9TH ST & JOHNSON ST,Collision with:  Vehicle in traffic,On Roadway,Broadside (front to side),Ran Stop Sign,None Indicated,,Daylight,Wet,Clear,None apparent,Intersection:  Four-way intersection,Paved,,Property Damage Only,0,0,0,0,0,0,3500,2,4,,POINT (-92.342896035967 42.484651788323)
2014800080,1401138,02/18/2014,02-February,3-Tuesday,07:18,0700 Hours,District 5 (Southeast),WASHINGTON,WASHINGTON,,W 5TH ST,Collision with:  Vehicle in traffic,On Roadway,Broadside (front to side),FTYROW:  From driveway,None Indicated,,Daylight,Dry,Cloudy,None apparent,Non-intersection:  Driveway access (within),Paved,,Property Damage Only,0,0,0,0,0,0,3500,2,3,,POINT (-91.710303177199 41.305684688894)
2014786732,14-04926,02/18/2014,02-February,3-Tuesday,16:25,1600 Hours,District 3 (Northwest),SIOUX CITY,WOODBURY,,SINGING HILLS BLVD & S LAKEPORT ST,Collision with:  Vehicle in traffic,On Roadway,Broadside (front to side),Other (explain in narrative):  Other,None Indicated,,Daylight,Dry,Clear,None apparent,Intersection:  Four-way intersection,Paved,,Possible/Unknown,0,1,0,0,1,0,4000,2,2,,POINT (-96.347372864178 42.437422861823)
2014787286,14002473,02/18/2014,02-February,3-Tuesday,15:19,1500 Hours,District 2 (Northeast),MASON CITY,CERRO GORDO,,E STATE ST,Collision with:  Vehicle in traffic,On Roadway,Rear-end (front to rear),Other (explain in narrative):  Other,None Indicated,,Daylight,Wet,Clear,None apparent,Non-intersection:  Non-junction/no special feature,Paved,,Property Damage Only,0,0,0,0,0,0,3500,2,3,,POINT (-93.182713913715 43.151787817263)
2014786706,2014-10547,02/18/2014,02-February,3-Tuesday,00:33,0000 Hours,District 6 (East Central),DAVENPORT,SCOTT,I-80,I-80,Collision with fixed object:  Other fixed object (explain in narrative),Median,Non-collision (single vehicle),Ran off road - left,None Indicated,,Dark - roadway not lighted,Ice/frost,Clear,None apparent,Non-intersection:  Non-junction/no special feature,Paved,,Property Damage Only,0,0,0,0,0,0,6500,1,1,,POINT (-90.638045114892 41.600803857091)
2014787030,W14-016688,02/18/2014,02-February,3-Tuesday,16:55,1600 Hours,District 2 (Northeast),WATERLOO,BLACK HAWK,US 218,US 218/WASHINGTON ST & W 11TH ST,Collision with:  Vehicle in traffic,On Roadway,Broadside (front to side),Ran Traffic Signal,None Indicated,,Daylight,Dry,Clear,None apparent,Intersection:  Four-way intersection,Paved,,Possible/Unknown,0,1,0,0,1,0,4800,3,4,,POINT (-92.334754769702 42.488216166234)
2014786838,14001101,02/18/2014,02-February,3-Tuesday,13:05,1300 Hours,District 3 (Northwest),ONAWA,MONONA,IA 175,IA 175/IOWA AVE,Collision with:  Vehicle in traffic,On Roadway,"Sideswipe, same direction",Followed too close,None Indicated,,Daylight,Dry,Clear,None apparent,Non-intersection:  Non-junction/no special feature,Paved,,Property Damage Only,0,0,0,0,0,0,2500,2,2,,POINT (-96.086055142298 42.026669602579)
2014791688,,02/18/2014,02-February,3-Tuesday,08:15,0800 Hours,District 5 (Southeast),MUSCATINE,MUSCATINE,IA 22,IA 22/IOWA 22,Collision with:  Vehicle in traffic,On Roadway,"Sideswipe, same direction",Swerving/Evasive Action,None Indicated,,Daylight,Ice/frost,Clear,"Surface condition (e.g., wet, icy)",Non-intersection:  Non-junction/no special feature,Paved,,Property Damage Only,0,0,0,0,0,0,17000,2,2,,POINT (-91.020859876991 41.43686130422)
2014786896,2014-3288,02/18/2014,02-February,3-Tuesday,09:09,0900 Hours,District 6 (East Central),,SCOTT,,Co Rd Y40/70 AVE,Non-collision events:  Overturn/rollover,On Roadway,Non-collision (single vehicle),Ran off road - left,None Indicated,,Daylight,Ice/frost,Cloudy,"Surface condition (e.g., wet, icy)",Non-intersection:  Non-junction/no special feature,Paved,,Property Damage Only,0,0,0,0,0,0,2000,1,1,,POINT (-90.765346145794 41.544654643845)