Iowa DOT Case Number,Law Enforcement Case Number,Date of Crash,Month of Crash,Day of Week,Time of Crash,Hour,DOT District,City Name,County Name,Route with System,Location Description,First Harmful Event,Location of First Harmful Event,Manner of Crash/Collision,Major Cause,Drug or Alcohol ,Environmental Conditions,Light Conditions,Surface Conditions,Weather Conditions,Roadway Contribution,Roadway Type,Roadway Surface,Work Zone,Crash Severity,Number of Fatalities,Number of Injuries,Number of Major Injuries,Number of Minor Injuries,Number of Possible Injuries,Number of Unknown Injuries,Amount of Property Damage,Number of Vehicles Involved,Total Number of Occupants,Travel Direction,Location
2014787587,14-000782,02/18/2014,02-February,3-Tuesday,07:38,0700 Hours,District 1 (Central),AMES,STORY,,MORTENSON RD,Collision with:  Vehicle in traffic,On Roadway,Rear-end (front to rear),Other (explain in narrative):  Other,None Indicated,,Daylight,Dry,Clear,None apparent,Non-intersection:  Non-junction/no special feature,Paved,,Minor Injury,0,2,0,1,1,0,6500,2,3,,POINT (-93.683587486641 42.01267037566)
2014787957,2014001871,02/18/2014,02-February,3-Tuesday,15:04,1500 Hours,District 6 (East Central),IOWA CITY,JOHNSON,,N CLINTON ST & E JEFFERSON ST,Collision with:  Vehicle in traffic,On Roadway,Rear-end (front to rear),Other (explain in narrative):  Other,None Indicated,,Daylight,Wet,Clear,None apparent,Intersection:  Four-way intersection,Paved,,Property Damage Only,0,0,0,0,0,0,2000,2,2,,POINT (-91.534584469602 41.662487953279)
2014791633,2014001453,02/18/2014,02-February,3-Tuesday,08:20,0800 Hours,District 1 (Central),MARSHALLTOWN,MARSHALL,,W STATE ST,Collision with:  Parked motor vehicle,On Roadway,Rear-end (front to rear),Lost Control,None Indicated,,Daylight,Ice/frost,Clear,"Surface condition (e.g., wet, icy)",Non-intersection:  Non-junction/no special feature,Paved,,Property Damage Only,0,0,0,0,0,0,5500,2,1,,POINT (-92.918165373269 42.050387905746)
2014786690,14-006610,02/18/2014,02-February,3-Tuesday,12:25,1200 Hours,District 4 (Southwest),COUNCIL BLUFFS,POTTAWATTAMIE,I-29,I-29 & IA 192/S EXPRESSWAY & 30TH AVE,Collision with:  Vehicle in traffic,On Roadway,Rear-end (front to rear),Followed too close,None Indicated,,Daylight,Dry,Cloudy,None apparent,Intersection:  Four-way intersection,Paved,,Property Damage Only,0,0,0,0,0,0,2100,2,3,,POINT (-95.851327205741 41.230705575842)
2014787697,14001422,02/18/2014,02-February,3-Tuesday,16:54,1600 Hours,District 6 (East Central),HAZLETON,BUCHANAN,,SUFFICOOL ST,Collision with:  Vehicle in traffic,On Roadway,Broadside (front to side),FTYROW:  At uncontrolled intersection,None Indicated,,Daylight,Slush,Clear,None apparent,Non-intersection:  Alley,Paved,,Property Damage Only,0,0,0,0,0,0,5500,2,3,,POINT (-91.9020903876 42.615668096012)
2014788739,14-01438,02/18/2014,02-February,3-Tuesday,17:04,1700 Hours,District 5 (Southeast),MOUNT PLEASANT,HENRY,,E WASHINGTON ST & S ADAMS ST,Collision with:  Vehicle in traffic,On Roadway,Head-on (front to front),FTYROW:  From stop sign,None Indicated,,Daylight,Dry,Cloudy,None apparent,Intersection:  T-intersection,Paved,,Property Damage Only,0,0,0,0,0,0,2500,2,2,,POINT (-91.551971915693 40.965339653466)
2014799806,14C00717,02/18/2014,02-February,3-Tuesday,17:33,1700 Hours,District 4 (Southwest),CRESTON,UNION,,S PARK ST & MCKINLEY ST,Collision with:  Vehicle in traffic,On Roadway,Rear-end (front to rear),FTYROW:  From parked position,None Indicated,,Dusk,Dry,Clear,None apparent,Non-intersection:  Other non-intersection (explain in narrative),Paved,,Property Damage Only,0,0,0,0,0,0,1500,2,2,,POINT (-94.379616272394 41.049816706625)
2014787979,2014001852,02/18/2014,02-February,3-Tuesday,09:15,0900 Hours,District 6 (East Central),IOWA CITY,JOHNSON,,LOWER MUSCATINE RD & MALL DR,Collision with:  Vehicle in traffic,On Roadway,"Sideswipe, same direction",Made improper turn,None Indicated,,Daylight,Wet,Cloudy,None apparent,Intersection:  Four-way intersection,Paved,,Property Damage Only,0,0,0,0,0,0,2000,2,3,,POINT (-91.508135478626 41.643269266263)
2014786670,20140004587,02/18/2014,02-February,3-Tuesday,18:15,1800 Hours,District 1 (Central),DES MOINES,POLK,,E VIRGINIA AVE & SE 5TH ST,Non-collision events:  Other non-collision (explain in narrative),On Roadway,Non-collision (single vehicle),Other (explain in narrative):  No improper action,None Indicated,,Dark - roadway lighted,Wet,Clear,"Surface condition (e.g., wet, icy)",Non-intersection:  Non-junction/no special feature,Paved,,Minor Injury,0,2,0,2,0,0,500,1,2,,POINT (-93.606579189047 41.557612789744)
2014786619,201402381,02/18/2014,02-February,3-Tuesday,07:57,0700 Hours,District 6 (East Central),CEDAR RAPIDS,LINN,,EDGEWOOD RD NW,Collision with:  Vehicle in traffic,On Roadway,"Sideswipe, same direction",Lost Control,None Indicated,,Daylight,Ice/frost,Cloudy,"Surface condition (e.g., wet, icy)",Non-intersection:  Non-junction/no special feature,Paved,,Property Damage Only,0,0,0,0,0,0,4800,2,2,,POINT (-91.708679669166 42.00301083414)
2014786341,20140004525,02/18/2014,02-February,3-Tuesday,07:45,0700 Hours,District 1 (Central),DES MOINES,POLK,IA 163,IA 163/E UNIVERSITY AVE & E 15TH ST,Collision with:  Vehicle in traffic,On Roadway,Broadside (front to side),FTYROW:  From stop sign,None Indicated,,Daylight,Dry,Clear,Unknown,Intersection:  Four-way intersection,Paved,,Property Damage Only,0,0,0,0,0,0,2000,2,2,,POINT (-93.597611793465 41.600831592202)
2014786577,1400436,02/18/2014,02-February,3-Tuesday,17:25,1700 Hours,District 3 (Northwest),DENISON,CRAWFORD,,BROADWAY & S MAIN ST & N MAIN ST,Collision with:  Vehicle in traffic,On Roadway,Unknown,FTYROW:  From parked position,None Indicated,,Daylight,Dry,Clear,None apparent,Non-intersection:  Non-junction/no special feature,Paved,,Property Damage Only,0,0,0,0,0,0,4050,2,4,,POINT (-95.35529989025 42.016743547188)
2014788517,14023390,02/18/2014,02-February,3-Tuesday,06:51,0600 Hours,District 6 (East Central),,JOHNSON,,Co Rd W66/DUBUQUE ST,Collision with:  Vehicle in traffic,On Roadway,Head-on (front to front),Crossed centerline (undivided),None Indicated,,Dawn,Ice/frost,Cloudy,"Surface condition (e.g., wet, icy)",Non-intersection:  Non-junction/no special feature,Paved,,Minor Injury,0,2,0,1,1,0,10000,2,2,,POINT (-91.57924733699 41.733734325632)
2014788313,CL14000489,02/18/2014,02-February,3-Tuesday,12:58,1200 Hours,District 6 (East Central),CLINTON,CLINTON,,S 14TH ST,Collision with:  Vehicle in traffic,On Roadway,"Sideswipe, same direction",FTYROW:  Other (explain in narrative),None Indicated,,Daylight,Dry,Clear,None apparent,Non-intersection:  Non-junction/no special feature,Paved,,Property Damage Only,0,0,0,0,0,0,2500,2,2,,POINT (-90.218591265572 41.827198429104)
2014786585,14-05462,02/18/2014,02-February,3-Tuesday,07:54,0700 Hours,District 5 (Southeast),BURLINGTON,DES MOINES,,WEST AVE & NELSON DR,Collision with:  Vehicle in traffic,On Roadway,Rear-end (front to rear),Lost Control,None Indicated,,Daylight,Ice/frost,Cloudy,"Surface condition (e.g., wet, icy)",Non-intersection:  Non-junction/no special feature,Paved,,Possible/Unknown,0,2,0,0,2,0,1100,3,3,,POINT (-91.150759358312 40.800488222481)
2014787052,01-14-7056,02/18/2014,02-February,3-Tuesday,17:08,1700 Hours,District 6 (East Central),DUBUQUE,DUBUQUE,,LORAS BLVD,Collision with:  Parked motor vehicle,On Roadway,Head-on (front to front),Lost Control,None Indicated,,Daylight,Wet,Clear,None apparent,Non-intersection:  Non-junction/no special feature,Paved,,Property Damage Only,0,0,0,0,0,0,4000,2,1,,POINT (-90.684459846766 42.501510879715)
2014786566,14-043,02/18/2014,02-February,3-Tuesday,15:06,1500 Hours,District 2 (Northeast),WAVERLY,BREMER,,9TH AVE NW,Collision with:  Parked motor vehicle,On Roadway,"Sideswipe, same direction",Other (explain in narrative):  Other,None Indicated,,Daylight,Wet,Clear,None apparent,Non-intersection:  Non-junction/no special feature,Paved,,Property Damage Only,0,0,0,0,0,0,4500,2,8,,POINT (-92.474190958319 42.734417287109)
2014786587,14-05504,02/18/2014,02-February,3-Tuesday,13:31,1300 Hours,District 5 (Southeast),BURLINGTON,DES MOINES,,DIVISION ST & 6TH ST,Collision with:  Vehicle in traffic,On Roadway,Broadside (front to side),Lost Control,None Indicated,,Daylight,Wet,Cloudy,None apparent,Intersection:  Four-way intersection,Paved,,Property Damage Only,0,0,0,0,0,0,5000,2,3,,POINT (-91.107250675821 40.807349056718)
2014786340,20140004524,02/18/2014,02-February,3-Tuesday,08:41,0800 Hours,District 1 (Central),DES MOINES,POLK,,E KENYON AVE & SE 5TH ST,Collision with:  Vehicle in traffic,On Roadway,Broadside (front to side),Driving too fast for conditions,None Indicated,,Daylight,Wet,Clear,None apparent,Non-intersection:  Non-junction/no special feature,Paved,,Property Damage Only,0,0,0,0,0,0,3000,2,7,,POINT (-93.606527878042 41.535446048088)
2014787938,02-14-2896,02/18/2014,02-February,3-Tuesday,08:14,0800 Hours,District 6 (East Central),DUBUQUE,DUBUQUE,US 20,US 20,Collision with:  Vehicle in traffic,Roadside,Broadside (front to side),FTYROW:  Other (explain in narrative),None Indicated,,Daylight,Wet,Clear,None apparent,Non-intersection:  Non-junction/no special feature,Paved,,Major Injury,0,1,1,0,0,0,27000,2,3,,POINT (-90.777188211147 42.453935689614)
2014786630,14003406,02/18/2014,02-February,3-Tuesday,07:08,0700 Hours,District 6 (East Central),MARION,LINN,IA 13,IA 13/IOWA 13 & 10TH AVE,Collision with:  Vehicle in traffic,On Roadway,Broadside (front to side),FTYROW:  Making left turn,None Indicated,,Daylight,Wet,Clear,None apparent,Intersection:  Four-way intersection,Paved,,Major Injury,0,1,1,0,0,0,18150,3,3,,POINT (-91.550321694503 42.03576724716)
2014786570,14001411,02/18/2014,02-February,3-Tuesday,10:50,1000 Hours,District 6 (East Central),HAZLETON,BUCHANAN,IA 150,IA 150/MAIN ST,Collision with:  Vehicle in traffic,On Roadway,Rear-end (front to rear),Driving too fast for conditions,None Indicated,,Daylight,Ice/frost,Clear,"Surface condition (e.g., wet, icy)",Non-intersection:  Non-junction/no special feature,Paved,,Property Damage Only,0,0,0,0,0,0,1500,2,2,,POINT (-91.906146084264 42.621497463777)
2014786677,20140004516,02/18/2014,02-February,3-Tuesday,07:08,0700 Hours,District 1 (Central),DES MOINES,POLK,,MLK JR PKWY & INGERSOLL AVE,Collision with:  Vehicle in traffic,On Roadway,Rear-end (front to rear),Driver Distraction:  Reaching for object(s)/fallen object(s),None Indicated,,Dawn,Ice/frost,Cloudy,"Surface condition (e.g., wet, icy)",Intersection:  Four-way intersection,Paved,,Property Damage Only,0,0,0,0,0,0,2400,3,4,,POINT (-93.644777356589 41.585741818722)
2014787977,2014001869,02/18/2014,02-February,3-Tuesday,14:32,1400 Hours,District 6 (East Central),IOWA CITY,JOHNSON,,MELROSE AVE & S GRAND AVE,Collision with:  Vehicle in traffic,On Roadway,Broadside (front to side),Other (explain in narrative):  Other,None Indicated,,Daylight,Wet,Cloudy,None apparent,Intersection:  T-intersection,Paved,,Property Damage Only,0,0,0,0,0,0,1600,2,4,,POINT (-91.5460018507 41.6568415687)
2014786161,W14-016521,02/18/2014,02-February,3-Tuesday,07:09,0700 Hours,District 2 (Northeast),WATERLOO,BLACK HAWK,,DUBUQUE RD,Collision with:  Vehicle in traffic,On Roadway,"Sideswipe, same direction",Lost Control,None Indicated,,Daylight,Ice/frost,Cloudy,"Surface condition (e.g., wet, icy)",Non-intersection:  Non-junction/no special feature,Paved,,Major Injury,0,2,1,1,0,0,9000,2,2,,POINT (-92.301971510575 42.487336742764)
2014787215,2014011935,02/18/2014,02-February,3-Tuesday,12:30,1200 Hours,District 6 (East Central),WALCOTT,SCOTT,I-80,I-80,Collision with:  Vehicle in traffic,On Roadway,Rear-end (front to rear),Followed too close,None Indicated,,Daylight,Ice/frost,Clear,"Surface condition (e.g., wet, icy)",Non-intersection:  Non-junction/no special feature,Paved,,Property Damage Only,0,0,0,0,0,0,9000,2,2,,POINT (-90.772874230737 41.614466089366)
2014787245,,02/18/2014,02-February,3-Tuesday,08:50,0800 Hours,District 2 (Northeast),CHARLES CITY,FLOYD,IA 14,IA 14/GILBERT ST & CLINTON ST,Collision with:  Vehicle in traffic,On Roadway,Rear-end (front to rear),Lost Control,None Indicated,,Daylight,Slush,Cloudy,"Surface condition (e.g., wet, icy)",Intersection:  Four-way intersection,Paved,,Property Damage Only,0,0,0,0,0,0,2000,2,2,,POINT (-92.680264674737 43.064103310239)
2014791684,,02/18/2014,02-February,3-Tuesday,07:49,0700 Hours,District 5 (Southeast),,MUSCATINE,US 61,US 61,Non-collision events:  Overturn/rollover,On Roadway,Non-collision (single vehicle),Ran off road - left,None Indicated,,Daylight,Ice/frost,Cloudy,None apparent,Non-intersection:  Non-junction/no special feature,Paved,,Property Damage Only,0,0,0,0,0,0,8000,1,2,,POINT (-90.978601410423 41.493013290499)
2014796883,C14000526,02/18/2014,02-February,3-Tuesday,08:35,0800 Hours,District 6 (East Central),CORALVILLE,JOHNSON,,CAMP CARDINAL BLVD,Collision with fixed object:  Other fixed object (explain in narrative),On Roadway,Non-collision (single vehicle),Over correcting/over steering,None Indicated,,Daylight,Snow,Cloudy,None apparent,Non-intersection:  Non-junction/no special feature,Paved,,Possible/Unknown,0,1,0,0,1,0,1650,1,1,,POINT (-91.598365222118 41.676226454347)
2014788312,CL14000487,02/18/2014,02-February,3-Tuesday,11:04,1100 Hours,District 6 (East Central),CLINTON,CLINTON,US 67,US 67/S 2ND ST & 4TH AVE S,Collision with:  Vehicle in traffic,On Roadway,"Sideswipe, same direction",Other (explain in narrative):  Other,None Indicated,,Daylight,Dry,Clear,None apparent,Non-intersection:  Non-junction/no special feature,Paved,,Property Damage Only,0,0,0,0,0,0,2500,2,2,,POINT (-90.188235387721 41.842353881702)
2014786565,14-2813,02/18/2014,02-February,3-Tuesday,09:07,0900 Hours,District 2 (Northeast),,BREMER,,Co Rd C50/260TH ST,Collision with fixed object:  Ditch,On Roadway,Non-collision (single vehicle),Swerving/Evasive Action,None Indicated,,Daylight,Ice/frost,Clear,"Surface condition (e.g., wet, icy)",Non-intersection:  Non-junction/no special feature,Paved,,Possible/Unknown,0,1,0,0,1,0,12060,1,1,,POINT (-92.353221951934 42.671353806059)
2014793211,S201400319,02/18/2014,02-February,3-Tuesday,10:06,1000 Hours,District 3 (Northwest),,PALO ALTO,,320 ST,Collision with fixed object:  Utility pole/light support,On Roadway,Non-collision (single vehicle),Ran off road - right,None Indicated,,Daylight,Wet,Cloudy,None apparent,Non-intersection:  Non-junction/no special feature,Unpaved,,Property Damage Only,0,0,0,0,0,0,8000,1,2,,POINT (-94.715675808001 43.187189464013)
2014787642,2014012076,02/18/2014,02-February,3-Tuesday,19:40,1900 Hours,District 4 (Southwest),,POTTAWATTAMIE,,Co Rd G8L/RAILROAD HWY,Collision with:  Animal,,,Animal,None Indicated,,,,,,,Paved,,Property Damage Only,0,0,0,0,0,0,1500,1,1,,POINT (-95.785184376372 41.298027548359)
2014786602,2014001845,02/18/2014,02-February,3-Tuesday,07:38,0700 Hours,District 6 (East Central),IOWA CITY,JOHNSON,,MORMON TREK BLVD,Collision with:  Vehicle in traffic,On Roadway,"Sideswipe, same direction",Lost Control,None Indicated,,Daylight,Slush,Cloudy,None apparent,Non-intersection:  Non-junction/no special feature,Paved,,Property Damage Only,0,0,0,0,0,0,4500,2,2,,POINT (-91.574058048027 41.650266828946)
2014787254,14016525,02/18/2014,02-February,3-Tuesday,07:51,0700 Hours,District 2 (Northeast),CEDAR FALLS,BLACK HAWK,IA 27,IA 27,Collision with fixed object:  Curb/island/raised median,Median,Non-collision (single vehicle),Driving too fast for conditions,None Indicated,,Daylight,Ice/frost,Clear,"Surface condition (e.g., wet, icy)",Non-intersection:  Non-junction/no special feature,Paved,,Property Damage Only,0,0,0,0,0,0,1550,1,1,,POINT (-92.452488783949 42.499916277398)
2014787231,14-2283,02/18/2014,02-February,3-Tuesday,16:30,1600 Hours,District 6 (East Central),SABULA,JACKSON,,SYCAMORE ST,Collision with:  Vehicle in traffic,On Roadway,Broadside (front to side),Improper Backing,None Indicated,,Daylight,Wet,Clear,None apparent,Non-intersection:  Non-junction/no special feature,Paved,,Property Damage Only,0,0,0,0,0,0,1758,2,4,,POINT (-90.173355342765 42.071386929284)
2014786686,14-0867,02/18/2014,02-February,3-Tuesday,17:20,1700 Hours,District 1 (Central),WEST DES MOINES,POLK,,S 51ST ST,Collision with:  Vehicle in traffic,On Roadway,"Sideswipe, opposite direction",Other (explain in narrative):  Vision obstructed,None Indicated,,Dusk,Dry,Clear,None apparent,Non-intersection:  Non-junction/no special feature,Paved,,Property Damage Only,0,0,0,0,0,0,2000,2,2,,POINT (-93.772952909817 41.560451845493)
2014790089,2014-10714,02/18/2014,02-February,3-Tuesday,16:54,1600 Hours,District 6 (East Central),DAVENPORT,SCOTT,,W 17TH ST & WASHINGTON ST,Collision with:  Parked motor vehicle,On Roadway,Unknown,Other (explain in narrative):  Other,None Indicated,,Daylight,Wet,Clear,None apparent,Non-intersection:  Non-junction/no special feature,Paved,,Property Damage Only,0,0,0,0,0,0,1500,2,1,,POINT (-90.596237598869 41.536883145626)
2014788125,14-000792,02/18/2014,02-February,3-Tuesday,18:25,1800 Hours,District 1 (Central),AMES,STORY,,STATE AVE,Collision with:  Animal,,,Animal,None Indicated,,,,,,,Paved,,Property Damage Only,0,0,0,0,0,0,3000,1,1,,POINT (-93.658910901208 42.004168353944)
2014787614,14S00209,02/18/2014,02-February,3-Tuesday,10:50,1000 Hours,District 4 (Southwest),,UNION,,Co Rd P33/CHERRY ST RD,Collision with fixed object:  Ditch,Roadside,Non-collision (single vehicle),Crossed centerline (undivided),None Indicated,,Daylight,Dry,Clear,None apparent,Non-intersection:  Non-junction/no special feature,Paved,,Minor Injury,0,1,0,1,0,0,3900,1,1,,POINT (-94.357155062729 41.129838058888)
2014786911,2014-10613,02/18/2014,02-February,3-Tuesday,09:29,0900 Hours,District 6 (East Central),DAVENPORT,SCOTT,US 67,US 67/E RIVER DR,Collision with fixed object:  Concrete traffic barrier (median or right side),On Roadway,Non-collision (single vehicle),Ran off road - right,None Indicated,,Daylight,Slush,Clear,"Surface condition (e.g., wet, icy)",Non-intersection:  Non-junction/no special feature,Paved,,Possible/Unknown,0,1,0,0,1,0,2000,1,1,,POINT (-90.549631319227 41.528982020112)
2014787976,2014001863,02/18/2014,02-February,3-Tuesday,13:24,1300 Hours,District 6 (East Central),IOWA CITY,JOHNSON,US 6,US 6/S RIVERSIDE DR,Collision with:  Vehicle in traffic,On Roadway,"Sideswipe, same direction",Followed too close,None Indicated,,Daylight,Wet,Cloudy,"Surface condition (e.g., wet, icy)",Non-intersection:  Other non-intersection (explain in narrative),Paved,,Property Damage Only,0,0,0,0,0,0,7000,2,5,,POINT (-91.540279552179 41.652301621557)
2014788288,,02/18/2014,02-February,3-Tuesday,07:00,0700 Hours,District 6 (East Central),CEDAR RAPIDS,LINN,,EDGEWOOD RD NW,Collision with:  Vehicle in traffic,On Roadway,Rear-end (front to rear),Unknown,None Indicated,,Daylight,Slush,Clear,,Non-intersection:  Non-junction/no special feature,Paved,,Property Damage Only,0,0,0,0,0,0,5000,2,4,,POINT (-91.715021161545 41.992103167915)
2014786680,20140004568,02/18/2014,02-February,3-Tuesday,15:12,1500 Hours,District 1 (Central),DES MOINES,POLK,,ARMY POST RD,Collision with:  Vehicle in traffic,On Roadway,Rear-end (front to rear),Followed too close,None Indicated,,Daylight,Wet,Clear,Work Zone (roadway-related),Non-intersection:  Non-junction/no special feature,Paved,Yes,Property Damage Only,0,0,0,0,0,0,10717,2,4,,POINT (-93.62618544703 41.526486472156)
2014787586,14-000781,02/18/2014,02-February,3-Tuesday,06:55,0600 Hours,District 1 (Central),AMES,STORY,US 30,US 30/NE RAMP CURV/SPECIAL CASE & US 69/S DUFF AVE,Collision with:  Vehicle in traffic,On Roadway,Rear-end (front to rear),Followed too close,None Indicated,,Daylight,Dry,Clear,None apparent,Intersection:  Four-way intersection,Paved,,Property Damage Only,0,0,0,0,0,0,3000,2,2,,POINT (-93.609997331345 42.005852743073)
2014786667,20140004550,02/18/2014,02-February,3-Tuesday,12:30,1200 Hours,District 1 (Central),DES MOINES,POLK,,42ND ST,Collision with:  Vehicle in traffic,On Roadway,Broadside (front to side),FTYROW:  From driveway,None Indicated,,Daylight,Wet,Cloudy,None apparent,Non-intersection:  Driveway access (within),Paved,,Property Damage Only,0,0,0,0,0,0,2500,2,3,,POINT (-93.674351899188 41.593966901955)
2014797992,141031PD,02/18/2014,02-February,3-Tuesday,15:54,1500 Hours,District 1 (Central),BOONE,BOONE,US 30,US 30/220TH ST & S LINN ST,Collision with:  Vehicle in traffic,On Roadway,Broadside (front to side),FTYROW:  From stop sign,None Indicated,,Daylight,Dry,Cloudy,None apparent,Intersection:  Four-way intersection,Paved,,Minor Injury,0,1,0,1,0,0,18000,2,2,,POINT (-93.873641528631 42.034599985075)
2014788018,14000881,02/18/2014,02-February,3-Tuesday,08:08,0800 Hours,District 3 (Northwest),SHELDON,OBRIEN,US 18,US 18/PARK ST,Collision with:  Vehicle in traffic,On Roadway,"Angle, oncoming left turn",FTYROW:  Making left turn,None Indicated,,Daylight,Dry,Clear,None apparent,Non-intersection:  Driveway access (within),Paved,,Property Damage Only,0,0,0,0,0,0,3800,2,2,,POINT (-95.856108069395 43.185857481138)
2014789327,,02/18/2014,02-February,3-Tuesday,08:20,0800 Hours,District 6 (East Central),CEDAR RAPIDS,LINN,I-380,I-380 & BLAIRS FERRY RD NE,Collision with:  Vehicle in traffic,On Roadway,Rear-end (front to rear),Unknown,None Indicated,,Daylight,Dry,Clear,,Interchange-related:  Off-ramp,Paved,,Minor Injury,0,1,0,1,0,0,4700,2,2,,POINT (-91.675321877565 42.034756449393)
2014787663,2014012014,02/18/2014,02-February,3-Tuesday,13:34,1300 Hours,District 1 (Central),,POLK,I-80,I-80,Non-collision events:  Other non-collision (explain in narrative),On Roadway,Non-collision (single vehicle),Ran off road - straight,None Indicated,,Daylight,Dry,Cloudy,None apparent,Intersection:  Y-intersection,Paved,,Property Damage Only,0,0,0,0,0,0,3000,1,1,,POINT (-93.564461610049 41.653781335485)
2014786679,20140004521,02/18/2014,02-February,3-Tuesday,08:12,0800 Hours,District 1 (Central),DES MOINES,POLK,,UNIVERSITY AVE,Collision with:  Vehicle in traffic,On Roadway,"Sideswipe, same direction",Improper or erratic lane changing,None Indicated,,Daylight,Dry,Clear,None apparent,Non-intersection:  Non-junction/no special feature,Paved,,Property Damage Only,0,0,0,0,0,0,4500,2,3,,POINT (-93.625149893582 41.600649116586)
2014786733,14-4880,02/18/2014,02-February,3-Tuesday,07:32,0700 Hours,District 3 (Northwest),SIOUX CITY,WOODBURY,,S LAKEPORT ST,Collision with:  Vehicle in traffic,On Roadway,"Angle, oncoming left turn",FTYROW:  From driveway,None Indicated,,Daylight,Dry,Clear,None apparent,Non-intersection:  Driveway access (within),Paved,,Possible/Unknown,0,1,0,0,1,0,6000,2,4,,POINT (-96.345087096446 42.452482291581)
2014794591,1050 151,02/18/2014,02-February,3-Tuesday,02:30,0200 Hours,District 6 (East Central),,JONES,US 151,US 151,Non-collision events:  Other non-collision (explain in narrative),On Roadway,Non-collision (single vehicle),Swerving/Evasive Action,None Indicated,,Dark - roadway not lighted,Ice/frost,Snow,None apparent,Non-intersection:  Non-junction/no special feature,Paved,,Possible/Unknown,0,1,0,0,1,0,8000,1,2,,POINT (-91.229348680385 42.164147999725)
2014786914,2014-10715,02/18/2014,02-February,3-Tuesday,17:08,1700 Hours,District 6 (East Central),DAVENPORT,SCOTT,,TREMONT AVE,Collision with:  Parked motor vehicle,On Roadway,Broadside (front to side),FTYROW:  Other (explain in narrative),None Indicated,,Daylight,Dry,Cloudy,None apparent,Non-intersection:  Non-junction/no special feature,Paved,,Property Damage Only,0,0,0,0,0,0,1800,2,777,,POINT (-90.561461998838 41.528314986799)
2014786772,1416525,02/18/2014,02-February,3-Tuesday,07:37,0700 Hours,District 2 (Northeast),CEDAR FALLS,BLACK HAWK,IA 27,IA 27 & GREENHILL RD,Collision with:  Vehicle in traffic,Shoulder,Rear-end (front to rear),Driving too fast for conditions,None Indicated,,Daylight,Ice/frost,Clear,None apparent,Non-intersection:  Non-junction/no special feature,Paved,,Property Damage Only,0,0,0,0,0,0,4000,4,6,,POINT (-92.452778978593 42.498737897842)
2014787123,20140004844,02/18/2014,02-February,3-Tuesday,20:30,2000 Hours,District 1 (Central),DES MOINES,POLK,,ARMY POST RD & SW 14TH ST,Collision with fixed object:  Other fixed object (explain in narrative),Shoulder,Non-collision (single vehicle),Unknown,None Indicated,,Dark - roadway lighted,Unknown,Clear,Unknown,Non-intersection:  Non-junction/no special feature,Paved,,Property Damage Only,0,0,0,0,0,0,10000,1,1,,POINT (-93.635367694813 41.526571218052)
2014787082,201400475,02/18/2014,02-February,3-Tuesday,05:45,0500 Hours,District 6 (East Central),,LINN,US 30,US 30,Collision with fixed object:  Bridge overhead structure,On Roadway,Non-collision (single vehicle),Lost Control,None Indicated,,Dark - roadway not lighted,Wet,Other (explain in narrative),"Surface condition (e.g., wet, icy)",Non-intersection:  Other non-intersection (explain in narrative),Paved,,Property Damage Only,0,0,0,0,0,0,10000,1,1,,POINT (-91.551677051808 41.925960444677)
2014788446,2014011941,02/18/2014,02-February,3-Tuesday,07:35,0700 Hours,District 6 (East Central),WEST BRANCH,CEDAR,I-80,I-80 & Co Rd X30/BAKER AVE & PARKSIDE DR,Non-collision events:  Overturn/rollover,Roadside,Non-collision (single vehicle),Ran off road - right,None Indicated,,Daylight,Dry,Cloudy,None apparent,Interchange-related:  On-ramp merge area,Paved,,Property Damage Only,0,0,0,0,0,0,3000,1,1,,POINT (-91.346778089327 41.664028574888)
2014787050,01-14-6978,02/18/2014,02-February,3-Tuesday,08:46,0800 Hours,District 6 (East Central),DUBUQUE,DUBUQUE,US 52,US 52,Collision with:  Vehicle in traffic,On Roadway,Rear-end (front to rear),Lost Control,None Indicated,,Daylight,Wet,Cloudy,None apparent,Intersection:  Four-way intersection,Paved,,Property Damage Only,0,0,0,0,0,0,2500,2,3,,POINT (-90.672873848969 42.459518756156)
2014786779,W14-016691,02/18/2014,02-February,3-Tuesday,16:46,1600 Hours,District 2 (Northeast),WATERLOO,BLACK HAWK,US 63,US 63/SE RAMP CURV & W 5TH ST,Collision with:  Vehicle in traffic,On Roadway,Broadside (front to side),Ran Traffic Signal,None Indicated,,Daylight,Wet,Clear,None apparent,Intersection:  Four-way intersection,Paved,,Property Damage Only,0,0,0,0,0,0,10000,2,2,,POINT (-92.341552688913 42.492082906754)
2014788289,,02/18/2014,02-February,3-Tuesday,15:18,1500 Hours,District 6 (East Central),CEDAR RAPIDS,LINN,,16TH AVE SW & M ST SW,Collision with:  Vehicle in traffic,On Roadway,"Sideswipe, same direction",Unknown,None Indicated,,Daylight,Wet,Clear,,Intersection:  Four-way intersection,Paved,,Property Damage Only,0,0,0,0,0,0,3600,2,2,,POINT (-91.672238312211 41.961723838152)
2014786244,2014-0335,02/18/2014,02-February,3-Tuesday,09:01,0900 Hours,District 1 (Central),JEFFERSON,GREENE,,E LINCOLN WAY,Collision with:  Vehicle in traffic,On Roadway,Rear-end (front to rear),FTYROW:  From parked position,None Indicated,,Daylight,Slush,Clear,"Surface condition (e.g., wet, icy)",Non-intersection:  Non-junction/no special feature,Paved,,Property Damage Only,0,0,0,0,0,0,2000,2,2,,POINT (-94.374153269212 42.01529737214)