Iowa DOT Case Number,Law Enforcement Case Number,Date of Crash,Month of Crash,Day of Week,Time of Crash,Hour,DOT District,City Name,County Name,Route with System,Location Description,First Harmful Event,Location of First Harmful Event,Manner of Crash/Collision,Major Cause,Drug or Alcohol ,Environmental Conditions,Light Conditions,Surface Conditions,Weather Conditions,Roadway Contribution,Roadway Type,Roadway Surface,Work Zone,Crash Severity,Number of Fatalities,Number of Injuries,Number of Major Injuries,Number of Minor Injuries,Number of Possible Injuries,Number of Unknown Injuries,Amount of Property Damage,Number of Vehicles Involved,Total Number of Occupants,Travel Direction,Location
2014788351,1400000133,02/19/2014,02-February,4-Wednesday,18:58,1800 Hours,District 1 (Central),,MARSHALL,IA 146,IA 146/ZELLER AVE,Collision with:  Animal,,,Animal,None Indicated,,,,,,,Paved,,Property Damage Only,0,0,0,0,0,0,2000,1,1,,POINT (-92.785460290024 41.970057427992)
2014790329,2014012254,02/19/2014,02-February,4-Wednesday,14:47,1400 Hours,District 6 (East Central),CORALVILLE,JOHNSON,I-380,I-380,Collision with fixed object:  Guardrail - face,Roadside,"Sideswipe, same direction",Crossed centerline (undivided),None Indicated,,Daylight,Dry,Clear,None apparent,Non-intersection:  Other non-intersection (explain in narrative),Paved,,Property Damage Only,0,0,0,0,0,0,21000,2,2,,POINT (-91.642097453198 41.703519936285)
2014786738,T14-021901,02/19/2014,02-February,4-Wednesday,13:47,1300 Hours,District 4 (Southwest),STUART,GUTHRIE,,N 2ND ST & N HARRISON ST,Collision with:  Vehicle in traffic,On Roadway,Broadside (front to side),FTYROW:  From stop sign,None Indicated,,Daylight,Dry,Clear,None apparent,Intersection:  Four-way intersection,Paved,,Possible/Unknown,0,1,0,0,1,0,2000,2,2,,POINT (-94.321141055241 41.504893753093)
2014786662,20140004631,02/19/2014,02-February,4-Wednesday,07:52,0700 Hours,District 1 (Central),DES MOINES,POLK,,PROSPECT RD,Collision with:  Vehicle in traffic,On Roadway,Head-on (front to front),Lost Control,None Indicated,,Daylight,Ice/frost,Clear,"Surface condition (e.g., wet, icy)",Non-intersection:  Non-junction/no special feature,Paved,,Possible/Unknown,0,2,0,0,2,0,10000,2,3,,POINT (-93.643775287664 41.620119001102)
2014796884,C14000544,02/19/2014,02-February,4-Wednesday,08:07,0800 Hours,District 6 (East Central),CORALVILLE,JOHNSON,US 6,US 6/2ND ST & 4TH AVE,Collision with:  Vehicle in traffic,On Roadway,Broadside (front to side),Made improper turn,None Indicated,,Daylight,Wet,Clear,None apparent,Intersection:  T-intersection,Paved,,Property Damage Only,0,0,0,0,0,0,2000,2,2,,POINT (-91.572075630025 41.670967024513)
2014787041,14-001328,02/19/2014,02-February,4-Wednesday,07:46,0700 Hours,District 4 (Southwest),ATLANTIC,CASS,,5TH ST,Collision with:  Parked motor vehicle,On Roadway,Rear-end (front to rear),Other (explain in narrative):  Vision obstructed,None Indicated,,Daylight,Dry,Clear,None apparent,Non-intersection:  Non-junction/no special feature,Paved,,Property Damage Only,0,0,0,0,0,0,2200,3,2,,POINT (-95.004148735731 41.405921886036)
2014786674,20140004619,02/19/2014,02-February,4-Wednesday,05:40,0500 Hours,District 1 (Central),DES MOINES,POLK,,OAKLYN DR,Collision with:  Vehicle in traffic,On Roadway,Rear-end (front to rear),Driving too fast for conditions,None Indicated,,Dark - roadway lighted,Ice/frost,Clear,None apparent,Non-intersection:  Non-junction/no special feature,Paved,,Property Damage Only,0,0,0,0,0,0,1600,2,2,,POINT (-93.667748401298 41.643590050141)
2014788549,20140004632,02/19/2014,02-February,4-Wednesday,08:02,0800 Hours,District 1 (Central),DES MOINES,POLK,,MLK JR PKWY,Collision with:  Vehicle in traffic,On Roadway,Rear-end (front to rear),Swerving/Evasive Action,None Indicated,,Daylight,Ice/frost,Clear,"Surface condition (e.g., wet, icy)",Non-intersection:  Non-junction/no special feature,Paved,,Property Damage Only,0,0,0,0,0,0,3000,2,4,,POINT (-93.644109225838 41.596977594745)
2014787035,14-044,02/19/2014,02-February,4-Wednesday,06:54,0600 Hours,District 2 (Northeast),WAVERLY,BREMER,IA 116,IA 116/4TH ST SW,Collision with:  Vehicle in traffic,On Roadway,Rear-end (front to rear),Driving too fast for conditions,None Indicated,,Daylight,Ice/frost,Clear,"Surface condition (e.g., wet, icy)",Non-intersection:  Non-junction/no special feature,Paved,,Property Damage Only,0,0,0,0,0,0,3000,2,2,,POINT (-92.475494240309 42.713125265175)
2014793212,S201400324,02/19/2014,02-February,4-Wednesday,05:53,0500 Hours,District 3 (Northwest),,PALO ALTO,US 18,US 18/360 ST,Collision with:  Vehicle in traffic,On Roadway,"Sideswipe, same direction",Lost Control,None Indicated,,Dark - roadway not lighted,Ice/frost,Cloudy,None apparent,Non-intersection:  Non-junction/no special feature,Paved,,Property Damage Only,0,0,0,0,0,0,2100,2,2,,POINT (-94.813913117722 43.126522810846)
2014786652,14-1091,02/19/2014,02-February,4-Wednesday,06:40,0600 Hours,District 1 (Central),,POLK,,NW MORNINGSTAR DR,Collision with:  Animal,,,Animal,None Indicated,,,,,,,Paved,,Property Damage Only,0,0,0,0,0,0,2000,1,1,,POINT (-93.638318877644 41.64376625505)
2014786661,20140004629,02/19/2014,02-February,4-Wednesday,07:45,0700 Hours,District 1 (Central),DES MOINES,POLK,,BANCROFT ST & SW 9TH ST,Collision with:  Vehicle in traffic,On Roadway,Broadside (front to side),Made improper turn,None Indicated,,Daylight,Ice/frost,Clear,"Surface condition (e.g., wet, icy)",Intersection:  Four-way intersection,Paved,,Property Damage Only,0,0,0,0,0,0,4000,2,5,,POINT (-93.622815221836 41.569992082672)
2014787425,14-0200,02/19/2014,02-February,4-Wednesday,09:00,0900 Hours,District 1 (Central),CLIVE,POLK,US 6,US 6/HICKMAN RD,Collision with:  Vehicle in traffic,On Roadway,Rear-end (front to rear),FTYROW:  Other (explain in narrative),None Indicated,,Daylight,Wet,Clear,None apparent,Intersection:  Four-way intersection,Paved,,Minor Injury,0,3,0,1,2,0,4800,3,3,,POINT (-93.735975099524 41.614926989267)
2014786650,14-1094,02/19/2014,02-February,4-Wednesday,08:16,0800 Hours,District 1 (Central),DES MOINES,POLK,,Co Rd R56/NW 6TH DR,Collision with:  Vehicle in traffic,On Roadway,Head-on (front to front),Crossed centerline (undivided),None Indicated,,Daylight,Ice/frost,Clear,"Surface condition (e.g., wet, icy)",Non-intersection:  Non-junction/no special feature,Paved,,Possible/Unknown,0,1,0,0,1,0,5000,2,5,,POINT (-93.627362483496 41.640755133233)
2014787918,14002511,02/19/2014,02-February,4-Wednesday,09:18,0900 Hours,District 2 (Northeast),MASON CITY,CERRO GORDO,,12TH ST NW & N MADISON AVE,Collision with:  Vehicle in traffic,On Roadway,Rear-end (front to rear),Driving too fast for conditions,None Indicated,,Daylight,Wet,Clear,"Surface condition (e.g., wet, icy)",Intersection:  T-intersection,Paved,,Property Damage Only,0,0,0,0,0,0,9000,2,2,,POINT (-93.207767202161 43.162748979585)
2014786788,14000951,02/19/2014,02-February,4-Wednesday,08:15,0800 Hours,District 2 (Northeast),,CERRO GORDO,US 65,US 65 & 310TH ST,Non-collision events:  Overturn/rollover,On Roadway,Non-collision (single vehicle),Crossed centerline (undivided),None Indicated,,Daylight,Ice/frost,Clear,"Surface condition (e.g., wet, icy)",Non-intersection:  Non-junction/no special feature,Paved,,Property Damage Only,0,0,0,0,0,0,5000,1,1,,POINT (-93.210830142555 43.212791999872)
2014787590,14-000800,02/19/2014,02-February,4-Wednesday,07:55,0700 Hours,District 1 (Central),AMES,STORY,,AIRPORT RD & S RIVERSIDE DR,Collision with:  Vehicle in traffic,On Roadway,"Sideswipe, same direction",Driving too fast for conditions,None Indicated,,Daylight,Ice/frost,Clear,"Surface condition (e.g., wet, icy)",Non-intersection:  Non-junction/no special feature,Paved,,Property Damage Only,0,0,0,0,0,0,2999,2,2,,POINT (-93.629645842036 42.001081226404)
2014801006,390214-0360,02/19/2014,02-February,4-Wednesday,07:00,0700 Hours,District 4 (Southwest),,GUTHRIE,IA 44,IA 44/IOWA 44,Collision with:  Animal,,,Animal,None Indicated,,,,,,,Paved,,Property Damage Only,0,0,0,0,0,0,1500,1,1,,POINT (-94.384123078605 41.688751092183)
2014786917,2014-10943,02/19/2014,02-February,4-Wednesday,18:13,1800 Hours,District 6 (East Central),DAVENPORT,SCOTT,I-74,I-74,Collision with:  Vehicle in traffic,On Roadway,"Sideswipe, same direction",Other (explain in narrative):  Other,None Indicated,,Dark - roadway not lighted,Dry,Clear,None apparent,Interchange-related:  Off-ramp,Paved,,Possible/Unknown,0,1,0,0,1,0,1000,2,2,,POINT (-90.533282381862 41.596756271902)
2014786728,14-0508,02/19/2014,02-February,4-Wednesday,12:32,1200 Hours,District 1 (Central),FORT DODGE,WEBSTER,,KENYON RD & AVE C,Collision with:  Vehicle in traffic,On Roadway,Rear-end (front to rear),Other (explain in narrative):  Other,None Indicated,,Daylight,Dry,Clear,None apparent,Non-intersection:  Non-junction/no special feature,Paved,,Possible/Unknown,0,1,0,0,1,0,3000,3,5,,POINT (-94.189961958765 42.492425461273)
2014787759,K14-004512,02/19/2014,02-February,4-Wednesday,05:56,0500 Hours,District 5 (Southeast),KEOKUK,LEE,US 218,US 218/MAIN ST & BELKNAP BLVD & BOULEVARD RD,Collision with:  Vehicle in traffic,On Roadway,Broadside (front to side),Ran Traffic Signal,None Indicated,,Dawn,Wet,Clear,"Surface condition (e.g., wet, icy)",Intersection:  Four-way intersection,Paved,,Major Injury,0,2,1,0,1,0,10000,2,2,,POINT (-91.401895232976 40.413595540155)
2014788314,CL14000498,02/19/2014,02-February,4-Wednesday,07:18,0700 Hours,District 6 (East Central),CLINTON,CLINTON,,17TH AVE N & N 3RD ST,Collision with fixed object:  Guardrail - face,On Roadway,Non-collision (single vehicle),Lost Control,None Indicated,,Daylight,Ice/frost,Clear,"Surface condition (e.g., wet, icy)",Non-intersection:  Non-junction/no special feature,Paved,,Property Damage Only,0,0,0,0,0,0,2500,1,1,,POINT (-90.185558080289 41.864127059967)
2014790633,2014-10821,02/19/2014,02-February,4-Wednesday,10:07,1000 Hours,District 6 (East Central),DAVENPORT,SCOTT,,W 6TH ST,Collision with:  Parked motor vehicle,On Roadway,Head-on (front to front),Driving too fast for conditions,None Indicated,,Daylight,Ice/frost,Clear,"Surface condition (e.g., wet, icy)",Non-intersection:  Non-junction/no special feature,Paved,,Property Damage Only,0,0,0,0,0,0,2500,2,1,,POINT (-90.577488061927 41.525699784834)
2014787528,2014-10964,02/19/2014,02-February,4-Wednesday,19:52,1900 Hours,District 6 (East Central),DAVENPORT,SCOTT,,PEARL AVE & S OHIO AVE,Collision with fixed object:  Utility pole/light support,Shoulder,Non-collision (single vehicle),Made improper turn,None Indicated,,Dark - roadway lighted,Dry,Clear,None apparent,Non-intersection:  Driveway access (within),Paved,,Property Damage Only,0,0,0,0,0,0,3500,1,1,,POINT (-90.625487929375 41.507661756819)
2014787098,14003588,02/19/2014,02-February,4-Wednesday,10:15,1000 Hours,District 6 (East Central),MARION,LINN,,BLAIRS FERRY RD,Collision with:  Vehicle in traffic,On Roadway,"Sideswipe, opposite direction",FTYROW:  From driveway,None Indicated,,Daylight,Wet,Clear,None apparent,Non-intersection:  Driveway access (within),Paved,,Property Damage Only,0,0,0,0,0,0,2200,2,2,,POINT (-91.624198808465 42.032353679588)
2014787993,14-003652,02/19/2014,02-February,4-Wednesday,08:05,0800 Hours,District 5 (Southeast),,MARION,,Co Rd T17/HWY T17 & 216TH PL,Collision with:  Animal,,,Animal,None Indicated,,,,,,,Paved,,Property Damage Only,0,0,0,0,0,0,2000,1,1,,POINT (-92.939159412663 41.345168710546)
2014786854,20140004628,02/19/2014,02-February,4-Wednesday,07:45,0700 Hours,District 1 (Central),DES MOINES,POLK,,SW 9TH ST,Collision with:  Vehicle in traffic,On Roadway,"Sideswipe, opposite direction",Other (explain in narrative):  No improper action,None Indicated,,Dawn,Ice/frost,Clear,"Surface condition (e.g., wet, icy)",Non-intersection:  Non-junction/no special feature,Paved,,Minor Injury,0,1,0,1,0,0,8000,2,2,,POINT (-93.625659455584 41.519166358031)
2014786581,14-05617,02/19/2014,02-February,4-Wednesday,08:02,0800 Hours,District 5 (Southeast),BURLINGTON,DES MOINES,,PINE ST & 9TH ST,Collision with:  Vehicle in traffic,On Roadway,Rear-end (front to rear),Lost Control,None Indicated,,Daylight,Ice/frost,Clear,None apparent,Non-intersection:  Non-junction/no special feature,Paved,,Property Damage Only,0,0,0,0,0,0,4800,2,8,,POINT (-91.108409433996 40.797855806606)
2014797985,14-1051PD,02/19/2014,02-February,4-Wednesday,11:50,1100 Hours,District 1 (Central),BOONE,BOONE,,8TH ST & STORY ST,Collision with:  Vehicle in traffic,On Roadway,"Sideswipe, same direction",Unknown,None Indicated,,Daylight,Wet,Clear,Unknown,Intersection:  Four-way intersection,Paved,,Property Damage Only,0,0,0,0,0,0,1500,2,2,,POINT (-93.880024583431 42.063795257773)
2014787101,14-799,02/19/2014,02-February,4-Wednesday,11:30,1100 Hours,District 6 (East Central),HIAWATHA,LINN,,WILLMAN ST & CENTER POINT RD,Collision with:  Vehicle in traffic,On Roadway,Broadside (front to side),FTYROW:  From stop sign,None Indicated,,Daylight,Wet,Clear,None apparent,Intersection:  Four-way intersection,Paved,,Property Damage Only,0,0,0,0,0,0,3000,2,5,,POINT (-91.671226767744 42.037059766321)
2014786885,14-0131,02/19/2014,02-February,4-Wednesday,13:10,1300 Hours,District 1 (Central),WINDSOR HEIGHTS,POLK,,UNIVERSITY AVE & 70TH ST,Collision with:  Vehicle in traffic,On Roadway,"Angle, oncoming left turn",FTYROW:  Making left turn,None Indicated,,Daylight,Wet,Clear,None apparent,Intersection:  Four-way intersection,Paved,,Property Damage Only,0,0,0,0,0,0,3100,2,2,,POINT (-93.713034032472 41.600371820803)
2014789282,2014-03265,02/19/2014,02-February,4-Wednesday,04:40,0400 Hours,District 5 (Southeast),,WARREN,US 69,US 69,Collision with:  Animal,,,Animal,None Indicated,,,,,,,Paved,,Property Damage Only,0,0,0,0,0,0,4000,1,1,,POINT (-93.562875437145 41.281231937249)
2014787038,021914-116,02/19/2014,02-February,4-Wednesday,15:56,1500 Hours,District 3 (Northwest),STORM LAKE,BUENA VISTA,,W RAILROAD ST & W 5TH ST & ONTARIO ST,Collision with:  Vehicle in traffic,On Roadway,"Angle, oncoming left turn",Made improper turn,None Indicated,,Daylight,Dry,Cloudy,None apparent,Non-intersection:  Non-junction/no special feature,Paved,,Property Damage Only,0,0,0,0,0,0,3750,2,2,,POINT (-95.204799403829 42.644456010008)
2014786664,20140004661,02/19/2014,02-February,4-Wednesday,13:00,1300 Hours,District 1 (Central),DES MOINES,POLK,US 69,US 69/E 14TH ST,Collision with:  Vehicle in traffic,On Roadway,Broadside (front to side),FTYROW:  From stop sign,None Indicated,,Daylight,Dry,Clear,None apparent,Intersection:  Four-way intersection,Paved,,Possible/Unknown,0,1,0,0,1,0,8000,2,3,,POINT (-93.600593377217 41.626018247689)
2014787054,01-14-7151,02/19/2014,02-February,4-Wednesday,12:38,1200 Hours,District 6 (East Central),DUBUQUE,DUBUQUE,,LORAS BLVD & IOWA ST,Collision with:  Vehicle in traffic,On Roadway,"Angle, oncoming left turn",FTYROW:  Making left turn,None Indicated,,Daylight,Dry,Clear,None apparent,Intersection:  Four-way intersection,Paved,,Property Damage Only,0,0,0,0,0,0,6000,2,2,,POINT (-90.668725015695 42.506072545515)
2014794944,SO14-0185,02/19/2014,02-February,4-Wednesday,07:55,0700 Hours,District 2 (Northeast),,WRIGHT,US 69,US 69,Collision with fixed object:  Ditch,On Roadway,Non-collision (single vehicle),Unknown,None Indicated,,Daylight,Ice/frost,Clear,"Surface condition (e.g., wet, icy)",Non-intersection:  Non-junction/no special feature,Paved,,Property Damage Only,0,0,0,0,0,0,2500,1,1,,POINT (-93.618148713538 42.732965531498)
2014786693,14-006682,02/19/2014,02-February,4-Wednesday,23:51,2300 Hours,District 4 (Southwest),COUNCIL BLUFFS,POTTAWATTAMIE,,AVE G & N 31ST ST,Collision with:  Vehicle in traffic,On Roadway,Broadside (front to side),Ran Stop Sign,None Indicated,,Dark - roadway not lighted,Dry,Clear,None apparent,Intersection:  Four-way intersection,Paved,,Property Damage Only,0,0,0,0,0,0,13000,2,3,,POINT (-95.894125772829 41.268112010707)
2014790396,14-004580,02/19/2014,02-February,4-Wednesday,18:40,1800 Hours,District 5 (Southeast),,LEE,,Co Rd X23/WEST POINT RD & OTTE RD,Collision with:  Animal,,,Animal,None Indicated,,,,,,,Paved,,Property Damage Only,0,0,0,0,0,0,1500,1,1,,POINT (-91.434586593505 40.675368260002)
2014790328,2014012126,02/19/2014,02-February,4-Wednesday,07:53,0700 Hours,District 6 (East Central),CEDAR RAPIDS,LINN,I-380,I-380 & HAWKEYE DOWNS RD SW,Collision with:  Vehicle in traffic,On Roadway,"Sideswipe, same direction",FTYROW:  Other (explain in narrative),None Indicated,,Daylight,Wet,Clear,None apparent,Non-intersection:  Non-junction/no special feature,Paved,,Property Damage Only,0,0,0,0,0,0,3500,2,2,,POINT (-91.668994057298 41.936702278103)
2014786625,201402434,02/19/2014,02-February,4-Wednesday,06:59,0600 Hours,District 6 (East Central),CEDAR RAPIDS,LINN,,CRESCENT ST SE & BLAKE BLVD SE,Collision with:  Vehicle in traffic,On Roadway,Broadside (front to side),FTYROW:  From stop sign,None Indicated,,Daylight,Dry,Clear,None apparent,Intersection:  Four-way intersection,Paved,,Property Damage Only,0,0,0,0,0,0,26150,2,2,,POINT (-91.638420935055 41.988599177463)
2014786727,14-0507,02/19/2014,02-February,4-Wednesday,08:08,0800 Hours,District 1 (Central),FORT DODGE,WEBSTER,,FLORAL AVE & N 22ND ST,Collision with:  Vehicle in traffic,On Roadway,"Angle, oncoming left turn",Other (explain in narrative):  Other,None Indicated,,Daylight,Ice/frost,Clear,None apparent,Non-intersection:  Non-junction/no special feature,Paved,,Property Damage Only,0,0,0,0,0,0,2000,2,3,,POINT (-94.168123383483 42.519460133533)
2014786660,20140004625,02/19/2014,02-February,4-Wednesday,07:10,0700 Hours,District 1 (Central),DES MOINES,POLK,,PARK AVE & SW 31ST ST,Collision with:  Vehicle in traffic,On Roadway,Broadside (front to side),Ran Stop Sign,None Indicated,,Daylight,Ice/frost,Clear,"Surface condition (e.g., wet, icy)",Intersection:  T-intersection,Paved,,Minor Injury,0,1,0,1,0,0,9000,2,2,,POINT (-93.659442442446 41.555529318056)
2014787762,K14-004527,02/19/2014,02-February,4-Wednesday,09:05,0900 Hours,District 5 (Southeast),KEOKUK,LEE,IA 136,US 136/7TH ST & I ST,Collision with:  Vehicle in traffic,On Roadway,Head-on (front to front),Crossed centerline (undivided),None Indicated,,Daylight,Wet,Clear,None apparent,Non-intersection:  Non-junction/no special feature,Paved,,Major Injury,0,1,1,0,0,0,10000,2,2,,POINT (-91.40542134637 40.390537148746)
2014786700,2014-10789,02/19/2014,02-February,4-Wednesday,06:44,0600 Hours,District 6 (East Central),DAVENPORT,SCOTT,,IA 461/W RIVER DR,Collision with:  Vehicle in traffic,On Roadway,"Sideswipe, same direction",Driving too fast for conditions,None Indicated,,Daylight,Ice/frost,Clear,"Surface condition (e.g., wet, icy)",Non-intersection:  Non-junction/no special feature,Paved,,Property Damage Only,0,0,0,0,0,0,3000,2,2,,POINT (-90.602734759562 41.513836253666)
2014786654,14-1093,02/19/2014,02-February,4-Wednesday,07:45,0700 Hours,District 1 (Central),ANKENY,POLK,IA 415,IA 415/SW ORALABOR RD/NW 35TH ST & NW 26TH ST,Collision with:  Vehicle in traffic,On Roadway,Rear-end (front to rear),Driving too fast for conditions,None Indicated,,Daylight,Ice/frost,Clear,"Surface condition (e.g., wet, icy)",Intersection:  T-intersection,Paved,,Property Damage Only,0,0,0,0,0,0,6500,3,3,,POINT (-93.652594529766 41.701872046691)
2014787978,2014001894,02/19/2014,02-February,4-Wednesday,07:28,0700 Hours,District 6 (East Central),CORALVILLE,JOHNSON,,CAMP CARDINAL BLVD,Collision with:  Vehicle in traffic,On Roadway,"Sideswipe, opposite direction",Crossed centerline (undivided),None Indicated,,Daylight,Ice/frost,Clear,"Surface condition (e.g., wet, icy)",Non-intersection:  Non-junction/no special feature,Paved,,Minor Injury,0,1,0,1,0,0,8000,2,2,,POINT (-91.603611561042 41.669724319658)
2014786867,20140004704,02/19/2014,02-February,4-Wednesday,19:29,1900 Hours,District 1 (Central),DES MOINES,POLK,US 69,US 69/SE 14TH ST & E WATROUS AVE,Collision with:  Vehicle in traffic,On Roadway,"Sideswipe, opposite direction",Made improper turn,None Indicated,,Dark - roadway lighted,Dry,Clear,None apparent,Non-intersection:  Non-junction/no special feature,Paved,,Property Damage Only,0,0,0,0,0,0,5000,2,2,,POINT (-93.596802423117 41.548125206271)
2014786651,14-1107,02/19/2014,02-February,4-Wednesday,11:32,1100 Hours,District 1 (Central),,POLK,,NE 56TH ST & NE 62ND AVE,Collision with:  Vehicle in traffic,On Roadway,Broadside (front to side),FTYROW:  From stop sign,None Indicated,,Daylight,Dry,Clear,None apparent,Intersection:  Four-way intersection,Paved,,Minor Injury,0,1,0,1,0,0,4000,2,4,,POINT (-93.503097007644 41.672990342551)
2014786935,14-4981,02/19/2014,02-February,4-Wednesday,10:37,1000 Hours,District 3 (Northwest),SIOUX CITY,WOODBURY,,4TH ST & FLOYD BLVD,Collision with:  Vehicle in traffic,On Roadway,Rear-end (front to rear),Driver Distraction:  Passenger,None Indicated,,Daylight,Dry,Clear,None apparent,Intersection:  Four-way intersection,Paved,,Property Damage Only,0,0,0,0,0,0,1550,2,3,,POINT (-96.393454421671 42.494262601259)
2014795263,2014012493,02/20/2014,02-February,5-Thursday,13:15,1300 Hours,District 1 (Central),GRINNELL,POWESHIEK,,Co Rd F46/EWART RD,Collision with:  Vehicle in traffic,On Roadway,Head-on (front to front),Crossed centerline (undivided),None Indicated,,Daylight,Ice/frost,"Sleet, hail","Surface condition (e.g., wet, icy)",Intersection:  Y-intersection,Paved,,Property Damage Only,0,0,0,0,0,0,20000,2,2,,POINT (-92.64912990094 41.64543544244)
2014788598,,02/20/2014,02-February,5-Thursday,18:17,1800 Hours,District 2 (Northeast),CHARLES CITY,FLOYD,US 18,US 18/S GRAND AVE,Collision with:  Vehicle in traffic,On Roadway,"Sideswipe, same direction",Improper or erratic lane changing,None Indicated,,Dark - roadway lighted,Snow,Snow,None apparent,Non-intersection:  Non-junction/no special feature,Paved,,Property Damage Only,0,0,0,0,0,0,2000,2,2,,POINT (-92.672579009033 43.05670649724)
2014792302,2014012523,02/20/2014,02-February,5-Thursday,14:00,1400 Hours,District 1 (Central),PLEASANT HILL,POLK,IA 163,IA 163/NE UNIVERSITY AVE & NE 12TH AVE,Collision with:  Animal,,,Animal,None Indicated,,,,,,,Paved,,Property Damage Only,0,0,0,0,0,0,3000,1,1,,POINT (-93.464034916729 41.600088248219)
2014787136,20140004797,02/20/2014,02-February,5-Thursday,22:15,2200 Hours,District 1 (Central),DES MOINES,POLK,,LOCUST ST & 8TH ST,Collision with:  Vehicle in traffic,On Roadway,Broadside (front to side),Ran Traffic Signal,None Indicated,,Dark - roadway lighted,Snow,"Blowing sand, soil, dirt",None apparent,Intersection:  Other intersection (explain in narrative),Paved,,Property Damage Only,0,0,0,0,0,0,3000,2,2,,POINT (-93.627458776584 41.586288001547)
2014788317,CL14000518,02/20/2014,02-February,5-Thursday,22:08,2200 Hours,District 6 (East Central),CLINTON,CLINTON,US 30,US 30/LINCOLN WAY/CAMANCHE AVE & S 14TH ST,Collision with:  Vehicle in traffic,On Roadway,Rear-end (front to rear),Unknown,None Indicated,,Dark - roadway lighted,Wet,Cloudy,None apparent,Non-intersection:  Non-junction/no special feature,Paved,,Possible/Unknown,0,1,0,0,0,1,3000,2,2,,POINT (-90.218725497479 41.818817323624)
2014789707,,02/20/2014,02-February,5-Thursday,20:00,2000 Hours,District 6 (East Central),MAQUOKETA,JACKSON,,W SUMMIT ST,Collision with:  Parked motor vehicle,On Roadway,"Sideswipe, same direction",Unknown,None Indicated,,Dark - roadway lighted,,Clear,,,Paved,,Property Damage Only,0,0,0,0,0,0,6100,2,1,,POINT (-90.672958481633 42.061790986903)
2014787086,201400500,02/20/2014,02-February,5-Thursday,10:10,1000 Hours,District 6 (East Central),CENTER POINT,LINN,,FORD LN & MAIN ST S,Collision with:  Vehicle in traffic,On Roadway,"Sideswipe, opposite direction",Crossed centerline (undivided),None Indicated,,Daylight,Wet,Rain,None apparent,Non-intersection:  Non-junction/no special feature,Paved,,Property Damage Only,0,0,0,0,0,0,3500,2,2,,POINT (-91.778216023221 42.177702033663)
2014787159,14-006857,02/20/2014,02-February,5-Thursday,10:57,1000 Hours,District 4 (Southwest),COUNCIL BLUFFS,POTTAWATTAMIE,,PARK WILD DR,Collision with:  Vehicle in traffic,On Roadway,"Sideswipe, opposite direction",Lost Control,None Indicated,,Daylight,Snow,Snow,"Surface condition (e.g., wet, icy)",Non-intersection:  Non-junction/no special feature,Paved,,Property Damage Only,0,0,0,0,0,0,2000,2,3,,POINT (-95.85905316075 41.275995977195)
2014787706,14-001366,02/20/2014,02-February,5-Thursday,10:37,1000 Hours,District 4 (Southwest),ATLANTIC,CASS,US 6,US 6/7TH ST & CHERRY ST,Collision with:  Vehicle in traffic,On Roadway,Broadside (front to side),Ran Stop Sign,None Indicated,,Daylight,Slush,Snow,None apparent,Intersection:  T-intersection,Paved,,Possible/Unknown,0,2,0,0,2,0,25000,3,3,,POINT (-94.997769072094 41.40386221)
2014787099,14003602,02/20/2014,02-February,5-Thursday,15:08,1500 Hours,District 6 (East Central),MARION,LINN,,5TH AVE & 15TH ST,Collision with:  Vehicle in traffic,On Roadway,Broadside (front to side),FTYROW:  From stop sign,None Indicated,,Daylight,Wet,Cloudy,None apparent,Intersection:  Four-way intersection,Paved,,Property Damage Only,0,0,0,0,0,0,4000,2,4,,POINT (-91.593980181938 42.031501082821)
2014788116,14-1944,02/20/2014,02-February,5-Thursday,20:10,2000 Hours,District 3 (Northwest),SHELDON,SIOUX,US 18,US 18/320TH ST & COLLEGE DR,Collision with:  Vehicle in traffic,On Roadway,Broadside (front to side),Driving too fast for conditions,None Indicated,,Dark - roadway not lighted,Snow,Severe winds,"Surface condition (e.g., wet, icy)",Intersection:  T-intersection,Paved,,Property Damage Only,0,0,0,0,0,0,1900,2,2,,POINT (-95.877052465146 43.185890531936)
2014787094,201402475,02/20/2014,02-February,5-Thursday,04:00,0400 Hours,District 6 (East Central),CEDAR RAPIDS,LINN,,42ND ST NE & CENTER POINT RD NE,Collision with:  Vehicle in traffic,On Roadway,Broadside (front to side),Ran Traffic Signal,None Indicated,,Dark - roadway lighted,Wet,Rain,None apparent,Intersection:  Four-way intersection,Paved,,Property Damage Only,0,0,0,0,0,0,7000,2,2,,POINT (-91.665439478448 42.021483651345)
2014845136,14-000721,02/20/2014,02-February,5-Thursday,12:33,1200 Hours,District 2 (Northeast),,HANCOCK,US 69,US 69,Collision with:  Vehicle in traffic,On Roadway,"Sideswipe, opposite direction",Crossed centerline (undivided),None Indicated,,Daylight,Snow,Snow,None apparent,Non-intersection:  Non-junction/no special feature,Paved,,Property Damage Only,0,0,0,0,0,0,3000,2,3,,POINT (-93.636046258396 43.124925263484)
2014787297,2397-14,02/20/2014,02-February,5-Thursday,12:33,1200 Hours,District 3 (Northwest),SPENCER,CLAY,,W 1ST ST & 4TH AVE W,Collision with:  Vehicle in traffic,On Roadway,Broadside (front to side),Crossed centerline (undivided),None Indicated,,Daylight,Snow,Snow,None apparent,Intersection:  T-intersection,Paved,,Property Damage Only,0,0,0,0,0,0,4300,2,3,,POINT (-95.150443886687 43.138384616418)