Iowa DOT Case Number,Law Enforcement Case Number,Date of Crash,Month of Crash,Day of Week,Time of Crash,Hour,DOT District,City Name,County Name,Route with System,Location Description,First Harmful Event,Location of First Harmful Event,Manner of Crash/Collision,Major Cause,Drug or Alcohol ,Environmental Conditions,Light Conditions,Surface Conditions,Weather Conditions,Roadway Contribution,Roadway Type,Roadway Surface,Work Zone,Crash Severity,Number of Fatalities,Number of Injuries,Number of Major Injuries,Number of Minor Injuries,Number of Possible Injuries,Number of Unknown Injuries,Amount of Property Damage,Number of Vehicles Involved,Total Number of Occupants,Travel Direction,Location
2014788543,14-000826,02/20/2014,02-February,5-Thursday,21:45,2100 Hours,District 1 (Central),ANKENY,POLK,IA 160,IA 160/SW ORALABOR RD & SW FRANKLIN DR,Collision with:  Vehicle in traffic,On Roadway,Rear-end (front to rear),Lost Control,None Indicated,,Dark - roadway lighted,Ice/frost,Snow,"Surface condition (e.g., wet, icy)",Non-intersection:  Non-junction/no special feature,Paved,,Possible/Unknown,0,1,0,0,1,0,4000,2,2,,POINT (-93.616897373058 41.702960917918)
2014790917,14-001470,02/20/2014,02-February,5-Thursday,13:40,1300 Hours,District 6 (East Central),INDEPENDENCE,BUCHANAN,,5TH ST SW & 8TH AVE SW,Collision with:  Vehicle in traffic,On Roadway,Broadside (front to side),FTYROW:  At uncontrolled intersection,None Indicated,,Daylight,Wet,Rain,None apparent,Intersection:  Four-way intersection,Paved,,Property Damage Only,0,0,0,0,0,0,3800,2,2,,POINT (-91.902580298393 42.465350127645)
2014833384,S14-000497,02/20/2014,02-February,5-Thursday,10:38,1000 Hours,District 4 (Southwest),,POTTAWATTAMIE,,Co Rd L20/OLD LINCOLN HWY,Non-collision events:  Other non-collision (explain in narrative),On Roadway,Non-collision (single vehicle),Driving too fast for conditions,None Indicated,,Daylight,Snow,Snow,"Surface condition (e.g., wet, icy)",Non-intersection:  Non-junction/no special feature,Paved,,Property Damage Only,0,0,0,0,0,0,2610,1,1,,POINT (-95.84794617049 41.323626716722)
2014786875,20140004759,02/20/2014,02-February,5-Thursday,12:49,1200 Hours,District 1 (Central),DES MOINES,POLK,,GRAND AVE,Collision with:  Vehicle in traffic,On Roadway,"Sideswipe, opposite direction",Crossed centerline (undivided),None Indicated,,Daylight,Slush,"Sleet, hail","Surface condition (e.g., wet, icy)",Non-intersection:  Non-junction/no special feature,Paved,,Property Damage Only,0,0,0,0,0,0,11000,2,2,,POINT (-93.676953189204 41.584548057541)
2014786842,SO14000402,02/20/2014,02-February,5-Thursday,10:34,1000 Hours,District 3 (Northwest),,PLYMOUTH,,Co Rd K64/OYENS AVE,Non-collision events:  Other non-collision (explain in narrative),On Roadway,Non-collision (single vehicle),Ran off road - right,None Indicated,,Daylight,Snow,Snow,"Surface condition (e.g., wet, icy)",Non-intersection:  Non-junction/no special feature,Paved,,Property Damage Only,0,0,0,0,0,0,3000,1,1,,POINT (-96.056560656884 42.805711871183)
2014787096,201402533,02/20/2014,02-February,5-Thursday,21:40,2100 Hours,District 6 (East Central),CEDAR RAPIDS,LINN,IA 100,IA 100/COLLINS RD NE & CENTER POINT RD NE,Collision with:  Vehicle in traffic,On Roadway,Broadside (front to side),Ran Traffic Signal,None Indicated,,Dark - roadway lighted,Wet,"Sleet, hail",None apparent,Intersection:  Four-way intersection,Paved,,Possible/Unknown,0,1,0,0,1,0,6000,2,3,,POINT (-91.668001161205 42.02837626603)
2014788253,2014012482,02/20/2014,02-February,5-Thursday,12:42,1200 Hours,District 1 (Central),,JASPER,,Co Rd F17/HWY F-17 W,Collision with:  Vehicle in traffic,On Roadway,"Sideswipe, opposite direction",Crossed centerline (undivided),None Indicated,,Daylight,Slush,"Sleet, hail","Surface condition (e.g., wet, icy)",Non-intersection:  Non-junction/no special feature,Paved,,Major Injury,0,2,1,0,1,0,18000,2,2,,POINT (-93.255941058412 41.820207143002)
2014787266,W14-017344,02/20/2014,02-February,5-Thursday,14:15,1400 Hours,District 2 (Northeast),WATERLOO,BLACK HAWK,US 218,US 218/SE RAMP CURV,Collision with fixed object:  Concrete traffic barrier (median or right side),On Roadway,Non-collision (single vehicle),Driving too fast for conditions,None Indicated,,Daylight,Slush,"Sleet, hail",None apparent,Non-intersection:  Non-junction/no special feature,Paved,,Property Damage Only,0,0,0,0,0,0,2500,1,2,,POINT (-92.387417651743 42.515716362871)
2014788207,2014012470,02/20/2014,02-February,5-Thursday,12:24,1200 Hours,District 5 (Southeast),,WARREN,I-35,I-35,Collision with fixed object:  Other fixed object (explain in narrative),Median,Non-collision (single vehicle),Driving too fast for conditions,None Indicated,,Daylight,Slush,"Sleet, hail",None apparent,Non-intersection:  Non-junction/no special feature,Paved,,Property Damage Only,0,0,0,0,0,0,6000,1,1,,POINT (-93.780850101798 41.251198177234)
2014787137,20140004798,02/20/2014,02-February,5-Thursday,22:15,2200 Hours,District 1 (Central),DES MOINES,POLK,US 6,US 6/DOUGLAS AVE/EUCLID AVE & MLK JR PKWY,Collision with:  Vehicle in traffic,On Roadway,Rear-end (front to rear),Followed too close,None Indicated,,Dark - roadway lighted,Ice/frost,Snow,None apparent,Non-intersection:  Non-junction/no special feature,Paved,,Property Damage Only,0,0,0,0,0,0,2500,2,2,,POINT (-93.651426123348 41.627732011638)
2014787037,14-047,02/20/2014,02-February,5-Thursday,16:03,1600 Hours,District 2 (Northeast),WAVERLY,BREMER,,5TH AVE SW & 8TH ST SW,Collision with:  Vehicle in traffic,On Roadway,Rear-end (front to rear),FTYROW:  From parked position,None Indicated,,Daylight,Snow,Snow,None apparent,Non-intersection:  Non-junction/no special feature,Paved,,Property Damage Only,0,0,0,0,0,0,6000,2,2,,POINT (-92.480497571878 42.720874793204)
2014788490,14002585,02/20/2014,02-February,5-Thursday,13:21,1300 Hours,District 2 (Northeast),MASON CITY,CERRO GORDO,US 65,US 65/N DELAWARE AVE & 1ST ST NE,Collision with:  Vehicle in traffic,On Roadway,Broadside (front to side),Ran Traffic Signal,None Indicated,,Daylight,Snow,Snow,"Surface condition (e.g., wet, icy)",Intersection:  Four-way intersection,Paved,,Property Damage Only,0,0,0,0,0,0,5000,2,4,,POINT (-93.199418990016 43.152723440151)
2014786879,14-0898,02/20/2014,02-February,5-Thursday,13:17,1300 Hours,District 4 (Southwest),WEST DES MOINES,DALLAS,,UNIVERSITY AVE,Collision with:  Vehicle in traffic,On Roadway,Rear-end (front to rear),Other (explain in narrative):  No improper action,None Indicated,,Daylight,Slush,Snow,"Surface condition (e.g., wet, icy)",Non-intersection:  Non-junction/no special feature,Paved,,Property Damage Only,0,0,0,0,0,0,5000,2,3,,POINT (-93.835684416495 41.600401363387)
2014787947,14001730,02/20/2014,02-February,5-Thursday,00:38,0000 Hours,District 2 (Northeast),,FAYETTE,,70TH ST & V AVE,Non-collision events:  Overturn/rollover,Shoulder,Non-collision (single vehicle),Ran off road - left,None Indicated,,Dark - roadway not lighted,Snow,Cloudy,None apparent,Intersection:  Four-way intersection,Unpaved,,Property Damage Only,0,0,0,0,0,0,50000,1,1,,POINT (-92.020939313432 42.729584355514)
2014789697,,02/20/2014,02-February,5-Thursday,10:11,1000 Hours,District 2 (Northeast),,WINNESHIEK,,Co Rd W38/LOCUST RD,Collision with:  Vehicle in traffic,On Roadway,Broadside (front to side),FTYROW:  From driveway,None Indicated,,Daylight,Dry,Clear,None apparent,Non-intersection:  Driveway access (within),Paved,,Property Damage Only,0,0,0,0,0,0,9000,2,2,,POINT (-91.717514895509 43.464413499608)
2014788448,2014012431,02/20/2014,02-February,5-Thursday,11:13,1100 Hours,District 1 (Central),,POLK,I-35,I-35,Collision with:  Vehicle in traffic,On Roadway,"Sideswipe, opposite direction",Illegally Parked/Unattended,None Indicated,,Daylight,Ice/frost,"Sleet, hail","Surface condition (e.g., wet, icy)",Non-intersection:  Non-junction/no special feature,Paved,,Property Damage Only,0,0,0,0,0,0,14500,3,4,,POINT (-93.631326014023 41.649479385327)
2014788272,,02/20/2014,02-February,5-Thursday,14:50,1400 Hours,District 2 (Northeast),CHARLES CITY,FLOYD,US 18,US 18/BRANTINGHAM ST,Collision with:  Vehicle in traffic,On Roadway,Broadside (front to side),FTYROW:  Other (explain in narrative),None Indicated,,Daylight,Snow,Snow,None apparent,Non-intersection:  Driveway access (within),Paved,,Property Damage Only,0,0,0,0,0,0,2500,2,3,,POINT (-92.672932693817 43.066405875811)
2014788292,14-017380,02/20/2014,02-February,5-Thursday,16:45,1600 Hours,District 2 (Northeast),CEDAR FALLS,BLACK HAWK,IA 27,IA 27,Non-collision events:  Overturn/rollover,On Roadway,Non-collision (single vehicle),Swerving/Evasive Action,None Indicated,,Daylight,Wet,Snow,"Surface condition (e.g., wet, icy)",Non-intersection:  Non-junction/no special feature,Paved,,Property Damage Only,0,0,0,0,0,0,5200,1,1,,POINT (-92.42852599838 42.529230303751)
2014787602,14-000829,02/20/2014,02-February,5-Thursday,13:32,1300 Hours,District 1 (Central),AMES,STORY,,13TH ST & STANGE RD,Collision with:  Vehicle in traffic,On Roadway,"Sideswipe, same direction",Other (explain in narrative):  Other,None Indicated,,Daylight,Slush,Snow,None apparent,Intersection:  Four-way intersection,Paved,,Property Damage Only,0,0,0,0,0,0,2000,2,2,,POINT (-93.644762635066 42.035663633103)
2014789067,,02/20/2014,02-February,5-Thursday,15:24,1500 Hours,District 2 (Northeast),CHARLES CITY,FLOYD,,11TH ST,Collision with:  Vehicle in traffic,On Roadway,Broadside (front to side),Lost Control,None Indicated,,Daylight,Ice/frost,Snow,"Surface condition (e.g., wet, icy)",Non-intersection:  Driveway access (within),Paved,,Property Damage Only,0,0,0,0,0,0,1500,2,2,,POINT (-92.683614997621 43.052649271651)
2014787134,20140004782,02/20/2014,02-February,5-Thursday,18:00,1800 Hours,District 1 (Central),DES MOINES,POLK,US 6,US 6/DOUGLAS AVE & BEAVER AVE,Collision with:  Vehicle in traffic,On Roadway,Rear-end (front to rear),Driving too fast for conditions,None Indicated,,Dark - roadway lighted,Wet,Rain,None apparent,Non-intersection:  Non-junction/no special feature,Paved,,Property Damage Only,0,0,0,0,0,0,4500,2,2,,POINT (-93.678047310248 41.629478582552)
2014788291,,02/20/2014,02-February,5-Thursday,08:15,0800 Hours,District 6 (East Central),CEDAR RAPIDS,LINN,,EDGEWOOD RD SW & 37TH AVE SW,Collision with:  Vehicle in traffic,On Roadway,"Angle, oncoming left turn",Unknown,None Indicated,,Daylight,Wet,Rain,,Intersection:  Four-way intersection,Paved,,Property Damage Only,0,0,0,0,0,0,4000,2,2,,POINT (-91.715944564844 41.941938422411)
2014787639,14-5174,02/20/2014,02-February,5-Thursday,22:03,2200 Hours,District 3 (Northwest),SIOUX CITY,WOODBURY,,MORNINGSIDE AVE,Collision with:  Vehicle in traffic,On Roadway,Head-on (front to front),Exceeded authorized speed,Alcohol (Statutory),,Dark - roadway lighted,Dry,Clear,None apparent,Non-intersection:  Non-junction/no special feature,Paved,,Possible/Unknown,0,1,0,0,0,1,13500,3,3,,POINT (-96.366400075607 42.482365005783)
2014787062,02-14-3003,02/20/2014,02-February,5-Thursday,07:51,0700 Hours,District 6 (East Central),,DUBUQUE,,THUNDER RD,Collision with fixed object:  Ditch,Gore,Non-collision (single vehicle),Driving too fast for conditions,None Indicated,,Daylight,Ice/frost,"Sleet, hail","Surface condition (e.g., wet, icy)",Non-intersection:  Non-junction/no special feature,Paved,,Possible/Unknown,0,1,0,0,1,0,3250,1,2,,POINT (-91.061342155344 42.633610945656)
2014798039,14-001194,02/20/2014,02-February,5-Thursday,05:30,0500 Hours,District 2 (Northeast),,CLAYTON,,Co Rd C17/CLAYTON RD,Collision with fixed object:  Ditch,On Roadway,Non-collision (single vehicle),Swerving/Evasive Action,None Indicated,,Dark - roadway not lighted,Ice/frost,"Sleet, hail","Surface condition (e.g., wet, icy)",Non-intersection:  Non-junction/no special feature,Paved,,Property Damage Only,0,0,0,0,0,0,5000,1,1,,POINT (-91.199695746304 42.8740638887)
2014787530,2014-11010,02/20/2014,02-February,5-Thursday,02:16,0200 Hours,District 6 (East Central),DAVENPORT,SCOTT,I-280,I-280,Collision with fixed object:  Guardrail - face,On Roadway,Non-collision (single vehicle),Swerving/Evasive Action,None Indicated,,Dark - roadway not lighted,Wet,Rain,None apparent,Non-intersection:  Non-junction/no special feature,Paved,,Property Damage Only,0,0,0,0,0,0,6500,1,1,,POINT (-90.678095498461 41.547293282816)
2014787111,2014001523,02/20/2014,02-February,5-Thursday,15:10,1500 Hours,District 1 (Central),MARSHALLTOWN,MARSHALL,,NICHOLAS DR,Collision with:  Vehicle in traffic,On Roadway,Broadside (front to side),Driving too fast for conditions,None Indicated,,Daylight,Ice/frost,Snow,"Surface condition (e.g., wet, icy)",Non-intersection:  Non-junction/no special feature,Paved,,Property Damage Only,0,0,0,0,0,0,8500,2,2,,POINT (-92.913475499117 42.01562794067)
2014786776,W14-017190,02/20/2014,02-February,5-Thursday,01:03,0100 Hours,District 2 (Northeast),WATERLOO,BLACK HAWK,,SUMNER ST,Collision with:  Parked motor vehicle,On Roadway,Rear-end (front to rear),Unknown,None Indicated,,Dark - roadway lighted,Wet,Cloudy,None apparent,Non-intersection:  Non-junction/no special feature,Paved,,Minor Injury,0,1,0,1,0,0,20000,2,2,,POINT (-92.325656378191 42.508291016744)
2014786887,14-286,02/20/2014,02-February,5-Thursday,13:17,1300 Hours,District 1 (Central),POLK CITY,POLK,IA 415,IA 415/NW POLK CITY DR,Collision with:  Vehicle in traffic,On Roadway,Head-on (front to front),Crossed centerline (undivided),None Indicated,,Daylight,Snow,Snow,"Surface condition (e.g., wet, icy)",Non-intersection:  Non-junction/no special feature,Paved,,Property Damage Only,0,0,0,0,0,0,9400,2,2,,POINT (-93.710699328925 41.75700158779)
2014787057,01-14-7344,02/20/2014,02-February,5-Thursday,18:03,1800 Hours,District 6 (East Central),DUBUQUE,DUBUQUE,,PENNSYLVANIA AVE & JOHN F KENNEDY RD,Collision with:  Vehicle in traffic,On Roadway,Rear-end (front to rear),Lost Control,None Indicated,,Dark - roadway lighted,Wet,Cloudy,None apparent,Intersection:  Other intersection (explain in narrative),Paved,,Possible/Unknown,0,2,0,0,2,0,900,2,3,,POINT (-90.721250888193 42.500465654626)
2014787730,20140594,02/20/2014,02-February,5-Thursday,11:35,1100 Hours,District 1 (Central),,GRUNDY,US 20,US 20,Non-collision events:  Overturn/rollover,On Roadway,Non-collision (single vehicle),Swerving/Evasive Action,None Indicated,,Daylight,Wet,"Fog, smoke, smog",None apparent,Non-intersection:  Non-junction/no special feature,Paved,,Property Damage Only,0,0,0,0,0,0,5000,1,1,,POINT (-92.692825193295 42.463627091034)
2014796137,AC14-010,02/20/2014,02-February,5-Thursday,11:53,1100 Hours,District 4 (Southwest),HARLAN,SHELBY,IA 44,IA 44/CHATBURN AVE,Collision with:  Vehicle in traffic,On Roadway,"Sideswipe, opposite direction",Crossed centerline (undivided),None Indicated,,Daylight,Ice/frost,Snow,"Surface condition (e.g., wet, icy)",Non-intersection:  Non-junction/no special feature,Paved,,Property Damage Only,0,0,0,0,0,0,3000,2,2,,POINT (-95.338908918377 41.646054918944)
2014787265,W14-017334,02/20/2014,02-February,5-Thursday,13:50,1300 Hours,District 2 (Northeast),WATERLOO,BLACK HAWK,IA 934,IA 934/UNIVERSITY AVE & FALLS AVE,Collision with:  Vehicle in traffic,On Roadway,Rear-end (front to rear),Driving too fast for conditions,None Indicated,,Daylight,Slush,"Sleet, hail","Surface condition (e.g., wet, icy)",Intersection:  Four-way intersection,Paved,,Property Damage Only,0,0,0,0,0,0,6500,2,3,,POINT (-92.385214195742 42.499575137528)
2014787225,2014012520,02/20/2014,02-February,5-Thursday,11:50,1100 Hours,District 3 (Northwest),,PLYMOUTH,,Co Rd C70/C70,Collision with fixed object:  Culvert/pipe opening,On Roadway,Non-collision (single vehicle),Ran off road - right,None Indicated,,Daylight,Slush,Snow,"Surface condition (e.g., wet, icy)",Non-intersection:  Non-junction/no special feature,Paved,,Property Damage Only,0,0,0,0,0,0,6000,1,1,,POINT (-96.149731516103 42.575713727758)
2014789374,14000808,02/20/2014,02-February,5-Thursday,09:06,0900 Hours,District 3 (Northwest),,CHEROKEE,,Co Rd L48/J AVE,Collision with fixed object:  Ditch,On Roadway,Non-collision (single vehicle),Crossed centerline (undivided),None Indicated,,Daylight,Snow,Snow,None apparent,Non-intersection:  Non-junction/no special feature,Paved,,Major Injury,0,2,1,1,0,0,6000,1,2,,POINT (-95.681548154513 42.832080306409)
2014787923,14002584,02/20/2014,02-February,5-Thursday,13:17,1300 Hours,District 2 (Northeast),MASON CITY,CERRO GORDO,IA 122,IA 122/IOWA 122/5TH ST SW & S MONROE AVE,Collision with:  Vehicle in traffic,On Roadway,"Angle, oncoming left turn",Ran Traffic Signal,None Indicated,,Daylight,Snow,Snow,"Surface condition (e.g., wet, icy)",Intersection:  Four-way intersection,Paved,,Possible/Unknown,0,1,0,0,1,0,2500,2,2,,POINT (-93.208637517474 43.14738513562)
2014786880,14-0894,02/20/2014,02-February,5-Thursday,12:51,1200 Hours,District 1 (Central),WEST DES MOINES,POLK,,42ND ST,Collision with:  Vehicle in traffic,On Roadway,Broadside (front to side),FTYROW:  From stop sign,None Indicated,,Daylight,Slush,"Sleet, hail","Surface condition (e.g., wet, icy)",Non-intersection:  Driveway access (within),Paved,,Property Damage Only,0,0,0,0,0,0,8000,2,5,,POINT (-93.761697807197 41.599735436385)
2014788276,,02/20/2014,02-February,5-Thursday,15:15,1500 Hours,District 5 (Southeast),,LUCAS,,Co Rd H20/530TH ST,Collision with fixed object:  Traffic sign support,Roadside,Non-collision (single vehicle),Driving too fast for conditions,None Indicated,,Daylight,Ice/frost,"Sleet, hail","Surface condition (e.g., wet, icy)",Intersection:  T-intersection,Unpaved,,Property Damage Only,0,0,0,0,0,0,3100,1,1,,POINT (-93.238685385158 41.088302540983)
2014808030,2014012672,02/20/2014,02-February,5-Thursday,19:28,1900 Hours,District 2 (Northeast),,BLACK HAWK,US 63,US 63/LOGAN AVE,Non-collision events:  Jackknife,On Roadway,Non-collision (single vehicle),Lost Control,None Indicated,,Dark - roadway not lighted,Slush,Snow,"Surface condition (e.g., wet, icy)",Non-intersection:  Non-junction/no special feature,Paved,,Property Damage Only,0,0,0,0,0,0,4000,1,1,,POINT (-92.337513628935 42.627866080628)
2014787981,2014001927,02/20/2014,02-February,5-Thursday,09:07,0900 Hours,District 6 (East Central),IOWA CITY,JOHNSON,IA 1,IA 1/DODGE ST,Collision with:  Vehicle in traffic,On Roadway,Broadside (front to side),FTYROW:  Other (explain in narrative),None Indicated,,Daylight,Wet,Rain,None apparent,Intersection:  Four-way intersection,Paved,,Property Damage Only,0,0,0,0,0,0,4400,2,2,,POINT (-91.525763090273 41.661141185931)
2014789042,2014012469,02/20/2014,02-February,5-Thursday,12:35,1200 Hours,District 1 (Central),,POLK,I-35,I-35,Collision with:  Vehicle in traffic,On Roadway,"Sideswipe, same direction",Crossed centerline (undivided),None Indicated,,Daylight,Slush,Snow,"Surface condition (e.g., wet, icy)",Non-intersection:  Non-junction/no special feature,Paved,,Property Damage Only,0,0,0,0,0,0,2000,2,3,,POINT (-93.684895867716 41.651550551768)
2014788017,14000921,02/20/2014,02-February,5-Thursday,11:47,1100 Hours,District 3 (Northwest),SHELDON,OBRIEN,,11TH ST & WASHINGTON AVE,Collision with:  Vehicle in traffic,On Roadway,Broadside (front to side),Driving too fast for conditions,None Indicated,,Daylight,Snow,Snow,"Surface condition (e.g., wet, icy)",Intersection:  T-intersection,Paved,,Property Damage Only,0,0,0,0,0,0,1500,2,2,,POINT (-95.841971957144 43.175566953991)
2014787404,E201400331,02/20/2014,02-February,5-Thursday,12:59,1200 Hours,District 3 (Northwest),EMMETSBURG,PALO ALTO,US 18,US 18/9TH ST OR MAIN,Non-collision events:  Jackknife,On Roadway,Non-collision (single vehicle),Driving too fast for conditions,None Indicated,,Daylight,Snow,Snow,"Surface condition (e.g., wet, icy)",Non-intersection:  Non-junction/no special feature,Paved,,Property Damage Only,0,0,0,0,0,0,8050,1,1,,POINT (-94.696560529986 43.112349284391)
2014787223,2014012503,02/20/2014,02-February,5-Thursday,12:25,1200 Hours,District 4 (Southwest),,ADAIR,I-80,I-80,Collision with fixed object:  Ditch,Roadside,Non-collision (single vehicle),Swerving/Evasive Action,None Indicated,,Daylight,Snow,Snow,"Surface condition (e.g., wet, icy)",Non-intersection:  Other non-intersection (explain in narrative),Paved,,Minor Injury,0,3,0,3,0,0,52000,1,4,,POINT (-94.455400549073 41.495923088908)
2014787298,2402-14,02/20/2014,02-February,5-Thursday,13:03,1300 Hours,District 3 (Northwest),SPENCER,CLAY,,E 4TH ST & 4TH AVE E,Collision with:  Vehicle in traffic,On Roadway,Broadside (front to side),FTYROW:  From stop sign,Under Influence of Alcohol/Drugs/Medications,,Daylight,Snow,Snow,None apparent,Intersection:  Four-way intersection,Paved,,Property Damage Only,0,0,0,0,0,0,3200,3,5,,POINT (-95.138973056257 43.14158920127)
2014787132,20140004765,02/20/2014,02-February,5-Thursday,13:40,1300 Hours,District 1 (Central),DES MOINES,POLK,,SW 13TH ST,Collision with:  Vehicle in traffic,On Roadway,Rear-end (front to rear),FTYROW:  From driveway,None Indicated,,Daylight,Slush,Snow,None apparent,Non-intersection:  Driveway access (within),Paved,,Possible/Unknown,0,1,0,0,0,1,3000,2,3,,POINT (-93.633000213493 41.540689758091)
2014788491,14002590,02/20/2014,02-February,5-Thursday,13:54,1300 Hours,District 2 (Northeast),MASON CITY,CERRO GORDO,IA 122,IA 122/4TH ST SW,Collision with:  Vehicle in traffic,On Roadway,Rear-end (front to rear),Driving too fast for conditions,None Indicated,,Daylight,Snow,Snow,"Surface condition (e.g., wet, icy)",Non-intersection:  Non-junction/no special feature,Paved,,Property Damage Only,0,0,0,0,0,0,4000,2,3,,POINT (-93.223558666463 43.148356493967)
2014787153,14-0900,02/20/2014,02-February,5-Thursday,14:45,1400 Hours,District 1 (Central),WEST DES MOINES,POLK,,BENNETT DR,Collision with:  Vehicle in traffic,On Roadway,Broadside (front to side),Driving too fast for conditions,None Indicated,,Daylight,Slush,Snow,"Surface condition (e.g., wet, icy)",Non-intersection:  Non-junction/no special feature,Paved,,Property Damage Only,0,0,0,0,0,0,3000,3,2,,POINT (-93.729314406417 41.564889269082)
2014806799,32018-14,02/20/2014,02-February,5-Thursday,13:00,1300 Hours,District 3 (Northwest),,EMMET,IA 15,IA 15/IOWA 15,Collision with:  Vehicle in traffic,On Roadway,"Sideswipe, opposite direction",Crossed centerline (undivided),None Indicated,,Daylight,Slush,Snow,"Surface condition (e.g., wet, icy)",Non-intersection:  Non-junction/no special feature,Paved,,Property Damage Only,0,0,0,0,0,0,3400,3,3,,POINT (-94.452376249262 43.44996470907)
2014787921,14002580,02/20/2014,02-February,5-Thursday,13:12,1300 Hours,District 2 (Northeast),MASON CITY,CERRO GORDO,,12TH ST NE & N CAROLINA AVE,Non-collision events:  Other non-collision (explain in narrative),On Roadway,Non-collision (single vehicle),Other (explain in narrative):  Other,None Indicated,,Daylight,Snow,Cloudy,"Surface condition (e.g., wet, icy)",Non-intersection:  Non-junction/no special feature,Paved,,Property Damage Only,0,0,0,0,0,0,4500,1,1,,POINT (-93.189770959942 43.162879296646)
2014787163,14S00224,02/20/2014,02-February,5-Thursday,15:31,1500 Hours,District 4 (Southwest),,UNION,,BEECHWOOD AVE,Collision with fixed object:  Bridge overhead structure,On Roadway,Non-collision (single vehicle),Lost Control,None Indicated,,Daylight,Slush,Snow,"Surface condition (e.g., wet, icy)",Non-intersection:  Other non-intersection (explain in narrative),Unpaved,,Property Damage Only,0,0,0,0,0,0,2650,1,1,,POINT (-94.452300389231 40.899455954139)
2014807716,2014013108,02/20/2014,02-February,5-Thursday,14:30,1400 Hours,District 6 (East Central),,JOHNSON,I-80,I-80,Collision with fixed object:  Guardrail - face,Shoulder,Non-collision (single vehicle),Ran off road - left,None Indicated,,Daylight,Ice/frost,Cloudy,"Surface condition (e.g., wet, icy)",Non-intersection:  Non-junction/no special feature,Paved,,Property Damage Only,0,0,0,0,0,0,13000,1,2,,POINT (-91.73918842512 41.694718752916)
2014787502,S14-000498,02/20/2014,02-February,5-Thursday,10:27,1000 Hours,District 4 (Southwest),,POTTAWATTAMIE,,Co Rd L35/WABASH AVE,Collision with:  Vehicle in traffic,On Roadway,Head-on (front to front),Swerving/Evasive Action,None Indicated,,Daylight,Snow,Snow,None apparent,Non-intersection:  Non-junction/no special feature,Paved,,Major Injury,0,1,1,0,0,0,9000,2,2,,POINT (-95.803634389531 41.213495431905)
2014792600,1401177,02/20/2014,02-February,5-Thursday,07:31,0700 Hours,District 5 (Southeast),WASHINGTON,WASHINGTON,,N 4TH AVE,Collision with:  Vehicle in traffic,On Roadway,"Sideswipe, opposite direction",Crossed centerline (undivided),None Indicated,,Daylight,Wet,Rain,None apparent,Non-intersection:  Non-junction/no special feature,Paved,,Property Damage Only,0,0,0,0,0,0,2900,2,2,,POINT (-91.688246407355 41.305966853623)
2014791156,2014012341,02/20/2014,02-February,5-Thursday,05:37,0500 Hours,District 5 (Southeast),,WARREN,I-35,I-35,Collision with:  Animal,,,Animal,None Indicated,,,,,,,Paved,,Property Damage Only,0,0,0,0,0,0,4000,1,1,,POINT (-93.779844593448 41.356225223624)
2014790152,,02/20/2014,02-February,5-Thursday,14:00,1400 Hours,District 2 (Northeast),CHARLES CITY,FLOYD,US 18,US 18/BRANTINGHAM ST/4TH AVE & GRAND AVE & N GRAND AVE,Collision with:  Vehicle in traffic,On Roadway,Broadside (front to side),Ran Traffic Signal,None Indicated,,Daylight,Snow,Snow,"Surface condition (e.g., wet, icy)",Intersection:  Four-way intersection,Paved,,Property Damage Only,0,0,0,0,0,0,6000,2,2,,POINT (-92.67253972748 43.066395746883)
2014786806,1402202421,02/20/2014,02-February,5-Thursday,11:05,1100 Hours,District 6 (East Central),,CLINTON,,210 ST,Collision with fixed object:  Ditch,On Roadway,Non-collision (single vehicle),Ran off road - right,None Indicated,,Daylight,Ice/frost,Rain,"Surface condition (e.g., wet, icy)",Non-intersection:  Non-junction/no special feature,Unpaved,,Property Damage Only,0,0,0,0,0,0,13000,1,1,,POINT (-90.766102397412 41.872896011268)
2014788779,14-000702,02/20/2014,02-February,5-Thursday,20:07,2000 Hours,District 3 (Northwest),ROCK RAPIDS,LYON,,S 6TH AVE,Collision with:  Parked motor vehicle,On Roadway,"Sideswipe, same direction",Unknown,None Indicated,,Unknown,Ice/frost,Cloudy,None apparent,Non-intersection:  Driveway access (within),Paved,,Property Damage Only,0,0,0,0,0,0,2000,2,1,,POINT (-96.169999138434 43.426141876758)
2014787436,20140004729,02/20/2014,02-February,5-Thursday,01:45,0100 Hours,District 1 (Central),DES MOINES,POLK,,E WASHINGTON AVE & WAYNE ST,Collision with fixed object:  Utility pole/light support,Roadside,Non-collision (single vehicle),Ran off road - straight,None Indicated,,Dark - roadway lighted,Wet,Clear,None apparent,Intersection:  Other intersection (explain in narrative),Paved,,Possible/Unknown,0,1,0,0,0,1,2000,1,1,,POINT (-93.58363386562 41.60771287186)
2014786872,20140004755,02/20/2014,02-February,5-Thursday,12:17,1200 Hours,District 1 (Central),DES MOINES,POLK,,48TH ST,Collision with fixed object:  Other fixed object (explain in narrative),Roadside,Non-collision (single vehicle),Driving too fast for conditions,None Indicated,,Daylight,Slush,"Sleet, hail","Surface condition (e.g., wet, icy)",Non-intersection:  Non-junction/no special feature,Paved,,Property Damage Only,0,0,0,0,0,0,3000,1,1,,POINT (-93.682618779371 41.606474179499)