Iowa DOT Case Number,Law Enforcement Case Number,Date of Crash,Month of Crash,Day of Week,Time of Crash,Hour,DOT District,City Name,County Name,Route with System,Location Description,First Harmful Event,Location of First Harmful Event,Manner of Crash/Collision,Major Cause,Drug or Alcohol ,Environmental Conditions,Light Conditions,Surface Conditions,Weather Conditions,Roadway Contribution,Roadway Type,Roadway Surface,Work Zone,Crash Severity,Number of Fatalities,Number of Injuries,Number of Major Injuries,Number of Minor Injuries,Number of Possible Injuries,Number of Unknown Injuries,Amount of Property Damage,Number of Vehicles Involved,Total Number of Occupants,Travel Direction,Location
2014788519,14024442,02/20/2014,02-February,5-Thursday,03:40,0300 Hours,District 6 (East Central),,JOHNSON,I-80,I-80,Collision with fixed object:  Ditch,On Roadway,Non-collision (single vehicle),Swerving/Evasive Action,None Indicated,,Dark - roadway not lighted,Wet,Rain,None apparent,Non-intersection:  Non-junction/no special feature,Paved,,Possible/Unknown,0,1,0,0,0,1,15000,1,2,,POINT (-91.415772930439 41.667351272891)
2014787116,14-1131,02/20/2014,02-February,5-Thursday,15:08,1500 Hours,District 1 (Central),,POLK,,NE 94TH AVE,Collision with fixed object:  Ditch,On Roadway,Non-collision (single vehicle),Driving too fast for conditions,None Indicated,,Daylight,Slush,Snow,"Surface condition (e.g., wet, icy)",Non-intersection:  Non-junction/no special feature,Paved,,Possible/Unknown,0,1,0,0,1,0,1500,1,1,,POINT (-93.434933612034 41.731913762587)
2014788567,14-000833,02/20/2014,02-February,5-Thursday,17:04,1700 Hours,District 1 (Central),AMES,STORY,,ASH AVE,Collision with fixed object:  Curb/island/raised median,On Roadway,Non-collision (single vehicle),Driving too fast for conditions,None Indicated,,Daylight,Snow,Snow,"Surface condition (e.g., wet, icy)",Non-intersection:  Non-junction/no special feature,Paved,,Property Damage Only,0,0,0,0,0,0,5000,1,1,,POINT (-93.644897179496 42.01192155892)
2014789284,2014-03345,02/20/2014,02-February,5-Thursday,12:25,1200 Hours,District 5 (Southeast),,WARREN,IA 92,IA 92/IOWA 92,Collision with fixed object:  Mailbox,Shoulder,Non-collision (single vehicle),Driving too fast for conditions,None Indicated,,Daylight,Slush,"Sleet, hail","Surface condition (e.g., wet, icy)",Non-intersection:  Driveway access (within),Paved,,Property Damage Only,0,0,0,0,0,0,4800,1,1,,POINT (-93.491694428671 41.360798628145)
2014787413,14-000819,02/20/2014,02-February,5-Thursday,11:20,1100 Hours,District 1 (Central),ANKENY,POLK,I-35,I-35,Collision with:  Vehicle in traffic,On Roadway,"Sideswipe, same direction",Crossed centerline (undivided),None Indicated,,Daylight,Slush,Cloudy,"Surface condition (e.g., wet, icy)",Non-intersection:  Non-junction/no special feature,Paved,,Minor Injury,0,1,0,1,0,0,6800,2,2,,POINT (-93.570122845185 41.75906414766)
2014787222,2014012472,02/20/2014,02-February,5-Thursday,12:48,1200 Hours,District 1 (Central),,POWESHIEK,I-80,I-80,Collision with fixed object:  Guardrail - face,Median,Non-collision (single vehicle),Driving too fast for conditions,None Indicated,,Daylight,Ice/frost,"Sleet, hail","Surface condition (e.g., wet, icy)",Non-intersection:  Non-junction/no special feature,Paved,,Property Damage Only,0,0,0,0,0,0,2000,1,1,,POINT (-92.721622537472 41.695929917348)
2014787190,S14-1712,02/20/2014,02-February,5-Thursday,19:35,1900 Hours,District 3 (Northwest),SIOUX CITY,WOODBURY,US 75,US 75,Collision with:  Animal,,Non-collision (single vehicle),Animal,None Indicated,,,,,,,Paved,,Property Damage Only,0,0,0,0,0,0,1600,1,1,,POINT (-96.321963167639 42.489993248265)
2014787160,14-006880,02/20/2014,02-February,5-Thursday,14:45,1400 Hours,District 4 (Southwest),COUNCIL BLUFFS,POTTAWATTAMIE,US 6,US 6/KANESVILLE BLVD & N 2ND ST,Collision with:  Vehicle in traffic,On Roadway,Rear-end (front to rear),Driving too fast for conditions,None Indicated,,Daylight,Wet,Snow,None apparent,Intersection:  Four-way intersection,Paved,,Property Damage Only,0,0,0,0,0,0,5800,2,4,,POINT (-95.847062055863 41.263801570007)
2014787257,14017318,02/20/2014,02-February,5-Thursday,13:40,1300 Hours,District 2 (Northeast),CEDAR FALLS,BLACK HAWK,,E VIKING RD & WINTERBERRY DR,Collision with:  Vehicle in traffic,On Roadway,Broadside (front to side),FTYROW:  From stop sign,None Indicated,,Daylight,Slush,Cloudy,None apparent,Intersection:  Other intersection (explain in narrative),Paved,,Property Damage Only,0,0,0,0,0,0,2500,2,3,,POINT (-92.436663769884 42.484034310142)
2014787822,14-000217,02/20/2014,02-February,5-Thursday,13:13,1300 Hours,District 1 (Central),JOHNSTON,POLK,,BIRCHWOOD CT & NW 86TH ST & NORTHPARK DR,Collision with:  Vehicle in traffic,On Roadway,"Sideswipe, opposite direction",Ran Traffic Signal,None Indicated,,Daylight,Snow,Snow,"Surface condition (e.g., wet, icy)",Intersection:  Four-way intersection,Paved,,Property Damage Only,0,0,0,0,0,0,4400,2,4,,POINT (-93.736436526199 41.655474236504)
2014787088,201400501,02/20/2014,02-February,5-Thursday,10:59,1000 Hours,District 6 (East Central),,LINN,,VALLEY VIEW DR,Collision with:  Vehicle in traffic,On Roadway,Unknown,Lost Control,None Indicated,,Daylight,Ice/frost,Cloudy,"Surface condition (e.g., wet, icy)",Non-intersection:  Non-junction/no special feature,Paved,,Property Damage Only,0,0,0,0,0,0,1500,3,3,,POINT (-91.592204701574 41.980557302891)
2014796314,2014-03361,02/20/2014,02-February,5-Thursday,16:29,1600 Hours,District 5 (Southeast),CARLISLE,WARREN,,Co Rd G16/SCOTCH RIDGE RD & 158TH AVE,Collision with fixed object:  Ditch,On Roadway,Non-collision (single vehicle),Ran off road - right,None Indicated,,Daylight,Snow,Snow,"Surface condition (e.g., wet, icy)",Intersection:  T-intersection,Paved,,Property Damage Only,0,0,0,0,0,0,5500,1,1,,POINT (-93.512040433705 41.477762825604)
2014787221,2014012465,02/20/2014,02-February,5-Thursday,12:15,1200 Hours,District 4 (Southwest),,FREMONT,I-29,I-29,Collision with fixed object:  Bridge overhead structure,Shoulder,Non-collision (single vehicle),Driving too fast for conditions,None Indicated,,Daylight,Slush,Snow,"Surface condition (e.g., wet, icy)",Non-intersection:  Other non-intersection (explain in narrative),Paved,,Property Damage Only,0,0,0,0,0,0,10000,1,1,,POINT (-95.805956105213 40.813523259607)
2014788605,,02/20/2014,02-February,5-Thursday,16:22,1600 Hours,District 2 (Northeast),,WINNESHIEK,,Co Rd W42/CO RD W42,Collision with:  Other non-fixed object (explain in narrative),On Roadway,Non-collision (single vehicle),Crossed centerline (undivided),None Indicated,,Daylight,Slush,"Sleet, hail",None apparent,Non-intersection:  Non-junction/no special feature,Paved,,Property Damage Only,0,0,0,0,0,0,2250,1,1,,POINT (-91.784364969422 43.101289254912)
2014786877,14-0891,02/20/2014,02-February,5-Thursday,11:00,1100 Hours,District 1 (Central),WEST DES MOINES,POLK,I-35,I-35,Collision with:  Vehicle in traffic,On Roadway,"Sideswipe, same direction",Lost Control,None Indicated,,Daylight,Ice/frost,Snow,None apparent,Non-intersection:  Non-junction/no special feature,Paved,,Property Damage Only,0,0,0,0,0,0,20000,2,2,,POINT (-93.775769332196 41.544255818004)
2014787124,20140004763,02/20/2014,02-February,5-Thursday,13:46,1300 Hours,District 1 (Central),DES MOINES,POLK,,E 9TH ST,Collision with:  Vehicle in traffic,On Roadway,"Sideswipe, same direction",Made improper turn,None Indicated,,Daylight,Slush,Snow,None apparent,Non-intersection:  Non-junction/no special feature,Paved,,Property Damage Only,0,0,0,0,0,0,5705,2,2,,POINT (-93.606459606844 41.606369742202)
2014786876,14-0374,02/20/2014,02-February,5-Thursday,01:00,0100 Hours,District 1 (Central),URBANDALE,POLK,,MAPLE DR & BEECHWOOD DR & 74TH ST,Collision with fixed object:  Utility pole/light support,Roadside,Non-collision (single vehicle),Ran off road - right,None Indicated,,Unknown,Wet,Rain,None apparent,Non-intersection:  Non-junction/no special feature,Paved,,Property Damage Only,0,0,0,0,0,0,7000,1,1,,POINT (-93.720165766496 41.623376773682)
2014787219,2014012427,02/20/2014,02-February,5-Thursday,09:30,0900 Hours,District 4 (Southwest),,FREMONT,I-29,I-29,Collision with fixed object:  Bridge overhead structure,Shoulder,Non-collision (single vehicle),Driving too fast for conditions,None Indicated,,Daylight,Slush,Snow,"Surface condition (e.g., wet, icy)",Non-intersection:  Other non-intersection (explain in narrative),Paved,,Property Damage Only,0,0,0,0,0,0,3000,1,1,,POINT (-95.805980468399 40.813819895496)
2014789349,14-009,02/20/2014,02-February,5-Thursday,19:00,1900 Hours,District 3 (Northwest),,CALHOUN,,Co Rd D11/165TH ST,Collision with fixed object:  Ditch,Roadside,Non-collision (single vehicle),Driving too fast for conditions,None Indicated,,Dark - roadway not lighted,Snow,"Blowing sand, soil, dirt",Unknown,Non-intersection:  Driveway access (within),Paved,,Major Injury,0,1,1,0,0,0,10000,1,1,,POINT (-94.697681860372 42.552938992318)
2014787152,14-0902,02/20/2014,02-February,5-Thursday,21:54,2100 Hours,District 1 (Central),WEST DES MOINES,POLK,I-35,I-35 & MILLS CIVIC PKWY,Collision with:  Vehicle in traffic,On Roadway,"Sideswipe, same direction",Lost Control,None Indicated,,Dark - roadway lighted,Ice/frost,Snow,"Surface condition (e.g., wet, icy)",Non-intersection:  Non-junction/no special feature,Paved,,Property Damage Only,0,0,0,0,0,0,8000,2,2,,POINT (-93.77838167789 41.559136192312)
2014787856,14020399,02/20/2014,02-February,5-Thursday,22:09,2200 Hours,District 5 (Southeast),OTTUMWA,WAPELLO,,RABBIT RUN,Collision with fixed object:  Utility pole/light support,Shoulder,Non-collision (single vehicle),Driving too fast for conditions,None Indicated,,Dark - unknown roadway lighting,Ice/frost,Cloudy,None apparent,Non-intersection:  Non-junction/no special feature,Paved,,Property Damage Only,0,0,0,0,0,0,10000,1,1,,POINT (-92.401667311719 40.991879645078)
2014788127,14-000831,02/20/2014,02-February,5-Thursday,14:45,1400 Hours,District 1 (Central),AMES,STORY,,BAUGHMAN RD & DOTSON DR,Collision with:  Vehicle in traffic,On Roadway,Broadside (front to side),FTYROW:  From stop sign,None Indicated,,Daylight,Slush,Snow,None apparent,Intersection:  Four-way intersection,Paved,,Property Damage Only,0,0,0,0,0,0,4200,2,2,,POINT (-93.671383250098 42.021244614405)
2014786882,14-0892,02/20/2014,02-February,5-Thursday,12:25,1200 Hours,District 1 (Central),WEST DES MOINES,POLK,,OAKWOOD LN & S 50TH ST,Collision with:  Vehicle in traffic,On Roadway,Rear-end (front to rear),Lost Control,None Indicated,,Daylight,Snow,Snow,"Surface condition (e.g., wet, icy)",Non-intersection:  Non-junction/no special feature,Paved,,Property Damage Only,0,0,0,0,0,0,10000,2,2,,POINT (-93.770603747908 41.549460731403)
2014787118,14-000829,02/20/2014,02-February,5-Thursday,23:20,2300 Hours,District 1 (Central),ANKENY,POLK,I-35,I-35,Collision with fixed object:  Guardrail - face,Shoulder,Non-collision (single vehicle),Driving too fast for conditions,None Indicated,,Dark - roadway lighted,Ice/frost,Snow,"Surface condition (e.g., wet, icy)",Non-intersection:  Other non-intersection (explain in narrative),Paved,,Possible/Unknown,0,1,0,0,1,0,8500,1,1,,POINT (-93.57617603942 41.702821023496)
2014790397,14-004652,02/20/2014,02-February,5-Thursday,12:17,1200 Hours,District 5 (Southeast),FORT MADISON,LEE,,HENRY LAYDEN DR,Collision with:  Vehicle in traffic,On Roadway,Rear-end (front to rear),FTYROW:  Other (explain in narrative),None Indicated,,Daylight,Wet,Cloudy,None apparent,Non-intersection:  Non-junction/no special feature,Paved,,Property Damage Only,0,0,0,0,0,0,3000,2,2,,POINT (-91.434360102261 40.574201886142)
2014788729,34-2014,02/20/2014,02-February,5-Thursday,06:00,0600 Hours,District 4 (Southwest),MISSOURI VALLEY,HARRISON,US 30,US 30/E LINCOLN WAY,Collision with:  Animal,On Roadway,Non-collision (single vehicle),Animal,None Indicated,,Dawn,Dry,Cloudy,None apparent,Non-intersection:  Non-junction/no special feature,Paved,,Property Damage Only,0,0,0,0,0,0,2500,1,1,,POINT (-95.878917399251 41.561562790046)
2014788352,1400000135,02/20/2014,02-February,5-Thursday,18:21,1800 Hours,District 1 (Central),,MARSHALL,IA 330,IA 330/MARSH AVE,Collision with:  Other non-fixed object (explain in narrative),On Roadway,"Sideswipe, same direction",Driving too fast for conditions,None Indicated,,Dusk,Slush,Snow,"Surface condition (e.g., wet, icy)",Non-intersection:  Non-junction/no special feature,Paved,,Property Damage Only,0,0,0,0,0,0,7000,2,2,,POINT (-93.000132904157 42.039546118136)
2014786874,20140004758,02/20/2014,02-February,5-Thursday,12:59,1200 Hours,District 1 (Central),DES MOINES,POLK,US 69,US 69/SE 14TH ST & E MCKINLEY AVE,Collision with fixed object:  Utility pole/light support,Shoulder,Non-collision (single vehicle),Driving too fast for conditions,None Indicated,,Daylight,Slush,"Sleet, hail",None apparent,Non-intersection:  Non-junction/no special feature,Paved,,Possible/Unknown,0,1,0,0,1,0,2000,1,4,,POINT (-93.596853401296 41.540630848475)
2014789513,2014012419,02/20/2014,02-February,5-Thursday,10:37,1000 Hours,District 4 (Southwest),,POTTAWATTAMIE,I-80,I-80 & US 59,Collision with fixed object:  Guardrail - face,Median,Non-collision (single vehicle),Ran off road - left,None Indicated,,Daylight,Snow,Snow,None apparent,Non-intersection:  Other non-intersection (explain in narrative),Paved,,Property Damage Only,0,0,0,0,0,0,8000,1,1,,POINT (-95.33650270543 41.49756075859)
2014786982,1400016,02/20/2014,02-February,5-Thursday,13:15,1300 Hours,District 1 (Central),ACKLEY,HARDIN,,FRANKLIN ST,Collision with:  Vehicle in traffic,On Roadway,Broadside (front to side),Other (explain in narrative):  Other,None Indicated,,Daylight,Snow,Snow,"Surface condition (e.g., wet, icy)",Intersection:  Four-way intersection,Paved,,Property Damage Only,0,0,0,0,0,0,2000,2,2,,POINT (-93.056266201731 42.556659188276)
2014787295,14002388,02/20/2014,02-February,5-Thursday,10:44,1000 Hours,District 3 (Northwest),,CLAY,,Co Rd M36/155TH AVE,Collision with:  Animal,,,Animal,None Indicated,,,,,,,Paved,,Property Damage Only,0,0,0,0,0,0,10000,1,1,,POINT (-95.279603488254 43.055104109383)
2014786934,14-0512,02/20/2014,02-February,5-Thursday,12:10,1200 Hours,District 1 (Central),FORT DODGE,WEBSTER,,N 15TH ST,Collision with:  Vehicle in traffic,On Roadway,Rear-end (front to rear),Driving too fast for conditions,None Indicated,,Daylight,Snow,Snow,"Surface condition (e.g., wet, icy)",Non-intersection:  Non-junction/no special feature,Paved,,Property Damage Only,0,0,0,0,0,0,3500,2,2,,POINT (-94.178014985615 42.526275227841)
2014787666,2014012657,02/20/2014,02-February,5-Thursday,17:30,1700 Hours,District 3 (Northwest),,BUENA VISTA,US 71,US 71/130TH AVE,Collision with fixed object:  Culvert/pipe opening,Outside trafficway,Non-collision (single vehicle),Ran off road - right,None Indicated,,Daylight,Wet,Snow,None apparent,Non-intersection:  Non-junction/no special feature,Paved,,Property Damage Only,0,0,0,0,0,0,5200,1,1,,POINT (-95.151224524533 42.847834995404)
2014786774,W14-017243,02/20/2014,02-February,5-Thursday,08:37,0800 Hours,District 2 (Northeast),WATERLOO,BLACK HAWK,,BISMARK AVE & STEPHAN AVE,Collision with:  Vehicle in traffic,On Roadway,Broadside (front to side),FTYROW:  From driveway,None Indicated,,Daylight,Wet,Rain,None apparent,Non-intersection:  Driveway access (within),Paved,,Property Damage Only,0,0,0,0,0,0,3500,2,3,,POINT (-92.385086042173 42.502717485243)
2014789970,201400499,02/20/2014,02-February,5-Thursday,07:45,0700 Hours,District 6 (East Central),,LINN,US 151,US 151 & IA 100/COLLINS RD SE & SECRIST RD,Collision with:  Vehicle in traffic,On Roadway,Rear-end (front to rear),Made improper turn,None Indicated,,Daylight,Wet,Cloudy,None apparent,Intersection:  Four-way intersection,Paved,,Property Damage Only,0,0,0,0,0,0,4000,3,4,,POINT (-91.550211048314 42.019905720092)
2014787406,SO14000400,02/20/2014,02-February,5-Thursday,09:07,0900 Hours,District 3 (Northwest),,PLYMOUTH,IA 3,IA 3/IOWA 3,Non-collision events:  Overturn/rollover,On Roadway,Non-collision (single vehicle),Ran off road - right,None Indicated,,Daylight,Snow,Snow,"Surface condition (e.g., wet, icy)",Non-intersection:  Non-junction/no special feature,Paved,,Minor Injury,0,1,0,1,0,0,10000,1,2,,POINT (-96.37796010266 42.807810813437)
2014791457,2014012560,02/20/2014,02-February,5-Thursday,14:30,1400 Hours,District 4 (Southwest),,DALLAS,I-80,I-80,Collision with fixed object:  Guardrail - face,Shoulder,Non-collision (single vehicle),Driving too fast for conditions,None Indicated,,Daylight,Snow,Snow,"Surface condition (e.g., wet, icy)",Non-intersection:  Non-junction/no special feature,Paved,,Property Damage Only,0,0,0,0,0,0,12500,1,1,,POINT (-94.190690401775 41.517136095879)
2014789514,2014012483,02/20/2014,02-February,5-Thursday,13:05,1300 Hours,District 1 (Central),,POLK,I-35,I-35,Collision with fixed object:  Guardrail - face,Shoulder,Non-collision (single vehicle),Driving too fast for conditions,None Indicated,,Daylight,Slush,"Sleet, hail","Surface condition (e.g., wet, icy)",Non-intersection:  Non-junction/no special feature,Paved,,Property Damage Only,0,0,0,0,0,0,4000,1,1,,POINT (-93.569986662474 41.766783812759)
2014788115,14-1915,02/20/2014,02-February,5-Thursday,10:00,1000 Hours,District 3 (Northwest),,SIOUX,US 18,US 18/US 75/320TH ST,Collision with:  Vehicle in traffic,On Roadway,Broadside (front to side),Crossed centerline (undivided),None Indicated,,Daylight,Slush,Snow,"Surface condition (e.g., wet, icy)",Intersection:  Four-way intersection,Paved,,Property Damage Only,0,0,0,0,0,0,3300,2,2,,POINT (-96.177291372855 43.185718621867)
2014787674,1400017,02/20/2014,02-February,5-Thursday,21:29,2100 Hours,District 1 (Central),ACKLEY,HARDIN,,MAIN ST,Unknown,On Roadway,Non-collision (single vehicle),Other (explain in narrative):  No improper action,None Indicated,,Dark - roadway lighted,Snow,Snow,Unknown,Non-intersection:  Non-junction/no special feature,Paved,,Property Damage Only,0,0,0,0,0,0,1600,2,1,,POINT (-93.042718699836 42.554152424996)
2014787089,201400503,02/20/2014,02-February,5-Thursday,14:00,1400 Hours,District 6 (East Central),,LINN,US 151,US 151,Collision with fixed object:  Ditch,Roadside,Non-collision (single vehicle),Driving too fast for conditions,None Indicated,,Daylight,Slush,"Sleet, hail","Surface condition (e.g., wet, icy)",Non-intersection:  Non-junction/no special feature,Paved,,Possible/Unknown,0,1,0,0,1,0,100,1,2,,POINT (-91.554775674812 41.959647581433)
2014789041,2014012440,02/20/2014,02-February,5-Thursday,11:35,1100 Hours,District 1 (Central),ANKENY,POLK,I-35,I-35,Collision with fixed object:  Guardrail - face,Roadside,Non-collision (single vehicle),Swerving/Evasive Action,None Indicated,,Daylight,Ice/frost,Snow,"Surface condition (e.g., wet, icy)",Non-intersection:  Non-junction/no special feature,Paved,,Property Damage Only,0,0,0,0,0,0,3000,1,1,,POINT (-93.57596274546 41.693733940206)
2014787276,022114-117,02/21/2014,02-February,6-Friday,08:00,0800 Hours,District 3 (Northwest),,BUENA VISTA,,Co Rd M54/210TH AVE,Collision with fixed object:  Ditch,On Roadway,Non-collision (single vehicle),Ran off road - left,None Indicated,,Daylight,Unknown,Cloudy,None apparent,Non-intersection:  Non-junction/no special feature,Paved,,Property Damage Only,0,0,0,0,0,0,5000,1,1,,POINT (-94.992554311288 42.756614421062)
2014787415,14-000834,02/21/2014,02-February,6-Friday,07:20,0700 Hours,District 1 (Central),ANKENY,POLK,,SE SHURFINE DR,Collision with:  Vehicle in traffic,On Roadway,"Sideswipe, opposite direction",FTYROW:  Making left turn,None Indicated,,Daylight,Ice/frost,Clear,"Surface condition (e.g., wet, icy)",Non-intersection:  Driveway access (within),Paved,,Possible/Unknown,0,1,0,0,1,0,6500,2,2,,POINT (-93.590024072851 41.712271235269)
2014788278,,02/21/2014,02-February,6-Friday,17:12,1700 Hours,District 3 (Northwest),ROCK VALLEY,SIOUX,US 18,US 18/10TH ST & VALLEY DR,Collision with:  Vehicle in traffic,On Roadway,Rear-end (front to rear),Followed too close,None Indicated,,Daylight,Dry,Clear,None apparent,Intersection:  T-intersection,Paved,,Possible/Unknown,0,1,0,0,1,0,4500,2,3,,POINT (-96.298051625095 43.199936152508)
2014787379,14003657,02/21/2014,02-February,6-Friday,10:20,1000 Hours,District 6 (East Central),MARION,LINN,,BLAIRS FERRY RD,Collision with:  Animal,On Roadway,Non-collision (single vehicle),Animal,None Indicated,,Daylight,Dry,Clear,None apparent,Non-intersection:  Non-junction/no special feature,Paved,,Property Damage Only,0,0,0,0,0,0,2000,1,1,,POINT (-91.620835265254 42.032034110321)
2014788128,14-000841,02/21/2014,02-February,6-Friday,08:17,0800 Hours,District 1 (Central),AMES,STORY,US 69,US 69/GRAND AVE & 6TH ST,Collision with:  Vehicle in traffic,On Roadway,Broadside (front to side),Ran Traffic Signal,None Indicated,,Daylight,Ice/frost,Clear,None apparent,Intersection:  Four-way intersection,Paved,,Possible/Unknown,0,1,0,0,1,0,4850,2,2,,POINT (-93.620223901884 42.026819314473)
2014787845,2014-11348,02/21/2014,02-February,6-Friday,22:23,2200 Hours,District 6 (East Central),DAVENPORT,SCOTT,,W LOCUST ST,Collision with:  Vehicle in traffic,On Roadway,Rear-end (front to rear),Followed too close,None Indicated,,Dark - roadway lighted,Dry,Cloudy,None apparent,Non-intersection:  Non-junction/no special feature,Paved,,Property Damage Only,0,0,0,0,0,0,2000,2,6,,POINT (-90.57464542864 41.538266830409)
2014787439,20140004911,02/21/2014,02-February,6-Friday,22:15,2200 Hours,District 1 (Central),DES MOINES,POLK,US 69,US 69/E 14TH ST & E GRAND AVE,Collision with:  Vehicle in traffic,On Roadway,Broadside (front to side),Unknown,None Indicated,,Dark - roadway lighted,Dry,Clear,None apparent,Non-intersection:  Non-junction/no special feature,Paved,,Property Damage Only,0,0,0,0,0,0,1500,2,3,,POINT (-93.597987258441 41.593407671492)
2014787296,14002437,02/21/2014,02-February,6-Friday,06:18,0600 Hours,District 3 (Northwest),,CLAY,US 71,US 71,Non-collision events:  Overturn/rollover,On Roadway,Non-collision (single vehicle),Ran off road - left,None Indicated,,Dark - roadway not lighted,Ice/frost,Snow,"Surface condition (e.g., wet, icy)",Non-intersection:  Non-junction/no special feature,Paved,,Property Damage Only,0,0,0,0,0,0,10000,1,2,,POINT (-95.161259631207 42.925321224642)
2014787259,14017576,02/21/2014,02-February,6-Friday,09:05,0900 Hours,District 2 (Northeast),CEDAR FALLS,BLACK HAWK,,CEDAR HEIGHTS DR,Collision with:  Vehicle in traffic,On Roadway,Unknown,Crossed centerline (undivided),None Indicated,,Daylight,Ice/frost,Clear,"Surface condition (e.g., wet, icy)",Non-intersection:  Non-junction/no special feature,Paved,,Property Damage Only,0,0,0,0,0,0,3500,2,2,,POINT (-92.411244799025 42.495866325312)
2014788599,,02/21/2014,02-February,6-Friday,16:50,1600 Hours,District 5 (Southeast),WILTON,MUSCATINE,,W 5TH ST & E 5TH ST & MAURER ST,Collision with:  Vehicle in traffic,On Roadway,Broadside (front to side),Other (explain in narrative):  Vision obstructed,None Indicated,,Daylight,Dry,Cloudy,,Non-intersection:  Non-junction/no special feature,Paved,,Property Damage Only,0,0,0,0,0,0,6000,2,4,,POINT (-91.016878140532 41.589790684312)
2014808032,2014012802,02/21/2014,02-February,6-Friday,07:45,0700 Hours,District 2 (Northeast),,BLACK HAWK,US 20,US 20,Collision with:  Vehicle in traffic,On Roadway,"Sideswipe, same direction",Unknown,None Indicated,,Daylight,Ice/frost,Cloudy,"Surface condition (e.g., wet, icy)",Non-intersection:  Non-junction/no special feature,Paved,,Property Damage Only,0,0,0,0,0,0,2500,2,2,,POINT (-92.512348687412 42.464694449077)
2014797988,14-1106PD,02/21/2014,02-February,6-Friday,16:10,1600 Hours,District 1 (Central),BOONE,BOONE,,16TH ST & MARSHALL ST,Collision with:  Vehicle in traffic,On Roadway,Broadside (front to side),FTYROW:  At uncontrolled intersection,None Indicated,,Daylight,Snow,Clear,None apparent,Intersection:  Four-way intersection,Paved,,Possible/Unknown,0,2,0,0,2,0,9000,2,6,,POINT (-93.878409973009 42.072048529682)
2014787180,14-0526,02/21/2014,02-February,6-Friday,13:50,1300 Hours,District 1 (Central),FORT DODGE,WEBSTER,,1ST AVE S & S 25TH ST,Collision with:  Vehicle in traffic,On Roadway,Broadside (front to side),FTYROW:  Other (explain in narrative),None Indicated,,Daylight,Wet,Clear,None apparent,Intersection:  Four-way intersection,Paved,,Property Damage Only,0,0,0,0,0,0,5000,2,2,,POINT (-94.163135399586 42.505200822257)
2014787968,2014001987,02/21/2014,02-February,6-Friday,17:14,1700 Hours,District 6 (East Central),IOWA CITY,JOHNSON,,1ST ST & S GILBERT ST,Collision with:  Vehicle in traffic,On Roadway,"Sideswipe, opposite direction",Other (explain in narrative):  Vision obstructed,None Indicated,,Daylight,Wet,Clear,Obstruction in roadway,Intersection:  T-intersection,Paved,,Property Damage Only,0,0,0,0,0,0,2500,2,2,,POINT (-91.53199709568 41.648431249295)
2014788591,2014012731,02/21/2014,02-February,6-Friday,05:25,0500 Hours,District 2 (Northeast),MANLY,WORTH,US 65,US 65/ORCHID & IA 9/IOWA 9/W SOUTH ST,Collision with:  Vehicle in traffic,On Roadway,"Sideswipe, opposite direction",Traveling wrong way or on wrong side of road,None Indicated,,Dark - roadway lighted,Ice/frost,"Blowing sand, soil, dirt","Surface condition (e.g., wet, icy)",Non-intersection:  Non-junction/no special feature,Paved,,Property Damage Only,0,0,0,0,0,0,5100,2,2,,POINT (-93.210940770104 43.284135989252)
2014787493,14-0136,02/21/2014,02-February,6-Friday,16:58,1600 Hours,District 1 (Central),WINDSOR HEIGHTS,POLK,,73RD ST,Collision with:  Vehicle in traffic,On Roadway,Rear-end (front to rear),Followed too close,None Indicated,,Daylight,Wet,Clear,None apparent,Non-intersection:  Non-junction/no special feature,Paved,,Property Damage Only,0,0,0,0,0,0,6000,2,2,,POINT (-93.717994429241 41.599692428723)
2014788318,CL14000519,02/21/2014,02-February,6-Friday,08:00,0800 Hours,District 6 (East Central),CLINTON,CLINTON,,S BLUFF BLVD & COLLEGE AVE,Collision with:  Vehicle in traffic,On Roadway,Rear-end (front to rear),Driving too fast for conditions,None Indicated,,Daylight,Ice/frost,Clear,"Surface condition (e.g., wet, icy)",Non-intersection:  Non-junction/no special feature,Paved,,Property Damage Only,0,0,0,0,0,0,3000,2,2,,POINT (-90.226636511792 41.832724514577)
2014787510,14-007080,02/21/2014,02-February,6-Friday,21:50,2100 Hours,District 4 (Southwest),COUNCIL BLUFFS,POTTAWATTAMIE,,16TH AVE & S MAIN ST,Collision with:  Railway vehicle/train,On Roadway,Broadside (front to side),"Operating vehicle in an reckless, erratic, careless, negligent manner",None Indicated,,Dark - roadway lighted,Wet,Clear,None apparent,Non-intersection:  Railroad grade crossing,Paved,,Property Damage Only,0,0,0,0,0,0,10000,2,2,,POINT (-95.851756506011 41.246609221063)