Iowa DOT Case Number,Law Enforcement Case Number,Date of Crash,Month of Crash,Day of Week,Time of Crash,Hour,DOT District,City Name,County Name,Route with System,Location Description,First Harmful Event,Location of First Harmful Event,Manner of Crash/Collision,Major Cause,Drug or Alcohol ,Environmental Conditions,Light Conditions,Surface Conditions,Weather Conditions,Roadway Contribution,Roadway Type,Roadway Surface,Work Zone,Crash Severity,Number of Fatalities,Number of Injuries,Number of Major Injuries,Number of Minor Injuries,Number of Possible Injuries,Number of Unknown Injuries,Amount of Property Damage,Number of Vehicles Involved,Total Number of Occupants,Travel Direction,Location
2014788256,2014012753,02/21/2014,02-February,6-Friday,07:34,0700 Hours,District 1 (Central),,POLK,I-80,I-80,Collision with:  Vehicle in traffic,On Roadway,"Sideswipe, same direction",Lost Control,None Indicated,,Daylight,Wet,Clear,None apparent,Non-intersection:  Non-junction/no special feature,Paved,,Possible/Unknown,0,2,0,0,2,0,5500,2,3,,POINT (-93.534701464239 41.6581479905)
2014787399,14-007395,02/21/2014,02-February,6-Friday,04:42,0400 Hours,District 5 (Southeast),MUSCATINE,MUSCATINE,US 61,US 61 & IA 22/PARK AVE & IA 38,Collision with:  Vehicle in traffic,On Roadway,Rear-end (front to rear),Driving too fast for conditions,None Indicated,,Dark - roadway lighted,Snow,Snow,"Surface condition (e.g., wet, icy)",Non-intersection:  Non-junction/no special feature,Paved,,Property Damage Only,0,0,0,0,0,0,4500,2,2,,POINT (-91.030117307115 41.453691966972)
2014787179,14-0519,02/21/2014,02-February,6-Friday,10:42,1000 Hours,District 1 (Central),FORT DODGE,WEBSTER,,E KENYON RD & 5TH AVE S & S 12TH ST,Collision with:  Vehicle in traffic,On Roadway,Rear-end (front to rear),Driving too fast for conditions,None Indicated,,Daylight,Slush,Clear,"Surface condition (e.g., wet, icy)",Intersection:  Four-way intersection,Paved,,Property Damage Only,0,0,0,0,0,0,2000,2,2,,POINT (-94.182614444851 42.500948881793)
2014787144,20140004834,02/21/2014,02-February,6-Friday,08:58,0800 Hours,District 1 (Central),DES MOINES,POLK,,KEOSAUQUA WAY & KEOSAUQUA WAY RAMP,Collision with:  Vehicle in traffic,On Roadway,Rear-end (front to rear),Swerving/Evasive Action,None Indicated,,Daylight,Ice/frost,Clear,"Surface condition (e.g., wet, icy)",Intersection:  Y-intersection,Paved,,Property Damage Only,0,0,0,0,0,0,2000,2,2,,POINT (-93.638010807694 41.599128299813)
2014788452,2014012832,02/21/2014,02-February,6-Friday,09:45,0900 Hours,District 2 (Northeast),,CERRO GORDO,I-35,I-35,Non-collision events:  Jackknife,On Roadway,Non-collision (single vehicle),Swerving/Evasive Action,None Indicated,,Daylight,Ice/frost,"Blowing sand, soil, dirt","Surface condition (e.g., wet, icy)",Non-intersection:  Non-junction/no special feature,Paved,,Property Damage Only,0,0,0,0,0,0,2000,1,1,,POINT (-93.348801462631 43.223458330898)
2014787331,14-002713,02/21/2014,02-February,6-Friday,01:34,0100 Hours,District 5 (Southeast),,HENRY,US 218,US 218,Collision with fixed object:  Tree,Roadside,Non-collision (single vehicle),Ran off road - right,None Indicated,,Dark - roadway not lighted,Ice/frost,Cloudy,None apparent,Non-intersection:  Non-junction/no special feature,Paved,,Minor Injury,0,1,0,1,0,0,12000,1,1,,POINT (-91.549112926959 41.006865929925)
2014787090,201402563,02/21/2014,02-February,6-Friday,12:15,1200 Hours,District 6 (East Central),CEDAR RAPIDS,LINN,,32ND AVE SW & 6TH ST SW,Collision with:  Vehicle in traffic,On Roadway,"Sideswipe, same direction",Improper or erratic lane changing,None Indicated,,Daylight,Dry,Clear,None apparent,Intersection:  Four-way intersection,Paved,,Property Damage Only,0,0,0,0,0,0,5000,2,2,,POINT (-91.676434673281 41.945542620814)
2014787418,14-000838,02/21/2014,02-February,6-Friday,08:40,0800 Hours,District 1 (Central),ANKENY,POLK,,SE MAGAZINE RD & SE SHARON DR,Collision with:  Vehicle in traffic,On Roadway,Broadside (front to side),Ran Stop Sign,None Indicated,,Daylight,Ice/frost,Clear,"Surface condition (e.g., wet, icy)",Intersection:  T-intersection,Paved,,Property Damage Only,0,0,0,0,0,0,5000,2,2,,POINT (-93.59520400914 41.717378545599)
2014787317,14-05941,02/21/2014,02-February,6-Friday,19:15,1900 Hours,District 5 (Southeast),BURLINGTON,DES MOINES,US 34,US 34/SE RAMP,Collision with:  Vehicle in traffic,On Roadway,"Sideswipe, same direction",FTYROW:  Other (explain in narrative),None Indicated,,Dark - roadway lighted,Dry,Clear,None apparent,Interchange-related:  On-ramp merge area,Paved,,Property Damage Only,0,0,0,0,0,0,4000,2,2,,POINT (-91.122774493821 40.817241122614)
2014787839,14-3330,02/21/2014,02-February,6-Friday,18:20,1800 Hours,District 6 (East Central),BETTENDORF,SCOTT,I-74,I-74,Collision with fixed object:  Guardrail - face,On Roadway,Non-collision (single vehicle),Followed too close,None Indicated,,Dark - roadway lighted,Dry,Clear,None apparent,Non-intersection:  Non-junction/no special feature,Paved,,Property Damage Only,0,0,0,0,0,0,4500,1,2,,POINT (-90.522300586075 41.567060348393)
2014790160,,02/21/2014,02-February,6-Friday,18:48,1800 Hours,District 2 (Northeast),,WINNESHIEK,,MIDDLE HESPER RD,Collision with:  Animal,On Roadway,Non-collision (single vehicle),Animal,None Indicated,,Dark - roadway not lighted,Snow,Cloudy,None apparent,Non-intersection:  Non-junction/no special feature,Unpaved,,Property Damage Only,0,0,0,0,0,0,3500,1,1,,POINT (-91.772953944623 43.395544797125)
2014787996,14-003855,02/21/2014,02-February,6-Friday,18:47,1800 Hours,District 5 (Southeast),,MARION,,Co Rd T15/HWY T15,Collision with:  Animal,,,Animal,None Indicated,,,,,,,Paved,,Property Damage Only,0,0,0,0,0,0,1500,1,1,,POINT (-92.999211140239 41.342203240908)
2014789043,2014012830,02/21/2014,02-February,6-Friday,08:30,0800 Hours,District 2 (Northeast),,WORTH,I-35,I-35,Non-collision events:  Jackknife,Median,Non-collision (single vehicle),Ran off road - left,None Indicated,,Daylight,Ice/frost,Clear,"Surface condition (e.g., wet, icy)",Non-intersection:  Non-junction/no special feature,Paved,,Property Damage Only,0,0,0,0,0,0,15000,1,1,,POINT (-93.349047248138 43.36347937122)
2014787228,2014012718,02/21/2014,02-February,6-Friday,00:55,0000 Hours,District 6 (East Central),CORALVILLE,JOHNSON,I-380,I-380,Non-collision events:  Jackknife,Median,Non-collision (single vehicle),Ran off road - left,None Indicated,,Dark - roadway not lighted,Ice/frost,Snow,None apparent,Non-intersection:  Non-junction/no special feature,Paved,,Property Damage Only,0,0,0,0,0,0,15878,1,1,,POINT (-91.642088294604 41.709095057934)
2014787625,14-5224,02/21/2014,02-February,6-Friday,12:31,1200 Hours,District 3 (Northwest),SIOUX CITY,WOODBURY,,18TH ST & ILLINOIS AVE & STEUBEN ST,Collision with:  Vehicle in traffic,On Roadway,Rear-end (front to rear),Improper Backing,None Indicated,,Daylight,Dry,Cloudy,None apparent,Intersection:  Four-way intersection,Paved,,Property Damage Only,0,0,0,0,0,0,2200,2,2,,POINT (-96.388892739468 42.508462742155)
2014787417,14-000837,02/21/2014,02-February,6-Friday,08:20,0800 Hours,District 1 (Central),ANKENY,POLK,,SE MAGAZINE RD,Collision with:  Vehicle in traffic,On Roadway,Rear-end (front to rear),Driving too fast for conditions,None Indicated,,Daylight,Ice/frost,Clear,"Surface condition (e.g., wet, icy)",Non-intersection:  Non-junction/no special feature,Paved,,Property Damage Only,0,0,0,0,0,0,1800,2,2,,POINT (-93.599159008299 41.717366999082)
2014816004,B14210916,02/21/2014,02-February,6-Friday,09:15,0900 Hours,District 2 (Northeast),,FRANKLIN,IA 3,IA 3/IOWA 3,Collision with:  Vehicle in traffic,On Roadway,"Sideswipe, opposite direction",Unknown,None Indicated,,Daylight,Ice/frost,Clear,"Surface condition (e.g., wet, icy)",Intersection:  T-intersection,Paved,,Minor Injury,0,1,0,1,0,0,10500,2,2,,POINT (-93.263379184625 42.742606873057)
2014787141,20140004821,02/21/2014,02-February,6-Friday,07:19,0700 Hours,District 1 (Central),DES MOINES,POLK,US 6,US 6/MERLE HAY RD/HICKMAN RD & MERKLIN WAY,Collision with:  Vehicle in traffic,On Roadway,"Sideswipe, opposite direction",Unknown,None Indicated,,Daylight,Ice/frost,Cloudy,"Surface condition (e.g., wet, icy)",Intersection:  Four-way intersection,Paved,,Property Damage Only,0,0,0,0,0,0,4300,2,2,,POINT (-93.697782827154 41.614903949232)
2014791380,14-020221-01,02/21/2014,02-February,6-Friday,14:30,1400 Hours,District 6 (East Central),,IOWA,US 6,US 6/42ND AVE & US 151,Collision with:  Vehicle in traffic,On Roadway,Unknown,Other (explain in narrative):  Other,None Indicated,,Daylight,Dry,Clear,None apparent,Intersection:  T-intersection,Paved,,Property Damage Only,0,0,0,0,0,0,2430,2,3,,POINT (-91.873623493416 41.764963830559)
2014787129,20140004832,02/21/2014,02-February,6-Friday,08:46,0800 Hours,District 1 (Central),DES MOINES,POLK,,FLEUR DR,Collision with fixed object:  Other fixed object (explain in narrative),Roadside,Non-collision (single vehicle),Swerving/Evasive Action,None Indicated,,Daylight,Ice/frost,Clear,"Surface condition (e.g., wet, icy)",Non-intersection:  Non-junction/no special feature,Paved,,Property Damage Only,0,0,0,0,0,0,3000,1,1,,POINT (-93.645000504394 41.553908856191)
2014787434,20140004874,02/21/2014,02-February,6-Friday,15:51,1500 Hours,District 1 (Central),DES MOINES,POLK,US 6,US 6/DOUGLAS AVE & 40TH ST,Collision with:  Vehicle in traffic,On Roadway,Rear-end (front to rear),Swerving/Evasive Action,None Indicated,,Daylight,Dry,Cloudy,None apparent,Non-intersection:  Non-junction/no special feature,Paved,,Property Damage Only,0,0,0,0,0,0,8000,2,4,,POINT (-93.672032867919 41.62949588849)
2014787422,14-000861,02/21/2014,02-February,6-Friday,15:55,1500 Hours,District 1 (Central),ANKENY,POLK,,NW STATE ST,Collision with:  Vehicle in traffic,On Roadway,"Sideswipe, opposite direction",FTYROW:  Making left turn,None Indicated,,Daylight,Wet,Clear,None apparent,Non-intersection:  Driveway access (within),Paved,,Property Damage Only,0,0,0,0,0,0,10000,2,4,,POINT (-93.621517852018 41.732199928651)
2014787667,2014012909,02/21/2014,02-February,6-Friday,12:00,1200 Hours,District 2 (Northeast),,FRANKLIN,I-35,I-35,Collision with:  Vehicle in traffic,On Roadway,"Sideswipe, same direction",Lost Control,None Indicated,,Daylight,Ice/frost,"Blowing sand, soil, dirt","Surface condition (e.g., wet, icy)",Non-intersection:  Non-junction/no special feature,Paved,,Property Damage Only,0,0,0,0,0,0,2500,2,3,,POINT (-93.437247764643 42.700469610402)
2014787963,2014001980,02/21/2014,02-February,6-Friday,15:30,1500 Hours,District 6 (East Central),IOWA CITY,JOHNSON,US 6,US 6/S RIVERSIDE DR,Collision with:  Vehicle in traffic,On Roadway,Rear-end (front to rear),Followed too close,None Indicated,,Daylight,Dry,Cloudy,None apparent,Non-intersection:  Non-junction/no special feature,Paved,,Property Damage Only,0,0,0,0,0,0,3000,2,3,,POINT (-91.54030580971 41.652734284618)
2014787260,14017595,02/21/2014,02-February,6-Friday,09:44,0900 Hours,District 2 (Northeast),CEDAR FALLS,BLACK HAWK,,PRAIRIE ST & CEDAR HEIGHTS DR,Collision with fixed object:  Utility pole/light support,Shoulder,Non-collision (single vehicle),Ran off road - right,None Indicated,,Daylight,Ice/frost,Clear,"Surface condition (e.g., wet, icy)",Intersection:  T-intersection,Paved,,Property Damage Only,0,0,0,0,0,0,4500,1,1,,POINT (-92.412090275224 42.490052886879)
2014788087,2014-11302,02/21/2014,02-February,6-Friday,17:23,1700 Hours,District 6 (East Central),DAVENPORT,SCOTT,,E 53RD ST,Collision with:  Vehicle in traffic,On Roadway,Rear-end (front to rear),Other (explain in narrative):  Other,None Indicated,,Dusk,Dry,Cloudy,None apparent,Non-intersection:  Non-junction/no special feature,Paved,,Minor Injury,0,1,0,1,0,0,3500,2,2,,POINT (-90.560066487648 41.574659214327)
2014787939,02-14-3054,02/21/2014,02-February,6-Friday,05:40,0500 Hours,District 6 (East Central),,DUBUQUE,,HALES MILL RD,Collision with fixed object:  Tree,On Roadway,Non-collision (single vehicle),Swerving/Evasive Action,None Indicated,,Dark - roadway not lighted,Snow,"Blowing sand, soil, dirt",Debris,Non-intersection:  Non-junction/no special feature,Paved,,Property Damage Only,0,0,0,0,0,0,2000,1,1,,POINT (-90.772689245993 42.538921198027)
2014789869,,02/21/2014,02-February,6-Friday,21:10,2100 Hours,District 2 (Northeast),CLEAR LAKE,CERRO GORDO,US 18,US 18,Collision with:  Vehicle in traffic,On Roadway,Rear-end (front to rear),Driving too fast for conditions,None Indicated,,Dark - roadway lighted,Ice/frost,Clear,"Surface condition (e.g., wet, icy)",Non-intersection:  Non-junction/no special feature,Paved,,Property Damage Only,0,0,0,0,0,0,2000,2,2,,POINT (-93.378918737568 43.143670167393)
2014787860,S14-1754,02/21/2014,02-February,6-Friday,22:09,2200 Hours,District 3 (Northwest),BRONSON,WOODBURY,US 20,US 20 & CHARLES AVE,Collision with:  Vehicle in traffic,On Roadway,Rear-end (front to rear),Driver Distraction:  Manual operation of an electronic communication device,None Indicated,,Dark - roadway not lighted,Dry,Clear,None apparent,Intersection:  Four-way intersection,Paved,,Possible/Unknown,0,1,0,0,1,0,9500,2,2,,POINT (-96.252862443294 42.475102798081)
2014788274,,02/22/2014,02-February,7-Saturday,20:20,2000 Hours,District 2 (Northeast),,HUMBOLDT,IA 3,IA 3/220TH ST & Co Rd P33/IOWA AVE,Collision with:  Animal,On Roadway,Non-collision (single vehicle),Animal,None Indicated,,,,,,,Paved,,Property Damage Only,0,0,0,0,0,0,2000,1,1,,POINT (-94.285609871939 42.731956528006)
2014787328,01-14-7620,02/22/2014,02-February,7-Saturday,12:50,1200 Hours,District 6 (East Central),DUBUQUE,DUBUQUE,US 20,US 20/DODGE ST,Collision with:  Vehicle in traffic,On Roadway,Rear-end (front to rear),Lost Control,None Indicated,,Daylight,Dry,Clear,None apparent,Non-intersection:  Non-junction/no special feature,Paved,,Property Damage Only,0,0,0,0,0,0,6700,2,2,,POINT (-90.738591682638 42.488679216591)
2014788740,14-01567,02/22/2014,02-February,7-Saturday,18:57,1800 Hours,District 5 (Southeast),MOUNT PLEASANT,HENRY,,E SHEAFFER DR,Collision with fixed object:  Traffic sign support,On Roadway,Non-collision (single vehicle),Ran off road - straight,Alcohol (Statutory),,Dark - roadway lighted,Ice/frost,Cloudy,None apparent,Non-intersection:  Non-junction/no special feature,Paved,,Property Damage Only,0,0,0,0,0,0,2900,1,2,,POINT (-91.543978022138 40.961924055746)
2014787465,20140004990,02/22/2014,02-February,7-Saturday,18:21,1800 Hours,District 1 (Central),DES MOINES,POLK,,E 42ND ST,Unknown,On Roadway,Non-collision (single vehicle),Exceeded authorized speed,None Indicated,,Dark - roadway lighted,Wet,Cloudy,None apparent,Non-intersection:  Non-junction/no special feature,Paved,,Minor Injury,0,1,0,1,0,0,16500,1,1,,POINT (-93.532135285505 41.611934971318)
2014788982,14000866,02/22/2014,02-February,7-Saturday,00:14,0000 Hours,District 1 (Central),AMES,STORY,,WEST ST & CAMPUS AVE,Collision with:  Vehicle in traffic,On Roadway,Rear-end (front to rear),Lost Control,Alcohol (Statutory),,Dark - roadway lighted,Dry,Clear,None apparent,Non-intersection:  Non-junction/no special feature,Paved,,Property Damage Only,0,0,0,0,0,0,7000,3,1,,POINT (-93.657039594902 42.025326533701)
2014787454,20140005000,02/22/2014,02-February,7-Saturday,20:05,2000 Hours,District 1 (Central),DES MOINES,POLK,,E 21ST ST,Collision with fixed object:  Other fixed object (explain in narrative),On Roadway,Non-collision (single vehicle),Other (explain in narrative):  No improper action,None Indicated,,Dark - roadway lighted,Ice/frost,Cloudy,"Surface condition (e.g., wet, icy)",Non-intersection:  Other non-intersection (explain in narrative),Paved,,Property Damage Only,0,0,0,0,0,0,4500,1,5,,POINT (-93.58063894804 41.60162113241)
2014789515,2014013198,02/22/2014,02-February,7-Saturday,16:09,1600 Hours,District 4 (Southwest),,CASS,,Co Rd N16/OLIVE ST,Collision with fixed object:  Guardrail - face,Shoulder,Non-collision (single vehicle),Swerving/Evasive Action,None Indicated,,Daylight,Dry,Clear,None apparent,Non-intersection:  Non-junction/no special feature,Paved,,Fatal,1,0,0,0,0,0,20000,1,1,,POINT (-95.003647710038 41.483371505661)
2014787972,2014002029,02/22/2014,02-February,7-Saturday,11:59,1100 Hours,District 6 (East Central),IOWA CITY,JOHNSON,,N DUBUQUE ST,Collision with:  Animal,On Roadway,Non-collision (single vehicle),Animal,None Indicated,,Daylight,Dry,Cloudy,None apparent,Non-intersection:  Non-junction/no special feature,Paved,,Property Damage Only,0,0,0,0,0,0,3000,1,1,,POINT (-91.536812271227 41.682916825113)
2014787616,14-0531,02/22/2014,02-February,7-Saturday,15:01,1500 Hours,District 1 (Central),FORT DODGE,WEBSTER,,2ND AVE N & N 15TH ST,Collision with fixed object:  Utility pole/light support,On Roadway,Non-collision (single vehicle),Ran off road - right,None Indicated,,Daylight,Dry,Clear,None apparent,Non-intersection:  Non-junction/no special feature,Paved,,Minor Injury,0,2,0,2,0,0,2500,1,4,,POINT (-94.177835122975 42.508274714268)
2014787468,20140004996,02/22/2014,02-February,7-Saturday,20:00,2000 Hours,District 1 (Central),DES MOINES,POLK,,E DOUGLAS AVE & COLFAX AVE,Collision with:  Vehicle in traffic,On Roadway,Broadside (front to side),FTYROW:  From stop sign,None Indicated,,Dark - roadway lighted,Ice/frost,Clear,"Surface condition (e.g., wet, icy)",Intersection:  Four-way intersection,Paved,,Property Damage Only,0,0,0,0,0,0,2300,2,5,,POINT (-93.551032405699 41.62955413022)
2014788052,20140004999,02/22/2014,02-February,7-Saturday,20:00,2000 Hours,District 1 (Central),DES MOINES,POLK,,E PARK AVE,Collision with:  Vehicle in traffic,On Roadway,Rear-end (front to rear),Swerving/Evasive Action,None Indicated,,Dark - roadway lighted,Wet,Clear,None apparent,Non-intersection:  Non-junction/no special feature,Paved,,Property Damage Only,0,0,0,0,0,0,7700,2,3,,POINT (-93.593235030766 41.555304481347)
2014787327,01-14-7665,02/22/2014,02-February,7-Saturday,18:53,1800 Hours,District 6 (East Central),DUBUQUE,DUBUQUE,,W 5TH ST & IOWA ST,Collision with:  Vehicle in traffic,On Roadway,"Sideswipe, same direction",Other (explain in narrative):  Other,None Indicated,,Dark - roadway lighted,Dry,Clear,None apparent,Non-intersection:  Non-junction/no special feature,Paved,,Property Damage Only,0,0,0,0,0,0,5000,2,2,,POINT (-90.664589953212 42.498802151097)
2014787464,20140004986,02/22/2014,02-February,7-Saturday,17:51,1700 Hours,District 1 (Central),DES MOINES,POLK,,NW MEREDITH DR & FRONTAGE RD,Collision with:  Vehicle in traffic,On Roadway,"Angle, oncoming left turn",Other (explain in narrative):  Other,None Indicated,,Daylight,Dry,Cloudy,None apparent,Non-intersection:  Non-junction/no special feature,Paved,,Property Damage Only,0,0,0,0,0,0,9700,4,4,,POINT (-93.697339483566 41.643936752346)
2014787609,14-000875,02/22/2014,02-February,7-Saturday,10:54,1000 Hours,District 1 (Central),AMES,STORY,US 30,US 30/NE RAMP CURV/NW RAMP CURV & Co Rd R38/SOUTH DAKOTA AVE,Collision with:  Vehicle in traffic,On Roadway,Broadside (front to side),FTYROW:  From stop sign,None Indicated,,Daylight,Dry,Clear,None apparent,Intersection:  Four-way intersection,Paved,,Possible/Unknown,0,1,0,0,1,0,6000,2,2,,POINT (-93.67870113562 42.009718192099)
2014788468,14-017872,02/22/2014,02-February,7-Saturday,00:10,0000 Hours,District 2 (Northeast),GILBERTVILLE,BLACK HAWK,I-380,I-380,Non-collision events:  Overturn/rollover,Median,Non-collision (single vehicle),Ran off road - left,Alcohol (< Statutory),,Dark - roadway lighted,Dry,Clear,None apparent,Non-intersection:  Non-junction/no special feature,Paved,,Minor Injury,0,1,0,1,0,0,10000,1,1,,POINT (-92.182772220425 42.421112108896)
2014789073,,02/22/2014,02-February,7-Saturday,16:20,1600 Hours,District 5 (Southeast),WEST BURLINGTON,DES MOINES,,S GEAR AVE,Collision with:  Vehicle in traffic,On Roadway,Rear-end (front to rear),Followed too close,None Indicated,,Daylight,Dry,Clear,None apparent,Non-intersection:  Non-junction/no special feature,Paved,,Property Damage Only,0,0,0,0,0,0,2000,2,6,,POINT (-91.170031225235 40.819126567087)
2014787670,2014013115,02/22/2014,02-February,7-Saturday,09:15,0900 Hours,District 1 (Central),URBANDALE,POLK,I-35,I-35,Collision with fixed object:  Guardrail - face,Shoulder,Non-collision (single vehicle),Swerving/Evasive Action,None Indicated,,Daylight,Dry,Clear,None apparent,Non-intersection:  Non-junction/no special feature,Paved,,Property Damage Only,0,0,0,0,0,0,1500,1,1,,POINT (-93.776827740491 41.619603119153)
2014787304,141321,02/22/2014,02-February,7-Saturday,12:10,1200 Hours,District 4 (Southwest),,DALLAS,IA 44,IA 44/240TH ST & Co Rd R30/W AVE,Collision with fixed object:  Tree,On Roadway,Non-collision (single vehicle),Swerving/Evasive Action,None Indicated,,Daylight,Dry,Clear,None apparent,Intersection:  Four-way intersection,Paved,,Property Damage Only,0,0,0,0,0,0,3300,1,1,,POINT (-93.853078222186 41.688255046257)
2014787484,14-0924,02/22/2014,02-February,7-Saturday,00:53,0000 Hours,District 1 (Central),WEST DES MOINES,POLK,,ASPEN DR,Collision with:  Parked motor vehicle,On Roadway,"Sideswipe, same direction",Ran off road - right,None Indicated,,Dark - roadway lighted,Ice/frost,Clear,None apparent,Non-intersection:  Non-junction/no special feature,Paved,,Possible/Unknown,0,1,0,0,0,1,1500,2,4,,POINT (-93.769112382256 41.581437456117)
2014788831,20140004980,02/22/2014,02-February,7-Saturday,16:30,1600 Hours,District 1 (Central),DES MOINES,POLK,,UNIVERSITY AVE & KEOSAUQUA WAY,Collision with fixed object:  Utility pole/light support,On Roadway,Non-collision (single vehicle),Swerving/Evasive Action,None Indicated,,Daylight,Ice/frost,Cloudy,None apparent,Non-intersection:  Other non-intersection (explain in narrative),Paved,,Property Damage Only,0,0,0,0,0,0,3000,1,2,,POINT (-93.638491551112 41.600422671412)
2014787489,14-0931,02/22/2014,02-February,7-Saturday,12:53,1200 Hours,District 1 (Central),WEST DES MOINES,POLK,,35TH ST/VALLEY WEST DR,Collision with:  Vehicle in traffic,On Roadway,Rear-end (front to rear),Followed too close,None Indicated,,Daylight,Dry,Clear,None apparent,Non-intersection:  Non-junction/no special feature,Paved,,Property Damage Only,0,0,0,0,0,0,3000,3,3,,POINT (-93.751853970285 41.593179936711)
2014787471,20140004938,02/22/2014,02-February,7-Saturday,06:45,0600 Hours,District 1 (Central),DES MOINES,POLK,,GEORGE FLAGG PKWY,Collision with fixed object:  Tree,Roadside,Non-collision (single vehicle),Ran off road - right,None Indicated,,Dawn,Ice/frost,Clear,"Surface condition (e.g., wet, icy)",Non-intersection:  Non-junction/no special feature,Paved,,Minor Injury,0,1,0,1,0,0,5250,1,1,,POINT (-93.661861983158 41.563486867366)
2014787462,20140004970,02/22/2014,02-February,7-Saturday,15:15,1500 Hours,District 1 (Central),DES MOINES,POLK,,MLK JR PKWY,Collision with:  Vehicle in traffic,On Roadway,"Sideswipe, opposite direction",Swerving/Evasive Action,None Indicated,,Daylight,Ice/frost,Cloudy,None apparent,Non-intersection:  Non-junction/no special feature,Paved,,Property Damage Only,0,0,0,0,0,0,2300,2,3,,POINT (-93.644794448924 41.585048163844)
2014787294,14000845,02/22/2014,02-February,7-Saturday,10:33,1000 Hours,District 3 (Northwest),,CHEROKEE,,S AVE,Collision with:  Vehicle in traffic,On Roadway,Broadside (front to side),Driving too fast for conditions,None Indicated,,Daylight,Snow,Clear,"Surface condition (e.g., wet, icy)",Non-intersection:  Non-junction/no special feature,Unpaved,,Property Damage Only,0,0,0,0,0,0,4000,2,3,,POINT (-95.505566745055 42.77784451737)
2014789870,,02/22/2014,02-February,7-Saturday,11:37,1100 Hours,District 2 (Northeast),CLEAR LAKE,CERRO GORDO,,N 20TH ST,Collision with:  Vehicle in traffic,On Roadway,"Angle, oncoming left turn",FTYROW:  Making left turn,None Indicated,,Daylight,Ice/frost,Clear,"Surface condition (e.g., wet, icy)",Non-intersection:  Driveway access (within),Paved,,Property Damage Only,0,0,0,0,0,0,3000,2,3,,POINT (-93.364476739216 43.144914728467)
2014788455,2014013132,02/22/2014,02-February,7-Saturday,11:45,1100 Hours,District 2 (Northeast),,WORTH,I-35,I-35,Non-collision events:  Overturn/rollover,Median,Non-collision (single vehicle),Swerving/Evasive Action,None Indicated,,Daylight,Ice/frost,Clear,"Surface condition (e.g., wet, icy)",Non-intersection:  Non-junction/no special feature,Paved,,Property Damage Only,0,0,0,0,0,0,2000,1,2,,POINT (-93.349810362705 43.274980065259)
2014787902,14017929,02/22/2014,02-February,7-Saturday,02:41,0200 Hours,District 2 (Northeast),CEDAR FALLS,BLACK HAWK,,RAINBOW DR,Collision with fixed object:  Traffic sign support,On Roadway,Non-collision (single vehicle),"Operating vehicle in an reckless, erratic, careless, negligent manner",Alcohol (Statutory),,Dark - roadway lighted,Dry,Clear,None apparent,Non-intersection:  Non-junction/no special feature,Paved,,Possible/Unknown,0,1,0,0,1,0,6450,1,1,,POINT (-92.423976908199 42.520760087106)
2014787847,2014-11471,02/22/2014,02-February,7-Saturday,17:07,1700 Hours,District 6 (East Central),DAVENPORT,SCOTT,,W GARFIELD ST & N DIVISION ST,Collision with:  Vehicle in traffic,On Roadway,"Sideswipe, opposite direction",FTYROW:  Making left turn,None Indicated,,Daylight,Dry,Clear,None apparent,Intersection:  Four-way intersection,Paved,,Property Damage Only,0,0,0,0,0,0,4000,2,6,,POINT (-90.600850874418 41.548273593028)
2014787450,20140005007,02/22/2014,02-February,7-Saturday,22:10,2200 Hours,District 1 (Central),DES MOINES,POLK,,HIGH ST & MLK JR PKWY,Collision with:  Parked motor vehicle,On Roadway,Unknown,Unknown,None Indicated,,Dark - roadway not lighted,Ice/frost,Clear,None apparent,Non-intersection:  Non-junction/no special feature,Paved,,Property Damage Only,0,0,0,0,0,0,2000,2,1,,POINT (-93.644718906897 41.587102241054)
2014787627,14-5300,02/22/2014,02-February,7-Saturday,01:55,0100 Hours,District 3 (Northwest),SIOUX CITY,WOODBURY,,FLOYD BLVD,Collision with:  Parked motor vehicle,On Roadway,Rear-end (front to rear),Unknown,None Indicated,,Dark - roadway not lighted,Dry,Clear,None apparent,Intersection:  Other intersection (explain in narrative),Paved,,Property Damage Only,0,0,0,0,0,0,1500,2,1,,POINT (-96.393484226604 42.496386777474)
2014792358,14025597,02/22/2014,02-February,7-Saturday,10:27,1000 Hours,District 6 (East Central),TIFFIN,JOHNSON,,COLLEGE ST,Collision with:  Vehicle in traffic,On Roadway,Broadside (front to side),FTYROW:  From driveway,None Indicated,,Daylight,Dry,Cloudy,None apparent,Non-intersection:  Driveway access (within),Paved,,Property Damage Only,0,0,0,0,0,0,1500,2,3,,POINT (-91.665815548171 41.706175596115)
2014820416,2014-20-AC,02/22/2014,02-February,7-Saturday,02:10,0200 Hours,District 3 (Northwest),,DICKINSON,US 71,US 71,Non-collision events:  Other non-collision (explain in narrative),Outside trafficway,Non-collision (single vehicle),Driving too fast for conditions,None Indicated,,Dark - roadway not lighted,Snow,Clear,None apparent,Non-intersection:  Driveway access (within),Paved,,Possible/Unknown,0,1,0,0,1,0,3500,1,1,,POINT (-95.056587917301 43.430525977487)