Iowa DOT Case Number,Law Enforcement Case Number,Date of Crash,Month of Crash,Day of Week,Time of Crash,Hour,DOT District,City Name,County Name,Route with System,Location Description,First Harmful Event,Location of First Harmful Event,Manner of Crash/Collision,Major Cause,Drug or Alcohol ,Environmental Conditions,Light Conditions,Surface Conditions,Weather Conditions,Roadway Contribution,Roadway Type,Roadway Surface,Work Zone,Crash Severity,Number of Fatalities,Number of Injuries,Number of Major Injuries,Number of Minor Injuries,Number of Possible Injuries,Number of Unknown Injuries,Amount of Property Damage,Number of Vehicles Involved,Total Number of Occupants,Travel Direction,Location
2014787698,022414-221,02/24/2014,02-February,2-Monday,19:27,1900 Hours,District 3 (Northwest),,BUENA VISTA,IA 110,IA 110/630TH ST,Collision with:  Vehicle in traffic,On Roadway,Head-on (front to front),Crossed centerline (undivided),None Indicated,,Dark - roadway not lighted,Snow,Snow,"Surface condition (e.g., wet, icy)",Non-intersection:  Non-junction/no special feature,Paved,,Possible/Unknown,0,3,0,0,3,0,21000,2,3,,POINT (-95.281965636366 42.604492453432)
2014787798,20140005189,02/24/2014,02-February,2-Monday,20:08,2000 Hours,District 1 (Central),DES MOINES,POLK,US 6,US 6/E EUCLID AVE & BOWDOIN ST,Collision with:  Vehicle in traffic,On Roadway,Broadside (front to side),FTYROW:  From stop sign,None Indicated,,Dark - roadway lighted,Snow,Snow,"Surface condition (e.g., wet, icy)",Intersection:  Four-way intersection,Paved,,Property Damage Only,0,0,0,0,0,0,2700,2,4,,POINT (-93.612673950667 41.627701890574)
2014787785,14-1261,02/24/2014,02-February,2-Monday,22:22,2200 Hours,District 1 (Central),,POLK,,SE 32TH AVE & SE POWERS DR,Collision with fixed object:  Ditch,On Roadway,Non-collision (single vehicle),Driving too fast for conditions,None Indicated,,Dark - roadway not lighted,Snow,Snow,None apparent,Non-intersection:  Non-junction/no special feature,Paved,,Property Damage Only,0,0,0,0,0,0,2000,1,2,,POINT (-93.422494482282 41.550852344877)
2014791683,,02/24/2014,02-February,2-Monday,19:10,1900 Hours,District 5 (Southeast),,MUSCATINE,,N TIPTON RD,Collision with fixed object:  Culvert/pipe opening,Shoulder,Non-collision (single vehicle),Ran off road - left,None Indicated,,Dark - roadway not lighted,"Mud, dirt",Cloudy,None apparent,Non-intersection:  Non-junction/no special feature,Unpaved,,Possible/Unknown,0,1,0,0,1,0,9000,1,1,,POINT (-91.078198319563 41.49700892909)
2014788260,2014013560,02/24/2014,02-February,2-Monday,19:20,1900 Hours,District 3 (Northwest),,PALO ALTO,US 18,US 18/360 ST,Collision with:  Vehicle in traffic,On Roadway,Head-on (front to front),Crossed centerline (undivided),None Indicated,,Dark - roadway not lighted,Snow,Snow,"Surface condition (e.g., wet, icy)",Non-intersection:  Non-junction/no special feature,Paved,,Fatal,1,2,1,1,0,0,8500,2,3,,POINT (-94.888259365095 43.126364213309)
2014787815,14-0968,02/24/2014,02-February,2-Monday,19:27,1900 Hours,District 1 (Central),WEST DES MOINES,POLK,I-35,I-35,Collision with:  Vehicle in traffic,On Roadway,"Sideswipe, same direction",Driving too fast for conditions,None Indicated,,Dark - roadway lighted,Snow,Snow,None apparent,Non-intersection:  Non-junction/no special feature,Paved,,Property Damage Only,0,0,0,0,0,0,2000,2,4,,POINT (-93.777112516407 41.595326829926)
2014788038,20140005187,02/24/2014,02-February,2-Monday,19:59,1900 Hours,District 1 (Central),DES MOINES,POLK,,SE 7TH ST & E MCKINLEY AVE,Collision with:  Vehicle in traffic,On Roadway,Rear-end (front to rear),Other (explain in narrative):  Other,None Indicated,,Dark - roadway lighted,Snow,Snow,None apparent,Non-intersection:  Non-junction/no special feature,Paved,,Possible/Unknown,0,1,0,0,1,0,500,2,5,,POINT (-93.603869277128 41.54089146099)
2014789046,2014013524,02/24/2014,02-February,2-Monday,17:15,1700 Hours,District 4 (Southwest),WEST DES MOINES,DALLAS,I-80,I-80,Collision with fixed object:  Other fixed object (explain in narrative),Shoulder,Non-collision (single vehicle),Swerving/Evasive Action,None Indicated,,Daylight,Ice/frost,Snow,"Surface condition (e.g., wet, icy)",Non-intersection:  Non-junction/no special feature,Paved,,Property Damage Only,0,0,0,0,0,0,4700,1,1,,POINT (-93.859794531452 41.566230397319)
2014787933,01-14-7891,02/24/2014,02-February,2-Monday,12:44,1200 Hours,District 6 (East Central),DUBUQUE,DUBUQUE,US 20,US 20/DODGE ST,Collision with:  Vehicle in traffic,On Roadway,Rear-end (front to rear),Followed too close,None Indicated,,Daylight,Dry,Cloudy,None apparent,Non-intersection:  Non-junction/no special feature,Paved,,Property Damage Only,0,0,0,0,0,0,1700,2,2,,POINT (-90.707685812556 42.49202723941)
2014796119,1-14-000071,02/24/2014,02-February,2-Monday,19:21,1900 Hours,District 4 (Southwest),,SHELBY,US 59,US 59,Collision with:  Vehicle in traffic,On Roadway,Head-on (front to front),Crossed centerline (undivided),None Indicated,,Dark - roadway not lighted,Snow,Snow,"Surface condition (e.g., wet, icy)",Intersection:  Four-way intersection,Paved,,Minor Injury,0,4,0,2,2,0,16000,3,5,,POINT (-95.344729509051 41.7613604391)
2014787855,891401153,02/24/2014,02-February,2-Monday,11:39,1100 Hours,District 5 (Southeast),FARMINGTON,VAN BUREN,IA 2,IA 2/IOWA 2 & IA 81/IOWA 81,Collision with fixed object:  Ditch,Outside trafficway,Non-collision (single vehicle),Ran Stop Sign,None Indicated,,Daylight,Dry,Clear,None apparent,Intersection:  T-intersection,Paved,,Property Damage Only,0,0,0,0,0,0,30000,1,1,,POINT (-91.749704803219 40.639412080709)
2014788730,35-2014,02/24/2014,02-February,2-Monday,15:29,1500 Hours,District 4 (Southwest),,HARRISON,I-29,I-29,Non-collision events:  Overturn/rollover,Median,Non-collision (single vehicle),Crossed centerline (undivided),None Indicated,,Daylight,Snow,Snow,"Surface condition (e.g., wet, icy)",Non-intersection:  Non-junction/no special feature,Paved,,Property Damage Only,0,0,0,0,0,0,5000,1,1,,POINT (-96.04223074946 41.692899754289)
2014788121,14-2125,02/24/2014,02-February,2-Monday,18:00,1800 Hours,District 3 (Northwest),,SIOUX,,Co Rd B40/400TH ST,Collision with fixed object:  Ditch,On Roadway,Non-collision (single vehicle),Driving too fast for conditions,None Indicated,,Daylight,Snow,Snow,None apparent,Non-intersection:  Non-junction/no special feature,Paved,,Property Damage Only,0,0,0,0,0,0,2900,1,1,,POINT (-96.092322503903 43.070294549723)
2014787911,14-3209,02/24/2014,02-February,2-Monday,12:32,1200 Hours,District 2 (Northeast),,BREMER,IA 93,IA 93/IOWA 93 & Co Rd V56/VIKING AVE,Collision with:  Vehicle in traffic,On Roadway,"Angle, oncoming left turn",FTYROW:  Making left turn,None Indicated,,Daylight,Dry,Cloudy,None apparent,Intersection:  Four-way intersection,Paved,,Minor Injury,0,2,0,2,0,0,22000,2,2,,POINT (-92.140740723207 42.847471240821)
2014787803,20140005138,02/24/2014,02-February,2-Monday,13:05,1300 Hours,District 1 (Central),DES MOINES,POLK,US 69,US 69/SE 14TH ST & E BELL AVE,Collision with:  Vehicle in traffic,On Roadway,"Sideswipe, same direction",Other (explain in narrative):  Other,None Indicated,,Daylight,Dry,Cloudy,None apparent,Intersection:  Four-way intersection,Paved,,Property Damage Only,0,0,0,0,0,0,3000,2,2,,POINT (-93.596935253045 41.562563231266)
2014790333,2014013481,02/24/2014,02-February,2-Monday,14:29,1400 Hours,District 6 (East Central),CORALVILLE,JOHNSON,I-80,I-80 & US 218,Collision with:  Vehicle in traffic,On Roadway,"Sideswipe, same direction",Crossed centerline (undivided),None Indicated,,Daylight,Dry,Cloudy,None apparent,Interchange-related:  On-ramp merge area,Paved,,Property Damage Only,0,0,0,0,0,0,1500,2,6,,POINT (-91.637882837957 41.693652590248)
2014787773,2014001684,02/24/2014,02-February,2-Monday,15:46,1500 Hours,District 1 (Central),MARSHALLTOWN,MARSHALL,IA 14,IA 14/N 3RD AVE & E WOODBURY ST,Collision with:  Vehicle in traffic,On Roadway,Broadside (front to side),Made improper turn,None Indicated,,Daylight,Dry,Clear,None apparent,Intersection:  Four-way intersection,Paved,,Property Damage Only,0,0,0,0,0,0,1900,2,8,,POINT (-92.9080352784 42.05280300847)
2014788570,14-000278,02/24/2014,02-February,2-Monday,20:29,2000 Hours,District 1 (Central),AMES,STORY,,STANGE RD & PAMMEL DR & UNIVERSITY BLVD,Collision with:  Vehicle in traffic,On Roadway,"Angle, oncoming left turn",FTYROW:  Making left turn,None Indicated,,Dark - roadway lighted,Snow,Snow,"Surface condition (e.g., wet, icy)",Intersection:  Four-way intersection,Paved,,Property Damage Only,0,0,0,0,0,0,12000,2,3,,POINT (-93.644662252824 42.030512446397)
2014788369,14-0219,02/24/2014,02-February,2-Monday,17:04,1700 Hours,District 1 (Central),CLIVE,POLK,I-35,I-35 & US 6/HICKMAN RD,Collision with:  Vehicle in traffic,On Roadway,"Sideswipe, same direction",Lost Control,None Indicated,,Daylight,Slush,Snow,None apparent,Non-intersection:  Non-junction/no special feature,Paved,,Property Damage Only,0,0,0,0,0,0,7500,2,3,,POINT (-93.778211506253 41.614892017443)
2014787459,20140005114,02/24/2014,02-February,2-Monday,09:03,0900 Hours,District 1 (Central),DES MOINES,POLK,,COTTAGE GROVE AVE & 29TH ST,Collision with:  Vehicle in traffic,On Roadway,Broadside (front to side),Ran Stop Sign,None Indicated,,Daylight,Dry,Clear,None apparent,Intersection:  Four-way intersection,Paved,,Minor Injury,0,1,0,1,0,0,4000,2,3,,POINT (-93.656867826083 41.59849968488)
2014787974,2014002097,02/24/2014,02-February,2-Monday,09:27,0900 Hours,District 6 (East Central),IOWA CITY,JOHNSON,,N CLINTON ST & E MARKET ST,Collision with:  Vehicle in traffic,On Roadway,"Sideswipe, same direction",Improper or erratic lane changing,None Indicated,,Daylight,Dry,Cloudy,None apparent,Intersection:  Four-way intersection,Paved,,Property Damage Only,0,0,0,0,0,0,3500,2,2,,POINT (-91.534583368088 41.663595781234)
2014787802,20140005127,02/24/2014,02-February,2-Monday,11:12,1100 Hours,District 1 (Central),DES MOINES,POLK,,HOLCOMB AVE & WESTOVER BLVD,Collision with:  Vehicle in traffic,On Roadway,Broadside (front to side),Traveling wrong way or on wrong side of road,None Indicated,,Daylight,Dry,Cloudy,None apparent,Intersection:  T-intersection,Paved,,Property Damage Only,0,0,0,0,0,0,10500,2,2,,POINT (-93.706190192484 41.617617817089)
2014788015,14-1074,02/24/2014,02-February,2-Monday,13:47,1300 Hours,District 2 (Northeast),OSAGE,MITCHELL,,Co Rd T38/LANCER AVE,Collision with:  Vehicle in traffic,On Roadway,"Sideswipe, opposite direction",Crossed centerline (undivided),None Indicated,,Daylight,Ice/frost,Clear,"Surface condition (e.g., wet, icy)",Non-intersection:  Non-junction/no special feature,Paved,,Possible/Unknown,0,1,0,0,1,0,1000,2,2,,POINT (-92.811071222595 43.272693536688)
2014788350,14-004088,02/24/2014,02-February,2-Monday,17:55,1700 Hours,District 5 (Southeast),,MARION,IA 14,IA 14/IOWA 14 & Co Rd G62/QUEBEC ST,Collision with:  Vehicle in traffic,On Roadway,"Sideswipe, same direction",Crossed centerline (undivided),None Indicated,,Dusk,Snow,Snow,"Surface condition (e.g., wet, icy)",Non-intersection:  Non-junction/no special feature,Paved,,Possible/Unknown,0,1,0,0,1,0,7000,2,2,,POINT (-93.130142446123 41.248313710067)
2014787779,SO14000433,02/24/2014,02-February,2-Monday,14:30,1400 Hours,District 3 (Northwest),,PLYMOUTH,IA 60,IA 60/IOWA 60,Collision with fixed object:  Traffic sign support,Roadside,Non-collision (single vehicle),Ran off road - right,None Indicated,,Daylight,Snow,Snow,"Surface condition (e.g., wet, icy)",Non-intersection:  Non-junction/no special feature,Paved,,Property Damage Only,0,0,0,0,0,0,3100,1,1,,POINT (-96.161299577754 42.822485922698)
2014787954,14-4635,02/24/2014,02-February,2-Monday,21:27,2100 Hours,District 1 (Central),,JASPER,,KENNEL AVE,Collision with fixed object:  Ditch,On Roadway,Non-collision (single vehicle),Driving too fast for conditions,Drug/Alcohol (Statutory),,Dark - roadway not lighted,Snow,Snow,"Surface condition (e.g., wet, icy)",Non-intersection:  Non-junction/no special feature,Paved,,Property Damage Only,0,0,0,0,0,0,3000,1,3,,POINT (-92.841101342174 41.652328298438)
2014787932,2014-0701,02/24/2014,02-February,2-Monday,17:41,1700 Hours,District 4 (Southwest),WAUKEE,DALLAS,US 6,US 6/HICKMAN AVE & ASHWORTH DR & 10TH ST,Collision with:  Vehicle in traffic,On Roadway,Broadside (front to side),Ran Traffic Signal,None Indicated,,Daylight,Snow,Snow,None apparent,Intersection:  Four-way intersection,Paved,,Property Damage Only,0,0,0,0,0,0,5000,2,3,,POINT (-93.891371926209 41.614970972603)
2014790174,,02/24/2014,02-February,2-Monday,18:12,1800 Hours,District 2 (Northeast),,WINNESHIEK,,Co Rd W38/LOCUST RD,Collision with:  Animal,On Roadway,Non-collision (single vehicle),Animal,None Indicated,,Dark - roadway not lighted,Dry,Cloudy,None apparent,Non-intersection:  Non-junction/no special feature,Paved,,Property Damage Only,0,0,0,0,0,0,9000,1,1,,POINT (-91.718927432692 43.459576053821)
2014787776,SO14000436,02/24/2014,02-February,2-Monday,19:55,1900 Hours,District 3 (Northwest),,PLYMOUTH,US 75,US 75,Non-collision events:  Overturn/rollover,On Roadway,Non-collision (single vehicle),Lost Control,None Indicated,,Dark - roadway not lighted,Snow,Snow,"Surface condition (e.g., wet, icy)",Non-intersection:  Non-junction/no special feature,Paved,,Property Damage Only,0,0,0,0,0,0,20000,1,1,,POINT (-96.284570812577 42.651109063982)
2014790778,14-001282,02/24/2014,02-February,2-Monday,06:44,0600 Hours,District 4 (Southwest),PERRY,DALLAS,,WILLIS AVE & 10TH ST,Non-collision events:  Other non-collision (explain in narrative),On Roadway,Non-collision (single vehicle),Ran off road - right,None Indicated,,Daylight,Dry,Clear,None apparent,Non-intersection:  Non-junction/no special feature,Paved,,Property Damage Only,0,0,0,0,0,0,5500,1,1,,POINT (-94.094158489678 41.838491426311)
2014787858,14-0551,02/24/2014,02-February,2-Monday,16:50,1600 Hours,District 1 (Central),FORT DODGE,WEBSTER,,S 25TH ST,Collision with:  Vehicle in traffic,On Roadway,Rear-end (front to rear),Other (explain in narrative):  Other,None Indicated,,Daylight,Dry,Snow,None apparent,Non-intersection:  Non-junction/no special feature,Paved,,Property Damage Only,0,0,0,0,0,0,3000,2,3,,POINT (-94.163115568558 42.50544417812)
2014790456,14-3484,02/24/2014,02-February,2-Monday,08:07,0800 Hours,District 6 (East Central),BETTENDORF,SCOTT,,53RD AVE & 18TH ST,Collision with:  Vehicle in traffic,On Roadway,"Sideswipe, same direction",Improper or erratic lane changing,None Indicated,,Daylight,Dry,Clear,None apparent,Non-intersection:  Driveway access (within),Paved,,Property Damage Only,0,0,0,0,0,0,3500,2,2,,POINT (-90.499035698955 41.575130367252)
2014789321,,02/24/2014,02-February,2-Monday,11:27,1100 Hours,District 6 (East Central),CEDAR RAPIDS,LINN,,MOUNT VERNON RD SE & 42ND ST SE,Collision with:  Vehicle in traffic,On Roadway,Broadside (front to side),Unknown,None Indicated,,Daylight,Dry,Clear,,Intersection:  T-intersection,Paved,,Property Damage Only,0,0,0,0,0,0,2200,2,3,,POINT (-91.608797866768 41.976859841438)
2014787830,14-007363,02/24/2014,02-February,2-Monday,08:19,0800 Hours,District 4 (Southwest),COUNCIL BLUFFS,POTTAWATTAMIE,,KIMBERLY DR,Collision with:  Non-motorist (see non-motorist section - NOT a unit),On Roadway,Non-collision (single vehicle),Other (explain in narrative):  No improper action,None Indicated,,Daylight,Ice/frost,Snow,"Surface condition (e.g., wet, icy)",Non-intersection:  Non-junction/no special feature,Paved,,Minor Injury,0,1,0,1,0,0,0,1,1,,POINT (-95.831376430888 41.289163338773)
2014787949,P14-002201,02/24/2014,02-February,2-Monday,11:44,1100 Hours,District 1 (Central),WEBSTER CITY,HAMILTON,,BANK ST,Collision with:  Parked motor vehicle,On Roadway,Rear-end (front to rear),Ran off road - right,None Indicated,,Daylight,Ice/frost,Cloudy,"Surface condition (e.g., wet, icy)",Non-intersection:  Non-junction/no special feature,Paved,,Possible/Unknown,0,1,0,0,1,0,5500,2,1,,POINT (-93.822891861863 42.466623348265)
2014788623,14018625,02/24/2014,02-February,2-Monday,08:56,0800 Hours,District 2 (Northeast),CEDAR FALLS,BLACK HAWK,IA 27,IA 27/NW RAMP/SPECIAL CASE & WATERLOO RD,Collision with:  Vehicle in traffic,On Roadway,"Sideswipe, same direction",Unknown,None Indicated,,Daylight,Dry,Clear,None apparent,Intersection:  Intersection with ramp,Paved,,Property Damage Only,0,0,0,0,0,0,2500,2,3,,POINT (-92.440669790544 42.52466123949)
2014788135,14-000911,02/24/2014,02-February,2-Monday,20:21,2000 Hours,District 1 (Central),AMES,STORY,,MORTENSON PKWY & BEACH AVE,Collision with fixed object:  Tree,On Roadway,Non-collision (single vehicle),Ran off road - right,None Indicated,,Dark - roadway lighted,Snow,Snow,"Surface condition (e.g., wet, icy)",Non-intersection:  Non-junction/no special feature,Paved,,Property Damage Only,0,0,0,0,0,0,3000,1,1,,POINT (-93.640865145287 42.008476603408)
2014788296,W14-018705,02/24/2014,02-February,2-Monday,14:00,1400 Hours,District 2 (Northeast),WATERLOO,BLACK HAWK,,N LA PORTE FRONTAGE RD,Collision with:  Vehicle in traffic,On Roadway,Rear-end (front to rear),Other (explain in narrative):  Other,None Indicated,,Daylight,Dry,Cloudy,None apparent,Intersection:  Other intersection (explain in narrative),Paved,,Property Damage Only,0,0,0,0,0,0,2500,2,4,,POINT (-92.323073006241 42.479222966972)
2014787777,SO14000437,02/24/2014,02-February,2-Monday,21:40,2100 Hours,District 3 (Northwest),SIOUX CITY,PLYMOUTH,US 75,US 75 & Co Rd C80,Collision with:  Vehicle in traffic,On Roadway,Broadside (front to side),Swerving/Evasive Action,None Indicated,,Dark - roadway lighted,Snow,Snow,"Surface condition (e.g., wet, icy)",Intersection:  Four-way intersection,Paved,,Possible/Unknown,0,1,0,0,1,0,2200,2,2,,POINT (-96.328394959209 42.564354767467)
2014787793,20140005158,02/24/2014,02-February,2-Monday,15:23,1500 Hours,District 1 (Central),DES MOINES,POLK,,E WASHINGTON AVE & WAYNE ST,Collision with fixed object:  Other fixed object (explain in narrative),On Roadway,Non-collision (single vehicle),Driving too fast for conditions,None Indicated,,Daylight,Wet,Snow,None apparent,Non-intersection:  Other non-intersection (explain in narrative),Paved,,Property Damage Only,0,0,0,0,0,0,11000,1,1,,POINT (-93.583585699617 41.607695102142)
2014789393,20140652,02/24/2014,02-February,2-Monday,12:35,1200 Hours,District 1 (Central),,GRUNDY,,Co Rd T53/S AVE,Non-collision events:  Other non-collision (explain in narrative),On Roadway,Non-collision (single vehicle),Swerving/Evasive Action,None Indicated,,Daylight,Ice/frost,Cloudy,"Surface condition (e.g., wet, icy)",Non-intersection:  Non-junction/no special feature,Unpaved,,Property Damage Only,0,0,0,0,0,0,5000,1,1,,POINT (-92.670712326986 42.333446631937)
2014788302,14-1869,02/24/2014,02-February,2-Monday,17:01,1700 Hours,District 3 (Northwest),CARROLL,CARROLL,,1ST ST & GRANT RD,Collision with:  Vehicle in traffic,On Roadway,Broadside (front to side),Ran Stop Sign,None Indicated,,Daylight,Ice/frost,Snow,"Surface condition (e.g., wet, icy)",Intersection:  T-intersection,Paved,,Property Damage Only,0,0,0,0,0,0,11500,3,5,,POINT (-94.85931229442 42.058716563906)
2014787782,14-1259,02/24/2014,02-February,2-Monday,21:38,2100 Hours,District 1 (Central),,POLK,,NW 118TH AVE & NW 44TH ST,Collision with fixed object:  Culvert/pipe opening,Shoulder,Non-collision (single vehicle),Driving too fast for conditions,None Indicated,,Dark - roadway lighted,Snow,Snow,"Surface condition (e.g., wet, icy)",Intersection:  Four-way intersection,Paved,,Property Damage Only,0,0,0,0,0,0,4700,1,1,,POINT (-93.678454169098 41.776840708461)
2014789708,,02/24/2014,02-February,2-Monday,14:05,1400 Hours,District 6 (East Central),MAQUOKETA,JACKSON,IA 64,IA 64/W PLATT ST,Collision with:  Vehicle in traffic,On Roadway,Broadside (front to side),FTYROW:  From driveway,None Indicated,,Daylight,Dry,Clear,None apparent,Non-intersection:  Driveway access (within),Paved,,Property Damage Only,0,0,0,0,0,0,3000,2,3,,POINT (-90.676948782876 42.069022470032)
2014787552,2014-11692,02/24/2014,02-February,2-Monday,08:03,0800 Hours,District 6 (East Central),DAVENPORT,SCOTT,,W 4TH ST & CEDAR ST,Collision with:  Vehicle in traffic,On Roadway,Rear-end (front to rear),Other (explain in narrative):  Other,None Indicated,,Daylight,Dry,Clear,None apparent,Intersection:  Four-way intersection,Paved,,Possible/Unknown,0,1,0,0,1,0,4000,2,2,,POINT (-90.607187548436 41.523394824146)
2014793215,S201400362,02/24/2014,02-February,2-Monday,23:45,2300 Hours,District 3 (Northwest),,PALO ALTO,US 18,US 18/360 ST,Non-collision events:  Other non-collision (explain in narrative),On Roadway,Non-collision (single vehicle),Driving too fast for conditions,None Indicated,,Dark - roadway not lighted,Snow,Cloudy,"Surface condition (e.g., wet, icy)",Non-intersection:  Non-junction/no special feature,Paved,,Minor Injury,0,2,0,2,0,0,4000,1,2,,POINT (-94.743891147585 43.126594224802)
2014787834,14-007432,02/24/2014,02-February,2-Monday,16:55,1600 Hours,District 4 (Southwest),COUNCIL BLUFFS,POTTAWATTAMIE,,5TH AVE & S 10TH ST,Collision with:  Vehicle in traffic,On Roadway,Broadside (front to side),FTYROW:  From stop sign,None Indicated,,Daylight,Dry,Clear,None apparent,Intersection:  Four-way intersection,Paved,,Property Damage Only,0,0,0,0,0,0,4000,2,3,,POINT (-95.858943011306 41.257067375755)
2014787831,14-007397,02/24/2014,02-February,2-Monday,13:03,1300 Hours,District 4 (Southwest),COUNCIL BLUFFS,POTTAWATTAMIE,IA 192,IA 192/N 16TH ST & AVE B,Collision with:  Vehicle in traffic,On Roadway,Broadside (front to side),Ran Traffic Signal,None Indicated,,Daylight,Wet,Cloudy,None apparent,Intersection:  Four-way intersection,Paved,,Property Damage Only,0,0,0,0,0,0,7000,2,3,,POINT (-95.86754915025 41.263634956503)
2014790193,14002663,02/24/2014,02-February,2-Monday,06:00,0600 Hours,District 6 (East Central),,CEDAR,,Co Rd F44/290TH & CEMETARY RD,Collision with:  Animal,,,Animal,None Indicated,,,,,,,Paved,,Property Damage Only,0,0,0,0,0,0,4000,1,1,,POINT (-91.147201544 41.670323686961)
2014787868,14-5571,02/24/2014,02-February,2-Monday,18:01,1800 Hours,District 3 (Northwest),SIOUX CITY,WOODBURY,,SERGEANT RD,Collision with:  Vehicle in traffic,On Roadway,Broadside (front to side),Driving too fast for conditions,None Indicated,,Dark - roadway lighted,Snow,Snow,"Surface condition (e.g., wet, icy)",Non-intersection:  Non-junction/no special feature,Paved,,Property Damage Only,0,0,0,0,0,0,3000,2,3,,POINT (-96.339528611624 42.446278314245)
2014788932,2014-11693,02/24/2014,02-February,2-Monday,07:52,0700 Hours,District 6 (East Central),DAVENPORT,SCOTT,I-74,I-74,Collision with fixed object:  Mailbox,Shoulder,Non-collision (single vehicle),Swerving/Evasive Action,None Indicated,,Daylight,Dry,Cloudy,Other (explain in narrative),Non-intersection:  Non-junction/no special feature,Paved,,Possible/Unknown,0,1,0,0,1,0,1800,2,2,,POINT (-90.522338658653 41.564809587243)
2014815330,,02/24/2014,02-February,2-Monday,16:05,1600 Hours,District 3 (Northwest),LAKE VIEW,SAC,,3RD ST & MCCLURE ST,Collision with:  Vehicle in traffic,On Roadway,Broadside (front to side),FTYROW:  Making left turn,None Indicated,,Daylight,Ice/frost,Snow,,,Paved,,Property Damage Only,0,0,0,0,0,0,4000,2,2,,POINT (-95.049355686995 42.305867713749)
2014792863,2014013518,02/24/2014,02-February,2-Monday,16:58,1600 Hours,District 3 (Northwest),,WOODBURY,US 20,US 20 & Co Rd L43/CUSHING BLACK TOP,Collision with:  Vehicle in traffic,On Roadway,Rear-end (front to rear),Swerving/Evasive Action,None Indicated,,Daylight,Snow,Snow,None apparent,Intersection:  T-intersection,Paved,,Property Damage Only,0,0,0,0,0,0,3500,2,4,,POINT (-95.673584456838 42.474640186324)
2014787816,14-0147,02/24/2014,02-February,2-Monday,16:54,1600 Hours,District 1 (Central),WINDSOR HEIGHTS,POLK,I-235,I-235 & 73RD ST,Collision with:  Vehicle in traffic,On Roadway,"Sideswipe, same direction",Improper or erratic lane changing,None Indicated,,Daylight,Wet,Snow,None apparent,Interchange-related:  On-ramp merge area,Paved,,Property Damage Only,0,0,0,0,0,0,2000,2,3,,POINT (-93.715502114234 41.59350199334)
2014788259,2014013549,02/24/2014,02-February,2-Monday,19:15,1900 Hours,District 3 (Northwest),,BUENA VISTA,,Co Rd C65/630TH ST & 120TH AVE,Collision with:  Vehicle in traffic,On Roadway,Rear-end (front to rear),Driving too fast for conditions,None Indicated,,Dark - roadway lighted,Snow,Snow,"Surface condition (e.g., wet, icy)",Intersection:  Four-way intersection,Paved,,Minor Injury,0,1,0,1,0,0,1900,2,3,,POINT (-95.171138631503 42.604621106737)
2014787788,14-000911,02/24/2014,02-February,2-Monday,18:47,1800 Hours,District 1 (Central),ANKENY,POLK,,NW PRAIRIE RIDGE DR & NW 9TH ST & NW ASH DR,Collision with:  Vehicle in traffic,On Roadway,Rear-end (front to rear),Driving too fast for conditions,None Indicated,,Dark - roadway lighted,Snow,Snow,"Surface condition (e.g., wet, icy)",Intersection:  Four-way intersection,Paved,,Property Damage Only,0,0,0,0,0,0,1500,2,2,,POINT (-93.609976211279 41.737467839051)
2014788133,14-000908,02/24/2014,02-February,2-Monday,19:18,1900 Hours,District 1 (Central),AMES,STORY,,LINCOLN WAY & S HYLAND AVE,Collision with:  Vehicle in traffic,On Roadway,"Angle, oncoming left turn",FTYROW:  Making left turn,None Indicated,,Dark - roadway lighted,Snow,Snow,None apparent,Intersection:  Four-way intersection,Paved,,Property Damage Only,0,0,0,0,0,0,8000,2,3,,POINT (-93.655587566162 42.022731938951)
2014787975,2014002102,02/24/2014,02-February,2-Monday,12:34,1200 Hours,District 6 (East Central),IOWA CITY,JOHNSON,,MORMON TREK BLVD,Collision with:  Vehicle in traffic,On Roadway,Rear-end (front to rear),Followed too close,None Indicated,,Daylight,Dry,Cloudy,None apparent,Intersection:  T-intersection,Paved,,Property Damage Only,0,0,0,0,0,0,6000,2,2,,POINT (-91.574058246509 41.650257823976)
2014788501,14001591,02/24/2014,02-February,2-Monday,17:17,1700 Hours,District 6 (East Central),,DELAWARE,IA 13,IA 13/IOWA 13,Collision with:  Vehicle in traffic,On Roadway,Rear-end (front to rear),Followed too close,None Indicated,,Daylight,Dry,Clear,None apparent,Intersection:  Four-way intersection,Paved,,Property Damage Only,0,0,0,0,0,0,3000,2,2,,POINT (-91.480765006633 42.462776953838)
2014787866,14-5560,02/24/2014,02-February,2-Monday,17:03,1700 Hours,District 3 (Northwest),SIOUX CITY,WOODBURY,,ZENITH DR & TRI-VIEW AVE,Collision with fixed object:  Concrete traffic barrier (median or right side),On Roadway,Non-collision (single vehicle),Driving too fast for conditions,None Indicated,,Daylight,Snow,"Sleet, hail",None apparent,Non-intersection:  Non-junction/no special feature,Paved,,Property Damage Only,0,0,0,0,0,0,6000,2,2,,POINT (-96.420171234951 42.492648097374)