Iowa DOT Case Number,Law Enforcement Case Number,Date of Crash,Month of Crash,Day of Week,Time of Crash,Hour,DOT District,City Name,County Name,Route with System,Location Description,First Harmful Event,Location of First Harmful Event,Manner of Crash/Collision,Major Cause,Drug or Alcohol ,Environmental Conditions,Light Conditions,Surface Conditions,Weather Conditions,Roadway Contribution,Roadway Type,Roadway Surface,Work Zone,Crash Severity,Number of Fatalities,Number of Injuries,Number of Major Injuries,Number of Minor Injuries,Number of Possible Injuries,Number of Unknown Injuries,Amount of Property Damage,Number of Vehicles Involved,Total Number of Occupants,Travel Direction,Location
2014788403,S14-000535,02/24/2014,02-February,2-Monday,21:24,2100 Hours,District 4 (Southwest),,POTTAWATTAMIE,,Co Rd L20/OLD LINCOLN HWY,Collision with fixed object:  Ditch,Shoulder,Non-collision (single vehicle),Crossed centerline (undivided),None Indicated,,Dark - roadway not lighted,Snow,Snow,"Surface condition (e.g., wet, icy)",Non-intersection:  Non-junction/no special feature,Paved,,Property Damage Only,0,0,0,0,0,0,6000,1,1,,POINT (-95.847877366905 41.333562352318)
2014788521,C14000593,02/24/2014,02-February,2-Monday,21:42,2100 Hours,District 6 (East Central),CORALVILLE,JOHNSON,I-80,I-80 & IA 965/CORAL RIDGE AVE & COMMERCE DR,Non-collision events:  Other non-collision (explain in narrative),On Roadway,Non-collision (single vehicle),Driving too fast for conditions,None Indicated,,Dark - roadway lighted,Snow,Cloudy,None apparent,Intersection:  Four-way intersection,Paved,,Property Damage Only,0,0,0,0,0,0,5500,1,1,,POINT (-91.608463777811 41.695966106141)
2014787783,14-1260,02/24/2014,02-February,2-Monday,22:46,2200 Hours,District 1 (Central),,POLK,I-35,I-35,Collision with:  Vehicle in traffic,On Roadway,"Sideswipe, same direction",Crossed centerline (undivided),None Indicated,,Dark - roadway not lighted,Snow,Snow,None apparent,Non-intersection:  Non-junction/no special feature,Paved,,Property Damage Only,0,0,0,0,0,0,2700,2,2,,POINT (-93.623196029318 41.649487723425)
2014789703,,02/24/2014,02-February,2-Monday,22:50,2200 Hours,District 2 (Northeast),,FLOYD,,210TH ST,Non-collision events:  Overturn/rollover,Roadside,Non-collision (single vehicle),Lost Control,None Indicated,,Dark - roadway not lighted,Ice/frost,Snow,"Surface condition (e.g., wet, icy)",Non-intersection:  Non-junction/no special feature,Paved,,Property Damage Only,0,0,0,0,0,0,2000,1,1,,POINT (-92.708296009391 43.052669816521)
2014788305,14001056,02/24/2014,02-February,2-Monday,11:31,1100 Hours,District 2 (Northeast),MASON CITY,CERRO GORDO,,18TH ST SE & S CAROLINA AVE,Collision with:  Vehicle in traffic,On Roadway,"Sideswipe, same direction",Other (explain in narrative):  No improper action,None Indicated,,Daylight,Snow,Cloudy,None apparent,Non-intersection:  Non-junction/no special feature,Paved,,Property Damage Only,0,0,0,0,0,0,2000,2,1,,POINT (-93.19114557643 43.134250581677)
2014797492,14-093,02/24/2014,02-February,2-Monday,14:20,1400 Hours,District 5 (Southeast),CORYDON,WAYNE,,FRANKLIN ST,Collision with:  Vehicle in traffic,On Roadway,Broadside (front to side),FTYROW:  From parked position,None Indicated,,Daylight,Dry,Clear,None apparent,Non-intersection:  Non-junction/no special feature,Paved,,Property Damage Only,0,0,0,0,0,0,2500,2,2,,POINT (-93.318863550849 40.757448429861)
2014790116,14-014,02/24/2014,02-February,2-Monday,15:35,1500 Hours,District 3 (Northwest),SIOUX CENTER,SIOUX,,4TH AVE NE,Collision with:  Vehicle in traffic,On Roadway,Unknown,Driving too fast for conditions,None Indicated,,Daylight,Snow,Snow,"Surface condition (e.g., wet, icy)",Non-intersection:  Driveway access (within),Paved,,Possible/Unknown,0,1,0,0,1,0,6000,2,3,,POINT (-96.169983641058 43.088255558323)
2014787700,022414-0187,02/24/2014,02-February,2-Monday,16:21,1600 Hours,District 3 (Northwest),STORM LAKE,BUENA VISTA,,LAKE AVE & W 10TH ST & E 10TH ST,Collision with:  Vehicle in traffic,On Roadway,"Angle, oncoming left turn",FTYROW:  Making left turn,None Indicated,,Daylight,Snow,Snow,"Surface condition (e.g., wet, icy)",Intersection:  Four-way intersection,Paved,,Property Damage Only,0,0,0,0,0,0,3250,2,2,,POINT (-95.200860990939 42.651069473311)
2014791938,02241417,02/24/2014,02-February,2-Monday,19:00,1900 Hours,District 5 (Southeast),OSCEOLA,CLARKE,US 69,US 69/S MAIN ST,Collision with fixed object:  Traffic sign support,Outside trafficway,Non-collision (single vehicle),Driving too fast for conditions,None Indicated,,Dark - roadway lighted,Snow,Snow,"Surface condition (e.g., wet, icy)",Intersection:  T-intersection,Paved,,Property Damage Only,0,0,0,0,0,0,3000,1,1,,POINT (-93.765318185575 41.025384024054)
2014788472,14018778,02/24/2014,02-February,2-Monday,17:29,1700 Hours,District 2 (Northeast),CEDAR FALLS,BLACK HAWK,,GREENHILL RD & ROWND ST,Collision with:  Vehicle in traffic,On Roadway,Rear-end (front to rear),Other (explain in narrative):  Other,None Indicated,,Daylight,Dry,Clear,None apparent,Intersection:  Four-way intersection,Paved,,Property Damage Only,0,0,0,0,0,0,2200,3,3,,POINT (-92.421142046889 42.49814118489)
2014787984,201302741,02/24/2014,02-February,2-Monday,16:10,1600 Hours,District 6 (East Central),CEDAR RAPIDS,LINN,,WILEY BLVD SW,Collision with:  Vehicle in traffic,On Roadway,Rear-end (front to rear),Lost Control,None Indicated,,Daylight,Dry,Cloudy,None apparent,Non-intersection:  Non-junction/no special feature,Paved,,Property Damage Only,0,0,0,0,0,0,2000,2,3,,POINT (-91.724481611799 41.951814663128)
2014788031,14-0222,02/24/2014,02-February,2-Monday,20:04,2000 Hours,District 1 (Central),CLIVE,POLK,I-35,I-35,,On Roadway,Non-collision (single vehicle),Driving too fast for conditions,None Indicated,,Dark - roadway not lighted,Snow,Snow,"Surface condition (e.g., wet, icy)",Non-intersection:  Non-junction/no special feature,Paved,,Property Damage Only,0,0,0,0,0,0,2500,1,1,,POINT (-93.776855772824 41.613937419009)
2014788122,14-2127,02/24/2014,02-February,2-Monday,18:40,1800 Hours,District 3 (Northwest),,SIOUX,US 75,US 75 & 330TH ST,Collision with:  Vehicle in traffic,On Roadway,"Sideswipe, opposite direction",Crossed centerline (undivided),None Indicated,,Dark - roadway not lighted,Snow,Snow,None apparent,Non-intersection:  Non-junction/no special feature,Paved,,Property Damage Only,0,0,0,0,0,0,2300,2,3,,POINT (-96.177352277778 43.171247641387)
2014787924,14002886,02/24/2014,02-February,2-Monday,15:11,1500 Hours,District 2 (Northeast),MASON CITY,CERRO GORDO,,N RHODE ISLAND AVE,Collision with:  Vehicle in traffic,On Roadway,Rear-end (front to rear),Driving too fast for conditions,None Indicated,,Daylight,Ice/frost,Cloudy,"Surface condition (e.g., wet, icy)",Non-intersection:  Non-junction/no special feature,Paved,,Property Damage Only,0,0,0,0,0,0,1900,2,7,,POINT (-93.18414013891 43.163924052653)
2014788090,2014-11740,02/24/2014,02-February,2-Monday,16:06,1600 Hours,District 6 (East Central),DAVENPORT,SCOTT,,W 53RD ST,Collision with:  Vehicle in traffic,On Roadway,"Sideswipe, same direction",FTYROW:  Other (explain in narrative),None Indicated,,Daylight,Dry,Clear,None apparent,Non-intersection:  Non-junction/no special feature,Paved,,Property Damage Only,0,0,0,0,0,0,2500,2,2,,POINT (-90.584334483268 41.574541488099)
2014787797,20140005188,02/24/2014,02-February,2-Monday,19:48,1900 Hours,District 1 (Central),DES MOINES,POLK,,HUBBELL AVE & E 32ND ST,Collision with:  Vehicle in traffic,On Roadway,Broadside (front to side),Other (explain in narrative):  No improper action,None Indicated,,Dark - roadway lighted,Snow,Snow,None apparent,Intersection:  T-intersection,Paved,,Property Damage Only,0,0,0,0,0,0,7029,2,4,,POINT (-93.554847673107 41.623672087987)
2014788134,14-000909,02/24/2014,02-February,2-Monday,19:20,1900 Hours,District 1 (Central),AMES,STORY,,24TH ST & STANGE RD & GEORGE W CARVER AVE,Collision with:  Vehicle in traffic,On Roadway,Rear-end (front to rear),Ran off road - straight,None Indicated,,Dark - roadway lighted,Snow,Snow,"Surface condition (e.g., wet, icy)",Intersection:  Four-way intersection,Paved,,Property Damage Only,0,0,0,0,0,0,2500,2,3,,POINT (-93.644861340085 42.045426171167)
2014787618,14-0546,02/24/2014,02-February,2-Monday,10:50,1000 Hours,District 1 (Central),FORT DODGE,WEBSTER,,7TH AVE N & N 9TH ST,Collision with:  Vehicle in traffic,On Roadway,Broadside (front to side),FTYROW:  From stop sign,None Indicated,,Daylight,Dry,Cloudy,None apparent,Intersection:  Four-way intersection,Paved,,Property Damage Only,0,0,0,0,0,0,6000,2,3,,POINT (-94.187939833184 42.512240979339)
2014787867,14-5563,02/24/2014,02-February,2-Monday,17:20,1700 Hours,District 3 (Northwest),SIOUX CITY,WOODBURY,,COOK DR & HAMILTON BLVD & W 28TH ST,Collision with:  Vehicle in traffic,On Roadway,Broadside (front to side),Driving too fast for conditions,None Indicated,,Daylight,Snow,Snow,None apparent,Intersection:  Four-way intersection,Paved,,Property Damage Only,0,0,0,0,0,0,2500,2,3,,POINT (-96.417580117323 42.518766378496)
2014788595,2014013373,02/24/2014,02-February,2-Monday,06:38,0600 Hours,District 4 (Southwest),,MILLS,,Co Rd L35/221ST ST,Collision with:  Vehicle in traffic,On Roadway,Head-on (front to front),Crossed centerline (undivided),None Indicated,,Dark - roadway not lighted,Dry,Snow,None apparent,Non-intersection:  Non-junction/no special feature,Paved,,Property Damage Only,0,0,0,0,0,0,20000,2,3,,POINT (-95.767855746778 41.100896849297)
2014788258,2014013522,02/24/2014,02-February,2-Monday,16:58,1600 Hours,District 5 (Southeast),,WARREN,,Co Rd G24/HWY G24 & 108TH AVE,Non-collision events:  Overturn/rollover,On Roadway,Non-collision (single vehicle),Ran off road - right,None Indicated,,Daylight,Snow,Snow,"Surface condition (e.g., wet, icy)",Intersection:  T-intersection,Paved,,Minor Injury,0,1,0,1,0,0,2500,1,1,,POINT (-93.602072928361 41.438891980964)
2014787786,14-1245,02/24/2014,02-February,2-Monday,14:45,1400 Hours,District 1 (Central),DES MOINES,POLK,,Co Rd F52/NE 46TH AVE,Collision with:  Vehicle in traffic,On Roadway,Rear-end (front to rear),Followed too close,None Indicated,,Daylight,Dry,Clear,None apparent,Non-intersection:  Railroad grade crossing,Paved,,Property Damage Only,0,0,0,0,0,0,3000,2,3,,POINT (-93.586339992713 41.644133224333)
2014787870,14-5592,02/24/2014,02-February,2-Monday,20:40,2000 Hours,District 3 (Northwest),SIOUX CITY,WOODBURY,I-29,I-29,Collision with:  Vehicle in traffic,On Roadway,"Sideswipe, same direction",Lost Control,None Indicated,,Dark - roadway not lighted,Snow,Snow,"Surface condition (e.g., wet, icy)",Non-intersection:  Other non-intersection (explain in narrative),Paved,,Minor Injury,0,1,0,1,0,0,10000,2,2,,POINT (-96.391230001327 42.483730224816)
2014788215,2014013557,02/24/2014,02-February,2-Monday,20:35,2000 Hours,District 1 (Central),FORT DODGE,WEBSTER,,KENYON RD,Collision with:  Vehicle in traffic,On Roadway,Rear-end (front to rear),Driving too fast for conditions,Alcohol (Statutory),,Dark - roadway lighted,Snow,Snow,None apparent,Non-intersection:  Other non-intersection (explain in narrative),Paved,,Property Damage Only,0,0,0,0,0,0,3500,2,2,,POINT (-94.188504650019 42.495151306457)
2014787804,20140005194,02/24/2014,02-February,2-Monday,21:30,2100 Hours,District 1 (Central),DES MOINES,POLK,,HIGH ST & 8TH ST,Collision with:  Vehicle in traffic,On Roadway,"Sideswipe, same direction",Driver Distraction:  Manual operation of an electronic communication device,None Indicated,,Dark - roadway lighted,Snow,Snow,"Surface condition (e.g., wet, icy)",Non-intersection:  Non-junction/no special feature,Paved,,Property Damage Only,0,0,0,0,0,0,3000,2,2,,POINT (-93.627990515743 41.587924418983)
2014798708,S14-B2402,02/24/2014,02-February,2-Monday,20:45,2000 Hours,District 5 (Southeast),,CLARKE,I-35,I-35,Collision with fixed object:  Ditch,On Roadway,Non-collision (single vehicle),Swerving/Evasive Action,None Indicated,,Dark - roadway not lighted,Snow,Snow,"Surface condition (e.g., wet, icy)",Non-intersection:  Non-junction/no special feature,Paved,,Property Damage Only,0,0,0,0,0,0,1500,1,2,,POINT (-93.781382200082 41.083215930568)
2014787617,14-0545,02/24/2014,02-February,2-Monday,08:55,0800 Hours,District 1 (Central),FORT DODGE,WEBSTER,,HIGHLAND PARK AVE & S 20TH ST,Collision with:  Vehicle in traffic,On Roadway,"Sideswipe, opposite direction",Lost Control,None Indicated,,Daylight,Ice/frost,Clear,"Surface condition (e.g., wet, icy)",Non-intersection:  Non-junction/no special feature,Paved,,Property Damage Only,0,0,0,0,0,0,3000,2,3,,POINT (-94.170703907077 42.496613353563)
2014789872,,02/24/2014,02-February,2-Monday,07:43,0700 Hours,District 2 (Northeast),CLEAR LAKE,CERRO GORDO,,4TH AVE S & S 8TH ST,Collision with:  Vehicle in traffic,On Roadway,"Sideswipe, opposite direction",FTYROW:  Making left turn,None Indicated,,Daylight,Ice/frost,Cloudy,"Surface condition (e.g., wet, icy)",Intersection:  Four-way intersection,Paved,,Property Damage Only,0,0,0,0,0,0,2500,2,2,,POINT (-93.378721998615 43.133711445545)
2014787701,022414-183,02/24/2014,02-February,2-Monday,15:48,1500 Hours,District 3 (Northwest),STORM LAKE,BUENA VISTA,,W 5TH ST & OSTEGO ST,Collision with:  Vehicle in traffic,On Roadway,Rear-end (front to rear),Followed too close,None Indicated,,Daylight,Snow,Snow,None apparent,Non-intersection:  Non-junction/no special feature,Paved,,Property Damage Only,0,0,0,0,0,0,5500,2,5,,POINT (-95.206238722149 42.644455303011)
2014788359,14001001,02/24/2014,02-February,2-Monday,18:10,1800 Hours,District 3 (Northwest),SHELDON,OBRIEN,US 18,US 18/PARK ST & RUNGER AVE & 34TH AVE,Collision with:  Vehicle in traffic,On Roadway,"Angle, oncoming left turn",FTYROW:  Making left turn,None Indicated,,Dark - roadway lighted,Ice/frost,Snow,None apparent,Intersection:  Four-way intersection,Paved,,Property Damage Only,0,0,0,0,0,0,3000,2,2,,POINT (-95.817035977153 43.186034619088)
2014787865,14-5556,02/24/2014,02-February,2-Monday,16:58,1600 Hours,District 3 (Northwest),SIOUX CITY,WOODBURY,I-29,I-29,Collision with fixed object:  Curb/island/raised median,On Roadway,Non-collision (single vehicle),Lost Control,None Indicated,,Daylight,Snow,Snow,"Surface condition (e.g., wet, icy)",Interchange-related:  On-ramp merge area,Paved,,Property Damage Only,0,0,0,0,0,0,2000,1,1,,POINT (-96.391216883543 42.483712603828)
2014799808,14C00800,02/24/2014,02-February,2-Monday,16:11,1600 Hours,District 4 (Southwest),CRESTON,UNION,,S VINE ST,Collision with:  Parked motor vehicle,Roadside,Rear-end (front to rear),FTYROW:  From driveway,None Indicated,,Daylight,Dry,Cloudy,None apparent,Non-intersection:  Driveway access (within),Paved,,Possible/Unknown,0,1,0,0,1,0,1600,2,1,,POINT (-94.357912666985 41.054443309095)
2014792730,14-2097,02/24/2014,02-February,2-Monday,15:23,1500 Hours,District 3 (Northwest),IDA GROVE,IDA,,3RD ST & COURT ST,Collision with fixed object:  Utility pole/light support,On Roadway,Non-collision (single vehicle),Driving too fast for conditions,None Indicated,,Daylight,Snow,Snow,"Surface condition (e.g., wet, icy)",Non-intersection:  Non-junction/no special feature,Paved,,Possible/Unknown,0,1,0,0,1,0,2500,1,1,,POINT (-95.466995588608 42.343855080606)
2014789388,14-01298,02/24/2014,02-February,2-Monday,12:35,1200 Hours,District 2 (Northeast),OELWEIN,FAYETTE,,2ND AVE NW,Collision with:  Parked motor vehicle,On Roadway,Rear-end (front to rear),Driving too fast for conditions,None Indicated,,Daylight,Ice/frost,Cloudy,Ruts/holes/bumps,Non-intersection:  Non-junction/no special feature,Paved,,Property Damage Only,0,0,0,0,0,0,5500,2,1,,POINT (-91.916789774884 42.679936277464)
2014788505,14-06295,02/24/2014,02-February,2-Monday,22:28,2200 Hours,District 5 (Southeast),MIDDLETOWN,DES MOINES,US 34,US 34 & BOUNDARY AVE,Non-collision events:  Other non-collision (explain in narrative),On Roadway,Non-collision (single vehicle),Driving too fast for conditions,None Indicated,,Dark - roadway not lighted,Snow,Snow,"Surface condition (e.g., wet, icy)",Non-intersection:  Other non-intersection (explain in narrative),Paved,,Property Damage Only,0,0,0,0,0,0,10000,1,1,,POINT (-91.261556399801 40.833216501183)
2014787732,20140656,02/24/2014,02-February,2-Monday,13:48,1300 Hours,District 1 (Central),,GRUNDY,,Co Rd D17/120TH ST,Collision with:  Vehicle in traffic,On Roadway,Rear-end (front to rear),Lost Control,None Indicated,,Daylight,Dry,Clear,None apparent,Non-intersection:  Non-junction/no special feature,Paved,,Property Damage Only,0,0,0,0,0,0,10000,2,3,,POINT (-92.659050787701 42.527977623174)
2014787775,SO14000427,02/24/2014,02-February,2-Monday,09:30,0900 Hours,District 3 (Northwest),,PLYMOUTH,,Co Rd K42/K42,Collision with fixed object:  Bridge overhead structure,On Roadway,Non-collision (single vehicle),Swerving/Evasive Action,None Indicated,,Daylight,Dry,Cloudy,None apparent,Non-intersection:  Other non-intersection (explain in narrative),Paved,,Property Damage Only,0,0,0,0,0,0,12000,1,1,,POINT (-96.272565439592 42.845478046587)
2014793243,SA1401299,02/24/2014,02-February,2-Monday,12:18,1200 Hours,District 5 (Southeast),WELLMAN,WASHINGTON,IA 22,IA 22/6TH ST & 9TH AVE,Collision with:  Vehicle in traffic,On Roadway,Broadside (front to side),FTYROW:  From stop sign,None Indicated,,Daylight,Dry,Cloudy,None apparent,Intersection:  Four-way intersection,Paved,,Property Damage Only,0,0,0,0,0,0,4500,2,2,,POINT (-91.839042272485 41.46750399917)
2014788055,20140005208,02/24/2014,02-February,2-Monday,23:53,2300 Hours,District 1 (Central),DES MOINES,POLK,,THORNTON AVE & SW 28TH ST,Collision with fixed object:  Utility pole/light support,Roadside,Non-collision (single vehicle),Driving too fast for conditions,None Indicated,,Dark - roadway lighted,Snow,Snow,None apparent,Non-intersection:  Other non-intersection (explain in narrative),Paved,,Minor Injury,0,1,0,1,0,0,3150,1,1,,POINT (-93.654045939478 41.551930199733)
2014788424,201400009312,02/24/2014,02-February,2-Monday,20:13,2000 Hours,District 5 (Southeast),OTTUMWA,WAPELLO,,BURLINGTON ST,Collision with fixed object:  Other fixed object (explain in narrative),On Roadway,Non-collision (single vehicle),Driving too fast for conditions,None Indicated,,Dark - roadway lighted,Snow,Snow,"Surface condition (e.g., wet, icy)",Non-intersection:  Non-junction/no special feature,Unpaved,,Property Damage Only,0,0,0,0,0,0,3100,1,1,,POINT (-92.40308774588 41.011020358382)
2014798707,S14-B2401,02/24/2014,02-February,2-Monday,07:00,0700 Hours,District 5 (Southeast),,CLARKE,US 69,US 69,Collision with:  Animal,,,Animal,None Indicated,,,,,,,Paved,,Property Damage Only,0,0,0,0,0,0,3000,1,1,,POINT (-93.76769176275 40.920342022476)
2014787781,14-1256,02/24/2014,02-February,2-Monday,20:00,2000 Hours,District 1 (Central),ANKENY,POLK,,Co Rd R56/NW 16TH ST & NW 118TH AVE,Collision with:  Vehicle in traffic,On Roadway,"Sideswipe, opposite direction",Driving too fast for conditions,None Indicated,,Dark - roadway lighted,Snow,Snow,None apparent,Intersection:  Four-way intersection,Paved,,Property Damage Only,0,0,0,0,0,0,4500,2,2,,POINT (-93.639492054139 41.776811998316)
2014789827,14-2121,02/24/2014,02-February,2-Monday,17:00,1700 Hours,District 3 (Northwest),,SIOUX,IA 60,IA 60/IOWA 60/SE RAMP,Collision with fixed object:  Bridge overhead structure,On Roadway,Non-collision (single vehicle),Lost Control,None Indicated,,Daylight,Snow,Snow,"Surface condition (e.g., wet, icy)",Non-intersection:  Other non-intersection (explain in narrative),Paved,,Property Damage Only,0,0,0,0,0,0,3000,1,1,,POINT (-95.865630580389 43.157958618342)
2014791506,14-001878,02/24/2014,02-February,2-Monday,19:47,1900 Hours,District 3 (Northwest),,CARROLL,US 71,US 71,Collision with fixed object:  Utility pole/light support,On Roadway,Non-collision (single vehicle),Swerving/Evasive Action,None Indicated,,Dark - roadway not lighted,Snow,Snow,"Surface condition (e.g., wet, icy)",Non-intersection:  Non-junction/no special feature,Paved,,Property Damage Only,0,0,0,0,0,0,5050,1,3,,POINT (-94.878584163522 42.082349725901)
2014787872,14-5603,02/24/2014,02-February,2-Monday,22:19,2200 Hours,District 3 (Northwest),SIOUX CITY,WOODBURY,IA 376,IA 376/LEWIS BLVD,Collision with fixed object:  Ditch,On Roadway,Non-collision (single vehicle),Lost Control,None Indicated,,Dark - roadway not lighted,Snow,Snow,"Surface condition (e.g., wet, icy)",Non-intersection:  Non-junction/no special feature,Paved,,Possible/Unknown,0,1,0,0,1,0,55009,1,1,,POINT (-96.344232610773 42.551863152671)
2014788343,2014002121,02/24/2014,02-February,2-Monday,18:45,1800 Hours,District 6 (East Central),IOWA CITY,JOHNSON,,WASHINGTON ST,Collision with:  Vehicle in traffic,On Roadway,Rear-end (front to rear),Improper Backing,None Indicated,,Dark - roadway lighted,Dry,Cloudy,None apparent,Non-intersection:  Non-junction/no special feature,Paved,,Property Damage Only,0,0,0,0,0,0,2500,2,1,,POINT (-91.495714743383 41.660517594009)
2014788405,2014-1975,02/24/2014,02-February,2-Monday,18:26,1800 Hours,District 3 (Northwest),,SAC,US 20,US 20,Non-collision events:  Jackknife,Roadside,Non-collision (single vehicle),Ran off road - left,None Indicated,,Dark - roadway not lighted,Snow,Snow,None apparent,"Interchange-related:  Off-ramp, diverge area",Paved,,Property Damage Only,0,0,0,0,0,0,5000,1,2,,POINT (-95.151203752632 42.472592919005)
2014787707,140490,02/24/2014,02-February,2-Monday,18:19,1800 Hours,District 3 (Northwest),DENISON,CRAWFORD,,6TH AVE N & N 20TH ST,Collision with fixed object:  Other fixed object (explain in narrative),On Roadway,Non-collision (single vehicle),Ran off road - left,None Indicated,,Dusk,Snow,Snow,"Surface condition (e.g., wet, icy)",Non-intersection:  Non-junction/no special feature,Paved,,Property Damage Only,0,0,0,0,0,0,1500,1,2,,POINT (-95.343631038432 42.023574792835)
2014788319,CL14000550,02/24/2014,02-February,2-Monday,17:00,1700 Hours,District 6 (East Central),CLINTON,CLINTON,US 67,US 67/N 2ND ST & 18TH AVE N,Collision with:  Vehicle in traffic,On Roadway,"Sideswipe, same direction",FTYROW:  Other (explain in narrative),None Indicated,,Daylight,Dry,Cloudy,None apparent,Intersection:  Four-way intersection,Paved,,Possible/Unknown,0,1,0,0,1,0,8000,2,2,,POINT (-90.182632242076 41.86491080538)
2014787409,14-1238,02/24/2014,02-February,2-Monday,12:45,1200 Hours,District 1 (Central),DES MOINES,POLK,,E BROADWAY AVE & NE 46TH AVE,Collision with:  Vehicle in traffic,On Roadway,"Sideswipe, same direction",FTYROW:  From yield sign,None Indicated,,Daylight,Dry,Cloudy,None apparent,Intersection:  T-intersection,Paved,,Property Damage Only,0,0,0,0,0,0,2100,2,2,,POINT (-93.517198355115 41.644176892342)
2014787800,20140005195,02/24/2014,02-February,2-Monday,21:45,2100 Hours,District 1 (Central),DES MOINES,POLK,,COTTAGE GROVE AVE & 35TH ST,Collision with fixed object:  Utility pole/light support,On Roadway,Non-collision (single vehicle),Driving too fast for conditions,None Indicated,,Dark - roadway lighted,Snow,Snow,None apparent,Intersection:  Four-way intersection,Paved,,Property Damage Only,0,0,0,0,0,0,12000,1,1,,POINT (-93.664199455021 41.59849359036)
2014787809,14-0412,02/24/2014,02-February,2-Monday,18:04,1800 Hours,District 4 (Southwest),URBANDALE,DALLAS,,,Collision with fixed object:  Bridge overhead structure,On Roadway,Non-collision (single vehicle),Driving too fast for conditions,None Indicated,,Dark - roadway lighted,Snow,Snow,"Surface condition (e.g., wet, icy)",Non-intersection:  Other non-intersection (explain in narrative),,,Property Damage Only,0,0,0,0,0,0,4000,1,1,,POINT (-96.643700149993 40.233091251414)
2014789324,,02/24/2014,02-February,2-Monday,07:00,0700 Hours,District 4 (Southwest),,MILLS,US 34,US 34,Collision with:  Animal,On Roadway,Non-collision (single vehicle),Animal,None Indicated,,Dawn,Snow,"Sleet, hail",,Non-intersection:  Non-junction/no special feature,Paved,,Property Damage Only,0,0,0,0,0,0,5000,1,1,,POINT (-95.550333753752 41.030803086646)
2014788120,14-2116,02/24/2014,02-February,2-Monday,15:35,1500 Hours,District 3 (Northwest),,SIOUX,,Co Rd B40/400TH ST,Collision with fixed object:  Ditch,Roadside,Non-collision (single vehicle),Driving too fast for conditions,None Indicated,,Daylight,Snow,Snow,"Surface condition (e.g., wet, icy)",Non-intersection:  Non-junction/no special feature,Paved,,Property Damage Only,0,0,0,0,0,0,2000,1,1,,POINT (-96.052158417986 43.070221302112)
2014787862,S14-1869,02/24/2014,02-February,2-Monday,18:23,1800 Hours,District 3 (Northwest),,WOODBURY,US 20,US 20,Collision with:  Vehicle in traffic,Shoulder,"Sideswipe, same direction",Ran off road - right,None Indicated,,Dark - roadway not lighted,Snow,Snow,"Surface condition (e.g., wet, icy)",Non-intersection:  Non-junction/no special feature,Paved,,Major Injury,0,1,1,0,0,0,32000,2,2,,POINT (-95.756088956451 42.476439601993)
2014787794,20140005164,02/24/2014,02-February,2-Monday,16:02,1600 Hours,District 1 (Central),DES MOINES,POLK,IA 163,IA 163/E UNIVERSITY AVE & E 33RD ST,Collision with:  Vehicle in traffic,On Roadway,Broadside (front to side),Other (explain in narrative):  No improper action,None Indicated,,Daylight,Wet,Snow,None apparent,Intersection:  Four-way intersection,Paved,,Property Damage Only,0,0,0,0,0,0,5000,2,2,,POINT (-93.551457657443 41.600557838817)
2014788013,2014001676,02/24/2014,02-February,2-Monday,11:43,1100 Hours,District 1 (Central),MARSHALLTOWN,MARSHALL,IA 14,IA 14/S CENTER ST & MERLE HIBBS BLVD,Collision with:  Vehicle in traffic,On Roadway,"Sideswipe, same direction",Improper or erratic lane changing,None Indicated,,Daylight,Dry,Cloudy,None apparent,Non-intersection:  Non-junction/no special feature,Paved,,Property Damage Only,0,0,0,0,0,0,2500,2,3,,POINT (-92.91239219307 42.012943138791)
2014791176,2014013545,02/24/2014,02-February,2-Monday,19:30,1900 Hours,District 4 (Southwest),LITTLE SIOUX,HARRISON,,Co Rd K45/AUSTIN AVE,Collision with:  Vehicle in traffic,On Roadway,Head-on (front to front),Crossed centerline (undivided),None Indicated,,Dark - roadway not lighted,Snow,Snow,"Surface condition (e.g., wet, icy)",Non-intersection:  Non-junction/no special feature,Paved,,Possible/Unknown,0,1,0,0,1,0,12000,2,3,,POINT (-96.088583216654 41.852699235792)
2014788261,2014013576,02/24/2014,02-February,2-Monday,22:00,2200 Hours,District 5 (Southeast),,WARREN,I-35,I-35,Non-collision events:  Other non-collision (explain in narrative),On Roadway,Non-collision (single vehicle),Driving too fast for conditions,None Indicated,,Dark - roadway not lighted,Snow,Snow,"Surface condition (e.g., wet, icy)",Non-intersection:  Non-junction/no special feature,Paved,,Property Damage Only,0,0,0,0,0,0,7500,1,1,,POINT (-93.779858482121 41.356387265775)
2014788164,14-5568,02/24/2014,02-February,2-Monday,18:00,1800 Hours,District 3 (Northwest),SIOUX CITY,WOODBURY,I-29,I-29,Collision with fixed object:  Other fixed object (explain in narrative),On Roadway,Non-collision (single vehicle),Other (explain in narrative):  No improper action,None Indicated,,Dusk,Snow,Snow,"Surface condition (e.g., wet, icy)",Non-intersection:  Non-junction/no special feature,Paved,,Property Damage Only,0,0,0,0,0,0,6000,1,1,,POINT (-96.37634895686 42.452258014501)