Iowa DOT Case Number,Law Enforcement Case Number,Date of Crash,Month of Crash,Day of Week,Time of Crash,Hour,DOT District,City Name,County Name,Route with System,Location Description,First Harmful Event,Location of First Harmful Event,Manner of Crash/Collision,Major Cause,Drug or Alcohol ,Environmental Conditions,Light Conditions,Surface Conditions,Weather Conditions,Roadway Contribution,Roadway Type,Roadway Surface,Work Zone,Crash Severity,Number of Fatalities,Number of Injuries,Number of Major Injuries,Number of Minor Injuries,Number of Possible Injuries,Number of Unknown Injuries,Amount of Property Damage,Number of Vehicles Involved,Total Number of Occupants,Travel Direction,Location
2014788213,2014013363,02/24/2014,02-February,2-Monday,05:30,0500 Hours,District 5 (Southeast),,HENRY,,QUINCY AVE,Collision with:  Animal,,,Animal,None Indicated,,,,,,,Unpaved,,Property Damage Only,0,0,0,0,0,0,1500,1,1,,POINT (-91.395932389495 40.87778025944)
2014788603,,02/24/2014,02-February,2-Monday,10:43,1000 Hours,District 2 (Northeast),NEW HAMPTON,CHICKASAW,IA 24,IA 24/N LINN AVE & W PROSPECT ST,Collision with:  Vehicle in traffic,On Roadway,Rear-end (front to rear),Followed too close,None Indicated,,Daylight,Dry,Cloudy,None apparent,Intersection:  Four-way intersection,Paved,,Possible/Unknown,0,1,0,0,1,0,1800,2,4,,POINT (-92.31782184186 43.060193439233)
2014788293,14018645,02/24/2014,02-February,2-Monday,09:57,0900 Hours,District 2 (Northeast),CEDAR FALLS,BLACK HAWK,,UNIVERSITY AVE & CAMPUS ST,Collision with:  Vehicle in traffic,On Roadway,Rear-end (front to rear),Other (explain in narrative):  Other,None Indicated,,Daylight,Dry,Clear,None apparent,Intersection:  Four-way intersection,Paved,,Major Injury,0,1,1,0,0,0,7000,2,2,,POINT (-92.459452138676 42.5109994923)
2014789355,14002905,02/24/2014,02-February,2-Monday,18:20,1800 Hours,District 2 (Northeast),MASON CITY,CERRO GORDO,,8TH ST SE & MANOR DR & S KENTUCKY AVE,Collision with:  Vehicle in traffic,On Roadway,Rear-end (front to rear),Lost Control,None Indicated,,Dark - roadway not lighted,Ice/frost,Cloudy,"Surface condition (e.g., wet, icy)",Intersection:  Four-way intersection,Paved,,Property Damage Only,0,0,0,0,0,0,1500,2,4,,POINT (-93.181115375276 43.143568926529)
2014787871,14-5597,02/24/2014,02-February,2-Monday,21:40,2100 Hours,District 3 (Northwest),SIOUX CITY,WOODBURY,I-29,I-29,Non-collision events:  Other non-collision (explain in narrative),On Roadway,Non-collision (single vehicle),Other (explain in narrative):  No improper action,None Indicated,,Dark - roadway lighted,Ice/frost,Snow,"Surface condition (e.g., wet, icy)",Non-intersection:  Other non-intersection (explain in narrative),Paved,,Property Damage Only,0,0,0,0,0,0,2500,1,2,,POINT (-96.373723537242 42.44639240217)
2014787811,14-0414,02/24/2014,02-February,2-Monday,20:42,2000 Hours,District 1 (Central),URBANDALE,POLK,,DOUGLAS AVE,Collision with:  Vehicle in traffic,On Roadway,"Sideswipe, opposite direction",FTYROW:  Making left turn,None Indicated,,Dark - roadway lighted,Snow,Snow,"Surface condition (e.g., wet, icy)",Non-intersection:  Driveway access (within),Paved,,Property Damage Only,0,0,0,0,0,0,10800,2,2,,POINT (-93.717747218737 41.629354647088)
2014787704,14-1866,02/24/2014,02-February,2-Monday,15:55,1500 Hours,District 3 (Northwest),CARROLL,CARROLL,,GRANT RD,Collision with:  Vehicle in traffic,On Roadway,Head-on (front to front),Swerving/Evasive Action,None Indicated,,Daylight,Wet,Snow,"Surface condition (e.g., wet, icy)",Non-intersection:  Non-junction/no special feature,Paved,,Property Damage Only,0,0,0,0,0,0,13600,2,2,,POINT (-94.859216625258 42.073244906255)
2014787864,14-5505,02/24/2014,02-February,2-Monday,09:44,0900 Hours,District 3 (Northwest),SIOUX CITY,WOODBURY,US 20,US 20/NW RAMP & IA 12/IOWA 12,Collision with fixed object:  Traffic sign support,On Roadway,Non-collision (single vehicle),Ran Stop Sign,None Indicated,,Daylight,Dry,Cloudy,None apparent,"Interchange-related:  Off-ramp, diverge area",Paved,,Property Damage Only,0,0,0,0,0,0,1820,1,1,,POINT (-96.326255228033 42.475488348291)
2014794596,1402240847,02/24/2014,02-February,2-Monday,08:47,0800 Hours,District 6 (East Central),WYOMING,JONES,IA 64,IA 64/MAIN ST,Collision with:  Vehicle in traffic,On Roadway,"Sideswipe, same direction",Made improper turn,None Indicated,,Daylight,Dry,Cloudy,None apparent,Non-intersection:  Non-junction/no special feature,Paved,,Property Damage Only,0,0,0,0,0,0,6000,2,2,,POINT (-91.009111866057 42.058877357555)
2014788320,CL14000552,02/24/2014,02-February,2-Monday,18:44,1800 Hours,District 6 (East Central),CLINTON,CLINTON,US 30,US 30/CAMANCHE AVE & 17TH PL,Collision with:  Vehicle in traffic,On Roadway,"Sideswipe, same direction",Made improper turn,None Indicated,,Dark - roadway lighted,Dry,Clear,None apparent,Non-intersection:  Non-junction/no special feature,Paved,,Possible/Unknown,0,1,0,0,1,0,2300,2,3,,POINT (-90.205284679844 41.827514604324)
2014787694,W14-018541,02/24/2014,02-February,2-Monday,00:33,0000 Hours,District 2 (Northeast),WATERLOO,BLACK HAWK,US 63,US 63/W 1ST ST & JEFFERSON ST,Collision with:  Vehicle in traffic,On Roadway,"Sideswipe, same direction",Made improper turn,None Indicated,,Dark - roadway lighted,Dry,Clear,None apparent,Intersection:  Four-way intersection,Paved,,Property Damage Only,0,0,0,0,0,0,2000,2,3,,POINT (-92.344967791491 42.4971637559)
2014787953,14-060224-01,02/24/2014,02-February,2-Monday,21:50,2100 Hours,District 6 (East Central),,IOWA,,Co Rd F46/240TH ST,Non-collision events:  Overturn/rollover,On Roadway,Non-collision (single vehicle),Driving too fast for conditions,None Indicated,,Dark - roadway not lighted,Snow,Snow,"Surface condition (e.g., wet, icy)",Non-intersection:  Non-junction/no special feature,Paved,,Property Damage Only,0,0,0,0,0,0,6000,1,1,,POINT (-91.879156944482 41.667446055515)
2014787928,14-002620,02/24/2014,02-February,2-Monday,18:53,1800 Hours,District 3 (Northwest),SPENCER,CLAY,,E PARK ST & 1ST AVE E,Collision with:  Vehicle in traffic,On Roadway,"Angle, oncoming left turn",Other (explain in narrative):  Other,None Indicated,,Dark - roadway lighted,Snow,Snow,None apparent,Intersection:  T-intersection,Paved,,Property Damage Only,0,0,0,0,0,0,2000,2,1,,POINT (-95.142959799116 43.137795732094)
2014787739,P14-002194,02/24/2014,02-February,2-Monday,07:33,0700 Hours,District 1 (Central),WEBSTER CITY,HAMILTON,,2ND ST & WILLSON AVE,Collision with:  Vehicle in traffic,On Roadway,Rear-end (front to rear),Driving too fast for conditions,None Indicated,,Daylight,Ice/frost,Clear,"Surface condition (e.g., wet, icy)",Intersection:  Four-way intersection,Paved,,Possible/Unknown,0,1,0,0,1,0,4000,2,2,,POINT (-93.819291369895 42.469422943123)
2014789683,14-5596,02/24/2014,02-February,2-Monday,21:37,2100 Hours,District 3 (Northwest),SIOUX CITY,WOODBURY,,18TH ST & FAIRVIEW BLVD & UNITY AVE,Collision with fixed object:  Traffic sign support,On Roadway,Non-collision (single vehicle),Driving too fast for conditions,None Indicated,,Dark - roadway lighted,Snow,Snow,"Surface condition (e.g., wet, icy)",Non-intersection:  Non-junction/no special feature,Paved,,Property Damage Only,0,0,0,0,0,0,4300,1,1,,POINT (-96.368563969871 42.508153302863)
2014787272,W14-018612,02/24/2014,02-February,2-Monday,07:31,0700 Hours,District 2 (Northeast),WATERLOO,BLACK HAWK,,,Collision with:  Parked motor vehicle,On Roadway,Head-on (front to front),Other (explain in narrative):  Other,None Indicated,,Daylight,Dry,Clear,None apparent,Non-intersection:  Other non-intersection (explain in narrative),,,Property Damage Only,0,0,0,0,0,0,3000,2,2,,POINT (-96.643700149993 40.233091251414)
2014788101,2014-11732,02/24/2014,02-February,2-Monday,14:57,1400 Hours,District 6 (East Central),DAVENPORT,SCOTT,,TREMONT AVE,Collision with:  Vehicle in traffic,On Roadway,"Sideswipe, opposite direction",Crossed centerline (undivided),None Indicated,,Daylight,Dry,Cloudy,None apparent,Non-intersection:  Non-junction/no special feature,Paved,,Property Damage Only,0,0,0,0,0,0,4500,2,2,,POINT (-90.560833609083 41.574990721711)
2014787835,14-007459,02/24/2014,02-February,2-Monday,21:30,2100 Hours,District 4 (Southwest),COUNCIL BLUFFS,POTTAWATTAMIE,I-29,I-29 & IA 192/S EXPRESSWAY & 30TH AVE,Collision with fixed object:  Other fixed object (explain in narrative),On Roadway,Non-collision (single vehicle),Driving too fast for conditions,None Indicated,,Dark - roadway not lighted,Wet,Clear,None apparent,Non-intersection:  Non-junction/no special feature,Paved,,Property Damage Only,0,0,0,0,0,0,3000,1,1,,POINT (-95.851337557948 41.230669294291)
2014787810,14-0413,02/24/2014,02-February,2-Monday,19:21,1900 Hours,District 1 (Central),URBANDALE,POLK,I-35,I-35,Collision with:  Vehicle in traffic,On Roadway,"Sideswipe, same direction",Driving too fast for conditions,None Indicated,,Dark - roadway not lighted,Snow,Snow,"Surface condition (e.g., wet, icy)",Non-intersection:  Non-junction/no special feature,Paved,,Property Damage Only,0,0,0,0,0,0,14000,2,6,,POINT (-93.757240480686 41.651592096292)
2014793213,S201400354,02/24/2014,02-February,2-Monday,15:30,1500 Hours,District 3 (Northwest),,PALO ALTO,US 18,US 18/360 ST,Collision with:  Vehicle in traffic,On Roadway,"Sideswipe, same direction",Crossed centerline (undivided),None Indicated,,Daylight,Dry,Clear,None apparent,Non-intersection:  Other non-intersection (explain in narrative),Paved,,Minor Injury,0,1,0,1,0,0,3010,2,2,,POINT (-94.709711568022 43.126470856091)
2014787861,S14-1863,02/24/2014,02-February,2-Monday,16:48,1600 Hours,District 3 (Northwest),SIOUX CITY,WOODBURY,US 20,US 20,Collision with fixed object:  Guardrail - face,Shoulder,Non-collision (single vehicle),Ran off road - right,None Indicated,,Daylight,Snow,Snow,"Surface condition (e.g., wet, icy)",Non-intersection:  Non-junction/no special feature,Paved,,Property Damage Only,0,0,0,0,0,0,5200,1,1,,POINT (-96.323893357904 42.464427291341)
2014788119,14-2114,02/24/2014,02-February,2-Monday,15:25,1500 Hours,District 3 (Northwest),,SIOUX,US 75,US 75,Collision with fixed object:  Traffic sign support,Shoulder,Non-collision (single vehicle),Swerving/Evasive Action,None Indicated,,Daylight,Snow,Snow,"Surface condition (e.g., wet, icy)",Non-intersection:  Non-junction/no special feature,Paved,,Property Damage Only,0,0,0,0,0,0,2250,1,1,,POINT (-96.173626370396 43.027251111793)
2014787679,AC14-014,02/24/2014,02-February,2-Monday,08:30,0800 Hours,District 1 (Central),STORY CITY,STORY,,8TH ST,Collision with:  Vehicle in traffic,On Roadway,"Angle, oncoming left turn",FTYROW:  Making left turn,None Indicated,,Daylight,Dry,Cloudy,None apparent,Non-intersection:  Driveway access (within),Paved,,Property Damage Only,0,0,0,0,0,0,3000,2,2,,POINT (-93.589790446738 42.189420030339)
2014788103,2014-11749,02/24/2014,02-February,2-Monday,17:00,1700 Hours,District 6 (East Central),DAVENPORT,SCOTT,,E 53RD ST & FREIDRICHS CT,Collision with:  Vehicle in traffic,On Roadway,Rear-end (front to rear),Followed too close,None Indicated,,Daylight,Dry,Cloudy,None apparent,Intersection:  T-intersection,Paved,,Property Damage Only,0,0,0,0,0,0,9000,3,4,,POINT (-90.537272352502 41.574812410907)
2014790334,2014013541,02/24/2014,02-February,2-Monday,18:30,1800 Hours,District 1 (Central),TAMA,TAMA,US 30,US 30,Collision with:  Animal,,,Animal,None Indicated,,,,,,,Paved,,Property Damage Only,0,0,0,0,0,0,6000,1,1,,POINT (-92.389798513469 41.964015830206)
2014787915,14-001474,02/24/2014,02-February,2-Monday,15:25,1500 Hours,District 4 (Southwest),ATLANTIC,CASS,US 6,US 6/7TH ST & LINN ST,Collision with:  Vehicle in traffic,On Roadway,Rear-end (front to rear),Followed too close,None Indicated,,Daylight,Snow,Snow,"Surface condition (e.g., wet, icy)",Non-intersection:  Non-junction/no special feature,Paved,,Possible/Unknown,0,1,0,0,1,0,4500,2,3,,POINT (-95.00747317667 41.403936432415)
2014787869,14-5580,02/24/2014,02-February,2-Monday,18:25,1800 Hours,District 3 (Northwest),SIOUX CITY,WOODBURY,,COOK DR & W SOLWAY ST & E SOLWAY ST,Collision with:  Vehicle in traffic,On Roadway,"Sideswipe, same direction",Lost Control,None Indicated,,Dark - roadway lighted,Ice/frost,Clear,"Surface condition (e.g., wet, icy)",Intersection:  T-intersection,Paved,,Property Damage Only,0,0,0,0,0,0,3000,2,2,,POINT (-96.413884313698 42.51773309931)
2014788091,2014-11748,02/24/2014,02-February,2-Monday,16:28,1600 Hours,District 6 (East Central),DAVENPORT,SCOTT,,W 49TH ST,Collision with:  Vehicle in traffic,On Roadway,"Angle, oncoming left turn",Made improper turn,None Indicated,,Daylight,Dry,Cloudy,None apparent,Intersection:  T-intersection,Paved,,Property Damage Only,0,0,0,0,0,0,3217,2,4,,POINT (-90.632265138646 41.570846723806)
2014787934,01-14-7911,02/24/2014,02-February,2-Monday,15:12,1500 Hours,District 6 (East Central),DUBUQUE,DUBUQUE,,HILLCREST RD,Collision with:  Vehicle in traffic,On Roadway,Broadside (front to side),FTYROW:  From driveway,None Indicated,,Daylight,Dry,Cloudy,None apparent,Non-intersection:  Driveway access (within),Paved,,Minor Injury,0,1,0,1,0,0,8000,2,9,,POINT (-90.716319742591 42.505545465391)
2014788214,2014013505,02/24/2014,02-February,2-Monday,15:10,1500 Hours,District 4 (Southwest),MONDAMIN,HARRISON,I-29,I-29,Collision with:  Vehicle in traffic,On Roadway,Head-on (front to front),Crossed centerline (undivided),None Indicated,,Daylight,Snow,Snow,"Surface condition (e.g., wet, icy)",Non-intersection:  Non-junction/no special feature,Paved,,Property Damage Only,0,0,0,0,0,0,44642,2,3,,POINT (-96.047788768237 41.731431592836)
2014787795,20140005167,02/24/2014,02-February,2-Monday,16:37,1600 Hours,District 1 (Central),DES MOINES,POLK,,MURPHY ST & SW 8TH ST,Collision with:  Vehicle in traffic,On Roadway,Broadside (front to side),Ran Stop Sign,None Indicated,,Daylight,Wet,Snow,"Surface condition (e.g., wet, icy)",Intersection:  Four-way intersection,Paved,,Property Damage Only,0,0,0,0,0,0,4000,2,2,,POINT (-93.624501133833 41.578161541503)
2014789066,,02/24/2014,02-February,2-Monday,09:21,0900 Hours,District 2 (Northeast),CHARLES CITY,FLOYD,IA 14,IA 14/5TH ST/MAIN ST & S MAIN ST,Collision with:  Vehicle in traffic,On Roadway,Broadside (front to side),Ran Traffic Signal,None Indicated,,Daylight,Dry,Cloudy,None apparent,Intersection:  Four-way intersection,Paved,,Property Damage Only,0,0,0,0,0,0,5000,2,2,,POINT (-92.682533520118 43.059967335242)
2014787619,14-0549,02/24/2014,02-February,2-Monday,15:08,1500 Hours,District 1 (Central),FORT DODGE,WEBSTER,,5TH AVE S & S 29TH ST,Collision with:  Vehicle in traffic,On Roadway,Broadside (front to side),FTYROW:  Making left turn,None Indicated,,Daylight,Dry,Clear,None apparent,Intersection:  Four-way intersection,Paved,,Property Damage Only,0,0,0,0,0,0,9000,2,2,,POINT (-94.158217014844 42.501180058906)
2014788268,,02/25/2014,02-February,3-Tuesday,07:20,0700 Hours,District 3 (Northwest),,POCAHONTAS,,Co Rd C66/620TH ST & Co Rd N65/290TH AVE,Collision with:  Vehicle in traffic,On Roadway,Broadside (front to side),Driving too fast for conditions,None Indicated,,Daylight,Ice/frost,Clear,"Surface condition (e.g., wet, icy)",Intersection:  Four-way intersection,Paved,,Property Damage Only,0,0,0,0,0,0,3000,2,2,,POINT (-94.539870615617 42.587480596092)
2014787770,14004303,02/25/2014,02-February,3-Tuesday,07:30,0700 Hours,District 5 (Southeast),OSKALOOSA,MAHASKA,IA 92,IA 92/A AVE E,Collision with:  Vehicle in traffic,Shoulder,Broadside (front to side),FTYROW:  From driveway,None Indicated,,Daylight,Snow,Clear,None apparent,Non-intersection:  Driveway access (within),Paved,,Possible/Unknown,0,1,0,0,1,0,7100,2,2,,POINT (-92.643136584696 41.296251105783)
2014790176,,02/25/2014,02-February,3-Tuesday,08:50,0800 Hours,District 2 (Northeast),,WINNESHIEK,,STONE HILL RD,Collision with:  Vehicle in traffic,On Roadway,Broadside (front to side),Driving too fast for conditions,None Indicated,,Daylight,Ice/frost,,"Surface condition (e.g., wet, icy)",Non-intersection:  Driveway access (within),Unpaved,,Property Damage Only,0,0,0,0,0,0,5000,2,2,,POINT (-91.757934962901 43.283178462999)
2014788068,20140005232,02/25/2014,02-February,3-Tuesday,09:11,0900 Hours,District 1 (Central),DES MOINES,POLK,US 6,US 6/DOUGLAS AVE & 50TH ST,Collision with:  Vehicle in traffic,On Roadway,Rear-end (front to rear),Driving too fast for conditions,None Indicated,,Daylight,Snow,Cloudy,"Surface condition (e.g., wet, icy)",Intersection:  Four-way intersection,Paved,,Property Damage Only,0,0,0,0,0,0,2500,2,3,,POINT (-93.687747211113 41.629447979128)
2014787907,W14-018965,02/25/2014,02-February,3-Tuesday,07:13,0700 Hours,District 2 (Northeast),WATERLOO,BLACK HAWK,,REED ST,Collision with:  Parked motor vehicle,On Roadway,"Sideswipe, opposite direction",Unknown,None Indicated,,Unknown,Snow,Cloudy,None apparent,Non-intersection:  Non-junction/no special feature,Paved,,Property Damage Only,0,0,0,0,0,0,1500,2,777,,POINT (-92.340247113411 42.514409835165)
2014788218,2014013598,02/25/2014,02-February,3-Tuesday,04:45,0400 Hours,District 1 (Central),URBANDALE,POLK,I-35,I-35,Collision with fixed object:  Concrete traffic barrier (median or right side),Median,Non-collision (single vehicle),Ran off road - left,None Indicated,,Dark - roadway not lighted,Wet,Clear,None apparent,Non-intersection:  Non-junction/no special feature,Paved,,Property Damage Only,0,0,0,0,0,0,1500,1,1,,POINT (-93.719014752337 41.65266623207)
2014788150,891401185,02/25/2014,02-February,3-Tuesday,18:59,1800 Hours,District 5 (Southeast),,VAN BUREN,IA 1,IA 1/IOWA 1,Collision with fixed object:  Ditch,On Roadway,Non-collision (single vehicle),Crossed centerline (undivided),None Indicated,,Dark - roadway not lighted,Dry,Clear,None apparent,Non-intersection:  Non-junction/no special feature,Paved,,Property Damage Only,0,0,0,0,0,0,2500,1,1,,POINT (-91.948468414333 40.892249543195)
2014788429,201400009405,02/25/2014,02-February,3-Tuesday,11:38,1100 Hours,District 5 (Southeast),OTTUMWA,WAPELLO,,N WAPELLO ST,Collision with:  Vehicle in traffic,On Roadway,Rear-end (front to rear),Followed too close,None Indicated,,Daylight,Ice/frost,Clear,"Surface condition (e.g., wet, icy)",Non-intersection:  Non-junction/no special feature,Paved,,Property Damage Only,0,0,0,0,0,0,2400,2,2,,POINT (-92.412222621567 41.024219192955)
2014789702,,02/25/2014,02-February,3-Tuesday,13:57,1300 Hours,District 2 (Northeast),,FLOYD,,Co Rd T66/UNDERWOOD AVE,,Roadside,Non-collision (single vehicle),Crossed centerline (undivided),None Indicated,,Daylight,Ice/frost,"Blowing sand, soil, dirt","Surface condition (e.g., wet, icy)",Non-intersection:  Non-junction/no special feature,Paved,,Property Damage Only,0,0,0,0,0,0,4000,1,1,,POINT (-92.633601654964 43.079515000181)
2014788300,W14-019116,02/25/2014,02-February,3-Tuesday,17:20,1700 Hours,District 2 (Northeast),WATERLOO,BLACK HAWK,,BERTCH AVE & W 9TH ST,Collision with:  Vehicle in traffic,On Roadway,Rear-end (front to rear),Followed too close,None Indicated,,Daylight,Dry,Clear,None apparent,Intersection:  Four-way intersection,Paved,,Property Damage Only,0,0,0,0,0,0,1500,2,2,,POINT (-92.34290111585 42.483003746218)
2014790399,14-005074,02/25/2014,02-February,3-Tuesday,08:41,0800 Hours,District 5 (Southeast),,LEE,IA 2,IA 2/IOWA 2,Collision with fixed object:  Ditch,Outside trafficway,Non-collision (single vehicle),Ran off road - right,None Indicated,,Daylight,Wet,Cloudy,None apparent,Non-intersection:  Non-junction/no special feature,Paved,,Property Damage Only,0,0,0,0,0,0,2000,1,3,,POINT (-91.459912256693 40.631415199126)
2014788142,14-000927,02/25/2014,02-February,3-Tuesday,16:06,1600 Hours,District 1 (Central),AMES,STORY,US 69,US 69/GRAND AVE & 13TH ST,Collision with:  Vehicle in traffic,On Roadway,"Sideswipe, same direction",FTYROW:  Other (explain in narrative),None Indicated,,Daylight,Dry,Clear,None apparent,Non-intersection:  Non-junction/no special feature,Paved,,Property Damage Only,0,0,0,0,0,0,2300,2,2,,POINT (-93.620395496879 42.034528005687)
2014789247,14-000240,02/25/2014,02-February,3-Tuesday,21:50,2100 Hours,District 1 (Central),JOHNSTON,POLK,,NORTHGLENN WAY & NW 70TH AVE,Collision with fixed object:  Tree,On Roadway,Non-collision (single vehicle),Swerving/Evasive Action,None Indicated,,Dark - roadway not lighted,Other (explain in narrative),Snow,"Surface condition (e.g., wet, icy)",Non-intersection:  Non-junction/no special feature,Paved,,Property Damage Only,0,0,0,0,0,0,3000,1,1,,POINT (-93.693830647829 41.688453134253)
2014789176,201402802,02/25/2014,02-February,3-Tuesday,21:06,2100 Hours,District 6 (East Central),CEDAR RAPIDS,LINN,,CAPITOL DR SW,Collision with:  Vehicle in traffic,On Roadway,"Angle, oncoming left turn",Crossed centerline (undivided),None Indicated,,Dark - roadway lighted,Dry,Cloudy,None apparent,Intersection:  Four-way intersection,Paved,,Property Damage Only,0,0,0,0,0,0,6000,2,2,,POINT (-91.676025712845 41.887733957608)
2014788327,CL14000558,02/25/2014,02-February,3-Tuesday,07:13,0700 Hours,District 6 (East Central),CLINTON,CLINTON,,S 14TH ST,Collision with:  Vehicle in traffic,On Roadway,Rear-end (front to rear),Unknown,None Indicated,,Daylight,Ice/frost,Clear,Unknown,Non-intersection:  Non-junction/no special feature,Paved,,Property Damage Only,0,0,0,0,0,0,1500,2,2,,POINT (-90.218744486337 41.818934858127)
2014788139,14-000920,02/25/2014,02-February,3-Tuesday,09:42,0900 Hours,District 1 (Central),AMES,STORY,,BEACH AVE & GREELEY AND BEACH CONN,Collision with:  Vehicle in traffic,On Roadway,"Angle, oncoming left turn",FTYROW:  Making left turn,None Indicated,,Daylight,Snow,Clear,"Surface condition (e.g., wet, icy)",Intersection:  Y-intersection,Paved,,Property Damage Only,0,0,0,0,0,0,2750,2,2,,POINT (-93.639495954669 42.020075714973)
2014793609,,02/25/2014,02-February,3-Tuesday,16:28,1600 Hours,District 2 (Northeast),DECORAH,WINNESHIEK,,COMMERCE DR & MONTGOMERY ST,Collision with:  Vehicle in traffic,On Roadway,Rear-end (front to rear),Driving too fast for conditions,None Indicated,,Daylight,Dry,Clear,None apparent,Intersection:  T-intersection,Paved,,Property Damage Only,0,0,0,0,0,0,3000,3,3,,POINT (-91.770157860979 43.293152476689)
2014788049,20140005213,02/25/2014,02-February,3-Tuesday,03:30,0300 Hours,District 1 (Central),DES MOINES,POLK,I-235,I-235,Collision with fixed object:  Guardrail - face,On Roadway,Non-collision (single vehicle),Ran off road - right,None Indicated,,Dark - roadway lighted,Snow,Snow,None apparent,Non-intersection:  Non-junction/no special feature,Paved,,Property Damage Only,0,0,0,0,0,0,15000,1,2,,POINT (-93.578906083394 41.606448740992)
2014788747,14-4666,02/25/2014,02-February,3-Tuesday,09:50,0900 Hours,District 1 (Central),NEWTON,JASPER,US 6,US 6/1ST AVE E & E 23RD ST S & E 23RD ST N,Collision with fixed object:  Tree,Outside trafficway,Non-collision (single vehicle),Ran off road - right,None Indicated,,Daylight,Ice/frost,Cloudy,"Surface condition (e.g., wet, icy)",Non-intersection:  Non-junction/no special feature,Paved,,Property Damage Only,0,0,0,0,0,0,3000,1,1,,POINT (-93.024192803065 41.69915581276)
2014788335,00507,02/25/2014,02-February,3-Tuesday,15:42,1500 Hours,District 6 (East Central),DYERSVILLE,DUBUQUE,IA 136,IA 136/11TH ST SE & 9TH ST SE,Collision with:  Vehicle in traffic,On Roadway,Rear-end (front to rear),Followed too close,None Indicated,,Daylight,Dry,Clear,None apparent,Intersection:  T-intersection,Paved,,Possible/Unknown,0,1,0,0,1,0,2000,2,4,,POINT (-91.113919247288 42.480749318954)
2014788094,2014-11895,02/25/2014,02-February,3-Tuesday,15:19,1500 Hours,District 6 (East Central),DAVENPORT,SCOTT,,INDEPENDENCE DR,Collision with:  Vehicle in traffic,Outside trafficway,Broadside (front to side),Unknown,None Indicated,,Daylight,Snow,Snow,None apparent,Non-intersection:  Non-junction/no special feature,Paved,,Property Damage Only,0,0,0,0,0,0,4000,2,4,,POINT (-90.57919272484 41.573802838534)
2014788066,20140005217,02/25/2014,02-February,3-Tuesday,06:39,0600 Hours,District 1 (Central),DES MOINES,POLK,IA 28,IA 28/63RD ST & RAILROAD AVE,Collision with:  Vehicle in traffic,On Roadway,"Sideswipe, opposite direction",Driving too fast for conditions,None Indicated,,Daylight,Snow,Cloudy,"Surface condition (e.g., wet, icy)",Intersection:  Four-way intersection,Paved,,Property Damage Only,0,0,0,0,0,0,5300,2,2,,POINT (-93.703230334083 41.569429292361)
2014787754,C14000595,02/25/2014,02-February,3-Tuesday,06:55,0600 Hours,District 6 (East Central),CORALVILLE,JOHNSON,,HOLIDAY RD & 1ST AVE,Collision with:  Vehicle in traffic,On Roadway,Rear-end (front to rear),Driving too fast for conditions,None Indicated,,Daylight,Snow,Clear,None apparent,Intersection:  Other intersection (explain in narrative),Paved,,Property Damage Only,0,0,0,0,0,0,3500,2,2,,POINT (-91.566764155585 41.692706453815)
2014788071,14-0421,02/25/2014,02-February,3-Tuesday,09:27,0900 Hours,District 1 (Central),URBANDALE,POLK,,100TH ST,Collision with:  Vehicle in traffic,On Roadway,Rear-end (front to rear),Driving too fast for conditions,None Indicated,,Daylight,Slush,Cloudy,None apparent,Non-intersection:  Railroad grade crossing,Paved,,Property Damage Only,0,0,0,0,0,0,4500,2,11,,POINT (-93.755920037281 41.628011084468)
2014788596,2014013633,02/25/2014,02-February,3-Tuesday,08:15,0800 Hours,District 6 (East Central),WORTHINGTON,DUBUQUE,IA 136,IA 136/1ST ST N & 3RD AVE SW,Collision with:  Vehicle in traffic,On Roadway,Unknown,Swerving/Evasive Action,None Indicated,,Daylight,Ice/frost,Clear,"Surface condition (e.g., wet, icy)",Non-intersection:  Non-junction/no special feature,Paved,,Property Damage Only,0,0,0,0,0,0,3500,2,2,,POINT (-91.118380211144 42.3959815228)
2014787909,W14-018988,02/25/2014,02-February,3-Tuesday,09:40,0900 Hours,District 2 (Northeast),WATERLOO,BLACK HAWK,US 63,US 63/W 1ST ST,Collision with:  Vehicle in traffic,On Roadway,Rear-end (front to rear),Other (explain in narrative):  Other,None Indicated,,Daylight,Ice/frost,Clear,Ruts/holes/bumps,Non-intersection:  Non-junction/no special feature,Paved,,Property Damage Only,0,0,0,0,0,0,9000,2,2,,POINT (-92.34337233333 42.498442459748)
2014788143,14-000928,02/25/2014,02-February,3-Tuesday,16:11,1600 Hours,District 1 (Central),AMES,STORY,,MAIN ST & CLARK AVE,Collision with:  Vehicle in traffic,On Roadway,Broadside (front to side),FTYROW:  From stop sign,None Indicated,,Daylight,Slush,Cloudy,None apparent,Intersection:  Four-way intersection,Paved,,Property Damage Only,0,0,0,0,0,0,1800,2,2,,POINT (-93.61692140836 42.025080830315)