Iowa DOT Case Number,Law Enforcement Case Number,Date of Crash,Month of Crash,Day of Week,Time of Crash,Hour,DOT District,City Name,County Name,Route with System,Location Description,First Harmful Event,Location of First Harmful Event,Manner of Crash/Collision,Major Cause,Drug or Alcohol ,Environmental Conditions,Light Conditions,Surface Conditions,Weather Conditions,Roadway Contribution,Roadway Type,Roadway Surface,Work Zone,Crash Severity,Number of Fatalities,Number of Injuries,Number of Major Injuries,Number of Minor Injuries,Number of Possible Injuries,Number of Unknown Injuries,Amount of Property Damage,Number of Vehicles Involved,Total Number of Occupants,Travel Direction,Location
2014788061,20140005275,02/25/2014,02-February,3-Tuesday,18:25,1800 Hours,District 1 (Central),DES MOINES,POLK,,FRONTAGE RD,Collision with:  Vehicle in traffic,On Roadway,Broadside (front to side),Made improper turn,None Indicated,,Dark - roadway not lighted,Snow,Cloudy,"Surface condition (e.g., wet, icy)",Non-intersection:  Non-junction/no special feature,Paved,,Property Damage Only,0,0,0,0,0,0,4500,2,2,,POINT (-93.697429555236 41.644494649565)
2014788620,,02/25/2014,02-February,3-Tuesday,11:30,1100 Hours,District 1 (Central),GRAND JUNCTION,GREENE,,,Collision with:  Vehicle in traffic,On Roadway,Unknown,Unknown,None Indicated,,Daylight,Snow,Cloudy,,Non-intersection:  Non-junction/no special feature,,,Property Damage Only,0,0,0,0,0,0,2000,2,2,,POINT (-96.643700149993 40.233091251414)
2014789325,,02/25/2014,02-February,3-Tuesday,16:45,1600 Hours,District 6 (East Central),CEDAR RAPIDS,LINN,IA 100,IA 100/COLLINS RD NE & LINDALE DR,Collision with:  Vehicle in traffic,On Roadway,Rear-end (front to rear),Unknown,None Indicated,,Dusk,Dry,Clear,,Intersection:  Four-way intersection,Paved,,Minor Injury,0,1,0,1,0,0,2500,2,2,,POINT (-91.627993834718 42.027778856497)
2014815489,,02/25/2014,02-February,3-Tuesday,15:15,1500 Hours,District 3 (Northwest),LAKE VIEW,SAC,,3RD ST & MAIN ST,Collision with:  Vehicle in traffic,On Roadway,Broadside (front to side),Unknown,None Indicated,,Daylight,Ice/frost,Clear,None apparent,Non-intersection:  Non-junction/no special feature,Paved,,Property Damage Only,0,0,0,0,0,0,6500,2,2,,POINT (-95.051697314868 42.305870853481)
2014787937,01-14-8056,02/25/2014,02-February,3-Tuesday,18:45,1800 Hours,District 6 (East Central),DUBUQUE,DUBUQUE,,W 32ND ST,Collision with:  Animal,,,Animal,None Indicated,,,,,,,Paved,,Property Damage Only,0,0,0,0,0,0,3000,1,1,,POINT (-90.705430593787 42.525400485029)
2014787814,14-0973,02/25/2014,02-February,3-Tuesday,04:30,0400 Hours,District 1 (Central),WEST DES MOINES,POLK,I-35,I-35,Collision with:  Vehicle in traffic,On Roadway,Rear-end (front to rear),Followed too close,None Indicated,,Dark - roadway lighted,Wet,Clear,None apparent,Non-intersection:  Non-junction/no special feature,Paved,,Minor Injury,0,1,0,1,0,0,4000,2,3,,POINT (-93.777596209623 41.58564080541)
2014790155,,02/25/2014,02-February,3-Tuesday,15:20,1500 Hours,District 6 (East Central),BELLEVUE,JACKSON,IA 62,IA 62/STATE ST & N 12TH ST,Collision with:  Vehicle in traffic,On Roadway,Rear-end (front to rear),Followed too close,None Indicated,,Daylight,Dry,Cloudy,None apparent,Non-intersection:  Alley,Paved,,Property Damage Only,0,0,0,0,0,0,6300,2,5,,POINT (-90.436859874078 42.255428725054)
2014794942,SO13-230,02/25/2014,02-February,3-Tuesday,08:10,0800 Hours,District 2 (Northeast),,WRIGHT,,Co Rd R38/MADISON AVE,Collision with fixed object:  Ditch,On Roadway,Non-collision (single vehicle),Swerving/Evasive Action,None Indicated,,Daylight,Snow,Clear,None apparent,Non-intersection:  Non-junction/no special feature,Paved,,Property Damage Only,0,0,0,0,0,0,5000,1,1,,POINT (-93.734557417195 42.8325709484)
2014788328,CL14000559,02/25/2014,02-February,3-Tuesday,07:23,0700 Hours,District 6 (East Central),CLINTON,CLINTON,,S BLUFF BLVD & S 14TH ST,Collision with:  Vehicle in traffic,On Roadway,Broadside (front to side),Other (explain in narrative):  Other,None Indicated,,Daylight,Snow,Clear,"Surface condition (e.g., wet, icy)",Intersection:  Four-way intersection,Paved,,Property Damage Only,0,0,0,0,0,0,5000,2,3,,POINT (-90.218650473016 41.836115552238)
2014788462,14001046,02/25/2014,02-February,3-Tuesday,07:58,0700 Hours,District 2 (Northeast),ALGONA,KOSSUTH,,E LUCAS ST & N GARFIELD ST,Collision with:  Vehicle in traffic,On Roadway,Broadside (front to side),Unknown,None Indicated,,Daylight,Snow,Clear,"Surface condition (e.g., wet, icy)",Intersection:  Four-way intersection,Paved,,Possible/Unknown,0,25,0,0,25,0,16500,2,27,,POINT (-94.229326483241 43.071895338223)
2014787876,2014-0045,02/25/2014,02-February,3-Tuesday,07:54,0700 Hours,District 5 (Southeast),CARLISLE,WARREN,,SCHOOL ST,Collision with:  Vehicle in traffic,On Roadway,Rear-end (front to rear),Driving too fast for conditions,None Indicated,,Daylight,Water (standing or moving),Clear,None apparent,Non-intersection:  Non-junction/no special feature,Paved,,Property Damage Only,0,0,0,0,0,0,1600,2,5,,POINT (-93.493525322848 41.498506803669)
2014788789,1402-016,02/25/2014,02-February,3-Tuesday,05:25,0500 Hours,District 3 (Northwest),SIBLEY,OSCEOLA,,10TH ST & 4TH AVE,Collision with:  Vehicle in traffic,On Roadway,Broadside (front to side),FTYROW:  From stop sign,None Indicated,,Dark - roadway lighted,Snow,Cloudy,"Surface condition (e.g., wet, icy)",Intersection:  Four-way intersection,Paved,,Property Damage Only,0,0,0,0,0,0,8000,2,2,,POINT (-95.749227655123 43.39804578305)
2014787768,201400551,02/25/2014,02-February,3-Tuesday,05:15,0500 Hours,District 6 (East Central),,LINN,,Co Rd E28/ROOSEVELT ST/EAST OTTER RD,Non-collision events:  Overturn/rollover,Roadside,Non-collision (single vehicle),Ran off road - right,Alcohol (Statutory),,Dark - roadway not lighted,Snow,Snow,"Surface condition (e.g., wet, icy)",Intersection:  T-intersection,Paved,,Minor Injury,0,1,0,1,0,0,5250,1,1,,POINT (-91.673611698861 42.149395565458)
2014788092,2014-11883,02/25/2014,02-February,3-Tuesday,15:03,1500 Hours,District 6 (East Central),DAVENPORT,SCOTT,,W LOCUST ST & HICKORY GROVE RD & N DIVISION ST,Collision with:  Vehicle in traffic,On Roadway,Rear-end (front to rear),Followed too close,None Indicated,,Daylight,Dry,Clear,None apparent,Non-intersection:  Non-junction/no special feature,Paved,,Property Damage Only,0,0,0,0,0,0,3000,2,2,,POINT (-90.601077565245 41.53825417734)
2014788141,14-000926,02/25/2014,02-February,3-Tuesday,15:06,1500 Hours,District 1 (Central),AMES,STORY,,STANGE RD & UNIVERSITY BLVD,Collision with:  Vehicle in traffic,On Roadway,"Sideswipe, same direction",Made improper turn,None Indicated,,Daylight,Dry,Clear,None apparent,Intersection:  Four-way intersection,Paved,,Property Damage Only,0,0,0,0,0,0,2500,2,2,,POINT (-93.644614297902 42.030548742394)
2014788166,14-5633,02/25/2014,02-February,3-Tuesday,08:05,0800 Hours,District 3 (Northwest),SIOUX CITY,WOODBURY,,W 5TH ST & PRESCOTT ST,Collision with:  Vehicle in traffic,On Roadway,Broadside (front to side),Driving too fast for conditions,None Indicated,,Daylight,Ice/frost,Clear,"Surface condition (e.g., wet, icy)",Intersection:  T-intersection,Paved,,Property Damage Only,0,0,0,0,0,0,2400,2,3,,POINT (-96.44440492308 42.501448200499)
2014789047,2014013742,02/25/2014,02-February,3-Tuesday,19:01,1900 Hours,District 1 (Central),URBANDALE,POLK,IA 28,IA 28/MERLE HAY RD & NW MEREDITH DR,Collision with:  Vehicle in traffic,On Roadway,"Angle, oncoming left turn",FTYROW:  Making left turn,None Indicated,,Dark - roadway lighted,Dry,Cloudy,None apparent,Intersection:  Four-way intersection,Paved,,Possible/Unknown,0,2,0,0,2,0,7300,2,3,,POINT (-93.6976876904 41.643934639376)
2014792359,14026980,02/25/2014,02-February,3-Tuesday,02:00,0200 Hours,District 6 (East Central),IOWA CITY,JOHNSON,I-80,I-80,Collision with:  Animal,,,Animal,None Indicated,,,,,,,Paved,,Property Damage Only,0,0,0,0,0,0,3000,1,1,,POINT (-91.437598703223 41.668829995576)
2014790144,14-000372,02/25/2014,02-February,3-Tuesday,16:14,1600 Hours,District 5 (Southeast),SIGOURNEY,KEOKUK,,W SPRING ST & S STUART ST,Collision with:  Vehicle in traffic,On Roadway,Broadside (front to side),FTYROW:  From stop sign,None Indicated,,Daylight,Snow,Cloudy,None apparent,Intersection:  Four-way intersection,Paved,,Property Damage Only,0,0,0,0,0,0,6000,2,2,,POINT (-92.206440588931 41.331828996481)
2014788171,14-5711,02/25/2014,02-February,3-Tuesday,22:00,2200 Hours,District 3 (Northwest),SIOUX CITY,WOODBURY,,W 3RD ST & PERRY ST,Collision with:  Vehicle in traffic,On Roadway,"Angle, oncoming left turn",Ran Stop Sign,None Indicated,,Dark - roadway lighted,Snow,Clear,None apparent,Intersection:  Four-way intersection,Paved,,Property Damage Only,0,0,0,0,0,0,1500,2,2,,POINT (-96.412821145724 42.49553278422)
2014788051,20140005244,02/25/2014,02-February,3-Tuesday,12:42,1200 Hours,District 1 (Central),DES MOINES,POLK,,GRAND AVE,Collision with:  Vehicle in traffic,On Roadway,Rear-end (front to rear),Driving too fast for conditions,None Indicated,,Daylight,Snow,Cloudy,"Surface condition (e.g., wet, icy)",Non-intersection:  Non-junction/no special feature,Paved,,Property Damage Only,0,0,0,0,0,0,3400,2,4,,POINT (-93.649359004703 41.584418988556)
2014788124,14-2150,02/25/2014,02-February,3-Tuesday,09:25,0900 Hours,District 3 (Northwest),,SIOUX,US 75,US 75,Collision with fixed object:  Bridge overhead structure,On Roadway,Non-collision (single vehicle),Ran off road - right,None Indicated,,Daylight,Ice/frost,Cloudy,"Surface condition (e.g., wet, icy)",Non-intersection:  Other non-intersection (explain in narrative),Paved,,Property Damage Only,0,0,0,0,0,0,3500,1,1,,POINT (-96.175518235881 42.997548095169)
2014794347,141184PD,02/25/2014,02-February,3-Tuesday,13:09,1300 Hours,District 1 (Central),BOONE,BOONE,,17TH ST & CARROLL ST,Collision with:  Vehicle in traffic,On Roadway,Broadside (front to side),Driving too fast for conditions,None Indicated,,Daylight,Snow,Cloudy,None apparent,Intersection:  Four-way intersection,Paved,,Property Damage Only,0,0,0,0,0,0,3000,2,2,,POINT (-93.885132359512 42.073014604675)
2014790157,,02/25/2014,02-February,3-Tuesday,08:18,0800 Hours,District 2 (Northeast),,WORTH,,Co Rd S56/THRUSH AVE & 340TH ST,Collision with:  Vehicle in traffic,On Roadway,Broadside (front to side),Ran Stop Sign,None Indicated,,Daylight,Ice/frost,Clear,"Surface condition (e.g., wet, icy)",Intersection:  Four-way intersection,Paved,,Property Damage Only,0,0,0,0,0,0,7000,2,3,,POINT (-93.123259365681 43.255133988987)
2014788344,2014002132,02/25/2014,02-February,3-Tuesday,08:12,0800 Hours,District 6 (East Central),IOWA CITY,JOHNSON,,MELROSE AVE,Collision with:  Vehicle in traffic,On Roadway,Rear-end (front to rear),Driving too fast for conditions,None Indicated,,Daylight,Snow,Cloudy,"Surface condition (e.g., wet, icy)",Intersection:  Other intersection (explain in narrative),Paved,,Possible/Unknown,0,1,0,0,1,0,3000,2,2,,POINT (-91.583852830703 41.65704403255)
2014800378,201400559,02/25/2014,02-February,3-Tuesday,19:15,1900 Hours,District 6 (East Central),ELY,LINN,,Co Rd W6E/ELY RD,Collision with:  Vehicle in traffic,On Roadway,Head-on (front to front),Crossed centerline (undivided),Alcohol (Statutory),,Dark - roadway not lighted,Dry,Clear,None apparent,Non-intersection:  Non-junction/no special feature,Paved,,Property Damage Only,0,0,0,0,0,0,13000,2,5,,POINT (-91.579560497244 41.866676622246)
2014788488,14-001491,02/25/2014,02-February,3-Tuesday,07:44,0700 Hours,District 4 (Southwest),ATLANTIC,CASS,US 6,US 6/7TH ST,Collision with:  Vehicle in traffic,On Roadway,Broadside (front to side),FTYROW:  At uncontrolled intersection,None Indicated,,Daylight,Snow,Clear,None apparent,Non-intersection:  Alley,Paved,,Property Damage Only,0,0,0,0,0,0,3900,2,2,,POINT (-95.003871260266 41.403900167371)
2014789072,,02/25/2014,02-February,3-Tuesday,09:48,0900 Hours,District 5 (Southeast),WEST BURLINGTON,DES MOINES,,BEAVERDALE RD,Non-collision events:  Other non-collision (explain in narrative),On Roadway,Non-collision (single vehicle),Driving too fast for conditions,None Indicated,,Daylight,Snow,Clear,"Surface condition (e.g., wet, icy)",Non-intersection:  Non-junction/no special feature,Paved,,Minor Injury,0,1,0,1,0,0,8000,1,1,,POINT (-91.207158479124 40.829158905873)
2014788781,14004292,02/25/2014,02-February,3-Tuesday,01:30,0100 Hours,District 5 (Southeast),,MAHASKA,IA 163,IA 163/IOWA 163,Collision with:  Vehicle in traffic,On Roadway,Rear-end (front to rear),Followed too close,None Indicated,,Dark - roadway not lighted,Snow,Cloudy,"Surface condition (e.g., wet, icy)",Non-intersection:  Non-junction/no special feature,Paved,,Possible/Unknown,0,1,0,0,0,1,9000,2,2,,POINT (-92.642580103485 41.260335363243)
2014788077,14-007509,02/25/2014,02-February,3-Tuesday,11:10,1100 Hours,District 4 (Southwest),COUNCIL BLUFFS,POTTAWATTAMIE,,W BROADWAY,Collision with:  Vehicle in traffic,On Roadway,Broadside (front to side),FTYROW:  Making left turn,None Indicated,,Daylight,Wet,Cloudy,None apparent,Non-intersection:  Driveway access (within),Paved,,Property Damage Only,0,0,0,0,0,0,6000,2,2,,POINT (-95.845086509547 41.262562534919)
2014793214,S201400358,02/25/2014,02-February,3-Tuesday,17:07,1700 Hours,District 3 (Northwest),,PALO ALTO,US 18,US 18/370 ST,Collision with fixed object:  Ditch,Roadside,Non-collision (single vehicle),Driving too fast for conditions,None Indicated,,Daylight,Ice/frost,Cloudy,"Surface condition (e.g., wet, icy)",Non-intersection:  Non-junction/no special feature,Paved,,Minor Injury,0,2,0,2,0,0,5000,1,2,,POINT (-94.587142706762 43.112136732712)
2014788069,14-0418,02/25/2014,02-February,3-Tuesday,07:45,0700 Hours,District 1 (Central),URBANDALE,POLK,,TOWNSEND AVE & 64TH ST,Collision with:  Vehicle in traffic,On Roadway,"Sideswipe, same direction",FTYROW:  From yield sign,None Indicated,,Daylight,Snow,Cloudy,None apparent,Intersection:  T-intersection,Paved,,Property Damage Only,0,0,0,0,0,0,7000,2,3,,POINT (-93.705008974226 41.640305121513)
2014788458,2014013729,02/25/2014,02-February,3-Tuesday,16:32,1600 Hours,District 6 (East Central),,JONES,IA 136,IA 136/IOWA 136,Non-collision events:  Overturn/rollover,Roadside,Non-collision (single vehicle),Swerving/Evasive Action,Drug/Alcohol (Statutory),,Daylight,Dry,Clear,None apparent,Non-intersection:  Non-junction/no special feature,Paved,,Fatal,1,0,0,0,0,0,4500,1,1,,POINT (-91.000426262614 42.208719561148)
2014791227,032-030-14,02/25/2014,02-February,3-Tuesday,17:15,1700 Hours,District 3 (Northwest),ESTHERVILLE,EMMET,,3RD AVE S,Collision with:  Vehicle in traffic,On Roadway,"Sideswipe, same direction",FTYROW:  Other (explain in narrative),None Indicated,,Daylight,Unknown,Clear,None apparent,Non-intersection:  Driveway access (within),Paved,,Property Damage Only,0,0,0,0,0,0,5200,2,2,,POINT (-94.811137007669 43.399165863133)
2014790117,14-015,02/25/2014,02-February,3-Tuesday,17:53,1700 Hours,District 3 (Northwest),SIOUX CENTER,SIOUX,,2ND ST NE & 4TH AVE SE,Collision with:  Vehicle in traffic,On Roadway,"Angle, oncoming left turn",FTYROW:  From stop sign,None Indicated,,Daylight,Snow,Cloudy,"Surface condition (e.g., wet, icy)",Intersection:  Four-way intersection,Paved,,Property Damage Only,0,0,0,0,0,0,3000,2,3,,POINT (-96.169786625784 43.078725762472)
2014788153,14020502,02/25/2014,02-February,3-Tuesday,18:52,1800 Hours,District 5 (Southeast),,WAPELLO,US 63,US 63,Collision with:  Animal,,,Animal,None Indicated,,,,,,,Paved,,Property Damage Only,0,0,0,0,0,0,2500,1,1,,POINT (-92.377730562718 41.031541898656)
2014794346,141179PD,02/25/2014,02-February,3-Tuesday,10:21,1000 Hours,District 1 (Central),BOONE,BOONE,,HANCOCK DR & S LINN ST,Collision with:  Parked motor vehicle,On Roadway,Head-on (front to front),Crossed centerline (undivided),None Indicated,,Daylight,Snow,Cloudy,None apparent,Non-intersection:  Driveway access (within),Paved,,Property Damage Only,0,0,0,0,0,0,2500,2,1,,POINT (-93.873830021319 42.045712564101)
2014787874,14-5629,02/25/2014,02-February,3-Tuesday,07:12,0700 Hours,District 3 (Northwest),SIOUX CITY,WOODBURY,US 20,US 20/RAMP,Collision with fixed object:  Ditch,On Roadway,Non-collision (single vehicle),Lost Control,None Indicated,,Daylight,Snow,Cloudy,"Surface condition (e.g., wet, icy)",Non-intersection:  Other non-intersection (explain in narrative),Paved,,Possible/Unknown,0,1,0,0,1,0,1000,1,2,,POINT (-96.335260183008 42.45312915683)
2014788169,14-5664,02/25/2014,02-February,3-Tuesday,14:45,1400 Hours,District 3 (Northwest),SIOUX CITY,WOODBURY,,34TH ST & JACKSON ST,Collision with:  Vehicle in traffic,On Roadway,Broadside (front to side),FTYROW:  From stop sign,None Indicated,,Daylight,Dry,Clear,None apparent,Intersection:  Four-way intersection,Paved,,Property Damage Only,0,0,0,0,0,0,3000,2,2,,POINT (-96.402384510085 42.528763778605)
2014788076,14-007504,02/25/2014,02-February,3-Tuesday,10:22,1000 Hours,District 4 (Southwest),COUNCIL BLUFFS,POTTAWATTAMIE,,AVE F,Collision with:  Parked motor vehicle,On Roadway,Broadside (front to side),Improper Backing,None Indicated,,Daylight,Snow,Cloudy,"Surface condition (e.g., wet, icy)",Non-intersection:  Non-junction/no special feature,Paved,,Property Damage Only,0,0,0,0,0,0,1550,2,777,,POINT (-95.871521129365 41.267111393256)
2014787859,14-0556,02/25/2014,02-February,3-Tuesday,06:23,0600 Hours,District 1 (Central),FORT DODGE,WEBSTER,,AVE O W,Collision with:  Vehicle in traffic,On Roadway,Broadside (front to side),Ran Traffic Signal,None Indicated,,Dawn,Ice/frost,Clear,"Surface condition (e.g., wet, icy)",Intersection:  Four-way intersection,Paved,,Minor Injury,0,1,0,1,0,0,10000,2,2,,POINT (-94.207206001195 42.486778630778)
2014788474,14019036,02/25/2014,02-February,3-Tuesday,13:27,1300 Hours,District 2 (Northeast),CEDAR FALLS,BLACK HAWK,,W VIKING RD & HUDSON RD,Collision with:  Vehicle in traffic,Shoulder,"Angle, oncoming left turn",Ran Traffic Signal,None Indicated,,Daylight,Dry,Clear,None apparent,Intersection:  Four-way intersection,Paved,,Minor Injury,0,2,0,1,1,0,9000,2,2,,POINT (-92.465329572047 42.484081564546)
2014787863,S14-1885,02/25/2014,02-February,3-Tuesday,09:05,0900 Hours,District 3 (Northwest),SIOUX CITY,WOODBURY,,ELK CREEK RD & GLEN ELLEN RD,Collision with:  Vehicle in traffic,On Roadway,"Sideswipe, same direction",Ran Stop Sign,None Indicated,,Daylight,Snow,Clear,None apparent,Intersection:  Four-way intersection,Unpaved,,Property Damage Only,0,0,0,0,0,0,7000,2,3,,POINT (-96.320579926021 42.418789049921)
2014788303,14-1901,02/25/2014,02-February,3-Tuesday,16:27,1600 Hours,District 3 (Northwest),CARROLL,CARROLL,US 71,US 71 & 15TH ST,Collision with:  Vehicle in traffic,On Roadway,"Angle, oncoming left turn",Made improper turn,None Indicated,,Daylight,Dry,Cloudy,None apparent,Non-intersection:  Non-junction/no special feature,Paved,,Property Damage Only,0,0,0,0,0,0,5900,2,2,,POINT (-94.878594097407 42.074901565747)
2014788136,14-000915,02/25/2014,02-February,3-Tuesday,07:32,0700 Hours,District 1 (Central),AMES,STORY,,E 13TH ST & DAYTON AVE & N DAYTON AVE,Collision with:  Vehicle in traffic,On Roadway,Rear-end (front to rear),Driving too fast for conditions,None Indicated,,Daylight,Ice/frost,Clear,None apparent,Intersection:  Four-way intersection,Paved,,Property Damage Only,0,0,0,0,0,0,4000,2,2,,POINT (-93.581565948126 42.034461122785)
2014790719,,02/25/2014,02-February,3-Tuesday,15:35,1500 Hours,District 3 (Northwest),SERGEANT BLUFF,WOODBURY,,WINDSOR WAY & CONISTON CIR,Collision with fixed object:  Utility pole/light support,Outside trafficway,Non-collision (single vehicle),Ran off road - right,None Indicated,,Daylight,Ice/frost,Cloudy,"Surface condition (e.g., wet, icy)",Non-intersection:  Non-junction/no special feature,Paved,,Property Damage Only,0,0,0,0,0,0,3100,1,1,,POINT (-96.348604300709 42.399846653431)
2014788023,SO14000444,02/25/2014,02-February,3-Tuesday,12:05,1200 Hours,District 3 (Northwest),,PLYMOUTH,,Co Rd C38/C38 & Co Rd K30/HICKORY AVE,Collision with:  Vehicle in traffic,On Roadway,Rear-end (front to rear),Other (explain in narrative):  No improper action,None Indicated,,Daylight,Snow,Cloudy,"Surface condition (e.g., wet, icy)",Intersection:  Four-way intersection,Paved,,Major Injury,0,1,1,0,0,0,5000,2,3,,POINT (-96.331030478855 42.749597060658)
2014788016,14-001011,02/25/2014,02-February,3-Tuesday,07:30,0700 Hours,District 3 (Northwest),PRIMGHAR,OBRIEN,,1ST ST NW & 1ST ST NE & S HAYES AVE & N HAYES AVE,Collision with:  Vehicle in traffic,On Roadway,Broadside (front to side),FTYROW:  At uncontrolled intersection,None Indicated,,Daylight,Snow,Clear,None apparent,Intersection:  Four-way intersection,Paved,,Possible/Unknown,0,1,0,0,1,0,12000,2,2,,POINT (-95.626934618989 43.087255111733)
2014788220,2014013604,02/25/2014,02-February,3-Tuesday,06:23,0600 Hours,District 1 (Central),,POLK,I-35,I-35 & US 69/NE 14TH ST,Collision with fixed object:  Concrete traffic barrier (median or right side),Median,Non-collision (single vehicle),Swerving/Evasive Action,None Indicated,,Dark - roadway lighted,Wet,Clear,"Surface condition (e.g., wet, icy)",Non-intersection:  Other non-intersection (explain in narrative),Paved,,Property Damage Only,0,0,0,0,0,0,2000,1,2,,POINT (-93.600394806442 41.649897314356)
2014789057,PD140133,02/25/2014,02-February,3-Tuesday,22:19,2200 Hours,District 1 (Central),GRUNDY CENTER,GRUNDY,,8TH ST,Collision with:  Vehicle in traffic,On Roadway,Unknown,Improper Backing,None Indicated,,Dark - roadway lighted,Snow,Cloudy,None apparent,Non-intersection:  Driveway access (within),Paved,,Property Damage Only,0,0,0,0,0,0,1700,2,1,,POINT (-92.77393412856 42.354392656342)
2014788266,PD140132,02/25/2014,02-February,3-Tuesday,15:56,1500 Hours,District 1 (Central),GRUNDY CENTER,GRUNDY,,H AVE & 7TH ST,Collision with:  Vehicle in traffic,On Roadway,Broadside (front to side),FTYROW:  From stop sign,None Indicated,,Daylight,Snow,Cloudy,None apparent,Intersection:  Four-way intersection,Paved,,Property Damage Only,0,0,0,0,0,0,6000,2,2,,POINT (-92.772625007835 42.360505208144)
2014788058,20140005255,02/25/2014,02-February,3-Tuesday,14:45,1400 Hours,District 1 (Central),DES MOINES,POLK,,FLEUR DR,Collision with:  Vehicle in traffic,On Roadway,Rear-end (front to rear),Followed too close,None Indicated,,Daylight,Wet,Clear,None apparent,Non-intersection:  Non-junction/no special feature,Paved,,Possible/Unknown,0,1,0,0,1,0,7000,3,4,,POINT (-93.64499063411 41.549297172532)
2014788155,14-0105,02/25/2014,02-February,3-Tuesday,08:45,0800 Hours,District 1 (Central),MOORLAND,WEBSTER,,OLD US 20,Collision with fixed object:  Guardrail - face,On Roadway,Non-collision (single vehicle),Crossed centerline (undivided),None Indicated,,Daylight,Snow,Cloudy,"Surface condition (e.g., wet, icy)",Non-intersection:  Other non-intersection (explain in narrative),Paved,,Property Damage Only,0,0,0,0,0,0,6000,1,1,,POINT (-94.291989162214 42.445922728123)
2014788925,14-3551,02/25/2014,02-February,3-Tuesday,12:04,1200 Hours,District 6 (East Central),BETTENDORF,SCOTT,,MAPLECREST RD & 18TH ST,Collision with:  Vehicle in traffic,On Roadway,Broadside (front to side),Ran Traffic Signal,None Indicated,,Daylight,Dry,Cloudy,None apparent,Intersection:  Four-way intersection,Paved,,Possible/Unknown,0,1,0,0,1,0,6000,2,3,,POINT (-90.499230694323 41.555780048182)
2014788600,,02/25/2014,02-February,3-Tuesday,08:00,0800 Hours,District 3 (Northwest),LAKE CITY,CALHOUN,,MADISON ST & ILLINOIS ST,Collision with:  Vehicle in traffic,On Roadway,Broadside (front to side),FTYROW:  Other (explain in narrative),None Indicated,,,,,,,Paved,,Property Damage Only,0,0,0,0,0,0,9000,2,2,,POINT (-94.732604352806 42.269161695561)
2014788032,14-0224,02/25/2014,02-February,3-Tuesday,08:13,0800 Hours,District 1 (Central),CLIVE,POLK,,UNIVERSITY AVE & 68TH ST & COUNTRY CLUB BLVD,Collision with:  Vehicle in traffic,On Roadway,Rear-end (front to rear),Driving too fast for conditions,None Indicated,,Daylight,Snow,Cloudy,"Surface condition (e.g., wet, icy)",Intersection:  Four-way intersection,Paved,,Property Damage Only,0,0,0,0,0,0,2600,2,2,,POINT (-93.800873401978 41.600432969133)
2014788330,CL14000561,02/25/2014,02-February,3-Tuesday,14:13,1400 Hours,District 6 (East Central),CLINTON,CLINTON,US 67,US 67/N 2ND ST,Collision with:  Vehicle in traffic,On Roadway,Rear-end (front to rear),Followed too close,None Indicated,,Daylight,Dry,Clear,None apparent,Non-intersection:  Non-junction/no special feature,Paved,,Possible/Unknown,0,2,0,0,2,0,10000,2,2,,POINT (-90.184659825866 41.859341021847)
2014789644,2014-11809,02/25/2014,02-February,3-Tuesday,01:00,0100 Hours,District 6 (East Central),DAVENPORT,SCOTT,I-80,I-80 & IA 130/NEW LIBERTY RD,Collision with:  Vehicle in traffic,On Roadway,Rear-end (front to rear),Unknown,None Indicated,,Dark - roadway lighted,Slush,Cloudy,Unknown,Intersection:  Intersection with ramp,Paved,,Possible/Unknown,0,1,0,0,1,0,4000,2,2,,POINT (-90.621123195028 41.601229312452)
2014788262,14000090,02/25/2014,02-February,3-Tuesday,21:06,2100 Hours,District 5 (Southeast),,MONROE,IA 5,IA 5/IOWA 5,Collision with:  Animal,,,Animal,None Indicated,,,,,,,Paved,,Property Damage Only,0,0,0,0,0,0,2500,1,1,,POINT (-92.808835732873 41.009101392741)
2014788095,2014-11901,02/25/2014,02-February,3-Tuesday,15:52,1500 Hours,District 6 (East Central),DAVENPORT,SCOTT,,E 53RD ST & FREIDRICHS CT,Collision with:  Vehicle in traffic,On Roadway,Rear-end (front to rear),Followed too close,None Indicated,,Daylight,Dry,Cloudy,None apparent,Intersection:  T-intersection,Paved,,Property Damage Only,0,0,0,0,0,0,7000,2,2,,POINT (-90.537284678556 41.574803669397)
2014788503,14001617,02/25/2014,02-February,3-Tuesday,23:56,2300 Hours,District 6 (East Central),,DELAWARE,US 20,US 20,Non-collision events:  Overturn/rollover,Shoulder,Non-collision (single vehicle),Ran off road - left,None Indicated,,Dark - roadway not lighted,Dry,Clear,None apparent,Non-intersection:  Non-junction/no special feature,Paved,,Property Damage Only,0,0,0,0,0,0,5000,1,2,,POINT (-91.181033285735 42.470901767506)
2014788504,14-06407,02/25/2014,02-February,3-Tuesday,19:00,1900 Hours,District 5 (Southeast),,DES MOINES,,SOUTH PRAIRIE GROVE RD,Collision with:  Animal,,,Animal,None Indicated,,,,,,,Unpaved,,Property Damage Only,0,0,0,0,0,0,2500,1,1,,POINT (-91.24595773608 40.842780892154)
2014789356,14002954,02/25/2014,02-February,3-Tuesday,16:34,1600 Hours,District 2 (Northeast),MASON CITY,CERRO GORDO,,6TH PL SE,Collision with:  Vehicle in traffic,On Roadway,Broadside (front to side),FTYROW:  Other (explain in narrative),None Indicated,,Daylight,Snow,Cloudy,None apparent,Non-intersection:  Non-junction/no special feature,Paved,,Property Damage Only,0,0,0,0,0,0,1800,2,2,,POINT (-93.169842394071 43.144900924898)