Iowa DOT Case Number,Law Enforcement Case Number,Date of Crash,Month of Crash,Day of Week,Time of Crash,Hour,DOT District,City Name,County Name,Route with System,Location Description,First Harmful Event,Location of First Harmful Event,Manner of Crash/Collision,Major Cause,Drug or Alcohol ,Environmental Conditions,Light Conditions,Surface Conditions,Weather Conditions,Roadway Contribution,Roadway Type,Roadway Surface,Work Zone,Crash Severity,Number of Fatalities,Number of Injuries,Number of Major Injuries,Number of Minor Injuries,Number of Possible Injuries,Number of Unknown Injuries,Amount of Property Damage,Number of Vehicles Involved,Total Number of Occupants,Travel Direction,Location
2014789089,14002775,02/26/2014,02-February,4-Wednesday,06:49,0600 Hours,District 5 (Southeast),,APPANOOSE,IA 2,IA 2/IOWA 2,Collision with:  Animal,,,Animal,None Indicated,,,,,,,Paved,,Property Damage Only,0,0,0,0,0,0,3500,1,1,,POINT (-93.079954494511 40.746429267557)
2014804963,,02/26/2014,02-February,4-Wednesday,11:00,1100 Hours,District 2 (Northeast),,CHICKASAW,,CHEYENNE AVE,Collision with:  Vehicle in traffic,On Roadway,Rear-end (front to rear),Swerving/Evasive Action,None Indicated,,Daylight,Snow,Cloudy,"Surface condition (e.g., wet, icy)",Non-intersection:  Non-junction/no special feature,Unpaved,,Property Damage Only,0,0,0,0,0,0,2500,2,2,,POINT (-92.495523284361 43.016648049927)
2014788528,201402844,02/26/2014,02-February,4-Wednesday,17:20,1700 Hours,District 6 (East Central),CEDAR RAPIDS,LINN,,7TH ST NE,Collision with:  Vehicle in traffic,On Roadway,Broadside (front to side),FTYROW:  Making left turn,None Indicated,,Daylight,Dry,Clear,None apparent,Intersection:  T-intersection,Paved,,Property Damage Only,0,0,0,0,0,0,3000,2,2,,POINT (-91.663531211477 41.982247561574)
2014788436,14-5805,02/26/2014,02-February,4-Wednesday,19:00,1900 Hours,District 3 (Northwest),SIOUX CITY,WOODBURY,IA 12,IA 12/SIOUX RIVER RD,Collision with:  Animal,,,Animal,None Indicated,,,,,,,Paved,,Property Damage Only,0,0,0,0,0,0,2000,1,1,,POINT (-96.476340831941 42.556138908453)
2014789330,,02/26/2014,02-February,4-Wednesday,08:20,0800 Hours,District 6 (East Central),CEDAR RAPIDS,LINN,,74TH ST NE & C AVE NE,Collision with:  Vehicle in traffic,On Roadway,"Angle, oncoming left turn",Unknown,None Indicated,,Daylight,Dry,Clear,,Intersection:  T-intersection,Paved,,Property Damage Only,0,0,0,0,0,0,4000,2,3,,POINT (-91.638545698584 42.051248950289)
2014788926,14-3627,02/26/2014,02-February,4-Wednesday,10:11,1000 Hours,District 6 (East Central),BETTENDORF,SCOTT,,53RD AVE & MIDDLE RD,Collision with:  Vehicle in traffic,On Roadway,Broadside (front to side),FTYROW:  From yield sign,None Indicated,,Daylight,Dry,Clear,None apparent,Intersection:  Other intersection (explain in narrative),Paved,,Property Damage Only,0,0,0,0,0,0,9000,2,2,,POINT (-90.463962956912 41.575505449746)
2014789286,2014-03801,02/26/2014,02-February,4-Wednesday,17:59,1700 Hours,District 5 (Southeast),DES MOINES,WARREN,,PALOMINO PKWY & WARREN DR,Collision with:  Vehicle in traffic,On Roadway,Broadside (front to side),Unknown,None Indicated,,Dusk,Snow,Clear,None apparent,Non-intersection:  Driveway access (within),Paved,,Property Damage Only,0,0,0,0,0,0,1600,2,1,,POINT (-93.614095091039 41.50786139107)
2014788787,14002321,02/26/2014,02-February,4-Wednesday,07:50,0700 Hours,District 4 (Southwest),GLENWOOD,MILLS,,E SHARP ST,Collision with:  Other non-fixed object (explain in narrative),On Roadway,Rear-end (front to rear),Swerving/Evasive Action,None Indicated,,Daylight,Dry,Clear,None apparent,Non-intersection:  Other non-intersection (explain in narrative),Paved,,Property Damage Only,0,0,0,0,0,0,1600,2,2,,POINT (-95.731577908538 41.048650740233)
2014788045,20140005314,02/26/2014,02-February,4-Wednesday,07:50,0700 Hours,District 1 (Central),DES MOINES,POLK,,SE 36TH ST,Collision with:  Vehicle in traffic,On Roadway,Rear-end (front to rear),FTYROW:  Other (explain in narrative),None Indicated,,Daylight,Ice/frost,Clear,"Surface condition (e.g., wet, icy)",Intersection:  Four-way intersection,Unpaved,,Possible/Unknown,0,1,0,0,1,0,2000,2,2,,POINT (-93.544075190148 41.525913444938)
2014788173,14-5742,02/26/2014,02-February,4-Wednesday,07:56,0700 Hours,District 3 (Northwest),SIOUX CITY,WOODBURY,,3RD AVE & S LAKEPORT ST,Collision with:  Vehicle in traffic,On Roadway,Rear-end (front to rear),Followed too close,None Indicated,,Daylight,Dry,Clear,None apparent,Intersection:  Four-way intersection,Paved,,Property Damage Only,0,0,0,0,0,0,2500,2,2,,POINT (-96.34651795742 42.469288016785)
2014789354,14-001524,02/26/2014,02-February,4-Wednesday,19:17,1900 Hours,District 4 (Southwest),,CASS,IA 48,IA 48/550TH ST,Collision with:  Animal,,,Animal,None Indicated,,,,,,,Paved,,Property Damage Only,0,0,0,0,0,0,4000,1,1,,POINT (-95.137271473622 41.249786117837)
2014794515,140001924,02/26/2014,02-February,4-Wednesday,05:37,0500 Hours,District 3 (Northwest),,CARROLL,,Co Rd E57/280TH ST,Collision with fixed object:  Ditch,Gore,Non-collision (single vehicle),Driving too fast for conditions,None Indicated,,Dark - roadway not lighted,Snow,Cloudy,"Surface condition (e.g., wet, icy)",Intersection:  Other intersection (explain in narrative),Unpaved,,Possible/Unknown,0,1,0,0,1,0,2500,1,1,,POINT (-94.745386807993 41.949693743276)
2014788047,20140005332,02/26/2014,02-February,4-Wednesday,11:45,1100 Hours,District 1 (Central),DES MOINES,POLK,,STANTON AVE & FLEUR DR,Collision with:  Vehicle in traffic,On Roadway,"Angle, oncoming left turn",FTYROW:  Making left turn,None Indicated,,Daylight,Dry,Clear,None apparent,Intersection:  Four-way intersection,Paved,,Property Damage Only,0,0,0,0,0,0,5500,2,2,,POINT (-93.645087953051 41.544612824843)
2014788383,20140005354,02/26/2014,02-February,4-Wednesday,16:20,1600 Hours,District 1 (Central),DES MOINES,POLK,IA 163,IA 163/E UNIVERSITY AVE & E 30TH ST,Collision with:  Vehicle in traffic,Roadside,Rear-end (front to rear),"Operating vehicle in an reckless, erratic, careless, negligent manner",None Indicated,,Daylight,Dry,Clear,None apparent,Intersection:  Four-way intersection,Paved,,Possible/Unknown,0,1,0,0,1,0,2000,2,2,,POINT (-93.558393312663 41.600524361461)
2014790993,14042,02/26/2014,02-February,4-Wednesday,14:42,1400 Hours,District 5 (Southeast),PELLA,MARION,,HUBER ST,Collision with:  Vehicle in traffic,On Roadway,Rear-end (front to rear),Improper Backing,None Indicated,,Daylight,Dry,Cloudy,None apparent,Non-intersection:  Driveway access (within),Paved,,Property Damage Only,0,0,0,0,0,0,2500,2,2,,POINT (-92.915638297346 41.398911553127)
2014789385,14-001973,02/26/2014,02-February,4-Wednesday,16:06,1600 Hours,District 2 (Northeast),CLERMONT,FAYETTE,,UNION ST & OAK RIDGE DR,Collision with:  Vehicle in traffic,On Roadway,Broadside (front to side),FTYROW:  From driveway,None Indicated,,Daylight,Dry,Clear,None apparent,Non-intersection:  Driveway access (within),Paved,,Property Damage Only,0,0,0,0,0,0,4000,2,5,,POINT (-91.650953750266 42.995662009875)
2014788506,01-14-8097,02/26/2014,02-February,4-Wednesday,04:26,0400 Hours,District 6 (East Central),DUBUQUE,DUBUQUE,,EDINA ST,Collision with:  Parked motor vehicle,On Roadway,Unknown,Illegally Parked/Unattended,None Indicated,,Dark - roadway lighted,Dry,Clear,None apparent,Non-intersection:  Non-junction/no special feature,Paved,,Property Damage Only,0,0,0,0,0,0,6200,2,777,,POINT (-90.68444589941 42.503536772903)
2014788460,14000093,02/26/2014,02-February,4-Wednesday,12:51,1200 Hours,District 5 (Southeast),ALBIA,MONROE,IA 5,IA 5/S MAIN ST,Collision with:  Vehicle in traffic,On Roadway,Broadside (front to side),FTYROW:  From stop sign,None Indicated,,Daylight,Dry,Clear,None apparent,Intersection:  Four-way intersection,Paved,,Property Damage Only,0,0,0,0,0,0,5000,2,2,,POINT (-92.807077513188 41.02479075648)
2014788435,14-5784,02/26/2014,02-February,4-Wednesday,16:00,1600 Hours,District 3 (Northwest),SIOUX CITY,WOODBURY,,5TH ST & PIERCE ST,Collision with:  Vehicle in traffic,On Roadway,"Sideswipe, same direction",Other (explain in narrative):  Other,None Indicated,,Daylight,Dry,Clear,None apparent,Intersection:  Four-way intersection,Paved,,Property Damage Only,0,0,0,0,0,0,5000,2,2,,POINT (-96.404923821601 42.495299720914)
2014789882,,02/26/2014,02-February,4-Wednesday,14:26,1400 Hours,District 6 (East Central),CEDAR RAPIDS,LINN,IA 922,IA 922/1ST AVE E,Collision with:  Vehicle in traffic,On Roadway,Rear-end (front to rear),Unknown,None Indicated,,Daylight,Dry,"Sleet, hail",,Non-intersection:  Other non-intersection (explain in narrative),Paved,,Property Damage Only,0,0,0,0,0,0,2500,2,2,,POINT (-91.662773371998 41.98212165172)
2014788934,2014-12106,02/26/2014,02-February,4-Wednesday,15:07,1500 Hours,District 6 (East Central),DAVENPORT,SCOTT,,IA 461/BRADY ST & E 37TH ST,Collision with:  Vehicle in traffic,On Roadway,"Sideswipe, same direction",Improper or erratic lane changing,None Indicated,,Daylight,Dry,Cloudy,Work Zone (roadway-related),Intersection:  T-intersection,Paved,Yes,Minor Injury,0,1,0,1,0,0,9000,2,2,,POINT (-90.56862776621 41.557458389234)
2014788363,14-1307,02/26/2014,02-February,4-Wednesday,15:26,1500 Hours,District 1 (Central),ELKHART,POLK,,MAIN ST,Collision with:  Vehicle in traffic,On Roadway,Rear-end (front to rear),FTYROW:  Other (explain in narrative),None Indicated,,Daylight,Snow,Clear,None apparent,Non-intersection:  Non-junction/no special feature,Paved,,Property Damage Only,0,0,0,0,0,0,1500,2,2,,POINT (-93.525364845938 41.793386944634)
2014795896,,02/26/2014,02-February,4-Wednesday,13:15,1300 Hours,District 5 (Southeast),FORT MADISON,LEE,,AVE E,Collision with:  Parked motor vehicle,On Roadway,"Sideswipe, same direction",Over correcting/over steering,None Indicated,,Daylight,Dry,Clear,Other (explain in narrative),Non-intersection:  Non-junction/no special feature,Paved,,Property Damage Only,0,0,0,0,0,0,2000,2,1,,POINT (-91.305900798409 40.632951501825)
2014788409,2012-12126,02/26/2014,02-February,4-Wednesday,17:24,1700 Hours,District 6 (East Central),DAVENPORT,SCOTT,US 6,US 6/E KIMBERLY RD & DAVENPORT AVE,Collision with:  Vehicle in traffic,On Roadway,Rear-end (front to rear),Followed too close,None Indicated,,Daylight,Dry,Clear,None apparent,Intersection:  Four-way intersection,Paved,,Property Damage Only,0,0,0,0,0,0,1500,2,2,,POINT (-90.563555246712 41.55874694577)
2014788388,20140005350,02/26/2014,02-February,4-Wednesday,15:27,1500 Hours,District 1 (Central),DES MOINES,POLK,US 6,US 6/EUCLID AVE,Collision with:  Vehicle in traffic,On Roadway,Broadside (front to side),"Operating vehicle in an reckless, erratic, careless, negligent manner",None Indicated,,Daylight,Dry,Clear,None apparent,Intersection:  Four-way intersection,Paved,,Property Damage Only,0,0,0,0,0,0,2500,2,2,,POINT (-93.646983833647 41.627685042332)
2014794597,1402261606,02/26/2014,02-February,4-Wednesday,16:05,1600 Hours,District 6 (East Central),,JONES,,15 ST,Collision with fixed object:  Ditch,On Roadway,Non-collision (single vehicle),Ran off road - left,None Indicated,,Daylight,"Mud, dirt",Clear,None apparent,Intersection:  T-intersection,Unpaved,,Property Damage Only,0,0,0,0,0,0,4800,1,2,,POINT (-91.344598671951 41.954539269241)
2014788297,W14-019369,02/26/2014,02-February,4-Wednesday,11:33,1100 Hours,District 2 (Northeast),WATERLOO,BLACK HAWK,,WILLISTON AVE & W 6TH ST,Collision with:  Vehicle in traffic,On Roadway,Broadside (front to side),FTYROW:  From stop sign,None Indicated,,Daylight,Dry,Clear,None apparent,Intersection:  Four-way intersection,Paved,,Property Damage Only,0,0,0,0,0,0,14000,2,3,,POINT (-92.347478481268 42.48393048391)
2014788566,2014-12097,02/26/2014,02-February,4-Wednesday,14:10,1400 Hours,District 6 (East Central),DAVENPORT,SCOTT,,IA 461/BRADY ST & E 42ND ST,Collision with:  Vehicle in traffic,On Roadway,"Sideswipe, same direction",Made improper turn,None Indicated,,Daylight,Dry,Clear,None apparent,Intersection:  Four-way intersection,Paved,,Minor Injury,0,3,0,2,1,0,7500,2,3,,POINT (-90.567771787537 41.563654674464)
2014791177,2014013898,02/26/2014,02-February,4-Wednesday,06:00,0600 Hours,District 4 (Southwest),,HARRISON,I-29,I-29,Collision with fixed object:  Guardrail - face,Median,Non-collision (single vehicle),"Operating vehicle in an reckless, erratic, careless, negligent manner",None Indicated,,Dark - roadway not lighted,Dry,Clear,None apparent,Non-intersection:  Non-junction/no special feature,Paved,,Minor Injury,0,1,0,1,0,0,12887,1,1,,POINT (-96.048373058616 41.735648720156)
2014788159,14-0565,02/26/2014,02-February,4-Wednesday,07:50,0700 Hours,District 1 (Central),FORT DODGE,WEBSTER,,KENYON RD & TOWER DR,Collision with:  Vehicle in traffic,Shoulder,Rear-end (front to rear),Followed too close,None Indicated,,Daylight,Wet,Clear,None apparent,Non-intersection:  Non-junction/no special feature,Paved,,Property Damage Only,0,0,0,0,0,0,2000,2,3,,POINT (-94.202375816281 42.486162988631)
2014790090,2014-12093,02/26/2014,02-February,4-Wednesday,13:54,1300 Hours,District 6 (East Central),DAVENPORT,SCOTT,,W 40TH ST & N DIVISION ST,Collision with:  Vehicle in traffic,On Roadway,Broadside (front to side),FTYROW:  From stop sign,None Indicated,,Daylight,Dry,Clear,None apparent,Intersection:  T-intersection,Paved,,Property Damage Only,0,0,0,0,0,0,2000,2,3,,POINT (-90.600689868516 41.561050323838)
2014788983,14000936,02/26/2014,02-February,4-Wednesday,10:00,1000 Hours,District 1 (Central),AMES,STORY,US 30,US 30/SW RAMP CURV,Collision with fixed object:  Curb/island/raised median,On Roadway,Non-collision (single vehicle),Other (explain in narrative):  Other,None Indicated,,Daylight,Dry,Clear,None apparent,Non-intersection:  Non-junction/no special feature,Paved,,Property Damage Only,0,0,0,0,0,0,3500,1,1,,POINT (-93.64326005087 42.002861103274)
2014788411,2014-12125,02/26/2014,02-February,4-Wednesday,17:07,1700 Hours,District 6 (East Central),DAVENPORT,SCOTT,,W 49TH ST,Collision with:  Vehicle in traffic,On Roadway,"Angle, oncoming left turn",FTYROW:  From stop sign,None Indicated,,Dusk,Dry,Clear,None apparent,Intersection:  T-intersection,Paved,,Possible/Unknown,0,1,0,0,1,0,6000,2,2,,POINT (-90.617600805622 41.570102333109)
2014788541,14-000945,02/26/2014,02-February,4-Wednesday,16:54,1600 Hours,District 1 (Central),ANKENY,POLK,IA 160,IA 160/SE ORALABOR RD & SE PDI PL,Collision with:  Vehicle in traffic,On Roadway,Rear-end (front to rear),Other (explain in narrative):  Other,None Indicated,,Daylight,Dry,Clear,None apparent,Intersection:  Four-way intersection,Paved,,Possible/Unknown,0,3,0,0,3,0,5200,3,4,,POINT (-93.584457819892 41.702905302246)
2014788965,14-000947,02/26/2014,02-February,4-Wednesday,17:44,1700 Hours,District 1 (Central),AMES,STORY,,HEMINGWAY DR,Collision with:  Vehicle in traffic,On Roadway,Broadside (front to side),FTYROW:  From driveway,None Indicated,,Daylight,Snow,Clear,None apparent,Non-intersection:  Driveway access (within),Paved,,Property Damage Only,0,0,0,0,0,0,7000,2,2,,POINT (-93.680573138277 42.018794745496)
2014788966,14-000951,02/26/2014,02-February,4-Wednesday,21:49,2100 Hours,District 1 (Central),AMES,STORY,US 69,US 69/S DUFF AVE/LINCOLN WAY,Collision with:  Vehicle in traffic,On Roadway,Rear-end (front to rear),Driving too fast for conditions,None Indicated,,Dark - roadway lighted,Dry,Clear,None apparent,Non-intersection:  Non-junction/no special feature,Paved,,Property Damage Only,0,0,0,0,0,0,1500,2,3,,POINT (-93.610365512309 42.02289125554)
2014844625,2014-000484,02/26/2014,02-February,4-Wednesday,12:14,1200 Hours,District 2 (Northeast),,ALLAMAKEE,,MEINERS RD & UNION DR,Collision with:  Vehicle in traffic,On Roadway,Broadside (front to side),FTYROW:  From yield sign,None Indicated,,Daylight,Ice/frost,Clear,None apparent,Intersection:  T-intersection,Unpaved,,Possible/Unknown,0,1,0,0,1,0,6000,2,5,,POINT (-91.470840034581 43.469466025027)
2014788367,14-0233,02/26/2014,02-February,4-Wednesday,17:20,1700 Hours,District 1 (Central),CLIVE,POLK,I-35,I-35,Collision with:  Vehicle in traffic,On Roadway,Rear-end (front to rear),Followed too close,None Indicated,,Daylight,Dry,Clear,None apparent,Non-intersection:  Non-junction/no special feature,Paved,,Property Damage Only,0,0,0,0,0,0,6000,2,2,,POINT (-93.776887716646 41.605596552825)
2014788033,20140005308,02/26/2014,02-February,4-Wednesday,07:32,0700 Hours,District 1 (Central),DES MOINES,POLK,,LAUREL ST & 5TH AVE,Collision with:  Non-motorist (see non-motorist section - NOT a unit),On Roadway,Non-collision (single vehicle),Other (explain in narrative):  No improper action,None Indicated,,Daylight,Dry,Clear,None apparent,Intersection:  Four-way intersection,Paved,,Minor Injury,0,1,0,1,0,0,900,1,1,,POINT (-93.624470327165 41.597374176725)
2014789701,,02/26/2014,02-February,4-Wednesday,17:00,1700 Hours,District 2 (Northeast),,FLOYD,,Co Rd T26/GLASS AVE,,On Roadway,Non-collision (single vehicle),Swerving/Evasive Action,None Indicated,,Daylight,Ice/frost,"Blowing sand, soil, dirt","Surface condition (e.g., wet, icy)",Non-intersection:  Non-junction/no special feature,Paved,,Property Damage Only,0,0,0,0,0,0,5000,1,2,,POINT (-92.90561283723 43.170786915402)
2014788526,201402839,02/26/2014,02-February,4-Wednesday,16:20,1600 Hours,District 6 (East Central),CEDAR RAPIDS,LINN,IA 922,IA 922/1ST AVE W & 3RD AVE SW CONN,Collision with:  Vehicle in traffic,On Roadway,Broadside (front to side),Ran Traffic Signal,None Indicated,,Daylight,Dry,Clear,None apparent,Intersection:  Four-way intersection,Paved,,Property Damage Only,0,0,0,0,0,0,6000,2,3,,POINT (-91.688286970805 41.971166994504)
2014793244,SA1401335,02/26/2014,02-February,4-Wednesday,15:25,1500 Hours,District 5 (Southeast),KALONA,WASHINGTON,IA 22,IA 22/E AVE & 5TH ST,Collision with:  Vehicle in traffic,On Roadway,"Angle, oncoming left turn",Made improper turn,None Indicated,,Daylight,Dry,Clear,None apparent,Intersection:  Four-way intersection,Paved,,Minor Injury,0,1,0,1,0,0,6000,2,2,,POINT (-91.706029333673 41.485864286562)
2014788398,14-0431,02/26/2014,02-February,4-Wednesday,15:07,1500 Hours,District 1 (Central),URBANDALE,POLK,IA 28,IA 28/MERLE HAY RD & SUTTON PL & FRONTAGE RD CONN,Collision with:  Vehicle in traffic,On Roadway,"Sideswipe, opposite direction",FTYROW:  From stop sign,None Indicated,,Daylight,Wet,Clear,None apparent,Intersection:  Four-way intersection,Paved,,Property Damage Only,0,0,0,0,0,0,2500,2,2,,POINT (-93.697735401879 41.648356858207)
2014788158,14-0564,02/26/2014,02-February,4-Wednesday,07:08,0700 Hours,District 1 (Central),FORT DODGE,WEBSTER,,N 14TH ST,Collision with:  Vehicle in traffic,On Roadway,Unknown,Improper Backing,None Indicated,,Daylight,Snow,Clear,"Surface condition (e.g., wet, icy)",Non-intersection:  Non-junction/no special feature,Paved,,Property Damage Only,0,0,0,0,0,0,1500,2,4,,POINT (-94.179617609345 42.513092436253)
2014788774,14-901,02/26/2014,02-February,4-Wednesday,16:00,1600 Hours,District 6 (East Central),HIAWATHA,LINN,,BOYSON RD & CENTER POINT RD,Collision with:  Vehicle in traffic,On Roadway,"Angle, oncoming left turn",Driving too fast for conditions,None Indicated,,Daylight,Dry,Clear,None apparent,Intersection:  Four-way intersection,Paved,,Property Damage Only,0,0,0,0,0,0,12500,2,3,,POINT (-91.682454920906 42.046780989379)
2014788034,20140005310,02/26/2014,02-February,4-Wednesday,07:57,0700 Hours,District 1 (Central),DES MOINES,POLK,I-235,I-235 & E 6TH ST,Collision with:  Vehicle in traffic,On Roadway,Rear-end (front to rear),Unknown,None Indicated,,Daylight,Dry,Clear,None apparent,Non-intersection:  Non-junction/no special feature,Paved,,Property Damage Only,0,0,0,0,0,0,3000,2,2,,POINT (-93.610255004281 41.5952347307)
2014788331,2014-0732,02/26/2014,02-February,4-Wednesday,12:45,1200 Hours,District 4 (Southwest),WAUKEE,DALLAS,,NORTHVIEW DR & ASHWORTH DR & WARRIOR LN,Collision with:  Vehicle in traffic,On Roadway,Broadside (front to side),Unknown,None Indicated,,Daylight,Dry,Clear,None apparent,Intersection:  Five points or more,Paved,,Property Damage Only,0,0,0,0,0,0,3000,2,2,,POINT (-93.872231440637 41.60720951712)
2014788431,14-0106,02/26/2014,02-February,4-Wednesday,13:45,1300 Hours,District 1 (Central),,WEBSTER,US 169,US 169,Collision with:  Parked motor vehicle,On Roadway,Head-on (front to front),Ran off road - left,None Indicated,,Daylight,Ice/frost,"Blowing sand, soil, dirt","Surface condition (e.g., wet, icy)",Non-intersection:  Driveway access (within),Paved,,Possible/Unknown,0,1,0,0,1,0,31400,3,1,,POINT (-94.227247426704 42.532881972663)
2014820414,2014-22-AC,02/26/2014,02-February,4-Wednesday,01:45,0100 Hours,District 3 (Northwest),,DICKINSON,US 71,US 71,Collision with:  Animal,On Roadway,Non-collision (single vehicle),Animal,None Indicated,,Dark - roadway not lighted,Dry,Clear,None apparent,Non-intersection:  Non-junction/no special feature,Paved,,Property Damage Only,0,0,0,0,0,0,17500,1,1,,POINT (-95.15011130333 43.267990658475)
2014813199,,02/26/2014,02-February,4-Wednesday,14:37,1400 Hours,District 2 (Northeast),NEW HAMPTON,CHICKASAW,IA 24,IA 24/N LINN AVE & W COURT ST,Collision with:  Vehicle in traffic,On Roadway,Rear-end (front to rear),Followed too close,None Indicated,,Daylight,Ice/frost,Other (explain in narrative),Unknown,Non-intersection:  Other non-intersection (explain in narrative),Paved,,Property Damage Only,0,0,0,0,0,0,2500,2,2,,POINT (-92.317824138089 43.061093948641)
2014852934,,02/26/2014,02-February,4-Wednesday,03:24,0300 Hours,District 6 (East Central),WALCOTT,SCOTT,I-80,I-80,Miscellaneous events:  Hit and run,On Roadway,Rear-end (front to rear),Other (explain in narrative):  Other,None Indicated,,Dark - roadway not lighted,Dry,Clear,None apparent,Non-intersection:  Non-junction/no special feature,Paved,,Possible/Unknown,0,1,0,0,1,0,3000,2,3,,POINT (-90.754699280572 41.610798005604)
2014788295,W14-019052,02/26/2014,02-February,4-Wednesday,14:24,1400 Hours,District 2 (Northeast),WATERLOO,BLACK HAWK,,SYCAMORE ST & E 5TH ST,Collision with:  Vehicle in traffic,On Roadway,"Sideswipe, same direction",Other (explain in narrative):  Other,None Indicated,,Daylight,Dry,Clear,None apparent,Non-intersection:  Non-junction/no special feature,Paved,,Possible/Unknown,0,2,0,0,2,0,5000,2,2,,POINT (-92.334886719079 42.497583002352)
2014788935,2014-12120,02/26/2014,02-February,4-Wednesday,16:00,1600 Hours,District 6 (East Central),DAVENPORT,SCOTT,US 6,US 6/E KIMBERLY RD,Collision with:  Vehicle in traffic,On Roadway,Rear-end (front to rear),Followed too close,None Indicated,,Daylight,Dry,Clear,None apparent,Non-intersection:  Non-junction/no special feature,Paved,,Property Damage Only,0,0,0,0,0,0,2000,2,2,,POINT (-90.540304692932 41.556855664011)
2014788355,000433,02/26/2014,02-February,4-Wednesday,07:36,0700 Hours,District 2 (Northeast),,MITCHELL,,Co Rd T30/INDIGO AVE,Non-collision events:  Overturn/rollover,On Roadway,Non-collision (single vehicle),Swerving/Evasive Action,None Indicated,,Daylight,Snow,Clear,"Surface condition (e.g., wet, icy)",Non-intersection:  Non-junction/no special feature,Paved,,Property Damage Only,0,0,0,0,0,0,5000,1,1,,POINT (-92.87061117088 43.415093226475)
2014788404,14-007610,02/26/2014,02-February,4-Wednesday,08:54,0800 Hours,District 4 (Southwest),COUNCIL BLUFFS,POTTAWATTAMIE,,VALLEY VIEW DR & MALL DR,Collision with:  Vehicle in traffic,On Roadway,Rear-end (front to rear),Other (explain in narrative):  Other,None Indicated,,Daylight,Dry,Clear,None apparent,Intersection:  T-intersection,Paved,,Possible/Unknown,0,2,0,0,2,0,5000,2,2,,POINT (-95.816751340498 41.246480876721)
2014788933,2014-12104,02/26/2014,02-February,4-Wednesday,14:44,1400 Hours,District 6 (East Central),DAVENPORT,SCOTT,,EASTERN AVE,Collision with:  Vehicle in traffic,On Roadway,Head-on (front to front),FTYROW:  Making left turn,None Indicated,,Daylight,Dry,Clear,None apparent,Non-intersection:  Driveway access (within),Paved,,Property Damage Only,0,0,0,0,0,0,6000,3,4,,POINT (-90.551434423437 41.556471904019)
2014793350,2014022601,02/26/2014,02-February,4-Wednesday,11:50,1100 Hours,District 4 (Southwest),SHENANDOAH,PAGE,,W SHERIDAN AVE,Collision with:  Vehicle in traffic,On Roadway,"Sideswipe, same direction",FTYROW:  From parked position,None Indicated,,Daylight,Dry,Cloudy,None apparent,Non-intersection:  Non-junction/no special feature,Paved,,Property Damage Only,0,0,0,0,0,0,1500,2,2,,POINT (-95.374838606803 40.765940003689)
2014790634,2014-12127,02/26/2014,02-February,4-Wednesday,17:30,1700 Hours,District 6 (East Central),DAVENPORT,SCOTT,,IA 461/WELCOME WAY & W 46TH ST & E 46TH ST,Collision with:  Vehicle in traffic,On Roadway,"Sideswipe, same direction",Made improper turn,None Indicated,,Daylight,Dry,Clear,None apparent,Non-intersection:  Non-junction/no special feature,Paved,,Property Damage Only,0,0,0,0,0,0,1500,2,3,,POINT (-90.570270941351 41.567364126847)
2014788308,14001092,02/26/2014,02-February,4-Wednesday,16:02,1600 Hours,District 2 (Northeast),,CERRO GORDO,,Co Rd S36/MALLARD AVE,Non-collision events:  Jackknife,On Roadway,Non-collision (single vehicle),Lost Control,None Indicated,,Daylight,Wet,"Blowing sand, soil, dirt",None apparent,Non-intersection:  Non-junction/no special feature,Paved,,Property Damage Only,0,0,0,0,0,0,5000,1,1,,POINT (-93.260694830068 43.124090830578)
2014788172,14-5737,02/26/2014,02-February,4-Wednesday,06:19,0600 Hours,District 3 (Northwest),SIOUX CITY,WOODBURY,IA 376,IA 376/LEWIS BLVD & OUTER DR N,Collision with:  Vehicle in traffic,On Roadway,"Angle, oncoming left turn",Made improper turn,None Indicated,,Dark - roadway lighted,Wet,Cloudy,None apparent,Intersection:  Four-way intersection,Paved,,Possible/Unknown,0,1,0,0,1,0,12000,2,2,,POINT (-96.361390888326 42.529839868051)
2014788307,14001089,02/26/2014,02-February,4-Wednesday,14:03,1400 Hours,District 2 (Northeast),,CERRO GORDO,,Co Rd B35/255TH ST,Non-collision events:  Overturn/rollover,On Roadway,Non-collision (single vehicle),Lost Control,None Indicated,,Daylight,Ice/frost,"Blowing sand, soil, dirt","Surface condition (e.g., wet, icy)",Non-intersection:  Non-junction/no special feature,Paved,,Property Damage Only,0,0,0,0,0,0,6000,1,1,,POINT (-93.301260669732 43.133599425374)
2014788434,14-5781,02/26/2014,02-February,4-Wednesday,15:50,1500 Hours,District 3 (Northwest),SIOUX CITY,WOODBURY,,TRANSIT AVE & GIBSON ST,Collision with:  Vehicle in traffic,On Roadway,Broadside (front to side),FTYROW:  From stop sign,None Indicated,,Daylight,Wet,Clear,None apparent,Intersection:  T-intersection,Paved,,Property Damage Only,0,0,0,0,0,0,4000,2,2,,POINT (-96.378179330172 42.475876942823)
2014789086,,02/26/2014,02-February,4-Wednesday,07:56,0700 Hours,District 2 (Northeast),NORA SPRINGS,FLOYD,,4TH ST NE & N SULLIVAN AVE,Collision with:  Vehicle in traffic,On Roadway,Rear-end (front to rear),Other (explain in narrative):  No improper action,None Indicated,,Daylight,Ice/frost,Clear,Other (explain in narrative),,Paved,,Property Damage Only,0,0,0,0,0,0,4000,2,4,,POINT (-93.001906174912 43.146341671362)