Iowa DOT Case Number,Law Enforcement Case Number,Date of Crash,Month of Crash,Day of Week,Time of Crash,Hour,DOT District,City Name,County Name,Route with System,Location Description,First Harmful Event,Location of First Harmful Event,Manner of Crash/Collision,Major Cause,Drug or Alcohol ,Environmental Conditions,Light Conditions,Surface Conditions,Weather Conditions,Roadway Contribution,Roadway Type,Roadway Surface,Work Zone,Crash Severity,Number of Fatalities,Number of Injuries,Number of Major Injuries,Number of Minor Injuries,Number of Possible Injuries,Number of Unknown Injuries,Amount of Property Damage,Number of Vehicles Involved,Total Number of Occupants,Travel Direction,Location
2014789517,2014014447,02/28/2014,02-February,6-Friday,17:45,1700 Hours,District 3 (Northwest),,SIOUX,IA 60,IA 60/IOWA 60,Collision with fixed object:  Guardrail - face,Roadside,Non-collision (single vehicle),Lost Control,None Indicated,,Daylight,Ice/frost,Snow,"Surface condition (e.g., wet, icy)",Non-intersection:  Other non-intersection (explain in narrative),Paved,,Property Damage Only,0,0,0,0,0,0,5000,1,2,,POINT (-96.062459444422 42.924555340952)
2014788780,14004550,02/28/2014,02-February,6-Friday,12:45,1200 Hours,District 5 (Southeast),OSKALOOSA,MAHASKA,US 63,US 63/S MARKET ST & 11TH AVE W & 11TH AVE E,Collision with:  Vehicle in traffic,On Roadway,Rear-end (front to rear),Driving too fast for conditions,None Indicated,,Daylight,Dry,Clear,None apparent,Intersection:  Four-way intersection,Paved,,Possible/Unknown,0,1,0,0,1,0,3600,2,2,,POINT (-92.645632541989 41.28527835711)
2014791682,,02/28/2014,02-February,6-Friday,07:07,0700 Hours,District 5 (Southeast),,MUSCATINE,US 61,US 61 & Co Rd Y36/ZACHARY AVE,Collision with:  Vehicle in traffic,On Roadway,Rear-end (front to rear),Followed too close,None Indicated,,Daylight,Snow,Clear,None apparent,Intersection:  T-intersection,Paved,,Possible/Unknown,0,1,0,0,1,0,3500,2,2,,POINT (-90.794086401631 41.51280411474)
2014790782,14-06862,02/28/2014,02-February,6-Friday,15:40,1500 Hours,District 5 (Southeast),BURLINGTON,DES MOINES,,GREEN ST & LEEBRICK ST,Collision with:  Vehicle in traffic,On Roadway,"Sideswipe, same direction",Swerving/Evasive Action,None Indicated,,Daylight,Dry,Clear,None apparent,Non-intersection:  Non-junction/no special feature,Paved,,Property Damage Only,0,0,0,0,0,0,3000,3,4,,POINT (-91.121386705269 40.79877050187)
2014789660,2014-12386,02/28/2014,02-February,6-Friday,07:48,0700 Hours,District 6 (East Central),DAVENPORT,SCOTT,,IA 461/BRADY ST & E 53RD ST,Collision with:  Vehicle in traffic,On Roadway,Rear-end (front to rear),Other (explain in narrative):  Other,None Indicated,,Daylight,Dry,Cloudy,None apparent,Intersection:  Four-way intersection,Paved,,Property Damage Only,0,0,0,0,0,0,3000,2,2,,POINT (-90.569619186842 41.57451040291)
2014789518,2014014452,02/28/2014,02-February,6-Friday,19:45,1900 Hours,District 6 (East Central),DE WITT,CLINTON,US 30,US 30,Collision with:  Vehicle in traffic,On Roadway,"Sideswipe, opposite direction",Traveling wrong way or on wrong side of road,None Indicated,,Dark - roadway not lighted,Dry,Cloudy,None apparent,Non-intersection:  Other non-intersection (explain in narrative),Paved,,Property Damage Only,0,0,0,0,0,0,7000,2,2,,POINT (-90.568186095442 41.816962993462)
2014789639,14-3815,02/28/2014,02-February,6-Friday,15:39,1500 Hours,District 6 (East Central),BETTENDORF,SCOTT,,CENTRAL AVE & DEVILS GLEN RD,Collision with:  Vehicle in traffic,On Roadway,Broadside (front to side),FTYROW:  Making left turn,None Indicated,,Daylight,Dry,Cloudy,None apparent,Intersection:  T-intersection,Paved,,Possible/Unknown,0,1,0,0,1,0,11500,3,3,,POINT (-90.482696734395 41.531669376192)
2014789107,W14-021175,02/28/2014,02-February,6-Friday,00:00,0000 Hours,District 2 (Northeast),WATERLOO,BLACK HAWK,,,Unknown,On Roadway,Unknown,Illegally Parked/Unattended,None Indicated,,Dark - roadway not lighted,Snow,Snow,"Surface condition (e.g., wet, icy)",Non-intersection:  Alley,,,Property Damage Only,0,0,0,0,0,0,1700,2,1,,POINT (-96.643700149993 40.233091251414)
2014789920,14001680,02/28/2014,02-February,6-Friday,08:40,0800 Hours,District 6 (East Central),,BUCHANAN,,245TH ST,Non-collision events:  Overturn/rollover,On Roadway,Non-collision (single vehicle),Ran off road - straight,None Indicated,,Daylight,Ice/frost,Clear,"Surface condition (e.g., wet, icy)",Non-intersection:  Non-junction/no special feature,Unpaved,,Property Damage Only,0,0,0,0,0,0,5000,1,1,,POINT (-91.909180251058 42.436198290082)
2014789008,14-5975,02/28/2014,02-February,6-Friday,14:05,1400 Hours,District 3 (Northwest),SIOUX CITY,WOODBURY,IA 12,IA 12/GORDON DR,Collision with:  Vehicle in traffic,On Roadway,Broadside (front to side),FTYROW:  From stop sign,None Indicated,,Daylight,Dry,Cloudy,None apparent,Intersection:  Four-way intersection,Paved,,Possible/Unknown,0,1,0,0,1,0,4000,2,2,,POINT (-96.364142691113 42.487680999592)
2014788806,14-000986,02/28/2014,02-February,6-Friday,22:49,2200 Hours,District 1 (Central),ANKENY,POLK,US 69,US 69/S ANKENY BLVD/N ANKENY BLVD & W 1ST ST & E 1ST ST,Collision with:  Vehicle in traffic,On Roadway,Head-on (front to front),FTYROW:  Making left turn,None Indicated,,Dark - roadway lighted,Snow,Snow,"Surface condition (e.g., wet, icy)",Intersection:  Four-way intersection,Paved,,Property Damage Only,0,0,0,0,0,0,3000,2,3,,POINT (-93.600375962325 41.731870994936)
2014789258,14-3813,02/28/2014,02-February,6-Friday,15:30,1500 Hours,District 6 (East Central),BETTENDORF,SCOTT,,SPRUCE HILLS DR & WOODLAND LN,Collision with:  Vehicle in traffic,On Roadway,Broadside (front to side),Ran Stop Sign,None Indicated,,Daylight,Dry,Clear,None apparent,Intersection:  T-intersection,Paved,,Property Damage Only,0,0,0,0,0,0,4000,2,6,,POINT (-90.512630455603 41.553107780171)
2014788953,2014-12396,02/28/2014,02-February,6-Friday,09:01,0900 Hours,District 6 (East Central),DAVENPORT,SCOTT,,W LOMBARD ST & CLARK ST,Collision with:  Vehicle in traffic,On Roadway,"Sideswipe, same direction",Unknown,None Indicated,,Daylight,Dry,Clear,None apparent,Intersection:  Four-way intersection,Paved,,Property Damage Only,0,0,0,0,0,0,7024,2,2,,POINT (-90.6225715398 41.541826036814)
2014788916,14-007959,02/28/2014,02-February,6-Friday,17:14,1700 Hours,District 4 (Southwest),COUNCIL BLUFFS,POTTAWATTAMIE,IA 192,IA 192/S EXPRESSWAY,Collision with:  Vehicle in traffic,On Roadway,Rear-end (front to rear),Driver Distraction:  Passenger,None Indicated,,Daylight,Dry,Cloudy,None apparent,Non-intersection:  Non-junction/no special feature,Paved,,Minor Injury,0,2,0,2,0,0,7000,2,4,,POINT (-95.851326603151 41.233983918502)
2014790525,,02/28/2014,02-February,6-Friday,18:05,1800 Hours,District 2 (Northeast),HUMBOLDT,HUMBOLDT,,5TH AVE N & 8TH ST N,Collision with:  Vehicle in traffic,On Roadway,Broadside (front to side),Driving too fast for conditions,None Indicated,,Dusk,Snow,Snow,"Surface condition (e.g., wet, icy)",Intersection:  Four-way intersection,Paved,,Property Damage Only,0,0,0,0,0,0,4500,2,3,,POINT (-94.219445758045 42.726709650467)
2014789256,2014-4043,02/28/2014,02-February,6-Friday,21:46,2100 Hours,District 6 (East Central),,SCOTT,,Co Rd F33/BLUFF RD,Collision with:  Animal,,,Animal,None Indicated,,,,,,,Paved,,Property Damage Only,0,0,0,0,0,0,2000,1,1,,POINT (-90.428602923377 41.713774584672)
2014788749,SO1400663,02/28/2014,02-February,6-Friday,19:18,1900 Hours,District 5 (Southeast),,JEFFERSON,,Co Rd V64/HEMLOCK AVE,Collision with:  Animal,,,Animal,None Indicated,,,,,,,Paved,,Property Damage Only,0,0,0,0,0,0,1500,1,1,,POINT (-92.044663215856 41.003139000277)
2014788971,14-000979,02/28/2014,02-February,6-Friday,08:03,0800 Hours,District 1 (Central),AMES,STORY,US 69,US 69/GRAND AVE & 9TH ST,Collision with:  Vehicle in traffic,On Roadway,"Angle, oncoming left turn",FTYROW:  Making left turn,None Indicated,,Daylight,Dry,Clear,None apparent,Intersection:  Four-way intersection,Paved,,Property Damage Only,0,0,0,0,0,0,2000,2,3,,POINT (-93.620281155223 42.030223486794)
2014789481,14030011,03/01/2014,03-March,7-Saturday,18:53,1800 Hours,District 5 (Southeast),,WAPELLO,US 34,US 34,Collision with:  Vehicle in traffic,On Roadway,"Sideswipe, same direction",Crossed centerline (undivided),None Indicated,,Dark - roadway not lighted,Snow,Snow,"Surface condition (e.g., wet, icy)",Non-intersection:  Non-junction/no special feature,Paved,,Property Damage Only,0,0,0,0,0,0,3000,2,3,,POINT (-92.348712114224 41.000573757221)
2014789034,2014014515,03/01/2014,03-March,7-Saturday,04:30,0400 Hours,District 2 (Northeast),,CERRO GORDO,I-35,I-35,Collision with fixed object:  Ditch,On Roadway,Non-collision (single vehicle),Ran off road - right,None Indicated,,Dark - roadway not lighted,Ice/frost,"Blowing sand, soil, dirt","Surface condition (e.g., wet, icy)",Intersection:  Intersection with ramp,Paved,,Property Damage Only,0,0,0,0,0,0,1600,1,1,,POINT (-93.350768682643 42.940849992013)
2014788869,20140005590,03/01/2014,03-March,7-Saturday,13:44,1300 Hours,District 1 (Central),DES MOINES,POLK,US 69,US 69/SE 14TH ST & E PARK AVE,Collision with:  Vehicle in traffic,On Roadway,Rear-end (front to rear),Unknown,None Indicated,,Daylight,Snow,Snow,None apparent,Intersection:  Four-way intersection,Paved,,Property Damage Only,0,0,0,0,0,0,4000,2,2,,POINT (-93.596832563054 41.555312885367)
2014788819,20140005633,03/01/2014,03-March,7-Saturday,21:06,2100 Hours,District 1 (Central),DES MOINES,POLK,US 6,US 6/DOUGLAS AVE/EUCLID AVE & MLK JR PKWY,Collision with:  Vehicle in traffic,On Roadway,"Sideswipe, opposite direction",Driving too fast for conditions,None Indicated,,Dark - roadway lighted,Snow,Snow,None apparent,Intersection:  Four-way intersection,Paved,,Property Damage Only,0,0,0,0,0,0,1550,2,3,,POINT (-93.651426123348 41.627732011638)
2014788797,14-000998,03/01/2014,03-March,7-Saturday,15:05,1500 Hours,District 1 (Central),ANKENY,POLK,,SE SHURFINE DR & SE OAK DR,Non-collision events:  Other non-collision (explain in narrative),On Roadway,Non-collision (single vehicle),Swerving/Evasive Action,None Indicated,,Daylight,Snow,Snow,None apparent,Non-intersection:  Non-junction/no special feature,Paved,,Property Damage Only,0,0,0,0,0,0,1500,1,1,,POINT (-93.597798306827 41.711933822454)
2014790109,2014-12684,03/01/2014,03-March,7-Saturday,19:40,1900 Hours,District 6 (East Central),DAVENPORT,SCOTT,I-74,I-74 & E 53RD ST,Collision with:  Vehicle in traffic,On Roadway,Rear-end (front to rear),Followed too close,None Indicated,,Dark - roadway lighted,Snow,Snow,None apparent,Non-intersection:  Non-junction/no special feature,Paved,,Property Damage Only,0,0,0,0,0,0,2000,2,3,,POINT (-90.520251225371 41.574860648392)
2014790537,,03/01/2014,03-March,7-Saturday,16:41,1600 Hours,District 6 (East Central),DE WITT,CLINTON,,11TH ST & 3RD AVE,Collision with:  Parked motor vehicle,On Roadway,Rear-end (front to rear),FTYROW:  From stop sign,None Indicated,,Daylight,Snow,Snow,None apparent,Intersection:  Four-way intersection,Paved,,Property Damage Only,0,0,0,0,0,0,4500,3,3,,POINT (-90.534516213301 41.82628654423)
2014788890,14-0451,03/01/2014,03-March,7-Saturday,14:20,1400 Hours,District 1 (Central),URBANDALE,POLK,,DOUGLAS PKWY & 128TH ST,Collision with:  Vehicle in traffic,On Roadway,Rear-end (front to rear),Driving too fast for conditions,None Indicated,,Daylight,Snow,Snow,None apparent,Non-intersection:  Non-junction/no special feature,Paved,,Possible/Unknown,0,1,0,0,1,0,3000,2,2,,POINT (-93.793646681421 41.628594465744)
2014788944,2014-12626,03/01/2014,03-March,7-Saturday,12:52,1200 Hours,District 6 (East Central),DAVENPORT,SCOTT,,E LOCUST ST & FOREST RD,Collision with:  Vehicle in traffic,On Roadway,Rear-end (front to rear),Lost Control,None Indicated,,Daylight,Wet,Cloudy,None apparent,Intersection:  T-intersection,Paved,,Possible/Unknown,0,2,0,0,2,0,9500,2,5,,POINT (-90.534612776714 41.538468791199)
2014788821,20140005571,03/01/2014,03-March,7-Saturday,04:39,0400 Hours,District 1 (Central),DES MOINES,POLK,,E DOUGLAS AVE,Collision with fixed object:  Utility pole/light support,On Roadway,Non-collision (single vehicle),Ran off road - right,None Indicated,,Dark - roadway lighted,Snow,Clear,Unknown,Non-intersection:  Non-junction/no special feature,Paved,,Property Damage Only,0,0,0,0,0,0,15100,1,1,,POINT (-93.562100964258 41.629518554065)
2014788709,01-14-8596,03/01/2014,03-March,7-Saturday,12:16,1200 Hours,District 6 (East Central),DUBUQUE,DUBUQUE,,LORAS BLVD & GRANDVIEW AVE N,Collision with:  Vehicle in traffic,On Roadway,Broadside (front to side),Ran Traffic Signal,None Indicated,,Daylight,Snow,Snow,"Surface condition (e.g., wet, icy)",Intersection:  Four-way intersection,Paved,,Property Damage Only,0,0,0,0,0,0,8000,3,3,,POINT (-90.688702088615 42.50032682115)
2014792324,2014-001204,03/01/2014,03-March,7-Saturday,05:00,0500 Hours,District 6 (East Central),,BENTON,IA 150,IA 150/IOWA 150,Non-collision events:  Overturn/rollover,On Roadway,Non-collision (single vehicle),Driving too fast for conditions,None Indicated,,Dark - roadway not lighted,Ice/frost,"Blowing sand, soil, dirt","Surface condition (e.g., wet, icy)",Non-intersection:  Other non-intersection (explain in narrative),Paved,,Possible/Unknown,0,1,0,0,1,0,7000,1,2,,POINT (-91.891382141528 42.227430896974)
2014788648,W14-020469,03/01/2014,03-March,7-Saturday,14:21,1400 Hours,District 2 (Northeast),WATERLOO,BLACK HAWK,US 63,US 63/E MULLAN AVE & CONGER ST & NEWELL ST,Collision with:  Vehicle in traffic,On Roadway,Rear-end (front to rear),Unknown,None Indicated,,Daylight,Snow,Snow,None apparent,Intersection:  Four-way intersection,Paved,,Property Damage Only,0,0,0,0,0,0,3000,2,3,,POINT (-92.336681842948 42.513119436677)
2014789396,20140728,03/01/2014,03-March,7-Saturday,14:20,1400 Hours,District 1 (Central),REINBECK,GRUNDY,,3RD ST & CHESTNUT ST,Collision with:  Vehicle in traffic,On Roadway,Broadside (front to side),FTYROW:  At uncontrolled intersection,None Indicated,,Daylight,Snow,Snow,"Surface condition (e.g., wet, icy)",Intersection:  Four-way intersection,Paved,,Minor Injury,0,1,0,1,0,0,6000,2,2,,POINT (-92.604120418937 42.323977761858)
2014789971,201400587,03/01/2014,03-March,7-Saturday,02:15,0200 Hours,District 6 (East Central),,LINN,,Co Rd E34/FEATHER RIDGE RD & Co Rd E36/BLAIRS FERRY RD,Collision with:  Vehicle in traffic,On Roadway,"Angle, oncoming left turn",Crossed centerline (undivided),None Indicated,,Dark - roadway lighted,Snow,Snow,None apparent,Intersection:  T-intersection,Paved,,Possible/Unknown,0,1,0,0,0,1,10000,2,2,,POINT (-91.742033959403 42.065939599532)
2014789017,14-6101,03/01/2014,03-March,7-Saturday,13:41,1300 Hours,District 3 (Northwest),SIOUX CITY,WOODBURY,,SUNNYBROOK DR,Collision with:  Vehicle in traffic,On Roadway,"Sideswipe, same direction",Driver Distraction:  Manual operation of an electronic communication device,None Indicated,,Daylight,Snow,Clear,None apparent,Non-intersection:  Non-junction/no special feature,Paved,,Property Damage Only,0,0,0,0,0,0,2400,2,3,,POINT (-96.332561958934 42.452235228279)
2014788852,20140005618,03/01/2014,03-March,7-Saturday,18:23,1800 Hours,District 1 (Central),DES MOINES,POLK,,STATE AVE & E 32ND ST,Collision with:  Vehicle in traffic,On Roadway,Broadside (front to side),Ran Stop Sign,None Indicated,,Dark - roadway lighted,Snow,Snow,"Surface condition (e.g., wet, icy)",Intersection:  Four-way intersection,Paved,,Possible/Unknown,0,1,0,0,1,0,5500,2,3,,POINT (-93.555293576107 41.601485135765)
2014788976,14-001013,03/01/2014,03-March,7-Saturday,14:40,1400 Hours,District 1 (Central),AMES,STORY,,HARCOURT DR & MEADOW PL,Collision with:  Parked motor vehicle,Outside trafficway,Rear-end (front to rear),Improper Backing,None Indicated,,Daylight,Snow,Snow,"Surface condition (e.g., wet, icy)",Non-intersection:  Driveway access (within),Paved,,Property Damage Only,0,0,0,0,0,0,2099,2,2,,POINT (-93.603599494138 41.992043393382)
2014788832,20140005606,03/01/2014,03-March,7-Saturday,16:15,1600 Hours,District 1 (Central),DES MOINES,POLK,I-235,I-235 & GUTHRIE AVE,Collision with fixed object:  Concrete traffic barrier (median or right side),On Roadway,Non-collision (single vehicle),Lost Control,None Indicated,,Daylight,Ice/frost,Snow,None apparent,Non-intersection:  Other non-intersection (explain in narrative),Paved,,Property Damage Only,0,0,0,0,0,0,2000,1,1,,POINT (-93.577470252177 41.615003820627)
2014791178,2014014576,03/01/2014,03-March,7-Saturday,12:57,1200 Hours,District 3 (Northwest),,MONONA,I-29,I-29 & 120TH ST,Collision with fixed object:  Bridge pier or support,Median,Non-collision (single vehicle),Driving too fast for conditions,None Indicated,,Daylight,Snow,Snow,"Surface condition (e.g., wet, icy)",Non-intersection:  Other non-intersection (explain in narrative),Paved,,Property Damage Only,0,0,0,0,0,0,38000,1,1,,POINT (-96.236520474116 42.185548583259)
2014788974,14-001009,03/01/2014,03-March,7-Saturday,12:20,1200 Hours,District 1 (Central),AMES,STORY,,UNIVERSITY BLVD & S 4TH ST,Collision with:  Vehicle in traffic,On Roadway,Broadside (front to side),Ran Traffic Signal,None Indicated,,Daylight,Snow,Snow,"Surface condition (e.g., wet, icy)",Intersection:  Four-way intersection,Paved,,Property Damage Only,0,0,0,0,0,0,5998,2,2,,POINT (-93.632320155271 42.01629667952)
2014789528,,03/01/2014,03-March,7-Saturday,22:09,2200 Hours,District 6 (East Central),DURANT,CEDAR,,6TH ST & 7TH AVE,Collision with:  Vehicle in traffic,On Roadway,Broadside (front to side),FTYROW:  At uncontrolled intersection,None Indicated,,Dark - roadway lighted,Snow,Snow,"Surface condition (e.g., wet, icy)",Intersection:  Four-way intersection,Paved,,Property Damage Only,0,0,0,0,0,0,9000,2,4,,POINT (-90.909924677844 41.601675449411)
2014788643,W14-020378,03/01/2014,03-March,7-Saturday,07:14,0700 Hours,District 2 (Northeast),WATERLOO,BLACK HAWK,IA 934,IA 934/UNIVERSITY AVE,Non-collision events:  Overturn/rollover,On Roadway,Non-collision (single vehicle),Driving too fast for conditions,None Indicated,,Daylight,Snow,Cloudy,None apparent,Non-intersection:  Non-junction/no special feature,Paved,,Property Damage Only,0,0,0,0,0,0,4450,1,1,,POINT (-92.380643477767 42.496569595386)
2014789366,14003164,03/01/2014,03-March,7-Saturday,16:55,1600 Hours,District 2 (Northeast),MASON CITY,CERRO GORDO,,7TH ST SW & S WASHINGTON AVE,Collision with:  Vehicle in traffic,On Roadway,Broadside (front to side),FTYROW:  From yield sign,None Indicated,,Daylight,Snow,Cloudy,None apparent,Intersection:  Four-way intersection,Paved,,Property Damage Only,0,0,0,0,0,0,3000,2,3,,POINT (-93.202344368763 43.144712991583)
2014788814,20140005585,03/01/2014,03-March,7-Saturday,12:57,1200 Hours,District 1 (Central),DES MOINES,POLK,US 6,US 6/HUBBELL AVE & E 44TH ST,Collision with:  Vehicle in traffic,Shoulder,Rear-end (front to rear),Exceeded authorized speed,None Indicated,,Daylight,Wet,Snow,None apparent,Intersection:  T-intersection,Paved,,Minor Injury,0,1,0,1,0,0,9500,2,2,,POINT (-93.526631323008 41.639099045103)
2014808034,2014014619,03/01/2014,03-March,7-Saturday,15:40,1500 Hours,District 2 (Northeast),WATERLOO,BLACK HAWK,US 20,US 20/NE RAMP,Non-collision events:  Other non-collision (explain in narrative),Median,Non-collision (single vehicle),Driving too fast for conditions,None Indicated,,Daylight,Snow,Snow,"Surface condition (e.g., wet, icy)",Non-intersection:  Non-junction/no special feature,Paved,,Property Damage Only,0,0,0,0,0,0,2500,1,1,,POINT (-92.341159935858 42.452968157683)
2014790343,2014014643,03/01/2014,03-March,7-Saturday,17:15,1700 Hours,District 1 (Central),,JASPER,I-80,I-80,Collision with fixed object:  Other fixed object (explain in narrative),Shoulder,Non-collision (single vehicle),Driving too fast for conditions,None Indicated,,Daylight,Ice/frost,Snow,"Surface condition (e.g., wet, icy)",Non-intersection:  Non-junction/no special feature,Paved,,Possible/Unknown,0,1,0,0,1,0,8500,1,1,,POINT (-93.193328016524 41.695798215272)
2014790780,14-001428,03/01/2014,03-March,7-Saturday,19:28,1900 Hours,District 4 (Southwest),PERRY,DALLAS,IA 141,IA 141/IOWA 141,Collision with:  Vehicle in traffic,On Roadway,"Sideswipe, same direction",Crossed centerline (undivided),None Indicated,,Dark - roadway lighted,Snow,Snow,"Surface condition (e.g., wet, icy)",Non-intersection:  Alley,Paved,,Property Damage Only,0,0,0,0,0,0,3000,2,5,,POINT (-94.104064137868 41.830398642753)
2014789288,2014-04010,03/01/2014,03-March,7-Saturday,16:30,1600 Hours,District 5 (Southeast),,WARREN,,Co Rd G76/HWY G76,Collision with fixed object:  Ditch,Roadside,Non-collision (single vehicle),Driving too fast for conditions,None Indicated,,Daylight,Snow,Clear,"Surface condition (e.g., wet, icy)",Non-intersection:  Non-junction/no special feature,Paved,,Property Damage Only,0,0,0,0,0,0,3000,1,1,,POINT (-93.423024855643 41.189482429204)
2014788668,14001740,03/01/2014,03-March,7-Saturday,12:29,1200 Hours,District 6 (East Central),,BUCHANAN,IA 150,IA 150/JAMESTOWN AVE,Non-collision events:  Overturn/rollover,On Roadway,Non-collision (single vehicle),Driving too fast for conditions,None Indicated,,Daylight,Snow,Snow,"Surface condition (e.g., wet, icy)",Non-intersection:  Non-junction/no special feature,Paved,,Possible/Unknown,0,1,0,0,1,0,7500,1,1,,POINT (-91.889257198216 42.353314877191)
2014791425,GP20140150,03/01/2014,03-March,7-Saturday,23:25,2300 Hours,District 1 (Central),GRINNELL,POWESHIEK,,MAIN ST,Collision with:  Parked motor vehicle,On Roadway,Unknown,Other (explain in narrative):  No improper action,None Indicated,,Dark - roadway lighted,Snow,Clear,"Surface condition (e.g., wet, icy)",Non-intersection:  Non-junction/no special feature,Paved,,Property Damage Only,0,0,0,0,0,0,1500,2,1,,POINT (-92.725779395487 41.744299010469)
2014788689,CL14000607,03/01/2014,03-March,7-Saturday,15:06,1500 Hours,District 6 (East Central),CLINTON,CLINTON,,S 6TH ST,Collision with:  Parked motor vehicle,On Roadway,"Sideswipe, opposite direction",Driving too fast for conditions,None Indicated,,Daylight,Snow,Snow,"Surface condition (e.g., wet, icy)",Non-intersection:  Non-junction/no special feature,Paved,,Property Damage Only,0,0,0,0,0,0,12000,3,2,,POINT (-90.198927004203 41.840489972266)
2014789690,AC14-015,03/01/2014,03-March,7-Saturday,13:45,1300 Hours,District 1 (Central),STORY CITY,STORY,,CEDAR ST,Collision with:  Vehicle in traffic,On Roadway,Rear-end (front to rear),Improper Backing,None Indicated,,Daylight,Snow,Cloudy,None apparent,Non-intersection:  Non-junction/no special feature,Paved,,Property Damage Only,0,0,0,0,0,0,3000,2,3,,POINT (-93.595544185193 42.183094883348)
2014792601,1401390,03/01/2014,03-March,7-Saturday,06:00,0600 Hours,District 5 (Southeast),WASHINGTON,WASHINGTON,IA 92,IA 92/W MADISON ST/E MADISON ST & S IOWA AVE,Collision with fixed object:  Traffic sign support,Roadside,Non-collision (single vehicle),Driving too fast for conditions,None Indicated,,Dark - roadway lighted,Snow,Cloudy,None apparent,Intersection:  Four-way intersection,Paved,,Property Damage Only,0,0,0,0,0,0,4000,1,2,,POINT (-91.691781344339 41.296450174517)
2014791303,2014014629,03/01/2014,03-March,7-Saturday,16:51,1600 Hours,District 1 (Central),,POLK,I-80,I-80,Collision with fixed object:  Utility pole/light support,On Roadway,Non-collision (single vehicle),Driving too fast for conditions,None Indicated,,Daylight,Snow,Snow,"Surface condition (e.g., wet, icy)",Interchange-related:  On-ramp merge area,Paved,,Minor Injury,0,1,0,1,0,0,7758,1,3,,POINT (-93.532146271003 41.65852013556)
2014788903,14-1060,03/01/2014,03-March,7-Saturday,22:15,2200 Hours,District 1 (Central),WEST DES MOINES,POLK,I-35,I-35 & UNIVERSITY AVE,Collision with:  Vehicle in traffic,On Roadway,Broadside (front to side),Driving too fast for conditions,None Indicated,,Dark - roadway lighted,Snow,Cloudy,"Surface condition (e.g., wet, icy)",Intersection:  Four-way intersection,Paved,,Property Damage Only,0,0,0,0,0,0,4000,2,2,,POINT (-93.77490589133 41.600439799829)
2014789049,2014014497,03/01/2014,03-March,7-Saturday,23:45,2300 Hours,District 6 (East Central),,CEDAR,I-80,I-80,Non-collision events:  Overturn/rollover,On Roadway,Non-collision (single vehicle),Driving too fast for conditions,None Indicated,,Dark - roadway not lighted,Snow,Snow,"Surface condition (e.g., wet, icy)",Non-intersection:  Non-junction/no special feature,Paved,,Property Damage Only,0,0,0,0,0,0,8000,1,1,,POINT (-91.159130560725 41.646260507174)
2014789834,14-0110,03/01/2014,03-March,7-Saturday,11:20,1100 Hours,District 1 (Central),OTHO,WEBSTER,,MINING BLVD,Non-collision events:  Overturn/rollover,On Roadway,Non-collision (single vehicle),Driving too fast for conditions,None Indicated,,Daylight,Snow,Snow,"Surface condition (e.g., wet, icy)",Non-intersection:  Non-junction/no special feature,Unpaved,,Property Damage Only,0,0,0,0,0,0,5000,1,1,,POINT (-94.150279330134 42.435941192677)
2014788830,20140005556,03/01/2014,03-March,7-Saturday,00:16,0000 Hours,District 1 (Central),DES MOINES,POLK,US 6,US 6/DOUGLAS AVE,Collision with:  Vehicle in traffic,On Roadway,Rear-end (front to rear),Driving too fast for conditions,Alcohol (Statutory),,Dark - roadway lighted,Slush,Cloudy,None apparent,Non-intersection:  Non-junction/no special feature,Paved,,Property Damage Only,0,0,0,0,0,0,1500,2,2,,POINT (-93.684037735916 41.629461106127)
2014792360,14029402,03/01/2014,03-March,7-Saturday,01:23,0100 Hours,District 6 (East Central),,JOHNSON,I-380,I-380,Collision with fixed object:  Other fixed object (explain in narrative),On Roadway,Non-collision (single vehicle),Lost Control,None Indicated,,Dark - roadway not lighted,Ice/frost,Snow,"Surface condition (e.g., wet, icy)",Non-intersection:  Non-junction/no special feature,Paved,,Property Damage Only,0,0,0,0,0,0,4250,1,1,,POINT (-91.66833664228 41.855185252316)
2014790672,140301PM01,03/01/2014,03-March,7-Saturday,17:05,1700 Hours,District 3 (Northwest),ALTON,SIOUX,IA 60,IA 60/IOWA 60,Collision with fixed object:  Guardrail - face,On Roadway,Non-collision (single vehicle),Driving too fast for conditions,None Indicated,,Dusk,Snow,Snow,"Surface condition (e.g., wet, icy)",Non-intersection:  Non-junction/no special feature,Paved,,Property Damage Only,0,0,0,0,0,0,18568,1,1,,POINT (-96.006494889108 42.975977842459)
2014789860,,03/01/2014,03-March,7-Saturday,21:46,2100 Hours,District 5 (Southeast),,LUCAS,,Co Rd H34/475TH LN,,On Roadway,Non-collision (single vehicle),Ran off road - right,None Indicated,,Dark - roadway not lighted,Snow,Snow,"Surface condition (e.g., wet, icy)",Non-intersection:  Non-junction/no special feature,Paved,,Property Damage Only,0,0,0,0,0,0,3000,1,1,,POINT (-93.285260100381 41.005033404989)
2014807884,CP14-0187,03/01/2014,03-March,7-Saturday,08:00,0800 Hours,District 2 (Northeast),CLARION,WRIGHT,,Co Rd R38/MADISON AVE & 14TH AVE SW,Collision with:  Vehicle in traffic,On Roadway,Broadside (front to side),Over correcting/over steering,None Indicated,,Daylight,Snow,Cloudy,None apparent,Intersection:  T-intersection,Paved,,Property Damage Only,0,0,0,0,0,0,3500,2,2,,POINT (-93.735323839044 42.719584465089)