Iowa DOT Case Number,Law Enforcement Case Number,Date of Crash,Month of Crash,Day of Week,Time of Crash,Hour,DOT District,City Name,County Name,Route with System,Location Description,First Harmful Event,Location of First Harmful Event,Manner of Crash/Collision,Major Cause,Drug or Alcohol ,Environmental Conditions,Light Conditions,Surface Conditions,Weather Conditions,Roadway Contribution,Roadway Type,Roadway Surface,Work Zone,Crash Severity,Number of Fatalities,Number of Injuries,Number of Major Injuries,Number of Minor Injuries,Number of Possible Injuries,Number of Unknown Injuries,Amount of Property Damage,Number of Vehicles Involved,Total Number of Occupants,Travel Direction,Location
2014789020,14-6114,03/01/2014,03-March,7-Saturday,15:49,1500 Hours,District 3 (Northwest),SIOUX CITY,WOODBURY,,S RUSTIN ST,Collision with:  Non-motorist (see non-motorist section - NOT a unit),On Roadway,Non-collision (single vehicle),Unknown,None Indicated,,Daylight,Snow,Snow,"Surface condition (e.g., wet, icy)",Non-intersection:  Non-junction/no special feature,Paved,,Possible/Unknown,0,1,0,0,1,0,0,1,1,,POINT (-96.371816412906 42.463179034952)
2014788718,01-14-8663,03/01/2014,03-March,7-Saturday,21:14,2100 Hours,District 6 (East Central),DUBUQUE,DUBUQUE,,UNIVERSITY AVE & AIR HILL ST,Collision with fixed object:  Utility pole/light support,On Roadway,Non-collision (single vehicle),Lost Control,None Indicated,,Dark - roadway lighted,Snow,Snow,None apparent,Non-intersection:  Non-junction/no special feature,Paved,,Property Damage Only,0,0,0,0,0,0,4100,1,2,,POINT (-90.674115622908 42.500193662083)
2014789018,14-6105,03/01/2014,03-March,7-Saturday,15:08,1500 Hours,District 3 (Northwest),SIOUX CITY,WOODBURY,I-29,I-29,Collision with fixed object:  Concrete traffic barrier (median or right side),On Roadway,Non-collision (single vehicle),Ran off road - left,None Indicated,,Daylight,Snow,Snow,"Surface condition (e.g., wet, icy)",Non-intersection:  Non-junction/no special feature,Paved,,Property Damage Only,0,0,0,0,0,0,4000,1,1,,POINT (-96.40240727665 42.488837287649)
2014790203,14-001694,03/01/2014,03-March,7-Saturday,14:05,1400 Hours,District 6 (East Central),,DELAWARE,US 20,US 20,Collision with fixed object:  Ditch,Shoulder,Non-collision (single vehicle),Ran off road - right,None Indicated,,Daylight,Snow,Snow,"Surface condition (e.g., wet, icy)",Non-intersection:  Non-junction/no special feature,Paved,,Property Damage Only,0,0,0,0,0,0,4000,1,1,,POINT (-91.437104171452 42.470934270202)
2014789203,2014001826,03/01/2014,03-March,7-Saturday,11:10,1100 Hours,District 1 (Central),MARSHALLTOWN,MARSHALL,,E MAIN ST,Collision with:  Vehicle in traffic,On Roadway,Rear-end (front to rear),Other (explain in narrative):  No improper action,None Indicated,,Daylight,Snow,Snow,"Surface condition (e.g., wet, icy)",Non-intersection:  Non-junction/no special feature,Paved,,Property Damage Only,0,0,0,0,0,0,2500,2,3,,POINT (-92.901684279263 42.049195108774)
2014789172,14029482,03/01/2014,03-March,7-Saturday,21:35,2100 Hours,District 6 (East Central),CORALVILLE,JOHNSON,I-380,I-380,Non-collision events:  Overturn/rollover,On Roadway,Non-collision (single vehicle),Driving too fast for conditions,None Indicated,,Dark - roadway not lighted,Snow,Snow,"Surface condition (e.g., wet, icy)",Non-intersection:  Non-junction/no special feature,Paved,,Property Damage Only,0,0,0,0,0,0,50000,1,2,,POINT (-91.642092224733 41.704339496099)
2014791518,CL14000601,03/01/2014,03-March,7-Saturday,10:50,1000 Hours,District 6 (East Central),CLINTON,CLINTON,US 67,US 67/S 2ND ST & 2ND AVE S,Collision with:  Vehicle in traffic,On Roadway,"Sideswipe, same direction",Other (explain in narrative):  Other,None Indicated,,Daylight,Dry,Clear,None apparent,Non-intersection:  Non-junction/no special feature,Paved,,Property Damage Only,0,0,0,0,0,0,1500,2,5,,POINT (-90.188272730508 41.844525171305)
2014788988,14-0111,03/01/2014,03-March,7-Saturday,12:00,1200 Hours,District 1 (Central),DUNCOMBE,WEBSTER,,BRUSHY CREEK ST REC AREA,Collision with:  Vehicle in traffic,On Roadway,"Sideswipe, opposite direction",Crossed centerline (undivided),None Indicated,,Daylight,Ice/frost,"Blowing sand, soil, dirt",None apparent,Non-intersection:  Non-junction/no special feature,Unpaved,,Property Damage Only,0,0,0,0,0,0,6000,2,2,,POINT (-93.992088010406 42.419416873385)
2014790345,2014014679,03/01/2014,03-March,7-Saturday,20:45,2000 Hours,District 1 (Central),ANKENY,POLK,I-35,I-35,Non-collision events:  Other non-collision (explain in narrative),On Roadway,Non-collision (single vehicle),Swerving/Evasive Action,None Indicated,,Dark - roadway not lighted,Ice/frost,Snow,"Surface condition (e.g., wet, icy)",Non-intersection:  Non-junction/no special feature,Paved,,Property Damage Only,0,0,0,0,0,0,6500,1,1,,POINT (-93.576963648193 41.72907265741)
2014788708,01-14-8558,03/01/2014,03-March,7-Saturday,00:17,0000 Hours,District 6 (East Central),DUBUQUE,DUBUQUE,,UNIVERSITY AVE,Collision with:  Vehicle in traffic,On Roadway,"Sideswipe, opposite direction",Crossed centerline (undivided),Alcohol (Statutory),,Dark - roadway not lighted,Snow,Snow,"Surface condition (e.g., wet, icy)",Non-intersection:  Non-junction/no special feature,Paved,,Property Damage Only,0,0,0,0,0,0,6500,2,2,,POINT (-90.674958364254 42.50011171385)
2014792732,14-2181,03/01/2014,03-March,7-Saturday,11:36,1100 Hours,District 3 (Northwest),,IDA,US 59,US 59,Collision with:  Vehicle in traffic,On Roadway,Rear-end (front to rear),Other (explain in narrative):  Vision obstructed,None Indicated,,Daylight,Snow,"Blowing sand, soil, dirt","Surface condition (e.g., wet, icy)",Non-intersection:  Non-junction/no special feature,Paved,,Minor Injury,0,2,0,1,1,0,8500,2,4,,POINT (-95.517134671824 42.432988301966)
2014789134,141475,03/01/2014,03-March,7-Saturday,00:01,0000 Hours,District 4 (Southwest),,DALLAS,,Co Rd R22/UTE AVE & 340TH TRL,Non-collision events:  Other non-collision (explain in narrative),On Roadway,Non-collision (single vehicle),Driving too fast for conditions,None Indicated,,Dark - roadway not lighted,Ice/frost,Snow,"Surface condition (e.g., wet, icy)",Non-intersection:  Non-junction/no special feature,Paved,,Property Damage Only,0,0,0,0,0,0,3000,1,1,,POINT (-93.885233241778 41.546942016324)
2014788685,CL14000608,03/01/2014,03-March,7-Saturday,16:27,1600 Hours,District 6 (East Central),CLINTON,CLINTON,,N 3RD ST,Collision with:  Vehicle in traffic,On Roadway,"Sideswipe, same direction",Other (explain in narrative):  Other,None Indicated,,Daylight,Snow,Snow,None apparent,Non-intersection:  Non-junction/no special feature,Paved,,Property Damage Only,0,0,0,0,0,0,3500,2,2,,POINT (-90.189820121906 41.850993141957)
2014789365,14003153,03/01/2014,03-March,7-Saturday,12:29,1200 Hours,District 2 (Northeast),MASON CITY,CERRO GORDO,IA 122,IA 122/4TH ST SE & S KENTUCKY AVE,Collision with:  Vehicle in traffic,On Roadway,Broadside (front to side),Ran Traffic Signal,None Indicated,,Daylight,Snow,Snow,"Surface condition (e.g., wet, icy)",Intersection:  Four-way intersection,Paved,,Property Damage Only,0,0,0,0,0,0,5000,2,5,,POINT (-93.181067230091 43.148089441232)
2014789114,201400842,03/01/2014,03-March,7-Saturday,20:27,2000 Hours,District 1 (Central),BOONE,BOONE,,MAMIE EISENHOWER AVE & S BENTON ST,Collision with:  Vehicle in traffic,On Roadway,Rear-end (front to rear),Driving too fast for conditions,None Indicated,,Dark - roadway lighted,Ice/frost,"Blowing sand, soil, dirt","Surface condition (e.g., wet, icy)",Intersection:  Four-way intersection,Paved,,Property Damage Only,0,0,0,0,0,0,5100,2,2,,POINT (-93.874963735878 42.059645949772)
2014789003,14-0587,03/01/2014,03-March,7-Saturday,09:30,0900 Hours,District 1 (Central),FORT DODGE,WEBSTER,,S 25TH ST,Collision with:  Vehicle in traffic,On Roadway,"Sideswipe, same direction",Other (explain in narrative):  No improper action,None Indicated,,Daylight,Snow,Snow,"Surface condition (e.g., wet, icy)",Non-intersection:  Non-junction/no special feature,Paved,,Property Damage Only,0,0,0,0,0,0,2000,2,2,,POINT (-94.163125833606 42.502715344891)
2014788910,14-0210,03/01/2014,03-March,7-Saturday,20:52,2000 Hours,District 1 (Central),PLEASANT HILL,POLK,US 65,US 65 & IA 163/E UNIVERSITY AVE,Collision with:  Vehicle in traffic,On Roadway,Broadside (front to side),Ran Traffic Signal,None Indicated,,Dark - roadway lighted,Snow,Snow,"Surface condition (e.g., wet, icy)",Intersection:  Four-way intersection,Paved,,Minor Injury,0,1,0,1,0,0,5500,2,4,,POINT (-93.497624375959 41.598776823468)
2014789538,14-20426,03/01/2014,03-March,7-Saturday,11:15,1100 Hours,District 2 (Northeast),EVANSDALE,BLACK HAWK,I-380,I-380,Collision with:  Parked motor vehicle,On Roadway,Rear-end (front to rear),Swerving/Evasive Action,None Indicated,,Daylight,Snow,Snow,"Surface condition (e.g., wet, icy)",Non-intersection:  Non-junction/no special feature,Paved,,Property Damage Only,0,0,0,0,0,0,18000,2,1,,POINT (-92.278856951466 42.460455241737)
2014789291,S14-2041,03/01/2014,03-March,7-Saturday,09:41,0900 Hours,District 3 (Northwest),,WOODBURY,US 20,US 20/NW RAMP & US 75,Collision with fixed object:  Curb/island/raised median,On Roadway,Non-collision (single vehicle),Driving too fast for conditions,None Indicated,,Daylight,Snow,Snow,"Surface condition (e.g., wet, icy)",Interchange-related:  On-ramp merge area,Paved,,Property Damage Only,0,0,0,0,0,0,5200,1,1,,POINT (-96.323782633853 42.48047664988)
2014788710,01-14-8598,03/01/2014,03-March,7-Saturday,12:26,1200 Hours,District 6 (East Central),DUBUQUE,DUBUQUE,,MANSON RD,Collision with:  Vehicle in traffic,On Roadway,Rear-end (front to rear),Lost Control,None Indicated,,Daylight,Snow,Snow,"Surface condition (e.g., wet, icy)",Non-intersection:  Non-junction/no special feature,Paved,,Property Damage Only,0,0,0,0,0,0,3800,2,3,,POINT (-90.681379506454 42.46960602508)
2014789050,2014014509,03/01/2014,03-March,7-Saturday,01:49,0100 Hours,District 5 (Southeast),,WASHINGTON,IA 1,IA 1,Collision with fixed object:  Ditch,Roadside,Non-collision (single vehicle),Exceeded authorized speed,Refused,,Dark - roadway not lighted,Snow,Cloudy,None apparent,Non-intersection:  Non-junction/no special feature,Paved,,Minor Injury,0,1,0,1,0,0,30250,1,1,,POINT (-91.942403734014 41.177575564719)
2014790108,2014-12663,03/01/2014,03-March,7-Saturday,17:10,1700 Hours,District 6 (East Central),DAVENPORT,SCOTT,I-74,I-74 & E 53RD ST,Collision with fixed object:  Traffic sign support,On Roadway,Non-collision (single vehicle),Driving too fast for conditions,None Indicated,,Dusk,Snow,Snow,None apparent,Non-intersection:  Non-junction/no special feature,Paved,,Property Damage Only,0,0,0,0,0,0,1500,1,1,,POINT (-90.520251225371 41.574860648392)
2014789379,14001702,03/01/2014,03-March,7-Saturday,19:40,1900 Hours,District 6 (East Central),,DELAWARE,,Co Rd C64/150TH ST,Collision with fixed object:  Ditch,On Roadway,Non-collision (single vehicle),Driving too fast for conditions,None Indicated,,Dark - roadway not lighted,Ice/frost,Snow,"Surface condition (e.g., wet, icy)",Non-intersection:  Driveway access (within),Paved,,Possible/Unknown,0,1,0,0,1,0,2000,1,1,,POINT (-91.523695403039 42.571035888323)
2014788945,2014-12630,03/01/2014,03-March,7-Saturday,13:18,1300 Hours,District 6 (East Central),DAVENPORT,SCOTT,,E 53RD ST,Collision with:  Vehicle in traffic,On Roadway,"Sideswipe, same direction",Improper or erratic lane changing,None Indicated,,Daylight,Dry,Cloudy,None apparent,Non-intersection:  Non-junction/no special feature,Paved,,Property Damage Only,0,0,0,0,0,0,5000,2,2,,POINT (-90.531597375075 41.574861766919)
2014788655,W14-020552,03/01/2014,03-March,7-Saturday,19:30,1900 Hours,District 2 (Northeast),WATERLOO,BLACK HAWK,,E ORANGE RD,Collision with:  Vehicle in traffic,On Roadway,"Sideswipe, same direction",Followed too close,None Indicated,,Dark - roadway lighted,Snow,Snow,"Surface condition (e.g., wet, icy)",Non-intersection:  Non-junction/no special feature,Paved,,Property Damage Only,0,0,0,0,0,0,2800,2,2,,POINT (-92.340954028453 42.428524911)
2014788870,20140005617,03/01/2014,03-March,7-Saturday,17:37,1700 Hours,District 1 (Central),DES MOINES,POLK,,MLK JR PKWY,Collision with:  Vehicle in traffic,On Roadway,"Sideswipe, same direction",Improper or erratic lane changing,None Indicated,,Unknown,Snow,Snow,None apparent,Non-intersection:  Non-junction/no special feature,Paved,,Property Damage Only,0,0,0,0,0,0,2500,2,4,,POINT (-93.644805235961 41.580103121243)
2014789415,2014002329,03/01/2014,03-March,7-Saturday,17:28,1700 Hours,District 6 (East Central),IOWA CITY,JOHNSON,IA 1,IA 1/N DODGE ST & N DUBUQUE RD & N SCOTT BLVD,Collision with:  Vehicle in traffic,On Roadway,"Sideswipe, same direction",Unknown,None Indicated,,Dusk,Snow,Snow,"Surface condition (e.g., wet, icy)",Non-intersection:  Non-junction/no special feature,Paved,,Property Damage Only,0,0,0,0,0,0,1500,2,5,,POINT (-91.507977181796 41.681339116611)
2014789420,2014002341,03/01/2014,03-March,7-Saturday,22:30,2200 Hours,District 6 (East Central),IOWA CITY,JOHNSON,,N CLINTON ST,Collision with:  Vehicle in traffic,On Roadway,"Sideswipe, same direction",Other (explain in narrative):  Other,Alcohol (Statutory),,Dark - roadway lighted,Snow,Snow,None apparent,Non-intersection:  Non-junction/no special feature,Paved,,Property Damage Only,0,0,0,0,0,0,3500,2,5,,POINT (-91.534557801968 41.665252714658)
2014789699,,03/01/2014,03-March,7-Saturday,17:00,1700 Hours,District 4 (Southwest),DUNLAP,HARRISON,,EAGLE ST & 6TH ST,Collision with fixed object:  Curb/island/raised median,On Roadway,Non-collision (single vehicle),Driving too fast for conditions,None Indicated,,Daylight,Snow,Snow,"Surface condition (e.g., wet, icy)",Intersection:  Other intersection (explain in narrative),Paved,,Property Damage Only,0,0,0,0,0,0,3000,1,1,,POINT (-95.601775021329 41.85219633822)
2014788809,14-001003,03/01/2014,03-March,7-Saturday,18:24,1800 Hours,District 1 (Central),ANKENY,POLK,US 69,US 69/S ANKENY BLVD/N ANKENY BLVD & W 1ST ST & E 1ST ST,Collision with:  Vehicle in traffic,On Roadway,"Angle, oncoming left turn",Ran Traffic Signal,None Indicated,,Dark - roadway lighted,Snow,Snow,"Surface condition (e.g., wet, icy)",Intersection:  Four-way intersection,Paved,,Property Damage Only,0,0,0,0,0,0,7000,3,5,,POINT (-93.600375962325 41.731870994936)
2014788653,W14-020538,03/01/2014,03-March,7-Saturday,18:26,1800 Hours,District 2 (Northeast),WATERLOO,BLACK HAWK,US 218,US 218/SW RAMP/SPECIAL CASE & FLETCHER AVE,Collision with:  Vehicle in traffic,On Roadway,Rear-end (front to rear),Driving too fast for conditions,None Indicated,,Dark - roadway lighted,Snow,Snow,"Surface condition (e.g., wet, icy)",Intersection:  Intersection with ramp,Paved,,Property Damage Only,0,0,0,0,0,0,2000,2,6,,POINT (-92.367003036105 42.502420904227)
2014812303,2014-1897,03/01/2014,03-March,7-Saturday,19:21,1900 Hours,District 6 (East Central),ELDRIDGE,SCOTT,,SLOPERTOWN RD,Collision with:  Animal,,,Animal,None Indicated,,,,,,,Paved,,Property Damage Only,0,0,0,0,0,0,2000,1,1,,POINT (-90.619746902418 41.6207085634)
2014789307,,03/01/2014,03-March,7-Saturday,00:43,0000 Hours,District 5 (Southeast),,DECATUR,US 69,US 69,Collision with fixed object:  Tree,On Roadway,Non-collision (single vehicle),Swerving/Evasive Action,Alcohol (Statutory),,Dark - roadway not lighted,Snow,Snow,"Surface condition (e.g., wet, icy)",Non-intersection:  Non-junction/no special feature,Paved,,Property Damage Only,0,0,0,0,0,0,6000,1,1,,POINT (-93.843414244613 40.624362881837)
2014788947,2014-12697,03/01/2014,03-March,7-Saturday,21:52,2100 Hours,District 6 (East Central),DAVENPORT,SCOTT,,W 53RD ST & N DIVISION ST,Collision with:  Vehicle in traffic,On Roadway,Broadside (front to side),FTYROW:  Making left turn,None Indicated,,Dark - roadway lighted,Snow,"Blowing sand, soil, dirt","Surface condition (e.g., wet, icy)",Non-intersection:  Driveway access (within),Paved,,Property Damage Only,0,0,0,0,0,0,3000,2,3,,POINT (-90.600359539166 41.574507980853)
2014790346,2014014688,03/01/2014,03-March,7-Saturday,20:45,2000 Hours,District 6 (East Central),IOWA CITY,JOHNSON,,Co Rd F44/HOOVER HWY NE,Collision with:  Vehicle in traffic,On Roadway,"Sideswipe, same direction",Swerving/Evasive Action,None Indicated,,Dark - roadway not lighted,Snow,Snow,"Surface condition (e.g., wet, icy)",Non-intersection:  Non-junction/no special feature,Paved,,Property Damage Only,0,0,0,0,0,0,3500,2,3,,POINT (-91.4381335539 41.671052937763)
2014792258,2014-12546,03/01/2014,03-March,7-Saturday,00:19,0000 Hours,District 6 (East Central),DAVENPORT,SCOTT,US 6,US 6/E KIMBERLY RD & EASTERN AVE,Collision with:  Vehicle in traffic,On Roadway,Rear-end (front to rear),Other (explain in narrative):  Other,None Indicated,,Dark - roadway lighted,Dry,Clear,None apparent,Non-intersection:  Non-junction/no special feature,Paved,,Property Damage Only,0,0,0,0,0,0,7000,2,3,,POINT (-90.551394148392 41.55690335035)
2014788664,14-053,03/01/2014,03-March,7-Saturday,11:05,1100 Hours,District 2 (Northeast),WAVERLY,BREMER,IA 3,IA 3/BREMER AVE & IA 116/4TH ST SW & 4TH ST NW,Non-collision events:  Other non-collision (explain in narrative),On Roadway,Non-collision (single vehicle),Swerving/Evasive Action,None Indicated,,Daylight,Snow,Snow,"Surface condition (e.g., wet, icy)",Non-intersection:  Non-junction/no special feature,Paved,,Property Damage Only,0,0,0,0,0,0,4000,1,2,,POINT (-92.475681102397 42.725742830053)
2014788714,01-14-8636,03/01/2014,03-March,7-Saturday,17:24,1700 Hours,District 6 (East Central),DUBUQUE,DUBUQUE,,UNIVERSITY AVE & ALPINE ST,Collision with:  Vehicle in traffic,On Roadway,Broadside (front to side),Ran Stop Sign,None Indicated,,Dusk,Snow,Cloudy,None apparent,Intersection:  Four-way intersection,Paved,,Property Damage Only,0,0,0,0,0,0,6000,2,2,,POINT (-90.679770053215 42.499326768412)
2014789171,14029320,03/01/2014,03-March,7-Saturday,15:56,1500 Hours,District 6 (East Central),,JOHNSON,US 6,US 6,Collision with:  Vehicle in traffic,On Roadway,Head-on (front to front),Crossed centerline (undivided),None Indicated,,Daylight,Ice/frost,Snow,"Surface condition (e.g., wet, icy)",Non-intersection:  Non-junction/no special feature,Paved,,Major Injury,0,2,1,1,0,0,20000,2,3,,POINT (-91.387593100742 41.605712965047)
2014789376,14-001699,03/01/2014,03-March,7-Saturday,18:12,1800 Hours,District 6 (East Central),,DELAWARE,IA 3,IA 3/IOWA 3,Collision with fixed object:  Ditch,On Roadway,Non-collision (single vehicle),Lost Control,None Indicated,,Dark - roadway not lighted,Snow,Snow,"Surface condition (e.g., wet, icy)",Non-intersection:  Non-junction/no special feature,Paved,,Property Damage Only,0,0,0,0,0,0,2000,1,1,,POINT (-91.27803453469 42.634237371768)
2014789209,14-001312,03/01/2014,03-March,7-Saturday,13:50,1300 Hours,District 3 (Northwest),WHITING,MONONA,I-29,I-29,Collision with:  Vehicle in traffic,On Roadway,"Sideswipe, same direction",Crossed centerline (undivided),None Indicated,,Daylight,Snow,Snow,"Surface condition (e.g., wet, icy)",Non-intersection:  Non-junction/no special feature,Paved,,Property Damage Only,0,0,0,0,0,0,1500,2,2,,POINT (-96.220741356146 42.152845800546)
2014788681,1403018281,03/01/2014,03-March,7-Saturday,00:15,0000 Hours,District 6 (East Central),DE WITT,CLINTON,US 61,US 61,Collision with fixed object:  Bridge overhead structure,Shoulder,Non-collision (single vehicle),Ran off road - left,None Indicated,,Dark - roadway not lighted,Snow,Snow,"Surface condition (e.g., wet, icy)",Non-intersection:  Other non-intersection (explain in narrative),Paved,,Property Damage Only,0,0,0,0,0,0,1500,1,1,,POINT (-90.569083514274 41.836831292255)
2014790503,2014014623,03/01/2014,03-March,7-Saturday,16:08,1600 Hours,District 6 (East Central),TIFFIN,JOHNSON,US 6,US 6,Collision with:  Vehicle in traffic,On Roadway,"Sideswipe, opposite direction",Crossed centerline (undivided),None Indicated,,Daylight,Ice/frost,Snow,"Surface condition (e.g., wet, icy)",Non-intersection:  Non-junction/no special feature,Paved,,Property Damage Only,0,0,0,0,0,0,10000,2,5,,POINT (-91.650862976225 41.706208156131)
2014789661,2014-12587,03/01/2014,03-March,7-Saturday,05:02,0500 Hours,District 6 (East Central),DAVENPORT,SCOTT,,W 46TH ST & MARQUETTE ST,Collision with:  Vehicle in traffic,On Roadway,Broadside (front to side),Unknown,None Indicated,,Dark - roadway not lighted,Slush,Cloudy,Unknown,Intersection:  T-intersection,Paved,,Property Damage Only,0,0,0,0,0,0,2500,2,2,,POINT (-90.590949575264 41.56759233704)
2014789937,140535,03/01/2014,03-March,7-Saturday,12:57,1200 Hours,District 3 (Northwest),DENISON,CRAWFORD,US 30,US 30/4TH AVE S,Collision with:  Vehicle in traffic,On Roadway,Rear-end (front to rear),Followed too close,None Indicated,,Daylight,Snow,Snow,"Surface condition (e.g., wet, icy)",Non-intersection:  Non-junction/no special feature,Paved,,Property Damage Only,0,0,0,0,0,0,10000,2,2,,POINT (-95.350910728015 42.012339658535)
2014788786,14002504,03/01/2014,03-March,7-Saturday,20:10,2000 Hours,District 4 (Southwest),GLENWOOD,MILLS,,Co Rd L35/221ST ST,Collision with:  Vehicle in traffic,On Roadway,"Sideswipe, same direction",Other (explain in narrative):  Other,None Indicated,,Dark - roadway lighted,Wet,Snow,None apparent,Intersection:  T-intersection,Paved,,Property Damage Only,0,0,0,0,0,0,4000,2,3,,POINT (-95.75122239262 41.060972630037)
2014789537,14-20405,03/01/2014,03-March,7-Saturday,09:40,0900 Hours,District 2 (Northeast),,BLACK HAWK,,SPRING CREEK RD,Collision with fixed object:  Bridge overhead structure,On Roadway,Non-collision (single vehicle),Ran off road - left,None Indicated,,Daylight,Snow,Snow,"Surface condition (e.g., wet, icy)",Non-intersection:  Other non-intersection (explain in narrative),Paved,,Minor Injury,0,1,0,1,0,0,2000,1,1,,POINT (-92.074144270401 42.428418503763)
2014789293,14-6091,03/01/2014,03-March,7-Saturday,11:27,1100 Hours,District 3 (Northwest),SIOUX CITY,WOODBURY,I-29,I-29,Collision with:  Vehicle in traffic,On Roadway,"Sideswipe, same direction",Driving too fast for conditions,None Indicated,,Daylight,Ice/frost,Snow,"Surface condition (e.g., wet, icy)",Non-intersection:  Other non-intersection (explain in narrative),Paved,,Property Damage Only,0,0,0,0,0,0,5000,2,3,,POINT (-96.384041776073 42.475415659175)
2014788909,14-000427,03/01/2014,03-March,7-Saturday,20:25,2000 Hours,District 1 (Central),ALTOONA,POLK,US 6,US 6/FREDERICK M HUBBELL AVE,Collision with:  Vehicle in traffic,On Roadway,Rear-end (front to rear),Other (explain in narrative):  Other,None Indicated,,Dark - roadway lighted,Snow,Snow,None apparent,Non-intersection:  Non-junction/no special feature,Paved,,Possible/Unknown,0,1,0,0,1,0,7500,3,5,,POINT (-93.496918502132 41.660019900849)
2014794196,,03/01/2014,03-March,7-Saturday,12:08,1200 Hours,District 2 (Northeast),CLEAR LAKE,CERRO GORDO,,S SHORE DR & 12TH PL S,Collision with:  Vehicle in traffic,On Roadway,"Sideswipe, opposite direction",Crossed centerline (undivided),None Indicated,,Daylight,Snow,Snow,"Surface condition (e.g., wet, icy)",Intersection:  T-intersection,Paved,,Property Damage Only,0,0,0,0,0,0,2700,2,2,,POINT (-93.381056041496 43.125455232679)
2014788871,20140005625,03/01/2014,03-March,7-Saturday,19:35,1900 Hours,District 1 (Central),DES MOINES,POLK,US 6,US 6/MERLE HAY RD/HICKMAN RD & MERKLIN WAY,Collision with:  Vehicle in traffic,On Roadway,"Angle, oncoming left turn",Lost Control,None Indicated,,Dark - roadway lighted,Ice/frost,Snow,"Surface condition (e.g., wet, icy)",Intersection:  Four-way intersection,Paved,,Property Damage Only,0,0,0,0,0,0,5000,2,3,,POINT (-93.697758630111 41.614886081896)
2014789023,14-6140,03/01/2014,03-March,7-Saturday,21:53,2100 Hours,District 3 (Northwest),SIOUX CITY,WOODBURY,,DAVIS AVE & S ST AUBIN ST,Collision with:  Parked motor vehicle,On Roadway,Rear-end (front to rear),Ran off road - right,None Indicated,,Dark - roadway lighted,Snow,Snow,"Surface condition (e.g., wet, icy)",Intersection:  T-intersection,Paved,,Property Damage Only,0,0,0,0,0,0,1500,2,1,,POINT (-96.355912628471 42.473704391347)
2014788720,01-14-8608,03/01/2014,03-March,7-Saturday,14:02,1400 Hours,District 6 (East Central),DUBUQUE,DUBUQUE,US 52,US 52/WHITE ST & E 18TH ST,Collision with:  Vehicle in traffic,On Roadway,"Sideswipe, same direction",Lost Control,None Indicated,,Daylight,Snow,Snow,None apparent,Non-intersection:  Non-junction/no special feature,Paved,,Property Damage Only,0,0,0,0,0,0,1550,2,4,,POINT (-90.668545670642 42.509914118555)
2014789308,,03/01/2014,03-March,7-Saturday,11:11,1100 Hours,District 2 (Northeast),HUMBOLDT,HUMBOLDT,IA 3,IA 3/10TH AVE N & 15TH ST N,Collision with:  Vehicle in traffic,On Roadway,Broadside (front to side),Unknown,None Indicated,,Daylight,Ice/frost,Snow,None apparent,Intersection:  Four-way intersection,Paved,,Property Damage Only,0,0,0,0,0,0,6000,2,2,,POINT (-94.230198255891 42.731844768648)
2014789382,01-14-8556,03/01/2014,03-March,7-Saturday,23:54,2300 Hours,District 6 (East Central),DUBUQUE,DUBUQUE,US 20,US 20/DODGE ST/RAMP,Collision with fixed object:  Utility pole/light support,On Roadway,Non-collision (single vehicle),Driving too fast for conditions,None Indicated,,Dark - roadway lighted,Snow,Snow,"Surface condition (e.g., wet, icy)",Non-intersection:  Non-junction/no special feature,Paved,,Property Damage Only,0,0,0,0,0,0,7000,1,1,,POINT (-90.676993082373 42.489860019482)
2014788667,14001722,03/01/2014,03-March,7-Saturday,21:04,2100 Hours,District 6 (East Central),,BUCHANAN,IA 150,IA 150/JAMESTOWN AVE,Collision with:  Vehicle in traffic,On Roadway,"Sideswipe, opposite direction",Crossed centerline (undivided),None Indicated,,Dark - roadway not lighted,Snow,Snow,"Surface condition (e.g., wet, icy)",Non-intersection:  Non-junction/no special feature,Paved,,Property Damage Only,0,0,0,0,0,0,13000,2,6,,POINT (-91.889361721129 42.377712962822)
2014788622,14V03001,03/01/2014,03-March,7-Saturday,11:38,1100 Hours,District 6 (East Central),VINTON,BENTON,,E 6TH ST & S 8TH AVE,Collision with fixed object:  Utility pole/light support,Roadside,Non-collision (single vehicle),Driving too fast for conditions,None Indicated,,Daylight,Snow,Snow,"Surface condition (e.g., wet, icy)",Intersection:  Four-way intersection,Paved,,Property Damage Only,0,0,0,0,0,0,5000,1,1,,POINT (-92.01545813394 42.165654613602)
2014789022,14-6119,03/01/2014,03-March,7-Saturday,17:04,1700 Hours,District 3 (Northwest),SIOUX CITY,WOODBURY,,VINE AVE & S FAIRMOUNT ST,Non-collision events:  Other non-collision (explain in narrative),On Roadway,"Sideswipe, same direction",FTYROW:  From stop sign,None Indicated,,Daylight,Snow,Snow,"Surface condition (e.g., wet, icy)",Intersection:  Four-way intersection,Paved,,Property Damage Only,0,0,0,0,0,0,3000,3,4,,POINT (-96.374151322054 42.477427449146)
2014790221,C14000647,03/01/2014,03-March,7-Saturday,15:30,1500 Hours,District 6 (East Central),CORALVILLE,JOHNSON,,HEARTLAND DR & COMMERCE DR,Collision with:  Vehicle in traffic,On Roadway,Broadside (front to side),Other (explain in narrative):  Other,None Indicated,,Daylight,Snow,Snow,"Surface condition (e.g., wet, icy)",Intersection:  Four-way intersection,Paved,,Property Damage Only,0,0,0,0,0,0,7000,3,8,,POINT (-91.61720000799 41.695981505666)