Iowa DOT Case Number,Law Enforcement Case Number,Date of Crash,Month of Crash,Day of Week,Time of Crash,Hour,DOT District,City Name,County Name,Route with System,Location Description,First Harmful Event,Location of First Harmful Event,Manner of Crash/Collision,Major Cause,Drug or Alcohol ,Environmental Conditions,Light Conditions,Surface Conditions,Weather Conditions,Roadway Contribution,Roadway Type,Roadway Surface,Work Zone,Crash Severity,Number of Fatalities,Number of Injuries,Number of Major Injuries,Number of Minor Injuries,Number of Possible Injuries,Number of Unknown Injuries,Amount of Property Damage,Number of Vehicles Involved,Total Number of Occupants,Travel Direction,Location
2014789120,14-2072,03/02/2014,03-March,1-Sunday,15:57,1500 Hours,District 3 (Northwest),CARROLL,CARROLL,,1ST ST & WALNUT ST,Collision with:  Vehicle in traffic,On Roadway,Broadside (front to side),Ran Stop Sign,None Indicated,,Daylight,Snow,Clear,None apparent,Intersection:  Four-way intersection,Paved,,Property Damage Only,0,0,0,0,0,0,8000,2,2,,POINT (-94.862441924192 42.058701827962)
2014789723,030214-131,03/02/2014,03-March,1-Sunday,15:30,1500 Hours,District 3 (Northwest),,BUENA VISTA,,650TH ST,Non-collision events:  Other non-collision (explain in narrative),On Roadway,Non-collision (single vehicle),Lost Control,None Indicated,,Daylight,Snow,Cloudy,"Surface condition (e.g., wet, icy)",Non-intersection:  Driveway access (within),Unpaved,,Property Damage Only,0,0,0,0,0,0,1700,1,2,,POINT (-95.164912757736 42.575499128704)
2014788864,20140005719,03/02/2014,03-March,1-Sunday,19:36,1900 Hours,District 1 (Central),DES MOINES,POLK,,E ARMY POST RD,Collision with:  Vehicle in traffic,On Roadway,"Sideswipe, opposite direction",Crossed centerline (undivided),Under Influence of Alcohol/Drugs/Medications,,Dark - roadway not lighted,Dry,Clear,None apparent,Non-intersection:  Non-junction/no special feature,Paved,,Possible/Unknown,0,1,0,0,1,0,25000,2,3,,POINT (-93.571273500758 41.526123831585)
2014788838,20140005677,03/02/2014,03-March,1-Sunday,10:45,1000 Hours,District 1 (Central),DES MOINES,POLK,,UNIVERSITY AVE & 25TH ST,Collision with:  Vehicle in traffic,On Roadway,Broadside (front to side),Unknown,None Indicated,,Daylight,Ice/frost,Clear,"Surface condition (e.g., wet, icy)",Intersection:  Four-way intersection,Paved,,Property Damage Only,0,0,0,0,0,0,2500,2,3,,POINT (-93.650947150352 41.600397857837)
2014790287,14-001046,03/02/2014,03-March,1-Sunday,16:03,1600 Hours,District 1 (Central),AMES,STORY,US 69,US 69/GRAND AVE & 28TH ST,Collision with:  Vehicle in traffic,On Roadway,Broadside (front to side),Ran Traffic Signal,None Indicated,,Daylight,Snow,Clear,None apparent,Intersection:  T-intersection,Paved,,Property Damage Only,0,0,0,0,0,0,3500,2,2,,POINT (-93.62057614851 42.049369817392)
2014789217,03-14-010,03/02/2014,03-March,1-Sunday,03:25,0300 Hours,District 3 (Northwest),LE MARS,PLYMOUTH,,6TH ST SW & 12TH AVE SW & HOLTON DR,Collision with:  Vehicle in traffic,On Roadway,Broadside (front to side),Ran off road - straight,Alcohol (Statutory),,Dark - roadway not lighted,Snow,Snow,"Surface condition (e.g., wet, icy)",Non-intersection:  Non-junction/no special feature,Paved,,Property Damage Only,0,0,0,0,0,0,6500,3,2,,POINT (-96.183446856276 42.785935480004)
2014789838,14-6190,03/02/2014,03-March,1-Sunday,12:01,1200 Hours,District 3 (Northwest),SIOUX CITY,WOODBURY,,MORNINGSIDE AVE,Collision with:  Vehicle in traffic,On Roadway,Rear-end (front to rear),Other (explain in narrative):  Other,None Indicated,,Daylight,Slush,Cloudy,"Surface condition (e.g., wet, icy)",Non-intersection:  Driveway access (within),Paved,,Property Damage Only,0,0,0,0,0,0,2000,2,3,,POINT (-96.354291396387 42.470681351987)
2014789058,PD140137,03/02/2014,03-March,1-Sunday,21:33,2100 Hours,District 1 (Central),GRUNDY CENTER,GRUNDY,,4TH ST,Collision with:  Vehicle in traffic,On Roadway,"Sideswipe, same direction",Driving too fast for conditions,None Indicated,,Dark - roadway lighted,Snow,Cloudy,None apparent,Non-intersection:  Non-junction/no special feature,Paved,,Property Damage Only,0,0,0,0,0,0,2000,2,2,,POINT (-92.768257551233 42.356056458463)
2014788884,20140005693,03/02/2014,03-March,1-Sunday,13:14,1300 Hours,District 1 (Central),DES MOINES,POLK,IA 415,IA 415/2ND AVE,Collision with fixed object:  Utility pole/light support,On Roadway,Non-collision (single vehicle),Swerving/Evasive Action,None Indicated,,Daylight,Slush,Cloudy,None apparent,Intersection:  Four-way intersection,Paved,,Property Damage Only,0,0,0,0,0,0,7100,1,1,,POINT (-93.619945326005 41.632337636228)
2014789055,29-14,03/02/2014,03-March,1-Sunday,10:55,1000 Hours,District 3 (Northwest),ROCK VALLEY,SIOUX,,18TH ST & 16TH ST,Collision with:  Vehicle in traffic,On Roadway,Rear-end (front to rear),FTYROW:  From stop sign,None Indicated,,Daylight,Snow,Clear,"Surface condition (e.g., wet, icy)",Intersection:  T-intersection,Paved,,Property Damage Only,0,0,0,0,0,0,1600,2,4,,POINT (-96.294949462886 43.208147080635)
2014788837,20140005675,03/02/2014,03-March,1-Sunday,10:19,1000 Hours,District 1 (Central),DES MOINES,POLK,,MLK JR PKWY,Collision with fixed object:  Utility pole/light support,On Roadway,Non-collision (single vehicle),Ran off road - right,None Indicated,,Daylight,Ice/frost,Cloudy,"Surface condition (e.g., wet, icy)",Non-intersection:  Non-junction/no special feature,Paved,,Property Damage Only,0,0,0,0,0,0,11000,1,2,,POINT (-93.646735322045 41.616031131464)
2014788881,20140005670,03/02/2014,03-March,1-Sunday,09:02,0900 Hours,District 1 (Central),DES MOINES,POLK,,E ARMY POST RD,Collision with:  Vehicle in traffic,On Roadway,"Angle, oncoming left turn",FTYROW:  Making left turn,None Indicated,,Daylight,Snow,Clear,None apparent,Intersection:  Four-way intersection,Paved,,Possible/Unknown,0,1,0,0,1,0,6000,2,5,,POINT (-93.57749506881 41.526209853318)
2014788820,20140005659,03/02/2014,03-March,1-Sunday,04:08,0400 Hours,District 1 (Central),DES MOINES,POLK,,2ND AVE,Collision with:  Parked motor vehicle,On Roadway,"Sideswipe, same direction",Illegally Parked/Unattended,None Indicated,,Dark - roadway lighted,Snow,Cloudy,None apparent,Non-intersection:  Non-junction/no special feature,Paved,,Property Damage Only,0,0,0,0,0,0,2000,2,1,,POINT (-93.619148251033 41.585405309542)
2014789557,W14-020756,03/02/2014,03-March,1-Sunday,11:42,1100 Hours,District 2 (Northeast),WATERLOO,BLACK HAWK,,E MITCHELL AVE & W 9TH ST,Collision with:  Vehicle in traffic,On Roadway,Rear-end (front to rear),Driving too fast for conditions,None Indicated,,Daylight,Ice/frost,Cloudy,"Surface condition (e.g., wet, icy)",Intersection:  Four-way intersection,Paved,,Property Damage Only,0,0,0,0,0,0,2000,2,5,,POINT (-92.342517716593 42.476625399944)
2014790051,20140005689,03/02/2014,03-March,1-Sunday,12:15,1200 Hours,District 1 (Central),DES MOINES,POLK,IA 28,IA 28/MERLE HAY RD,Collision with:  Vehicle in traffic,On Roadway,"Sideswipe, opposite direction",FTYROW:  Making left turn,None Indicated,,Daylight,Snow,Cloudy,"Surface condition (e.g., wet, icy)",Intersection:  Four-way intersection,Paved,,Property Damage Only,0,0,0,0,0,0,2900,2,3,,POINT (-93.697730518277 41.636773692043)
2014789095,14020690,03/02/2014,03-March,1-Sunday,04:35,0400 Hours,District 2 (Northeast),CEDAR FALLS,BLACK HAWK,,8TH ST,Collision with fixed object:  Other fixed object (explain in narrative),On Roadway,Non-collision (single vehicle),Driving too fast for conditions,None Indicated,,Dark - roadway lighted,Ice/frost,Clear,"Surface condition (e.g., wet, icy)",Intersection:  Four-way intersection,Paved,,Property Damage Only,0,0,0,0,0,0,3000,1,1,,POINT (-92.465680718236 42.531444875815)
2014788773,14004381,03/02/2014,03-March,1-Sunday,12:24,1200 Hours,District 6 (East Central),MARION,LINN,,5TH AVE & 11TH ST,Collision with:  Vehicle in traffic,On Roadway,Rear-end (front to rear),FTYROW:  From driveway,None Indicated,,Daylight,Snow,Clear,None apparent,Non-intersection:  Driveway access (within),Paved,,Property Damage Only,0,0,0,0,0,0,3600,2,4,,POINT (-91.598099249737 42.031515448764)
2014789418,2014002375,03/02/2014,03-March,1-Sunday,17:28,1700 Hours,District 6 (East Central),IOWA CITY,JOHNSON,,,Collision with:  Vehicle in traffic,Outside trafficway,Rear-end (front to rear),Unknown,None Indicated,,Dusk,Snow,Clear,"Surface condition (e.g., wet, icy)",Intersection:  Other intersection (explain in narrative),,,Property Damage Only,0,0,0,0,0,0,2000,2,2,,POINT (-96.643700149993 40.233091251414)
2014788840,20140005727,03/02/2014,03-March,1-Sunday,21:53,2100 Hours,District 1 (Central),DES MOINES,POLK,,E GRAND AVE,Collision with fixed object:  Utility pole/light support,On Roadway,Non-collision (single vehicle),Driving too fast for conditions,None Indicated,,Dark - roadway lighted,Snow,Clear,"Surface condition (e.g., wet, icy)",Non-intersection:  Non-junction/no special feature,Paved,,Possible/Unknown,0,1,0,0,1,0,8500,1,1,,POINT (-93.585467485915 41.595480726203)
2014789028,14-6195,03/02/2014,03-March,1-Sunday,12:29,1200 Hours,District 3 (Northwest),SIOUX CITY,WOODBURY,,24TH ST & GRANDVIEW BLVD,Collision with:  Vehicle in traffic,On Roadway,Broadside (front to side),FTYROW:  Other (explain in narrative),None Indicated,,Daylight,Slush,Clear,"Surface condition (e.g., wet, icy)",Non-intersection:  Driveway access (within),Paved,,Possible/Unknown,0,1,0,0,1,0,4000,2,5,,POINT (-96.408074611481 42.515204883123)
2014789102,W14-020791,03/02/2014,03-March,1-Sunday,13:21,1300 Hours,District 2 (Northeast),WATERLOO,BLACK HAWK,US 218,US 218 & W 9TH ST,Collision with:  Vehicle in traffic,Shoulder,"Sideswipe, same direction",Made improper turn,None Indicated,,Daylight,Snow,Clear,None apparent,Intersection:  Other intersection (explain in narrative),Paved,,Property Damage Only,0,0,0,0,0,0,2200,2,3,,POINT (-92.336930343029 42.489606667909)
2014788772,14004379,03/02/2014,03-March,1-Sunday,09:49,0900 Hours,District 6 (East Central),MARION,LINN,,DALEVIEW DR,Collision with:  Parked motor vehicle,On Roadway,Unknown,Unknown,None Indicated,,Daylight,Snow,Unknown,Unknown,Non-intersection:  Non-junction/no special feature,Paved,,Property Damage Only,0,0,0,0,0,0,4000,2,1,,POINT (-91.586914246319 42.017274339877)
2014788692,CL1400620,03/02/2014,03-March,1-Sunday,16:37,1600 Hours,District 6 (East Central),CLINTON,CLINTON,,S BLUFF BLVD & 8TH AVE S,Collision with:  Vehicle in traffic,On Roadway,"Sideswipe, opposite direction",Lost Control,None Indicated,,Daylight,Snow,Clear,"Surface condition (e.g., wet, icy)",Non-intersection:  Non-junction/no special feature,Paved,,Property Damage Only,0,0,0,0,0,0,3000,2,3,,POINT (-90.216416539895 41.837367226103)
2014788850,20140005717,03/02/2014,03-March,1-Sunday,19:07,1900 Hours,District 1 (Central),DES MOINES,POLK,,BELL AVE & SW 12TH ST,Collision with:  Vehicle in traffic,On Roadway,Broadside (front to side),Separation of units,None Indicated,,Dark - roadway not lighted,Ice/frost,Clear,None apparent,Non-intersection:  Non-junction/no special feature,Paved,,Property Damage Only,0,0,0,0,0,0,4500,2,3,,POINT (-93.63061250912 41.562698718333)
2014788997,14-0600,03/02/2014,03-March,1-Sunday,10:55,1000 Hours,District 1 (Central),FORT DODGE,WEBSTER,,AVE N W,Collision with:  Parked motor vehicle,On Roadway,"Sideswipe, opposite direction",Unknown,None Indicated,,Daylight,Ice/frost,Unknown,None apparent,Non-intersection:  Non-junction/no special feature,Paved,,Property Damage Only,0,0,0,0,0,0,5000,2,1,,POINT (-94.211172714542 42.487412204209)
2014789187,201403055,03/02/2014,03-March,1-Sunday,17:05,1700 Hours,District 6 (East Central),CEDAR RAPIDS,LINN,,MT VERNON RD SE & 9TH AVE SE & 14TH ST SE,Collision with fixed object:  Curb/island/raised median,Median,Non-collision (single vehicle),Ran off road - left,None Indicated,,Daylight,Snow,Clear,None apparent,Non-intersection:  Non-junction/no special feature,Paved,,Property Damage Only,0,0,0,0,0,0,45000,1,1,,POINT (-91.652001434047 41.977762627291)
2014789184,201403048,03/02/2014,03-March,1-Sunday,15:50,1500 Hours,District 6 (East Central),CEDAR RAPIDS,LINN,I-380,I-380,Collision with:  Vehicle in traffic,On Roadway,Rear-end (front to rear),Followed too close,None Indicated,,Daylight,Dry,Clear,None apparent,Non-intersection:  Non-junction/no special feature,Paved,,Property Damage Only,0,0,0,0,0,0,7000,2,3,,POINT (-91.671070133876 41.892468206534)
2014788885,20140005679,03/02/2014,03-March,1-Sunday,11:15,1100 Hours,District 1 (Central),DES MOINES,POLK,,GRAND AVE & E GRAND AVE & 2ND AVE,Collision with:  Vehicle in traffic,On Roadway,"Sideswipe, same direction",Other (explain in narrative):  Other,None Indicated,,Daylight,Snow,Cloudy,"Surface condition (e.g., wet, icy)",Intersection:  Other intersection (explain in narrative),Paved,,Property Damage Only,0,0,0,0,0,0,3500,2,5,,POINT (-93.620284426865 41.588794919727)
2014788853,20140005699,03/02/2014,03-March,1-Sunday,15:13,1500 Hours,District 1 (Central),DES MOINES,POLK,US 69,US 69/SE 14TH ST & E WATROUS AVE,Collision with:  Vehicle in traffic,On Roadway,Broadside (front to side),Crossed centerline (undivided),None Indicated,,Daylight,Snow,Clear,"Surface condition (e.g., wet, icy)",Intersection:  Four-way intersection,Paved,,Property Damage Only,0,0,0,0,0,0,3000,2,3,,POINT (-93.596837977403 41.548079984926)
2014794207,,03/02/2014,03-March,1-Sunday,18:30,1800 Hours,District 2 (Northeast),JACKSON JUNCTION,WINNESHIEK,IA 24,IA 24/IOWA 24,Collision with fixed object:  Bridge overhead structure,On Roadway,Non-collision (single vehicle),Crossed centerline (undivided),None Indicated,,Dark - roadway not lighted,Dry,Cloudy,None apparent,Non-intersection:  Other non-intersection (explain in narrative),Paved,,Property Damage Only,0,0,0,0,0,0,12500,1,1,,POINT (-92.067471596104 43.098138735522)
2014789153,02-14-3639,03/02/2014,03-March,1-Sunday,19:15,1900 Hours,District 6 (East Central),DUBUQUE,DUBUQUE,,HOGREFE ST & SHERIDAN RD,Collision with fixed object:  Tree,Roadside,Non-collision (single vehicle),Exceeded authorized speed,None Indicated,,Dark - roadway lighted,Dry,Cloudy,None apparent,Intersection:  T-intersection,Paved,,Property Damage Only,0,0,0,0,0,0,2000,1,2,,POINT (-90.67133982868 42.5300435347)
2014791907,,03/02/2014,03-March,1-Sunday,11:40,1100 Hours,District 6 (East Central),MAQUOKETA,JACKSON,,E GROVE ST & WALNUT ST,Collision with:  Vehicle in traffic,On Roadway,Broadside (front to side),Driver Distraction:  Passenger,None Indicated,,Daylight,Snow,Clear,"Surface condition (e.g., wet, icy)",Intersection:  Four-way intersection,Paved,,Property Damage Only,0,0,0,0,0,0,3500,2,5,,POINT (-90.657075023333 42.073706515435)
2014789213,14001108,03/02/2014,03-March,1-Sunday,17:28,1700 Hours,District 3 (Northwest),SHELDON,OBRIEN,,8TH ST & 8TH AVE,Collision with:  Vehicle in traffic,On Roadway,Broadside (front to side),FTYROW:  At uncontrolled intersection,None Indicated,,Daylight,Snow,Clear,Unknown,Intersection:  Four-way intersection,Paved,,Property Damage Only,0,0,0,0,0,0,10000,2,3,,POINT (-95.847598769646 43.180424202615)
2014789173,14029722,03/02/2014,03-March,1-Sunday,07:34,0700 Hours,District 6 (East Central),SOLON,JOHNSON,IA 1,IA 1/N MARKET ST & E ROCK ST,Collision with:  Vehicle in traffic,On Roadway,Rear-end (front to rear),FTYROW:  Other (explain in narrative),None Indicated,,Daylight,Snow,Clear,None apparent,Intersection:  T-intersection,Paved,,Property Damage Only,0,0,0,0,0,0,3000,3,6,,POINT (-91.492985153934 41.809795305223)
2014789975,201400596,03/02/2014,03-March,1-Sunday,12:54,1200 Hours,District 6 (East Central),,LINN,IA 1,IA 1/IOWA 1,Collision with:  Vehicle in traffic,On Roadway,"Sideswipe, opposite direction",Driving too fast for conditions,None Indicated,,Daylight,Snow,Cloudy,None apparent,Non-intersection:  Non-junction/no special feature,Paved,,Property Damage Only,0,0,0,0,0,0,6000,2,3,,POINT (-91.489876923852 41.862650091333)
2014788703,14-7134,03/02/2014,03-March,1-Sunday,19:40,1900 Hours,District 5 (Southeast),BURLINGTON,DES MOINES,,DODGE ST,Collision with:  Parked motor vehicle,On Roadway,"Sideswipe, opposite direction",Unknown,None Indicated,,Dark - roadway not lighted,Snow,Snow,"Surface condition (e.g., wet, icy)",Non-intersection:  Non-junction/no special feature,Paved,,Property Damage Only,0,0,0,0,0,0,2000,2,1,,POINT (-91.110126379664 40.793740346664)
2014790348,2014014757,03/02/2014,03-March,1-Sunday,09:24,0900 Hours,District 1 (Central),ANKENY,POLK,I-35,I-35,Collision with fixed object:  Concrete traffic barrier (median or right side),Median,Non-collision (single vehicle),Driving too fast for conditions,None Indicated,,Daylight,Dry,Clear,None apparent,Interchange-related:  On-ramp,Paved,,Property Damage Only,0,0,0,0,0,0,7000,1,1,,POINT (-93.576322402738 41.66535971444)
2014789122,14-001599,03/02/2014,03-March,1-Sunday,10:00,1000 Hours,District 4 (Southwest),ATLANTIC,CASS,US 6,US 6/7TH ST,Collision with:  Vehicle in traffic,On Roadway,Rear-end (front to rear),Driving too fast for conditions,None Indicated,,Daylight,Slush,Clear,None apparent,Intersection:  Four-way intersection,Paved,,Property Damage Only,0,0,0,0,0,0,4000,2,3,,POINT (-94.989969334498 41.403862317757)
2014789353,14-001598,03/02/2014,03-March,1-Sunday,07:50,0700 Hours,District 4 (Southwest),CUMBERLAND,CASS,,710TH ST,Non-collision events:  Overturn/rollover,On Roadway,Non-collision (single vehicle),Lost Control,None Indicated,,Daylight,Snow,Clear,"Surface condition (e.g., wet, icy)",Non-intersection:  Non-junction/no special feature,Unpaved,,Property Damage Only,0,0,0,0,0,0,7000,1,1,,POINT (-94.83425944954 41.207816069789)
2014789132,140541,03/02/2014,03-March,1-Sunday,11:50,1100 Hours,District 3 (Northwest),DENISON,CRAWFORD,,PARK VIEW DR,Collision with:  Vehicle in traffic,On Roadway,Rear-end (front to rear),Other (explain in narrative):  No improper action,None Indicated,,Daylight,Snow,Snow,"Surface condition (e.g., wet, icy)",Non-intersection:  Non-junction/no special feature,Paved,,Property Damage Only,0,0,0,0,0,0,1600,2,2,,POINT (-95.33798893474 42.026166521303)
2014789350,14-2075,03/02/2014,03-March,1-Sunday,16:43,1600 Hours,District 3 (Northwest),CARROLL,CARROLL,,2ND ST & CLARK ST,Collision with:  Vehicle in traffic,On Roadway,Head-on (front to front),Lost Control,None Indicated,,Daylight,Snow,Clear,None apparent,Non-intersection:  Non-junction/no special feature,Paved,,Property Damage Only,0,0,0,0,0,0,1500,2,1,,POINT (-94.866215168028 42.06085600838)
2014788923,14-008176,03/02/2014,03-March,1-Sunday,14:46,1400 Hours,District 4 (Southwest),COUNCIL BLUFFS,POTTAWATTAMIE,IA 192,IA 192/N 16TH ST,Collision with:  Vehicle in traffic,On Roadway,"Sideswipe, opposite direction",Lost Control,None Indicated,,Daylight,Wet,Cloudy,"Surface condition (e.g., wet, icy)",Non-intersection:  Non-junction/no special feature,Paved,,Property Damage Only,0,0,0,0,0,0,3000,2,6,,POINT (-95.86748705771 41.276119282146)
2014789097,14020810,03/02/2014,03-March,1-Sunday,14:59,1400 Hours,District 2 (Northeast),CEDAR FALLS,BLACK HAWK,,25TH ST & COLLEGE ST,Collision with:  Vehicle in traffic,On Roadway,Rear-end (front to rear),Crossed centerline (undivided),None Indicated,,Daylight,Snow,Cloudy,"Surface condition (e.g., wet, icy)",Non-intersection:  Non-junction/no special feature,Paved,,Property Damage Only,0,0,0,0,0,0,2300,3,4,,POINT (-92.455753190634 42.5150346053)
2014789473,14-001043,03/02/2014,03-March,1-Sunday,13:20,1300 Hours,District 1 (Central),AMES,STORY,,S 16TH ST,Collision with:  Vehicle in traffic,On Roadway,Broadside (front to side),FTYROW:  From driveway,None Indicated,,Daylight,Snow,Clear,"Surface condition (e.g., wet, icy)",Non-intersection:  Driveway access (within),Paved,,Property Damage Only,0,0,0,0,0,0,5099,2,3,,POINT (-93.613583902817 42.008373489575)
2014788694,140544,03/02/2014,03-March,1-Sunday,15:58,1500 Hours,District 3 (Northwest),DENISON,CRAWFORD,,AVE C,Non-collision events:  Other non-collision (explain in narrative),On Roadway,"Sideswipe, opposite direction",Crossed centerline (undivided),None Indicated,,Daylight,Snow,Cloudy,"Surface condition (e.g., wet, icy)",Non-intersection:  Non-junction/no special feature,Paved,,Property Damage Only,0,0,0,0,0,0,4500,2,3,,POINT (-95.37024246471 42.024640104256)
2014788906,14-0166,03/02/2014,03-March,1-Sunday,21:31,2100 Hours,District 1 (Central),WINDSOR HEIGHTS,POLK,IA 28,IA 28/63RD ST & COLLEGE AVE,Collision with:  Vehicle in traffic,On Roadway,Head-on (front to front),Crossed centerline (undivided),Drug,,Dark - roadway lighted,Ice/frost,Clear,"Surface condition (e.g., wet, icy)",Non-intersection:  Non-junction/no special feature,Paved,,Property Damage Only,0,0,0,0,0,0,7000,2,2,,POINT (-93.703741279962 41.607652861503)
2014797995,14-1323PD,03/02/2014,03-March,1-Sunday,17:52,1700 Hours,District 1 (Central),BOONE,BOONE,,8TH ST,Collision with:  Parked motor vehicle,On Roadway,Broadside (front to side),Ran off road - right,None Indicated,,Dusk,Snow,Cloudy,"Surface condition (e.g., wet, icy)",Non-intersection:  Non-junction/no special feature,Paved,,Property Damage Only,0,0,0,0,0,0,2500,2,1,,POINT (-93.878501949983 42.063815930555)
2014789053,2014014714,03/02/2014,03-March,1-Sunday,23:20,2300 Hours,District 6 (East Central),WEST BRANCH,CEDAR,I-80,I-80,Collision with:  Vehicle in traffic,On Roadway,Unknown,Swerving/Evasive Action,None Indicated,,Dark - roadway not lighted,Snow,Clear,"Surface condition (e.g., wet, icy)",Non-intersection:  Non-junction/no special feature,Paved,,Property Damage Only,0,0,0,0,0,0,10800,2,3,,POINT (-91.338356067174 41.664114252047)
2014790486,201400010370,03/02/2014,03-March,1-Sunday,20:16,2000 Hours,District 5 (Southeast),OTTUMWA,WAPELLO,,N JEFFERSON ST,Collision with fixed object:  Utility pole/light support,On Roadway,Non-collision (single vehicle),Driving too fast for conditions,None Indicated,,Dark - roadway lighted,Snow,Unknown,"Surface condition (e.g., wet, icy)",Non-intersection:  Non-junction/no special feature,Paved,,Property Damage Only,0,0,0,0,0,0,8000,1,1,,POINT (-92.402242647444 41.020312384156)
2014788866,20140005702,03/02/2014,03-March,1-Sunday,15:40,1500 Hours,District 1 (Central),DES MOINES,POLK,,URBANDALE AVE & 38TH ST,Collision with:  Vehicle in traffic,On Roadway,Rear-end (front to rear),FTYROW:  From stop sign,None Indicated,,Daylight,Ice/frost,Cloudy,None apparent,Intersection:  Four-way intersection,Paved,,Property Damage Only,0,0,0,0,0,0,3500,2,2,,POINT (-93.668252622433 41.619168669063)
2014791547,A14021,03/02/2014,03-March,1-Sunday,01:59,0100 Hours,District 5 (Southeast),KNOXVILLE,MARION,,S 2ND ST,Collision with:  Parked motor vehicle,On Roadway,Rear-end (front to rear),"Operating vehicle in an reckless, erratic, careless, negligent manner",Alcohol (Statutory),,Dark - roadway lighted,Snow,Snow,"Surface condition (e.g., wet, icy)",Non-intersection:  Non-junction/no special feature,Paved,,Possible/Unknown,0,1,0,0,1,0,1300,2,5,,POINT (-93.097614668987 41.317678865932)
2014788863,20140005703,03/02/2014,03-March,1-Sunday,15:50,1500 Hours,District 1 (Central),DES MOINES,POLK,,PARK AVE,Collision with:  Vehicle in traffic,On Roadway,Rear-end (front to rear),Driving too fast for conditions,None Indicated,,Daylight,Snow,Clear,"Surface condition (e.g., wet, icy)",Non-intersection:  Non-junction/no special feature,Paved,,Property Damage Only,0,0,0,0,0,0,6000,2,2,,POINT (-93.646059111711 41.55545216848)
2014788671,14001166,03/02/2014,03-March,1-Sunday,06:50,0600 Hours,District 2 (Northeast),MASON CITY,CERRO GORDO,,12TH ST SE & S PENNSYLVANIA AVE,Collision with:  Parked motor vehicle,On Roadway,"Sideswipe, same direction",Swerving/Evasive Action,None Indicated,,Dawn,Snow,Clear,None apparent,Non-intersection:  Non-junction/no special feature,Paved,,Property Damage Only,0,0,0,0,0,0,2000,2,1,,POINT (-93.198419376298 43.140271462682)
2014789898,W14-020664,03/02/2014,03-March,1-Sunday,02:00,0200 Hours,District 2 (Northeast),WATERLOO,BLACK HAWK,,PRINCE ST,Collision with:  Vehicle in traffic,On Roadway,Rear-end (front to rear),"Operating vehicle in an reckless, erratic, careless, negligent manner",Refused,,Dark - roadway lighted,Snow,Clear,None apparent,Non-intersection:  Other non-intersection (explain in narrative),Paved,,Property Damage Only,0,0,0,0,0,0,3300,2,777,,POINT (-92.309607437774 42.485626855848)
2014790964,2014002354,03/02/2014,03-March,1-Sunday,02:55,0200 Hours,District 6 (East Central),IOWA CITY,JOHNSON,IA 1,IA 1/N DODGE ST,Collision with fixed object:  Other fixed object (explain in narrative),On Roadway,Non-collision (single vehicle),Driving too fast for conditions,None Indicated,,Dark - roadway not lighted,Snow,Snow,None apparent,Intersection:  Four-way intersection,Paved,,Property Damage Only,0,0,0,0,0,0,32745,1,1,,POINT (-91.498108719614 41.688767259493)
2014789373,14000981,03/02/2014,03-March,1-Sunday,18:20,1800 Hours,District 3 (Northwest),,CHEROKEE,US 59,US 59 & IA 31/IOWA 31 & Co Rd C63/610TH ST,Collision with fixed object:  Ditch,On Roadway,Non-collision (single vehicle),Driving too fast for conditions,None Indicated,,Daylight,Dry,Clear,"Surface condition (e.g., wet, icy)",Intersection:  Four-way intersection,Paved,,Property Damage Only,0,0,0,0,0,0,2200,1,1,,POINT (-95.555297631066 42.63396444197)
2014789162,P14-002427,03/02/2014,03-March,1-Sunday,01:15,0100 Hours,District 1 (Central),WEBSTER CITY,HAMILTON,,ELM ST,Collision with:  Parked motor vehicle,On Roadway,Head-on (front to front),Crossed centerline (undivided),None Indicated,,Dark - roadway lighted,Snow,Unknown,None apparent,Non-intersection:  Non-junction/no special feature,Paved,,Property Damage Only,0,0,0,0,0,0,4000,2,1,,POINT (-93.822967341929 42.464956723356)
2014788901,14-1076,03/02/2014,03-March,1-Sunday,15:40,1500 Hours,District 1 (Central),WEST DES MOINES,POLK,,33RD ST,Collision with:  Vehicle in traffic,On Roadway,"Sideswipe, opposite direction",Crossed centerline (undivided),None Indicated,,Daylight,Snow,Clear,None apparent,Non-intersection:  Non-junction/no special feature,Paved,,Property Damage Only,0,0,0,0,0,0,2700,2,2,,POINT (-93.747397874691 41.574050614658)
2014792639,2014014862,03/02/2014,03-March,1-Sunday,15:48,1500 Hours,District 6 (East Central),CEDAR RAPIDS,LINN,I-380,I-380,Non-collision events:  Other non-collision (explain in narrative),On Roadway,Non-collision (single vehicle),Ran off road - left,None Indicated,,Daylight,Dry,Clear,None apparent,Interchange-related:  On-ramp merge area,Paved,,Property Damage Only,0,0,0,0,0,0,6000,1,1,,POINT (-91.671182268125 41.894036646496)
2014788658,W14-020904,03/02/2014,03-March,1-Sunday,20:22,2000 Hours,District 2 (Northeast),WATERLOO,BLACK HAWK,,BYRON AVE & HAMMOND AVE,Collision with:  Vehicle in traffic,On Roadway,Broadside (front to side),FTYROW:  From stop sign,None Indicated,,Dark - roadway not lighted,Snow,Cloudy,None apparent,Intersection:  Four-way intersection,Paved,,Property Damage Only,0,0,0,0,0,0,2500,2,3,,POINT (-92.337613010565 42.480262543456)