Iowa DOT Case Number,Law Enforcement Case Number,Date of Crash,Month of Crash,Day of Week,Time of Crash,Hour,DOT District,City Name,County Name,Route with System,Location Description,First Harmful Event,Location of First Harmful Event,Manner of Crash/Collision,Major Cause,Drug or Alcohol ,Environmental Conditions,Light Conditions,Surface Conditions,Weather Conditions,Roadway Contribution,Roadway Type,Roadway Surface,Work Zone,Crash Severity,Number of Fatalities,Number of Injuries,Number of Major Injuries,Number of Minor Injuries,Number of Possible Injuries,Number of Unknown Injuries,Amount of Property Damage,Number of Vehicles Involved,Total Number of Occupants,Travel Direction,Location
2014790566,261400336,03/02/2014,03-March,1-Sunday,14:10,1400 Hours,District 5 (Southeast),BLOOMFIELD,DAVIS,,KITE AVE,Non-collision events:  Other non-collision (explain in narrative),On Roadway,Non-collision (single vehicle),Other (explain in narrative):  No improper action,None Indicated,,Daylight,Snow,Snow,Unknown,Non-intersection:  Non-junction/no special feature,Unpaved,,Property Damage Only,0,0,0,0,0,0,5000,1,2,,POINT (-92.446824709239 40.61737031576)
2014789205,2014001879,03/02/2014,03-March,1-Sunday,11:47,1100 Hours,District 1 (Central),MARSHALLTOWN,MARSHALL,,W CHURCH ST & E CHURCH ST & S CENTER ST,Collision with:  Vehicle in traffic,On Roadway,Broadside (front to side),Ran Traffic Signal,None Indicated,,Daylight,Snow,Clear,None apparent,Intersection:  Four-way intersection,Paved,,Property Damage Only,0,0,0,0,0,0,4000,2,3,,POINT (-92.912948334336 42.047925268815)
2014788855,20140005711,03/02/2014,03-March,1-Sunday,18:03,1800 Hours,District 1 (Central),DES MOINES,POLK,,E PAYTON AVE,Collision with:  Parked motor vehicle,On Roadway,Unknown,Unknown,None Indicated,,Dark - roadway lighted,Snow,Cloudy,None apparent,Non-intersection:  Non-junction/no special feature,Paved,,Property Damage Only,0,0,0,0,0,0,2000,2,1,,POINT (-93.610768305048 41.530001185598)
2014788824,20140005651,03/02/2014,03-March,1-Sunday,01:06,0100 Hours,District 1 (Central),DES MOINES,POLK,,GUTHRIE AVE & DELAWARE AVE,Collision with:  Vehicle in traffic,On Roadway,Broadside (front to side),Ran Traffic Signal,None Indicated,,Dark - roadway lighted,Ice/frost,Snow,"Surface condition (e.g., wet, icy)",Intersection:  Four-way intersection,Paved,,Property Damage Only,0,0,0,0,0,0,4000,2,5,,POINT (-93.581275461776 41.615047693651)
2014788999,14-0604,03/02/2014,03-March,1-Sunday,15:00,1500 Hours,District 1 (Central),FORT DODGE,WEBSTER,,12TH AVE S & S 22ND ST,Collision with:  Vehicle in traffic,On Roadway,Broadside (front to side),Driving too fast for conditions,None Indicated,,Daylight,Snow,Clear,"Surface condition (e.g., wet, icy)",Non-intersection:  Non-junction/no special feature,Paved,,Property Damage Only,0,0,0,0,0,0,12000,2,2,,POINT (-94.167849447762 42.491671320368)
2014788848,20140005704,03/02/2014,03-March,1-Sunday,16:13,1600 Hours,District 1 (Central),DES MOINES,POLK,,BEAVER AVE,Collision with:  Vehicle in traffic,On Roadway,Rear-end (front to rear),Driving too fast for conditions,None Indicated,,Daylight,Ice/frost,Cloudy,"Surface condition (e.g., wet, icy)",Non-intersection:  Non-junction/no special feature,Paved,,Property Damage Only,0,0,0,0,0,0,5500,2,2,,POINT (-93.673057001062 41.614844208732)
2014792326,2014-001225,03/02/2014,03-March,1-Sunday,12:09,1200 Hours,District 6 (East Central),URBANA,BENTON,IA 150,IA 150/31 AVE & HUTTON DR,Collision with:  Vehicle in traffic,On Roadway,Broadside (front to side),Crossed centerline (undivided),None Indicated,,Daylight,Snow,Cloudy,"Surface condition (e.g., wet, icy)",Intersection:  T-intersection,Paved,,Property Damage Only,0,0,0,0,0,0,5000,2,3,,POINT (-91.89082972205 42.247905490207)
2014812282,2014-1919,03/02/2014,03-March,1-Sunday,14:53,1400 Hours,District 6 (East Central),ELDRIDGE,SCOTT,,DAVENPORT ST,Collision with:  Vehicle in traffic,On Roadway,Rear-end (front to rear),Made improper turn,Alcohol (Statutory),,Daylight,Snow,Clear,"Surface condition (e.g., wet, icy)",Non-intersection:  Non-junction/no special feature,Paved,,Property Damage Only,0,0,0,0,0,0,4500,2,3,,POINT (-90.587698268822 41.656479583495)
2014790288,14-001049,03/02/2014,03-March,1-Sunday,17:20,1700 Hours,District 1 (Central),AMES,STORY,,HAYWARD AVE,Collision with:  Vehicle in traffic,On Roadway,Rear-end (front to rear),Lost Control,None Indicated,,Daylight,Snow,Clear,"Surface condition (e.g., wet, icy)",Non-intersection:  Non-junction/no special feature,Paved,,Property Damage Only,0,0,0,0,0,0,2300,2,1,,POINT (-93.651776999796 42.019808490757)
2014792371,J14000166,03/02/2014,03-March,1-Sunday,01:51,0100 Hours,District 6 (East Central),TIFFIN,JOHNSON,,IRELAND AVE,Collision with fixed object:  Traffic sign support,Shoulder,Non-collision (single vehicle),Ran off road - right,Alcohol (Statutory),,Dark - roadway lighted,Ice/frost,Clear,"Surface condition (e.g., wet, icy)",Non-intersection:  Railroad grade crossing,Paved,,Property Damage Only,0,0,0,0,0,0,2900,1,1,,POINT (-91.66657018181 41.703392233145)
2014789131,140540,03/02/2014,03-March,1-Sunday,09:13,0900 Hours,District 3 (Northwest),DENISON,CRAWFORD,US 30,US 30/4TH AVE S & S 11TH ST,Collision with:  Vehicle in traffic,On Roadway,Broadside (front to side),Other (explain in narrative):  No improper action,None Indicated,,Daylight,Snow,Snow,"Surface condition (e.g., wet, icy)",Non-intersection:  Non-junction/no special feature,Paved,,Property Damage Only,0,0,0,0,0,0,3800,3,5,,POINT (-95.358352208111 42.012412075312)
2014788807,14-001012,03/02/2014,03-March,1-Sunday,16:14,1600 Hours,District 1 (Central),ANKENY,POLK,,SE DELAWARE AVE,Collision with:  Vehicle in traffic,On Roadway,"Sideswipe, same direction",Swerving/Evasive Action,None Indicated,,Daylight,Snow,Clear,"Surface condition (e.g., wet, icy)",Non-intersection:  Alley,Paved,,Property Damage Only,0,0,0,0,0,0,7000,2,3,,POINT (-93.581170977805 41.708947704792)
2014789521,2014014763,03/02/2014,03-March,1-Sunday,10:05,1000 Hours,District 1 (Central),,STORY,I-35,I-35 & US 30,Collision with fixed object:  Guardrail - face,Shoulder,Non-collision (single vehicle),Swerving/Evasive Action,None Indicated,,Daylight,Dry,Clear,None apparent,Interchange-related:  On-ramp merge area,Paved,,Property Damage Only,0,0,0,0,0,0,3000,1,1,,POINT (-93.571154055637 42.007700795816)
2014788691,CL14000624,03/02/2014,03-March,1-Sunday,22:20,2200 Hours,District 6 (East Central),CLINTON,CLINTON,US 67,US 67/S 2ND ST & 2ND AVE S,Collision with fixed object:  Utility pole/light support,Shoulder,Non-collision (single vehicle),Driving too fast for conditions,None Indicated,,Dark - roadway lighted,Snow,Clear,"Surface condition (e.g., wet, icy)",Non-intersection:  Non-junction/no special feature,Paved,,Property Damage Only,0,0,0,0,0,0,4000,1,1,,POINT (-90.188260699438 41.844524876803)
2014789188,201403057,03/02/2014,03-March,1-Sunday,17:35,1700 Hours,District 6 (East Central),CEDAR RAPIDS,LINN,,MT VERNON RD SE & 8TH AVE SE & 10TH ST SE,Collision with:  Vehicle in traffic,On Roadway,"Angle, oncoming left turn",FTYROW:  Making left turn,None Indicated,,Dusk,Snow,Clear,"Surface condition (e.g., wet, icy)",Intersection:  Four-way intersection,Paved,,Minor Injury,0,1,0,1,0,0,4500,2,2,,POINT (-91.653808476606 41.977927938579)
2014789185,201403050,03/02/2014,03-March,1-Sunday,15:37,1500 Hours,District 6 (East Central),CEDAR RAPIDS,LINN,US 151,US 151/WILLIAMS BLVD & DEAN RD SW,Collision with:  Vehicle in traffic,On Roadway,Broadside (front to side),Driving too fast for conditions,None Indicated,,Daylight,Snow,Clear,"Surface condition (e.g., wet, icy)",Intersection:  T-intersection,Paved,,Property Damage Only,0,0,0,0,0,0,4500,2,2,,POINT (-91.7477734654 41.942272007368)
2014789681,2014-0061,03/02/2014,03-March,1-Sunday,03:04,0300 Hours,District 5 (Southeast),NORWALK,WARREN,IA 28,IA 28/IOWA 28,Collision with fixed object:  Guardrail - face,On Roadway,Non-collision (single vehicle),Swerving/Evasive Action,None Indicated,,Dark - roadway not lighted,Snow,Cloudy,None apparent,Non-intersection:  Non-junction/no special feature,Paved,,Property Damage Only,0,0,0,0,0,0,4000,1,1,,POINT (-93.674362628643 41.50846957148)
2014789352,14-001596,03/02/2014,03-March,1-Sunday,04:53,0400 Hours,District 4 (Southwest),WIOTA,CASS,IA 83,IA 83/WHITE POLE RD & EAST ST,Non-collision events:  Other non-collision (explain in narrative),On Roadway,Non-collision (single vehicle),Other (explain in narrative):  No improper action,None Indicated,,Dark - roadway not lighted,Snow,"Blowing sand, soil, dirt",None apparent,Non-intersection:  Non-junction/no special feature,Paved,,Possible/Unknown,0,1,0,0,1,0,4000,1,1,,POINT (-94.885012606712 41.403630752544)
2014788626,14020788,03/02/2014,03-March,1-Sunday,13:12,1300 Hours,District 2 (Northeast),CEDAR FALLS,BLACK HAWK,,HUDSON RD,Collision with:  Vehicle in traffic,On Roadway,Rear-end (front to rear),Driving too fast for conditions,None Indicated,,Daylight,Ice/frost,Cloudy,"Surface condition (e.g., wet, icy)",Intersection:  T-intersection,Paved,,Property Damage Only,0,0,0,0,0,0,2000,2,2,,POINT (-92.465334722111 42.537747316228)
2014789092,14-020868,03/02/2014,03-March,1-Sunday,17:54,1700 Hours,District 2 (Northeast),,BLACK HAWK,,Co Rd V43/S ELK RUN RD,Non-collision events:  Overturn/rollover,Shoulder,Non-collision (single vehicle),Ran off road - straight,None Indicated,,Daylight,Snow,Cloudy,"Shoulders (none, low, soft, high)",Non-intersection:  Non-junction/no special feature,Paved,,Property Damage Only,0,0,0,0,0,0,5000,1,2,,POINT (-92.258802497532 42.494315378856)
2014788899,14-1072,03/02/2014,03-March,1-Sunday,12:05,1200 Hours,District 4 (Southwest),WEST DES MOINES,DALLAS,,JORDAN CREEK PKWY,Collision with:  Vehicle in traffic,On Roadway,Rear-end (front to rear),Driving too fast for conditions,None Indicated,,Daylight,Snow,Clear,None apparent,Non-intersection:  Non-junction/no special feature,Paved,,Property Damage Only,0,0,0,0,0,0,12000,2,2,,POINT (-93.809306357548 41.56849738689)
2014788949,2014-12761,03/02/2014,03-March,1-Sunday,06:34,0600 Hours,District 6 (East Central),DAVENPORT,SCOTT,I-280,I-280 & US 6/W KIMBERLY RD,Collision with fixed object:  Bridge pier or support,Median,Non-collision (single vehicle),Driving too fast for conditions,None Indicated,,Daylight,Snow,Cloudy,"Surface condition (e.g., wet, icy)",Non-intersection:  Other non-intersection (explain in narrative),Paved,,Property Damage Only,0,0,0,0,0,0,11683,1,2,,POINT (-90.67592052824 41.591579054825)
2014789001,14-0608,03/02/2014,03-March,1-Sunday,17:30,1700 Hours,District 1 (Central),FORT DODGE,WEBSTER,,4TH AVE N & N 17TH ST,Collision with fixed object:  Utility pole/light support,Outside trafficway,Non-collision (single vehicle),Ran off road - right,None Indicated,,Daylight,Snow,Clear,"Surface condition (e.g., wet, icy)",Non-intersection:  Non-junction/no special feature,Paved,,Property Damage Only,0,0,0,0,0,0,10000,1,2,,POINT (-94.175025577223 42.510338845801)
2014788979,14-001040,03/02/2014,03-March,1-Sunday,12:04,1200 Hours,District 1 (Central),AMES,STORY,,GREELEY ST & PEARSON GREELEY CONN,Collision with:  Vehicle in traffic,On Roadway,Broadside (front to side),Driving too fast for conditions,None Indicated,,Daylight,Ice/frost,Clear,"Surface condition (e.g., wet, icy)",Non-intersection:  Non-junction/no special feature,Paved,,Property Damage Only,0,0,0,0,0,0,3700,2,2,,POINT (-93.641869024138 42.019441015558)
2014788882,20140005680,03/02/2014,03-March,1-Sunday,11:10,1100 Hours,District 1 (Central),DES MOINES,POLK,,PARK AVE,Collision with:  Vehicle in traffic,On Roadway,Broadside (front to side),FTYROW:  From driveway,None Indicated,,Daylight,Snow,Clear,"Surface condition (e.g., wet, icy)",Non-intersection:  Driveway access (within),Paved,,Minor Injury,0,3,0,1,2,0,6000,2,4,,POINT (-93.675738991973 41.555533783251)
2014789096,14020768,03/02/2014,03-March,1-Sunday,12:22,1200 Hours,District 2 (Northeast),CEDAR FALLS,BLACK HAWK,,GREENHILL RD & ASHWORTH DR,Collision with:  Vehicle in traffic,On Roadway,Broadside (front to side),FTYROW:  From stop sign,None Indicated,,Daylight,Snow,Clear,"Surface condition (e.g., wet, icy)",Intersection:  Four-way intersection,Paved,,Property Damage Only,0,0,0,0,0,0,3000,2,4,,POINT (-92.457476237638 42.498787247268)
2014788695,140547,03/02/2014,03-March,1-Sunday,17:03,1700 Hours,District 3 (Northwest),DENISON,CRAWFORD,,2ND AVE N & N 17TH ST,Collision with:  Vehicle in traffic,On Roadway,Broadside (front to side),Other (explain in narrative):  No improper action,None Indicated,,Daylight,Snow,Clear,None apparent,Non-intersection:  Non-junction/no special feature,Paved,,Property Damage Only,0,0,0,0,0,0,5000,2,6,,POINT (-95.348134783566 42.018943756982)
2014788993,14-0596,03/02/2014,03-March,1-Sunday,06:35,0600 Hours,District 1 (Central),FORT DODGE,WEBSTER,,3RD AVE NW,Collision with:  Vehicle in traffic,Outside trafficway,Broadside (front to side),Ran off road - left,None Indicated,,Dawn,Snow,Clear,None apparent,Non-intersection:  Other non-intersection (explain in narrative),Paved,,Property Damage Only,0,0,0,0,0,0,4000,2,1,,POINT (-94.2054630261 42.51512891366)
2014788659,W14-020911,03/02/2014,03-March,1-Sunday,20:44,2000 Hours,District 2 (Northeast),WATERLOO,BLACK HAWK,,W 9TH ST & SOUTH ST,Collision with:  Vehicle in traffic,On Roadway,Broadside (front to side),Unknown,None Indicated,,Dark - roadway lighted,Snow,Clear,"Surface condition (e.g., wet, icy)",Intersection:  Four-way intersection,Paved,,Property Damage Only,0,0,0,0,0,0,3700,2,3,,POINT (-92.338122091159 42.488523849599)
2014789029,14-6218,03/02/2014,03-March,1-Sunday,17:37,1700 Hours,District 3 (Northwest),SIOUX CITY,WOODBURY,,26TH ST & WALL ST,Collision with fixed object:  Other fixed object (explain in narrative),Outside trafficway,Non-collision (single vehicle),Downhill runaway,None Indicated,,Daylight,Snow,Cloudy,None apparent,Intersection:  Four-way intersection,Paved,,Property Damage Only,0,0,0,0,0,0,7000,1,1,,POINT (-96.39357157328 42.516653267986)
2014791507,14-002063,03/02/2014,03-March,1-Sunday,08:16,0800 Hours,District 3 (Northwest),,CARROLL,,Co Rd E25/170TH ST & Co Rd M68/CONCORD AVE,Collision with:  Vehicle in traffic,On Roadway,Rear-end (front to rear),Followed too close,None Indicated,,Daylight,Snow,Clear,None apparent,Intersection:  Four-way intersection,Paved,,Possible/Unknown,0,1,0,0,1,0,15500,2,2,,POINT (-95.052881365043 42.107884836567)
2014789026,14-6165,03/02/2014,03-March,1-Sunday,00:00,0000 Hours,District 3 (Northwest),SIOUX CITY,WOODBURY,IA 376,IA 376/LEWIS BLVD,Collision with fixed object:  Traffic sign support,On Roadway,Non-collision (single vehicle),Unknown,None Indicated,,Dark - roadway lighted,Snow,Clear,None apparent,Interchange-related:  On-ramp,Paved,,Property Damage Only,0,0,0,0,0,0,1600,1,1,,POINT (-96.371344645499 42.513465134255)
2014788849,20140005706,03/02/2014,03-March,1-Sunday,16:28,1600 Hours,District 1 (Central),DES MOINES,POLK,,E 21ST ST,Collision with fixed object:  Other fixed object (explain in narrative),Roadside,Non-collision (single vehicle),Lost Control,None Indicated,,Daylight,Ice/frost,Cloudy,"Surface condition (e.g., wet, icy)",Non-intersection:  Non-junction/no special feature,Paved,,Property Damage Only,0,0,0,0,0,0,3500,1,1,,POINT (-93.580635718619 41.601260859148)
2014789186,201403054,03/02/2014,03-March,1-Sunday,17:05,1700 Hours,District 6 (East Central),CEDAR RAPIDS,LINN,,BLAIRS FERRY RD NE & COUNCIL ST NE,Collision with:  Vehicle in traffic,On Roadway,"Angle, oncoming left turn",FTYROW:  Making left turn,None Indicated,,Daylight,Snow,Clear,"Surface condition (e.g., wet, icy)",Intersection:  Four-way intersection,Paved,,Possible/Unknown,0,1,0,0,1,0,3000,2,4,,POINT (-91.65834977233 42.035252775527)
2014789467,S79140070,03/02/2014,03-March,1-Sunday,13:05,1300 Hours,District 1 (Central),,POWESHIEK,,Co Rd F35/400TH AVE & Co Rd T58/80TH ST,Collision with fixed object:  Ditch,Outside trafficway,Non-collision (single vehicle),Ran off road - straight,None Indicated,,Daylight,Dry,Clear,None apparent,Intersection:  T-intersection,Paved,,Possible/Unknown,0,1,0,0,1,0,4000,1,1,,POINT (-92.629493980025 41.717070719517)
2014791634,1403-022,03/02/2014,03-March,1-Sunday,08:45,0800 Hours,District 3 (Northwest),,OSCEOLA,,Co Rd A30/200TH ST & Co Rd L58/TYLER AVE,Collision with:  Vehicle in traffic,On Roadway,Rear-end (front to rear),Driving too fast for conditions,None Indicated,,Daylight,Snow,Clear,"Surface condition (e.g., wet, icy)",Non-intersection:  Other non-intersection (explain in narrative),Paved,,Possible/Unknown,0,2,0,0,0,2,4000,2,2,,POINT (-95.525102227808 43.357666533538)
2014792361,14030010,03/02/2014,03-March,1-Sunday,20:58,2000 Hours,District 6 (East Central),,JOHNSON,,Co Rd W6E/ELY RD,Collision with fixed object:  Ditch,On Roadway,Non-collision (single vehicle),Lost Control,Alcohol (Statutory),,Dark - roadway not lighted,Ice/frost,Clear,None apparent,Non-intersection:  Non-junction/no special feature,Paved,,Property Damage Only,0,0,0,0,0,0,5100,1,1,,POINT (-91.545342728861 41.825124168915)
2014789888,14020794,03/02/2014,03-March,1-Sunday,13:24,1300 Hours,District 2 (Northeast),CEDAR FALLS,BLACK HAWK,,WATERLOO RD & RAINBOW DR,Collision with:  Vehicle in traffic,On Roadway,Rear-end (front to rear),Ran off road - right,None Indicated,,Daylight,Ice/frost,Clear,"Surface condition (e.g., wet, icy)",Non-intersection:  Driveway access (within),Paved,,Property Damage Only,0,0,0,0,0,0,3000,2,1,,POINT (-92.436425623672 42.521398356216)
2014789207,2014001903,03/02/2014,03-March,1-Sunday,19:02,1900 Hours,District 1 (Central),MARSHALLTOWN,MARSHALL,,N CENTER ST,Collision with:  Vehicle in traffic,On Roadway,"Angle, oncoming left turn",FTYROW:  From parked position,None Indicated,,Dark - roadway lighted,Snow,Clear,None apparent,Non-intersection:  Alley,Paved,,Property Damage Only,0,0,0,0,0,0,2000,2,2,,POINT (-92.912980492518 42.050924487451)
2014788860,20140005664,03/02/2014,03-March,1-Sunday,05:19,0500 Hours,District 1 (Central),DES MOINES,POLK,I-235,I-235,Collision with fixed object:  Tree,Outside trafficway,Non-collision (single vehicle),Driving too fast for conditions,Refused,,Dark - roadway lighted,Snow,Clear,None apparent,Non-intersection:  Non-junction/no special feature,Paved,,Property Damage Only,0,0,0,0,0,0,3150,1,1,,POINT (-93.682068644601 41.591840710135)
2014788687,CL14000619,03/02/2014,03-March,1-Sunday,13:06,1300 Hours,District 6 (East Central),CLINTON,CLINTON,,N 5TH ST,Collision with:  Parked motor vehicle,On Roadway,Unknown,Lost Control,None Indicated,,Daylight,Snow,Snow,Unknown,Intersection:  T-intersection,Paved,,Property Damage Only,0,0,0,0,0,0,9000,3,1,,POINT (-90.19094286305 41.857261574101)
2014788955,2014-12764,03/02/2014,03-March,1-Sunday,07:02,0700 Hours,District 6 (East Central),DAVENPORT,SCOTT,,W PLEASANT ST & WASHINGTON ST,Collision with:  Vehicle in traffic,On Roadway,Broadside (front to side),Ran Stop Sign,None Indicated,,Daylight,Snow,Snow,None apparent,Intersection:  Four-way intersection,Paved,,Property Damage Only,0,0,0,0,0,0,5000,2,4,,POINT (-90.596201794559 41.53946724161)
2014790290,14-001057,03/02/2014,03-March,1-Sunday,21:30,2100 Hours,District 1 (Central),AMES,STORY,,MORTENSON PKWY & UNIVERSITY BLVD,Collision with:  Vehicle in traffic,On Roadway,"Sideswipe, same direction",Followed too close,None Indicated,,Dark - roadway lighted,Ice/frost,Clear,"Surface condition (e.g., wet, icy)",Intersection:  T-intersection,Paved,,Property Damage Only,0,0,0,0,0,0,1600,2,3,,POINT (-93.639294057972 42.008359270775)
2014789098,14020836,03/02/2014,03-March,1-Sunday,15:59,1500 Hours,District 2 (Northeast),CEDAR FALLS,BLACK HAWK,,18TH ST & WALNUT ST,Collision with:  Vehicle in traffic,On Roadway,Broadside (front to side),Ran Stop Sign,None Indicated,,Daylight,Ice/frost,Cloudy,"Surface condition (e.g., wet, icy)",Intersection:  Four-way intersection,Paved,,Property Damage Only,0,0,0,0,0,0,7500,2,5,,POINT (-92.453414320634 42.522201108268)
2014788856,20140005713,03/02/2014,03-March,1-Sunday,18:18,1800 Hours,District 1 (Central),DES MOINES,POLK,I-235,I-235 & US 69/E 15TH ST/JOHNSON CT & MAPLE ST,Collision with fixed object:  Other fixed object (explain in narrative),On Roadway,Non-collision (single vehicle),Other (explain in narrative):  Vision obstructed,None Indicated,,Dark - roadway lighted,Dry,Clear,"Surface condition (e.g., wet, icy)",Interchange-related:  Off-ramp,Paved,,Property Damage Only,0,0,0,0,0,0,4000,1,2,,POINT (-93.596485348095 41.597090431067)
2014788657,W14-020855,03/02/2014,03-March,1-Sunday,15:00,1500 Hours,District 2 (Northeast),WATERLOO,BLACK HAWK,,BOURLAND AVE,Collision with:  Parked motor vehicle,Roadside,Unknown,Improper Backing,None Indicated,,Daylight,Snow,Clear,None apparent,Non-intersection:  Non-junction/no special feature,Paved,,Property Damage Only,0,0,0,0,0,0,2200,2,2,,POINT (-92.326627194728 42.475668578086)
2014788845,20140005722,03/02/2014,03-March,1-Sunday,20:00,2000 Hours,District 1 (Central),DES MOINES,POLK,,PARK AVE & E PARK AVE & S UNION ST,Collision with:  Vehicle in traffic,On Roadway,Broadside (front to side),Lost Control,None Indicated,,Dark - roadway lighted,Ice/frost,Clear,"Surface condition (e.g., wet, icy)",Intersection:  Four-way intersection,Paved,,Minor Injury,0,1,0,1,0,0,3000,2,3,,POINT (-93.616139820882 41.555409212155)
2014789546,W14-020754,03/02/2014,03-March,1-Sunday,11:20,1100 Hours,District 2 (Northeast),WATERLOO,BLACK HAWK,,E SAN MARNAN DR,Collision with:  Parked motor vehicle,Outside trafficway,Broadside (front to side),Ran off road - right,None Indicated,,Daylight,Dry,Clear,Ruts/holes/bumps,Non-intersection:  Non-junction/no special feature,Paved,,Property Damage Only,0,0,0,0,0,0,8200,3,1,,POINT (-92.332770909679 42.459629020885)
2014794486,,03/02/2014,03-March,1-Sunday,06:17,0600 Hours,District 4 (Southwest),,FREMONT,,Co Rd J10/WAUBONSIE AVE & Co Rd L44/BLUFF RD,Non-collision events:  Overturn/rollover,On Roadway,Non-collision (single vehicle),Crossed centerline (undivided),None Indicated,,Unknown,Unknown,Unknown,Unknown,Non-intersection:  Non-junction/no special feature,Paved,,Possible/Unknown,0,1,0,0,1,0,10000,1,1,,POINT (-95.753592962438 40.883391788751)
2014790124,2014-04058,03/02/2014,03-March,1-Sunday,12:30,1200 Hours,District 5 (Southeast),,WARREN,,Co Rd R63/HWY R63 & LUCAS ST,Collision with fixed object:  Ditch,On Roadway,Non-collision (single vehicle),Driving too fast for conditions,None Indicated,,Daylight,Dry,Clear,"Surface condition (e.g., wet, icy)",Non-intersection:  Non-junction/no special feature,Paved,,Property Damage Only,0,0,0,0,0,0,8000,1,1,,POINT (-93.614278981387 41.324152026825)
2014788663,14-055,03/02/2014,03-March,1-Sunday,10:17,1000 Hours,District 2 (Northeast),WAVERLY,BREMER,,7TH ST NW,Unknown,On Roadway,Head-on (front to front),Unknown,None Indicated,,Daylight,Ice/frost,Unknown,Unknown,Non-intersection:  Non-junction/no special feature,Paved,,Property Damage Only,0,0,0,0,0,0,3000,2,1,,POINT (-92.479443058071 42.730136657773)
2014789163,P14-002435,03/02/2014,03-March,1-Sunday,16:38,1600 Hours,District 1 (Central),WEBSTER CITY,HAMILTON,,2ND ST,Collision with:  Vehicle in traffic,On Roadway,Rear-end (front to rear),Driving too fast for conditions,None Indicated,,Daylight,Ice/frost,Cloudy,"Surface condition (e.g., wet, icy)",Non-intersection:  Non-junction/no special feature,Paved,,Property Damage Only,0,0,0,0,0,0,1500,2,3,,POINT (-93.822661661992 42.469479854013)
2014790289,14-001051,03/02/2014,03-March,1-Sunday,17:23,1700 Hours,District 1 (Central),AMES,STORY,,24TH ST & STANGE RD & GEORGE W CARVER AVE,Collision with:  Vehicle in traffic,On Roadway,Rear-end (front to rear),Other (explain in narrative):  Other,None Indicated,,Daylight,Snow,Clear,"Surface condition (e.g., wet, icy)",Intersection:  Four-way intersection,Paved,,Property Damage Only,0,0,0,0,0,0,2000,2,5,,POINT (-93.644861340085 42.045426171167)
2014789101,W14-020769,03/02/2014,03-March,1-Sunday,12:00,1200 Hours,District 2 (Northeast),WATERLOO,BLACK HAWK,,E SAN MARNAN DR,Collision with:  Parked motor vehicle,Shoulder,"Sideswipe, same direction",Driving too fast for conditions,None Indicated,,Daylight,Snow,Clear,"Surface condition (e.g., wet, icy)",Non-intersection:  Non-junction/no special feature,Paved,,Property Damage Only,0,0,0,0,0,0,6000,2,6,,POINT (-92.334497743171 42.458504318746)
2014790349,2014014766,03/02/2014,03-March,1-Sunday,01:48,0100 Hours,District 1 (Central),,POLK,I-35,I-35 & US 69/NE 14TH ST,Collision with fixed object:  Traffic sign support,On Roadway,Non-collision (single vehicle),Driving too fast for conditions,Under Influence of Alcohol/Drugs/Medications,,Dark - roadway lighted,Snow,Snow,"Surface condition (e.g., wet, icy)",Intersection:  Intersection with ramp,Paved,,Property Damage Only,0,0,0,0,0,0,8000,1,1,,POINT (-93.600388819148 41.65054586076)
2014789202,2014001893,03/02/2014,03-March,1-Sunday,16:20,1600 Hours,District 1 (Central),MARSHALLTOWN,MARSHALL,IA 14,IA 14/S CENTER ST & NICHOLAS DR,Collision with:  Vehicle in traffic,On Roadway,Rear-end (front to rear),Other (explain in narrative):  Other,None Indicated,,Daylight,Ice/frost,Cloudy,"Surface condition (e.g., wet, icy)",Non-intersection:  Non-junction/no special feature,Paved,,Property Damage Only,0,0,0,0,0,0,2500,2,7,,POINT (-92.912412615145 42.015663161202)
2014789206,2014001881,03/02/2014,03-March,1-Sunday,11:35,1100 Hours,District 1 (Central),MARSHALLTOWN,MARSHALL,,W SOUTHRIDGE RD,Unknown,On Roadway,Broadside (front to side),Other (explain in narrative):  No improper action,None Indicated,,Daylight,Snow,Clear,"Surface condition (e.g., wet, icy)",Non-intersection:  Non-junction/no special feature,Paved,,Property Damage Only,0,0,0,0,0,0,3000,2,4,,POINT (-92.912445698301 42.017959879775)
2014789309,,03/02/2014,03-March,1-Sunday,18:45,1800 Hours,District 2 (Northeast),,HUMBOLDT,IA 3,IA 3/220TH ST,Collision with:  Animal,On Roadway,Non-collision (single vehicle),Animal,None Indicated,,,,,,,Paved,,Property Damage Only,0,0,0,0,0,0,4000,1,1,,POINT (-94.251993135365 42.731968777666)
2014788627,14020797,03/02/2014,03-March,1-Sunday,13:29,1300 Hours,District 2 (Northeast),CEDAR FALLS,BLACK HAWK,,12TH ST & WALNUT ST,Collision with:  Parked motor vehicle,On Roadway,Rear-end (front to rear),Driving too fast for conditions,None Indicated,,Daylight,Snow,Clear,None apparent,Intersection:  Four-way intersection,Paved,,Property Damage Only,0,0,0,0,0,0,2700,2,1,,POINT (-92.453403427797 42.527640561908)