Iowa DOT Case Number,Law Enforcement Case Number,Date of Crash,Month of Crash,Day of Week,Time of Crash,Hour,DOT District,City Name,County Name,Route with System,Location Description,First Harmful Event,Location of First Harmful Event,Manner of Crash/Collision,Major Cause,Drug or Alcohol ,Environmental Conditions,Light Conditions,Surface Conditions,Weather Conditions,Roadway Contribution,Roadway Type,Roadway Surface,Work Zone,Crash Severity,Number of Fatalities,Number of Injuries,Number of Major Injuries,Number of Minor Injuries,Number of Possible Injuries,Number of Unknown Injuries,Amount of Property Damage,Number of Vehicles Involved,Total Number of Occupants,Travel Direction,Location
2014789524,GP1400026,03/03/2014,03-March,2-Monday,07:23,0700 Hours,District 2 (Northeast),GOLDFIELD,WRIGHT,,WATER ST & WEBSTER ST,Collision with:  Vehicle in traffic,On Roadway,Broadside (front to side),FTYROW:  From stop sign,None Indicated,,Daylight,Ice/frost,Clear,None apparent,Intersection:  Four-way intersection,Paved,,Property Damage Only,0,0,0,0,0,0,3300,2,2,,POINT (-93.917905753812 42.732486274571)
2014789778,201403100,03/03/2014,03-March,2-Monday,17:20,1700 Hours,District 6 (East Central),CEDAR RAPIDS,LINN,,WRIGHT BROTHERS BLVD SW,Collision with fixed object:  Utility pole/light support,Shoulder,Non-collision (single vehicle),Lost Control,Alcohol (Statutory),,Daylight,Dry,Clear,None apparent,Non-intersection:  Non-junction/no special feature,Paved,,Possible/Unknown,0,1,0,0,1,0,13000,1,1,,POINT (-91.708700804032 41.894374658349)
2014789339,W14-021000,03/03/2014,03-March,2-Monday,07:27,0700 Hours,District 2 (Northeast),WATERLOO,BLACK HAWK,,TERRACE DR,Collision with:  Vehicle in traffic,On Roadway,Head-on (front to front),Crossed centerline (undivided),None Indicated,,Daylight,Snow,Clear,Ruts/holes/bumps,Non-intersection:  Non-junction/no special feature,Paved,,Property Damage Only,0,0,0,0,0,0,2000,2,3,,POINT (-92.350426343678 42.474193882895)
2014789983,14-0979,03/03/2014,03-March,2-Monday,20:36,2000 Hours,District 6 (East Central),HIAWATHA,LINN,I-380,I-380 & BLAIRS FERRY RD,Collision with:  Vehicle in traffic,On Roadway,Rear-end (front to rear),Unknown,None Indicated,,Dark - roadway lighted,Dry,Clear,None apparent,Non-intersection:  Other non-intersection (explain in narrative),Paved,,Property Damage Only,0,0,0,0,0,0,2500,2,2,,POINT (-91.675962201887 42.034754832267)
2014789430,14-004647,03/03/2014,03-March,2-Monday,19:02,1900 Hours,District 5 (Southeast),,MARION,,85TH AVE,Collision with:  Animal,,,Animal,None Indicated,,,,,,,Unpaved,,Property Damage Only,0,0,0,0,0,0,3500,1,1,,POINT (-93.187833664968 41.48806286895)
2014789228,20140005768,03/03/2014,03-March,2-Monday,10:42,1000 Hours,District 1 (Central),DES MOINES,POLK,US 6,US 6/DOUGLAS AVE & BEAVER AVE,Collision with:  Vehicle in traffic,On Roadway,Rear-end (front to rear),Unknown,None Indicated,,Daylight,Ice/frost,Clear,"Surface condition (e.g., wet, icy)",Intersection:  Four-way intersection,Paved,,Property Damage Only,0,0,0,0,0,0,2000,2,3,,POINT (-93.678047310248 41.629478582552)
2014789111,W14-021036,03/03/2014,03-March,2-Monday,09:09,0900 Hours,District 2 (Northeast),WATERLOO,BLACK HAWK,,RIDGEMONT RD,Collision with:  Vehicle in traffic,On Roadway,Broadside (front to side),FTYROW:  From driveway,None Indicated,,Daylight,Snow,Clear,None apparent,Non-intersection:  Driveway access (within),Paved,,Possible/Unknown,0,1,0,0,1,0,6500,2,3,,POINT (-92.377431171616 42.463383594704)
2014789646,2014-12924,03/03/2014,03-March,2-Monday,07:44,0700 Hours,District 6 (East Central),DAVENPORT,SCOTT,,IA 461/W RIVER DR & FAIRMOUNT ST,Collision with:  Vehicle in traffic,On Roadway,Rear-end (front to rear),Followed too close,None Indicated,,Daylight,Dry,Clear,None apparent,Intersection:  Four-way intersection,Paved,,Property Damage Only,0,0,0,0,0,0,4000,2,2,,POINT (-90.630459038038 41.501126550942)
2014788991,14-0611,03/03/2014,03-March,2-Monday,07:50,0700 Hours,District 1 (Central),FORT DODGE,WEBSTER,,N 13TH ST,Non-collision events:  Other non-collision (explain in narrative),On Roadway,Non-collision (single vehicle),Lost Control,None Indicated,,Daylight,Snow,Clear,"Surface condition (e.g., wet, icy)",Non-intersection:  Non-junction/no special feature,Paved,,Property Damage Only,0,0,0,0,0,0,5000,1,2,,POINT (-94.181220465581 42.511589986115)
2014789947,01-14-8866,03/03/2014,03-March,2-Monday,07:47,0700 Hours,District 6 (East Central),DUBUQUE,DUBUQUE,US 20,US 20/DODGE ST,Collision with:  Vehicle in traffic,On Roadway,Rear-end (front to rear),Lost Control,None Indicated,,Daylight,Ice/frost,Clear,None apparent,Non-intersection:  Other non-intersection (explain in narrative),Paved,,Property Damage Only,0,0,0,0,0,0,12000,3,3,,POINT (-90.65628815585 42.49169857263)
2014789260,14-4013,03/03/2014,03-March,2-Monday,09:07,0900 Hours,District 6 (East Central),BETTENDORF,SCOTT,,MIDDLE RD & DEVILS GLEN RD,Collision with:  Vehicle in traffic,On Roadway,Rear-end (front to rear),Lost Control,None Indicated,,Daylight,Dry,Clear,None apparent,Intersection:  Four-way intersection,Paved,,Property Damage Only,0,0,0,0,0,0,2000,2,4,,POINT (-90.48363896317 41.551566975965)
2014789607,14-001017,03/03/2014,03-March,2-Monday,06:30,0600 Hours,District 1 (Central),ANKENY,POLK,,W 1ST ST & SW STATE ST & NW STATE ST,Collision with:  Vehicle in traffic,On Roadway,"Angle, oncoming left turn",FTYROW:  Making left turn,None Indicated,,Daylight,Wet,Clear,None apparent,Intersection:  Four-way intersection,Paved,,Property Damage Only,0,0,0,0,0,0,5000,2,2,,POINT (-93.621502442385 41.731848738133)
2014789648,2014-13007,03/03/2014,03-March,2-Monday,14:44,1400 Hours,District 6 (East Central),DAVENPORT,SCOTT,,N DIVISION ST,Collision with:  Vehicle in traffic,On Roadway,"Angle, oncoming left turn",FTYROW:  Making left turn,None Indicated,,Daylight,Dry,Clear,None apparent,Non-intersection:  Driveway access (within),Paved,,Property Damage Only,0,0,0,0,0,0,1500,2,2,,POINT (-90.600713943298 41.556511599096)
2014790294,14-001079,03/03/2014,03-March,2-Monday,16:16,1600 Hours,District 1 (Central),AMES,STORY,,BROOKRIDGE AVE,Collision with:  Vehicle in traffic,On Roadway,"Sideswipe, opposite direction",Driving too fast for conditions,None Indicated,,Daylight,Snow,Cloudy,"Surface condition (e.g., wet, icy)",Non-intersection:  Non-junction/no special feature,Paved,,Property Damage Only,0,0,0,0,0,0,4500,2,3,,POINT (-93.627651556885 42.030363551619)
2014788877,20140005779,03/03/2014,03-March,2-Monday,08:20,0800 Hours,District 1 (Central),DES MOINES,POLK,,HICKMAN RD & MLK JR PKWY,Collision with:  Vehicle in traffic,On Roadway,"Sideswipe, same direction",Other (explain in narrative):  Other,None Indicated,,Daylight,Unknown,Clear,Unknown,Intersection:  Four-way intersection,Paved,,Possible/Unknown,0,1,0,0,0,1,1500,2,2,,POINT (-93.646425736637 41.615078109196)
2014789191,20141020,03/03/2014,03-March,2-Monday,14:55,1400 Hours,District 6 (East Central),MOUNT VERNON,LINN,IA 1,IA 1/S 1ST AVE,Collision with:  Vehicle in traffic,On Roadway,Rear-end (front to rear),Followed too close,None Indicated,,Daylight,Wet,Cloudy,None apparent,Intersection:  Four-way intersection,Paved,,Property Damage Only,0,0,0,0,0,0,3600,2,3,,POINT (-91.419298326663 41.919809877413)
2014789232,20140005780,03/03/2014,03-March,2-Monday,12:33,1200 Hours,District 1 (Central),DES MOINES,POLK,,HOLCOMB AVE & 6TH AVE,Collision with:  Vehicle in traffic,On Roadway,Broadside (front to side),Lost Control,None Indicated,,Daylight,Snow,Cloudy,None apparent,Intersection:  Four-way intersection,Paved,,Property Damage Only,0,0,0,0,0,0,4500,2,6,,POINT (-93.624776589952 41.616683995993)
2014789848,2014014986,03/03/2014,03-March,2-Monday,08:00,0800 Hours,District 5 (Southeast),INDIANOLA,WARREN,,N 9TH ST,Collision with:  Vehicle in traffic,On Roadway,Rear-end (front to rear),Swerving/Evasive Action,None Indicated,,Daylight,Snow,Clear,"Surface condition (e.g., wet, icy)",Non-intersection:  Non-junction/no special feature,Paved,,Property Damage Only,0,0,0,0,0,0,3000,2,2,,POINT (-93.547489240013 41.364753273789)
2014790313,14001082,03/03/2014,03-March,2-Monday,19:59,1900 Hours,District 1 (Central),AMES,STORY,,SHELDON AVE & IOWA STATE UNIVERSITY,Collision with:  Vehicle in traffic,On Roadway,"Sideswipe, same direction",FTYROW:  From stop sign,None Indicated,,Dark - roadway lighted,Snow,Clear,None apparent,Non-intersection:  Driveway access (within),Paved,,Property Damage Only,0,0,0,0,0,0,2200,2,2,,POINT (-93.654271425709 42.023955335717)
2014790149,,03/03/2014,03-March,2-Monday,16:55,1600 Hours,District 5 (Southeast),WILTON,MUSCATINE,,E WATE ST,Collision with:  Vehicle in traffic,On Roadway,"Angle, oncoming left turn",FTYROW:  Making left turn,None Indicated,,Daylight,Snow,Clear,"Surface condition (e.g., wet, icy)",Non-intersection:  Driveway access (within),Paved,,Property Damage Only,0,0,0,0,0,0,6000,2,2,,POINT (-91.013228016982 41.59184420755)
2014791095,2014-12914,03/03/2014,03-March,2-Monday,06:36,0600 Hours,District 6 (East Central),DAVENPORT,SCOTT,,E LOCUST ST & IOWA ST,Collision with:  Vehicle in traffic,On Roadway,Rear-end (front to rear),Lost Control,None Indicated,,Daylight,Dry,Clear,None apparent,Intersection:  Four-way intersection,Paved,,Property Damage Only,0,0,0,0,0,0,5000,2,4,,POINT (-90.569634385955 41.538278055684)
2014789443,2014001929,03/03/2014,03-March,2-Monday,12:19,1200 Hours,District 1 (Central),MARSHALLTOWN,MARSHALL,,WESTWOOD DR,Collision with fixed object:  Other fixed object (explain in narrative),On Roadway,Non-collision (single vehicle),Ran off road - right,None Indicated,,Daylight,Snow,Cloudy,None apparent,Non-intersection:  Non-junction/no special feature,Paved,,Property Damage Only,0,0,0,0,0,0,2000,1,2,,POINT (-92.922116395699 42.021137184905)
2014789292,S14-2131,03/03/2014,03-March,2-Monday,21:29,2100 Hours,District 3 (Northwest),,WOODBURY,US 20,US 20,Collision with fixed object:  Other fixed object (explain in narrative),On Roadway,Non-collision (single vehicle),Other (explain in narrative):  No improper action,None Indicated,,Dark - roadway lighted,Dry,Clear,Debris,Non-intersection:  Non-junction/no special feature,Paved,,Property Damage Only,0,0,0,0,0,0,3500,1,2,,POINT (-95.988761922774 42.482355002053)
2014789491,14-6281,03/03/2014,03-March,2-Monday,10:07,1000 Hours,District 3 (Northwest),SIOUX CITY,WOODBURY,,W 3RD ST,Collision with fixed object:  Utility pole/light support,Outside trafficway,"Sideswipe, opposite direction",Exceeded authorized speed,None Indicated,,Daylight,Snow,Cloudy,None apparent,Non-intersection:  Non-junction/no special feature,Paved,,Property Damage Only,0,0,0,0,0,0,14500,2,777,,POINT (-96.427868606062 42.499243245332)
2014790860,14-000275,03/03/2014,03-March,2-Monday,19:07,1900 Hours,District 1 (Central),,STORY,,Co Rd R38/510TH AVE & 240TH ST & IOWA STATE UNIVERSITY,Collision with:  Animal,,,Animal,None Indicated,,,,,,,Paved,,Property Damage Only,0,0,0,0,0,0,2500,1,1,,POINT (-93.678618483383 42.005350485517)
2014789631,14-008553,03/03/2014,03-March,2-Monday,13:00,1300 Hours,District 4 (Southwest),COUNCIL BLUFFS,POTTAWATTAMIE,,S 35TH ST,Collision with:  Vehicle in traffic,On Roadway,Rear-end (front to rear),FTYROW:  Other (explain in narrative),None Indicated,,Daylight,Dry,Cloudy,None apparent,Non-intersection:  Non-junction/no special feature,Paved,,Property Damage Only,0,0,0,0,0,0,4000,2,2,,POINT (-95.90203481936 41.250485545291)
2014789100,14021055,03/03/2014,03-March,2-Monday,10:06,1000 Hours,District 2 (Northeast),CEDAR FALLS,BLACK HAWK,,18TH ST & WALNUT ST,Collision with:  Vehicle in traffic,On Roadway,Broadside (front to side),Ran Stop Sign,None Indicated,,Daylight,Ice/frost,Clear,"Surface condition (e.g., wet, icy)",Intersection:  Four-way intersection,Paved,,Property Damage Only,0,0,0,0,0,0,1800,2,2,,POINT (-92.453414320634 42.522201108268)
2014789743,02-14-3695,03/03/2014,03-March,2-Monday,13:00,1300 Hours,District 6 (East Central),,DUBUQUE,,CLAY HILL RD,Non-collision events:  Other non-collision (explain in narrative),On Roadway,Non-collision (single vehicle),Lost Control,None Indicated,,Daylight,Snow,Clear,None apparent,Non-intersection:  Other non-intersection (explain in narrative),Paved,,Property Damage Only,0,0,0,0,0,0,3000,1,1,,POINT (-90.746617671336 42.554494527082)
2014793931,14-084,03/03/2014,03-March,2-Monday,10:28,1000 Hours,District 2 (Northeast),WAVERLY,BREMER,IA 3,IA 3/BREMER AVE & IA 116/4TH ST SW & 4TH ST NW,Collision with:  Vehicle in traffic,On Roadway,"Angle, oncoming left turn",FTYROW:  Making left turn,None Indicated,,Daylight,Ice/frost,Clear,"Surface condition (e.g., wet, icy)",Intersection:  Four-way intersection,Paved,,Property Damage Only,0,0,0,0,0,0,3300,2,2,,POINT (-92.475681102397 42.725742830053)
2014788629,14021012,03/03/2014,03-March,2-Monday,07:55,0700 Hours,District 2 (Northeast),CEDAR FALLS,BLACK HAWK,,22ND ST,Collision with:  Parked motor vehicle,On Roadway,Head-on (front to front),Driving too fast for conditions,None Indicated,,Daylight,Ice/frost,Clear,"Surface condition (e.g., wet, icy)",Non-intersection:  Non-junction/no special feature,Paved,,Property Damage Only,0,0,0,0,0,0,6000,2,777,,POINT (-92.446099758833 42.517789163255)
2014790184,14-21046,03/03/2014,03-March,2-Monday,09:35,0900 Hours,District 2 (Northeast),,BLACK HAWK,,RIPPLE RD,Collision with fixed object:  Ditch,Roadside,Non-collision (single vehicle),Ran off road - right,None Indicated,,Daylight,Snow,Clear,None apparent,Non-intersection:  Non-junction/no special feature,Unpaved,,Minor Injury,0,1,0,1,0,0,70000,1,1,,POINT (-92.247364813858 42.366167665394)
2014790662,140303PM01,03/03/2014,03-March,2-Monday,17:10,1700 Hours,District 3 (Northwest),ORANGE CITY,SIOUX,IA 10,IA 10/8TH ST SE & FRANKFORD PL SE & FRANKFORT AVE SE,Collision with:  Vehicle in traffic,On Roadway,Rear-end (front to rear),Driving too fast for conditions,None Indicated,,Daylight,"Mud, dirt",Cloudy,"Surface condition (e.g., wet, icy)",Intersection:  Four-way intersection,Paved,,Property Damage Only,0,0,0,0,0,0,4000,2,2,,POINT (-96.051914126556 42.997492337308)
2014789335,14021043,03/03/2014,03-March,2-Monday,09:35,0900 Hours,District 2 (Northeast),CEDAR FALLS,BLACK HAWK,IA 27,IA 27 & GREENHILL RD,Collision with:  Vehicle in traffic,On Roadway,Rear-end (front to rear),Driving too fast for conditions,None Indicated,,Daylight,Snow,Clear,"Surface condition (e.g., wet, icy)",Non-intersection:  Non-junction/no special feature,Paved,,Property Damage Only,0,0,0,0,0,0,7000,3,4,,POINT (-92.452778978593 42.498737897842)
2014789211,141-009016,03/03/2014,03-March,2-Monday,17:08,1700 Hours,District 5 (Southeast),MUSCATINE,MUSCATINE,,W 4TH ST,Non-collision events:  Other non-collision (explain in narrative),On Roadway,Non-collision (single vehicle),Other (explain in narrative):  No improper action,None Indicated,,Daylight,Wet,Clear,None apparent,Non-intersection:  Non-junction/no special feature,Paved,,Possible/Unknown,0,1,0,0,1,0,0,1,1,,POINT (-91.047774606937 41.422595056108)
2014789234,20140005826,03/03/2014,03-March,2-Monday,19:30,1900 Hours,District 1 (Central),DES MOINES,POLK,US 6,US 6/MERLE HAY RD,Collision with:  Vehicle in traffic,On Roadway,Rear-end (front to rear),Driving too fast for conditions,None Indicated,,Dark - roadway lighted,Ice/frost,Cloudy,"Surface condition (e.g., wet, icy)",Non-intersection:  Non-junction/no special feature,Paved,,Property Damage Only,0,0,0,0,0,0,3000,2,2,,POINT (-93.697749367874 41.621821673768)
2014788874,20140005763,03/03/2014,03-March,2-Monday,10:08,1000 Hours,District 1 (Central),DES MOINES,POLK,,GRAND AVE & 42ND ST,Collision with:  Vehicle in traffic,On Roadway,Broadside (front to side),Ran Traffic Signal,None Indicated,,Daylight,Snow,Clear,None apparent,Intersection:  Four-way intersection,Paved,,Major Injury,0,5,3,2,0,0,38000,2,5,,POINT (-93.67430184762 41.584545623966)
2014791850,2014-12915,03/03/2014,03-March,2-Monday,06:57,0600 Hours,District 6 (East Central),DAVENPORT,SCOTT,US 67,US 67/GAINES ST & IA 461/W RIVER DR,Collision with fixed object:  Guardrail - face,On Roadway,Non-collision (single vehicle),Crossed centerline (undivided),None Indicated,,Daylight,Ice/frost,Clear,"Surface condition (e.g., wet, icy)",Non-intersection:  Other non-intersection (explain in narrative),Paved,,Possible/Unknown,0,1,0,0,1,0,5000,1,1,,POINT (-90.583565744372 41.520189694614)
2014789108,W14-021223,03/03/2014,03-March,2-Monday,18:56,1800 Hours,District 2 (Northeast),WATERLOO,BLACK HAWK,,MARTIN RD & ANSBOROUGH AVE,Collision with:  Vehicle in traffic,On Roadway,"Sideswipe, opposite direction",FTYROW:  Making left turn,None Indicated,,Dark - roadway lighted,Slush,Cloudy,"Surface condition (e.g., wet, icy)",Intersection:  Four-way intersection,Paved,,Property Damage Only,0,0,0,0,0,0,5000,2,3,,POINT (-92.376776324792 42.476672712931)
2014789251,14-008268,03/03/2014,03-March,2-Monday,08:00,0800 Hours,District 4 (Southwest),COUNCIL BLUFFS,POTTAWATTAMIE,,AVE C,Collision with:  Vehicle in traffic,On Roadway,Rear-end (front to rear),Lost Control,None Indicated,,Daylight,Snow,Clear,None apparent,Non-intersection:  Non-junction/no special feature,Paved,,Property Damage Only,0,0,0,0,0,0,2000,2,1,,POINT (-95.906227527746 41.264564639836)
2014790223,C14000670,03/03/2014,03-March,2-Monday,10:02,1000 Hours,District 6 (East Central),CORALVILLE,JOHNSON,,12TH AVE,Collision with:  Vehicle in traffic,On Roadway,"Sideswipe, same direction",FTYROW:  From driveway,None Indicated,,Daylight,Snow,Cloudy,None apparent,Non-intersection:  Driveway access (within),Paved,,Property Damage Only,0,0,0,0,0,0,2500,2,2,,POINT (-91.580984324791 41.675553786087)
2014790295,14-001080,03/03/2014,03-March,2-Monday,17:00,1700 Hours,District 1 (Central),AMES,STORY,,LINCOLN WAY & BEACH AVE,Collision with:  Vehicle in traffic,On Roadway,Rear-end (front to rear),Ran off road - right,None Indicated,,Daylight,Snow,Clear,"Surface condition (e.g., wet, icy)",Intersection:  Four-way intersection,Paved,,Possible/Unknown,0,1,0,0,1,0,1600,2,2,,POINT (-93.639498420319 42.022732640742)
2014789215,SO14000500,03/03/2014,03-March,2-Monday,06:42,0600 Hours,District 3 (Northwest),,PLYMOUTH,US 75,US 75,Collision with fixed object:  Culvert/pipe opening,Shoulder,Non-collision (single vehicle),Ran off road - left,None Indicated,,Dawn,Dry,Clear,None apparent,Non-intersection:  Non-junction/no special feature,Paved,,Possible/Unknown,0,1,0,0,1,0,5250,1,1,,POINT (-96.289726800724 42.635311280129)
2014789849,2014015143,03/03/2014,03-March,2-Monday,21:50,2100 Hours,District 5 (Southeast),,WARREN,I-35,I-35 & Co Rd G14/HWY G14,Collision with fixed object:  Bridge overhead structure,On Roadway,Non-collision (single vehicle),Ran off road - right,None Indicated,,Dark - roadway not lighted,Dry,Cloudy,None apparent,Non-intersection:  Other non-intersection (explain in narrative),Paved,,Minor Injury,0,1,0,1,0,0,34883,1,1,,POINT (-93.780129979051 41.483084562365)
2014789568,CL14000637,03/03/2014,03-March,2-Monday,17:13,1700 Hours,District 6 (East Central),CLINTON,CLINTON,,15TH AVE S & S 10TH ST,Collision with:  Vehicle in traffic,On Roadway,Broadside (front to side),Ran Stop Sign,None Indicated,,Daylight,Ice/frost,Clear,"Surface condition (e.g., wet, icy)",Intersection:  T-intersection,Paved,,Possible/Unknown,0,1,0,0,1,0,6000,2,5,,POINT (-90.20901092113 41.830153899661)
2014788796,14-1400,03/03/2014,03-March,2-Monday,08:00,0800 Hours,District 1 (Central),ANKENY,POLK,IA 415,IA 415/NW 35TH ST,Collision with:  Parked motor vehicle,Shoulder,Rear-end (front to rear),FTYROW:  Other (explain in narrative),None Indicated,,Daylight,Dry,Clear,None apparent,Non-intersection:  Non-junction/no special feature,Paved,,Property Damage Only,0,0,0,0,0,0,41000,2,3,,POINT (-93.65688256189 41.702793357648)
2014788630,14021013,03/03/2014,03-March,2-Monday,07:55,0700 Hours,District 2 (Northeast),CEDAR FALLS,BLACK HAWK,,GREENHILL RD & HUDSON RD,Collision with:  Vehicle in traffic,On Roadway,Unknown,Unknown,None Indicated,,Daylight,Ice/frost,Clear,"Surface condition (e.g., wet, icy)",Intersection:  Four-way intersection,Paved,,Property Damage Only,0,0,0,0,0,0,2000,2,2,,POINT (-92.465435524876 42.498788624961)
2014789422,201403072,03/03/2014,03-March,2-Monday,07:06,0700 Hours,District 6 (East Central),CEDAR RAPIDS,LINN,,30TH ST DR SE,Collision with:  Vehicle in traffic,On Roadway,"Angle, oncoming left turn",FTYROW:  Making left turn,None Indicated,,Daylight,Snow,Clear,None apparent,Intersection:  Four-way intersection,Paved,,Property Damage Only,0,0,0,0,0,0,3000,2,2,,POINT (-91.633578446007 42.007292952031)
2014789496,14-6343,03/03/2014,03-March,2-Monday,15:59,1500 Hours,District 3 (Northwest),SIOUX CITY,WOODBURY,,46TH ST & RUSTIN ST,Collision with fixed object:  Other fixed object (explain in narrative),Outside trafficway,Non-collision (single vehicle),Ran off road - right,Refused,,Daylight,Other (explain in narrative),Cloudy,None apparent,Intersection:  Four-way intersection,Unpaved,,Possible/Unknown,0,1,0,0,1,0,3400,1,1,,POINT (-96.371380538629 42.548275360959)
2014806324,14-050303-01,03/03/2014,03-March,2-Monday,07:10,0700 Hours,District 6 (East Central),,IOWA,IA 220,IA 220/220TH TRL,Collision with:  Vehicle in traffic,On Roadway,Rear-end (front to rear),Driving too fast for conditions,None Indicated,,Daylight,Wet,Clear,None apparent,Non-intersection:  Non-junction/no special feature,Paved,,Property Damage Only,0,0,0,0,0,0,4000,2,3,,POINT (-91.887959209952 41.803517555546)
2014789800,14-001022,03/03/2014,03-March,2-Monday,12:10,1200 Hours,District 1 (Central),ANKENY,POLK,,SW ORDNANCE RD & SW WALNUT ST,Collision with:  Vehicle in traffic,On Roadway,Broadside (front to side),Ran Stop Sign,None Indicated,,Daylight,Wet,Clear,None apparent,Intersection:  Four-way intersection,Paved,,Property Damage Only,0,0,0,0,0,0,5500,2,3,,POINT (-93.60600544992 41.724419644266)
2014790297,14-001088,03/03/2014,03-March,2-Monday,10:30,1000 Hours,District 1 (Central),AMES,STORY,,MAYFIELD DR,Collision with:  Vehicle in traffic,On Roadway,"Sideswipe, opposite direction",Driving too fast for conditions,None Indicated,,Daylight,Snow,Clear,"Surface condition (e.g., wet, icy)",Non-intersection:  Non-junction/no special feature,Paved,,Property Damage Only,0,0,0,0,0,0,6000,2,1,,POINT (-93.672230126097 42.011053220498)
2014789474,14-001059,03/03/2014,03-March,2-Monday,00:48,0000 Hours,District 1 (Central),STORY CITY,STORY,,LINCOLN WAY & N OAK AVE,Collision with fixed object:  Curb/island/raised median,On Roadway,Non-collision (single vehicle),Other (explain in narrative):  Other,None Indicated,,Dark - roadway lighted,Snow,Clear,"Surface condition (e.g., wet, icy)",Intersection:  Four-way intersection,Paved,,Property Damage Only,0,0,0,0,0,0,1650,1,1,,POINT (-93.623676201969 42.022855729049)
2014794485,,03/03/2014,03-March,2-Monday,14:32,1400 Hours,District 4 (Southwest),,FREMONT,US 275,US 275,Collision with fixed object:  Utility pole/light support,Shoulder,Non-collision (single vehicle),Ran off road - right,None Indicated,,Daylight,Dry,Clear,None apparent,Non-intersection:  Non-junction/no special feature,Paved,,Property Damage Only,0,0,0,0,0,0,4000,1,1,,POINT (-95.671237905321 40.872918307647)
2014789894,14021058,03/03/2014,03-March,2-Monday,10:30,1000 Hours,District 2 (Northeast),CEDAR FALLS,BLACK HAWK,,SEERLEY BLVD & WALNUT ST,Collision with:  Vehicle in traffic,On Roadway,Broadside (front to side),FTYROW:  From stop sign,None Indicated,,Daylight,Snow,Clear,None apparent,Intersection:  Other intersection (explain in narrative),Paved,,Property Damage Only,0,0,0,0,0,0,4000,2,4,,POINT (-92.453420489432 42.515906073826)
2014789591,2014-002382,03/03/2014,03-March,2-Monday,01:36,0100 Hours,District 6 (East Central),IOWA CITY,JOHNSON,I-80,I-80,Collision with fixed object:  Utility pole/light support,Outside trafficway,Non-collision (single vehicle),Ran off road - right,Alcohol (Statutory),,Dark - roadway not lighted,Dry,Clear,None apparent,Non-intersection:  Non-junction/no special feature,Paved,,Property Damage Only,0,0,0,0,0,0,8500,1,1,,POINT (-91.544624552 41.685997296914)
2014789106,W14-021007,03/03/2014,03-March,2-Monday,07:45,0700 Hours,District 2 (Northeast),WATERLOO,BLACK HAWK,,W PARK LN & HILLCREST RD,Collision with:  Vehicle in traffic,On Roadway,Rear-end (front to rear),Followed too close,None Indicated,,Daylight,Snow,Clear,"Surface condition (e.g., wet, icy)",Intersection:  T-intersection,Paved,,Minor Injury,0,1,0,1,0,0,1500,2,3,,POINT (-92.362058716238 42.465586560081)
2014790487,201400010435,03/03/2014,03-March,2-Monday,09:43,0900 Hours,District 5 (Southeast),OTTUMWA,WAPELLO,,S JEFFERSON ST,Collision with:  Vehicle in traffic,On Roadway,Rear-end (front to rear),Driving too fast for conditions,None Indicated,,Daylight,Snow,Clear,"Surface condition (e.g., wet, icy)",Non-intersection:  Other non-intersection (explain in narrative),Paved,,Major Injury,0,2,1,0,1,0,8000,4,4,,POINT (-92.410850191668 41.014051001322)
2014791908,,03/03/2014,03-March,2-Monday,16:18,1600 Hours,District 6 (East Central),MAQUOKETA,JACKSON,,W LOCUST ST & S 2ND ST,Collision with:  Vehicle in traffic,On Roadway,Broadside (front to side),Driving too fast for conditions,None Indicated,,Daylight,,Clear,,,Paved,,Property Damage Only,0,0,0,0,0,0,6000,2,8,,POINT (-90.666838290414 42.064566529042)
2014789245,14-1088,03/03/2014,03-March,2-Monday,18:15,1800 Hours,District 1 (Central),WEST DES MOINES,POLK,,8TH ST,Collision with:  Vehicle in traffic,On Roadway,Broadside (front to side),Followed too close,None Indicated,,Dark - roadway lighted,Dry,Cloudy,None apparent,Non-intersection:  Non-junction/no special feature,Paved,,Property Damage Only,0,0,0,0,0,0,1600,2,2,,POINT (-93.713251202281 41.590669697916)
2014789492,14-6292,03/03/2014,03-March,2-Monday,11:18,1100 Hours,District 3 (Northwest),SIOUX CITY,WOODBURY,,DOUGLAS ST,Collision with:  Vehicle in traffic,On Roadway,"Sideswipe, same direction",Unknown,None Indicated,,Daylight,Wet,Clear,None apparent,Non-intersection:  Non-junction/no special feature,Paved,,Property Damage Only,0,0,0,0,0,0,3800,2,2,,POINT (-96.406485172954 42.498954109417)
2014789609,14-001020,03/03/2014,03-March,2-Monday,08:00,0800 Hours,District 1 (Central),ANKENY,POLK,US 69,US 69/S ANKENY BLVD & SE LORENZ DR & DMACC BLVD,Collision with:  Vehicle in traffic,On Roadway,Rear-end (front to rear),Other (explain in narrative):  Other,None Indicated,,Daylight,Dry,Clear,None apparent,Non-intersection:  Non-junction/no special feature,Paved,,Property Damage Only,0,0,0,0,0,0,6050,2,2,,POINT (-93.600523308737 41.708956288952)
2014789124,14001182,03/03/2014,03-March,2-Monday,12:11,1200 Hours,District 2 (Northeast),,CERRO GORDO,IA 122,IA 122/IOWA 122 & KINGBIRD AVE,Collision with:  Vehicle in traffic,On Roadway,"Angle, oncoming left turn",FTYROW:  Making left turn,None Indicated,,Daylight,Dry,Clear,None apparent,Intersection:  T-intersection,Paved,,Possible/Unknown,0,2,0,0,2,0,10400,2,2,,POINT (-93.286919368885 43.148323212848)