Iowa DOT Case Number,Law Enforcement Case Number,Date of Crash,Month of Crash,Day of Week,Time of Crash,Hour,DOT District,City Name,County Name,Route with System,Location Description,First Harmful Event,Location of First Harmful Event,Manner of Crash/Collision,Major Cause,Drug or Alcohol ,Environmental Conditions,Light Conditions,Surface Conditions,Weather Conditions,Roadway Contribution,Roadway Type,Roadway Surface,Work Zone,Crash Severity,Number of Fatalities,Number of Injuries,Number of Major Injuries,Number of Minor Injuries,Number of Possible Injuries,Number of Unknown Injuries,Amount of Property Damage,Number of Vehicles Involved,Total Number of Occupants,Travel Direction,Location
2014789831,14-2382,03/04/2014,03-March,3-Tuesday,08:28,0800 Hours,District 3 (Northwest),,SIOUX,,410TH ST,Non-collision events:  Overturn/rollover,Roadside,Non-collision (single vehicle),Swerving/Evasive Action,None Indicated,,Daylight,Snow,Cloudy,"Surface condition (e.g., wet, icy)",Non-intersection:  Non-junction/no special feature,Unpaved,,Property Damage Only,0,0,0,0,0,0,8050,1,1,,POINT (-96.084664100205 43.055716713461)
2014798762,201400611,03/04/2014,03-March,3-Tuesday,07:54,0700 Hours,District 6 (East Central),,LINN,,Co Rd E16/SAWYER RD,Collision with:  Vehicle in traffic,On Roadway,Rear-end (front to rear),Followed too close,None Indicated,,Daylight,Snow,Clear,"Surface condition (e.g., wet, icy)",Non-intersection:  Non-junction/no special feature,Paved,,Property Damage Only,0,0,0,0,0,0,6000,2,2,,POINT (-91.437707208885 42.206891937291)
2014789728,14001772,03/04/2014,03-March,3-Tuesday,08:00,0800 Hours,District 6 (East Central),,DELAWARE,,165TH ST,Non-collision events:  Overturn/rollover,Shoulder,Non-collision (single vehicle),Ran off road - right,None Indicated,,Daylight,Ice/frost,Snow,"Surface condition (e.g., wet, icy)",Non-intersection:  Non-junction/no special feature,Paved,,Property Damage Only,0,0,0,0,0,0,2500,1,1,,POINT (-91.473937009962 42.54951809542)
2014789763,2014002447,03/04/2014,03-March,3-Tuesday,19:09,1900 Hours,District 6 (East Central),IOWA CITY,JOHNSON,I-80,I-80,Collision with:  Animal,,,Animal,None Indicated,,,,,,,Paved,,Property Damage Only,0,0,0,0,0,0,4000,1,1,,POINT (-91.502101687753 41.686018267922)
2014789586,14-7502,03/05/2014,03-March,4-Wednesday,18:59,1800 Hours,District 5 (Southeast),WEST BURLINGTON,DES MOINES,,W VAN WEISS BLVD,Collision with fixed object:  Curb/island/raised median,On Roadway,Non-collision (single vehicle),Ran off road - right,None Indicated,,Dark - roadway lighted,Snow,Snow,"Surface condition (e.g., wet, icy)",Non-intersection:  Non-junction/no special feature,Paved,,Property Damage Only,0,0,0,0,0,0,3800,1,2,,POINT (-91.15325494002 40.818642984312)
2014789545,W14-021892,03/05/2014,03-March,4-Wednesday,16:24,1600 Hours,District 2 (Northeast),WATERLOO,BLACK HAWK,,KIMBALL AVE,Collision with:  Vehicle in traffic,On Roadway,Broadside (front to side),FTYROW:  Making left turn,None Indicated,,Daylight,Dry,Clear,None apparent,Non-intersection:  Other non-intersection (explain in narrative),Paved,,Property Damage Only,0,0,0,0,0,0,2000,2,3,,POINT (-92.357028925915 42.469755193768)
2014789766,2014002477,03/05/2014,03-March,4-Wednesday,14:30,1400 Hours,District 6 (East Central),IOWA CITY,JOHNSON,I-80,I-80 & N DUBUQUE ST,Collision with:  Vehicle in traffic,On Roadway,Rear-end (front to rear),Followed too close,None Indicated,,Daylight,Dry,Clear,None apparent,Interchange-related:  Off-ramp,Paved,,Possible/Unknown,0,1,0,0,1,0,1100,2,4,,POINT (-91.53898668876 41.685583491264)
2014789997,14-009248,03/05/2014,03-March,4-Wednesday,10:09,1000 Hours,District 5 (Southeast),MUSCATINE,MUSCATINE,,CLEVELAND ST,Collision with:  Vehicle in traffic,On Roadway,Rear-end (front to rear),Followed too close,None Indicated,,Daylight,Snow,Snow,"Surface condition (e.g., wet, icy)",Non-intersection:  Non-junction/no special feature,Paved,,Property Damage Only,0,0,0,0,0,0,1700,2,3,,POINT (-91.032377249383 41.451803189015)
2014790960,2014002472,03/05/2014,03-March,4-Wednesday,12:39,1200 Hours,District 6 (East Central),IOWA CITY,JOHNSON,,JOHNSON ST,Collision with:  Parked motor vehicle,On Roadway,"Sideswipe, same direction",Other (explain in narrative):  Other,None Indicated,,Daylight,Dry,Cloudy,None apparent,Non-intersection:  Non-junction/no special feature,Paved,,Property Damage Only,0,0,0,0,0,0,4300,3,1,,POINT (-91.527234739499 41.659809028068)
2014790198,14003347,03/05/2014,03-March,4-Wednesday,08:18,0800 Hours,District 2 (Northeast),MASON CITY,CERRO GORDO,US 65,US 65/S FEDERAL AVE & IA 122/5TH ST SE/5TH ST SW,Collision with:  Vehicle in traffic,On Roadway,Broadside (front to side),Ran Traffic Signal,None Indicated,,Daylight,Snow,Clear,None apparent,Intersection:  Four-way intersection,Paved,,Property Damage Only,0,0,0,0,0,0,5000,2,2,,POINT (-93.201048859827 43.147164595842)
2014790178,14-021927,03/05/2014,03-March,4-Wednesday,17:09,1700 Hours,District 2 (Northeast),,BLACK HAWK,,Co Rd V51/S CANFIELD RD,Collision with fixed object:  Ditch,On Roadway,Non-collision (single vehicle),Ran off road - right,None Indicated,,Daylight,Ice/frost,Clear,"Surface condition (e.g., wet, icy)",Non-intersection:  Non-junction/no special feature,Paved,,Property Damage Only,0,0,0,0,0,0,3000,1,1,,POINT (-92.159817948946 42.471568192545)
2014789583,14-07515,03/05/2014,03-March,4-Wednesday,20:19,2000 Hours,District 5 (Southeast),BURLINGTON,DES MOINES,,WEST AVE & GARFIELD AVE,Collision with:  Vehicle in traffic,On Roadway,Broadside (front to side),Other (explain in narrative):  Other,None Indicated,,Dark - roadway lighted,Snow,Snow,"Surface condition (e.g., wet, icy)",Non-intersection:  Non-junction/no special feature,Paved,,Property Damage Only,0,0,0,0,0,0,2500,2,6,,POINT (-91.119552764253 40.799911637701)
2014790735,,03/05/2014,03-March,4-Wednesday,16:28,1600 Hours,District 6 (East Central),CEDAR RAPIDS,LINN,,C ST SW,Collision with:  Vehicle in traffic,On Roadway,Rear-end (front to rear),Unknown,None Indicated,,Daylight,Dry,Clear,,Non-intersection:  Railroad grade crossing,Paved,,Property Damage Only,0,0,0,0,0,0,1500,2,2,,POINT (-91.637802247285 41.945694136882)
2014789543,W14-021867,03/05/2014,03-March,4-Wednesday,15:17,1500 Hours,District 2 (Northeast),WATERLOO,BLACK HAWK,,W 3RD ST,Collision with:  Vehicle in traffic,On Roadway,"Angle, oncoming left turn",FTYROW:  Making left turn,None Indicated,,Daylight,Dry,Clear,None apparent,Non-intersection:  Other non-intersection (explain in narrative),Paved,,Property Damage Only,0,0,0,0,0,0,2000,2,3,,POINT (-92.343257587028 42.495451865621)
2014789788,14680563,03/05/2014,03-March,4-Wednesday,19:30,1900 Hours,District 5 (Southeast),,MONROE,,Co Rd H16/110TH ST,Collision with fixed object:  Ditch,On Roadway,Non-collision (single vehicle),Crossed centerline (undivided),None Indicated,,Dark - roadway not lighted,"Mud, dirt",Clear,"Surface condition (e.g., wet, icy)",Non-intersection:  Non-junction/no special feature,Unpaved,,Possible/Unknown,0,1,0,0,0,1,6000,1,1,,POINT (-92.736156773781 41.147763807415)
2014789572,CL14000650,03/05/2014,03-March,4-Wednesday,08:53,0800 Hours,District 6 (East Central),CLINTON,CLINTON,US 30,US 30/LINCOLN WAY,Collision with:  Vehicle in traffic,On Roadway,"Sideswipe, same direction",Other (explain in narrative):  Other,None Indicated,,Daylight,Snow,Snow,"Surface condition (e.g., wet, icy)",Non-intersection:  Non-junction/no special feature,Paved,,Property Damage Only,0,0,0,0,0,0,3000,2,2,,POINT (-90.240810334195 41.815612938338)
2014789671,2014-13396,03/05/2014,03-March,4-Wednesday,11:47,1100 Hours,District 6 (East Central),DAVENPORT,SCOTT,,E 2ND ST & PERSHING AVE,Collision with:  Parked motor vehicle,On Roadway,"Sideswipe, same direction",Lost Control,None Indicated,,Daylight,Wet,Snow,None apparent,Non-intersection:  Non-junction/no special feature,Paved,,Property Damage Only,0,0,0,0,0,0,1500,2,1,,POINT (-90.571144721825 41.521305871278)
2014790227,C14000705,03/05/2014,03-March,4-Wednesday,20:10,2000 Hours,District 6 (East Central),CORALVILLE,JOHNSON,,20TH AVE PL,Collision with:  Parked motor vehicle,On Roadway,Unknown,Improper Backing,None Indicated,,Dark - roadway lighted,Dry,Clear,None apparent,Non-intersection:  Non-junction/no special feature,Paved,,Property Damage Only,0,0,0,0,0,0,2500,2,1,,POINT (-91.591316752781 41.684327491733)
2014789625,14-1111,03/05/2014,03-March,4-Wednesday,17:05,1700 Hours,District 1 (Central),WEST DES MOINES,POLK,,WESTOWN PL & 35TH ST/VALLEY WEST DR,Collision with:  Vehicle in traffic,On Roadway,"Angle, oncoming left turn",FTYROW:  Making left turn,None Indicated,,Daylight,Dry,Cloudy,None apparent,Intersection:  Four-way intersection,Paved,,Property Damage Only,0,0,0,0,0,0,1600,2,2,,POINT (-93.751903493306 41.596413202642)
2014806800,32020-14,03/05/2014,03-March,4-Wednesday,23:10,2300 Hours,District 3 (Northwest),,EMMET,,Co Rd N60/540 AVE,Collision with fixed object:  Ditch,On Roadway,Non-collision (single vehicle),Ran off road - right,None Indicated,,Dark - roadway not lighted,Ice/frost,Clear,"Surface condition (e.g., wet, icy)",Non-intersection:  Non-junction/no special feature,Paved,,Minor Injury,0,1,0,1,0,0,4000,1,1,,POINT (-94.521984492681 43.285711802067)
2014789891,14021829,03/05/2014,03-March,4-Wednesday,12:19,1200 Hours,District 2 (Northeast),CEDAR FALLS,BLACK HAWK,IA 27,IA 27/SW RAMP,Collision with:  Vehicle in traffic,On Roadway,Rear-end (front to rear),Improper or erratic lane changing,None Indicated,,Daylight,Dry,Cloudy,None apparent,Interchange-related:  On-ramp merge area,Paved,,Property Damage Only,0,0,0,0,0,0,3000,2,2,,POINT (-92.445013334644 42.509867791051)
2014792899,CL14000654,03/05/2014,03-March,4-Wednesday,15:00,1500 Hours,District 6 (East Central),CLINTON,CLINTON,,5TH AVE S,Collision with fixed object:  Other fixed object (explain in narrative),Outside trafficway,Non-collision (single vehicle),Ran off road - straight,None Indicated,,Daylight,Slush,Cloudy,"Surface condition (e.g., wet, icy)",Non-intersection:  Non-junction/no special feature,Paved,,Property Damage Only,0,0,0,0,0,0,2000,1,3,,POINT (-90.18883962701 41.841206948003)
2014791162,2014015624,03/05/2014,03-March,4-Wednesday,16:56,1600 Hours,District 5 (Southeast),,DECATUR,,Co Rd J20/COUNTY HWY J20,Collision with:  Vehicle in traffic,On Roadway,"Sideswipe, opposite direction",Crossed centerline (undivided),Drug,,Daylight,Ice/frost,Cloudy,"Surface condition (e.g., wet, icy)",Non-intersection:  Non-junction/no special feature,Paved,,Fatal,3,1,0,1,0,0,14500,2,4,,POINT (-93.787789192042 40.812484930997)
2014789653,2014-13359,03/05/2014,03-March,4-Wednesday,08:01,0800 Hours,District 6 (East Central),DAVENPORT,SCOTT,,KIRKWOOD BLVD,Collision with fixed object:  Tree,Outside trafficway,Non-collision (single vehicle),Ran off road - left,None Indicated,,Daylight,Snow,Snow,None apparent,Non-intersection:  Non-junction/no special feature,Paved,,Property Damage Only,0,0,0,0,0,0,2200,1,5,,POINT (-90.556796672094 41.535718240487)
2014789573,CL14000660,03/05/2014,03-March,4-Wednesday,19:49,1900 Hours,District 6 (East Central),CLINTON,CLINTON,,19TH AVE N & PERSHING BLVD,Collision with:  Vehicle in traffic,On Roadway,Broadside (front to side),FTYROW:  From stop sign,None Indicated,,Dark - roadway lighted,Dry,Clear,None apparent,Intersection:  Four-way intersection,Paved,,Property Damage Only,0,0,0,0,0,0,18656,2,3,,POINT (-90.183395459163 41.866460505398)
2014789998,14-009258,03/05/2014,03-March,4-Wednesday,11:33,1100 Hours,District 5 (Southeast),MUSCATINE,MUSCATINE,,CLAY ST,Collision with:  Vehicle in traffic,On Roadway,Broadside (front to side),FTYROW:  From driveway,None Indicated,,Daylight,Snow,Snow,"Surface condition (e.g., wet, icy)",Non-intersection:  Driveway access (within),Paved,,Property Damage Only,0,0,0,0,0,0,2000,2,2,,POINT (-91.031230264056 41.442227269498)
2014789841,14-6578,03/05/2014,03-March,4-Wednesday,19:26,1900 Hours,District 3 (Northwest),SIOUX CITY,WOODBURY,,14TH ST & PACIFIC ST,Collision with:  Parked motor vehicle,On Roadway,Unknown,Ran off road - right,None Indicated,,Dark - roadway lighted,Dry,Clear,None apparent,Intersection:  T-intersection,Paved,,Property Damage Only,0,0,0,0,0,0,8000,2,777,,POINT (-96.375509105552 42.504689094763)
2014790505,2014015456,03/05/2014,03-March,4-Wednesday,08:00,0800 Hours,District 6 (East Central),DAVENPORT,SCOTT,I-80,I-80,Collision with:  Vehicle in traffic,On Roadway,Rear-end (front to rear),Followed too close,None Indicated,,Daylight,Ice/frost,"Blowing sand, soil, dirt","Surface condition (e.g., wet, icy)",Non-intersection:  Non-junction/no special feature,Paved,,Property Damage Only,0,0,0,0,0,0,8000,2,2,,POINT (-90.543906492555 41.595650929278)
2014789615,20140005986,03/05/2014,03-March,4-Wednesday,13:25,1300 Hours,District 1 (Central),DES MOINES,POLK,IA 163,IA 163/E UNIVERSITY AVE,Collision with:  Vehicle in traffic,On Roadway,"Sideswipe, same direction",FTYROW:  Other (explain in narrative),None Indicated,,Daylight,Dry,Cloudy,None apparent,Non-intersection:  Non-junction/no special feature,Paved,,Property Damage Only,0,0,0,0,0,0,1800,2,3,,POINT (-93.564333009075 41.600495358905)
2014797039,14C00936,03/05/2014,03-March,4-Wednesday,15:27,1500 Hours,District 4 (Southwest),CRESTON,UNION,,SPARTAN DR,Collision with:  Parked motor vehicle,Roadside,"Angle, oncoming left turn",Other (explain in narrative):  Other,None Indicated,,Daylight,Dry,Cloudy,None apparent,Non-intersection:  Non-junction/no special feature,Paved,,Property Damage Only,0,0,0,0,0,0,2000,2,1,,POINT (-94.381843137526 41.073777734372)
2014790504,2014015447,03/05/2014,03-March,4-Wednesday,06:40,0600 Hours,District 6 (East Central),DAVENPORT,SCOTT,I-80,I-80,Collision with fixed object:  Other fixed object (explain in narrative),Median,Non-collision (single vehicle),Ran off road - left,None Indicated,,Daylight,Wet,"Blowing sand, soil, dirt",None apparent,Non-intersection:  Non-junction/no special feature,Paved,,Property Damage Only,0,0,0,0,0,0,7000,1,3,,POINT (-90.601461945395 41.599802858469)
2014792602,1401472,03/05/2014,03-March,4-Wednesday,20:45,2000 Hours,District 5 (Southeast),WASHINGTON,WASHINGTON,IA 92,IA 92 & 247TH ST & WILEY AVE,Collision with:  Vehicle in traffic,On Roadway,Rear-end (front to rear),Followed too close,None Indicated,,Dark - roadway lighted,Ice/frost,Snow,"Surface condition (e.g., wet, icy)",Intersection:  Four-way intersection,Paved,,Possible/Unknown,0,1,0,0,1,0,1000,2,3,,POINT (-91.663436497987 41.297745853052)
2014789658,2014-13383,03/05/2014,03-March,4-Wednesday,09:45,0900 Hours,District 6 (East Central),DAVENPORT,SCOTT,US 67,US 67/E RIVER DR,Collision with:  Vehicle in traffic,On Roadway,"Sideswipe, opposite direction",Ran off road - left,None Indicated,,Daylight,Ice/frost,Snow,None apparent,Non-intersection:  Non-junction/no special feature,Paved,,Property Damage Only,0,0,0,0,0,0,3500,2,2,,POINT (-90.548994985333 41.529328707408)
2014790465,2014-13360,03/05/2014,03-March,4-Wednesday,07:55,0700 Hours,District 6 (East Central),DAVENPORT,SCOTT,,E 12TH ST & JERSEY RIDGE RD,Collision with:  Vehicle in traffic,On Roadway,Broadside (front to side),FTYROW:  Making left turn,None Indicated,,Daylight,Snow,Snow,"Surface condition (e.g., wet, icy)",Intersection:  T-intersection,Paved,,Property Damage Only,0,0,0,0,0,0,3000,2,2,,POINT (-90.543507496165 41.532129624434)
2014789669,2014-13420,03/05/2014,03-March,4-Wednesday,14:17,1400 Hours,District 6 (East Central),DAVENPORT,SCOTT,,E 7TH ST & PERRY ST,Collision with:  Parked motor vehicle,On Roadway,Broadside (front to side),Unknown,None Indicated,,Daylight,Snow,Snow,Unknown,Non-intersection:  Driveway access (within),Paved,,Property Damage Only,0,0,0,0,0,0,3000,2,1,,POINT (-90.572617901332 41.5267768735)
2014789764,2014002473,03/05/2014,03-March,4-Wednesday,13:20,1300 Hours,District 6 (East Central),IOWA CITY,JOHNSON,IA 1,IA 1/GOVERNOR ST & MARKET ST,Collision with:  Vehicle in traffic,On Roadway,"Sideswipe, same direction",Made improper turn,None Indicated,,Daylight,Wet,Cloudy,None apparent,Intersection:  Four-way intersection,Paved,,Property Damage Only,0,0,0,0,0,0,2600,2,2,,POINT (-91.522802388062 41.663507992282)
2014789488,14-0634,03/05/2014,03-March,4-Wednesday,15:40,1500 Hours,District 1 (Central),FORT DODGE,WEBSTER,,S 21ST ST,Collision with:  Vehicle in traffic,On Roadway,Rear-end (front to rear),Driver Distraction:  Reaching for object(s)/fallen object(s),None Indicated,,Daylight,Wet,Cloudy,None apparent,Intersection:  Four-way intersection,Paved,,Possible/Unknown,0,1,0,0,1,0,3500,2,3,,POINT (-94.169441938046 42.501381256154)
2014790508,2014015487,03/05/2014,03-March,4-Wednesday,09:40,0900 Hours,District 6 (East Central),,SCOTT,I-80,I-80,Collision with fixed object:  Other fixed object (explain in narrative),Shoulder,Non-collision (single vehicle),Ran off road - left,None Indicated,,Daylight,Ice/frost,"Blowing sand, soil, dirt","Surface condition (e.g., wet, icy)",Non-intersection:  Non-junction/no special feature,Paved,,Property Damage Only,0,0,0,0,0,0,13000,1,1,,POINT (-90.881265164 41.632997730499)
2014791161,2014015611,03/05/2014,03-March,4-Wednesday,16:45,1600 Hours,District 5 (Southeast),,MUSCATINE,US 61,US 61,Non-collision events:  Overturn/rollover,On Roadway,Non-collision (single vehicle),Ran off road - right,None Indicated,,Daylight,Ice/frost,Snow,None apparent,Non-intersection:  Non-junction/no special feature,Paved,,Minor Injury,0,1,0,1,0,0,12000,1,1,,POINT (-90.985385773225 41.488241689681)
2014789801,14-0269,03/05/2014,03-March,4-Wednesday,13:40,1300 Hours,District 4 (Southwest),CLIVE,DALLAS,US 6,US 6/HICKMAN AVE & NW 156TH ST,Collision with:  Vehicle in traffic,On Roadway,Rear-end (front to rear),Swerving/Evasive Action,None Indicated,,Daylight,Dry,Cloudy,None apparent,Intersection:  Four-way intersection,Paved,,Property Damage Only,0,0,0,0,0,0,8000,2,3,,POINT (-93.833637923348 41.61480968039)
2014790905,14001825,03/05/2014,03-March,4-Wednesday,11:30,1100 Hours,District 6 (East Central),,BUCHANAN,IA 150,IA 150/JACKSON AVE,Non-collision events:  Overturn/rollover,Outside trafficway,Non-collision (single vehicle),Driving too fast for conditions,None Indicated,,Daylight,Ice/frost,Cloudy,"Surface condition (e.g., wet, icy)",Non-intersection:  Non-junction/no special feature,Paved,,Property Damage Only,0,0,0,0,0,0,6000,1,1,,POINT (-91.904853255947 42.548413639159)
2014790742,,03/05/2014,03-March,4-Wednesday,08:30,0800 Hours,District 6 (East Central),CEDAR RAPIDS,LINN,,J ST SW,Collision with:  Vehicle in traffic,On Roadway,"Angle, oncoming left turn",Unknown,None Indicated,,Daylight,Dry,Clear,,Non-intersection:  Non-junction/no special feature,Paved,,Property Damage Only,0,0,0,0,0,0,3899,2,3,,POINT (-91.667181286766 41.947290896686)
2014789689,14-1242,03/05/2014,03-March,4-Wednesday,16:38,1600 Hours,District 2 (Northeast),,KOSSUTH,,Co Rd R14/240 AVE,Non-collision events:  Overturn/rollover,On Roadway,Non-collision (single vehicle),Driving too fast for conditions,None Indicated,,Daylight,Ice/frost,Clear,"Surface condition (e.g., wet, icy)",Non-intersection:  Non-junction/no special feature,Paved,,Minor Injury,0,1,0,1,0,0,1750,1,3,,POINT (-93.990058579434 43.181021670344)
2014790584,TC1414,03/05/2014,03-March,4-Wednesday,08:10,0800 Hours,District 4 (Southwest),MISSOURI VALLEY,HARRISON,,W HURON ST & E HURON ST & N 1ST ST,Collision with:  Vehicle in traffic,On Roadway,Broadside (front to side),FTYROW:  From stop sign,None Indicated,,Daylight,Dry,Cloudy,None apparent,Intersection:  Four-way intersection,Paved,,Possible/Unknown,0,1,0,0,1,0,11000,2,2,,POINT (-95.894749740088 41.557364454557)
2014808073,2014015610,03/05/2014,03-March,4-Wednesday,16:45,1600 Hours,District 2 (Northeast),,BUTLER,IA 57,IA 57/IOWA 57,Non-collision events:  Overturn/rollover,Roadside,Non-collision (single vehicle),Swerving/Evasive Action,None Indicated,,Daylight,Ice/frost,Cloudy,"Surface condition (e.g., wet, icy)",Non-intersection:  Non-junction/no special feature,Paved,,Property Damage Only,0,0,0,0,0,0,4000,1,1,,POINT (-92.63301220684 42.558210703958)
2014789757,14-003338,03/05/2014,03-March,4-Wednesday,18:31,1800 Hours,District 5 (Southeast),,HENRY,US 218,US 218,Collision with fixed object:  Curb/island/raised median,On Roadway,Non-collision (single vehicle),Ran off road - left,None Indicated,,Dark - roadway not lighted,Ice/frost,Snow,None apparent,Non-intersection:  Non-junction/no special feature,Paved,,Property Damage Only,0,0,0,0,0,0,7000,1,1,,POINT (-91.544480795795 41.047126385375)
2014791160,2014015470,03/05/2014,03-March,4-Wednesday,08:15,0800 Hours,District 6 (East Central),,JACKSON,US 61,US 61 & 91 ST,Collision with:  Vehicle in traffic,On Roadway,Broadside (front to side),FTYROW:  From yield sign,None Indicated,,Daylight,Snow,Snow,None apparent,Intersection:  Four-way intersection,Paved,,Minor Injury,0,1,0,1,0,0,13500,2,2,,POINT (-90.676777113859 42.112471793952)
2014789630,14-008536,03/05/2014,03-March,4-Wednesday,10:35,1000 Hours,District 4 (Southwest),COUNCIL BLUFFS,POTTAWATTAMIE,US 6,US 6/KANESVILLE BLVD,Collision with:  Vehicle in traffic,On Roadway,"Sideswipe, same direction",Improper or erratic lane changing,None Indicated,,Daylight,Dry,Cloudy,None apparent,Non-intersection:  Non-junction/no special feature,Paved,,Property Damage Only,0,0,0,0,0,0,3500,2,2,,POINT (-95.818363944174 41.279251670636)
2014789578,140571,03/05/2014,03-March,4-Wednesday,21:56,2100 Hours,District 3 (Northwest),,CRAWFORD,US 59,US 59,Collision with:  Animal,,,Animal,None Indicated,,,,,,,Paved,,Property Damage Only,0,0,0,0,0,0,2500,1,777,,POINT (-95.37501273105 42.024946706498)
2014789611,14-001050,03/05/2014,03-March,4-Wednesday,13:45,1300 Hours,District 1 (Central),ANKENY,POLK,,SE HAYES DR,Collision with:  Vehicle in traffic,On Roadway,Broadside (front to side),FTYROW:  From stop sign,None Indicated,,Daylight,Dry,Cloudy,None apparent,Intersection:  Four-way intersection,Paved,,Minor Injury,0,2,0,1,1,0,6000,2,3,,POINT (-93.584129396925 41.715751054113)
2014789984,14-1009,03/05/2014,03-March,4-Wednesday,08:03,0800 Hours,District 6 (East Central),HIAWATHA,LINN,,BLAIRS FERRY XING & MILLER RD,Collision with:  Vehicle in traffic,On Roadway,"Sideswipe, same direction",FTYROW:  Other (explain in narrative),None Indicated,,Daylight,Dry,Cloudy,None apparent,Non-intersection:  Non-junction/no special feature,Paved,,Property Damage Only,0,0,0,0,0,0,2000,2,2,,POINT (-91.703530597665 42.039527738968)
2014789589,2014002466,03/05/2014,03-March,4-Wednesday,07:52,0700 Hours,District 6 (East Central),IOWA CITY,JOHNSON,,MORMON TREK BLVD & MELROSE AVE,Collision with:  Vehicle in traffic,On Roadway,Rear-end (front to rear),Driving too fast for conditions,None Indicated,,Daylight,Snow,Snow,None apparent,Intersection:  Four-way intersection,Paved,,Minor Injury,0,1,0,1,0,0,220,2,2,,POINT (-91.573898847626 41.656938952074)
2014789600,2014002006,03/05/2014,03-March,4-Wednesday,16:50,1600 Hours,District 1 (Central),MARSHALLTOWN,MARSHALL,,E UNION ST & N 7TH AVE,Collision with:  Vehicle in traffic,On Roadway,Broadside (front to side),Driving too fast for conditions,None Indicated,,Daylight,Snow,Cloudy,"Surface condition (e.g., wet, icy)",Intersection:  Four-way intersection,Paved,,Property Damage Only,0,0,0,0,0,0,11000,2,2,,POINT (-92.901554914518 42.054716034454)
2014789564,1403058111,03/05/2014,03-March,4-Wednesday,15:10,1500 Hours,District 6 (East Central),,CLINTON,,Co Rd Z24/330 AVE,Collision with fixed object:  Ditch,On Roadway,Non-collision (single vehicle),Driving too fast for conditions,None Indicated,,Daylight,Ice/frost,Cloudy,None apparent,Non-intersection:  Non-junction/no special feature,Paved,,Possible/Unknown,0,1,0,0,1,0,15000,1,2,,POINT (-90.459943084836 41.893033544891)
2014790369,14-07498,03/05/2014,03-March,4-Wednesday,18:25,1800 Hours,District 5 (Southeast),BURLINGTON,DES MOINES,,Co Rd X60/IRISH RIDGE RD,Collision with fixed object:  Tree,On Roadway,Non-collision (single vehicle),Ran off road - right,None Indicated,,Dusk,Snow,Clear,"Surface condition (e.g., wet, icy)",Non-intersection:  Other non-intersection (explain in narrative),Paved,,Property Damage Only,0,0,0,0,0,0,5000,1,1,,POINT (-91.135256922438 40.84357524812)
2014789580,14-07528,03/05/2014,03-March,4-Wednesday,23:05,2300 Hours,District 5 (Southeast),BURLINGTON,DES MOINES,,COLUMBIA ST & CENTRAL AVE,Collision with:  Vehicle in traffic,On Roadway,Broadside (front to side),Swerving/Evasive Action,None Indicated,,Dark - roadway lighted,Snow,Clear,"Surface condition (e.g., wet, icy)",Intersection:  T-intersection,Paved,,Possible/Unknown,0,2,0,0,2,0,10000,2,2,,POINT (-91.110991659493 40.813382564949)
2014789730,14-07496,03/05/2014,03-March,4-Wednesday,18:03,1800 Hours,District 5 (Southeast),BURLINGTON,DES MOINES,,MT PLEASANT ST & MERCER ST,Collision with:  Vehicle in traffic,On Roadway,Broadside (front to side),FTYROW:  From driveway,None Indicated,,Dusk,Snow,Snow,"Surface condition (e.g., wet, icy)",Non-intersection:  Driveway access (within),Paved,,Minor Injury,0,1,0,1,0,0,11000,2,3,,POINT (-91.122305177827 40.820007887983)
2014789619,20140006006,03/05/2014,03-March,4-Wednesday,16:24,1600 Hours,District 1 (Central),DES MOINES,POLK,,DAVIS AVE,Collision with fixed object:  Tree,Outside trafficway,Non-collision (single vehicle),"Operating vehicle in an reckless, erratic, careless, negligent manner",None Indicated,,Daylight,Unknown,Cloudy,Unknown,Non-intersection:  Other non-intersection (explain in narrative),Paved,,Property Damage Only,0,0,0,0,0,0,6400,1,1,,POINT (-93.627464976082 41.565859481776)
2014790714,,03/05/2014,03-March,4-Wednesday,07:02,0700 Hours,District 2 (Northeast),CHARLES CITY,FLOYD,,5TH AVE & F ST,Collision with:  Vehicle in traffic,On Roadway,Broadside (front to side),Other (explain in narrative):  Vision obstructed,None Indicated,,Daylight,Snow,Clear,"Surface condition (e.g., wet, icy)",Non-intersection:  Non-junction/no special feature,Paved,,Property Damage Only,0,0,0,0,0,0,2500,2,3,,POINT (-92.664686464913 43.067336538919)
2014790506,2014015458,03/05/2014,03-March,4-Wednesday,07:41,0700 Hours,District 6 (East Central),,CEDAR,I-80,I-80,Non-collision events:  Overturn/rollover,On Roadway,Non-collision (single vehicle),Driving too fast for conditions,None Indicated,,Daylight,Snow,Snow,None apparent,Non-intersection:  Non-junction/no special feature,Paved,,Possible/Unknown,0,1,0,0,1,0,10000,1,1,,POINT (-91.246971799917 41.663359870308)
2014790084,14-4165,03/05/2014,03-March,4-Wednesday,08:32,0800 Hours,District 6 (East Central),BETTENDORF,SCOTT,,26TH ST,Collision with:  Parked motor vehicle,On Roadway,Unknown,Other (explain in narrative):  Other,None Indicated,,Daylight,Snow,Snow,"Surface condition (e.g., wet, icy)",Non-intersection:  Non-junction/no special feature,Paved,,Property Damage Only,0,0,0,0,0,0,2000,2,1,,POINT (-90.496734200824 41.526644223042)