Iowa DOT Case Number,Law Enforcement Case Number,Date of Crash,Month of Crash,Day of Week,Time of Crash,Hour,DOT District,City Name,County Name,Route with System,Location Description,First Harmful Event,Location of First Harmful Event,Manner of Crash/Collision,Major Cause,Drug or Alcohol ,Environmental Conditions,Light Conditions,Surface Conditions,Weather Conditions,Roadway Contribution,Roadway Type,Roadway Surface,Work Zone,Crash Severity,Number of Fatalities,Number of Injuries,Number of Major Injuries,Number of Minor Injuries,Number of Possible Injuries,Number of Unknown Injuries,Amount of Property Damage,Number of Vehicles Involved,Total Number of Occupants,Travel Direction,Location
2014790395,14005900,03/05/2014,03-March,4-Wednesday,21:41,2100 Hours,District 5 (Southeast),WEST POINT,LEE,,Co Rd J40/CO RD 103 & FRANKLIN RD,Non-collision events:  Other non-collision (explain in narrative),On Roadway,Non-collision (single vehicle),Other (explain in narrative):  No improper action,None Indicated,,Dark - roadway not lighted,Snow,Snow,"Surface condition (e.g., wet, icy)",Non-intersection:  Non-junction/no special feature,Paved,,Possible/Unknown,0,1,0,0,1,0,5000,1,2,,POINT (-91.48702682287 40.719243974559)
2014790739,,03/05/2014,03-March,4-Wednesday,15:00,1500 Hours,District 6 (East Central),CEDAR RAPIDS,LINN,US 30,US 30/NE RAMP/NW RAMP & EDGEWOOD RD SW,Collision with:  Vehicle in traffic,On Roadway,Rear-end (front to rear),Unknown,None Indicated,,Daylight,Dry,Cloudy,,Intersection:  Four-way intersection,Paved,,Possible/Unknown,0,1,0,0,1,0,4300,2,3,,POINT (-91.715912267916 41.940542050976)
2014799066,E201400404,03/05/2014,03-March,4-Wednesday,13:11,1300 Hours,District 3 (Northwest),EMMETSBURG,PALO ALTO,,11TH ST,Collision with fixed object:  Tree,On Roadway,Non-collision (single vehicle),Ran off road - right,None Indicated,,Daylight,Snow,Cloudy,"Surface condition (e.g., wet, icy)",Non-intersection:  Non-junction/no special feature,Paved,,Property Damage Only,0,0,0,0,0,0,3500,1,3,,POINT (-94.671943622961 43.110145390675)
2014789765,2014002474,03/05/2014,03-March,4-Wednesday,13:56,1300 Hours,District 6 (East Central),IOWA CITY,JOHNSON,IA 1,IA 1/N DODGE ST & N DUBUQUE RD & N SCOTT BLVD,Collision with:  Vehicle in traffic,On Roadway,Rear-end (front to rear),Followed too close,None Indicated,,Daylight,Dry,Cloudy,None apparent,Intersection:  Four-way intersection,Paved,,Property Damage Only,0,0,0,0,0,0,1700,2,3,,POINT (-91.507977181796 41.681339116611)
2014790998,1400000178,03/05/2014,03-March,4-Wednesday,10:39,1000 Hours,District 1 (Central),,MARSHALL,,SMITH AVE,Collision with:  Vehicle in traffic,On Roadway,"Sideswipe, opposite direction",Crossed centerline (undivided),None Indicated,,Daylight,Snow,Cloudy,None apparent,Non-intersection:  Non-junction/no special feature,Unpaved,,Property Damage Only,0,0,0,0,0,0,6500,2,3,,POINT (-92.888559295335 41.960224348642)
2014790196,14003403,03/05/2014,03-March,4-Wednesday,17:26,1700 Hours,District 2 (Northeast),MASON CITY,CERRO GORDO,,S MONROE AVE,Collision with:  Vehicle in traffic,On Roadway,"Sideswipe, same direction",FTYROW:  Other (explain in narrative),None Indicated,,Dusk,Wet,Clear,None apparent,Non-intersection:  Non-junction/no special feature,Paved,,Property Damage Only,0,0,0,0,0,0,3000,2,2,,POINT (-93.209088033773 43.14606059929)
2014789579,2014-0826,03/05/2014,03-March,4-Wednesday,13:40,1300 Hours,District 4 (Southwest),WAUKEE,DALLAS,,BOONE DR,Collision with:  Vehicle in traffic,On Roadway,Rear-end (front to rear),Other (explain in narrative):  Other,None Indicated,,Daylight,Dry,Cloudy,None apparent,Non-intersection:  Non-junction/no special feature,Paved,,Property Damage Only,0,0,0,0,0,0,8000,2,2,,POINT (-93.833603132271 41.606514331717)
2014792641,2014015468,03/05/2014,03-March,4-Wednesday,08:20,0800 Hours,District 6 (East Central),,JOHNSON,I-80,I-80,Collision with fixed object:  Guardrail - face,Median,Non-collision (single vehicle),Driving too fast for conditions,None Indicated,,Daylight,Ice/frost,"Blowing sand, soil, dirt","Surface condition (e.g., wet, icy)",Non-intersection:  Non-junction/no special feature,Paved,,Property Damage Only,0,0,0,0,0,0,6000,1,2,,POINT (-91.432324960878 41.667857489219)
2014789729,14001834,03/05/2014,03-March,4-Wednesday,15:30,1500 Hours,District 2 (Northeast),EDGEWOOD,CLAYTON,,W NEWTON ST & N FRANKLIN ST,Collision with:  Vehicle in traffic,On Roadway,Broadside (front to side),Ran Stop Sign,None Indicated,,Daylight,Wet,Clear,None apparent,Intersection:  Four-way intersection,Paved,,Property Damage Only,0,0,0,0,0,0,5000,2,2,,POINT (-91.403543593283 42.648131781298)
2014789851,2014015454,03/05/2014,03-March,4-Wednesday,07:50,0700 Hours,District 5 (Southeast),WELLMAN,WASHINGTON,IA 22,IA 22/6TH ST & 1ST AVE,Collision with:  Vehicle in traffic,On Roadway,Rear-end (front to rear),Driving too fast for conditions,None Indicated,,Daylight,Snow,Snow,"Surface condition (e.g., wet, icy)",Intersection:  Other intersection (explain in narrative),Paved,,Property Damage Only,0,0,0,0,0,0,3000,2,5,,POINT (-91.829239050024 41.467260513675)
2014790381,14-5388,03/05/2014,03-March,4-Wednesday,20:47,2000 Hours,District 1 (Central),MINGO,JASPER,,Co Rd F24/HWY F-24 W,Collision with:  Animal,,,Animal,None Indicated,,,,,,,Paved,,Property Damage Only,0,0,0,0,0,0,2000,1,1,,POINT (-93.199622940037 41.776598945109)
2014789565,CL14000655,03/05/2014,03-March,4-Wednesday,16:04,1600 Hours,District 6 (East Central),CLINTON,CLINTON,,3RD AVE N,Collision with:  Parked motor vehicle,On Roadway,Unknown,Unknown,None Indicated,,Daylight,Unknown,Cloudy,Unknown,Non-intersection:  Non-junction/no special feature,Paved,,Property Damage Only,0,0,0,0,0,0,2500,2,1,,POINT (-90.198073577801 41.848727378672)
2014790573,14-01528,03/05/2014,03-March,4-Wednesday,12:00,1200 Hours,District 2 (Northeast),OELWEIN,FAYETTE,IA 150,IA 150/1ST AVE SE,Collision with:  Vehicle in traffic,On Roadway,"Sideswipe, same direction",FTYROW:  Other (explain in narrative),None Indicated,,Daylight,Wet,Clear,None apparent,Non-intersection:  Non-junction/no special feature,Paved,,Possible/Unknown,0,1,0,0,0,1,1500,2,3,,POINT (-91.911971710423 42.676963833983)
2014790538,,03/05/2014,03-March,4-Wednesday,10:53,1000 Hours,District 2 (Northeast),DENVER,BREMER,,FAYETTE ST & STATE ST,Collision with:  Vehicle in traffic,On Roadway,Broadside (front to side),FTYROW:  From stop sign,None Indicated,,Daylight,Dry,Clear,None apparent,Intersection:  Four-way intersection,Paved,,Property Damage Only,0,0,0,0,0,0,3000,2,2,,POINT (-92.337259426663 42.671352620051)
2014789601,1403051-A,03/05/2014,03-March,4-Wednesday,12:41,1200 Hours,District 4 (Southwest),RED OAK,MONTGOMERY,,CORNING ST & 3RD ST,Collision with:  Vehicle in traffic,On Roadway,Broadside (front to side),Ran Stop Sign,None Indicated,,Daylight,Dry,Cloudy,None apparent,Intersection:  Other intersection (explain in narrative),Paved,,Property Damage Only,0,0,0,0,0,0,3500,2,2,,POINT (-95.229133872804 41.011372781823)
2014789632,14-008569,03/05/2014,03-March,4-Wednesday,15:05,1500 Hours,District 4 (Southwest),COUNCIL BLUFFS,POTTAWATTAMIE,,BENNETT AVE,Collision with:  Vehicle in traffic,On Roadway,"Sideswipe, same direction",FTYROW:  From driveway,None Indicated,,Daylight,Dry,Clear,None apparent,Non-intersection:  Driveway access (within),Paved,,Property Damage Only,0,0,0,0,0,0,5500,3,3,,POINT (-95.815848153673 41.260174710626)
2014789464,14-008505,03/05/2014,03-March,4-Wednesday,02:12,0200 Hours,District 4 (Southwest),COUNCIL BLUFFS,POTTAWATTAMIE,,WOODBURY AVE,Collision with fixed object:  Traffic sign support,On Roadway,Non-collision (single vehicle),Swerving/Evasive Action,None Indicated,,Dark - roadway lighted,Dry,Clear,None apparent,Non-intersection:  Non-junction/no special feature,Paved,,Property Damage Only,0,0,0,0,0,0,5050,1,1,,POINT (-95.827282038237 41.23637856896)
2014789746,01-14-9269,03/05/2014,03-March,4-Wednesday,23:30,2300 Hours,District 6 (East Central),DUBUQUE,DUBUQUE,,W 5TH ST,Collision with:  Vehicle in traffic,On Roadway,"Sideswipe, same direction","Operating vehicle in an reckless, erratic, careless, negligent manner",None Indicated,,Dark - roadway lighted,Wet,Cloudy,None apparent,Non-intersection:  Non-junction/no special feature,Paved,,Property Damage Only,0,0,0,0,0,0,3000,2,777,,POINT (-90.684276358862 42.497580890917)
2014790567,261400353,03/05/2014,03-March,4-Wednesday,17:44,1700 Hours,District 5 (Southeast),FLORIS,DAVIS,,Co Rd J15/FLORIS RD,Non-collision events:  Other non-collision (explain in narrative),On Roadway,Non-collision (single vehicle),Ran off road - right,None Indicated,,Dusk,Snow,Snow,"Surface condition (e.g., wet, icy)",Non-intersection:  Non-junction/no special feature,Paved,,Property Damage Only,0,0,0,0,0,0,5000,1,3,,POINT (-92.302431411395 40.875556858252)
2014790734,,03/05/2014,03-March,4-Wednesday,14:20,1400 Hours,District 6 (East Central),CEDAR RAPIDS,LINN,,2ND AVE SW & 3RD AVE SW & 12TH ST SW,Collision with:  Vehicle in traffic,On Roadway,Unknown,Unknown,None Indicated,,Daylight,Dry,Cloudy,,Non-intersection:  Non-junction/no special feature,Paved,,Possible/Unknown,0,1,0,0,1,0,5000,2,3,,POINT (-91.686268008843 41.970747621562)
2014789652,2014-13354,03/05/2014,03-March,4-Wednesday,07:36,0700 Hours,District 6 (East Central),DAVENPORT,SCOTT,,E 7TH ST & IOWA ST,Collision with fixed object:  Utility pole/light support,On Roadway,Non-collision (single vehicle),Ran off road - right,None Indicated,,Daylight,Ice/frost,Snow,None apparent,Non-intersection:  Non-junction/no special feature,Paved,,Property Damage Only,0,0,0,0,0,0,5000,1,2,,POINT (-90.569706162357 41.526760374108)
2014789666,2014-13350,03/05/2014,03-March,4-Wednesday,07:07,0700 Hours,District 6 (East Central),DAVENPORT,SCOTT,I-80,I-80 & N DIVISION ST,Collision with fixed object:  Guardrail - face,Shoulder,Non-collision (single vehicle),Swerving/Evasive Action,None Indicated,,Daylight,Snow,Snow,"Surface condition (e.g., wet, icy)",Non-intersection:  Non-junction/no special feature,Paved,,Property Damage Only,0,0,0,0,0,0,3500,1,1,,POINT (-90.598007365521 41.599775724411)
2014789623,14-0491,03/05/2014,03-March,4-Wednesday,10:57,1000 Hours,District 1 (Central),URBANDALE,POLK,,NEW YORK AVE & 82ND PL & URBANDALE AVE & 85TH ST,Collision with:  Vehicle in traffic,On Roadway,Broadside (front to side),FTYROW:  From stop sign,None Indicated,,Daylight,Dry,Cloudy,None apparent,Intersection:  Four-way intersection,Paved,,Property Damage Only,0,0,0,0,0,0,12000,2,2,,POINT (-93.734549541597 41.620457508196)
2014789544,W14-021868,03/05/2014,03-March,4-Wednesday,15:05,1500 Hours,District 2 (Northeast),WATERLOO,BLACK HAWK,,N FRONTAGE RD,Collision with:  Vehicle in traffic,On Roadway,Rear-end (front to rear),Traveling wrong way or on wrong side of road,None Indicated,,Daylight,Dry,Cloudy,None apparent,Non-intersection:  Other non-intersection (explain in narrative),Paved,,Property Damage Only,0,0,0,0,0,0,2000,2,3,,POINT (-92.378917606528 42.496344114692)
2014789605,14-001051,03/05/2014,03-March,4-Wednesday,14:35,1400 Hours,District 1 (Central),ANKENY,POLK,IA 160,IA 160/SE ORALABOR RD,Collision with:  Vehicle in traffic,On Roadway,Rear-end (front to rear),Other (explain in narrative):  Other,None Indicated,,Daylight,Dry,Cloudy,None apparent,Non-intersection:  Non-junction/no special feature,Paved,,Property Damage Only,0,0,0,0,0,0,4000,3,4,,POINT (-93.583099908655 41.702930213907)
2014789675,14002340,03/05/2014,03-March,4-Wednesday,13:54,1300 Hours,District 1 (Central),,TAMA,US 63,US 63,Collision with fixed object:  Ditch,Shoulder,Non-collision (single vehicle),Ran off road - right,None Indicated,,Daylight,Dry,Cloudy,None apparent,Non-intersection:  Non-junction/no special feature,Paved,,Property Damage Only,0,0,0,0,0,0,3000,1,2,,POINT (-92.581480471727 42.03467608765)
2014789599,14-000864,03/05/2014,03-March,4-Wednesday,08:35,0800 Hours,District 3 (Northwest),GEORGE,LYON,,MICHIGAN AVE & S WILHELM ST & N WILHELM ST,Collision with:  Vehicle in traffic,On Roadway,Broadside (front to side),FTYROW:  At uncontrolled intersection,None Indicated,,Daylight,Snow,Clear,"Surface condition (e.g., wet, icy)",Intersection:  Four-way intersection,Paved,,Property Damage Only,0,0,0,0,0,0,9500,2,2,,POINT (-95.996330135304 43.343654158118)
2014793723,14-004947,03/05/2014,03-March,4-Wednesday,15:05,1500 Hours,District 5 (Southeast),,MAHASKA,,Co Rd G71/310TH ST & HICKORY AVE,Non-collision events:  Overturn/rollover,Outside trafficway,Non-collision (single vehicle),Crossed centerline (undivided),None Indicated,,Daylight,Snow,Snow,"Surface condition (e.g., wet, icy)",Non-intersection:  Non-junction/no special feature,Paved,,Minor Injury,0,1,0,1,0,0,10000,1,1,,POINT (-92.717285361731 41.204793395366)
2014790364,14-001684,03/05/2014,03-March,4-Wednesday,22:46,2200 Hours,District 4 (Southwest),,CASS,,710TH ST,Collision with fixed object:  Ditch,On Roadway,Non-collision (single vehicle),Ran off road - right,None Indicated,,Dark - roadway not lighted,"Mud, dirt",Clear,None apparent,Intersection:  Four-way intersection,Unpaved,,Property Damage Only,0,0,0,0,0,0,6500,1,1,,POINT (-94.834955452522 41.489267728044)
2014789679,14030092,03/05/2014,03-March,4-Wednesday,14:37,1400 Hours,District 5 (Southeast),,WAPELLO,,ANGLE RD,Collision with fixed object:  Ditch,Shoulder,Non-collision (single vehicle),Driving too fast for conditions,None Indicated,,Daylight,Snow,Snow,"Surface condition (e.g., wet, icy)",Non-intersection:  Non-junction/no special feature,Paved,,Possible/Unknown,0,1,0,0,1,0,7000,1,4,,POINT (-92.375978969636 41.059556605018)
2014789552,W14-021802,03/05/2014,03-March,4-Wednesday,10:33,1000 Hours,District 2 (Northeast),WATERLOO,BLACK HAWK,,NEWELL ST,Collision with:  Vehicle in traffic,On Roadway,"Sideswipe, same direction",FTYROW:  Other (explain in narrative),None Indicated,,Daylight,Dry,Clear,None apparent,Non-intersection:  Other non-intersection (explain in narrative),Paved,,Property Damage Only,0,0,0,0,0,0,16000,2,2,,POINT (-92.316586790464 42.512893292625)
2014789734,01-14-9142,03/05/2014,03-March,4-Wednesday,08:35,0800 Hours,District 6 (East Central),DUBUQUE,DUBUQUE,,MAIN ST,Collision with:  Vehicle in traffic,On Roadway,Rear-end (front to rear),Lost Control,None Indicated,,Daylight,Snow,Snow,None apparent,Non-intersection:  Non-junction/no special feature,Paved,,Property Damage Only,0,0,0,0,0,0,2000,2,2,,POINT (-90.666484804653 42.499552180548)
2014789590,2014002467,03/05/2014,03-March,4-Wednesday,08:01,0800 Hours,District 6 (East Central),IOWA CITY,JOHNSON,,MORMON TREK BLVD & MELROSE AVE,Collision with:  Vehicle in traffic,On Roadway,Rear-end (front to rear),Driving too fast for conditions,None Indicated,,Daylight,Snow,Snow,"Surface condition (e.g., wet, icy)",Intersection:  Four-way intersection,Paved,,Property Damage Only,0,0,0,0,0,0,2000,2,2,,POINT (-91.573898847626 41.656938952074)
2014796049,14-2789,03/05/2014,03-March,4-Wednesday,10:40,1000 Hours,District 6 (East Central),,JACKSON,,Co Rd Y31/BERNARD RD,Non-collision events:  Overturn/rollover,On Roadway,Non-collision (single vehicle),Driving too fast for conditions,None Indicated,,Daylight,Ice/frost,Clear,"Surface condition (e.g., wet, icy)",Non-intersection:  Non-junction/no special feature,Paved,,Property Damage Only,0,0,0,0,0,0,3500,1,1,,POINT (-90.801230733134 42.191600285397)
2014789334,14V03013,03/05/2014,03-March,4-Wednesday,07:56,0700 Hours,District 6 (East Central),VINTON,BENTON,,W 8TH ST & S F AVE,Collision with:  Vehicle in traffic,On Roadway,"Angle, oncoming left turn",FTYROW:  Making left turn,None Indicated,,Daylight,Dry,Cloudy,None apparent,Intersection:  Four-way intersection,Paved,,Possible/Unknown,0,1,0,0,1,0,4500,2,3,,POINT (-92.031500860059 42.163917868154)
2014789822,14-4334,03/05/2014,03-March,4-Wednesday,07:20,0700 Hours,District 6 (East Central),DAVENPORT,SCOTT,US 6,US 6/W KIMBERLY RD,Collision with:  Vehicle in traffic,On Roadway,"Sideswipe, same direction",Lost Control,None Indicated,,Daylight,Slush,Snow,"Surface condition (e.g., wet, icy)",Non-intersection:  Non-junction/no special feature,Paved,,Property Damage Only,0,0,0,0,0,0,1650,2,2,,POINT (-90.620481868972 41.560227955977)
2014789634,14-008602,03/05/2014,03-March,4-Wednesday,17:45,1700 Hours,District 4 (Southwest),COUNCIL BLUFFS,POTTAWATTAMIE,,6TH AVE & S 24TH ST,Collision with:  Vehicle in traffic,On Roadway,Broadside (front to side),FTYROW:  At uncontrolled intersection,None Indicated,,Daylight,Dry,Clear,None apparent,Non-intersection:  Non-junction/no special feature,Paved,,Property Damage Only,0,0,0,0,0,0,2500,2,6,,POINT (-95.879519780959 41.256274976685)
2014789821,14-2284,03/05/2014,03-March,4-Wednesday,23:32,2300 Hours,District 3 (Northwest),SCHALLER,SAC,,CORY AVE,Non-collision events:  Other non-collision (explain in narrative),On Roadway,Non-collision (single vehicle),Exceeded authorized speed,None Indicated,,Dark - roadway not lighted,Dry,Clear,None apparent,Non-intersection:  Non-junction/no special feature,Paved,,Minor Injury,0,2,0,2,0,0,4500,1,4,,POINT (-95.308581124377 42.500246528871)
2014789551,W14-021789,03/05/2014,03-March,4-Wednesday,09:25,0900 Hours,District 2 (Northeast),WATERLOO,BLACK HAWK,,ALLEN ST,Collision with:  Vehicle in traffic,On Roadway,Rear-end (front to rear),Ran off road - right,None Indicated,,Daylight,Snow,Cloudy,"Surface condition (e.g., wet, icy)",Intersection:  Four-way intersection,Paved,,Property Damage Only,0,0,0,0,0,0,4600,2,2,,POINT (-92.350076074177 42.491582202944)
2014790301,14-001112,03/05/2014,03-March,4-Wednesday,13:38,1300 Hours,District 1 (Central),AMES,STORY,,WEST ST,Collision with:  Vehicle in traffic,On Roadway,"Sideswipe, same direction",Swerving/Evasive Action,None Indicated,,Daylight,Snow,Cloudy,None apparent,Non-intersection:  Non-junction/no special feature,Paved,,Property Damage Only,0,0,0,0,0,0,7000,2,1,,POINT (-93.660260698322 42.024929775123)
2014790389,14-005868,03/05/2014,03-March,4-Wednesday,17:10,1700 Hours,District 5 (Southeast),HOUGHTON,LEE,US 218,US 218,Collision with:  Vehicle in traffic,On Roadway,Rear-end (front to rear),Driving too fast for conditions,None Indicated,,Dusk,Ice/frost,"Sleet, hail","Surface condition (e.g., wet, icy)",Non-intersection:  Non-junction/no special feature,Paved,,Property Damage Only,0,0,0,0,0,0,11000,2,2,,POINT (-91.564197137959 40.778747158863)
2014790390,14-005890,03/05/2014,03-March,4-Wednesday,20:31,2000 Hours,District 5 (Southeast),FORT MADISON,LEE,,Co Rd X32/303 AVE,Collision with fixed object:  Guardrail - face,On Roadway,Non-collision (single vehicle),Ran off road - left,None Indicated,,Dark - roadway not lighted,Ice/frost,Snow,"Surface condition (e.g., wet, icy)",Non-intersection:  Non-junction/no special feature,Paved,,Property Damage Only,0,0,0,0,0,0,8000,1,1,,POINT (-91.329917229031 40.715852235566)
2014790453,S79140075,03/05/2014,03-March,4-Wednesday,16:00,1600 Hours,District 1 (Central),,POWESHIEK,,Co Rd V18/V18 RD,Non-collision events:  Overturn/rollover,On Roadway,Non-collision (single vehicle),Crossed centerline (undivided),None Indicated,,Daylight,Ice/frost,Cloudy,"Surface condition (e.g., wet, icy)",Non-intersection:  Non-junction/no special feature,Paved,,Property Damage Only,0,0,0,0,0,0,13000,1,2,,POINT (-92.443544832598 41.806120473277)
2014789737,01-14-9260,03/05/2014,03-March,4-Wednesday,21:15,2100 Hours,District 6 (East Central),DUBUQUE,DUBUQUE,,VOLUNTEER DR,Collision with fixed object:  Guardrail - face,On Roadway,Non-collision (single vehicle),Ran off road - left,None Indicated,,Dark - roadway not lighted,Snow,Snow,"Surface condition (e.g., wet, icy)",Non-intersection:  Non-junction/no special feature,Paved,,Property Damage Only,0,0,0,0,0,0,5000,1,1,,POINT (-90.644093928852 42.530296811313)
2014789745,02-14-3793,03/05/2014,03-March,4-Wednesday,19:07,1900 Hours,District 6 (East Central),,DUBUQUE,US 52,US 52 & BELLEVUE HTS,Collision with:  Animal,,,Animal,None Indicated,,,,,,,Paved,,Property Damage Only,0,0,0,0,0,0,2500,1,1,,POINT (-90.65715119207 42.454236388525)
2014789595,14004576,03/05/2014,03-March,4-Wednesday,15:00,1500 Hours,District 6 (East Central),MARION,LINN,,13TH ST,Collision with:  Parked motor vehicle,On Roadway,Rear-end (front to rear),Improper Backing,None Indicated,,Daylight,Wet,Cloudy,None apparent,Non-intersection:  Non-junction/no special feature,Paved,,Property Damage Only,0,0,0,0,0,0,2000,2,1,,POINT (-91.595729187647 42.038205192451)
2014790702,,03/05/2014,03-March,4-Wednesday,14:36,1400 Hours,District 5 (Southeast),,LUCAS,US 65,US 65,Collision with fixed object:  Tree,Roadside,Non-collision (single vehicle),Ran off road - right,None Indicated,,Daylight,Snow,Snow,"Surface condition (e.g., wet, icy)",Non-intersection:  Non-junction/no special feature,Paved,,Minor Injury,0,1,0,1,0,0,7000,1,1,,POINT (-93.466688115916 40.98861423748)
2014789782,A14-016,03/05/2014,03-March,4-Wednesday,07:54,0700 Hours,District 4 (Southwest),WINTERSET,MADISON,,W JEFFERSON ST & N 8TH AVE,Collision with:  Vehicle in traffic,On Roadway,Broadside (front to side),Unknown,None Indicated,,Daylight,Wet,Cloudy,None apparent,Intersection:  Four-way intersection,Paved,,Property Damage Only,0,0,0,0,0,0,3200,2,2,,POINT (-94.022954703656 41.335441217633)
2014791385,14-080305-01,03/05/2014,03-March,4-Wednesday,07:00,0700 Hours,District 6 (East Central),,IOWA,,Co Rd F67/323RD ST,Non-collision events:  Overturn/rollover,Roadside,Non-collision (single vehicle),Swerving/Evasive Action,None Indicated,,Daylight,Snow,Snow,"Surface condition (e.g., wet, icy)",Non-intersection:  Non-junction/no special feature,Paved,,Property Damage Only,0,0,0,0,0,0,3500,1,5,,POINT (-91.947750409095 41.535717051501)
2014789635,14-008603,03/05/2014,03-March,4-Wednesday,17:45,1700 Hours,District 4 (Southwest),COUNCIL BLUFFS,POTTAWATTAMIE,US 275,US 275/VETERANS MEMORIAL HWY & METRO DR & TANK FARM RD,Collision with:  Vehicle in traffic,On Roadway,Head-on (front to front),FTYROW:  Making left turn,None Indicated,,Daylight,Dry,Clear,None apparent,Intersection:  Four-way intersection,Paved,,Possible/Unknown,0,1,0,0,1,0,5000,2,2,,POINT (-95.836271989304 41.218306587339)
2014789668,2014-13407,03/05/2014,03-March,4-Wednesday,12:15,1200 Hours,District 6 (East Central),DAVENPORT,SCOTT,,FILLMORE ST & W 61ST ST,Collision with:  Vehicle in traffic,On Roadway,Rear-end (front to rear),Driving too fast for conditions,None Indicated,,Daylight,Snow,Cloudy,None apparent,Intersection:  T-intersection,Unpaved,,Property Damage Only,0,0,0,0,0,0,2000,2,2,,POINT (-90.5939680314 41.584164259016)
2014789999,14-009453,03/06/2014,03-March,5-Thursday,21:05,2100 Hours,District 5 (Southeast),MUSCATINE,MUSCATINE,IA 22,IA 22/PARK AVE & CLEVELAND ST,Collision with:  Vehicle in traffic,On Roadway,Rear-end (front to rear),Driving too fast for conditions,None Indicated,,Dark - roadway lighted,Dry,Clear,None apparent,Intersection:  Four-way intersection,Paved,,Property Damage Only,0,0,0,0,0,0,4500,2,3,,POINT (-91.030196816035 41.451855928542)
2014806801,32021-14,03/06/2014,03-March,5-Thursday,04:30,0400 Hours,District 3 (Northwest),,EMMET,IA 4,IA 4/IOWA 4,Collision with:  Animal,,,Animal,None Indicated,,,,,,,Paved,,Property Damage Only,0,0,0,0,0,0,2000,1,1,,POINT (-94.764192661241 43.257037434924)
2014789629,14-1124,03/06/2014,03-March,5-Thursday,11:30,1100 Hours,District 1 (Central),WEST DES MOINES,POLK,,MILLS CIVIC PKWY,Collision with:  Vehicle in traffic,On Roadway,Broadside (front to side),FTYROW:  From stop sign,None Indicated,,Daylight,Dry,Clear,None apparent,Non-intersection:  Driveway access (within),Paved,,Property Damage Only,0,0,0,0,0,0,9500,2,2,,POINT (-93.768704766755 41.559201293249)
2014790352,2014015720,03/06/2014,03-March,5-Thursday,09:10,0900 Hours,District 1 (Central),,HAMILTON,US 20,US 20,Non-collision events:  Overturn/rollover,On Roadway,Non-collision (single vehicle),Swerving/Evasive Action,Alcohol (Statutory),,Daylight,Dry,Cloudy,None apparent,Non-intersection:  Non-junction/no special feature,Paved,,Minor Injury,0,4,0,1,3,0,4000,1,5,,POINT (-93.548354559323 42.44876783439)
2014789755,14-0254,03/06/2014,03-March,5-Thursday,08:48,0800 Hours,District 1 (Central),,GREENE,US 30,US 30/220TH & Co Rd P14/J AVE,Collision with:  Other non-fixed object (explain in narrative),Roadside,Non-collision (single vehicle),FTYROW:  Other (explain in narrative),None Indicated,,Daylight,Dry,Cloudy,None apparent,Non-intersection:  Non-junction/no special feature,Paved,,Property Damage Only,0,0,0,0,0,0,10000,1,1,,POINT (-94.455717006728 42.034628058701)
2014789820,14-008794,03/06/2014,03-March,5-Thursday,22:11,2200 Hours,District 4 (Southwest),COUNCIL BLUFFS,POTTAWATTAMIE,US 275,US 275/VETERANS MEMORIAL HWY & PIUTE ST & S EXPRESSWAY,Non-collision events:  Other non-collision (explain in narrative),Shoulder,Non-collision (single vehicle),Lost Control,None Indicated,,Dark - roadway lighted,Wet,Clear,None apparent,Non-intersection:  Non-junction/no special feature,Paved,,Property Damage Only,0,0,0,0,0,0,4500,1,2,,POINT (-95.850847324773 41.21966661147)
2014789732,14-07622,03/06/2014,03-March,5-Thursday,19:49,1900 Hours,District 5 (Southeast),BURLINGTON,DES MOINES,US 34,US 34/NE RAMP/NW RAMP & US 61,Collision with:  Vehicle in traffic,On Roadway,"Sideswipe, same direction",Made improper turn,None Indicated,,Dark - roadway lighted,Wet,Clear,None apparent,Interchange-related:  Off-ramp,Paved,,Property Damage Only,0,0,0,0,0,0,7000,2,4,,POINT (-91.141413817157 40.818497819221)
2014789773,201403235,03/06/2014,03-March,5-Thursday,11:00,1100 Hours,District 6 (East Central),CEDAR RAPIDS,LINN,,5TH AVE SW & 6TH ST SW,Collision with:  Vehicle in traffic,On Roadway,Broadside (front to side),Ran Traffic Signal,None Indicated,,Daylight,Dry,Clear,None apparent,Intersection:  Four-way intersection,Paved,,Property Damage Only,0,0,0,0,0,0,7000,2,4,,POINT (-91.677170440324 41.970634133163)
2014820411,2014-25-AC,03/06/2014,03-March,5-Thursday,05:41,0500 Hours,District 3 (Northwest),SUPERIOR,DICKINSON,IA 9,IA 9/IOWA 9/1ST AVE & Co Rd N16/320TH AVE,Collision with fixed object:  Ditch,On Roadway,Non-collision (single vehicle),Driving too fast for conditions,None Indicated,,Dawn,Snow,"Blowing sand, soil, dirt","Surface condition (e.g., wet, icy)",Intersection:  T-intersection,Paved,,Property Damage Only,0,0,0,0,0,0,3400,1,1,,POINT (-94.954215616401 43.430530130421)
2014790033,20140006033,03/06/2014,03-March,5-Thursday,00:24,0000 Hours,District 1 (Central),DES MOINES,POLK,,E LOCUST ST,Collision with:  Vehicle in traffic,On Roadway,Broadside (front to side),Ran Traffic Signal,None Indicated,,Dark - roadway lighted,Dry,Clear,None apparent,Intersection:  Four-way intersection,Paved,,Property Damage Only,0,0,0,0,0,0,10000,2,3,,POINT (-93.610037246165 41.589948633014)