Iowa DOT Case Number,Law Enforcement Case Number,Date of Crash,Month of Crash,Day of Week,Time of Crash,Hour,DOT District,City Name,County Name,Route with System,Location Description,First Harmful Event,Location of First Harmful Event,Manner of Crash/Collision,Major Cause,Drug or Alcohol ,Environmental Conditions,Light Conditions,Surface Conditions,Weather Conditions,Roadway Contribution,Roadway Type,Roadway Surface,Work Zone,Crash Severity,Number of Fatalities,Number of Injuries,Number of Major Injuries,Number of Minor Injuries,Number of Possible Injuries,Number of Unknown Injuries,Amount of Property Damage,Number of Vehicles Involved,Total Number of Occupants,Travel Direction,Location
2014789874,,03/06/2014,03-March,5-Thursday,11:05,1100 Hours,District 3 (Northwest),,POCAHONTAS,IA 3,IA 3/520TH ST,Non-collision events:  Jackknife,Outside trafficway,Non-collision (single vehicle),Ran off road - left,None Indicated,,Daylight,Ice/frost,"Blowing sand, soil, dirt","Surface condition (e.g., wet, icy)",Non-intersection:  Non-junction/no special feature,Paved,,Property Damage Only,0,0,0,0,0,0,10000,1,1,,POINT (-94.82789240638 42.73301288499)
2014790080,14-009203,03/06/2014,03-March,5-Thursday,15:00,1500 Hours,District 4 (Southwest),COUNCIL BLUFFS,POTTAWATTAMIE,IA 192,IA 192/S 6TH ST & 5TH AVE,Collision with:  Vehicle in traffic,Shoulder,Rear-end (front to rear),Followed too close,None Indicated,,Daylight,Dry,Clear,None apparent,Non-intersection:  Non-junction/no special feature,Paved,,Property Damage Only,0,0,0,0,0,0,2000,2,5,,POINT (-95.853020666573 41.257007255119)
2014789976,201400635,03/06/2014,03-March,5-Thursday,18:44,1800 Hours,District 6 (East Central),,LINN,IA 13,IA 13/IOWA 13,Collision with:  Animal,,,Animal,None Indicated,,,,,,,Paved,,Property Damage Only,0,0,0,0,0,0,4000,1,1,,POINT (-91.531872104091 42.202984554827)
2014790354,2014015876,03/06/2014,03-March,5-Thursday,17:23,1700 Hours,District 3 (Northwest),SPENCER,CLAY,US 18,US 18/HIGHWAY BLVD & US 71 & Co Rd B19/320TH ST,Collision with:  Vehicle in traffic,On Roadway,Broadside (front to side),Ran Stop Sign,None Indicated,,Daylight,Wet,Cloudy,None apparent,Intersection:  Four-way intersection,Paved,,Minor Injury,0,1,0,1,0,0,11000,2,2,,POINT (-95.150189737034 43.184077819357)
2014789741,01-14-9359,03/06/2014,03-March,5-Thursday,16:42,1600 Hours,District 6 (East Central),DUBUQUE,DUBUQUE,,PASADENA DR,Collision with:  Other non-fixed object (explain in narrative),On Roadway,Non-collision (single vehicle),Lost Control,None Indicated,,Daylight,Dry,Clear,None apparent,Non-intersection:  Non-junction/no special feature,Paved,,Property Damage Only,0,0,0,0,0,0,2200,1,1,,POINT (-90.71875634386 42.507485116796)
2014789844,14-6641,03/06/2014,03-March,5-Thursday,11:30,1100 Hours,District 3 (Northwest),SIOUX CITY,WOODBURY,,TRI-VIEW AVE & HAMILTON BLVD,Collision with:  Vehicle in traffic,On Roadway,"Sideswipe, same direction",Other (explain in narrative):  Other,None Indicated,,Daylight,Dry,Clear,None apparent,Intersection:  Four-way intersection,Paved,,Property Damage Only,0,0,0,0,0,0,1500,2,4,,POINT (-96.424187729563 42.494454981671)
2014789875,,03/06/2014,03-March,5-Thursday,15:20,1500 Hours,District 3 (Northwest),,POCAHONTAS,IA 3,IA 3/520TH ST,Non-collision events:  Jackknife,Outside trafficway,Non-collision (single vehicle),Ran off road - right,None Indicated,,Daylight,Ice/frost,"Blowing sand, soil, dirt","Surface condition (e.g., wet, icy)",Non-intersection:  Non-junction/no special feature,Paved,,Property Damage Only,0,0,0,0,0,0,5000,1,1,,POINT (-94.839674737943 42.73323841173)
2014789725,14-1056,03/06/2014,03-March,5-Thursday,21:31,2100 Hours,District 3 (Northwest),CHEROKEE,CHEROKEE,,E MAIN ST & S ROOSEVELT AVE & N ROOSEVELT AVE,Collision with:  Vehicle in traffic,On Roadway,"Sideswipe, same direction",Unknown,None Indicated,,Dark - roadway lighted,Dry,Clear,None apparent,Non-intersection:  Non-junction/no special feature,Paved,,Property Damage Only,0,0,0,0,0,0,4000,2,1,,POINT (-95.544708559273 42.749525390107)
2014790114,2014-13654,03/06/2014,03-March,5-Thursday,17:39,1700 Hours,District 6 (East Central),DAVENPORT,SCOTT,US 6,US 6/W KIMBERLY RD & NORTHWEST BLVD,Collision with:  Vehicle in traffic,On Roadway,Rear-end (front to rear),Followed too close,None Indicated,,Daylight,Dry,Clear,None apparent,Intersection:  Four-way intersection,Paved,,Possible/Unknown,0,1,0,0,1,0,2500,2,3,,POINT (-90.578336989072 41.560113133958)
2014790302,14-001123,03/06/2014,03-March,5-Thursday,14:42,1400 Hours,District 1 (Central),AMES,STORY,,ORION DR,Collision with:  Vehicle in traffic,On Roadway,Broadside (front to side),Unknown,None Indicated,,Daylight,Dry,Clear,None apparent,Intersection:  T-intersection,Paved,,Property Damage Only,0,0,0,0,0,0,2500,2,2,,POINT (-93.621705755298 42.054920731973)
2014789604,14-1493,03/06/2014,03-March,5-Thursday,07:42,0700 Hours,District 1 (Central),DES MOINES,POLK,,E OAKHILL DR & E 56TH ST,Collision with:  Vehicle in traffic,On Roadway,"Sideswipe, same direction",Followed too close,None Indicated,,Daylight,Dry,Cloudy,None apparent,Intersection:  T-intersection,Paved,,Property Damage Only,0,0,0,0,0,0,3000,2,2,,POINT (-93.50326944097 41.621072190688)
2014789812,20140006076,03/06/2014,03-March,5-Thursday,12:46,1200 Hours,District 1 (Central),DES MOINES,POLK,,MCKINLEY AVE & SW 9TH ST,Collision with:  Vehicle in traffic,On Roadway,"Angle, oncoming left turn",Ran Traffic Signal,None Indicated,,Daylight,Dry,Clear,None apparent,Intersection:  Four-way intersection,Paved,,Property Damage Only,0,0,0,0,0,0,3000,2,2,,POINT (-93.625749537113 41.540954624824)
2014790353,2014015752,03/06/2014,03-March,5-Thursday,10:22,1000 Hours,District 3 (Northwest),,WOODBURY,I-29,I-29,Collision with fixed object:  Tree,On Roadway,Non-collision (single vehicle),Ran off road - right,None Indicated,,Daylight,Dry,Cloudy,None apparent,Non-intersection:  Non-junction/no special feature,Paved,,Fatal,1,0,0,0,0,0,75000,1,1,,POINT (-96.263157706117 42.264504413387)
2014790192,14-001706,03/06/2014,03-March,5-Thursday,14:33,1400 Hours,District 4 (Southwest),ATLANTIC,CASS,US 6,US 6/7TH ST & MULBERRY ST,Collision with:  Vehicle in traffic,On Roadway,"Angle, oncoming left turn",FTYROW:  From stop sign,None Indicated,,Daylight,Dry,Clear,None apparent,Intersection:  Four-way intersection,Paved,,Property Damage Only,0,0,0,0,0,0,1700,2,3,,POINT (-94.999132932245 41.403865532927)
2014789819,14-008737,03/06/2014,03-March,5-Thursday,14:55,1400 Hours,District 4 (Southwest),COUNCIL BLUFFS,POTTAWATTAMIE,,6TH AVE & S 19TH ST,Collision with:  Vehicle in traffic,On Roadway,Broadside (front to side),FTYROW:  At uncontrolled intersection,None Indicated,,Daylight,Dry,Clear,None apparent,Intersection:  Four-way intersection,Paved,,Possible/Unknown,0,1,0,0,1,0,4000,2,3,,POINT (-95.872164972591 41.256206657768)
2014789991,1400000182,03/06/2014,03-March,5-Thursday,08:53,0800 Hours,District 1 (Central),,MARSHALL,,Co Rd S52/EASTMAN AVE,Collision with fixed object:  Ditch,On Roadway,Non-collision (single vehicle),Crossed centerline (undivided),None Indicated,,Daylight,Ice/frost,Cloudy,"Surface condition (e.g., wet, icy)",Non-intersection:  Non-junction/no special feature,Paved,,Property Damage Only,0,0,0,0,0,0,2500,1,2,,POINT (-93.165327284574 42.023386268702)
2014789742,01-14-9380,03/06/2014,03-March,5-Thursday,20:02,2000 Hours,District 6 (East Central),DUBUQUE,DUBUQUE,,DAYKIN CT & JOHN F KENNEDY RD,Collision with:  Vehicle in traffic,On Roadway,"Sideswipe, same direction",Other (explain in narrative):  Other,None Indicated,,Dark - roadway lighted,Dry,Clear,None apparent,Non-intersection:  Non-junction/no special feature,Paved,,Property Damage Only,0,0,0,0,0,0,3500,2,2,,POINT (-90.715498065391 42.493353989843)
2014790880,,03/06/2014,03-March,5-Thursday,15:50,1500 Hours,District 6 (East Central),CEDAR RAPIDS,LINN,,EDGEWOOD RD SW,Collision with:  Vehicle in traffic,On Roadway,Rear-end (front to rear),Unknown,None Indicated,,Daylight,Wet,Clear,,Intersection:  Four-way intersection,Paved,,Property Damage Only,0,0,0,0,0,0,14000,2,2,,POINT (-91.716127144798 41.955684389508)
2014790316,2014-0066,03/06/2014,03-March,5-Thursday,19:41,1900 Hours,District 5 (Southeast),NORWALK,WARREN,,BEARDSLEY ST,Collision with:  Animal,On Roadway,Non-collision (single vehicle),Animal,None Indicated,,Dark - roadway lighted,Dry,Clear,None apparent,Non-intersection:  Non-junction/no special feature,Paved,,Property Damage Only,0,0,0,0,0,0,3000,1,2,,POINT (-93.701302390707 41.497580678425)
2014790516,2014016586,03/06/2014,03-March,5-Thursday,16:00,1600 Hours,District 2 (Northeast),,ALLAMAKEE,,Co Rd W4B/FRANKVILLE RD,Collision with fixed object:  Ditch,On Roadway,Non-collision (single vehicle),Lost Control,None Indicated,,Daylight,Dry,Clear,None apparent,Non-intersection:  Non-junction/no special feature,Paved,,Property Damage Only,0,0,0,0,0,0,10000,1,1,,POINT (-91.59198055646 43.165285975153)
2014789843,14-6619,03/06/2014,03-March,5-Thursday,09:19,0900 Hours,District 3 (Northwest),SIOUX CITY,WOODBURY,,7TH ST,Collision with:  Vehicle in traffic,On Roadway,"Sideswipe, same direction",Other (explain in narrative):  Other,None Indicated,,Daylight,Dry,Cloudy,None apparent,Non-intersection:  Non-junction/no special feature,Paved,,Property Damage Only,0,0,0,0,0,0,3500,2,2,,POINT (-96.38195182122 42.497565477049)
2014789807,20140006134,03/06/2014,03-March,5-Thursday,23:15,2300 Hours,District 1 (Central),DES MOINES,POLK,US 6,US 6/E EUCLID AVE & E 26TH ST,Collision with:  Vehicle in traffic,On Roadway,Broadside (front to side),Ran Traffic Signal,None Indicated,,Dark - roadway lighted,Wet,Cloudy,None apparent,Intersection:  Four-way intersection,Paved,,Property Damage Only,0,0,0,0,0,0,6400,2,2,,POINT (-93.566587290811 41.6277311186)
2014789758,14-003367,03/06/2014,03-March,5-Thursday,07:37,0700 Hours,District 5 (Southeast),NEW LONDON,HENRY,,E MAIN ST & S CHESTNUT ST & N CHESTNUT ST,Collision with:  Vehicle in traffic,On Roadway,Broadside (front to side),Swerving/Evasive Action,None Indicated,,Daylight,Ice/frost,Cloudy,None apparent,Intersection:  Four-way intersection,Paved,,Property Damage Only,0,0,0,0,0,0,11000,2,4,,POINT (-91.398459511479 40.925539156874)
2014802912,13-020301-01,03/06/2014,03-March,5-Thursday,15:22,1500 Hours,District 6 (East Central),WILLIAMSBURG,IOWA,I-80,I-80,Non-collision events:  Overturn/rollover,On Roadway,Non-collision (single vehicle),Driving too fast for conditions,None Indicated,,Daylight,Snow,Snow,"Surface condition (e.g., wet, icy)","Interchange-related:  Off-ramp, diverge area",Paved,,Property Damage Only,0,0,0,0,0,0,4500,1,1,,POINT (-92.012001966765 41.686904092822)
2014790031,20140006095,03/06/2014,03-March,5-Thursday,15:20,1500 Hours,District 1 (Central),DES MOINES,POLK,I-235,I-235 & US 69/E 14TH ST & MAPLE ST,Collision with:  Vehicle in traffic,On Roadway,Rear-end (front to rear),Unknown,None Indicated,,Daylight,Dry,Clear,None apparent,Intersection:  Four-way intersection,Paved,,Property Damage Only,0,0,0,0,0,0,1600,2,4,,POINT (-93.599120390713 41.596572323006)
2014789626,14-1125,03/06/2014,03-March,5-Thursday,11:30,1100 Hours,District 1 (Central),WEST DES MOINES,POLK,,WESTOWN PKWY,Collision with:  Vehicle in traffic,On Roadway,"Angle, oncoming left turn",FTYROW:  Making left turn,None Indicated,,Daylight,Dry,Cloudy,None apparent,Non-intersection:  Driveway access (within),Paved,,Property Damage Only,0,0,0,0,0,0,6000,2,4,,POINT (-93.755329743685 41.594913559799)
2014789688,14-001525,03/06/2014,03-March,5-Thursday,08:03,0800 Hours,District 5 (Southeast),COLUMBUS JUNCTION,LOUISA,,SPRINGER AVE & COLTON ST,Collision with:  Vehicle in traffic,On Roadway,Rear-end (front to rear),Other (explain in narrative):  No improper action,None Indicated,,Daylight,Ice/frost,Clear,"Surface condition (e.g., wet, icy)",Non-intersection:  Non-junction/no special feature,Paved,,Property Damage Only,0,0,0,0,0,0,4000,2,2,,POINT (-91.365659241181 41.270753747001)
2014793398,2014-13689,03/06/2014,03-March,5-Thursday,21:31,2100 Hours,District 6 (East Central),DAVENPORT,SCOTT,,N PINE ST,Collision with:  Parked motor vehicle,On Roadway,Head-on (front to front),Exceeded authorized speed,None Indicated,,Dark - roadway lighted,Dry,Clear,None apparent,Non-intersection:  Driveway access (within),Paved,,Property Damage Only,0,0,0,0,0,0,4500,3,1,,POINT (-90.611136960007 41.522891555942)
2014790239,14-000883,03/06/2014,03-March,5-Thursday,12:19,1200 Hours,District 3 (Northwest),,LYON,,Co Rd A34/210TH ST,Collision with fixed object:  Ditch,Gore,Non-collision (single vehicle),Driving too fast for conditions,None Indicated,,Daylight,Slush,Cloudy,"Surface condition (e.g., wet, icy)",Non-intersection:  Non-junction/no special feature,Paved,,Possible/Unknown,0,1,0,0,1,0,4000,1,1,,POINT (-96.14732227882 43.346122729463)
2014790805,14-001015,03/06/2014,03-March,5-Thursday,16:00,1600 Hours,District 2 (Northeast),BRITT,HANCOCK,US 18,US 18,Non-collision events:  Other non-collision (explain in narrative),On Roadway,Non-collision (single vehicle),Driving too fast for conditions,None Indicated,,Daylight,Snow,"Blowing sand, soil, dirt","Surface condition (e.g., wet, icy)",Non-intersection:  Non-junction/no special feature,Paved,,Property Damage Only,0,0,0,0,0,0,3500,1,1,,POINT (-93.913886675106 43.097271595295)
2014790762,14003435,03/06/2014,03-March,5-Thursday,08:25,0800 Hours,District 2 (Northeast),MASON CITY,CERRO GORDO,,12TH ST NW & N JEFFERSON AVE,Collision with:  Vehicle in traffic,On Roadway,Broadside (front to side),FTYROW:  From stop sign,None Indicated,,Daylight,Snow,Clear,None apparent,Intersection:  Four-way intersection,Paved,,Possible/Unknown,0,2,0,0,2,0,6000,2,2,,POINT (-93.206401687268 43.162724436753)
2014789787,14-002702,03/06/2014,03-March,5-Thursday,07:01,0700 Hours,District 4 (Southwest),,MILLS,,Co Rd H16/EASTMAN RD,Non-collision events:  Other non-collision (explain in narrative),On Roadway,Non-collision (single vehicle),Ran off road - right,None Indicated,,Dawn,"Mud, dirt",Cloudy,None apparent,Non-intersection:  Non-junction/no special feature,Unpaved,,Possible/Unknown,0,1,0,0,1,0,1500,1,1,,POINT (-95.791583458733 41.094100387)
2014790279,14-4253,03/06/2014,03-March,5-Thursday,14:57,1400 Hours,District 6 (East Central),BETTENDORF,SCOTT,I-74,I-74,Collision with:  Vehicle in traffic,On Roadway,"Sideswipe, same direction",Swerving/Evasive Action,None Indicated,,Daylight,Dry,Clear,None apparent,Interchange-related:  On-ramp merge area,Paved,,Property Damage Only,0,0,0,0,0,0,1700,2,5,,POINT (-90.513432841842 41.524358841444)
2014789627,14-1119,03/06/2014,03-March,5-Thursday,07:30,0700 Hours,District 1 (Central),WEST DES MOINES,POLK,,GRAND AVE,Collision with:  Vehicle in traffic,On Roadway,"Angle, oncoming left turn",FTYROW:  Making left turn,None Indicated,,Daylight,Dry,Cloudy,None apparent,Intersection:  T-intersection,Paved,,Property Damage Only,0,0,0,0,0,0,22500,2,5,,POINT (-93.725857734816 41.578584153273)
2014789988,14005038,03/06/2014,03-March,5-Thursday,17:06,1700 Hours,District 5 (Southeast),OSKALOOSA,MAHASKA,,9TH AVE E,Collision with:  Vehicle in traffic,On Roadway,Broadside (front to side),Improper Backing,None Indicated,,Daylight,Snow,Clear,None apparent,Non-intersection:  Non-junction/no special feature,Paved,,Property Damage Only,0,0,0,0,0,0,3000,2,4,,POINT (-92.631267663085 41.287160904285)
2014789833,14-2473,03/06/2014,03-March,5-Thursday,13:28,1300 Hours,District 3 (Northwest),,SIOUX,,410TH ST,Collision with fixed object:  Traffic sign support,On Roadway,Non-collision (single vehicle),Driving too fast for conditions,None Indicated,,Daylight,Slush,"Blowing sand, soil, dirt","Surface condition (e.g., wet, icy)",Non-intersection:  Non-junction/no special feature,Unpaved,,Property Damage Only,0,0,0,0,0,0,4350,1,1,,POINT (-96.050259782796 43.055721325094)
2014789760,PD1401840,03/06/2014,03-March,5-Thursday,07:56,0700 Hours,District 5 (Southeast),FAIRFIELD,JEFFERSON,IA 1,IA 1/S MAIN ST/IOWA 1 & LIBERTYVILLE RD & S JUNCTION RD,Collision with:  Vehicle in traffic,On Roadway,Rear-end (front to rear),Followed too close,None Indicated,,Daylight,Snow,Cloudy,"Surface condition (e.g., wet, icy)",Intersection:  Four-way intersection,Paved,,Property Damage Only,0,0,0,0,0,0,2000,2,2,,POINT (-91.963098801752 40.988354540295)
2014789805,20140006049,03/06/2014,03-March,5-Thursday,08:30,0800 Hours,District 1 (Central),DES MOINES,POLK,,GARFIELD AVE & E 27TH ST,Collision with:  Vehicle in traffic,On Roadway,Broadside (front to side),FTYROW:  From stop sign,None Indicated,,Daylight,Dry,Clear,None apparent,Intersection:  Four-way intersection,Paved,,Property Damage Only,0,0,0,0,0,0,6500,2,3,,POINT (-93.565219599773 41.603085089332)
2014797305,01-14-9363,03/06/2014,03-March,5-Thursday,16:59,1600 Hours,District 6 (East Central),DUBUQUE,DUBUQUE,,DEVON DR,Collision with:  Vehicle in traffic,On Roadway,Broadside (front to side),FTYROW:  From driveway,None Indicated,,Daylight,Dry,Clear,None apparent,Non-intersection:  Driveway access (within),Paved,,Property Damage Only,0,0,0,0,0,0,3600,2,2,,POINT (-90.701304911445 42.491827329252)
2014790113,2014-13608,03/06/2014,03-March,5-Thursday,13:43,1300 Hours,District 6 (East Central),DAVENPORT,SCOTT,,HARRISON ST,Collision with:  Vehicle in traffic,On Roadway,"Sideswipe, same direction",Other (explain in narrative):  Other,None Indicated,,Daylight,Dry,Clear,None apparent,Non-intersection:  Non-junction/no special feature,Paved,,Property Damage Only,0,0,0,0,0,0,7000,2,2,,POINT (-90.578358903046 41.602524520519)
2014789794,14-1513,03/06/2014,03-March,5-Thursday,17:16,1700 Hours,District 1 (Central),PLEASANT HILL,POLK,,NE 23RD AVE & NE OAKHILL DR,Collision with:  Vehicle in traffic,On Roadway,Broadside (front to side),FTYROW:  From stop sign,None Indicated,,Dusk,"Mud, dirt",Cloudy,None apparent,Intersection:  Y-intersection,Paved,,Property Damage Only,0,0,0,0,0,0,9000,2,2,,POINT (-93.506020585808 41.615223431402)
2014789803,20140006096,03/06/2014,03-March,5-Thursday,13:55,1300 Hours,District 1 (Central),DES MOINES,POLK,US 69,US 69/E 14TH ST & E OVID AVE,Collision with:  Vehicle in traffic,On Roadway,"Angle, oncoming left turn",FTYROW:  Making left turn,None Indicated,,Daylight,Dry,Clear,None apparent,Intersection:  Four-way intersection,Paved,,Possible/Unknown,0,3,0,0,3,0,10400,2,3,,POINT (-93.600556195049 41.62589234078)
2014790763,14003441,03/06/2014,03-March,5-Thursday,10:18,1000 Hours,District 2 (Northeast),MASON CITY,CERRO GORDO,IA 122,IA 122/5TH ST SW & S WASHINGTON AVE,Collision with:  Vehicle in traffic,On Roadway,"Sideswipe, same direction",Made improper turn,None Indicated,,Daylight,Wet,Clear,None apparent,Intersection:  Four-way intersection,Paved,,Property Damage Only,0,0,0,0,0,0,2500,2,2,,POINT (-93.202303285526 43.147171389957)
2014789817,14-0177,03/06/2014,03-March,5-Thursday,20:15,2000 Hours,District 1 (Central),WINDSOR HEIGHTS,POLK,,73RD ST,Collision with:  Vehicle in traffic,On Roadway,"Angle, oncoming left turn",FTYROW:  Making left turn,None Indicated,,Dark - roadway lighted,Wet,Clear,None apparent,Intersection:  Four-way intersection,Paved,,Minor Injury,0,1,0,1,0,0,7000,2,3,,POINT (-93.717741349302 41.595262458765)
2014790541,,03/06/2014,03-March,5-Thursday,12:40,1200 Hours,District 3 (Northwest),,POCAHONTAS,IA 3,IA 3/520TH ST,Non-collision events:  Overturn/rollover,Outside trafficway,Non-collision (single vehicle),Swerving/Evasive Action,None Indicated,,Daylight,Ice/frost,"Blowing sand, soil, dirt","Surface condition (e.g., wet, icy)",Non-intersection:  Non-junction/no special feature,Paved,,Possible/Unknown,0,1,0,0,1,0,2000,1,2,,POINT (-94.713957879801 42.732532806451)
2014789756,14-0255,03/06/2014,03-March,5-Thursday,10:39,1000 Hours,District 1 (Central),,GREENE,,Co Rd E57/280TH ST & Co Rd N58/A AVE,Collision with fixed object:  Ditch,Roadside,Non-collision (single vehicle),Ran Stop Sign,None Indicated,,Daylight,Unknown,Unknown,None apparent,Intersection:  T-intersection,Paved,,Minor Injury,0,1,0,1,0,0,10200,1,1,,POINT (-94.629340926311 41.950327924845)
2014794601,1403060211,03/06/2014,03-March,5-Thursday,02:11,0200 Hours,District 6 (East Central),,JONES,,Co Rd X44/AMBER RD X-44,Collision with:  Animal,,,Animal,None Indicated,,,,,,,Paved,,Property Damage Only,0,0,0,0,0,0,7000,1,1,,POINT (-91.189799262749 42.183721934206)
2014790550,S14-022158,03/06/2014,03-March,5-Thursday,10:06,1000 Hours,District 2 (Northeast),,BLACK HAWK,,Co Rd V37/DYSART RD,Collision with:  Vehicle in traffic,On Roadway,"Sideswipe, same direction",Crossed centerline (undivided),None Indicated,,Daylight,Wet,Cloudy,None apparent,Non-intersection:  Non-junction/no special feature,Paved,,Property Damage Only,0,0,0,0,0,0,5500,2,2,,POINT (-92.298715055732 42.31671673815)
2014790540,,03/06/2014,03-March,5-Thursday,22:05,2200 Hours,District 2 (Northeast),,HUMBOLDT,IA 3,IA 3/220TH ST,Collision with fixed object:  Traffic sign support,On Roadway,Non-collision (single vehicle),Ran off road - right,None Indicated,,Dark - roadway not lighted,Ice/frost,"Blowing sand, soil, dirt","Surface condition (e.g., wet, icy)",Non-intersection:  Non-junction/no special feature,Paved,,Property Damage Only,0,0,0,0,0,0,2200,1,1,,POINT (-94.283630495296 42.731933706878)
2014789587,2014-0979,03/06/2014,03-March,5-Thursday,09:36,0900 Hours,District 1 (Central),,HARDIN,,Co Rd D17/130TH ST,Collision with:  Vehicle in traffic,On Roadway,Broadside (front to side),FTYROW:  From driveway,None Indicated,,Daylight,Snow,Cloudy,None apparent,Non-intersection:  Driveway access (within),Unpaved,,Property Damage Only,0,0,0,0,0,0,3000,2,2,,POINT (-93.045515850993 42.514453668161)
2014789900,W14-022319,03/06/2014,03-March,5-Thursday,18:32,1800 Hours,District 2 (Northeast),WATERLOO,BLACK HAWK,I-380,I-380,Collision with:  Vehicle in traffic,On Roadway,"Sideswipe, same direction",Swerving/Evasive Action,None Indicated,,Dark - roadway lighted,Dry,Clear,None apparent,Unknown,Paved,,Possible/Unknown,0,1,0,0,1,0,6500,3,7,,POINT (-92.31367271578 42.458786775536)
2014789740,01-14-9344,03/06/2014,03-March,5-Thursday,13:54,1300 Hours,District 6 (East Central),DUBUQUE,DUBUQUE,,CENTURY DR,Collision with:  Vehicle in traffic,On Roadway,"Sideswipe, same direction",Made improper turn,None Indicated,,Daylight,Dry,Clear,None apparent,Non-intersection:  Non-junction/no special feature,Paved,,Possible/Unknown,0,1,0,0,1,0,3000,2,3,,POINT (-90.723910838467 42.492224700538)
2014789955,P14-002578,03/06/2014,03-March,5-Thursday,15:21,1500 Hours,District 1 (Central),WEBSTER CITY,HAMILTON,,DES MOINES ST,Collision with:  Parked motor vehicle,On Roadway,Rear-end (front to rear),Ran off road - right,None Indicated,,Daylight,Slush,Cloudy,None apparent,Non-intersection:  Non-junction/no special feature,Paved,,Property Damage Only,0,0,0,0,0,0,3000,2,2,,POINT (-93.821423241913 42.469659847921)
2014789796,14-001071,03/06/2014,03-March,5-Thursday,19:00,1900 Hours,District 1 (Central),ANKENY,POLK,,SE 9TH ST & SE DELAWARE AVE,Collision with:  Vehicle in traffic,On Roadway,Rear-end (front to rear),Other (explain in narrative):  Other,None Indicated,,Dark - roadway lighted,Dry,Cloudy,None apparent,Non-intersection:  Non-junction/no special feature,Paved,,Possible/Unknown,0,1,0,0,1,0,1000,2,3,,POINT (-93.581130164871 41.721764960747)
2014790512,2014015904,03/06/2014,03-March,5-Thursday,20:15,2000 Hours,District 4 (Southwest),,POTTAWATTAMIE,I-29,I-29,Collision with:  Vehicle in traffic,On Roadway,Rear-end (front to rear),Crossed centerline (undivided),None Indicated,,Dark - roadway not lighted,Dry,Cloudy,None apparent,Non-intersection:  Non-junction/no special feature,Paved,,Possible/Unknown,0,1,0,0,1,0,8000,2,2,,POINT (-95.899641425934 41.448421270418)
2014789724,14003241,03/06/2014,03-March,5-Thursday,17:30,1700 Hours,District 6 (East Central),,CEDAR,I-80,I-80,Collision with:  Vehicle in traffic,On Roadway,"Sideswipe, same direction",Unknown,None Indicated,,Daylight,Dry,Clear,None apparent,Non-intersection:  Non-junction/no special feature,Paved,,Property Damage Only,0,0,0,0,0,0,4600,2,4,,POINT (-91.131043794695 41.64545585634)
2014789790,14-001157,03/06/2014,03-March,5-Thursday,12:40,1200 Hours,District 3 (Northwest),,OBRIEN,,Co Rd B40/390TH ST,Collision with:  Vehicle in traffic,On Roadway,"Sideswipe, opposite direction",Driving too fast for conditions,None Indicated,,Daylight,Slush,"Blowing sand, soil, dirt",None apparent,Non-intersection:  Non-junction/no special feature,Paved,,Major Injury,0,1,1,0,0,0,15000,2,2,,POINT (-95.655330685863 43.084528288207)
2014790511,2014015891,03/06/2014,03-March,5-Thursday,19:00,1900 Hours,District 2 (Northeast),MASON CITY,CERRO GORDO,,Co Rd B35/255TH ST,Collision with:  Vehicle in traffic,On Roadway,"Sideswipe, opposite direction",Crossed centerline (undivided),None Indicated,,Dark - roadway not lighted,Ice/frost,"Blowing sand, soil, dirt","Surface condition (e.g., wet, icy)",Non-intersection:  Non-junction/no special feature,Paved,,Property Damage Only,0,0,0,0,0,0,4000,2,2,,POINT (-93.311957746061 43.133624790153)
2014792547,1403-024,03/06/2014,03-March,5-Thursday,15:30,1500 Hours,District 3 (Northwest),,OSCEOLA,IA 9,IA 9/IOWA 9 & OAK HILL AVE,Non-collision events:  Jackknife,On Roadway,Non-collision (single vehicle),Lost Control,None Indicated,,Daylight,Slush,"Blowing sand, soil, dirt","Surface condition (e.g., wet, icy)",Non-intersection:  Non-junction/no special feature,Paved,,Property Damage Only,0,0,0,0,0,0,3000,1,1,,POINT (-95.78132726198 43.432726121748)
2014790099,2014-13858,03/07/2014,03-March,6-Friday,14:50,1400 Hours,District 6 (East Central),DAVENPORT,SCOTT,,W LOCUST ST & FAIRMOUNT ST,Collision with:  Vehicle in traffic,On Roadway,Broadside (front to side),Ran Traffic Signal,None Indicated,,Daylight,Dry,Cloudy,None apparent,Intersection:  Four-way intersection,Paved,,Property Damage Only,0,0,0,0,0,0,2200,2,3,,POINT (-90.629828664601 41.538094147063)
2014797371,S201400424,03/07/2014,03-March,6-Friday,12:50,1200 Hours,District 3 (Northwest),,PALO ALTO,,Co Rd B63/490 ST,Non-collision events:  Overturn/rollover,Roadside,Non-collision (single vehicle),Ran off road - left,None Indicated,,Daylight,Slush,Cloudy,"Surface condition (e.g., wet, icy)",Non-intersection:  Non-junction/no special feature,Paved,,Property Damage Only,0,0,0,0,0,0,5000,1,1,,POINT (-94.642455964294 42.937887678884)
2014791099,2014-13879,03/07/2014,03-March,6-Friday,15:58,1500 Hours,District 6 (East Central),DAVENPORT,SCOTT,,W LOCUST ST & MAIN ST,Collision with:  Vehicle in traffic,On Roadway,Broadside (front to side),FTYROW:  Making left turn,None Indicated,,Daylight,Dry,Cloudy,None apparent,Intersection:  Four-way intersection,Paved,,Property Damage Only,0,0,0,0,0,0,3000,3,4,,POINT (-90.575556070539 41.538277037484)