Iowa DOT Case Number,Law Enforcement Case Number,Date of Crash,Month of Crash,Day of Week,Time of Crash,Hour,DOT District,City Name,County Name,Route with System,Location Description,First Harmful Event,Location of First Harmful Event,Manner of Crash/Collision,Major Cause,Drug or Alcohol ,Environmental Conditions,Light Conditions,Surface Conditions,Weather Conditions,Roadway Contribution,Roadway Type,Roadway Surface,Work Zone,Crash Severity,Number of Fatalities,Number of Injuries,Number of Major Injuries,Number of Minor Injuries,Number of Possible Injuries,Number of Unknown Injuries,Amount of Property Damage,Number of Vehicles Involved,Total Number of Occupants,Travel Direction,Location
2014801921,14680564,03/07/2014,03-March,6-Friday,08:12,0800 Hours,District 5 (Southeast),ALBIA,MONROE,,Co Rd H32/170TH ST & Co Rd T13/555TH TRL,Collision with fixed object:  Ditch,On Roadway,Non-collision (single vehicle),Driving too fast for conditions,None Indicated,,Daylight,Snow,Clear,"Surface condition (e.g., wet, icy)",Non-intersection:  Non-junction/no special feature,Unpaved,,Possible/Unknown,0,1,0,0,1,0,4500,1,1,,POINT (-92.992132925706 41.063254681667)
2014790360,14001268,03/07/2014,03-March,6-Friday,10:44,1000 Hours,District 2 (Northeast),,KOSSUTH,US 18,US 18,Collision with:  Vehicle in traffic,On Roadway,Head-on (front to front),Driving too fast for conditions,None Indicated,,Daylight,Ice/frost,"Blowing sand, soil, dirt","Surface condition (e.g., wet, icy)",Non-intersection:  Non-junction/no special feature,Paved,,Minor Injury,0,1,0,1,0,0,11000,2,2,,POINT (-94.345607152311 43.083094608478)
2014790134,14-6779,03/07/2014,03-March,6-Friday,19:36,1900 Hours,District 3 (Northwest),SIOUX CITY,WOODBURY,,SERGEANT RD & S LAKEPORT ST,Collision with:  Vehicle in traffic,Shoulder,"Angle, oncoming left turn",FTYROW:  Making left turn,None Indicated,,Dark - roadway lighted,Dry,Clear,None apparent,Intersection:  Four-way intersection,Paved,,Property Damage Only,0,0,0,0,0,0,3500,3,4,,POINT (-96.346442249789 42.447337096361)
2014789777,201403291,03/07/2014,03-March,6-Friday,11:40,1100 Hours,District 6 (East Central),CEDAR RAPIDS,LINN,I-380,I-380,Collision with:  Parked motor vehicle,On Roadway,"Sideswipe, same direction",Lost Control,None Indicated,,Daylight,Dry,Clear,Work Zone (roadway-related),Non-intersection:  Non-junction/no special feature,Paved,Yes,Property Damage Only,0,0,0,0,0,0,3500,2,1,,POINT (-91.666145287574 41.982503129367)
2014790219,14-170307-01,03/07/2014,03-March,6-Friday,04:20,0400 Hours,District 6 (East Central),,IOWA,US 6,US 6,Collision with:  Animal,,,Animal,None Indicated,,,,,,,Paved,,Property Damage Only,0,0,0,0,0,0,2000,1,1,,POINT (-91.835282170014 41.758357784485)
2014794048,B14-435,03/07/2014,03-March,6-Friday,00:01,0000 Hours,District 3 (Northwest),SERGEANT BLUFF,WOODBURY,,6TH ST,Collision with:  Parked motor vehicle,On Roadway,Unknown,Unknown,None Indicated,,Unknown,Unknown,Unknown,None apparent,Non-intersection:  Non-junction/no special feature,Paved,,Property Damage Only,0,0,0,0,0,0,2500,2,1,,POINT (-96.361700271433 42.405514046225)
2014790130,14-0650,03/07/2014,03-March,6-Friday,14:58,1400 Hours,District 1 (Central),FORT DODGE,WEBSTER,,S 15TH ST,Collision with:  Vehicle in traffic,On Roadway,Rear-end (front to rear),FTYROW:  From driveway,None Indicated,,Daylight,Wet,Cloudy,None apparent,Non-intersection:  Driveway access (within),Paved,,Property Damage Only,0,0,0,0,0,0,6500,2,2,,POINT (-94.177662379866 42.504908357333)
2014793031,,03/07/2014,03-March,6-Friday,09:30,0900 Hours,District 2 (Northeast),SHEFFIELD,FRANKLIN,,6TH ST & THOMPSON ST,Collision with:  Parked motor vehicle,On Roadway,Rear-end (front to rear),Exceeded authorized speed,None Indicated,,Daylight,Wet,Cloudy,None apparent,Non-intersection:  Non-junction/no special feature,Paved,,Property Damage Only,0,0,0,0,0,0,1600,2,2,,POINT (-93.219074512776 42.894242590956)
2014790027,20140006191,03/07/2014,03-March,6-Friday,14:52,1400 Hours,District 1 (Central),DES MOINES,POLK,,SW 9TH ST,Collision with:  Vehicle in traffic,On Roadway,Rear-end (front to rear),Followed too close,None Indicated,,Daylight,Dry,Cloudy,None apparent,Non-intersection:  Non-junction/no special feature,Paved,,Possible/Unknown,0,1,0,0,1,0,2500,2,2,,POINT (-93.625770190033 41.546827285197)
2014789902,W14-022519,03/07/2014,03-March,6-Friday,07:47,0700 Hours,District 2 (Northeast),WATERLOO,BLACK HAWK,,W 6TH ST & COMMERCIAL ST,Collision with:  Vehicle in traffic,On Roadway,"Sideswipe, same direction",Other (explain in narrative):  Other,None Indicated,,Daylight,Wet,Clear,None apparent,Non-intersection:  Other non-intersection (explain in narrative),Paved,,Property Damage Only,0,0,0,0,0,0,7000,2,2,,POINT (-92.337629524453 42.493690356355)
2014790701,,03/07/2014,03-March,6-Friday,22:24,2200 Hours,District 4 (Southwest),,AUDUBON,US 71,US 71 & 170 ST,Collision with:  Vehicle in traffic,On Roadway,Rear-end (front to rear),Crossed centerline (undivided),None Indicated,,Dark - roadway not lighted,Snow,"Blowing sand, soil, dirt",,,Paved,,Property Damage Only,0,0,0,0,0,0,6500,2,2,,POINT (-94.937819509242 41.760301319912)
2014790363,W14-022577,03/07/2014,03-March,6-Friday,13:27,1300 Hours,District 2 (Northeast),WATERLOO,BLACK HAWK,US 63,US 63/SE RAMP CURV & US 218,Collision with:  Vehicle in traffic,On Roadway,Broadside (front to side),Ran Traffic Signal,None Indicated,,Daylight,Wet,Clear,None apparent,Intersection:  Intersection with ramp,Paved,,Property Damage Only,0,0,0,0,0,0,4000,2,3,,POINT (-92.346886964997 42.496346171989)
2014791430,14-000338,03/07/2014,03-March,6-Friday,17:25,1700 Hours,District 1 (Central),AMES,STORY,,IOWA STATE UNIVERSITY & UNIVERSITY BLVD,Collision with:  Vehicle in traffic,On Roadway,Rear-end (front to rear),Followed too close,None Indicated,,Daylight,Wet,Cloudy,None apparent,Non-intersection:  Non-junction/no special feature,Paved,,Property Damage Only,0,0,0,0,0,0,3000,2,2,,POINT (-93.641521249349 42.030503026012)
2014790057,14-0514,03/07/2014,03-March,6-Friday,17:10,1700 Hours,District 1 (Central),URBANDALE,POLK,,128TH ST & AURORA AVE,Collision with:  Vehicle in traffic,On Roadway,Broadside (front to side),FTYROW:  From stop sign,None Indicated,,Daylight,Dry,Cloudy,None apparent,Unknown,Paved,,Minor Injury,0,1,0,1,0,0,6000,2,2,,POINT (-93.794335385613 41.636777201759)
2014792363,14032613,03/07/2014,03-March,6-Friday,16:56,1600 Hours,District 6 (East Central),,JOHNSON,IA 1,IA 1/IOWA 1 & 520TH ST,Collision with:  Vehicle in traffic,On Roadway,Rear-end (front to rear),FTYROW:  Other (explain in narrative),None Indicated,,Daylight,Dry,Cloudy,None apparent,Intersection:  Four-way intersection,Paved,,Property Damage Only,0,0,0,0,0,0,5000,2,2,,POINT (-91.712952128814 41.554846609525)
2014790986,14-1050,03/07/2014,03-March,6-Friday,14:50,1400 Hours,District 6 (East Central),HIAWATHA,LINN,,BOYSON RD,Collision with:  Vehicle in traffic,Roadside,Rear-end (front to rear),Other (explain in narrative):  Other,None Indicated,,Daylight,Wet,Cloudy,None apparent,Intersection:  T-intersection,Paved,,Possible/Unknown,0,1,0,0,1,0,10400,2,4,,POINT (-91.694336234911 42.044250906398)
2014792349,14-040307-01,03/07/2014,03-March,6-Friday,23:00,2300 Hours,District 6 (East Central),,IOWA,,Co Rd F46/240TH ST,Collision with fixed object:  Other fixed object (explain in narrative),Roadside,Non-collision (single vehicle),Ran off road - right,None Indicated,,Dark - roadway not lighted,Dry,Cloudy,None apparent,Non-intersection:  Non-junction/no special feature,Paved,,Property Damage Only,0,0,0,0,0,0,2750,1,1,,POINT (-91.957282557913 41.661570293127)
2014789904,W14-022571,03/07/2014,03-March,6-Friday,12:35,1200 Hours,District 2 (Northeast),WATERLOO,BLACK HAWK,,LAFAYETTE ST & E 5TH ST,Collision with:  Vehicle in traffic,On Roadway,"Sideswipe, same direction",Made improper turn,None Indicated,,Daylight,Wet,Cloudy,None apparent,Non-intersection:  Driveway access (within),Paved,,Property Damage Only,0,0,0,0,0,0,3000,2,3,,POINT (-92.334002032585 42.498379384118)
2014790029,20140006213,03/07/2014,03-March,6-Friday,17:46,1700 Hours,District 1 (Central),DES MOINES,POLK,US 6,US 6/DOUGLAS AVE & 47TH ST & SHERMAN BLVD,Collision with:  Vehicle in traffic,On Roadway,"Angle, oncoming left turn",FTYROW:  Making left turn,None Indicated,,Dusk,Dry,Cloudy,None apparent,Intersection:  Four-way intersection,Paved,,Possible/Unknown,0,1,0,0,1,0,20000,2,4,,POINT (-93.683341475792 41.629465247372)
2014791097,2014-13764,03/07/2014,03-March,6-Friday,08:18,0800 Hours,District 6 (East Central),DAVENPORT,SCOTT,,VETERANS MEMORIAL PKWY,Collision with:  Vehicle in traffic,On Roadway,"Sideswipe, same direction",Unknown,None Indicated,,Daylight,Wet,Clear,None apparent,Intersection:  Four-way intersection,Paved,,Property Damage Only,0,0,0,0,0,0,1600,2,2,,POINT (-90.569340636184 41.585771453721)
2014790745,,03/07/2014,03-March,6-Friday,10:44,1000 Hours,District 6 (East Central),CEDAR RAPIDS,LINN,I-380,I-380 & US 30/LINCOLN FWY,Collision with:  Vehicle in traffic,On Roadway,"Sideswipe, same direction",Unknown,None Indicated,,Daylight,Dry,Clear,,Intersection:  Y-intersection,Paved,,Property Damage Only,0,0,0,0,0,0,6000,2,3,,POINT (-91.674260295769 41.927045187032)
2014789913,W14-022543,03/07/2014,03-March,6-Friday,09:49,0900 Hours,District 2 (Northeast),WATERLOO,BLACK HAWK,,E SHAULIS RD,Collision with:  Vehicle in traffic,On Roadway,"Sideswipe, same direction",Swerving/Evasive Action,None Indicated,,Daylight,Wet,Clear,None apparent,Non-intersection:  Non-junction/no special feature,Paved,,Property Damage Only,0,0,0,0,0,0,4700,2,3,,POINT (-92.306755330607 42.443074885728)
2014789906,W14-022686,03/07/2014,03-March,6-Friday,18:54,1800 Hours,District 2 (Northeast),WATERLOO,BLACK HAWK,,E SAN MARNAN DR & LA PORTE RD,Collision with:  Vehicle in traffic,On Roadway,Rear-end (front to rear),Lost Control,None Indicated,,Dark - roadway lighted,Wet,Clear,None apparent,Intersection:  Four-way intersection,Paved,,Property Damage Only,0,0,0,0,0,0,3000,2,2,,POINT (-92.320901946971 42.46734940024)
2014789809,20140006149,03/07/2014,03-March,6-Friday,08:54,0800 Hours,District 1 (Central),DES MOINES,POLK,I-235,I-235 & SCHOOL ST & MLK JR PKWY,Collision with:  Vehicle in traffic,On Roadway,Broadside (front to side),Ran Traffic Signal,None Indicated,,Daylight,Wet,Cloudy,None apparent,Intersection:  Four-way intersection,Paved,,Possible/Unknown,0,1,0,0,1,0,7000,2,3,,POINT (-93.644284721363 41.595319280291)
2014790126,2014-04412,03/07/2014,03-March,6-Friday,03:00,0300 Hours,District 5 (Southeast),,WARREN,,Co Rd G72/200TH AVE,Non-collision events:  Overturn/rollover,Shoulder,Non-collision (single vehicle),Swerving/Evasive Action,None Indicated,,Dark - roadway not lighted,Unknown,Unknown,None apparent,Intersection:  T-intersection,Unpaved,,Possible/Unknown,0,1,0,0,0,1,5500,1,1,,POINT (-93.423674013998 41.199541869029)
2014790056,14-0508,03/07/2014,03-March,6-Friday,09:38,0900 Hours,District 1 (Central),URBANDALE,POLK,,MEREDITH DR &  NW URBANDALE DR,Collision with:  Vehicle in traffic,On Roadway,Rear-end (front to rear),Followed too close,None Indicated,,Daylight,Dry,Clear,None apparent,Intersection:  Four-way intersection,Paved,,Property Damage Only,0,0,0,0,0,0,3500,2,2,,POINT (-93.765796587265 41.643942400873)
2014789780,201403275,03/07/2014,03-March,6-Friday,07:25,0700 Hours,District 6 (East Central),CEDAR RAPIDS,LINN,,4TH AVE SE & 7TH ST SE,Collision with:  Vehicle in traffic,On Roadway,Broadside (front to side),Traveling wrong way or on wrong side of road,None Indicated,,Daylight,Dry,Clear,None apparent,Intersection:  Other intersection (explain in narrative),Paved,,Property Damage Only,0,0,0,0,0,0,8000,2,2,,POINT (-91.660538577504 41.979321612028)
2014789903,W14-022567,03/07/2014,03-March,6-Friday,12:29,1200 Hours,District 2 (Northeast),WATERLOO,BLACK HAWK,,E 5TH ST & FRANKLIN ST,Collision with:  Vehicle in traffic,On Roadway,Broadside (front to side),Unknown,None Indicated,,Daylight,Wet,Clear,None apparent,Intersection:  Four-way intersection,Paved,,Property Damage Only,0,0,0,0,0,0,5500,2,2,,POINT (-92.33205120036 42.499862997613)
2014796727,14022796,03/07/2014,03-March,6-Friday,23:36,2300 Hours,District 2 (Northeast),CEDAR FALLS,BLACK HAWK,,SEERLEY BLVD & IOWA ST,Collision with:  Parked motor vehicle,On Roadway,"Sideswipe, same direction",Unknown,None Indicated,,Dark - roadway lighted,Dry,Clear,None apparent,Non-intersection:  Non-junction/no special feature,Paved,,Property Damage Only,0,0,0,0,0,0,8000,2,1,,POINT (-92.452166828604 42.515882076531)
2014790085,14-4292,03/07/2014,03-March,6-Friday,07:59,0700 Hours,District 6 (East Central),BETTENDORF,SCOTT,,MISSISSIPPI BLVD & 14TH ST,Collision with:  Vehicle in traffic,On Roadway,Broadside (front to side),FTYROW:  From stop sign,None Indicated,,Daylight,Dry,Clear,None apparent,Intersection:  Other intersection (explain in narrative),Paved,,Property Damage Only,0,0,0,0,0,0,4500,2,4,,POINT (-90.512994425176 41.52829414712)
2014790765,14003510,03/07/2014,03-March,6-Friday,09:50,0900 Hours,District 2 (Northeast),MASON CITY,CERRO GORDO,IA 122,IA 122/4TH ST SW & VILLAGE GREEN DR & N ROOSEVELT AVE,Collision with:  Vehicle in traffic,On Roadway,"Sideswipe, same direction",Other (explain in narrative):  Other,None Indicated,,Daylight,Wet,Cloudy,None apparent,Intersection:  Four-way intersection,Paved,,Property Damage Only,0,0,0,0,0,0,2700,2,3,,POINT (-93.250381078412 43.148309948869)
2014789795,14-1519,03/07/2014,03-March,6-Friday,08:40,0800 Hours,District 1 (Central),BONDURANT,POLK,,32ND ST SW,Collision with:  Vehicle in traffic,On Roadway,Broadside (front to side),FTYROW:  From stop sign,None Indicated,,Daylight,Dry,Cloudy,None apparent,Intersection:  Four-way intersection,Paved,,Major Injury,0,2,1,0,1,0,25000,3,3,,POINT (-93.480465223335 41.673177251541)
2014791082,2014-4531,03/07/2014,03-March,6-Friday,14:43,1400 Hours,District 6 (East Central),RIVERDALE,SCOTT,,BELMONT RD,Collision with:  Vehicle in traffic,On Roadway,Rear-end (front to rear),Other (explain in narrative):  No improper action,None Indicated,,Daylight,Wet,Cloudy,None apparent,Non-intersection:  Non-junction/no special feature,Paved,,Possible/Unknown,0,3,0,0,3,0,17800,3,3,,POINT (-90.471488497804 41.553542844443)
2014790195,14003284,03/07/2014,03-March,6-Friday,18:40,1800 Hours,District 6 (East Central),,CEDAR,,Co Rd F36/CEDAR VALLEY RD,Collision with:  Animal,,,Animal,None Indicated,,,,,,,Paved,,Property Damage Only,0,0,0,0,0,0,2000,1,1,,POINT (-91.225383396437 41.73519865855)
2014790518,14-003281,03/07/2014,03-March,6-Friday,17:30,1700 Hours,District 6 (East Central),WEST BRANCH,CEDAR,,CEDAR/JOHNSON CO LINE RD,Collision with:  Vehicle in traffic,On Roadway,"Sideswipe, opposite direction",Crossed centerline (undivided),None Indicated,,Dusk,Dry,Cloudy,None apparent,Non-intersection:  Non-junction/no special feature,Paved,,Property Damage Only,0,0,0,0,0,0,8000,2,4,,POINT (-91.366285810612 41.674890520646)
2014789932,CL14000690,03/07/2014,03-March,6-Friday,22:00,2200 Hours,District 6 (East Central),CLINTON,CLINTON,,19TH PL,Unknown,Unknown,Unknown,Unknown,None Indicated,,Unknown,Unknown,Unknown,Unknown,Unknown,Paved,,Property Damage Only,0,0,0,0,0,0,1500,2,2,,POINT (-90.210612230085 41.829049098457)
2014797370,S201400423,03/07/2014,03-March,6-Friday,10:35,1000 Hours,District 3 (Northwest),,PALO ALTO,US 18,US 18/390 ST,Non-collision events:  Other non-collision (explain in narrative),On Roadway,Non-collision (single vehicle),Driving too fast for conditions,None Indicated,,Daylight,Slush,"Blowing sand, soil, dirt","Surface condition (e.g., wet, icy)",Non-intersection:  Non-junction/no special feature,Paved,,Possible/Unknown,0,1,0,0,0,1,2500,1,2,,POINT (-94.511513234848 43.082986148953)
2014790060,14-01142,03/07/2014,03-March,6-Friday,19:25,1900 Hours,District 1 (Central),WEST DES MOINES,POLK,,MILLS CIVIC PKWY,Collision with:  Vehicle in traffic,On Roadway,Rear-end (front to rear),Other (explain in narrative):  Other,None Indicated,,Dark - roadway lighted,Dry,Cloudy,None apparent,Non-intersection:  Non-junction/no special feature,Paved,,Property Damage Only,0,0,0,0,0,0,1500,2,3,,POINT (-93.783765720462 41.559099617294)
2014794056,2014-0056,03/07/2014,03-March,6-Friday,17:57,1700 Hours,District 5 (Southeast),CARLISLE,WARREN,,JOHN GOODHUE DR & S 5TH ST,Collision with:  Vehicle in traffic,On Roadway,Rear-end (front to rear),Unknown,None Indicated,,Dusk,Dry,Clear,None apparent,Non-intersection:  Non-junction/no special feature,Paved,,Possible/Unknown,0,1,0,0,1,0,200,2,3,,POINT (-93.49139418664 41.489193246267)
2014789953,01-14-9528,03/07/2014,03-March,6-Friday,19:44,1900 Hours,District 6 (East Central),DUBUQUE,DUBUQUE,,UNIVERSITY AVE & AUSTIN ST,Collision with:  Animal,,,Animal,None Indicated,,,,,,,Paved,,Property Damage Only,0,0,0,0,0,0,1500,1,1,,POINT (-90.700772105311 42.497733080213)
2014792865,2014016212,03/07/2014,03-March,6-Friday,18:59,1800 Hours,District 1 (Central),ALTOONA,POLK,I-80,I-80,Collision with:  Vehicle in traffic,On Roadway,"Sideswipe, same direction",Crossed centerline (undivided),None Indicated,,Dark - roadway not lighted,Dry,Cloudy,Work Zone (roadway-related),Non-intersection:  Non-junction/no special feature,Paved,Yes,Property Damage Only,0,0,0,0,0,0,4500,2,3,,POINT (-93.504885661173 41.66205682705)
2014790413,6600000490,03/07/2014,03-March,6-Friday,12:57,1200 Hours,District 2 (Northeast),,MITCHELL,US 218,US 218,Non-collision events:  Overturn/rollover,On Roadway,Non-collision (single vehicle),Crossed centerline (undivided),None Indicated,,Daylight,Dry,Clear,None apparent,Non-intersection:  Driveway access (within),Paved,,Minor Injury,0,1,0,1,0,0,2500,2,3,,POINT (-92.822495452897 43.378416525726)
2014789961,2014002539,03/07/2014,03-March,6-Friday,08:06,0800 Hours,District 6 (East Central),IOWA CITY,JOHNSON,,A ST & THIRD AVE,Collision with:  Vehicle in traffic,On Roadway,Broadside (front to side),FTYROW:  From stop sign,None Indicated,,Daylight,Dry,Clear,None apparent,Intersection:  Four-way intersection,Paved,,Property Damage Only,0,0,0,0,0,0,5000,2,3,,POINT (-91.504891325693 41.655305301447)
2014792327,2014-001309,03/07/2014,03-March,6-Friday,21:30,2100 Hours,District 6 (East Central),,BENTON,,Co Rd E36/66 ST,Collision with:  Animal,,,Animal,None Indicated,,,,,,,Paved,,Property Damage Only,0,0,0,0,0,0,2000,1,1,,POINT (-91.866739816447 42.06566280902)
2014790356,2014016191,03/07/2014,03-March,6-Friday,17:30,1700 Hours,District 2 (Northeast),,WRIGHT,I-35,I-35,Non-collision events:  Overturn/rollover,Outside trafficway,Non-collision (single vehicle),Driving too fast for conditions,None Indicated,,Daylight,Ice/frost,Cloudy,"Surface condition (e.g., wet, icy)",Non-intersection:  Non-junction/no special feature,Paved,,Property Damage Only,0,0,0,0,0,0,3000,1,1,,POINT (-93.513105891889 42.602570115523)
2014789925,14001245,03/07/2014,03-March,6-Friday,02:57,0200 Hours,District 2 (Northeast),,CERRO GORDO,I-35,I-35,Non-collision events:  Jackknife,Median,Non-collision (single vehicle),Ran off road - left,None Indicated,,Dark - roadway not lighted,Ice/frost,Clear,"Surface condition (e.g., wet, icy)",Non-intersection:  Non-junction/no special feature,Paved,,Property Damage Only,0,0,0,0,0,0,15000,1,2,,POINT (-93.348795261493 43.237487697222)
2014790194,14003283,03/07/2014,03-March,6-Friday,18:36,1800 Hours,District 6 (East Central),,CEDAR,,Co Rd F36/CEDAR VALLEY RD,Collision with:  Animal,,,Animal,None Indicated,,,,,,,Paved,,Property Damage Only,0,0,0,0,0,0,2000,1,1,,POINT (-91.18862826404 41.739362407513)
2014790247,14-009625,03/07/2014,03-March,6-Friday,22:52,2200 Hours,District 5 (Southeast),MUSCATINE,MUSCATINE,,PINE ST,Collision with:  Parked motor vehicle,On Roadway,"Sideswipe, same direction",Ran off road - right,None Indicated,,Dark - roadway lighted,Dry,Clear,None apparent,Non-intersection:  Non-junction/no special feature,Paved,,Property Damage Only,0,0,0,0,0,0,14500,3,777,,POINT (-91.050855873322 41.423196738848)
2014790011,20140006203,03/07/2014,03-March,6-Friday,16:03,1600 Hours,District 1 (Central),DES MOINES,POLK,,62ND ST,Collision with:  Vehicle in traffic,On Roadway,Broadside (front to side),FTYROW:  From driveway,None Indicated,,Daylight,Dry,Cloudy,None apparent,Non-intersection:  Driveway access (within),Paved,,Property Damage Only,0,0,0,0,0,0,3000,2,2,,POINT (-93.702576770233 41.628628716627)
2014789979,201403314,03/07/2014,03-March,6-Friday,19:38,1900 Hours,District 6 (East Central),CEDAR RAPIDS,LINN,,B AVE NW,Non-collision events:  Other non-collision (explain in narrative),On Roadway,Non-collision (single vehicle),Other (explain in narrative):  No improper action,None Indicated,,Dark - roadway not lighted,Dry,Clear,None apparent,Non-intersection:  Non-junction/no special feature,Paved,,Possible/Unknown,0,1,0,0,1,0,100,1,2,,POINT (-91.693676192501 41.974984145998)
2014793247,SA1401525,03/07/2014,03-March,6-Friday,17:03,1700 Hours,District 5 (Southeast),KALONA,WASHINGTON,IA 22,IA 22/E AVE & 9TH ST,Collision with:  Vehicle in traffic,On Roadway,"Sideswipe, same direction",FTYROW:  Making left turn,None Indicated,,Dusk,Dry,Clear,None apparent,Intersection:  Four-way intersection,Paved,,Property Damage Only,0,0,0,0,0,0,7000,2,2,,POINT (-91.70107013218 41.485871432095)
2014790820,14-004958,03/07/2014,03-March,6-Friday,18:38,1800 Hours,District 5 (Southeast),,MARION,,Co Rd T15/OLD HWY 92,Collision with:  Animal,,,Animal,None Indicated,,,,,,,Paved,,Property Damage Only,0,0,0,0,0,0,1500,1,1,,POINT (-93.076631933656 41.315839153001)
2014793887,2014016175,03/07/2014,03-March,6-Friday,15:50,1500 Hours,District 1 (Central),DES MOINES,POLK,,DES MOINES ST & PENNSYLVANIA AVE,Collision with:  Vehicle in traffic,On Roadway,"Sideswipe, opposite direction",FTYROW:  From stop sign,None Indicated,,Daylight,Wet,Cloudy,None apparent,Intersection:  Four-way intersection,Paved,,Property Damage Only,0,0,0,0,0,0,3000,2,7,,POINT (-93.608117178947 41.592462820419)
2014789962,2014002564,03/07/2014,03-March,6-Friday,18:13,1800 Hours,District 6 (East Central),IOWA CITY,JOHNSON,,N DUBUQUE ST,Collision with:  Animal,On Roadway,Non-collision (single vehicle),Animal,None Indicated,,Dark - roadway lighted,Wet,Clear,None apparent,Non-intersection:  Non-junction/no special feature,Paved,,Property Damage Only,0,0,0,0,0,0,2000,1,4,,POINT (-91.535948135111 41.681815992825)
2014793019,,03/07/2014,03-March,6-Friday,14:20,1400 Hours,District 2 (Northeast),SHEFFIELD,FRANKLIN,,6TH ST & THOMPSON ST,Collision with:  Vehicle in traffic,On Roadway,Broadside (front to side),Unknown,None Indicated,,Daylight,Snow,Cloudy,"Surface condition (e.g., wet, icy)",Intersection:  Four-way intersection,Paved,,Property Damage Only,0,0,0,0,0,0,5250,3,3,,POINT (-93.219074512776 42.894242590956)
2014790705,,03/07/2014,03-March,6-Friday,17:17,1700 Hours,District 2 (Northeast),,HUMBOLDT,US 169,US 169/LINCOLN AVE,Non-collision events:  Overturn/rollover,On Roadway,Non-collision (single vehicle),Swerving/Evasive Action,None Indicated,,Daylight,Ice/frost,Cloudy,"Surface condition (e.g., wet, icy)",Non-intersection:  Non-junction/no special feature,Paved,,Minor Injury,0,1,0,1,0,0,3000,1,1,,POINT (-94.227388256714 42.887683399563)
2014790819,14-004911,03/07/2014,03-March,6-Friday,06:55,0600 Hours,District 5 (Southeast),,MARION,IA 5,IA 5/IOWA 5,Collision with:  Animal,,,Animal,None Indicated,,,,,,,Paved,,Property Damage Only,0,0,0,0,0,0,2500,1,1,,POINT (-93.007409302919 41.226047508913)
2014790651,2014-13758,03/07/2014,03-March,6-Friday,08:00,0800 Hours,District 6 (East Central),DAVENPORT,SCOTT,,WASHINGTON ST,Collision with:  Parked motor vehicle,On Roadway,Head-on (front to front),Unknown,None Indicated,,Daylight,Dry,Cloudy,None apparent,Non-intersection:  Non-junction/no special feature,Paved,,Property Damage Only,0,0,0,0,0,0,2500,2,1,,POINT (-90.596053366374 41.547677990623)
2014791511,14-002240,03/07/2014,03-March,6-Friday,03:00,0300 Hours,District 3 (Northwest),,CARROLL,IA 141,IA 141/IOWA 141,Collision with:  Animal,On Roadway,Non-collision (single vehicle),Animal,None Indicated,,Dark - roadway not lighted,Wet,Clear,None apparent,Non-intersection:  Non-junction/no special feature,Paved,,Minor Injury,0,1,0,1,0,0,3000,1,1,,POINT (-94.812775758113 41.89035141718)
2014790044,20140006185,03/07/2014,03-March,6-Friday,14:46,1400 Hours,District 1 (Central),DES MOINES,POLK,,25TH ST,Collision with:  Vehicle in traffic,On Roadway,Broadside (front to side),FTYROW:  Making left turn,None Indicated,,Daylight,Wet,Clear,None apparent,Intersection:  Other intersection (explain in narrative),Paved,,Property Damage Only,0,0,0,0,0,0,2500,2,3,,POINT (-93.650941669102 41.601046407874)
2014790059,14-1140,03/07/2014,03-March,6-Friday,17:15,1700 Hours,District 1 (Central),WEST DES MOINES,POLK,I-235,I-235,Collision with:  Vehicle in traffic,On Roadway,Rear-end (front to rear),Improper or erratic lane changing,None Indicated,,Daylight,Dry,Cloudy,None apparent,Non-intersection:  Non-junction/no special feature,Paved,,Property Damage Only,0,0,0,0,0,0,3000,2,3,,POINT (-93.726743256339 41.593368434142)
2014791098,2014-13861,03/07/2014,03-March,6-Friday,14:59,1400 Hours,District 6 (East Central),DAVENPORT,SCOTT,US 67,US 67/GAINES ST/NE RAMP,Collision with:  Vehicle in traffic,On Roadway,Rear-end (front to rear),Followed too close,None Indicated,,Daylight,Dry,Cloudy,None apparent,Interchange-related:  On-ramp,Paved,,Property Damage Only,0,0,0,0,0,0,3500,2,2,,POINT (-90.583509972512 41.521044134694)
2014790005,14-0279,03/07/2014,03-March,6-Friday,10:00,1000 Hours,District 4 (Southwest),CLIVE,DALLAS,,NW 161ST ST,Collision with:  Vehicle in traffic,On Roadway,Rear-end (front to rear),FTYROW:  Other (explain in narrative),None Indicated,,Daylight,Dry,Cloudy,None apparent,Non-intersection:  Non-junction/no special feature,Paved,,Possible/Unknown,0,1,0,0,1,0,1100,2,2,,POINT (-93.840628190816 41.615182111839)
2014790032,20140006202,03/07/2014,03-March,6-Friday,15:52,1500 Hours,District 1 (Central),DES MOINES,POLK,IA 163,IA 163/E UNIVERSITY AVE & E 24TH ST,Collision with:  Vehicle in traffic,On Roadway,Rear-end (front to rear),FTYROW:  At uncontrolled intersection,None Indicated,,Daylight,Dry,Cloudy,None apparent,Intersection:  T-intersection,Paved,,Property Damage Only,0,0,0,0,0,0,3200,2,2,,POINT (-93.572828638351 41.600462350569)
2014789789,14-001174,03/07/2014,03-March,6-Friday,11:23,1100 Hours,District 3 (Northwest),,OBRIEN,,Co Rd B40/390TH ST,Collision with fixed object:  Ditch,On Roadway,Non-collision (single vehicle),Swerving/Evasive Action,None Indicated,,Daylight,Slush,Cloudy,"Surface condition (e.g., wet, icy)",Non-intersection:  Non-junction/no special feature,Paved,,Possible/Unknown,0,1,0,0,1,0,5000,1,1,,POINT (-95.730418754497 43.084353798024)
2014790006,14-0281,03/07/2014,03-March,6-Friday,13:15,1300 Hours,District 1 (Central),CLIVE,POLK,,UNIVERSITY AVE,Collision with:  Vehicle in traffic,On Roadway,Rear-end (front to rear),FTYROW:  Other (explain in narrative),None Indicated,,Daylight,Dry,Cloudy,None apparent,Intersection:  Four-way intersection,Paved,,Possible/Unknown,0,2,0,0,2,0,2800,2,2,,POINT (-93.751181877582 41.600408111679)