Iowa DOT Case Number,Law Enforcement Case Number,Date of Crash,Month of Crash,Day of Week,Time of Crash,Hour,DOT District,City Name,County Name,Route with System,Location Description,First Harmful Event,Location of First Harmful Event,Manner of Crash/Collision,Major Cause,Drug or Alcohol ,Environmental Conditions,Light Conditions,Surface Conditions,Weather Conditions,Roadway Contribution,Roadway Type,Roadway Surface,Work Zone,Crash Severity,Number of Fatalities,Number of Injuries,Number of Major Injuries,Number of Minor Injuries,Number of Possible Injuries,Number of Unknown Injuries,Amount of Property Damage,Number of Vehicles Involved,Total Number of Occupants,Travel Direction,Location
2014790818,14005163,03/08/2014,03-March,7-Saturday,11:17,1100 Hours,District 5 (Southeast),OSKALOOSA,MAHASKA,,3RD AVE E & S 1ST ST,Collision with:  Vehicle in traffic,On Roadway,Broadside (front to side),FTYROW:  From stop sign,None Indicated,,Daylight,Dry,Clear,None apparent,Intersection:  Four-way intersection,Paved,,Property Damage Only,0,0,0,0,0,0,3050,2,3,,POINT (-92.643849069786 41.292623187745)
2014789993,1400000186,03/08/2014,03-March,7-Saturday,04:53,0400 Hours,District 1 (Central),,MARSHALL,IA 330,IA 330/MARSHALLTOWN BLVD,Collision with:  Animal,On Roadway,Non-collision (single vehicle),Animal,None Indicated,,Dark - roadway not lighted,Wet,Cloudy,None apparent,Non-intersection:  Non-junction/no special feature,Paved,,Possible/Unknown,0,1,0,0,1,0,7000,1,1,,POINT (-93.210797732148 41.87828526677)
2014790052,20140006276,03/08/2014,03-March,7-Saturday,14:00,1400 Hours,District 1 (Central),DES MOINES,POLK,,31ST ST,Collision with:  Vehicle in traffic,On Roadway,Rear-end (front to rear),Followed too close,None Indicated,,Daylight,Dry,Clear,None apparent,Non-intersection:  Non-junction/no special feature,Paved,,Property Damage Only,0,0,0,0,0,0,5500,2,2,,POINT (-93.659357433096 41.59788194949)
2014790477,14002431,03/08/2014,03-March,7-Saturday,03:50,0300 Hours,District 1 (Central),,TAMA,,195TH ST & Q AVE,Non-collision events:  Other non-collision (explain in narrative),Outside trafficway,Non-collision (single vehicle),Ran off road - straight,Refused,,Dark - roadway lighted,"Mud, dirt",Cloudy,None apparent,Non-intersection:  Non-junction/no special feature,Unpaved,,Property Damage Only,0,0,0,0,0,0,1900,1,1,,POINT (-92.455796812982 42.159438043692)
2014790047,20140006285,03/08/2014,03-March,7-Saturday,15:11,1500 Hours,District 1 (Central),DES MOINES,POLK,,EASTON BLVD & E 21ST ST & DELAWARE AVE,Collision with:  Vehicle in traffic,On Roadway,Broadside (front to side),Ran Stop Sign,None Indicated,,Daylight,Dry,Clear,None apparent,Intersection:  Four-way intersection,Paved,,Property Damage Only,0,0,0,0,0,0,3000,2,2,,POINT (-93.581293677005 41.603707502448)
2014789908,W14-022974,03/08/2014,03-March,7-Saturday,14:40,1400 Hours,District 2 (Northeast),WATERLOO,BLACK HAWK,,COLUMBIA ST,Collision with:  Parked motor vehicle,On Roadway,Unknown,Unknown,None Indicated,,Daylight,Snow,Clear,Unknown,Non-intersection:  Non-junction/no special feature,Paved,,Property Damage Only,0,0,0,0,0,0,1500,2,1,,POINT (-92.342640456397 42.51718837098)
2014789910,W14-023010,03/08/2014,03-March,7-Saturday,17:16,1700 Hours,District 2 (Northeast),WATERLOO,BLACK HAWK,US 63,US 63/W 1ST ST & JEFFERSON ST,Collision with:  Vehicle in traffic,On Roadway,"Sideswipe, same direction",Made improper turn,None Indicated,,Daylight,Wet,Clear,None apparent,Intersection:  Four-way intersection,Paved,,Property Damage Only,0,0,0,0,0,0,6000,2,2,,POINT (-92.345016467962 42.497164034032)
2014790062,14-1160,03/08/2014,03-March,7-Saturday,20:45,2000 Hours,District 4 (Southwest),WEST DES MOINES,DALLAS,,JORDAN CREEK PKWY,Collision with:  Vehicle in traffic,On Roadway,Rear-end (front to rear),Other (explain in narrative):  Other,None Indicated,,Dark - roadway lighted,Ice/frost,Clear,"Surface condition (e.g., wet, icy)",Non-intersection:  Non-junction/no special feature,Paved,,Property Damage Only,0,0,0,0,0,0,3000,2,3,,POINT (-93.809150512693 41.582919052296)
2014790137,14-6827,03/08/2014,03-March,7-Saturday,09:02,0900 Hours,District 3 (Northwest),SIOUX CITY,WOODBURY,,13TH ST,Collision with:  Vehicle in traffic,Outside trafficway,Broadside (front to side),FTYROW:  At uncontrolled intersection,None Indicated,,Daylight,Dry,Clear,None apparent,Non-intersection:  Alley,Paved,,Property Damage Only,0,0,0,0,0,0,8000,2,7,,POINT (-96.397197374226 42.504056517701)
2014790212,43-2014,03/08/2014,03-March,7-Saturday,21:40,2100 Hours,District 4 (Southwest),,HARRISON,,Co Rd F50/250TH ST & SCOTT AVE,Non-collision events:  Overturn/rollover,Outside trafficway,Non-collision (single vehicle),Ran off road - right,None Indicated,,Dark - roadway not lighted,Wet,Clear,None apparent,Non-intersection:  Other non-intersection (explain in narrative),Unpaved,,Property Damage Only,0,0,0,0,0,0,2500,1,1,,POINT (-95.675660789459 41.645819780398)
2014790107,HR2014-14056,03/08/2014,03-March,7-Saturday,05:07,0500 Hours,District 6 (East Central),DAVENPORT,SCOTT,,IA 461/HARRISON ST & W LOCUST ST,Collision with:  Vehicle in traffic,On Roadway,Rear-end (front to rear),Driving too fast for conditions,Alcohol (Statutory),,Dark - roadway lighted,Wet,Cloudy,"Surface condition (e.g., wet, icy)",Intersection:  Four-way intersection,Paved,,Property Damage Only,0,0,0,0,0,0,2000,2,4,,POINT (-90.577233957256 41.538285400634)
2014790036,20140006312,03/08/2014,03-March,7-Saturday,22:17,2200 Hours,District 1 (Central),DES MOINES,POLK,,55TH ST,Collision with fixed object:  Utility pole/light support,Shoulder,Non-collision (single vehicle),Ran off road - right,None Indicated,,Dark - roadway lighted,Ice/frost,Cloudy,None apparent,Non-intersection:  Non-junction/no special feature,Paved,,Property Damage Only,0,0,0,0,0,0,3000,1,2,,POINT (-93.693119910702 41.59977303065)
2014790145,14001289,03/08/2014,03-March,7-Saturday,06:47,0600 Hours,District 2 (Northeast),,KOSSUTH,US 169,US 169,Non-collision events:  Overturn/rollover,On Roadway,Non-collision (single vehicle),Driving too fast for conditions,None Indicated,,Dawn,Ice/frost,"Blowing sand, soil, dirt","Surface condition (e.g., wet, icy)",Non-intersection:  Non-junction/no special feature,Paved,,Minor Injury,0,1,0,1,0,0,2000,1,1,,POINT (-94.146975845858 43.38608398846)
2014790358,2014016482,03/09/2014,03-March,1-Sunday,22:50,2200 Hours,District 6 (East Central),DYERSVILLE,DUBUQUE,US 20,US 20,Collision with:  Animal,On Roadway,Non-collision (single vehicle),Animal,None Indicated,,Dark - roadway not lighted,Dry,Clear,None apparent,Non-intersection:  Non-junction/no special feature,Paved,,Property Damage Only,0,0,0,0,0,0,2500,1,1,,POINT (-91.12106835657 42.469519871477)
2014789934,CL14000702,03/09/2014,03-March,1-Sunday,04:10,0400 Hours,District 6 (East Central),CLINTON,CLINTON,,8TH AVE S,Collision with:  Vehicle in traffic,On Roadway,Rear-end (front to rear),Other (explain in narrative):  Vision obstructed,None Indicated,,Dark - roadway lighted,Ice/frost,Clear,None apparent,Non-intersection:  Non-junction/no special feature,Paved,,Minor Injury,0,1,0,1,0,0,800,2,1,,POINT (-90.201992212326 41.837583845682)
2014790497,S14-2375,03/09/2014,03-March,1-Sunday,22:29,2200 Hours,District 3 (Northwest),,WOODBURY,,Co Rd D12/110TH ST,Non-collision events:  Other non-collision (explain in narrative),On Roadway,Non-collision (single vehicle),Over correcting/over steering,None Indicated,,Dark - roadway not lighted,Dry,Clear,None apparent,Non-intersection:  Non-junction/no special feature,Paved,,Property Damage Only,0,0,0,0,0,0,1500,1,1,,POINT (-96.018667593033 42.547350297192)
2014790305,14-001178,03/09/2014,03-March,1-Sunday,10:40,1000 Hours,District 1 (Central),AMES,STORY,,LINCOLN WAY & HAYWARD AVE,Collision with:  Vehicle in traffic,On Roadway,Rear-end (front to rear),Driver Distraction:  Passenger,None Indicated,,Daylight,Dry,Clear,None apparent,Intersection:  T-intersection,Paved,,Property Damage Only,0,0,0,0,0,0,4000,2,3,,POINT (-93.651698740432 42.022790110803)
2014789914,W14-023347,03/09/2014,03-March,1-Sunday,13:39,1300 Hours,District 2 (Northeast),WATERLOO,BLACK HAWK,,W 6TH ST & COMMERCIAL ST,Collision with:  Vehicle in traffic,On Roadway,"Sideswipe, same direction",Made improper turn,Drug/Alcohol (Statutory),,Daylight,Dry,Clear,None apparent,Non-intersection:  Non-junction/no special feature,Paved,,Fatal,1,1,0,0,1,0,15000,2,2,,POINT (-92.337616785511 42.493744316954)
2014793595,,03/09/2014,03-March,1-Sunday,13:42,1300 Hours,District 2 (Northeast),DECORAH,WINNESHIEK,IA 9,IA 9/IOWA 9,Collision with:  Vehicle in traffic,On Roadway,Rear-end (front to rear),Followed too close,None Indicated,,Daylight,Dry,Clear,None apparent,Non-intersection:  Non-junction/no special feature,Paved,,Possible/Unknown,0,2,0,0,2,0,7300,2,5,,POINT (-91.774489644852 43.290452602213)
2014791706,14001949,03/09/2014,03-March,1-Sunday,20:47,2000 Hours,District 6 (East Central),,BUCHANAN,,Co Rd D16/OTTERVILLE BLVD,Collision with:  Animal,,,Animal,None Indicated,,,,,,,Paved,,Property Damage Only,0,0,0,0,0,0,1500,1,1,,POINT (-91.936819969813 42.502038158383)
2014790319,14-0678,03/09/2014,03-March,1-Sunday,01:00,0100 Hours,District 1 (Central),FORT DODGE,WEBSTER,,13TH AVE S,Collision with:  Parked motor vehicle,On Roadway,Unknown,Unknown,None Indicated,,Unknown,Unknown,Unknown,Unknown,Unknown,Paved,,Property Damage Only,0,0,0,0,0,0,1501,2,1,,POINT (-94.167385837776 42.490298168372)
2014790106,2014-14287,03/09/2014,03-March,1-Sunday,17:36,1700 Hours,District 6 (East Central),DAVENPORT,SCOTT,I-280,I-280 & IA 22/ROCKINGHAM RD,Collision with:  Vehicle in traffic,On Roadway,"Angle, oncoming left turn",FTYROW:  Making left turn,None Indicated,,Daylight,Dry,Clear,None apparent,Intersection:  Intersection with ramp,Paved,,Possible/Unknown,0,1,0,0,1,0,7000,2,3,,POINT (-90.650043069522 41.490963927006)
2014790054,20140006350,03/09/2014,03-March,1-Sunday,11:40,1100 Hours,District 1 (Central),DES MOINES,POLK,,10TH ST,Collision with:  Parked motor vehicle,On Roadway,Broadside (front to side),Improper Backing,None Indicated,,Daylight,Dry,Cloudy,None apparent,Non-intersection:  Non-junction/no special feature,Paved,,Property Damage Only,0,0,0,0,0,0,2200,2,2,,POINT (-93.630520753647 41.601358378997)
2014790086,14-4421,03/09/2014,03-March,1-Sunday,09:21,0900 Hours,District 6 (East Central),BETTENDORF,SCOTT,US 67,US 67/STATE ST/GRANT ST & 26TH ST,Collision with fixed object:  Utility pole/light support,Median,"Sideswipe, opposite direction",Ran off road - left,None Indicated,,Daylight,Dry,Clear,None apparent,Intersection:  Other intersection (explain in narrative),Paved,,Property Damage Only,0,0,0,0,0,0,7000,2,4,,POINT (-90.496850300843 41.525809160963)
2014790038,20140006320,03/09/2014,03-March,1-Sunday,01:43,0100 Hours,District 1 (Central),DES MOINES,POLK,,11TH ST,Collision with:  Parked motor vehicle,On Roadway,Head-on (front to front),Unknown,None Indicated,,Dark - roadway not lighted,Dry,Clear,None apparent,Non-intersection:  Non-junction/no special feature,Paved,,Property Damage Only,0,0,0,0,0,0,9200,3,777,,POINT (-93.631789175479 41.600991126015)
2014790231,C14000730,03/09/2014,03-March,1-Sunday,00:11,0000 Hours,District 6 (East Central),CORALVILLE,JOHNSON,,CAMP CARDINAL BLVD,Collision with:  Vehicle in traffic,On Roadway,"Sideswipe, opposite direction",Traveling wrong way or on wrong side of road,Refused,,Dark - roadway not lighted,Dry,Clear,None apparent,Non-intersection:  Non-junction/no special feature,Paved,,Property Damage Only,0,0,0,0,0,0,2000,2,4,,POINT (-91.602770395476 41.672515232423)
2014790469,2014-14242,03/09/2014,03-March,1-Sunday,13:13,1300 Hours,District 6 (East Central),DAVENPORT,SCOTT,,,Collision with:  Vehicle in traffic,On Roadway,Head-on (front to front),Crossed centerline (undivided),None Indicated,,Daylight,Dry,Clear,None apparent,Non-intersection:  Driveway access (within),,,Property Damage Only,0,0,0,0,0,0,3000,2,2,,POINT (-96.643700149993 40.233091251414)
2014789940,14-07938,03/09/2014,03-March,1-Sunday,08:54,0800 Hours,District 5 (Southeast),BURLINGTON,DES MOINES,,5TH ST,Non-collision events:  Other non-collision (explain in narrative),Outside trafficway,Non-collision (single vehicle),Other (explain in narrative):  Other,None Indicated,,Daylight,Dry,Clear,None apparent,Non-intersection:  Non-junction/no special feature,Paved,,Possible/Unknown,0,1,0,0,1,0,3000,1,1,,POINT (-91.104631020355 40.811503678635)
2014791381,14-040309-01,03/09/2014,03-March,1-Sunday,01:00,0100 Hours,District 6 (East Central),VICTOR,IOWA,,CLINTON ST,Collision with:  Parked motor vehicle,On Roadway,Rear-end (front to rear),Lost Control,None Indicated,,Dark - roadway not lighted,Dry,Cloudy,None apparent,Non-intersection:  Non-junction/no special feature,Paved,,Property Damage Only,0,0,0,0,0,0,4500,3,1,,POINT (-92.293123509673 41.729806040796)
2014793018,14-001308,03/09/2014,03-March,1-Sunday,11:00,1100 Hours,District 2 (Northeast),ALGONA,KOSSUTH,,S RIDGLEY ST,Collision with:  Parked motor vehicle,On Roadway,Rear-end (front to rear),Unknown,None Indicated,,Daylight,Dry,Clear,None apparent,Non-intersection:  Driveway access (within),Paved,,Property Damage Only,0,0,0,0,0,0,5000,2,1,,POINT (-94.241629536105 43.067422165427)
2014790122,14030178,03/09/2014,03-March,1-Sunday,18:55,1800 Hours,District 5 (Southeast),OTTUMWA,WAPELLO,US 34,US 34,Collision with:  Animal,,,Animal,None Indicated,,,,,,,Paved,,Property Damage Only,0,0,0,0,0,0,5000,1,1,,POINT (-92.504977153536 41.009935545913)
2014789933,CL14000699,03/09/2014,03-March,1-Sunday,01:38,0100 Hours,District 6 (East Central),CLINTON,CLINTON,,N 4TH ST,Collision with:  Parked motor vehicle,On Roadway,Rear-end (front to rear),"Operating vehicle in an reckless, erratic, careless, negligent manner",Alcohol (Statutory),,Dark - roadway not lighted,Dry,Cloudy,None apparent,Non-intersection:  Non-junction/no special feature,Paved,,Property Damage Only,0,0,0,0,0,0,13000,2,1,,POINT (-90.188885212783 41.858859231541)
2014790861,14-001186,03/09/2014,03-March,1-Sunday,16:41,1600 Hours,District 1 (Central),AMES,STORY,I-35,I-35,Non-collision events:  Overturn/rollover,On Roadway,Non-collision (single vehicle),Separation of units,None Indicated,,Daylight,Dry,Cloudy,None apparent,Non-intersection:  Non-junction/no special feature,Paved,,Property Damage Only,0,0,0,0,0,0,1500,1,4,,POINT (-93.57112007931 42.028199969139)
2014790404,201403379,03/09/2014,03-March,1-Sunday,09:53,0900 Hours,District 6 (East Central),CEDAR RAPIDS,LINN,,BRIDGET LN SE & ARMAR DR SE,Collision with:  Vehicle in traffic,On Roadway,"Angle, oncoming left turn",Unknown,None Indicated,,Daylight,Wet,Cloudy,None apparent,Intersection:  T-intersection,Paved,,Possible/Unknown,0,1,0,0,1,0,13000,2,2,,POINT (-91.615610603464 42.02451394754)
2014790515,2014016382,03/09/2014,03-March,1-Sunday,09:12,0900 Hours,District 6 (East Central),DE WITT,CLINTON,,8TH AVE & NORTHRIDGE RD,Collision with:  Vehicle in traffic,On Roadway,Broadside (front to side),FTYROW:  From stop sign,None Indicated,,Daylight,Dry,Clear,None apparent,Intersection:  Four-way intersection,Paved,,Possible/Unknown,0,1,0,0,1,0,6500,2,5,,POINT (-90.541633325581 41.835066928738)
2014790140,14-6961,03/09/2014,03-March,1-Sunday,10:01,1000 Hours,District 3 (Northwest),SIOUX CITY,WOODBURY,,LINCOLN WAY,Collision with:  Vehicle in traffic,On Roadway,"Sideswipe, same direction",FTYROW:  Making left turn,None Indicated,,Daylight,Dry,Clear,None apparent,Non-intersection:  Driveway access (within),Paved,,Property Damage Only,0,0,0,0,0,0,4000,2,2,,POINT (-96.348732400558 42.451295182664)
2014793724,14-005243,03/09/2014,03-March,1-Sunday,06:30,0600 Hours,District 5 (Southeast),,MAHASKA,,Co Rd T67/RUTLEDGE AVE,Collision with fixed object:  Ditch,Roadside,Non-collision (single vehicle),Swerving/Evasive Action,None Indicated,,Dark - roadway not lighted,Other (explain in narrative),Other (explain in narrative),"Surface condition (e.g., wet, icy)",Non-intersection:  Non-junction/no special feature,Paved,,Property Damage Only,0,0,0,0,0,0,5000,1,1,,POINT (-92.525701209279 41.179337955066)
2014790795,02-14-4022,03/09/2014,03-March,1-Sunday,21:00,2100 Hours,District 6 (East Central),,DUBUQUE,,OLDE MASSEY RD,Collision with fixed object:  Tree,On Roadway,Non-collision (single vehicle),Swerving/Evasive Action,None Indicated,,Dark - roadway not lighted,Wet,Cloudy,None apparent,Non-intersection:  Non-junction/no special feature,Paved,,Property Damage Only,0,0,0,0,0,0,15000,1,1,,POINT (-90.644508230177 42.445043904664)
2014790444,14-0181,03/09/2014,03-March,1-Sunday,12:18,1200 Hours,District 1 (Central),WINDSOR HEIGHTS,POLK,IA 28,IA 28/63RD ST & UNIVERSITY AVE,Collision with:  Vehicle in traffic,On Roadway,Rear-end (front to rear),Followed too close,None Indicated,,Daylight,Dry,Clear,None apparent,Non-intersection:  Non-junction/no special feature,Paved,,Property Damage Only,0,0,0,0,0,0,2000,2,3,,POINT (-93.703651089848 41.600456653946)
2014790308,14-001182,03/09/2014,03-March,1-Sunday,14:01,1400 Hours,District 1 (Central),AMES,STORY,,LINCOLN WAY,Collision with:  Vehicle in traffic,On Roadway,Rear-end (front to rear),Other (explain in narrative):  Other,None Indicated,,Daylight,Dry,Clear,None apparent,Intersection:  Four-way intersection,Paved,,Property Damage Only,0,0,0,0,0,0,1500,2,2,,POINT (-93.637722913658 42.022742518872)
2014789916,14-3905,03/09/2014,03-March,1-Sunday,21:20,2100 Hours,District 2 (Northeast),,BREMER,,Co Rd V62/YUKON AVE,Non-collision events:  Other non-collision (explain in narrative),On Roadway,Non-collision (single vehicle),Other (explain in narrative):  No improper action,None Indicated,,Dark - roadway lighted,"Mud, dirt",Clear,None apparent,Non-intersection:  Non-junction/no special feature,Unpaved,,Property Damage Only,0,0,0,0,0,0,26100,1,1,,POINT (-92.101399895211 42.898570951522)
2014790405,201403394,03/09/2014,03-March,1-Sunday,17:09,1700 Hours,District 6 (East Central),CEDAR RAPIDS,LINN,,33RD AVE SW,Collision with fixed object:  Curb/island/raised median,Outside trafficway,Non-collision (single vehicle),Ran off road - right,None Indicated,,Daylight,Dry,Clear,None apparent,Non-intersection:  Non-junction/no special feature,Paved,,Property Damage Only,0,0,0,0,0,0,5500,1,1,,POINT (-91.699754290529 41.945556935211)
2014790248,14-009835,03/09/2014,03-March,1-Sunday,12:29,1200 Hours,District 5 (Southeast),MUSCATINE,MUSCATINE,,GRANDVIEW AVE,Collision with:  Vehicle in traffic,On Roadway,Broadside (front to side),FTYROW:  From driveway,None Indicated,,Daylight,Dry,Clear,None apparent,Non-intersection:  Driveway access (within),Paved,,Property Damage Only,0,0,0,0,0,0,3500,2,2,,POINT (-91.065546375056 41.407214269059)
2014796717,,03/09/2014,03-March,1-Sunday,05:32,0500 Hours,District 5 (Southeast),,MUSCATINE,,Co Rd X61/STEWART RD,Collision with:  Other non-fixed object (explain in narrative),On Roadway,Non-collision (single vehicle),Other (explain in narrative):  No improper action,None Indicated,,Dark - roadway not lighted,Dry,Clear,Obstruction in roadway,Non-intersection:  Non-junction/no special feature,Paved,,Property Damage Only,0,0,0,0,0,0,9000,2,2,,POINT (-91.104341335056 41.350080207432)
2014790026,20140006330,03/09/2014,03-March,1-Sunday,05:30,0500 Hours,District 1 (Central),DES MOINES,POLK,I-235,I-235 & IA 28/63RD ST,Unknown,Unknown,Non-collision (single vehicle),Unknown,None Indicated,,Dark - roadway lighted,Wet,Cloudy,Unknown,"Interchange-related:  Off-ramp, diverge area",Paved,,Property Damage Only,0,0,0,0,0,0,8100,1,1,,POINT (-93.703529990548 41.59262111318)
2014790104,2014-14215,03/09/2014,03-March,1-Sunday,06:07,0600 Hours,District 6 (East Central),DAVENPORT,SCOTT,,MARQUETTE ST,Collision with:  Parked motor vehicle,On Roadway,"Sideswipe, same direction",Lost Control,None Indicated,,Dark - roadway lighted,Dry,Clear,None apparent,Non-intersection:  Non-junction/no special feature,Paved,,Property Damage Only,0,0,0,0,0,0,12500,2,1,,POINT (-90.591296525423 41.543084192057)
2014790412,2014002121,03/09/2014,03-March,1-Sunday,10:14,1000 Hours,District 1 (Central),MARSHALLTOWN,MARSHALL,,S 1ST ST,Collision with:  Vehicle in traffic,On Roadway,"Sideswipe, same direction",Other (explain in narrative):  Other,None Indicated,,Daylight,Dry,Clear,None apparent,Non-intersection:  Non-junction/no special feature,Paved,,Property Damage Only,0,0,0,0,0,0,2732,2,2,,POINT (-92.914618200131 42.046206264391)
2014794952,SO14-0295,03/09/2014,03-March,1-Sunday,15:04,1500 Hours,District 2 (Northeast),,WRIGHT,,Co Rd C54/270TH ST,Collision with fixed object:  Ditch,Shoulder,Non-collision (single vehicle),Ran off road - left,None Indicated,,Daylight,Dry,Clear,None apparent,Non-intersection:  Non-junction/no special feature,Paved,,Possible/Unknown,0,1,0,0,1,0,5000,1,1,,POINT (-93.70819367023 42.659004166779)
2014790403,201403374,03/09/2014,03-March,1-Sunday,01:30,0100 Hours,District 6 (East Central),CEDAR RAPIDS,LINN,,3RD AVE SE,Collision with:  Parked motor vehicle,On Roadway,Head-on (front to front),Crossed centerline (undivided),Alcohol (Statutory),,Dark - roadway not lighted,Ice/frost,Clear,None apparent,Non-intersection:  Non-junction/no special feature,Paved,,Property Damage Only,0,0,0,0,0,0,9400,3,1,,POINT (-91.632030913169 42.006815191019)
2014790406,201403399,03/09/2014,03-March,1-Sunday,20:50,2000 Hours,District 6 (East Central),CEDAR RAPIDS,LINN,,JACOLYN DR SW & JACOLYN DR NW & JOHNSON AVE NW,Collision with:  Vehicle in traffic,On Roadway,Broadside (front to side),FTYROW:  From stop sign,None Indicated,,Dark - roadway lighted,Wet,Clear,None apparent,Intersection:  Four-way intersection,Paved,,Property Damage Only,0,0,0,0,0,0,5500,2,2,,POINT (-91.731815472264 41.968945205001)
2014790078,14-009137,03/09/2014,03-March,1-Sunday,04:00,0400 Hours,District 4 (Southwest),COUNCIL BLUFFS,POTTAWATTAMIE,,S 7TH ST,Collision with:  Vehicle in traffic,On Roadway,"Sideswipe, same direction",Lost Control,None Indicated,,Dark - roadway not lighted,Dry,Clear,Non-highway work,Non-intersection:  Non-junction/no special feature,Paved,,Property Damage Only,0,0,0,0,0,0,4500,2,1,,POINT (-95.854842486036 41.246775857365)
2014789996,2014002138,03/09/2014,03-March,1-Sunday,18:30,1800 Hours,District 1 (Central),MARSHALLTOWN,MARSHALL,,E ANSON ST,Collision with:  Parked motor vehicle,Shoulder,Rear-end (front to rear),Improper Backing,None Indicated,,Unknown,Dry,Cloudy,None apparent,Non-intersection:  Driveway access (within),Paved,,Property Damage Only,0,0,0,0,0,0,3000,2,1,,POINT (-92.899091448233 42.038249842499)
2014790003,14-1553,03/09/2014,03-March,1-Sunday,04:25,0400 Hours,District 1 (Central),DES MOINES,POLK,US 69,US 69/NE 14TH ST,Collision with:  Vehicle in traffic,On Roadway,Rear-end (front to rear),Followed too close,None Indicated,,Dark - roadway not lighted,Dry,Clear,None apparent,Non-intersection:  Non-junction/no special feature,Paved,,Property Damage Only,0,0,0,0,0,0,5000,2,2,,POINT (-93.600562855113 41.664109716531)
2014790790,01-14-9809,03/09/2014,03-March,1-Sunday,16:21,1600 Hours,District 6 (East Central),DUBUQUE,DUBUQUE,US 20,US 20/DODGE ST & HILL ST & BRYANT ST,Collision with:  Vehicle in traffic,On Roadway,Rear-end (front to rear),Other (explain in narrative):  Other,None Indicated,,Daylight,Dry,Clear,None apparent,Interchange-related:  On-ramp,Paved,,Property Damage Only,0,0,0,0,0,0,3000,2,4,,POINT (-90.67801822821 42.490105935279)
2014790257,20140006334,03/09/2014,03-March,1-Sunday,07:40,0700 Hours,District 1 (Central),DES MOINES,POLK,IA 28,IA 28/MERLE HAY RD,Collision with fixed object:  Curb/island/raised median,Median,Non-collision (single vehicle),Ran off road - right,None Indicated,,Dawn,Wet,Clear,None apparent,Non-intersection:  Non-junction/no special feature,Paved,,Possible/Unknown,0,1,0,0,1,0,5000,1,1,,POINT (-93.697809441608 41.631846294546)
2014791479,,03/09/2014,03-March,1-Sunday,19:20,1900 Hours,District 5 (Southeast),FORT MADISON,LEE,,14TH ST,Collision with:  Parked motor vehicle,On Roadway,"Sideswipe, opposite direction",Crossed centerline (undivided),None Indicated,,Daylight,Dry,Clear,None apparent,Non-intersection:  Non-junction/no special feature,Paved,,Property Damage Only,0,0,0,0,0,0,3000,2,1,,POINT (-91.322782257344 40.628369568972)
2014791852,2014-14291,03/09/2014,03-March,1-Sunday,18:25,1800 Hours,District 6 (East Central),DAVENPORT,SCOTT,,PERSHING AVE,Collision with:  Vehicle in traffic,On Roadway,Broadside (front to side),Improper Backing,None Indicated,,Daylight,Dry,Clear,None apparent,Non-intersection:  Non-junction/no special feature,Paved,,Property Damage Only,0,0,0,0,0,0,2000,2,2,,POINT (-90.571175405693 41.521126391424)
2014790128,14-0667,03/09/2014,03-March,1-Sunday,19:00,1900 Hours,District 1 (Central),FORT DODGE,WEBSTER,,MASON MEMORIAL DR & S 15TH ST,Non-collision events:  Other non-collision (explain in narrative),On Roadway,Non-collision (single vehicle),Ran off road - right,Alcohol (Statutory),,Daylight,Snow,Clear,None apparent,Intersection:  T-intersection,Paved,,Property Damage Only,0,0,0,0,0,0,1500,1,1,,POINT (-94.177571802668 42.498136996416)
2014790187,W14-023418,03/09/2014,03-March,1-Sunday,19:00,1900 Hours,District 2 (Northeast),WATERLOO,BLACK HAWK,US 63,US 63/E MULLAN AVE & LAFAYETTE ST,Collision with:  Vehicle in traffic,On Roadway,Broadside (front to side),Ran Stop Sign,Alcohol (Statutory),,Daylight,Dry,Cloudy,None apparent,Intersection:  Four-way intersection,Paved,,Possible/Unknown,0,2,0,0,2,0,15000,2,3,,POINT (-92.34027474934 42.502522320491)
2014792658,14-001619,03/09/2014,03-March,1-Sunday,20:30,2000 Hours,District 5 (Southeast),COLUMBUS JUNCTION,LOUISA,,Co Rd X17/COUNTY RD X 17,Collision with:  Animal,On Roadway,Non-collision (single vehicle),Animal,None Indicated,,Dark - roadway not lighted,Wet,Clear,None apparent,Non-intersection:  Non-junction/no special feature,Paved,,Property Damage Only,0,0,0,0,0,0,1500,1,1,,POINT (-91.389969098608 41.273564374815)
2014790859,14000290,03/09/2014,03-March,1-Sunday,20:09,2000 Hours,District 1 (Central),,STORY,,Co Rd S27/650TH AVE,Collision with:  Animal,,,Animal,None Indicated,,,,,,,Paved,,Property Damage Only,0,0,0,0,0,0,2500,1,1,,POINT (-93.405850169464 41.959272890359)
2014790202,2014-0881,03/09/2014,03-March,1-Sunday,16:38,1600 Hours,District 4 (Southwest),WAUKEE,DALLAS,,BOONE DR & UNIVERSITY AVE & 92ND ST,Collision with:  Vehicle in traffic,On Roadway,Head-on (front to front),FTYROW:  Making left turn,None Indicated,,Daylight,Dry,Clear,None apparent,Intersection:  Four-way intersection,Paved,,Minor Injury,0,1,0,1,0,0,27000,2,3,,POINT (-93.833608646961 41.600416433168)