Iowa DOT Case Number,Law Enforcement Case Number,Date of Crash,Month of Crash,Day of Week,Time of Crash,Hour,DOT District,City Name,County Name,Route with System,Location Description,First Harmful Event,Location of First Harmful Event,Manner of Crash/Collision,Major Cause,Drug or Alcohol ,Environmental Conditions,Light Conditions,Surface Conditions,Weather Conditions,Roadway Contribution,Roadway Type,Roadway Surface,Work Zone,Crash Severity,Number of Fatalities,Number of Injuries,Number of Major Injuries,Number of Minor Injuries,Number of Possible Injuries,Number of Unknown Injuries,Amount of Property Damage,Number of Vehicles Involved,Total Number of Occupants,Travel Direction,Location
2014791163,2014016560,03/10/2014,03-March,2-Monday,11:25,1100 Hours,District 6 (East Central),DAVENPORT,SCOTT,I-80,I-80,Collision with:  Vehicle in traffic,On Roadway,"Sideswipe, same direction",Improper or erratic lane changing,None Indicated,,Daylight,Dry,Clear,None apparent,Non-intersection:  Non-junction/no special feature,Paved,,Property Damage Only,0,0,0,0,0,0,5500,2,2,,POINT (-90.606343931479 41.59984161877)
2014790274,14-009259,03/10/2014,03-March,2-Monday,08:38,0800 Hours,District 4 (Southwest),COUNCIL BLUFFS,POTTAWATTAMIE,,N BROADWAY,Collision with:  Vehicle in traffic,On Roadway,Broadside (front to side),FTYROW:  Making left turn,None Indicated,,Daylight,Dry,Clear,None apparent,Non-intersection:  Driveway access (within),Paved,,Property Damage Only,0,0,0,0,0,0,6000,2,3,,POINT (-95.8364116246 41.271440875312)
2014790019,20140006422,03/10/2014,03-March,2-Monday,10:42,1000 Hours,District 1 (Central),DES MOINES,POLK,,FRANKLIN AVE & MLK JR PKWY,Collision with:  Vehicle in traffic,On Roadway,Rear-end (front to rear),Followed too close,None Indicated,,Daylight,Dry,Cloudy,None apparent,Non-intersection:  Non-junction/no special feature,Paved,,Minor Injury,0,1,0,1,0,0,12000,2,3,,POINT (-93.644958481385 41.611168215806)
2014793011,2014016633,03/10/2014,03-March,2-Monday,17:45,1700 Hours,District 1 (Central),,POLK,I-80,I-80,Collision with fixed object:  Guardrail - face,Shoulder,Non-collision (single vehicle),Swerving/Evasive Action,None Indicated,,Daylight,Dry,Clear,None apparent,Non-intersection:  Non-junction/no special feature,Paved,,Possible/Unknown,0,2,0,0,2,0,3000,1,2,,POINT (-93.547512703447 41.656250217312)
2014790261,20140006466,03/10/2014,03-March,2-Monday,16:39,1600 Hours,District 1 (Central),DES MOINES,POLK,I-235,I-235,Collision with:  Vehicle in traffic,On Roadway,Rear-end (front to rear),Followed too close,None Indicated,,Daylight,Dry,Clear,None apparent,Non-intersection:  Non-junction/no special feature,Paved,,Property Damage Only,0,0,0,0,0,0,8000,2,2,,POINT (-93.641254870143 41.595912683313)
2014790863,14-001200,03/10/2014,03-March,2-Monday,18:27,1800 Hours,District 1 (Central),AMES,STORY,,S DAKOTA AVE & STEINBECK ST,Collision with:  Vehicle in traffic,On Roadway,Broadside (front to side),FTYROW:  From stop sign,None Indicated,,Daylight,Wet,Clear,None apparent,Intersection:  T-intersection,Paved,,Property Damage Only,0,0,0,0,0,0,2500,2,2,,POINT (-93.678704629326 42.014590732645)
2014790001,14032021,03/10/2014,03-March,2-Monday,07:50,0700 Hours,District 4 (Southwest),CLARINDA,PAGE,,W STATE ST,Collision with:  Vehicle in traffic,On Roadway,Rear-end (front to rear),Followed too close,None Indicated,,Daylight,Dry,Cloudy,None apparent,Non-intersection:  Non-junction/no special feature,Paved,,Minor Injury,0,1,0,1,0,0,14000,2,7,,POINT (-95.047483022033 40.742264404939)
2014790624,S14-000702,03/10/2014,03-March,2-Monday,21:50,2100 Hours,District 4 (Southwest),,POTTAWATTAMIE,,205TH ST,Collision with fixed object:  Ditch,Shoulder,Non-collision (single vehicle),Other (explain in narrative):  Other,Alcohol (Statutory),,Dark - roadway not lighted,Dry,Cloudy,None apparent,Non-intersection:  Non-junction/no special feature,Paved,,Minor Injury,0,1,0,1,0,0,10000,1,1,,POINT (-95.787488827018 41.315110850022)
2014790748,E14-23551,03/10/2014,03-March,2-Monday,06:45,0600 Hours,District 2 (Northeast),EVANSDALE,BLACK HAWK,,DUBUQUE RD,Collision with:  Animal,,,Animal,None Indicated,,,,,,,Paved,,Property Damage Only,0,0,0,0,0,0,10000,1,1,,POINT (-92.291730677956 42.482617892566)
2014790770,14003692,03/10/2014,03-March,2-Monday,16:37,1600 Hours,District 2 (Northeast),MASON CITY,CERRO GORDO,,4TH ST NE & N GEORGIA AVE,Collision with:  Vehicle in traffic,On Roadway,Broadside (front to side),Ran Stop Sign,None Indicated,,Daylight,Dry,Cloudy,None apparent,Intersection:  Four-way intersection,Paved,,Minor Injury,0,1,0,1,0,0,10400,2,2,,POINT (-93.196217766403 43.155493461465)
2014790237,14004973,03/10/2014,03-March,2-Monday,07:41,0700 Hours,District 6 (East Central),MARION,LINN,,PRAIRIE RIDGE AVE,Collision with:  Vehicle in traffic,On Roadway,Rear-end (front to rear),Followed too close,None Indicated,,Daylight,Dry,Clear,None apparent,Non-intersection:  Non-junction/no special feature,Paved,,Property Damage Only,0,0,0,0,0,0,3500,2,2,,POINT (-91.550392562394 42.046998997171)
2014790553,14023786,03/10/2014,03-March,2-Monday,20:39,2000 Hours,District 2 (Northeast),CEDAR FALLS,BLACK HAWK,US 218,US 218,Collision with fixed object:  Concrete traffic barrier (median or right side),On Roadway,Non-collision (single vehicle),Ran off road - right,None Indicated,,Dark - roadway lighted,Dry,Cloudy,None apparent,Non-intersection:  Other non-intersection (explain in narrative),Paved,,Property Damage Only,0,0,0,0,0,0,3000,1,1,,POINT (-92.424669937824 42.543413127766)
2014790402,201400682,03/10/2014,03-March,2-Monday,19:51,1900 Hours,District 6 (East Central),,LINN,,EAST POST RD,Collision with:  Vehicle in traffic,On Roadway,Rear-end (front to rear),Followed too close,None Indicated,,Dark - roadway not lighted,Dry,Clear,None apparent,Non-intersection:  Non-junction/no special feature,Paved,,Property Damage Only,0,0,0,0,0,0,6000,2,2,,POINT (-91.599300055603 42.00433092108)
2014790366,CL14000715,03/10/2014,03-March,2-Monday,13:06,1300 Hours,District 6 (East Central),CLINTON,CLINTON,US 30,US 30/CAMANCHE AVE & 22ND PL,Collision with:  Vehicle in traffic,On Roadway,Broadside (front to side),Made improper turn,None Indicated,,Daylight,Wet,Clear,None apparent,Non-intersection:  Non-junction/no special feature,Paved,,Possible/Unknown,0,1,0,0,1,0,14000,2,2,,POINT (-90.210132015752 41.823751055403)
2014790267,14-0532,03/10/2014,03-March,2-Monday,12:38,1200 Hours,District 1 (Central),URBANDALE,POLK,I-35,I-35 & NW 86TH ST,Collision with:  Vehicle in traffic,On Roadway,Broadside (front to side),Ran Traffic Signal,None Indicated,,Daylight,Dry,Clear,None apparent,Intersection:  Intersection with ramp,Paved,,Property Damage Only,0,0,0,0,0,0,15000,2,2,,POINT (-93.736465684727 41.65381673971)
2014790066,14-000501,03/10/2014,03-March,2-Monday,10:45,1000 Hours,District 1 (Central),ALTOONA,POLK,,8TH ST SW & 34TH AVE SW,Collision with:  Vehicle in traffic,On Roadway,Broadside (front to side),Ran Traffic Signal,None Indicated,,Daylight,Dry,Cloudy,None apparent,Intersection:  Five points or more,Paved,,Property Damage Only,0,0,0,0,0,0,2300,2,2,,POINT (-93.503136206395 41.644077175117)
2014790010,20140006432,03/10/2014,03-March,2-Monday,12:10,1200 Hours,District 1 (Central),DES MOINES,POLK,,MADISON AVE & 50TH ST,Collision with:  Vehicle in traffic,On Roadway,Broadside (front to side),Ran Stop Sign,None Indicated,,Daylight,Dry,Clear,None apparent,Intersection:  Four-way intersection,Paved,,Property Damage Only,0,0,0,0,0,0,8000,2,3,,POINT (-93.687773883688 41.633086717077)
2014798275,201400672,03/10/2014,03-March,2-Monday,06:50,0600 Hours,District 6 (East Central),,LINN,,Co Rd W6E/NORTH CENTER POINT RD,Collision with:  Animal,,Non-collision (single vehicle),Animal,None Indicated,,,,,,,Paved,,Property Damage Only,0,0,0,0,0,0,6500,1,1,,POINT (-91.706754675564 42.121170230557)
2014790704,,03/10/2014,03-March,2-Monday,08:24,0800 Hours,District 2 (Northeast),HUMBOLDT,HUMBOLDT,,4TH AVE N & TAFT ST N,Collision with:  Vehicle in traffic,On Roadway,Broadside (front to side),FTYROW:  From yield sign,None Indicated,,Daylight,Dry,Clear,None apparent,Intersection:  Four-way intersection,Paved,,Property Damage Only,0,0,0,0,0,0,6000,2,2,,POINT (-94.217836366767 42.725610112589)
2014790825,14-001489,03/10/2014,03-March,2-Monday,21:06,2100 Hours,District 3 (Northwest),MAPLETON,MONONA,IA 141,IA 141,Collision with:  Animal,,,Animal,None Indicated,,,,,,,Paved,,Property Damage Only,0,0,0,0,0,0,2300,1,1,,POINT (-95.840308774972 42.190307005992)
2014793010,2014016504,03/10/2014,03-March,2-Monday,07:45,0700 Hours,District 1 (Central),,POLK,I-35,I-35,Collision with:  Other non-fixed object (explain in narrative),On Roadway,Non-collision (single vehicle),Other (explain in narrative):  No improper action,None Indicated,,Daylight,Dry,Clear,None apparent,Non-intersection:  Other non-intersection (explain in narrative),Paved,,Property Damage Only,0,0,0,0,0,0,2000,1,1,,POINT (-93.629572624737 41.649470987823)
2014790275,14-009277,03/10/2014,03-March,2-Monday,11:20,1100 Hours,District 4 (Southwest),COUNCIL BLUFFS,POTTAWATTAMIE,US 6,US 6/KANESVILLE BLVD,Collision with:  Vehicle in traffic,On Roadway,Broadside (front to side),Ran Traffic Signal,None Indicated,,Daylight,Dry,Cloudy,None apparent,Intersection:  Four-way intersection,Paved,,Minor Injury,0,2,0,1,1,0,28000,2,3,,POINT (-95.844399212273 41.264876153891)
2014790471,2014-14434,03/10/2014,03-March,2-Monday,12:46,1200 Hours,District 6 (East Central),DAVENPORT,SCOTT,IA 130,IA 130/NEW LIBERTY RD & W 83RD ST & HILLANDALE RD,Collision with:  Vehicle in traffic,On Roadway,Rear-end (front to rear),Improper Backing,None Indicated,,Daylight,Dry,Clear,None apparent,Intersection:  Four-way intersection,Paved,,Property Damage Only,0,0,0,0,0,0,1600,2,2,,POINT (-90.624946874259 41.604280512125)
2014791636,1403-021,03/10/2014,03-March,2-Monday,17:04,1700 Hours,District 3 (Northwest),SIBLEY,OSCEOLA,,12TH ST,Non-collision events:  Overturn/rollover,On Roadway,Non-collision (single vehicle),Swerving/Evasive Action,None Indicated,,Daylight,"Mud, dirt",Clear,"Surface condition (e.g., wet, icy)",Non-intersection:  Non-junction/no special feature,Paved,,Minor Injury,0,1,0,1,0,0,750,1,1,,POINT (-95.747594066802 43.395780081074)
2014819357,1404-030,03/10/2014,03-March,2-Monday,21:59,2100 Hours,District 3 (Northwest),,OSCEOLA,,Co Rd A22/170TH ST & Co Rd L54/TAFT AVE,Collision with fixed object:  Bridge overhead structure,Shoulder,Non-collision (single vehicle),Swerving/Evasive Action,Alcohol (< Statutory),,Dark - roadway not lighted,Dry,Cloudy,None apparent,Non-intersection:  Other non-intersection (explain in narrative),Paved,,Minor Injury,0,1,0,1,0,0,7000,1,1,,POINT (-95.565617500519 43.402225305949)
2014790017,20140006403,03/10/2014,03-March,2-Monday,07:40,0700 Hours,District 1 (Central),DES MOINES,POLK,,LAUREL ST & 6TH AVE,Collision with:  Vehicle in traffic,On Roadway,Broadside (front to side),Unknown,None Indicated,,Daylight,Dry,Clear,None apparent,Intersection:  Four-way intersection,Paved,,Possible/Unknown,0,1,0,0,1,0,7000,2,3,,POINT (-93.625658542132 41.597403746126)
2014789946,14-335,03/10/2014,03-March,2-Monday,08:07,0800 Hours,District 3 (Northwest),SPIRIT LAKE,DICKINSON,,28TH ST,Collision with:  Vehicle in traffic,On Roadway,Rear-end (front to rear),Lost Control,None Indicated,,Daylight,Ice/frost,Cloudy,"Surface condition (e.g., wet, icy)",Non-intersection:  Non-junction/no special feature,Paved,,Property Damage Only,0,0,0,0,0,0,2100,2,3,,POINT (-95.102413280574 43.414862590511)
2014790785,14-008086,03/10/2014,03-March,2-Monday,13:30,1300 Hours,District 5 (Southeast),WEST BURLINGTON,DES MOINES,,W AGENCY RD & S BROADWAY ST,Collision with:  Vehicle in traffic,On Roadway,Rear-end (front to rear),Followed too close,None Indicated,,Daylight,Dry,Clear,None apparent,Intersection:  Four-way intersection,Paved,,Possible/Unknown,0,2,0,0,2,0,2450,2,3,,POINT (-91.156804985072 40.813331098967)
2014790016,20140006402,03/10/2014,03-March,2-Monday,07:04,0700 Hours,District 1 (Central),DES MOINES,POLK,I-235,I-235 & CENTER ST & 42ND ST,Collision with:  Vehicle in traffic,On Roadway,Rear-end (front to rear),Other (explain in narrative):  Other,None Indicated,,Dawn,Dry,Clear,None apparent,Intersection:  Intersection with ramp,Paved,,Property Damage Only,0,0,0,0,0,0,4000,2,2,,POINT (-93.674365206696 41.591787074185)
2014793445,2014-057,03/10/2014,03-March,2-Monday,14:55,1400 Hours,District 4 (Southwest),GRANGER,DALLAS,,BROADWAY ST,Collision with:  Vehicle in traffic,On Roadway,Broadside (front to side),Improper Backing,None Indicated,,Daylight,Dry,Clear,None apparent,Non-intersection:  Other non-intersection (explain in narrative),Paved,,Property Damage Only,0,0,0,0,0,0,8000,2,2,,POINT (-93.82109811199 41.759607218476)
2014792866,2014016500,03/10/2014,03-March,2-Monday,07:00,0700 Hours,District 1 (Central),,JASPER,I-80,I-80,Collision with fixed object:  Guardrail - face,On Roadway,Non-collision (single vehicle),Lost Control,None Indicated,,Dawn,Dry,Cloudy,None apparent,Non-intersection:  Non-junction/no special feature,Paved,,Property Damage Only,0,0,0,0,0,0,11000,1,1,,POINT (-93.092647447671 41.681367914507)
2014790470,2014-14368,03/10/2014,03-March,2-Monday,06:03,0600 Hours,District 6 (East Central),DAVENPORT,SCOTT,,W CENTRAL PARK AVE & HICKORY GROVE RD,Collision with:  Vehicle in traffic,On Roadway,Broadside (front to side),Ran Traffic Signal,None Indicated,,Dark - roadway lighted,Wet,Cloudy,None apparent,Intersection:  Four-way intersection,Paved,,Property Damage Only,0,0,0,0,0,0,4000,2,3,,POINT (-90.61058074746 41.545486162996)
2014790831,20140006488,03/10/2014,03-March,2-Monday,18:58,1800 Hours,District 1 (Central),DES MOINES,POLK,IA 163,IA 163/E UNIVERSITY AVE & E 21ST ST,Collision with:  Vehicle in traffic,On Roadway,Rear-end (front to rear),Followed too close,Refused,,Daylight,Dry,Clear,None apparent,Non-intersection:  Non-junction/no special feature,Paved,,Property Damage Only,0,0,0,0,0,0,3200,2,2,,POINT (-93.580713093052 41.60052187438)
2014791906,,03/10/2014,03-March,2-Monday,16:20,1600 Hours,District 6 (East Central),MAQUOKETA,JACKSON,,E GROVE ST & N ELIZA ST,Collision with:  Parked motor vehicle,On Roadway,Rear-end (front to rear),Driver Distraction:  Reaching for object(s)/fallen object(s),None Indicated,,Daylight,Dry,Cloudy,None apparent,Intersection:  Four-way intersection,Paved,,Property Damage Only,0,0,0,0,0,0,8000,2,1,,POINT (-90.662984100039 42.073755017462)
2014791443,14-7096,03/10/2014,03-March,2-Monday,11:35,1100 Hours,District 3 (Northwest),SIOUX CITY,WOODBURY,,WESLEY PKWY,Collision with:  Vehicle in traffic,On Roadway,Rear-end (front to rear),Unknown,None Indicated,,Daylight,Dry,Clear,None apparent,Non-intersection:  Other non-intersection (explain in narrative),Paved,,Property Damage Only,0,0,0,0,0,0,3001,2,3,,POINT (-96.41210674821 42.492690657159)
2014790271,14-1198,03/10/2014,03-March,2-Monday,21:10,2100 Hours,District 1 (Central),WEST DES MOINES,POLK,,WESTOWN PL & 35TH ST/VALLEY WEST DR,Collision with:  Vehicle in traffic,On Roadway,"Angle, oncoming left turn",FTYROW:  Making left turn,None Indicated,,Dark - roadway lighted,Dry,Clear,None apparent,Intersection:  Four-way intersection,Paved,,Possible/Unknown,0,1,0,0,1,0,2000,2,2,,POINT (-93.751903493306 41.596413202642)
2014791019,14-0290,03/10/2014,03-March,2-Monday,16:50,1600 Hours,District 1 (Central),CLIVE,POLK,,NW 86TH ST,Collision with:  Vehicle in traffic,On Roadway,Broadside (front to side),Ran Traffic Signal,None Indicated,,Daylight,Dry,Clear,None apparent,Intersection:  Four-way intersection,Paved,,Major Injury,0,1,1,0,0,0,4500,2,2,,POINT (-93.736493540496 41.614076993427)
2014790615,14-001112,03/10/2014,03-March,2-Monday,12:20,1200 Hours,District 1 (Central),ANKENY,POLK,US 69,US 69/S ANKENY BLVD/N 14TH ST & IA 160/SW ORALABOR RD/SE ORALABOR RD,Collision with:  Vehicle in traffic,On Roadway,Broadside (front to side),Ran Traffic Signal,None Indicated,,Daylight,Dry,Clear,None apparent,Intersection:  Four-way intersection,Paved,,Minor Injury,0,1,0,1,0,0,10000,2,2,,POINT (-93.600562715852 41.70285829484)
2014790259,20140006456,03/10/2014,03-March,2-Monday,15:00,1500 Hours,District 1 (Central),DES MOINES,POLK,,GRAND AVE & 56TH ST,Collision with:  Vehicle in traffic,On Roadway,"Angle, oncoming left turn",FTYROW:  Making left turn,None Indicated,,Daylight,Dry,Clear,None apparent,Intersection:  Four-way intersection,Paved,,Property Damage Only,0,0,0,0,0,0,3100,2,2,,POINT (-93.693766511823 41.582835535944)
2014850886,14-001633,03/10/2014,03-March,2-Monday,10:30,1000 Hours,District 5 (Southeast),,LOUISA,,W AVE,Collision with fixed object:  Culvert/pipe opening,On Roadway,Non-collision (single vehicle),Ran off road - right,None Indicated,,Daylight,"Mud, dirt",Cloudy,None apparent,Non-intersection:  Non-junction/no special feature,Unpaved,,Property Damage Only,0,0,0,0,0,0,25000,1,1,,POINT (-91.431376347281 41.287449007635)
2014791389,14-150310-01,03/10/2014,03-March,2-Monday,19:00,1900 Hours,District 6 (East Central),,IOWA,,Co Rd F15/F15 BLVD,Collision with:  Animal,,,Animal,None Indicated,,,,,,,Paved,,Property Damage Only,0,0,0,0,0,0,2500,1,1,,POINT (-92.032822131936 41.814510996808)
2014790268,14-0536,03/10/2014,03-March,2-Monday,15:35,1500 Hours,District 1 (Central),URBANDALE,POLK,,104TH ST,Collision with:  Vehicle in traffic,On Roadway,Rear-end (front to rear),Followed too close,None Indicated,,Daylight,Dry,Cloudy,None apparent,Intersection:  Four-way intersection,Paved,,Possible/Unknown,0,1,0,0,1,0,2800,2,4,,POINT (-93.760683469756 41.628817326881)
2014790429,20140006471,03/10/2014,03-March,2-Monday,15:57,1500 Hours,District 1 (Central),DES MOINES,POLK,,E UNIVERSITY AVE & E 9TH ST,Collision with:  Vehicle in traffic,On Roadway,Broadside (front to side),FTYROW:  From driveway,None Indicated,,Daylight,Dry,Cloudy,None apparent,Non-intersection:  Driveway access (within),Paved,,Property Damage Only,0,0,0,0,0,0,2300,2,3,,POINT (-93.606559600362 41.60038841334)
2014790276,14-009284,03/10/2014,03-March,2-Monday,12:17,1200 Hours,District 4 (Southwest),COUNCIL BLUFFS,POTTAWATTAMIE,US 6,US 6/KANESVILLE BLVD & N BROADWAY,Collision with:  Vehicle in traffic,On Roadway,Broadside (front to side),FTYROW:  Other (explain in narrative),None Indicated,,Daylight,Dry,Clear,None apparent,Intersection:  Four-way intersection,Paved,,Property Damage Only,0,0,0,0,0,0,7500,2,4,,POINT (-95.836613712076 41.268941129416)
2014791979,14-001539,03/10/2014,03-March,2-Monday,07:55,0700 Hours,District 1 (Central),,HAMILTON,IA 17,IA 17/220TH ST,Collision with fixed object:  Utility pole/light support,Roadside,Non-collision (single vehicle),Crossed centerline (undivided),None Indicated,,Daylight,Wet,Cloudy,None apparent,Non-intersection:  Non-junction/no special feature,Paved,,Minor Injury,0,1,0,1,0,0,6000,1,1,,POINT (-93.906257296132 42.472127450056)
2014789960,SO1400779,03/10/2014,03-March,2-Monday,07:55,0700 Hours,District 5 (Southeast),MAHARISHI VEDIC CITY,JEFFERSON,,JASMINE AVE,Collision with:  Animal,,,Animal,None Indicated,,,,,,,Paved,,Property Damage Only,0,0,0,0,0,0,1500,1,1,,POINT (-91.992096188301 41.053721633674)
2014797373,S201400442,03/10/2014,03-March,2-Monday,07:02,0700 Hours,District 3 (Northwest),,PALO ALTO,,Co Rd N40/460 AVE,Collision with:  Animal,,,Animal,None Indicated,,,,,,,Paved,,Property Damage Only,0,0,0,0,0,0,5000,1,1,,POINT (-94.67876750418 43.150692336385)
2014790263,20140006483,03/10/2014,03-March,2-Monday,18:06,1800 Hours,District 1 (Central),DES MOINES,POLK,I-235,I-235 & US 6/E EUCLID AVE,Collision with:  Vehicle in traffic,On Roadway,Rear-end (front to rear),Followed too close,None Indicated,,Daylight,Dry,Cloudy,None apparent,Interchange-related:  Off-ramp,Paved,,Property Damage Only,0,0,0,0,0,0,3500,2,2,,POINT (-93.572541957131 41.627755658144)
2014790862,14-001197,03/10/2014,03-March,2-Monday,15:16,1500 Hours,District 1 (Central),AMES,STORY,,20TH ST & HAYES AVE,Collision with:  Vehicle in traffic,On Roadway,Rear-end (front to rear),Followed too close,None Indicated,,Daylight,Dry,Cloudy,None apparent,Intersection:  T-intersection,Paved,,Possible/Unknown,0,1,0,0,1,0,1950,2,2,,POINT (-93.631510929686 42.04192480973)
2014790002,14-1566,03/10/2014,03-March,2-Monday,08:40,0800 Hours,District 1 (Central),POLK CITY,POLK,IA 415,IA 415/NW POLK CITY DR,Collision with:  Vehicle in traffic,On Roadway,Rear-end (front to rear),Other (explain in narrative):  Other,None Indicated,,Daylight,Dry,Clear,None apparent,Non-intersection:  Non-junction/no special feature,Paved,,Property Damage Only,0,0,0,0,0,0,5000,2,2,,POINT (-93.703616543315 41.756108456755)
2014790879,,03/10/2014,03-March,2-Monday,19:35,1900 Hours,District 5 (Southeast),,WAPELLO,,Co Rd T61/MONROE WAPELLO RD,Collision with:  Animal,On Roadway,Non-collision (single vehicle),Animal,None Indicated,,Dusk,Dry,Cloudy,,Non-intersection:  Non-junction/no special feature,Paved,,Property Damage Only,0,0,0,0,0,0,2800,1,1,,POINT (-92.634532370773 40.987979658636)
2014790270,14-1190,03/10/2014,03-March,2-Monday,16:45,1600 Hours,District 1 (Central),WEST DES MOINES,POLK,,60TH ST,Collision with:  Vehicle in traffic,On Roadway,Rear-end (front to rear),Driver Distraction:  Manual operation of an electronic communication device,None Indicated,,Daylight,Dry,Cloudy,None apparent,Non-intersection:  Non-junction/no special feature,Paved,,Property Damage Only,0,0,0,0,0,0,10000,2,2,,POINT (-93.790533645038 41.578148639493)
2014798002,141525PD,03/10/2014,03-March,2-Monday,14:19,1400 Hours,District 1 (Central),BOONE,BOONE,,S LINN ST & HAWKEYE DR,Collision with:  Vehicle in traffic,On Roadway,Broadside (front to side),FTYROW:  From stop sign,None Indicated,,Daylight,Dry,Clear,None apparent,Intersection:  Four-way intersection,Paved,,Property Damage Only,0,0,0,0,0,0,9500,2,2,,POINT (-93.873642416301 42.037310934703)
2014790262,20140006470,03/10/2014,03-March,2-Monday,16:56,1600 Hours,District 1 (Central),DES MOINES,POLK,,HICKMAN RD & BEAVER AVE,Collision with:  Vehicle in traffic,On Roadway,Rear-end (front to rear),Lost Control,None Indicated,,Daylight,Dry,Clear,None apparent,Non-intersection:  Non-junction/no special feature,Paved,,Possible/Unknown,0,1,0,0,1,0,4500,2,2,,POINT (-93.673057562509 41.614898248546)
2014790517,2014016626,03/10/2014,03-March,2-Monday,17:05,1700 Hours,District 4 (Southwest),,CASS,I-80,I-80,Collision with:  Vehicle in traffic,On Roadway,"Sideswipe, same direction",Crossed centerline (undivided),None Indicated,,Daylight,Dry,Clear,None apparent,Non-intersection:  Non-junction/no special feature,Paved,,Property Damage Only,0,0,0,0,0,0,2600,2,2,,POINT (-94.737286325579 41.496630388739)
2014791769,0310143A,03/10/2014,03-March,2-Monday,19:40,1900 Hours,District 4 (Southwest),,PAGE,,Co Rd J28/170 ST & H AVE,Collision with:  Animal,,,Animal,None Indicated,,,,,,,Paved,,Property Damage Only,0,0,0,0,0,0,3000,1,1,,POINT (-95.232515554505 40.800507120033)
2014790282,2014-4545,03/10/2014,03-March,2-Monday,16:50,1600 Hours,District 6 (East Central),BETTENDORF,SCOTT,I-74,I-74,Collision with:  Vehicle in traffic,On Roadway,Rear-end (front to rear),Other (explain in narrative):  Other,None Indicated,,Daylight,Dry,Cloudy,None apparent,Non-intersection:  Non-junction/no special feature,Paved,,Property Damage Only,0,0,0,0,0,0,6000,2,2,,POINT (-90.513701766221 41.526724329566)
2014790792,01-14-9951,03/10/2014,03-March,2-Monday,18:08,1800 Hours,District 6 (East Central),DUBUQUE,DUBUQUE,,BELLEVUE RD & ROCKDALE RD,Collision with:  Vehicle in traffic,On Roadway,"Angle, oncoming left turn",FTYROW:  From stop sign,None Indicated,,Daylight,Wet,Cloudy,None apparent,Intersection:  Y-intersection,Paved,,Property Damage Only,0,0,0,0,0,0,5000,2,3,,POINT (-90.677268297251 42.461381978041)
2014791431,14-000357,03/10/2014,03-March,2-Monday,18:30,1800 Hours,District 1 (Central),AMES,STORY,,UNION DR,Non-collision events:  Overturn/rollover,On Roadway,Non-collision (single vehicle),Lost Control,None Indicated,,Daylight,"Mud, dirt",Clear,"Surface condition (e.g., wet, icy)",Non-intersection:  Non-junction/no special feature,Paved,,Minor Injury,0,1,0,1,0,0,1000,1,1,,POINT (-93.643050238556 42.023991730368)
2014791116,14-001201,03/10/2014,03-March,2-Monday,18:53,1800 Hours,District 1 (Central),AMES,STORY,,15TH ST & CLARK AVE,Collision with:  Parked motor vehicle,Outside trafficway,Broadside (front to side),Exceeded authorized speed,Refused,,Daylight,Dry,Clear,None apparent,Non-intersection:  Non-junction/no special feature,Paved,,Property Damage Only,0,0,0,0,0,0,11000,2,3,,POINT (-93.617133634245 42.037031400173)
2014790951,01-14-9878,03/10/2014,03-March,2-Monday,08:35,0800 Hours,District 6 (East Central),DUBUQUE,DUBUQUE,US 52,US 52/WHITE ST & E 14TH ST,Collision with:  Vehicle in traffic,On Roadway,Broadside (front to side),Ran Traffic Signal,None Indicated,,Daylight,Dry,Clear,None apparent,Intersection:  Four-way intersection,Paved,,Property Damage Only,0,0,0,0,0,0,8500,2,6,,POINT (-90.666744240891 42.506644568784)
2014790459,2014-14391,03/10/2014,03-March,2-Monday,08:40,0800 Hours,District 6 (East Central),DAVENPORT,SCOTT,US 6,US 6/W KIMBERLY RD,Collision with:  Vehicle in traffic,Outside trafficway,Broadside (front to side),"Operating vehicle in an reckless, erratic, careless, negligent manner",None Indicated,,Daylight,Dry,Clear,None apparent,Non-intersection:  Driveway access (within),Paved,,Property Damage Only,0,0,0,0,0,0,5000,2,2,,POINT (-90.585292130458 41.560106377354)
2014792563,20140006464,03/10/2014,03-March,2-Monday,16:11,1600 Hours,District 1 (Central),DES MOINES,POLK,,SW 9TH ST,Collision with:  Non-motorist (see non-motorist section - NOT a unit),On Roadway,Non-collision (single vehicle),"Operating vehicle in an reckless, erratic, careless, negligent manner",None Indicated,,Daylight,Dry,Cloudy,None apparent,Non-intersection:  Driveway access (within),Paved,,Possible/Unknown,0,1,0,0,1,0,0,1,1,,POINT (-93.625778399018 41.53648683362)
2014790004,14-001111,03/10/2014,03-March,2-Monday,11:00,1100 Hours,District 1 (Central),ANKENY,POLK,,NE MICHAEL DR & NE 45TH ST,Non-collision events:  Other non-collision (explain in narrative),Outside trafficway,Non-collision (single vehicle),Other (explain in narrative):  No improper action,None Indicated,,Daylight,Wet,Clear,None apparent,Non-intersection:  Non-junction/no special feature,Paved,,Minor Injury,0,1,0,1,0,0,0,1,1,,POINT (-93.58513916439 41.768734211321)
2014798042,14-001625,03/10/2014,03-March,2-Monday,02:26,0200 Hours,District 2 (Northeast),ELKADER,CLAYTON,IA 13,IA 13/IOWA 13,Collision with:  Animal,,,Animal,None Indicated,,,,,,,Paved,,Property Damage Only,0,0,0,0,0,0,2000,1,1,,POINT (-91.388294204448 42.864078802151)