Iowa DOT Case Number,Law Enforcement Case Number,Date of Crash,Month of Crash,Day of Week,Time of Crash,Hour,DOT District,City Name,County Name,Route with System,Location Description,First Harmful Event,Location of First Harmful Event,Manner of Crash/Collision,Major Cause,Drug or Alcohol ,Environmental Conditions,Light Conditions,Surface Conditions,Weather Conditions,Roadway Contribution,Roadway Type,Roadway Surface,Work Zone,Crash Severity,Number of Fatalities,Number of Injuries,Number of Major Injuries,Number of Minor Injuries,Number of Possible Injuries,Number of Unknown Injuries,Amount of Property Damage,Number of Vehicles Involved,Total Number of Occupants,Travel Direction,Location
2014792090,2014016608,03/10/2014,03-March,2-Monday,16:00,1600 Hours,District 1 (Central),DES MOINES,POLK,,MLK JR PKWY,Collision with:  Vehicle in traffic,On Roadway,Rear-end (front to rear),Followed too close,None Indicated,,Daylight,Dry,Clear,None apparent,Non-intersection:  Non-junction/no special feature,Paved,,Property Damage Only,0,0,0,0,0,0,2000,2,2,,POINT (-93.649834278953 41.624624534464)
2014790796,02-14-4074,03/10/2014,03-March,2-Monday,11:35,1100 Hours,District 6 (East Central),DUBUQUE,DUBUQUE,US 20,US 20 & COTTINGHAM RD,Collision with:  Vehicle in traffic,Median,"Sideswipe, opposite direction",Crossed centerline (undivided),None Indicated,,Daylight,Dry,Clear,None apparent,Non-intersection:  Crossover-related,Paved,,Property Damage Only,0,0,0,0,0,0,10200,2,4,,POINT (-90.800689151111 42.439854584251)
2014790020,20140006423,03/10/2014,03-March,2-Monday,10:22,1000 Hours,District 1 (Central),DES MOINES,POLK,,CARPENTER AVE & 19TH ST & KEOSAUQUA WAY,Collision with:  Vehicle in traffic,On Roadway,"Sideswipe, same direction",Swerving/Evasive Action,None Indicated,,Daylight,Dry,Clear,None apparent,Intersection:  Other intersection (explain in narrative),Paved,,Possible/Unknown,0,1,0,0,1,0,4000,2,2,,POINT (-93.64262550276 41.602237112484)
2014791459,2014016598,03/10/2014,03-March,2-Monday,15:37,1500 Hours,District 2 (Northeast),CEDAR FALLS,BLACK HAWK,IA 57,IA 57/1ST ST,Collision with:  Vehicle in traffic,On Roadway,"Angle, oncoming left turn",FTYROW:  From stop sign,None Indicated,,Daylight,Dry,Clear,None apparent,Intersection:  Four-way intersection,Paved,,Property Damage Only,0,0,0,0,0,0,5500,2,2,,POINT (-92.463300194254 42.53784587428)
2014790393,14-006545,03/11/2014,03-March,3-Tuesday,19:29,1900 Hours,District 5 (Southeast),DONNELLSON,LEE,IA 2,IA 2/IOWA 2 & 235 ST,Collision with:  Animal,,,Animal,None Indicated,,,,,,,Paved,,Property Damage Only,0,0,0,0,0,0,2500,1,1,,POINT (-91.483131539961 40.628948010757)
2014790434,20140006576,03/11/2014,03-March,3-Tuesday,17:52,1700 Hours,District 1 (Central),DES MOINES,POLK,I-235,I-235 & US 69/E 14TH ST & LYON ST,Collision with:  Vehicle in traffic,On Roadway,Broadside (front to side),Unknown,None Indicated,,Daylight,Dry,Cloudy,None apparent,Non-intersection:  Non-junction/no special feature,Paved,,Property Damage Only,0,0,0,0,0,0,2000,2,2,,POINT (-93.598738612197 41.595511457283)
2014790885,W14-024148,03/11/2014,03-March,3-Tuesday,23:01,2300 Hours,District 2 (Northeast),WATERLOO,BLACK HAWK,US 218,US 218/WASHINGTON ST,Collision with:  Vehicle in traffic,On Roadway,"Sideswipe, same direction",Swerving/Evasive Action,None Indicated,,Dark - roadway not lighted,Dry,Clear,None apparent,Non-intersection:  Non-junction/no special feature,Paved,,Property Damage Only,0,0,0,0,0,0,3000,2,3,,POINT (-92.397117467065 42.53875959102)
2014791680,,03/11/2014,03-March,3-Tuesday,14:35,1400 Hours,District 6 (East Central),MAQUOKETA,JACKSON,,W PLEASANT ST,Collision with:  Parked motor vehicle,On Roadway,Unknown,Improper Backing,None Indicated,,Daylight,Dry,Cloudy,,,Paved,,Property Damage Only,0,0,0,0,0,0,2100,2,1,,POINT (-90.66661420012 42.067713997402)
2014790478,14S00301,03/11/2014,03-March,3-Tuesday,14:40,1400 Hours,District 4 (Southwest),ARISPE,UNION,,REED ST & DIVISION ST,Collision with fixed object:  Utility pole/light support,Roadside,Non-collision (single vehicle),FTYROW:  Other (explain in narrative),None Indicated,,Daylight,Dry,Cloudy,None apparent,Non-intersection:  Non-junction/no special feature,Unpaved,,Possible/Unknown,0,1,0,0,1,0,5550,1,1,,POINT (-94.220217923744 40.950527726448)
2014790755,14-068,03/11/2014,03-March,3-Tuesday,17:16,1700 Hours,District 2 (Northeast),WAVERLY,BREMER,IA 3,IA 3/BREMER AVE & 4TH ST SE,Collision with:  Vehicle in traffic,On Roadway,Broadside (front to side),Unknown,None Indicated,,Daylight,Dry,Clear,None apparent,Intersection:  Four-way intersection,Paved,,Minor Injury,0,1,0,1,0,0,5000,2,3,,POINT (-92.465627845173 42.725831449568)
2014790416,14-1606,03/11/2014,03-March,3-Tuesday,13:00,1300 Hours,District 1 (Central),,POLK,,Co Rd F38/NE 78TH AVE & NE 56TH ST,Collision with:  Vehicle in traffic,On Roadway,Broadside (front to side),FTYROW:  From stop sign,None Indicated,,Daylight,Dry,Severe winds,None apparent,Intersection:  Four-way intersection,Paved,,Minor Injury,0,2,0,2,0,0,14000,2,3,,POINT (-93.503077570819 41.702885052718)
2014791384,14-070311-01,03/11/2014,03-March,3-Tuesday,05:30,0500 Hours,District 6 (East Central),,IOWA,IA 212,IA 212/212 BLVD,Collision with:  Animal,,,Animal,None Indicated,,,,,,,Paved,,Property Damage Only,0,0,0,0,0,0,4000,1,1,,POINT (-92.169659230286 41.806556816709)
2014790683,14-7175,03/11/2014,03-March,3-Tuesday,07:13,0700 Hours,District 3 (Northwest),SIOUX CITY,WOODBURY,,W 4TH ST,Collision with:  Vehicle in traffic,On Roadway,"Sideswipe, opposite direction",Crossed centerline (undivided),None Indicated,,Dawn,Dry,Clear,None apparent,Non-intersection:  Driveway access (within),Paved,,Possible/Unknown,0,1,0,0,0,1,2750,2,2,,POINT (-96.446974027492 42.499705045786)
2014790884,W14-024105,03/11/2014,03-March,3-Tuesday,19:42,1900 Hours,District 2 (Northeast),WATERLOO,BLACK HAWK,,CAMPBELL AVE & WILLISTON AVE & KIMBALL AVE & W 4TH ST,Collision with:  Vehicle in traffic,On Roadway,"Sideswipe, same direction",Unknown,None Indicated,,Dark - roadway lighted,Dry,Clear,Traffic control obscured,Intersection:  Four-way intersection,Paved,,Property Damage Only,0,0,0,0,0,0,4000,2,3,,POINT (-92.357248794959 42.483931659344)
2014790639,2014-14759,03/11/2014,03-March,3-Tuesday,17:42,1700 Hours,District 6 (East Central),DAVENPORT,SCOTT,,E 53RD ST & CAREY AVE,Collision with:  Vehicle in traffic,On Roadway,Rear-end (front to rear),FTYROW:  Other (explain in narrative),None Indicated,,Daylight,Dry,Cloudy,None apparent,Intersection:  T-intersection,Paved,,Property Damage Only,0,0,0,0,0,0,3000,2,6,,POINT (-90.559082759491 41.574665341842)
2014790725,,03/11/2014,03-March,3-Tuesday,02:28,0200 Hours,District 2 (Northeast),CHARLES CITY,FLOYD,US 18,US 18/S GRAND AVE,Collision with:  Animal,On Roadway,Non-collision (single vehicle),Animal,None Indicated,,Dark - roadway lighted,Dry,Clear,None apparent,Intersection:  Shared use path or trail,Paved,,Property Damage Only,0,0,0,0,0,0,1800,1,3,,POINT (-92.672559130304 43.053518672943)
2014791432,14-000359,03/11/2014,03-March,3-Tuesday,18:47,1800 Hours,District 1 (Central),AMES,STORY,,GREENSBORO DR & STANGE RD,Collision with:  Vehicle in traffic,On Roadway,Rear-end (front to rear),FTYROW:  Other (explain in narrative),None Indicated,,Dusk,Dry,Cloudy,None apparent,Non-intersection:  Non-junction/no special feature,Paved,,Property Damage Only,0,0,0,0,0,0,9000,2,2,,POINT (-93.644844855259 42.043796081193)
2014790436,14-0542,03/11/2014,03-March,3-Tuesday,07:37,0700 Hours,District 1 (Central),URBANDALE,POLK,,128TH ST,Collision with:  Animal,,,Animal,None Indicated,,,,,,,Paved,,Property Damage Only,0,0,0,0,0,0,2000,1,1,,POINT (-93.789455880518 41.619652194984)
2014790386,2014002770,03/11/2014,03-March,3-Tuesday,19:49,1900 Hours,District 6 (East Central),IOWA CITY,JOHNSON,IA 1,IA 1/E BURLINGTON ST & S DUBUQUE ST,Collision with:  Vehicle in traffic,On Roadway,Broadside (front to side),Unknown,None Indicated,,Dark - roadway lighted,Dry,Clear,None apparent,Non-intersection:  Non-junction/no special feature,Paved,,Property Damage Only,0,0,0,0,0,0,2000,2,2,,POINT (-91.533140348282 41.6578490126)
2014792734,14-2382,03/11/2014,03-March,3-Tuesday,12:10,1200 Hours,District 3 (Northwest),,IDA,US 59,US 59 & 290TH ST,Collision with:  Vehicle in traffic,On Roadway,Broadside (front to side),FTYROW:  From stop sign,None Indicated,,Daylight,Dry,Clear,None apparent,Intersection:  Four-way intersection,Paved,,Possible/Unknown,0,1,0,0,1,0,2500,2,3,,POINT (-95.439364729105 42.283200895934)
2014790479,891401442,03/11/2014,03-March,3-Tuesday,10:53,1000 Hours,District 5 (Southeast),,VAN BUREN,,Co Rd V64/RTE V64 & 160TH ST,Collision with:  Vehicle in traffic,On Roadway,Rear-end (front to rear),Other (explain in narrative):  Other,None Indicated,,Daylight,Dry,Clear,None apparent,Non-intersection:  Driveway access (within),Paved,,Property Damage Only,0,0,0,0,0,0,7000,2,2,,POINT (-92.083319367954 40.813181367957)
2014790375,14-08225,03/11/2014,03-March,3-Tuesday,18:42,1800 Hours,District 5 (Southeast),BURLINGTON,DES MOINES,,DIVISION ST & PLANE ST,Collision with:  Vehicle in traffic,On Roadway,Broadside (front to side),Ran Traffic Signal,None Indicated,,Daylight,Dry,Clear,None apparent,Intersection:  Four-way intersection,Paved,,Property Damage Only,0,0,0,0,0,0,4000,2,8,,POINT (-91.12476302688 40.807680141445)
2014790320,14-7161,03/11/2014,03-March,3-Tuesday,01:18,0100 Hours,District 3 (Northwest),SIOUX CITY,WOODBURY,,S ST AUBIN ST,Collision with:  Other non-fixed object (explain in narrative),On Roadway,Non-collision (single vehicle),Unknown,Refused,,Dark - roadway lighted,Dry,Cloudy,None apparent,Non-intersection:  Non-junction/no special feature,Paved,,Property Damage Only,0,0,0,0,0,0,5050,1,1,,POINT (-96.356042567823 42.467037218369)
2014790578,20140836,03/11/2014,03-March,3-Tuesday,23:10,2300 Hours,District 1 (Central),,GRUNDY,IA 175,IA 175/260TH ST,Collision with:  Animal,,,Animal,None Indicated,,,,,,,Paved,,Property Damage Only,0,0,0,0,0,0,1500,1,1,,POINT (-92.611136518448 42.325748959797)
2014790694,2014016741,03/11/2014,03-March,3-Tuesday,13:42,1300 Hours,District 5 (Southeast),PELLA,MARION,,UNION ST,Collision with:  Vehicle in traffic,On Roadway,Broadside (front to side),FTYROW:  At uncontrolled intersection,None Indicated,,Daylight,Dry,Clear,None apparent,Non-intersection:  Alley,Paved,,Possible/Unknown,0,1,0,0,0,1,4000,2,2,,POINT (-92.915739295854 41.404072986465)
2014790442,14-1203,03/11/2014,03-March,3-Tuesday,16:15,1600 Hours,District 1 (Central),WEST DES MOINES,POLK,,E P TRUE PKWY & S 41ST ST,Collision with:  Vehicle in traffic,On Roadway,Rear-end (front to rear),Other (explain in narrative):  Other,None Indicated,,Daylight,Dry,Cloudy,None apparent,Non-intersection:  Driveway access (within),Paved,,Property Damage Only,0,0,0,0,0,0,5000,2,5,,POINT (-93.759565472412 41.570358969324)
2014791198,,03/11/2014,03-March,3-Tuesday,18:12,1800 Hours,District 6 (East Central),CEDAR RAPIDS,LINN,,EDGEWOOD RD SW,Collision with:  Vehicle in traffic,On Roadway,Broadside (front to side),Unknown,None Indicated,,Daylight,Dry,Cloudy,,Intersection:  Four-way intersection,Paved,,Possible/Unknown,0,2,0,0,2,0,15000,2,3,,POINT (-91.71616889144 41.956009089663)
2014790441,14-1202,03/11/2014,03-March,3-Tuesday,15:50,1500 Hours,District 1 (Central),WEST DES MOINES,POLK,,MAPLE ST & 8TH ST,Collision with:  Vehicle in traffic,On Roadway,Rear-end (front to rear),Other (explain in narrative):  Other,None Indicated,,Daylight,Dry,Cloudy,None apparent,Intersection:  Four-way intersection,Paved,,Possible/Unknown,0,1,0,0,1,0,1500,2,3,,POINT (-93.713047864124 41.571098221054)
2014790253,20140006536,03/11/2014,03-March,3-Tuesday,07:53,0700 Hours,District 1 (Central),DES MOINES,POLK,IA 28,IA 28/63RD ST & CRESTON AVE,Collision with:  Vehicle in traffic,On Roadway,"Angle, oncoming left turn",FTYROW:  Making left turn,None Indicated,,Daylight,Wet,Cloudy,None apparent,Intersection:  T-intersection,Paved,,Possible/Unknown,0,2,0,0,2,0,12000,2,2,,POINT (-93.703477114183 41.560114264638)
2014790417,14-1607,03/11/2014,03-March,3-Tuesday,13:05,1300 Hours,District 1 (Central),,POLK,,Co Rd F70/SE VANDALIA DR,Collision with fixed object:  Traffic sign support,Outside trafficway,Non-collision (single vehicle),Ran off road - right,None Indicated,,Daylight,Dry,Cloudy,None apparent,Non-intersection:  Non-junction/no special feature,Paved,,Major Injury,0,1,1,0,0,0,12500,1,1,,POINT (-93.446518875121 41.539664511565)
2014790593,201403489,03/11/2014,03-March,3-Tuesday,17:22,1700 Hours,District 6 (East Central),CEDAR RAPIDS,LINN,,B AVE NW & 18TH ST NW,Collision with:  Vehicle in traffic,On Roadway,Broadside (front to side),FTYROW:  From stop sign,None Indicated,,Daylight,Dry,Clear,None apparent,Intersection:  Four-way intersection,Paved,,Property Damage Only,0,0,0,0,0,0,2000,2,4,,POINT (-91.696681025326 41.975009296808)
2014790608,03-14-093,03/11/2014,03-March,3-Tuesday,18:29,1800 Hours,District 3 (Northwest),LE MARS,PLYMOUTH,,HAWKEYE AVE & 12TH ST SW,Collision with:  Vehicle in traffic,On Roadway,"Angle, oncoming left turn",FTYROW:  Making left turn,None Indicated,,Daylight,Dry,Cloudy,None apparent,Intersection:  Four-way intersection,Paved,,Property Damage Only,0,0,0,0,0,0,10000,3,3,,POINT (-96.18525826541 42.77906877261)
2014798003,141565PD,03/11/2014,03-March,3-Tuesday,13:05,1300 Hours,District 1 (Central),BOONE,BOONE,,STORY ST & 8TH ST,Collision with:  Vehicle in traffic,On Roadway,"Sideswipe, same direction",Other (explain in narrative):  Other,None Indicated,,Daylight,Dry,Cloudy,None apparent,Intersection:  Four-way intersection,Paved,,Property Damage Only,0,0,0,0,0,0,1600,2,2,,POINT (-93.880085259193 42.063812805238)
2014790188,W14-023877,03/11/2014,03-March,3-Tuesday,01:50,0100 Hours,District 2 (Northeast),WATERLOO,BLACK HAWK,,E RIDGEWAY AVE & W 11TH ST,Collision with fixed object:  Other fixed object (explain in narrative),Outside trafficway,Non-collision (single vehicle),Ran off road - straight,None Indicated,,Dark - roadway lighted,Wet,Clear,None apparent,Intersection:  T-intersection,Paved,,Property Damage Only,0,0,0,0,0,0,2000,1,2,,POINT (-92.334930165963 42.469358916922)
2014791190,,03/11/2014,03-March,3-Tuesday,14:19,1400 Hours,District 6 (East Central),IOWA CITY,JOHNSON,US 6,US 6,Collision with:  Vehicle in traffic,On Roadway,Rear-end (front to rear),Followed too close,None Indicated,,Daylight,Dry,Cloudy,Work Zone (roadway-related),Non-intersection:  Non-junction/no special feature,Paved,Yes,Property Damage Only,0,0,0,0,0,0,12000,2,2,,POINT (-91.548396311078 41.664662773331)
2014790474,2014-14647,03/11/2014,03-March,3-Tuesday,08:22,0800 Hours,District 6 (East Central),DAVENPORT,SCOTT,,E LOCUST ST & SPRING ST,Collision with:  Vehicle in traffic,On Roadway,"Sideswipe, same direction",Crossed centerline (undivided),None Indicated,,Daylight,Wet,Cloudy,None apparent,Non-intersection:  Non-junction/no special feature,Paved,,Possible/Unknown,0,1,0,0,1,0,4000,2,4,,POINT (-90.549061254726 41.538363532261)
2014790407,14005078,03/11/2014,03-March,3-Tuesday,17:27,1700 Hours,District 6 (East Central),MARION,LINN,IA 100,IA 100/COLLINS RD SE & S 31ST ST,,On Roadway,Non-collision (single vehicle),Cargo/equipment loss or shift,None Indicated,,Daylight,Dry,Cloudy,None apparent,Intersection:  Four-way intersection,Paved,,Property Damage Only,0,0,0,0,0,0,1500,2,3,,POINT (-91.579117065935 42.017051979826)
2014790201,1403118161,03/11/2014,03-March,3-Tuesday,05:17,0500 Hours,District 6 (East Central),,CLINTON,US 61,US 61,Collision with:  Animal,,,Animal,None Indicated,,,,,,,Paved,,Property Damage Only,0,0,0,0,0,0,2500,1,1,,POINT (-90.567970742116 41.860160285135)
2014791254,K14-006548,03/11/2014,03-March,3-Tuesday,19:43,1900 Hours,District 5 (Southeast),KEOKUK,LEE,US 218,US 218/MAIN ST,Collision with:  Vehicle in traffic,On Roadway,Broadside (front to side),Made improper turn,None Indicated,,Dark - roadway lighted,Dry,Cloudy,None apparent,Non-intersection:  Driveway access (within),Paved,,Possible/Unknown,0,1,0,0,1,0,4500,2,6,,POINT (-91.390776298805 40.402919248925)
2014790475,2014-14675,03/11/2014,03-March,3-Tuesday,10:23,1000 Hours,District 6 (East Central),DAVENPORT,SCOTT,,IA 461/BRADY ST & E 36TH ST,Collision with:  Vehicle in traffic,On Roadway,"Sideswipe, same direction",Made improper turn,None Indicated,,Daylight,Dry,Cloudy,None apparent,Non-intersection:  Non-junction/no special feature,Paved,,Minor Injury,0,1,0,1,0,0,5500,2,4,,POINT (-90.568681763268 41.556657964832)
2014790420,14-001132,03/11/2014,03-March,3-Tuesday,16:12,1600 Hours,District 1 (Central),ANKENY,POLK,IA 160,IA 160/SE ORALABOR RD & SE HULSIZER DR,Collision with:  Vehicle in traffic,On Roadway,Broadside (front to side),FTYROW:  From stop sign,None Indicated,,Daylight,Dry,Clear,None apparent,Intersection:  Four-way intersection,Paved,,Property Damage Only,0,0,0,0,0,0,3500,2,2,,POINT (-93.58604432396 41.702906230258)
2014792454,2014016866,03/11/2014,03-March,3-Tuesday,17:09,1700 Hours,District 1 (Central),,POLK,I-35,I-35,Collision with:  Vehicle in traffic,On Roadway,Rear-end (front to rear),Followed too close,None Indicated,,Daylight,Dry,Cloudy,None apparent,Non-intersection:  Non-junction/no special feature,Paved,,Possible/Unknown,0,1,0,0,0,1,5500,2,2,,POINT (-93.667498299678 41.650770202394)
2014790430,20140006553,03/11/2014,03-March,3-Tuesday,13:50,1300 Hours,District 1 (Central),DES MOINES,POLK,,FLEUR DR,Collision with:  Vehicle in traffic,On Roadway,Rear-end (front to rear),Followed too close,None Indicated,,Daylight,Dry,Cloudy,None apparent,Non-intersection:  Non-junction/no special feature,Paved,,Property Damage Only,0,0,0,0,0,0,2500,2,2,,POINT (-93.64496430422 41.570770700463)
2014790385,2014002743,03/11/2014,03-March,3-Tuesday,11:08,1100 Hours,District 6 (East Central),IOWA CITY,JOHNSON,US 6,US 6,Collision with:  Vehicle in traffic,On Roadway,Rear-end (front to rear),Followed too close,None Indicated,,Daylight,Dry,Cloudy,None apparent,Non-intersection:  Non-junction/no special feature,Paved,,Minor Injury,0,1,0,1,0,0,5000,3,3,,POINT (-91.556926325168 41.66565287935)
2014804954,,03/11/2014,03-March,3-Tuesday,07:22,0700 Hours,District 2 (Northeast),,CHICKASAW,US 63,US 63,Collision with:  Animal,On Roadway,Non-collision (single vehicle),Animal,None Indicated,,Daylight,,Cloudy,,,Paved,,Property Damage Only,0,0,0,0,0,0,3000,1,1,,POINT (-92.330953046666 43.081351518869)
2014790728,,03/11/2014,03-March,3-Tuesday,13:05,1300 Hours,District 5 (Southeast),NEW LONDON,HENRY,,Co Rd X23/S PINE ST & NIXON DR,Non-collision events:  Other non-collision (explain in narrative),Shoulder,Non-collision (single vehicle),Ran off road - right,None Indicated,,Daylight,"Mud, dirt",Cloudy,"Shoulders (none, low, soft, high)",Non-intersection:  Non-junction/no special feature,Paved,,Property Damage Only,0,0,0,0,0,0,10000,1,1,,POINT (-91.408896150937 40.918225158162)
2014790822,14-005260,03/11/2014,03-March,3-Tuesday,14:02,1400 Hours,District 5 (Southeast),,MARION,IA 92,IA 92/IOWA 92,Collision with:  Vehicle in traffic,On Roadway,Rear-end (front to rear),Followed too close,None Indicated,,Daylight,Dry,Cloudy,None apparent,Intersection:  Four-way intersection,Paved,,Possible/Unknown,0,1,0,0,1,0,7500,2,4,,POINT (-92.976573873624 41.307106745054)
2014790394,14-006549,03/11/2014,03-March,3-Tuesday,19:55,1900 Hours,District 5 (Southeast),FORT MADISON,LEE,,Co Rd X32/303 AVE,Collision with:  Animal,,,Animal,None Indicated,,,,,,,Paved,,Property Damage Only,0,0,0,0,0,0,3500,1,1,,POINT (-91.329912407391 40.716518765167)
2014790278,14-009388,03/11/2014,03-March,3-Tuesday,00:25,0000 Hours,District 4 (Southwest),COUNCIL BLUFFS,POTTAWATTAMIE,,23RD AVE & BASS PRO DR & S 32ND ST,Collision with:  Vehicle in traffic,On Roadway,Rear-end (front to rear),Ran Traffic Signal,Drug/Alcohol (< Statutory),,Dark - roadway lighted,Dry,Clear,None apparent,Intersection:  Four-way intersection,Paved,,Minor Injury,0,1,0,1,0,0,6500,2,2,,POINT (-95.894186451332 41.240307962674)
2014790695,2014016834,03/11/2014,03-March,3-Tuesday,14:55,1400 Hours,District 4 (Southwest),,ADAIR,I-80,I-80,Non-collision events:  Overturn/rollover,On Roadway,Non-collision (single vehicle),Other (explain in narrative):  No improper action,None Indicated,,Daylight,Dry,Severe winds,None apparent,Non-intersection:  Non-junction/no special feature,Paved,,Property Damage Only,0,0,0,0,0,0,2500,1,2,,POINT (-94.678802788162 41.493977407509)
2014790425,20140006542,03/11/2014,03-March,3-Tuesday,09:00,0900 Hours,District 1 (Central),DES MOINES,POLK,,PARK ST & KEOSAUQUA WAY & 8TH PL,Collision with:  Vehicle in traffic,On Roadway,"Sideswipe, same direction",Unknown,None Indicated,,Daylight,Dry,Cloudy,None apparent,Intersection:  Other intersection (explain in narrative),Paved,,Property Damage Only,0,0,0,0,0,0,3000,2,2,,POINT (-93.628675861112 41.590550789936)
2014790636,2014-14726,03/11/2014,03-March,3-Tuesday,15:07,1500 Hours,District 6 (East Central),DAVENPORT,SCOTT,,MIDDLE RD & KENWOOD AVE,Collision with:  Vehicle in traffic,On Roadway,"Sideswipe, same direction",Other (explain in narrative):  Other,None Indicated,,Daylight,Wet,Clear,None apparent,Non-intersection:  Non-junction/no special feature,Paved,,Property Damage Only,0,0,0,0,0,0,3000,2,4,,POINT (-90.535875781458 41.536460437144)
2014790750,W14-023966,03/11/2014,03-March,3-Tuesday,12:08,1200 Hours,District 2 (Northeast),WATERLOO,BLACK HAWK,,INDEPENDENCE AVE & VINTON ST,Collision with:  Vehicle in traffic,On Roadway,"Angle, oncoming left turn",FTYROW:  Making left turn,None Indicated,,Daylight,Dry,Cloudy,None apparent,Intersection:  Four-way intersection,Paved,,Property Damage Only,0,0,0,0,0,0,4500,2,5,,POINT (-92.320809729292 42.498374007167)
2014790878,14-1354,03/11/2014,03-March,3-Tuesday,23:00,2300 Hours,District 2 (Northeast),,KOSSUTH,,510TH ST,Collision with fixed object:  Utility pole/light support,Roadside,Non-collision (single vehicle),Ran off road - right,None Indicated,,Dark - roadway not lighted,"Mud, dirt",Clear,None apparent,Non-intersection:  Driveway access (within),Unpaved,,Possible/Unknown,0,1,0,0,1,0,2000,1,1,,POINT (-94.068903236016 43.500024498438)
2014790426,20140006593,03/11/2014,03-March,3-Tuesday,21:30,2100 Hours,District 1 (Central),DES MOINES,POLK,,UNIVERSITY AVE & 11TH ST,Collision with:  Vehicle in traffic,On Roadway,"Sideswipe, same direction",FTYROW:  Other (explain in narrative),None Indicated,,Dark - roadway lighted,Dry,Clear,None apparent,Non-intersection:  Non-junction/no special feature,Paved,,Property Damage Only,0,0,0,0,0,0,3000,2,4,,POINT (-93.631771641241 41.600423767765)
2014791575,2014-14723,03/11/2014,03-March,3-Tuesday,14:46,1400 Hours,District 6 (East Central),DAVENPORT,SCOTT,,W 40TH ST & N DIVISION ST,Collision with:  Vehicle in traffic,On Roadway,"Angle, oncoming left turn",Made improper turn,None Indicated,,Daylight,Dry,Cloudy,None apparent,Non-intersection:  Non-junction/no special feature,Paved,,Property Damage Only,0,0,0,0,0,0,3000,2,2,,POINT (-90.600654256109 41.561040573278)
2014790433,20140006562,03/11/2014,03-March,3-Tuesday,15:00,1500 Hours,District 1 (Central),DES MOINES,POLK,,E GRAY AVE,Collision with:  Parked motor vehicle,On Roadway,Broadside (front to side),FTYROW:  From driveway,None Indicated,,Daylight,Dry,Cloudy,None apparent,Non-intersection:  Driveway access (within),Paved,,Property Damage Only,0,0,0,0,0,0,3000,2,2,,POINT (-93.610206195128 41.567114308858)
2014790443,14-1204,03/11/2014,03-March,3-Tuesday,16:50,1600 Hours,District 1 (Central),WEST DES MOINES,POLK,,WESTOWN PKWY & 50TH ST,Collision with:  Vehicle in traffic,On Roadway,Rear-end (front to rear),Followed too close,None Indicated,,Daylight,Dry,Cloudy,None apparent,Non-intersection:  Non-junction/no special feature,Paved,,Property Damage Only,0,0,0,0,0,0,5000,2,2,,POINT (-93.7712222937 41.595429543657)
2014791164,2014016720,03/11/2014,03-March,3-Tuesday,12:22,1200 Hours,District 6 (East Central),,IOWA,,Co Rd V66/M AVE,Collision with:  Vehicle in traffic,On Roadway,"Sideswipe, same direction",Swerving/Evasive Action,None Indicated,,Daylight,Dry,Cloudy,None apparent,Non-intersection:  Driveway access (within),Paved,,Possible/Unknown,0,1,0,0,1,0,3700,2,4,,POINT (-92.066114888362 41.691490798267)
2014791548,A14019,03/11/2014,03-March,3-Tuesday,08:15,0800 Hours,District 5 (Southeast),KNOXVILLE,MARION,IA 14,IA 14/LINCOLN ST & W PLEASANT ST,Collision with:  Vehicle in traffic,On Roadway,Rear-end (front to rear),Other (explain in narrative):  Other,None Indicated,,Daylight,Dry,Cloudy,None apparent,Intersection:  Four-way intersection,Paved,,Property Damage Only,0,0,0,0,0,0,4250,2,2,,POINT (-93.109519954176 41.32074880026)
2014790758,14-001858,03/11/2014,03-March,3-Tuesday,17:30,1700 Hours,District 4 (Southwest),ATLANTIC,CASS,,HICKORY ST,Collision with:  Vehicle in traffic,On Roadway,Broadside (front to side),FTYROW:  From driveway,None Indicated,,Daylight,Dry,Cloudy,Other (explain in narrative),Non-intersection:  Driveway access (within),Paved,,Possible/Unknown,0,1,0,0,1,0,4000,2,3,,POINT (-95.019741774022 41.404153975359)
2014790431,20140006558,03/11/2014,03-March,3-Tuesday,14:30,1400 Hours,District 1 (Central),DES MOINES,POLK,US 69,US 69/SE 14TH ST & MAURY ST,Collision with:  Vehicle in traffic,On Roadway,Rear-end (front to rear),Followed too close,None Indicated,,Daylight,Dry,Cloudy,None apparent,Non-intersection:  Non-junction/no special feature,Paved,,Property Damage Only,0,0,0,0,0,0,3000,2,2,,POINT (-93.596867424874 41.581253693225)
2014790638,2014-14752,03/11/2014,03-March,3-Tuesday,17:12,1700 Hours,District 6 (East Central),DAVENPORT,SCOTT,,E 15TH ST & IOWA ST,Collision with:  Vehicle in traffic,On Roadway,Broadside (front to side),Ran Stop Sign,None Indicated,,Daylight,Wet,Clear,None apparent,Intersection:  Four-way intersection,Paved,,Property Damage Only,0,0,0,0,0,0,3000,2,2,,POINT (-90.569743422903 41.535047062015)
2014790476,2014-14683,03/11/2014,03-March,3-Tuesday,11:18,1100 Hours,District 6 (East Central),DAVENPORT,SCOTT,,IA 461/BRADY ST & E 32ND ST,Collision with:  Vehicle in traffic,On Roadway,Broadside (front to side),FTYROW:  From parked position,None Indicated,,Daylight,Dry,Cloudy,None apparent,Non-intersection:  Non-junction/no special feature,Paved,,Property Damage Only,0,0,0,0,0,0,7500,2,3,,POINT (-90.569437853705 41.552801213529)
2014791481,,03/11/2014,03-March,3-Tuesday,23:57,2300 Hours,District 5 (Southeast),FORT MADISON,LEE,,BUS US 61,Collision with fixed object:  Other fixed object (explain in narrative),Outside trafficway,Non-collision (single vehicle),Exceeded authorized speed,Refused,,Dark - roadway lighted,Snow,Snow,None apparent,Non-intersection:  Other non-intersection (explain in narrative),Paved,,Property Damage Only,0,0,0,0,0,0,3778,1,1,,POINT (-91.274009887013 40.656395836891)