Iowa DOT Case Number,Law Enforcement Case Number,Date of Crash,Month of Crash,Day of Week,Time of Crash,Hour,DOT District,City Name,County Name,Route with System,Location Description,First Harmful Event,Location of First Harmful Event,Manner of Crash/Collision,Major Cause,Drug or Alcohol ,Environmental Conditions,Light Conditions,Surface Conditions,Weather Conditions,Roadway Contribution,Roadway Type,Roadway Surface,Work Zone,Crash Severity,Number of Fatalities,Number of Injuries,Number of Major Injuries,Number of Minor Injuries,Number of Possible Injuries,Number of Unknown Injuries,Amount of Property Damage,Number of Vehicles Involved,Total Number of Occupants,Travel Direction,Location
2014790450,14-009427,03/11/2014,03-March,3-Tuesday,09:25,0900 Hours,District 4 (Southwest),COUNCIL BLUFFS,POTTAWATTAMIE,US 275,US 275/VETERANS MEMORIAL HWY,Collision with:  Vehicle in traffic,On Roadway,Rear-end (front to rear),Followed too close,None Indicated,,Daylight,Dry,Cloudy,None apparent,Intersection:  Four-way intersection,Paved,,Minor Injury,0,1,0,1,0,0,750,2,2,,POINT (-95.860722539658 41.219637665628)
2014794102,TC1714,03/11/2014,03-March,3-Tuesday,15:15,1500 Hours,District 4 (Southwest),MISSOURI VALLEY,HARRISON,US 30,US 30/E LINCOLN WAY,Collision with:  Vehicle in traffic,On Roadway,Rear-end (front to rear),Followed too close,None Indicated,,Daylight,Dry,Clear,None apparent,Non-intersection:  Non-junction/no special feature,Paved,,Possible/Unknown,0,1,0,0,1,0,7000,2,4,,POINT (-95.880104285722 41.559938984411)
2014790610,14-001131,03/11/2014,03-March,3-Tuesday,15:40,1500 Hours,District 1 (Central),ANKENY,POLK,,W 1ST ST,Collision with:  Vehicle in traffic,On Roadway,Rear-end (front to rear),Driver Distraction:  Manual operation of an electronic communication device,None Indicated,,Daylight,Dry,Cloudy,None apparent,Intersection:  Four-way intersection,Paved,,Possible/Unknown,0,1,0,0,1,0,7000,2,2,,POINT (-93.607326513455 41.731924538482)
2014790693,2014016677,03/11/2014,03-March,3-Tuesday,07:45,0700 Hours,District 4 (Southwest),WINTERSET,MADISON,,W GRADE ST & E GRADE ST & S 1ST ST,Collision with:  Vehicle in traffic,On Roadway,Broadside (front to side),FTYROW:  From stop sign,None Indicated,,Daylight,Wet,Cloudy,None apparent,Intersection:  Four-way intersection,Paved,,Property Damage Only,0,0,0,0,0,0,4500,2,5,,POINT (-94.013396740334 41.33099498947)
2014794949,SO13-0301,03/11/2014,03-March,3-Tuesday,17:17,1700 Hours,District 2 (Northeast),,WRIGHT,,Co Rd R70/WASHINGTON AVE & 140TH ST,Collision with:  Vehicle in traffic,On Roadway,Broadside (front to side),FTYROW:  From stop sign,None Indicated,,Dusk,Wet,Cloudy,None apparent,Intersection:  Four-way intersection,Unpaved,,Property Damage Only,0,0,0,0,0,0,5200,2,3,,POINT (-93.538317777067 42.848628550577)
2014792735,14-2388,03/11/2014,03-March,3-Tuesday,16:04,1600 Hours,District 3 (Northwest),IDA GROVE,IDA,,MAIN ST,Collision with:  Vehicle in traffic,On Roadway,Broadside (front to side),Made improper turn,None Indicated,,Daylight,Wet,Snow,None apparent,Non-intersection:  Non-junction/no special feature,Paved,,Property Damage Only,0,0,0,0,0,0,3500,2,3,,POINT (-95.471359557546 42.342149091807)
2014790586,SO1400806,03/11/2014,03-March,3-Tuesday,18:15,1800 Hours,District 5 (Southeast),,JEFFERSON,,OLD HWY 34,Collision with:  Animal,,,Animal,None Indicated,,,,,,,Paved,,Property Damage Only,0,0,0,0,0,0,2000,1,1,,POINT (-92.035058779092 41.006175781384)
2014791610,14-003285,03/11/2014,03-March,3-Tuesday,08:15,0800 Hours,District 3 (Northwest),SPENCER,CLAY,,E 4TH ST,Collision with:  Vehicle in traffic,On Roadway,"Sideswipe, same direction",Made improper turn,None Indicated,,Daylight,Dry,Cloudy,None apparent,Non-intersection:  Non-junction/no special feature,Paved,,Property Damage Only,0,0,0,0,0,0,2000,2,3,,POINT (-95.144056339211 43.141376961216)
2014790445,14-000284,03/11/2014,03-March,3-Tuesday,07:34,0700 Hours,District 1 (Central),JOHNSTON,POLK,,CRESCENT CHASE & NW 62ND AVE,Collision with:  Vehicle in traffic,On Roadway,Rear-end (front to rear),Other (explain in narrative):  Other,None Indicated,,Daylight,Dry,Clear,None apparent,Non-intersection:  Non-junction/no special feature,Paved,,Property Damage Only,0,0,0,0,0,0,2700,2,16,,POINT (-93.732887168695 41.672916672366)
2014790255,20140006543,03/11/2014,03-March,3-Tuesday,10:00,1000 Hours,District 1 (Central),DES MOINES,POLK,US 69,US 69/SE 14TH ST & BLOOMFIELD RD,Collision with:  Vehicle in traffic,On Roadway,Broadside (front to side),FTYROW:  From stop sign,None Indicated,,Daylight,Dry,Cloudy,None apparent,Intersection:  Four-way intersection,Paved,,Major Injury,0,2,1,0,1,0,8500,2,2,,POINT (-93.596742413522 41.524643390593)
2014790256,20140006550,03/11/2014,03-March,3-Tuesday,12:07,1200 Hours,District 1 (Central),DES MOINES,POLK,,UNIVERSITY AVE & 29TH ST,Collision with:  Vehicle in traffic,On Roadway,Rear-end (front to rear),Followed too close,None Indicated,,Daylight,Dry,Cloudy,None apparent,Intersection:  T-intersection,Paved,,Property Damage Only,0,0,0,0,0,0,3500,2,2,,POINT (-93.65685082641 41.600373285345)
2014790254,20140006539,03/11/2014,03-March,3-Tuesday,08:53,0800 Hours,District 1 (Central),DES MOINES,POLK,,THOMPSON AVE & E 9TH ST,Collision with:  Vehicle in traffic,On Roadway,Broadside (front to side),FTYROW:  From stop sign,None Indicated,,Daylight,Dry,Cloudy,None apparent,Intersection:  Four-way intersection,Paved,,Property Damage Only,0,0,0,0,0,0,4000,2,2,,POINT (-93.606547217804 41.613160724483)
2014790451,14-009543,03/11/2014,03-March,3-Tuesday,23:38,2300 Hours,District 4 (Southwest),COUNCIL BLUFFS,POTTAWATTAMIE,I-80,I-80,Non-collision events:  Overturn/rollover,Roadside,Non-collision (single vehicle),Swerving/Evasive Action,None Indicated,,Dark - roadway lighted,Dry,Clear,None apparent,Non-intersection:  Non-junction/no special feature,Paved,,Minor Injury,0,2,0,1,1,0,5000,1,2,,POINT (-95.903163294474 41.232318326652)
2014790568,14-08175,03/11/2014,03-March,3-Tuesday,09:48,0900 Hours,District 5 (Southeast),BURLINGTON,DES MOINES,,SUNRISE LN,Collision with:  Parked motor vehicle,On Roadway,"Sideswipe, same direction",Unknown,None Indicated,,Daylight,Dry,Unknown,None apparent,Non-intersection:  Non-junction/no special feature,Paved,,Property Damage Only,0,0,0,0,0,0,2000,2,1,,POINT (-91.131617025017 40.805926747656)
2014790598,201403475,03/11/2014,03-March,3-Tuesday,12:15,1200 Hours,District 6 (East Central),CEDAR RAPIDS,LINN,,KIRKWOOD BLVD SW,Collision with:  Vehicle in traffic,On Roadway,Rear-end (front to rear),Lost Control,None Indicated,,Daylight,Dry,Cloudy,None apparent,Intersection:  Other intersection (explain in narrative),Paved,,Major Injury,0,1,1,0,0,0,4700,2,2,,POINT (-91.656701993233 41.92177942242)
2014790607,14-001256,03/11/2014,03-March,3-Tuesday,19:18,1900 Hours,District 3 (Northwest),,OBRIEN,,Co Rd B40/390TH ST,Collision with:  Vehicle in traffic,On Roadway,Rear-end (front to rear),FTYROW:  From driveway,None Indicated,,Dusk,Wet,Clear,None apparent,Non-intersection:  Driveway access (within),Paved,,Property Damage Only,0,0,0,0,0,0,8000,2,2,,POINT (-95.570649063442 43.084446246716)
2014791331,,03/11/2014,03-March,3-Tuesday,16:07,1600 Hours,District 2 (Northeast),NEW HAMPTON,CHICKASAW,,W PROSPECT ST & N WALNUT AVE,Collision with:  Vehicle in traffic,On Roadway,Broadside (front to side),FTYROW:  From stop sign,None Indicated,,Daylight,Wet,Cloudy,None apparent,Intersection:  Four-way intersection,Paved,,Property Damage Only,0,0,0,0,0,0,2800,2,4,,POINT (-92.31659366161 43.060204121612)
2014790414,14010094,03/11/2014,03-March,3-Tuesday,07:58,0700 Hours,District 5 (Southeast),FRUITLAND,MUSCATINE,,EMERALD LN,Collision with:  Vehicle in traffic,On Roadway,Head-on (front to front),Crossed centerline (undivided),None Indicated,,Daylight,Dry,Cloudy,None apparent,Non-intersection:  Non-junction/no special feature,Paved,,Possible/Unknown,0,1,0,0,1,0,3000,2,43,,POINT (-91.120344049291 41.360547767786)
2014790637,2014-14738,03/11/2014,03-March,3-Tuesday,20:35,2000 Hours,District 6 (East Central),DAVENPORT,SCOTT,,E 46TH ST & FOREST RD,Collision with fixed object:  Curb/island/raised median,Outside trafficway,Non-collision (single vehicle),Ran Stop Sign,Refused,,Dark - roadway lighted,Dry,Cloudy,None apparent,Intersection:  T-intersection,Paved,,Property Damage Only,0,0,0,0,0,0,6600,1,1,,POINT (-90.533458445414 41.567561570122)
2014790930,CL14000717,03/11/2014,03-March,3-Tuesday,12:04,1200 Hours,District 6 (East Central),CLINTON,CLINTON,US 30,US 30/LINCOLN WAY & MANUFACTURING DR,Collision with:  Vehicle in traffic,On Roadway,Broadside (front to side),Ran Traffic Signal,None Indicated,,Daylight,Dry,Cloudy,None apparent,Intersection:  Four-way intersection,Paved,,Possible/Unknown,0,1,0,0,1,0,20000,3,4,,POINT (-90.247276825305 41.815570070781)
2014797040,14C01031,03/11/2014,03-March,3-Tuesday,08:25,0800 Hours,District 4 (Southwest),CRESTON,UNION,,W PRAIRIE ST,Collision with:  Parked motor vehicle,Shoulder,Rear-end (front to rear),FTYROW:  Other (explain in narrative),None Indicated,,Daylight,Dry,Clear,None apparent,Non-intersection:  Non-junction/no special feature,Paved,,Property Damage Only,0,0,0,0,0,0,1600,2,1,,POINT (-94.382475705233 41.06704134507)
2014791101,2014-14718,03/11/2014,03-March,3-Tuesday,14:12,1400 Hours,District 6 (East Central),DAVENPORT,SCOTT,,MARQUETTE ST,Collision with:  Vehicle in traffic,On Roadway,Broadside (front to side),Improper Backing,None Indicated,,Daylight,Dry,Cloudy,None apparent,Non-intersection:  Non-junction/no special feature,Paved,,Property Damage Only,0,0,0,0,0,0,6900,2,2,,POINT (-90.590983852033 41.567638087855)
2014790597,201403470,03/11/2014,03-March,3-Tuesday,10:50,1000 Hours,District 6 (East Central),CEDAR RAPIDS,LINN,,EDGEWOOD RD SW,Collision with:  Vehicle in traffic,On Roadway,"Angle, oncoming left turn",FTYROW:  Making left turn,None Indicated,,Daylight,Dry,Cloudy,None apparent,Intersection:  Four-way intersection,Paved,,Property Damage Only,0,0,0,0,0,0,5500,2,3,,POINT (-91.716103566761 41.953252371122)
2014790882,W14-024071,03/11/2014,03-March,3-Tuesday,17:50,1700 Hours,District 2 (Northeast),WATERLOO,BLACK HAWK,US 63,US 63/SE RAMP CURV & W 6TH ST,Collision with:  Vehicle in traffic,On Roadway,Broadside (front to side),Ran Traffic Signal,None Indicated,,Daylight,Dry,Cloudy,None apparent,Intersection:  Four-way intersection,Paved,,Property Damage Only,0,0,0,0,0,0,4000,2,2,,POINT (-92.340501537208 42.491365401483)
2014790788,01-14-10085,03/11/2014,03-March,3-Tuesday,15:36,1500 Hours,District 6 (East Central),DUBUQUE,DUBUQUE,,UNIVERSITY AVE & FINLEY ST,Collision with:  Vehicle in traffic,On Roadway,"Angle, oncoming left turn",FTYROW:  Making left turn,None Indicated,,Daylight,Dry,Cloudy,None apparent,Intersection:  Four-way intersection,Paved,,Property Damage Only,0,0,0,0,0,0,4050,2,2,,POINT (-90.697813307843 42.499105484844)
2014790448,14-0243,03/11/2014,03-March,3-Tuesday,06:24,0600 Hours,District 1 (Central),PLEASANT HILL,POLK,IA 163,IA 163/E UNIVERSITY AVE,Collision with:  Animal,,,Animal,None Indicated,,,,,,,Paved,,Property Damage Only,0,0,0,0,0,0,1800,1,1,,POINT (-93.510659734521 41.599260097562)
2014791613,14-08212,03/11/2014,03-March,3-Tuesday,17:00,1700 Hours,District 5 (Southeast),BURLINGTON,DES MOINES,,6TH ST,Collision with:  Vehicle in traffic,On Roadway,Head-on (front to front),Improper Backing,None Indicated,,Daylight,Dry,Cloudy,None apparent,Non-intersection:  Non-junction/no special feature,Paved,,Property Damage Only,0,0,0,0,0,0,1500,2,2,,POINT (-91.105077541262 40.813726935813)
2014790495,14-0681,03/11/2014,03-March,3-Tuesday,19:25,1900 Hours,District 1 (Central),FORT DODGE,WEBSTER,,9TH AVE S,Collision with:  Parked motor vehicle,On Roadway,"Sideswipe, same direction",Unknown,None Indicated,,Unknown,Wet,Unknown,None apparent,Non-intersection:  Non-junction/no special feature,Paved,,Property Damage Only,0,0,0,0,0,0,3000,2,1,,POINT (-94.176733637318 42.495624006308)
2014791236,44-2014,03/11/2014,03-March,3-Tuesday,20:42,2000 Hours,District 4 (Southwest),,HARRISON,,Co Rd F20/EASTON TRL,Collision with:  Animal,,,Animal,None Indicated,,,,,,,Paved,,Property Damage Only,0,0,0,0,0,0,1500,1,1,,POINT (-96.045004593423 41.805747493215)
2014799068,E201400451,03/11/2014,03-March,3-Tuesday,15:45,1500 Hours,District 3 (Northwest),EMMETSBURG,PALO ALTO,,11TH ST & DES MOINES ST,Collision with:  Vehicle in traffic,On Roadway,Broadside (front to side),FTYROW:  At uncontrolled intersection,None Indicated,,Daylight,Wet,Cloudy,None apparent,Non-intersection:  Non-junction/no special feature,Paved,,Minor Injury,0,1,0,1,0,0,10000,2,2,,POINT (-94.672484425875 43.110146489824)
2014790786,01-14-10117,03/11/2014,03-March,3-Tuesday,17:56,1700 Hours,District 6 (East Central),DUBUQUE,DUBUQUE,,JOHN F KENNEDY RD,Collision with:  Vehicle in traffic,On Roadway,Broadside (front to side),FTYROW:  From driveway,None Indicated,,Daylight,Dry,Cloudy,None apparent,Non-intersection:  Driveway access (within),Paved,,Property Damage Only,0,0,0,0,0,0,3000,2,3,,POINT (-90.721312540447 42.501448453545)
2014790592,2014002741,03/11/2014,03-March,3-Tuesday,10:42,1000 Hours,District 6 (East Central),IOWA CITY,JOHNSON,US 6,US 6,Collision with:  Vehicle in traffic,On Roadway,Rear-end (front to rear),Followed too close,None Indicated,,Daylight,Dry,Cloudy,None apparent,Non-intersection:  Non-junction/no special feature,Paved,,Property Damage Only,0,0,0,0,0,0,5000,2,2,,POINT (-91.531814104522 41.64538458838)
2014790317,14-0680,03/11/2014,03-March,3-Tuesday,16:20,1600 Hours,District 1 (Central),FORT DODGE,WEBSTER,,6TH AVE N,Collision with:  Vehicle in traffic,On Roadway,"Sideswipe, same direction",FTYROW:  Other (explain in narrative),None Indicated,,Daylight,Dry,Cloudy,None apparent,Non-intersection:  Non-junction/no special feature,Paved,,Property Damage Only,0,0,0,0,0,0,5300,2,5,,POINT (-94.177355433349 42.511899934199)
2014790751,W14-024125,03/11/2014,03-March,3-Tuesday,20:50,2000 Hours,District 2 (Northeast),WATERLOO,BLACK HAWK,US 63,US 63/LOGAN AVE,Collision with:  Animal,On Roadway,Non-collision (single vehicle),Animal,None Indicated,,Dark - roadway lighted,Wet,Clear,None apparent,Non-intersection:  Other non-intersection (explain in narrative),Paved,,Property Damage Only,0,0,0,0,0,0,2000,1,1,,POINT (-92.337494625816 42.546796747407)
2014793405,2014-14761,03/11/2014,03-March,3-Tuesday,17:53,1700 Hours,District 6 (East Central),DAVENPORT,SCOTT,US 67,US 67/E RIVER DR & MOUND ST,Collision with:  Vehicle in traffic,On Roadway,"Sideswipe, same direction",Other (explain in narrative):  Other,None Indicated,,Daylight,Wet,Clear,None apparent,Non-intersection:  Non-junction/no special feature,Paved,,Property Damage Only,0,0,0,0,0,0,1500,2,2,,POINT (-90.546450809956 41.530048973824)
2014790367,141703,03/11/2014,03-March,3-Tuesday,07:05,0700 Hours,District 4 (Southwest),,DALLAS,US 169,US 169/N AVE,Collision with:  Animal,,,Animal,None Indicated,,,,,,,Paved,,Property Damage Only,0,0,0,0,0,0,1500,1,1,,POINT (-94.023127119442 41.680516981964)
2014791549,2014002221,03/11/2014,03-March,3-Tuesday,18:46,1800 Hours,District 1 (Central),MARSHALLTOWN,MARSHALL,,COLLEGE DR,Collision with:  Parked motor vehicle,On Roadway,"Sideswipe, opposite direction","Operating vehicle in an reckless, erratic, careless, negligent manner",None Indicated,,Daylight,Dry,Clear,None apparent,Non-intersection:  Non-junction/no special feature,Paved,,Property Damage Only,0,0,0,0,0,0,5000,2,1,,POINT (-92.907505594226 42.001392773759)
2014790931,CL14000718,03/11/2014,03-March,3-Tuesday,13:00,1300 Hours,District 6 (East Central),CLINTON,CLINTON,,BEAVER CHANNEL PKWY,Collision with fixed object:  Ditch,Shoulder,Non-collision (single vehicle),Ran off road - right,None Indicated,,Daylight,Dry,Clear,None apparent,Non-intersection:  Non-junction/no special feature,Paved,,Property Damage Only,0,0,0,0,0,0,5000,1,1,,POINT (-90.228955891787 41.812463529465)
2014790996,14050,03/12/2014,03-March,4-Wednesday,08:58,0800 Hours,District 5 (Southeast),PELLA,MARION,,INDEPENDENCE ST & W 2ND ST,Collision with:  Vehicle in traffic,On Roadway,Broadside (front to side),FTYROW:  From driveway,None Indicated,,Daylight,Dry,Cloudy,None apparent,Non-intersection:  Driveway access (within),Paved,,Property Damage Only,0,0,0,0,0,0,4500,2,2,,POINT (-92.921818419736 41.402789190172)
2014790619,14-0552,03/12/2014,03-March,4-Wednesday,17:09,1700 Hours,District 1 (Central),URBANDALE,POLK,,100TH ST &  NW URBANDALE DR,Collision with:  Vehicle in traffic,On Roadway,"Angle, oncoming left turn",Unknown,None Indicated,,Daylight,Dry,Cloudy,None apparent,Non-intersection:  Non-junction/no special feature,Paved,,Property Damage Only,0,0,0,0,0,0,2000,2,3,,POINT (-93.7566061678 41.632275963259)
2014791037,20140006640,03/12/2014,03-March,4-Wednesday,12:20,1200 Hours,District 1 (Central),DES MOINES,POLK,,HIGH ST & 7TH ST,Collision with:  Vehicle in traffic,On Roadway,Broadside (front to side),Ran Traffic Signal,None Indicated,,Daylight,Dry,Cloudy,None apparent,Intersection:  Other intersection (explain in narrative),Paved,,Minor Injury,0,2,0,1,1,0,10000,2,2,,POINT (-93.626805347616 41.588192096851)
2014791473,,03/12/2014,03-March,4-Wednesday,11:40,1100 Hours,District 6 (East Central),DURANT,CEDAR,,5TH ST & 1ST AVE,Collision with:  Vehicle in traffic,On Roadway,Unknown,FTYROW:  Other (explain in narrative),None Indicated,,Daylight,Dry,Clear,None apparent,Intersection:  T-intersection,Paved,,Property Damage Only,0,0,0,0,0,0,2250,2,2,,POINT (-90.919152618861 41.602032050489)
2014791000,2014002255,03/12/2014,03-March,4-Wednesday,18:17,1800 Hours,District 1 (Central),MARSHALLTOWN,MARSHALL,,E MAIN ST,Collision with:  Vehicle in traffic,On Roadway,Broadside (front to side),FTYROW:  From parked position,None Indicated,,Daylight,Dry,Clear,None apparent,Non-intersection:  Non-junction/no special feature,Paved,,Property Damage Only,0,0,0,0,0,0,1800,2,5,,POINT (-92.910699010761 42.049166450433)
2014790440,14-1217,03/12/2014,03-March,4-Wednesday,09:18,0900 Hours,District 1 (Central),WEST DES MOINES,POLK,,42ND ST,Collision with:  Vehicle in traffic,On Roadway,Rear-end (front to rear),Other (explain in narrative):  Other,None Indicated,,Daylight,Dry,Cloudy,None apparent,Non-intersection:  Driveway access (within),Paved,,Property Damage Only,0,0,0,0,0,0,7500,2,3,,POINT (-93.76157064712 41.595043524254)
2014791083,14-4692,03/12/2014,03-March,4-Wednesday,21:55,2100 Hours,District 6 (East Central),BETTENDORF,SCOTT,,MIDDLE RD & 18TH ST,Collision with:  Vehicle in traffic,On Roadway,"Angle, oncoming left turn",Crossed centerline (undivided),None Indicated,,Dark - roadway lighted,Dry,Cloudy,None apparent,Intersection:  Four-way intersection,Paved,,Possible/Unknown,0,1,0,0,1,0,7000,2,4,,POINT (-90.506876824609 41.544337016429)
2014790627,14-009691,03/12/2014,03-March,4-Wednesday,19:55,1900 Hours,District 4 (Southwest),COUNCIL BLUFFS,POTTAWATTAMIE,IA 192,IA 192/S EXPRESSWAY/SE RAMP & 19TH AVE,Collision with:  Vehicle in traffic,On Roadway,Rear-end (front to rear),Followed too close,None Indicated,,Dark - roadway lighted,Dry,Clear,None apparent,Intersection:  Four-way intersection,Paved,,Possible/Unknown,0,1,0,0,1,0,200,2,3,,POINT (-95.853773471669 41.243875307153)
2014790867,14001227,03/12/2014,03-March,4-Wednesday,17:41,1700 Hours,District 1 (Central),AMES,STORY,US 69,US 69/S DUFF AVE & CHESTNUT ST,Collision with:  Vehicle in traffic,On Roadway,Rear-end (front to rear),Followed too close,None Indicated,,Daylight,Dry,Cloudy,None apparent,Non-intersection:  Non-junction/no special feature,Paved,,Property Damage Only,0,0,0,0,0,0,4000,2,3,,POINT (-93.610292893176 42.01150731613)
2014791200,,03/12/2014,03-March,4-Wednesday,14:30,1400 Hours,District 6 (East Central),CEDAR RAPIDS,LINN,,76TH AVE SW & KIRKWOOD BLVD SW,Collision with:  Vehicle in traffic,On Roadway,Head-on (front to front),Unknown,None Indicated,,Daylight,Dry,Cloudy,,Intersection:  Four-way intersection,Paved,,Property Damage Only,0,0,0,0,0,0,2023,2,4,,POINT (-91.656571983138 41.904980717094)
2014791199,,03/12/2014,03-March,4-Wednesday,20:45,2000 Hours,District 5 (Southeast),,APPANOOSE,IA 2,IA 2/IOWA 2,Collision with:  Animal,On Roadway,Non-collision (single vehicle),Animal,None Indicated,,Dark - roadway not lighted,Dry,Clear,,Non-intersection:  Non-junction/no special feature,Paved,,Property Damage Only,0,0,0,0,0,0,2255,1,2,,POINT (-92.843534842323 40.732594711262)
2014790595,201403517,03/12/2014,03-March,4-Wednesday,10:56,1000 Hours,District 6 (East Central),CEDAR RAPIDS,LINN,,BLAIRS FERRY RD NE & CENTER POINT RD NE,Collision with:  Vehicle in traffic,On Roadway,Rear-end (front to rear),Lost Control,None Indicated,,Daylight,Dry,Clear,None apparent,Non-intersection:  Driveway access (within),Paved,,Property Damage Only,0,0,0,0,0,0,5000,2,3,,POINT (-91.66832624729 42.034792568257)
2014790439,14-1216,03/12/2014,03-March,4-Wednesday,08:09,0800 Hours,District 1 (Central),WEST DES MOINES,POLK,I-235,I-235,Collision with:  Vehicle in traffic,On Roadway,Rear-end (front to rear),Driving too fast for conditions,None Indicated,,Daylight,Dry,Clear,None apparent,Non-intersection:  Non-junction/no special feature,Paved,,Property Damage Only,0,0,0,0,0,0,2000,2,2,,POINT (-93.719531947616 41.593350742486)
2014790746,14024287,03/12/2014,03-March,4-Wednesday,11:47,1100 Hours,District 2 (Northeast),CEDAR FALLS,BLACK HAWK,IA 57,IA 57/WEST 1ST ST & HUDSON RD,Collision with:  Vehicle in traffic,On Roadway,Rear-end (front to rear),Other (explain in narrative):  Other,None Indicated,,Daylight,Dry,Clear,None apparent,Non-intersection:  Driveway access (within),Paved,,Property Damage Only,0,0,0,0,0,0,2000,2,2,,POINT (-92.465333876639 42.537846376039)
2014790422,20140006626,03/12/2014,03-March,4-Wednesday,08:55,0800 Hours,District 1 (Central),DES MOINES,POLK,,MLK JR PKWY,Collision with:  Vehicle in traffic,On Roadway,Rear-end (front to rear),Followed too close,None Indicated,,Daylight,Dry,Cloudy,None apparent,Non-intersection:  Non-junction/no special feature,Paved,,Property Damage Only,0,0,0,0,0,0,1800,2,2,,POINT (-93.644788008745 41.585606651046)
2014790609,03-14-103,03/12/2014,03-March,4-Wednesday,07:15,0700 Hours,District 3 (Northwest),LE MARS,PLYMOUTH,,LINCOLN ST W & 6TH AVE SW,Collision with:  Vehicle in traffic,On Roadway,Broadside (front to side),FTYROW:  From stop sign,None Indicated,,Dark - roadway lighted,Dry,Clear,None apparent,Intersection:  Four-way intersection,Paved,,Property Damage Only,0,0,0,0,0,0,2250,2,2,,POINT (-96.175310968696 42.785333188508)
2014794465,,03/12/2014,03-March,4-Wednesday,20:09,2000 Hours,District 2 (Northeast),,WINNESHIEK,IA 9,IA 9/IOWA 9,Collision with:  Animal,On Roadway,Non-collision (single vehicle),Animal,None Indicated,,Dark - roadway not lighted,Dry,Clear,None apparent,Non-intersection:  Non-junction/no special feature,Paved,,Property Damage Only,0,0,0,0,0,0,4000,1,2,,POINT (-91.669212573703 43.241002821707)
2014790494,14-0684,03/12/2014,03-March,4-Wednesday,12:15,1200 Hours,District 1 (Central),FORT DODGE,WEBSTER,,CENTRAL AVE & S 3RD ST & N 3RD ST,Collision with:  Vehicle in traffic,On Roadway,Broadside (front to side),FTYROW:  From stop sign,None Indicated,,Daylight,Dry,Cloudy,None apparent,Intersection:  Four-way intersection,Paved,,Possible/Unknown,0,3,0,0,1,2,3500,2,5,,POINT (-94.194103269547 42.504143838427)
2014790680,S14-2485,03/12/2014,03-March,4-Wednesday,21:19,2100 Hours,District 3 (Northwest),DANBURY,WOODBURY,IA 175,IA 175/IOWA 175,Collision with fixed object:  Other fixed object (explain in narrative),On Roadway,Non-collision (single vehicle),Crossed centerline (undivided),None Indicated,,Dark - roadway not lighted,Other (explain in narrative),Clear,None apparent,Non-intersection:  Non-junction/no special feature,Paved,,Possible/Unknown,0,1,0,0,1,0,3000,1,1,,POINT (-95.738643141808 42.226577997413)
2014791720,1400468,03/12/2014,03-March,4-Wednesday,13:54,1300 Hours,District 5 (Southeast),BLOOMFIELD,DAVIS,,GOODE ST & WEST ST,Collision with:  Non-motorist (see non-motorist section - NOT a unit),On Roadway,Non-collision (single vehicle),Swerving/Evasive Action,None Indicated,,Daylight,Wet,Cloudy,None apparent,Intersection:  T-intersection,Paved,,Property Damage Only,0,0,0,0,0,0,2294,1,1,,POINT (-92.419165104635 40.757265113511)
2014790658,2014-14945,03/12/2014,03-March,4-Wednesday,12:52,1200 Hours,District 6 (East Central),DAVENPORT,SCOTT,,W 7TH ST,Collision with:  Vehicle in traffic,On Roadway,"Sideswipe, same direction",Unknown,None Indicated,,Daylight,Dry,Clear,None apparent,Non-intersection:  Non-junction/no special feature,Paved,,Property Damage Only,0,0,0,0,0,0,1500,2,1,,POINT (-90.602522306134 41.526729063977)
2014791620,14-5999,03/12/2014,03-March,4-Wednesday,23:37,2300 Hours,District 1 (Central),NEWTON,JASPER,,Co Rd T12/HWY T-12 N,Collision with fixed object:  Ditch,On Roadway,Non-collision (single vehicle),Crossed centerline (undivided),Under Influence of Alcohol/Drugs/Medications,,Dark - roadway not lighted,Dry,Clear,None apparent,Non-intersection:  Non-junction/no special feature,Paved,,Possible/Unknown,0,1,0,0,1,0,8500,1,1,,POINT (-92.999975957787 41.712966289689)
2014790886,W14-024390,03/12/2014,03-March,4-Wednesday,17:28,1700 Hours,District 2 (Northeast),WATERLOO,BLACK HAWK,,KIMBALL AVE,Collision with:  Vehicle in traffic,On Roadway,Rear-end (front to rear),Driver Distraction:  Manual operation of an electronic communication device,None Indicated,,Daylight,Dry,Clear,None apparent,Intersection:  Four-way intersection,Paved,,Property Damage Only,0,0,0,0,0,0,2750,2,2,,POINT (-92.357067158056 42.474339397342)
2014850937,14-001677,03/12/2014,03-March,4-Wednesday,07:25,0700 Hours,District 5 (Southeast),,LOUISA,US 61,US 61,Collision with:  Animal,,,Animal,None Indicated,,,,,,,Paved,,Property Damage Only,0,0,0,0,0,0,5000,1,777,,POINT (-91.196502751955 41.231180627877)
2014790622,14-000288,03/12/2014,03-March,4-Wednesday,07:13,0700 Hours,District 1 (Central),JOHNSTON,POLK,,MERLE HAY RD,Collision with:  Vehicle in traffic,On Roadway,"Angle, oncoming left turn",Made improper turn,None Indicated,,Dawn,Dry,Cloudy,None apparent,Non-intersection:  Non-junction/no special feature,Paved,,Property Damage Only,0,0,0,0,0,0,25000,2,2,,POINT (-93.697724734946 41.674072256082)
2014791980,14-001554,03/12/2014,03-March,4-Wednesday,17:35,1700 Hours,District 1 (Central),ELLSWORTH,HAMILTON,,DUBUQUE AVE & DELPHI ST,Non-collision events:  Other non-collision (explain in narrative),On Roadway,Non-collision (single vehicle),Unknown,None Indicated,,Daylight,"Mud, dirt",Clear,"Surface condition (e.g., wet, icy)",Intersection:  T-intersection,Paved,,Possible/Unknown,0,1,0,0,1,0,500,1,1,,POINT (-93.581499137027 42.311325628815)
2014790557,14001349,03/12/2014,03-March,4-Wednesday,07:32,0700 Hours,District 2 (Northeast),,CERRO GORDO,,Co Rd B35/235TH ST & CARDINAL AVE,Collision with:  Animal,,,Animal,None Indicated,,,,,,,Paved,,Property Damage Only,0,0,0,0,0,0,2500,1,1,,POINT (-93.457787022627 43.10482292529)