Iowa DOT Case Number,Law Enforcement Case Number,Date of Crash,Month of Crash,Day of Week,Time of Crash,Hour,DOT District,City Name,County Name,Route with System,Location Description,First Harmful Event,Location of First Harmful Event,Manner of Crash/Collision,Major Cause,Drug or Alcohol ,Environmental Conditions,Light Conditions,Surface Conditions,Weather Conditions,Roadway Contribution,Roadway Type,Roadway Surface,Work Zone,Crash Severity,Number of Fatalities,Number of Injuries,Number of Major Injuries,Number of Minor Injuries,Number of Possible Injuries,Number of Unknown Injuries,Amount of Property Damage,Number of Vehicles Involved,Total Number of Occupants,Travel Direction,Location
2014790591,2014002789,03/12/2014,03-March,4-Wednesday,10:58,1000 Hours,District 6 (East Central),IOWA CITY,JOHNSON,IA 1,IA 1/E BURLINGTON ST & S LINN ST,Collision with:  Vehicle in traffic,On Roadway,Rear-end (front to rear),Followed too close,None Indicated,,Daylight,Dry,Clear,None apparent,Intersection:  Four-way intersection,Paved,,Property Damage Only,0,0,0,0,0,0,2500,2,2,,POINT (-91.531675127737 41.657848314581)
2014790990,024-14,03/12/2014,03-March,4-Wednesday,22:12,2200 Hours,District 4 (Southwest),,MADISON,,105TH ST,Collision with:  Parked motor vehicle,On Roadway,Rear-end (front to rear),Illegally Parked/Unattended,None Indicated,,Dark - roadway not lighted,"Mud, dirt",Clear,None apparent,Non-intersection:  Non-junction/no special feature,Unpaved,,Possible/Unknown,0,1,0,0,1,0,4000,2,1,,POINT (-93.91108468697 41.495767887328)
2014790594,201403516,03/12/2014,03-March,4-Wednesday,09:40,0900 Hours,District 6 (East Central),CEDAR RAPIDS,LINN,I-380,I-380,Collision with fixed object:  Bridge overhead structure,On Roadway,Non-collision (single vehicle),Other (explain in narrative):  No improper action,None Indicated,,Daylight,Dry,Clear,None apparent,Non-intersection:  Non-junction/no special feature,Paved,,Possible/Unknown,0,1,0,0,1,0,1000,1,1,,POINT (-91.669006041789 41.936125999984)
2014790984,14005248,03/12/2014,03-March,4-Wednesday,15:00,1500 Hours,District 6 (East Central),MARION,LINN,,8TH AVE & 13TH ST,Collision with:  Vehicle in traffic,On Roadway,"Sideswipe, opposite direction",Over correcting/over steering,None Indicated,,Daylight,Wet,Unknown,None apparent,Non-intersection:  Non-junction/no special feature,Paved,,Property Damage Only,0,0,0,0,0,0,3000,2,2,,POINT (-91.595768701662 42.03421587457)
2014790826,1403121-A,03/12/2014,03-March,4-Wednesday,22:31,2200 Hours,District 4 (Southwest),RED OAK,MONTGOMERY,,ELM ST & 4TH ST,Collision with:  Vehicle in traffic,On Roadway,Rear-end (front to rear),"Operating vehicle in an reckless, erratic, careless, negligent manner",Refused,,Dark - roadway lighted,Dry,Clear,None apparent,Non-intersection:  Non-junction/no special feature,Paved,,Property Damage Only,0,0,0,0,0,0,10500,3,1,,POINT (-95.22792034064 41.014882064746)
2014790626,14-009624,03/12/2014,03-March,4-Wednesday,14:01,1400 Hours,District 4 (Southwest),COUNCIL BLUFFS,POTTAWATTAMIE,US 6,US 6/W BROADWAY,Collision with:  Vehicle in traffic,On Roadway,Rear-end (front to rear),Other (explain in narrative):  Other,None Indicated,,Daylight,Dry,Clear,None apparent,Non-intersection:  Non-junction/no special feature,Paved,,Property Damage Only,0,0,0,0,0,0,6000,2,2,,POINT (-95.889783503506 41.261952780834)
2014796181,,03/12/2014,03-March,4-Wednesday,01:00,0100 Hours,District 2 (Northeast),CEDAR FALLS,BLACK HAWK,,OHIO ST,Collision with:  Parked motor vehicle,Outside trafficway,Unknown,Unknown,None Indicated,,Dark - unknown roadway lighting,Ice/frost,Cloudy,"Surface condition (e.g., wet, icy)",Non-intersection:  Other non-intersection (explain in narrative),Paved,,Property Damage Only,0,0,0,0,0,0,2000,2,1,,POINT (-92.461857261069 42.51158718403)
2014790617,20140006677,03/12/2014,03-March,4-Wednesday,16:23,1600 Hours,District 1 (Central),DES MOINES,POLK,,PLEASANT ST & 8TH ST & 8TH PL,Collision with:  Vehicle in traffic,On Roadway,"Sideswipe, same direction",Made improper turn,None Indicated,,Daylight,Dry,Cloudy,None apparent,Intersection:  T-intersection,Paved,,Property Damage Only,0,0,0,0,0,0,2600,2,2,,POINT (-93.628261171603 41.588616497359)
2014794568,14-02086,03/12/2014,03-March,4-Wednesday,02:18,0200 Hours,District 5 (Southeast),MOUNT PLEASANT,HENRY,US 218,US 218,Collision with:  Vehicle in traffic,On Roadway,"Sideswipe, same direction",Driving too fast for conditions,None Indicated,,Dark - roadway not lighted,Slush,Cloudy,"Surface condition (e.g., wet, icy)",Non-intersection:  Non-junction/no special feature,Paved,,Property Damage Only,0,0,0,0,0,0,3000,2,5,,POINT (-91.531184705376 40.941881331285)
2014791661,14-4645,03/12/2014,03-March,4-Wednesday,01:18,0100 Hours,District 6 (East Central),BETTENDORF,SCOTT,,TANGLEFOOT LN,Collision with fixed object:  Curb/island/raised median,Outside trafficway,Non-collision (single vehicle),Driving too fast for conditions,Alcohol (Statutory),,Dark - roadway lighted,Dry,Clear,None apparent,Non-intersection:  Non-junction/no special feature,Paved,,Possible/Unknown,0,1,0,0,1,0,8300,1,1,,POINT (-90.521743486936 41.560302592315)
2014790752,W14-024297,03/12/2014,03-March,4-Wednesday,12:29,1200 Hours,District 2 (Northeast),WATERLOO,BLACK HAWK,IA 934,IA 934/UNIVERSITY AVE & FRONTAGE RD,Collision with:  Vehicle in traffic,On Roadway,"Sideswipe, same direction",Made improper turn,None Indicated,,Daylight,Dry,Clear,None apparent,Intersection:  Four-way intersection,Paved,,Possible/Unknown,0,2,0,0,2,0,3500,2,6,,POINT (-92.389069340128 42.501117738306)
2014790688,14-7334,03/12/2014,03-March,4-Wednesday,18:40,1800 Hours,District 3 (Northwest),SIOUX CITY,WOODBURY,,CENTER ST,Collision with:  Parked motor vehicle,On Roadway,"Sideswipe, opposite direction",Unknown,None Indicated,,Unknown,Dry,Clear,None apparent,Non-intersection:  Non-junction/no special feature,Paved,,Property Damage Only,0,0,0,0,0,0,1500,2,1,,POINT (-96.421242893172 42.519638446404)
2014790963,2014002795,03/12/2014,03-March,4-Wednesday,13:07,1300 Hours,District 6 (East Central),IOWA CITY,JOHNSON,,HOLLYWOOD BLVD & BOYRUM ST,Collision with:  Vehicle in traffic,On Roadway,"Angle, oncoming left turn",Made improper turn,None Indicated,,Daylight,Dry,Cloudy,None apparent,Intersection:  T-intersection,Paved,,Property Damage Only,0,0,0,0,0,0,2500,2,2,,POINT (-91.527919440619 41.643983735605)
2014790935,130625,03/12/2014,03-March,4-Wednesday,14:14,1400 Hours,District 3 (Northwest),WESTSIDE,CRAWFORD,,1ST ST,Collision with:  Vehicle in traffic,On Roadway,Broadside (front to side),FTYROW:  Making left turn,None Indicated,,Daylight,Dry,Clear,None apparent,Non-intersection:  Driveway access (within),Paved,,Property Damage Only,0,0,0,0,0,0,10500,3,3,,POINT (-95.101438477449 42.075610940712)
2014790612,14-001141,03/12/2014,03-March,4-Wednesday,08:25,0800 Hours,District 1 (Central),ANKENY,POLK,IA 415,IA 415/2ND AVE & NW 72ND PL,Collision with:  Animal,On Roadway,Non-collision (single vehicle),Animal,None Indicated,,Daylight,Dry,Clear,None apparent,Non-intersection:  Non-junction/no special feature,Paved,,Property Damage Only,0,0,0,0,0,0,2000,1,1,,POINT (-93.620258762042 41.692548652373)
2014790378,14-08290,03/12/2014,03-March,4-Wednesday,08:47,0800 Hours,District 5 (Southeast),BURLINGTON,DES MOINES,,HARRISON AVE & SUMMER ST,Collision with:  Vehicle in traffic,On Roadway,Rear-end (front to rear),Followed too close,None Indicated,,Daylight,Ice/frost,Cloudy,"Surface condition (e.g., wet, icy)",Intersection:  Four-way intersection,Paved,,Property Damage Only,0,0,0,0,0,0,3000,2,2,,POINT (-91.116049187142 40.78925223931)
2014790686,14-7316,03/12/2014,03-March,4-Wednesday,15:56,1500 Hours,District 3 (Northwest),SIOUX CITY,WOODBURY,,W 4TH ST,Collision with:  Vehicle in traffic,On Roadway,Broadside (front to side),FTYROW:  From driveway,None Indicated,,Daylight,Dry,Clear,None apparent,Non-intersection:  Driveway access (within),Paved,,Possible/Unknown,0,1,0,0,1,0,500,2,2,,POINT (-96.416932004562 42.498624748151)
2014804958,,03/12/2014,03-March,4-Wednesday,08:17,0800 Hours,District 2 (Northeast),,CHICKASAW,IA 346,IA 346/270TH & Co Rd V14/EXETER AVE,Collision with:  Vehicle in traffic,On Roadway,"Angle, oncoming left turn",FTYROW:  From stop sign,None Indicated,,Daylight,,Clear,,Intersection:  Four-way intersection,Paved,,Property Damage Only,0,0,0,0,0,0,1800,2,3,,POINT (-92.455883632212 42.965335641887)
2014791181,,03/12/2014,03-March,4-Wednesday,07:14,0700 Hours,District 2 (Northeast),GARNER,HANCOCK,,W 8TH ST & ALLEN AVE,Collision with:  Vehicle in traffic,On Roadway,Broadside (front to side),FTYROW:  From stop sign,None Indicated,,Dawn,Dry,Clear,None apparent,Intersection:  Four-way intersection,Paved,,Possible/Unknown,0,2,0,0,2,0,6000,2,2,,POINT (-93.60468873102 43.097801482509)
2014820406,2014-28-AC,03/12/2014,03-March,4-Wednesday,06:37,0600 Hours,District 3 (Northwest),,DICKINSON,US 71,US 71,Collision with:  Animal,On Roadway,Non-collision (single vehicle),Animal,None Indicated,,Dark - roadway not lighted,Dry,Cloudy,None apparent,Non-intersection:  Non-junction/no special feature,Paved,,Property Damage Only,0,0,0,0,0,0,2000,1,1,,POINT (-95.063037480557 43.430535815105)
2014794464,,03/12/2014,03-March,4-Wednesday,06:19,0600 Hours,District 2 (Northeast),,WINNESHIEK,,Co Rd W40/CO RD W40 & 360TH ST,Non-collision events:  Overturn/rollover,On Roadway,Non-collision (single vehicle),Ran off road - right,None Indicated,,Unknown,Unknown,Clear,None apparent,Non-intersection:  Non-junction/no special feature,Paved,,Property Damage Only,0,0,0,0,0,0,7200,1,1,,POINT (-91.758304634665 43.457408257429)
2014790853,2014-15023,03/12/2014,03-March,4-Wednesday,19:39,1900 Hours,District 6 (East Central),DAVENPORT,SCOTT,,E 53RD ST & JERSEY RIDGE RD,Collision with:  Vehicle in traffic,On Roadway,Head-on (front to front),FTYROW:  Making left turn,None Indicated,,Dark - roadway lighted,Dry,Cloudy,None apparent,Intersection:  Four-way intersection,Paved,,Property Damage Only,0,0,0,0,0,0,2000,2,3,,POINT (-90.541591077791 41.574787805709)
2014790437,14-1214,03/12/2014,03-March,4-Wednesday,04:40,0400 Hours,District 1 (Central),WEST DES MOINES,POLK,,UNIVERSITY AVE,Collision with fixed object:  Curb/island/raised median,Median,Non-collision (single vehicle),Other (explain in narrative):  Other,None Indicated,,Dark - roadway lighted,Dry,Clear,None apparent,Non-intersection:  Non-junction/no special feature,Paved,,Property Damage Only,0,0,0,0,0,0,6000,1,2,,POINT (-93.765270054651 41.600441296345)
2014790747,14024387,03/12/2014,03-March,4-Wednesday,17:42,1700 Hours,District 2 (Northeast),CEDAR FALLS,BLACK HAWK,IA 57,IA 57/1ST ST,Collision with:  Vehicle in traffic,On Roadway,Rear-end (front to rear),Driver Distraction:  Manual operation of an electronic communication device,None Indicated,,Daylight,Dry,Cloudy,None apparent,Non-intersection:  Non-junction/no special feature,Paved,,Property Damage Only,0,0,0,0,0,0,2000,2,2,,POINT (-92.463007863462 42.537853511407)
2014807878,CP14-0223,03/12/2014,03-March,4-Wednesday,20:25,2000 Hours,District 2 (Northeast),CLARION,WRIGHT,,7TH ST NE,Collision with:  Vehicle in traffic,On Roadway,Rear-end (front to rear),Other (explain in narrative):  No improper action,None Indicated,,Dark - roadway not lighted,Dry,Clear,None apparent,Non-intersection:  Driveway access (within),Paved,,Property Damage Only,0,0,0,0,0,0,1501,2,1,,POINT (-93.723865231047 42.734066199124)
2014791478,,03/12/2014,03-March,4-Wednesday,10:18,1000 Hours,District 5 (Southeast),FORT MADISON,LEE,,AVE G,Collision with:  Parked motor vehicle,On Roadway,Rear-end (front to rear),"Operating vehicle in an reckless, erratic, careless, negligent manner",None Indicated,,Daylight,Dry,Clear,None apparent,Non-intersection:  Non-junction/no special feature,Paved,,Property Damage Only,0,0,0,0,0,0,2000,2,1,,POINT (-91.32855422859 40.631128716075)
2014790832,20140006620,03/12/2014,03-March,4-Wednesday,07:15,0700 Hours,District 1 (Central),DES MOINES,POLK,,MCKINLEY AVE & SW 16TH ST,Collision with:  Vehicle in traffic,On Roadway,Rear-end (front to rear),FTYROW:  From stop sign,None Indicated,,Dawn,Dry,Clear,None apparent,Intersection:  Four-way intersection,Paved,,Property Damage Only,0,0,0,0,0,0,2250,2,2,,POINT (-93.638194361399 41.540994319176)
2014790797,01-14-10274,03/12/2014,03-March,4-Wednesday,17:27,1700 Hours,District 6 (East Central),DUBUQUE,DUBUQUE,,W 4TH ST & LOCUST ST S,Collision with:  Vehicle in traffic,On Roadway,Broadside (front to side),Ran Traffic Signal,None Indicated,,Daylight,Dry,Cloudy,None apparent,Intersection:  Four-way intersection,Paved,,Property Damage Only,0,0,0,0,0,0,4000,2,2,,POINT (-90.666496539682 42.497274099846)
2014791092,2013-14993,03/12/2014,03-March,4-Wednesday,16:57,1600 Hours,District 6 (East Central),DAVENPORT,SCOTT,I-80,I-80,Collision with:  Other non-fixed object (explain in narrative),On Roadway,Non-collision (single vehicle),Ran off road - left,None Indicated,,Daylight,Dry,Clear,None apparent,Non-intersection:  Non-junction/no special feature,Paved,,Property Damage Only,0,0,0,0,0,0,1500,1,1,,POINT (-90.683379088049 41.603753228082)
2014790771,14003768,03/12/2014,03-March,4-Wednesday,01:00,0100 Hours,District 2 (Northeast),MASON CITY,CERRO GORDO,,N PENNSYLVANIA AVE,Collision with:  Parked motor vehicle,On Roadway,Head-on (front to front),Other (explain in narrative):  Other,None Indicated,,Dark - roadway lighted,Dry,Cloudy,None apparent,Non-intersection:  Non-junction/no special feature,Paved,,Property Damage Only,0,0,0,0,0,0,3000,2,1,,POINT (-93.197879237913 43.155805769749)
2014791072,14-000289,03/12/2014,03-March,4-Wednesday,11:55,1100 Hours,District 1 (Central),JOHNSTON,POLK,,PIONEER PKWY & SUNSET LN,Collision with:  Vehicle in traffic,On Roadway,Broadside (front to side),FTYROW:  From stop sign,None Indicated,,Daylight,Dry,Clear,None apparent,Intersection:  Four-way intersection,Paved,,Property Damage Only,0,0,0,0,0,0,10800,3,4,,POINT (-93.711139734236 41.668243500025)
2014790621,14-1228,03/12/2014,03-March,4-Wednesday,18:40,1800 Hours,District 1 (Central),WEST DES MOINES,POLK,,ELM ST & 8TH ST,Collision with fixed object:  Other fixed object (explain in narrative),On Roadway,Non-collision (single vehicle),Swerving/Evasive Action,None Indicated,,Daylight,Dry,Cloudy,None apparent,Non-intersection:  Non-junction/no special feature,Paved,,Property Damage Only,0,0,0,0,0,0,3000,1,1,,POINT (-93.713039625563 41.572530425152)
2014791272,20140006682,03/12/2014,03-March,4-Wednesday,17:42,1700 Hours,District 1 (Central),DES MOINES,POLK,US 6,US 6/E EUCLID AVE & WRIGHT ST,Collision with:  Vehicle in traffic,On Roadway,"Sideswipe, same direction",Driver Distraction:  Manual operation of an electronic communication device,None Indicated,,Daylight,Dry,Clear,None apparent,Non-intersection:  Non-junction/no special feature,Paved,,Property Damage Only,0,0,0,0,0,0,4074,2,3,,POINT (-93.607223733543 41.627703788098)
2014790625,14-009484,03/12/2014,03-March,4-Wednesday,16:20,1600 Hours,District 4 (Southwest),COUNCIL BLUFFS,POTTAWATTAMIE,,VALLEY VIEW DR & LONGVIEW LOOP,Collision with:  Vehicle in traffic,On Roadway,Rear-end (front to rear),Followed too close,None Indicated,,Daylight,Dry,Clear,None apparent,Non-intersection:  Non-junction/no special feature,Paved,,Property Damage Only,0,0,0,0,0,0,2050,2,2,,POINT (-95.818128931421 41.230505775897)
2014791770,0312146A,03/12/2014,03-March,4-Wednesday,23:30,2300 Hours,District 4 (Southwest),CLARINDA,PAGE,,T AVE,Collision with:  Animal,,,Animal,None Indicated,,,,,,,Paved,,Property Damage Only,0,0,0,0,0,0,6800,1,1,,POINT (-95.008150808183 40.726885754455)
2014790571,14-08337,03/12/2014,03-March,4-Wednesday,17:26,1700 Hours,District 5 (Southeast),BURLINGTON,DES MOINES,US 61,US 61,Collision with:  Vehicle in traffic,On Roadway,Rear-end (front to rear),Followed too close,None Indicated,,Daylight,Dry,Cloudy,None apparent,Non-intersection:  Non-junction/no special feature,Paved,,Property Damage Only,0,0,0,0,0,0,3750,2,2,,POINT (-91.141417409543 40.819218502222)
2014791572,14-4915,03/12/2014,03-March,4-Wednesday,20:05,2000 Hours,District 6 (East Central),,SCOTT,US 61,US 61/NERAMP/SERAMP & 267 ST,Collision with:  Vehicle in traffic,On Roadway,Rear-end (front to rear),Followed too close,None Indicated,,Dark - roadway lighted,Dry,Clear,None apparent,Interchange-related:  Off-ramp,Paved,,Property Damage Only,0,0,0,0,0,0,8000,2,2,,POINT (-90.565062352083 41.69498995344)
2014790376,14-08281,03/12/2014,03-March,4-Wednesday,07:47,0700 Hours,District 5 (Southeast),BURLINGTON,DES MOINES,,MT PLEASANT ST,Collision with fixed object:  Tree,On Roadway,Non-collision (single vehicle),Driving too fast for conditions,None Indicated,,Daylight,Ice/frost,Cloudy,None apparent,Non-intersection:  Non-junction/no special feature,Paved,,Property Damage Only,0,0,0,0,0,0,2500,1,2,,POINT (-91.128714311416 40.821895599331)
2014790596,201403518,03/12/2014,03-March,4-Wednesday,10:58,1000 Hours,District 6 (East Central),CEDAR RAPIDS,LINN,,BLAIRS FERRY RD NE,Collision with:  Vehicle in traffic,On Roadway,Broadside (front to side),FTYROW:  From driveway,None Indicated,,Daylight,Dry,Clear,Work Zone (roadway-related),Non-intersection:  Driveway access (within),Paved,Yes,Possible/Unknown,0,1,0,0,1,0,4000,2,5,,POINT (-91.659607407147 42.035195421)
2014790555,14-2413,03/12/2014,03-March,4-Wednesday,13:05,1300 Hours,District 3 (Northwest),CARROLL,CARROLL,US 30,US 30 & 8TH ST,Collision with:  Vehicle in traffic,On Roadway,"Sideswipe, opposite direction",FTYROW:  Making left turn,None Indicated,,Daylight,Dry,Cloudy,None apparent,Non-intersection:  Driveway access (within),Paved,,Property Damage Only,0,0,0,0,0,0,1800,2,2,,POINT (-94.876091110526 42.069953172324)
2014790787,01-14-10237,03/12/2014,03-March,4-Wednesday,13:26,1300 Hours,District 6 (East Central),DUBUQUE,DUBUQUE,,W 2ND ST & LOCUST ST S,Collision with:  Parked motor vehicle,Shoulder,Rear-end (front to rear),FTYROW:  Other (explain in narrative),None Indicated,,Daylight,Dry,Cloudy,None apparent,Non-intersection:  Non-junction/no special feature,Paved,,Possible/Unknown,0,1,0,0,1,0,10000,2,2,,POINT (-90.665621849034 42.495599316401)
2014790606,14-010206,03/12/2014,03-March,4-Wednesday,04:07,0400 Hours,District 5 (Southeast),MUSCATINE,MUSCATINE,,LIBERTY ST & BOND ST,Collision with:  Vehicle in traffic,On Roadway,Broadside (front to side),Ran Stop Sign,None Indicated,,Dark - roadway lighted,Wet,Clear,None apparent,Intersection:  Four-way intersection,Paved,,Property Damage Only,0,0,0,0,0,0,17000,2,3,,POINT (-91.062853347107 41.410879804936)
2014792483,14003561,03/12/2014,03-March,4-Wednesday,20:15,2000 Hours,District 6 (East Central),,CEDAR,US 30,US 30,Non-collision events:  Overturn/rollover,On Roadway,Non-collision (single vehicle),Crossed centerline (undivided),Alcohol (Statutory),,Dark - roadway not lighted,Dry,Clear,None apparent,Non-intersection:  Non-junction/no special feature,Paved,,Minor Injury,0,1,0,1,0,0,10000,1,1,,POINT (-91.230381871264 41.895356837083)
2014790601,14005136,03/12/2014,03-March,4-Wednesday,15:00,1500 Hours,District 6 (East Central),MARION,LINN,,8TH AVE & 13TH ST,Collision with:  Vehicle in traffic,On Roadway,"Sideswipe, opposite direction",Unknown,None Indicated,,Daylight,Dry,Cloudy,None apparent,Intersection:  Four-way intersection,Paved,,Property Damage Only,0,0,0,0,0,0,1500,2,2,,POINT (-91.595757219419 42.03418871502)
2014790620,14-1226,03/12/2014,03-March,4-Wednesday,17:04,1700 Hours,District 1 (Central),WEST DES MOINES,POLK,,42ND ST,Collision with:  Vehicle in traffic,On Roadway,Head-on (front to front),Crossed centerline (undivided),None Indicated,,Daylight,Dry,Cloudy,None apparent,Non-intersection:  Non-junction/no special feature,Paved,,Property Damage Only,0,0,0,0,0,0,11000,2,3,,POINT (-93.76157453065 41.596394580645)
2014790685,14-7309,03/12/2014,03-March,4-Wednesday,10:00,1000 Hours,District 3 (Northwest),SIOUX CITY,WOODBURY,I-29,I-29 & IA 12/GORDON DR & NEBRASKA ST,Collision with:  Vehicle in traffic,On Roadway,Rear-end (front to rear),Unknown,None Indicated,,Daylight,Dry,Cloudy,None apparent,Intersection:  Four-way intersection,Paved,,Property Damage Only,0,0,0,0,0,0,2000,2,2,,POINT (-96.403404496537 42.489726103092)
2014790807,14-5935,03/12/2014,03-March,4-Wednesday,02:57,0200 Hours,District 1 (Central),OAKLAND ACRES,JASPER,I-80,I-80,Collision with:  Animal,On Roadway,Non-collision (single vehicle),Animal,None Indicated,,Dark - roadway not lighted,Dry,Clear,None apparent,Non-intersection:  Non-junction/no special feature,Paved,,Property Damage Only,0,0,0,0,0,0,4000,1,2,,POINT (-92.838304055618 41.695153524349)
2014790842,14-1230,03/12/2014,03-March,4-Wednesday,21:12,2100 Hours,District 1 (Central),WEST DES MOINES,POLK,I-35,I-35,Collision with fixed object:  Other fixed object (explain in narrative),Median,Non-collision (single vehicle),Ran off road - left,None Indicated,,Dark - roadway not lighted,Dry,Cloudy,None apparent,Non-intersection:  Other non-intersection (explain in narrative),Paved,,Property Damage Only,0,0,0,0,0,0,4000,1,1,,POINT (-93.773667107209 41.529831286865)
2014790679,14-0688,03/12/2014,03-March,4-Wednesday,15:25,1500 Hours,District 1 (Central),FORT DODGE,WEBSTER,,S 18TH ST,Collision with:  Non-motorist (see non-motorist section - NOT a unit),On Roadway,Non-collision (single vehicle),Other (explain in narrative):  No improper action,None Indicated,,Daylight,Dry,Cloudy,None apparent,Non-intersection:  Non-junction/no special feature,Paved,,Minor Injury,0,1,0,1,0,0,0,1,1,,POINT (-94.173395701909 42.494784679008)
2014794519,14001346,03/12/2014,03-March,4-Wednesday,02:25,0200 Hours,District 2 (Northeast),CLEAR LAKE,CERRO GORDO,,Co Rd B20/310TH ST & Co Rd S28,Non-collision events:  Overturn/rollover,Shoulder,Non-collision (single vehicle),"Operating vehicle in an reckless, erratic, careless, negligent manner",Alcohol (Statutory),,Dark - roadway not lighted,Dry,Clear,None apparent,Non-intersection:  Non-junction/no special feature,Paved,,Possible/Unknown,0,1,0,0,1,0,18000,1,1,,POINT (-93.379823998019 43.212382767469)
2014790697,2014017052,03/12/2014,03-March,4-Wednesday,11:48,1100 Hours,District 5 (Southeast),,DAVIS,,Co Rd T7J/HUSKY TRL,Non-collision events:  Overturn/rollover,On Roadway,Non-collision (single vehicle),Swerving/Evasive Action,None Indicated,,Daylight,Dry,Clear,None apparent,Non-intersection:  Non-junction/no special feature,Paved,,Minor Injury,0,1,0,1,0,0,45000,1,1,,POINT (-92.493373790362 40.824403858403)
2014790377,14-08288,03/12/2014,03-March,4-Wednesday,08:35,0800 Hours,District 5 (Southeast),BURLINGTON,DES MOINES,US 61,US 61 & KIRKWOOD ST,Collision with:  Vehicle in traffic,On Roadway,Broadside (front to side),Driving too fast for conditions,None Indicated,,Daylight,Slush,Cloudy,None apparent,Intersection:  Four-way intersection,Paved,,Possible/Unknown,0,1,0,0,1,0,4500,2,2,,POINT (-91.141424520292 40.819813132909)
2014790830,14-0294,03/12/2014,03-March,4-Wednesday,07:12,0700 Hours,District 1 (Central),CLIVE,POLK,I-35,I-35 & UNIVERSITY AVE,Collision with:  Vehicle in traffic,Shoulder,Rear-end (front to rear),FTYROW:  Other (explain in narrative),None Indicated,,Dawn,Dry,Cloudy,None apparent,Non-intersection:  Non-junction/no special feature,Paved,,Property Damage Only,0,0,0,0,0,0,2000,2,2,,POINT (-93.776921913914 41.60044420781)
2014790678,14-0136,03/12/2014,03-March,4-Wednesday,02:10,0200 Hours,District 1 (Central),LEHIGH,WEBSTER,,Co Rd P6D/SAMSON AVE,Collision with fixed object:  Tree,Outside trafficway,Non-collision (single vehicle),Crossed centerline (undivided),None Indicated,,Dark - roadway not lighted,Dry,Clear,None apparent,Non-intersection:  Non-junction/no special feature,Paved,,Property Damage Only,0,0,0,0,0,0,7000,1,2,,POINT (-94.039688780561 42.391635101098)
2014790987,14-1147,03/12/2014,03-March,4-Wednesday,08:15,0800 Hours,District 6 (East Central),HIAWATHA,LINN,,18TH AVE,Collision with:  Vehicle in traffic,Outside trafficway,Broadside (front to side),FTYROW:  Other (explain in narrative),None Indicated,,Daylight,Dry,Clear,None apparent,Non-intersection:  Driveway access (within),Paved,,Property Damage Only,0,0,0,0,0,0,8000,2,2,,POINT (-91.697264550296 42.045815266428)
2014790379,14-8289,03/12/2014,03-March,4-Wednesday,08:39,0800 Hours,District 5 (Southeast),BURLINGTON,DES MOINES,,5TH ST,Collision with:  Parked motor vehicle,On Roadway,Broadside (front to side),FTYROW:  Other (explain in narrative),None Indicated,,Daylight,Ice/frost,Cloudy,None apparent,Non-intersection:  Non-junction/no special feature,Paved,,Property Damage Only,0,0,0,0,0,0,2500,2,1,,POINT (-91.105251839872 40.80968529294)
2014790866,14001225,03/12/2014,03-March,4-Wednesday,17:15,1700 Hours,District 1 (Central),AMES,STORY,,LINCOLN WAY & N RIVERSIDE DR,Collision with:  Vehicle in traffic,On Roadway,"Sideswipe, same direction",FTYROW:  Other (explain in narrative),None Indicated,,Daylight,Dry,Cloudy,None apparent,Non-intersection:  Non-junction/no special feature,Paved,,Property Damage Only,0,0,0,0,0,0,2200,2,3,,POINT (-93.629848579264 42.022858051137)
2014790641,2014-14938,03/12/2014,03-March,4-Wednesday,12:54,1200 Hours,District 6 (East Central),DAVENPORT,SCOTT,,IA 461/BRADY ST,Collision with:  Vehicle in traffic,On Roadway,Rear-end (front to rear),Lost Control,None Indicated,,Daylight,Dry,Cloudy,None apparent,Non-intersection:  Non-junction/no special feature,Paved,,Possible/Unknown,0,1,0,0,1,0,7500,2,2,,POINT (-90.568677011809 41.570851902916)
2014790565,1400471,03/12/2014,03-March,4-Wednesday,19:31,1900 Hours,District 5 (Southeast),BLOOMFIELD,DAVIS,US 63,US 63/WASHINGTON ST,Collision with:  Animal,,,Animal,None Indicated,,,,,,,Paved,,Property Damage Only,0,0,0,0,0,0,2000,1,1,,POINT (-92.412639924208 40.743521061525)
2014790559,CL14000727,03/12/2014,03-March,4-Wednesday,14:32,1400 Hours,District 6 (East Central),CLINTON,CLINTON,,9TH AVE N & N 3RD ST,Collision with:  Vehicle in traffic,On Roadway,Broadside (front to side),Other (explain in narrative):  Other,None Indicated,,Daylight,Dry,Clear,None apparent,Non-intersection:  Non-junction/no special feature,Paved,,Property Damage Only,0,0,0,0,0,0,3500,2,3,,POINT (-90.188954895818 41.853970848427)
2014790757,14-070,03/12/2014,03-March,4-Wednesday,21:02,2100 Hours,District 2 (Northeast),WAVERLY,BREMER,IA 3,IA 3/BREMER AVE/E BREMER AVE,Collision with:  Animal,,,Animal,None Indicated,,,,,,,Paved,,Property Damage Only,0,0,0,0,0,0,2500,1,1,,POINT (-92.455554629719 42.725405776967)
2014793895,2014016987,03/12/2014,03-March,4-Wednesday,09:10,0900 Hours,District 5 (Southeast),,WARREN,I-35,I-35,Collision with:  Vehicle in traffic,On Roadway,Rear-end (front to rear),Other (explain in narrative):  Other,None Indicated,,Daylight,Dry,Cloudy,None apparent,Non-intersection:  Non-junction/no special feature,Paved,,Minor Injury,0,2,0,1,1,0,135000,2,2,,POINT (-93.780752689634 41.374189146121)