Iowa DOT Case Number,Law Enforcement Case Number,Date of Crash,Month of Crash,Day of Week,Time of Crash,Hour,DOT District,City Name,County Name,Route with System,Location Description,First Harmful Event,Location of First Harmful Event,Manner of Crash/Collision,Major Cause,Drug or Alcohol ,Environmental Conditions,Light Conditions,Surface Conditions,Weather Conditions,Roadway Contribution,Roadway Type,Roadway Surface,Work Zone,Crash Severity,Number of Fatalities,Number of Injuries,Number of Major Injuries,Number of Minor Injuries,Number of Possible Injuries,Number of Unknown Injuries,Amount of Property Damage,Number of Vehicles Involved,Total Number of Occupants,Travel Direction,Location
2014790696,2014016913,03/12/2014,03-March,4-Wednesday,06:52,0600 Hours,District 5 (Southeast),,WAPELLO,US 63,US 63,Collision with:  Vehicle in traffic,On Roadway,Rear-end (front to rear),Swerving/Evasive Action,None Indicated,,Dawn,Dry,Clear,None apparent,Non-intersection:  Non-junction/no special feature,Paved,,Property Damage Only,0,0,0,0,0,0,4000,2,2,,POINT (-92.506727071058 41.095727276365)
2014790616,20140006653,03/12/2014,03-March,4-Wednesday,14:14,1400 Hours,District 1 (Central),DES MOINES,POLK,US 6,US 6/FREDERICK M HUBBELL AVE & E 38TH ST,Collision with:  Vehicle in traffic,On Roadway,Rear-end (front to rear),Followed too close,None Indicated,,Daylight,Dry,Clear,None apparent,Intersection:  Four-way intersection,Paved,,Property Damage Only,0,0,0,0,0,0,3000,2,2,,POINT (-93.541892439708 41.630516314713)
2014790687,14-7320,03/12/2014,03-March,4-Wednesday,16:36,1600 Hours,District 3 (Northwest),SIOUX CITY,WOODBURY,,ISABELLA ST,Collision with:  Parked motor vehicle,On Roadway,Rear-end (front to rear),Unknown,None Indicated,,Daylight,Unknown,Unknown,Unknown,Non-intersection:  Non-junction/no special feature,Paved,,Property Damage Only,0,0,0,0,0,0,2600,2,1,,POINT (-96.424194466928 42.513733319733)
2014792066,201400012364,03/13/2014,03-March,5-Thursday,21:55,2100 Hours,District 5 (Southeast),OTTUMWA,WAPELLO,,E WOODLAND AVE & N GREEN ST,Collision with fixed object:  Tree,Roadside,Non-collision (single vehicle),Driving too fast for conditions,None Indicated,,Dark - roadway lighted,"Mud, dirt",Clear,None apparent,Intersection:  Other intersection (explain in narrative),Paved,,Minor Injury,0,1,0,1,0,0,2000,1,2,,POINT (-92.40519425574 41.029353802959)
2014793286,C14-0000779,03/13/2014,03-March,5-Thursday,00:35,0000 Hours,District 2 (Northeast),MARQUETTE,CLAYTON,US 18,US 18,Collision with:  Animal,,,Animal,None Indicated,,,,,,,Paved,,Property Damage Only,0,0,0,0,0,0,1500,1,777,,POINT (-91.190279447459 43.04515118582)
2014791129,14-0138,03/13/2014,03-March,5-Thursday,13:50,1300 Hours,District 1 (Central),,WEBSTER,IA 7,IA 7/190TH ST & EASTER AVE,Non-collision events:  Jackknife,Outside trafficway,Non-collision (single vehicle),Crossed centerline (undivided),None Indicated,,Daylight,Dry,Clear,None apparent,Intersection:  T-intersection,Paved,,Property Damage Only,0,0,0,0,0,0,8000,2,3,,POINT (-94.363758564998 42.516632318155)
2014790628,14-009731,03/13/2014,03-March,5-Thursday,01:46,0100 Hours,District 4 (Southwest),COUNCIL BLUFFS,POTTAWATTAMIE,,WILLIAM LN,Collision with fixed object:  Utility pole/light support,Outside trafficway,Non-collision (single vehicle),Improper Backing,Alcohol (Statutory),,Dark - roadway lighted,Dry,Clear,None apparent,Non-intersection:  Non-junction/no special feature,Paved,,Property Damage Only,0,0,0,0,0,0,3500,1,2,,POINT (-95.907370705226 41.213929197939)
2014790887,W14-024584,03/13/2014,03-March,5-Thursday,07:36,0700 Hours,District 2 (Northeast),WATERLOO,BLACK HAWK,,W RIDGEWAY AVE,Collision with:  Vehicle in traffic,On Roadway,"Angle, oncoming left turn",FTYROW:  Making left turn,None Indicated,,Dawn,Dry,Cloudy,None apparent,Non-intersection:  Driveway access (within),Paved,,Property Damage Only,0,0,0,0,0,0,2300,2,3,,POINT (-92.357677292001 42.469398593936)
2014791052,20140006731,03/13/2014,03-March,5-Thursday,07:45,0700 Hours,District 1 (Central),DES MOINES,POLK,US 6,US 6/E EUCLID AVE,Collision with:  Vehicle in traffic,On Roadway,Rear-end (front to rear),Followed too close,None Indicated,,Daylight,Dry,Clear,None apparent,Non-intersection:  Non-junction/no special feature,Paved,,Property Damage Only,0,0,0,0,0,0,2700,2,2,,POINT (-93.568400115624 41.627740183289)
2014796023,,03/13/2014,03-March,5-Thursday,14:23,1400 Hours,District 3 (Northwest),,PALO ALTO,US 18,US 18/360 ST,Collision with fixed object:  Utility pole/light support,Unknown,Unknown,Swerving/Evasive Action,None Indicated,,Unknown,Unknown,Unknown,Unknown,Unknown,Paved,,Property Damage Only,0,0,0,0,0,0,9451,1,1,,POINT (-94.769768283359 43.126565986721)
2014791476,,03/13/2014,03-March,5-Thursday,20:08,2000 Hours,District 5 (Southeast),FORT MADISON,LEE,,2ND ST,Collision with:  Animal,On Roadway,Non-collision (single vehicle),Animal,None Indicated,,Dark - roadway not lighted,Dry,Clear,None apparent,Non-intersection:  Non-junction/no special feature,Paved,,Property Damage Only,0,0,0,0,0,0,1500,1,1,,POINT (-91.300513415676 40.635106359702)
2014791118,14-001237,03/13/2014,03-March,5-Thursday,13:15,1300 Hours,District 1 (Central),AMES,STORY,US 69,US 69/S DUFF AVE,Collision with:  Vehicle in traffic,On Roadway,Rear-end (front to rear),Other (explain in narrative):  Other,None Indicated,,Daylight,Dry,Clear,None apparent,Non-intersection:  Non-junction/no special feature,Paved,,Property Damage Only,0,0,0,0,0,0,6000,2,2,,POINT (-93.610039097728 42.001376237051)
2014790991,025-14,03/13/2014,03-March,5-Thursday,06:05,0600 Hours,District 4 (Southwest),,MADISON,IA 92,IA 92/IOWA 92,Collision with:  Animal,,,Animal,None Indicated,,,,,,,Paved,,Property Damage Only,0,0,0,0,0,0,5000,1,1,,POINT (-94.229563442396 41.315836691615)
2014790689,14-7392,03/13/2014,03-March,5-Thursday,08:18,0800 Hours,District 3 (Northwest),SIOUX CITY,WOODBURY,,PAVONIA ST & 6TH ST,Collision with:  Vehicle in traffic,On Roadway,Broadside (front to side),FTYROW:  Making left turn,None Indicated,,Daylight,Dry,Clear,None apparent,Non-intersection:  Driveway access (within),Paved,,Property Damage Only,0,0,0,0,0,0,5500,2,2,,POINT (-96.383001564366 42.496498941573)
2014790848,S14-000734,03/13/2014,03-March,5-Thursday,20:20,2000 Hours,District 4 (Southwest),,POTTAWATTAMIE,US 6,US 6,Collision with:  Animal,,,Animal,None Indicated,,,,,,,Paved,,Property Damage Only,0,0,0,0,0,0,1800,1,1,,POINT (-95.768018403042 41.280699287469)
2014790992,026-14,03/13/2014,03-March,5-Thursday,06:40,0600 Hours,District 4 (Southwest),,MADISON,IA 92,IA 92/IOWA 92,Collision with:  Animal,,,Animal,None Indicated,,,,,,,Paved,,Property Damage Only,0,0,0,0,0,0,5000,1,1,,POINT (-94.231151598466 41.315792691436)
2014791335,,03/13/2014,03-March,5-Thursday,11:00,1100 Hours,District 6 (East Central),CEDAR RAPIDS,LINN,I-380,I-380 & WRIGHT BROTHERS BLVD SW,Collision with:  Vehicle in traffic,On Roadway,"Sideswipe, same direction",Unknown,None Indicated,,Daylight,Dry,Cloudy,,Intersection:  Intersection with ramp,Paved,,Property Damage Only,0,0,0,0,0,0,3000,2,2,,POINT (-91.673192081351 41.890700438159)
2014791238,C14000786,03/13/2014,03-March,5-Thursday,15:46,1500 Hours,District 6 (East Central),CORALVILLE,JOHNSON,US 6,US 6/2ND ST,Collision with:  Vehicle in traffic,On Roadway,Rear-end (front to rear),Followed too close,None Indicated,,Daylight,Dry,Clear,None apparent,Non-intersection:  Non-junction/no special feature,Paved,,Property Damage Only,0,0,0,0,0,0,4500,3,39,,POINT (-91.561704752232 41.667370047651)
2014791312,2014017316,03/13/2014,03-March,5-Thursday,16:55,1600 Hours,District 1 (Central),,HAMILTON,US 20,US 20,Collision with fixed object:  Guardrail - face,On Roadway,Non-collision (single vehicle),Swerving/Evasive Action,None Indicated,,Daylight,Dry,Clear,None apparent,Intersection:  Intersection with ramp,Paved,,Property Damage Only,0,0,0,0,0,0,11000,1,1,,POINT (-93.569684176294 42.448780886285)
2014790876,14-7447,03/13/2014,03-March,5-Thursday,17:29,1700 Hours,District 3 (Northwest),SIOUX CITY,WOODBURY,,3RD ST & JACKSON ST,Collision with:  Vehicle in traffic,On Roadway,Broadside (front to side),Unknown,None Indicated,,Daylight,Dry,Clear,None apparent,Intersection:  Four-way intersection,Paved,,Property Damage Only,0,0,0,0,0,0,5000,2,3,,POINT (-96.401981077477 42.493091067643)
2014790753,W14-024745,03/13/2014,03-March,5-Thursday,16:13,1600 Hours,District 2 (Northeast),WATERLOO,BLACK HAWK,I-380,I-380 & US 218/WASHINGTON ST & E MITCHELL AVE,Collision with:  Vehicle in traffic,On Roadway,"Angle, oncoming left turn",Ran Traffic Signal,None Indicated,,Daylight,Dry,Clear,None apparent,Intersection:  Four-way intersection,Paved,,Property Damage Only,0,0,0,0,0,0,2000,2,3,,POINT (-92.322128044791 42.476596678027)
2014791869,2014-4891,03/13/2014,03-March,5-Thursday,05:02,0500 Hours,District 5 (Southeast),,WARREN,IA 5,IA 5/IOWA 5,Collision with:  Animal,On Roadway,Non-collision (single vehicle),Animal,None Indicated,,Dark - roadway not lighted,Dry,Clear,None apparent,Non-intersection:  Non-junction/no special feature,Paved,,Property Damage Only,0,0,0,0,0,0,7000,1,1,,POINT (-93.448846281518 41.48264760012)
2014791376,00653,03/13/2014,03-March,5-Thursday,15:47,1500 Hours,District 6 (East Central),DYERSVILLE,DUBUQUE,IA 136,IA 136/9TH ST SE/11TH ST SE,Collision with:  Other non-fixed object (explain in narrative),On Roadway,Non-collision (single vehicle),Other (explain in narrative):  Other,None Indicated,,Daylight,Dry,Clear,None apparent,Non-intersection:  Non-junction/no special feature,Paved,,Property Damage Only,0,0,0,0,0,0,1500,2,2,,POINT (-91.114032474809 42.480625106031)
2014791191,,03/13/2014,03-March,5-Thursday,16:48,1600 Hours,District 6 (East Central),CAMANCHE,CLINTON,,WASHINGTON BLVD & 9TH AVE,Collision with fixed object:  Utility pole/light support,,,Ran off road - left,None Indicated,,,,,,,Paved,,Property Damage Only,0,0,0,0,0,0,13000,1,3,,POINT (-90.258796090402 41.786540818114)
2014791170,2014017376,03/13/2014,03-March,5-Thursday,22:30,2200 Hours,District 4 (Southwest),,GUTHRIE,IA 25,IA 25/IOWA 25,Collision with:  Animal,On Roadway,Non-collision (single vehicle),Animal,None Indicated,,Dark - roadway not lighted,Dry,Clear,None apparent,Non-intersection:  Non-junction/no special feature,Paved,,Property Damage Only,0,0,0,0,0,0,2500,1,4,,POINT (-94.502278003801 41.650636325441)
2014792161,01-14-10320,03/13/2014,03-March,5-Thursday,02:00,0200 Hours,District 6 (East Central),DUBUQUE,DUBUQUE,,E 30TH ST & WASHINGTON ST,Collision with:  Parked motor vehicle,On Roadway,Broadside (front to side),Lost Control,None Indicated,,Dark - roadway not lighted,Dry,Clear,None apparent,Non-intersection:  Non-junction/no special feature,Paved,,Property Damage Only,0,0,0,0,0,0,10500,2,1,,POINT (-90.678691106063 42.526500632509)
2014790600,201403565,03/13/2014,03-March,5-Thursday,15:47,1500 Hours,District 6 (East Central),CEDAR RAPIDS,LINN,,B AVE NW & 18TH ST NW,Collision with:  Vehicle in traffic,On Roadway,Broadside (front to side),FTYROW:  From stop sign,None Indicated,,Daylight,Dry,Clear,None apparent,Intersection:  Four-way intersection,Paved,,Possible/Unknown,0,2,0,0,2,0,5000,2,4,,POINT (-91.696681025326 41.975009296808)
2014790939,14-08460,03/13/2014,03-March,5-Thursday,20:37,2000 Hours,District 5 (Southeast),,DES MOINES,,95TH AVE,Collision with:  Animal,,,Animal,None Indicated,,,,,,,Unpaved,,Property Damage Only,0,0,0,0,0,0,2500,1,1,,POINT (-91.112170142875 40.995600257473)
2014790630,14-009756,03/13/2014,03-March,5-Thursday,08:49,0800 Hours,District 4 (Southwest),COUNCIL BLUFFS,POTTAWATTAMIE,I-29,I-29 & S 24TH ST,Collision with:  Vehicle in traffic,On Roadway,Rear-end (front to rear),Followed too close,None Indicated,,Daylight,Dry,Clear,None apparent,Intersection:  Four-way intersection,Paved,,Possible/Unknown,0,1,0,0,1,0,1500,2,5,,POINT (-95.879227327906 41.232235339376)
2014790789,01-14-10413,03/13/2014,03-March,5-Thursday,17:23,1700 Hours,District 6 (East Central),DUBUQUE,DUBUQUE,,LORAS BLVD & WOOD ST,Collision with:  Vehicle in traffic,On Roadway,Rear-end (front to rear),Lost Control,None Indicated,,Daylight,Dry,Clear,None apparent,Non-intersection:  Non-junction/no special feature,Paved,,Possible/Unknown,0,1,0,0,1,0,3500,2,2,,POINT (-90.686537594524 42.50094050767)
2014791325,2014017355,03/13/2014,03-March,5-Thursday,20:35,2000 Hours,District 6 (East Central),,LINN,US 151,US 151,Collision with:  Animal,,,Animal,None Indicated,,,,,,,Paved,,Property Damage Only,0,0,0,0,0,0,2500,1,1,,POINT (-91.544100983444 41.936131980519)
2014790813,201400707,03/13/2014,03-March,5-Thursday,05:29,0500 Hours,District 6 (East Central),,LINN,,Co Rd E34/FEATHER RIDGE RD,Collision with:  Animal,,,Animal,None Indicated,,,,,,,Paved,,Property Damage Only,0,0,0,0,0,0,2500,1,1,,POINT (-91.740792048382 42.094521030979)
2014790908,14-002048,03/13/2014,03-March,5-Thursday,17:35,1700 Hours,District 6 (East Central),INDEPENDENCE,BUCHANAN,,1ST ST E & 8TH AVE NE,Collision with:  Non-motorist (see non-motorist section - NOT a unit),On Roadway,Non-collision (single vehicle),Swerving/Evasive Action,None Indicated,,Daylight,Dry,Clear,None apparent,Non-intersection:  Non-junction/no special feature,Paved,,Minor Injury,0,1,0,1,0,0,0,1,1,,POINT (-91.884931215797 42.468764069646)
2014818107,14-000305,03/13/2014,03-March,5-Thursday,21:31,2100 Hours,District 1 (Central),,STORY,US 69,US 69,Collision with:  Animal,On Roadway,Non-collision (single vehicle),Animal,None Indicated,,Dark - roadway not lighted,Dry,Clear,None apparent,Non-intersection:  Non-junction/no special feature,Paved,,Property Damage Only,0,0,0,0,0,0,3000,1,1,,POINT (-93.620382629658 42.16471640298)
2014791007,14010397,03/13/2014,03-March,5-Thursday,13:22,1300 Hours,District 5 (Southeast),MUSCATINE,MUSCATINE,US 61,US 61 & 2ND AVE,Collision with:  Vehicle in traffic,On Roadway,Broadside (front to side),Ran Traffic Signal,None Indicated,,Daylight,Dry,Cloudy,None apparent,Intersection:  Four-way intersection,Paved,,Minor Injury,0,1,0,1,0,0,4200,2,4,,POINT (-91.034754582347 41.452762542774)
2014810971,14-01719,03/13/2014,03-March,5-Thursday,18:20,1800 Hours,District 2 (Northeast),OELWEIN,FAYETTE,,2ND ST SE & 2ND AVE SE,Collision with:  Vehicle in traffic,On Roadway,Broadside (front to side),FTYROW:  From stop sign,None Indicated,,Daylight,Dry,Clear,None apparent,Intersection:  Four-way intersection,Paved,,Property Damage Only,0,0,0,0,0,0,2000,2,5,,POINT (-91.910545383246 42.675473380545)
2014790784,14-08427,03/13/2014,03-March,5-Thursday,15:03,1500 Hours,District 5 (Southeast),BURLINGTON,DES MOINES,US 61,US 61 & DIVISION ST,Collision with:  Vehicle in traffic,On Roadway,Head-on (front to front),FTYROW:  Making left turn,None Indicated,,Daylight,Dry,Clear,None apparent,Intersection:  Four-way intersection,Paved,,Possible/Unknown,0,1,0,0,1,0,8000,2,3,,POINT (-91.141490761185 40.807671643824)
2014790873,S14-2519,03/13/2014,03-March,5-Thursday,22:41,2200 Hours,District 3 (Northwest),CORRECTIONVILLE,WOODBURY,US 20,US 20,Collision with:  Animal,,,Animal,None Indicated,,,,,,,Paved,,Property Damage Only,0,0,0,0,0,0,1800,1,1,,POINT (-95.825630687574 42.482309106993)
2014792901,14-001697,03/13/2014,03-March,5-Thursday,08:15,0800 Hours,District 4 (Southwest),PERRY,DALLAS,,WARFORD ST,Collision with:  Vehicle in traffic,On Roadway,Rear-end (front to rear),Other (explain in narrative):  No improper action,None Indicated,,Daylight,Dry,Clear,None apparent,Non-intersection:  Non-junction/no special feature,Paved,,Property Damage Only,0,0,0,0,0,0,2000,2,2,,POINT (-94.082984999742 41.839407938233)
2014791391,2014002838,03/13/2014,03-March,5-Thursday,16:59,1600 Hours,District 6 (East Central),IOWA CITY,JOHNSON,,Co Rd W66/DUBUQUE ST,Collision with:  Animal,On Roadway,Non-collision (single vehicle),Animal,None Indicated,,Daylight,Dry,Clear,None apparent,Non-intersection:  Non-junction/no special feature,Paved,,Property Damage Only,0,0,0,0,0,0,2000,1,1,,POINT (-91.545705181314 41.690298224571)
2014790868,14-000368,03/13/2014,03-March,5-Thursday,07:46,0700 Hours,District 1 (Central),AMES,STORY,,MORTENSON RD & STATE AVE,Collision with:  Vehicle in traffic,On Roadway,Rear-end (front to rear),Other (explain in narrative):  Other,None Indicated,,Daylight,Dry,Clear,None apparent,Intersection:  Four-way intersection,Paved,,Property Damage Only,0,0,0,0,0,0,8050,3,3,,POINT (-93.658954327834 42.011886753909)
2014790854,2014-15147,03/13/2014,03-March,5-Thursday,12:41,1200 Hours,District 6 (East Central),DAVENPORT,SCOTT,,MARQUETTE ST,Collision with:  Vehicle in traffic,On Roadway,Rear-end (front to rear),Followed too close,None Indicated,,Daylight,Dry,Clear,Debris,Non-intersection:  Non-junction/no special feature,Paved,,Minor Injury,0,2,0,1,1,0,5000,3,5,,POINT (-90.591057966884 41.554994669026)
2014790888,W14-024789,03/13/2014,03-March,5-Thursday,17:55,1700 Hours,District 2 (Northeast),WATERLOO,BLACK HAWK,US 63,US 63/W 1ST ST & JEFFERSON ST,Collision with:  Vehicle in traffic,On Roadway,"Sideswipe, same direction",Made improper turn,None Indicated,,Daylight,Wet,Clear,None apparent,Intersection:  Other intersection (explain in narrative),Paved,,Minor Injury,0,2,0,1,1,0,2000,2,4,,POINT (-92.344967791491 42.4971637559)
2014791045,20140006761,03/13/2014,03-March,5-Thursday,11:26,1100 Hours,District 1 (Central),DES MOINES,POLK,IA 163,IA 163/E UNIVERSITY AVE & E 35TH ST,Collision with:  Vehicle in traffic,On Roadway,"Sideswipe, same direction",Crossed centerline (undivided),None Indicated,,Daylight,Dry,Clear,None apparent,Non-intersection:  Non-junction/no special feature,Paved,,Property Damage Only,0,0,0,0,0,0,3300,3,3,,POINT (-93.548325884942 41.600581825756)
2014790823,14-005416,03/13/2014,03-March,5-Thursday,03:23,0300 Hours,District 5 (Southeast),,MARION,IA 5,IA 5/IOWA 5,Collision with:  Animal,,,Animal,None Indicated,,,,,,,Paved,,Property Damage Only,0,0,0,0,0,0,3500,1,1,,POINT (-93.215374928143 41.332624711854)
2014791929,14001383,03/13/2014,03-March,5-Thursday,19:06,1900 Hours,District 2 (Northeast),,CERRO GORDO,US 18,US 18,Collision with fixed object:  Other fixed object (explain in narrative),Median,Non-collision (single vehicle),Ran off road - straight,None Indicated,,Dusk,Dry,Clear,None apparent,"Interchange-related:  Off-ramp, diverge area",Paved,,Minor Injury,0,1,0,1,0,0,7400,1,2,,POINT (-93.339734893243 43.100650807084)
2014791741,14-6031,03/13/2014,03-March,5-Thursday,13:01,1300 Hours,District 1 (Central),NEWTON,JASPER,,N 4TH AVE E & E 12TH ST N,Collision with:  Vehicle in traffic,On Roadway,Broadside (front to side),FTYROW:  From stop sign,None Indicated,,Daylight,Dry,Clear,None apparent,Intersection:  Four-way intersection,Paved,,Property Damage Only,0,0,0,0,0,0,3000,2,3,,POINT (-93.038676973546 41.702727685183)
2014792642,2014017287,03/13/2014,03-March,5-Thursday,15:28,1500 Hours,District 6 (East Central),NORTH LIBERTY,JOHNSON,,HWY 965 & GOLFVIEW DR,Collision with:  Vehicle in traffic,On Roadway,Rear-end (front to rear),Driver Distraction:  Manual operation of an electronic communication device,None Indicated,,Daylight,Dry,Clear,None apparent,Intersection:  Four-way intersection,Paved,,Property Damage Only,0,0,0,0,0,0,3500,2,2,,POINT (-91.607623775721 41.737117025924)
2014790829,14-001168,03/13/2014,03-March,5-Thursday,13:55,1300 Hours,District 1 (Central),ANKENY,POLK,I-35,I-35,Collision with:  Vehicle in traffic,On Roadway,Rear-end (front to rear),Followed too close,None Indicated,,Daylight,Dry,Clear,None apparent,Non-intersection:  Non-junction/no special feature,Paved,,Property Damage Only,0,0,0,0,0,0,5500,2,4,,POINT (-93.576272277688 41.682635635113)
2014790844,14-1249,03/13/2014,03-March,5-Thursday,22:25,2200 Hours,District 4 (Southwest),WEST DES MOINES,DALLAS,,BRIDGEWOOD BLVD & BRIDGEWOOD DR,Collision with:  Vehicle in traffic,On Roadway,Broadside (front to side),FTYROW:  From stop sign,None Indicated,,Dark - roadway lighted,Dry,Clear,None apparent,Intersection:  Four-way intersection,Paved,,Possible/Unknown,0,1,0,0,1,0,6000,2,5,,POINT (-93.81503111788 41.567835448666)
2014790965,2014002830,03/13/2014,03-March,5-Thursday,12:44,1200 Hours,District 6 (East Central),IOWA CITY,JOHNSON,US 6,US 6,Collision with:  Vehicle in traffic,On Roadway,Rear-end (front to rear),Followed too close,None Indicated,,Daylight,Dry,Clear,None apparent,Non-intersection:  Non-junction/no special feature,Paved,,Property Damage Only,0,0,0,0,0,0,1500,2,3,,POINT (-91.529677204701 41.644834870399)
2014791573,2014-4963,03/13/2014,03-March,5-Thursday,14:27,1400 Hours,District 6 (East Central),,SCOTT,,,Collision with fixed object:  Ditch,Shoulder,Non-collision (single vehicle),Ran off road - right,Alcohol (Statutory),,Daylight,Dry,Clear,None apparent,Non-intersection:  Non-junction/no special feature,,,Possible/Unknown,0,1,0,0,1,0,6000,1,2,,POINT (-96.643700149993 40.233091251414)
2014791044,20140006760,03/13/2014,03-March,5-Thursday,12:21,1200 Hours,District 1 (Central),DES MOINES,POLK,I-235,I-235,Collision with:  Vehicle in traffic,On Roadway,"Sideswipe, same direction",Improper or erratic lane changing,None Indicated,,Daylight,Dry,Clear,None apparent,Non-intersection:  Non-junction/no special feature,Paved,,Property Damage Only,0,0,0,0,0,0,4500,2,2,,POINT (-93.665956734933 41.593178165701)
2014791032,20140006729,03/13/2014,03-March,5-Thursday,06:40,0600 Hours,District 1 (Central),DES MOINES,POLK,US 6,US 6/E EUCLID AVE,Collision with:  Vehicle in traffic,On Roadway,Rear-end (front to rear),Followed too close,None Indicated,,Dark - roadway lighted,Dry,Clear,None apparent,Non-intersection:  Non-junction/no special feature,Paved,,Property Damage Only,0,0,0,0,0,0,3500,2,3,,POINT (-93.552745631242 41.627735457503)
2014792488,14003856,03/13/2014,03-March,5-Thursday,22:38,2200 Hours,District 2 (Northeast),MASON CITY,CERRO GORDO,,S VIRGINIA AVE,Collision with:  Parked motor vehicle,On Roadway,Rear-end (front to rear),Ran off road - right,Alcohol (< Statutory),,Dark - roadway not lighted,Dry,Cloudy,None apparent,Non-intersection:  Non-junction/no special feature,Paved,,Minor Injury,0,1,0,1,0,0,8000,2,1,,POINT (-93.186151006489 43.14149873199)
2014790843,14-1247,03/13/2014,03-March,5-Thursday,19:20,1900 Hours,District 1 (Central),WEST DES MOINES,POLK,,MILLS CIVIC PKWY & S 51ST ST,Collision with:  Vehicle in traffic,On Roadway,Broadside (front to side),Ran Traffic Signal,None Indicated,,Dusk,Dry,Clear,None apparent,Intersection:  Four-way intersection,Paved,,Possible/Unknown,0,1,0,0,1,0,6000,2,2,,POINT (-93.772781891069 41.559182971085)
2014791022,20140006791,03/13/2014,03-March,5-Thursday,16:50,1600 Hours,District 1 (Central),DES MOINES,POLK,I-235,I-235,Collision with:  Vehicle in traffic,On Roadway,Rear-end (front to rear),Followed too close,None Indicated,,Daylight,Dry,Cloudy,None apparent,Non-intersection:  Non-junction/no special feature,Paved,,Property Damage Only,0,0,0,0,0,0,2700,2,2,,POINT (-93.691758405979 41.592512400754)
2014790835,20140006756,03/13/2014,03-March,5-Thursday,11:35,1100 Hours,District 1 (Central),DES MOINES,POLK,US 69,US 69/SE 14TH ST,Collision with:  Vehicle in traffic,On Roadway,Rear-end (front to rear),Lost Control,None Indicated,,Daylight,Dry,Clear,None apparent,Non-intersection:  Non-junction/no special feature,Paved,,Property Damage Only,0,0,0,0,0,0,16400,4,5,,POINT (-93.59684651041 41.549007694988)
2014791373,14-08432,03/13/2014,03-March,5-Thursday,16:48,1600 Hours,District 5 (Southeast),BURLINGTON,DES MOINES,,NW BURLINGTON AVE & MT PLEASANT ST,Collision with:  Vehicle in traffic,On Roadway,Rear-end (front to rear),Followed too close,None Indicated,,Daylight,Dry,Cloudy,None apparent,Intersection:  Four-way intersection,Paved,,Possible/Unknown,0,1,0,0,1,0,1000,2,2,,POINT (-91.151036551414 40.825939812487)
2014791353,14003811,03/13/2014,03-March,5-Thursday,06:13,0600 Hours,District 2 (Northeast),MASON CITY,CERRO GORDO,,9TH ST NW & N MADISON AVE,Collision with:  Parked motor vehicle,On Roadway,Head-on (front to front),Crossed centerline (undivided),Drug,,Dark - roadway lighted,Dry,Clear,None apparent,Intersection:  Four-way intersection,Paved,,Property Damage Only,0,0,0,0,0,0,7500,2,1,,POINT (-93.207327254653 43.159967285173)
2014790838,20140006788,03/13/2014,03-March,5-Thursday,15:30,1500 Hours,District 1 (Central),DES MOINES,POLK,,JEFFERSON AVE & MLK JR PKWY,Collision with:  Vehicle in traffic,On Roadway,"Sideswipe, same direction",Lost Control,None Indicated,,Daylight,Unknown,Clear,Unknown,Intersection:  T-intersection,Paved,,Property Damage Only,0,0,0,0,0,0,2000,2,2,,POINT (-93.644603362845 41.610458636541)
2014820405,2014-30-AC,03/13/2014,03-March,5-Thursday,06:56,0600 Hours,District 3 (Northwest),,DICKINSON,US 71,US 71,Collision with:  Animal,On Roadway,Non-collision (single vehicle),Animal,None Indicated,,Dark - roadway not lighted,Dry,Clear,None apparent,Non-intersection:  Non-junction/no special feature,Paved,,Property Damage Only,0,0,0,0,0,0,4000,1,1,,POINT (-95.128372792241 43.399246303117)
2014791165,2014017148,03/13/2014,03-March,5-Thursday,06:25,0600 Hours,District 5 (Southeast),,MARION,IA 163,IA 163/IOWA 163,Collision with:  Animal,,,Animal,None Indicated,,,,,,,Paved,,Property Damage Only,0,0,0,0,0,0,5000,1,1,,POINT (-93.054199046906 41.479916587219)
2014790613,14-001162,03/13/2014,03-March,5-Thursday,07:10,0700 Hours,District 1 (Central),ANKENY,POLK,,NE 22ND ST & NE 66TH AVE & SE DELAWARE AVE & CORPORATE WOODS DR,Collision with:  Vehicle in traffic,On Roadway,"Angle, oncoming left turn",FTYROW:  Making left turn,None Indicated,,Dawn,Wet,Clear,None apparent,Intersection:  Four-way intersection,Paved,,Property Damage Only,0,0,0,0,0,0,7500,2,2,,POINT (-93.581336047618 41.680565517984)
2014790841,20140006727,03/13/2014,03-March,5-Thursday,03:15,0300 Hours,District 1 (Central),DES MOINES,POLK,I-235,I-235,Collision with:  Vehicle in traffic,On Roadway,Rear-end (front to rear),FTYROW:  Other (explain in narrative),None Indicated,,Dark - roadway lighted,Dry,Clear,None apparent,Non-intersection:  Non-junction/no special feature,Paved,,Possible/Unknown,0,1,0,0,1,0,10000,2,2,,POINT (-93.690209467323 41.592404616525)
2014791214,141749,03/13/2014,03-March,5-Thursday,05:30,0500 Hours,District 4 (Southwest),,DALLAS,I-80,I-80,Collision with fixed object:  Ditch,On Roadway,Non-collision (single vehicle),Ran off road - right,None Indicated,,Dark - roadway not lighted,Dry,Clear,None apparent,Non-intersection:  Non-junction/no special feature,Paved,,Property Damage Only,0,0,0,0,0,0,111706,1,1,,POINT (-94.182063518889 41.517891631207)
2014791324,2014017310,03/13/2014,03-March,5-Thursday,16:48,1600 Hours,District 6 (East Central),,JOHNSON,I-380,I-380,Collision with:  Vehicle in traffic,On Roadway,Rear-end (front to rear),Followed too close,None Indicated,,Daylight,Dry,Clear,None apparent,Non-intersection:  Non-junction/no special feature,Paved,,Property Damage Only,0,0,0,0,0,0,5500,3,5,,POINT (-91.668561170099 41.85771871597)