Iowa DOT Case Number,Law Enforcement Case Number,Date of Crash,Month of Crash,Day of Week,Time of Crash,Hour,DOT District,City Name,County Name,Route with System,Location Description,First Harmful Event,Location of First Harmful Event,Manner of Crash/Collision,Major Cause,Drug or Alcohol ,Environmental Conditions,Light Conditions,Surface Conditions,Weather Conditions,Roadway Contribution,Roadway Type,Roadway Surface,Work Zone,Crash Severity,Number of Fatalities,Number of Injuries,Number of Major Injuries,Number of Minor Injuries,Number of Possible Injuries,Number of Unknown Injuries,Amount of Property Damage,Number of Vehicles Involved,Total Number of Occupants,Travel Direction,Location
2014791192,,03/14/2014,03-March,6-Friday,18:00,1800 Hours,District 4 (Southwest),,RINGGOLD,,Co Rd J25/178TH ST/190TH AVE,Collision with:  Vehicle in traffic,On Roadway,"Angle, oncoming left turn",Swerving/Evasive Action,None Indicated,,Daylight,"Mud, dirt",Clear,None apparent,Non-intersection:  Driveway access (within),Unpaved,,Property Damage Only,0,0,0,0,0,0,4000,2,3,,POINT (-94.300223329326 40.786660455893)
2014790973,201400725,03/14/2014,03-March,6-Friday,07:14,0700 Hours,District 6 (East Central),,LINN,US 30,US 30 & PALISADES KEPLER,Collision with:  Animal,,,Animal,None Indicated,,,,,,,Paved,,Property Damage Only,0,0,0,0,0,0,4500,1,1,,POINT (-91.494181923849 41.91893418665)
2014791064,14-0572,03/14/2014,03-March,6-Friday,14:45,1400 Hours,District 1 (Central),URBANDALE,POLK,US 6,US 6/HICKMAN RD,Collision with:  Animal,On Roadway,Non-collision (single vehicle),Animal,None Indicated,,Daylight,Dry,Clear,None apparent,Non-intersection:  Non-junction/no special feature,Paved,,Property Damage Only,0,0,0,0,0,0,5000,1,1,,POINT (-93.747364741095 41.614862512639)
2014793270,,03/14/2014,03-March,6-Friday,07:00,0700 Hours,District 2 (Northeast),LANSING,ALLAMAKEE,IA 9,IA 9/IOWA 9,Collision with:  Animal,On Roadway,Non-collision (single vehicle),Animal,None Indicated,,,,,,Non-intersection:  Non-junction/no special feature,Paved,,Property Damage Only,0,0,0,0,0,0,6000,1,1,,POINT (-91.266440964478 43.365233941993)
2014790922,031414-189,03/14/2014,03-March,6-Friday,17:09,1700 Hours,District 3 (Northwest),STORM LAKE,BUENA VISTA,,LAKE AVE,Collision with:  Vehicle in traffic,On Roadway,Rear-end (front to rear),Followed too close,None Indicated,,Daylight,Dry,Clear,None apparent,Non-intersection:  Driveway access (within),Paved,,Property Damage Only,0,0,0,0,0,0,2000,2,4,,POINT (-95.200769297966 42.652620110202)
2014791069,14-1263,03/14/2014,03-March,6-Friday,17:11,1700 Hours,District 1 (Central),WEST DES MOINES,POLK,,MAPLE ST & 5TH ST,Collision with:  Vehicle in traffic,On Roadway,"Sideswipe, same direction",FTYROW:  From parked position,None Indicated,,Daylight,Dry,Cloudy,None apparent,Non-intersection:  Non-junction/no special feature,Paved,,Property Damage Only,0,0,0,0,0,0,1750,2,2,,POINT (-93.708885495799 41.571069915308)
2014790856,14-000307,03/14/2014,03-March,6-Friday,05:41,0500 Hours,District 1 (Central),,STORY,,Co Rd S14/620TH AVE,Non-collision events:  Overturn/rollover,Shoulder,Non-collision (single vehicle),Ran off road - left,None Indicated,,Dark - roadway not lighted,Dry,Clear,None apparent,Non-intersection:  Non-junction/no special feature,Paved,,Minor Injury,0,1,0,1,0,0,6000,1,1,,POINT (-93.46298747473 42.155615570029)
2014791369,14002044,03/14/2014,03-March,6-Friday,06:50,0600 Hours,District 6 (East Central),,DELAWARE,,Co Rd C64/145TH ST,Collision with:  Animal,,,Animal,None Indicated,,,,,,,Paved,,Property Damage Only,0,0,0,0,0,0,2500,1,1,,POINT (-91.556337834896 42.579412763037)
2014792456,2014017507,03/14/2014,03-March,6-Friday,16:50,1600 Hours,District 1 (Central),,POLK,I-35,I-35,Collision with:  Vehicle in traffic,On Roadway,Rear-end (front to rear),Followed too close,None Indicated,,Daylight,Dry,Cloudy,None apparent,Non-intersection:  Non-junction/no special feature,Paved,,Property Damage Only,0,0,0,0,0,0,5000,2,2,,POINT (-93.571208785204 41.8570089999)
2014791146,14-7592,03/14/2014,03-March,6-Friday,16:26,1600 Hours,District 3 (Northwest),SIOUX CITY,WOODBURY,,GLENN AVE & S ALICE ST,Collision with:  Vehicle in traffic,On Roadway,Broadside (front to side),FTYROW:  From stop sign,None Indicated,,Daylight,Dry,Clear,None apparent,Intersection:  Four-way intersection,Paved,,Property Damage Only,0,0,0,0,0,0,3500,2,2,,POINT (-96.36943729308 42.465302112857)
2014791102,2014-15517,03/14/2014,03-March,6-Friday,18:01,1800 Hours,District 6 (East Central),DAVENPORT,SCOTT,,W LOCUST ST,Collision with:  Vehicle in traffic,On Roadway,"Sideswipe, same direction",Other (explain in narrative):  Other,None Indicated,,Daylight,Dry,Clear,None apparent,Non-intersection:  Non-junction/no special feature,Paved,,Property Damage Only,0,0,0,0,0,0,3000,2,4,,POINT (-90.600190533744 41.538253671728)
2014792114,,03/14/2014,03-March,6-Friday,18:30,1800 Hours,District 6 (East Central),DE WITT,CLINTON,,5TH ST & 5TH AVE,Collision with:  Vehicle in traffic,On Roadway,Head-on (front to front),Other (explain in narrative):  Vision obstructed,None Indicated,,Daylight,Dry,Clear,None apparent,Non-intersection:  Non-junction/no special feature,Paved,,Possible/Unknown,0,1,0,0,1,0,3500,2,2,,POINT (-90.537431301217 41.82028806753)
2014791143,14-7580,03/14/2014,03-March,6-Friday,14:16,1400 Hours,District 3 (Northwest),SIOUX CITY,WOODBURY,,GLENN AVE & S RUSTIN ST,Collision with:  Vehicle in traffic,On Roadway,Broadside (front to side),FTYROW:  From stop sign,None Indicated,,Daylight,Dry,Clear,None apparent,Intersection:  T-intersection,Paved,,Property Damage Only,0,0,0,0,0,0,4000,2,4,,POINT (-96.371760403621 42.465305755067)
2014791522,14-002076,03/14/2014,03-March,6-Friday,15:00,1500 Hours,District 6 (East Central),MANCHESTER,DELAWARE,,CLARA AVE,Collision with:  Vehicle in traffic,On Roadway,"Sideswipe, same direction",Other (explain in narrative):  Other,None Indicated,,Daylight,Dry,Clear,None apparent,Non-intersection:  Non-junction/no special feature,Paved,,Property Damage Only,0,0,0,0,0,0,9000,2,2,,POINT (-91.456638204526 42.491803877815)
2014790870,14-0702,03/14/2014,03-March,6-Friday,08:00,0800 Hours,District 1 (Central),FORT DODGE,WEBSTER,,5TH AVE S,Non-collision events:  Overturn/rollover,On Roadway,"Sideswipe, opposite direction",Swerving/Evasive Action,None Indicated,,Daylight,Dry,Clear,None apparent,Non-intersection:  Non-junction/no special feature,Paved,,Minor Injury,0,1,0,1,0,0,13000,2,2,,POINT (-94.141629883006 42.501247444886)
2014791386,14-140314-01,03/14/2014,03-March,6-Friday,13:34,1300 Hours,District 6 (East Central),,IOWA,IA 212,IA 212/212 BLVD,Collision with:  Vehicle in traffic,On Roadway,Rear-end (front to rear),Driver Distraction:  Inattentive/lost in thought,None Indicated,,Daylight,Dry,Cloudy,None apparent,Non-intersection:  Non-junction/no special feature,Paved,,Possible/Unknown,0,2,0,0,2,0,10000,2,1,,POINT (-92.095987217761 41.797020810251)
2014790974,201400735,03/14/2014,03-March,6-Friday,21:42,2100 Hours,District 6 (East Central),,LINN,,Co Rd W36/COVINGTON RD & STONEY POINT RD NW & ROGERS RD,Collision with:  Vehicle in traffic,On Roadway,Broadside (front to side),FTYROW:  From stop sign,None Indicated,,Dark - roadway lighted,Dry,Clear,None apparent,Intersection:  Four-way intersection,Paved,,Possible/Unknown,0,1,0,0,1,0,11000,2,2,,POINT (-91.753876531383 41.993098988781)
2014791084,14-4819,03/14/2014,03-March,6-Friday,16:49,1600 Hours,District 6 (East Central),BETTENDORF,SCOTT,I-74,I-74 & US 67/STATE ST & 14TH ST,Collision with:  Vehicle in traffic,On Roadway,Broadside (front to side),Ran Traffic Signal,None Indicated,,Daylight,Dry,Cloudy,None apparent,Intersection:  Four-way intersection,Paved,,Possible/Unknown,0,1,0,0,1,0,5000,2,2,,POINT (-90.513078152607 41.525170747955)
2014792011,1403-026,03/14/2014,03-March,6-Friday,19:10,1900 Hours,District 3 (Northwest),,OSCEOLA,,Co Rd A22/170TH ST,Collision with:  Animal,On Roadway,Non-collision (single vehicle),Animal,None Indicated,,Dark - roadway not lighted,Dry,Cloudy,None apparent,Non-intersection:  Non-junction/no special feature,Paved,,Property Damage Only,0,0,0,0,0,0,4000,1,2,,POINT (-95.565160266034 43.402217561475)
2014791074,14-009939,03/14/2014,03-March,6-Friday,10:37,1000 Hours,District 4 (Southwest),COUNCIL BLUFFS,POTTAWATTAMIE,I-29,I-29,Collision with:  Vehicle in traffic,On Roadway,"Sideswipe, same direction",Improper or erratic lane changing,None Indicated,,Daylight,Dry,Clear,None apparent,Non-intersection:  Non-junction/no special feature,Paved,,Possible/Unknown,0,1,0,0,1,0,4500,2,2,,POINT (-95.89812452704 41.272694614356)
2014790871,14-0706,03/14/2014,03-March,6-Friday,14:15,1400 Hours,District 1 (Central),FORT DODGE,WEBSTER,,7TH AVE N,Collision with:  Vehicle in traffic,On Roadway,"Sideswipe, same direction",FTYROW:  Other (explain in narrative),None Indicated,,Daylight,Dry,Cloudy,None apparent,Non-intersection:  Non-junction/no special feature,Paved,,Property Damage Only,0,0,0,0,0,0,7000,2,2,,POINT (-94.183702108153 42.512798157216)
2014791121,14-001254,03/14/2014,03-March,6-Friday,09:20,0900 Hours,District 1 (Central),AMES,STORY,,5TH ST & KELLOGG AVE,Collision with:  Vehicle in traffic,On Roadway,Broadside (front to side),FTYROW:  From stop sign,None Indicated,,Daylight,Dry,Clear,None apparent,Intersection:  Four-way intersection,Paved,,Property Damage Only,0,0,0,0,0,0,3800,2,2,,POINT (-93.613740321741 42.025899469726)
2014791138,14-7550,03/14/2014,03-March,6-Friday,11:25,1100 Hours,District 3 (Northwest),SIOUX CITY,WOODBURY,,3RD ST & NEBRASKA ST,Collision with:  Vehicle in traffic,On Roadway,Broadside (front to side),Ran Traffic Signal,None Indicated,,Daylight,Dry,Clear,None apparent,Intersection:  Four-way intersection,Paved,,Property Damage Only,0,0,0,0,0,0,13000,3,3,,POINT (-96.403440744412 42.493083697929)
2014791237,C14000802,03/14/2014,03-March,6-Friday,17:30,1700 Hours,District 6 (East Central),CORALVILLE,JOHNSON,,CORAL RIDGE AVE,Collision with:  Vehicle in traffic,On Roadway,Rear-end (front to rear),Followed too close,None Indicated,,Daylight,Dry,Clear,None apparent,Non-intersection:  Non-junction/no special feature,Paved,,Property Damage Only,0,0,0,0,0,0,10500,3,3,,POINT (-91.608158239852 41.703447080048)
2014791434,14-000382,03/14/2014,03-March,6-Friday,16:12,1600 Hours,District 1 (Central),AMES,STORY,,MORRILL RD & PAMMEL DR,Collision with:  Non-motorist (see non-motorist section - NOT a unit),On Roadway,Non-collision (single vehicle),FTYROW:  To pedestrian,None Indicated,,Daylight,Dry,Clear,None apparent,Non-intersection:  Non-junction/no special feature,Paved,,Minor Injury,0,1,0,1,0,0,0,1,1,,POINT (-93.647984451815 42.030520759015)
2014806658,2014017526,03/14/2014,03-March,6-Friday,19:25,1900 Hours,District 3 (Northwest),,MONONA,I-29,I-29,Collision with:  Animal,,,Animal,None Indicated,,,,,,,Paved,,Property Damage Only,0,0,0,0,0,0,2500,1,1,,POINT (-96.104418806091 41.878747824172)
2014791332,,03/14/2014,03-March,6-Friday,23:00,2300 Hours,District 6 (East Central),,JOHNSON,,360TH ST,Non-collision events:  Overturn/rollover,On Roadway,Non-collision (single vehicle),Ran off road - left,None Indicated,,Dark - roadway not lighted,Dry,Unknown,None apparent,Non-intersection:  Other non-intersection (explain in narrative),Unpaved,,Possible/Unknown,0,1,0,0,1,0,4500,1,1,,POINT (-91.740639818931 41.672676746805)
2014791123,14-001263,03/14/2014,03-March,6-Friday,15:38,1500 Hours,District 1 (Central),AMES,STORY,,UNIVERSITY BLVD & S 4TH ST,Collision with:  Vehicle in traffic,On Roadway,Rear-end (front to rear),Other (explain in narrative):  Other,None Indicated,,Daylight,Dry,Cloudy,None apparent,Intersection:  Four-way intersection,Paved,,Property Damage Only,0,0,0,0,0,0,2200,2,3,,POINT (-93.632283833913 42.016287872545)
2014791113,14-2811,03/14/2014,03-March,6-Friday,06:37,0600 Hours,District 3 (Northwest),,SIOUX,,Co Rd B40/390TH ST,Collision with fixed object:  Bridge pier or support,Roadside,Non-collision (single vehicle),Ran off road - right,None Indicated,,Dawn,Dry,Clear,None apparent,Non-intersection:  Other non-intersection (explain in narrative),Paved,,Minor Injury,0,1,0,1,0,0,20200,1,1,,POINT (-96.235515614933 43.084132563653)
2014790894,W14-025172,03/14/2014,03-March,6-Friday,16:56,1600 Hours,District 2 (Northeast),WATERLOO,BLACK HAWK,,ADRIAN ST,Collision with:  Parked motor vehicle,On Roadway,"Sideswipe, same direction",Unknown,None Indicated,,Daylight,Dry,Clear,None apparent,Non-intersection:  Non-junction/no special feature,Paved,,Property Damage Only,0,0,0,0,0,0,3500,2,2,,POINT (-92.308770662342 42.490899234049)
2014791356,14003895,03/14/2014,03-March,6-Friday,17:30,1700 Hours,District 2 (Northeast),MASON CITY,CERRO GORDO,,12TH ST NW,Collision with:  Vehicle in traffic,On Roadway,Rear-end (front to rear),Followed too close,None Indicated,,Daylight,Dry,Clear,None apparent,Non-intersection:  Non-junction/no special feature,Paved,,Property Damage Only,0,0,0,0,0,0,3000,2,2,,POINT (-93.205675981312 43.162743753315)
2014791194,,03/14/2014,03-March,6-Friday,15:38,1500 Hours,District 2 (Northeast),HUMBOLDT,HUMBOLDT,,1ST AVE N & 5TH ST N,Collision with:  Vehicle in traffic,On Roadway,Broadside (front to side),FTYROW:  From stop sign,None Indicated,,Daylight,Dry,Clear,None apparent,Intersection:  Four-way intersection,Paved,,Property Damage Only,0,0,0,0,0,0,4500,2,2,,POINT (-94.214571024711 42.722267780084)
2014790937,140636,03/14/2014,03-March,6-Friday,15:30,1500 Hours,District 3 (Northwest),DENISON,CRAWFORD,,BROADWAY & S 16TH ST & N 16TH ST,Collision with:  Vehicle in traffic,On Roadway,Unknown,FTYROW:  From stop sign,None Indicated,,Daylight,Dry,Clear,None apparent,Intersection:  Four-way intersection,Paved,,Possible/Unknown,0,1,0,0,0,1,34500,2,2,,POINT (-95.349695835555 42.016732381707)
2014790969,2014002869,03/14/2014,03-March,6-Friday,13:14,1300 Hours,District 6 (East Central),IOWA CITY,JOHNSON,US 218,US 218/SW RAMP CURV/NW RAMP CURV & IA 1/IOWA 1,Collision with:  Vehicle in traffic,On Roadway,Broadside (front to side),Ran Traffic Signal,None Indicated,,Daylight,Dry,Cloudy,None apparent,Intersection:  Intersection with ramp,Paved,,Property Damage Only,0,0,0,0,0,0,7000,2,2,,POINT (-91.56911141055 41.632858059742)
2014791006,14-010524,03/14/2014,03-March,6-Friday,08:49,0800 Hours,District 5 (Southeast),MUSCATINE,MUSCATINE,US 61,US 61 & UNIVERSITY DR,Collision with:  Vehicle in traffic,On Roadway,"Angle, oncoming left turn",FTYROW:  Making left turn,None Indicated,,Daylight,Dry,Clear,None apparent,Intersection:  Four-way intersection,Paved,,Property Damage Only,0,0,0,0,0,0,3500,2,2,,POINT (-91.017576301043 41.459402957531)
2014791483,,03/14/2014,03-March,6-Friday,08:39,0800 Hours,District 5 (Southeast),CHARITON,LUCAS,IA 14,IA 14/S 7TH ST/N 7TH ST & COURT AVE & S 6TH ST,Collision with:  Vehicle in traffic,On Roadway,Broadside (front to side),Ran Stop Sign,None Indicated,,Daylight,Dry,Clear,None apparent,Intersection:  Four-way intersection,Paved,,Minor Injury,0,1,0,1,0,0,5500,2,2,,POINT (-93.303484997953 41.014436472485)
2014792867,2014017508,03/14/2014,03-March,6-Friday,16:50,1600 Hours,District 1 (Central),,POLK,I-235,I-235,Collision with:  Vehicle in traffic,On Roadway,Rear-end (front to rear),Followed too close,None Indicated,,Daylight,Dry,Clear,None apparent,Non-intersection:  Non-junction/no special feature,Paved,,Property Damage Only,0,0,0,0,0,0,5500,2,3,,POINT (-93.575693964205 41.644700446829)
2014798044,14-001747,03/14/2014,03-March,6-Friday,12:05,1200 Hours,District 2 (Northeast),,CLAYTON,US 18,US 18,Collision with:  Vehicle in traffic,On Roadway,"Sideswipe, opposite direction",Crossed centerline (undivided),None Indicated,,Daylight,Dry,Cloudy,None apparent,Non-intersection:  Non-junction/no special feature,Paved,,Property Damage Only,0,0,0,0,0,0,2500,2,3,,POINT (-91.479931529702 43.051878401716)
2014794466,,03/14/2014,03-March,6-Friday,21:05,2100 Hours,District 2 (Northeast),,WINNESHIEK,US 52,US 52,Collision with:  Animal,On Roadway,Non-collision (single vehicle),Animal,None Indicated,,Dark - roadway not lighted,Dry,Clear,None apparent,Non-intersection:  Non-junction/no special feature,Paved,,Property Damage Only,0,0,0,0,0,0,2500,1,2,,POINT (-91.870100079796 43.473676857333)
2014791114,14-0001267,03/14/2014,03-March,6-Friday,16:39,1600 Hours,District 1 (Central),AMES,STORY,,UNIVERSITY BLVD,Collision with:  Vehicle in traffic,On Roadway,Rear-end (front to rear),Driving too fast for conditions,None Indicated,,Daylight,Dry,Clear,None apparent,Non-intersection:  Non-junction/no special feature,Paved,,Property Damage Only,0,0,0,0,0,0,4300,2,4,,POINT (-93.639419382947 42.005197257926)
2014793048,03141417,03/14/2014,03-March,6-Friday,16:59,1600 Hours,District 5 (Southeast),OSCEOLA,CLARKE,US 69,US 69/N MAIN ST & W SHAW ST & E SHAW ST,Collision with:  Vehicle in traffic,On Roadway,Rear-end (front to rear),Other (explain in narrative):  Other,None Indicated,,Daylight,Dry,Clear,None apparent,Non-intersection:  Non-junction/no special feature,Paved,,Property Damage Only,0,0,0,0,0,0,5000,2,4,,POINT (-93.765472482072 41.042813620098)
2014790896,W14-025272,03/14/2014,03-March,6-Friday,21:19,2100 Hours,District 2 (Northeast),WATERLOO,BLACK HAWK,,FRANKLIN ST,Collision with fixed object:  Guardrail - face,On Roadway,Non-collision (single vehicle),Swerving/Evasive Action,None Indicated,,Dark - roadway not lighted,Wet,Clear,None apparent,Non-intersection:  Other non-intersection (explain in narrative),Paved,,Property Damage Only,0,0,0,0,0,0,1900,1,2,,POINT (-92.324699664756 42.49539805324)
2014791140,14-7573,03/14/2014,03-March,6-Friday,13:31,1300 Hours,District 3 (Northwest),SIOUX CITY,WOODBURY,,12TH ST & COURT ST,Collision with:  Vehicle in traffic,On Roadway,Broadside (front to side),FTYROW:  From stop sign,None Indicated,,Daylight,Dry,Clear,None apparent,Intersection:  Four-way intersection,Paved,,Possible/Unknown,0,1,0,0,1,0,10300,2,3,,POINT (-96.396480872386 42.502961223071)
2014791139,14-7556,03/14/2014,03-March,6-Friday,11:53,1100 Hours,District 3 (Northwest),SIOUX CITY,WOODBURY,,W 7TH ST & HAMILTON BLVD,Collision with:  Vehicle in traffic,On Roadway,Head-on (front to front),FTYROW:  Making left turn,None Indicated,,Daylight,Dry,Clear,None apparent,Intersection:  Four-way intersection,Paved,,Possible/Unknown,0,1,0,0,1,0,8000,2,2,,POINT (-96.418484388662 42.503215699641)
2014790948,01-14-10569,03/14/2014,03-March,6-Friday,16:32,1600 Hours,District 6 (East Central),DUBUQUE,DUBUQUE,,CENTRAL AVE,Collision with:  Vehicle in traffic,On Roadway,Broadside (front to side),FTYROW:  From driveway,None Indicated,,Daylight,Dry,Cloudy,None apparent,Non-intersection:  Driveway access (within),Paved,,Property Damage Only,0,0,0,0,0,0,2000,2,2,,POINT (-90.664723639572 42.500768013363)
2014791077,14-010114,03/14/2014,03-March,6-Friday,01:30,0100 Hours,District 4 (Southwest),COUNCIL BLUFFS,POTTAWATTAMIE,I-29,I-29 & NEBRASKA AVE & RIVER RD,Collision with:  Vehicle in traffic,On Roadway,"Angle, oncoming left turn",FTYROW:  Making left turn,None Indicated,,Dark - roadway lighted,Unknown,Unknown,None apparent,Intersection:  Four-way intersection,Paved,,Property Damage Only,0,0,0,0,0,0,1500,2,2,,POINT (-95.906787287178 41.241134083759)
2014791663,14-000383,03/14/2014,03-March,6-Friday,19:30,1900 Hours,District 1 (Central),AMES,STORY,,BISSELL RD & UNION DR,Collision with:  Non-motorist (see non-motorist section - NOT a unit),On Roadway,Non-collision (single vehicle),FTYROW:  To pedestrian,None Indicated,,Dusk,Dry,Clear,None apparent,Non-intersection:  Non-junction/no special feature,Paved,,Possible/Unknown,0,1,0,0,1,0,0,1,1,,POINT (-93.651906226919 42.025364810889)
2014791136,14-7535,03/14/2014,03-March,6-Friday,09:41,0900 Hours,District 3 (Northwest),SIOUX CITY,WOODBURY,,PIERCE ST,Collision with:  Vehicle in traffic,On Roadway,Broadside (front to side),FTYROW:  From driveway,None Indicated,,Daylight,Dry,Clear,None apparent,Non-intersection:  Driveway access (within),Paved,,Property Damage Only,0,0,0,0,0,0,4500,2,2,,POINT (-96.405089803227 42.512466311359)
2014791122,14-001259,03/14/2014,03-March,6-Friday,12:16,1200 Hours,District 1 (Central),AMES,STORY,,S 16TH ST,Collision with:  Vehicle in traffic,On Roadway,"Angle, oncoming left turn",FTYROW:  Making left turn,None Indicated,,Daylight,Dry,Clear,None apparent,Non-intersection:  Driveway access (within),Paved,,Property Damage Only,0,0,0,0,0,0,3000,2,3,,POINT (-93.610794262654 42.008370353788)
2014791075,14-009948,03/14/2014,03-March,6-Friday,12:15,1200 Hours,District 4 (Southwest),COUNCIL BLUFFS,POTTAWATTAMIE,,COLLEGE RD,Collision with:  Vehicle in traffic,On Roadway,Head-on (front to front),Crossed centerline (undivided),None Indicated,,Daylight,Dry,Clear,None apparent,Non-intersection:  Non-junction/no special feature,Paved,,Possible/Unknown,0,1,0,0,1,0,1500,2,2,,POINT (-95.806383574784 41.268817958841)
2014791145,14-7586,03/14/2014,03-March,6-Friday,15:34,1500 Hours,District 3 (Northwest),SIOUX CITY,WOODBURY,IA 12,IA 12/GORDON DR & S FAIRMOUNT ST,Non-collision events:  Other non-collision (explain in narrative),On Roadway,Non-collision (single vehicle),Unknown,None Indicated,,Daylight,Dry,Clear,None apparent,Intersection:  Four-way intersection,Paved,,Possible/Unknown,0,1,0,0,1,0,500,2,2,,POINT (-96.374456827113 42.489889701193)
2014792868,2014017516,03/14/2014,03-March,6-Friday,17:00,1700 Hours,District 1 (Central),ANKENY,POLK,I-35,I-35 & I-80,Collision with:  Vehicle in traffic,On Roadway,Rear-end (front to rear),Followed too close,None Indicated,,Daylight,Dry,Clear,None apparent,Interchange-related:  On-ramp,Paved,,Property Damage Only,0,0,0,0,0,0,3000,2,2,,POINT (-93.575400092734 41.652159852885)
2014790890,W14-025046,03/14/2014,03-March,6-Friday,10:56,1000 Hours,District 2 (Northeast),WATERLOO,BLACK HAWK,,FLETCHER AVE,Collision with:  Vehicle in traffic,On Roadway,Broadside (front to side),FTYROW:  From driveway,None Indicated,,Daylight,Dry,Cloudy,None apparent,Non-intersection:  Driveway access (within),Paved,,Property Damage Only,0,0,0,0,0,0,3600,2,2,,POINT (-92.367166222555 42.48865187973)
2014790968,2014002858,03/14/2014,03-March,6-Friday,08:22,0800 Hours,District 6 (East Central),IOWA CITY,JOHNSON,US 6,US 6/S RIVERSIDE DR & MYRTLE AVE,Collision with:  Vehicle in traffic,On Roadway,Broadside (front to side),FTYROW:  From stop sign,None Indicated,,Daylight,Dry,Cloudy,None apparent,Intersection:  T-intersection,Paved,,Possible/Unknown,0,1,0,0,1,0,8000,2,6,,POINT (-91.540452745457 41.653672864593)
2014791404,14032022,03/14/2014,03-March,6-Friday,12:35,1200 Hours,District 4 (Southwest),CLARINDA,PAGE,US 71,US 71,Collision with:  Vehicle in traffic,On Roadway,Rear-end (front to rear),Other (explain in narrative):  Other,None Indicated,,Daylight,Dry,Clear,None apparent,Non-intersection:  Non-junction/no special feature,Paved,,Property Damage Only,0,0,0,0,0,0,3000,2,2,,POINT (-95.015569506352 40.732593470667)
2014792047,S79140084,03/14/2014,03-March,6-Friday,11:45,1100 Hours,District 1 (Central),GRINNELL,POWESHIEK,,Co Rd F27/375TH AVE,Non-collision events:  Overturn/rollover,Shoulder,Non-collision (single vehicle),Over correcting/over steering,None Indicated,,Daylight,Dry,Cloudy,"Shoulders (none, low, soft, high)",Non-intersection:  Driveway access (within),Paved,,Property Damage Only,0,0,0,0,0,0,15000,1,1,,POINT (-92.755739170264 41.753472736316)
2014798713,S14-C1401,03/14/2014,03-March,6-Friday,20:30,2000 Hours,District 5 (Southeast),,CLARKE,US 69,US 69,Collision with:  Animal,,,Animal,None Indicated,,,,,,,Paved,,Property Damage Only,0,0,0,0,0,0,1500,1,1,,POINT (-93.75929470689 41.075688780208)
2014791188,,03/14/2014,03-March,6-Friday,05:30,0500 Hours,District 4 (Southwest),,ADAIR,,Co Rd P33/HENRY A WALLACE RD,Collision with:  Animal,On Roadway,Non-collision (single vehicle),Animal,None Indicated,,Dark - roadway not lighted,Dry,Clear,None apparent,Non-intersection:  Non-junction/no special feature,Paved,,Property Damage Only,0,0,0,0,0,0,4000,1,1,,POINT (-94.356814687655 41.236933555068)
2014791120,14-001251,03/14/2014,03-March,6-Friday,08:30,0800 Hours,District 1 (Central),AMES,STORY,,20TH ST,Collision with:  Vehicle in traffic,On Roadway,Rear-end (front to rear),Driving too fast for conditions,None Indicated,,Daylight,Dry,Clear,None apparent,Intersection:  Four-way intersection,Paved,,Property Damage Only,0,0,0,0,0,0,3000,2,3,,POINT (-93.61690463843 42.042085305484)
2014791036,20140006862,03/14/2014,03-March,6-Friday,10:00,1000 Hours,District 1 (Central),DES MOINES,POLK,,34TH ST,Collision with:  Parked motor vehicle,On Roadway,Broadside (front to side),Unknown,None Indicated,,Daylight,Dry,Cloudy,None apparent,Non-intersection:  Non-junction/no special feature,Paved,,Property Damage Only,0,0,0,0,0,0,1700,2,1,,POINT (-93.664706431828 41.630349132576)
2014791765,14003114,03/14/2014,03-March,6-Friday,21:07,2100 Hours,District 4 (Southwest),,MILLS,,Co Rd L35/221ST ST & ASHTON RD,Collision with:  Animal,On Roadway,Non-collision (single vehicle),Animal,None Indicated,,Dark - roadway not lighted,Dry,Clear,None apparent,Intersection:  T-intersection,Paved,,Major Injury,0,1,1,0,0,0,4000,1,1,,POINT (-95.774231038921 41.138327980216)
2014791046,20140006858,03/14/2014,03-March,6-Friday,10:21,1000 Hours,District 1 (Central),DES MOINES,POLK,,ARMY POST RD & FLEUR DR,Collision with:  Vehicle in traffic,On Roadway,Broadside (front to side),Crossed centerline (undivided),None Indicated,,Daylight,Dry,Clear,None apparent,Intersection:  Four-way intersection,Paved,,Minor Injury,0,2,0,2,0,0,12200,2,2,,POINT (-93.644962920881 41.52599537776)
2014790978,201403615,03/14/2014,03-March,6-Friday,11:13,1100 Hours,District 6 (East Central),CEDAR RAPIDS,LINN,I-380,I-380 & CENTER POINT RD NE,Collision with:  Vehicle in traffic,On Roadway,Broadside (front to side),Ran Traffic Signal,None Indicated,,Daylight,Dry,Clear,None apparent,Intersection:  Four-way intersection,Paved,,Property Damage Only,0,0,0,0,0,0,6000,2,3,,POINT (-91.66799829641 42.027934921354)
2014791168,2014017400,03/14/2014,03-March,6-Friday,06:55,0600 Hours,District 6 (East Central),,JOHNSON,I-80,I-80,Collision with:  Vehicle in traffic,On Roadway,Rear-end (front to rear),Followed too close,None Indicated,,Dawn,Dry,Clear,None apparent,Non-intersection:  Non-junction/no special feature,Paved,,Possible/Unknown,0,1,0,0,1,0,53000,3,3,,POINT (-91.769793133138 41.689195990523)
2014792093,2014017510,03/14/2014,03-March,6-Friday,17:00,1700 Hours,District 1 (Central),,POLK,I-35,I-35,Collision with:  Vehicle in traffic,On Roadway,Rear-end (front to rear),Followed too close,None Indicated,,Daylight,Dry,Cloudy,Obstruction in roadway,Non-intersection:  Non-junction/no special feature,Paved,,Property Damage Only,0,0,0,0,0,0,10000,2,2,,POINT (-93.597970095364 41.65001803931)