Iowa DOT Case Number,Law Enforcement Case Number,Date of Crash,Month of Crash,Day of Week,Time of Crash,Hour,DOT District,City Name,County Name,Route with System,Location Description,First Harmful Event,Location of First Harmful Event,Manner of Crash/Collision,Major Cause,Drug or Alcohol ,Environmental Conditions,Light Conditions,Surface Conditions,Weather Conditions,Roadway Contribution,Roadway Type,Roadway Surface,Work Zone,Crash Severity,Number of Fatalities,Number of Injuries,Number of Major Injuries,Number of Minor Injuries,Number of Possible Injuries,Number of Unknown Injuries,Amount of Property Damage,Number of Vehicles Involved,Total Number of Occupants,Travel Direction,Location
2014790837,20140006830,03/14/2014,03-March,6-Friday,23:40,2300 Hours,District 1 (Central),DES MOINES,POLK,US 69,US 69/SE 14TH ST & MAURY ST,Collision with fixed object:  Curb/island/raised median,On Roadway,Non-collision (single vehicle),Over correcting/over steering,None Indicated,,Dark - roadway lighted,Dry,Cloudy,None apparent,Non-intersection:  Non-junction/no special feature,Paved,,Possible/Unknown,0,1,0,0,1,0,6000,1,1,,POINT (-93.596819275309 41.581235928131)
2014790893,W14-025167,03/14/2014,03-March,6-Friday,17:19,1700 Hours,District 2 (Northeast),WATERLOO,BLACK HAWK,US 218,US 218/WASHINGTON ST & WISCONSIN ST,Collision with:  Vehicle in traffic,On Roadway,Rear-end (front to rear),Followed too close,None Indicated,,Daylight,Dry,Clear,None apparent,Non-intersection:  Non-junction/no special feature,Paved,,Possible/Unknown,0,1,0,0,1,0,8900,3,6,,POINT (-92.32556872775 42.482470782377)
2014791248,1400678,03/14/2014,03-March,6-Friday,19:46,1900 Hours,District 5 (Southeast),KEOKUK,LEE,US 61,US 61 & JOHNSON ST RD,Collision with:  Animal,,,Animal,None Indicated,,,,,,,Paved,,Property Damage Only,0,0,0,0,0,0,1500,1,1,,POINT (-91.426344277192 40.410841011833)
2014792366,14036315,03/14/2014,03-March,6-Friday,06:25,0600 Hours,District 6 (East Central),,JOHNSON,I-80,I-80,Collision with:  Vehicle in traffic,On Roadway,Rear-end (front to rear),Ran off road - left,None Indicated,,Dark - roadway not lighted,Dry,Clear,None apparent,Non-intersection:  Non-junction/no special feature,Paved,,Property Damage Only,0,0,0,0,0,0,22000,2,3,,POINT (-91.786574936322 41.687528007311)
2014790936,140635,03/14/2014,03-March,6-Friday,13:30,1300 Hours,District 3 (Northwest),DENISON,CRAWFORD,,1ST AVE N & N MAIN ST,Collision with:  Vehicle in traffic,On Roadway,Broadside (front to side),Improper Backing,None Indicated,,Daylight,Dry,Clear,None apparent,Non-intersection:  Non-junction/no special feature,Paved,,Property Damage Only,0,0,0,0,0,0,5000,2,2,,POINT (-95.355303888359 42.017833171688)
2014790981,201403637,03/14/2014,03-March,6-Friday,16:03,1600 Hours,District 6 (East Central),CEDAR RAPIDS,LINN,,WILSON AVE SW,Collision with:  Vehicle in traffic,On Roadway,Rear-end (front to rear),Other (explain in narrative):  Other,None Indicated,,Daylight,Dry,Clear,None apparent,Non-intersection:  Non-junction/no special feature,Paved,,Possible/Unknown,0,1,0,0,1,0,10000,3,4,,POINT (-91.70122461346 41.95632733368)
2014791073,14-000529,03/14/2014,03-March,6-Friday,12:50,1200 Hours,District 1 (Central),ALTOONA,POLK,,9TH ST SE & 1ST AVE S,Collision with:  Vehicle in traffic,On Roadway,"Angle, oncoming left turn",FTYROW:  Making left turn,None Indicated,,Daylight,Dry,Clear,None apparent,Intersection:  Four-way intersection,Paved,,Property Damage Only,0,0,0,0,0,0,2300,2,3,,POINT (-93.464604865527 41.642726163869)
2014792092,2014017434,03/14/2014,03-March,6-Friday,11:00,1100 Hours,District 6 (East Central),ELDRIDGE,SCOTT,,S SCOTT PARK RD,Collision with fixed object:  Ditch,On Roadway,Non-collision (single vehicle),"Operating vehicle in an reckless, erratic, careless, negligent manner",Refused,,Daylight,Dry,Clear,None apparent,Non-intersection:  Non-junction/no special feature,Paved,,Possible/Unknown,0,1,0,0,1,0,1000,1,1,,POINT (-90.557191822819 41.644180829003)
2014791087,2014-15519,03/14/2014,03-March,6-Friday,18:02,1800 Hours,District 6 (East Central),DAVENPORT,SCOTT,,E 53RD ST,Collision with:  Vehicle in traffic,On Roadway,Rear-end (front to rear),Followed too close,None Indicated,,Daylight,Dry,Cloudy,None apparent,Non-intersection:  Non-junction/no special feature,Paved,,Property Damage Only,0,0,0,0,0,0,2200,2,3,,POINT (-90.542672380954 41.574738883599)
2014791217,2014-0949,03/14/2014,03-March,6-Friday,08:51,0800 Hours,District 4 (Southwest),WAUKEE,DALLAS,US 6,US 6/HICKMAN AVE & 4TH ST,Collision with:  Vehicle in traffic,On Roadway,Broadside (front to side),Ran Traffic Signal,None Indicated,,Daylight,Dry,Clear,None apparent,Intersection:  Four-way intersection,Paved,,Property Damage Only,0,0,0,0,0,0,3700,2,2,,POINT (-93.882526053753 41.614967167387)
2014792242,2014-15502,03/14/2014,03-March,6-Friday,17:25,1700 Hours,District 6 (East Central),DAVENPORT,SCOTT,US 6,US 6/E KIMBERLY RD & EASTERN AVE,Collision with:  Vehicle in traffic,On Roadway,Rear-end (front to rear),Followed too close,None Indicated,,Daylight,Dry,Cloudy,None apparent,Non-intersection:  Non-junction/no special feature,Paved,,Property Damage Only,0,0,0,0,0,0,10500,3,5,,POINT (-90.551394148392 41.55690335035)
2014791298,14-002724,03/14/2014,03-March,6-Friday,20:01,2000 Hours,District 1 (Central),DYSART,TAMA,IA 21,IA 21/IOWA 21 & 115TH ST,Collision with:  Animal,,Non-collision (single vehicle),Animal,None Indicated,,,,,,,Paved,,Property Damage Only,0,0,0,0,0,0,1500,1,1,,POINT (-92.347820394864 42.276055602119)
2014791027,20140006881,03/14/2014,03-March,6-Friday,14:11,1400 Hours,District 1 (Central),DES MOINES,POLK,,FOREST AVE & MLK JR PKWY,Collision with:  Vehicle in traffic,On Roadway,Broadside (front to side),Ran Traffic Signal,None Indicated,,Daylight,Dry,Clear,None apparent,Intersection:  Four-way intersection,Paved,,Property Damage Only,0,0,0,0,0,0,3300,2,2,,POINT (-93.643867719703 41.604067636187)
2014791016,14-001186,03/14/2014,03-March,6-Friday,12:20,1200 Hours,District 1 (Central),ANKENY,POLK,IA 160,IA 160/SE ORALABOR RD & SE PDI PL,Collision with:  Vehicle in traffic,On Roadway,Rear-end (front to rear),Other (explain in narrative):  Other,None Indicated,,Daylight,Dry,Clear,None apparent,Non-intersection:  Non-junction/no special feature,Paved,,Possible/Unknown,0,1,0,0,1,0,100,2,4,,POINT (-93.584457819892 41.702905302246)
2014791209,14-001940,03/14/2014,03-March,6-Friday,15:40,1500 Hours,District 4 (Southwest),ATLANTIC,CASS,,8TH ST & PLUM ST,Collision with:  Vehicle in traffic,On Roadway,Broadside (front to side),FTYROW:  From stop sign,None Indicated,,Daylight,Dry,Clear,None apparent,Intersection:  Four-way intersection,Paved,,Property Damage Only,0,0,0,0,0,0,8000,2,2,,POINT (-94.996399080425 41.402877223055)
2014792067,201400012484,03/14/2014,03-March,6-Friday,16:20,1600 Hours,District 5 (Southeast),OTTUMWA,WAPELLO,IA 149,IA 149/KITTERMAN AVE/WAPELLO ST & W 4TH ST,Collision with:  Vehicle in traffic,On Roadway,"Angle, oncoming left turn",Unknown,None Indicated,,Daylight,Dry,Clear,None apparent,Non-intersection:  Non-junction/no special feature,Paved,,Property Damage Only,0,0,0,0,0,0,3000,2,2,,POINT (-92.414286208149 41.022220882823)
2014791047,20140006930,03/14/2014,03-March,6-Friday,20:32,2000 Hours,District 1 (Central),DES MOINES,POLK,,IOLA AVE & 35TH ST,Collision with:  Vehicle in traffic,On Roadway,Broadside (front to side),FTYROW:  From stop sign,None Indicated,,Dark - roadway lighted,Dry,Clear,None apparent,Intersection:  Four-way intersection,Paved,,Property Damage Only,0,0,0,0,0,0,6500,2,2,,POINT (-93.664230812714 41.594530228418)
2014792068,201400012544,03/14/2014,03-March,6-Friday,22:30,2200 Hours,District 5 (Southeast),OTTUMWA,WAPELLO,,STELLER AVE & CENTER AVE & N IOWA AVE & MORRELL DR,Collision with fixed object:  Ditch,Roadside,Non-collision (single vehicle),Crossed centerline (undivided),None Indicated,,Dark - roadway lighted,Dry,Clear,None apparent,Non-intersection:  Non-junction/no special feature,Paved,,Property Damage Only,0,0,0,0,0,0,5050,1,1,,POINT (-92.395591751139 41.01664741863)
2014846049,2014017512,03/14/2014,03-March,6-Friday,17:15,1700 Hours,District 1 (Central),,POLK,I-35,I-35,Collision with:  Vehicle in traffic,On Roadway,Rear-end (front to rear),Followed too close,None Indicated,,Daylight,Dry,Clear,None apparent,Interchange-related:  On-ramp merge area,Paved,,Property Damage Only,0,0,0,0,0,0,3000,2,2,,POINT (-93.591080262218 41.650386942368)
2014791119,14-001250,03/14/2014,03-March,6-Friday,07:30,0700 Hours,District 1 (Central),AMES,STORY,,13TH ST & KELLOGG AVE,Collision with:  Vehicle in traffic,On Roadway,"Angle, oncoming left turn",FTYROW:  Making left turn,None Indicated,,Daylight,Dry,Clear,None apparent,Intersection:  Four-way intersection,Paved,,Property Damage Only,0,0,0,0,0,0,14000,2,2,,POINT (-93.613920316501 42.034562822359)
2014791220,14-008541,03/14/2014,03-March,6-Friday,14:22,1400 Hours,District 5 (Southeast),WEST BURLINGTON,DES MOINES,,NW BURLINGTON AVE & MT PLEASANT ST,Collision with:  Vehicle in traffic,On Roadway,Broadside (front to side),Ran Traffic Signal,None Indicated,,Daylight,Dry,Clear,None apparent,Intersection:  Four-way intersection,Paved,,Possible/Unknown,0,1,0,0,1,0,3000,2,4,,POINT (-91.151023698431 40.825975638577)
2014791017,14-001187,03/14/2014,03-March,6-Friday,12:57,1200 Hours,District 1 (Central),ANKENY,POLK,US 69,US 69/S ANKENY BLVD & SW 3RD ST & SE 3RD ST,Collision with:  Vehicle in traffic,On Roadway,"Angle, oncoming left turn",FTYROW:  Making left turn,None Indicated,,Daylight,Dry,Clear,None apparent,Intersection:  Four-way intersection,Paved,,Property Damage Only,0,0,0,0,0,0,4000,2,2,,POINT (-93.600367019754 41.729619283243)
2014790891,W14-025067,03/14/2014,03-March,6-Friday,12:26,1200 Hours,District 2 (Northeast),WATERLOO,BLACK HAWK,,BROADWAY ST & BURTON AVE,Collision with:  Vehicle in traffic,On Roadway,"Angle, oncoming left turn",FTYROW:  Making left turn,None Indicated,,Daylight,Dry,Cloudy,None apparent,Intersection:  Four-way intersection,Paved,,Property Damage Only,0,0,0,0,0,0,2000,2,2,,POINT (-92.357497507761 42.523819844761)
2014791034,20140006854,03/14/2014,03-March,6-Friday,09:25,0900 Hours,District 1 (Central),DES MOINES,POLK,,EASTON BLVD & E 38TH ST,Collision with fixed object:  Utility pole/light support,Shoulder,Non-collision (single vehicle),Other (explain in narrative):  Other,None Indicated,,Daylight,Dry,Clear,None apparent,Intersection:  Four-way intersection,Paved,,Property Damage Only,0,0,0,0,0,0,20000,1,1,,POINT (-93.541895226125 41.615077938676)
2014791958,01-14-10535,03/14/2014,03-March,6-Friday,13:41,1300 Hours,District 6 (East Central),DUBUQUE,DUBUQUE,,TIMBERLINE ST,Collision with:  Parked motor vehicle,On Roadway,Unknown,FTYROW:  From driveway,None Indicated,,Daylight,Dry,"Blowing sand, soil, dirt",None apparent,Non-intersection:  Driveway access (within),Paved,,Property Damage Only,0,0,0,0,0,0,4500,2,1,,POINT (-90.687798276742 42.523848207164)
2014790953,02-14-4287,03/14/2014,03-March,6-Friday,05:00,0500 Hours,District 6 (East Central),,DUBUQUE,,GIRL SCOUT RD,Collision with:  Animal,,,Animal,None Indicated,,,,,,,Paved,,Property Damage Only,0,0,0,0,0,0,2500,1,1,,POINT (-90.945831603568 42.511998303873)
2014790895,W14-025208,03/14/2014,03-March,6-Friday,19:03,1900 Hours,District 2 (Northeast),WATERLOO,BLACK HAWK,,FLAMMANG DR & FRONTAGE RD,Collision with:  Vehicle in traffic,On Roadway,"Sideswipe, same direction",Crossed centerline (undivided),None Indicated,,Daylight,Dry,Clear,None apparent,Non-intersection:  Non-junction/no special feature,Paved,,Property Damage Only,0,0,0,0,0,0,2250,2,4,,POINT (-92.331516323362 42.460945576311)
2014790947,01-14-10477,03/14/2014,03-March,6-Friday,06:26,0600 Hours,District 6 (East Central),DUBUQUE,DUBUQUE,,JACKSON ST,Collision with:  Vehicle in traffic,On Roadway,"Sideswipe, same direction",Lost Control,None Indicated,,Dark - roadway lighted,Dry,Cloudy,None apparent,Non-intersection:  Non-junction/no special feature,Paved,,Possible/Unknown,0,1,0,0,1,0,10000,2,1,,POINT (-90.668633297502 42.512140187897)
2014791337,,03/14/2014,03-March,6-Friday,06:45,0600 Hours,District 3 (Northwest),,PLYMOUTH,,314TH ST,Collision with fixed object:  Tree,Roadside,Non-collision (single vehicle),Unknown,None Indicated,,Dark - roadway not lighted,"Mud, dirt",Clear,,,Unpaved,,Property Damage Only,0,0,0,0,0,0,5000,1,1,,POINT (-96.498126311557 42.600487708335)
2014791355,14003883,03/14/2014,03-March,6-Friday,13:13,1300 Hours,District 2 (Northeast),MASON CITY,CERRO GORDO,US 65,US 65/S FEDERAL AVE & 19TH ST SE & 19TH ST SW,Collision with fixed object:  Utility pole/light support,On Roadway,Non-collision (single vehicle),Over correcting/over steering,None Indicated,,Daylight,Dry,Cloudy,None apparent,Non-intersection:  Non-junction/no special feature,Paved,,Minor Injury,0,1,0,1,0,0,5200,1,1,,POINT (-93.201053583349 43.13359425584)
2014791142,14-7576,03/14/2014,03-March,6-Friday,13:55,1300 Hours,District 3 (Northwest),SIOUX CITY,WOODBURY,I-29,I-29 & IA 376/SINGING HILLS BLVD,Collision with:  Vehicle in traffic,On Roadway,"Sideswipe, same direction",Other (explain in narrative):  Other,None Indicated,,Daylight,Dry,Clear,None apparent,Non-intersection:  Non-junction/no special feature,Paved,,Property Damage Only,0,0,0,0,0,0,2000,2,2,,POINT (-96.375122763639 42.434420119553)
2014793994,14-001265,03/14/2014,03-March,6-Friday,16:09,1600 Hours,District 1 (Central),AMES,STORY,US 69,US 69/S DUFF AVE,Collision with:  Vehicle in traffic,On Roadway,Rear-end (front to rear),Followed too close,None Indicated,,Daylight,Dry,Clear,None apparent,Non-intersection:  Non-junction/no special feature,Paved,,Property Damage Only,0,0,0,0,0,0,6500,3,3,,POINT (-93.610060259453 42.007383530798)
2014791339,,03/14/2014,03-March,6-Friday,12:52,1200 Hours,District 6 (East Central),CEDAR RAPIDS,LINN,,CONTINENTAL PL NE & ROCKWELL DR NE,Collision with:  Vehicle in traffic,On Roadway,Broadside (front to side),Unknown,None Indicated,,Daylight,"Mud, dirt",Clear,,Intersection:  Four-way intersection,Paved,,Property Damage Only,0,0,0,0,0,0,6500,2,2,,POINT (-91.649132382026 42.032379695542)
2014791003,2014002331,03/14/2014,03-March,6-Friday,20:00,2000 Hours,District 1 (Central),MARSHALLTOWN,MARSHALL,IA 14,IA 14/S CENTER ST & W BERLE RD & E BERLE RD,Collision with:  Vehicle in traffic,On Roadway,"Angle, oncoming left turn",FTYROW:  Making left turn,None Indicated,,Dark - roadway lighted,Dry,Clear,None apparent,Intersection:  Four-way intersection,Paved,,Property Damage Only,0,0,0,0,0,0,3000,2,3,,POINT (-92.912373972362 42.008619932999)
2014792988,2014017529,03/14/2014,03-March,6-Friday,19:17,1900 Hours,District 6 (East Central),,CEDAR,I-80,I-80,Collision with fixed object:  Guardrail - face,Median,Non-collision (single vehicle),Ran off road - left,None Indicated,,Dusk,Dry,Cloudy,None apparent,Non-intersection:  Non-junction/no special feature,Paved,,Property Damage Only,0,0,0,0,0,0,14500,1,2,,POINT (-91.280621405825 41.663553075452)
2014790985,14005257,03/14/2014,03-March,6-Friday,12:03,1200 Hours,District 6 (East Central),MARION,LINN,,7TH AVE & 14TH ST,Collision with:  Vehicle in traffic,On Roadway,Rear-end (front to rear),Driver Distraction:  Manual operation of an electronic communication device,None Indicated,,Daylight,Dry,Clear,None apparent,Non-intersection:  Non-junction/no special feature,Paved,,Property Damage Only,0,0,0,0,0,0,4200,2,2,,POINT (-91.594617018596 42.033301142285)
2014791033,20140006848,03/14/2014,03-March,6-Friday,07:05,0700 Hours,District 1 (Central),DES MOINES,POLK,US 69,US 69/SE 14TH ST,Collision with:  Animal,On Roadway,Non-collision (single vehicle),Animal,None Indicated,,Dawn,Dry,Clear,None apparent,Non-intersection:  Non-junction/no special feature,Paved,,Property Damage Only,0,0,0,0,0,0,2500,1,1,,POINT (-93.582010781413 41.513828982303)
2014791030,20140006928,03/14/2014,03-March,6-Friday,21:10,2100 Hours,District 1 (Central),DES MOINES,POLK,,HICKMAN RD & MLK JR PKWY,Collision with:  Vehicle in traffic,On Roadway,Broadside (front to side),Ran Traffic Signal,None Indicated,,Dark - roadway lighted,Dry,Cloudy,None apparent,Intersection:  Four-way intersection,Paved,,Possible/Unknown,0,1,0,0,1,0,6500,2,3,,POINT (-93.646461472405 41.615050886462)
2014790980,201403621,03/14/2014,03-March,6-Friday,12:40,1200 Hours,District 6 (East Central),CEDAR RAPIDS,LINN,,WILEY BLVD SW,Collision with:  Vehicle in traffic,On Roadway,"Sideswipe, same direction",Other (explain in narrative):  Other,None Indicated,,Daylight,Dry,Clear,None apparent,Non-intersection:  Non-junction/no special feature,Paved,,Property Damage Only,0,0,0,0,0,0,7000,2,2,,POINT (-91.725907292009 41.963223710271)
2014790889,W14-025005,03/14/2014,03-March,6-Friday,08:39,0800 Hours,District 2 (Northeast),WATERLOO,BLACK HAWK,,W 9TH ST & ST FRANCIS DR,Collision with:  Vehicle in traffic,On Roadway,"Angle, oncoming left turn",FTYROW:  Making left turn,None Indicated,,Daylight,Dry,Clear,None apparent,Intersection:  T-intersection,Paved,,Property Damage Only,0,0,0,0,0,0,2500,2,2,,POINT (-92.345470744968 42.46409711973)
2014792455,2014017490,03/14/2014,03-March,6-Friday,15:35,1500 Hours,District 1 (Central),DES MOINES,POLK,US 69,US 69/SE 14TH ST & E PARK AVE,Collision with:  Vehicle in traffic,On Roadway,"Angle, oncoming left turn",FTYROW:  Making left turn,None Indicated,,Daylight,Dry,Clear,None apparent,Intersection:  Four-way intersection,Paved,,Possible/Unknown,0,1,0,0,0,1,11000,2,3,,POINT (-93.596832563054 41.555312885367)
2014791400,1400000206,03/14/2014,03-March,6-Friday,06:05,0600 Hours,District 1 (Central),,MARSHALL,IA 330,IA 330/MARSH AVE,Collision with:  Animal,,,Animal,None Indicated,,,,,,,Paved,,Property Damage Only,0,0,0,0,0,0,3000,1,1,,POINT (-93.000640936439 42.097161081467)
2014794034,2014017395,03/14/2014,03-March,6-Friday,06:30,0600 Hours,District 4 (Southwest),,ADAIR,I-80,I-80,Non-collision events:  Overturn/rollover,Roadside,Non-collision (single vehicle),Swerving/Evasive Action,None Indicated,,Dark - roadway not lighted,Dry,Clear,None apparent,Non-intersection:  Non-junction/no special feature,Paved,,Property Damage Only,0,0,0,0,0,0,50000,1,1,,POINT (-94.676944447758 41.493455097102)
2014791843,S14-000752,03/14/2014,03-March,6-Friday,19:40,1900 Hours,District 4 (Southwest),,POTTAWATTAMIE,,Co Rd L20/OLD LINCOLN HWY,Collision with:  Animal,On Roadway,Non-collision (single vehicle),Animal,None Indicated,,Dark - roadway not lighted,Dry,Clear,None apparent,Non-intersection:  Non-junction/no special feature,Paved,,Minor Injury,0,1,0,1,0,0,3000,1,1,,POINT (-95.873585192952 41.452813161892)
2014790892,W14-025096,03/14/2014,03-March,6-Friday,13:38,1300 Hours,District 2 (Northeast),WATERLOO,BLACK HAWK,,W 5TH ST & SOUTH ST,Collision with:  Vehicle in traffic,On Roadway,"Sideswipe, same direction",Made improper turn,None Indicated,,Daylight,Dry,Clear,None apparent,Non-intersection:  Non-junction/no special feature,Paved,,Property Damage Only,0,0,0,0,0,0,5800,2,5,,POINT (-92.342424833847 42.491304405274)
2014790979,201403616,03/14/2014,03-March,6-Friday,11:30,1100 Hours,District 6 (East Central),CEDAR RAPIDS,LINN,,2ND AVE SW & 2ND ST SW,Collision with:  Vehicle in traffic,On Roadway,"Sideswipe, same direction",Made improper turn,None Indicated,,Daylight,Dry,Clear,None apparent,Non-intersection:  Non-junction/no special feature,Paved,,Property Damage Only,0,0,0,0,0,0,4400,2,2,,POINT (-91.673745895689 41.975142875364)
2014791089,2014-15463,03/14/2014,03-March,6-Friday,15:43,1500 Hours,District 6 (East Central),DAVENPORT,SCOTT,,IA 461/BRADY ST & E 35TH ST,Collision with:  Vehicle in traffic,On Roadway,"Sideswipe, same direction",Lost Control,None Indicated,,Daylight,Dry,Clear,None apparent,Non-intersection:  Non-junction/no special feature,Paved,,Minor Injury,0,1,0,1,0,0,5500,2,3,,POINT (-90.568945329758 41.554745181091)
2014791574,2014-15365,03/14/2014,03-March,6-Friday,09:03,0900 Hours,District 6 (East Central),DAVENPORT,SCOTT,,E 53RD ST,Collision with:  Vehicle in traffic,On Roadway,Rear-end (front to rear),Followed too close,None Indicated,,Daylight,Dry,Clear,None apparent,Non-intersection:  Non-junction/no special feature,Paved,,Property Damage Only,0,0,0,0,0,0,3200,2,3,,POINT (-90.543091143133 41.574765850583)
2014791285,14-0566,03/14/2014,03-March,6-Friday,08:00,0800 Hours,District 1 (Central),URBANDALE,POLK,US 6,US 6/HICKMAN RD & 128TH ST & NW 128TH ST,Collision with:  Vehicle in traffic,On Roadway,Rear-end (front to rear),Other (explain in narrative):  Other,None Indicated,,Daylight,Dry,Clear,None apparent,Intersection:  Four-way intersection,Paved,,Property Damage Only,0,0,0,0,0,0,2500,2,2,,POINT (-93.791559146719 41.614963012903)
2014791206,14025139,03/14/2014,03-March,6-Friday,15:48,1500 Hours,District 2 (Northeast),CEDAR FALLS,BLACK HAWK,IA 27,IA 27 & W VIKING RD & E VIKING RD,Collision with:  Vehicle in traffic,On Roadway,Rear-end (front to rear),Other (explain in narrative):  Other,None Indicated,,Daylight,Dry,Cloudy,None apparent,Intersection:  Other intersection (explain in narrative),Paved,,Property Damage Only,0,0,0,0,0,0,3500,2,2,,POINT (-92.445704096001 42.484033358727)
2014792737,14-2456,03/14/2014,03-March,6-Friday,11:05,1100 Hours,District 3 (Northwest),,IDA,US 59,US 59,Collision with:  Vehicle in traffic,On Roadway,"Sideswipe, same direction",FTYROW:  Other (explain in narrative),None Indicated,,Daylight,Dry,Clear,None apparent,Non-intersection:  Non-junction/no special feature,Paved,,Property Damage Only,0,0,0,0,0,0,2500,2,5,,POINT (-95.51699819085 42.451740090605)
2014791144,14-7584,03/14/2014,03-March,6-Friday,11:16,1100 Hours,District 3 (Northwest),SIOUX CITY,WOODBURY,,JONES ST,Collision with:  Parked motor vehicle,On Roadway,"Sideswipe, same direction",Unknown,None Indicated,,Daylight,Dry,Clear,None apparent,Non-intersection:  Non-junction/no special feature,Paved,,Property Damage Only,0,0,0,0,0,0,3000,2,1,,POINT (-96.400857810526 42.49885129512)
2014792094,2014017511,03/14/2014,03-March,6-Friday,17:00,1700 Hours,District 1 (Central),,POLK,I-35,I-35,Collision with:  Vehicle in traffic,On Roadway,"Sideswipe, same direction",Crossed centerline (undivided),None Indicated,,Daylight,Dry,Cloudy,None apparent,Non-intersection:  Non-junction/no special feature,Paved,,Property Damage Only,0,0,0,0,0,0,16000,2,3,,POINT (-93.597970095364 41.65001803931)
2014791141,14-7574,03/14/2014,03-March,6-Friday,13:44,1300 Hours,District 3 (Northwest),SIOUX CITY,WOODBURY,,5TH ST & IOWA ST,Collision with:  Vehicle in traffic,On Roadway,Broadside (front to side),FTYROW:  From stop sign,None Indicated,,Daylight,Dry,Clear,None apparent,Intersection:  Four-way intersection,Paved,,Possible/Unknown,0,1,0,0,1,0,7000,2,3,,POINT (-96.394935124208 42.495317246868)
2014791029,20140006923,03/14/2014,03-March,6-Friday,20:00,2000 Hours,District 1 (Central),DES MOINES,POLK,,RIVER WOODS AVE & RIVER RIDGE RD,Collision with:  Non-motorist (see non-motorist section - NOT a unit),On Roadway,Non-collision (single vehicle),Other (explain in narrative):  No improper action,None Indicated,,Dark - roadway lighted,Dry,Cloudy,None apparent,Intersection:  Four-way intersection,Paved,,Minor Injury,0,1,0,1,0,0,500,1,3,,POINT (-93.570091194685 41.559375763549)
2014791008,14-1697,03/14/2014,03-March,6-Friday,17:38,1700 Hours,District 1 (Central),DES MOINES,POLK,IA 415,IA 415/2ND AVE & NW 42ND PL,Collision with:  Vehicle in traffic,On Roadway,"Angle, oncoming left turn","Operating vehicle in an reckless, erratic, careless, negligent manner",Alcohol (Statutory),,Daylight,Dry,Cloudy,None apparent,Non-intersection:  Non-junction/no special feature,Paved,,Possible/Unknown,0,1,0,0,1,0,400,2,2,,POINT (-93.61996325283 41.637967026801)
2014791028,20140006906,03/14/2014,03-March,6-Friday,16:47,1600 Hours,District 1 (Central),DES MOINES,POLK,,HICKMAN RD & MLK JR PKWY,Collision with:  Vehicle in traffic,On Roadway,Broadside (front to side),FTYROW:  From driveway,None Indicated,,Daylight,Dry,Clear,None apparent,Non-intersection:  Driveway access (within),Paved,,Property Damage Only,0,0,0,0,0,0,10000,2,4,,POINT (-93.646461472405 41.615050886462)
2014792755,C14000790,03/14/2014,03-March,6-Friday,08:22,0800 Hours,District 6 (East Central),CORALVILLE,JOHNSON,I-80,I-80,Collision with fixed object:  Guardrail - face,On Roadway,Non-collision (single vehicle),Ran off road - right,None Indicated,,Daylight,Dry,Clear,None apparent,Non-intersection:  Non-junction/no special feature,Paved,,Property Damage Only,0,0,0,0,0,0,6500,1,1,,POINT (-91.602332393292 41.693865150316)
2014791049,20140006898,03/14/2014,03-March,6-Friday,15:37,1500 Hours,District 1 (Central),DES MOINES,POLK,,GEORGE FLAGG PKWY & FLEUR DR,Collision with:  Vehicle in traffic,On Roadway,Rear-end (front to rear),Driver Distraction:  Manual operation of an electronic communication device,None Indicated,,Daylight,Dry,Clear,None apparent,Intersection:  Four-way intersection,Paved,,Property Damage Only,0,0,0,0,0,0,6000,2,3,,POINT (-93.644967417938 41.568671987981)
2014791338,,03/14/2014,03-March,6-Friday,15:44,1500 Hours,District 6 (East Central),CEDAR RAPIDS,LINN,,13TH AVE SW & 18TH ST SW,Collision with:  Vehicle in traffic,On Roadway,Rear-end (front to rear),Unknown,None Indicated,,Daylight,"Mud, dirt",Clear,,Non-intersection:  Non-junction/no special feature,Paved,,Property Damage Only,0,0,0,0,0,0,6500,2,2,,POINT (-91.696055290385 41.964266484344)
2014791435,2013-05034,03/14/2014,03-March,6-Friday,16:43,1600 Hours,District 5 (Southeast),,WARREN,IA 5,IA 5/IOWA 5,Collision with:  Animal,On Roadway,Non-collision (single vehicle),Animal,None Indicated,,Daylight,Dry,Clear,None apparent,Non-intersection:  Non-junction/no special feature,Paved,,Minor Injury,0,1,0,1,0,0,10000,1,3,,POINT (-93.420652049357 41.468189097412)
2014790954,141095,03/14/2014,03-March,6-Friday,09:22,0900 Hours,District 1 (Central),OWASA,HARDIN,,ELM ST & OAK ST,Collision with:  Vehicle in traffic,On Roadway,"Sideswipe, same direction",Other (explain in narrative):  Other,None Indicated,,Daylight,Dry,Clear,None apparent,Intersection:  Four-way intersection,Paved,,Minor Injury,0,1,0,1,0,0,1001,2,2,,POINT (-93.207105042803 42.433663624537)
2014791259,14005700,03/14/2014,03-March,6-Friday,12:27,1200 Hours,District 5 (Southeast),OSKALOOSA,MAHASKA,,3RD AVE E & S 11TH ST,Collision with:  Vehicle in traffic,On Roadway,Broadside (front to side),FTYROW:  From stop sign,None Indicated,,Daylight,Dry,Cloudy,None apparent,Intersection:  Four-way intersection,Paved,,Possible/Unknown,0,1,0,0,1,0,7000,2,2,,POINT (-92.631893444087 41.292684664697)
2014792309,1400024,03/15/2014,03-March,7-Saturday,19:59,1900 Hours,District 1 (Central),ACKLEY,HARDIN,IA 57,IA 57/SHERMAN AVE & 17TH ST,Unknown,On Roadway,Non-collision (single vehicle),Ran off road - right,None Indicated,,Dark - roadway lighted,Snow,Snow,"Surface condition (e.g., wet, icy)",Intersection:  T-intersection,Paved,,Property Damage Only,0,0,0,0,0,0,1700,1,4,,POINT (-93.065463336641 42.556780385061)