Iowa DOT Case Number,Law Enforcement Case Number,Date of Crash,Month of Crash,Day of Week,Time of Crash,Hour,DOT District,City Name,County Name,Route with System,Location Description,First Harmful Event,Location of First Harmful Event,Manner of Crash/Collision,Major Cause,Drug or Alcohol ,Environmental Conditions,Light Conditions,Surface Conditions,Weather Conditions,Roadway Contribution,Roadway Type,Roadway Surface,Work Zone,Crash Severity,Number of Fatalities,Number of Injuries,Number of Major Injuries,Number of Minor Injuries,Number of Possible Injuries,Number of Unknown Injuries,Amount of Property Damage,Number of Vehicles Involved,Total Number of Occupants,Travel Direction,Location
2014791261,2014002450,03/17/2014,03-March,2-Monday,15:14,1500 Hours,District 1 (Central),MARSHALLTOWN,MARSHALL,,W MAIN ST,Collision with:  Vehicle in traffic,On Roadway,Broadside (front to side),FTYROW:  From driveway,None Indicated,,Daylight,Dry,Clear,None apparent,Non-intersection:  Driveway access (within),Paved,,Property Damage Only,0,0,0,0,0,0,3000,2,2,,POINT (-92.918142835325 42.049117961772)
2014793614,,03/17/2014,03-March,2-Monday,12:49,1200 Hours,District 2 (Northeast),HAMPTON,FRANKLIN,IA 3,IA 3/CENTRAL AVE W & 5TH ST SW & 5TH ST NW,Collision with:  Vehicle in traffic,On Roadway,Broadside (front to side),FTYROW:  Other (explain in narrative),None Indicated,,Daylight,Dry,Clear,None apparent,Non-intersection:  Non-junction/no special feature,Paved,,Property Damage Only,0,0,0,0,0,0,9000,2,3,,POINT (-93.213515462128 42.741765110512)
2014793860,2014-05339,03/17/2014,03-March,2-Monday,13:39,1300 Hours,District 5 (Southeast),INDIANOLA,WARREN,US 65,US 65/S JEFFERSON WAY & E 12TH AVE,Collision with:  Vehicle in traffic,On Roadway,Rear-end (front to rear),Equipment failure,None Indicated,,Daylight,Dry,Clear,None apparent,Intersection:  T-intersection,Paved,,Property Damage Only,0,0,0,0,0,0,5500,2,3,,POINT (-93.558171057492 41.347110067017)
2014791274,20140007150,03/17/2014,03-March,2-Monday,14:00,1400 Hours,District 1 (Central),DES MOINES,POLK,,SW 3RD ST & W MLK JR PKWY,Collision with:  Vehicle in traffic,On Roadway,"Angle, oncoming left turn",Made improper turn,None Indicated,,Daylight,Dry,Cloudy,None apparent,Intersection:  Four-way intersection,Paved,,Property Damage Only,0,0,0,0,0,0,4000,2,4,,POINT (-93.619297645289 41.582206927618)
2014791361,143691,03/17/2014,03-March,2-Monday,20:36,2000 Hours,District 3 (Northwest),,CLAY,US 18,US 18 & 330TH AVE,Collision with:  Animal,,,Animal,None Indicated,,,,,,,Paved,,Property Damage Only,0,0,0,0,0,0,5000,1,1,,POINT (-94.933312318125 43.126674138576)
2014791294,14-010435,03/17/2014,03-March,2-Monday,18:30,1800 Hours,District 4 (Southwest),COUNCIL BLUFFS,POTTAWATTAMIE,US 6,US 6/W BROADWAY & IA 192/N 16TH ST & S 16TH ST,Collision with:  Vehicle in traffic,On Roadway,"Angle, oncoming left turn",FTYROW:  Making left turn,None Indicated,,Daylight,Dry,Clear,None apparent,Intersection:  Four-way intersection,Paved,,Minor Injury,0,1,0,1,0,0,11000,2,3,,POINT (-95.86755462272 41.261851565092)
2014791950,01-14-10988,03/17/2014,03-March,2-Monday,15:36,1500 Hours,District 6 (East Central),DUBUQUE,DUBUQUE,,KAUFMANN AVE,Collision with:  Vehicle in traffic,On Roadway,"Sideswipe, same direction",FTYROW:  From driveway,None Indicated,,Daylight,Dry,Clear,None apparent,Non-intersection:  Driveway access (within),Paved,,Property Damage Only,0,0,0,0,0,0,1600,2,4,,POINT (-90.671594718523 42.513353091921)
2014799410,2014018006,03/17/2014,03-March,2-Monday,14:16,1400 Hours,District 6 (East Central),,IOWA,,220TH ST,Collision with fixed object:  Guardrail - face,Median,Non-collision (single vehicle),Ran off road - left,None Indicated,,Daylight,Dry,Clear,None apparent,Non-intersection:  Non-junction/no special feature,Unpaved,,Property Damage Only,0,0,0,0,0,0,15000,1,2,,POINT (-91.954809417086 41.687487997658)
2014791255,K14-007197,03/17/2014,03-March,2-Monday,14:10,1400 Hours,District 5 (Southeast),KEOKUK,LEE,,14TH ST N & CONCERT ST,Collision with:  Vehicle in traffic,On Roadway,Broadside (front to side),Ran Stop Sign,None Indicated,,Daylight,Dry,Clear,None apparent,Intersection:  Four-way intersection,Paved,,Possible/Unknown,0,1,0,0,1,0,10000,2,3,,POINT (-91.388602263439 40.404150168657)
2014791898,,03/17/2014,03-March,2-Monday,17:36,1700 Hours,District 2 (Northeast),NASHUA,CHICKASAW,IA 346,IA 346/SAMPLE ST & AMHERST BLVD,Collision with:  Vehicle in traffic,On Roadway,Rear-end (front to rear),Followed too close,None Indicated,,Daylight,Dry,Cloudy,None apparent,Intersection:  Four-way intersection,Paved,,Possible/Unknown,0,1,0,0,1,0,5500,2,4,,POINT (-92.546125308116 42.954319535278)
2014791264,14-1759,03/17/2014,03-March,2-Monday,13:02,1300 Hours,District 1 (Central),GRIMES,POLK,I-35,I-35 & IA 141/IOWA 141,Collision with:  Vehicle in traffic,On Roadway,Rear-end (front to rear),FTYROW:  Other (explain in narrative),None Indicated,,Daylight,Dry,Clear,None apparent,Interchange-related:  Off-ramp,Paved,,Property Damage Only,0,0,0,0,0,0,2300,2,7,,POINT (-93.774991331624 41.650681152956)
2014791341,,03/17/2014,03-March,2-Monday,10:03,1000 Hours,District 6 (East Central),MARENGO,IOWA,,WASHINGTON ST & EASTERN AVE,Collision with:  Vehicle in traffic,On Roadway,Broadside (front to side),FTYROW:  From stop sign,None Indicated,,Daylight,Dry,Clear,None apparent,Intersection:  Four-way intersection,Paved,,Property Damage Only,0,0,0,0,0,0,3100,2,2,,POINT (-92.06466668229 41.799634232417)
2014791276,20140007165,03/17/2014,03-March,2-Monday,15:38,1500 Hours,District 1 (Central),DES MOINES,POLK,,MAHASKA AVE & E 40TH ST,Collision with:  Vehicle in traffic,On Roadway,Rear-end (front to rear),Traveling wrong way or on wrong side of road,Alcohol (Statutory),,Daylight,Dry,Clear,None apparent,Intersection:  Four-way intersection,Paved,,Property Damage Only,0,0,0,0,0,0,5000,2,3,,POINT (-93.538213476217 41.602449075665)
2014850939,14-001871,03/17/2014,03-March,2-Monday,06:55,0600 Hours,District 5 (Southeast),,LOUISA,,F AVE,Collision with:  Animal,,,Animal,None Indicated,,,,,,,Paved,,Property Damage Only,0,0,0,0,0,0,2000,1,777,,POINT (-91.100789454319 41.323000416518)
2014791275,20140007151,03/17/2014,03-March,2-Monday,14:18,1400 Hours,District 1 (Central),DES MOINES,POLK,US 6,US 6/E EUCLID AVE & US 69/E 14TH ST,Collision with:  Vehicle in traffic,On Roadway,Broadside (front to side),FTYROW:  From driveway,None Indicated,,Daylight,Dry,Clear,None apparent,Non-intersection:  Driveway access (within),Paved,,Property Damage Only,0,0,0,0,0,0,7700,2,3,,POINT (-93.60052522938 41.627729970252)
2014802838,,03/17/2014,03-March,2-Monday,08:51,0800 Hours,District 6 (East Central),LE CLAIRE,SCOTT,I-80,I-80,Collision with fixed object:  Guardrail - face,Shoulder,Non-collision (single vehicle),Ran off road - right,Under Influence of Alcohol/Drugs/Medications,,Daylight,Dry,Clear,None apparent,Non-intersection:  Non-junction/no special feature,Paved,,Possible/Unknown,0,1,0,0,1,0,11721,1,1,,POINT (-90.384424606176 41.594986050929)
2014798005,141743PD,03/17/2014,03-March,2-Monday,15:14,1500 Hours,District 1 (Central),BOONE,BOONE,US 30,US 30/220TH ST & CROWN FLAIR DR 220TH CONN & SE MARSHALL 220TH CONN,Collision with:  Vehicle in traffic,Median,"Sideswipe, opposite direction",Other (explain in narrative):  Other,None Indicated,,Daylight,Dry,Clear,None apparent,Intersection:  Four-way intersection,Paved,,Property Damage Only,0,0,0,0,0,0,6000,2,2,,POINT (-93.863988235552 42.034564981519)
2014791060,20140007142,03/17/2014,03-March,2-Monday,12:55,1200 Hours,District 1 (Central),DES MOINES,POLK,,CENTER ST & 2ND AVE,Collision with:  Vehicle in traffic,On Roadway,"Sideswipe, same direction",Made improper turn,None Indicated,,Daylight,Dry,Clear,None apparent,Intersection:  T-intersection,Paved,,Possible/Unknown,0,1,0,0,1,0,20000,2,3,,POINT (-93.620334805217 41.5915508655)
2014792645,2014018060,03/17/2014,03-March,2-Monday,16:38,1600 Hours,District 5 (Southeast),,HENRY,US 218,US 218 & Co Rd J20/SALEM RD,Collision with:  Vehicle in traffic,On Roadway,Broadside (front to side),FTYROW:  From stop sign,None Indicated,,Daylight,Dry,Cloudy,None apparent,Intersection:  Four-way intersection,Paved,,Property Damage Only,0,0,0,0,0,0,20000,2,2,,POINT (-91.564846912041 40.846505278809)
2014791909,,03/17/2014,03-March,2-Monday,13:01,1300 Hours,District 6 (East Central),MARENGO,IOWA,,HILTON ST & MARENGO AVE,Collision with:  Vehicle in traffic,On Roadway,Broadside (front to side),FTYROW:  From stop sign,None Indicated,,Daylight,Dry,Clear,None apparent,Intersection:  Four-way intersection,Paved,,Property Damage Only,0,0,0,0,0,0,3000,2,2,,POINT (-92.068701124568 41.798658245332)
2014793755,2014031701,03/17/2014,03-March,2-Monday,10:35,1000 Hours,District 4 (Southwest),SHENANDOAH,PAGE,,W NISHNA RD & ROBAN DR,Collision with fixed object:  Guardrail - face,On Roadway,Non-collision (single vehicle),Ran off road - right,None Indicated,,Daylight,Dry,Cloudy,None apparent,Non-intersection:  Non-junction/no special feature,Paved,,Property Damage Only,0,0,0,0,0,0,5000,1,1,,POINT (-95.382630170516 40.757213229822)
2014791174,2014017908,03/17/2014,03-March,2-Monday,02:20,0200 Hours,District 5 (Southeast),,WARREN,I-35,I-35,Collision with:  Animal,,,Animal,None Indicated,,,,,,,Paved,,Property Damage Only,0,0,0,0,0,0,4000,1,1,,POINT (-93.780791467861 41.385430287112)
2014791593,,03/17/2014,03-March,2-Monday,17:15,1700 Hours,District 6 (East Central),CEDAR RAPIDS,LINN,,EDGEWOOD RD NE,Collision with:  Vehicle in traffic,On Roadway,Rear-end (front to rear),Unknown,None Indicated,,Daylight,Dry,Clear,,Non-intersection:  Non-junction/no special feature,Paved,,Property Damage Only,0,0,0,0,0,0,3500,2,2,,POINT (-91.702164293783 42.027704942141)
2014791256,14005548,03/17/2014,03-March,2-Monday,21:16,2100 Hours,District 6 (East Central),MARION,LINN,,10TH AVE & 31ST ST,Collision with:  Vehicle in traffic,On Roadway,Broadside (front to side),Ran Stop Sign,None Indicated,,Dark - roadway lighted,Dry,Cloudy,None apparent,Intersection:  Four-way intersection,Paved,,Possible/Unknown,0,1,0,0,1,0,7500,2,2,,POINT (-91.579213828909 42.036029522863)
2014791402,14-003247,03/17/2014,03-March,2-Monday,14:00,1400 Hours,District 4 (Southwest),,MILLS,,HILMAN RD,Collision with fixed object:  Utility pole/light support,On Roadway,Non-collision (single vehicle),Swerving/Evasive Action,None Indicated,,Daylight,Dry,Clear,None apparent,Non-intersection:  Non-junction/no special feature,Unpaved,,Property Damage Only,0,0,0,0,0,0,4500,1,2,,POINT (-95.766345276565 41.025457136341)
2014791733,14-368,03/17/2014,03-March,2-Monday,13:04,1300 Hours,District 3 (Northwest),SPIRIT LAKE,DICKINSON,,15TH ST & MEMPHIS AVE,Collision with:  Vehicle in traffic,On Roadway,Rear-end (front to rear),FTYROW:  From driveway,None Indicated,,Daylight,Dry,Clear,None apparent,Non-intersection:  Driveway access (within),Paved,,Property Damage Only,0,0,0,0,0,0,1800,2,2,,POINT (-95.108749883311 43.425541763566)
2014791290,14-010349,03/17/2014,03-March,2-Monday,09:00,0900 Hours,District 4 (Southwest),COUNCIL BLUFFS,POTTAWATTAMIE,,8TH AVE & S 24TH ST,Collision with:  Vehicle in traffic,On Roadway,Broadside (front to side),FTYROW:  From yield sign,None Indicated,,Daylight,Dry,Clear,None apparent,Intersection:  Four-way intersection,Paved,,Property Damage Only,0,0,0,0,0,0,5800,2,2,,POINT (-95.879569064916 41.25440943133)
2014792543,14-1271,03/18/2014,03-March,3-Tuesday,21:04,2100 Hours,District 6 (East Central),HIAWATHA,LINN,,ROBINS RD & CENTER POINT RD & EMMONS ST,Collision with:  Vehicle in traffic,On Roadway,Rear-end (front to rear),Followed too close,None Indicated,,Dark - roadway lighted,Wet,Rain,"Surface condition (e.g., wet, icy)",Non-intersection:  Non-junction/no special feature,Paved,,Property Damage Only,0,0,0,0,0,0,4000,2,5,,POINT (-91.673461938901 42.03879683197)
2014791398,14006042,03/18/2014,03-March,3-Tuesday,11:07,1100 Hours,District 5 (Southeast),OSKALOOSA,MAHASKA,IA 92,IA 92/A AVE W & N I ST,Collision with:  Vehicle in traffic,On Roadway,"Angle, oncoming left turn",FTYROW:  Making left turn,None Indicated,,Daylight,Dry,Cloudy,None apparent,Intersection:  Four-way intersection,Paved,,Property Damage Only,0,0,0,0,0,0,3000,2,4,,POINT (-92.655630093111 41.29623511166)
2014791652,14-0596,03/18/2014,03-March,3-Tuesday,14:26,1400 Hours,District 1 (Central),URBANDALE,POLK,,64TH ST,Collision with:  Vehicle in traffic,On Roadway,"Sideswipe, same direction",Improper Backing,None Indicated,,Daylight,Dry,Cloudy,None apparent,Non-intersection:  Non-junction/no special feature,Paved,,Property Damage Only,0,0,0,0,0,0,2200,2,3,,POINT (-93.704984067671 41.627001695265)
2014791417,20140007301,03/18/2014,03-March,3-Tuesday,20:59,2000 Hours,District 1 (Central),DES MOINES,POLK,,E PARK AVE & SE 8TH ST,Collision with:  Vehicle in traffic,On Roadway,"Angle, oncoming left turn",Ran Stop Sign,None Indicated,,Dark - roadway lighted,Wet,Rain,None apparent,Intersection:  Four-way intersection,Paved,,Property Damage Only,0,0,0,0,0,0,4000,2,8,,POINT (-93.602648502612 41.555318580645)
2014791563,20140007291,03/18/2014,03-March,3-Tuesday,16:45,1600 Hours,District 1 (Central),DES MOINES,POLK,,CLARK ST & 21ST ST,Collision with:  Vehicle in traffic,On Roadway,"Sideswipe, same direction",Other (explain in narrative):  Other,None Indicated,,Daylight,Dry,Cloudy,None apparent,Non-intersection:  Non-junction/no special feature,Paved,,Property Damage Only,0,0,0,0,0,0,3000,2,3,,POINT (-93.645301742118 41.605870047054)
2014791597,W14-026585,03/18/2014,03-March,3-Tuesday,18:23,1800 Hours,District 2 (Northeast),WATERLOO,BLACK HAWK,,DENVER ST & W 4TH ST,Collision with:  Vehicle in traffic,On Roadway,"Sideswipe, same direction",Improper or erratic lane changing,None Indicated,,Daylight,Dry,Cloudy,None apparent,Non-intersection:  Other non-intersection (explain in narrative),Paved,,Property Damage Only,0,0,0,0,0,0,2000,2,2,,POINT (-92.352401945354 42.486705194253)
2014792095,2014018245,03/18/2014,03-March,3-Tuesday,13:45,1300 Hours,District 1 (Central),BOONE,BOONE,,PARK AVE & S STORY ST,Collision with:  Vehicle in traffic,On Roadway,Broadside (front to side),Crossed centerline (undivided),None Indicated,,Daylight,Dry,Cloudy,None apparent,Intersection:  Four-way intersection,Paved,,Property Damage Only,0,0,0,0,0,0,13000,3,3,,POINT (-93.879904180459 42.048070887242)
2014791490,W14-026458,03/18/2014,03-March,3-Tuesday,11:15,1100 Hours,District 2 (Northeast),WATERLOO,BLACK HAWK,US 218,US 218 & W 9TH ST,Collision with:  Vehicle in traffic,On Roadway,Rear-end (front to rear),Other (explain in narrative):  Other,None Indicated,,Daylight,Dry,Clear,None apparent,Interchange-related:  On-ramp merge area,Paved,,Property Damage Only,0,0,0,0,0,0,9200,3,5,,POINT (-92.336930247628 42.489615672648)
2014791855,2014-16232,03/18/2014,03-March,3-Tuesday,12:44,1200 Hours,District 6 (East Central),DAVENPORT,SCOTT,US 6,US 6/E KIMBERLY RD & E 36TH ST,Collision with:  Vehicle in traffic,On Roadway,Broadside (front to side),FTYROW:  From stop sign,None Indicated,,Daylight,Dry,Cloudy,None apparent,Intersection:  Other intersection (explain in narrative),Paved,,Minor Injury,0,3,0,1,2,0,7500,2,3,,POINT (-90.5605897848 41.557252023485)
2014792482,14-003894,03/18/2014,03-March,3-Tuesday,19:30,1900 Hours,District 6 (East Central),,CEDAR,IA 130,IA 130/IOWA 130,Collision with:  Animal,On Roadway,Non-collision (single vehicle),Animal,None Indicated,,Dark - roadway not lighted,Wet,Clear,None apparent,Non-intersection:  Non-junction/no special feature,Paved,,Property Damage Only,0,0,0,0,0,0,3000,1,1,,POINT (-91.069630383137 41.771801921803)
2014794602,1403182158,03/18/2014,03-March,3-Tuesday,21:58,2100 Hours,District 6 (East Central),ANAMOSA,JONES,US 151,US 151,Collision with fixed object:  Ditch,Outside trafficway,Non-collision (single vehicle),Ran off road - right,None Indicated,,Dark - roadway not lighted,Wet,Rain,None apparent,Non-intersection:  Non-junction/no special feature,Paved,,Minor Injury,0,2,0,1,1,0,5000,1,2,,POINT (-91.319790542864 42.070647468939)
2014791497,031814-182,03/18/2014,03-March,3-Tuesday,17:40,1700 Hours,District 3 (Northwest),,BUENA VISTA,US 71,US 71/130TH AVE & Co Rd C49/590TH ST,Collision with:  Vehicle in traffic,On Roadway,Rear-end (front to rear),Other (explain in narrative):  Other,None Indicated,,Daylight,Dry,Cloudy,None apparent,Intersection:  Four-way intersection,Paved,,Property Damage Only,0,0,0,0,0,0,2500,2,2,,POINT (-95.151691661641 42.661837558758)
2014791594,,03/18/2014,03-March,3-Tuesday,07:30,0700 Hours,District 6 (East Central),CEDAR RAPIDS,LINN,IA 922,IA 922/WILLIAMS BLVD/1ST AVE W & 18TH ST NW & 18TH ST SW,Collision with:  Vehicle in traffic,On Roadway,"Angle, oncoming left turn",Unknown,None Indicated,,Daylight,Dry,Clear,,Intersection:  Four-way intersection,Paved,,Minor Injury,0,1,0,1,0,0,1500,2,2,,POINT (-91.69659691903 41.970847357893)
2014791295,14-010506,03/18/2014,03-March,3-Tuesday,02:30,0200 Hours,District 4 (Southwest),COUNCIL BLUFFS,POTTAWATTAMIE,,S 32ND ST,Non-collision events:  Other non-collision (explain in narrative),Outside trafficway,Non-collision (single vehicle),Lost Control,None Indicated,,Dark - roadway lighted,Dry,Clear,None apparent,Non-intersection:  Non-junction/no special feature,Paved,,Property Damage Only,0,0,0,0,0,0,3500,1,1,,POINT (-95.895857464163 41.257062717306)
2014833426,1408031801,03/18/2014,03-March,3-Tuesday,09:30,0900 Hours,District 6 (East Central),,IOWA,,Co Rd F15/F15 BLVD,Collision with:  Animal,,,Animal,None Indicated,,,,,,,Paved,,Property Damage Only,0,0,0,0,0,0,3500,1,1,,POINT (-92.029749018615 41.814710250045)
2014791862,14-001315,03/18/2014,03-March,3-Tuesday,01:00,0100 Hours,District 1 (Central),AMES,STORY,,N 3RD ST,Collision with:  Parked motor vehicle,On Roadway,"Sideswipe, same direction",Other (explain in narrative):  Other,None Indicated,,Dark - roadway lighted,Dry,Clear,None apparent,Non-intersection:  Non-junction/no special feature,Paved,,Property Damage Only,0,0,0,0,0,0,1500,2,1,,POINT (-93.626090860741 42.025202305667)
2014791953,01-14-11109,03/18/2014,03-March,3-Tuesday,14:36,1400 Hours,District 6 (East Central),DUBUQUE,DUBUQUE,,W 11TH ST & IOWA ST,Collision with:  Vehicle in traffic,On Roadway,Broadside (front to side),FTYROW:  From stop sign,None Indicated,,Daylight,Dry,Cloudy,None apparent,Intersection:  Four-way intersection,Paved,,Possible/Unknown,0,1,0,0,1,0,2000,2,2,,POINT (-90.667392152991 42.503623008201)
2014791362,1403182711,03/18/2014,03-March,3-Tuesday,05:50,0500 Hours,District 6 (East Central),,CLINTON,,Co Rd E73/212 ST,Collision with:  Animal,,,Animal,None Indicated,,,,,,,Paved,,Property Damage Only,0,0,0,0,0,0,2000,1,1,,POINT (-90.576962291443 41.869293389648)
2014791423,14-010571,03/18/2014,03-March,3-Tuesday,14:55,1400 Hours,District 4 (Southwest),COUNCIL BLUFFS,POTTAWATTAMIE,,S MAIN ST,Collision with:  Vehicle in traffic,On Roadway,"Sideswipe, same direction",Made improper turn,None Indicated,,Daylight,Dry,Clear,None apparent,Non-intersection:  Non-junction/no special feature,Paved,,Property Damage Only,0,0,0,0,0,0,2500,2,2,,POINT (-95.850549132787 41.257807043868)
2014791448,14-8070,03/18/2014,03-March,3-Tuesday,16:23,1600 Hours,District 3 (Northwest),SIOUX CITY,WOODBURY,,20TH ST & NEBRASKA ST,Collision with:  Vehicle in traffic,On Roadway,Broadside (front to side),FTYROW:  From stop sign,None Indicated,,Daylight,Dry,Cloudy,None apparent,Intersection:  Four-way intersection,Paved,,Possible/Unknown,0,1,0,0,1,0,3200,2,2,,POINT (-96.403618654048 42.511150389533)
2014791426,2014-2739,03/18/2014,03-March,3-Tuesday,05:55,0500 Hours,District 3 (Northwest),,SAC,,Co Rd M43/GARD AVE,Collision with:  Animal,,,Animal,None Indicated,,,,,,,Paved,,Property Damage Only,0,0,0,0,0,0,1500,1,1,,POINT (-95.229449722973 42.551802066053)
2014791641,20140007417,03/18/2014,03-March,3-Tuesday,22:45,2200 Hours,District 1 (Central),DES MOINES,POLK,,GRAND AVE & 56TH ST,Collision with:  Vehicle in traffic,On Roadway,Broadside (front to side),Ran Traffic Signal,None Indicated,,Dark - roadway lighted,Dry,Cloudy,None apparent,Intersection:  Four-way intersection,Paved,,Property Damage Only,0,0,0,0,0,0,5000,2,2,,POINT (-93.693778314832 41.582817450167)
2014791284,20140007265,03/18/2014,03-March,3-Tuesday,12:36,1200 Hours,District 1 (Central),DES MOINES,POLK,,DAY ST & 6TH AVE,Collision with:  Vehicle in traffic,On Roadway,Broadside (front to side),Traveling wrong way or on wrong side of road,None Indicated,,Daylight,Dry,Cloudy,None apparent,Intersection:  Four-way intersection,Paved,,Property Damage Only,0,0,0,0,0,0,11000,2,2,,POINT (-93.625670970166 41.596205715643)
2014792448,2014018183,03/18/2014,03-March,3-Tuesday,09:30,0900 Hours,District 1 (Central),,WEBSTER,IA 175,IA 175/360TH ST,Collision with:  Vehicle in traffic,On Roadway,"Sideswipe, opposite direction",Oversized Load/Vehicle,None Indicated,,Daylight,Dry,Cloudy,None apparent,Non-intersection:  Non-junction/no special feature,Paved,,Minor Injury,0,1,0,1,0,0,1312,2,2,,POINT (-94.229005222025 42.267902159842)
2014791409,14-001253,03/18/2014,03-March,3-Tuesday,17:32,1700 Hours,District 1 (Central),ANKENY,POLK,,SW STATE ST,Non-collision events:  Other non-collision (explain in narrative),On Roadway,Non-collision (single vehicle),Other (explain in narrative):  No improper action,None Indicated,,Daylight,Dry,Cloudy,None apparent,Non-intersection:  Non-junction/no special feature,Paved,,Property Damage Only,0,0,0,0,0,0,15000,1,1,,POINT (-93.620084623534 41.719453707227)
2014792740,14-2550,03/18/2014,03-March,3-Tuesday,21:09,2100 Hours,District 3 (Northwest),,IDA,US 20,US 20 & Co Rd M25/MARKET AVE,Collision with:  Vehicle in traffic,On Roadway,"Sideswipe, same direction",Unknown,None Indicated,,Dark - roadway lighted,Slush,Snow,"Surface condition (e.g., wet, icy)",Intersection:  T-intersection,Paved,,Property Damage Only,0,0,0,0,0,0,3000,2,3,,POINT (-95.416919036534 42.474769413583)
2014791911,,03/18/2014,03-March,3-Tuesday,20:28,2000 Hours,District 5 (Southeast),,DECATUR,US 69,US 69,Collision with:  Animal,On Roadway,Non-collision (single vehicle),Animal,None Indicated,,Dark - roadway not lighted,Dry,Clear,None apparent,Non-intersection:  Non-junction/no special feature,Paved,,Property Damage Only,0,0,0,0,0,0,1500,1,1,,POINT (-93.786184190921 40.675323250987)
2014791415,20140007282,03/18/2014,03-March,3-Tuesday,16:29,1600 Hours,District 5 (Southeast),DES MOINES,WARREN,IA 5,IA 5/NE RAMP/NW RAMP & FLEUR DR,Collision with:  Vehicle in traffic,On Roadway,Rear-end (front to rear),Lost Control,None Indicated,,Daylight,Dry,Cloudy,None apparent,Non-intersection:  Non-junction/no special feature,Paved,,Possible/Unknown,0,1,0,0,1,0,150,2,2,,POINT (-93.644976532132 41.509259633881)
2014792670,,03/18/2014,03-March,3-Tuesday,11:55,1100 Hours,District 5 (Southeast),FORT MADISON,LEE,,AVE O & 35TH ST,Collision with:  Parked motor vehicle,On Roadway,"Sideswipe, same direction",Other (explain in narrative):  Other,None Indicated,,Daylight,Wet,Cloudy,None apparent,Intersection:  T-intersection,Paved,,Property Damage Only,0,0,0,0,0,0,1500,2,3,,POINT (-91.357531301603 40.624031695699)
2014791399,14055,03/18/2014,03-March,3-Tuesday,05:35,0500 Hours,District 5 (Southeast),PELLA,MARION,IA 163,IA 163/IOWA 163,Collision with:  Animal,,,Animal,None Indicated,,,,,,,Paved,,Property Damage Only,0,0,0,0,0,0,20000,1,1,,POINT (-92.93947602494 41.403376320273)
2014791416,20140007285,03/18/2014,03-March,3-Tuesday,17:04,1700 Hours,District 1 (Central),DES MOINES,POLK,,SE 4TH ST & W MLK JR PKWY,Collision with:  Vehicle in traffic,On Roadway,Broadside (front to side),Ran Traffic Signal,None Indicated,,Daylight,Dry,Cloudy,None apparent,Intersection:  Four-way intersection,Paved,,Minor Injury,0,2,0,1,1,0,9000,2,2,,POINT (-93.610073233057 41.582301280598)
2014810766,14-012-AC-C,03/18/2014,03-March,3-Tuesday,12:04,1200 Hours,District 3 (Northwest),MILFORD,DICKINSON,US 71,US 71/OKOBOJI AVE & 13TH ST,Collision with:  Vehicle in traffic,On Roadway,Rear-end (front to rear),Followed too close,None Indicated,,Daylight,Dry,Clear,None apparent,Intersection:  Four-way intersection,Paved,,Property Damage Only,0,0,0,0,0,0,5500,2,6,,POINT (-95.149993312267 43.327943064146)
2014791861,14-001312,03/18/2014,03-March,3-Tuesday,08:20,0800 Hours,District 1 (Central),AMES,STORY,US 69,US 69/LINCOLN WAY/GRAND AVE,Collision with:  Vehicle in traffic,On Roadway,"Sideswipe, same direction",Improper or erratic lane changing,None Indicated,,Daylight,Dry,Cloudy,None apparent,Intersection:  Four-way intersection,Paved,,Property Damage Only,0,0,0,0,0,0,3399,2,2,,POINT (-93.620234138973 42.02290140043)
2014791562,20140007276,03/18/2014,03-March,3-Tuesday,14:51,1400 Hours,District 1 (Central),DES MOINES,POLK,,19TH ST,Collision with:  Vehicle in traffic,On Roadway,"Sideswipe, same direction",Crossed centerline (undivided),None Indicated,,Daylight,Dry,Cloudy,None apparent,Non-intersection:  Non-junction/no special feature,Paved,,Property Damage Only,0,0,0,0,0,0,1800,2,2,,POINT (-93.642630637486 41.605173438132)
2014810698,140318BVZ01,03/18/2014,03-March,3-Tuesday,19:42,1900 Hours,District 3 (Northwest),ORANGE CITY,SIOUX,,ALBANY AVE NE,Collision with fixed object:  Utility pole/light support,Shoulder,Non-collision (single vehicle),Ran off road - right,Alcohol (Statutory),,Dark - roadway lighted,Wet,"Sleet, hail",None apparent,Non-intersection:  Non-junction/no special feature,Paved,,Minor Injury,0,1,0,1,0,0,2225,1,1,,POINT (-96.05674413165 43.012508349274)
2014792742,14-2555,03/18/2014,03-March,3-Tuesday,23:49,2300 Hours,District 3 (Northwest),,IDA,,Co Rd M25/MARSHAL AVE,Non-collision events:  Overturn/rollover,On Roadway,Non-collision (single vehicle),Crossed centerline (undivided),None Indicated,,Dark - roadway not lighted,Slush,Snow,None apparent,Non-intersection:  Non-junction/no special feature,Paved,,Property Damage Only,0,0,0,0,0,0,3000,1,2,,POINT (-95.407607336286 42.549735334592)
2014791413,20140007303,03/18/2014,03-March,3-Tuesday,21:23,2100 Hours,District 1 (Central),DES MOINES,POLK,,DEWOLF ST,Collision with:  Parked motor vehicle,On Roadway,Broadside (front to side),Ran off road - right,None Indicated,,Dark - roadway lighted,Wet,Rain,None apparent,Non-intersection:  Non-junction/no special feature,Paved,,Property Damage Only,0,0,0,0,0,0,3500,2,1,,POINT (-93.585731074324 41.606053882127)
2014791570,14-2772,03/18/2014,03-March,3-Tuesday,23:46,2300 Hours,District 3 (Northwest),,SAC,,Co Rd M64/NEEDHAM AVE,Non-collision events:  Other non-collision (explain in narrative),On Roadway,Non-collision (single vehicle),Driving too fast for conditions,None Indicated,,Dark - roadway not lighted,Slush,"Sleet, hail","Surface condition (e.g., wet, icy)",Non-intersection:  Non-junction/no special feature,Paved,,Property Damage Only,0,0,0,0,0,0,8000,1,1,,POINT (-95.090824444821 42.214188508804)