Iowa DOT Case Number,Law Enforcement Case Number,Date of Crash,Month of Crash,Day of Week,Time of Crash,Hour,DOT District,City Name,County Name,Route with System,Location Description,First Harmful Event,Location of First Harmful Event,Manner of Crash/Collision,Major Cause,Drug or Alcohol ,Environmental Conditions,Light Conditions,Surface Conditions,Weather Conditions,Roadway Contribution,Roadway Type,Roadway Surface,Work Zone,Crash Severity,Number of Fatalities,Number of Injuries,Number of Major Injuries,Number of Minor Injuries,Number of Possible Injuries,Number of Unknown Injuries,Amount of Property Damage,Number of Vehicles Involved,Total Number of Occupants,Travel Direction,Location
2014791374,14-08996,03/18/2014,03-March,3-Tuesday,12:57,1200 Hours,District 5 (Southeast),BURLINGTON,DES MOINES,,AETNA ST,Collision with:  Vehicle in traffic,On Roadway,Rear-end (front to rear),FTYROW:  Other (explain in narrative),None Indicated,,Daylight,Dry,Clear,None apparent,Non-intersection:  Non-junction/no special feature,Paved,,Property Damage Only,0,0,0,0,0,0,3500,2,2,,POINT (-91.124724129693 40.806535515297)
2014791422,14-010570,03/18/2014,03-March,3-Tuesday,15:08,1500 Hours,District 4 (Southwest),COUNCIL BLUFFS,POTTAWATTAMIE,US 6,US 6/W BROADWAY,Collision with:  Vehicle in traffic,On Roadway,Broadside (front to side),Made improper turn,None Indicated,,Daylight,Dry,Cloudy,None apparent,Non-intersection:  Non-junction/no special feature,Paved,,Property Damage Only,0,0,0,0,0,0,8100,2,2,,POINT (-95.880700091784 41.261946434958)
2014791991,201400798,03/18/2014,03-March,3-Tuesday,21:45,2100 Hours,District 6 (East Central),CEDAR RAPIDS,LINN,,Co Rd E44/ELLIS RD & Co Rd W36/COVINGTON RD,Collision with fixed object:  Culvert/pipe opening,Outside trafficway,Non-collision (single vehicle),Ran off road - left,None Indicated,,Dark - roadway lighted,Wet,Rain,None apparent,Intersection:  Four-way intersection,Paved,,Property Damage Only,0,0,0,0,0,0,4500,1,1,,POINT (-91.760397587016 42.000482836398)
2014797666,14-026443,03/18/2014,03-March,3-Tuesday,10:22,1000 Hours,District 2 (Northeast),,BLACK HAWK,US 20,US 20,Collision with:  Vehicle in traffic,On Roadway,"Sideswipe, same direction",Crossed centerline (undivided),None Indicated,,Daylight,Dry,Clear,None apparent,Non-intersection:  Non-junction/no special feature,Paved,,Possible/Unknown,0,1,0,0,1,0,7000,2,2,,POINT (-92.12190537645 42.449435809895)
2014791350,14-2667,03/18/2014,03-March,3-Tuesday,18:18,1800 Hours,District 3 (Northwest),CARROLL,CARROLL,US 30,US 30,Collision with:  Vehicle in traffic,On Roadway,"Sideswipe, same direction",FTYROW:  Other (explain in narrative),None Indicated,,Daylight,Dry,Cloudy,None apparent,Non-intersection:  Non-junction/no special feature,Paved,,Property Damage Only,0,0,0,0,0,0,5000,2,5,,POINT (-94.873452615862 42.067780798901)
2014791951,01-14-11091,03/18/2014,03-March,3-Tuesday,11:15,1100 Hours,District 6 (East Central),DUBUQUE,DUBUQUE,US 61,US 61,Collision with:  Vehicle in traffic,On Roadway,Broadside (front to side),Ran Traffic Signal,None Indicated,,Daylight,Dry,Clear,None apparent,Intersection:  Four-way intersection,Paved,,Property Damage Only,0,0,0,0,0,0,1500,2,2,,POINT (-90.677857091266 42.454666971279)
2014791536,201403828,03/18/2014,03-March,3-Tuesday,19:03,1900 Hours,District 6 (East Central),CEDAR RAPIDS,LINN,I-380,I-380 & WRIGHT BROTHERS BLVD SW,Collision with:  Vehicle in traffic,On Roadway,Rear-end (front to rear),Lost Control,None Indicated,,Daylight,Dry,Cloudy,None apparent,Intersection:  Other intersection (explain in narrative),Paved,,Possible/Unknown,0,1,0,0,1,0,0,2,3,,POINT (-91.673180776188 41.89066428159)
2014791263,14-1789,03/18/2014,03-March,3-Tuesday,02:30,0200 Hours,District 1 (Central),,POLK,,NW 47TH CT & NW MEREDITH DR,Collision with fixed object:  Utility pole/light support,Outside trafficway,Non-collision (single vehicle),Exceeded authorized speed,Under Influence of Alcohol/Drugs/Medications,,Dark - roadway lighted,Dry,Clear,None apparent,Non-intersection:  Non-junction/no special feature,Paved,,Minor Injury,0,1,0,1,0,0,23000,1,1,,POINT (-93.682891146994 41.644807120207)
2014791363,1403188091,03/18/2014,03-March,3-Tuesday,17:50,1700 Hours,District 6 (East Central),DE WITT,CLINTON,,340 AVE,Collision with:  Vehicle in traffic,On Roadway,Broadside (front to side),FTYROW:  From driveway,None Indicated,,Dusk,"Mud, dirt",Cloudy,None apparent,Non-intersection:  Driveway access (within),Unpaved,,Property Damage Only,0,0,0,0,0,0,3000,2,3,,POINT (-90.427544625305 41.824227423907)
2014791491,W14-026651,03/18/2014,03-March,3-Tuesday,21:15,2100 Hours,District 2 (Northeast),WATERLOO,BLACK HAWK,,W 6TH ST & RANDOLPH ST,Collision with:  Vehicle in traffic,On Roadway,Broadside (front to side),FTYROW:  From stop sign,None Indicated,,Dark - roadway lighted,Wet,Rain,None apparent,Intersection:  Four-way intersection,Paved,,Property Damage Only,0,0,0,0,0,0,3500,2,2,,POINT (-92.342391161285 42.489872283695)
2014791899,,03/18/2014,03-March,3-Tuesday,15:50,1500 Hours,District 6 (East Central),CEDAR RAPIDS,LINN,IA 922,IA 922/1ST AVE E,Collision with:  Vehicle in traffic,On Roadway,"Sideswipe, same direction",Unknown,None Indicated,,Daylight,Dry,Cloudy,,Intersection:  Other intersection (explain in narrative),Paved,,Property Damage Only,0,0,0,0,0,0,3600,2,2,,POINT (-91.669004235165 41.978537459297)
2014791418,14-0595,03/18/2014,03-March,3-Tuesday,12:45,1200 Hours,District 1 (Central),URBANDALE,POLK,,DOUGLAS AVE & 106TH ST,Collision with:  Vehicle in traffic,On Roadway,Broadside (front to side),FTYROW:  From stop sign,None Indicated,,Daylight,Dry,Cloudy,None apparent,Intersection:  T-intersection,Paved,,Property Damage Only,0,0,0,0,0,0,7000,2,2,,POINT (-93.763043397861 41.629405165851)
2014791722,1400543,03/18/2014,03-March,3-Tuesday,11:57,1100 Hours,District 5 (Southeast),BLOOMFIELD,DAVIS,,FRANKLIN ST,Collision with fixed object:  Utility pole/light support,Shoulder,Non-collision (single vehicle),Made improper turn,None Indicated,,Daylight,Dry,Cloudy,None apparent,Non-intersection:  Non-junction/no special feature,Paved,,Property Damage Only,0,0,0,0,0,0,15000,1,1,,POINT (-92.413631769228 40.75061584484)
2014792887,E14-26448,03/18/2014,03-March,3-Tuesday,10:49,1000 Hours,District 2 (Northeast),EVANSDALE,BLACK HAWK,,MARIE AVE & MC COY RD,Collision with:  Vehicle in traffic,On Roadway,Head-on (front to front),Crossed centerline (undivided),None Indicated,,Daylight,Dry,Clear,None apparent,Non-intersection:  Non-junction/no special feature,Paved,,Property Damage Only,0,0,0,0,0,0,20000,2,4,,POINT (-92.263646379778 42.466257375471)
2014792244,2014-16291,03/18/2014,03-March,3-Tuesday,17:07,1700 Hours,District 6 (East Central),DAVENPORT,SCOTT,US 6,US 6/E KIMBERLY RD & EASTERN AVE,Collision with:  Vehicle in traffic,On Roadway,"Sideswipe, same direction",FTYROW:  From driveway,None Indicated,,Daylight,Dry,Cloudy,None apparent,Non-intersection:  Driveway access (within),Paved,,Property Damage Only,0,0,0,0,0,0,4000,2,3,,POINT (-90.551418790101 41.556885863693)
2014791918,14-026573,03/18/2014,03-March,3-Tuesday,17:43,1700 Hours,District 2 (Northeast),,BLACK HAWK,US 218,US 218 & Co Rd C57/W CEDAR-WAPSI RD,Collision with:  Vehicle in traffic,Median,Broadside (front to side),FTYROW:  From stop sign,None Indicated,,Daylight,Dry,Clear,None apparent,Intersection:  Four-way intersection,Paved,,Property Damage Only,0,0,0,0,0,0,5100,2,2,,POINT (-92.44354334784 42.613732930168)
2014792530,14007285,03/18/2014,03-March,3-Tuesday,07:39,0700 Hours,District 5 (Southeast),,LEE,IA 16,IA 16/IOWA 16,Collision with:  Animal,,,Animal,None Indicated,,,,,,,Paved,,Property Damage Only,0,0,0,0,0,0,5000,1,1,,POINT (-91.354465795194 40.749228567685)
2014793302,14-070318-01,03/18/2014,03-March,3-Tuesday,06:40,0600 Hours,District 6 (East Central),,IOWA,IA 220,IA 220/220TH TRL,Collision with:  Animal,,,Animal,None Indicated,,,,,,,Paved,,Property Damage Only,0,0,0,0,0,0,2500,1,777,,POINT (-91.914341075105 41.796645560538)
2014792741,14-2553,03/18/2014,03-March,3-Tuesday,22:50,2200 Hours,District 3 (Northwest),HOLSTEIN,IDA,US 20,US 20,Collision with fixed object:  Ditch,On Roadway,Non-collision (single vehicle),Driving too fast for conditions,None Indicated,,Dark - roadway not lighted,Slush,Snow,"Surface condition (e.g., wet, icy)",Non-intersection:  Non-junction/no special feature,Paved,,Property Damage Only,0,0,0,0,0,0,5000,1,2,,POINT (-95.534798344946 42.474887039081)
2014791870,2014-05431,03/18/2014,03-March,3-Tuesday,17:51,1700 Hours,District 5 (Southeast),,WARREN,,Co Rd R63/105TH AVE & INWOOD ST,Collision with:  Vehicle in traffic,On Roadway,Rear-end (front to rear),Crossed centerline (undivided),Alcohol (Statutory),,Daylight,Dry,Cloudy,None apparent,Intersection:  Four-way intersection,Paved,,Major Injury,0,2,1,1,0,0,32000,2,2,,POINT (-93.606575828046 41.373518642687)
2014791270,20140007263,03/18/2014,03-March,3-Tuesday,11:39,1100 Hours,District 1 (Central),DES MOINES,POLK,I-235,I-235 & US 69/E 14TH ST & MAPLE ST,Collision with:  Vehicle in traffic,On Roadway,"Sideswipe, same direction",Unknown,None Indicated,,Daylight,Dry,Cloudy,None apparent,Intersection:  Four-way intersection,Paved,,Property Damage Only,0,0,0,0,0,0,2400,2,2,,POINT (-93.599120390713 41.596572323006)
2014792027,20140007281,03/18/2014,03-March,3-Tuesday,16:12,1600 Hours,District 1 (Central),DES MOINES,POLK,,MADISON AVE,Collision with fixed object:  Tree,Outside trafficway,Non-collision (single vehicle),Ran off road - right,None Indicated,,Daylight,Dry,Cloudy,None apparent,Non-intersection:  Non-junction/no special feature,Paved,,Minor Injury,0,1,0,1,0,0,4200,1,2,,POINT (-93.627816824642 41.633132582538)
2014791660,2014-5314,03/18/2014,03-March,3-Tuesday,22:30,2200 Hours,District 6 (East Central),,SCOTT,US 67,US 67/GREAT RIVER RD,Collision with fixed object:  Ditch,On Roadway,Non-collision (single vehicle),Made improper turn,None Indicated,,Dark - roadway not lighted,Wet,Rain,None apparent,Non-intersection:  Non-junction/no special feature,Paved,,Property Damage Only,0,0,0,0,0,0,2000,1,1,,POINT (-90.425471576903 41.568336095425)
2014791863,14-001318,03/18/2014,03-March,3-Tuesday,13:10,1300 Hours,District 1 (Central),AMES,STORY,,CHESTNUT ST,Collision with:  Vehicle in traffic,On Roadway,Rear-end (front to rear),Followed too close,None Indicated,,Daylight,Dry,Cloudy,None apparent,Non-intersection:  Non-junction/no special feature,Paved,,Possible/Unknown,0,1,0,0,1,0,350,2,3,,POINT (-93.610619037454 42.011514588748)
2014791396,14005613,03/18/2014,03-March,3-Tuesday,16:48,1600 Hours,District 6 (East Central),MARION,LINN,,BOYSON RD,Collision with:  Vehicle in traffic,On Roadway,Broadside (front to side),FTYROW:  From stop sign,None Indicated,,Daylight,Dry,Cloudy,None apparent,Intersection:  T-intersection,Paved,,Property Damage Only,0,0,0,0,0,0,5500,2,2,,POINT (-91.601966398356 42.044675835029)
2014792071,201400013086,03/18/2014,03-March,3-Tuesday,15:30,1500 Hours,District 5 (Southeast),OTTUMWA,WAPELLO,US 34,US 34/MYRTLE ST & BARDELL ST,Collision with:  Vehicle in traffic,On Roadway,Broadside (front to side),Ran Stop Sign,None Indicated,,Daylight,Dry,Clear,None apparent,Intersection:  T-intersection,Paved,,Property Damage Only,0,0,0,0,0,0,4000,2,2,,POINT (-92.416213324155 41.010069661593)
2014791588,,03/18/2014,03-March,3-Tuesday,15:15,1500 Hours,District 3 (Northwest),MANSON,CALHOUN,,10TH AVE & MAIN ST,Collision with:  Vehicle in traffic,On Roadway,Rear-end (front to rear),Unknown,None Indicated,,Daylight,Dry,Clear,None apparent,Intersection:  Four-way intersection,Paved,,Property Damage Only,0,0,0,0,0,0,4500,2,3,,POINT (-94.534250165995 42.529227341641)
2014791662,14-5057,03/18/2014,03-March,3-Tuesday,13:37,1300 Hours,District 6 (East Central),BETTENDORF,SCOTT,,MIDDLE RD & FOREST GROVE DR,Collision with:  Vehicle in traffic,On Roadway,Broadside (front to side),FTYROW:  Other (explain in narrative),None Indicated,,Daylight,Dry,Cloudy,None apparent,Intersection:  Four-way intersection,Paved,,Possible/Unknown,0,1,0,0,1,0,40000,3,4,,POINT (-90.459542806528 41.590042975907)
2014791265,14-1807,03/18/2014,03-March,3-Tuesday,12:32,1200 Hours,District 1 (Central),BONDURANT,POLK,,GRANT ST S,Collision with:  Vehicle in traffic,On Roadway,Broadside (front to side),FTYROW:  From driveway,None Indicated,,Daylight,Dry,Cloudy,None apparent,Non-intersection:  Driveway access (within),Paved,,Property Damage Only,0,0,0,0,0,0,5000,2,3,,POINT (-93.463708295445 41.695178441881)
2014791419,14-1322,03/18/2014,03-March,3-Tuesday,20:35,2000 Hours,District 1 (Central),WEST DES MOINES,POLK,,GRAND AVE & 13TH ST,Collision with:  Vehicle in traffic,On Roadway,Broadside (front to side),Ran Traffic Signal,Alcohol (Statutory),,Dark - roadway lighted,Wet,Rain,None apparent,Intersection:  Four-way intersection,Paved,,Possible/Unknown,0,1,0,0,1,0,10000,2,3,,POINT (-93.721092891582 41.580514665186)
2014791904,,03/18/2014,03-March,3-Tuesday,15:50,1500 Hours,District 5 (Southeast),NEW LONDON,HENRY,US 34,US 34/NE RAMP/NW RAMP & Co Rd X23/NEW LONDON RD/S PINE ST,Collision with:  Vehicle in traffic,On Roadway,Rear-end (front to rear),FTYROW:  From parked position,None Indicated,,Daylight,Dry,Clear,None apparent,Interchange-related:  Off-ramp,Paved,,Property Damage Only,0,0,0,0,0,0,2000,2,2,,POINT (-91.41296346311 40.914497912124)
2014791215,141874,03/18/2014,03-March,3-Tuesday,23:45,2300 Hours,District 4 (Southwest),,DALLAS,IA 141,IA 141/141ST ST,Collision with:  Animal,,,Animal,None Indicated,,,,,,,Paved,,Property Damage Only,0,0,0,0,0,0,5000,1,1,,POINT (-94.00445953459 41.834987696173)
2014792246,2014-16334,03/18/2014,03-March,3-Tuesday,20:09,2000 Hours,District 6 (East Central),DAVENPORT,SCOTT,,,Collision with fixed object:  Other fixed object (explain in narrative),On Roadway,Head-on (front to front),Ran off road - left,None Indicated,,Dark - roadway lighted,Dry,Clear,None apparent,Non-intersection:  Non-junction/no special feature,,,Property Damage Only,0,0,0,0,0,0,8000,2,1,,POINT (-96.643700149993 40.233091251414)
2014791345,W14-026486,03/18/2014,03-March,3-Tuesday,12:53,1200 Hours,District 2 (Northeast),WATERLOO,BLACK HAWK,US 63,US 63/E MULLAN AVE & MULBERRY ST,Collision with:  Vehicle in traffic,On Roadway,"Sideswipe, same direction",Made improper turn,None Indicated,,Daylight,Dry,Cloudy,None apparent,Intersection:  Four-way intersection,Paved,,Property Damage Only,0,0,0,0,0,0,3000,2,2,,POINT (-92.339329399143 42.503300381574)
2014791802,20140007302,03/18/2014,03-March,3-Tuesday,21:04,2100 Hours,District 1 (Central),DES MOINES,POLK,,EASTON BLVD,Collision with:  Vehicle in traffic,On Roadway,"Sideswipe, same direction",Unknown,None Indicated,,Dark - roadway lighted,Wet,Rain,"Surface condition (e.g., wet, icy)",Non-intersection:  Non-junction/no special feature,Paved,,Property Damage Only,0,0,0,0,0,0,2500,2,2,,POINT (-93.569915249036 41.607574531585)
2014791439,14-0147,03/18/2014,03-March,3-Tuesday,02:00,0200 Hours,District 1 (Central),,WEBSTER,US 169,US 169/LAINSON AVE,Collision with fixed object:  Mailbox,On Roadway,Non-collision (single vehicle),Crossed centerline (undivided),Under Influence of Alcohol/Drugs/Medications,,Dark - roadway not lighted,Dry,Clear,None apparent,Non-intersection:  Non-junction/no special feature,Paved,,Property Damage Only,0,0,0,0,0,0,1600,1,2,,POINT (-94.184220370383 42.435748633596)
2014791420,14-1317,03/18/2014,03-March,3-Tuesday,14:38,1400 Hours,District 4 (Southwest),WEST DES MOINES,DALLAS,,JORDAN CREEK PKWY & ASHWORTH RD,Collision with:  Vehicle in traffic,On Roadway,"Sideswipe, same direction",FTYROW:  Other (explain in narrative),None Indicated,,Daylight,Dry,Cloudy,None apparent,Intersection:  Four-way intersection,Paved,,Property Damage Only,0,0,0,0,0,0,2000,2,2,,POINT (-93.809123710154 41.582694060711)
2014791283,20140007225,03/18/2014,03-March,3-Tuesday,01:15,0100 Hours,District 1 (Central),DES MOINES,POLK,,SW 5TH ST,Collision with:  Railway vehicle/train,On Roadway,Head-on (front to front),Other (explain in narrative):  Other,Alcohol (Statutory),,Dark - roadway lighted,Dry,Clear,None apparent,Non-intersection:  Railroad grade crossing,Paved,,Property Damage Only,0,0,0,0,0,0,5000,2,2,,POINT (-93.622281526931 41.583118564636)
2014791621,14-6526,03/18/2014,03-March,3-Tuesday,08:41,0800 Hours,District 1 (Central),NEWTON,JASPER,,Co Rd S74/HWY S-74 S,Collision with fixed object:  Ditch,On Roadway,Non-collision (single vehicle),Ran off road - left,None Indicated,,Daylight,Dry,Cloudy,None apparent,Non-intersection:  Non-junction/no special feature,Paved,,Major Injury,0,1,1,0,0,0,2600,1,1,,POINT (-93.039165145178 41.655502914874)
2014791569,GP20140199,03/18/2014,03-March,3-Tuesday,12:18,1200 Hours,District 1 (Central),GRINNELL,POWESHIEK,,5TH AVE & BROAD ST,Collision with:  Parked motor vehicle,On Roadway,"Sideswipe, same direction",Other (explain in narrative):  No improper action,None Indicated,,Daylight,Dry,Cloudy,None apparent,Non-intersection:  Non-junction/no special feature,Paved,,Property Damage Only,0,0,0,0,0,0,3500,2,2,,POINT (-92.72414204866 41.744700409459)
2014792163,14002699,03/18/2014,03-March,3-Tuesday,16:03,1600 Hours,District 2 (Northeast),,FAYETTE,,Co Rd W14/ROSE RD,Collision with:  Vehicle in traffic,On Roadway,"Sideswipe, opposite direction",Crossed centerline (undivided),None Indicated,,Daylight,Dry,Cloudy,None apparent,Non-intersection:  Non-junction/no special feature,Paved,,Property Damage Only,0,0,0,0,0,0,6500,2,3,,POINT (-91.953187462352 42.973476561109)
2014791653,14-0599,03/18/2014,03-March,3-Tuesday,20:40,2000 Hours,District 1 (Central),URBANDALE,POLK,,DOUGLAS AVE,Collision with:  Vehicle in traffic,On Roadway,Head-on (front to front),Crossed centerline (undivided),None Indicated,,Dark - roadway lighted,Wet,Rain,None apparent,Intersection:  Four-way intersection,Paved,,Possible/Unknown,0,1,0,0,1,0,10000,2,2,,POINT (-93.759429375782 41.629366048339)
2014794571,14-02330,03/18/2014,03-March,3-Tuesday,10:31,1000 Hours,District 5 (Southeast),MOUNT PLEASANT,HENRY,,N BROADWAY ST,Collision with:  Vehicle in traffic,On Roadway,Broadside (front to side),Other (explain in narrative):  Other,None Indicated,,Daylight,Dry,Clear,None apparent,Intersection:  T-intersection,Paved,,Possible/Unknown,0,1,0,0,1,0,1800,2,3,,POINT (-91.554379159951 40.979728420359)
2014791920,14-26498,03/18/2014,03-March,3-Tuesday,13:44,1300 Hours,District 2 (Northeast),CEDAR FALLS,BLACK HAWK,,UNIVERSITY AVE & N S FRONTAGE CONN,Collision with:  Vehicle in traffic,On Roadway,"Angle, oncoming left turn",FTYROW:  Making left turn,None Indicated,,Daylight,Dry,Cloudy,None apparent,Intersection:  Four-way intersection,Paved,,Property Damage Only,0,0,0,0,0,0,6000,2,4,,POINT (-92.428880387173 42.513048636255)
2014792245,2014-16305,03/18/2014,03-March,3-Tuesday,17:36,1700 Hours,District 6 (East Central),DAVENPORT,SCOTT,,W CENTRAL PARK AVE & GAINES ST,Collision with:  Vehicle in traffic,On Roadway,Rear-end (front to rear),Driver Distraction:  Reaching for object(s)/fallen object(s),None Indicated,,Daylight,Dry,Cloudy,None apparent,Non-intersection:  Non-junction/no special feature,Paved,,Property Damage Only,0,0,0,0,0,0,2500,2,3,,POINT (-90.582310747367 41.545516378663)
2014791559,14-001247,03/18/2014,03-March,3-Tuesday,10:44,1000 Hours,District 1 (Central),ANKENY,POLK,,NW STATE ST & NW 18TH ST,Collision with:  Vehicle in traffic,On Roadway,Broadside (front to side),Ran Traffic Signal,None Indicated,,Daylight,Dry,Clear,None apparent,Intersection:  Four-way intersection,Paved,,Minor Injury,0,2,0,1,1,0,6500,2,2,,POINT (-93.619670120987 41.74637794605)
2014791952,01-14-11099,03/18/2014,03-March,3-Tuesday,12:39,1200 Hours,District 6 (East Central),DUBUQUE,DUBUQUE,US 52,US 52/WHITE ST & E 20TH ST,Collision with:  Vehicle in traffic,On Roadway,Broadside (front to side),Ran Traffic Signal,None Indicated,,Daylight,Dry,Cloudy,None apparent,Intersection:  Four-way intersection,Paved,,Property Damage Only,0,0,0,0,0,0,5000,2,2,,POINT (-90.669354337519 42.511407429549)
2014791406,14-1821,03/18/2014,03-March,3-Tuesday,19:42,1900 Hours,District 1 (Central),GRIMES,POLK,IA 141,IA 141/IOWA 141 & NW TOWNER DR,Collision with:  Animal,,,Animal,None Indicated,,,,,,,Paved,,Property Damage Only,0,0,0,0,0,0,3000,1,3,,POINT (-93.775188932465 41.725204251563)
2014791395,14005598,03/18/2014,03-March,3-Tuesday,13:09,1300 Hours,District 6 (East Central),MARION,LINN,,29TH AVE & HIGHLAND DR,Collision with:  Vehicle in traffic,On Roadway,Broadside (front to side),FTYROW:  From stop sign,None Indicated,,Daylight,"Mud, dirt",Clear,None apparent,Intersection:  T-intersection,Paved,,Possible/Unknown,0,1,0,0,1,0,6000,2,2,,POINT (-91.571136275926 42.050375346454)
2014791366,140676,03/18/2014,03-March,3-Tuesday,16:48,1600 Hours,District 3 (Northwest),DENISON,CRAWFORD,,5TH AVE N & N 16TH ST,Collision with:  Vehicle in traffic,On Roadway,"Angle, oncoming left turn",Crossed centerline (undivided),None Indicated,,Daylight,Dry,Clear,None apparent,Intersection:  Four-way intersection,Paved,,Property Damage Only,0,0,0,0,0,0,14000,2,4,,POINT (-95.349714029943 42.022144517116)
2014792310,,03/18/2014,03-March,3-Tuesday,16:20,1600 Hours,District 2 (Northeast),,ALLAMAKEE,IA 76,IA 76/IOWA 76,Collision with:  Animal,On Roadway,Non-collision (single vehicle),Animal,None Indicated,,Daylight,Dry,Cloudy,,Non-intersection:  Non-junction/no special feature,Paved,,Property Damage Only,0,0,0,0,0,0,1747,1,1,,POINT (-91.201180155829 43.106915003672)
2014791421,14-000317,03/18/2014,03-March,3-Tuesday,07:21,0700 Hours,District 1 (Central),JOHNSTON,POLK,,NW BEAVER DR,Collision with:  Animal,On Roadway,Non-collision (single vehicle),Animal,None Indicated,,,,,,,Paved,,Property Damage Only,0,0,0,0,0,0,1600,1,1,,POINT (-93.718812572177 41.72516543613)
2014791854,2014-16196,03/18/2014,03-March,3-Tuesday,09:02,0900 Hours,District 6 (East Central),DAVENPORT,SCOTT,,IA 461/HARRISON ST & W LOCUST ST,Collision with:  Vehicle in traffic,On Roadway,Broadside (front to side),Ran Traffic Signal,None Indicated,,Daylight,Dry,Clear,None apparent,Intersection:  Four-way intersection,Paved,,Possible/Unknown,0,2,0,0,2,0,8200,2,4,,POINT (-90.577233957256 41.538285400634)
2014791246,14-007273,03/18/2014,03-March,3-Tuesday,04:30,0400 Hours,District 5 (Southeast),,LEE,US 61,US 61,Collision with:  Animal,,,Animal,None Indicated,,,,,,,Paved,,Property Damage Only,0,0,0,0,0,0,2000,1,1,,POINT (-91.361090445511 40.663646422151)
2014791846,14-5060,03/18/2014,03-March,3-Tuesday,15:53,1500 Hours,District 6 (East Central),BETTENDORF,SCOTT,,LINCOLN RD,Collision with:  Parked motor vehicle,Shoulder,Broadside (front to side),Improper Backing,None Indicated,,Daylight,Dry,Cloudy,None apparent,Non-intersection:  Non-junction/no special feature,Paved,,Property Damage Only,0,0,0,0,0,0,3000,2,1,,POINT (-90.501437801369 41.537707308464)
2014791424,14-010631,03/18/2014,03-March,3-Tuesday,03:50,0300 Hours,District 4 (Southwest),COUNCIL BLUFFS,POTTAWATTAMIE,,YELLOW POLE RD,Collision with fixed object:  Guardrail - face,Roadside,Non-collision (single vehicle),Ran off road - left,None Indicated,,Dark - roadway lighted,Dry,Clear,None apparent,Non-intersection:  Non-junction/no special feature,Paved,,Property Damage Only,0,0,0,0,0,0,1500,1,1,,POINT (-95.780180232793 41.288466734001)
2014791441,14-0148,03/18/2014,03-March,3-Tuesday,05:08,0500 Hours,District 1 (Central),,WEBSTER,,Co Rd P59/PARAGON AVE,Collision with fixed object:  Ditch,Shoulder,Non-collision (single vehicle),Over correcting/over steering,None Indicated,,Dark - roadway not lighted,Dry,Clear,None apparent,Non-intersection:  Non-junction/no special feature,Paved,,Minor Injury,0,1,0,1,0,0,20000,1,1,,POINT (-94.148674608659 42.57023248079)
2014792981,14030361,03/18/2014,03-March,3-Tuesday,20:40,2000 Hours,District 5 (Southeast),OTTUMWA,WAPELLO,US 63,US 63,Non-collision events:  Overturn/rollover,Shoulder,Non-collision (single vehicle),Crossed centerline (undivided),None Indicated,,Dark - roadway not lighted,Wet,Rain,None apparent,Non-intersection:  Non-junction/no special feature,Paved,,Major Injury,0,1,1,0,0,0,5000,1,2,,POINT (-92.394175043684 41.085551860663)
2014791342,14003686,03/18/2014,03-March,3-Tuesday,08:53,0800 Hours,District 5 (Southeast),,APPANOOSE,,Co Rd J46/HWY J46,Collision with:  Animal,,,Animal,None Indicated,,,,,,,Paved,,Property Damage Only,0,0,0,0,0,0,3500,1,1,,POINT (-93.022448321833 40.681394039107)
2014792243,2014-16272,03/18/2014,03-March,3-Tuesday,15:55,1500 Hours,District 6 (East Central),DAVENPORT,SCOTT,,E LOCUST ST & ADAMS ST,Collision with:  Vehicle in traffic,On Roadway,Rear-end (front to rear),Followed too close,None Indicated,,Daylight,Dry,Cloudy,None apparent,Non-intersection:  Non-junction/no special feature,Paved,,Property Damage Only,0,0,0,0,0,0,1700,2,2,,POINT (-90.552298234948 41.538351459929)
2014791375,14-9006,03/18/2014,03-March,3-Tuesday,14:20,1400 Hours,District 5 (Southeast),BURLINGTON,DES MOINES,,ANGULAR ST,Collision with:  Parked motor vehicle,On Roadway,Broadside (front to side),FTYROW:  Other (explain in narrative),None Indicated,,Daylight,Dry,Clear,None apparent,Non-intersection:  Non-junction/no special feature,Paved,,Property Damage Only,0,0,0,0,0,0,2250,2,1,,POINT (-91.103639373818 40.803029042601)
2014791428,2014-16175,03/18/2014,03-March,3-Tuesday,05:55,0500 Hours,District 6 (East Central),DAVENPORT,SCOTT,,ROCKINGHAM RD & SCHMIT RD,Collision with:  Vehicle in traffic,On Roadway,"Sideswipe, opposite direction",Lost Control,None Indicated,,Dark - roadway lighted,Dry,Clear,None apparent,Intersection:  T-intersection,Paved,,Property Damage Only,0,0,0,0,0,0,4000,2,4,,POINT (-90.608438435468 41.516440853004)
2014794483,,03/18/2014,03-March,3-Tuesday,13:04,1300 Hours,District 4 (Southwest),,FREMONT,,Co Rd J34/KNOX RD,Collision with fixed object:  Ditch,Shoulder,Non-collision (single vehicle),Over correcting/over steering,None Indicated,,Daylight,Dry,Cloudy,None apparent,Non-intersection:  Non-junction/no special feature,Paved,,Possible/Unknown,0,1,0,0,1,0,3500,1,1,,POINT (-95.701153702468 40.727765676265)
2014791414,20140007278,03/18/2014,03-March,3-Tuesday,15:36,1500 Hours,District 1 (Central),DES MOINES,POLK,I-235,I-235 & SCHOOL ST & 7TH ST,Collision with:  Vehicle in traffic,On Roadway,Broadside (front to side),Ran Traffic Signal,None Indicated,,Daylight,Dry,Cloudy,None apparent,Intersection:  Four-way intersection,Paved,,Property Damage Only,0,0,0,0,0,0,4000,2,6,,POINT (-93.626897658517 41.59525327265)
2014791659,14-5309,03/18/2014,03-March,3-Tuesday,19:40,1900 Hours,District 6 (East Central),,SCOTT,,Co Rd Y68/SCOTT PK RD,Collision with:  Animal,,Non-collision (single vehicle),Animal,None Indicated,,,,,,,Paved,,Property Damage Only,0,0,0,0,0,0,3000,1,1,,POINT (-90.544474416551 41.708673327073)