Iowa DOT Case Number,Law Enforcement Case Number,Date of Crash,Month of Crash,Day of Week,Time of Crash,Hour,DOT District,City Name,County Name,Route with System,Location Description,First Harmful Event,Location of First Harmful Event,Manner of Crash/Collision,Major Cause,Drug or Alcohol ,Environmental Conditions,Light Conditions,Surface Conditions,Weather Conditions,Roadway Contribution,Roadway Type,Roadway Surface,Work Zone,Crash Severity,Number of Fatalities,Number of Injuries,Number of Major Injuries,Number of Minor Injuries,Number of Possible Injuries,Number of Unknown Injuries,Amount of Property Damage,Number of Vehicles Involved,Total Number of Occupants,Travel Direction,Location
2014791934,14004293,03/21/2014,03-March,6-Friday,12:47,1200 Hours,District 2 (Northeast),MASON CITY,CERRO GORDO,,4TH ST SW & S JACKSON AVE,Collision with:  Vehicle in traffic,On Roadway,Rear-end (front to rear),Followed too close,None Indicated,,Daylight,Dry,Clear,None apparent,Non-intersection:  Non-junction/no special feature,Paved,,Property Damage Only,0,0,0,0,0,0,2700,2,2,,POINT (-93.211321497547 43.148253681567)
2014791697,W14-027509,03/21/2014,03-March,6-Friday,12:10,1200 Hours,District 2 (Northeast),WATERLOO,BLACK HAWK,,E SAN MARNAN DR,Collision with:  Vehicle in traffic,On Roadway,Rear-end (front to rear),Lost Control,None Indicated,,Daylight,Dry,Clear,None apparent,Non-intersection:  Non-junction/no special feature,Paved,,Property Damage Only,0,0,0,0,0,0,3317,2,6,,POINT (-92.322972292297 42.465992755513)
2014792171,201403957,03/21/2014,03-March,6-Friday,09:02,0900 Hours,District 6 (East Central),CEDAR RAPIDS,LINN,IA 922,IA 922/1ST AVE W,Collision with:  Vehicle in traffic,On Roadway,Rear-end (front to rear),Followed too close,None Indicated,,Daylight,Dry,Cloudy,None apparent,Non-intersection:  Non-junction/no special feature,Paved,,Property Damage Only,0,0,0,0,0,0,2750,2,2,,POINT (-91.682839616858 41.97313106929)
2014791774,14032024,03/21/2014,03-March,6-Friday,17:25,1700 Hours,District 4 (Southwest),CLARINDA,PAGE,,E WASHINGTON ST & N 6TH ST,Collision with:  Vehicle in traffic,On Roadway,Broadside (front to side),Other (explain in narrative):  Vision obstructed,None Indicated,,Daylight,Dry,Cloudy,None apparent,Non-intersection:  Non-junction/no special feature,Paved,,Property Damage Only,0,0,0,0,0,0,8000,2,2,,POINT (-95.025101881073 40.739227450517)
2014791748,201403990,03/21/2014,03-March,6-Friday,17:51,1700 Hours,District 6 (East Central),CEDAR RAPIDS,LINN,IA 922,IA 922/1ST AVE W,Collision with:  Vehicle in traffic,On Roadway,Rear-end (front to rear),Other (explain in narrative):  Other,None Indicated,,Daylight,Dry,Clear,None apparent,Non-intersection:  Non-junction/no special feature,Paved,,Property Damage Only,0,0,0,0,0,0,6000,3,3,,POINT (-91.687715612886 41.971367613595)
2014791885,14-8368,03/21/2014,03-March,6-Friday,10:53,1000 Hours,District 3 (Northwest),SIOUX CITY,WOODBURY,,17TH ST & PIERCE ST,Collision with:  Vehicle in traffic,On Roadway,"Sideswipe, same direction",Made improper turn,None Indicated,,Daylight,Dry,Clear,None apparent,Intersection:  T-intersection,Paved,,Possible/Unknown,0,1,0,0,1,0,9000,2,2,,POINT (-96.405062359762 42.508153988775)
2014791758,14005847,03/21/2014,03-March,6-Friday,19:44,1900 Hours,District 6 (East Central),MARION,LINN,,TAMA ST,Collision with:  Animal,On Roadway,Non-collision (single vehicle),Animal,None Indicated,,Dark - roadway not lighted,Dry,Clear,None apparent,Non-intersection:  Non-junction/no special feature,Paved,,Property Damage Only,0,0,0,0,0,0,2000,1,2,,POINT (-91.617561601272 42.019764097406)
2014795413,ACC14-009,03/21/2014,03-March,6-Friday,21:54,2100 Hours,District 2 (Northeast),CRESCO,HOWARD,,N ELM ST,Collision with:  Vehicle in traffic,On Roadway,Broadside (front to side),FTYROW:  From stop sign,None Indicated,,Dark - roadway lighted,Dry,Clear,None apparent,Intersection:  Four-way intersection,Paved,,Property Damage Only,0,0,0,0,0,0,6500,2,4,,POINT (-92.115984434773 43.375065586225)
2014792127,,03/21/2014,03-March,6-Friday,11:50,1100 Hours,District 3 (Northwest),LAKE CITY,CALHOUN,IA 175,IA 175/MAIN ST & WOODLAWN AVE,Collision with:  Vehicle in traffic,On Roadway,Broadside (front to side),FTYROW:  From stop sign,None Indicated,,Daylight,Dry,Clear,None apparent,Intersection:  Four-way intersection,Paved,,Property Damage Only,0,0,0,0,0,0,6000,2,2,,POINT (-94.731391262569 42.267369846482)
2014860911,14-013-AC-Y,03/21/2014,03-March,6-Friday,15:37,1500 Hours,District 3 (Northwest),MILFORD,DICKINSON,,9TH ST & J AVE,Collision with:  Vehicle in traffic,On Roadway,Broadside (front to side),FTYROW:  At uncontrolled intersection,None Indicated,,Daylight,Dry,Clear,None apparent,Non-intersection:  Non-junction/no special feature,Paved,,Property Damage Only,0,0,0,0,0,0,5500,2,6,,POINT (-95.15687979097 43.323878517821)
2014792286,14-0001362,03/21/2014,03-March,6-Friday,20:49,2000 Hours,District 1 (Central),AMES,STORY,,LINCOLN WAY & CAMPUS AVE,Collision with:  Vehicle in traffic,On Roadway,"Sideswipe, same direction",Made improper turn,None Indicated,,Dark - roadway lighted,Dry,Clear,None apparent,Intersection:  T-intersection,Paved,,Possible/Unknown,0,1,0,0,1,0,3800,2,4,,POINT (-93.657049124141 42.022732587388)
2014791787,14-001294,03/21/2014,03-March,6-Friday,17:43,1700 Hours,District 1 (Central),ANKENY,POLK,,SW STATE ST,Collision with:  Vehicle in traffic,On Roadway,"Angle, oncoming left turn",FTYROW:  Making left turn,None Indicated,,Daylight,Dry,Clear,None apparent,Intersection:  Four-way intersection,Paved,,Property Damage Only,0,0,0,0,0,0,8000,2,2,,POINT (-93.621909869823 41.705518930471)
2014792076,201400013580,03/21/2014,03-March,6-Friday,12:24,1200 Hours,District 5 (Southeast),OTTUMWA,WAPELLO,,W 2ND ST & PACKARD AVE,Collision with:  Vehicle in traffic,On Roadway,"Sideswipe, same direction",FTYROW:  Making left turn,None Indicated,,Daylight,Dry,Clear,None apparent,Intersection:  T-intersection,Paved,,Property Damage Only,0,0,0,0,0,0,5000,2,4,,POINT (-92.417942192354 41.02306815354)
2014792249,2014-17020,03/21/2014,03-March,6-Friday,14:54,1400 Hours,District 6 (East Central),DAVENPORT,SCOTT,,N DIVISION ST,Collision with:  Vehicle in traffic,On Roadway,Broadside (front to side),FTYROW:  Other (explain in narrative),None Indicated,,Daylight,Dry,Clear,None apparent,Non-intersection:  Non-junction/no special feature,Paved,,Property Damage Only,0,0,0,0,0,0,4500,3,4,,POINT (-90.600384214315 41.5735177932)
2014791726,14-09375,03/21/2014,03-March,6-Friday,17:23,1700 Hours,District 5 (Southeast),BURLINGTON,DES MOINES,,LEEBRICK ST,Collision with:  Parked motor vehicle,On Roadway,"Sideswipe, same direction",Other (explain in narrative):  Vision obstructed,None Indicated,,Daylight,Dry,Cloudy,None apparent,Non-intersection:  Non-junction/no special feature,Paved,,Property Damage Only,0,0,0,0,0,0,1500,2,1,,POINT (-91.121327791709 40.800859360171)
2014791816,20140007543,03/21/2014,03-March,6-Friday,15:07,1500 Hours,District 1 (Central),DES MOINES,POLK,,FLEUR DR,Collision with:  Vehicle in traffic,On Roadway,"Angle, oncoming left turn",FTYROW:  Making left turn,None Indicated,,Daylight,Dry,Clear,None apparent,Non-intersection:  Driveway access (within),Paved,,Property Damage Only,0,0,0,0,0,0,2300,2,2,,POINT (-93.645024345053 41.545450861791)
2014791965,01-14-11717,03/21/2014,03-March,6-Friday,22:30,2200 Hours,District 6 (East Central),DUBUQUE,DUBUQUE,,E COMMERCIAL ST,Collision with fixed object:  Bridge overhead structure,On Roadway,Non-collision (single vehicle),Ran off road - right,None Indicated,,Dark - roadway lighted,Dry,Cloudy,None apparent,Non-intersection:  Other non-intersection (explain in narrative),Paved,,Property Damage Only,0,0,0,0,0,0,2000,1,1,,POINT (-90.653456239936 42.499745287684)
2014791812,20140007584,03/21/2014,03-March,6-Friday,22:56,2200 Hours,District 1 (Central),DES MOINES,POLK,,LOCUST ST,Collision with:  Vehicle in traffic,On Roadway,Rear-end (front to rear),Followed too close,None Indicated,,Dark - roadway lighted,Dry,Clear,None apparent,Non-intersection:  Non-junction/no special feature,Paved,,Property Damage Only,0,0,0,0,0,0,3000,2,5,,POINT (-93.63069146041 41.58561278409)
2014791994,201400832,03/21/2014,03-March,6-Friday,07:30,0700 Hours,District 6 (East Central),,LINN,US 151,US 151 & BLAINES CROSSING RD,Collision with:  Animal,,,Animal,None Indicated,,,,,,,Paved,,Property Damage Only,0,0,0,0,0,0,3500,1,1,,POINT (-91.546303688251 41.946427242967)
2014791975,02-14-4635,03/21/2014,03-March,6-Friday,06:01,0600 Hours,District 6 (East Central),EPWORTH,DUBUQUE,,JACOBY DR W,Collision with:  Vehicle in traffic,On Roadway,Head-on (front to front),Made improper turn,None Indicated,,Dark - roadway lighted,Dry,Cloudy,None apparent,Intersection:  T-intersection,Paved,,Possible/Unknown,0,1,0,0,0,1,4000,2,2,,POINT (-90.941435235183 42.440461567761)
2014791822,20140007571,03/21/2014,03-March,6-Friday,20:44,2000 Hours,District 1 (Central),DES MOINES,POLK,,BUCHANAN ST & PENNSYLVANIA AVE,Collision with:  Vehicle in traffic,On Roadway,Broadside (front to side),FTYROW:  From stop sign,None Indicated,,Dark - roadway lighted,Dry,Cloudy,None apparent,Intersection:  Four-way intersection,Paved,,Property Damage Only,0,0,0,0,0,0,5100,2,3,,POINT (-93.608859265548 41.597376847628)
2014792290,14-003034,03/21/2014,03-March,6-Friday,18:45,1800 Hours,District 1 (Central),,TAMA,,Co Rd T47/HWY T47,Collision with:  Animal,,,Animal,None Indicated,,,,,,,Paved,,Property Damage Only,0,0,0,0,0,0,1501,1,1,,POINT (-92.688699929837 42.042456407305)
2014791884,14-8354,03/21/2014,03-March,6-Friday,07:29,0700 Hours,District 3 (Northwest),SIOUX CITY,WOODBURY,,43RD ST & POLK ST,Collision with:  Vehicle in traffic,On Roadway,Broadside (front to side),FTYROW:  From stop sign,None Indicated,,Daylight,Dry,Clear,None apparent,Intersection:  Four-way intersection,Paved,,Property Damage Only,0,0,0,0,0,0,6500,2,2,,POINT (-96.359129027054 42.543503022455)
2014792002,201400831,03/21/2014,03-March,6-Friday,05:50,0500 Hours,District 6 (East Central),,LINN,,Co Rd W36/LEWIS BOTTOMS RD,Collision with:  Animal,,,Animal,None Indicated,,,,,,,Paved,,Property Damage Only,0,0,0,0,0,0,8500,1,1,,POINT (-91.816988306037 42.145767120109)
2014792304,2014018745,03/21/2014,03-March,6-Friday,10:15,1000 Hours,District 4 (Southwest),,MILLS,US 34,US 34,Collision with:  Vehicle in traffic,On Roadway,Rear-end (front to rear),Followed too close,None Indicated,,Daylight,Dry,Clear,None apparent,Non-intersection:  Non-junction/no special feature,Paved,,Property Damage Only,0,0,0,0,0,0,9500,2,2,,POINT (-95.564159422523 41.030613221049)
2014791973,01-14-11660,03/21/2014,03-March,6-Friday,22:16,2200 Hours,District 6 (East Central),DUBUQUE,DUBUQUE,US 52,US 52/WHITE ST & E 16TH ST,Collision with:  Vehicle in traffic,On Roadway,Broadside (front to side),FTYROW:  From stop sign,None Indicated,,Dark - roadway lighted,Dry,Clear,None apparent,Intersection:  Four-way intersection,Paved,,Property Damage Only,0,0,0,0,0,0,8000,2,4,,POINT (-90.667645435254 42.508265849644)
2014791747,201403984,03/21/2014,03-March,6-Friday,17:25,1700 Hours,District 6 (East Central),CEDAR RAPIDS,LINN,,C ST RD SW,Collision with:  Vehicle in traffic,On Roadway,Rear-end (front to rear),Followed too close,None Indicated,,Daylight,Dry,Cloudy,None apparent,Non-intersection:  Non-junction/no special feature,Paved,,Property Damage Only,0,0,0,0,0,0,1500,2,2,,POINT (-91.637360693837 41.923938215052)
2014798007,141828PD,03/21/2014,03-March,6-Friday,11:33,1100 Hours,District 1 (Central),BOONE,BOONE,,HAWKEYE DR & S MARSHALL ST,Collision with:  Vehicle in traffic,On Roadway,Rear-end (front to rear),Followed too close,None Indicated,,Daylight,Dry,Cloudy,None apparent,Intersection:  Four-way intersection,Paved,,Possible/Unknown,0,1,0,0,1,0,15000,2,2,,POINT (-93.87830655381 42.037356395344)
2014791823,20140007562,03/21/2014,03-March,6-Friday,16:45,1600 Hours,District 1 (Central),DES MOINES,POLK,,BUCHANAN ST & E 12TH ST,Collision with:  Vehicle in traffic,On Roadway,Rear-end (front to rear),Separation of units,None Indicated,,Daylight,Dry,Clear,None apparent,Non-intersection:  Non-junction/no special feature,Paved,,Property Damage Only,0,0,0,0,0,0,1500,2,1,,POINT (-93.603848170222 41.597871652202)
2014792767,14-006193,03/21/2014,03-March,6-Friday,05:51,0500 Hours,District 5 (Southeast),,MARION,IA 5,IA 5/IOWA 5,Collision with:  Animal,,Non-collision (single vehicle),Animal,None Indicated,,,,,,,Paved,,Property Damage Only,0,0,0,0,0,0,2000,1,1,,POINT (-93.187592982925 41.325458164251)
2014791820,20140007557,03/21/2014,03-March,6-Friday,16:48,1600 Hours,District 1 (Central),DES MOINES,POLK,,MULBERRY ST,Collision with:  Vehicle in traffic,On Roadway,"Angle, oncoming left turn",FTYROW:  Making left turn,None Indicated,,Daylight,Dry,Cloudy,None apparent,Non-intersection:  Driveway access (within),Paved,,Property Damage Only,0,0,0,0,0,0,1800,2,2,,POINT (-93.625093106829 41.58481469092)
2014792074,201400013538,03/21/2014,03-March,6-Friday,06:40,0600 Hours,District 5 (Southeast),OTTUMWA,WAPELLO,,W 2ND ST,Collision with:  Vehicle in traffic,On Roadway,Broadside (front to side),FTYROW:  From driveway,None Indicated,,Dark - roadway lighted,Dry,Clear,None apparent,Non-intersection:  Driveway access (within),Paved,,Property Damage Only,0,0,0,0,0,0,2800,2,2,,POINT (-92.432312318902 41.033958593623)
2014793478,140699,03/21/2014,03-March,6-Friday,19:01,1900 Hours,District 3 (Northwest),,CRAWFORD,,290TH ST,Non-collision events:  Other non-collision (explain in narrative),On Roadway,Non-collision (single vehicle),Driving too fast for conditions,None Indicated,,Daylight,"Mud, dirt",Cloudy,"Surface condition (e.g., wet, icy)",Non-intersection:  Non-junction/no special feature,Unpaved,,Minor Injury,0,1,0,1,0,0,3000,1,1,,POINT (-95.304492883501 42.045495377632)
2014791821,20140007561,03/21/2014,03-March,6-Friday,17:14,1700 Hours,District 1 (Central),DES MOINES,POLK,,FLEUR DR,Collision with:  Vehicle in traffic,On Roadway,"Angle, oncoming left turn",FTYROW:  Making left turn,None Indicated,,Daylight,Dry,Clear,None apparent,Non-intersection:  Driveway access (within),Paved,,Property Damage Only,0,0,0,0,0,0,4000,2,2,,POINT (-93.644996350562 41.547459648991)
2014791716,CL14000820,03/21/2014,03-March,6-Friday,12:20,1200 Hours,District 6 (East Central),CLINTON,CLINTON,US 67,US 67/MAIN AVE,Collision with:  Vehicle in traffic,On Roadway,"Sideswipe, same direction",Improper or erratic lane changing,None Indicated,,Daylight,Dry,Clear,None apparent,Non-intersection:  Non-junction/no special feature,Paved,,Property Damage Only,0,0,0,0,0,0,1800,2,4,,POINT (-90.182997995771 41.873313068703)
2014792075,201400013579,03/21/2014,03-March,6-Friday,12:18,1200 Hours,District 5 (Southeast),OTTUMWA,WAPELLO,US 34,US 34 & N QUINCY AVE,Collision with:  Vehicle in traffic,On Roadway,"Angle, oncoming left turn",Ran Traffic Signal,None Indicated,,Daylight,Dry,Clear,None apparent,Intersection:  Four-way intersection,Paved,,Possible/Unknown,0,2,0,0,2,0,11000,2,3,,POINT (-92.438524131273 41.018332880247)
2014791742,SO1400938,03/21/2014,03-March,6-Friday,19:49,1900 Hours,District 5 (Southeast),,JEFFERSON,,Co Rd W21/PLEASANT PLAIN RD,Collision with:  Animal,,,Animal,None Indicated,,,,,,,Paved,,Property Damage Only,0,0,0,0,0,0,3500,1,1,,POINT (-91.875518229715 41.100276656704)
2014793596,,03/21/2014,03-March,6-Friday,13:30,1300 Hours,District 2 (Northeast),DECORAH,WINNESHIEK,IA 9,IA 9/IOWA 9,Collision with:  Vehicle in traffic,On Roadway,Rear-end (front to rear),Unknown,None Indicated,,Daylight,Dry,Clear,None apparent,Non-intersection:  Non-junction/no special feature,Paved,,Property Damage Only,0,0,0,0,0,0,4500,2,3,,POINT (-91.759933983634 43.289737427865)
2014791735,000749,03/21/2014,03-March,6-Friday,08:41,0800 Hours,District 6 (East Central),DYERSVILLE,DUBUQUE,,1ST AVE E,Collision with:  Parked motor vehicle,On Roadway,Unknown,Lost Control,None Indicated,,Daylight,Dry,Cloudy,None apparent,Non-intersection:  Non-junction/no special feature,Paved,,Minor Injury,0,1,0,1,0,0,40000,3,1,,POINT (-91.122210185253 42.484622772095)
2014791673,14-8340,03/21/2014,03-March,6-Friday,00:24,0000 Hours,District 3 (Northwest),SIOUX CITY,WOODBURY,I-29,I-29,Collision with:  Animal,,Non-collision (single vehicle),Animal,None Indicated,,,,,,,Paved,,Property Damage Only,0,0,0,0,0,0,4500,1,1,,POINT (-96.38827275992 42.480558156389)
2014792187,028-14,03/21/2014,03-March,6-Friday,02:20,0200 Hours,District 4 (Southwest),,MADISON,US 169,US 169,Collision with fixed object:  Ditch,On Roadway,Non-collision (single vehicle),Ran off road - right,None Indicated,,Dark - roadway not lighted,Dry,Clear,None apparent,Non-intersection:  Non-junction/no special feature,Paved,,Possible/Unknown,0,2,0,0,2,0,4200,1,3,,POINT (-94.017206138306 41.388402157957)
2014791674,14-8345,03/21/2014,03-March,6-Friday,01:40,0100 Hours,District 3 (Northwest),SIOUX CITY,WOODBURY,,W 19TH ST,Collision with fixed object:  Utility pole/light support,On Roadway,Non-collision (single vehicle),Ran off road - right,Alcohol (< Statutory),,Dark - roadway lighted,Dry,Clear,None apparent,Non-intersection:  Non-junction/no special feature,Paved,,Possible/Unknown,0,1,0,0,1,0,8569,1,1,,POINT (-96.453534849926 42.508133540923)
2014791647,20140007528,03/21/2014,03-March,6-Friday,12:20,1200 Hours,District 1 (Central),DES MOINES,POLK,US 69,US 69/SE 14TH ST & E RAILROAD AVE,Collision with:  Vehicle in traffic,On Roadway,Rear-end (front to rear),Other (explain in narrative):  Other,None Indicated,,Daylight,Dry,Clear,None apparent,Non-intersection:  Non-junction/no special feature,Paved,,Property Damage Only,0,0,0,0,0,0,1500,2,2,,POINT (-93.596887404484 41.57951518604)
2014792235,14-5231,03/21/2014,03-March,6-Friday,12:14,1200 Hours,District 6 (East Central),BETTENDORF,SCOTT,US 67,US 67/GRANT ST,Collision with:  Vehicle in traffic,On Roadway,"Sideswipe, same direction",Crossed centerline (undivided),None Indicated,,Daylight,Dry,Clear,None apparent,Intersection:  Intersection with ramp,Paved,,Property Damage Only,0,0,0,0,0,0,1500,3,8,,POINT (-90.514249345959 41.526195790781)
2014792250,2014-17094,03/21/2014,03-March,6-Friday,20:48,2000 Hours,District 6 (East Central),DAVENPORT,SCOTT,I-74,I-74 & E 53RD ST,Collision with:  Vehicle in traffic,On Roadway,Rear-end (front to rear),Followed too close,None Indicated,,Dark - roadway lighted,Dry,Cloudy,None apparent,Non-intersection:  Other non-intersection (explain in narrative),Paved,,Property Damage Only,0,0,0,0,0,0,1500,2,2,,POINT (-90.523995041499 41.57481529112)
2014794330,SO140105,03/21/2014,03-March,6-Friday,11:42,1100 Hours,District 4 (Southwest),,TAYLOR,,ADAMS AND TAYLOR,Unknown,On Roadway,Non-collision (single vehicle),Unknown,None Indicated,,Daylight,Dry,Clear,None apparent,Non-intersection:  Driveway access (within),Unpaved,,Possible/Unknown,0,1,0,0,1,0,0,1,1,,POINT (-94.807995305124 40.900615403732)
2014792296,2014018710,03/21/2014,03-March,6-Friday,06:00,0600 Hours,District 4 (Southwest),,POTTAWATTAMIE,I-80,I-80 & Co Rd M23/410TH ST,Collision with:  Vehicle in traffic,On Roadway,"Sideswipe, same direction",Lost Control,None Indicated,,Dark - roadway not lighted,Dry,Clear,None apparent,Non-intersection:  Other non-intersection (explain in narrative),Paved,,Property Damage Only,0,0,0,0,0,0,1800,2,2,,POINT (-95.402922333676 41.497677610689)
2014792251,2014-17232,03/22/2014,03-March,7-Saturday,12:40,1200 Hours,District 6 (East Central),DAVENPORT,SCOTT,US 6,US 6/W KIMBERLY RD & MARQUETTE ST,Collision with:  Vehicle in traffic,On Roadway,Broadside (front to side),Ran Traffic Signal,None Indicated,,Daylight,Dry,Cloudy,None apparent,Intersection:  Four-way intersection,Paved,,Possible/Unknown,0,1,0,0,1,0,11000,3,5,,POINT (-90.591048099902 41.560101088658)
2014791977,14-002894,03/22/2014,03-March,7-Saturday,21:44,2100 Hours,District 2 (Northeast),,FAYETTE,,K AVE,Collision with fixed object:  Ditch,On Roadway,Non-collision (single vehicle),Ran off road - right,None Indicated,,Dark - roadway not lighted,"Mud, dirt",Clear,None apparent,Non-intersection:  Non-junction/no special feature,Unpaved,,Property Damage Only,0,0,0,0,0,0,5000,1,1,,POINT (-91.805150550756 42.686156476708)
2014791966,01-14-11759,03/22/2014,03-March,7-Saturday,12:16,1200 Hours,District 6 (East Central),DUBUQUE,DUBUQUE,,PASADENA DR,Collision with:  Parked motor vehicle,On Roadway,"Sideswipe, same direction",Lost Control,None Indicated,,Daylight,Dry,Cloudy,None apparent,Non-intersection:  Non-junction/no special feature,Paved,,Property Damage Only,0,0,0,0,0,0,3500,2,2,,POINT (-90.718748159556 42.50771008442)
2014791945,3906-14,03/22/2014,03-March,7-Saturday,14:11,1400 Hours,District 3 (Northwest),SPENCER,CLAY,,E 2ND ST & 4TH AVE E,Collision with:  Vehicle in traffic,On Roadway,Broadside (front to side),Ran Stop Sign,None Indicated,,Daylight,Dry,Clear,None apparent,Intersection:  Four-way intersection,Paved,,Minor Injury,0,2,0,2,0,0,13300,2,2,,POINT (-95.139067523564 43.139714509282)
2014797493,14-142,03/22/2014,03-March,7-Saturday,02:11,0200 Hours,District 5 (Southeast),,WAYNE,,Co Rd S56/S56,Non-collision events:  Overturn/rollover,Shoulder,Non-collision (single vehicle),Ran off road - right,Alcohol (Statutory),,Dark - roadway not lighted,Dry,Clear,None apparent,Non-intersection:  Non-junction/no special feature,Paved,,Minor Injury,0,3,0,2,1,0,16000,1,3,,POINT (-93.165337879148 40.881718653457)
2014791801,20140007591,03/22/2014,03-March,7-Saturday,01:45,0100 Hours,District 1 (Central),DES MOINES,POLK,,COURT AVE & 2ND AVE,Collision with:  Vehicle in traffic,On Roadway,"Angle, oncoming left turn",FTYROW:  Making left turn,Alcohol (Statutory),,Dark - roadway lighted,Dry,Clear,None apparent,Intersection:  Four-way intersection,Paved,,Property Damage Only,0,0,0,0,0,0,15000,2,5,,POINT (-93.619161710401 41.585558359671)
2014791750,201404029,03/22/2014,03-March,7-Saturday,12:25,1200 Hours,District 6 (East Central),CEDAR RAPIDS,LINN,IA 922,IA 922/1ST AVE E & 16TH ST NE,Collision with:  Vehicle in traffic,On Roadway,Rear-end (front to rear),Improper Backing,None Indicated,,Daylight,Dry,Clear,None apparent,Non-intersection:  Non-junction/no special feature,Paved,,Property Damage Only,0,0,0,0,0,0,5800,2,3,,POINT (-91.650297870447 41.989270834288)
2014791700,W14-027878,03/22/2014,03-March,7-Saturday,07:58,0700 Hours,District 2 (Northeast),WATERLOO,BLACK HAWK,,E DONALD ST & HOPE AVE,Collision with:  Vehicle in traffic,On Roadway,"Sideswipe, same direction",Made improper turn,None Indicated,,Daylight,Dry,Clear,None apparent,Non-intersection:  Driveway access (within),Paved,,Property Damage Only,0,0,0,0,0,0,3500,2,2,,POINT (-92.336382840592 42.527572004726)
2014793499,00572,03/22/2014,03-March,7-Saturday,20:10,2000 Hours,District 2 (Northeast),CARPENTER,MITCHELL,,WILLIAM ST,Collision with:  Parked motor vehicle,Roadside,Rear-end (front to rear),Unknown,None Indicated,,Dark - roadway lighted,Dry,Cloudy,None apparent,Non-intersection:  Non-junction/no special feature,Paved,,Property Damage Only,0,0,0,0,0,0,5500,3,1,,POINT (-93.015069614684 43.415030363023)
2014792139,,03/22/2014,03-March,7-Saturday,08:11,0800 Hours,District 2 (Northeast),HUMBOLDT,HUMBOLDT,,6TH AVE N & 9TH ST N,Collision with:  Vehicle in traffic,On Roadway,Rear-end (front to rear),Other (explain in narrative):  Vision obstructed,None Indicated,,Daylight,Dry,Clear,None apparent,Non-intersection:  Driveway access (within),Paved,,Property Damage Only,0,0,0,0,0,0,2000,2,2,,POINT (-94.221054676674 42.727782155854)
2014792104,2014018958,03/22/2014,03-March,7-Saturday,20:00,2000 Hours,District 1 (Central),,POWESHIEK,I-80,I-80,Collision with:  Animal,On Roadway,Non-collision (single vehicle),Animal,None Indicated,,Dark - roadway not lighted,Dry,Clear,None apparent,Non-intersection:  Non-junction/no special feature,Paved,,Property Damage Only,0,0,0,0,0,0,3000,1,4,,POINT (-92.499654632198 41.694628461533)
2014791699,W14-027862,03/22/2014,03-March,7-Saturday,03:47,0300 Hours,District 2 (Northeast),WATERLOO,BLACK HAWK,,E SAN MARNAN DR,Collision with fixed object:  Other fixed object (explain in narrative),On Roadway,Non-collision (single vehicle),Ran off road - right,Refused,,Dark - roadway lighted,Dry,Clear,None apparent,Non-intersection:  Non-junction/no special feature,Paved,,Possible/Unknown,0,1,0,0,1,0,7250,1,1,,POINT (-92.333370851496 42.45925426548)
2014791761,14-006378,03/22/2014,03-March,7-Saturday,19:48,1900 Hours,District 5 (Southeast),,MARION,IA 92,IA 92/IOWA 92,Collision with:  Animal,,,Animal,None Indicated,,,,,,,Paved,,Property Damage Only,0,0,0,0,0,0,4500,1,1,,POINT (-92.997801936097 41.307046052703)
2014791731,14-09448,03/22/2014,03-March,7-Saturday,07:37,0700 Hours,District 5 (Southeast),BURLINGTON,DES MOINES,US 34,US 34/NW RAMP,Collision with:  Vehicle in traffic,On Roadway,"Sideswipe, same direction",Improper or erratic lane changing,None Indicated,,Daylight,Dry,Cloudy,None apparent,Interchange-related:  On-ramp merge area,Paved,,Property Damage Only,0,0,0,0,0,0,4500,2,5,,POINT (-91.144538841334 40.818259883441)
2014792373,J14000214,03/22/2014,03-March,7-Saturday,00:45,0000 Hours,District 6 (East Central),,JOHNSON,,SCALES BEND RD,Collision with fixed object:  Mailbox,On Roadway,Non-collision (single vehicle),Swerving/Evasive Action,Alcohol (Statutory),,Dark - roadway not lighted,Dry,Clear,None apparent,Non-intersection:  Non-junction/no special feature,Paved,,Minor Injury,0,1,0,1,0,0,11500,1,1,,POINT (-91.595030523811 41.779718688611)
2014792137,,03/22/2014,03-March,7-Saturday,17:30,1700 Hours,District 2 (Northeast),HUMBOLDT,HUMBOLDT,,2ND AVE N & 10TH ST N,Collision with:  Parked motor vehicle,On Roadway,Broadside (front to side),Unknown,None Indicated,,Unknown,Unknown,Unknown,Unknown,Unknown,Paved,,Property Damage Only,0,0,0,0,0,0,2000,2,1,,POINT (-94.222369785793 42.723220419925)
2014796123,1-14-000099,03/22/2014,03-March,7-Saturday,23:19,2300 Hours,District 4 (Southwest),,SHELBY,,1100TH ST,Non-collision events:  Other non-collision (explain in narrative),On Roadway,Non-collision (single vehicle),Swerving/Evasive Action,None Indicated,,Dark - roadway not lighted,"Mud, dirt",Cloudy,"Surface condition (e.g., wet, icy)",Non-intersection:  Non-junction/no special feature,Unpaved,,Property Damage Only,0,0,0,0,0,0,14600,1,4,,POINT (-95.388528487067 41.660506802453)
2014792217,14-011099,03/22/2014,03-March,7-Saturday,02:06,0200 Hours,District 4 (Southwest),COUNCIL BLUFFS,POTTAWATTAMIE,,S 1ST ST,Collision with:  Vehicle in traffic,Shoulder,Rear-end (front to rear),Lost Control,None Indicated,,Dark - roadway lighted,Dry,Cloudy,None apparent,Non-intersection:  Non-junction/no special feature,Paved,,Property Damage Only,0,0,0,0,0,0,6000,3,1,,POINT (-95.843389494171 41.263063816992)
2014791745,2014003126,03/22/2014,03-March,7-Saturday,04:30,0400 Hours,District 6 (East Central),IOWA CITY,JOHNSON,,N SCOTT BLVD,Non-collision events:  Other non-collision (explain in narrative),On Roadway,Non-collision (single vehicle),Ran off road - right,None Indicated,,Dark - roadway not lighted,Dry,Cloudy,None apparent,Non-intersection:  Non-junction/no special feature,Paved,,Property Damage Only,0,0,0,0,0,0,1500,1,1,,POINT (-91.505775189195 41.677329492904)