Iowa DOT Case Number,Law Enforcement Case Number,Date of Crash,Month of Crash,Day of Week,Time of Crash,Hour,DOT District,City Name,County Name,Route with System,Location Description,First Harmful Event,Location of First Harmful Event,Manner of Crash/Collision,Major Cause,Drug or Alcohol ,Environmental Conditions,Light Conditions,Surface Conditions,Weather Conditions,Roadway Contribution,Roadway Type,Roadway Surface,Work Zone,Crash Severity,Number of Fatalities,Number of Injuries,Number of Major Injuries,Number of Minor Injuries,Number of Possible Injuries,Number of Unknown Injuries,Amount of Property Damage,Number of Vehicles Involved,Total Number of Occupants,Travel Direction,Location
2014793248,SA1401886,03/22/2014,03-March,7-Saturday,03:45,0300 Hours,District 5 (Southeast),RIVERSIDE,WASHINGTON,,WALNUT AVE & 130TH ST,Collision with fixed object:  Ditch,On Roadway,Non-collision (single vehicle),"Operating vehicle in an reckless, erratic, careless, negligent manner",Alcohol (Statutory),,Dark - roadway lighted,Dry,Clear,None apparent,Intersection:  T-intersection,Unpaved,,Minor Injury,0,1,0,1,0,0,6000,1,1,,POINT (-91.536597761712 41.467665290686)
2014792253,2014-17290,03/22/2014,03-March,7-Saturday,18:27,1800 Hours,District 6 (East Central),DAVENPORT,SCOTT,,W LOCUST ST & N PINE ST,Collision with:  Vehicle in traffic,On Roadway,Rear-end (front to rear),Followed too close,None Indicated,,Daylight,Dry,Clear,None apparent,Non-intersection:  Non-junction/no special feature,Paved,,Property Damage Only,0,0,0,0,0,0,9000,2,3,,POINT (-90.610715151528 41.538256792828)
2014791848,14-5315,03/22/2014,03-March,7-Saturday,23:00,2300 Hours,District 6 (East Central),BETTENDORF,SCOTT,,MAGNOLIA CT,Collision with:  Vehicle in traffic,On Roadway,Head-on (front to front),Lost Control,Alcohol (Statutory),,Dark - roadway lighted,Dry,Clear,None apparent,Non-intersection:  Non-junction/no special feature,Paved,,Property Damage Only,0,0,0,0,0,0,3200,2,1,,POINT (-90.51520697233 41.555018824699)
2014791935,14004358,03/22/2014,03-March,7-Saturday,17:54,1700 Hours,District 2 (Northeast),MASON CITY,CERRO GORDO,IA 122,IA 122/4TH ST SW,Collision with:  Vehicle in traffic,On Roadway,Broadside (front to side),Made improper turn,None Indicated,,Daylight,Dry,Clear,None apparent,Non-intersection:  Non-junction/no special feature,Paved,,Property Damage Only,0,0,0,0,0,0,11000,3,6,,POINT (-93.256308763472 43.148287818772)
2014793597,,03/22/2014,03-March,7-Saturday,12:43,1200 Hours,District 2 (Northeast),DECORAH,WINNESHIEK,,WASHINGTON ST & W WATER ST & E WATER ST,Collision with:  Vehicle in traffic,On Roadway,"Sideswipe, same direction",Other (explain in narrative):  Vision obstructed,None Indicated,,Daylight,Dry,Clear,None apparent,Intersection:  T-intersection,Paved,,Property Damage Only,0,0,0,0,0,0,1500,2,3,,POINT (-91.785927630091 43.304144369307)
2014791732,14-09478,03/22/2014,03-March,7-Saturday,15:27,1500 Hours,District 5 (Southeast),BURLINGTON,DES MOINES,,MT PLEASANT ST & W ROOSEVELT FRONTAGE,Collision with:  Vehicle in traffic,On Roadway,"Sideswipe, same direction",Made improper turn,None Indicated,,Daylight,Dry,Clear,None apparent,Non-intersection:  Non-junction/no special feature,Paved,,Property Damage Only,0,0,0,0,0,0,5000,2,2,,POINT (-91.14246405541 40.825901151035)
2014792528,14-007889,03/22/2014,03-March,7-Saturday,20:01,2000 Hours,District 5 (Southeast),,LEE,IA 2,IA 2/IOWA 2,Collision with:  Animal,,,Animal,None Indicated,,,,,,,Paved,,Property Damage Only,0,0,0,0,0,0,3000,1,1,,POINT (-91.510307416808 40.631914249215)
2014796196,14-013,03/22/2014,03-March,7-Saturday,02:13,0200 Hours,District 3 (Northwest),,CALHOUN,,Co Rd N37/IBERIA AVE,Collision with fixed object:  Ditch,Roadside,Non-collision (single vehicle),Swerving/Evasive Action,None Indicated,,Dark - roadway not lighted,"Mud, dirt",Clear,None apparent,Non-intersection:  Non-junction/no special feature,Unpaved,,Possible/Unknown,0,1,0,0,1,0,8500,1,1,,POINT (-94.754760020133 42.210655798434)
2014793536,2014-17222,03/22/2014,03-March,7-Saturday,10:22,1000 Hours,District 6 (East Central),DAVENPORT,SCOTT,US 6,US 6/W KIMBERLY RD & NORTHWEST BLVD,Collision with:  Vehicle in traffic,On Roadway,Rear-end (front to rear),Followed too close,None Indicated,,Daylight,Dry,Cloudy,None apparent,Non-intersection:  Non-junction/no special feature,Paved,,Property Damage Only,0,0,0,0,0,0,3500,2,3,,POINT (-90.578348634719 41.56012238577)
2014792966,2014-17187,03/22/2014,03-March,7-Saturday,03:34,0300 Hours,District 6 (East Central),DAVENPORT,SCOTT,,IA 461/HARRISON ST & W 12TH ST,Collision with:  Vehicle in traffic,On Roadway,"Sideswipe, same direction",Made improper turn,None Indicated,,Dark - roadway lighted,Dry,Clear,None apparent,Non-intersection:  Non-junction/no special feature,Paved,,Property Damage Only,0,0,0,0,0,0,4500,2,3,,POINT (-90.57721832556 41.531962569081)
2014791818,20140007649,03/22/2014,03-March,7-Saturday,00:00,0000 Hours,District 1 (Central),DES MOINES,POLK,,38TH ST,Collision with:  Parked motor vehicle,On Roadway,Head-on (front to front),Lost Control,None Indicated,,Dark - roadway lighted,Dry,Cloudy,None apparent,Non-intersection:  Non-junction/no special feature,Paved,,Property Damage Only,0,0,0,0,0,0,6000,2,1,,POINT (-93.668300891519 41.62268119321)
2014792223,14-011154,03/22/2014,03-March,7-Saturday,15:49,1500 Hours,District 4 (Southwest),COUNCIL BLUFFS,POTTAWATTAMIE,I-29,I-29,Collision with:  Vehicle in traffic,On Roadway,"Sideswipe, same direction",Improper or erratic lane changing,None Indicated,,Daylight,Dry,Cloudy,Non-highway work,Non-intersection:  Non-junction/no special feature,Paved,,Property Damage Only,0,0,0,0,0,0,2000,2,2,,POINT (-95.893073856277 41.232941735896)
2014792252,2014-17251,03/22/2014,03-March,7-Saturday,15:32,1500 Hours,District 6 (East Central),DAVENPORT,SCOTT,,N PINE ST,Collision with:  Vehicle in traffic,On Roadway,Rear-end (front to rear),Followed too close,None Indicated,,Daylight,Dry,Clear,None apparent,Non-intersection:  Non-junction/no special feature,Paved,,Possible/Unknown,0,1,0,0,1,0,2500,2,2,,POINT (-90.610207956476 41.568940114411)
2014791868,2014-05723,03/22/2014,03-March,7-Saturday,21:46,2100 Hours,District 5 (Southeast),,WARREN,US 65,US 65,Non-collision events:  Overturn/rollover,Gore,Non-collision (single vehicle),Exceeded authorized speed,None Indicated,,Dark - roadway not lighted,Dry,Clear,None apparent,Non-intersection:  Non-junction/no special feature,Paved,,Major Injury,0,2,2,0,0,0,5000,1,2,,POINT (-93.564214595827 41.296682643599)
2014791835,14-1363,03/22/2014,03-March,7-Saturday,11:30,1100 Hours,District 1 (Central),WEST DES MOINES,POLK,,OFFICE PARK RD & 8TH ST,Collision with:  Vehicle in traffic,On Roadway,Rear-end (front to rear),Followed too close,None Indicated,,Daylight,Dry,Clear,None apparent,Intersection:  Four-way intersection,Paved,,Minor Injury,0,1,0,1,0,0,1600,2,3,,POINT (-93.713247534212 41.590336452747)
2014791704,201401195,03/22/2014,03-March,7-Saturday,20:54,2000 Hours,District 1 (Central),,BOONE,,Co Rd P54/CLOVER AVE,Non-collision events:  Overturn/rollover,Shoulder,Non-collision (single vehicle),Ran off road - right,None Indicated,,Dark - roadway not lighted,Dry,Clear,None apparent,Non-intersection:  Non-junction/no special feature,Paved,,Property Damage Only,0,0,0,0,0,0,5000,1,1,,POINT (-94.115902911838 41.911506480219)
2014791730,14-09461,03/22/2014,03-March,7-Saturday,12:08,1200 Hours,District 5 (Southeast),BURLINGTON,DES MOINES,,WASHINGTON ST,Collision with:  Vehicle in traffic,On Roadway,"Sideswipe, same direction",Other (explain in narrative):  Vision obstructed,None Indicated,,Daylight,Dry,Cloudy,None apparent,Non-intersection:  Non-junction/no special feature,Paved,,Property Damage Only,0,0,0,0,0,0,1750,2,4,,POINT (-91.111656870069 40.812501684715)
2014791788,14-0332,03/22/2014,03-March,7-Saturday,20:05,2000 Hours,District 1 (Central),CLIVE,POLK,,UNIVERSITY AVE,Collision with:  Vehicle in traffic,On Roadway,Rear-end (front to rear),Followed too close,None Indicated,,Dark - roadway lighted,Dry,Clear,None apparent,Non-intersection:  Non-junction/no special feature,Paved,,Property Damage Only,0,0,0,0,0,0,9000,2,4,,POINT (-93.736266581566 41.600450558386)
2014792392,1400000244,03/22/2014,03-March,7-Saturday,19:45,1900 Hours,District 1 (Central),,MARSHALL,,Co Rd E35/MAIN ST RD,Collision with:  Animal,,,Animal,None Indicated,,,,,,,Paved,,Property Damage Only,0,0,0,0,0,0,2500,1,1,,POINT (-92.837253379279 42.053472012941)
2014791827,20140007630,03/22/2014,03-March,7-Saturday,14:20,1400 Hours,District 1 (Central),DES MOINES,POLK,,ASCENSION ST & 13TH ST,Collision with:  Parked motor vehicle,On Roadway,"Sideswipe, same direction",Swerving/Evasive Action,None Indicated,,Daylight,Dry,Cloudy,None apparent,Intersection:  T-intersection,Paved,,Property Damage Only,0,0,0,0,0,0,8500,2,1,,POINT (-93.634209521643 41.598167544145)
2014791976,14-002860,03/22/2014,03-March,7-Saturday,10:27,1000 Hours,District 2 (Northeast),,FAYETTE,IA 187,IA 187/EISENHOWER RD,Collision with:  Vehicle in traffic,On Roadway,Broadside (front to side),FTYROW:  From driveway,None Indicated,,Daylight,Dry,Cloudy,None apparent,Non-intersection:  Driveway access (within),Paved,,Property Damage Only,0,0,0,0,0,0,36000,2,5,,POINT (-91.64691550506 42.732917165502)
2014792138,,03/22/2014,03-March,7-Saturday,13:32,1300 Hours,District 2 (Northeast),HUMBOLDT,HUMBOLDT,,2ND AVE N & 4TH ST N,Collision with:  Vehicle in traffic,On Roadway,"Sideswipe, opposite direction",Crossed centerline (undivided),None Indicated,,Daylight,Dry,Clear,None apparent,Non-intersection:  Non-junction/no special feature,Paved,,Property Damage Only,0,0,0,0,0,0,3500,2,2,,POINT (-94.213079833938 42.723463288653)
2014792519,2014003139,03/22/2014,03-March,7-Saturday,21:15,2100 Hours,District 6 (East Central),IOWA CITY,JOHNSON,US 218,US 218,Collision with:  Animal,On Roadway,Non-collision (single vehicle),Animal,None Indicated,,Dark - roadway not lighted,Dry,Clear,None apparent,Non-intersection:  Non-junction/no special feature,Paved,,Property Damage Only,0,0,0,0,0,0,2000,1,1,,POINT (-91.602810683119 41.660653666486)
2014791756,14005886,03/22/2014,03-March,7-Saturday,11:19,1100 Hours,District 6 (East Central),MARION,LINN,,10TH ST,Collision with:  Vehicle in traffic,On Roadway,"Sideswipe, same direction",FTYROW:  Other (explain in narrative),None Indicated,,Daylight,Dry,Cloudy,None apparent,Intersection:  Four-way intersection,Paved,,Property Damage Only,0,0,0,0,0,0,7000,2,2,,POINT (-91.599350997042 42.034475804087)
2014819356,1404-029,03/22/2014,03-March,7-Saturday,00:00,0000 Hours,District 3 (Northwest),SIBLEY,OSCEOLA,,9TH AVE,Collision with:  Vehicle in traffic,On Roadway,Rear-end (front to rear),"Operating vehicle in an reckless, erratic, careless, negligent manner",None Indicated,,Dark - roadway not lighted,Dry,Cloudy,None apparent,Non-intersection:  Non-junction/no special feature,Paved,,Property Damage Only,0,0,0,0,0,0,13000,2,2,,POINT (-95.741763703446 43.410776492052)
2014792077,201400013803,03/22/2014,03-March,7-Saturday,20:13,2000 Hours,District 5 (Southeast),OTTUMWA,WAPELLO,,GREENWOOD DR & OSCEOLA ST,Collision with:  Vehicle in traffic,On Roadway,Broadside (front to side),Ran Stop Sign,None Indicated,,Dark - unknown roadway lighting,Dry,Clear,None apparent,Intersection:  Four-way intersection,Paved,,Property Damage Only,0,0,0,0,0,0,2000,2,2,,POINT (-92.437264889414 41.005580194602)
2014792648,2014018972,03/22/2014,03-March,7-Saturday,21:05,2100 Hours,District 5 (Southeast),,KEOKUK,IA 1,IA 1/IOWA 1 & IA 78/IOWA 78,Collision with:  Animal,,,Animal,None Indicated,,,,,,,Paved,,Property Damage Only,0,0,0,0,0,0,2500,1,1,,POINT (-91.964627469654 41.17828194039)
2014791808,20140007600,03/22/2014,03-March,7-Saturday,05:25,0500 Hours,District 1 (Central),DES MOINES,POLK,,HUBBELL AVE & ELIZABETH AVE & E 23RD ST,Collision with:  Parked motor vehicle,Shoulder,Head-on (front to front),Ran off road - straight,None Indicated,,Dark - roadway lighted,Dry,Clear,None apparent,Intersection:  Five points or more,Paved,,Property Damage Only,0,0,0,0,0,0,8000,2,1,,POINT (-93.574429468662 41.603714983039)
2014791849,2014-17227,03/22/2014,03-March,7-Saturday,11:01,1100 Hours,District 6 (East Central),DAVENPORT,SCOTT,US 67,US 67/GAINES ST/NW LOOP,Collision with:  Vehicle in traffic,On Roadway,Rear-end (front to rear),Followed too close,None Indicated,,Daylight,Dry,Cloudy,None apparent,Intersection:  Intersection with ramp,Paved,,Possible/Unknown,0,1,0,0,1,0,1520,2,4,,POINT (-90.583573195066 41.520955398772)
2014791702,W14-028055,03/22/2014,03-March,7-Saturday,20:47,2000 Hours,District 2 (Northeast),WATERLOO,BLACK HAWK,,CROSSWAY DR,Collision with:  Vehicle in traffic,On Roadway,"Sideswipe, opposite direction",Other (explain in narrative):  Other,None Indicated,,Dark - roadway not lighted,Dry,Cloudy,None apparent,Non-intersection:  Other non-intersection (explain in narrative),Paved,,Property Damage Only,0,0,0,0,0,0,3500,2,1,,POINT (-92.4028808488 42.503901287951)
2014791764,2014002626,03/22/2014,03-March,7-Saturday,02:49,0200 Hours,District 1 (Central),MARSHALLTOWN,MARSHALL,,N 2ND ST,Collision with:  Parked motor vehicle,On Roadway,"Sideswipe, same direction",Unknown,None Indicated,,Dark - roadway lighted,Dry,Clear,None apparent,Non-intersection:  Non-junction/no special feature,Paved,,Property Damage Only,0,0,0,0,0,0,2000,2,1,,POINT (-92.916220802503 42.04962995038)
2014792274,2014-17228,03/22/2014,03-March,7-Saturday,02:30,0200 Hours,District 6 (East Central),DAVENPORT,SCOTT,,BELLE AVE,Collision with:  Parked motor vehicle,On Roadway,Head-on (front to front),Unknown,None Indicated,,Dark - roadway lighted,Dry,Unknown,None apparent,Non-intersection:  Non-junction/no special feature,Paved,,Property Damage Only,0,0,0,0,0,0,3000,2,1,,POINT (-90.543868405716 41.535577777175)
2014791729,14-9497,03/22/2014,03-March,7-Saturday,17:46,1700 Hours,District 5 (Southeast),BURLINGTON,DES MOINES,,HARRISON AVE & SUMMER ST,Collision with:  Vehicle in traffic,On Roadway,"Angle, oncoming left turn",FTYROW:  Making left turn,None Indicated,,Daylight,Dry,Cloudy,None apparent,Intersection:  Four-way intersection,Paved,,Property Damage Only,0,0,0,0,0,0,2750,2,3,,POINT (-91.116097080664 40.789235006488)
2014792273,2014-17182,03/22/2014,03-March,7-Saturday,03:18,0300 Hours,District 6 (East Central),DAVENPORT,SCOTT,US 67,US 67/W RIVER DR,Collision with fixed object:  Tree,Shoulder,Non-collision (single vehicle),Lost Control,None Indicated,,Dark - roadway lighted,Dry,Clear,None apparent,Non-intersection:  Non-junction/no special feature,Paved,,Property Damage Only,0,0,0,0,0,0,10500,1,1,,POINT (-90.574864950058 41.520204584429)
2014792043,14-0219,03/22/2014,03-March,7-Saturday,01:38,0100 Hours,District 1 (Central),WINDSOR HEIGHTS,POLK,I-235,I-235,Collision with fixed object:  Utility pole/light support,On Roadway,Non-collision (single vehicle),Ran off road - left,Refused,,Dark - roadway lighted,Dry,Clear,None apparent,Interchange-related:  Off-ramp,Paved,,Property Damage Only,0,0,0,0,0,0,6259,1,1,,POINT (-93.704755214397 41.592748717462)
2014791877,14-0824,03/22/2014,03-March,7-Saturday,06:00,0600 Hours,District 1 (Central),FORT DODGE,WEBSTER,,S 25TH ST,Collision with:  Vehicle in traffic,On Roadway,Unknown,Unknown,None Indicated,,Dawn,Dry,Clear,None apparent,Non-intersection:  Non-junction/no special feature,Paved,,Possible/Unknown,0,2,0,0,0,2,3000,2,2,,POINT (-94.163808744563 42.492288794738)
2014792158,01-14-11817,03/22/2014,03-March,7-Saturday,19:10,1900 Hours,District 6 (East Central),DUBUQUE,DUBUQUE,,PENNSYLVANIA AVE,Collision with:  Vehicle in traffic,On Roadway,"Sideswipe, same direction",Unknown,None Indicated,,Dusk,Dry,Clear,None apparent,Non-intersection:  Non-junction/no special feature,Paved,,Property Damage Only,0,0,0,0,0,0,2000,2,5,,POINT (-90.742493136008 42.500634115081)
2014798008,141856PD,03/22/2014,03-March,7-Saturday,16:27,1600 Hours,District 1 (Central),BOONE,BOONE,,MCHOSE DR,Collision with:  Other non-fixed object (explain in narrative),Outside trafficway,Non-collision (single vehicle),"Operating vehicle in an reckless, erratic, careless, negligent manner",None Indicated,,Daylight,"Mud, dirt",Cloudy,None apparent,Non-intersection:  Non-junction/no special feature,Unpaved,,Minor Injury,0,1,0,1,0,0,6000,1,3,,POINT (-93.888341792087 42.043097353174)
2014791997,201400851,03/22/2014,03-March,7-Saturday,14:22,1400 Hours,District 6 (East Central),,LINN,,CHAIN BRIDGE RD,Non-collision events:  Other non-collision (explain in narrative),Outside trafficway,Non-collision (single vehicle),Lost Control,None Indicated,,Daylight,Dry,Cloudy,None apparent,Unknown,Unpaved,,Property Damage Only,0,0,0,0,0,0,8000,1,1,,POINT (-91.775554238385 42.049415245374)
2014791817,20140007632,03/22/2014,03-March,7-Saturday,14:50,1400 Hours,District 1 (Central),DES MOINES,POLK,,E ARMY POST RD,Collision with:  Vehicle in traffic,On Roadway,Rear-end (front to rear),Followed too close,None Indicated,,Daylight,Dry,Cloudy,None apparent,Non-intersection:  Non-junction/no special feature,Paved,,Property Damage Only,0,0,0,0,0,0,4000,2,4,,POINT (-93.59857953298 41.526300203005)
2014791775,SO14000661,03/22/2014,03-March,7-Saturday,21:30,2100 Hours,District 3 (Northwest),,PLYMOUTH,,160TH ST,Collision with fixed object:  Ditch,Roadside,Non-collision (single vehicle),Driving too fast for conditions,None Indicated,,Dark - roadway not lighted,"Mud, dirt",Cloudy,"Surface condition (e.g., wet, icy)",Non-intersection:  Non-junction/no special feature,Unpaved,,Possible/Unknown,0,1,0,0,1,0,5000,1,1,,POINT (-96.472676977619 42.822505229066)
2014791826,20140007624,03/22/2014,03-March,7-Saturday,13:17,1300 Hours,District 1 (Central),DES MOINES,POLK,US 69,US 69/E 14TH ST & E GRAND AVE,Collision with:  Vehicle in traffic,On Roadway,Rear-end (front to rear),Lost Control,None Indicated,,Daylight,Dry,Clear,None apparent,Non-intersection:  Non-junction/no special feature,Paved,,Major Injury,0,1,1,0,0,0,7500,2,6,,POINT (-93.597963677665 41.593452830365)
2014791701,W14-027918,03/22/2014,03-March,7-Saturday,11:09,1100 Hours,District 2 (Northeast),WATERLOO,BLACK HAWK,US 218,US 218/1ST INNERLEG/2ND INNERLEG & AIRPORT BLVD,Collision with:  Vehicle in traffic,On Roadway,"Sideswipe, same direction",Made improper turn,None Indicated,,Daylight,Dry,Clear,None apparent,Intersection:  Four-way intersection,Paved,,Property Damage Only,0,0,0,0,0,0,6000,2,4,,POINT (-92.394323648411 42.538024396872)
2014791867,2014-05694,03/22/2014,03-March,7-Saturday,14:55,1400 Hours,District 5 (Southeast),,WARREN,,Co Rd R35/10TH AVE,Collision with fixed object:  Ditch,On Roadway,Non-collision (single vehicle),Ran off road - left,None Indicated,,Daylight,"Mud, dirt",Clear,None apparent,Non-intersection:  Non-junction/no special feature,Unpaved,,Possible/Unknown,0,1,0,0,1,0,4000,1,1,,POINT (-93.790616691501 41.470753907954)
2014792990,2014018888,03/22/2014,03-March,7-Saturday,11:10,1100 Hours,District 1 (Central),,POLK,US 65,US 65,Collision with:  Animal,,Non-collision (single vehicle),Animal,None Indicated,,,,,,,Paved,,Property Damage Only,0,0,0,0,0,0,2000,1,777,,POINT (-93.363163427379 41.777288239112)
2014791837,14-1367,03/22/2014,03-March,7-Saturday,16:57,1600 Hours,District 1 (Central),WEST DES MOINES,POLK,,GRAND AVE & DELAVAN DR,Collision with:  Vehicle in traffic,On Roadway,"Angle, oncoming left turn",FTYROW:  Making left turn,None Indicated,,Daylight,Dry,Cloudy,None apparent,Intersection:  T-intersection,Paved,,Possible/Unknown,0,1,0,0,1,0,6500,2,2,,POINT (-93.732450059145 41.569616162934)
2014791799,20140007768,03/22/2014,03-March,7-Saturday,21:30,2100 Hours,District 1 (Central),DES MOINES,POLK,,E 9TH ST,Collision with:  Vehicle in traffic,On Roadway,Broadside (front to side),Made improper turn,None Indicated,,Dark - roadway lighted,Dry,Clear,None apparent,Intersection:  Four-way intersection,Paved,,Property Damage Only,0,0,0,0,0,0,5000,2,2,,POINT (-93.606524177095 41.622231104889)
2014792003,201400848,03/22/2014,03-March,7-Saturday,00:00,0000 Hours,District 6 (East Central),,LINN,,JAPPA RD & MABIE RD,Collision with fixed object:  Ditch,Roadside,Non-collision (single vehicle),Ran Stop Sign,None Indicated,,Dark - roadway not lighted,Dry,Cloudy,None apparent,Intersection:  T-intersection,Paved,,Minor Injury,0,1,0,1,0,0,4000,1,1,,POINT (-91.578677106368 41.889686440516)
2014792900,CL14000837,03/22/2014,03-March,7-Saturday,22:30,2200 Hours,District 6 (East Central),CLINTON,CLINTON,IA 136,IA 136/MAIN AVE & MILL CREEK PKWY,Collision with:  Animal,,Non-collision (single vehicle),Animal,None Indicated,,,,,,,Paved,,Property Damage Only,0,0,0,0,0,0,1500,1,1,,POINT (-90.203144983185 41.873850893389)
2014792275,2014-17312,03/22/2014,03-March,7-Saturday,20:58,2000 Hours,District 6 (East Central),DAVENPORT,SCOTT,,W 4TH ST & GAINES ST,Collision with:  Vehicle in traffic,On Roadway,Broadside (front to side),Ran Traffic Signal,None Indicated,,Dark - roadway lighted,Dry,Clear,None apparent,Intersection:  T-intersection,Paved,,Property Damage Only,0,0,0,0,0,0,3500,2,4,,POINT (-90.582962457993 41.523518397837)
2014798716,S14-C2203,03/22/2014,03-March,7-Saturday,08:10,0800 Hours,District 5 (Southeast),,CLARKE,I-35,I-35,Collision with fixed object:  Concrete traffic barrier (median or right side),Median,Non-collision (single vehicle),Lost Control,None Indicated,,Daylight,Dry,Clear,Work Zone (roadway-related),Non-intersection:  Other non-intersection (explain in narrative),Paved,Yes,Property Damage Only,0,0,0,0,0,0,8500,1,5,,POINT (-93.781179792378 41.069137793048)
2014791928,14-002215,03/22/2014,03-March,7-Saturday,08:58,0800 Hours,District 4 (Southwest),ATLANTIC,CASS,,4TH ST & CHESTNUT ST,Collision with:  Non-motorist (see non-motorist section - NOT a unit),On Roadway,Non-collision (single vehicle),FTYROW:  Making right turn on red signal,None Indicated,,Daylight,Dry,Clear,None apparent,Intersection:  Four-way intersection,Paved,,Minor Injury,0,1,0,1,0,0,900,1,1,,POINT (-95.012986955193 41.407001485266)
2014791762,14-006315,03/22/2014,03-March,7-Saturday,02:00,0200 Hours,District 5 (Southeast),,MAHASKA,,Co Rd T23/ADAMS AVE,Collision with fixed object:  Ditch,Shoulder,Non-collision (single vehicle),Ran off road - right,None Indicated,,Dark - roadway not lighted,Dry,Clear,None apparent,Non-intersection:  Driveway access (within),Unpaved,,Property Damage Only,0,0,0,0,0,0,8650,1,1,,POINT (-92.870270764005 41.232496376165)
2014791749,201404010,03/22/2014,03-March,7-Saturday,00:44,0000 Hours,District 6 (East Central),CEDAR RAPIDS,LINN,I-380,I-380 & CENTER POINT RD NE,Collision with:  Vehicle in traffic,On Roadway,Broadside (front to side),Ran Traffic Signal,None Indicated,,Dark - roadway lighted,Dry,Cloudy,None apparent,Intersection:  Four-way intersection,Paved,,Possible/Unknown,0,3,0,0,3,0,20000,2,5,,POINT (-91.66799829641 42.027934921354)
2014791967,01-14-11782,03/22/2014,03-March,7-Saturday,15:15,1500 Hours,District 6 (East Central),DUBUQUE,DUBUQUE,,JOHN F KENNEDY RD,Collision with:  Vehicle in traffic,On Roadway,"Sideswipe, same direction",Improper or erratic lane changing,None Indicated,,Daylight,Dry,Clear,None apparent,Non-intersection:  Non-junction/no special feature,Paved,,Property Damage Only,0,0,0,0,0,0,4500,2,2,,POINT (-90.721203423999 42.499762301023)
2014791887,14-8512,03/22/2014,03-March,7-Saturday,15:00,1500 Hours,District 3 (Northwest),SIOUX CITY,WOODBURY,,S JUDD ST,Collision with:  Parked motor vehicle,On Roadway,"Sideswipe, same direction",Unknown,None Indicated,,Daylight,Dry,Clear,None apparent,Non-intersection:  Non-junction/no special feature,Paved,,Property Damage Only,0,0,0,0,0,0,1500,2,1,,POINT (-96.437945353579 42.495717459018)
2014792991,2014018960,03/22/2014,03-March,7-Saturday,20:45,2000 Hours,District 1 (Central),,STORY,I-35,I-35 & US 30,Collision with:  Animal,,Non-collision (single vehicle),Animal,None Indicated,,,,,,,Paved,,Property Damage Only,0,0,0,0,0,0,3000,1,1,,POINT (-93.565940354686 42.008059864402)
2014791717,CL14000831,03/22/2014,03-March,7-Saturday,12:35,1200 Hours,District 6 (East Central),CLINTON,CLINTON,US 30,US 30/LINCOLN WAY,Collision with:  Vehicle in traffic,On Roadway,Rear-end (front to rear),Followed too close,Refused,,Daylight,Dry,Cloudy,None apparent,Non-intersection:  Non-junction/no special feature,Paved,,Property Damage Only,0,0,0,0,0,0,4000,2,3,,POINT (-90.219636092778 41.8183620801)
2014792225,14-011128,03/22/2014,03-March,7-Saturday,11:35,1100 Hours,District 4 (Southwest),COUNCIL BLUFFS,POTTAWATTAMIE,US 6,US 6/KANESVILLE BLVD & RAILROAD HWY & RAILROAD AVE,Collision with:  Vehicle in traffic,On Roadway,Rear-end (front to rear),Followed too close,None Indicated,,Daylight,Dry,Clear,None apparent,Intersection:  Other intersection (explain in narrative),Paved,,Property Damage Only,0,0,0,0,0,0,2300,2,4,,POINT (-95.807733156977 41.279412566385)
2014792417,14-0636,03/22/2014,03-March,7-Saturday,16:32,1600 Hours,District 1 (Central),URBANDALE,POLK,,DOUGLAS PKWY,Collision with:  Vehicle in traffic,On Roadway,Broadside (front to side),FTYROW:  Making left turn,None Indicated,,Daylight,Dry,Clear,None apparent,Non-intersection:  Driveway access (within),Paved,,Property Damage Only,0,0,0,0,0,0,3500,2,5,,POINT (-93.781172482068 41.629508572457)
2014792109,2014018941,03/22/2014,03-March,7-Saturday,16:16,1600 Hours,District 5 (Southeast),,WASHINGTON,,190TH ST,Collision with fixed object:  Ditch,Outside trafficway,Non-collision (single vehicle),Ran off road - right,None Indicated,,Daylight,Dry,Cloudy,None apparent,Non-intersection:  Non-junction/no special feature,Unpaved,,Property Damage Only,0,0,0,0,0,0,2500,1,1,,POINT (-91.491051613087 41.376941856771)
2014791790,20140007656,03/22/2014,03-March,7-Saturday,21:45,2100 Hours,District 1 (Central),DES MOINES,POLK,,GLENBROOK DR,Collision with:  Parked motor vehicle,On Roadway,"Sideswipe, opposite direction",Unknown,None Indicated,,Dark - roadway not lighted,Dry,Clear,None apparent,Non-intersection:  Non-junction/no special feature,Paved,,Property Damage Only,0,0,0,0,0,0,2000,2,1,,POINT (-93.593057116751 41.615825187737)
2014791751,201404036,03/22/2014,03-March,7-Saturday,15:50,1500 Hours,District 6 (East Central),CEDAR RAPIDS,LINN,,A AVE NE & 8TH ST NE,Collision with:  Vehicle in traffic,On Roadway,Broadside (front to side),Ran Traffic Signal,Alcohol (Statutory),,Daylight,Dry,Cloudy,None apparent,Intersection:  Four-way intersection,Paved,,Property Damage Only,0,0,0,0,0,0,8000,2,4,,POINT (-91.662939518104 41.98341150729)