Iowa DOT Case Number,Law Enforcement Case Number,Date of Crash,Month of Crash,Day of Week,Time of Crash,Hour,DOT District,City Name,County Name,Route with System,Location Description,First Harmful Event,Location of First Harmful Event,Manner of Crash/Collision,Major Cause,Drug or Alcohol ,Environmental Conditions,Light Conditions,Surface Conditions,Weather Conditions,Roadway Contribution,Roadway Type,Roadway Surface,Work Zone,Crash Severity,Number of Fatalities,Number of Injuries,Number of Major Injuries,Number of Minor Injuries,Number of Possible Injuries,Number of Unknown Injuries,Amount of Property Damage,Number of Vehicles Involved,Total Number of Occupants,Travel Direction,Location
2014794326,SO140106,03/22/2014,03-March,7-Saturday,06:40,0600 Hours,District 4 (Southwest),,ADAMS,,Co Rd H33/180TH ST,Collision with:  Animal,On Roadway,Non-collision (single vehicle),Animal,None Indicated,,Dawn,Dry,Clear,None apparent,Non-intersection:  Non-junction/no special feature,Paved,,Property Damage Only,0,0,0,0,0,0,5000,1,1,,POINT (-94.561741327724 41.043357569877)
2014791838,14-1371,03/22/2014,03-March,7-Saturday,19:10,1900 Hours,District 1 (Central),WEST DES MOINES,POLK,,E P TRUE PKWY & MILLS CIVIC PKWY & 35TH ST,Collision with:  Vehicle in traffic,On Roadway,"Angle, oncoming left turn",FTYROW:  Making left turn,Alcohol (Statutory),,Dusk,Dry,Clear,None apparent,Intersection:  Four-way intersection,Paved,,Property Damage Only,0,0,0,0,0,0,4000,2,3,,POINT (-93.75194667265 41.570147838891)
2014791995,201400847,03/22/2014,03-March,7-Saturday,05:45,0500 Hours,District 6 (East Central),,LINN,US 30,US 30,Collision with:  Animal,On Roadway,Non-collision (single vehicle),Animal,None Indicated,,Dark - roadway not lighted,Dry,Cloudy,None apparent,Non-intersection:  Other non-intersection (explain in narrative),Paved,,Property Damage Only,0,0,0,0,0,0,5000,1,1,,POINT (-91.550530219465 41.926009016624)
2014791836,14-1364,03/22/2014,03-March,7-Saturday,15:30,1500 Hours,District 4 (Southwest),WEST DES MOINES,DALLAS,,JORDAN CREEK PKWY & WOODLAND AVE,Collision with:  Vehicle in traffic,On Roadway,Rear-end (front to rear),Followed too close,None Indicated,,Daylight,Dry,Cloudy,None apparent,Non-intersection:  Non-junction/no special feature,Paved,,Property Damage Only,0,0,0,0,0,0,1500,2,8,,POINT (-93.809124568224 41.584684649279)
2014792254,2014-17458,03/23/2014,03-March,1-Sunday,14:59,1400 Hours,District 6 (East Central),DAVENPORT,SCOTT,US 6,US 6/W KIMBERLY RD,Collision with:  Vehicle in traffic,On Roadway,Rear-end (front to rear),Swerving/Evasive Action,None Indicated,,Daylight,Dry,Clear,None apparent,Non-intersection:  Non-junction/no special feature,Paved,,Property Damage Only,0,0,0,0,0,0,8000,2,4,,POINT (-90.572778334288 41.560293073038)
2014791809,20140007689,03/23/2014,03-March,1-Sunday,09:45,0900 Hours,District 1 (Central),DES MOINES,POLK,US 69,US 69/E 14TH ST & CLEVELAND AVE,Unknown,Outside trafficway,Broadside (front to side),Lost Control,None Indicated,,Daylight,Dry,Clear,None apparent,Non-intersection:  Driveway access (within),Paved,,Possible/Unknown,0,1,0,0,0,1,2900,2,1,,POINT (-93.600507223615 41.60508593362)
2014791767,14-012014,03/23/2014,03-March,1-Sunday,02:51,0200 Hours,District 5 (Southeast),MUSCATINE,MUSCATINE,,GRANDVIEW AVE,Non-collision events:  Overturn/rollover,Outside trafficway,Non-collision (single vehicle),Exceeded authorized speed,Alcohol (Statutory),,Dark - roadway not lighted,Dry,Cloudy,"Surface condition (e.g., wet, icy)",Non-intersection:  Railroad grade crossing,Paved,,Possible/Unknown,0,1,0,0,1,0,5000,1,1,,POINT (-91.063276740146 41.409112566623)
2014792010,2014002655,03/23/2014,03-March,1-Sunday,03:00,0300 Hours,District 1 (Central),MARSHALLTOWN,MARSHALL,,LINCOLN WAY,Collision with fixed object:  Ditch,On Roadway,Non-collision (single vehicle),Ran off road - left,None Indicated,,Dark - roadway lighted,Dry,Clear,None apparent,Non-intersection:  Non-junction/no special feature,Paved,,Property Damage Only,0,0,0,0,0,0,1600,1,1,,POINT (-92.951900619031 42.039689152103)
2014798717,S14-C2301,03/23/2014,03-March,1-Sunday,13:35,1300 Hours,District 5 (Southeast),,CLARKE,US 34,US 34,Collision with:  Animal,,,Animal,None Indicated,,,,,,,Paved,,Property Damage Only,0,0,0,0,0,0,2500,1,1,,POINT (-94.012452142948 41.026720879025)
2014792375,C14000896,03/23/2014,03-March,1-Sunday,13:13,1300 Hours,District 6 (East Central),CORALVILLE,JOHNSON,US 6,US 6/2ND ST,Collision with:  Vehicle in traffic,On Roadway,Broadside (front to side),FTYROW:  Other (explain in narrative),None Indicated,,Daylight,Dry,Clear,None apparent,Non-intersection:  Driveway access (within),Paved,,Property Damage Only,0,0,0,0,0,0,11000,2,2,,POINT (-91.585755897147 41.676549322792)
2014792813,20140007714,03/23/2014,03-March,1-Sunday,16:20,1600 Hours,District 1 (Central),DES MOINES,POLK,,WASHINGTON AVE & VERMONT ST,Collision with fixed object:  Other fixed object (explain in narrative),On Roadway,Non-collision (single vehicle),Ran off road - right,None Indicated,,Daylight,Dry,Clear,None apparent,Intersection:  T-intersection,Paved,,Possible/Unknown,0,1,0,0,1,0,3000,1,2,,POINT (-93.614946289731 41.609107890995)
2014791876,14-0828,03/23/2014,03-March,1-Sunday,18:48,1800 Hours,District 1 (Central),FORT DODGE,WEBSTER,,KENYON RD & AVE C,Collision with:  Vehicle in traffic,On Roadway,Rear-end (front to rear),Followed too close,None Indicated,,Daylight,Dry,Clear,None apparent,Non-intersection:  Non-junction/no special feature,Paved,,Property Damage Only,0,0,0,0,0,0,1500,2,2,,POINT (-94.189961787164 42.492416458148)
2014791810,20140007692,03/23/2014,03-March,1-Sunday,10:23,1000 Hours,District 1 (Central),DES MOINES,POLK,,COLLEGE AVE & 19TH ST,Collision with:  Vehicle in traffic,On Roadway,Broadside (front to side),Ran Stop Sign,None Indicated,,Daylight,Dry,Clear,None apparent,Intersection:  Four-way intersection,Paved,,Property Damage Only,0,0,0,0,0,0,16000,2,2,,POINT (-93.642667932594 41.607722272634)
2014791757,14005962,03/23/2014,03-March,1-Sunday,11:36,1100 Hours,District 6 (East Central),MARION,LINN,,31ST ST & 7TH AVE,Collision with:  Vehicle in traffic,On Roadway,"Angle, oncoming left turn",FTYROW:  Making left turn,None Indicated,,Daylight,Dry,Clear,None apparent,Intersection:  Four-way intersection,Paved,,Property Damage Only,0,0,0,0,0,0,4000,2,2,,POINT (-91.579435662456 42.033663606902)
2014792105,2014019020,03/23/2014,03-March,1-Sunday,10:22,1000 Hours,District 1 (Central),,WEBSTER,,Co Rd D20/200TH ST,Non-collision events:  Overturn/rollover,Shoulder,Non-collision (single vehicle),Ran off road - right,None Indicated,,Daylight,Dry,"Blowing sand, soil, dirt",None apparent,Non-intersection:  Non-junction/no special feature,Paved,,Possible/Unknown,0,1,0,0,1,0,2000,1,1,,POINT (-94.000082303128 42.500967136198)
2014793683,141288,03/23/2014,03-March,1-Sunday,10:27,1000 Hours,District 1 (Central),IOWA FALLS,HARDIN,US 65,US 65/OAK ST & ROCKSYLVANIA AVE,Collision with:  Vehicle in traffic,On Roadway,Broadside (front to side),Ran Traffic Signal,None Indicated,,Daylight,Dry,Clear,None apparent,Intersection:  Four-way intersection,Paved,,Property Damage Only,0,0,0,0,0,0,4000,2,2,,POINT (-93.262983976902 42.5214376915)
2014792450,2014019039,03/23/2014,03-March,1-Sunday,12:35,1200 Hours,District 6 (East Central),,DELAWARE,US 20,US 20 & Co Rd X47/310TH AVE,Collision with:  Vehicle in traffic,On Roadway,Broadside (front to side),FTYROW:  Making left turn,None Indicated,,Daylight,Dry,Cloudy,None apparent,Non-intersection:  Crossover-related,Paved,,Minor Injury,0,4,0,1,3,0,23000,2,4,,POINT (-91.189720325157 42.470841224535)
2014791814,20140007666,03/23/2014,03-March,1-Sunday,00:23,0000 Hours,District 1 (Central),DES MOINES,POLK,,LOCUST ST & 12TH ST,Collision with:  Vehicle in traffic,On Roadway,Broadside (front to side),Ran Traffic Signal,None Indicated,,Dark - roadway lighted,Dry,Cloudy,None apparent,Intersection:  Four-way intersection,Paved,,Property Damage Only,0,0,0,0,0,0,7000,2,4,,POINT (-93.632307732693 41.585270638224)
2014792992,2014019019,03/23/2014,03-March,1-Sunday,09:49,0900 Hours,District 1 (Central),,STORY,I-35,I-35,Collision with:  Vehicle in traffic,On Roadway,"Sideswipe, same direction",FTYROW:  Other (explain in narrative),None Indicated,,Daylight,Dry,Cloudy,None apparent,Interchange-related:  On-ramp merge area,Paved,,Property Damage Only,0,0,0,0,0,0,5750,2,2,,POINT (-93.571109597699 42.004080359436)
2014792004,201400865,03/23/2014,03-March,1-Sunday,12:10,1200 Hours,District 6 (East Central),SPRINGVILLE,LINN,,MILL AVE & CIRCLE DR,Collision with fixed object:  Tree,Roadside,Non-collision (single vehicle),Swerving/Evasive Action,None Indicated,,Daylight,Dry,Cloudy,None apparent,Intersection:  T-intersection,Paved,,Possible/Unknown,0,1,0,0,1,0,10150,1,2,,POINT (-91.450726502067 42.053126816002)
2014791719,142017,03/23/2014,03-March,1-Sunday,20:14,2000 Hours,District 4 (Southwest),,DALLAS,US 169,US 169/N AVE,Collision with:  Animal,,,Animal,None Indicated,,,,,,,Paved,,Property Damage Only,0,0,0,0,0,0,5000,1,1,,POINT (-94.012636957192 41.510789387501)
2014791890,14-8590,03/23/2014,03-March,1-Sunday,03:29,0300 Hours,District 3 (Northwest),SIOUX CITY,WOODBURY,I-29,I-29 & US 77,Non-collision events:  Overturn/rollover,On Roadway,Non-collision (single vehicle),Swerving/Evasive Action,Alcohol (Statutory),,Dark - roadway lighted,Dry,Clear,None apparent,Non-intersection:  Non-junction/no special feature,Paved,,Property Damage Only,0,0,0,0,0,0,6000,1,1,,POINT (-96.413482174507 42.489795232655)
2014791865,14-003105,03/23/2014,03-March,1-Sunday,02:30,0200 Hours,District 1 (Central),DYSART,TAMA,,Co Rd V37/V37 & 140TH ST,Non-collision events:  Other non-collision (explain in narrative),On Roadway,Non-collision (single vehicle),Ran off road - right,None Indicated,,Dark - roadway not lighted,Dry,Clear,"Surface condition (e.g., wet, icy)",Non-intersection:  Non-junction/no special feature,Paved,,Minor Injury,0,1,0,1,0,0,5000,1,1,,POINT (-92.298861769954 42.243326425726)
2014792531,14008015,03/23/2014,03-March,1-Sunday,18:14,1800 Hours,District 5 (Southeast),KEOKUK,LEE,,VALLEY RD,Non-collision events:  Overturn/rollover,On Roadway,Non-collision (single vehicle),Ran off road - left,Refused,,Daylight,Dry,Clear,None apparent,Non-intersection:  Non-junction/no special feature,Unpaved,,Minor Injury,0,1,0,1,0,0,2500,1,1,,POINT (-91.455037652761 40.402255457982)
2014791892,14-8649,03/23/2014,03-March,1-Sunday,17:56,1700 Hours,District 3 (Northwest),SIOUX CITY,WOODBURY,,MILITARY RD,Collision with fixed object:  Utility pole/light support,Outside trafficway,Non-collision (single vehicle),Ran off road - left,None Indicated,,Daylight,Dry,Clear,None apparent,Non-intersection:  Non-junction/no special feature,Paved,,Major Injury,0,2,1,1,0,0,8000,1,2,,POINT (-96.448187435733 42.515345216871)
2014791813,20140007733,03/23/2014,03-March,1-Sunday,21:53,2100 Hours,District 1 (Central),DES MOINES,POLK,,52ND ST,Collision with:  Parked motor vehicle,On Roadway,Rear-end (front to rear),Other (explain in narrative):  Other,None Indicated,,Dark - roadway lighted,Dry,Clear,None apparent,Non-intersection:  Non-junction/no special feature,Paved,,Property Damage Only,0,0,0,0,0,0,3000,2,1,,POINT (-93.690195087923 41.634963709265)
2014792173,201404065,03/23/2014,03-March,1-Sunday,01:30,0100 Hours,District 6 (East Central),CEDAR RAPIDS,LINN,,GLASS RD NE & SHASTA DR NE,Collision with fixed object:  Traffic sign support,On Roadway,Non-collision (single vehicle),Ran off road - left,None Indicated,,Dark - roadway lighted,Dry,Clear,None apparent,Non-intersection:  Non-junction/no special feature,Paved,,Property Damage Only,0,0,0,0,0,0,9500,1,1,,POINT (-91.679763160053 42.014543282862)
2014792219,14-011263,03/23/2014,03-March,1-Sunday,11:25,1100 Hours,District 4 (Southwest),COUNCIL BLUFFS,POTTAWATTAMIE,,N 30TH ST,Collision with:  Vehicle in traffic,On Roadway,Broadside (front to side),Other (explain in narrative):  No improper action,None Indicated,,Daylight,Dry,Clear,None apparent,Non-intersection:  Non-junction/no special feature,Paved,,Property Damage Only,0,0,0,0,0,0,4000,2,3,,POINT (-95.892435803502 41.267145809965)
2014791825,20140007720,03/23/2014,03-March,1-Sunday,17:50,1700 Hours,District 1 (Central),DES MOINES,POLK,,GRANDVIEW AVE & N UNION ST,Collision with:  Vehicle in traffic,On Roadway,Unknown,Ran Stop Sign,None Indicated,,Daylight,Dry,Cloudy,None apparent,Intersection:  Four-way intersection,Paved,,Property Damage Only,0,0,0,0,0,0,5000,2,3,,POINT (-93.61021681052 41.620473173755)
2014791703,W14-028245,03/23/2014,03-March,1-Sunday,08:49,0800 Hours,District 2 (Northeast),WATERLOO,BLACK HAWK,,INDEPENDENCE AVE & VINTON ST,Collision with:  Vehicle in traffic,On Roadway,Broadside (front to side),FTYROW:  From stop sign,None Indicated,,Daylight,Dry,Clear,None apparent,Intersection:  Four-way intersection,Paved,,Property Damage Only,0,0,0,0,0,0,9500,2,2,,POINT (-92.320834360581 42.498347135389)
2014791968,01-14-11941,03/23/2014,03-March,1-Sunday,14:25,1400 Hours,District 6 (East Central),DUBUQUE,DUBUQUE,,LORAS BLVD & ALTA VISTA ST,Collision with:  Vehicle in traffic,On Roadway,"Angle, oncoming left turn",FTYROW:  Making left turn,None Indicated,,Daylight,Dry,Clear,None apparent,Intersection:  Other intersection (explain in narrative),Paved,,Possible/Unknown,0,1,0,0,1,0,5000,2,2,,POINT (-90.681188150049 42.502444276083)
2014791791,20140007672,03/23/2014,03-March,1-Sunday,01:36,0100 Hours,District 1 (Central),DES MOINES,POLK,IA 28,IA 28/IOWA 5 & ARMY POST RD,Collision with fixed object:  Ditch,On Roadway,Non-collision (single vehicle),Ran Traffic Signal,Alcohol (Statutory),,Dark - roadway lighted,Dry,Cloudy,None apparent,Intersection:  T-intersection,Paved,,Possible/Unknown,0,1,0,0,1,0,3500,1,1,,POINT (-93.68523133781 41.516448896284)
2014792686,14028288,03/23/2014,03-March,1-Sunday,12:32,1200 Hours,District 2 (Northeast),CEDAR FALLS,BLACK HAWK,,GREENHILL RD & S MAIN ST RD,Collision with:  Vehicle in traffic,On Roadway,Rear-end (front to rear),Other (explain in narrative):  Other,None Indicated,,Daylight,Dry,Clear,None apparent,Intersection:  Four-way intersection,Paved,,Property Damage Only,0,0,0,0,0,0,1750,2,3,,POINT (-92.44587973903 42.49859667627)
2014818108,14-000346,03/23/2014,03-March,1-Sunday,20:27,2000 Hours,District 1 (Central),,STORY,,270TH ST,Collision with:  Animal,On Roadway,Non-collision (single vehicle),Animal,None Indicated,,Dark - roadway not lighted,Dry,Clear,None apparent,Non-intersection:  Non-junction/no special feature,Unpaved,,Property Damage Only,0,0,0,0,0,0,5000,1,1,,POINT (-93.267330470239 41.964452549223)
2014791711,1403232421,03/23/2014,03-March,1-Sunday,06:35,0600 Hours,District 6 (East Central),,CLINTON,US 67,US 67,Collision with:  Animal,,,Animal,None Indicated,,,,,,,Paved,,Property Damage Only,0,0,0,0,0,0,4500,1,1,,POINT (-90.187350323463 41.995040399453)
2014792471,14028207,03/23/2014,03-March,1-Sunday,03:28,0300 Hours,District 2 (Northeast),CEDAR FALLS,BLACK HAWK,,PARKWAY AVE & N DIVISION ST,Collision with:  Parked motor vehicle,On Roadway,Unknown,Other (explain in narrative):  Other,None Indicated,,Dark - roadway lighted,Dry,Clear,None apparent,Intersection:  T-intersection,Paved,,Property Damage Only,0,0,0,0,0,0,3000,2,1,,POINT (-92.460758953853 42.538806569756)
2014793736,14059,03/23/2014,03-March,1-Sunday,11:05,1100 Hours,District 5 (Southeast),PELLA,MARION,,WASHINGTON ST & W 16TH ST,Collision with:  Vehicle in traffic,On Roadway,Rear-end (front to rear),"Operating vehicle in an reckless, erratic, careless, negligent manner",None Indicated,,Daylight,Dry,Clear,None apparent,Intersection:  Four-way intersection,Paved,,Possible/Unknown,0,1,0,0,1,0,7100,3,9,,POINT (-92.951949089361 41.410155920374)
2014792231,14-011254,03/23/2014,03-March,1-Sunday,09:49,0900 Hours,District 4 (Southwest),COUNCIL BLUFFS,POTTAWATTAMIE,,6TH AVE & S 19TH ST,Collision with:  Vehicle in traffic,On Roadway,Broadside (front to side),Unknown,None Indicated,,Daylight,Dry,Clear,None apparent,Non-intersection:  Non-junction/no special feature,Paved,,Property Damage Only,0,0,0,0,0,0,7500,2,2,,POINT (-95.872141522856 41.256216248903)
2014792031,20140007817,03/23/2014,03-March,1-Sunday,08:00,0800 Hours,District 1 (Central),DES MOINES,POLK,,UNIVERSITY AVE,Unknown,On Roadway,Unknown,Unknown,None Indicated,,Daylight,Unknown,Unknown,Unknown,Unknown,Paved,,Property Damage Only,0,0,0,0,0,0,2000,2,777,,POINT (-93.64926735723 41.600416363474)
2014792680,,03/23/2014,03-March,1-Sunday,16:29,1600 Hours,District 2 (Northeast),CHARLES CITY,FLOYD,,16TH AVE & E ST,Collision with:  Vehicle in traffic,On Roadway,Broadside (front to side),Ran Stop Sign,None Indicated,,Daylight,Dry,Clear,None apparent,Intersection:  Four-way intersection,Paved,,Property Damage Only,0,0,0,0,0,0,5500,2,2,,POINT (-92.666420483715 43.078246618254)
2014792830,2014-17354,03/23/2014,03-March,1-Sunday,00:52,0000 Hours,District 6 (East Central),DAVENPORT,SCOTT,,WISCONSIN AVE,Collision with fixed object:  Ditch,Shoulder,Non-collision (single vehicle),Ran off road - right,Refused,,Dark - roadway lighted,Dry,Clear,None apparent,Non-intersection:  Non-junction/no special feature,Paved,,Possible/Unknown,0,1,0,0,1,0,5000,1,1,,POINT (-90.646452689642 41.522620396165)
2014791889,14-8651,03/23/2014,03-March,1-Sunday,18:19,1800 Hours,District 3 (Northwest),SIOUX CITY,WOODBURY,,10TH ST,Non-collision events:  Overturn/rollover,On Roadway,Non-collision (single vehicle),Lost Control,Alcohol (Statutory),,Daylight,Dry,Cloudy,None apparent,Non-intersection:  Non-junction/no special feature,Unpaved,,Possible/Unknown,0,1,0,0,1,0,8000,1,1,,POINT (-96.364555789481 42.50127467963)
2014792297,2014019083,03/23/2014,03-March,1-Sunday,21:18,2100 Hours,District 4 (Southwest),,POTTAWATTAMIE,I-80,I-80,Non-collision events:  Overturn/rollover,Shoulder,Non-collision (single vehicle),Ran off road - right,None Indicated,,Dark - roadway not lighted,Dry,Clear,None apparent,Non-intersection:  Non-junction/no special feature,Paved,,Property Damage Only,0,0,0,0,0,0,120150,1,1,,POINT (-95.247236133115 41.497404036144)
2014791942,20140323EEP,03/23/2014,03-March,1-Sunday,15:15,1500 Hours,District 5 (Southeast),OSCEOLA,CLARKE,,,Collision with:  Vehicle in traffic,On Roadway,Broadside (front to side),Improper Backing,None Indicated,,Daylight,Dry,Clear,None apparent,Non-intersection:  Driveway access (within),,,Property Damage Only,0,0,0,0,0,0,3200,2,3,,POINT (-96.643700149993 40.233091251414)
2014792346,46-2014,03/23/2014,03-March,1-Sunday,05:00,0500 Hours,District 4 (Southwest),,HARRISON,,Co Rd F32/194TH ST,Collision with:  Animal,On Roadway,Non-collision (single vehicle),Animal,None Indicated,,Dark - roadway not lighted,Dry,Clear,None apparent,Non-intersection:  Non-junction/no special feature,Paved,,Possible/Unknown,0,1,0,0,1,0,11000,1,4,,POINT (-95.642302754414 41.72907828211)
2014808040,2014019070,03/23/2014,03-March,1-Sunday,18:30,1800 Hours,District 1 (Central),,JASPER,IA 330,IA 330/IOWA 330 N,Collision with:  Animal,,,Animal,None Indicated,,,,,,,Paved,,Property Damage Only,0,0,0,0,0,0,1800,1,1,,POINT (-93.281075542837 41.829650704352)
2014791752,201404051,03/23/2014,03-March,1-Sunday,00:11,0000 Hours,District 6 (East Central),CEDAR RAPIDS,LINN,I-380,I-380,Collision with fixed object:  Ditch,On Roadway,Non-collision (single vehicle),Ran off road - right,None Indicated,,Dark - roadway not lighted,Dry,Clear,None apparent,Non-intersection:  Non-junction/no special feature,Paved,,Property Damage Only,0,0,0,0,0,0,10200,1,1,,POINT (-91.669678173951 41.892163876741)
2014792287,14-001386,03/23/2014,03-March,1-Sunday,19:49,1900 Hours,District 1 (Central),AMES,STORY,US 69,US 69/LINCOLN WAY/GRAND AVE,Collision with:  Vehicle in traffic,On Roadway,"Angle, oncoming left turn",FTYROW:  Making left turn,None Indicated,,Dark - roadway lighted,Dry,Clear,None apparent,Intersection:  Four-way intersection,Paved,,Property Damage Only,0,0,0,0,0,0,3500,2,2,,POINT (-93.620222147362 42.022910470838)
2014791776,14-1917,03/23/2014,03-March,1-Sunday,12:44,1200 Hours,District 1 (Central),,POLK,US 69,US 69/N 14TH ST & NE 70TH AVE,Collision with fixed object:  Utility pole/light support,Outside trafficway,Non-collision (single vehicle),Ran off road - right,None Indicated,,Daylight,Dry,Clear,None apparent,Intersection:  Four-way intersection,Paved,,Property Damage Only,0,0,0,0,0,0,1500,1,2,,POINT (-93.600656380469 41.688383414101)
2014792353,14-140323-01,03/23/2014,03-March,1-Sunday,08:15,0800 Hours,District 6 (East Central),,IOWA,,Co Rd V60/JJ AVE,Non-collision events:  Overturn/rollover,Roadside,Non-collision (single vehicle),Crossed centerline (undivided),None Indicated,,Daylight,Dry,Cloudy,None apparent,Non-intersection:  Non-junction/no special feature,Unpaved,,Property Damage Only,0,0,0,0,0,0,4000,1,1,,POINT (-92.114276446498 41.732736829057)
2014792313,,03/23/2014,03-March,1-Sunday,01:30,0100 Hours,District 3 (Northwest),LAKE PARK,DICKINSON,,RAILROAD ST E,,Shoulder,Non-collision (single vehicle),Exceeded authorized speed,Alcohol (Statutory),,Dark - roadway lighted,Dry,Cloudy,None apparent,Non-intersection:  Non-junction/no special feature,Paved,,Minor Injury,0,1,0,1,0,0,4000,1,1,,POINT (-95.317112792086 43.452841631342)
2014791891,14-8627,03/23/2014,03-March,1-Sunday,14:36,1400 Hours,District 3 (Northwest),SIOUX CITY,WOODBURY,,W 4TH ST & 6TH ST & WESLEY PKWY,Collision with:  Vehicle in traffic,On Roadway,Broadside (front to side),Ran Traffic Signal,None Indicated,,Daylight,Dry,Cloudy,None apparent,Intersection:  Four-way intersection,Paved,,Possible/Unknown,0,1,0,0,1,0,2600,2,4,,POINT (-96.41074701227 42.496323964544)
2014791894,14-8673,03/23/2014,03-March,1-Sunday,21:22,2100 Hours,District 3 (Northwest),SIOUX CITY,WOODBURY,,STEUBEN ST,Collision with:  Vehicle in traffic,On Roadway,Rear-end (front to rear),Driving too fast for conditions,Alcohol (Statutory),,Dark - roadway not lighted,Dry,Clear,None apparent,Non-intersection:  Railroad grade crossing,Paved,,Property Damage Only,0,0,0,0,0,0,4000,2,2,,POINT (-96.388770636794 42.4908985993)
2014791811,20140007703,03/23/2014,03-March,1-Sunday,13:25,1300 Hours,District 1 (Central),DES MOINES,POLK,I-235,I-235 & 7TH ST,Collision with:  Vehicle in traffic,On Roadway,"Sideswipe, same direction",Swerving/Evasive Action,None Indicated,,Daylight,Dry,Clear,None apparent,Non-intersection:  Non-junction/no special feature,Paved,,Property Damage Only,0,0,0,0,0,0,2500,2,2,,POINT (-93.626878978881 41.595802816851)
2014793289,C14-0000886,03/23/2014,03-March,1-Sunday,19:00,1900 Hours,District 2 (Northeast),MARQUETTE,CLAYTON,IA 76,IA 76/IOWA 76,Collision with fixed object:  Traffic sign support,On Roadway,Non-collision (single vehicle),Crossed centerline (undivided),None Indicated,,Daylight,Dry,Clear,None apparent,Intersection:  Other intersection (explain in narrative),Paved,,Property Damage Only,0,0,0,0,0,0,2500,1,2,,POINT (-91.177988102204 43.041480284196)
2014792683,,03/23/2014,03-March,1-Sunday,08:00,0800 Hours,District 4 (Southwest),WOODBINE,HARRISON,,,Collision with:  Parked motor vehicle,On Roadway,Rear-end (front to rear),Driving too fast for conditions,None Indicated,,Daylight,Dry,Clear,None apparent,Non-intersection:  Non-junction/no special feature,,,Property Damage Only,0,0,0,0,0,0,5000,2,1,,POINT (-96.643700149993 40.233091251414)
2014791882,S14-2858,03/23/2014,03-March,1-Sunday,16:51,1600 Hours,District 3 (Northwest),SIOUX CITY,WOODBURY,I-29,I-29,Non-collision events:  Jackknife,On Roadway,Non-collision (single vehicle),Over correcting/over steering,None Indicated,,Daylight,Dry,Cloudy,None apparent,Non-intersection:  Non-junction/no special feature,Paved,,Property Damage Only,0,0,0,0,0,0,10000,1,1,,POINT (-96.418363903988 42.492080772496)
2014791866,14S00370,03/23/2014,03-March,1-Sunday,07:54,0700 Hours,District 4 (Southwest),,UNION,,JAGUAR AVE,Unknown,Unknown,Non-collision (single vehicle),Unknown,None Indicated,,Unknown,"Mud, dirt",Clear,None apparent,Non-intersection:  Non-junction/no special feature,Unpaved,,Property Damage Only,0,0,0,0,0,0,3000,1,1,,POINT (-94.298989208382 41.048600979268)
2014811485,S-IN-14-0075,03/23/2014,03-March,1-Sunday,22:00,2200 Hours,District 5 (Southeast),,WASHINGTON,,Co Rd W38/GINKGO AVE,Non-collision events:  Other non-collision (explain in narrative),Shoulder,Non-collision (single vehicle),Ran off road - right,Alcohol (Statutory),,Dark - roadway not lighted,Dry,Clear,None apparent,Non-intersection:  Non-junction/no special feature,Paved,,Minor Injury,0,1,0,1,0,0,1500,1,1,,POINT (-91.833007153117 41.446113666612)
2014791792,20140007678,03/23/2014,03-March,1-Sunday,02:19,0200 Hours,District 1 (Central),DES MOINES,POLK,US 6,US 6/DOUGLAS AVE & 37TH ST,Non-collision events:  Other non-collision (explain in narrative),On Roadway,Non-collision (single vehicle),Crossed centerline (undivided),Alcohol (Statutory),,Dark - roadway lighted,Dry,Clear,None apparent,Non-intersection:  Non-junction/no special feature,Paved,,Minor Injury,0,1,0,1,0,0,10200,1,1,,POINT (-93.667219056531 41.629523929685)
2014797042,14C01265,03/23/2014,03-March,1-Sunday,11:03,1100 Hours,District 4 (Southwest),CRESTON,UNION,US 34,US 34/NEW YORK AVE,Collision with:  Vehicle in traffic,On Roadway,Broadside (front to side),FTYROW:  From driveway,None Indicated,,Daylight,Dry,Clear,None apparent,Non-intersection:  Driveway access (within),Paved,,Property Damage Only,0,0,0,0,0,0,1500,2,3,,POINT (-94.376490556291 41.047710232724)
2014792435,14-000345,03/23/2014,03-March,1-Sunday,13:45,1300 Hours,District 1 (Central),,STORY,US 69,US 69 & IA 210/IOWA 210,Collision with:  Vehicle in traffic,On Roadway,Rear-end (front to rear),Other (explain in narrative):  Other,None Indicated,,Daylight,Dry,Clear,None apparent,Intersection:  Four-way intersection,Paved,,Possible/Unknown,0,1,0,0,1,0,2000,2,4,,POINT (-93.600401657848 41.877746920098)
2014792174,201404081,03/23/2014,03-March,1-Sunday,19:00,1900 Hours,District 6 (East Central),CEDAR RAPIDS,LINN,IA 922,IA 922/1ST AVE E & 29TH ST DR SE & 29TH ST NE,Collision with:  Vehicle in traffic,On Roadway,Broadside (front to side),Ran Traffic Signal,None Indicated,,Dark - roadway lighted,Dry,Clear,None apparent,Intersection:  Four-way intersection,Paved,,Property Damage Only,0,0,0,0,0,0,10000,2,7,,POINT (-91.634798670036 42.006136642889)
2014792369,14041134,03/23/2014,03-March,1-Sunday,12:53,1200 Hours,District 6 (East Central),WEST BRANCH,JOHNSON,,Co Rd F44/HOOVER HWY NE & OASIS RD,Collision with:  Vehicle in traffic,On Roadway,Rear-end (front to rear),Followed too close,None Indicated,,Daylight,Dry,Clear,None apparent,Non-intersection:  Non-junction/no special feature,Paved,,Property Damage Only,0,0,0,0,0,0,3000,2,2,,POINT (-91.385674132276 41.671084485128)