Iowa DOT Case Number,Law Enforcement Case Number,Date of Crash,Month of Crash,Day of Week,Time of Crash,Hour,DOT District,City Name,County Name,Route with System,Location Description,First Harmful Event,Location of First Harmful Event,Manner of Crash/Collision,Major Cause,Drug or Alcohol ,Environmental Conditions,Light Conditions,Surface Conditions,Weather Conditions,Roadway Contribution,Roadway Type,Roadway Surface,Work Zone,Crash Severity,Number of Fatalities,Number of Injuries,Number of Major Injuries,Number of Minor Injuries,Number of Possible Injuries,Number of Unknown Injuries,Amount of Property Damage,Number of Vehicles Involved,Total Number of Occupants,Travel Direction,Location
2014792041,14-1397,03/24/2014,03-March,2-Monday,15:33,1500 Hours,District 1 (Central),WEST DES MOINES,POLK,,GRAND AVE & 8TH ST,Collision with:  Vehicle in traffic,On Roadway,Broadside (front to side),Ran Traffic Signal,None Indicated,,Daylight,Dry,Cloudy,None apparent,Intersection:  Four-way intersection,Paved,,Property Damage Only,0,0,0,0,0,0,5500,2,6,,POINT (-93.713043223967 41.582672563931)
2014792661,,03/24/2014,03-March,2-Monday,17:00,1700 Hours,District 4 (Southwest),ADEL,DALLAS,US 6,US 6 & R AVE,Collision with:  Vehicle in traffic,On Roadway,Broadside (front to side),FTYROW:  From stop sign,None Indicated,,Daylight,Dry,Cloudy,None apparent,Intersection:  T-intersection,Paved,,Property Damage Only,0,0,0,0,0,0,7000,2,2,,POINT (-93.959997104339 41.614643531895)
2014792529,14-008140,03/24/2014,03-March,2-Monday,21:59,2100 Hours,District 5 (Southeast),,LEE,,CARBIDE LN,Collision with:  Animal,,,Animal,None Indicated,,,,,,,Paved,,Property Damage Only,0,0,0,0,0,0,2500,1,1,,POINT (-91.449266191982 40.422159314774)
2014795870,2014019107,03/24/2014,03-March,2-Monday,05:50,0500 Hours,District 1 (Central),,JASPER,I-80,I-80,Collision with:  Vehicle in traffic,On Roadway,Rear-end (front to rear),Driving too fast for conditions,None Indicated,,Dark - roadway not lighted,Snow,Snow,None apparent,Non-intersection:  Non-junction/no special feature,Paved,,Minor Injury,0,2,0,2,0,0,7000,3,3,,POINT (-93.291219946386 41.684296894301)
2014792727,14-0366,03/24/2014,03-March,2-Monday,17:25,1700 Hours,District 1 (Central),GRAND JUNCTION,GREENE,,217TH ST & 18TH ST N,Collision with fixed object:  Ditch,Roadside,Broadside (front to side),FTYROW:  From stop sign,None Indicated,,Daylight,Dry,Cloudy,None apparent,Intersection:  T-intersection,Unpaved,,Minor Injury,0,1,0,1,0,0,12000,2,4,,POINT (-94.2294252069 42.039436976729)
2014791917,14004010,03/24/2014,03-March,2-Monday,08:39,0800 Hours,District 5 (Southeast),,APPANOOSE,,Co Rd T61/310TH AVE,Collision with fixed object:  Ditch,On Roadway,Non-collision (single vehicle),Swerving/Evasive Action,None Indicated,,Daylight,Snow,Snow,"Surface condition (e.g., wet, icy)",Non-intersection:  Non-junction/no special feature,Paved,,Minor Injury,0,1,0,1,0,0,5000,1,1,,POINT (-92.695641651314 40.74348821175)
2014791800,20140007776,03/24/2014,03-March,2-Monday,11:25,1100 Hours,District 1 (Central),DES MOINES,POLK,,BELL AVE & SW 9TH ST,Collision with:  Vehicle in traffic,On Roadway,Rear-end (front to rear),Followed too close,None Indicated,,Daylight,Dry,Cloudy,None apparent,Non-intersection:  Non-junction/no special feature,Paved,,Possible/Unknown,0,1,0,0,1,0,2500,2,3,,POINT (-93.625512417856 41.562375292933)
2014792617,2014019312,03/24/2014,03-March,2-Monday,21:37,2100 Hours,District 1 (Central),,POWESHIEK,I-80,I-80,Collision with:  Vehicle in traffic,On Roadway,"Sideswipe, same direction",Swerving/Evasive Action,None Indicated,,Dark - roadway not lighted,Ice/frost,Snow,"Surface condition (e.g., wet, icy)",Non-intersection:  Non-junction/no special feature,Paved,,Property Damage Only,0,0,0,0,0,0,16527,2,2,,POINT (-92.346579504756 41.695607437223)
2014792146,W14-028645,03/24/2014,03-March,2-Monday,16:17,1600 Hours,District 2 (Northeast),WATERLOO,BLACK HAWK,,W 5TH ST,Collision with:  Vehicle in traffic,On Roadway,"Sideswipe, same direction",FTYROW:  From parked position,None Indicated,,Daylight,Dry,Clear,None apparent,Non-intersection:  Non-junction/no special feature,Paved,,Property Damage Only,0,0,0,0,0,0,3000,3,2,,POINT (-92.346359355011 42.48858013097)
2014792042,14-1401,03/24/2014,03-March,2-Monday,19:53,1900 Hours,District 1 (Central),WEST DES MOINES,POLK,,8TH ST,Collision with:  Vehicle in traffic,On Roadway,Broadside (front to side),Ran Traffic Signal,None Indicated,,Dark - roadway lighted,Dry,Cloudy,None apparent,Intersection:  Four-way intersection,Paved,,Property Damage Only,0,0,0,0,0,0,6000,3,4,,POINT (-93.713258936416 41.590282338225)
2014792107,2014019105,03/24/2014,03-March,2-Monday,06:20,0600 Hours,District 1 (Central),,STORY,I-35,I-35,Collision with fixed object:  Other fixed object (explain in narrative),On Roadway,Non-collision (single vehicle),Ran off road - right,None Indicated,,Dawn,Ice/frost,Snow,"Surface condition (e.g., wet, icy)",Non-intersection:  Non-junction/no special feature,Paved,,Property Damage Only,0,0,0,0,0,0,5500,1,1,,POINT (-93.570649877824 41.909305271378)
2014792317,,03/24/2014,03-March,2-Monday,14:45,1400 Hours,District 6 (East Central),CEDAR RAPIDS,LINN,,42ND ST NE,Collision with:  Vehicle in traffic,On Roadway,Rear-end (front to rear),Unknown,None Indicated,,Daylight,Dry,Cloudy,,Non-intersection:  Driveway access (within),Paved,,Property Damage Only,0,0,0,0,0,0,3500,2,2,,POINT (-91.665065136905 42.021479297501)
2014792009,2014002700,03/24/2014,03-March,2-Monday,12:15,1200 Hours,District 1 (Central),MARSHALLTOWN,MARSHALL,IA 14,IA 14/S CENTER ST & WESTWOOD DR,Collision with:  Vehicle in traffic,On Roadway,Broadside (front to side),FTYROW:  Making right turn on red signal,None Indicated,,Daylight,Wet,Snow,None apparent,Intersection:  T-intersection,Paved,,Property Damage Only,0,0,0,0,0,0,2000,2,3,,POINT (-92.912417265724 42.021076153767)
2014792048,S79140091,03/24/2014,03-March,2-Monday,21:30,2100 Hours,District 1 (Central),,POWESHIEK,I-80,I-80,Collision with fixed object:  Guardrail - face,On Roadway,Non-collision (single vehicle),Driving too fast for conditions,None Indicated,,Dark - roadway not lighted,Ice/frost,Snow,"Surface condition (e.g., wet, icy)",Non-intersection:  Non-junction/no special feature,Paved,,Property Damage Only,0,0,0,0,0,0,6500,1,3,,POINT (-92.489150519831 41.69474437766)
2014792045,S79140089,03/24/2014,03-March,2-Monday,21:20,2100 Hours,District 1 (Central),,POWESHIEK,I-80,I-80,Unknown,Shoulder,Non-collision (single vehicle),Lost Control,None Indicated,,Dark - unknown roadway lighting,Ice/frost,Snow,"Surface condition (e.g., wet, icy)",Non-intersection:  Non-junction/no special feature,Paved,,Minor Injury,0,1,0,1,0,0,3000,1,1,,POINT (-92.438112603182 41.696127451545)
2014792034,20140007820,03/24/2014,03-March,2-Monday,19:15,1900 Hours,District 1 (Central),DES MOINES,POLK,,LYON ST & PENNSYLVANIA AVE,Collision with:  Vehicle in traffic,On Roadway,Broadside (front to side),FTYROW:  From stop sign,None Indicated,,Daylight,Dry,Clear,None apparent,Intersection:  Other intersection (explain in narrative),Paved,,Property Damage Only,0,0,0,0,0,0,6000,2,3,,POINT (-93.608163824013 41.593597486546)
2014792023,14-001322,03/24/2014,03-March,2-Monday,07:47,0700 Hours,District 1 (Central),ANKENY,POLK,,NW PRAIRIE RIDGE DR & NW STATE ST,Collision with:  Vehicle in traffic,On Roadway,"Angle, oncoming left turn",FTYROW:  Making left turn,None Indicated,,Daylight,Ice/frost,Cloudy,"Surface condition (e.g., wet, icy)",Intersection:  T-intersection,Paved,,Property Damage Only,0,0,0,0,0,0,3000,2,4,,POINT (-93.620045809666 41.741674260953)
2014792179,201404140,03/24/2014,03-March,2-Monday,22:26,2200 Hours,District 6 (East Central),CEDAR RAPIDS,LINN,,16TH AVE SW,Collision with fixed object:  Curb/island/raised median,On Roadway,Non-collision (single vehicle),Crossed centerline (undivided),Refused,,Dark - roadway lighted,Snow,Snow,"Surface condition (e.g., wet, icy)",Non-intersection:  Other non-intersection (explain in narrative),Paved,,Property Damage Only,0,0,0,0,0,0,5000,1,1,,POINT (-91.659037807053 41.966857181404)
2014899592,NT-14-044,03/24/2014,03-March,2-Monday,08:30,0800 Hours,District 1 (Central),NEVADA,STORY,US 30,US 30 & 6TH ST,Collision with:  Vehicle in traffic,Median,Non-collision (single vehicle),Lost Control,None Indicated,,Daylight,Ice/frost,Snow,"Surface condition (e.g., wet, icy)",Intersection:  Four-way intersection,Paved,,Property Damage Only,0,0,0,0,0,0,2200,1,1,,POINT (-93.4533126416 42.005641748442)
2014793737,14060,03/24/2014,03-March,2-Monday,20:45,2000 Hours,District 5 (Southeast),PELLA,MARION,IA 163,IA 163/IOWA 163,Collision with:  Vehicle in traffic,On Roadway,"Sideswipe, same direction",Other (explain in narrative):  Other,None Indicated,,Dark - roadway not lighted,Wet,Snow,None apparent,Non-intersection:  Non-junction/no special feature,Paved,,Property Damage Only,0,0,0,0,0,0,10000,2,2,,POINT (-92.906464252507 41.389572568444)
2014796426,14-070324-02,03/24/2014,03-March,2-Monday,22:35,2200 Hours,District 6 (East Central),,IOWA,I-80,I-80,Collision with fixed object:  Other fixed object (explain in narrative),Shoulder,Non-collision (single vehicle),Driving too fast for conditions,None Indicated,,Dark - roadway not lighted,Ice/frost,Snow,"Surface condition (e.g., wet, icy)",Non-intersection:  Non-junction/no special feature,Paved,,Property Damage Only,0,0,0,0,0,0,3500,1,3,,POINT (-91.920318964716 41.6877815986)
2014791734,14-404,03/24/2014,03-March,2-Monday,08:20,0800 Hours,District 3 (Northwest),SPIRIT LAKE,DICKINSON,,HILL AVE,Collision with fixed object:  Tree,Roadside,Non-collision (single vehicle),Ran off road - left,None Indicated,,Daylight,Snow,Cloudy,"Surface condition (e.g., wet, icy)",Non-intersection:  Non-junction/no special feature,Paved,,Property Damage Only,0,0,0,0,0,0,2100,1,3,,POINT (-95.102309887135 43.415800918048)
2014791793,20140007750,03/24/2014,03-March,2-Monday,06:30,0600 Hours,District 1 (Central),DES MOINES,POLK,US 69,US 69/SE 14TH ST & E BELL AVE,Collision with:  Vehicle in traffic,On Roadway,Broadside (front to side),Ran Traffic Signal,None Indicated,,Dark - roadway lighted,Snow,Snow,None apparent,Intersection:  Four-way intersection,Paved,,Possible/Unknown,0,2,0,0,2,0,11000,5,5,,POINT (-93.596947329098 41.562572175875)
2014794035,2014019299,03/24/2014,03-March,2-Monday,21:20,2100 Hours,District 1 (Central),,POWESHIEK,I-80,I-80,Collision with fixed object:  Guardrail - face,On Roadway,Non-collision (single vehicle),Ran off road - left,None Indicated,,Dark - roadway lighted,Snow,Snow,"Surface condition (e.g., wet, icy)",Non-intersection:  Non-junction/no special feature,Paved,,Property Damage Only,0,0,0,0,0,0,5000,1,2,,POINT (-92.458202591122 41.695116047108)
2014791969,01-14-12133,03/24/2014,03-March,2-Monday,18:27,1800 Hours,District 6 (East Central),DUBUQUE,DUBUQUE,US 20,US 20/DODGE ST & IA 32/IA32 NW ARTERIAL & NO NAME ST,Collision with:  Vehicle in traffic,On Roadway,Rear-end (front to rear),Lost Control,None Indicated,,Daylight,Dry,Cloudy,None apparent,Intersection:  Four-way intersection,Paved,,Property Damage Only,0,0,0,0,0,0,2500,2,5,,POINT (-90.739022103085 42.488552633559)
2014792078,S14-2898,03/24/2014,03-March,2-Monday,16:35,1600 Hours,District 3 (Northwest),CORRECTIONVILLE,WOODBURY,,Co Rd D22/160TH ST & KNOTTY PINE ST,Collision with:  Vehicle in traffic,On Roadway,"Sideswipe, same direction",Other (explain in narrative):  Other,None Indicated,,Daylight,Dry,Cloudy,None apparent,Non-intersection:  Non-junction/no special feature,Paved,,Possible/Unknown,0,1,0,0,0,1,5500,2,2,,POINT (-95.777137962297 42.471860879305)
2014792967,2014-17578,03/24/2014,03-March,2-Monday,11:22,1100 Hours,District 6 (East Central),DAVENPORT,SCOTT,,W 13TH ST & MAIN ST,Collision with:  Vehicle in traffic,On Roadway,Broadside (front to side),FTYROW:  From stop sign,None Indicated,,Daylight,Dry,Clear,None apparent,Intersection:  Four-way intersection,Paved,,Possible/Unknown,0,1,0,0,1,0,3500,2,2,,POINT (-90.575515257628 41.532953386941)
2014793862,2014-05861,03/24/2014,03-March,2-Monday,16:42,1600 Hours,District 5 (Southeast),INDIANOLA,WARREN,IA 92,IA 92/E 2ND AVE & S 8TH ST,Collision with:  Vehicle in traffic,On Roadway,"Angle, oncoming left turn",FTYROW:  Making left turn,None Indicated,,Daylight,Wet,Cloudy,None apparent,Intersection:  Other intersection (explain in narrative),Paved,,Property Damage Only,0,0,0,0,0,0,8000,2,2,,POINT (-93.548652766109 41.358082094201)
2014792113,2014-000389,03/24/2014,03-March,2-Monday,11:30,1100 Hours,District 6 (East Central),BELLE PLAINE,BENTON,,13TH ST & 10TH AVE,Collision with:  Vehicle in traffic,On Roadway,Broadside (front to side),Other (explain in narrative):  Vision obstructed,None Indicated,,Daylight,"Mud, dirt",Cloudy,None apparent,Non-intersection:  Non-junction/no special feature,Paved,,Property Damage Only,0,0,0,0,0,0,5500,2,2,,POINT (-92.273295329322 41.897093221049)
2014792192,14-001326,03/24/2014,03-March,2-Monday,08:15,0800 Hours,District 1 (Central),ANKENY,POLK,,NW 5TH ST & NW SCHOOL ST,Collision with:  Vehicle in traffic,On Roadway,Broadside (front to side),Ran Stop Sign,None Indicated,,Daylight,Wet,Cloudy,None apparent,Intersection:  Four-way intersection,Paved,,Minor Injury,0,1,0,1,0,0,6000,2,3,,POINT (-93.603775834013 41.735401949899)
2014792396,14-012266,03/24/2014,03-March,2-Monday,22:44,2200 Hours,District 5 (Southeast),MUSCATINE,MUSCATINE,,MULBERRY AVE,Non-collision events:  Other non-collision (explain in narrative),On Roadway,Rear-end (front to rear),Crossed centerline (undivided),Refused,,Dark - roadway lighted,Dry,Cloudy,None apparent,Non-intersection:  Non-junction/no special feature,Paved,,Possible/Unknown,0,1,0,0,1,0,5000,3,4,,POINT (-91.052096070381 41.433746828275)
2014792233,14-011353,03/24/2014,03-March,2-Monday,00:02,0000 Hours,District 4 (Southwest),COUNCIL BLUFFS,POTTAWATTAMIE,,HARRISON ST,Collision with:  Parked motor vehicle,Shoulder,"Sideswipe, same direction",Swerving/Evasive Action,None Indicated,,Dark - roadway lighted,Dry,Clear,None apparent,Non-intersection:  Non-junction/no special feature,Paved,,Property Damage Only,0,0,0,0,0,0,1500,2,2,,POINT (-95.848681606907 41.274965379901)
2014792459,2014019101,03/24/2014,03-March,2-Monday,06:00,0600 Hours,District 1 (Central),,JASPER,I-80,I-80,Collision with fixed object:  Other fixed object (explain in narrative),Median,Non-collision (single vehicle),Driving too fast for conditions,None Indicated,,Dark - roadway not lighted,Snow,Snow,"Surface condition (e.g., wet, icy)",Non-intersection:  Non-junction/no special feature,Paved,,Property Damage Only,0,0,0,0,0,0,13600,1,1,,POINT (-93.325473745522 41.681439798649)
2014798009,141885PD,03/24/2014,03-March,2-Monday,07:25,0700 Hours,District 1 (Central),BOONE,BOONE,,1ST ST,Collision with:  Vehicle in traffic,On Roadway,Broadside (front to side),FTYROW:  From driveway,None Indicated,,Daylight,Ice/frost,Cloudy,"Surface condition (e.g., wet, icy)",Non-intersection:  Driveway access (within),Paved,,Property Damage Only,0,0,0,0,0,0,8500,2,2,,POINT (-93.8627756437 42.056558942187)
2014792028,20140007747,03/24/2014,03-March,2-Monday,05:34,0500 Hours,District 1 (Central),DES MOINES,POLK,US 69,US 69/SE 14TH ST & E HARTFORD AVE,Collision with:  Vehicle in traffic,On Roadway,"Sideswipe, same direction",Driving too fast for conditions,None Indicated,,Dark - roadway lighted,Snow,Snow,None apparent,Non-intersection:  Non-junction/no special feature,Paved,,Property Damage Only,0,0,0,0,0,0,6000,2,3,,POINT (-93.59692928767 41.569733066246)
2014792470,,03/24/2014,03-March,2-Monday,12:23,1200 Hours,District 4 (Southwest),VILLISCA,MONTGOMERY,US 71,US 71,Collision with:  Vehicle in traffic,On Roadway,"Sideswipe, opposite direction",Crossed centerline (undivided),None Indicated,,,Dry,Rain,None apparent,,Paved,,Property Damage Only,0,0,0,0,0,0,7500,2,3,,POINT (-94.986582781278 40.935193040954)
2014792126,,03/24/2014,03-March,2-Monday,07:46,0700 Hours,District 2 (Northeast),HUMBOLDT,HUMBOLDT,US 169,US 169/13TH ST N & 5TH AVE N,Collision with:  Vehicle in traffic,On Roadway,Rear-end (front to rear),Unknown,None Indicated,,Daylight,Slush,Snow,None apparent,Intersection:  Four-way intersection,Paved,,Property Damage Only,0,0,0,0,0,0,1750,3,3,,POINT (-94.226843501729 42.726495558482)
2014792621,2014019329,03/24/2014,03-March,2-Monday,23:15,2300 Hours,District 6 (East Central),,CEDAR,I-80,I-80,Collision with:  Vehicle in traffic,On Roadway,Rear-end (front to rear),Improper or erratic lane changing,None Indicated,,Dark - roadway not lighted,Ice/frost,Snow,None apparent,Non-intersection:  Non-junction/no special feature,Paved,,Property Damage Only,0,0,0,0,0,0,7000,2,2,,POINT (-91.041157856382 41.637455930772)
2014792177,201404115,03/24/2014,03-March,2-Monday,14:11,1400 Hours,District 6 (East Central),CEDAR RAPIDS,LINN,IA 922,IA 922/1ST AVE W,Collision with:  Vehicle in traffic,On Roadway,Broadside (front to side),FTYROW:  From driveway,None Indicated,,Daylight,Dry,Cloudy,None apparent,Non-intersection:  Driveway access (within),Paved,,Possible/Unknown,0,1,0,0,1,0,11000,2,3,,POINT (-91.686547457053 41.971831595171)
2014792022,14-001321,03/24/2014,03-March,2-Monday,07:40,0700 Hours,District 1 (Central),ANKENY,POLK,,E 1ST ST & NE TRILEIN DR,Collision with:  Vehicle in traffic,On Roadway,Rear-end (front to rear),Driving too fast for conditions,None Indicated,,Daylight,Ice/frost,Cloudy,"Surface condition (e.g., wet, icy)",Intersection:  T-intersection,Paved,,Property Damage Only,0,0,0,0,0,0,3000,2,3,,POINT (-93.589818382546 41.731844610025)
2014798010,141886PD,03/24/2014,03-March,2-Monday,07:56,0700 Hours,District 1 (Central),BOONE,BOONE,,W 8TH ST & MARION ST,Collision with:  Vehicle in traffic,On Roadway,Broadside (front to side),FTYROW:  From stop sign,None Indicated,,Daylight,Snow,Cloudy,"Surface condition (e.g., wet, icy)",Intersection:  T-intersection,Paved,,Property Damage Only,0,0,0,0,0,0,6800,3,4,,POINT (-93.902988354548 42.063733950097)
2014792044,S14-000886,03/24/2014,03-March,2-Monday,07:46,0700 Hours,District 4 (Southwest),AVOCA,POTTAWATTAMIE,,N CHERRY ST,Collision with:  Parked motor vehicle,On Roadway,"Sideswipe, opposite direction",Unknown,None Indicated,,Dark - roadway not lighted,Dry,Clear,None apparent,Non-intersection:  Non-junction/no special feature,Paved,,Property Damage Only,0,0,0,0,0,0,2500,2,1,,POINT (-95.335208366011 41.486545042397)
2014796143,14-000349,03/24/2014,03-March,2-Monday,06:25,0600 Hours,District 1 (Central),HUXLEY,STORY,I-35,I-35,Non-collision events:  Overturn/rollover,Outside trafficway,Non-collision (single vehicle),Ran off road - right,None Indicated,,Dark - roadway not lighted,Ice/frost,Cloudy,"Surface condition (e.g., wet, icy)",Non-intersection:  Non-junction/no special feature,Paved,,Minor Injury,0,1,0,1,0,0,10000,1,1,,POINT (-93.570902192893 41.903791876568)
2014792033,20140007784,03/24/2014,03-March,2-Monday,12:55,1200 Hours,District 1 (Central),DES MOINES,POLK,US 6,US 6/E EUCLID AVE,Collision with:  Vehicle in traffic,On Roadway,Rear-end (front to rear),"Operating vehicle in an reckless, erratic, careless, negligent manner",None Indicated,,Daylight,Dry,Cloudy,None apparent,Non-intersection:  Non-junction/no special feature,Paved,,Property Damage Only,0,0,0,0,0,0,1700,2,3,,POINT (-93.560224240842 41.627681240316)
2014792472,14028510,03/24/2014,03-March,2-Monday,06:44,0600 Hours,District 2 (Northeast),CEDAR FALLS,BLACK HAWK,US 218,US 218/NE RAMP,Collision with fixed object:  Concrete traffic barrier (median or right side),On Roadway,Non-collision (single vehicle),Ran off road - left,None Indicated,,Dawn,Ice/frost,Snow,"Surface condition (e.g., wet, icy)",Non-intersection:  Other non-intersection (explain in narrative),Paved,,Possible/Unknown,0,1,0,0,1,0,3000,1,3,,POINT (-92.424048068851 42.539519510091)
2014792178,201404139,03/24/2014,03-March,2-Monday,22:22,2200 Hours,District 6 (East Central),CEDAR RAPIDS,LINN,I-380,I-380,Collision with:  Parked motor vehicle,Shoulder,Rear-end (front to rear),Illegally Parked/Unattended,None Indicated,,Dark - roadway lighted,Ice/frost,Cloudy,"Surface condition (e.g., wet, icy)",Non-intersection:  Other non-intersection (explain in narrative),Paved,,Property Damage Only,0,0,0,0,0,0,10500,2,2,,POINT (-91.670420358154 41.922623610813)
2014806804,32024-14,03/24/2014,03-March,2-Monday,06:57,0600 Hours,District 3 (Northwest),,EMMET,IA 4,IA 4/IOWA 4,Collision with fixed object:  Culvert/pipe opening,On Roadway,Non-collision (single vehicle),Crossed centerline (undivided),None Indicated,,Daylight,Snow,Snow,None apparent,Non-intersection:  Non-junction/no special feature,Paved,,Property Damage Only,0,0,0,0,0,0,2800,1,1,,POINT (-94.829385157571 43.384702699287)
2014792333,S14-028731,03/24/2014,03-March,2-Monday,20:50,2000 Hours,District 2 (Northeast),,BLACK HAWK,US 20,US 20,Non-collision events:  Overturn/rollover,Outside trafficway,Non-collision (single vehicle),Ran off road - right,None Indicated,,Dark - roadway not lighted,Ice/frost,Cloudy,None apparent,Non-intersection:  Non-junction/no special feature,Paved,,Minor Injury,0,1,0,1,0,0,8000,1,2,,POINT (-92.5177514935 42.464411107266)
2014792852,H14-0228,03/24/2014,03-March,2-Monday,07:48,0700 Hours,District 1 (Central),CAMBRIDGE,STORY,,Co Rd E63/315TH ST & 580TH AVE & W 4TH ST,Collision with fixed object:  Utility pole/light support,On Roadway,Non-collision (single vehicle),Lost Control,None Indicated,,Daylight,Snow,Snow,None apparent,Intersection:  T-intersection,Paved,,Property Damage Only,0,0,0,0,0,0,1500,1,1,,POINT (-93.541110355485 41.899486779254)
2014792021,14-001319,03/24/2014,03-March,2-Monday,07:21,0700 Hours,District 1 (Central),ANKENY,POLK,,W 1ST ST & NW ASH DR & SW CHERRY ST,Collision with:  Vehicle in traffic,On Roadway,Rear-end (front to rear),Driving too fast for conditions,None Indicated,,Daylight,Ice/frost,Cloudy,"Surface condition (e.g., wet, icy)",Non-intersection:  Non-junction/no special feature,Paved,,Property Damage Only,0,0,0,0,0,0,2000,2,2,,POINT (-93.607230154004 41.731907034617)
2014791709,14002457,03/24/2014,03-March,2-Monday,06:30,0600 Hours,District 6 (East Central),,BUCHANAN,I-380,I-380,Collision with fixed object:  Ditch,On Roadway,Non-collision (single vehicle),Driving too fast for conditions,None Indicated,,Dark - roadway not lighted,Ice/frost,Snow,"Surface condition (e.g., wet, icy)",Non-intersection:  Non-junction/no special feature,Paved,,Property Damage Only,0,0,0,0,0,0,4000,1,2,,POINT (-92.025295568492 42.339160902697)
2014793303,14-070324-01,03/24/2014,03-March,2-Monday,22:30,2200 Hours,District 6 (East Central),,IOWA,I-80,I-80,Collision with fixed object:  Other fixed object (explain in narrative),Shoulder,Non-collision (single vehicle),Driving too fast for conditions,None Indicated,,Dark - roadway not lighted,Ice/frost,Snow,"Surface condition (e.g., wet, icy)",Non-intersection:  Non-junction/no special feature,Paved,,Property Damage Only,0,0,0,0,0,0,3500,1,4,,POINT (-91.916150856381 41.687697327451)
2014792276,2014-17526,03/24/2014,03-March,2-Monday,02:59,0200 Hours,District 6 (East Central),DAVENPORT,SCOTT,,W 63RD ST & N PINE ST,Non-collision events:  Other non-collision (explain in narrative),Shoulder,Non-collision (single vehicle),Ran off road - left,None Indicated,,Dark - roadway lighted,Dry,Clear,None apparent,Non-intersection:  Non-junction/no special feature,Paved,,Minor Injury,0,2,0,1,1,0,4000,1,1,,POINT (-90.609904807429 41.585937864802)
2014792620,2014019328,03/24/2014,03-March,2-Monday,23:25,2300 Hours,District 6 (East Central),,JOHNSON,I-380,I-380,Collision with:  Vehicle in traffic,On Roadway,Rear-end (front to rear),Crossed centerline (undivided),None Indicated,,Dark - roadway not lighted,Ice/frost,Clear,"Surface condition (e.g., wet, icy)",Non-intersection:  Non-junction/no special feature,Paved,,Property Damage Only,0,0,0,0,0,0,4500,2,2,,POINT (-91.642113078314 41.759290210742)
2014792618,2014019317,03/24/2014,03-March,2-Monday,22:14,2200 Hours,District 6 (East Central),CORALVILLE,JOHNSON,I-380,I-380,Collision with fixed object:  Guardrail - face,Median,Non-collision (single vehicle),Driving too fast for conditions,None Indicated,,Dark - roadway not lighted,Snow,Snow,"Surface condition (e.g., wet, icy)",Non-intersection:  Non-junction/no special feature,Paved,,Property Damage Only,0,0,0,0,0,0,5000,1,4,,POINT (-91.64209201199 41.714057865031)
2014792889,W14-028509,03/24/2014,03-March,2-Monday,05:49,0500 Hours,District 2 (Northeast),WATERLOO,BLACK HAWK,,E SAN MARNAN DR & LA PORTE RD,Collision with:  Vehicle in traffic,On Roadway,Broadside (front to side),FTYROW:  Making left turn,None Indicated,,Dark - roadway lighted,Snow,Rain,"Surface condition (e.g., wet, icy)",Intersection:  Four-way intersection,Paved,,Property Damage Only,0,0,0,0,0,0,2500,2,2,,POINT (-92.320901849908 42.467358405763)
2014791724,14-09616,03/24/2014,03-March,2-Monday,08:04,0800 Hours,District 5 (Southeast),BURLINGTON,DES MOINES,,CENTRAL AVE,Collision with:  Vehicle in traffic,Shoulder,"Sideswipe, same direction",Other (explain in narrative):  Vision obstructed,None Indicated,,Daylight,Dry,Clear,Non-highway work,Non-intersection:  Non-junction/no special feature,Paved,,Property Damage Only,0,0,0,0,0,0,9000,2,1,,POINT (-91.109792459568 40.79423030612)
2014795844,14-000413,03/24/2014,03-March,2-Monday,08:07,0800 Hours,District 1 (Central),AMES,STORY,,HABER RD & 13TH ST,Collision with:  Vehicle in traffic,On Roadway,Rear-end (front to rear),Driving too fast for conditions,None Indicated,,Daylight,Wet,Snow,"Surface condition (e.g., wet, icy)",Intersection:  T-intersection,Paved,,Property Damage Only,0,0,0,0,0,0,3100,2,2,,POINT (-93.637793064917 42.034594767168)
2014792330,2014001596,03/24/2014,03-March,2-Monday,22:00,2200 Hours,District 6 (East Central),,BENTON,,Co Rd E36/32 AVE & 65 ST,Collision with:  Vehicle in traffic,On Roadway,"Sideswipe, opposite direction",Crossed centerline (undivided),Alcohol (Statutory),,Dark - roadway not lighted,Snow,Snow,None apparent,Non-intersection:  Non-junction/no special feature,Paved,,Property Damage Only,0,0,0,0,0,0,7000,2,4,,POINT (-91.869009753999 42.080095396259)
2014792032,20140007835,03/24/2014,03-March,2-Monday,22:18,2200 Hours,District 1 (Central),DES MOINES,POLK,,LOOMIS AVE & SW 9TH ST,Collision with:  Vehicle in traffic,Outside trafficway,"Sideswipe, opposite direction",Illegally Parked/Unattended,None Indicated,,Dark - unknown roadway lighting,Unknown,Clear,None apparent,Non-intersection:  Non-junction/no special feature,Paved,,Property Damage Only,0,0,0,0,0,0,3000,2,3,,POINT (-93.625690217829 41.560915143468)
2014791921,14028751,03/24/2014,03-March,2-Monday,12:12,1200 Hours,District 2 (Northeast),CEDAR FALLS,BLACK HAWK,,11TH ST & TREMONT ST,Collision with:  Vehicle in traffic,On Roadway,Broadside (front to side),FTYROW:  From yield sign,None Indicated,,Daylight,Wet,Snow,None apparent,Intersection:  Four-way intersection,Paved,,Property Damage Only,0,0,0,0,0,0,3000,2,2,,POINT (-92.450849645859 42.528673025907)