Iowa DOT Case Number,Law Enforcement Case Number,Date of Crash,Month of Crash,Day of Week,Time of Crash,Hour,DOT District,City Name,County Name,Route with System,Location Description,First Harmful Event,Location of First Harmful Event,Manner of Crash/Collision,Major Cause,Drug or Alcohol ,Environmental Conditions,Light Conditions,Surface Conditions,Weather Conditions,Roadway Contribution,Roadway Type,Roadway Surface,Work Zone,Crash Severity,Number of Fatalities,Number of Injuries,Number of Major Injuries,Number of Minor Injuries,Number of Possible Injuries,Number of Unknown Injuries,Amount of Property Damage,Number of Vehicles Involved,Total Number of Occupants,Travel Direction,Location
2014793307,14011837,03/24/2014,03-March,2-Monday,23:23,2300 Hours,District 6 (East Central),,JOHNSON,I-80,I-80,Collision with fixed object:  Other fixed object (explain in narrative),On Roadway,Non-collision (single vehicle),Driving too fast for conditions,None Indicated,,Dark - roadway not lighted,Ice/frost,Snow,"Surface condition (e.g., wet, icy)",Non-intersection:  Non-junction/no special feature,Paved,,Property Damage Only,0,0,0,0,0,0,4500,1,1,,POINT (-91.389821917778 41.667089636768)
2014792211,14-0649,03/24/2014,03-March,2-Monday,16:47,1600 Hours,District 1 (Central),URBANDALE,POLK,I-35,I-35 & IA 28/MERLE HAY RD,Collision with:  Vehicle in traffic,On Roadway,Broadside (front to side),Unknown,None Indicated,,Daylight,Dry,Clear,None apparent,Non-intersection:  Non-junction/no special feature,Paved,,Property Damage Only,0,0,0,0,0,0,3500,2,2,,POINT (-93.697671017511 41.651293576711)
2014791924,W14-028623,03/24/2014,03-March,2-Monday,15:20,1500 Hours,District 2 (Northeast),WATERLOO,BLACK HAWK,,LOCUST ST & W 4TH ST,Collision with:  Vehicle in traffic,On Roadway,"Sideswipe, same direction",Made improper turn,None Indicated,,Daylight,Wet,Cloudy,None apparent,Intersection:  Four-way intersection,Paved,,Property Damage Only,0,0,0,0,0,0,3000,2,2,,POINT (-92.349000067481 42.488559136953)
2014792615,2014019118,03/24/2014,03-March,2-Monday,06:55,0600 Hours,District 6 (East Central),,BENTON,I-380,I-380,Non-collision events:  Overturn/rollover,On Roadway,Non-collision (single vehicle),Driving too fast for conditions,None Indicated,,Daylight,Snow,Cloudy,"Surface condition (e.g., wet, icy)",Non-intersection:  Non-junction/no special feature,Paved,,Possible/Unknown,0,1,0,0,1,0,10000,1,1,,POINT (-91.901775426763 42.253504556871)
2014793087,14-0729,03/24/2014,03-March,2-Monday,08:18,0800 Hours,District 2 (Northeast),OSAGE,MITCHELL,,CHESTNUT ST & S 3RD ST,Collision with:  Vehicle in traffic,On Roadway,Broadside (front to side),FTYROW:  At uncontrolled intersection,None Indicated,,Daylight,Snow,Cloudy,None apparent,Non-intersection:  Non-junction/no special feature,Paved,,Possible/Unknown,0,1,0,0,1,0,15300,2,2,,POINT (-92.818036347206 43.280142670727)
2014793039,14-28519,03/24/2014,03-March,2-Monday,07:54,0700 Hours,District 2 (Northeast),EVANSDALE,BLACK HAWK,I-380,I-380,Collision with fixed object:  Bridge overhead structure,On Roadway,Non-collision (single vehicle),Lost Control,None Indicated,,Daylight,Ice/frost,Snow,"Surface condition (e.g., wet, icy)",Non-intersection:  Other non-intersection (explain in narrative),Paved,,Property Damage Only,0,0,0,0,0,0,10000,1,1,,POINT (-92.305795832956 42.456190673389)
2014792026,14-001346,03/24/2014,03-March,2-Monday,06:30,0600 Hours,District 1 (Central),ANKENY,POLK,I-35,I-35,Collision with:  Vehicle in traffic,On Roadway,"Sideswipe, same direction",Driving too fast for conditions,None Indicated,,Dark - roadway lighted,Ice/frost,Snow,"Surface condition (e.g., wet, icy)",Non-intersection:  Other non-intersection (explain in narrative),Paved,,Property Damage Only,0,0,0,0,0,0,4400,2,2,,POINT (-93.569377049395 41.760427902222)
2014792288,14-001390,03/24/2014,03-March,2-Monday,06:05,0600 Hours,District 1 (Central),AMES,STORY,US 30,US 30/NE RAMP CURV,Collision with fixed object:  Utility pole/light support,On Roadway,Non-collision (single vehicle),Ran off road - left,None Indicated,,Dark - roadway lighted,Snow,Snow,"Surface condition (e.g., wet, icy)",Interchange-related:  Off-ramp,Paved,,Property Damage Only,0,0,0,0,0,0,2200,1,2,,POINT (-93.639219603198 42.004540888023)
2014793255,2014019327,03/24/2014,03-March,2-Monday,23:04,2300 Hours,District 6 (East Central),,IOWA,I-80,I-80,Collision with fixed object:  Guardrail - face,Shoulder,Non-collision (single vehicle),Driving too fast for conditions,None Indicated,,Dark - roadway not lighted,Ice/frost,Cloudy,"Surface condition (e.g., wet, icy)",Non-intersection:  Non-junction/no special feature,Paved,,Property Damage Only,0,0,0,0,0,0,107541,1,1,,POINT (-91.928379794932 41.687893077986)
2014793060,032-033-14,03/24/2014,03-March,2-Monday,09:56,0900 Hours,District 3 (Northwest),ESTHERVILLE,EMMET,,8TH AVE N & N 6TH ST,Collision with:  Vehicle in traffic,On Roadway,"Angle, oncoming left turn",Driving too fast for conditions,None Indicated,,Daylight,Snow,Cloudy,"Surface condition (e.g., wet, icy)",Intersection:  Four-way intersection,Paved,,Property Damage Only,0,0,0,0,0,0,3000,2,3,,POINT (-94.836802323281 43.409138220746)
2014792007,20141022,03/24/2014,03-March,2-Monday,18:35,1800 Hours,District 6 (East Central),MOUNT VERNON,LINN,IA 1,IA 1/N 1ST AVE,Collision with:  Vehicle in traffic,On Roadway,Rear-end (front to rear),Followed too close,None Indicated,,Dusk,Dry,Cloudy,None apparent,Non-intersection:  Alley,Paved,,Property Damage Only,0,0,0,0,0,0,4500,2,2,,POINT (-91.416833716665 41.922432807833)
2014792305,2014019309,03/24/2014,03-March,2-Monday,21:16,2100 Hours,District 6 (East Central),,BUCHANAN,IA 150,IA 150/JAMESTOWN AVE & 185TH ST,Collision with:  Parked motor vehicle,On Roadway,Rear-end (front to rear),Ran off road - right,None Indicated,,Dark - roadway not lighted,Ice/frost,Cloudy,"Surface condition (e.g., wet, icy)",Non-intersection:  Non-junction/no special feature,Paved,,Property Damage Only,0,0,0,0,0,0,6000,2,777,,POINT (-91.889822282614 42.51961292139)
2014791947,14-4023,03/24/2014,03-March,2-Monday,22:28,2200 Hours,District 3 (Northwest),SPENCER,CLAY,,E 4TH ST,Collision with:  Animal,,,Animal,None Indicated,,,,,,,Paved,,Property Damage Only,0,0,0,0,0,0,1500,1,1,,POINT (-95.127583547367 43.141855671901)
2014792019,14-001335,03/24/2014,03-March,2-Monday,17:34,1700 Hours,District 1 (Central),ANKENY,POLK,I-35,I-35,Collision with:  Vehicle in traffic,On Roadway,Rear-end (front to rear),Followed too close,None Indicated,,Daylight,Dry,Cloudy,None apparent,Non-intersection:  Non-junction/no special feature,Paved,,Possible/Unknown,0,3,0,0,3,0,250,2,4,,POINT (-93.575961138442 41.693553806538)
2014808057,2014019108,03/24/2014,03-March,2-Monday,06:13,0600 Hours,District 1 (Central),,STORY,I-35,I-35,Collision with fixed object:  Guardrail - face,Shoulder,Non-collision (single vehicle),Swerving/Evasive Action,None Indicated,,Dark - roadway not lighted,Ice/frost,Snow,"Surface condition (e.g., wet, icy)",Non-intersection:  Non-junction/no special feature,Paved,,Property Damage Only,0,0,0,0,0,0,3500,1,1,,POINT (-93.570243560119 41.919196705717)
2014791784,14-1934,03/24/2014,03-March,2-Monday,06:40,0600 Hours,District 1 (Central),,POLK,IA 163,IA 163/NE UNIVERSITY AVE,Non-collision events:  Overturn/rollover,Median,Non-collision (single vehicle),Driving too fast for conditions,None Indicated,,Dawn,Ice/frost,Snow,"Surface condition (e.g., wet, icy)",Non-intersection:  Non-junction/no special feature,Paved,,Minor Injury,0,2,0,2,0,0,5000,1,2,,POINT (-93.37402773763 41.600722550845)
2014794053,B14-556,03/24/2014,03-March,2-Monday,19:45,1900 Hours,District 3 (Northwest),SERGEANT BLUFF,WOODBURY,,Co Rd K29/OLD LAKEPORT RD,Collision with:  Animal,On Roadway,Non-collision (single vehicle),Animal,None Indicated,,Unknown,Unknown,Unknown,Unknown,Non-intersection:  Non-junction/no special feature,Paved,,Property Damage Only,0,0,0,0,0,0,2500,1,1,,POINT (-96.341250348771 42.409840486887)
2014796156,14-000350,03/24/2014,03-March,2-Monday,06:45,0600 Hours,District 1 (Central),,STORY,I-35,I-35,Collision with fixed object:  Guardrail - face,Median,Non-collision (single vehicle),Driving too fast for conditions,None Indicated,,Dawn,Snow,Snow,"Surface condition (e.g., wet, icy)",Non-intersection:  Non-junction/no special feature,Paved,,Property Damage Only,0,0,0,0,0,0,6200,1,1,,POINT (-93.57060967022 41.91020614824)
2014791798,20140007765,03/24/2014,03-March,2-Monday,09:45,0900 Hours,District 1 (Central),DES MOINES,POLK,,NE AURORA AVE & NE 43RD CT,Non-collision events:  Other non-collision (explain in narrative),On Roadway,Non-collision (single vehicle),Driving too fast for conditions,None Indicated,,Daylight,Ice/frost,Snow,"Surface condition (e.g., wet, icy)",Non-intersection:  Non-junction/no special feature,Paved,,Property Damage Only,0,0,0,0,0,0,4200,1,1,,POINT (-93.528677614393 41.636783809386)
2014792432,2014-17751,03/25/2014,03-March,3-Tuesday,07:41,0700 Hours,District 6 (East Central),DAVENPORT,SCOTT,US 67,US 67/E RIVER DR,Collision with:  Vehicle in traffic,On Roadway,"Sideswipe, opposite direction",Crossed centerline (undivided),None Indicated,,Daylight,Dry,Clear,None apparent,Non-intersection:  Non-junction/no special feature,Paved,,Fatal,1,1,0,0,1,0,20000,3,3,,POINT (-90.536446049922 41.527754481889)
2014792256,2014-17750,03/25/2014,03-March,3-Tuesday,07:38,0700 Hours,District 6 (East Central),DAVENPORT,SCOTT,,IA 461/HARRISON ST & W CENTRAL PARK AVE,Collision with:  Vehicle in traffic,On Roadway,Rear-end (front to rear),Lost Control,None Indicated,,Daylight,Ice/frost,Clear,"Surface condition (e.g., wet, icy)",Non-intersection:  Non-junction/no special feature,Paved,,Property Damage Only,0,0,0,0,0,0,9000,5,7,,POINT (-90.576964053084 41.545511853679)
2014793310,14041999,03/25/2014,03-March,3-Tuesday,08:19,0800 Hours,District 6 (East Central),,JOHNSON,,HWY 965 NW,Collision with:  Vehicle in traffic,On Roadway,"Sideswipe, opposite direction",Crossed centerline (undivided),None Indicated,,Daylight,Ice/frost,Cloudy,None apparent,Non-intersection:  Non-junction/no special feature,Paved,,Minor Injury,0,2,0,1,1,0,10000,4,8,,POINT (-91.675437440257 41.853772274008)
2014791948,1403252811,03/25/2014,03-March,3-Tuesday,02:25,0200 Hours,District 6 (East Central),,CLINTON,US 61,US 61,Collision with fixed object:  Utility pole/light support,Outside trafficway,Non-collision (single vehicle),Ran off road - right,None Indicated,,Dark - roadway not lighted,Ice/frost,Severe winds,None apparent,Non-intersection:  Non-junction/no special feature,Paved,,Property Damage Only,0,0,0,0,0,0,1900,1,1,,POINT (-90.654901228108 41.983324619545)
2014804904,SA1401977,03/25/2014,03-March,3-Tuesday,11:40,1100 Hours,District 5 (Southeast),,WASHINGTON,,Co Rd W61/RIVERSIDE RD,Collision with fixed object:  Culvert/pipe opening,On Roadway,Non-collision (single vehicle),Driving too fast for conditions,None Indicated,,Daylight,Snow,Snow,"Surface condition (e.g., wet, icy)",Non-intersection:  Non-junction/no special feature,Paved,,Possible/Unknown,0,1,0,0,1,0,5000,1,1,,POINT (-91.637994011053 41.393042787777)
2014792257,2014-17752,03/25/2014,03-March,3-Tuesday,07:38,0700 Hours,District 6 (East Central),DAVENPORT,SCOTT,,W 3RD ST,Collision with:  Vehicle in traffic,On Roadway,Rear-end (front to rear),Driving too fast for conditions,None Indicated,,Daylight,Ice/frost,Clear,None apparent,Non-intersection:  Non-junction/no special feature,Paved,,Property Damage Only,0,0,0,0,0,0,1600,2,3,,POINT (-90.579288125339 41.522423344347)
2014792160,01-14-12287,03/25/2014,03-March,3-Tuesday,17:10,1700 Hours,District 6 (East Central),DUBUQUE,DUBUQUE,,ASBURY RD,Collision with:  Vehicle in traffic,On Roadway,Rear-end (front to rear),Lost Control,None Indicated,,Daylight,Dry,Clear,None apparent,Non-intersection:  Non-junction/no special feature,Paved,,Possible/Unknown,0,2,0,0,2,0,7000,2,2,,POINT (-90.723826439927 42.513664511675)
2014792632,2014019406,03/25/2014,03-March,3-Tuesday,10:15,1000 Hours,District 2 (Northeast),CLEAR LAKE,CERRO GORDO,US 18,US 18 & BUDDY HOLLY PL,Collision with:  Vehicle in traffic,On Roadway,Broadside (front to side),Ran Traffic Signal,None Indicated,,Daylight,Dry,Cloudy,None apparent,Intersection:  Four-way intersection,Paved,,Property Damage Only,0,0,0,0,0,0,5000,2,2,,POINT (-93.388678750008 43.143025099467)
2014797900,2014-17769,03/25/2014,03-March,3-Tuesday,10:26,1000 Hours,District 6 (East Central),DAVENPORT,SCOTT,,MARQUETTE ST,Collision with:  Vehicle in traffic,On Roadway,Head-on (front to front),FTYROW:  From stop sign,None Indicated,,Daylight,Dry,Clear,None apparent,Non-intersection:  Driveway access (within),Paved,,Property Damage Only,0,0,0,0,0,0,4400,2,2,,POINT (-90.591248017812 41.54471333601)
2014792885,14-028868,03/25/2014,03-March,3-Tuesday,07:46,0700 Hours,District 2 (Northeast),EVANSDALE,BLACK HAWK,,BROOKSIDE AVE & FOX AVE,Collision with:  Vehicle in traffic,On Roadway,Broadside (front to side),FTYROW:  From yield sign,None Indicated,,Daylight,Dry,Clear,None apparent,Intersection:  Four-way intersection,Paved,,Property Damage Only,0,0,0,0,0,0,3000,2,4,,POINT (-92.293629033522 42.466365027677)
2014792292,14-0164,03/25/2014,03-March,3-Tuesday,22:08,2200 Hours,District 1 (Central),,WEBSTER,,RACINE AVE,Collision with fixed object:  Ditch,On Roadway,Non-collision (single vehicle),Swerving/Evasive Action,None Indicated,,Dark - roadway not lighted,"Mud, dirt",Clear,None apparent,Non-intersection:  Non-junction/no special feature,Unpaved,,Possible/Unknown,0,1,0,0,1,0,7000,1,1,,POINT (-94.109658634241 42.614023946106)
2014792232,14-011537,03/25/2014,03-March,3-Tuesday,12:03,1200 Hours,District 4 (Southwest),COUNCIL BLUFFS,POTTAWATTAMIE,,5TH AVE & S 4TH ST,Collision with:  Vehicle in traffic,On Roadway,Broadside (front to side),FTYROW:  From stop sign,None Indicated,,Daylight,Dry,Clear,None apparent,Intersection:  Four-way intersection,Paved,,Property Damage Only,0,0,0,0,0,0,2800,2,2,,POINT (-95.849760069395 41.256952975449)
2014792215,S14-000898,03/25/2014,03-March,3-Tuesday,02:18,0200 Hours,District 4 (Southwest),,POTTAWATTAMIE,I-80,I-80,Collision with fixed object:  Ditch,On Roadway,Non-collision (single vehicle),Driving too fast for conditions,None Indicated,,Dark - roadway not lighted,Ice/frost,Snow,None apparent,Non-intersection:  Non-junction/no special feature,Paved,,Property Damage Only,0,0,0,0,0,0,4500,1,3,,POINT (-95.514974948416 41.500035967876)
2014792199,20140007918,03/25/2014,03-March,3-Tuesday,19:24,1900 Hours,District 1 (Central),DES MOINES,POLK,US 69,US 69/SE 14TH ST & HARRIET ST,Collision with:  Vehicle in traffic,On Roadway,"Sideswipe, same direction",Exceeded authorized speed,None Indicated,,Daylight,Dry,Clear,None apparent,Non-intersection:  Non-junction/no special feature,Paved,,Major Injury,0,2,1,0,1,0,14000,2,3,,POINT (-93.596873803115 41.578038064006)
2014792006,14006066,03/25/2014,03-March,3-Tuesday,08:08,0800 Hours,District 6 (East Central),MARION,LINN,,EAST POST RD,Collision with fixed object:  Tree,On Roadway,Non-collision (single vehicle),Driving too fast for conditions,None Indicated,,Daylight,Snow,Clear,"Surface condition (e.g., wet, icy)",Non-intersection:  Non-junction/no special feature,Paved,,Property Damage Only,0,0,0,0,0,0,2500,1,1,,POINT (-91.59917652079 42.008310229901)
2014792666,,03/25/2014,03-March,3-Tuesday,07:00,0700 Hours,District 6 (East Central),CEDAR RAPIDS,LINN,I-380,I-380,Collision with fixed object:  Guardrail - face,Shoulder,Non-collision (single vehicle),Unknown,None Indicated,,Daylight,Ice/frost,Clear,,Non-intersection:  Non-junction/no special feature,Paved,,Property Damage Only,0,0,0,0,0,0,5800,1,1,,POINT (-91.67136414353 41.913754096847)
2014802266,2014003207,03/25/2014,03-March,3-Tuesday,05:45,0500 Hours,District 6 (East Central),IOWA CITY,JOHNSON,,E COURT ST,Collision with fixed object:  Other fixed object (explain in narrative),On Roadway,Non-collision (single vehicle),Ran off road - left,None Indicated,,Daylight,Ice/frost,Clear,None apparent,Non-intersection:  Non-junction/no special feature,Paved,,Property Damage Only,0,0,0,0,0,0,7400,1,1,,POINT (-91.475104886195 41.656940448924)
2014792154,2014-1116,03/25/2014,03-March,3-Tuesday,14:14,1400 Hours,District 4 (Southwest),WAUKEE,DALLAS,US 6,US 6/HICKMAN AVE & N WARRIOR LN,Collision with:  Vehicle in traffic,On Roadway,Rear-end (front to rear),Followed too close,None Indicated,,Daylight,Dry,Clear,None apparent,Intersection:  Four-way intersection,Paved,,Property Damage Only,0,0,0,0,0,0,2000,2,2,,POINT (-93.872264023228 41.614973436193)
2014792383,201404166,03/25/2014,03-March,3-Tuesday,13:35,1300 Hours,District 6 (East Central),CEDAR RAPIDS,LINN,,8TH ST SE,Collision with:  Vehicle in traffic,On Roadway,Rear-end (front to rear),Driver Distraction:  Reaching for object(s)/fallen object(s),None Indicated,,Daylight,Dry,Cloudy,None apparent,Intersection:  Other intersection (explain in narrative),Paved,,Possible/Unknown,0,1,0,0,1,0,9000,2,2,,POINT (-91.654080177498 41.974769865115)
2014792394,2014002739,03/25/2014,03-March,3-Tuesday,14:30,1400 Hours,District 1 (Central),MARSHALLTOWN,MARSHALL,,S 5TH ST,Collision with:  Parked motor vehicle,On Roadway,Rear-end (front to rear),Improper Backing,None Indicated,,Daylight,Dry,Cloudy,None apparent,Non-intersection:  Driveway access (within),Paved,,Property Damage Only,0,0,0,0,0,0,5700,2,1,,POINT (-92.920942761917 42.042247891733)
2014792152,2014-1107,03/25/2014,03-March,3-Tuesday,01:30,0100 Hours,District 4 (Southwest),WAUKEE,DALLAS,US 6,US 6/HICKMAN AVE,Non-collision events:  Other non-collision (explain in narrative),On Roadway,Non-collision (single vehicle),Other (explain in narrative):  No improper action,None Indicated,,Dark - roadway lighted,Dry,Cloudy,Debris,Intersection:  Four-way intersection,Paved,,Property Damage Only,0,0,0,0,0,0,2000,1,1,,POINT (-93.872407310108 41.614918305641)
2014792436,2014-05895,03/25/2014,03-March,3-Tuesday,09:44,0900 Hours,District 5 (Southeast),,WARREN,US 65,US 65,Collision with fixed object:  Bridge overhead structure,On Roadway,Non-collision (single vehicle),Ran off road - right,None Indicated,,Daylight,Dry,Cloudy,None apparent,Non-intersection:  Other non-intersection (explain in narrative),Paved,,Property Damage Only,0,0,0,0,0,0,2500,1,1,,POINT (-93.566517798039 41.487956028876)
2014798718,S14-C2501,03/25/2014,03-March,3-Tuesday,10:15,1000 Hours,District 5 (Southeast),,CLARKE,,SCOTT ST & 310 AVE,Collision with:  Vehicle in traffic,On Roadway,Rear-end (front to rear),Improper Backing,None Indicated,,Daylight,"Mud, dirt",Clear,None apparent,Intersection:  T-intersection,Unpaved,,Property Damage Only,0,0,0,0,0,0,2000,2,2,,POINT (-93.620264096889 41.143495483095)
2014796713,,03/25/2014,03-March,3-Tuesday,01:16,0100 Hours,District 5 (Southeast),,MUSCATINE,US 61,US 61,,On Roadway,Non-collision (single vehicle),Driving too fast for conditions,None Indicated,,Dark - roadway not lighted,Ice/frost,Snow,"Surface condition (e.g., wet, icy)",Non-intersection:  Non-junction/no special feature,Paved,,Minor Injury,0,1,0,1,0,0,5000,1,1,,POINT (-90.987441918972 41.486440314263)
2014792496,CL14000874,03/25/2014,03-March,3-Tuesday,17:16,1700 Hours,District 6 (East Central),CLINTON,CLINTON,,S 3RD ST,Collision with:  Vehicle in traffic,On Roadway,"Sideswipe, same direction",Other (explain in narrative):  Other,None Indicated,,Daylight,Dry,Cloudy,None apparent,Non-intersection:  Non-junction/no special feature,Paved,,Property Damage Only,0,0,0,0,0,0,2000,2,3,,POINT (-90.190785505454 41.842974683993)
2014792840,14-001410,03/25/2014,03-March,3-Tuesday,18:13,1800 Hours,District 1 (Central),AMES,STORY,US 69,US 69/GRAND AVE & 20TH ST,Collision with:  Vehicle in traffic,On Roadway,"Angle, oncoming left turn",FTYROW:  Making left turn,None Indicated,,Daylight,Dry,Clear,None apparent,Intersection:  Four-way intersection,Paved,,Possible/Unknown,0,1,0,0,1,0,30000,2,2,,POINT (-93.620445009503 42.042102248167)
2014792198,20140007908,03/25/2014,03-March,3-Tuesday,17:51,1700 Hours,District 1 (Central),DES MOINES,POLK,,CENTER ST & 6TH AVE,Collision with:  Vehicle in traffic,Outside trafficway,Rear-end (front to rear),FTYROW:  From parked position,None Indicated,,Daylight,Dry,Clear,None apparent,Non-intersection:  Non-junction/no special feature,Paved,,Possible/Unknown,0,1,0,0,1,0,0,2,4,,POINT (-93.625650346869 41.591585112257)
2014792143,14004059,03/25/2014,03-March,3-Tuesday,06:27,0600 Hours,District 5 (Southeast),CENTERVILLE,APPANOOSE,IA 5,IA 5/IOWA 5,Collision with:  Animal,,,Animal,None Indicated,,,,,,,Paved,,Property Damage Only,0,0,0,0,0,0,5000,1,1,,POINT (-92.855491075531 40.800472087061)
2014794188,,03/25/2014,03-March,3-Tuesday,10:31,1000 Hours,District 2 (Northeast),CLEAR LAKE,CERRO GORDO,,9TH AVE N,Collision with:  Parked motor vehicle,On Roadway,Broadside (front to side),FTYROW:  From parked position,None Indicated,,Daylight,Dry,Cloudy,None apparent,Non-intersection:  Non-junction/no special feature,Paved,,Property Damage Only,0,0,0,0,0,0,3498,2,1,,POINT (-93.381483288442 43.142770165252)
2014792038,20140007848,03/25/2014,03-March,3-Tuesday,02:20,0200 Hours,District 1 (Central),DES MOINES,POLK,,PROSPECT RD,Collision with fixed object:  Curb/island/raised median,Shoulder,Non-collision (single vehicle),Crossed centerline (undivided),None Indicated,,Dark - roadway lighted,Dry,Clear,None apparent,Non-intersection:  Non-junction/no special feature,Paved,,Property Damage Only,0,0,0,0,0,0,4500,1,1,,POINT (-93.641253042139 41.618754997068)
2014796329,,03/25/2014,03-March,3-Tuesday,04:28,0400 Hours,District 5 (Southeast),,MUSCATINE,,Co Rd Y36/ZACHARY AVE & ZALE AVE,Collision with:  Vehicle in traffic,On Roadway,"Sideswipe, opposite direction",Crossed centerline (undivided),None Indicated,,Dark - roadway not lighted,Ice/frost,Cloudy,"Surface condition (e.g., wet, icy)",Intersection:  T-intersection,Paved,,Property Damage Only,0,0,0,0,0,0,5000,2,2,,POINT (-90.794989856581 41.504193108451)
2014793598,,03/25/2014,03-March,3-Tuesday,11:55,1100 Hours,District 2 (Northeast),DECORAH,WINNESHIEK,,CENTRUM DR,Collision with:  Vehicle in traffic,On Roadway,Rear-end (front to rear),Followed too close,None Indicated,,Daylight,Dry,Clear,None apparent,Intersection:  T-intersection,Paved,,Property Damage Only,0,0,0,0,0,0,2000,2,2,,POINT (-91.795818773297 43.290255948603)
2014792040,14-1404,03/25/2014,03-March,3-Tuesday,11:05,1100 Hours,District 1 (Central),WEST DES MOINES,POLK,,NW 100TH ST & UNIVERSITY AVE & 35TH ST/VALLEY WEST DR,Collision with:  Vehicle in traffic,Shoulder,Rear-end (front to rear),Followed too close,None Indicated,,Daylight,Dry,Clear,None apparent,Intersection:  Four-way intersection,Paved,,Property Damage Only,0,0,0,0,0,0,1800,2,3,,POINT (-93.751962120124 41.600430032258)
2014804903,SA1401972,03/25/2014,03-March,3-Tuesday,10:31,1000 Hours,District 5 (Southeast),,WASHINGTON,US 218,US 218/SW RAMP CURV/SW LOOP & IA 92,Collision with:  Vehicle in traffic,On Roadway,Broadside (front to side),FTYROW:  From driveway,None Indicated,,Daylight,Dry,Cloudy,None apparent,Non-intersection:  Driveway access (within),Paved,,Major Injury,0,2,2,0,0,0,9000,2,3,,POINT (-91.535913280455 41.290753845605)
2014793996,14-001412,03/25/2014,03-March,3-Tuesday,23:10,2300 Hours,District 1 (Central),AMES,STORY,,5TH ST & CLARK AVE,Collision with:  Vehicle in traffic,On Roadway,Rear-end (front to rear),Driver Distraction:  Reaching for object(s)/fallen object(s),None Indicated,,Dark - roadway lighted,Dry,Clear,None apparent,Non-intersection:  Non-junction/no special feature,Paved,,Property Damage Only,0,0,0,0,0,0,2500,2,1,,POINT (-93.616892573337 42.025846544602)
2014792626,2014019346,03/25/2014,03-March,3-Tuesday,02:30,0200 Hours,District 6 (East Central),,CEDAR,I-80,I-80,,On Roadway,Non-collision (single vehicle),Ran off road - right,None Indicated,,Dark - roadway not lighted,Ice/frost,Cloudy,"Surface condition (e.g., wet, icy)",Intersection:  Intersection with ramp,Paved,,Property Damage Only,0,0,0,0,0,0,100000,1,2,,POINT (-91.349745597444 41.663999177347)
2014792625,2014019342,03/25/2014,03-March,3-Tuesday,01:35,0100 Hours,District 6 (East Central),,JOHNSON,I-380,I-380,Collision with:  Vehicle in traffic,On Roadway,"Sideswipe, same direction",Ran off road - left,Refused,,Dark - roadway not lighted,Ice/frost,Cloudy,"Surface condition (e.g., wet, icy)",Non-intersection:  Non-junction/no special feature,Paved,,Property Damage Only,0,0,0,0,0,0,5500,2,3,,POINT (-91.648783193221 41.80886079939)
2014792255,2014-17749,03/25/2014,03-March,3-Tuesday,07:36,0700 Hours,District 6 (East Central),DAVENPORT,SCOTT,,W 53RD ST,Collision with:  Vehicle in traffic,On Roadway,Rear-end (front to rear),Followed too close,None Indicated,,Daylight,Ice/frost,Clear,"Surface condition (e.g., wet, icy)",Non-intersection:  Non-junction/no special feature,Paved,,Property Damage Only,0,0,0,0,0,0,3500,2,2,,POINT (-90.57998009621 41.574557945782)
2014792005,201404149,03/25/2014,03-March,3-Tuesday,05:20,0500 Hours,District 6 (East Central),CEDAR RAPIDS,LINN,I-380,I-380,Collision with fixed object:  Guardrail - face,On Roadway,Non-collision (single vehicle),Ran off road - left,None Indicated,,Dark - roadway not lighted,Ice/frost,Clear,"Surface condition (e.g., wet, icy)",Non-intersection:  Non-junction/no special feature,Paved,,Property Damage Only,0,0,0,0,0,0,11000,1,1,,POINT (-91.670466251532 41.922155803336)
2014796714,,03/25/2014,03-March,3-Tuesday,05:45,0500 Hours,District 5 (Southeast),,MUSCATINE,,VERDE AVE & 180TH ST,Collision with fixed object:  Ditch,On Roadway,Non-collision (single vehicle),Swerving/Evasive Action,None Indicated,,Daylight,Ice/frost,Cloudy,"Surface condition (e.g., wet, icy)",,Unpaved,,Possible/Unknown,0,1,0,0,1,0,5000,1,2,,POINT (-90.88234623962 41.480598692468)
2014792678,,03/25/2014,03-March,3-Tuesday,08:55,0800 Hours,District 6 (East Central),DE WITT,CLINTON,,14TH ST,Collision with:  Vehicle in traffic,On Roadway,Broadside (front to side),FTYROW:  From driveway,None Indicated,,Daylight,Snow,Clear,None apparent,Non-intersection:  Driveway access (within),Paved,,Minor Injury,0,1,0,1,0,0,2800,2,2,,POINT (-90.548326777821 41.829446232245)
2014792681,,03/25/2014,03-March,3-Tuesday,23:55,2300 Hours,District 6 (East Central),CAMANCHE,CLINTON,US 67,US 67 & WASHINGTON BLVD,Collision with fixed object:  Other fixed object (explain in narrative),On Roadway,Unknown,Ran Stop Sign,None Indicated,,,,,,Intersection:  T-intersection,Paved,,Property Damage Only,0,0,0,0,0,0,2000,1,1,,POINT (-90.286439070918 41.780479189327)