Iowa DOT Case Number,Law Enforcement Case Number,Date of Crash,Month of Crash,Day of Week,Time of Crash,Hour,DOT District,City Name,County Name,Route with System,Location Description,First Harmful Event,Location of First Harmful Event,Manner of Crash/Collision,Major Cause,Drug or Alcohol ,Environmental Conditions,Light Conditions,Surface Conditions,Weather Conditions,Roadway Contribution,Roadway Type,Roadway Surface,Work Zone,Crash Severity,Number of Fatalities,Number of Injuries,Number of Major Injuries,Number of Minor Injuries,Number of Possible Injuries,Number of Unknown Injuries,Amount of Property Damage,Number of Vehicles Involved,Total Number of Occupants,Travel Direction,Location
2014792039,14-1402,03/25/2014,03-March,3-Tuesday,07:09,0700 Hours,District 1 (Central),WEST DES MOINES,POLK,I-235,I-235,Collision with:  Vehicle in traffic,On Roadway,"Sideswipe, same direction",Improper or erratic lane changing,None Indicated,,Daylight,Dry,Cloudy,None apparent,Non-intersection:  Non-junction/no special feature,Paved,,Property Damage Only,0,0,0,0,0,0,2200,2,2,,POINT (-93.75681075439 41.592273714295)
2014792338,CL14000868,03/25/2014,03-March,3-Tuesday,14:46,1400 Hours,District 6 (East Central),CLINTON,CLINTON,,4TH AVE N & N 5TH ST,Collision with:  Vehicle in traffic,On Roadway,Broadside (front to side),FTYROW:  From stop sign,None Indicated,,Daylight,Dry,Clear,None apparent,Intersection:  Four-way intersection,Paved,,Possible/Unknown,0,1,0,0,1,0,7000,2,4,,POINT (-90.195596286443 41.84918920119)
2014792410,20140007894,03/25/2014,03-March,3-Tuesday,14:50,1400 Hours,District 1 (Central),DES MOINES,POLK,,FRANKLIN AVE & MERLE HAY RD,Collision with:  Vehicle in traffic,On Roadway,Broadside (front to side),Ran Stop Sign,None Indicated,,Daylight,Dry,Cloudy,None apparent,Intersection:  Four-way intersection,Paved,,Property Damage Only,0,0,0,0,0,0,7500,2,3,,POINT (-93.697780101081 41.611310094739)
2014792279,2014-17881,03/25/2014,03-March,3-Tuesday,22:42,2200 Hours,District 6 (East Central),DAVENPORT,SCOTT,,W LOMBARD ST & STURDEVANT ST,Collision with:  Vehicle in traffic,On Roadway,Broadside (front to side),Ran Stop Sign,Under Influence of Alcohol/Drugs/Medications,,Dark - roadway lighted,Dry,Clear,None apparent,Intersection:  Four-way intersection,Paved,,Property Damage Only,0,0,0,0,0,0,6000,2,2,,POINT (-90.598605965658 41.541877182237)
2014792148,032514-155,03/25/2014,03-March,3-Tuesday,10:48,1000 Hours,District 3 (Northwest),STORM LAKE,BUENA VISTA,,LAKE AVE,Collision with:  Vehicle in traffic,On Roadway,"Sideswipe, same direction",Other (explain in narrative):  Other,None Indicated,,Daylight,Dry,Clear,None apparent,Non-intersection:  Non-junction/no special feature,Paved,,Property Damage Only,0,0,0,0,0,0,4500,2,2,,POINT (-95.200779631556 42.658446198618)
2014792652,2014019350,03/25/2014,03-March,3-Tuesday,05:26,0500 Hours,District 5 (Southeast),,HENRY,US 34,US 34 & DAKOTA AVE,Collision with:  Animal,On Roadway,Non-collision (single vehicle),Animal,None Indicated,,Dark - roadway not lighted,Ice/frost,Cloudy,None apparent,Non-intersection:  Non-junction/no special feature,Paved,,Property Damage Only,0,0,0,0,0,0,2035,1,1,,POINT (-91.659925908829 40.974599219343)
2014792237,2014-17755,03/25/2014,03-March,3-Tuesday,07:34,0700 Hours,District 6 (East Central),DAVENPORT,SCOTT,,W LOCUST ST,Collision with fixed object:  Mailbox,Shoulder,Non-collision (single vehicle),Ran off road - right,None Indicated,,Daylight,Ice/frost,Clear,"Surface condition (e.g., wet, icy)",Non-intersection:  Non-junction/no special feature,Paved,,Property Damage Only,0,0,0,0,0,0,1950,1,1,,POINT (-90.645156340737 41.53820206461)
2014792238,2014-17758,03/25/2014,03-March,3-Tuesday,08:30,0800 Hours,District 6 (East Central),DAVENPORT,SCOTT,,E 53RD ST,Collision with:  Vehicle in traffic,On Roadway,Rear-end (front to rear),Followed too close,None Indicated,,Daylight,Ice/frost,Clear,"Surface condition (e.g., wet, icy)",Non-intersection:  Non-junction/no special feature,Paved,,Property Damage Only,0,0,0,0,0,0,1750,2,2,,POINT (-90.561290577644 41.574640167671)
2014792183,201404153,03/25/2014,03-March,3-Tuesday,07:36,0700 Hours,District 6 (East Central),CEDAR RAPIDS,LINN,I-380,I-380,Collision with:  Vehicle in traffic,On Roadway,Rear-end (front to rear),Other (explain in narrative):  No improper action,None Indicated,,Daylight,Ice/frost,Clear,"Surface condition (e.g., wet, icy)",Non-intersection:  Non-junction/no special feature,Paved,,Property Damage Only,0,0,0,0,0,0,5000,2,2,,POINT (-91.669939002287 41.872037181025)
2014792537,201400895,03/25/2014,03-March,3-Tuesday,08:08,0800 Hours,District 6 (East Central),ROBINS,LINN,,Co Rd W6E/NORTH CENTER POINT RD,Non-collision events:  Overturn/rollover,Roadside,Non-collision (single vehicle),Driving too fast for conditions,None Indicated,,Daylight,Ice/frost,Cloudy,"Surface condition (e.g., wet, icy)",Non-intersection:  Non-junction/no special feature,Paved,,Minor Injury,0,1,0,1,0,0,6000,1,1,,POINT (-91.696913981431 42.099002561365)
2014792928,201404178,03/25/2014,03-March,3-Tuesday,21:26,2100 Hours,District 6 (East Central),CEDAR RAPIDS,LINN,I-380,I-380 & BLAIRS FERRY RD NE,Collision with:  Vehicle in traffic,On Roadway,"Angle, oncoming left turn",Ran Traffic Signal,None Indicated,,Dark - roadway lighted,Dry,Clear,None apparent,Intersection:  Four-way intersection,Paved,,Property Damage Only,0,0,0,0,0,0,10000,2,3,,POINT (-91.675321877565 42.034756449393)
2014792718,142070,03/25/2014,03-March,3-Tuesday,22:55,2200 Hours,District 4 (Southwest),,DALLAS,IA 141,IA 141/141ST ST,Collision with:  Animal,,Non-collision (single vehicle),Animal,None Indicated,,,,,,,Paved,,Property Damage Only,0,0,0,0,0,0,4000,1,1,,POINT (-93.976106654178 41.834817847518)
2014792184,201404163,03/25/2014,03-March,3-Tuesday,12:30,1200 Hours,District 6 (East Central),CEDAR RAPIDS,LINN,IA 922,IA 922/1ST AVE W & 9TH ST NW,Collision with:  Vehicle in traffic,On Roadway,Rear-end (front to rear),Lost Control,None Indicated,,Daylight,Dry,Clear,None apparent,Non-intersection:  Non-junction/no special feature,Paved,,Possible/Unknown,0,1,0,0,1,0,2500,2,2,,POINT (-91.683472265705 41.972886147083)
2014792204,20140007882,03/25/2014,03-March,3-Tuesday,12:16,1200 Hours,District 1 (Central),DES MOINES,POLK,,UNIVERSITY AVE,Collision with:  Vehicle in traffic,On Roadway,Broadside (front to side),FTYROW:  From driveway,None Indicated,,Daylight,Dry,Clear,None apparent,Non-intersection:  Driveway access (within),Paved,,Minor Injury,0,4,0,4,0,0,8000,3,4,,POINT (-93.682758405347 41.600366458723)
2014792196,20140007901,03/25/2014,03-March,3-Tuesday,15:59,1500 Hours,District 1 (Central),DES MOINES,POLK,US 6,US 6/HICKMAN RD & 59TH ST,Collision with fixed object:  Traffic sign support,On Roadway,Non-collision (single vehicle),Swerving/Evasive Action,None Indicated,,Daylight,Dry,Clear,None apparent,Non-intersection:  Non-junction/no special feature,Paved,,Property Damage Only,0,0,0,0,0,0,1650,1,1,,POINT (-93.69898290379 41.614887652273)
2014792216,S14-000899,03/25/2014,03-March,3-Tuesday,02:05,0200 Hours,District 4 (Southwest),,POTTAWATTAMIE,I-80,I-80,Non-collision events:  Overturn/rollover,On Roadway,Non-collision (single vehicle),Swerving/Evasive Action,None Indicated,,Dark - roadway not lighted,Snow,Snow,"Surface condition (e.g., wet, icy)",Non-intersection:  Non-junction/no special feature,Paved,,Major Injury,0,1,1,0,0,0,1800,1,1,,POINT (-95.418591308781 41.497988456477)
2014792669,,03/25/2014,03-March,3-Tuesday,08:45,0800 Hours,District 1 (Central),WEST DES MOINES,POLK,,VINE ST & 19TH ST,Collision with:  Vehicle in traffic,On Roadway,Rear-end (front to rear),Unknown,None Indicated,,Daylight,Dry,Clear,,Intersection:  Four-way intersection,Paved,,Property Damage Only,0,0,0,0,0,0,1700,2,2,,POINT (-93.732309874463 41.577381304909)
2014792377,2014003221,03/25/2014,03-March,3-Tuesday,13:46,1300 Hours,District 6 (East Central),IOWA CITY,JOHNSON,,GRAND AVE,Collision with:  Vehicle in traffic,On Roadway,"Sideswipe, same direction",Improper or erratic lane changing,None Indicated,,Daylight,Dry,Cloudy,None apparent,Non-intersection:  Non-junction/no special feature,Paved,,Property Damage Only,0,0,0,0,0,0,2000,2,2,,POINT (-91.542285791661 41.65812750812)
2014792203,20140007874,03/25/2014,03-March,3-Tuesday,11:15,1100 Hours,District 1 (Central),DES MOINES,POLK,US 6,US 6/DOUGLAS AVE,Collision with:  Vehicle in traffic,On Roadway,"Sideswipe, same direction",Made improper turn,None Indicated,,Daylight,Dry,Cloudy,None apparent,Non-intersection:  Non-junction/no special feature,Paved,,Property Damage Only,0,0,0,0,0,0,6500,2,3,,POINT (-93.669163882261 41.629521631829)
2014792201,20140007926,03/25/2014,03-March,3-Tuesday,22:03,2200 Hours,District 1 (Central),DES MOINES,POLK,,CENTER ST & 2ND AVE,Collision with:  Vehicle in traffic,On Roadway,"Angle, oncoming left turn",Ran off road - left,None Indicated,,Dark - roadway lighted,Dry,Clear,None apparent,Non-intersection:  Non-junction/no special feature,Paved,,Property Damage Only,0,0,0,0,0,0,13500,2,3,,POINT (-93.620298898387 41.59156006689)
2014792461,14001666,03/25/2014,03-March,3-Tuesday,22:38,2200 Hours,District 2 (Northeast),,KOSSUTH,,CALL PARK DR,Non-collision events:  Overturn/rollover,On Roadway,Non-collision (single vehicle),Ran off road - right,Alcohol (Statutory),,Dark - roadway not lighted,Dry,Cloudy,None apparent,Non-intersection:  Non-junction/no special feature,Paved,,Property Damage Only,0,0,0,0,0,0,3000,1,1,,POINT (-94.241719509634 43.053625761552)
2014792167,2014003219,03/25/2014,03-March,3-Tuesday,12:44,1200 Hours,District 6 (East Central),IOWA CITY,JOHNSON,,E WASHINGTON ST & S CAPITOL ST,Collision with:  Vehicle in traffic,Outside trafficway,Rear-end (front to rear),Unknown,None Indicated,,Daylight,Dry,Clear,None apparent,Non-intersection:  Driveway access (within),Paved,,Property Damage Only,0,0,0,0,0,0,2400,2,3,,POINT (-91.536163069012 41.660139270221)
2014795115,2014-17867,03/25/2014,03-March,3-Tuesday,21:36,2100 Hours,District 6 (East Central),DAVENPORT,SCOTT,,CALVIN ST,Collision with:  Parked motor vehicle,On Roadway,"Sideswipe, same direction",Lost Control,None Indicated,,Dark - roadway lighted,Dry,Clear,None apparent,Non-intersection:  Non-junction/no special feature,Paved,,Property Damage Only,0,0,0,0,0,0,4500,2,1,,POINT (-90.636252066288 41.532876593775)
2014792495,14-4054,03/25/2014,03-March,3-Tuesday,15:46,1500 Hours,District 3 (Northwest),SPENCER,CLAY,,E 15TH ST & FAIRVIEW AVE,Collision with:  Vehicle in traffic,On Roadway,Broadside (front to side),FTYROW:  At uncontrolled intersection,None Indicated,,Daylight,Dry,Clear,None apparent,Intersection:  T-intersection,Paved,,Possible/Unknown,0,1,0,0,1,0,1300,2,4,,POINT (-95.13433131797 43.153075545824)
2014792200,20140007925,03/25/2014,03-March,3-Tuesday,21:11,2100 Hours,District 1 (Central),DES MOINES,POLK,,RITTENHOUSE ST & FLEUR DR,Collision with:  Vehicle in traffic,On Roadway,Broadside (front to side),FTYROW:  Making left turn,None Indicated,,Dark - roadway lighted,Dry,Clear,None apparent,Intersection:  T-intersection,Paved,,Property Damage Only,0,0,0,0,0,0,10000,2,2,,POINT (-93.644964978068 41.521374598151)
2014792087,2014019412,03/25/2014,03-March,3-Tuesday,07:23,0700 Hours,District 6 (East Central),,BUCHANAN,IA 150,IA 150/JAMESTOWN AVE,Collision with:  Vehicle in traffic,On Roadway,Head-on (front to front),Traveling wrong way or on wrong side of road,None Indicated,,Daylight,Wet,Cloudy,None apparent,Non-intersection:  Non-junction/no special feature,Paved,,Major Injury,0,2,2,0,0,0,10000,2,2,,POINT (-91.88983781179 42.521486256434)
2014792147,W14-028987,03/25/2014,03-March,3-Tuesday,15:42,1500 Hours,District 2 (Northeast),WATERLOO,BLACK HAWK,,W 5TH ST & WASHINGTON ST,Collision with:  Vehicle in traffic,On Roadway,Rear-end (front to rear),Followed too close,None Indicated,,Daylight,Dry,Cloudy,None apparent,Intersection:  Other intersection (explain in narrative),Paved,,Property Damage Only,0,0,0,0,0,0,11000,3,3,,POINT (-92.34070618412 42.492735465959)
2014793309,14041978,03/25/2014,03-March,3-Tuesday,07:51,0700 Hours,District 6 (East Central),,JOHNSON,,Co Rd W66/DUBUQUE ST,Collision with:  Vehicle in traffic,On Roadway,Rear-end (front to rear),Followed too close,None Indicated,,Daylight,Ice/frost,Clear,"Surface condition (e.g., wet, icy)",Non-intersection:  Driveway access (within),Paved,,Possible/Unknown,0,1,0,0,1,0,7500,2,2,,POINT (-91.578647477437 41.733672865158)
2014792754,C14000909,03/25/2014,03-March,3-Tuesday,07:45,0700 Hours,District 6 (East Central),CORALVILLE,JOHNSON,,POPLAR ST,Collision with:  Vehicle in traffic,On Roadway,"Sideswipe, opposite direction",Driving too fast for conditions,None Indicated,,Daylight,Ice/frost,Cloudy,"Surface condition (e.g., wet, icy)",Non-intersection:  Non-junction/no special feature,Paved,,Property Damage Only,0,0,0,0,0,0,6000,2,3,,POINT (-91.58068813405 41.707065024675)
2014793684,141317,03/25/2014,03-March,3-Tuesday,08:15,0800 Hours,District 1 (Central),IOWA FALLS,HARDIN,,WASHINGTON AVE,Collision with:  Vehicle in traffic,On Roadway,Rear-end (front to rear),Driving too fast for conditions,None Indicated,,Daylight,Ice/frost,Clear,"Surface condition (e.g., wet, icy)",Non-intersection:  Non-junction/no special feature,Paved,,Property Damage Only,0,0,0,0,0,0,3000,2,3,,POINT (-93.269879278116 42.519647511886)
2014792630,2014019383,03/25/2014,03-March,3-Tuesday,07:30,0700 Hours,District 6 (East Central),,JOHNSON,I-80,I-80,Collision with fixed object:  Guardrail - face,Median,Non-collision (single vehicle),Crossed centerline (undivided),None Indicated,,Dawn,Ice/frost,Clear,"Surface condition (e.g., wet, icy)",Non-intersection:  Non-junction/no special feature,Paved,,Property Damage Only,0,0,0,0,0,0,3000,1,3,,POINT (-91.412519714875 41.667270348729)
2014792370,14041818,03/25/2014,03-March,3-Tuesday,22:40,2200 Hours,District 6 (East Central),CORALVILLE,JOHNSON,I-380,I-380,Collision with:  Vehicle in traffic,On Roadway,"Sideswipe, same direction",Driving too fast for conditions,None Indicated,,Dark - roadway not lighted,Ice/frost,Cloudy,"Surface condition (e.g., wet, icy)",Non-intersection:  Non-junction/no special feature,Paved,,Property Damage Only,0,0,0,0,0,0,20000,2,3,,POINT (-91.642066817053 41.722677090818)
2014792162,01-14-12299,03/25/2014,03-March,3-Tuesday,18:38,1800 Hours,District 6 (East Central),DUBUQUE,DUBUQUE,,W 9TH ST,Collision with:  Vehicle in traffic,On Roadway,Broadside (front to side),Ran Traffic Signal,None Indicated,,Daylight,Dry,Clear,None apparent,Intersection:  T-intersection,Paved,,Possible/Unknown,0,1,0,0,1,0,8000,2,3,,POINT (-90.669566323801 42.501118787697)
2014792331,2014001600,03/25/2014,03-March,3-Tuesday,07:00,0700 Hours,District 6 (East Central),,BENTON,,Co Rd V66/21 AVE,Collision with:  Vehicle in traffic,On Roadway,"Sideswipe, opposite direction",Crossed centerline (undivided),None Indicated,,Daylight,Ice/frost,Cloudy,"Surface condition (e.g., wet, icy)",Non-intersection:  Non-junction/no special feature,Paved,,Property Damage Only,0,0,0,0,0,0,8000,2,2,,POINT (-92.084526570139 41.917953933152)
2014793281,14002481,03/25/2014,03-March,3-Tuesday,08:02,0800 Hours,District 6 (East Central),WINTHROP,BUCHANAN,,KENNEDY ST & 1ST ST,Collision with:  Vehicle in traffic,On Roadway,Rear-end (front to rear),Driving too fast for conditions,None Indicated,,Daylight,Ice/frost,Clear,"Surface condition (e.g., wet, icy)",Intersection:  T-intersection,Paved,,Property Damage Only,0,0,0,0,0,0,6000,2,3,,POINT (-91.731890521947 42.477358305916)
2014792165,14001883,03/25/2014,03-March,3-Tuesday,00:31,0000 Hours,District 1 (Central),,HAMILTON,,Co Rd R21/STAGECOACH RD,Collision with:  Animal,,,Animal,None Indicated,,,,,,,Paved,,Property Damage Only,0,0,0,0,0,0,7500,1,1,,POINT (-93.917699532221 42.289953907503)
2014792622,2014019332,03/25/2014,03-March,3-Tuesday,23:45,2300 Hours,District 6 (East Central),,SCOTT,I-80,I-80,Collision with fixed object:  Guardrail - face,On Roadway,Non-collision (single vehicle),Ran off road - left,None Indicated,,Dark - roadway not lighted,Ice/frost,Cloudy,"Surface condition (e.g., wet, icy)",Non-intersection:  Non-junction/no special feature,Paved,,Minor Injury,0,1,0,1,0,0,6500,1,1,,POINT (-90.722393678028 41.603965771735)
2014792624,2014019341,03/25/2014,03-March,3-Tuesday,01:40,0100 Hours,District 6 (East Central),,JOHNSON,I-380,I-380,Collision with fixed object:  Guardrail - face,Roadside,Non-collision (single vehicle),Swerving/Evasive Action,None Indicated,,Dark - roadway not lighted,Ice/frost,Cloudy,"Surface condition (e.g., wet, icy)",Non-intersection:  Non-junction/no special feature,Paved,,Property Damage Only,0,0,0,0,0,0,5500,1,1,,POINT (-91.642323536517 41.745881623519)
2014792182,201404151,03/25/2014,03-March,3-Tuesday,06:20,0600 Hours,District 6 (East Central),CEDAR RAPIDS,LINN,I-380,I-380,Collision with fixed object:  Other fixed object (explain in narrative),On Roadway,Non-collision (single vehicle),Ran off road - left,None Indicated,,Dark - roadway lighted,Ice/frost,Cloudy,"Surface condition (e.g., wet, icy)",Non-intersection:  Non-junction/no special feature,Paved,,Property Damage Only,0,0,0,0,0,0,6500,1,1,,POINT (-91.669599509402 41.930206596315)
2014792501,14-09825,03/25/2014,03-March,3-Tuesday,18:08,1800 Hours,District 5 (Southeast),BURLINGTON,DES MOINES,,ANGULAR ST & SUMMER ST,Collision with:  Vehicle in traffic,On Roadway,Broadside (front to side),FTYROW:  From stop sign,None Indicated,,Daylight,Dry,Clear,None apparent,Intersection:  Four-way intersection,Paved,,Property Damage Only,0,0,0,0,0,0,4000,2,3,,POINT (-91.114033523704 40.801424920237)
2014792236,2014-17748,03/25/2014,03-March,3-Tuesday,07:32,0700 Hours,District 6 (East Central),DAVENPORT,SCOTT,,W LOCUST ST & EAGLES CREST AVE,Collision with:  Vehicle in traffic,On Roadway,Rear-end (front to rear),Lost Control,None Indicated,,Daylight,Ice/frost,Clear,None apparent,Non-intersection:  Non-junction/no special feature,Paved,,Property Damage Only,0,0,0,0,0,0,5500,2,3,,POINT (-90.641465724479 41.538162415746)
2014792460,2014019356,03/25/2014,03-March,3-Tuesday,06:35,0600 Hours,District 1 (Central),,POLK,IA 415,IA 415/2ND AVE & NW 57TH PL,Collision with:  Animal,,,Animal,None Indicated,,,,,,,Paved,,Property Damage Only,0,0,0,0,0,0,8000,1,1,,POINT (-93.620508496318 41.66476036647)
2014792627,2014019367,03/25/2014,03-March,3-Tuesday,07:30,0700 Hours,District 6 (East Central),,JOHNSON,I-80,I-80 & WAPSI AVE,Collision with fixed object:  Guardrail - face,On Roadway,Non-collision (single vehicle),Lost Control,None Indicated,,Dawn,Ice/frost,Clear,"Surface condition (e.g., wet, icy)",Non-intersection:  Non-junction/no special feature,Paved,,Possible/Unknown,0,1,0,0,1,0,10500,1,1,,POINT (-91.424883559721 41.667611619426)
2014792189,14-1984,03/25/2014,03-March,3-Tuesday,19:07,1900 Hours,District 1 (Central),GRIMES,POLK,IA 141,IA 141/IOWA 141 & SE 37TH ST,Collision with:  Vehicle in traffic,On Roadway,Rear-end (front to rear),Followed too close,None Indicated,,Daylight,Dry,Clear,None apparent,Intersection:  Four-way intersection,Paved,,Possible/Unknown,0,1,0,0,0,1,1700,2,3,,POINT (-93.775013102497 41.658508187682)
2014796333,,03/25/2014,03-March,3-Tuesday,06:19,0600 Hours,District 5 (Southeast),,MUSCATINE,US 61,US 61,Non-collision events:  Overturn/rollover,Shoulder,Non-collision (single vehicle),Driving too fast for conditions,None Indicated,,Dark - roadway not lighted,Ice/frost,Clear,"Surface condition (e.g., wet, icy)",Non-intersection:  Non-junction/no special feature,Paved,,Possible/Unknown,0,1,0,0,1,0,4000,1,1,,POINT (-90.900504425313 41.517264762721)
2014792466,,03/25/2014,03-March,3-Tuesday,08:10,0800 Hours,District 6 (East Central),,JOHNSON,,Co Rd F16/HWY 382 NE,Collision with:  Vehicle in traffic,On Roadway,"Sideswipe, opposite direction",Crossed centerline (undivided),None Indicated,,Daylight,Ice/frost,Cloudy,"Surface condition (e.g., wet, icy)",Non-intersection:  Non-junction/no special feature,Paved,,Property Damage Only,0,0,0,0,0,0,5000,2,5,,POINT (-91.52939612369 41.820030485318)
2014792839,14-001408,03/25/2014,03-March,3-Tuesday,16:41,1600 Hours,District 1 (Central),AMES,STORY,,DUFF AVE,Collision with:  Vehicle in traffic,On Roadway,Broadside (front to side),FTYROW:  At uncontrolled intersection,None Indicated,,Daylight,Dry,Clear,None apparent,Non-intersection:  Alley,Paved,,Possible/Unknown,0,2,0,0,2,0,5000,2,3,,POINT (-93.610368096942 42.023161438527)
2014792851,14-000420,03/25/2014,03-March,3-Tuesday,17:16,1700 Hours,District 1 (Central),AMES,STORY,,UNIVERSITY BLVD,Collision with:  Vehicle in traffic,On Roadway,Rear-end (front to rear),Driver Distraction:  Manual operation of an electronic communication device,None Indicated,,Daylight,Dry,Clear,None apparent,Non-intersection:  Non-junction/no special feature,Paved,,Property Damage Only,0,0,0,0,0,0,4000,2,3,,POINT (-93.63940768796 42.007647116908)
2014792213,14-000609,03/25/2014,03-March,3-Tuesday,15:11,1500 Hours,District 1 (Central),ALTOONA,POLK,US 6,US 6/FREDERICK M HUBBELL AVE & ADVENTURELAND DR,Collision with:  Vehicle in traffic,On Roadway,Rear-end (front to rear),FTYROW:  At uncontrolled intersection,None Indicated,,Daylight,Dry,Cloudy,None apparent,Intersection:  Four-way intersection,Paved,,Property Damage Only,0,0,0,0,0,0,2499,2,2,,POINT (-93.498828790087 41.658534451132)
2014792532,14008171,03/25/2014,03-March,3-Tuesday,05:07,0500 Hours,District 5 (Southeast),MONTROSE,LEE,IA 27,IA 27/IOWA 27,Collision with fixed object:  Ditch,On Roadway,Non-collision (single vehicle),Ran off road - left,None Indicated,,Dark - roadway not lighted,Ice/frost,Other (explain in narrative),"Surface condition (e.g., wet, icy)",Non-intersection:  Non-junction/no special feature,Paved,,Possible/Unknown,0,1,0,0,1,0,20000,1,1,,POINT (-91.562999626238 40.529633444696)
2014795269,14-28872,03/25/2014,03-March,3-Tuesday,08:10,0800 Hours,District 2 (Northeast),LA PORTE CITY,BLACK HAWK,,ADAMS ST & OAK ST,Collision with:  Vehicle in traffic,On Roadway,Broadside (front to side),FTYROW:  From driveway,None Indicated,,Daylight,Snow,Clear,None apparent,Non-intersection:  Driveway access (within),Paved,,Property Damage Only,0,0,0,0,0,0,3000,2,2,,POINT (-92.197545861822 42.315747166187)
2014812284,2014-2685,03/25/2014,03-March,3-Tuesday,07:25,0700 Hours,District 6 (East Central),ELDRIDGE,SCOTT,,SPRING ST & S 3RD ST,Collision with:  Non-motorist (see non-motorist section - NOT a unit),On Roadway,Non-collision (single vehicle),Other (explain in narrative):  No improper action,None Indicated,,Daylight,Dry,Clear,None apparent,Intersection:  Four-way intersection,Paved,,Possible/Unknown,0,1,0,0,1,0,50,1,1,,POINT (-90.58519036106 41.649356971822)
2014793024,,03/25/2014,03-March,3-Tuesday,08:50,0800 Hours,District 6 (East Central),CEDAR RAPIDS,LINN,,1ST AVE W & JACOLYN DR SW,Collision with:  Vehicle in traffic,On Roadway,Rear-end (front to rear),Unknown,None Indicated,,Daylight,Snow,Snow,,Intersection:  Four-way intersection,Paved,,Property Damage Only,0,0,0,0,0,0,1600,2,2,,POINT (-91.730639904656 41.966761650473)
2014792879,,03/25/2014,03-March,3-Tuesday,15:24,1500 Hours,District 6 (East Central),CEDAR RAPIDS,LINN,,76TH AVE SW,Collision with:  Vehicle in traffic,On Roadway,"Angle, oncoming left turn",Unknown,None Indicated,,Daylight,Dry,Clear,,Intersection:  T-intersection,Paved,,Possible/Unknown,0,2,0,0,2,0,10000,2,2,,POINT (-91.667360821521 41.905061416467)
2014792015,14-1970,03/25/2014,03-March,3-Tuesday,07:10,0700 Hours,District 1 (Central),,POLK,,NE 94TH AVE & NE 56TH ST,Collision with:  Vehicle in traffic,On Roadway,Broadside (front to side),Ran Stop Sign,None Indicated,,Daylight,Dry,Clear,None apparent,Intersection:  Four-way intersection,Paved,,Major Injury,0,2,1,0,1,0,8000,2,2,,POINT (-93.502821788926 41.731753838441)
2014792159,01-14-12281,03/25/2014,03-March,3-Tuesday,16:50,1600 Hours,District 6 (East Central),DUBUQUE,DUBUQUE,US 52,US 52/WHITE ST & E 14TH ST,Collision with:  Vehicle in traffic,On Roadway,"Sideswipe, same direction",Other (explain in narrative):  Other,None Indicated,,Daylight,Dry,Clear,None apparent,Non-intersection:  Non-junction/no special feature,Paved,,Property Damage Only,0,0,0,0,0,0,1500,2,2,,POINT (-90.666744240891 42.506644568784)
2014792141,,03/25/2014,03-March,3-Tuesday,20:15,2000 Hours,District 2 (Northeast),,CLAYTON,,Co Rd X56/GREAT RIVER RD,Collision with:  Animal,On Roadway,Non-collision (single vehicle),Animal,None Indicated,,,,,,,Paved,,Property Damage Only,0,0,0,0,0,0,2500,1,1,,POINT (-91.175585507963 42.907405536518)
2014792339,CL14000871,03/25/2014,03-March,3-Tuesday,15:58,1500 Hours,District 6 (East Central),CLINTON,CLINTON,US 30,US 30/8TH AVE S,Collision with:  Vehicle in traffic,On Roadway,Rear-end (front to rear),Equipment failure,None Indicated,,Daylight,Dry,Clear,None apparent,Non-intersection:  Other non-intersection (explain in narrative),Paved,,Possible/Unknown,0,1,0,0,1,0,20000,2,2,,POINT (-90.187555068493 41.837816345975)
2014793308,14041842,03/25/2014,03-March,3-Tuesday,23:28,2300 Hours,District 6 (East Central),,JOHNSON,I-80,I-80,Collision with:  Vehicle in traffic,On Roadway,Rear-end (front to rear),Driving too fast for conditions,None Indicated,,Dark - roadway not lighted,Ice/frost,"Sleet, hail","Surface condition (e.g., wet, icy)",Non-intersection:  Non-junction/no special feature,Paved,,Property Damage Only,0,0,0,0,0,0,4900,2,3,,POINT (-91.433056135463 41.667921502445)
2014792880,,03/25/2014,03-March,3-Tuesday,07:30,0700 Hours,District 6 (East Central),CEDAR RAPIDS,LINN,,BLAIRS FERRY RD & USHERS FERRY RD NE,Collision with:  Vehicle in traffic,On Roadway,Head-on (front to front),Unknown,None Indicated,,Dawn,Ice/frost,Snow,,Intersection:  T-intersection,Paved,,Property Damage Only,0,0,0,0,0,0,9900,2,3,,POINT (-91.710980882733 42.034955370677)
2014792334,W14-029172,03/25/2014,03-March,3-Tuesday,23:14,2300 Hours,District 2 (Northeast),WATERLOO,BLACK HAWK,,BRATNOBER ST & BROADWAY ST,Collision with:  Vehicle in traffic,On Roadway,Broadside (front to side),FTYROW:  From stop sign,None Indicated,,Dark - roadway lighted,Dry,Clear,None apparent,Intersection:  Four-way intersection,Paved,,Possible/Unknown,0,1,0,0,1,0,4000,2,3,,POINT (-92.345120246846 42.50937652173)
2014792212,14-000607,03/25/2014,03-March,3-Tuesday,07:30,0700 Hours,District 1 (Central),ALTOONA,POLK,,1ST AVE S,Collision with:  Vehicle in traffic,On Roadway,Rear-end (front to rear),Other (explain in narrative):  Other,None Indicated,,Dawn,Dry,Cloudy,None apparent,Non-intersection:  Non-junction/no special feature,Paved,,Property Damage Only,0,0,0,0,0,0,2000,2,3,,POINT (-93.464614635469 41.644086210857)
2014792628,2014019370,03/25/2014,03-March,3-Tuesday,06:55,0600 Hours,District 5 (Southeast),RIVERSIDE,WASHINGTON,US 218,US 218 & IA 22,Non-collision events:  Overturn/rollover,Median,Non-collision (single vehicle),Ran off road - left,None Indicated,,Dawn,Ice/frost,Cloudy,"Surface condition (e.g., wet, icy)",Non-intersection:  Other non-intersection (explain in narrative),Paved,,Minor Injury,0,1,0,1,0,0,6000,1,1,,POINT (-91.551410289898 41.487047013523)