Iowa DOT Case Number,Law Enforcement Case Number,Date of Crash,Month of Crash,Day of Week,Time of Crash,Hour,DOT District,City Name,County Name,Route with System,Location Description,First Harmful Event,Location of First Harmful Event,Manner of Crash/Collision,Major Cause,Drug or Alcohol ,Environmental Conditions,Light Conditions,Surface Conditions,Weather Conditions,Roadway Contribution,Roadway Type,Roadway Surface,Work Zone,Crash Severity,Number of Fatalities,Number of Injuries,Number of Major Injuries,Number of Minor Injuries,Number of Possible Injuries,Number of Unknown Injuries,Amount of Property Damage,Number of Vehicles Involved,Total Number of Occupants,Travel Direction,Location
2014792391,14000000246,03/25/2014,03-March,3-Tuesday,07:51,0700 Hours,District 1 (Central),STATE CENTER,MARSHALL,,Co Rd E27/GARWIN RD,Non-collision events:  Overturn/rollover,On Roadway,Non-collision (single vehicle),Ran off road - right,None Indicated,,Daylight,Ice/frost,Clear,"Surface condition (e.g., wet, icy)",Non-intersection:  Non-junction/no special feature,Paved,,Property Damage Only,0,0,0,0,0,0,6350,1,1,,POINT (-92.836632416638 42.092991866125)
2014792155,14-09741,03/25/2014,03-March,3-Tuesday,08:06,0800 Hours,District 5 (Southeast),BURLINGTON,DES MOINES,,DIVISION ST & W BURLINGTON AVE,Collision with:  Vehicle in traffic,On Roadway,Broadside (front to side),Other (explain in narrative):  Other,None Indicated,,Daylight,Dry,Cloudy,None apparent,Non-intersection:  Non-junction/no special feature,Paved,,Property Damage Only,0,0,0,0,0,0,8000,2,2,,POINT (-91.152268895333 40.806322480088)
2014792150,14001705,03/25/2014,03-March,3-Tuesday,18:14,1800 Hours,District 2 (Northeast),,CERRO GORDO,US 65,US 65,Collision with:  Vehicle in traffic,On Roadway,Rear-end (front to rear),Swerving/Evasive Action,None Indicated,,Daylight,Dry,Clear,None apparent,Non-intersection:  Non-junction/no special feature,Paved,,Property Damage Only,0,0,0,0,0,0,7000,2,3,,POINT (-93.207693815978 43.188286753035)
2014792382,201404159,03/25/2014,03-March,3-Tuesday,10:01,1000 Hours,District 6 (East Central),CEDAR RAPIDS,LINN,IA 922,IA 922/1ST AVE E,Collision with:  Vehicle in traffic,On Roadway,Rear-end (front to rear),Lost Control,None Indicated,,Daylight,Wet,Clear,None apparent,Intersection:  Four-way intersection,Paved,,Property Damage Only,0,0,0,0,0,0,8000,2,3,,POINT (-91.621357567275 42.02575395567)
2014791946,4043-14,03/25/2014,03-March,3-Tuesday,10:56,1000 Hours,District 3 (Northwest),SPENCER,CLAY,,E 11TH ST,Collision with:  Vehicle in traffic,On Roadway,Head-on (front to front),Made improper turn,None Indicated,,Daylight,Dry,Clear,None apparent,Intersection:  Four-way intersection,Paved,,Property Damage Only,0,0,0,0,0,0,3500,2,2,,POINT (-95.144931983869 43.148834229959)
2014792008,20141023,03/25/2014,03-March,3-Tuesday,07:10,0700 Hours,District 6 (East Central),MOUNT VERNON,LINN,US 30,US 30,Collision with:  Vehicle in traffic,On Roadway,Head-on (front to front),Crossed centerline (undivided),None Indicated,,Dawn,Ice/frost,Cloudy,"Surface condition (e.g., wet, icy)",Non-intersection:  Non-junction/no special feature,Paved,,Possible/Unknown,0,1,0,0,1,0,23000,2,2,,POINT (-91.416288371195 41.91620185058)
2014792667,,03/25/2014,03-March,3-Tuesday,13:00,1300 Hours,District 6 (East Central),CEDAR RAPIDS,LINN,I-380,I-380 & IA 922/1ST AVE/1ST AVE W & 3RD ST SW & 3RD ST NW,Collision with:  Vehicle in traffic,On Roadway,Broadside (front to side),Unknown,None Indicated,,Daylight,Dry,Clear,,Intersection:  T-intersection,Paved,,Possible/Unknown,0,1,0,0,1,0,1500,2,3,,POINT (-91.675702708089 41.975651816104)
2014792157,14-09812,03/25/2014,03-March,3-Tuesday,16:47,1600 Hours,District 5 (Southeast),BURLINGTON,DES MOINES,US 61,US 61 & DIVISION ST,Collision with:  Vehicle in traffic,On Roadway,Rear-end (front to rear),Followed too close,None Indicated,,Daylight,Dry,Cloudy,None apparent,Intersection:  Four-way intersection,Paved,,Property Damage Only,0,0,0,0,0,0,7000,2,2,,POINT (-91.141490761185 40.807671643824)
2014792538,201400897,03/25/2014,03-March,3-Tuesday,08:40,0800 Hours,District 6 (East Central),,LINN,,Co Rd W6E/ELY RD,Non-collision events:  Overturn/rollover,Roadside,Non-collision (single vehicle),Crossed centerline (undivided),None Indicated,,Daylight,Ice/frost,Cloudy,"Surface condition (e.g., wet, icy)",Non-intersection:  Non-junction/no special feature,Paved,,Property Damage Only,0,0,0,0,0,0,1500,1,1,,POINT (-91.602673138473 41.893673660949)
2014792629,2014019372,03/25/2014,03-March,3-Tuesday,06:55,0600 Hours,District 5 (Southeast),AINSWORTH,WASHINGTON,US 218,US 218 & IA 22,Collision with fixed object:  Bridge overhead structure,Shoulder,Non-collision (single vehicle),Ran off road - left,None Indicated,,Dawn,Ice/frost,Cloudy,"Surface condition (e.g., wet, icy)",Non-intersection:  Other non-intersection (explain in narrative),Paved,,Possible/Unknown,0,1,0,0,1,0,3000,1,2,,POINT (-91.551410289898 41.487047013523)
2014792340,CL14000872,03/25/2014,03-March,3-Tuesday,16:39,1600 Hours,District 6 (East Central),CLINTON,CLINTON,US 67,US 67/N 2ND ST & 17TH AVE N,Collision with:  Vehicle in traffic,On Roadway,Rear-end (front to rear),Driver Distraction:  Manual operation of an electronic communication device,None Indicated,,Daylight,Dry,Clear,None apparent,Non-intersection:  Non-junction/no special feature,Paved,,Possible/Unknown,0,1,0,0,1,0,4000,3,4,,POINT (-90.183085502549 41.863643126063)
2014792278,2014-17819,03/25/2014,03-March,3-Tuesday,16:26,1600 Hours,District 6 (East Central),DAVENPORT,SCOTT,US 6,US 6/W KIMBERLY RD/E KIMBERLY RD & IA 461/WELCOME WAY,Collision with:  Vehicle in traffic,On Roadway,Rear-end (front to rear),Swerving/Evasive Action,None Indicated,,Daylight,Dry,Clear,None apparent,Intersection:  Four-way intersection,Paved,,Possible/Unknown,0,2,0,0,2,0,1500,2,5,,POINT (-90.570930788018 41.560317081912)
2014792631,2014019385,03/25/2014,03-March,3-Tuesday,08:29,0800 Hours,District 5 (Southeast),,WASHINGTON,US 218,US 218,Non-collision events:  Overturn/rollover,Shoulder,Non-collision (single vehicle),Ran off road - right,None Indicated,,Daylight,Ice/frost,Cloudy,"Surface condition (e.g., wet, icy)",Non-intersection:  Non-junction/no special feature,Paved,,Property Damage Only,0,0,0,0,0,0,12000,1,1,,POINT (-91.550822789299 41.447822500191)
2014792994,2014019389,03/25/2014,03-March,3-Tuesday,08:05,0800 Hours,District 6 (East Central),CORALVILLE,JOHNSON,I-380,I-380,Collision with:  Parked motor vehicle,Roadside,Unknown,Driving too fast for conditions,None Indicated,,Daylight,Ice/frost,Cloudy,"Surface condition (e.g., wet, icy)",Non-intersection:  Non-junction/no special feature,Paved,,Property Damage Only,0,0,0,0,0,0,10030,2,1,,POINT (-91.642080626787 41.720308461441)
2014792536,201400894,03/25/2014,03-March,3-Tuesday,07:40,0700 Hours,District 6 (East Central),,LINN,,Co Rd E48/MT VERNON RD,Collision with:  Vehicle in traffic,On Roadway,Rear-end (front to rear),Swerving/Evasive Action,None Indicated,,Daylight,Ice/frost,Cloudy,"Surface condition (e.g., wet, icy)",Non-intersection:  Non-junction/no special feature,Paved,,Property Damage Only,0,0,0,0,0,0,2000,2,2,,POINT (-91.596631624402 41.976846833517)
2014792535,201400893,03/25/2014,03-March,3-Tuesday,06:31,0600 Hours,District 6 (East Central),,LINN,,Co Rd E34/COUNTY HOME RD & Co Rd W56/C AVE EXT,Collision with:  Vehicle in traffic,On Roadway,"Angle, oncoming left turn",Driving too fast for conditions,None Indicated,,Dawn,Ice/frost,Cloudy,"Surface condition (e.g., wet, icy)",Intersection:  Four-way intersection,Paved,,Minor Injury,0,2,0,2,0,0,12000,2,2,,POINT (-91.648483504395 42.094893834188)
2014792194,20140007923,03/25/2014,03-March,3-Tuesday,21:20,2100 Hours,District 1 (Central),DES MOINES,POLK,,WILLIAMS ST,Non-collision events:  Other non-collision (explain in narrative),On Roadway,Non-collision (single vehicle),Crossed centerline (undivided),None Indicated,,Dark - roadway lighted,Dry,Clear,None apparent,Non-intersection:  Non-junction/no special feature,Paved,,Property Damage Only,0,0,0,0,0,0,2500,2,2,,POINT (-93.534914599198 41.592421384176)
2014792185,14006064,03/25/2014,03-March,3-Tuesday,07:30,0700 Hours,District 6 (East Central),MARION,LINN,,Co Rd E44/LAKESIDE RD/30TH ST DR & EAST POST RD,Collision with:  Vehicle in traffic,On Roadway,Rear-end (front to rear),Driving too fast for conditions,None Indicated,,Daylight,Snow,Clear,"Surface condition (e.g., wet, icy)",Intersection:  Four-way intersection,Paved,,Property Damage Only,0,0,0,0,0,0,2500,2,2,,POINT (-91.599192658552 42.005923737599)
2014792431,2014-17717,03/25/2014,03-March,3-Tuesday,00:20,0000 Hours,District 6 (East Central),DAVENPORT,SCOTT,I-280,I-280,Collision with fixed object:  Concrete traffic barrier (median or right side),On Roadway,Non-collision (single vehicle),Lost Control,None Indicated,,Dark - roadway lighted,Snow,Snow,"Surface condition (e.g., wet, icy)",Non-intersection:  Other non-intersection (explain in narrative),Paved,,Property Damage Only,0,0,0,0,0,0,2000,1,1,,POINT (-90.650393489783 41.492204982792)
2014792384,201404169,03/25/2014,03-March,3-Tuesday,14:55,1400 Hours,District 6 (East Central),CEDAR RAPIDS,LINN,,10TH AVE SE & 8TH ST SE,Collision with:  Vehicle in traffic,On Roadway,"Sideswipe, same direction",Made improper turn,None Indicated,,Daylight,Dry,Cloudy,None apparent,Intersection:  Other intersection (explain in narrative),Paved,,Property Damage Only,0,0,0,0,0,0,4250,2,2,,POINT (-91.654304513976 41.975006662795)
2014792307,14004202,03/25/2014,03-March,3-Tuesday,08:12,0800 Hours,District 6 (East Central),TIPTON,CEDAR,,4TH ST & PLUM ST,Collision with:  Vehicle in traffic,On Roadway,Broadside (front to side),FTYROW:  From stop sign,None Indicated,,Daylight,Snow,Clear,None apparent,Intersection:  Four-way intersection,Paved,,Property Damage Only,0,0,0,0,0,0,6000,2,4,,POINT (-91.122878964094 41.768946881721)
2014792509,02-14-4837,03/25/2014,03-March,3-Tuesday,07:36,0700 Hours,District 6 (East Central),,DUBUQUE,US 20,US 20 & BOBCAT RD,Non-collision events:  Overturn/rollover,On Roadway,Non-collision (single vehicle),Crossed centerline (undivided),None Indicated,,Daylight,Ice/frost,Clear,"Surface condition (e.g., wet, icy)",Non-intersection:  Other non-intersection (explain in narrative),Paved,,Property Damage Only,0,0,0,0,0,0,8000,1,1,,POINT (-90.941702422018 42.439727920676)
2014792485,14001699,03/25/2014,03-March,3-Tuesday,10:34,1000 Hours,District 2 (Northeast),,CERRO GORDO,,Co Rd B35/255TH ST,Collision with:  Vehicle in traffic,On Roadway,"Sideswipe, opposite direction",Crossed centerline (undivided),None Indicated,,Daylight,Dry,Clear,None apparent,Non-intersection:  Non-junction/no special feature,Paved,,Property Damage Only,0,0,0,0,0,0,33000,2,2,,POINT (-93.284846957052 43.133722507226)
2014793408,2014-17742,03/25/2014,03-March,3-Tuesday,05:40,0500 Hours,District 6 (East Central),DAVENPORT,SCOTT,I-80,I-80,Collision with fixed object:  Guardrail - face,Median,"Sideswipe, same direction",Lost Control,None Indicated,,Dark - roadway not lighted,Ice/frost,Clear,None apparent,Non-intersection:  Non-junction/no special feature,Paved,,Property Damage Only,0,0,0,0,0,0,4500,2,2,,POINT (-90.517319513344 41.596277370916)
2014792850,14-000418,03/25/2014,03-March,3-Tuesday,00:20,0000 Hours,District 1 (Central),AMES,STORY,,STANTON AVE,Unknown,Outside trafficway,"Sideswipe, same direction",Unknown,None Indicated,,Unknown,Dry,Other (explain in narrative),None apparent,Non-intersection:  Other non-intersection (explain in narrative),Paved,,Property Damage Only,0,0,0,0,0,0,1600,2,1,,POINT (-93.648501752354 42.021988619297)
2014792347,47-2014,03/25/2014,03-March,3-Tuesday,07:45,0700 Hours,District 4 (Southwest),,HARRISON,IA 183,IA 183/IOWA 183 & 170TH ST,Collision with:  Animal,On Roadway,Non-collision (single vehicle),Animal,None Indicated,,Dawn,Dry,Clear,None apparent,Non-intersection:  Non-junction/no special feature,Paved,,Property Damage Only,0,0,0,0,0,0,2500,1,1,,POINT (-95.970657370637 41.760974705738)
2014826419,14-2174,03/25/2014,03-March,3-Tuesday,07:27,0700 Hours,District 6 (East Central),LE CLAIRE,SCOTT,,GLENWOOD DR,Collision with:  Parked motor vehicle,On Roadway,Rear-end (front to rear),Driving too fast for conditions,None Indicated,,Daylight,Ice/frost,Other (explain in narrative),"Surface condition (e.g., wet, icy)",Non-intersection:  Non-junction/no special feature,Paved,,Property Damage Only,0,0,0,0,0,0,10000,2,1,,POINT (-90.362625440727 41.59292063972)
2014792919,14-007200,03/25/2014,03-March,3-Tuesday,13:55,1300 Hours,District 1 (Central),,JASPER,IA 117,IA 117/IOWA 117 N,Collision with:  Vehicle in traffic,On Roadway,Rear-end (front to rear),Followed too close,None Indicated,,Daylight,Dry,Clear,None apparent,Non-intersection:  Non-junction/no special feature,Paved,,Property Damage Only,0,0,0,0,0,0,10000,2,2,,POINT (-93.246369632421 41.700974928395)
2014792393,1400000245,03/25/2014,03-March,3-Tuesday,00:05,0000 Hours,District 1 (Central),,MARSHALL,IA 14,IA 14/SANFORD AVE,Collision with:  Vehicle in traffic,On Roadway,"Sideswipe, opposite direction",Crossed centerline (undivided),None Indicated,,Dark - roadway not lighted,Ice/frost,Snow,"Surface condition (e.g., wet, icy)",Non-intersection:  Non-junction/no special feature,Paved,,Property Damage Only,0,0,0,0,0,0,7500,2,3,,POINT (-92.90335588862 42.134173063882)
2014793896,2014019545,03/26/2014,03-March,4-Wednesday,06:50,0600 Hours,District 5 (Southeast),,WARREN,IA 5,IA 5/IOWA 5 & 205TH AVE,Collision with:  Animal,,,Animal,None Indicated,,,,,,,Paved,,Property Damage Only,0,0,0,0,0,0,2000,1,1,,POINT (-93.416052701962 41.46619715748)
2014792427,14-011759,03/26/2014,03-March,4-Wednesday,20:48,2000 Hours,District 4 (Southwest),COUNCIL BLUFFS,POTTAWATTAMIE,I-29,I-29,Non-collision events:  Other non-collision (explain in narrative),On Roadway,Non-collision (single vehicle),Ran off road - left,None Indicated,,Dark - roadway lighted,Dry,Clear,Ruts/holes/bumps,Non-intersection:  Non-junction/no special feature,Paved,,Property Damage Only,0,0,0,0,0,0,2000,1,3,,POINT (-95.841662719339 41.229854900173)
2014794164,140326BVZ01,03/26/2014,03-March,4-Wednesday,17:25,1700 Hours,District 3 (Northwest),ORANGE CITY,SIOUX,IA 10,IA 10/8TH ST SW,Collision with:  Vehicle in traffic,On Roadway,Rear-end (front to rear),Followed too close,None Indicated,,Daylight,Dry,Clear,None apparent,Non-intersection:  Non-junction/no special feature,Paved,,Property Damage Only,0,0,0,0,0,0,8500,2,3,,POINT (-96.073433537851 42.999031955698)
2014792426,14-011733,03/26/2014,03-March,4-Wednesday,16:54,1600 Hours,District 4 (Southwest),COUNCIL BLUFFS,POTTAWATTAMIE,I-29,I-29,Collision with:  Vehicle in traffic,On Roadway,Broadside (front to side),Unknown,None Indicated,,Daylight,Dry,Clear,None apparent,Non-intersection:  Non-junction/no special feature,Paved,,Property Damage Only,0,0,0,0,0,0,2500,2,3,,POINT (-95.897426148868 41.236128533336)
2014792437,2014-06027,03/26/2014,03-March,4-Wednesday,22:52,2200 Hours,District 5 (Southeast),,WARREN,IA 5,IA 5/IOWA 5,Non-collision events:  Overturn/rollover,On Roadway,Non-collision (single vehicle),Swerving/Evasive Action,None Indicated,,Dark - roadway not lighted,Wet,Rain,None apparent,Non-intersection:  Non-junction/no special feature,Paved,,Property Damage Only,0,0,0,0,0,0,6000,1,2,,POINT (-93.473782753876 41.490591230135)
2014792424,14-011697,03/26/2014,03-March,4-Wednesday,14:50,1400 Hours,District 4 (Southwest),COUNCIL BLUFFS,POTTAWATTAMIE,I-480,I-480,Collision with:  Vehicle in traffic,On Roadway,"Sideswipe, same direction",Improper or erratic lane changing,None Indicated,,Daylight,Dry,Clear,None apparent,Non-intersection:  Non-junction/no special feature,Paved,,Property Damage Only,0,0,0,0,0,0,1500,2,4,,POINT (-95.912521185824 41.261685564433)
2014792599,2014-0092,03/26/2014,03-March,4-Wednesday,20:05,2000 Hours,District 5 (Southeast),NORWALK,WARREN,IA 28,IA 28/IOWA 28,Collision with:  Animal,On Roadway,Non-collision (single vehicle),Animal,None Indicated,,Dark - roadway lighted,Dry,Clear,None apparent,Non-intersection:  Non-junction/no special feature,Paved,,Property Damage Only,0,0,0,0,0,0,4000,1,1,,POINT (-93.67412741085 41.493879001522)
2014794491,,03/26/2014,03-March,4-Wednesday,15:50,1500 Hours,District 4 (Southwest),,FREMONT,,230 ST & 350 AVE,Non-collision events:  Overturn/rollover,On Roadway,Non-collision (single vehicle),Driving too fast for conditions,None Indicated,,Daylight,Dry,"Blowing sand, soil, dirt",None apparent,Intersection:  Other intersection (explain in narrative),Unpaved,,Property Damage Only,0,0,0,0,0,0,4000,1,2,,POINT (-95.522404654563 40.715194402833)
2014792291,14-0165,03/26/2014,03-March,4-Wednesday,06:35,0600 Hours,District 1 (Central),FORT DODGE,WEBSTER,IA 7,IA 7/190TH ST,Collision with:  Animal,,,Animal,None Indicated,,,,,,,Paved,,Property Damage Only,0,0,0,0,0,0,3000,1,1,,POINT (-94.231603944948 42.515391267925)
2014792409,20140007980,03/26/2014,03-March,4-Wednesday,13:41,1300 Hours,District 1 (Central),DES MOINES,POLK,,E 28TH ST,Collision with:  Vehicle in traffic,On Roadway,"Sideswipe, opposite direction","Operating vehicle in an reckless, erratic, careless, negligent manner",None Indicated,,Daylight,Dry,Clear,None apparent,Non-intersection:  Non-junction/no special feature,Paved,,Property Damage Only,0,0,0,0,0,0,6000,2,2,,POINT (-93.562505096474 41.60418827889)
2014793466,14-002357,03/26/2014,03-March,4-Wednesday,14:17,1400 Hours,District 4 (Southwest),ATLANTIC,CASS,,CHESTNUT ST,Collision with fixed object:  Utility pole/light support,Outside trafficway,Non-collision (single vehicle),Ran off road - right,None Indicated,,Daylight,Dry,Clear,None apparent,Non-intersection:  Non-junction/no special feature,Paved,,Minor Injury,0,1,0,1,0,0,3200,1,1,,POINT (-95.013091584467 41.400703832051)
2014793863,2014-05983,03/26/2014,03-March,4-Wednesday,11:48,1100 Hours,District 5 (Southeast),INDIANOLA,WARREN,US 65,US 65,Non-collision events:  Other non-collision (explain in narrative),On Roadway,Non-collision (single vehicle),Made improper turn,None Indicated,,Daylight,Dry,Clear,None apparent,Non-intersection:  Non-junction/no special feature,Paved,,Possible/Unknown,0,1,0,0,1,0,1500,2,2,,POINT (-93.558694857993 41.395775594515)
2014792308,14000137,03/26/2014,03-March,4-Wednesday,09:10,0900 Hours,District 5 (Southeast),ALBIA,MONROE,,4TH AVE W,Collision with:  Vehicle in traffic,On Roadway,"Sideswipe, same direction",Unknown,None Indicated,,Daylight,Dry,Clear,None apparent,Non-intersection:  Non-junction/no special feature,Paved,,Property Damage Only,0,0,0,0,0,0,1500,2,1,,POINT (-92.811008122302 41.02293257228)
2014792395,2014002766,03/26/2014,03-March,4-Wednesday,12:15,1200 Hours,District 1 (Central),MARSHALLTOWN,MARSHALL,,N 2ND AVE,Collision with:  Vehicle in traffic,On Roadway,"Sideswipe, same direction",Unknown,None Indicated,,Daylight,Dry,Clear,None apparent,Non-intersection:  Driveway access (within),Paved,,Property Damage Only,0,0,0,0,0,0,3450,2,2,,POINT (-92.909654501581 42.052894360242)
2014792758,14000693,03/26/2014,03-March,4-Wednesday,08:22,0800 Hours,District 6 (East Central),IOWA CITY,JOHNSON,,S GRAND AVE,Collision with:  Vehicle in traffic,On Roadway,Rear-end (front to rear),Followed too close,None Indicated,,Daylight,Dry,Cloudy,None apparent,Non-intersection:  Non-junction/no special feature,Paved,,Property Damage Only,0,0,0,0,0,0,1700,2,2,,POINT (-91.545978757911 41.657868060086)
2014792209,20140007960,03/26/2014,03-March,4-Wednesday,10:29,1000 Hours,District 1 (Central),DES MOINES,POLK,,FORT DES MOINES,Collision with:  Vehicle in traffic,On Roadway,"Sideswipe, opposite direction",Made improper turn,None Indicated,,Daylight,Dry,Clear,None apparent,Intersection:  T-intersection,Paved,,Property Damage Only,0,0,0,0,0,0,5000,2,3,,POINT (-93.615936013963 41.525091641504)
2014792505,01-14-12364,03/26/2014,03-March,4-Wednesday,07:46,0700 Hours,District 6 (East Central),DUBUQUE,DUBUQUE,,WOODLAWN ST,Collision with:  Parked motor vehicle,On Roadway,Rear-end (front to rear),Traveling wrong way or on wrong side of road,None Indicated,,Daylight,Dry,Clear,None apparent,Non-intersection:  Non-junction/no special feature,Paved,,Property Damage Only,0,0,0,0,0,0,6500,2,3,,POINT (-90.713128768688 42.511614366576)
2014792593,2014-18067,03/26/2014,03-March,4-Wednesday,16:54,1600 Hours,District 6 (East Central),DAVENPORT,SCOTT,US 6,US 6/W KIMBERLY RD,Collision with:  Vehicle in traffic,On Roadway,Rear-end (front to rear),Followed too close,None Indicated,,Daylight,Dry,Cloudy,None apparent,Non-intersection:  Non-junction/no special feature,Paved,,Possible/Unknown,0,1,0,0,1,0,3000,2,2,,POINT (-90.599431790672 41.560051359941)
2014792385,201404194,03/26/2014,03-March,4-Wednesday,09:41,0900 Hours,District 6 (East Central),CEDAR RAPIDS,LINN,,7TH ST NE,Collision with:  Vehicle in traffic,On Roadway,"Angle, oncoming left turn",Made improper turn,None Indicated,,Daylight,Dry,Clear,None apparent,Non-intersection:  Alley,Paved,,Property Damage Only,0,0,0,0,0,0,12500,2,3,,POINT (-91.663674522477 41.98232128137)
2014810018,2014001618,03/26/2014,03-March,4-Wednesday,12:15,1200 Hours,District 6 (East Central),BLAIRSTOWN,BENTON,,RAILROAD ST,Collision with:  Parked motor vehicle,Shoulder,Rear-end (front to rear),Lost Control,None Indicated,,Daylight,Dry,Clear,None apparent,Non-intersection:  Non-junction/no special feature,Paved,,Property Damage Only,0,0,0,0,0,0,11500,2,777,,POINT (-92.084512606322 41.90964966612)
2014792408,20140007950,03/26/2014,03-March,4-Wednesday,03:30,0300 Hours,District 1 (Central),DES MOINES,POLK,,55TH ST,Collision with:  Parked motor vehicle,On Roadway,Unknown,Lost Control,None Indicated,,Dark - roadway lighted,Dry,Clear,Unknown,Non-intersection:  Non-junction/no special feature,Paved,,Property Damage Only,0,0,0,0,0,0,5500,2,1,,POINT (-93.693806126741 41.634698776348)
2014794129,1403261-A,03/26/2014,03-March,4-Wednesday,07:58,0700 Hours,District 4 (Southwest),RED OAK,MONTGOMERY,US 34,US 34 & 8TH ST,Collision with:  Vehicle in traffic,On Roadway,Broadside (front to side),Ran Stop Sign,None Indicated,,Daylight,Dry,Clear,None apparent,Intersection:  Four-way intersection,Paved,,Minor Injury,0,2,0,2,0,0,22000,3,3,,POINT (-95.223381060961 41.025940594771)
2014792336,1403262621,03/26/2014,03-March,4-Wednesday,19:00,1900 Hours,District 6 (East Central),,CLINTON,,210 ST,Collision with fixed object:  Ditch,On Roadway,Non-collision (single vehicle),Ran off road - left,None Indicated,,Dusk,"Mud, dirt",Clear,None apparent,Non-intersection:  Non-junction/no special feature,Unpaved,,Property Damage Only,0,0,0,0,0,0,3500,1,1,,POINT (-90.254785723446 41.873638926735)
2014792494,4108-14,03/26/2014,03-March,4-Wednesday,17:10,1700 Hours,District 3 (Northwest),SPENCER,CLAY,US 18,US 18/N GRAND AVE,Collision with:  Vehicle in traffic,On Roadway,Rear-end (front to rear),"Operating vehicle in an reckless, erratic, careless, negligent manner",None Indicated,,Daylight,Dry,Cloudy,None apparent,Non-intersection:  Non-junction/no special feature,Paved,,Property Damage Only,0,0,0,0,0,0,1800,3,3,,POINT (-95.144689351561 43.141194007932)
2014792772,14003655,03/26/2014,03-March,4-Wednesday,14:12,1400 Hours,District 4 (Southwest),GLENWOOD,MILLS,,S LOCUST ST & SHARP ST,Collision with:  Vehicle in traffic,On Roadway,Broadside (front to side),Ran Traffic Signal,None Indicated,,Daylight,Dry,Clear,None apparent,Intersection:  Four-way intersection,Paved,,Property Damage Only,0,0,0,0,0,0,11000,2,3,,POINT (-95.744671371929 41.046231848088)
2014795116,2014-18094,03/26/2014,03-March,4-Wednesday,18:49,1800 Hours,District 6 (East Central),DAVENPORT,SCOTT,,W 8TH ST,Collision with:  Parked motor vehicle,On Roadway,Broadside (front to side),Ran off road - right,Alcohol (Statutory),,Daylight,Dry,Cloudy,None apparent,Non-intersection:  Non-junction/no special feature,Paved,,Property Damage Only,0,0,0,0,0,0,8000,2,1,,POINT (-90.590989145221 41.527793846541)
2014792208,20140007957,03/26/2014,03-March,4-Wednesday,09:28,0900 Hours,District 1 (Central),DES MOINES,POLK,,OXFORD ST,Collision with:  Parked motor vehicle,On Roadway,"Sideswipe, opposite direction",Unknown,None Indicated,,Daylight,Unknown,Unknown,None apparent,Non-intersection:  Non-junction/no special feature,Paved,,Property Damage Only,0,0,0,0,0,0,2800,2,1,,POINT (-93.617535387992 41.6364488756)
2014793059,01-14-12358,03/26/2014,03-March,4-Wednesday,06:53,0600 Hours,District 6 (East Central),DUBUQUE,DUBUQUE,,KERPER BLVD & FENGLER ST,Collision with:  Vehicle in traffic,On Roadway,"Angle, oncoming left turn",FTYROW:  Making left turn,None Indicated,,Daylight,Dry,Clear,None apparent,Intersection:  Four-way intersection,Paved,,Property Damage Only,0,0,0,0,0,0,10000,2,2,,POINT (-90.655933473734 42.518445776669)
2014792342,14-09900,03/26/2014,03-March,4-Wednesday,12:09,1200 Hours,District 5 (Southeast),WEST BURLINGTON,DES MOINES,US 34,US 34/NE RAMP/NW RAMP & S GEAR AVE,Collision with:  Vehicle in traffic,On Roadway,Broadside (front to side),Ran Traffic Signal,None Indicated,,Daylight,Dry,Clear,None apparent,Intersection:  Intersection with ramp,Paved,,Major Injury,0,1,1,0,0,0,6000,2,5,,POINT (-91.170046323983 40.818577327905)
2014792843,14-001415,03/26/2014,03-March,4-Wednesday,12:22,1200 Hours,District 1 (Central),AMES,STORY,US 30,US 30/SW RAMP CURV & US 69/S DUFF AVE,Collision with:  Vehicle in traffic,On Roadway,Broadside (front to side),Ran Stop Sign,None Indicated,,Daylight,Dry,Clear,None apparent,Intersection:  Intersection with ramp,Paved,,Property Damage Only,0,0,0,0,0,0,3000,2,2,,POINT (-93.610027078157 42.002646232535)
2014792425,14-011728,03/26/2014,03-March,4-Wednesday,17:04,1700 Hours,District 4 (Southwest),COUNCIL BLUFFS,POTTAWATTAMIE,I-29,I-29,Collision with:  Vehicle in traffic,On Roadway,"Sideswipe, same direction",Improper or erratic lane changing,None Indicated,,Daylight,Dry,Clear,None apparent,Non-intersection:  Non-junction/no special feature,Paved,,Property Damage Only,0,0,0,0,0,0,8250,2,3,,POINT (-95.887399700201 41.232507870416)
2014792390,14006703,03/26/2014,03-March,4-Wednesday,17:00,1700 Hours,District 5 (Southeast),OSKALOOSA,MAHASKA,IA 92,IA 92/A AVE W & N L ST,Collision with:  Vehicle in traffic,On Roadway,Rear-end (front to rear),Followed too close,None Indicated,,Daylight,Dry,Cloudy,None apparent,Non-intersection:  Non-junction/no special feature,Paved,,Possible/Unknown,0,1,0,0,1,0,2000,2,2,,POINT (-92.659201526915 41.296200702072)
2014792507,01-14-12490,03/26/2014,03-March,4-Wednesday,17:07,1700 Hours,District 6 (East Central),DUBUQUE,DUBUQUE,,ASBURY RD,Collision with:  Vehicle in traffic,On Roadway,Rear-end (front to rear),Lost Control,None Indicated,,Daylight,Dry,Cloudy,None apparent,Intersection:  Four-way intersection,Paved,,Property Damage Only,0,0,0,0,0,0,5000,2,3,,POINT (-90.720771536333 42.512316017484)