Iowa DOT Case Number,Law Enforcement Case Number,Date of Crash,Month of Crash,Day of Week,Time of Crash,Hour,DOT District,City Name,County Name,Route with System,Location Description,First Harmful Event,Location of First Harmful Event,Manner of Crash/Collision,Major Cause,Drug or Alcohol ,Environmental Conditions,Light Conditions,Surface Conditions,Weather Conditions,Roadway Contribution,Roadway Type,Roadway Surface,Work Zone,Crash Severity,Number of Fatalities,Number of Injuries,Number of Major Injuries,Number of Minor Injuries,Number of Possible Injuries,Number of Unknown Injuries,Amount of Property Damage,Number of Vehicles Involved,Total Number of Occupants,Travel Direction,Location
2014793451,,03/26/2014,03-March,4-Wednesday,20:14,2000 Hours,District 2 (Northeast),,WINNEBAGO,,Co Rd A38/400TH ST,Collision with:  Animal,On Roadway,Non-collision (single vehicle),Animal,None Indicated,,Dark - roadway not lighted,Dry,Clear,None apparent,Non-intersection:  Non-junction/no special feature,Paved,,Property Damage Only,0,0,0,0,0,0,5000,1,1,,POINT (-93.538074790014 43.342837288612)
2014792592,14-5527,03/26/2014,03-March,4-Wednesday,16:29,1600 Hours,District 6 (East Central),BETTENDORF,SCOTT,,TANGLEFOOT LN & UTICA RIDGE RD,Collision with:  Vehicle in traffic,On Roadway,Broadside (front to side),Ran Traffic Signal,None Indicated,,Daylight,Dry,Cloudy,None apparent,Intersection:  Four-way intersection,Paved,,Property Damage Only,0,0,0,0,0,0,12800,3,3,,POINT (-90.517377142268 41.560343441577)
2014792729,14-004610,03/26/2014,03-March,4-Wednesday,13:00,1300 Hours,District 5 (Southeast),,HENRY,,235TH ST,Collision with fixed object:  Bridge overhead structure,On Roadway,Unknown,Swerving/Evasive Action,None Indicated,,Daylight,Dry,Clear,None apparent,Non-intersection:  Other non-intersection (explain in narrative),Paved,,Property Damage Only,0,0,0,0,0,0,2000,1,1,,POINT (-91.602673940062 40.967289583767)
2014792421,S14-000918,03/26/2014,03-March,4-Wednesday,17:00,1700 Hours,District 4 (Southwest),,POTTAWATTAMIE,I-80,I-80,Non-collision events:  Overturn/rollover,On Roadway,Non-collision (single vehicle),Other (explain in narrative):  No improper action,None Indicated,,Daylight,Dry,Cloudy,None apparent,Non-intersection:  Non-junction/no special feature,Paved,,Property Damage Only,0,0,0,0,0,0,10100,1,1,,POINT (-95.346353183766 41.497648329094)
2014792585,14-000347,03/26/2014,03-March,4-Wednesday,13:30,1300 Hours,District 1 (Central),JOHNSTON,POLK,,NW BEAVER DR & NW 70TH AVE,Collision with fixed object:  Other fixed object (explain in narrative),Outside trafficway,Non-collision (single vehicle),Ran Stop Sign,None Indicated,,Daylight,Dry,Clear,None apparent,Intersection:  T-intersection,Paved,,Possible/Unknown,0,1,0,0,1,0,4500,1,1,,POINT (-93.692376879927 41.688470908728)
2014933632,2014019636,03/26/2014,03-March,4-Wednesday,14:15,1400 Hours,District 5 (Southeast),,WARREN,I-35,I-35,Collision with:  Vehicle in traffic,On Roadway,Rear-end (front to rear),Driving too fast for conditions,None Indicated,,Daylight,Dry,Clear,None apparent,Non-intersection:  Non-junction/no special feature,Paved,,Possible/Unknown,0,1,0,0,1,0,32000,2,2,,POINT (-93.779078271941 41.292924849912)
2014792447,14-8907,03/26/2014,03-March,4-Wednesday,07:45,0700 Hours,District 3 (Northwest),SIOUX CITY,WOODBURY,I-29,I-29,Collision with:  Vehicle in traffic,On Roadway,"Sideswipe, same direction",Unknown,None Indicated,,Daylight,Dry,Cloudy,None apparent,Intersection:  Intersection with ramp,Paved,,Property Damage Only,0,0,0,0,0,0,1800,2,2,,POINT (-96.422353092219 42.492051625895)
2014792207,20140007951,03/26/2014,03-March,4-Wednesday,00:01,0000 Hours,District 1 (Central),DES MOINES,POLK,,ARLINGTON AVE,Collision with:  Vehicle in traffic,On Roadway,Unknown,Lost Control,None Indicated,,Unknown,Dry,Unknown,Unknown,Non-intersection:  Non-junction/no special feature,Paved,,Property Damage Only,0,0,0,0,0,0,5200,2,777,,POINT (-93.622177437702 41.608510535979)
2014792205,20140007942,03/26/2014,03-March,4-Wednesday,02:53,0200 Hours,District 1 (Central),DES MOINES,POLK,,TIMBER LN & E 40TH CT,Collision with:  Parked motor vehicle,On Roadway,Broadside (front to side),"Operating vehicle in an reckless, erratic, careless, negligent manner",None Indicated,,Dark - roadway lighted,Dry,Clear,None apparent,Non-intersection:  Non-junction/no special feature,Paved,,Possible/Unknown,0,1,0,0,0,1,6000,2,1,,POINT (-93.536372642653 41.598971872996)
2014792844,14-001424,03/26/2014,03-March,4-Wednesday,21:10,2100 Hours,District 1 (Central),AMES,STORY,US 30,US 30,Collision with:  Animal,On Roadway,Non-collision (single vehicle),Animal,None Indicated,,Dark - roadway not lighted,Dry,Clear,None apparent,Non-intersection:  Non-junction/no special feature,Paved,,Property Damage Only,0,0,0,0,0,0,1500,1,2,,POINT (-93.666087964423 42.00689195588)
2014792497,CL14000888,03/26/2014,03-March,4-Wednesday,16:59,1600 Hours,District 6 (East Central),CLINTON,CLINTON,,8TH AVE S & S 6TH ST,Collision with:  Vehicle in traffic,On Roadway,Broadside (front to side),FTYROW:  From stop sign,None Indicated,,Daylight,Dry,Clear,None apparent,Intersection:  Four-way intersection,Paved,,Property Damage Only,0,0,0,0,0,0,6000,2,5,,POINT (-90.198894288391 41.837652371642)
2014792414,20140007970,03/26/2014,03-March,4-Wednesday,11:43,1100 Hours,District 1 (Central),DES MOINES,POLK,,MCKINLEY AVE & S UNION ST & E MCKINLEY AVE,Collision with:  Vehicle in traffic,On Roadway,Broadside (front to side),Ran Traffic Signal,None Indicated,,Daylight,Dry,Cloudy,None apparent,Intersection:  Four-way intersection,Paved,,Major Injury,0,2,1,0,1,0,20100,2,3,,POINT (-93.616062351048 41.540934871821)
2014792295,14-8894,03/26/2014,03-March,4-Wednesday,07:04,0700 Hours,District 3 (Northwest),SIOUX CITY,WOODBURY,IA 376,IA 376/LEWIS BLVD & 6TH ST & FAIRMOUNT ST,Collision with:  Vehicle in traffic,On Roadway,Rear-end (front to rear),FTYROW:  Other (explain in narrative),None Indicated,,Daylight,Dry,Clear,None apparent,Intersection:  Four-way intersection,Paved,,Property Damage Only,0,0,0,0,0,0,1600,2,2,,POINT (-96.378402134753 42.4964997036)
2014792675,,03/26/2014,03-March,4-Wednesday,07:22,0700 Hours,District 5 (Southeast),FORT MADISON,LEE,,AVE L,Collision with:  Vehicle in traffic,On Roadway,Rear-end (front to rear),"Operating vehicle in an reckless, erratic, careless, negligent manner",None Indicated,,Daylight,Dry,Clear,None apparent,Non-intersection:  Non-junction/no special feature,Paved,,Property Damage Only,0,0,0,0,0,0,2000,2,3,,POINT (-91.339720551294 40.627128023649)
2014792522,2014003244,03/26/2014,03-March,4-Wednesday,08:07,0800 Hours,District 6 (East Central),IOWA CITY,JOHNSON,,E COURT ST & S GILBERT ST,Collision with:  Vehicle in traffic,On Roadway,"Angle, oncoming left turn",FTYROW:  From stop sign,None Indicated,,Daylight,Dry,Clear,None apparent,Intersection:  T-intersection,Paved,,Property Damage Only,0,0,0,0,0,0,4000,2,2,,POINT (-91.530190548789 41.656586389356)
2014793729,14006669,03/26/2014,03-March,4-Wednesday,13:00,1300 Hours,District 5 (Southeast),,MAHASKA,IA 92,IA 92/IOWA 92,Collision with:  Vehicle in traffic,On Roadway,Rear-end (front to rear),Followed too close,None Indicated,,Daylight,Dry,Clear,None apparent,Non-intersection:  Driveway access (within),Paved,,Possible/Unknown,0,1,0,0,1,0,18500,2,2,,POINT (-92.681898171496 41.295572059718)
2014792438,14-0865,03/26/2014,03-March,4-Wednesday,18:05,1800 Hours,District 1 (Central),FORT DODGE,WEBSTER,,N 22ND ST,Collision with:  Vehicle in traffic,Shoulder,Rear-end (front to rear),Driver Distraction:  Reaching for object(s)/fallen object(s),None Indicated,,Daylight,Dry,Cloudy,None apparent,Non-intersection:  Non-junction/no special feature,Paved,,Property Damage Only,0,0,0,0,0,0,3000,2,1,,POINT (-94.168118205437 42.513300294834)
2014792452,2014019674,03/26/2014,03-March,4-Wednesday,17:41,1700 Hours,District 4 (Southwest),,POTTAWATTAMIE,I-80,I-80,Non-collision events:  Overturn/rollover,On Roadway,Non-collision (single vehicle),Swerving/Evasive Action,None Indicated,,Daylight,Dry,Severe winds,None apparent,Non-intersection:  Non-junction/no special feature,Paved,,Property Damage Only,0,0,0,0,0,0,12000,1,1,,POINT (-95.417607732485 41.497955108719)
2014793571,2014019594,03/26/2014,03-March,4-Wednesday,12:38,1200 Hours,District 6 (East Central),DAVENPORT,SCOTT,,W KIMBERLY RD & BUFFALO AVE,Collision with:  Vehicle in traffic,On Roadway,Broadside (front to side),Ran Stop Sign,None Indicated,,Daylight,Dry,Clear,None apparent,Intersection:  Four-way intersection,Paved,,Minor Injury,0,2,0,1,1,0,21000,2,2,,POINT (-90.685809599481 41.596182776359)
2014794108,14042118,03/26/2014,03-March,4-Wednesday,07:28,0700 Hours,District 6 (East Central),,JOHNSON,US 218,US 218,Collision with fixed object:  Other fixed object (explain in narrative),On Roadway,Non-collision (single vehicle),Driving too fast for conditions,None Indicated,,Daylight,Ice/frost,Cloudy,None apparent,Non-intersection:  Non-junction/no special feature,Paved,,Possible/Unknown,0,1,0,0,1,0,2200,1,1,,POINT (-91.551224759068 41.510958523698)
2014792586,14-011735,03/26/2014,03-March,4-Wednesday,17:00,1700 Hours,District 4 (Southwest),COUNCIL BLUFFS,POTTAWATTAMIE,I-29,I-29,Collision with:  Other non-fixed object (explain in narrative),On Roadway,Non-collision (single vehicle),Swerving/Evasive Action,None Indicated,,Daylight,Dry,Clear,Debris,Non-intersection:  Non-junction/no special feature,Paved,,Minor Injury,0,1,0,1,0,0,5000,1,2,,POINT (-95.898233815134 41.236855717166)
2014794605,1403260629,03/26/2014,03-March,4-Wednesday,06:39,0600 Hours,District 6 (East Central),ANAMOSA,JONES,IA 64,IA 64/IOWA 64,Collision with:  Animal,,,Animal,None Indicated,,,,,,,Paved,,Property Damage Only,0,0,0,0,0,0,5000,1,1,,POINT (-91.253083480609 42.098695862095)
2014792855,201400014313,03/26/2014,03-March,4-Wednesday,09:00,0900 Hours,District 5 (Southeast),OTTUMWA,WAPELLO,,RICHMOND AVE & N FERRY ST,Collision with:  Vehicle in traffic,On Roadway,Rear-end (front to rear),Exceeded authorized speed,None Indicated,,Daylight,Dry,Clear,None apparent,Non-intersection:  Non-junction/no special feature,Paved,,Property Damage Only,0,0,0,0,0,0,2000,2,2,,POINT (-92.432731086583 41.007341587811)
2014792411,20140007996,03/26/2014,03-March,4-Wednesday,16:38,1600 Hours,District 1 (Central),DES MOINES,POLK,,INDIANOLA AVE,Collision with:  Vehicle in traffic,On Roadway,"Sideswipe, same direction",FTYROW:  Other (explain in narrative),None Indicated,,Daylight,Dry,Clear,None apparent,Non-intersection:  Non-junction/no special feature,Paved,,Possible/Unknown,0,1,0,0,1,0,400,2,2,,POINT (-93.597976223042 41.554496286311)
2014792510,01-14-12416,03/26/2014,03-March,4-Wednesday,12:02,1200 Hours,District 6 (East Central),DUBUQUE,DUBUQUE,,HILLCREST RD & CARTER RD,Collision with:  Vehicle in traffic,On Roadway,Broadside (front to side),Ran Stop Sign,None Indicated,,Daylight,Dry,Cloudy,None apparent,Intersection:  Four-way intersection,Paved,,Property Damage Only,0,0,0,0,0,0,5000,2,3,,POINT (-90.714907985639 42.50554432634)
2014792402,20140008012,03/26/2014,03-March,4-Wednesday,19:45,1900 Hours,District 1 (Central),DES MOINES,POLK,,MULBERRY ST & 7TH ST,Collision with:  Vehicle in traffic,On Roadway,Broadside (front to side),FTYROW:  Making right turn on red signal,None Indicated,,Dark - roadway lighted,Dry,Clear,None apparent,Intersection:  Four-way intersection,Paved,,Property Damage Only,0,0,0,0,0,0,2000,2,17,,POINT (-93.625500112621 41.584722405676)
2014794606,1403261928,03/26/2014,03-March,4-Wednesday,19:25,1900 Hours,District 6 (East Central),,JONES,US 151,US 151,Collision with:  Animal,,,Animal,None Indicated,,,,,,,Paved,,Property Damage Only,0,0,0,0,0,0,2500,1,1,,POINT (-91.278438906509 42.077806733616)
2014793572,2014019693,03/26/2014,03-March,4-Wednesday,20:59,2000 Hours,District 5 (Southeast),,DECATUR,I-35,I-35,Collision with:  Vehicle in traffic,On Roadway,Head-on (front to front),Traveling wrong way or on wrong side of road,Alcohol (Statutory),,Dark - roadway not lighted,Dry,Cloudy,None apparent,Non-intersection:  Non-junction/no special feature,Paved,,Property Damage Only,0,0,0,0,0,0,2500,2,2,,POINT (-93.835105104017 40.78567642468)
2014792920,14-007304,03/26/2014,03-March,4-Wednesday,17:50,1700 Hours,District 1 (Central),,JASPER,IA 163,IA 163/IOWA 163 W,Collision with:  Animal,On Roadway,Non-collision (single vehicle),Animal,None Indicated,,Daylight,Dry,Cloudy,None apparent,Non-intersection:  Non-junction/no special feature,Paved,,Property Damage Only,0,0,0,0,0,0,10000,1,1,,POINT (-93.301250716106 41.601332603928)
2014792407,20140007982,03/26/2014,03-March,4-Wednesday,14:40,1400 Hours,District 1 (Central),DES MOINES,POLK,,EASTER LAKE DR & SE 30TH ST,Collision with:  Non-motorist (see non-motorist section - NOT a unit),On Roadway,Non-collision (single vehicle),Swerving/Evasive Action,None Indicated,,Daylight,Dry,Cloudy,None apparent,Non-intersection:  Non-junction/no special feature,Paved,,Minor Injury,0,1,0,1,0,0,1000,1,1,,POINT (-93.557594199145 41.536927734546)
2014792521,2014003241,03/26/2014,03-March,4-Wednesday,02:45,0200 Hours,District 6 (East Central),IOWA CITY,JOHNSON,US 218,US 218,Collision with fixed object:  Ditch,On Roadway,Non-collision (single vehicle),Ran off road - left,Alcohol (Statutory),,Dark - roadway not lighted,Dry,Clear,None apparent,Non-intersection:  Non-junction/no special feature,Paved,,Property Damage Only,0,0,0,0,0,0,100000,1,1,,POINT (-91.574172400104 41.640180525035)
2014792379,2014003257,03/26/2014,03-March,4-Wednesday,17:11,1700 Hours,District 6 (East Central),IOWA CITY,JOHNSON,,IOWA AVE & S GILBERT ST & N GILBERT ST,Collision with:  Vehicle in traffic,On Roadway,Rear-end (front to rear),Other (explain in narrative):  Other,None Indicated,,Daylight,Dry,Cloudy,None apparent,Intersection:  Four-way intersection,Paved,,Property Damage Only,0,0,0,0,0,0,1500,2,2,,POINT (-91.530144711353 41.661242346867)
2014792239,2014-17942,03/26/2014,03-March,4-Wednesday,07:36,0700 Hours,District 6 (East Central),DAVENPORT,SCOTT,,E 33RD ST,Collision with:  Parked motor vehicle,On Roadway,"Sideswipe, same direction",Lost Control,None Indicated,,Dawn,Dry,Clear,None apparent,Non-intersection:  Non-junction/no special feature,Paved,,Property Damage Only,0,0,0,0,0,0,3000,2,1,,POINT (-90.554902648024 41.553213390137)
2014792983,14030543,03/26/2014,03-March,4-Wednesday,23:48,2300 Hours,District 5 (Southeast),,WAPELLO,,MADISON AVE & RIVER RD,Collision with fixed object:  Culvert/pipe opening,Roadside,Non-collision (single vehicle),Ran off road - left,None Indicated,,Dark - roadway not lighted,Wet,Rain,None apparent,Intersection:  T-intersection,Paved,,Property Damage Only,0,0,0,0,0,0,5000,1,1,,POINT (-92.409660682746 40.979426492845)
2014792968,2014-17957,03/26/2014,03-March,4-Wednesday,09:31,0900 Hours,District 6 (East Central),DAVENPORT,SCOTT,,W CENTRAL PARK AVE & HICKORY GROVE RD,Non-collision events:  Other non-collision (explain in narrative),On Roadway,Non-collision (single vehicle),Made improper turn,None Indicated,,Daylight,Dry,Clear,None apparent,Intersection:  Four-way intersection,Paved,,Property Damage Only,0,0,0,0,0,0,3000,1,1,,POINT (-90.61058074746 41.545486162996)
2014792548,SO14000693,03/26/2014,03-March,4-Wednesday,19:16,1900 Hours,District 3 (Northwest),,PLYMOUTH,,Co Rd C16/140TH ST & Co Rd K22,Collision with:  Vehicle in traffic,On Roadway,Broadside (front to side),FTYROW:  From stop sign,Refused,,Dusk,Dry,Cloudy,None apparent,Intersection:  Four-way intersection,Paved,,Possible/Unknown,0,3,0,0,3,0,13000,2,3,,POINT (-96.370732067283 42.851199010873)
2014792413,20140007992,03/26/2014,03-March,4-Wednesday,16:29,1600 Hours,District 1 (Central),DES MOINES,POLK,,CHICAGO AVE,Collision with:  Vehicle in traffic,On Roadway,Unknown,Unknown,None Indicated,,Daylight,Unknown,Unknown,None apparent,Non-intersection:  Non-junction/no special feature,Paved,,Property Damage Only,0,0,0,0,0,0,1500,2,1,,POINT (-93.56607281397 41.604594107527)
2014792341,14-09918,03/26/2014,03-March,4-Wednesday,14:14,1400 Hours,District 5 (Southeast),BURLINGTON,DES MOINES,,DIVISION ST & PLANE ST,Collision with:  Animal,On Roadway,Non-collision (single vehicle),Animal,None Indicated,,Daylight,Dry,Clear,None apparent,Non-intersection:  Non-junction/no special feature,Paved,,Property Damage Only,0,0,0,0,0,0,3000,1,1,,POINT (-91.124797814678 40.807707730849)
2014792415,20140007994,03/26/2014,03-March,4-Wednesday,17:00,1700 Hours,District 1 (Central),DES MOINES,POLK,IA 163,IA 163/E UNIVERSITY AVE & WILLIAMS ST,Collision with:  Vehicle in traffic,On Roadway,Broadside (front to side),Ran Traffic Signal,None Indicated,,Daylight,Dry,Clear,None apparent,Intersection:  Four-way intersection,Paved,,Property Damage Only,0,0,0,0,0,0,5500,2,2,,POINT (-93.533314280455 41.600616414194)
2014792337,1403262771,03/26/2014,03-March,4-Wednesday,11:26,1100 Hours,District 6 (East Central),,CLINTON,,120 ST & 180 AVE,Non-collision events:  Overturn/rollover,Outside trafficway,Non-collision (single vehicle),Swerving/Evasive Action,None Indicated,,Daylight,"Mud, dirt",Clear,"Surface condition (e.g., wet, icy)",Intersection:  T-intersection,Unpaved,,Major Injury,0,1,1,0,0,0,8000,1,1,,POINT (-90.742704676524 42.0040881043)
2014794481,,03/26/2014,03-March,4-Wednesday,18:11,1800 Hours,District 4 (Southwest),,FREMONT,,Co Rd J10/105 ST & 280 AVE,Non-collision events:  Overturn/rollover,On Roadway,Non-collision (single vehicle),Crossed centerline (undivided),None Indicated,,Daylight,Dry,Severe winds,"Shoulders (none, low, soft, high)",Intersection:  T-intersection,Paved,,Property Damage Only,0,0,0,0,0,0,12000,1,1,,POINT (-95.652274265172 40.894846987808)
2014792399,14-2005,03/26/2014,03-March,4-Wednesday,14:29,1400 Hours,District 1 (Central),DES MOINES,POLK,IA 415,IA 415/2ND AVE,Collision with:  Vehicle in traffic,On Roadway,Rear-end (front to rear),Followed too close,None Indicated,,Daylight,Dry,Clear,None apparent,Non-intersection:  Non-junction/no special feature,Paved,,Property Damage Only,0,0,0,0,0,0,4700,2,2,,POINT (-93.620574195505 41.667849456998)
2014850941,14-002123,03/26/2014,03-March,4-Wednesday,06:30,0600 Hours,District 5 (Southeast),,LOUISA,,Co Rd G36/COUNTY RD G 36,Collision with:  Animal,,,Animal,None Indicated,,,,,,,Paved,,Property Damage Only,0,0,0,0,0,0,3800,1,1,,POINT (-91.467413752401 41.336538070987)
2014792376,C14000926,03/26/2014,03-March,4-Wednesday,13:05,1300 Hours,District 6 (East Central),CORALVILLE,JOHNSON,US 6,US 6/2ND ST,Collision with:  Vehicle in traffic,On Roadway,Rear-end (front to rear),Driver Distraction:  Reaching for object(s)/fallen object(s),None Indicated,,Daylight,Dry,Clear,None apparent,Intersection:  T-intersection,Paved,,Property Damage Only,0,0,0,0,0,0,5100,2,2,,POINT (-91.606667450986 41.68732479011)
2014792477,W14-029502,03/26/2014,03-March,4-Wednesday,20:00,2000 Hours,District 2 (Northeast),WATERLOO,BLACK HAWK,,MULBERRY ST,Collision with:  Parked motor vehicle,Outside trafficway,Unknown,Unknown,None Indicated,,Unknown,Unknown,Unknown,Unknown,Unknown,Paved,,Property Damage Only,0,0,0,0,0,0,1500,2,1,,POINT (-92.328391828294 42.496086180346)
2014792476,W14-029495,03/26/2014,03-March,4-Wednesday,19:20,1900 Hours,District 2 (Northeast),WATERLOO,BLACK HAWK,,SYCAMORE ST,Collision with:  Vehicle in traffic,On Roadway,"Sideswipe, same direction",Other (explain in narrative):  Other,None Indicated,,Dusk,Dry,Cloudy,None apparent,Non-intersection:  Non-junction/no special feature,Paved,,Property Damage Only,0,0,0,0,0,0,5000,2,1,,POINT (-92.330464026283 42.49463035484)
2014792923,2014003255,03/26/2014,03-March,4-Wednesday,16:32,1600 Hours,District 6 (East Central),IOWA CITY,JOHNSON,IA 1,IA 1/GOVERNOR ST & E JEFFERSON ST,Collision with:  Vehicle in traffic,On Roadway,Broadside (front to side),Ran Traffic Signal,None Indicated,,Daylight,Dry,Cloudy,None apparent,Intersection:  Four-way intersection,Paved,,Property Damage Only,0,0,0,0,0,0,6000,2,2,,POINT (-91.522816521841 41.662364305361)
2014792206,20140007946,03/26/2014,03-March,4-Wednesday,06:25,0600 Hours,District 1 (Central),DES MOINES,POLK,US 69,US 69/SE 14TH ST & E RAILROAD AVE,Collision with:  Vehicle in traffic,On Roadway,Rear-end (front to rear),FTYROW:  Other (explain in narrative),None Indicated,,Dark - roadway lighted,Dry,Clear,None apparent,Intersection:  T-intersection,Paved,,Minor Injury,0,1,0,1,0,0,7000,2,3,,POINT (-93.596881682013 41.578893714273)
2014792533,14008281,03/26/2014,03-March,4-Wednesday,06:49,0600 Hours,District 5 (Southeast),,LEE,,180 ST,Collision with fixed object:  Ditch,Outside trafficway,Non-collision (single vehicle),Ran off road - left,None Indicated,,Daylight,"Mud, dirt",Clear,None apparent,Non-intersection:  Non-junction/no special feature,Unpaved,,Minor Injury,0,1,0,1,0,0,1500,1,1,,POINT (-91.237495802386 40.6959211393)
2014792888,E14-29233,03/26/2014,03-March,4-Wednesday,01:55,0100 Hours,District 2 (Northeast),EVANSDALE,BLACK HAWK,,GRAND BLVD,Collision with:  Parked motor vehicle,On Roadway,Rear-end (front to rear),Ran off road - right,None Indicated,,Dark - roadway not lighted,Dry,Clear,None apparent,Non-intersection:  Non-junction/no special feature,Paved,,Property Damage Only,0,0,0,0,0,0,8000,2,1,,POINT (-92.281194662909 42.471934397973)
2014795089,2014-18075,03/26/2014,03-March,4-Wednesday,17:38,1700 Hours,District 6 (East Central),DAVENPORT,SCOTT,,KIRKWOOD BLVD & IOWA ST,Collision with:  Vehicle in traffic,On Roadway,Rear-end (front to rear),Followed too close,None Indicated,,Daylight,Dry,Clear,None apparent,Non-intersection:  Non-junction/no special feature,Paved,,Property Damage Only,0,0,0,0,0,0,2000,2,4,,POINT (-90.569689311804 41.536171718449)
2014802950,A14023,03/26/2014,03-March,4-Wednesday,14:29,1400 Hours,District 5 (Southeast),KNOXVILLE,MARION,,E MAIN ST & S 3RD ST & N 3RD ST,Collision with:  Other non-fixed object (explain in narrative),On Roadway,Non-collision (single vehicle),Driver Distraction:  Reaching for object(s)/fallen object(s),None Indicated,,Daylight,Dry,Clear,None apparent,Intersection:  Four-way intersection,Paved,,Property Damage Only,0,0,0,0,0,0,4500,1,2,,POINT (-93.096493424144 41.318940894558)
2014792401,20140007997,03/26/2014,03-March,4-Wednesday,17:30,1700 Hours,District 1 (Central),DES MOINES,POLK,,WOODLAND AVE & MLK JR PKWY,Collision with:  Vehicle in traffic,On Roadway,Rear-end (front to rear),Followed too close,None Indicated,,Daylight,Dry,Cloudy,None apparent,Intersection:  Four-way intersection,Paved,,Property Damage Only,0,0,0,0,0,0,4500,3,6,,POINT (-93.644740761111 41.588092916354)
2014792422,S14-000920,03/26/2014,03-March,4-Wednesday,19:41,1900 Hours,District 4 (Southwest),,POTTAWATTAMIE,I-80,I-80,Collision with fixed object:  Ditch,On Roadway,Non-collision (single vehicle),Other (explain in narrative):  No improper action,None Indicated,,Daylight,Dry,Severe winds,None apparent,Non-intersection:  Non-junction/no special feature,Paved,,Property Damage Only,0,0,0,0,0,0,7000,1,2,,POINT (-95.47480622288 41.499097552001)
2014792348,4514-019,03/26/2014,03-March,4-Wednesday,22:27,2200 Hours,District 2 (Northeast),,HOWARD,US 63,US 63,Collision with:  Animal,,,Animal,None Indicated,,,,,,,Paved,,Property Damage Only,0,0,0,0,0,0,3000,1,1,,POINT (-92.310587471026 43.463206619583)
2014792567,20140007986,03/26/2014,03-March,4-Wednesday,15:47,1500 Hours,District 1 (Central),DES MOINES,POLK,,2ND AVE,Collision with:  Vehicle in traffic,On Roadway,Rear-end (front to rear),Lost Control,None Indicated,,Daylight,Dry,Cloudy,None apparent,Non-intersection:  Non-junction/no special feature,Paved,,Possible/Unknown,0,1,0,0,1,0,4000,2,2,,POINT (-93.619832086402 41.610486778669)
2014792995,2014019663,03/26/2014,03-March,4-Wednesday,16:30,1600 Hours,District 4 (Southwest),HAMBURG,FREMONT,I-29,I-29,Non-collision events:  Other non-collision (explain in narrative),On Roadway,Non-collision (single vehicle),Other (explain in narrative):  No improper action,None Indicated,,Daylight,Dry,Severe winds,None apparent,Non-intersection:  Non-junction/no special feature,Paved,,Property Damage Only,0,0,0,0,0,0,1500,1,1,,POINT (-95.659179964677 40.587830885933)
2014792969,2014-18060,03/26/2014,03-March,4-Wednesday,16:30,1600 Hours,District 6 (East Central),DAVENPORT,SCOTT,,VETERANS MEMORIAL PKWY & UTICA RIDGE RD,Collision with fixed object:  Utility pole/light support,Outside trafficway,Non-collision (single vehicle),Ran off road - right,None Indicated,,Daylight,Dry,Cloudy,None apparent,Non-intersection:  Non-junction/no special feature,Paved,,Possible/Unknown,0,1,0,0,1,0,14000,1,1,,POINT (-90.510670103459 41.586983114503)
2014792506,01-14-12468,03/26/2014,03-March,4-Wednesday,14:05,1400 Hours,District 6 (East Central),DUBUQUE,DUBUQUE,,CLARKE DR & ST AMBROSE ST,Collision with:  Vehicle in traffic,On Roadway,Rear-end (front to rear),Lost Control,None Indicated,,Daylight,Dry,Cloudy,None apparent,Non-intersection:  Non-junction/no special feature,Paved,,Property Damage Only,0,0,0,0,0,0,2500,2,4,,POINT (-90.698197757073 42.505209753194)
2014792439,14-0860,03/26/2014,03-March,4-Wednesday,14:30,1400 Hours,District 1 (Central),FORT DODGE,WEBSTER,,5TH AVE S,Collision with:  Vehicle in traffic,On Roadway,Rear-end (front to rear),Followed too close,None Indicated,,Daylight,Dry,Cloudy,None apparent,Non-intersection:  Non-junction/no special feature,Paved,,Possible/Unknown,0,2,0,0,0,2,9000,3,5,,POINT (-94.151219790149 42.501223549486)
2014792473,14029283,03/26/2014,03-March,4-Wednesday,08:40,0800 Hours,District 2 (Northeast),CEDAR FALLS,BLACK HAWK,,W VIKING RD & HUDSON RD,Collision with:  Vehicle in traffic,On Roadway,Unknown,Made improper turn,None Indicated,,Daylight,Dry,Cloudy,None apparent,Intersection:  Four-way intersection,Paved,,Possible/Unknown,0,1,0,0,0,1,2300,2,2,,POINT (-92.465292918987 42.484099404992)
2014793573,2014019700,03/26/2014,03-March,4-Wednesday,21:03,2100 Hours,District 6 (East Central),,SCOTT,I-80,I-80,Collision with fixed object:  Utility pole/light support,Median,Non-collision (single vehicle),Exceeded authorized speed,None Indicated,,Dark - roadway not lighted,Dry,Clear,None apparent,Non-intersection:  Crossover-related,Paved,,Property Damage Only,0,0,0,0,0,0,8000,1,1,,POINT (-90.874782842734 41.63298609466)
2014792842,14-001414,03/26/2014,03-March,4-Wednesday,10:55,1000 Hours,District 1 (Central),AMES,STORY,,LINCOLN WAY,Collision with:  Vehicle in traffic,On Roadway,Rear-end (front to rear),Followed too close,None Indicated,,Daylight,Dry,Clear,None apparent,Non-intersection:  Non-junction/no special feature,Paved,,Property Damage Only,0,0,0,0,0,0,7000,3,3,,POINT (-93.646867070761 42.022781415506)