Iowa DOT Case Number,Law Enforcement Case Number,Date of Crash,Month of Crash,Day of Week,Time of Crash,Hour,DOT District,City Name,County Name,Route with System,Location Description,First Harmful Event,Location of First Harmful Event,Manner of Crash/Collision,Major Cause,Drug or Alcohol ,Environmental Conditions,Light Conditions,Surface Conditions,Weather Conditions,Roadway Contribution,Roadway Type,Roadway Surface,Work Zone,Crash Severity,Number of Fatalities,Number of Injuries,Number of Major Injuries,Number of Minor Injuries,Number of Possible Injuries,Number of Unknown Injuries,Amount of Property Damage,Number of Vehicles Involved,Total Number of Occupants,Travel Direction,Location
2014792403,20140008042,03/27/2014,03-March,5-Thursday,06:45,0600 Hours,District 1 (Central),DES MOINES,POLK,,MLK JR PKWY,Collision with:  Animal,On Roadway,Non-collision (single vehicle),Animal,None Indicated,,Dark - roadway lighted,Dry,Cloudy,None apparent,Non-intersection:  Non-junction/no special feature,Paved,,Property Damage Only,0,0,0,0,0,0,2600,1,1,,POINT (-93.647833971407 41.61906937919)
2014792565,20140008108,03/27/2014,03-March,5-Thursday,18:38,1800 Hours,District 1 (Central),DES MOINES,POLK,,FLEUR DR,Collision with:  Vehicle in traffic,On Roadway,Rear-end (front to rear),FTYROW:  Other (explain in narrative),None Indicated,,Daylight,Wet,Rain,None apparent,Non-intersection:  Non-junction/no special feature,Paved,,Property Damage Only,0,0,0,0,0,0,4000,2,2,,POINT (-93.645013814642 41.550422955332)
2014793029,,03/27/2014,03-March,5-Thursday,14:50,1400 Hours,District 2 (Northeast),CHARLES CITY,FLOYD,US 18,US 18/BRANTINGHAM ST/GILBERT ST & IA 14 & FREEMAN ST,Collision with:  Vehicle in traffic,On Roadway,"Sideswipe, same direction",Made improper turn,None Indicated,,Daylight,Dry,Cloudy,None apparent,Intersection:  Four-way intersection,Paved,,Property Damage Only,0,0,0,0,0,0,2200,2,2,,POINT (-92.676611769171 43.062778320287)
2014792971,2014-18330,03/27/2014,03-March,5-Thursday,15:39,1500 Hours,District 6 (East Central),DAVENPORT,SCOTT,,W HAYES ST & DAVIE ST,Collision with:  Vehicle in traffic,On Roadway,"Angle, oncoming left turn",FTYROW:  Making left turn,None Indicated,,Daylight,Wet,Rain,None apparent,Non-intersection:  Alley,Paved,,Possible/Unknown,0,1,0,0,1,0,3000,2,2,,POINT (-90.602024888165 41.547325401627)
2014792398,14-2024,03/27/2014,03-March,5-Thursday,08:18,0800 Hours,District 1 (Central),DES MOINES,POLK,IA 415,IA 415/2ND AVE & NW 50TH PL,Collision with:  Vehicle in traffic,On Roadway,Rear-end (front to rear),Driving too fast for conditions,None Indicated,,Daylight,Wet,Rain,"Surface condition (e.g., wet, icy)",Non-intersection:  Non-junction/no special feature,Paved,,Property Damage Only,0,0,0,0,0,0,6500,2,2,,POINT (-93.619994975127 41.652549451921)
2014793050,14-0327-20,03/27/2014,03-March,5-Thursday,16:51,1600 Hours,District 5 (Southeast),OSCEOLA,CLARKE,I-35,I-35,Collision with fixed object:  Culvert/pipe opening,Shoulder,Non-collision (single vehicle),Ran off road - right,None Indicated,,Daylight,Wet,"Sleet, hail",None apparent,Non-intersection:  Non-junction/no special feature,Paved,,Property Damage Only,0,0,0,0,0,0,6000,1,2,,POINT (-93.794480451674 41.017151478574)
2014792685,14-029892,03/27/2014,03-March,5-Thursday,21:25,2100 Hours,District 2 (Northeast),,BLACK HAWK,US 218,US 218,Collision with:  Animal,,Non-collision (single vehicle),Animal,None Indicated,,,,,,,Paved,,Property Damage Only,0,0,0,0,0,0,7000,1,1,,POINT (-92.443318035949 42.613020387882)
2014793026,,03/27/2014,03-March,5-Thursday,14:12,1400 Hours,District 6 (East Central),CEDAR RAPIDS,LINN,,ROCKFORD RD SW & WILSON AVE SW,Collision with:  Vehicle in traffic,On Roadway,"Sideswipe, opposite direction",Unknown,None Indicated,,Daylight,Wet,Rain,,Intersection:  T-intersection,Paved,,Property Damage Only,0,0,0,0,0,0,2800,2,3,,POINT (-91.694999005617 41.956301761227)
2014792584,14-1450,03/28/2014,03-March,6-Friday,10:22,1000 Hours,District 1 (Central),WEST DES MOINES,POLK,I-35,I-35,Collision with fixed object:  Traffic sign support,Shoulder,Non-collision (single vehicle),Equipment failure,None Indicated,,Daylight,Dry,Cloudy,None apparent,Interchange-related:  On-ramp,Paved,,Property Damage Only,0,0,0,0,0,0,3600,1,1,,POINT (-93.77820248582 41.595166333667)
2014792909,01-14-12778,03/28/2014,03-March,6-Friday,17:11,1700 Hours,District 6 (East Central),DUBUQUE,DUBUQUE,US 20,US 20/DODGE ST,Collision with:  Vehicle in traffic,On Roadway,Rear-end (front to rear),Lost Control,None Indicated,,Daylight,Dry,Cloudy,None apparent,Non-intersection:  Non-junction/no special feature,Paved,,Property Damage Only,0,0,0,0,0,0,9000,2,2,,POINT (-90.700181090728 42.491282467738)
2014793545,14-9136,03/28/2014,03-March,6-Friday,11:47,1100 Hours,District 3 (Northwest),SIOUX CITY,WOODBURY,,SERGEANT RD & S LAKEPORT ST,Collision with:  Vehicle in traffic,On Roadway,Rear-end (front to rear),FTYROW:  From parked position,None Indicated,,Daylight,Dry,Cloudy,None apparent,Non-intersection:  Non-junction/no special feature,Paved,,Property Damage Only,0,0,0,0,0,0,2500,3,4,,POINT (-96.346443208201 42.447355077533)
2014793331,201400948,03/28/2014,03-March,6-Friday,23:53,2300 Hours,District 6 (East Central),,LINN,,Co Rd D62/NORTH CENTER POINT RD & BAUER LN,Collision with:  Animal,,Non-collision (single vehicle),Animal,None Indicated,,,,,,,Paved,,Property Damage Only,0,0,0,0,0,0,2500,1,1,,POINT (-91.783857619207 42.271173399779)
2014792790,20140008229,03/28/2014,03-March,6-Friday,20:10,2000 Hours,District 1 (Central),DES MOINES,POLK,US 6,US 6/E EUCLID AVE & US 69/E 14TH ST,Collision with:  Vehicle in traffic,On Roadway,Rear-end (front to rear),Unknown,None Indicated,,Dark - roadway lighted,Dry,Cloudy,None apparent,Intersection:  Four-way intersection,Paved,,Property Damage Only,0,0,0,0,0,0,3000,2,3,,POINT (-93.60053706639 41.627711894167)
2014794270,20140008207,03/28/2014,03-March,6-Friday,17:25,1700 Hours,District 1 (Central),DES MOINES,POLK,I-235,I-235 & CENTER ST & 42ND ST,Collision with:  Vehicle in traffic,On Roadway,"Sideswipe, same direction",FTYROW:  Other (explain in narrative),None Indicated,,Daylight,Dry,Cloudy,None apparent,Non-intersection:  Non-junction/no special feature,Paved,,Property Damage Only,0,0,0,0,0,0,1500,2,2,,POINT (-93.6743892952 41.591795939703)
2014792832,2014-18522,03/28/2014,03-March,6-Friday,13:33,1300 Hours,District 6 (East Central),DAVENPORT,SCOTT,,,Collision with:  Non-motorist (see non-motorist section - NOT a unit),On Roadway,Non-collision (single vehicle),Improper Backing,None Indicated,,Daylight,Dry,Cloudy,None apparent,Non-intersection:  Alley,,,Minor Injury,0,1,0,1,0,0,2500,1,3,,POINT (-96.643700149993 40.233091251414)
2014793076,201404327,03/28/2014,03-March,6-Friday,21:00,2100 Hours,District 6 (East Central),CEDAR RAPIDS,LINN,,F AVE NW,Collision with:  Vehicle in traffic,On Roadway,"Sideswipe, opposite direction",Crossed centerline (undivided),Under Influence of Alcohol/Drugs/Medications,,Dark - roadway lighted,Dry,Clear,None apparent,Non-intersection:  Non-junction/no special feature,Paved,,Property Damage Only,0,0,0,0,0,0,5000,2,3,,POINT (-91.700840700457 41.979973976245)
2014792960,2014-6003,03/28/2014,03-March,6-Friday,07:39,0700 Hours,District 6 (East Central),,SCOTT,,VALLEY DR,Collision with fixed object:  Utility pole/light support,Roadside,Non-collision (single vehicle),Driving too fast for conditions,None Indicated,,Daylight,Wet,Cloudy,"Shoulders (none, low, soft, high)",Non-intersection:  Non-junction/no special feature,Paved,,Possible/Unknown,0,3,0,0,3,0,6300,1,3,,POINT (-90.404722863012 41.578856927324)
2014793377,14-011936,03/28/2014,03-March,6-Friday,09:44,0900 Hours,District 4 (Southwest),COUNCIL BLUFFS,POTTAWATTAMIE,,16TH AVE & S 7TH ST,Collision with:  Vehicle in traffic,On Roadway,Broadside (front to side),FTYROW:  From stop sign,None Indicated,,Daylight,Dry,Cloudy,None apparent,Intersection:  Four-way intersection,Paved,,Property Damage Only,0,0,0,0,0,0,3000,2,2,,POINT (-95.854823119953 41.246605217317)
2014793413,2014-18598,03/28/2014,03-March,6-Friday,19:43,1900 Hours,District 6 (East Central),DAVENPORT,SCOTT,,E 53RD ST & EASTERN AVE,Collision with:  Vehicle in traffic,On Roadway,"Angle, oncoming left turn",FTYROW:  Making left turn,None Indicated,,Dark - roadway lighted,Dry,Cloudy,None apparent,Intersection:  Four-way intersection,Paved,,Minor Injury,0,1,0,1,0,0,16000,2,2,,POINT (-90.551346135888 41.57468086965)
2014792561,20140008153,03/28/2014,03-March,6-Friday,08:40,0800 Hours,District 1 (Central),DES MOINES,POLK,,UNIVERSITY AVE & 19TH ST,Collision with:  Vehicle in traffic,On Roadway,Broadside (front to side),Unknown,None Indicated,,Daylight,Dry,Cloudy,None apparent,Intersection:  Four-way intersection,Paved,,Minor Injury,0,4,0,4,0,0,16000,2,6,,POINT (-93.642523189995 41.600391202213)
2014793435,14-9155,03/28/2014,03-March,6-Friday,15:01,1500 Hours,District 3 (Northwest),SIOUX CITY,WOODBURY,IA 12,IA 12/GORDON DR,Collision with:  Vehicle in traffic,On Roadway,Rear-end (front to rear),Other (explain in narrative):  Other,None Indicated,,Daylight,Dry,Cloudy,None apparent,Non-intersection:  Other non-intersection (explain in narrative),Paved,,Minor Injury,0,1,0,1,0,0,2200,3,3,,POINT (-96.383361735951 42.489869990067)
2014810973,14-02105,03/28/2014,03-March,6-Friday,08:28,0800 Hours,District 2 (Northeast),OELWEIN,FAYETTE,,2ND ST SE,Collision with:  Vehicle in traffic,On Roadway,"Sideswipe, same direction",FTYROW:  From parked position,None Indicated,,Daylight,Dry,Cloudy,None apparent,Non-intersection:  Non-junction/no special feature,Paved,,Property Damage Only,0,0,0,0,0,0,1900,2,4,,POINT (-91.912985401437 42.675523579486)
2014792974,2014-18565,03/28/2014,03-March,6-Friday,16:36,1600 Hours,District 6 (East Central),DAVENPORT,SCOTT,,FOREST RD,Collision with:  Parked motor vehicle,On Roadway,"Sideswipe, same direction",Lost Control,None Indicated,,Daylight,Dry,Cloudy,None apparent,Non-intersection:  Non-junction/no special feature,Paved,,Property Damage Only,0,0,0,0,0,0,10000,2,1,,POINT (-90.53593155224 41.562760207989)
2014792689,14030076,03/28/2014,03-March,6-Friday,14:10,1400 Hours,District 2 (Northeast),CEDAR FALLS,BLACK HAWK,IA 27,IA 27 & W VIKING RD & E VIKING RD,Collision with:  Vehicle in traffic,On Roadway,Rear-end (front to rear),Other (explain in narrative):  Other,None Indicated,,Daylight,Dry,Cloudy,None apparent,Intersection:  Other intersection (explain in narrative),Paved,,Property Damage Only,0,0,0,0,0,0,1500,2,3,,POINT (-92.445704096001 42.484033358727)
2014792797,20140008156,03/28/2014,03-March,6-Friday,08:51,0800 Hours,District 1 (Central),DES MOINES,POLK,,MLK JR PKWY,Collision with:  Vehicle in traffic,On Roadway,"Angle, oncoming left turn",FTYROW:  Making left turn,None Indicated,,Daylight,Dry,Clear,None apparent,Non-intersection:  Driveway access (within),Paved,,Property Damage Only,0,0,0,0,0,0,1650,2,3,,POINT (-93.651482140313 41.630911229158)
2014794310,2014020156,03/28/2014,03-March,6-Friday,22:18,2200 Hours,District 6 (East Central),DELHI,DELAWARE,,Co Rd X29/220TH AVE,Collision with fixed object:  Ditch,Roadside,Non-collision (single vehicle),Swerving/Evasive Action,Alcohol (Statutory),,Dark - roadway not lighted,Dry,Cloudy,None apparent,Non-intersection:  Non-junction/no special feature,Paved,,Major Injury,0,1,1,0,0,0,8000,1,1,,POINT (-91.366367452357 42.393741818124)
2014793000,2014020092,03/28/2014,03-March,6-Friday,15:32,1500 Hours,District 4 (Southwest),,POTTAWATTAMIE,I-80,I-80,Collision with:  Vehicle in traffic,On Roadway,Rear-end (front to rear),Other (explain in narrative):  No improper action,None Indicated,,Daylight,Dry,Cloudy,None apparent,Non-intersection:  Non-junction/no special feature,Paved,,Property Damage Only,0,0,0,0,0,0,6000,2,2,,POINT (-95.599461170263 41.456402926872)
2014796124,1-14-000103,03/28/2014,03-March,6-Friday,06:43,0600 Hours,District 4 (Southwest),,SHELBY,,Co Rd F32/STREET F32,Collision with:  Other non-fixed object (explain in narrative),On Roadway,Rear-end (front to rear),Other (explain in narrative):  Other,None Indicated,,Dark - roadway not lighted,Dry,Clear,None apparent,Non-intersection:  Non-junction/no special feature,Paved,,Property Damage Only,0,0,0,0,0,0,9000,2,4,,POINT (-95.467827888341 41.718280378428)
2014792785,14-001382,03/28/2014,03-March,6-Friday,09:07,0900 Hours,District 1 (Central),ANKENY,POLK,,SE CONVENIENCE BLVD,Collision with:  Vehicle in traffic,On Roadway,"Sideswipe, same direction",Improper or erratic lane changing,None Indicated,,Daylight,Dry,Cloudy,None apparent,Non-intersection:  Non-junction/no special feature,Paved,,Property Damage Only,0,0,0,0,0,0,3050,2,2,,POINT (-93.57183658115 41.701392558394)
2014793546,14-9156,03/28/2014,03-March,6-Friday,15:12,1500 Hours,District 3 (Northwest),SIOUX CITY,WOODBURY,US 75,US 75/NE RAMP/SE RAMP & OUTER DR N,Collision with:  Vehicle in traffic,On Roadway,Broadside (front to side),FTYROW:  From stop sign,None Indicated,,Daylight,Dry,Cloudy,None apparent,Intersection:  Other intersection (explain in narrative),Paved,,Property Damage Only,0,0,0,0,0,0,6000,2,2,,POINT (-96.337399629621 42.518502842991)
2014792853,14-003300,03/28/2014,03-March,6-Friday,20:12,2000 Hours,District 1 (Central),,TAMA,US 30,US 30,Collision with:  Animal,,,Animal,None Indicated,,,,,,,Paved,,Property Damage Only,0,0,0,0,0,0,1501,1,1,,POINT (-92.738351914976 42.006130544247)
2014792562,20140008160,03/28/2014,03-March,6-Friday,10:19,1000 Hours,District 1 (Central),DES MOINES,POLK,,CLARK ST & MLK JR PKWY,Collision with:  Vehicle in traffic,On Roadway,Rear-end (front to rear),Driver Distraction:  Reaching for object(s)/fallen object(s),None Indicated,,Daylight,Dry,Cloudy,None apparent,Intersection:  Other intersection (explain in narrative),Paved,,Possible/Unknown,0,3,0,0,3,0,1600,3,5,,POINT (-93.643861897991 41.605896134363)
2014792699,W14-030038,03/28/2014,03-March,6-Friday,10:53,1000 Hours,District 2 (Northeast),WATERLOO,BLACK HAWK,,EASTON AVE & HAMMOND AVE,Collision with:  Vehicle in traffic,On Roadway,Broadside (front to side),Ran Traffic Signal,None Indicated,,Daylight,Dry,Cloudy,None apparent,Intersection:  Four-way intersection,Paved,,Property Damage Only,0,0,0,0,0,0,5000,2,2,,POINT (-92.337422224367 42.472975697841)
2014792786,14-0346,03/28/2014,03-March,6-Friday,17:30,1700 Hours,District 1 (Central),CLIVE,POLK,US 6,US 6/HICKMAN RD & UNIVERSITY AVE,Collision with:  Vehicle in traffic,On Roadway,Rear-end (front to rear),Followed too close,None Indicated,,Daylight,Dry,Clear,None apparent,Non-intersection:  Non-junction/no special feature,Paved,,Property Damage Only,0,0,0,0,0,0,3500,2,3,,POINT (-93.811469653623 41.600466749111)
2014796022,,03/28/2014,03-March,6-Friday,00:43,0000 Hours,District 6 (East Central),CEDAR RAPIDS,LINN,I-380,I-380 & 42ND ST NE,Collision with fixed object:  Utility pole/light support,Unknown,Unknown,Unknown,None Indicated,,Unknown,Unknown,Unknown,Unknown,Unknown,Paved,,Possible/Unknown,0,1,0,0,0,1,2934,1,1,,POINT (-91.66778175221 42.021528878087)
2014792757,C14000960,03/28/2014,03-March,6-Friday,17:26,1700 Hours,District 6 (East Central),CORALVILLE,JOHNSON,US 6,US 6/2ND ST & WESTCOR DR & JONES BLVD,Collision with:  Vehicle in traffic,On Roadway,Rear-end (front to rear),Followed too close,None Indicated,,Daylight,Dry,Clear,None apparent,Intersection:  Four-way intersection,Paved,,Property Damage Only,0,0,0,0,0,0,2200,2,3,,POINT (-91.625080999709 41.697219946958)
2014809326,052814C,03/28/2014,03-March,6-Friday,15:35,1500 Hours,District 4 (Southwest),,FREMONT,,Co Rd J32/190 ST,Collision with fixed object:  Ditch,On Roadway,Non-collision (single vehicle),Swerving/Evasive Action,None Indicated,,Daylight,Dry,Clear,None apparent,Non-intersection:  Non-junction/no special feature,Paved,,Property Damage Only,0,0,0,0,0,0,5000,1,3,,POINT (-95.429405377179 40.771775302745)
2014792491,14004651,03/28/2014,03-March,6-Friday,07:00,0700 Hours,District 2 (Northeast),MASON CITY,CERRO GORDO,,19TH ST SW & S TAFT AVE,Collision with:  Vehicle in traffic,On Roadway,Broadside (front to side),FTYROW:  Making right turn on red signal,None Indicated,,Dawn,Dry,Clear,None apparent,Non-intersection:  Non-junction/no special feature,Paved,,Property Damage Only,0,0,0,0,0,0,5000,2,2,,POINT (-93.240620768247 43.133788037851)
2014793864,2014-06100,03/28/2014,03-March,6-Friday,01:51,0100 Hours,District 5 (Southeast),INDIANOLA,WARREN,,N 9TH ST,Collision with fixed object:  Utility pole/light support,On Roadway,Non-collision (single vehicle),"Operating vehicle in an reckless, erratic, careless, negligent manner",None Indicated,,Dark - roadway lighted,Dry,Cloudy,None apparent,Non-intersection:  Non-junction/no special feature,Paved,,Property Damage Only,0,0,0,0,0,0,6500,1,1,,POINT (-93.547526395299 41.36062760925)
2014792825,S14-000948,03/28/2014,03-March,6-Friday,01:00,0100 Hours,District 4 (Southwest),,POTTAWATTAMIE,,HICKORY RD,Non-collision events:  Overturn/rollover,On Roadway,Non-collision (single vehicle),Driving too fast for conditions,None Indicated,,Dark - roadway not lighted,"Mud, dirt",Clear,None apparent,Non-intersection:  Non-junction/no special feature,Unpaved,,Property Damage Only,0,0,0,0,0,0,6500,1,2,,POINT (-95.382201510632 41.305295169662)
2014793306,14-7469,03/28/2014,03-March,6-Friday,17:59,1700 Hours,District 1 (Central),NEWTON,JASPER,,S 13TH AVE E & IOWA SPEEDWAY DR & E 36TH ST S,Collision with:  Vehicle in traffic,On Roadway,Rear-end (front to rear),Followed too close,None Indicated,,Daylight,Dry,Cloudy,None apparent,Non-intersection:  Non-junction/no special feature,Paved,,Minor Injury,0,2,0,1,1,0,6000,3,5,,POINT (-93.009877413203 41.688601555104)
2014792591,14-011914,03/28/2014,03-March,6-Friday,03:13,0300 Hours,District 4 (Southwest),COUNCIL BLUFFS,POTTAWATTAMIE,US 6,US 6/W BROADWAY,Collision with fixed object:  Other fixed object (explain in narrative),On Roadway,Non-collision (single vehicle),Swerving/Evasive Action,None Indicated,,Dark - roadway lighted,Dry,Clear,None apparent,Non-intersection:  Non-junction/no special feature,Paved,,Property Damage Only,0,0,0,0,0,0,2100,1,1,,POINT (-95.871493075091 41.261843387629)
2014792594,2014-18468,03/28/2014,03-March,6-Friday,07:13,0700 Hours,District 6 (East Central),DAVENPORT,SCOTT,,E 46TH ST & EASTERN AVE,Collision with:  Animal,On Roadway,Non-collision (single vehicle),Animal,None Indicated,,Dawn,Wet,Cloudy,None apparent,Intersection:  T-intersection,Paved,,Property Damage Only,0,0,0,0,0,0,5000,1,1,,POINT (-90.551306937114 41.567465950615)
2014794957,2014019958,03/28/2014,03-March,6-Friday,07:15,0700 Hours,District 1 (Central),URBANDALE,POLK,I-35,I-35,Collision with:  Vehicle in traffic,On Roadway,Rear-end (front to rear),Crossed centerline (undivided),None Indicated,,Daylight,Dry,Cloudy,None apparent,Non-intersection:  Non-junction/no special feature,Paved,,Property Damage Only,0,0,0,0,0,0,11000,2,2,,POINT (-93.765524123703 41.651357081206)
2014792691,14030138,03/28/2014,03-March,6-Friday,18:15,1800 Hours,District 2 (Northeast),CEDAR FALLS,BLACK HAWK,IA 27,IA 27 & GREENHILL RD,Collision with:  Vehicle in traffic,On Roadway,"Angle, oncoming left turn",FTYROW:  Making left turn,None Indicated,,Daylight,Dry,Clear,None apparent,Intersection:  Four-way intersection,Paved,,Property Damage Only,0,0,0,0,0,0,14300,4,5,,POINT (-92.452778978593 42.498737897842)
2014796157,14-000369,03/28/2014,03-March,6-Friday,01:35,0100 Hours,District 1 (Central),,STORY,,220TH ST,Collision with fixed object:  Ditch,On Roadway,Non-collision (single vehicle),Ran off road - right,None Indicated,,Dark - roadway not lighted,"Mud, dirt",Rain,"Surface condition (e.g., wet, icy)",Non-intersection:  Non-junction/no special feature,Unpaved,,Property Damage Only,0,0,0,0,0,0,3000,1,1,,POINT (-93.497107903892 42.034659842211)
2014792747,14-007468,03/28/2014,03-March,6-Friday,17:55,1700 Hours,District 1 (Central),,JASPER,,Co Rd S60/W 52ND ST S/S 36TH AVE W,Collision with fixed object:  Ditch,On Roadway,Non-collision (single vehicle),Ran off road - left,Under Influence of Alcohol/Drugs/Medications,,Daylight,"Mud, dirt",Cloudy,None apparent,Intersection:  T-intersection,Unpaved,,Possible/Unknown,0,1,0,0,0,1,10000,1,2,,POINT (-93.116374053733 41.666385415961)
2014794104,TC2014,03/28/2014,03-March,6-Friday,12:05,1200 Hours,District 4 (Southwest),MISSOURI VALLEY,HARRISON,US 30,US 30/E ERIE ST,Collision with:  Vehicle in traffic,On Roadway,"Sideswipe, same direction",FTYROW:  From parked position,None Indicated,,Daylight,Dry,Clear,None apparent,Non-intersection:  Non-junction/no special feature,Paved,,Property Damage Only,0,0,0,0,0,0,7500,2,2,,POINT (-95.889583963359 41.556332722389)
2014793547,14-9157,03/28/2014,03-March,6-Friday,14:58,1400 Hours,District 3 (Northwest),SIOUX CITY,WOODBURY,,OUTER DR N & BUCKWALTER DR,Collision with:  Vehicle in traffic,On Roadway,Rear-end (front to rear),Followed too close,None Indicated,,Daylight,Dry,Clear,None apparent,Intersection:  T-intersection,Paved,,Property Damage Only,0,0,0,0,0,0,4500,2,5,,POINT (-96.385972247623 42.541118316145)
2014793575,2014020138,03/28/2014,03-March,6-Friday,19:42,1900 Hours,District 5 (Southeast),,WARREN,,60TH AVE,Collision with:  Animal,,,Animal,None Indicated,,,,,,,Unpaved,,Property Damage Only,0,0,0,0,0,0,2500,1,1,,POINT (-93.692936310374 41.362194900974)
2014792703,14-5097,03/28/2014,03-March,6-Friday,11:39,1100 Hours,District 2 (Northeast),,BREMER,,Co Rd C50/252ND ST & Co Rd V56/VIKING AVE,Collision with:  Vehicle in traffic,On Roadway,"Angle, oncoming left turn",Ran Stop Sign,None Indicated,,Daylight,Dry,Cloudy,None apparent,Intersection:  Four-way intersection,Paved,,Property Damage Only,0,0,0,0,0,0,10000,2,3,,POINT (-92.140753423207 42.682069499061)
2014792682,,03/28/2014,03-March,6-Friday,08:09,0800 Hours,District 6 (East Central),BELLEVUE,JACKSON,IA 62,IA 62/STATE ST & S 8TH ST,Collision with:  Vehicle in traffic,On Roadway,Broadside (front to side),FTYROW:  From stop sign,None Indicated,,Daylight,Dry,Cloudy,None apparent,Intersection:  T-intersection,Paved,,Property Damage Only,0,0,0,0,0,0,2500,2,3,,POINT (-90.432304127111 42.256569500887)
2014794487,,03/28/2014,03-March,6-Friday,17:33,1700 Hours,District 6 (East Central),IOWA CITY,JOHNSON,IA 1,IA 1/DODGE ST & E COLLEGE ST,Collision with:  Vehicle in traffic,On Roadway,Broadside (front to side),FTYROW:  From stop sign,None Indicated,,Daylight,Dry,Cloudy,None apparent,Intersection:  Four-way intersection,Paved,,Property Damage Only,0,0,0,0,0,0,8000,2,2,,POINT (-91.525790016712 41.65890783145)
2014792559,20140008147,03/28/2014,03-March,6-Friday,07:45,0700 Hours,District 1 (Central),DES MOINES,POLK,,INGERSOLL AVE & 29TH ST,Collision with:  Vehicle in traffic,On Roadway,Rear-end (front to rear),Followed too close,None Indicated,,Daylight,Dry,Cloudy,None apparent,Intersection:  Four-way intersection,Paved,,Property Damage Only,0,0,0,0,0,0,2200,2,2,,POINT (-93.656596227733 41.585909118138)
2014792597,14-3406,03/28/2014,03-March,6-Friday,07:20,0700 Hours,District 3 (Northwest),,SIOUX,,Co Rd K18/440TH ST,Collision with fixed object:  Ditch,On Roadway,Non-collision (single vehicle),Ran off road - right,None Indicated,,Dawn,Dry,Clear,None apparent,Non-intersection:  Driveway access (within),Paved,,Possible/Unknown,0,1,0,0,1,0,6000,1,1,,POINT (-96.453873147534 43.011294585892)
2014793437,14-9173,03/28/2014,03-March,6-Friday,16:48,1600 Hours,District 3 (Northwest),SIOUX CITY,WOODBURY,US 20,US 20/RAMP & S LAKEPORT ST,Collision with:  Vehicle in traffic,On Roadway,Rear-end (front to rear),Other (explain in narrative):  Other,None Indicated,,Daylight,Dry,Cloudy,None apparent,Interchange-related:  Off-ramp,Paved,,Property Damage Only,0,0,0,0,0,0,3000,2,3,,POINT (-96.346897334425 42.445153691151)
2014792560,20140008150,03/28/2014,03-March,6-Friday,08:15,0800 Hours,District 1 (Central),DES MOINES,POLK,,7TH ST,Collision with:  Vehicle in traffic,On Roadway,Rear-end (front to rear),Driver Distraction:  Inattentive/lost in thought,None Indicated,,Daylight,Dry,Cloudy,None apparent,Non-intersection:  Non-junction/no special feature,Paved,,Property Damage Only,0,0,0,0,0,0,5000,3,3,,POINT (-93.626874331043 41.594082459289)
2014792788,20140008212,03/28/2014,03-March,6-Friday,17:45,1700 Hours,District 1 (Central),DES MOINES,POLK,,WOLCOTT AVE,Collision with fixed object:  Mailbox,Shoulder,Non-collision (single vehicle),Ran off road - right,None Indicated,,Daylight,Dry,Cloudy,None apparent,Non-intersection:  Non-junction/no special feature,Paved,,Minor Injury,0,1,0,1,0,0,6000,1,1,,POINT (-93.673936954737 41.55175228894)
2014793427,14-3425,03/28/2014,03-March,6-Friday,16:25,1600 Hours,District 3 (Northwest),,SIOUX,,Co Rd B40/400TH ST,Collision with:  Vehicle in traffic,On Roadway,Rear-end (front to rear),Followed too close,None Indicated,,Daylight,Dry,Cloudy,None apparent,Non-intersection:  Non-junction/no special feature,Paved,,Possible/Unknown,0,1,0,0,1,0,5000,2,4,,POINT (-96.01056075378 43.070216692767)
2014792826,S14-000959,03/28/2014,03-March,6-Friday,21:00,2100 Hours,District 4 (Southwest),,POTTAWATTAMIE,US 6,US 6,Collision with:  Animal,,Non-collision (single vehicle),Animal,None Indicated,,,,,,,Paved,,Property Damage Only,0,0,0,0,0,0,2500,1,1,,POINT (-95.77196516474 41.280577231803)
2014794557,20141049,03/28/2014,03-March,6-Friday,15:17,1500 Hours,District 1 (Central),,GRUNDY,IA 14,IA 14/N AVE & Co Rd D19/160TH ST,Collision with:  Vehicle in traffic,On Roadway,Broadside (front to side),FTYROW:  From stop sign,None Indicated,,Daylight,Dry,Cloudy,None apparent,Intersection:  Four-way intersection,Paved,,Minor Injury,0,2,0,1,1,0,17000,2,8,,POINT (-92.769139266549 42.470011284068)
2014793399,2014-18553,03/28/2014,03-March,6-Friday,16:06,1600 Hours,District 6 (East Central),DAVENPORT,SCOTT,I-74,I-74 & US 6/SPRUCE HILLS DR,Collision with:  Vehicle in traffic,On Roadway,Broadside (front to side),FTYROW:  From stop sign,None Indicated,,Daylight,Dry,Cloudy,None apparent,Intersection:  T-intersection,Paved,,Property Damage Only,0,0,0,0,0,0,2500,2,3,,POINT (-90.523233823478 41.55487687989)
2014793493,14-006896,03/28/2014,03-March,6-Friday,16:47,1600 Hours,District 5 (Southeast),,MARION,IA 92,IA 92/IOWA 92,Collision with:  Animal,On Roadway,Non-collision (single vehicle),Animal,None Indicated,,Daylight,Dry,Clear,None apparent,Non-intersection:  Non-junction/no special feature,Paved,,Property Damage Only,0,0,0,0,0,0,1800,1,1,,POINT (-93.051374537265 41.300413905337)