Iowa DOT Case Number,Law Enforcement Case Number,Date of Crash,Month of Crash,Day of Week,Time of Crash,Hour,DOT District,City Name,County Name,Route with System,Location Description,First Harmful Event,Location of First Harmful Event,Manner of Crash/Collision,Major Cause,Drug or Alcohol ,Environmental Conditions,Light Conditions,Surface Conditions,Weather Conditions,Roadway Contribution,Roadway Type,Roadway Surface,Work Zone,Crash Severity,Number of Fatalities,Number of Injuries,Number of Major Injuries,Number of Minor Injuries,Number of Possible Injuries,Number of Unknown Injuries,Amount of Property Damage,Number of Vehicles Involved,Total Number of Occupants,Travel Direction,Location
2014792912,01-14-12724,03/28/2014,03-March,6-Friday,09:53,0900 Hours,District 6 (East Central),DUBUQUE,DUBUQUE,,ALTA VISTA ST,Collision with:  Parked motor vehicle,On Roadway,Head-on (front to front),Lost Control,None Indicated,,Daylight,Dry,Cloudy,None apparent,Non-intersection:  Non-junction/no special feature,Paved,,Property Damage Only,0,0,0,0,0,0,4000,2,1,,POINT (-90.678622471901 42.498439015531)
2014792698,W14-029978,03/28/2014,03-March,6-Friday,06:47,0600 Hours,District 2 (Northeast),WATERLOO,BLACK HAWK,,FRONTAGE RD,Collision with:  Vehicle in traffic,On Roadway,"Sideswipe, opposite direction",Crossed centerline (undivided),None Indicated,,Dawn,Dry,Cloudy,None apparent,Non-intersection:  Non-junction/no special feature,Paved,,Property Damage Only,0,0,0,0,0,0,9500,2,2,,POINT (-92.396758975442 42.50387823312)
2014793951,14-7495,03/28/2014,03-March,6-Friday,23:40,2300 Hours,District 1 (Central),KELLOGG,JASPER,US 6,US 6/US 6 E & JOHNSON ST,Collision with fixed object:  Mailbox,Shoulder,Non-collision (single vehicle),Ran off road - right,None Indicated,,Dark - roadway not lighted,Dry,Clear,None apparent,Non-intersection:  Non-junction/no special feature,Paved,,Possible/Unknown,0,1,0,0,1,0,10000,1,1,,POINT (-92.854489381069 41.712162603865)
2014793037,14-030122,03/28/2014,03-March,6-Friday,16:36,1600 Hours,District 2 (Northeast),,BLACK HAWK,,Co Rd C66/E DUNKERTON RD,Non-collision events:  Overturn/rollover,On Roadway,Non-collision (single vehicle),Ran off road - right,None Indicated,,Daylight,Dry,Clear,None apparent,Non-intersection:  Non-junction/no special feature,Paved,,Possible/Unknown,0,1,0,0,1,0,10000,1,3,,POINT (-92.207949291484 42.57027194844)
2014792764,20141026,03/28/2014,03-March,6-Friday,16:25,1600 Hours,District 6 (East Central),MOUNT VERNON,LINN,,1ST ST,Collision with:  Vehicle in traffic,On Roadway,Broadside (front to side),Other (explain in narrative):  Vision obstructed,None Indicated,,Daylight,Dry,Cloudy,None apparent,Non-intersection:  Non-junction/no special feature,Paved,,Property Damage Only,0,0,0,0,0,0,2200,2,5,,POINT (-91.417519321917 41.922505305678)
2014792798,20140008205,03/28/2014,03-March,6-Friday,17:09,1700 Hours,District 1 (Central),DES MOINES,POLK,,E JACKSON AVE & SE 6TH ST,Collision with:  Vehicle in traffic,On Roadway,Rear-end (front to rear),Lost Control,None Indicated,,Daylight,Dry,Cloudy,None apparent,Intersection:  Four-way intersection,Paved,,Property Damage Only,0,0,0,0,0,0,2000,2,3,,POINT (-93.605305534888 41.57404879882)
2014808059,2014020131,03/28/2014,03-March,6-Friday,18:31,1800 Hours,District 1 (Central),,POLK,I-80,I-80 & NE 38TH ST,Collision with:  Vehicle in traffic,On Roadway,Rear-end (front to rear),Driver Distraction:  Manual operation of an electronic communication device,None Indicated,,Dusk,Dry,Clear,Work Zone (roadway-related),Non-intersection:  Non-junction/no special feature,Paved,Yes,Property Damage Only,0,0,0,0,0,0,4500,2,2,,POINT (-93.543242375546 41.656882966434)
2014793317,2014003304,03/28/2014,03-March,6-Friday,06:27,0600 Hours,District 6 (East Central),IOWA CITY,JOHNSON,US 218,US 218,Collision with:  Vehicle in traffic,On Roadway,Rear-end (front to rear),Followed too close,None Indicated,,Dawn,Dry,Clear,None apparent,Non-intersection:  Non-junction/no special feature,Paved,,Property Damage Only,0,0,0,0,0,0,2000,2,2,,POINT (-91.565147615739 41.630782087735)
2014792690,14030098,03/28/2014,03-March,6-Friday,15:02,1500 Hours,District 2 (Northeast),CEDAR FALLS,BLACK HAWK,,MAIN ST,Collision with:  Vehicle in traffic,On Roadway,Rear-end (front to rear),Followed too close,None Indicated,,Daylight,Dry,Clear,None apparent,Non-intersection:  Non-junction/no special feature,Paved,,Property Damage Only,0,0,0,0,0,0,4000,2,2,,POINT (-92.445856929143 42.516338052955)
2014793030,,03/28/2014,03-March,6-Friday,13:10,1300 Hours,District 2 (Northeast),RENWICK,HUMBOLDT,,KELLING ST,Collision with:  Other non-fixed object (explain in narrative),On Roadway,Non-collision (single vehicle),Other (explain in narrative):  Other,None Indicated,,Daylight,Dry,Cloudy,None apparent,Non-intersection:  Non-junction/no special feature,Paved,,Property Damage Only,0,0,0,0,0,0,6800,3,1,,POINT (-93.977043084261 42.828966455428)
2014793327,14008466,03/28/2014,03-March,6-Friday,06:40,0600 Hours,District 5 (Southeast),FORT MADISON,LEE,US 61,US 61,Collision with:  Animal,,,Animal,None Indicated,,,,,,,Paved,,Property Damage Only,0,0,0,0,0,0,1500,1,777,,POINT (-91.424902222356 40.589594699743)
2014802616,2014-18545,03/28/2014,03-March,6-Friday,15:46,1500 Hours,District 6 (East Central),DAVENPORT,SCOTT,,W CENTRAL PARK AVE & MARQUETTE ST,Collision with:  Vehicle in traffic,On Roadway,"Angle, oncoming left turn",FTYROW:  Making left turn,None Indicated,,Daylight,Dry,Cloudy,None apparent,Intersection:  Four-way intersection,Paved,,Possible/Unknown,0,2,0,0,2,0,6000,2,2,,POINT (-90.591230588295 41.545505535434)
2014792783,14-001383,03/28/2014,03-March,6-Friday,11:12,1100 Hours,District 1 (Central),ANKENY,POLK,,W 1ST ST,Collision with:  Vehicle in traffic,On Roadway,"Sideswipe, same direction",Other (explain in narrative):  Other,None Indicated,,Daylight,Dry,Cloudy,None apparent,Non-intersection:  Driveway access (within),Paved,,Possible/Unknown,0,2,0,0,2,0,6400,2,2,,POINT (-93.61622396338 41.731868160619)
2014792973,2014-18548,03/28/2014,03-March,6-Friday,15:58,1500 Hours,District 6 (East Central),DAVENPORT,SCOTT,US 6,US 6/E KIMBERLY RD & JERSEY RIDGE RD,Collision with:  Vehicle in traffic,On Roadway,Broadside (front to side),Other (explain in narrative):  Other,None Indicated,,Daylight,Dry,Cloudy,None apparent,Intersection:  Four-way intersection,Paved,,Property Damage Only,0,0,0,0,0,0,6500,2,2,,POINT (-90.541695492682 41.556858405524)
2014792595,2014-18478,03/28/2014,03-March,6-Friday,07:58,0700 Hours,District 6 (East Central),DAVENPORT,SCOTT,,IA 461/BRADY ST,Collision with:  Vehicle in traffic,On Roadway,Rear-end (front to rear),Followed too close,None Indicated,,Daylight,Dry,Cloudy,None apparent,Non-intersection:  Non-junction/no special feature,Paved,,Property Damage Only,0,0,0,0,0,0,6500,2,2,,POINT (-90.568018127372 41.567955923639)
2014793378,14-011939,03/28/2014,03-March,6-Friday,10:35,1000 Hours,District 4 (Southwest),COUNCIL BLUFFS,POTTAWATTAMIE,IA 192,IA 192/S 7TH ST & 1ST AVE,Collision with:  Vehicle in traffic,Shoulder,"Angle, oncoming left turn",Made improper turn,None Indicated,,Daylight,Dry,Cloudy,None apparent,Non-intersection:  Non-junction/no special feature,Paved,,Property Damage Only,0,0,0,0,0,0,2800,2,6,,POINT (-95.854032862947 41.260242451266)
2014793034,,03/28/2014,03-March,6-Friday,07:39,0700 Hours,District 6 (East Central),CEDAR RAPIDS,LINN,,MOUNT VERNON RD SE,Collision with:  Vehicle in traffic,On Roadway,Rear-end (front to rear),Unknown,None Indicated,,Daylight,Dry,Cloudy,,Non-intersection:  Other non-intersection (explain in narrative),Paved,,Property Damage Only,0,0,0,0,0,0,11900,3,4,,POINT (-91.637400241314 41.977022818669)
2014792779,14-2074,03/28/2014,03-March,6-Friday,17:54,1700 Hours,District 1 (Central),DES MOINES,POLK,,Co Rd R56/NW 6TH DR,Collision with fixed object:  Bridge overhead structure,On Roadway,Non-collision (single vehicle),"Operating vehicle in an reckless, erratic, careless, negligent manner",Alcohol (Statutory),,Daylight,Dry,Cloudy,None apparent,Non-intersection:  Other non-intersection (explain in narrative),Paved,,Minor Injury,0,1,0,1,0,0,2000,1,1,,POINT (-93.626102103382 41.639555044023)
2014792590,14-011912,03/28/2014,03-March,6-Friday,02:45,0200 Hours,District 4 (Southwest),COUNCIL BLUFFS,POTTAWATTAMIE,,MYNSTER ST & N 6TH ST,Collision with:  Vehicle in traffic,On Roadway,Rear-end (front to rear),Lost Control,Alcohol (Statutory),,Dark - roadway not lighted,Dry,Clear,None apparent,Non-intersection:  Non-junction/no special feature,Paved,,Possible/Unknown,0,1,0,0,1,0,16000,4,1,,POINT (-95.85166083467 41.262507832055)
2014792541,201404276,03/28/2014,03-March,6-Friday,02:28,0200 Hours,District 6 (East Central),CEDAR RAPIDS,LINN,I-380,I-380,Collision with fixed object:  Other fixed object (explain in narrative),Outside trafficway,Non-collision (single vehicle),Traveling wrong way or on wrong side of road,Refused,,Dark - roadway lighted,Wet,Cloudy,None apparent,"Interchange-related:  Off-ramp, diverge area",Paved,,Property Damage Only,0,0,0,0,0,0,9500,1,1,,POINT (-91.668927370099 42.021037812899)
2014792677,,03/28/2014,03-March,6-Friday,14:12,1400 Hours,District 6 (East Central),MARENGO,IOWA,IA 212,IA 212/WESTERN AVE & MILLER ST,Collision with:  Vehicle in traffic,On Roadway,"Angle, oncoming left turn",Exceeded authorized speed,None Indicated,,Daylight,Dry,Clear,None apparent,Non-intersection:  Non-junction/no special feature,Paved,,Property Damage Only,0,0,0,0,0,0,3000,2,3,,POINT (-92.074363899281 41.793254868778)
2014792728,14-0385,03/28/2014,03-March,6-Friday,18:00,1800 Hours,District 1 (Central),,GREENE,,IMPERIAL AVE,Collision with fixed object:  Ditch,Roadside,Non-collision (single vehicle),Ran off road - straight,None Indicated,,Daylight,Dry,Unknown,None apparent,Non-intersection:  Non-junction/no special feature,Unpaved,,Property Damage Only,0,0,0,0,0,0,2000,1,1,,POINT (-94.462569561205 42.045807804325)
2014792720,2014-1178,03/28/2014,03-March,6-Friday,23:17,2300 Hours,District 4 (Southwest),WAUKEE,DALLAS,US 6,US 6/HICKMAN AVE & ASHWORTH DR & 10TH ST,Collision with fixed object:  Utility pole/light support,Outside trafficway,Non-collision (single vehicle),Ran off road - right,None Indicated,,Dark - roadway lighted,Dry,Cloudy,None apparent,Intersection:  Four-way intersection,Paved,,Minor Injury,0,1,0,1,0,0,5500,1,1,,POINT (-93.891420302217 41.614997619052)
2014792613,14-9111,03/28/2014,03-March,6-Friday,03:40,0300 Hours,District 3 (Northwest),SIOUX CITY,WOODBURY,I-29,I-29 & US 77 & WESLEY PKWY,Collision with:  Vehicle in traffic,On Roadway,Broadside (front to side),Ran Traffic Signal,None Indicated,,Dark - roadway lighted,Dry,Clear,None apparent,Intersection:  Four-way intersection,Paved,,Property Damage Only,0,0,0,0,0,0,3500,2,2,,POINT (-96.412778916013 42.491851212461)
2014792846,14-001441,03/28/2014,03-March,6-Friday,07:44,0700 Hours,District 1 (Central),AMES,STORY,,LINCOLN WAY,Collision with:  Vehicle in traffic,On Roadway,"Sideswipe, same direction",Improper or erratic lane changing,None Indicated,,Daylight,Dry,Cloudy,None apparent,Non-intersection:  Non-junction/no special feature,Paved,,Property Damage Only,0,0,0,0,0,0,3700,2,2,,POINT (-93.678238005425 42.022960595689)
2014793075,201404305,03/28/2014,03-March,6-Friday,14:33,1400 Hours,District 6 (East Central),CEDAR RAPIDS,LINN,,20TH AVE SW,Collision with:  Parked motor vehicle,On Roadway,"Angle, oncoming left turn",Lost Control,None Indicated,,Daylight,Dry,Cloudy,None apparent,Non-intersection:  Non-junction/no special feature,Paved,,Property Damage Only,0,0,0,0,0,0,3000,2,1,,POINT (-91.677743159639 41.958698159655)
2014792799,20140008231,03/28/2014,03-March,6-Friday,20:30,2000 Hours,District 1 (Central),DES MOINES,POLK,,BROAD ST & SW 12TH ST,Collision with:  Vehicle in traffic,On Roadway,Rear-end (front to rear),Ran Stop Sign,Refused,,Dark - roadway lighted,Dry,Cloudy,None apparent,Intersection:  Four-way intersection,Paved,,Property Damage Only,0,0,0,0,0,0,2500,2,3,,POINT (-93.630577221835 41.559068973912)
2014792546,14-1427,03/28/2014,03-March,6-Friday,07:58,0700 Hours,District 6 (East Central),HIAWATHA,LINN,,BLAIRS FERRY RD NE,Collision with:  Vehicle in traffic,On Roadway,"Angle, oncoming left turn",FTYROW:  Making left turn,None Indicated,,Daylight,Dry,Cloudy,None apparent,Intersection:  Intersection with ramp,Paved,,Possible/Unknown,0,1,0,0,1,0,7000,2,2,,POINT (-91.675249221713 42.034764617304)
2014793074,201404290,03/28/2014,03-March,6-Friday,12:43,1200 Hours,District 6 (East Central),CEDAR RAPIDS,LINN,IA 100,IA 100/COLLINS RD NE,Collision with:  Vehicle in traffic,On Roadway,Rear-end (front to rear),Other (explain in narrative):  Other,None Indicated,,Daylight,Dry,Cloudy,None apparent,Non-intersection:  Non-junction/no special feature,Paved,,Property Damage Only,0,0,0,0,0,0,2000,2,4,,POINT (-91.628947492557 42.027808266157)
2014792550,14-2061,03/28/2014,03-March,6-Friday,08:55,0800 Hours,District 1 (Central),,POLK,,Co Rd R56/NW 16TH ST,Collision with fixed object:  Ditch,Shoulder,Non-collision (single vehicle),Crossed centerline (undivided),None Indicated,,Daylight,Dry,Cloudy,None apparent,Non-intersection:  Non-junction/no special feature,Paved,,Possible/Unknown,0,1,0,0,1,0,20000,1,1,,POINT (-93.639275304876 41.809499351605)
2014792719,2014-1164,03/28/2014,03-March,6-Friday,11:45,1100 Hours,District 4 (Southwest),WAUKEE,DALLAS,,ALICES RD,Collision with:  Vehicle in traffic,On Roadway,Rear-end (front to rear),Driver Distraction:  Passenger,None Indicated,,Daylight,Dry,Cloudy,None apparent,Non-intersection:  Non-junction/no special feature,Paved,,Property Damage Only,0,0,0,0,0,0,4700,2,3,,POINT (-93.852927271329 41.605805131318)
2014793489,C14000955,03/28/2014,03-March,6-Friday,16:23,1600 Hours,District 6 (East Central),CORALVILLE,JOHNSON,I-80,I-80,Collision with:  Vehicle in traffic,On Roadway,"Sideswipe, same direction",Improper or erratic lane changing,None Indicated,,Daylight,Dry,Cloudy,None apparent,Interchange-related:  Off-ramp,Paved,,Minor Injury,0,2,0,1,0,1,5000,2,3,,POINT (-91.607370297176 41.695961864365)
2014793257,2014020143,03/28/2014,03-March,6-Friday,20:00,2000 Hours,District 6 (East Central),,JOHNSON,I-80,I-80 & Co Rd W38/BLACK HAWK AVE,Collision with:  Vehicle in traffic,On Roadway,Broadside (front to side),Ran Stop Sign,Refused,,Dark - roadway lighted,Dry,Cloudy,None apparent,Intersection:  T-intersection,Paved,,Minor Injury,0,2,0,2,0,0,10000,2,3,,POINT (-91.803734849953 41.689401228953)
2014843564,14-000620,03/28/2014,03-March,6-Friday,15:35,1500 Hours,District 5 (Southeast),SIGOURNEY,KEOKUK,,W SPRING ST & S WEST ST,Collision with:  Vehicle in traffic,On Roadway,Broadside (front to side),FTYROW:  From stop sign,None Indicated,,Daylight,Dry,Cloudy,None apparent,Intersection:  Four-way intersection,Paved,,Possible/Unknown,0,1,0,0,1,0,4000,2,3,,POINT (-92.208950176115 41.331828257064)
2014802284,2014003308,03/28/2014,03-March,6-Friday,11:17,1100 Hours,District 6 (East Central),IOWA CITY,JOHNSON,US 6,US 6/S RIVERSIDE DR,Collision with:  Vehicle in traffic,On Roadway,Broadside (front to side),FTYROW:  From driveway,None Indicated,,Daylight,Dry,Cloudy,None apparent,Non-intersection:  Driveway access (within),Paved,,Property Damage Only,0,0,0,0,0,0,8000,2,2,,POINT (-91.540221733014 41.650607595317)
2014793328,14008487,03/28/2014,03-March,6-Friday,14:09,1400 Hours,District 5 (Southeast),,LEE,,Co Rd J62/255 ST,Collision with:  Vehicle in traffic,On Roadway,Rear-end (front to rear),Disregarded RR Signal,None Indicated,,Daylight,Dry,Cloudy,None apparent,Non-intersection:  Railroad grade crossing,Paved,,Property Damage Only,0,0,0,0,0,0,4500,2,2,,POINT (-91.438122040957 40.588711261837)
2014794037,2014019960,03/28/2014,03-March,6-Friday,07:40,0700 Hours,District 6 (East Central),,CEDAR,I-80,I-80,Collision with fixed object:  Guardrail - face,Median,Non-collision (single vehicle),Ran off road - left,None Indicated,,Daylight,Dry,Cloudy,None apparent,Non-intersection:  Non-junction/no special feature,Paved,,Property Damage Only,0,0,0,0,0,0,8000,2,3,,POINT (-90.900198073705 41.63296700784)
2014794377,14-3940,03/28/2014,03-March,6-Friday,23:11,2300 Hours,District 6 (East Central),,JACKSON,IA 62,IA 62/ANSEL BRIGGS HWY,Collision with fixed object:  Traffic sign support,Outside trafficway,Non-collision (single vehicle),Swerving/Evasive Action,None Indicated,,Dark - roadway not lighted,Dry,Clear,None apparent,Non-intersection:  Non-junction/no special feature,Paved,,Possible/Unknown,0,1,0,0,1,0,1000,1,1,,POINT (-90.466161415787 42.23933014465)
2014793266,,03/28/2014,03-March,6-Friday,23:40,2300 Hours,District 2 (Northeast),,HUMBOLDT,IA 3,IA 3/220TH ST,Collision with:  Animal,On Roadway,Non-collision (single vehicle),Animal,None Indicated,,Dark - roadway not lighted,Dry,Clear,None apparent,Non-intersection:  Non-junction/no special feature,Paved,,Property Damage Only,0,0,0,0,0,0,3000,1,1,,POINT (-94.158869829724 42.731724275298)
2014792972,2014-18531,03/28/2014,03-March,6-Friday,14:40,1400 Hours,District 6 (East Central),DAVENPORT,SCOTT,US 6,US 6/E KIMBERLY RD & JERSEY RIDGE RD,Collision with:  Vehicle in traffic,On Roadway,"Angle, oncoming left turn",FTYROW:  Making left turn,None Indicated,,Daylight,Dry,Cloudy,None apparent,Intersection:  Four-way intersection,Paved,,Property Damage Only,0,0,0,0,0,0,3000,2,3,,POINT (-90.541695492682 41.556858405524)
2014793330,201400940,03/28/2014,03-March,6-Friday,13:30,1300 Hours,District 6 (East Central),,LINN,US 151,US 151/DUBUQUE RD & ALDERMAN RD,Collision with:  Vehicle in traffic,On Roadway,Broadside (front to side),FTYROW:  From stop sign,None Indicated,,Daylight,Dry,Cloudy,None apparent,Intersection:  T-intersection,Paved,,Property Damage Only,0,0,0,0,0,0,5000,2,3,,POINT (-91.423298368249 42.05739141372)
2014792787,20140008204,03/28/2014,03-March,6-Friday,17:25,1700 Hours,District 1 (Central),DES MOINES,POLK,,SHERIDAN AVE & BEAVER AVE,Collision with:  Vehicle in traffic,On Roadway,Rear-end (front to rear),Followed too close,None Indicated,,Daylight,Dry,Clear,None apparent,Non-intersection:  Non-junction/no special feature,Paved,,Possible/Unknown,0,1,0,0,1,0,350,2,5,,POINT (-93.673113017488 41.619077261742)
2014792877,,03/28/2014,03-March,6-Friday,12:30,1200 Hours,District 2 (Northeast),WEST BEND,KOSSUTH,IA 15,IA 15/10 AVE & Co Rd B63/130 ST,Collision with:  Vehicle in traffic,On Roadway,Broadside (front to side),FTYROW:  From stop sign,None Indicated,,Daylight,Dry,Clear,None apparent,Intersection:  T-intersection,Paved,,Property Damage Only,0,0,0,0,0,0,2000,2,2,,POINT (-94.443062341606 42.951507551455)
2014796144,14-000372,03/28/2014,03-March,6-Friday,19:46,1900 Hours,District 1 (Central),,STORY,,Co Rd E41/LINCOLN HWY,Collision with:  Animal,,Non-collision (single vehicle),Animal,None Indicated,,,,,,,Paved,,Property Damage Only,0,0,0,0,0,0,3598,1,1,,POINT (-93.397070907445 42.02232318262)
2014792821,14-1455,03/28/2014,03-March,6-Friday,15:49,1500 Hours,District 4 (Southwest),WEST DES MOINES,DALLAS,,S 68TH ST,Collision with:  Vehicle in traffic,On Roadway,Rear-end (front to rear),Followed too close,None Indicated,,Daylight,Dry,Cloudy,None apparent,Non-intersection:  Non-junction/no special feature,Paved,,Property Damage Only,0,0,0,0,0,0,1625,2,3,,POINT (-93.799909247707 41.561213234732)
2014793680,20141345,03/28/2014,03-March,6-Friday,16:52,1600 Hours,District 1 (Central),,HARDIN,,Co Rd S56/CO HWY S56,Collision with fixed object:  Ditch,On Roadway,Non-collision (single vehicle),Swerving/Evasive Action,None Indicated,,Daylight,Dry,Cloudy,None apparent,Non-intersection:  Non-junction/no special feature,Paved,,Property Damage Only,0,0,0,0,0,0,8000,1,1,,POINT (-93.079577497615 42.361369495278)
2014792795,20140008238,03/28/2014,03-March,6-Friday,22:40,2200 Hours,District 1 (Central),DES MOINES,POLK,US 6,US 6/E EUCLID AVE & CORNELL ST,Collision with:  Vehicle in traffic,On Roadway,Head-on (front to front),Ran Traffic Signal,None Indicated,,Dark - roadway lighted,Dry,Clear,None apparent,Intersection:  Other intersection (explain in narrative),Paved,,Possible/Unknown,0,1,0,0,1,0,10000,4,6,,POINT (-93.615086903157 41.627698012314)
2014804957,,03/28/2014,03-March,6-Friday,01:00,0100 Hours,District 2 (Northeast),,CHICKASAW,IA 24,IA 24/IOWA 24 & VANDERBILT AVE,,Unknown,Non-collision (single vehicle),Ran off road - straight,None Indicated,,Dark - roadway not lighted,Unknown,Clear,None apparent,Intersection:  T-intersection,Paved,,Minor Injury,0,1,0,1,0,0,4000,1,1,,POINT (-92.121048622508 43.078328871896)
2014792558,20140008145,03/28/2014,03-March,6-Friday,07:40,0700 Hours,District 1 (Central),DES MOINES,POLK,,LYON ST & E 20TH CT,Collision with:  Vehicle in traffic,On Roadway,Broadside (front to side),Unknown,None Indicated,,Dawn,Dry,Cloudy,None apparent,Intersection:  T-intersection,Paved,,Possible/Unknown,0,1,0,0,1,0,2000,2,13,,POINT (-93.581475862733 41.597266404712)
2014792791,20140008148,03/28/2014,03-March,6-Friday,07:45,0700 Hours,District 1 (Central),DES MOINES,POLK,,E PARK AVE & SE 8TH ST,Collision with:  Vehicle in traffic,On Roadway,Broadside (front to side),Ran Stop Sign,None Indicated,,Daylight,Dry,Cloudy,None apparent,Intersection:  Four-way intersection,Paved,,Property Damage Only,0,0,0,0,0,0,6000,2,4,,POINT (-93.602624771615 41.55534572764)
2014792847,14-001443,03/28/2014,03-March,6-Friday,09:23,0900 Hours,District 1 (Central),AMES,STORY,,CRAWFORD AVE & E 8TH ST,Collision with:  Vehicle in traffic,On Roadway,Unknown,Unknown,None Indicated,,Daylight,Dry,Cloudy,None apparent,Intersection:  T-intersection,Paved,,Property Damage Only,0,0,0,0,0,0,3000,2,1,,POINT (-93.60718592361 42.028942523411)
2014793456,,03/28/2014,03-March,6-Friday,13:33,1300 Hours,District 6 (East Central),CEDAR RAPIDS,LINN,,JOHNSON AVE NW & EDGEWOOD RD NW,Collision with:  Vehicle in traffic,On Roadway,"Angle, oncoming left turn",Unknown,None Indicated,,Daylight,Dry,Cloudy,,Intersection:  Four-way intersection,Paved,,Property Damage Only,0,0,0,0,0,0,13000,2,2,,POINT (-91.715990354579 41.974515406815)
2014806659,2014020051,03/28/2014,03-March,6-Friday,14:25,1400 Hours,District 3 (Northwest),SIOUX CITY,WOODBURY,I-29,I-29,Collision with fixed object:  Ditch,On Roadway,Non-collision (single vehicle),Other (explain in narrative):  No improper action,None Indicated,,Daylight,Dry,Cloudy,None apparent,Non-intersection:  Non-junction/no special feature,Paved,,Property Damage Only,0,0,0,0,0,0,20000,1,1,,POINT (-96.398758247472 42.488180300913)
2014793436,14-9158,03/28/2014,03-March,6-Friday,15:24,1500 Hours,District 3 (Northwest),SIOUX CITY,WOODBURY,,MACOMB AVE & S MARTHA ST,Collision with:  Vehicle in traffic,On Roadway,Broadside (front to side),Other (explain in narrative):  Other,None Indicated,,Daylight,Dry,Cloudy,None apparent,Intersection:  Four-way intersection,Paved,,Property Damage Only,0,0,0,0,0,0,6000,2,5,,POINT (-96.361492049137 42.480447184088)
2014793283,14-3082,03/28/2014,03-March,6-Friday,14:49,1400 Hours,District 3 (Northwest),CARROLL,CARROLL,US 30,US 30/6TH ST & GRANT RD,Non-collision events:  Overturn/rollover,On Roadway,Non-collision (single vehicle),Other (explain in narrative):  No improper action,None Indicated,,Daylight,Dry,Clear,"Shoulders (none, low, soft, high)",Intersection:  Four-way intersection,Paved,,Property Damage Only,0,0,0,0,0,0,12100,3,3,,POINT (-94.859273486032 42.064012766744)
2014792985,14030562,03/28/2014,03-March,6-Friday,08:21,0800 Hours,District 5 (Southeast),,WAPELLO,US 34,US 34,Collision with:  Vehicle in traffic,On Roadway,Rear-end (front to rear),Exceeded authorized speed,None Indicated,,Daylight,Dry,Clear,None apparent,Non-intersection:  Non-junction/no special feature,Paved,,Possible/Unknown,0,1,0,0,1,0,3500,2,3,,POINT (-92.285016971424 41.003727464058)
2014792908,01-14-12757,03/28/2014,03-March,6-Friday,14:40,1400 Hours,District 6 (East Central),DUBUQUE,DUBUQUE,,PENNSYLVANIA AVE,Collision with:  Vehicle in traffic,On Roadway,Rear-end (front to rear),Lost Control,None Indicated,,Daylight,Dry,Cloudy,None apparent,Non-intersection:  Non-junction/no special feature,Paved,,Property Damage Only,0,0,0,0,0,0,2000,2,3,,POINT (-90.73132505658 42.500530541567)
2014792557,20140008143,03/28/2014,03-March,6-Friday,06:55,0600 Hours,District 1 (Central),DES MOINES,POLK,,ARMY POST RD & FLEUR DR,Collision with:  Vehicle in traffic,On Roadway,Rear-end (front to rear),Other (explain in narrative):  Other,None Indicated,,Dawn,Dry,Cloudy,None apparent,Intersection:  Four-way intersection,Paved,,Property Damage Only,0,0,0,0,0,0,4000,2,2,,POINT (-93.644974905912 41.52599531044)
2014793412,2014-18568,03/28/2014,03-March,6-Friday,16:43,1600 Hours,District 6 (East Central),DAVENPORT,SCOTT,,ROCKINGHAM RD & SCHMIT RD,Collision with:  Vehicle in traffic,On Roadway,Rear-end (front to rear),Followed too close,None Indicated,,Daylight,Dry,Cloudy,None apparent,Non-intersection:  Non-junction/no special feature,Paved,,Property Damage Only,0,0,0,0,0,0,4500,2,2,,POINT (-90.608416144808 41.516395356613)
2014793574,2014020101,03/28/2014,03-March,6-Friday,15:52,1500 Hours,District 6 (East Central),,SCOTT,I-80,I-80,Collision with fixed object:  Other fixed object (explain in narrative),On Roadway,Non-collision (single vehicle),Driving too fast for conditions,None Indicated,,Daylight,Dry,Cloudy,None apparent,Non-intersection:  Non-junction/no special feature,Paved,,Property Damage Only,0,0,0,0,0,0,3000,1,1,,POINT (-90.806872488122 41.622667449631)
2014792583,14-1451,03/28/2014,03-March,6-Friday,12:27,1200 Hours,District 4 (Southwest),WEST DES MOINES,DALLAS,,JORDAN CREEK PKWY & OFFICE PLAZA DR & OFFICE PLAZA DR S,Collision with:  Vehicle in traffic,On Roadway,Rear-end (front to rear),Swerving/Evasive Action,None Indicated,,Daylight,Dry,Cloudy,None apparent,Intersection:  Four-way intersection,Paved,,Property Damage Only,0,0,0,0,0,0,7000,2,2,,POINT (-93.809077218071 41.586657562124)
2014792753,C14000974,03/29/2014,03-March,7-Saturday,17:37,1700 Hours,District 6 (East Central),CORALVILLE,JOHNSON,,10TH ST & 22ND AVE,Collision with:  Vehicle in traffic,On Roadway,Broadside (front to side),Ran Stop Sign,Refused,,Daylight,Dry,Clear,None apparent,Intersection:  Four-way intersection,Paved,,Property Damage Only,0,0,0,0,0,0,3000,2,3,,POINT (-91.593772036941 41.687996330112)
2014794000,14-001465,03/29/2014,03-March,7-Saturday,15:58,1500 Hours,District 1 (Central),AMES,STORY,,S MAPLE AVE,Collision with:  Vehicle in traffic,On Roadway,"Sideswipe, opposite direction",Improper Backing,None Indicated,,Daylight,Dry,Clear,None apparent,Non-intersection:  Driveway access (within),Paved,,Property Damage Only,0,0,0,0,0,0,3000,2,3,,POINT (-93.625216307177 42.021010007823)
2014792700,W14-030234,03/29/2014,03-March,7-Saturday,00:13,0000 Hours,District 2 (Northeast),WATERLOO,BLACK HAWK,,CATARACT AVE & BALTIMORE ST,Non-collision events:  Other non-collision (explain in narrative),Roadside,Non-collision (single vehicle),Ran off road - left,Alcohol (Statutory),,Dark - roadway lighted,Dry,Clear,None apparent,Non-intersection:  Non-junction/no special feature,Paved,,Property Damage Only,0,0,0,0,0,0,8000,1,1,,POINT (-92.34955801481 42.467587652832)