Iowa DOT Case Number,Law Enforcement Case Number,Date of Crash,Month of Crash,Day of Week,Time of Crash,Hour,DOT District,City Name,County Name,Route with System,Location Description,First Harmful Event,Location of First Harmful Event,Manner of Crash/Collision,Major Cause,Drug or Alcohol ,Environmental Conditions,Light Conditions,Surface Conditions,Weather Conditions,Roadway Contribution,Roadway Type,Roadway Surface,Work Zone,Crash Severity,Number of Fatalities,Number of Injuries,Number of Major Injuries,Number of Minor Injuries,Number of Possible Injuries,Number of Unknown Injuries,Amount of Property Damage,Number of Vehicles Involved,Total Number of Occupants,Travel Direction,Location
2014792827,2014-18862,03/29/2014,03-March,7-Saturday,21:23,2100 Hours,District 6 (East Central),DAVENPORT,SCOTT,,W 4TH ST & MAIN ST,Collision with:  Vehicle in traffic,On Roadway,"Sideswipe, same direction",Made improper turn,None Indicated,,Dark - roadway lighted,Dry,Clear,None apparent,Non-intersection:  Non-junction/no special feature,Paved,,Property Damage Only,0,0,0,0,0,0,3000,2,2,,POINT (-90.575567836807 41.523524772404)
2014794490,,03/29/2014,03-March,7-Saturday,14:04,1400 Hours,District 4 (Southwest),,FREMONT,,230 ST & 350 AVE,Non-collision events:  Overturn/rollover,Roadside,Non-collision (single vehicle),Driving too fast for conditions,None Indicated,,Daylight,"Mud, dirt",Clear,None apparent,Intersection:  Other intersection (explain in narrative),Unpaved,,Minor Injury,0,1,0,1,0,0,7500,1,1,,POINT (-95.522404654563 40.715194402833)
2014793382,14-012138,03/29/2014,03-March,7-Saturday,18:17,1800 Hours,District 4 (Southwest),COUNCIL BLUFFS,POTTAWATTAMIE,,32ND AVE,Collision with:  Vehicle in traffic,On Roadway,Rear-end (front to rear),Improper Backing,None Indicated,,Daylight,Dry,Cloudy,None apparent,Non-intersection:  Non-junction/no special feature,Paved,,Property Damage Only,0,0,0,0,0,0,1500,2,3,,POINT (-95.853569592907 41.228227263355)
2014793592,,03/29/2014,03-March,7-Saturday,16:55,1600 Hours,District 1 (Central),DYSART,TAMA,,X AVE,Collision with fixed object:  Ditch,On Roadway,Non-collision (single vehicle),"Operating vehicle in an reckless, erratic, careless, negligent manner",None Indicated,,Daylight,Dry,Clear,None apparent,Non-intersection:  Non-junction/no special feature,Paved,,Property Damage Only,0,0,0,0,0,0,30200,1,1,,POINT (-92.319079200333 42.175676019223)
2014793333,201400956,03/29/2014,03-March,7-Saturday,20:06,2000 Hours,District 6 (East Central),,LINN,IA 13,IA 13/IOWA 13,Collision with:  Animal,,,Animal,None Indicated,,,,,,,Paved,,Property Damage Only,0,0,0,0,0,0,2500,1,1,,POINT (-91.530472498269 42.209541045842)
2014792692,14030246,03/29/2014,03-March,7-Saturday,00:38,0000 Hours,District 2 (Northeast),CEDAR FALLS,BLACK HAWK,IA 27,IA 27,Collision with fixed object:  Guardrail - face,Median,Non-collision (single vehicle),Lost Control,Alcohol (Statutory),,Dark - roadway lighted,Dry,Cloudy,None apparent,Intersection:  Four-way intersection,Paved,,Property Damage Only,0,0,0,0,0,0,8000,1,1,,POINT (-92.445744812995 42.484934142904)
2014792723,14-10291,03/29/2014,03-March,7-Saturday,08:44,0800 Hours,District 5 (Southeast),BURLINGTON,DES MOINES,,REGINA DR,Collision with:  Vehicle in traffic,On Roadway,Rear-end (front to rear),FTYROW:  Other (explain in narrative),None Indicated,,Daylight,Dry,Cloudy,None apparent,Non-intersection:  Non-junction/no special feature,Paved,,Property Damage Only,0,0,0,0,0,0,2500,2,1,,POINT (-91.134691818861 40.805345965742)
2014792803,20140008283,03/29/2014,03-March,7-Saturday,15:08,1500 Hours,District 1 (Central),DES MOINES,POLK,,GLENBROOK DR,Collision with fixed object:  Utility pole/light support,Outside trafficway,Non-collision (single vehicle),Ran off road - right,None Indicated,,Daylight,Dry,Clear,None apparent,Non-intersection:  Non-junction/no special feature,Paved,,Possible/Unknown,0,1,0,0,1,0,3500,1,1,,POINT (-93.594389118622 41.614485240681)
2014792848,14-001457,03/29/2014,03-March,7-Saturday,07:34,0700 Hours,District 1 (Central),AMES,STORY,,KNAPP ST,Collision with:  Parked motor vehicle,On Roadway,Rear-end (front to rear),Over correcting/over steering,None Indicated,,Daylight,Dry,Clear,None apparent,Non-intersection:  Non-junction/no special feature,Paved,,Property Damage Only,0,0,0,0,0,0,9000,3,1,,POINT (-93.645610631197 42.019176853455)
2014808094,2014020207,03/29/2014,03-March,7-Saturday,10:27,1000 Hours,District 1 (Central),,GRUNDY,IA 14,IA 14/N AVE & Co Rd D19/160TH ST,Collision with:  Vehicle in traffic,On Roadway,Broadside (front to side),FTYROW:  From stop sign,None Indicated,,Daylight,Dry,Clear,None apparent,Intersection:  Four-way intersection,Paved,,Property Damage Only,0,0,0,0,0,0,9500,2,5,,POINT (-92.769127135677 42.470002253862)
2014793381,14-012080,03/29/2014,03-March,7-Saturday,10:00,1000 Hours,District 4 (Southwest),COUNCIL BLUFFS,POTTAWATTAMIE,,ARENA WAY,Collision with:  Vehicle in traffic,On Roadway,Rear-end (front to rear),Followed too close,None Indicated,,Daylight,Dry,Clear,None apparent,Non-intersection:  Non-junction/no special feature,Paved,,Property Damage Only,0,0,0,0,0,0,2200,2,5,,POINT (-95.891680906139 41.237335827186)
2014792751,C14000968,03/29/2014,03-March,7-Saturday,11:49,1100 Hours,District 6 (East Central),CORALVILLE,JOHNSON,US 6,US 6/2ND ST,Collision with:  Vehicle in traffic,On Roadway,Rear-end (front to rear),Followed too close,None Indicated,,Daylight,Dry,Clear,None apparent,Non-intersection:  Non-junction/no special feature,Paved,,Minor Injury,0,2,0,1,1,0,6000,3,4,,POINT (-91.578054246103 41.672770476019)
2014792860,14-0903,03/29/2014,03-March,7-Saturday,07:30,0700 Hours,District 1 (Central),FORT DODGE,WEBSTER,,S 14TH ST,Collision with:  Parked motor vehicle,On Roadway,Rear-end (front to rear),Other (explain in narrative):  Vision obstructed,None Indicated,,Dawn,Dry,Clear,None apparent,Non-intersection:  Non-junction/no special feature,Paved,,Property Damage Only,0,0,0,0,0,0,11500,3,1,,POINT (-94.179429230159 42.505016266808)
2014792762,20141027,03/29/2014,03-March,7-Saturday,18:00,1800 Hours,District 6 (East Central),MOUNT VERNON,LINN,US 30,US 30 & IA 1/S 1ST AVE,Collision with:  Vehicle in traffic,On Roadway,"Angle, oncoming left turn",FTYROW:  From yield sign,None Indicated,,Daylight,Dry,Cloudy,None apparent,Intersection:  Other intersection (explain in narrative),Paved,,Property Damage Only,0,0,0,0,0,0,8800,2,3,,POINT (-91.42303161786 41.916096536333)
2014792716,CL14000921,03/29/2014,03-March,7-Saturday,16:30,1600 Hours,District 6 (East Central),CLINTON,CLINTON,,2ND AVE S & S 3RD ST,Collision with:  Vehicle in traffic,On Roadway,Broadside (front to side),FTYROW:  From stop sign,None Indicated,,Daylight,Dry,Cloudy,None apparent,Intersection:  Four-way intersection,Paved,,Property Damage Only,0,0,0,0,0,0,3500,2,3,,POINT (-90.190802377365 41.844515072753)
2014797377,S201400573,03/29/2014,03-March,7-Saturday,07:06,0700 Hours,District 3 (Northwest),,PALO ALTO,US 18,US 18/360 ST,Collision with:  Animal,,,Animal,None Indicated,,,,,,,Paved,,Property Damage Only,0,0,0,0,0,0,5500,1,1,,POINT (-94.704485469714 43.126422780917)
2014792822,14-1487,03/29/2014,03-March,7-Saturday,16:38,1600 Hours,District 1 (Central),WEST DES MOINES,POLK,I-35,I-35,Non-collision events:  Overturn/rollover,On Roadway,Non-collision (single vehicle),Ran off road - left,None Indicated,,Daylight,Dry,Clear,None apparent,Interchange-related:  On-ramp,Paved,,Minor Injury,0,2,0,1,1,0,11000,1,2,,POINT (-93.771503872557 41.591869807632)
2014798763,201400955,03/29/2014,03-March,7-Saturday,17:58,1700 Hours,District 6 (East Central),,LINN,,HONEY GROVE RD,Non-collision events:  Overturn/rollover,On Roadway,Non-collision (single vehicle),Ran off road - left,Alcohol (Statutory),,Daylight,"Mud, dirt",Cloudy,None apparent,Non-intersection:  Non-junction/no special feature,Unpaved,,Major Injury,0,1,1,0,0,0,1000,1,1,,POINT (-91.584885546755 41.936038544832)
2014793916,14-030486,03/29/2014,03-March,7-Saturday,20:00,2000 Hours,District 2 (Northeast),,BLACK HAWK,US 218,US 218,Collision with:  Animal,,,Animal,None Indicated,,,,,,,Paved,,Property Damage Only,0,0,0,0,0,0,3000,1,1,,POINT (-92.215971821579 42.337795414116)
2014793550,14-9271,03/29/2014,03-March,7-Saturday,10:00,1000 Hours,District 3 (Northwest),SIOUX CITY,WOODBURY,,2ND ST,Collision with:  Vehicle in traffic,On Roadway,Broadside (front to side),Other (explain in narrative):  No improper action,None Indicated,,Daylight,Dry,Clear,None apparent,Non-intersection:  Non-junction/no special feature,Paved,,Property Damage Only,0,0,0,0,0,0,1500,2,1,,POINT (-96.373498564757 42.492205088811)
2014796332,,03/29/2014,03-March,7-Saturday,05:19,0500 Hours,District 5 (Southeast),,MUSCATINE,US 61,US 61 & OLD US 61 & NEW ERA RD,Collision with:  Animal,On Roadway,Non-collision (single vehicle),Animal,None Indicated,,Dark - roadway not lighted,Dry,Clear,None apparent,Non-intersection:  Non-junction/no special feature,Paved,,Property Damage Only,0,0,0,0,0,0,7000,1,1,,POINT (-91.007562611036 41.464624979097)
2014792693,14030368,03/29/2014,03-March,7-Saturday,13:20,1300 Hours,District 2 (Northeast),CEDAR FALLS,BLACK HAWK,,11TH ST & WALNUT ST,Collision with:  Parked motor vehicle,On Roadway,Unknown,Unknown,None Indicated,,Daylight,Dry,Clear,None apparent,Non-intersection:  Non-junction/no special feature,Paved,,Property Damage Only,0,0,0,0,0,0,2500,2,1,,POINT (-92.453406573877 42.528676244602)
2014792801,20140008280,03/29/2014,03-March,7-Saturday,14:50,1400 Hours,District 1 (Central),DES MOINES,POLK,US 69,US 69/E 14TH ST & E GRAND AVE,Collision with:  Vehicle in traffic,On Roadway,"Angle, oncoming left turn",Unknown,None Indicated,,Daylight,Dry,Clear,None apparent,Intersection:  Four-way intersection,Paved,,Possible/Unknown,0,1,0,0,1,0,7500,2,4,,POINT (-93.597975176348 41.59339872828)
2014792807,20140008304,03/29/2014,03-March,7-Saturday,18:34,1800 Hours,District 1 (Central),DES MOINES,POLK,,E 30TH ST,Collision with:  Vehicle in traffic,On Roadway,Head-on (front to front),Crossed centerline (undivided),Alcohol (Statutory),,Daylight,Dry,Clear,None apparent,Non-intersection:  Other non-intersection (explain in narrative),Paved,,Fatal,1,0,0,0,0,0,9000,2,3,,POINT (-93.558353818928 41.590373379151)
2014793020,,03/29/2014,03-March,7-Saturday,15:49,1500 Hours,District 2 (Northeast),JANESVILLE,BREMER,,MAIN ST,Collision with:  Vehicle in traffic,On Roadway,Rear-end (front to rear),Improper Backing,None Indicated,,Daylight,Dry,Clear,None apparent,Non-intersection:  Non-junction/no special feature,Paved,,Property Damage Only,0,0,0,0,0,0,2500,2,4,,POINT (-92.463129421689 42.642968648133)
2014798049,14-002207,03/30/2014,03-March,1-Sunday,20:55,2000 Hours,District 2 (Northeast),SAINT OLAF,CLAYTON,,Co Rd X16/GUNDER RD,Collision with:  Animal,,,Animal,None Indicated,,,,,,,Paved,,Property Damage Only,0,0,0,0,0,0,2000,1,1,,POINT (-91.43061596375 42.931546995377)
2014794199,,03/30/2014,03-March,1-Sunday,20:15,2000 Hours,District 2 (Northeast),,FLOYD,US 218,US 218 & Co Rd B33/155TH ST,Collision with:  Animal,On Roadway,Non-collision (single vehicle),Animal,None Indicated,,Dark - roadway not lighted,Dry,Clear,None apparent,Non-intersection:  Non-junction/no special feature,Paved,,Property Damage Only,0,0,0,0,0,0,2500,1,1,,POINT (-92.733997782882 43.134659349301)
2014794311,2014020348,03/30/2014,03-March,1-Sunday,14:30,1400 Hours,District 4 (Southwest),,POTTAWATTAMIE,I-29,I-29,Collision with fixed object:  Ditch,On Roadway,"Sideswipe, opposite direction",Crossed centerline (undivided),Alcohol (Statutory),,Daylight,Dry,Clear,None apparent,Non-intersection:  Non-junction/no special feature,Paved,,Possible/Unknown,0,1,0,0,1,0,7000,2,2,,POINT (-95.90066717984 41.487526752053)
2014796145,14-000379,03/30/2014,03-March,1-Sunday,15:07,1500 Hours,District 1 (Central),,STORY,,Co Rd E57/280TH ST,Collision with fixed object:  Ditch,On Roadway,Non-collision (single vehicle),Driving too fast for conditions,None Indicated,,Daylight,Dry,Clear,None apparent,Non-intersection:  Non-junction/no special feature,Paved,,Major Injury,0,1,1,0,0,0,6000,1,1,,POINT (-93.624344338222 41.950348711997)
2014793415,2014-19000,03/30/2014,03-March,1-Sunday,13:36,1300 Hours,District 6 (East Central),DAVENPORT,SCOTT,I-80,I-80,Collision with:  Vehicle in traffic,Shoulder,Broadside (front to side),Other (explain in narrative):  Other,None Indicated,,Daylight,Dry,Clear,None apparent,Non-intersection:  Non-junction/no special feature,Paved,,Possible/Unknown,0,2,0,0,2,0,8000,2,2,,POINT (-90.502233152519 41.596409721464)
2014792824,14-1498,03/30/2014,03-March,1-Sunday,11:14,1100 Hours,District 1 (Central),WEST DES MOINES,POLK,,MAPLE ST & 8TH ST,Collision with:  Non-motorist (see non-motorist section - NOT a unit),On Roadway,Non-collision (single vehicle),FTYROW:  Other (explain in narrative),None Indicated,,Daylight,Dry,Cloudy,None apparent,Non-intersection:  Non-junction/no special feature,Paved,,Minor Injury,0,1,0,1,0,0,0,1,1,,POINT (-93.713047864124 41.571098221054)
2014793902,EP14-000450,03/30/2014,03-March,1-Sunday,11:24,1100 Hours,District 2 (Northeast),EAGLE GROVE,WRIGHT,,4TH ST SW & S PARK AVE,Collision with:  Vehicle in traffic,On Roadway,"Sideswipe, same direction",FTYROW:  From parked position,None Indicated,,Daylight,Dry,Clear,None apparent,Intersection:  T-intersection,Paved,,Property Damage Only,0,0,0,0,0,0,2000,2,2,,POINT (-93.901536956358 42.659924076776)
2014792916,14-000147,03/30/2014,03-March,1-Sunday,03:00,0300 Hours,District 1 (Central),WEBSTER CITY,HAMILTON,,OHIO ST,Collision with fixed object:  Other fixed object (explain in narrative),On Roadway,Non-collision (single vehicle),Ran off road - left,None Indicated,,Dark - roadway lighted,Dry,Clear,None apparent,Non-intersection:  Non-junction/no special feature,Paved,,Possible/Unknown,0,1,0,0,0,1,5000,1,1,,POINT (-93.824360079885 42.459858407498)
2014808075,2014020383,03/30/2014,03-March,1-Sunday,20:30,2000 Hours,District 2 (Northeast),,FRANKLIN,I-35,I-35,Collision with:  Animal,,,Animal,None Indicated,,,,,,,Paved,,Property Damage Only,0,0,0,0,0,0,4000,1,1,,POINT (-93.47527668552 42.64392517014)
2014793232,S14-000993,03/30/2014,03-March,1-Sunday,17:30,1700 Hours,District 4 (Southwest),,POTTAWATTAMIE,,Co Rd G36/BADGER AVE,Non-collision events:  Overturn/rollover,On Roadway,Non-collision (single vehicle),Lost Control,None Indicated,,Daylight,Dry,Severe winds,None apparent,Non-intersection:  Non-junction/no special feature,Paved,,Major Injury,0,1,1,0,0,0,1000,1,1,,POINT (-95.812484327538 41.354094103361)
2014793231,S14-000990,03/30/2014,03-March,1-Sunday,17:52,1700 Hours,District 4 (Southwest),,POTTAWATTAMIE,,Co Rd L34/ROAD L34,Non-collision events:  Overturn/rollover,On Roadway,Non-collision (single vehicle),Crossed centerline (undivided),None Indicated,,Daylight,Dry,Severe winds,None apparent,Non-intersection:  Non-junction/no special feature,Paved,,Property Damage Only,0,0,0,0,0,0,5000,1,2,,POINT (-95.763832048755 41.34975281503)
2014793272,,03/30/2014,03-March,1-Sunday,18:30,1800 Hours,District 6 (East Central),CEDAR RAPIDS,LINN,,BLAIRS FERRY RD NE & COUNCIL ST NE,Collision with:  Vehicle in traffic,On Roadway,Rear-end (front to rear),Unknown,None Indicated,,Dusk,Dry,Cloudy,,Intersection:  Four-way intersection,Paved,,Property Damage Only,0,0,0,0,0,0,1500,2,4,,POINT (-91.65834977233 42.035252775527)
2014792835,2014-18968,03/30/2014,03-March,1-Sunday,07:48,0700 Hours,District 6 (East Central),DAVENPORT,SCOTT,,IA 461/BRADY ST & W LOCUST ST & E LOCUST ST,Collision with:  Vehicle in traffic,On Roadway,Broadside (front to side),Ran Traffic Signal,None Indicated,,Daylight,Dry,Clear,None apparent,Intersection:  Four-way intersection,Paved,,Property Damage Only,0,0,0,0,0,0,9500,2,4,,POINT (-90.573960681459 41.53830641602)
2014792812,20140008343,03/30/2014,03-March,1-Sunday,10:58,1000 Hours,District 1 (Central),DES MOINES,POLK,IA 163,IA 163/E UNIVERSITY AVE & E 16TH ST,Collision with:  Vehicle in traffic,On Roadway,"Angle, oncoming left turn",FTYROW:  Making left turn,None Indicated,,Daylight,Dry,Clear,None apparent,Intersection:  Four-way intersection,Paved,,Major Injury,0,2,1,0,1,0,41500,3,4,,POINT (-93.595115923891 41.600844539708)
2014800650,0330147A,03/30/2014,03-March,1-Sunday,01:15,0100 Hours,District 4 (Southwest),,PAGE,,Co Rd J56/290 ST,Non-collision events:  Overturn/rollover,Unknown,Non-collision (single vehicle),Ran off road - left,None Indicated,,Dark - roadway not lighted,Dry,Cloudy,None apparent,Non-intersection:  Other non-intersection (explain in narrative),Unpaved,,Minor Injury,0,1,0,1,0,0,14000,1,3,,POINT (-95.347313797193 40.625967337483)
2014792775,14-013094,03/30/2014,03-March,1-Sunday,12:33,1200 Hours,District 5 (Southeast),MUSCATINE,MUSCATINE,,LOGAN ST,Collision with:  Non-motorist (see non-motorist section - NOT a unit),On Roadway,Non-collision (single vehicle),Other (explain in narrative):  No improper action,None Indicated,,Daylight,Dry,Clear,None apparent,Non-intersection:  Non-junction/no special feature,Paved,,Possible/Unknown,0,1,0,0,1,0,0,1,3,,POINT (-91.06483974514 41.435042798238)
2014796331,,03/30/2014,03-March,1-Sunday,21:14,2100 Hours,District 5 (Southeast),MUSCATINE,MUSCATINE,,MULBERRY AVE,Non-collision events:  Overturn/rollover,On Roadway,Non-collision (single vehicle),Ran off road - right,Alcohol (Statutory),,Dark - roadway not lighted,Dry,Clear,None apparent,Non-intersection:  Driveway access (within),Paved,,Possible/Unknown,0,1,0,0,1,0,10200,1,1,,POINT (-91.085260396333 41.44839958763)
2014793028,,03/30/2014,03-March,1-Sunday,19:45,1900 Hours,District 2 (Northeast),,WINNESHIEK,,MEADOWLARK RD,Collision with:  Animal,On Roadway,Non-collision (single vehicle),Animal,None Indicated,,Dark - roadway not lighted,Dry,Clear,,Non-intersection:  Non-junction/no special feature,Unpaved,,Property Damage Only,0,0,0,0,0,0,2686,1,2,,POINT (-91.824641497733 43.356630549238)
2014793889,2014020405,03/30/2014,03-March,1-Sunday,23:20,2300 Hours,District 5 (Southeast),,WASHINGTON,US 218,US 218,Collision with:  Animal,,Non-collision (single vehicle),Animal,None Indicated,,,,,,,Paved,,Property Damage Only,0,0,0,0,0,0,6000,1,1,,POINT (-91.551785011406 41.361428183021)
2014794470,,03/30/2014,03-March,1-Sunday,04:00,0400 Hours,District 2 (Northeast),,WINNESHIEK,,TROUT RUN RD,Non-collision events:  Overturn/rollover,On Roadway,Non-collision (single vehicle),Ran off road - right,None Indicated,,Dark - roadway not lighted,Dry,Clear,None apparent,Non-intersection:  Non-junction/no special feature,Paved,,Property Damage Only,0,0,0,0,0,0,15000,1,1,,POINT (-91.774711867684 43.278154816526)
2014793418,2014-19081,03/30/2014,03-March,1-Sunday,21:42,2100 Hours,District 6 (East Central),DAVENPORT,SCOTT,,SPALDING BLVD,Collision with:  Vehicle in traffic,On Roadway,"Sideswipe, opposite direction",Improper Backing,None Indicated,,Dark - roadway lighted,Dry,Clear,None apparent,Non-intersection:  Non-junction/no special feature,Paved,,Property Damage Only,0,0,0,0,0,0,2400,2,1,,POINT (-90.587531532208 41.543104292411)
2014793551,14-9406,03/30/2014,03-March,1-Sunday,13:37,1300 Hours,District 3 (Northwest),SIOUX CITY,WOODBURY,IA 12,IA 12/RIVERSIDE BLVD,Collision with:  Vehicle in traffic,On Roadway,"Sideswipe, same direction",Made improper turn,None Indicated,,Daylight,Dry,Clear,None apparent,Non-intersection:  Non-junction/no special feature,Paved,,Property Damage Only,0,0,0,0,0,0,1500,2,3,,POINT (-96.473848059108 42.511669906545)
2014794375,14-04044,03/30/2014,03-March,1-Sunday,15:30,1500 Hours,District 6 (East Central),,JACKSON,,ROCKDALE RD,Collision with:  Vehicle in traffic,On Roadway,Rear-end (front to rear),Followed too close,None Indicated,,Daylight,Dry,Clear,None apparent,Non-intersection:  Non-junction/no special feature,Paved,,Major Injury,0,1,1,0,0,0,2500,2,2,,POINT (-90.660601606052 42.094509756295)
2014793690,PD1402514,03/30/2014,03-March,1-Sunday,12:41,1200 Hours,District 5 (Southeast),FAIRFIELD,JEFFERSON,IA 1,IA 1/S MAIN ST,Collision with:  Vehicle in traffic,On Roadway,Broadside (front to side),FTYROW:  From driveway,None Indicated,,Daylight,Dry,Clear,None apparent,Non-intersection:  Driveway access (within),Paved,,Property Damage Only,0,0,0,0,0,0,3500,2,2,,POINT (-91.963145281797 40.999804176084)
2014793040,W14-030823,03/30/2014,03-March,1-Sunday,17:21,1700 Hours,District 2 (Northeast),WATERLOO,BLACK HAWK,,MARIGOLD DR,Collision with:  Other non-fixed object (explain in narrative),On Roadway,Unknown,Equipment failure,None Indicated,,Daylight,Dry,Clear,None apparent,Intersection:  Other intersection (explain in narrative),Paved,,Property Damage Only,0,0,0,0,0,0,1500,2,1,,POINT (-92.291191057158 42.435549817919)
2014793267,,03/30/2014,03-March,1-Sunday,16:48,1600 Hours,District 6 (East Central),ASBURY,DUBUQUE,,ASBURY RD & SEIPPEL RD,Collision with:  Vehicle in traffic,On Roadway,Broadside (front to side),FTYROW:  From stop sign,None Indicated,,Daylight,Dry,Clear,None apparent,Intersection:  Four-way intersection,Paved,,Possible/Unknown,0,2,0,0,2,0,5000,2,3,,POINT (-90.77980375006 42.510656779651)
2014793233,2014-6137,03/30/2014,03-March,1-Sunday,06:33,0600 Hours,District 6 (East Central),,SCOTT,,Co Rd Y40/60 AVE,Collision with fixed object:  Ditch,On Roadway,Non-collision (single vehicle),Crossed centerline (undivided),None Indicated,,Dawn,Dry,Clear,None apparent,Non-intersection:  Non-junction/no special feature,Paved,,Minor Injury,0,1,0,1,0,0,5000,1,1,,POINT (-90.782409516853 41.728329174142)
2014793274,,03/30/2014,03-March,1-Sunday,23:32,2300 Hours,District 4 (Southwest),,GUTHRIE,IA 141,IA 141/IOWA 141,Collision with:  Animal,On Roadway,Non-collision (single vehicle),Animal,None Indicated,,,,,,,Paved,,Property Damage Only,0,0,0,0,0,0,1600,1,1,,POINT (-94.656858641633 41.852340561752)
2014793941,14001600,03/30/2014,03-March,1-Sunday,07:00,0700 Hours,District 3 (Northwest),CHEROKEE,CHEROKEE,,E MAIN ST,Collision with:  Parked motor vehicle,Shoulder,Unknown,Unknown,None Indicated,,Dark - roadway lighted,Dry,Clear,None apparent,Non-intersection:  Non-junction/no special feature,Paved,,Property Damage Only,0,0,0,0,0,0,3000,2,1,,POINT (-95.548206787276 42.749618650103)
2014793271,,03/30/2014,03-March,1-Sunday,20:00,2000 Hours,District 2 (Northeast),,FAYETTE,IA 150,IA 150/K AVE,Collision with:  Animal,On Roadway,Non-collision (single vehicle),Animal,None Indicated,,Dark - roadway not lighted,Dry,Clear,,Non-intersection:  Non-junction/no special feature,Paved,,Property Damage Only,0,0,0,0,0,0,1500,1,1,,POINT (-91.804860651096 42.789039537986)
2014793414,2014-18929,03/30/2014,03-March,1-Sunday,02:55,0200 Hours,District 6 (East Central),DAVENPORT,SCOTT,,W LOCUST ST & MARQUETTE ST,Collision with fixed object:  Utility pole/light support,On Roadway,Non-collision (single vehicle),Ran off road - right,None Indicated,,Dark - roadway lighted,Dry,Clear,None apparent,Non-intersection:  Non-junction/no special feature,Paved,,Property Damage Only,0,0,0,0,0,0,5000,1,1,,POINT (-90.591391771838 41.538258747968)
2014792941,14-001416,03/30/2014,03-March,1-Sunday,13:30,1300 Hours,District 1 (Central),ANKENY,POLK,IA 160,IA 160/SW ORALABOR RD & SW FRANKLIN DR,Collision with:  Vehicle in traffic,On Roadway,Rear-end (front to rear),Other (explain in narrative):  Other,None Indicated,,Daylight,Dry,Clear,None apparent,Non-intersection:  Non-junction/no special feature,Paved,,Minor Injury,0,1,0,1,0,0,14000,4,8,,POINT (-93.616897373058 41.702960917918)
2014793081,201404441,03/30/2014,03-March,1-Sunday,14:10,1400 Hours,District 6 (East Central),CEDAR RAPIDS,LINN,,10TH ST SW,Collision with:  Vehicle in traffic,On Roadway,Rear-end (front to rear),Exceeded authorized speed,Refused,,Daylight,Dry,Clear,None apparent,Non-intersection:  Non-junction/no special feature,Paved,,Property Damage Only,0,0,0,0,0,0,2000,3,2,,POINT (-91.682642630644 41.969805426518)
2014793467,14004482,03/30/2014,03-March,1-Sunday,02:45,0200 Hours,District 6 (East Central),,CEDAR,,Co Rd X40/GARFIELD AVE,Collision with:  Animal,,,Animal,None Indicated,,,,,,,Paved,,Property Damage Only,0,0,0,0,0,0,2000,1,1,,POINT (-91.249950829759 41.858532447142)
2014794798,2014020378,03/30/2014,03-March,1-Sunday,19:38,1900 Hours,District 4 (Southwest),,POTTAWATTAMIE,I-80,I-80,Collision with:  Animal,,,Animal,None Indicated,,,,,,,Paved,,Property Damage Only,0,0,0,0,0,0,2500,1,1,,POINT (-95.681682897427 41.370350003539)
2014793441,14-9432,03/30/2014,03-March,1-Sunday,17:19,1700 Hours,District 3 (Northwest),SIOUX CITY,WOODBURY,IA 12,IA 12/NE LOOP/GORDON DR,Collision with:  Vehicle in traffic,On Roadway,Rear-end (front to rear),Followed too close,None Indicated,,Daylight,Dry,Clear,None apparent,Non-intersection:  Non-junction/no special feature,Paved,,Property Damage Only,0,0,0,0,0,0,2000,2,5,,POINT (-96.37901982519 42.489899181356)
2014793612,,03/30/2014,03-March,1-Sunday,14:51,1400 Hours,District 2 (Northeast),HAMPTON,FRANKLIN,US 65,US 65/4TH ST SE/4TH ST NE & IA 3/CENTRAL AVE W/CENTRAL AVE E & 5TH ST SW & 5TH ST NW,Collision with:  Vehicle in traffic,On Roadway,Broadside (front to side),Unknown,None Indicated,,Daylight,Dry,Cloudy,None apparent,Intersection:  Four-way intersection,Paved,,Property Damage Only,0,0,0,0,0,0,4000,2,2,,POINT (-93.202483296186 42.741875199822)
2014792708,14001825,03/30/2014,03-March,1-Sunday,13:37,1300 Hours,District 2 (Northeast),CLEAR LAKE,CERRO GORDO,US 18,US 18 & N 8TH ST,Collision with:  Vehicle in traffic,On Roadway,Rear-end (front to rear),Followed too close,None Indicated,,Daylight,Dry,Clear,None apparent,Intersection:  Other intersection (explain in narrative),Paved,,Property Damage Only,0,0,0,0,0,0,2500,2,3,,POINT (-93.378808119877 43.143679539052)
2014793416,2014-19016,03/30/2014,03-March,1-Sunday,14:33,1400 Hours,District 6 (East Central),DAVENPORT,SCOTT,,IA 461/WELCOME WAY & W 53RD ST,Collision with:  Vehicle in traffic,On Roadway,"Sideswipe, same direction",Unknown,None Indicated,,Daylight,Dry,Cloudy,None apparent,Intersection:  Other intersection (explain in narrative),Paved,,Property Damage Only,0,0,0,0,0,0,4000,2,4,,POINT (-90.571669859064 41.57451772938)
2014795078,S79140096,03/30/2014,03-March,1-Sunday,16:05,1600 Hours,District 1 (Central),,POWESHIEK,US 6,US 6,Collision with:  Vehicle in traffic,On Roadway,"Sideswipe, opposite direction",Crossed centerline (undivided),None Indicated,,Daylight,Dry,Cloudy,None apparent,Non-intersection:  Non-junction/no special feature,Paved,,Property Damage Only,0,0,0,0,0,0,12000,2,4,,POINT (-92.510247758044 41.746113466276)
2014793080,201404428,03/30/2014,03-March,1-Sunday,05:18,0500 Hours,District 6 (East Central),CEDAR RAPIDS,LINN,US 30,US 30,Collision with:  Vehicle in traffic,On Roadway,Rear-end (front to rear),Unknown,None Indicated,,Dark - roadway not lighted,Dry,Clear,None apparent,Non-intersection:  Non-junction/no special feature,Paved,,Minor Injury,0,2,0,1,1,0,9500,2,4,,POINT (-91.72464083632 41.940801469278)