Iowa DOT Case Number,Law Enforcement Case Number,Date of Crash,Month of Crash,Day of Week,Time of Crash,Hour,DOT District,City Name,County Name,Route with System,Location Description,First Harmful Event,Location of First Harmful Event,Manner of Crash/Collision,Major Cause,Drug or Alcohol ,Environmental Conditions,Light Conditions,Surface Conditions,Weather Conditions,Roadway Contribution,Roadway Type,Roadway Surface,Work Zone,Crash Severity,Number of Fatalities,Number of Injuries,Number of Major Injuries,Number of Minor Injuries,Number of Possible Injuries,Number of Unknown Injuries,Amount of Property Damage,Number of Vehicles Involved,Total Number of Occupants,Travel Direction,Location
2014793070,2014003443,03/31/2014,03-March,2-Monday,16:38,1600 Hours,District 6 (East Central),IOWA CITY,JOHNSON,,S 1ST AVE,Collision with:  Vehicle in traffic,On Roadway,"Sideswipe, same direction",Improper or erratic lane changing,None Indicated,,Daylight,Dry,Clear,None apparent,Non-intersection:  Non-junction/no special feature,Paved,,Minor Injury,0,1,0,1,0,0,2000,2,2,,POINT (-91.502644324128 41.643432031578)
2014795079,S79140102,03/31/2014,03-March,2-Monday,02:47,0200 Hours,District 1 (Central),,POWESHIEK,US 63,US 63,Collision with:  Animal,,,Animal,None Indicated,,,,,,,Paved,,Property Damage Only,0,0,0,0,0,0,4000,1,1,,POINT (-92.551549244129 41.607545052938)
2014793042,W14-031235,03/31/2014,03-March,2-Monday,21:24,2100 Hours,District 2 (Northeast),WATERLOO,BLACK HAWK,,W 9TH ST,Collision with:  Vehicle in traffic,On Roadway,"Sideswipe, same direction",Made improper turn,None Indicated,,Dark - roadway lighted,Dry,Clear,None apparent,Non-intersection:  Non-junction/no special feature,Paved,,Property Damage Only,0,0,0,0,0,0,2000,2,2,,POINT (-92.337237765452 42.489302247805)
2014793866,2014-06477,03/31/2014,03-March,2-Monday,17:29,1700 Hours,District 5 (Southeast),INDIANOLA,WARREN,,E HILLCREST AVE & N 9TH ST,Collision with:  Vehicle in traffic,On Roadway,Broadside (front to side),FTYROW:  From stop sign,None Indicated,,Daylight,Dry,Cloudy,None apparent,Intersection:  Four-way intersection,Paved,,Property Damage Only,0,0,0,0,0,0,3500,2,2,,POINT (-93.546755249973 41.379907550384)
2014798719,S14-C3101,03/31/2014,03-March,2-Monday,16:20,1600 Hours,District 5 (Southeast),,CLARKE,US 34,US 34,Collision with:  Vehicle in traffic,On Roadway,"Sideswipe, same direction",Swerving/Evasive Action,None Indicated,,Daylight,Dry,Clear,None apparent,Non-intersection:  Non-junction/no special feature,Paved,,Property Damage Only,0,0,0,0,0,0,3000,2,2,,POINT (-93.959060778438 41.027069454451)
2014808060,2014020411,03/31/2014,03-March,2-Monday,01:45,0100 Hours,District 5 (Southeast),DES MOINES,WARREN,US 65,US 65,Collision with:  Animal,,,Animal,None Indicated,,,,,,,Paved,,Property Damage Only,0,0,0,0,0,0,5000,1,1,,POINT (-93.567570331959 41.491887080198)
2014798050,14-002209,03/31/2014,03-March,2-Monday,02:37,0200 Hours,District 2 (Northeast),STRAWBERRY POINT,CLAYTON,IA 13,IA 13/IOWA 13,Collision with:  Animal,,,Animal,None Indicated,,,,,,,Paved,,Property Damage Only,0,0,0,0,0,0,2000,1,1,,POINT (-91.493027269605 42.748393535737)
2014792759,AP-14-0093,03/31/2014,03-March,2-Monday,12:40,1200 Hours,District 6 (East Central),ANAMOSA,JONES,,E WEBSTER ST & HUBER ST,Collision with:  Vehicle in traffic,On Roadway,Broadside (front to side),FTYROW:  From stop sign,None Indicated,,Daylight,Dry,Cloudy,None apparent,Intersection:  Four-way intersection,Paved,,Possible/Unknown,0,1,0,0,1,0,4500,2,3,,POINT (-91.283918027175 42.112229085256)
2014793078,201404000,03/31/2014,03-March,2-Monday,21:09,2100 Hours,District 6 (East Central),CEDAR RAPIDS,LINN,,BLAIRS FERRY RD NE & COUNCIL ST NE,Collision with:  Vehicle in traffic,On Roadway,"Angle, oncoming left turn",FTYROW:  Making left turn,None Indicated,,Dark - roadway lighted,Wet,Clear,None apparent,Intersection:  Four-way intersection,Paved,,Minor Injury,0,2,0,1,1,0,5800,2,2,,POINT (-91.65834977233 42.035252775527)
2014799447,,03/31/2014,03-March,2-Monday,17:40,1700 Hours,District 1 (Central),DAYTON,WEBSTER,,2ND ST NW,Collision with:  Parked motor vehicle,On Roadway,Broadside (front to side),Unknown,None Indicated,,Daylight,Dry,Cloudy,None apparent,Non-intersection:  Non-junction/no special feature,Paved,,Property Damage Only,0,0,0,0,0,0,1900,2,1,,POINT (-94.071083644705 42.262929468712)
2014793657,14002561,03/31/2014,03-March,2-Monday,23:19,2300 Hours,District 6 (East Central),,DELAWARE,IA 3,IA 3/IOWA 3,Collision with fixed object:  Ditch,On Roadway,Non-collision (single vehicle),Ran off road - left,None Indicated,,Dark - roadway not lighted,Dry,Severe winds,None apparent,Non-intersection:  Driveway access (within),Paved,,Minor Injury,0,1,0,1,0,0,8000,1,1,,POINT (-91.217831148969 42.638629510076)
2014792892,W14-031193,03/31/2014,03-March,2-Monday,18:53,1800 Hours,District 2 (Northeast),WATERLOO,BLACK HAWK,US 218,US 218/WASHINGTON ST & HAWTHORNE AVE,Collision with:  Vehicle in traffic,On Roadway,Rear-end (front to rear),Other (explain in narrative):  Other,None Indicated,,Daylight,Wet,Rain,None apparent,Intersection:  Four-way intersection,Paved,,Possible/Unknown,0,1,0,0,1,0,4000,2,2,,POINT (-92.323731974019 42.481298204618)
2014792940,14-001432,03/31/2014,03-March,2-Monday,16:55,1600 Hours,District 1 (Central),ANKENY,POLK,,NE 78TH AVE & NE 29TH ST & SE FOUR MILE DR,Collision with:  Vehicle in traffic,On Roadway,Broadside (front to side),FTYROW:  From stop sign,None Indicated,,Daylight,Dry,Clear,None apparent,Intersection:  Other intersection (explain in narrative),Paved,,Possible/Unknown,0,1,0,0,1,0,4500,2,2,,POINT (-93.560852292852 41.702860803359)
2014793005,2014020428,03/31/2014,03-March,2-Monday,07:36,0700 Hours,District 2 (Northeast),,WINNESHIEK,US 52,US 52 & Co Rd A14/CO RD A14,Collision with:  Vehicle in traffic,On Roadway,Broadside (front to side),Ran Stop Sign,None Indicated,,Daylight,Dry,Cloudy,None apparent,Intersection:  Four-way intersection,Paved,,Minor Injury,0,3,0,3,0,0,10000,2,3,,POINT (-91.870502564412 43.486583905041)
2014795707,033114-1,03/31/2014,03-March,2-Monday,10:07,1000 Hours,District 6 (East Central),WILLIAMSBURG,IOWA,IA 149,IA 149/HIGHLAND ST & WILLIS BLVD,Collision with:  Vehicle in traffic,On Roadway,Rear-end (front to rear),Other (explain in narrative):  Other,None Indicated,,Daylight,Wet,Rain,None apparent,Non-intersection:  Non-junction/no special feature,Paved,,Property Damage Only,0,0,0,0,0,0,1600,2,3,,POINT (-92.007609762633 41.677940301193)
2014792702,14-31025,03/31/2014,03-March,2-Monday,08:15,0800 Hours,District 2 (Northeast),HUDSON,BLACK HAWK,,5TH ST,Collision with:  Parked motor vehicle,Roadside,Broadside (front to side),Unknown,None Indicated,,Daylight,Dry,Cloudy,None apparent,Non-intersection:  Driveway access (within),Paved,,Property Damage Only,0,0,0,0,0,0,3500,2,1,,POINT (-92.453751153225 42.406539954248)
2014793388,14-012379,03/31/2014,03-March,2-Monday,14:48,1400 Hours,District 4 (Southwest),COUNCIL BLUFFS,POTTAWATTAMIE,,AVE A & N 26TH ST,Collision with:  Vehicle in traffic,On Roadway,"Sideswipe, same direction",Made improper turn,None Indicated,,Daylight,Dry,Clear,None apparent,Non-intersection:  Non-junction/no special feature,Paved,,Property Damage Only,0,0,0,0,0,0,8000,2,6,,POINT (-95.88435622841 41.262845519224)
2014793616,,03/31/2014,03-March,2-Monday,12:39,1200 Hours,District 5 (Southeast),FORT MADISON,LEE,,10TH ST,Collision with:  Vehicle in traffic,On Roadway,Rear-end (front to rear),"Operating vehicle in an reckless, erratic, careless, negligent manner",None Indicated,,Daylight,Dry,Clear,None apparent,Non-intersection:  Non-junction/no special feature,Paved,,Possible/Unknown,0,1,0,0,1,0,2000,2,2,,POINT (-91.31529543438 40.631764764057)
2014792949,20140008492,03/31/2014,03-March,2-Monday,17:35,1700 Hours,District 1 (Central),DES MOINES,POLK,,ARMY POST RD,Collision with:  Vehicle in traffic,On Roadway,Rear-end (front to rear),Other (explain in narrative):  Other,None Indicated,,Daylight,Dry,Clear,None apparent,Non-intersection:  Non-junction/no special feature,Paved,,Possible/Unknown,0,1,0,0,1,0,1000,2,6,,POINT (-93.627000552448 41.526491038286)
2014792918,P14-003648,03/31/2014,03-March,2-Monday,14:46,1400 Hours,District 1 (Central),WEBSTER CITY,HAMILTON,,FAIRMEADOW DR & SUPERIOR ST,Collision with:  Vehicle in traffic,On Roadway,"Sideswipe, same direction",Other (explain in narrative):  Other,None Indicated,,Daylight,Dry,Cloudy,None apparent,Intersection:  Four-way intersection,Paved,,Property Damage Only,0,0,0,0,0,0,2500,2,5,,POINT (-93.8162157569 42.453657618816)
2014793061,032-035-14,03/31/2014,03-March,2-Monday,15:43,1500 Hours,District 3 (Northwest),ESTHERVILLE,EMMET,,2ND AVE N & N 6TH ST,Non-collision events:  Other non-collision (explain in narrative),On Roadway,Rear-end (front to rear),Improper Backing,None Indicated,,Daylight,Dry,Clear,None apparent,Non-intersection:  Non-junction/no special feature,Paved,,Property Damage Only,0,0,0,0,0,0,2700,2,2,,POINT (-94.836656354189 43.403900131296)
2014793041,W14-031155,03/31/2014,03-March,2-Monday,16:57,1600 Hours,District 2 (Northeast),WATERLOO,BLACK HAWK,US 218,US 218/WASHINGTON ST & W 11TH ST,Collision with:  Vehicle in traffic,On Roadway,"Sideswipe, same direction",Other (explain in narrative):  Other,None Indicated,,Daylight,Dry,Clear,None apparent,Intersection:  Four-way intersection,Paved,,Major Injury,0,2,2,0,0,0,5000,2,2,,POINT (-92.334730244774 42.48823403622)
2014793069,2014003437,03/31/2014,03-March,2-Monday,14:44,1400 Hours,District 6 (East Central),IOWA CITY,JOHNSON,,E WASHINGTON ST,Collision with:  Vehicle in traffic,On Roadway,"Sideswipe, same direction","Operating vehicle in an reckless, erratic, careless, negligent manner",None Indicated,,Daylight,Dry,Cloudy,None apparent,Non-intersection:  Non-junction/no special feature,Paved,,Property Damage Only,0,0,0,0,0,0,2500,2,3,,POINT (-91.5343025826 41.660088535083)
2014792947,20140008484,03/31/2014,03-March,2-Monday,16:31,1600 Hours,District 1 (Central),DES MOINES,POLK,,E DOUGLAS AVE,Collision with:  Vehicle in traffic,On Roadway,"Angle, oncoming left turn",FTYROW:  From driveway,None Indicated,,Daylight,Dry,Cloudy,None apparent,Non-intersection:  Driveway access (within),Paved,,Possible/Unknown,0,2,0,0,2,0,16000,2,3,,POINT (-93.545126120328 41.629591297709)
2014793234,2014-5891,03/31/2014,03-March,2-Monday,17:52,1700 Hours,District 6 (East Central),BETTENDORF,SCOTT,I-74,I-74 & US 67/STATE ST & 14TH ST,Collision with:  Vehicle in traffic,On Roadway,"Angle, oncoming left turn",FTYROW:  Making left turn,None Indicated,,Daylight,Dry,Clear,None apparent,Intersection:  Four-way intersection,Paved,,Property Damage Only,0,0,0,0,0,0,4500,2,3,,POINT (-90.513078152607 41.525170747955)
2014794922,201400015297,03/31/2014,03-March,2-Monday,17:23,1700 Hours,District 5 (Southeast),OTTUMWA,WAPELLO,IA 149,IA 149/WAPELLO ST VIADUCT,Collision with:  Vehicle in traffic,On Roadway,Rear-end (front to rear),Followed too close,None Indicated,,Daylight,Dry,Clear,None apparent,Non-intersection:  Other non-intersection (explain in narrative),Paved,,Property Damage Only,0,0,0,0,0,0,2000,2,2,,POINT (-92.415052828459 41.021612223313)
2014793298,14-10555,03/31/2014,03-March,2-Monday,15:47,1500 Hours,District 5 (Southeast),WEST BURLINGTON,DES MOINES,,S RAMSEY ST,Collision with:  Parked motor vehicle,On Roadway,"Sideswipe, same direction",Over correcting/over steering,None Indicated,,Daylight,Dry,Clear,None apparent,Non-intersection:  Non-junction/no special feature,Paved,,Property Damage Only,0,0,0,0,0,0,4000,2,1,,POINT (-91.15919219544 40.818755912055)
2014793389,14-012404,03/31/2014,03-March,2-Monday,17:54,1700 Hours,District 4 (Southwest),COUNCIL BLUFFS,POTTAWATTAMIE,US 6,US 6/W BROADWAY & IA 192/N 16TH ST & S 16TH ST,Collision with:  Vehicle in traffic,On Roadway,"Sideswipe, same direction",Made improper turn,None Indicated,,Daylight,Dry,Clear,None apparent,Intersection:  Four-way intersection,Paved,,Property Damage Only,0,0,0,0,0,0,2250,2,3,,POINT (-95.86755462272 41.261851565092)
2014792930,14006486,03/31/2014,03-March,2-Monday,13:11,1300 Hours,District 6 (East Central),MARION,LINN,,29TH AVE & 35TH ST,Collision with:  Vehicle in traffic,On Roadway,Broadside (front to side),Ran Stop Sign,None Indicated,,Daylight,Dry,Cloudy,None apparent,Intersection:  Four-way intersection,Paved,,Property Damage Only,0,0,0,0,0,0,8000,2,2,,POINT (-91.574555261472 42.050408863003)
2014793556,14-9584,03/31/2014,03-March,2-Monday,22:48,2200 Hours,District 3 (Northwest),SIOUX CITY,WOODBURY,,W 5TH ST & OTOE ST,Collision with:  Vehicle in traffic,On Roadway,Broadside (front to side),Traveling wrong way or on wrong side of road,None Indicated,,Dark - roadway lighted,Dry,Cloudy,None apparent,Intersection:  T-intersection,Paved,,Property Damage Only,0,0,0,0,0,0,2000,2,4,,POINT (-96.420101301353 42.501402527623)
2014793068,2014003435,03/31/2014,03-March,2-Monday,12:04,1200 Hours,District 6 (East Central),IOWA CITY,JOHNSON,US 6,US 6/S RIVERSIDE DR,Collision with:  Vehicle in traffic,On Roadway,Rear-end (front to rear),Followed too close,None Indicated,,Daylight,Wet,Cloudy,None apparent,Intersection:  Four-way intersection,Paved,,Minor Injury,0,1,0,1,0,0,1000,2,2,,POINT (-91.540206261959 41.650229110901)
2014793741,14065,03/31/2014,03-March,2-Monday,14:40,1400 Hours,District 5 (Southeast),PELLA,MARION,,UNIVERSITY ST & POOL DR,Collision with:  Vehicle in traffic,On Roadway,Broadside (front to side),FTYROW:  From parked position,None Indicated,,Daylight,Dry,Cloudy,None apparent,Non-intersection:  Other non-intersection (explain in narrative),Paved,,Property Damage Only,0,0,0,0,0,0,2600,2,26,,POINT (-92.905731635923 41.399921723493)
2014792951,14-0689,03/31/2014,03-March,2-Monday,18:30,1800 Hours,District 1 (Central),URBANDALE,POLK,,DOUGLAS PKWY & 128TH ST,Collision with:  Vehicle in traffic,On Roadway,Rear-end (front to rear),Other (explain in narrative):  Other,None Indicated,,Daylight,Dry,Cloudy,None apparent,Intersection:  Four-way intersection,Paved,,Minor Injury,0,1,0,1,0,0,6500,2,4,,POINT (-93.793598885501 41.628612810014)
2014793343,A14-020,03/31/2014,03-March,2-Monday,11:06,1100 Hours,District 4 (Southwest),WINTERSET,MADISON,,N 1ST ST,Collision with:  Vehicle in traffic,On Roadway,Rear-end (front to rear),Swerving/Evasive Action,None Indicated,,Daylight,Dry,Clear,None apparent,Non-intersection:  Driveway access (within),Paved,,Property Damage Only,0,0,0,0,0,0,4000,2,2,,POINT (-94.013472429865 41.343586846153)
2014792958,S79140099,03/31/2014,03-March,2-Monday,15:57,1500 Hours,District 1 (Central),,POWESHIEK,US 63,US 63 & 100TH ST,Non-collision events:  Other non-collision (explain in narrative),Shoulder,Non-collision (single vehicle),Exceeded authorized speed,None Indicated,,Daylight,Dry,Clear,None apparent,Intersection:  Four-way intersection,Paved,,Possible/Unknown,0,1,0,0,0,1,2250,1,1,,POINT (-92.555955605598 41.509157081616)
2014792792,20140008422,03/31/2014,03-March,2-Monday,07:40,0700 Hours,District 1 (Central),DES MOINES,POLK,,GRAND AVE & 19TH ST,Collision with:  Vehicle in traffic,On Roadway,Broadside (front to side),Other (explain in narrative):  Other,None Indicated,,Daylight,Wet,Rain,None apparent,Non-intersection:  Driveway access (within),Paved,,Property Damage Only,0,0,0,0,0,0,5000,2,3,,POINT (-93.642473262327 41.584466679968)
2014793253,2014020537,03/31/2014,03-March,2-Monday,20:00,2000 Hours,District 5 (Southeast),,HENRY,US 218,US 218,Collision with:  Animal,,,Animal,None Indicated,,,,,,,Paved,,Property Damage Only,0,0,0,0,0,0,12000,1,777,,POINT (-91.548651861048 41.034369948144)
2014793401,2014-19288,03/31/2014,03-March,2-Monday,15:21,1500 Hours,District 6 (East Central),DAVENPORT,SCOTT,,W 35TH ST & MARQUETTE ST,Collision with:  Vehicle in traffic,On Roadway,"Sideswipe, same direction",Other (explain in narrative):  Other,None Indicated,,Daylight,Dry,Clear,None apparent,Non-intersection:  Non-junction/no special feature,Paved,,Property Damage Only,0,0,0,0,0,0,2000,2,2,,POINT (-90.591058524491 41.555625128373)
2014792976,2014-19174,03/31/2014,03-March,2-Monday,07:40,0700 Hours,District 6 (East Central),DAVENPORT,SCOTT,,W CENTRAL PARK AVE,Collision with:  Vehicle in traffic,On Roadway,"Angle, oncoming left turn",FTYROW:  Making left turn,None Indicated,,Daylight,Dry,Clear,None apparent,Non-intersection:  Driveway access (within),Paved,,Property Damage Only,0,0,0,0,0,0,15000,2,2,,POINT (-90.591866152377 41.545500840972)
2014792903,14-10580,03/31/2014,03-March,2-Monday,17:21,1700 Hours,District 5 (Southeast),BURLINGTON,DES MOINES,,AGENCY ST & W ROOSEVELT FRONTAGE,Collision with:  Vehicle in traffic,On Roadway,Broadside (front to side),Ran Traffic Signal,None Indicated,,Daylight,Dry,Cloudy,None apparent,Intersection:  Four-way intersection,Paved,,Property Damage Only,0,0,0,0,0,0,3500,2,3,,POINT (-91.144135201484 40.814875453026)
2014792936,14-2115,03/31/2014,03-March,2-Monday,19:24,1900 Hours,District 1 (Central),GRIMES,POLK,IA 141,IA 141/IOWA 141,Collision with:  Vehicle in traffic,On Roadway,Rear-end (front to rear),Followed too close,None Indicated,,Dusk,Dry,Severe winds,None apparent,Non-intersection:  Non-junction/no special feature,Paved,,Property Damage Only,0,0,0,0,0,0,6000,2,5,,POINT (-93.774938133415 41.672289552372)
2014792796,20140008444,03/31/2014,03-March,2-Monday,11:39,1100 Hours,District 1 (Central),DES MOINES,POLK,US 69,US 69/SE 14TH ST,Collision with:  Vehicle in traffic,On Roadway,Rear-end (front to rear),Lost Control,None Indicated,,Daylight,Dry,Clear,None apparent,Non-intersection:  Other non-intersection (explain in narrative),Paved,,Minor Injury,0,1,0,1,0,0,10000,2,3,,POINT (-93.596858807425 41.584226135073)
2014793006,2014020429,03/31/2014,03-March,2-Monday,07:00,0700 Hours,District 2 (Northeast),,ALLAMAKEE,IA 76,IA 76/IOWA 76,Collision with fixed object:  Ditch,On Roadway,Non-collision (single vehicle),Swerving/Evasive Action,None Indicated,,Dawn,Dry,Cloudy,None apparent,Non-intersection:  Non-junction/no special feature,Paved,,Property Damage Only,0,0,0,0,0,0,5500,1,6,,POINT (-91.47872436098 43.469102996708)
2014809996,2014-001716,03/31/2014,03-March,2-Monday,20:14,2000 Hours,District 6 (East Central),,BENTON,IA 150,IA 150/24 AVE DR,Collision with:  Animal,,,Animal,None Indicated,,,,,,,Paved,,Property Damage Only,0,0,0,0,0,0,1500,1,1,,POINT (-92.019078695979 42.185967722514)
2014792815,20140008403,03/31/2014,03-March,2-Monday,00:03,0000 Hours,District 1 (Central),DES MOINES,POLK,I-235,I-235 & US 69/E 14TH ST & MAPLE ST,Collision with:  Vehicle in traffic,On Roadway,Broadside (front to side),Traveling wrong way or on wrong side of road,None Indicated,,Dark - roadway lighted,Dry,Clear,None apparent,Intersection:  Intersection with ramp,Paved,,Possible/Unknown,0,1,0,0,1,0,8000,2,2,,POINT (-93.599120390713 41.596572323006)
2014792948,20140008489,03/31/2014,03-March,2-Monday,17:31,1700 Hours,District 1 (Central),DES MOINES,POLK,US 69,US 69/SE 14TH ST,Collision with:  Vehicle in traffic,On Roadway,Rear-end (front to rear),Followed too close,None Indicated,,Daylight,Dry,Clear,None apparent,Intersection:  Four-way intersection,Paved,,Property Damage Only,0,0,0,0,0,0,11000,2,2,,POINT (-93.596840316414 41.539207756855)
2014793924,14030957,03/31/2014,03-March,2-Monday,00:18,0000 Hours,District 2 (Northeast),,BLACK HAWK,I-380,I-380,Collision with fixed object:  Ditch,Shoulder,Non-collision (single vehicle),Swerving/Evasive Action,None Indicated,,Dark - roadway not lighted,Dry,Clear,None apparent,Non-intersection:  Non-junction/no special feature,Paved,,Property Damage Only,0,0,0,0,0,0,35000,1,1,,POINT (-92.153923188039 42.401594091065)
2014793053,14004332,03/31/2014,03-March,2-Monday,15:00,1500 Hours,District 3 (Northwest),,CLAY,,330TH ST,Non-collision events:  Overturn/rollover,Shoulder,Non-collision (single vehicle),Swerving/Evasive Action,None Indicated,,Daylight,Dry,Severe winds,None apparent,Non-intersection:  Non-junction/no special feature,Unpaved,,Property Damage Only,0,0,0,0,0,0,10000,1,2,,POINT (-95.26191633472 43.169037248973)
2014792858,14-0919,03/31/2014,03-March,2-Monday,12:45,1200 Hours,District 1 (Central),FORT DODGE,WEBSTER,,N 13TH ST,Collision with:  Vehicle in traffic,On Roadway,Rear-end (front to rear),Improper Backing,None Indicated,,Daylight,Dry,Cloudy,None apparent,Non-intersection:  Non-junction/no special feature,Paved,,Property Damage Only,0,0,0,0,0,0,1600,2,1,,POINT (-94.181189190667 42.508636440299)
2014804168,01-14-13171,03/31/2014,03-March,2-Monday,07:18,0700 Hours,District 6 (East Central),DUBUQUE,DUBUQUE,,LORAS BLVD & LOCUST ST S,Collision with fixed object:  Utility pole/light support,Roadside,Non-collision (single vehicle),Other (explain in narrative):  Other,None Indicated,,Daylight,Dry,Clear,None apparent,Intersection:  Four-way intersection,Paved,,Property Damage Only,0,0,0,0,0,0,2500,1,1,,POINT (-90.670927001154 42.505441950543)
2014793036,14004471,03/31/2014,03-March,2-Monday,09:40,0900 Hours,District 5 (Southeast),CENTERVILLE,APPANOOSE,IA 5,IA 5/S 18TH ST & E WALSH ST,Collision with:  Vehicle in traffic,On Roadway,Broadside (front to side),FTYROW:  From stop sign,None Indicated,,Daylight,Dry,Cloudy,None apparent,Intersection:  Four-way intersection,Paved,,Minor Injury,0,2,0,1,1,0,2600,2,4,,POINT (-92.867900179927 40.724075947783)
2014792891,W14-031065,03/31/2014,03-March,2-Monday,11:22,1100 Hours,District 2 (Northeast),WATERLOO,BLACK HAWK,,E PARK AVE & MULBERRY ST,Collision with:  Vehicle in traffic,On Roadway,Rear-end (front to rear),Driver Distraction:  Manual operation of an electronic communication device,None Indicated,,Daylight,Wet,Cloudy,None apparent,Non-intersection:  Non-junction/no special feature,Paved,,Property Damage Only,0,0,0,0,0,0,1900,2,2,,POINT (-92.335135699445 42.500502335514)
2014793511,20140008481,03/31/2014,03-March,2-Monday,15:34,1500 Hours,District 1 (Central),DES MOINES,POLK,,E HULL AVE,Collision with:  Parked motor vehicle,On Roadway,"Sideswipe, same direction","Operating vehicle in an reckless, erratic, careless, negligent manner",None Indicated,,Daylight,Dry,Clear,None apparent,Non-intersection:  Non-junction/no special feature,Paved,,Property Damage Only,0,0,0,0,0,0,1500,2,1,,POINT (-93.596969443195 41.622272113754)
2014812924,NT-14-048,03/31/2014,03-March,2-Monday,13:17,1300 Hours,District 1 (Central),NEVADA,STORY,,LINCOLN HWY,Collision with fixed object:  Utility pole/light support,Shoulder,Non-collision (single vehicle),Made improper turn,None Indicated,,Daylight,Dry,Clear,None apparent,Non-intersection:  Non-junction/no special feature,Paved,,Property Damage Only,0,0,0,0,0,0,2000,1,1,,POINT (-93.453059159238 42.022674259476)
2014793468,14001843,03/31/2014,03-March,2-Monday,10:47,1000 Hours,District 2 (Northeast),,CERRO GORDO,,Co Rd B35/245TH ST & Co Rd S56/THRUSH AVE,Collision with:  Vehicle in traffic,On Roadway,"Angle, oncoming left turn",FTYROW:  Making left turn,None Indicated,,Daylight,Dry,Cloudy,None apparent,Intersection:  T-intersection,Paved,,Property Damage Only,0,0,0,0,0,0,9000,2,2,,POINT (-93.122519402046 43.119378517675)
2014795032,PD1402537,03/31/2014,03-March,2-Monday,14:01,1400 Hours,District 5 (Southeast),FAIRFIELD,JEFFERSON,,E BURLINGTON AVE & S D ST & N D ST,Collision with:  Vehicle in traffic,On Roadway,"Angle, oncoming left turn",FTYROW:  Making left turn,None Indicated,,Daylight,Dry,Clear,None apparent,Intersection:  Four-way intersection,Paved,,Property Damage Only,0,0,0,0,0,0,5000,2,2,,POINT (-91.958496431099 41.006590345635)
2014794109,14045588,03/31/2014,03-March,2-Monday,21:54,2100 Hours,District 6 (East Central),,JOHNSON,,Co Rd W60/HWY 965 NE,Collision with fixed object:  Ditch,Outside trafficway,Non-collision (single vehicle),Crossed centerline (undivided),Alcohol (Statutory),,Dark - roadway not lighted,Dry,Clear,None apparent,Intersection:  Other intersection (explain in narrative),Paved,,Property Damage Only,0,0,0,0,0,0,7500,1,1,,POINT (-91.628509444335 41.77504351184)
2014793419,2014-19286,03/31/2014,03-March,2-Monday,14:58,1400 Hours,District 6 (East Central),DAVENPORT,SCOTT,,W 14TH ST,Collision with:  Vehicle in traffic,On Roadway,Broadside (front to side),Ran Stop Sign,None Indicated,,Daylight,Dry,Clear,None apparent,Intersection:  Four-way intersection,Paved,,Property Damage Only,0,0,0,0,0,0,4000,2,2,,POINT (-90.588636019182 41.534030989787)
2014792934,14-013219,03/31/2014,03-March,2-Monday,08:00,0800 Hours,District 5 (Southeast),MUSCATINE,MUSCATINE,,LEROY ST,Collision with:  Vehicle in traffic,On Roadway,Broadside (front to side),FTYROW:  From driveway,None Indicated,,Daylight,Dry,Clear,None apparent,Non-intersection:  Driveway access (within),Paved,,Property Damage Only,0,0,0,0,0,0,4000,2,2,,POINT (-91.055760728493 41.437276497681)
2014793390,14-012422,03/31/2014,03-March,2-Monday,19:55,1900 Hours,District 4 (Southwest),COUNCIL BLUFFS,POTTAWATTAMIE,,23RD AVE,Collision with fixed object:  Utility pole/light support,On Roadway,Non-collision (single vehicle),Unknown,None Indicated,,Dark - roadway lighted,Dry,Clear,None apparent,Non-intersection:  Non-junction/no special feature,Paved,,Property Damage Only,0,0,0,0,0,0,5000,1,1,,POINT (-95.881848748314 41.240032258605)
2014793555,14-9559,03/31/2014,03-March,2-Monday,17:50,1700 Hours,District 3 (Northwest),SIOUX CITY,WOODBURY,,VINE AVE & S RUSTIN ST,Collision with:  Vehicle in traffic,On Roadway,Broadside (front to side),FTYROW:  From stop sign,None Indicated,,Daylight,Dry,Clear,None apparent,Intersection:  Four-way intersection,Paved,,Property Damage Only,0,0,0,0,0,0,6000,2,3,,POINT (-96.371669879604 42.477428521163)
2014793083,201404489,03/31/2014,03-March,2-Monday,16:28,1600 Hours,District 6 (East Central),CEDAR RAPIDS,LINN,,6TH ST SW,Collision with:  Vehicle in traffic,On Roadway,Rear-end (front to rear),Followed too close,None Indicated,,Daylight,Dry,Cloudy,None apparent,Non-intersection:  Non-junction/no special feature,Paved,,Possible/Unknown,0,2,0,0,2,0,16000,2,2,,POINT (-91.675868637612 41.876663049662)
2014808076,2014020543,03/31/2014,03-March,2-Monday,21:10,2100 Hours,District 4 (Southwest),,ADAIR,I-80,I-80,Collision with:  Vehicle in traffic,On Roadway,"Sideswipe, same direction",FTYROW:  Other (explain in narrative),None Indicated,,Dark - roadway not lighted,Dry,Clear,None apparent,Non-intersection:  Non-junction/no special feature,Paved,,Property Damage Only,0,0,0,0,0,0,2500,2,2,,POINT (-94.265782134076 41.493077507673)
2014794480,,03/31/2014,03-March,2-Monday,14:46,1400 Hours,District 4 (Southwest),HAMBURG,FREMONT,US 275,US 275/WASHINGTON ST,Collision with:  Vehicle in traffic,On Roadway,Rear-end (front to rear),Other (explain in narrative):  Other,None Indicated,,Daylight,Dry,Clear,None apparent,Non-intersection:  Driveway access (within),Paved,,Property Damage Only,0,0,0,0,0,0,6000,2,2,,POINT (-95.649447161039 40.619904750492)