Iowa DOT Case Number,Law Enforcement Case Number,Date of Crash,Month of Crash,Day of Week,Time of Crash,Hour,DOT District,City Name,County Name,Route with System,Location Description,First Harmful Event,Location of First Harmful Event,Manner of Crash/Collision,Major Cause,Drug or Alcohol ,Environmental Conditions,Light Conditions,Surface Conditions,Weather Conditions,Roadway Contribution,Roadway Type,Roadway Surface,Work Zone,Crash Severity,Number of Fatalities,Number of Injuries,Number of Major Injuries,Number of Minor Injuries,Number of Possible Injuries,Number of Unknown Injuries,Amount of Property Damage,Number of Vehicles Involved,Total Number of Occupants,Travel Direction,Location
2014793258,2014020421,03/31/2014,03-March,2-Monday,06:59,0600 Hours,District 4 (Southwest),,MILLS,I-29,I-29,Collision with fixed object:  Tree,On Roadway,Non-collision (single vehicle),Swerving/Evasive Action,None Indicated,,Dawn,Dry,Cloudy,Debris,Non-intersection:  Non-junction/no special feature,Paved,,Minor Injury,0,1,0,1,0,0,5250,2,3,,POINT (-95.820710014845 41.136216693175)
2014792704,14-5330,03/31/2014,03-March,2-Monday,06:34,0600 Hours,District 2 (Northeast),,BREMER,US 218,US 218,Collision with:  Animal,,Non-collision (single vehicle),Animal,None Indicated,,,,,,,Paved,,Property Damage Only,0,0,0,0,0,0,7000,1,777,,POINT (-92.521743293222 42.693740682921)
2014792896,14004859,03/31/2014,03-March,2-Monday,07:35,0700 Hours,District 2 (Northeast),MASON CITY,CERRO GORDO,IA 122,IA 122/5TH ST SE & S CAROLINA AVE,Collision with:  Vehicle in traffic,On Roadway,Broadside (front to side),Ran Traffic Signal,None Indicated,,Daylight,Wet,Rain,None apparent,Intersection:  Four-way intersection,Paved,,Possible/Unknown,0,1,0,0,0,1,5000,3,5,,POINT (-93.191038145939 43.147136723687)
2014793301,14-060331-01,03/31/2014,03-March,2-Monday,20:35,2000 Hours,District 6 (East Central),,IOWA,US 6,US 6,Collision with:  Animal,,,Animal,None Indicated,,,,,,,Paved,,Property Damage Only,0,0,0,0,0,0,1500,1,1,,POINT (-91.867682069903 41.760771283906)
2014792857,14-0916,03/31/2014,03-March,2-Monday,08:10,0800 Hours,District 1 (Central),FORT DODGE,WEBSTER,,8TH AVE N,Collision with:  Vehicle in traffic,On Roadway,Rear-end (front to rear),FTYROW:  From driveway,None Indicated,,Daylight,Wet,Cloudy,None apparent,Non-intersection:  Driveway access (within),Paved,,Property Damage Only,0,0,0,0,0,0,3000,2,5,,POINT (-94.172497177183 42.513777902903)
2014793262,,03/31/2014,03-March,2-Monday,16:33,1600 Hours,District 2 (Northeast),CHARLES CITY,FLOYD,,5TH AVE,Collision with:  Parked motor vehicle,On Roadway,Broadside (front to side),Improper Backing,None Indicated,,Daylight,Dry,Cloudy,None apparent,Non-intersection:  Driveway access (within),Paved,,Property Damage Only,0,0,0,0,0,0,3000,2,1,,POINT (-92.67072939958 43.067309059376)
2014793617,,03/31/2014,03-March,2-Monday,15:41,1500 Hours,District 5 (Southeast),FORT MADISON,LEE,US 61,US 61,Collision with:  Vehicle in traffic,On Roadway,Rear-end (front to rear),Followed too close,None Indicated,,Daylight,Dry,Cloudy,None apparent,Non-intersection:  Non-junction/no special feature,Paved,,Property Damage Only,0,0,0,0,0,0,6000,2,3,,POINT (-91.389589587799 40.629158575025)
2014792890,W14-031050,03/31/2014,03-March,2-Monday,10:22,1000 Hours,District 2 (Northeast),WATERLOO,BLACK HAWK,,E DONALD ST & E 4TH ST,Collision with:  Vehicle in traffic,On Roadway,Broadside (front to side),FTYROW:  From stop sign,None Indicated,,Daylight,Wet,Cloudy,None apparent,Intersection:  Four-way intersection,Paved,,Possible/Unknown,0,1,0,0,1,0,10500,2,3,,POINT (-92.332681164232 42.52759553811)
2014792962,2014-5890,03/31/2014,03-March,2-Monday,17:46,1700 Hours,District 6 (East Central),BETTENDORF,SCOTT,,MIDDLE RD,Collision with:  Vehicle in traffic,On Roadway,Rear-end (front to rear),Improper Backing,None Indicated,,Daylight,Dry,Clear,None apparent,Non-intersection:  Non-junction/no special feature,Paved,,Property Damage Only,0,0,0,0,0,0,3050,2,2,,POINT (-90.502223495517 41.545631956623)
2014793021,,03/31/2014,03-March,2-Monday,20:50,2000 Hours,District 2 (Northeast),,HUMBOLDT,,Co Rd C20/130TH ST,Collision with:  Animal,On Roadway,Non-collision (single vehicle),Animal,None Indicated,,,,,,,Paved,,Property Damage Only,0,0,0,0,0,0,2500,1,1,,POINT (-94.199871372603 42.867479447326)
2014794197,,03/31/2014,03-March,2-Monday,08:44,0800 Hours,District 2 (Northeast),FLOYD,FLOYD,,PEARL ST & MADISON ST,Collision with:  Vehicle in traffic,On Roadway,Broadside (front to side),FTYROW:  At uncontrolled intersection,None Indicated,,Daylight,Wet,Rain,None apparent,Non-intersection:  Non-junction/no special feature,Paved,,Property Damage Only,0,0,0,0,0,0,4000,2,2,,POINT (-92.737772297655 43.126077408628)
2014792893,W14-031106,03/31/2014,03-March,2-Monday,14:27,1400 Hours,District 2 (Northeast),WATERLOO,BLACK HAWK,,FOWLER ST & IRVING ST,Collision with:  Vehicle in traffic,On Roadway,Rear-end (front to rear),Improper Backing,None Indicated,,Daylight,Dry,Clear,None apparent,Intersection:  Y-intersection,Paved,,Property Damage Only,0,0,0,0,0,0,5300,2,2,,POINT (-92.326538488833 42.496417526173)
2014793730,14007061,03/31/2014,03-March,2-Monday,05:35,0500 Hours,District 5 (Southeast),,MAHASKA,,Co Rd T33/OLD HWY 102,Collision with fixed object:  Bridge overhead structure,On Roadway,Non-collision (single vehicle),Ran off road - right,None Indicated,,Dark - roadway not lighted,Dry,Clear,None apparent,Non-intersection:  Other non-intersection (explain in narrative),Paved,,Possible/Unknown,0,1,0,0,1,0,3500,1,1,,POINT (-92.816387388172 41.439816480434)
2014793420,2014-19307,03/31/2014,03-March,2-Monday,16:24,1600 Hours,District 6 (East Central),DAVENPORT,SCOTT,,W 16TH ST & MAIN ST,Collision with:  Vehicle in traffic,On Roadway,Broadside (front to side),FTYROW:  From stop sign,None Indicated,,Daylight,Dry,Clear,None apparent,Intersection:  Other intersection (explain in narrative),Paved,,Property Damage Only,0,0,0,0,0,0,4000,2,3,,POINT (-90.575537722629 41.535880944743)
2014793694,2014003434,03/31/2014,03-March,2-Monday,11:58,1100 Hours,District 6 (East Central),IOWA CITY,JOHNSON,,LAKESIDE DR,Collision with:  Vehicle in traffic,On Roadway,Broadside (front to side),FTYROW:  From stop sign,None Indicated,,Daylight,Dry,Clear,None apparent,Intersection:  Four-way intersection,Paved,,Property Damage Only,0,0,0,0,0,0,3500,2,3,,POINT (-91.498053686843 41.634806597301)
2014793219,20140008594,04/01/2014,04-April,3-Tuesday,16:52,1600 Hours,District 1 (Central),DES MOINES,POLK,,FLEUR DR,Collision with:  Vehicle in traffic,On Roadway,Rear-end (front to rear),Followed too close,None Indicated,,Daylight,Dry,Cloudy,None apparent,Non-intersection:  Non-junction/no special feature,Paved,,Possible/Unknown,0,1,0,0,1,0,1100,2,5,,POINT (-93.644889258916 41.576490737527)
2014793362,20140008590,04/01/2014,04-April,3-Tuesday,16:50,1600 Hours,District 1 (Central),DES MOINES,POLK,,MULBERRY ST,Collision with:  Vehicle in traffic,On Roadway,Rear-end (front to rear),Followed too close,None Indicated,,Daylight,Dry,Clear,None apparent,Non-intersection:  Non-junction/no special feature,Paved,,Property Damage Only,0,0,0,0,0,0,1600,2,3,,POINT (-93.624997309364 41.584833226439)
2014793063,2014-0683,04/01/2014,04-April,3-Tuesday,18:30,1800 Hours,District 1 (Central),JEFFERSON,GREENE,,E MONROE ST & S OLIVE ST,Collision with:  Vehicle in traffic,On Roadway,Broadside (front to side),FTYROW:  At uncontrolled intersection,None Indicated,,Daylight,Dry,Clear,None apparent,Non-intersection:  Non-junction/no special feature,Paved,,Minor Injury,0,1,0,1,0,0,5000,2,7,,POINT (-94.3707531453 42.013311598283)
2014793635,040114-109,04/01/2014,04-April,3-Tuesday,11:19,1100 Hours,District 3 (Northwest),ALTA,BUENA VISTA,IA 10,IA 10/460TH ST & 200TH AVE,Collision with:  Vehicle in traffic,On Roadway,Broadside (front to side),FTYROW:  From stop sign,None Indicated,,Daylight,Dry,Clear,None apparent,Intersection:  Four-way intersection,Paved,,Property Damage Only,0,0,0,0,0,0,4300,2,2,,POINT (-95.012254065566 42.850948062863)
2014797331,14-008977,04/01/2014,04-April,3-Tuesday,21:40,2100 Hours,District 5 (Southeast),,LEE,IA 27,IA 27/IOWA 27,Collision with:  Animal,,Non-collision (single vehicle),Animal,None Indicated,,,,,,,Paved,,Property Damage Only,0,0,0,0,0,0,3500,1,1,,POINT (-91.565078538011 40.549505045808)
2014793393,14-012537,04/01/2014,04-April,3-Tuesday,16:50,1600 Hours,District 4 (Southwest),COUNCIL BLUFFS,POTTAWATTAMIE,I-29,I-29,Collision with fixed object:  Ditch,On Roadway,Non-collision (single vehicle),Driver Distraction:  Manual operation of an electronic communication device,None Indicated,,Daylight,Dry,Clear,None apparent,Interchange-related:  On-ramp merge area,Paved,,Possible/Unknown,0,1,0,0,1,0,1500,1,2,,POINT (-95.857151288459 41.232398399443)
2014792987,14-0928,04/01/2014,04-April,3-Tuesday,07:55,0700 Hours,District 1 (Central),FORT DODGE,WEBSTER,,6TH AVE N,Collision with:  Vehicle in traffic,On Roadway,"Angle, oncoming left turn",Made improper turn,None Indicated,,Daylight,Dry,Clear,None apparent,Non-intersection:  Non-junction/no special feature,Paved,,Property Damage Only,0,0,0,0,0,0,4000,2,5,,POINT (-94.167497212657 42.511982787643)
2014809997,2014-001732,04/01/2014,04-April,3-Tuesday,16:41,1600 Hours,District 6 (East Central),VINTON,BENTON,,Co Rd E24/61 ST LN,Collision with fixed object:  Ditch,Outside trafficway,Non-collision (single vehicle),Ran off road - right,None Indicated,,Daylight,Dry,Cloudy,None apparent,Non-intersection:  Non-junction/no special feature,Paved,,Possible/Unknown,0,1,0,0,1,0,14000,1,2,,POINT (-92.007660368528 42.155680519382)
2014793446,2014-071,04/01/2014,04-April,3-Tuesday,10:35,1000 Hours,District 4 (Southwest),GRANGER,DALLAS,IA 141,IA 141/IOWA 141 & XAVIER AVE,Collision with:  Vehicle in traffic,On Roadway,Broadside (front to side),FTYROW:  From yield sign,None Indicated,,Daylight,Dry,Clear,None apparent,Intersection:  Four-way intersection,Paved,,Minor Injury,0,1,0,1,0,0,15000,2,2,,POINT (-93.824785105185 41.757257018804)
2014793279,W14-031506,04/01/2014,04-April,3-Tuesday,19:05,1900 Hours,District 2 (Northeast),WATERLOO,BLACK HAWK,US 63,US 63/E MULLAN AVE & CONGER ST & NEWELL ST,Collision with:  Vehicle in traffic,On Roadway,Rear-end (front to rear),Driver Distraction:  Inattentive/lost in thought,None Indicated,,Daylight,Dry,Clear,None apparent,Intersection:  Four-way intersection,Paved,,Possible/Unknown,0,2,0,0,2,0,1500,2,3,,POINT (-92.336717883559 42.513164673399)
2014793058,02-14-5212,04/01/2014,04-April,3-Tuesday,06:49,0600 Hours,District 6 (East Central),,DUBUQUE,US 52,US 52,Collision with fixed object:  Ditch,Shoulder,Non-collision (single vehicle),Ran off road - right,None Indicated,,Dawn,Dry,Cloudy,None apparent,Non-intersection:  Non-junction/no special feature,Paved,,Possible/Unknown,0,1,0,0,1,0,3000,1,1,,POINT (-91.025967353147 42.597552995245)
2014793678,141415,04/01/2014,04-April,3-Tuesday,21:14,2100 Hours,District 1 (Central),,HARDIN,IA 175,IA 175/IOWA 175,Collision with:  Animal,,,Animal,None Indicated,,,,,,,Paved,,Property Damage Only,0,0,0,0,0,0,2000,1,1,,POINT (-93.149244578934 42.360876691816)
2014795488,14-7789,04/01/2014,04-April,3-Tuesday,01:27,0100 Hours,District 1 (Central),NEWTON,JASPER,US 6,US 6/1ST AVE E,Collision with fixed object:  Utility pole/light support,Outside trafficway,Non-collision (single vehicle),Exceeded authorized speed,None Indicated,,Dark - roadway lighted,Dry,Clear,None apparent,Non-intersection:  Non-junction/no special feature,Paved,,Property Damage Only,0,0,0,0,0,0,6500,1,1,,POINT (-93.044756223551 41.699356808964)
2014793531,2014-6324,04/01/2014,04-April,3-Tuesday,23:34,2300 Hours,District 6 (East Central),,SCOTT,US 67,US 67/GREAT RIVER RD,Collision with:  Animal,,,Animal,None Indicated,,,,,,,Paved,,Property Damage Only,0,0,0,0,0,0,1501,1,1,,POINT (-90.359808466783 41.701604487827)
2014794385,201401001,04/01/2014,04-April,3-Tuesday,13:54,1300 Hours,District 6 (East Central),,LINN,,Co Rd E34/COUNTY HOME RD & Co Rd W58/N ALBURNETT RD,Collision with:  Vehicle in traffic,On Roadway,Rear-end (front to rear),FTYROW:  Other (explain in narrative),Refused,,Daylight,Dry,Cloudy,None apparent,Intersection:  Four-way intersection,Paved,,Possible/Unknown,0,1,0,0,1,0,3000,2,2,,POINT (-91.619056755614 42.094615481121)
2014793563,14-9650,04/01/2014,04-April,3-Tuesday,16:40,1600 Hours,District 3 (Northwest),SIOUX CITY,WOODBURY,,14TH ST & GRANDVIEW BLVD,Collision with:  Vehicle in traffic,On Roadway,Broadside (front to side),FTYROW:  From stop sign,None Indicated,,Daylight,Dry,Cloudy,None apparent,Intersection:  Four-way intersection,Paved,,Minor Injury,0,1,0,1,0,0,2300,2,3,,POINT (-96.407996462318 42.505041171275)
2014793365,14-0699,04/01/2014,04-April,3-Tuesday,15:07,1500 Hours,District 1 (Central),URBANDALE,POLK,I-35,I-35 & MEREDITH DR,Collision with:  Vehicle in traffic,On Roadway,"Sideswipe, same direction",FTYROW:  Other (explain in narrative),None Indicated,,Daylight,Dry,Clear,None apparent,Non-intersection:  Non-junction/no special feature,Paved,,Property Damage Only,0,0,0,0,0,0,1600,2,2,,POINT (-93.77698855175 41.643993390062)
2014793450,AC-14-0018,04/01/2014,04-April,3-Tuesday,08:50,0800 Hours,District 6 (East Central),,JONES,,148 ST,Collision with fixed object:  Ditch,On Roadway,Non-collision (single vehicle),Swerving/Evasive Action,None Indicated,,Daylight,Dry,Clear,None apparent,Non-intersection:  Non-junction/no special feature,Unpaved,,Property Damage Only,0,0,0,0,0,0,5000,1,1,,POINT (-91.058857806956 42.147141815288)
2014793084,14006567,04/01/2014,04-April,3-Tuesday,18:39,1800 Hours,District 6 (East Central),MARION,LINN,IA 13,IA 13/IOWA 13 & 29TH AVE & FERNOW RD,Collision with:  Vehicle in traffic,On Roadway,"Angle, oncoming left turn",FTYROW:  From yield sign,None Indicated,,Dusk,Dry,Cloudy,None apparent,Intersection:  Four-way intersection,Paved,,Property Damage Only,0,0,0,0,0,0,3200,2,2,,POINT (-91.550320491569 42.050168300572)
2014793391,14-012485,04/01/2014,04-April,3-Tuesday,08:39,0800 Hours,District 4 (Southwest),COUNCIL BLUFFS,POTTAWATTAMIE,,6TH AVE,Collision with:  Parked motor vehicle,On Roadway,"Sideswipe, same direction",Over correcting/over steering,None Indicated,,Daylight,Dry,Clear,None apparent,Non-intersection:  Non-junction/no special feature,Paved,,Property Damage Only,0,0,0,0,0,0,4000,2,2,,POINT (-95.897760907293 41.256384343763)
2014793318,2014003469,04/01/2014,04-April,3-Tuesday,14:42,1400 Hours,District 6 (East Central),IOWA CITY,JOHNSON,,E BENTON ST & S CLINTON ST,Collision with:  Vehicle in traffic,On Roadway,Broadside (front to side),Traveling wrong way or on wrong side of road,None Indicated,,Daylight,Dry,Cloudy,None apparent,Intersection:  Four-way intersection,Paved,,Property Damage Only,0,0,0,0,0,0,2000,2,2,,POINT (-91.534734445607 41.651105196108)
2014792953,14-1525,04/01/2014,04-April,3-Tuesday,12:15,1200 Hours,District 1 (Central),WEST DES MOINES,POLK,I-35,I-35,Non-collision events:  Other non-collision (explain in narrative),Median,Non-collision (single vehicle),Ran off road - left,None Indicated,,Daylight,Dry,Clear,None apparent,Non-intersection:  Non-junction/no special feature,Paved,,Property Damage Only,0,0,0,0,0,0,2000,1,2,,POINT (-93.777088855591 41.570340951006)
2014793335,201404533,04/01/2014,04-April,3-Tuesday,17:40,1700 Hours,District 6 (East Central),CEDAR RAPIDS,LINN,I-380,I-380,Non-collision events:  Overturn/rollover,Shoulder,Non-collision (single vehicle),Ran off road - right,None Indicated,,Daylight,Snow,Cloudy,None apparent,Non-intersection:  Non-junction/no special feature,Paved,,Property Damage Only,0,0,0,0,0,0,50000,1,1,,POINT (-91.671841300042 41.901789915986)
2014798710,S14-D0101,04/01/2014,04-April,3-Tuesday,22:40,2200 Hours,District 5 (Southeast),,CLARKE,US 69,US 69,Collision with:  Animal,,,Animal,None Indicated,,,,,,,Paved,,Property Damage Only,0,0,0,0,0,0,1500,1,1,,POINT (-93.758418545745 41.076099910655)
2014793275,14031328,04/01/2014,04-April,3-Tuesday,07:48,0700 Hours,District 2 (Northeast),CEDAR FALLS,BLACK HAWK,,8TH ST & COLLEGE ST,Collision with:  Vehicle in traffic,On Roadway,Broadside (front to side),FTYROW:  From stop sign,None Indicated,,Daylight,Dry,Clear,None apparent,Intersection:  Four-way intersection,Paved,,Property Damage Only,0,0,0,0,0,0,2500,2,2,,POINT (-92.456000310117 42.531453365039)
2014793313,14045928,04/01/2014,04-April,3-Tuesday,15:27,1500 Hours,District 6 (East Central),SOLON,JOHNSON,,180TH ST,Collision with:  Vehicle in traffic,On Roadway,Rear-end (front to rear),Other (explain in narrative):  Other,None Indicated,,Daylight,Dry,Cloudy,None apparent,Non-intersection:  Non-junction/no special feature,Paved,,Possible/Unknown,0,2,0,0,2,0,13000,3,5,,POINT (-91.499589507716 41.802262171632)
2014793276,14031385,04/01/2014,04-April,3-Tuesday,11:10,1100 Hours,District 2 (Northeast),CEDAR FALLS,BLACK HAWK,,UNIVERSITY AVE & N S FRONTAGE CONN,Collision with:  Vehicle in traffic,On Roadway,"Angle, oncoming left turn",FTYROW:  Making left turn,None Indicated,,Daylight,Dry,Clear,None apparent,Intersection:  Four-way intersection,Paved,,Minor Injury,0,1,0,1,0,0,5000,2,3,,POINT (-92.428880387173 42.513048636255)
2014793421,2014-19629,04/01/2014,04-April,3-Tuesday,17:22,1700 Hours,District 6 (East Central),DAVENPORT,SCOTT,I-74,I-74 & US 6/SPRUCE HILLS DR,Collision with:  Vehicle in traffic,On Roadway,Rear-end (front to rear),Followed too close,None Indicated,,Daylight,Dry,Cloudy,None apparent,Non-intersection:  Non-junction/no special feature,Paved,,Possible/Unknown,0,1,0,0,1,0,2000,2,2,,POINT (-90.524504423119 41.554886245302)
2014793220,20140008604,04/01/2014,04-April,3-Tuesday,18:40,1800 Hours,District 1 (Central),DES MOINES,POLK,,FRANKLIN AVE & 2ND AVE,Collision with:  Vehicle in traffic,On Roadway,Rear-end (front to rear),Followed too close,None Indicated,,Daylight,Dry,Clear,None apparent,Non-intersection:  Non-junction/no special feature,Paved,,Property Damage Only,0,0,0,0,0,0,1600,2,2,,POINT (-93.619863331694 41.611243216769)
2014793756,2014040101,04/01/2014,04-April,3-Tuesday,07:12,0700 Hours,District 4 (Southwest),SHENANDOAH,PAGE,,W THOMAS AVE & S PEAR ST,Collision with:  Vehicle in traffic,On Roadway,Broadside (front to side),FTYROW:  From yield sign,None Indicated,,Dawn,Dry,Clear,None apparent,Intersection:  T-intersection,Paved,,Property Damage Only,0,0,0,0,0,0,5000,2,2,,POINT (-95.367354530214 40.765030974356)
2014793400,2014-19487,04/01/2014,04-April,3-Tuesday,07:25,0700 Hours,District 6 (East Central),DAVENPORT,SCOTT,,N DIVISION ST,Collision with:  Vehicle in traffic,On Roadway,Rear-end (front to rear),Followed too close,None Indicated,,Daylight,Dry,Cloudy,None apparent,Non-intersection:  Non-junction/no special feature,Paved,,Property Damage Only,0,0,0,0,0,0,4000,2,2,,POINT (-90.60120599572 41.53413191142)
2014795496,2014003460,04/01/2014,04-April,3-Tuesday,09:40,0900 Hours,District 6 (East Central),IOWA CITY,JOHNSON,,S CLINTON ST,Collision with:  Vehicle in traffic,On Roadway,"Sideswipe, same direction",Other (explain in narrative):  No improper action,None Indicated,,Daylight,Dry,Clear,None apparent,Non-intersection:  Non-junction/no special feature,Paved,,Property Damage Only,0,0,0,0,0,0,4000,2,2,,POINT (-91.534654987127 41.658318679134)
2014792954,14-1524,04/01/2014,04-April,3-Tuesday,11:29,1100 Hours,District 1 (Central),WEST DES MOINES,POLK,,UNIVERSITY AVE,Collision with:  Vehicle in traffic,On Roadway,Rear-end (front to rear),Followed too close,None Indicated,,Daylight,Dry,Clear,None apparent,Non-intersection:  Non-junction/no special feature,Paved,,Property Damage Only,0,0,0,0,0,0,5000,2,2,,POINT (-93.755106463761 41.600463465378)
2014793065,C14000996,04/01/2014,04-April,3-Tuesday,08:34,0800 Hours,District 6 (East Central),CORALVILLE,JOHNSON,US 6,US 6/2ND ST & 6TH AVE,Collision with:  Vehicle in traffic,On Roadway,Head-on (front to front),Driver Distraction:  Inattentive/lost in thought,None Indicated,,Daylight,Dry,Cloudy,None apparent,Non-intersection:  Non-junction/no special feature,Paved,,Possible/Unknown,0,1,0,0,1,0,12000,3,3,,POINT (-91.574307658403 41.671616211041)
2014793278,W14-031426,04/01/2014,04-April,3-Tuesday,14:32,1400 Hours,District 2 (Northeast),WATERLOO,BLACK HAWK,,SHOPPERS BLVD & E SAN MARNAN DR,Collision with:  Vehicle in traffic,On Roadway,Broadside (front to side),Ran Traffic Signal,None Indicated,,Daylight,Dry,Clear,None apparent,Intersection:  T-intersection,Paved,,Possible/Unknown,0,3,0,0,3,0,18000,2,4,,POINT (-92.351901045762 42.457424273538)
2014794312,2014020615,04/01/2014,04-April,3-Tuesday,12:00,1200 Hours,District 6 (East Central),,CEDAR,I-80,I-80,Collision with fixed object:  Guardrail - face,On Roadway,Non-collision (single vehicle),Ran off road - left,None Indicated,,Daylight,Dry,Clear,None apparent,Non-intersection:  Non-junction/no special feature,Paved,,Property Damage Only,0,0,0,0,0,0,12000,1,1,,POINT (-90.975162921711 41.633564940365)
2014793320,2014003486,04/01/2014,04-April,3-Tuesday,19:20,1900 Hours,District 6 (East Central),IOWA CITY,JOHNSON,,JOHNSON ST,Collision with:  Vehicle in traffic,On Roadway,Head-on (front to front),Unknown,None Indicated,,Dusk,Dry,Cloudy,None apparent,Non-intersection:  Non-junction/no special feature,Paved,,Property Damage Only,0,0,0,0,0,0,3000,2,1,,POINT (-91.527272280791 41.657107453537)
2014793558,14-9609,04/01/2014,04-April,3-Tuesday,08:00,0800 Hours,District 3 (Northwest),SIOUX CITY,WOODBURY,,W 3RD ST,Collision with:  Parked motor vehicle,On Roadway,"Sideswipe, same direction",Other (explain in narrative):  Vision obstructed,None Indicated,,Daylight,Dry,Clear,None apparent,Non-intersection:  Non-junction/no special feature,Paved,,Property Damage Only,0,0,0,0,0,0,7000,2,1,,POINT (-96.434457493707 42.499126790236)
2014793917,14-031326,04/01/2014,04-April,3-Tuesday,07:31,0700 Hours,District 2 (Northeast),,BLACK HAWK,US 218,US 218,Collision with:  Vehicle in traffic,On Roadway,Rear-end (front to rear),Followed too close,None Indicated,,Daylight,Dry,Cloudy,None apparent,Intersection:  T-intersection,Paved,,Minor Injury,0,2,0,2,0,0,100000,2,2,,POINT (-92.257097590075 42.39974244749)
2014794747,2014-19679,04/01/2014,04-April,3-Tuesday,20:38,2000 Hours,District 6 (East Central),DAVENPORT,SCOTT,,IA 461/BRADY ST & E 53RD ST,Collision with:  Vehicle in traffic,On Roadway,Broadside (front to side),Ran Traffic Signal,None Indicated,,Dark - roadway lighted,Dry,Clear,None apparent,Intersection:  Four-way intersection,Paved,,Minor Injury,0,4,0,4,0,0,10000,2,4,,POINT (-90.56963083359 41.574519655131)
2014793621,W14-031517,04/01/2014,04-April,3-Tuesday,20:20,2000 Hours,District 2 (Northeast),WATERLOO,BLACK HAWK,US 63,US 63/SERGEANT RD & ANSBOROUGH AVE,Collision with:  Vehicle in traffic,On Roadway,Rear-end (front to rear),"Operating vehicle in an reckless, erratic, careless, negligent manner",None Indicated,,Daylight,Dry,Clear,None apparent,Intersection:  Four-way intersection,Paved,,Possible/Unknown,0,1,0,0,1,0,3750,2,2,,POINT (-92.376954141744 42.483274977337)
2014793352,14-0353,04/01/2014,04-April,3-Tuesday,07:00,0700 Hours,District 1 (Central),CLIVE,POLK,,NW 114TH ST & UNIVERSITY AVE & 50TH ST,Collision with:  Vehicle in traffic,On Roadway,"Angle, oncoming left turn",FTYROW:  Making left turn,None Indicated,,Daylight,Dry,Clear,None apparent,Intersection:  Four-way intersection,Paved,,Minor Injury,0,1,0,1,0,0,5500,2,2,,POINT (-93.771353908612 41.600436665341)
2014793337,201404539,04/01/2014,04-April,3-Tuesday,21:00,2100 Hours,District 6 (East Central),CEDAR RAPIDS,LINN,,17TH ST NE,Collision with fixed object:  Curb/island/raised median,Shoulder,Non-collision (single vehicle),Ran off road - left,None Indicated,,Dark - roadway lighted,Dry,Clear,None apparent,Non-intersection:  Non-junction/no special feature,Paved,,Possible/Unknown,0,1,0,0,1,0,4500,1,1,,POINT (-91.654283630774 41.996630842295)
2014792921,14-007799,04/01/2014,04-April,3-Tuesday,06:50,0600 Hours,District 1 (Central),,JASPER,,Co Rd F62/HWY F-62 E,Collision with:  Animal,On Roadway,Non-collision (single vehicle),Animal,None Indicated,,Dawn,Dry,Clear,None apparent,Non-intersection:  Non-junction/no special feature,Paved,,Property Damage Only,0,0,0,0,0,0,10000,1,2,,POINT (-92.995609359255 41.580650093289)
2014793645,14004937,04/01/2014,04-April,3-Tuesday,12:31,1200 Hours,District 2 (Northeast),MASON CITY,CERRO GORDO,IA 122,IA 122/6TH ST SW & S JEFFERSON AVE,Collision with:  Vehicle in traffic,On Roadway,Broadside (front to side),Ran Traffic Signal,None Indicated,,Daylight,Dry,Clear,None apparent,Intersection:  Four-way intersection,Paved,,Property Damage Only,0,0,0,0,0,0,1600,2,3,,POINT (-93.205952857489 43.146291407189)
2014794560,20141089,04/01/2014,04-April,3-Tuesday,12:00,1200 Hours,District 1 (Central),,GRUNDY,US 20,US 20,Collision with fixed object:  Ditch,On Roadway,Non-collision (single vehicle),Swerving/Evasive Action,None Indicated,,Daylight,Dry,Clear,None apparent,Non-intersection:  Non-junction/no special feature,Paved,,Major Injury,0,2,2,0,0,0,3500,1,2,,POINT (-92.929538261327 42.46279222664)
2014793223,20140008631,04/01/2014,04-April,3-Tuesday,22:10,2200 Hours,District 1 (Central),DES MOINES,POLK,,HICKMAN RD & 26TH ST,Collision with:  Vehicle in traffic,On Roadway,Rear-end (front to rear),Unknown,None Indicated,,Unknown,Dry,Unknown,None apparent,Non-intersection:  Non-junction/no special feature,Paved,,Property Damage Only,0,0,0,0,0,0,1505,2,2,,POINT (-93.651706023905 41.61499425283)
2014793953,14-7830,04/01/2014,04-April,3-Tuesday,15:48,1500 Hours,District 1 (Central),NEWTON,JASPER,US 6,US 6/1ST AVE W & W 4TH ST S & W 4TH ST N,Collision with:  Vehicle in traffic,On Roadway,Rear-end (front to rear),Ran Traffic Signal,None Indicated,,Daylight,Dry,Cloudy,None apparent,Intersection:  Four-way intersection,Paved,,Possible/Unknown,0,1,0,0,0,1,2700,2,3,,POINT (-93.057447724293 41.699531308116)
2014793319,2014003477,04/01/2014,04-April,3-Tuesday,16:44,1600 Hours,District 6 (East Central),IOWA CITY,JOHNSON,IA 1,IA 1/E BURLINGTON ST/GOVERNOR ST,Collision with:  Vehicle in traffic,On Roadway,"Sideswipe, same direction",Improper or erratic lane changing,None Indicated,,Daylight,Dry,Cloudy,None apparent,Intersection:  Four-way intersection,Paved,,Property Damage Only,0,0,0,0,0,0,4000,2,2,,POINT (-91.522885257423 41.657780702463)
2014793356,20140008616,04/01/2014,04-April,3-Tuesday,20:40,2000 Hours,District 1 (Central),DES MOINES,POLK,,E ARMY POST RD,Non-collision events:  Other non-collision (explain in narrative),On Roadway,Non-collision (single vehicle),Other (explain in narrative):  No improper action,None Indicated,,Dark - roadway not lighted,Dry,Cloudy,None apparent,Non-intersection:  Non-junction/no special feature,Paved,,Property Damage Only,0,0,0,0,0,0,2500,1,2,,POINT (-93.541856270795 41.525734765566)