Iowa DOT Case Number,Law Enforcement Case Number,Date of Crash,Month of Crash,Day of Week,Time of Crash,Hour,DOT District,City Name,County Name,Route with System,Location Description,First Harmful Event,Location of First Harmful Event,Manner of Crash/Collision,Major Cause,Drug or Alcohol ,Environmental Conditions,Light Conditions,Surface Conditions,Weather Conditions,Roadway Contribution,Roadway Type,Roadway Surface,Work Zone,Crash Severity,Number of Fatalities,Number of Injuries,Number of Major Injuries,Number of Minor Injuries,Number of Possible Injuries,Number of Unknown Injuries,Amount of Property Damage,Number of Vehicles Involved,Total Number of Occupants,Travel Direction,Location
2014793526,14-012780,04/03/2014,04-April,5-Thursday,09:45,0900 Hours,District 4 (Southwest),COUNCIL BLUFFS,POTTAWATTAMIE,US 6,US 6/KANESVILLE BLVD & FRANK ST,Collision with:  Vehicle in traffic,On Roadway,"Angle, oncoming left turn",FTYROW:  Making left turn,None Indicated,,Daylight,Wet,Rain,None apparent,Intersection:  Four-way intersection,Paved,,Property Damage Only,0,0,0,0,0,0,4000,2,2,,POINT (-95.84032059222 41.266886276929)
2014797204,,04/03/2014,04-April,5-Thursday,19:25,1900 Hours,District 3 (Northwest),,CHEROKEE,,Co Rd L36/D AVE,Collision with fixed object:  Other fixed object (explain in narrative),On Roadway,Non-collision (single vehicle),Ran off road - left,None Indicated,,Dark - roadway not lighted,Snow,Snow,None apparent,Non-intersection:  Non-junction/no special feature,Paved,,Property Damage Only,0,0,0,0,0,0,2750,1,1,,POINT (-95.799871675544 42.804294446547)
2014793518,20140008831,04/03/2014,04-April,5-Thursday,18:46,1800 Hours,District 1 (Central),DES MOINES,POLK,,E ROSE AVE & INDIANOLA AVE,Collision with:  Vehicle in traffic,On Roadway,Broadside (front to side),FTYROW:  From driveway,None Indicated,,Dusk,Wet,Rain,None apparent,Non-intersection:  Driveway access (within),Paved,,Possible/Unknown,0,1,0,0,1,0,3000,2,5,,POINT (-93.593181586935 41.549459010489)
2014793509,20140008781,04/03/2014,04-April,5-Thursday,11:14,1100 Hours,District 1 (Central),DES MOINES,POLK,,SCANDIA AVE & SE 5TH ST,Collision with:  Vehicle in traffic,On Roadway,Rear-end (front to rear),Followed too close,None Indicated,,Daylight,Dry,Cloudy,None apparent,Intersection:  T-intersection,Paved,,Property Damage Only,0,0,0,0,0,0,4500,2,5,,POINT (-93.606493621552 41.54332764292)
2014793515,20140008815,04/03/2014,04-April,5-Thursday,16:25,1600 Hours,District 1 (Central),DES MOINES,POLK,,PARK AVE & SW 9TH ST,Collision with:  Vehicle in traffic,On Roadway,Rear-end (front to rear),"Operating vehicle in an reckless, erratic, careless, negligent manner",None Indicated,,Daylight,Wet,Rain,None apparent,Non-intersection:  Non-junction/no special feature,Paved,,Property Damage Only,0,0,0,0,0,0,1700,2,2,,POINT (-93.625829776341 41.555491990982)
2014793459,14-5522,04/03/2014,04-April,5-Thursday,22:17,2200 Hours,District 2 (Northeast),,BREMER,,Co Rd C33/190TH ST,Collision with:  Animal,,,Animal,None Indicated,,,,,,,Paved,,Property Damage Only,0,0,0,0,0,0,6000,1,1,,POINT (-92.403134022502 42.773431802858)
2014793525,14-012777,04/03/2014,04-April,5-Thursday,09:11,0900 Hours,District 4 (Southwest),COUNCIL BLUFFS,POTTAWATTAMIE,US 6,US 6/KANESVILLE BLVD,Collision with:  Vehicle in traffic,On Roadway,Broadside (front to side),Ran Traffic Signal,None Indicated,,Daylight,Wet,Cloudy,None apparent,Intersection:  Four-way intersection,Paved,,Property Damage Only,0,0,0,0,0,0,15000,2,2,,POINT (-95.851879710761 41.262052088156)
2014793648,14-004490,04/03/2014,04-April,5-Thursday,18:20,1800 Hours,District 3 (Northwest),,CLAY,US 18,US 18,Non-collision events:  Other non-collision (explain in narrative),On Roadway,Non-collision (single vehicle),Swerving/Evasive Action,None Indicated,,Daylight,Ice/frost,"Sleet, hail","Surface condition (e.g., wet, icy)",Non-intersection:  Non-junction/no special feature,Paved,,Property Damage Only,0,0,0,0,0,0,1500,1,3,,POINT (-95.343671951708 43.183769763858)
2014799695,W-14-00602,04/03/2014,04-April,5-Thursday,17:38,1700 Hours,District 2 (Northeast),WAUKON,ALLAMAKEE,IA 76,IA 76/W MAIN ST & 1ST ST SW & 1ST ST NW,Collision with:  Vehicle in traffic,On Roadway,Rear-end (front to rear),Followed too close,None Indicated,,Daylight,Dry,Clear,None apparent,Intersection:  Four-way intersection,Paved,,Property Damage Only,0,0,0,0,0,0,3100,2,2,,POINT (-91.477649382316 43.269255788373)
2014793492,201404650,04/03/2014,04-April,5-Thursday,22:53,2200 Hours,District 6 (East Central),CEDAR RAPIDS,LINN,,F AVE NW,Collision with fixed object:  Ditch,Outside trafficway,Non-collision (single vehicle),Ran off road - right,None Indicated,,Dark - roadway not lighted,Wet,Rain,None apparent,Non-intersection:  Non-junction/no special feature,Paved,,Minor Injury,0,1,0,1,0,0,5000,1,1,,POINT (-91.695823062409 41.979790985898)
2014794444,14-3710,04/03/2014,04-April,5-Thursday,15:39,1500 Hours,District 3 (Northwest),,SIOUX,US 18,US 18/320TH ST,Collision with fixed object:  Traffic sign support,On Roadway,Non-collision (single vehicle),Driving too fast for conditions,None Indicated,,Daylight,Slush,Snow,None apparent,Non-intersection:  Non-junction/no special feature,Paved,,Minor Injury,0,1,0,1,0,0,2100,1,2,,POINT (-96.112893514345 43.18580692726)
2014793925,S14-032132,04/03/2014,04-April,5-Thursday,01:00,0100 Hours,District 2 (Northeast),LA PORTE CITY,BLACK HAWK,US 218,US 218 & MILLER CREEK RD,Collision with fixed object:  Ditch,On Roadway,Non-collision (single vehicle),Swerving/Evasive Action,None Indicated,,Dark - roadway not lighted,Dry,Clear,None apparent,Intersection:  T-intersection,Paved,,Property Damage Only,0,0,0,0,0,0,4200,1,1,,POINT (-92.246013578046 42.38471115326)
2014798880,032-037-14,04/03/2014,04-April,5-Thursday,07:59,0700 Hours,District 3 (Northwest),ESTHERVILLE,EMMET,,S 17TH ST,Collision with:  Vehicle in traffic,On Roadway,Broadside (front to side),Improper Backing,None Indicated,,Daylight,Wet,Rain,None apparent,Non-intersection:  Non-junction/no special feature,Paved,,Property Damage Only,0,0,0,0,0,0,1700,2,2,,POINT (-94.821799665767 43.400185003262)
2014794374,14-005118,04/03/2014,04-April,5-Thursday,23:31,2300 Hours,District 5 (Southeast),,HENRY,,Co Rd J6W/AGENCY RD & Co Rd W55/FRANKLIN AVE,Collision with fixed object:  Ditch,Shoulder,Non-collision (single vehicle),Driving too fast for conditions,None Indicated,,Dark - roadway not lighted,Wet,"Fog, smoke, smog",None apparent,Non-intersection:  Non-junction/no special feature,Paved,,Minor Injury,0,1,0,1,0,0,5050,1,1,,POINT (-91.621711143497 40.857576141055)
2014796456,14-009118,04/03/2014,04-April,5-Thursday,06:13,0600 Hours,District 5 (Southeast),,LEE,US 218,US 218,Collision with:  Animal,,,Animal,None Indicated,,,,,,,Paved,,Property Damage Only,0,0,0,0,0,0,1500,1,1,,POINT (-91.525916876864 40.583442244913)
2014795687,BP14000269,04/03/2014,04-April,5-Thursday,16:00,1600 Hours,District 2 (Northeast),BELMOND,WRIGHT,,2ND AVE SE,Collision with:  Vehicle in traffic,On Roadway,Broadside (front to side),FTYROW:  From driveway,None Indicated,,Daylight,Wet,Rain,None apparent,Non-intersection:  Driveway access (within),Paved,,Property Damage Only,0,0,0,0,0,0,2700,2,2,,POINT (-93.614202398145 42.845436974274)
2014793508,20140008765,04/03/2014,04-April,5-Thursday,08:07,0800 Hours,District 1 (Central),DES MOINES,POLK,,LAUREL ST & 6TH AVE,Collision with:  Vehicle in traffic,On Roadway,Broadside (front to side),Ran Traffic Signal,None Indicated,,Daylight,Dry,Cloudy,None apparent,Intersection:  Four-way intersection,Paved,,Property Damage Only,0,0,0,0,0,0,8332,2,3,,POINT (-93.625658368869 41.597385732884)
2014793513,20140008800,04/03/2014,04-April,5-Thursday,14:53,1400 Hours,District 1 (Central),DES MOINES,POLK,I-235,I-235,Collision with:  Vehicle in traffic,On Roadway,Rear-end (front to rear),Swerving/Evasive Action,None Indicated,,Daylight,Wet,Rain,None apparent,Interchange-related:  Off-ramp,Paved,,Property Damage Only,0,0,0,0,0,0,2400,2,2,,POINT (-93.639040237304 41.596438426134)
2014793758,SO14000772,04/03/2014,04-April,5-Thursday,17:35,1700 Hours,District 3 (Northwest),,PLYMOUTH,,Co Rd C38/C38 & Co Rd K42,Collision with fixed object:  Other fixed object (explain in narrative),On Roadway,Non-collision (single vehicle),Ran off road - right,None Indicated,,Daylight,Slush,Snow,"Surface condition (e.g., wet, icy)",Non-intersection:  Non-junction/no special feature,Paved,,Property Damage Only,0,0,0,0,0,0,5100,1,1,,POINT (-96.272524609119 42.749673836785)
2014793353,14-0363,04/03/2014,04-April,5-Thursday,01:56,0100 Hours,District 1 (Central),CLIVE,POLK,,NW 86TH ST,Collision with:  Vehicle in traffic,On Roadway,Rear-end (front to rear),Followed too close,Alcohol (Statutory),,Dark - roadway lighted,Wet,Rain,None apparent,Intersection:  Four-way intersection,Paved,,Property Damage Only,0,0,0,0,0,0,1500,2,3,,POINT (-93.73616432362 41.600955617332)
2014793752,14-013718,04/03/2014,04-April,5-Thursday,11:41,1100 Hours,District 5 (Southeast),MUSCATINE,MUSCATINE,,PLAZA PL & HARRISON ST,Collision with:  Vehicle in traffic,On Roadway,Rear-end (front to rear),Followed too close,None Indicated,,Daylight,Wet,Cloudy,None apparent,Intersection:  Four-way intersection,Paved,,Possible/Unknown,0,1,0,0,1,0,300,2,2,,POINT (-91.028904817244 41.444313055734)
2014793703,201401034,04/03/2014,04-April,5-Thursday,20:31,2000 Hours,District 6 (East Central),,LINN,IA 13,IA 13/IOWA 13 & Co Rd W60/INDIAN CREEK WAY & TOWER VIEW RD,Collision with:  Animal,,,Animal,None Indicated,,,,,,,Paved,,Property Damage Only,0,0,0,0,0,0,4500,1,1,,POINT (-91.550320150524 42.071963472382)
2014793964,14013740,04/03/2014,04-April,5-Thursday,14:21,1400 Hours,District 5 (Southeast),MUSCATINE,MUSCATINE,,E 2ND ST & OAK ST,Collision with:  Vehicle in traffic,On Roadway,Rear-end (front to rear),Followed too close,None Indicated,,Daylight,Dry,Cloudy,None apparent,Intersection:  Four-way intersection,Paved,,Property Damage Only,0,0,0,0,0,0,3500,2,2,,POINT (-91.039317943928 41.424865049517)
2014794023,14-9867,04/03/2014,04-April,5-Thursday,16:49,1600 Hours,District 3 (Northwest),SIOUX CITY,WOODBURY,I-29,I-29 & US 77,Collision with:  Vehicle in traffic,On Roadway,Rear-end (front to rear),Other (explain in narrative):  Other,None Indicated,,Daylight,Slush,"Sleet, hail",None apparent,Non-intersection:  Other non-intersection (explain in narrative),Paved,,Property Damage Only,0,0,0,0,0,0,2300,2,2,,POINT (-96.412957123911 42.491548751986)
2014793522,14-1553,04/03/2014,04-April,5-Thursday,10:23,1000 Hours,District 4 (Southwest),WEST DES MOINES,DALLAS,,JORDAN CREEK PKWY,Collision with:  Vehicle in traffic,On Roadway,"Sideswipe, same direction",Improper or erratic lane changing,None Indicated,,Daylight,Wet,Rain,None apparent,Non-intersection:  Non-junction/no special feature,Paved,,Property Damage Only,0,0,0,0,0,0,7500,2,2,,POINT (-93.80922448168 41.576352268398)
2014794930,S14-3232,04/03/2014,04-April,5-Thursday,15:40,1500 Hours,District 3 (Northwest),,WOODBURY,I-29,I-29,Collision with:  Other non-fixed object (explain in narrative),On Roadway,Non-collision (single vehicle),Other (explain in narrative):  No improper action,None Indicated,,Daylight,Wet,"Sleet, hail","Surface condition (e.g., wet, icy)",Non-intersection:  Non-junction/no special feature,Paved,,Property Damage Only,0,0,0,0,0,0,1600,1,2,,POINT (-96.334190220088 42.349985205184)
2014793527,14-012827,04/03/2014,04-April,5-Thursday,16:35,1600 Hours,District 4 (Southwest),COUNCIL BLUFFS,POTTAWATTAMIE,US 6,US 6/W BROADWAY & N 18TH ST,Collision with:  Vehicle in traffic,On Roadway,Rear-end (front to rear),Followed too close,None Indicated,,Daylight,Wet,Rain,None apparent,Intersection:  Four-way intersection,Paved,,Property Damage Only,0,0,0,0,0,0,3000,2,4,,POINT (-95.870801161241 41.261851650412)
2014793528,14-012839,04/03/2014,04-April,5-Thursday,18:11,1800 Hours,District 4 (Southwest),COUNCIL BLUFFS,POTTAWATTAMIE,,30TH AVE,Collision with:  Vehicle in traffic,Shoulder,Broadside (front to side),FTYROW:  From driveway,None Indicated,,Daylight,Wet,Cloudy,None apparent,Non-intersection:  Driveway access (within),Paved,,Property Damage Only,0,0,0,0,0,0,3000,2,2,,POINT (-95.847847154586 41.230512568099)
2014808095,2014020957,04/03/2014,04-April,5-Thursday,10:25,1000 Hours,District 1 (Central),,HAMILTON,I-35,I-35 & Co Rd D25/220TH ST,Collision with:  Vehicle in traffic,On Roadway,"Sideswipe, same direction",FTYROW:  Other (explain in narrative),None Indicated,,Daylight,Wet,Rain,None apparent,Interchange-related:  Off-ramp,Paved,,Property Damage Only,0,0,0,0,0,0,2500,2,3,,POINT (-93.570725760357 42.471083325301)
2014793300,14-005067,04/03/2014,04-April,5-Thursday,08:29,0800 Hours,District 5 (Southeast),,HENRY,US 34,US 34,Collision with:  Animal,,Non-collision (single vehicle),Animal,None Indicated,,,,,,,Paved,,Property Damage Only,0,0,0,0,0,0,5500,1,1,,POINT (-91.395921675401 40.90574062231)
2014793696,2014003535,04/03/2014,04-April,5-Thursday,14:14,1400 Hours,District 6 (East Central),IOWA CITY,JOHNSON,IA 1,IA 1/E BURLINGTON ST & S LINN ST,Collision with:  Vehicle in traffic,On Roadway,Rear-end (front to rear),FTYROW:  From driveway,None Indicated,,Daylight,Dry,Clear,None apparent,Non-intersection:  Driveway access (within),Paved,,Possible/Unknown,0,1,0,0,0,1,1700,2,2,,POINT (-91.531675127737 41.657848314581)
2014793583,,04/03/2014,04-April,5-Thursday,10:20,1000 Hours,District 6 (East Central),DE WITT,CLINTON,US 30,US 30/RAMP & US 61,Collision with:  Vehicle in traffic,On Roadway,"Sideswipe, same direction",FTYROW:  Other (explain in narrative),None Indicated,,Daylight,Dry,Cloudy,None apparent,Interchange-related:  On-ramp merge area,Paved,,Property Damage Only,0,0,0,0,0,0,2000,2,3,,POINT (-90.567170128501 41.80341438072)
2014793505,14-001471,04/03/2014,04-April,5-Thursday,16:33,1600 Hours,District 1 (Central),ANKENY,POLK,US 69,US 69/S ANKENY BLVD,Collision with:  Vehicle in traffic,On Roadway,Rear-end (front to rear),Driver Distraction:  Manual operation of an electronic communication device,None Indicated,,Daylight,Wet,Rain,None apparent,Non-intersection:  Non-junction/no special feature,Paved,,Property Damage Only,0,0,0,0,0,0,1600,2,3,,POINT (-93.600372890267 41.730249744698)
2014793732,14007340,04/03/2014,04-April,5-Thursday,19:04,1900 Hours,District 5 (Southeast),OSKALOOSA,MAHASKA,,N 6TH ST,Unknown,On Roadway,Broadside (front to side),Unknown,None Indicated,,Daylight,Wet,Clear,Unknown,Non-intersection:  Non-junction/no special feature,Paved,,Property Damage Only,0,0,0,0,0,0,3000,2,1,,POINT (-92.638004886815 41.295487439523)
2014795254,14C01464,04/03/2014,04-April,5-Thursday,18:20,1800 Hours,District 4 (Southwest),CRESTON,UNION,,W TOWNLINE ST & S SYCAMORE ST,Collision with:  Vehicle in traffic,On Roadway,Broadside (front to side),FTYROW:  From stop sign,None Indicated,,Daylight,Wet,"Fog, smoke, smog",None apparent,Intersection:  Four-way intersection,Paved,,Property Damage Only,0,0,0,0,0,0,1500,2,2,,POINT (-94.368216904741 41.071048866708)
2014799910,,04/03/2014,04-April,5-Thursday,08:08,0800 Hours,District 2 (Northeast),CLEAR LAKE,CERRO GORDO,,12TH AVE S & S 12TH ST,Collision with fixed object:  Utility pole/light support,Outside trafficway,Non-collision (single vehicle),Driving too fast for conditions,None Indicated,,Daylight,Snow,Snow,"Surface condition (e.g., wet, icy)",Intersection:  T-intersection,Paved,,Property Damage Only,0,0,0,0,0,0,3000,1,2,,POINT (-93.374276366552 43.126513170453)
2014794027,14-9983,04/03/2014,04-April,5-Thursday,22:00,2200 Hours,District 3 (Northwest),SIOUX CITY,WOODBURY,,RIDGE AVE,Collision with:  Vehicle in traffic,On Roadway,"Sideswipe, opposite direction",Unknown,None Indicated,,Dark - roadway not lighted,Snow,Snow,"Surface condition (e.g., wet, icy)",Non-intersection:  Non-junction/no special feature,Paved,,Property Damage Only,0,0,0,0,0,0,2000,2,3,,POINT (-96.371833305657 42.478432214098)
2014794959,2014021055,04/03/2014,04-April,5-Thursday,15:51,1500 Hours,District 1 (Central),ANKENY,POLK,I-80,I-80,Collision with:  Vehicle in traffic,On Roadway,Rear-end (front to rear),Swerving/Evasive Action,None Indicated,,Daylight,Wet,Rain,None apparent,"Interchange-related:  Off-ramp, diverge area",Paved,,Minor Injury,0,2,0,2,0,0,9000,3,3,,POINT (-93.568035857647 41.653250320126)
2014793695,2014003533,04/03/2014,04-April,5-Thursday,12:26,1200 Hours,District 6 (East Central),IOWA CITY,JOHNSON,IA 1,IA 1/E BURLINGTON ST & S GILBERT ST,Collision with:  Vehicle in traffic,On Roadway,Rear-end (front to rear),Other (explain in narrative):  Other,None Indicated,,Daylight,Dry,Cloudy,None apparent,Non-intersection:  Non-junction/no special feature,Paved,,Property Damage Only,0,0,0,0,0,0,2000,2,3,,POINT (-91.530150079641 41.657837825721)
2014793885,14-9900,04/03/2014,04-April,5-Thursday,21:36,2100 Hours,District 3 (Northwest),SIOUX CITY,WOODBURY,,OUTER DR N,Collision with:  Vehicle in traffic,On Roadway,Rear-end (front to rear),"Operating vehicle in an reckless, erratic, careless, negligent manner",None Indicated,,Dark - roadway lighted,Snow,Snow,None apparent,Intersection:  Four-way intersection,Paved,,Possible/Unknown,0,1,0,0,1,0,10000,2,2,,POINT (-96.373704642685 42.536266971424)
2014793754,14013677,04/03/2014,04-April,5-Thursday,04:11,0400 Hours,District 5 (Southeast),MUSCATINE,MUSCATINE,,E 9TH ST & CYPRESS ST,Collision with:  Vehicle in traffic,On Roadway,Broadside (front to side),Ran Stop Sign,None Indicated,,Dark - roadway lighted,Wet,Rain,None apparent,Intersection:  Four-way intersection,Paved,,Property Damage Only,0,0,0,0,0,0,5500,2,3,,POINT (-91.041657770702 41.43221851902)
2014793483,2014-1267,04/03/2014,04-April,5-Thursday,07:55,0700 Hours,District 4 (Southwest),WAUKEE,DALLAS,,UNIVERSITY AVE,Collision with:  Vehicle in traffic,On Roadway,Rear-end (front to rear),Followed too close,None Indicated,,Dawn,Wet,Rain,None apparent,Intersection:  T-intersection,Paved,,Property Damage Only,0,0,0,0,0,0,3500,2,2,,POINT (-93.853864111538 41.600402881233)
2014793744,14070,04/03/2014,04-April,5-Thursday,10:50,1000 Hours,District 5 (Southeast),PELLA,MARION,,JEFFERSON ST & MAIN ST,Collision with:  Vehicle in traffic,On Roadway,Broadside (front to side),Ran Stop Sign,None Indicated,,Daylight,Wet,Rain,None apparent,Intersection:  Four-way intersection,Paved,,Minor Injury,0,2,0,1,1,0,8000,2,2,,POINT (-92.916410619307 41.412351459044)
2014793433,14-0949,04/03/2014,04-April,5-Thursday,11:25,1100 Hours,District 1 (Central),FORT DODGE,WEBSTER,,CENTRAL AVE & S 16TH ST & N 16TH ST,Collision with:  Vehicle in traffic,On Roadway,Broadside (front to side),FTYROW:  From stop sign,None Indicated,,Daylight,Wet,Rain,None apparent,Intersection:  Four-way intersection,Paved,,Property Damage Only,0,0,0,0,0,0,4500,2,2,,POINT (-94.176322767198 42.506164904612)
2014793497,66-001829,04/03/2014,04-April,5-Thursday,14:50,1400 Hours,District 2 (Northeast),,MITCHELL,US 218,US 218,Collision with:  Vehicle in traffic,On Roadway,"Sideswipe, opposite direction",Ran off road - right,None Indicated,,Daylight,Wet,Cloudy,None apparent,Intersection:  Four-way intersection,Paved,,Property Damage Only,0,0,0,0,0,0,3100,2,2,,POINT (-92.73186982123 43.283800119667)
2014793833,14-6036,04/03/2014,04-April,5-Thursday,01:04,0100 Hours,District 6 (East Central),BETTENDORF,SCOTT,,WINSTON DR,Collision with:  Parked motor vehicle,On Roadway,"Sideswipe, opposite direction",Crossed centerline (undivided),None Indicated,,Dark - roadway not lighted,Wet,Rain,None apparent,Non-intersection:  Non-junction/no special feature,Paved,,Property Damage Only,0,0,0,0,0,0,6000,2,1,,POINT (-90.485574991609 41.564713532495)
2014794316,201421014,04/03/2014,04-April,5-Thursday,13:30,1300 Hours,District 6 (East Central),,DUBUQUE,US 20,US 20,Non-collision events:  Other non-collision (explain in narrative),On Roadway,Head-on (front to front),Crossed centerline (undivided),None Indicated,,Daylight,Dry,Cloudy,Other (explain in narrative),Non-intersection:  Non-junction/no special feature,Paved,,Possible/Unknown,0,1,0,0,1,0,17500,3,4,,POINT (-90.886650344828 42.440824004399)
2014794561,20141115,04/03/2014,04-April,5-Thursday,20:00,2000 Hours,District 1 (Central),,GRUNDY,US 20,US 20,Collision with:  Animal,,,Animal,None Indicated,,,,,,,Paved,,Property Damage Only,0,0,0,0,0,0,5000,1,1,,POINT (-92.716910398441 42.463256822157)
2014844640,2014000857,04/03/2014,04-April,5-Thursday,16:41,1600 Hours,District 2 (Northeast),,ALLAMAKEE,,Co Rd X52/GREAT RIVER RD,Collision with fixed object:  Ditch,On Roadway,Non-collision (single vehicle),Swerving/Evasive Action,None Indicated,,Daylight,Dry,Clear,None apparent,Non-intersection:  Non-junction/no special feature,Paved,,Possible/Unknown,0,1,0,0,1,0,20000,1,1,,POINT (-91.188152437101 43.345921542987)
2014794445,14-3717,04/03/2014,04-April,5-Thursday,18:31,1800 Hours,District 3 (Northwest),,SIOUX,US 75,US 75,Collision with:  Vehicle in traffic,On Roadway,"Sideswipe, opposite direction",Crossed centerline (undivided),None Indicated,,Daylight,Slush,Snow,None apparent,Non-intersection:  Non-junction/no special feature,Paved,,Minor Injury,0,4,0,1,3,0,25000,2,4,,POINT (-96.175228662984 43.044269339467)
2014793534,2014-20076,04/03/2014,04-April,5-Thursday,08:58,0800 Hours,District 6 (East Central),DAVENPORT,SCOTT,,W 36TH ST & N DIVISION ST,Collision with:  Vehicle in traffic,On Roadway,"Angle, oncoming left turn",Made improper turn,None Indicated,,Daylight,Dry,Clear,None apparent,Non-intersection:  Non-junction/no special feature,Paved,,Property Damage Only,0,0,0,0,0,0,8500,2,2,,POINT (-90.600706957549 41.556376358363)
2014793487,14-10918,04/03/2014,04-April,5-Thursday,06:15,0600 Hours,District 5 (Southeast),BURLINGTON,DES MOINES,,NW BURLINGTON AVE & MT PLEASANT ST,Collision with:  Vehicle in traffic,On Roadway,Broadside (front to side),FTYROW:  From stop sign,None Indicated,,Dark - roadway lighted,Wet,Rain,None apparent,Intersection:  Four-way intersection,Paved,,Property Damage Only,0,0,0,0,0,0,3000,2,3,,POINT (-91.151010844371 40.826011464222)
2014793878,14-9846,04/03/2014,04-April,5-Thursday,12:41,1200 Hours,District 3 (Northwest),SIOUX CITY,WOODBURY,,MAYHEW AVE & S LAKEPORT ST,Collision with:  Vehicle in traffic,On Roadway,Broadside (front to side),Made improper turn,None Indicated,,Daylight,Wet,Rain,"Surface condition (e.g., wet, icy)",Intersection:  T-intersection,Paved,,Property Damage Only,0,0,0,0,0,0,4000,2,4,,POINT (-96.344843207462 42.451327826613)
2014793535,2014-20105,04/03/2014,04-April,5-Thursday,10:54,1000 Hours,District 6 (East Central),DAVENPORT,SCOTT,,E LOCUST ST,Collision with:  Vehicle in traffic,On Roadway,Rear-end (front to rear),Unknown,None Indicated,,Daylight,Wet,Cloudy,None apparent,Non-intersection:  Non-junction/no special feature,Paved,,Property Damage Only,0,0,0,0,0,0,3500,2,5,,POINT (-90.573530158492 41.538279314384)
2014794233,02-14-5382,04/03/2014,04-April,5-Thursday,19:00,1900 Hours,District 6 (East Central),,DUBUQUE,US 52,US 52,Collision with:  Animal,,,Animal,None Indicated,,,,,,,Paved,,Property Damage Only,0,0,0,0,0,0,5000,1,1,,POINT (-90.60643407387 42.407486187216)
2014794086,CL14000960,04/03/2014,04-April,5-Thursday,07:39,0700 Hours,District 6 (East Central),CLINTON,CLINTON,,8TH AVE S,Collision with:  Vehicle in traffic,On Roadway,Rear-end (front to rear),Other (explain in narrative):  Other,Alcohol (Statutory),,Daylight,Wet,Rain,None apparent,Intersection:  T-intersection,Paved,,Possible/Unknown,0,1,0,0,1,0,2000,2,5,,POINT (-90.205354396858 41.837530677873)
2014793935,040314-162,04/03/2014,04-April,5-Thursday,16:09,1600 Hours,District 3 (Northwest),STORM LAKE,BUENA VISTA,IA 7,IA 7/W MILWAUKEE AVE & ONTARIO ST & N ONTARIO ST,Collision with:  Vehicle in traffic,On Roadway,Broadside (front to side),FTYROW:  From stop sign,None Indicated,,Daylight,Wet,Rain,None apparent,Intersection:  Four-way intersection,Paved,,Property Damage Only,0,0,0,0,0,0,2750,2,2,,POINT (-95.204771507479 42.647464247792)
2014793622,W14-032022,04/03/2014,04-April,5-Thursday,08:57,0800 Hours,District 2 (Northeast),WATERLOO,BLACK HAWK,,HAMMOND AVE,Collision with:  Vehicle in traffic,On Roadway,Broadside (front to side),Other (explain in narrative):  Other,None Indicated,,Daylight,Dry,Cloudy,None apparent,Intersection:  Four-way intersection,Paved,,Property Damage Only,0,0,0,0,0,0,6250,3,3,,POINT (-92.336909352366 42.454717808565)
2014793397,14-012752,04/03/2014,04-April,5-Thursday,05:10,0500 Hours,District 4 (Southwest),COUNCIL BLUFFS,POTTAWATTAMIE,,5TH AVE & SERVICE RD B,Collision with fixed object:  Utility pole/light support,On Roadway,Non-collision (single vehicle),Ran off road - right,None Indicated,,Dark - roadway lighted,Wet,Rain,None apparent,Non-intersection:  Non-junction/no special feature,Paved,,Property Damage Only,0,0,0,0,0,0,15000,1,1,,POINT (-95.906406527913 41.257301037452)
2014801846,,04/03/2014,04-April,5-Thursday,15:09,1500 Hours,District 5 (Southeast),,MUSCATINE,,WIGGENS RD & PETTIBONE AVE,Collision with fixed object:  Other fixed object (explain in narrative),On Roadway,Non-collision (single vehicle),Ran Stop Sign,None Indicated,,Daylight,Dry,Rain,None apparent,Intersection:  T-intersection,Paved,,Property Damage Only,0,0,0,0,0,0,8500,1,1,,POINT (-91.076466052521 41.352139495671)
2014793465,14-003343,04/03/2014,04-April,5-Thursday,21:48,2100 Hours,District 3 (Northwest),,CARROLL,,Co Rd N33/OLYMPIC AVE,Collision with:  Vehicle in traffic,On Roadway,Rear-end (front to rear),Followed too close,None Indicated,,Dark - roadway not lighted,Wet,Rain,None apparent,Non-intersection:  Non-junction/no special feature,Paved,,Property Damage Only,0,0,0,0,0,0,3000,2,2,,POINT (-94.82211444346 42.000377163815)
2014793367,14-1550,04/03/2014,04-April,5-Thursday,09:10,0900 Hours,District 1 (Central),WEST DES MOINES,POLK,I-35,I-35,Non-collision events:  Other non-collision (explain in narrative),On Roadway,Non-collision (single vehicle),Lost Control,None Indicated,,Daylight,Dry,Cloudy,None apparent,Non-intersection:  Non-junction/no special feature,Paved,,Possible/Unknown,0,1,0,0,1,0,1000,1,1,,POINT (-93.776728362723 41.561273085172)
2014793969,04-14-017,04/03/2014,04-April,5-Thursday,14:43,1400 Hours,District 3 (Northwest),LE MARS,PLYMOUTH,US 75,US 75 & 24TH ST SW,Collision with fixed object:  Guardrail - face,On Roadway,Non-collision (single vehicle),Lost Control,None Indicated,,Daylight,Ice/frost,"Sleet, hail","Surface condition (e.g., wet, icy)",Non-intersection:  Other non-intersection (explain in narrative),Paved,,Possible/Unknown,0,1,0,0,1,0,13251,1,2,,POINT (-96.209174196448 42.764065480963)
2014793516,20140008824,04/03/2014,04-April,5-Thursday,17:30,1700 Hours,District 1 (Central),DES MOINES,POLK,,CRESTON AVE & SW 9TH ST,Collision with:  Vehicle in traffic,On Roadway,"Angle, oncoming left turn",Ran Stop Sign,None Indicated,,Daylight,Wet,Rain,None apparent,Intersection:  T-intersection,Paved,,Property Damage Only,0,0,0,0,0,0,4000,2,2,,POINT (-93.625705251899 41.55998731094)