Iowa DOT Case Number,Law Enforcement Case Number,Date of Crash,Month of Crash,Day of Week,Time of Crash,Hour,DOT District,City Name,County Name,Route with System,Location Description,First Harmful Event,Location of First Harmful Event,Manner of Crash/Collision,Major Cause,Drug or Alcohol ,Environmental Conditions,Light Conditions,Surface Conditions,Weather Conditions,Roadway Contribution,Roadway Type,Roadway Surface,Work Zone,Crash Severity,Number of Fatalities,Number of Injuries,Number of Major Injuries,Number of Minor Injuries,Number of Possible Injuries,Number of Unknown Injuries,Amount of Property Damage,Number of Vehicles Involved,Total Number of Occupants,Travel Direction,Location
2014808077,2014021397,04/05/2014,04-April,7-Saturday,02:03,0200 Hours,District 2 (Northeast),,FRANKLIN,,HEATHER AVE,Collision with fixed object:  Ditch,Shoulder,Non-collision (single vehicle),Traveling wrong way or on wrong side of road,None Indicated,,Dark - roadway not lighted,Dry,Clear,None apparent,Non-intersection:  Non-junction/no special feature,Paved,,Major Injury,0,1,1,0,0,0,10000,1,1,,POINT (-93.360560467282 42.565363675897)
2014793795,20140008988,04/05/2014,04-April,7-Saturday,10:02,1000 Hours,District 1 (Central),DES MOINES,POLK,,E 46TH ST,Collision with:  Vehicle in traffic,On Roadway,Rear-end (front to rear),Followed too close,None Indicated,,Daylight,Dry,Clear,None apparent,Non-intersection:  Non-junction/no special feature,Paved,,Property Damage Only,0,0,0,0,0,0,6500,2,3,,POINT (-93.522296193472 41.642001123977)
2014793894,2014021500,04/05/2014,04-April,7-Saturday,21:00,2100 Hours,District 2 (Northeast),,CERRO GORDO,I-35,I-35,Collision with:  Animal,On Roadway,Non-collision (single vehicle),Animal,None Indicated,,Dark - roadway not lighted,Dry,Clear,None apparent,Non-intersection:  Non-junction/no special feature,Paved,,Property Damage Only,0,0,0,0,0,0,5000,1,4,,POINT (-93.348936404027 43.247113287592)
2014793775,20140009052,04/05/2014,04-April,7-Saturday,23:19,2300 Hours,District 1 (Central),DES MOINES,POLK,I-235,I-235 & DAY ST & 7TH ST,Collision with fixed object:  Concrete traffic barrier (median or right side),On Roadway,Non-collision (single vehicle),Ran Traffic Signal,None Indicated,,Dark - roadway lighted,Dry,Clear,None apparent,Intersection:  Four-way intersection,Paved,,Property Damage Only,0,0,0,0,0,0,5000,2,2,,POINT (-93.626883423857 41.596262161577)
2014794295,14-6194,04/05/2014,04-April,7-Saturday,10:35,1000 Hours,District 6 (East Central),BETTENDORF,SCOTT,,CENTRAL AVE & DEVILS GLEN RD,Collision with:  Vehicle in traffic,On Roadway,Broadside (front to side),FTYROW:  From stop sign,None Indicated,,Daylight,Dry,Clear,None apparent,Intersection:  T-intersection,Paved,,Property Damage Only,0,0,0,0,0,0,2000,2,3,,POINT (-90.482696734395 41.531669376192)
2014793874,14-0972,04/05/2014,04-April,7-Saturday,12:10,1200 Hours,District 1 (Central),FORT DODGE,WEBSTER,,1ST AVE S,Collision with:  Vehicle in traffic,On Roadway,"Angle, oncoming left turn",FTYROW:  From stop sign,None Indicated,,Daylight,Dry,Cloudy,None apparent,Non-intersection:  Driveway access (within),Paved,,Possible/Unknown,0,1,0,0,0,1,3000,2,6,,POINT (-94.153607908466 42.505342161082)
2014795698,2014021398,04/05/2014,04-April,7-Saturday,02:55,0200 Hours,District 1 (Central),,POWESHIEK,I-80,I-80,Non-collision events:  Overturn/rollover,Outside trafficway,Non-collision (single vehicle),Ran off road - right,Alcohol (Statutory),,Dark - roadway not lighted,Dry,Clear,None apparent,Non-intersection:  Non-junction/no special feature,Paved,,Property Damage Only,0,0,0,0,0,0,10000,1,1,,POINT (-92.613368375203 41.695778840844)
2014794382,2014003676,04/05/2014,04-April,7-Saturday,21:00,2100 Hours,District 6 (East Central),IOWA CITY,JOHNSON,,S DUBUQUE ST,Collision with:  Parked motor vehicle,On Roadway,Unknown,Unknown,None Indicated,,Dark - roadway lighted,Dry,Cloudy,Unknown,Non-intersection:  Driveway access (within),Paved,,Property Damage Only,0,0,0,0,0,0,3000,2,1,,POINT (-91.533127115357 41.657902884888)
2014793800,20140009031,04/05/2014,04-April,7-Saturday,18:29,1800 Hours,District 1 (Central),DES MOINES,POLK,US 69,US 69/SE 14TH ST & HARRIET ST,Collision with:  Vehicle in traffic,On Roadway,Rear-end (front to rear),Other (explain in narrative):  Other,None Indicated,,Daylight,Dry,Cloudy,None apparent,Non-intersection:  Non-junction/no special feature,Paved,,Minor Injury,0,4,0,1,3,0,12000,2,11,,POINT (-93.596873969236 41.578056078531)
2014794410,14-0380,04/05/2014,04-April,7-Saturday,18:00,1800 Hours,District 1 (Central),CLIVE,POLK,I-35,I-35 & UNIVERSITY AVE,Non-collision events:  Overturn/rollover,On Roadway,Non-collision (single vehicle),"Operating vehicle in an reckless, erratic, careless, negligent manner",Alcohol (Statutory),,Daylight,Dry,Cloudy,None apparent,Interchange-related:  On-ramp merge area,Paved,,Property Damage Only,0,0,0,0,0,0,10000,1,1,,POINT (-93.776921913914 41.60044420781)
2014793768,14-0378,04/05/2014,04-April,7-Saturday,12:20,1200 Hours,District 4 (Southwest),CLIVE,DALLAS,US 6,US 6/HICKMAN AVE & NW 144TH ST,Collision with fixed object:  Other fixed object (explain in narrative),Outside trafficway,Non-collision (single vehicle),Lost Control,None Indicated,,Daylight,Dry,Clear,None apparent,Non-intersection:  Non-junction/no special feature,Paved,,Property Damage Only,0,0,0,0,0,0,2200,1,2,,POINT (-93.81732703114 41.614845742625)
2014793759,14-2222,04/05/2014,04-April,7-Saturday,13:45,1300 Hours,District 1 (Central),DES MOINES,POLK,IA 415,IA 415/2ND AVE & NW HOFFMAN LN,Collision with:  Vehicle in traffic,On Roadway,Broadside (front to side),Ran Stop Sign,None Indicated,,Daylight,Dry,Clear,None apparent,Intersection:  Four-way intersection,Paved,,Possible/Unknown,0,2,0,0,2,0,12000,2,5,,POINT (-93.619958827594 41.641263674958)
2014793625,W14-032786,04/05/2014,04-April,7-Saturday,03:00,0300 Hours,District 2 (Northeast),WATERLOO,BLACK HAWK,,ANSBOROUGH AVE,Collision with fixed object:  Guardrail - face,On Roadway,Non-collision (single vehicle),Made improper turn,None Indicated,,Dark - roadway lighted,Dry,Clear,None apparent,Intersection:  Four-way intersection,Paved,,Property Damage Only,0,0,0,0,0,0,5000,1,2,,POINT (-92.375513318386 42.508249332535)
2014793783,20140008982,04/05/2014,04-April,7-Saturday,06:48,0600 Hours,District 1 (Central),DES MOINES,POLK,,E PORTER AVE,Collision with:  Parked motor vehicle,On Roadway,"Sideswipe, same direction",Unknown,None Indicated,,Unknown,Unknown,Unknown,None apparent,Non-intersection:  Non-junction/no special feature,Paved,,Property Damage Only,0,0,0,0,0,0,8000,2,1,,POINT (-93.615454222211 41.533696233842)
2014793830,14-013061,04/05/2014,04-April,7-Saturday,11:02,1100 Hours,District 4 (Southwest),COUNCIL BLUFFS,POTTAWATTAMIE,IA 192,IA 192/SE RAMP & S 6TH ST,Collision with:  Vehicle in traffic,On Roadway,Rear-end (front to rear),Followed too close,None Indicated,,Daylight,Dry,Cloudy,None apparent,Intersection:  T-intersection,Paved,,Property Damage Only,0,0,0,0,0,0,3000,2,3,,POINT (-95.853240441293 41.244239777571)
2014795909,14001952,04/05/2014,04-April,7-Saturday,06:12,0600 Hours,District 2 (Northeast),,CERRO GORDO,US 65,US 65 & 120TH ST,Collision with fixed object:  Bridge overhead structure,Roadside,Non-collision (single vehicle),Crossed centerline (undivided),Alcohol (< Statutory),,Dark - roadway not lighted,Dry,Clear,None apparent,Non-intersection:  Other non-intersection (explain in narrative),Paved,,Major Injury,0,1,1,0,0,0,20422,1,1,,POINT (-93.202591202581 42.936021148129)
2014794249,201404746,04/05/2014,04-April,7-Saturday,19:20,1900 Hours,District 6 (East Central),CEDAR RAPIDS,LINN,,J AVE NE,Collision with:  Vehicle in traffic,On Roadway,Rear-end (front to rear),Lost Control,None Indicated,,Daylight,Dry,Clear,None apparent,Non-intersection:  Non-junction/no special feature,Paved,,Property Damage Only,0,0,0,0,0,0,5000,2,2,,POINT (-91.656614926157 41.999450138903)
2014793809,14-0725,04/05/2014,04-April,7-Saturday,10:59,1000 Hours,District 1 (Central),URBANDALE,POLK,I-35,I-35,Collision with:  Vehicle in traffic,On Roadway,Rear-end (front to rear),Other (explain in narrative):  Other,None Indicated,,Daylight,Dry,Clear,None apparent,Interchange-related:  Off-ramp,Paved,,Property Damage Only,0,0,0,0,0,0,4500,2,3,,POINT (-93.778535669544 41.629868733459)
2014793954,SO1401170,04/05/2014,04-April,7-Saturday,20:04,2000 Hours,District 5 (Southeast),,JEFFERSON,US 34,US 34,Collision with:  Animal,,,Animal,None Indicated,,,,,,,Paved,,Property Damage Only,0,0,0,0,0,0,4500,1,1,,POINT (-91.982211495134 40.982381385565)
2014795658,2014-06823,04/05/2014,04-April,7-Saturday,10:50,1000 Hours,District 5 (Southeast),,WARREN,,FILLMORE ST,Non-collision events:  Overturn/rollover,Roadside,Non-collision (single vehicle),Crossed centerline (undivided),None Indicated,,Daylight,"Mud, dirt",Clear,None apparent,Non-intersection:  Non-junction/no special feature,Unpaved,,Property Damage Only,0,0,0,0,0,0,5000,1,1,,POINT (-93.789253473915 41.432400655363)
2014794244,14-060405-01,04/05/2014,04-April,7-Saturday,08:00,0800 Hours,District 6 (East Central),,IOWA,,Co Rd V44/D AVE,Collision with:  Animal,,Non-collision (single vehicle),Animal,None Indicated,,,,,,,Paved,,Property Damage Only,0,0,0,0,0,0,2000,1,1,,POINT (-92.240170657769 41.73896145342)
2014793827,14-013048,04/05/2014,04-April,7-Saturday,08:35,0800 Hours,District 4 (Southwest),COUNCIL BLUFFS,POTTAWATTAMIE,,S 22ND ST,Collision with:  Vehicle in traffic,On Roadway,Broadside (front to side),FTYROW:  From stop sign,None Indicated,,Daylight,Dry,Clear,None apparent,Intersection:  Four-way intersection,Paved,,Property Damage Only,0,0,0,0,0,0,3000,2,2,,POINT (-95.877077321777 41.259902596252)
2014793766,14-001498,04/05/2014,04-April,7-Saturday,18:42,1800 Hours,District 1 (Central),ANKENY,POLK,US 69,US 69/S ANKENY BLVD & SE MAGAZINE RD & SW MAGAZINE RD,Collision with:  Vehicle in traffic,On Roadway,Head-on (front to front),Ran Traffic Signal,None Indicated,,Dusk,Dry,Clear,None apparent,Intersection:  Four-way intersection,Paved,,Major Injury,0,1,1,0,0,0,6000,2,4,,POINT (-93.600457277847 41.717360222518)
2014797208,,04/05/2014,04-April,7-Saturday,09:30,0900 Hours,District 3 (Northwest),,CHEROKEE,,V AVE & 520TH ST,Collision with fixed object:  Ditch,On Roadway,Non-collision (single vehicle),Crossed centerline (undivided),Under Influence of Alcohol/Drugs/Medications,,Daylight,"Mud, dirt",Clear,None apparent,Intersection:  Four-way intersection,Unpaved,,Property Damage Only,0,0,0,0,0,0,2000,1,1,,POINT (-95.446753315835 42.763142453083)
2014794319,,04/05/2014,04-April,7-Saturday,20:40,2000 Hours,District 4 (Southwest),,MONTGOMERY,,,Collision with:  Animal,On Roadway,Non-collision (single vehicle),Animal,None Indicated,,Dark - roadway not lighted,Dry,Cloudy,,Non-intersection:  Non-junction/no special feature,,,Property Damage Only,0,0,0,0,0,0,3500,1,1,,POINT (-96.643700149993 40.233091251414)
2014793619,14032883,04/05/2014,04-April,7-Saturday,12:35,1200 Hours,District 2 (Northeast),CEDAR FALLS,BLACK HAWK,,UNIVERSITY AVE & S MAIN ST,Collision with:  Vehicle in traffic,On Roadway,"Angle, oncoming left turn",Ran Traffic Signal,None Indicated,,Daylight,Dry,Clear,None apparent,Intersection:  Four-way intersection,Paved,,Property Damage Only,0,0,0,0,0,0,8500,2,3,,POINT (-92.445824788477 42.513086797058)
2014793900,14-3395,04/05/2014,04-April,7-Saturday,18:44,1800 Hours,District 3 (Northwest),SAC CITY,SAC,,MAIN ST & S 10TH ST & N 10TH ST,Collision with:  Vehicle in traffic,On Roadway,Rear-end (front to rear),Followed too close,Alcohol (Statutory),,Dusk,Dry,Cloudy,None apparent,Non-intersection:  Non-junction/no special feature,Paved,,Property Damage Only,0,0,0,0,0,0,9500,2,3,,POINT (-94.995388959855 42.422406479304)
2014793898,141451,04/05/2014,04-April,7-Saturday,19:07,1900 Hours,District 1 (Central),ELDORA,HARDIN,,WASHINGTON ST,Collision with:  Parked motor vehicle,On Roadway,Unknown,Improper Backing,None Indicated,,Daylight,Dry,Clear,Unknown,Unknown,Paved,,Property Damage Only,0,0,0,0,0,0,4200,2,1,,POINT (-93.099545012774 42.363470331515)
2014793651,1404052622,04/05/2014,04-April,7-Saturday,19:15,1900 Hours,District 6 (East Central),,CLINTON,IA 136,IA 136/IOWA 136,Collision with fixed object:  Ditch,Shoulder,Non-collision (single vehicle),Ran off road - right,Alcohol (Statutory),,Daylight,Dry,Clear,None apparent,Non-intersection:  Non-junction/no special feature,Paved,,Fatal,1,0,0,0,0,0,10000,1,1,,POINT (-90.348995923701 41.954104813008)
2014794239,54-2014,04/05/2014,04-April,7-Saturday,10:59,1000 Hours,District 4 (Southwest),,HARRISON,,Co Rd F66/335TH ST,Collision with:  Railway vehicle/train,On Roadway,Broadside (front to side),Disregarded RR Signal,None Indicated,,Daylight,Dry,Clear,None apparent,Non-intersection:  Railroad grade crossing,Paved,,Property Damage Only,0,0,0,0,0,0,1500,2,6,,POINT (-95.858209990638 41.546355316907)
2014793673,14-003363,04/05/2014,04-April,7-Saturday,13:44,1300 Hours,District 2 (Northeast),,FAYETTE,,Co Rd C50/ROSE RD,Collision with fixed object:  Ditch,On Roadway,Non-collision (single vehicle),Ran off road - straight,None Indicated,,Daylight,Dry,Cloudy,None apparent,Non-intersection:  Non-junction/no special feature,Paved,,Property Damage Only,0,0,0,0,0,0,5000,1,1,,POINT (-91.947801014452 42.67864039593)
2014794775,14-10147,04/05/2014,04-April,7-Saturday,23:30,2300 Hours,District 3 (Northwest),SIOUX CITY,WOODBURY,,CHAMBERS ST,Collision with:  Vehicle in traffic,On Roadway,"Sideswipe, same direction",Swerving/Evasive Action,None Indicated,,Dark - roadway lighted,Dry,Clear,None apparent,Non-intersection:  Non-junction/no special feature,Paved,,Property Damage Only,0,0,0,0,0,0,2100,2,4,,POINT (-96.38621009885 42.520301973703)
2014793831,14-013072,04/05/2014,04-April,7-Saturday,12:44,1200 Hours,District 4 (Southwest),COUNCIL BLUFFS,POTTAWATTAMIE,,2ND AVE,Collision with:  Vehicle in traffic,On Roadway,Broadside (front to side),FTYROW:  From driveway,None Indicated,,Daylight,Dry,Clear,None apparent,Non-intersection:  Driveway access (within),Paved,,Possible/Unknown,0,1,0,0,1,0,4900,2,4,,POINT (-95.903938748816 41.259786055184)
2014795285,W14-032958,04/05/2014,04-April,7-Saturday,17:04,1700 Hours,District 2 (Northeast),WATERLOO,BLACK HAWK,,CROSSROADS BLVD,Collision with:  Vehicle in traffic,On Roadway,Rear-end (front to rear),Improper Backing,None Indicated,,Daylight,Dry,Clear,None apparent,Intersection:  Other intersection (explain in narrative),Paved,,Property Damage Only,0,0,0,0,0,0,1600,2,5,,POINT (-92.323514015782 42.464257818847)
2014794314,2014021483,04/05/2014,04-April,7-Saturday,16:56,1600 Hours,District 5 (Southeast),,WAYNE,IA 2,IA 2/IOWA 2 & Co Rd S23/105TH & LIBERTY,Collision with:  Vehicle in traffic,On Roadway,Rear-end (front to rear),Crossed centerline (undivided),Alcohol (< Statutory),,Daylight,Dry,Clear,None apparent,Intersection:  Four-way intersection,Paved,,Minor Injury,0,3,0,3,0,0,21000,2,3,,POINT (-93.374435129967 40.756939188187)
2014795657,2014-06813,04/05/2014,04-April,7-Saturday,03:00,0300 Hours,District 5 (Southeast),,WARREN,,150TH AVE,Collision with fixed object:  Ditch,Shoulder,Non-collision (single vehicle),Driving too fast for conditions,None Indicated,,Dark - roadway not lighted,Dry,Clear,None apparent,Non-intersection:  Non-junction/no special feature,Unpaved,,Property Damage Only,0,0,0,0,0,0,3800,1,2,,POINT (-93.519861755773 41.327679809482)
2014797718,14048386,04/05/2014,04-April,7-Saturday,17:30,1700 Hours,District 6 (East Central),,JOHNSON,US 218,US 218,Collision with:  Animal,,,Animal,None Indicated,,,,,,,Paved,,Property Damage Only,0,0,0,0,0,0,3000,1,1,,POINT (-91.550426244838 41.613772435735)
2014793638,040514-127,04/05/2014,04-April,7-Saturday,13:55,1300 Hours,District 3 (Northwest),,BUENA VISTA,US 71,US 71/130TH AVE,Collision with:  Animal,On Roadway,Non-collision (single vehicle),Animal,None Indicated,,Daylight,Dry,Clear,None apparent,Non-intersection:  Non-junction/no special feature,Paved,,Property Damage Only,0,0,0,0,0,0,5000,1,1,,POINT (-95.15132534924 42.87822438088)
2014793745,1400000276,04/05/2014,04-April,7-Saturday,03:50,0300 Hours,District 1 (Central),,MARSHALL,US 30,US 30/240TH ST,Non-collision events:  Overturn/rollover,On Roadway,Non-collision (single vehicle),Swerving/Evasive Action,None Indicated,,Dark - roadway not lighted,Dry,Cloudy,None apparent,Non-intersection:  Non-junction/no special feature,Paved,,Property Damage Only,0,0,0,0,0,0,3500,1,1,,POINT (-93.155094660378 42.007819065494)
2014794099,14-001593,04/05/2014,04-April,7-Saturday,07:47,0700 Hours,District 2 (Northeast),,HANCOCK,US 69,US 69,Non-collision events:  Overturn/rollover,On Roadway,Non-collision (single vehicle),Driving too fast for conditions,None Indicated,,Dawn,Wet,Clear,"Surface condition (e.g., wet, icy)",Non-intersection:  Non-junction/no special feature,Paved,,Minor Injury,0,1,0,1,0,0,6000,1,1,,POINT (-93.616314305915 43.025564726667)
2014793629,W14-032914,04/05/2014,04-April,7-Saturday,04:00,0400 Hours,District 2 (Northeast),WATERLOO,BLACK HAWK,,HAWVER CT,Collision with fixed object:  Mailbox,Shoulder,Non-collision (single vehicle),Ran off road - right,None Indicated,,Dark - roadway not lighted,Dry,Clear,None apparent,Non-intersection:  Non-junction/no special feature,Paved,,Property Damage Only,0,0,0,0,0,0,1550,1,1,,POINT (-92.333181067053 42.514936304253)
2014793963,14680601,04/05/2014,04-April,7-Saturday,14:00,1400 Hours,District 5 (Southeast),,MONROE,US 34,US 34 & 527TH AVE,Collision with:  Vehicle in traffic,On Roadway,Rear-end (front to rear),Ran off road - right,None Indicated,,Daylight,Dry,Clear,None apparent,Non-intersection:  Non-junction/no special feature,Paved,,Possible/Unknown,0,1,0,0,1,0,5000,2,4,,POINT (-93.050748975609 41.001033227873)
2014794063,,04/05/2014,04-April,7-Saturday,21:30,2100 Hours,District 2 (Northeast),,HUMBOLDT,,Co Rd C12/100TH ST,Collision with:  Animal,On Roadway,Non-collision (single vehicle),Animal,None Indicated,,,,,,,Paved,,Property Damage Only,0,0,0,0,0,0,2000,1,1,,POINT (-94.029898091395 42.907829916352)
2014793672,14-003352,04/05/2014,04-April,7-Saturday,09:16,0900 Hours,District 2 (Northeast),,FAYETTE,,160TH ST,Collision with fixed object:  Ditch,On Roadway,Non-collision (single vehicle),Swerving/Evasive Action,None Indicated,,Daylight,Dry,Cloudy,None apparent,Non-intersection:  Non-junction/no special feature,Unpaved,,Minor Injury,0,1,0,1,0,0,5000,1,1,,POINT (-92.072318830031 42.862012044692)
2014793868,14-0182,04/05/2014,04-April,7-Saturday,07:50,0700 Hours,District 1 (Central),GOWRIE,WEBSTER,,Co Rd D60/350TH ST & Co Rd P33/FAIRBANKS AVE & MAIN ST & CO RD P33,Collision with:  Vehicle in traffic,On Roadway,Rear-end (front to rear),Other (explain in narrative):  Vision obstructed,None Indicated,,Dawn,Dry,Clear,None apparent,Intersection:  Four-way intersection,Paved,,Property Damage Only,0,0,0,0,0,0,4500,2,2,,POINT (-94.300711952743 42.282493488557)
2014794016,14-10114,04/05/2014,04-April,7-Saturday,18:17,1800 Hours,District 3 (Northwest),SIOUX CITY,WOODBURY,,TRANSIT AVE & S HELEN ST,Collision with:  Vehicle in traffic,On Roadway,"Sideswipe, same direction","Operating vehicle in an reckless, erratic, careless, negligent manner",Refused,,Daylight,Dry,Clear,None apparent,Non-intersection:  Non-junction/no special feature,Paved,,Property Damage Only,0,0,0,0,0,0,1750,2,4,,POINT (-96.370350324408 42.47165945485)
2014793812,14-1599,04/05/2014,04-April,7-Saturday,13:59,1300 Hours,District 4 (Southwest),WEST DES MOINES,DALLAS,,JORDAN CREEK PKWY,Collision with:  Vehicle in traffic,On Roadway,"Sideswipe, same direction",FTYROW:  Other (explain in narrative),None Indicated,,Daylight,Dry,Clear,None apparent,Non-intersection:  Driveway access (within),Paved,,Property Damage Only,0,0,0,0,0,0,2000,2,2,,POINT (-93.809146091836 41.581604030095)
2014794294,2014-6540,04/05/2014,04-April,7-Saturday,02:30,0200 Hours,District 6 (East Central),PRINCETON,SCOTT,,RIVER DR,Collision with:  Vehicle in traffic,On Roadway,Unknown,Improper Backing,None Indicated,,Dark - roadway not lighted,Dry,Clear,None apparent,Non-intersection:  Other non-intersection (explain in narrative),Paved,,Property Damage Only,0,0,0,0,0,0,2500,2,1,,POINT (-90.340582541478 41.666577723621)
2014793665,01-14-14052,04/05/2014,04-April,7-Saturday,14:07,1400 Hours,District 6 (East Central),DUBUQUE,DUBUQUE,US 20,US 20/RAMP & GRANDVIEW AVE N,Collision with:  Vehicle in traffic,On Roadway,Broadside (front to side),Ran Traffic Signal,None Indicated,,Daylight,Dry,Clear,None apparent,Intersection:  Four-way intersection,Paved,,Property Damage Only,0,0,0,0,0,0,10000,2,2,,POINT (-90.68650300577 42.491979601273)
2014793801,20140008963,04/05/2014,04-April,7-Saturday,00:15,0000 Hours,District 1 (Central),DES MOINES,POLK,,BECKWITH AVE & 8TH ST,Collision with fixed object:  Other fixed object (explain in narrative),Outside trafficway,Non-collision (single vehicle),Unknown,None Indicated,,Dark - roadway lighted,Dry,Cloudy,None apparent,Non-intersection:  Non-junction/no special feature,Paved,,Property Damage Only,0,0,0,0,0,0,4500,1,1,,POINT (-93.627325164806 41.624524395986)
2014793875,14-0977,04/05/2014,04-April,7-Saturday,18:20,1800 Hours,District 1 (Central),FORT DODGE,WEBSTER,,S 32ND ST,Collision with:  Vehicle in traffic,On Roadway,Rear-end (front to rear),Driver Distraction:  Passenger,None Indicated,,Daylight,Dry,Clear,None apparent,Non-intersection:  Non-junction/no special feature,Paved,,Property Damage Only,0,0,0,0,0,0,2000,2,3,,POINT (-94.1496890234 42.503364267166)
2014793689,14-8134,04/05/2014,04-April,7-Saturday,03:39,0300 Hours,District 1 (Central),,JASPER,,S 112TH AVE E,Non-collision events:  Overturn/rollover,On Roadway,Non-collision (single vehicle),Ran off road - right,None Indicated,,Dark - roadway not lighted,"Mud, dirt",Clear,None apparent,Non-intersection:  Non-junction/no special feature,Unpaved,,Possible/Unknown,0,1,0,0,1,0,1500,1,2,,POINT (-92.850889238905 41.537588393285)
2014793841,2014-20599,04/05/2014,04-April,7-Saturday,13:10,1300 Hours,District 6 (East Central),DAVENPORT,SCOTT,,E 53RD ST,Collision with:  Vehicle in traffic,On Roadway,Broadside (front to side),FTYROW:  From driveway,None Indicated,,Daylight,Dry,Clear,None apparent,Non-intersection:  Driveway access (within),Paved,,Property Damage Only,0,0,0,0,0,0,3800,2,4,,POINT (-90.543091143133 41.574765850583)
2014797091,,04/05/2014,04-April,7-Saturday,19:32,1900 Hours,District 3 (Northwest),MARCUS,CHEROKEE,IA 3,IA 3/IOWA 3 & C AVE,Collision with:  Vehicle in traffic,On Roadway,Rear-end (front to rear),Followed too close,None Indicated,,Dusk,Dry,Clear,None apparent,Non-intersection:  Non-junction/no special feature,Paved,,Property Damage Only,0,0,0,0,0,0,4000,2,3,,POINT (-95.819659387308 42.808094697308)
2014844630,2014-000879,04/05/2014,04-April,7-Saturday,23:01,2300 Hours,District 2 (Northeast),LANSING,ALLAMAKEE,IA 9,IA 9/IOWA 9 & N FRONT ST,Collision with:  Vehicle in traffic,On Roadway,"Sideswipe, opposite direction",Crossed centerline (undivided),None Indicated,,Dark - roadway not lighted,Dry,Clear,None apparent,Non-intersection:  Other non-intersection (explain in narrative),Paved,,Property Damage Only,0,0,0,0,0,0,11000,2,2,,POINT (-91.216335751745 43.364742394684)
2014793970,04-14-019,04/05/2014,04-April,7-Saturday,23:15,2300 Hours,District 3 (Northwest),LE MARS,PLYMOUTH,,2ND ST SE & 12TH AVE SE,Collision with:  Parked motor vehicle,On Roadway,Rear-end (front to rear),Other (explain in narrative):  Other,None Indicated,,Dark - roadway lighted,Dry,Clear,None apparent,Non-intersection:  Non-junction/no special feature,Paved,,Property Damage Only,0,0,0,0,0,0,6600,3,4,,POINT (-96.148146003325 42.790604135365)
2014796290,2014-20964,04/05/2014,04-April,7-Saturday,16:40,1600 Hours,District 6 (East Central),DAVENPORT,SCOTT,,W LOCUST ST & HICKORY GROVE RD & N DIVISION ST,Collision with:  Vehicle in traffic,On Roadway,Rear-end (front to rear),Improper or erratic lane changing,None Indicated,,Daylight,Dry,Clear,None apparent,Non-intersection:  Non-junction/no special feature,Paved,,Property Damage Only,0,0,0,0,0,0,2500,2,3,,POINT (-90.601077565245 41.53825417734)
2014794299,2014-20603,04/05/2014,04-April,7-Saturday,13:40,1300 Hours,District 6 (East Central),DAVENPORT,SCOTT,US 67,US 67/NW LOOP & IA 461/W RIVER DR,Collision with:  Vehicle in traffic,On Roadway,Broadside (front to side),Ran Stop Sign,None Indicated,,Daylight,Dry,Clear,None apparent,Intersection:  T-intersection,Paved,,Property Damage Only,0,0,0,0,0,0,7000,2,5,,POINT (-90.584489450335 41.520164078451)
2014794696,14-0728,04/05/2014,04-April,7-Saturday,22:33,2200 Hours,District 1 (Central),URBANDALE,POLK,I-35,I-35,Collision with fixed object:  Concrete traffic barrier (median or right side),On Roadway,Non-collision (single vehicle),Over correcting/over steering,None Indicated,,Dark - roadway not lighted,Dry,Cloudy,None apparent,Non-intersection:  Non-junction/no special feature,Paved,,Property Damage Only,0,0,0,0,0,0,6000,1,1,,POINT (-93.759953633548 41.651511139202)
2014793842,2014-20615,04/05/2014,04-April,7-Saturday,15:02,1500 Hours,District 6 (East Central),DAVENPORT,SCOTT,US 6,US 6/E KIMBERLY RD & JERSEY RIDGE RD,Collision with:  Vehicle in traffic,On Roadway,Rear-end (front to rear),Followed too close,None Indicated,,Daylight,Dry,Clear,None apparent,Intersection:  Four-way intersection,Paved,,Property Damage Only,0,0,0,0,0,0,8000,2,6,,POINT (-90.541754372802 41.556886683853)
2014793763,14-001494,04/05/2014,04-April,7-Saturday,14:06,1400 Hours,District 1 (Central),ANKENY,POLK,,SE NATIONAL DR & SE DELAWARE AVE,Collision with:  Vehicle in traffic,On Roadway,Rear-end (front to rear),Driving too fast for conditions,None Indicated,,Daylight,Dry,Clear,None apparent,Intersection:  Four-way intersection,Paved,,Property Damage Only,0,0,0,0,0,0,2000,2,2,,POINT (-93.581278295871 41.704848944279)
2014793823,S14-001072,04/05/2014,04-April,7-Saturday,20:40,2000 Hours,District 4 (Southwest),,POTTAWATTAMIE,,Co Rd L20/OLD LINCOLN HWY,Collision with:  Animal,On Roadway,Non-collision (single vehicle),Animal,None Indicated,,Dark - roadway not lighted,Dry,Clear,None apparent,Non-intersection:  Non-junction/no special feature,Paved,,Property Damage Only,0,0,0,0,0,0,3000,1,1,,POINT (-95.851070360153 41.3804237988)
2014793966,14-014096,04/05/2014,04-April,7-Saturday,17:17,1700 Hours,District 5 (Southeast),MUSCATINE,MUSCATINE,,E 8TH ST,Collision with:  Vehicle in traffic,On Roadway,Rear-end (front to rear),Other (explain in narrative):  Other,None Indicated,,Daylight,Dry,Clear,None apparent,Intersection:  Four-way intersection,Paved,,Property Damage Only,0,0,0,0,0,0,5100,2,3,,POINT (-91.043143170979 41.430181224258)