Iowa DOT Case Number,Law Enforcement Case Number,Date of Crash,Month of Crash,Day of Week,Time of Crash,Hour,DOT District,City Name,County Name,Route with System,Location Description,First Harmful Event,Location of First Harmful Event,Manner of Crash/Collision,Major Cause,Drug or Alcohol ,Environmental Conditions,Light Conditions,Surface Conditions,Weather Conditions,Roadway Contribution,Roadway Type,Roadway Surface,Work Zone,Crash Severity,Number of Fatalities,Number of Injuries,Number of Major Injuries,Number of Minor Injuries,Number of Possible Injuries,Number of Unknown Injuries,Amount of Property Damage,Number of Vehicles Involved,Total Number of Occupants,Travel Direction,Location
2014795667,2014-6940,04/07/2014,04-April,2-Monday,05:51,0500 Hours,District 5 (Southeast),,WARREN,,Co Rd S23/HWY S23,Collision with fixed object:  Ditch,On Roadway,Non-collision (single vehicle),Over correcting/over steering,None Indicated,,Dawn,Dry,Cloudy,None apparent,Non-intersection:  Non-junction/no special feature,Paved,,Possible/Unknown,0,1,0,0,1,0,7000,1,1,,POINT (-93.467797142706 41.34943151961)
2014802557,14-11511,04/07/2014,04-April,2-Monday,20:30,2000 Hours,District 5 (Southeast),,DES MOINES,,Co Rd X31/DANVILLE RD,Collision with:  Animal,,,Animal,None Indicated,,,,,,,Paved,,Property Damage Only,0,0,0,0,0,0,2000,1,1,,POINT (-91.314546710195 40.951023941579)
2014794350,14-3491,04/07/2014,04-April,2-Monday,21:05,2100 Hours,District 3 (Northwest),CARROLL,CARROLL,,11TH ST,Collision with:  Vehicle in traffic,On Roadway,Rear-end (front to rear),Lost Control,None Indicated,,Dark - roadway lighted,Dry,Cloudy,None apparent,Non-intersection:  Non-junction/no special feature,Paved,,Property Damage Only,0,0,0,0,0,0,2800,2,1,,POINT (-94.862505422528 42.070381671448)
2014794767,14-0186,04/07/2014,04-April,2-Monday,22:54,2200 Hours,District 1 (Central),STRATFORD,WEBSTER,IA 175,IA 175/WASHINGTON AVE,Collision with:  Animal,,,Animal,None Indicated,,,,,,,Paved,,Property Damage Only,0,0,0,0,0,0,2500,1,1,,POINT (-93.961110220282 42.263498580359)
2014795259,2014021765,04/07/2014,04-April,2-Monday,17:03,1700 Hours,District 5 (Southeast),OSKALOOSA,MAHASKA,US 63,US 63/N MARKET ST & IA 92/A AVE W/A AVE E,Collision with:  Vehicle in traffic,On Roadway,"Angle, oncoming left turn",Equipment failure,None Indicated,,Daylight,Dry,Clear,None apparent,Intersection:  Four-way intersection,Paved,,Property Damage Only,0,0,0,0,0,0,5001,2,2,,POINT (-92.645095465242 41.296239146548)
2014795494,148390,04/07/2014,04-April,2-Monday,16:27,1600 Hours,District 1 (Central),NEWTON,JASPER,US 6,US 6/1ST AVE W & W 8TH ST S & W 8TH ST N,Collision with:  Vehicle in traffic,On Roadway,Broadside (front to side),Ran Traffic Signal,None Indicated,,Daylight,Dry,Cloudy,None apparent,Intersection:  Four-way intersection,Paved,,Minor Injury,0,1,0,1,0,0,6000,2,5,,POINT (-93.062843900477 41.699465433769)
2014797737,K14-009663,04/07/2014,04-April,2-Monday,14:59,1400 Hours,District 5 (Southeast),KEOKUK,LEE,US 218,US 218/MAIN ST,Collision with:  Vehicle in traffic,Outside trafficway,"Sideswipe, same direction",Ran off road - straight,None Indicated,,Daylight,Dry,Clear,None apparent,Non-intersection:  Non-junction/no special feature,Paved,,Minor Injury,0,1,0,1,0,0,8000,4,6,,POINT (-91.391087282913 40.40322086072)
2014796466,14009826,04/08/2014,04-April,3-Tuesday,20:30,2000 Hours,District 5 (Southeast),KEOKUK,LEE,,Co Rd J82/340 ST & 270 AVE,Collision with:  Animal,,,Animal,None Indicated,,,,,,,Paved,,Property Damage Only,0,0,0,0,0,0,1500,1,1,,POINT (-91.400621309613 40.464872622878)
2014794947,SO14-0417,04/08/2014,04-April,3-Tuesday,05:00,0500 Hours,District 2 (Northeast),ROWAN,WRIGHT,,Co Rd R65/VICTOR AVE,Collision with:  Animal,,,Animal,None Indicated,,,,,,,Paved,,Property Damage Only,0,0,0,0,0,0,1500,1,1,,POINT (-93.555014892745 42.731343693813)
2014795094,2014-21373,04/08/2014,04-April,3-Tuesday,16:51,1600 Hours,District 6 (East Central),DAVENPORT,SCOTT,,W LOCUST ST & MAIN ST,Collision with:  Vehicle in traffic,On Roadway,"Angle, oncoming left turn",FTYROW:  Making left turn,None Indicated,,Daylight,Dry,Clear,None apparent,Intersection:  Four-way intersection,Paved,,Property Damage Only,0,0,0,0,0,0,3500,2,2,,POINT (-90.575590657654 41.538313792149)
2014794116,201404880,04/08/2014,04-April,3-Tuesday,18:00,1800 Hours,District 6 (East Central),CEDAR RAPIDS,LINN,,29TH ST NE & EASTERN AVE NE,Collision with:  Vehicle in traffic,On Roadway,Broadside (front to side),FTYROW:  From stop sign,None Indicated,,Daylight,Dry,Clear,None apparent,Intersection:  Four-way intersection,Paved,,Property Damage Only,0,0,0,0,0,0,10000,2,3,,POINT (-91.648038769249 42.006455485528)
2014803029,2014-21392,04/08/2014,04-April,3-Tuesday,16:52,1600 Hours,District 6 (East Central),DAVENPORT,SCOTT,,IA 461/BRADY ST & VETERANS MEMORIAL PKWY & W 65TH ST,Collision with:  Vehicle in traffic,On Roadway,Rear-end (front to rear),Followed too close,None Indicated,,Daylight,Dry,Clear,None apparent,Non-intersection:  Non-junction/no special feature,Paved,,Property Damage Only,0,0,0,0,0,0,1500,2,2,,POINT (-90.571325145913 41.585633288289)
2014794301,2014-21292,04/08/2014,04-April,3-Tuesday,10:51,1000 Hours,District 6 (East Central),DAVENPORT,SCOTT,,W LOCUST ST & RIPLEY ST,Collision with:  Vehicle in traffic,On Roadway,"Sideswipe, same direction",Crossed centerline (undivided),None Indicated,,Daylight,Dry,Clear,Work Zone (roadway-related),Non-intersection:  Non-junction/no special feature,Paved,Yes,Property Damage Only,0,0,0,0,0,0,3000,2,4,,POINT (-90.578492962252 41.538275907649)
2014794608,1404080832,04/08/2014,04-April,3-Tuesday,08:32,0800 Hours,District 6 (East Central),,JONES,US 151,US 151,Collision with:  Vehicle in traffic,On Roadway,Rear-end (front to rear),Swerving/Evasive Action,None Indicated,,Daylight,Dry,Clear,None apparent,Non-intersection:  Non-junction/no special feature,Paved,,Possible/Unknown,0,1,0,0,1,0,8500,2,5,,POINT (-91.274936304272 42.079474291341)
2014794302,2014-21381,04/08/2014,04-April,3-Tuesday,17:14,1700 Hours,District 6 (East Central),DAVENPORT,SCOTT,,E CENTRAL PARK AVE & CAREY AVE,Collision with:  Vehicle in traffic,On Roadway,Broadside (front to side),Ran Stop Sign,None Indicated,,Daylight,Dry,Clear,None apparent,Intersection:  Four-way intersection,Paved,,Possible/Unknown,0,2,0,0,2,0,3500,2,2,,POINT (-90.559815683119 41.545959603391)
2014801007,390414-0859,04/08/2014,04-April,3-Tuesday,21:43,2100 Hours,District 4 (Southwest),,GUTHRIE,IA 141,IA 141/IOWA 141,Collision with:  Animal,,,Animal,None Indicated,,,,,,,Paved,,Property Damage Only,0,0,0,0,0,0,1600,1,1,,POINT (-94.37030563966 41.846498594852)
2014795151,,04/08/2014,04-April,3-Tuesday,17:28,1700 Hours,District 5 (Southeast),FORT MADISON,LEE,,AIRPORT RD,Collision with:  Vehicle in traffic,Shoulder,"Sideswipe, same direction",FTYROW:  From parked position,None Indicated,,Daylight,Dry,Clear,None apparent,Non-intersection:  Non-junction/no special feature,Paved,,Property Damage Only,0,0,0,0,0,0,2000,2,2,,POINT (-91.322030823526 40.658373988229)
2014794186,,04/08/2014,04-April,3-Tuesday,10:44,1000 Hours,District 3 (Northwest),COON RAPIDS,CARROLL,,MAIN ST,Collision with:  Vehicle in traffic,On Roadway,"Sideswipe, same direction",FTYROW:  From parked position,None Indicated,,Daylight,Dry,Clear,None apparent,Non-intersection:  Other non-intersection (explain in narrative),Paved,,Property Damage Only,0,0,0,0,0,0,5800,2,2,,POINT (-94.678036780302 41.870793467622)
2014794149,14-1644,04/08/2014,04-April,3-Tuesday,17:15,1700 Hours,District 1 (Central),WEST DES MOINES,POLK,,35TH ST/VALLEY WEST DR,Collision with:  Vehicle in traffic,On Roadway,Rear-end (front to rear),Followed too close,None Indicated,,Daylight,Dry,Clear,None apparent,Non-intersection:  Non-junction/no special feature,Paved,,Property Damage Only,0,0,0,0,0,0,1800,2,2,,POINT (-93.751933424363 41.595890587758)
2014794983,,04/08/2014,04-April,3-Tuesday,19:01,1900 Hours,District 2 (Northeast),DUMONT,BUTLER,IA 3,IA 3/SOUTH ST & PITTSFORD ST,Collision with:  Vehicle in traffic,On Roadway,"Sideswipe, opposite direction",Crossed centerline (undivided),None Indicated,,Dusk,Dry,Clear,None apparent,Intersection:  T-intersection,Paved,,Major Injury,0,1,1,0,0,0,11000,2,2,,POINT (-92.967853754325 42.744922429274)
2014794259,14004237,04/08/2014,04-April,3-Tuesday,19:17,1900 Hours,District 4 (Southwest),MALVERN,MILLS,,E 7TH ST & GRAND AVE,Collision with fixed object:  Utility pole/light support,On Roadway,Non-collision (single vehicle),Exceeded authorized speed,Alcohol (Statutory),,Daylight,Dry,Clear,None apparent,Non-intersection:  Non-junction/no special feature,Paved,,Possible/Unknown,0,1,0,0,1,0,6000,1,1,,POINT (-95.57743391367 41.005322699283)
2014793977,20140009278,04/08/2014,04-April,3-Tuesday,08:10,0800 Hours,District 1 (Central),DES MOINES,POLK,,E LACONA AVE & SE 6TH ST,Collision with:  Vehicle in traffic,On Roadway,"Sideswipe, same direction",Improper or erratic lane changing,None Indicated,,Daylight,Dry,Cloudy,None apparent,Intersection:  T-intersection,Paved,,Possible/Unknown,0,1,0,0,1,0,5100,2,2,,POINT (-93.605275627412 41.564420167707)
2014794972,2014021809,04/08/2014,04-April,3-Tuesday,07:50,0700 Hours,District 5 (Southeast),,DECATUR,I-35,I-35,Non-collision events:  Other non-collision (explain in narrative),Roadside,Non-collision (single vehicle),Separation of units,None Indicated,,Daylight,Dry,Clear,None apparent,Interchange-related:  On-ramp merge area,Paved,,Property Damage Only,0,0,0,0,0,0,20000,1,1,,POINT (-93.932043672664 40.580259758203)
2014793959,20141028,04/08/2014,04-April,3-Tuesday,07:45,0700 Hours,District 6 (East Central),MOUNT VERNON,LINN,US 30,US 30,Collision with:  Vehicle in traffic,On Roadway,Rear-end (front to rear),Other (explain in narrative):  Other,None Indicated,,Daylight,Dry,Clear,None apparent,Non-intersection:  Non-junction/no special feature,Paved,,Property Damage Only,0,0,0,0,0,0,7000,2,2,,POINT (-91.441125486064 41.916830004285)
2014812910,4514-033,04/08/2014,04-April,3-Tuesday,19:00,1900 Hours,District 2 (Northeast),,HOWARD,,40TH ST,Collision with fixed object:  Other fixed object (explain in narrative),Roadside,Non-collision (single vehicle),"Operating vehicle in an reckless, erratic, careless, negligent manner",None Indicated,,Daylight,"Mud, dirt",Cloudy,None apparent,Non-intersection:  Other non-intersection (explain in narrative),Unpaved,,Minor Injury,0,2,0,2,0,0,12000,1,2,,POINT (-92.538062441554 43.457886717486)
2014794965,2014021929,04/08/2014,04-April,3-Tuesday,21:41,2100 Hours,District 6 (East Central),,JONES,IA 38,IA 38/IOWA 38,Non-collision events:  Overturn/rollover,On Roadway,Non-collision (single vehicle),Crossed centerline (undivided),None Indicated,,Dark - roadway not lighted,Dry,Clear,None apparent,Non-intersection:  Non-junction/no special feature,Paved,,Major Injury,0,1,1,0,0,0,7000,1,1,,POINT (-91.198718219824 42.291266216811)
2014801722,14-03046,04/08/2014,04-April,3-Tuesday,15:25,1500 Hours,District 5 (Southeast),MOUNT PLEASANT,HENRY,,E WASHINGTON ST & S LOCUST ST,Collision with:  Vehicle in traffic,On Roadway,"Angle, oncoming left turn",FTYROW:  Making left turn,None Indicated,,Daylight,Dry,Clear,None apparent,Intersection:  Four-way intersection,Paved,,Property Damage Only,0,0,0,0,0,0,9000,2,2,,POINT (-91.5492449586 40.965053143953)
2014798052,14-002429,04/08/2014,04-April,3-Tuesday,03:50,0300 Hours,District 2 (Northeast),MCGREGOR,CLAYTON,,Co Rd B45/PLEASANT RIDGE RD & IRIS AVE,Collision with:  Animal,,,Animal,None Indicated,,,,,,,Paved,,Property Damage Only,0,0,0,0,0,0,2000,1,1,,POINT (-91.268347986294 43.05964138861)
2014794357,2014-1380,04/08/2014,04-April,3-Tuesday,17:34,1700 Hours,District 4 (Southwest),WAUKEE,DALLAS,US 6,US 6/HICKMAN AVE & PEACHTREE DR,Collision with:  Vehicle in traffic,On Roadway,Broadside (front to side),FTYROW:  From stop sign,None Indicated,,Daylight,Dry,Clear,None apparent,Intersection:  T-intersection,Paved,,Major Injury,0,1,1,0,0,0,7000,2,3,,POINT (-93.860093652251 41.614984075501)
2014794530,CL14001018,04/08/2014,04-April,3-Tuesday,15:00,1500 Hours,District 6 (East Central),CLINTON,CLINTON,US 67,US 67/N 2ND ST,Collision with:  Vehicle in traffic,On Roadway,"Sideswipe, same direction",FTYROW:  From stop sign,None Indicated,,Daylight,Dry,Cloudy,None apparent,Intersection:  Four-way intersection,Paved,,Property Damage Only,0,0,0,0,0,0,3500,2,5,,POINT (-90.186700842164 41.852906977584)
2014794609,1404082117,04/08/2014,04-April,3-Tuesday,21:17,2100 Hours,District 6 (East Central),,JONES,IA 64,IA 64/IOWA 64,Collision with:  Animal,,,Animal,None Indicated,,,,,,,Paved,,Property Damage Only,0,0,0,0,0,0,2000,1,1,,POINT (-90.98857381597 42.066705556225)
2014794158,14-013645,04/08/2014,04-April,3-Tuesday,22:10,2200 Hours,District 4 (Southwest),COUNCIL BLUFFS,POTTAWATTAMIE,,9TH AVE & S 21ST ST,Collision with:  Vehicle in traffic,On Roadway,Broadside (front to side),Unknown,None Indicated,,Dark - roadway lighted,Dry,Clear,None apparent,Intersection:  T-intersection,Paved,,Property Damage Only,0,0,0,0,0,0,2500,2,2,,POINT (-95.875316613961 41.253507083767)
2014794333,W-14-0633,04/08/2014,04-April,3-Tuesday,08:55,0800 Hours,District 2 (Northeast),WAUKON,ALLAMAKEE,IA 9,IA 9/SPRING AVE,Collision with:  Vehicle in traffic,On Roadway,"Sideswipe, same direction",FTYROW:  From parked position,None Indicated,,Daylight,Dry,Clear,None apparent,Non-intersection:  Non-junction/no special feature,Paved,,Property Damage Only,0,0,0,0,0,0,5000,2,2,,POINT (-91.475812651604 43.268790105334)
2014795020,02-14-5601,04/08/2014,04-April,3-Tuesday,08:43,0800 Hours,District 6 (East Central),,DUBUQUE,,ST CATHERINE RD,Collision with fixed object:  Mailbox,Outside trafficway,Non-collision (single vehicle),Ran off road - left,None Indicated,,Daylight,"Mud, dirt",Cloudy,None apparent,Non-intersection:  Non-junction/no special feature,Paved,,Property Damage Only,0,0,0,0,0,0,6050,1,1,,POINT (-90.547871126258 42.397935899661)
2014795176,14002762,04/08/2014,04-April,3-Tuesday,06:10,0600 Hours,District 6 (East Central),,DELAWARE,,Co Rd D42/275TH ST,Collision with:  Animal,,,Animal,None Indicated,,,,,,,Paved,,Property Damage Only,0,0,0,0,0,0,3000,1,1,,POINT (-91.370322772282 42.390664137915)
2014794228,01-14-14439,04/08/2014,04-April,3-Tuesday,09:37,0900 Hours,District 6 (East Central),DUBUQUE,DUBUQUE,US 52,US 52/CENTRAL AVE,Collision with:  Vehicle in traffic,On Roadway,"Sideswipe, same direction",Crossed centerline (undivided),None Indicated,,Daylight,Dry,Clear,None apparent,Non-intersection:  Non-junction/no special feature,Paved,,Property Damage Only,0,0,0,0,0,0,2000,2,2,,POINT (-90.668937064477 42.508553293825)
2014794236,02-14-5636,04/08/2014,04-April,3-Tuesday,21:45,2100 Hours,District 6 (East Central),,DUBUQUE,US 151,US 151 & NOLAN LN,Collision with:  Animal,,,Animal,None Indicated,,,,,,,Paved,,Property Damage Only,0,0,0,0,0,0,5000,1,1,,POINT (-90.748081510205 42.4035316172)
2014794247,2014003747,04/08/2014,04-April,3-Tuesday,12:23,1200 Hours,District 6 (East Central),IOWA CITY,JOHNSON,US 6,US 6/2ND ST,Collision with:  Vehicle in traffic,On Roadway,Rear-end (front to rear),Driver Distraction:  Passenger,None Indicated,,Daylight,Dry,Clear,None apparent,Non-intersection:  Non-junction/no special feature,Paved,,Possible/Unknown,0,1,0,0,1,0,4000,2,3,,POINT (-91.559800040905 41.666598623131)
2014794156,14-013520,04/08/2014,04-April,3-Tuesday,06:07,0600 Hours,District 4 (Southwest),COUNCIL BLUFFS,POTTAWATTAMIE,I-29,I-29,Collision with:  Animal,Outside trafficway,Non-collision (single vehicle),Animal,None Indicated,,Dawn,Dry,Clear,Unknown,Non-intersection:  Non-junction/no special feature,Paved,,Property Damage Only,0,0,0,0,0,0,5300,1,1,,POINT (-95.866802972857 41.288303870291)
2014794272,20140009335,04/08/2014,04-April,3-Tuesday,16:19,1600 Hours,District 1 (Central),DES MOINES,POLK,,31ST ST,Collision with:  Vehicle in traffic,On Roadway,Rear-end (front to rear),Other (explain in narrative):  Other,None Indicated,,Daylight,Dry,Clear,None apparent,Non-intersection:  Non-junction/no special feature,Paved,,Property Damage Only,0,0,0,0,0,0,9300,4,5,,POINT (-93.659353040761 41.586839101688)
2014794181,2014021928,04/08/2014,04-April,3-Tuesday,21:00,2100 Hours,District 1 (Central),,WEBSTER,,Co Rd P53/NATIONAL AVE,Collision with:  Animal,,,Animal,None Indicated,,,,,,,Paved,,Property Damage Only,0,0,0,0,0,0,1500,1,1,,POINT (-94.197722136285 42.594171381284)
2014794139,20140009337,04/08/2014,04-April,3-Tuesday,16:53,1600 Hours,District 1 (Central),DES MOINES,POLK,,SW 16TH ST & W MLK JR PKWY,Collision with:  Vehicle in traffic,On Roadway,Rear-end (front to rear),Other (explain in narrative):  Other,None Indicated,,Daylight,Dry,Clear,None apparent,Non-intersection:  Non-junction/no special feature,Paved,,Property Damage Only,0,0,0,0,0,0,1700,2,2,,POINT (-93.637551506163 41.58171984333)
2014794740,14-6414,04/08/2014,04-April,3-Tuesday,11:23,1100 Hours,District 6 (East Central),BETTENDORF,SCOTT,,GOLDEN VALLEY DR,Collision with:  Parked motor vehicle,On Roadway,"Sideswipe, same direction",Other (explain in narrative):  Other,None Indicated,,Daylight,Dry,Clear,None apparent,Non-intersection:  Non-junction/no special feature,Paved,,Property Damage Only,0,0,0,0,0,0,3500,2,1,,POINT (-90.513975825843 41.55585680595)
2014794383,2014003769,04/08/2014,04-April,3-Tuesday,19:39,1900 Hours,District 6 (East Central),IOWA CITY,JOHNSON,IA 1,IA 1/IOWA 1 & SUNSET ST,Collision with:  Vehicle in traffic,On Roadway,Broadside (front to side),FTYROW:  Making right turn on red signal,None Indicated,,Dark - roadway lighted,Dry,Clear,None apparent,Non-intersection:  Non-junction/no special feature,Paved,,Property Damage Only,0,0,0,0,0,0,3500,2,4,,POINT (-91.558557655618 41.642057328244)
2014794138,20140009325,04/08/2014,04-April,3-Tuesday,14:45,1400 Hours,District 1 (Central),DES MOINES,POLK,,E 12TH ST,Collision with:  Vehicle in traffic,On Roadway,Broadside (front to side),FTYROW:  From driveway,None Indicated,,Daylight,Dry,Cloudy,None apparent,Non-intersection:  Driveway access (within),Paved,,Property Damage Only,0,0,0,0,0,0,4800,2,3,,POINT (-93.604204451698 41.59876149746)
2014794964,2014021897,04/08/2014,04-April,3-Tuesday,17:08,1700 Hours,District 1 (Central),URBANDALE,POLK,I-35,I-35,Collision with fixed object:  Concrete traffic barrier (median or right side),Shoulder,Non-collision (single vehicle),Swerving/Evasive Action,None Indicated,,Daylight,Dry,Cloudy,None apparent,Non-intersection:  Non-junction/no special feature,Paved,,Property Damage Only,0,0,0,0,0,0,2000,1,1,,POINT (-93.715280944677 41.652770592749)
2014794902,2014-21364,04/08/2014,04-April,3-Tuesday,16:26,1600 Hours,District 6 (East Central),DAVENPORT,SCOTT,,W 70TH ST & HOWELL ST,Collision with:  Vehicle in traffic,On Roadway,"Sideswipe, same direction",Other (explain in narrative):  Other,None Indicated,,Daylight,Dry,Cloudy,None apparent,Non-intersection:  Non-junction/no special feature,Paved,,Possible/Unknown,0,1,0,0,1,0,8200,3,777,,POINT (-90.603210492178 41.591463433954)
2014795095,2014-21405,04/08/2014,04-April,3-Tuesday,18:49,1800 Hours,District 6 (East Central),DAVENPORT,SCOTT,I-74,I-74 & E 53RD ST,Collision with:  Vehicle in traffic,On Roadway,Rear-end (front to rear),Followed too close,None Indicated,,Dusk,Dry,Clear,None apparent,Non-intersection:  Non-junction/no special feature,Paved,,Property Damage Only,0,0,0,0,0,0,1500,2,3,,POINT (-90.520251225371 41.574860648392)
2014795628,2014-21247,04/08/2014,04-April,3-Tuesday,07:34,0700 Hours,District 6 (East Central),DAVENPORT,SCOTT,,E PLEASANT ST,Collision with:  Non-motorist (see non-motorist section - NOT a unit),On Roadway,Non-collision (single vehicle),Other (explain in narrative):  No improper action,None Indicated,,Daylight,Dry,Clear,None apparent,Non-intersection:  Other non-intersection (explain in narrative),Paved,,Minor Injury,0,1,0,1,0,0,0,1,1,,POINT (-90.571399406605 41.539801422686)
2014794300,2014-21241,04/08/2014,04-April,3-Tuesday,06:53,0600 Hours,District 6 (East Central),DAVENPORT,SCOTT,US 6,US 6/W KIMBERLY RD & STURDEVANT ST,Collision with:  Vehicle in traffic,On Roadway,Broadside (front to side),Ran Stop Sign,None Indicated,,Daylight,Dry,Clear,None apparent,Intersection:  Four-way intersection,Paved,,Property Damage Only,0,0,0,0,0,0,4000,2,2,,POINT (-90.597464756005 41.560064292637)
2014794361,14-11603,04/08/2014,04-April,3-Tuesday,16:16,1600 Hours,District 5 (Southeast),BURLINGTON,DES MOINES,US 34,US 34/SW RAMP & CURRAN ST,Non-collision events:  Overturn/rollover,On Roadway,Non-collision (single vehicle),Unknown,None Indicated,,Daylight,Dry,Clear,None apparent,Interchange-related:  Off-ramp,Paved,,Minor Injury,0,1,0,1,0,0,1000,1,1,,POINT (-91.12641240646 40.816894923492)
2014797720,14050094,04/08/2014,04-April,3-Tuesday,21:33,2100 Hours,District 6 (East Central),,JOHNSON,,TAFT AVE,Collision with fixed object:  Ditch,Shoulder,Non-collision (single vehicle),Ran off road - right,Alcohol (Statutory),,Dark - roadway not lighted,Dry,Clear,None apparent,Non-intersection:  Other non-intersection (explain in narrative),Paved,,Fatal,1,0,0,0,0,0,15100,1,1,,POINT (-91.46324990646 41.605443414101)
2014836281,AC14-021,04/08/2014,04-April,3-Tuesday,18:00,1800 Hours,District 1 (Central),STORY CITY,STORY,,8TH ST & LAFAYETTE AVE,Collision with:  Vehicle in traffic,On Roadway,Broadside (front to side),FTYROW:  From yield sign,None Indicated,,Daylight,Dry,Clear,None apparent,Intersection:  Four-way intersection,Paved,,Possible/Unknown,0,1,0,0,1,0,23000,2,2,,POINT (-93.592551455819 42.189396795707)
2014794457,AC-14-0020,04/08/2014,04-April,3-Tuesday,14:15,1400 Hours,District 6 (East Central),MONTICELLO,JONES,,BUSINESS HWY 151,Collision with:  Vehicle in traffic,On Roadway,"Sideswipe, same direction",Swerving/Evasive Action,None Indicated,,Daylight,Dry,Clear,None apparent,Non-intersection:  Non-junction/no special feature,Paved,,Property Damage Only,0,0,0,0,0,0,4500,2,3,,POINT (-91.188376649679 42.221227063721)
2014794136,20140009305,04/08/2014,04-April,3-Tuesday,12:55,1200 Hours,District 1 (Central),DES MOINES,POLK,US 6,US 6/EUCLID AVE,Collision with:  Vehicle in traffic,On Roadway,Broadside (front to side),Ran Traffic Signal,None Indicated,,Daylight,Dry,Cloudy,None apparent,Non-intersection:  Driveway access (within),Paved,,Property Damage Only,0,0,0,0,0,0,5300,2,4,,POINT (-93.650381211723 41.627683885792)
2014794072,W14-033822,04/08/2014,04-April,3-Tuesday,09:34,0900 Hours,District 2 (Northeast),WATERLOO,BLACK HAWK,,RAVENWOOD RD,Collision with:  Parked motor vehicle,On Roadway,Broadside (front to side),Unknown,None Indicated,,Daylight,Dry,Clear,None apparent,Non-intersection:  Other non-intersection (explain in narrative),Paved,,Property Damage Only,0,0,0,0,0,0,3000,2,1,,POINT (-92.340095246385 42.462868514103)
2014794093,1400730,04/08/2014,04-April,3-Tuesday,14:04,1400 Hours,District 5 (Southeast),BLOOMFIELD,DAVIS,,FRANKLIN ST,Collision with:  Parked motor vehicle,Shoulder,Broadside (front to side),Ran off road - right,None Indicated,,Daylight,Dry,Clear,None apparent,Non-intersection:  Non-junction/no special feature,Paved,,Possible/Unknown,0,1,0,0,1,0,11060,2,1,,POINT (-92.406002725796 40.750657909578)
2014794814,14-033894,04/08/2014,04-April,3-Tuesday,13:24,1300 Hours,District 2 (Northeast),,BLACK HAWK,,Co Rd C66/W DUNKERTON RD & Co Rd V25/WAGNER RD,Collision with:  Vehicle in traffic,On Roadway,Broadside (front to side),FTYROW:  From stop sign,None Indicated,,Daylight,Dry,Clear,None apparent,Intersection:  Four-way intersection,Paved,,Minor Injury,0,2,0,2,0,0,18000,2,2,,POINT (-92.376999124949 42.570640393827)
2014794140,20140009338,04/08/2014,04-April,3-Tuesday,16:36,1600 Hours,District 1 (Central),DES MOINES,POLK,,DES MOINES ST & HUBBELL AVE,Collision with:  Vehicle in traffic,On Roadway,Broadside (front to side),FTYROW:  From stop sign,None Indicated,,Daylight,Dry,Clear,None apparent,Intersection:  Four-way intersection,Paved,,Property Damage Only,0,0,0,0,0,0,2300,2,2,,POINT (-93.58586039467 41.596469522097)
2014796660,2014021862,04/08/2014,04-April,3-Tuesday,13:40,1300 Hours,District 1 (Central),,POLK,I-35,I-35,Collision with:  Vehicle in traffic,On Roadway,Rear-end (front to rear),Swerving/Evasive Action,None Indicated,,Daylight,Dry,Clear,None apparent,Non-intersection:  Non-junction/no special feature,Paved,,Property Damage Only,0,0,0,0,0,0,8000,2,4,,POINT (-93.633823831099 41.649474645981)
2014794423,20140009331,04/08/2014,04-April,3-Tuesday,16:20,1600 Hours,District 1 (Central),DES MOINES,POLK,,MULBERRY ST & 7TH ST,Collision with:  Vehicle in traffic,On Roadway,Rear-end (front to rear),Followed too close,None Indicated,,Daylight,Dry,Clear,None apparent,Intersection:  Other intersection (explain in narrative),Paved,,Property Damage Only,0,0,0,0,0,0,2100,2,3,,POINT (-93.625500112621 41.584722405676)
2014794218,140408-13RT1,04/08/2014,04-April,3-Tuesday,09:40,0900 Hours,District 5 (Southeast),OSCEOLA,CLARKE,US 34,US 34/W MC LANE ST,Collision with:  Vehicle in traffic,On Roadway,"Angle, oncoming left turn",Other (explain in narrative):  Vision obstructed,None Indicated,,Daylight,Dry,Clear,None apparent,Non-intersection:  Driveway access (within),Paved,,Possible/Unknown,0,1,0,0,1,0,9500,2,3,,POINT (-93.772516096891 41.03060573023)
2014799913,,04/08/2014,04-April,3-Tuesday,21:22,2100 Hours,District 2 (Northeast),VENTURA,CERRO GORDO,US 18,US 18/HWY 18 E,Unknown,On Roadway,Head-on (front to front),Crossed centerline (undivided),None Indicated,,Dark - roadway not lighted,Dry,Cloudy,None apparent,Non-intersection:  Non-junction/no special feature,Paved,,Major Injury,0,4,3,0,1,0,27000,3,4,,POINT (-93.463727447707 43.131471473738)
2014794141,20140009345,04/08/2014,04-April,3-Tuesday,17:55,1700 Hours,District 1 (Central),DES MOINES,POLK,,DOUGLAS AVE & 59TH ST,Collision with:  Vehicle in traffic,On Roadway,Broadside (front to side),Unknown,None Indicated,,Daylight,Dry,Clear,None apparent,Intersection:  Four-way intersection,Paved,,Property Damage Only,0,0,0,0,0,0,15000,2,2,,POINT (-93.699367800425 41.629404888004)
2014794321,,04/08/2014,04-April,3-Tuesday,13:22,1300 Hours,District 6 (East Central),CEDAR RAPIDS,LINN,,WILSON AVE SW,Collision with:  Vehicle in traffic,On Roadway,Broadside (front to side),FTYROW:  From driveway,None Indicated,,Daylight,Dry,Clear,,Non-intersection:  Driveway access (within),Paved,,Property Damage Only,0,0,0,0,0,0,7000,2,2,,POINT (-91.725051010694 41.956540392639)
2014794246,2014003742,04/08/2014,04-April,3-Tuesday,09:21,0900 Hours,District 6 (East Central),IOWA CITY,JOHNSON,,PRAIRIE DU CHIEN RD,Collision with:  Vehicle in traffic,On Roadway,"Sideswipe, same direction",Crossed centerline (undivided),None Indicated,,Daylight,Dry,Clear,None apparent,Non-intersection:  Non-junction/no special feature,Paved,,Property Damage Only,0,0,0,0,0,0,2500,2,2,,POINT (-91.521321127896 41.681520614912)