Iowa DOT Case Number,Law Enforcement Case Number,Date of Crash,Month of Crash,Day of Week,Time of Crash,Hour,DOT District,City Name,County Name,Route with System,Location Description,First Harmful Event,Location of First Harmful Event,Manner of Crash/Collision,Major Cause,Drug or Alcohol ,Environmental Conditions,Light Conditions,Surface Conditions,Weather Conditions,Roadway Contribution,Roadway Type,Roadway Surface,Work Zone,Crash Severity,Number of Fatalities,Number of Injuries,Number of Major Injuries,Number of Minor Injuries,Number of Possible Injuries,Number of Unknown Injuries,Amount of Property Damage,Number of Vehicles Involved,Total Number of Occupants,Travel Direction,Location
2014794800,2014021807,04/08/2014,04-April,3-Tuesday,07:45,0700 Hours,District 5 (Southeast),,LUCAS,,Co Rd H20/185TH TRL/545TH ST,Non-collision events:  Overturn/rollover,On Roadway,Non-collision (single vehicle),Swerving/Evasive Action,None Indicated,,Daylight,Dry,Clear,None apparent,Non-intersection:  Non-junction/no special feature,Paved,,Minor Injury,0,1,0,1,0,0,8500,1,1,,POINT (-93.400962443369 41.108957990556)
2014794112,2014003760,04/08/2014,04-April,3-Tuesday,16:49,1600 Hours,District 6 (East Central),IOWA CITY,JOHNSON,,KEOKUK ST,Collision with:  Vehicle in traffic,On Roadway,"Sideswipe, same direction",Other (explain in narrative):  Other,None Indicated,,Daylight,Dry,Cloudy,None apparent,Non-intersection:  Driveway access (within),Paved,,Property Damage Only,0,0,0,0,0,0,2000,2,2,,POINT (-91.524883494083 41.641792164315)
2014794994,,04/08/2014,04-April,3-Tuesday,21:50,2100 Hours,District 6 (East Central),CEDAR RAPIDS,LINN,I-380,I-380,Collision with:  Vehicle in traffic,On Roadway,Unknown,Unknown,None Indicated,,Daylight,Dry,Clear,,Non-intersection:  Non-junction/no special feature,Paved,,Property Damage Only,0,0,0,0,0,0,3000,2,2,,POINT (-91.670729748942 41.965795312988)
2014797588,201404882,04/08/2014,04-April,3-Tuesday,18:50,1800 Hours,District 6 (East Central),CEDAR RAPIDS,LINN,,EDGEWOOD RD SW,Collision with:  Vehicle in traffic,On Roadway,"Sideswipe, same direction",Made improper turn,None Indicated,,Daylight,Dry,Cloudy,None apparent,Non-intersection:  Non-junction/no special feature,Paved,,Property Damage Only,0,0,0,0,0,0,3500,2,3,,POINT (-91.716037779854 41.963140761024)
2014794151,14-1639,04/08/2014,04-April,3-Tuesday,14:40,1400 Hours,District 4 (Southwest),WEST DES MOINES,DALLAS,,JORDAN CREEK PKWY,Collision with:  Vehicle in traffic,On Roadway,Rear-end (front to rear),Followed too close,None Indicated,,Daylight,Dry,Clear,None apparent,Non-intersection:  Non-junction/no special feature,Paved,,Property Damage Only,0,0,0,0,0,0,2000,2,3,,POINT (-93.808857565611 41.598854856144)
2014794963,2014021797,04/08/2014,04-April,3-Tuesday,01:57,0100 Hours,District 1 (Central),DES MOINES,POLK,I-235,I-235,Collision with:  Vehicle in traffic,On Roadway,Rear-end (front to rear),Driver Distraction:  Passenger,None Indicated,,Dark - roadway lighted,Dry,Clear,None apparent,Non-intersection:  Non-junction/no special feature,Paved,,Property Damage Only,0,0,0,0,0,0,6000,2,4,,POINT (-93.575722332081 41.641142470181)
2014794251,201404878,04/08/2014,04-April,3-Tuesday,16:15,1600 Hours,District 6 (East Central),CEDAR RAPIDS,LINN,IA 100,IA 100/COLLINS RD NE,Collision with:  Vehicle in traffic,On Roadway,Rear-end (front to rear),Followed too close,None Indicated,,Daylight,Dry,Clear,None apparent,Non-intersection:  Non-junction/no special feature,Paved,,Possible/Unknown,0,1,0,0,1,0,5200,2,2,,POINT (-91.630275330175 42.027851142072)
2014794229,01-14-14443,04/08/2014,04-April,3-Tuesday,10:07,1000 Hours,District 6 (East Central),DUBUQUE,DUBUQUE,US 20,US 20/DODGE ST,Collision with:  Vehicle in traffic,On Roadway,"Sideswipe, same direction",FTYROW:  Other (explain in narrative),None Indicated,,Daylight,Dry,Clear,None apparent,Non-intersection:  Non-junction/no special feature,Paved,,Property Damage Only,0,0,0,0,0,0,4500,2,2,,POINT (-90.766468311208 42.468477924446)
2014795691,2014021808,04/08/2014,04-April,3-Tuesday,07:38,0700 Hours,District 6 (East Central),,JOHNSON,IA 1,IA 1/IOWA 1 & DILLONS FURROW RD,Collision with:  Vehicle in traffic,Shoulder,"Sideswipe, opposite direction",Crossed centerline (undivided),None Indicated,,Daylight,Dry,Clear,None apparent,Non-intersection:  Non-junction/no special feature,Paved,,Minor Injury,0,5,0,3,2,0,20000,2,5,,POINT (-91.481086018365 41.764136992249)
2014794124,2014003226,04/08/2014,04-April,3-Tuesday,08:28,0800 Hours,District 1 (Central),MARSHALLTOWN,MARSHALL,,S 2ND AVE,Collision with:  Vehicle in traffic,On Roadway,Broadside (front to side),Other (explain in narrative):  Other,None Indicated,,Daylight,Dry,Clear,None apparent,Intersection:  Four-way intersection,Paved,,Property Damage Only,0,0,0,0,0,0,4000,2,2,,POINT (-92.909639726855 42.04626549822)
2014794137,20130009343,04/08/2014,04-April,3-Tuesday,17:24,1700 Hours,District 1 (Central),DES MOINES,POLK,IA 163,IA 163/E UNIVERSITY AVE & E 21ST ST,Collision with:  Vehicle in traffic,On Roadway,Rear-end (front to rear),Followed too close,None Indicated,,Daylight,Dry,Clear,None apparent,Intersection:  Four-way intersection,Paved,,Property Damage Only,0,0,0,0,0,0,5500,2,2,,POINT (-93.580736929871 41.600503739833)
2014794352,14-002754,04/08/2014,04-April,3-Tuesday,11:15,1100 Hours,District 4 (Southwest),ATLANTIC,CASS,US 6,US 6/7TH ST & 22ND ST,Collision with:  Vehicle in traffic,On Roadway,Rear-end (front to rear),Followed too close,None Indicated,,Daylight,Dry,Cloudy,None apparent,Intersection:  T-intersection,Paved,,Property Damage Only,0,0,0,0,0,0,6500,2,3,,POINT (-95.036450467367 41.393321286469)
2014796659,2014021803,04/08/2014,04-April,3-Tuesday,07:36,0700 Hours,District 1 (Central),,POLK,I-35,I-35,Collision with fixed object:  Guardrail - face,On Roadway,Non-collision (single vehicle),Crossed centerline (undivided),None Indicated,,Daylight,Dry,Cloudy,None apparent,Non-intersection:  Non-junction/no special feature,Paved,,Property Damage Only,0,0,0,0,0,0,16525,1,1,,POINT (-93.570381062567 41.769204733898)
2014794845,201401100,04/08/2014,04-April,3-Tuesday,09:54,0900 Hours,District 6 (East Central),,LINN,,Co Rd E16/CENTRAL CITY RD & WEST OTTER RD,Collision with fixed object:  Other fixed object (explain in narrative),Roadside,Non-collision (single vehicle),Ran off road - right,None Indicated,,Daylight,Dry,Cloudy,None apparent,Intersection:  T-intersection,Paved,,Minor Injury,0,1,0,1,0,0,12000,1,1,,POINT (-91.715408249127 42.197567877303)
2014794212,W14-033852,04/08/2014,04-April,3-Tuesday,11:25,1100 Hours,District 2 (Northeast),WATERLOO,BLACK HAWK,,HAMMOND AVE & FLAMMANG DR,Collision with:  Vehicle in traffic,On Roadway,"Angle, oncoming left turn",Traveling wrong way or on wrong side of road,None Indicated,,Daylight,Dry,Clear,None apparent,Non-intersection:  Non-junction/no special feature,Paved,,Property Damage Only,0,0,0,0,0,0,5100,2,3,,POINT (-92.336898990815 42.462615914382)
2014794917,201400016683,04/08/2014,04-April,3-Tuesday,12:30,1200 Hours,District 5 (Southeast),OTTUMWA,WAPELLO,,E 4TH ST & N JEFFERSON ST,Collision with:  Vehicle in traffic,On Roadway,Broadside (front to side),Ran Stop Sign,None Indicated,,Daylight,Dry,Clear,None apparent,Intersection:  Four-way intersection,Paved,,Possible/Unknown,0,1,0,0,1,0,3500,3,6,,POINT (-92.407101416817 41.016986451396)
2014796291,2014-21569,04/08/2014,04-April,3-Tuesday,08:10,0800 Hours,District 6 (East Central),DAVENPORT,SCOTT,,E RUSHOLME ST & COLLEGE AVE,Collision with:  Parked motor vehicle,On Roadway,Rear-end (front to rear),Unknown,None Indicated,,Daylight,Dry,Cloudy,None apparent,Non-intersection:  Driveway access (within),Paved,,Property Damage Only,0,0,0,0,0,0,1500,2,1,,POINT (-90.555412900852 41.542857902441)
2014795813,14-001641,04/08/2014,04-April,3-Tuesday,07:51,0700 Hours,District 1 (Central),AMES,STORY,,MORTENSON RD,Collision with:  Vehicle in traffic,On Roadway,Rear-end (front to rear),Other (explain in narrative):  Other,None Indicated,,Daylight,Dry,Clear,None apparent,Non-intersection:  Non-junction/no special feature,Paved,,Property Damage Only,0,0,0,0,0,0,2050,2,3,,POINT (-93.679946583107 42.012133592719)
2014794215,14-5882,04/08/2014,04-April,3-Tuesday,22:47,2200 Hours,District 2 (Northeast),,BREMER,,Co Rd V49/REED AVE,Non-collision events:  Overturn/rollover,On Roadway,Non-collision (single vehicle),Swerving/Evasive Action,Alcohol (Statutory),,Dark - roadway not lighted,Dry,Clear,None apparent,Non-intersection:  Non-junction/no special feature,Paved,,Minor Injury,0,1,0,1,0,0,1500,1,1,,POINT (-92.219125294771 42.66759135662)
2014794071,W14-033797,04/08/2014,04-April,3-Tuesday,07:57,0700 Hours,District 2 (Northeast),WATERLOO,BLACK HAWK,,EASTON AVE & W 6TH ST,Collision with:  Vehicle in traffic,On Roadway,Broadside (front to side),Ran Stop Sign,None Indicated,,Daylight,Dry,Clear,None apparent,Intersection:  Four-way intersection,Paved,,Property Damage Only,0,0,0,0,0,0,2250,2,2,,POINT (-92.347165932362 42.473031612639)
2014796016,,04/08/2014,04-April,3-Tuesday,07:59,0700 Hours,District 6 (East Central),CEDAR RAPIDS,LINN,,E AVE NE,Collision with:  Vehicle in traffic,On Roadway,Rear-end (front to rear),Unknown,None Indicated,,Daylight,Dry,Clear,,Non-intersection:  Non-junction/no special feature,Paved,,Minor Injury,0,1,0,1,0,0,3700,2,3,,POINT (-91.64470231916 41.999229030618)
2014794289,14-000398,04/08/2014,04-April,3-Tuesday,16:45,1600 Hours,District 1 (Central),JOHNSTON,POLK,,NW 57TH AVE & MERLE HAY RD,Collision with:  Vehicle in traffic,On Roadway,Broadside (front to side),FTYROW:  From stop sign,None Indicated,,Daylight,Dry,Clear,None apparent,Intersection:  T-intersection,Paved,,Property Damage Only,0,0,0,0,0,0,2800,2,2,,POINT (-93.697710449285 41.663849272687)
2014794252,201404885,04/08/2014,04-April,3-Tuesday,20:10,2000 Hours,District 6 (East Central),CEDAR RAPIDS,LINN,,CENTER POINT RD NE,Collision with:  Vehicle in traffic,On Roadway,"Angle, oncoming left turn",FTYROW:  Making left turn,Refused,,Dark - roadway lighted,Dry,Clear,None apparent,Non-intersection:  Driveway access (within),Paved,,Property Damage Only,0,0,0,0,0,0,9500,2,3,,POINT (-91.668045167919 42.033789601723)
2014794415,20140009363,04/08/2014,04-April,3-Tuesday,23:09,2300 Hours,District 1 (Central),DES MOINES,POLK,,E PARK AVE & INDIANOLA AVE,Collision with:  Vehicle in traffic,On Roadway,"Sideswipe, same direction",Other (explain in narrative):  Other,None Indicated,,Dark - roadway lighted,Dry,Clear,None apparent,Intersection:  Four-way intersection,Paved,,Property Damage Only,0,0,0,0,0,0,1500,2,2,,POINT (-93.598823558485 41.555356578648)
2014794157,14-013563,04/08/2014,04-April,3-Tuesday,14:50,1400 Hours,District 4 (Southwest),COUNCIL BLUFFS,POTTAWATTAMIE,,AVE D & N 9TH ST,Collision with:  Vehicle in traffic,On Roadway,Broadside (front to side),FTYROW:  At uncontrolled intersection,None Indicated,,Daylight,Dry,Clear,None apparent,Non-intersection:  Non-junction/no special feature,Paved,,Property Damage Only,0,0,0,0,0,0,3100,2,2,,POINT (-95.85742366704 41.265192828795)
2014794576,2014003744,04/08/2014,04-April,3-Tuesday,11:47,1100 Hours,District 6 (East Central),IOWA CITY,JOHNSON,,CAE DR & ROHRET RD & MORMON TREK BLVD,Collision with:  Vehicle in traffic,On Roadway,"Angle, oncoming left turn",FTYROW:  Making left turn,None Indicated,,Daylight,Dry,Clear,None apparent,Intersection:  Four-way intersection,Paved,,Property Damage Only,0,0,0,0,0,0,4000,2,3,,POINT (-91.574146130513 41.645728448554)
2014794305,14-003776,04/08/2014,04-April,3-Tuesday,23:23,2300 Hours,District 1 (Central),,TAMA,,FORMER US 30,Collision with fixed object:  Ditch,On Roadway,Non-collision (single vehicle),Ran off road - straight,None Indicated,,Dark - roadway lighted,Dry,Cloudy,None apparent,Non-intersection:  Non-junction/no special feature,Paved,,Property Damage Only,0,0,0,0,0,0,2100,1,1,,POINT (-92.609257123241 41.992938240978)
2014801845,,04/08/2014,04-April,3-Tuesday,17:22,1700 Hours,District 5 (Southeast),,MUSCATINE,US 61,US 61 & Co Rd Y36/ZACHARY AVE,Collision with:  Vehicle in traffic,On Roadway,Rear-end (front to rear),FTYROW:  Other (explain in narrative),None Indicated,,Daylight,Dry,Clear,None apparent,Intersection:  Other intersection (explain in narrative),Paved,,Property Damage Only,0,0,0,0,0,0,3500,2,2,,POINT (-90.794086401631 41.51280411474)
2014794132,14-001532,04/08/2014,04-April,3-Tuesday,09:45,0900 Hours,District 1 (Central),ANKENY,POLK,,SE LORENZ DR & SE HULSIZER DR,Collision with:  Vehicle in traffic,On Roadway,Broadside (front to side),Ran Stop Sign,None Indicated,,Daylight,Dry,Clear,None apparent,Intersection:  T-intersection,Paved,,Property Damage Only,0,0,0,0,0,0,2050,2,3,,POINT (-93.586023329456 41.708535758543)
2014794117,14007078,04/08/2014,04-April,3-Tuesday,20:42,2000 Hours,District 6 (East Central),MARION,LINN,IA 100,IA 100/COLLINS RD SE,Collision with:  Animal,On Roadway,Non-collision (single vehicle),Animal,None Indicated,,Dark - roadway lighted,Dry,Clear,None apparent,Non-intersection:  Non-junction/no special feature,Paved,,Property Damage Only,0,0,0,0,0,0,4500,1,2,,POINT (-91.580707200769 42.016693389305)
2014795250,14S00444,04/08/2014,04-April,3-Tuesday,01:07,0100 Hours,District 4 (Southwest),,UNION,US 34,US 34,Collision with:  Animal,On Roadway,Non-collision (single vehicle),Animal,None Indicated,,Dark - roadway lighted,Dry,Clear,None apparent,Non-intersection:  Non-junction/no special feature,Paved,,Possible/Unknown,0,1,0,0,1,0,3000,1,2,,POINT (-94.394506639397 41.035396127564)
2014794475,,04/08/2014,04-April,3-Tuesday,15:50,1500 Hours,District 6 (East Central),DE WITT,CLINTON,,MAPLEWOOD CT,Collision with:  Parked motor vehicle,On Roadway,Broadside (front to side),Other (explain in narrative):  No improper action,None Indicated,,Daylight,Dry,,None apparent,Non-intersection:  Non-junction/no special feature,Paved,,Property Damage Only,0,0,0,0,0,0,1500,2,1,,POINT (-90.550257406712 41.830919404243)
2014807893,CP14-0285,04/08/2014,04-April,3-Tuesday,13:40,1300 Hours,District 2 (Northeast),CLARION,WRIGHT,IA 3,IA 3/CENTRAL AVE & 5TH ST SE & 5TH ST NE,Collision with:  Parked motor vehicle,On Roadway,"Sideswipe, same direction",Unknown,None Indicated,,Daylight,Dry,Clear,None apparent,Non-intersection:  Non-junction/no special feature,Paved,,Property Damage Only,0,0,0,0,0,0,2000,2,1,,POINT (-93.726378974242 42.731735883435)
2014794360,14-11601,04/08/2014,04-April,3-Tuesday,15:43,1500 Hours,District 5 (Southeast),BURLINGTON,DES MOINES,,UNIVERSITY PL & CENTRAL AVE,Collision with:  Vehicle in traffic,On Roadway,Rear-end (front to rear),Followed too close,None Indicated,,Daylight,Dry,Clear,None apparent,Non-intersection:  Non-junction/no special feature,Paved,,Property Damage Only,0,0,0,0,0,0,10000,2,12,,POINT (-91.112053017025 40.810238200793)
2014809448,2014021800,04/08/2014,04-April,3-Tuesday,06:34,0600 Hours,District 4 (Southwest),,MADISON,US 169,US 169,Collision with:  Animal,On Roadway,Non-collision (single vehicle),Animal,None Indicated,,Dawn,Dry,Clear,None apparent,Non-intersection:  Non-junction/no special feature,Paved,,Property Damage Only,0,0,0,0,0,0,6000,1,1,,POINT (-94.018002127125 41.391124374236)
2014794092,140853,04/08/2014,04-April,3-Tuesday,20:49,2000 Hours,District 3 (Northwest),,CRAWFORD,US 30,US 30,Collision with:  Animal,,Non-collision (single vehicle),Animal,None Indicated,,,,,,,Paved,,Property Damage Only,0,0,0,0,0,0,3000,1,1,,POINT (-95.310911011763 42.019897731545)
2014797721,14050119,04/08/2014,04-April,3-Tuesday,22:23,2200 Hours,District 6 (East Central),,JOHNSON,IA 22,IA 22/IOWA 22 & Co Rd W66/SIOUX AVE,Collision with:  Vehicle in traffic,On Roadway,Unknown,Ran Stop Sign,None Indicated,,Dark - roadway not lighted,Dry,Clear,None apparent,Intersection:  Four-way intersection,Paved,,Property Damage Only,0,0,0,0,0,0,11000,2,2,,POINT (-91.483416205115 41.496465501224)
2014794903,2014-21416,04/08/2014,04-April,3-Tuesday,19:29,1900 Hours,District 6 (East Central),DAVENPORT,SCOTT,,E LOCUST ST,Collision with:  Vehicle in traffic,On Roadway,Rear-end (front to rear),Followed too close,None Indicated,,Dark - roadway lighted,Dry,Cloudy,None apparent,Non-intersection:  Non-junction/no special feature,Paved,,Property Damage Only,0,0,0,0,0,0,2000,2,2,,POINT (-90.573758743642 41.538257121145)
2014794414,20140009341,04/08/2014,04-April,3-Tuesday,17:30,1700 Hours,District 1 (Central),DES MOINES,POLK,,MULBERRY ST,Collision with:  Vehicle in traffic,Shoulder,Rear-end (front to rear),"Operating vehicle in an reckless, erratic, careless, negligent manner",None Indicated,,Daylight,Dry,Clear,None apparent,Non-intersection:  Non-junction/no special feature,Paved,,Property Damage Only,0,0,0,0,0,0,4000,2,3,,POINT (-93.625033211275 41.584824023688)
2014794806,,04/08/2014,04-April,3-Tuesday,17:00,1700 Hours,District 6 (East Central),CEDAR RAPIDS,LINN,,OLD MARION RD NE,Collision with:  Vehicle in traffic,On Roadway,Rear-end (front to rear),Unknown,None Indicated,,Daylight,Dry,Clear,,Non-intersection:  Driveway access (within),Paved,,Property Damage Only,0,0,0,0,0,0,3000,2,2,,POINT (-91.650624801515 42.021220357582)
2014794152,14-0274,04/08/2014,04-April,3-Tuesday,13:00,1300 Hours,District 1 (Central),WINDSOR HEIGHTS,POLK,I-235,I-235 & IA 28/63RD ST,Collision with:  Vehicle in traffic,On Roadway,Rear-end (front to rear),Followed too close,None Indicated,,Daylight,Dry,Clear,None apparent,Non-intersection:  Other non-intersection (explain in narrative),Paved,,Property Damage Only,0,0,0,0,0,0,6500,2,3,,POINT (-93.703547074101 41.593089384838)
2014795026,14-003473,04/08/2014,04-April,3-Tuesday,09:37,0900 Hours,District 2 (Northeast),,WINNESHIEK,,Co Rd W42/CO RD W42,Collision with fixed object:  Ditch,Shoulder,Non-collision (single vehicle),Crossed centerline (undivided),None Indicated,,Daylight,Dry,Clear,None apparent,Non-intersection:  Non-junction/no special feature,Paved,,Property Damage Only,0,0,0,0,0,0,2500,1,1,,POINT (-91.779897343861 43.089256310504)
2014801686,,04/08/2014,04-April,3-Tuesday,14:43,1400 Hours,District 5 (Southeast),,MUSCATINE,,Co Rd Y36/171ST ST/ZACHARY AVE,Collision with:  Vehicle in traffic,On Roadway,Broadside (front to side),Unknown,None Indicated,,Daylight,Dry,Clear,None apparent,Intersection:  T-intersection,Paved,,Property Damage Only,0,0,0,0,0,0,11500,2,2,,POINT (-90.80277238286 41.491237462625)
2014794213,201401443,04/08/2014,04-April,3-Tuesday,12:37,1200 Hours,District 1 (Central),,BOONE,US 30,US 30/220TH ST & Co Rd E41/T AVE,Collision with fixed object:  Traffic sign support,On Roadway,Broadside (front to side),Swerving/Evasive Action,None Indicated,,Daylight,Dry,Cloudy,None apparent,Intersection:  Four-way intersection,Paved,,Property Damage Only,0,0,0,0,0,0,2800,2,3,,POINT (-93.79702359464 42.032716851289)
2014794373,P14-004064,04/08/2014,04-April,3-Tuesday,20:43,2000 Hours,District 1 (Central),WEBSTER CITY,HAMILTON,IA 17,IA 17/BRIGGS WOOD RD,Collision with:  Animal,,,Animal,None Indicated,,,,,,,Paved,,Property Damage Only,0,0,0,0,0,0,2000,1,1,,POINT (-93.806668707256 42.432777512525)
2014795818,14-001677,04/09/2014,04-April,4-Wednesday,17:26,1700 Hours,District 1 (Central),AMES,STORY,,BLOOMINGTON RD & HYDE AVE,Collision with:  Vehicle in traffic,On Roadway,"Angle, oncoming left turn",FTYROW:  Making left turn,None Indicated,,Daylight,Dry,Clear,None apparent,Intersection:  T-intersection,Paved,,Property Damage Only,0,0,0,0,0,0,6000,2,2,,POINT (-93.641297303795 42.056290001559)
2014794478,,04/09/2014,04-April,4-Wednesday,06:46,0600 Hours,District 5 (Southeast),WILTON,MUSCATINE,,W 3RD ST & MAPLE ST,Collision with:  Vehicle in traffic,On Roadway,Head-on (front to front),FTYROW:  Other (explain in narrative),None Indicated,,Daylight,Dry,Clear,None apparent,Intersection:  T-intersection,Paved,,Property Damage Only,0,0,0,0,0,0,3000,2,3,,POINT (-91.027422751109 41.588242870938)
2014794216,14-5925,04/09/2014,04-April,4-Wednesday,20:18,2000 Hours,District 2 (Northeast),,BREMER,US 63,US 63,Collision with:  Animal,,,Animal,None Indicated,,,,,,,Paved,,Property Damage Only,0,0,0,0,0,0,6000,1,777,,POINT (-92.337309881237 42.722864482529)
2014794231,01-14-14593,04/09/2014,04-April,4-Wednesday,12:35,1200 Hours,District 6 (East Central),DUBUQUE,DUBUQUE,,JOHN F KENNEDY RD,Collision with:  Non-motorist (see non-motorist section - NOT a unit),On Roadway,Non-collision (single vehicle),FTYROW:  To pedestrian,None Indicated,,Daylight,Dry,Clear,None apparent,Non-intersection:  Non-junction/no special feature,Paved,,Possible/Unknown,0,1,0,0,1,0,0,1,1,,POINT (-90.720425074139 42.506779908497)
2014794911,14-4002,04/09/2014,04-April,4-Wednesday,21:15,2100 Hours,District 3 (Northwest),,SIOUX,,Co Rd B46/420TH ST,Collision with:  Vehicle in traffic,On Roadway,Rear-end (front to rear),Swerving/Evasive Action,None Indicated,,Dark - roadway not lighted,Dry,Clear,None apparent,Non-intersection:  Non-junction/no special feature,Paved,,Minor Injury,0,2,0,2,0,0,7000,2,3,,POINT (-96.339531217637 43.040632388005)
2014809958,142295PD,04/09/2014,04-April,4-Wednesday,18:24,1800 Hours,District 1 (Central),BOONE,BOONE,,11TH ST & GREENE ST,Collision with:  Vehicle in traffic,On Roadway,Broadside (front to side),FTYROW:  From stop sign,None Indicated,,Daylight,Dry,Clear,None apparent,Intersection:  Four-way intersection,Paved,,Property Damage Only,0,0,0,0,0,0,3000,2,4,,POINT (-93.883427765679 42.066903356244)
2014794214,201401468,04/09/2014,04-April,4-Wednesday,22:10,2200 Hours,District 1 (Central),,BOONE,,Co Rd E57/270TH ST,Collision with:  Animal,,,Animal,None Indicated,,,,,,,Paved,,Property Damage Only,0,0,0,0,0,0,2000,1,777,,POINT (-93.944117338766 41.964808626042)
2014795668,2014-7127,04/09/2014,04-April,4-Wednesday,06:03,0600 Hours,District 5 (Southeast),,WARREN,US 65,US 65 & DELAWARE ST,Collision with:  Animal,On Roadway,Non-collision (single vehicle),Animal,None Indicated,,Dawn,Dry,Clear,None apparent,Non-intersection:  Non-junction/no special feature,Paved,,Property Damage Only,0,0,0,0,0,0,13000,1,1,,POINT (-93.558244866939 41.459181671014)
2014794493,,04/09/2014,04-April,4-Wednesday,14:11,1400 Hours,District 3 (Northwest),,POCAHONTAS,,240TH AVE,Non-collision events:  Overturn/rollover,On Roadway,Non-collision (single vehicle),Over correcting/over steering,None Indicated,,Daylight,Dry,Cloudy,None apparent,Non-intersection:  Non-junction/no special feature,Unpaved,,Property Damage Only,0,0,0,0,0,0,5000,1,2,,POINT (-94.638985604703 42.714665498994)
2014794489,,04/09/2014,04-April,4-Wednesday,15:30,1500 Hours,District 3 (Northwest),KINGSLEY,PLYMOUTH,,322ND ST & W 1ST ST,Collision with:  Vehicle in traffic,On Roadway,Rear-end (front to rear),Other (explain in narrative):  Other,None Indicated,,Daylight,Dry,Clear,None apparent,Non-intersection:  Non-junction/no special feature,Paved,,Property Damage Only,0,0,0,0,0,0,2800,2,2,,POINT (-95.979425604937 42.586657335102)
2014794364,14-11658,04/09/2014,04-April,4-Wednesday,08:30,0800 Hours,District 5 (Southeast),BURLINGTON,DES MOINES,US 61,US 61 & AGENCY ST,Collision with:  Vehicle in traffic,On Roadway,"Sideswipe, same direction",Other (explain in narrative):  Other,None Indicated,,Daylight,Dry,Clear,None apparent,Intersection:  Four-way intersection,Paved,,Property Damage Only,0,0,0,0,0,0,6000,2,3,,POINT (-91.141444514185 40.814850143055)
2014794579,2014003814,04/09/2014,04-April,4-Wednesday,19:40,1900 Hours,District 6 (East Central),IOWA CITY,JOHNSON,,S MADISON ST & UNIVERSITY OF IOWA,Collision with:  Non-motorist (see non-motorist section - NOT a unit),On Roadway,Non-collision (single vehicle),Other (explain in narrative):  No improper action,None Indicated,,Daylight,Dry,Clear,None apparent,Intersection:  T-intersection,Paved,,Minor Injury,0,1,0,1,0,0,750,1,3,,POINT (-91.537719347062 41.658772028105)
2014801844,,04/09/2014,04-April,4-Wednesday,18:16,1800 Hours,District 5 (Southeast),,MUSCATINE,IA 70,IA 70/IOWA 70 & 130TH ST,Collision with fixed object:  Ditch,Shoulder,Non-collision (single vehicle),Ran off road - right,None Indicated,,Daylight,Dry,Clear,None apparent,Intersection:  T-intersection,Paved,,Possible/Unknown,0,1,0,0,1,0,5000,1,1,,POINT (-91.252542040049 41.553652056977)
2014797722,14050171,04/09/2014,04-April,4-Wednesday,00:31,0000 Hours,District 6 (East Central),,JOHNSON,US 6,US 6,Collision with:  Animal,,,Animal,None Indicated,,,,,,,Paved,,Property Damage Only,0,0,0,0,0,0,7000,1,1,,POINT (-91.744737536404 41.723898725618)
2014795296,01-14-14563,04/09/2014,04-April,4-Wednesday,08:02,0800 Hours,District 6 (East Central),DUBUQUE,DUBUQUE,US 20,US 20/DODGE ST & IA 946/IOWA 946,Collision with:  Vehicle in traffic,On Roadway,Rear-end (front to rear),Lost Control,None Indicated,,Daylight,Dry,Clear,None apparent,Non-intersection:  Non-junction/no special feature,Paved,,Property Damage Only,0,0,0,0,0,0,1700,2,2,,POINT (-90.665098532681 42.492004570747)
2014828296,14040267,04/09/2014,04-April,4-Wednesday,23:26,2300 Hours,District 5 (Southeast),,WAPELLO,US 63,US 63/SE RAMP B,Collision with fixed object:  Bridge overhead structure,On Roadway,Non-collision (single vehicle),Swerving/Evasive Action,Refused,,Dark - roadway not lighted,Dry,Clear,None apparent,Non-intersection:  Non-junction/no special feature,Paved,,Property Damage Only,0,0,0,0,0,0,4500,1,1,,POINT (-92.618368054087 41.145866411224)
2014794253,201404915,04/09/2014,04-April,4-Wednesday,10:15,1000 Hours,District 6 (East Central),CEDAR RAPIDS,LINN,IA 100,IA 100/NE RAMP A/PROPOSED IA100 NW RAMP C & EDGEWOOD RD NE & BUFFALO RD NE,Collision with:  Vehicle in traffic,On Roadway,Rear-end (front to rear),Followed too close,None Indicated,,Daylight,Dry,Cloudy,None apparent,Intersection:  Four-way intersection,Paved,,Possible/Unknown,0,2,0,0,2,0,7000,4,4,,POINT (-91.70171574859 42.029564189069)
2014794397,1400000303,04/09/2014,04-April,4-Wednesday,17:41,1700 Hours,District 1 (Central),,MARSHALL,,Co Rd E63/280TH ST/LAFAYETTE AVE,Non-collision events:  Overturn/rollover,On Roadway,Non-collision (single vehicle),Driving too fast for conditions,Alcohol (Statutory),,Daylight,Dry,Clear,None apparent,Intersection:  T-intersection,Paved,,Major Injury,0,1,1,0,0,0,4000,1,1,,POINT (-93.019183666763 41.9495498047)
2014794656,14-001588,04/09/2014,04-April,4-Wednesday,15:40,1500 Hours,District 1 (Central),ANKENY,POLK,,W 1ST ST,Collision with:  Other non-fixed object (explain in narrative),On Roadway,Non-collision (single vehicle),Other (explain in narrative):  No improper action,None Indicated,,Daylight,Dry,Unknown,Work Zone (roadway-related),Non-intersection:  Non-junction/no special feature,Paved,Yes,Property Damage Only,0,0,0,0,0,0,2000,1,2,,POINT (-93.637650367444 41.731778276558)