Iowa DOT Case Number,Law Enforcement Case Number,Date of Crash,Month of Crash,Day of Week,Time of Crash,Hour,DOT District,City Name,County Name,Route with System,Location Description,First Harmful Event,Location of First Harmful Event,Manner of Crash/Collision,Major Cause,Drug or Alcohol ,Environmental Conditions,Light Conditions,Surface Conditions,Weather Conditions,Roadway Contribution,Roadway Type,Roadway Surface,Work Zone,Crash Severity,Number of Fatalities,Number of Injuries,Number of Major Injuries,Number of Minor Injuries,Number of Possible Injuries,Number of Unknown Injuries,Amount of Property Damage,Number of Vehicles Involved,Total Number of Occupants,Travel Direction,Location
2014794926,201400016891,04/09/2014,04-April,4-Wednesday,11:15,1100 Hours,District 5 (Southeast),OTTUMWA,WAPELLO,,E 2ND ST & S GREEN ST & N GREEN ST,Collision with:  Vehicle in traffic,On Roadway,Broadside (front to side),Ran Stop Sign,None Indicated,,Daylight,Dry,Cloudy,None apparent,Intersection:  Other intersection (explain in narrative),Paved,,Possible/Unknown,0,1,0,0,1,0,9000,2,2,,POINT (-92.409540166811 41.016917896861)
2014794396,1400000298,04/09/2014,04-April,4-Wednesday,00:55,0000 Hours,District 1 (Central),,MARSHALL,,Co Rd T29/WALLACE AVE,Collision with fixed object:  Utility pole/light support,On Roadway,Non-collision (single vehicle),Swerving/Evasive Action,None Indicated,,Dark - roadway not lighted,Dry,Clear,None apparent,Non-intersection:  Non-junction/no special feature,Paved,,Possible/Unknown,0,1,0,0,1,0,18000,1,1,,POINT (-92.825115852954 42.10788966568)
2014795085,14-6503,04/09/2014,04-April,4-Wednesday,16:52,1600 Hours,District 6 (East Central),BETTENDORF,SCOTT,I-74,I-74,Collision with:  Vehicle in traffic,On Roadway,Rear-end (front to rear),Swerving/Evasive Action,None Indicated,,Daylight,Dry,Clear,None apparent,Non-intersection:  Other non-intersection (explain in narrative),Paved,,Major Injury,0,1,1,0,0,0,3300,2,4,,POINT (-90.514384244033 41.529558085435)
2014794298,14-6515,04/09/2014,04-April,4-Wednesday,20:40,2000 Hours,District 6 (East Central),BETTENDORF,SCOTT,I-74,I-74 & MIDDLE RD,Collision with:  Vehicle in traffic,On Roadway,"Angle, oncoming left turn",Ran Traffic Signal,None Indicated,,Dark - roadway lighted,Dry,Clear,None apparent,Intersection:  Intersection with ramp,Paved,,Property Damage Only,0,0,0,0,0,0,5800,2,3,,POINT (-90.517176841114 41.541461815282)
2014794285,14-0752,04/09/2014,04-April,4-Wednesday,15:36,1500 Hours,District 1 (Central),URBANDALE,POLK,I-35,I-35,,On Roadway,Non-collision (single vehicle),Other (explain in narrative):  No improper action,None Indicated,,Daylight,Dry,Clear,Debris,Non-intersection:  Non-junction/no special feature,Paved,,Property Damage Only,0,0,0,0,0,0,1501,1,1,,POINT (-93.705537828828 41.652461520497)
2014794232,01-14-14637,04/09/2014,04-April,4-Wednesday,16:41,1600 Hours,District 6 (East Central),DUBUQUE,DUBUQUE,,ASBURY RD,Collision with:  Vehicle in traffic,On Roadway,Rear-end (front to rear),Lost Control,None Indicated,,Daylight,Dry,Clear,None apparent,Non-intersection:  Non-junction/no special feature,Paved,,Property Damage Only,0,0,0,0,0,0,2000,3,5,,POINT (-90.744693294024 42.51525695317)
2014798944,14-087,04/09/2014,04-April,4-Wednesday,18:00,1800 Hours,District 4 (Southwest),,TAYLOR,,110TH ST & QUAIL AVE,Non-collision events:  Overturn/rollover,On Roadway,Non-collision (single vehicle),Over correcting/over steering,None Indicated,,Daylight,"Mud, dirt",Clear,"Surface condition (e.g., wet, icy)",Non-intersection:  Non-junction/no special feature,Unpaved,,Minor Injury,0,1,0,1,0,0,5000,1,1,,POINT (-94.624124078741 40.884570720551)
2014795815,14-001668,04/09/2014,04-April,4-Wednesday,11:30,1100 Hours,District 1 (Central),AMES,STORY,US 69,US 69/S DUFF AVE & S 3RD ST & SE 3RD ST,Collision with:  Vehicle in traffic,On Roadway,"Sideswipe, same direction",Other (explain in narrative):  Other,None Indicated,,Daylight,Dry,Clear,None apparent,Intersection:  Four-way intersection,Paved,,Property Damage Only,0,0,0,0,0,0,10998,2,2,,POINT (-93.610315345039 42.020171535371)
2014794863,14-002157,04/09/2014,04-April,4-Wednesday,09:50,0900 Hours,District 3 (Northwest),,MONONA,IA 183,IA 183/IOWA 183,Non-collision events:  Overturn/rollover,On Roadway,Non-collision (single vehicle),Swerving/Evasive Action,None Indicated,,Daylight,Dry,Clear,None apparent,Non-intersection:  Non-junction/no special feature,Paved,,Major Injury,0,1,1,0,0,0,5000,1,1,,POINT (-95.868999220506 41.908407474778)
2014794261,14014648,04/09/2014,04-April,4-Wednesday,07:50,0700 Hours,District 5 (Southeast),MUSCATINE,MUSCATINE,,FULLIAM AVE & TIMBERLINE DR,Collision with:  Vehicle in traffic,On Roadway,Broadside (front to side),FTYROW:  From stop sign,None Indicated,,Daylight,Dry,Cloudy,None apparent,Intersection:  T-intersection,Paved,,Property Damage Only,0,0,0,0,0,0,2500,2,2,,POINT (-91.066483798631 41.430864221866)
2014794143,20140009380,04/09/2014,04-April,4-Wednesday,07:57,0700 Hours,District 1 (Central),DES MOINES,POLK,I-235,I-235,Collision with:  Vehicle in traffic,On Roadway,"Sideswipe, same direction",Improper or erratic lane changing,None Indicated,,Daylight,Dry,Clear,None apparent,Non-intersection:  Non-junction/no special feature,Paved,,Property Damage Only,0,0,0,0,0,0,5000,2,3,,POINT (-93.655085988881 41.593168562688)
2014797723,14050176,04/09/2014,04-April,4-Wednesday,00:31,0000 Hours,District 6 (East Central),,JOHNSON,US 6,US 6,Collision with:  Animal,,,Animal,None Indicated,,,,,,,Paved,,Property Damage Only,0,0,0,0,0,0,2000,1,1,,POINT (-91.744737536404 41.723898725618)
2014794257,201404942,04/09/2014,04-April,4-Wednesday,16:25,1600 Hours,District 6 (East Central),CEDAR RAPIDS,LINN,I-380,I-380 & IA 922/1ST AVE/1ST AVE W & 3RD ST SW & 3RD ST NW,Collision with:  Vehicle in traffic,On Roadway,Broadside (front to side),Ran Traffic Signal,None Indicated,,Daylight,Dry,Clear,None apparent,Intersection:  Four-way intersection,Paved,,Property Damage Only,0,0,0,0,0,0,7500,2,2,,POINT (-91.675702708089 41.975651816104)
2014794905,2014-21659,04/09/2014,04-April,4-Wednesday,17:22,1700 Hours,District 6 (East Central),DAVENPORT,SCOTT,,E 53RD ST,Collision with:  Vehicle in traffic,On Roadway,Rear-end (front to rear),Followed too close,None Indicated,,Daylight,Dry,Clear,None apparent,Non-intersection:  Non-junction/no special feature,Paved,,Property Damage Only,0,0,0,0,0,0,2000,2,4,,POINT (-90.550732900285 41.574721838598)
2014795190,C14001087,04/09/2014,04-April,4-Wednesday,09:00,0900 Hours,District 6 (East Central),CORALVILLE,JOHNSON,US 6,US 6/2ND ST & CAMP CARDINAL BLVD & 22ND AVE,Collision with:  Vehicle in traffic,On Roadway,"Angle, oncoming left turn",Made improper turn,None Indicated,,Daylight,Dry,Clear,None apparent,Non-intersection:  Non-junction/no special feature,Paved,,Property Damage Only,0,0,0,0,0,0,3500,2,4,,POINT (-91.595795483899 41.681698268838)
2014797555,14002018,04/09/2014,04-April,4-Wednesday,07:15,0700 Hours,District 2 (Northeast),,CERRO GORDO,,Co Rd B20/310TH ST,Collision with:  Animal,,,Animal,None Indicated,,,,,,,Paved,,Property Damage Only,0,0,0,0,0,0,2500,1,1,,POINT (-93.472805257556 43.213350972433)
2014794278,20140009444,04/09/2014,04-April,4-Wednesday,17:09,1700 Hours,District 1 (Central),DES MOINES,POLK,,MULBERRY ST & 8TH ST,Collision with:  Non-motorist (see non-motorist section - NOT a unit),On Roadway,Non-collision (single vehicle),FTYROW:  To pedestrian,None Indicated,,Daylight,Dry,Clear,None apparent,Non-intersection:  Non-junction/no special feature,Paved,,Minor Injury,0,1,0,1,0,0,0,1,1,,POINT (-93.626745378602 41.584472427623)
2014795862,2014021986,04/09/2014,04-April,4-Wednesday,09:44,0900 Hours,District 1 (Central),,POLK,I-35,I-35,Collision with fixed object:  Concrete traffic barrier (median or right side),On Roadway,Non-collision (single vehicle),Ran off road - left,None Indicated,,Daylight,Dry,Clear,None apparent,Non-intersection:  Non-junction/no special feature,Paved,,Possible/Unknown,0,1,0,0,1,0,8000,1,1,,POINT (-93.668351366934 41.65081027993)
2014794147,20140009400,04/09/2014,04-April,4-Wednesday,11:45,1100 Hours,District 1 (Central),DES MOINES,POLK,,FLEUR DR,Collision with:  Vehicle in traffic,On Roadway,Broadside (front to side),FTYROW:  From driveway,None Indicated,,Daylight,Dry,Clear,None apparent,Non-intersection:  Driveway access (within),Paved,,Property Damage Only,0,0,0,0,0,0,5000,2,4,,POINT (-93.645007169938 41.546135514481)
2014794150,14-1650,04/09/2014,04-April,4-Wednesday,07:13,0700 Hours,District 1 (Central),WEST DES MOINES,POLK,I-235,I-235,Collision with:  Vehicle in traffic,On Roadway,"Sideswipe, same direction",Swerving/Evasive Action,None Indicated,,Daylight,Dry,Clear,None apparent,Non-intersection:  Non-junction/no special feature,Paved,,Property Damage Only,0,0,0,0,0,0,3000,2,2,,POINT (-93.735245098274 41.592918059667)
2014794264,14-2326,04/09/2014,04-April,4-Wednesday,17:10,1700 Hours,District 1 (Central),,POLK,,NE 27TH AVE,Collision with:  Vehicle in traffic,On Roadway,Rear-end (front to rear),Other (explain in narrative):  Other,None Indicated,,Daylight,Dry,Clear,None apparent,Intersection:  Shared use path or trail,Paved,,Property Damage Only,0,0,0,0,0,0,5500,2,2,,POINT (-93.493946796884 41.618482516192)
2014794220,140856,04/09/2014,04-April,4-Wednesday,04:40,0400 Hours,District 3 (Northwest),,CRAWFORD,,Co Rd M27/VERNON VOSS RD,Non-collision events:  Other non-collision (explain in narrative),Shoulder,Non-collision (single vehicle),Ran off road - left,None Indicated,,Dark - roadway not lighted,"Mud, dirt",Clear,None apparent,Non-intersection:  Non-junction/no special feature,Unpaved,,Minor Injury,0,1,0,1,0,0,6200,1,1,,POINT (-95.372043517774 42.055519774504)
2014798053,14-002474,04/09/2014,04-April,4-Wednesday,08:33,0800 Hours,District 2 (Northeast),,CLAYTON,,378TH ST,Non-collision events:  Overturn/rollover,On Roadway,Non-collision (single vehicle),Swerving/Evasive Action,None Indicated,,Daylight,Dry,Clear,None apparent,Non-intersection:  Non-junction/no special feature,Unpaved,,Minor Injury,0,1,0,1,0,0,2500,1,1,,POINT (-91.55255428379 42.677028960294)
2014794255,201404926,04/09/2014,04-April,4-Wednesday,12:33,1200 Hours,District 6 (East Central),CEDAR RAPIDS,LINN,IA 922,IA 922/1ST AVE E & 14TH ST SE & 14TH ST NE,Collision with:  Vehicle in traffic,On Roadway,Rear-end (front to rear),Lost Control,None Indicated,,Daylight,Dry,Clear,None apparent,Intersection:  Four-way intersection,Paved,,Property Damage Only,0,0,0,0,0,0,7500,4,5,,POINT (-91.653927812604 41.987160927852)
2014794290,14-013704,04/09/2014,04-April,4-Wednesday,11:05,1100 Hours,District 4 (Southwest),COUNCIL BLUFFS,POTTAWATTAMIE,US 6,US 6/W BROADWAY,Collision with:  Vehicle in traffic,On Roadway,Rear-end (front to rear),Lost Control,None Indicated,,Daylight,Dry,Cloudy,None apparent,Non-intersection:  Non-junction/no special feature,Paved,,Property Damage Only,0,0,0,0,0,0,3250,2,2,,POINT (-95.873845797585 41.261874701125)
2014797046,14C01576,04/09/2014,04-April,4-Wednesday,21:57,2100 Hours,District 4 (Southwest),CRESTON,UNION,,SWIGART ST,Collision with:  Parked motor vehicle,Roadside,Rear-end (front to rear),Other (explain in narrative):  Other,Alcohol (Statutory),,Dark - roadway not lighted,Dry,Clear,None apparent,Non-intersection:  Non-junction/no special feature,Paved,,Major Injury,0,2,1,1,0,0,11000,2,2,,POINT (-94.359616903873 41.066124332597)
2014794115,201404920,04/09/2014,04-April,4-Wednesday,11:55,1100 Hours,District 6 (East Central),CEDAR RAPIDS,LINN,IA 922,IA 922/1ST AVE W & 5TH ST SW & 5TH ST NW,Collision with:  Vehicle in traffic,On Roadway,Rear-end (front to rear),Followed too close,None Indicated,,Daylight,Dry,Clear,None apparent,Intersection:  Four-way intersection,Paved,,Property Damage Only,0,0,0,0,0,0,6500,2,3,,POINT (-91.678207670455 41.974753024751)
2014796373,14040913RT1,04/09/2014,04-April,4-Wednesday,11:00,1100 Hours,District 5 (Southeast),OSCEOLA,CLARKE,,LEISURE DR,Collision with fixed object:  Ditch,On Roadway,Non-collision (single vehicle),Ran off road - left,None Indicated,,Daylight,"Mud, dirt",Clear,Unknown,Non-intersection:  Non-junction/no special feature,Unpaved,,Property Damage Only,0,0,0,0,0,0,9000,1,1,,POINT (-93.764192447494 41.059694187887)
2014794355,140865,04/09/2014,04-April,4-Wednesday,19:14,1900 Hours,District 3 (Northwest),DENISON,CRAWFORD,,CHAMBERLIN DR & CHAMBERLIN DR W,Non-collision events:  Other non-collision (explain in narrative),On Roadway,Non-collision (single vehicle),Unknown,None Indicated,,Daylight,Dry,Clear,None apparent,Non-intersection:  Driveway access (within),Paved,,Possible/Unknown,0,2,0,0,2,0,0,1,1,,POINT (-95.373114104642 42.001832009142)
2014795864,2014022163,04/09/2014,04-April,4-Wednesday,21:30,2100 Hours,District 1 (Central),AMES,STORY,,MANNING AVE,Collision with:  Vehicle in traffic,On Roadway,Rear-end (front to rear),Followed too close,None Indicated,,Dark - roadway lighted,Dry,Clear,None apparent,Non-intersection:  Non-junction/no special feature,Unpaved,,Property Damage Only,0,0,0,0,0,0,10500,2,2,,POINT (-93.659874497333 42.022626313517)
2014794354,140859,04/09/2014,04-April,4-Wednesday,11:40,1100 Hours,District 3 (Northwest),DENISON,CRAWFORD,,N 10TH ST,Non-collision events:  Other non-collision (explain in narrative),Outside trafficway,Non-collision (single vehicle),Ran off road - right,None Indicated,,Daylight,Dry,Clear,None apparent,Non-intersection:  Non-junction/no special feature,Paved,,Minor Injury,0,2,0,2,0,0,7500,1,2,,POINT (-95.355377409963 42.030944147595)
2014794801,2014022177,04/09/2014,04-April,4-Wednesday,10:25,1000 Hours,District 5 (Southeast),,LUCAS,US 65,US 65 & 140TH AVE,Collision with:  Animal,,,Animal,None Indicated,,,,,,,Paved,,Property Damage Only,0,0,0,0,0,0,4500,1,1,,POINT (-93.479694437695 41.123015864625)
2014794284,20140009460,04/09/2014,04-April,4-Wednesday,20:50,2000 Hours,District 1 (Central),DES MOINES,POLK,,3RD ST,Collision with:  Parked motor vehicle,On Roadway,Rear-end (front to rear),Driver Distraction:  Reaching for object(s)/fallen object(s),None Indicated,,Dark - roadway lighted,Dry,Clear,None apparent,Non-intersection:  Non-junction/no special feature,Paved,,Property Damage Only,0,0,0,0,0,0,6500,2,1,,POINT (-93.621091992228 41.627971967335)
2014794499,W14-034194,04/09/2014,04-April,4-Wednesday,11:44,1100 Hours,District 2 (Northeast),WATERLOO,BLACK HAWK,,KIMBALL AVE & W SHAULIS RD & E SHAULIS RD,Collision with:  Vehicle in traffic,On Roadway,Broadside (front to side),Ran Traffic Signal,None Indicated,,Daylight,Dry,Clear,None apparent,Intersection:  Four-way intersection,Paved,,Property Damage Only,0,0,0,0,0,0,5950,2,3,,POINT (-92.356792097802 42.442979332561)
2014794307,14-1005,04/09/2014,04-April,4-Wednesday,00:00,0000 Hours,District 1 (Central),FORT DODGE,WEBSTER,,KENYON RD,Unknown,Unknown,Non-collision (single vehicle),Unknown,None Indicated,,Unknown,Unknown,Unknown,Unknown,Unknown,Paved,,Property Damage Only,0,0,0,0,0,0,1500,1,1,,POINT (-94.194613269073 42.488099350179)
2014797724,14050541,04/09/2014,04-April,4-Wednesday,17:39,1700 Hours,District 6 (East Central),,JOHNSON,,140TH ST,Collision with fixed object:  Ditch,Outside trafficway,Non-collision (single vehicle),Swerving/Evasive Action,None Indicated,,Daylight,"Mud, dirt",Clear,"Surface condition (e.g., wet, icy)",Non-intersection:  Non-junction/no special feature,Unpaved,,Property Damage Only,0,0,0,0,0,0,15000,1,1,,POINT (-91.81885543987 41.832811176958)
2014795714,,04/09/2014,04-April,4-Wednesday,15:10,1500 Hours,District 6 (East Central),IOWA CITY,JOHNSON,IA 1,IA 1/GOVERNOR ST & MARKET ST,Collision with:  Vehicle in traffic,On Roadway,Broadside (front to side),Ran Traffic Signal,None Indicated,,Daylight,Dry,Clear,None apparent,Intersection:  Other intersection (explain in narrative),Paved,,Minor Injury,0,2,0,1,1,0,4000,2,3,,POINT (-91.522802388062 41.663507992282)
2014794276,20140009438,04/09/2014,04-April,4-Wednesday,17:06,1700 Hours,District 1 (Central),DES MOINES,POLK,,LYON ST & E 9TH ST,Collision with:  Vehicle in traffic,On Roadway,Broadside (front to side),Ran Stop Sign,None Indicated,,Daylight,Dry,Clear,None apparent,Intersection:  Other intersection (explain in narrative),Paved,,Property Damage Only,0,0,0,0,0,0,7500,2,4,,POINT (-93.606427317058 41.593948934916)
2014797037,14C001538,04/09/2014,04-April,4-Wednesday,08:40,0800 Hours,District 4 (Southwest),CRESTON,UNION,,W ADAMS ST & N MAPLE ST,Collision with:  Vehicle in traffic,On Roadway,Broadside (front to side),Unknown,None Indicated,,Daylight,Dry,Cloudy,None apparent,Non-intersection:  Non-junction/no special feature,Paved,,Property Damage Only,0,0,0,0,0,0,4000,2,1,,POINT (-94.362684216884 41.057314510814)
2014794389,201401118,04/09/2014,04-April,4-Wednesday,20:24,2000 Hours,District 6 (East Central),,LINN,,ALICE RD & CAMPFIRE RD,Collision with:  Other non-fixed object (explain in narrative),On Roadway,Non-collision (single vehicle),Unknown,None Indicated,,Dark - roadway not lighted,"Mud, dirt",Clear,Work Zone (roadway-related),Intersection:  Four-way intersection,Unpaved,Yes,Property Damage Only,0,0,0,0,0,0,1700,1,2,,POINT (-91.696945534329 42.268453544294)
2014794296,14-6469,04/09/2014,04-April,4-Wednesday,07:52,0700 Hours,District 6 (East Central),BETTENDORF,SCOTT,,MIDDLE RD & OLYMPIA DR,Collision with:  Vehicle in traffic,On Roadway,Rear-end (front to rear),Other (explain in narrative):  Other,None Indicated,,Daylight,Dry,Clear,None apparent,Intersection:  T-intersection,Paved,,Property Damage Only,0,0,0,0,0,0,9000,2,3,,POINT (-90.508439988627 41.543902586596)
2014794254,201404925,04/09/2014,04-April,4-Wednesday,12:19,1200 Hours,District 6 (East Central),CEDAR RAPIDS,LINN,,BLAIRS FERRY RD NE,Collision with:  Vehicle in traffic,On Roadway,Rear-end (front to rear),Lost Control,None Indicated,,Daylight,Dry,Clear,None apparent,Non-intersection:  Non-junction/no special feature,Paved,,Property Damage Only,0,0,0,0,0,0,3700,2,2,,POINT (-91.669486302722 42.034779005312)
2014794263,14-2323,04/09/2014,04-April,4-Wednesday,14:09,1400 Hours,District 1 (Central),DES MOINES,POLK,US 69,US 69/NE 14TH ST,Collision with:  Vehicle in traffic,On Roadway,Rear-end (front to rear),Driver Distraction:  Manual operation of an electronic communication device,None Indicated,,Daylight,Dry,Clear,None apparent,Intersection:  Four-way intersection,Paved,,Property Damage Only,0,0,0,0,0,0,4000,2,2,,POINT (-93.600528169319 41.659083914179)
2014794223,14-11651,04/09/2014,04-April,4-Wednesday,07:00,0700 Hours,District 5 (Southeast),MEDIAPOLIS,DES MOINES,,Co Rd H40/PLEASANT GROVE RD,Collision with:  Animal,,,Animal,None Indicated,,,,,,,Paved,,Property Damage Only,0,0,0,0,0,0,3000,1,1,,POINT (-91.234593755492 40.972679644965)
2014797379,S201400659,04/09/2014,04-April,4-Wednesday,17:10,1700 Hours,District 3 (Northwest),,PALO ALTO,,410 ST,Collision with fixed object:  Ditch,On Roadway,Non-collision (single vehicle),Ran off road - left,None Indicated,,Daylight,"Mud, dirt",Clear,"Surface condition (e.g., wet, icy)",Non-intersection:  Non-junction/no special feature,Unpaved,,Possible/Unknown,0,1,0,0,1,0,5000,1,1,,POINT (-94.896393538173 43.053778538732)
2014794275,20140009427,04/09/2014,04-April,4-Wednesday,15:15,1500 Hours,District 1 (Central),DES MOINES,POLK,,UNIVERSITY AVE & MERLE HAY RD,Collision with:  Vehicle in traffic,On Roadway,"Angle, oncoming left turn",Driving too fast for conditions,None Indicated,,Daylight,Dry,Clear,None apparent,Intersection:  T-intersection,Paved,,Property Damage Only,0,0,0,0,0,0,4500,2,3,,POINT (-93.697734584928 41.600402642206)
2014794297,14-6481,04/09/2014,04-April,4-Wednesday,10:26,1000 Hours,District 6 (East Central),BETTENDORF,SCOTT,I-74,I-74 & US 6/SPRUCE HILLS DR,Collision with:  Vehicle in traffic,On Roadway,Broadside (front to side),Ran Traffic Signal,None Indicated,,Daylight,Dry,Clear,None apparent,Intersection:  Intersection with ramp,Paved,,Property Damage Only,0,0,0,0,0,0,8000,2,2,,POINT (-90.519854699011 41.554822015176)
2014796468,14-009929,04/09/2014,04-April,4-Wednesday,08:00,0800 Hours,District 5 (Southeast),MONTROSE,LEE,,223 AVE,Collision with:  Animal,,,Animal,None Indicated,,,,,,,Unpaved,,Property Damage Only,0,0,0,0,0,0,1500,1,1,,POINT (-91.485508111333 40.516842432131)
2014794210,14-34255,04/09/2014,04-April,4-Wednesday,14:50,1400 Hours,District 2 (Northeast),,BLACK HAWK,I-380,I-380,Non-collision events:  Overturn/rollover,On Roadway,Non-collision (single vehicle),Swerving/Evasive Action,None Indicated,,Daylight,Dry,Cloudy,None apparent,Non-intersection:  Non-junction/no special feature,Paved,,Major Injury,0,1,1,0,0,0,1000,1,1,,POINT (-92.221313593318 42.450766670404)
2014795491,14-8552,04/09/2014,04-April,4-Wednesday,16:04,1600 Hours,District 1 (Central),NEWTON,JASPER,,S 8TH AVE W & W 5TH ST S,Collision with:  Vehicle in traffic,On Roadway,Rear-end (front to rear),Followed too close,None Indicated,,Daylight,Dry,Clear,None apparent,Non-intersection:  Non-junction/no special feature,Paved,,Minor Injury,0,1,0,1,0,0,7500,2,2,,POINT (-93.059256326732 41.692811059536)
2014794384,2014003804,04/09/2014,04-April,4-Wednesday,15:47,1500 Hours,District 6 (East Central),IOWA CITY,JOHNSON,US 6,US 6/S RIVERSIDE DR & W BENTON ST,Collision with:  Vehicle in traffic,On Roadway,"Sideswipe, same direction",FTYROW:  From driveway,None Indicated,,Daylight,Dry,Clear,None apparent,Non-intersection:  Driveway access (within),Paved,,Property Damage Only,0,0,0,0,0,0,7000,2,2,,POINT (-91.540216030262 41.650328310178)
2014794629,14-1651,04/09/2014,04-April,4-Wednesday,07:40,0700 Hours,District 6 (East Central),HIAWATHA,LINN,,BOWLER ST,Collision with:  Parked motor vehicle,On Roadway,Rear-end (front to rear),Unknown,None Indicated,,Daylight,Dry,Cloudy,None apparent,Non-intersection:  Non-junction/no special feature,Paved,,Minor Injury,0,1,0,1,0,0,12000,2,1,,POINT (-91.683243800076 42.035496076855)
2014794577,2014003783,04/09/2014,04-April,4-Wednesday,08:55,0800 Hours,District 6 (East Central),IOWA CITY,JOHNSON,US 218,US 218,Collision with:  Vehicle in traffic,On Roadway,Rear-end (front to rear),Followed too close,None Indicated,,Daylight,Dry,Clear,None apparent,Intersection:  Intersection with ramp,Paved,,Possible/Unknown,0,2,0,0,2,0,13000,2,2,,POINT (-91.565278636865 41.630828758059)
2014794145,20140009390,04/09/2014,04-April,4-Wednesday,10:30,1000 Hours,District 1 (Central),DES MOINES,POLK,,SW 3RD ST & VINE ST,Collision with:  Vehicle in traffic,On Roadway,"Sideswipe, same direction",Improper or erratic lane changing,None Indicated,,Daylight,Dry,Clear,None apparent,Non-intersection:  Non-junction/no special feature,Paved,,Property Damage Only,0,0,0,0,0,0,6000,2,3,,POINT (-93.61990198218 41.583933064335)
2014794967,2014022166,04/09/2014,04-April,4-Wednesday,21:35,2100 Hours,District 6 (East Central),,JONES,US 151,US 151,Collision with:  Animal,,Non-collision (single vehicle),Animal,None Indicated,,,,,,,Paved,,Property Damage Only,0,0,0,0,0,0,5000,1,1,,POINT (-91.20866187095 42.200129715697)
2014794985,,04/09/2014,04-April,4-Wednesday,07:56,0700 Hours,District 2 (Northeast),CHARLES CITY,FLOYD,,9TH AVE,Collision with:  Parked motor vehicle,On Roadway,Rear-end (front to rear),Lost Control,None Indicated,,Daylight,Dry,Clear,None apparent,Non-intersection:  Non-junction/no special feature,Paved,,Property Damage Only,0,0,0,0,0,0,8000,2,1,,POINT (-92.671496109811 43.070931261691)
2014794446,14-3978,04/09/2014,04-April,4-Wednesday,14:48,1400 Hours,District 3 (Northwest),,SIOUX,,BIRCH AVE & 480TH ST,Collision with:  Vehicle in traffic,On Roadway,Rear-end (front to rear),Followed too close,None Indicated,,Daylight,"Mud, dirt",Cloudy,None apparent,Non-intersection:  Non-junction/no special feature,Unpaved,,Property Damage Only,0,0,0,0,0,0,2500,2,2,,POINT (-96.490739365846 42.952783753075)
2014794966,2014022109,04/09/2014,04-April,4-Wednesday,17:00,1700 Hours,District 1 (Central),,WEBSTER,US 169,US 169/PARAGON AVE/360TH ST & IA 175 & Co Rd P61,Non-collision events:  Other non-collision (explain in narrative),On Roadway,Non-collision (single vehicle),Other (explain in narrative):  No improper action,None Indicated,,Daylight,Dry,Clear,None apparent,Intersection:  Four-way intersection,Paved,,Property Damage Only,0,0,0,0,0,0,2000,1,1,,POINT (-94.106027878435 42.267857327031)
2014794144,20140009387,04/09/2014,04-April,4-Wednesday,10:21,1000 Hours,District 1 (Central),DES MOINES,POLK,,HUBBELL AVE & E 21ST ST,Collision with:  Vehicle in traffic,On Roadway,Broadside (front to side),FTYROW:  From driveway,None Indicated,,Daylight,Dry,Cloudy,None apparent,Non-intersection:  Driveway access (within),Paved,,Possible/Unknown,0,1,0,0,1,0,6000,2,3,,POINT (-93.57996227878 41.599760048485)
2014794277,20140009440,04/09/2014,04-April,4-Wednesday,17:13,1700 Hours,District 1 (Central),DES MOINES,POLK,I-235,I-235 & POLK BLVD,Collision with:  Vehicle in traffic,On Roadway,Rear-end (front to rear),Followed too close,None Indicated,,Daylight,Dry,Clear,None apparent,Non-intersection:  Non-junction/no special feature,Paved,,Property Damage Only,0,0,0,0,0,0,5050,2,2,,POINT (-93.681587796462 41.591753489773)
2014795700,2014022060,04/09/2014,04-April,4-Wednesday,14:24,1400 Hours,District 1 (Central),,POWESHIEK,I-80,I-80,Non-collision events:  Other non-collision (explain in narrative),On Roadway,Unknown,Other (explain in narrative):  No improper action,None Indicated,,Daylight,Dry,Clear,None apparent,Non-intersection:  Non-junction/no special feature,Paved,,Property Damage Only,0,0,0,0,0,0,2200,2,2,,POINT (-92.323409230224 41.695653501355)
2014794904,2014-21624,04/09/2014,04-April,4-Wednesday,14:50,1400 Hours,District 6 (East Central),DAVENPORT,SCOTT,,E LOCUST ST & COLLEGE AVE,Collision with:  Vehicle in traffic,On Roadway,"Angle, oncoming left turn",FTYROW:  Making left turn,None Indicated,,Daylight,Dry,Cloudy,None apparent,Intersection:  Four-way intersection,Paved,,Minor Injury,0,2,0,1,1,0,8500,3,6,,POINT (-90.556495116367 41.538314676961)
2014794428,14-0751,04/09/2014,04-April,4-Wednesday,07:39,0700 Hours,District 1 (Central),URBANDALE,POLK,I-35,I-35,Collision with:  Vehicle in traffic,On Roadway,Rear-end (front to rear),Driver Distraction:  Passenger,None Indicated,,Daylight,Dry,Clear,None apparent,Interchange-related:  On-ramp,Paved,,Property Damage Only,0,0,0,0,0,0,2500,2,4,,POINT (-93.775551253337 41.652307665098)
2014796062,AP-14-0095,04/09/2014,04-April,4-Wednesday,18:58,1800 Hours,District 6 (East Central),ANAMOSA,JONES,US 151,US 151,Non-collision events:  Overturn/rollover,On Roadway,Non-collision (single vehicle),Swerving/Evasive Action,None Indicated,,Daylight,Dry,Clear,None apparent,Non-intersection:  Non-junction/no special feature,Paved,,Minor Injury,0,1,0,1,0,0,8000,1,1,,POINT (-91.267395246825 42.093149005196)