Iowa DOT Case Number,Law Enforcement Case Number,Date of Crash,Month of Crash,Day of Week,Time of Crash,Hour,DOT District,City Name,County Name,Route with System,Location Description,First Harmful Event,Location of First Harmful Event,Manner of Crash/Collision,Major Cause,Drug or Alcohol ,Environmental Conditions,Light Conditions,Surface Conditions,Weather Conditions,Roadway Contribution,Roadway Type,Roadway Surface,Work Zone,Crash Severity,Number of Fatalities,Number of Injuries,Number of Major Injuries,Number of Minor Injuries,Number of Possible Injuries,Number of Unknown Injuries,Amount of Property Damage,Number of Vehicles Involved,Total Number of Occupants,Travel Direction,Location
2014795098,2014-21656,04/09/2014,04-April,4-Wednesday,17:02,1700 Hours,District 6 (East Central),DAVENPORT,SCOTT,,GAINES ST,Collision with:  Vehicle in traffic,On Roadway,"Sideswipe, same direction",FTYROW:  Making left turn,None Indicated,,Daylight,Dry,Clear,None apparent,Non-intersection:  Driveway access (within),Paved,,Possible/Unknown,0,1,0,0,1,0,2500,2,4,,POINT (-90.582828060527 41.535494117535)
2014794303,2014-21605,04/09/2014,04-April,4-Wednesday,13:21,1300 Hours,District 6 (East Central),DAVENPORT,SCOTT,US 6,US 6/E KIMBERLY RD,Collision with:  Vehicle in traffic,On Roadway,Rear-end (front to rear),Other (explain in narrative):  Other,None Indicated,,Daylight,Dry,Clear,None apparent,Non-intersection:  Non-junction/no special feature,Paved,,Property Damage Only,0,0,0,0,0,0,4000,2,2,,POINT (-90.54188718573 41.556862505888)
2014797200,EP14-000533,04/09/2014,04-April,4-Wednesday,11:00,1100 Hours,District 2 (Northeast),EAGLE GROVE,WRIGHT,,W BROADWAY ST,Collision with:  Vehicle in traffic,On Roadway,"Sideswipe, same direction",FTYROW:  From parked position,None Indicated,,Daylight,Dry,Clear,None apparent,Non-intersection:  Non-junction/no special feature,Paved,,Possible/Unknown,0,1,0,0,0,1,2000,2,2,,POINT (-93.904257645972 42.664117220303)
2014794578,2014003800,04/09/2014,04-April,4-Wednesday,14:47,1400 Hours,District 6 (East Central),IOWA CITY,JOHNSON,US 6,US 6,Collision with:  Vehicle in traffic,On Roadway,"Angle, oncoming left turn",FTYROW:  Making left turn,None Indicated,,Daylight,Dry,Clear,None apparent,Intersection:  Four-way intersection,Paved,,Minor Injury,0,1,0,1,0,0,9000,2,2,,POINT (-91.511834581852 41.641146570933)
2014794274,20140009426,04/09/2014,04-April,4-Wednesday,15:29,1500 Hours,District 1 (Central),DES MOINES,POLK,US 6,US 6/E EUCLID AVE & E 29TH ST,Collision with:  Vehicle in traffic,On Roadway,"Angle, oncoming left turn",FTYROW:  Making left turn,None Indicated,,Daylight,Dry,Clear,None apparent,Interchange-related:  On-ramp,Paved,,Minor Injury,0,1,0,1,0,0,5500,2,3,,POINT (-93.561208524966 41.627667430993)
2014795281,,04/09/2014,04-April,4-Wednesday,13:34,1300 Hours,District 6 (East Central),CEDAR RAPIDS,LINN,,J ST SW,Collision with:  Vehicle in traffic,On Roadway,"Sideswipe, same direction",Unknown,None Indicated,,Daylight,Dry,Clear,,Non-intersection:  Other non-intersection (explain in narrative),Paved,,Property Damage Only,0,0,0,0,0,0,3000,2,4,,POINT (-91.667293425956 41.951173993243)
2014794448,14-003815,04/09/2014,04-April,4-Wednesday,21:29,2100 Hours,District 1 (Central),,TAMA,,RIDGE RD,Collision with fixed object:  Ditch,On Roadway,Non-collision (single vehicle),Ran off road - right,None Indicated,,Dark - roadway not lighted,"Mud, dirt",Cloudy,None apparent,Non-intersection:  Non-junction/no special feature,Unpaved,,Property Damage Only,0,0,0,0,0,0,6600,1,1,,POINT (-92.484755447063 42.199262729078)
2014794291,14-013708,04/09/2014,04-April,4-Wednesday,11:39,1100 Hours,District 4 (Southwest),COUNCIL BLUFFS,POTTAWATTAMIE,,AVE I & N 34TH ST,Non-collision events:  Overturn/rollover,Shoulder,Non-collision (single vehicle),Driving too fast for conditions,None Indicated,,Daylight,Dry,Clear,None apparent,Non-intersection:  Non-junction/no special feature,Paved,,Possible/Unknown,0,2,0,0,2,0,3500,1,2,,POINT (-95.899423621219 41.269950981136)
2014794286,14-0753,04/09/2014,04-April,4-Wednesday,15:36,1500 Hours,District 1 (Central),URBANDALE,POLK,I-35,I-35,Collision with:  Other non-fixed object (explain in narrative),On Roadway,Non-collision (single vehicle),Other (explain in narrative):  No improper action,None Indicated,,Daylight,Dry,Clear,Debris,Non-intersection:  Non-junction/no special feature,Paved,,Property Damage Only,0,0,0,0,0,0,1501,1,5,,POINT (-93.705537828828 41.652461520497)
2014796641,14-086,04/09/2014,04-April,4-Wednesday,15:55,1500 Hours,District 4 (Southwest),,TAYLOR,,Co Rd J23/170TH ST,Collision with:  Vehicle in traffic,On Roadway,"Sideswipe, opposite direction",Crossed centerline (undivided),None Indicated,,Daylight,Dry,Clear,None apparent,Non-intersection:  Non-junction/no special feature,Paved,,Minor Injury,0,1,0,1,0,0,30000,2,3,,POINT (-94.575005184278 40.798703348595)
2014794531,CL14001033,04/09/2014,04-April,4-Wednesday,09:51,0900 Hours,District 6 (East Central),CLINTON,CLINTON,US 67,US 67/S 2ND ST & 6TH AVE S,Collision with:  Vehicle in traffic,On Roadway,Broadside (front to side),Ran Stop Sign,None Indicated,,Daylight,Dry,Clear,None apparent,Intersection:  Four-way intersection,Paved,,Property Damage Only,0,0,0,0,0,0,6500,2,4,,POINT (-90.18826253016 41.840085108723)
2014795097,2014-21608,04/09/2014,04-April,4-Wednesday,13:40,1300 Hours,District 6 (East Central),DAVENPORT,SCOTT,,W LOCUST ST & N CLARK ST,Collision with:  Vehicle in traffic,On Roadway,Broadside (front to side),Ran Traffic Signal,None Indicated,,Daylight,Dry,Clear,None apparent,Intersection:  Four-way intersection,Paved,,Property Damage Only,0,0,0,0,0,0,2500,2,2,,POINT (-90.622681475961 41.538171694924)
2014794230,01-14-14559,04/09/2014,04-April,4-Wednesday,07:24,0700 Hours,District 6 (East Central),DUBUQUE,DUBUQUE,,CLARKE DR,Collision with:  Vehicle in traffic,On Roadway,Rear-end (front to rear),Lost Control,None Indicated,,Daylight,Dry,Clear,None apparent,Non-intersection:  Non-junction/no special feature,Paved,,Property Damage Only,0,0,0,0,0,0,2000,2,2,,POINT (-90.696773524902 42.505217145336)
2014794398,1400000304,04/09/2014,04-April,4-Wednesday,22:00,2200 Hours,District 1 (Central),,MARSHALL,,Co Rd E29/SUMMIT RD,Collision with:  Animal,,,Animal,None Indicated,,,,,,,Paved,,Property Damage Only,0,0,0,0,0,0,5000,1,1,,POINT (-92.964130265433 42.056860189434)
2014794309,14-10560,04/09/2014,04-April,4-Wednesday,14:23,1400 Hours,District 3 (Northwest),SIOUX CITY,WOODBURY,,17TH ST & PIERCE ST,Collision with:  Vehicle in traffic,On Roadway,Rear-end (front to rear),Followed too close,None Indicated,,Daylight,Dry,Cloudy,None apparent,Intersection:  Four-way intersection,Paved,,Property Damage Only,0,0,0,0,0,0,3200,2,2,,POINT (-96.405040012642 42.508190670418)
2014809936,14-2278PD,04/09/2014,04-April,4-Wednesday,03:04,0300 Hours,District 1 (Central),BOONE,BOONE,,MAMIE EISENHOWER AVE & S BRAINARD ST,Collision with fixed object:  Utility pole/light support,On Roadway,Non-collision (single vehicle),"Operating vehicle in an reckless, erratic, careless, negligent manner",Alcohol (Statutory),,Dark - roadway lighted,Dry,Clear,None apparent,Intersection:  T-intersection,Paved,,Property Damage Only,0,0,0,0,0,0,9000,1,1,,POINT (-93.864026045485 42.059647761265)
2014794106,TC22-14,04/09/2014,04-April,4-Wednesday,11:20,1100 Hours,District 4 (Southwest),MISSOURI VALLEY,HARRISON,,W HURON ST & E HURON ST & N 1ST ST,Collision with:  Vehicle in traffic,On Roadway,Broadside (front to side),FTYROW:  From stop sign,None Indicated,,Daylight,Dry,Clear,None apparent,Intersection:  Four-way intersection,Paved,,Property Damage Only,0,0,0,0,0,0,5000,2,3,,POINT (-95.894750141433 41.557373449931)
2014794334,W14-034144,04/09/2014,04-April,4-Wednesday,07:48,0700 Hours,District 2 (Northeast),WATERLOO,BLACK HAWK,,E ORANGE RD & TECH DR,Collision with:  Vehicle in traffic,On Roadway,"Angle, oncoming left turn",FTYROW:  Making left turn,None Indicated,,Daylight,Dry,Clear,None apparent,Intersection:  T-intersection,Paved,,Possible/Unknown,0,2,0,0,2,0,13000,2,2,,POINT (-92.325868106792 42.428491218318)
2014794522,14005406,04/09/2014,04-April,4-Wednesday,11:48,1100 Hours,District 2 (Northeast),MASON CITY,CERRO GORDO,IA 122,IA 122/4TH ST SW & S GROVER AVE,Collision with:  Vehicle in traffic,On Roadway,Rear-end (front to rear),Followed too close,None Indicated,,Daylight,Dry,Clear,None apparent,Non-intersection:  Non-junction/no special feature,Paved,,Possible/Unknown,0,1,0,0,1,0,2000,2,3,,POINT (-93.233729458562 43.148381194573)
2014818109,14-000426,04/09/2014,04-April,4-Wednesday,20:45,2000 Hours,District 1 (Central),,STORY,,180TH ST,Collision with fixed object:  Ditch,On Roadway,Non-collision (single vehicle),Driving too fast for conditions,None Indicated,,Dark - roadway not lighted,Dry,Clear,None apparent,Non-intersection:  Non-junction/no special feature,Unpaved,,Property Damage Only,0,0,0,0,0,0,6000,1,1,,POINT (-93.61355802415 42.09232353439)
2014795863,2014022000,04/09/2014,04-April,4-Wednesday,11:06,1100 Hours,District 1 (Central),,POLK,I-80,I-80,Collision with:  Vehicle in traffic,On Roadway,"Sideswipe, same direction",FTYROW:  Other (explain in narrative),None Indicated,,Daylight,Dry,Clear,None apparent,Non-intersection:  Non-junction/no special feature,Paved,,Possible/Unknown,0,1,0,0,1,0,13500,4,4,,POINT (-93.553654287235 41.655356111213)
2014795099,2014-21672,04/09/2014,04-April,4-Wednesday,17:57,1700 Hours,District 6 (East Central),DAVENPORT,SCOTT,,FAIRMOUNT ST,Collision with:  Vehicle in traffic,On Roadway,Rear-end (front to rear),Followed too close,None Indicated,,Daylight,Dry,Clear,None apparent,Non-intersection:  Non-junction/no special feature,Paved,,Property Damage Only,0,0,0,0,0,0,2500,2,3,,POINT (-90.629760366543 41.556366804847)
2014794406,14-001562,04/09/2014,04-April,4-Wednesday,21:18,2100 Hours,District 1 (Central),ANKENY,POLK,,NE 29TH ST,Collision with:  Animal,On Roadway,Non-collision (single vehicle),Animal,None Indicated,,Dark - roadway not lighted,Dry,Clear,None apparent,Non-intersection:  Non-junction/no special feature,Paved,,Property Damage Only,0,0,0,0,0,0,2000,1,1,,POINT (-93.561055023478 41.668101369167)
2014795080,S79140111,04/09/2014,04-April,4-Wednesday,06:50,0600 Hours,District 1 (Central),,POWESHIEK,US 63,US 63,Collision with:  Animal,On Roadway,Non-collision (single vehicle),Animal,None Indicated,,Dawn,Dry,Clear,None apparent,Non-intersection:  Non-junction/no special feature,Paved,,Property Damage Only,0,0,0,0,0,0,4000,1,2,,POINT (-92.538483245581 41.596972864252)
2014796467,14-009855,04/09/2014,04-April,4-Wednesday,05:30,0500 Hours,District 5 (Southeast),,LEE,,Co Rd W78/204 AVE,Collision with:  Animal,,,Animal,None Indicated,,,,,,,Paved,,Property Damage Only,0,0,0,0,0,0,1500,1,1,,POINT (-91.516695119446 40.643013689049)
2014795297,01-14-14575,04/09/2014,04-April,4-Wednesday,10:59,1000 Hours,District 6 (East Central),DUBUQUE,DUBUQUE,,W 10TH ST & LOCUST ST S,Collision with:  Vehicle in traffic,On Roadway,Broadside (front to side),Ran Traffic Signal,None Indicated,,Daylight,Dry,Clear,None apparent,Intersection:  Other intersection (explain in narrative),Paved,,Property Damage Only,0,0,0,0,0,0,10000,2,3,,POINT (-90.669163717464 42.502128185375)
2014794358,2014-1383,04/09/2014,04-April,4-Wednesday,07:43,0700 Hours,District 4 (Southwest),WAUKEE,DALLAS,US 6,US 6/HICKMAN AVE,Collision with:  Vehicle in traffic,On Roadway,Rear-end (front to rear),Other (explain in narrative):  Vision obstructed,None Indicated,,Daylight,Dry,Cloudy,None apparent,Non-intersection:  Non-junction/no special feature,Paved,,Property Damage Only,0,0,0,0,0,0,7000,2,2,,POINT (-93.854704354332 41.614970228619)
2014795286,W14-034428,04/09/2014,04-April,4-Wednesday,21:20,2100 Hours,District 2 (Northeast),WATERLOO,BLACK HAWK,,CENTER ST,Collision with:  Parked motor vehicle,On Roadway,"Sideswipe, same direction",Improper Backing,None Indicated,,Dark - roadway lighted,Dry,Clear,None apparent,Non-intersection:  Other non-intersection (explain in narrative),Paved,,Property Damage Only,0,0,0,0,0,0,2200,2,3,,POINT (-92.343762637173 42.511160912863)
2014794146,20140009398,04/09/2014,04-April,4-Wednesday,11:47,1100 Hours,District 1 (Central),DES MOINES,POLK,,E LALLY ST & SE 5TH ST,Collision with:  Vehicle in traffic,On Roadway,Rear-end (front to rear),Followed too close,None Indicated,,Daylight,Dry,Clear,None apparent,Non-intersection:  Non-junction/no special feature,Paved,,Property Damage Only,0,0,0,0,0,0,3000,2,5,,POINT (-93.606428527134 41.527375991996)
2014794256,201404939,04/09/2014,04-April,4-Wednesday,15:05,1500 Hours,District 6 (East Central),CEDAR RAPIDS,LINN,,66TH AVE SW & KIRKWOOD BLVD SW & KIRKWOOD COMM COLL,Collision with:  Vehicle in traffic,On Roadway,"Angle, oncoming left turn",FTYROW:  Making left turn,None Indicated,,Daylight,Dry,Cloudy,None apparent,Intersection:  Four-way intersection,Paved,,Property Damage Only,0,0,0,0,0,0,4500,2,2,,POINT (-91.656670359195 41.914663895985)
2014795127,2014022094,04/09/2014,04-April,4-Wednesday,15:20,1500 Hours,District 1 (Central),ANKENY,POLK,I-35,I-35 & I-80,Collision with:  Vehicle in traffic,On Roadway,"Sideswipe, same direction",Swerving/Evasive Action,None Indicated,,Daylight,Dry,Cloudy,None apparent,"Interchange-related:  Off-ramp, diverge area",Paved,,Property Damage Only,0,0,0,0,0,0,2600,2,3,,POINT (-93.575400092734 41.652159852885)
2014794273,20140009425,04/09/2014,04-April,4-Wednesday,15:43,1500 Hours,District 1 (Central),DES MOINES,POLK,,INGERSOLL AVE & 28TH ST,Collision with:  Vehicle in traffic,On Roadway,"Angle, oncoming left turn",FTYROW:  Making left turn,None Indicated,,Daylight,Dry,Clear,None apparent,Intersection:  Four-way intersection,Paved,,Property Damage Only,0,0,0,0,0,0,4500,2,2,,POINT (-93.654482756783 41.585714001672)
2014795817,14-001673,04/09/2014,04-April,4-Wednesday,13:40,1300 Hours,District 1 (Central),AMES,STORY,,KENT AVE,Collision with fixed object:  Curb/island/raised median,Shoulder,Non-collision (single vehicle),Lost Control,None Indicated,,Daylight,Dry,Clear,None apparent,Non-intersection:  Non-junction/no special feature,Paved,,Minor Injury,0,1,0,1,0,0,200,1,1,,POINT (-93.642220305771 42.054339432127)
2014794839,2014003793,04/09/2014,04-April,4-Wednesday,12:47,1200 Hours,District 6 (East Central),IOWA CITY,JOHNSON,,E DAVENPORT ST & N GILBERT ST,Collision with:  Vehicle in traffic,On Roadway,Broadside (front to side),FTYROW:  From stop sign,None Indicated,,Daylight,Dry,Clear,None apparent,Intersection:  Four-way intersection,Paved,,Property Damage Only,0,0,0,0,0,0,4800,3,2,,POINT (-91.530161764746 41.665773009545)
2014794405,14-001556,04/09/2014,04-April,4-Wednesday,16:10,1600 Hours,District 1 (Central),ANKENY,POLK,,W 1ST ST & SW LINDEN ST & NW LINDEN ST,Collision with:  Vehicle in traffic,On Roadway,"Angle, oncoming left turn",FTYROW:  Making left turn,None Indicated,,Daylight,Dry,Clear,None apparent,Intersection:  Four-way intersection,Paved,,Property Damage Only,0,0,0,0,0,0,9000,2,5,,POINT (-93.629414093806 41.731814680042)
2014794494,,04/09/2014,04-April,4-Wednesday,08:24,0800 Hours,District 3 (Northwest),MANNING,CARROLL,IA 141,IA 141/6TH ST & INDUSTRIAL,Non-collision events:  Other non-collision (explain in narrative),On Roadway,Non-collision (single vehicle),Ran off road - right,None Indicated,,Daylight,Dry,Clear,None apparent,Intersection:  T-intersection,Paved,,Minor Injury,0,1,0,1,0,0,5000,1,1,,POINT (-95.08195990261 41.906616392679)
2014794498,W14-034134,04/09/2014,04-April,4-Wednesday,06:59,0600 Hours,District 2 (Northeast),WATERLOO,BLACK HAWK,,KINGSWOOD PL & W 4TH ST,Collision with:  Vehicle in traffic,On Roadway,Rear-end (front to rear),Driver Distraction:  Manual operation of an electronic communication device,None Indicated,,Daylight,Dry,Clear,None apparent,Intersection:  Four-way intersection,Paved,,Property Damage Only,0,0,0,0,0,0,5550,2,3,,POINT (-92.390323883169 42.464677700434)
2014794500,W14-034211,04/09/2014,04-April,4-Wednesday,12:45,1200 Hours,District 2 (Northeast),WATERLOO,BLACK HAWK,IA 934,IA 934/UNIVERSITY AVE,Collision with:  Vehicle in traffic,On Roadway,"Sideswipe, same direction",Improper or erratic lane changing,None Indicated,,Daylight,Dry,Clear,None apparent,Non-intersection:  Non-junction/no special feature,Paved,,Property Damage Only,0,0,0,0,0,0,3500,2,4,,POINT (-92.383231291415 42.498249630359)
2014794222,142418,04/09/2014,04-April,4-Wednesday,06:45,0600 Hours,District 4 (Southwest),,DALLAS,,Co Rd P58/J AVE,Collision with:  Animal,,,Animal,None Indicated,,,,,,,Paved,,Property Damage Only,0,0,0,0,0,0,3500,1,777,,POINT (-94.103585848018 41.803950365032)
2014795096,2014-21532,04/09/2014,04-April,4-Wednesday,07:35,0700 Hours,District 6 (East Central),DAVENPORT,SCOTT,,W 9TH ST & N DIVISION ST,Collision with:  Vehicle in traffic,On Roadway,"Angle, oncoming left turn",FTYROW:  Making left turn,None Indicated,,Daylight,Dry,Clear,None apparent,Intersection:  Four-way intersection,Paved,,Property Damage Only,0,0,0,0,0,0,7000,2,3,,POINT (-90.601181360568 41.528637470688)
2014794710,14-000404,04/09/2014,04-April,4-Wednesday,08:47,0800 Hours,District 1 (Central),JOHNSTON,POLK,,NW 70TH AVE,Collision with:  Vehicle in traffic,On Roadway,"Sideswipe, opposite direction",Other (explain in narrative):  No improper action,None Indicated,,Daylight,Dry,Clear,None apparent,Non-intersection:  Non-junction/no special feature,Paved,,Minor Injury,0,1,0,1,0,0,525,2,3,,POINT (-93.740993153717 41.688365883636)
2014796661,2014022092,04/09/2014,04-April,4-Wednesday,15:07,1500 Hours,District 5 (Southeast),,MARION,,110TH AVE & 110TH PL,Collision with fixed object:  Ditch,On Roadway,Non-collision (single vehicle),Swerving/Evasive Action,Alcohol (Statutory),,Daylight,Dry,Clear,None apparent,Non-intersection:  Non-junction/no special feature,Paved,,Property Damage Only,0,0,0,0,0,0,8000,1,1,,POINT (-93.137118503052 41.313864344145)
2014794258,2014003262,04/09/2014,04-April,4-Wednesday,11:30,1100 Hours,District 1 (Central),MARSHALLTOWN,MARSHALL,,W MAIN ST,Collision with:  Vehicle in traffic,On Roadway,"Sideswipe, same direction",FTYROW:  From parked position,None Indicated,,Daylight,Dry,Clear,None apparent,Non-intersection:  Non-junction/no special feature,Paved,,Property Damage Only,0,0,0,0,0,0,3000,2,2,,POINT (-92.915025136842 42.049133708438)
2014794634,2014003320,04/10/2014,04-April,5-Thursday,19:49,1900 Hours,District 1 (Central),MARSHALLTOWN,MARSHALL,,S CENTER ST,Collision with:  Vehicle in traffic,Outside trafficway,Broadside (front to side),FTYROW:  From parked position,None Indicated,,Dark - roadway lighted,Dry,Clear,None apparent,Non-intersection:  Other non-intersection (explain in narrative),Paved,,Property Damage Only,0,0,0,0,0,0,1700,2,5,,POINT (-92.912780111302 42.038396159485)
2014797725,14051071,04/10/2014,04-April,5-Thursday,16:56,1600 Hours,District 6 (East Central),HILLS,JOHNSON,,BRADY ST,Collision with:  Vehicle in traffic,On Roadway,Rear-end (front to rear),FTYROW:  From driveway,None Indicated,,Daylight,Dry,Clear,None apparent,Non-intersection:  Driveway access (within),Paved,,Property Damage Only,0,0,0,0,0,0,5000,2,2,,POINT (-91.530492766305 41.553388813743)
2014795146,,04/10/2014,04-April,5-Thursday,13:57,1300 Hours,District 5 (Southeast),CHARITON,LUCAS,,OSCEOLA AVE,Collision with:  Vehicle in traffic,On Roadway,"Sideswipe, same direction",FTYROW:  Other (explain in narrative),None Indicated,,Daylight,Dry,Clear,None apparent,Non-intersection:  Non-junction/no special feature,Paved,,Property Damage Only,0,0,0,0,0,0,4500,2,2,,POINT (-93.319346340472 41.02102364831)
2014794682,20140009593,04/10/2014,04-April,5-Thursday,23:30,2300 Hours,District 1 (Central),DES MOINES,POLK,,NEW YORK AVE & 2ND AVE,Collision with fixed object:  Traffic sign support,Roadside,Non-collision (single vehicle),Exceeded authorized speed,None Indicated,,Dark - roadway lighted,Dry,Clear,None apparent,Non-intersection:  Non-junction/no special feature,Paved,,Possible/Unknown,0,1,0,0,0,1,2500,1,2,,POINT (-93.61993619317 41.620105918101)
2014795030,58-2014,04/10/2014,04-April,5-Thursday,07:00,0700 Hours,District 4 (Southwest),,HARRISON,,Co Rd K45/AUSTIN AVE,Collision with fixed object:  Tree,Shoulder,Non-collision (single vehicle),Crossed centerline (undivided),None Indicated,,Daylight,Dry,Clear,None apparent,Non-intersection:  Non-junction/no special feature,Paved,,Major Injury,0,1,1,0,0,0,500,1,1,,POINT (-96.031992975739 41.749852104209)
2014794407,14-001569,04/10/2014,04-April,5-Thursday,13:02,1300 Hours,District 1 (Central),ANKENY,POLK,,SE SHURFINE DR & SE OAK DR,Collision with fixed object:  Traffic sign support,,Non-collision (single vehicle),Swerving/Evasive Action,None Indicated,,Daylight,,,None apparent,Intersection:  Four-way intersection,Paved,,Property Damage Only,0,0,0,0,0,0,1500,1,1,,POINT (-93.597798306827 41.711933822454)
2014807894,CP14-0293,04/10/2014,04-April,5-Thursday,18:18,1800 Hours,District 2 (Northeast),CLARION,WRIGHT,,Co Rd R38/MADISON AVE & 15TH AVE SW,Collision with:  Vehicle in traffic,On Roadway,Rear-end (front to rear),FTYROW:  Other (explain in narrative),None Indicated,,Daylight,Dry,Clear,None apparent,Intersection:  T-intersection,Paved,,Property Damage Only,0,0,0,0,0,0,10000,2,3,,POINT (-93.73531712416 42.717981533925)
2014794743,14-6553,04/10/2014,04-April,5-Thursday,08:33,0800 Hours,District 6 (East Central),BETTENDORF,SCOTT,US 67,US 67/GRANT ST & 13TH ST,Collision with:  Vehicle in traffic,On Roadway,"Sideswipe, same direction",Crossed centerline (undivided),None Indicated,,Daylight,Dry,Cloudy,None apparent,Intersection:  T-intersection,Paved,,Property Damage Only,0,0,0,0,0,0,6000,2,2,,POINT (-90.515124204389 41.526196695883)
2014794400,14-004293,04/10/2014,04-April,5-Thursday,05:14,0500 Hours,District 4 (Southwest),,MILLS,I-29,I-29,Collision with:  Vehicle in traffic,On Roadway,Rear-end (front to rear),Other (explain in narrative):  Other,None Indicated,,Dark - roadway not lighted,Dry,Cloudy,None apparent,Non-intersection:  Non-junction/no special feature,Paved,,Possible/Unknown,0,1,0,0,1,0,10700,2,2,,POINT (-95.799823555601 40.969860209156)
2014794392,201405006,04/10/2014,04-April,5-Thursday,18:10,1800 Hours,District 6 (East Central),CEDAR RAPIDS,LINN,IA 922,IA 922/1ST AVE E & 8TH ST SE & 8TH ST NE,Collision with:  Vehicle in traffic,On Roadway,"Sideswipe, same direction",Made improper turn,None Indicated,,Daylight,Dry,Clear,None apparent,Non-intersection:  Non-junction/no special feature,Paved,,Property Damage Only,0,0,0,0,0,0,8000,2,3,,POINT (-91.662040617253 41.982527407866)
2014794279,20140009491,04/10/2014,04-April,5-Thursday,06:28,0600 Hours,District 1 (Central),DES MOINES,POLK,,PARK AVE & FLEUR DR,Collision with:  Vehicle in traffic,On Roadway,"Angle, oncoming left turn",Ran Traffic Signal,None Indicated,,Dawn,Dry,Cloudy,None apparent,Intersection:  Four-way intersection,Paved,,Minor Injury,0,2,0,2,0,0,11500,2,3,,POINT (-93.644931970012 41.555458496828)
2014794841,2014003851,04/10/2014,04-April,5-Thursday,16:49,1600 Hours,District 6 (East Central),IOWA CITY,JOHNSON,,FRIENDSHIP ST & S 1ST AVE,Collision with:  Vehicle in traffic,On Roadway,Broadside (front to side),FTYROW:  From stop sign,None Indicated,,Daylight,Dry,Clear,None apparent,Intersection:  Four-way intersection,Paved,,Property Damage Only,0,0,0,0,0,0,2000,2,2,,POINT (-91.501994410785 41.653862507659)
2014794280,20140009499,04/10/2014,04-April,5-Thursday,08:20,0800 Hours,District 1 (Central),DES MOINES,POLK,,HIGH ST & 8TH ST,Collision with fixed object:  Other fixed object (explain in narrative),Shoulder,Non-collision (single vehicle),Made improper turn,None Indicated,,Daylight,Dry,Cloudy,None apparent,Intersection:  Other intersection (explain in narrative),Paved,,Property Damage Only,0,0,0,0,0,0,2500,1,3,,POINT (-93.628026593657 41.587933228442)
2014794447,14-4013,04/10/2014,04-April,5-Thursday,05:30,0500 Hours,District 3 (Northwest),,SIOUX,IA 60,IA 60/IOWA 60 & 370TH ST,Collision with:  Animal,,,Animal,None Indicated,,,,,,,Paved,,Possible/Unknown,0,1,0,0,1,0,5000,1,1,,POINT (-95.89594090593 43.112768529376)
2014796556,20140009483,04/10/2014,04-April,5-Thursday,01:24,0100 Hours,District 1 (Central),DES MOINES,POLK,,AMHERST ST,Collision with fixed object:  Tree,Roadside,Non-collision (single vehicle),"Operating vehicle in an reckless, erratic, careless, negligent manner",Alcohol (Statutory),,Dark - roadway lighted,Dry,Clear,None apparent,Non-intersection:  Non-junction/no special feature,Paved,,Possible/Unknown,0,1,0,0,1,0,5000,1,1,,POINT (-93.61146015258 41.627564239074)
2014794975,14-001995,04/10/2014,04-April,5-Thursday,17:30,1700 Hours,District 2 (Northeast),ALGONA,KOSSUTH,US 18,US 18 & N MC COY ST,Collision with:  Vehicle in traffic,On Roadway,Broadside (front to side),FTYROW:  From driveway,None Indicated,,Daylight,Dry,Clear,None apparent,Non-intersection:  Driveway access (within),Paved,,Minor Injury,0,3,0,3,0,0,9000,2,3,,POINT (-94.214225293948 43.082808351454)
2014795287,W14-034680,04/10/2014,04-April,5-Thursday,15:52,1500 Hours,District 2 (Northeast),WATERLOO,BLACK HAWK,,E RIDGEWAY AVE,Collision with:  Vehicle in traffic,On Roadway,Rear-end (front to rear),Followed too close,None Indicated,,Daylight,Dry,Clear,None apparent,Intersection:  Four-way intersection,Paved,,Property Damage Only,0,0,0,0,0,0,4500,2,2,,POINT (-92.351862643659 42.469401883223)
2014794366,01-14-14829,04/10/2014,04-April,5-Thursday,18:32,1800 Hours,District 6 (East Central),DUBUQUE,DUBUQUE,,W 17TH ST & DORGAN ST,Collision with:  Vehicle in traffic,On Roadway,Broadside (front to side),FTYROW:  At uncontrolled intersection,None Indicated,,Daylight,Dry,Clear,None apparent,Non-intersection:  Alley,Paved,,Property Damage Only,0,0,0,0,0,0,5000,2,4,,POINT (-90.671657087924 42.508068304157)
2014796155,14000429,04/10/2014,04-April,5-Thursday,06:50,0600 Hours,District 1 (Central),HUXLEY,STORY,IA 210,IA 210/IOWA 210,Collision with:  Animal,,Non-collision (single vehicle),Animal,None Indicated,,,,,,,Paved,,Property Damage Only,0,0,0,0,0,0,4000,1,3,,POINT (-93.564078599 41.877804978656)
2014797570,141636,04/10/2014,04-April,5-Thursday,08:00,0800 Hours,District 1 (Central),IOWA FALLS,HARDIN,,WASHINGTON AVE & RIVER OAKS RD & GEORGETOWN RD,Collision with:  Vehicle in traffic,On Roadway,"Angle, oncoming left turn",FTYROW:  Making left turn,None Indicated,,Daylight,Dry,Clear,None apparent,Intersection:  Four-way intersection,Paved,,Possible/Unknown,0,2,0,0,2,0,17500,2,4,,POINT (-93.291914067105 42.519512450176)
2014794539,14-11836,04/10/2014,04-April,5-Thursday,11:25,1100 Hours,District 5 (Southeast),BURLINGTON,DES MOINES,US 61,US 61 & AGENCY ST,Collision with:  Vehicle in traffic,On Roadway,Broadside (front to side),FTYROW:  Making right turn on red signal,None Indicated,,Daylight,Dry,Clear,None apparent,Non-intersection:  Non-junction/no special feature,Paved,,Property Damage Only,0,0,0,0,0,0,3000,2,2,,POINT (-91.141480318495 40.814841712758)