Iowa DOT Case Number,Law Enforcement Case Number,Date of Crash,Month of Crash,Day of Week,Time of Crash,Hour,DOT District,City Name,County Name,Route with System,Location Description,First Harmful Event,Location of First Harmful Event,Manner of Crash/Collision,Major Cause,Drug or Alcohol ,Environmental Conditions,Light Conditions,Surface Conditions,Weather Conditions,Roadway Contribution,Roadway Type,Roadway Surface,Work Zone,Crash Severity,Number of Fatalities,Number of Injuries,Number of Major Injuries,Number of Minor Injuries,Number of Possible Injuries,Number of Unknown Injuries,Amount of Property Damage,Number of Vehicles Involved,Total Number of Occupants,Travel Direction,Location
2014795306,01-14-14832,04/10/2014,04-April,5-Thursday,18:54,1800 Hours,District 6 (East Central),DUBUQUE,DUBUQUE,,E 27TH ST & JACKSON ST,Collision with:  Vehicle in traffic,On Roadway,Broadside (front to side),Ran Stop Sign,None Indicated,,Daylight,Dry,Clear,None apparent,Intersection:  Four-way intersection,Paved,,Property Damage Only,0,0,0,0,0,0,3000,2,5,,POINT (-90.67540149566 42.521643154699)
2014794853,029-14,04/10/2014,04-April,5-Thursday,14:45,1400 Hours,District 4 (Southwest),,MADISON,US 169,US 169 & Co Rd G31/195TH ST,Collision with:  Vehicle in traffic,On Roadway,Rear-end (front to rear),Other (explain in narrative):  Other,None Indicated,,Daylight,Dry,Clear,None apparent,Intersection:  T-intersection,Paved,,Property Damage Only,0,0,0,0,0,0,5500,2,4,,POINT (-94.013252258201 41.366386768299)
2014794503,W14-034753,04/10/2014,04-April,5-Thursday,20:05,2000 Hours,District 2 (Northeast),WATERLOO,BLACK HAWK,US 63,US 63/LOGAN AVE & W ARLINGTON ST & E ARLINGTON ST,Collision with:  Vehicle in traffic,On Roadway,"Sideswipe, same direction",FTYROW:  From stop sign,None Indicated,,Dark - roadway lighted,Dry,Clear,Work Zone (roadway-related),Intersection:  Four-way intersection,Paved,Yes,Property Damage Only,0,0,0,0,0,0,1700,2,3,,POINT (-92.337746060896 42.518393984883)
2014796662,2014022195,04/10/2014,04-April,5-Thursday,05:53,0500 Hours,District 5 (Southeast),,WARREN,I-35,I-35 & Co Rd G14/HWY G14,Non-collision events:  Other non-collision (explain in narrative),On Roadway,Non-collision (single vehicle),Other (explain in narrative):  No improper action,None Indicated,,Dark - roadway not lighted,Dry,Clear,Debris,Non-intersection:  Other non-intersection (explain in narrative),Paved,Yes,Property Damage Only,0,0,0,0,0,0,2500,1,1,,POINT (-93.780129979051 41.483084562365)
2014794666,20140009502,04/10/2014,04-April,5-Thursday,08:45,0800 Hours,District 1 (Central),DES MOINES,POLK,,E HULL AVE,Collision with:  Vehicle in traffic,On Roadway,Rear-end (front to rear),Ran Traffic Signal,None Indicated,,Daylight,Dry,Clear,None apparent,Intersection:  T-intersection,Paved,,Property Damage Only,0,0,0,0,0,0,3000,2,2,,POINT (-93.619884703984 41.622249909187)
2014826420,14-2621,04/10/2014,04-April,5-Thursday,03:00,0300 Hours,District 6 (East Central),LE CLAIRE,SCOTT,I-80,I-80,Collision with:  Animal,,,Animal,None Indicated,,,,,,,Paved,,Property Damage Only,0,0,0,0,0,0,7000,1,4,,POINT (-90.387136447519 41.595272909423)
2014795128,2014022346,04/10/2014,04-April,5-Thursday,11:45,1100 Hours,District 2 (Northeast),,WINNESHIEK,IA 150,IA 150/IOWA 150 & 231ST AVE,Collision with:  Other non-fixed object (explain in narrative),On Roadway,Non-collision (single vehicle),Cargo/equipment loss or shift,None Indicated,,Daylight,Dry,Cloudy,None apparent,Non-intersection:  Non-junction/no special feature,Paved,,Minor Injury,0,1,0,1,0,0,12000,2,3,,POINT (-91.853233418607 43.089960794642)
2014797738,K14-010062,04/10/2014,04-April,5-Thursday,16:17,1600 Hours,District 5 (Southeast),KEOKUK,LEE,IA 136,US 136/7TH ST,Collision with:  Parked motor vehicle,Outside trafficway,Broadside (front to side),Ran off road - right,Alcohol (< Statutory),,Daylight,Dry,Cloudy,None apparent,Non-intersection:  Non-junction/no special feature,Paved,,Property Damage Only,0,0,0,0,0,0,27660,3,1,,POINT (-91.42093784638 40.389029474948)
2014794580,2014003853,04/10/2014,04-April,5-Thursday,15:00,1500 Hours,District 6 (East Central),IOWA CITY,JOHNSON,,E WASHINGTON ST & S CAPITOL ST,Collision with:  Vehicle in traffic,On Roadway,"Sideswipe, same direction",Other (explain in narrative):  Other,None Indicated,,Daylight,Dry,Clear,None apparent,Non-intersection:  Non-junction/no special feature,Paved,,Property Damage Only,0,0,0,0,0,0,2501,2,2,,POINT (-91.536163069012 41.660139270221)
2014794742,14-6550,04/10/2014,04-April,5-Thursday,07:54,0700 Hours,District 6 (East Central),BETTENDORF,SCOTT,US 67,US 67/GRANT ST & 15TH ST,Collision with:  Vehicle in traffic,On Roadway,Rear-end (front to rear),Other (explain in narrative):  Other,None Indicated,,Daylight,Dry,Cloudy,None apparent,Intersection:  Four-way intersection,Paved,,Possible/Unknown,0,1,0,0,1,0,20500,3,4,,POINT (-90.51153956782 41.526227216508)
2014794283,20140009516,04/10/2014,04-April,5-Thursday,10:58,1000 Hours,District 1 (Central),DES MOINES,POLK,,HUBBELL AVE & EASTON BLVD,Collision with:  Vehicle in traffic,On Roadway,Rear-end (front to rear),Followed too close,None Indicated,,Daylight,Dry,Cloudy,None apparent,Intersection:  Four-way intersection,Paved,,Minor Injury,0,3,0,1,2,0,8350,3,5,,POINT (-93.570932447433 41.607245225311)
2014794436,14-013880,04/10/2014,04-April,5-Thursday,13:05,1300 Hours,District 4 (Southwest),COUNCIL BLUFFS,POTTAWATTAMIE,,WOODBURY AVE,Collision with:  Vehicle in traffic,On Roadway,Broadside (front to side),FTYROW:  From driveway,None Indicated,,Daylight,Dry,Cloudy,None apparent,Non-intersection:  Driveway access (within),Paved,,Property Damage Only,0,0,0,0,0,0,6000,3,2,,POINT (-95.825687604269 41.242569118862)
2014794906,2014-21877,04/10/2014,04-April,5-Thursday,14:54,1400 Hours,District 6 (East Central),DAVENPORT,SCOTT,US 6,US 6/E KIMBERLY RD,Collision with:  Vehicle in traffic,On Roadway,Rear-end (front to rear),Other (explain in narrative):  Other,None Indicated,,Daylight,Dry,Cloudy,None apparent,Non-intersection:  Non-junction/no special feature,Paved,,Property Damage Only,0,0,0,0,0,0,6500,2,3,,POINT (-90.549152358291 41.556891588359)
2014794351,14-3589,04/10/2014,04-April,5-Thursday,14:20,1400 Hours,District 3 (Northwest),CARROLL,CARROLL,US 30,US 30 & LE CLARK RD & RADIANT RD,Collision with:  Vehicle in traffic,On Roadway,Rear-end (front to rear),Followed too close,None Indicated,,Daylight,Dry,Clear,None apparent,Non-intersection:  Non-junction/no special feature,Paved,,Property Damage Only,0,0,0,0,0,0,6000,2,2,,POINT (-94.885572386424 42.078281429868)
2014794369,02-14-5762,04/10/2014,04-April,5-Thursday,22:26,2200 Hours,District 6 (East Central),,DUBUQUE,US 52,US 52,Collision with:  Animal,,,Animal,None Indicated,,,,,,,Paved,,Property Damage Only,0,0,0,0,0,0,4000,1,1,,POINT (-90.90473532528 42.585988811678)
2014794438,14-013901,04/10/2014,04-April,5-Thursday,17:10,1700 Hours,District 4 (Southwest),COUNCIL BLUFFS,POTTAWATTAMIE,IA 192,IA 192/S 6TH ST & WILLOW AVE,Collision with:  Vehicle in traffic,On Roadway,"Sideswipe, same direction",Made improper turn,None Indicated,,Daylight,Dry,Clear,None apparent,Intersection:  Other intersection (explain in narrative),Paved,,Possible/Unknown,0,1,0,0,1,0,1700,2,4,,POINT (-95.852712421159 41.258699089211)
2014796741,14-003586,04/10/2014,04-April,5-Thursday,16:00,1600 Hours,District 2 (Northeast),,FAYETTE,,Y AVE,Non-collision events:  Overturn/rollover,On Roadway,Non-collision (single vehicle),Ran off road - left,None Indicated,,Daylight,"Mud, dirt",Clear,None apparent,Non-intersection:  Non-junction/no special feature,Unpaved,,Possible/Unknown,0,1,0,0,1,0,4000,1,2,,POINT (-92.081493419878 42.958134905678)
2014794370,01-14-14766,04/10/2014,04-April,5-Thursday,12:55,1200 Hours,District 6 (East Central),DUBUQUE,DUBUQUE,US 20,US 20/DODGE ST,Collision with:  Vehicle in traffic,On Roadway,Rear-end (front to rear),Lost Control,None Indicated,,Daylight,Dry,Clear,None apparent,Intersection:  Four-way intersection,Paved,,Minor Injury,0,2,0,1,1,0,6500,2,2,,POINT (-90.706570131182 42.491923859847)
2014794403,14-2370,04/10/2014,04-April,5-Thursday,19:52,1900 Hours,District 1 (Central),DES MOINES,POLK,,Co Rd F52/NE 46TH AVE,Non-collision events:  Overturn/rollover,Outside trafficway,Non-collision (single vehicle),Exceeded authorized speed,Alcohol (Statutory),,Daylight,Dry,Clear,None apparent,Non-intersection:  Railroad grade crossing,Paved,,Property Damage Only,0,0,0,0,0,0,18500,1,1,,POINT (-93.583950514639 41.644145389576)
2014794335,W14-034573,04/10/2014,04-April,5-Thursday,09:45,0900 Hours,District 2 (Northeast),WATERLOO,BLACK HAWK,,KIMBALL AVE,Collision with:  Vehicle in traffic,On Roadway,Rear-end (front to rear),Followed too close,None Indicated,,Daylight,Dry,Clear,None apparent,Non-intersection:  Non-junction/no special feature,Paved,,Property Damage Only,0,0,0,0,0,0,4700,2,2,,POINT (-92.356943221359 42.470997523575)
2014794459,46-14,04/10/2014,04-April,5-Thursday,10:13,1000 Hours,District 3 (Northwest),ROCK VALLEY,SIOUX,US 18,US 18/10TH ST,Collision with:  Vehicle in traffic,On Roadway,"Sideswipe, same direction",FTYROW:  From driveway,None Indicated,,Daylight,Dry,Clear,None apparent,Non-intersection:  Driveway access (within),Paved,,Property Damage Only,0,0,0,0,0,0,8000,2,2,,POINT (-96.294323436262 43.199953645935)
2014794411,20140009544,04/10/2014,04-April,5-Thursday,14:50,1400 Hours,District 1 (Central),DES MOINES,POLK,,E LOCUST ST & E 4TH ST,Collision with:  Vehicle in traffic,On Roadway,Broadside (front to side),Ran Traffic Signal,None Indicated,,Daylight,Dry,Clear,None apparent,Intersection:  Four-way intersection,Paved,,Possible/Unknown,0,2,0,0,2,0,5000,2,3,,POINT (-93.612659379903 41.589376239553)
2014795820,14-001695,04/10/2014,04-April,5-Thursday,12:17,1200 Hours,District 1 (Central),AMES,STORY,US 30,US 30/NW RAMP CURV & US 69/S DUFF AVE,Collision with:  Vehicle in traffic,On Roadway,Rear-end (front to rear),Followed too close,None Indicated,,Daylight,Dry,Clear,None apparent,Non-intersection:  Non-junction/no special feature,Paved,,Property Damage Only,0,0,0,0,0,0,4500,2,2,,POINT (-93.610052343274 42.006554965878)
2014794390,20141129,04/10/2014,04-April,5-Thursday,21:10,2100 Hours,District 6 (East Central),,LINN,US 151,US 151 & WEAKLAND LN,Collision with:  Animal,,,Animal,None Indicated,,,,,,,Paved,,Property Damage Only,0,0,0,0,0,0,2500,1,1,,POINT (-91.550147385495 41.983357113412)
2014794262,14001936,04/10/2014,04-April,5-Thursday,06:55,0600 Hours,District 3 (Northwest),SHELDON,OBRIEN,,2ND AVE,Collision with:  Vehicle in traffic,On Roadway,Rear-end (front to rear),FTYROW:  Other (explain in narrative),None Indicated,,Daylight,Dry,Cloudy,None apparent,Non-intersection:  Driveway access (within),Paved,,Property Damage Only,0,0,0,0,0,0,1900,2,3,,POINT (-95.854348555193 43.185595288509)
2014794431,14-1683,04/10/2014,04-April,5-Thursday,17:15,1700 Hours,District 1 (Central),WEST DES MOINES,POLK,I-235,I-235,Collision with:  Vehicle in traffic,On Roadway,Rear-end (front to rear),Followed too close,None Indicated,,Daylight,Dry,Clear,None apparent,Non-intersection:  Non-junction/no special feature,Paved,,Property Damage Only,0,0,0,0,0,0,3300,6,6,,POINT (-93.750103894862 41.592290647219)
2014794502,W14-034742,04/10/2014,04-April,5-Thursday,19:28,1900 Hours,District 2 (Northeast),WATERLOO,BLACK HAWK,,VINTON ST & LAFAYETTE ST,Collision with fixed object:  Utility pole/light support,Shoulder,Non-collision (single vehicle),Made improper turn,None Indicated,,Daylight,Dry,Clear,None apparent,Intersection:  Four-way intersection,Paved,,Property Damage Only,0,0,0,0,0,0,3000,1,1,,POINT (-92.319952776845 42.492100866599)
2014794399,1400000305,04/10/2014,04-April,5-Thursday,06:05,0600 Hours,District 1 (Central),,MARSHALL,IA 14,IA 14/REED AVE,Collision with:  Animal,,,Animal,None Indicated,,,,,,,Paved,,Property Damage Only,0,0,0,0,0,0,4000,1,1,,POINT (-92.912397471436 41.991489272002)
2014794639,14680607,04/10/2014,04-April,5-Thursday,07:34,0700 Hours,District 5 (Southeast),,MONROE,,Co Rd H27/165TH ST,Non-collision events:  Overturn/rollover,Roadside,Non-collision (single vehicle),Crossed centerline (undivided),None Indicated,,Daylight,Dry,Cloudy,None apparent,Non-intersection:  Non-junction/no special feature,Paved,,Minor Injury,0,1,0,1,0,0,2000,1,1,,POINT (-92.769525772943 41.05541260731)
2014794675,20140009492,04/10/2014,04-April,5-Thursday,07:40,0700 Hours,District 1 (Central),DES MOINES,POLK,,ARTHUR AVE & E 16TH ST,Collision with:  Vehicle in traffic,On Roadway,Broadside (front to side),FTYROW:  From stop sign,None Indicated,,Dawn,Dry,Cloudy,None apparent,Intersection:  Four-way intersection,Paved,,Property Damage Only,0,0,0,0,0,0,8000,2,3,,POINT (-93.594510526067 41.617249827844)
2014794532,CL14001041,04/10/2014,04-April,5-Thursday,07:37,0700 Hours,District 6 (East Central),CLINTON,CLINTON,,N 4TH ST,Collision with:  Parked motor vehicle,On Roadway,Rear-end (front to rear),Lost Control,None Indicated,,Daylight,Dry,Clear,None apparent,Non-intersection:  Non-junction/no special feature,Paved,,Property Damage Only,0,0,0,0,0,0,7500,2,777,,POINT (-90.186919370068 41.863854243061)
2014794245,14-8620,04/10/2014,04-April,5-Thursday,07:20,0700 Hours,District 1 (Central),,JASPER,I-80,I-80 & Co Rd F48/HWY F-48 W,Collision with:  Vehicle in traffic,On Roadway,Broadside (front to side),Ran Stop Sign,None Indicated,,Daylight,Dry,Cloudy,None apparent,Interchange-related:  Off-ramp,Paved,,Property Damage Only,0,0,0,0,0,0,3500,2,3,,POINT (-93.179207707594 41.691623771834)
2014794434,14-013842,04/10/2014,04-April,5-Thursday,06:45,0600 Hours,District 4 (Southwest),COUNCIL BLUFFS,POTTAWATTAMIE,,N 22ND ST,Collision with:  Vehicle in traffic,On Roadway,Rear-end (front to rear),Improper Backing,None Indicated,,Daylight,Dry,Clear,None apparent,Non-intersection:  Non-junction/no special feature,Paved,,Property Damage Only,0,0,0,0,0,0,2900,2,1,,POINT (-95.877066557242 41.264820322485)
2014794525,14005493,04/10/2014,04-April,5-Thursday,16:45,1600 Hours,District 2 (Northeast),MASON CITY,CERRO GORDO,IA 122,IA 122/4TH ST SW,Collision with:  Vehicle in traffic,On Roadway,"Sideswipe, same direction",Improper or erratic lane changing,None Indicated,,Daylight,Dry,Clear,None apparent,Non-intersection:  Non-junction/no special feature,Paved,,Property Damage Only,0,0,0,0,0,0,3500,2,2,,POINT (-93.24294070915 43.148334993119)
2014794881,14-0766,04/10/2014,04-April,5-Thursday,23:10,2300 Hours,District 1 (Central),URBANDALE,POLK,I-35,I-35,Collision with:  Vehicle in traffic,On Roadway,Rear-end (front to rear),Followed too close,Alcohol (Statutory),,Dark - roadway not lighted,Dry,Clear,None apparent,Non-intersection:  Non-junction/no special feature,Paved,,Property Damage Only,0,0,0,0,0,0,10000,3,3,,POINT (-93.750229560299 41.651809206716)
2014794846,201401131,04/10/2014,04-April,5-Thursday,21:45,2100 Hours,District 6 (East Central),,LINN,US 30,US 30,Collision with:  Animal,,,Animal,None Indicated,,,,,,,Paved,,Property Damage Only,0,0,0,0,0,0,4500,1,1,,POINT (-91.581910063799 41.925518289318)
2014794430,14-1682,04/10/2014,04-April,5-Thursday,16:38,1600 Hours,District 1 (Central),WEST DES MOINES,POLK,,MILLS CIVIC PKWY,Collision with:  Vehicle in traffic,On Roadway,Rear-end (front to rear),Followed too close,None Indicated,,Daylight,Dry,Clear,None apparent,Non-intersection:  Non-junction/no special feature,Paved,,Possible/Unknown,0,1,0,0,1,0,5800,3,3,,POINT (-93.786583645699 41.559080375687)
2014794413,20140009550,04/10/2014,04-April,5-Thursday,15:33,1500 Hours,District 1 (Central),DES MOINES,POLK,I-235,I-235,Collision with:  Vehicle in traffic,On Roadway,Rear-end (front to rear),Followed too close,None Indicated,,Daylight,Dry,Clear,None apparent,Non-intersection:  Non-junction/no special feature,Paved,,Property Damage Only,0,0,0,0,0,0,3000,2,2,,POINT (-93.689273367865 41.59238321072)
2014794932,14-10757,04/10/2014,04-April,5-Thursday,21:51,2100 Hours,District 3 (Northwest),SIOUX CITY,WOODBURY,,PAXTON ST,Non-collision events:  Other non-collision (explain in narrative),On Roadway,Non-collision (single vehicle),Exceeded authorized speed,None Indicated,,Dark - roadway lighted,Dry,Clear,None apparent,Intersection:  T-intersection,Paved,,Major Injury,0,1,1,0,0,0,6000,1,1,,POINT (-96.365245570506 42.491682609081)
2014794416,20140009594,04/10/2014,04-April,5-Thursday,23:28,2300 Hours,District 1 (Central),DES MOINES,POLK,,E HULL AVE,Collision with:  Vehicle in traffic,On Roadway,Rear-end (front to rear),"Operating vehicle in an reckless, erratic, careless, negligent manner",None Indicated,,Dark - unknown roadway lighting,Dry,Cloudy,None apparent,Non-intersection:  Railroad grade crossing,Paved,,Possible/Unknown,0,1,0,0,1,0,3000,2,3,,POINT (-93.582984792269 41.622262821252)
2014795975,20140009586,04/10/2014,04-April,5-Thursday,21:50,2100 Hours,District 1 (Central),DES MOINES,POLK,,DAVIS AVE & SW 9TH ST,Collision with:  Vehicle in traffic,On Roadway,Broadside (front to side),FTYROW:  From stop sign,None Indicated,,Dark - roadway lighted,Dry,Clear,None apparent,Intersection:  Four-way intersection,Paved,,Property Damage Only,0,0,0,0,0,0,10000,2,2,,POINT (-93.623579298072 41.56588062111)
2014794409,14-001576,04/10/2014,04-April,5-Thursday,17:58,1700 Hours,District 1 (Central),ANKENY,POLK,US 69,US 69/S ANKENY BLVD/N 14TH ST & IA 160/SW ORALABOR RD/SE ORALABOR RD,Collision with:  Vehicle in traffic,On Roadway,Rear-end (front to rear),Other (explain in narrative):  Other,None Indicated,,Daylight,Dry,Clear,None apparent,Intersection:  Four-way intersection,Paved,,Possible/Unknown,0,1,0,0,1,0,2500,2,3,,POINT (-93.600562715852 41.70285829484)
2014794816,W14-034570,04/10/2014,04-April,5-Thursday,09:29,0900 Hours,District 2 (Northeast),WATERLOO,BLACK HAWK,,E 7TH ST & MULBERRY ST,Collision with:  Vehicle in traffic,On Roadway,"Angle, oncoming left turn",FTYROW:  Making left turn,None Indicated,,Daylight,Dry,Clear,None apparent,Intersection:  Four-way intersection,Paved,,Minor Injury,0,1,0,1,0,0,6000,2,2,,POINT (-92.330978591968 42.497731366165)
2014796663,2014022318,04/10/2014,04-April,5-Thursday,10:36,1000 Hours,District 1 (Central),,POLK,I-80,I-80,Collision with fixed object:  Guardrail - face,Shoulder,Non-collision (single vehicle),Ran off road - left,None Indicated,,Daylight,Dry,Clear,None apparent,Non-intersection:  Non-junction/no special feature,Paved,,Possible/Unknown,0,1,0,0,1,0,5100,1,1,,POINT (-93.432020665724 41.67400005779)
2014794697,14-0757,04/10/2014,04-April,5-Thursday,07:33,0700 Hours,District 1 (Central),URBANDALE,POLK,,MEREDITH DR,Collision with:  Vehicle in traffic,On Roadway,"Sideswipe, same direction",Swerving/Evasive Action,None Indicated,,Daylight,Dry,Clear,None apparent,Non-intersection:  Non-junction/no special feature,Paved,,Property Damage Only,0,0,0,0,0,0,4000,2,2,,POINT (-93.711820142824 41.643856996396)
2014794840,2014003848,04/10/2014,04-April,5-Thursday,15:59,1500 Hours,District 6 (East Central),IOWA CITY,JOHNSON,,GINTER AVE & ASH ST,Collision with:  Vehicle in traffic,On Roadway,Broadside (front to side),FTYROW:  At uncontrolled intersection,None Indicated,,Daylight,Dry,Clear,None apparent,Intersection:  Four-way intersection,Paved,,Property Damage Only,0,0,0,0,0,0,3000,2,2,,POINT (-91.514663971231 41.647605069703)
2014794359,2014-1421,04/10/2014,04-April,5-Thursday,21:55,2100 Hours,District 4 (Southwest),WAUKEE,DALLAS,,WESTBROOK DR,Collision with:  Vehicle in traffic,On Roadway,Rear-end (front to rear),Driver Distraction:  Manual operation of an electronic communication device,None Indicated,,Dark - roadway not lighted,Dry,Cloudy,None apparent,Intersection:  T-intersection,Paved,,Possible/Unknown,0,1,0,0,1,0,5000,2,3,,POINT (-93.85274256787 41.60909411623)
2014794404,14-2368,04/10/2014,04-April,5-Thursday,18:31,1800 Hours,District 1 (Central),DES MOINES,POLK,IA 415,IA 415/2ND AVE & Co Rd F46/NW 60TH AVE,Collision with:  Vehicle in traffic,On Roadway,Broadside (front to side),FTYROW:  From stop sign,None Indicated,,Daylight,Dry,Clear,None apparent,Intersection:  Four-way intersection,Paved,,Property Damage Only,0,0,0,0,0,0,6500,2,2,,POINT (-93.620493755054 41.669480181688)
2014794744,14-6568,04/10/2014,04-April,5-Thursday,12:42,1200 Hours,District 6 (East Central),BETTENDORF,SCOTT,I-74,I-74 & MIDDLE RD,Collision with:  Vehicle in traffic,On Roadway,"Angle, oncoming left turn",Ran Traffic Signal,None Indicated,,Daylight,Dry,Clear,None apparent,Intersection:  Four-way intersection,Paved,,Possible/Unknown,0,1,0,0,1,0,5200,2,2,,POINT (-90.517176841114 41.541461815282)
2014808078,2014022190,04/10/2014,04-April,5-Thursday,03:00,0300 Hours,District 2 (Northeast),DOWS,FRANKLIN,I-35,I-35,Collision with:  Animal,,,Animal,None Indicated,,,,,,,Paved,,Property Damage Only,0,0,0,0,0,0,2500,1,1,,POINT (-93.46010241655 42.667176564973)
2014794435,14-013853,04/10/2014,04-April,5-Thursday,09:03,0900 Hours,District 4 (Southwest),COUNCIL BLUFFS,POTTAWATTAMIE,,S 35TH ST,Collision with:  Non-motorist (see non-motorist section - NOT a unit),On Roadway,Non-collision (single vehicle),FTYROW:  Making left turn,None Indicated,,Daylight,Dry,Clear,None apparent,Intersection:  Four-way intersection,Paved,,Minor Injury,0,1,0,1,0,0,0,1,1,,POINT (-95.902084341281 41.26184125804)
2014794349,14-003005,04/10/2014,04-April,5-Thursday,11:31,1100 Hours,District 6 (East Central),INDEPENDENCE,BUCHANAN,IA 150,IA 150/1ST ST E/5TH AVE NE & 5TH AVE SE,Collision with:  Vehicle in traffic,On Roadway,Rear-end (front to rear),Other (explain in narrative):  Other,None Indicated,,Daylight,Dry,Clear,None apparent,Intersection:  Four-way intersection,Paved,,Possible/Unknown,0,1,0,0,1,0,200,2,2,,POINT (-91.889359818565 42.468717014393)
2014794365,01-14-14807,04/10/2014,04-April,5-Thursday,16:48,1600 Hours,District 6 (East Central),DUBUQUE,DUBUQUE,IA 32,IA 32/IA32 NW ARTERIAL & ASBURY RD,Collision with:  Vehicle in traffic,On Roadway,Rear-end (front to rear),Lost Control,None Indicated,,Daylight,Dry,Cloudy,None apparent,Non-intersection:  Non-junction/no special feature,Paved,,Possible/Unknown,0,1,0,0,1,0,3500,2,2,,POINT (-90.740930416656 42.515299870587)
2014794401,14-014831,04/10/2014,04-April,5-Thursday,11:57,1100 Hours,District 5 (Southeast),MUSCATINE,MUSCATINE,IA 22,IA 22/PARK AVE,Collision with:  Vehicle in traffic,On Roadway,Broadside (front to side),FTYROW:  Making left turn,None Indicated,,Daylight,Dry,Clear,Work Zone (roadway-related),Non-intersection:  Driveway access (within),Paved,Yes,Property Damage Only,0,0,0,0,0,0,2500,2,2,,POINT (-91.03061526569 41.441189954203)
2014795144,410153414,04/10/2014,04-April,5-Thursday,15:34,1500 Hours,District 4 (Southwest),,RINGGOLD,,Co Rd J13/RINGGOLD UNION ST,Non-collision events:  Overturn/rollover,Outside trafficway,Non-collision (single vehicle),Ran off road - right,None Indicated,,Daylight,Dry,Clear,None apparent,Non-intersection:  Non-junction/no special feature,Unpaved,,Major Injury,0,2,1,1,0,0,3000,1,2,,POINT (-94.368788513222 40.899198404729)
2014794288,14-1666,04/10/2014,04-April,5-Thursday,01:25,0100 Hours,District 1 (Central),WEST DES MOINES,POLK,I-35,I-35,Non-collision events:  Overturn/rollover,Shoulder,Non-collision (single vehicle),Swerving/Evasive Action,None Indicated,,Dark - roadway lighted,Dry,Cloudy,None apparent,"Interchange-related:  Off-ramp, diverge area",Paved,,Property Damage Only,0,0,0,0,0,0,11500,1,1,,POINT (-93.77393870118 41.529487181975)
2014794872,14042027,04/10/2014,04-April,5-Thursday,14:10,1400 Hours,District 4 (Southwest),CLARINDA,PAGE,,W WALNUT ST & N 16TH ST,Non-collision events:  Other non-collision (explain in narrative),On Roadway,Non-collision (single vehicle),Lost Control,None Indicated,,Daylight,Dry,Cloudy,None apparent,Intersection:  Four-way intersection,Paved,,Possible/Unknown,0,1,0,0,1,0,3000,1,1,,POINT (-95.037874842078 40.748361639764)
2014794266,14-2339,04/10/2014,04-April,5-Thursday,09:25,0900 Hours,District 1 (Central),DES MOINES,POLK,,NE BROADWAY AND NE 46TH,Collision with:  Vehicle in traffic,On Roadway,Rear-end (front to rear),Driver Distraction:  Manual operation of an electronic communication device,None Indicated,,Daylight,Dry,Clear,None apparent,Non-intersection:  Non-junction/no special feature,Paved,,Property Damage Only,0,0,0,0,0,0,1800,2,2,,POINT (-93.601121017925 41.644047868862)
2014795823,14-001702,04/10/2014,04-April,5-Thursday,19:30,1900 Hours,District 1 (Central),AMES,STORY,,WEST ST & HYLAND AVE,Collision with:  Vehicle in traffic,On Roadway,Rear-end (front to rear),Followed too close,None Indicated,,Dusk,Dry,Clear,None apparent,Intersection:  Four-way intersection,Paved,,Possible/Unknown,0,1,0,0,1,0,300,2,4,,POINT (-93.655626569193 42.025352627069)
2014794443,14-6574,04/10/2014,04-April,5-Thursday,15:24,1500 Hours,District 6 (East Central),BETTENDORF,SCOTT,,TECH DR & 18TH ST,Collision with:  Vehicle in traffic,On Roadway,Broadside (front to side),Ran Stop Sign,None Indicated,,Daylight,Dry,Cloudy,None apparent,Intersection:  T-intersection,Paved,,Property Damage Only,0,0,0,0,0,0,7500,2,2,,POINT (-90.499999413501 41.552635553687)
2014794737,14-06567,04/10/2014,04-April,5-Thursday,12:39,1200 Hours,District 6 (East Central),BETTENDORF,SCOTT,US 67,US 67/GRANT ST,Collision with:  Vehicle in traffic,On Roadway,"Sideswipe, same direction",Crossed centerline (undivided),None Indicated,,Daylight,Dry,Cloudy,None apparent,Non-intersection:  Non-junction/no special feature,Paved,,Property Damage Only,0,0,0,0,0,0,3000,2,3,,POINT (-90.516332983454 41.526240837777)
2014794429,14-0765,04/10/2014,04-April,5-Thursday,21:19,2100 Hours,District 1 (Central),URBANDALE,POLK,,MEREDITH DR & 76TH ST,Collision with:  Vehicle in traffic,On Roadway,Broadside (front to side),FTYROW:  From stop sign,None Indicated,,Dark - roadway lighted,Dry,Clear,None apparent,Intersection:  T-intersection,Paved,,Property Damage Only,0,0,0,0,0,0,7500,2,3,,POINT (-93.722518828935 41.643826272368)
2014795150,,04/10/2014,04-April,5-Thursday,11:34,1100 Hours,District 5 (Southeast),FORT MADISON,LEE,,AVE H & 19TH ST,Collision with:  Vehicle in traffic,On Roadway,Broadside (front to side),FTYROW:  From stop sign,None Indicated,,Daylight,Dry,Cloudy,None apparent,Intersection:  Four-way intersection,Paved,,Property Damage Only,0,0,0,0,0,0,2000,2,2,,POINT (-91.331922286397 40.63024957791)
2014794440,14-013917,04/10/2014,04-April,5-Thursday,19:50,1900 Hours,District 4 (Southwest),COUNCIL BLUFFS,POTTAWATTAMIE,I-29,I-29,Collision with fixed object:  Guardrail - face,On Roadway,Non-collision (single vehicle),Improper or erratic lane changing,None Indicated,,Dusk,Dry,Clear,None apparent,Non-intersection:  Non-junction/no special feature,Paved,,Property Damage Only,0,0,0,0,0,0,5600,2,2,,POINT (-95.891513105291 41.232719788101)