Iowa DOT Case Number,Law Enforcement Case Number,Date of Crash,Month of Crash,Day of Week,Time of Crash,Hour,DOT District,City Name,County Name,Route with System,Location Description,First Harmful Event,Location of First Harmful Event,Manner of Crash/Collision,Major Cause,Drug or Alcohol ,Environmental Conditions,Light Conditions,Surface Conditions,Weather Conditions,Roadway Contribution,Roadway Type,Roadway Surface,Work Zone,Crash Severity,Number of Fatalities,Number of Injuries,Number of Major Injuries,Number of Minor Injuries,Number of Possible Injuries,Number of Unknown Injuries,Amount of Property Damage,Number of Vehicles Involved,Total Number of Occupants,Travel Direction,Location
2014794849,201401145,04/11/2014,04-April,6-Friday,21:17,2100 Hours,District 6 (East Central),WALFORD,LINN,,ERUSHA DR,Collision with:  Parked motor vehicle,On Roadway,Rear-end (front to rear),"Operating vehicle in an reckless, erratic, careless, negligent manner",Alcohol (Statutory),,Dark - unknown roadway lighting,Dry,Clear,None apparent,Non-intersection:  Non-junction/no special feature,Paved,,Property Damage Only,0,0,0,0,0,0,13000,2,1,,POINT (-91.828767736604 41.878315390498)
2014794908,2014-22031,04/11/2014,04-April,6-Friday,07:55,0700 Hours,District 6 (East Central),DAVENPORT,SCOTT,,E 48TH ST & JERSEY RIDGE RD,Collision with:  Vehicle in traffic,On Roadway,Broadside (front to side),FTYROW:  Making left turn,None Indicated,,Daylight,Dry,Clear,None apparent,Intersection:  T-intersection,Paved,,Property Damage Only,0,0,0,0,0,0,7000,2,2,,POINT (-90.541613880536 41.570393201497)
2014797901,2014-22155,04/11/2014,04-April,6-Friday,16:53,1600 Hours,District 6 (East Central),DAVENPORT,SCOTT,,IA 461/BRADY ST & W LOMBARD ST,Collision with:  Vehicle in traffic,On Roadway,"Sideswipe, same direction",Other (explain in narrative):  Other,None Indicated,,Daylight,Dry,Clear,None apparent,Non-intersection:  Non-junction/no special feature,Paved,,Property Damage Only,0,0,0,0,0,0,3000,2,3,,POINT (-90.573706281243 41.541903607699)
2014794506,W14-035210,04/11/2014,04-April,6-Friday,19:00,1900 Hours,District 2 (Northeast),WATERLOO,BLACK HAWK,,E 4TH ST,Collision with:  Vehicle in traffic,On Roadway,Rear-end (front to rear),Other (explain in narrative):  Other,None Indicated,,Daylight,Dry,Cloudy,None apparent,Intersection:  T-intersection,Paved,,Property Damage Only,0,0,0,0,0,0,12500,2,2,,POINT (-92.332713629481 42.516536616173)
2014797538,AC-14-0021,04/11/2014,04-April,6-Friday,14:44,1400 Hours,District 6 (East Central),MONTICELLO,JONES,,W 1ST ST,Collision with:  Parked motor vehicle,Roadside,"Sideswipe, same direction",Other (explain in narrative):  Other,None Indicated,,Daylight,Dry,Clear,None apparent,Non-intersection:  Non-junction/no special feature,Paved,,Property Damage Only,0,0,0,0,0,0,3000,2,1,,POINT (-91.195083029439 42.238020689321)
2014796030,14-002856,04/11/2014,04-April,6-Friday,12:25,1200 Hours,District 4 (Southwest),ATLANTIC,CASS,,5TH ST,Collision with:  Parked motor vehicle,Roadside,"Sideswipe, same direction",Made improper turn,None Indicated,,Daylight,Dry,Clear,None apparent,Non-intersection:  Non-junction/no special feature,Paved,,Property Damage Only,0,0,0,0,0,0,2000,2,3,,POINT (-95.013302846999 41.405996191213)
2014794534,CL14001055,04/11/2014,04-April,6-Friday,18:00,1800 Hours,District 6 (East Central),CLINTON,CLINTON,,ROOSEVELT ST,Collision with:  Vehicle in traffic,On Roadway,"Angle, oncoming left turn",FTYROW:  Making left turn,None Indicated,,Daylight,Dry,Clear,None apparent,Intersection:  Four-way intersection,Paved,,Property Damage Only,0,0,0,0,0,0,10000,2,2,,POINT (-90.180972532769 41.865941721943)
2014794632,14008004,04/11/2014,04-April,6-Friday,10:49,1000 Hours,District 5 (Southeast),OSKALOOSA,MAHASKA,,B AVE E & N 2ND ST,Collision with:  Vehicle in traffic,On Roadway,Broadside (front to side),Ran Stop Sign,None Indicated,,Daylight,Dry,Clear,None apparent,Intersection:  Four-way intersection,Paved,,Minor Injury,0,1,0,1,0,0,11500,2,3,,POINT (-92.642677852854 41.297141450226)
2014794685,20140009672,04/11/2014,04-April,6-Friday,15:26,1500 Hours,District 1 (Central),DES MOINES,POLK,,UNIVERSITY AVE,Collision with:  Vehicle in traffic,On Roadway,"Angle, oncoming left turn",FTYROW:  Making left turn,None Indicated,,Daylight,Dry,Clear,None apparent,Non-intersection:  Driveway access (within),Paved,,Property Damage Only,0,0,0,0,0,0,3000,2,2,,POINT (-93.675318497191 41.600365366467)
2014794504,W14-034962,04/11/2014,04-April,6-Friday,11:31,1100 Hours,District 2 (Northeast),WATERLOO,BLACK HAWK,,ANSBOROUGH AVE,Collision with:  Vehicle in traffic,On Roadway,Rear-end (front to rear),Followed too close,None Indicated,,Daylight,Dry,Clear,None apparent,Intersection:  Four-way intersection,Paved,,Property Damage Only,0,0,0,0,0,0,2000,2,4,,POINT (-92.376519824091 42.469421588671)
2014795731,14-002848,04/11/2014,04-April,6-Friday,05:15,0500 Hours,District 4 (Southwest),,CASS,,540TH ST,Collision with fixed object:  Bridge overhead structure,Shoulder,Non-collision (single vehicle),Ran off road - right,None Indicated,,Dawn,"Mud, dirt",Cloudy,None apparent,Non-intersection:  Other non-intersection (explain in narrative),Unpaved,,Property Damage Only,0,0,0,0,0,0,7500,1,1,,POINT (-95.146907024098 41.220396975826)
2014795070,20140009691,04/11/2014,04-April,6-Friday,17:45,1700 Hours,District 1 (Central),DES MOINES,POLK,I-235,I-235 & KEOSAUQUA WAY,Collision with:  Vehicle in traffic,On Roadway,Rear-end (front to rear),Followed too close,None Indicated,,Daylight,Dry,Clear,None apparent,Interchange-related:  On-ramp merge area,Paved,,Property Damage Only,0,0,0,0,0,0,4000,2,3,,POINT (-93.635442536671 41.595422535712)
2014796110,GP20140260,04/11/2014,04-April,6-Friday,17:00,1700 Hours,District 1 (Central),GRINNELL,POWESHIEK,IA 146,IA 146/WEST ST & WASHINGTON AVE,Collision with:  Vehicle in traffic,On Roadway,Rear-end (front to rear),Swerving/Evasive Action,None Indicated,,Daylight,Dry,Clear,None apparent,Non-intersection:  Non-junction/no special feature,Paved,,Property Damage Only,0,0,0,0,0,0,2800,3,4,,POINT (-92.72740213811 41.735971337392)
2014794847,201401134,04/11/2014,04-April,6-Friday,07:55,0700 Hours,District 6 (East Central),,LINN,,Co Rd E34/COUNTY HOME RD & N MENTZER RD,Collision with:  Vehicle in traffic,On Roadway,Rear-end (front to rear),Followed too close,None Indicated,,Daylight,Dry,Clear,None apparent,Intersection:  T-intersection,Paved,,Property Damage Only,0,0,0,0,0,0,10000,2,2,,POINT (-91.653452419372 42.094943251718)
2014795283,,04/11/2014,04-April,6-Friday,20:15,2000 Hours,District 5 (Southeast),WASHINGTON,WASHINGTON,IA 1,IA 1/IOWA 1 & W 5TH ST,Collision with:  Animal,On Roadway,Non-collision (single vehicle),Animal,None Indicated,,Dark - roadway not lighted,Dry,Clear,,Non-intersection:  Non-junction/no special feature,Paved,,Property Damage Only,0,0,0,0,0,0,8000,1,4,,POINT (-91.715619233698 41.307491582941)
2014835384,1400409,04/11/2014,04-April,6-Friday,02:30,0200 Hours,District 1 (Central),TOLEDO,TAMA,,BROADWAY ST,Collision with:  Vehicle in traffic,On Roadway,"Sideswipe, same direction",Swerving/Evasive Action,Refused,,Dark - roadway lighted,Dry,Clear,None apparent,Non-intersection:  Non-junction/no special feature,Paved,,Property Damage Only,0,0,0,0,0,0,2500,2,1,,POINT (-92.57832501703 41.994792236783)
2014794810,,04/11/2014,04-April,6-Friday,16:42,1600 Hours,District 2 (Northeast),,HUMBOLDT,,Co Rd C26/170TH ST & Co Rd P33/IOWA AVE,Collision with:  Vehicle in traffic,On Roadway,Broadside (front to side),Ran Stop Sign,None Indicated,,Daylight,Dry,Cloudy,None apparent,Intersection:  Four-way intersection,Paved,,Minor Injury,0,1,0,1,0,0,14000,2,3,,POINT (-94.286095792303 42.803894224528)
2014794651,14-2393,04/11/2014,04-April,6-Friday,17:57,1700 Hours,District 1 (Central),DES MOINES,POLK,IA 28,IA 28/MERLE HAY RD,Collision with:  Vehicle in traffic,On Roadway,Rear-end (front to rear),Followed too close,None Indicated,,Daylight,Dry,Clear,None apparent,Intersection:  Intersection with ramp,Paved,,Property Damage Only,0,0,0,0,0,0,3200,2,4,,POINT (-93.697663631518 41.650609078789)
2014794770,14-1041,04/11/2014,04-April,6-Friday,18:13,1800 Hours,District 1 (Central),FORT DODGE,WEBSTER,,KENYON RD & AVE C,Collision with:  Vehicle in traffic,On Roadway,Rear-end (front to rear),Other (explain in narrative):  Other,None Indicated,,Daylight,Dry,Cloudy,None apparent,Non-intersection:  Non-junction/no special feature,Paved,,Possible/Unknown,0,1,0,0,1,0,3500,2,5,,POINT (-94.189999140394 42.492461097756)
2014794505,W14-034992,04/11/2014,04-April,6-Friday,12:57,1200 Hours,District 2 (Northeast),WATERLOO,BLACK HAWK,US 218,US 218/WASHINGTON ST,Collision with:  Vehicle in traffic,On Roadway,"Sideswipe, same direction",Other (explain in narrative):  Other,None Indicated,,Daylight,Dry,Cloudy,None apparent,Non-intersection:  Non-junction/no special feature,Paved,,Property Damage Only,0,0,0,0,0,0,2300,2,2,,POINT (-92.375522531822 42.508546574658)
2014796431,14-170411-02,04/11/2014,04-April,6-Friday,05:45,0500 Hours,District 6 (East Central),,IOWA,IA 21,IA 21/B AVE,Collision with:  Animal,,,Animal,None Indicated,,,,,,,Paved,,Property Damage Only,0,0,0,0,0,0,4000,1,1,,POINT (-92.278065234361 41.857826720856)
2014796914,20140009708,04/11/2014,04-April,6-Friday,21:34,2100 Hours,District 1 (Central),DES MOINES,POLK,,GUTHRIE AVE & DELAWARE AVE,Collision with:  Vehicle in traffic,On Roadway,Rear-end (front to rear),Followed too close,None Indicated,,Dark - roadway lighted,Dry,Clear,None apparent,Non-intersection:  Non-junction/no special feature,Paved,,Property Damage Only,0,0,0,0,0,0,1800,2,4,,POINT (-93.581299061731 41.615002538001)
2014794496,14-005073,04/11/2014,04-April,6-Friday,15:30,1500 Hours,District 5 (Southeast),CENTERVILLE,APPANOOSE,,W WATER ST & E WATER ST & S MAIN ST,Collision with:  Vehicle in traffic,On Roadway,Rear-end (front to rear),Other (explain in narrative):  Other,None Indicated,,Daylight,Dry,Clear,None apparent,Non-intersection:  Non-junction/no special feature,Paved,,Property Damage Only,0,0,0,0,0,0,3000,2,2,,POINT (-92.874185115274 40.731803391634)
2014794837,14005677,04/11/2014,04-April,6-Friday,13:56,1300 Hours,District 5 (Southeast),NEW LONDON,HENRY,,Co Rd X23/NEW LONDON RD,Collision with fixed object:  Ditch,Shoulder,Non-collision (single vehicle),Ran off road - right,None Indicated,,Daylight,"Mud, dirt",Unknown,"Shoulders (none, low, soft, high)",Non-intersection:  Non-junction/no special feature,Paved,,Property Damage Only,0,0,0,0,0,0,3500,1,1,,POINT (-91.420873709274 40.892960554694)
2014795016,01-14-14927,04/11/2014,04-April,6-Friday,11:40,1100 Hours,District 6 (East Central),DUBUQUE,DUBUQUE,,LORAS BLVD & LOCUST ST S,Collision with:  Vehicle in traffic,On Roadway,Broadside (front to side),Ran Traffic Signal,None Indicated,,Daylight,Dry,Clear,None apparent,Intersection:  Four-way intersection,Paved,,Minor Injury,0,2,0,1,1,0,10400,2,2,,POINT (-90.670927001154 42.505441950543)
2014794933,14-10850,04/11/2014,04-April,6-Friday,16:39,1600 Hours,District 3 (Northwest),SIOUX CITY,WOODBURY,I-29,I-29,Collision with:  Vehicle in traffic,On Roadway,Head-on (front to front),Made improper turn,None Indicated,,Daylight,Dry,Clear,None apparent,Non-intersection:  Other non-intersection (explain in narrative),Paved,,Property Damage Only,0,0,0,0,0,0,4000,2,3,,POINT (-96.413578989584 42.491350121511)
2014795331,14-008305,04/11/2014,04-April,6-Friday,20:16,2000 Hours,District 5 (Southeast),,MARION,IA 14,IA 14/IOWA 14 & 115TH PL,Collision with:  Animal,On Roadway,Non-collision (single vehicle),Animal,None Indicated,,Dark - roadway not lighted,Dry,Clear,None apparent,Non-intersection:  Non-junction/no special feature,Paved,,Property Damage Only,0,0,0,0,0,0,3000,2,5,,POINT (-93.12886691298 41.249098826375)
2014794610,1404112027,04/11/2014,04-April,6-Friday,20:27,2000 Hours,District 6 (East Central),,JONES,US 151,US 151,Collision with:  Animal,,,Animal,None Indicated,,,,,,,Paved,,Property Damage Only,0,0,0,0,0,0,6000,1,1,,POINT (-91.155060352519 42.258133121068)
2014794552,01-14-15020,04/11/2014,04-April,6-Friday,20:04,2000 Hours,District 6 (East Central),DUBUQUE,DUBUQUE,,W 4TH ST & IOWA ST,Collision with:  Vehicle in traffic,On Roadway,Broadside (front to side),Ran Stop Sign,None Indicated,,Dark - roadway lighted,Dry,Clear,None apparent,Intersection:  T-intersection,Paved,,Property Damage Only,0,0,0,0,0,0,2500,2,3,,POINT (-90.66410905297 42.497990881625)
2014796292,2014-22027,04/11/2014,04-April,6-Friday,00:30,0000 Hours,District 6 (East Central),DAVENPORT,SCOTT,,W 7TH ST,Collision with:  Parked motor vehicle,On Roadway,"Sideswipe, opposite direction",Unknown,None Indicated,,Dark - roadway lighted,Dry,Clear,None apparent,Non-intersection:  Non-junction/no special feature,Paved,,Property Damage Only,0,0,0,0,0,0,3000,2,1,,POINT (-90.595726048784 41.526749215365)
2014794362,14-11945,04/11/2014,04-April,6-Friday,06:25,0600 Hours,District 5 (Southeast),BURLINGTON,DES MOINES,US 61,US 61,Collision with:  Animal,On Roadway,Non-collision (single vehicle),Animal,None Indicated,,Dawn,Dry,Clear,None apparent,Non-intersection:  Non-junction/no special feature,Paved,,Property Damage Only,0,0,0,0,0,0,4000,1,2,,POINT (-91.142332034774 40.788984892004)
2014794546,01-14-14974,04/11/2014,04-April,6-Friday,16:58,1600 Hours,District 6 (East Central),DUBUQUE,DUBUQUE,US 61,US 61/NW RAMP CURV & KERPER BLVD,Collision with:  Vehicle in traffic,On Roadway,"Sideswipe, same direction",Improper or erratic lane changing,None Indicated,,Daylight,Dry,Clear,None apparent,Non-intersection:  Crossover-related,Paved,,Property Damage Only,0,0,0,0,0,0,2500,2,3,,POINT (-90.654735800249 42.514341909694)
2014794367,01-14-14874,04/11/2014,04-April,6-Friday,01:49,0100 Hours,District 6 (East Central),DUBUQUE,DUBUQUE,,BLUFF ST,Collision with fixed object:  Utility pole/light support,Roadside,Non-collision (single vehicle),Ran off road - right,None Indicated,,Dark - roadway lighted,Dry,Clear,None apparent,Non-intersection:  Non-junction/no special feature,Paved,,Property Damage Only,0,0,0,0,0,0,2200,1,1,,POINT (-90.666383669623 42.494092956477)
2014794538,2014-1435,04/11/2014,04-April,6-Friday,17:50,1700 Hours,District 4 (Southwest),WAUKEE,DALLAS,US 6,US 6/HICKMAN AVE,Collision with:  Vehicle in traffic,On Roadway,Rear-end (front to rear),Followed too close,None Indicated,,Daylight,Dry,Clear,None apparent,Intersection:  Four-way intersection,Paved,,Property Damage Only,0,0,0,0,0,0,3000,2,4,,POINT (-93.854176652763 41.615001172987)
2014797589,201405055,04/11/2014,04-April,6-Friday,18:09,1800 Hours,District 6 (East Central),CEDAR RAPIDS,LINN,,A AVE NE & 16TH ST NE,Collision with:  Vehicle in traffic,On Roadway,"Angle, oncoming left turn",FTYROW:  Making left turn,None Indicated,,Daylight,Dry,Cloudy,None apparent,Intersection:  Four-way intersection,Paved,,Property Damage Only,0,0,0,0,0,0,8000,2,3,,POINT (-91.651172180029 41.990172747325)
2014794991,,04/11/2014,04-April,6-Friday,13:23,1300 Hours,District 6 (East Central),CEDAR RAPIDS,LINN,,E AVE NW & LEWELLEN DR NW,Collision with:  Parked motor vehicle,On Roadway,"Sideswipe, same direction",Unknown,None Indicated,,Daylight,Dry,Clear,,Intersection:  T-intersection,Paved,,Property Damage Only,0,0,0,0,0,0,6500,2,2,,POINT (-91.737987550174 41.978470025552)
2014796822,S14-3999,04/11/2014,04-April,6-Friday,16:32,1600 Hours,District 3 (Northwest),SLOAN,WOODBURY,I-29,I-29,Collision with:  Vehicle in traffic,On Roadway,"Angle, oncoming left turn",Crossed centerline (undivided),None Indicated,,Daylight,Dry,Clear,None apparent,Non-intersection:  Crossover-related,Paved,,Property Damage Only,0,0,0,0,0,0,1700,2,3,,POINT (-96.248393645499 42.24283504357)
2014794528,14-004958,04/11/2014,04-April,6-Friday,22:35,2200 Hours,District 3 (Northwest),,CLAY,,165TH AVE,Non-collision events:  Overturn/rollover,On Roadway,Non-collision (single vehicle),Ran off road - right,None Indicated,,Dark - roadway not lighted,Dry,Clear,None apparent,Non-intersection:  Non-junction/no special feature,Unpaved,,Property Damage Only,0,0,0,0,0,0,15000,1,1,,POINT (-95.254743783361 43.162335570609)
2014795701,2014022474,04/11/2014,04-April,6-Friday,07:30,0700 Hours,District 6 (East Central),CORALVILLE,JOHNSON,I-80,I-80 & I-380 & US 218,Collision with:  Vehicle in traffic,On Roadway,Rear-end (front to rear),Followed too close,None Indicated,,Daylight,Dry,Clear,None apparent,Interchange-related:  On-ramp merge area,Paved,,Property Damage Only,0,0,0,0,0,0,2000,2,2,,POINT (-91.63824064037 41.694350358916)
2014794643,14014997,04/11/2014,04-April,6-Friday,15:07,1500 Hours,District 5 (Southeast),MUSCATINE,MUSCATINE,,LAKE PARK BLVD & 2ND AVE,Collision with:  Vehicle in traffic,On Roadway,Broadside (front to side),FTYROW:  From stop sign,None Indicated,,Daylight,Dry,Cloudy,None apparent,Intersection:  Four-way intersection,Paved,,Property Damage Only,0,0,0,0,0,0,3000,2,5,,POINT (-91.035551227453 41.447390047025)
2014794511,201401491,04/11/2014,04-April,6-Friday,05:45,0500 Hours,District 1 (Central),BOONE,BOONE,US 30,US 30/230TH ST,Non-collision events:  Overturn/rollover,On Roadway,Non-collision (single vehicle),"Operating vehicle in an reckless, erratic, careless, negligent manner",Refused,,Dark - roadway not lighted,Dry,Clear,None apparent,Non-intersection:  Non-junction/no special feature,Paved,,Property Damage Only,0,0,0,0,0,0,1800,1,1,,POINT (-93.750921056366 42.023291667762)
2014794684,20140009666,04/11/2014,04-April,6-Friday,14:32,1400 Hours,District 1 (Central),DES MOINES,POLK,,URBANDALE AVE & 49TH ST,Collision with:  Vehicle in traffic,On Roadway,Broadside (front to side),FTYROW:  From stop sign,None Indicated,,Daylight,Dry,Clear,None apparent,Intersection:  Four-way intersection,Paved,,Property Damage Only,0,0,0,0,0,0,3500,2,2,,POINT (-93.685233148813 41.622176185072)
2014794797,14-10803,04/11/2014,04-April,6-Friday,10:36,1000 Hours,District 3 (Northwest),SIOUX CITY,WOODBURY,,TRANSIT AVE,Collision with:  Parked motor vehicle,Shoulder,"Sideswipe, same direction",Driver Distraction:  Reaching for object(s)/fallen object(s),None Indicated,,Daylight,Dry,Clear,None apparent,Non-intersection:  Non-junction/no special feature,Paved,,Property Damage Only,0,0,0,0,0,0,2500,2,1,,POINT (-96.357799896019 42.470785609884)
2014794703,14-1692,04/11/2014,04-April,6-Friday,17:17,1700 Hours,District 1 (Central),WEST DES MOINES,POLK,I-235,I-235,Collision with:  Vehicle in traffic,On Roadway,Rear-end (front to rear),Followed too close,None Indicated,,Daylight,Dry,Clear,None apparent,Non-intersection:  Non-junction/no special feature,Paved,,Property Damage Only,0,0,0,0,0,0,3500,3,3,,POINT (-93.744488791069 41.592300124477)
2014794683,20140009608,04/11/2014,04-April,6-Friday,05:47,0500 Hours,District 1 (Central),DES MOINES,POLK,,6TH AVE,Collision with fixed object:  Utility pole/light support,Roadside,Non-collision (single vehicle),Unknown,None Indicated,,Dark - roadway lighted,Dry,Clear,None apparent,Non-intersection:  Non-junction/no special feature,Paved,,Property Damage Only,0,0,0,0,0,0,1500,1,1,,POINT (-93.624808162568 41.616224456829)
2014794636,2014003355,04/11/2014,04-April,6-Friday,16:30,1600 Hours,District 1 (Central),MARSHALLTOWN,MARSHALL,,S CENTER ST,Collision with:  Vehicle in traffic,On Roadway,Head-on (front to front),FTYROW:  Making left turn,None Indicated,,Daylight,Dry,Clear,None apparent,Non-intersection:  Driveway access (within),Paved,,Possible/Unknown,0,2,0,0,2,0,10000,2,4,,POINT (-92.912650039807 42.01868056594)
2014794583,2014003880,04/11/2014,04-April,6-Friday,13:47,1300 Hours,District 6 (East Central),IOWA CITY,JOHNSON,,E WASHINGTON ST,Unknown,Unknown,Unknown,Unknown,None Indicated,,Daylight,Unknown,Unknown,None apparent,Non-intersection:  Non-junction/no special feature,Paved,,Property Damage Only,0,0,0,0,0,0,2000,2,1,,POINT (-91.529259003947 41.660051116896)
2014794422,20140009649,04/11/2014,04-April,6-Friday,12:10,1200 Hours,District 1 (Central),DES MOINES,POLK,,SW 3RD ST & W MLK JR PKWY,Collision with:  Vehicle in traffic,On Roadway,Broadside (front to side),Ran Traffic Signal,None Indicated,,Daylight,Dry,Clear,None apparent,Intersection:  Other intersection (explain in narrative),Paved,,Minor Injury,0,1,0,1,0,0,10000,2,5,,POINT (-93.619297645289 41.582206927618)
2014799229,201405048,04/11/2014,04-April,6-Friday,16:25,1600 Hours,District 6 (East Central),CEDAR RAPIDS,LINN,,29TH ST NE & OAKLAND RD NE,Collision with:  Vehicle in traffic,On Roadway,Broadside (front to side),Unknown,None Indicated,,Daylight,Dry,Cloudy,None apparent,Intersection:  Four-way intersection,Paved,,Property Damage Only,0,0,0,0,0,0,4000,2,2,,POINT (-91.659658841514 42.006870974509)
2014794668,20140009618,04/11/2014,04-April,6-Friday,08:10,0800 Hours,District 1 (Central),DES MOINES,POLK,US 6,US 6/SE RAMP,Collision with:  Vehicle in traffic,On Roadway,"Sideswipe, same direction",Unknown,None Indicated,,Daylight,Dry,Cloudy,None apparent,Interchange-related:  On-ramp merge area,Paved,,Property Damage Only,0,0,0,0,0,0,3000,2,2,,POINT (-93.517473520653 41.644049553656)
2014796705,2014022736,04/11/2014,04-April,6-Friday,20:20,2000 Hours,District 4 (Southwest),,GUTHRIE,,OAK AVE,Non-collision events:  Other non-collision (explain in narrative),On Roadway,Non-collision (single vehicle),Other (explain in narrative):  Other,None Indicated,,Dusk,Dry,Clear,None apparent,Non-intersection:  Other non-intersection (explain in narrative),Unpaved,,Minor Injury,0,1,0,1,0,0,780000,1,1,,POINT (-94.479520361052 41.710898954039)
2014797047,14C01593,04/11/2014,04-April,6-Friday,00:25,0000 Hours,District 4 (Southwest),CRESTON,UNION,,E ADAMS ST,Collision with:  Parked motor vehicle,On Roadway,"Sideswipe, same direction",Other (explain in narrative):  Other,None Indicated,,Dark - roadway lighted,Dry,Clear,None apparent,Non-intersection:  Non-junction/no special feature,Paved,,Property Damage Only,0,0,0,0,0,0,2200,2,777,,POINT (-94.361232184303 41.057304651146)
2014794614,201405068,04/11/2014,04-April,6-Friday,22:00,2200 Hours,District 6 (East Central),CEDAR RAPIDS,LINN,,1ST AVE W,Collision with:  Other non-fixed object (explain in narrative),On Roadway,Non-collision (single vehicle),Ran off road - right,None Indicated,,Dark - roadway lighted,Dry,Clear,None apparent,Non-intersection:  Non-junction/no special feature,Paved,,Property Damage Only,0,0,0,0,0,0,6000,1,1,,POINT (-91.700192617296 41.970888129633)
2014795311,2014003889,04/11/2014,04-April,6-Friday,17:04,1700 Hours,District 6 (East Central),IOWA CITY,JOHNSON,,N DUBUQUE ST,Collision with:  Vehicle in traffic,On Roadway,Rear-end (front to rear),"Operating vehicle in an reckless, erratic, careless, negligent manner",None Indicated,,Daylight,Dry,Clear,None apparent,Non-intersection:  Non-junction/no special feature,Paved,,Property Damage Only,0,0,0,0,0,0,2500,4,4,,POINT (-91.532738716257 41.674479526279)
2014797207,,04/11/2014,04-April,6-Friday,12:37,1200 Hours,District 5 (Southeast),RUSSELL,LUCAS,,Co Rd S56/CEDAR ST & HIGHWAY 97,,On Roadway,Non-collision (single vehicle),"Operating vehicle in an reckless, erratic, careless, negligent manner",None Indicated,,Daylight,Dry,Clear,None apparent,Non-intersection:  Other non-intersection (explain in narrative),Paved,,Major Injury,0,1,1,0,0,0,1000,1,1,,POINT (-93.195627311627 40.986167944797)
2014795307,14-0463,04/11/2014,04-April,6-Friday,10:46,1000 Hours,District 1 (Central),,GREENE,IA 144,IA 144/U AVE,Collision with fixed object:  Ditch,Roadside,Non-collision (single vehicle),Ran off road - right,None Indicated,,Daylight,Dry,Cloudy,None apparent,Non-intersection:  Non-junction/no special feature,Paved,,Property Damage Only,0,0,0,0,0,0,3000,1,1,,POINT (-94.242540148382 42.096765184443)
2014795143,14000178,04/11/2014,04-April,6-Friday,14:15,1400 Hours,District 5 (Southeast),ALBIA,MONROE,,S CLINTON ST,Collision with:  Parked motor vehicle,Outside trafficway,"Sideswipe, same direction","Operating vehicle in an reckless, erratic, careless, negligent manner",None Indicated,,Daylight,Dry,Clear,None apparent,Non-intersection:  Non-junction/no special feature,Paved,,Property Damage Only,0,0,0,0,0,0,2200,2,3,,POINT (-92.808320760925 41.022657888705)
2014794584,2014003886,04/11/2014,04-April,6-Friday,16:09,1600 Hours,District 6 (East Central),IOWA CITY,JOHNSON,,N DUBUQUE ST,Collision with:  Vehicle in traffic,On Roadway,Rear-end (front to rear),Driver Distraction:  Reaching for object(s)/fallen object(s),None Indicated,,Daylight,Dry,Cloudy,None apparent,Non-intersection:  Non-junction/no special feature,Paved,,Major Injury,0,1,1,0,0,0,6000,2,3,,POINT (-91.532331367219 41.676545895506)
2014828297,14040319,04/11/2014,04-April,6-Friday,23:24,2300 Hours,District 5 (Southeast),,WAPELLO,US 34,US 34,Collision with:  Animal,,Non-collision (single vehicle),Animal,None Indicated,,,,,,,Paved,,Property Damage Only,0,0,0,0,0,0,1500,1,1,,POINT (-92.581584229769 41.010248091225)
2014795278,,04/11/2014,04-April,6-Friday,15:22,1500 Hours,District 3 (Northwest),ARNOLDS PARK,DICKINSON,US 71,US 71 & LAKE ST,Collision with:  Vehicle in traffic,On Roadway,Rear-end (front to rear),Followed too close,None Indicated,,Daylight,Dry,Clear,None apparent,Intersection:  T-intersection,Paved,,Minor Injury,0,1,0,1,0,0,4000,2,2,,POINT (-95.136497990947 43.364104700628)
2014794762,2014-07395,04/11/2014,04-April,6-Friday,17:38,1700 Hours,District 5 (Southeast),INDIANOLA,WARREN,US 65,US 65/N JEFFERSON WAY & E GIRARD AVE,Collision with:  Vehicle in traffic,On Roadway,Broadside (front to side),Made improper turn,None Indicated,,Daylight,Dry,Clear,None apparent,Intersection:  Four-way intersection,Paved,,Property Damage Only,0,0,0,0,0,0,4000,2,4,,POINT (-93.558368837075 41.36745732964)
2014794368,01-14-14887,04/11/2014,04-April,6-Friday,06:01,0600 Hours,District 6 (East Central),DUBUQUE,DUBUQUE,US 52,US 52/CENTRAL AVE/E 9TH ST & W 9TH ST,Collision with:  Vehicle in traffic,On Roadway,Rear-end (front to rear),Lost Control,None Indicated,,Dawn,Dry,Clear,None apparent,Intersection:  Four-way intersection,Paved,,Property Damage Only,0,0,0,0,0,0,2300,2,4,,POINT (-90.66554359679 42.502279592739)
2014794919,201400017346,04/11/2014,04-April,6-Friday,20:23,2000 Hours,District 5 (Southeast),OTTUMWA,WAPELLO,,N COURT ST,Collision with fixed object:  Utility pole/light support,Roadside,Non-collision (single vehicle),Ran off road - right,None Indicated,,Dark - roadway lighted,Dry,Clear,None apparent,Non-intersection:  Non-junction/no special feature,Paved,,Possible/Unknown,0,1,0,0,1,0,4500,1,1,,POINT (-92.408873126054 41.025012794917)