Iowa DOT Case Number,Law Enforcement Case Number,Date of Crash,Month of Crash,Day of Week,Time of Crash,Hour,DOT District,City Name,County Name,Route with System,Location Description,First Harmful Event,Location of First Harmful Event,Manner of Crash/Collision,Major Cause,Drug or Alcohol ,Environmental Conditions,Light Conditions,Surface Conditions,Weather Conditions,Roadway Contribution,Roadway Type,Roadway Surface,Work Zone,Crash Severity,Number of Fatalities,Number of Injuries,Number of Major Injuries,Number of Minor Injuries,Number of Possible Injuries,Number of Unknown Injuries,Amount of Property Damage,Number of Vehicles Involved,Total Number of Occupants,Travel Direction,Location
2014796469,14-010200,04/11/2014,04-April,6-Friday,20:19,2000 Hours,District 5 (Southeast),,LEE,,Co Rd J72/300 ST,Collision with:  Animal,,,Animal,None Indicated,,,,,,,Paved,,Property Damage Only,0,0,0,0,0,0,2500,1,1,,POINT (-91.473242294918 40.523671575071)
2014794824,14-089,04/11/2014,04-April,6-Friday,13:50,1300 Hours,District 2 (Northeast),WAVERLY,BREMER,IA 3,IA 3/BREMER AVE & 1ST ST SW & 1ST ST NW,Collision with:  Vehicle in traffic,On Roadway,"Sideswipe, same direction",FTYROW:  Other (explain in narrative),None Indicated,,Daylight,Dry,Clear,None apparent,Non-intersection:  Other non-intersection (explain in narrative),Paved,,Property Damage Only,0,0,0,0,0,0,1750,2,2,,POINT (-92.47200431229 42.725770967292)
2014797668,14-034860,04/11/2014,04-April,6-Friday,01:50,0100 Hours,District 2 (Northeast),,BLACK HAWK,,Co Rd D20/INDEPENDENCE AVE,Collision with fixed object:  Ditch,Shoulder,Non-collision (single vehicle),Crossed centerline (undivided),Alcohol (Statutory),,Dark - roadway not lighted,Dry,Clear,None apparent,Non-intersection:  Non-junction/no special feature,Paved,,Minor Injury,0,1,0,1,0,0,10000,1,1,,POINT (-92.128913985247 42.497382283242)
2014796325,14-0164,04/11/2014,04-April,6-Friday,18:58,1800 Hours,District 5 (Southeast),,DECATUR,,Co Rd J34/198TH ST,Collision with fixed object:  Ditch,Roadside,Non-collision (single vehicle),Driving too fast for conditions,None Indicated,,Daylight,Dry,Clear,None apparent,Non-intersection:  Non-junction/no special feature,Unpaved,,Property Damage Only,0,0,0,0,0,0,3500,1,3,,POINT (-93.852566941865 40.757253189303)
2014794644,SO14000858,04/12/2014,04-April,7-Saturday,18:03,1800 Hours,District 3 (Northwest),HINTON,PLYMOUTH,,IMPERIAL RD,Non-collision events:  Overturn/rollover,On Roadway,Non-collision (single vehicle),Swerving/Evasive Action,None Indicated,,Daylight,Dry,Clear,None apparent,Non-intersection:  Non-junction/no special feature,Unpaved,,Property Damage Only,0,0,0,0,0,0,4000,1,4,,POINT (-96.286416068076 42.590267090811)
2014794873,04-14-189,04/12/2014,04-April,7-Saturday,22:56,2200 Hours,District 3 (Northwest),LE MARS,PLYMOUTH,,HAWKEYE AVE & 12TH ST SW,Collision with:  Vehicle in traffic,On Roadway,"Angle, oncoming left turn",Made improper turn,None Indicated,,Dark - roadway lighted,Dry,Clear,None apparent,Intersection:  Four-way intersection,Paved,,Property Damage Only,0,0,0,0,0,0,5000,2,6,,POINT (-96.18525826541 42.77906877261)
2014794688,20140009756,04/12/2014,04-April,7-Saturday,12:30,1200 Hours,District 1 (Central),DES MOINES,POLK,US 6,US 6/HICKMAN RD & 59TH ST,Collision with:  Vehicle in traffic,On Roadway,"Angle, oncoming left turn",FTYROW:  Making left turn,None Indicated,,Daylight,Dry,Clear,None apparent,Intersection:  Four-way intersection,Paved,,Property Damage Only,0,0,0,0,0,0,9000,2,2,,POINT (-93.69893528605 41.614923969841)
2014795100,2014-22403,04/12/2014,04-April,7-Saturday,16:03,1600 Hours,District 6 (East Central),DAVENPORT,SCOTT,,W 11TH ST & IROQUOIS DR,Collision with:  Vehicle in traffic,On Roadway,"Sideswipe, same direction",FTYROW:  From yield sign,None Indicated,,Daylight,Dry,Clear,None apparent,Intersection:  Intersection with ramp,Paved,,Property Damage Only,0,0,0,0,0,0,4000,2,2,,POINT (-90.613295380138 41.531006177895)
2014794869,S14-1991,04/12/2014,04-April,7-Saturday,16:23,1600 Hours,District 3 (Northwest),,OBRIEN,,YEW AVE,Collision with fixed object:  Ditch,Shoulder,Non-collision (single vehicle),Swerving/Evasive Action,None Indicated,,Daylight,"Mud, dirt",Clear,"Surface condition (e.g., wet, icy)",Non-intersection:  Non-junction/no special feature,Unpaved,,Minor Injury,0,2,0,2,0,0,5000,1,2,,POINT (-95.408133537175 43.034875558803)
2014810000,2014-001944,04/12/2014,04-April,7-Saturday,16:19,1600 Hours,District 6 (East Central),,BENTON,,Co Rd W26/32 AVE,Collision with:  Non-motorist (see non-motorist section - NOT a unit),On Roadway,Non-collision (single vehicle),Other (explain in narrative):  Other,None Indicated,,Daylight,Dry,Clear,None apparent,Non-intersection:  Non-junction/no special feature,Paved,,Minor Injury,0,1,0,1,0,0,100,1,1,,POINT (-91.872433235524 42.183656302643)
2014794635,2014003411,04/12/2014,04-April,7-Saturday,20:44,2000 Hours,District 1 (Central),MARSHALLTOWN,MARSHALL,,W LINN ST & E LINN ST & S CENTER ST,Collision with:  Vehicle in traffic,On Roadway,Broadside (front to side),Unknown,None Indicated,,Dark - roadway lighted,Wet,Rain,None apparent,Non-intersection:  Non-junction/no special feature,Paved,,Property Damage Only,0,0,0,0,0,0,4000,2,7,,POINT (-92.912950018677 42.046691367781)
2014795381,H14-0023,04/12/2014,04-April,7-Saturday,12:15,1200 Hours,District 1 (Central),,STORY,US 69,US 69,Collision with:  Animal,On Roadway,Non-collision (single vehicle),Animal,None Indicated,,Daylight,Dry,Clear,None apparent,Non-intersection:  Non-junction/no special feature,Paved,,Property Damage Only,0,0,0,0,0,0,5500,1,2,,POINT (-93.610377675521 41.912910825858)
2014794771,14-1048,04/12/2014,04-April,7-Saturday,02:39,0200 Hours,District 1 (Central),FORT DODGE,WEBSTER,US 169,US 169/SE RAMP CURV,Collision with:  Animal,,,Animal,None Indicated,,,,,,,Paved,,Property Damage Only,0,0,0,0,0,0,4000,1,1,,POINT (-94.208586605538 42.497183688283)
2014808096,2014022781,04/12/2014,04-April,7-Saturday,06:20,0600 Hours,District 1 (Central),,HARDIN,,Co Rd D15/CO HWY D15,Collision with:  Animal,,,Animal,None Indicated,,,,,,,Paved,,Property Damage Only,0,0,0,0,0,0,4000,1,1,,POINT (-93.21432297211 42.521710138356)
2014795130,2014022901,04/12/2014,04-April,7-Saturday,20:52,2000 Hours,District 1 (Central),,POLK,I-35,I-35,Collision with:  Vehicle in traffic,On Roadway,"Sideswipe, same direction",Other (explain in narrative):  Vision obstructed,None Indicated,,Dark - roadway lighted,Dry,Cloudy,None apparent,Non-intersection:  Non-junction/no special feature,Paved,,Property Damage Only,0,0,0,0,0,0,1700,2,3,,POINT (-93.589087741471 41.650496250048)
2014794720,14-014147,04/12/2014,04-April,7-Saturday,08:54,0800 Hours,District 4 (Southwest),COUNCIL BLUFFS,POTTAWATTAMIE,,34TH AVE & S EXPRESSWAY,Collision with:  Vehicle in traffic,On Roadway,Broadside (front to side),FTYROW:  Other (explain in narrative),None Indicated,,Daylight,Dry,Clear,None apparent,Non-intersection:  Non-junction/no special feature,Paved,,Property Damage Only,0,0,0,0,0,0,4500,2,3,,POINT (-95.850768631702 41.225540737739)
2014794970,2014022839,04/12/2014,04-April,7-Saturday,13:25,1300 Hours,District 2 (Northeast),SWEA CITY,KOSSUTH,IA 9,IA 9/4TH AVE W,Collision with:  Vehicle in traffic,On Roadway,Head-on (front to front),Crossed centerline (undivided),None Indicated,,Daylight,Dry,Clear,None apparent,Non-intersection:  Non-junction/no special feature,Paved,,Fatal,1,1,0,1,0,0,12000,2,2,,POINT (-94.318174958984 43.385319142796)
2014795459,142525,04/12/2014,04-April,7-Saturday,07:54,0700 Hours,District 4 (Southwest),,DALLAS,,PROSPECT CIR,Non-collision events:  Other non-collision (explain in narrative),On Roadway,Non-collision (single vehicle),Driving too fast for conditions,Alcohol (< Statutory),,Daylight,"Mud, dirt",Clear,None apparent,Non-intersection:  Non-junction/no special feature,Unpaved,,Property Damage Only,0,0,0,0,0,0,6000,1,4,,POINT (-93.987511798044 41.603971201963)
2014794948,SO14-0438,04/12/2014,04-April,7-Saturday,17:20,1700 Hours,District 2 (Northeast),,WRIGHT,,Co Rd C70/330TH ST,Collision with fixed object:  Utility pole/light support,On Roadway,Non-collision (single vehicle),Ran off road - right,None Indicated,,Daylight,Dry,Cloudy,None apparent,Non-intersection:  Driveway access (within),Paved,,Property Damage Only,0,0,0,0,0,0,7000,1,2,,POINT (-93.73250377658 42.572045977534)
2014795047,030-14,04/12/2014,04-April,7-Saturday,02:42,0200 Hours,District 4 (Southwest),,MADISON,US 169,US 169,Collision with:  Animal,,,Animal,None Indicated,,,,,,,Paved,,Property Damage Only,0,0,0,0,0,0,2000,1,1,,POINT (-94.041978001956 41.321029648814)
2014794641,1404122-A,04/12/2014,04-April,7-Saturday,17:28,1700 Hours,District 4 (Southwest),RED OAK,MONTGOMERY,,CORNING ST & 8TH ST,Collision with:  Vehicle in traffic,On Roadway,Broadside (front to side),Ran Stop Sign,None Indicated,,Daylight,Dry,Clear,None apparent,Intersection:  Four-way intersection,Paved,,Major Injury,0,1,1,0,0,0,26000,2,2,,POINT (-95.223140678842 41.011371489756)
2014796312,2014-23341,04/12/2014,04-April,7-Saturday,17:30,1700 Hours,District 6 (East Central),DAVENPORT,SCOTT,,E 3RD ST,Collision with:  Parked motor vehicle,On Roadway,Unknown,Unknown,None Indicated,,Daylight,Dry,Clear,None apparent,Non-intersection:  Non-junction/no special feature,Paved,,Property Damage Only,0,0,0,0,0,0,1500,2,1,,POINT (-90.571090995632 41.522421532388)
2014794544,14-12144,04/12/2014,04-April,7-Saturday,16:11,1600 Hours,District 5 (Southeast),BURLINGTON,DES MOINES,,FRANKLIN ST & CENTRAL AVE,Collision with:  Vehicle in traffic,On Roadway,"Angle, oncoming left turn",Made improper turn,None Indicated,,Daylight,Dry,Clear,None apparent,Non-intersection:  Non-junction/no special feature,Paved,,Property Damage Only,0,0,0,0,0,0,6000,2,2,,POINT (-91.109144621513 40.818720951362)
2014795131,2014022906,04/12/2014,04-April,7-Saturday,21:30,2100 Hours,District 4 (Southwest),,CASS,I-80,I-80,Collision with:  Animal,,,Animal,None Indicated,,,,,,,Paved,,Property Damage Only,0,0,0,0,0,0,2500,1,1,,POINT (-95.014270371053 41.497245483414)
2014795177,14002912,04/12/2014,04-April,7-Saturday,10:40,1000 Hours,District 6 (East Central),,DELAWARE,IA 13,IA 13/IOWA 13,Collision with:  Vehicle in traffic,On Roadway,"Sideswipe, opposite direction",Crossed centerline (undivided),None Indicated,,Daylight,Dry,Clear,None apparent,Non-intersection:  Non-junction/no special feature,Paved,,Property Damage Only,0,0,0,0,0,0,13459,2,4,,POINT (-91.467942608665 42.539640075623)
2014794719,14-014131,04/12/2014,04-April,7-Saturday,02:32,0200 Hours,District 4 (Southwest),COUNCIL BLUFFS,POTTAWATTAMIE,I-29,I-29 & HARRAHS BLVD & DODGE RIVERSIDE DR,Non-collision events:  Other non-collision (explain in narrative),On Roadway,Non-collision (single vehicle),Lost Control,Alcohol (Statutory),,Dark - roadway lighted,Dry,Clear,None apparent,Non-intersection:  Non-junction/no special feature,Paved,,Possible/Unknown,0,2,0,0,2,0,1000,1,2,,POINT (-95.907331690136 41.253675135302)
2014795831,14-001795,04/12/2014,04-April,7-Saturday,15:31,1500 Hours,District 1 (Central),AMES,STORY,US 69,US 69/S DUFF AVE,Collision with:  Vehicle in traffic,On Roadway,Rear-end (front to rear),Other (explain in narrative):  Other,None Indicated,,Daylight,Dry,Clear,None apparent,Non-intersection:  Non-junction/no special feature,Paved,,Property Damage Only,0,0,0,0,0,0,1800,2,6,,POINT (-93.610281999239 42.012894390304)
2014795031,59-2014,04/12/2014,04-April,7-Saturday,20:43,2000 Hours,District 4 (Southwest),,HARRISON,,Co Rd F66/335TH ST & Co Rd L34/OVERTON AVE,Collision with:  Vehicle in traffic,On Roadway,"Sideswipe, opposite direction","Operating vehicle in an reckless, erratic, careless, negligent manner",None Indicated,,Dark - roadway lighted,Dry,Cloudy,None apparent,Intersection:  Four-way intersection,Paved,,Property Damage Only,0,0,0,0,0,0,5000,2,1,,POINT (-95.755600916961 41.520906906784)
2014794573,C14001126,04/12/2014,04-April,7-Saturday,13:00,1300 Hours,District 6 (East Central),CORALVILLE,JOHNSON,,10TH ST PL,Collision with:  Parked motor vehicle,On Roadway,Broadside (front to side),Improper Backing,None Indicated,,Daylight,Dry,Cloudy,None apparent,Non-intersection:  Non-junction/no special feature,Paved,,Property Damage Only,0,0,0,0,0,0,5000,2,777,,POINT (-91.592078390248 41.686867748659)
2014796815,14-003956,04/12/2014,04-April,7-Saturday,16:48,1600 Hours,District 1 (Central),GLADBROOK,TAMA,IA 96,IA 96/8TH ST & Co Rd T47/HWY T47 & EAST ST,Collision with:  Vehicle in traffic,On Roadway,"Sideswipe, same direction",Other (explain in narrative):  Vision obstructed,None Indicated,,Daylight,Dry,Clear,None apparent,Non-intersection:  Non-junction/no special feature,Paved,,Property Damage Only,0,0,0,0,0,0,2500,2,3,,POINT (-92.708689856279 42.181352770576)
2014795195,AP041214,04/12/2014,04-April,7-Saturday,07:35,0700 Hours,District 5 (Southeast),,KEOKUK,IA 78,IA 78/IOWA 78,Collision with:  Vehicle in traffic,On Roadway,Rear-end (front to rear),Driver Distraction:  Manual operation of an electronic communication device,None Indicated,,Daylight,Dry,Clear,None apparent,Non-intersection:  Non-junction/no special feature,Paved,,Property Damage Only,0,0,0,0,0,0,28000,2,2,,POINT (-92.063343283046 41.177523715816)
2014794553,00943,04/12/2014,04-April,7-Saturday,22:55,2200 Hours,District 6 (East Central),DYERSVILLE,DUBUQUE,IA 136,IA 136/IOWA 136,Collision with:  Animal,,,Animal,None Indicated,,,,,,,Paved,,Property Damage Only,0,0,0,0,0,0,2000,1,1,,POINT (-91.116116390288 42.461855930922)
2014795129,2014022804,04/12/2014,04-April,7-Saturday,10:12,1000 Hours,District 4 (Southwest),,CASS,I-80,I-80,Collision with:  Vehicle in traffic,On Roadway,Rear-end (front to rear),Swerving/Evasive Action,None Indicated,,Daylight,Dry,"Fog, smoke, smog",None apparent,Non-intersection:  Non-junction/no special feature,Paved,,Minor Injury,0,1,0,1,0,0,13500,2,3,,POINT (-94.82447782195 41.497081314884)
2014795384,14-11023,04/12/2014,04-April,7-Saturday,22:48,2200 Hours,District 3 (Northwest),SIOUX CITY,WOODBURY,,11TH ST,Collision with:  Parked motor vehicle,On Roadway,Broadside (front to side),Unknown,None Indicated,,Dark - roadway not lighted,Dry,Clear,None apparent,Non-intersection:  Non-junction/no special feature,Paved,,Property Damage Only,0,0,0,0,0,0,1500,2,777,,POINT (-96.377689325078 42.501788370113)
2014795063,20140009784,04/12/2014,04-April,7-Saturday,07:15,0700 Hours,District 1 (Central),DES MOINES,POLK,US 6,US 6/EUCLID AVE,Collision with:  Vehicle in traffic,On Roadway,"Sideswipe, same direction",Crossed centerline (undivided),None Indicated,,Daylight,Dry,Cloudy,None apparent,Non-intersection:  Non-junction/no special feature,Paved,,Property Damage Only,0,0,0,0,0,0,2400,2,5,,POINT (-93.624450600296 41.627683556704)
2014794901,14-7137,04/12/2014,04-April,7-Saturday,20:22,2000 Hours,District 6 (East Central),,SCOTT,,Co Rd Y48/110 AVE,Non-collision events:  Overturn/rollover,On Roadway,Non-collision (single vehicle),Swerving/Evasive Action,None Indicated,,Dark - roadway not lighted,Dry,Clear,None apparent,Non-intersection:  Non-junction/no special feature,Paved,,Property Damage Only,0,0,0,0,0,0,2000,1,2,,POINT (-90.687999562629 41.528083939507)
2014794749,2014-22311,04/12/2014,04-April,7-Saturday,08:32,0800 Hours,District 6 (East Central),DAVENPORT,SCOTT,,HICKORY GROVE RD & FAIRMOUNT ST,Collision with:  Vehicle in traffic,On Roadway,Rear-end (front to rear),Followed too close,None Indicated,,Daylight,Dry,Cloudy,None apparent,Intersection:  Four-way intersection,Paved,,Possible/Unknown,0,3,0,0,3,0,4500,2,3,,POINT (-90.629580725967 41.557344800928)
2014797049,14C01621,04/12/2014,04-April,7-Saturday,13:41,1300 Hours,District 4 (Southwest),CRESTON,UNION,IA 25,IA 25/N SUMNER AVE/S SUMNER AVE & W ADAMS ST,Collision with:  Vehicle in traffic,On Roadway,"Angle, oncoming left turn",FTYROW:  Making left turn,None Indicated,,Daylight,Dry,Clear,None apparent,Intersection:  Four-way intersection,Paved,,Property Damage Only,0,0,0,0,0,0,5000,2,3,,POINT (-94.372644313356 41.057295372346)
2014795892,,04/12/2014,04-April,7-Saturday,07:05,0700 Hours,District 2 (Northeast),FERTILE,WORTH,IA 9,IA 9/IOWA 9 & Co Rd S18/DOGWOOD AVE,Collision with:  Animal,On Roadway,Non-collision (single vehicle),Animal,None Indicated,,Daylight,Dry,Clear,None apparent,Non-intersection:  Non-junction/no special feature,Paved,,Property Damage Only,0,0,0,0,0,0,5000,1,2,,POINT (-93.438172346778 43.269912262937)
2014797494,14-189,04/12/2014,04-April,7-Saturday,19:47,1900 Hours,District 5 (Southeast),,WAYNE,IA 2,IA 2/IOWA 2 & 25TH,Collision with fixed object:  Ditch,On Roadway,Non-collision (single vehicle),Exceeded authorized speed,None Indicated,,Daylight,Dry,Clear,None apparent,Non-intersection:  Driveway access (within),Paved,,Property Damage Only,0,0,0,0,0,0,3000,1,2,,POINT (-93.527789929862 40.760979174517)
2014794920,201400017428,04/12/2014,04-April,7-Saturday,09:30,0900 Hours,District 5 (Southeast),OTTUMWA,WAPELLO,,W 2ND ST,Non-collision events:  Other non-collision (explain in narrative),Roadside,Non-collision (single vehicle),Traveling wrong way or on wrong side of road,None Indicated,,Daylight,Dry,Clear,None apparent,Unknown,Paved,,Property Damage Only,0,0,0,0,0,0,1800,1,1,,POINT (-92.419230795041 41.023966459579)
2014794715,14-0380,04/12/2014,04-April,7-Saturday,02:44,0200 Hours,District 1 (Central),PLEASANT HILL,POLK,US 65,US 65/SW RAMP/NW RAMP & IA 163/E UNIVERSITY AVE,Collision with:  Vehicle in traffic,On Roadway,Rear-end (front to rear),FTYROW:  Other (explain in narrative),None Indicated,,Dark - roadway lighted,Dry,Clear,None apparent,Intersection:  Four-way intersection,Paved,,Possible/Unknown,0,1,0,0,0,1,15000,2,2,,POINT (-93.4988726378 41.598816451155)
2014795159,14-035137,04/12/2014,04-April,7-Saturday,17:24,1700 Hours,District 2 (Northeast),WATERLOO,BLACK HAWK,US 218,US 218/WASHINGTON ST,Collision with:  Vehicle in traffic,On Roadway,Rear-end (front to rear),Crossed centerline (undivided),None Indicated,,Daylight,Dry,Clear,None apparent,Non-intersection:  Non-junction/no special feature,Paved,,Property Damage Only,0,0,0,0,0,0,6000,2,3,,POINT (-92.29843879142 42.441943575508)
2014795251,14S00463,04/12/2014,04-April,7-Saturday,13:07,1300 Hours,District 4 (Southwest),,UNION,,YELLOW ROSE AVE,Collision with:  Vehicle in traffic,On Roadway,"Sideswipe, opposite direction",Other (explain in narrative):  Other,None Indicated,,Daylight,Dry,Cloudy,None apparent,Non-intersection:  Non-junction/no special feature,Unpaved,,Property Damage Only,0,0,0,0,0,0,10000,2,2,,POINT (-94.03341627271 41.150906844214)
2014794718,14-014130,04/12/2014,04-April,7-Saturday,01:49,0100 Hours,District 4 (Southwest),COUNCIL BLUFFS,POTTAWATTAMIE,,5TH AVE & S 10TH ST,Miscellaneous events:  Hit and run,On Roadway,Broadside (front to side),Ran Stop Sign,None Indicated,,Dark - roadway lighted,Dry,Clear,None apparent,Intersection:  Four-way intersection,Paved,,Property Damage Only,0,0,0,0,0,0,5000,2,3,,POINT (-95.85898952149 41.257039201594)
2014794507,W14-035473,04/12/2014,04-April,7-Saturday,04:13,0400 Hours,District 2 (Northeast),WATERLOO,BLACK HAWK,,KINGBARD BLVD,Collision with fixed object:  Other fixed object (explain in narrative),Outside trafficway,Non-collision (single vehicle),Ran off road - straight,None Indicated,,Dark - roadway lighted,Dry,Clear,None apparent,Non-intersection:  Non-junction/no special feature,Paved,,Property Damage Only,0,0,0,0,0,0,2100,1,2,,POINT (-92.361004374054 42.48194435367)
2014794768,14-0194,04/12/2014,04-April,7-Saturday,01:20,0100 Hours,District 1 (Central),,WEBSTER,,150TH ST,Collision with fixed object:  Ditch,On Roadway,Non-collision (single vehicle),Ran off road - right,Alcohol (Statutory),,Dark - roadway not lighted,"Mud, dirt",Clear,None apparent,Intersection:  Four-way intersection,Unpaved,,Minor Injury,0,1,0,1,0,0,5000,1,1,,POINT (-94.28927192624 42.572969193425)
2014794548,01-14-15154,04/12/2014,04-April,7-Saturday,13:42,1300 Hours,District 6 (East Central),DUBUQUE,DUBUQUE,,WACKER DR,Collision with:  Vehicle in traffic,On Roadway,"Angle, oncoming left turn",FTYROW:  Making left turn,None Indicated,,Daylight,Dry,Cloudy,None apparent,Non-intersection:  Driveway access (within),Paved,,Property Damage Only,0,0,0,0,0,0,4500,2,3,,POINT (-90.720473658511 42.493723268071)
2014794717,14-014122,04/12/2014,04-April,7-Saturday,00:50,0000 Hours,District 4 (Southwest),COUNCIL BLUFFS,POTTAWATTAMIE,,E MANAWA DR & WALLACE AVE,Collision with:  Animal,,,Animal,None Indicated,,,,,,,Paved,,Property Damage Only,0,0,0,0,0,0,10000,1,1,,POINT (-95.838560110847 41.20695609981)
2014798507,2014022799,04/12/2014,04-April,7-Saturday,12:15,1200 Hours,District 5 (Southeast),,WARREN,I-35,I-35,Collision with fixed object:  Ditch,Median,Non-collision (single vehicle),Ran off road - left,None Indicated,,Daylight,Dry,Clear,None apparent,Non-intersection:  Non-junction/no special feature,Paved,,Property Damage Only,0,0,0,0,0,0,4000,1,2,,POINT (-93.779654368697 41.353308058417)
2014794693,20140009789,04/12/2014,04-April,7-Saturday,19:10,1900 Hours,District 1 (Central),DES MOINES,POLK,US 69,US 69/SE 14TH ST & E HARTFORD AVE,Collision with:  Vehicle in traffic,On Roadway,Broadside (front to side),FTYROW:  Making right turn on red signal,None Indicated,,Daylight,Dry,Clear,None apparent,Intersection:  Four-way intersection,Paved,,Property Damage Only,0,0,0,0,0,0,3000,2,4,,POINT (-93.59692928767 41.569733066246)
2014794541,14-12188,04/12/2014,04-April,7-Saturday,21:51,2100 Hours,District 5 (Southeast),BURLINGTON,DES MOINES,,DODGE ST & 12TH ST,Collision with:  Vehicle in traffic,On Roadway,Broadside (front to side),FTYROW:  At uncontrolled intersection,None Indicated,,Dark - roadway lighted,Dry,Clear,None apparent,Intersection:  Four-way intersection,Paved,,Property Damage Only,0,0,0,0,0,0,4500,2,3,,POINT (-91.110931978884 40.793753541558)
2014794705,14-1708,04/12/2014,04-April,7-Saturday,22:31,2200 Hours,District 1 (Central),WEST DES MOINES,POLK,,WOODLAND AVE & 45TH ST,Collision with:  Non-motorist (see non-motorist section - NOT a unit),On Roadway,Non-collision (single vehicle),FTYROW:  Making left turn,None Indicated,,Dark - roadway lighted,Wet,Rain,None apparent,Intersection:  Four-way intersection,Paved,,Minor Injury,0,1,0,1,0,0,500,1,1,,POINT (-93.764163954056 41.588054733384)
2014794618,201405109,04/12/2014,04-April,7-Saturday,14:23,1400 Hours,District 6 (East Central),CEDAR RAPIDS,LINN,IA 100,IA 100/NE RAMP A/PROPOSED IA100 NW RAMP C & EDGEWOOD RD NE & BUFFALO RD NE,Collision with:  Vehicle in traffic,On Roadway,Rear-end (front to rear),Other (explain in narrative):  Other,None Indicated,,Daylight,Dry,Clear,None apparent,Non-intersection:  Non-junction/no special feature,Paved,,Property Damage Only,0,0,0,0,0,0,15800,5,8,,POINT (-91.70171574859 42.029564189069)
2014796664,2014022814,04/12/2014,04-April,7-Saturday,10:12,1000 Hours,District 4 (Southwest),,CASS,I-80,I-80,Collision with:  Vehicle in traffic,On Roadway,Rear-end (front to rear),Crossed centerline (undivided),None Indicated,,Daylight,Dry,"Fog, smoke, smog",None apparent,Non-intersection:  Non-junction/no special feature,Paved,,Minor Injury,0,1,0,1,0,0,290000,5,6,,POINT (-94.82448979656 41.497081123515)
2014809576,2014-22787,04/12/2014,04-April,7-Saturday,20:00,2000 Hours,District 6 (East Central),DAVENPORT,SCOTT,,E 11TH ST & JERSEY RIDGE RD,Collision with:  Parked motor vehicle,On Roadway,"Sideswipe, same direction",Made improper turn,None Indicated,,Dark - roadway lighted,Dry,Cloudy,None apparent,Non-intersection:  Non-junction/no special feature,Paved,,Property Damage Only,0,0,0,0,0,0,3500,2,1,,POINT (-90.54396651531 41.531085686332)
2014794787,14-10982,04/12/2014,04-April,7-Saturday,16:25,1600 Hours,District 3 (Northwest),SIOUX CITY,WOODBURY,I-29,I-29,Non-collision events:  Overturn/rollover,On Roadway,Non-collision (single vehicle),Swerving/Evasive Action,None Indicated,,Daylight,Dry,Clear,None apparent,Interchange-related:  On-ramp merge area,Paved,,Possible/Unknown,0,1,0,0,1,0,10000,1,1,,POINT (-96.369145208471 42.44513150965)
2014795081,S79140117,04/12/2014,04-April,7-Saturday,20:00,2000 Hours,District 1 (Central),,POWESHIEK,I-80,I-80,Non-collision events:  Other non-collision (explain in narrative),On Roadway,Non-collision (single vehicle),Ran off road - right,None Indicated,,Dark - roadway lighted,Dry,Clear,None apparent,"Interchange-related:  Off-ramp, diverge area",Paved,,Possible/Unknown,0,1,0,0,1,0,8250,1,1,,POINT (-92.731873168533 41.696035354229)
2014794694,20140009791,04/12/2014,04-April,7-Saturday,18:45,1800 Hours,District 1 (Central),DES MOINES,POLK,,UNIVERSITY AVE & 9TH ST,Collision with:  Vehicle in traffic,On Roadway,"Angle, oncoming left turn",FTYROW:  Making left turn,None Indicated,,Daylight,Dry,Cloudy,Other (explain in narrative),Intersection:  Four-way intersection,Paved,,Property Damage Only,0,0,0,0,0,0,5000,2,2,,POINT (-93.629375298039 41.600797199863)
2014794805,14-002666,04/12/2014,04-April,7-Saturday,08:20,0800 Hours,District 5 (Southeast),,LOUISA,,Co Rd X37/COUNTY RD X 37,Collision with:  Animal,On Roadway,Non-collision (single vehicle),Animal,None Indicated,,,,,,,Paved,,Property Damage Only,0,0,0,0,0,0,3000,1,1,,POINT (-91.355186224985 41.255643375162)
2014797302,01-14-15241,04/12/2014,04-April,7-Saturday,21:53,2100 Hours,District 6 (East Central),DUBUQUE,DUBUQUE,US 52,US 52/CENTRAL AVE & W 17TH ST & E 17TH ST,Collision with:  Vehicle in traffic,On Roadway,Broadside (front to side),Ran Traffic Signal,Drug,,Dark - roadway lighted,Dry,Cloudy,None apparent,Intersection:  Other intersection (explain in narrative),Paved,,Fatal,1,1,1,0,0,0,26000,3,4,,POINT (-90.669074311961 42.508790221038)
2014794674,20140009768,04/12/2014,04-April,7-Saturday,15:06,1500 Hours,District 1 (Central),DES MOINES,POLK,,HOLCOMB AVE & 6TH AVE,Collision with:  Vehicle in traffic,On Roadway,"Sideswipe, opposite direction",Other (explain in narrative):  Other,None Indicated,,Daylight,Dry,Cloudy,None apparent,Non-intersection:  Non-junction/no special feature,Paved,,Possible/Unknown,0,1,0,0,1,0,10000,2,2,,POINT (-93.624776589952 41.616683995993)
2014799724,14-030412-01,04/12/2014,04-April,7-Saturday,15:44,1500 Hours,District 6 (East Central),,IOWA,IA 21,IA 21/B AVE/212 BLVD & 110TH ST,Non-collision events:  Other non-collision (explain in narrative),On Roadway,Rear-end (front to rear),Other (explain in narrative):  Other,None Indicated,,Daylight,Dry,Cloudy,None apparent,Intersection:  Four-way intersection,Paved,,Minor Injury,0,2,0,1,1,0,1750,2,4,,POINT (-92.278555280036 41.844238505077)