Iowa DOT Case Number,Law Enforcement Case Number,Date of Crash,Month of Crash,Day of Week,Time of Crash,Hour,DOT District,City Name,County Name,Route with System,Location Description,First Harmful Event,Location of First Harmful Event,Manner of Crash/Collision,Major Cause,Drug or Alcohol ,Environmental Conditions,Light Conditions,Surface Conditions,Weather Conditions,Roadway Contribution,Roadway Type,Roadway Surface,Work Zone,Crash Severity,Number of Fatalities,Number of Injuries,Number of Major Injuries,Number of Minor Injuries,Number of Possible Injuries,Number of Unknown Injuries,Amount of Property Damage,Number of Vehicles Involved,Total Number of Occupants,Travel Direction,Location
2014794640,1404121-A,04/12/2014,04-April,7-Saturday,08:46,0800 Hours,District 4 (Southwest),RED OAK,MONTGOMERY,,REED ST & 2ND ST,Collision with:  Vehicle in traffic,On Roadway,Broadside (front to side),Ran Stop Sign,None Indicated,,Daylight,Dry,Clear,None apparent,Intersection:  Four-way intersection,Paved,,Property Damage Only,0,0,0,0,0,0,3300,2,2,,POINT (-95.230362614501 41.009727693349)
2014796159,14-000442,04/12/2014,04-April,7-Saturday,06:11,0600 Hours,District 1 (Central),,STORY,,Co Rd R61/HILLCREST DR,Collision with fixed object:  Ditch,Shoulder,Non-collision (single vehicle),Ran off road - right,None Indicated,,Dawn,Dry,Clear,None apparent,Non-intersection:  Non-junction/no special feature,Paved,,Property Damage Only,0,0,0,0,0,0,5000,1,1,,POINT (-93.584339948351 42.169615966946)
2014795180,14-12093,04/12/2014,04-April,7-Saturday,03:44,0300 Hours,District 5 (Southeast),,DES MOINES,US 61,US 61 & ROCK SPRING RD,Non-collision events:  Overturn/rollover,On Roadway,Non-collision (single vehicle),Swerving/Evasive Action,Alcohol (Statutory),,Dark - roadway not lighted,Dry,Clear,None apparent,Non-intersection:  Non-junction/no special feature,Paved,,Minor Injury,0,1,0,1,0,0,10000,1,1,,POINT (-91.200363602372 40.727749954884)
2014794585,2014003931,04/12/2014,04-April,7-Saturday,12:55,1200 Hours,District 6 (East Central),IOWA CITY,JOHNSON,IA 1,IA 1/E BURLINGTON ST & S CLINTON ST,Collision with:  Vehicle in traffic,On Roadway,Rear-end (front to rear),Followed too close,None Indicated,,Daylight,Dry,Clear,None apparent,Intersection:  Four-way intersection,Paved,,Property Damage Only,0,0,0,0,0,0,1800,2,2,,POINT (-91.534641180695 41.657868159233)
2014804905,SA1402512,04/12/2014,04-April,7-Saturday,02:43,0200 Hours,District 5 (Southeast),,WASHINGTON,,Co Rd W61/RIVERSIDE RD,Non-collision events:  Overturn/rollover,Outside trafficway,Non-collision (single vehicle),Swerving/Evasive Action,None Indicated,,Dark - roadway not lighted,Dry,Clear,None apparent,Non-intersection:  Non-junction/no special feature,Paved,,Property Damage Only,0,0,0,0,0,0,15000,1,2,,POINT (-91.580935772781 41.453079861435)
2014794861,1400000311,04/12/2014,04-April,7-Saturday,23:30,2300 Hours,District 1 (Central),,MARSHALL,,NORTH CENTER ST RD,Collision with fixed object:  Bridge overhead structure,On Roadway,Non-collision (single vehicle),Crossed centerline (undivided),None Indicated,,Dark - roadway not lighted,Wet,Rain,None apparent,Non-intersection:  Other non-intersection (explain in narrative),Paved,,Possible/Unknown,0,1,0,0,1,0,15000,1,1,,POINT (-92.922871714708 42.065765389944)
2014795827,14-001788,04/12/2014,04-April,7-Saturday,13:20,1300 Hours,District 1 (Central),AMES,STORY,US 69,US 69/S DUFF AVE,Collision with:  Vehicle in traffic,On Roadway,Rear-end (front to rear),Followed too close,None Indicated,,Daylight,Dry,Clear,None apparent,Non-intersection:  Non-junction/no special feature,Paved,,Possible/Unknown,0,2,0,0,2,0,7997,3,12,,POINT (-93.610324580394 42.019874268095)
2014850904,14-002667,04/12/2014,04-April,7-Saturday,10:26,1000 Hours,District 5 (Southeast),WAPELLO,LOUISA,US 61,US 61/N BAXTER ST & ISETT AVE,Collision with:  Vehicle in traffic,On Roadway,Broadside (front to side),FTYROW:  From stop sign,None Indicated,,Daylight,Dry,Cloudy,None apparent,Intersection:  Four-way intersection,Paved,,Property Damage Only,0,0,0,0,0,0,1800,2,3,,POINT (-91.195056759309 41.18093316334)
2014794722,14-014157,04/12/2014,04-April,7-Saturday,10:50,1000 Hours,District 4 (Southwest),COUNCIL BLUFFS,POTTAWATTAMIE,,AVE B & N 19TH ST,Collision with:  Vehicle in traffic,On Roadway,Broadside (front to side),FTYROW:  From stop sign,None Indicated,,Daylight,Dry,Cloudy,None apparent,Intersection:  Four-way intersection,Paved,,Property Damage Only,0,0,0,0,0,0,14000,2,2,,POINT (-95.872133527176 41.26365568667)
2014795702,2014022809,04/12/2014,04-April,7-Saturday,12:30,1200 Hours,District 6 (East Central),CORALVILLE,JOHNSON,I-380,I-380,Collision with:  Vehicle in traffic,On Roadway,Rear-end (front to rear),FTYROW:  Other (explain in narrative),None Indicated,,Daylight,Dry,Cloudy,None apparent,Non-intersection:  Non-junction/no special feature,Paved,,Property Damage Only,0,0,0,0,0,0,6900,3,6,,POINT (-91.642088105441 41.709104063275)
2014794664,20140009806,04/12/2014,04-April,7-Saturday,22:28,2200 Hours,District 1 (Central),DES MOINES,POLK,,E 26TH ST,Collision with:  Parked motor vehicle,Outside trafficway,Unknown,Ran off road - right,None Indicated,,Dark - roadway lighted,Wet,Rain,Unknown,Non-intersection:  Non-junction/no special feature,Paved,,Property Damage Only,0,0,0,0,0,0,6000,2,2,,POINT (-93.567637736867 41.596930234849)
2014796838,,04/12/2014,04-April,7-Saturday,21:38,2100 Hours,District 2 (Northeast),,FLOYD,US 18,US 18,Non-collision events:  Other non-collision (explain in narrative),Median,Non-collision (single vehicle),Swerving/Evasive Action,None Indicated,,Dark - roadway not lighted,Wet,Rain,Unknown,Non-intersection:  Non-junction/no special feature,Paved,,Minor Injury,0,1,0,1,0,0,3500,1,1,,POINT (-92.624390861102 43.067022271973)
2014794783,14-10943,04/12/2014,04-April,7-Saturday,09:39,0900 Hours,District 3 (Northwest),SIOUX CITY,WOODBURY,,S GLASS ST,Collision with:  Parked motor vehicle,On Roadway,Rear-end (front to rear),Driver Distraction:  Passenger,None Indicated,,Daylight,Dry,Clear,None apparent,Non-intersection:  Non-junction/no special feature,Paved,,Property Damage Only,0,0,0,0,0,0,7000,2,5,,POINT (-96.362082020327 42.460583851512)
2014794727,14-014214,04/12/2014,04-April,7-Saturday,19:19,1900 Hours,District 4 (Southwest),COUNCIL BLUFFS,POTTAWATTAMIE,I-29,I-29,Collision with fixed object:  Guardrail - face,On Roadway,Non-collision (single vehicle),Exceeded authorized speed,Alcohol (Statutory),,Daylight,Dry,Cloudy,None apparent,Interchange-related:  On-ramp merge area,Paved,,Possible/Unknown,0,1,0,0,0,1,6000,1,1,,POINT (-95.907226768617 41.259378779895)
2014795101,2014-22459,04/12/2014,04-April,7-Saturday,21:46,2100 Hours,District 6 (East Central),DAVENPORT,SCOTT,,W 2ND ST & WARREN ST,Collision with:  Vehicle in traffic,On Roadway,Rear-end (front to rear),Lost Control,None Indicated,,Dark - roadway lighted,Dry,Clear,None apparent,Non-intersection:  Non-junction/no special feature,Paved,,Minor Injury,0,1,0,1,0,0,10500,4,3,,POINT (-90.585970048174 41.52127595794)
2014794992,,04/12/2014,04-April,7-Saturday,20:30,2000 Hours,District 4 (Southwest),,MONTGOMERY,US 34,US 34,Collision with:  Animal,On Roadway,Non-collision (single vehicle),Animal,None Indicated,,,Wet,Rain,,,Paved,,Property Damage Only,0,0,0,0,0,0,1500,1,2,,POINT (-95.033342116642 40.981919220712)
2014794782,14-10919,04/12/2014,04-April,7-Saturday,01:21,0100 Hours,District 3 (Northwest),SIOUX CITY,WOODBURY,IA 12,IA 12/GORDON DR & S ALICE ST,Collision with:  Parked motor vehicle,On Roadway,Broadside (front to side),Exceeded authorized speed,None Indicated,,Dark - roadway lighted,Dry,Cloudy,None apparent,Intersection:  Four-way intersection,Paved,,Minor Injury,0,2,0,2,0,0,153200,12,2,,POINT (-96.368204585074 42.489236404335)
2014794774,14-1052,04/12/2014,04-April,7-Saturday,00:01,0000 Hours,District 1 (Central),FORT DODGE,WEBSTER,,N 27TH ST,Collision with:  Parked motor vehicle,On Roadway,Unknown,Other (explain in narrative):  Other,None Indicated,,Dark - roadway lighted,Unknown,Cloudy,Unknown,Non-intersection:  Non-junction/no special feature,Paved,,Property Damage Only,0,0,0,0,0,0,2500,2,1,,POINT (-94.160800232733 42.511213293453)
2014794652,1402418,04/12/2014,04-April,7-Saturday,20:20,2000 Hours,District 1 (Central),POLK CITY,POLK,,NW 44TH ST,Collision with:  Animal,,,Animal,None Indicated,,,,,,,Paved,,Property Damage Only,0,0,0,0,0,0,2000,1,1,,POINT (-93.677503094792 41.753923595867)
2014794834,140906,04/12/2014,04-April,7-Saturday,19:43,1900 Hours,District 3 (Northwest),DENISON,CRAWFORD,,3RD AVE S & S 16TH ST,Collision with:  Vehicle in traffic,On Roadway,Broadside (front to side),FTYROW:  From stop sign,None Indicated,,Dusk,Wet,Rain,None apparent,Intersection:  Four-way intersection,Paved,,Property Damage Only,0,0,0,0,0,0,5500,2,4,,POINT (-95.349705950383 42.013400012256)
2014796093,20140009741,04/12/2014,04-April,7-Saturday,04:53,0400 Hours,District 1 (Central),DES MOINES,POLK,US 69,US 69/SE 14TH ST & E EDISON AVE,Collision with fixed object:  Utility pole/light support,Shoulder,"Sideswipe, same direction",Ran off road - right,Alcohol (Statutory),,Dark - roadway lighted,Dry,Clear,None apparent,Non-intersection:  Non-junction/no special feature,Paved,,Property Damage Only,0,0,0,0,0,0,14000,2,1,,POINT (-93.596959855273 41.571750538516)
2014796626,14-029,04/12/2014,04-April,7-Saturday,09:10,0900 Hours,District 3 (Northwest),SIOUX CENTER,SIOUX,US 75,US 75/MAIN AVE & 3RD ST NW & 3RD ST NE,Collision with:  Vehicle in traffic,On Roadway,Rear-end (front to rear),Followed too close,None Indicated,,Daylight,Dry,Clear,None apparent,Intersection:  Four-way intersection,Paved,,Possible/Unknown,0,1,0,0,1,0,8500,2,2,,POINT (-96.175551898585 43.079763297088)
2014794751,2014-22360,04/12/2014,04-April,7-Saturday,13:23,1300 Hours,District 6 (East Central),DAVENPORT,SCOTT,I-74,I-74 & E 53RD ST,Collision with:  Vehicle in traffic,On Roadway,Broadside (front to side),Ran Traffic Signal,None Indicated,,Daylight,Dry,Clear,None apparent,Intersection:  Four-way intersection,Paved,,Property Damage Only,0,0,0,0,0,0,6000,2,3,,POINT (-90.524054961711 41.574816581517)
2014794549,01-14-15168,04/12/2014,04-April,7-Saturday,14:48,1400 Hours,District 6 (East Central),DUBUQUE,DUBUQUE,US 52,US 52/WHITE ST & E 14TH ST,Collision with:  Vehicle in traffic,On Roadway,"Sideswipe, same direction",Ran Traffic Signal,None Indicated,,Daylight,Dry,Clear,None apparent,Intersection:  Four-way intersection,Paved,,Property Damage Only,0,0,0,0,0,0,2500,3,4,,POINT (-90.666744240891 42.506644568784)
2014794969,2014022784,04/12/2014,04-April,7-Saturday,06:07,0600 Hours,District 6 (East Central),,JONES,IA 136,IA 136/IOWA 136,Collision with fixed object:  Ditch,Roadside,Non-collision (single vehicle),Ran off road - right,None Indicated,,Dawn,Dry,Cloudy,None apparent,Non-intersection:  Non-junction/no special feature,Paved,,Property Damage Only,0,0,0,0,0,0,2000,1,1,,POINT (-90.93946152783 41.982717425798)
2014795828,14-001789,04/12/2014,04-April,7-Saturday,13:15,1300 Hours,District 1 (Central),AMES,STORY,,REAGAN DR & 30TH ST & HOOVER AVE,Collision with:  Vehicle in traffic,On Roadway,Broadside (front to side),Ran Stop Sign,None Indicated,,Daylight,Dry,Clear,None apparent,Intersection:  Four-way intersection,Paved,,Property Damage Only,0,0,0,0,0,0,5500,2,2,,POINT (-93.630260094734 42.051064312861)
2014794726,14-014209,04/12/2014,04-April,7-Saturday,18:23,1800 Hours,District 4 (Southwest),COUNCIL BLUFFS,POTTAWATTAMIE,I-29,I-29,Collision with fixed object:  Ditch,On Roadway,Non-collision (single vehicle),Ran off road - right,None Indicated,,Daylight,Dry,Clear,None apparent,Non-intersection:  Non-junction/no special feature,Paved,,Major Injury,0,1,1,0,0,0,1500,1,1,,POINT (-95.823657980315 41.211510742143)
2014795040,201401155,04/12/2014,04-April,7-Saturday,16:30,1600 Hours,District 6 (East Central),,LINN,,Co Rd E48/E AVE,Collision with fixed object:  Ditch,Outside trafficway,Non-collision (single vehicle),Ran off road - right,Refused,,Daylight,Dry,Clear,None apparent,Non-intersection:  Non-junction/no special feature,Unpaved,,Property Damage Only,0,0,0,0,0,0,4000,1,1,,POINT (-91.779721827517 41.978732148738)
2014794828,14003077,04/12/2014,04-April,7-Saturday,10:16,1000 Hours,District 6 (East Central),,BUCHANAN,,Co Rd W45/SLATER AVE,Collision with:  Vehicle in traffic,On Roadway,Head-on (front to front),Crossed centerline (undivided),None Indicated,,Daylight,Dry,Clear,None apparent,Non-intersection:  Non-junction/no special feature,Paved,,Possible/Unknown,0,1,0,0,1,0,19000,2,2,,POINT (-91.731704480111 42.495601802647)
2014794758,2014-22358,04/12/2014,04-April,7-Saturday,13:04,1300 Hours,District 6 (East Central),DAVENPORT,SCOTT,US 6,US 6/E KIMBERLY RD,Collision with:  Vehicle in traffic,On Roadway,Rear-end (front to rear),Lost Control,None Indicated,,Daylight,Dry,Cloudy,None apparent,Non-intersection:  Non-junction/no special feature,Paved,,Property Damage Only,0,0,0,0,0,0,2794,3,3,,POINT (-90.5579545141 41.556862817708)
2014794626,14007363,04/12/2014,04-April,7-Saturday,13:40,1300 Hours,District 6 (East Central),MARION,LINN,,7TH AVE,Collision with:  Vehicle in traffic,On Roadway,Rear-end (front to rear),Unknown,None Indicated,,Daylight,Dry,Cloudy,None apparent,Non-intersection:  Non-junction/no special feature,Paved,,Minor Injury,0,1,0,1,0,0,3000,2,2,,POINT (-91.586753064954 42.033276619267)
2014794616,201405096,04/12/2014,04-April,7-Saturday,10:27,1000 Hours,District 6 (East Central),CEDAR RAPIDS,LINN,,WILSON AVE SW,Collision with:  Vehicle in traffic,On Roadway,Rear-end (front to rear),Driver Distraction:  Passenger,None Indicated,,Daylight,Dry,Clear,None apparent,Intersection:  Four-way intersection,Paved,,Property Damage Only,0,0,0,0,0,0,5500,3,4,,POINT (-91.669268849989 41.955970343434)
2014794724,14-014195,04/12/2014,04-April,7-Saturday,16:36,1600 Hours,District 4 (Southwest),COUNCIL BLUFFS,POTTAWATTAMIE,I-29,I-29 & IA 192/S EXPRESSWAY,Collision with:  Vehicle in traffic,On Roadway,Rear-end (front to rear),Followed too close,None Indicated,,Daylight,Dry,Clear,None apparent,Non-intersection:  Non-junction/no special feature,Paved,,Minor Injury,0,2,0,2,0,0,1600,2,6,,POINT (-95.851316731227 41.232110833706)
2014794653,14-001604,04/12/2014,04-April,7-Saturday,14:43,1400 Hours,District 1 (Central),ANKENY,POLK,I-35,I-35,Collision with:  Vehicle in traffic,On Roadway,"Sideswipe, same direction",Improper or erratic lane changing,None Indicated,,Daylight,Dry,Clear,None apparent,Non-intersection:  Non-junction/no special feature,Paved,,Minor Injury,0,5,0,3,1,1,10500,2,6,,POINT (-93.576468004487 41.681679899543)
2014850942,14-002686,04/12/2014,04-April,7-Saturday,20:54,2000 Hours,District 5 (Southeast),,LOUISA,,Co Rd X17/COUNTY RD X 17,Collision with:  Other non-fixed object (explain in narrative),On Roadway,Non-collision (single vehicle),Other (explain in narrative):  Other,None Indicated,,Dark - roadway not lighted,Unknown,Cloudy,Debris,Non-intersection:  Non-junction/no special feature,Paved,,Property Damage Only,0,0,0,0,0,0,2500,1,1,,POINT (-91.393764345239 41.276544788333)
2014794612,201405087,04/12/2014,04-April,7-Saturday,08:27,0800 Hours,District 6 (East Central),CEDAR RAPIDS,LINN,IA 922,IA 922/1ST AVE E & COTTAGE GROVE AVE SE & 21ST ST NE,Collision with:  Vehicle in traffic,On Roadway,Rear-end (front to rear),Other (explain in narrative):  Other,None Indicated,,Daylight,Dry,Cloudy,None apparent,Non-intersection:  Non-junction/no special feature,Paved,,Property Damage Only,0,0,0,0,0,0,3000,2,5,,POINT (-91.638905199038 41.995900113225)
2014794830,14-003083,04/12/2014,04-April,7-Saturday,16:07,1600 Hours,District 6 (East Central),INDEPENDENCE,BUCHANAN,IA 150,IA 150/3RD AVE SE,Collision with:  Vehicle in traffic,On Roadway,"Angle, oncoming left turn",FTYROW:  Other (explain in narrative),None Indicated,,Daylight,Dry,Clear,None apparent,Intersection:  Four-way intersection,Paved,,Property Damage Only,0,0,0,0,0,0,5500,2,3,,POINT (-91.891770617928 42.468587253703)
2014796125,1-14-000129,04/12/2014,04-April,7-Saturday,14:28,1400 Hours,District 4 (Southwest),,SHELBY,,Co Rd F58/STREET F58,Collision with:  Animal,,,Animal,None Indicated,,,,,,,Paved,,Property Damage Only,0,0,0,0,0,0,4500,1,1,,POINT (-95.373803107097 41.578367970065)
2014795660,2014-07511,04/12/2014,04-April,7-Saturday,17:48,1700 Hours,District 5 (Southeast),,WARREN,IA 92,IA 92/IOWA 92 & Co Rd R57/HWY R57,Collision with:  Vehicle in traffic,On Roadway,Broadside (front to side),Ran Stop Sign,None Indicated,,Daylight,Dry,Clear,None apparent,Intersection:  Four-way intersection,Paved,,Major Injury,0,1,1,0,0,0,38000,2,5,,POINT (-93.645116619752 41.355356899592)
2014801017,A390414-0906,04/12/2014,04-April,7-Saturday,22:00,2200 Hours,District 4 (Southwest),,ADAIR,,350TH ST,Collision with:  Other non-fixed object (explain in narrative),,,Unknown,None Indicated,,,,,,,Paved,,Property Damage Only,0,0,0,0,0,0,2000,1,1,,POINT (-94.404377683472 41.503718184687)
2014795275,,04/12/2014,04-April,7-Saturday,09:37,0900 Hours,District 4 (Southwest),,MILLS,US 59,US 59,Collision with fixed object:  Ditch,On Roadway,Non-collision (single vehicle),Ran off road - right,None Indicated,,Daylight,Dry,Cloudy,None apparent,Non-intersection:  Non-junction/no special feature,Paved,,Possible/Unknown,0,2,0,0,2,0,2000,1,2,,POINT (-95.403687613968 41.046152229167)
2014794784,14-10958,04/12/2014,04-April,7-Saturday,13:06,1300 Hours,District 3 (Northwest),SIOUX CITY,WOODBURY,,FLOYD BLVD & TRINITY DR,Collision with:  Vehicle in traffic,On Roadway,Broadside (front to side),FTYROW:  From stop sign,None Indicated,,Daylight,Dry,Cloudy,None apparent,Intersection:  T-intersection,Paved,,Possible/Unknown,0,2,0,0,2,0,12500,2,4,,POINT (-96.373585460748 42.529310031918)
2014798985,14-005013,04/12/2014,04-April,7-Saturday,14:48,1400 Hours,District 3 (Northwest),SPENCER,CLAY,US 18,US 18/N GRAND AVE & W 11TH ST & E 11TH ST,Collision with:  Vehicle in traffic,On Roadway,Broadside (front to side),FTYROW:  From stop sign,None Indicated,,Daylight,Dry,Clear,None apparent,Intersection:  Four-way intersection,Paved,,Major Injury,0,2,2,0,0,0,7000,2,3,,POINT (-95.145251203799 43.14881923841)
2014794543,14-12131,04/12/2014,04-April,7-Saturday,13:54,1300 Hours,District 5 (Southeast),BURLINGTON,DES MOINES,,CENTRAL AVE,Collision with:  Non-motorist (see non-motorist section - NOT a unit),On Roadway,Non-collision (single vehicle),Other (explain in narrative):  No improper action,None Indicated,,Daylight,Dry,Cloudy,None apparent,Non-intersection:  Alley,Paved,,Minor Injury,0,1,0,1,0,0,1000,1,1,,POINT (-91.111403312585 40.812245314589)
2014795038,N14000152,04/12/2014,04-April,7-Saturday,15:48,1500 Hours,District 6 (East Central),NORTH LIBERTY,JOHNSON,,CHERRY ST & FRONT ST,Collision with:  Vehicle in traffic,On Roadway,Broadside (front to side),FTYROW:  From stop sign,None Indicated,,Daylight,Dry,Cloudy,None apparent,Intersection:  Four-way intersection,Paved,,Possible/Unknown,0,1,0,0,0,1,2800,2,4,,POINT (-91.597996057521 41.748528592383)
2014794672,20140009776,04/12/2014,04-April,7-Saturday,17:22,1700 Hours,District 1 (Central),DES MOINES,POLK,,WAKONDA DR & FLEUR DR,Collision with:  Vehicle in traffic,On Roadway,"Sideswipe, opposite direction",Improper Backing,None Indicated,,Daylight,Dry,Clear,None apparent,Non-intersection:  Non-junction/no special feature,Paved,,Property Damage Only,0,0,0,0,0,0,3500,2,8,,POINT (-93.644981523194 41.551999415172)
2014797301,01-14-15166,04/12/2014,04-April,7-Saturday,14:50,1400 Hours,District 6 (East Central),DUBUQUE,DUBUQUE,,W 6TH ST & LOCUST ST S,Collision with:  Vehicle in traffic,On Roadway,"Sideswipe, same direction",Other (explain in narrative):  Other,None Indicated,,Daylight,Dry,Clear,None apparent,Intersection:  Four-way intersection,Paved,,Property Damage Only,0,0,0,0,0,0,3000,2,3,,POINT (-90.667387450872 42.498841143248)
2014809999,2014-001942,04/12/2014,04-April,7-Saturday,12:10,1200 Hours,District 6 (East Central),NEWHALL,BENTON,,3RD ST & 3RD AVE,Collision with:  Vehicle in traffic,On Roadway,Broadside (front to side),FTYROW:  From yield sign,None Indicated,,Daylight,Dry,Clear,None apparent,Intersection:  Four-way intersection,Paved,,Property Damage Only,0,0,0,0,0,0,6000,2,2,,POINT (-91.965939820901 41.992467353571)
2014799729,14-060412-01,04/12/2014,04-April,7-Saturday,10:32,1000 Hours,District 6 (East Central),,IOWA,,Co Rd V62/L AVE,Collision with:  Vehicle in traffic,On Roadway,"Sideswipe, opposite direction",Swerving/Evasive Action,None Indicated,,Daylight,"Mud, dirt",Cloudy,None apparent,Non-intersection:  Non-junction/no special feature,Unpaved,,Property Damage Only,0,0,0,0,0,0,4500,2,2,,POINT (-92.084928027262 41.74014473805)
2014794617,201405108,04/12/2014,04-April,7-Saturday,13:47,1300 Hours,District 6 (East Central),CEDAR RAPIDS,LINN,,JOHNSON AVE NW,Collision with:  Vehicle in traffic,On Roadway,"Angle, oncoming left turn",FTYROW:  Making left turn,None Indicated,,Daylight,Dry,Cloudy,None apparent,Non-intersection:  Driveway access (within),Paved,,Property Damage Only,0,0,0,0,0,0,3500,2,3,,POINT (-91.711438244397 41.974608500373)
2014794657,14-001603,04/12/2014,04-April,7-Saturday,12:14,1200 Hours,District 1 (Central),ANKENY,POLK,,W 1ST ST & SW MAPLE ST,Collision with:  Vehicle in traffic,On Roadway,Rear-end (front to rear),Other (explain in narrative):  Other,None Indicated,,Daylight,Dry,Clear,None apparent,Non-intersection:  Non-junction/no special feature,Paved,,Property Damage Only,0,0,0,0,0,0,2300,3,5,,POINT (-93.608540737546 41.73190010042)
2014794721,14-014155,04/12/2014,04-April,7-Saturday,10:11,1000 Hours,District 4 (Southwest),COUNCIL BLUFFS,POTTAWATTAMIE,,3RD AVE,Collision with:  Vehicle in traffic,On Roadway,Head-on (front to front),Improper Backing,None Indicated,,Daylight,Dry,Clear,None apparent,Intersection:  Four-way intersection,Paved,,Possible/Unknown,0,2,0,0,2,0,12250,2,3,,POINT (-95.875058409177 41.258773239779)
2014794786,14-10970,04/12/2014,04-April,7-Saturday,15:34,1500 Hours,District 3 (Northwest),SIOUX CITY,WOODBURY,,2ND ST & PIERCE ST,Collision with:  Vehicle in traffic,On Roadway,Rear-end (front to rear),Followed too close,None Indicated,,Daylight,Dry,Cloudy,None apparent,Non-intersection:  Non-junction/no special feature,Paved,,Property Damage Only,0,0,0,0,0,0,4000,2,2,,POINT (-96.404926856919 42.491994986197)
2014795280,,04/12/2014,04-April,7-Saturday,11:23,1100 Hours,District 2 (Northeast),CHARLES CITY,FLOYD,,CENTRAL AVE,Collision with:  Parked motor vehicle,Outside trafficway,Unknown,FTYROW:  From driveway,None Indicated,,Unknown,Dry,Unknown,None apparent,Non-intersection:  Driveway access (within),Paved,,Property Damage Only,0,0,0,0,0,0,2000,2,1,,POINT (-92.653576271553 43.064250758536)
2014794865,14-015186,04/12/2014,04-April,7-Saturday,14:48,1400 Hours,District 5 (Southeast),MUSCATINE,MUSCATINE,US 61,US 61 & OAKVIEW DR,Collision with:  Vehicle in traffic,On Roadway,"Sideswipe, same direction",Exceeded authorized speed,None Indicated,,Daylight,Dry,Clear,None apparent,Non-intersection:  Non-junction/no special feature,Paved,,Property Damage Only,0,0,0,0,0,0,11000,2,2,,POINT (-91.020252257476 41.458025976335)
2014794508,W14-035782,04/12/2014,04-April,7-Saturday,23:02,2300 Hours,District 2 (Northeast),WATERLOO,BLACK HAWK,I-380,I-380,Collision with:  Other non-fixed object (explain in narrative),On Roadway,Non-collision (single vehicle),Ran off road - left,None Indicated,,Dark - roadway lighted,Wet,Rain,None apparent,Non-intersection:  Non-junction/no special feature,Paved,,Property Damage Only,0,0,0,0,0,0,6500,1,1,,POINT (-92.322133487661 42.476092382583)
2014795189,14004754,04/12/2014,04-April,7-Saturday,19:43,1900 Hours,District 6 (East Central),,JACKSON,,317 AVE,Non-collision events:  Other non-collision (explain in narrative),On Roadway,Non-collision (single vehicle),Equipment failure,None Indicated,,Daylight,"Mud, dirt",Cloudy,None apparent,Non-intersection:  Non-junction/no special feature,Unpaved,,Property Damage Only,0,0,0,0,0,0,5000,1,3,,POINT (-90.529773626187 42.059868444552)
2014794871,2014041202,04/12/2014,04-April,7-Saturday,20:01,2000 Hours,District 4 (Southwest),SHENANDOAH,PAGE,IA 48,IA 48/FERGUSON AVE & N SYCAMORE ST,Collision with:  Vehicle in traffic,On Roadway,Broadside (front to side),FTYROW:  Making left turn,None Indicated,,Dusk,Wet,Rain,"Surface condition (e.g., wet, icy)",Intersection:  T-intersection,Paved,,Possible/Unknown,0,1,0,0,1,0,2000,2,5,,POINT (-95.37066290685 40.771781665269)
2014794739,14-6273,04/12/2014,04-April,7-Saturday,19:02,1900 Hours,District 6 (East Central),BETTENDORF,SCOTT,US 67,US 67/STATE ST & 39TH ST,Collision with fixed object:  Utility pole/light support,On Roadway,Non-collision (single vehicle),Made improper turn,Alcohol (Statutory),,Dusk,Dry,Clear,None apparent,Intersection:  T-intersection,Paved,,Possible/Unknown,0,2,0,0,2,0,23000,1,2,,POINT (-90.479005440426 41.530426646077)
2014795796,2014-3753,04/13/2014,04-April,1-Sunday,19:45,1900 Hours,District 3 (Northwest),,SAC,IA 175,IA 175/325TH ST,Non-collision events:  Other non-collision (explain in narrative),On Roadway,Non-collision (single vehicle),Ran off road - right,None Indicated,,Dusk,Slush,Snow,None apparent,Non-intersection:  Non-junction/no special feature,Paved,,Property Damage Only,0,0,0,0,0,0,2500,1,1,,POINT (-95.29078881958 42.319325832183)
2014794706,14-1716,04/13/2014,04-April,1-Sunday,17:57,1700 Hours,District 1 (Central),WEST DES MOINES,POLK,I-235,I-235,Non-collision events:  Overturn/rollover,On Roadway,Non-collision (single vehicle),Unknown,None Indicated,,Daylight,Wet,Rain,None apparent,Non-intersection:  Non-junction/no special feature,Paved,,Major Injury,0,1,1,0,0,0,5000,1,1,,POINT (-93.721727723717 41.593354993493)
2014794733,14-014358,04/13/2014,04-April,1-Sunday,22:21,2200 Hours,District 4 (Southwest),COUNCIL BLUFFS,POTTAWATTAMIE,,HARRY LANGDON BLVD,Collision with fixed object:  Bridge overhead structure,On Roadway,Non-collision (single vehicle),Lost Control,None Indicated,,Dark - roadway not lighted,Slush,Snow,"Surface condition (e.g., wet, icy)",Non-intersection:  Other non-intersection (explain in narrative),Paved,,Property Damage Only,0,0,0,0,0,0,7000,1,2,,POINT (-95.827181277132 41.229338025718)
2014795704,2014022991,04/13/2014,04-April,1-Sunday,14:05,1400 Hours,District 6 (East Central),CORALVILLE,JOHNSON,I-80,I-80,Collision with:  Parked motor vehicle,On Roadway,Rear-end (front to rear),Illegally Parked/Unattended,None Indicated,,Daylight,Wet,Rain,"Surface condition (e.g., wet, icy)",Non-intersection:  Other non-intersection (explain in narrative),Paved,,Fatal,1,4,0,1,3,0,14000,2,6,,POINT (-91.621623456315 41.694242291272)
2014794708,14-1711,04/13/2014,04-April,1-Sunday,10:32,1000 Hours,District 1 (Central),WEST DES MOINES,POLK,,ASHWORTH RD,Collision with:  Vehicle in traffic,Shoulder,Broadside (front to side),FTYROW:  From driveway,None Indicated,,Daylight,Wet,Rain,None apparent,Non-intersection:  Driveway access (within),Paved,,Property Damage Only,0,0,0,0,0,0,7500,2,3,,POINT (-93.788270803974 41.584424196091)