Iowa DOT Case Number,Law Enforcement Case Number,Date of Crash,Month of Crash,Day of Week,Time of Crash,Hour,DOT District,City Name,County Name,Route with System,Location Description,First Harmful Event,Location of First Harmful Event,Manner of Crash/Collision,Major Cause,Drug or Alcohol ,Environmental Conditions,Light Conditions,Surface Conditions,Weather Conditions,Roadway Contribution,Roadway Type,Roadway Surface,Work Zone,Crash Severity,Number of Fatalities,Number of Injuries,Number of Major Injuries,Number of Minor Injuries,Number of Possible Injuries,Number of Unknown Injuries,Amount of Property Damage,Number of Vehicles Involved,Total Number of Occupants,Travel Direction,Location
2014795527,1400000316,04/13/2014,04-April,1-Sunday,16:43,1600 Hours,District 1 (Central),MARSHALLTOWN,MARSHALL,IA 330,IA 330/MARSHALLTOWN BLVD,Collision with:  Vehicle in traffic,On Roadway,Rear-end (front to rear),Driving too fast for conditions,None Indicated,,Daylight,Wet,Rain,None apparent,Non-intersection:  Non-junction/no special feature,Paved,,Possible/Unknown,0,5,0,0,5,0,10500,2,6,,POINT (-93.166406864477 41.909188548816)
2014794877,20140009855,04/13/2014,04-April,1-Sunday,14:25,1400 Hours,District 1 (Central),DES MOINES,POLK,I-235,I-235 & 19TH ST,Collision with:  Vehicle in traffic,On Roadway,Broadside (front to side),Ran Traffic Signal,None Indicated,,Daylight,Wet,Rain,None apparent,Intersection:  Four-way intersection,Paved,,Property Damage Only,0,0,0,0,0,0,7800,2,3,,POINT (-93.642531341397 41.596373932253)
2014794586,2014003990,04/13/2014,04-April,1-Sunday,18:00,1800 Hours,District 6 (East Central),IOWA CITY,JOHNSON,I-80,I-80,Collision with fixed object:  Other fixed object (explain in narrative),On Roadway,Non-collision (single vehicle),Driving too fast for conditions,None Indicated,,Daylight,Wet,Rain,"Surface condition (e.g., wet, icy)",Non-intersection:  Non-junction/no special feature,Paved,,Property Damage Only,0,0,0,0,0,0,2100,1,1,,POINT (-91.48339430704 41.685484656655)
2014794730,14-014304,04/13/2014,04-April,1-Sunday,12:37,1200 Hours,District 4 (Southwest),COUNCIL BLUFFS,POTTAWATTAMIE,,DENMARK DR & MCDERMOTT ST,Collision with:  Vehicle in traffic,On Roadway,Broadside (front to side),FTYROW:  From stop sign,None Indicated,,Daylight,Wet,Rain,None apparent,Non-intersection:  Driveway access (within),Paved,,Property Damage Only,0,0,0,0,0,0,5000,2,2,,POINT (-95.835086101828 41.220398285239)
2014794791,14-11099,04/13/2014,04-April,1-Sunday,15:57,1500 Hours,District 3 (Northwest),SIOUX CITY,WOODBURY,,TRI-VIEW AVE,Collision with:  Vehicle in traffic,On Roadway,Broadside (front to side),FTYROW:  From parked position,None Indicated,,Daylight,Wet,Cloudy,None apparent,Non-intersection:  Non-junction/no special feature,Paved,,Property Damage Only,0,0,0,0,0,0,3000,2,4,,POINT (-96.409621938717 42.491522075779)
2014794913,14-4170,04/13/2014,04-April,1-Sunday,13:40,1300 Hours,District 3 (Northwest),HOSPERS,SIOUX,IA 60,IA 60/IOWA 60,Collision with fixed object:  Ditch,On Roadway,Non-collision (single vehicle),Driving too fast for conditions,None Indicated,,Daylight,Slush,Snow,"Surface condition (e.g., wet, icy)",Non-intersection:  Non-junction/no special feature,Paved,,Property Damage Only,0,0,0,0,0,0,2500,1,2,,POINT (-95.900488424755 43.083380743639)
2014794789,14-11091,04/13/2014,04-April,1-Sunday,14:21,1400 Hours,District 3 (Northwest),SIOUX CITY,WOODBURY,,4TH AVE & S LAKEPORT ST,Collision with:  Vehicle in traffic,On Roadway,Broadside (front to side),Ran Traffic Signal,None Indicated,,Daylight,Wet,"Sleet, hail",None apparent,Intersection:  Four-way intersection,Paved,,Property Damage Only,0,0,0,0,0,0,7000,2,4,,POINT (-96.34644061591 42.468750004352)
2014794821,201401567,04/13/2014,04-April,1-Sunday,23:30,2300 Hours,District 1 (Central),,BOONE,IA 144,IA 144/325TH ST & Co Rd P54/CLOVER AVE,Collision with:  Other non-fixed object (explain in narrative),On Roadway,Non-collision (single vehicle),Driving too fast for conditions,None Indicated,,Dark - roadway not lighted,Ice/frost,Snow,None apparent,Intersection:  T-intersection,Paved,,Minor Injury,0,1,0,1,0,0,2500,1,1,,POINT (-94.115851145769 41.884991435241)
2014794711,14-000757,04/13/2014,04-April,1-Sunday,09:35,0900 Hours,District 1 (Central),ALTOONA,POLK,,8TH ST SW & 8TH ST SE & 1ST AVE S,Collision with:  Vehicle in traffic,On Roadway,Broadside (front to side),Ran Traffic Signal,None Indicated,,Daylight,Wet,Rain,None apparent,Intersection:  Four-way intersection,Paved,,Property Damage Only,0,0,0,0,0,0,12000,3,6,,POINT (-93.464614311986 41.644041177161)
2014794809,,04/13/2014,04-April,1-Sunday,17:30,1700 Hours,District 2 (Northeast),,WRIGHT,IA 17,IA 17/IOWA 17 & Co Rd C20/130TH ST,Collision with:  Vehicle in traffic,On Roadway,Broadside (front to side),FTYROW:  From stop sign,Alcohol (Statutory),,Daylight,Wet,Rain,None apparent,Intersection:  Four-way intersection,Paved,,Property Damage Only,0,0,0,0,0,0,18000,2,3,,POINT (-93.971434450809 42.862999933418)
2014795029,060-2014,04/13/2014,04-April,1-Sunday,10:24,1000 Hours,District 4 (Southwest),,HARRISON,US 30,US 30 & Co Rd F58/296TH ST,Collision with:  Vehicle in traffic,On Roadway,"Angle, oncoming left turn",FTYROW:  From stop sign,None Indicated,,Daylight,Wet,Rain,None apparent,Intersection:  T-intersection,Paved,,Possible/Unknown,0,1,0,0,1,0,8700,2,2,,POINT (-95.850368067191 41.576035787279)
2014794709,14-1712,04/13/2014,04-April,1-Sunday,11:49,1100 Hours,District 1 (Central),WEST DES MOINES,POLK,,WOODLAND AVE & 45TH ST & WOODLAND PARK DR & MILLS CIVIC PKWY,Collision with:  Vehicle in traffic,On Roadway,"Sideswipe, same direction",FTYROW:  Other (explain in narrative),None Indicated,,Daylight,Wet,Rain,None apparent,Non-intersection:  Non-junction/no special feature,Paved,,Property Damage Only,0,0,0,0,0,0,2800,2,2,,POINT (-93.764151425679 41.588009780278)
2014795873,2014023036,04/13/2014,04-April,1-Sunday,20:45,2000 Hours,District 5 (Southeast),,MONROE,IA 5,IA 5/IOWA 5,Collision with:  Vehicle in traffic,On Roadway,Rear-end (front to rear),Other (explain in narrative):  Other,None Indicated,,Dark - roadway lighted,Wet,Rain,None apparent,Intersection:  T-intersection,Paved,,Possible/Unknown,0,4,0,0,4,0,25000,2,4,,POINT (-92.822991889973 40.962902642951)
2014794665,20140009858,04/13/2014,04-April,1-Sunday,14:34,1400 Hours,District 1 (Central),DES MOINES,POLK,US 69,US 69/E 14TH ST & CAPITOL AVE,Collision with:  Vehicle in traffic,On Roadway,Rear-end (front to rear),Driving too fast for conditions,None Indicated,,Daylight,Water (standing or moving),Rain,"Surface condition (e.g., wet, icy)",Intersection:  T-intersection,Paved,,Property Damage Only,0,0,0,0,0,0,2000,2,3,,POINT (-93.597594599688 41.592463953405)
2014795705,2014023014,04/13/2014,04-April,1-Sunday,17:00,1700 Hours,District 6 (East Central),CORALVILLE,JOHNSON,I-80,I-80 & 12TH AVE,Collision with:  Vehicle in traffic,On Roadway,"Sideswipe, same direction",Crossed centerline (undivided),None Indicated,,Daylight,Wet,Rain,None apparent,Non-intersection:  Non-junction/no special feature,Paved,,Property Damage Only,0,0,0,0,0,0,4000,2,2,,POINT (-91.581828504834 41.689083480383)
2014795662,2014-07596,04/13/2014,04-April,1-Sunday,11:15,1100 Hours,District 5 (Southeast),,WARREN,,133RD AVE,Collision with fixed object:  Ditch,On Roadway,Non-collision (single vehicle),Swerving/Evasive Action,None Indicated,,Daylight,Wet,Rain,None apparent,Non-intersection:  Non-junction/no special feature,Unpaved,,Property Damage Only,0,0,0,0,0,0,5000,1,1,,POINT (-93.554307057693 41.417162719977)
2014794625,14007463,04/13/2014,04-April,1-Sunday,18:22,1800 Hours,District 6 (East Central),MARION,LINN,IA 100,IA 100/COLLINS RD SE,Collision with:  Vehicle in traffic,On Roadway,Rear-end (front to rear),Driving too fast for conditions,None Indicated,,Dusk,Wet,Rain,None apparent,Intersection:  T-intersection,Paved,,Property Damage Only,0,0,0,0,0,0,5000,2,2,,POINT (-91.606721885052 42.015598163253)
2014795661,2014-07583,04/13/2014,04-April,1-Sunday,01:24,0100 Hours,District 5 (Southeast),,WARREN,,140TH AVE,Collision with:  Animal,On Roadway,Non-collision (single vehicle),Animal,None Indicated,,Dark - roadway not lighted,"Mud, dirt",Cloudy,None apparent,Non-intersection:  Non-junction/no special feature,Unpaved,,Minor Injury,0,1,0,1,0,0,5000,1,2,,POINT (-93.538475559027 41.289464624335)
2014794690,20140009821,04/13/2014,04-April,1-Sunday,02:15,0200 Hours,District 1 (Central),DES MOINES,POLK,,CLARK ST,Non-collision events:  Other non-collision (explain in narrative),On Roadway,Non-collision (single vehicle),Other (explain in narrative):  Other,Alcohol (Statutory),,Dark - roadway lighted,Wet,Rain,Work Zone (roadway-related),Non-intersection:  Non-junction/no special feature,Paved,Yes,Property Damage Only,0,0,0,0,0,0,4200,1,1,,POINT (-93.640981402669 41.605867194892)
2014794937,14-11178,04/13/2014,04-April,1-Sunday,20:30,2000 Hours,District 3 (Northwest),SIOUX CITY,WOODBURY,US 20,US 20,Collision with:  Animal,,,Animal,None Indicated,,,,,,,Paved,,Property Damage Only,0,0,0,0,0,0,2500,1,1,,POINT (-96.361166945512 42.444627626264)
2014794835,14-005856,04/13/2014,04-April,1-Sunday,22:30,2200 Hours,District 5 (Southeast),,HENRY,,Co Rd W75/LEXINGTON AVE,Collision with fixed object:  Other fixed object (explain in narrative),Outside trafficway,Non-collision (single vehicle),Ran off road - left,Under Influence of Alcohol/Drugs/Medications,,Dark - roadway not lighted,Dry,Clear,None apparent,Non-intersection:  Non-junction/no special feature,Unpaved,,Property Damage Only,0,0,0,0,0,0,4000,1,1,,POINT (-91.516070587462 40.929301898908)
2014799650,2014-22615,04/13/2014,04-April,1-Sunday,13:37,1300 Hours,District 6 (East Central),DAVENPORT,SCOTT,,W LOCUST ST,Collision with:  Vehicle in traffic,On Roadway,"Sideswipe, same direction",Improper or erratic lane changing,None Indicated,,Daylight,Wet,Rain,None apparent,Non-intersection:  Non-junction/no special feature,Paved,,Property Damage Only,0,0,0,0,0,0,4500,2,3,,POINT (-90.591309263241 41.538220992722)
2014795319,201405172,04/13/2014,04-April,1-Sunday,15:55,1500 Hours,District 6 (East Central),CEDAR RAPIDS,LINN,,EDGEWOOD RD NW,Collision with:  Vehicle in traffic,On Roadway,Rear-end (front to rear),Driving too fast for conditions,None Indicated,,Daylight,Wet,Rain,"Surface condition (e.g., wet, icy)",Intersection:  Four-way intersection,Paved,,Property Damage Only,0,0,0,0,0,0,11000,2,2,,POINT (-91.716011414862 41.970462731874)
2014794870,S14-2020,04/13/2014,04-April,1-Sunday,17:53,1700 Hours,District 3 (Northwest),,OBRIEN,,Co Rd B40/390TH ST,Collision with fixed object:  Ditch,Shoulder,Non-collision (single vehicle),Crossed centerline (undivided),None Indicated,,Daylight,Slush,Snow,"Surface condition (e.g., wet, icy)",Non-intersection:  Non-junction/no special feature,Paved,,Major Injury,0,1,1,0,0,0,7000,1,2,,POINT (-95.660933078158 43.08454213184)
2014794866,14-002016,04/13/2014,04-April,1-Sunday,16:30,1600 Hours,District 3 (Northwest),PRIMGHAR,OBRIEN,,Co Rd B40/390TH ST,Collision with fixed object:  Traffic sign support,Shoulder,Non-collision (single vehicle),Ran off road - right,None Indicated,,Daylight,Slush,Snow,None apparent,Non-intersection:  Non-junction/no special feature,Paved,,Property Damage Only,0,0,0,0,0,0,2200,1,2,,POINT (-95.614089019109 43.084479001972)
2014796160,14-000447,04/13/2014,04-April,1-Sunday,16:08,1600 Hours,District 1 (Central),COLO,STORY,,BAILEY ST & 4TH ST,Collision with:  Vehicle in traffic,On Roadway,Broadside (front to side),FTYROW:  From stop sign,None Indicated,,Daylight,Wet,Rain,None apparent,Intersection:  Four-way intersection,Paved,,Property Damage Only,0,0,0,0,0,0,4500,2,3,,POINT (-93.31510371594 42.017506734914)
2014795113,2014-22555,04/13/2014,04-April,1-Sunday,03:23,0300 Hours,District 6 (East Central),DAVENPORT,SCOTT,,BRIDGE AVE,Collision with:  Vehicle in traffic,On Roadway,Rear-end (front to rear),Lost Control,Alcohol (Statutory),,Dark - roadway lighted,Wet,Clear,None apparent,Non-intersection:  Non-junction/no special feature,Paved,,Property Damage Only,0,0,0,0,0,0,5500,2,1,,POINT (-90.557902126261 41.537876250373)
2014794728,14-014261,04/13/2014,04-April,1-Sunday,02:00,0200 Hours,District 4 (Southwest),COUNCIL BLUFFS,POTTAWATTAMIE,US 275,US 275/VETERANS MEMORIAL HWY,Non-collision events:  Other non-collision (explain in narrative),Outside trafficway,Non-collision (single vehicle),Lost Control,None Indicated,,Dark - roadway lighted,Dry,Clear,None apparent,Non-intersection:  Non-junction/no special feature,Paved,,Property Damage Only,0,0,0,0,0,0,7000,1,4,,POINT (-95.860712194008 41.219673947945)
2014794788,14-11087,04/13/2014,04-April,1-Sunday,13:34,1300 Hours,District 3 (Northwest),SIOUX CITY,WOODBURY,,SUNNYBROOK DR,Collision with:  Vehicle in traffic,On Roadway,Broadside (front to side),FTYROW:  From stop sign,None Indicated,,Daylight,Wet,"Sleet, hail",None apparent,Intersection:  Four-way intersection,Paved,,Major Injury,0,1,1,0,0,0,12000,3,7,,POINT (-96.332587188411 42.450190454582)
2014794729,14-014265,04/13/2014,04-April,1-Sunday,02:58,0200 Hours,District 4 (Southwest),COUNCIL BLUFFS,POTTAWATTAMIE,,5TH AVE,Collision with:  Parked motor vehicle,On Roadway,Rear-end (front to rear),Lost Control,None Indicated,,Dark - roadway lighted,Dry,Cloudy,None apparent,Non-intersection:  Non-junction/no special feature,Paved,,Property Damage Only,0,0,0,0,0,0,7150,3,1,,POINT (-95.866559053173 41.257103013275)
2014797206,,04/13/2014,04-April,1-Sunday,18:06,1800 Hours,District 3 (Northwest),MERIDEN,CHEROKEE,IA 3,IA 3/IOWA 3,Collision with:  Vehicle in traffic,On Roadway,"Sideswipe, opposite direction",Crossed centerline (undivided),None Indicated,,Daylight,Slush,Snow,None apparent,Non-intersection:  Non-junction/no special feature,Paved,,Property Damage Only,0,0,0,0,0,0,3000,2,8,,POINT (-95.656380416411 42.800917037854)
2014795850,14-11241,04/13/2014,04-April,1-Sunday,15:00,1500 Hours,District 3 (Northwest),SIOUX CITY,WOODBURY,,STONE AVE,Collision with:  Vehicle in traffic,On Roadway,Broadside (front to side),Ran off road - right,None Indicated,,Daylight,Wet,Snow,None apparent,Non-intersection:  Non-junction/no special feature,Paved,,Property Damage Only,0,0,0,0,0,0,4800,2,3,,POINT (-96.352207231446 42.479251690101)
2014794673,20140009863,04/13/2014,04-April,1-Sunday,15:52,1500 Hours,District 1 (Central),DES MOINES,POLK,,MLK JR PKWY,Collision with:  Vehicle in traffic,On Roadway,Broadside (front to side),FTYROW:  From driveway,None Indicated,,Daylight,Wet,Rain,"Surface condition (e.g., wet, icy)",Non-intersection:  Driveway access (within),Paved,,Possible/Unknown,0,1,0,0,1,0,3500,2,2,,POINT (-93.644284256395 41.60974885637)
2014795872,2014022933,04/13/2014,04-April,1-Sunday,00:01,0000 Hours,District 5 (Southeast),,MAHASKA,,Co Rd G29/170TH ST & Co Rd T65/OXFORD AVE,Non-collision events:  Overturn/rollover,On Roadway,Non-collision (single vehicle),Swerving/Evasive Action,None Indicated,,Dark - roadway not lighted,Wet,Rain,"Shoulders (none, low, soft, high)",Non-intersection:  Non-junction/no special feature,Paved,,Fatal,1,0,0,0,0,0,10000,1,1,,POINT (-92.574495806131 41.408028039792)
2014794746,14-6761,04/13/2014,04-April,1-Sunday,04:19,0400 Hours,District 6 (East Central),BETTENDORF,SCOTT,,14TH ST,Collision with:  Parked motor vehicle,On Roadway,Head-on (front to front),Crossed centerline (undivided),Alcohol (Statutory),,Dark - roadway lighted,Wet,Cloudy,None apparent,Non-intersection:  Non-junction/no special feature,Paved,,Property Damage Only,0,0,0,0,0,0,8000,2,777,,POINT (-90.512946478474 41.532985426683)
2014794550,01-14-15312,04/13/2014,04-April,1-Sunday,12:30,1200 Hours,District 6 (East Central),DUBUQUE,DUBUQUE,US 61,US 61,Collision with:  Vehicle in traffic,On Roadway,Rear-end (front to rear),Followed too close,None Indicated,,Daylight,Wet,Rain,None apparent,Non-intersection:  Non-junction/no special feature,Paved,,Property Damage Only,0,0,0,0,0,0,7500,2,4,,POINT (-90.68654982466 42.431275963093)
2014794512,041314-153,04/13/2014,04-April,1-Sunday,20:59,2000 Hours,District 3 (Northwest),,BUENA VISTA,IA 3,IA 3/530TH ST,Collision with:  Vehicle in traffic,On Roadway,"Sideswipe, opposite direction",Crossed centerline (undivided),None Indicated,,Dark - roadway not lighted,Slush,Snow,"Surface condition (e.g., wet, icy)",Non-intersection:  Non-junction/no special feature,Paved,,Possible/Unknown,0,1,0,0,1,0,7500,2,2,,POINT (-94.943006793121 42.748938271818)
2014811431,2014-001954,04/13/2014,04-April,1-Sunday,01:44,0100 Hours,District 6 (East Central),,BENTON,,Co Rd D62/51 ST,Collision with fixed object:  Ditch,Shoulder,Non-collision (single vehicle),Ran off road - right,None Indicated,,Dark - roadway not lighted,Wet,Rain,None apparent,Non-intersection:  Other non-intersection (explain in narrative),Paved,,Minor Injury,0,1,0,1,0,0,7000,1,1,,POINT (-91.872998113759 42.284017139195)
2014795330,20141031,04/13/2014,04-April,1-Sunday,19:46,1900 Hours,District 6 (East Central),MOUNT VERNON,LINN,US 30,US 30 & IA 1/S 1ST AVE,Collision with:  Vehicle in traffic,On Roadway,Broadside (front to side),FTYROW:  From yield sign,None Indicated,,Dark - roadway lighted,Wet,Rain,None apparent,Intersection:  Other intersection (explain in narrative),Paved,,Property Damage Only,0,0,0,0,0,0,9500,2,3,,POINT (-91.42303161786 41.916096536333)
2014795802,14--001843,04/13/2014,04-April,1-Sunday,13:19,1300 Hours,District 1 (Central),AMES,STORY,,LINCOLN WAY & STATE AVE,Collision with:  Vehicle in traffic,On Roadway,"Angle, oncoming left turn",FTYROW:  Making left turn,None Indicated,,Daylight,Wet,Rain,None apparent,Intersection:  T-intersection,Paved,,Property Damage Only,0,0,0,0,0,0,13000,2,2,,POINT (-93.659150828801 42.022729544352)
2014800911,14-000445,04/13/2014,04-April,1-Sunday,00:07,0000 Hours,District 1 (Central),,STORY,,Co Rd E29/190TH ST & Co Rd R63/N DAYTON AVE,Collision with fixed object:  Ditch,Shoulder,Non-collision (single vehicle),Ran Stop Sign,Alcohol (Statutory),,Dark - roadway not lighted,Wet,Rain,None apparent,Intersection:  T-intersection,Paved,,Major Injury,0,2,1,0,1,0,5000,1,2,,POINT (-93.581465840028 42.077801056541)
2014796079,SO14000865,04/13/2014,04-April,1-Sunday,16:40,1600 Hours,District 3 (Northwest),,PLYMOUTH,,Co Rd C60/C60 & MARBLE AVE,Collision with fixed object:  Ditch,On Roadway,Non-collision (single vehicle),Ran off road - left,None Indicated,,Daylight,Slush,"Blowing sand, soil, dirt","Surface condition (e.g., wet, icy)",Non-intersection:  Non-junction/no special feature,Paved,,Property Damage Only,0,0,0,0,0,0,5200,1,1,,POINT (-96.135481771685 42.633365008318)
2014794792,14-11102,04/13/2014,04-April,1-Sunday,16:44,1600 Hours,District 3 (Northwest),SIOUX CITY,WOODBURY,I-29,I-29,Collision with fixed object:  Guardrail - face,On Roadway,Non-collision (single vehicle),Lost Control,None Indicated,,Daylight,Slush,Snow,"Surface condition (e.g., wet, icy)",Non-intersection:  Non-junction/no special feature,Paved,,Property Damage Only,0,0,0,0,0,0,3000,1,1,,POINT (-96.460542324308 42.493541832976)
2014795052,2014003466,04/14/2014,04-April,2-Monday,09:59,0900 Hours,District 1 (Central),MARSHALLTOWN,MARSHALL,IA 14,IA 14/S CENTER ST & E OLIVE ST,Collision with:  Vehicle in traffic,On Roadway,Broadside (front to side),Ran Traffic Signal,None Indicated,,Daylight,Dry,Cloudy,None apparent,Intersection:  Four-way intersection,Paved,,Property Damage Only,0,0,0,0,0,0,3000,2,2,,POINT (-92.912600533787 42.028371661777)
2014794976,PD140254,04/14/2014,04-April,2-Monday,13:34,1300 Hours,District 1 (Central),GRUNDY CENTER,GRUNDY,,K AVE & 10TH ST,Collision with:  Vehicle in traffic,On Roadway,"Angle, oncoming left turn",FTYROW:  Making left turn,None Indicated,,Daylight,Dry,Cloudy,None apparent,Intersection:  Four-way intersection,Paved,,Property Damage Only,0,0,0,0,0,0,6000,2,2,,POINT (-92.776630048164 42.35773019762)
2014794909,2014-22840,04/14/2014,04-April,2-Monday,14:08,1400 Hours,District 6 (East Central),DAVENPORT,SCOTT,,W HIGH ST,Collision with:  Vehicle in traffic,On Roadway,Broadside (front to side),FTYROW:  At uncontrolled intersection,None Indicated,,Daylight,Wet,Snow,None apparent,Non-intersection:  Alley,Paved,,Property Damage Only,0,0,0,0,0,0,4000,2,2,,POINT (-90.577985719499 41.540624899106)
2014796218,4514-021,04/14/2014,04-April,2-Monday,09:00,0900 Hours,District 2 (Northeast),RICEVILLE,HOWARD,,WOODLAND AVE,Collision with:  Vehicle in traffic,On Roadway,Broadside (front to side),Made improper turn,None Indicated,,Daylight,Snow,Cloudy,"Surface condition (e.g., wet, icy)",Non-intersection:  Driveway access (within),Unpaved,,Property Damage Only,0,0,0,0,0,0,4000,2,2,,POINT (-92.554196597462 43.364826992339)
2014794934,14-11161,04/14/2014,04-April,2-Monday,08:46,0800 Hours,District 3 (Northwest),SIOUX CITY,WOODBURY,,6TH ST & COURT ST,Collision with:  Vehicle in traffic,On Roadway,Broadside (front to side),Ran Traffic Signal,None Indicated,,Daylight,Dry,Clear,None apparent,Intersection:  Other intersection (explain in narrative),Paved,,Possible/Unknown,0,1,0,0,1,0,13400,2,2,,POINT (-96.396429973168 42.49640747051)
2014794887,14-1722,04/14/2014,04-April,2-Monday,10:25,1000 Hours,District 1 (Central),WEST DES MOINES,POLK,,11TH ST,Collision with fixed object:  Utility pole/light support,Shoulder,Non-collision (single vehicle),"Operating vehicle in an reckless, erratic, careless, negligent manner",None Indicated,,Daylight,Dry,Cloudy,None apparent,Non-intersection:  Non-junction/no special feature,Paved,,Property Damage Only,0,0,0,0,0,0,6500,1,1,,POINT (-93.718820315116 41.58868945116)
2014795442,CL14001091,04/14/2014,04-April,2-Monday,12:52,1200 Hours,District 6 (East Central),CLINTON,CLINTON,,25TH AVE S & S 14TH ST,Collision with:  Vehicle in traffic,On Roadway,Unknown,FTYROW:  From stop sign,None Indicated,,Daylight,Dry,Cloudy,None apparent,Intersection:  T-intersection,Paved,,Property Damage Only,0,0,0,0,0,0,4500,2,2,,POINT (-90.218708154582 41.820329871186)
2014797572,141733,04/14/2014,04-April,2-Monday,14:47,1400 Hours,District 1 (Central),IOWA FALLS,HARDIN,,OHIO AVE,Collision with:  Vehicle in traffic,On Roadway,"Sideswipe, same direction",Other (explain in narrative):  No improper action,None Indicated,,Daylight,Dry,Clear,None apparent,Non-intersection:  Alley,Paved,,Property Damage Only,0,0,0,0,0,0,1501,2,2,,POINT (-93.280724254085 42.519135144137)
2014795071,14-0784,04/14/2014,04-April,2-Monday,13:55,1300 Hours,District 1 (Central),URBANDALE,POLK,US 6,US 6/HICKMAN RD,Collision with:  Vehicle in traffic,On Roadway,Rear-end (front to rear),Followed too close,None Indicated,,Daylight,Dry,Cloudy,None apparent,Intersection:  Four-way intersection,Paved,,Property Damage Only,0,0,0,0,0,0,9000,2,2,,POINT (-93.779651796685 41.614891265247)
2014796839,,04/14/2014,04-April,2-Monday,07:43,0700 Hours,District 2 (Northeast),MARBLE ROCK,FLOYD,,COLLEGE ST & RAILROAD ST,Collision with:  Vehicle in traffic,On Roadway,Broadside (front to side),FTYROW:  From yield sign,None Indicated,,Daylight,Ice/frost,Snow,None apparent,Intersection:  Four-way intersection,Paved,,Possible/Unknown,0,1,0,0,1,0,6000,2,2,,POINT (-92.864094965948 42.963225297538)
2014794874,14-001620,04/14/2014,04-April,2-Monday,10:30,1000 Hours,District 1 (Central),ANKENY,POLK,US 69,US 69/S ANKENY BLVD & SW 3RD ST & SE 3RD ST,Collision with:  Vehicle in traffic,On Roadway,Broadside (front to side),Ran Traffic Signal,None Indicated,,Daylight,Dry,Cloudy,None apparent,Intersection:  Four-way intersection,Paved,,Property Damage Only,0,0,0,0,0,0,4000,2,2,,POINT (-93.600367019754 41.729619283243)
2014794642,1404141-A,04/14/2014,04-April,2-Monday,07:57,0700 Hours,District 4 (Southwest),RED OAK,MONTGOMERY,,SUMMIT ST & 8TH ST,Collision with:  Vehicle in traffic,On Roadway,Rear-end (front to rear),Driving too fast for conditions,None Indicated,,Daylight,Ice/frost,Cloudy,"Surface condition (e.g., wet, icy)",Non-intersection:  Non-junction/no special feature,Paved,,Property Damage Only,0,0,0,0,0,0,1900,2,4,,POINT (-95.223240132271 41.016449667334)
2014796666,2014023296,04/14/2014,04-April,2-Monday,15:45,1500 Hours,District 5 (Southeast),SIGOURNEY,KEOKUK,IA 92,IA 92/W JACKSON ST,Collision with:  Vehicle in traffic,On Roadway,"Sideswipe, opposite direction",Unknown,None Indicated,,Daylight,Dry,Clear,None apparent,Intersection:  T-intersection,Paved,,Property Damage Only,0,0,0,0,0,0,1500,2,2,,POINT (-92.212057177504 41.336794745363)
2014794562,20141247,04/14/2014,04-April,2-Monday,03:15,0300 Hours,District 1 (Central),,GRUNDY,US 20,US 20,Non-collision events:  Jackknife,On Roadway,Non-collision (single vehicle),Ran off road - right,None Indicated,,Dark - roadway not lighted,Snow,Snow,"Surface condition (e.g., wet, icy)",Non-intersection:  Non-junction/no special feature,Paved,,Property Damage Only,0,0,0,0,0,0,6000,1,1,,POINT (-92.781268277407 42.462776295344)
2014795006,201401582,04/14/2014,04-April,2-Monday,16:21,1600 Hours,District 1 (Central),,BOONE,US 30,US 30/220TH ST,Collision with fixed object:  Ditch,On Roadway,Non-collision (single vehicle),Ran off road - left,None Indicated,,Daylight,Dry,Cloudy,None apparent,Non-intersection:  Non-junction/no special feature,Paved,,Property Damage Only,0,0,0,0,0,0,2000,1,1,,POINT (-93.944383691112 42.034273864055)
2014814087,2014-3966,04/14/2014,04-April,2-Monday,05:50,0500 Hours,District 2 (Northeast),FOREST CITY,HANCOCK,,,Collision with:  Vehicle in traffic,On Roadway,Head-on (front to front),Lost Control,None Indicated,,Dark - roadway not lighted,Ice/frost,Severe winds,"Surface condition (e.g., wet, icy)",Non-intersection:  Non-junction/no special feature,,,Possible/Unknown,0,1,0,0,1,0,7500,2,2,,POINT (-96.643700149993 40.233091251414)
2014794897,14-014404,04/14/2014,04-April,2-Monday,07:22,0700 Hours,District 4 (Southwest),COUNCIL BLUFFS,POTTAWATTAMIE,,S 35TH ST,Collision with:  Vehicle in traffic,On Roadway,Rear-end (front to rear),Driving too fast for conditions,None Indicated,,Dawn,Ice/frost,Snow,"Surface condition (e.g., wet, icy)",Non-intersection:  Non-junction/no special feature,Paved,,Property Damage Only,0,0,0,0,0,0,3500,2,3,,POINT (-95.899146308057 41.242380628789)
2014795288,W14-036150,04/14/2014,04-April,2-Monday,06:28,0600 Hours,District 2 (Northeast),WATERLOO,BLACK HAWK,,E MITCHELL AVE & MINNESOTA ST,Collision with:  Vehicle in traffic,On Roadway,Broadside (front to side),FTYROW:  From stop sign,None Indicated,,Daylight,Wet,Snow,Traffic control obscured,Intersection:  Four-way intersection,Paved,,Property Damage Only,0,0,0,0,0,0,2750,2,3,,POINT (-92.330059587562 42.476652320692)