Iowa DOT Case Number,Law Enforcement Case Number,Date of Crash,Month of Crash,Day of Week,Time of Crash,Hour,DOT District,City Name,County Name,Route with System,Location Description,First Harmful Event,Location of First Harmful Event,Manner of Crash/Collision,Major Cause,Drug or Alcohol ,Environmental Conditions,Light Conditions,Surface Conditions,Weather Conditions,Roadway Contribution,Roadway Type,Roadway Surface,Work Zone,Crash Severity,Number of Fatalities,Number of Injuries,Number of Major Injuries,Number of Minor Injuries,Number of Possible Injuries,Number of Unknown Injuries,Amount of Property Damage,Number of Vehicles Involved,Total Number of Occupants,Travel Direction,Location
2014796491,14078,04/16/2014,04-April,4-Wednesday,16:00,1600 Hours,District 5 (Southeast),PELLA,MARION,,BROADWAY ST,Collision with:  Vehicle in traffic,On Roadway,Broadside (front to side),FTYROW:  From parked position,None Indicated,,Daylight,Dry,Cloudy,None apparent,Non-intersection:  Non-junction/no special feature,Paved,,Property Damage Only,0,0,0,0,0,0,2200,2,2,,POINT (-92.918319120941 41.407542773804)
2014795706,2014023801,04/16/2014,04-April,4-Wednesday,22:20,2200 Hours,District 6 (East Central),,IOWA,I-80,I-80,Collision with fixed object:  Guardrail - face,Median,Non-collision (single vehicle),Swerving/Evasive Action,None Indicated,,Dark - roadway not lighted,Dry,Clear,None apparent,Non-intersection:  Non-junction/no special feature,Paved,,Property Damage Only,0,0,0,0,0,0,143262,1,1,,POINT (-92.154007112314 41.695909362675)
2014795171,CL14001112,04/16/2014,04-April,4-Wednesday,16:00,1600 Hours,District 6 (East Central),CLINTON,CLINTON,US 30,US 30/S 3RD ST/8TH AVE S & US 67,Collision with:  Vehicle in traffic,On Roadway,Rear-end (front to rear),Driver Distraction:  Passenger,None Indicated,,Daylight,Dry,Clear,None apparent,Non-intersection:  Non-junction/no special feature,Paved,,Property Damage Only,0,0,0,0,0,0,4000,2,4,,POINT (-90.190722416659 41.837812867239)
2014795380,14-7001,04/16/2014,04-April,4-Wednesday,16:08,1600 Hours,District 6 (East Central),BETTENDORF,SCOTT,US 67,US 67/STATE ST/GRANT ST & 26TH ST,Collision with:  Vehicle in traffic,On Roadway,Rear-end (front to rear),Other (explain in narrative):  Other,None Indicated,,Daylight,Dry,Cloudy,None apparent,Non-intersection:  Non-junction/no special feature,Paved,,Property Damage Only,0,0,0,0,0,0,2700,2,2,,POINT (-90.496802055878 41.52581711565)
2014813659,S79140121,04/16/2014,04-April,4-Wednesday,12:02,1200 Hours,District 1 (Central),,POWESHIEK,,165TH ST,Collision with:  Vehicle in traffic,On Roadway,Head-on (front to front),Unknown,None Indicated,,Daylight,"Mud, dirt",Clear,None apparent,Non-intersection:  Non-junction/no special feature,Unpaved,,Property Damage Only,0,0,0,0,0,0,4250,2,4,,POINT (-92.464819411858 41.7536478792)
2014795221,20140010117,04/16/2014,04-April,4-Wednesday,12:38,1200 Hours,District 1 (Central),DES MOINES,POLK,US 69,US 69/SE 14TH ST,Collision with:  Vehicle in traffic,On Roadway,Rear-end (front to rear),Followed too close,None Indicated,,Daylight,Dry,Clear,None apparent,Non-intersection:  Non-junction/no special feature,Paved,,Possible/Unknown,0,2,0,0,2,0,8000,4,4,,POINT (-93.596827251249 41.539090729805)
2014798993,14-5229,04/16/2014,04-April,4-Wednesday,19:29,1900 Hours,District 3 (Northwest),SPENCER,CLAY,US 18,US 18/N GRAND AVE,Collision with:  Vehicle in traffic,On Roadway,Rear-end (front to rear),Followed too close,None Indicated,,Daylight,Wet,Rain,None apparent,Non-intersection:  Non-junction/no special feature,Paved,,Property Damage Only,0,0,0,0,0,0,1800,2,2,,POINT (-95.144459808538 43.138145804063)
2014795158,14005296,04/16/2014,04-April,4-Wednesday,21:32,2100 Hours,District 5 (Southeast),,APPANOOSE,IA 5,IA 5/IOWA 5 & Co Rd J18/HWY J18,Collision with:  Vehicle in traffic,On Roadway,Broadside (front to side),FTYROW:  Making left turn,None Indicated,,Dark - roadway lighted,Dry,Clear,None apparent,Intersection:  Four-way intersection,Paved,,Property Damage Only,0,0,0,0,0,0,3500,2,3,,POINT (-92.831097928737 40.892406471591)
2014795886,,04/16/2014,04-April,4-Wednesday,09:40,0900 Hours,District 6 (East Central),CEDAR RAPIDS,LINN,,18TH ST SW & WRIGHT BROTHERS BLVD SW,Collision with:  Vehicle in traffic,On Roadway,Broadside (front to side),Unknown,None Indicated,,Daylight,Dry,Clear,,Intersection:  Five points or more,Paved,,Property Damage Only,0,0,0,0,0,0,10000,2,3,,POINT (-91.695602200974 41.892371244192)
2014795310,C14001165,04/16/2014,04-April,4-Wednesday,19:52,1900 Hours,District 6 (East Central),CORALVILLE,JOHNSON,,10TH AVE,Collision with:  Parked motor vehicle,On Roadway,Unknown,Improper Backing,None Indicated,,Daylight,Dry,Clear,None apparent,Non-intersection:  Non-junction/no special feature,Paved,,Property Damage Only,0,0,0,0,0,0,4000,2,2,,POINT (-91.578097821312 41.678976736092)
2014795797,2014-7432,04/16/2014,04-April,4-Wednesday,12:31,1200 Hours,District 6 (East Central),,SCOTT,US 67,US 67/GREAT RIVER RD,Collision with:  Vehicle in traffic,On Roadway,Broadside (front to side),FTYROW:  From stop sign,None Indicated,,Daylight,Dry,Clear,None apparent,Intersection:  Four-way intersection,Paved,,Major Injury,0,3,1,0,2,0,17000,2,4,,POINT (-90.429189082342 41.567131433812)
2014829738,A390414-0939,04/16/2014,04-April,4-Wednesday,23:10,2300 Hours,District 4 (Southwest),BAYARD,GUTHRIE,IA 25,IA 25/IOWA 25 & 2ND ST,Collision with fixed object:  Ditch,Roadside,Non-collision (single vehicle),"Operating vehicle in an reckless, erratic, careless, negligent manner",None Indicated,,Dark - roadway not lighted,Dry,Clear,None apparent,Intersection:  T-intersection,Paved,,Possible/Unknown,0,1,0,0,0,1,8000,1,1,,POINT (-94.551382784766 41.850940967938)
2014797021,2014-23375,04/16/2014,04-April,4-Wednesday,13:21,1300 Hours,District 6 (East Central),DAVENPORT,SCOTT,,E 59TH ST,Collision with:  Vehicle in traffic,On Roadway,"Sideswipe, same direction",Other (explain in narrative):  Other,None Indicated,,Daylight,Dry,Clear,None apparent,Non-intersection:  Non-junction/no special feature,Paved,,Property Damage Only,0,0,0,0,0,0,3500,2,3,,POINT (-90.568167456388 41.579955551967)
2014795393,14-11382,04/16/2014,04-April,4-Wednesday,07:49,0700 Hours,District 3 (Northwest),SIOUX CITY,WOODBURY,,3RD ST & VIRGINIA ST,Collision with:  Vehicle in traffic,On Roadway,Head-on (front to front),FTYROW:  From stop sign,None Indicated,,Daylight,Dry,Cloudy,None apparent,Intersection:  Four-way intersection,Paved,,Property Damage Only,0,0,0,0,0,0,8000,2,5,,POINT (-96.39787029156 42.493123112072)
2014795243,2014-23466,04/16/2014,04-April,4-Wednesday,19:03,1900 Hours,District 6 (East Central),DAVENPORT,SCOTT,,FEDERAL ST & LE CLAIRE ST,Collision with fixed object:  Guardrail - face,Outside trafficway,Non-collision (single vehicle),"Operating vehicle in an reckless, erratic, careless, negligent manner",None Indicated,,Dusk,Dry,Cloudy,None apparent,Non-intersection:  Non-junction/no special feature,Paved,,Property Damage Only,0,0,0,0,0,0,3500,1,1,,POINT (-90.568252543037 41.525252575406)
2014810976,14-02550,04/16/2014,04-April,4-Wednesday,10:59,1000 Hours,District 2 (Northeast),OELWEIN,FAYETTE,,1ST ST SE & 8TH AVE SE,Collision with:  Vehicle in traffic,On Roadway,"Angle, oncoming left turn",Ran Stop Sign,None Indicated,,Daylight,Dry,Cloudy,None apparent,Intersection:  Four-way intersection,Paved,,Property Damage Only,0,0,0,0,0,0,5000,2,2,,POINT (-91.90261017463 42.67699159589)
2014796428,14-150416-01,04/16/2014,04-April,4-Wednesday,20:40,2000 Hours,District 6 (East Central),,IOWA,,Co Rd F15/F15 BLVD,Collision with:  Animal,,,Animal,None Indicated,,,,,,,Paved,,Property Damage Only,0,0,0,0,0,0,2500,1,1,,POINT (-92.007926062948 41.810488785914)
2014796708,2014023580,04/16/2014,04-April,4-Wednesday,01:14,0100 Hours,District 4 (Southwest),,HARRISON,I-29,I-29,Collision with:  Animal,,,Animal,None Indicated,,,,,,,Paved,,Property Damage Only,0,0,0,0,0,0,3000,1,1,,POINT (-96.065933044415 41.813511412084)
2014795163,W14-037112,04/16/2014,04-April,4-Wednesday,20:20,2000 Hours,District 2 (Northeast),WATERLOO,BLACK HAWK,,OSAGE RD,Collision with fixed object:  Ditch,On Roadway,Non-collision (single vehicle),Ran off road - right,Alcohol (Statutory),,Dark - roadway not lighted,Dry,Cloudy,None apparent,Non-intersection:  Non-junction/no special feature,Paved,,Property Damage Only,0,0,0,0,0,0,20000,1,2,,POINT (-92.297557043203 42.483851527153)
2014795120,14-1107,04/16/2014,04-April,4-Wednesday,09:25,0900 Hours,District 1 (Central),FORT DODGE,WEBSTER,,KENYON RD & AVE B,Collision with:  Other non-fixed object (explain in narrative),On Roadway,Non-collision (single vehicle),Equipment failure,None Indicated,,Daylight,Dry,Cloudy,None apparent,Non-intersection:  Other non-intersection (explain in narrative),Paved,,Property Damage Only,0,0,0,0,0,0,3500,2,2,,POINT (-94.189129193524 42.494073146426)
2014795382,H14-0024,04/16/2014,04-April,4-Wednesday,11:45,1100 Hours,District 1 (Central),HUXLEY,STORY,,W 3RD ST,Collision with:  Parked motor vehicle,On Roadway,Unknown,Other (explain in narrative):  Other,None Indicated,,Daylight,Dry,Clear,None apparent,Non-intersection:  Non-junction/no special feature,Paved,,Property Damage Only,0,0,0,0,0,0,5000,2,2,,POINT (-93.606848666093 41.894240495874)
2014795242,2014-23390,04/16/2014,04-April,4-Wednesday,14:04,1400 Hours,District 6 (East Central),DAVENPORT,SCOTT,US 6,US 6/W KIMBERLY RD,Collision with:  Vehicle in traffic,On Roadway,Broadside (front to side),FTYROW:  From stop sign,None Indicated,,Daylight,Dry,Clear,None apparent,Intersection:  Four-way intersection,Paved,,Property Damage Only,0,0,0,0,0,0,3300,2,5,,POINT (-90.609861433982 41.560124646726)
2014795395,14-11386,04/16/2014,04-April,4-Wednesday,08:45,0800 Hours,District 3 (Northwest),SIOUX CITY,WOODBURY,,18TH ST & SUMMIT ST,Collision with:  Vehicle in traffic,On Roadway,Broadside (front to side),Ran Stop Sign,None Indicated,,Daylight,Dry,Cloudy,None apparent,Intersection:  Four-way intersection,Paved,,Possible/Unknown,0,3,0,0,3,0,5000,2,4,,POINT (-96.409572043951 42.509172325732)
2014795069,20140010109,04/16/2014,04-April,4-Wednesday,11:30,1100 Hours,District 1 (Central),DES MOINES,POLK,IA 163,IA 163/E UNIVERSITY AVE & HUBBELL AVE,Collision with:  Vehicle in traffic,On Roadway,Broadside (front to side),Unknown,None Indicated,,Daylight,Dry,Clear,None apparent,Intersection:  Four-way intersection,Paved,,Property Damage Only,0,0,0,0,0,0,4500,2,2,,POINT (-93.578528969717 41.600505864068)
2014795761,20140010130,04/16/2014,04-April,4-Wednesday,14:48,1400 Hours,District 1 (Central),DES MOINES,POLK,US 69,US 69/JOHNSON CT & E COURT AVE,Collision with:  Vehicle in traffic,On Roadway,Broadside (front to side),Ran Traffic Signal,None Indicated,,Daylight,Dry,Clear,None apparent,Intersection:  Four-way intersection,Paved,,Possible/Unknown,0,1,0,0,1,0,2500,2,2,,POINT (-93.595241454469 41.589692918566)
2014795377,14-7394,04/16/2014,04-April,4-Wednesday,01:27,0100 Hours,District 6 (East Central),,SCOTT,,200 ST,Collision with fixed object:  Ditch,Shoulder,Non-collision (single vehicle),Swerving/Evasive Action,None Indicated,,Dark - roadway not lighted,Dry,Clear,None apparent,Non-intersection:  Non-junction/no special feature,Paved,,Property Damage Only,0,0,0,0,0,0,2000,1,1,,POINT (-90.72244317803 41.59641935394)
2014795224,20130010131,04/16/2014,04-April,4-Wednesday,14:42,1400 Hours,District 1 (Central),DES MOINES,POLK,I-235,I-235 & US 69/E 15TH ST & LYON ST,Collision with:  Non-motorist (see non-motorist section - NOT a unit),On Roadway,Non-collision (single vehicle),Other (explain in narrative):  No improper action,None Indicated,,Daylight,Dry,Cloudy,None apparent,Intersection:  Four-way intersection,Paved,,Minor Injury,0,2,0,2,0,0,800,1,1,,POINT (-93.596103775181 41.596047569039)
2014795394,14-11383,04/16/2014,04-April,4-Wednesday,08:24,0800 Hours,District 3 (Northwest),SIOUX CITY,WOODBURY,US 20,US 20,Collision with:  Vehicle in traffic,On Roadway,Rear-end (front to rear),Followed too close,None Indicated,,Daylight,Dry,Cloudy,None apparent,Non-intersection:  Non-junction/no special feature,Paved,,Possible/Unknown,0,1,0,0,1,0,4000,2,2,,POINT (-96.364996719521 42.445082421338)
2014795335,14-001656,04/16/2014,04-April,4-Wednesday,13:45,1300 Hours,District 1 (Central),ANKENY,POLK,US 69,US 69/S ANKENY BLVD & SW 3RD ST & SE 3RD ST,Collision with:  Vehicle in traffic,On Roadway,Broadside (front to side),Ran Traffic Signal,None Indicated,,Daylight,Dry,Severe winds,None apparent,Intersection:  Four-way intersection,Paved,,Property Damage Only,0,0,0,0,0,0,8000,2,2,,POINT (-93.600367019754 41.729619283243)
2014795671,2014-07782,04/16/2014,04-April,4-Wednesday,14:21,1400 Hours,District 5 (Southeast),INDIANOLA,WARREN,IA 92,IA 92/E 2ND AVE,Collision with:  Vehicle in traffic,On Roadway,Rear-end (front to rear),Followed too close,None Indicated,,Daylight,Dry,Clear,None apparent,Non-intersection:  Non-junction/no special feature,Paved,,Possible/Unknown,0,1,0,0,0,1,6500,2,2,,POINT (-93.559641814646 41.358335440297)
2014801018,A390414-0936,04/16/2014,04-April,4-Wednesday,21:46,2100 Hours,District 4 (Southwest),,GUTHRIE,IA 25,IA 25/IOWA 25,Collision with:  Animal,,,Animal,None Indicated,,,,,,,Paved,,Property Damage Only,0,0,0,0,0,0,10000,1,1,,POINT (-94.501830921424 41.638627018743)
2014795400,14-11462,04/16/2014,04-April,4-Wednesday,20:44,2000 Hours,District 3 (Northwest),SIOUX CITY,WOODBURY,IA 12,IA 12/SIOUX RIVER RD,Collision with:  Animal,,,Animal,None Indicated,,,,,,,Paved,,Property Damage Only,0,0,0,0,0,0,1700,1,1,,POINT (-96.476146025714 42.552633124458)
2014796878,01-14-15838,04/16/2014,04-April,4-Wednesday,16:17,1600 Hours,District 6 (East Central),DUBUQUE,DUBUQUE,,CLARKE DR,Collision with:  Parked motor vehicle,On Roadway,"Sideswipe, same direction",Lost Control,Drug,,Daylight,Dry,Cloudy,None apparent,Non-intersection:  Non-junction/no special feature,Paved,,Property Damage Only,0,0,0,0,0,0,4000,3,1,,POINT (-90.679636093812 42.510841727451)
2014795211,04-14-088,04/16/2014,04-April,4-Wednesday,11:45,1100 Hours,District 3 (Northwest),LE MARS,PLYMOUTH,,6TH ST SW & 5TH AVE SW,Collision with:  Vehicle in traffic,On Roadway,Broadside (front to side),FTYROW:  At uncontrolled intersection,None Indicated,,Daylight,Dry,Cloudy,None apparent,Intersection:  Four-way intersection,Paved,,Property Damage Only,0,0,0,0,0,0,3000,2,2,,POINT (-96.173760121457 42.785844450381)
2014795234,14-014732,04/16/2014,04-April,4-Wednesday,19:45,1900 Hours,District 4 (Southwest),COUNCIL BLUFFS,POTTAWATTAMIE,,WILLOW AVE & S MAIN ST,Collision with:  Vehicle in traffic,On Roadway,Broadside (front to side),Other (explain in narrative):  No improper action,None Indicated,,Dusk,Dry,Clear,None apparent,Intersection:  Four-way intersection,Paved,,Property Damage Only,0,0,0,0,0,0,1750,2,3,,POINT (-95.850405708285 41.258350979419)
2014795175,142606,04/16/2014,04-April,4-Wednesday,07:45,0700 Hours,District 4 (Southwest),,DALLAS,,Co Rd F60/OLD HWY 6,Collision with:  Animal,,,Animal,None Indicated,,,,,,,Paved,,Property Damage Only,0,0,0,0,0,0,2500,1,1,,POINT (-94.085603737377 41.60044762561)
2014795414,14-002131,04/16/2014,04-April,4-Wednesday,13:18,1300 Hours,District 2 (Northeast),ALGONA,KOSSUTH,,E COMMERCIAL ST & N MAIN ST,Collision with:  Vehicle in traffic,On Roadway,Broadside (front to side),Lost Control,None Indicated,,Daylight,Dry,Cloudy,None apparent,Non-intersection:  Non-junction/no special feature,Paved,,Property Damage Only,0,0,0,0,0,0,3000,2,3,,POINT (-94.217978630556 43.075690666649)
2014795300,01-14-15856,04/16/2014,04-April,4-Wednesday,17:44,1700 Hours,District 6 (East Central),DUBUQUE,DUBUQUE,US 52,US 52/E 9TH ST & JACKSON ST,Collision with:  Vehicle in traffic,On Roadway,Broadside (front to side),Ran Stop Sign,None Indicated,,Daylight,Dry,Clear,None apparent,Intersection:  Four-way intersection,Paved,,Property Damage Only,0,0,0,0,0,0,9000,2,3,,POINT (-90.663587239476 42.502852060183)
2014795316,2014004104,04/16/2014,04-April,4-Wednesday,20:53,2000 Hours,District 6 (East Central),IOWA CITY,JOHNSON,,HEINZ RD,Collision with:  Vehicle in traffic,Outside trafficway,Unknown,Unknown,None Indicated,,Dark - roadway lighted,Dry,Clear,None apparent,Non-intersection:  Non-junction/no special feature,Paved,,Property Damage Only,0,0,0,0,0,0,1501,2,2,,POINT (-91.489044948141 41.63602152783)
2014795230,14-0298,04/16/2014,04-April,4-Wednesday,07:35,0700 Hours,District 1 (Central),WINDSOR HEIGHTS,POLK,,SCHOOL ST & 64TH ST,Collision with:  Vehicle in traffic,On Roadway,"Angle, oncoming left turn",Over correcting/over steering,None Indicated,,Daylight,Dry,Clear,None apparent,Non-intersection:  Non-junction/no special feature,Paved,,Property Damage Only,0,0,0,0,0,0,2500,2,3,,POINT (-93.705191759782 41.595376150154)
2014795220,20140010087,04/16/2014,04-April,4-Wednesday,05:00,0500 Hours,District 1 (Central),DES MOINES,POLK,,1ST ST,Collision with:  Parked motor vehicle,On Roadway,Unknown,Unknown,None Indicated,,Unknown,Unknown,Clear,None apparent,Non-intersection:  Non-junction/no special feature,Paved,,Property Damage Only,0,0,0,0,0,0,4000,2,1,,POINT (-93.618727668508 41.624273754428)
2014795649,2014-23429,04/16/2014,04-April,4-Wednesday,16:33,1600 Hours,District 6 (East Central),DAVENPORT,SCOTT,,E LOCUST ST & LORTON AVE,Collision with:  Vehicle in traffic,On Roadway,Rear-end (front to rear),Followed too close,None Indicated,,Daylight,Dry,Clear,None apparent,Non-intersection:  Non-junction/no special feature,Paved,,Possible/Unknown,0,1,0,0,1,0,5500,3,4,,POINT (-90.536999009467 41.538447903504)
2014795249,14-004113,04/16/2014,04-April,4-Wednesday,20:31,2000 Hours,District 1 (Central),GARWIN,TAMA,,H AVE,Collision with:  Animal,,Non-collision (single vehicle),Animal,None Indicated,,,,,,,Unpaved,,Property Damage Only,0,0,0,0,0,0,15000,1,1,,POINT (-92.630186555125 42.135563196462)
2014795055,SO14000891,04/16/2014,04-April,4-Wednesday,05:35,0500 Hours,District 3 (Northwest),,PLYMOUTH,IA 3,IA 3/IOWA 3 & 190TH ST,Collision with:  Animal,On Roadway,Non-collision (single vehicle),Animal,None Indicated,,Dark - roadway not lighted,Dry,Clear,None apparent,Non-intersection:  Non-junction/no special feature,Paved,,Property Damage Only,0,0,0,0,0,0,5000,1,2,,POINT (-96.594604973927 42.779507271628)
2014795233,14-014722,04/16/2014,04-April,4-Wednesday,17:40,1700 Hours,District 4 (Southwest),COUNCIL BLUFFS,POTTAWATTAMIE,US 6,US 6/KANESVILLE BLVD,Collision with:  Vehicle in traffic,On Roadway,Rear-end (front to rear),Followed too close,None Indicated,,Daylight,Dry,Clear,None apparent,Non-intersection:  Non-junction/no special feature,Paved,,Property Damage Only,0,0,0,0,0,0,4050,2,5,,POINT (-95.854316860833 41.261829529905)
2014795638,2014-23487,04/16/2014,04-April,4-Wednesday,21:16,2100 Hours,District 6 (East Central),DAVENPORT,SCOTT,US 67,US 67/W RIVER DR & IA 461/HARRISON ST,Collision with:  Vehicle in traffic,On Roadway,Broadside (front to side),Ran Traffic Signal,None Indicated,,Dark - roadway lighted,Dry,Cloudy,None apparent,Intersection:  Four-way intersection,Paved,,Property Damage Only,0,0,0,0,0,0,10000,2,4,,POINT (-90.577033319436 41.520223295718)
2014795203,201405297,04/16/2014,04-April,4-Wednesday,17:16,1700 Hours,District 6 (East Central),CEDAR RAPIDS,LINN,US 30,US 30/NE RAMP/NW RAMP & EDGEWOOD RD SW,Collision with:  Vehicle in traffic,On Roadway,Rear-end (front to rear),Lost Control,None Indicated,,Daylight,Dry,Cloudy,None apparent,Intersection:  Intersection with ramp,Paved,,Property Damage Only,0,0,0,0,0,0,6500,2,2,,POINT (-91.715912267916 41.940542050976)
2014795268,14-002147,04/17/2014,04-April,5-Thursday,08:51,0800 Hours,District 2 (Northeast),ALGONA,KOSSUTH,US 169,US 169/N JONES ST & E CALL ST,Collision with:  Vehicle in traffic,On Roadway,Broadside (front to side),Unknown,None Indicated,,Daylight,Dry,Cloudy,None apparent,Intersection:  Four-way intersection,Paved,,Property Damage Only,0,0,0,0,0,0,10500,2,2,,POINT (-94.232995023243 43.069856792686)
2014796114,14-7049,04/17/2014,04-April,5-Thursday,17:16,1700 Hours,District 6 (East Central),BETTENDORF,SCOTT,,CROW CREEK RD & AMBER CT,Collision with:  Vehicle in traffic,Shoulder,Broadside (front to side),Ran Stop Sign,None Indicated,,Daylight,Dry,Clear,None apparent,Intersection:  T-intersection,Paved,,Property Damage Only,0,0,0,0,0,0,3050,2,4,,POINT (-90.491239037258 41.568331773866)
2014795317,2014004122,04/17/2014,04-April,5-Thursday,00:37,0000 Hours,District 6 (East Central),IOWA CITY,JOHNSON,,E PRENTISS ST & S DUBUQUE ST,Collision with:  Vehicle in traffic,On Roadway,Broadside (front to side),FTYROW:  From stop sign,None Indicated,,Dark - roadway lighted,Dry,Clear,None apparent,Intersection:  Four-way intersection,Paved,,Possible/Unknown,0,2,0,0,2,0,11000,2,5,,POINT (-91.53319439578 41.654409082709)
2014799440,,04/17/2014,04-April,5-Thursday,00:02,0000 Hours,District 4 (Southwest),,FREMONT,,Co Rd J32/190 ST,Collision with fixed object:  Utility pole/light support,Roadside,Non-collision (single vehicle),Crossed centerline (undivided),Alcohol (Statutory),,Dark - roadway not lighted,Dry,Cloudy,None apparent,Non-intersection:  Non-junction/no special feature,Paved,,Minor Injury,0,1,0,1,0,0,20000,1,1,,POINT (-95.448912832541 40.771605948934)
2014795401,14-11500,04/17/2014,04-April,5-Thursday,07:38,0700 Hours,District 3 (Northwest),SIOUX CITY,WOODBURY,,WASHINGTON AVE & S LINN ST,Collision with:  Vehicle in traffic,On Roadway,Broadside (front to side),FTYROW:  From stop sign,None Indicated,,Daylight,Dry,Cloudy,None apparent,Intersection:  Four-way intersection,Paved,,Property Damage Only,0,0,0,0,0,0,4000,2,2,,POINT (-96.37592296495 42.486613856046)
2014796458,14-010775,04/17/2014,04-April,5-Thursday,00:21,0000 Hours,District 5 (Southeast),,LEE,,Co Rd J40/CO RD 103,Collision with:  Animal,,,Animal,None Indicated,,,,,,,Paved,,Property Damage Only,0,0,0,0,0,0,1500,1,1,,POINT (-91.502555806835 40.718924032695)
2014797335,201401204,04/17/2014,04-April,5-Thursday,17:53,1700 Hours,District 6 (East Central),,LINN,,BUNKER HILL RD,Non-collision events:  Overturn/rollover,Roadside,Non-collision (single vehicle),Ran off road - right,None Indicated,,Daylight,"Mud, dirt",Clear,None apparent,Non-intersection:  Non-junction/no special feature,Unpaved,,Minor Injury,0,1,0,1,0,0,3000,1,2,,POINT (-91.562650833837 42.181615721211)
2014795305,01-14-16035,04/17/2014,04-April,5-Thursday,17:15,1700 Hours,District 6 (East Central),DUBUQUE,DUBUQUE,,E 20TH ST,Collision with:  Vehicle in traffic,On Roadway,Rear-end (front to rear),Lost Control,None Indicated,,Daylight,Dry,Clear,None apparent,Non-intersection:  Alley,Paved,,Property Damage Only,0,0,0,0,0,0,2500,2,4,,POINT (-90.66784093507 42.511844896401)
2014795533,2014003559,04/17/2014,04-April,5-Thursday,14:30,1400 Hours,District 1 (Central),MARSHALLTOWN,MARSHALL,IA 14,IA 14/N 3RD AVE & E MARION ST,Collision with:  Vehicle in traffic,On Roadway,Broadside (front to side),FTYROW:  From stop sign,None Indicated,,Daylight,Dry,Clear,None apparent,Intersection:  Four-way intersection,Paved,,Property Damage Only,0,0,0,0,0,0,3500,2,2,,POINT (-92.908090442212 42.056450717496)
2014796598,2014-23715,04/17/2014,04-April,5-Thursday,17:15,1700 Hours,District 6 (East Central),DAVENPORT,SCOTT,,E 12TH ST & JERSEY RIDGE RD,Collision with:  Vehicle in traffic,On Roadway,"Angle, oncoming left turn",FTYROW:  Making left turn,None Indicated,,Daylight,Dry,Clear,None apparent,Intersection:  Four-way intersection,Paved,,Property Damage Only,0,0,0,0,0,0,7000,2,2,,POINT (-90.543495519893 41.532129367502)
2014795304,01-14-16015,04/17/2014,04-April,5-Thursday,15:50,1500 Hours,District 6 (East Central),DUBUQUE,DUBUQUE,US 20,US 20/DODGE ST,Collision with:  Vehicle in traffic,On Roadway,Rear-end (front to rear),Crossed centerline (undivided),None Indicated,,Daylight,Dry,Clear,None apparent,Intersection:  T-intersection,Paved,,Possible/Unknown,0,1,0,0,1,0,3100,2,2,,POINT (-90.728611854918 42.491102301514)
2014795708,,04/17/2014,04-April,5-Thursday,10:25,1000 Hours,District 4 (Southwest),WOODBINE,HARRISON,,9TH ST & ELY ST,Collision with:  Vehicle in traffic,On Roadway,Broadside (front to side),FTYROW:  At uncontrolled intersection,None Indicated,,Daylight,Dry,Cloudy,None apparent,Intersection:  Four-way intersection,Paved,,Property Damage Only,0,0,0,0,0,0,1700,2,2,,POINT (-95.704823447043 41.741212541437)
2014795358,14-1775,04/17/2014,04-April,5-Thursday,16:00,1600 Hours,District 1 (Central),WEST DES MOINES,POLK,I-35,I-35 & GRAND AVE,Collision with:  Vehicle in traffic,On Roadway,Rear-end (front to rear),Other (explain in narrative):  Other,None Indicated,,Daylight,Dry,Clear,Work Zone (roadway-related),Non-intersection:  Non-junction/no special feature,Paved,Yes,Property Damage Only,0,0,0,0,0,0,5000,2,2,,POINT (-93.7706858261 41.541227524503)
2014795529,1400000326,04/17/2014,04-April,5-Thursday,07:10,0700 Hours,District 1 (Central),,MARSHALL,,Co Rd T37/ZELLER AVE,Non-collision events:  Overturn/rollover,Roadside,Non-collision (single vehicle),Ran off road - left,None Indicated,,Daylight,Dry,Cloudy,None apparent,Non-intersection:  Non-junction/no special feature,Unpaved,,Minor Injury,0,1,0,1,0,0,6200,1,1,,POINT (-92.785887597831 42.058620502412)
2014795500,2014004142,04/17/2014,04-April,5-Thursday,18:20,1800 Hours,District 6 (East Central),IOWA CITY,JOHNSON,IA 1,IA 1/DODGE ST & E COLLEGE ST,Collision with:  Vehicle in traffic,On Roadway,Rear-end (front to rear),"Operating vehicle in an reckless, erratic, careless, negligent manner",None Indicated,,Daylight,Dry,Clear,None apparent,Non-intersection:  Non-junction/no special feature,Paved,,Property Damage Only,0,0,0,0,0,0,4000,2,4,,POINT (-91.525729982437 41.658907062569)
2014796702,2014023814,04/17/2014,04-April,5-Thursday,06:45,0600 Hours,District 1 (Central),ALTOONA,POLK,I-80,I-80,Collision with:  Vehicle in traffic,On Roadway,Rear-end (front to rear),Followed too close,None Indicated,,Daylight,Dry,Clear,None apparent,Non-intersection:  Non-junction/no special feature,Paved,,Property Damage Only,0,0,0,0,0,0,1700,3,3,,POINT (-93.515842699548 41.660891286429)
2014795302,01-14-16003,04/17/2014,04-April,5-Thursday,13:45,1300 Hours,District 6 (East Central),DUBUQUE,DUBUQUE,,FRONTAGE RD & CEDAR CROSS RD,Collision with:  Vehicle in traffic,On Roadway,Rear-end (front to rear),Lost Control,None Indicated,,Daylight,Dry,Clear,None apparent,Non-intersection:  Non-junction/no special feature,Paved,,Property Damage Only,0,0,0,0,0,0,1600,2,5,,POINT (-90.714734186515 42.491942939231)
2014795290,14006421,04/17/2014,04-April,5-Thursday,16:48,1600 Hours,District 2 (Northeast),,BREMER,US 63,US 63 & IVANHOE ST & 250TH ST,Collision with:  Vehicle in traffic,On Roadway,Broadside (front to side),FTYROW:  From stop sign,None Indicated,,Daylight,Dry,Clear,None apparent,Intersection:  Four-way intersection,Paved,,Possible/Unknown,0,2,0,0,2,0,20000,2,2,,POINT (-92.337447095281 42.685852637316)