Iowa DOT Case Number,Law Enforcement Case Number,Date of Crash,Month of Crash,Day of Week,Time of Crash,Hour,DOT District,City Name,County Name,Route with System,Location Description,First Harmful Event,Location of First Harmful Event,Manner of Crash/Collision,Major Cause,Drug or Alcohol ,Environmental Conditions,Light Conditions,Surface Conditions,Weather Conditions,Roadway Contribution,Roadway Type,Roadway Surface,Work Zone,Crash Severity,Number of Fatalities,Number of Injuries,Number of Major Injuries,Number of Minor Injuries,Number of Possible Injuries,Number of Unknown Injuries,Amount of Property Damage,Number of Vehicles Involved,Total Number of Occupants,Travel Direction,Location
2014795556,20140010320,04/18/2014,04-April,6-Friday,14:07,1400 Hours,District 1 (Central),DES MOINES,POLK,IA 28,IA 28/63RD ST & PARK AVE,Collision with:  Vehicle in traffic,On Roadway,Rear-end (front to rear),Followed too close,Alcohol (Statutory),,Daylight,Dry,Clear,None apparent,Intersection:  T-intersection,Paved,,Possible/Unknown,0,2,0,0,2,0,16000,3,4,,POINT (-93.703511727057 41.555565377316)
2014800655,0418148A,04/18/2014,04-April,6-Friday,23:55,2300 Hours,District 4 (Southwest),,PAGE,,T AVE,Collision with fixed object:  Ditch,On Roadway,Non-collision (single vehicle),Exceeded authorized speed,None Indicated,,Dark - roadway not lighted,Dry,Cloudy,"Surface condition (e.g., wet, icy)",Non-intersection:  Non-junction/no special feature,Paved,,Minor Injury,0,1,0,1,0,0,6300,1,2,,POINT (-95.009910767051 40.661394864201)
2014795560,20140010331,04/18/2014,04-April,6-Friday,15:49,1500 Hours,District 1 (Central),DES MOINES,POLK,,BEAVER AVE,Collision with:  Vehicle in traffic,On Roadway,Rear-end (front to rear),Followed too close,None Indicated,,Daylight,Dry,Cloudy,None apparent,Non-intersection:  Non-junction/no special feature,Paved,,Property Damage Only,0,0,0,0,0,0,6000,2,3,,POINT (-93.678023961394 41.629541770019)
2014795537,2014003585,04/18/2014,04-April,6-Friday,08:28,0800 Hours,District 1 (Central),MARSHALLTOWN,MARSHALL,,E MAIN ST & S 7TH AVE & N 7TH AVE,Collision with:  Vehicle in traffic,On Roadway,Rear-end (front to rear),Followed too close,Refused,,Daylight,Dry,Clear,None apparent,Intersection:  Four-way intersection,Paved,,Possible/Unknown,0,1,0,0,1,0,2500,2,2,,POINT (-92.901539271301 42.0491949846)
2014795452,CL14001141,04/18/2014,04-April,6-Friday,15:29,1500 Hours,District 6 (East Central),CLINTON,CLINTON,US 30,US 30/CAMANCHE AVE,Collision with:  Vehicle in traffic,On Roadway,Rear-end (front to rear),Followed too close,None Indicated,,Daylight,Dry,Clear,None apparent,Non-intersection:  Non-junction/no special feature,Paved,,Possible/Unknown,0,1,0,0,1,0,5000,2,2,,POINT (-90.211507669053 41.822847885688)
2014795518,14007771,04/18/2014,04-April,6-Friday,14:40,1400 Hours,District 6 (East Central),MARION,LINN,,7TH AVE,Collision with:  Vehicle in traffic,On Roadway,Broadside (front to side),Ran Traffic Signal,None Indicated,,Daylight,Dry,Clear,None apparent,Intersection:  Four-way intersection,Paved,,Possible/Unknown,0,1,0,0,1,0,13000,2,2,,POINT (-91.603181681201 42.033324652891)
2014795328,201405370,04/18/2014,04-April,6-Friday,00:02,0000 Hours,District 6 (East Central),CEDAR RAPIDS,LINN,,KIRKWOOD BLVD SW,Collision with fixed object:  Utility pole/light support,Outside trafficway,Non-collision (single vehicle),Ran off road - right,Under Influence of Alcohol/Drugs/Medications,,Dark - roadway lighted,Dry,Cloudy,None apparent,Non-intersection:  Non-junction/no special feature,Paved,,Minor Injury,0,1,0,1,0,0,20000,1,1,,POINT (-91.6566533003 41.916627121325)
2014795573,20140010369,04/18/2014,04-April,6-Friday,20:00,2000 Hours,District 1 (Central),DES MOINES,POLK,,E GRAND AVE & E 18TH ST,Collision with:  Vehicle in traffic,On Roadway,Unknown,Unknown,None Indicated,,Daylight,Dry,Clear,Unknown,Non-intersection:  Non-junction/no special feature,Paved,,Property Damage Only,0,0,0,0,0,0,1500,2,3,,POINT (-93.587111837669 41.595535390741)
2014795561,20140010350,04/18/2014,04-April,6-Friday,18:34,1800 Hours,District 1 (Central),DES MOINES,POLK,I-235,I-235 & 19TH ST,Collision with:  Vehicle in traffic,On Roadway,Rear-end (front to rear),Followed too close,None Indicated,,Daylight,Dry,Clear,None apparent,Non-intersection:  Non-junction/no special feature,Paved,,Property Damage Only,0,0,0,0,0,0,3500,2,2,,POINT (-93.642531341397 41.596373932253)
2014796165,201400018557,04/18/2014,04-April,6-Friday,16:42,1600 Hours,District 5 (Southeast),OTTUMWA,WAPELLO,IA 149,IA 149/WAPELLO ST & W 4TH ST,Collision with:  Vehicle in traffic,On Roadway,Broadside (front to side),FTYROW:  Making left turn,None Indicated,,Daylight,Dry,Clear,None apparent,Intersection:  Four-way intersection,Paved,,Property Damage Only,0,0,0,0,0,0,2500,2,3,,POINT (-92.41421468615 41.022238536537)
2014795801,14-7084,04/18/2014,04-April,6-Friday,09:29,0900 Hours,District 6 (East Central),BETTENDORF,SCOTT,,18TH ST,Collision with:  Vehicle in traffic,On Roadway,Broadside (front to side),FTYROW:  From stop sign,None Indicated,,Daylight,Dry,Clear,None apparent,Intersection:  T-intersection,Paved,,Property Damage Only,0,0,0,0,0,0,4000,2,3,,POINT (-90.497737443646 41.564024348565)
2014797581,C14001191,04/18/2014,04-April,6-Friday,11:00,1100 Hours,District 6 (East Central),CORALVILLE,JOHNSON,US 6,US 6/2ND ST,Collision with:  Vehicle in traffic,On Roadway,Broadside (front to side),FTYROW:  Making left turn,None Indicated,,Daylight,Dry,Clear,None apparent,Non-intersection:  Driveway access (within),Paved,,Property Damage Only,0,0,0,0,0,0,3000,2,3,,POINT (-91.602116373799 41.684972769022)
2014795477,01-14-16164,04/18/2014,04-April,6-Friday,13:16,1300 Hours,District 6 (East Central),DUBUQUE,DUBUQUE,,JOHN F KENNEDY RD,Collision with:  Vehicle in traffic,On Roadway,Head-on (front to front),FTYROW:  From driveway,None Indicated,,Daylight,Dry,Clear,None apparent,Non-intersection:  Driveway access (within),Paved,,Property Damage Only,0,0,0,0,0,0,2500,2,5,,POINT (-90.721384844856 42.504817852122)
2014795332,1404181-A,04/18/2014,04-April,6-Friday,11:51,1100 Hours,District 4 (Southwest),RED OAK,MONTGOMERY,US 34,US 34 & 4TH ST,Collision with:  Vehicle in traffic,On Roadway,Rear-end (front to rear),Followed too close,None Indicated,,Daylight,Dry,Clear,None apparent,Intersection:  Four-way intersection,Paved,,Property Damage Only,0,0,0,0,0,0,25400,3,3,,POINT (-95.228092187321 41.025975676424)
2014796014,,04/18/2014,04-April,6-Friday,13:15,1300 Hours,District 6 (East Central),CEDAR RAPIDS,LINN,IA 922,IA 922/1ST AVE E & 35TH ST NE & 35TH ST DR SE,Collision with:  Vehicle in traffic,On Roadway,Rear-end (front to rear),Unknown,None Indicated,,Daylight,Dry,Clear,,Intersection:  Four-way intersection,Paved,,Property Damage Only,0,0,0,0,0,0,2000,2,2,,POINT (-91.635029241653 42.013425548352)
2014795855,14-11635,04/18/2014,04-April,6-Friday,13:29,1300 Hours,District 3 (Northwest),SIOUX CITY,WOODBURY,,SINGING HILLS BLVD & STADIUM DR,Collision with:  Vehicle in traffic,On Roadway,"Angle, oncoming left turn",Made improper turn,None Indicated,,Daylight,Dry,Clear,None apparent,Intersection:  T-intersection,Paved,,Property Damage Only,0,0,0,0,0,0,6000,2,3,,POINT (-96.364372861924 42.43615921762)
2014801843,,04/18/2014,04-April,6-Friday,20:55,2000 Hours,District 5 (Southeast),,MUSCATINE,IA 38,IA 38/IOWA 38,Collision with:  Animal,On Roadway,Non-collision (single vehicle),Animal,None Indicated,,Dark - roadway not lighted,Dry,Clear,None apparent,Non-intersection:  Non-junction/no special feature,Paved,,Property Damage Only,0,0,0,0,0,0,4000,1,1,,POINT (-91.039223465662 41.503889550141)
2014795512,201405401,04/18/2014,04-April,6-Friday,15:46,1500 Hours,District 6 (East Central),CEDAR RAPIDS,LINN,,16TH AVE SW,Collision with:  Vehicle in traffic,On Roadway,Rear-end (front to rear),Followed too close,None Indicated,,Daylight,Dry,Clear,None apparent,Non-intersection:  Non-junction/no special feature,Paved,,Possible/Unknown,0,1,0,0,1,0,1000,2,4,,POINT (-91.715860374106 41.963562081017)
2014797972,W14-044456,04/18/2014,04-April,6-Friday,00:00,0000 Hours,District 2 (Northeast),WATERLOO,BLACK HAWK,US 218,US 218/WASHINGTON ST & W 11TH ST,Collision with:  Vehicle in traffic,On Roadway,Rear-end (front to rear),FTYROW:  Other (explain in narrative),None Indicated,,Dark - roadway lighted,Dry,Cloudy,None apparent,Intersection:  Four-way intersection,Paved,,Minor Injury,0,1,0,1,0,0,2600,2,4,,POINT (-92.334694123539 42.488197802581)
2014795476,02-14-6118,04/18/2014,04-April,6-Friday,09:27,0900 Hours,District 6 (East Central),,DUBUQUE,,Co Rd Y21/SUNDOWN RD,Collision with:  Vehicle in traffic,On Roadway,Rear-end (front to rear),Followed too close,None Indicated,,Daylight,Dry,Clear,None apparent,Intersection:  Other intersection (explain in narrative),Paved,,Property Damage Only,0,0,0,0,0,0,2500,2,2,,POINT (-90.872660661697 42.332445286405)
2014796677,2014024218,04/18/2014,04-April,6-Friday,23:11,2300 Hours,District 6 (East Central),,JOHNSON,I-80,I-80,Collision with:  Vehicle in traffic,On Roadway,Rear-end (front to rear),Followed too close,None Indicated,,Dark - roadway not lighted,Dry,Clear,None apparent,Non-intersection:  Non-junction/no special feature,Paved,,Property Damage Only,0,0,0,0,0,0,10000,2,4,,POINT (-91.399327741084 41.666907207322)
2014796142,14-000480,04/18/2014,04-April,6-Friday,22:33,2200 Hours,District 1 (Central),AMES,STORY,,220TH ST & 570TH AVE & E 13TH ST,Collision with:  Vehicle in traffic,On Roadway,"Sideswipe, same direction",Crossed centerline (undivided),None Indicated,,Dark - roadway not lighted,Dry,Clear,None apparent,Non-intersection:  Non-junction/no special feature,Paved,,Property Damage Only,0,0,0,0,0,0,7100,2,2,,POINT (-93.560581930315 42.034574534878)
2014795599,14-1795,04/18/2014,04-April,6-Friday,16:13,1600 Hours,District 4 (Southwest),WEST DES MOINES,DALLAS,,JORDAN CREEK PKWY,Collision with:  Vehicle in traffic,On Roadway,Rear-end (front to rear),Followed too close,None Indicated,,Daylight,Dry,Clear,None apparent,Non-intersection:  Non-junction/no special feature,Paved,,Property Damage Only,0,0,0,0,0,0,6000,2,4,,POINT (-93.808978541011 41.589324389888)
2014795334,14-2543,04/18/2014,04-April,6-Friday,09:50,0900 Hours,District 1 (Central),BONDURANT,POLK,,GRANT ST N &  2ND ST NW &  2ND ST NE,Collision with:  Vehicle in traffic,On Roadway,Broadside (front to side),Ran Stop Sign,None Indicated,,Daylight,Dry,Clear,None apparent,Intersection:  Four-way intersection,Paved,,Property Damage Only,0,0,0,0,0,0,7000,2,2,,POINT (-93.463247337556 41.702953433301)
2014795514,201405403,04/18/2014,04-April,6-Friday,17:17,1700 Hours,District 6 (East Central),CEDAR RAPIDS,LINN,IA 100,IA 100/COLLINS RD NE,Collision with:  Vehicle in traffic,On Roadway,"Sideswipe, same direction",Other (explain in narrative):  Other,None Indicated,,Daylight,Dry,Clear,None apparent,Non-intersection:  Non-junction/no special feature,Paved,,Property Damage Only,0,0,0,0,0,0,4500,2,2,,POINT (-91.642516000477 42.02823075072)
2014795557,20140010322,04/18/2014,04-April,6-Friday,14:40,1400 Hours,District 1 (Central),DES MOINES,POLK,,E BELL AVE & SE 6TH ST,Collision with:  Vehicle in traffic,On Roadway,Rear-end (front to rear),Separation of units,None Indicated,,Daylight,Dry,Clear,None apparent,Non-intersection:  Non-junction/no special feature,Paved,,Property Damage Only,0,0,0,0,0,0,4000,2,3,,POINT (-93.605271480721 41.562690789927)
2014795338,20140010288,04/18/2014,04-April,6-Friday,09:46,0900 Hours,District 1 (Central),DES MOINES,POLK,,FRANKLIN AVE & 6TH AVE,Collision with:  Non-motorist (see non-motorist section - NOT a unit),On Roadway,Non-collision (single vehicle),FTYROW:  To pedestrian,None Indicated,,Daylight,Dry,Clear,None apparent,Non-intersection:  Non-junction/no special feature,Paved,,Possible/Unknown,0,1,0,0,1,0,300,1,1,,POINT (-93.625804814989 41.611301098665)
2014795580,20140010335,04/18/2014,04-April,6-Friday,16:32,1600 Hours,District 1 (Central),DES MOINES,POLK,,PARK AVE,Collision with:  Vehicle in traffic,On Roadway,Rear-end (front to rear),Other (explain in narrative):  Other,None Indicated,,Daylight,Dry,Clear,None apparent,Non-intersection:  Non-junction/no special feature,Paved,,Possible/Unknown,0,5,0,0,5,0,25000,3,7,,POINT (-93.683989319327 41.555548053176)
2014795548,14-2560,04/18/2014,04-April,6-Friday,18:45,1800 Hours,District 1 (Central),,POLK,,NE 56TH ST,Collision with:  Animal,On Roadway,Non-collision (single vehicle),Animal,None Indicated,,Dark - roadway lighted,Dry,Clear,None apparent,Non-intersection:  Non-junction/no special feature,Paved,,Possible/Unknown,0,1,0,0,1,0,5000,1,1,,POINT (-93.503254372921 41.616046225063)
2014795799,2014-7626,04/18/2014,04-April,6-Friday,20:34,2000 Hours,District 6 (East Central),ELDRIDGE,SCOTT,,Co Rd Y68/SCOTT PK RD,Collision with:  Animal,,,Animal,None Indicated,,,,,,,Paved,,Property Damage Only,0,0,0,0,0,0,2000,1,1,,POINT (-90.545990047787 41.705481512906)
2014795614,S14-001280,04/18/2014,04-April,6-Friday,17:10,1700 Hours,District 4 (Southwest),AVOCA,POTTAWATTAMIE,US 59,US 59 & MARTY DR,Collision with:  Vehicle in traffic,On Roadway,"Angle, oncoming left turn",Swerving/Evasive Action,None Indicated,,Daylight,Dry,Clear,None apparent,Intersection:  Four-way intersection,Paved,,Property Damage Only,0,0,0,0,0,0,2800,2,5,,POINT (-95.336650283764 41.50066501206)
2014795506,2014004183,04/18/2014,04-April,6-Friday,12:56,1200 Hours,District 6 (East Central),IOWA CITY,JOHNSON,US 6,US 6/S RIVERSIDE DR,Collision with:  Vehicle in traffic,On Roadway,Broadside (front to side),FTYROW:  From driveway,None Indicated,,Daylight,Dry,Clear,None apparent,Non-intersection:  Driveway access (within),Paved,,Property Damage Only,0,0,0,0,0,0,4000,2,3,,POINT (-91.540206261959 41.650229110901)
2014795615,14-014903,04/18/2014,04-April,6-Friday,07:12,0700 Hours,District 4 (Southwest),COUNCIL BLUFFS,POTTAWATTAMIE,,5TH AVE & S 28TH ST,Collision with:  Vehicle in traffic,On Roadway,Broadside (front to side),Ran Stop Sign,None Indicated,,Dawn,Dry,Clear,None apparent,Intersection:  Four-way intersection,Paved,,Minor Injury,0,2,0,1,1,0,20400,2,4,,POINT (-95.889063703164 41.257269558101)
2014795558,20140010324,04/18/2014,04-April,6-Friday,15:06,1500 Hours,District 1 (Central),DES MOINES,POLK,,E 27TH ST,Collision with:  Vehicle in traffic,On Roadway,Broadside (front to side),FTYROW:  From driveway,None Indicated,,Daylight,Dry,Clear,None apparent,Non-intersection:  Driveway access (within),Paved,,Property Damage Only,0,0,0,0,0,0,4000,2,3,,POINT (-93.563681129566 41.620728791661)
2014795676,14-11694,04/18/2014,04-April,6-Friday,23:08,2300 Hours,District 3 (Northwest),SIOUX CITY,WOODBURY,,W 3RD ST & HAMILTON BLVD,Collision with:  Vehicle in traffic,On Roadway,Rear-end (front to rear),Driver Distraction:  Manual operation of an electronic communication device,None Indicated,,Dark - roadway lighted,Dry,Clear,None apparent,Intersection:  Four-way intersection,Paved,,Property Damage Only,0,0,0,0,0,0,1900,2,2,,POINT (-96.421324829902 42.499294938987)
2014796599,2014-24000,04/18/2014,04-April,6-Friday,21:10,2100 Hours,District 6 (East Central),DAVENPORT,SCOTT,,EASTERN AVE,Collision with:  Parked motor vehicle,On Roadway,Broadside (front to side),FTYROW:  Other (explain in narrative),None Indicated,,Dark - roadway lighted,Dry,Cloudy,None apparent,Non-intersection:  Non-junction/no special feature,Paved,,Property Damage Only,0,0,0,0,0,0,2000,2,777,,POINT (-90.551552093756 41.535570604714)
2014795936,201401207,04/18/2014,04-April,6-Friday,00:06,0000 Hours,District 6 (East Central),,LINN,,Co Rd W58/N ALBURNETT RD & OLD CENTER RD,Collision with:  Animal,,,Animal,None Indicated,,,,,,,Paved,,Property Damage Only,0,0,0,0,0,0,5500,1,1,,POINT (-91.618034502533 42.168372907043)
2014799000,5322-14,04/18/2014,04-April,6-Friday,16:40,1600 Hours,District 3 (Northwest),SPENCER,CLAY,US 18,US 18/N GRAND AVE & W 8TH ST & E 8TH ST,Collision with:  Vehicle in traffic,On Roadway,Broadside (front to side),Unknown,None Indicated,,Daylight,Dry,Cloudy,None apparent,Intersection:  Four-way intersection,Paved,,Property Damage Only,0,0,0,0,0,0,2500,2,2,,POINT (-95.144995436167 43.145726508632)
2014795594,14-0826,04/18/2014,04-April,6-Friday,14:02,1400 Hours,District 1 (Central),URBANDALE,POLK,I-35,I-35,Collision with:  Vehicle in traffic,On Roadway,"Sideswipe, same direction",Swerving/Evasive Action,None Indicated,,Daylight,Dry,Clear,Debris,Non-intersection:  Non-junction/no special feature,Paved,,Property Damage Only,0,0,0,0,0,0,7000,2,6,,POINT (-93.776891517373 41.626916503573)
2014795559,20140010330,04/18/2014,04-April,6-Friday,15:49,1500 Hours,District 1 (Central),DES MOINES,POLK,,E 30TH ST,Collision with:  Vehicle in traffic,On Roadway,Rear-end (front to rear),Other (explain in narrative):  Other,None Indicated,,Daylight,Dry,Clear,None apparent,Non-intersection:  Non-junction/no special feature,Paved,,Minor Injury,0,1,0,1,0,0,2000,2,3,,POINT (-93.558400272631 41.597155617601)
2014795475,02-14-6117,04/18/2014,04-April,6-Friday,03:00,0300 Hours,District 6 (East Central),DUBUQUE,DUBUQUE,,WHITETOP RD,Collision with fixed object:  Ditch,On Roadway,Non-collision (single vehicle),Ran off road - right,None Indicated,,Dark - roadway not lighted,Dry,Unknown,None apparent,Non-intersection:  Non-junction/no special feature,Paved,,Possible/Unknown,0,1,0,0,0,1,5200,1,1,,POINT (-90.742387035675 42.451490150433)
2014795428,W14-037658,04/18/2014,04-April,6-Friday,11:22,1100 Hours,District 2 (Northeast),WATERLOO,BLACK HAWK,,ALLEN ST & W 4TH ST,Collision with:  Vehicle in traffic,On Roadway,"Angle, oncoming left turn",Unknown,None Indicated,,Daylight,Dry,Clear,None apparent,Intersection:  Four-way intersection,Paved,,Property Damage Only,0,0,0,0,0,0,2000,2,2,,POINT (-92.347750660288 42.489353553451)
2014795612,14-0419,04/18/2014,04-April,6-Friday,19:30,1900 Hours,District 1 (Central),PLEASANT HILL,POLK,IA 163,IA 163/E UNIVERSITY AVE & COPPER CREEK DR,Collision with:  Vehicle in traffic,On Roadway,Broadside (front to side),Ran Traffic Signal,None Indicated,,Daylight,Dry,Clear,None apparent,Intersection:  T-intersection,Paved,,Possible/Unknown,0,1,0,0,1,0,11000,2,4,,POINT (-93.524612619851 41.600404247782)
2014795722,W14-037607,04/18/2014,04-April,6-Friday,08:23,0800 Hours,District 2 (Northeast),WATERLOO,BLACK HAWK,IA 934,IA 934/UNIVERSITY AVE,Collision with:  Vehicle in traffic,On Roadway,"Sideswipe, same direction",Exceeded authorized speed,None Indicated,,Daylight,Dry,Clear,None apparent,Non-intersection:  Non-junction/no special feature,Paved,,Major Injury,0,3,2,1,0,0,18000,2,3,,POINT (-92.385590398729 42.499685224167)
2014795502,2014004170,04/18/2014,04-April,6-Friday,08:06,0800 Hours,District 6 (East Central),IOWA CITY,JOHNSON,,DEFOREST AVE & SYCAMORE ST,Collision with:  Vehicle in traffic,On Roadway,Rear-end (front to rear),Followed too close,None Indicated,,Daylight,Dry,Clear,None apparent,Intersection:  Four-way intersection,Paved,,Property Damage Only,0,0,0,0,0,0,14000,2,6,,POINT (-91.511589247568 41.643980557333)
2014795471,01-14-16180,04/18/2014,04-April,6-Friday,15:52,1500 Hours,District 6 (East Central),DUBUQUE,DUBUQUE,,WACKER DR,Collision with:  Vehicle in traffic,On Roadway,Broadside (front to side),Other (explain in narrative):  Other,None Indicated,,Daylight,Dry,Clear,None apparent,Non-intersection:  Driveway access (within),Paved,,Property Damage Only,0,0,0,0,0,0,3500,2,2,,POINT (-90.720471368862 42.493786259871)
2014796462,14-010986,04/18/2014,04-April,6-Friday,22:24,2200 Hours,District 5 (Southeast),FORT MADISON,LEE,,BUS US 61,Collision with:  Animal,,,Animal,None Indicated,,,,,,,Paved,,Property Damage Only,0,0,0,0,0,0,3500,1,1,,POINT (-91.271462721279 40.665257769541)
2014797564,D14182052,04/18/2014,04-April,6-Friday,20:40,2000 Hours,District 2 (Northeast),,FRANKLIN,IA 3,IA 3/IOWA 3,Collision with:  Animal,,,Animal,None Indicated,,,,,,,Paved,,Property Damage Only,0,0,0,0,0,0,3500,1,1,,POINT (-93.072433986902 42.737978808515)
2014795450,CL14001136,04/18/2014,04-April,6-Friday,12:45,1200 Hours,District 6 (East Central),CLINTON,CLINTON,US 30,US 30/CAMANCHE AVE,Collision with:  Vehicle in traffic,On Roadway,Rear-end (front to rear),Other (explain in narrative):  Other,None Indicated,,Daylight,Dry,Clear,None apparent,Non-intersection:  Non-junction/no special feature,Paved,,Property Damage Only,0,0,0,0,0,0,3600,2,3,,POINT (-90.198732083912 41.832262989509)
2014795741,14-12908,04/18/2014,04-April,6-Friday,20:40,2000 Hours,District 5 (Southeast),WEST BURLINGTON,DES MOINES,,E WHEELER ST & W BURLINGTON AVE,Collision with:  Vehicle in traffic,On Roadway,Rear-end (front to rear),Followed too close,None Indicated,,Dark - roadway lighted,Dry,Clear,None apparent,Non-intersection:  Non-junction/no special feature,Paved,,Minor Injury,0,1,0,1,0,0,1700,2,2,,POINT (-91.150980347488 40.824975074895)
2014795939,201401215,04/18/2014,04-April,6-Friday,16:08,1600 Hours,District 6 (East Central),,LINN,IA 13,IA 13/IOWA 13,Collision with:  Vehicle in traffic,On Roadway,"Sideswipe, same direction",Crossed centerline (undivided),Refused,,Daylight,Dry,Clear,None apparent,Non-intersection:  Non-junction/no special feature,Paved,,Possible/Unknown,0,1,0,0,1,0,3500,3,3,,POINT (-91.550226783092 42.083499294127)
2014796164,201400018534,04/18/2014,04-April,6-Friday,14:57,1400 Hours,District 5 (Southeast),OTTUMWA,WAPELLO,,PENNSYLVANIA AVE & N JEFFERSON ST,Collision with:  Vehicle in traffic,On Roadway,Broadside (front to side),FTYROW:  Making left turn,None Indicated,,Daylight,Dry,Clear,None apparent,Non-intersection:  Driveway access (within),Paved,,Property Damage Only,0,0,0,0,0,0,2500,2,2,,POINT (-92.40153541386 41.027488195963)
2014795641,2014-23866,04/18/2014,04-April,6-Friday,08:31,0800 Hours,District 6 (East Central),DAVENPORT,SCOTT,,W 65TH ST,Collision with:  Vehicle in traffic,On Roadway,Broadside (front to side),FTYROW:  From stop sign,None Indicated,,Daylight,Dry,Clear,Work Zone (roadway-related),Intersection:  T-intersection,Paved,Yes,Property Damage Only,0,0,0,0,0,0,4000,2,2,,POINT (-90.573900689404 41.585408499721)
2014795937,201401209,04/18/2014,04-April,6-Friday,08:05,0800 Hours,District 6 (East Central),SPRINGVILLE,LINN,US 151,US 151/DUBUQUE RD & Co Rd X20/SPRINGVILLE RD,Collision with:  Vehicle in traffic,On Roadway,Rear-end (front to rear),Followed too close,None Indicated,,Daylight,Dry,Clear,None apparent,Intersection:  Four-way intersection,Paved,,Property Damage Only,0,0,0,0,0,0,5000,2,5,,POINT (-91.4432873182 42.049468667527)
2014795481,02-14-6143,04/18/2014,04-April,6-Friday,21:21,2100 Hours,District 6 (East Central),,DUBUQUE,IA 32,IA 32,Collision with:  Animal,,,Animal,None Indicated,,,,,,,Paved,,Property Damage Only,0,0,0,0,0,0,4500,1,1,,POINT (-90.693714101233 42.541401522616)
2014795608,14-1799,04/18/2014,04-April,6-Friday,18:03,1800 Hours,District 1 (Central),WEST DES MOINES,POLK,,50TH ST,Collision with:  Vehicle in traffic,On Roadway,"Sideswipe, same direction",Made improper turn,None Indicated,,Daylight,Dry,Clear,None apparent,Non-intersection:  Other non-intersection (explain in narrative),Paved,,Property Damage Only,0,0,0,0,0,0,2500,2,2,,POINT (-93.771110749958 41.592106631882)
2014795875,2014024189,04/18/2014,04-April,6-Friday,19:00,1900 Hours,District 2 (Northeast),,CERRO GORDO,I-35,I-35,Collision with:  Animal,,,Animal,None Indicated,,,,,,,Paved,,Property Damage Only,0,0,0,0,0,0,3000,1,1,,POINT (-93.348987999035 43.253992709733)
2014795530,1400000333,04/18/2014,04-April,6-Friday,06:25,0600 Hours,District 1 (Central),,MARSHALL,IA 330,IA 330/MARSH AVE,Collision with fixed object:  Ditch,Shoulder,Non-collision (single vehicle),Crossed centerline (undivided),None Indicated,,Dawn,Dry,Clear,None apparent,Non-intersection:  Non-junction/no special feature,Paved,,Minor Injury,0,2,0,2,0,0,50500,1,2,,POINT (-93.000459370818 42.073798135464)
2014795511,201405394,04/18/2014,04-April,6-Friday,14:42,1400 Hours,District 6 (East Central),CEDAR RAPIDS,LINN,IA 922,IA 922/1ST AVE E,Collision with:  Vehicle in traffic,On Roadway,"Sideswipe, same direction",FTYROW:  Other (explain in narrative),None Indicated,,Daylight,Dry,Clear,None apparent,Intersection:  T-intersection,Paved,,Property Damage Only,0,0,0,0,0,0,4500,2,3,,POINT (-91.649808626361 41.989571298141)
2014795595,14-0827,04/18/2014,04-April,6-Friday,17:37,1700 Hours,District 1 (Central),URBANDALE,POLK,I-35,I-35,Collision with:  Vehicle in traffic,On Roadway,Rear-end (front to rear),Followed too close,None Indicated,,Daylight,Dry,Clear,None apparent,Non-intersection:  Non-junction/no special feature,Paved,,Property Damage Only,0,0,0,0,0,0,10000,2,3,,POINT (-93.703411115094 41.652366468776)
2014795987,14-000789,04/18/2014,04-April,6-Friday,03:08,0300 Hours,District 1 (Central),ALTOONA,POLK,I-80,I-80,Collision with:  Other non-fixed object (explain in narrative),Outside trafficway,Non-collision (single vehicle),Driving too fast for conditions,Alcohol (Statutory),,Dark - roadway not lighted,"Mud, dirt",Clear,Work Zone (roadway-related),Interchange-related:  On-ramp,Paved,Yes,Property Damage Only,0,0,0,0,0,0,9510,1,2,,POINT (-93.498205990145 41.661878810079)
2014850943,14-002844,04/18/2014,04-April,6-Friday,20:26,2000 Hours,District 5 (Southeast),,LOUISA,US 61,US 61 & Co Rd G56/COUNTY RD G56,Collision with:  Animal,,,Animal,None Indicated,,,,,,,Paved,,Property Damage Only,0,0,0,0,0,0,2500,1,1,,POINT (-91.19661460328 41.229281842705)
2014797031,1-14-000136,04/18/2014,04-April,6-Friday,22:00,2200 Hours,District 4 (Southwest),,SHELBY,US 59,US 59,Collision with:  Animal,On Roadway,Non-collision (single vehicle),Animal,None Indicated,,Dark - roadway not lighted,Dry,Clear,None apparent,Non-intersection:  Non-junction/no special feature,Paved,,Property Damage Only,0,0,0,0,0,0,5000,1,1,,POINT (-95.33465731999 41.589482289709)
2014795470,01-14-16174,04/18/2014,04-April,6-Friday,14:45,1400 Hours,District 6 (East Central),DUBUQUE,DUBUQUE,,JOHN F KENNEDY RD,Collision with:  Vehicle in traffic,On Roadway,Rear-end (front to rear),Lost Control,None Indicated,,Daylight,Dry,Clear,None apparent,Non-intersection:  Non-junction/no special feature,Paved,,Property Damage Only,0,0,0,0,0,0,3000,2,4,,POINT (-90.721455789508 42.504540101126)
2014795600,14-1798,04/18/2014,04-April,6-Friday,17:12,1700 Hours,District 1 (Central),WEST DES MOINES,POLK,I-35,I-35,Collision with:  Vehicle in traffic,On Roadway,"Sideswipe, same direction",Improper or erratic lane changing,None Indicated,,Daylight,Dry,Clear,None apparent,Non-intersection:  Non-junction/no special feature,Paved,,Property Damage Only,0,0,0,0,0,0,1500,2,2,,POINT (-93.7763333403 41.55131371793)
2014795792,14-015385,04/18/2014,04-April,6-Friday,21:00,2100 Hours,District 4 (Southwest),COUNCIL BLUFFS,POTTAWATTAMIE,,AVE H & N 14TH ST,Collision with:  Parked motor vehicle,On Roadway,Unknown,Unknown,None Indicated,,Unknown,Dry,Cloudy,Unknown,Non-intersection:  Non-junction/no special feature,Paved,,Property Damage Only,0,0,0,0,0,0,1500,2,1,,POINT (-95.864591153294 41.268869285816)