Iowa DOT Case Number,Law Enforcement Case Number,Date of Crash,Month of Crash,Day of Week,Time of Crash,Hour,DOT District,City Name,County Name,Route with System,Location Description,First Harmful Event,Location of First Harmful Event,Manner of Crash/Collision,Major Cause,Drug or Alcohol ,Environmental Conditions,Light Conditions,Surface Conditions,Weather Conditions,Roadway Contribution,Roadway Type,Roadway Surface,Work Zone,Crash Severity,Number of Fatalities,Number of Injuries,Number of Major Injuries,Number of Minor Injuries,Number of Possible Injuries,Number of Unknown Injuries,Amount of Property Damage,Number of Vehicles Involved,Total Number of Occupants,Travel Direction,Location
2014795644,2014-24178,04/19/2014,04-April,7-Saturday,15:44,1500 Hours,District 6 (East Central),DAVENPORT,SCOTT,,W 53RD ST & N DIVISION ST,Collision with:  Vehicle in traffic,On Roadway,Rear-end (front to rear),Other (explain in narrative):  Other,None Indicated,,Daylight,Dry,Clear,None apparent,Intersection:  Four-way intersection,Paved,,Property Damage Only,0,0,0,0,0,0,6000,2,2,,POINT (-90.600359539166 41.574507980853)
2014795857,14-12032,04/19/2014,04-April,7-Saturday,04:45,0400 Hours,District 3 (Northwest),SIOUX CITY,WOODBURY,,BROKEN KETTLE RD,Collision with:  Animal,,,Animal,None Indicated,,,,,,,Paved,,Property Damage Only,0,0,0,0,0,0,1500,1,1,,POINT (-96.442468130331 42.553452943525)
2014795869,2014024345,04/19/2014,04-April,7-Saturday,20:40,2000 Hours,District 4 (Southwest),,TAYLOR,,Co Rd N44/LAKE RD,Collision with:  Animal,On Roadway,Non-collision (single vehicle),Animal,None Indicated,,Dark - roadway not lighted,Dry,Clear,None apparent,Non-intersection:  Non-junction/no special feature,Paved,,Major Injury,0,1,1,0,0,0,4000,1,1,,POINT (-94.680904711045 40.718721838925)
2014795846,2014-0117,04/19/2014,04-April,7-Saturday,08:30,0800 Hours,District 5 (Southeast),NORWALK,WARREN,,COLONIAL PKWY & CEDAR ST,Collision with:  Vehicle in traffic,On Roadway,"Angle, oncoming left turn",Unknown,None Indicated,,Daylight,Dry,Clear,None apparent,Non-intersection:  Driveway access (within),Paved,,Property Damage Only,0,0,0,0,0,0,1500,2,2,,POINT (-93.675444030508 41.491457297976)
2014795532,1400000335,04/19/2014,04-April,7-Saturday,16:37,1600 Hours,District 1 (Central),,MARSHALL,,SMITH AVE,Collision with:  Animal,,,Animal,Refused,,,,,,,Unpaved,,Property Damage Only,0,0,0,0,0,0,5000,1,1,,POINT (-92.876659926742 41.942018563223)
2014795953,14-009052,04/19/2014,04-April,7-Saturday,01:00,0100 Hours,District 5 (Southeast),,MARION,,146TH AVE,Non-collision events:  Overturn/rollover,On Roadway,Non-collision (single vehicle),Ran off road - right,None Indicated,,Dark - roadway not lighted,Dry,Clear,None apparent,Non-intersection:  Non-junction/no special feature,Unpaved,,Possible/Unknown,0,1,0,0,0,1,4500,1,1,,POINT (-93.072395038714 41.395433757438)
2014797780,S79140126,04/19/2014,04-April,7-Saturday,13:13,1300 Hours,District 1 (Central),,POWESHIEK,,Co Rd F62/CO RD F62,Collision with:  Vehicle in traffic,On Roadway,"Angle, oncoming left turn",FTYROW:  Making left turn,None Indicated,,Daylight,Dry,Clear,None apparent,Non-intersection:  Driveway access (within),Paved,,Possible/Unknown,0,4,0,0,4,0,30000,2,5,,POINT (-92.737104573167 41.573981449498)
2014795940,201401232,04/19/2014,04-April,7-Saturday,20:15,2000 Hours,District 6 (East Central),CENTER POINT,LINN,,WASHINGTON ST & MAIN ST,Collision with:  Parked motor vehicle,On Roadway,"Sideswipe, same direction","Operating vehicle in an reckless, erratic, careless, negligent manner",None Indicated,,Dusk,Dry,Cloudy,None apparent,Non-intersection:  Non-junction/no special feature,Paved,,Possible/Unknown,0,1,0,0,0,1,5000,2,2,,POINT (-91.786016940731 42.191456230559)
2014795464,12-12969,04/19/2014,04-April,7-Saturday,09:01,0900 Hours,District 5 (Southeast),BURLINGTON,DES MOINES,US 61,US 61,Collision with:  Vehicle in traffic,On Roadway,Broadside (front to side),FTYROW:  Making right turn on red signal,None Indicated,,Daylight,Dry,Clear,None apparent,Intersection:  Four-way intersection,Paved,,Property Damage Only,0,0,0,0,0,0,2000,2,2,,POINT (-91.141334311 40.833233321846)
2014796600,2014-24223,04/19/2014,04-April,7-Saturday,19:04,1900 Hours,District 6 (East Central),DAVENPORT,SCOTT,,W LOCUST ST & N LINCOLN AVE,Collision with:  Vehicle in traffic,On Roadway,"Angle, oncoming left turn",Unknown,None Indicated,,Daylight,Dry,Clear,None apparent,Non-intersection:  Non-junction/no special feature,Paved,,Property Damage Only,0,0,0,0,0,0,4500,2,6,,POINT (-90.613150000992 41.53821732005)
2014795461,14-13070,04/19/2014,04-April,7-Saturday,22:38,2200 Hours,District 5 (Southeast),BURLINGTON,DES MOINES,,W ROOSEVELT FRONTAGE,Collision with fixed object:  Curb/island/raised median,Shoulder,Non-collision (single vehicle),Swerving/Evasive Action,None Indicated,,Dark - roadway lighted,Dry,Clear,None apparent,Non-intersection:  Non-junction/no special feature,Paved,,Possible/Unknown,0,1,0,0,1,0,2500,1,1,,POINT (-91.141918518599 40.80423753932)
2014796018,,04/19/2014,04-April,7-Saturday,14:10,1400 Hours,District 6 (East Central),CEDAR RAPIDS,LINN,,EDGEWOOD RD SW,Collision with:  Vehicle in traffic,On Roadway,Rear-end (front to rear),Unknown,None Indicated,,Daylight,Dry,Clear,,Non-intersection:  Non-junction/no special feature,Paved,,Property Damage Only,0,0,0,0,0,0,1538,2,2,,POINT (-91.716017116514 41.964770702564)
2014799814,14C01733,04/19/2014,04-April,7-Saturday,16:01,1600 Hours,District 4 (Southwest),CRESTON,UNION,,N CHERRY ST,Collision with:  Parked motor vehicle,Outside trafficway,"Sideswipe, same direction","Operating vehicle in an reckless, erratic, careless, negligent manner",None Indicated,,Daylight,Dry,Clear,None apparent,Non-intersection:  Non-junction/no special feature,Paved,,Property Damage Only,0,0,0,0,0,0,5000,3,777,,POINT (-94.356769307484 41.060185736871)
2014796896,000753,04/19/2014,04-April,7-Saturday,16:55,1600 Hours,District 2 (Northeast),,MITCHELL,,ECHO AVE,Collision with fixed object:  Ditch,On Roadway,Non-collision (single vehicle),Swerving/Evasive Action,None Indicated,,Daylight,"Mud, dirt",Clear,None apparent,Non-intersection:  Non-junction/no special feature,Unpaved,,Minor Injury,0,1,0,1,0,0,5000,1,1,,POINT (-92.944995693716 43.278617318799)
2014795779,20140010392,04/19/2014,04-April,7-Saturday,00:10,0000 Hours,District 1 (Central),DES MOINES,POLK,IA 28,IA 28/MERLE HAY RD & NW MEREDITH DR,Collision with:  Vehicle in traffic,On Roadway,"Angle, oncoming left turn",Ran Traffic Signal,Refused,,Dark - roadway lighted,Dry,Clear,None apparent,Intersection:  Four-way intersection,Paved,,Property Damage Only,0,0,0,0,0,0,8000,2,2,,POINT (-93.697687593359 41.643925633101)
2014795531,1400000334,04/19/2014,04-April,7-Saturday,06:43,0600 Hours,District 1 (Central),,MARSHALL,IA 330,IA 330/MARSHALLTOWN BLVD/MARSH AVE & Co Rd E41 & Co Rd S75,Collision with:  Vehicle in traffic,On Roadway,Rear-end (front to rear),Unknown,None Indicated,,Dawn,Dry,Clear,None apparent,Intersection:  Four-way intersection,Paved,,Possible/Unknown,0,1,0,0,1,0,3000,2,3,,POINT (-92.999987919775 42.02600016761)
2014795429,W14-038194,04/19/2014,04-April,7-Saturday,19:00,1900 Hours,District 2 (Northeast),WATERLOO,BLACK HAWK,US 63,US 63/E MULLAN AVE & SYCAMORE ST,Collision with:  Vehicle in traffic,On Roadway,Broadside (front to side),Ran Stop Sign,None Indicated,,Daylight,Other (explain in narrative),Clear,None apparent,Intersection:  Four-way intersection,Paved,,Property Damage Only,0,0,0,0,0,0,11000,2,4,,POINT (-92.341220548559 42.501699225861)
2014795678,14-11707,04/19/2014,04-April,7-Saturday,00:53,0000 Hours,District 3 (Northwest),SIOUX CITY,WOODBURY,,14TH ST,Collision with:  Vehicle in traffic,On Roadway,"Angle, oncoming left turn",FTYROW:  Making left turn,None Indicated,,Dark - roadway lighted,Dry,Clear,None apparent,Non-intersection:  Driveway access (within),Paved,,Minor Injury,0,1,0,1,0,0,6700,2,6,,POINT (-96.40277194253 42.504971482171)
2014795729,14003305,04/19/2014,04-April,7-Saturday,04:51,0400 Hours,District 6 (East Central),QUASQUETON,BUCHANAN,,WATER ST & N FIRST ST,Collision with fixed object:  Utility pole/light support,Outside trafficway,Non-collision (single vehicle),Exceeded authorized speed,None Indicated,,Dark - roadway lighted,Dry,Clear,None apparent,Non-intersection:  Non-junction/no special feature,Paved,,Minor Injury,0,1,0,1,0,0,13000,1,1,,POINT (-91.761093434837 42.398733020884)
2014795876,2014024273,04/19/2014,04-April,7-Saturday,13:50,1300 Hours,District 2 (Northeast),,WORTH,I-35,I-35,Collision with:  Vehicle in traffic,On Roadway,Unknown,Unknown,None Indicated,,Daylight,Dry,Clear,None apparent,Non-intersection:  Non-junction/no special feature,Paved,,Property Damage Only,0,0,0,0,0,0,1935,2,3,,POINT (-93.349829176122 43.291170337479)
2014795465,14-12999,04/19/2014,04-April,7-Saturday,12:35,1200 Hours,District 5 (Southeast),BURLINGTON,DES MOINES,,VALLEY ST & MAIN ST,Collision with:  Vehicle in traffic,On Roadway,Broadside (front to side),Ran Traffic Signal,None Indicated,,Daylight,Dry,Clear,None apparent,Intersection:  Four-way intersection,Paved,,Property Damage Only,0,0,0,0,0,0,5000,2,4,,POINT (-91.101836176408 40.808899499394)
2014795955,1400000336,04/19/2014,04-April,7-Saturday,22:24,2200 Hours,District 1 (Central),,MARSHALL,,Co Rd S52/EASTMAN AVE,Collision with:  Animal,,Non-collision (single vehicle),Animal,None Indicated,,,,,,,Paved,,Property Damage Only,0,0,0,0,0,0,3500,1,1,,POINT (-93.156164604097 42.143915512992)
2014832005,1404191017,04/19/2014,04-April,7-Saturday,10:17,1000 Hours,District 6 (East Central),,JONES,IA 38,IA 38/IOWA 38 & Co Rd E23/CO HOME RD E-23,Collision with:  Vehicle in traffic,On Roadway,Rear-end (front to rear),Ran Stop Sign,None Indicated,,Daylight,Dry,Clear,None apparent,Intersection:  T-intersection,Paved,,Property Damage Only,0,0,0,0,0,0,10000,2,3,,POINT (-91.099403417548 42.135680856504)
2014798056,14-002854,04/19/2014,04-April,7-Saturday,20:09,2000 Hours,District 2 (Northeast),,CLAYTON,,Co Rd B60/GUNDER RD,Collision with:  Animal,,,Animal,None Indicated,,,,,,,Paved,,Property Damage Only,0,0,0,0,0,0,7500,1,1,,POINT (-91.477685493669 42.955460541429)
2014795619,14-015041,04/19/2014,04-April,7-Saturday,03:35,0300 Hours,District 4 (Southwest),COUNCIL BLUFFS,POTTAWATTAMIE,I-29,I-29,Collision with fixed object:  Ditch,On Roadway,Non-collision (single vehicle),Exceeded authorized speed,Alcohol (Statutory),,Dark - roadway not lighted,Dry,Clear,None apparent,Non-intersection:  Non-junction/no special feature,Paved,,Minor Injury,0,2,0,2,0,0,9000,1,2,,POINT (-95.823478707644 41.210947735873)
2014796305,2014-24244,04/19/2014,04-April,7-Saturday,20:14,2000 Hours,District 6 (East Central),DAVENPORT,SCOTT,,NEWBERRY ST & LINCOLN CT,Collision with:  Vehicle in traffic,On Roadway,"Sideswipe, same direction",Unknown,None Indicated,,Dusk,Dry,Clear,None apparent,Non-intersection:  Non-junction/no special feature,Paved,,Property Damage Only,0,0,0,0,0,0,3500,2,3,,POINT (-90.612716570987 41.525887498542)
2014796304,2014-24190,04/19/2014,04-April,7-Saturday,16:27,1600 Hours,District 6 (East Central),DAVENPORT,SCOTT,US 6,US 6/W KIMBERLY RD & FAIRMOUNT ST,Collision with:  Vehicle in traffic,On Roadway,"Angle, oncoming left turn",FTYROW:  Making left turn,None Indicated,,Daylight,Dry,Clear,None apparent,Intersection:  Four-way intersection,Paved,,Property Damage Only,0,0,0,0,0,0,10000,2,4,,POINT (-90.62953001973 41.561027382717)
2014795433,201401682,04/19/2014,04-April,7-Saturday,10:10,1000 Hours,District 1 (Central),,BOONE,,208TH ST,Non-collision events:  Overturn/rollover,On Roadway,Non-collision (single vehicle),Ran off road - right,None Indicated,,Daylight,Dry,Clear,None apparent,Non-intersection:  Non-junction/no special feature,Unpaved,,Minor Injury,0,1,0,1,0,0,5000,1,2,,POINT (-93.985900306842 42.05264916851)
2014802618,2014-24197,04/19/2014,04-April,7-Saturday,16:35,1600 Hours,District 6 (East Central),DAVENPORT,SCOTT,,W 49TH ST & N DIVISION ST,Collision with:  Vehicle in traffic,On Roadway,Rear-end (front to rear),Improper or erratic lane changing,None Indicated,,Daylight,Dry,Clear,None apparent,Non-intersection:  Non-junction/no special feature,Paved,,Property Damage Only,0,0,0,0,0,0,3500,2,3,,POINT (-90.600436940998 41.570150505997)
2014795457,140983,04/19/2014,04-April,7-Saturday,15:47,1500 Hours,District 3 (Northwest),DOW CITY,CRAWFORD,US 30,US 30/FULTON ST & CLARK ST,Collision with:  Vehicle in traffic,On Roadway,Broadside (front to side),Ran Stop Sign,None Indicated,,Daylight,Dry,Clear,None apparent,Intersection:  Four-way intersection,Paved,,Property Damage Only,0,0,0,0,0,0,16000,2,3,,POINT (-95.492298477526 41.931355943033)
2014795516,201405451,04/19/2014,04-April,7-Saturday,16:57,1600 Hours,District 6 (East Central),CEDAR RAPIDS,LINN,,BEVER AVE SE & MEMORIAL DR SE,Collision with:  Vehicle in traffic,On Roadway,"Angle, oncoming left turn",FTYROW:  Making left turn,None Indicated,,Daylight,Dry,Cloudy,None apparent,Intersection:  T-intersection,Paved,,Property Damage Only,0,0,0,0,0,0,2100,2,4,,POINT (-91.628266473721 41.98418221046)
2014795976,20140010433,04/19/2014,04-April,7-Saturday,11:25,1100 Hours,District 1 (Central),DES MOINES,POLK,,FOREST AVE,Collision with:  Vehicle in traffic,On Roadway,Rear-end (front to rear),Followed too close,None Indicated,,Daylight,Dry,Clear,None apparent,Non-intersection:  Non-junction/no special feature,Paved,,Property Damage Only,0,0,0,0,0,0,3411,2,2,,POINT (-93.620137273456 41.603504535239)
2014798538,,04/19/2014,04-April,7-Saturday,20:20,2000 Hours,District 2 (Northeast),,WINNESHIEK,US 52,US 52,Collision with:  Animal,On Roadway,Non-collision (single vehicle),Animal,None Indicated,,Dark - roadway not lighted,Dry,Clear,None apparent,Non-intersection:  Non-junction/no special feature,Paved,,Property Damage Only,0,0,0,0,0,0,4000,1,1,,POINT (-91.819175329269 43.275732058222)
2014795578,20140010428,04/19/2014,04-April,7-Saturday,10:34,1000 Hours,District 1 (Central),DES MOINES,POLK,,UNIVERSITY AVE & 41ST ST,Collision with:  Vehicle in traffic,On Roadway,Broadside (front to side),FTYROW:  From stop sign,None Indicated,,Daylight,Dry,Clear,None apparent,Intersection:  Four-way intersection,Paved,,Major Injury,0,1,1,0,0,0,7500,2,2,,POINT (-93.672870586402 41.600370712542)
2014797033,1-14-000139,04/19/2014,04-April,7-Saturday,21:40,2100 Hours,District 4 (Southwest),,SHELBY,,LINDEN RD,Collision with:  Animal,On Roadway,Non-collision (single vehicle),Animal,None Indicated,,Dark - roadway not lighted,Dry,Clear,None apparent,Non-intersection:  Non-junction/no special feature,Paved,,Possible/Unknown,0,2,0,0,2,0,9700,1,6,,POINT (-95.325510110568 41.621721541598)
2014803047,140419WVV01,04/19/2014,04-April,7-Saturday,14:10,1400 Hours,District 3 (Northwest),ORANGE CITY,SIOUX,,7TH ST NE & CONCORD AVE NE,Collision with:  Vehicle in traffic,On Roadway,Broadside (front to side),FTYROW:  From stop sign,None Indicated,,Daylight,Dry,Cloudy,None apparent,Intersection:  Four-way intersection,Paved,,Property Damage Only,0,0,0,0,0,0,2000,2,3,,POINT (-96.053926652156 43.012106412313)
2014795620,14-015046,04/19/2014,04-April,7-Saturday,06:53,0600 Hours,District 4 (Southwest),COUNCIL BLUFFS,POTTAWATTAMIE,,5TH AVE & S 35TH ST,Collision with:  Vehicle in traffic,On Roadway,Broadside (front to side),Ran Stop Sign,None Indicated,,Daylight,Dry,Clear,None apparent,Intersection:  Four-way intersection,Paved,,Property Damage Only,0,0,0,0,0,0,3000,2,2,,POINT (-95.901991958021 41.257331427794)
2014810003,2014-002077,04/19/2014,04-April,7-Saturday,13:17,1300 Hours,District 6 (East Central),,BENTON,US 218,US 218/24 AVE,Non-collision events:  Overturn/rollover,Outside trafficway,Non-collision (single vehicle),Ran off road - right,Refused,,Daylight,Dry,Clear,None apparent,Non-intersection:  Non-junction/no special feature,Paved,,Possible/Unknown,0,1,0,0,1,0,15000,1,1,,POINT (-92.029236368094 42.029973831899)
2014796421,TC2314,04/19/2014,04-April,7-Saturday,21:00,2100 Hours,District 4 (Southwest),MISSOURI VALLEY,HARRISON,,N 1ST ST,Collision with:  Vehicle in traffic,On Roadway,"Angle, oncoming left turn",Traveling wrong way or on wrong side of road,None Indicated,,Dark - roadway lighted,Dry,Clear,None apparent,Intersection:  T-intersection,Paved,,Property Damage Only,0,0,0,0,0,0,1600,2,2,,POINT (-95.894730706269 41.556401295941)
2014797740,K14-011017,04/19/2014,04-April,7-Saturday,03:22,0300 Hours,District 5 (Southeast),KEOKUK,LEE,,12TH ST S,Collision with:  Parked motor vehicle,On Roadway,Rear-end (front to rear),Swerving/Evasive Action,None Indicated,,Dark - roadway not lighted,Dry,Clear,None apparent,Non-intersection:  Non-junction/no special feature,Paved,,Major Injury,0,1,1,0,0,0,20500,3,1,,POINT (-91.395037738416 40.397645398387)
2014795455,CL14001151,04/19/2014,04-April,7-Saturday,13:27,1300 Hours,District 6 (East Central),CLINTON,CLINTON,US 67,US 67/N 2ND ST,Collision with:  Vehicle in traffic,On Roadway,Rear-end (front to rear),Followed too close,None Indicated,,Daylight,Dry,Clear,None apparent,Non-intersection:  Non-junction/no special feature,Paved,,Possible/Unknown,0,5,0,0,5,0,9500,3,7,,POINT (-90.184208605018 41.860563729224)
2014796681,2014024233,04/19/2014,04-April,7-Saturday,06:15,0600 Hours,District 1 (Central),,POLK,I-35,I-35,Non-collision events:  Overturn/rollover,Shoulder,Non-collision (single vehicle),Swerving/Evasive Action,None Indicated,,Dawn,Dry,Clear,None apparent,Non-intersection:  Non-junction/no special feature,Paved,,Property Damage Only,0,0,0,0,0,0,2500,1,1,,POINT (-93.668555604259 41.650818100002)
2014795679,14-11747,04/19/2014,04-April,7-Saturday,11:25,1100 Hours,District 3 (Northwest),SIOUX CITY,WOODBURY,,W VILLA AVE,Collision with:  Vehicle in traffic,On Roadway,Rear-end (front to rear),Other (explain in narrative):  Other,None Indicated,,Daylight,Dry,Cloudy,None apparent,Intersection:  Four-way intersection,Paved,,Property Damage Only,0,0,0,0,0,0,4000,2,3,,POINT (-96.426700966693 42.50414961464)
2014795432,W14-038281,04/19/2014,04-April,7-Saturday,23:04,2300 Hours,District 2 (Northeast),WATERLOO,BLACK HAWK,,W 3RD ST & WESTERN AVE,Non-collision events:  Other non-collision (explain in narrative),On Roadway,Rear-end (front to rear),Lost Control,None Indicated,,Dark - roadway lighted,Dry,Clear,None apparent,Non-intersection:  Non-junction/no special feature,Paved,,Property Damage Only,0,0,0,0,0,0,4500,2,1,,POINT (-92.351512127997 42.489212794651)
2014795745,C14001211,04/19/2014,04-April,7-Saturday,20:29,2000 Hours,District 6 (East Central),CORALVILLE,JOHNSON,,5TH ST,Non-collision events:  Other non-collision (explain in narrative),On Roadway,Non-collision (single vehicle),Other (explain in narrative):  Other,None Indicated,,Dark - roadway lighted,Dry,Clear,None apparent,Non-intersection:  Non-junction/no special feature,Paved,,Possible/Unknown,0,1,0,0,1,0,1500,1,1,,POINT (-91.579045805481 41.675205584419)
2014795839,14-001929,04/19/2014,04-April,7-Saturday,12:43,1200 Hours,District 1 (Central),AMES,STORY,US 69,US 69/S DUFF AVE & CHESTNUT ST,Collision with:  Vehicle in traffic,On Roadway,Rear-end (front to rear),Other (explain in narrative):  Other,None Indicated,,Daylight,Dry,Clear,None apparent,Intersection:  Four-way intersection,Paved,,Property Damage Only,0,0,0,0,0,0,5500,2,2,,POINT (-93.610256492879 42.011489496344)
2014795590,20140010470,04/19/2014,04-April,7-Saturday,18:17,1800 Hours,District 1 (Central),DES MOINES,POLK,US 6,US 6/DOUGLAS AVE,Collision with:  Vehicle in traffic,On Roadway,Rear-end (front to rear),Swerving/Evasive Action,None Indicated,,Daylight,Dry,Clear,None apparent,Non-intersection:  Non-junction/no special feature,Paved,,Minor Injury,0,1,0,1,0,0,2000,2,3,,POINT (-93.66691903544 41.629534678474)
2014795478,02-14-6199,04/19/2014,04-April,7-Saturday,19:39,1900 Hours,District 6 (East Central),,DUBUQUE,US 20,US 20 & WUCHTER RD,Collision with:  Vehicle in traffic,On Roadway,Broadside (front to side),FTYROW:  From stop sign,None Indicated,,Daylight,Dry,Clear,None apparent,Intersection:  Four-way intersection,Paved,,Possible/Unknown,0,1,0,0,1,0,6500,2,6,,POINT (-91.077862680047 42.466317693959)
2014795563,20140010493,04/19/2014,04-April,7-Saturday,22:19,2200 Hours,District 1 (Central),DES MOINES,POLK,,PLEASANT ST,Collision with:  Parked motor vehicle,On Roadway,Rear-end (front to rear),Unknown,None Indicated,,Dark - roadway lighted,Dry,Cloudy,None apparent,Non-intersection:  Non-junction/no special feature,Paved,,Property Damage Only,0,0,0,0,0,0,1600,2,1,,POINT (-93.638447512058 41.58986643431)
2014796162,14004263,04/19/2014,04-April,7-Saturday,22:47,2200 Hours,District 1 (Central),,TAMA,,G AVE,Collision with fixed object:  Ditch,Outside trafficway,Non-collision (single vehicle),Ran off road - right,Alcohol (Statutory),,Dark - roadway not lighted,"Mud, dirt",Cloudy,None apparent,Non-intersection:  Non-junction/no special feature,Unpaved,,Property Damage Only,0,0,0,0,0,0,4700,1,1,,POINT (-92.649421049078 41.901208256868)
2014797674,14003304,04/19/2014,04-April,7-Saturday,03:01,0300 Hours,District 6 (East Central),,BUCHANAN,,Co Rd W35/QUASQUETON DIAGONAL BLVD,Collision with fixed object:  Ditch,Shoulder,Non-collision (single vehicle),Lost Control,Alcohol (Statutory),,Dark - roadway not lighted,Dry,Clear,None apparent,Non-intersection:  Non-junction/no special feature,Paved,,Property Damage Only,0,0,0,0,0,0,11300,1,1,,POINT (-91.824936300734 42.434347912062)
2014795565,20140010419,04/19/2014,04-April,7-Saturday,09:00,0900 Hours,District 1 (Central),DES MOINES,POLK,,PLEASANT ST & 18TH ST,Collision with:  Parked motor vehicle,On Roadway,"Sideswipe, same direction",Other (explain in narrative):  Other,None Indicated,,Daylight,Dry,Clear,None apparent,Non-intersection:  Non-junction/no special feature,Paved,,Property Damage Only,0,0,0,0,0,0,1800,2,1,,POINT (-93.64135102233 41.589868288655)
2014795838,14-001927,04/19/2014,04-April,7-Saturday,12:20,1200 Hours,District 1 (Central),AMES,STORY,US 69,US 69/S DUFF AVE/LINCOLN WAY,Collision with:  Vehicle in traffic,On Roadway,"Sideswipe, same direction",Improper or erratic lane changing,None Indicated,,Daylight,Dry,Clear,None apparent,Non-intersection:  Non-junction/no special feature,Paved,,Property Damage Only,0,0,0,0,0,0,3999,2,3,,POINT (-93.610365512309 42.02289125554)
2014799072,E201400734,04/19/2014,04-April,7-Saturday,10:32,1000 Hours,District 3 (Northwest),EMMETSBURG,PALO ALTO,IA 4,IA 4/BROADWAY ST & 11TH ST,Collision with:  Vehicle in traffic,On Roadway,Broadside (front to side),FTYROW:  From stop sign,None Indicated,,Daylight,Dry,Clear,None apparent,Intersection:  Four-way intersection,Paved,,Property Damage Only,0,0,0,0,0,0,6500,2,3,,POINT (-94.678851453674 43.110170287637)
2014796223,AP04191401,04/19/2014,04-April,7-Saturday,03:41,0300 Hours,District 5 (Southeast),,KEOKUK,,210TH ST,Collision with fixed object:  Ditch,On Roadway,Non-collision (single vehicle),Driving too fast for conditions,Under Influence of Alcohol/Drugs/Medications,,Dark - roadway not lighted,"Mud, dirt",Clear,None apparent,Non-intersection:  Non-junction/no special feature,Unpaved,,Fatal,1,1,1,0,0,0,4500,1,3,,POINT (-92.008022408138 41.351961966677)
2014796073,2014003649,04/19/2014,04-April,7-Saturday,18:56,1800 Hours,District 1 (Central),MARSHALLTOWN,MARSHALL,IA 14,IA 14/S CENTER ST & W OLIVE ST & E OLIVE ST,Collision with:  Vehicle in traffic,On Roadway,Broadside (front to side),Ran Traffic Signal,None Indicated,,Dusk,Dry,Cloudy,None apparent,Intersection:  Four-way intersection,Paved,,Property Damage Only,0,0,0,0,0,0,4500,2,3,,POINT (-92.912624632689 42.028416712562)
2014795677,14-11701,04/19/2014,04-April,7-Saturday,00:12,0000 Hours,District 3 (Northwest),SIOUX CITY,WOODBURY,,5TH ST & NEBRASKA ST,Collision with:  Vehicle in traffic,On Roadway,Broadside (front to side),Ran Traffic Signal,None Indicated,,Dark - roadway lighted,Dry,Clear,None apparent,Intersection:  Four-way intersection,Paved,,Property Damage Only,0,0,0,0,0,0,6500,2,3,,POINT (-96.403497620526 42.495252088101)
2014797032,1-14-000137,04/19/2014,04-April,7-Saturday,10:25,1000 Hours,District 4 (Southwest),,SHELBY,,Co Rd M36/ROAD M36,Non-collision events:  Overturn/rollover,Shoulder,Non-collision (single vehicle),Ran off road - left,None Indicated,,Daylight,Dry,Clear,None apparent,Non-intersection:  Non-junction/no special feature,Paved,,Possible/Unknown,0,2,0,0,2,0,4600,1,2,,POINT (-95.305436414474 41.697302019474)
2014795552,14-001703,04/19/2014,04-April,7-Saturday,16:47,1600 Hours,District 1 (Central),ANKENY,POLK,,NW 9TH ST & NW GREENWOOD ST,Collision with:  Vehicle in traffic,On Roadway,Broadside (front to side),Ran Stop Sign,None Indicated,,Daylight,Dry,Clear,None apparent,Intersection:  Four-way intersection,Paved,,Property Damage Only,0,0,0,0,0,0,7500,2,4,,POINT (-93.633517770635 41.739502137714)
2014795545,14-2572,04/19/2014,04-April,7-Saturday,16:00,1600 Hours,District 1 (Central),DES MOINES,POLK,,NE OAKHILL DR & NE 56TH ST,Collision with:  Vehicle in traffic,On Roadway,Broadside (front to side),FTYROW:  From stop sign,None Indicated,,Daylight,Dry,Clear,None apparent,Intersection:  Four-way intersection,Paved,,Possible/Unknown,0,1,0,0,1,0,9000,2,3,,POINT (-93.503265576642 41.61748733243)
2014795988,14-000803,04/19/2014,04-April,7-Saturday,02:52,0200 Hours,District 1 (Central),ALTOONA,POLK,US 6,US 6/FREDERICK M HUBBELL AVE & 34TH AVE SW & 34TH AVE NW,Collision with fixed object:  Utility pole/light support,Shoulder,Non-collision (single vehicle),"Operating vehicle in an reckless, erratic, careless, negligent manner",Refused,,Dark - roadway lighted,Dry,Clear,None apparent,Intersection:  Four-way intersection,Paved,,Minor Injury,0,2,0,2,0,0,8216,1,2,,POINT (-93.503113628453 41.655066031256)
2014796303,2014-24124,04/19/2014,04-April,7-Saturday,11:05,1100 Hours,District 6 (East Central),DAVENPORT,SCOTT,,ELMORE AVE,Collision with:  Vehicle in traffic,On Roadway,Broadside (front to side),FTYROW:  Making left turn,None Indicated,,Daylight,Dry,Clear,None apparent,Non-intersection:  Driveway access (within),Paved,,Property Damage Only,0,0,0,0,0,0,6000,2,4,,POINT (-90.527154302425 41.559914798161)
2014795877,2014024276,04/19/2014,04-April,7-Saturday,13:25,1300 Hours,District 5 (Southeast),RIVERSIDE,WASHINGTON,IA 22,IA 22 & VINE AVE,Collision with:  Vehicle in traffic,On Roadway,Broadside (front to side),FTYROW:  From stop sign,None Indicated,,Daylight,Dry,Clear,None apparent,Intersection:  Four-way intersection,Paved,,Possible/Unknown,0,1,0,0,1,0,10000,2,3,,POINT (-91.541467845007 41.490262979697)
2014797495,14-199,04/19/2014,04-April,7-Saturday,00:15,0000 Hours,District 5 (Southeast),,WAYNE,,FILLMORE,Collision with fixed object:  Traffic sign support,Shoulder,Non-collision (single vehicle),Ran off road - straight,None Indicated,,Dark - roadway not lighted,"Mud, dirt",Cloudy,None apparent,Non-intersection:  Non-junction/no special feature,Unpaved,,Minor Injury,0,1,0,1,0,0,12050,1,1,,POINT (-93.173341044799 40.650429126107)