Iowa DOT Case Number,Law Enforcement Case Number,Date of Crash,Month of Crash,Day of Week,Time of Crash,Hour,DOT District,City Name,County Name,Route with System,Location Description,First Harmful Event,Location of First Harmful Event,Manner of Crash/Collision,Major Cause,Drug or Alcohol ,Environmental Conditions,Light Conditions,Surface Conditions,Weather Conditions,Roadway Contribution,Roadway Type,Roadway Surface,Work Zone,Crash Severity,Number of Fatalities,Number of Injuries,Number of Major Injuries,Number of Minor Injuries,Number of Possible Injuries,Number of Unknown Injuries,Amount of Property Damage,Number of Vehicles Involved,Total Number of Occupants,Travel Direction,Location
2014796010,C14-0000242,04/21/2014,04-April,2-Monday,17:20,1700 Hours,District 2 (Northeast),,CLAYTON,IA 13,IA 13/IOWA 13,Collision with:  Animal,,Non-collision (single vehicle),Animal,None Indicated,,,,,,,Paved,,Property Damage Only,0,0,0,0,0,0,5000,1,1,,POINT (-91.415058483046 42.810286953826)
2014795751,1404211-A,04/21/2014,04-April,2-Monday,12:21,1200 Hours,District 4 (Southwest),RED OAK,MONTGOMERY,IA 48,IA 48/BROADWAY ST,Collision with:  Vehicle in traffic,On Roadway,Rear-end (front to rear),Lost Control,None Indicated,,Daylight,Dry,Cloudy,None apparent,Intersection:  Four-way intersection,Paved,,Possible/Unknown,0,1,0,0,0,1,8500,2,2,,POINT (-95.232784238159 41.019462667914)
2014795858,14-12034,04/21/2014,04-April,2-Monday,15:29,1500 Hours,District 3 (Northwest),SIOUX CITY,WOODBURY,,44TH ST & CENTRAL ST,Collision with:  Vehicle in traffic,On Roadway,Head-on (front to front),Crossed centerline (undivided),None Indicated,,Daylight,Dry,Clear,None apparent,Non-intersection:  Non-junction/no special feature,Paved,,Possible/Unknown,0,2,0,0,2,0,7000,2,3,,POINT (-96.36150259711 42.545072153405)
2014795793,14-015388,04/21/2014,04-April,2-Monday,13:56,1300 Hours,District 4 (Southwest),COUNCIL BLUFFS,POTTAWATTAMIE,,32ND AVE & S EXPRESSWAY,Collision with:  Vehicle in traffic,On Roadway,Broadside (front to side),Ran Traffic Signal,None Indicated,,Daylight,Dry,Clear,None apparent,Intersection:  Four-way intersection,Paved,,Minor Injury,0,1,0,1,0,0,3500,2,3,,POINT (-95.851372983955 41.228191657108)
2014795767,20140010621,04/21/2014,04-April,2-Monday,08:37,0800 Hours,District 1 (Central),DES MOINES,POLK,,SE 5TH ST,Collision with:  Vehicle in traffic,On Roadway,"Angle, oncoming left turn",Made improper turn,None Indicated,,Daylight,Dry,Clear,None apparent,Intersection:  Four-way intersection,Paved,,Property Damage Only,0,0,0,0,0,0,2400,2,2,,POINT (-93.606479455435 41.526411937551)
2014795960,SO14000934,04/21/2014,04-April,2-Monday,14:25,1400 Hours,District 3 (Northwest),,PLYMOUTH,,WEST LOOP,Non-collision events:  Overturn/rollover,On Roadway,Non-collision (single vehicle),Ran off road - left,None Indicated,,Daylight,Dry,Clear,None apparent,Non-intersection:  Non-junction/no special feature,Unpaved,,Property Damage Only,0,0,0,0,0,0,4000,1,1,,POINT (-96.449499265552 42.571412078915)
2014796166,201400019062,04/21/2014,04-April,2-Monday,20:43,2000 Hours,District 5 (Southeast),OTTUMWA,WAPELLO,,FOX-SAUK RD,Collision with fixed object:  Utility pole/light support,Roadside,Non-collision (single vehicle),Other (explain in narrative):  Other,None Indicated,,Dark - roadway lighted,Dry,Clear,None apparent,Non-intersection:  Non-junction/no special feature,Paved,,Minor Injury,0,1,0,1,0,0,12000,1,1,,POINT (-92.405778920604 41.064866739122)
2014802269,2014004322,04/21/2014,04-April,2-Monday,19:06,1900 Hours,District 6 (East Central),IOWA CITY,JOHNSON,,S DUBUQUE ST,Collision with:  Vehicle in traffic,On Roadway,Rear-end (front to rear),FTYROW:  From parked position,None Indicated,,Daylight,Dry,Cloudy,None apparent,Non-intersection:  Non-junction/no special feature,Paved,,Property Damage Only,0,0,0,0,0,0,3000,2,3,,POINT (-91.533150362207 41.657407803896)
2014795882,2014024595,04/21/2014,04-April,2-Monday,14:06,1400 Hours,District 5 (Southeast),,WAPELLO,US 63,US 63,Collision with fixed object:  Ditch,Median,Non-collision (single vehicle),Ran off road - left,None Indicated,,Daylight,Dry,Cloudy,None apparent,Non-intersection:  Non-junction/no special feature,Paved,,Possible/Unknown,0,1,0,0,1,0,5000,1,1,,POINT (-92.37228781275 41.040970895285)
2014795920,01-14-16598,04/21/2014,04-April,2-Monday,12:18,1200 Hours,District 6 (East Central),DUBUQUE,DUBUQUE,,CHAVENELLE RD,Collision with:  Vehicle in traffic,On Roadway,Rear-end (front to rear),Followed too close,None Indicated,,Daylight,Dry,Cloudy,None apparent,Intersection:  Four-way intersection,Paved,,Property Damage Only,0,0,0,0,0,0,1950,2,2,,POINT (-90.741021238959 42.497237130835)
2014796189,14038682,04/21/2014,04-April,2-Monday,08:10,0800 Hours,District 2 (Northeast),CEDAR FALLS,BLACK HAWK,IA 57,IA 57/1ST ST & WASHINGTON ST,Collision with:  Vehicle in traffic,On Roadway,Rear-end (front to rear),Other (explain in narrative):  Other,None Indicated,,Daylight,Dry,Clear,None apparent,Non-intersection:  Non-junction/no special feature,Paved,,Possible/Unknown,0,1,0,0,1,0,2500,2,2,,POINT (-92.446835597135 42.537875649144)
2014796167,14-0214,04/21/2014,04-April,2-Monday,15:00,1500 Hours,District 1 (Central),,WEBSTER,US 169,US 169,Collision with fixed object:  Mailbox,Shoulder,Non-collision (single vehicle),Swerving/Evasive Action,None Indicated,,Daylight,Dry,Clear,None apparent,Non-intersection:  Non-junction/no special feature,Paved,,Property Damage Only,0,0,0,0,0,0,1700,1,1,,POINT (-94.227420812401 42.631175937001)
2014796335,14038718,04/21/2014,04-April,2-Monday,10:46,1000 Hours,District 2 (Northeast),CEDAR FALLS,BLACK HAWK,,UNIVERSITY AVE & VALLEY PARK DR,Collision with:  Vehicle in traffic,On Roadway,"Sideswipe, same direction",Improper or erratic lane changing,None Indicated,,Daylight,Dry,Clear,None apparent,Intersection:  Four-way intersection,Paved,,Property Damage Only,0,0,0,0,0,0,5500,2,2,,POINT (-92.436804702414 42.513078847323)
2014795572,20140010643,04/21/2014,04-April,2-Monday,12:56,1200 Hours,District 1 (Central),DES MOINES,POLK,,E WASHINGTON AVE & E 13TH ST,Collision with fixed object:  Utility pole/light support,Outside trafficway,Non-collision (single vehicle),Ran off road - left,None Indicated,,Daylight,Dry,Cloudy,None apparent,Non-intersection:  Non-junction/no special feature,Paved,,Property Damage Only,0,0,0,0,0,0,14000,1,1,,POINT (-93.603315758314 41.60770133928)
2014796007,2014024615,04/21/2014,04-April,2-Monday,15:20,1500 Hours,District 6 (East Central),,IOWA,I-80,I-80,Collision with fixed object:  Guardrail - face,On Roadway,Non-collision (single vehicle),Ran off road - left,None Indicated,,Daylight,Wet,Rain,"Surface condition (e.g., wet, icy)",Non-intersection:  Non-junction/no special feature,Paved,,Property Damage Only,0,0,0,0,0,0,5500,1,1,,POINT (-92.096781289755 41.691501736517)
2014802265,2014004325,04/21/2014,04-April,2-Monday,19:43,1900 Hours,District 6 (East Central),IOWA CITY,JOHNSON,,E BLOOMINGTON ST & VAN BUREN ST,Collision with:  Vehicle in traffic,On Roadway,Broadside (front to side),FTYROW:  From stop sign,None Indicated,,Dusk,Dry,Clear,None apparent,Intersection:  T-intersection,Paved,,Property Damage Only,0,0,0,0,0,0,2500,2,2,,POINT (-91.528661749845 41.664654978276)
2014795921,01-14-16633,04/21/2014,04-April,2-Monday,14:58,1400 Hours,District 6 (East Central),DUBUQUE,DUBUQUE,US 20,US 20/DODGE ST,Collision with:  Vehicle in traffic,On Roadway,Rear-end (front to rear),Lost Control,None Indicated,,Daylight,Dry,Clear,None apparent,Non-intersection:  Non-junction/no special feature,Paved,,Property Damage Only,0,0,0,0,0,0,11800,4,5,,POINT (-90.709757475981 42.492275798827)
2014795891,,04/21/2014,04-April,2-Monday,13:01,1300 Hours,District 4 (Southwest),,GUTHRIE,,BURL LN,Non-collision events:  Other non-collision (explain in narrative),On Roadway,Non-collision (single vehicle),Driving too fast for conditions,None Indicated,,Daylight,"Mud, dirt",Clear,"Surface condition (e.g., wet, icy)",Non-intersection:  Non-junction/no special feature,Unpaved,,Property Damage Only,0,0,0,0,0,0,5000,1,1,,POINT (-94.719593451753 41.814914944125)
2014798815,14-4506,04/21/2014,04-April,2-Monday,13:41,1300 Hours,District 3 (Northwest),,SIOUX,,CHERRY AVE,Collision with fixed object:  Ditch,Shoulder,Non-collision (single vehicle),Other (explain in narrative):  Other,None Indicated,,Daylight,Dry,Clear,"Shoulders (none, low, soft, high)",Non-intersection:  Non-junction/no special feature,Unpaved,,Minor Injury,0,1,0,1,0,0,30000,1,1,,POINT (-96.451863911677 43.200948849063)
2014795922,01-14-16699,04/21/2014,04-April,2-Monday,21:03,2100 Hours,District 6 (East Central),DUBUQUE,DUBUQUE,,W 17TH ST,Collision with:  Vehicle in traffic,On Roadway,"Sideswipe, opposite direction",Improper Backing,None Indicated,,Dark - roadway not lighted,Dry,Clear,None apparent,Non-intersection:  Non-junction/no special feature,Paved,,Property Damage Only,0,0,0,0,0,0,3500,2,1,,POINT (-90.678364672303 42.506061213325)
2014796170,14-12157,04/22/2014,04-April,3-Tuesday,14:26,1400 Hours,District 3 (Northwest),SIOUX CITY,WOODBURY,,28TH ST,Collision with:  Vehicle in traffic,On Roadway,"Sideswipe, opposite direction",Other (explain in narrative):  Other,None Indicated,,Daylight,Dry,Clear,None apparent,Non-intersection:  Non-junction/no special feature,Paved,,Property Damage Only,0,0,0,0,0,0,3000,2,3,,POINT (-96.357532104954 42.518949632879)
2014796494,14004875,04/22/2014,04-April,3-Tuesday,15:35,1500 Hours,District 4 (Southwest),,MILLS,,ELROD AVE,Non-collision events:  Overturn/rollover,On Roadway,Non-collision (single vehicle),Exceeded authorized speed,None Indicated,,Daylight,Dry,Clear,None apparent,Non-intersection:  Non-junction/no special feature,Unpaved,,Property Damage Only,0,0,0,0,0,0,4020,1,1,,POINT (-95.745223765648 41.095530348975)
2014795979,20140010780,04/22/2014,04-April,3-Tuesday,14:23,1400 Hours,District 1 (Central),DES MOINES,POLK,US 69,US 69/SE 14TH ST,Collision with:  Vehicle in traffic,On Roadway,Broadside (front to side),Crossed centerline (undivided),None Indicated,,Daylight,Dry,Clear,None apparent,Non-intersection:  Crossover-related,Paved,,Property Damage Only,0,0,0,0,0,0,13000,2,2,,POINT (-93.595635010213 41.518902434958)
2014795991,14-000830,04/22/2014,04-April,3-Tuesday,15:25,1500 Hours,District 1 (Central),ALTOONA,POLK,,8TH ST SW & 34TH AVE SW,Collision with:  Vehicle in traffic,On Roadway,Rear-end (front to rear),Other (explain in narrative):  Other,None Indicated,,Daylight,Dry,Clear,None apparent,Non-intersection:  Non-junction/no special feature,Paved,,Property Damage Only,0,0,0,0,0,0,4000,2,2,,POINT (-93.50312454925 41.644122262055)
2014795752,1404221-A,04/22/2014,04-April,3-Tuesday,09:43,0900 Hours,District 4 (Southwest),RED OAK,MONTGOMERY,,2ND ST,Collision with:  Vehicle in traffic,On Roadway,"Sideswipe, same direction",Other (explain in narrative):  Other,None Indicated,,Daylight,Dry,Clear,None apparent,Non-intersection:  Non-junction/no special feature,Paved,,Property Damage Only,0,0,0,0,0,0,3750,2,1,,POINT (-95.23034355106 41.011277311795)
2014796638,14001979,04/22/2014,04-April,3-Tuesday,18:09,1800 Hours,District 1 (Central),AMES,STORY,,AIRPORT RD,Collision with:  Vehicle in traffic,On Roadway,"Angle, oncoming left turn",FTYROW:  Making left turn,None Indicated,,Daylight,Dry,Clear,None apparent,Intersection:  Other intersection (explain in narrative),Paved,,Property Damage Only,0,0,0,0,0,0,6000,3,4,,POINT (-93.611702676304 42.00108817833)
2014795782,20140010767,04/22/2014,04-April,3-Tuesday,12:30,1200 Hours,District 1 (Central),DES MOINES,POLK,US 6,US 6/E EUCLID AVE,Collision with:  Vehicle in traffic,On Roadway,"Angle, oncoming left turn",FTYROW:  Making left turn,None Indicated,,Daylight,Dry,Clear,None apparent,Non-intersection:  Driveway access (within),Paved,,Property Damage Only,0,0,0,0,0,0,7000,2,2,,POINT (-93.617043861938 41.627714546608)
2014795971,20140010801,04/22/2014,04-April,3-Tuesday,16:46,1600 Hours,District 1 (Central),DES MOINES,POLK,I-235,I-235,Collision with:  Vehicle in traffic,On Roadway,"Sideswipe, same direction",FTYROW:  Other (explain in narrative),None Indicated,,Daylight,Dry,Clear,None apparent,Non-intersection:  Non-junction/no special feature,Paved,,Property Damage Only,0,0,0,0,0,0,2500,2,2,,POINT (-93.675116450812 41.591341310911)
2014797314,20141369,04/22/2014,04-April,3-Tuesday,20:55,2000 Hours,District 1 (Central),,GRUNDY,,Co Rd T53/S AVE,Collision with:  Vehicle in traffic,On Roadway,Rear-end (front to rear),Swerving/Evasive Action,None Indicated,,Dark - roadway not lighted,Dry,Clear,None apparent,Non-intersection:  Non-junction/no special feature,Paved,,Fatal,1,2,0,1,1,0,26500,2,3,,POINT (-92.670835002066 42.375082163611)
2014796217,063-2014,04/22/2014,04-April,3-Tuesday,20:37,2000 Hours,District 4 (Southwest),,HARRISON,,Co Rd F58/296TH ST,Collision with:  Animal,,,Animal,None Indicated,,,,,,,Paved,,Property Damage Only,0,0,0,0,0,0,7500,1,1,,POINT (-95.791721172262 41.575251361009)
2014795968,20140010786,04/22/2014,04-April,3-Tuesday,15:53,1500 Hours,District 1 (Central),DES MOINES,POLK,,E COURT AVE & E 6TH ST,Collision with:  Vehicle in traffic,On Roadway,Rear-end (front to rear),Followed too close,None Indicated,,Daylight,Dry,Clear,None apparent,Intersection:  Four-way intersection,Paved,,Property Damage Only,0,0,0,0,0,0,4000,2,2,,POINT (-93.60897172492 41.587639417113)
2014797727,14057658,04/22/2014,04-April,3-Tuesday,13:01,1300 Hours,District 6 (East Central),,JOHNSON,,HWY 965 NW,Collision with fixed object:  Ditch,Roadside,Non-collision (single vehicle),Crossed centerline (undivided),None Indicated,,Daylight,Dry,Clear,None apparent,Non-intersection:  Driveway access (within),Paved,,Minor Injury,0,1,0,1,0,0,3500,1,1,,POINT (-91.675408173167 41.859860415456)
2014796175,14-0185,04/22/2014,04-April,3-Tuesday,09:37,0900 Hours,District 5 (Southeast),,DECATUR,US 69,US 69,Collision with fixed object:  Culvert/pipe opening,On Roadway,Non-collision (single vehicle),Ran off road - right,None Indicated,,Daylight,Dry,Clear,None apparent,Non-intersection:  Non-junction/no special feature,Paved,,Major Injury,0,1,1,0,0,0,10000,1,1,,POINT (-93.825898391628 40.628714547955)
2014795747,14008013,04/22/2014,04-April,3-Tuesday,07:50,0700 Hours,District 6 (East Central),MARION,LINN,,29TH AVE,Collision with:  Vehicle in traffic,On Roadway,Rear-end (front to rear),Followed too close,None Indicated,,Daylight,Dry,Clear,None apparent,Non-intersection:  Non-junction/no special feature,Paved,,Property Damage Only,0,0,0,0,0,0,3200,2,2,,POINT (-91.604898268284 42.050943885217)
2014796027,W14-039161,04/22/2014,04-April,3-Tuesday,18:28,1800 Hours,District 2 (Northeast),WATERLOO,BLACK HAWK,US 63,US 63/W 1ST ST & JEFFERSON ST,Collision with:  Vehicle in traffic,On Roadway,"Sideswipe, same direction",Made improper turn,None Indicated,,Daylight,Dry,Clear,None apparent,Non-intersection:  Non-junction/no special feature,Paved,,Property Damage Only,0,0,0,0,0,0,2000,2,3,,POINT (-92.344967791491 42.4971637559)
2014797574,141927,04/22/2014,04-April,3-Tuesday,16:27,1600 Hours,District 1 (Central),IOWA FALLS,HARDIN,,WASHINGTON AVE & STEVENS ST,Collision with:  Vehicle in traffic,On Roadway,"Sideswipe, same direction",FTYROW:  From parked position,None Indicated,,Daylight,Dry,Clear,None apparent,Non-intersection:  Non-junction/no special feature,Paved,,Possible/Unknown,0,1,0,0,0,1,4000,2,2,,POINT (-93.264169489893 42.519633797076)
2014796078,14002199,04/22/2014,04-April,3-Tuesday,15:57,1500 Hours,District 3 (Northwest),SHELDON,OBRIEN,US 18,US 18/PARK ST & 7TH AVE,Collision with:  Vehicle in traffic,On Roadway,Rear-end (front to rear),Other (explain in narrative):  Other,None Indicated,,Daylight,Dry,Clear,None apparent,Non-intersection:  Non-junction/no special feature,Paved,,Property Damage Only,0,0,0,0,0,0,1700,2,2,,POINT (-95.846822814718 43.185963030694)
2014798862,,04/22/2014,04-April,3-Tuesday,08:10,0800 Hours,District 6 (East Central),CEDAR RAPIDS,LINN,,,Collision with:  Vehicle in traffic,On Roadway,Rear-end (front to rear),Unknown,None Indicated,,,,,,,,,Property Damage Only,0,0,0,0,0,0,3000,2,2,,POINT (-96.643700149993 40.233091251414)
2014795756,14-2639,04/22/2014,04-April,3-Tuesday,00:16,0000 Hours,District 1 (Central),DES MOINES,POLK,,NE 44TH DR,Non-collision events:  Overturn/rollover,On Roadway,Non-collision (single vehicle),Exceeded authorized speed,Under Influence of Alcohol/Drugs/Medications,,Dark - roadway lighted,Dry,Clear,None apparent,Intersection:  Y-intersection,Paved,,Possible/Unknown,0,1,0,0,0,1,10000,1,2,,POINT (-93.525400960593 41.63544775436)
2014796398,14-13382,04/22/2014,04-April,3-Tuesday,12:05,1200 Hours,District 5 (Southeast),BURLINGTON,DES MOINES,,W AGENCY RD & S BROADWAY ST,Collision with:  Vehicle in traffic,Outside trafficway,"Sideswipe, same direction",Over correcting/over steering,None Indicated,,Daylight,Dry,Clear,None apparent,Non-intersection:  Non-junction/no special feature,Paved,,Property Damage Only,0,0,0,0,0,0,2000,2,1,,POINT (-91.156804985072 40.813331098967)
2014796438,14-9817,04/22/2014,04-April,3-Tuesday,18:57,1800 Hours,District 1 (Central),NEWTON,JASPER,,W 10TH ST N,Collision with:  Vehicle in traffic,On Roadway,Rear-end (front to rear),Improper Backing,None Indicated,,Dusk,Dry,Clear,None apparent,Non-intersection:  Non-junction/no special feature,Paved,,Property Damage Only,0,0,0,0,0,0,2000,2,3,,POINT (-93.065092164759 41.700292839286)
2014796047,14-002574,04/22/2014,04-April,3-Tuesday,20:57,2000 Hours,District 1 (Central),,HAMILTON,,Co Rd R27/TUNNEL MILL RD,Collision with:  Animal,,Non-collision (single vehicle),Animal,None Indicated,,,,,,,Paved,,Property Damage Only,0,0,0,0,0,0,5000,1,1,,POINT (-93.854977113418 42.336630874278)
2014795914,CL14001186,04/22/2014,04-April,3-Tuesday,17:01,1700 Hours,District 6 (East Central),CLINTON,CLINTON,,13TH AVE N & SPRINGDALE DR,Collision with:  Vehicle in traffic,On Roadway,Broadside (front to side),Ran Traffic Signal,None Indicated,,Daylight,Dry,Clear,None apparent,Intersection:  Four-way intersection,Paved,,Property Damage Only,0,0,0,0,0,0,7000,2,5,,POINT (-90.206055396404 41.85932356213)
2014795928,01-14-16774,04/22/2014,04-April,3-Tuesday,12:12,1200 Hours,District 6 (East Central),DUBUQUE,DUBUQUE,,W 10TH ST,Collision with:  Vehicle in traffic,On Roadway,Broadside (front to side),Ran Traffic Signal,None Indicated,,Daylight,Dry,Clear,None apparent,Intersection:  Four-way intersection,Paved,,Property Damage Only,0,0,0,0,0,0,4500,2,3,,POINT (-90.66901611611 42.502170207557)
2014795995,14-015609,04/22/2014,04-April,3-Tuesday,16:50,1600 Hours,District 4 (Southwest),COUNCIL BLUFFS,POTTAWATTAMIE,,AVE H & N 31ST ST,Collision with:  Vehicle in traffic,On Roadway,Broadside (front to side),FTYROW:  At uncontrolled intersection,None Indicated,,Daylight,Dry,Cloudy,None apparent,Intersection:  Four-way intersection,Paved,,Property Damage Only,0,0,0,0,0,0,14000,2,2,,POINT (-95.894120621126 41.269075815175)
2014805958,S201400731,04/22/2014,04-April,3-Tuesday,12:13,1200 Hours,District 3 (Northwest),,PALO ALTO,US 18,US 18/360 ST,Collision with:  Vehicle in traffic,On Roadway,Rear-end (front to rear),Other (explain in narrative):  Other,None Indicated,,Daylight,Dry,Clear,Work Zone (roadway-related),Non-intersection:  Non-junction/no special feature,Paved,Yes,Major Injury,0,4,2,0,2,0,26000,3,5,,POINT (-94.821856064875 43.126567666629)
2014796046,14-002573,04/22/2014,04-April,3-Tuesday,20:55,2000 Hours,District 1 (Central),,HAMILTON,,Co Rd D20/210TH ST,Collision with:  Animal,,,Animal,None Indicated,,,,,,,Paved,,Property Damage Only,0,0,0,0,0,0,2500,1,1,,POINT (-93.835641009069 42.485929662772)
2014795999,14-7365,04/22/2014,04-April,3-Tuesday,14:59,1400 Hours,District 6 (East Central),BETTENDORF,SCOTT,US 67,US 67/GRANT ST & 12TH ST,Collision with:  Vehicle in traffic,On Roadway,"Angle, oncoming left turn",Made improper turn,None Indicated,,Daylight,Dry,Clear,Work Zone (roadway-related),Intersection:  Four-way intersection,Paved,Yes,Property Damage Only,0,0,0,0,0,0,6500,2,2,,POINT (-90.516057905098 41.526225886151)
2014796945,42214-214,04/22/2014,04-April,3-Tuesday,04:30,0400 Hours,District 3 (Northwest),STORM LAKE,BUENA VISTA,,LINCOLN RD,Collision with fixed object:  Mailbox,Roadside,Non-collision (single vehicle),Lost Control,None Indicated,,Dark - unknown roadway lighting,Dry,Clear,Unknown,Non-intersection:  Driveway access (within),Paved,,Property Damage Only,0,0,0,0,0,0,2200,1,1,,POINT (-95.193458582931 42.651139473565)
2014795905,14-6786,04/22/2014,04-April,3-Tuesday,21:49,2100 Hours,District 2 (Northeast),,BREMER,US 218,US 218,Collision with:  Vehicle in traffic,On Roadway,"Sideswipe, same direction",Crossed centerline (undivided),None Indicated,,Dark - roadway not lighted,Dry,Clear,None apparent,Non-intersection:  Non-junction/no special feature,Paved,,Property Damage Only,0,0,0,0,0,0,3200,2,5,,POINT (-92.546681516262 42.888520788027)
2014795992,14-015533,04/22/2014,04-April,3-Tuesday,08:01,0800 Hours,District 4 (Southwest),COUNCIL BLUFFS,POTTAWATTAMIE,US 275,US 275/VETERANS MEMORIAL HWY,Collision with:  Vehicle in traffic,On Roadway,Broadside (front to side),FTYROW:  From stop sign,None Indicated,,Daylight,Dry,Clear,None apparent,Intersection:  Four-way intersection,Paved,,Property Damage Only,0,0,0,0,0,0,7500,2,2,,POINT (-95.904158671018 41.20980434265)
2014796689,2014024689,04/22/2014,04-April,3-Tuesday,06:17,0600 Hours,District 5 (Southeast),,WAYNE,,Co Rd J22/J22,Collision with:  Animal,On Roadway,Non-collision (single vehicle),Animal,None Indicated,,Daylight,Dry,Clear,None apparent,Non-intersection:  Non-junction/no special feature,Paved,,Minor Injury,0,1,0,1,0,0,4500,1,1,,POINT (-93.478861581433 40.85531330015)
2014796592,14-7341,04/22/2014,04-April,3-Tuesday,07:08,0700 Hours,District 6 (East Central),BETTENDORF,SCOTT,,MIDDLE RD & PARKWAY DR,Collision with:  Vehicle in traffic,On Roadway,Rear-end (front to rear),Driving too fast for conditions,None Indicated,,Dawn,Dry,Clear,None apparent,Non-intersection:  Non-junction/no special feature,Paved,,Property Damage Only,0,0,0,0,0,0,1500,2,2,,POINT (-90.510763621134 41.543331502433)
2014797035,1-14-000145,04/22/2014,04-April,3-Tuesday,10:30,1000 Hours,District 4 (Southwest),,SHELBY,IA 44,IA 44/IOWA 44 & ELMWOOD RD,Collision with:  Vehicle in traffic,On Roadway,Broadside (front to side),FTYROW:  From stop sign,None Indicated,,Daylight,Dry,Clear,None apparent,Intersection:  Four-way intersection,Paved,,Possible/Unknown,0,1,0,0,1,0,13000,2,2,,POINT (-95.480320039761 41.645817730171)
2014796316,2014-08313,04/22/2014,04-April,3-Tuesday,13:59,1300 Hours,District 5 (Southeast),INDIANOLA,WARREN,US 65,US 65/N JEFFERSON WAY & E ASHLAND AVE,Collision with:  Vehicle in traffic,On Roadway,Rear-end (front to rear),Lost Control,None Indicated,,Daylight,Dry,Clear,None apparent,Intersection:  Four-way intersection,Paved,,Property Damage Only,0,0,0,0,0,0,4000,2,2,,POINT (-93.558328126145 41.361296320039)
2014795926,01-14-16825,04/22/2014,04-April,3-Tuesday,17:54,1700 Hours,District 6 (East Central),DUBUQUE,DUBUQUE,,CHERRY ST & ASBURY RD,Collision with:  Vehicle in traffic,On Roadway,Rear-end (front to rear),Lost Control,None Indicated,,Daylight,Dry,Clear,None apparent,Non-intersection:  Non-junction/no special feature,Paved,,Property Damage Only,0,0,0,0,0,0,4500,2,3,,POINT (-90.697014297968 42.500980522416)
2014798823,14-033,04/22/2014,04-April,3-Tuesday,17:05,1700 Hours,District 3 (Northwest),SIOUX CENTER,SIOUX,,13TH AVE NE,,On Roadway,Non-collision (single vehicle),Crossed centerline (undivided),None Indicated,,Daylight,Dry,Cloudy,None apparent,Non-intersection:  Non-junction/no special feature,Paved,,Minor Injury,0,1,0,1,0,0,2000,1,1,,POINT (-96.155873302192 43.094570601453)
2014796148,14-000498,04/22/2014,04-April,3-Tuesday,06:04,0600 Hours,District 1 (Central),,STORY,,Co Rd E26/CAMERON SCHOOL RD,Collision with:  Animal,,Non-collision (single vehicle),Animal,None Indicated,,,,,,,Paved,,Property Damage Only,0,0,0,0,0,0,4000,1,1,,POINT (-93.674031786108 42.070710967764)
2014796104,14-1865,04/22/2014,04-April,3-Tuesday,23:44,2300 Hours,District 1 (Central),WEST DES MOINES,POLK,I-35,I-35,Non-collision events:  Overturn/rollover,Gore,Non-collision (single vehicle),Over correcting/over steering,None Indicated,,Dark - roadway lighted,Dry,Clear,None apparent,Interchange-related:  On-ramp merge area,Paved,,Possible/Unknown,0,1,0,0,1,0,5000,1,1,,POINT (-93.776053075701 41.598036146795)
2014795908,14-092,04/22/2014,04-April,3-Tuesday,22:28,2200 Hours,District 2 (Northeast),WAVERLY,BREMER,,1ST AVE NW & 6TH ST NW,Collision with:  Vehicle in traffic,On Roadway,Rear-end (front to rear),Ran off road - right,None Indicated,,Dark - roadway not lighted,Dry,Clear,None apparent,Non-intersection:  Non-junction/no special feature,Paved,,Minor Injury,0,1,0,1,0,0,7500,2,1,,POINT (-92.478164679334 42.726717760682)
2014796094,20140010793,04/22/2014,04-April,3-Tuesday,16:10,1600 Hours,District 1 (Central),DES MOINES,POLK,,E ARMY POST RD,Collision with:  Vehicle in traffic,On Roadway,Head-on (front to front),Crossed centerline (undivided),None Indicated,,Daylight,Dry,Clear,None apparent,Non-intersection:  Driveway access (within),Paved,,Major Injury,0,2,1,0,1,0,14000,2,2,,POINT (-93.592011015869 41.526289168162)
2014796282,S14-001321,04/22/2014,04-April,3-Tuesday,01:50,0100 Hours,District 4 (Southwest),,POTTAWATTAMIE,,HUDSON AVE & PERRY RD,Non-collision events:  Overturn/rollover,Outside trafficway,Non-collision (single vehicle),Driving too fast for conditions,Drug,,Dark - roadway not lighted,Dry,Clear,None apparent,Non-intersection:  Non-junction/no special feature,Paved,,Major Injury,0,1,1,0,0,0,5000,1,1,,POINT (-95.803601038812 41.311711113582)
2014796095,20140010795,04/22/2014,04-April,3-Tuesday,16:17,1600 Hours,District 1 (Central),DES MOINES,POLK,,55TH ST,Collision with:  Vehicle in traffic,On Roadway,Rear-end (front to rear),Over correcting/over steering,None Indicated,,Daylight,Dry,Clear,None apparent,Non-intersection:  Non-junction/no special feature,Paved,,Possible/Unknown,0,1,0,0,1,0,3300,2,1,,POINT (-93.693806531926 41.630258241883)
2014795994,14-015577,04/22/2014,04-April,3-Tuesday,13:58,1300 Hours,District 4 (Southwest),COUNCIL BLUFFS,POTTAWATTAMIE,IA 192,IA 192/S 6TH ST,Collision with:  Parked motor vehicle,On Roadway,"Sideswipe, same direction",Other (explain in narrative):  Other,None Indicated,,Daylight,Dry,Clear,None apparent,Non-intersection:  Non-junction/no special feature,Paved,,Property Damage Only,0,0,0,0,0,0,1500,2,777,,POINT (-95.852457455117 41.259696110827)