Iowa DOT Case Number,Law Enforcement Case Number,Date of Crash,Month of Crash,Day of Week,Time of Crash,Hour,DOT District,City Name,County Name,Route with System,Location Description,First Harmful Event,Location of First Harmful Event,Manner of Crash/Collision,Major Cause,Drug or Alcohol ,Environmental Conditions,Light Conditions,Surface Conditions,Weather Conditions,Roadway Contribution,Roadway Type,Roadway Surface,Work Zone,Crash Severity,Number of Fatalities,Number of Injuries,Number of Major Injuries,Number of Minor Injuries,Number of Possible Injuries,Number of Unknown Injuries,Amount of Property Damage,Number of Vehicles Involved,Total Number of Occupants,Travel Direction,Location
2014795917,14-13368,04/22/2014,04-April,3-Tuesday,09:37,0900 Hours,District 5 (Southeast),BURLINGTON,DES MOINES,,SUMMER ST,Collision with:  Vehicle in traffic,On Roadway,"Sideswipe, same direction",Unknown,None Indicated,,Daylight,Wet,Clear,None apparent,Non-intersection:  Non-junction/no special feature,Paved,,Property Damage Only,0,0,0,0,0,0,1500,2,1,,POINT (-91.109939964982 40.796133376093)
2014796252,14-001746,04/22/2014,04-April,3-Tuesday,11:22,1100 Hours,District 1 (Central),ANKENY,POLK,I-35,I-35,Collision with:  Vehicle in traffic,On Roadway,"Sideswipe, same direction",Improper or erratic lane changing,None Indicated,,Daylight,Dry,Clear,None apparent,Non-intersection:  Non-junction/no special feature,Paved,,Possible/Unknown,0,1,0,0,1,0,1500,2,4,,POINT (-93.575962584258 41.69371592686)
2014795956,1400000339,04/22/2014,04-April,3-Tuesday,06:30,0600 Hours,District 1 (Central),,MARSHALL,,Co Rd T29/WALLACE AVE,Collision with:  Animal,,Non-collision (single vehicle),Animal,None Indicated,,,,,,,Paved,,Property Damage Only,0,0,0,0,0,0,3500,1,1,,POINT (-92.824666272588 42.055939289079)
2014796058,2014004360,04/22/2014,04-April,3-Tuesday,19:16,1900 Hours,District 6 (East Central),IOWA CITY,JOHNSON,,IOWA AVE,Collision with:  Vehicle in traffic,On Roadway,"Angle, oncoming left turn",FTYROW:  Making left turn,None Indicated,,Daylight,Dry,Cloudy,None apparent,Non-intersection:  Driveway access (within),Paved,,Minor Injury,0,1,0,1,0,0,700,2,2,,POINT (-91.530961615153 41.661234779143)
2014852935,,04/22/2014,04-April,3-Tuesday,19:42,1900 Hours,District 6 (East Central),WALCOTT,SCOTT,I-80,I-80,,On Roadway,Non-collision (single vehicle),Swerving/Evasive Action,None Indicated,,Daylight,Dry,Clear,Obstruction in roadway,Non-intersection:  Non-junction/no special feature,Paved,,Property Damage Only,0,0,0,0,0,0,3200,1,1,,POINT (-90.789978020504 41.617930577889)
2014796168,14-12151,04/22/2014,04-April,3-Tuesday,15:28,1500 Hours,District 3 (Northwest),SIOUX CITY,WOODBURY,,W 21ST ST & REBECCA ST,Collision with:  Vehicle in traffic,On Roadway,Broadside (front to side),FTYROW:  From stop sign,None Indicated,,Daylight,Dry,Clear,None apparent,Intersection:  Four-way intersection,Paved,,Property Damage Only,0,0,0,0,0,0,6000,3,6,,POINT (-96.425634247993 42.512240525052)
2014796161,14-004408,04/22/2014,04-April,3-Tuesday,21:30,2100 Hours,District 1 (Central),,TAMA,,Co Rd E69/HWY E69 & H AVE,Collision with fixed object:  Ditch,Outside trafficway,Non-collision (single vehicle),Swerving/Evasive Action,Alcohol (Statutory),,Dark - roadway not lighted,Dry,Clear,None apparent,Non-intersection:  Non-junction/no special feature,Paved,,Property Damage Only,0,0,0,0,0,0,3000,1,1,,POINT (-92.630331467664 41.876956069404)
2014795904,W14-039176,04/22/2014,04-April,3-Tuesday,18:50,1800 Hours,District 2 (Northeast),WATERLOO,BLACK HAWK,,E SAN MARNAN DR & LA PORTE RD,Collision with:  Vehicle in traffic,On Roadway,Rear-end (front to rear),Driver Distraction:  Manual operation of an electronic communication device,None Indicated,,Daylight,Dry,Clear,None apparent,Intersection:  Four-way intersection,Paved,,Property Damage Only,0,0,0,0,0,0,2000,2,3,,POINT (-92.320889588555 42.467367338476)
2014833427,1408042201,04/22/2014,04-April,3-Tuesday,07:00,0700 Hours,District 6 (East Central),,IOWA,US 151,US 151/U AVE,Collision with:  Animal,,,Animal,None Indicated,,,,,,,Paved,,Property Damage Only,0,0,0,0,0,0,2500,1,1,,POINT (-91.90887553005 41.764061114593)
2014796721,,04/22/2014,04-April,3-Tuesday,07:28,0700 Hours,District 6 (East Central),DE WITT,CLINTON,,11TH ST & 11TH AVE,Collision with:  Vehicle in traffic,On Roadway,Broadside (front to side),Ran Traffic Signal,None Indicated,,Daylight,Dry,Clear,None apparent,Intersection:  Four-way intersection,Paved,,Minor Injury,0,3,0,2,1,0,27000,2,3,,POINT (-90.546279378342 41.825989209443)
2014795980,20140010817,04/22/2014,04-April,3-Tuesday,17:30,1700 Hours,District 1 (Central),DES MOINES,POLK,,GRAND AVE,Collision with:  Vehicle in traffic,On Roadway,Rear-end (front to rear),Unknown,None Indicated,,Daylight,Dry,Clear,None apparent,Non-intersection:  Non-junction/no special feature,Paved,,Property Damage Only,0,0,0,0,0,0,2500,2,2,,POINT (-93.629455986851 41.586871563771)
2014795967,20140010783,04/22/2014,04-April,3-Tuesday,15:05,1500 Hours,District 1 (Central),DES MOINES,POLK,US 69,US 69/E 14TH ST & GARFIELD AVE,Collision with:  Vehicle in traffic,On Roadway,"Angle, oncoming left turn",FTYROW:  From stop sign,None Indicated,,Daylight,Dry,Clear,None apparent,Intersection:  Four-way intersection,Paved,,Possible/Unknown,0,1,0,0,1,0,9000,2,2,,POINT (-93.600505669216 41.602329728558)
2014795913,14-2174,04/22/2014,04-April,3-Tuesday,12:07,1200 Hours,District 3 (Northwest),CHEROKEE,CHEROKEE,US 59,US 59/S 2ND ST,Collision with:  Vehicle in traffic,On Roadway,Rear-end (front to rear),Followed too close,None Indicated,,Daylight,Dry,Clear,None apparent,Non-intersection:  Non-junction/no special feature,Paved,,Minor Injury,0,1,0,1,0,0,7500,2,2,,POINT (-95.552051542691 42.735233393687)
2014795978,20140010746,04/22/2014,04-April,3-Tuesday,08:23,0800 Hours,District 1 (Central),DES MOINES,POLK,IA 28,IA 28/63RD ST,Collision with fixed object:  Ditch,Outside trafficway,Non-collision (single vehicle),Ran off road - left,None Indicated,,Daylight,Dry,Clear,None apparent,Non-intersection:  Non-junction/no special feature,Paved,,Possible/Unknown,0,1,0,0,1,0,4000,1,1,,POINT (-93.697169486291 41.5266635256)
2014795996,14-015623,04/22/2014,04-April,3-Tuesday,18:00,1800 Hours,District 4 (Southwest),COUNCIL BLUFFS,POTTAWATTAMIE,,NORTH AVE,Collision with:  Vehicle in traffic,On Roadway,"Sideswipe, same direction",Other (explain in narrative):  Other,None Indicated,,Daylight,Dry,Cloudy,None apparent,Non-intersection:  Non-junction/no special feature,Paved,,Property Damage Only,0,0,0,0,0,0,1500,2,1,,POINT (-95.831225630836 41.273532015301)
2014795923,01-14-16732,04/22/2014,04-April,3-Tuesday,06:47,0600 Hours,District 6 (East Central),DUBUQUE,DUBUQUE,,W LOCUST ST,Collision with:  Parked motor vehicle,On Roadway,"Sideswipe, same direction",Swerving/Evasive Action,None Indicated,,Daylight,Dry,Clear,None apparent,Non-intersection:  Non-junction/no special feature,Paved,,Property Damage Only,0,0,0,0,0,0,2000,2,3,,POINT (-90.690618964254 42.5077587728)
2014799816,14C01779,04/22/2014,04-April,3-Tuesday,08:00,0800 Hours,District 4 (Southwest),CRESTON,UNION,,W PRAIRIE ST & N OAK ST,Collision with:  Vehicle in traffic,On Roadway,Broadside (front to side),Ran Stop Sign,None Indicated,,Daylight,Dry,Clear,None apparent,Intersection:  Four-way intersection,Paved,,Possible/Unknown,0,1,0,0,1,0,9000,2,4,,POINT (-94.365034515925 41.067960917154)
2014796298,2014-24808,04/22/2014,04-April,3-Tuesday,02:18,0200 Hours,District 6 (East Central),DAVENPORT,SCOTT,,W 36TH ST,Collision with:  Parked motor vehicle,On Roadway,Head-on (front to front),Lost Control,Alcohol (Statutory),,Dark - roadway lighted,Dry,Clear,None apparent,Non-intersection:  Non-junction/no special feature,Paved,,Minor Injury,0,1,0,1,0,0,20000,2,3,,POINT (-90.60107870898 41.556375111913)
2014795948,201401265,04/22/2014,04-April,3-Tuesday,07:45,0700 Hours,District 6 (East Central),,LINN,US 151,US 151,Collision with:  Vehicle in traffic,On Roadway,Rear-end (front to rear),Followed too close,None Indicated,,Daylight,Dry,Clear,None apparent,Non-intersection:  Non-junction/no special feature,Paved,,Property Damage Only,0,0,0,0,0,0,2000,2,2,,POINT (-91.550210040022 42.021544859691)
2014796169,14-12154,04/22/2014,04-April,3-Tuesday,15:38,1500 Hours,District 3 (Northwest),SIOUX CITY,WOODBURY,US 20,US 20/RAMP,Collision with:  Vehicle in traffic,On Roadway,"Sideswipe, same direction",FTYROW:  From yield sign,None Indicated,,Daylight,Dry,Clear,None apparent,Intersection:  Intersection with ramp,Paved,,Property Damage Only,0,0,0,0,0,0,3000,2,2,,POINT (-96.342088451599 42.443889445835)
2014796054,C14001229,04/22/2014,04-April,3-Tuesday,07:56,0700 Hours,District 6 (East Central),CORALVILLE,JOHNSON,,5TH ST & 18TH AVE,Non-collision events:  Other non-collision (explain in narrative),On Roadway,Non-collision (single vehicle),FTYROW:  Making left turn,None Indicated,,Daylight,Dry,Clear,None apparent,Intersection:  T-intersection,Paved,,Minor Injury,0,1,0,1,0,0,1200,1,1,,POINT (-91.588885747904 41.679560062588)
2014797573,141921,04/22/2014,04-April,3-Tuesday,13:50,1300 Hours,District 1 (Central),IOWA FALLS,HARDIN,,ESTES ST,Collision with:  Vehicle in traffic,On Roadway,Broadside (front to side),FTYROW:  From driveway,None Indicated,,Daylight,Dry,Clear,None apparent,Non-intersection:  Driveway access (within),Paved,,Property Damage Only,0,0,0,0,0,0,1900,2,2,,POINT (-93.263199451388 42.520563630985)
2014796057,2014004355,04/22/2014,04-April,3-Tuesday,11:30,1100 Hours,District 6 (East Central),IOWA CITY,JOHNSON,,N CLINTON ST & E MARKET ST,Collision with:  Vehicle in traffic,On Roadway,"Angle, oncoming left turn",Made improper turn,None Indicated,,Daylight,Dry,Clear,None apparent,Non-intersection:  Non-junction/no special feature,Paved,,Minor Injury,0,1,0,1,0,0,1000,2,2,,POINT (-91.534583368088 41.663595781234)
2014795903,W14-039112,04/22/2014,04-April,3-Tuesday,16:10,1600 Hours,District 2 (Northeast),WATERLOO,BLACK HAWK,,MULBERRY ST & ELM ST,Collision with:  Vehicle in traffic,On Roadway,Broadside (front to side),Ran Stop Sign,None Indicated,,Daylight,Dry,Clear,None apparent,Intersection:  Four-way intersection,Paved,,Property Damage Only,0,0,0,0,0,0,8000,2,2,,POINT (-92.323955388826 42.494448053584)
2014802955,A14028,04/22/2014,04-April,3-Tuesday,08:29,0800 Hours,District 5 (Southeast),KNOXVILLE,MARION,,W MONTGOMERY ST & E MONTGOMERY ST & S ROCHE ST,Collision with:  Vehicle in traffic,On Roadway,Broadside (front to side),Ran Stop Sign,None Indicated,,Daylight,Dry,Cloudy,None apparent,Intersection:  Four-way intersection,Paved,,Property Damage Only,0,0,0,0,0,0,2000,2,3,,POINT (-93.099907803533 41.317109410864)
2014795972,20140010809,04/22/2014,04-April,3-Tuesday,17:40,1700 Hours,District 1 (Central),DES MOINES,POLK,,GRAND AVE & E GRAND AVE & 2ND AVE,Collision with:  Vehicle in traffic,On Roadway,Rear-end (front to rear),Followed too close,None Indicated,,Daylight,Dry,Clear,None apparent,Non-intersection:  Non-junction/no special feature,Paved,,Possible/Unknown,0,2,0,0,2,0,3000,2,3,,POINT (-93.620284771728 41.588830946884)
2014796836,,04/22/2014,04-April,3-Tuesday,01:00,0100 Hours,District 4 (Southwest),,MILLS,,240TH ST,Collision with fixed object:  Ditch,On Roadway,Non-collision (single vehicle),Traveling wrong way or on wrong side of road,None Indicated,,Dark - roadway not lighted,Dry,Clear,None apparent,Non-intersection:  Non-junction/no special feature,Unpaved,,Possible/Unknown,0,1,0,0,1,0,3000,1,1,,POINT (-95.727788367376 41.063754789482)
2014796055,C14001230,04/22/2014,04-April,3-Tuesday,10:04,1000 Hours,District 6 (East Central),CORALVILLE,JOHNSON,,CORAL RIDGE AVE & OAKDALE BLVD,Collision with:  Vehicle in traffic,On Roadway,Rear-end (front to rear),Followed too close,None Indicated,,Daylight,Dry,Clear,None apparent,Non-intersection:  Non-junction/no special feature,Paved,,Property Damage Only,0,0,0,0,0,0,7000,2,2,,POINT (-91.608122337963 41.708454438357)
2014796004,S14-3896,04/22/2014,04-April,3-Tuesday,17:19,1700 Hours,District 3 (Northwest),LAWTON,WOODBURY,US 20,US 20,Collision with:  Vehicle in traffic,On Roadway,Rear-end (front to rear),Crossed centerline (undivided),None Indicated,,Daylight,Dry,Clear,None apparent,Non-intersection:  Non-junction/no special feature,Paved,,Possible/Unknown,0,1,0,0,1,0,9000,2,2,,POINT (-96.232480434907 42.475193799248)
2014796207,14006243,04/22/2014,04-April,3-Tuesday,16:15,1600 Hours,District 2 (Northeast),MASON CITY,CERRO GORDO,,S EISENHOWER AVE,Collision with:  Vehicle in traffic,On Roadway,Broadside (front to side),FTYROW:  From stop sign,None Indicated,,Daylight,Dry,Clear,None apparent,Non-intersection:  Driveway access (within),Paved,,Minor Injury,0,3,0,2,1,0,3000,2,3,,POINT (-93.260616507642 43.146179958126)
2014795973,20140010813,04/22/2014,04-April,3-Tuesday,17:37,1700 Hours,District 1 (Central),DES MOINES,POLK,,6TH AVE,Collision with:  Vehicle in traffic,On Roadway,Rear-end (front to rear),Other (explain in narrative):  Other,None Indicated,,Daylight,Dry,Clear,None apparent,Non-intersection:  Non-junction/no special feature,Paved,,Possible/Unknown,0,2,0,0,2,0,6000,2,2,,POINT (-93.625675058759 41.596629033071)
2014796492,14080,04/22/2014,04-April,3-Tuesday,16:10,1600 Hours,District 5 (Southeast),PELLA,MARION,,INDEPENDENCE ST & BROADWAY ST,Collision with:  Vehicle in traffic,On Roadway,"Sideswipe, same direction",FTYROW:  From parked position,None Indicated,,Daylight,Dry,Cloudy,None apparent,Non-intersection:  Non-junction/no special feature,Paved,,Property Damage Only,0,0,0,0,0,0,16000,2,2,,POINT (-92.918348991675 41.402795788009)
2014796392,14-13373,04/22/2014,04-April,3-Tuesday,10:05,1000 Hours,District 5 (Southeast),BURLINGTON,DES MOINES,,Co Rd X99/DMC 99 & OLD HWY 99,Collision with:  Vehicle in traffic,On Roadway,Rear-end (front to rear),Followed too close,None Indicated,,Daylight,Dry,Clear,None apparent,Non-intersection:  Non-junction/no special feature,Paved,,Major Injury,0,1,1,0,0,0,6500,2,3,,POINT (-91.111608810964 40.841776216806)
2014796171,14-12179,04/22/2014,04-April,3-Tuesday,19:01,1900 Hours,District 3 (Northwest),SIOUX CITY,WOODBURY,IA 12,IA 12/RIVERSIDE BLVD & LA PLANTE AVE,Collision with:  Vehicle in traffic,On Roadway,Rear-end (front to rear),Followed too close,None Indicated,,Daylight,Dry,Cloudy,None apparent,Non-intersection:  Non-junction/no special feature,Paved,,Property Damage Only,0,0,0,0,0,0,2200,2,2,,POINT (-96.475392116364 42.51888058446)
2014797904,2014-24846,04/22/2014,04-April,3-Tuesday,08:09,0800 Hours,District 6 (East Central),DAVENPORT,SCOTT,,E LOCUST ST & TREMONT AVE,Collision with:  Vehicle in traffic,On Roadway,Rear-end (front to rear),Followed too close,None Indicated,,Daylight,Dry,Clear,None apparent,Non-intersection:  Non-junction/no special feature,Paved,,Property Damage Only,0,0,0,0,0,0,4000,3,4,,POINT (-90.561459918092 41.538258012529)
2014795849,14-1156,04/22/2014,04-April,3-Tuesday,16:00,1600 Hours,District 1 (Central),FORT DODGE,WEBSTER,,1ST AVE S & S 15TH ST,Collision with:  Vehicle in traffic,On Roadway,"Angle, oncoming left turn",FTYROW:  Making left turn,None Indicated,,Daylight,Dry,Clear,None apparent,Intersection:  Four-way intersection,Paved,,Property Damage Only,0,0,0,0,0,0,4000,2,2,,POINT (-94.177690096935 42.505088187507)
2014795933,201401271,04/22/2014,04-April,3-Tuesday,16:22,1600 Hours,District 6 (East Central),SPRINGVILLE,LINN,US 151,US 151/DUBUQUE RD,Collision with:  Vehicle in traffic,On Roadway,Broadside (front to side),FTYROW:  From stop sign,None Indicated,,Daylight,Dry,Clear,None apparent,Intersection:  Four-way intersection,Paved,,Possible/Unknown,0,1,0,0,1,0,9000,2,4,,POINT (-91.449712777613 42.049096340862)
2014802992,20140010804,04/22/2014,04-April,3-Tuesday,16:50,1600 Hours,District 1 (Central),DES MOINES,POLK,,MLK JR PKWY,Collision with:  Vehicle in traffic,On Roadway,Rear-end (front to rear),Followed too close,None Indicated,,Daylight,Dry,Clear,None apparent,Non-intersection:  Non-junction/no special feature,Paved,,Property Damage Only,0,0,0,0,0,0,1500,3,3,,POINT (-93.644822159413 41.580598424865)
2014796690,2014024755,04/22/2014,04-April,3-Tuesday,10:22,1000 Hours,District 6 (East Central),,SCOTT,IA 130,IA 130/NEW LIBERTY RD,Non-collision events:  Overturn/rollover,Shoulder,"Sideswipe, opposite direction",Crossed centerline (undivided),None Indicated,,Daylight,Dry,Clear,"Shoulders (none, low, soft, high)",Non-intersection:  Non-junction/no special feature,Paved,,Possible/Unknown,0,1,0,0,1,0,21000,2,2,,POINT (-90.815044994761 41.683094234803)
2014796394,14-13403,04/22/2014,04-April,3-Tuesday,14:39,1400 Hours,District 5 (Southeast),BURLINGTON,DES MOINES,,SPRING ST,Collision with:  Parked motor vehicle,Roadside,Rear-end (front to rear),Improper Backing,None Indicated,,Daylight,Dry,Clear,None apparent,Non-intersection:  Alley,Paved,,Property Damage Only,0,0,0,0,0,0,2000,2,1,,POINT (-91.103686731114 40.816352370575)
2014804971,SO140141,04/22/2014,04-April,3-Tuesday,11:39,1100 Hours,District 4 (Southwest),NODAWAY,ADAMS,,9TH AVE & 4TH ST,Collision with:  Vehicle in traffic,On Roadway,Broadside (front to side),Unknown,None Indicated,,Daylight,Dry,Clear,None apparent,Non-intersection:  Non-junction/no special feature,Unpaved,,Property Damage Only,0,0,0,0,0,0,1800,2,2,,POINT (-94.893470327914 40.939264319039)
2014804448,1404222246,04/22/2014,04-April,3-Tuesday,23:00,2300 Hours,District 6 (East Central),OLIN,JONES,,E 2ND ST & WALL ST,Collision with:  Parked motor vehicle,On Roadway,Rear-end (front to rear),Exceeded authorized speed,None Indicated,,Dark - roadway lighted,Dry,Clear,None apparent,Intersection:  Four-way intersection,Paved,,Property Damage Only,0,0,0,0,0,0,2200,2,1,,POINT (-91.139065954145 41.997934966914)
2014796419,P14-004680,04/22/2014,04-April,3-Tuesday,11:10,1100 Hours,District 1 (Central),WEBSTER CITY,HAMILTON,,2ND ST,Collision with:  Parked motor vehicle,On Roadway,"Sideswipe, opposite direction",FTYROW:  From parked position,None Indicated,,Daylight,Dry,Cloudy,None apparent,Non-intersection:  Non-junction/no special feature,Paved,,Property Damage Only,0,0,0,0,0,0,2000,2,1,,POINT (-93.820568868642 42.469440820912)
2014795786,14-1843,04/22/2014,04-April,3-Tuesday,07:42,0700 Hours,District 1 (Central),WEST DES MOINES,POLK,I-80,I-80,Collision with:  Vehicle in traffic,On Roadway,Rear-end (front to rear),Followed too close,None Indicated,,Daylight,Dry,Clear,None apparent,Non-intersection:  Non-junction/no special feature,Paved,,Property Damage Only,0,0,0,0,0,0,6000,2,2,,POINT (-93.786277286972 41.592166035868)
2014795998,14-7343,04/22/2014,04-April,3-Tuesday,08:07,0800 Hours,District 6 (East Central),BETTENDORF,SCOTT,,TANGLEFOOT LN & DEVILS GLEN RD,Collision with:  Vehicle in traffic,On Roadway,Rear-end (front to rear),Lost Control,None Indicated,,Daylight,Dry,Clear,None apparent,Intersection:  Four-way intersection,Paved,,Property Damage Only,0,0,0,0,0,0,2500,2,4,,POINT (-90.483525464784 41.560669869991)
2014795781,20140010733,04/22/2014,04-April,3-Tuesday,04:00,0400 Hours,District 1 (Central),DES MOINES,POLK,IA 163,IA 163/E UNIVERSITY AVE,Collision with fixed object:  Curb/island/raised median,Shoulder,Non-collision (single vehicle),Ran off road - right,None Indicated,,Dark - roadway lighted,Dry,Cloudy,Unknown,Non-intersection:  Non-junction/no special feature,Paved,,Property Damage Only,0,0,0,0,0,0,6500,1,1,,POINT (-93.554481431425 41.600534288525)
2014795753,14002186,04/22/2014,04-April,3-Tuesday,01:30,0100 Hours,District 3 (Northwest),,OBRIEN,,Co Rd B40/390TH ST,Collision with fixed object:  Ditch,Shoulder,Non-collision (single vehicle),Ran off road - left,None Indicated,,Dark - roadway not lighted,Dry,Clear,None apparent,Non-intersection:  Non-junction/no special feature,Paved,,Possible/Unknown,0,1,0,0,1,0,5000,1,1,,POINT (-95.730480112328 43.084352333613)
2014810767,14-017-AC-C,04/22/2014,04-April,3-Tuesday,12:10,1200 Hours,District 3 (Northwest),MILFORD,DICKINSON,US 71,US 71/OKOBOJI AVE & 13TH ST,Collision with:  Vehicle in traffic,On Roadway,"Angle, oncoming left turn",Made improper turn,None Indicated,,Daylight,Dry,Clear,None apparent,Intersection:  Four-way intersection,Paved,,Property Damage Only,0,0,0,0,0,0,3500,2,2,,POINT (-95.149993312267 43.327943064146)
2014796631,14-001970,04/22/2014,04-April,3-Tuesday,13:19,1300 Hours,District 1 (Central),AMES,STORY,,SE 2ND ST & HIGH AVE,Collision with:  Vehicle in traffic,On Roadway,Broadside (front to side),FTYROW:  At uncontrolled intersection,None Indicated,,Daylight,Dry,Clear,None apparent,Intersection:  Four-way intersection,Paved,,Possible/Unknown,0,1,0,0,1,0,21423,2,3,,POINT (-93.607804452939 42.021589884765)
2014795925,01-14-16813,04/22/2014,04-April,3-Tuesday,17:08,1700 Hours,District 6 (East Central),DUBUQUE,DUBUQUE,,ATLANTIC ST,Collision with:  Parked motor vehicle,On Roadway,"Sideswipe, same direction",Downhill runaway,None Indicated,,Daylight,Dry,Clear,None apparent,Non-intersection:  Non-junction/no special feature,Paved,,Property Damage Only,0,0,0,0,0,0,6000,2,777,,POINT (-90.68911497918 42.499029392724)
2014795918,14-13448,04/22/2014,04-April,3-Tuesday,19:27,1900 Hours,District 5 (Southeast),BURLINGTON,DES MOINES,,ANGULAR ST & SUMMER ST,Collision with:  Vehicle in traffic,On Roadway,Rear-end (front to rear),Followed too close,None Indicated,,Daylight,Dry,Clear,None apparent,Intersection:  Four-way intersection,Paved,,Property Damage Only,0,0,0,0,0,0,2500,2,3,,POINT (-91.11400931678 40.801442540864)
2014795755,14-2642,04/22/2014,04-April,3-Tuesday,06:40,0600 Hours,District 1 (Central),,POLK,IA 415,IA 415/2ND AVE & NW 72ND PL,Collision with:  Vehicle in traffic,On Roadway,Rear-end (front to rear),Other (explain in narrative):  Other,None Indicated,,Daylight,Dry,Clear,None apparent,Intersection:  Four-way intersection,Paved,,Property Damage Only,0,0,0,0,0,0,2000,2,2,,POINT (-93.620258762042 41.692548652373)
2014795932,2014004336,04/22/2014,04-April,3-Tuesday,07:48,0700 Hours,District 6 (East Central),IOWA CITY,JOHNSON,US 218,US 218/NW RAMP CURV,Collision with:  Vehicle in traffic,On Roadway,Rear-end (front to rear),Followed too close,None Indicated,,Daylight,Dry,Clear,None apparent,Interchange-related:  Off-ramp,Paved,,Possible/Unknown,0,1,0,0,1,0,1600,2,2,,POINT (-91.569314704824 41.633437032821)
2014795970,20140010792,04/22/2014,04-April,3-Tuesday,16:00,1600 Hours,District 1 (Central),DES MOINES,POLK,US 6,US 6/DOUGLAS AVE/EUCLID AVE & MLK JR PKWY,Collision with:  Vehicle in traffic,On Roadway,Rear-end (front to rear),Followed too close,None Indicated,,Daylight,Dry,Cloudy,None apparent,Non-intersection:  Non-junction/no special feature,Paved,,Property Damage Only,0,0,0,0,0,0,2500,2,2,,POINT (-93.651425669362 41.627686978802)
2014795969,20140010789,04/22/2014,04-April,3-Tuesday,15:45,1500 Hours,District 1 (Central),DES MOINES,POLK,US 6,US 6/MERLE HAY RD,Collision with:  Vehicle in traffic,On Roadway,Rear-end (front to rear),"Operating vehicle in an reckless, erratic, careless, negligent manner",None Indicated,,Daylight,Dry,Clear,None apparent,Non-intersection:  Non-junction/no special feature,Paved,,Property Damage Only,0,0,0,0,0,0,3500,2,2,,POINT (-93.69776806561 41.628009490238)
2014796211,142786,04/22/2014,04-April,3-Tuesday,15:43,1500 Hours,District 4 (Southwest),,DALLAS,,250TH ST,Collision with:  Vehicle in traffic,On Roadway,Head-on (front to front),Crossed centerline (undivided),None Indicated,,Daylight,Dry,Clear,None apparent,Non-intersection:  Non-junction/no special feature,Unpaved,,Minor Injury,0,1,0,1,0,0,8000,2,2,,POINT (-93.907920075858 41.672901189501)
2014796067,201405624,04/23/2014,04-April,4-Wednesday,17:46,1700 Hours,District 6 (East Central),CEDAR RAPIDS,LINN,,CENTER POINT RD NE,Collision with:  Vehicle in traffic,On Roadway,Broadside (front to side),FTYROW:  From driveway,None Indicated,,Daylight,Wet,Cloudy,None apparent,Non-intersection:  Driveway access (within),Paved,,Property Damage Only,0,0,0,0,0,0,3250,2,2,,POINT (-91.66490150635 42.020063393679)
2014795984,14-1871,04/23/2014,04-April,4-Wednesday,11:45,1100 Hours,District 1 (Central),WEST DES MOINES,POLK,IA 28,IA 28/63RD ST & GRAND AVE,Collision with:  Vehicle in traffic,On Roadway,Head-on (front to front),FTYROW:  Making left turn,None Indicated,,Daylight,Wet,Rain,"Surface condition (e.g., wet, icy)",Intersection:  Four-way intersection,Paved,,Possible/Unknown,0,2,0,0,2,0,14562,3,3,,POINT (-93.703422244254 41.582695800847)
2014796029,201401767,04/23/2014,04-April,4-Wednesday,09:35,0900 Hours,District 1 (Central),,BOONE,IA 17,IA 17/S AVE & 230TH ST,Collision with:  Vehicle in traffic,On Roadway,"Angle, oncoming left turn",FTYROW:  From stop sign,None Indicated,,Daylight,Dry,Cloudy,None apparent,Intersection:  Four-way intersection,Paved,,Property Damage Only,0,0,0,0,0,0,9000,2,3,,POINT (-93.815347304131 42.023041225998)
2014796726,14005705,04/23/2014,04-April,4-Wednesday,20:49,2000 Hours,District 5 (Southeast),,APPANOOSE,,Co Rd J3T/HWY J3T,Collision with:  Animal,Shoulder,Non-collision (single vehicle),Animal,None Indicated,,Dark - roadway not lighted,Dry,Cloudy,None apparent,Non-intersection:  Non-junction/no special feature,Paved,,Property Damage Only,0,0,0,0,0,0,6000,1,1,,POINT (-92.721416942029 40.839548409882)
2014796098,20140010928,04/23/2014,04-April,4-Wednesday,18:38,1800 Hours,District 1 (Central),DES MOINES,POLK,I-235,I-235 & IA 28/63RD ST,Collision with:  Vehicle in traffic,On Roadway,Rear-end (front to rear),Unknown,None Indicated,,Dusk,Wet,Rain,Unknown,Intersection:  Intersection with ramp,Paved,,Possible/Unknown,0,1,0,0,1,0,0,2,2,,POINT (-93.703529990548 41.59262111318)
2014796632,14-001985,04/23/2014,04-April,4-Wednesday,10:12,1000 Hours,District 1 (Central),AMES,STORY,US 69,US 69/GRAND AVE & 28TH ST,Collision with:  Vehicle in traffic,On Roadway,Broadside (front to side),Ran Traffic Signal,None Indicated,,Daylight,Dry,Cloudy,None apparent,Intersection:  Four-way intersection,Paved,,Property Damage Only,0,0,0,0,0,0,4000,2,2,,POINT (-93.62057623623 42.049378822537)
2014796215,14-13576,04/23/2014,04-April,4-Wednesday,18:02,1800 Hours,District 5 (Southeast),BURLINGTON,DES MOINES,,Co Rd X62/SUMMER ST,Collision with:  Vehicle in traffic,On Roadway,Broadside (front to side),FTYROW:  From driveway,None Indicated,,Daylight,Dry,Cloudy,None apparent,Non-intersection:  Driveway access (within),Paved,,Property Damage Only,0,0,0,0,0,0,10000,2,3,,POINT (-91.137600103072 40.746247208533)
2014796192,W14-039467,04/23/2014,04-April,4-Wednesday,16:41,1600 Hours,District 2 (Northeast),WATERLOO,BLACK HAWK,IA 21,IA 21/HAWKEYE RD & E SHAULIS RD,Collision with:  Vehicle in traffic,On Roadway,Broadside (front to side),FTYROW:  From stop sign,None Indicated,,Daylight,Wet,Rain,None apparent,Intersection:  Four-way intersection,Paved,,Minor Injury,0,3,0,1,2,0,8000,2,3,,POINT (-92.346845116374 42.443040161027)