Iowa DOT Case Number,Law Enforcement Case Number,Date of Crash,Month of Crash,Day of Week,Time of Crash,Hour,DOT District,City Name,County Name,Route with System,Location Description,First Harmful Event,Location of First Harmful Event,Manner of Crash/Collision,Major Cause,Drug or Alcohol ,Environmental Conditions,Light Conditions,Surface Conditions,Weather Conditions,Roadway Contribution,Roadway Type,Roadway Surface,Work Zone,Crash Severity,Number of Fatalities,Number of Injuries,Number of Major Injuries,Number of Minor Injuries,Number of Possible Injuries,Number of Unknown Injuries,Amount of Property Damage,Number of Vehicles Involved,Total Number of Occupants,Travel Direction,Location
2014796243,2014003781,04/23/2014,04-April,4-Wednesday,13:47,1300 Hours,District 1 (Central),MARSHALLTOWN,MARSHALL,,W MAIN ST & S 3RD ST & N 3RD ST,Collision with:  Vehicle in traffic,On Roadway,Rear-end (front to rear),Other (explain in narrative):  Other,None Indicated,,Daylight,Wet,Rain,None apparent,Intersection:  Four-way intersection,Paved,,Property Damage Only,0,0,0,0,0,0,3500,2,2,,POINT (-92.917864868054 42.049144781494)
2014796028,W14-039405,04/23/2014,04-April,4-Wednesday,13:34,1300 Hours,District 2 (Northeast),WATERLOO,BLACK HAWK,,W RIDGEWAY AVE & E RIDGEWAY AVE & KIMBALL AVE,Collision with:  Vehicle in traffic,On Roadway,Rear-end (front to rear),Followed too close,None Indicated,,Daylight,Dry,Cloudy,None apparent,Intersection:  Four-way intersection,Paved,,Property Damage Only,0,0,0,0,0,0,2000,2,4,,POINT (-92.356983772749 42.469412717313)
2014796253,14-001764,04/23/2014,04-April,4-Wednesday,20:22,2000 Hours,District 1 (Central),ANKENY,POLK,,NE 9TH ST & NE DELAWARE AVE,Collision with:  Vehicle in traffic,On Roadway,Rear-end (front to rear),Other (explain in narrative):  Other,None Indicated,,Dark - roadway lighted,Wet,Rain,None apparent,Intersection:  T-intersection,Paved,,Property Damage Only,0,0,0,0,0,0,2700,2,4,,POINT (-93.58105439968 41.738707583657)
2014795964,20140010882,04/23/2014,04-April,4-Wednesday,10:42,1000 Hours,District 1 (Central),DES MOINES,POLK,,41ST ST & BEAVER AVE,Collision with:  Vehicle in traffic,On Roadway,Broadside (front to side),Lost Control,None Indicated,,Daylight,Dry,Cloudy,None apparent,Non-intersection:  Driveway access (within),Paved,,Property Damage Only,0,0,0,0,0,0,4000,2,3,,POINT (-93.67297877296 41.610782418041)
2014800084,1402893,04/23/2014,04-April,4-Wednesday,14:24,1400 Hours,District 5 (Southeast),WASHINGTON,WASHINGTON,IA 92,IA 92,Collision with:  Vehicle in traffic,On Roadway,Broadside (front to side),Over correcting/over steering,None Indicated,,Daylight,Wet,Rain,None apparent,Non-intersection:  Non-junction/no special feature,Paved,,Property Damage Only,0,0,0,0,0,0,7000,2,4,,POINT (-91.66303234109 41.29765108382)
2014796475,14011520,04/23/2014,04-April,4-Wednesday,21:58,2100 Hours,District 5 (Southeast),,LEE,US 61,US 61,Collision with:  Animal,,,Animal,None Indicated,,,,,,,Paved,,Property Damage Only,0,0,0,0,0,0,1500,1,1,,POINT (-91.249233338245 40.690163463633)
2014796097,20140010922,04/23/2014,04-April,4-Wednesday,17:16,1700 Hours,District 1 (Central),DES MOINES,POLK,,FLEUR DR & GRAND AVE & LOCUST ST,Collision with:  Vehicle in traffic,On Roadway,"Sideswipe, same direction",FTYROW:  Other (explain in narrative),None Indicated,,Daylight,Wet,Rain,None apparent,Intersection:  Other intersection (explain in narrative),Paved,,Property Damage Only,0,0,0,0,0,0,3000,2,3,,POINT (-93.64068065839 41.583954262562)
2014796490,14-001668,04/23/2014,04-April,4-Wednesday,10:45,1000 Hours,District 3 (Northwest),,LYON,,BEECH AVE,Non-collision events:  Overturn/rollover,Roadside,Non-collision (single vehicle),Ran off road - right,None Indicated,,Daylight,Dry,Severe winds,"Shoulders (none, low, soft, high)",Non-intersection:  Non-junction/no special feature,Unpaved,,Minor Injury,0,1,0,1,0,0,15000,1,1,,POINT (-96.509579665847 43.259785434515)
2014803354,PD1403349,04/23/2014,04-April,4-Wednesday,16:08,1600 Hours,District 5 (Southeast),FAIRFIELD,JEFFERSON,,E BROADWAY AVE & N COURT ST,Collision with:  Vehicle in traffic,Outside trafficway,Rear-end (front to rear),Followed too close,None Indicated,,Daylight,Wet,Cloudy,None apparent,Non-intersection:  Non-junction/no special feature,Paved,,Property Damage Only,0,0,0,0,0,0,2000,2,3,,POINT (-91.962463910418 41.007617010503)
2014797197,14-12263,04/23/2014,04-April,4-Wednesday,11:39,1100 Hours,District 3 (Northwest),SIOUX CITY,WOODBURY,,8TH ST & PIERCE ST,Collision with:  Vehicle in traffic,On Roadway,Rear-end (front to rear),Followed too close,None Indicated,,Daylight,Dry,Clear,None apparent,Non-intersection:  Non-junction/no special feature,Paved,,Property Damage Only,0,0,0,0,0,0,5500,2,2,,POINT (-96.4049523611 42.49851347157)
2014796310,2014-25326,04/23/2014,04-April,4-Wednesday,21:12,2100 Hours,District 6 (East Central),DAVENPORT,SCOTT,,E LOCUST ST & ARLINGTON AVE,Collision with:  Vehicle in traffic,On Roadway,Rear-end (front to rear),Followed too close,None Indicated,,Dark - roadway lighted,Wet,Rain,None apparent,Intersection:  T-intersection,Paved,,Possible/Unknown,0,2,0,0,2,0,9500,2,3,,POINT (-90.562501966562 41.538280117129)
2014823900,,04/23/2014,04-April,4-Wednesday,12:00,1200 Hours,District 6 (East Central),,SCOTT,,,Unknown,On Roadway,Non-collision (single vehicle),Unknown,None Indicated,,Daylight,Unknown,,Unknown,Non-intersection:  Non-junction/no special feature,,,Property Damage Only,0,0,0,0,0,0,14105,1,1,,POINT (-96.643700149993 40.233091251414)
2014795962,20140010862,04/23/2014,04-April,4-Wednesday,06:45,0600 Hours,District 1 (Central),DES MOINES,POLK,,MLK JR PKWY,Collision with:  Vehicle in traffic,On Roadway,Rear-end (front to rear),Followed too close,None Indicated,,Daylight,Dry,Cloudy,None apparent,Non-intersection:  Non-junction/no special feature,Paved,,Property Damage Only,0,0,0,0,0,0,1800,2,2,,POINT (-93.643653303972 41.593359239561)
2014796439,14-9902,04/23/2014,04-April,4-Wednesday,17:41,1700 Hours,District 1 (Central),NEWTON,JASPER,US 6,US 6/1ST AVE E & E 8TH ST S & E 8TH ST N,Collision with:  Vehicle in traffic,On Roadway,Broadside (front to side),Ran Traffic Signal,None Indicated,,Daylight,Wet,Rain,None apparent,Intersection:  Four-way intersection,Paved,,Property Damage Only,0,0,0,0,0,0,2600,2,3,,POINT (-93.043578343815 41.699231160822)
2014796065,201405607,04/23/2014,04-April,4-Wednesday,11:50,1100 Hours,District 6 (East Central),CEDAR RAPIDS,LINN,IA 100,IA 100/COLLINS RD NE & C AVE NE,Collision with fixed object:  Curb/island/raised median,Shoulder,Non-collision (single vehicle),Ran off road - left,None Indicated,,Daylight,Dry,Cloudy,None apparent,Non-intersection:  Non-junction/no special feature,Paved,,Minor Injury,0,1,0,1,0,0,40000,1,1,,POINT (-91.639076154747 42.034890735346)
2014796003,14-1164,04/23/2014,04-April,4-Wednesday,01:00,0100 Hours,District 1 (Central),FORT DODGE,WEBSTER,,N 14TH ST,Collision with:  Vehicle in traffic,On Roadway,Head-on (front to front),Other (explain in narrative):  Other,None Indicated,,Dark - roadway not lighted,Dry,Cloudy,None apparent,Non-intersection:  Non-junction/no special feature,Paved,,Property Damage Only,0,0,0,0,0,0,5000,2,1,,POINT (-94.179557009265 42.51051743246)
2014798877,14-002866,04/23/2014,04-April,4-Wednesday,14:40,1400 Hours,District 4 (Southwest),PERRY,DALLAS,,WILLIS AVE & 8TH ST,Collision with:  Vehicle in traffic,On Roadway,Broadside (front to side),Ran Traffic Signal,None Indicated,,Daylight,Wet,Rain,None apparent,Intersection:  Four-way intersection,Paved,,Property Damage Only,0,0,0,0,0,0,2000,2,5,,POINT (-94.096868579239 41.838501601792)
2014796605,2014-25287,04/23/2014,04-April,4-Wednesday,16:49,1600 Hours,District 6 (East Central),DAVENPORT,SCOTT,,IA 461/BRADY ST,Collision with:  Vehicle in traffic,On Roadway,Rear-end (front to rear),Other (explain in narrative):  Other,None Indicated,,Daylight,Wet,Rain,"Surface condition (e.g., wet, icy)",Non-intersection:  Non-junction/no special feature,Paved,,Property Damage Only,0,0,0,0,0,0,2000,2,2,,POINT (-90.571348438846 41.578933057219)
2014796051,14-5501,04/23/2014,04-April,4-Wednesday,20:06,2000 Hours,District 6 (East Central),MAQUOKETA,JACKSON,,DARK HOLLOW RD,Collision with fixed object:  Bridge overhead structure,On Roadway,Non-collision (single vehicle),Ran off road - left,None Indicated,,Dark - roadway not lighted,"Mud, dirt",Clear,None apparent,Non-intersection:  Other non-intersection (explain in narrative),Unpaved,,Property Damage Only,0,0,0,0,0,0,14500,1,2,,POINT (-90.599007179338 42.085536977793)
2014796557,20140010844,04/23/2014,04-April,4-Wednesday,23:46,2300 Hours,District 1 (Central),DES MOINES,POLK,I-235,I-235,Collision with fixed object:  Impact attenuator/crash cushion,On Roadway,Non-collision (single vehicle),Unknown,Alcohol (Statutory),,Dark - roadway lighted,Dry,Cloudy,None apparent,"Interchange-related:  Off-ramp, diverge area",Paved,,Major Injury,0,1,1,0,0,0,10261,1,1,,POINT (-93.581653380344 41.602336583253)
2014801361,2014-25264,04/23/2014,04-April,4-Wednesday,14:58,1400 Hours,District 6 (East Central),DAVENPORT,SCOTT,,ELM ST & EASTERN AVE,Collision with:  Vehicle in traffic,On Roadway,Rear-end (front to rear),"Operating vehicle in an reckless, erratic, careless, negligent manner",None Indicated,,Daylight,Dry,Clear,None apparent,Non-intersection:  Non-junction/no special feature,Paved,,Property Damage Only,0,0,0,0,0,0,2000,2,3,,POINT (-90.551496644279 41.541486621551)
2014796425,14-040423-01,04/23/2014,04-April,4-Wednesday,22:30,2200 Hours,District 6 (East Central),,IOWA,,Co Rd V52/H AVE,Non-collision events:  Overturn/rollover,Roadside,Non-collision (single vehicle),Swerving/Evasive Action,None Indicated,,Dark - roadway not lighted,Dry,Cloudy,None apparent,Non-intersection:  Non-junction/no special feature,Paved,,Possible/Unknown,0,1,0,0,1,0,2500,1,1,,POINT (-92.160215813684 41.623213651555)
2014796103,14-1878,04/23/2014,04-April,4-Wednesday,17:56,1700 Hours,District 1 (Central),WEST DES MOINES,POLK,,E P TRUE PKWY & MAPLE ST,Collision with:  Vehicle in traffic,On Roadway,"Sideswipe, same direction",FTYROW:  From stop sign,None Indicated,,Daylight,Wet,Cloudy,None apparent,Intersection:  T-intersection,Paved,,Property Damage Only,0,0,0,0,0,0,3500,2,3,,POINT (-93.73794819499 41.572148072469)
2014796735,CL14001197,04/23/2014,04-April,4-Wednesday,14:07,1400 Hours,District 6 (East Central),CLINTON,CLINTON,,1ST AVE,Collision with:  Vehicle in traffic,On Roadway,Broadside (front to side),Unknown,None Indicated,,Daylight,Dry,Cloudy,None apparent,Non-intersection:  Non-junction/no special feature,Paved,,Property Damage Only,0,0,0,0,0,0,2000,2,1,,POINT (-90.201162648525 41.845560697824)
2014796967,201401275,04/23/2014,04-April,4-Wednesday,07:44,0700 Hours,District 6 (East Central),,LINN,,Co Rd E34/COUNTY HOME RD & SCOTT RD & LUCORE RD,Collision with fixed object:  Ditch,Roadside,Non-collision (single vehicle),Ran off road - right,None Indicated,,Daylight,Dry,Cloudy,None apparent,Intersection:  Four-way intersection,Paved,,Minor Injury,0,1,0,1,0,0,2500,1,1,,POINT (-91.579132057223 42.09389383994)
2014796187,,04/23/2014,04-April,4-Wednesday,22:11,2200 Hours,District 3 (Northwest),GILMORE CITY,POCAHONTAS,IA 3,IA 3/W IOWA AVE & SW 1ST ST & NW 1ST ST,Collision with fixed object:  Traffic sign support,On Roadway,Non-collision (single vehicle),Other (explain in narrative):  Other,None Indicated,,Dark - roadway lighted,Wet,Rain,None apparent,Intersection:  Four-way intersection,Paved,,Property Damage Only,0,0,0,0,0,0,1700,1,1,,POINT (-94.44454326459 42.732412317258)
2014796374,14-005609,04/23/2014,04-April,4-Wednesday,19:38,1900 Hours,District 3 (Northwest),,CLAY,,340TH ST,Non-collision events:  Overturn/rollover,On Roadway,Non-collision (single vehicle),Swerving/Evasive Action,None Indicated,,Dusk,"Mud, dirt",Clear,None apparent,Unknown,Unpaved,,Property Damage Only,0,0,0,0,0,0,3000,1,4,,POINT (-95.082335608829 43.156429255604)
2014795997,14-015676,04/23/2014,04-April,4-Wednesday,00:36,0000 Hours,District 4 (Southwest),COUNCIL BLUFFS,POTTAWATTAMIE,,HURON CIR,Collision with fixed object:  Ditch,Outside trafficway,Non-collision (single vehicle),Ran Stop Sign,Alcohol (Statutory),,Dark - roadway lighted,Dry,Clear,None apparent,Intersection:  T-intersection,Paved,,Property Damage Only,0,0,0,0,0,0,5200,1,1,,POINT (-95.857565442841 41.253120790134)
2014795963,20140010877,04/23/2014,04-April,4-Wednesday,09:52,0900 Hours,District 1 (Central),DES MOINES,POLK,,COTTAGE GROVE AVE & MLK JR PKWY,Collision with:  Vehicle in traffic,On Roadway,Broadside (front to side),Ran Traffic Signal,None Indicated,,Daylight,Dry,Clear,None apparent,Intersection:  Four-way intersection,Paved,,Possible/Unknown,0,1,0,0,1,0,7000,2,2,,POINT (-93.644298954361 41.594337411705)
2014796096,20140010848,04/23/2014,04-April,4-Wednesday,00:34,0000 Hours,District 1 (Central),DES MOINES,POLK,,INDIANOLA RD & SW 7TH ST,Collision with fixed object:  Curb/island/raised median,On Roadway,Non-collision (single vehicle),Made improper turn,Alcohol (Statutory),,Dark - roadway lighted,Dry,Clear,None apparent,Non-intersection:  Non-junction/no special feature,Paved,,Possible/Unknown,0,1,0,0,1,0,3000,1,1,,POINT (-93.621225164841 41.573036136522)
2014798532,,04/23/2014,04-April,4-Wednesday,15:16,1500 Hours,District 6 (East Central),BUFFALO,SCOTT,IA 22,IA 22/IOWA 22,Collision with:  Vehicle in traffic,On Roadway,Broadside (front to side),Crossed centerline (undivided),None Indicated,,Daylight,Dry,Clear,None apparent,Non-intersection:  Driveway access (within),Paved,,Minor Injury,0,1,0,1,0,0,24000,2,5,,POINT (-90.693470109167 41.461112994626)
2014795983,14-1866,04/23/2014,04-April,4-Wednesday,07:44,0700 Hours,District 1 (Central),WEST DES MOINES,POLK,IA 5,IA 5/IOWA 5,Collision with:  Vehicle in traffic,On Roadway,Rear-end (front to rear),Followed too close,None Indicated,,Daylight,Dry,Cloudy,None apparent,Non-intersection:  Non-junction/no special feature,Paved,,Property Damage Only,0,0,0,0,0,0,5500,2,2,,POINT (-93.766330768495 41.522683567585)
2014797234,,04/23/2014,04-April,4-Wednesday,06:30,0600 Hours,District 6 (East Central),CEDAR RAPIDS,LINN,,5TH AVE SW & DIAGONAL DR SW & L ST SW,Collision with:  Vehicle in traffic,On Roadway,Rear-end (front to rear),Unknown,None Indicated,,Daylight,Dry,Cloudy,,Intersection:  Four-way intersection,Paved,,Possible/Unknown,0,1,0,0,1,0,1750,2,2,,POINT (-91.674395014562 41.971196541625)
2014797534,AC-14-0025,04/23/2014,04-April,4-Wednesday,16:34,1600 Hours,District 6 (East Central),MONTICELLO,JONES,IA 38,IA 38/CEDAR ST/E 1ST ST & W 1ST ST & S CEDAR ST,Collision with:  Vehicle in traffic,On Roadway,"Sideswipe, same direction",FTYROW:  Making right turn on red signal,None Indicated,,Daylight,Wet,Clear,None apparent,Intersection:  Four-way intersection,Paved,,Property Damage Only,0,0,0,0,0,0,6000,2,2,,POINT (-91.189577379323 42.238141028337)
2014796059,2014004382,04/23/2014,04-April,4-Wednesday,11:30,1100 Hours,District 6 (East Central),IOWA CITY,JOHNSON,,W BENTON ST,Collision with:  Vehicle in traffic,On Roadway,Rear-end (front to rear),Followed too close,None Indicated,,Daylight,Dry,Cloudy,None apparent,Intersection:  Four-way intersection,Paved,,Property Damage Only,0,0,0,0,0,0,3500,2,3,,POINT (-91.541116427953 41.650339743764)
2014796109,14-015740,04/23/2014,04-April,4-Wednesday,15:04,1500 Hours,District 4 (Southwest),COUNCIL BLUFFS,POTTAWATTAMIE,,MID AMERICA DR,Collision with:  Vehicle in traffic,On Roadway,"Sideswipe, same direction",Crossed centerline (undivided),None Indicated,,Daylight,Wet,Rain,None apparent,Non-intersection:  Non-junction/no special feature,Paved,,Property Damage Only,0,0,0,0,0,0,1600,2,2,,POINT (-95.879927785723 41.235144876055)
2014796691,2014024938,04/23/2014,04-April,4-Wednesday,06:30,0600 Hours,District 5 (Southeast),,DECATUR,I-35,I-35,Non-collision events:  Overturn/rollover,Median,Non-collision (single vehicle),Ran off road - left,None Indicated,,Daylight,Dry,Cloudy,None apparent,Non-intersection:  Non-junction/no special feature,Paved,,Possible/Unknown,0,1,0,0,1,0,125000,1,1,,POINT (-93.918615585728 40.592799343145)
2014795949,14008079,04/23/2014,04-April,4-Wednesday,07:44,0700 Hours,District 6 (East Central),MARION,LINN,,A AVE & S 15TH ST,Collision with:  Vehicle in traffic,On Roadway,Rear-end (front to rear),Driver Distraction:  Passenger,None Indicated,,Daylight,Dry,Clear,None apparent,Intersection:  Four-way intersection,Paved,,Possible/Unknown,0,1,0,0,1,0,3200,2,3,,POINT (-91.593935115391 42.026420955614)
2014796024,14005703,04/23/2014,04-April,4-Wednesday,20:34,2000 Hours,District 5 (Southeast),,APPANOOSE,IA 2,IA 2/IOWA 2,Collision with:  Animal,,,Animal,None Indicated,,,,,,,Paved,,Property Damage Only,0,0,0,0,0,0,1500,1,1,,POINT (-92.984484513991 40.739501246509)
2014796213,2014-1679,04/23/2014,04-April,4-Wednesday,16:03,1600 Hours,District 4 (Southwest),WAUKEE,DALLAS,,WAUKEE DR & 4TH ST,Collision with:  Vehicle in traffic,On Roadway,Rear-end (front to rear),Exceeded authorized speed,None Indicated,,Daylight,Wet,Rain,None apparent,Non-intersection:  Non-junction/no special feature,Paved,,Property Damage Only,0,0,0,0,0,0,3500,2,5,,POINT (-93.88257347959 41.605239078114)
2014795958,1404231-A,04/23/2014,04-April,4-Wednesday,10:55,1000 Hours,District 4 (Southwest),RED OAK,MONTGOMERY,IA 48,IA 48/BROADWAY ST,Collision with:  Vehicle in traffic,On Roadway,Rear-end (front to rear),Improper Backing,None Indicated,,Daylight,Wet,Rain,None apparent,Intersection:  Four-way intersection,Paved,,Property Damage Only,0,0,0,0,0,0,2000,2,2,,POINT (-95.232752124914 41.01675210707)
2014796693,2014025116,04/23/2014,04-April,4-Wednesday,17:37,1700 Hours,District 1 (Central),,WEBSTER,,Co Rd D18/190TH ST & Co Rd P71/VINCENT AVE,Collision with:  Vehicle in traffic,On Roadway,Broadside (front to side),FTYROW:  From stop sign,None Indicated,,Daylight,Dry,Cloudy,None apparent,Intersection:  Four-way intersection,Paved,,Minor Injury,0,3,0,2,1,0,21000,2,3,,POINT (-94.020546226842 42.515511106503)
2014814457,2014024907,04/23/2014,04-April,4-Wednesday,04:39,0400 Hours,District 6 (East Central),,JOHNSON,I-80,I-80,Collision with:  Animal,On Roadway,Non-collision (single vehicle),Animal,None Indicated,,Dark - roadway not lighted,Dry,Cloudy,None apparent,Non-intersection:  Non-junction/no special feature,Paved,,Property Damage Only,0,0,0,0,0,0,1500,1,1,,POINT (-91.817262569621 41.687568740833)
2014826635,14009002,04/23/2014,04-April,4-Wednesday,09:15,0900 Hours,District 5 (Southeast),,MAHASKA,,HWY 102,Collision with:  Vehicle in traffic,On Roadway,"Sideswipe, same direction",FTYROW:  Making left turn,None Indicated,,Daylight,Dry,Cloudy,None apparent,Non-intersection:  Driveway access (within),Paved,,Property Damage Only,0,0,0,0,0,0,2000,2,2,,POINT (-92.708142387821 41.465984813491)
2014796843,,04/23/2014,04-April,4-Wednesday,20:35,2000 Hours,District 4 (Southwest),,PAGE,IA 48,IA 48/IOWA 48,Collision with:  Animal,On Roadway,Non-collision (single vehicle),Animal,None Indicated,,Dark - roadway not lighted,Dry,Cloudy,,Non-intersection:  Non-junction/no special feature,Paved,,Property Damage Only,0,0,0,0,0,0,1964,1,2,,POINT (-95.232703658986 40.858412705983)
2014796826,2014025002,04/23/2014,04-April,4-Wednesday,10:20,1000 Hours,District 1 (Central),,JASPER,I-80,I-80,Collision with:  Vehicle in traffic,On Roadway,"Sideswipe, same direction",Unknown,None Indicated,,Daylight,Dry,Cloudy,None apparent,Non-intersection:  Non-junction/no special feature,Paved,,Property Damage Only,0,0,0,0,0,0,5500,2,3,,POINT (-93.331504428156 41.68127844876)
2014796442,2014004413,04/23/2014,04-April,4-Wednesday,22:30,2200 Hours,District 6 (East Central),IOWA CITY,JOHNSON,,AMBER LN,Collision with:  Parked motor vehicle,On Roadway,Head-on (front to front),"Operating vehicle in an reckless, erratic, careless, negligent manner",None Indicated,,Dark - unknown roadway lighting,Unknown,Unknown,None apparent,Non-intersection:  Driveway access (within),Paved,,Property Damage Only,0,0,0,0,0,0,2000,2,1,,POINT (-91.506330988338 41.631978228713)
2014796483,201405626,04/23/2014,04-April,4-Wednesday,18:37,1800 Hours,District 6 (East Central),CEDAR RAPIDS,LINN,,JOHNSON AVE NW & 18TH ST NW,Collision with:  Vehicle in traffic,On Roadway,Broadside (front to side),FTYROW:  From stop sign,None Indicated,,Daylight,Wet,Cloudy,None apparent,Intersection:  Four-way intersection,Paved,,Property Damage Only,0,0,0,0,0,0,5000,2,2,,POINT (-91.696692408889 41.974451026361)
2014796068,INFOEXCHANGE,04/23/2014,04-April,4-Wednesday,13:30,1300 Hours,District 6 (East Central),CEDAR RAPIDS,LINN,I-380,I-380,Collision with:  Vehicle in traffic,Shoulder,"Sideswipe, same direction",Over correcting/over steering,None Indicated,,Daylight,Dry,Cloudy,None apparent,Non-intersection:  Other non-intersection (explain in narrative),Paved,,Property Damage Only,0,0,0,0,0,0,4000,2,2,,POINT (-91.673130260214 42.028606804445)
2014796868,14-13526,04/23/2014,04-April,4-Wednesday,12:30,1200 Hours,District 5 (Southeast),WEST BURLINGTON,DES MOINES,US 34,US 34/SE RAMP/SE LOOP & MT PLEASANT ST,Collision with:  Vehicle in traffic,On Roadway,Broadside (front to side),Ran Traffic Signal,None Indicated,,Daylight,Dry,Cloudy,None apparent,Intersection:  Intersection with ramp,Paved,,Property Damage Only,0,0,0,0,0,0,13000,2,2,,POINT (-91.186303579358 40.826364683771)
2014795985,14-1872,04/23/2014,04-April,4-Wednesday,12:06,1200 Hours,District 1 (Central),WEST DES MOINES,POLK,I-235,I-235,Collision with:  Vehicle in traffic,On Roadway,Rear-end (front to rear),Followed too close,None Indicated,,Daylight,Wet,Cloudy,None apparent,Non-intersection:  Non-junction/no special feature,Paved,,Property Damage Only,0,0,0,0,0,0,7900,3,4,,POINT (-93.726107380271 41.593372451821)
2014810977,14-02701,04/23/2014,04-April,4-Wednesday,21:34,2100 Hours,District 2 (Northeast),OELWEIN,FAYETTE,IA 150,IA 150/PALACE RD & 14TH ST SE,Collision with:  Animal,,,Animal,None Indicated,,,,,,,Paved,,Property Damage Only,0,0,0,0,0,0,1800,1,1,,POINT (-91.910194889503 42.658512724943)
2014796066,201405617,04/23/2014,04-April,4-Wednesday,15:20,1500 Hours,District 6 (East Central),CEDAR RAPIDS,LINN,,BLAIRS FERRY RD & EDGEWOOD RD NE & PROP EDGEWOOD RD,Collision with:  Vehicle in traffic,On Roadway,"Angle, oncoming left turn",Made improper turn,None Indicated,,Daylight,Wet,Rain,None apparent,Intersection:  T-intersection,Paved,,Possible/Unknown,0,1,0,0,1,0,7000,2,2,,POINT (-91.701308594194 42.034729240399)
2014796574,14-000462,04/23/2014,04-April,4-Wednesday,17:10,1700 Hours,District 1 (Central),JOHNSTON,POLK,,NW JOHNSTON DR,Collision with:  Vehicle in traffic,On Roadway,Rear-end (front to rear),Other (explain in narrative):  Other,None Indicated,,Daylight,Wet,Rain,None apparent,Intersection:  Other intersection (explain in narrative),Paved,,Property Damage Only,0,0,0,0,0,0,3500,2,2,,POINT (-93.694676012188 41.657562667124)
2014796060,2014004395,04/23/2014,04-April,4-Wednesday,16:34,1600 Hours,District 6 (East Central),IOWA CITY,JOHNSON,,IOWA AVE,Collision with:  Vehicle in traffic,On Roadway,"Sideswipe, same direction","Operating vehicle in an reckless, erratic, careless, negligent manner",None Indicated,,Daylight,Wet,Rain,None apparent,Non-intersection:  Non-junction/no special feature,Paved,,Property Damage Only,0,0,0,0,0,0,2500,2,3,,POINT (-91.539932904685 41.661268052122)
2014796086,14-0458,04/23/2014,04-April,4-Wednesday,16:15,1600 Hours,District 1 (Central),CLIVE,POLK,US 6,US 6/HICKMAN RD,Collision with:  Vehicle in traffic,On Roadway,Rear-end (front to rear),Followed too close,None Indicated,,Daylight,Wet,Rain,"Surface condition (e.g., wet, icy)",Non-intersection:  Non-junction/no special feature,Paved,,Property Damage Only,0,0,0,0,0,0,3000,2,3,,POINT (-93.781884295489 41.614894117027)
2014795986,14-1873,04/23/2014,04-April,4-Wednesday,13:17,1300 Hours,District 1 (Central),WEST DES MOINES,POLK,IA 28,IA 28/63RD ST,Collision with:  Vehicle in traffic,On Roadway,Rear-end (front to rear),Followed too close,None Indicated,,Daylight,Wet,Cloudy,None apparent,Non-intersection:  Non-junction/no special feature,Paved,,Property Damage Only,0,0,0,0,0,0,3200,2,2,,POINT (-93.703502341459 41.563545882518)
2014796072,14-009485,04/23/2014,04-April,4-Wednesday,07:18,0700 Hours,District 5 (Southeast),,MARION,IA 92,IA 92/IOWA 92 & Co Rd T17/HWY T17,Collision with:  Vehicle in traffic,On Roadway,Broadside (front to side),FTYROW:  From stop sign,None Indicated,,Dawn,Dry,Cloudy,None apparent,Intersection:  Four-way intersection,Paved,,Possible/Unknown,0,1,0,0,0,1,7900,2,3,,POINT (-92.948154900361 41.306367824556)
2014796694,2014025120,04/23/2014,04-April,4-Wednesday,19:00,1900 Hours,District 6 (East Central),DAVENPORT,SCOTT,I-80,I-80,Collision with:  Vehicle in traffic,On Roadway,"Sideswipe, same direction",Crossed centerline (undivided),None Indicated,,Dusk,Wet,Rain,None apparent,Non-intersection:  Non-junction/no special feature,Paved,,Property Damage Only,0,0,0,0,0,0,3000,2,2,,POINT (-90.650596927719 41.602096918784)
2014796074,2014003784,04/23/2014,04-April,4-Wednesday,15:45,1500 Hours,District 1 (Central),MARSHALLTOWN,MARSHALL,IA 14,IA 14/3RD AVE & E CHURCH ST,Collision with:  Vehicle in traffic,On Roadway,Broadside (front to side),Ran Traffic Signal,None Indicated,,Daylight,Wet,Rain,None apparent,Intersection:  Four-way intersection,Paved,,Property Damage Only,0,0,0,0,0,0,3000,2,2,,POINT (-92.908018152087 42.047921423693)
2014796070,14008112,04/23/2014,04-April,4-Wednesday,14:49,1400 Hours,District 6 (East Central),MARION,LINN,,S 12TH ST,Collision with:  Vehicle in traffic,On Roadway,Broadside (front to side),FTYROW:  From yield sign,None Indicated,,Daylight,Wet,Rain,None apparent,Intersection:  Four-way intersection,Paved,,Possible/Unknown,0,1,0,0,1,0,1500,2,3,,POINT (-91.596612875686 42.022752126127)
2014797706,PD1403353,04/23/2014,04-April,4-Wednesday,17:05,1700 Hours,District 5 (Southeast),FAIRFIELD,JEFFERSON,,W BURLINGTON AVE & N 11TH ST,Collision with:  Vehicle in traffic,On Roadway,Rear-end (front to rear),Followed too close,None Indicated,,Daylight,Wet,Cloudy,None apparent,Intersection:  Four-way intersection,Paved,,Property Damage Only,0,0,0,0,0,0,4000,2,4,,POINT (-91.976704090495 41.006456169912)
2014796376,CL14001203,04/23/2014,04-April,4-Wednesday,19:03,1900 Hours,District 6 (East Central),CLINTON,CLINTON,US 30,US 30/LINCOLN WAY & MANUFACTURING DR,Non-collision events:  Other non-collision (explain in narrative),On Roadway,Non-collision (single vehicle),Driving too fast for conditions,None Indicated,,Dusk,Wet,Rain,None apparent,Intersection:  Four-way intersection,Paved,,Major Injury,0,1,1,0,0,0,0,1,1,,POINT (-90.247277210749 41.815561074244)