Iowa DOT Case Number,Law Enforcement Case Number,Date of Crash,Month of Crash,Day of Week,Time of Crash,Hour,DOT District,City Name,County Name,Route with System,Location Description,First Harmful Event,Location of First Harmful Event,Manner of Crash/Collision,Major Cause,Drug or Alcohol ,Environmental Conditions,Light Conditions,Surface Conditions,Weather Conditions,Roadway Contribution,Roadway Type,Roadway Surface,Work Zone,Crash Severity,Number of Fatalities,Number of Injuries,Number of Major Injuries,Number of Minor Injuries,Number of Possible Injuries,Number of Unknown Injuries,Amount of Property Damage,Number of Vehicles Involved,Total Number of Occupants,Travel Direction,Location
2014796620,2104-25573,04/24/2014,04-April,5-Thursday,17:22,1700 Hours,District 6 (East Central),DAVENPORT,SCOTT,,E LOCUST ST & IOWA ST,Collision with:  Vehicle in traffic,On Roadway,Rear-end (front to rear),Lost Control,Refused,,Daylight,Wet,Rain,"Surface condition (e.g., wet, icy)",Non-intersection:  Non-junction/no special feature,Paved,,Property Damage Only,0,0,0,0,0,0,2000,2,3,,POINT (-90.569718229628 41.538279829443)
2014796399,01-14-17096,04/24/2014,04-April,5-Thursday,14:52,1400 Hours,District 6 (East Central),DUBUQUE,DUBUQUE,,CLARKE DR,Collision with fixed object:  Other fixed object (explain in narrative),On Roadway,Non-collision (single vehicle),Ran off road - right,None Indicated,,Daylight,Wet,Rain,None apparent,Non-intersection:  Non-junction/no special feature,Paved,,Property Damage Only,0,0,0,0,0,0,3000,1,1,,POINT (-90.695896896072 42.505226530609)
2014809938,14-2726PD,04/24/2014,04-April,5-Thursday,17:00,1700 Hours,District 1 (Central),BOONE,BOONE,,2ND ST & S STORY ST,Collision with:  Vehicle in traffic,On Roadway,"Angle, oncoming left turn",FTYROW:  Making left turn,None Indicated,,Daylight,Dry,Cloudy,None apparent,Intersection:  Four-way intersection,Paved,,Property Damage Only,0,0,0,0,0,0,9000,2,4,,POINT (-93.880035455988 42.057580715896)
2014796237,14008175,04/24/2014,04-April,5-Thursday,13:24,1300 Hours,District 6 (East Central),MARION,LINN,,8TH AVE,Collision with:  Vehicle in traffic,On Roadway,Rear-end (front to rear),Driving too fast for conditions,Alcohol (Statutory),,Daylight,Wet,Rain,None apparent,Non-intersection:  Non-junction/no special feature,Paved,,Property Damage Only,0,0,0,0,0,0,9000,3,3,,POINT (-91.60679830927 42.034224217663)
2014797186,14002010,04/24/2014,04-April,5-Thursday,21:42,2100 Hours,District 1 (Central),AMES,STORY,,LINCOLN WAY,Collision with:  Vehicle in traffic,On Roadway,Rear-end (front to rear),Followed too close,None Indicated,,Dark - roadway lighted,Dry,Clear,None apparent,Non-intersection:  Non-junction/no special feature,Paved,,Property Damage Only,0,0,0,0,0,0,7000,2,4,,POINT (-93.574115562177 42.022790082691)
2014796377,CL14001206,04/24/2014,04-April,5-Thursday,07:12,0700 Hours,District 6 (East Central),CLINTON,CLINTON,,8TH AVE S & S 18TH ST,Collision with:  Vehicle in traffic,On Roadway,Broadside (front to side),Ran Stop Sign,None Indicated,,Daylight,Dry,Cloudy,None apparent,Intersection:  Four-way intersection,Paved,,Property Damage Only,0,0,0,0,0,0,2000,2,2,,POINT (-90.22836695741 41.837269189556)
2014796607,2014-25584,04/24/2014,04-April,5-Thursday,18:19,1800 Hours,District 6 (East Central),DAVENPORT,SCOTT,,E 15TH ST & PERRY ST,Collision with:  Vehicle in traffic,On Roadway,"Sideswipe, same direction",Ran off road - left,None Indicated,,Daylight,Wet,Rain,None apparent,Intersection:  Other intersection (explain in narrative),Paved,,Possible/Unknown,0,1,0,0,1,0,10000,2,5,,POINT (-90.572618256077 41.535098809534)
2014797707,PD1403385,04/24/2014,04-April,5-Thursday,14:30,1400 Hours,District 5 (Southeast),FAIRFIELD,JEFFERSON,,E GRIMES AVE & N COURT ST,Collision with:  Vehicle in traffic,On Roadway,Broadside (front to side),FTYROW:  From yield sign,None Indicated,,Daylight,Wet,Cloudy,None apparent,Intersection:  Four-way intersection,Paved,,Property Damage Only,0,0,0,0,0,0,1500,2,2,,POINT (-91.962425335592 41.010075851894)
2014796464,14-011533,04/24/2014,04-April,5-Thursday,03:01,0300 Hours,District 5 (Southeast),,LEE,,280 AVE,Collision with:  Animal,,,Animal,None Indicated,,,,,,,Unpaved,,Property Damage Only,0,0,0,0,0,0,1500,1,1,,POINT (-91.37248889421 40.740196844214)
2014796088,20140010950,04/24/2014,04-April,5-Thursday,07:27,0700 Hours,District 1 (Central),DES MOINES,POLK,,SE 1ST CT,Collision with:  Vehicle in traffic,On Roadway,Broadside (front to side),Other (explain in narrative):  Other,None Indicated,,Daylight,Wet,Cloudy,None apparent,Intersection:  Four-way intersection,Paved,,Possible/Unknown,0,3,0,0,3,0,10000,2,4,,POINT (-93.614307513745 41.535395745093)
2014796736,CL14001222,04/24/2014,04-April,5-Thursday,17:28,1700 Hours,District 6 (East Central),CLINTON,CLINTON,,6TH AVE S & S 3RD ST,Collision with:  Vehicle in traffic,On Roadway,Broadside (front to side),Ran Traffic Signal,None Indicated,,Daylight,Wet,Cloudy,None apparent,Intersection:  Four-way intersection,Paved,,Property Damage Only,0,0,0,0,0,0,4000,2,2,,POINT (-90.190733033174 41.840046543301)
2014796330,,04/24/2014,04-April,5-Thursday,14:10,1400 Hours,District 3 (Northwest),HINTON,PLYMOUTH,,MAIN ST,Collision with fixed object:  Other fixed object (explain in narrative),Shoulder,Non-collision (single vehicle),Improper Backing,None Indicated,,Daylight,Dry,Cloudy,None apparent,Non-intersection:  Non-junction/no special feature,Paved,,Property Damage Only,0,0,0,0,0,0,4500,1,1,,POINT (-96.291060562057 42.626610671276)
2014796269,20140011027,04/24/2014,04-April,5-Thursday,17:09,1700 Hours,District 1 (Central),DES MOINES,POLK,,2ND AVE,Collision with:  Vehicle in traffic,On Roadway,"Sideswipe, same direction",Improper or erratic lane changing,None Indicated,,Daylight,Dry,Cloudy,None apparent,Non-intersection:  Non-junction/no special feature,Paved,,Property Damage Only,0,0,0,0,0,0,3000,2,5,,POINT (-93.620177342899 41.593902606126)
2014797535,AC-14-027,04/24/2014,04-April,5-Thursday,14:16,1400 Hours,District 6 (East Central),MONTICELLO,JONES,IA 38,IA 38/N CEDAR ST & W 7TH ST & E 7TH ST,Collision with:  Vehicle in traffic,On Roadway,Broadside (front to side),FTYROW:  From stop sign,None Indicated,,Daylight,Wet,Cloudy,"Surface condition (e.g., wet, icy)",Intersection:  Four-way intersection,Paved,,Property Damage Only,0,0,0,0,0,0,2500,2,4,,POINT (-91.191853273469 42.245444658624)
2014796318,14-1182,04/24/2014,04-April,5-Thursday,19:20,1900 Hours,District 1 (Central),FORT DODGE,WEBSTER,,S 29TH ST,Collision with:  Parked motor vehicle,Outside trafficway,Broadside (front to side),Unknown,None Indicated,,Daylight,Dry,Cloudy,None apparent,Non-intersection:  Driveway access (within),Paved,,Property Damage Only,0,0,0,0,0,0,1500,2,1,,POINT (-94.158273030147 42.50421441731)
2014796208,1404242811,04/24/2014,04-April,5-Thursday,21:56,2100 Hours,District 6 (East Central),,CLINTON,,Co Rd Y46/185 AVE & 170 ST,Collision with:  Animal,,,Animal,None Indicated,,,,,,,Paved,,Property Damage Only,0,0,0,0,0,0,1500,1,1,,POINT (-90.732609071729 41.930994781663)
2014796719,,04/24/2014,04-April,5-Thursday,14:42,1400 Hours,District 6 (East Central),ASBURY,DUBUQUE,,MAPLEWOOD DR,Collision with:  Parked motor vehicle,On Roadway,Broadside (front to side),Other (explain in narrative):  Vision obstructed,None Indicated,,Daylight,Wet,Rain,None apparent,Non-intersection:  Non-junction/no special feature,Paved,,Property Damage Only,0,0,0,0,0,0,3500,2,1,,POINT (-90.767041620492 42.51629814625)
2014804949,,04/24/2014,04-April,5-Thursday,21:20,2100 Hours,District 2 (Northeast),NASHUA,CHICKASAW,,SAMPLE ST,,Shoulder,Non-collision (single vehicle),Crossed centerline (undivided),Alcohol (< Statutory),,Dark - roadway lighted,,Clear,,,Paved,,Minor Injury,0,1,0,1,0,0,500,1,1,,POINT (-92.552621334956 42.951148280616)
2014796270,14-0880,04/24/2014,04-April,5-Thursday,06:50,0600 Hours,District 1 (Central),URBANDALE,POLK,,128TH ST,Collision with:  Vehicle in traffic,On Roadway,"Sideswipe, same direction",Improper or erratic lane changing,None Indicated,,Daylight,Dry,Cloudy,None apparent,Non-intersection:  Non-junction/no special feature,Paved,,Property Damage Only,0,0,0,0,0,0,2000,2,2,,POINT (-93.794360551489 41.63784887597)
2014796923,14-4606,04/24/2014,04-April,5-Thursday,14:55,1400 Hours,District 3 (Northwest),,SIOUX,IA 60,IA 60/IOWA 60,Non-collision events:  Overturn/rollover,On Roadway,Non-collision (single vehicle),Ran off road - right,None Indicated,,Daylight,Dry,Clear,None apparent,Non-intersection:  Non-junction/no special feature,Paved,,Property Damage Only,0,0,0,0,0,0,3000,1,1,,POINT (-95.897713903642 43.096957341755)
2014796210,141028,04/24/2014,04-April,5-Thursday,14:30,1400 Hours,District 3 (Northwest),DENISON,CRAWFORD,,N 7TH ST & AVE C & N 9TH ST,Collision with:  Parked motor vehicle,On Roadway,Rear-end (front to rear),Ran off road - right,None Indicated,,Daylight,Dry,Cloudy,None apparent,Non-intersection:  Non-junction/no special feature,Paved,,Property Damage Only,0,0,0,0,0,0,8000,2,1,,POINT (-95.36058347602 42.020822664253)
2014797541,,04/24/2014,04-April,5-Thursday,07:26,0700 Hours,District 5 (Southeast),RUSSELL,LUCAS,,LOWELL ST,Collision with:  Vehicle in traffic,Roadside,Rear-end (front to rear),Improper Backing,None Indicated,,Daylight,Wet,Rain,None apparent,Non-intersection:  Non-junction/no special feature,Unpaved,,Property Damage Only,0,0,0,0,0,0,6000,2,4,,POINT (-93.199164465877 40.984360237777)
2014796606,2014-25572,04/24/2014,04-April,5-Thursday,16:53,1600 Hours,District 6 (East Central),DAVENPORT,SCOTT,US 6,US 6/W KIMBERLY RD & FAIRMOUNT ST,Collision with:  Vehicle in traffic,On Roadway,Broadside (front to side),FTYROW:  Making left turn,None Indicated,,Daylight,Wet,Rain,None apparent,Intersection:  Four-way intersection,Paved,,Property Damage Only,0,0,0,0,0,0,6000,2,3,,POINT (-90.62953001973 41.561027382717)
2014796703,2014025154,04/24/2014,04-April,5-Thursday,06:47,0600 Hours,District 1 (Central),,JASPER,I-80,I-80,Collision with fixed object:  Tree,Roadside,Non-collision (single vehicle),Swerving/Evasive Action,None Indicated,,Daylight,Wet,Severe winds,"Surface condition (e.g., wet, icy)",Non-intersection:  Non-junction/no special feature,Paved,,Property Damage Only,0,0,0,0,0,0,10000,1,1,,POINT (-92.858157277922 41.695035627426)
2014796149,14-000522,04/24/2014,04-April,5-Thursday,04:00,0400 Hours,District 1 (Central),,STORY,IA 210,IA 210/IOWA 210 & Co Rd S27/650TH AVE,Collision with fixed object:  Ditch,Roadside,Non-collision (single vehicle),Ran Stop Sign,None Indicated,,Dark - roadway not lighted,Wet,Rain,None apparent,Intersection:  T-intersection,Paved,,Major Injury,0,1,1,0,0,0,2100,1,1,,POINT (-93.407566691846 41.878250907592)
2014796768,04-14-150,04/24/2014,04-April,5-Thursday,11:05,1100 Hours,District 3 (Northwest),LE MARS,PLYMOUTH,,CENTRAL AVE,Collision with:  Parked motor vehicle,On Roadway,"Sideswipe, opposite direction",Improper Backing,None Indicated,,Daylight,Dry,Cloudy,None apparent,Non-intersection:  Non-junction/no special feature,Paved,,Property Damage Only,0,0,0,0,0,0,3000,2,1,,POINT (-96.166471527121 42.792502537115)
2014796561,14-0893,04/25/2014,04-April,6-Friday,15:50,1500 Hours,District 1 (Central),URBANDALE,POLK,IA 28,IA 28/MERLE HAY RD & AURORA AVE,Collision with:  Vehicle in traffic,On Roadway,Rear-end (front to rear),Driver Distraction:  Reaching for object(s)/fallen object(s),None Indicated,,Daylight,Dry,Clear,None apparent,Non-intersection:  Non-junction/no special feature,Paved,,Property Damage Only,0,0,0,0,0,0,2500,2,2,,POINT (-93.697717832538 41.636710719405)
2014796397,14-13826,04/25/2014,04-April,6-Friday,19:26,1900 Hours,District 5 (Southeast),BURLINGTON,DES MOINES,,HARRISON AVE,Collision with:  Non-motorist (see non-motorist section - NOT a unit),On Roadway,Non-collision (single vehicle),Other (explain in narrative):  No improper action,None Indicated,,Daylight,Dry,Clear,None apparent,Non-intersection:  Non-junction/no special feature,Paved,,Minor Injury,0,1,0,1,0,0,0,1,1,,POINT (-91.119910323224 40.789342258544)
2014796862,14002243,04/25/2014,04-April,6-Friday,14:38,1400 Hours,District 3 (Northwest),CHEROKEE,CHEROKEE,,W MAIN ST,Collision with:  Vehicle in traffic,On Roadway,Rear-end (front to rear),FTYROW:  From parked position,None Indicated,,Daylight,Dry,Clear,None apparent,Non-intersection:  Non-junction/no special feature,Paved,,Property Damage Only,0,0,0,0,0,0,4500,2,2,,POINT (-95.551642508234 42.749677177336)
2014796595,2014-25762,04/25/2014,04-April,6-Friday,10:37,1000 Hours,District 6 (East Central),DAVENPORT,SCOTT,,E 2ND ST & PERSHING AVE,Collision with:  Vehicle in traffic,On Roadway,"Sideswipe, same direction",Other (explain in narrative):  Other,None Indicated,,Daylight,Dry,Clear,None apparent,Non-intersection:  Non-junction/no special feature,Paved,,Property Damage Only,0,0,0,0,0,0,2000,2,4,,POINT (-90.571144721825 41.521305871278)
2014796481,201405730,04/25/2014,04-April,6-Friday,14:20,1400 Hours,District 6 (East Central),CEDAR RAPIDS,LINN,,8TH AVE SE & 7TH ST SE,Collision with:  Vehicle in traffic,On Roadway,Rear-end (front to rear),Lost Control,None Indicated,,Daylight,Dry,Clear,None apparent,Non-intersection:  Railroad grade crossing,Paved,,Property Damage Only,0,0,0,0,0,0,4600,2,2,,POINT (-91.657107495627 41.976021191399)
2014796407,01-14-17322,04/25/2014,04-April,6-Friday,21:07,2100 Hours,District 6 (East Central),DUBUQUE,DUBUQUE,,E 16TH ST & ELM ST,Collision with:  Vehicle in traffic,On Roadway,"Angle, oncoming left turn",Unknown,None Indicated,,Dark - roadway lighted,Dry,Clear,None apparent,Intersection:  Other intersection (explain in narrative),Paved,,Property Damage Only,0,0,0,0,0,0,4700,2,5,,POINT (-90.664691043842 42.509160204335)
2014796654,14-12510,04/25/2014,04-April,6-Friday,11:50,1100 Hours,District 3 (Northwest),SIOUX CITY,WOODBURY,,W 19TH ST & HAMILTON BLVD,Collision with:  Non-motorist (see non-motorist section - NOT a unit),On Roadway,Non-collision (single vehicle),FTYROW:  To pedestrian,None Indicated,,Daylight,Dry,Clear,None apparent,Intersection:  Four-way intersection,Paved,,Minor Injury,0,1,0,1,0,0,50,1,1,,POINT (-96.41676788328 42.510569563411)
2014803802,PD1403428,04/25/2014,04-April,6-Friday,16:26,1600 Hours,District 5 (Southeast),FAIRFIELD,JEFFERSON,IA 1,IA 1/W BURLINGTON AVE/N 2ND ST & S 2ND ST,Collision with:  Parked motor vehicle,On Roadway,Rear-end (front to rear),Lost Control,None Indicated,,Daylight,Dry,Clear,None apparent,Non-intersection:  Non-junction/no special feature,Paved,,Property Damage Only,0,0,0,0,0,0,7000,2,1,,POINT (-91.965047754455 41.006640350201)
2014796477,201401298,04/25/2014,04-April,6-Friday,06:44,0600 Hours,District 6 (East Central),,LINN,,Co Rd E48/WEST MT VERNON RD,Collision with:  Animal,,,Animal,None Indicated,,,,,,,Paved,,Property Damage Only,0,0,0,0,0,0,7500,1,1,,POINT (-91.519480370553 41.975292199013)
2014796759,20141032,04/25/2014,04-April,6-Friday,18:06,1800 Hours,District 6 (East Central),MOUNT VERNON,LINN,,BRYANT RD SW & 1ST ST & 10TH AVE SW,Collision with:  Non-motorist (see non-motorist section - NOT a unit),On Roadway,Non-collision (single vehicle),Swerving/Evasive Action,None Indicated,,Daylight,Dry,Clear,None apparent,Intersection:  Four-way intersection,Paved,,Minor Injury,0,1,0,1,0,0,2000,1,1,,POINT (-91.429116287671 41.928581797775)
2014799837,201400019677,04/25/2014,04-April,6-Friday,12:12,1200 Hours,District 5 (Southeast),OTTUMWA,WAPELLO,US 34,US 34/COOK AVE & S JEFFERSON ST & BARDELL ST,Collision with:  Vehicle in traffic,On Roadway,Broadside (front to side),Other (explain in narrative):  Other,None Indicated,,Daylight,Dry,Clear,None apparent,Intersection:  Intersection with ramp,Paved,,Property Damage Only,0,0,0,0,0,0,4500,2,4,,POINT (-92.415585330827 41.011156465604)
2014796239,14-1993,04/25/2014,04-April,6-Friday,11:01,1100 Hours,District 6 (East Central),HIAWATHA,LINN,,EMMONS ST,Collision with:  Vehicle in traffic,On Roadway,Broadside (front to side),FTYROW:  From driveway,None Indicated,,Daylight,Dry,Clear,None apparent,Non-intersection:  Driveway access (within),Paved,,Property Damage Only,0,0,0,0,0,0,3500,2,3,,POINT (-91.684149314369 42.039036955733)
2014796280,18-1906,04/25/2014,04-April,6-Friday,14:30,1400 Hours,District 1 (Central),WEST DES MOINES,POLK,I-235,I-235,Non-collision events:  Other non-collision (explain in narrative),On Roadway,Non-collision (single vehicle),Unknown,None Indicated,,Daylight,Dry,Clear,None apparent,Non-intersection:  Non-junction/no special feature,Paved,,Property Damage Only,0,0,0,0,0,0,2000,1,1,,POINT (-93.725915316579 41.593364657161)
2014797198,14-12523,04/25/2014,04-April,6-Friday,13:24,1300 Hours,District 3 (Northwest),SIOUX CITY,WOODBURY,,W 7TH ST & HAMILTON BLVD,Collision with:  Vehicle in traffic,On Roadway,"Sideswipe, same direction",Other (explain in narrative):  Other,None Indicated,,Daylight,Dry,Clear,None apparent,Intersection:  Four-way intersection,Paved,,Property Damage Only,0,0,0,0,0,0,1500,2,2,,POINT (-96.418497519067 42.503233315946)
2014796487,14-2002,04/25/2014,04-April,6-Friday,17:25,1700 Hours,District 6 (East Central),HIAWATHA,LINN,,BLAIRS FERRY RD NE,Collision with:  Vehicle in traffic,On Roadway,"Sideswipe, same direction",Driving too fast for conditions,None Indicated,,Daylight,Dry,Clear,None apparent,Non-intersection:  Non-junction/no special feature,Paved,,Property Damage Only,0,0,0,0,0,0,7000,2,2,,POINT (-91.666380742231 42.034815008101)
2014796581,14-015994,04/25/2014,04-April,6-Friday,10:25,1000 Hours,District 4 (Southwest),COUNCIL BLUFFS,POTTAWATTAMIE,IA 192,IA 192/S EXPRESSWAY,Collision with:  Vehicle in traffic,On Roadway,Rear-end (front to rear),Followed too close,None Indicated,,Daylight,Dry,Cloudy,None apparent,Intersection:  Other intersection (explain in narrative),Paved,,Possible/Unknown,0,1,0,0,1,0,1600,2,2,,POINT (-95.851366207648 41.232974221502)
2014798165,14002029,04/25/2014,04-April,6-Friday,23:31,2300 Hours,District 1 (Central),AMES,STORY,,DUFF AVE,Non-collision events:  Other non-collision (explain in narrative),On Roadway,Non-collision (single vehicle),Exceeded authorized speed,None Indicated,,Dark - roadway lighted,Dry,Clear,None apparent,Non-intersection:  Non-junction/no special feature,Paved,,Property Damage Only,0,0,0,0,0,0,3500,1,1,,POINT (-93.611322845875 42.043385094603)
2014796577,14-000860,04/25/2014,04-April,6-Friday,20:44,2000 Hours,District 1 (Central),ALTOONA,POLK,,8TH ST SW & 8TH ST SE & 1ST AVE S,Collision with:  Vehicle in traffic,On Roadway,"Angle, oncoming left turn",Ran Traffic Signal,None Indicated,,Dark - roadway lighted,Dry,Cloudy,None apparent,Intersection:  Four-way intersection,Paved,,Property Damage Only,0,0,0,0,0,0,2000,2,2,,POINT (-93.464638391148 41.644050086719)
2014797187,14002023,04/25/2014,04-April,6-Friday,17:35,1700 Hours,District 1 (Central),AMES,STORY,US 69,US 69/S DUFF AVE & S 3RD ST & SE 3RD ST,Collision with:  Vehicle in traffic,On Roadway,Rear-end (front to rear),Followed too close,None Indicated,,Daylight,Dry,Clear,None apparent,Non-intersection:  Non-junction/no special feature,Paved,,Possible/Unknown,0,1,0,0,1,0,1200,2,5,,POINT (-93.610315345039 42.020171535371)
2014796865,14-13836,04/25/2014,04-April,6-Friday,20:35,2000 Hours,District 5 (Southeast),,DES MOINES,,Co Rd H38/MEDIAPOLIS RD,Collision with:  Animal,,,Animal,None Indicated,,,,,,,Paved,,Property Damage Only,0,0,0,0,0,0,1500,1,1,,POINT (-91.238990678182 41.001283168004)
2014796313,14S00542,04/25/2014,04-April,6-Friday,07:00,0700 Hours,District 4 (Southwest),,UNION,IA 25,IA 25/IOWA 25 & Co Rd H24/150TH ST,Collision with:  Vehicle in traffic,On Roadway,Rear-end (front to rear),Other (explain in narrative):  Other,None Indicated,,Daylight,Dry,Clear,None apparent,Intersection:  Four-way intersection,Paved,,Property Damage Only,0,0,0,0,0,0,1700,2,5,,POINT (-94.413978128169 41.085827509966)
2014796260,20140011086,04/25/2014,04-April,6-Friday,10:00,1000 Hours,District 1 (Central),DES MOINES,POLK,IA 163,IA 163/E UNIVERSITY AVE & E 33RD ST,Collision with:  Vehicle in traffic,On Roadway,Rear-end (front to rear),Lost Control,None Indicated,,Daylight,Dry,Clear,None apparent,Intersection:  Four-way intersection,Paved,,Possible/Unknown,0,1,0,0,1,0,3000,2,3,,POINT (-93.551457581221 41.600548831823)
2014798199,,04/25/2014,04-April,6-Friday,22:30,2200 Hours,District 3 (Northwest),,CHEROKEE,IA 7,IA 7/IOWA 7 & Co Rd M25/Y AVE,Collision with:  Other non-fixed object (explain in narrative),On Roadway,Non-collision (single vehicle),Cargo/equipment loss or shift,None Indicated,,Dark - roadway not lighted,Dry,Clear,None apparent,Non-intersection:  Non-junction/no special feature,Paved,,Property Damage Only,0,0,0,0,0,0,2000,2,3,,POINT (-95.407807467479 42.706400252432)
2014796261,20140011089,04/25/2014,04-April,6-Friday,10:15,1000 Hours,District 1 (Central),DES MOINES,POLK,I-235,I-235 & SCHOOL ST & 5TH AVE,Collision with:  Vehicle in traffic,On Roadway,Broadside (front to side),Ran Traffic Signal,None Indicated,,Daylight,Dry,Clear,None apparent,Intersection:  Four-way intersection,Paved,,Property Damage Only,0,0,0,0,0,0,1600,2,2,,POINT (-93.62465294002 41.595157404236)
2014796406,01-14-17316,04/25/2014,04-April,6-Friday,20:43,2000 Hours,District 6 (East Central),DUBUQUE,DUBUQUE,US 20,US 20/DODGE ST & WACKER DR,Collision with:  Vehicle in traffic,On Roadway,"Sideswipe, opposite direction",Ran Traffic Signal,None Indicated,,Dark - roadway lighted,Dry,Clear,None apparent,Intersection:  Four-way intersection,Paved,,Property Damage Only,0,0,0,0,0,0,8000,2,3,,POINT (-90.720484853451 42.492075528824)
2014796498,14-2734,04/25/2014,04-April,6-Friday,16:27,1600 Hours,District 1 (Central),,POLK,,Co Rd F52/NE 46TH AVE,Collision with:  Vehicle in traffic,On Roadway,Rear-end (front to rear),Followed too close,None Indicated,,Daylight,Dry,Clear,None apparent,Intersection:  T-intersection,Paved,,Property Damage Only,0,0,0,0,0,0,2000,3,3,,POINT (-93.55176801264 41.644016148464)
2014796262,20140011091,04/25/2014,04-April,6-Friday,10:52,1000 Hours,District 1 (Central),DES MOINES,POLK,,JARVIS ST & SW 9TH ST,Collision with:  Vehicle in traffic,On Roadway,"Sideswipe, same direction",Unknown,None Indicated,,Daylight,Dry,Clear,None apparent,Intersection:  T-intersection,Paved,,Property Damage Only,0,0,0,0,0,0,2200,2,2,,POINT (-93.625757401774 41.552961332549)
2014850905,14-003048,04/25/2014,04-April,6-Friday,18:00,1800 Hours,District 5 (Southeast),,LOUISA,IA 92,IA 92/IOWA 92,Collision with:  Vehicle in traffic,On Roadway,Rear-end (front to rear),Other (explain in narrative):  Other,None Indicated,,Daylight,Dry,Cloudy,Work Zone (roadway-related),Non-intersection:  Non-junction/no special feature,Paved,Yes,Property Damage Only,0,0,0,0,0,0,5000,2,2,,POINT (-91.30796902571 41.277315105586)
2014796546,20140011120,04/25/2014,04-April,6-Friday,15:15,1500 Hours,District 1 (Central),DES MOINES,POLK,,E WALNUT ST & E 30TH ST,Collision with:  Vehicle in traffic,On Roadway,Broadside (front to side),Ran Traffic Signal,None Indicated,,Daylight,Dry,Clear,None apparent,Intersection:  Four-way intersection,Paved,,Property Damage Only,0,0,0,0,0,0,6000,2,4,,POINT (-93.558417135783 41.593543627767)
2014796837,,04/25/2014,04-April,6-Friday,15:41,1500 Hours,District 2 (Northeast),NEW HAMPTON,CHICKASAW,IA 24,IA 24/E MAIN ST & S 3RD AVE,Collision with:  Vehicle in traffic,On Roadway,Rear-end (front to rear),Unknown,None Indicated,,Daylight,Dry,Clear,None apparent,Non-intersection:  Non-junction/no special feature,Paved,,Possible/Unknown,0,1,0,0,1,0,1700,2,3,,POINT (-92.304984819387 43.059440825131)
2014797071,2014025568,04/25/2014,04-April,6-Friday,17:18,1700 Hours,District 1 (Central),,POLK,I-35,I-35,Collision with:  Vehicle in traffic,On Roadway,Rear-end (front to rear),Followed too close,None Indicated,,Daylight,Dry,Clear,None apparent,Non-intersection:  Non-junction/no special feature,Paved,,Possible/Unknown,0,1,0,0,1,0,18500,2,3,,POINT (-93.60207506835 41.64978944656)
2014797700,14-5570,04/25/2014,04-April,6-Friday,08:20,0800 Hours,District 6 (East Central),,JACKSON,,495 AVE,Collision with:  Vehicle in traffic,On Roadway,Broadside (front to side),"Operating vehicle in an reckless, erratic, careless, negligent manner",None Indicated,,Daylight,Wet,Clear,None apparent,Non-intersection:  Non-junction/no special feature,Unpaved,,Property Damage Only,0,0,0,0,0,0,4000,2,2,,POINT (-90.315639054311 42.09235752842)
2014796760,036-14,04/25/2014,04-April,6-Friday,04:09,0400 Hours,District 4 (Southwest),,MADISON,,Co Rd G50/SAINT CHARLES RD,Collision with:  Vehicle in traffic,On Roadway,Non-collision (single vehicle),Animal,None Indicated,,Dark - roadway not lighted,Dry,Clear,None apparent,Non-intersection:  Non-junction/no special feature,Paved,,Property Damage Only,0,0,0,0,0,0,15000,1,1,,POINT (-93.860309253398 41.284203498855)
2014796484,14008302,04/25/2014,04-April,6-Friday,20:30,2000 Hours,District 6 (East Central),MARION,LINN,IA 100,IA 100/COLLINS RD SE & E POST RD,Collision with fixed object:  Utility pole/light support,On Roadway,Non-collision (single vehicle),"Operating vehicle in an reckless, erratic, careless, negligent manner",Refused,,Dark - roadway lighted,Dry,Clear,None apparent,Intersection:  Four-way intersection,Paved,,Possible/Unknown,0,1,0,0,1,0,5400,1,1,,POINT (-91.599323839241 42.015355003695)
2014796404,01-14-17279,04/25/2014,04-April,6-Friday,16:29,1600 Hours,District 6 (East Central),DUBUQUE,DUBUQUE,US 20,US 20/DODGE ST & WACKER DR,Collision with:  Vehicle in traffic,On Roadway,Rear-end (front to rear),Lost Control,None Indicated,,Daylight,Dry,Clear,None apparent,Intersection:  Four-way intersection,Paved,,Possible/Unknown,0,1,0,0,1,0,9000,3,3,,POINT (-90.720484853451 42.492075528824)
2014797658,,04/25/2014,04-April,6-Friday,21:27,2100 Hours,District 2 (Northeast),,WINNEBAGO,,Co Rd A38/400TH ST,Collision with fixed object:  Ditch,Roadside,Non-collision (single vehicle),Ran off road - right,Alcohol (Statutory),,Dark - roadway not lighted,Dry,Clear,None apparent,Non-intersection:  Non-junction/no special feature,Paved,,Possible/Unknown,0,1,0,0,1,0,1500,1,1,,POINT (-93.587137681234 43.342505899487)
2014796767,04-14-149,04/25/2014,04-April,6-Friday,16:50,1600 Hours,District 3 (Northwest),LE MARS,PLYMOUTH,,12TH ST SE & 2ND AVE SE,Collision with:  Vehicle in traffic,On Roadway,Rear-end (front to rear),Other (explain in narrative):  Other,None Indicated,,Daylight,Dry,Clear,None apparent,Non-intersection:  Non-junction/no special feature,Paved,,Property Damage Only,0,0,0,0,0,0,5000,2,5,,POINT (-96.163471761581 42.778745838651)