Iowa DOT Case Number,Law Enforcement Case Number,Date of Crash,Month of Crash,Day of Week,Time of Crash,Hour,DOT District,City Name,County Name,Route with System,Location Description,First Harmful Event,Location of First Harmful Event,Manner of Crash/Collision,Major Cause,Drug or Alcohol ,Environmental Conditions,Light Conditions,Surface Conditions,Weather Conditions,Roadway Contribution,Roadway Type,Roadway Surface,Work Zone,Crash Severity,Number of Fatalities,Number of Injuries,Number of Major Injuries,Number of Minor Injuries,Number of Possible Injuries,Number of Unknown Injuries,Amount of Property Damage,Number of Vehicles Involved,Total Number of Occupants,Travel Direction,Location
2014805663,2014-25837,04/25/2014,04-April,6-Friday,15:18,1500 Hours,District 6 (East Central),DAVENPORT,SCOTT,,W 61ST ST & HILLANDALE RD,Collision with:  Vehicle in traffic,On Roadway,Broadside (front to side),Other (explain in narrative):  Other,None Indicated,,Daylight,Dry,Clear,None apparent,Intersection:  T-intersection,Paved,,Property Damage Only,0,0,0,0,0,0,2300,2,5,,POINT (-90.617202265374 41.583549619773)
2014797222,,04/25/2014,04-April,6-Friday,14:57,1400 Hours,District 5 (Southeast),FORT MADISON,LEE,,AVE L & 21ST ST,Collision with:  Vehicle in traffic,On Roadway,Rear-end (front to rear),Improper Backing,None Indicated,,Daylight,Dry,Clear,None apparent,Intersection:  T-intersection,Paved,,Property Damage Only,0,0,0,0,0,0,2000,2,2,,POINT (-91.33478687808 40.627264163087)
2014797022,2014-25724,04/25/2014,04-April,6-Friday,08:05,0800 Hours,District 6 (East Central),DAVENPORT,SCOTT,,W 7TH ST & STURDEVANT ST,Collision with:  Vehicle in traffic,On Roadway,Broadside (front to side),FTYROW:  From stop sign,None Indicated,,Daylight,Dry,Clear,None apparent,Intersection:  Four-way intersection,Paved,,Minor Injury,0,2,0,1,1,0,8500,2,3,,POINT (-90.598420928295 41.526796548746)
2014797070,2014025555,04/25/2014,04-April,6-Friday,15:00,1500 Hours,District 5 (Southeast),,MUSCATINE,,Co Rd F58/HWY 927 & Co Rd Y14/TAYLOR AVE,Collision with:  Vehicle in traffic,On Roadway,Rear-end (front to rear),Driver Distraction:  Inattentive/lost in thought,None Indicated,,Daylight,Dry,Clear,None apparent,Non-intersection:  Railroad grade crossing,Paved,,Possible/Unknown,0,1,0,0,1,0,4500,2,5,,POINT (-90.996590873057 41.591735527442)
2014796892,14008263,04/25/2014,04-April,6-Friday,14:11,1400 Hours,District 6 (East Central),MARION,LINN,,7TH AVE & 10TH AVE & 35TH ST,Collision with:  Vehicle in traffic,On Roadway,Broadside (front to side),Ran Traffic Signal,None Indicated,,Daylight,Dry,Clear,None apparent,Intersection:  Four-way intersection,Paved,,Property Damage Only,0,0,0,0,0,0,4500,2,3,,POINT (-91.574322520288 42.035959853676)
2014796779,20140011121,04/25/2014,04-April,6-Friday,15:35,1500 Hours,District 1 (Central),DES MOINES,POLK,,ARMY POST RD & FLEUR DR,Collision with:  Vehicle in traffic,On Roadway,Rear-end (front to rear),"Operating vehicle in an reckless, erratic, careless, negligent manner",None Indicated,,Daylight,Dry,Clear,None apparent,Intersection:  Four-way intersection,Paved,,Property Damage Only,0,0,0,0,0,0,2000,2,2,,POINT (-93.644974905912 41.52599531044)
2014796554,20140011156,04/25/2014,04-April,6-Friday,20:10,2000 Hours,District 1 (Central),DES MOINES,POLK,,SW 8TH ST,Collision with fixed object:  Utility pole/light support,On Roadway,Non-collision (single vehicle),Driving too fast for conditions,None Indicated,,Dusk,Dry,Clear,None apparent,Non-intersection:  Non-junction/no special feature,Paved,,Fatal,1,0,0,0,0,0,4000,1,1,,POINT (-93.624713123955 41.578998065619)
2014796393,14-13754,04/25/2014,04-April,6-Friday,08:41,0800 Hours,District 5 (Southeast),DANVILLE,DES MOINES,,DMC HWY 34,Collision with:  Non-motorist (see non-motorist section - NOT a unit),On Roadway,Non-collision (single vehicle),Other (explain in narrative):  Other,None Indicated,,Daylight,Dry,Clear,None apparent,Non-intersection:  Non-junction/no special feature,Paved,,Minor Injury,0,1,0,1,0,0,200,1,1,,POINT (-91.290462555584 40.848754833046)
2014796926,14-000656,04/25/2014,04-April,6-Friday,13:15,1300 Hours,District 1 (Central),AMES,STORY,,WALLACE RD & UNION DR,Collision with:  Vehicle in traffic,On Roadway,"Sideswipe, opposite direction",Other (explain in narrative):  No improper action,None Indicated,,Daylight,Dry,Clear,None apparent,Intersection:  T-intersection,Unpaved,,Property Damage Only,0,0,0,0,0,0,2050,2,25,,POINT (-93.644145485234 42.02479617967)
2014797179,14-002024,04/25/2014,04-April,6-Friday,17:43,1700 Hours,District 1 (Central),AMES,STORY,US 69,US 69/LINCOLN WAY/GRAND AVE,Collision with:  Vehicle in traffic,On Roadway,Rear-end (front to rear),Followed too close,None Indicated,,Daylight,Dry,Clear,None apparent,Non-intersection:  Non-junction/no special feature,Paved,,Possible/Unknown,0,3,0,0,3,0,600,2,5,,POINT (-93.620222147362 42.022910470838)
2014796635,14-002018,04/25/2014,04-April,6-Friday,10:40,1000 Hours,District 1 (Central),AMES,STORY,US 69,US 69/S DUFF AVE & S 3RD ST & SE 3RD ST,Collision with:  Vehicle in traffic,On Roadway,Broadside (front to side),FTYROW:  From driveway,None Indicated,,Daylight,Dry,Clear,None apparent,Non-intersection:  Driveway access (within),Paved,,Property Damage Only,0,0,0,0,0,0,2100,2,3,,POINT (-93.610315345039 42.020171535371)
2014796643,14-0218,04/25/2014,04-April,6-Friday,15:46,1500 Hours,District 1 (Central),,WEBSTER,,Co Rd P29/BAXTER AVE,Non-collision events:  Overturn/rollover,Outside trafficway,Non-collision (single vehicle),Crossed centerline (undivided),None Indicated,,Daylight,Dry,Clear,None apparent,Non-intersection:  Non-junction/no special feature,Paved,,Property Damage Only,0,0,0,0,0,0,5000,1,2,,POINT (-94.378322321699 42.308172417248)
2014798540,,04/25/2014,04-April,6-Friday,18:14,1800 Hours,District 2 (Northeast),,WINNESHIEK,,Co Rd A18/CO RD A18,Collision with fixed object:  Ditch,Outside trafficway,Non-collision (single vehicle),Swerving/Evasive Action,None Indicated,,Daylight,Dry,Clear,None apparent,Non-intersection:  Non-junction/no special feature,Paved,,Major Injury,0,1,1,0,0,0,500,1,1,,POINT (-91.922858814661 43.458959857324)
2014796545,20140011117,04/25/2014,04-April,6-Friday,14:50,1400 Hours,District 1 (Central),DES MOINES,POLK,,FLEUR DR,Collision with:  Vehicle in traffic,On Roadway,Rear-end (front to rear),Followed too close,None Indicated,,Daylight,Dry,Cloudy,None apparent,Non-intersection:  Non-junction/no special feature,Paved,,Property Damage Only,0,0,0,0,0,0,1750,3,4,,POINT (-93.645020322262 41.546252535774)
2014797072,2014025592,04/25/2014,04-April,6-Friday,20:27,2000 Hours,District 4 (Southwest),,DALLAS,I-80,I-80,Non-collision events:  Overturn/rollover,Shoulder,Non-collision (single vehicle),Other (explain in narrative):  Other,None Indicated,,Dark - roadway not lighted,Dry,Clear,"Shoulders (none, low, soft, high)",Interchange-related:  On-ramp merge area,Paved,,Possible/Unknown,0,1,0,0,1,0,19000,1,1,,POINT (-93.95261815487 41.547070032178)
2014796711,2014025536,04/25/2014,04-April,6-Friday,13:47,1300 Hours,District 2 (Northeast),,ALLAMAKEE,,Co Rd W4B/FRANKVILLE RD,Collision with fixed object:  Ditch,Roadside,Non-collision (single vehicle),Crossed centerline (undivided),None Indicated,,Daylight,Dry,Cloudy,None apparent,Non-intersection:  Non-junction/no special feature,Paved,,Possible/Unknown,0,1,0,0,1,0,5000,1,1,,POINT (-91.591576791587 43.165190958357)
2014796738,142853,04/25/2014,04-April,6-Friday,15:55,1500 Hours,District 4 (Southwest),,DALLAS,IA 44,IA 44/240TH ST & Co Rd R22/T AVE,Collision with:  Vehicle in traffic,On Roadway,"Angle, oncoming left turn",FTYROW:  From stop sign,None Indicated,,Daylight,Dry,Clear,None apparent,Intersection:  Four-way intersection,Paved,,Property Damage Only,0,0,0,0,0,0,5000,2,2,,POINT (-93.911152160397 41.688268636229)
2014796678,2014025528,04/25/2014,04-April,6-Friday,13:02,1300 Hours,District 1 (Central),DES MOINES,POLK,I-235,I-235 & 28TH ST,Collision with:  Vehicle in traffic,On Roadway,"Sideswipe, same direction",Unknown,None Indicated,,Daylight,Dry,Clear,None apparent,Interchange-related:  On-ramp merge area,Paved,,Property Damage Only,0,0,0,0,0,0,5000,2,2,,POINT (-93.654450832724 41.5932442386)
2014796828,2014025574,04/25/2014,04-April,6-Friday,17:15,1700 Hours,District 2 (Northeast),,CERRO GORDO,,Co Rd B35/255TH ST,Collision with:  Animal,,,Animal,None Indicated,,,,,,,Paved,,Property Damage Only,0,0,0,0,0,0,2000,1,1,,POINT (-93.30946177947 43.133622563886)
2014796596,2014-25803,04/25/2014,04-April,6-Friday,13:10,1300 Hours,District 6 (East Central),DAVENPORT,SCOTT,,W 35TH ST,Collision with:  Vehicle in traffic,On Roadway,"Sideswipe, same direction",Made improper turn,None Indicated,,Daylight,Dry,Clear,None apparent,Non-intersection:  Non-junction/no special feature,Paved,,Property Damage Only,0,0,0,0,0,0,7000,2,2,,POINT (-90.578525988926 41.555694980313)
2014796562,14-0894,04/25/2014,04-April,6-Friday,16:55,1600 Hours,District 1 (Central),URBANDALE,POLK,,86TH ST,Collision with:  Vehicle in traffic,On Roadway,Rear-end (front to rear),Other (explain in narrative):  Other,None Indicated,,Daylight,Dry,Clear,None apparent,Intersection:  Four-way intersection,Paved,,Property Damage Only,0,0,0,0,0,0,6500,2,2,,POINT (-93.736578331622 41.62785742725)
2014796369,14006425,04/25/2014,04-April,6-Friday,19:29,1900 Hours,District 2 (Northeast),MASON CITY,CERRO GORDO,,1ST ST SW & S MONROE AVE,Collision with:  Vehicle in traffic,On Roadway,Rear-end (front to rear),Followed too close,None Indicated,,Daylight,Dry,Clear,None apparent,Intersection:  Four-way intersection,Paved,,Property Damage Only,0,0,0,0,0,0,2000,2,5,,POINT (-93.208649524423 43.150915015868)
2014796897,66000002309,04/25/2014,04-April,6-Friday,09:04,0900 Hours,District 2 (Northeast),,MITCHELL,,MONA DR,Collision with:  Vehicle in traffic,On Roadway,Rear-end (front to rear),Unknown,None Indicated,,Daylight,Dry,Clear,None apparent,Non-intersection:  Non-junction/no special feature,Unpaved,,Property Damage Only,0,0,0,0,0,0,2000,2,3,,POINT (-92.942160030256 43.487474954244)
2014797203,EP14000678,04/25/2014,04-April,6-Friday,15:43,1500 Hours,District 2 (Northeast),EAGLE GROVE,WRIGHT,,2ND ST NW,Collision with:  Vehicle in traffic,Outside trafficway,Broadside (front to side),Improper Backing,None Indicated,,Daylight,Dry,Clear,None apparent,Non-intersection:  Other non-intersection (explain in narrative),Paved,,Property Damage Only,0,0,0,0,0,0,4500,2,1,,POINT (-93.906716640422 42.666232090673)
2014796512,14-0468,04/25/2014,04-April,6-Friday,16:55,1600 Hours,District 1 (Central),CLIVE,POLK,,NW 114TH ST,Collision with:  Vehicle in traffic,On Roadway,Broadside (front to side),FTYROW:  Other (explain in narrative),None Indicated,,Daylight,Dry,Cloudy,None apparent,Intersection:  Other intersection (explain in narrative),Paved,,Property Damage Only,0,0,0,0,0,0,5500,2,3,,POINT (-93.772731030232 41.613271666545)
2014805397,,04/25/2014,04-April,6-Friday,08:45,0800 Hours,District 1 (Central),POLK CITY,POLK,IA 415,IA 415/NW POLK CITY DR,Collision with:  Vehicle in traffic,On Roadway,"Sideswipe, opposite direction",Crossed centerline (undivided),None Indicated,,Daylight,Dry,Clear,None apparent,Non-intersection:  Non-junction/no special feature,Paved,,Property Damage Only,0,0,0,0,0,0,2477,3,3,,POINT (-93.683512973185 41.751248953714)
2014796549,20140011129,04/25/2014,04-April,6-Friday,16:14,1600 Hours,District 1 (Central),DES MOINES,POLK,US 6,US 6/DOUGLAS AVE,Collision with:  Non-motorist (see non-motorist section - NOT a unit),On Roadway,Non-collision (single vehicle),Other (explain in narrative):  Other,None Indicated,,Daylight,Dry,Clear,None apparent,Non-intersection:  Non-junction/no special feature,Paved,,Minor Injury,0,1,0,1,0,0,300,1,1,,POINT (-93.656903952798 41.629268088874)
2014796634,14-002016,04/25/2014,04-April,6-Friday,07:45,0700 Hours,District 1 (Central),AMES,STORY,,UNIVERSITY BLVD,Collision with:  Vehicle in traffic,On Roadway,Rear-end (front to rear),Followed too close,None Indicated,,Daylight,Dry,Clear,None apparent,Non-intersection:  Non-junction/no special feature,Paved,,Minor Injury,0,4,0,3,1,0,15998,2,4,,POINT (-93.632264709634 42.015576457606)
2014796501,14-2725,04/25/2014,04-April,6-Friday,12:31,1200 Hours,District 1 (Central),,POLK,IA 415,IA 415/2ND AVE & NW 49TH PL,Collision with:  Vehicle in traffic,On Roadway,Broadside (front to side),FTYROW:  From stop sign,None Indicated,,Daylight,Dry,Clear,None apparent,Intersection:  Four-way intersection,Paved,,Property Damage Only,0,0,0,0,0,0,1700,2,2,,POINT (-93.619995756459 41.651378518641)
2014796867,14-13739,04/25/2014,04-April,6-Friday,02:37,0200 Hours,District 5 (Southeast),BURLINGTON,DES MOINES,,LOCUST ST & 14TH ST,Collision with:  Vehicle in traffic,On Roadway,Broadside (front to side),Other (explain in narrative):  Other,None Indicated,,Dark - roadway not lighted,Dry,Clear,None apparent,Non-intersection:  Non-junction/no special feature,Paved,,Major Injury,0,2,2,0,0,0,200,2,3,,POINT (-91.113969499 40.797406381604)
2014807896,CP14-332,04/25/2014,04-April,6-Friday,10:49,1000 Hours,District 2 (Northeast),CLARION,WRIGHT,,7TH AVE NE,Collision with:  Vehicle in traffic,On Roadway,Broadside (front to side),Unknown,None Indicated,,Daylight,Dry,Clear,None apparent,Non-intersection:  Non-junction/no special feature,Paved,,Property Damage Only,0,0,0,0,0,0,4000,2,1,,POINT (-93.727762070557 42.738238042647)
2014796550,20140011132,04/25/2014,04-April,6-Friday,16:34,1600 Hours,District 1 (Central),DES MOINES,POLK,,EASTON BLVD,Collision with:  Vehicle in traffic,On Roadway,"Sideswipe, same direction","Operating vehicle in an reckless, erratic, careless, negligent manner",None Indicated,,Daylight,Dry,Cloudy,None apparent,Non-intersection:  Alley,Paved,,Property Damage Only,0,0,0,0,0,0,3000,2,3,,POINT (-93.575622594628 41.605636564566)
2014796611,2014-25891,04/25/2014,04-April,6-Friday,18:57,1800 Hours,District 6 (East Central),DAVENPORT,SCOTT,,W 8TH ST & FILLMORE ST,Collision with:  Vehicle in traffic,On Roadway,Broadside (front to side),Ran Stop Sign,None Indicated,,Daylight,Dry,Cloudy,None apparent,Intersection:  Four-way intersection,Paved,,Minor Injury,0,2,0,1,1,0,6000,2,3,,POINT (-90.59428485916 41.527799831977)
2014796255,20140011072,04/25/2014,04-April,6-Friday,06:30,0600 Hours,District 1 (Central),DES MOINES,POLK,,FRANKLIN AVE,Collision with:  Parked motor vehicle,On Roadway,Rear-end (front to rear),Unknown,None Indicated,,Dawn,Dry,Clear,None apparent,Non-intersection:  Non-junction/no special feature,Paved,,Property Damage Only,0,0,0,0,0,0,13500,2,1,,POINT (-93.664943155781 41.611324573716)
2014797028,2014-25748,04/25/2014,04-April,6-Friday,09:33,0900 Hours,District 6 (East Central),DAVENPORT,SCOTT,,W LOCUST ST & FILLMORE ST,Collision with:  Non-motorist (see non-motorist section - NOT a unit),On Roadway,Non-collision (single vehicle),Unknown,None Indicated,,Daylight,Dry,Clear,None apparent,Intersection:  Four-way intersection,Paved,,Minor Injury,0,1,0,1,0,0,0,1,1,,POINT (-90.593788676487 41.538272928965)
2014796943,042514-35,04/25/2014,04-April,6-Friday,06:18,0600 Hours,District 3 (Northwest),,BUENA VISTA,,Co Rd C65/630TH ST,Collision with:  Vehicle in traffic,On Roadway,"Sideswipe, opposite direction",Crossed centerline (undivided),None Indicated,,Daylight,Dry,Clear,None apparent,Non-intersection:  Non-junction/no special feature,Paved,,Property Damage Only,0,0,0,0,0,0,2000,2,2,,POINT (-95.287219956709 42.604504693524)
2014802805,14-000525,04/25/2014,04-April,6-Friday,05:23,0500 Hours,District 1 (Central),,STORY,,NORTH DAKOTA AVE,Collision with:  Animal,,,Animal,None Indicated,,,,,,,Paved,,Property Damage Only,0,0,0,0,0,0,1500,1,1,,POINT (-93.675444992739 42.051221585499)
2014796266,20140011100,04/25/2014,04-April,6-Friday,12:50,1200 Hours,District 1 (Central),DES MOINES,POLK,,INGERSOLL AVE & 35TH ST,Collision with:  Vehicle in traffic,On Roadway,"Angle, oncoming left turn",FTYROW:  Making left turn,None Indicated,,Daylight,Dry,Clear,None apparent,Intersection:  Four-way intersection,Paved,,Property Damage Only,0,0,0,0,0,0,6000,2,3,,POINT (-93.664146614296 41.586316112391)
2014797090,,04/25/2014,04-April,6-Friday,21:15,2100 Hours,District 3 (Northwest),,CHEROKEE,IA 3,IA 3/IOWA 3,Collision with:  Animal,On Roadway,Non-collision (single vehicle),Animal,None Indicated,,,,,,,Paved,,Property Damage Only,0,0,0,0,0,0,2000,1,1,,POINT (-95.510300825482 42.748889472578)
2014797020,2014-25829,04/25/2014,04-April,6-Friday,07:40,0700 Hours,District 6 (East Central),DAVENPORT,SCOTT,,W LOCUST ST & FAIRMOUNT ST,Collision with:  Vehicle in traffic,On Roadway,Rear-end (front to rear),Followed too close,None Indicated,,Daylight,Dry,Clear,None apparent,Intersection:  Four-way intersection,Paved,,Property Damage Only,0,0,0,0,0,0,2250,2,2,,POINT (-90.629838669767 41.538148392319)
2014796547,20140011125,04/25/2014,04-April,6-Friday,16:03,1600 Hours,District 1 (Central),DES MOINES,POLK,,CLARK ST & ARLINGTON AVE,Collision with:  Vehicle in traffic,On Roadway,"Angle, oncoming left turn",FTYROW:  Making left turn,None Indicated,,Daylight,Dry,Clear,None apparent,Intersection:  Four-way intersection,Paved,,Property Damage Only,0,0,0,0,0,0,1700,2,6,,POINT (-93.622260172203 41.605879979845)
2014796388,141044,04/25/2014,04-April,6-Friday,21:00,2100 Hours,District 3 (Northwest),,CRAWFORD,IA 141,IA 141/IOWA 141,Collision with fixed object:  Bridge overhead structure,On Roadway,Non-collision (single vehicle),Swerving/Evasive Action,None Indicated,,Dark - roadway not lighted,Dry,Clear,None apparent,Non-intersection:  Other non-intersection (explain in narrative),Paved,,Property Damage Only,0,0,0,0,0,0,4000,1,2,,POINT (-95.147629109169 41.906946520084)
2014796563,14-0895,04/25/2014,04-April,6-Friday,17:20,1700 Hours,District 1 (Central),URBANDALE,POLK,,86TH ST,Collision with:  Vehicle in traffic,On Roadway,Rear-end (front to rear),Other (explain in narrative):  Other,None Indicated,,Daylight,Dry,Clear,None apparent,Non-intersection:  Non-junction/no special feature,Paved,,Property Damage Only,0,0,0,0,0,0,3000,2,2,,POINT (-93.736479850283 41.626588048086)
2014796820,S14-3997,04/25/2014,04-April,6-Friday,15:06,1500 Hours,District 3 (Northwest),SIOUX CITY,WOODBURY,US 75,US 75,Collision with:  Vehicle in traffic,On Roadway,Rear-end (front to rear),Unknown,None Indicated,,Daylight,Dry,Clear,None apparent,Non-intersection:  Non-junction/no special feature,Paved,,Property Damage Only,0,0,0,0,0,0,3100,2,4,,POINT (-96.322735013134 42.502721286558)
2014796821,S14-3998,04/25/2014,04-April,6-Friday,16:20,1600 Hours,District 3 (Northwest),OTO,WOODBURY,,Co Rd D54/DEER RUN TRL,Collision with:  Vehicle in traffic,On Roadway,"Sideswipe, opposite direction",Crossed centerline (undivided),None Indicated,,Daylight,Dry,Clear,None apparent,Non-intersection:  Non-junction/no special feature,Paved,,Minor Injury,0,2,0,2,0,0,20000,2,2,,POINT (-96.072839150745 42.339870333289)
2014796257,20140011074,04/25/2014,04-April,6-Friday,07:12,0700 Hours,District 1 (Central),DES MOINES,POLK,,INGERSOLL AVE & 15TH ST,Collision with:  Vehicle in traffic,On Roadway,Broadside (front to side),Ran Traffic Signal,None Indicated,,Daylight,Dry,Clear,None apparent,Intersection:  Four-way intersection,Paved,,Property Damage Only,0,0,0,0,0,0,7000,2,3,,POINT (-93.6371038596 41.586216945003)
2014796594,14-7560,04/25/2014,04-April,6-Friday,16:59,1600 Hours,District 6 (East Central),BETTENDORF,SCOTT,US 67,US 67/STATE ST & GEORGE THUENEN DR & 17TH ST,Collision with:  Vehicle in traffic,On Roadway,Broadside (front to side),Ran Traffic Signal,None Indicated,,Daylight,Dry,Clear,None apparent,Intersection:  Four-way intersection,Paved,,Possible/Unknown,0,1,0,0,1,0,6000,2,2,,POINT (-90.508556440628 41.525261950439)
2014796827,2014025570,04/25/2014,04-April,6-Friday,17:14,1700 Hours,District 2 (Northeast),,CERRO GORDO,I-35,I-35,Collision with fixed object:  Guardrail - face,Median,Non-collision (single vehicle),Ran off road - left,None Indicated,,Daylight,Dry,Clear,None apparent,Non-intersection:  Non-junction/no special feature,Paved,,Minor Injury,0,1,0,1,0,0,8047,1,2,,POINT (-93.348852494014 43.202170960167)
2014796608,2014-25772,04/25/2014,04-April,6-Friday,11:06,1100 Hours,District 6 (East Central),DAVENPORT,SCOTT,US 6,US 6/W KIMBERLY RD & N DIVISION ST,Collision with:  Vehicle in traffic,On Roadway,Rear-end (front to rear),Followed too close,None Indicated,,Daylight,Dry,Clear,None apparent,Intersection:  Four-way intersection,Paved,,Minor Injury,0,1,0,1,0,0,2000,2,2,,POINT (-90.600667262592 41.560041134558)
2014796568,14-1911,04/25/2014,04-April,6-Friday,17:10,1700 Hours,District 1 (Central),WEST DES MOINES,POLK,I-35,I-35,Collision with:  Vehicle in traffic,On Roadway,Rear-end (front to rear),Followed too close,None Indicated,,Daylight,Dry,Clear,Work Zone (roadway-related),Non-intersection:  Non-junction/no special feature,Paved,Yes,Property Damage Only,0,0,0,0,0,0,2900,3,3,,POINT (-93.774042395645 41.532152646823)
2014797147,14-005027,04/25/2014,04-April,6-Friday,21:44,2100 Hours,District 4 (Southwest),,MILLS,,221ST ST,Collision with:  Other non-fixed object (explain in narrative),On Roadway,Non-collision (single vehicle),FTYROW:  Other (explain in narrative),None Indicated,,Dark - roadway not lighted,Dry,Cloudy,Obstruction in roadway,Non-intersection:  Non-junction/no special feature,Paved,Yes,Minor Injury,0,1,0,1,0,0,2000,1,1,,POINT (-95.756698186825 41.02968744134)
2014796405,01-14-17285,04/25/2014,04-April,6-Friday,17:41,1700 Hours,District 6 (East Central),DUBUQUE,DUBUQUE,US 20,US 20/DODGE ST,Collision with:  Vehicle in traffic,On Roadway,Rear-end (front to rear),Lost Control,None Indicated,,Daylight,Dry,Clear,None apparent,Non-intersection:  Non-junction/no special feature,Paved,,Possible/Unknown,0,2,0,0,0,2,3500,3,5,,POINT (-90.71859558578 42.492163991419)
2014850906,14-003056,04/25/2014,04-April,6-Friday,21:45,2100 Hours,District 5 (Southeast),,LOUISA,,160TH ST,Collision with fixed object:  Ditch,Roadside,Non-collision (single vehicle),Ran off road - right,None Indicated,,Dark - roadway not lighted,"Mud, dirt",Cloudy,None apparent,Non-intersection:  Non-junction/no special feature,Unpaved,,Major Injury,0,2,2,0,0,0,3500,1,2,,POINT (-91.31558281193 41.291856451107)
2014796370,14006429,04/25/2014,04-April,6-Friday,18:54,1800 Hours,District 2 (Northeast),MASON CITY,CERRO GORDO,,8TH ST SE & S PENNSYLVANIA AVE,Collision with:  Vehicle in traffic,On Roadway,Broadside (front to side),Ran Stop Sign,None Indicated,,Dusk,Dry,Clear,None apparent,Intersection:  Four-way intersection,Paved,,Possible/Unknown,0,1,0,0,1,0,3000,2,3,,POINT (-93.198492045311 43.143729203296)
2014796368,14006413,04/25/2014,04-April,6-Friday,17:20,1700 Hours,District 2 (Northeast),MASON CITY,CERRO GORDO,IA 122,IA 122/4TH ST SW & S PIERCE AVE,Collision with:  Vehicle in traffic,On Roadway,"Sideswipe, opposite direction",Ran Traffic Signal,None Indicated,,Daylight,Dry,Cloudy,None apparent,Intersection:  Four-way intersection,Paved,,Property Damage Only,0,0,0,0,0,0,6500,2,2,,POINT (-93.22097594258 43.148334496294)
2014796653,14-12505,04/25/2014,04-April,6-Friday,11:08,1100 Hours,District 3 (Northwest),SIOUX CITY,WOODBURY,IA 376,IA 376/LEWIS BLVD & 3RD ST,Collision with:  Vehicle in traffic,On Roadway,Rear-end (front to rear),FTYROW:  Other (explain in narrative),None Indicated,,Daylight,Dry,Clear,None apparent,Intersection:  Four-way intersection,Paved,,Possible/Unknown,0,1,0,0,1,0,0,2,4,,POINT (-96.378313257235 42.493269710049)
2014796571,14-1902,04/25/2014,04-April,6-Friday,12:02,1200 Hours,District 1 (Central),WEST DES MOINES,POLK,I-35,I-35,Collision with:  Vehicle in traffic,On Roadway,Rear-end (front to rear),FTYROW:  Other (explain in narrative),None Indicated,,Daylight,Dry,Clear,None apparent,Interchange-related:  On-ramp merge area,Paved,,Property Damage Only,0,0,0,0,0,0,1500,2,2,,POINT (-93.776624978065 41.599698617025)
2014796593,14-7557,04/25/2014,04-April,6-Friday,16:22,1600 Hours,District 6 (East Central),BETTENDORF,SCOTT,,KIMBERLY RD & SHADY LN,Collision with:  Vehicle in traffic,On Roadway,Broadside (front to side),FTYROW:  Making left turn,None Indicated,,Daylight,Dry,Clear,None apparent,Non-intersection:  Driveway access (within),Paved,,Possible/Unknown,0,2,0,0,2,0,2500,2,2,,POINT (-90.522577068587 41.539741056177)
2014796636,14-002020,04/25/2014,04-April,6-Friday,13:23,1300 Hours,District 1 (Central),AMES,STORY,,HYLAND AVE,Collision with:  Vehicle in traffic,On Roadway,Rear-end (front to rear),Followed too close,None Indicated,,Daylight,Dry,Clear,None apparent,Non-intersection:  Non-junction/no special feature,Paved,,Minor Injury,0,1,0,1,0,0,2500,2,2,,POINT (-93.655639344853 42.024244747012)
2014796403,01-14-17271,04/25/2014,04-April,6-Friday,15:55,1500 Hours,District 6 (East Central),DUBUQUE,DUBUQUE,US 52,US 52/WHITE ST & E 16TH ST,Collision with:  Other non-fixed object (explain in narrative),On Roadway,Rear-end (front to rear),Followed too close,None Indicated,,Daylight,Dry,Clear,None apparent,Non-intersection:  Non-junction/no special feature,Paved,,Property Damage Only,0,0,0,0,0,0,4000,2,2,,POINT (-90.667645435254 42.508265849644)
2014796508,14-001809,04/25/2014,04-April,6-Friday,16:50,1600 Hours,District 1 (Central),ANKENY,POLK,IA 160,IA 160/SW ORALABOR RD,Collision with:  Vehicle in traffic,On Roadway,Rear-end (front to rear),Driver Distraction:  Manual operation of an electronic communication device,None Indicated,,Daylight,Dry,Clear,None apparent,Non-intersection:  Non-junction/no special feature,Paved,,Property Damage Only,0,0,0,0,0,0,5000,2,2,,POINT (-93.601896664709 41.702842308719)
2014796249,14-2720,04/25/2014,04-April,6-Friday,08:15,0800 Hours,District 1 (Central),,POLK,I-35,I-35 & US 69/NE 14TH ST,Collision with:  Vehicle in traffic,On Roadway,"Sideswipe, same direction",Unknown,None Indicated,,Daylight,Dry,Clear,None apparent,Non-intersection:  Driveway access (within),Paved,,Property Damage Only,0,0,0,0,0,0,3000,2,2,,POINT (-93.600409924392 41.647645444999)
2014796450,2014004471,04/25/2014,04-April,6-Friday,17:40,1700 Hours,District 6 (East Central),IOWA CITY,JOHNSON,,MUSCATINE AVE & DOVER ST,Collision with:  Vehicle in traffic,On Roadway,Broadside (front to side),Other (explain in narrative):  Other,None Indicated,,Daylight,Dry,Clear,None apparent,Intersection:  Four-way intersection,Paved,,Possible/Unknown,0,1,0,0,1,0,10000,2,3,,POINT (-91.493986420754 41.649641711737)
2014796402,01-14-17172,04/25/2014,04-April,6-Friday,01:47,0100 Hours,District 6 (East Central),DUBUQUE,DUBUQUE,US 61,US 61/LOOP,Collision with fixed object:  Guardrail - face,On Roadway,Non-collision (single vehicle),Swerving/Evasive Action,None Indicated,,Dark - roadway lighted,Dry,Clear,None apparent,Non-intersection:  Other non-intersection (explain in narrative),Paved,,Possible/Unknown,0,1,0,0,1,0,93085,1,1,,POINT (-90.694400565094 42.420726881601)