Iowa DOT Case Number,Law Enforcement Case Number,Date of Crash,Month of Crash,Day of Week,Time of Crash,Hour,DOT District,City Name,County Name,Route with System,Location Description,First Harmful Event,Location of First Harmful Event,Manner of Crash/Collision,Major Cause,Drug or Alcohol ,Environmental Conditions,Light Conditions,Surface Conditions,Weather Conditions,Roadway Contribution,Roadway Type,Roadway Surface,Work Zone,Crash Severity,Number of Fatalities,Number of Injuries,Number of Major Injuries,Number of Minor Injuries,Number of Possible Injuries,Number of Unknown Injuries,Amount of Property Damage,Number of Vehicles Involved,Total Number of Occupants,Travel Direction,Location
2014797235,,04/25/2014,04-April,6-Friday,07:35,0700 Hours,District 6 (East Central),CEDAR RAPIDS,LINN,I-380,I-380 & H AVE NE,Collision with:  Vehicle in traffic,On Roadway,"Sideswipe, same direction",Unknown,None Indicated,,Daylight,Dry,Clear,,Non-intersection:  Non-junction/no special feature,Paved,,Property Damage Only,0,0,0,0,0,0,4400,2,2,,POINT (-91.666061646202 41.995759613506)
2014796449,2014004470,04/25/2014,04-April,6-Friday,16:54,1600 Hours,District 6 (East Central),IOWA CITY,JOHNSON,IA 1,IA 1/IOWA 1 & HUDSON AVE,Collision with:  Non-motorist (see non-motorist section - NOT a unit),On Roadway,Non-collision (single vehicle),FTYROW:  Making left turn,None Indicated,,Daylight,Dry,Clear,None apparent,Intersection:  Four-way intersection,Paved,,Minor Injury,0,1,0,1,0,0,4000,1,1,,POINT (-91.545384944312 41.647430589517)
2014796505,14-001813,04/25/2014,04-April,6-Friday,21:04,2100 Hours,District 1 (Central),ANKENY,POLK,US 69,US 69/S ANKENY BLVD/N ANKENY BLVD & W 1ST ST & E 1ST ST,Collision with:  Vehicle in traffic,On Roadway,"Angle, oncoming left turn",Unknown,None Indicated,,Dark - roadway lighted,Dry,Clear,None apparent,Non-intersection:  Non-junction/no special feature,Paved,,Property Damage Only,0,0,0,0,0,0,6000,2,2,,POINT (-93.600375962325 41.731870994936)
2014797320,14-006669,04/26/2014,04-April,7-Saturday,20:27,2000 Hours,District 5 (Southeast),,HENRY,,Co Rd W55/FRANKLIN AVE,Collision with:  Animal,,Non-collision (single vehicle),Animal,None Indicated,,,,,,,Paved,,Property Damage Only,0,0,0,0,0,0,1500,1,1,,POINT (-91.639739264275 41.126774840419)
2014904356,,04/26/2014,04-April,7-Saturday,15:25,1500 Hours,District 3 (Northwest),REMSEN,PLYMOUTH,IA 3,IA 3/IOWA 3 & S WASHINGTON ST,Collision with:  Vehicle in traffic,On Roadway,Rear-end (front to rear),Other (explain in narrative):  Other,None Indicated,,Daylight,Dry,Clear,None apparent,Intersection:  T-intersection,Paved,,Property Damage Only,0,0,0,0,0,0,4000,2,2,,POINT (-95.973511360627 42.808458804766)
2014797915,2014-26071,04/26/2014,04-April,7-Saturday,15:29,1500 Hours,District 6 (East Central),DAVENPORT,SCOTT,,W 12TH ST & WASHINGTON ST,Collision with:  Vehicle in traffic,On Roadway,"Sideswipe, opposite direction",Unknown,None Indicated,,Daylight,Dry,Clear,None apparent,Non-intersection:  Non-junction/no special feature,Paved,,Property Damage Only,0,0,0,0,0,0,2000,2,3,,POINT (-90.59631185078 41.531642955996)
2014796857,14006471,04/26/2014,04-April,7-Saturday,11:49,1100 Hours,District 2 (Northeast),MASON CITY,CERRO GORDO,US 65,US 65/N FEDERAL AVE & 13TH ST NE,Collision with:  Vehicle in traffic,On Roadway,"Sideswipe, same direction",Crossed centerline (undivided),None Indicated,,Daylight,Dry,Cloudy,None apparent,Non-intersection:  Non-junction/no special feature,Paved,,Property Damage Only,0,0,0,0,0,0,3000,2,4,,POINT (-93.201065335895 43.163445319637)
2014796386,141058,04/26/2014,04-April,7-Saturday,22:38,2200 Hours,District 3 (Northwest),DENISON,CRAWFORD,,CHAMBERLIN DR W,Collision with:  Vehicle in traffic,On Roadway,Broadside (front to side),Other (explain in narrative):  Other,None Indicated,,Dark - roadway lighted,Dry,Clear,None apparent,Non-intersection:  Non-junction/no special feature,Paved,,Property Damage Only,0,0,0,0,0,0,2000,2,1,,POINT (-95.370483497118 42.003498438036)
2014796539,20140011252,04/26/2014,04-April,7-Saturday,17:19,1700 Hours,District 1 (Central),DES MOINES,POLK,,HUBBELL AVE & EASTON BLVD,Collision with:  Vehicle in traffic,On Roadway,"Sideswipe, same direction",Other (explain in narrative):  No improper action,None Indicated,,Daylight,Dry,Cloudy,None apparent,Intersection:  Four-way intersection,Paved,,Property Damage Only,0,0,0,0,0,0,3500,2,2,,POINT (-93.570992609449 41.60726294021)
2014797741,K14-011923,04/26/2014,04-April,7-Saturday,18:09,1800 Hours,District 5 (Southeast),KEOKUK,LEE,US 218,US 218/MAIN ST,Collision with:  Vehicle in traffic,On Roadway,Rear-end (front to rear),Driver Distraction:  Manual operation of an electronic communication device,None Indicated,,Daylight,Dry,Clear,None apparent,Non-intersection:  Non-junction/no special feature,Paved,,Minor Injury,0,1,0,1,0,0,8000,2,4,,POINT (-91.397551304531 40.409409468389)
2014796479,201405769,04/26/2014,04-April,7-Saturday,01:25,0100 Hours,District 6 (East Central),CEDAR RAPIDS,LINN,,MILLER AVE SW & WYOMING DR SW,Collision with fixed object:  Utility pole/light support,On Roadway,Non-collision (single vehicle),Ran off road - left,Alcohol (Statutory),,Dark - roadway lighted,Dry,Cloudy,None apparent,Non-intersection:  Non-junction/no special feature,Paved,,Minor Injury,0,1,0,1,0,0,15000,1,1,,POINT (-91.663896008398 41.9243581771)
2014798223,14003533,04/26/2014,04-April,7-Saturday,12:36,1200 Hours,District 6 (East Central),,BUCHANAN,US 20,US 20/SW RAMP,Non-collision events:  Other non-collision (explain in narrative),On Roadway,Non-collision (single vehicle),Swerving/Evasive Action,None Indicated,,Daylight,Other (explain in narrative),Clear,Ruts/holes/bumps,Intersection:  Intersection with ramp,Paved,,Property Damage Only,0,0,0,0,0,0,1500,1,2,,POINT (-92.060596680786 42.449120831724)
2014796537,20140011241,04/26/2014,04-April,7-Saturday,14:00,1400 Hours,District 1 (Central),DES MOINES,POLK,IA 28,IA 28/MERLE HAY RD & MADISON AVE,Collision with:  Parked motor vehicle,Outside trafficway,Unknown,Unknown,None Indicated,,Daylight,Dry,Cloudy,None apparent,Non-intersection:  Other non-intersection (explain in narrative),Paved,,Property Damage Only,0,0,0,0,0,0,2000,2,1,,POINT (-93.697798060245 41.633017295525)
2014796482,201405787,04/26/2014,04-April,7-Saturday,11:01,1100 Hours,District 6 (East Central),CEDAR RAPIDS,LINN,,B AVE NW,Non-collision events:  Other non-collision (explain in narrative),On Roadway,Non-collision (single vehicle),Other (explain in narrative):  No improper action,None Indicated,,Daylight,Dry,Clear,None apparent,Non-intersection:  Non-junction/no special feature,Paved,,Minor Injury,0,1,0,1,0,0,1000,1,1,,POINT (-91.68977841762 41.974948727673)
2014796416,02-14-6537,04/26/2014,04-April,7-Saturday,10:06,1000 Hours,District 6 (East Central),DUBUQUE,DUBUQUE,US 52,US 52,Non-collision events:  Overturn/rollover,On Roadway,Non-collision (single vehicle),Swerving/Evasive Action,None Indicated,,Daylight,Dry,Clear,None apparent,Non-intersection:  Non-junction/no special feature,Paved,,Property Damage Only,0,0,0,0,0,0,1500,1,3,,POINT (-90.917307980729 42.58427300129)
2014796564,14-0899,04/26/2014,04-April,7-Saturday,09:30,0900 Hours,District 1 (Central),URBANDALE,POLK,I-35,I-35 & 72ND ST,Collision with fixed object:  Ditch,On Roadway,Non-collision (single vehicle),Swerving/Evasive Action,None Indicated,,Daylight,Dry,Cloudy,None apparent,Non-intersection:  Other non-intersection (explain in narrative),Paved,,Possible/Unknown,0,1,0,0,0,1,10859,1,1,,POINT (-93.717069743485 41.652714411351)
2014796517,20140011232,04/26/2014,04-April,7-Saturday,13:08,1300 Hours,District 1 (Central),DES MOINES,POLK,,BEAVER AVE,Collision with:  Vehicle in traffic,On Roadway,Rear-end (front to rear),Followed too close,None Indicated,,Daylight,Dry,Cloudy,None apparent,Non-intersection:  Non-junction/no special feature,Paved,,Property Damage Only,0,0,0,0,0,0,2100,2,2,,POINT (-93.673006144604 41.611106517264)
2014796485,14008336,04/26/2014,04-April,7-Saturday,09:25,0900 Hours,District 6 (East Central),MARION,LINN,,A AVE & S 12TH ST,Collision with:  Vehicle in traffic,On Roadway,Rear-end (front to rear),Improper Backing,None Indicated,,Daylight,Dry,Clear,None apparent,Intersection:  Four-way intersection,Paved,,Property Damage Only,0,0,0,0,0,0,3800,2,3,,POINT (-91.596567901262 42.026444176737)
2014797232,,04/26/2014,04-April,7-Saturday,08:39,0800 Hours,District 2 (Northeast),HAMPTON,FRANKLIN,,1ST AVE NW & 3RD ST NW,Collision with:  Vehicle in traffic,On Roadway,Broadside (front to side),FTYROW:  At uncontrolled intersection,None Indicated,,Daylight,Dry,Clear,None apparent,Intersection:  Four-way intersection,Paved,,Property Damage Only,0,0,0,0,0,0,8500,2,2,,POINT (-93.211136154779 42.742688080728)
2014796410,01-14-17447,04/26/2014,04-April,7-Saturday,14:37,1400 Hours,District 6 (East Central),DUBUQUE,DUBUQUE,,W 5TH ST & LOCUST ST S,Collision with:  Vehicle in traffic,On Roadway,Broadside (front to side),Ran Traffic Signal,None Indicated,,Daylight,Dry,Clear,None apparent,Intersection:  Four-way intersection,Paved,,Property Damage Only,0,0,0,0,0,0,4000,2,3,,POINT (-90.666977131217 42.498094358688)
2014796347,W14-040459,04/26/2014,04-April,7-Saturday,11:28,1100 Hours,District 2 (Northeast),WATERLOO,BLACK HAWK,,KERN ST & REED ST,Collision with:  Vehicle in traffic,On Roadway,Broadside (front to side),FTYROW:  At uncontrolled intersection,None Indicated,,Daylight,Dry,Clear,None apparent,Intersection:  Four-way intersection,Paved,,Possible/Unknown,0,1,0,0,1,0,7000,2,2,,POINT (-92.340200933852 42.515328161704)
2014796798,14-7600,04/26/2014,04-April,7-Saturday,11:09,1100 Hours,District 6 (East Central),BETTENDORF,SCOTT,,MIDDLE RD & 18TH ST,Collision with:  Vehicle in traffic,On Roadway,"Sideswipe, same direction",Exceeded authorized speed,None Indicated,,Daylight,Dry,Clear,None apparent,Intersection:  Four-way intersection,Paved,,Property Damage Only,0,0,0,0,0,0,6000,2,3,,POINT (-90.506876824609 41.544337016429)
2014904357,,04/26/2014,04-April,7-Saturday,10:50,1000 Hours,District 3 (Northwest),REMSEN,PLYMOUTH,IA 3,IA 3/IOWA 3 & Co Rd L12/QUEST RD & S MARION ST,Collision with:  Vehicle in traffic,On Roadway,Broadside (front to side),FTYROW:  From stop sign,None Indicated,,Daylight,Dry,Clear,None apparent,Non-intersection:  Non-junction/no special feature,Paved,,Property Damage Only,0,0,0,0,0,0,10000,2,2,,POINT (-95.977063416805 42.808573532864)
2014796612,2014-26047,04/26/2014,04-April,7-Saturday,12:13,1200 Hours,District 6 (East Central),DAVENPORT,SCOTT,,W 55TH ST & DAVIE ST,Collision with:  Vehicle in traffic,On Roadway,Rear-end (front to rear),Exceeded authorized speed,None Indicated,,Daylight,Dry,Clear,None apparent,Intersection:  Four-way intersection,Paved,,Possible/Unknown,0,1,0,0,1,0,10000,2,3,,POINT (-90.601328223933 41.577176080283)
2014796412,01-14-17486,04/26/2014,04-April,7-Saturday,18:19,1800 Hours,District 6 (East Central),DUBUQUE,DUBUQUE,,JOHN F KENNEDY RD,Collision with:  Other non-fixed object (explain in narrative),Roadside,Non-collision (single vehicle),Ran off road - right,None Indicated,,Daylight,Dry,Clear,None apparent,Non-intersection:  Non-junction/no special feature,Paved,,Property Damage Only,0,0,0,0,0,0,1600,1,1,,POINT (-90.720543598689 42.519254511203)
2014801362,2014-26090,04/26/2014,04-April,7-Saturday,17:00,1700 Hours,District 6 (East Central),DAVENPORT,SCOTT,,IA 461/BRADY ST & W 2ND ST & E 2ND ST,Collision with:  Vehicle in traffic,On Roadway,"Angle, oncoming left turn",FTYROW:  Making left turn,None Indicated,,Daylight,Dry,Clear,None apparent,Intersection:  Four-way intersection,Paved,,Possible/Unknown,0,1,0,0,1,0,7500,2,3,,POINT (-90.574081513197 41.521286836002)
2014796939,14-094,04/26/2014,04-April,7-Saturday,09:12,0900 Hours,District 2 (Northeast),WAVERLY,BREMER,IA 3,IA 3/BREMER AVE & 4TH ST SE,Collision with:  Vehicle in traffic,On Roadway,"Sideswipe, same direction",Improper or erratic lane changing,None Indicated,,Daylight,Dry,Clear,None apparent,Non-intersection:  Non-junction/no special feature,Paved,,Property Damage Only,0,0,0,0,0,0,2000,2,4,,POINT (-92.465627845173 42.725831449568)
2014796732,14-003575,04/26/2014,04-April,7-Saturday,02:00,0200 Hours,District 6 (East Central),INDEPENDENCE,BUCHANAN,,6TH ST NE,Collision with:  Parked motor vehicle,On Roadway,Unknown,Unknown,None Indicated,,Unknown,Unknown,Unknown,Unknown,Unknown,Paved,,Property Damage Only,0,0,0,0,0,0,3500,2,1,,POINT (-91.88600150274 42.473574554843)
2014797319,14-002703,04/26/2014,04-April,7-Saturday,22:32,2200 Hours,District 1 (Central),,HAMILTON,,Co Rd R61/CHRISTYTOWN RD,Non-collision events:  Overturn/rollover,Roadside,Non-collision (single vehicle),Ran off road - right,None Indicated,,Dark - roadway not lighted,Dry,Cloudy,None apparent,Non-intersection:  Non-junction/no special feature,Paved,,Possible/Unknown,0,1,0,0,0,1,6000,1,2,,POINT (-93.591035170451 42.215126615248)
2014796613,2014-26049,04/26/2014,04-April,7-Saturday,12:28,1200 Hours,District 6 (East Central),DAVENPORT,SCOTT,,W CENTRAL PARK AVE & FAIR AVE,Collision with:  Vehicle in traffic,On Roadway,"Angle, oncoming left turn",FTYROW:  Making left turn,None Indicated,,Daylight,Dry,Clear,None apparent,Intersection:  T-intersection,Paved,,Property Damage Only,0,0,0,0,0,0,6500,2,2,,POINT (-90.573294768514 41.545533503997)
2014797596,1400000349,04/26/2014,04-April,7-Saturday,10:30,1000 Hours,District 1 (Central),,MARSHALL,US 30,US 30/240TH ST,Collision with fixed object:  Ditch,Shoulder,Non-collision (single vehicle),Ran off road - right,Alcohol (Statutory),,Daylight,Dry,Clear,None apparent,Non-intersection:  Non-junction/no special feature,Paved,,Minor Injury,0,1,0,1,0,0,6000,1,1,,POINT (-92.968652275136 42.003542322042)
2014796351,201401815,04/26/2014,04-April,7-Saturday,08:51,0800 Hours,District 1 (Central),,BOONE,IA 17,IA 17/T AVE & 210TH ST,Collision with:  Vehicle in traffic,On Roadway,Rear-end (front to rear),Disregarded RR Signal,None Indicated,,Daylight,Dry,Clear,None apparent,Non-intersection:  Railroad grade crossing,Paved,,Property Damage Only,0,0,0,0,0,0,1800,3,3,,POINT (-93.795684272555 42.050279835818)
2014796350,W14-040674,04/26/2014,04-April,7-Saturday,22:44,2200 Hours,District 2 (Northeast),WATERLOO,BLACK HAWK,,W 11TH ST,Non-collision events:  Other non-collision (explain in narrative),On Roadway,Non-collision (single vehicle),Unknown,None Indicated,,Dark - roadway lighted,Dry,Clear,None apparent,Non-intersection:  Other non-intersection (explain in narrative),Paved,,Property Damage Only,0,0,0,0,0,0,4000,1,1,,POINT (-92.330224377213 42.491999250678)
2014797242,W14-040559,04/26/2014,04-April,7-Saturday,17:42,1700 Hours,District 2 (Northeast),WATERLOO,BLACK HAWK,IA 21,IA 21/HAWKEYE RD & E SHAULIS RD,Collision with:  Vehicle in traffic,On Roadway,Rear-end (front to rear),Followed too close,None Indicated,,Daylight,Dry,Clear,None apparent,Intersection:  Four-way intersection,Paved,,Property Damage Only,0,0,0,0,0,0,2100,2,3,,POINT (-92.346772163897 42.443039744686)
2014796680,2014025750,04/26/2014,04-April,7-Saturday,21:57,2100 Hours,District 4 (Southwest),,MILLS,,Co Rd H10/BUNGE AVE & Co Rd L31/196TH ST,Collision with fixed object:  Utility pole/light support,Roadside,Non-collision (single vehicle),Ran off road - right,Alcohol (Statutory),,Dark - roadway not lighted,Dry,Cloudy,None apparent,Intersection:  T-intersection,Paved,,Possible/Unknown,0,1,0,0,1,0,18000,1,1,,POINT (-95.813203929397 41.149288742933)
2014796615,2014-26059,04/26/2014,04-April,7-Saturday,13:52,1300 Hours,District 6 (East Central),DAVENPORT,SCOTT,US 6,US 6/E KIMBERLY RD & EASTERN AVE,Collision with:  Vehicle in traffic,On Roadway,Rear-end (front to rear),Lost Control,None Indicated,,Daylight,Dry,Clear,None apparent,Intersection:  Four-way intersection,Paved,,Property Damage Only,0,0,0,0,0,0,7250,3,3,,POINT (-90.551383526398 41.55686709982)
2014796514,20140011211,04/26/2014,04-April,7-Saturday,08:50,0800 Hours,District 1 (Central),DES MOINES,POLK,,EASTER LAKE DR & SE 34TH ST,Non-collision events:  Overturn/rollover,Roadside,Non-collision (single vehicle),Ran off road - right,None Indicated,,Daylight,Dry,Clear,None apparent,Non-intersection:  Non-junction/no special feature,Paved,,Property Damage Only,0,0,0,0,0,0,7500,1,1,,POINT (-93.548936833636 41.536699166957)
2014796515,20140011213,04/26/2014,04-April,7-Saturday,09:00,0900 Hours,District 1 (Central),DES MOINES,POLK,,MULBERRY ST & 8TH ST,Collision with:  Vehicle in traffic,On Roadway,"Sideswipe, same direction",Improper or erratic lane changing,None Indicated,,Daylight,Dry,Clear,None apparent,Intersection:  Four-way intersection,Paved,,Property Damage Only,0,0,0,0,0,0,2000,2,4,,POINT (-93.626745378602 41.584472427623)
2014796980,14-1094,04/26/2014,04-April,7-Saturday,10:03,1000 Hours,District 2 (Northeast),OSAGE,MITCHELL,US 218,US 218/MAIN ST,Collision with:  Vehicle in traffic,On Roadway,"Sideswipe, same direction",Unknown,None Indicated,,Daylight,Dry,Cloudy,None apparent,Non-intersection:  Non-junction/no special feature,Paved,,Property Damage Only,0,0,0,0,0,0,2800,2,2,,POINT (-92.810752433071 43.284101899271)
2014804906,SA1402976,04/26/2014,04-April,7-Saturday,08:15,0800 Hours,District 5 (Southeast),KALONA,WASHINGTON,IA 22,IA 22/E AVE & 5TH ST,Collision with:  Vehicle in traffic,On Roadway,"Sideswipe, same direction",Crossed centerline (undivided),None Indicated,,Daylight,Dry,Clear,None apparent,Intersection:  Four-way intersection,Paved,,Major Injury,0,3,2,0,1,0,32000,2,4,,POINT (-91.706029333673 41.485864286562)
2014802619,2014-26096,04/26/2014,04-April,7-Saturday,17:25,1700 Hours,District 6 (East Central),DAVENPORT,SCOTT,,W CENTRAL PARK AVE & FAIRMOUNT ST,Collision with:  Vehicle in traffic,On Roadway,Broadside (front to side),Ran Stop Sign,None Indicated,,Daylight,Dry,Clear,None apparent,Intersection:  Four-way intersection,Paved,,Property Damage Only,0,0,0,0,0,0,3000,2,2,,POINT (-90.629717391163 41.545405087049)
2014796590,14-4210,04/26/2014,04-April,7-Saturday,10:00,1000 Hours,District 3 (Northwest),SAC CITY,SAC,,MAIN ST & S 12TH ST & N 12TH ST,Collision with:  Vehicle in traffic,On Roadway,"Sideswipe, same direction",Other (explain in narrative):  No improper action,None Indicated,,Daylight,Dry,Clear,None apparent,Non-intersection:  Non-junction/no special feature,Paved,,Property Damage Only,0,0,0,0,0,0,6500,2,3,,POINT (-94.99804352374 42.42255834468)
2014796811,2014-25984,04/26/2014,04-April,7-Saturday,01:35,0100 Hours,District 6 (East Central),DAVENPORT,SCOTT,,MIDDLE RD & FOREST RD,Collision with:  Parked motor vehicle,On Roadway,Head-on (front to front),Lost Control,None Indicated,,Dark - roadway lighted,Dry,Clear,None apparent,Non-intersection:  Non-junction/no special feature,Paved,,Property Damage Only,0,0,0,0,0,0,12779,3,1,,POINT (-90.533465668543 41.536480788672)
2014796513,20140011267,04/26/2014,04-April,7-Saturday,19:19,1900 Hours,District 5 (Southeast),DES MOINES,WARREN,,E CO LINE RD & SE 5TH ST,Collision with:  Vehicle in traffic,On Roadway,Rear-end (front to rear),Lost Control,None Indicated,,Dusk,Dry,Cloudy,None apparent,Intersection:  Four-way intersection,Paved,,Possible/Unknown,0,2,0,0,2,0,4000,2,4,,POINT (-93.606379948804 41.511901601712)
2014797073,2014025692,04/26/2014,04-April,7-Saturday,13:20,1300 Hours,District 5 (Southeast),,MARION,IA 14,IA 14/IOWA 14 & HAYES DR,Collision with:  Vehicle in traffic,On Roadway,"Angle, oncoming left turn",FTYROW:  Making left turn,None Indicated,,Daylight,Dry,Cloudy,None apparent,Intersection:  T-intersection,Paved,,Property Damage Only,0,0,0,0,0,0,9500,2,2,,POINT (-93.109150055969 41.39261240141)
2014796473,14-001951,04/26/2014,04-April,7-Saturday,21:13,2100 Hours,District 5 (Southeast),MONTROSE,LEE,,Co Rd J72/300 ST,Collision with:  Animal,,,Animal,None Indicated,,,,,,,Paved,,Property Damage Only,0,0,0,0,0,0,1501,1,1,,POINT (-91.503085849594 40.524197244764)
2014797496,14-224,04/26/2014,04-April,7-Saturday,15:43,1500 Hours,District 5 (Southeast),,WAYNE,,Co Rd J44/JUBILEE,Non-collision events:  Other non-collision (explain in narrative),Outside trafficway,Non-collision (single vehicle),Equipment failure,Under Influence of Alcohol/Drugs/Medications,,Daylight,"Mud, dirt",Cloudy,None apparent,Non-intersection:  Non-junction/no special feature,Unpaved,,Property Damage Only,0,0,0,0,0,0,3000,1,1,,POINT (-93.234384685374 40.71764354546)
2014796534,20140001176,04/26/2014,04-April,7-Saturday,00:10,0000 Hours,District 1 (Central),DES MOINES,POLK,,MAURY ST & SE 28TH ST,Collision with fixed object:  Mailbox,Unknown,Non-collision (single vehicle),Ran off road - right,None Indicated,,Dark - roadway lighted,Dry,Cloudy,None apparent,Non-intersection:  Non-junction/no special feature,Paved,,Property Damage Only,0,0,0,0,0,0,5050,1,1,,POINT (-93.563102802361 41.580451231996)
2014796526,20140011233,04/26/2014,04-April,7-Saturday,12:32,1200 Hours,District 1 (Central),DES MOINES,POLK,,SE 8TH ST & INDIANOLA AVE,Collision with:  Vehicle in traffic,On Roadway,Broadside (front to side),FTYROW:  From stop sign,None Indicated,,Daylight,Dry,Cloudy,None apparent,Intersection:  Four-way intersection,Paved,,Minor Injury,0,2,0,2,0,0,5000,2,6,,POINT (-93.602581187086 41.558399431912)
2014800553,,04/26/2014,04-April,7-Saturday,12:56,1200 Hours,District 1 (Central),DES MOINES,POLK,,HICKMAN RD & MLK JR PKWY,Collision with:  Vehicle in traffic,On Roadway,Rear-end (front to rear),Unknown,None Indicated,,,,,,,Paved,,Property Damage Only,0,0,0,0,0,0,3500,2,3,,POINT (-93.646461472405 41.615050886462)
2014796535,20140011182,04/26/2014,04-April,7-Saturday,01:07,0100 Hours,District 1 (Central),DES MOINES,POLK,I-235,I-235 & CENTER ST & 42ND ST,Collision with:  Vehicle in traffic,On Roadway,Broadside (front to side),Unknown,None Indicated,,Dark - roadway lighted,Dry,Clear,None apparent,Intersection:  Intersection with ramp,Paved,,Property Damage Only,0,0,0,0,0,0,3500,2,4,,POINT (-93.674400917243 41.59175984285)
2014796489,14-001745,04/26/2014,04-April,7-Saturday,21:05,2100 Hours,District 3 (Northwest),,LYON,US 75,US 75,Collision with:  Animal,On Roadway,Non-collision (single vehicle),Animal,None Indicated,,Dark - roadway not lighted,Dry,Cloudy,None apparent,Non-intersection:  Non-junction/no special feature,Paved,,Property Damage Only,0,0,0,0,0,0,6000,1,1,,POINT (-96.175956338923 43.347536312329)
2014796411,01-14-17468,04/26/2014,04-April,7-Saturday,16:25,1600 Hours,District 6 (East Central),DUBUQUE,DUBUQUE,,HILLCREST RD & CHANEY RD,Collision with:  Vehicle in traffic,On Roadway,Broadside (front to side),Other (explain in narrative):  Other,None Indicated,,Daylight,Dry,Clear,None apparent,Non-intersection:  Non-junction/no special feature,Paved,,Possible/Unknown,0,1,0,0,1,0,14100,2,2,,POINT (-90.70820025598 42.50559042142)
2014796337,14040474,04/26/2014,04-April,7-Saturday,12:21,1200 Hours,District 2 (Northeast),CEDAR FALLS,BLACK HAWK,,UNIVERSITY AVE & HUDSON RD,Collision with:  Vehicle in traffic,On Roadway,Rear-end (front to rear),Other (explain in narrative):  Other,None Indicated,,Daylight,Dry,Clear,None apparent,Non-intersection:  Non-junction/no special feature,Paved,,Property Damage Only,0,0,0,0,0,0,4000,2,3,,POINT (-92.465573383709 42.506894524386)
2014796924,14-4749,04/26/2014,04-April,7-Saturday,18:00,1800 Hours,District 3 (Northwest),,SIOUX,,CHESTNUT AVE,Collision with fixed object:  Ditch,Shoulder,Non-collision (single vehicle),Ran off road - right,None Indicated,,Daylight,"Mud, dirt",Cloudy,None apparent,Non-intersection:  Non-junction/no special feature,Unpaved,,Property Damage Only,0,0,0,0,0,0,50000,1,1,,POINT (-96.430640126914 42.955872459978)
2014797641,2014025636,04/26/2014,04-April,7-Saturday,00:45,0000 Hours,District 1 (Central),,JASPER,I-80,I-80,Collision with fixed object:  Guardrail - face,Median,Non-collision (single vehicle),Ran off road - right,None Indicated,,Dark - roadway not lighted,Dry,Clear,None apparent,Non-intersection:  Non-junction/no special feature,Paved,,Possible/Unknown,0,1,0,0,0,1,7400,1,1,,POINT (-92.926372717585 41.680958336996)
2014796934,14-040624,04/26/2014,04-April,7-Saturday,20:38,2000 Hours,District 2 (Northeast),,BLACK HAWK,US 63,US 63/LOGAN AVE,Collision with:  Animal,,,Animal,None Indicated,,,,,,,Paved,,Property Damage Only,0,0,0,0,0,0,3000,1,1,,POINT (-92.337306272951 42.591067772339)
2014796614,2014-26055,04/26/2014,04-April,7-Saturday,13:37,1300 Hours,District 6 (East Central),DAVENPORT,SCOTT,,IA 461/BRADY ST,Collision with:  Vehicle in traffic,On Roadway,"Sideswipe, same direction",Made improper turn,None Indicated,,Daylight,Dry,Clear,None apparent,Non-intersection:  Driveway access (within),Paved,,Property Damage Only,0,0,0,0,0,0,6000,2,3,,POINT (-90.569811107434 41.574829683127)
2014796583,14-016174,04/26/2014,04-April,7-Saturday,11:25,1100 Hours,District 4 (Southwest),COUNCIL BLUFFS,POTTAWATTAMIE,US 6,US 6/KANESVILLE BLVD & IA 192/S 6TH ST & N 6TH ST,Collision with:  Vehicle in traffic,On Roadway,Rear-end (front to rear),Ran Traffic Signal,None Indicated,,Daylight,Dry,Clear,None apparent,Intersection:  Four-way intersection,Paved,,Minor Injury,0,1,0,1,0,0,1000,2,2,,POINT (-95.851750124492 41.262091326351)
2014796509,14-001818,04/26/2014,04-April,7-Saturday,07:39,0700 Hours,District 1 (Central),ANKENY,POLK,,SE DELAWARE AVE & NE DELAWARE AVE,Collision with:  Vehicle in traffic,On Roadway,Broadside (front to side),FTYROW:  Making left turn,None Indicated,,Daylight,Dry,Clear,None apparent,Non-intersection:  Driveway access (within),Paved,,Property Damage Only,0,0,0,0,0,0,1600,2,6,,POINT (-93.581083458405 41.731258621795)
2014803617,,04/26/2014,04-April,7-Saturday,16:31,1600 Hours,District 6 (East Central),CEDAR RAPIDS,LINN,,WILEY BLVD SW & 31ST AVE SW,Collision with:  Vehicle in traffic,On Roadway,"Angle, oncoming left turn",FTYROW:  Making left turn,Alcohol (Statutory),,Daylight,Dry,Cloudy,None apparent,Intersection:  Four-way intersection,Paved,,Fatal,1,2,1,1,0,0,7000,2,4,,POINT (-91.721036557346 41.947309105943)
2014797221,,04/26/2014,04-April,7-Saturday,10:15,1000 Hours,District 2 (Northeast),,CLAYTON,IA 13,IA 13/IOWA 13,Collision with:  Parked motor vehicle,Shoulder,"Sideswipe, opposite direction",Swerving/Evasive Action,None Indicated,,Daylight,Dry,Clear,None apparent,Non-intersection:  Non-junction/no special feature,Paved,,Property Damage Only,0,0,0,0,0,0,5500,2,1,,POINT (-91.504640105558 42.737505346552)
2014796829,2014025699,04/26/2014,04-April,7-Saturday,15:59,1500 Hours,District 2 (Northeast),,CHICKASAW,,KENWOOD AVE & 165TH ST,Collision with:  Vehicle in traffic,On Roadway,Broadside (front to side),FTYROW:  From stop sign,None Indicated,,Daylight,Dry,Cloudy,None apparent,Intersection:  Four-way intersection,Unpaved,,Possible/Unknown,0,1,0,0,1,0,5900,2,5,,POINT (-92.33771371629 43.11974267603)