Iowa DOT Case Number,Law Enforcement Case Number,Date of Crash,Month of Crash,Day of Week,Time of Crash,Hour,DOT District,City Name,County Name,Route with System,Location Description,First Harmful Event,Location of First Harmful Event,Manner of Crash/Collision,Major Cause,Drug or Alcohol ,Environmental Conditions,Light Conditions,Surface Conditions,Weather Conditions,Roadway Contribution,Roadway Type,Roadway Surface,Work Zone,Crash Severity,Number of Fatalities,Number of Injuries,Number of Major Injuries,Number of Minor Injuries,Number of Possible Injuries,Number of Unknown Injuries,Amount of Property Damage,Number of Vehicles Involved,Total Number of Occupants,Travel Direction,Location
2014796949,14005977,04/26/2014,04-April,7-Saturday,19:17,1900 Hours,District 6 (East Central),,CEDAR,,280TH,Collision with fixed object:  Bridge overhead structure,Unknown,Non-collision (single vehicle),Ran off road - right,None Indicated,,Daylight,Dry,Clear,Unknown,Non-intersection:  Other non-intersection (explain in narrative),Unpaved,,Property Damage Only,0,0,0,0,0,0,5200,1,1,,POINT (-91.328641279743 41.68538235169)
2014798878,14-002960,04/26/2014,04-April,7-Saturday,12:57,1200 Hours,District 4 (Southwest),PERRY,DALLAS,,DEWEY AVE & W 3RD ST,Collision with fixed object:  Other fixed object (explain in narrative),Outside trafficway,Non-collision (single vehicle),"Operating vehicle in an reckless, erratic, careless, negligent manner",None Indicated,,Daylight,Dry,Clear,None apparent,Non-intersection:  Non-junction/no special feature,Paved,,Property Damage Only,0,0,0,0,0,0,2000,1,2,,POINT (-94.109356091602 41.844650343605)
2014796584,14-016181,04/26/2014,04-April,7-Saturday,12:12,1200 Hours,District 4 (Southwest),COUNCIL BLUFFS,POTTAWATTAMIE,,DENMARK DR & MCDERMOTT ST,Collision with:  Vehicle in traffic,On Roadway,Broadside (front to side),FTYROW:  From stop sign,None Indicated,,Daylight,Dry,Clear,None apparent,Intersection:  Four-way intersection,Paved,,Property Damage Only,0,0,0,0,0,0,7000,2,3,,POINT (-95.835098018317 41.220397992004)
2014796408,01-14-17435,04/26/2014,04-April,7-Saturday,12:58,1200 Hours,District 6 (East Central),DUBUQUE,DUBUQUE,,E 19TH ST & ELM ST,Collision with fixed object:  Utility pole/light support,On Roadway,Non-collision (single vehicle),Ran off road - right,Refused,,Daylight,Dry,Clear,None apparent,Intersection:  Four-way intersection,Paved,,Possible/Unknown,0,1,0,0,1,0,4500,1,1,,POINT (-90.666047897426 42.511619265466)
2014796582,14-016137,04/26/2014,04-April,7-Saturday,03:24,0300 Hours,District 4 (Southwest),COUNCIL BLUFFS,POTTAWATTAMIE,,AVE G VIADUCT,Collision with fixed object:  Bridge overhead structure,On Roadway,Non-collision (single vehicle),Crossed centerline (undivided),None Indicated,,Dark - roadway lighted,Dry,Clear,None apparent,Non-intersection:  Non-junction/no special feature,Paved,,Property Damage Only,0,0,0,0,0,0,5200,1,1,,POINT (-95.856798462307 41.268099395165)
2014797326,AP04261401,04/26/2014,04-April,7-Saturday,00:42,0000 Hours,District 5 (Southeast),,KEOKUK,,Co Rd G29/170TH ST,Collision with fixed object:  Ditch,On Roadway,Non-collision (single vehicle),Swerving/Evasive Action,Alcohol (< Statutory),,Dark - roadway not lighted,Dry,Clear,None apparent,Non-intersection:  Non-junction/no special feature,Paved,,Property Damage Only,0,0,0,0,0,0,3500,1,1,,POINT (-92.399607418942 41.408518426414)
2014796724,,04/26/2014,04-April,7-Saturday,13:22,1300 Hours,District 4 (Southwest),,ADAIR,,220TH ST,Collision with:  Vehicle in traffic,On Roadway,"Sideswipe, opposite direction",Other (explain in narrative):  Other,None Indicated,,Daylight,"Mud, dirt",Clear,None apparent,Non-intersection:  Non-junction/no special feature,Unpaved,,Minor Injury,0,1,0,1,0,0,9000,2,2,,POINT (-94.547547884835 41.330951468473)
2014796640,14-004564,04/26/2014,04-April,7-Saturday,21:05,2100 Hours,District 1 (Central),,TAMA,US 63,US 63,Collision with:  Animal,On Roadway,Non-collision (single vehicle),Animal,None Indicated,,Dark - roadway not lighted,Dry,Cloudy,None apparent,Non-intersection:  Non-junction/no special feature,Paved,,Property Damage Only,0,0,0,0,0,0,2900,1,1,,POINT (-92.58150217682 42.058984895461)
2014798166,14002032,04/26/2014,04-April,7-Saturday,00:55,0000 Hours,District 1 (Central),AMES,STORY,,LINCOLN WAY & S RUSSELL AVE & N RUSSELL AVE,Collision with:  Vehicle in traffic,On Roadway,Rear-end (front to rear),Followed too close,Alcohol (Statutory),,Dark - roadway lighted,Dry,Clear,None apparent,Non-intersection:  Non-junction/no special feature,Paved,,Property Damage Only,0,0,0,0,0,0,4500,2,3,,POINT (-93.6283627694 42.022848181583)
2014796639,14-000667,04/26/2014,04-April,7-Saturday,17:16,1700 Hours,District 1 (Central),AMES,STORY,,13TH ST & STANGE RD,Collision with:  Vehicle in traffic,On Roadway,"Angle, oncoming left turn",FTYROW:  Making left turn,None Indicated,,Daylight,Dry,Clear,None apparent,Intersection:  Four-way intersection,Paved,,Property Damage Only,0,0,0,0,0,0,4000,2,2,,POINT (-93.644762635066 42.035663633103)
2014796520,20140011223,04/26/2014,04-April,7-Saturday,11:15,1100 Hours,District 1 (Central),DES MOINES,POLK,,48TH ST,Collision with:  Parked motor vehicle,Shoulder,Broadside (front to side),Improper Backing,None Indicated,,Daylight,Dry,Clear,None apparent,Non-intersection:  Non-junction/no special feature,Paved,,Property Damage Only,0,0,0,0,0,0,4500,2,1,,POINT (-93.682587792884 41.604672920732)
2014796381,CL14001242,04/26/2014,04-April,7-Saturday,11:51,1100 Hours,District 6 (East Central),CLINTON,CLINTON,US 67,US 67/MAIN AVE & PERSHING BLVD,Collision with:  Vehicle in traffic,On Roadway,Broadside (front to side),FTYROW:  From stop sign,None Indicated,,Daylight,Dry,Clear,None apparent,Intersection:  Four-way intersection,Paved,,Property Damage Only,0,0,0,0,0,0,2500,2,5,,POINT (-90.181112488785 41.872897536567)
2014796536,20140011176,04/26/2014,04-April,7-Saturday,00:10,0000 Hours,District 1 (Central),DES MOINES,POLK,,MAURY ST & SE 28TH ST,Collision with fixed object:  Mailbox,Unknown,Non-collision (single vehicle),Ran off road - right,None Indicated,,Dark - roadway lighted,Dry,Cloudy,None apparent,Non-intersection:  Non-junction/no special feature,Paved,,Property Damage Only,0,0,0,0,0,0,5050,1,1,,POINT (-93.563102802361 41.580451231996)
2014797100,14002371,04/26/2014,04-April,7-Saturday,04:52,0400 Hours,District 2 (Northeast),,CERRO GORDO,,Co Rd B35/255TH ST & STATE AVE,Collision with:  Animal,,,Animal,None Indicated,,,,,,,Paved,,Property Damage Only,0,0,0,0,0,0,3000,1,1,,POINT (-93.275564056186 43.133745239183)
2014809939,14-2796PD,04/26/2014,04-April,7-Saturday,21:56,2100 Hours,District 1 (Central),BOONE,BOONE,,10TH ST & DIVISION ST,Collision with fixed object:  Curb/island/raised median,,,Driving too fast for conditions,None Indicated,,,,,,,Paved,,Property Damage Only,0,0,0,0,0,0,3000,1,1,,POINT (-93.893094458927 42.065819811864)
2014796383,CL14001248,04/26/2014,04-April,7-Saturday,18:05,1800 Hours,District 6 (East Central),CLINTON,CLINTON,,25TH AVE N,Non-collision events:  Overturn/rollover,On Roadway,Non-collision (single vehicle),Ran off road - right,None Indicated,,Daylight,Dry,Clear,None apparent,Non-intersection:  Non-junction/no special feature,Paved,,Property Damage Only,0,0,0,0,0,0,6150,1,2,,POINT (-90.182558667292 41.874536058806)
2014796679,2014025680,04/26/2014,04-April,7-Saturday,11:35,1100 Hours,District 1 (Central),,GREENE,,Co Rd E63/330TH & D AVE,Collision with:  Vehicle in traffic,On Roadway,Broadside (front to side),Ran Stop Sign,None Indicated,,Daylight,Dry,Clear,None apparent,Intersection:  Four-way intersection,Paved,,Property Damage Only,0,0,0,0,0,0,9500,2,4,,POINT (-94.570937674722 41.877676612269)
2014796478,2014 05796,04/26/2014,04-April,7-Saturday,14:22,1400 Hours,District 6 (East Central),CEDAR RAPIDS,LINN,IA 922,IA 922/1ST AVE W & 5TH ST NW,Collision with:  Vehicle in traffic,On Roadway,Broadside (front to side),Unknown,None Indicated,,Daylight,Dry,Clear,None apparent,Intersection:  Four-way intersection,Paved,,Property Damage Only,0,0,0,0,0,0,6000,2,3,,POINT (-91.678206739463 41.974798046664)
2014796757,14008353,04/26/2014,04-April,7-Saturday,13:48,1300 Hours,District 6 (East Central),MARION,LINN,IA 13,IA 13/IOWA 13 & PRAIRIE RIDGE AVE,Collision with:  Vehicle in traffic,On Roadway,"Sideswipe, opposite direction",FTYROW:  From yield sign,None Indicated,,Daylight,Dry,Clear,None apparent,Intersection:  Four-way intersection,Paved,,Property Damage Only,0,0,0,0,0,0,7000,2,2,,POINT (-91.550308004313 42.046997930018)
2014797266,14-003407,04/26/2014,04-April,7-Saturday,04:14,0400 Hours,District 4 (Southwest),ATLANTIC,CASS,,BRYN MAWR BLVD,Collision with:  Parked motor vehicle,On Roadway,"Sideswipe, same direction",Driver Distraction:  Manual operation of an electronic communication device,None Indicated,,Dark - roadway lighted,Dry,Clear,None apparent,Non-intersection:  Non-junction/no special feature,Paved,,Property Damage Only,0,0,0,0,0,0,8000,2,1,,POINT (-95.009576056326 41.396478018943)
2014796553,20140011226,04/26/2014,04-April,7-Saturday,11:55,1100 Hours,District 1 (Central),DES MOINES,POLK,US 6,US 6/FREDERICK M HUBBELL AVE,Collision with:  Vehicle in traffic,On Roadway,Broadside (front to side),FTYROW:  From driveway,None Indicated,,Daylight,Dry,Cloudy,None apparent,Non-intersection:  Driveway access (within),Paved,,Minor Injury,0,2,0,2,0,0,10000,2,3,,POINT (-93.537039716873 41.633106139484)
2014796516,20140011229,04/26/2014,04-April,7-Saturday,11:40,1100 Hours,District 1 (Central),DES MOINES,POLK,,25TH ST,Collision with:  Vehicle in traffic,On Roadway,"Sideswipe, same direction","Operating vehicle in an reckless, erratic, careless, negligent manner",None Indicated,,Daylight,Dry,Cloudy,None apparent,Non-intersection:  Non-junction/no special feature,Paved,,Property Damage Only,0,0,0,0,0,0,3000,2,3,,POINT (-93.65096852426 41.600136526273)
2014799065,E2014002583,04/26/2014,04-April,7-Saturday,14:17,1400 Hours,District 3 (Northwest),EMMETSBURG,PALO ALTO,US 18,US 18/9TH ST OR MAIN & LAWLER ST,Collision with:  Vehicle in traffic,On Roadway,Broadside (front to side),Ran Traffic Signal,None Indicated,,Daylight,Dry,Cloudy,None apparent,Intersection:  Four-way intersection,Paved,,Property Damage Only,0,0,0,0,0,0,7500,2,3,,POINT (-94.682735296561 43.111968182224)
2014798541,,04/26/2014,04-April,7-Saturday,10:36,1000 Hours,District 2 (Northeast),,WINNESHIEK,,Co Rd A52/OLD STAGE RD & WINNMAKEE RD,Non-collision events:  Overturn/rollover,Shoulder,Non-collision (single vehicle),Ran off road - right,None Indicated,,Daylight,Dry,Clear,None apparent,Intersection:  T-intersection,Paved,,Major Injury,0,1,1,0,0,0,8000,1,1,,POINT (-91.614079417831 43.269945921318)
2014899616,NT-14-054,04/26/2014,04-April,7-Saturday,13:40,1300 Hours,District 1 (Central),NEVADA,STORY,,P AVE,Collision with:  Vehicle in traffic,On Roadway,Rear-end (front to rear),Improper Backing,None Indicated,,Daylight,Dry,Cloudy,None apparent,Non-intersection:  Non-junction/no special feature,Paved,,Property Damage Only,0,0,0,0,0,0,9500,2,1,,POINT (-93.448120261376 42.026314299755)
2014801363,2014-26110,04/26/2014,04-April,7-Saturday,18:29,1800 Hours,District 6 (East Central),DAVENPORT,SCOTT,,KIRKWOOD BLVD,Non-collision events:  Other non-collision (explain in narrative),On Roadway,Non-collision (single vehicle),Lost Control,None Indicated,,Daylight,Dry,Cloudy,None apparent,Non-intersection:  Non-junction/no special feature,Paved,,Property Damage Only,0,0,0,0,0,0,2000,1,1,,POINT (-90.564450873181 41.536177911594)
2014797567,2014-2140,04/26/2014,04-April,7-Saturday,16:51,1600 Hours,District 1 (Central),,HARDIN,,N AVE,Collision with:  Vehicle in traffic,On Roadway,"Sideswipe, opposite direction",Crossed centerline (undivided),None Indicated,,Daylight,Dry,Clear,None apparent,Non-intersection:  Non-junction/no special feature,Unpaved,,Property Damage Only,0,0,0,0,0,0,10000,2,3,,POINT (-93.231965063499 42.373662906438)
2014796382,CL14001244,04/26/2014,04-April,7-Saturday,13:41,1300 Hours,District 6 (East Central),CLINTON,CLINTON,US 30,US 30/LINCOLN WAY & S 25TH ST,Collision with:  Vehicle in traffic,On Roadway,"Angle, oncoming left turn",FTYROW:  Making left turn,None Indicated,,Daylight,Dry,Cloudy,None apparent,Intersection:  Four-way intersection,Paved,,Possible/Unknown,0,1,0,0,1,0,3000,2,2,,POINT (-90.24432773474 41.815562348773)
2014796338,14040552,04/26/2014,04-April,7-Saturday,17:39,1700 Hours,District 2 (Northeast),CEDAR FALLS,BLACK HAWK,,N FRONTAGE RD & MELROSE DR,Collision with:  Vehicle in traffic,On Roadway,Broadside (front to side),Other (explain in narrative):  Other,None Indicated,,Daylight,Dry,Clear,None apparent,Non-intersection:  Non-junction/no special feature,Paved,,Property Damage Only,0,0,0,0,0,0,5000,2,3,,POINT (-92.431324263111 42.513366986745)
2014797509,14-12661,04/26/2014,04-April,7-Saturday,14:02,1400 Hours,District 3 (Northwest),SIOUX CITY,WOODBURY,IA 376,IA 376/LEWIS BLVD & 31ST ST,Collision with:  Vehicle in traffic,On Roadway,Rear-end (front to rear),Driver Distraction:  Manual operation of an electronic communication device,None Indicated,,Daylight,Dry,Clear,None apparent,Intersection:  Four-way intersection,Paved,,Property Damage Only,0,0,0,0,0,0,10000,2,3,,POINT (-96.365895469589 42.522819072762)
2014797781,S79140135,04/26/2014,04-April,7-Saturday,00:46,0000 Hours,District 1 (Central),,POWESHIEK,,100TH ST & 470TH AVE,Collision with fixed object:  Utility pole/light support,Shoulder,Non-collision (single vehicle),Ran off road - right,Under Influence of Alcohol/Drugs/Medications,,Dark - roadway not lighted,"Mud, dirt",Clear,None apparent,Intersection:  Four-way intersection,Unpaved,,Property Damage Only,0,0,0,0,0,0,14500,1,1,,POINT (-92.590953324279 41.616402018311)
2014796765,2014003897,04/26/2014,04-April,7-Saturday,15:12,1500 Hours,District 1 (Central),MARSHALLTOWN,MARSHALL,,E MAIN ST,Collision with:  Parked motor vehicle,On Roadway,Broadside (front to side),Unknown,None Indicated,,Daylight,Dry,Clear,None apparent,Non-intersection:  Non-junction/no special feature,Paved,,Property Damage Only,0,0,0,0,0,0,3000,2,1,,POINT (-92.900572535698 42.049203157577)
2014796567,14-1928,04/26/2014,04-April,7-Saturday,14:01,1400 Hours,District 1 (Central),WEST DES MOINES,POLK,,22ND ST,Collision with:  Vehicle in traffic,On Roadway,Rear-end (front to rear),Followed too close,None Indicated,,Daylight,Dry,Clear,None apparent,Non-intersection:  Non-junction/no special feature,Paved,,Possible/Unknown,0,1,0,0,1,0,1800,2,3,,POINT (-93.736066791396 41.596596751804)
2014796497,SO14000973,04/26/2014,04-April,7-Saturday,16:25,1600 Hours,District 3 (Northwest),HINTON,PLYMOUTH,US 75,US 75 & STARVIEW DR,Non-collision events:  Overturn/rollover,Median,Non-collision (single vehicle),Ran off road - left,Alcohol (Statutory),,Daylight,Dry,Severe winds,None apparent,Non-intersection:  Non-junction/no special feature,Paved,,Major Injury,0,1,1,0,0,0,15000,1,1,,POINT (-96.295961045195 42.612962983854)
2014797052,2014-08665,04/26/2014,04-April,7-Saturday,23:26,2300 Hours,District 5 (Southeast),,WARREN,,QUEBEC ST & 58TH AVE,Collision with fixed object:  Ditch,On Roadway,Non-collision (single vehicle),Driving too fast for conditions,None Indicated,,Dark - roadway not lighted,Dry,Cloudy,None apparent,Intersection:  Other intersection (explain in narrative),Unpaved,,Minor Injury,0,1,0,1,0,0,10100,1,2,,POINT (-93.697552705144 41.249120722825)
2014797236,14-040394,04/26/2014,04-April,7-Saturday,05:51,0500 Hours,District 2 (Northeast),,BLACK HAWK,,Co Rd D48/BRANDON RD,Collision with:  Animal,,Non-collision (single vehicle),Animal,None Indicated,,,,,,,Paved,,Property Damage Only,0,0,0,0,0,0,2500,1,1,,POINT (-92.141276462138 42.340763667332)
2014796538,20140011251,04/26/2014,04-April,7-Saturday,16:59,1600 Hours,District 1 (Central),DES MOINES,POLK,US 6,US 6/E EUCLID AVE,Collision with:  Vehicle in traffic,On Roadway,Rear-end (front to rear),FTYROW:  Other (explain in narrative),None Indicated,,Daylight,Dry,Cloudy,None apparent,Non-intersection:  Non-junction/no special feature,Paved,,Minor Injury,0,3,0,1,2,0,17000,3,7,,POINT (-93.604102186633 41.627675199787)
2014796644,14-0221,04/26/2014,04-April,7-Saturday,22:18,2200 Hours,District 1 (Central),BADGER,WEBSTER,,Co Rd C56/120TH ST,Collision with fixed object:  Ditch,On Roadway,Non-collision (single vehicle),Swerving/Evasive Action,None Indicated,,Dark - roadway not lighted,Dry,Cloudy,None apparent,Non-intersection:  Non-junction/no special feature,Paved,,Property Damage Only,0,0,0,0,0,0,4500,1,1,,POINT (-94.207805536725 42.615804898535)
2014796597,2014-26088,04/26/2014,04-April,7-Saturday,16:45,1600 Hours,District 6 (East Central),DAVENPORT,SCOTT,,W 65TH ST,Collision with:  Other non-fixed object (explain in narrative),On Roadway,Unknown,Cargo/equipment loss or shift,None Indicated,,Daylight,Dry,Clear,None apparent,Non-intersection:  Non-junction/no special feature,Paved,,Property Damage Only,0,0,0,0,0,0,1500,2,4,,POINT (-90.573852744364 41.585407486363)
2014796433,14-10201,04/26/2014,04-April,7-Saturday,23:13,2300 Hours,District 1 (Central),KELLOGG,JASPER,I-80,I-80,Collision with:  Animal,,,Animal,None Indicated,,,,,,,Paved,,Property Damage Only,0,0,0,0,0,0,2000,1,4,,POINT (-92.927514223323 41.680877997485)
2014797782,S79140136,04/26/2014,04-April,7-Saturday,11:30,1100 Hours,District 1 (Central),,POWESHIEK,IA 146,IA 146/IOWA 146,Collision with:  Vehicle in traffic,On Roadway,"Sideswipe, same direction",Unknown,None Indicated,,Daylight,Dry,Clear,None apparent,Non-intersection:  Non-junction/no special feature,Paved,,Possible/Unknown,0,1,0,0,1,0,8250,2,3,,POINT (-92.651702247372 41.517701652799)
2014809431,14-002036,04/26/2014,04-April,7-Saturday,09:38,0900 Hours,District 1 (Central),AMES,STORY,,STORM ST & ASH AVE,Collision with fixed object:  Tree,On Roadway,Non-collision (single vehicle),"Operating vehicle in an reckless, erratic, careless, negligent manner",None Indicated,,Daylight,Dry,Clear,None apparent,Intersection:  T-intersection,Paved,,Property Damage Only,0,0,0,0,0,0,6000,1,2,,POINT (-93.644335365078 42.016085755802)
2014796506,14-001820,04/26/2014,04-April,7-Saturday,09:37,0900 Hours,District 1 (Central),ANKENY,POLK,US 69,US 69/S ANKENY BLVD & SE LORENZ DR & DMACC BLVD,Collision with:  Vehicle in traffic,On Roadway,Rear-end (front to rear),Followed too close,None Indicated,,Daylight,Dry,Clear,None apparent,Non-intersection:  Non-junction/no special feature,Paved,,Minor Injury,0,1,0,1,0,0,8100,2,2,,POINT (-93.600523308737 41.708956288952)
2014797508,14-12686,04/26/2014,04-April,7-Saturday,17:28,1700 Hours,District 3 (Northwest),SIOUX CITY,WOODBURY,,W 3RD ST & LEONARD ST,Collision with:  Vehicle in traffic,On Roadway,Broadside (front to side),Ran Stop Sign,None Indicated,,Daylight,Dry,Cloudy,None apparent,Intersection:  Four-way intersection,Paved,,Possible/Unknown,0,1,0,0,0,1,9000,2,5,,POINT (-96.440127808474 42.498902497542)
2014796576,14-000868,04/26/2014,04-April,7-Saturday,11:36,1100 Hours,District 1 (Central),ALTOONA,POLK,,8TH ST SW,Collision with:  Vehicle in traffic,On Roadway,Broadside (front to side),Ran Traffic Signal,None Indicated,,Daylight,Dry,Cloudy,None apparent,Intersection:  Five points or more,Paved,,Property Damage Only,0,0,0,0,0,0,2200,2,23,,POINT (-93.507387382057 41.644121538462)
2014810004,2014-002253,04/26/2014,04-April,7-Saturday,20:26,2000 Hours,District 6 (East Central),,BENTON,,Co Rd E68/78 ST,Non-collision events:  Overturn/rollover,On Roadway,Non-collision (single vehicle),"Operating vehicle in an reckless, erratic, careless, negligent manner",None Indicated,,Dark - roadway not lighted,"Mud, dirt",Clear,None apparent,Non-intersection:  Non-junction/no special feature,Unpaved,,Minor Injury,0,2,0,2,0,0,10000,1,2,,POINT (-92.111214863661 41.891764988279)
2014797693,02-14-6530,04/26/2014,04-April,7-Saturday,02:10,0200 Hours,District 6 (East Central),,DUBUQUE,,N PLEASANT GROVE RD,Collision with fixed object:  Ditch,On Roadway,Non-collision (single vehicle),Ran off road - right,Alcohol (Statutory),,Dark - roadway not lighted,Dry,Cloudy,None apparent,Non-intersection:  Non-junction/no special feature,Paved,,Minor Injury,0,1,0,1,0,0,15000,1,1,,POINT (-91.005498427928 42.428536661919)
2014796417,01-14-17445,04/26/2014,04-April,7-Saturday,14:00,1400 Hours,District 6 (East Central),DUBUQUE,DUBUQUE,,JULIEN DUBUQUE DR,Collision with:  Vehicle in traffic,On Roadway,"Sideswipe, same direction",FTYROW:  From parked position,None Indicated,,Daylight,Dry,Clear,None apparent,Non-intersection:  Non-junction/no special feature,Paved,,Property Damage Only,0,0,0,0,0,0,2500,2,4,,POINT (-90.666930628175 42.471527962849)
2014796346,W14-040435,04/26/2014,04-April,7-Saturday,10:19,1000 Hours,District 2 (Northeast),WATERLOO,BLACK HAWK,,BROADWAY ST & WAGNER RD,Collision with fixed object:  Other fixed object (explain in narrative),Outside trafficway,Non-collision (single vehicle),Ran off road - straight,None Indicated,,Daylight,Dry,Clear,None apparent,Intersection:  Four-way intersection,Paved,,Property Damage Only,0,0,0,0,0,0,9000,1,1,,POINT (-92.376933442785 42.535607671569)
2014797268,14005956,04/26/2014,04-April,7-Saturday,11:29,1100 Hours,District 6 (East Central),,CEDAR,,CEDAR/JONES CO LINE RD & ADAMS AVE,Collision with fixed object:  Ditch,Roadside,Non-collision (single vehicle),Ran off road - straight,None Indicated,,Daylight,"Mud, dirt",Clear,None apparent,Intersection:  Other intersection (explain in narrative),Unpaved,,Minor Injury,0,2,0,2,0,0,2500,1,3,,POINT (-91.356501826471 41.947244061835)
2014796502,14-2767,04/27/2014,04-April,1-Sunday,11:35,1100 Hours,District 1 (Central),BONDURANT,POLK,,GRANT ST S,Collision with:  Vehicle in traffic,Shoulder,Broadside (front to side),Other (explain in narrative):  Vision obstructed,None Indicated,,Daylight,Dry,Cloudy,None apparent,Non-intersection:  Driveway access (within),Paved,,Property Damage Only,0,0,0,0,0,0,2000,2,2,,POINT (-93.463143229148 41.688443396383)
2014796480,201405821,04/27/2014,04-April,1-Sunday,02:39,0200 Hours,District 6 (East Central),CEDAR RAPIDS,LINN,,DIAGONAL DR SW & 3RD ST SW,Collision with:  Vehicle in traffic,On Roadway,Broadside (front to side),FTYROW:  Making left turn,None Indicated,,Dark - roadway lighted,Wet,Rain,None apparent,Intersection:  Four-way intersection,Paved,,Property Damage Only,0,0,0,0,0,0,3000,2,3,,POINT (-91.672674619611 41.970933486917)
2014796725,,04/27/2014,04-April,1-Sunday,08:00,0800 Hours,District 3 (Northwest),LAKE CITY,CALHOUN,,ST CLAIRE ST,Collision with:  Parked motor vehicle,On Roadway,Broadside (front to side),Improper Backing,None Indicated,,Daylight,Dry,Cloudy,None apparent,Non-intersection:  Other non-intersection (explain in narrative),Paved,,Property Damage Only,0,0,0,0,0,0,2800,2,2,,POINT (-94.729904847397 42.266221521922)
2014797728,14060583,04/27/2014,04-April,1-Sunday,16:16,1600 Hours,District 6 (East Central),,JOHNSON,I-80,I-80,Collision with:  Parked motor vehicle,Shoulder,Rear-end (front to rear),Other (explain in narrative):  Vision obstructed,None Indicated,,Daylight,Wet,Rain,None apparent,Non-intersection:  Non-junction/no special feature,Paved,,Property Damage Only,0,0,0,0,0,0,4000,2,2,,POINT (-91.723268954168 41.695164450925)
2014796334,14005869,04/27/2014,04-April,1-Sunday,01:14,0100 Hours,District 5 (Southeast),,APPANOOSE,,Co Rd T20/195TH AVE,Non-collision events:  Overturn/rollover,On Roadway,Non-collision (single vehicle),Swerving/Evasive Action,None Indicated,,Dark - roadway not lighted,Wet,Cloudy,None apparent,Non-intersection:  Non-junction/no special feature,Unpaved,,Minor Injury,0,1,0,1,0,0,3000,1,1,,POINT (-92.924546336903 40.641787038952)
2014798948,2014025769,04/27/2014,04-April,1-Sunday,04:30,0400 Hours,District 1 (Central),,POWESHIEK,I-80,I-80,Collision with fixed object:  Guardrail - face,Median,Non-collision (single vehicle),Swerving/Evasive Action,None Indicated,,Dark - roadway not lighted,Dry,Cloudy,None apparent,Non-intersection:  Non-junction/no special feature,Paved,,Property Damage Only,0,0,0,0,0,0,9700,1,1,,POINT (-92.305646424978 41.69573669968)
2014796953,CL14001258,04/27/2014,04-April,1-Sunday,14:24,1400 Hours,District 6 (East Central),CLINTON,CLINTON,,5TH AVE S & S 6TH ST,Collision with:  Vehicle in traffic,On Roadway,Broadside (front to side),Other (explain in narrative):  Other,None Indicated,,Daylight,Dry,Cloudy,None apparent,Non-intersection:  Non-junction/no special feature,Paved,,Property Damage Only,0,0,0,0,0,0,9000,2,3,,POINT (-90.198911157023 41.841128990936)
2014797810,S14-040791,04/27/2014,04-April,1-Sunday,05:42,0500 Hours,District 2 (Northeast),,BLACK HAWK,IA 57,IA 57/IOWA 57,Collision with fixed object:  Utility pole/light support,Shoulder,Non-collision (single vehicle),Ran off road - left,None Indicated,,Dark - roadway lighted,Wet,Rain,None apparent,Non-intersection:  Driveway access (within),Paved,,Minor Injury,0,1,0,1,0,0,13000,1,2,,POINT (-92.540230132143 42.542422080078)
2014797701,14-5740,04/27/2014,04-April,1-Sunday,18:21,1800 Hours,District 6 (East Central),,JACKSON,,SIEVERDING RDG,Collision with fixed object:  Guardrail - face,On Roadway,Non-collision (single vehicle),FTYROW:  Other (explain in narrative),None Indicated,,Daylight,Water (standing or moving),Rain,None apparent,Non-intersection:  Non-junction/no special feature,Paved,,Property Damage Only,0,0,0,0,0,0,5000,1,1,,POINT (-90.439325275806 42.263399565265)
2014796523,20140011351,04/27/2014,04-April,1-Sunday,16:00,1600 Hours,District 1 (Central),DES MOINES,POLK,US 69,US 69/SE 14TH ST & E WATROUS AVE,Collision with:  Vehicle in traffic,On Roadway,Rear-end (front to rear),Other (explain in narrative):  Other,None Indicated,,Daylight,Wet,Rain,None apparent,Non-intersection:  Non-junction/no special feature,Paved,,Possible/Unknown,0,2,0,0,2,0,1500,2,4,,POINT (-93.596837977403 41.548079984926)
2014796585,14-016317,04/27/2014,04-April,1-Sunday,04:48,0400 Hours,District 4 (Southwest),COUNCIL BLUFFS,POTTAWATTAMIE,I-29,I-29,Non-collision events:  Other non-collision (explain in narrative),On Roadway,Non-collision (single vehicle),Ran off road - right,None Indicated,,Dark - roadway lighted,Dry,Clear,None apparent,Non-intersection:  Other non-intersection (explain in narrative),Paved,,Minor Injury,0,1,0,1,0,0,28000,1,1,,POINT (-95.907812577217 41.268541391803)
2014796396,14-14015,04/27/2014,04-April,1-Sunday,01:00,0100 Hours,District 5 (Southeast),BURLINGTON,DES MOINES,,CENTRAL AVE,Collision with:  Vehicle in traffic,Roadside,"Sideswipe, same direction","Operating vehicle in an reckless, erratic, careless, negligent manner",Refused,,Dark - roadway lighted,Dry,Cloudy,None apparent,Non-intersection:  Non-junction/no special feature,Paved,,Property Damage Only,0,0,0,0,0,0,5200,3,1,,POINT (-91.111707591667 40.800260888887)