Iowa DOT Case Number,Law Enforcement Case Number,Date of Crash,Month of Crash,Day of Week,Time of Crash,Hour,DOT District,City Name,County Name,Route with System,Location Description,First Harmful Event,Location of First Harmful Event,Manner of Crash/Collision,Major Cause,Drug or Alcohol ,Environmental Conditions,Light Conditions,Surface Conditions,Weather Conditions,Roadway Contribution,Roadway Type,Roadway Surface,Work Zone,Crash Severity,Number of Fatalities,Number of Injuries,Number of Major Injuries,Number of Minor Injuries,Number of Possible Injuries,Number of Unknown Injuries,Amount of Property Damage,Number of Vehicles Involved,Total Number of Occupants,Travel Direction,Location
2014796805,2014-26332,04/27/2014,04-April,1-Sunday,20:50,2000 Hours,District 6 (East Central),DAVENPORT,SCOTT,,E 11TH ST,Collision with:  Vehicle in traffic,On Roadway,Rear-end (front to rear),Ran off road - straight,Alcohol (Statutory),,Dark - roadway lighted,Wet,Rain,None apparent,Non-intersection:  Non-junction/no special feature,Paved,,Property Damage Only,0,0,0,0,0,0,9000,3,1,,POINT (-90.545942912556 41.53111889719)
2014796573,14-0332,04/27/2014,04-April,1-Sunday,04:58,0400 Hours,District 1 (Central),WINDSOR HEIGHTS,POLK,I-235,I-235,Collision with fixed object:  Concrete traffic barrier (median or right side),On Roadway,Non-collision (single vehicle),Over correcting/over steering,None Indicated,,Dark - roadway lighted,Dry,Cloudy,"Surface condition (e.g., wet, icy)",Non-intersection:  Non-junction/no special feature,Paved,Yes,Property Damage Only,0,0,0,0,0,0,4000,1,1,,POINT (-93.707604746812 41.593289662473)
2014796361,042714-38,04/27/2014,04-April,1-Sunday,02:10,0200 Hours,District 3 (Northwest),STORM LAKE,BUENA VISTA,,E 1ST ST & IRVING ST,Collision with fixed object:  Other fixed object (explain in narrative),Outside trafficway,Rear-end (front to rear),Lost Control,Alcohol (Statutory),,Dark - unknown roadway lighting,Dry,Cloudy,None apparent,Non-intersection:  Non-junction/no special feature,Paved,,Minor Injury,0,1,0,1,0,0,21350,4,777,,POINT (-95.199673513422 42.637800769821)
2014796712,2014025794,04/27/2014,04-April,1-Sunday,10:07,1000 Hours,District 4 (Southwest),,HARRISON,I-29,I-29,Collision with fixed object:  Guardrail - face,On Roadway,Non-collision (single vehicle),Ran off road - left,None Indicated,,Daylight,Wet,Rain,None apparent,Non-intersection:  Other non-intersection (explain in narrative),Paved,,Property Damage Only,0,0,0,0,0,0,2500,1,5,,POINT (-96.102201551338 41.857086731794)
2014796646,14-1226,04/27/2014,04-April,1-Sunday,23:40,2300 Hours,District 1 (Central),FORT DODGE,WEBSTER,,20TH AVE N,Collision with:  Parked motor vehicle,On Roadway,"Sideswipe, same direction",Driver Distraction:  Manual operation of an electronic communication device,None Indicated,,Dark - roadway not lighted,Wet,Cloudy,None apparent,Non-intersection:  Non-junction/no special feature,Paved,,Property Damage Only,0,0,0,0,0,0,20000,2,1,,POINT (-94.181205152988 42.526287414207)
2014797218,,04/27/2014,04-April,1-Sunday,02:58,0200 Hours,District 4 (Southwest),,ADAIR,,ORANGE AVE,Collision with fixed object:  Utility pole/light support,Gore,Non-collision (single vehicle),Swerving/Evasive Action,None Indicated,,Dark - roadway not lighted,Dry,Cloudy,None apparent,Non-intersection:  Non-junction/no special feature,Unpaved,,Property Damage Only,0,0,0,0,0,0,16944,1,1,,POINT (-94.433262959353 41.375783886041)
2014797225,,04/27/2014,04-April,1-Sunday,15:31,1500 Hours,District 6 (East Central),DE WITT,CLINTON,US 61,US 61,Collision with fixed object:  Bridge overhead structure,Shoulder,Non-collision (single vehicle),Ran off road - left,None Indicated,,Daylight,Dry,Severe winds,None apparent,Non-intersection:  Other non-intersection (explain in narrative),Paved,,Possible/Unknown,0,2,0,0,2,0,5000,1,5,,POINT (-90.569069436439 41.836885029673)
2014796570,14-1942,04/27/2014,04-April,1-Sunday,00:30,0000 Hours,District 1 (Central),WEST DES MOINES,POLK,,HIGHLAND CIR,Collision with:  Parked motor vehicle,On Roadway,Head-on (front to front),Crossed centerline (undivided),None Indicated,,Dark - roadway lighted,Dry,Cloudy,None apparent,Non-intersection:  Non-junction/no special feature,Paved,,Property Damage Only,0,0,0,0,0,0,6000,2,1,,POINT (-93.789141869874 41.572213427739)
2014797809,S14-040777,04/27/2014,04-April,1-Sunday,03:13,0300 Hours,District 2 (Northeast),,BLACK HAWK,,SAGE RD & E AIRLINE HWY,Non-collision events:  Overturn/rollover,On Roadway,Non-collision (single vehicle),Swerving/Evasive Action,None Indicated,,Dark - roadway lighted,Dry,Severe winds,None apparent,Intersection:  Four-way intersection,Unpaved,,Property Damage Only,0,0,0,0,0,0,2000,1,2,,POINT (-92.297525319805 42.54211885434)
2014797029,2014-26222,04/27/2014,04-April,1-Sunday,05:14,0500 Hours,District 6 (East Central),DAVENPORT,SCOTT,,FAIRMOUNT ST,Collision with fixed object:  Curb/island/raised median,On Roadway,Non-collision (single vehicle),Crossed centerline (undivided),None Indicated,,Dawn,Dry,Clear,None apparent,Non-intersection:  Non-junction/no special feature,Paved,,Property Damage Only,0,0,0,0,0,0,11000,1,4,,POINT (-90.629492871563 41.55974770463)
2014797209,,04/27/2014,04-April,1-Sunday,13:47,1300 Hours,District 3 (Northwest),,CHEROKEE,IA 3,IA 3/IOWA 3 & 515TH ST,Collision with:  Vehicle in traffic,On Roadway,"Angle, oncoming left turn",FTYROW:  Making left turn,None Indicated,,Daylight,Wet,Rain,None apparent,Non-intersection:  Driveway access (within),Paved,,Minor Injury,0,1,0,1,0,0,4000,2,2,,POINT (-95.550624700129 42.770428819919)
2014796521,20140011342,04/27/2014,04-April,1-Sunday,14:01,1400 Hours,District 1 (Central),DES MOINES,POLK,,FRANKLIN AVE & 55TH ST,Collision with:  Vehicle in traffic,On Roadway,Broadside (front to side),FTYROW:  From stop sign,None Indicated,,Daylight,Dry,Cloudy,None apparent,Intersection:  Four-way intersection,Paved,,Property Damage Only,0,0,0,0,0,0,8000,2,3,,POINT (-93.693111006489 41.611275290258)
2014796454,2014004573,04/27/2014,04-April,1-Sunday,16:05,1600 Hours,District 6 (East Central),IOWA CITY,JOHNSON,,S GILBERT ST,Collision with:  Non-motorist (see non-motorist section - NOT a unit),On Roadway,Non-collision (single vehicle),Other (explain in narrative):  No improper action,None Indicated,,Daylight,Dry,Cloudy,None apparent,Non-intersection:  Non-junction/no special feature,Paved,,Minor Injury,0,1,0,1,0,0,300,1,1,,POINT (-91.530165642796 41.657153503436)
2014796349,W14-041001,04/27/2014,04-April,1-Sunday,22:58,2200 Hours,District 2 (Northeast),WATERLOO,BLACK HAWK,US 20,US 20,Collision with fixed object:  Guardrail - face,Shoulder,Non-collision (single vehicle),Unknown,None Indicated,,Dark - roadway lighted,Dry,Severe winds,None apparent,Non-intersection:  Other non-intersection (explain in narrative),Paved,,Property Damage Only,0,0,0,0,0,0,13358,1,1,,POINT (-92.318953284311 42.452982457112)
2014796818,14-0222,04/27/2014,04-April,1-Sunday,01:00,0100 Hours,District 1 (Central),,WEBSTER,,GYPSUM HOLLOW RD,Collision with fixed object:  Ditch,Shoulder,Non-collision (single vehicle),Ran off road - right,None Indicated,,Dark - roadway not lighted,Wet,Clear,None apparent,Non-intersection:  Non-junction/no special feature,Paved,,Property Damage Only,0,0,0,0,0,0,4000,1,2,,POINT (-94.167055812192 42.466652440381)
2014796756,14008423,04/27/2014,04-April,1-Sunday,17:13,1700 Hours,District 6 (East Central),MARION,LINN,US 151,US 151/DUBUQUE RD & IA 13/IOWA 13 & 10TH AVE,Collision with:  Vehicle in traffic,On Roadway,Broadside (front to side),Driving too fast for conditions,None Indicated,,Daylight,Wet,Rain,"Surface condition (e.g., wet, icy)",Intersection:  Four-way intersection,Paved,,Property Damage Only,0,0,0,0,0,0,11000,2,6,,POINT (-91.550334795848 42.035722380745)
2014796951,14-005803,04/27/2014,04-April,1-Sunday,08:05,0800 Hours,District 3 (Northwest),PETERSON,CLAY,IA 10,IA 10/IOWA 10,Non-collision events:  Overturn/rollover,Shoulder,Non-collision (single vehicle),Over correcting/over steering,None Indicated,,Daylight,Dry,Unknown,None apparent,Non-intersection:  Non-junction/no special feature,Paved,,Possible/Unknown,0,1,0,0,1,0,13000,1,2,,POINT (-95.330246642385 42.920221559055)
2014796832,2014025873,04/27/2014,04-April,1-Sunday,21:55,2100 Hours,District 5 (Southeast),,DECATUR,I-35,I-35,Collision with:  Vehicle in traffic,On Roadway,"Sideswipe, same direction",Unknown,None Indicated,,Dark - roadway not lighted,Wet,Rain,None apparent,Non-intersection:  Non-junction/no special feature,Paved,,Property Damage Only,0,0,0,0,0,0,6000,2,2,,POINT (-93.843151569094 40.734972297143)
2014800723,2014025768,04/27/2014,04-April,1-Sunday,04:30,0400 Hours,District 1 (Central),,POLK,I-35,I-35,Collision with:  Animal,On Roadway,Non-collision (single vehicle),Animal,None Indicated,,Dark - roadway not lighted,Dry,Clear,None apparent,Non-intersection:  Non-junction/no special feature,Paved,,Property Damage Only,0,0,0,0,0,0,2000,1,2,,POINT (-93.571129052603 41.852109671477)
2014799839,201400020026,04/27/2014,04-April,1-Sunday,15:15,1500 Hours,District 5 (Southeast),OTTUMWA,WAPELLO,,N QUINCY AVE,Collision with:  Vehicle in traffic,On Roadway,Rear-end (front to rear),Driving too fast for conditions,None Indicated,,Daylight,Wet,Rain,None apparent,Non-intersection:  Non-junction/no special feature,Paved,,Possible/Unknown,0,1,0,0,1,0,7500,2,3,,POINT (-92.438437907468 41.013080706255)
2014796555,20140011310,04/27/2014,04-April,1-Sunday,04:26,0400 Hours,District 1 (Central),DES MOINES,POLK,,UNIVERSITY AVE & 14TH ST,Collision with:  Vehicle in traffic,On Roadway,Rear-end (front to rear),Ran Stop Sign,None Indicated,,Dark - roadway lighted,Dry,Clear,None apparent,Intersection:  Four-way intersection,Paved,,Property Damage Only,0,0,0,0,0,0,4000,2,2,,POINT (-93.635372022447 41.600466976247)
2014796488,14-2039,04/27/2014,04-April,1-Sunday,12:00,1200 Hours,District 6 (East Central),HIAWATHA,LINN,,LYNDHURST DR & 15TH AVE,Collision with:  Vehicle in traffic,On Roadway,Broadside (front to side),Ran Stop Sign,None Indicated,,Daylight,Dry,Clear,None apparent,Intersection:  Four-way intersection,Paved,,Property Damage Only,0,0,0,0,0,0,6000,2,2,,POINT (-91.69330837066 42.040753748006)
2014797059,14-12770,04/27/2014,04-April,1-Sunday,10:28,1000 Hours,District 3 (Northwest),SIOUX CITY,WOODBURY,,GLENN AVE & S CORNELIA ST,Collision with:  Vehicle in traffic,On Roadway,Broadside (front to side),FTYROW:  From stop sign,None Indicated,,Daylight,Wet,Rain,None apparent,Intersection:  Four-way intersection,Paved,,Property Damage Only,0,0,0,0,0,0,3500,2,2,,POINT (-96.364620583996 42.465290691173)
2014797772,14-016312,04/27/2014,04-April,1-Sunday,03:13,0300 Hours,District 4 (Southwest),COUNCIL BLUFFS,POTTAWATTAMIE,,S 35TH ST,Collision with:  Vehicle in traffic,On Roadway,Rear-end (front to rear),Unknown,None Indicated,,Dark - roadway lighted,Dry,Clear,None apparent,Intersection:  Four-way intersection,Paved,,Property Damage Only,0,0,0,0,0,0,2500,2,2,,POINT (-95.90112347015 41.244456281547)
2014796413,01-14-17632,04/27/2014,04-April,1-Sunday,18:31,1800 Hours,District 6 (East Central),DUBUQUE,DUBUQUE,,WACKER DR,Collision with:  Vehicle in traffic,On Roadway,Rear-end (front to rear),Lost Control,None Indicated,,Daylight,Wet,Rain,None apparent,Intersection:  Four-way intersection,Paved,,Property Damage Only,0,0,0,0,0,0,1750,2,3,,POINT (-90.720492170902 42.492543947869)
2014796851,14040838,04/27/2014,04-April,1-Sunday,10:30,1000 Hours,District 2 (Northeast),CEDAR FALLS,BLACK HAWK,,W LONE TREE RD & CENTER ST,Collision with:  Vehicle in traffic,On Roadway,Broadside (front to side),Ran Stop Sign,None Indicated,,Daylight,Wet,Cloudy,None apparent,Intersection:  Four-way intersection,Paved,,Minor Injury,0,1,0,1,0,0,11000,2,2,,POINT (-92.455954445822 42.561982710857)
2014797180,14-002064,04/27/2014,04-April,1-Sunday,16:44,1600 Hours,District 1 (Central),AMES,STORY,US 69,US 69/LINCOLN WAY & S WALNUT ST,Collision with:  Vehicle in traffic,On Roadway,Rear-end (front to rear),Other (explain in narrative):  Other,None Indicated,,Daylight,Wet,Rain,None apparent,Intersection:  Four-way intersection,Paved,,Property Damage Only,0,0,0,0,0,0,2900,2,5,,POINT (-93.616924234235 42.022874205098)
2014797074,2014025802,04/27/2014,04-April,1-Sunday,11:03,1100 Hours,District 6 (East Central),,CEDAR,I-80,I-80,Non-collision events:  Other non-collision (explain in narrative),Shoulder,Non-collision (single vehicle),Unknown,None Indicated,,Daylight,Dry,Cloudy,None apparent,"Interchange-related:  Off-ramp, diverge area",Paved,,Property Damage Only,0,0,0,0,0,0,54895,1,1,,POINT (-91.111498121476 41.644956153871)
2014796761,1400000352,04/27/2014,04-April,1-Sunday,01:59,0100 Hours,District 1 (Central),,MARSHALL,,SAND RD & NORTH CENTER ST RD & REED AVE,Collision with fixed object:  Ditch,Outside trafficway,Non-collision (single vehicle),Ran Stop Sign,None Indicated,,Dark - roadway not lighted,Wet,Rain,None apparent,Intersection:  T-intersection,Paved,,Major Injury,0,1,1,0,0,0,10500,1,1,,POINT (-92.922982025894 42.074501822605)
2014796751,2014004586,04/27/2014,04-April,1-Sunday,23:59,2300 Hours,District 6 (East Central),IOWA CITY,JOHNSON,IA 1,IA 1/IOWA 1,Collision with fixed object:  Other fixed object (explain in narrative),On Roadway,Non-collision (single vehicle),Ran off road - left,None Indicated,,Dark - roadway not lighted,Wet,Rain,None apparent,Non-intersection:  Non-junction/no special feature,Paved,,Property Damage Only,0,0,0,0,0,0,1500,1,1,,POINT (-91.557193686367 41.643454294805)
2014804452,1404270611,04/27/2014,04-April,1-Sunday,06:11,0600 Hours,District 6 (East Central),ANAMOSA,JONES,,VIOLET RD,Non-collision events:  Overturn/rollover,Outside trafficway,Non-collision (single vehicle),Ran off road - straight,None Indicated,,Dawn,"Mud, dirt",Rain,None apparent,Non-intersection:  Non-junction/no special feature,Unpaved,,Property Damage Only,0,0,0,0,0,0,4000,1,1,,POINT (-91.306925076315 42.142606178065)
2014798949,2014025837,04/27/2014,04-April,1-Sunday,16:25,1600 Hours,District 6 (East Central),,BENTON,US 30,US 30/73 ST,Non-collision events:  Jackknife,Shoulder,Non-collision (single vehicle),Ran off road - right,None Indicated,,Daylight,Wet,Rain,None apparent,Non-intersection:  Non-junction/no special feature,Paved,,Property Damage Only,0,0,0,0,0,0,20000,1,1,,POINT (-91.843200840623 41.964024312158)
2014796830,2014025791,04/27/2014,04-April,1-Sunday,09:34,0900 Hours,District 2 (Northeast),,WORTH,I-35,I-35,Collision with fixed object:  Tree,Roadside,Non-collision (single vehicle),Swerving/Evasive Action,None Indicated,,Daylight,Wet,Rain,"Surface condition (e.g., wet, icy)",Non-intersection:  Non-junction/no special feature,Paved,,Property Damage Only,0,0,0,0,0,0,5000,1,1,,POINT (-93.349961452823 43.277690001121)
2014797060,14-12808,04/27/2014,04-April,1-Sunday,17:34,1700 Hours,District 3 (Northwest),SIOUX CITY,WOODBURY,,24TH ST,Collision with fixed object:  Other fixed object (explain in narrative),Outside trafficway,Non-collision (single vehicle),Crossed centerline (undivided),None Indicated,,Daylight,Dry,Clear,None apparent,Non-intersection:  Non-junction/no special feature,Paved,,Property Damage Only,0,0,0,0,0,0,3150,1,1,,POINT (-96.405674830516 42.515168254496)
2014796617,2014-26244,04/27/2014,04-April,1-Sunday,10:26,1000 Hours,District 6 (East Central),DAVENPORT,SCOTT,US 6,US 6/W KIMBERLY RD & MARQUETTE ST,Collision with:  Vehicle in traffic,On Roadway,"Sideswipe, opposite direction",Crossed centerline (undivided),None Indicated,,Daylight,Dry,Clear,None apparent,Intersection:  Four-way intersection,Paved,,Possible/Unknown,0,2,0,0,2,0,3500,2,3,,POINT (-90.591061420008 41.560065340859)
2014796618,2014-26252,04/27/2014,04-April,1-Sunday,11:07,1100 Hours,District 6 (East Central),DAVENPORT,SCOTT,,E 53RD ST,Collision with:  Vehicle in traffic,On Roadway,"Sideswipe, same direction",FTYROW:  At uncontrolled intersection,None Indicated,,Daylight,Dry,Clear,None apparent,Non-intersection:  Non-junction/no special feature,Paved,,Property Damage Only,0,0,0,0,0,0,3000,2,3,,POINT (-90.541951284995 41.574777498152)
2014796528,20140011322,04/27/2014,04-April,1-Sunday,08:00,0800 Hours,District 1 (Central),DES MOINES,POLK,,MARKET ST,Collision with:  Parked motor vehicle,On Roadway,Unknown,Unknown,None Indicated,,Daylight,Unknown,Cloudy,Unknown,Non-intersection:  Non-junction/no special feature,Paved,,Property Damage Only,0,0,0,0,0,0,3000,2,777,,POINT (-93.618766688001 41.583137534544)
2014810040,SA1403030,04/27/2014,04-April,1-Sunday,16:16,1600 Hours,District 5 (Southeast),,WASHINGTON,US 218,US 218,Non-collision events:  Overturn/rollover,On Roadway,Non-collision (single vehicle),Other (explain in narrative):  No improper action,None Indicated,,Daylight,Wet,Rain,None apparent,Non-intersection:  Non-junction/no special feature,Paved,,Possible/Unknown,0,1,0,0,1,0,20000,1,1,,POINT (-91.551151105322 41.374372688145)
2014797027,2014-26213,04/27/2014,04-April,1-Sunday,03:50,0300 Hours,District 6 (East Central),DAVENPORT,SCOTT,,W 7TH ST & GAINES ST,Collision with:  Parked motor vehicle,On Roadway,Rear-end (front to rear),"Operating vehicle in an reckless, erratic, careless, negligent manner",None Indicated,,Dark - roadway lighted,Wet,Rain,None apparent,Non-intersection:  Non-junction/no special feature,Paved,,Property Damage Only,0,0,0,0,0,0,12000,2,1,,POINT (-90.582948255696 41.526796439966)
2014798863,,04/27/2014,04-April,1-Sunday,14:00,1400 Hours,District 6 (East Central),CEDAR RAPIDS,LINN,,,Collision with fixed object:  Other fixed object (explain in narrative),On Roadway,Non-collision (single vehicle),Unknown,None Indicated,,Daylight,Dry,Clear,,Intersection:  Other intersection (explain in narrative),,,Property Damage Only,0,0,0,0,0,0,1500,1,1,,POINT (-96.643700149993 40.233091251414)
2014796418,02-14-6623,04/27/2014,04-April,1-Sunday,23:49,2300 Hours,District 6 (East Central),,DUBUQUE,US 52,US 52,Collision with:  Animal,,,Animal,None Indicated,,,,,,,Paved,,Property Damage Only,0,0,0,0,0,0,2000,1,1,,POINT (-90.760731547768 42.559345981227)
2014797468,14-7711,04/27/2014,04-April,1-Sunday,14:25,1400 Hours,District 6 (East Central),BETTENDORF,SCOTT,,KIMBERLY RD & SHADY LN,Collision with:  Vehicle in traffic,On Roadway,Broadside (front to side),FTYROW:  From stop sign,None Indicated,,Daylight,Dry,Clear,None apparent,Non-intersection:  Driveway access (within),Paved,,Property Damage Only,0,0,0,0,0,0,7000,2,4,,POINT (-90.522577068587 41.539741056177)
2014796503,14-2779,04/27/2014,04-April,1-Sunday,22:04,2200 Hours,District 1 (Central),,POLK,,Co Rd F52/NE 46TH AVE & NE 22ND ST,Collision with:  Vehicle in traffic,On Roadway,Broadside (front to side),Ran Traffic Signal,None Indicated,,Dark - roadway lighted,Wet,Rain,None apparent,Intersection:  Four-way intersection,Paved,,Property Damage Only,0,0,0,0,0,0,10000,2,3,,POINT (-93.581344982508 41.644167602981)
2014796733,14006553,04/27/2014,04-April,1-Sunday,20:51,2000 Hours,District 2 (Northeast),MASON CITY,CERRO GORDO,,ELM DR,Non-collision events:  Other non-collision (explain in narrative),On Roadway,Non-collision (single vehicle),Lost Control,Refused,,Dark - roadway lighted,Dry,Cloudy,None apparent,Non-intersection:  Non-junction/no special feature,Paved,,Property Damage Only,0,0,0,0,0,0,1800,1,1,,POINT (-93.196492100729 43.160499680287)
2014797510,14-12806,04/27/2014,04-April,1-Sunday,17:25,1700 Hours,District 3 (Northwest),SIOUX CITY,WOODBURY,,STONE PARK BLVD,Non-collision events:  Overturn/rollover,On Roadway,Non-collision (single vehicle),Ran off road - left,None Indicated,,Daylight,Dry,Clear,None apparent,Non-intersection:  Non-junction/no special feature,Paved,,Major Injury,0,2,1,1,0,0,1500,1,2,,POINT (-96.430299813801 42.540095572835)
2014796375,14-005837,04/27/2014,04-April,1-Sunday,21:35,2100 Hours,District 3 (Northwest),,CLAY,,Co Rd B24/350TH ST & Co Rd M38/190TH AVE,Collision with:  Animal,,,Animal,None Indicated,,,,,,,Paved,,Property Damage Only,0,0,0,0,0,0,1500,1,1,,POINT (-95.211362164468 43.141941273061)
2014797524,2014025877,04/27/2014,04-April,1-Sunday,23:32,2300 Hours,District 4 (Southwest),,CASS,I-80,I-80,Collision with:  Vehicle in traffic,On Roadway,Rear-end (front to rear),Crossed centerline (undivided),None Indicated,,Dark - roadway lighted,Dry,Cloudy,None apparent,Non-intersection:  Non-junction/no special feature,Paved,,Minor Injury,0,2,0,2,0,0,8500,2,2,,POINT (-94.810275606428 41.496873464126)
2014797212,,04/27/2014,04-April,1-Sunday,12:10,1200 Hours,District 6 (East Central),CAMANCHE,CLINTON,US 67,US 67 & 7TH AVE,Collision with:  Vehicle in traffic,On Roadway,Rear-end (front to rear),Driver Distraction:  Manual operation of an electronic communication device,None Indicated,,Daylight,Dry,Severe winds,None apparent,Non-intersection:  Non-junction/no special feature,Paved,,Property Damage Only,0,0,0,0,0,0,2500,2,2,,POINT (-90.25771323778 41.797258906539)
2014796384,CL14001256,04/27/2014,04-April,1-Sunday,12:04,1200 Hours,District 6 (East Central),CLINTON,CLINTON,,MANUFACTURING DR & S 21ST ST,Collision with:  Vehicle in traffic,On Roadway,Broadside (front to side),FTYROW:  From driveway,None Indicated,,Daylight,Dry,Cloudy,None apparent,Non-intersection:  Driveway access (within),Paved,,Property Damage Only,0,0,0,0,0,0,3000,2,2,,POINT (-90.235685812304 41.826152474572)
2014796812,2014-26237,04/27/2014,04-April,1-Sunday,08:41,0800 Hours,District 6 (East Central),DAVENPORT,SCOTT,,HEATHERTON DR & W 29TH ST,Collision with:  Parked motor vehicle,On Roadway,Rear-end (front to rear),Swerving/Evasive Action,None Indicated,,Daylight,Dry,Clear,None apparent,Non-intersection:  Non-junction/no special feature,Paved,,Property Damage Only,0,0,0,0,0,0,6500,2,777,,POINT (-90.624856436323 41.549159488352)
2014796452,2014004564,04/27/2014,04-April,1-Sunday,13:01,1300 Hours,District 6 (East Central),IOWA CITY,JOHNSON,IA 1,IA 1/W BURLINGTON ST,Collision with:  Vehicle in traffic,On Roadway,Rear-end (front to rear),Followed too close,None Indicated,,Daylight,Dry,Cloudy,None apparent,Non-intersection:  Non-junction/no special feature,Paved,,Property Damage Only,0,0,0,0,0,0,1600,2,4,,POINT (-91.538820118289 41.657894350442)
2014796353,14-7081,04/27/2014,04-April,1-Sunday,20:46,2000 Hours,District 2 (Northeast),,BREMER,US 63,US 63,Collision with:  Animal,,,Animal,None Indicated,,,,,,,Paved,,Property Damage Only,0,0,0,0,0,0,3500,1,1,,POINT (-92.33728782854 42.829254106829)
2014797014,14-8300,04/27/2014,04-April,1-Sunday,17:01,1700 Hours,District 6 (East Central),,SCOTT,,Co Rd F33/290 ST & Co Rd Y68/SCOTT PK RD,Collision with:  Vehicle in traffic,On Roadway,Broadside (front to side),FTYROW:  From stop sign,None Indicated,,Daylight,Wet,Rain,None apparent,Intersection:  Four-way intersection,Paved,,Major Injury,0,4,1,3,0,0,20000,2,8,,POINT (-90.538083585372 41.72779165257)
2014797267,14-003464,04/27/2014,04-April,1-Sunday,21:00,2100 Hours,District 4 (Southwest),ATLANTIC,CASS,US 71,US 71/WHITNEY ST,Collision with:  Animal,,Non-collision (single vehicle),Animal,None Indicated,,,,,,,Paved,,Property Damage Only,0,0,0,0,0,0,6000,1,1,,POINT (-94.984124688782 41.395775994715)
2014796831,2014025826,04/27/2014,04-April,1-Sunday,15:37,1500 Hours,District 1 (Central),,JASPER,I-80,I-80,Collision with fixed object:  Ditch,Roadside,Non-collision (single vehicle),Ran off road - right,None Indicated,,Daylight,Wet,Rain,None apparent,Non-intersection:  Non-junction/no special feature,Paved,,Property Damage Only,0,0,0,0,0,0,40000,1,1,,POINT (-92.787769722974 41.695341527984)
2014797075,2014025839,04/27/2014,04-April,1-Sunday,16:40,1600 Hours,District 6 (East Central),,CEDAR,I-80,I-80,Collision with fixed object:  Guardrail - face,On Roadway,Non-collision (single vehicle),Swerving/Evasive Action,None Indicated,,Daylight,Wet,Rain,None apparent,Non-intersection:  Non-junction/no special feature,Paved,,Property Damage Only,0,0,0,0,0,0,4000,1,1,,POINT (-91.281414296803 41.663546924014)
2014797101,14002399,04/27/2014,04-April,1-Sunday,04:00,0400 Hours,District 2 (Northeast),,CERRO GORDO,,Co Rd B55/170TH ST,Non-collision events:  Overturn/rollover,On Roadway,Non-collision (single vehicle),Swerving/Evasive Action,None Indicated,,Dark - roadway lighted,"Mud, dirt",Rain,None apparent,Non-intersection:  Non-junction/no special feature,Unpaved,,Minor Injury,0,1,0,1,0,0,10000,1,1,,POINT (-93.376485359701 43.009477336638)
2014797506,14-12771,04/27/2014,04-April,1-Sunday,10:43,1000 Hours,District 3 (Northwest),SIOUX CITY,WOODBURY,I-29,I-29,Collision with:  Vehicle in traffic,On Roadway,"Sideswipe, same direction",Improper or erratic lane changing,None Indicated,,Daylight,Dry,Clear,None apparent,Non-intersection:  Non-junction/no special feature,Paved,,Property Damage Only,0,0,0,0,0,0,5600,2,3,,POINT (-96.460785759867 42.493543478401)
2014796804,2014-26272,04/27/2014,04-April,1-Sunday,14:07,1400 Hours,District 6 (East Central),DAVENPORT,SCOTT,,W LOMBARD ST & MARQUETTE ST,Collision with:  Vehicle in traffic,On Roadway,Broadside (front to side),Unknown,None Indicated,,Daylight,Dry,Clear,None apparent,Intersection:  Four-way intersection,Paved,,Minor Injury,0,3,0,3,0,0,6000,2,5,,POINT (-90.591329323453 41.54187802022)
2014796803,2014-26201,04/27/2014,04-April,1-Sunday,02:16,0200 Hours,District 6 (East Central),DAVENPORT,SCOTT,,E 12TH ST,Collision with:  Parked motor vehicle,On Roadway,Rear-end (front to rear),Lost Control,Refused,,Dark - roadway not lighted,Wet,Cloudy,None apparent,Non-intersection:  Non-junction/no special feature,Paved,,Property Damage Only,0,0,0,0,0,0,12500,2,2,,POINT (-90.554277284828 41.532278251067)
2014796390,2014-1750,04/27/2014,04-April,1-Sunday,12:25,1200 Hours,District 4 (Southwest),WAUKEE,DALLAS,,UNIVERSITY AVE,Collision with:  Vehicle in traffic,On Roadway,Rear-end (front to rear),Followed too close,None Indicated,,Daylight,Dry,Cloudy,None apparent,Non-intersection:  Non-junction/no special feature,Paved,,Property Damage Only,0,0,0,0,0,0,2000,2,4,,POINT (-93.855291588468 41.600365248389)
2014796532,20140011376,04/27/2014,04-April,1-Sunday,21:30,2100 Hours,District 1 (Central),DES MOINES,POLK,,SW 9TH ST,Collision with:  Vehicle in traffic,On Roadway,"Sideswipe, same direction",Unknown,None Indicated,,Dark - roadway lighted,Wet,Cloudy,None apparent,Non-intersection:  Non-junction/no special feature,Paved,,Possible/Unknown,0,1,0,0,1,0,1500,2,2,,POINT (-93.62575239699 41.542494862034)
2014797708,PD1403482,04/27/2014,04-April,1-Sunday,15:20,1500 Hours,District 5 (Southeast),FAIRFIELD,JEFFERSON,,W BURLINGTON AVE,Collision with:  Vehicle in traffic,On Roadway,Broadside (front to side),FTYROW:  From stop sign,None Indicated,,Daylight,Wet,Rain,None apparent,Non-intersection:  Driveway access (within),Paved,,Property Damage Only,0,0,0,0,0,0,8000,2,9,,POINT (-91.991819181082 41.006373181217)