Iowa DOT Case Number,Law Enforcement Case Number,Date of Crash,Month of Crash,Day of Week,Time of Crash,Hour,DOT District,City Name,County Name,Route with System,Location Description,First Harmful Event,Location of First Harmful Event,Manner of Crash/Collision,Major Cause,Drug or Alcohol ,Environmental Conditions,Light Conditions,Surface Conditions,Weather Conditions,Roadway Contribution,Roadway Type,Roadway Surface,Work Zone,Crash Severity,Number of Fatalities,Number of Injuries,Number of Major Injuries,Number of Minor Injuries,Number of Possible Injuries,Number of Unknown Injuries,Amount of Property Damage,Number of Vehicles Involved,Total Number of Occupants,Travel Direction,Location
2014796348,W14-040760,04/27/2014,04-April,1-Sunday,02:14,0200 Hours,District 2 (Northeast),WATERLOO,BLACK HAWK,,W 11TH ST,Collision with fixed object:  Bridge overhead structure,On Roadway,Non-collision (single vehicle),Crossed centerline (undivided),Alcohol (Statutory),,Dark - roadway lighted,Wet,Rain,None apparent,Non-intersection:  Other non-intersection (explain in narrative),Paved,,Property Damage Only,0,0,0,0,0,0,8080,1,1,,POINT (-92.329818023328 42.492447166755)
2014797788,14-103,04/27/2014,04-April,1-Sunday,22:43,2200 Hours,District 4 (Southwest),,TAYLOR,IA 148,IA 148/IOWA 148,Collision with fixed object:  Guardrail - face,Shoulder,Non-collision (single vehicle),Swerving/Evasive Action,None Indicated,,Dark - roadway not lighted,Other (explain in narrative),Unknown,"Shoulders (none, low, soft, high)",Non-intersection:  Other non-intersection (explain in narrative),Paved,,Property Damage Only,0,0,0,0,0,0,8719,1,1,,POINT (-94.738405147553 40.827659209986)
2014798956,2014025820,04/27/2014,04-April,1-Sunday,15:05,1500 Hours,District 5 (Southeast),,WAPELLO,US 63,US 63 & 165TH ST,Non-collision events:  Overturn/rollover,On Roadway,Non-collision (single vehicle),Ran off road - left,None Indicated,,Daylight,Wet,"Sleet, hail",None apparent,Non-intersection:  Non-junction/no special feature,Paved,,Property Damage Only,0,0,0,0,0,0,10000,1,1,,POINT (-92.563256203065 41.125699930665)
2014797941,14-12799,04/27/2014,04-April,1-Sunday,16:42,1600 Hours,District 3 (Northwest),SIOUX CITY,WOODBURY,,WESLEY PKWY & W 14TH ST & OMAHA ST,Collision with:  Vehicle in traffic,On Roadway,Rear-end (front to rear),Followed too close,None Indicated,,Daylight,Dry,Clear,None apparent,Intersection:  Four-way intersection,Paved,,Property Damage Only,0,0,0,0,0,0,2000,2,4,,POINT (-96.415693459483 42.504478595939)
2014796572,14-1947,04/27/2014,04-April,1-Sunday,14:51,1400 Hours,District 1 (Central),WEST DES MOINES,POLK,I-235,I-235,Collision with:  Vehicle in traffic,On Roadway,"Angle, oncoming left turn",FTYROW:  Making left turn,None Indicated,,Daylight,Wet,Rain,None apparent,Non-intersection:  Driveway access (within),Paved,,Minor Injury,0,2,0,2,0,0,21500,3,5,,POINT (-93.762029720007 41.592248247632)
2014796518,20140011328,04/27/2014,04-April,1-Sunday,00:01,0000 Hours,District 1 (Central),DES MOINES,POLK,,ANKENY AVE & E 22ND ST,Collision with:  Vehicle in traffic,On Roadway,Unknown,Unknown,None Indicated,,Dark - roadway lighted,Unknown,Unknown,Unknown,Non-intersection:  Non-junction/no special feature,Paved,,Property Damage Only,0,0,0,0,0,0,1500,2,1,,POINT (-93.577540881565 41.598700377071)
2014796750,2014004561,04/27/2014,04-April,1-Sunday,10:59,1000 Hours,District 6 (East Central),IOWA CITY,JOHNSON,,PARK RD & N DUBUQUE ST,Collision with:  Vehicle in traffic,On Roadway,Rear-end (front to rear),Other (explain in narrative):  Other,None Indicated,,Daylight,Dry,Clear,None apparent,Intersection:  Four-way intersection,Paved,,Property Damage Only,0,0,0,0,0,0,2000,2,5,,POINT (-91.532854040985 41.671517750608)
2014796527,20140011320,04/27/2014,04-April,1-Sunday,08:38,0800 Hours,District 1 (Central),DES MOINES,POLK,,ASTOR ST,Collision with:  Vehicle in traffic,On Roadway,Broadside (front to side),FTYROW:  From stop sign,None Indicated,,Daylight,Wet,Cloudy,None apparent,Intersection:  Four-way intersection,Paved,,Property Damage Only,0,0,0,0,0,0,6000,2,4,,POINT (-93.592985216988 41.589623513455)
2014796960,14-14066,04/27/2014,04-April,1-Sunday,19:11,1900 Hours,District 5 (Southeast),BURLINGTON,DES MOINES,,SUMMER ST,Collision with:  Vehicle in traffic,On Roadway,Rear-end (front to rear),Followed too close,None Indicated,,Dusk,Wet,Cloudy,None apparent,Intersection:  Other intersection (explain in narrative),Paved,,Possible/Unknown,0,1,0,0,1,0,4500,2,3,,POINT (-91.114088820737 40.801146582605)
2014800526,2014025781,04/27/2014,04-April,1-Sunday,08:10,0800 Hours,District 1 (Central),,POLK,IA 415,IA 415/2ND AVE,Collision with:  Vehicle in traffic,On Roadway,Rear-end (front to rear),FTYROW:  Other (explain in narrative),None Indicated,,Daylight,Wet,Rain,None apparent,Interchange-related:  On-ramp merge area,Paved,,Possible/Unknown,0,1,0,0,1,0,13000,2,2,,POINT (-93.620448483984 41.671020644193)
2014796586,14-016439,04/27/2014,04-April,1-Sunday,23:00,2300 Hours,District 4 (Southwest),COUNCIL BLUFFS,POTTAWATTAMIE,,AVE B,Collision with:  Vehicle in traffic,On Roadway,Rear-end (front to rear),Other (explain in narrative):  Other,Alcohol (Statutory),,Dark - roadway lighted,Dry,Cloudy,None apparent,Non-intersection:  Non-junction/no special feature,Paved,,Property Damage Only,0,0,0,0,0,0,5000,2,1,,POINT (-95.895790932126 41.263657014174)
2014796453,2014004566,04/27/2014,04-April,1-Sunday,12:52,1200 Hours,District 6 (East Central),IOWA CITY,JOHNSON,IA 1,IA 1/W BURLINGTON ST,Collision with:  Vehicle in traffic,On Roadway,"Sideswipe, same direction",Improper or erratic lane changing,None Indicated,,Daylight,Dry,Cloudy,Non-highway work,Non-intersection:  Other non-intersection (explain in narrative),Paved,,Property Damage Only,0,0,0,0,0,0,2300,2,4,,POINT (-91.540235281203 41.657984389828)
2014796642,14-0223,04/27/2014,04-April,1-Sunday,21:13,2100 Hours,District 1 (Central),,WEBSTER,US 169,US 169,Collision with:  Animal,,Non-collision (single vehicle),Animal,None Indicated,,,,,,,Paved,,Property Damage Only,0,0,0,0,0,0,8000,1,1,,POINT (-94.228948294909 42.587924007418)
2014797796,2014025763,04/27/2014,04-April,1-Sunday,01:26,0100 Hours,District 1 (Central),,JASPER,I-80,I-80,Unknown,Median,Non-collision (single vehicle),"Operating vehicle in an reckless, erratic, careless, negligent manner",None Indicated,,Dark - roadway not lighted,Wet,Cloudy,Unknown,Non-intersection:  Non-junction/no special feature,Paved,,Possible/Unknown,0,1,0,0,1,0,10499,1,1,,POINT (-92.857291920231 41.695079592129)
2014798891,32-045-14,04/27/2014,04-April,1-Sunday,11:15,1100 Hours,District 3 (Northwest),ESTHERVILLE,EMMET,IA 9,IA 9/CENTRAL AVE,Collision with:  Vehicle in traffic,On Roadway,Broadside (front to side),Unknown,None Indicated,,Daylight,Wet,Rain,None apparent,Non-intersection:  Driveway access (within),Paved,,Property Damage Only,0,0,0,0,0,0,4500,2,2,,POINT (-94.821021557712 43.402241352602)
2014800612,02-14-6587,04/27/2014,04-April,1-Sunday,09:29,0900 Hours,District 6 (East Central),CASCADE,DUBUQUE,,1ST AVE E & MONROE ST SE & MONROE ST NE,Collision with:  Vehicle in traffic,On Roadway,"Angle, oncoming left turn",FTYROW:  From stop sign,None Indicated,,Daylight,Wet,Rain,None apparent,Intersection:  Four-way intersection,Paved,,Possible/Unknown,0,1,0,0,1,0,13000,2,2,,POINT (-91.005025722949 42.30188293974)
2014796766,14-005228,04/28/2014,04-April,2-Monday,23:54,2300 Hours,District 4 (Southwest),,MILLS,US 34,US 34,Collision with:  Animal,,,Animal,None Indicated,,,,,,,Paved,,Property Damage Only,0,0,0,0,0,0,8500,1,1,,POINT (-95.688302007811 41.030403560506)
2014796752,2014004593,04/28/2014,04-April,2-Monday,08:36,0800 Hours,District 6 (East Central),IOWA CITY,JOHNSON,I-80,I-80 & IA 1/N DODGE ST,Collision with:  Vehicle in traffic,On Roadway,Rear-end (front to rear),Followed too close,None Indicated,,Daylight,Wet,Rain,None apparent,Intersection:  Four-way intersection,Paved,,Minor Injury,0,1,0,1,0,0,5800,3,3,,POINT (-91.498619228507 41.687999346115)
2014800769,CL14001267,04/28/2014,04-April,2-Monday,09:10,0900 Hours,District 6 (East Central),CLINTON,CLINTON,,MILL CREEK PKWY,Collision with:  Vehicle in traffic,On Roadway,"Sideswipe, same direction",FTYROW:  From parked position,None Indicated,,Daylight,Wet,Cloudy,None apparent,Non-intersection:  Non-junction/no special feature,Paved,,Property Damage Only,0,0,0,0,0,0,4000,2,2,,POINT (-90.228901045979 41.860039575036)
2014796758,14008480,04/28/2014,04-April,2-Monday,19:11,1900 Hours,District 6 (East Central),MARION,LINN,,BLAIRS FERRY RD & MARION BLVD,Collision with:  Vehicle in traffic,On Roadway,"Sideswipe, same direction",Swerving/Evasive Action,None Indicated,,Dusk,Wet,Rain,None apparent,Intersection:  Four-way intersection,Paved,,Property Damage Only,0,0,0,0,0,0,3000,2,2,,POINT (-91.612871650382 42.030488107184)
2014796872,01-14-17758,04/28/2014,04-April,2-Monday,15:50,1500 Hours,District 6 (East Central),DUBUQUE,DUBUQUE,,MT CARMEL ST,Collision with:  Parked motor vehicle,On Roadway,"Sideswipe, same direction",Ran off road - right,None Indicated,,Daylight,Dry,Cloudy,None apparent,Non-intersection:  Non-junction/no special feature,Paved,,Property Damage Only,0,0,0,0,0,0,4000,2,1,,POINT (-90.661298337724 42.479373752872)
2014796859,14006585,04/28/2014,04-April,2-Monday,17:23,1700 Hours,District 2 (Northeast),,CERRO GORDO,US 65,US 65,Non-collision events:  Overturn/rollover,Median,Non-collision (single vehicle),Ran off road - left,None Indicated,,Daylight,Wet,Cloudy,None apparent,Non-intersection:  Non-junction/no special feature,Paved,,Possible/Unknown,0,1,0,0,1,0,5000,1,3,,POINT (-93.204135394181 43.184024884843)
2014797082,2014026046,04/28/2014,04-April,2-Monday,14:43,1400 Hours,District 6 (East Central),WALCOTT,SCOTT,I-80,I-80,Non-collision events:  Other non-collision (explain in narrative),Median,Non-collision (single vehicle),Ran off road - right,None Indicated,,Daylight,Dry,Cloudy,None apparent,Non-intersection:  Non-junction/no special feature,Paved,,Possible/Unknown,0,1,0,0,1,0,2500,1,1,,POINT (-90.721210678927 41.603825232061)
2014796968,201401332,04/28/2014,04-April,2-Monday,15:08,1500 Hours,District 6 (East Central),,LINN,,Co Rd E70/WRIGHT BROTHER S BLVD,,On Roadway,"Sideswipe, opposite direction",Cargo/equipment loss or shift,None Indicated,,Daylight,Dry,Cloudy,Work Zone (roadway-related),Non-intersection:  Non-junction/no special feature,Paved,Yes,Property Damage Only,0,0,0,0,0,0,1500,2,3,,POINT (-91.796074030483 41.89104588792)
2014797077,2014026030,04/28/2014,04-April,2-Monday,13:15,1300 Hours,District 6 (East Central),,SCOTT,I-80,I-80,Collision with fixed object:  Tree,Outside trafficway,Non-collision (single vehicle),Ran off road - right,None Indicated,,Daylight,Dry,Severe winds,None apparent,Non-intersection:  Non-junction/no special feature,Paved,,Property Damage Only,0,0,0,0,0,0,10000,1,1,,POINT (-90.831085679054 41.630809580443)
2014796904,20140011446,04/28/2014,04-April,2-Monday,15:03,1500 Hours,District 1 (Central),DES MOINES,POLK,US 69,US 69/E 14TH ST & E HULL AVE,Collision with:  Vehicle in traffic,On Roadway,Rear-end (front to rear),Driving too fast for conditions,None Indicated,,Daylight,Wet,Rain,None apparent,Intersection:  Four-way intersection,Paved,,Property Damage Only,0,0,0,0,0,0,2000,2,2,,POINT (-93.600558524178 41.622262426546)
2014796637,14-002074,04/28/2014,04-April,2-Monday,08:35,0800 Hours,District 1 (Central),AMES,STORY,US 30,US 30,Collision with:  Vehicle in traffic,On Roadway,Rear-end (front to rear),Followed too close,None Indicated,,Daylight,Wet,Cloudy,None apparent,Non-intersection:  Non-junction/no special feature,Paved,,Property Damage Only,0,0,0,0,0,0,8999,2,3,,POINT (-93.632542247061 42.003361987069)
2014803048,140428BVZ01,04/28/2014,04-April,2-Monday,15:40,1500 Hours,District 3 (Northwest),ORANGE CITY,SIOUX,,3RD ST SW & FLORIDA AVE SW,Collision with:  Vehicle in traffic,On Roadway,Broadside (front to side),FTYROW:  From stop sign,None Indicated,,Daylight,Dry,Cloudy,None apparent,Intersection:  Four-way intersection,Paved,,Possible/Unknown,0,2,0,0,2,0,7000,2,4,,POINT (-96.063979231152 43.004039879889)
2014796944,042814-174,04/28/2014,04-April,2-Monday,19:30,1900 Hours,District 3 (Northwest),STORM LAKE,BUENA VISTA,,W 5TH ST & E 5TH ST & LAKE AVE,Collision with:  Vehicle in traffic,On Roadway,Broadside (front to side),Ran Traffic Signal,None Indicated,,Dusk,Wet,Cloudy,None apparent,Intersection:  Four-way intersection,Paved,,Possible/Unknown,0,1,0,0,1,0,4500,2,4,,POINT (-95.200870876022 42.644432529982)
2014799719,2014-2176,04/28/2014,04-April,2-Monday,16:41,1600 Hours,District 1 (Central),,HARDIN,,Co Rd S56/CO HWY S56 & 120TH ST,Collision with:  Vehicle in traffic,On Roadway,Rear-end (front to rear),Swerving/Evasive Action,None Indicated,,Daylight,Dry,Cloudy,None apparent,Intersection:  Four-way intersection,Paved,,Property Damage Only,0,0,0,0,0,0,5000,2,2,,POINT (-93.046330024318 42.528988777111)
2014797216,,04/28/2014,04-April,2-Monday,12:15,1200 Hours,District 6 (East Central),IOWA CITY,JOHNSON,US 6,US 6/S RIVERSIDE DR,Collision with:  Vehicle in traffic,On Roadway,Rear-end (front to rear),Followed too close,None Indicated,,Daylight,Dry,Cloudy,None apparent,Non-intersection:  Non-junction/no special feature,Paved,,Property Damage Only,0,0,0,0,0,0,7000,2,2,,POINT (-91.540346106135 41.653077056806)
2014798061,14-003157,04/28/2014,04-April,2-Monday,10:45,1000 Hours,District 2 (Northeast),STRAWBERRY POINT,CLAYTON,IA 3,IA 3/IOWA 3,Collision with:  Vehicle in traffic,On Roadway,"Sideswipe, same direction",Ran off road - right,None Indicated,,Daylight,Wet,Rain,None apparent,Intersection:  Y-intersection,Paved,,Minor Injury,0,1,0,1,0,0,6500,2,2,,POINT (-91.534084686324 42.65902644943)
2014796778,20140011458,04/28/2014,04-April,2-Monday,17:35,1700 Hours,District 1 (Central),DES MOINES,POLK,,OLINDA AVE & SW 9TH ST,Collision with:  Vehicle in traffic,On Roadway,Rear-end (front to rear),Unknown,None Indicated,,Daylight,Wet,Rain,None apparent,Non-intersection:  Non-junction/no special feature,Paved,,Possible/Unknown,0,1,0,0,1,0,100,2,2,,POINT (-93.622984707564 41.56765827902)
2014797393,14-001854,04/28/2014,04-April,2-Monday,15:00,1500 Hours,District 1 (Central),ANKENY,POLK,I-35,I-35,Collision with:  Vehicle in traffic,On Roadway,Rear-end (front to rear),Other (explain in narrative):  Other,None Indicated,,Daylight,Wet,Rain,None apparent,Non-intersection:  Non-junction/no special feature,Paved,,Property Damage Only,0,0,0,0,0,0,2000,2,2,,POINT (-93.574770756627 41.679977047863)
2014796970,201401337,04/28/2014,04-April,2-Monday,23:57,2300 Hours,District 6 (East Central),,LINN,,Co Rd E34/COUNTY HOME RD,Collision with:  Animal,,Non-collision (single vehicle),Animal,None Indicated,,,,,,,Paved,,Property Damage Only,0,0,0,0,0,0,2000,1,1,,POINT (-91.389769291998 42.092968519173)
2014796799,2014-7807,04/28/2014,04-April,2-Monday,20:32,2000 Hours,District 6 (East Central),BETTENDORF,SCOTT,,MISSISSIPPI BLVD & 14TH ST,Collision with:  Vehicle in traffic,On Roadway,"Sideswipe, same direction",Other (explain in narrative):  Other,None Indicated,,Dark - roadway lighted,Wet,Rain,None apparent,Non-intersection:  Non-junction/no special feature,Paved,,Property Damage Only,0,0,0,0,0,0,2000,2,2,,POINT (-90.512994425176 41.52829414712)
2014804972,SO140159,04/28/2014,04-April,2-Monday,12:06,1200 Hours,District 4 (Southwest),,ADAMS,,Co Rd N77/UBAN AVE,Collision with:  Other non-fixed object (explain in narrative),On Roadway,Non-collision (single vehicle),Equipment failure,None Indicated,,Daylight,"Mud, dirt",Cloudy,"Shoulders (none, low, soft, high)",Non-intersection:  Non-junction/no special feature,Unpaved,,Possible/Unknown,0,1,0,0,1,0,5500,1,1,,POINT (-94.537599079243 41.089243134606)
2014796794,14-016606,04/28/2014,04-April,2-Monday,17:00,1700 Hours,District 4 (Southwest),COUNCIL BLUFFS,POTTAWATTAMIE,US 275,US 275/VETERANS MEMORIAL HWY & METRO DR & TANK FARM RD,Collision with:  Vehicle in traffic,On Roadway,Rear-end (front to rear),Other (explain in narrative):  Other,None Indicated,,Daylight,Dry,Clear,None apparent,Non-intersection:  Non-junction/no special feature,Paved,,Property Damage Only,0,0,0,0,0,0,2000,2,2,,POINT (-95.836236631862 41.21831646657)
2014796871,01-14-17732,04/28/2014,04-April,2-Monday,13:44,1300 Hours,District 6 (East Central),DUBUQUE,DUBUQUE,,FILLMORE ST & GRANDVIEW AVE N,Collision with:  Vehicle in traffic,On Roadway,"Sideswipe, same direction","Operating vehicle in an reckless, erratic, careless, negligent manner",None Indicated,,Daylight,Dry,Cloudy,None apparent,Intersection:  Four-way intersection,Paved,,Possible/Unknown,0,2,0,0,2,0,6700,2,5,,POINT (-90.689098865538 42.501118281604)
2014796533,20140011388,04/28/2014,04-April,2-Monday,01:37,0100 Hours,District 1 (Central),DES MOINES,POLK,,SE 22ND ST,Collision with fixed object:  Other fixed object (explain in narrative),On Roadway,Non-collision (single vehicle),Swerving/Evasive Action,None Indicated,,Dark - roadway lighted,Wet,Rain,None apparent,Non-intersection:  Non-junction/no special feature,Paved,,Possible/Unknown,0,1,0,0,1,0,4000,1,1,,POINT (-93.575230020877 41.564124040671)
2014797089,,04/28/2014,04-April,2-Monday,10:00,1000 Hours,District 6 (East Central),CEDAR RAPIDS,LINN,,6TH ST SW & 58TH AVE SW,Collision with:  Vehicle in traffic,On Roadway,Rear-end (front to rear),Unknown,None Indicated,,Daylight,Dry,Cloudy,,Intersection:  T-intersection,Paved,,Property Damage Only,0,0,0,0,0,0,13500,2,4,,POINT (-91.676420864648 41.921711233855)
2014797334,14-12081,04/28/2014,04-April,2-Monday,07:13,0700 Hours,District 5 (Southeast),,LEE,US 218,US 218 & Co Rd J62/255 ST,Collision with:  Vehicle in traffic,On Roadway,Broadside (front to side),FTYROW:  From stop sign,None Indicated,,Daylight,Dry,Clear,None apparent,Intersection:  Other intersection (explain in narrative),Paved,,Possible/Unknown,0,2,0,0,2,0,38300,2,2,,POINT (-91.532035066838 40.590033264755)
2014796819,14-1228,04/28/2014,04-April,2-Monday,09:50,0900 Hours,District 1 (Central),FORT DODGE,WEBSTER,,N 8TH ST,Non-collision events:  Other non-collision (explain in narrative),On Roadway,Non-collision (single vehicle),Other (explain in narrative):  Other,None Indicated,,Daylight,Wet,Cloudy,None apparent,Non-intersection:  Non-junction/no special feature,Paved,,Property Damage Only,0,0,0,0,0,0,3500,1,1,,POINT (-94.187670528323 42.505732653464)
2014796947,14-003482,04/28/2014,04-April,2-Monday,15:27,1500 Hours,District 4 (Southwest),ATLANTIC,CASS,,CHESTNUT ST,Collision with:  Vehicle in traffic,On Roadway,Rear-end (front to rear),Traveling wrong way or on wrong side of road,None Indicated,,Daylight,Dry,Clear,None apparent,Non-intersection:  Non-junction/no special feature,Paved,,Property Damage Only,0,0,0,0,0,0,1600,2,3,,POINT (-95.012983624329 41.406506164707)
2014796969,201401336,04/28/2014,04-April,2-Monday,21:00,2100 Hours,District 6 (East Central),,LINN,,Co Rd E34/COUNTY HOME RD,Collision with fixed object:  Bridge overhead structure,On Roadway,Non-collision (single vehicle),Crossed centerline (undivided),Refused,,Dark - roadway not lighted,Wet,Rain,None apparent,Non-intersection:  Other non-intersection (explain in narrative),Paved,,Possible/Unknown,0,1,0,0,1,0,8000,1,1,,POINT (-91.559252907473 42.093880096353)
2014797923,2014-26555,04/28/2014,04-April,2-Monday,17:10,1700 Hours,District 6 (East Central),DAVENPORT,SCOTT,I-280,I-280 & IA 461/140 ST/W RIVER DR,Collision with:  Vehicle in traffic,On Roadway,Broadside (front to side),Unknown,None Indicated,,Daylight,Wet,Rain,None apparent,Intersection:  Four-way intersection,Paved,,Property Damage Only,0,0,0,0,0,0,3600,2,2,,POINT (-90.671229485132 41.509110920704)
2014797220,,04/28/2014,04-April,2-Monday,15:26,1500 Hours,District 5 (Southeast),FORT MADISON,LEE,,13TH ST & AVE F,Collision with:  Parked motor vehicle,On Roadway,"Sideswipe, same direction",Made improper turn,None Indicated,,Daylight,Wet,Rain,None apparent,Intersection:  Four-way intersection,Paved,,Property Damage Only,0,0,0,0,0,0,2000,2,3,,POINT (-91.320844839009 40.63207982044)
2014796790,14-1958,04/28/2014,04-April,2-Monday,15:00,1500 Hours,District 1 (Central),WEST DES MOINES,POLK,,GRAND AVE & RAILROAD AVE & E P TRUE PKWY,Collision with:  Vehicle in traffic,On Roadway,"Angle, oncoming left turn",FTYROW:  Making left turn,None Indicated,,Daylight,Wet,Rain,None apparent,Intersection:  Four-way intersection,Paved,,Property Damage Only,0,0,0,0,0,0,2200,2,2,,POINT (-93.731709220439 41.570926931867)
2014796777,20140011453,04/28/2014,04-April,2-Monday,16:19,1600 Hours,District 1 (Central),DES MOINES,POLK,,WOODLAND AVE & MLK JR PKWY,Collision with:  Vehicle in traffic,On Roadway,Rear-end (front to rear),Followed too close,None Indicated,,Daylight,Wet,Cloudy,None apparent,Intersection:  Four-way intersection,Paved,,Property Damage Only,0,0,0,0,0,0,1700,2,3,,POINT (-93.644752220874 41.588038808551)
2014796813,2014-26437,04/28/2014,04-April,2-Monday,06:39,0600 Hours,District 6 (East Central),DAVENPORT,SCOTT,,KELLING ST,Collision with:  Vehicle in traffic,On Roadway,"Sideswipe, same direction",Other (explain in narrative):  Other,None Indicated,,Daylight,Wet,Cloudy,None apparent,Non-intersection:  Non-junction/no special feature,Paved,,Property Damage Only,0,0,0,0,0,0,2000,2,1,,POINT (-90.607159529825 41.575172146418)
2014797729,14061128,04/28/2014,04-April,2-Monday,17:58,1700 Hours,District 6 (East Central),,JOHNSON,,Co Rd F62/520TH ST & Co Rd W66/SAND RD,Collision with:  Vehicle in traffic,On Roadway,Rear-end (front to rear),Other (explain in narrative):  Other,Alcohol (Statutory),,Daylight,Wet,Rain,None apparent,Intersection:  Four-way intersection,Paved,,Property Damage Only,0,0,0,0,0,0,6000,2,2,,POINT (-91.501851843815 41.554730484694)
2014797126,201405878,04/28/2014,04-April,2-Monday,12:08,1200 Hours,District 6 (East Central),CEDAR RAPIDS,LINN,IA 922,IA 922/1ST AVE E & 15TH ST SE & 15TH ST NE,Collision with:  Vehicle in traffic,On Roadway,"Sideswipe, same direction",Other (explain in narrative):  Other,None Indicated,,Daylight,Dry,Cloudy,None apparent,Intersection:  Four-way intersection,Paved,,Property Damage Only,0,0,0,0,0,0,3000,2,6,,POINT (-91.652314007072 41.988123690719)
2014796740,14-591,04/28/2014,04-April,2-Monday,08:20,0800 Hours,District 3 (Northwest),SPIRIT LAKE,DICKINSON,US 71,US 71/18TH ST & HILL AVE,Collision with fixed object:  Utility pole/light support,On Roadway,Non-collision (single vehicle),Ran off road - right,None Indicated,,Daylight,Dry,Rain,None apparent,Intersection:  Four-way intersection,Paved,,Property Damage Only,0,0,0,0,0,0,4500,1,1,,POINT (-95.102286430282 43.422617440661)
2014796864,2014-1773,04/28/2014,04-April,2-Monday,15:05,1500 Hours,District 4 (Southwest),WAUKEE,DALLAS,,SE LA GRANT PARKWAY,Collision with:  Vehicle in traffic,On Roadway,Rear-end (front to rear),Other (explain in narrative):  Other,None Indicated,,Daylight,Wet,Rain,None apparent,Non-intersection:  Non-junction/no special feature,Unpaved,,Property Damage Only,0,0,0,0,0,0,14500,4,5,,POINT (-93.866234830292 41.589555758408)
2014796974,14-010012,04/28/2014,04-April,2-Monday,23:04,2300 Hours,District 5 (Southeast),,MARION,,Co Rd T17/HWY T17,Collision with:  Animal,,Non-collision (single vehicle),Animal,None Indicated,,,,,,,Paved,,Property Damage Only,0,0,0,0,0,0,5500,1,1,,POINT (-92.914140510131 41.355295423698)
2014796744,P14-005004,04/28/2014,04-April,2-Monday,16:10,1600 Hours,District 1 (Central),WEBSTER CITY,HAMILTON,,BANK ST & UNION ST,Collision with:  Vehicle in traffic,On Roadway,Broadside (front to side),Ran Stop Sign,None Indicated,,Daylight,Wet,Rain,None apparent,Intersection:  Four-way intersection,Paved,,Property Damage Only,0,0,0,0,0,0,10000,2,2,,POINT (-93.81460750554 42.466565452779)
2014796524,20140011421,04/28/2014,04-April,2-Monday,11:10,1100 Hours,District 1 (Central),DES MOINES,POLK,,CROCKER ST & 6TH AVE,Collision with:  Vehicle in traffic,On Roadway,"Sideswipe, same direction",Made improper turn,None Indicated,,Daylight,Dry,Cloudy,None apparent,Intersection:  Other intersection (explain in narrative),Paved,,Property Damage Only,0,0,0,0,0,0,9000,2,2,,POINT (-93.625655830836 41.593395538495)
2014796786,20140011447,04/28/2014,04-April,2-Monday,15:46,1500 Hours,District 1 (Central),DES MOINES,POLK,US 6,US 6/EUCLID AVE & 8TH ST,Collision with:  Vehicle in traffic,On Roadway,Rear-end (front to rear),Other (explain in narrative):  Other,None Indicated,,Daylight,Wet,Rain,None apparent,Non-intersection:  Non-junction/no special feature,Paved,,Property Damage Only,0,0,0,0,0,0,7500,2,2,,POINT (-93.627331540307 41.62765886303)
2014797517,2014025952,04/28/2014,04-April,2-Monday,12:45,1200 Hours,District 6 (East Central),,CEDAR,IA 38,IA 38/IOWA 38,Collision with:  Animal,,,Animal,None Indicated,,,,,,,Paved,,Property Damage Only,0,0,0,0,0,0,1800,1,1,,POINT (-91.121272580735 41.653618654491)
2014799556,,04/28/2014,04-April,2-Monday,15:20,1500 Hours,District 4 (Southwest),FARRAGUT,FREMONT,,NEW ORLEANS AVE,Collision with fixed object:  Bridge overhead structure,On Roadway,Non-collision (single vehicle),Equipment failure,None Indicated,,Daylight,Dry,Clear,None apparent,Non-intersection:  Other non-intersection (explain in narrative),Paved,,Property Damage Only,0,0,0,0,0,0,4100,1,3,,POINT (-95.485211202002 40.717451823831)
2014796963,14-060428-01,04/28/2014,04-April,2-Monday,19:30,1900 Hours,District 6 (East Central),,IOWA,IA 21,IA 21/B AVE,Collision with:  Animal,,Non-collision (single vehicle),Animal,None Indicated,,,,,,,Paved,,Property Damage Only,0,0,0,0,0,0,4000,1,1,,POINT (-92.278634912856 41.840366065863)
2014798957,2014026076,04/28/2014,04-April,2-Monday,22:15,2200 Hours,District 5 (Southeast),,LEE,US 218,US 218,Collision with:  Animal,,,Animal,None Indicated,,,,,,,Paved,,Property Damage Only,0,0,0,0,0,0,1500,1,1,,POINT (-91.564171552098 40.780485416348)
2014814284,2014-0566,04/28/2014,04-April,2-Monday,11:13,1100 Hours,District 1 (Central),RIPPEY,GREENE,,Co Rd E57/305TH,Collision with:  Vehicle in traffic,On Roadway,"Sideswipe, opposite direction",Unknown,None Indicated,,Daylight,Dry,Cloudy,None apparent,Non-intersection:  Non-junction/no special feature,Paved,,Property Damage Only,0,0,0,0,0,0,9000,2,2,,POINT (-94.243368047583 41.920959734949)
2014797129,201405901,04/28/2014,04-April,2-Monday,21:42,2100 Hours,District 6 (East Central),CEDAR RAPIDS,LINN,IA 100,IA 100/SE RAMP B/PROPOSED IA100 SW RAMP B & EDGEWOOD RD NE,Collision with:  Vehicle in traffic,On Roadway,"Angle, oncoming left turn",FTYROW:  Making left turn,None Indicated,,Dark - roadway lighted,Wet,Rain,None apparent,Intersection:  Intersection with ramp,Paved,,Property Damage Only,0,0,0,0,0,0,9000,2,2,,POINT (-91.702046075199 42.028171936281)