Iowa DOT Case Number,Law Enforcement Case Number,Date of Crash,Month of Crash,Day of Week,Time of Crash,Hour,DOT District,City Name,County Name,Route with System,Location Description,First Harmful Event,Location of First Harmful Event,Manner of Crash/Collision,Major Cause,Drug or Alcohol ,Environmental Conditions,Light Conditions,Surface Conditions,Weather Conditions,Roadway Contribution,Roadway Type,Roadway Surface,Work Zone,Crash Severity,Number of Fatalities,Number of Injuries,Number of Major Injuries,Number of Minor Injuries,Number of Possible Injuries,Number of Unknown Injuries,Amount of Property Damage,Number of Vehicles Involved,Total Number of Occupants,Travel Direction,Location
2014809940,14-2838PD,04/28/2014,04-April,2-Monday,15:30,1500 Hours,District 1 (Central),BOONE,BOONE,,MAMIE EISENHOWER AVE & S BOONE ST,Collision with:  Vehicle in traffic,On Roadway,Rear-end (front to rear),Followed too close,None Indicated,,Daylight,Wet,Rain,"Surface condition (e.g., wet, icy)",Non-intersection:  Non-junction/no special feature,Paved,,Property Damage Only,0,0,0,0,0,0,5500,3,4,,POINT (-93.881658972801 42.05962172878)
2014796773,20140011448,04/28/2014,04-April,2-Monday,15:38,1500 Hours,District 1 (Central),DES MOINES,POLK,,6TH AVE,Collision with:  Vehicle in traffic,On Roadway,Rear-end (front to rear),Driving too fast for conditions,None Indicated,,Daylight,Wet,Rain,"Surface condition (e.g., wet, icy)",Non-intersection:  Non-junction/no special feature,Paved,,Property Damage Only,0,0,0,0,0,0,3700,2,5,,POINT (-93.625831306082 41.607833176091)
2014796940,14-096,04/28/2014,04-April,2-Monday,16:42,1600 Hours,District 2 (Northeast),WAVERLY,BREMER,IA 3,IA 3/BREMER AVE & 3RD ST SW & 3RD ST NW,Collision with:  Vehicle in traffic,On Roadway,"Sideswipe, same direction",Improper or erratic lane changing,None Indicated,,Daylight,Dry,Cloudy,None apparent,Non-intersection:  Non-junction/no special feature,Paved,,Property Damage Only,0,0,0,0,0,0,3500,2,2,,POINT (-92.474447337299 42.725755186461)
2014796932,S14-4120,04/28/2014,04-April,2-Monday,17:37,1700 Hours,District 3 (Northwest),,WOODBURY,,Co Rd D12/110TH ST & Co Rd L21/LEE AVE,Collision with:  Vehicle in traffic,On Roadway,Broadside (front to side),FTYROW:  From stop sign,None Indicated,,Daylight,Wet,Rain,None apparent,Intersection:  Four-way intersection,Paved,,Property Damage Only,0,0,0,0,0,0,6000,2,3,,POINT (-95.918523989086 42.54730850413)
2014799841,201400020258,04/28/2014,04-April,2-Monday,19:46,1900 Hours,District 5 (Southeast),OTTUMWA,WAPELLO,,FLORENCE ST & S TACOMA AVE,Collision with:  Non-motorist (see non-motorist section - NOT a unit),On Roadway,Non-collision (single vehicle),Swerving/Evasive Action,None Indicated,,Dusk,Dry,Clear,None apparent,Non-intersection:  Non-junction/no special feature,Paved,,Minor Injury,0,1,0,1,0,0,1000,1,1,,POINT (-92.377668333117 41.006562005334)
2014796925,14-4825,04/28/2014,04-April,2-Monday,10:30,1000 Hours,District 3 (Northwest),,SIOUX,IA 60,IA 60/IOWA 60,Collision with:  Animal,,,Animal,None Indicated,,,,,,,Paved,,Property Damage Only,0,0,0,0,0,0,2000,1,1,,POINT (-95.992433504135 43.003845565366)
2014798025,14-018,04/28/2014,04-April,2-Monday,11:45,1100 Hours,District 3 (Northwest),ROCKWELL CITY,CALHOUN,,240TH ST,Non-collision events:  Overturn/rollover,On Roadway,Non-collision (single vehicle),Crossed centerline (undivided),None Indicated,,Daylight,Wet,Severe winds,None apparent,Non-intersection:  Non-junction/no special feature,Unpaved,,Minor Injury,0,1,0,1,0,0,6000,1,1,,POINT (-94.621775714581 42.442351743459)
2014796764,2014003968,04/28/2014,04-April,2-Monday,08:49,0800 Hours,District 1 (Central),MARSHALLTOWN,MARSHALL,,NICHOLAS DR & S CENTER ST,Collision with:  Vehicle in traffic,On Roadway,Broadside (front to side),FTYROW:  From stop sign,None Indicated,,Daylight,Wet,Rain,None apparent,Intersection:  Four-way intersection,Paved,,Property Damage Only,0,0,0,0,0,0,8000,2,2,,POINT (-92.91265419364 42.015645331985)
2014796855,201401864,04/28/2014,04-April,2-Monday,20:59,2000 Hours,District 1 (Central),BOONE,BOONE,US 30,US 30/220TH ST,Collision with:  Animal,On Roadway,Non-collision (single vehicle),Animal,None Indicated,,Dark - roadway not lighted,Wet,Cloudy,None apparent,Non-intersection:  Non-junction/no special feature,Paved,,Property Damage Only,0,0,0,0,0,0,1500,1,2,,POINT (-93.944226789703 42.034284161891)
2014796770,14-2816,04/28/2014,04-April,2-Monday,23:53,2300 Hours,District 1 (Central),,POLK,US 65,US 65/NW RAMP,Collision with fixed object:  Traffic sign support,Roadside,Non-collision (single vehicle),Ran off road - right,None Indicated,,Dark - roadway not lighted,Dry,Clear,None apparent,Non-intersection:  Non-junction/no special feature,Paved,,Property Damage Only,0,0,0,0,0,0,5500,1,1,,POINT (-93.519179030677 41.528784788574)
2014801364,2014-26531,04/28/2014,04-April,2-Monday,15:37,1500 Hours,District 6 (East Central),DAVENPORT,SCOTT,,FAIRHAVEN RD & E 53RD ST,Collision with:  Vehicle in traffic,On Roadway,Rear-end (front to rear),Followed too close,None Indicated,,Daylight,Dry,Cloudy,None apparent,Intersection:  T-intersection,Paved,,Property Damage Only,0,0,0,0,0,0,2100,2,2,,POINT (-90.532977256769 41.574846367964)
2014797237,14041262,04/28/2014,04-April,2-Monday,19:59,1900 Hours,District 2 (Northeast),CEDAR FALLS,BLACK HAWK,,3RD ST & CLAY ST,Collision with:  Vehicle in traffic,On Roadway,"Sideswipe, same direction",Lost Control,Alcohol (Statutory),,Dark - roadway lighted,Wet,Rain,None apparent,Non-intersection:  Non-junction/no special feature,Paved,,Property Damage Only,0,0,0,0,0,0,3000,2,1,,POINT (-92.44816770869 42.535954832874)
2014796748,C14001294,04/28/2014,04-April,2-Monday,20:01,2000 Hours,District 6 (East Central),CORALVILLE,JOHNSON,,1ST AVE,Collision with:  Vehicle in traffic,On Roadway,"Sideswipe, same direction",Improper or erratic lane changing,None Indicated,,Dark - roadway lighted,Wet,Rain,None apparent,Non-intersection:  Non-junction/no special feature,Paved,,Property Damage Only,0,0,0,0,0,0,2200,2,4,,POINT (-91.565462293652 41.66963270389)
2014798030,14-004396,04/28/2014,04-April,2-Monday,15:25,1500 Hours,District 3 (Northwest),GLIDDEN,CARROLL,,NEVADA ST & E 4TH ST,Collision with:  Vehicle in traffic,On Roadway,Broadside (front to side),FTYROW:  From yield sign,None Indicated,,Daylight,Wet,Rain,None apparent,Intersection:  Four-way intersection,Paved,,Major Injury,0,3,1,0,2,0,16000,2,3,,POINT (-94.72744439835 42.058940510329)
2014796806,2014-26519,04/28/2014,04-April,2-Monday,14:47,1400 Hours,District 6 (East Central),DAVENPORT,SCOTT,,W 53RD ST & WARREN ST,Collision with:  Vehicle in traffic,On Roadway,Rear-end (front to rear),Followed too close,None Indicated,,Daylight,Dry,Cloudy,None apparent,Intersection:  T-intersection,Paved,,Property Damage Only,0,0,0,0,0,0,10000,3,4,,POINT (-90.584802213085 41.574542313361)
2014797062,14-12890,04/28/2014,04-April,2-Monday,10:48,1000 Hours,District 3 (Northwest),SIOUX CITY,WOODBURY,,5TH ST & FLOYD BLVD,Collision with:  Vehicle in traffic,On Roadway,Rear-end (front to rear),Followed too close,None Indicated,,Daylight,Dry,Clear,None apparent,Intersection:  T-intersection,Paved,,Property Damage Only,0,0,0,0,0,0,2400,2,4,,POINT (-96.393498720045 42.495305809235)
2014796745,14-10359,04/28/2014,04-April,2-Monday,18:00,1800 Hours,District 1 (Central),,JASPER,I-80,I-80,Collision with fixed object:  Concrete traffic barrier (median or right side),On Roadway,Non-collision (single vehicle),Other (explain in narrative):  No improper action,None Indicated,,Daylight,Wet,Rain,None apparent,Non-intersection:  Non-junction/no special feature,Paved,,Property Damage Only,0,0,0,0,0,0,11000,1,1,,POINT (-93.1202340735 41.681504495729)
2014798060,14-003148,04/28/2014,04-April,2-Monday,04:10,0400 Hours,District 2 (Northeast),,CLAYTON,,Co Rd X21/LITTLEPORT RD,Non-collision events:  Overturn/rollover,On Roadway,Non-collision (single vehicle),Ran off road - right,None Indicated,,Dark - roadway not lighted,Wet,Rain,None apparent,Non-intersection:  Non-junction/no special feature,Paved,,Property Damage Only,0,0,0,0,0,0,7500,1,1,,POINT (-91.42310561209 42.654607474721)
2014798169,14-002077,04/28/2014,04-April,2-Monday,09:30,0900 Hours,District 1 (Central),AMES,STORY,,20TH ST,Collision with:  Vehicle in traffic,Shoulder,"Angle, oncoming left turn",Made improper turn,None Indicated,,Daylight,Wet,Rain,None apparent,Non-intersection:  Non-junction/no special feature,Paved,,Property Damage Only,0,0,0,0,0,0,1800,2,1,,POINT (-93.634700018025 42.041853179046)
2014797127,201405889,04/28/2014,04-April,2-Monday,16:15,1600 Hours,District 6 (East Central),CEDAR RAPIDS,LINN,,16TH AVE SW & L ST SW,Collision with:  Vehicle in traffic,On Roadway,Broadside (front to side),FTYROW:  From stop sign,None Indicated,,Daylight,Dry,Cloudy,None apparent,Intersection:  Other intersection (explain in narrative),Paved,,Property Damage Only,0,0,0,0,0,0,10000,2,8,,POINT (-91.671502393286 41.961715322478)
2014796772,20140011445,04/28/2014,04-April,2-Monday,15:29,1500 Hours,District 1 (Central),DES MOINES,POLK,,UNIVERSITY AVE & 9TH ST,Collision with:  Vehicle in traffic,On Roadway,"Angle, oncoming left turn",Made improper turn,None Indicated,,Daylight,Wet,Rain,None apparent,Intersection:  Four-way intersection,Paved,,Possible/Unknown,0,2,0,0,2,0,13500,2,5,,POINT (-93.629411296452 41.600797002654)
2014797188,14002086,04/28/2014,04-April,2-Monday,16:53,1600 Hours,District 1 (Central),AMES,STORY,US 69,US 69/GRAND AVE,Collision with:  Vehicle in traffic,On Roadway,Rear-end (front to rear),Followed too close,None Indicated,,Daylight,Wet,Rain,None apparent,Non-intersection:  Non-junction/no special feature,Paved,,Property Damage Only,0,0,0,0,0,0,5000,2,3,,POINT (-93.620412387992 42.033780369965)
2014822105,32031-14,04/28/2014,04-April,2-Monday,03:00,0300 Hours,District 3 (Northwest),,EMMET,,Co Rd P12/560 AVE,Collision with fixed object:  Ditch,On Roadway,Non-collision (single vehicle),Exceeded authorized speed,None Indicated,,Dark - roadway not lighted,Wet,Rain,None apparent,Non-intersection:  Non-junction/no special feature,Paved,,Property Damage Only,0,0,0,0,0,0,10200,1,1,,POINT (-94.482386367873 43.418686005331)
2014798859,,04/28/2014,04-April,2-Monday,15:20,1500 Hours,District 6 (East Central),DURANT,CEDAR,,7TH ST & 10TH AVE,Collision with:  Vehicle in traffic,On Roadway,Broadside (front to side),FTYROW:  From stop sign,None Indicated,,Daylight,Wet,Rain,None apparent,Intersection:  Four-way intersection,Paved,,Property Damage Only,0,0,0,0,0,0,8200,2,2,,POINT (-90.905030474807 41.602000633311)
2014797063,14-12911,04/28/2014,04-April,2-Monday,15:17,1500 Hours,District 3 (Northwest),SIOUX CITY,WOODBURY,,20TH ST & DOUGLAS ST,Collision with:  Vehicle in traffic,On Roadway,Broadside (front to side),Ran Traffic Signal,None Indicated,,Daylight,Dry,Cloudy,None apparent,Intersection:  Four-way intersection,Paved,,Minor Injury,0,1,0,1,0,0,16000,2,6,,POINT (-96.406602023583 42.51117870193)
2014796769,14-2811,04/28/2014,04-April,2-Monday,17:32,1700 Hours,District 1 (Central),ELKHART,POLK,,WALNUT ST & GRANT AVE,Collision with:  Vehicle in traffic,On Roadway,Broadside (front to side),Ran Stop Sign,None Indicated,,Daylight,Wet,Cloudy,None apparent,Intersection:  Four-way intersection,Paved,,Possible/Unknown,0,1,0,0,1,0,3400,2,3,,POINT (-93.521990610013 41.791384769443)
2014796530,20140011387,04/28/2014,04-April,2-Monday,01:40,0100 Hours,District 1 (Central),DES MOINES,POLK,US 6,US 6/FREDERICK M HUBBELL AVE,Collision with:  Vehicle in traffic,On Roadway,Rear-end (front to rear),Followed too close,Alcohol (Statutory),,Dark - roadway lighted,Wet,Rain,"Surface condition (e.g., wet, icy)",Non-intersection:  Non-junction/no special feature,Paved,,Property Damage Only,0,0,0,0,0,0,1500,2,2,,POINT (-93.541510163907 41.630743296034)
2014829739,A390414-1046,04/28/2014,04-April,2-Monday,17:38,1700 Hours,District 4 (Southwest),,GUTHRIE,,JUNIPER AVE,Non-collision events:  Overturn/rollover,Roadside,Non-collision (single vehicle),Driving too fast for conditions,None Indicated,,Daylight,Wet,Cloudy,None apparent,Non-intersection:  Non-junction/no special feature,Unpaved,,Major Injury,0,1,1,0,0,0,7500,1,1,,POINT (-94.570972968587 41.855006763991)
2014796793,14-016546,04/28/2014,04-April,2-Monday,15:20,1500 Hours,District 4 (Southwest),COUNCIL BLUFFS,POTTAWATTAMIE,,RICHARD DOWNING BLVD,Collision with:  Vehicle in traffic,On Roadway,"Sideswipe, opposite direction",Other (explain in narrative):  Other,None Indicated,,Daylight,Dry,Cloudy,None apparent,Non-intersection:  Non-junction/no special feature,Paved,,Minor Injury,0,2,0,2,0,0,10000,2,3,,POINT (-95.890187646681 41.225926272746)
2014797125,201405860,04/28/2014,04-April,2-Monday,00:15,0000 Hours,District 6 (East Central),CEDAR RAPIDS,LINN,IA 100,IA 100/COLLINS RD NE & C AVE NE,Collision with:  Vehicle in traffic,On Roadway,Broadside (front to side),Ran Traffic Signal,None Indicated,,Dark - roadway lighted,Wet,Cloudy,"Surface condition (e.g., wet, icy)",Intersection:  Four-way intersection,Paved,,Property Damage Only,0,0,0,0,0,0,3500,2,3,,POINT (-91.638496204062 42.028102074778)
2014796753,2014004614,04/28/2014,04-April,2-Monday,17:28,1700 Hours,District 6 (East Central),IOWA CITY,JOHNSON,IA 1,IA 1/DODGE ST,Collision with:  Vehicle in traffic,On Roadway,Rear-end (front to rear),Followed too close,None Indicated,,Daylight,Wet,Rain,"Surface condition (e.g., wet, icy)",Non-intersection:  Non-junction/no special feature,Paved,,Property Damage Only,0,0,0,0,0,0,8000,3,3,,POINT (-91.525779335497 41.659376051221)
2014796858,14006582,04/28/2014,04-April,2-Monday,15:40,1500 Hours,District 2 (Northeast),MASON CITY,CERRO GORDO,,12TH ST NE & N HAMPSHIRE AVE,Collision with:  Vehicle in traffic,On Roadway,Rear-end (front to rear),Other (explain in narrative):  Other,None Indicated,,Daylight,Wet,Cloudy,None apparent,Intersection:  T-intersection,Paved,,Property Damage Only,0,0,0,0,0,0,1700,2,2,,POINT (-93.187335385627 43.162901319471)
2014797061,14-12872,04/28/2014,04-April,2-Monday,09:12,0900 Hours,District 3 (Northwest),SIOUX CITY,WOODBURY,IA 376,IA 376/LEWIS BLVD & 18TH ST,Collision with:  Vehicle in traffic,On Roadway,Rear-end (front to rear),Followed too close,None Indicated,,Daylight,Dry,Cloudy,None apparent,Intersection:  Four-way intersection,Paved,,Property Damage Only,0,0,0,0,0,0,4500,2,2,,POINT (-96.374744335704 42.508340454023)
2014796785,20140011449,04/28/2014,04-April,2-Monday,16:08,1600 Hours,District 1 (Central),DES MOINES,POLK,I-235,I-235 & EASTON BLVD,Collision with:  Vehicle in traffic,On Roadway,Broadside (front to side),FTYROW:  Making left turn,None Indicated,,Daylight,Wet,Rain,None apparent,Intersection:  Intersection with ramp,Paved,,Possible/Unknown,0,1,0,0,1,0,4000,2,3,,POINT (-93.578505897208 41.604640302377)
2014796587,14-016462,04/28/2014,04-April,2-Monday,02:02,0200 Hours,District 4 (Southwest),COUNCIL BLUFFS,POTTAWATTAMIE,I-80,I-80,Collision with:  Animal,,,Animal,None Indicated,,,,,,,Paved,,Property Damage Only,0,0,0,0,0,0,2500,1,1,,POINT (-95.796769233173 41.267304855887)
2014796973,14-009999,04/28/2014,04-April,2-Monday,19:59,1900 Hours,District 5 (Southeast),,MARION,,Co Rd S45/HWY 181,Collision with:  Animal,,,Animal,None Indicated,,,,,,,Paved,,Property Damage Only,0,0,0,0,0,0,2500,1,1,,POINT (-93.238285274632 41.260679593112)
2014796866,14-14177,04/28/2014,04-April,2-Monday,17:22,1700 Hours,District 5 (Southeast),,DES MOINES,US 61,US 61 & MEMORIAL PARK RD,Collision with:  Vehicle in traffic,On Roadway,Rear-end (front to rear),Followed too close,None Indicated,,Daylight,Dry,Cloudy,None apparent,Non-intersection:  Non-junction/no special feature,Paved,,Property Damage Only,0,0,0,0,0,0,3500,2,2,,POINT (-91.14816007612 40.844503791603)
2014798144,2014-26508,04/28/2014,04-April,2-Monday,14:11,1400 Hours,District 6 (East Central),DAVENPORT,SCOTT,US 6,US 6/E KIMBERLY RD,Collision with:  Vehicle in traffic,On Roadway,Rear-end (front to rear),Followed too close,None Indicated,,Daylight,Dry,Cloudy,None apparent,Non-intersection:  Other non-intersection (explain in narrative),Paved,,Major Injury,0,2,1,1,0,0,7000,2,2,,POINT (-90.553564055708 41.556913539712)
2014796414,01-14-17687,04/28/2014,04-April,2-Monday,07:21,0700 Hours,District 6 (East Central),DUBUQUE,DUBUQUE,,E 16TH ST,Collision with:  Vehicle in traffic,On Roadway,Rear-end (front to rear),Lost Control,None Indicated,,Daylight,Wet,Cloudy,None apparent,Non-intersection:  Railroad grade crossing,Paved,,Property Damage Only,0,0,0,0,0,0,2500,2,4,,POINT (-90.663546554844 42.509497072688)
2014796558,20140011402,04/28/2014,04-April,2-Monday,08:00,0800 Hours,District 1 (Central),DES MOINES,POLK,I-235,I-235 & E 6TH ST,Collision with:  Vehicle in traffic,On Roadway,Rear-end (front to rear),Swerving/Evasive Action,None Indicated,,Daylight,Dry,Cloudy,None apparent,Non-intersection:  Non-junction/no special feature,Paved,,Possible/Unknown,0,1,0,0,1,0,6000,2,2,,POINT (-93.61030282706 41.595216462624)
2014797128,201405899,04/28/2014,04-April,2-Monday,21:44,2100 Hours,District 6 (East Central),CEDAR RAPIDS,LINN,,H AVE NE & 16TH ST NE,Collision with:  Vehicle in traffic,On Roadway,Broadside (front to side),Ran off road - right,None Indicated,,Dark - roadway lighted,Wet,Rain,None apparent,Non-intersection:  Non-junction/no special feature,Paved,,Property Damage Only,0,0,0,0,0,0,5500,2,1,,POINT (-91.656246779194 41.99514076682)
2014797016,14-7794,04/28/2014,04-April,2-Monday,15:13,1500 Hours,District 6 (East Central),BETTENDORF,SCOTT,,BELLEVUE AVE & 30TH ST,Collision with:  Vehicle in traffic,On Roadway,Broadside (front to side),FTYROW:  From stop sign,None Indicated,,Daylight,Dry,Cloudy,None apparent,Intersection:  Four-way intersection,Paved,,Minor Injury,0,12,0,12,0,0,12100,3,34,,POINT (-90.490697482634 41.532438759514)
2014796931,S14-4119,04/28/2014,04-April,2-Monday,17:31,1700 Hours,District 3 (Northwest),,WOODBURY,,CORRECTIONVILLE RD,Non-collision events:  Overturn/rollover,On Roadway,Non-collision (single vehicle),Driving too fast for conditions,Alcohol (Statutory),,Daylight,Wet,Rain,"Surface condition (e.g., wet, icy)",Intersection:  Y-intersection,Paved,,Minor Injury,0,2,0,1,1,0,10795,1,2,,POINT (-96.307392647791 42.496781335655)
2014797833,14-004399,04/28/2014,04-April,2-Monday,21:30,2100 Hours,District 2 (Northeast),ELGIN,FAYETTE,,Co Rd B64/GOLDEN RD,Collision with fixed object:  Ditch,On Roadway,Non-collision (single vehicle),Exceeded authorized speed,None Indicated,,Dark - roadway not lighted,Wet,Rain,None apparent,Non-intersection:  Non-junction/no special feature,Paved,,Minor Injury,0,1,0,1,0,0,3100,1,1,,POINT (-91.705182183553 42.955063703655)
2014799840,201400020173,04/28/2014,04-April,2-Monday,12:34,1200 Hours,District 5 (Southeast),OTTUMWA,WAPELLO,,E MAIN ST & S GREEN ST,Collision with:  Vehicle in traffic,On Roadway,"Sideswipe, same direction",Made improper turn,None Indicated,,Daylight,Dry,Clear,None apparent,Non-intersection:  Non-junction/no special feature,Paved,,Property Damage Only,0,0,0,0,0,0,4000,2,2,,POINT (-92.410414365654 41.016246761605)
2014796762,1400000359,04/28/2014,04-April,2-Monday,21:25,2100 Hours,District 1 (Central),,MARSHALL,US 30,US 30,Collision with:  Animal,,,Animal,None Indicated,,,,,,,Paved,,Property Damage Only,0,0,0,0,0,0,3000,1,1,,POINT (-92.805793483218 42.006849886781)
2014797076,2014025931,04/28/2014,04-April,2-Monday,10:42,1000 Hours,District 4 (Southwest),,POTTAWATTAMIE,I-80,I-80,Collision with:  Vehicle in traffic,On Roadway,"Sideswipe, same direction",Other (explain in narrative):  Other,None Indicated,,Daylight,Dry,Cloudy,None apparent,Non-intersection:  Non-junction/no special feature,Paved,,Property Damage Only,0,0,0,0,0,0,4300,2,6,,POINT (-95.743266921447 41.329935844866)
2014798950,2014026055,04/28/2014,04-April,2-Monday,16:50,1600 Hours,District 6 (East Central),,JOHNSON,US 6,US 6 & HALF MOON AVE,Collision with:  Vehicle in traffic,On Roadway,Rear-end (front to rear),Swerving/Evasive Action,None Indicated,,Daylight,Wet,Rain,None apparent,Intersection:  T-intersection,Paved,,Possible/Unknown,0,1,0,0,1,0,13000,2,4,,POINT (-91.690704702714 41.710451939469)
2014797182,14-002083,04/28/2014,04-April,2-Monday,13:18,1300 Hours,District 1 (Central),AMES,STORY,,7TH ST & CLARK AVE,Collision with:  Vehicle in traffic,On Roadway,Broadside (front to side),Ran Stop Sign,None Indicated,,Daylight,Dry,Cloudy,None apparent,Intersection:  Four-way intersection,Paved,,Property Damage Only,0,0,0,0,0,0,3100,2,2,,POINT (-93.616972996787 42.027917622599)
2014796791,14-1960,04/28/2014,04-April,2-Monday,17:49,1700 Hours,District 1 (Central),WEST DES MOINES,POLK,,50TH ST,Collision with:  Vehicle in traffic,On Roadway,Rear-end (front to rear),Followed too close,None Indicated,,Daylight,Wet,Cloudy,None apparent,Non-intersection:  Non-junction/no special feature,Paved,,Property Damage Only,0,0,0,0,0,0,5800,3,3,,POINT (-93.770938446574 41.57560655438)
2014797015,2014-8385,04/28/2014,04-April,2-Monday,17:30,1700 Hours,District 6 (East Central),DAVENPORT,SCOTT,I-80,I-80,Collision with fixed object:  Ditch,On Roadway,Non-collision (single vehicle),Other (explain in narrative):  No improper action,None Indicated,,Daylight,Wet,Rain,"Surface condition (e.g., wet, icy)",Interchange-related:  On-ramp merge area,Paved,,Property Damage Only,0,0,0,0,0,0,1501,1,1,,POINT (-90.671093529965 41.603703019675)
2014796783,20140011439,04/28/2014,04-April,2-Monday,14:27,1400 Hours,District 1 (Central),DES MOINES,POLK,,SW 3RD ST & MARKET ST,Collision with:  Vehicle in traffic,On Roadway,"Sideswipe, same direction",Unknown,None Indicated,,Daylight,Wet,Rain,None apparent,Intersection:  T-intersection,Paved,,Possible/Unknown,0,1,0,0,1,0,2050,2,3,,POINT (-93.619580955088 41.582980024819)
2014797017,14-7837,04/29/2014,04-April,3-Tuesday,08:44,0800 Hours,District 6 (East Central),BETTENDORF,SCOTT,US 67,US 67/STATE ST & DEVILS GLEN RD,Collision with:  Vehicle in traffic,On Roadway,Rear-end (front to rear),Driving too fast for conditions,None Indicated,,Daylight,Wet,Cloudy,None apparent,Intersection:  Four-way intersection,Paved,,Property Damage Only,0,0,0,0,0,0,2750,2,2,,POINT (-90.481363490086 41.529271496991)
2014796902,20140011576,04/29/2014,04-April,3-Tuesday,18:15,1800 Hours,District 1 (Central),DES MOINES,POLK,,WOODLAND AVE & 12TH ST,Collision with:  Vehicle in traffic,On Roadway,"Angle, oncoming left turn",FTYROW:  From stop sign,None Indicated,,Daylight,Wet,Rain,None apparent,Intersection:  T-intersection,Paved,,Property Damage Only,0,0,0,0,0,0,3500,2,3,,POINT (-93.633222309123 41.588012817375)
2014796856,201401869,04/29/2014,04-April,3-Tuesday,14:30,1400 Hours,District 1 (Central),OGDEN,BOONE,US 30,US 30/220TH ST,Non-collision events:  Overturn/rollover,On Roadway,Non-collision (single vehicle),Ran off road - right,None Indicated,,Daylight,Wet,Rain,None apparent,Non-intersection:  Non-junction/no special feature,Paved,,Property Damage Only,0,0,0,0,0,0,2000,1,1,,POINT (-94.05287347856 42.034410655545)
2014796920,14-016717,04/29/2014,04-April,3-Tuesday,15:06,1500 Hours,District 4 (Southwest),COUNCIL BLUFFS,POTTAWATTAMIE,,27TH AVE,Collision with:  Vehicle in traffic,On Roadway,Rear-end (front to rear),Followed too close,None Indicated,,Daylight,Dry,Cloudy,None apparent,Non-intersection:  Non-junction/no special feature,Paved,,Property Damage Only,0,0,0,0,0,0,3000,2,2,,POINT (-95.878866310309 41.235153428358)
2014796895,2014004005,04/29/2014,04-April,3-Tuesday,15:45,1500 Hours,District 1 (Central),MARSHALLTOWN,MARSHALL,,W MADISON ST & S 9TH ST,Collision with:  Vehicle in traffic,On Roadway,Broadside (front to side),Made improper turn,None Indicated,,Daylight,Wet,Rain,None apparent,Non-intersection:  Non-junction/no special feature,Paved,,Property Damage Only,0,0,0,0,0,0,2200,2,5,,POINT (-92.927285281227 42.043044666323)
2014796875,01-14-17921,04/29/2014,04-April,3-Tuesday,15:58,1500 Hours,District 6 (East Central),DUBUQUE,DUBUQUE,IA 32,IA 32/IA32 NW ARTERIAL,Collision with:  Animal,On Roadway,Non-collision (single vehicle),Animal,None Indicated,,Daylight,Wet,Rain,"Surface condition (e.g., wet, icy)",Non-intersection:  Non-junction/no special feature,Paved,,Property Damage Only,0,0,0,0,0,0,2500,1,2,,POINT (-90.731754342612 42.522980094672)
2014796776,20140011528,04/29/2014,04-April,3-Tuesday,07:45,0700 Hours,District 1 (Central),DES MOINES,POLK,I-235,I-235,Collision with:  Vehicle in traffic,On Roadway,"Sideswipe, same direction",Other (explain in narrative):  Other,None Indicated,,Daylight,Wet,Cloudy,None apparent,"Interchange-related:  Off-ramp, diverge area",Paved,,Property Damage Only,0,0,0,0,0,0,1500,2,2,,POINT (-93.623156102437 41.595471773454)
2014796739,14-14258,04/29/2014,04-April,3-Tuesday,12:26,1200 Hours,District 5 (Southeast),BURLINGTON,DES MOINES,US 61,US 61 & MT PLEASANT ST,Collision with:  Vehicle in traffic,On Roadway,Rear-end (front to rear),Made improper turn,None Indicated,,Daylight,Dry,Cloudy,None apparent,Intersection:  Four-way intersection,Paved,,Property Damage Only,0,0,0,0,0,0,2000,2,2,,POINT (-91.141361728144 40.825883391691)
2014796921,14-016765,04/29/2014,04-April,3-Tuesday,19:56,1900 Hours,District 4 (Southwest),COUNCIL BLUFFS,POTTAWATTAMIE,,2ND AVE & S 28TH ST,Collision with fixed object:  Utility pole/light support,On Roadway,Non-collision (single vehicle),Swerving/Evasive Action,None Indicated,,Daylight,Wet,Cloudy,None apparent,Non-intersection:  Non-junction/no special feature,Paved,,Property Damage Only,0,0,0,0,0,0,5591,1,2,,POINT (-95.889056770057 41.259818523311)
2014797642,2014026270,04/29/2014,04-April,3-Tuesday,22:02,2200 Hours,District 5 (Southeast),,CLARKE,I-35,I-35,Collision with:  Animal,,,Animal,None Indicated,,,,,,,Paved,,Property Damage Only,0,0,0,0,0,0,2500,1,1,,POINT (-93.79911578266 41.000166184726)
2014797058,S14-4147,04/29/2014,04-April,3-Tuesday,19:15,1900 Hours,District 3 (Northwest),,WOODBURY,,Co Rd K25/PORT NEAL RD,Collision with:  Vehicle in traffic,On Roadway,Rear-end (front to rear),Followed too close,None Indicated,,Daylight,Wet,Rain,None apparent,Non-intersection:  Non-junction/no special feature,Paved,,Possible/Unknown,0,2,0,0,2,0,6200,2,2,,POINT (-96.350431909545 42.359326320881)
2014796911,20140011573,04/29/2014,04-April,3-Tuesday,17:30,1700 Hours,District 1 (Central),DES MOINES,POLK,,E EDISON AVE & SE 14TH CT,Collision with:  Vehicle in traffic,On Roadway,Broadside (front to side),Unknown,None Indicated,,Daylight,Wet,Cloudy,None apparent,Non-intersection:  Non-junction/no special feature,Unpaved,,Possible/Unknown,0,1,0,0,1,0,1500,2,3,,POINT (-93.595688079019 41.571712098533)
2014797838,P14-005029,04/29/2014,04-April,3-Tuesday,04:35,0400 Hours,District 1 (Central),WEBSTER CITY,HAMILTON,,BEACH ST,Collision with:  Animal,On Roadway,Non-collision (single vehicle),Animal,None Indicated,,Dark - roadway lighted,Wet,Cloudy,None apparent,Non-intersection:  Non-junction/no special feature,Paved,,Property Damage Only,0,0,0,0,0,0,1500,1,1,,POINT (-93.835425109658 42.458724603618)