Iowa DOT Case Number,Law Enforcement Case Number,Date of Crash,Month of Crash,Day of Week,Time of Crash,Hour,DOT District,City Name,County Name,Route with System,Location Description,First Harmful Event,Location of First Harmful Event,Manner of Crash/Collision,Major Cause,Drug or Alcohol ,Environmental Conditions,Light Conditions,Surface Conditions,Weather Conditions,Roadway Contribution,Roadway Type,Roadway Surface,Work Zone,Crash Severity,Number of Fatalities,Number of Injuries,Number of Major Injuries,Number of Minor Injuries,Number of Possible Injuries,Number of Unknown Injuries,Amount of Property Damage,Number of Vehicles Involved,Total Number of Occupants,Travel Direction,Location
2014797155,14-001880,04/30/2014,04-April,4-Wednesday,17:11,1700 Hours,District 1 (Central),ANKENY,POLK,IA 415,IA 415/NW POLK CITY DR & NW 94TH AVE,Collision with:  Vehicle in traffic,On Roadway,Broadside (front to side),FTYROW:  Making left turn,None Indicated,,Daylight,Wet,Rain,None apparent,Intersection:  Four-way intersection,Paved,,Possible/Unknown,0,1,0,0,1,0,11500,2,3,,POINT (-93.668276809617 41.731838419696)
2014796899,SO14001004,04/30/2014,04-April,4-Wednesday,06:19,0600 Hours,District 3 (Northwest),,PLYMOUTH,,Co Rd C16/150TH ST & DIAMOND AVE,Collision with:  Animal,,,Animal,None Indicated,,,,,,,Paved,,Property Damage Only,0,0,0,0,0,0,1500,1,1,,POINT (-96.507917171785 42.837204866718)
2014797546,14-041994,04/30/2014,04-April,4-Wednesday,21:39,2100 Hours,District 2 (Northeast),,BLACK HAWK,US 218,US 218,Non-collision events:  Overturn/rollover,Median,Non-collision (single vehicle),Swerving/Evasive Action,None Indicated,,Dark - unknown roadway lighting,Wet,Rain,"Shoulders (none, low, soft, high)",Non-intersection:  Non-junction/no special feature,Paved,,Major Injury,0,2,1,1,0,0,10000,1,2,,POINT (-92.436717968703 42.594517481442)
2014797000,14-0936,04/30/2014,04-April,4-Wednesday,11:28,1100 Hours,District 1 (Central),URBANDALE,POLK,,86TH ST,Collision with:  Vehicle in traffic,On Roadway,Broadside (front to side),FTYROW:  Making left turn,None Indicated,,Daylight,Wet,Rain,None apparent,Intersection:  Four-way intersection,Paved,,Possible/Unknown,0,1,0,0,1,0,23000,3,3,,POINT (-93.736468919628 41.644611430386)
2014796954,14-003461,04/30/2014,04-April,4-Wednesday,20:50,2000 Hours,District 6 (East Central),,DELAWARE,,Co Rd W69/165TH ST,Collision with:  Animal,,,Animal,None Indicated,,,,,,,Paved,,Property Damage Only,0,0,0,0,0,0,2000,1,1,,POINT (-91.523747830898 42.549180153923)
2014798242,14-14466,04/30/2014,04-April,4-Wednesday,16:30,1600 Hours,District 5 (Southeast),BURLINGTON,DES MOINES,,MAIN ST & JEFFERSON ST,Collision with:  Non-motorist (see non-motorist section - NOT a unit),On Roadway,Non-collision (single vehicle),FTYROW:  To pedestrian,None Indicated,,Daylight,Dry,Cloudy,None apparent,Intersection:  Four-way intersection,Paved,,Minor Injury,0,1,0,1,0,0,0,1,1,,POINT (-91.101539760325 40.809732347502)
2014796961,14-14367,04/30/2014,04-April,4-Wednesday,13:02,1300 Hours,District 5 (Southeast),BURLINGTON,DES MOINES,US 34,US 34/SE RAMP,Collision with:  Vehicle in traffic,On Roadway,"Sideswipe, same direction",FTYROW:  From yield sign,None Indicated,,Daylight,Dry,Cloudy,Work Zone (roadway-related),Interchange-related:  On-ramp merge area,Paved,Yes,Property Damage Only,0,0,0,0,0,0,2000,2,2,,POINT (-91.122729627959 40.817150314215)
2014797224,,04/30/2014,04-April,4-Wednesday,15:25,1500 Hours,District 6 (East Central),DE WITT,CLINTON,,1ST ST & 11TH AVE,Collision with:  Vehicle in traffic,On Roadway,Rear-end (front to rear),Followed too close,None Indicated,,Daylight,Dry,Clear,None apparent,Non-intersection:  Non-junction/no special feature,Paved,,Property Damage Only,0,0,0,0,0,0,8050,3,3,,POINT (-90.544522831477 41.815873915277)
2014798816,14-4896,04/30/2014,04-April,4-Wednesday,13:30,1300 Hours,District 3 (Northwest),MAURICE,SIOUX,,2ND ST & MAIN ST,Collision with:  Vehicle in traffic,On Roadway,Rear-end (front to rear),Improper Backing,None Indicated,,Daylight,Wet,Cloudy,None apparent,Non-intersection:  Non-junction/no special feature,Paved,,Property Damage Only,0,0,0,0,0,0,4000,2,2,,POINT (-96.179931111574 42.965631881801)
2014846050,2014026289,04/30/2014,04-April,4-Wednesday,07:10,0700 Hours,District 1 (Central),GRIMES,POLK,IA 44,IA 44/1ST ST,Collision with:  Vehicle in traffic,On Roadway,Rear-end (front to rear),Driver Distraction:  Reaching for object(s)/fallen object(s),None Indicated,,Daylight,Wet,Rain,None apparent,Non-intersection:  Non-junction/no special feature,Paved,,Property Damage Only,0,0,0,0,0,0,2000,2,2,,POINT (-93.779204939674 41.688401377756)
2014797469,14-7916,04/30/2014,04-April,4-Wednesday,08:17,0800 Hours,District 6 (East Central),BETTENDORF,SCOTT,,UTICA RIDGE RD,Collision with:  Vehicle in traffic,On Roadway,Rear-end (front to rear),Lost Control,None Indicated,,Daylight,Dry,Cloudy,Work Zone (roadway-related),Non-intersection:  Non-junction/no special feature,Paved,Yes,Property Damage Only,0,0,0,0,0,0,4000,2,4,,POINT (-90.517196063534 41.556304691227)
2014804934,,04/30/2014,04-April,4-Wednesday,06:24,0600 Hours,District 2 (Northeast),,CHICKASAW,IA 346,IA 346/270TH,Non-collision events:  Overturn/rollover,Roadside,Non-collision (single vehicle),Ran off road - right,None Indicated,,Daylight,Wet,Snow,None apparent,Non-intersection:  Non-junction/no special feature,Paved,,Possible/Unknown,0,1,0,0,1,0,55000,1,1,,POINT (-92.475232290719 42.965380956314)
2014797543,,04/30/2014,04-April,4-Wednesday,05:30,0500 Hours,District 5 (Southeast),,WASHINGTON,IA 22,IA 22,Collision with:  Animal,On Roadway,Non-collision (single vehicle),Animal,None Indicated,,Dawn,Dry,Cloudy,,Non-intersection:  Non-junction/no special feature,Paved,,Property Damage Only,0,0,0,0,0,0,6500,1,1,,POINT (-91.630398057896 41.485853133116)
2014797009,14-016837,04/30/2014,04-April,4-Wednesday,12:37,1200 Hours,District 4 (Southwest),COUNCIL BLUFFS,POTTAWATTAMIE,US 6,US 6/KANESVILLE BLVD & S 1ST ST & HARRISON ST,Collision with:  Vehicle in traffic,On Roadway,Rear-end (front to rear),Followed too close,None Indicated,,Daylight,Wet,Cloudy,None apparent,Non-intersection:  Non-junction/no special feature,Paved,,Property Damage Only,0,0,0,0,0,0,9000,2,3,,POINT (-95.844071603 41.265028355736)
2014796991,20140011665,04/30/2014,04-April,4-Wednesday,15:10,1500 Hours,District 1 (Central),DES MOINES,POLK,,COURT AVE & 4TH ST,Collision with:  Vehicle in traffic,On Roadway,"Sideswipe, same direction",Driving too fast for conditions,None Indicated,,Daylight,Wet,Rain,None apparent,Non-intersection:  Non-junction/no special feature,Paved,,Property Damage Only,0,0,0,0,0,0,4683,2,4,,POINT (-93.621652142046 41.585040515009)
2014799542,,04/30/2014,04-April,4-Wednesday,13:00,1300 Hours,District 6 (East Central),CEDAR RAPIDS,LINN,,BLAIRS FERRY RD NE & CENTER POINT RD NE,Collision with:  Vehicle in traffic,On Roadway,Rear-end (front to rear),Unknown,None Indicated,,Daylight,Dry,Rain,,Intersection:  Four-way intersection,Paved,,Property Damage Only,0,0,0,0,0,0,2000,2,2,,POINT (-91.668302466931 42.034774280173)
2014797011,14-016856,04/30/2014,04-April,4-Wednesday,14:45,1400 Hours,District 4 (Southwest),COUNCIL BLUFFS,POTTAWATTAMIE,US 6,US 6/KANESVILLE BLVD & COLLEGE RD & WASHBOARD RD,Collision with:  Vehicle in traffic,On Roadway,"Angle, oncoming left turn",Other (explain in narrative):  Other,None Indicated,,Daylight,Wet,Cloudy,"Surface condition (e.g., wet, icy)",Intersection:  Four-way intersection,Paved,,Property Damage Only,0,0,0,0,0,0,2000,2,4,,POINT (-95.794169818861 41.279679774085)
2014796957,14-14392,04/30/2014,04-April,4-Wednesday,17:43,1700 Hours,District 5 (Southeast),BURLINGTON,DES MOINES,US 61,US 61 & KIRKWOOD ST,Collision with:  Vehicle in traffic,On Roadway,Broadside (front to side),Ran Traffic Signal,None Indicated,,Daylight,Dry,Cloudy,None apparent,Intersection:  Four-way intersection,Paved,,Property Damage Only,0,0,0,0,0,0,2500,2,3,,POINT (-91.141459572914 40.819831713773)
2014803599,B14-812,04/30/2014,04-April,4-Wednesday,16:56,1600 Hours,District 3 (Northwest),SERGEANT BLUFF,WOODBURY,,1ST ST & GAUL DR,Collision with:  Vehicle in traffic,On Roadway,Rear-end (front to rear),Driving too fast for conditions,None Indicated,,Daylight,Wet,Rain,None apparent,Intersection:  T-intersection,Paved,,Minor Injury,0,2,0,2,0,0,2250,2,3,,POINT (-96.351446151585 42.400510899501)
2014797184,14-002109,04/30/2014,04-April,4-Wednesday,12:52,1200 Hours,District 1 (Central),AMES,STORY,,AIRPORT RD,Collision with:  Vehicle in traffic,On Roadway,"Sideswipe, same direction",FTYROW:  From driveway,None Indicated,,Daylight,Wet,Rain,None apparent,Non-intersection:  Driveway access (within),Paved,,Property Damage Only,0,0,0,0,0,0,3500,2,3,,POINT (-93.614311057891 42.001110276411)
2014801688,,04/30/2014,04-April,4-Wednesday,09:01,0900 Hours,District 5 (Southeast),,MUSCATINE,IA 38,IA 38/IOWA 38 & Co Rd G14/180TH ST,Collision with:  Vehicle in traffic,On Roadway,Broadside (front to side),FTYROW:  From stop sign,None Indicated,,Daylight,Dry,Cloudy,None apparent,Intersection:  Four-way intersection,Paved,,Minor Injury,0,2,0,2,0,0,14000,2,2,,POINT (-91.038958859618 41.478909143319)
2014796966,AP-14-0117,04/30/2014,04-April,4-Wednesday,15:16,1500 Hours,District 6 (East Central),ANAMOSA,JONES,,CHAMBER DR,Collision with:  Vehicle in traffic,On Roadway,Broadside (front to side),FTYROW:  From stop sign,None Indicated,,Daylight,Dry,Cloudy,None apparent,Intersection:  T-intersection,Paved,,Possible/Unknown,0,1,0,0,1,0,3000,2,2,,POINT (-91.264914754006 42.104297077162)
2014797233,,05/01/2014,05-May,5-Thursday,09:50,0900 Hours,District 6 (East Central),CAMANCHE,CLINTON,,WASHINGTON BLVD & 14TH AVE,Collision with:  Vehicle in traffic,On Roadway,Broadside (front to side),FTYROW:  From stop sign,None Indicated,,Daylight,Dry,Cloudy,None apparent,Intersection:  T-intersection,Paved,,Possible/Unknown,0,1,0,0,1,0,3000,2,2,,POINT (-90.260454927401 41.785733867688)
2014796998,20140011732,05/01/2014,05-May,5-Thursday,11:14,1100 Hours,District 1 (Central),DES MOINES,POLK,,MCKINLEY AVE & SW 9TH ST,Collision with:  Vehicle in traffic,On Roadway,Broadside (front to side),Ran Traffic Signal,None Indicated,,Daylight,Dry,Cloudy,None apparent,Intersection:  Four-way intersection,Paved,,Property Damage Only,0,0,0,0,0,0,2000,2,3,,POINT (-93.625749537113 41.540954624824)
2014796990,20140011713,05/01/2014,05-May,5-Thursday,02:00,0200 Hours,District 1 (Central),DES MOINES,POLK,,COURT AVE & 4TH ST,Collision with:  Vehicle in traffic,On Roadway,Rear-end (front to rear),Lost Control,Refused,,Dark - roadway lighted,Wet,Rain,None apparent,Non-intersection:  Non-junction/no special feature,Paved,,Property Damage Only,0,0,0,0,0,0,3000,2,2,,POINT (-93.621675875782 41.585013364078)
2014798687,14-42143,05/01/2014,05-May,5-Thursday,10:22,1000 Hours,District 2 (Northeast),EVANSDALE,BLACK HAWK,,EVANSDALE DR & DORIS DR,Collision with:  Vehicle in traffic,On Roadway,Rear-end (front to rear),Equipment failure,None Indicated,,Daylight,Wet,Cloudy,None apparent,Intersection:  Four-way intersection,Paved,,Possible/Unknown,0,1,0,0,1,0,5400,2,3,,POINT (-92.250682611194 42.459896265436)
2014797103,CL14001305,05/01/2014,05-May,5-Thursday,15:58,1500 Hours,District 6 (East Central),CLINTON,CLINTON,,2ND AVE S & S 6TH ST,Collision with:  Vehicle in traffic,On Roadway,Broadside (front to side),FTYROW:  From stop sign,None Indicated,,Daylight,Dry,Cloudy,None apparent,Intersection:  Four-way intersection,Paved,,Property Damage Only,0,0,0,0,0,0,5300,2,2,,POINT (-90.198946330243 41.844461964624)
2014797475,2014-27466,05/01/2014,05-May,5-Thursday,14:27,1400 Hours,District 6 (East Central),DAVENPORT,SCOTT,,E 28TH ST & JERSEY RIDGE RD,Collision with:  Vehicle in traffic,On Roadway,Rear-end (front to rear),Other (explain in narrative):  Other,None Indicated,,Daylight,Dry,Cloudy,None apparent,Non-intersection:  Non-junction/no special feature,Paved,,Property Damage Only,0,0,0,0,0,0,5500,2,2,,POINT (-90.541753298148 41.548375648752)
2014797655,,05/01/2014,05-May,5-Thursday,15:20,1500 Hours,District 6 (East Central),CAMANCHE,CLINTON,,16TH AVE & 9TH AVE,Collision with:  Parked motor vehicle,On Roadway,Rear-end (front to rear),FTYROW:  From parked position,None Indicated,,Daylight,Dry,Cloudy,None apparent,Intersection:  T-intersection,Paved,,Possible/Unknown,0,2,0,0,2,0,2000,2,4,,POINT (-90.265953804535 41.792529281314)
2014797121,2014004720,05/01/2014,05-May,5-Thursday,00:11,0000 Hours,District 6 (East Central),IOWA CITY,JOHNSON,IA 1,IA 1/E BURLINGTON ST & S GILBERT ST,Collision with:  Vehicle in traffic,On Roadway,Broadside (front to side),Ran Traffic Signal,None Indicated,,Dark - roadway lighted,Wet,Rain,None apparent,Intersection:  Four-way intersection,Paved,,Property Damage Only,0,0,0,0,0,0,7000,2,2,,POINT (-91.530174092462 41.657838131718)
2014797432,14-0950,05/01/2014,05-May,5-Thursday,11:27,1100 Hours,District 1 (Central),URBANDALE,POLK,IA 28,IA 28/MERLE HAY RD,Collision with:  Vehicle in traffic,On Roadway,Rear-end (front to rear),Followed too close,None Indicated,,Daylight,Dry,Cloudy,None apparent,Non-intersection:  Non-junction/no special feature,Paved,,Possible/Unknown,0,1,0,0,1,0,10000,2,2,,POINT (-93.697743728183 41.645789771449)
2014797462,2014-8603,05/01/2014,05-May,5-Thursday,18:27,1800 Hours,District 6 (East Central),,SCOTT,I-80,I-80,Collision with fixed object:  Guardrail - face,Shoulder,Non-collision (single vehicle),Ran off road - left,Refused,,Daylight,Dry,Cloudy,None apparent,Non-intersection:  Non-junction/no special feature,Paved,,Property Damage Only,0,0,0,0,0,0,6500,1,2,,POINT (-90.42652765169 41.597602974248)
2014797142,201406064,05/01/2014,05-May,5-Thursday,16:54,1600 Hours,District 6 (East Central),CEDAR RAPIDS,LINN,,42ND ST NE & EDGEWOOD RD NE,Collision with:  Vehicle in traffic,On Roadway,Rear-end (front to rear),Followed too close,None Indicated,,Daylight,Dry,Cloudy,None apparent,Intersection:  Four-way intersection,Paved,,Property Damage Only,0,0,0,0,0,0,2000,2,2,,POINT (-91.702273095529 42.021761958577)
2014800642,1405011-A,05/01/2014,05-May,5-Thursday,13:19,1300 Hours,District 4 (Southwest),RED OAK,MONTGOMERY,,4TH ST,Collision with fixed object:  Utility pole/light support,On Roadway,Non-collision (single vehicle),Other (explain in narrative):  Other,None Indicated,,Daylight,Dry,Cloudy,None apparent,Non-intersection:  Non-junction/no special feature,Paved,,Property Damage Only,0,0,0,0,0,0,2350,1,1,,POINT (-95.228033501282 41.0037739173)
2014798027,14-020,05/01/2014,05-May,5-Thursday,16:10,1600 Hours,District 3 (Northwest),,CALHOUN,,Co Rd D53/330TH ST & Co Rd P21/ZEARING AVE,Collision with:  Vehicle in traffic,On Roadway,Broadside (front to side),Ran Stop Sign,None Indicated,,Daylight,Dry,Cloudy,None apparent,Intersection:  Four-way intersection,Paved,,Possible/Unknown,0,2,0,0,2,0,31000,2,3,,POINT (-94.416924883563 42.310655794429)
2014797166,20140011768,05/01/2014,05-May,5-Thursday,17:37,1700 Hours,District 1 (Central),DES MOINES,POLK,,PARK AVE,Collision with:  Vehicle in traffic,On Roadway,"Sideswipe, same direction",Other (explain in narrative):  Other,None Indicated,,Daylight,Dry,Cloudy,None apparent,Non-intersection:  Non-junction/no special feature,Paved,,Possible/Unknown,0,2,0,0,2,0,2500,2,4,,POINT (-93.644559985019 41.555433560113)
2014797325,N14000180,05/01/2014,05-May,5-Thursday,07:38,0700 Hours,District 6 (East Central),NORTH LIBERTY,JOHNSON,,FRONT ST & N DUBUQUE ST,Collision with:  Vehicle in traffic,On Roadway,Broadside (front to side),FTYROW:  From stop sign,None Indicated,,Daylight,Dry,Cloudy,None apparent,Intersection:  Four-way intersection,Paved,,Property Damage Only,0,0,0,0,0,0,3000,2,2,,POINT (-91.598005409679 41.74920421289)
2014797473,2014-27444,05/01/2014,05-May,5-Thursday,12:45,1200 Hours,District 6 (East Central),DAVENPORT,SCOTT,,E 35TH ST,Collision with:  Vehicle in traffic,On Roadway,"Angle, oncoming left turn",Followed too close,None Indicated,,Daylight,Dry,Cloudy,None apparent,Non-intersection:  Driveway access (within),Paved,,Property Damage Only,0,0,0,0,0,0,4000,2,3,,POINT (-90.570466540409 41.554786357594)
2014797619,14-0946,05/01/2014,05-May,5-Thursday,07:23,0700 Hours,District 1 (Central),URBANDALE,POLK,,DOUGLAS AVE,Collision with:  Vehicle in traffic,On Roadway,Rear-end (front to rear),Other (explain in narrative):  Other,None Indicated,,Daylight,Wet,Cloudy,None apparent,Non-intersection:  Non-junction/no special feature,Paved,,Property Damage Only,0,0,0,0,0,0,5000,2,2,,POINT (-93.755371724474 41.629374770592)
2014797942,14-13277,05/01/2014,05-May,5-Thursday,21:51,2100 Hours,District 3 (Northwest),SIOUX CITY,WOODBURY,,6TH AVE & S ST AUBIN ST,Collision with:  Parked motor vehicle,Shoulder,"Sideswipe, same direction","Operating vehicle in an reckless, erratic, careless, negligent manner",None Indicated,,Dark - roadway lighted,Dry,Clear,None apparent,Intersection:  Four-way intersection,Paved,,Property Damage Only,0,0,0,0,0,0,10000,2,1,,POINT (-96.356014792655 42.467200113813)
2014798486,14-13232,05/01/2014,05-May,5-Thursday,15:03,1500 Hours,District 3 (Northwest),SIOUX CITY,WOODBURY,I-29,I-29 & IA 376/SINGING HILLS BLVD,Collision with:  Vehicle in traffic,On Roadway,Broadside (front to side),Ran Traffic Signal,None Indicated,,Daylight,Dry,Cloudy,Work Zone (roadway-related),Intersection:  Intersection with ramp,Paved,Yes,Property Damage Only,0,0,0,0,0,0,2000,2,3,,POINT (-96.374096942292 42.434558408114)
2014796987,20140011726,05/01/2014,05-May,5-Thursday,09:37,0900 Hours,District 1 (Central),DES MOINES,POLK,IA 415,IA 415/2ND AVE,Collision with:  Vehicle in traffic,On Roadway,Broadside (front to side),FTYROW:  From driveway,None Indicated,,Daylight,Wet,Rain,None apparent,Non-intersection:  Driveway access (within),Paved,,Possible/Unknown,0,2,0,0,2,0,22000,3,3,,POINT (-93.619907012184 41.62833865198)
2014797899,2014-27443,05/01/2014,05-May,5-Thursday,12:31,1200 Hours,District 6 (East Central),DAVENPORT,SCOTT,,W 4TH ST & WESTERN AVE,Collision with:  Vehicle in traffic,On Roadway,Broadside (front to side),FTYROW:  From stop sign,None Indicated,,Daylight,Dry,Clear,None apparent,Intersection:  Other intersection (explain in narrative),Paved,,Property Damage Only,0,0,0,0,0,0,5000,2,2,,POINT (-90.581463903191 41.523531906805)
2014797123,2014004747,05/01/2014,05-May,5-Thursday,15:54,1500 Hours,District 6 (East Central),IOWA CITY,JOHNSON,,MELROSE AVE,Collision with:  Vehicle in traffic,On Roadway,"Angle, oncoming left turn",FTYROW:  Making left turn,None Indicated,,Daylight,Dry,Cloudy,None apparent,Non-intersection:  Driveway access (within),Paved,,Property Damage Only,0,0,0,0,0,0,4500,2,2,,POINT (-91.580802520106 41.657033423941)
2014797647,,05/01/2014,05-May,5-Thursday,21:00,2100 Hours,District 5 (Southeast),,VAN BUREN,,Co Rd V64/RTE V64,Collision with:  Animal,On Roadway,Non-collision (single vehicle),Animal,None Indicated,,Dark - roadway not lighted,Dry,Cloudy,,Non-intersection:  Non-junction/no special feature,Paved,,Property Damage Only,0,0,0,0,0,0,3477,1,1,,POINT (-92.085633958109 40.747321213717)
2014797192,S14-4219,05/01/2014,05-May,5-Thursday,21:38,2100 Hours,District 3 (Northwest),,WOODBURY,IA 141,IA 141/IOWA 141,Collision with:  Animal,,,Animal,None Indicated,,,,,,,Paved,,Property Damage Only,0,0,0,0,0,0,5000,1,1,,POINT (-95.95358478832 42.233541486191)
2014796972,201406034,05/01/2014,05-May,5-Thursday,08:00,0800 Hours,District 6 (East Central),CEDAR RAPIDS,LINN,,MT VERNON RD SE & 9TH AVE SE & 14TH ST SE,Collision with:  Vehicle in traffic,On Roadway,Rear-end (front to rear),Lost Control,None Indicated,,Daylight,Wet,Cloudy,None apparent,Non-intersection:  Non-junction/no special feature,Paved,,Property Damage Only,0,0,0,0,0,0,6800,2,3,,POINT (-91.652001434047 41.977762627291)
2014796988,20140011739,05/01/2014,05-May,5-Thursday,12:49,1200 Hours,District 1 (Central),DES MOINES,POLK,,WOODLAND AVE & 31ST ST,Collision with:  Vehicle in traffic,On Roadway,Broadside (front to side),FTYROW:  From stop sign,None Indicated,,Daylight,Dry,Cloudy,None apparent,Intersection:  Four-way intersection,Paved,,Property Damage Only,0,0,0,0,0,0,8500,2,3,,POINT (-93.659341601278 41.588073160539)
2014797152,14-2868,05/01/2014,05-May,5-Thursday,16:00,1600 Hours,District 1 (Central),DES MOINES,POLK,IA 415,IA 415/2ND AVE,Collision with:  Vehicle in traffic,On Roadway,Rear-end (front to rear),Followed too close,None Indicated,,Daylight,Dry,Cloudy,None apparent,Interchange-related:  On-ramp merge area,Paved,,Property Damage Only,0,0,0,0,0,0,4000,2,2,,POINT (-93.620119678334 41.678065983963)
2014797189,14-1265,05/01/2014,05-May,5-Thursday,20:15,2000 Hours,District 1 (Central),FORT DODGE,WEBSTER,,1ST AVE S,Collision with:  Vehicle in traffic,On Roadway,"Sideswipe, opposite direction",Other (explain in narrative):  Other,None Indicated,,Dusk,Wet,Cloudy,None apparent,Non-intersection:  Non-junction/no special feature,Paved,,Possible/Unknown,0,1,0,0,1,0,1500,2,3,,POINT (-94.155115540744 42.505254928139)
2014797148,14-017986,05/01/2014,05-May,5-Thursday,20:35,2000 Hours,District 5 (Southeast),MUSCATINE,MUSCATINE,,W 8TH ST,Collision with fixed object:  Other fixed object (explain in narrative),On Roadway,Non-collision (single vehicle),Swerving/Evasive Action,Alcohol (< Statutory),,Dark - roadway lighted,Dry,Clear,None apparent,Non-intersection:  Non-junction/no special feature,Paved,,Major Injury,0,1,1,0,0,0,25550,1,1,,POINT (-91.059501990688 41.417758651523)
2014797425,20140011791,05/01/2014,05-May,5-Thursday,23:07,2300 Hours,District 1 (Central),DES MOINES,POLK,,E LOCUST ST,Collision with:  Vehicle in traffic,On Roadway,"Sideswipe, same direction",Other (explain in narrative):  Other,None Indicated,,Dark - roadway lighted,Dry,Clear,None apparent,Non-intersection:  Non-junction/no special feature,Paved,,Property Damage Only,0,0,0,0,0,0,3000,2,3,,POINT (-93.610815373939 41.58976435675)
2014796983,14-2857,05/01/2014,05-May,5-Thursday,10:26,1000 Hours,District 1 (Central),,POLK,,NE 56TH ST & NE 62ND AVE,Collision with:  Vehicle in traffic,On Roadway,Broadside (front to side),FTYROW:  From stop sign,None Indicated,,Daylight,Dry,Cloudy,None apparent,Intersection:  Four-way intersection,Paved,,Minor Injury,0,1,0,1,0,0,12000,2,2,,POINT (-93.503097007644 41.672990342551)
2014797169,14-1996,05/01/2014,05-May,5-Thursday,17:15,1700 Hours,District 4 (Southwest),WEST DES MOINES,DALLAS,,MILLS CIVIC PKWY,Collision with:  Vehicle in traffic,On Roadway,Rear-end (front to rear),Other (explain in narrative):  Other,None Indicated,,Daylight,Dry,Rain,None apparent,Intersection:  Four-way intersection,Paved,,Property Damage Only,0,0,0,0,0,0,1700,2,3,,POINT (-93.801354571983 41.561716583841)
2014798082,90-14-135,05/01/2014,05-May,5-Thursday,12:05,1200 Hours,District 2 (Northeast),,HUMBOLDT,,Co Rd C49/270TH ST,Collision with:  Vehicle in traffic,On Roadway,"Sideswipe, opposite direction",Ran off road - right,None Indicated,,Daylight,Wet,Rain,None apparent,Non-intersection:  Non-junction/no special feature,Paved,,Possible/Unknown,0,1,0,0,1,0,4000,2,3,,POINT (-94.315399639022 42.6594851548)
2014797151,14-2870,05/01/2014,05-May,5-Thursday,17:15,1700 Hours,District 1 (Central),DES MOINES,POLK,,NW 44TH ST & NW MEREDITH DR,Collision with:  Vehicle in traffic,On Roadway,Rear-end (front to rear),Driver Distraction:  Manual operation of an electronic communication device,None Indicated,,Daylight,Dry,Cloudy,None apparent,Intersection:  T-intersection,Paved,,Major Injury,0,2,1,0,1,0,5000,2,2,,POINT (-93.678161296621 41.64493420254)
2014798530,,05/01/2014,05-May,5-Thursday,15:47,1500 Hours,District 5 (Southeast),FORT MADISON,LEE,,AVE O,Collision with:  Vehicle in traffic,On Roadway,Broadside (front to side),FTYROW:  Making left turn,None Indicated,,Daylight,Dry,Cloudy,None apparent,Non-intersection:  Driveway access (within),Paved,,Possible/Unknown,0,1,0,0,1,0,2000,2,3,,POINT (-91.382698306635 40.624179767866)
2014798155,14-002133,05/01/2014,05-May,5-Thursday,17:53,1700 Hours,District 1 (Central),AMES,STORY,US 69,US 69/S DUFF AVE,Collision with:  Vehicle in traffic,On Roadway,"Sideswipe, same direction",FTYROW:  Other (explain in narrative),None Indicated,,Daylight,Dry,Clear,None apparent,Non-intersection:  Non-junction/no special feature,Paved,,Property Damage Only,0,0,0,0,0,0,2750,2,2,,POINT (-93.610356958461 42.018207878744)
2014797681,CL14001306,05/01/2014,05-May,5-Thursday,17:34,1700 Hours,District 6 (East Central),CLINTON,CLINTON,,S 6TH ST,Collision with:  Vehicle in traffic,On Roadway,Broadside (front to side),FTYROW:  At uncontrolled intersection,None Indicated,,Daylight,Dry,Cloudy,None apparent,Non-intersection:  Non-junction/no special feature,Paved,,Property Damage Only,0,0,0,0,0,0,13500,3,4,,POINT (-90.198882540224 41.837093730085)
2014799017,14-3601,05/01/2014,05-May,5-Thursday,16:07,1600 Hours,District 3 (Northwest),,IDA,,Co Rd D15/130TH ST & EAGLE AVE,Collision with:  Vehicle in traffic,On Roadway,Broadside (front to side),FTYROW:  Making left turn,None Indicated,,Daylight,Dry,Clear,None apparent,Intersection:  Four-way intersection,Paved,,Possible/Unknown,0,1,0,0,1,0,5000,2,2,,POINT (-95.564427176847 42.518244377723)
2014797140,201406045,05/01/2014,05-May,5-Thursday,11:09,1100 Hours,District 6 (East Central),CEDAR RAPIDS,LINN,IA 922,IA 922/1ST AVE E & 19TH ST SE & 19TH ST NE,Collision with:  Vehicle in traffic,On Roadway,Rear-end (front to rear),Followed too close,None Indicated,,Daylight,Dry,Cloudy,None apparent,Non-intersection:  Non-junction/no special feature,Paved,,Property Damage Only,0,0,0,0,0,0,2700,2,3,,POINT (-91.644272978847 41.992721336289)
2014797505,14-13233,05/01/2014,05-May,5-Thursday,06:15,0600 Hours,District 3 (Northwest),SIOUX CITY,WOODBURY,,HAMILTON BLVD,Collision with:  Vehicle in traffic,On Roadway,"Sideswipe, same direction",Crossed centerline (undivided),None Indicated,,Daylight,Dry,Clear,None apparent,Non-intersection:  Non-junction/no special feature,Paved,,Property Damage Only,0,0,0,0,0,0,2000,2,2,,POINT (-96.422858488867 42.497520235513)
2014797649,,05/01/2014,05-May,5-Thursday,12:50,1200 Hours,District 6 (East Central),CEDAR RAPIDS,LINN,IA 922,IA 922/1ST AVE E & 30TH ST DR SE,Collision with:  Vehicle in traffic,On Roadway,Rear-end (front to rear),Unknown,None Indicated,,Daylight,Dry,Cloudy,,Non-intersection:  Non-junction/no special feature,Paved,,Property Damage Only,0,0,0,0,0,0,2500,2,3,,POINT (-91.63487060654 42.007290315265)
2014797141,201406046,05/01/2014,05-May,5-Thursday,11:36,1100 Hours,District 6 (East Central),CEDAR RAPIDS,LINN,IA 922,IA 922/WILLIAMS BLVD & TRENT ST SW,Collision with:  Vehicle in traffic,On Roadway,Broadside (front to side),Ran Traffic Signal,None Indicated,,Daylight,Wet,Rain,None apparent,Intersection:  Four-way intersection,Paved,,Property Damage Only,0,0,0,0,0,0,6500,3,4,,POINT (-91.712370260226 41.960694949804)