Iowa DOT Case Number,Law Enforcement Case Number,Date of Crash,Month of Crash,Day of Week,Time of Crash,Hour,DOT District,City Name,County Name,Route with System,Location Description,First Harmful Event,Location of First Harmful Event,Manner of Crash/Collision,Major Cause,Drug or Alcohol ,Environmental Conditions,Light Conditions,Surface Conditions,Weather Conditions,Roadway Contribution,Roadway Type,Roadway Surface,Work Zone,Crash Severity,Number of Fatalities,Number of Injuries,Number of Major Injuries,Number of Minor Injuries,Number of Possible Injuries,Number of Unknown Injuries,Amount of Property Damage,Number of Vehicles Involved,Total Number of Occupants,Travel Direction,Location
2014797946,14-13374,05/02/2014,05-May,6-Friday,16:47,1600 Hours,District 3 (Northwest),SIOUX CITY,WOODBURY,,STONE PARK BLVD & DOUGLAS ST,Collision with:  Vehicle in traffic,On Roadway,Broadside (front to side),Other (explain in narrative):  Other,None Indicated,,Daylight,Dry,Cloudy,None apparent,Intersection:  Four-way intersection,Paved,,Property Damage Only,0,0,0,0,0,0,8000,2,2,,POINT (-96.406699707689 42.5190186772)
2014802271,2014004798,05/02/2014,05-May,6-Friday,16:59,1600 Hours,District 6 (East Central),IOWA CITY,JOHNSON,,CHURCH ST & LUCAS ST,Collision with:  Vehicle in traffic,On Roadway,Broadside (front to side),Ran Stop Sign,None Indicated,,Daylight,Dry,Cloudy,None apparent,Intersection:  Four-way intersection,Paved,,Property Damage Only,0,0,0,0,0,0,6000,2,2,,POINT (-91.524251225201 41.667912939835)
2014797965,14006167,05/02/2014,05-May,6-Friday,11:25,1100 Hours,District 5 (Southeast),,APPANOOSE,IA 5,IA 5/IOWA 5,Collision with:  Vehicle in traffic,On Roadway,Rear-end (front to rear),Lost Control,None Indicated,,Daylight,Dry,Cloudy,Work Zone (roadway-related),Non-intersection:  Non-junction/no special feature,Paved,Yes,Possible/Unknown,0,1,0,0,1,0,1300,2,3,,POINT (-92.896740818566 40.634891807309)
2014797650,,05/02/2014,05-May,6-Friday,12:00,1200 Hours,District 6 (East Central),CEDAR RAPIDS,LINN,,17TH AVE SW & 2ND ST SW,Collision with:  Vehicle in traffic,On Roadway,Broadside (front to side),Unknown,None Indicated,,Daylight,Dry,Cloudy,,Intersection:  Four-way intersection,Paved,,Property Damage Only,0,0,0,0,0,0,7000,2,3,,POINT (-91.664887032627 41.961260299943)
2014805387,,05/02/2014,05-May,6-Friday,10:44,1000 Hours,District 2 (Northeast),DECORAH,WINNESHIEK,,W MAIN ST & WINNEBAGO ST,Collision with:  Vehicle in traffic,On Roadway,"Sideswipe, same direction",FTYROW:  Other (explain in narrative),None Indicated,,Daylight,Dry,Clear,None apparent,Non-intersection:  Non-junction/no special feature,Paved,,Property Damage Only,0,0,0,0,0,0,1500,2,2,,POINT (-91.787177861376 43.303275193967)
2014811578,142243,05/02/2014,05-May,6-Friday,22:20,2200 Hours,District 1 (Central),,HARDIN,,Co Rd S56/CO HWY S56,Collision with:  Animal,,,Animal,None Indicated,,,,,,,Paved,,Property Damage Only,0,0,0,0,0,0,2500,1,1,,POINT (-93.05164864023 42.466999013673)
2014797392,14-001903,05/02/2014,05-May,6-Friday,16:22,1600 Hours,District 1 (Central),ANKENY,POLK,,SE DELAWARE AVE,Collision with:  Vehicle in traffic,On Roadway,Rear-end (front to rear),Other (explain in narrative):  Other,None Indicated,,Daylight,Dry,Clear,None apparent,Non-intersection:  Non-junction/no special feature,Paved,,Property Damage Only,0,0,0,0,0,0,2000,2,2,,POINT (-93.581079806259 41.730853324036)
2014797344,14008740,05/02/2014,05-May,6-Friday,18:46,1800 Hours,District 6 (East Central),MARION,LINN,US 151,US 151/DUBUQUE RD & IA 13/IOWA 13 & 10TH AVE,Collision with:  Vehicle in traffic,On Roadway,Rear-end (front to rear),Other (explain in narrative):  No improper action,None Indicated,,Daylight,Dry,Cloudy,None apparent,Intersection:  Four-way intersection,Paved,,Possible/Unknown,0,1,0,0,1,0,3000,2,2,,POINT (-91.550298562772 42.035721923027)
2014797651,,05/02/2014,05-May,6-Friday,10:20,1000 Hours,District 6 (East Central),CEDAR RAPIDS,LINN,IA 922,IA 922/1ST AVE E & 13TH ST SE & COLLEGE DR NE,Collision with:  Vehicle in traffic,On Roadway,Rear-end (front to rear),Unknown,None Indicated,,Daylight,Dry,Clear,,Intersection:  Four-way intersection,Paved,,Property Damage Only,0,0,0,0,0,0,2900,2,3,,POINT (-91.655577018921 41.98623458299)
2014797289,01-14-18299,05/02/2014,05-May,6-Friday,07:37,0700 Hours,District 6 (East Central),DUBUQUE,DUBUQUE,,JACKSON ST,Collision with:  Non-motorist (see non-motorist section - NOT a unit),On Roadway,Non-collision (single vehicle),Other (explain in narrative):  No improper action,None Indicated,,Daylight,Dry,Cloudy,None apparent,Non-intersection:  Non-junction/no special feature,Paved,,Minor Injury,0,1,0,1,0,0,0,1,1,,POINT (-90.667367267839 42.509854106029)
2014797966,14006183,05/02/2014,05-May,6-Friday,15:41,1500 Hours,District 5 (Southeast),CENTERVILLE,APPANOOSE,,W WASHINGTON ST & N 10TH ST,Collision with:  Vehicle in traffic,On Roadway,Broadside (front to side),FTYROW:  From stop sign,None Indicated,,Daylight,Dry,Clear,None apparent,Intersection:  Four-way intersection,Paved,,Property Damage Only,0,0,0,0,0,0,6500,2,2,,POINT (-92.876451208239 40.73594982051)
2014797245,W14-042644,05/02/2014,05-May,6-Friday,15:19,1500 Hours,District 2 (Northeast),WATERLOO,BLACK HAWK,,WILLISTON AVE,Collision with:  Vehicle in traffic,On Roadway,Rear-end (front to rear),Exceeded authorized speed,None Indicated,,Daylight,Dry,Clear,None apparent,Non-intersection:  Non-junction/no special feature,Paved,,Property Damage Only,0,0,0,0,0,0,3500,2,3,,POINT (-92.348062569885 42.483924802468)
2014797341,201406105,05/02/2014,05-May,6-Friday,16:42,1600 Hours,District 6 (East Central),CEDAR RAPIDS,LINN,,4TH AVE SE & 3RD ST SE,Collision with:  Vehicle in traffic,On Roadway,Rear-end (front to rear),Other (explain in narrative):  Other,None Indicated,,Daylight,Dry,Clear,None apparent,Non-intersection:  Non-junction/no special feature,Paved,,Property Damage Only,0,0,0,0,0,0,3000,2,3,,POINT (-91.664972698825 41.976806435698)
2014807645,14-003124,05/02/2014,05-May,6-Friday,07:05,0700 Hours,District 4 (Southwest),PERRY,DALLAS,,WARFORD ST & W 5TH ST,Collision with:  Vehicle in traffic,On Roadway,"Sideswipe, opposite direction",Unknown,None Indicated,,Unknown,Unknown,Unknown,Unknown,Non-intersection:  Non-junction/no special feature,Paved,,Property Damage Only,0,0,0,0,0,0,2100,2,1,,POINT (-94.112254991855 41.839551518627)
2014805232,,05/02/2014,05-May,6-Friday,17:15,1700 Hours,District 2 (Northeast),DECORAH,WINNESHIEK,IA 9,IA 9/IOWA 9 & MONTGOMERY ST,Collision with:  Vehicle in traffic,On Roadway,Rear-end (front to rear),Other (explain in narrative):  Other,None Indicated,,Daylight,Dry,Clear,None apparent,Intersection:  Four-way intersection,Paved,,Property Damage Only,0,0,0,0,0,0,4000,2,3,,POINT (-91.768986733429 43.291320967935)
2014797308,01089,05/02/2014,05-May,6-Friday,15:43,1500 Hours,District 6 (East Central),DYERSVILLE,DUBUQUE,,BELTLINE RD & 5TH ST NW,Collision with:  Vehicle in traffic,,,Unknown,None Indicated,,,,,,,Paved,,Property Damage Only,0,0,0,0,0,0,1500,2,2,,POINT (-91.130177439133 42.486734278641)
2014803262,,05/02/2014,05-May,6-Friday,08:06,0800 Hours,District 2 (Northeast),HAMPTON,FRANKLIN,,4TH AVE SW & 4TH AVE SE & FEDERAL ST S,Collision with:  Vehicle in traffic,On Roadway,Broadside (front to side),FTYROW:  At uncontrolled intersection,None Indicated,,Daylight,Dry,Clear,None apparent,Intersection:  Four-way intersection,Paved,,Property Damage Only,0,0,0,0,0,0,10203,2,3,,POINT (-93.207419080307 42.738165109408)
2014797565,2014-2239,05/02/2014,05-May,6-Friday,17:56,1700 Hours,District 1 (Central),,HARDIN,,CO HWY D15,Collision with fixed object:  Ditch,Shoulder,Non-collision (single vehicle),Ran off road - right,None Indicated,,Daylight,Dry,Clear,None apparent,Non-intersection:  Non-junction/no special feature,Paved,,Minor Injury,0,1,0,1,0,0,10000,1,1,,POINT (-93.092549980687 42.528663577889)
2014798186,2014026829,05/02/2014,05-May,6-Friday,13:30,1300 Hours,District 2 (Northeast),,ALLAMAKEE,,LUSTER HEIGHTS RD,Non-collision events:  Overturn/rollover,On Roadway,Non-collision (single vehicle),Driving too fast for conditions,None Indicated,,Daylight,"Mud, dirt",Cloudy,None apparent,Non-intersection:  Non-junction/no special feature,Unpaved,,Fatal,1,0,0,0,0,0,5000,1,1,,POINT (-91.187228494836 43.124082655656)
2014797621,14-0958,05/02/2014,05-May,6-Friday,10:42,1000 Hours,District 1 (Central),URBANDALE,POLK,,DOUGLAS AVE,Collision with:  Vehicle in traffic,On Roadway,"Sideswipe, same direction",Improper or erratic lane changing,None Indicated,,Daylight,Dry,Clear,None apparent,Intersection:  Four-way intersection,Paved,,Possible/Unknown,0,1,0,0,1,0,3000,3,4,,POINT (-93.735189412495 41.629235407955)
2014797408,20140011923,05/02/2014,05-May,6-Friday,22:35,2200 Hours,District 1 (Central),DES MOINES,POLK,,MAXWELTON DR,Collision with:  Non-motorist (see non-motorist section - NOT a unit),On Roadway,Non-collision (single vehicle),FTYROW:  Making left turn,None Indicated,,Dark - roadway lighted,Dry,Cloudy,None apparent,Intersection:  T-intersection,Paved,,Possible/Unknown,0,1,0,0,1,0,0,1,1,,POINT (-93.625607832054 41.543666600822)
2014799818,14C01956,05/02/2014,05-May,6-Friday,00:30,0000 Hours,District 4 (Southwest),CRESTON,UNION,,N ELM ST,Collision with:  Vehicle in traffic,On Roadway,Rear-end (front to rear),Unknown,None Indicated,,Dark - roadway not lighted,Dry,Clear,None apparent,Non-intersection:  Non-junction/no special feature,Paved,,Property Damage Only,0,0,0,0,0,0,2000,2,1,,POINT (-94.363847599878 41.06005712999)
2014797309,1091,05/02/2014,05-May,6-Friday,20:50,2000 Hours,District 6 (East Central),DYERSVILLE,DUBUQUE,US 20,US 20,Collision with:  Animal,,Non-collision (single vehicle),Animal,None Indicated,,,,,,,Paved,,Property Damage Only,0,0,0,0,0,0,4000,1,1,,POINT (-91.093676003504 42.469490654926)
2014797435,14-0962,05/02/2014,05-May,6-Friday,15:59,1500 Hours,District 1 (Central),URBANDALE,POLK,I-35,I-35,Collision with:  Vehicle in traffic,On Roadway,"Sideswipe, same direction",Lost Control,None Indicated,,Daylight,Dry,Cloudy,None apparent,Interchange-related:  Off-ramp,Paved,,Property Damage Only,0,0,0,0,0,0,4000,2,2,,POINT (-93.776930772066 41.635184801874)
2014797417,20140011860,05/02/2014,05-May,6-Friday,15:03,1500 Hours,District 1 (Central),DES MOINES,POLK,,6TH AVE,Collision with:  Vehicle in traffic,On Roadway,Rear-end (front to rear),Followed too close,None Indicated,,Daylight,Dry,Cloudy,None apparent,Non-intersection:  Other non-intersection (explain in narrative),Paved,,Property Damage Only,0,0,0,0,0,0,3500,2,3,,POINT (-93.625312334363 41.613744732833)
2014797093,14042544,05/02/2014,05-May,6-Friday,10:13,1000 Hours,District 2 (Northeast),CEDAR FALLS,BLACK HAWK,,IDAHO RD & TUCSON DR,Collision with:  Vehicle in traffic,On Roadway,Head-on (front to front),Unknown,None Indicated,,Daylight,Dry,Cloudy,None apparent,Intersection:  Four-way intersection,Paved,,Possible/Unknown,0,1,0,0,1,0,10100,2,2,,POINT (-92.439843917291 42.512166142771)
2014797418,20140011887,05/02/2014,05-May,6-Friday,16:32,1600 Hours,District 1 (Central),DES MOINES,POLK,I-235,I-235 & KEOSAUQUA WAY,Collision with:  Vehicle in traffic,On Roadway,Rear-end (front to rear),Followed too close,None Indicated,,Daylight,Wet,Rain,None apparent,Interchange-related:  On-ramp merge area,Paved,,Property Damage Only,0,0,0,0,0,0,3500,2,2,,POINT (-93.635988382749 41.596023002667)
2014797434,14-0960,05/02/2014,05-May,6-Friday,14:55,1400 Hours,District 1 (Central),URBANDALE,POLK,,DOUGLAS AVE,Collision with:  Vehicle in traffic,On Roadway,Rear-end (front to rear),Other (explain in narrative):  Other,None Indicated,,Daylight,Dry,Cloudy,None apparent,Non-intersection:  Driveway access (within),Paved,,Property Damage Only,0,0,0,0,0,0,7250,3,4,,POINT (-93.705634790847 41.62942963919)
2014844631,2014-001150,05/02/2014,05-May,6-Friday,19:16,1900 Hours,District 2 (Northeast),,ALLAMAKEE,IA 76,IA 76/IOWA 76,Collision with:  Animal,,,Animal,None Indicated,,,,,,,Paved,,Property Damage Only,0,0,0,0,0,0,8000,1,1,,POINT (-91.459448875912 43.231157185498)
2014797643,2014026768,05/02/2014,05-May,6-Friday,10:09,1000 Hours,District 5 (Southeast),,WAYNE,IA 14,IA 14/IOWA 14,Collision with:  Animal,,,Animal,None Indicated,,,,,,,Paved,,Property Damage Only,0,0,0,0,0,0,2000,1,1,,POINT (-93.318516345749 40.831094208876)
2014797547,14-42724,05/02/2014,05-May,6-Friday,18:55,1800 Hours,District 2 (Northeast),,BLACK HAWK,,Co Rd T75/N UNION RD,Collision with:  Animal,,,Animal,None Indicated,,,,,,,Paved,,Property Damage Only,0,0,0,0,0,0,5000,1,1,,POINT (-92.506521683957 42.574621556321)
2014797501,14-1290,05/03/2014,05-May,7-Saturday,16:00,1600 Hours,District 1 (Central),FORT DODGE,WEBSTER,,1ST AVE S,Collision with:  Vehicle in traffic,On Roadway,"Sideswipe, same direction",Lost Control,None Indicated,,Daylight,Dry,Cloudy,None apparent,Non-intersection:  Non-junction/no special feature,Paved,,Property Damage Only,0,0,0,0,0,0,4000,2,4,,POINT (-94.156308767075 42.50527891738)
2014801369,2014-28034,05/03/2014,05-May,7-Saturday,14:20,1400 Hours,District 6 (East Central),DAVENPORT,SCOTT,,FAIRMOUNT ST & WAVERLY RD,Non-collision events:  Other non-collision (explain in narrative),On Roadway,Non-collision (single vehicle),Lost Control,None Indicated,,Daylight,Dry,Cloudy,None apparent,Non-intersection:  Non-junction/no special feature,Paved,,Minor Injury,0,1,0,1,0,0,3000,1,1,,POINT (-90.629762087603 41.534994552704)
2014797405,20140011953,05/03/2014,05-May,7-Saturday,01:00,0100 Hours,District 1 (Central),DES MOINES,POLK,,E 16TH ST,Collision with:  Parked motor vehicle,On Roadway,Rear-end (front to rear),Unknown,None Indicated,,Dark - unknown roadway lighting,Dry,Unknown,Unknown,Non-intersection:  Non-junction/no special feature,Paved,,Property Damage Only,0,0,0,0,0,0,1800,2,777,,POINT (-93.595114848698 41.60464559809)
2014797967,14006271,05/03/2014,05-May,7-Saturday,23:41,2300 Hours,District 5 (Southeast),,APPANOOSE,,160TH AVE,Collision with fixed object:  Tree,Outside trafficway,Non-collision (single vehicle),Ran off road - right,None Indicated,,Dark - roadway not lighted,Dry,Clear,None apparent,Non-intersection:  Non-junction/no special feature,Paved,,Property Damage Only,0,0,0,0,0,0,6000,1,2,,POINT (-92.971028807588 40.87823915566)
2014797654,,05/03/2014,05-May,7-Saturday,23:32,2300 Hours,District 6 (East Central),CAMANCHE,CLINTON,,21ST AVE,Collision with:  Parked motor vehicle,On Roadway,Rear-end (front to rear),Driver Distraction:  Manual operation of an electronic communication device,None Indicated,,Dark - roadway not lighted,Dry,Unknown,None apparent,Non-intersection:  Non-junction/no special feature,Paved,,Possible/Unknown,0,1,0,0,1,0,2000,2,1,,POINT (-90.271009104496 41.787119984297)
2014801079,2014-28112,05/03/2014,05-May,7-Saturday,19:40,1900 Hours,District 6 (East Central),DAVENPORT,SCOTT,,W 16TH ST & GAINES ST,Collision with:  Vehicle in traffic,On Roadway,Broadside (front to side),Ran Stop Sign,None Indicated,,Dark - roadway lighted,Dry,Clear,None apparent,Intersection:  Four-way intersection,Paved,,Property Damage Only,0,0,0,0,0,0,8500,3,777,,POINT (-90.582827206835 41.536160574878)
2014797355,14090,05/03/2014,05-May,7-Saturday,16:38,1600 Hours,District 5 (Southeast),PELLA,MARION,,LIBERTY ST & BROADWAY ST,Collision with:  Vehicle in traffic,On Roadway,Broadside (front to side),FTYROW:  From driveway,None Indicated,,Daylight,Dry,Cloudy,None apparent,Non-intersection:  Driveway access (within),Paved,,Property Damage Only,0,0,0,0,0,0,3000,2,2,,POINT (-92.918309875165 41.405371935146)
2014798757,14-6009,05/03/2014,05-May,7-Saturday,13:43,1300 Hours,District 6 (East Central),SABULA,JACKSON,IA 64,IA 64/HWY 64,Collision with:  Vehicle in traffic,Outside trafficway,"Angle, oncoming left turn",Crossed centerline (undivided),None Indicated,,Daylight,Dry,Clear,None apparent,Non-intersection:  Driveway access (within),Paved,,Possible/Unknown,0,1,0,0,1,0,4500,2,2,,POINT (-90.223102330359 42.070603155042)
2014804944,,05/03/2014,05-May,7-Saturday,23:52,2300 Hours,District 5 (Southeast),,MUSCATINE,US 61,US 61,Collision with:  Animal,On Roadway,Non-collision (single vehicle),Animal,None Indicated,,Dark - roadway not lighted,Dry,Clear,None apparent,Non-intersection:  Non-junction/no special feature,Paved,,Property Damage Only,0,0,0,0,0,0,6500,1,3,,POINT (-91.191379084294 41.344194634216)
2014803049,140503BVZ01,05/03/2014,05-May,7-Saturday,01:57,0100 Hours,District 3 (Northwest),ALTON,SIOUX,,10TH ST,Collision with:  Parked motor vehicle,On Roadway,Unknown,FTYROW:  Other (explain in narrative),None Indicated,,Dark - roadway lighted,Dry,Clear,None apparent,Non-intersection:  Non-junction/no special feature,Paved,,Property Damage Only,0,0,0,0,0,0,2550,2,1,,POINT (-96.009926938718 42.986998781902)
2014797333,14-012705,05/03/2014,05-May,7-Saturday,17:53,1700 Hours,District 5 (Southeast),,LEE,,Co Rd X28/MISSISSIPPI RIVER RD,Collision with fixed object:  Ditch,On Roadway,Non-collision (single vehicle),Ran off road - right,None Indicated,,Daylight,Dry,Clear,None apparent,Non-intersection:  Non-junction/no special feature,Paved,,Minor Injury,0,1,0,1,0,0,5000,1,1,,POINT (-91.377335998757 40.481141642272)
2014797627,14-0488,05/03/2014,05-May,7-Saturday,11:06,1100 Hours,District 1 (Central),PLEASANT HILL,POLK,IA 163,IA 163/E UNIVERSITY AVE/NE UNIVERSITY AVE & NE 70TH ST,Collision with:  Vehicle in traffic,On Roadway,"Angle, oncoming left turn",Unknown,None Indicated,,Daylight,Dry,Cloudy,None apparent,Intersection:  Four-way intersection,Paved,,Possible/Unknown,0,1,0,0,1,0,3500,2,3,,POINT (-93.469442048788 41.599426781373)
2014802272,2014004844,05/03/2014,05-May,7-Saturday,09:45,0900 Hours,District 6 (East Central),IOWA CITY,JOHNSON,US 218,US 218/NE RAMP CURV/SE RAMP CURV & MELROSE AVE,Collision with:  Vehicle in traffic,On Roadway,"Sideswipe, same direction",Followed too close,None Indicated,,Daylight,Dry,Clear,None apparent,Intersection:  Intersection with ramp,Paved,,Property Damage Only,0,0,0,0,0,0,1500,2,2,,POINT (-91.595730313281 41.657063686956)
2014802804,140503BJ01,05/03/2014,05-May,7-Saturday,14:45,1400 Hours,District 3 (Northwest),ORANGE CITY,SIOUX,IA 10,IA 10/8TH ST SW/8TH ST SE & ALBANY AVE SE & ALBANY PL SE,Collision with:  Vehicle in traffic,On Roadway,Rear-end (front to rear),Lost Control,None Indicated,,Daylight,Dry,Cloudy,None apparent,Intersection:  Four-way intersection,Paved,,Property Damage Only,0,0,0,0,0,0,2800,2,2,,POINT (-96.056822887198 42.997532300637)
2014797347,14008796,05/03/2014,05-May,7-Saturday,10:55,1000 Hours,District 6 (East Central),MARION,LINN,,7TH AVE & 9TH ST,Collision with:  Vehicle in traffic,On Roadway,"Angle, oncoming left turn",FTYROW:  Making left turn,None Indicated,,Daylight,Dry,Cloudy,None apparent,Intersection:  Four-way intersection,Paved,,Possible/Unknown,0,1,0,0,1,0,6200,2,6,,POINT (-91.600535540661 42.033346451447)
2014797558,14006819,05/03/2014,05-May,7-Saturday,00:31,0000 Hours,District 2 (Northeast),MASON CITY,CERRO GORDO,,8TH PL & S JERSEY AVE,Collision with fixed object:  Tree,On Roadway,Non-collision (single vehicle),Equipment failure,None Indicated,,Dark - roadway lighted,Dry,Clear,None apparent,Intersection:  Other intersection (explain in narrative),Paved,,Possible/Unknown,0,1,0,0,1,0,4500,1,1,,POINT (-93.197260547942 43.143182037569)
2014801370,2014-28109,05/03/2014,05-May,7-Saturday,19:51,1900 Hours,District 6 (East Central),DAVENPORT,SCOTT,,W 8TH ST & N DIVISION ST,Collision with:  Vehicle in traffic,On Roadway,Rear-end (front to rear),Followed too close,None Indicated,,Dusk,Dry,Cloudy,None apparent,Non-intersection:  Non-junction/no special feature,Paved,,Property Damage Only,0,0,0,0,0,0,2000,2,3,,POINT (-90.601152081441 41.527808266254)
2014797502,14-1284,05/03/2014,05-May,7-Saturday,12:20,1200 Hours,District 1 (Central),FORT DODGE,WEBSTER,,S 32ND ST,Collision with:  Vehicle in traffic,On Roadway,"Angle, oncoming left turn",FTYROW:  Making left turn,None Indicated,,Daylight,Dry,Cloudy,None apparent,Non-intersection:  Driveway access (within),Paved,,Property Damage Only,0,0,0,0,0,0,6000,2,3,,POINT (-94.149665430003 42.502076686076)
2014798138,2014-4466,05/03/2014,05-May,7-Saturday,21:26,2100 Hours,District 3 (Northwest),,SAC,US 20,US 20,Collision with:  Animal,,,Animal,None Indicated,,,,,,,Paved,,Property Damage Only,0,0,0,0,0,0,2000,1,1,,POINT (-95.01260228116 42.453615590754)
2014798062,14-003253,05/03/2014,05-May,7-Saturday,01:00,0100 Hours,District 2 (Northeast),,CLAYTON,IA 13,IA 13/IOWA 13,Collision with:  Animal,,,Animal,None Indicated,,,,,,,Paved,,Property Damage Only,0,0,0,0,0,0,5000,1,1,,POINT (-91.481587631286 42.758526376738)
2014797403,20140011946,05/03/2014,05-May,7-Saturday,08:15,0800 Hours,District 1 (Central),DES MOINES,POLK,,JEFFERSON AVE & 30TH ST,Collision with fixed object:  Utility pole/light support,Shoulder,Non-collision (single vehicle),Ran off road - right,None Indicated,,Daylight,Dry,Clear,None apparent,Non-intersection:  Non-junction/no special feature,Paved,,Property Damage Only,0,0,0,0,0,0,6000,1,1,,POINT (-93.658492024965 41.610722196552)
2014798233,14-006121,05/03/2014,05-May,7-Saturday,18:44,1800 Hours,District 3 (Northwest),,CLAY,,Co Rd B53/430TH ST,Collision with fixed object:  Ditch,On Roadway,Non-collision (single vehicle),Ran off road - right,None Indicated,,Daylight,Dry,Clear,None apparent,Non-intersection:  Non-junction/no special feature,Paved,,Property Damage Only,0,0,0,0,0,0,8700,1,1,,POINT (-95.007402815407 43.02466346312)
2014797837,14004583,05/03/2014,05-May,7-Saturday,01:00,0100 Hours,District 2 (Northeast),,FAYETTE,,HEMLOCK RD,Non-collision events:  Overturn/rollover,Shoulder,Non-collision (single vehicle),Ran off road - right,None Indicated,,Dark - roadway not lighted,"Mud, dirt",Clear,None apparent,Non-intersection:  Non-junction/no special feature,Unpaved,,Possible/Unknown,0,1,0,0,1,0,5000,1,2,,POINT (-91.782283407753 42.838627569746)
2014797679,14-4583,05/03/2014,05-May,7-Saturday,13:25,1300 Hours,District 3 (Northwest),CARROLL,CARROLL,,WEST ST,Collision with:  Vehicle in traffic,On Roadway,Broadside (front to side),FTYROW:  From driveway,None Indicated,,Daylight,Dry,Clear,None apparent,Non-intersection:  Driveway access (within),Paved,,Property Damage Only,0,0,0,0,0,0,2000,2,6,,POINT (-94.870207602119 42.069643960119)
2014797288,14-620,05/03/2014,05-May,7-Saturday,17:11,1700 Hours,District 3 (Northwest),SPIRIT LAKE,DICKINSON,US 71,US 71 & LAKE ST,Collision with:  Vehicle in traffic,On Roadway,Rear-end (front to rear),Followed too close,None Indicated,,Daylight,Dry,Clear,None apparent,Intersection:  T-intersection,Paved,,Property Damage Only,0,0,0,0,0,0,5000,2,3,,POINT (-95.093907198726 43.423941770696)
2014798292,14-001856,05/03/2014,05-May,7-Saturday,02:00,0200 Hours,District 3 (Northwest),GEORGE,LYON,,E MINNESOTA AVE & S VIRGINIA ST,Collision with fixed object:  Other fixed object (explain in narrative),Shoulder,Non-collision (single vehicle),Crossed centerline (undivided),Refused,,Dark - roadway lighted,Dry,Clear,None apparent,Intersection:  Four-way intersection,Paved,,Property Damage Only,0,0,0,0,0,0,11000,1,1,,POINT (-95.998434439935 43.342545514086)
2014797636,2014-0146,05/03/2014,05-May,7-Saturday,23:13,2300 Hours,District 5 (Southeast),NORWALK,WARREN,IA 28,IA 28/IOWA 28 & BEARDSLEY ST,Collision with fixed object:  Traffic sign support,On Roadway,Non-collision (single vehicle),Crossed centerline (undivided),None Indicated,,Dark - roadway lighted,Dry,Clear,None apparent,Non-intersection:  Driveway access (within),Paved,,Property Damage Only,0,0,0,0,0,0,3500,1,2,,POINT (-93.674147745204 41.496995437597)
2014797404,20140011949,05/03/2014,05-May,7-Saturday,00:01,0000 Hours,District 1 (Central),DES MOINES,POLK,,GARFIELD AVE,Collision with:  Vehicle in traffic,On Roadway,Unknown,Illegally Parked/Unattended,None Indicated,,Dark - roadway lighted,Dry,Cloudy,None apparent,Non-intersection:  Non-junction/no special feature,Paved,,Property Damage Only,0,0,0,0,0,0,5000,2,1,,POINT (-93.557313005754 41.603276813128)
2014797635,891402792,05/03/2014,05-May,7-Saturday,21:30,2100 Hours,District 5 (Southeast),,VAN BUREN,,Co Rd J16/RTE J16 & NOVA AVE,Collision with:  Animal,On Roadway,Non-collision (single vehicle),Animal,None Indicated,,Dark - roadway not lighted,Dry,Clear,None apparent,Non-intersection:  Non-junction/no special feature,Paved,,Minor Injury,0,1,0,1,0,0,3000,1,1,,POINT (-91.914285844952 40.857062049717)
2014798536,,05/03/2014,05-May,7-Saturday,23:47,2300 Hours,District 2 (Northeast),,FLOYD,IA 14,IA 14/7 MILE RD,Collision with:  Animal,On Roadway,Non-collision (single vehicle),Animal,None Indicated,,Dark - roadway not lighted,Dry,Clear,None apparent,Non-intersection:  Non-junction/no special feature,Paved,,Property Damage Only,0,0,0,0,0,0,3500,1,2,,POINT (-92.741799357241 43.060071370027)
2014811793,E14032212,05/03/2014,05-May,7-Saturday,22:10,2200 Hours,District 2 (Northeast),,FRANKLIN,US 65,US 65,Collision with:  Animal,,,Animal,None Indicated,,,,,,,Paved,,Property Damage Only,0,0,0,0,0,0,3500,1,1,,POINT (-93.202265778235 42.802716376631)
2014797247,W14-042993,05/03/2014,05-May,7-Saturday,11:18,1100 Hours,District 2 (Northeast),WATERLOO,BLACK HAWK,,SOUTHBROOKE DR & W 9TH ST,Collision with:  Vehicle in traffic,On Roadway,Broadside (front to side),Ran Stop Sign,None Indicated,,Daylight,Dry,Clear,None apparent,Intersection:  T-intersection,Paved,,Property Damage Only,0,0,0,0,0,0,3300,2,2,,POINT (-92.348809274725 42.458847692603)
2014797672,14-106,05/03/2014,05-May,7-Saturday,00:00,0000 Hours,District 2 (Northeast),WAVERLY,BREMER,,ROUNDHORN ST,Collision with:  Parked motor vehicle,On Roadway,"Sideswipe, same direction",Lost Control,None Indicated,,Dark - roadway not lighted,Dry,Clear,None apparent,Non-intersection:  Non-junction/no special feature,Paved,,Property Damage Only,0,0,0,0,0,0,4500,2,1,,POINT (-92.456626217759 42.739774607562)
2014797456,14-017338,05/03/2014,05-May,7-Saturday,15:08,1500 Hours,District 4 (Southwest),COUNCIL BLUFFS,POTTAWATTAMIE,US 6,US 6/W BROADWAY,Collision with:  Vehicle in traffic,On Roadway,Rear-end (front to rear),Followed too close,None Indicated,,Daylight,Dry,Cloudy,None apparent,Non-intersection:  Non-junction/no special feature,Paved,,Property Damage Only,0,0,0,0,0,0,3000,2,2,,POINT (-95.867615418003 41.26187706893)
2014797438,14-0969,05/03/2014,05-May,7-Saturday,15:53,1500 Hours,District 1 (Central),URBANDALE,POLK,,ROSELAND DR,Collision with:  Vehicle in traffic,On Roadway,"Sideswipe, same direction",FTYROW:  From parked position,None Indicated,,Daylight,Dry,Cloudy,None apparent,Non-intersection:  Non-junction/no special feature,Paved,,Property Damage Only,0,0,0,0,0,0,5500,2,3,,POINT (-93.712965202028 41.625727495459)
2014797276,143038,05/03/2014,05-May,7-Saturday,20:30,2000 Hours,District 4 (Southwest),ADEL,DALLAS,US 6,US 6/N AVE,Collision with:  Animal,,Non-collision (single vehicle),Animal,None Indicated,,,,,,,Paved,,Property Damage Only,0,0,0,0,0,0,1500,1,1,,POINT (-94.012879430476 41.599291960934)