Iowa DOT Case Number,Law Enforcement Case Number,Date of Crash,Month of Crash,Day of Week,Time of Crash,Hour,DOT District,City Name,County Name,Route with System,Location Description,First Harmful Event,Location of First Harmful Event,Manner of Crash/Collision,Major Cause,Drug or Alcohol ,Environmental Conditions,Light Conditions,Surface Conditions,Weather Conditions,Roadway Contribution,Roadway Type,Roadway Surface,Work Zone,Crash Severity,Number of Fatalities,Number of Injuries,Number of Major Injuries,Number of Minor Injuries,Number of Possible Injuries,Number of Unknown Injuries,Amount of Property Damage,Number of Vehicles Involved,Total Number of Occupants,Travel Direction,Location
2014798840,2014027119,05/04/2014,05-May,1-Sunday,11:40,1100 Hours,District 4 (Southwest),,POTTAWATTAMIE,I-29,I-29 & I-680,Collision with:  Vehicle in traffic,On Roadway,Rear-end (front to rear),Swerving/Evasive Action,None Indicated,,Daylight,Dry,Severe winds,None apparent,Non-intersection:  Other non-intersection (explain in narrative),Paved,,Major Injury,0,2,1,0,1,0,8000,2,2,,POINT (-95.901173340797 41.494034347684)
2014797256,14-7481,05/04/2014,05-May,1-Sunday,00:00,0000 Hours,District 2 (Northeast),,BREMER,,238TH ST,Collision with fixed object:  Utility pole/light support,On Roadway,Non-collision (single vehicle),Ran off road - right,None Indicated,,Dark - roadway not lighted,Dry,Unknown,None apparent,Non-intersection:  Non-junction/no special feature,Unpaved,,Minor Injury,0,1,0,1,0,0,4000,1,1,,POINT (-92.550694835194 42.70138654065)
2014798092,201401415,05/04/2014,05-May,1-Sunday,13:00,1300 Hours,District 6 (East Central),CENTER POINT,LINN,,Co Rd E2W/URBANA RD,Collision with:  Vehicle in traffic,On Roadway,Broadside (front to side),FTYROW:  From parked position,None Indicated,,Daylight,Dry,Clear,None apparent,Non-intersection:  Driveway access (within),Paved,,Property Damage Only,0,0,0,0,0,0,6000,2,2,,POINT (-91.794137100113 42.191145612677)
2014797486,14S00596,05/04/2014,05-May,1-Sunday,05:26,0500 Hours,District 4 (Southwest),,UNION,,Co Rd P27/HIGH AND DRY RD,Non-collision events:  Other non-collision (explain in narrative),On Roadway,Non-collision (single vehicle),Ran off road - left,None Indicated,,Dawn,Dry,Clear,None apparent,Non-intersection:  Non-junction/no special feature,Paved,,Possible/Unknown,0,1,0,0,1,0,2000,1,1,,POINT (-94.376038042026 40.996271864562)
2014798506,2014027197,05/04/2014,05-May,1-Sunday,23:30,2300 Hours,District 2 (Northeast),,CERRO GORDO,,Co Rd S66/YARROW AVE & 120TH ST,Collision with:  Animal,,,Animal,None Indicated,,,,,,,Paved,,Property Damage Only,0,0,0,0,0,0,2000,1,1,,POINT (-93.044661096656 42.93647986717)
2014799414,2014027094,05/04/2014,05-May,1-Sunday,06:35,0600 Hours,District 6 (East Central),,IOWA,I-80,I-80,Collision with:  Animal,,,Animal,None Indicated,,,,,,,Paved,,Property Damage Only,0,0,0,0,0,0,1500,1,1,,POINT (-92.215320875262 41.695885019798)
2014797835,14-004641,05/04/2014,05-May,1-Sunday,06:17,0600 Hours,District 2 (Northeast),,FAYETTE,IA 56,IA 56/FILMORE RD,Collision with:  Animal,,,Animal,None Indicated,,,,,,,Paved,,Property Damage Only,0,0,0,0,0,0,4000,1,1,,POINT (-91.68048588057 42.900796500876)
2014802142,14-000556,05/04/2014,05-May,1-Sunday,22:43,2200 Hours,District 1 (Central),AMES,STORY,I-35,I-35,Collision with:  Animal,,,Animal,None Indicated,,,,,,,Paved,,Property Damage Only,0,0,0,0,0,0,15895,1,1,,POINT (-93.57117572015 42.027668304036)
2014803658,K14-012830,05/04/2014,05-May,1-Sunday,17:22,1700 Hours,District 5 (Southeast),KEOKUK,LEE,,ORLEANS AVE,Collision with:  Parked motor vehicle,On Roadway,"Sideswipe, same direction",Lost Control,Alcohol (Statutory),,Daylight,Dry,Clear,None apparent,Non-intersection:  Non-junction/no special feature,Paved,,Property Damage Only,0,0,0,0,0,0,35000,3,1,,POINT (-91.379472066289 40.403554090402)
2014798088,14-001496,05/04/2014,05-May,1-Sunday,03:40,0300 Hours,District 5 (Southeast),KINROSS,KEOKUK,IA 22,IA 22/IOWA 22,Collision with fixed object:  Ditch,Shoulder,Non-collision (single vehicle),Swerving/Evasive Action,Alcohol (Statutory),,Dark - roadway not lighted,Dry,Cloudy,None apparent,Non-intersection:  Non-junction/no special feature,Paved,,Property Damage Only,0,0,0,0,0,0,7000,1,1,,POINT (-91.95380978639 41.468379984008)
2014797637,2014-0147,05/04/2014,05-May,1-Sunday,06:05,0600 Hours,District 5 (Southeast),NORWALK,WARREN,,Co Rd G14/HWY G14,Collision with fixed object:  Utility pole/light support,Shoulder,Non-collision (single vehicle),Ran off road - left,None Indicated,,Dawn,Dry,Clear,None apparent,Non-intersection:  Driveway access (within),Paved,,Minor Injury,0,1,0,1,0,0,8200,1,1,,POINT (-93.659217938185 41.475545282503)
2014805389,,05/04/2014,05-May,1-Sunday,17:21,1700 Hours,District 2 (Northeast),DECORAH,WINNESHIEK,US 52,US 52 & MADISON RD & PULPIT ROCK RD,Collision with:  Vehicle in traffic,On Roadway,"Angle, oncoming left turn",FTYROW:  From stop sign,None Indicated,,Daylight,Dry,Clear,None apparent,Intersection:  Four-way intersection,Paved,,Property Damage Only,0,0,0,0,0,0,7000,2,3,,POINT (-91.812969786038 43.300160107533)
2014812286,2014-3966,05/04/2014,05-May,1-Sunday,16:31,1600 Hours,District 6 (East Central),ELDRIDGE,SCOTT,,S SCOTT PARK RD & BLACKHAWK TRL,Collision with:  Vehicle in traffic,On Roadway,Broadside (front to side),Ran Stop Sign,None Indicated,,Daylight,Dry,Clear,None apparent,Intersection:  Four-way intersection,Paved,,Property Damage Only,0,0,0,0,0,0,7500,2,2,,POINT (-90.561097474959 41.62562983539)
2014798733,14003571,05/04/2014,05-May,1-Sunday,04:29,0400 Hours,District 6 (East Central),,DELAWARE,IA 3,IA 3/IOWA 3,Collision with:  Animal,On Roadway,Non-collision (single vehicle),Animal,None Indicated,,Dark - roadway lighted,Dry,Clear,None apparent,Non-intersection:  Non-junction/no special feature,Paved,,Property Damage Only,0,0,0,0,0,0,3000,1,1,,POINT (-91.276501227168 42.634997770742)
2014797465,2014-8824,05/04/2014,05-May,1-Sunday,09:53,0900 Hours,District 6 (East Central),,SCOTT,I-80,I-80,Collision with:  Vehicle in traffic,On Roadway,"Sideswipe, same direction",Crossed centerline (undivided),None Indicated,,Daylight,Wet,Rain,None apparent,Non-intersection:  Crossover-related,Paved,,Property Damage Only,0,0,0,0,0,0,7500,2,2,,POINT (-90.71413438506 41.603729713802)
2014799120,2014-28240,05/04/2014,05-May,1-Sunday,07:49,0700 Hours,District 6 (East Central),DAVENPORT,SCOTT,,BEIDERBECKE DR & GAINES ST,Collision with fixed object:  Bridge pier or support,Shoulder,Non-collision (single vehicle),Lost Control,Alcohol (Statutory),,Daylight,Dry,Clear,None apparent,Non-intersection:  Non-junction/no special feature,Paved,,Possible/Unknown,0,1,0,0,1,0,3500,1,2,,POINT (-90.583003132204 41.518241481529)
2014798831,14-000720,05/04/2014,05-May,1-Sunday,10:25,1000 Hours,District 1 (Central),AMES,STORY,,IOWA STATE UNIVERSITY,Collision with:  Vehicle in traffic,On Roadway,Broadside (front to side),Unknown,None Indicated,,Daylight,Dry,Clear,None apparent,Non-intersection:  Non-junction/no special feature,Unpaved,,Property Damage Only,0,0,0,0,0,0,2400,2,3,,POINT (-93.653347652866 42.023393183973)
2014797549,W14-043383,05/04/2014,05-May,1-Sunday,05:01,0500 Hours,District 2 (Northeast),WATERLOO,BLACK HAWK,,CAMELOT DR,Collision with:  Vehicle in traffic,On Roadway,"Sideswipe, opposite direction",Crossed centerline (undivided),None Indicated,,Dark - roadway lighted,Dry,Clear,None apparent,Intersection:  Other intersection (explain in narrative),Paved,,Property Damage Only,0,0,0,0,0,0,5000,2,2,,POINT (-92.327122404727 42.466917782333)
2014797297,01-14-18713,05/04/2014,05-May,1-Sunday,11:55,1100 Hours,District 6 (East Central),DUBUQUE,DUBUQUE,,W 1ST ST & MAIN ST,Collision with:  Vehicle in traffic,On Roadway,Broadside (front to side),FTYROW:  From stop sign,None Indicated,,Daylight,Wet,Rain,None apparent,Intersection:  Four-way intersection,Paved,,Property Damage Only,0,0,0,0,0,0,2900,2,3,,POINT (-90.66404772036 42.495062934211)
2014797951,14-13674,05/04/2014,05-May,1-Sunday,21:07,2100 Hours,District 3 (Northwest),SIOUX CITY,WOODBURY,,6TH AVE & S MAGNOLIA ST,Collision with:  Vehicle in traffic,On Roadway,Broadside (front to side),FTYROW:  At uncontrolled intersection,None Indicated,,Daylight,Dry,Clear,None apparent,Intersection:  Four-way intersection,Paved,,Property Damage Only,0,0,0,0,0,0,4000,2,5,,POINT (-96.336697926627 42.46736851664)
2014801371,2014-28330,05/04/2014,05-May,1-Sunday,17:22,1700 Hours,District 6 (East Central),DAVENPORT,SCOTT,I-80,I-80 & IA 130/NEW LIBERTY RD,Collision with:  Vehicle in traffic,On Roadway,"Angle, oncoming left turn",FTYROW:  Making left turn,None Indicated,,Daylight,Dry,Clear,None apparent,Interchange-related:  Off-ramp,Paved,,Property Damage Only,0,0,0,0,0,0,2000,2,5,,POINT (-90.617830845392 41.598747398221)
2014797520,2014027089,05/04/2014,05-May,1-Sunday,02:16,0200 Hours,District 4 (Southwest),,MADISON,,HARMON AVE & 260TH ST,Non-collision events:  Overturn/rollover,Roadside,Non-collision (single vehicle),Driving too fast for conditions,Drug,,Dark - roadway not lighted,"Mud, dirt",Clear,None apparent,Non-intersection:  Non-junction/no special feature,Unpaved,,Fatal,2,1,0,1,0,0,10000,1,3,,POINT (-94.106751418104 41.272387713788)
2014797848,201406210,05/04/2014,05-May,1-Sunday,11:20,1100 Hours,District 6 (East Central),CEDAR RAPIDS,LINN,,C AVE NE,Collision with:  Vehicle in traffic,On Roadway,Rear-end (front to rear),Other (explain in narrative):  Other,None Indicated,,Daylight,Dry,Clear,None apparent,Non-intersection:  Non-junction/no special feature,Paved,,Property Damage Only,0,0,0,0,0,0,5000,2,10,,POINT (-91.638633032661 42.046593716469)
2014804453,1405041100,05/04/2014,05-May,1-Sunday,11:00,1100 Hours,District 6 (East Central),,JONES,US 151,US 151,Non-collision events:  Other non-collision (explain in narrative),On Roadway,Non-collision (single vehicle),Swerving/Evasive Action,None Indicated,,Daylight,Dry,Cloudy,None apparent,Non-intersection:  Non-junction/no special feature,Paved,,Major Injury,0,1,1,0,0,0,14420,1,2,,POINT (-91.266594346445 42.118552057585)
2014797850,201406235,05/04/2014,05-May,1-Sunday,21:06,2100 Hours,District 6 (East Central),CEDAR RAPIDS,LINN,I-380,I-380,Collision with:  Vehicle in traffic,On Roadway,Rear-end (front to rear),Followed too close,None Indicated,,Dusk,Dry,Clear,Work Zone (roadway-related),Non-intersection:  Other non-intersection (explain in narrative),Paved,Yes,Property Damage Only,0,0,0,0,0,0,3000,2,2,,POINT (-91.67109581132 41.979534388251)
2014797597,14-002832,05/04/2014,05-May,1-Sunday,16:33,1600 Hours,District 3 (Northwest),,MONONA,I-29,I-29,Collision with:  Vehicle in traffic,On Roadway,Rear-end (front to rear),Other (explain in narrative):  Other,None Indicated,,Daylight,Dry,Cloudy,None apparent,Non-intersection:  Other non-intersection (explain in narrative),Paved,,Possible/Unknown,0,1,0,0,1,0,8500,2,2,,POINT (-96.149074753554 42.047145068853)
2014797416,20140012064,05/04/2014,05-May,1-Sunday,10:10,1000 Hours,District 1 (Central),DES MOINES,POLK,,CAPITOL AVE & E 18TH ST,Collision with:  Vehicle in traffic,On Roadway,Broadside (front to side),FTYROW:  From stop sign,None Indicated,,Daylight,Dry,Cloudy,None apparent,Intersection:  Four-way intersection,Paved,,Property Damage Only,0,0,0,0,0,0,3000,2,4,,POINT (-93.587138119859 41.594463394979)
2014797249,W14-043377,05/04/2014,05-May,1-Sunday,04:02,0400 Hours,District 2 (Northeast),WATERLOO,BLACK HAWK,,HESS RD,Collision with fixed object:  Ditch,On Roadway,Non-collision (single vehicle),Lost Control,None Indicated,,Dark - unknown roadway lighting,Dry,Clear,None apparent,Non-intersection:  Non-junction/no special feature,Paved,,Property Damage Only,0,0,0,0,0,0,5000,1,1,,POINT (-92.317369944424 42.455440652749)
2014797634,2014-8288,05/04/2014,05-May,1-Sunday,19:26,1900 Hours,District 6 (East Central),BETTENDORF,SCOTT,,MIDDLE RD & 14TH ST,Collision with:  Vehicle in traffic,On Roadway,Rear-end (front to rear),Followed too close,None Indicated,,Dusk,Dry,Clear,None apparent,Intersection:  T-intersection,Paved,,Property Damage Only,0,0,0,0,0,0,5500,2,3,,POINT (-90.51310693391 41.543184094972)
2014797423,20140012080,05/04/2014,05-May,1-Sunday,14:50,1400 Hours,District 1 (Central),DES MOINES,POLK,,19TH ST,Collision with:  Vehicle in traffic,On Roadway,Broadside (front to side),Ran Traffic Signal,None Indicated,,Daylight,Dry,Clear,None apparent,Intersection:  Four-way intersection,Paved,,Possible/Unknown,0,2,0,0,2,0,10000,2,5,,POINT (-93.642519878894 41.59642804004)
2014799027,14-012825,05/04/2014,05-May,1-Sunday,16:57,1600 Hours,District 5 (Southeast),FORT MADISON,LEE,US 61,US 61,Collision with:  Animal,,,Animal,None Indicated,,,,,,,Paved,,Property Damage Only,0,0,0,0,0,0,6500,1,1,,POINT (-91.244832665806 40.696411289074)
2014797548,14043458,05/04/2014,05-May,1-Sunday,14:33,1400 Hours,District 2 (Northeast),CEDAR FALLS,BLACK HAWK,,UNIVERSITY AVE & TERRACE DR,Collision with:  Vehicle in traffic,On Roadway,Rear-end (front to rear),Unknown,None Indicated,,Daylight,Dry,Clear,None apparent,Non-intersection:  Non-junction/no special feature,Paved,,Property Damage Only,0,0,0,0,0,0,4000,2,4,,POINT (-92.407705691747 42.505943630278)
2014799122,2014-28287,05/04/2014,05-May,1-Sunday,13:35,1300 Hours,District 6 (East Central),DAVENPORT,SCOTT,,W 3RD ST & MAIN ST,Collision with:  Vehicle in traffic,On Roadway,Broadside (front to side),Ran Traffic Signal,Refused,,Daylight,Dry,Clear,None apparent,Intersection:  Other intersection (explain in narrative),Paved,,Major Injury,0,1,1,0,0,0,7000,2,3,,POINT (-90.57554896747 41.522425590597)
2014797703,14-6045,05/04/2014,05-May,1-Sunday,02:33,0200 Hours,District 6 (East Central),MILES,JACKSON,,495 AVE,Collision with fixed object:  Tree,Roadside,Non-collision (single vehicle),Ran off road - left,None Indicated,,Dark - roadway not lighted,"Mud, dirt",Clear,None apparent,Non-intersection:  Non-junction/no special feature,Unpaved,,Major Injury,0,1,1,0,0,0,35000,1,1,,POINT (-90.336121134055 42.127857539691)
2014797584,C14001354,05/04/2014,05-May,1-Sunday,17:13,1700 Hours,District 6 (East Central),CORALVILLE,JOHNSON,US 6,US 6/2ND ST,Collision with:  Vehicle in traffic,On Roadway,Rear-end (front to rear),Followed too close,None Indicated,,Daylight,Dry,Cloudy,None apparent,Non-intersection:  Non-junction/no special feature,Paved,,Property Damage Only,0,0,0,0,0,0,2400,2,4,,POINT (-91.568805431766 41.670007642555)
2014797968,14006284,05/04/2014,05-May,1-Sunday,13:14,1300 Hours,District 5 (Southeast),,APPANOOSE,,Co Rd S70/135TH AVE,Collision with:  Animal,On Roadway,Non-collision (single vehicle),Animal,None Indicated,,Daylight,"Mud, dirt",Clear,None apparent,Non-intersection:  Non-junction/no special feature,Unpaved,,Property Damage Only,0,0,0,0,0,0,8000,1,1,,POINT (-93.030104741826 40.734165242294)
2014799145,,05/04/2014,05-May,1-Sunday,02:18,0200 Hours,District 2 (Northeast),CHARLES CITY,FLOYD,,F ST,Collision with:  Parked motor vehicle,Roadside,"Sideswipe, same direction",Ran off road - right,None Indicated,,Unknown,Dry,Clear,None apparent,Non-intersection:  Non-junction/no special feature,Paved,,Property Damage Only,0,0,0,0,0,0,1500,2,1,,POINT (-92.664681400369 43.077278004787)
2014798179,14-0239,05/04/2014,05-May,1-Sunday,16:14,1600 Hours,District 1 (Central),,WEBSTER,,CLEVELAND,Collision with:  Parked motor vehicle,On Roadway,Rear-end (front to rear),Improper Backing,None Indicated,,Daylight,Dry,Clear,None apparent,Non-intersection:  Non-junction/no special feature,Paved,,Property Damage Only,0,0,0,0,0,0,5000,2,3,,POINT (-94.126455209411 42.445057546808)
2014797890,2014-28281,05/04/2014,05-May,1-Sunday,13:10,1300 Hours,District 6 (East Central),DAVENPORT,SCOTT,,UTICA RIDGE RD,Collision with:  Vehicle in traffic,On Roadway,Rear-end (front to rear),Swerving/Evasive Action,None Indicated,,Daylight,Dry,Cloudy,None apparent,Non-intersection:  Driveway access (within),Paved,,Property Damage Only,0,0,0,0,0,0,2300,2,5,,POINT (-90.513881019152 41.573336030785)
2014797398,20140012044,05/04/2014,05-May,1-Sunday,04:05,0400 Hours,District 1 (Central),DES MOINES,POLK,,E COURT AVE & E 3RD ST,Collision with fixed object:  Other fixed object (explain in narrative),On Roadway,Non-collision (single vehicle),Ran off road - right,Alcohol (Statutory),,Dark - roadway lighted,Dry,Clear,None apparent,Non-intersection:  Non-junction/no special feature,Paved,,Property Damage Only,0,0,0,0,0,0,5000,1,1,,POINT (-93.612995183901 41.586825396397)
2014798586,14-636,05/05/2014,05-May,2-Monday,14:44,1400 Hours,District 3 (Northwest),SPIRIT LAKE,DICKINSON,US 71,US 71/18TH ST & GARY AVE,Collision with:  Vehicle in traffic,On Roadway,Rear-end (front to rear),Followed too close,None Indicated,,Daylight,Dry,Clear,None apparent,Non-intersection:  Other non-intersection (explain in narrative),Paved,,Property Damage Only,0,0,0,0,0,0,4000,2,2,,POINT (-95.100717945677 43.42262826876)
2014804172,01-14-18848,05/05/2014,05-May,2-Monday,12:14,1200 Hours,District 6 (East Central),DUBUQUE,DUBUQUE,US 20,US 20/DODGE ST & CRESCENT RDG & N CRESCENT RIDGE,Collision with:  Vehicle in traffic,On Roadway,Rear-end (front to rear),Followed too close,None Indicated,,Daylight,Dry,Clear,None apparent,Non-intersection:  Non-junction/no special feature,Paved,,Property Damage Only,0,0,0,0,0,0,1540,2,3,,POINT (-90.732326985166 42.490320405447)
2014797590,201406258,05/05/2014,05-May,2-Monday,10:48,1000 Hours,District 6 (East Central),CEDAR RAPIDS,LINN,IA 922,IA 922/1ST AVE E & 7TH ST SE & 7TH ST NE,Collision with:  Vehicle in traffic,On Roadway,"Sideswipe, same direction",Made improper turn,None Indicated,,Daylight,Dry,Clear,None apparent,Intersection:  Four-way intersection,Paved,,Property Damage Only,0,0,0,0,0,0,2000,2,3,,POINT (-91.663139934962 41.981909766531)
2014797399,20140012152,05/05/2014,05-May,2-Monday,10:28,1000 Hours,District 1 (Central),DES MOINES,POLK,US 6,US 6/DOUGLAS AVE,Collision with:  Vehicle in traffic,Shoulder,Rear-end (front to rear),Followed too close,None Indicated,,Daylight,Dry,Cloudy,None apparent,Intersection:  Four-way intersection,Paved,,Property Damage Only,0,0,0,0,0,0,2100,2,3,,POINT (-93.668504098633 41.629570507085)
2014797551,W14-043686,05/05/2014,05-May,2-Monday,09:36,0900 Hours,District 2 (Northeast),WATERLOO,BLACK HAWK,,W 5TH ST & GRANT AVE,Collision with:  Vehicle in traffic,On Roadway,"Sideswipe, same direction",Other (explain in narrative):  Other,None Indicated,,Daylight,Dry,Clear,None apparent,Intersection:  Other intersection (explain in narrative),Paved,,Possible/Unknown,0,1,0,0,1,0,4000,2,4,,POINT (-92.345686391077 42.488936524062)
2014797799,2014027235,05/05/2014,05-May,2-Monday,08:00,0800 Hours,District 6 (East Central),,DUBUQUE,US 151,US 151 & Co Rd D41/MONASTERY RD/SKYLINE RD,Collision with fixed object:  Ditch,Shoulder,Non-collision (single vehicle),Ran off road - right,None Indicated,,Daylight,Dry,Clear,None apparent,Intersection:  Four-way intersection,Paved,,Property Damage Only,0,0,0,0,0,0,2500,1,1,,POINT (-90.776526246971 42.38084411765)
2014797633,2014-8883,05/05/2014,05-May,2-Monday,09:35,0900 Hours,District 6 (East Central),,SCOTT,US 67,US 67/GREAT RIVER RD & SPENCER RD,Collision with:  Vehicle in traffic,On Roadway,"Sideswipe, same direction",FTYROW:  At uncontrolled intersection,None Indicated,,Daylight,Dry,Clear,Work Zone (roadway-related),Intersection:  T-intersection,Paved,Yes,Property Damage Only,0,0,0,0,0,0,8500,2,2,,POINT (-90.422454810588 41.569106044206)
2014797628,14-017612,05/05/2014,05-May,2-Monday,09:35,0900 Hours,District 4 (Southwest),COUNCIL BLUFFS,POTTAWATTAMIE,,E BROADWAY & FRANK ST,Collision with:  Vehicle in traffic,On Roadway,Head-on (front to front),FTYROW:  Making left turn,None Indicated,,Daylight,Dry,Unknown,None apparent,Intersection:  Four-way intersection,Paved,,Possible/Unknown,0,1,0,0,1,0,6400,2,3,,POINT (-95.839438661443 41.266367666862)
2014801183,20141524,05/05/2014,05-May,2-Monday,00:40,0000 Hours,District 1 (Central),,GRUNDY,US 20,US 20,Collision with:  Other non-fixed object (explain in narrative),On Roadway,Non-collision (single vehicle),Unknown,None Indicated,,Dark - roadway not lighted,Dry,Clear,None apparent,Non-intersection:  Non-junction/no special feature,Paved,,Possible/Unknown,0,1,0,0,1,0,1500,1,1,,POINT (-92.550394130958 42.463309989136)
2014797955,14-13807,05/05/2014,05-May,2-Monday,20:58,2000 Hours,District 3 (Northwest),SIOUX CITY,WOODBURY,,27TH ST,Collision with:  Vehicle in traffic,On Roadway,Broadside (front to side),FTYROW:  Other (explain in narrative),Alcohol (Statutory),,Dark - unknown roadway lighting,Dry,Clear,None apparent,Intersection:  Other intersection (explain in narrative),Paved,,Possible/Unknown,0,1,0,0,1,0,3500,2,4,,POINT (-96.383991567143 42.517540177065)
2014797439,14-2045,05/05/2014,05-May,2-Monday,00:14,0000 Hours,District 1 (Central),WEST DES MOINES,POLK,I-235,I-235,Non-collision events:  Overturn/rollover,On Roadway,Non-collision (single vehicle),Ran off road - right,None Indicated,,Dark - roadway lighted,Dry,Clear,None apparent,"Interchange-related:  Off-ramp, diverge area",Paved,,Possible/Unknown,0,1,0,0,1,0,4000,1,1,,POINT (-93.734472198426 41.593535490732)
2014797774,14-017651,05/05/2014,05-May,2-Monday,14:00,1400 Hours,District 4 (Southwest),COUNCIL BLUFFS,POTTAWATTAMIE,I-29,I-29,Collision with:  Other non-fixed object (explain in narrative),On Roadway,Non-collision (single vehicle),Cargo/equipment loss or shift,None Indicated,,Daylight,Dry,Cloudy,None apparent,Non-intersection:  Non-junction/no special feature,Paved,,Property Damage Only,0,0,0,0,0,0,1500,2,2,,POINT (-95.843929835418 41.231239910488)
2014800908,2014-28569,05/05/2014,05-May,2-Monday,13:07,1300 Hours,District 6 (East Central),DAVENPORT,SCOTT,,IA 461/HARRISON ST & W 4TH ST,Collision with:  Parked motor vehicle,On Roadway,Rear-end (front to rear),Unknown,None Indicated,,Daylight,Unknown,Unknown,None apparent,Non-intersection:  Driveway access (within),Paved,,Property Damage Only,0,0,0,0,0,0,2000,2,1,,POINT (-90.577029456748 41.523537581881)
2014797591,14008950,05/05/2014,05-May,2-Monday,16:25,1600 Hours,District 6 (East Central),MARION,LINN,,44TH ST,Collision with:  Animal,On Roadway,Non-collision (single vehicle),Animal,None Indicated,,Daylight,Dry,Clear,None apparent,Non-intersection:  Non-junction/no special feature,Paved,,Property Damage Only,0,0,0,0,0,0,3000,1,1,,POINT (-91.562934516458 42.027180751002)
2014798758,14-6130,05/05/2014,05-May,2-Monday,12:11,1200 Hours,District 6 (East Central),MAQUOKETA,JACKSON,US 61,US 61,Collision with fixed object:  Other fixed object (explain in narrative),Roadside,Non-collision (single vehicle),Ran off road - right,None Indicated,,Daylight,Dry,Clear,None apparent,Non-intersection:  Non-junction/no special feature,Paved,,Property Damage Only,0,0,0,0,0,0,2850,1,1,,POINT (-90.655392290856 42.035028262192)
2014799415,2014027345,05/05/2014,05-May,2-Monday,15:55,1500 Hours,District 6 (East Central),TIFFIN,JOHNSON,US 6,US 6 & STEPHENS ST,Collision with:  Vehicle in traffic,On Roadway,Broadside (front to side),FTYROW:  From stop sign,None Indicated,,Daylight,Dry,Clear,None apparent,Intersection:  Four-way intersection,Paved,,Property Damage Only,0,0,0,0,0,0,7500,2,5,,POINT (-91.660237602403 41.706804218018)
2014799820,14C02008,05/05/2014,05-May,2-Monday,12:15,1200 Hours,District 4 (Southwest),CRESTON,UNION,,N OAK ST,Collision with:  Vehicle in traffic,On Roadway,Rear-end (front to rear),Followed too close,None Indicated,,Daylight,Dry,Clear,None apparent,Non-intersection:  Non-junction/no special feature,Paved,,Property Damage Only,0,0,0,0,0,0,3000,2,3,,POINT (-94.364997511422 41.057539346848)
2014810132,2014004213,05/05/2014,05-May,2-Monday,09:41,0900 Hours,District 1 (Central),MARSHALLTOWN,MARSHALL,IA 14,IA 14/S CENTER ST/E ANSON ST & W ANSON ST,Collision with:  Vehicle in traffic,On Roadway,"Sideswipe, same direction",Other (explain in narrative):  Vision obstructed,None Indicated,,Daylight,Dry,Clear,None apparent,Intersection:  Four-way intersection,Paved,,Property Damage Only,0,0,0,0,0,0,2000,2,2,,POINT (-92.912780443027 42.038152981646)
2014800776,143074,05/05/2014,05-May,2-Monday,15:40,1500 Hours,District 4 (Southwest),,DALLAS,IA 141,IA 141/IOWA 141,Collision with:  Vehicle in traffic,On Roadway,"Sideswipe, same direction",FTYROW:  Other (explain in narrative),None Indicated,,Daylight,Dry,Clear,None apparent,Non-intersection:  Non-junction/no special feature,Paved,,Property Damage Only,0,0,0,0,0,0,8700,2,2,,POINT (-93.892711399616 41.798811490717)
2014808098,2014027385,05/05/2014,05-May,2-Monday,21:18,2100 Hours,District 1 (Central),,HARDIN,,Co Rd D20/ST HWY 941,Collision with:  Animal,,,Animal,None Indicated,,,,,,,Paved,,Property Damage Only,0,0,0,0,0,0,2000,1,1,,POINT (-93.319551927156 42.517583515628)
2014798564,14-003703,05/05/2014,05-May,2-Monday,18:00,1800 Hours,District 4 (Southwest),,CASS,,585TH ST,Collision with fixed object:  Ditch,On Roadway,Non-collision (single vehicle),Driving too fast for conditions,None Indicated,,Daylight,"Mud, dirt",Clear,None apparent,Non-intersection:  Non-junction/no special feature,Unpaved,,Possible/Unknown,0,1,0,0,0,1,6000,1,2,,POINT (-95.065123051295 41.391134779738)
2014797670,W14-043813,05/05/2014,05-May,2-Monday,16:22,1600 Hours,District 2 (Northeast),WATERLOO,BLACK HAWK,US 63,US 63/W 1ST ST & SYCAMORE ST,Collision with:  Vehicle in traffic,On Roadway,"Sideswipe, same direction",Made improper turn,None Indicated,,Daylight,Dry,Clear,None apparent,Intersection:  Four-way intersection,Paved,,Possible/Unknown,0,1,0,0,1,0,4000,2,2,,POINT (-92.340180464054 42.501071840041)
2014797688,01-14-18804,05/05/2014,05-May,2-Monday,04:15,0400 Hours,District 6 (East Central),DUBUQUE,DUBUQUE,,PARKWAY ST & W 3RD ST,Collision with:  Parked motor vehicle,On Roadway,"Sideswipe, same direction",Lost Control,None Indicated,,Dark - roadway lighted,Dry,Cloudy,None apparent,Intersection:  T-intersection,Paved,,Property Damage Only,0,0,0,0,0,0,4000,2,1,,POINT (-90.685942808813 42.49529121911)
2014797812,W14-043814,05/05/2014,05-May,2-Monday,16:20,1600 Hours,District 2 (Northeast),WATERLOO,BLACK HAWK,,DANE ST & LOGAN AVE,Collision with:  Vehicle in traffic,On Roadway,Broadside (front to side),FTYROW:  From stop sign,None Indicated,,Daylight,Dry,Clear,None apparent,Intersection:  T-intersection,Paved,,Minor Injury,0,1,0,1,0,0,4500,2,3,,POINT (-92.337700969129 42.507676815493)
2014797669,14043810,05/05/2014,05-May,2-Monday,16:24,1600 Hours,District 2 (Northeast),CEDAR FALLS,BLACK HAWK,IA 57,IA 57/1ST ST,Collision with:  Vehicle in traffic,On Roadway,"Sideswipe, same direction",Ran off road - right,None Indicated,,Daylight,Dry,Clear,None apparent,Non-intersection:  Non-junction/no special feature,Paved,,Minor Injury,0,4,0,2,2,0,12000,2,4,,POINT (-92.434648951873 42.537509976837)