Iowa DOT Case Number,Law Enforcement Case Number,Date of Crash,Month of Crash,Day of Week,Time of Crash,Hour,DOT District,City Name,County Name,Route with System,Location Description,First Harmful Event,Location of First Harmful Event,Manner of Crash/Collision,Major Cause,Drug or Alcohol ,Environmental Conditions,Light Conditions,Surface Conditions,Weather Conditions,Roadway Contribution,Roadway Type,Roadway Surface,Work Zone,Crash Severity,Number of Fatalities,Number of Injuries,Number of Major Injuries,Number of Minor Injuries,Number of Possible Injuries,Number of Unknown Injuries,Amount of Property Damage,Number of Vehicles Involved,Total Number of Occupants,Travel Direction,Location
2014797895,2014-28613,05/05/2014,05-May,2-Monday,16:56,1600 Hours,District 6 (East Central),DAVENPORT,SCOTT,I-280,I-280 & IA 461/140 ST/W RIVER DR,Collision with:  Vehicle in traffic,On Roadway,Broadside (front to side),FTYROW:  Making left turn,None Indicated,,Daylight,Dry,Clear,None apparent,Intersection:  Intersection with ramp,Paved,,Property Damage Only,0,0,0,0,0,0,6500,2,2,,POINT (-90.671229485132 41.509110920704)
2014798174,14-002246,05/05/2014,05-May,2-Monday,13:05,1300 Hours,District 1 (Central),AMES,STORY,,24TH ST & E 24TH ST & DUFF AVE,Collision with:  Vehicle in traffic,On Roadway,Rear-end (front to rear),Driving too fast for conditions,None Indicated,,Daylight,Dry,Clear,None apparent,Intersection:  Four-way intersection,Paved,,Property Damage Only,0,0,0,0,0,0,2000,2,2,,POINT (-93.614160908084 42.045747670654)
2014797599,SO14001053,05/05/2014,05-May,2-Monday,08:35,0800 Hours,District 3 (Northwest),,PLYMOUTH,,Co Rd C44/230TH ST & IRIS AVE,Non-collision events:  Overturn/rollover,On Roadway,Non-collision (single vehicle),Driving too fast for conditions,None Indicated,,Daylight,"Mud, dirt",Cloudy,None apparent,Intersection:  Four-way intersection,Paved,,Major Injury,0,2,1,1,0,0,20100,1,2,,POINT (-96.291913182446 42.721285237366)
2014798107,14-002004,05/05/2014,05-May,2-Monday,16:21,1600 Hours,District 1 (Central),ANKENY,POLK,,W 1ST ST & SW STATE ST & NW STATE ST,Collision with:  Vehicle in traffic,On Roadway,"Angle, oncoming left turn",FTYROW:  Making left turn,None Indicated,,Daylight,Dry,Clear,None apparent,Intersection:  Four-way intersection,Paved,,Possible/Unknown,0,1,0,0,1,0,7000,2,2,,POINT (-93.621490332331 41.731839796548)
2014797754,14-001957,05/05/2014,05-May,2-Monday,17:51,1700 Hours,District 1 (Central),ANKENY,POLK,IA 160,IA 160/SE ORALABOR RD,Collision with:  Vehicle in traffic,On Roadway,Rear-end (front to rear),Other (explain in narrative):  Other,None Indicated,,Daylight,Dry,Clear,None apparent,Non-intersection:  Non-junction/no special feature,Paved,,Possible/Unknown,0,3,0,0,3,0,12600,6,7,,POINT (-93.576669516278 41.702899611809)
2014797562,14-14942,05/05/2014,05-May,2-Monday,11:13,1100 Hours,District 5 (Southeast),BURLINGTON,DES MOINES,US 61,US 61 & AGENCY ST,Collision with:  Vehicle in traffic,On Roadway,"Sideswipe, same direction",FTYROW:  Making right turn on red signal,None Indicated,,Daylight,Dry,Clear,None apparent,Non-intersection:  Non-junction/no special feature,Paved,,Property Damage Only,0,0,0,0,0,0,7000,2,2,,POINT (-91.141444514185 40.814850143055)
2014801715,142151,05/05/2014,05-May,2-Monday,13:54,1300 Hours,District 1 (Central),IOWA FALLS,HARDIN,,WASHINGTON AVE & STEVENS ST,Collision with:  Vehicle in traffic,On Roadway,"Angle, oncoming left turn",Other (explain in narrative):  Other,None Indicated,,Daylight,Dry,Clear,None apparent,Non-intersection:  Non-junction/no special feature,Paved,,Property Damage Only,0,0,0,0,0,0,2000,2,1,,POINT (-93.264169489893 42.519633797076)
2014798988,14-006210,05/05/2014,05-May,2-Monday,15:46,1500 Hours,District 3 (Northwest),SPENCER,CLAY,,E 8TH ST & 4TH AVE E,Collision with:  Non-motorist (see non-motorist section - NOT a unit),On Roadway,Non-collision (single vehicle),FTYROW:  From stop sign,None Indicated,,Daylight,Dry,Clear,None apparent,Intersection:  Four-way intersection,Paved,,Minor Injury,0,2,0,2,0,0,500,1,1,,POINT (-95.139469071709 43.145938075934)
2014797894,2014-28603,05/05/2014,05-May,2-Monday,16:10,1600 Hours,District 6 (East Central),DAVENPORT,SCOTT,,W 2ND ST & WARREN ST,Collision with:  Vehicle in traffic,On Roadway,Rear-end (front to rear),Followed too close,None Indicated,,Daylight,Dry,Clear,None apparent,Intersection:  Four-way intersection,Paved,,Possible/Unknown,0,1,0,0,1,0,3250,3,3,,POINT (-90.585933120409 41.521302201749)
2014797685,141140,05/05/2014,05-May,2-Monday,08:28,0800 Hours,District 3 (Northwest),DENISON,CRAWFORD,US 30,US 30/4TH AVE S & S 9TH ST,Collision with:  Vehicle in traffic,On Roadway,Broadside (front to side),FTYROW:  From stop sign,None Indicated,,Daylight,Dry,Clear,None apparent,Intersection:  Four-way intersection,Paved,,Property Damage Only,0,0,0,0,0,0,3500,2,2,,POINT (-95.361250238794 42.012406499517)
2014797554,201401971,05/05/2014,05-May,2-Monday,05:50,0500 Hours,District 1 (Central),,BOONE,,Co Rd P70/H AVE,Collision with:  Animal,,,Animal,None Indicated,,,,,,,Paved,,Property Damage Only,0,0,0,0,0,0,4500,1,1,,POINT (-94.028080663166 42.103165184445)
2014797807,14-043641,05/05/2014,05-May,2-Monday,06:30,0600 Hours,District 2 (Northeast),WATERLOO,BLACK HAWK,,BROADWAY ST & WAGNER RD,Collision with fixed object:  Utility pole/light support,On Roadway,Non-collision (single vehicle),Swerving/Evasive Action,None Indicated,,Daylight,Dry,Clear,None apparent,Non-intersection:  Non-junction/no special feature,Paved,,Property Damage Only,0,0,0,0,0,0,10000,1,1,,POINT (-92.37693299538 42.53565269727)
2014810006,2014-002437,05/05/2014,05-May,2-Monday,14:56,1400 Hours,District 6 (East Central),NORWAY,BENTON,,Co Rd E66/77 ST DR & 29 AVE & RAILROAD ST,Collision with:  Vehicle in traffic,On Roadway,Rear-end (front to rear),Followed too close,None Indicated,,Daylight,Dry,Cloudy,Work Zone (roadway-related),Non-intersection:  Non-junction/no special feature,Paved,Yes,Property Damage Only,0,0,0,0,0,0,5500,2,4,,POINT (-91.929131576915 41.900767095944)
2014799019,14-3693,05/05/2014,05-May,2-Monday,14:48,1400 Hours,District 3 (Northwest),,IDA,US 59,US 59,Collision with:  Vehicle in traffic,On Roadway,Rear-end (front to rear),Followed too close,None Indicated,,Daylight,Dry,Clear,None apparent,Non-intersection:  Non-junction/no special feature,Paved,,Property Damage Only,0,0,0,0,0,0,5500,2,2,,POINT (-95.504339445379 42.363505085299)
2014797388,14-2950,05/05/2014,05-May,2-Monday,10:15,1000 Hours,District 1 (Central),,POLK,,NE 46TH ST,Collision with fixed object:  Tree,Outside trafficway,Non-collision (single vehicle),Ran off road - left,None Indicated,,Daylight,Dry,Clear,None apparent,Non-intersection:  Non-junction/no special feature,Paved,,Fatal,1,0,0,0,0,0,3000,1,1,,POINT (-93.522429323325 41.68076732042)
2014800789,2014-0996,05/05/2014,05-May,2-Monday,12:05,1200 Hours,District 1 (Central),JEFFERSON,GREENE,,W STATE ST & N PINET ST,Collision with:  Vehicle in traffic,On Roadway,Head-on (front to front),"Operating vehicle in an reckless, erratic, careless, negligent manner",None Indicated,,Daylight,Dry,Clear,None apparent,Non-intersection:  Non-junction/no special feature,Paved,,Property Damage Only,0,0,0,0,0,0,2500,2,2,,POINT (-94.381444686121 42.016263581662)
2014797616,20140012203,05/05/2014,05-May,2-Monday,19:00,1900 Hours,District 1 (Central),DES MOINES,POLK,US 69,US 69/SE 14TH ST & E KENYON AVE,Collision with:  Vehicle in traffic,On Roadway,Broadside (front to side),Ran Stop Sign,None Indicated,,Daylight,Dry,Cloudy,None apparent,Intersection:  T-intersection,Paved,,Property Damage Only,0,0,0,0,0,0,2500,2,2,,POINT (-93.596865060643 41.535379510971)
2014797630,14-017658,05/05/2014,05-May,2-Monday,16:05,1600 Hours,District 4 (Southwest),COUNCIL BLUFFS,POTTAWATTAMIE,,5TH AVE & S 28TH ST,Collision with:  Vehicle in traffic,On Roadway,Rear-end (front to rear),Improper Backing,None Indicated,,Daylight,Dry,Clear,None apparent,Intersection:  Four-way intersection,Paved,,Property Damage Only,0,0,0,0,0,0,1500,2,4,,POINT (-95.889085959824 41.257232975148)
2014798457,14-002206,05/05/2014,05-May,2-Monday,17:22,1700 Hours,District 1 (Central),AMES,STORY,,24TH ST & STANGE RD & GEORGE W CARVER AVE,Collision with:  Non-motorist (see non-motorist section - NOT a unit),On Roadway,Non-collision (single vehicle),FTYROW:  To pedestrian,None Indicated,,Daylight,Dry,Cloudy,None apparent,Intersection:  Four-way intersection,Paved,,Major Injury,0,1,1,0,0,0,0,1,1,,POINT (-93.644861340085 42.045426171167)
2014797443,14-2048,05/05/2014,05-May,2-Monday,10:15,1000 Hours,District 1 (Central),WEST DES MOINES,POLK,,35TH ST/VALLEY WEST DR,Collision with:  Vehicle in traffic,On Roadway,Rear-end (front to rear),Driving too fast for conditions,None Indicated,,Daylight,Dry,Clear,None apparent,Non-intersection:  Non-junction/no special feature,Paved,,Property Damage Only,0,0,0,0,0,0,2300,3,4,,POINT (-93.751912089375 41.59818756585)
2014804173,01-14-18850,05/05/2014,05-May,2-Monday,12:27,1200 Hours,District 6 (East Central),DUBUQUE,DUBUQUE,,HILLCREST RD & JOHN F KENNEDY RD,Collision with:  Vehicle in traffic,On Roadway,Broadside (front to side),Ran Stop Sign,None Indicated,,Daylight,Dry,Clear,None apparent,Intersection:  Four-way intersection,Paved,,Possible/Unknown,0,1,0,0,1,0,11000,2,4,,POINT (-90.720517345559 42.506250437024)
2014797954,14-13775,05/05/2014,05-May,2-Monday,16:30,1600 Hours,District 3 (Northwest),SIOUX CITY,WOODBURY,,27TH ST,Non-collision events:  Other non-collision (explain in narrative),On Roadway,Non-collision (single vehicle),Other (explain in narrative):  No improper action,None Indicated,,Daylight,Dry,Clear,None apparent,Non-intersection:  Non-junction/no special feature,Paved,,Minor Injury,0,1,0,1,0,0,0,1,2,,POINT (-96.39717366407 42.517536914129)
2014797855,20141034,05/05/2014,05-May,2-Monday,16:14,1600 Hours,District 6 (East Central),MOUNT VERNON,LINN,,4TH ST SW & 2ND AVE SW,Collision with:  Vehicle in traffic,On Roadway,Broadside (front to side),FTYROW:  From stop sign,None Indicated,,Daylight,Dry,Clear,None apparent,Intersection:  Four-way intersection,Paved,,Property Damage Only,0,0,0,0,0,0,11000,2,2,,POINT (-91.420259011932 41.920462557215)
2014797926,1-14-000163,05/05/2014,05-May,2-Monday,20:35,2000 Hours,District 4 (Southwest),PORTSMOUTH,SHELBY,,2ND ST & 2ND AVE,Collision with:  Vehicle in traffic,On Roadway,Broadside (front to side),FTYROW:  From stop sign,None Indicated,,Daylight,Dry,Clear,Obstruction in roadway,Intersection:  Four-way intersection,Paved,,Property Damage Only,0,0,0,0,0,0,2300,2,2,,POINT (-95.51882999684 41.648987549932)
2014797601,14-2961,05/05/2014,05-May,2-Monday,18:03,1800 Hours,District 1 (Central),GRIMES,POLK,IA 141,IA 141/IOWA 141 & SE 37TH ST,Collision with:  Vehicle in traffic,On Roadway,"Angle, oncoming left turn",Swerving/Evasive Action,None Indicated,,Daylight,Dry,Clear,None apparent,Intersection:  Four-way intersection,Paved,,Major Injury,0,2,1,1,0,0,10000,2,2,,POINT (-93.775013102497 41.658508187682)
2014797673,14-107,05/05/2014,05-May,2-Monday,12:00,1200 Hours,District 2 (Northeast),WAVERLY,BREMER,,3RD AVE SW & 3RD ST SW,Collision with:  Vehicle in traffic,On Roadway,Broadside (front to side),FTYROW:  At uncontrolled intersection,None Indicated,,Daylight,Dry,Clear,None apparent,Intersection:  Four-way intersection,Paved,,Minor Injury,0,1,0,1,0,0,7500,2,2,,POINT (-92.474398380104 42.722873203066)
2014797680,14-4715,05/06/2014,05-May,3-Tuesday,19:12,1900 Hours,District 3 (Northwest),CARROLL,CARROLL,US 30,US 30 & 8TH ST,Collision with:  Vehicle in traffic,On Roadway,Broadside (front to side),FTYROW:  From stop sign,None Indicated,,Daylight,Dry,Cloudy,None apparent,Intersection:  Four-way intersection,Paved,,Minor Injury,0,2,0,1,1,0,8000,2,2,,POINT (-94.876067212824 42.069962569338)
2014798216,14044282,05/06/2014,05-May,3-Tuesday,20:06,2000 Hours,District 2 (Northeast),HUDSON,BLACK HAWK,IA 58,IA 58/HWY 58 & 5TH ST,Collision with:  Vehicle in traffic,On Roadway,Rear-end (front to rear),Followed too close,None Indicated,,Dusk,Dry,Clear,None apparent,Intersection:  T-intersection,Paved,,Property Damage Only,0,0,0,0,0,0,5000,2,2,,POINT (-92.462319202591 42.406463382001)
2014797768,14-2076,05/06/2014,05-May,3-Tuesday,17:36,1700 Hours,District 1 (Central),WEST DES MOINES,POLK,,ASHWORTH RD,Collision with:  Vehicle in traffic,On Roadway,"Angle, oncoming left turn",Other (explain in narrative):  Other,None Indicated,,Daylight,Dry,Cloudy,None apparent,Non-intersection:  Non-junction/no special feature,Paved,,Property Damage Only,0,0,0,0,0,0,1500,2,3,,POINT (-93.721438286802 41.584601784402)
2014800250,2014027545,05/06/2014,05-May,3-Tuesday,16:37,1600 Hours,District 1 (Central),,POLK,I-35,I-35,Collision with:  Vehicle in traffic,On Roadway,Rear-end (front to rear),Followed too close,None Indicated,,Daylight,Dry,Cloudy,None apparent,Non-intersection:  Non-junction/no special feature,Paved,,Property Damage Only,0,0,0,0,0,0,2000,2,4,,POINT (-93.669048231287 41.650842254668)
2014797705,14-11055,05/06/2014,05-May,3-Tuesday,17:00,1700 Hours,District 1 (Central),COLFAX,JASPER,,W 128TH ST S,Non-collision events:  Other non-collision (explain in narrative),On Roadway,Non-collision (single vehicle),Driving too fast for conditions,None Indicated,,Daylight,"Mud, dirt",Clear,None apparent,Non-intersection:  Other non-intersection (explain in narrative),Unpaved,,Property Damage Only,0,0,0,0,0,0,2500,1,5,,POINT (-93.299912311875 41.677645273254)
2014797763,20140012324,05/06/2014,05-May,3-Tuesday,17:53,1700 Hours,District 1 (Central),DES MOINES,POLK,,E ARMY POST RD,Collision with:  Vehicle in traffic,On Roadway,Broadside (front to side),Ran Traffic Signal,None Indicated,,Daylight,Dry,Clear,None apparent,Non-intersection:  Driveway access (within),Paved,,Property Damage Only,0,0,0,0,0,0,3000,2,3,,POINT (-93.60108477005 41.526314157982)
2014800628,14-002681,05/06/2014,05-May,3-Tuesday,17:20,1700 Hours,District 2 (Northeast),ALGONA,KOSSUTH,,E NORTH ST,Collision with:  Parked motor vehicle,On Roadway,Broadside (front to side),FTYROW:  From driveway,None Indicated,,Daylight,Dry,Cloudy,None apparent,Non-intersection:  Driveway access (within),Paved,,Property Damage Only,0,0,0,0,0,0,5000,2,1,,POINT (-94.233605037644 43.070876768441)
2014797753,14-2980,05/06/2014,05-May,3-Tuesday,15:55,1500 Hours,District 1 (Central),,POLK,I-35,I-35 & IA 415/2ND AVE,Collision with:  Vehicle in traffic,On Roadway,Rear-end (front to rear),Followed too close,None Indicated,,Daylight,Dry,Cloudy,None apparent,Intersection:  Intersection with ramp,Paved,,Possible/Unknown,0,1,0,0,1,0,5500,2,3,,POINT (-93.619997747283 41.650333677502)
2014798300,14-010561,05/06/2014,05-May,3-Tuesday,00:12,0000 Hours,District 5 (Southeast),,MARION,IA 92,IA 92/IOWA 92,Collision with:  Animal,,Non-collision (single vehicle),Animal,None Indicated,,,,,,,Paved,,Property Damage Only,0,0,0,0,0,0,2500,1,1,,POINT (-92.987683626698 41.307297631945)
2014803566,2014027547,05/06/2014,05-May,3-Tuesday,15:30,1500 Hours,District 2 (Northeast),,FAYETTE,,Co Rd W42/JUNIPER RD,Collision with:  Animal,,,Animal,None Indicated,,,,,,,Paved,,Property Damage Only,0,0,0,0,0,0,4000,1,1,,POINT (-91.793416595762 43.031426408434)
2014800085,1403262,05/06/2014,05-May,3-Tuesday,07:33,0700 Hours,District 5 (Southeast),WASHINGTON,WASHINGTON,,W 10TH ST & N MARION AVE,Collision with:  Vehicle in traffic,On Roadway,Broadside (front to side),FTYROW:  From driveway,None Indicated,,Daylight,Dry,Clear,None apparent,Non-intersection:  Driveway access (within),Paved,,Property Damage Only,0,0,0,0,0,0,1700,2,2,,POINT (-91.692980060656 41.307597011673)
2014797613,20140012276,05/06/2014,05-May,3-Tuesday,11:14,1100 Hours,District 1 (Central),DES MOINES,POLK,,MAPLE ST,Collision with:  Parked motor vehicle,On Roadway,Rear-end (front to rear),Other (explain in narrative):  Other,None Indicated,,Daylight,Dry,Clear,None apparent,Non-intersection:  Non-junction/no special feature,Paved,,Property Damage Only,0,0,0,0,0,0,2500,2,1,,POINT (-93.563906682161 41.598389755576)
2014797793,14-13885,05/06/2014,05-May,3-Tuesday,15:11,1500 Hours,District 3 (Northwest),SIOUX CITY,WOODBURY,,6TH ST & JENNINGS ST,Collision with:  Vehicle in traffic,On Roadway,Broadside (front to side),Ran Traffic Signal,None Indicated,,Daylight,Dry,Clear,None apparent,Intersection:  Four-way intersection,Paved,,Property Damage Only,0,0,0,0,0,0,8000,2,2,,POINT (-96.399383965413 42.49635580641)
2014797844,2014004983,05/06/2014,05-May,3-Tuesday,10:10,1000 Hours,District 6 (East Central),IOWA CITY,JOHNSON,,HIGHLAND AVE & GILBERT CT,Collision with fixed object:  Utility pole/light support,On Roadway,Non-collision (single vehicle),Made improper turn,None Indicated,,Daylight,Dry,Clear,None apparent,Intersection:  T-intersection,Paved,,Property Damage Only,0,0,0,0,0,0,2300,1,1,,POINT (-91.529847367018 41.645800783018)
2014797744,201406329,05/06/2014,05-May,3-Tuesday,14:26,1400 Hours,District 6 (East Central),CEDAR RAPIDS,LINN,I-380,I-380,Collision with:  Vehicle in traffic,On Roadway,Broadside (front to side),Ran Traffic Signal,None Indicated,,Daylight,Dry,Clear,None apparent,Intersection:  Intersection with ramp,Paved,,Minor Injury,0,1,0,1,0,0,10000,2,3,,POINT (-91.672747259024 42.029016668073)
2014810097,14-11012,05/06/2014,05-May,3-Tuesday,08:44,0800 Hours,District 1 (Central),NEWTON,JASPER,US 6,US 6/1ST AVE W/1ST AVE E & 1ST ST S & 1ST ST N,Collision with:  Vehicle in traffic,On Roadway,Rear-end (front to rear),Unknown,None Indicated,,Daylight,Other (explain in narrative),Clear,None apparent,Intersection:  Four-way intersection,Paved,,Possible/Unknown,0,1,0,0,1,0,500,2,3,,POINT (-93.053613872135 41.699533160548)
2014797755,14-0511,05/06/2014,05-May,3-Tuesday,07:45,0700 Hours,District 4 (Southwest),CLIVE,DALLAS,,HAWTHORN DR,Collision with:  Vehicle in traffic,On Roadway,Rear-end (front to rear),FTYROW:  From driveway,None Indicated,,Daylight,Dry,Clear,None apparent,Non-intersection:  Driveway access (within),Paved,,Property Damage Only,0,0,0,0,0,0,8300,2,3,,POINT (-93.822964894941 41.612697842669)
2014797603,14-2970,05/06/2014,05-May,3-Tuesday,09:44,0900 Hours,District 1 (Central),JOHNSTON,POLK,,Co Rd R6F/NW 66TH AVE,Collision with:  Vehicle in traffic,On Roadway,"Angle, oncoming left turn",Made improper turn,None Indicated,,Daylight,Dry,Clear,None apparent,Non-intersection:  Driveway access (within),Paved,,Minor Injury,0,1,0,1,0,0,10000,2,2,,POINT (-93.671481736894 41.680479506041)
2014797852,201406322,05/06/2014,05-May,3-Tuesday,13:29,1300 Hours,District 6 (East Central),CEDAR RAPIDS,LINN,IA 922,IA 922/1ST AVE E & 17TH ST NE,Collision with:  Vehicle in traffic,On Roadway,Rear-end (front to rear),Followed too close,None Indicated,,Daylight,Dry,Clear,Non-highway work,Intersection:  Other intersection (explain in narrative),Paved,,Property Damage Only,0,0,0,0,0,0,2600,2,2,,POINT (-91.648477251178 41.990303161468)
2014797961,,05/06/2014,05-May,3-Tuesday,07:53,0700 Hours,District 6 (East Central),CEDAR RAPIDS,LINN,IA 100,IA 100/NE RAMP A/PROPOSED IA100 NW RAMP C & EDGEWOOD RD NE & BUFFALO RD NE,Collision with:  Vehicle in traffic,On Roadway,"Sideswipe, same direction",Unknown,None Indicated,,Daylight,Dry,Clear,,Non-intersection:  Non-junction/no special feature,Paved,,Property Damage Only,0,0,0,0,0,0,4000,2,2,,POINT (-91.70171574859 42.029564189069)
2014798294,039-14,05/06/2014,05-May,3-Tuesday,17:47,1700 Hours,District 4 (Southwest),,MADISON,,Co Rd G61/MACKSBURG RD,Collision with fixed object:  Ditch,On Roadway,Non-collision (single vehicle),Exceeded authorized speed,None Indicated,,Daylight,Dry,Clear,None apparent,Non-intersection:  Non-junction/no special feature,Paved,,Minor Injury,0,1,0,1,0,0,5000,1,1,,POINT (-94.064250102667 41.214463948073)
2014797775,14-017810,05/06/2014,05-May,3-Tuesday,15:55,1500 Hours,District 4 (Southwest),COUNCIL BLUFFS,POTTAWATTAMIE,,TIMBERCREST DR & MADISON AVE,Collision with:  Vehicle in traffic,On Roadway,Rear-end (front to rear),Other (explain in narrative):  Other,None Indicated,,Daylight,Dry,Clear,None apparent,Intersection:  T-intersection,Paved,,Property Damage Only,0,0,0,0,0,0,15000,3,5,,POINT (-95.831727661542 41.250355251736)
2014797770,14-358,05/06/2014,05-May,3-Tuesday,08:25,0800 Hours,District 1 (Central),WINDSOR HEIGHTS,POLK,IA 28,IA 28/63RD ST & UNIVERSITY AVE,Collision with:  Vehicle in traffic,On Roadway,Rear-end (front to rear),Followed too close,None Indicated,,Daylight,Dry,Clear,None apparent,Intersection:  Four-way intersection,Paved,,Property Damage Only,0,0,0,0,0,0,2800,2,3,,POINT (-93.703662600052 41.600411548357)
2014797871,20140012397,05/06/2014,05-May,3-Tuesday,11:10,1100 Hours,District 1 (Central),DES MOINES,POLK,I-235,I-235 & DAY ST & 7TH ST,Collision with:  Vehicle in traffic,On Roadway,"Sideswipe, same direction",FTYROW:  Making left turn,None Indicated,,Daylight,Dry,Clear,None apparent,Non-intersection:  Other non-intersection (explain in narrative),Paved,,Possible/Unknown,0,1,0,0,0,1,2800,2,3,,POINT (-93.626919244067 41.596243951617)
2014797691,01-14-19008,05/06/2014,05-May,3-Tuesday,15:30,1500 Hours,District 6 (East Central),DUBUQUE,DUBUQUE,US 20,US 20/DODGE ST & CEDAR CROSS RD,Collision with:  Vehicle in traffic,On Roadway,"Sideswipe, same direction",Improper or erratic lane changing,None Indicated,,Daylight,Dry,Clear,None apparent,Non-intersection:  Non-junction/no special feature,Paved,,Property Damage Only,0,0,0,0,0,0,1600,2,2,,POINT (-90.714649431591 42.492265436457)
2014797609,20140012250,05/06/2014,05-May,3-Tuesday,07:15,0700 Hours,District 1 (Central),DES MOINES,POLK,,E ARMY POST RD & SE 4TH ST,Collision with:  Vehicle in traffic,On Roadway,Broadside (front to side),FTYROW:  From stop sign,None Indicated,,Daylight,Dry,Clear,None apparent,Intersection:  T-intersection,Paved,,Minor Injury,0,1,0,1,0,0,2500,2,4,,POINT (-93.608972372448 41.526389756246)
2014797908,2014-28826,05/06/2014,05-May,3-Tuesday,08:57,0800 Hours,District 6 (East Central),DAVENPORT,SCOTT,I-280,I-280 & IA 461/140 ST/W RIVER DR,Collision with:  Vehicle in traffic,On Roadway,"Angle, oncoming left turn",FTYROW:  Making left turn,None Indicated,,Daylight,Dry,Clear,None apparent,Intersection:  Intersection with ramp,Paved,,Possible/Unknown,0,3,0,0,3,0,10000,2,4,,POINT (-90.671229485132 41.509110920704)
2014797690,01-14-18946,05/06/2014,05-May,3-Tuesday,02:35,0200 Hours,District 6 (East Central),DUBUQUE,DUBUQUE,,FOOTHILL RD & KEY WAY,Collision with:  Parked motor vehicle,On Roadway,"Sideswipe, same direction",Lost Control,Alcohol (Statutory),,Dark - roadway lighted,Dry,Cloudy,None apparent,Intersection:  T-intersection,Paved,,Property Damage Only,0,0,0,0,0,0,6500,2,1,,POINT (-90.725204484296 42.508225709815)
2014798991,14-06275,05/06/2014,05-May,3-Tuesday,17:13,1700 Hours,District 3 (Northwest),SPENCER,CLAY,,E 9TH ST & 1ST AVE E,Collision with:  Vehicle in traffic,On Roadway,Broadside (front to side),FTYROW:  At uncontrolled intersection,None Indicated,,Daylight,Dry,Clear,None apparent,Non-intersection:  Non-junction/no special feature,Paved,,Property Damage Only,0,0,0,0,0,0,8500,2,2,,POINT (-95.143642622914 43.146778379694)
2014802709,,05/06/2014,05-May,3-Tuesday,11:50,1100 Hours,District 6 (East Central),MAQUOKETA,JACKSON,US 61,US 61,Collision with:  Other non-fixed object (explain in narrative),On Roadway,Non-collision (single vehicle),Swerving/Evasive Action,None Indicated,,Daylight,,Clear,Work Zone (roadway-related),Non-intersection:  Non-junction/no special feature,Paved,Yes,Property Damage Only,0,0,0,0,0,0,1500,2,4,,POINT (-90.682740117443 42.061998013204)
2014798817,14-5141,05/06/2014,05-May,3-Tuesday,09:15,0900 Hours,District 3 (Northwest),,SIOUX,IA 60,IA 60/IOWA 60,Collision with:  Vehicle in traffic,On Roadway,Rear-end (front to rear),Separation of units,None Indicated,,Daylight,Dry,Cloudy,None apparent,Non-intersection:  Non-junction/no special feature,Paved,,Major Injury,0,2,1,1,0,0,190000,2,2,,POINT (-95.879890004289 43.143139705539)
2014798544,,05/06/2014,05-May,3-Tuesday,15:47,1500 Hours,District 6 (East Central),DE WITT,CLINTON,,11TH ST,Collision with:  Vehicle in traffic,On Roadway,"Angle, oncoming left turn",FTYROW:  Making left turn,None Indicated,,Daylight,Dry,Clear,None apparent,Non-intersection:  Driveway access (within),Paved,,Property Damage Only,0,0,0,0,0,0,5000,2,5,,POINT (-90.556355761817 41.825717816354)
2014799463,E14061036,05/06/2014,05-May,3-Tuesday,10:36,1000 Hours,District 2 (Northeast),,FRANKLIN,IA 3,IA 3/IOWA 3 & Co Rd S41/MALLARD AVE,Collision with:  Vehicle in traffic,On Roadway,Rear-end (front to rear),Followed too close,None Indicated,,Daylight,Dry,Clear,None apparent,Non-intersection:  Non-junction/no special feature,Paved,,Possible/Unknown,0,1,0,0,1,0,13000,2,2,,POINT (-93.260796083518 42.741379032905)
2014797665,14-44147,05/06/2014,05-May,3-Tuesday,12:27,1200 Hours,District 2 (Northeast),DUNKERTON,BLACK HAWK,IA 281,IA 281/CANFIELD RD,Non-collision events:  Overturn/rollover,On Roadway,Non-collision (single vehicle),Ran off road - left,None Indicated,,Daylight,Dry,Cloudy,None apparent,Non-intersection:  Non-junction/no special feature,Paved,,Possible/Unknown,0,1,0,0,1,0,15000,1,1,,POINT (-92.160806021176 42.555977530997)
2014801373,2014-28910,05/06/2014,05-May,3-Tuesday,14:51,1400 Hours,District 6 (East Central),DAVENPORT,SCOTT,,W COLUMBIA AVE & N MICHIGAN AVE,Collision with:  Vehicle in traffic,On Roadway,Rear-end (front to rear),Improper Backing,None Indicated,,Daylight,Dry,Cloudy,None apparent,Intersection:  Other intersection (explain in narrative),Paved,,Property Damage Only,0,0,0,0,0,0,6000,2,2,,POINT (-90.627283436488 41.546723843327)
2014801196,80-14-133,05/06/2014,05-May,3-Tuesday,08:05,0800 Hours,District 2 (Northeast),HUMBOLDT,HUMBOLDT,,6TH AVE N & 8TH ST N,Collision with:  Vehicle in traffic,On Roadway,Broadside (front to side),Unknown,None Indicated,,Daylight,Dry,Clear,None apparent,Non-intersection:  Non-junction/no special feature,Paved,,Minor Injury,0,1,0,1,0,0,2700,2,4,,POINT (-94.219504265319 42.727825692678)
2014800724,2014027578,05/06/2014,05-May,3-Tuesday,20:13,2000 Hours,District 4 (Southwest),,DALLAS,US 6,US 6,Collision with:  Vehicle in traffic,On Roadway,Rear-end (front to rear),Followed too close,None Indicated,,Dusk,Dry,Clear,None apparent,Non-intersection:  Non-junction/no special feature,Paved,,Property Damage Only,0,0,0,0,0,0,5000,2,4,,POINT (-93.923185073887 41.614593786137)
2014799568,14003865,05/06/2014,05-May,3-Tuesday,19:29,1900 Hours,District 6 (East Central),,BUCHANAN,,Co Rd C57/115TH ST,Collision with:  Vehicle in traffic,On Roadway,Rear-end (front to rear),Lost Control,None Indicated,,Daylight,Dry,Clear,None apparent,Non-intersection:  Non-junction/no special feature,Paved,,Property Damage Only,0,0,0,0,0,0,28000,2,2,,POINT (-91.737998100887 42.621218322992)