Iowa DOT Case Number,Law Enforcement Case Number,Date of Crash,Month of Crash,Day of Week,Time of Crash,Hour,DOT District,City Name,County Name,Route with System,Location Description,First Harmful Event,Location of First Harmful Event,Manner of Crash/Collision,Major Cause,Drug or Alcohol ,Environmental Conditions,Light Conditions,Surface Conditions,Weather Conditions,Roadway Contribution,Roadway Type,Roadway Surface,Work Zone,Crash Severity,Number of Fatalities,Number of Injuries,Number of Major Injuries,Number of Minor Injuries,Number of Possible Injuries,Number of Unknown Injuries,Amount of Property Damage,Number of Vehicles Involved,Total Number of Occupants,Travel Direction,Location
2014797931,2014-09475,05/07/2014,05-May,4-Wednesday,18:52,1800 Hours,District 5 (Southeast),,WARREN,,118TH AVE,Non-collision events:  Overturn/rollover,On Roadway,Non-collision (single vehicle),Crossed centerline (undivided),None Indicated,,Daylight,"Mud, dirt",Clear,None apparent,Non-intersection:  Non-junction/no special feature,Unpaved,,Property Damage Only,0,0,0,0,0,0,3000,1,2,,POINT (-93.582563665859 41.314471528256)
2014809797,1403378,05/07/2014,05-May,4-Wednesday,17:26,1700 Hours,District 5 (Southeast),WASHINGTON,WASHINGTON,IA 92,IA 92/W MADISON ST & S B AVE,Collision with:  Non-motorist (see non-motorist section - NOT a unit),On Roadway,Non-collision (single vehicle),FTYROW:  Making left turn,None Indicated,,Daylight,Dry,Clear,None apparent,Intersection:  Four-way intersection,Paved,,Minor Injury,0,1,0,1,0,0,5,1,1,,POINT (-91.694360411135 41.296488466029)
2014798102,14-018948,05/07/2014,05-May,4-Wednesday,22:41,2200 Hours,District 5 (Southeast),MUSCATINE,MUSCATINE,,MAIN ST,Collision with fixed object:  Utility pole/light support,Roadside,Non-collision (single vehicle),Ran off road - right,Alcohol (Statutory),,Dark - roadway lighted,Dry,Cloudy,None apparent,Non-intersection:  Non-junction/no special feature,Paved,,Property Damage Only,0,0,0,0,0,0,8000,1,1,,POINT (-91.058897047951 41.415974076846)
2014802960,A14034,05/07/2014,05-May,4-Wednesday,13:09,1300 Hours,District 5 (Southeast),KNOXVILLE,MARION,,W WASHINGTON ST & S KENT ST,Collision with:  Parked motor vehicle,On Roadway,Head-on (front to front),FTYROW:  From driveway,None Indicated,,Daylight,Dry,Clear,None apparent,Non-intersection:  Driveway access (within),Paved,,Property Damage Only,0,0,0,0,0,0,1500,2,3,,POINT (-93.102080858029 41.316179707176)
2014798535,,05/08/2014,05-May,5-Thursday,07:30,0700 Hours,District 6 (East Central),DE WITT,CLINTON,,11TH ST & 11TH AVE,Collision with:  Vehicle in traffic,On Roadway,"Angle, oncoming left turn",FTYROW:  Making left turn,None Indicated,,Daylight,Dry,,None apparent,Intersection:  Four-way intersection,Paved,,Property Damage Only,0,0,0,0,0,0,4000,2,3,,POINT (-90.546279378342 41.825989209443)
2014800136,14100,05/08/2014,05-May,5-Thursday,15:40,1500 Hours,District 5 (Southeast),PELLA,MARION,,WASHINGTON ST & W 10TH ST,Collision with:  Vehicle in traffic,On Roadway,Rear-end (front to rear),"Operating vehicle in an reckless, erratic, careless, negligent manner",None Indicated,,Daylight,Dry,Cloudy,None apparent,Non-intersection:  Non-junction/no special feature,Paved,,Property Damage Only,0,0,0,0,0,0,1500,2,2,,POINT (-92.937339040677 41.411139727029)
2014798960,2014027838,05/08/2014,05-May,5-Thursday,07:40,0700 Hours,District 6 (East Central),CORALVILLE,JOHNSON,I-380,I-380,Collision with:  Vehicle in traffic,On Roadway,"Sideswipe, same direction",Crossed centerline (undivided),None Indicated,,Daylight,Dry,Cloudy,None apparent,Non-intersection:  Other non-intersection (explain in narrative),Paved,,Property Damage Only,0,0,0,0,0,0,5000,2,2,,POINT (-91.64210549934 41.706564342272)
2014798349,20140012548,05/08/2014,05-May,5-Thursday,21:53,2100 Hours,District 1 (Central),DES MOINES,POLK,I-235,I-235 & 19TH ST,Collision with:  Vehicle in traffic,On Roadway,Broadside (front to side),Ran Traffic Signal,None Indicated,,Dark - roadway lighted,Wet,Rain,None apparent,Intersection:  Intersection with ramp,Paved,,Possible/Unknown,0,1,0,0,1,0,15000,2,3,,POINT (-93.642567336509 41.596373730933)
2014799720,142396,05/08/2014,05-May,5-Thursday,03:32,0300 Hours,District 1 (Central),,HARDIN,,290TH ST,Non-collision events:  Overturn/rollover,On Roadway,Non-collision (single vehicle),Swerving/Evasive Action,None Indicated,,Dark - roadway not lighted,"Mud, dirt",Cloudy,None apparent,Non-intersection:  Non-junction/no special feature,Unpaved,,Possible/Unknown,0,1,0,0,1,0,4000,1,1,,POINT (-93.210706053997 42.278067655465)
2014799425,141873,05/08/2014,05-May,5-Thursday,15:22,1500 Hours,District 1 (Central),ELDORA,HARDIN,IA 175,IA 175/EDGINGTON AVE,Collision with:  Animal,,,Animal,None Indicated,,,,,,,Paved,,Property Damage Only,0,0,0,0,0,0,5000,1,1,,POINT (-93.127094386816 42.360723261561)
2014798069,14-15423,05/08/2014,05-May,5-Thursday,19:37,1900 Hours,District 5 (Southeast),BURLINGTON,DES MOINES,,MARKET ST & 9TH ST,Non-collision events:  Other non-collision (explain in narrative),On Roadway,Non-collision (single vehicle),Downhill runaway,None Indicated,,Daylight,Dry,Cloudy,None apparent,Non-intersection:  Non-junction/no special feature,Paved,,Minor Injury,0,1,0,1,0,0,2000,1,1,,POINT (-91.110068512776 40.809566146062)
2014798410,S14-001568,05/08/2014,05-May,5-Thursday,03:00,0300 Hours,District 4 (Southwest),,POTTAWATTAMIE,,Co Rd L19/145TH ST,Collision with fixed object:  Ditch,On Roadway,Non-collision (single vehicle),Driving too fast for conditions,None Indicated,,Dark - roadway not lighted,"Mud, dirt",Rain,None apparent,Non-intersection:  Non-junction/no special feature,Unpaved,,Possible/Unknown,0,1,0,0,1,0,5500,1,2,,POINT (-95.907594129353 41.470753562047)
2014798439,14-008563,05/08/2014,05-May,5-Thursday,08:06,0800 Hours,District 6 (East Central),BETTENDORF,SCOTT,,MIDDLE RD & 18TH ST,Collision with:  Vehicle in traffic,On Roadway,Broadside (front to side),Ran Traffic Signal,None Indicated,,Daylight,Dry,Clear,None apparent,Intersection:  Four-way intersection,Paved,,Property Damage Only,0,0,0,0,0,0,3500,2,2,,POINT (-90.506876824609 41.544337016429)
2014798180,14-0252,05/08/2014,05-May,5-Thursday,08:00,0800 Hours,District 1 (Central),BADGER,WEBSTER,,Co Rd P59/PARAGON AVE,Collision with fixed object:  Tree,Shoulder,Non-collision (single vehicle),Exceeded authorized speed,None Indicated,,Daylight,Wet,Clear,None apparent,Non-intersection:  Non-junction/no special feature,Paved,,Possible/Unknown,0,1,0,0,1,0,10100,1,1,,POINT (-94.148724172261 42.565630114158)
2014798208,W14-044843,05/08/2014,05-May,5-Thursday,09:01,0900 Hours,District 2 (Northeast),WATERLOO,BLACK HAWK,,PLYMOUTH AVE & LA PORTE RD,Collision with:  Vehicle in traffic,On Roadway,"Angle, oncoming left turn",FTYROW:  Making left turn,None Indicated,,Daylight,Dry,Clear,None apparent,Intersection:  Four-way intersection,Paved,,Property Damage Only,0,0,0,0,0,0,3000,2,2,,POINT (-92.322694984053 42.470277912028)
2014797870,20140012473,05/08/2014,05-May,5-Thursday,07:54,0700 Hours,District 1 (Central),DES MOINES,POLK,I-235,I-235 & COTTAGE GROVE AVE,Collision with:  Vehicle in traffic,On Roadway,Rear-end (front to rear),Other (explain in narrative):  Other,None Indicated,,Daylight,Dry,Cloudy,None apparent,Non-intersection:  Non-junction/no special feature,Paved,,Property Damage Only,0,0,0,0,0,0,1500,2,5,,POINT (-93.647559069053 41.595183789876)
2014798077,02-14-7127,05/08/2014,05-May,5-Thursday,00:48,0000 Hours,District 6 (East Central),EPWORTH,DUBUQUE,US 20,US 20,Collision with:  Animal,,,Animal,None Indicated,,,,,,,Paved,,Property Damage Only,0,0,0,0,0,0,2500,1,1,,POINT (-90.918243116856 42.440654914745)
2014798134,14-018164,05/08/2014,05-May,5-Thursday,18:00,1800 Hours,District 4 (Southwest),COUNCIL BLUFFS,POTTAWATTAMIE,US 275,US 275/VETERANS MEMORIAL HWY & GIFFORD RD & S 24TH ST,Collision with:  Vehicle in traffic,On Roadway,Broadside (front to side),Unknown,None Indicated,,Daylight,Dry,Clear,None apparent,Non-intersection:  Non-junction/no special feature,Paved,,Property Damage Only,0,0,0,0,0,0,2700,2,3,,POINT (-95.878862908187 41.218770921936)
2014801559,043-14,05/08/2014,05-May,5-Thursday,20:52,2000 Hours,District 4 (Southwest),,MADISON,US 169,US 169,Collision with:  Animal,,,Animal,None Indicated,,,,,,,Paved,,Property Damage Only,0,0,0,0,0,0,5500,1,1,,POINT (-94.041917878882 41.320255544177)
2014798066,CL14001404,05/08/2014,05-May,5-Thursday,17:02,1700 Hours,District 6 (East Central),CLINTON,CLINTON,,S BLUFF BLVD,Collision with:  Vehicle in traffic,On Roadway,"Sideswipe, same direction",Other (explain in narrative):  Vision obstructed,None Indicated,,Daylight,Dry,Cloudy,None apparent,Non-intersection:  Non-junction/no special feature,Paved,,Property Damage Only,0,0,0,0,0,0,3000,2,3,,POINT (-90.213180741789 41.839224935413)
2014818122,14000569,05/08/2014,05-May,5-Thursday,17:41,1700 Hours,District 1 (Central),,STORY,US 69,US 69 & Co Rd E57/280TH ST,Collision with:  Vehicle in traffic,On Roadway,Rear-end (front to rear),Improper Backing,None Indicated,,Daylight,Dry,Clear,None apparent,Intersection:  T-intersection,Paved,,Property Damage Only,0,0,0,0,0,0,3000,2,4,,POINT (-93.609972285529 41.948840790568)
2014797854,14009085,05/08/2014,05-May,5-Thursday,05:41,0500 Hours,District 6 (East Central),MARION,LINN,,RANDOLPH RD,Collision with fixed object:  Curb/island/raised median,Median,Non-collision (single vehicle),Crossed centerline (undivided),None Indicated,,Dark - unknown roadway lighting,Dry,Clear,None apparent,Non-intersection:  Non-junction/no special feature,Paved,,Minor Injury,0,1,0,1,0,0,2500,1,1,,POINT (-91.612100573036 42.076455983155)
2014797976,W14-044974,05/08/2014,05-May,5-Thursday,15:48,1500 Hours,District 2 (Northeast),WATERLOO,BLACK HAWK,,INDEPENDENCE AVE,Collision with:  Vehicle in traffic,On Roadway,Rear-end (front to rear),Other (explain in narrative):  No improper action,None Indicated,,Daylight,Dry,Cloudy,None apparent,Non-intersection:  Non-junction/no special feature,Paved,,Property Damage Only,0,0,0,0,0,0,3000,2,3,,POINT (-92.308578620591 42.498390925472)
2014798125,14-1009,05/08/2014,05-May,5-Thursday,15:58,1500 Hours,District 1 (Central),URBANDALE,POLK,I-35,I-35,Collision with:  Vehicle in traffic,On Roadway,"Sideswipe, same direction",Swerving/Evasive Action,None Indicated,,Daylight,Dry,Cloudy,None apparent,Non-intersection:  Non-junction/no special feature,Paved,,Property Damage Only,0,0,0,0,0,0,2500,2,2,,POINT (-93.736523177108 41.650429690475)
2014798291,14-001936,05/08/2014,05-May,5-Thursday,08:20,0800 Hours,District 3 (Northwest),INWOOD,LYON,IA 182,IA 182/S OAK ST & E MADISON ST,Collision with:  Vehicle in traffic,On Roadway,Unknown,FTYROW:  From stop sign,None Indicated,,Daylight,Wet,Cloudy,None apparent,Intersection:  Four-way intersection,Paved,,Property Damage Only,0,0,0,0,0,0,3250,2,2,,POINT (-96.430617807215 43.305221152768)
2014797843,PD1403796,05/08/2014,05-May,5-Thursday,14:13,1400 Hours,District 5 (Southeast),FAIRFIELD,JEFFERSON,,W BURLINGTON AVE,Collision with:  Vehicle in traffic,On Roadway,Rear-end (front to rear),Unknown,Refused,,Daylight,Dry,Cloudy,None apparent,Non-intersection:  Non-junction/no special feature,Paved,,Property Damage Only,0,0,0,0,0,0,2200,2,3,,POINT (-91.969376989875 41.006589062981)
2014798409,S14-001566,05/08/2014,05-May,5-Thursday,04:26,0400 Hours,District 4 (Southwest),,POTTAWATTAMIE,US 6,US 6,Collision with:  Animal,,Non-collision (single vehicle),Animal,None Indicated,,,,,,,Paved,,Property Damage Only,0,0,0,0,0,0,5000,1,777,,POINT (-95.756450241049 41.281292285273)
2014806807,32033-14,05/08/2014,05-May,5-Thursday,19:40,1900 Hours,District 3 (Northwest),,EMMET,,Co Rd A20/150 ST,Collision with:  Animal,,,Animal,None Indicated,,,,,,,Paved,,Property Damage Only,0,0,0,0,0,0,1700,1,1,,POINT (-94.857497550043 43.430404816568)
2014798556,14003915,05/08/2014,05-May,5-Thursday,05:40,0500 Hours,District 6 (East Central),,BUCHANAN,,150TH ST,Collision with:  Animal,,Non-collision (single vehicle),Animal,None Indicated,,,,,,,Paved,,Property Damage Only,0,0,0,0,0,0,4000,1,1,,POINT (-92.077533036509 42.569359227156)
2014798114,20140012533,05/08/2014,05-May,5-Thursday,17:03,1700 Hours,District 1 (Central),DES MOINES,POLK,,57TH ST,Collision with:  Vehicle in traffic,On Roadway,Broadside (front to side),FTYROW:  From driveway,None Indicated,,Daylight,Dry,Cloudy,None apparent,Non-intersection:  Driveway access (within),Paved,,Property Damage Only,0,0,0,0,0,0,5500,2,3,,POINT (-93.6960621493 41.618967617535)
2014798113,20140012504,05/08/2014,05-May,5-Thursday,13:22,1300 Hours,District 1 (Central),DES MOINES,POLK,,MLK JR PKWY & INGERSOLL AVE,Collision with:  Vehicle in traffic,On Roadway,Broadside (front to side),Ran Traffic Signal,None Indicated,,Daylight,Dry,Clear,None apparent,Intersection:  Four-way intersection,Paved,,Property Damage Only,0,0,0,0,0,0,4000,2,2,,POINT (-93.644777356589 41.585741818722)
2014798110,14-0529,05/08/2014,05-May,5-Thursday,18:13,1800 Hours,District 1 (Central),CLIVE,POLK,US 6,US 6/HICKMAN RD & NW 100TH ST,Collision with:  Vehicle in traffic,On Roadway,Rear-end (front to rear),Other (explain in narrative):  Other,None Indicated,,Daylight,Dry,Cloudy,None apparent,Intersection:  Four-way intersection,Paved,,Property Damage Only,0,0,0,0,0,0,4000,2,3,,POINT (-93.755922289088 41.614842588739)
2014798392,14-1014,05/08/2014,05-May,5-Thursday,20:40,2000 Hours,District 1 (Central),URBANDALE,POLK,,79TH ST,Collision with fixed object:  Other fixed object (explain in narrative),On Roadway,Non-collision (single vehicle),Lost Control,None Indicated,,Dark - roadway lighted,Wet,Rain,None apparent,Non-intersection:  Non-junction/no special feature,Paved,,Property Damage Only,0,0,0,0,0,0,15200,1,1,,POINT (-93.726820825953 41.63342291328)
2014798490,14-14165,05/08/2014,05-May,5-Thursday,17:07,1700 Hours,District 3 (Northwest),SIOUX CITY,WOODBURY,,W 21ST ST & KENNEDY DR,Collision with:  Vehicle in traffic,On Roadway,"Angle, oncoming left turn",Made improper turn,None Indicated,,Daylight,Dry,Clear,None apparent,Intersection:  T-intersection,Paved,,Property Damage Only,0,0,0,0,0,0,3000,2,2,,POINT (-96.413689963097 42.512156134503)
2014797932,S14-4400,05/08/2014,05-May,5-Thursday,02:42,0200 Hours,District 3 (Northwest),SALIX,WOODBURY,I-29,I-29,Collision with fixed object:  Ditch,On Roadway,Non-collision (single vehicle),Swerving/Evasive Action,None Indicated,,Dark - roadway not lighted,Wet,Rain,Obstruction in roadway,Non-intersection:  Non-junction/no special feature,Paved,,Property Damage Only,0,0,0,0,0,0,10000,1,2,,POINT (-96.296592961511 42.299584394764)
2014805391,,05/08/2014,05-May,5-Thursday,08:17,0800 Hours,District 2 (Northeast),DECORAH,WINNESHIEK,,E BROADWAY ST & LINN ST,Collision with:  Vehicle in traffic,On Roadway,Broadside (front to side),FTYROW:  From stop sign,None Indicated,,Daylight,Dry,Clear,None apparent,Intersection:  Four-way intersection,Paved,,Property Damage Only,0,0,0,0,0,0,3000,2,2,,POINT (-91.779700515009 43.302331224662)
2014799148,,05/08/2014,05-May,5-Thursday,12:30,1200 Hours,District 6 (East Central),CEDAR RAPIDS,LINN,,BLAIRS FERRY RD NE,Collision with:  Vehicle in traffic,On Roadway,"Sideswipe, opposite direction",Unknown,None Indicated,,Daylight,Wet,Rain,,Non-intersection:  Other non-intersection (explain in narrative),Paved,,Property Damage Only,0,0,0,0,0,0,3987,2,2,,POINT (-91.636725004732 42.034673694736)
2014798098,14009216,05/08/2014,05-May,5-Thursday,15:23,1500 Hours,District 6 (East Central),MARION,LINN,,10TH AVE & 11TH ST,Collision with:  Vehicle in traffic,On Roadway,Broadside (front to side),FTYROW:  From stop sign,None Indicated,,Daylight,Dry,Cloudy,None apparent,Intersection:  Four-way intersection,Paved,,Property Damage Only,0,0,0,0,0,0,11000,2,3,,POINT (-91.598068210047 42.036225380692)
2014798476,2014-09547,05/08/2014,05-May,5-Thursday,13:53,1300 Hours,District 5 (Southeast),INDIANOLA,WARREN,US 65,US 65/N JEFFERSON WAY & E EUCLID AVE,Collision with:  Vehicle in traffic,On Roadway,"Angle, oncoming left turn",FTYROW:  Making left turn,None Indicated,,Daylight,Dry,Cloudy,None apparent,Intersection:  Four-way intersection,Paved,,Property Damage Only,0,0,0,0,0,0,8000,2,2,,POINT (-93.558388997089 41.365619679175)
2014798451,2014-29568,05/08/2014,05-May,5-Thursday,14:17,1400 Hours,District 6 (East Central),DAVENPORT,SCOTT,,MOUND ST,Collision with fixed object:  Utility pole/light support,Roadside,Non-collision (single vehicle),Improper Backing,None Indicated,,Daylight,Dry,Clear,None apparent,Non-intersection:  Driveway access (within),Paved,,Property Damage Only,0,0,0,0,0,0,2000,1,2,,POINT (-90.546492997447 41.530518207268)
2014798197,,05/08/2014,05-May,5-Thursday,03:35,0300 Hours,District 2 (Northeast),,FLOYD,US 18,US 18,,Outside trafficway,Non-collision (single vehicle),Ran off road - straight,None Indicated,,Dark - roadway lighted,Dry,Cloudy,None apparent,Intersection:  T-intersection,Paved,,Property Damage Only,0,0,0,0,0,0,10000,1,1,,POINT (-92.737698608268 43.120305105251)
2014798183,14-1346,05/08/2014,05-May,5-Thursday,15:00,1500 Hours,District 1 (Central),FORT DODGE,WEBSTER,,7TH AVE S,Collision with:  Parked motor vehicle,Shoulder,Broadside (front to side),Driving too fast for conditions,None Indicated,,Daylight,Dry,Clear,None apparent,Non-intersection:  Driveway access (within),Paved,,Property Damage Only,0,0,0,0,0,0,4000,2,1,,POINT (-94.15067223287 42.499238786508)
2014799061,14019025,05/08/2014,05-May,5-Thursday,14:10,1400 Hours,District 5 (Southeast),MUSCATINE,MUSCATINE,US 61,US 61 & ISETT AVE,Collision with:  Vehicle in traffic,On Roadway,"Angle, oncoming left turn",Unknown,None Indicated,,Daylight,Unknown,Cloudy,None apparent,Intersection:  Four-way intersection,Paved,,Property Damage Only,0,0,0,0,0,0,1850,3,3,,POINT (-91.042110340886 41.451798185293)
2014798137,14-4667,05/08/2014,05-May,5-Thursday,17:33,1700 Hours,District 3 (Northwest),,SAC,US 20,US 20/SE RAMP/SW RAMP & US 71/KARR AVE,Collision with:  Vehicle in traffic,On Roadway,Broadside (front to side),FTYROW:  From stop sign,None Indicated,,Daylight,Dry,Cloudy,None apparent,Intersection:  Intersection with ramp,Paved,,Possible/Unknown,0,1,0,0,1,0,23000,2,2,,POINT (-95.14809964292 42.470751033202)
2014797898,2014-29452,05/08/2014,05-May,5-Thursday,07:21,0700 Hours,District 6 (East Central),DAVENPORT,SCOTT,,E CENTRAL PARK AVE & FARNAM ST,Collision with fixed object:  Other fixed object (explain in narrative),Shoulder,Non-collision (single vehicle),Unknown,None Indicated,,Dark - unknown roadway lighting,Dry,Clear,None apparent,Intersection:  T-intersection,Paved,,Property Damage Only,0,0,0,0,0,0,2000,1,1,,POINT (-90.567065016719 41.546059258939)
2014800725,2014027911,05/08/2014,05-May,5-Thursday,13:40,1300 Hours,District 6 (East Central),CORALVILLE,JOHNSON,I-80,I-80,Collision with:  Vehicle in traffic,On Roadway,"Sideswipe, same direction",Ran off road - left,None Indicated,,Daylight,Dry,Cloudy,None apparent,Non-intersection:  Non-junction/no special feature,Paved,,Property Damage Only,0,0,0,0,0,0,7100,2,2,,POINT (-91.591780725169 41.691700773395)
2014798084,C14001391,05/08/2014,05-May,5-Thursday,09:30,0900 Hours,District 6 (East Central),CORALVILLE,JOHNSON,,23RD AVE,Collision with:  Parked motor vehicle,On Roadway,Broadside (front to side),Improper Backing,None Indicated,,Daylight,Dry,Clear,None apparent,Non-intersection:  Non-junction/no special feature,Paved,,Property Damage Only,0,0,0,0,0,0,5500,2,777,,POINT (-91.596574980211 41.690057137548)
2014805393,,05/08/2014,05-May,5-Thursday,15:30,1500 Hours,District 2 (Northeast),DECORAH,WINNESHIEK,,E RURAL AVE & DAY ST,Collision with:  Vehicle in traffic,On Roadway,Broadside (front to side),FTYROW:  From stop sign,None Indicated,,Daylight,Dry,Clear,None apparent,Intersection:  Four-way intersection,Paved,,Property Damage Only,0,0,0,0,0,0,3700,2,2,,POINT (-91.783543572384 43.296330150541)
2014799429,,05/08/2014,05-May,5-Thursday,15:33,1500 Hours,District 5 (Southeast),FORT MADISON,LEE,,AVE G,Collision with:  Parked motor vehicle,Shoulder,"Sideswipe, same direction",Lost Control,None Indicated,,Daylight,Dry,Clear,None apparent,Non-intersection:  Non-junction/no special feature,Paved,,Property Damage Only,0,0,0,0,0,0,7000,2,3,,POINT (-91.341379967257 40.631259631899)
2014798198,,05/08/2014,05-May,5-Thursday,16:40,1600 Hours,District 6 (East Central),CAMANCHE,CLINTON,US 67,US 67 & 9TH ST,Collision with:  Vehicle in traffic,On Roadway,Rear-end (front to rear),Followed too close,None Indicated,,Daylight,Dry,Cloudy,Work Zone (roadway-related),,Paved,Yes,Property Damage Only,0,0,0,0,0,0,10000,2,3,,POINT (-90.279088895049 41.786420193985)
2014798559,14-4787,05/08/2014,05-May,5-Thursday,17:34,1700 Hours,District 3 (Northwest),CARROLL,CARROLL,US 71,US 71 & 4TH ST,Collision with:  Vehicle in traffic,On Roadway,Rear-end (front to rear),Followed too close,None Indicated,,Daylight,Dry,Clear,None apparent,Non-intersection:  Non-junction/no special feature,Paved,,Property Damage Only,0,0,0,0,0,0,4000,2,3,,POINT (-94.878574594802 42.065634655909)
2014797975,W14-044817,05/08/2014,05-May,5-Thursday,04:42,0400 Hours,District 2 (Northeast),WATERLOO,BLACK HAWK,US 218,US 218/WASHINGTON ST & MITCHELL AVE,Collision with:  Vehicle in traffic,On Roadway,"Sideswipe, opposite direction",FTYROW:  Making left turn,None Indicated,,Dark - roadway lighted,Dry,Clear,None apparent,Intersection:  Four-way intersection,Paved,,Possible/Unknown,0,2,0,0,1,1,22000,2,2,,POINT (-92.322066927663 42.476623333915)
2014798296,042-14,05/08/2014,05-May,5-Thursday,18:37,1800 Hours,District 4 (Southwest),,MADISON,,HOGBACK BRIDGE RD,Collision with fixed object:  Tree,Outside trafficway,Non-collision (single vehicle),Crossed centerline (undivided),None Indicated,,Daylight,Dry,Clear,None apparent,Non-intersection:  Non-junction/no special feature,Unpaved,,Property Damage Only,0,0,0,0,0,0,5000,1,0,,POINT (-94.045641712638 41.388723729917)
2014803223,2014027888,05/08/2014,05-May,5-Thursday,10:45,1000 Hours,District 6 (East Central),DE WITT,CLINTON,,10TH ST,Collision with:  Vehicle in traffic,On Roadway,Broadside (front to side),FTYROW:  From driveway,None Indicated,,Daylight,Dry,Cloudy,None apparent,Non-intersection:  Driveway access (within),Paved,,Property Damage Only,0,0,0,0,0,0,4000,2,3,,POINT (-90.539675191265 41.825199426421)
2014798133,14-018139,05/08/2014,05-May,5-Thursday,15:02,1500 Hours,District 4 (Southwest),COUNCIL BLUFFS,POTTAWATTAMIE,,2ND AVE & S 23RD ST,Collision with:  Vehicle in traffic,On Roadway,Broadside (front to side),Ran Stop Sign,None Indicated,,Daylight,Wet,Rain,None apparent,Intersection:  Four-way intersection,Paved,,Possible/Unknown,0,1,0,0,1,0,3100,2,3,,POINT (-95.878372505567 41.259771127451)
2014798375,20140012538,05/08/2014,05-May,5-Thursday,19:31,1900 Hours,District 1 (Central),DES MOINES,POLK,I-235,I-235 & GUTHRIE AVE,Collision with fixed object:  Bridge overhead structure,Shoulder,Non-collision (single vehicle),Ran off road - left,None Indicated,,Daylight,Wet,Rain,"Surface condition (e.g., wet, icy)",Non-intersection:  Other non-intersection (explain in narrative),Paved,,Possible/Unknown,0,1,0,0,1,0,3000,1,1,,POINT (-93.577470252177 41.615003820627)
2014798870,201402014,05/08/2014,05-May,5-Thursday,08:39,0800 Hours,District 1 (Central),,BOONE,,198TH RD & 200TH ST & L AVE,Non-collision events:  Overturn/rollover,On Roadway,Non-collision (single vehicle),Ran off road - right,None Indicated,,Daylight,Dry,Cloudy,None apparent,Non-intersection:  Non-junction/no special feature,Paved,,Fatal,1,3,1,2,0,0,5000,1,4,,POINT (-93.950708944848 42.063906936783)
2014799189,14-15327,05/08/2014,05-May,5-Thursday,08:55,0800 Hours,District 5 (Southeast),WEST BURLINGTON,DES MOINES,,Co Rd X40/BEAVERDALE RD,Collision with:  Vehicle in traffic,On Roadway,Head-on (front to front),Crossed centerline (undivided),None Indicated,,Daylight,Dry,Clear,None apparent,Non-intersection:  Non-junction/no special feature,Paved,,Major Injury,0,1,1,0,0,0,10000,2,3,,POINT (-91.211555376056 40.857493776707)
2014799434,,05/08/2014,05-May,5-Thursday,11:07,1100 Hours,District 2 (Northeast),NEW HAMPTON,CHICKASAW,,W COURT ST,Collision with:  Other non-fixed object (explain in narrative),On Roadway,Non-collision (single vehicle),Other (explain in narrative):  Other,None Indicated,,Daylight,Dry,Clear,None apparent,Non-intersection:  Non-junction/no special feature,Paved,,Property Damage Only,0,0,0,0,0,0,2000,1,1,,POINT (-92.321754231816 43.061072284132)
2014798083,SO1401692,05/08/2014,05-May,5-Thursday,15:44,1500 Hours,District 5 (Southeast),,JEFFERSON,,236TH BLVD,Collision with fixed object:  Mailbox,Shoulder,Non-collision (single vehicle),Ran off road - left,None Indicated,,Daylight,"Mud, dirt",Cloudy,None apparent,Non-intersection:  Non-junction/no special feature,Unpaved,,Property Damage Only,0,0,0,0,0,0,1600,1,3,,POINT (-91.95848853904 40.965540590367)
2014892599,CP14-373,05/08/2014,05-May,5-Thursday,07:15,0700 Hours,District 2 (Northeast),CLARION,WRIGHT,IA 3,IA 3/CENTRAL AVE,Collision with:  Vehicle in traffic,On Roadway,Rear-end (front to rear),FTYROW:  Other (explain in narrative),None Indicated,,Daylight,Dry,Clear,None apparent,Intersection:  Other intersection (explain in narrative),Paved,Yes,Property Damage Only,0,0,0,0,0,0,3000,2,2,,POINT (-93.720149788297 42.73180223786)
2014798491,14-14178,05/08/2014,05-May,5-Thursday,19:25,1900 Hours,District 3 (Northwest),SIOUX CITY,WOODBURY,,COOK DR & HAMILTON BLVD & W 28TH ST,Collision with:  Vehicle in traffic,On Roadway,Broadside (front to side),Ran Traffic Signal,None Indicated,,Daylight,Dry,Clear,None apparent,Intersection:  Four-way intersection,Paved,,Possible/Unknown,0,1,0,0,1,0,5000,2,4,,POINT (-96.417594231899 42.518801976114)
2014798674,,05/08/2014,05-May,5-Thursday,18:12,1800 Hours,District 1 (Central),COLFAX,JASPER,,W BROADWAY ST & KELLY ST,Collision with:  Vehicle in traffic,On Roadway,Broadside (front to side),Driving too fast for conditions,None Indicated,,Daylight,Dry,Cloudy,None apparent,Intersection:  Four-way intersection,Paved,,Property Damage Only,0,0,0,0,0,0,3200,2,4,,POINT (-93.252759693249 41.675434794634)
2014798068,14-15341,05/08/2014,05-May,5-Thursday,10:59,1000 Hours,District 5 (Southeast),BURLINGTON,DES MOINES,,WEST AVE & TERRACE DR,Non-collision events:  Other non-collision (explain in narrative),On Roadway,Non-collision (single vehicle),Other (explain in narrative):  No improper action,None Indicated,,Daylight,Dry,Cloudy,None apparent,Non-intersection:  Non-junction/no special feature,Paved,,Minor Injury,0,1,0,1,0,0,2000,1,1,,POINT (-91.137911845448 40.800416656059)
2014798842,2014027965,05/08/2014,05-May,5-Thursday,21:55,2100 Hours,District 4 (Southwest),,CASS,US 71,US 71/630TH ST,Collision with:  Animal,On Roadway,Non-collision (single vehicle),Animal,None Indicated,,Dark - roadway not lighted,Dry,Clear,None apparent,Non-intersection:  Non-junction/no special feature,Paved,,Property Damage Only,0,0,0,0,0,0,3000,1,1,,POINT (-94.984341260941 41.350980641438)