Iowa DOT Case Number,Law Enforcement Case Number,Date of Crash,Month of Crash,Day of Week,Time of Crash,Hour,DOT District,City Name,County Name,Route with System,Location Description,First Harmful Event,Location of First Harmful Event,Manner of Crash/Collision,Major Cause,Drug or Alcohol ,Environmental Conditions,Light Conditions,Surface Conditions,Weather Conditions,Roadway Contribution,Roadway Type,Roadway Surface,Work Zone,Crash Severity,Number of Fatalities,Number of Injuries,Number of Major Injuries,Number of Minor Injuries,Number of Possible Injuries,Number of Unknown Injuries,Amount of Property Damage,Number of Vehicles Involved,Total Number of Occupants,Travel Direction,Location
2014798604,14-2242,05/08/2014,05-May,5-Thursday,15:45,1500 Hours,District 6 (East Central),HIAWATHA,LINN,,18TH AVE,Collision with:  Vehicle in traffic,On Roadway,Rear-end (front to rear),Lost Control,None Indicated,,Daylight,Dry,Cloudy,None apparent,Non-intersection:  Non-junction/no special feature,Paved,,Possible/Unknown,0,1,0,0,1,0,3500,2,2,,POINT (-91.697302265389 42.043969391756)
2014801605,14-001709,05/08/2014,05-May,5-Thursday,21:58,2100 Hours,District 4 (Southwest),CARTER LAKE,POTTAWATTAMIE,,N 11TH ST,Collision with:  Vehicle in traffic,On Roadway,Head-on (front to front),Ran off road - left,Alcohol (Statutory),,Dark - roadway lighted,Dry,Clear,None apparent,Non-intersection:  Non-junction/no special feature,Paved,,Possible/Unknown,0,1,0,0,1,0,11500,2,1,,POINT (-95.915702707788 41.289443370494)
2014798085,C14001399,05/08/2014,05-May,5-Thursday,09:20,0900 Hours,District 6 (East Central),CORALVILLE,JOHNSON,,OAKDALE BLVD & CROSSPARK RD,Collision with:  Vehicle in traffic,On Roadway,Broadside (front to side),FTYROW:  From stop sign,None Indicated,,Daylight,Dry,Cloudy,None apparent,Intersection:  Four-way intersection,Paved,,Property Damage Only,0,0,0,0,0,0,2250,2,2,,POINT (-91.604936616645 41.708478848921)
2014798128,14-2102,05/08/2014,05-May,5-Thursday,16:47,1600 Hours,District 1 (Central),WEST DES MOINES,POLK,,WESTOWN PKWY & 22ND ST,Collision with:  Vehicle in traffic,On Roadway,Rear-end (front to rear),Driver Distraction:  Manual operation of an electronic communication device,None Indicated,,Daylight,Dry,Clear,None apparent,Non-intersection:  Non-junction/no special feature,Paved,,Property Damage Only,0,0,0,0,0,0,3200,3,4,,POINT (-93.736083291584 41.596992963818)
2014798135,14-018200,05/08/2014,05-May,5-Thursday,20:30,2000 Hours,District 4 (Southwest),COUNCIL BLUFFS,POTTAWATTAMIE,,4TH AVE & S 15TH ST,Collision with:  Parked motor vehicle,On Roadway,"Sideswipe, same direction",Unknown,None Indicated,,Dusk,Dry,Clear,None apparent,Non-intersection:  Non-junction/no special feature,Paved,,Property Damage Only,0,0,0,0,0,0,3000,2,1,,POINT (-95.866008727061 41.257891271072)
2014798463,14-002273,05/08/2014,05-May,5-Thursday,17:17,1700 Hours,District 1 (Central),AMES,STORY,,STANGE RD,Collision with:  Vehicle in traffic,On Roadway,Rear-end (front to rear),Followed too close,None Indicated,,Daylight,Dry,Clear,None apparent,Non-intersection:  Non-junction/no special feature,Paved,,Property Damage Only,0,0,0,0,0,0,2500,2,2,,POINT (-93.644852414514 42.044543581993)
2014798889,032-050-14,05/08/2014,05-May,5-Thursday,09:53,0900 Hours,District 3 (Northwest),ESTHERVILLE,EMMET,IA 4,IA 4/S 9TH ST/N 9TH ST & IA 9/CENTRAL AVE,Collision with:  Vehicle in traffic,On Roadway,Broadside (front to side),Ran Traffic Signal,None Indicated,,Daylight,Wet,Cloudy,None apparent,Intersection:  Four-way intersection,Paved,,Minor Injury,0,1,0,1,0,0,8000,2,2,,POINT (-94.832771233246 43.402017575636)
2014805392,,05/08/2014,05-May,5-Thursday,14:01,1400 Hours,District 2 (Northeast),DECORAH,WINNESHIEK,,E WATER ST & JOHN ST,Collision with:  Vehicle in traffic,On Roadway,Broadside (front to side),FTYROW:  From stop sign,None Indicated,,Daylight,Dry,Cloudy,None apparent,Intersection:  Four-way intersection,Paved,,Property Damage Only,0,0,0,0,0,0,9500,2,2,,POINT (-91.7821788196 43.30417654802)
2014798467,14002274,05/08/2014,05-May,5-Thursday,17:42,1700 Hours,District 1 (Central),AMES,STORY,,STORM ST & HAYWARD AVE,Collision with:  Vehicle in traffic,On Roadway,"Angle, oncoming left turn",FTYROW:  Making left turn,None Indicated,,Daylight,Dry,Cloudy,Work Zone (roadway-related),Intersection:  Four-way intersection,Paved,Yes,Property Damage Only,0,0,0,0,0,0,2000,2,2,,POINT (-93.651715416623 42.016143163828)
2014798557,14003946,05/08/2014,05-May,5-Thursday,20:52,2000 Hours,District 6 (East Central),,BUCHANAN,I-380,I-380 & LEGAL NOT OPEN,Collision with:  Animal,,Non-collision (single vehicle),Animal,None Indicated,,,,,,,Paved,,Property Damage Only,0,0,0,0,0,0,10000,1,1,,POINT (-91.959954430694 42.297636403702)
2014798270,2014005064,05/08/2014,05-May,5-Thursday,17:33,1700 Hours,District 6 (East Central),IOWA CITY,JOHNSON,,N DUBUQUE ST,Collision with:  Vehicle in traffic,On Roadway,Rear-end (front to rear),Followed too close,None Indicated,,Daylight,Wet,Cloudy,Work Zone (roadway-related),Non-intersection:  Non-junction/no special feature,Paved,Yes,Property Damage Only,0,0,0,0,0,0,2500,2,2,,POINT (-91.532623819734 41.675306688434)
2014798099,14-2243,05/08/2014,05-May,5-Thursday,15:53,1500 Hours,District 6 (East Central),HIAWATHA,LINN,I-380,I-380 & BOYSON RD,Collision with:  Vehicle in traffic,On Roadway,Rear-end (front to rear),Lost Control,None Indicated,,Daylight,Dry,Cloudy,None apparent,Interchange-related:  Off-ramp,Paved,,Property Damage Only,0,0,0,0,0,0,3000,2,4,,POINT (-91.683434181606 42.046170789622)
2014798649,14-8597,05/08/2014,05-May,5-Thursday,18:00,1800 Hours,District 6 (East Central),BETTENDORF,SCOTT,,LINCOLN RD & KIMBERLY RD,Collision with:  Vehicle in traffic,On Roadway,"Angle, oncoming left turn",FTYROW:  Making left turn,None Indicated,,Daylight,Dry,Cloudy,None apparent,Intersection:  Four-way intersection,Paved,,Possible/Unknown,0,2,0,0,2,0,4000,2,5,,POINT (-90.521579704498 41.536666394825)
2014798411,S14-001575,05/08/2014,05-May,5-Thursday,16:10,1600 Hours,District 4 (Southwest),,POTTAWATTAMIE,,Co Rd L20/OLD LINCOLN HWY & SCHOOL HILL AVE,Collision with:  Vehicle in traffic,On Roadway,Rear-end (front to rear),Followed too close,None Indicated,,Daylight,Dry,Clear,None apparent,Non-intersection:  Non-junction/no special feature,Paved,,Possible/Unknown,0,1,0,0,1,0,15100,3,3,,POINT (-95.837411840862 41.300299557076)
2014798074,01-14-19258,05/08/2014,05-May,5-Thursday,10:34,1000 Hours,District 6 (East Central),DUBUQUE,DUBUQUE,,CEDAR CROSS RD,Collision with:  Vehicle in traffic,On Roadway,"Angle, oncoming left turn",Ran Traffic Signal,None Indicated,,Daylight,Dry,Clear,None apparent,Intersection:  Four-way intersection,Paved,,Possible/Unknown,0,1,0,0,1,0,5000,2,4,,POINT (-90.714647137002 42.492328428103)
2014798508,2014027924,05/08/2014,05-May,5-Thursday,15:05,1500 Hours,District 5 (Southeast),,DECATUR,I-35,I-35,Non-collision events:  Overturn/rollover,On Roadway,Non-collision (single vehicle),Crossed centerline (undivided),None Indicated,,Daylight,Dry,Cloudy,None apparent,Non-intersection:  Non-junction/no special feature,Paved,,Possible/Unknown,0,1,0,0,1,0,4000,1,1,,POINT (-93.867491313694 40.644832362444)
2014798119,20140012530,05/08/2014,05-May,5-Thursday,17:17,1700 Hours,District 1 (Central),DES MOINES,POLK,,6TH AVE,Collision with:  Vehicle in traffic,On Roadway,Rear-end (front to rear),Followed too close,None Indicated,,Daylight,Dry,Cloudy,None apparent,Intersection:  Four-way intersection,Paved,,Possible/Unknown,0,1,0,0,1,0,1500,3,3,,POINT (-93.624551256142 41.585853470647)
2014798116,20140012540,05/08/2014,05-May,5-Thursday,19:45,1900 Hours,District 1 (Central),DES MOINES,POLK,US 69,US 69/SE 14TH ST & E VIRGINIA AVE,Collision with:  Vehicle in traffic,On Roadway,Broadside (front to side),FTYROW:  From stop sign,None Indicated,,Daylight,Wet,Rain,None apparent,Intersection:  Four-way intersection,Paved,,Possible/Unknown,0,1,0,0,1,0,5600,2,2,,POINT (-93.596854936517 41.557744742404)
2014798117,20140012545,05/08/2014,05-May,5-Thursday,21:23,2100 Hours,District 1 (Central),DES MOINES,POLK,,HUBBELL AVE & E 29TH ST,Collision with:  Vehicle in traffic,Roadside,Broadside (front to side),FTYROW:  Other (explain in narrative),None Indicated,,Dark - roadway not lighted,Wet,Rain,Traffic control obscured,Intersection:  Four-way intersection,Paved,,Possible/Unknown,0,1,0,0,0,1,4000,2,4,,POINT (-93.561264672411 41.620299260748)
2014798067,141183,05/08/2014,05-May,5-Thursday,22:30,2200 Hours,District 3 (Northwest),,CRAWFORD,,Co Rd M14/KENWOOD RD,Collision with:  Animal,,,Animal,None Indicated,,,,,,,Paved,,Property Damage Only,0,0,0,0,0,0,2000,1,1,,POINT (-95.493609937801 41.93622663111)
2014798104,14-3041,05/08/2014,05-May,5-Thursday,16:45,1600 Hours,District 1 (Central),DES MOINES,POLK,US 69,US 69/NE 14TH ST,Collision with:  Vehicle in traffic,On Roadway,Rear-end (front to rear),Followed too close,None Indicated,,Daylight,Dry,Cloudy,None apparent,Non-intersection:  Non-junction/no special feature,Paved,,Property Damage Only,0,0,0,0,0,0,3000,2,2,,POINT (-93.600509016518 41.654436325287)
2014797863,14-3023,05/08/2014,05-May,5-Thursday,04:00,0400 Hours,District 1 (Central),,POLK,,NW 102ND AVE,Collision with fixed object:  Ditch,Shoulder,Non-collision (single vehicle),Ran off road - right,Under Influence of Alcohol/Drugs/Medications,,Dark - roadway not lighted,"Mud, dirt",Clear,None apparent,Non-intersection:  Non-junction/no special feature,Unpaved,,Property Damage Only,0,0,0,0,0,0,10000,1,1,,POINT (-93.798784030513 41.746064946616)
2014798148,2014-29551,05/08/2014,05-May,5-Thursday,12:57,1200 Hours,District 6 (East Central),DAVENPORT,SCOTT,,IA 461/BRADY ST,Collision with:  Vehicle in traffic,On Roadway,"Sideswipe, same direction",Swerving/Evasive Action,None Indicated,,Daylight,Dry,Cloudy,None apparent,Non-intersection:  Non-junction/no special feature,Paved,,Property Damage Only,0,0,0,0,0,0,3500,2,3,,POINT (-90.569475204734 41.574192134263)
2014798488,14-14141,05/08/2014,05-May,5-Thursday,13:31,1300 Hours,District 3 (Northwest),SIOUX CITY,WOODBURY,IA 12,IA 12/GORDON DR & STONE AVE,Collision with:  Vehicle in traffic,On Roadway,Rear-end (front to rear),Followed too close,None Indicated,,Daylight,Dry,Cloudy,None apparent,Intersection:  Four-way intersection,Paved,,Possible/Unknown,0,1,0,0,1,0,7000,2,2,,POINT (-96.352084334863 42.479228275208)
2014797867,20140012468,05/08/2014,05-May,5-Thursday,07:00,0700 Hours,District 1 (Central),DES MOINES,POLK,US 69,US 69/E 14TH ST,Collision with:  Vehicle in traffic,On Roadway,"Angle, oncoming left turn",FTYROW:  From stop sign,None Indicated,,Daylight,Dry,Clear,None apparent,Intersection:  Four-way intersection,Paved,,Property Damage Only,0,0,0,0,0,0,4450,2,3,,POINT (-93.600556946759 41.625973401773)
2014797878,20140012462,05/08/2014,05-May,5-Thursday,04:10,0400 Hours,District 1 (Central),DES MOINES,POLK,,COLLEGE AVE & 41ST ST,Collision with:  Parked motor vehicle,On Roadway,Rear-end (front to rear),Other (explain in narrative):  Other,None Indicated,,Dark - roadway lighted,Dry,Clear,Other (explain in narrative),Non-intersection:  Non-junction/no special feature,Paved,,Property Damage Only,0,0,0,0,0,0,3000,2,1,,POINT (-93.672979391989 41.607377690305)
2014798295,041-14,05/08/2014,05-May,5-Thursday,16:27,1600 Hours,District 4 (Southwest),,MADISON,,Co Rd R35/WILDROSE AVE & 330TH ST,Collision with:  Vehicle in traffic,On Roadway,Broadside (front to side),Ran Stop Sign,None Indicated,,Daylight,Dry,Clear,None apparent,Intersection:  Four-way intersection,Paved,,Property Damage Only,0,0,0,0,0,0,8000,2,3,,POINT (-93.82432701483 41.174806381649)
2014798525,2014027923,05/08/2014,05-May,5-Thursday,15:04,1500 Hours,District 5 (Southeast),,LOUISA,US 61,US 61 & IA 92/IOWA 92 & Co Rd G48/CO HWY 252,Non-collision events:  Other non-collision (explain in narrative),Median,Non-collision (single vehicle),Made improper turn,None Indicated,,Daylight,Dry,Cloudy,None apparent,Intersection:  Four-way intersection,Paved,,Property Damage Only,0,0,0,0,0,0,4500,1,1,,POINT (-91.196983389551 41.276620729225)
2014798968,141869,05/08/2014,05-May,5-Thursday,04:00,0400 Hours,District 1 (Central),ELDORA,HARDIN,,17TH AVE & 7TH ST,Collision with:  Other non-fixed object (explain in narrative),On Roadway,Non-collision (single vehicle),Driver Distraction:  Manual operation of an electronic communication device,None Indicated,,Dark - unknown roadway lighting,Dry,Clear,None apparent,Intersection:  T-intersection,Paved,,Property Damage Only,0,0,0,0,0,0,2500,1,1,,POINT (-93.09220066248 42.357091148511)
2014798487,14-14134,05/08/2014,05-May,5-Thursday,12:22,1200 Hours,District 3 (Northwest),SIOUX CITY,WOODBURY,,5TH ST & WESLEY PKWY & W 3RD ST,Collision with:  Vehicle in traffic,On Roadway,Rear-end (front to rear),Ran off road - right,None Indicated,,Daylight,Dry,Clear,None apparent,Intersection:  Four-way intersection,Paved,,Possible/Unknown,0,1,0,0,1,0,5800,2,5,,POINT (-96.410625624565 42.495211025862)
2014798123,20140012512,05/08/2014,05-May,5-Thursday,12:45,1200 Hours,District 1 (Central),DES MOINES,POLK,,,Collision with fixed object:  Bridge pier or support,On Roadway,Non-collision (single vehicle),Other (explain in narrative):  Other,None Indicated,,Daylight,Dry,Cloudy,None apparent,Non-intersection:  Other non-intersection (explain in narrative),,,Property Damage Only,0,0,0,0,0,0,5300,1,2,,POINT (-96.643700149993 40.233091251414)
2014798489,14-14151,05/08/2014,05-May,5-Thursday,15:04,1500 Hours,District 3 (Northwest),SIOUX CITY,WOODBURY,,W 4TH ST,Collision with:  Animal,,,Animal,None Indicated,,,,,,,Paved,,Property Damage Only,0,0,0,0,0,0,2500,1,1,,POINT (-96.451340713744 42.499672519636)
2014798568,14007159,05/08/2014,05-May,5-Thursday,06:35,0600 Hours,District 2 (Northeast),MASON CITY,CERRO GORDO,,TENNESSEE PL,Collision with:  Vehicle in traffic,On Roadway,Broadside (front to side),FTYROW:  From stop sign,None Indicated,,Daylight,Dry,Cloudy,None apparent,Intersection:  Four-way intersection,Paved,,Property Damage Only,0,0,0,0,0,0,6000,2,5,,POINT (-93.178816896023 43.148174024397)
2014798524,2014027908,05/08/2014,05-May,5-Thursday,13:26,1300 Hours,District 6 (East Central),DAVENPORT,SCOTT,I-80,I-80 & I-280,Collision with:  Vehicle in traffic,On Roadway,"Sideswipe, same direction",Unknown,None Indicated,,Daylight,Dry,Clear,None apparent,Non-intersection:  Non-junction/no special feature,Paved,,Property Damage Only,0,0,0,0,0,0,1500,2,4,,POINT (-90.676210356102 41.598546874287)
2014798735,14003719,05/08/2014,05-May,5-Thursday,21:00,2100 Hours,District 6 (East Central),,DELAWARE,,Co Rd D47/300TH ST,Collision with:  Animal,,,Animal,None Indicated,,,,,,,Paved,,Property Damage Only,0,0,0,0,0,0,1500,1,1,,POINT (-91.521976128264 42.354472433488)
2014798078,01-14-19289,05/08/2014,05-May,5-Thursday,18:10,1800 Hours,District 6 (East Central),DUBUQUE,DUBUQUE,,JOHN F KENNEDY RD & W 32ND ST,Collision with:  Vehicle in traffic,On Roadway,Broadside (front to side),FTYROW:  From stop sign,None Indicated,,Daylight,Dry,Cloudy,None apparent,Intersection:  Four-way intersection,Paved,,Property Damage Only,0,0,0,0,0,0,2000,2,2,,POINT (-90.726145184454 42.52692122859)
2014804973,SO140180,05/08/2014,05-May,5-Thursday,00:16,0000 Hours,District 4 (Southwest),,ADAMS,,Co Rd N26/BIRCH AVE,Collision with:  Other non-fixed object (explain in narrative),On Roadway,Non-collision (single vehicle),Other (explain in narrative):  No improper action,None Indicated,,Dark - roadway not lighted,Dry,Clear,None apparent,Non-intersection:  Non-junction/no special feature,Paved,,Property Damage Only,0,0,0,0,0,0,8000,1,1,,POINT (-94.896429496004 40.999890766062)
2014799261,14099,05/08/2014,05-May,5-Thursday,21:15,2100 Hours,District 5 (Southeast),PELLA,MARION,,UNION ST & MAIN ST,Collision with:  Vehicle in traffic,On Roadway,Broadside (front to side),FTYROW:  From stop sign,Alcohol (< Statutory),,Dark - roadway lighted,Dry,Rain,None apparent,Intersection:  Four-way intersection,Paved,,Possible/Unknown,0,1,0,0,1,0,7000,2,2,,POINT (-92.916504974751 41.404073544535)
2014798105,14-3043,05/08/2014,05-May,5-Thursday,18:22,1800 Hours,District 1 (Central),BONDURANT,POLK,,GRANT ST S,Collision with:  Vehicle in traffic,On Roadway,Rear-end (front to rear),Driver Distraction:  Manual operation of an electronic communication device,None Indicated,,Daylight,Dry,Cloudy,None apparent,Intersection:  Intersection with ramp,Paved,,Property Damage Only,0,0,0,0,0,0,5500,2,3,,POINT (-93.464558590567 41.669711843894)
2014798961,2014027995,05/08/2014,05-May,5-Thursday,18:50,1800 Hours,District 5 (Southeast),,WARREN,I-35,I-35,Collision with:  Vehicle in traffic,On Roadway,Rear-end (front to rear),Unknown,None Indicated,,Daylight,Wet,Rain,None apparent,Non-intersection:  Non-junction/no special feature,Paved,,Property Damage Only,0,0,0,0,0,0,2000,2,3,,POINT (-93.780048105923 41.407287550023)
2014798338,14-0526,05/08/2014,05-May,5-Thursday,14:20,1400 Hours,District 1 (Central),CLIVE,POLK,,HARBACH BLVD,Collision with:  Parked motor vehicle,On Roadway,Rear-end (front to rear),Swerving/Evasive Action,None Indicated,,Daylight,Dry,Rain,None apparent,Non-intersection:  Non-junction/no special feature,Paved,,Property Damage Only,0,0,0,0,0,0,4000,2,1,,POINT (-93.726195526358 41.607657328419)
2014814285,2014-0626,05/08/2014,05-May,5-Thursday,15:58,1500 Hours,District 1 (Central),JEFFERSON,GREENE,,230TH & JORDAN AVE,,On Roadway,Non-collision (single vehicle),Driving too fast for conditions,None Indicated,,Daylight,Dry,Cloudy,None apparent,Non-intersection:  Non-junction/no special feature,Unpaved,,Property Damage Only,0,0,0,0,0,0,5000,1,1,,POINT (-94.440703531477 42.022460851524)
2014798108,14-001992,05/08/2014,05-May,5-Thursday,07:43,0700 Hours,District 1 (Central),ANKENY,POLK,US 69,US 69/S ANKENY BLVD & SE MAGAZINE RD & SW MAGAZINE RD,Collision with:  Vehicle in traffic,On Roadway,"Angle, oncoming left turn",Ran Traffic Signal,None Indicated,,Daylight,Dry,Cloudy,None apparent,Intersection:  Four-way intersection,Paved,,Property Damage Only,0,0,0,0,0,0,7500,2,2,,POINT (-93.600445173835 41.7173512789)
2014798903,14002537,05/08/2014,05-May,5-Thursday,15:35,1500 Hours,District 3 (Northwest),SHELDON,OBRIEN,,E 9TH ST,Collision with fixed object:  Mailbox,On Roadway,Non-collision (single vehicle),Ran off road - right,None Indicated,,Daylight,Dry,Cloudy,None apparent,Non-intersection:  Non-junction/no special feature,Paved,,Property Damage Only,0,0,0,0,0,0,6800,1,1,,POINT (-95.823465374916 43.178699742934)
2014798244,14-15405,05/08/2014,05-May,5-Thursday,17:26,1700 Hours,District 5 (Southeast),BURLINGTON,DES MOINES,,4TH ST,Collision with:  Vehicle in traffic,On Roadway,Rear-end (front to rear),FTYROW:  From parked position,None Indicated,,Daylight,Dry,Cloudy,None apparent,Non-intersection:  Non-junction/no special feature,Paved,,Property Damage Only,0,0,0,0,0,0,1700,2,3,,POINT (-91.103124612391 40.812361678408)
2014798337,14-0523,05/08/2014,05-May,5-Thursday,08:02,0800 Hours,District 1 (Central),CLIVE,POLK,US 6,US 6/HICKMAN RD,Collision with:  Vehicle in traffic,On Roadway,Rear-end (front to rear),Followed too close,None Indicated,,Daylight,Dry,Cloudy,None apparent,Non-intersection:  Non-junction/no special feature,Paved,,Property Damage Only,0,0,0,0,0,0,1700,3,4,,POINT (-93.786926018739 41.614949786225)
2014798065,CL14001403,05/08/2014,05-May,5-Thursday,15:52,1500 Hours,District 6 (East Central),CLINTON,CLINTON,,6TH AVE S,Collision with:  Parked motor vehicle,On Roadway,Broadside (front to side),Over correcting/over steering,None Indicated,,Daylight,Dry,Cloudy,None apparent,Non-intersection:  Non-junction/no special feature,Paved,,Property Damage Only,0,0,0,0,0,0,8500,2,1,,POINT (-90.189155121312 41.840052937653)
2014798127,14-1013,05/08/2014,05-May,5-Thursday,17:42,1700 Hours,District 1 (Central),URBANDALE,POLK,,DOUGLAS AVE,Collision with:  Vehicle in traffic,On Roadway,Rear-end (front to rear),Followed too close,None Indicated,,Daylight,Dry,Clear,None apparent,Non-intersection:  Non-junction/no special feature,Paved,,Property Damage Only,0,0,0,0,0,0,3800,2,4,,POINT (-93.757292406881 41.629362132494)
2014797971,W14-045012,05/08/2014,05-May,5-Thursday,17:23,1700 Hours,District 2 (Northeast),WATERLOO,BLACK HAWK,,INDEPENDENCE AVE & VINTON ST,Collision with:  Vehicle in traffic,Roadside,Broadside (front to side),Ran Stop Sign,None Indicated,,Daylight,Dry,Cloudy,None apparent,Intersection:  Four-way intersection,Paved,,Possible/Unknown,0,1,0,0,1,0,3000,2,2,,POINT (-92.320810217257 42.498328980876)
2014798136,GP20140345,05/08/2014,05-May,5-Thursday,14:25,1400 Hours,District 1 (Central),GRINNELL,POWESHIEK,IA 146,IA 146/WEST ST & 1ST AVE,Collision with:  Vehicle in traffic,On Roadway,"Sideswipe, same direction",Swerving/Evasive Action,None Indicated,,Daylight,Dry,Cloudy,None apparent,Intersection:  Four-way intersection,Paved,,Property Damage Only,0,0,0,0,0,0,2900,2,4,,POINT (-92.727377619762 41.738925596904)
2014805394,,05/08/2014,05-May,5-Thursday,17:05,1700 Hours,District 2 (Northeast),DECORAH,WINNESHIEK,,W MAIN ST & RIVER ST,Collision with:  Vehicle in traffic,On Roadway,Broadside (front to side),FTYROW:  From stop sign,None Indicated,,Daylight,Dry,Cloudy,None apparent,Intersection:  Four-way intersection,Paved,,Property Damage Only,0,0,0,0,0,0,3500,2,2,,POINT (-91.789680724334 43.303274694416)
2014798095,14009200,05/08/2014,05-May,5-Thursday,12:48,1200 Hours,District 6 (East Central),MARION,LINN,,6TH AVE & 7TH ST,Collision with:  Vehicle in traffic,On Roadway,Broadside (front to side),Ran Stop Sign,None Indicated,,Daylight,Wet,Rain,None apparent,Intersection:  Four-way intersection,Paved,,Property Damage Only,0,0,0,0,0,0,4500,2,2,,POINT (-91.602790969972 42.032410256395)
2014798798,2014-29675,05/08/2014,05-May,5-Thursday,22:30,2200 Hours,District 6 (East Central),DAVENPORT,SCOTT,,RIPLEY ST,Collision with:  Parked motor vehicle,On Roadway,"Sideswipe, same direction",Unknown,None Indicated,,Dark - roadway lighted,Dry,Clear,None apparent,Non-intersection:  Non-junction/no special feature,Paved,,Property Damage Only,0,0,0,0,0,0,3500,2,1,,POINT (-90.5784810112 41.532493538168)
2014798094,201406438,05/08/2014,05-May,5-Thursday,19:04,1900 Hours,District 6 (East Central),CEDAR RAPIDS,LINN,,F AVE NW,Collision with fixed object:  Utility pole/light support,Roadside,Non-collision (single vehicle),Ran off road - right,None Indicated,,Daylight,Dry,Cloudy,None apparent,Non-intersection:  Non-junction/no special feature,Paved,,Property Damage Only,0,0,0,0,0,0,21000,1,1,,POINT (-91.687340317894 41.979063839852)
2014798567,14-003800,05/08/2014,05-May,5-Thursday,16:20,1600 Hours,District 4 (Southwest),ATLANTIC,CASS,US 6,US 6/7TH ST & OLIVE ST,Collision with:  Vehicle in traffic,On Roadway,Rear-end (front to rear),Driver Distraction:  Reaching for object(s)/fallen object(s),None Indicated,,Daylight,Dry,Cloudy,None apparent,Non-intersection:  Non-junction/no special feature,Paved,,Property Damage Only,0,0,0,0,0,0,7000,2,2,,POINT (-95.003308756121 41.403891952604)
2014798401,14-0368,05/08/2014,05-May,5-Thursday,16:30,1600 Hours,District 1 (Central),WINDSOR HEIGHTS,POLK,,UNIVERSITY AVE,Collision with:  Vehicle in traffic,On Roadway,"Sideswipe, same direction",FTYROW:  Other (explain in narrative),None Indicated,,Daylight,Dry,Clear,None apparent,Non-intersection:  Non-junction/no special feature,Paved,,Property Damage Only,0,0,0,0,0,0,2000,2,5,,POINT (-93.717401966618 41.600371667861)
2014798316,05-14-052,05/08/2014,05-May,5-Thursday,12:29,1200 Hours,District 3 (Northwest),LE MARS,PLYMOUTH,,HAWKEYE AVE & 6TH AVE SW,Collision with fixed object:  Traffic sign support,On Roadway,Non-collision (single vehicle),Over correcting/over steering,None Indicated,,Daylight,Wet,Rain,None apparent,Non-intersection:  Railroad grade crossing,Paved,,Property Damage Only,0,0,0,0,0,0,1500,1,1,,POINT (-96.175293879663 42.785954962765)
2014798147,2014-29463,05/08/2014,05-May,5-Thursday,08:12,0800 Hours,District 6 (East Central),DAVENPORT,SCOTT,,W LOMBARD ST & LILLIE AVE,Collision with:  Vehicle in traffic,On Roadway,Broadside (front to side),FTYROW:  From stop sign,None Indicated,,Daylight,Dry,Cloudy,None apparent,Intersection:  Four-way intersection,Paved,,Property Damage Only,0,0,0,0,0,0,2500,2,4,,POINT (-90.589986729748 41.541876893322)
2014798132,14-018116,05/08/2014,05-May,5-Thursday,12:16,1200 Hours,District 4 (Southwest),COUNCIL BLUFFS,POTTAWATTAMIE,I-29,I-29 & IA 192/S EXPRESSWAY & 30TH AVE,Collision with:  Vehicle in traffic,On Roadway,Rear-end (front to rear),Driving too fast for conditions,None Indicated,,Daylight,Wet,Cloudy,None apparent,Intersection:  Four-way intersection,Paved,,Possible/Unknown,0,1,0,0,1,0,15000,2,2,,POINT (-95.851337557948 41.230669294291)
2014802432,14-000567,05/08/2014,05-May,5-Thursday,00:52,0000 Hours,District 1 (Central),,STORY,,Co Rd E29/190TH ST & 570TH AVE,Collision with:  Non-motorist (see non-motorist section - NOT a unit),On Roadway,Non-collision (single vehicle),Other (explain in narrative):  No improper action,None Indicated,,Dark - roadway not lighted,Dry,Cloudy,None apparent,Intersection:  Four-way intersection,Paved,,Major Injury,0,1,1,0,0,0,1000,1,1,,POINT (-93.560577064276 42.077995058446)
2014798450,2014-29538,05/08/2014,05-May,5-Thursday,11:20,1100 Hours,District 6 (East Central),DAVENPORT,SCOTT,I-80,I-80 & IA 130/NEW LIBERTY RD,Collision with:  Vehicle in traffic,On Roadway,"Angle, oncoming left turn",FTYROW:  Making left turn,None Indicated,,Daylight,Dry,Cloudy,None apparent,Intersection:  Four-way intersection,Paved,,Property Damage Only,0,0,0,0,0,0,4000,2,2,,POINT (-90.617794877679 41.598746652807)
2014798302,14-010805,05/08/2014,05-May,5-Thursday,16:30,1600 Hours,District 5 (Southeast),,MARION,,EAST HWY 163,Collision with:  Vehicle in traffic,On Roadway,Rear-end (front to rear),Driving too fast for conditions,None Indicated,,Daylight,Dry,Clear,None apparent,Intersection:  T-intersection,Paved,,Property Damage Only,0,0,0,0,0,0,1750,2,4,,POINT (-92.873602974743 41.391721009433)
2014798106,14-001998,05/08/2014,05-May,5-Thursday,15:02,1500 Hours,District 1 (Central),ANKENY,POLK,,SE 3RD ST & SE TRILEIN DR,Collision with:  Vehicle in traffic,On Roadway,Broadside (front to side),Ran Stop Sign,None Indicated,,Daylight,Dry,Clear,None apparent,Intersection:  Four-way intersection,Paved,,Property Damage Only,0,0,0,0,0,0,4000,2,2,,POINT (-93.590759898014 41.729615035508)
2014798269,2014005052,05/08/2014,05-May,5-Thursday,12:46,1200 Hours,District 6 (East Central),IOWA CITY,JOHNSON,IA 1,IA 1/IOWA 1 & SUNSET ST,Collision with:  Vehicle in traffic,On Roadway,Rear-end (front to rear),Followed too close,None Indicated,,Daylight,Dry,Cloudy,None apparent,Intersection:  Four-way intersection,Paved,,Property Damage Only,0,0,0,0,0,0,8000,2,2,,POINT (-91.558557655618 41.642057328244)