Iowa DOT Case Number,Law Enforcement Case Number,Date of Crash,Month of Crash,Day of Week,Time of Crash,Hour,DOT District,City Name,County Name,Route with System,Location Description,First Harmful Event,Location of First Harmful Event,Manner of Crash/Collision,Major Cause,Drug or Alcohol ,Environmental Conditions,Light Conditions,Surface Conditions,Weather Conditions,Roadway Contribution,Roadway Type,Roadway Surface,Work Zone,Crash Severity,Number of Fatalities,Number of Injuries,Number of Major Injuries,Number of Minor Injuries,Number of Possible Injuries,Number of Unknown Injuries,Amount of Property Damage,Number of Vehicles Involved,Total Number of Occupants,Travel Direction,Location
2014799031,14-013268,05/08/2014,05-May,5-Thursday,04:16,0400 Hours,District 5 (Southeast),,LEE,US 61,US 61,Collision with:  Animal,,,Animal,None Indicated,,,,,,,Paved,,Property Damage Only,0,0,0,0,0,0,2000,1,1,,POINT (-91.251745308839 40.681896079214)
2014798553,14006609,05/09/2014,05-May,6-Friday,16:31,1600 Hours,District 5 (Southeast),CENTERVILLE,APPANOOSE,IA 5,IA 5/S 18TH ST & E WALL ST,Non-collision events:  Other non-collision (explain in narrative),On Roadway,Rear-end (front to rear),Followed too close,None Indicated,,Daylight,Dry,Clear,None apparent,Non-intersection:  Non-junction/no special feature,Paved,,Possible/Unknown,0,1,0,0,1,0,8000,4,5,,POINT (-92.867940243329 40.727769545856)
2014798370,20140012641,05/09/2014,05-May,6-Friday,16:58,1600 Hours,District 1 (Central),DES MOINES,POLK,IA 163,IA 163/E UNIVERSITY AVE & E 21ST ST,Collision with:  Vehicle in traffic,Shoulder,"Sideswipe, same direction",Other (explain in narrative):  Other,None Indicated,,Daylight,Dry,Clear,None apparent,Intersection:  Four-way intersection,Paved,,Property Damage Only,0,0,0,0,0,0,2000,2,4,,POINT (-93.580713093052 41.60052187438)
2014798418,14-018291,05/09/2014,05-May,6-Friday,14:25,1400 Hours,District 4 (Southwest),COUNCIL BLUFFS,POTTAWATTAMIE,I-29,I-29,Collision with:  Vehicle in traffic,On Roadway,"Angle, oncoming left turn",Ran Traffic Signal,None Indicated,,Daylight,Dry,Clear,None apparent,Intersection:  T-intersection,Paved,,Property Damage Only,0,0,0,0,0,0,6000,2,2,,POINT (-95.891765351279 41.232758479022)
2014798662,S14-4479,05/09/2014,05-May,6-Friday,18:08,1800 Hours,District 3 (Northwest),,WOODBURY,,ALLISON AVE & 225TH ST,Non-collision events:  Overturn/rollover,On Roadway,Non-collision (single vehicle),Swerving/Evasive Action,None Indicated,,Daylight,Dry,Clear,None apparent,Intersection:  Four-way intersection,Unpaved,,Property Damage Only,0,0,0,0,0,0,5000,1,1,,POINT (-96.389581160736 42.378155578943)
2014799239,201406482,05/09/2014,05-May,6-Friday,15:04,1500 Hours,District 6 (East Central),CEDAR RAPIDS,LINN,,42ND ST NE & CENTER POINT RD NE,Collision with:  Non-motorist (see non-motorist section - NOT a unit),On Roadway,Non-collision (single vehicle),FTYROW:  To pedestrian,None Indicated,,Daylight,Dry,Clear,None apparent,Non-intersection:  Non-junction/no special feature,Paved,,Major Injury,0,1,1,0,0,0,1000,1,1,,POINT (-91.665439478448 42.021483651345)
2014803261,,05/09/2014,05-May,6-Friday,18:40,1800 Hours,District 2 (Northeast),HAMPTON,FRANKLIN,,2ND AVE SW & 6TH ST SW,Non-collision events:  Other non-collision (explain in narrative),On Roadway,Non-collision (single vehicle),Unknown,None Indicated,,Daylight,Dry,Clear,None apparent,Intersection:  Four-way intersection,Paved,,Minor Injury,0,1,0,1,0,0,2000,1,1,,POINT (-93.214755156938 42.73988064456)
2014804455,1405091846,05/09/2014,05-May,6-Friday,18:45,1800 Hours,District 6 (East Central),,JONES,,Co Rd X73/EBYS MILL RD,Collision with fixed object:  Ditch,Roadside,Non-collision (single vehicle),Ran off road - straight,None Indicated,,Daylight,"Mud, dirt",Clear,None apparent,Non-intersection:  Non-junction/no special feature,Unpaved,,Possible/Unknown,0,1,0,0,1,0,5000,1,2,,POINT (-91.00979590815 42.278695160657)
2014798385,20140012594,05/09/2014,05-May,6-Friday,11:03,1100 Hours,District 1 (Central),DES MOINES,POLK,,SAYLOR RD,Collision with:  Vehicle in traffic,On Roadway,Rear-end (front to rear),"Operating vehicle in an reckless, erratic, careless, negligent manner",None Indicated,,Daylight,Dry,Cloudy,None apparent,Intersection:  Four-way intersection,Paved,,Property Damage Only,0,0,0,0,0,0,2500,2,2,,POINT (-93.610734301321 41.610436391419)
2014798274,2014005116,05/09/2014,05-May,6-Friday,18:26,1800 Hours,District 6 (East Central),IOWA CITY,JOHNSON,IA 1,IA 1/GOVERNOR ST & IOWA AVE,Collision with:  Vehicle in traffic,On Roadway,"Sideswipe, same direction",Followed too close,None Indicated,,Daylight,Dry,Cloudy,None apparent,Intersection:  Four-way intersection,Paved,,Property Damage Only,0,0,0,0,0,0,3000,2,3,,POINT (-91.522855080205 41.661202916877)
2014798775,14-0532,05/09/2014,05-May,6-Friday,17:29,1700 Hours,District 1 (Central),CLIVE,POLK,I-35,I-35,Non-collision events:  Other non-collision (explain in narrative),On Roadway,Rear-end (front to rear),Other (explain in narrative):  Other,None Indicated,,Daylight,Dry,Clear,None apparent,Non-intersection:  Non-junction/no special feature,Paved,,Property Damage Only,0,0,0,0,0,0,8000,2,2,,POINT (-93.776868120819 41.609965169799)
2014798505,2014028158,05/09/2014,05-May,6-Friday,21:55,2100 Hours,District 1 (Central),,WEBSTER,IA 7,IA 7/190TH ST,Collision with:  Animal,,,Animal,None Indicated,,,,,,,Paved,,Property Damage Only,0,0,0,0,0,0,2000,1,1,,POINT (-94.235401710433 42.515377402652)
2014799739,2014005092,05/09/2014,05-May,6-Friday,11:40,1100 Hours,District 6 (East Central),IOWA CITY,JOHNSON,,ABBEY LN & MORMON TREK BLVD,Non-collision events:  Other non-collision (explain in narrative),Unknown,Non-collision (single vehicle),Cargo/equipment loss or shift,None Indicated,,Daylight,Dry,Clear,None apparent,Unknown,Paved,,Property Damage Only,0,0,0,0,0,0,1500,2,5,,POINT (-91.574173547118 41.643396002533)
2014801376,2014-29896,05/09/2014,05-May,6-Friday,16:58,1600 Hours,District 6 (East Central),DAVENPORT,SCOTT,,BEIDERBECKE DR & HARRISON ST,Collision with:  Vehicle in traffic,On Roadway,Rear-end (front to rear),Improper Backing,None Indicated,,Daylight,Dry,Clear,None apparent,Intersection:  T-intersection,Paved,,Possible/Unknown,0,1,0,0,1,0,3000,2,2,,POINT (-90.577040941731 41.519376851598)
2014799821,14C02081,05/09/2014,05-May,6-Friday,14:07,1400 Hours,District 4 (Southwest),CRESTON,UNION,,W FREMONT ST,Collision with:  Vehicle in traffic,On Roadway,Broadside (front to side),FTYROW:  From driveway,None Indicated,,Daylight,Dry,Clear,None apparent,Non-intersection:  Driveway access (within),Paved,,Property Damage Only,0,0,0,0,0,0,1900,2,2,,POINT (-94.371191398046 41.053232141735)
2014798101,14005815,05/09/2014,05-May,6-Friday,10:16,1000 Hours,District 4 (Southwest),GLENWOOD,MILLS,,LOUISE AVE,Collision with:  Vehicle in traffic,On Roadway,"Sideswipe, opposite direction",Unknown,None Indicated,,Daylight,Dry,Clear,None apparent,Non-intersection:  Non-junction/no special feature,Paved,,Property Damage Only,0,0,0,0,0,0,1500,2,2,,POINT (-95.742688799328 41.056925028906)
2014799211,2014005195,05/09/2014,05-May,6-Friday,03:10,0300 Hours,District 6 (East Central),IOWA CITY,JOHNSON,,MELROSE AVE,Collision with:  Vehicle in traffic,On Roadway,Rear-end (front to rear),Unknown,None Indicated,,Dark - roadway lighted,Dry,Clear,None apparent,Non-intersection:  Non-junction/no special feature,Paved,,Property Damage Only,0,0,0,0,0,0,1500,2,4,,POINT (-91.574774742308 41.656976839485)
2014798741,14-15560,05/09/2014,05-May,6-Friday,23:15,2300 Hours,District 5 (Southeast),,DES MOINES,US 61,US 61,Collision with:  Vehicle in traffic,On Roadway,"Sideswipe, opposite direction",Crossed centerline (undivided),Refused,,Dark - roadway not lighted,Dry,Clear,None apparent,Non-intersection:  Non-junction/no special feature,Paved,,Major Injury,0,2,1,0,1,0,16000,2,2,,POINT (-91.156978450832 40.85972409874)
2014798366,20140012624,05/09/2014,05-May,6-Friday,15:15,1500 Hours,District 1 (Central),DES MOINES,POLK,US 69,US 69/SE 14TH ST,Collision with:  Vehicle in traffic,On Roadway,Rear-end (front to rear),Followed too close,None Indicated,,Daylight,Dry,Cloudy,None apparent,Non-intersection:  Non-junction/no special feature,Paved,,Possible/Unknown,0,1,0,0,1,0,2200,2,2,,POINT (-93.596887362263 41.584721386982)
2014798474,2014-09585,05/09/2014,05-May,6-Friday,00:50,0000 Hours,District 5 (Southeast),,WARREN,,Co Rd G76/HWY G76,Collision with fixed object:  Ditch,On Roadway,Non-collision (single vehicle),Swerving/Evasive Action,None Indicated,,Dark - roadway not lighted,Dry,Cloudy,None apparent,Non-intersection:  Non-junction/no special feature,Paved,,Possible/Unknown,0,1,0,0,1,0,5000,1,1,,POINT (-93.702773874328 41.183872436052)
2014799822,14C02084,05/09/2014,05-May,6-Friday,14:59,1400 Hours,District 4 (Southwest),CRESTON,UNION,,W JEFFERSON ST & S LINCOLN ST,Collision with:  Vehicle in traffic,On Roadway,Broadside (front to side),Ran Stop Sign,None Indicated,,Daylight,Dry,Clear,None apparent,Intersection:  Four-way intersection,Paved,,Property Damage Only,0,0,0,0,0,0,4000,2,6,,POINT (-94.376241558902 41.056315650834)
2014798481,14-1366,05/09/2014,05-May,6-Friday,17:20,1700 Hours,District 1 (Central),FORT DODGE,WEBSTER,,5TH AVE S,Collision with:  Vehicle in traffic,On Roadway,Rear-end (front to rear),Other (explain in narrative):  Other,None Indicated,,Daylight,Dry,Clear,None apparent,Non-intersection:  Non-junction/no special feature,Paved,,Property Damage Only,0,0,0,0,0,0,3900,2,2,,POINT (-94.166260513661 42.501116490839)
2014798420,14-018309,05/09/2014,05-May,6-Friday,15:45,1500 Hours,District 4 (Southwest),COUNCIL BLUFFS,POTTAWATTAMIE,,HARMONY ST & BAUGHN ST,Collision with:  Vehicle in traffic,On Roadway,"Sideswipe, same direction",Improper or erratic lane changing,None Indicated,,Daylight,Dry,Clear,Work Zone (roadway-related),Non-intersection:  Non-junction/no special feature,Paved,Yes,Property Damage Only,0,0,0,0,0,0,3000,2,5,,POINT (-95.842717309368 41.266827076922)
2014804939,,05/09/2014,05-May,6-Friday,01:58,0100 Hours,District 5 (Southeast),,MUSCATINE,US 6,US 6,Collision with fixed object:  Ditch,Outside trafficway,Non-collision (single vehicle),Ran off road - right,Alcohol (Statutory),,Dark - roadway not lighted,Dry,Cloudy,None apparent,Non-intersection:  Non-junction/no special feature,Paved,,Possible/Unknown,0,1,0,0,1,0,5500,1,1,,POINT (-91.350713036494 41.587455173228)
2014798678,,05/09/2014,05-May,6-Friday,10:58,1000 Hours,District 6 (East Central),CEDAR RAPIDS,LINN,,8TH AVE SW & 9TH ST SW,Collision with:  Vehicle in traffic,On Roadway,Rear-end (front to rear),Unknown,None Indicated,,Daylight,Dry,Cloudy,,Intersection:  Four-way intersection,Paved,,Property Damage Only,0,0,0,0,0,0,1800,2,2,,POINT (-91.681210343011 41.968447017727)
2014798103,14-3056,05/09/2014,05-May,6-Friday,11:52,1100 Hours,District 1 (Central),GRIMES,POLK,IA 141,IA 141/IOWA 141 & S 19TH ST & SW 19TH ST,Collision with:  Vehicle in traffic,On Roadway,Rear-end (front to rear),Followed too close,None Indicated,,Daylight,Dry,Cloudy,None apparent,Intersection:  Four-way intersection,Paved,,Property Damage Only,0,0,0,0,0,0,4000,2,2,,POINT (-93.774969827752 41.672928841584)
2014798351,20140012579,05/09/2014,05-May,6-Friday,07:56,0700 Hours,District 1 (Central),DES MOINES,POLK,,CLEVELAND AVE & PENNSYLVANIA AVE,Collision with:  Non-motorist (see non-motorist section - NOT a unit),Outside trafficway,Non-collision (single vehicle),FTYROW:  Making left turn,None Indicated,,Daylight,Dry,Cloudy,None apparent,Non-intersection:  Driveway access (within),Paved,,Minor Injury,0,1,0,1,0,0,1000,1,1,,POINT (-93.60840331406 41.605044416934)
2014798421,14-018310,05/09/2014,05-May,6-Friday,15:54,1500 Hours,District 4 (Southwest),COUNCIL BLUFFS,POTTAWATTAMIE,,2ND AVE & S 19TH ST,Collision with:  Vehicle in traffic,On Roadway,Broadside (front to side),Ran Stop Sign,None Indicated,,Daylight,Dry,Clear,None apparent,Intersection:  Four-way intersection,Paved,,Possible/Unknown,0,1,0,0,1,0,4000,3,3,,POINT (-95.872138791304 41.259692765699)
2014798350,20140012576,05/09/2014,05-May,6-Friday,07:21,0700 Hours,District 1 (Central),DES MOINES,POLK,,WALNUT ST,Collision with:  Parked motor vehicle,On Roadway,Broadside (front to side),Lost Control,None Indicated,,Unknown,Unknown,Unknown,None apparent,Non-intersection:  Non-junction/no special feature,Paved,,Property Damage Only,0,0,0,0,0,0,2000,2,777,,POINT (-93.636237041832 41.583465524764)
2014798727,RH-050914,05/09/2014,05-May,6-Friday,15:40,1500 Hours,District 5 (Southeast),OSCEOLA,CLARKE,I-35,I-35 & US 34/W MC LANE ST,Collision with:  Vehicle in traffic,On Roadway,Broadside (front to side),FTYROW:  From stop sign,None Indicated,,Daylight,Dry,Clear,None apparent,Intersection:  T-intersection,Paved,,Minor Injury,0,1,0,1,0,0,9000,2,2,,POINT (-93.794465126483 41.026763207888)
2014799108,14-0514,05/09/2014,05-May,6-Friday,16:52,1600 Hours,District 1 (Central),PLEASANT HILL,POLK,IA 163,IA 163/E UNIVERSITY AVE,Collision with:  Vehicle in traffic,On Roadway,Rear-end (front to rear),Followed too close,None Indicated,,Daylight,Dry,Clear,None apparent,Non-intersection:  Non-junction/no special feature,Paved,,Possible/Unknown,0,1,0,0,1,0,1500,3,7,,POINT (-93.496172129018 41.598738064594)
2014829740,A390514-1132,05/09/2014,05-May,6-Friday,21:00,2100 Hours,District 4 (Southwest),GUTHRIE CENTER,GUTHRIE,IA 25,IA 25/IOWA 25/5TH ST,Collision with:  Animal,,,Animal,None Indicated,,,,,,,Paved,,Property Damage Only,0,0,0,0,0,0,5000,1,1,,POINT (-94.502289313882 41.66662331539)
2014800944,,05/09/2014,05-May,6-Friday,08:58,0800 Hours,District 2 (Northeast),NEW HAMPTON,CHICKASAW,,W JEFFERSON ST,Collision with:  Parked motor vehicle,On Roadway,Broadside (front to side),FTYROW:  From driveway,None Indicated,,Daylight,Dry,Clear,None apparent,Non-intersection:  Driveway access (within),Paved,,Property Damage Only,0,0,0,0,0,0,1700,2,2,,POINT (-92.318408113204 43.063807916694)
2014798740,14-15456,05/09/2014,05-May,6-Friday,01:44,0100 Hours,District 5 (Southeast),DANVILLE,DES MOINES,,110TH ST,Non-collision events:  Overturn/rollover,On Roadway,Non-collision (single vehicle),Ran off road - left,None Indicated,,Dark - roadway not lighted,Dry,Cloudy,None apparent,Non-intersection:  Non-junction/no special feature,Unpaved,,Property Damage Only,0,0,0,0,0,0,20000,1,1,,POINT (-91.33466433568 40.841573699387)
2014798273,2014005102,05/09/2014,05-May,6-Friday,15:40,1500 Hours,District 6 (East Central),IOWA CITY,JOHNSON,US 6,US 6 & BOYRUM ST,Collision with:  Vehicle in traffic,On Roadway,Rear-end (front to rear),Followed too close,None Indicated,,Daylight,Dry,Clear,None apparent,Intersection:  Four-way intersection,Paved,,Property Damage Only,0,0,0,0,0,0,3500,3,4,,POINT (-91.527804228832 41.644297500586)
2014798181,14-1356,05/09/2014,05-May,6-Friday,11:12,1100 Hours,District 1 (Central),FORT DODGE,WEBSTER,,5TH AVE S & S 15TH ST,Collision with:  Vehicle in traffic,On Roadway,Rear-end (front to rear),Followed too close,None Indicated,,Daylight,Dry,Cloudy,None apparent,Intersection:  Four-way intersection,Paved,,Property Damage Only,0,0,0,0,0,0,2000,2,2,,POINT (-94.177662548727 42.501026896526)
2014799021,14-3794,05/09/2014,05-May,6-Friday,17:52,1700 Hours,District 3 (Northwest),,IDA,,Co Rd M31/QUAIL AVE,Collision with fixed object:  Ditch,On Roadway,Non-collision (single vehicle),Crossed centerline (undivided),None Indicated,,Daylight,Dry,Clear,None apparent,Non-intersection:  Driveway access (within),Paved,,Minor Injury,0,1,0,1,0,0,8000,1,1,,POINT (-95.342581051842 42.275863117203)
2014799083,20140012687,05/09/2014,05-May,6-Friday,23:33,2300 Hours,District 1 (Central),DES MOINES,POLK,US 69,US 69/SE 14TH ST & E EDISON AVE,Collision with:  Vehicle in traffic,On Roadway,Rear-end (front to rear),Followed too close,None Indicated,,Dark - roadway lighted,Dry,Clear,None apparent,Non-intersection:  Non-junction/no special feature,Paved,,Property Damage Only,0,0,0,0,0,0,3100,2,3,,POINT (-93.596935535408 41.571714634726)
2014798843,2014028123,05/09/2014,05-May,6-Friday,15:57,1500 Hours,District 4 (Southwest),,CASS,I-80,I-80,Collision with:  Vehicle in traffic,On Roadway,"Sideswipe, same direction",Crossed centerline (undivided),None Indicated,,Daylight,Dry,Clear,None apparent,Non-intersection:  Non-junction/no special feature,Paved,,Property Damage Only,0,0,0,0,0,0,23300,4,8,,POINT (-94.811391271902 41.496927948869)
2014798480,14-1364,05/09/2014,05-May,6-Friday,15:53,1500 Hours,District 1 (Central),FORT DODGE,WEBSTER,,7TH AVE N & N 15TH ST,Collision with:  Vehicle in traffic,On Roadway,"Sideswipe, opposite direction",Improper Backing,None Indicated,,Daylight,Dry,Clear,None apparent,Non-intersection:  Non-junction/no special feature,Paved,,Property Damage Only,0,0,0,0,0,0,2000,2,61,,POINT (-94.178019563273 42.512910751404)
2014798285,201406487,05/09/2014,05-May,6-Friday,16:16,1600 Hours,District 6 (East Central),CEDAR RAPIDS,LINN,,EDGEWOOD RD SW,Collision with:  Vehicle in traffic,On Roadway,Broadside (front to side),Made improper turn,None Indicated,,Daylight,Dry,Cloudy,None apparent,Non-intersection:  Driveway access (within),Paved,,Property Damage Only,0,0,0,0,0,0,4200,2,3,,POINT (-91.716029692052 41.962942528753)
2014798565,14-003821,05/09/2014,05-May,6-Friday,00:53,0000 Hours,District 4 (Southwest),,AUDUBON,,280 ST & HERON AVE,Non-collision events:  Other non-collision (explain in narrative),On Roadway,Non-collision (single vehicle),Ran off road - straight,None Indicated,,Dark - roadway not lighted,Dry,Clear,None apparent,Non-intersection:  Non-junction/no special feature,Unpaved,,Property Damage Only,0,0,0,0,0,0,3500,1,1,,POINT (-94.955385643537 41.601749437627)
2014798868,W14-045351,05/09/2014,05-May,6-Friday,14:35,1400 Hours,District 2 (Northeast),WATERLOO,BLACK HAWK,US 63,US 63/E MULLAN AVE,Collision with:  Vehicle in traffic,On Roadway,Rear-end (front to rear),Driving too fast for conditions,None Indicated,,Daylight,Dry,Cloudy,None apparent,Non-intersection:  Non-junction/no special feature,Paved,,Property Damage Only,0,0,0,0,0,0,3500,2,5,,POINT (-92.336671072372 42.508382318444)
2014798282,201406463,05/09/2014,05-May,6-Friday,07:42,0700 Hours,District 6 (East Central),CEDAR RAPIDS,LINN,I-380,I-380,Collision with:  Vehicle in traffic,On Roadway,Rear-end (front to rear),Lost Control,None Indicated,,Daylight,Dry,Cloudy,None apparent,Intersection:  Four-way intersection,Paved,,Property Damage Only,0,0,0,0,0,0,5500,2,2,,POINT (-91.674123846595 42.029041586576)
2014798399,14-2122,05/09/2014,05-May,6-Friday,16:29,1600 Hours,District 1 (Central),WEST DES MOINES,POLK,,MILLS CIVIC PKWY,Collision with:  Vehicle in traffic,On Roadway,Rear-end (front to rear),Followed too close,None Indicated,,Daylight,Dry,Clear,None apparent,Non-intersection:  Non-junction/no special feature,Paved,,Property Damage Only,0,0,0,0,0,0,2100,2,2,,POINT (-93.783010167352 41.559095759125)
2014799375,14-14272,05/09/2014,05-May,6-Friday,15:08,1500 Hours,District 3 (Northwest),SIOUX CITY,WOODBURY,IA 376,IA 376/S LEWIS BLVD,Collision with fixed object:  Ditch,On Roadway,Non-collision (single vehicle),Crossed centerline (undivided),None Indicated,,Daylight,Dry,Clear,Work Zone (roadway-related),Interchange-related:  On-ramp merge area,Paved,Yes,Possible/Unknown,0,1,0,0,1,0,10000,1,1,,POINT (-96.372434733893 42.448429382333)
2014798560,14-4823,05/09/2014,05-May,6-Friday,15:34,1500 Hours,District 3 (Northwest),CARROLL,CARROLL,US 71,US 71,Collision with:  Vehicle in traffic,On Roadway,Rear-end (front to rear),Followed too close,None Indicated,,Daylight,Dry,Clear,None apparent,Non-intersection:  Non-junction/no special feature,Paved,,Property Damage Only,0,0,0,0,0,0,6500,2,2,,POINT (-94.878575519213 42.079188748151)
2014798494,14-14223,05/09/2014,05-May,6-Friday,07:41,0700 Hours,District 3 (Northwest),SIOUX CITY,WOODBURY,,38TH ST & HAMILTON BLVD,Collision with:  Vehicle in traffic,On Roadway,Rear-end (front to rear),Other (explain in narrative):  Other,None Indicated,,Daylight,Dry,Clear,None apparent,Intersection:  T-intersection,Paved,,Property Damage Only,0,0,0,0,0,0,4500,2,2,,POINT (-96.408407771624 42.535418952086)
2014798498,14-14311,05/09/2014,05-May,6-Friday,23:00,2300 Hours,District 3 (Northwest),SIOUX CITY,WOODBURY,,CUNNINGHAM DR,Collision with fixed object:  Curb/island/raised median,On Roadway,Non-collision (single vehicle),Crossed centerline (undivided),None Indicated,,Dark - roadway lighted,Dry,Clear,None apparent,Non-intersection:  Non-junction/no special feature,Paved,,Property Damage Only,0,0,0,0,0,0,3000,1,2,,POINT (-96.385722087321 42.482884746225)
2014798468,14002300,05/09/2014,05-May,6-Friday,17:25,1700 Hours,District 1 (Central),AMES,STORY,,BLOOMINGTON RD & EISENHOWER AVE,Collision with:  Vehicle in traffic,On Roadway,Rear-end (front to rear),Followed too close,None Indicated,,Daylight,Dry,Cloudy,None apparent,Intersection:  Four-way intersection,Paved,,Property Damage Only,0,0,0,0,0,0,3500,2,4,,POINT (-93.637974662339 42.056371564573)
2014798438,2014-9234,05/09/2014,05-May,6-Friday,18:42,1800 Hours,District 6 (East Central),,SCOTT,,305 ST,Collision with:  Vehicle in traffic,On Roadway,"Sideswipe, same direction",Followed too close,None Indicated,,Daylight,"Mud, dirt",Clear,None apparent,Non-intersection:  Non-junction/no special feature,Unpaved,,Property Damage Only,0,0,0,0,0,0,3500,2,3,,POINT (-90.571029462338 41.749036223393)
2014798367,20140012625,05/09/2014,05-May,6-Friday,15:15,1500 Hours,District 1 (Central),DES MOINES,POLK,,E PORTER AVE & SE 5TH ST,Collision with:  Vehicle in traffic,On Roadway,Rear-end (front to rear),Unknown,None Indicated,,Daylight,Dry,Clear,None apparent,Non-intersection:  Non-junction/no special feature,Paved,,Property Damage Only,0,0,0,0,0,0,2000,2,2,,POINT (-93.606439043307 41.533636041413)
2014798423,14-018334,05/09/2014,05-May,6-Friday,17:54,1700 Hours,District 4 (Southwest),COUNCIL BLUFFS,POTTAWATTAMIE,,9TH AVE & S 8TH ST,Collision with:  Vehicle in traffic,On Roadway,Broadside (front to side),Unknown,None Indicated,,Daylight,Dry,Clear,None apparent,Non-intersection:  Non-junction/no special feature,Paved,,Property Damage Only,0,0,0,0,0,0,2500,2,2,,POINT (-95.856085474991 41.253391707703)
2014802730,14-023,05/09/2014,05-May,6-Friday,10:49,1000 Hours,District 3 (Northwest),LAKE CITY,CALHOUN,IA 4,IA 4/NORRIDGE AVE,Non-collision events:  Overturn/rollover,Shoulder,Non-collision (single vehicle),Driving too fast for conditions,None Indicated,,Daylight,Dry,Clear,None apparent,Intersection:  Four-way intersection,Paved,,Minor Injury,0,1,0,1,0,0,80000,1,1,,POINT (-94.64851295874 42.268177125177)
2014798329,14-002014,05/09/2014,05-May,6-Friday,15:50,1500 Hours,District 1 (Central),ANKENY,POLK,,NW WAGNER BLVD & NW 18TH ST & NW SCHOOL ST,Collision with:  Vehicle in traffic,On Roadway,Rear-end (front to rear),Followed too close,None Indicated,,Daylight,Dry,Clear,None apparent,Non-intersection:  Non-junction/no special feature,Paved,,Property Damage Only,0,0,0,0,0,0,7700,3,3,,POINT (-93.606019391796 41.746369692504)
2014798234,14-6427,05/09/2014,05-May,6-Friday,22:57,2200 Hours,District 3 (Northwest),,CLAY,,Co Rd M50/240TH AVE,Collision with:  Animal,,Non-collision (single vehicle),Animal,None Indicated,,,,,,,Paved,,Property Damage Only,0,0,0,0,0,0,1500,1,1,,POINT (-95.111602442263 43.179466223803)
2014798442,14-8647,05/09/2014,05-May,6-Friday,09:05,0900 Hours,District 6 (East Central),BETTENDORF,SCOTT,,APPLE VALLEY DR,Collision with:  Vehicle in traffic,On Roadway,"Sideswipe, same direction",Swerving/Evasive Action,None Indicated,,Daylight,Dry,Clear,Other (explain in narrative),Non-intersection:  Non-junction/no special feature,Paved,,Property Damage Only,0,0,0,0,0,0,3000,2,2,,POINT (-90.495997214948 41.566544232979)
2014800037,14-002291,05/09/2014,05-May,6-Friday,12:40,1200 Hours,District 1 (Central),AMES,STORY,US 69,US 69/S DUFF AVE,Collision with:  Vehicle in traffic,On Roadway,Rear-end (front to rear),Followed too close,None Indicated,,Daylight,Dry,Clear,None apparent,Non-intersection:  Non-junction/no special feature,Paved,,Property Damage Only,0,0,0,0,0,0,3000,2,3,,POINT (-93.610319132067 42.015515109915)
2014799416,2014028152,05/09/2014,05-May,6-Friday,19:15,1900 Hours,District 1 (Central),,POWESHIEK,I-80,I-80,Collision with fixed object:  Guardrail - face,Shoulder,Non-collision (single vehicle),Swerving/Evasive Action,None Indicated,,Daylight,Dry,Clear,None apparent,Interchange-related:  On-ramp merge area,Paved,,Property Damage Only,0,0,0,0,0,0,27634,1,2,,POINT (-92.359630352453 41.695626858388)
2014801480,,05/09/2014,05-May,6-Friday,10:23,1000 Hours,District 4 (Southwest),AVOCA,POTTAWATTAMIE,US 59,US 59 & MARTY DR,Collision with:  Vehicle in traffic,On Roadway,"Sideswipe, same direction",Traveling wrong way or on wrong side of road,None Indicated,,Daylight,Dry,Clear,Work Zone (roadway-related),Non-intersection:  Crossover-related,Paved,Yes,Property Damage Only,0,0,0,0,0,0,3000,2,4,,POINT (-95.336650283764 41.50066501206)
2014798394,14-1020,05/09/2014,05-May,6-Friday,17:52,1700 Hours,District 1 (Central),URBANDALE,POLK,I-35,I-35,Collision with:  Vehicle in traffic,On Roadway,Rear-end (front to rear),Followed too close,None Indicated,,Daylight,Dry,Clear,None apparent,Non-intersection:  Non-junction/no special feature,Paved,,Property Damage Only,0,0,0,0,0,0,10000,2,2,,POINT (-93.711966040657 41.652746138122)
2014799024,N14000194,05/09/2014,05-May,6-Friday,07:45,0700 Hours,District 6 (East Central),NORTH LIBERTY,JOHNSON,I-380,I-380 & Co Rd F28/250TH ST,Collision with:  Vehicle in traffic,On Roadway,Rear-end (front to rear),Unknown,None Indicated,,Daylight,Dry,Cloudy,None apparent,Non-intersection:  Other non-intersection (explain in narrative),Paved,,Property Damage Only,0,0,0,0,0,0,1900,2,2,,POINT (-91.642197219711 41.752446066482)
2014798485,14-1372,05/09/2014,05-May,6-Friday,22:55,2200 Hours,District 1 (Central),FORT DODGE,WEBSTER,,8TH AVE N & N 9TH ST,Collision with fixed object:  Other fixed object (explain in narrative),Outside trafficway,Non-collision (single vehicle),"Operating vehicle in an reckless, erratic, careless, negligent manner",Alcohol (Statutory),,Dark - roadway lighted,Dry,Clear,None apparent,Non-intersection:  Non-junction/no special feature,Paved,,Property Damage Only,0,0,0,0,0,0,30000,1,1,,POINT (-94.188165318337 42.513220261288)
2014800039,14-002299,05/09/2014,05-May,6-Friday,12:00,1200 Hours,District 1 (Central),AMES,STORY,,HOWARD AVE,Collision with:  Parked motor vehicle,On Roadway,Broadside (front to side),Improper Backing,None Indicated,,Daylight,Dry,Clear,None apparent,Non-intersection:  Driveway access (within),Paved,,Property Damage Only,0,0,0,0,0,0,2000,2,1,,POINT (-93.658480026235 42.024444642067)