Iowa DOT Case Number,Law Enforcement Case Number,Date of Crash,Month of Crash,Day of Week,Time of Crash,Hour,DOT District,City Name,County Name,Route with System,Location Description,First Harmful Event,Location of First Harmful Event,Manner of Crash/Collision,Major Cause,Drug or Alcohol ,Environmental Conditions,Light Conditions,Surface Conditions,Weather Conditions,Roadway Contribution,Roadway Type,Roadway Surface,Work Zone,Crash Severity,Number of Fatalities,Number of Injuries,Number of Major Injuries,Number of Minor Injuries,Number of Possible Injuries,Number of Unknown Injuries,Amount of Property Damage,Number of Vehicles Involved,Total Number of Occupants,Travel Direction,Location
2014798371,20140012645,05/09/2014,05-May,6-Friday,17:03,1700 Hours,District 1 (Central),DES MOINES,POLK,I-235,I-235 & US 69/E 14TH ST & MAPLE ST,Collision with:  Vehicle in traffic,On Roadway,Rear-end (front to rear),Lost Control,None Indicated,,Daylight,Dry,Clear,None apparent,Intersection:  Four-way intersection,Paved,,Property Damage Only,0,0,0,0,0,0,5250,3,3,,POINT (-93.599108309181 41.596563378587)
2014798692,W14-045433,05/09/2014,05-May,6-Friday,18:17,1800 Hours,District 2 (Northeast),WATERLOO,BLACK HAWK,,KIMBALL AVE & BROOKERIDGE DR,Collision with:  Vehicle in traffic,On Roadway,Broadside (front to side),Ran Traffic Signal,None Indicated,,Daylight,Unknown,Cloudy,None apparent,Intersection:  Four-way intersection,Paved,,Property Damage Only,0,0,0,0,0,0,10000,2,3,,POINT (-92.356636719508 42.459351196225)
2014798736,14003756,05/09/2014,05-May,6-Friday,20:55,2000 Hours,District 6 (East Central),,DELAWARE,,Co Rd D13/170TH ST,Collision with:  Animal,,,Animal,None Indicated,,,,,,,Paved,,Property Damage Only,0,0,0,0,0,0,8000,1,1,,POINT (-91.372251654331 42.542850243847)
2014798464,14-002296,05/09/2014,05-May,6-Friday,15:30,1500 Hours,District 1 (Central),AMES,STORY,US 30,US 30,Collision with:  Other non-fixed object (explain in narrative),On Roadway,Non-collision (single vehicle),Equipment failure,None Indicated,,Daylight,Dry,Clear,None apparent,Non-intersection:  Non-junction/no special feature,Paved,,Property Damage Only,0,0,0,0,0,0,6600,3,4,,POINT (-93.625398649706 42.003869472609)
2014798984,14006390,05/09/2014,05-May,6-Friday,08:19,0800 Hours,District 3 (Northwest),,CLAY,US 71,US 71,Collision with:  Animal,,,Animal,None Indicated,,,,,,,Paved,,Property Damage Only,0,0,0,0,0,0,1500,1,1,,POINT (-95.15048721295 43.230021460098)
2014798441,14-8643,05/09/2014,05-May,6-Friday,08:14,0800 Hours,District 6 (East Central),BETTENDORF,SCOTT,I-74,I-74,Collision with:  Vehicle in traffic,On Roadway,"Sideswipe, same direction",Other (explain in narrative):  Vision obstructed,None Indicated,,Daylight,Dry,Clear,None apparent,Non-intersection:  Other non-intersection (explain in narrative),Paved,,Property Damage Only,0,0,0,0,0,0,11000,2,2,,POINT (-90.513256806272 41.521445973132)
2014798417,14-018249,05/09/2014,05-May,6-Friday,09:10,0900 Hours,District 4 (Southwest),COUNCIL BLUFFS,POTTAWATTAMIE,US 6,US 6/KANESVILLE BLVD & N BROADWAY,Collision with:  Vehicle in traffic,On Roadway,Rear-end (front to rear),FTYROW:  Other (explain in narrative),None Indicated,,Daylight,Dry,Clear,None apparent,Non-intersection:  Non-junction/no special feature,Paved,,Possible/Unknown,0,1,0,0,1,0,0,2,3,,POINT (-95.836662188987 41.268957947011)
2014799438,,05/09/2014,05-May,6-Friday,18:57,1800 Hours,District 2 (Northeast),,FLOYD,,WALNUT AVE,,On Roadway,Non-collision (single vehicle),Swerving/Evasive Action,None Indicated,,Daylight,"Mud, dirt",Clear,None apparent,Non-intersection:  Non-junction/no special feature,Unpaved,,Minor Injury,0,1,0,1,0,0,2000,1,1,,POINT (-92.593812473654 43.023639776878)
2014886379,14-003841,05/09/2014,05-May,6-Friday,20:31,2000 Hours,District 4 (Southwest),,CASS,US 71,US 71/630TH ST,Collision with:  Animal,,,Animal,None Indicated,,,,,,,Paved,,Property Damage Only,0,0,0,0,0,0,2000,1,777,,POINT (-94.984378037924 41.291560609135)
2014798129,14-2111,05/09/2014,05-May,6-Friday,06:56,0600 Hours,District 1 (Central),WEST DES MOINES,POLK,,ASHWORTH RD & 50TH ST,Collision with:  Vehicle in traffic,On Roadway,Rear-end (front to rear),Other (explain in narrative):  Other,None Indicated,,Daylight,Dry,Cloudy,None apparent,Intersection:  Four-way intersection,Paved,,Property Damage Only,0,0,0,0,0,0,6000,2,2,,POINT (-93.770913513159 41.584604943864)
2014798608,14002553,05/09/2014,05-May,6-Friday,12:14,1200 Hours,District 3 (Northwest),SHELDON,OBRIEN,US 18,US 18/PARK ST & RUNGER AVE & 34TH AVE,Collision with:  Vehicle in traffic,On Roadway,Broadside (front to side),FTYROW:  Making right turn on red signal,None Indicated,,Daylight,Dry,Clear,Non-highway work,Intersection:  Four-way intersection,Paved,,Property Damage Only,0,0,0,0,0,0,5500,2,2,,POINT (-95.817035977153 43.186034619088)
2014798570,14007246,05/09/2014,05-May,6-Friday,16:53,1600 Hours,District 2 (Northeast),MASON CITY,CERRO GORDO,,S MONROE AVE,Collision with:  Vehicle in traffic,On Roadway,Rear-end (front to rear),Improper Backing,None Indicated,,Daylight,Dry,Clear,None apparent,Non-intersection:  Non-junction/no special feature,Paved,,Property Damage Only,0,0,0,0,0,0,2000,2,1,,POINT (-93.211077512623 43.130955784354)
2014798670,2014028101,05/09/2014,05-May,6-Friday,14:22,1400 Hours,District 1 (Central),DES MOINES,POLK,I-235,I-235 & US 69/E 14TH ST & MAPLE ST,Collision with:  Vehicle in traffic,On Roadway,"Angle, oncoming left turn",Made improper turn,None Indicated,,Daylight,Dry,Clear,None apparent,Non-intersection:  Other non-intersection (explain in narrative),Paved,,Property Damage Only,0,0,0,0,0,0,6000,2,3,,POINT (-93.599120390713 41.596572323006)
2014798396,14-2117,05/09/2014,05-May,6-Friday,15:30,1500 Hours,District 4 (Southwest),WEST DES MOINES,DALLAS,I-80,I-80,Collision with:  Vehicle in traffic,On Roadway,Rear-end (front to rear),Other (explain in narrative):  Other,None Indicated,,Daylight,Dry,Clear,None apparent,Interchange-related:  Off-ramp,Paved,,Property Damage Only,0,0,0,0,0,0,4000,2,6,,POINT (-93.806093587552 41.592740369152)
2014798289,14-2258,05/09/2014,05-May,6-Friday,21:15,2100 Hours,District 6 (East Central),HIAWATHA,LINN,I-380,I-380 & BLAIRS FERRY RD,Collision with:  Vehicle in traffic,On Roadway,Rear-end (front to rear),Unknown,None Indicated,,Dark - roadway lighted,Dry,Clear,None apparent,Interchange-related:  Off-ramp,Paved,,Property Damage Only,0,0,0,0,0,0,1500,2,2,,POINT (-91.676820118204 42.034746714846)
2014799891,AC14-024,05/09/2014,05-May,6-Friday,16:20,1600 Hours,District 1 (Central),STORY CITY,STORY,,Co Rd E15/115TH ST,Collision with:  Vehicle in traffic,On Roadway,Broadside (front to side),FTYROW:  From driveway,None Indicated,,Daylight,Dry,Clear,None apparent,Non-intersection:  Driveway access (within),Paved,,Property Damage Only,0,0,0,0,0,0,8000,2,2,,POINT (-93.574225115095 42.187733760343)
2014798308,14-019189,05/09/2014,05-May,6-Friday,14:20,1400 Hours,District 5 (Southeast),MUSCATINE,MUSCATINE,,LUCAS ST,Collision with:  Vehicle in traffic,On Roadway,Rear-end (front to rear),Followed too close,None Indicated,,Daylight,Dry,Clear,None apparent,Intersection:  T-intersection,Paved,,Possible/Unknown,0,1,0,0,1,0,900,2,2,,POINT (-91.088321095879 41.427329278355)
2014798493,14-14225,05/09/2014,05-May,6-Friday,08:14,0800 Hours,District 3 (Northwest),SIOUX CITY,WOODBURY,IA 12,IA 12/GORDON DR,Collision with:  Vehicle in traffic,On Roadway,Rear-end (front to rear),Other (explain in narrative):  Other,None Indicated,,Daylight,Dry,Clear,Work Zone (roadway-related),Non-intersection:  Other non-intersection (explain in narrative),Paved,Yes,Property Damage Only,0,0,0,0,0,0,1750,2,3,,POINT (-96.394830607336 42.489791588243)
2014798772,2014004375,05/09/2014,05-May,6-Friday,15:45,1500 Hours,District 1 (Central),MARSHALLTOWN,MARSHALL,,W MADISON ST & S 3RD ST,Collision with:  Vehicle in traffic,On Roadway,Rear-end (front to rear),Other (explain in narrative):  Other,None Indicated,,Daylight,Dry,Cloudy,None apparent,Intersection:  Four-way intersection,Paved,,Property Damage Only,0,0,0,0,0,0,2000,2,3,,POINT (-92.917848590469 42.043020286728)
2014850974,14003455,05/09/2014,05-May,6-Friday,23:33,2300 Hours,District 5 (Southeast),,LOUISA,,Co Rd H22/COUNTY RD H22,Collision with:  Animal,,,Animal,None Indicated,,,,,,,Paved,,Property Damage Only,0,0,0,0,0,0,1500,1,1,,POINT (-91.14073495859 41.087436866312)
2014800038,14-002294,05/09/2014,05-May,6-Friday,13:28,1300 Hours,District 1 (Central),AMES,STORY,,COCONINO RD,Collision with:  Vehicle in traffic,On Roadway,Broadside (front to side),Improper Backing,None Indicated,,Daylight,Dry,Clear,None apparent,Non-intersection:  Driveway access (within),Paved,,Property Damage Only,0,0,0,0,0,0,4200,2,3,,POINT (-93.676283114206 42.011740932793)
2014799826,14C2087,05/09/2014,05-May,6-Friday,17:13,1700 Hours,District 4 (Southwest),CRESTON,UNION,IA 25,IA 25/S SUMNER AVE,Collision with:  Vehicle in traffic,On Roadway,Rear-end (front to rear),Unknown,None Indicated,,Daylight,Dry,Clear,None apparent,Non-intersection:  Non-junction/no special feature,Paved,,Property Damage Only,0,0,0,0,0,0,1500,3,3,,POINT (-94.371624197501 41.052299186422)
2014802659,14-000572,05/09/2014,05-May,6-Friday,15:26,1500 Hours,District 1 (Central),AMES,STORY,I-35,I-35 & US 30,Non-collision events:  Other non-collision (explain in narrative),On Roadway,Non-collision (single vehicle),Other (explain in narrative):  No improper action,None Indicated,,Daylight,Dry,Clear,None apparent,Non-intersection:  Other non-intersection (explain in narrative),Paved,,Property Damage Only,0,0,0,0,0,0,2000,1,1,,POINT (-93.571154055637 42.007700795816)
2014798230,14-004826,05/09/2014,05-May,6-Friday,16:31,1600 Hours,District 3 (Northwest),,CARROLL,,Co Rd M68/CONCORD AVE,Collision with fixed object:  Other fixed object (explain in narrative),On Roadway,Non-collision (single vehicle),Other (explain in narrative):  No improper action,None Indicated,,Daylight,Dry,Cloudy,Obstruction in roadway,Non-intersection:  Non-junction/no special feature,Paved,,Property Damage Only,0,0,0,0,0,0,28000,4,5,,POINT (-95.053484461697 42.131802686518)
2014798550,,05/09/2014,05-May,6-Friday,16:00,1600 Hours,District 6 (East Central),CEDAR RAPIDS,LINN,,16TH AVE SW & 6TH ST SW,Collision with:  Vehicle in traffic,On Roadway,Rear-end (front to rear),Unknown,None Indicated,,Daylight,Dry,Clear,,Intersection:  Four-way intersection,Paved,,Property Damage Only,0,0,0,0,0,0,3500,2,2,,POINT (-91.67710002588 41.961788975531)
2014798251,01-14-19484,05/09/2014,05-May,6-Friday,15:19,1500 Hours,District 6 (East Central),DUBUQUE,DUBUQUE,,LINCOLN ST & WINDSOR AVE,Collision with:  Parked motor vehicle,Roadside,Rear-end (front to rear),Illegally Parked/Unattended,None Indicated,,Daylight,Dry,Clear,None apparent,Non-intersection:  Non-junction/no special feature,Paved,,Property Damage Only,0,0,0,0,0,0,2500,2,2,,POINT (-90.664687363175 42.516121148186)
2014798419,14-018299,05/09/2014,05-May,6-Friday,15:33,1500 Hours,District 4 (Southwest),COUNCIL BLUFFS,POTTAWATTAMIE,US 275,US 275/VETERANS MEMORIAL HWY & PIUTE ST & S EXPRESSWAY,Collision with:  Vehicle in traffic,On Roadway,Rear-end (front to rear),Followed too close,None Indicated,,Daylight,Dry,Clear,None apparent,Non-intersection:  Non-junction/no special feature,Paved,,Minor Injury,0,1,0,1,0,0,800,2,2,,POINT (-95.850847324773 41.21966661147)
2014798319,14-3068,05/09/2014,05-May,6-Friday,15:45,1500 Hours,District 1 (Central),DES MOINES,POLK,IA 415,IA 415/2ND AVE & NW 50TH PL,Collision with:  Vehicle in traffic,On Roadway,Broadside (front to side),FTYROW:  Making left turn,None Indicated,,Daylight,Dry,Clear,None apparent,Intersection:  T-intersection,Paved,,Property Damage Only,0,0,0,0,0,0,5500,3,4,,POINT (-93.619994975127 41.652549451921)
2014798220,14-112,05/09/2014,05-May,6-Friday,22:18,2200 Hours,District 2 (Northeast),WAVERLY,BREMER,,HORTON RD,Collision with:  Animal,,,Animal,None Indicated,,,,,,,Paved,,Property Damage Only,0,0,0,0,0,0,2000,1,777,,POINT (-92.465735015758 42.74465339628)
2014798368,20140012635,05/09/2014,05-May,6-Friday,16:27,1600 Hours,District 1 (Central),DES MOINES,POLK,I-235,I-235 & US 69/E 14TH ST,Collision with:  Vehicle in traffic,On Roadway,Rear-end (front to rear),Followed too close,None Indicated,,Daylight,Dry,Cloudy,None apparent,Non-intersection:  Non-junction/no special feature,Paved,,Possible/Unknown,0,1,0,0,1,0,250,2,4,,POINT (-93.598923750463 41.596068942878)
2014798365,20140012622,05/09/2014,05-May,6-Friday,15:27,1500 Hours,District 1 (Central),DES MOINES,POLK,,SW 14TH ST,Collision with:  Non-motorist (see non-motorist section - NOT a unit),On Roadway,Non-collision (single vehicle),Other (explain in narrative):  No improper action,None Indicated,,Daylight,Dry,Clear,None apparent,Non-intersection:  Non-junction/no special feature,Paved,,Possible/Unknown,0,1,0,0,1,0,0,1,1,,POINT (-93.635419173579 41.539181201444)
2014798209,W14-045252,05/09/2014,05-May,6-Friday,08:58,0800 Hours,District 2 (Northeast),WATERLOO,BLACK HAWK,I-380,I-380,Collision with:  Vehicle in traffic,On Roadway,"Sideswipe, same direction",FTYROW:  Other (explain in narrative),None Indicated,,Daylight,Dry,Clear,Work Zone (roadway-related),Non-intersection:  Non-junction/no special feature,Paved,Yes,Property Damage Only,0,0,0,0,0,0,2000,2,2,,POINT (-92.320565617706 42.471454084568)
2014798852,2014028125,05/09/2014,05-May,6-Friday,16:49,1600 Hours,District 1 (Central),,POLK,I-35,I-35,Collision with:  Vehicle in traffic,On Roadway,Rear-end (front to rear),Followed too close,None Indicated,,Daylight,Dry,Cloudy,None apparent,Non-intersection:  Non-junction/no special feature,Paved,,Possible/Unknown,0,1,0,0,1,0,21000,3,6,,POINT (-93.584335507215 41.650871786033)
2014798386,20140012604,05/09/2014,05-May,6-Friday,12:49,1200 Hours,District 1 (Central),DES MOINES,POLK,IA 163,IA 163/E UNIVERSITY AVE & E 37TH ST,Collision with:  Vehicle in traffic,On Roadway,"Sideswipe, same direction",Improper or erratic lane changing,None Indicated,,Daylight,Dry,Cloudy,None apparent,Non-intersection:  Non-junction/no special feature,Paved,,Property Damage Only,0,0,0,0,0,0,2000,2,3,,POINT (-93.543790629154 41.600666417969)
2014798679,,05/09/2014,05-May,6-Friday,15:40,1500 Hours,District 6 (East Central),CEDAR RAPIDS,LINN,IA 100,IA 100/SE RAMP B/PROPOSED IA100 SW RAMP B & EDGEWOOD RD NE,Collision with:  Vehicle in traffic,On Roadway,Rear-end (front to rear),Driving too fast for conditions,None Indicated,,Daylight,Dry,Clear,,Non-intersection:  Non-junction/no special feature,Paved,Yes,Property Damage Only,0,0,0,0,0,0,7600,2,2,,POINT (-91.702046075199 42.028171936281)
2014798250,01-14-19477,05/09/2014,05-May,6-Friday,14:36,1400 Hours,District 6 (East Central),DUBUQUE,DUBUQUE,,PENNSYLVANIA AVE & LEA LN,Collision with:  Vehicle in traffic,On Roadway,Rear-end (front to rear),Lost Control,None Indicated,,Daylight,Dry,Cloudy,None apparent,Non-intersection:  Non-junction/no special feature,Paved,,Property Damage Only,0,0,0,0,0,0,6000,2,2,,POINT (-90.727821387908 42.50049711803)
2014798754,14-004918,05/09/2014,05-May,6-Friday,21:02,2100 Hours,District 2 (Northeast),,FAYETTE,IA 3,IA 3/40TH ST,Collision with:  Animal,,,Animal,None Indicated,,,,,,,Paved,,Property Damage Only,0,0,0,0,0,0,4000,1,1,,POINT (-91.751816138582 42.686974481606)
2014818977,EP14000794,05/09/2014,05-May,6-Friday,15:26,1500 Hours,District 2 (Northeast),EAGLE GROVE,WRIGHT,IA 17,IA 17/COMMERCIAL AVE/N COMMERCIAL AVE & W BROADWAY ST,Collision with:  Vehicle in traffic,On Roadway,"Sideswipe, same direction",Improper or erratic lane changing,None Indicated,,Daylight,Dry,Clear,None apparent,Non-intersection:  Non-junction/no special feature,Paved,,Property Damage Only,0,0,0,0,0,0,3500,2,3,,POINT (-93.904453122208 42.664133688106)
2014801805,2014-29805,05/09/2014,05-May,6-Friday,10:21,1000 Hours,District 6 (East Central),DAVENPORT,SCOTT,I-74,I-74,Collision with:  Vehicle in traffic,On Roadway,"Sideswipe, same direction",Other (explain in narrative):  Other,None Indicated,,Daylight,Dry,Clear,None apparent,Non-intersection:  Non-junction/no special feature,Paved,,Possible/Unknown,0,1,0,0,1,0,1750,2,8,,POINT (-90.529169273935 41.59827101641)
2014802620,2014-29794,05/09/2014,05-May,6-Friday,09:26,0900 Hours,District 6 (East Central),DAVENPORT,SCOTT,,E 2ND ST & IOWA ST,Collision with:  Vehicle in traffic,On Roadway,"Angle, oncoming left turn",FTYROW:  Making left turn,None Indicated,,Daylight,Dry,Clear,None apparent,Intersection:  Four-way intersection,Paved,,Property Damage Only,0,0,0,0,0,0,7500,2,2,,POINT (-90.569670508268 41.521310735389)
2014798495,14-14252,05/09/2014,05-May,6-Friday,12:48,1200 Hours,District 3 (Northwest),SIOUX CITY,WOODBURY,,,Collision with:  Vehicle in traffic,On Roadway,Rear-end (front to rear),Improper Backing,None Indicated,,Daylight,Dry,Cloudy,None apparent,Non-intersection:  Non-junction/no special feature,,,Property Damage Only,0,0,0,0,0,0,1600,2,4,,POINT (-96.643700149993 40.233091251414)
2014799177,14-003836,05/09/2014,05-May,6-Friday,17:40,1700 Hours,District 4 (Southwest),ATLANTIC,CASS,US 6,US 6/7TH ST,Collision with:  Vehicle in traffic,On Roadway,"Sideswipe, same direction",Unknown,None Indicated,,Daylight,Dry,Cloudy,None apparent,Non-intersection:  Non-junction/no special feature,Paved,,Property Damage Only,0,0,0,0,0,0,3100,2,2,,POINT (-95.005343002692 41.403910544095)
2014798352,20140012592,05/09/2014,05-May,6-Friday,10:43,1000 Hours,District 1 (Central),DES MOINES,POLK,I-235,I-235 & US 69/E 14TH ST & MAPLE ST,Collision with:  Vehicle in traffic,On Roadway,"Sideswipe, same direction",Improper or erratic lane changing,None Indicated,,Daylight,Dry,Cloudy,None apparent,Non-intersection:  Non-junction/no special feature,Paved,,Property Damage Only,0,0,0,0,0,0,5500,2,2,,POINT (-93.599120390713 41.596572323006)
2014798096,14009270,05/09/2014,05-May,6-Friday,08:56,0800 Hours,District 6 (East Central),MARION,LINN,,8TH AVE & 8TH ST,Collision with:  Vehicle in traffic,On Roadway,Broadside (front to side),FTYROW:  From stop sign,None Indicated,,Daylight,Dry,Cloudy,None apparent,Intersection:  Four-way intersection,Paved,,Property Damage Only,0,0,0,0,0,0,2200,2,3,,POINT (-91.601677010219 42.0341799423)
2014798318,14-3067,05/09/2014,05-May,6-Friday,15:44,1500 Hours,District 1 (Central),,POLK,US 69,US 69/N 14TH ST & Co Rd R6F/NE 66TH AVE,Collision with:  Vehicle in traffic,On Roadway,Rear-end (front to rear),Followed too close,None Indicated,,Daylight,Dry,Clear,None apparent,Intersection:  Four-way intersection,Paved,,Property Damage Only,0,0,0,0,0,0,11800,3,3,,POINT (-93.600606279539 41.680412386963)
2014798284,201406484,05/09/2014,05-May,6-Friday,14:58,1400 Hours,District 6 (East Central),CEDAR RAPIDS,LINN,,29TH ST NE & PRAIRIE DR NE,Collision with:  Vehicle in traffic,On Roadway,Broadside (front to side),FTYROW:  From stop sign,None Indicated,,Daylight,Dry,Cloudy,None apparent,Intersection:  Four-way intersection,Paved,,Property Damage Only,0,0,0,0,0,0,5000,2,3,,POINT (-91.652962108335 42.006621450765)
2014798283,201406468,05/09/2014,05-May,6-Friday,10:50,1000 Hours,District 6 (East Central),CEDAR RAPIDS,LINN,,12TH AVE SE & 15TH ST SE,Collision with:  Vehicle in traffic,On Roadway,Broadside (front to side),Ran Stop Sign,None Indicated,,Daylight,Dry,Cloudy,None apparent,Intersection:  Four-way intersection,Paved,,Property Damage Only,0,0,0,0,0,0,3500,2,2,,POINT (-91.649755411152 41.973809421898)
2014798496,14-14270,05/09/2014,05-May,6-Friday,14:33,1400 Hours,District 3 (Northwest),SIOUX CITY,WOODBURY,IA 376,IA 376/LEWIS BLVD,Collision with:  Vehicle in traffic,On Roadway,Rear-end (front to rear),Driver Distraction:  Manual operation of an electronic communication device,None Indicated,,Daylight,Dry,Cloudy,None apparent,Non-intersection:  Non-junction/no special feature,Paved,,Possible/Unknown,0,1,0,0,1,0,6300,2,3,,POINT (-96.375081264257 42.507817264353)
2014809964,143111PD,05/09/2014,05-May,6-Friday,07:15,0700 Hours,District 1 (Central),BOONE,BOONE,,1ST ST & S CEDAR ST,Collision with:  Non-motorist (see non-motorist section - NOT a unit),On Roadway,Non-collision (single vehicle),Unknown,None Indicated,,Daylight,Dry,Cloudy,None apparent,Intersection:  Four-way intersection,Paved,,Minor Injury,0,1,0,1,0,0,0,1,1,,POINT (-93.871586263413 42.056591438955)
2014798799,2014-29790,05/09/2014,05-May,6-Friday,09:00,0900 Hours,District 6 (East Central),DAVENPORT,SCOTT,,W 4TH ST & GAINES ST,Collision with:  Vehicle in traffic,On Roadway,Unknown,Unknown,None Indicated,,Daylight,Dry,Clear,None apparent,Non-intersection:  Non-junction/no special feature,Paved,,Property Damage Only,0,0,0,0,0,0,1500,2,1,,POINT (-90.582962457993 41.523518397837)
2014798393,14-1019,05/09/2014,05-May,6-Friday,16:57,1600 Hours,District 1 (Central),URBANDALE,POLK,IA 141,IA 141/IOWA 141,Collision with:  Vehicle in traffic,On Roadway,Rear-end (front to rear),Followed too close,None Indicated,,Daylight,Dry,Clear,None apparent,Intersection:  Intersection with ramp,Paved,,Property Damage Only,0,0,0,0,0,0,4000,2,3,,POINT (-93.775063921136 41.650725699816)
2014798454,2014-29974,05/09/2014,05-May,6-Friday,23:22,2300 Hours,District 6 (East Central),DAVENPORT,SCOTT,,GRAND AVE,Collision with:  Vehicle in traffic,On Roadway,"Sideswipe, same direction",Lost Control,Refused,,Dark - roadway lighted,Dry,Clear,None apparent,Non-intersection:  Non-junction/no special feature,Paved,,Property Damage Only,0,0,0,0,0,0,8000,2,1,,POINT (-90.564725634073 41.544505643914)
2014798287,201406491,05/09/2014,05-May,6-Friday,17:22,1700 Hours,District 6 (East Central),CEDAR RAPIDS,LINN,,SOUTHGATE CT SW & 33RD AVE SW,Collision with:  Vehicle in traffic,On Roadway,Broadside (front to side),FTYROW:  From stop sign,None Indicated,,Daylight,Dry,Cloudy,None apparent,Intersection:  Four-way intersection,Paved,,Minor Injury,0,2,0,1,1,0,2800,2,3,,POINT (-91.67350879945 41.944103837241)
2014806927,AC14-030,05/09/2014,05-May,6-Friday,16:05,1600 Hours,District 4 (Southwest),HARLAN,SHELBY,,12TH ST,Collision with:  Vehicle in traffic,On Roadway,Rear-end (front to rear),Other (explain in narrative):  Other,None Indicated,,Daylight,Dry,Clear,None apparent,Non-intersection:  Non-junction/no special feature,Paved,,Possible/Unknown,0,1,0,0,1,0,8500,2,2,,POINT (-95.325643683426 41.642460493785)
2014798453,2014-29883,05/09/2014,05-May,6-Friday,16:44,1600 Hours,District 6 (East Central),DAVENPORT,SCOTT,,N DIVISION ST,Collision with:  Vehicle in traffic,On Roadway,Rear-end (front to rear),Followed too close,None Indicated,,Daylight,Dry,Clear,None apparent,Non-intersection:  Non-junction/no special feature,Paved,,Property Damage Only,0,0,0,0,0,0,6000,3,4,,POINT (-90.601185700824 41.533708185968)
2014798330,14-002006,05/09/2014,05-May,6-Friday,03:35,0300 Hours,District 1 (Central),ANKENY,POLK,I-35,I-35,Collision with:  Vehicle in traffic,On Roadway,"Sideswipe, same direction",Crossed centerline (undivided),Alcohol (Statutory),,Dark - roadway not lighted,Dry,Clear,None apparent,Non-intersection:  Non-junction/no special feature,Paved,,Property Damage Only,0,0,0,0,0,0,1500,2,2,,POINT (-93.573998479087 41.749857708256)
2014839021,14-021-AC-Y,05/09/2014,05-May,6-Friday,14:28,1400 Hours,District 3 (Northwest),MILFORD,DICKINSON,US 71,US 71/OKOBOJI AVE & 13TH ST,Collision with:  Non-motorist (see non-motorist section - NOT a unit),On Roadway,Non-collision (single vehicle),FTYROW:  To pedestrian,None Indicated,,Daylight,Dry,Clear,None apparent,Non-intersection:  Non-junction/no special feature,Paved,,Minor Injury,0,1,0,1,0,0,0,1,1,,POINT (-95.149993312267 43.327943064146)
2014800036,14-002285,05/09/2014,05-May,6-Friday,07:13,0700 Hours,District 1 (Central),AMES,STORY,,Co Rd E42/220TH ST,Collision with fixed object:  Utility pole/light support,On Roadway,Non-collision (single vehicle),Ran off road - right,None Indicated,,Daylight,Dry,Cloudy,None apparent,Non-intersection:  Non-junction/no special feature,Paved,,Minor Injury,0,1,0,1,0,0,13000,1,1,,POINT (-93.592365507183 42.034351854964)
2014801375,2014-29847,05/09/2014,05-May,6-Friday,14:18,1400 Hours,District 6 (East Central),DAVENPORT,SCOTT,US 6,US 6/E KIMBERLY RD,Collision with:  Vehicle in traffic,On Roadway,Rear-end (front to rear),"Operating vehicle in an reckless, erratic, careless, negligent manner",None Indicated,,Daylight,Dry,Clear,None apparent,Non-intersection:  Non-junction/no special feature,Paved,,Property Damage Only,0,0,0,0,0,0,3000,2,2,,POINT (-90.550015663736 41.556891983466)
2014804938,,05/09/2014,05-May,6-Friday,18:04,1800 Hours,District 5 (Southeast),,MUSCATINE,US 6,US 6 & Co Rd X54/MOSCOW AVE,Collision with:  Vehicle in traffic,On Roadway,Broadside (front to side),FTYROW:  From stop sign,None Indicated,,Daylight,Dry,Clear,None apparent,Intersection:  Four-way intersection,Paved,,Possible/Unknown,0,3,0,0,3,0,5000,2,3,,POINT (-91.082329585136 41.566853475103)
2014798237,141196,05/09/2014,05-May,6-Friday,19:17,1900 Hours,District 3 (Northwest),,CRAWFORD,,Co Rd M36/DONNA REED RD,Collision with fixed object:  Ditch,Shoulder,Non-collision (single vehicle),Swerving/Evasive Action,None Indicated,,Daylight,Dry,Clear,None apparent,Non-intersection:  Non-junction/no special feature,Paved,,Minor Injury,0,1,0,1,0,0,5000,1,1,,POINT (-95.312214284972 41.978867656372)
2014798248,01-14-19444,05/09/2014,05-May,6-Friday,10:56,1000 Hours,District 6 (East Central),DUBUQUE,DUBUQUE,,CRESCENT RDG,Collision with fixed object:  Other fixed object (explain in narrative),On Roadway,Non-collision (single vehicle),Crossed centerline (undivided),None Indicated,,Daylight,Dry,Clear,None apparent,Non-intersection:  Non-junction/no special feature,Paved,,Property Damage Only,0,0,0,0,0,0,3250,1,1,,POINT (-90.730029678687 42.48958150016)
2014798412,S14-001587,05/09/2014,05-May,6-Friday,12:36,1200 Hours,District 4 (Southwest),OAKLAND,POTTAWATTAMIE,US 6,US 6 & GLASS ST,Collision with:  Vehicle in traffic,On Roadway,Rear-end (front to rear),Followed too close,None Indicated,,Daylight,Dry,Clear,None apparent,Non-intersection:  Non-junction/no special feature,Paved,,Property Damage Only,0,0,0,0,0,0,8149,2,4,,POINT (-95.401763932985 41.302627748739)
2014798271,2014005095,05/09/2014,05-May,6-Friday,12:30,1200 Hours,District 6 (East Central),IOWA CITY,JOHNSON,US 6,US 6 & ROCKY SHORE DR & HAWKINS DR,Collision with:  Vehicle in traffic,On Roadway,Rear-end (front to rear),Followed too close,None Indicated,,Daylight,Dry,Cloudy,None apparent,Intersection:  Four-way intersection,Paved,,Property Damage Only,0,0,0,0,0,0,2000,2,2,,POINT (-91.558049271353 41.665928175006)
2014798497,14-14298,05/09/2014,05-May,6-Friday,19:51,1900 Hours,District 3 (Northwest),SIOUX CITY,WOODBURY,I-29,I-29,Collision with:  Vehicle in traffic,On Roadway,"Sideswipe, same direction",Crossed centerline (undivided),None Indicated,,Daylight,Dry,Clear,None apparent,Non-intersection:  Non-junction/no special feature,Paved,,Property Damage Only,0,0,0,0,0,0,2300,2,2,,POINT (-96.391809143281 42.484316369513)