Iowa DOT Case Number,Law Enforcement Case Number,Date of Crash,Month of Crash,Day of Week,Time of Crash,Hour,DOT District,City Name,County Name,Route with System,Location Description,First Harmful Event,Location of First Harmful Event,Manner of Crash/Collision,Major Cause,Drug or Alcohol ,Environmental Conditions,Light Conditions,Surface Conditions,Weather Conditions,Roadway Contribution,Roadway Type,Roadway Surface,Work Zone,Crash Severity,Number of Fatalities,Number of Injuries,Number of Major Injuries,Number of Minor Injuries,Number of Possible Injuries,Number of Unknown Injuries,Amount of Property Damage,Number of Vehicles Involved,Total Number of Occupants,Travel Direction,Location
2014798422,14-018326,05/09/2014,05-May,6-Friday,17:15,1700 Hours,District 4 (Southwest),COUNCIL BLUFFS,POTTAWATTAMIE,,AVE G & N 32ND ST,Collision with:  Vehicle in traffic,On Roadway,Broadside (front to side),FTYROW:  From stop sign,None Indicated,,Daylight,Dry,Clear,None apparent,Intersection:  Four-way intersection,Paved,,Property Damage Only,0,0,0,0,0,0,2000,2,3,,POINT (-95.896358276035 41.268118866977)
2014800577,14-003726,05/09/2014,05-May,6-Friday,03:30,0300 Hours,District 6 (East Central),HOPKINTON,DELAWARE,,CULVER RD NE,Collision with fixed object:  Culvert/pipe opening,On Roadway,Non-collision (single vehicle),Lost Control,None Indicated,,Dark - roadway lighted,Dry,Clear,None apparent,Non-intersection:  Non-junction/no special feature,Paved,,Property Damage Only,0,0,0,0,0,0,4000,1,1,,POINT (-91.239913709758 42.346868221503)
2014798473,14005130,05/09/2014,05-May,6-Friday,15:45,1500 Hours,District 1 (Central),,TAMA,US 30,US 30,Collision with fixed object:  Concrete traffic barrier (median or right side),Shoulder,Non-collision (single vehicle),Ran off road - left,None Indicated,,Daylight,Dry,Cloudy,None apparent,Non-intersection:  Non-junction/no special feature,Paved,,Property Damage Only,0,0,0,0,0,0,4000,1,2,,POINT (-92.55244586793 41.97140302331)
2014798229,14-004811,05/09/2014,05-May,6-Friday,09:11,0900 Hours,District 3 (Northwest),,CARROLL,,Co Rd E37/220TH ST,Collision with fixed object:  Ditch,On Roadway,Non-collision (single vehicle),Crossed centerline (undivided),None Indicated,,Daylight,Dry,Clear,None apparent,Non-intersection:  Non-junction/no special feature,Paved,,Possible/Unknown,0,1,0,0,1,0,4250,1,1,,POINT (-94.863834574427 42.035245353734)
2014798310,14-019177,05/09/2014,05-May,6-Friday,12:54,1200 Hours,District 5 (Southeast),MUSCATINE,MUSCATINE,IA 22,IA 22/PARK AVE & HARRISON ST,Collision with:  Vehicle in traffic,On Roadway,Rear-end (front to rear),Followed too close,None Indicated,,Daylight,Dry,Clear,None apparent,Intersection:  Four-way intersection,Paved,,Possible/Unknown,0,1,0,0,1,0,200,2,3,,POINT (-91.030477826304 41.444150863591)
2014799594,67-2014,05/09/2014,05-May,6-Friday,23:00,2300 Hours,District 4 (Southwest),,HARRISON,I-29,I-29,Collision with fixed object:  Bridge overhead structure,Median,Non-collision (single vehicle),Ran off road - right,None Indicated,,Dark - roadway not lighted,Dry,Clear,None apparent,Non-intersection:  Other non-intersection (explain in narrative),Paved,,Possible/Unknown,0,1,0,0,1,0,6916,1,1,,POINT (-96.042272991209 41.693285878981)
2014798210,W14-045374,05/09/2014,05-May,6-Friday,15:48,1500 Hours,District 2 (Northeast),WATERLOO,BLACK HAWK,,BLOWERS AVE & WYOMING ST,Collision with:  Vehicle in traffic,On Roadway,Broadside (front to side),FTYROW:  At uncontrolled intersection,None Indicated,,Daylight,Dry,Clear,None apparent,Intersection:  Four-way intersection,Paved,,Minor Injury,0,1,0,1,0,0,10000,2,3,,POINT (-92.306470656672 42.487607214773)
2014798400,14-2123,05/09/2014,05-May,6-Friday,16:19,1600 Hours,District 1 (Central),WEST DES MOINES,POLK,I-35,I-35,Collision with:  Vehicle in traffic,On Roadway,"Sideswipe, same direction",Followed too close,None Indicated,,Daylight,Dry,Clear,Work Zone (roadway-related),Interchange-related:  On-ramp merge area,Paved,Yes,Property Damage Only,0,0,0,0,0,0,10000,2,2,,POINT (-93.775976586759 41.560584602622)
2014798317,14-3063,05/09/2014,05-May,6-Friday,14:37,1400 Hours,District 1 (Central),,POLK,,Co Rd R56/NW 6TH DR & NW 43RD AVE,Collision with:  Vehicle in traffic,On Roadway,Unknown,Improper Backing,None Indicated,,Daylight,Dry,Clear,None apparent,Non-intersection:  Non-junction/no special feature,Paved,,Property Damage Only,0,0,0,0,0,0,4500,2,2,,POINT (-93.62539580025 41.638532071599)
2014798336,14-0533,05/09/2014,05-May,6-Friday,20:53,2000 Hours,District 1 (Central),CLIVE,POLK,US 6,US 6/HICKMAN RD,Collision with:  Vehicle in traffic,On Roadway,Rear-end (front to rear),Driver Distraction:  Manual operation of an electronic communication device,None Indicated,,Dark - roadway lighted,Dry,Clear,None apparent,Non-intersection:  Non-junction/no special feature,Paved,,Property Damage Only,0,0,0,0,0,0,3000,2,3,,POINT (-93.735422717326 41.614903502012)
2014798526,2014028134,05/09/2014,05-May,6-Friday,17:05,1700 Hours,District 6 (East Central),,JOHNSON,,COTTAGE RESERVE RD & MEHAFFEY BRIDGE RD,Collision with:  Vehicle in traffic,On Roadway,Rear-end (front to rear),Followed too close,None Indicated,,Daylight,Dry,Cloudy,None apparent,Intersection:  Four-way intersection,Paved,,Property Damage Only,0,0,0,0,0,0,6000,2,2,,POINT (-91.545435146122 41.795502507046)
2014798369,20140012640,05/09/2014,05-May,6-Friday,16:49,1600 Hours,District 1 (Central),DES MOINES,POLK,US 6,US 6/E EUCLID AVE & CORNELL ST,Collision with:  Vehicle in traffic,On Roadway,Rear-end (front to rear),"Operating vehicle in an reckless, erratic, careless, negligent manner",Refused,,Daylight,Dry,Clear,None apparent,Non-intersection:  Non-junction/no special feature,Paved,,Property Damage Only,0,0,0,0,0,0,9566,3,5,,POINT (-93.615098906828 41.627697947971)
2014798249,01-14-19460,05/09/2014,05-May,6-Friday,12:26,1200 Hours,District 6 (East Central),DUBUQUE,DUBUQUE,US 20,US 20/DODGE ST,Collision with:  Vehicle in traffic,On Roadway,"Sideswipe, same direction",Improper or erratic lane changing,None Indicated,,Daylight,Dry,Cloudy,None apparent,Non-intersection:  Non-junction/no special feature,Paved,,Property Damage Only,0,0,0,0,0,0,4000,2,2,,POINT (-90.678198607875 42.490163623414)
2014798286,201406540,05/10/2014,05-May,7-Saturday,15:30,1500 Hours,District 6 (East Central),CEDAR RAPIDS,LINN,,8TH ST SW & WILSON AVE SW,Collision with:  Vehicle in traffic,On Roadway,Rear-end (front to rear),Followed too close,None Indicated,,Daylight,Dry,Clear,None apparent,Non-intersection:  Non-junction/no special feature,Paved,,Property Damage Only,0,0,0,0,0,0,2000,2,4,,POINT (-91.679714639843 41.956135993024)
2014798278,201406517,05/10/2014,05-May,7-Saturday,04:38,0400 Hours,District 6 (East Central),CEDAR RAPIDS,LINN,,Co Rd E36/BLAIRS FERRY RD & MILBURN RD,Collision with fixed object:  Ditch,Shoulder,Non-collision (single vehicle),Crossed centerline (undivided),Alcohol (Statutory),,Dark - roadway not lighted,Dry,Clear,None apparent,Intersection:  T-intersection,Paved,,Major Injury,0,2,2,0,0,0,10000,1,2,,POINT (-91.721177195992 42.039176350832)
2014815068,2014-1044,05/10/2014,05-May,7-Saturday,10:10,1000 Hours,District 1 (Central),JEFFERSON,GREENE,IA 4,IA 4/S ELM ST & W HARRISON ST & E HARRISON ST,Collision with:  Vehicle in traffic,On Roadway,Broadside (front to side),FTYROW:  From stop sign,None Indicated,,Daylight,Dry,Cloudy,None apparent,Intersection:  Four-way intersection,Paved,,Property Damage Only,0,0,0,0,0,0,5000,2,3,,POINT (-94.377441176072 42.014312288924)
2014806928,AC14-031,05/10/2014,05-May,7-Saturday,11:00,1100 Hours,District 4 (Southwest),HARLAN,SHELBY,,PINE ST & 5TH ST,Collision with:  Vehicle in traffic,On Roadway,Broadside (front to side),FTYROW:  At uncontrolled intersection,None Indicated,,Daylight,Dry,Cloudy,None apparent,Non-intersection:  Non-junction/no special feature,Paved,,Property Damage Only,0,0,0,0,0,0,7500,2,5,,POINT (-95.31644124055 41.65135554939)
2014798435,14-4741,05/10/2014,05-May,7-Saturday,00:55,0000 Hours,District 3 (Northwest),SCHALLER,SAC,,Co Rd D15/200TH ST & CORY AVE,Non-collision events:  Other non-collision (explain in narrative),On Roadway,Non-collision (single vehicle),Swerving/Evasive Action,Alcohol (Statutory),,Dark - roadway not lighted,Dry,Clear,None apparent,Non-intersection:  Non-junction/no special feature,Paved,,Possible/Unknown,0,1,0,0,1,0,17000,1,1,,POINT (-95.308641313252 42.503865417071)
2014798356,20140012790,05/10/2014,05-May,7-Saturday,21:33,2100 Hours,District 1 (Central),DES MOINES,POLK,,E HARTFORD AVE,Collision with:  Parked motor vehicle,On Roadway,Rear-end (front to rear),Unknown,Alcohol (Statutory),,Dark - roadway lighted,Dry,Clear,None apparent,Non-intersection:  Non-junction/no special feature,Paved,,Property Damage Only,0,0,0,0,0,0,7000,2,777,,POINT (-93.610435173965 41.569779249939)
2014798321,14-3083,05/10/2014,05-May,7-Saturday,19:38,1900 Hours,District 1 (Central),DES MOINES,POLK,I-35,I-35 & US 69/NE 14TH ST,Collision with:  Vehicle in traffic,On Roadway,Rear-end (front to rear),Other (explain in narrative):  Other,Alcohol (Statutory),,Dusk,Dry,Cloudy,None apparent,Intersection:  Intersection with ramp,Paved,,Property Damage Only,0,0,0,0,0,0,8000,2,2,,POINT (-93.600383082395 41.651221428253)
2014799595,68-2014,05/10/2014,05-May,7-Saturday,08:30,0800 Hours,District 4 (Southwest),PERSIA,HARRISON,IA 191,IA 191/HWY 191 & MAIN,Collision with:  Vehicle in traffic,On Roadway,Broadside (front to side),FTYROW:  From parked position,None Indicated,,Daylight,Dry,Cloudy,None apparent,Intersection:  Other intersection (explain in narrative),Paved,,Possible/Unknown,0,1,0,0,1,0,5500,2,5,,POINT (-95.568354518159 41.579587961872)
2014799849,201400022487,05/10/2014,05-May,7-Saturday,21:18,2100 Hours,District 5 (Southeast),OTTUMWA,WAPELLO,,E MAIN ST & S UNION ST,Collision with:  Vehicle in traffic,On Roadway,"Sideswipe, same direction",Lost Control,Refused,,Dark - roadway lighted,Dry,Clear,None apparent,Non-intersection:  Non-junction/no special feature,Paved,,Minor Injury,0,1,0,1,0,0,5500,3,1,,POINT (-92.4067751799 41.013579693246)
2014798845,2014028292,05/10/2014,05-May,7-Saturday,22:37,2200 Hours,District 4 (Southwest),STUART,ADAIR,I-80,I-80,Collision with:  Vehicle in traffic,On Roadway,"Sideswipe, same direction",Crossed centerline (undivided),Refused,,Dark - roadway not lighted,Dry,Clear,None apparent,Non-intersection:  Non-junction/no special feature,Paved,,Property Damage Only,0,0,0,0,0,0,26000,2,2,,POINT (-94.324577474729 41.493018815897)
2014801622,2014-30021,05/10/2014,05-May,7-Saturday,02:22,0200 Hours,District 6 (East Central),DAVENPORT,SCOTT,,IA 461/HARRISON ST,Collision with:  Vehicle in traffic,On Roadway,"Sideswipe, same direction",Made improper turn,None Indicated,,Dark - roadway lighted,Dry,Clear,None apparent,Non-intersection:  Non-junction/no special feature,Paved,,Property Damage Only,0,0,0,0,0,0,3000,2,4,,POINT (-90.57723741312 41.538834864066)
2014798800,2014-30067,05/10/2014,05-May,7-Saturday,00:00,0000 Hours,District 6 (East Central),DAVENPORT,SCOTT,,IA 461/HARRISON ST & W 15TH ST,Collision with:  Vehicle in traffic,On Roadway,"Sideswipe, same direction",Unknown,None Indicated,,Dark - roadway lighted,Dry,Clear,None apparent,Non-intersection:  Non-junction/no special feature,Paved,,Property Damage Only,0,0,0,0,0,0,2500,2,1,,POINT (-90.577228556607 41.53489887597)
2014798844,2014028241,05/10/2014,05-May,7-Saturday,19:29,1900 Hours,District 4 (Southwest),,MILLS,I-29,I-29,Collision with fixed object:  Other fixed object (explain in narrative),On Roadway,Non-collision (single vehicle),Crossed centerline (undivided),None Indicated,,Daylight,Dry,Cloudy,None apparent,Non-intersection:  Non-junction/no special feature,Paved,,Property Damage Only,0,0,0,0,0,0,6100,1,1,,POINT (-95.820684741486 41.05497788363)
2014798664,S14-4498,05/10/2014,05-May,7-Saturday,07:19,0700 Hours,District 3 (Northwest),SERGEANT BLUFF,WOODBURY,,ELK CREEK RD,Collision with fixed object:  Ditch,On Roadway,Non-collision (single vehicle),Exceeded authorized speed,None Indicated,,Unknown,Other (explain in narrative),Unknown,None apparent,Non-intersection:  Other non-intersection (explain in narrative),Unpaved,,Property Damage Only,0,0,0,0,0,0,3000,1,1,,POINT (-96.301838645765 42.403023560012)
2014798479,14-0257,05/10/2014,05-May,7-Saturday,15:04,1500 Hours,District 1 (Central),,WEBSTER,,Co Rd D14/170TH ST & Co Rd P59/PARAGON AVE,Collision with:  Vehicle in traffic,On Roadway,Rear-end (front to rear),Followed too close,None Indicated,,Daylight,Dry,Clear,None apparent,Non-intersection:  Non-junction/no special feature,Paved,,Possible/Unknown,0,1,0,0,1,0,7000,2,3,,POINT (-94.148717232012 42.544665066112)
2014798359,20140012745,05/10/2014,05-May,7-Saturday,12:57,1200 Hours,District 1 (Central),DES MOINES,POLK,US 69,US 69/SE 14TH ST,Collision with:  Vehicle in traffic,On Roadway,Rear-end (front to rear),Followed too close,None Indicated,,Daylight,Dry,Cloudy,None apparent,Non-intersection:  Non-junction/no special feature,Paved,,Possible/Unknown,0,1,0,0,1,0,4500,3,6,,POINT (-93.596840316414 41.539207756855)
2014798212,W14-045816,05/10/2014,05-May,7-Saturday,16:09,1600 Hours,District 2 (Northeast),WATERLOO,BLACK HAWK,,ANSBOROUGH AVE,Collision with:  Vehicle in traffic,On Roadway,"Sideswipe, same direction",Crossed centerline (undivided),None Indicated,,Daylight,Dry,Cloudy,None apparent,Non-intersection:  Non-junction/no special feature,Paved,,Property Damage Only,0,0,0,0,0,0,2000,2,3,,POINT (-92.37693225519 42.495288660871)
2014798279,201406524,05/10/2014,05-May,7-Saturday,09:36,0900 Hours,District 6 (East Central),CEDAR RAPIDS,LINN,I-380,I-380 & IA 922/1ST AVE W & L ST SW & 3RD ST NW,Collision with:  Vehicle in traffic,On Roadway,"Sideswipe, same direction",Exceeded authorized speed,None Indicated,,Daylight,Dry,Clear,None apparent,Non-intersection:  Non-junction/no special feature,Paved,,Minor Injury,0,1,0,1,0,0,5000,2,2,,POINT (-91.676967358255 41.975198064592)
2014798583,14-661,05/10/2014,05-May,7-Saturday,06:10,0600 Hours,District 3 (Northwest),ORLEANS,DICKINSON,,252ND AVE,Collision with fixed object:  Ditch,Outside trafficway,Non-collision (single vehicle),Driving too fast for conditions,None Indicated,,Daylight,Dry,Cloudy,None apparent,Non-intersection:  Non-junction/no special feature,Paved,,Major Injury,0,3,1,2,0,0,20200,1,3,,POINT (-95.093375912452 43.444003560351)
2014798354,20140012726,05/10/2014,05-May,7-Saturday,11:26,1100 Hours,District 1 (Central),DES MOINES,POLK,,FLEUR DR,Collision with:  Vehicle in traffic,On Roadway,"Angle, oncoming left turn",FTYROW:  Making left turn,None Indicated,,Daylight,Dry,Cloudy,None apparent,Intersection:  Four-way intersection,Paved,,Property Damage Only,0,0,0,0,0,0,5500,2,2,,POINT (-93.644948928565 41.572842458624)
2014799652,2014-30134,05/10/2014,05-May,7-Saturday,15:59,1500 Hours,District 6 (East Central),DAVENPORT,SCOTT,,W 35TH ST & HILLANDALE RD,Collision with:  Vehicle in traffic,On Roadway,Rear-end (front to rear),Followed too close,None Indicated,,Daylight,Dry,Clear,None apparent,Non-intersection:  Non-junction/no special feature,Paved,,Property Damage Only,0,0,0,0,0,0,4500,2,3,,POINT (-90.620024490846 41.556354731776)
2014801416,14-042,05/10/2014,05-May,7-Saturday,08:05,0800 Hours,District 3 (Northwest),SIOUX CENTER,SIOUX,US 75,US 75/MAIN AVE & 20TH ST SW & 20TH ST SE,Collision with:  Vehicle in traffic,On Roadway,"Angle, oncoming left turn",FTYROW:  Making left turn,None Indicated,,Daylight,Dry,Cloudy,None apparent,Intersection:  Four-way intersection,Paved,,Property Damage Only,0,0,0,0,0,0,6500,2,2,,POINT (-96.175289175343 43.055189577112)
2014800909,2014-30228,05/10/2014,05-May,7-Saturday,23:29,2300 Hours,District 6 (East Central),DAVENPORT,SCOTT,,E 10TH ST & COLLEGE AVE,Collision with:  Parked motor vehicle,On Roadway,Head-on (front to front),Unknown,None Indicated,,Dark - roadway lighted,Dry,Clear,None apparent,Non-intersection:  Non-junction/no special feature,Paved,,Property Damage Only,0,0,0,0,0,0,4000,2,1,,POINT (-90.556432903766 41.530099520684)
2014798224,14004006,05/10/2014,05-May,7-Saturday,14:55,1400 Hours,District 6 (East Central),,BUCHANAN,,Co Rd W13/FAIRBANK-AMISH BLVD & 140TH ST,Collision with:  Vehicle in traffic,On Roadway,Broadside (front to side),Ran Stop Sign,None Indicated,,Daylight,Dry,Clear,None apparent,Intersection:  Four-way intersection,Paved,,Possible/Unknown,0,2,0,0,2,0,13500,2,3,,POINT (-91.983701617832 42.583865929916)
2014798373,20140012777,05/10/2014,05-May,7-Saturday,19:05,1900 Hours,District 1 (Central),DES MOINES,POLK,,CENTER ST & 2ND AVE,Collision with:  Vehicle in traffic,On Roadway,"Sideswipe, same direction","Operating vehicle in an reckless, erratic, careless, negligent manner",None Indicated,,Daylight,Dry,Cloudy,None apparent,Intersection:  T-intersection,Paved,,Property Damage Only,0,0,0,0,0,0,5500,2,6,,POINT (-93.620298985568 41.591569073913)
2014798576,CL14001420,05/10/2014,05-May,7-Saturday,15:28,1500 Hours,District 6 (East Central),CLINTON,CLINTON,,6TH AVE S & S 9TH ST,Collision with:  Vehicle in traffic,On Roadway,"Angle, oncoming left turn",FTYROW:  At uncontrolled intersection,None Indicated,,Daylight,Dry,Clear,None apparent,Non-intersection:  Non-junction/no special feature,Paved,,Property Damage Only,0,0,0,0,0,0,8500,2,3,,POINT (-90.207163791588 41.839952233338)
2014798483,14-1379,05/10/2014,05-May,7-Saturday,18:05,1800 Hours,District 1 (Central),FORT DODGE,WEBSTER,,5TH AVE S,Collision with:  Vehicle in traffic,On Roadway,Broadside (front to side),Other (explain in narrative):  Other,None Indicated,,Daylight,Wet,Cloudy,None apparent,Non-intersection:  Non-junction/no special feature,Paved,,Property Damage Only,0,0,0,0,0,0,2000,2,3,,POINT (-94.171383636337 42.501082247428)
2014799034,201406538,05/10/2014,05-May,7-Saturday,15:26,1500 Hours,District 6 (East Central),CEDAR RAPIDS,LINN,,CENTER POINT RD NE,Collision with:  Vehicle in traffic,On Roadway,Broadside (front to side),FTYROW:  From driveway,Alcohol (Statutory),,Daylight,Dry,Clear,None apparent,Non-intersection:  Driveway access (within),Paved,,Minor Injury,0,1,0,1,0,0,6000,2,2,,POINT (-91.668126141295 42.033961660831)
2014798742,14-15590,05/10/2014,05-May,7-Saturday,00:30,0000 Hours,District 5 (Southeast),,DES MOINES,,Co Rd H50/STONY HOLLOW RD,Non-collision events:  Overturn/rollover,Outside trafficway,Non-collision (single vehicle),Swerving/Evasive Action,None Indicated,,Dark - roadway not lighted,"Mud, dirt",Clear,None apparent,Non-intersection:  Non-junction/no special feature,Unpaved,,Property Damage Only,0,0,0,0,0,0,8000,1,2,,POINT (-91.114035732751 40.920516352223)
2014798676,,05/10/2014,05-May,7-Saturday,08:42,0800 Hours,District 2 (Northeast),,BUTLER,IA 3,IA 3/IOWA 3,Collision with:  Vehicle in traffic,On Roadway,Rear-end (front to rear),Unknown,None Indicated,,Daylight,Dry,Clear,Work Zone (roadway-related),Non-intersection:  Non-junction/no special feature,Paved,Yes,Property Damage Only,0,0,0,0,0,0,5000,2,3,,POINT (-92.591653499755 42.728205233253)
2014802660,14-000586,05/10/2014,05-May,7-Saturday,00:00,0000 Hours,District 1 (Central),,STORY,,Co Rd S14/620TH AVE,Non-collision events:  Overturn/rollover,On Roadway,Non-collision (single vehicle),Unknown,None Indicated,,Dark - unknown roadway lighting,Dry,Clear,Unknown,Non-intersection:  Non-junction/no special feature,Paved,,Property Damage Only,0,0,0,0,0,0,15000,1,2,,POINT (-93.463386133398 41.899349360241)
2014798325,14-002034,05/10/2014,05-May,7-Saturday,14:09,1400 Hours,District 1 (Central),ANKENY,POLK,IA 160,IA 160/SE ORALABOR RD,Collision with:  Vehicle in traffic,On Roadway,Rear-end (front to rear),Followed too close,None Indicated,,Daylight,Dry,Clear,None apparent,Non-intersection:  Non-junction/no special feature,Paved,,Property Damage Only,0,0,0,0,0,0,3000,3,4,,POINT (-93.576645318696 41.702881719339)
2014798372,20140012747,05/10/2014,05-May,7-Saturday,13:43,1300 Hours,District 1 (Central),DES MOINES,POLK,IA 5,IA 5/NE RAMP & IA 28/IOWA 5,Collision with:  Vehicle in traffic,On Roadway,Broadside (front to side),Ran Traffic Signal,None Indicated,,Daylight,Dry,Cloudy,None apparent,Intersection:  Four-way intersection,Paved,,Minor Injury,0,1,0,1,0,0,7000,2,2,,POINT (-93.683468565688 41.5152073637)
2014799032,14-013608,05/10/2014,05-May,7-Saturday,17:52,1700 Hours,District 5 (Southeast),WEST POINT,LEE,,D AVE & 5TH ST,Collision with:  Vehicle in traffic,On Roadway,"Angle, oncoming left turn",Lost Control,None Indicated,,Daylight,Dry,Clear,None apparent,Intersection:  Four-way intersection,Paved,,Property Damage Only,0,0,0,0,0,0,3500,2,2,,POINT (-91.452444071121 40.716650482963)
2014798502,14-14400,05/10/2014,05-May,7-Saturday,18:01,1800 Hours,District 3 (Northwest),SIOUX CITY,WOODBURY,,MYRTLE ST,Collision with:  Vehicle in traffic,On Roadway,Head-on (front to front),Exceeded authorized speed,None Indicated,,Daylight,Dry,Clear,None apparent,Non-intersection:  Non-junction/no special feature,Paved,,Property Damage Only,0,0,0,0,0,0,1500,2,777,,POINT (-96.422706194714 42.518126976817)
2014798509,2014028196,05/10/2014,05-May,7-Saturday,09:50,0900 Hours,District 5 (Southeast),,WARREN,I-35,I-35,Collision with fixed object:  Ditch,On Roadway,Non-collision (single vehicle),Ran off road - right,None Indicated,,Daylight,Dry,Clear,None apparent,Non-intersection:  Non-junction/no special feature,Paved,,Minor Injury,0,1,0,1,0,0,100100,1,1,,POINT (-93.779916727312 41.357260604751)
2014798382,20140012742,05/10/2014,05-May,7-Saturday,13:46,1300 Hours,District 1 (Central),DES MOINES,POLK,,WOODLAND AVE & 42ND ST,Collision with:  Vehicle in traffic,On Roadway,Rear-end (front to rear),"Operating vehicle in an reckless, erratic, careless, negligent manner",None Indicated,,Daylight,Dry,Clear,None apparent,Non-intersection:  Non-junction/no special feature,Paved,,Property Damage Only,0,0,0,0,0,0,4000,3,4,,POINT (-93.674362391241 41.588058094024)
2014799439,,05/10/2014,05-May,7-Saturday,12:36,1200 Hours,District 2 (Northeast),,FLOYD,,GLASS AVE & 220TH ST,Collision with:  Vehicle in traffic,On Roadway,Broadside (front to side),FTYROW:  At uncontrolled intersection,None Indicated,,Daylight,"Mud, dirt",Cloudy,None apparent,Intersection:  Four-way intersection,Unpaved,,Property Damage Only,0,0,0,0,0,0,5500,2,2,,POINT (-92.905817470982 43.037442149677)
2014798211,W14-045776,05/10/2014,05-May,7-Saturday,13:47,1300 Hours,District 2 (Northeast),WATERLOO,BLACK HAWK,US 218,US 218/WASHINGTON ST & W 11TH ST,Collision with:  Vehicle in traffic,On Roadway,"Sideswipe, same direction",Made improper turn,None Indicated,,Daylight,Dry,Clear,None apparent,Intersection:  Four-way intersection,Paved,,Property Damage Only,0,0,0,0,0,0,2000,2,4,,POINT (-92.334730244774 42.48823403622)
2014798204,14045753,05/10/2014,05-May,7-Saturday,12:26,1200 Hours,District 2 (Northeast),CEDAR FALLS,BLACK HAWK,IA 27,IA 27,Collision with:  Vehicle in traffic,On Roadway,Rear-end (front to rear),Other (explain in narrative):  Other,None Indicated,,Daylight,Dry,Cloudy,None apparent,Non-intersection:  Non-junction/no special feature,Paved,,Property Damage Only,0,0,0,0,0,0,4500,2,3,,POINT (-92.450261775693 42.4901702912)
2014798362,20140012772,05/10/2014,05-May,7-Saturday,18:07,1800 Hours,District 1 (Central),DES MOINES,POLK,I-235,I-235,Collision with fixed object:  Guardrail - face,On Roadway,Non-collision (single vehicle),Over correcting/over steering,None Indicated,,Daylight,Wet,Rain,None apparent,Non-intersection:  Non-junction/no special feature,Paved,,Possible/Unknown,0,1,0,0,1,0,9000,1,4,,POINT (-93.652021434866 41.59387053465)
2014798561,14-4876,05/10/2014,05-May,7-Saturday,16:01,1600 Hours,District 3 (Northwest),CARROLL,CARROLL,,10TH ST & WEST ST,Collision with:  Vehicle in traffic,On Roadway,Broadside (front to side),Ran Stop Sign,None Indicated,,Daylight,Wet,Rain,None apparent,Intersection:  Four-way intersection,Paved,,Possible/Unknown,0,1,0,0,1,0,9000,2,2,,POINT (-94.869558593468 42.071005447385)
2014798503,14-14422,05/10/2014,05-May,7-Saturday,21:39,2100 Hours,District 3 (Northwest),SIOUX CITY,WOODBURY,,W 19TH ST & ISABELLA ST,Collision with:  Vehicle in traffic,On Roadway,Rear-end (front to rear),Followed too close,None Indicated,,Dark - roadway lighted,Dry,Clear,Obstruction in roadway,Intersection:  Four-way intersection,Paved,,Minor Injury,0,1,0,1,0,0,3500,2,10,,POINT (-96.424090997289 42.510503817922)
2014798962,2014028226,05/10/2014,05-May,7-Saturday,13:09,1300 Hours,District 5 (Southeast),BLOOMFIELD,DAVIS,US 63,US 63/WASHINGTON ST & SOUTH FORK BLVD,Collision with:  Vehicle in traffic,On Roadway,Rear-end (front to rear),FTYROW:  Other (explain in narrative),None Indicated,,Daylight,Dry,Cloudy,None apparent,Non-intersection:  Driveway access (within),Paved,,Major Injury,0,1,1,0,0,0,6000,2,2,,POINT (-92.412663813129 40.742151880473)
2014800042,14-002323,05/10/2014,05-May,7-Saturday,19:22,1900 Hours,District 1 (Central),AMES,STORY,US 30,US 30/SE RAMP CURV/SW RAMP CURV & UNIVERSITY BLVD,Collision with:  Vehicle in traffic,On Roadway,Rear-end (front to rear),Followed too close,None Indicated,,Daylight,Dry,Cloudy,None apparent,Intersection:  Four-way intersection,Paved,,Possible/Unknown,0,1,0,0,1,0,1600,2,4,,POINT (-93.639472793338 42.002089682608)
2014798363,20140012773,05/10/2014,05-May,7-Saturday,17:45,1700 Hours,District 1 (Central),DES MOINES,POLK,,E ARMY POST RD & SE 5TH ST,Collision with:  Vehicle in traffic,On Roadway,Broadside (front to side),Ran Traffic Signal,None Indicated,,Daylight,Wet,Rain,Work Zone (roadway-related),Intersection:  Four-way intersection,Paved,Yes,Property Damage Only,0,0,0,0,0,0,2500,2,2,,POINT (-93.606442994277 41.52635808595)
2014798803,2014-30140,05/10/2014,05-May,7-Saturday,16:33,1600 Hours,District 6 (East Central),DAVENPORT,SCOTT,I-80,I-80,Collision with fixed object:  Ditch,Shoulder,Non-collision (single vehicle),Swerving/Evasive Action,None Indicated,,Daylight,Dry,Cloudy,None apparent,Non-intersection:  Non-junction/no special feature,Paved,,Property Damage Only,0,0,0,0,0,0,4000,2,3,,POINT (-90.584794575968 41.59855309098)
2014798261,14-170510-01,05/10/2014,05-May,7-Saturday,04:40,0400 Hours,District 6 (East Central),,IOWA,,Co Rd F15/F15 BLVD,Collision with fixed object:  Ditch,Outside trafficway,Non-collision (single vehicle),Ran off road - left,None Indicated,,Dark - roadway not lighted,Dry,Cloudy,None apparent,Non-intersection:  Non-junction/no special feature,Paved,,Minor Injury,0,2,0,1,1,0,5000,1,2,,POINT (-92.068839237803 41.824031606212)
2014798475,2014-09711,05/10/2014,05-May,7-Saturday,05:18,0500 Hours,District 5 (Southeast),,WARREN,US 65,US 65,Collision with:  Animal,,Non-collision (single vehicle),Animal,None Indicated,,,,,,,Paved,,Property Damage Only,0,0,0,0,0,0,3000,1,777,,POINT (-93.558577599439 41.443534068946)