Iowa DOT Case Number,Law Enforcement Case Number,Date of Crash,Month of Crash,Day of Week,Time of Crash,Hour,DOT District,City Name,County Name,Route with System,Location Description,First Harmful Event,Location of First Harmful Event,Manner of Crash/Collision,Major Cause,Drug or Alcohol ,Environmental Conditions,Light Conditions,Surface Conditions,Weather Conditions,Roadway Contribution,Roadway Type,Roadway Surface,Work Zone,Crash Severity,Number of Fatalities,Number of Injuries,Number of Major Injuries,Number of Minor Injuries,Number of Possible Injuries,Number of Unknown Injuries,Amount of Property Damage,Number of Vehicles Involved,Total Number of Occupants,Travel Direction,Location
2014798752,02-14-7249,05/10/2014,05-May,7-Saturday,15:14,1500 Hours,District 6 (East Central),ASBURY,DUBUQUE,,RADFORD RD & ASBURY RD,Collision with:  Vehicle in traffic,On Roadway,Rear-end (front to rear),Followed too close,None Indicated,,Daylight,Dry,Cloudy,None apparent,Intersection:  T-intersection,Paved,,Possible/Unknown,0,1,0,0,1,0,2500,2,2,,POINT (-90.750158380152 42.514589975455)
2014801417,14-043,05/10/2014,05-May,7-Saturday,12:46,1200 Hours,District 3 (Northwest),SIOUX CENTER,SIOUX,,7TH ST SW & 2ND AVE SW,Collision with:  Vehicle in traffic,On Roadway,Broadside (front to side),FTYROW:  At uncontrolled intersection,None Indicated,,Daylight,Dry,Cloudy,None apparent,Intersection:  Four-way intersection,Paved,,Possible/Unknown,0,1,0,0,1,0,9000,2,2,,POINT (-96.17823757178 43.071368944955)
2014799156,14045779,05/10/2014,05-May,7-Saturday,14:00,1400 Hours,District 2 (Northeast),CEDAR FALLS,BLACK HAWK,IA 27,IA 27,Collision with:  Vehicle in traffic,On Roadway,Rear-end (front to rear),Other (explain in narrative):  No improper action,None Indicated,,Daylight,Dry,Clear,None apparent,Non-intersection:  Non-junction/no special feature,Paved,,Possible/Unknown,0,2,0,0,2,0,19500,6,13,,POINT (-92.44882461708 42.488929586074)
2014798201,14V05060,05/10/2014,05-May,7-Saturday,13:04,1300 Hours,District 6 (East Central),VINTON,BENTON,,S 8TH AVE,Collision with:  Vehicle in traffic,On Roadway,"Sideswipe, opposite direction",Other (explain in narrative):  Other,None Indicated,,Daylight,Dry,Cloudy,None apparent,Non-intersection:  Non-junction/no special feature,Paved,,Possible/Unknown,0,2,0,0,2,0,8000,2,2,,POINT (-92.015191690034 42.170344592421)
2014927529,,05/10/2014,05-May,7-Saturday,21:06,2100 Hours,District 3 (Northwest),SERGEANT BLUFF,WOODBURY,I-29,I-29,Collision with fixed object:  Other fixed object (explain in narrative),On Roadway,Non-collision (single vehicle),Crossed centerline (undivided),None Indicated,,Dusk,Dry,Clear,None apparent,Non-intersection:  Non-junction/no special feature,Paved,Yes,Property Damage Only,0,0,0,0,0,0,2000,1,1,,POINT (-96.359438027996 42.38340205332)
2014799524,14-8736,05/10/2014,05-May,7-Saturday,12:35,1200 Hours,District 6 (East Central),BETTENDORF,SCOTT,US 67,US 67/GRANT ST,Collision with fixed object:  Traffic sign support,On Roadway,Non-collision (single vehicle),Ran off road - left,None Indicated,,Daylight,Dry,Clear,None apparent,Intersection:  Five points or more,Paved,,Possible/Unknown,0,1,0,0,1,0,500,1,1,,POINT (-90.496931694766 41.525873978162)
2014798388,20140012701,05/10/2014,05-May,7-Saturday,05:07,0500 Hours,District 1 (Central),DES MOINES,POLK,,SAYLOR RD,Collision with fixed object:  Utility pole/light support,Outside trafficway,Non-collision (single vehicle),"Operating vehicle in an reckless, erratic, careless, negligent manner",Refused,,Dark - roadway lighted,Dry,Cloudy,None apparent,Non-intersection:  Non-junction/no special feature,Paved,,Property Damage Only,0,0,0,0,0,0,3000,1,1,,POINT (-93.610911919812 41.611453264251)
2014798333,14-002035,05/10/2014,05-May,7-Saturday,16:29,1600 Hours,District 1 (Central),ANKENY,POLK,IA 160,IA 160/SE ORALABOR RD,Collision with:  Vehicle in traffic,On Roadway,Rear-end (front to rear),Followed too close,None Indicated,,Daylight,Dry,Cloudy,None apparent,Non-intersection:  Non-junction/no special feature,Paved,,Property Damage Only,0,0,0,0,0,0,2000,2,2,,POINT (-93.588868553417 41.702882785714)
2014798666,S14-4509,05/10/2014,05-May,7-Saturday,16:30,1600 Hours,District 3 (Northwest),CORRECTIONVILLE,WOODBURY,US 20,US 20,Collision with:  Vehicle in traffic,On Roadway,"Sideswipe, opposite direction",Crossed centerline (undivided),Alcohol (Statutory),,Daylight,Dry,Cloudy,None apparent,Non-intersection:  Non-junction/no special feature,Paved,,Property Damage Only,0,0,0,0,0,0,10000,2,2,,POINT (-95.913027984989 42.482289505092)
2014798581,14-003773,05/10/2014,05-May,7-Saturday,13:38,1300 Hours,District 6 (East Central),MANCHESTER,DELAWARE,,E DELAWARE ST & S BREWER ST,Collision with:  Vehicle in traffic,On Roadway,"Angle, oncoming left turn",FTYROW:  Making left turn,None Indicated,,Daylight,Dry,Cloudy,None apparent,Intersection:  Four-way intersection,Paved,,Possible/Unknown,0,1,0,0,1,0,14000,2,3,,POINT (-91.454200096019 42.48308960752)
2014798297,14010670,05/10/2014,05-May,7-Saturday,14:17,1400 Hours,District 5 (Southeast),OSKALOOSA,MAHASKA,US 63,US 63/N MARKET ST & B AVE W & B AVE E,Collision with:  Vehicle in traffic,On Roadway,Broadside (front to side),FTYROW:  From stop sign,None Indicated,,Daylight,Dry,Cloudy,None apparent,Intersection:  Other intersection (explain in narrative),Paved,,Property Damage Only,0,0,0,0,0,0,6000,2,4,,POINT (-92.645102672493 41.297112920947)
2014798860,,05/10/2014,05-May,7-Saturday,09:39,0900 Hours,District 2 (Northeast),DENVER,BREMER,,LONGVIEW ST,Collision with:  Parked motor vehicle,Outside trafficway,Rear-end (front to rear),"Operating vehicle in an reckless, erratic, careless, negligent manner",None Indicated,,Daylight,Dry,Clear,None apparent,Non-intersection:  Non-junction/no special feature,Paved,,Property Damage Only,0,0,0,0,0,0,3000,2,2,,POINT (-92.324839480972 42.669902239232)
2014801635,1-14-000168,05/10/2014,05-May,7-Saturday,23:38,2300 Hours,District 4 (Southwest),EARLING,SHELBY,,Co Rd F16/STREET F16,Collision with fixed object:  Ditch,On Roadway,Non-collision (single vehicle),Ran off road - right,None Indicated,,Dark - roadway not lighted,Dry,Clear,None apparent,Non-intersection:  Non-junction/no special feature,Paved,,Possible/Unknown,0,1,0,0,1,0,1000,1,1,,POINT (-95.418403207018 41.849595947941)
2014798444,2014-30068,05/10/2014,05-May,7-Saturday,08:53,0800 Hours,District 6 (East Central),DAVENPORT,SCOTT,,IA 461/HARRISON ST & W 16TH ST,Collision with:  Vehicle in traffic,On Roadway,"Sideswipe, same direction",Lost Control,None Indicated,,Daylight,Dry,Clear,None apparent,Non-intersection:  Non-junction/no special feature,Paved,,Property Damage Only,0,0,0,0,0,0,2000,2,2,,POINT (-90.577215548486 41.535889306976)
2014798875,CL14001419,05/10/2014,05-May,7-Saturday,11:40,1100 Hours,District 6 (East Central),CLINTON,CLINTON,US 67,US 67/N 2ND ST,Collision with:  Vehicle in traffic,On Roadway,Broadside (front to side),FTYROW:  From driveway,None Indicated,,Daylight,Dry,Cloudy,None apparent,Non-intersection:  Driveway access (within),Paved,,Possible/Unknown,0,1,0,0,1,0,17000,2,2,,POINT (-90.18766615113 41.849571513028)
2014799134,2014028280,05/10/2014,05-May,7-Saturday,21:06,2100 Hours,District 1 (Central),,JASPER,US 65,US 65/US 65 N,Collision with:  Animal,,,Animal,None Indicated,,,,,,,Paved,,Property Damage Only,0,0,0,0,0,0,3500,1,1,,POINT (-93.313727083947 41.805787845687)
2014806062,,05/10/2014,05-May,7-Saturday,14:16,1400 Hours,District 2 (Northeast),CLEAR LAKE,CERRO GORDO,I-35,I-35 & US 18,Collision with:  Vehicle in traffic,On Roadway,"Sideswipe, same direction",Improper or erratic lane changing,None Indicated,,Daylight,Wet,Rain,None apparent,Intersection:  Intersection with ramp,Paved,,Property Damage Only,0,0,0,0,0,0,5500,2,4,,POINT (-93.357019305019 43.146153894895)
2014798252,01-14-19662,05/10/2014,05-May,7-Saturday,15:00,1500 Hours,District 6 (East Central),DUBUQUE,DUBUQUE,US 20,US 20/DODGE ST,Collision with:  Vehicle in traffic,On Roadway,Rear-end (front to rear),Lost Control,None Indicated,,Daylight,Dry,Clear,None apparent,Non-intersection:  Non-junction/no special feature,Paved,,Property Damage Only,0,0,0,0,0,0,2000,2,2,,POINT (-90.665365021548 42.492037018831)
2014798501,14-14394,05/10/2014,05-May,7-Saturday,16:53,1600 Hours,District 3 (Northwest),SIOUX CITY,WOODBURY,,BLUFF ST & WESLEY PKWY,Collision with:  Vehicle in traffic,On Roadway,Broadside (front to side),FTYROW:  From stop sign,None Indicated,,Daylight,Dry,Clear,None apparent,Intersection:  Four-way intersection,Paved,,Property Damage Only,0,0,0,0,0,0,7000,2,4,,POINT (-96.409929249838 42.500751512884)
2014798680,14006650,05/10/2014,05-May,7-Saturday,12:10,1200 Hours,District 5 (Southeast),MOULTON,APPANOOSE,,W 4TH ST,Collision with:  Vehicle in traffic,On Roadway,Rear-end (front to rear),Illegally Parked/Unattended,None Indicated,,Daylight,Dry,Clear,None apparent,Non-intersection:  Non-junction/no special feature,Paved,,Property Damage Only,0,0,0,0,0,0,4000,2,1,,POINT (-92.67939957475 40.684914938463)
2014798469,14002319,05/10/2014,05-May,7-Saturday,17:15,1700 Hours,District 1 (Central),AMES,STORY,,13TH ST & E 13TH ST & DUFF AVE,Collision with:  Vehicle in traffic,On Roadway,Broadside (front to side),FTYROW:  Making right turn on red signal,None Indicated,,Daylight,Dry,Cloudy,None apparent,Intersection:  Four-way intersection,Paved,,Property Damage Only,0,0,0,0,0,0,3000,2,6,,POINT (-93.610682377889 42.034544069544)
2014798424,14-018448,05/10/2014,05-May,7-Saturday,08:55,0800 Hours,District 4 (Southwest),COUNCIL BLUFFS,POTTAWATTAMIE,,20TH AVE,Collision with:  Vehicle in traffic,On Roadway,Head-on (front to front),Made improper turn,None Indicated,,Daylight,Dry,Clear,None apparent,Non-intersection:  Non-junction/no special feature,Paved,,Property Damage Only,0,0,0,0,0,0,2000,2,2,,POINT (-95.860583266788 41.24269747624)
2014798238,141198,05/10/2014,05-May,7-Saturday,00:35,0000 Hours,District 3 (Northwest),,CRAWFORD,,330TH ST,Collision with fixed object:  Ditch,On Roadway,Non-collision (single vehicle),Driving too fast for conditions,None Indicated,,Dark - roadway not lighted,"Mud, dirt",Clear,None apparent,Non-intersection:  Non-junction/no special feature,Unpaved,,Property Damage Only,0,0,0,0,0,0,8000,1,1,,POINT (-95.227611287619 42.023319541077)
2014799725,14-040510-01,05/10/2014,05-May,7-Saturday,01:40,0100 Hours,District 6 (East Central),LADORA,IOWA,US 6,US 6,Non-collision events:  Overturn/rollover,Outside trafficway,Non-collision (single vehicle),Ran off road - left,Alcohol (Statutory),,Dark - roadway not lighted,Dry,Cloudy,None apparent,Non-intersection:  Non-junction/no special feature,Paved,,Minor Injury,0,1,0,1,0,0,2500,1,1,,POINT (-92.18018940662 41.755797469664)
2014798374,20140012797,05/10/2014,05-May,7-Saturday,23:29,2300 Hours,District 1 (Central),DES MOINES,POLK,US 6,US 6/EUCLID AVE & 6TH AVE,Collision with:  Vehicle in traffic,On Roadway,Broadside (front to side),Other (explain in narrative):  No improper action,None Indicated,,Dark - roadway lighted,Dry,Cloudy,None apparent,Intersection:  Four-way intersection,Paved,,Possible/Unknown,0,2,0,0,2,0,7000,2,5,,POINT (-93.624762711677 41.627681860805)
2014799146,,05/10/2014,05-May,7-Saturday,15:51,1500 Hours,District 2 (Northeast),CHARLES CITY,FLOYD,,CLARK ST & CHAPEL LN,Collision with:  Vehicle in traffic,On Roadway,"Sideswipe, same direction",Made improper turn,None Indicated,,Daylight,Dry,Cloudy,None apparent,Intersection:  T-intersection,Paved,,Property Damage Only,0,0,0,0,0,0,3000,2,2,,POINT (-92.675649992291 43.065837290619)
2014798471,14-000752,05/10/2014,05-May,7-Saturday,21:16,2100 Hours,District 1 (Central),AMES,STORY,,WEST ST & HYLAND AVE,Collision with:  Vehicle in traffic,On Roadway,Broadside (front to side),FTYROW:  From stop sign,None Indicated,,Dark - roadway lighted,Dry,Clear,None apparent,Intersection:  Four-way intersection,Paved,,Property Damage Only,0,0,0,0,0,0,2500,2,3,,POINT (-93.65566299033 42.025370432377)
2014798430,14-018639,05/10/2014,05-May,7-Saturday,22:30,2200 Hours,District 4 (Southwest),COUNCIL BLUFFS,POTTAWATTAMIE,,7TH AVE,Collision with:  Non-motorist (see non-motorist section - NOT a unit),On Roadway,Non-collision (single vehicle),Other (explain in narrative):  Other,None Indicated,,Dark - unknown roadway lighting,Dry,Clear,None apparent,Non-intersection:  Non-junction/no special feature,Paved,,Possible/Unknown,0,1,0,0,1,0,0,1,1,,POINT (-95.856187757034 41.255190441094)
2014798353,20140012718,05/10/2014,05-May,7-Saturday,10:59,1000 Hours,District 1 (Central),DES MOINES,POLK,,SCHOOL ST & 5TH AVE,Collision with:  Vehicle in traffic,On Roadway,Rear-end (front to rear),Other (explain in narrative):  Other,None Indicated,,Daylight,Dry,Cloudy,None apparent,Intersection:  Four-way intersection,Paved,,Property Damage Only,0,0,0,0,0,0,4800,2,4,,POINT (-93.624701540831 41.595220191109)
2014798361,20140012764,05/10/2014,05-May,7-Saturday,16:27,1600 Hours,District 1 (Central),DES MOINES,POLK,US 6,US 6/HUBBELL AVE,Collision with:  Vehicle in traffic,On Roadway,"Sideswipe, same direction",FTYROW:  Other (explain in narrative),None Indicated,,Daylight,Dry,Cloudy,None apparent,Intersection:  Four-way intersection,Paved,,Property Damage Only,0,0,0,0,0,0,3000,2,4,,POINT (-93.517834179664 41.64410197147)
2014798383,20140012746,05/10/2014,05-May,7-Saturday,13:57,1300 Hours,District 1 (Central),DES MOINES,POLK,IA 28,IA 28/63RD ST,Collision with:  Vehicle in traffic,On Roadway,Rear-end (front to rear),Followed too close,None Indicated,,Daylight,Dry,Clear,None apparent,Non-intersection:  Non-junction/no special feature,Paved,,Possible/Unknown,0,1,0,0,1,0,2500,2,3,,POINT (-93.703532404658 41.591738390894)
2014798694,051014-218,05/10/2014,05-May,7-Saturday,22:12,2200 Hours,District 3 (Northwest),,BUENA VISTA,US 71,US 71/130TH AVE,Collision with:  Animal,,,Animal,None Indicated,,,,,,,Paved,,Property Damage Only,0,0,0,0,0,0,5000,1,1,,POINT (-95.151108296751 42.57090542579)
2014798384,20140012776,05/10/2014,05-May,7-Saturday,18:48,1800 Hours,District 1 (Central),DES MOINES,POLK,,KINGMAN BLVD & 31ST ST,Collision with:  Non-motorist (see non-motorist section - NOT a unit),On Roadway,Non-collision (single vehicle),Other (explain in narrative):  No improper action,None Indicated,,Daylight,Dry,Clear,None apparent,Intersection:  Four-way intersection,Paved,,Minor Injury,0,1,0,1,0,0,150,1,2,,POINT (-93.659355772336 41.596539881774)
2014798767,A14-031,05/10/2014,05-May,7-Saturday,11:08,1100 Hours,District 4 (Southwest),WINTERSET,MADISON,US 169,US 169,Collision with:  Vehicle in traffic,On Roadway,Rear-end (front to rear),Other (explain in narrative):  Other,None Indicated,,Daylight,Dry,Cloudy,None apparent,Non-intersection:  Non-junction/no special feature,Paved,,Property Damage Only,0,0,0,0,0,0,2900,2,3,,POINT (-94.028733464347 41.344964699189)
2014798737,14003766,05/10/2014,05-May,7-Saturday,07:42,0700 Hours,District 6 (East Central),,DELAWARE,IA 3,IA 3/IOWA 3,Collision with fixed object:  Ditch,Roadside,Non-collision (single vehicle),Crossed centerline (undivided),Under Influence of Alcohol/Drugs/Medications,,Daylight,Dry,Cloudy,None apparent,Non-intersection:  Non-junction/no special feature,Paved,,Possible/Unknown,0,1,0,0,1,0,18000,1,1,,POINT (-91.441555595088 42.644215673912)
2014799355,S79140154,05/10/2014,05-May,7-Saturday,12:52,1200 Hours,District 1 (Central),,POWESHIEK,I-80,I-80,Collision with:  Animal,,,Animal,None Indicated,,,,,,,Paved,,Property Damage Only,0,0,0,0,0,0,3000,1,1,,POINT (-92.739842853524 41.695549271591)
2014798213,W14-045876,05/10/2014,05-May,7-Saturday,18:29,1800 Hours,District 2 (Northeast),WATERLOO,BLACK HAWK,,W SHAULIS RD & ANSBOROUGH AVE,Collision with fixed object:  Utility pole/light support,On Roadway,Non-collision (single vehicle),Unknown,None Indicated,,Daylight,Dry,Clear,None apparent,Intersection:  Four-way intersection,Paved,,Property Damage Only,0,0,0,0,0,0,10000,1,1,,POINT (-92.376344072501 42.443006326032)
2014810007,2014-002542,05/10/2014,05-May,7-Saturday,15:22,1500 Hours,District 6 (East Central),ATKINS,BENTON,,FIRST ST & MAIN AVE,Collision with fixed object:  Traffic sign support,On Roadway,Non-collision (single vehicle),Other (explain in narrative):  Other,None Indicated,,Daylight,Dry,Clear,None apparent,Non-intersection:  Non-junction/no special feature,Paved,,Minor Injury,0,1,0,1,0,0,3200,1,1,,POINT (-91.86198578437 41.996131139391)
2014798414,S14-001618,05/10/2014,05-May,7-Saturday,18:00,1800 Hours,District 4 (Southwest),AVOCA,POTTAWATTAMIE,US 59,US 59,Collision with:  Vehicle in traffic,On Roadway,Broadside (front to side),Ran Stop Sign,None Indicated,,Daylight,Dry,Cloudy,None apparent,Non-intersection:  Driveway access (within),Paved,,Minor Injury,0,2,0,2,0,0,8500,2,2,,POINT (-95.336650294184 41.501331494724)
2014798671,2014-0097,05/10/2014,05-May,7-Saturday,18:19,1800 Hours,District 5 (Southeast),CARLISLE,WARREN,IA 5,IA 5/IOWA 5 & S 5TH ST,Collision with:  Vehicle in traffic,On Roadway,Broadside (front to side),Ran Traffic Signal,None Indicated,,Daylight,Wet,Clear,None apparent,Intersection:  Four-way intersection,Paved,,Property Damage Only,0,0,0,0,0,0,9500,2,2,,POINT (-93.491255123774 41.496156579088)
2014798413,S14-001609,05/10/2014,05-May,7-Saturday,06:00,0600 Hours,District 4 (Southwest),,POTTAWATTAMIE,I-29,I-29,Collision with fixed object:  Tree,On Roadway,Non-collision (single vehicle),Ran off road - straight,None Indicated,,Unknown,Unknown,Unknown,Unknown,Interchange-related:  Off-ramp,Paved,,Property Damage Only,0,0,0,0,0,0,5001,1,1,,POINT (-95.89954702499 41.501073081553)
2014798358,20140012741,05/10/2014,05-May,7-Saturday,13:09,1300 Hours,District 1 (Central),DES MOINES,POLK,US 69,US 69/SE 14TH ST,Collision with:  Vehicle in traffic,On Roadway,Rear-end (front to rear),Other (explain in narrative):  Other,None Indicated,,Daylight,Dry,Clear,None apparent,Non-intersection:  Non-junction/no special feature,Paved,,Possible/Unknown,0,1,0,0,1,0,1700,2,2,,POINT (-93.596840316414 41.539207756855)
2014798969,141905,05/10/2014,05-May,7-Saturday,15:22,1500 Hours,District 1 (Central),ELDORA,HARDIN,,16TH AVE,Collision with:  Non-motorist (see non-motorist section - NOT a unit),On Roadway,Non-collision (single vehicle),Swerving/Evasive Action,None Indicated,,Daylight,Dry,Cloudy,Other (explain in narrative),Non-intersection:  Non-junction/no special feature,Paved,,Major Injury,0,1,1,0,0,0,0,1,1,,POINT (-93.101005557521 42.357921296627)
2014798397,14-2129,05/10/2014,05-May,7-Saturday,02:02,0200 Hours,District 4 (Southwest),WEST DES MOINES,DALLAS,,68TH ST & CODY DR,Collision with fixed object:  Curb/island/raised median,On Roadway,Non-collision (single vehicle),Ran Stop Sign,None Indicated,,Dark - roadway lighted,Dry,Clear,None apparent,Intersection:  T-intersection,Paved,,Possible/Unknown,0,1,0,0,0,1,15000,1,2,,POINT (-93.801107005634 41.576625288538)
2014798264,SO1401725,05/10/2014,05-May,7-Saturday,19:49,1900 Hours,District 5 (Southeast),LIBERTYVILLE,JEFFERSON,,MARKET ST,Collision with:  Parked motor vehicle,Roadside,Broadside (front to side),"Operating vehicle in an reckless, erratic, careless, negligent manner",None Indicated,,Dusk,Dry,Clear,None apparent,Non-intersection:  Non-junction/no special feature,Paved,,Property Damage Only,0,0,0,0,0,0,2564,2,1,,POINT (-92.051023221188 40.958466353233)
2014798235,1405108281,05/10/2014,05-May,7-Saturday,22:50,2200 Hours,District 6 (East Central),,CLINTON,US 61,US 61,Collision with:  Animal,On Roadway,Non-collision (single vehicle),Animal,None Indicated,,Dark - roadway not lighted,Dry,Clear,None apparent,Non-intersection:  Non-junction/no special feature,Paved,,Possible/Unknown,0,1,0,0,1,0,2000,1,2,,POINT (-90.567664901515 41.776019369043)
2014798281,201406531,05/10/2014,05-May,7-Saturday,13:16,1300 Hours,District 6 (East Central),CEDAR RAPIDS,LINN,IA 100,IA 100/COLLINS RD NE,Collision with:  Vehicle in traffic,On Roadway,Rear-end (front to rear),Swerving/Evasive Action,None Indicated,,Daylight,Dry,Clear,None apparent,Non-intersection:  Non-junction/no special feature,Paved,,Minor Injury,0,1,0,1,0,0,7001,3,5,,POINT (-91.627365662625 42.02778035122)
2014798793,14-018422,05/10/2014,05-May,7-Saturday,02:05,0200 Hours,District 4 (Southwest),COUNCIL BLUFFS,POTTAWATTAMIE,,9TH AVE,Collision with:  Vehicle in traffic,On Roadway,Rear-end (front to rear),Lost Control,Alcohol (Statutory),,Dark - roadway lighted,Dry,Clear,None apparent,Non-intersection:  Non-junction/no special feature,Paved,,Property Damage Only,0,0,0,0,0,0,21500,4,2,,POINT (-95.894680357517 41.25365192628)
2014800783,14-15629,05/10/2014,05-May,7-Saturday,13:38,1300 Hours,District 5 (Southeast),,DES MOINES,US 61,US 61 & Co Rd H50/170TH ST/STONY HOLLOW RD,Collision with fixed object:  Ditch,On Roadway,Non-collision (single vehicle),Crossed centerline (undivided),None Indicated,,Daylight,Dry,Clear,None apparent,Non-intersection:  Non-junction/no special feature,Paved,,Minor Injury,0,3,0,1,2,0,8000,1,3,,POINT (-91.170159318504 40.927789316017)
2014798465,14-002318,05/10/2014,05-May,7-Saturday,16:39,1600 Hours,District 1 (Central),AMES,STORY,,S KELLOGG AVE,Collision with:  Vehicle in traffic,On Roadway,Broadside (front to side),Exceeded authorized speed,Refused,,Daylight,Dry,Clear,None apparent,Non-intersection:  Non-junction/no special feature,Paved,,Possible/Unknown,0,1,0,0,1,0,13000,2,6,,POINT (-93.612595927605 42.007352013935)
2014798381,20140012740,05/10/2014,05-May,7-Saturday,13:00,1300 Hours,District 1 (Central),DES MOINES,POLK,,HICKMAN RD & 47TH ST,Collision with:  Vehicle in traffic,On Roadway,Broadside (front to side),FTYROW:  From stop sign,None Indicated,,Daylight,Dry,Cloudy,None apparent,Intersection:  Four-way intersection,Paved,,Property Damage Only,0,0,0,0,0,0,6000,2,3,,POINT (-93.681519200141 41.614884424597)
2014798247,14-15616,05/10/2014,05-May,7-Saturday,11:44,1100 Hours,District 5 (Southeast),BURLINGTON,DES MOINES,US 34,US 34/COLUMBIA ST & MAIN ST,Collision with:  Vehicle in traffic,On Roadway,Broadside (front to side),Unknown,None Indicated,,Daylight,Dry,Clear,None apparent,Intersection:  Four-way intersection,Paved,,Minor Injury,0,2,0,2,0,0,10000,2,2,,POINT (-91.100981428629 40.811434638458)
2014798764,201401521,05/10/2014,05-May,7-Saturday,11:37,1100 Hours,District 6 (East Central),COGGON,LINN,,6TH AVE & 8TH ST,Collision with:  Parked motor vehicle,Outside trafficway,"Sideswipe, same direction",Other (explain in narrative):  Other,None Indicated,,Daylight,Dry,Cloudy,None apparent,Non-intersection:  Other non-intersection (explain in narrative),Paved,,Property Damage Only,0,0,0,0,0,0,3000,2,1,,POINT (-91.525733602243 42.27522398228)
2014798617,14-002038,05/10/2014,05-May,7-Saturday,23:13,2300 Hours,District 1 (Central),ANKENY,POLK,I-35,I-35,Collision with fixed object:  Ditch,On Roadway,Non-collision (single vehicle),"Operating vehicle in an reckless, erratic, careless, negligent manner",Refused,,Dark - roadway lighted,Dry,Clear,None apparent,"Interchange-related:  Off-ramp, diverge area",Paved,,Property Damage Only,0,0,0,0,0,0,3500,1,1,,POINT (-93.577521787424 41.735005490571)
2014809798,1403412,05/10/2014,05-May,7-Saturday,02:00,0200 Hours,District 5 (Southeast),WASHINGTON,WASHINGTON,,N 4TH AVE,Unknown,On Roadway,Non-collision (single vehicle),Unknown,None Indicated,,Dark - roadway lighted,Dry,Unknown,None apparent,Non-intersection:  Railroad grade crossing,Paved,,Minor Injury,0,1,0,1,0,0,0,1,1,,POINT (-91.688233596593 41.303030278622)
2014798979,14-4890,05/10/2014,05-May,7-Saturday,20:31,2000 Hours,District 3 (Northwest),CARROLL,CARROLL,,CLARK ST,Collision with fixed object:  Mailbox,On Roadway,Non-collision (single vehicle),Equipment failure,None Indicated,,Dusk,Dry,Cloudy,None apparent,Non-intersection:  Non-junction/no special feature,Paved,,Property Damage Only,0,0,0,0,0,0,5600,1,1,,POINT (-94.86503703555 42.051986164102)
2014798427,14-018504,05/10/2014,05-May,7-Saturday,16:00,1600 Hours,District 4 (Southwest),COUNCIL BLUFFS,POTTAWATTAMIE,,W BROADWAY & E BROADWAY & S 1ST ST,Non-collision events:  Other non-collision (explain in narrative),On Roadway,Non-collision (single vehicle),Lost Control,None Indicated,,Daylight,Dry,Clear,None apparent,Non-intersection:  Non-junction/no special feature,Paved,,Property Damage Only,0,0,0,0,0,0,3000,1,1,,POINT (-95.843724312357 41.263352750857)
2014798663,S14-4492,05/10/2014,05-May,7-Saturday,00:58,0000 Hours,District 3 (Northwest),,WOODBURY,,190TH ST,Non-collision events:  Overturn/rollover,On Roadway,Non-collision (single vehicle),Swerving/Evasive Action,None Indicated,,Dark - roadway not lighted,Dry,Clear,None apparent,Non-intersection:  Non-junction/no special feature,Unpaved,,Property Damage Only,0,0,0,0,0,0,3000,1,3,,POINT (-96.298825078171 42.430808710283)
2014798277,201401510,05/10/2014,05-May,7-Saturday,17:27,1700 Hours,District 6 (East Central),,LINN,,Co Rd E34/COUNTY HOME RD,Non-collision events:  Overturn/rollover,Shoulder,Non-collision (single vehicle),Ran off road - right,None Indicated,,Daylight,Dry,Cloudy,None apparent,Non-intersection:  Non-junction/no special feature,Paved,,Possible/Unknown,0,2,0,0,2,0,1000,1,2,,POINT (-91.375783569697 42.088052149637)
2014808044,2014028213,05/10/2014,05-May,7-Saturday,12:59,1200 Hours,District 2 (Northeast),CEDAR FALLS,BLACK HAWK,IA 27,IA 27 & W VIKING RD & E VIKING RD,Collision with:  Vehicle in traffic,On Roadway,"Angle, oncoming left turn",Made improper turn,None Indicated,,Daylight,Dry,Cloudy,None apparent,Intersection:  Four-way intersection,Paved,,Property Damage Only,0,0,0,0,0,0,6000,2,2,,POINT (-92.445704096001 42.484033358727)
2014798665,S14-4508,05/10/2014,05-May,7-Saturday,15:42,1500 Hours,District 3 (Northwest),,WOODBURY,I-29,I-29,Collision with:  Vehicle in traffic,On Roadway,"Sideswipe, same direction",FTYROW:  Other (explain in narrative),None Indicated,,Daylight,Dry,Cloudy,Work Zone (roadway-related),Intersection:  Intersection with ramp,Paved,Yes,Property Damage Only,0,0,0,0,0,0,4000,2,2,,POINT (-96.366704923278 42.397091777055)
2014801530,14-003026,05/10/2014,05-May,7-Saturday,05:15,0500 Hours,District 1 (Central),,HAMILTON,,Co Rd R21/STAGECOACH RD,Collision with fixed object:  Ditch,Roadside,Non-collision (single vehicle),Ran off road - left,None Indicated,,Dawn,Dry,Clear,None apparent,Non-intersection:  Non-junction/no special feature,Paved,,Minor Injury,0,1,0,1,0,0,1500,1,1,,POINT (-93.918171897816 42.304936256618)
2014798499,14-14349,05/10/2014,05-May,7-Saturday,05:30,0500 Hours,District 3 (Northwest),SIOUX CITY,WOODBURY,,W 4TH ST,Collision with:  Parked motor vehicle,On Roadway,"Sideswipe, same direction",Crossed centerline (undivided),None Indicated,,Dark - roadway not lighted,Dry,Clear,None apparent,Non-intersection:  Non-junction/no special feature,Paved,,Property Damage Only,0,0,0,0,0,0,3800,3,1,,POINT (-96.423805738865 42.500382339623)