Iowa DOT Case Number,Law Enforcement Case Number,Date of Crash,Month of Crash,Day of Week,Time of Crash,Hour,DOT District,City Name,County Name,Route with System,Location Description,First Harmful Event,Location of First Harmful Event,Manner of Crash/Collision,Major Cause,Drug or Alcohol ,Environmental Conditions,Light Conditions,Surface Conditions,Weather Conditions,Roadway Contribution,Roadway Type,Roadway Surface,Work Zone,Crash Severity,Number of Fatalities,Number of Injuries,Number of Major Injuries,Number of Minor Injuries,Number of Possible Injuries,Number of Unknown Injuries,Amount of Property Damage,Number of Vehicles Involved,Total Number of Occupants,Travel Direction,Location
2014799376,14-14415,05/10/2014,05-May,7-Saturday,21:07,2100 Hours,District 3 (Northwest),SIOUX CITY,WOODBURY,,15TH ST & COURT ST,Collision with:  Parked motor vehicle,On Roadway,Rear-end (front to rear),Lost Control,None Indicated,,Dark - roadway not lighted,Dry,Clear,None apparent,Intersection:  Four-way intersection,Paved,,Property Damage Only,0,0,0,0,0,0,4000,2,1,,POINT (-96.396033685849 42.506162076821)
2014799297,20140012792,05/10/2014,05-May,7-Saturday,22:36,2200 Hours,District 1 (Central),DES MOINES,POLK,,E DOUGLAS AVE & AMHERST ST,Collision with:  Parked motor vehicle,Roadside,Rear-end (front to rear),"Operating vehicle in an reckless, erratic, careless, negligent manner",Alcohol (Statutory),,Dark - roadway lighted,Dry,Cloudy,None apparent,Non-intersection:  Non-junction/no special feature,Paved,,Minor Injury,0,1,0,1,0,0,6000,2,777,,POINT (-93.611454697111 41.629527834878)
2014800040,14-002314,05/10/2014,05-May,7-Saturday,10:20,1000 Hours,District 1 (Central),AMES,STORY,,S DAYTON AVE,Collision with:  Vehicle in traffic,On Roadway,Rear-end (front to rear),Followed too close,None Indicated,,Daylight,Dry,Cloudy,None apparent,Non-intersection:  Non-junction/no special feature,Paved,,Property Damage Only,0,0,0,0,0,0,13000,2,2,,POINT (-93.586647082871 42.008946632936)
2014799442,,05/10/2014,05-May,7-Saturday,20:50,2000 Hours,District 6 (East Central),DE WITT,CLINTON,,11TH ST,Collision with:  Vehicle in traffic,On Roadway,Broadside (front to side),FTYROW:  Making left turn,None Indicated,,Dark - roadway lighted,Dry,Clear,None apparent,Non-intersection:  Driveway access (within),Paved,,Property Damage Only,0,0,0,0,0,0,3000,2,2,,POINT (-90.5523453499 41.825740451214)
2014798455,2014-30224,05/10/2014,05-May,7-Saturday,22:56,2200 Hours,District 6 (East Central),DAVENPORT,SCOTT,,W 3RD ST & MAIN ST,Collision with:  Vehicle in traffic,On Roadway,Rear-end (front to rear),Lost Control,None Indicated,,Dark - roadway lighted,Dry,Cloudy,None apparent,Non-intersection:  Non-junction/no special feature,Paved,,Property Damage Only,0,0,0,0,0,0,5000,2,5,,POINT (-90.575490438816 41.522388330618)
2014798205,W14-045920,05/10/2014,05-May,7-Saturday,20:45,2000 Hours,District 2 (Northeast),WATERLOO,BLACK HAWK,,W AIRLINE HWY & WAGNER RD,Collision with:  Vehicle in traffic,On Roadway,Broadside (front to side),Ran Stop Sign,None Indicated,,Dark - roadway lighted,Wet,Cloudy,None apparent,Intersection:  Four-way intersection,Paved,,Property Damage Only,0,0,0,0,0,0,15000,2,2,,POINT (-92.377028721563 42.541948252767)
2014798202,14045768,05/10/2014,05-May,7-Saturday,13:09,1300 Hours,District 2 (Northeast),CEDAR FALLS,BLACK HAWK,IA 27,IA 27/SE RAMP,Collision with:  Vehicle in traffic,On Roadway,Rear-end (front to rear),Driving too fast for conditions,None Indicated,,Daylight,Dry,Cloudy,None apparent,Interchange-related:  On-ramp merge area,Paved,,Major Injury,0,1,1,0,0,0,10000,2,3,,POINT (-92.445172763127 42.509733474937)
2014798571,14007306,05/10/2014,05-May,7-Saturday,13:01,1300 Hours,District 2 (Northeast),MASON CITY,CERRO GORDO,,19TH ST SW,Collision with:  Vehicle in traffic,On Roadway,Rear-end (front to rear),Driving too fast for conditions,None Indicated,,Daylight,Wet,Rain,"Surface condition (e.g., wet, icy)",Non-intersection:  Non-junction/no special feature,Paved,,Property Damage Only,0,0,0,0,0,0,2000,2,6,,POINT (-93.204705669763 43.133704843995)
2014798478,14-0254,05/10/2014,05-May,7-Saturday,09:20,0900 Hours,District 1 (Central),OTHO,WEBSTER,,HIGHWAY ST,Collision with:  Vehicle in traffic,On Roadway,Broadside (front to side),Driver Distraction:  Inattentive/lost in thought,None Indicated,,Daylight,Wet,Cloudy,None apparent,Non-intersection:  Non-junction/no special feature,Paved,,Property Damage Only,0,0,0,0,0,0,2300,2,1,,POINT (-94.15039435058 42.426276790486)
2014798387,20140012691,05/10/2014,05-May,7-Saturday,00:22,0000 Hours,District 1 (Central),DES MOINES,POLK,,ARTHUR AVE,Collision with:  Parked motor vehicle,On Roadway,"Sideswipe, same direction",Unknown,None Indicated,,Dark - roadway lighted,Dry,Cloudy,None apparent,Non-intersection:  Non-junction/no special feature,Paved,,Property Damage Only,0,0,0,0,0,0,1500,2,777,,POINT (-93.602437142478 41.617748994195)
2014798263,SO1401713,05/10/2014,05-May,7-Saturday,05:50,0500 Hours,District 5 (Southeast),,JEFFERSON,US 34,US 34/NE RAMP US 34,Collision with:  Animal,,Non-collision (single vehicle),Animal,None Indicated,,,,,,,Paved,,Property Damage Only,0,0,0,0,0,0,5000,1,777,,POINT (-92.157439421268 41.003730289733)
2014798426,14-018492,05/10/2014,05-May,7-Saturday,14:22,1400 Hours,District 4 (Southwest),COUNCIL BLUFFS,POTTAWATTAMIE,I-29,I-29,Collision with:  Vehicle in traffic,On Roadway,"Sideswipe, same direction",Other (explain in narrative):  No improper action,None Indicated,,Daylight,Dry,Clear,None apparent,Non-intersection:  Non-junction/no special feature,Paved,,Property Damage Only,0,0,0,0,0,0,5000,2,4,,POINT (-95.843832154591 41.231188286327)
2014798428,14-018509,05/10/2014,05-May,7-Saturday,16:38,1600 Hours,District 4 (Southwest),COUNCIL BLUFFS,POTTAWATTAMIE,,MCPHERSON AVE,Collision with:  Vehicle in traffic,On Roadway,Rear-end (front to rear),Followed too close,None Indicated,,Daylight,Dry,Clear,None apparent,Non-intersection:  Non-junction/no special feature,Paved,,Property Damage Only,0,0,0,0,0,0,2250,2,4,,POINT (-95.829276783416 41.270977122937)
2014798326,14-002045,05/11/2014,05-May,1-Sunday,10:09,1000 Hours,District 1 (Central),ANKENY,POLK,IA 415,IA 415/SW STATE ST & SW POLK CITY DR,Collision with fixed object:  Utility pole/light support,On Roadway,Non-collision (single vehicle),FTYROW:  From stop sign,None Indicated,,Daylight,Wet,Rain,None apparent,Intersection:  T-intersection,Paved,,Property Damage Only,0,0,0,0,0,0,2200,2,3,,POINT (-93.621196211398 41.696308551958)
2014801185,20141598,05/11/2014,05-May,1-Sunday,00:01,0000 Hours,District 1 (Central),,GRUNDY,,X AVE,Non-collision events:  Other non-collision (explain in narrative),On Roadway,Non-collision (single vehicle),Swerving/Evasive Action,Alcohol (Statutory),,Dark - roadway not lighted,"Mud, dirt",Cloudy,None apparent,Non-intersection:  Non-junction/no special feature,Unpaved,,Possible/Unknown,0,1,0,0,1,0,0,1,1,,POINT (-92.573222232572 42.469043967355)
2014799726,14-040511-01,05/11/2014,05-May,1-Sunday,00:32,0000 Hours,District 6 (East Central),,IOWA,,Co Rd V52/H AVE,Collision with:  Animal,,,Animal,None Indicated,,,,,,,Paved,,Property Damage Only,0,0,0,0,0,0,2638,1,1,,POINT (-92.156407399884 41.548804300576)
2014798807,2014-30402,05/11/2014,05-May,1-Sunday,19:04,1900 Hours,District 6 (East Central),DAVENPORT,SCOTT,US 6,US 6/W KIMBERLY RD & NORTHWEST BLVD,Collision with:  Vehicle in traffic,On Roadway,Broadside (front to side),Lost Control,None Indicated,,Daylight,Wet,Cloudy,"Surface condition (e.g., wet, icy)",Intersection:  Four-way intersection,Paved,,Possible/Unknown,0,1,0,0,1,0,5000,2,5,,POINT (-90.578336989072 41.560113133958)
2014800527,2014028337,05/11/2014,05-May,1-Sunday,12:30,1200 Hours,District 1 (Central),ANKENY,POLK,I-35,I-35 & I-80,Collision with fixed object:  Other fixed object (explain in narrative),On Roadway,Non-collision (single vehicle),Swerving/Evasive Action,None Indicated,,Daylight,Dry,Clear,None apparent,Interchange-related:  On-ramp merge area,Paved,,Property Damage Only,0,0,0,0,0,0,3000,1,4,,POINT (-93.573300844944 41.652431549462)
2014802729,14-022,05/11/2014,05-May,1-Sunday,06:09,0600 Hours,District 3 (Northwest),POMEROY,CALHOUN,,216TH ST & TWIN LAKES RD,Collision with fixed object:  Other fixed object (explain in narrative),Outside trafficway,Non-collision (single vehicle),Ran off road - straight,None Indicated,,Dark - roadway lighted,Dry,Cloudy,None apparent,Intersection:  Y-intersection,Paved,,Possible/Unknown,0,1,0,0,1,0,22000,1,1,,POINT (-94.637435767395 42.479196142767)
2014798433,14-018708,05/11/2014,05-May,1-Sunday,22:25,2200 Hours,District 4 (Southwest),COUNCIL BLUFFS,POTTAWATTAMIE,,3RD AVE & S 36TH ST,Unknown,On Roadway,Non-collision (single vehicle),Unknown,None Indicated,,Unknown,Unknown,Unknown,Unknown,Unknown,Paved,,Possible/Unknown,0,1,0,0,0,1,5000,1,1,,POINT (-95.90464994433 41.258867469478)
2014798312,14-019483,05/11/2014,05-May,1-Sunday,01:42,0100 Hours,District 5 (Southeast),MUSCATINE,MUSCATINE,,KINDLER AVE,Collision with:  Vehicle in traffic,On Roadway,Rear-end (front to rear),Driver Distraction:  Inattentive/lost in thought,None Indicated,,Dark - roadway lighted,Dry,Clear,None apparent,Non-intersection:  Non-junction/no special feature,Paved,,Possible/Unknown,0,1,0,0,1,0,8000,3,1,,POINT (-91.071339571067 41.426928668187)
2014798515,2014028314,05/11/2014,05-May,1-Sunday,07:50,0700 Hours,District 3 (Northwest),,OBRIEN,IA 10,IA 10/460TH ST,Collision with:  Animal,,,Animal,None Indicated,,,,,,,Paved,,Property Damage Only,0,0,0,0,0,0,1500,1,1,,POINT (-95.753510328279 42.982771723179)
2014798227,051114-151,05/11/2014,05-May,1-Sunday,22:19,2200 Hours,District 3 (Northwest),STORM LAKE,BUENA VISTA,IA 7,IA 7/W MILWAUKEE AVE & LAKE AVE,Collision with:  Vehicle in traffic,On Roadway,Broadside (front to side),FTYROW:  Making right turn on red signal,None Indicated,,Dark - roadway lighted,Wet,Rain,None apparent,Intersection:  Four-way intersection,Paved,,Property Damage Only,0,0,0,0,0,0,3500,2,3,,POINT (-95.200819679058 42.647477236418)
2014798379,20140012833,05/11/2014,05-May,1-Sunday,08:50,0800 Hours,District 1 (Central),DES MOINES,POLK,,COLLEGE AVE & 24TH ST,Collision with fixed object:  Utility pole/light support,Roadside,Non-collision (single vehicle),Ran off road - right,None Indicated,,Daylight,Dry,Cloudy,None apparent,Non-intersection:  Non-junction/no special feature,Paved,,Property Damage Only,0,0,0,0,0,0,4000,1,1,,POINT (-93.649424501544 41.607711324667)
2014798217,14-8054,05/11/2014,05-May,1-Sunday,18:15,1800 Hours,District 2 (Northeast),,BREMER,,Co Rd C33/190TH ST,Collision with fixed object:  Utility pole/light support,Shoulder,Non-collision (single vehicle),Crossed centerline (undivided),None Indicated,,Daylight,Dry,Cloudy,None apparent,Non-intersection:  Other non-intersection (explain in narrative),Paved,,Minor Injury,0,2,0,2,0,0,8000,1,2,,POINT (-92.36041418902 42.773201179759)
2014799824,14C02122,05/11/2014,05-May,1-Sunday,16:13,1600 Hours,District 4 (Southwest),CRESTON,UNION,IA 25,IA 25/S SUMNER AVE & NEW YORK AVE & SHELDON AVE,Collision with:  Vehicle in traffic,On Roadway,Broadside (front to side),Crossed centerline (undivided),None Indicated,,Daylight,Dry,Clear,None apparent,Non-intersection:  Non-junction/no special feature,Paved,,Property Damage Only,0,0,0,0,0,0,8500,2,4,,POINT (-94.371640881911 41.051956692374)
2014798857,,05/11/2014,05-May,1-Sunday,06:49,0600 Hours,District 5 (Southeast),,DECATUR,US 69,US 69,Non-collision events:  Overturn/rollover,On Roadway,Non-collision (single vehicle),Swerving/Evasive Action,None Indicated,,Daylight,Dry,Cloudy,None apparent,Non-intersection:  Non-junction/no special feature,Paved,,Possible/Unknown,0,1,0,0,1,0,6000,1,1,,POINT (-93.747671546128 40.80134721469)
2014798380,20140012840,05/11/2014,05-May,1-Sunday,10:45,1000 Hours,District 1 (Central),DES MOINES,POLK,,2ND AVE,Collision with:  Vehicle in traffic,On Roadway,"Sideswipe, same direction",Unknown,None Indicated,,Daylight,Wet,Rain,None apparent,Non-intersection:  Non-junction/no special feature,Paved,,Property Damage Only,0,0,0,0,0,0,4000,2,5,,POINT (-93.620236211498 41.593785194222)
2014798806,2014-30391,05/11/2014,05-May,1-Sunday,18:00,1800 Hours,District 6 (East Central),DAVENPORT,SCOTT,,IA 461/WELCOME WAY & W 53RD ST,Collision with:  Vehicle in traffic,On Roadway,"Sideswipe, same direction",Unknown,None Indicated,,Daylight,Wet,Cloudy,None apparent,Non-intersection:  Non-junction/no special feature,Paved,,Property Damage Only,0,0,0,0,0,0,2000,2,4,,POINT (-90.571669859064 41.57451772938)
2014798510,2014028331,05/11/2014,05-May,1-Sunday,11:30,1100 Hours,District 5 (Southeast),,WARREN,I-35,I-35,Collision with fixed object:  Other fixed object (explain in narrative),Shoulder,Non-collision (single vehicle),Driving too fast for conditions,None Indicated,,Daylight,Wet,Rain,None apparent,Non-intersection:  Non-junction/no special feature,Paved,,Property Damage Only,0,0,0,0,0,0,2500,1,2,,POINT (-93.77995152223 41.29103633365)
2014798869,W14-046275,05/11/2014,05-May,1-Sunday,16:45,1600 Hours,District 2 (Northeast),WATERLOO,BLACK HAWK,,BROADWAY ST,Collision with:  Vehicle in traffic,On Roadway,Head-on (front to front),Unknown,None Indicated,,Daylight,Wet,Rain,None apparent,Non-intersection:  Driveway access (within),Paved,,Possible/Unknown,0,2,0,0,2,0,10000,2,3,,POINT (-92.345081331558 42.510772201224)
2014798511,2014028333,05/11/2014,05-May,1-Sunday,11:55,1100 Hours,District 5 (Southeast),,CLARKE,I-35,I-35,Non-collision events:  Overturn/rollover,Shoulder,Non-collision (single vehicle),Other (explain in narrative):  Vision obstructed,None Indicated,,Daylight,Water (standing or moving),Rain,"Surface condition (e.g., wet, icy)",Non-intersection:  Non-junction/no special feature,Paved,,Property Damage Only,0,0,0,0,0,0,15000,1,5,,POINT (-93.799437356961 40.949015655228)
2014798324,14-3096,05/11/2014,05-May,1-Sunday,14:25,1400 Hours,District 1 (Central),JOHNSTON,POLK,I-35,I-35,Collision with:  Vehicle in traffic,On Roadway,Rear-end (front to rear),Driver Distraction:  Inattentive/lost in thought,None Indicated,,Daylight,Dry,Clear,None apparent,Interchange-related:  Off-ramp,Paved,,Property Damage Only,0,0,0,0,0,0,2500,2,4,,POINT (-93.697578877672 41.652771305589)
2014798376,20140012826,05/11/2014,05-May,1-Sunday,05:49,0500 Hours,District 1 (Central),DES MOINES,POLK,,E PARK AVE,Collision with:  Vehicle in traffic,On Roadway,Rear-end (front to rear),"Operating vehicle in an reckless, erratic, careless, negligent manner",Alcohol (Statutory),,Dawn,Dry,Cloudy,None apparent,Non-intersection:  Non-junction/no special feature,Paved,,Possible/Unknown,0,1,0,0,1,0,13902,2,2,,POINT (-93.616067961139 41.555418604563)
2014802661,14000579,05/11/2014,05-May,1-Sunday,13:00,1300 Hours,District 1 (Central),STORY CITY,STORY,,MARKET AVE,Collision with:  Parked motor vehicle,Roadside,Unknown,Unknown,None Indicated,,Daylight,Dry,Clear,None apparent,Non-intersection:  Non-junction/no special feature,Paved,,Property Damage Only,0,0,0,0,0,0,1600,2,1,,POINT (-93.600150711856 42.186178059535)
2014798322,14-3095,05/11/2014,05-May,1-Sunday,12:25,1200 Hours,District 1 (Central),ALTOONA,POLK,US 6,US 6/HUBBELL AVE/NE RAMP/SPEC CASE/FREDERICK M HUBBELL AVE,Collision with:  Vehicle in traffic,On Roadway,"Angle, oncoming left turn",Ran Traffic Signal,None Indicated,,Daylight,Wet,Cloudy,None apparent,Intersection:  Four-way intersection,Paved,,Property Damage Only,0,0,0,0,0,0,5000,2,4,,POINT (-93.511849256604 41.648028887674)
2014802075,14-1524,05/11/2014,05-May,1-Sunday,20:13,2000 Hours,District 6 (East Central),,LINN,,Co Rd E36/BLAIRS FERRY RD & HORSESHOE LAKE RD,Collision with fixed object:  Ditch,Shoulder,Non-collision (single vehicle),Made improper turn,Alcohol (Statutory),,Dusk,Dry,Cloudy,None apparent,Non-intersection:  Non-junction/no special feature,Paved,,Possible/Unknown,0,1,0,0,1,0,4000,1,1,,POINT (-91.757082655576 42.065914452501)
2014799925,W14-046077,05/11/2014,05-May,1-Sunday,01:30,0100 Hours,District 2 (Northeast),WATERLOO,BLACK HAWK,US 63,US 63/E MULLAN AVE & BROADWAY ST,Collision with:  Vehicle in traffic,On Roadway,"Angle, oncoming left turn",Made improper turn,None Indicated,,Dark - roadway lighted,Dry,Clear,None apparent,Intersection:  Four-way intersection,Paved,,Possible/Unknown,0,1,0,0,1,0,5500,2,2,,POINT (-92.338396481406 42.504051488481)
2014798432,14-018664,05/11/2014,05-May,1-Sunday,18:55,1800 Hours,District 4 (Southwest),COUNCIL BLUFFS,POTTAWATTAMIE,I-29,I-29,Collision with:  Vehicle in traffic,On Roadway,"Sideswipe, same direction",Other (explain in narrative):  Other,None Indicated,,Daylight,Dry,Cloudy,None apparent,Non-intersection:  Non-junction/no special feature,Paved,,Property Damage Only,0,0,0,0,0,0,33000,2,2,,POINT (-95.890864021519 41.232610009475)
2014798591,C14001438,05/11/2014,05-May,1-Sunday,12:29,1200 Hours,District 6 (East Central),CORALVILLE,JOHNSON,,COMMERCE DR,Collision with:  Vehicle in traffic,On Roadway,Broadside (front to side),FTYROW:  Making left turn,None Indicated,,Daylight,Wet,Rain,None apparent,Intersection:  Four-way intersection,Paved,,Possible/Unknown,0,1,0,0,1,0,11500,3,4,,POINT (-91.61711629482 41.695962484196)
2014799654,2014-30398,05/11/2014,05-May,1-Sunday,18:34,1800 Hours,District 6 (East Central),DAVENPORT,SCOTT,US 6,US 6/W KIMBERLY RD,Collision with:  Vehicle in traffic,On Roadway,"Sideswipe, same direction",Other (explain in narrative):  Other,None Indicated,,Daylight,Wet,Rain,None apparent,Non-intersection:  Non-junction/no special feature,Paved,,Property Damage Only,0,0,0,0,0,0,50500,2,4,,POINT (-90.59791906809 41.560100808866)
2014799596,69-2014,05/11/2014,05-May,1-Sunday,22:00,2200 Hours,District 4 (Southwest),,HARRISON,,Co Rd L16/PANORA AVE,Collision with fixed object:  Ditch,On Roadway,Non-collision (single vehicle),Ran off road - right,None Indicated,,Dark - roadway not lighted,Wet,Rain,Unknown,Unknown,Unpaved,,Possible/Unknown,0,1,0,0,1,0,1500,1,3,,POINT (-95.743654969643 41.801963273107)
2014798512,2014028383,05/11/2014,05-May,1-Sunday,19:50,1900 Hours,District 2 (Northeast),,FLOYD,US 218,US 218,Collision with:  Animal,,,Animal,None Indicated,,,,,,,Paved,,Property Damage Only,0,0,0,0,0,0,2000,1,1,,POINT (-92.618509285442 43.005345448439)
2014798527,14-2821,05/11/2014,05-May,1-Sunday,09:20,0900 Hours,District 2 (Northeast),,KOSSUTH,,Co Rd P60/190 AVE,Non-collision events:  Overturn/rollover,Shoulder,Non-collision (single vehicle),Crossed centerline (undivided),None Indicated,,Daylight,Wet,Rain,"Surface condition (e.g., wet, icy)",Intersection:  Four-way intersection,Paved,,Minor Injury,0,1,0,1,0,0,12000,1,1,,POINT (-94.08952072154 43.024586434867)
2014805773,14-003514,05/11/2014,05-May,1-Sunday,20:58,2000 Hours,District 2 (Northeast),OSTERDOCK,CLAYTON,,Co Rd C43/OSTERDOCK RD,Collision with:  Animal,,,Animal,None Indicated,,,,,,,Paved,,Property Damage Only,0,0,0,0,0,0,1500,1,1,,POINT (-91.132889804105 42.750318250785)
2014798315,SO14001110,05/11/2014,05-May,1-Sunday,21:30,2100 Hours,District 3 (Northwest),,PLYMOUTH,US 75,US 75,Collision with:  Animal,,Non-collision (single vehicle),Animal,None Indicated,,,,,,,Paved,,Property Damage Only,0,0,0,0,0,0,3000,1,1,,POINT (-96.307668475657 42.588646372198)
2014802029,14002691,05/11/2014,05-May,1-Sunday,20:22,2000 Hours,District 2 (Northeast),,CERRO GORDO,,Co Rd B30/265TH ST & Co Rd S62/VINE AVE,Collision with fixed object:  Ditch,On Roadway,Non-collision (single vehicle),Traveling wrong way or on wrong side of road,None Indicated,,Dark - roadway not lighted,Wet,Clear,None apparent,Non-intersection:  Non-junction/no special feature,Paved,,Possible/Unknown,0,1,0,0,1,0,10000,1,1,,POINT (-93.083185493996 43.148148440048)
2014798231,14-004908,05/11/2014,05-May,1-Sunday,15:05,1500 Hours,District 3 (Northwest),,CARROLL,,Co Rd E17/130TH ST & OLYMPIC AVE,Collision with:  Vehicle in traffic,On Roadway,Broadside (front to side),FTYROW:  At uncontrolled intersection,None Indicated,,Daylight,Wet,Cloudy,None apparent,Intersection:  Four-way intersection,Unpaved,,Possible/Unknown,0,1,0,0,1,0,18000,2,3,,POINT (-94.822632900894 42.166728960233)
2014798614,14-002058,05/11/2014,05-May,1-Sunday,21:55,2100 Hours,District 1 (Central),ANKENY,POLK,I-35,I-35,Non-collision events:  Other non-collision (explain in narrative),Shoulder,Non-collision (single vehicle),Ran off road - right,Alcohol (Statutory),,Dark - roadway lighted,Dry,Cloudy,None apparent,"Interchange-related:  Off-ramp, diverge area",Paved,,Property Damage Only,0,0,0,0,0,0,4300,1,1,,POINT (-93.576222234341 41.706648801147)
2014798377,20140012862,05/11/2014,05-May,1-Sunday,14:10,1400 Hours,District 1 (Central),DES MOINES,POLK,,E WALNUT ST,Collision with:  Parked motor vehicle,On Roadway,Rear-end (front to rear),Lost Control,None Indicated,,Daylight,Wet,Cloudy,None apparent,Non-intersection:  Non-junction/no special feature,Paved,,Property Damage Only,0,0,0,0,0,0,2500,2,1,,POINT (-93.575476878838 41.593288363022)
2014819362,1405-035,05/11/2014,05-May,1-Sunday,09:07,0900 Hours,District 3 (Northwest),SIBLEY,OSCEOLA,,7TH ST & 5TH AVE,Collision with:  Vehicle in traffic,On Roadway,Broadside (front to side),FTYROW:  At uncontrolled intersection,None Indicated,,Daylight,Dry,Cloudy,None apparent,Intersection:  Four-way intersection,Paved,,Possible/Unknown,0,2,0,0,2,0,15000,2,2,,POINT (-95.747366390703 43.401394965581)
2014799135,2014028375,05/11/2014,05-May,1-Sunday,18:15,1800 Hours,District 6 (East Central),,CEDAR,I-80,I-80,Collision with fixed object:  Other fixed object (explain in narrative),Shoulder,Non-collision (single vehicle),Ran off road - left,None Indicated,,Daylight,Dry,Clear,None apparent,Non-intersection:  Non-junction/no special feature,Paved,,Property Damage Only,0,0,0,0,0,0,6140,1,2,,POINT (-91.252952257699 41.663396913844)
2014798804,2014-30306,05/11/2014,05-May,1-Sunday,11:56,1100 Hours,District 6 (East Central),DAVENPORT,SCOTT,,IA 461/BRADY ST/WELCOME WAY & W 59TH ST & E 59TH ST,Collision with:  Vehicle in traffic,On Roadway,Rear-end (front to rear),Lost Control,None Indicated,,Daylight,Dry,Cloudy,None apparent,Intersection:  Four-way intersection,Paved,,Property Damage Only,0,0,0,0,0,0,5000,2,2,,POINT (-90.571467138837 41.579926264948)
2014798243,14-15753,05/11/2014,05-May,1-Sunday,15:22,1500 Hours,District 5 (Southeast),BURLINGTON,DES MOINES,,W ROOSEVELT FRONTAGE & DIVISION ST,Collision with:  Vehicle in traffic,On Roadway,Broadside (front to side),Ran Stop Sign,None Indicated,,Daylight,Wet,Rain,None apparent,Intersection:  Four-way intersection,Paved,,Property Damage Only,0,0,0,0,0,0,1500,2,2,,POINT (-91.141976097622 40.807697478609)
2014798853,2014028389,05/11/2014,05-May,1-Sunday,19:45,1900 Hours,District 1 (Central),,JASPER,I-80,I-80,Collision with:  Animal,,Non-collision (single vehicle),Animal,None Indicated,,,,,,,Paved,,Property Damage Only,0,0,0,0,0,0,3000,1,1,,POINT (-93.00442160411 41.682747240135)
2014798805,2014-30328,05/11/2014,05-May,1-Sunday,10:21,1000 Hours,District 6 (East Central),DAVENPORT,SCOTT,I-74,I-74 & E 53RD ST,Collision with:  Vehicle in traffic,On Roadway,Rear-end (front to rear),FTYROW:  Making right turn on red signal,None Indicated,,Daylight,Dry,Clear,None apparent,Intersection:  Intersection with ramp,Paved,,Property Damage Only,0,0,0,0,0,0,5000,2,3,,POINT (-90.520251225371 41.574860648392)
2014798343,20140012883,05/11/2014,05-May,1-Sunday,20:30,2000 Hours,District 1 (Central),DES MOINES,POLK,US 69,US 69/E 15TH ST & DES MOINES ST,Collision with:  Vehicle in traffic,On Roadway,"Sideswipe, same direction",Made improper turn,None Indicated,,Dark - roadway lighted,Dry,Cloudy,None apparent,Intersection:  Four-way intersection,Paved,,Property Damage Only,0,0,0,0,0,0,1800,2,3,,POINT (-93.595710382279 41.59502278277)
2014798626,20140012890,05/11/2014,05-May,1-Sunday,21:02,2100 Hours,District 1 (Central),DES MOINES,POLK,I-235,I-235,Collision with fixed object:  Impact attenuator/crash cushion,On Roadway,Non-collision (single vehicle),Lost Control,Alcohol (Statutory),,Dark - roadway lighted,Wet,Cloudy,None apparent,Intersection:  Intersection with ramp,Paved,,Possible/Unknown,0,2,0,0,2,0,7261,1,2,,POINT (-93.581689379296 41.602336401616)
2014798429,14-018631,05/11/2014,05-May,1-Sunday,14:15,1400 Hours,District 4 (Southwest),COUNCIL BLUFFS,POTTAWATTAMIE,,S 35TH ST,Collision with:  Vehicle in traffic,On Roadway,Head-on (front to front),Made improper turn,None Indicated,,Daylight,Dry,Cloudy,None apparent,Non-intersection:  Non-junction/no special feature,Paved,,Property Damage Only,0,0,0,0,0,0,12500,2,3,,POINT (-95.901026920998 41.244431698077)
2014799823,14C02121,05/11/2014,05-May,1-Sunday,14:00,1400 Hours,District 4 (Southwest),CRESTON,UNION,,,Collision with:  Other non-fixed object (explain in narrative),Outside trafficway,Non-collision (single vehicle),Other (explain in narrative):  No improper action,None Indicated,,Daylight,Wet,Clear,None apparent,Non-intersection:  Non-junction/no special feature,,,Property Damage Only,0,0,0,0,0,0,3050,1,1,,POINT (-96.643700149993 40.233091251414)
2014798395,14-2143,05/11/2014,05-May,1-Sunday,09:53,0900 Hours,District 1 (Central),WEST DES MOINES,POLK,I-235,I-235,Collision with:  Vehicle in traffic,On Roadway,Rear-end (front to rear),Other (explain in narrative):  Other,None Indicated,,Daylight,Wet,Rain,None apparent,"Interchange-related:  Off-ramp, diverge area",Paved,,Possible/Unknown,0,1,0,0,1,0,13000,2,1,,POINT (-93.765509061673 41.592234140403)
2014798309,14-019514,05/11/2014,05-May,1-Sunday,11:22,1100 Hours,District 5 (Southeast),MUSCATINE,MUSCATINE,US 61,US 61 & ISETT AVE,Collision with:  Vehicle in traffic,On Roadway,Rear-end (front to rear),Crossed centerline (undivided),Under Influence of Alcohol/Drugs/Medications,,Daylight,Dry,Cloudy,None apparent,Intersection:  Four-way intersection,Paved,,Property Damage Only,0,0,0,0,0,0,2000,2,2,,POINT (-91.04214650816 41.451789793312)
2014798215,W14-046196,05/11/2014,05-May,1-Sunday,11:24,1100 Hours,District 2 (Northeast),WATERLOO,BLACK HAWK,,KIMBALL AVE & BROOKERIDGE DR,Collision with:  Vehicle in traffic,On Roadway,Broadside (front to side),Ran Traffic Signal,None Indicated,,Daylight,Wet,Rain,None apparent,Intersection:  Four-way intersection,Paved,,Property Damage Only,0,0,0,0,0,0,3000,2,3,,POINT (-92.356624650058 42.459342122017)
2014799459,14-005024,05/11/2014,05-May,1-Sunday,19:00,1900 Hours,District 2 (Northeast),RANDALIA,FAYETTE,IA 93,IA 93/150TH ST,Non-collision events:  Overturn/rollover,Shoulder,Non-collision (single vehicle),Ran off road - left,None Indicated,,Daylight,Dry,Clear,None apparent,Non-intersection:  Non-junction/no special feature,Paved,,Minor Injury,0,1,0,1,0,0,12000,1,1,,POINT (-91.870772520642 42.846981869655)