Iowa DOT Case Number,Law Enforcement Case Number,Date of Crash,Month of Crash,Day of Week,Time of Crash,Hour,DOT District,City Name,County Name,Route with System,Location Description,First Harmful Event,Location of First Harmful Event,Manner of Crash/Collision,Major Cause,Drug or Alcohol ,Environmental Conditions,Light Conditions,Surface Conditions,Weather Conditions,Roadway Contribution,Roadway Type,Roadway Surface,Work Zone,Crash Severity,Number of Fatalities,Number of Injuries,Number of Major Injuries,Number of Minor Injuries,Number of Possible Injuries,Number of Unknown Injuries,Amount of Property Damage,Number of Vehicles Involved,Total Number of Occupants,Travel Direction,Location
2014798580,143284,05/13/2014,05-May,3-Tuesday,05:46,0500 Hours,District 4 (Southwest),,DALLAS,,Co Rd F90/360TH ST,Collision with:  Animal,,Non-collision (single vehicle),Animal,None Indicated,,,,,,,Paved,,Property Damage Only,0,0,0,0,0,0,4000,1,1,,POINT (-94.026896532952 41.517589518559)
2014799380,14-14770,05/13/2014,05-May,3-Tuesday,19:20,1900 Hours,District 3 (Northwest),SIOUX CITY,WOODBURY,,PIERCE ST,Collision with:  Non-motorist (see non-motorist section - NOT a unit),On Roadway,Non-collision (single vehicle),Ran Stop Sign,None Indicated,,Daylight,Dry,Clear,None apparent,Intersection:  Four-way intersection,Paved,,Minor Injury,0,1,0,1,0,0,0,1,1,,POINT (-96.405049411378 42.507019810826)
2014799190,14-15935,05/13/2014,05-May,3-Tuesday,07:48,0700 Hours,District 5 (Southeast),,DES MOINES,,JIMTOWN RD & ROOSEVELT ST,Collision with:  Vehicle in traffic,On Roadway,Broadside (front to side),Ran Stop Sign,None Indicated,,Daylight,Dry,Cloudy,None apparent,Intersection:  Four-way intersection,Paved,,Minor Injury,0,2,0,2,0,0,20200,2,2,,POINT (-91.342722925049 40.85613848982)
2014798781,20140013074,05/13/2014,05-May,3-Tuesday,16:10,1600 Hours,District 1 (Central),DES MOINES,POLK,,GUTHRIE AVE & E 12TH ST,Collision with:  Vehicle in traffic,On Roadway,"Angle, oncoming left turn",FTYROW:  From stop sign,None Indicated,,Daylight,Dry,Clear,None apparent,Intersection:  Four-way intersection,Paved,,Property Damage Only,0,0,0,0,0,0,8500,2,2,,POINT (-93.604187956429 41.615001613658)
2014798731,141237,05/13/2014,05-May,3-Tuesday,21:35,2100 Hours,District 3 (Northwest),,CRAWFORD,US 30,US 30,Collision with:  Animal,,,Animal,None Indicated,,,,,,,Paved,,Property Damage Only,0,0,0,0,0,0,6500,1,2,,POINT (-95.274797145662 42.028301504003)
2014798791,14-2190,05/13/2014,05-May,3-Tuesday,21:20,2100 Hours,District 1 (Central),WEST DES MOINES,POLK,,22ND ST,Collision with:  Vehicle in traffic,On Roadway,Rear-end (front to rear),Other (explain in narrative):  Other,None Indicated,,Dark - roadway lighted,Dry,Clear,None apparent,Non-intersection:  Non-junction/no special feature,Paved,,Property Damage Only,0,0,0,0,0,0,2500,2,3,,POINT (-93.736094754087 41.598001698032)
2014802962,A14036,05/13/2014,05-May,3-Tuesday,12:39,1200 Hours,District 5 (Southeast),KNOXVILLE,MARION,IA 14,IA 14/LINCOLN ST & GORDON DR,Collision with:  Vehicle in traffic,On Roadway,Rear-end (front to rear),Separation of units,None Indicated,,Daylight,Dry,Clear,None apparent,Intersection:  T-intersection,Paved,,Property Damage Only,0,0,0,0,0,0,2250,2,2,,POINT (-93.109490518765 41.310299847263)
2014798661,14-1407,05/13/2014,05-May,3-Tuesday,11:30,1100 Hours,District 1 (Central),FORT DODGE,WEBSTER,,7TH AVE S,Collision with:  Parked motor vehicle,Shoulder,Rear-end (front to rear),Unknown,None Indicated,,Daylight,Dry,Cloudy,None apparent,Non-intersection:  Non-junction/no special feature,Paved,,Property Damage Only,0,0,0,0,0,0,2000,2,1,,POINT (-94.174090669201 42.49875808682)
2014799123,2014-30802,05/13/2014,05-May,3-Tuesday,12:46,1200 Hours,District 6 (East Central),DAVENPORT,SCOTT,US 6,US 6/W KIMBERLY RD & LILLIE AVE,Collision with:  Vehicle in traffic,On Roadway,"Angle, oncoming left turn",Ran Traffic Signal,None Indicated,,Daylight,Dry,Cloudy,None apparent,Intersection:  Four-way intersection,Paved,,Possible/Unknown,0,2,0,0,2,0,14000,2,2,,POINT (-90.588853748236 41.560100100328)
2014798760,2014005291,05/13/2014,05-May,3-Tuesday,18:16,1800 Hours,District 6 (East Central),IOWA CITY,JOHNSON,,OLD HIGHWAY 218 & MCCOLLISTER BLVD & MORMON TREK BLVD,Collision with:  Vehicle in traffic,On Roadway,Rear-end (front to rear),Followed too close,None Indicated,,Daylight,Dry,Cloudy,None apparent,Non-intersection:  Non-junction/no special feature,Paved,,Property Damage Only,0,0,0,0,0,0,1600,2,5,,POINT (-91.542300469347 41.631377259557)
2014799368,2014-09909,05/13/2014,05-May,3-Tuesday,13:27,1300 Hours,District 5 (Southeast),INDIANOLA,WARREN,,W CLINTON AVE & E CLINTON AVE & N HOWARD ST,Collision with:  Vehicle in traffic,On Roadway,Broadside (front to side),FTYROW:  From stop sign,None Indicated,,Daylight,Dry,Cloudy,None apparent,Intersection:  Four-way intersection,Paved,,Possible/Unknown,0,1,0,0,1,0,2000,2,2,,POINT (-93.56094045868 41.363382390392)
2014798814,2014-30650,05/13/2014,05-May,3-Tuesday,21:22,2100 Hours,District 6 (East Central),DAVENPORT,SCOTT,,IA 461/W RIVER DR & FAIRMOUNT ST,Collision with fixed object:  Other fixed object (explain in narrative),On Roadway,Non-collision (single vehicle),"Operating vehicle in an reckless, erratic, careless, negligent manner",None Indicated,,Dark - roadway lighted,Wet,Rain,None apparent,Non-intersection:  Non-junction/no special feature,Paved,,Property Damage Only,0,0,0,0,0,0,7000,1,1,,POINT (-90.630471009369 41.501126798561)
2014799851,201400022994,05/13/2014,05-May,3-Tuesday,17:23,1700 Hours,District 5 (Southeast),OTTUMWA,WAPELLO,IA 149,IA 149/KITTERMAN AVE/WAPELLO ST & W 4TH ST,Collision with:  Vehicle in traffic,On Roadway,Rear-end (front to rear),Other (explain in narrative):  Other,None Indicated,,Daylight,Dry,Clear,None apparent,Non-intersection:  Non-junction/no special feature,Paved,,Property Damage Only,0,0,0,0,0,0,2500,3,5,,POINT (-92.414286208149 41.022220882823)
2014798795,14-018981,05/13/2014,05-May,3-Tuesday,14:54,1400 Hours,District 4 (Southwest),COUNCIL BLUFFS,POTTAWATTAMIE,,HARRY LANGDON BLVD,Collision with:  Vehicle in traffic,On Roadway,Broadside (front to side),FTYROW:  From driveway,None Indicated,,Daylight,Dry,Cloudy,None apparent,Non-intersection:  Driveway access (within),Paved,,Property Damage Only,0,0,0,0,0,0,3000,2,3,,POINT (-95.826110249999 41.228292573649)
2014799952,14007435,05/13/2014,05-May,3-Tuesday,01:20,0100 Hours,District 2 (Northeast),MASON CITY,CERRO GORDO,,1ST ST NW,Collision with:  Parked motor vehicle,Roadside,"Sideswipe, same direction",Illegally Parked/Unattended,Alcohol (Statutory),,Dark - roadway lighted,Dry,Clear,None apparent,Non-intersection:  Non-junction/no special feature,Paved,,Property Damage Only,0,0,0,0,0,0,9000,2,1,,POINT (-93.20821291382 43.152725784914)
2014799338,S14-001664,05/13/2014,05-May,3-Tuesday,19:00,1900 Hours,District 4 (Southwest),UNDERWOOD,POTTAWATTAMIE,,Co Rd G30/MAGNOLIA RD,Collision with fixed object:  Ditch,Shoulder,Non-collision (single vehicle),"Operating vehicle in an reckless, erratic, careless, negligent manner",None Indicated,,Daylight,Dry,Clear,None apparent,Non-intersection:  Non-junction/no special feature,Paved,,Possible/Unknown,0,1,0,0,1,0,5000,1,1,,POINT (-95.613588797746 41.376493036871)
2014799428,,05/13/2014,05-May,3-Tuesday,18:26,1800 Hours,District 5 (Southeast),FORT MADISON,LEE,,30TH ST,Collision with:  Vehicle in traffic,On Roadway,Rear-end (front to rear),Followed too close,None Indicated,,Daylight,Dry,Cloudy,None apparent,Non-intersection:  Non-junction/no special feature,Paved,,Property Damage Only,0,0,0,0,0,0,2000,2,2,,POINT (-91.349879295302 40.631345384374)
2014802675,14000591,05/13/2014,05-May,3-Tuesday,15:14,1500 Hours,District 1 (Central),,STORY,,220TH ST,Non-collision events:  Overturn/rollover,On Roadway,Non-collision (single vehicle),Swerving/Evasive Action,None Indicated,,Daylight,"Mud, dirt",Cloudy,None apparent,Non-intersection:  Non-junction/no special feature,Unpaved,,Possible/Unknown,0,1,0,0,1,0,5500,1,1,,POINT (-93.537145178436 42.034668594515)
2014799223,14001102,05/13/2014,05-May,3-Tuesday,16:00,1600 Hours,District 6 (East Central),IOWA CITY,JOHNSON,,S GRAND AVE & UNIVERSITY OF IOWA,Collision with:  Vehicle in traffic,On Roadway,Rear-end (front to rear),Improper Backing,None Indicated,,Daylight,Dry,Clear,None apparent,Intersection:  T-intersection,Paved,,Property Damage Only,0,0,0,0,0,0,3500,2,4,,POINT (-91.545998867462 41.657508040403)
2014798768,A14-033,05/13/2014,05-May,3-Tuesday,08:40,0800 Hours,District 4 (Southwest),WINTERSET,MADISON,,HUSKY DR,Collision with:  Vehicle in traffic,On Roadway,Broadside (front to side),FTYROW:  From driveway,None Indicated,,Daylight,Dry,Clear,None apparent,Non-intersection:  Driveway access (within),Paved,,Property Damage Only,0,0,0,0,0,0,3250,2,2,,POINT (-94.020399128815 41.326375303027)
2014799356,S79140155,05/13/2014,05-May,3-Tuesday,12:45,1200 Hours,District 1 (Central),,POWESHIEK,US 63,US 63 & 400TH AVE,Collision with fixed object:  Traffic sign support,On Roadway,Non-collision (single vehicle),Swerving/Evasive Action,None Indicated,,Daylight,Dry,Cloudy,None apparent,Non-intersection:  Non-junction/no special feature,Paved,,Property Damage Only,0,0,0,0,0,0,11000,1,1,,POINT (-92.552039891271 41.716929997555)
2014798749,01-14-20092,05/13/2014,05-May,3-Tuesday,14:10,1400 Hours,District 6 (East Central),DUBUQUE,DUBUQUE,,FREMONT AVE,Collision with fixed object:  Curb/island/raised median,On Roadway,Non-collision (single vehicle),Ran off road - right,None Indicated,,Daylight,Dry,Cloudy,None apparent,Non-intersection:  Non-junction/no special feature,Paved,,Possible/Unknown,0,1,0,0,1,0,1500,1,2,,POINT (-90.688896637699 42.490091792709)
2014798755,14-005085,05/13/2014,05-May,3-Tuesday,17:11,1700 Hours,District 2 (Northeast),,FAYETTE,,Co Rd W45/G AVE,Non-collision events:  Overturn/rollover,On Roadway,Non-collision (single vehicle),Swerving/Evasive Action,None Indicated,,Daylight,Dry,Cloudy,None apparent,Non-intersection:  Non-junction/no special feature,Paved,,Property Damage Only,0,0,0,0,0,0,2500,1,1,,POINT (-91.726137486401 42.661080331971)
2014798782,20140013077,05/13/2014,05-May,3-Tuesday,16:36,1600 Hours,District 1 (Central),DES MOINES,POLK,,KEOSAUQUA WAY,Collision with:  Vehicle in traffic,On Roadway,"Sideswipe, same direction",FTYROW:  Other (explain in narrative),None Indicated,,Daylight,Dry,Clear,None apparent,Non-intersection:  Non-junction/no special feature,Paved,,Property Damage Only,0,0,0,0,0,0,3000,2,2,,POINT (-93.632804212551 41.593113219965)
2014799420,2014028805,05/13/2014,05-May,3-Tuesday,23:25,2300 Hours,District 6 (East Central),,BENTON,IA 150,IA 150/24 AVE DR,Collision with:  Animal,On Roadway,Non-collision (single vehicle),Animal,None Indicated,,Dark - roadway not lighted,Dry,Clear,None apparent,Non-intersection:  Non-junction/no special feature,Paved,,Property Damage Only,0,0,0,0,0,0,2500,1,1,,POINT (-92.017365678823 42.22071705369)
2014799129,14-14752,05/13/2014,05-May,3-Tuesday,17:15,1700 Hours,District 3 (Northwest),SIOUX CITY,WOODBURY,,4TH ST & PIERCE ST,Collision with:  Vehicle in traffic,On Roadway,Broadside (front to side),Ran Traffic Signal,None Indicated,,Daylight,Dry,Clear,None apparent,Intersection:  Four-way intersection,Paved,,Property Damage Only,0,0,0,0,0,0,9500,2,3,,POINT (-96.40492206544 42.494147199329)
2014799422,2014029009,05/14/2014,05-May,4-Wednesday,21:00,2100 Hours,District 6 (East Central),,BENTON,,Co Rd D62/51 ST,Collision with:  Animal,On Roadway,Non-collision (single vehicle),Animal,None Indicated,,Dark - roadway not lighted,Dry,Cloudy,None apparent,Non-intersection:  Non-junction/no special feature,Paved,,Property Damage Only,0,0,0,0,0,0,2500,1,5,,POINT (-91.87557036589 42.283961336526)
2014798786,20140013148,05/14/2014,05-May,4-Wednesday,07:40,0700 Hours,District 1 (Central),DES MOINES,POLK,,BURNHAM AVE,Collision with:  Vehicle in traffic,On Roadway,Head-on (front to front),Crossed centerline (undivided),None Indicated,,Daylight,Dry,Cloudy,None apparent,Non-intersection:  Non-junction/no special feature,Paved,,Major Injury,0,4,2,2,0,0,10000,2,4,,POINT (-93.630226098126 41.522915504405)
2014804458,1405142218,05/14/2014,05-May,4-Wednesday,22:15,2200 Hours,District 6 (East Central),,JONES,IA 64,IA 64/IOWA 64,Collision with:  Animal,,,Animal,None Indicated,,,,,,,Paved,,Property Damage Only,0,0,0,0,0,0,7500,1,1,,POINT (-91.185063273738 42.084635151669)
2014798932,14-2202,05/14/2014,05-May,4-Wednesday,16:45,1600 Hours,District 4 (Southwest),WEST DES MOINES,DALLAS,,JORDAN CREEK PKWY,Collision with:  Vehicle in traffic,On Roadway,Rear-end (front to rear),Other (explain in narrative):  Other,None Indicated,,Daylight,Dry,Cloudy,None apparent,Non-intersection:  Non-junction/no special feature,Paved,,Possible/Unknown,0,1,0,0,1,0,2200,3,5,,POINT (-93.809115609214 41.584927907357)
2014799124,2014-30984,05/14/2014,05-May,4-Wednesday,07:09,0700 Hours,District 6 (East Central),DAVENPORT,SCOTT,,FAIRMOUNT ST,Collision with:  Vehicle in traffic,On Roadway,Broadside (front to side),FTYROW:  From parked position,None Indicated,,Daylight,Dry,Clear,None apparent,Non-intersection:  Non-junction/no special feature,Paved,,Property Damage Only,0,0,0,0,0,0,5000,2,5,,POINT (-90.629843185463 41.539337336031)
2014799044,201406720,05/14/2014,05-May,4-Wednesday,08:36,0800 Hours,District 6 (East Central),CEDAR RAPIDS,LINN,IA 100,IA 100/COLLINS RD NE & COUNCIL ST NE,Collision with:  Vehicle in traffic,On Roadway,"Angle, oncoming left turn",Other (explain in narrative):  Other,None Indicated,,Daylight,Dry,Cloudy,None apparent,Intersection:  Four-way intersection,Paved,,Possible/Unknown,0,2,0,0,2,0,13000,3,3,,POINT (-91.658299333678 42.028461392307)
2014802731,14-024,05/14/2014,05-May,4-Wednesday,09:54,0900 Hours,District 3 (Northwest),MANSON,CALHOUN,,16TH ST,Collision with:  Vehicle in traffic,On Roadway,Rear-end (front to rear),Other (explain in narrative):  No improper action,None Indicated,,Daylight,Dry,Clear,None apparent,Non-intersection:  Non-junction/no special feature,Paved,,Property Damage Only,0,0,0,0,0,0,3000,3,2,,POINT (-94.52931952538 42.532742387774)
2014798899,14680660,05/14/2014,05-May,4-Wednesday,16:18,1600 Hours,District 5 (Southeast),,MONROE,,Co Rd T19/574TH AVE,Collision with:  Vehicle in traffic,On Roadway,Rear-end (front to rear),Improper Backing,None Indicated,,Daylight,Dry,Cloudy,None apparent,Non-intersection:  Non-junction/no special feature,Unpaved,,Property Damage Only,0,0,0,0,0,0,2000,2,3,,POINT (-92.956245276167 41.015088928033)
2014799770,20140013217,05/14/2014,05-May,4-Wednesday,21:47,2100 Hours,District 1 (Central),DES MOINES,POLK,,E ARMY POST RD,Collision with:  Vehicle in traffic,On Roadway,Head-on (front to front),FTYROW:  Making left turn,None Indicated,,Dark - roadway lighted,Dry,Clear,None apparent,Intersection:  Four-way intersection,Paved,,Property Damage Only,0,0,0,0,0,0,3000,2,5,,POINT (-93.599178895248 41.526306088826)
2014798912,14-0553,05/14/2014,05-May,4-Wednesday,15:16,1500 Hours,District 1 (Central),CLIVE,POLK,,UNIVERSITY AVE,Collision with:  Vehicle in traffic,On Roadway,Rear-end (front to rear),Followed too close,None Indicated,,Daylight,Dry,Cloudy,None apparent,Non-intersection:  Non-junction/no special feature,Paved,,Property Damage Only,0,0,0,0,0,0,3000,2,3,,POINT (-93.750618241762 41.600438815004)
2014798978,14-8202,05/14/2014,05-May,4-Wednesday,02:45,0200 Hours,District 2 (Northeast),,BREMER,US 218,US 218 & IA 116/IOWA 116,Collision with:  Animal,,,Animal,None Indicated,,,,,,,Paved,,Property Damage Only,0,0,0,0,0,0,2500,1,1,,POINT (-92.475248794747 42.685720300857)
2014799142,,05/14/2014,05-May,4-Wednesday,08:07,0800 Hours,District 3 (Northwest),MANNING,CARROLL,,3RD ST & ELM ST,Collision with:  Vehicle in traffic,On Roadway,Broadside (front to side),FTYROW:  From stop sign,None Indicated,,Daylight,Dry,Clear,None apparent,Intersection:  Four-way intersection,Paved,,Property Damage Only,0,0,0,0,0,0,5500,2,2,,POINT (-95.066500764523 41.909138287441)
2014799012,01-14-20283,05/14/2014,05-May,4-Wednesday,16:43,1600 Hours,District 6 (East Central),DUBUQUE,DUBUQUE,US 61,US 61,Collision with:  Vehicle in traffic,On Roadway,"Sideswipe, same direction",Improper or erratic lane changing,None Indicated,,Daylight,Dry,Cloudy,None apparent,Non-intersection:  Non-junction/no special feature,Paved,,Property Damage Only,0,0,0,0,0,0,6000,2,2,,POINT (-90.652088000588 42.514512793206)
2014798913,14-0554,05/14/2014,05-May,4-Wednesday,15:44,1500 Hours,District 1 (Central),CLIVE,POLK,,NW 86TH ST,Collision with:  Vehicle in traffic,On Roadway,Broadside (front to side),FTYROW:  At uncontrolled intersection,None Indicated,,Daylight,Dry,Cloudy,None apparent,Intersection:  Other intersection (explain in narrative),Paved,,Property Damage Only,0,0,0,0,0,0,6500,2,2,,POINT (-93.736223764087 41.603017887141)
2014799383,14-14900,05/14/2014,05-May,4-Wednesday,18:28,1800 Hours,District 3 (Northwest),SIOUX CITY,WOODBURY,,7TH ST & PACIFIC ST,Collision with:  Vehicle in traffic,On Roadway,"Sideswipe, same direction",Driving too fast for conditions,None Indicated,,Daylight,Dry,Clear,None apparent,Non-intersection:  Non-junction/no special feature,Paved,,Minor Injury,0,1,0,1,0,0,4555,2,2,,POINT (-96.375267599978 42.497492616288)
2014812135,14004136,05/14/2014,05-May,4-Wednesday,14:06,1400 Hours,District 6 (East Central),,BUCHANAN,I-380,I-380,Collision with fixed object:  Ditch,On Roadway,Non-collision (single vehicle),Swerving/Evasive Action,None Indicated,,Daylight,Dry,Cloudy,Work Zone (roadway-related),Non-intersection:  Non-junction/no special feature,Paved,Yes,Property Damage Only,0,0,0,0,0,0,20000,1,1,,POINT (-91.95947562876 42.297244798586)
2014798785,20140013140,05/14/2014,05-May,4-Wednesday,06:55,0600 Hours,District 1 (Central),DES MOINES,POLK,IA 163,IA 163/E UNIVERSITY AVE & HUBBELL AVE,Collision with fixed object:  Other fixed object (explain in narrative),On Roadway,Non-collision (single vehicle),Made improper turn,None Indicated,,Daylight,Dry,Clear,None apparent,Intersection:  Four-way intersection,Paved,,Property Damage Only,0,0,0,0,0,0,3500,1,1,,POINT (-93.578553048879 41.600514749716)
2014800019,14-1043,05/14/2014,05-May,4-Wednesday,15:43,1500 Hours,District 1 (Central),URBANDALE,POLK,,DOUGLAS AVE,Collision with:  Vehicle in traffic,On Roadway,Rear-end (front to rear),Followed too close,None Indicated,,Daylight,Dry,Clear,None apparent,Non-intersection:  Non-junction/no special feature,Paved,,Property Damage Only,0,0,0,0,0,0,2500,2,2,,POINT (-93.738310630442 41.629224410762)
2014801623,2014-31100,05/14/2014,05-May,4-Wednesday,15:13,1500 Hours,District 6 (East Central),DAVENPORT,SCOTT,,W 53RD ST & RIPLEY ST,Collision with:  Vehicle in traffic,On Roadway,"Sideswipe, same direction",Lost Control,None Indicated,,Daylight,Dry,Cloudy,None apparent,Intersection:  T-intersection,Paved,,Property Damage Only,0,0,0,0,0,0,4500,2,2,,POINT (-90.577341504528 41.574556385495)
2014798933,14-2208,05/14/2014,05-May,4-Wednesday,18:15,1800 Hours,District 1 (Central),WEST DES MOINES,POLK,,8TH ST,Collision with:  Vehicle in traffic,On Roadway,Rear-end (front to rear),Other (explain in narrative):  Other,None Indicated,,Daylight,Dry,Clear,None apparent,Non-intersection:  Non-junction/no special feature,Paved,,Property Damage Only,0,0,0,0,0,0,1950,3,8,,POINT (-93.713042238694 41.581492621829)
2014799956,14007542,05/14/2014,05-May,4-Wednesday,13:54,1300 Hours,District 2 (Northeast),MASON CITY,CERRO GORDO,,,Collision with:  Vehicle in traffic,On Roadway,Broadside (front to side),FTYROW:  From driveway,None Indicated,,Daylight,Dry,Cloudy,None apparent,Non-intersection:  Driveway access (within),,,Property Damage Only,0,0,0,0,0,0,3200,2,2,,POINT (-96.643700149993 40.233091251414)
2014799680,2014028809,05/14/2014,05-May,4-Wednesday,12:55,1200 Hours,District 5 (Southeast),,WARREN,I-35,I-35,Collision with:  Animal,,,Animal,None Indicated,,,,,,,Paved,,Property Damage Only,0,0,0,0,0,0,3500,1,1,,POINT (-93.779388356296 41.343032205532)
2014802503,,05/14/2014,05-May,4-Wednesday,22:46,2200 Hours,District 2 (Northeast),,WINNESHIEK,IA 150,IA 150/IOWA 150,Collision with:  Animal,On Roadway,Non-collision (single vehicle),Animal,None Indicated,,Dark - roadway not lighted,Dry,Clear,None apparent,Non-intersection:  Non-junction/no special feature,Paved,,Property Damage Only,0,0,0,0,0,0,4000,1,2,,POINT (-91.868960545142 43.100616958351)
2014799056,INFOEXCHANGE,05/14/2014,05-May,4-Wednesday,10:00,1000 Hours,District 6 (East Central),CEDAR RAPIDS,LINN,IA 100,IA 100/COLLINS RD NE/COLLINS RD SE & IA 922/1ST AVE E,Collision with:  Vehicle in traffic,On Roadway,Rear-end (front to rear),Followed too close,None Indicated,,Daylight,Dry,Cloudy,None apparent,Non-intersection:  Non-junction/no special feature,Paved,,Property Damage Only,0,0,0,0,0,0,1900,2,2,,POINT (-91.621272839211 42.02576194308)
2014798911,14-0552,05/14/2014,05-May,4-Wednesday,14:53,1400 Hours,District 1 (Central),CLIVE,POLK,US 6,US 6/HICKMAN RD & NW 86TH ST,Collision with:  Vehicle in traffic,On Roadway,Rear-end (front to rear),Followed too close,None Indicated,,Daylight,Dry,Cloudy,Work Zone (roadway-related),Intersection:  Four-way intersection,Paved,Yes,Property Damage Only,0,0,0,0,0,0,8000,2,3,,POINT (-93.736490965183 41.614905671274)
2014798975,W14-047416,05/14/2014,05-May,4-Wednesday,23:34,2300 Hours,District 2 (Northeast),WATERLOO,BLACK HAWK,,MARTIN LUTHER KING JR DR & TYSON DR,Collision with:  Vehicle in traffic,On Roadway,Rear-end (front to rear),Followed too close,None Indicated,,Dark - roadway lighted,Dry,Clear,None apparent,Intersection:  T-intersection,Paved,,Property Damage Only,0,0,0,0,0,0,2300,2,3,,POINT (-92.262982231775 42.504194694937)
2014799711,1405148021,05/14/2014,05-May,4-Wednesday,20:00,2000 Hours,District 6 (East Central),,CLINTON,,170 ST,Non-collision events:  Overturn/rollover,Outside trafficway,Non-collision (single vehicle),Ran off road - right,None Indicated,,Dark - roadway not lighted,Dry,Clear,None apparent,Non-intersection:  Non-junction/no special feature,Unpaved,,Minor Injury,0,2,0,2,0,0,4500,1,1,,POINT (-90.189642873521 41.93498447209)
2014899596,NT-14-061,05/14/2014,05-May,4-Wednesday,19:29,1900 Hours,District 1 (Central),NEVADA,STORY,,WESTWOOD DR,Collision with:  Vehicle in traffic,On Roadway,Non-collision (single vehicle),FTYROW:  Making left turn,None Indicated,,Daylight,Dry,Clear,None apparent,Non-intersection:  Non-junction/no special feature,Paved,,Possible/Unknown,0,1,0,0,1,0,5000,1,1,,POINT (-93.466408899089 42.018054442214)
2014799902,,05/14/2014,05-May,4-Wednesday,08:53,0800 Hours,District 2 (Northeast),CALMAR,WINNESHIEK,US 52,US 52 & 175TH ST,Collision with:  Vehicle in traffic,On Roadway,Rear-end (front to rear),Swerving/Evasive Action,None Indicated,,Daylight,Dry,Clear,None apparent,Intersection:  Y-intersection,Paved,,Property Damage Only,0,0,0,0,0,0,17000,2,2,,POINT (-91.86709825653 43.19087108694)
2014799045,201406729,05/14/2014,05-May,4-Wednesday,10:50,1000 Hours,District 6 (East Central),CEDAR RAPIDS,LINN,,16TH AVE SW,Collision with:  Vehicle in traffic,On Roadway,Broadside (front to side),FTYROW:  From driveway,None Indicated,,Daylight,Dry,Cloudy,None apparent,Non-intersection:  Driveway access (within),Paved,,Property Damage Only,0,0,0,0,0,0,2400,2,4,,POINT (-91.694936947078 41.962299370823)
2014799141,,05/14/2014,05-May,4-Wednesday,08:00,0800 Hours,District 3 (Northwest),MANNING,CARROLL,,CENTER ST,Collision with:  Vehicle in traffic,On Roadway,Broadside (front to side),FTYROW:  From driveway,None Indicated,,Daylight,Dry,Clear,None apparent,Non-intersection:  Driveway access (within),Paved,,Property Damage Only,0,0,0,0,0,0,32000,2,4,,POINT (-95.063720494057 41.901055731205)
2014799026,14-14101,05/14/2014,05-May,4-Wednesday,20:29,2000 Hours,District 5 (Southeast),FORT MADISON,LEE,IA 2,IA 2/IOWA 2 & Co Rd X23/WEST POINT RD,Collision with:  Animal,,,Animal,None Indicated,,,,,,,Paved,,Property Damage Only,0,0,0,0,0,0,3500,1,1,,POINT (-91.418161884908 40.631895715261)
2014798915,20140013204,05/14/2014,05-May,4-Wednesday,18:48,1800 Hours,District 1 (Central),DES MOINES,POLK,,MLK JR PKWY & INGERSOLL AVE,Collision with:  Vehicle in traffic,On Roadway,Rear-end (front to rear),Driving too fast for conditions,None Indicated,,Daylight,Dry,Cloudy,None apparent,Non-intersection:  Non-junction/no special feature,Paved,,Possible/Unknown,0,1,0,0,1,0,5200,3,3,,POINT (-93.644777356589 41.585741818722)
2014799895,,05/14/2014,05-May,4-Wednesday,15:40,1500 Hours,District 5 (Southeast),FORT MADISON,LEE,,AVE K & 27TH ST,Collision with:  Vehicle in traffic,On Roadway,Broadside (front to side),FTYROW:  From stop sign,None Indicated,,Daylight,Dry,Clear,None apparent,Intersection:  T-intersection,Paved,,Property Damage Only,0,0,0,0,0,0,2000,2,3,,POINT (-91.344609667307 40.627837810686)
2014798898,2014004585,05/14/2014,05-May,4-Wednesday,15:05,1500 Hours,District 1 (Central),MARSHALLTOWN,MARSHALL,IA 14,IA 14/S CENTER ST & W OLIVE ST & E OLIVE ST,Collision with:  Vehicle in traffic,On Roadway,Rear-end (front to rear),Other (explain in narrative):  Other,None Indicated,,Daylight,Dry,Cloudy,None apparent,Intersection:  Four-way intersection,Paved,,Property Damage Only,0,0,0,0,0,0,6000,2,4,,POINT (-92.912636712582 42.028416723155)
2014798937,14-019208,05/14/2014,05-May,4-Wednesday,19:00,1900 Hours,District 4 (Southwest),COUNCIL BLUFFS,POTTAWATTAMIE,,WILLOW AVE,Collision with:  Vehicle in traffic,On Roadway,"Sideswipe, same direction",FTYROW:  From parked position,None Indicated,,Daylight,Dry,Clear,None apparent,Non-intersection:  Non-junction/no special feature,Paved,,Property Damage Only,0,0,0,0,0,0,3000,3,4,,POINT (-95.852027755118 41.258598981287)
2014800048,14-002369,05/14/2014,05-May,4-Wednesday,13:30,1300 Hours,District 1 (Central),AMES,STORY,,S 16TH ST & S KELLOGG AVE,Collision with:  Vehicle in traffic,On Roadway,"Angle, oncoming left turn",FTYROW:  Making left turn,None Indicated,,Daylight,Dry,Cloudy,None apparent,Intersection:  T-intersection,Paved,,Property Damage Only,0,0,0,0,0,0,13998,2,2,,POINT (-93.612605518805 42.008351694689)
2014799136,14000219,05/14/2014,05-May,4-Wednesday,11:50,1100 Hours,District 5 (Southeast),ALBIA,MONROE,US 34,US 34 & IA 5/IOWA 5,Collision with:  Vehicle in traffic,On Roadway,"Sideswipe, opposite direction",Unknown,None Indicated,,Daylight,Dry,Cloudy,None apparent,Intersection:  Four-way intersection,Paved,,Property Damage Only,0,0,0,0,0,0,3500,2,4,,POINT (-92.809091071761 41.015398555875)