Iowa DOT Case Number,Law Enforcement Case Number,Date of Crash,Month of Crash,Day of Week,Time of Crash,Hour,DOT District,City Name,County Name,Route with System,Location Description,First Harmful Event,Location of First Harmful Event,Manner of Crash/Collision,Major Cause,Drug or Alcohol ,Environmental Conditions,Light Conditions,Surface Conditions,Weather Conditions,Roadway Contribution,Roadway Type,Roadway Surface,Work Zone,Crash Severity,Number of Fatalities,Number of Injuries,Number of Major Injuries,Number of Minor Injuries,Number of Possible Injuries,Number of Unknown Injuries,Amount of Property Damage,Number of Vehicles Involved,Total Number of Occupants,Travel Direction,Location
2014799255,14-11335,05/14/2014,05-May,4-Wednesday,17:25,1700 Hours,District 5 (Southeast),,MARION,IA 14,IA 14/IOWA 14,Collision with:  Vehicle in traffic,On Roadway,Rear-end (front to rear),Followed too close,None Indicated,,Daylight,Dry,Clear,None apparent,Intersection:  T-intersection,Paved,,Minor Injury,0,5,0,2,3,0,16000,3,5,,POINT (-93.110565074704 41.401762786067)
2014799106,14-000558,05/14/2014,05-May,4-Wednesday,09:45,0900 Hours,District 1 (Central),JOHNSTON,POLK,,NW 62ND AVE,Collision with:  Vehicle in traffic,On Roadway,Rear-end (front to rear),FTYROW:  From yield sign,None Indicated,,Daylight,Dry,Clear,None apparent,Intersection:  Other intersection (explain in narrative),Paved,,Property Damage Only,0,0,0,0,0,0,1600,2,2,,POINT (-93.720441979806 41.6729683377)
2014801195,90-14-147,05/14/2014,05-May,4-Wednesday,12:34,1200 Hours,District 2 (Northeast),GILMORE CITY,HUMBOLDT,IA 3,IA 3/E IOWA AVE/W IOWA AVE & S GILMORE ST & N GILMORE ST,Collision with:  Vehicle in traffic,On Roadway,Broadside (front to side),FTYROW:  From stop sign,None Indicated,,Daylight,Dry,Cloudy,None apparent,Intersection:  Four-way intersection,Paved,,Major Injury,0,1,1,0,0,0,12500,2,2,,POINT (-94.443175111323 42.732411558508)
2014798943,14-005358,05/14/2014,05-May,4-Wednesday,01:20,0100 Hours,District 1 (Central),,TAMA,US 63,US 63,Collision with:  Animal,,,Animal,None Indicated,,,,,,,Paved,,Property Damage Only,0,0,0,0,0,0,3000,1,1,,POINT (-92.575573360646 42.174209769708)
2014799105,14-000555,05/14/2014,05-May,4-Wednesday,08:00,0800 Hours,District 1 (Central),JOHNSTON,POLK,,NW BEAVER DR,Collision with:  Other non-fixed object (explain in narrative),Shoulder,Non-collision (single vehicle),Unknown,None Indicated,,Daylight,Dry,Clear,None apparent,Non-intersection:  Non-junction/no special feature,Paved,,Property Damage Only,0,0,0,0,0,0,11100,1,1,,POINT (-93.716888692711 41.716494682929)
2014799182,CL14001472,05/14/2014,05-May,4-Wednesday,10:21,1000 Hours,District 6 (East Central),CLINTON,CLINTON,,S BLUFF BLVD,Collision with:  Vehicle in traffic,On Roadway,"Sideswipe, same direction",Improper or erratic lane changing,None Indicated,,Daylight,Dry,Cloudy,None apparent,Non-intersection:  Non-junction/no special feature,Paved,,Property Damage Only,0,0,0,0,0,0,2000,2,2,,POINT (-90.20548899229 41.844396315337)
2014799649,14-8993,05/14/2014,05-May,4-Wednesday,17:10,1700 Hours,District 6 (East Central),BETTENDORF,SCOTT,US 67,US 67/GRANT ST & 12TH ST,Collision with:  Vehicle in traffic,On Roadway,"Angle, oncoming left turn",FTYROW:  From stop sign,None Indicated,,Daylight,Dry,Cloudy,None apparent,Intersection:  Four-way intersection,Paved,,Property Damage Only,0,0,0,0,0,0,1600,2,3,,POINT (-90.516081854857 41.526226404181)
2014805775,14-003572,05/14/2014,05-May,4-Wednesday,09:09,0900 Hours,District 2 (Northeast),,CLAYTON,,Co Rd C17/CLAYTON RD,Non-collision events:  Overturn/rollover,On Roadway,Non-collision (single vehicle),Swerving/Evasive Action,None Indicated,,Daylight,Dry,Clear,None apparent,Non-intersection:  Non-junction/no special feature,Paved,,Minor Injury,0,1,0,1,0,0,12200,1,1,,POINT (-91.192970118319 42.885529252491)
2014799047,201406756,05/14/2014,05-May,4-Wednesday,21:34,2100 Hours,District 6 (East Central),CEDAR RAPIDS,LINN,,BLAIRS FERRY RD & 10TH AVE,Collision with:  Vehicle in traffic,On Roadway,"Angle, oncoming left turn",FTYROW:  Making left turn,None Indicated,,Dark - roadway lighted,Dry,Clear,None apparent,Intersection:  Four-way intersection,Paved,,Property Damage Only,0,0,0,0,0,0,4000,2,3,,POINT (-91.682956905011 42.034763268532)
2014800271,,05/14/2014,05-May,4-Wednesday,15:34,1500 Hours,District 6 (East Central),LONG GROVE,SCOTT,,S CADDA RD,Non-collision events:  Overturn/rollover,Roadside,Non-collision (single vehicle),Crossed centerline (undivided),None Indicated,,Daylight,Dry,Cloudy,None apparent,Non-intersection:  Non-junction/no special feature,Paved,,Minor Injury,0,1,0,1,0,0,8000,1,1,,POINT (-90.586441137331 41.696224725959)
2014800047,14-002368,05/14/2014,05-May,4-Wednesday,10:56,1000 Hours,District 1 (Central),AMES,STORY,US 69,US 69/GRAND AVE & BLOOMINGTON RD,Collision with:  Vehicle in traffic,On Roadway,"Angle, oncoming left turn",FTYROW:  Making left turn,None Indicated,,Daylight,Dry,Clear,None apparent,Intersection:  Four-way intersection,Paved,,Property Damage Only,0,0,0,0,0,0,7000,2,2,,POINT (-93.620665284248 42.056043172953)
2014798917,20140013208,05/14/2014,05-May,4-Wednesday,19:46,1900 Hours,District 1 (Central),DES MOINES,POLK,,E WALNUT ST,Collision with:  Vehicle in traffic,On Roadway,"Sideswipe, same direction","Operating vehicle in an reckless, erratic, careless, negligent manner",None Indicated,,Dusk,Dry,Cloudy,None apparent,Non-intersection:  Non-junction/no special feature,Paved,,Property Damage Only,0,0,0,0,0,0,3500,2,4,,POINT (-93.595295816131 41.591692247089)
2014799033,201401551,05/14/2014,05-May,4-Wednesday,21:30,2100 Hours,District 6 (East Central),,LINN,I-380,I-380,Collision with fixed object:  Guardrail - face,On Roadway,Non-collision (single vehicle),"Operating vehicle in an reckless, erratic, careless, negligent manner",Refused,,Dark - roadway not lighted,Dry,Cloudy,None apparent,Non-intersection:  Non-junction/no special feature,Paved,,Property Damage Only,0,0,0,0,0,0,7466,1,1,,POINT (-91.801069182689 42.185769544716)
2014798892,14-11775,05/14/2014,05-May,4-Wednesday,08:10,0800 Hours,District 1 (Central),,JASPER,,E 132ND ST S,Collision with:  Vehicle in traffic,On Roadway,Broadside (front to side),FTYROW:  From driveway,None Indicated,,Daylight,Dry,Clear,None apparent,Non-intersection:  Driveway access (within),Paved,,Property Damage Only,0,0,0,0,0,0,5100,2,2,,POINT (-92.824518630653 41.646980914471)
2014800118,14-16042,05/14/2014,05-May,4-Wednesday,09:05,0900 Hours,District 5 (Southeast),BURLINGTON,DES MOINES,,DENMARK ST & 13TH ST,Collision with:  Vehicle in traffic,Shoulder,"Sideswipe, opposite direction",Unknown,None Indicated,,Daylight,Dry,Clear,None apparent,Non-intersection:  Non-junction/no special feature,Paved,,Property Damage Only,0,0,0,0,0,0,5000,2,1,,POINT (-91.112033313737 40.792114130671)
2014804937,,05/14/2014,05-May,4-Wednesday,08:35,0800 Hours,District 5 (Southeast),MUSCATINE,MUSCATINE,US 61,US 61,Collision with:  Animal,On Roadway,Non-collision (single vehicle),Animal,None Indicated,,Daylight,Dry,Cloudy,None apparent,Non-intersection:  Non-junction/no special feature,Paved,,Property Damage Only,0,0,0,0,0,0,4000,1,1,,POINT (-91.001968853752 41.470535466967)
2014799250,14-2330,05/14/2014,05-May,4-Wednesday,07:35,0700 Hours,District 6 (East Central),HIAWATHA,LINN,I-380,I-380,Collision with:  Vehicle in traffic,On Roadway,Rear-end (front to rear),Lost Control,None Indicated,,Daylight,Dry,Clear,Non-highway work,Interchange-related:  Off-ramp,Paved,,Property Damage Only,0,0,0,0,0,0,3000,2,3,,POINT (-91.686482819361 42.044818748343)
2014800137,14103,05/14/2014,05-May,4-Wednesday,02:25,0200 Hours,District 5 (Southeast),PELLA,MARION,IA 163,IA 163/IOWA 163,Collision with:  Animal,,,Animal,None Indicated,,,,,,,Paved,,Property Damage Only,0,0,0,0,0,0,3500,1,1,,POINT (-92.927465009547 41.392199934517)
2014798927,20140013172,05/14/2014,05-May,4-Wednesday,13:13,1300 Hours,District 1 (Central),DES MOINES,POLK,I-235,I-235 & SCHOOL ST & 19TH ST,Collision with:  Vehicle in traffic,On Roadway,"Sideswipe, same direction",Unknown,None Indicated,,Daylight,Dry,Clear,None apparent,Intersection:  Four-way intersection,Paved,,Possible/Unknown,0,1,0,0,1,0,8000,2,5,,POINT (-93.642568703947 41.595301861437)
2014798922,20140013219,05/14/2014,05-May,4-Wednesday,21:33,2100 Hours,District 1 (Central),DES MOINES,POLK,,E MADISON AVE & N UNION ST,Collision with:  Vehicle in traffic,On Roadway,Broadside (front to side),Ran Stop Sign,None Indicated,,Dark - roadway lighted,Dry,Cloudy,None apparent,Intersection:  Four-way intersection,Paved,,Possible/Unknown,0,2,0,0,2,0,15000,2,3,,POINT (-93.610252365929 41.633155114061)
2014799623,2014051401,05/14/2014,05-May,4-Wednesday,19:10,1900 Hours,District 4 (Southwest),SHENANDOAH,PAGE,,W SHERIDAN AVE & N GRASS ST,Collision with:  Vehicle in traffic,On Roadway,"Angle, oncoming left turn",FTYROW:  From stop sign,None Indicated,,Daylight,Dry,Cloudy,None apparent,Intersection:  Four-way intersection,Paved,,Property Damage Only,0,0,0,0,0,0,4000,2,3,,POINT (-95.379683381121 40.765921216298)
2014800049,14-002371,05/14/2014,05-May,4-Wednesday,16:25,1600 Hours,District 1 (Central),AMES,STORY,US 69,US 69/S DUFF AVE & S 16TH ST & SE 16TH ST,Collision with:  Vehicle in traffic,On Roadway,Rear-end (front to rear),Improper or erratic lane changing,None Indicated,,Daylight,Dry,Cloudy,None apparent,Intersection:  Four-way intersection,Paved,,Property Damage Only,0,0,0,0,0,0,3500,2,2,,POINT (-93.610070069977 42.008410230879)
2014819364,1405-037,05/14/2014,05-May,4-Wednesday,22:40,2200 Hours,District 3 (Northwest),,OSCEOLA,IA 9,IA 9/IOWA 9 & VERDIN AVE,Collision with fixed object:  Culvert/pipe opening,Shoulder,Non-collision (single vehicle),Ran off road - right,Refused,,Dark - roadway not lighted,Dry,Clear,None apparent,Intersection:  Four-way intersection,Paved,,Possible/Unknown,0,1,0,0,1,0,8500,1,1,,POINT (-95.496300790143 43.430709167551)
2014798918,20140013209,05/14/2014,05-May,4-Wednesday,19:30,1900 Hours,District 1 (Central),DES MOINES,POLK,,WALNUT ST,Collision with fixed object:  Other fixed object (explain in narrative),On Roadway,Non-collision (single vehicle),Over correcting/over steering,None Indicated,,Daylight,Dry,Clear,None apparent,Non-intersection:  Non-junction/no special feature,Paved,,Property Damage Only,0,0,0,0,0,0,2500,1,1,,POINT (-93.637086637885 41.583244646086)
2014798914,20140013198,05/14/2014,05-May,4-Wednesday,18:00,1800 Hours,District 1 (Central),DES MOINES,POLK,US 6,US 6/EUCLID AVE & 12TH ST,Collision with:  Vehicle in traffic,On Roadway,"Sideswipe, same direction",FTYROW:  Other (explain in narrative),None Indicated,,Daylight,Dry,Clear,None apparent,Non-intersection:  Non-junction/no special feature,Paved,,Property Damage Only,0,0,0,0,0,0,2500,2,3,,POINT (-93.634390134331 41.627629132913)
2014799793,14-5515,05/14/2014,05-May,4-Wednesday,15:25,1500 Hours,District 3 (Northwest),,SIOUX,IA 60,IA 60/IOWA 60 & Co Rd K64/JACKSON AVE,Collision with:  Vehicle in traffic,On Roadway,Broadside (front to side),FTYROW:  From stop sign,None Indicated,,Daylight,Dry,Cloudy,None apparent,Intersection:  Other intersection (explain in narrative),Paved,,Minor Injury,0,1,0,1,0,0,12000,2,2,,POINT (-96.057365702877 42.929076698863)
2014799022,C14001472,05/14/2014,05-May,4-Wednesday,15:55,1500 Hours,District 6 (East Central),CORALVILLE,JOHNSON,US 6,US 6/2ND ST,Collision with:  Vehicle in traffic,On Roadway,Rear-end (front to rear),Driving too fast for conditions,None Indicated,,Daylight,Dry,Clear,None apparent,Intersection:  Four-way intersection,Paved,,Property Damage Only,0,0,0,0,0,0,2000,2,2,,POINT (-91.60423174783 41.686052284774)
2014799080,20140013145,05/14/2014,05-May,4-Wednesday,07:00,0700 Hours,District 1 (Central),DES MOINES,POLK,,STANTON AVE & FLEUR DR,Collision with:  Vehicle in traffic,On Roadway,"Sideswipe, same direction",Ran Traffic Signal,None Indicated,,Dawn,Dry,Clear,Unknown,Intersection:  Four-way intersection,Paved,,Property Damage Only,0,0,0,0,0,0,2000,2,2,,POINT (-93.645027919337 41.54460415433)
2014798981,14006925,05/14/2014,05-May,4-Wednesday,20:30,2000 Hours,District 6 (East Central),,CEDAR,IA 38,IA 38/IOWA 38,Collision with:  Animal,,,Animal,None Indicated,,,,,,,Paved,,Property Damage Only,0,0,0,0,0,0,2000,1,1,,POINT (-91.132813547648 41.704297834157)
2014798935,14-019127,05/14/2014,05-May,4-Wednesday,10:35,1000 Hours,District 4 (Southwest),COUNCIL BLUFFS,POTTAWATTAMIE,I-29,I-29 & IA 192/S EXPRESSWAY & 30TH AVE,Collision with:  Vehicle in traffic,On Roadway,Rear-end (front to rear),Followed too close,None Indicated,,Daylight,Dry,Clear,None apparent,Intersection:  Four-way intersection,Paved,,Property Damage Only,0,0,0,0,0,0,2500,2,2,,POINT (-95.851337557948 41.230669294291)
2014798936,14-019192,05/14/2014,05-May,4-Wednesday,14:00,1400 Hours,District 4 (Southwest),COUNCIL BLUFFS,POTTAWATTAMIE,IA 192,IA 192/S 6TH ST & 1ST AVE,Collision with:  Vehicle in traffic,On Roadway,Unknown,Other (explain in narrative):  Other,None Indicated,,Daylight,Dry,Clear,None apparent,Non-intersection:  Non-junction/no special feature,Paved,,Property Damage Only,0,0,0,0,0,0,1500,2,777,,POINT (-95.852373436002 41.259959378597)
2014799957,14007560,05/14/2014,05-May,4-Wednesday,18:21,1800 Hours,District 2 (Northeast),MASON CITY,CERRO GORDO,IA 122,IA 122/IOWA 122,Collision with:  Vehicle in traffic,On Roadway,Rear-end (front to rear),Other (explain in narrative):  Other,None Indicated,,Daylight,Dry,Clear,None apparent,Non-intersection:  Non-junction/no special feature,Paved,,Property Damage Only,0,0,0,0,0,0,2500,2,2,,POINT (-93.208982169742 43.147474555714)
2014815065,14-0663,05/14/2014,05-May,4-Wednesday,14:43,1400 Hours,District 1 (Central),,GREENE,,Co Rd P46/V AVE,Non-collision events:  Other non-collision (explain in narrative),On Roadway,Non-collision (single vehicle),Swerving/Evasive Action,None Indicated,,Daylight,Dry,Cloudy,None apparent,Non-intersection:  Non-junction/no special feature,Paved,,Major Injury,0,1,1,0,0,0,5000,1,1,,POINT (-94.222065932737 41.866320192681)
2014799381,14-14852,05/14/2014,05-May,4-Wednesday,13:12,1300 Hours,District 3 (Northwest),SIOUX CITY,WOODBURY,,3RD ST,Non-collision events:  Other non-collision (explain in narrative),On Roadway,Broadside (front to side),FTYROW:  Other (explain in narrative),None Indicated,,Daylight,Dry,Clear,None apparent,Non-intersection:  Railroad grade crossing,Paved,,Property Damage Only,0,0,0,0,0,0,2600,2,2,,POINT (-96.391948014268 42.493181683638)
2014799385,14-14937,05/14/2014,05-May,4-Wednesday,23:12,2300 Hours,District 3 (Northwest),SIOUX CITY,WOODBURY,,25TH ST & DUPONT ST,Non-collision events:  Other non-collision (explain in narrative),On Roadway,Non-collision (single vehicle),Driving too fast for conditions,Alcohol (Statutory),,Dark - roadway lighted,"Mud, dirt",Clear,None apparent,Intersection:  Four-way intersection,Paved,,Possible/Unknown,0,2,0,0,2,0,100,1,1,,POINT (-96.388676096566 42.515708754953)
2014799002,6601-14,05/14/2014,05-May,4-Wednesday,01:30,0100 Hours,District 3 (Northwest),SPENCER,CLAY,,10TH AVE E & E 21ST ST,Collision with fixed object:  Other fixed object (explain in narrative),On Roadway,Non-collision (single vehicle),Unknown,None Indicated,,Dark - roadway not lighted,Dry,Unknown,Work Zone (roadway-related),Non-intersection:  Non-junction/no special feature,Paved,Yes,Property Damage Only,0,0,0,0,0,0,6500,1,1,,POINT (-95.131467730738 43.158792738732)
2014799025,14-013990,05/14/2014,05-May,4-Wednesday,23:35,2300 Hours,District 5 (Southeast),,LEE,US 61,US 61,Collision with:  Animal,,,Animal,None Indicated,,,,,,,Paved,,Property Damage Only,0,0,0,0,0,0,3500,1,1,,POINT (-91.429499468165 40.565325694271)
2014800138,14104,05/14/2014,05-May,4-Wednesday,14:02,1400 Hours,District 5 (Southeast),PELLA,MARION,,E UNIVERSITY ST & E 9TH ST,Collision with:  Vehicle in traffic,On Roadway,Broadside (front to side),FTYROW:  From driveway,None Indicated,,Daylight,Dry,Cloudy,None apparent,Non-intersection:  Driveway access (within),Paved,,Property Damage Only,0,0,0,0,0,0,4700,2,4,,POINT (-92.902967747225 41.400216677472)
2014801418,14-044,05/14/2014,05-May,4-Wednesday,17:35,1700 Hours,District 3 (Northwest),SIOUX CENTER,SIOUX,,9TH ST SE & 13TH AVE NE,Collision with:  Vehicle in traffic,On Roadway,Rear-end (front to rear),Followed too close,None Indicated,,Daylight,Dry,Cloudy,None apparent,Intersection:  Four-way intersection,Paved,,Possible/Unknown,0,1,0,0,1,0,7000,2,3,,POINT (-96.155591461251 43.06971825262)
2014799130,14-14813,05/14/2014,05-May,4-Wednesday,07:38,0700 Hours,District 3 (Northwest),SIOUX CITY,WOODBURY,US 20,US 20,Collision with:  Vehicle in traffic,On Roadway,Head-on (front to front),Swerving/Evasive Action,None Indicated,,Daylight,Dry,Clear,None apparent,Interchange-related:  On-ramp merge area,Paved,,Fatal,1,1,0,0,1,0,15000,2,2,,POINT (-96.330089282514 42.457655895087)
2014798965,2014028986,05/14/2014,05-May,4-Wednesday,17:00,1700 Hours,District 1 (Central),,WEBSTER,,Co Rd D20/234TH ST & Co Rd D36/GRANT AVE,Collision with:  Vehicle in traffic,On Roadway,Broadside (front to side),FTYROW:  Other (explain in narrative),None Indicated,,Daylight,Dry,Cloudy,None apparent,Non-intersection:  Non-junction/no special feature,Paved,,Minor Injury,0,1,0,1,0,0,7000,2,3,,POINT (-94.286873545614 42.449663636616)
2014799421,2014028822,05/14/2014,05-May,4-Wednesday,06:00,0600 Hours,District 5 (Southeast),,WARREN,I-35,I-35,Collision with:  Animal,,,Animal,None Indicated,,,,,,,Paved,,Property Damage Only,0,0,0,0,0,0,3500,1,1,,POINT (-93.780847863129 41.247000586261)
2014798938,14-9584,05/14/2014,05-May,4-Wednesday,04:45,0400 Hours,District 6 (East Central),LE CLAIRE,SCOTT,US 67,US 67/GREAT RIVER RD,Collision with:  Animal,,,Animal,None Indicated,,,,,,,Paved,,Property Damage Only,0,0,0,0,0,0,2000,1,1,,POINT (-90.347703725889 41.629160018511)
2014799003,6617-14,05/14/2014,05-May,4-Wednesday,13:11,1300 Hours,District 3 (Northwest),SPENCER,CLAY,US 18,US 18/N GRAND AVE & W 1ST ST & E 1ST ST,Collision with:  Vehicle in traffic,On Roadway,"Angle, oncoming left turn",FTYROW:  Making left turn,None Indicated,,Daylight,Dry,Cloudy,None apparent,Intersection:  Four-way intersection,Paved,,Possible/Unknown,0,1,0,0,1,0,15500,2,2,,POINT (-95.144513030866 43.138613037166)
2014798940,14-8964,05/14/2014,05-May,4-Wednesday,10:20,1000 Hours,District 6 (East Central),BETTENDORF,SCOTT,,TANGLEFOOT LN,Collision with:  Vehicle in traffic,On Roadway,Broadside (front to side),Improper Backing,None Indicated,,Daylight,Dry,Cloudy,None apparent,Non-intersection:  Driveway access (within),Paved,,Property Damage Only,0,0,0,0,0,0,1500,2,3,,POINT (-90.520699396101 41.560325103335)
2014799046,201406750,05/14/2014,05-May,4-Wednesday,18:16,1800 Hours,District 6 (East Central),CEDAR RAPIDS,LINN,,WILSON AVE SW & EDGEWOOD RD SW,Collision with:  Vehicle in traffic,On Roadway,Broadside (front to side),Ran Traffic Signal,None Indicated,,Daylight,Dry,Cloudy,None apparent,Intersection:  Four-way intersection,Paved,,Possible/Unknown,0,1,0,0,1,0,10000,2,4,,POINT (-91.716267883224 41.956487540699)
2014799427,,05/14/2014,05-May,4-Wednesday,16:30,1600 Hours,District 4 (Southwest),ADEL,DALLAS,US 6,US 6/S 8TH ST,Collision with:  Vehicle in traffic,On Roadway,Broadside (front to side),FTYROW:  From driveway,None Indicated,,Daylight,Dry,Clear,None apparent,Non-intersection:  Driveway access (within),Paved,,Property Damage Only,0,0,0,0,0,0,5000,2,2,,POINT (-94.01749773823 41.61370759763)
2014800101,14047265,05/14/2014,05-May,4-Wednesday,15:10,1500 Hours,District 2 (Northeast),CEDAR FALLS,BLACK HAWK,,8TH ST,Collision with:  Vehicle in traffic,On Roadway,Broadside (front to side),FTYROW:  From driveway,None Indicated,,Daylight,Dry,Cloudy,None apparent,Non-intersection:  Driveway access (within),Paved,,Possible/Unknown,0,1,0,0,1,0,1800,2,2,,POINT (-92.46138203672 42.531487793019)
2014799203,P14-005764,05/14/2014,05-May,4-Wednesday,19:33,1900 Hours,District 1 (Central),WEBSTER CITY,HAMILTON,,WALNUT ST & BEACH ST,Collision with:  Vehicle in traffic,On Roadway,Rear-end (front to rear),Other (explain in narrative):  Other,None Indicated,,Daylight,Dry,Cloudy,None apparent,Non-intersection:  Non-junction/no special feature,Paved,,Property Damage Only,0,0,0,0,0,0,4500,2,2,,POINT (-93.835436015655 42.464119030798)
2014801806,2014-31022,05/14/2014,05-May,4-Wednesday,09:29,0900 Hours,District 6 (East Central),DAVENPORT,SCOTT,I-280,I-280 & IA 22/ROCKINGHAM RD,Collision with:  Vehicle in traffic,On Roadway,Rear-end (front to rear),Swerving/Evasive Action,None Indicated,,Daylight,Dry,Clear,None apparent,"Interchange-related:  Off-ramp, diverge area",Paved,,Minor Injury,0,1,0,1,0,0,30000,2,2,,POINT (-90.649387872332 41.492850908839)
2014800374,AP-14-0127,05/14/2014,05-May,4-Wednesday,18:45,1800 Hours,District 6 (East Central),ANAMOSA,JONES,,W 1ST ST,Collision with:  Vehicle in traffic,On Roadway,Broadside (front to side),Other (explain in narrative):  No improper action,None Indicated,,Daylight,Dry,Clear,None apparent,Non-intersection:  Non-junction/no special feature,Paved,,Property Damage Only,0,0,0,0,0,0,4000,2,2,,POINT (-91.287632866279 42.106331576009)
2014798907,14-3194,05/14/2014,05-May,4-Wednesday,18:40,1800 Hours,District 1 (Central),BONDURANT,POLK,,2ND ST NE &  2ND ST NE,Collision with:  Vehicle in traffic,On Roadway,"Sideswipe, same direction",Improper Backing,None Indicated,,Daylight,Dry,Clear,None apparent,Non-intersection:  Non-junction/no special feature,Paved,,Property Damage Only,0,0,0,0,0,0,1500,2,3,,POINT (-93.443583637072 41.702850874463)
2014798832,891403074,05/14/2014,05-May,4-Wednesday,08:04,0800 Hours,District 5 (Southeast),BONAPARTE,VAN BUREN,,5TH ST & TEXAS ST,Collision with:  Vehicle in traffic,On Roadway,Broadside (front to side),FTYROW:  From yield sign,None Indicated,,Daylight,Dry,Cloudy,None apparent,Intersection:  Four-way intersection,Paved,,Property Damage Only,0,0,0,0,0,0,4000,2,5,,POINT (-91.799893168798 40.70144533813)
2014804823,TC29-14,05/14/2014,05-May,4-Wednesday,12:20,1200 Hours,District 4 (Southwest),MISSOURI VALLEY,HARRISON,US 30,US 30/W ERIE ST & WILLOW RD,Collision with:  Vehicle in traffic,On Roadway,Rear-end (front to rear),Other (explain in narrative):  Other,None Indicated,,Daylight,Dry,Clear,None apparent,Non-intersection:  Non-junction/no special feature,Paved,,Property Damage Only,0,0,0,0,0,0,1800,2,2,,POINT (-95.911608236714 41.550165978149)
2014799076,14-0555,05/14/2014,05-May,4-Wednesday,17:30,1700 Hours,District 1 (Central),CLIVE,POLK,I-35,I-35,Collision with:  Vehicle in traffic,On Roadway,Rear-end (front to rear),Followed too close,None Indicated,,Daylight,Dry,Clear,None apparent,Non-intersection:  Non-junction/no special feature,Paved,,Property Damage Only,0,0,0,0,0,0,4750,3,6,,POINT (-93.776873211684 41.608388878922)
2014799433,,05/14/2014,05-May,4-Wednesday,05:35,0500 Hours,District 6 (East Central),DE WITT,CLINTON,US 61,US 61,Collision with:  Animal,On Roadway,Non-collision (single vehicle),Animal,None Indicated,,Dawn,Dry,Clear,None apparent,Non-intersection:  Non-junction/no special feature,Paved,,Property Damage Only,0,0,0,0,0,0,3000,1,1,,POINT (-90.569473281351 41.832579696968)
2014799955,14007500,05/14/2014,05-May,4-Wednesday,14:57,1400 Hours,District 2 (Northeast),MASON CITY,CERRO GORDO,US 65,US 65/S FEDERAL AVE,Collision with:  Non-motorist (see non-motorist section - NOT a unit),On Roadway,Non-collision (single vehicle),Other (explain in narrative):  Vision obstructed,None Indicated,,Daylight,Dry,Cloudy,None apparent,Non-intersection:  Alley,Paved,,Major Injury,0,1,1,0,0,0,35,1,1,,POINT (-93.201064180662 43.140582016008)
2014799264,2014004587,05/14/2014,05-May,4-Wednesday,16:06,1600 Hours,District 1 (Central),MARSHALLTOWN,MARSHALL,,S 6TH ST,Collision with:  Vehicle in traffic,On Roadway,Rear-end (front to rear),Followed too close,None Indicated,,Daylight,Dry,Clear,None apparent,Non-intersection:  Non-junction/no special feature,Paved,,Minor Injury,0,3,0,2,1,0,11000,3,4,,POINT (-92.922059433504 42.018327075139)
2014799004,6627-14,05/14/2014,05-May,4-Wednesday,17:28,1700 Hours,District 3 (Northwest),SPENCER,CLAY,US 18,US 18/365 ST PROPOSED US18 & US 71/11TH AVE SW/11TH ST SW,Collision with:  Vehicle in traffic,On Roadway,Rear-end (front to rear),Other (explain in narrative):  Other,None Indicated,,Daylight,Dry,Cloudy,None apparent,Intersection:  Four-way intersection,Paved,,Property Damage Only,0,0,0,0,0,0,2100,2,7,,POINT (-95.160653703198 43.126639475091)
2014799212,2014005334,05/14/2014,05-May,4-Wednesday,19:00,1900 Hours,District 6 (East Central),IOWA CITY,JOHNSON,US 6,US 6 & BOYRUM ST,Collision with:  Vehicle in traffic,On Roadway,Rear-end (front to rear),Followed too close,None Indicated,,Daylight,Dry,Cloudy,None apparent,Non-intersection:  Non-junction/no special feature,Paved,,Property Damage Only,0,0,0,0,0,0,1800,2,2,,POINT (-91.527804228832 41.644297500586)
2014799738,J14000356,05/14/2014,05-May,4-Wednesday,19:51,1900 Hours,District 6 (East Central),,JOHNSON,IA 22,IA 22/IOWA 22,Collision with fixed object:  Tree,Roadside,Non-collision (single vehicle),Swerving/Evasive Action,Alcohol (< Statutory),,Daylight,Dry,Cloudy,None apparent,Intersection:  Other intersection (explain in narrative),Paved,,Possible/Unknown,0,1,0,0,1,0,5000,1,3,,POINT (-91.497327477022 41.496368910477)
2014798923,20140013138,05/14/2014,05-May,4-Wednesday,06:00,0600 Hours,District 1 (Central),DES MOINES,POLK,US 69,US 69/E 15TH ST & E GRAND AVE,Collision with:  Vehicle in traffic,On Roadway,"Sideswipe, same direction",Ran off road - left,None Indicated,,Dawn,Dry,Clear,None apparent,Intersection:  Other intersection (explain in narrative),Paved,,Property Damage Only,0,0,0,0,0,0,7000,2,2,,POINT (-93.59528059346 41.593953145691)
2014798766,14009657,05/14/2014,05-May,4-Wednesday,01:54,0100 Hours,District 6 (East Central),MARION,LINN,,40TH ST SE & GLENBROOK DR,Non-collision events:  Other non-collision (explain in narrative),On Roadway,Non-collision (single vehicle),"Operating vehicle in an reckless, erratic, careless, negligent manner",Alcohol (Statutory),,Dark - roadway lighted,Dry,Clear,None apparent,Intersection:  T-intersection,Paved,,Property Damage Only,0,0,0,0,0,0,11000,1,2,,POINT (-91.628057829261 42.018061760516)
2014799679,2014028807,05/14/2014,05-May,4-Wednesday,00:20,0000 Hours,District 4 (Southwest),,POTTAWATTAMIE,I-80,I-80,Collision with:  Animal,,,Animal,None Indicated,,,,,,,Paved,,Property Damage Only,0,0,0,0,0,0,5000,1,1,,POINT (-95.255192480998 41.497455380939)
2014798906,14-3189,05/14/2014,05-May,4-Wednesday,15:09,1500 Hours,District 1 (Central),,POLK,US 6,US 6/SE RAMP,Collision with:  Vehicle in traffic,On Roadway,Rear-end (front to rear),Other (explain in narrative):  Other,None Indicated,,Daylight,Dry,Cloudy,None apparent,Interchange-related:  Off-ramp,Paved,,Property Damage Only,0,0,0,0,0,0,2200,2,4,,POINT (-93.5085769491 41.642693145994)