Iowa DOT Case Number,Law Enforcement Case Number,Date of Crash,Month of Crash,Day of Week,Time of Crash,Hour,DOT District,City Name,County Name,Route with System,Location Description,First Harmful Event,Location of First Harmful Event,Manner of Crash/Collision,Major Cause,Drug or Alcohol ,Environmental Conditions,Light Conditions,Surface Conditions,Weather Conditions,Roadway Contribution,Roadway Type,Roadway Surface,Work Zone,Crash Severity,Number of Fatalities,Number of Injuries,Number of Major Injuries,Number of Minor Injuries,Number of Possible Injuries,Number of Unknown Injuries,Amount of Property Damage,Number of Vehicles Involved,Total Number of Occupants,Travel Direction,Location
2014799184,CL14001475,05/14/2014,05-May,4-Wednesday,13:57,1300 Hours,District 6 (East Central),CLINTON,CLINTON,,13TH AVE N & 7TH ST NW,Collision with:  Vehicle in traffic,On Roadway,"Sideswipe, same direction",Made improper turn,None Indicated,,Daylight,Dry,Clear,None apparent,Non-intersection:  Non-junction/no special feature,Paved,,Possible/Unknown,0,1,0,0,1,0,4000,2,2,,POINT (-90.193644461826 41.859389973619)
2014798797,14-019075,05/14/2014,05-May,4-Wednesday,01:08,0100 Hours,District 4 (Southwest),COUNCIL BLUFFS,POTTAWATTAMIE,I-29,I-29,Collision with:  Animal,On Roadway,Non-collision (single vehicle),Animal,None Indicated,,Dark - roadway not lighted,Dry,Clear,None apparent,Non-intersection:  Non-junction/no special feature,Paved,,Property Damage Only,0,0,0,0,0,0,3000,1,1,,POINT (-95.89424831195 41.274125138802)
2014799339,S14-001686,05/15/2014,05-May,5-Thursday,16:05,1600 Hours,District 4 (Southwest),MINDEN,POTTAWATTAMIE,,Co Rd L66/340TH ST & TEAKWOOD RD,Collision with fixed object:  Ditch,Shoulder,Non-collision (single vehicle),Ran off road - left,None Indicated,,Daylight,Dry,Cloudy,None apparent,Non-intersection:  Non-junction/no special feature,Paved,,Property Damage Only,0,0,0,0,0,0,3500,1,1,,POINT (-95.536291187698 41.462686427923)
2014799426,,05/15/2014,05-May,5-Thursday,12:30,1200 Hours,District 4 (Southwest),ADEL,DALLAS,US 6,US 6/HWY 169,Collision with:  Vehicle in traffic,On Roadway,Rear-end (front to rear),Followed too close,None Indicated,,Daylight,Dry,Clear,None apparent,Non-intersection:  Non-junction/no special feature,Paved,,Property Damage Only,0,0,0,0,0,0,6000,2,2,,POINT (-94.016869375896 41.610380528938)
2014799052,201406803,05/15/2014,05-May,5-Thursday,17:06,1700 Hours,District 6 (East Central),CEDAR RAPIDS,LINN,,20TH AVE SW,Collision with:  Vehicle in traffic,On Roadway,Rear-end (front to rear),Followed too close,None Indicated,,Daylight,Wet,Rain,None apparent,Non-intersection:  Driveway access (within),Paved,,Property Damage Only,0,0,0,0,0,0,4500,2,2,,POINT (-91.729647699974 41.960211963988)
2014799855,201400023350,05/15/2014,05-May,5-Thursday,21:22,2100 Hours,District 5 (Southeast),OTTUMWA,WAPELLO,US 34,US 34 & E MAIN ST,Collision with fixed object:  Bridge overhead structure,On Roadway,Non-collision (single vehicle),Ran off road - left,None Indicated,,Dark - roadway lighted,Wet,Clear,None apparent,Non-intersection:  Other non-intersection (explain in narrative),Paved,,Property Damage Only,0,0,0,0,0,0,5000,1,2,,POINT (-92.388626883671 41.008431289594)
2014799087,20140013290,05/15/2014,05-May,5-Thursday,15:33,1500 Hours,District 1 (Central),DES MOINES,POLK,,HOLCOMB AVE & 6TH AVE,Collision with:  Vehicle in traffic,On Roadway,"Angle, oncoming left turn",Driving too fast for conditions,None Indicated,,Daylight,Wet,Cloudy,None apparent,Intersection:  Four-way intersection,Paved,,Possible/Unknown,0,2,0,0,2,0,10572,3,6,,POINT (-93.624800333032 41.616656844839)
2014801476,,05/15/2014,05-May,5-Thursday,08:56,0800 Hours,District 2 (Northeast),,FLOYD,US 18,US 18,Collision with:  Animal,On Roadway,Non-collision (single vehicle),Animal,None Indicated,,Daylight,Dry,Cloudy,None apparent,Non-intersection:  Non-junction/no special feature,Paved,,Property Damage Only,0,0,0,0,0,0,1500,1,4,,POINT (-92.784386623417 43.127192291051)
2014799173,14-004170,05/15/2014,05-May,5-Thursday,15:30,1500 Hours,District 6 (East Central),INDEPENDENCE,BUCHANAN,,1ST ST E,Collision with:  Vehicle in traffic,Outside trafficway,"Angle, oncoming left turn",Other (explain in narrative):  Other,None Indicated,,Daylight,Wet,Rain,None apparent,Non-intersection:  Driveway access (within),Paved,,Property Damage Only,0,0,0,0,0,0,2500,2,4,,POINT (-91.879554288354 42.468783674177)
2014799084,20140013282,05/15/2014,05-May,5-Thursday,14:44,1400 Hours,District 1 (Central),DES MOINES,POLK,,WALNUT ST & 3RD ST,Collision with:  Vehicle in traffic,On Roadway,Broadside (front to side),Ran Traffic Signal,None Indicated,,Daylight,Wet,Rain,None apparent,Intersection:  Four-way intersection,Paved,,Property Damage Only,0,0,0,0,0,0,6000,2,4,,POINT (-93.620959888789 41.586665561817)
2014806660,2014029233,05/15/2014,05-May,5-Thursday,18:11,1800 Hours,District 4 (Southwest),,HARRISON,I-29,I-29,Collision with:  Animal,,,Animal,None Indicated,,,,,,,Paved,,Property Damage Only,0,0,0,0,0,0,3500,1,1,,POINT (-96.051378716611 41.797022936996)
2014799165,W14-047557,05/15/2014,05-May,5-Thursday,12:49,1200 Hours,District 2 (Northeast),WATERLOO,BLACK HAWK,,E SHAULIS RD & HAMMOND AVE,Collision with:  Vehicle in traffic,On Roadway,Broadside (front to side),FTYROW:  Making left turn,None Indicated,,Daylight,Wet,Rain,None apparent,Intersection:  Four-way intersection,Paved,,Property Damage Only,0,0,0,0,0,0,10000,2,2,,POINT (-92.337031966585 42.443091893431)
2014799554,,05/15/2014,05-May,5-Thursday,07:22,0700 Hours,District 4 (Southwest),,ADAIR,,TRENTON AVE,Non-collision events:  Overturn/rollover,On Roadway,Non-collision (single vehicle),Swerving/Evasive Action,None Indicated,,Daylight,"Mud, dirt",Severe winds,None apparent,Non-intersection:  Non-junction/no special feature,Unpaved,,Possible/Unknown,0,1,0,0,1,0,1000,1,1,,POINT (-94.337230751572 41.409798762231)
2014799265,2014004609,05/15/2014,05-May,5-Thursday,05:59,0500 Hours,District 1 (Central),MARSHALLTOWN,MARSHALL,,W LINN ST,Collision with fixed object:  Tree,On Roadway,Non-collision (single vehicle),Swerving/Evasive Action,None Indicated,,Dawn,Dry,Clear,None apparent,Non-intersection:  Non-junction/no special feature,Paved,,Possible/Unknown,0,1,0,0,1,0,4100,1,1,,POINT (-92.923317716389 42.046689755828)
2014809967,143271PD,05/15/2014,05-May,5-Thursday,11:09,1100 Hours,District 1 (Central),BOONE,BOONE,,MAMIE EISENHOWER AVE & S BENTON ST,Collision with:  Vehicle in traffic,On Roadway,Rear-end (front to rear),Driver Distraction:  Inattentive/lost in thought,None Indicated,,Daylight,Dry,Cloudy,None apparent,Intersection:  Four-way intersection,Paved,,Possible/Unknown,0,1,0,0,1,0,4500,2,2,,POINT (-93.874963488617 42.059627939542)
2014800375,14-1561,05/15/2014,05-May,5-Thursday,22:26,2200 Hours,District 6 (East Central),,LINN,,JAPPA RD,Non-collision events:  Other non-collision (explain in narrative),Shoulder,Non-collision (single vehicle),Ran off road - right,None Indicated,,Dark - roadway not lighted,Wet,Rain,None apparent,Non-intersection:  Non-junction/no special feature,Paved,,Possible/Unknown,0,1,0,0,1,0,4000,1,1,,POINT (-91.579166871319 41.912722170617)
2014799658,2014-31378,05/15/2014,05-May,5-Thursday,16:52,1600 Hours,District 6 (East Central),DAVENPORT,SCOTT,,W 4TH ST & N DIVISION ST,Collision with:  Vehicle in traffic,On Roadway,Rear-end (front to rear),Lost Control,None Indicated,,Daylight,Wet,Rain,"Surface condition (e.g., wet, icy)",Intersection:  Four-way intersection,Paved,,Property Damage Only,0,0,0,0,0,0,1500,2,3,,POINT (-90.601193965728 41.523432008422)
2014799009,01-14-20490,05/15/2014,05-May,5-Thursday,18:22,1800 Hours,District 6 (East Central),DUBUQUE,DUBUQUE,,GRANDVIEW AVE N,Collision with:  Vehicle in traffic,On Roadway,Rear-end (front to rear),FTYROW:  From parked position,None Indicated,,Daylight,Wet,Rain,None apparent,Non-intersection:  Non-junction/no special feature,Paved,,Property Damage Only,0,0,0,0,0,0,2000,2,2,,POINT (-90.68689385078 42.492599850844)
2014800452,14--002378,05/15/2014,05-May,5-Thursday,09:37,0900 Hours,District 1 (Central),AMES,STORY,,DOUGLAS AVE,Collision with:  Parked motor vehicle,On Roadway,Unknown,Unknown,None Indicated,,Daylight,Unknown,Unknown,None apparent,Non-intersection:  Non-junction/no special feature,Paved,,Property Damage Only,0,0,0,0,0,0,2000,2,1,,POINT (-93.612331387364 42.035165743537)
2014804174,01-14-20449,05/15/2014,05-May,5-Thursday,13:23,1300 Hours,District 6 (East Central),DUBUQUE,DUBUQUE,IA 946,IA 946/IOWA 946,Collision with:  Vehicle in traffic,On Roadway,Rear-end (front to rear),Lost Control,None Indicated,,Daylight,Dry,Cloudy,None apparent,Intersection:  Other intersection (explain in narrative),Paved,,Property Damage Only,0,0,0,0,0,0,2000,2,4,,POINT (-90.664445569197 42.493855341279)
2014798909,14-3205,05/15/2014,05-May,5-Thursday,10:51,1000 Hours,District 1 (Central),DES MOINES,POLK,I-35,I-35 & IA 415/2ND AVE,Collision with:  Vehicle in traffic,On Roadway,Broadside (front to side),Ran Traffic Signal,None Indicated,,Daylight,Dry,Clear,None apparent,Intersection:  T-intersection,Paved,,Property Damage Only,0,0,0,0,0,0,3500,2,3,,POINT (-93.61999352053 41.648640355424)
2014801498,14047435,05/15/2014,05-May,5-Thursday,01:22,0100 Hours,District 2 (Northeast),CEDAR FALLS,BLACK HAWK,,CRESCENT DR & PARKGATE RD,Collision with fixed object:  Other fixed object (explain in narrative),On Roadway,Non-collision (single vehicle),Driver Distraction:  Manual operation of an electronic communication device,None Indicated,,Dark - roadway lighted,Dry,Clear,None apparent,Intersection:  T-intersection,Paved,,Minor Injury,0,1,0,1,0,0,2500,1,1,,POINT (-92.477185016166 42.537585854054)
2014799115,14-019396,05/15/2014,05-May,5-Thursday,23:15,2300 Hours,District 4 (Southwest),COUNCIL BLUFFS,POTTAWATTAMIE,,2ND AVE,Collision with:  Parked motor vehicle,On Roadway,Rear-end (front to rear),Equipment failure,None Indicated,,Dark - roadway lighted,Dry,Clear,None apparent,Non-intersection:  Non-junction/no special feature,Paved,,Property Damage Only,0,0,0,0,0,0,8000,2,1,,POINT (-95.903329928568 41.259783409507)
2014800442,GP20140372,05/15/2014,05-May,5-Thursday,14:01,1400 Hours,District 1 (Central),GRINNELL,POWESHIEK,IA 146,IA 146/WEST ST & 8TH AVE,Collision with:  Vehicle in traffic,On Roadway,Broadside (front to side),FTYROW:  From stop sign,None Indicated,,Daylight,Dry,Clear,None apparent,Intersection:  Other intersection (explain in narrative),Paved,,Possible/Unknown,0,1,0,0,1,0,13000,2,2,,POINT (-92.727382863049 41.749058550743)
2014799613,14-002036,05/15/2014,05-May,5-Thursday,21:40,2100 Hours,District 3 (Northwest),LARCHWOOD,LYON,,HOLDER ST,Collision with:  Parked motor vehicle,On Roadway,Rear-end (front to rear),Improper Backing,None Indicated,,Dark - roadway lighted,Dry,Clear,None apparent,Non-intersection:  Non-junction/no special feature,Paved,,Property Damage Only,0,0,0,0,0,0,2000,2,3,,POINT (-96.429508377419 43.452876885167)
2014799075,14-002116,05/15/2014,05-May,5-Thursday,15:30,1500 Hours,District 1 (Central),ANKENY,POLK,IA 160,IA 160/SE ORALABOR RD & SE HULSIZER DR,Collision with:  Vehicle in traffic,On Roadway,Broadside (front to side),FTYROW:  From stop sign,None Indicated,,Daylight,Dry,Clear,None apparent,Non-intersection:  Driveway access (within),Paved,,Property Damage Only,0,0,0,0,0,0,14000,2,2,,POINT (-93.58604432396 41.702906230258)
2014798929,20140013245,05/15/2014,05-May,5-Thursday,07:55,0700 Hours,District 1 (Central),DES MOINES,POLK,,GRAND AVE,Collision with:  Vehicle in traffic,On Roadway,Rear-end (front to rear),Improper or erratic lane changing,None Indicated,,Daylight,Dry,Cloudy,None apparent,Non-intersection:  Non-junction/no special feature,Paved,,Property Damage Only,0,0,0,0,0,0,4500,2,2,,POINT (-93.623146446536 41.588230000472)
2014798894,SO1401783,05/15/2014,05-May,5-Thursday,05:03,0500 Hours,District 5 (Southeast),,JEFFERSON,US 34,US 34,Collision with:  Animal,,,Animal,None Indicated,,,,,,,Paved,,Property Damage Only,0,0,0,0,0,0,3500,1,1,,POINT (-91.819187246319 40.99810399461)
2014799081,20140013280,05/15/2014,05-May,5-Thursday,14:33,1400 Hours,District 1 (Central),DES MOINES,POLK,US 69,US 69/SE 14TH ST,Collision with:  Vehicle in traffic,On Roadway,Rear-end (front to rear),Other (explain in narrative):  Other,None Indicated,,Daylight,Dry,Cloudy,None apparent,Non-intersection:  Other non-intersection (explain in narrative),Paved,,Property Damage Only,0,0,0,0,0,0,6000,2,2,,POINT (-93.596923382056 41.575605843156)
2014800978,1401067,05/15/2014,05-May,5-Thursday,14:21,1400 Hours,District 5 (Southeast),BLOOMFIELD,DAVIS,US 63,US 63/WASHINGTON ST & NORTH ST,Collision with:  Vehicle in traffic,On Roadway,"Sideswipe, same direction",FTYROW:  At uncontrolled intersection,None Indicated,,Daylight,Dry,Clear,None apparent,Non-intersection:  Non-junction/no special feature,Paved,,Property Damage Only,0,0,0,0,0,0,4500,2,3,,POINT (-92.413666994011 40.75469690037)
2014799248,14-2343,05/15/2014,05-May,5-Thursday,03:35,0300 Hours,District 6 (East Central),HIAWATHA,LINN,I-380,I-380,Collision with:  Animal,,,Animal,None Indicated,,,,,,,Paved,,Property Damage Only,0,0,0,0,0,0,5000,1,1,,POINT (-91.700451768432 42.06669206683)
2014799005,1405158161,05/15/2014,05-May,5-Thursday,22:07,2200 Hours,District 6 (East Central),DE WITT,CLINTON,US 67,US 67,Collision with fixed object:  Guardrail - face,Shoulder,Non-collision (single vehicle),"Operating vehicle in an reckless, erratic, careless, negligent manner",Refused,,Dark - roadway not lighted,Wet,Rain,None apparent,Non-intersection:  Non-junction/no special feature,Paved,,Possible/Unknown,0,1,0,0,1,0,22547,1,1,,POINT (-90.19422044728 41.915860523426)
2014799098,14-2222,05/15/2014,05-May,5-Thursday,19:37,1900 Hours,District 4 (Southwest),WEST DES MOINES,DALLAS,,JORDAN CREEK PKWY,Collision with:  Vehicle in traffic,On Roadway,Rear-end (front to rear),Followed too close,None Indicated,,Dusk,Dry,Clear,None apparent,Intersection:  Four-way intersection,Paved,,Property Damage Only,0,0,0,0,0,0,1500,2,2,,POINT (-93.808939345539 41.596755605601)
2014799448,14047579,05/15/2014,05-May,5-Thursday,14:49,1400 Hours,District 2 (Northeast),CEDAR FALLS,BLACK HAWK,IA 27,IA 27/SW RAMP/NW RAMP & UNIVERSITY AVE,Collision with:  Vehicle in traffic,On Roadway,"Angle, oncoming left turn",FTYROW:  Making left turn,None Indicated,,Daylight,Wet,Rain,None apparent,Intersection:  Four-way intersection,Paved,,Property Damage Only,0,0,0,0,0,0,7000,2,2,,POINT (-92.444047453811 42.513096200153)
2014799138,14000222,05/15/2014,05-May,5-Thursday,19:46,1900 Hours,District 5 (Southeast),ALBIA,MONROE,IA 5,IA 5/IOWA 5,Collision with:  Vehicle in traffic,On Roadway,"Sideswipe, same direction",Unknown,None Indicated,,Dusk,Wet,Rain,None apparent,Non-intersection:  Non-junction/no special feature,Paved,,Property Damage Only,0,0,0,0,0,0,2500,2,2,,POINT (-92.809101768855 41.01581295204)
2014799215,2014005359,05/15/2014,05-May,5-Thursday,16:00,1600 Hours,District 6 (East Central),IOWA CITY,JOHNSON,IA 1,IA 1/DODGE ST,Collision with:  Vehicle in traffic,On Roadway,Rear-end (front to rear),Driving too fast for conditions,None Indicated,,Daylight,Wet,Rain,None apparent,Non-intersection:  Driveway access (within),Paved,,Major Injury,0,1,1,0,0,0,7500,2,2,,POINT (-91.524607486936 41.672826238981)
2014798910,14-3198,05/15/2014,05-May,5-Thursday,03:00,0300 Hours,District 1 (Central),ELKHART,POLK,,NE 94TH AVE,Collision with:  Animal,On Roadway,Non-collision (single vehicle),Animal,None Indicated,,Dark - roadway not lighted,Wet,Rain,None apparent,Non-intersection:  Non-junction/no special feature,Paved,,Property Damage Only,0,0,0,0,0,0,12000,1,1,,POINT (-93.49949116933 41.731768364413)
2014799856,201400023405,05/15/2014,05-May,5-Thursday,16:30,1600 Hours,District 5 (Southeast),OTTUMWA,WAPELLO,,ADELINE RD & S MADISON AVE,Collision with:  Vehicle in traffic,On Roadway,"Sideswipe, opposite direction",Other (explain in narrative):  No improper action,None Indicated,,Daylight,Dry,Clear,None apparent,Non-intersection:  Non-junction/no special feature,Paved,,Property Damage Only,0,0,0,0,0,0,2050,2,4,,POINT (-92.409758503936 40.988453207174)
2014799272,14-020185,05/15/2014,05-May,5-Thursday,17:53,1700 Hours,District 5 (Southeast),MUSCATINE,MUSCATINE,,E 6TH ST,Collision with:  Vehicle in traffic,On Roadway,"Sideswipe, same direction",Over correcting/over steering,None Indicated,,Daylight,Wet,Rain,None apparent,Non-intersection:  Non-junction/no special feature,Paved,,Property Damage Only,0,0,0,0,0,0,2000,3,2,,POINT (-91.043755718495 41.427318442472)
2014799127,14-1440,05/15/2014,05-May,5-Thursday,20:09,2000 Hours,District 1 (Central),FORT DODGE,WEBSTER,,12TH AVE N,Collision with fixed object:  Utility pole/light support,Outside trafficway,Non-collision (single vehicle),Illegally Parked/Unattended,None Indicated,,Daylight,Dry,Cloudy,None apparent,Non-intersection:  Non-junction/no special feature,Paved,,Property Damage Only,0,0,0,0,0,0,1800,1,0,,POINT (-94.187143167799 42.516454890635)
2014799111,14-019282,05/15/2014,05-May,5-Thursday,09:30,0900 Hours,District 4 (Southwest),COUNCIL BLUFFS,POTTAWATTAMIE,,32ND AVE,Collision with:  Vehicle in traffic,On Roadway,Head-on (front to front),Other (explain in narrative):  Vision obstructed,None Indicated,,Daylight,Dry,Clear,None apparent,Non-intersection:  Railroad grade crossing,Paved,,Property Damage Only,0,0,0,0,0,0,2050,2,2,,POINT (-95.849704233912 41.228223994565)
2014799487,14-2355,05/15/2014,05-May,5-Thursday,17:15,1700 Hours,District 6 (East Central),HIAWATHA,LINN,,BOYSON RD & CENTER POINT RD,Collision with:  Vehicle in traffic,On Roadway,Rear-end (front to rear),Lost Control,None Indicated,,Daylight,Wet,Rain,None apparent,Intersection:  Four-way intersection,Paved,,Property Damage Only,0,0,0,0,0,0,2250,2,2,,POINT (-91.682454920906 42.046780989379)
2014799126,14-1433,05/15/2014,05-May,5-Thursday,07:46,0700 Hours,District 1 (Central),FORT DODGE,WEBSTER,,1ST AVE S & S 13TH ST,Collision with:  Vehicle in traffic,On Roadway,Broadside (front to side),Other (explain in narrative):  Vision obstructed,None Indicated,,Daylight,Dry,Clear,None apparent,Non-intersection:  Non-junction/no special feature,Paved,,Property Damage Only,0,0,0,0,0,0,6000,2,3,,POINT (-94.181097210391 42.505044114316)
2014799114,14-019361,05/15/2014,05-May,5-Thursday,18:05,1800 Hours,District 4 (Southwest),COUNCIL BLUFFS,POTTAWATTAMIE,I-80,I-80,Collision with:  Vehicle in traffic,On Roadway,"Sideswipe, same direction",Improper or erratic lane changing,None Indicated,,Daylight,Dry,Clear,None apparent,Non-intersection:  Non-junction/no special feature,Paved,,Property Damage Only,0,0,0,0,0,0,3250,2,2,,POINT (-95.903754365 41.232195333192)
2014798879,14-16193,05/15/2014,05-May,5-Thursday,14:21,1400 Hours,District 5 (Southeast),BURLINGTON,DES MOINES,,,Collision with:  Vehicle in traffic,On Roadway,Broadside (front to side),FTYROW:  From parked position,None Indicated,,Daylight,Dry,Cloudy,None apparent,Non-intersection:  Non-junction/no special feature,,,Property Damage Only,0,0,0,0,0,0,2800,2,2,,POINT (-96.643700149993 40.233091251414)
2014799216,2014005369,05/15/2014,05-May,5-Thursday,19:19,1900 Hours,District 6 (East Central),IOWA CITY,JOHNSON,,S 1ST AVE,Collision with:  Vehicle in traffic,On Roadway,Rear-end (front to rear),Followed too close,None Indicated,,Daylight,Wet,Rain,None apparent,Non-intersection:  Railroad grade crossing,Paved,,Possible/Unknown,0,2,0,0,2,0,9200,3,3,,POINT (-91.501996740453 41.649097913727)
2014799545,,05/15/2014,05-May,5-Thursday,19:40,1900 Hours,District 4 (Southwest),,MONTGOMERY,US 34,US 34,Collision with:  Animal,On Roadway,Non-collision (single vehicle),Animal,None Indicated,,Dusk,Dry,Clear,,Non-intersection:  Non-junction/no special feature,Paved,,Property Damage Only,0,0,0,0,0,0,3219,1,1,,POINT (-95.129053564894 41.000547288422)
2014799681,2014029228,05/15/2014,05-May,5-Thursday,17:30,1700 Hours,District 1 (Central),,POLK,I-35,I-35,Collision with:  Vehicle in traffic,On Roadway,"Sideswipe, same direction",Swerving/Evasive Action,None Indicated,,Daylight,Dry,Clear,None apparent,Non-intersection:  Non-junction/no special feature,Paved,,Property Damage Only,0,0,0,0,0,0,3000,2,5,,POINT (-93.58353190158 41.650983954937)
2014799049,201406795,05/15/2014,05-May,5-Thursday,15:24,1500 Hours,District 6 (East Central),CEDAR RAPIDS,LINN,IA 922,IA 922/1ST AVE W & 10TH ST SW & 10TH ST NW,Collision with:  Vehicle in traffic,On Roadway,Rear-end (front to rear),Driving too fast for conditions,None Indicated,,Daylight,Wet,Rain,None apparent,Intersection:  Four-way intersection,Paved,,Property Damage Only,0,0,0,0,0,0,2000,2,3,,POINT (-91.684517760157 41.972519862207)
2014799612,14-002038,05/15/2014,05-May,5-Thursday,21:37,2100 Hours,District 3 (Northwest),,LYON,,CHERRY AVE,Non-collision events:  Other non-collision (explain in narrative),On Roadway,Non-collision (single vehicle),Driving too fast for conditions,None Indicated,,Dark - roadway not lighted,Dry,Clear,None apparent,Intersection:  Four-way intersection,Unpaved,,Property Damage Only,0,0,0,0,0,0,5000,1,1,,POINT (-96.447388091415 43.335562716605)
2014799073,14-3218,05/15/2014,05-May,5-Thursday,16:30,1600 Hours,District 1 (Central),,POLK,,NE 50TH AVE,Collision with:  Vehicle in traffic,On Roadway,"Angle, oncoming left turn",Driver Distraction:  Passenger,None Indicated,,Daylight,Wet,Cloudy,"Surface condition (e.g., wet, icy)",Non-intersection:  Driveway access (within),Paved,,Property Damage Only,0,0,0,0,0,0,7000,2,4,,POINT (-93.604202944437 41.651318504683)
2014801171,01-14-20355,05/15/2014,05-May,5-Thursday,03:00,0300 Hours,District 6 (East Central),DUBUQUE,DUBUQUE,,JONES ST,Collision with:  Vehicle in traffic,On Roadway,"Sideswipe, opposite direction",Lost Control,None Indicated,,Dark - roadway lighted,Dry,Unknown,None apparent,Non-intersection:  Non-junction/no special feature,Paved,,Property Damage Only,0,0,0,0,0,0,4000,3,1,,POINT (-90.666067757515 42.49375332676)
2014802676,14000597,05/15/2014,05-May,5-Thursday,14:41,1400 Hours,District 1 (Central),,STORY,,Co Rd E18/130TH ST,Collision with fixed object:  Ditch,On Roadway,Non-collision (single vehicle),Ran off road - right,None Indicated,,Daylight,Wet,Rain,None apparent,Non-intersection:  Non-junction/no special feature,Paved,,Property Damage Only,0,0,0,0,0,0,8000,1,1,,POINT (-93.367535878322 42.166480517603)
2014799525,14-9051,05/15/2014,05-May,5-Thursday,15:31,1500 Hours,District 6 (East Central),BETTENDORF,SCOTT,I-74,I-74,Collision with:  Vehicle in traffic,On Roadway,Rear-end (front to rear),Driving too fast for conditions,None Indicated,,Daylight,Wet,Rain,None apparent,Non-intersection:  Other non-intersection (explain in narrative),Paved,,Possible/Unknown,0,1,0,0,1,0,4800,2,3,,POINT (-90.513216605787 41.519679852908)
2014810100,14-11890,05/15/2014,05-May,5-Thursday,09:24,0900 Hours,District 1 (Central),NEWTON,JASPER,,N 2ND AVE E & E 4TH ST N,Collision with:  Vehicle in traffic,On Roadway,Broadside (front to side),FTYROW:  From stop sign,None Indicated,,Daylight,Dry,Clear,None apparent,Intersection:  Four-way intersection,Paved,,Property Damage Only,0,0,0,0,0,0,2200,2,2,,POINT (-93.049804798747 41.700498637934)
2014798926,20140013225,05/15/2014,05-May,5-Thursday,00:43,0000 Hours,District 1 (Central),DES MOINES,POLK,,MCKINLEY AVE & SW 9TH ST,Collision with:  Vehicle in traffic,On Roadway,Broadside (front to side),FTYROW:  Making right turn on red signal,None Indicated,,Dark - roadway lighted,Wet,Rain,None apparent,Intersection:  Four-way intersection,Paved,,Property Damage Only,0,0,0,0,0,0,2500,2,2,,POINT (-93.625749537113 41.540954624824)
2014799286,14-0557,05/15/2014,05-May,5-Thursday,08:10,0800 Hours,District 1 (Central),CLIVE,POLK,,UNIVERSITY AVE,Collision with:  Vehicle in traffic,On Roadway,Rear-end (front to rear),Improper or erratic lane changing,None Indicated,,Daylight,Dry,Clear,None apparent,Intersection:  Four-way intersection,Paved,,Possible/Unknown,0,1,0,0,1,0,3000,2,2,,POINT (-93.780197922387 41.60044904301)
2014800528,2014029176,05/15/2014,05-May,5-Thursday,14:00,1400 Hours,District 6 (East Central),,CEDAR,I-80,I-80,Collision with:  Vehicle in traffic,On Roadway,Rear-end (front to rear),Unknown,None Indicated,,Daylight,Wet,"Sleet, hail",None apparent,Non-intersection:  Non-junction/no special feature,Paved,,Property Damage Only,0,0,0,0,0,0,5000,2,2,,POINT (-91.140894025748 41.64573273256)
2014799077,14-0558,05/15/2014,05-May,5-Thursday,17:10,1700 Hours,District 1 (Central),CLIVE,POLK,US 6,US 6/HICKMAN RD,Collision with:  Vehicle in traffic,On Roadway,Rear-end (front to rear),Followed too close,None Indicated,,Daylight,Wet,Cloudy,None apparent,Non-intersection:  Non-junction/no special feature,Paved,,Property Damage Only,0,0,0,0,0,0,1900,2,2,,POINT (-93.785233588702 41.614943344009)
2014799048,201406771,05/15/2014,05-May,5-Thursday,08:40,0800 Hours,District 6 (East Central),CEDAR RAPIDS,LINN,,8TH AVE SW & 2ND ST SW,Collision with:  Vehicle in traffic,On Roadway,Broadside (front to side),Ran Stop Sign,None Indicated,,Daylight,Dry,Cloudy,None apparent,Intersection:  Four-way intersection,Paved,,Possible/Unknown,0,1,0,0,1,0,6200,2,4,,POINT (-91.670182050762 41.969499629809)
2014799460,14-005185,05/15/2014,05-May,5-Thursday,20:39,2000 Hours,District 2 (Northeast),,FAYETTE,IA 93,IA 93/150TH ST,Collision with:  Animal,,,Animal,None Indicated,,,,,,,Paved,,Property Damage Only,0,0,0,0,0,0,3000,1,1,,POINT (-91.974336534615 42.847452222837)
2014799386,14-14965,05/15/2014,05-May,5-Thursday,07:46,0700 Hours,District 3 (Northwest),SIOUX CITY,WOODBURY,,LEIF DR & CHEYENNE BLVD,Collision with:  Vehicle in traffic,On Roadway,Broadside (front to side),FTYROW:  Making left turn,None Indicated,,Daylight,Dry,Clear,None apparent,Intersection:  T-intersection,Paved,,Property Damage Only,0,0,0,0,0,0,6000,2,2,,POINT (-96.391754620978 42.524009741632)
2014798930,20140013252,05/15/2014,05-May,5-Thursday,09:48,0900 Hours,District 1 (Central),DES MOINES,POLK,I-235,I-235,Collision with fixed object:  Concrete traffic barrier (median or right side),Median,Non-collision (single vehicle),Ran off road - right,None Indicated,,Daylight,Dry,Cloudy,None apparent,Non-intersection:  Non-junction/no special feature,Paved,,Possible/Unknown,0,1,0,0,1,0,4000,1,1,,POINT (-93.680001103231 41.591474653686)
2014799762,20140013293,05/15/2014,05-May,5-Thursday,16:21,1600 Hours,District 1 (Central),DES MOINES,POLK,,INDIANOLA AVE,Collision with:  Vehicle in traffic,On Roadway,"Angle, oncoming left turn",FTYROW:  Making left turn,None Indicated,,Daylight,Wet,Cloudy,None apparent,Non-intersection:  Other non-intersection (explain in narrative),Paved,,Property Damage Only,0,0,0,0,0,0,3000,2,4,,POINT (-93.59807314558 41.554603869997)