Iowa DOT Case Number,Law Enforcement Case Number,Date of Crash,Month of Crash,Day of Week,Time of Crash,Hour,DOT District,City Name,County Name,Route with System,Location Description,First Harmful Event,Location of First Harmful Event,Manner of Crash/Collision,Major Cause,Drug or Alcohol ,Environmental Conditions,Light Conditions,Surface Conditions,Weather Conditions,Roadway Contribution,Roadway Type,Roadway Surface,Work Zone,Crash Severity,Number of Fatalities,Number of Injuries,Number of Major Injuries,Number of Minor Injuries,Number of Possible Injuries,Number of Unknown Injuries,Amount of Property Damage,Number of Vehicles Involved,Total Number of Occupants,Travel Direction,Location
2014799374,14-1451,05/16/2014,05-May,6-Friday,14:10,1400 Hours,District 1 (Central),FORT DODGE,WEBSTER,,2ND AVE N & N 25TH ST,Collision with:  Vehicle in traffic,On Roadway,Broadside (front to side),FTYROW:  From stop sign,None Indicated,,Daylight,Dry,Cloudy,None apparent,Intersection:  T-intersection,Paved,,Property Damage Only,0,0,0,0,0,0,10000,2,2,,POINT (-94.165373187715 42.508384116665)
2014799461,14-005208,05/16/2014,05-May,6-Friday,16:30,1600 Hours,District 2 (Northeast),ELGIN,FAYETTE,,CENTER ST,Collision with:  Vehicle in traffic,On Roadway,"Sideswipe, same direction",Other (explain in narrative):  Vision obstructed,None Indicated,,Daylight,Dry,Clear,None apparent,Non-intersection:  Non-junction/no special feature,Paved,,Property Damage Only,0,0,0,0,0,0,4000,2,2,,POINT (-91.630176798418 42.957351306662)
2014799295,20140013385,05/16/2014,05-May,6-Friday,13:35,1300 Hours,District 1 (Central),DES MOINES,POLK,US 6,US 6/DOUGLAS AVE & 38TH ST,Collision with:  Vehicle in traffic,On Roadway,Rear-end (front to rear),FTYROW:  Other (explain in narrative),None Indicated,,Daylight,Dry,Cloudy,None apparent,Intersection:  Four-way intersection,Paved,,Minor Injury,0,1,0,1,0,0,1000,2,2,,POINT (-93.66840759662 41.62952603126)
2014802169,,05/16/2014,05-May,6-Friday,15:15,1500 Hours,District 2 (Northeast),,WINNESHIEK,,Co Rd B16/CO RD B16 & 303RD AVE,Non-collision events:  Other non-collision (explain in narrative),On Roadway,Non-collision (single vehicle),Other (explain in narrative):  No improper action,None Indicated,,Daylight,Dry,Cloudy,None apparent,Non-intersection:  Non-junction/no special feature,Paved,,Property Damage Only,0,0,0,0,0,0,15000,1,1,,POINT (-91.99776118302 43.220031963366)
2014799283,14-002127,05/16/2014,05-May,6-Friday,08:05,0800 Hours,District 1 (Central),ANKENY,POLK,,NE 9TH ST & NE GRANT ST,Collision with:  Vehicle in traffic,On Roadway,Broadside (front to side),Ran Stop Sign,None Indicated,,Daylight,Dry,Clear,None apparent,Intersection:  Four-way intersection,Paved,,Property Damage Only,0,0,0,0,0,0,2000,2,4,,POINT (-93.598514961089 41.738644980332)
2014799125,14-0273,05/16/2014,05-May,6-Friday,06:10,0600 Hours,District 1 (Central),FORT DODGE,WEBSTER,,Co Rd P59/NELSON AVE,Collision with fixed object:  Ditch,Shoulder,Non-collision (single vehicle),Ran off road - right,None Indicated,,Dawn,Dry,Clear,None apparent,Non-intersection:  Non-junction/no special feature,Paved,,Possible/Unknown,0,1,0,0,1,0,0,1,1,,POINT (-94.125871940483 42.443721411973)
2014799284,14-002131,05/16/2014,05-May,6-Friday,11:30,1100 Hours,District 1 (Central),ANKENY,POLK,US 69,US 69/S ANKENY BLVD & SW 3RD ST & SE 3RD ST,Collision with:  Vehicle in traffic,On Roadway,Rear-end (front to rear),Other (explain in narrative):  Other,None Indicated,,Daylight,Dry,Clear,None apparent,Non-intersection:  Non-junction/no special feature,Paved,,Possible/Unknown,0,1,0,0,1,0,800,2,3,,POINT (-93.600367019754 41.729619283243)
2014799310,20140013399,05/16/2014,05-May,6-Friday,16:01,1600 Hours,District 1 (Central),DES MOINES,POLK,,UNIVERSITY AVE & 6TH AVE,Collision with:  Vehicle in traffic,On Roadway,Rear-end (front to rear),Followed too close,None Indicated,,Daylight,Dry,Clear,None apparent,Non-intersection:  Non-junction/no special feature,Paved,,Property Damage Only,0,0,0,0,0,0,3000,2,2,,POINT (-93.625739250145 41.600790026847)
2014799170,W14-048007,05/16/2014,05-May,6-Friday,17:54,1700 Hours,District 2 (Northeast),WATERLOO,BLACK HAWK,,BELMONT AVE,Collision with:  Vehicle in traffic,On Roadway,Broadside (front to side),Lost Control,Refused,,Daylight,Dry,Clear,None apparent,Non-intersection:  Other non-intersection (explain in narrative),Paved,,Property Damage Only,0,0,0,0,0,0,5000,3,2,,POINT (-92.355035969283 42.493249284817)
2014799475,C14001499,05/16/2014,05-May,6-Friday,16:08,1600 Hours,District 6 (East Central),CORALVILLE,JOHNSON,,CORAL RIDGE AVE & OAKDALE BLVD,Collision with:  Vehicle in traffic,On Roadway,Rear-end (front to rear),Other (explain in narrative):  Other,None Indicated,,Daylight,Dry,Clear,None apparent,Intersection:  Four-way intersection,Paved,,Property Damage Only,0,0,0,0,0,0,20000,2,3,,POINT (-91.608122337963 41.708454438357)
2014799526,14-9112,05/16/2014,05-May,6-Friday,21:08,2100 Hours,District 6 (East Central),BETTENDORF,SCOTT,,MIDDLE RD & SPRUCE HILLS DR & 23RD ST,Collision with:  Vehicle in traffic,On Roadway,Rear-end (front to rear),Followed too close,None Indicated,,Dark - roadway lighted,Dry,Clear,None apparent,Intersection:  Four-way intersection,Paved,,Property Damage Only,0,0,0,0,0,0,3000,2,3,,POINT (-90.498397552958 41.546917700464)
2014799327,14-1058,05/16/2014,05-May,6-Friday,18:02,1800 Hours,District 1 (Central),URBANDALE,POLK,,DOUGLAS AVE & 79TH ST & DENNIS DR,Collision with:  Vehicle in traffic,On Roadway,"Angle, oncoming left turn",FTYROW:  From yield sign,None Indicated,,Daylight,Dry,Clear,None apparent,Intersection:  Four-way intersection,Paved,,Property Damage Only,0,0,0,0,0,0,20000,2,4,,POINT (-93.726773984044 41.629252893875)
2014798977,W14-047769,05/16/2014,05-May,6-Friday,01:50,0100 Hours,District 2 (Northeast),WATERLOO,BLACK HAWK,,GABLE ST & E 4TH ST,Unknown,Unknown,Unknown,Unknown,None Indicated,,Dark - roadway lighted,Dry,Clear,None apparent,Intersection:  Four-way intersection,Paved,,Property Damage Only,0,0,0,0,0,0,9100,2,2,,POINT (-92.332739406706 42.515257942516)
2014799102,14-2243,05/16/2014,05-May,6-Friday,14:26,1400 Hours,District 1 (Central),WEST DES MOINES,POLK,IA 28,IA 28/63RD ST,Collision with:  Vehicle in traffic,On Roadway,"Sideswipe, same direction","Operating vehicle in an reckless, erratic, careless, negligent manner",None Indicated,,Daylight,Dry,Clear,None apparent,Non-intersection:  Non-junction/no special feature,Paved,,Property Damage Only,0,0,0,0,0,0,4000,2,3,,POINT (-93.703224005744 41.569951751846)
2014799893,14-007004,05/16/2014,05-May,6-Friday,11:45,1100 Hours,District 6 (East Central),TIPTON,CEDAR,IA 38,IA 38/CEDAR ST,Collision with:  Vehicle in traffic,On Roadway,Rear-end (front to rear),Driver Distraction:  Inattentive/lost in thought,None Indicated,,Daylight,Dry,Clear,None apparent,Non-intersection:  Non-junction/no special feature,Paved,,Possible/Unknown,0,1,0,0,1,0,21000,2,1,,POINT (-91.128398064842 41.770288852982)
2014804353,,05/16/2014,05-May,6-Friday,15:39,1500 Hours,District 2 (Northeast),NEW HAMPTON,CHICKASAW,,S LINN AVE & W HAMILTON ST,Collision with:  Non-motorist (see non-motorist section - NOT a unit),On Roadway,Non-collision (single vehicle),Swerving/Evasive Action,None Indicated,,Daylight,Dry,Cloudy,None apparent,Non-intersection:  Non-junction/no special feature,Paved,,Major Injury,0,1,1,0,0,0,0,1,1,,POINT (-92.317839907946 43.057456041318)
2014799946,14007659,05/16/2014,05-May,6-Friday,16:20,1600 Hours,District 2 (Northeast),MASON CITY,CERRO GORDO,,15TH ST SE & S VIRGINIA AVE,Collision with:  Vehicle in traffic,On Roadway,Broadside (front to side),FTYROW:  From stop sign,None Indicated,,Daylight,Dry,Cloudy,None apparent,Intersection:  Four-way intersection,Paved,,Property Damage Only,0,0,0,0,0,0,3000,2,2,,POINT (-93.186175082934 43.137275410095)
2014802506,,05/16/2014,05-May,6-Friday,20:56,2000 Hours,District 2 (Northeast),,WINNESHIEK,,Co Rd W42/CO RD W42,Collision with:  Animal,On Roadway,Non-collision (single vehicle),Animal,None Indicated,,Dark - roadway not lighted,Dry,Clear,None apparent,Non-intersection:  Non-junction/no special feature,Paved,,Property Damage Only,0,0,0,0,0,0,3500,1,4,,POINT (-91.733750674994 43.266642097016)
2014799346,14-019542,05/16/2014,05-May,6-Friday,21:20,2100 Hours,District 4 (Southwest),COUNCIL BLUFFS,POTTAWATTAMIE,,32ND AVE & MANAWA CENTRE DR,Collision with:  Vehicle in traffic,On Roadway,Broadside (front to side),Ran Stop Sign,None Indicated,,Dark - roadway lighted,Dry,Clear,None apparent,Intersection:  T-intersection,Paved,,Property Damage Only,0,0,0,0,0,0,2500,2,4,,POINT (-95.847531847785 41.228196721329)
2014800511,2014029454,05/16/2014,05-May,6-Friday,18:35,1800 Hours,District 6 (East Central),,JOHNSON,I-80,I-80,Collision with:  Vehicle in traffic,On Roadway,Rear-end (front to rear),Swerving/Evasive Action,None Indicated,,Daylight,Dry,Clear,None apparent,Non-intersection:  Non-junction/no special feature,Paved,,Property Damage Only,0,0,0,0,0,0,6000,2,3,,POINT (-91.744746574938 41.693779839041)
2014799363,2014-9771,05/16/2014,05-May,6-Friday,17:13,1700 Hours,District 6 (East Central),,SCOTT,US 61,US 61/NERAMP/SERAMP & 267 ST,Collision with:  Vehicle in traffic,On Roadway,Rear-end (front to rear),Driver Distraction:  Passenger,None Indicated,,Daylight,Dry,Clear,None apparent,Interchange-related:  Off-ramp,Paved,,Property Damage Only,0,0,0,0,0,0,2000,2,4,,POINT (-90.565062352083 41.69498995344)
2014799857,201400023435,05/16/2014,05-May,6-Friday,02:17,0200 Hours,District 5 (Southeast),OTTUMWA,WAPELLO,US 34,US 34/SW RAMP & US 63,Collision with fixed object:  Curb/island/raised median,Median,Non-collision (single vehicle),Crossed centerline (undivided),Drug,,Dark - roadway not lighted,Dry,Clear,None apparent,Intersection:  Other intersection (explain in narrative),Paved,,Property Damage Only,0,0,0,0,0,0,5100,1,1,,POINT (-92.404842819507 40.999679148909)
2014799091,20140013349,05/16/2014,05-May,6-Friday,08:00,0800 Hours,District 1 (Central),DES MOINES,POLK,,PLEASANTVIEW DR & SW 12TH ST,Collision with:  Vehicle in traffic,On Roadway,Broadside (front to side),FTYROW:  From stop sign,None Indicated,,Daylight,Dry,Clear,None apparent,Intersection:  Four-way intersection,Paved,,Property Damage Only,0,0,0,0,0,0,6000,2,2,,POINT (-93.630547545743 41.557249662321)
2014800166,20140013443,05/16/2014,05-May,6-Friday,21:30,2100 Hours,District 1 (Central),DES MOINES,POLK,,E DOUGLAS AVE & COLFAX AVE,Collision with:  Vehicle in traffic,On Roadway,Broadside (front to side),Followed too close,Refused,,Dark - roadway lighted,Dry,Clear,None apparent,Non-intersection:  Non-junction/no special feature,Paved,,Property Damage Only,0,0,0,0,0,0,2500,2,3,,POINT (-93.550972535928 41.629572431194)
2014799180,1405162791,05/16/2014,05-May,6-Friday,15:55,1500 Hours,District 6 (East Central),,CLINTON,IA 136,IA 136/IOWA 136,Collision with fixed object:  Ditch,Roadside,Non-collision (single vehicle),Ran off road - right,Alcohol (Statutory),,Daylight,Dry,Cloudy,None apparent,Non-intersection:  Non-junction/no special feature,Paved,,Minor Injury,0,1,0,1,0,0,2250,1,1,,POINT (-90.344043058767 41.949901676204)
2014806809,32036-14,05/16/2014,05-May,6-Friday,22:35,2200 Hours,District 3 (Northwest),ESTHERVILLE,EMMET,IA 4,IA 4/S 9TH ST,Collision with:  Animal,,,Animal,None Indicated,,,,,,,Paved,,Property Damage Only,0,0,0,0,0,0,2000,1,1,,POINT (-94.833101910199 43.392098651496)
2014799082,20140013339,05/16/2014,05-May,6-Friday,06:55,0600 Hours,District 1 (Central),DES MOINES,POLK,,WATROUS AVE & FLEUR DR,Collision with:  Vehicle in traffic,On Roadway,"Angle, oncoming left turn",FTYROW:  Making left turn,None Indicated,,Daylight,Dry,Clear,None apparent,Intersection:  Four-way intersection,Paved,,Property Damage Only,0,0,0,0,0,0,2000,2,2,,POINT (-93.645003960258 41.548225227773)
2014803610,,05/16/2014,05-May,6-Friday,21:52,2100 Hours,District 4 (Southwest),,ADAIR,,Co Rd P33/HENRY A WALLACE RD,Collision with:  Animal,On Roadway,Non-collision (single vehicle),Animal,None Indicated,,Dark - roadway not lighted,Dry,Clear,None apparent,Non-intersection:  Non-junction/no special feature,Paved,,Property Damage Only,0,0,0,0,0,0,2500,1,1,,POINT (-94.357033072457 41.174769688987)
2014800879,2014-31503,05/16/2014,05-May,6-Friday,07:10,0700 Hours,District 6 (East Central),DAVENPORT,SCOTT,US 6,US 6/E KIMBERLY RD & JERSEY RIDGE RD,Collision with:  Vehicle in traffic,On Roadway,Broadside (front to side),Other (explain in narrative):  No improper action,None Indicated,,Daylight,Wet,Rain,"Surface condition (e.g., wet, icy)",Non-intersection:  Non-junction/no special feature,Paved,,Property Damage Only,0,0,0,0,0,0,3500,2,2,,POINT (-90.541695492682 41.556858405524)
2014799320,20140013445,05/16/2014,05-May,6-Friday,21:42,2100 Hours,District 1 (Central),DES MOINES,POLK,,SE 6TH ST,Collision with:  Parked motor vehicle,On Roadway,Rear-end (front to rear),Illegally Parked/Unattended,Alcohol (Statutory),,Dark - roadway lighted,Dry,Clear,None apparent,Non-intersection:  Non-junction/no special feature,Paved,,Property Damage Only,0,0,0,0,0,0,13000,2,1,,POINT (-93.605295523141 41.569121867873)
2014800545,14-007013,05/16/2014,05-May,6-Friday,14:55,1400 Hours,District 6 (East Central),TIPTON,CEDAR,,4TH ST & SYCAMORE ST,Collision with:  Vehicle in traffic,On Roadway,Broadside (front to side),FTYROW:  From driveway,None Indicated,,Daylight,Dry,Clear,None apparent,Non-intersection:  Driveway access (within),Paved,,Property Damage Only,0,0,0,0,0,0,1600,2,2,,POINT (-91.131215859038 41.768956745599)
2014799219,2014005408,05/16/2014,05-May,6-Friday,15:43,1500 Hours,District 6 (East Central),IOWA CITY,JOHNSON,,MORMON TREK BLVD,Collision with:  Vehicle in traffic,On Roadway,Rear-end (front to rear),Followed too close,None Indicated,,Daylight,Dry,Cloudy,None apparent,Non-intersection:  Non-junction/no special feature,Paved,,Property Damage Only,0,0,0,0,0,0,10000,2,4,,POINT (-91.574172356221 41.643450029076)
2014799340,S14-001691,05/16/2014,05-May,6-Friday,01:29,0100 Hours,District 4 (Southwest),,POTTAWATTAMIE,,Co Rd L20/OLD LINCOLN HWY & MAHOGANY RD,Collision with fixed object:  Ditch,On Roadway,Non-collision (single vehicle),Crossed centerline (undivided),None Indicated,,Dark - roadway not lighted,Dry,Clear,None apparent,Non-intersection:  Non-junction/no special feature,Paved,,Possible/Unknown,0,1,0,0,0,1,10000,1,1,,POINT (-95.843410527595 41.38684578527)
2014803051,140516DH01,05/16/2014,05-May,6-Friday,07:50,0700 Hours,District 3 (Northwest),ORANGE CITY,SIOUX,IA 10,IA 10/8TH ST SW/8TH ST SE & ALBANY AVE SE & ALBANY PL SE,Collision with:  Vehicle in traffic,On Roadway,Rear-end (front to rear),Driver Distraction:  Manual operation of an electronic communication device,None Indicated,,Daylight,Dry,Clear,None apparent,Intersection:  Four-way intersection,Paved,,Property Damage Only,0,0,0,0,0,0,2000,2,2,,POINT (-96.056822887198 42.997532300637)
2014806543,032-054-14,05/16/2014,05-May,6-Friday,14:49,1400 Hours,District 3 (Northwest),ESTHERVILLE,EMMET,,14TH AVE N,Collision with:  Vehicle in traffic,On Roadway,Rear-end (front to rear),"Operating vehicle in an reckless, erratic, careless, negligent manner",None Indicated,,Daylight,Dry,Cloudy,None apparent,Non-intersection:  Non-junction/no special feature,Paved,,Property Damage Only,0,0,0,0,0,0,5500,2,1,,POINT (-94.832186152237 43.413741396672)
2014799227,201401571,05/16/2014,05-May,6-Friday,16:19,1600 Hours,District 6 (East Central),,LINN,I-380,I-380,Collision with:  Vehicle in traffic,On Roadway,"Sideswipe, same direction",Crossed centerline (undivided),None Indicated,,Daylight,Dry,Cloudy,None apparent,Non-intersection:  Non-junction/no special feature,Paved,,Property Damage Only,0,0,0,0,0,0,1500,2,3,,POINT (-91.748493107818 42.150543138497)
2014799369,2014-10139,05/16/2014,05-May,6-Friday,12:05,1200 Hours,District 5 (Southeast),INDIANOLA,WARREN,IA 92,IA 92/E 2ND AVE & S 12TH ST,Collision with:  Vehicle in traffic,On Roadway,"Angle, oncoming left turn",FTYROW:  Making left turn,None Indicated,,Daylight,Dry,Clear,None apparent,Intersection:  Four-way intersection,Paved,,Property Damage Only,0,0,0,0,0,0,4000,2,2,,POINT (-93.544276338975 41.35798577721)
2014800509,2014029273,05/16/2014,05-May,6-Friday,05:27,0500 Hours,District 6 (East Central),CORALVILLE,JOHNSON,I-80,I-80,Collision with:  Parked motor vehicle,Shoulder,Rear-end (front to rear),Ran off road - right,None Indicated,,Dawn,Wet,Rain,None apparent,Non-intersection:  Non-junction/no special feature,Paved,,Possible/Unknown,0,1,0,0,1,0,16000,2,1,,POINT (-91.617094807949 41.694160857624)
2014800905,2014-31531,05/16/2014,05-May,6-Friday,08:54,0800 Hours,District 6 (East Central),DAVENPORT,SCOTT,,W 14TH ST,Collision with:  Vehicle in traffic,On Roadway,Broadside (front to side),FTYROW:  From driveway,None Indicated,,Daylight,Wet,Rain,None apparent,Non-intersection:  Driveway access (within),Paved,,Minor Injury,0,2,0,2,0,0,3500,2,4,,POINT (-90.578974188155 41.534053030974)
2014799854,201400023528,05/16/2014,05-May,6-Friday,14:30,1400 Hours,District 5 (Southeast),OTTUMWA,WAPELLO,,FOX-SAUK RD & OAK MEADOW DR,Collision with:  Vehicle in traffic,On Roadway,Broadside (front to side),Ran Stop Sign,None Indicated,,Daylight,Dry,Clear,None apparent,Intersection:  Four-way intersection,Paved,,Property Damage Only,0,0,0,0,0,0,12700,2,2,,POINT (-92.404220159364 41.064822657578)
2014799204,P14-005840,05/16/2014,05-May,6-Friday,07:34,0700 Hours,District 1 (Central),WEBSTER CITY,HAMILTON,,2ND ST & BROADWAY ST,Collision with:  Vehicle in traffic,On Roadway,Broadside (front to side),FTYROW:  From stop sign,None Indicated,,Daylight,Dry,Clear,None apparent,Intersection:  Four-way intersection,Paved,,Property Damage Only,0,0,0,0,0,0,4000,2,2,,POINT (-93.826335447459 42.469489448888)
2014800835,20140013434,05/16/2014,05-May,6-Friday,21:16,2100 Hours,District 1 (Central),DES MOINES,POLK,I-235,I-235,Collision with:  Vehicle in traffic,On Roadway,"Sideswipe, same direction",Unknown,None Indicated,,Dark - roadway lighted,Dry,Clear,None apparent,Non-intersection:  Non-junction/no special feature,Paved,,Property Damage Only,0,0,0,0,0,0,2500,2,3,,POINT (-93.616965651937 41.595577218629)
2014799196,01-14-20664,05/16/2014,05-May,6-Friday,14:58,1400 Hours,District 6 (East Central),DUBUQUE,DUBUQUE,US 20,US 20/DODGE ST,Collision with:  Vehicle in traffic,On Roadway,"Angle, oncoming left turn",FTYROW:  Making left turn,None Indicated,,Daylight,Dry,Cloudy,None apparent,Non-intersection:  Driveway access (within),Paved,,Property Damage Only,0,0,0,0,0,0,3500,2,4,,POINT (-90.743772527977 42.487394562033)
2014835386,14011490,05/16/2014,05-May,6-Friday,07:00,0700 Hours,District 5 (Southeast),PLEASANTVILLE,MARION,,DALLAS ST,Collision with:  Parked motor vehicle,On Roadway,Unknown,Unknown,None Indicated,,Daylight,Dry,Clear,None apparent,Non-intersection:  Non-junction/no special feature,Paved,,Property Damage Only,0,0,0,0,0,0,1500,2,1,,POINT (-93.270923043289 41.387751349859)
2014799331,14-2246,05/16/2014,05-May,6-Friday,15:57,1500 Hours,District 1 (Central),WEST DES MOINES,POLK,I-35,I-35,Collision with:  Vehicle in traffic,On Roadway,"Sideswipe, same direction",Driver Distraction:  Passenger,None Indicated,,Daylight,Dry,Clear,Work Zone (roadway-related),Interchange-related:  On-ramp merge area,Paved,Yes,Property Damage Only,0,0,0,0,0,0,13000,2,3,,POINT (-93.776773918335 41.563074228288)
2014799201,01-14-20604,05/16/2014,05-May,6-Friday,11:07,1100 Hours,District 6 (East Central),DUBUQUE,DUBUQUE,,E 17TH ST & JACKSON ST,Collision with:  Vehicle in traffic,On Roadway,Broadside (front to side),Ran Stop Sign,None Indicated,,Daylight,Dry,Clear,None apparent,Intersection:  Four-way intersection,Paved,,Possible/Unknown,0,1,0,0,1,0,10000,2,2,,POINT (-90.667116772532 42.509389739619)
2014799217,2014005380,05/16/2014,05-May,6-Friday,00:55,0000 Hours,District 6 (East Central),IOWA CITY,JOHNSON,I-80,I-80,Collision with fixed object:  Ditch,On Roadway,Non-collision (single vehicle),Swerving/Evasive Action,None Indicated,,Dark - roadway lighted,Wet,Cloudy,"Surface condition (e.g., wet, icy)",Non-intersection:  Non-junction/no special feature,Paved,,Property Damage Only,0,0,0,0,0,0,10000,1,1,,POINT (-91.503788574062 41.686850857758)
2014799231,201406850,05/16/2014,05-May,6-Friday,15:38,1500 Hours,District 6 (East Central),CEDAR RAPIDS,LINN,,C ST RD SW,Collision with:  Vehicle in traffic,On Roadway,Rear-end (front to rear),Other (explain in narrative):  Other,None Indicated,,Daylight,Dry,Cloudy,None apparent,Non-intersection:  Non-junction/no special feature,Paved,,Property Damage Only,0,0,0,0,0,0,4750,2,2,,POINT (-91.63734255099 41.922523976469)
2014799224,201400001581,05/16/2014,05-May,6-Friday,22:32,2200 Hours,District 6 (East Central),,LINN,IA 13,IA 13/IOWA 13,Collision with:  Animal,,,Animal,None Indicated,,,,,,,Paved,,Property Damage Only,0,0,0,0,0,0,5000,1,1,,POINT (-91.550231907936 42.083274203381)
2014799094,20140013375,05/16/2014,05-May,6-Friday,12:17,1200 Hours,District 1 (Central),DES MOINES,POLK,US 69,US 69/SE 14TH ST,Collision with:  Vehicle in traffic,On Roadway,Rear-end (front to rear),Driving too fast for conditions,None Indicated,,Daylight,Dry,Clear,None apparent,Non-intersection:  Driveway access (within),Paved,,Property Damage Only,0,0,0,0,0,0,2000,2,2,,POINT (-93.596791039553 41.55470961168)
2014799642,14-1055,05/16/2014,05-May,6-Friday,10:00,1000 Hours,District 1 (Central),URBANDALE,POLK,I-35,I-35,Collision with:  Vehicle in traffic,On Roadway,"Sideswipe, same direction",Lost Control,None Indicated,,Daylight,Dry,Clear,None apparent,Non-intersection:  Non-junction/no special feature,Paved,,Property Damage Only,0,0,0,0,0,0,2500,2,2,,POINT (-93.76429948706 41.651383245563)
2014799690,2014029920,05/16/2014,05-May,6-Friday,05:20,0500 Hours,District 6 (East Central),,JACKSON,US 61,US 61,Collision with:  Animal,On Roadway,Non-collision (single vehicle),Animal,None Indicated,,Dark - roadway not lighted,Dry,Clear,None apparent,Non-intersection:  Non-junction/no special feature,Paved,,Property Damage Only,0,0,0,0,0,0,2500,1,1,,POINT (-90.676135822905 42.141592286836)
2014800386,14-011533,05/16/2014,05-May,6-Friday,20:33,2000 Hours,District 5 (Southeast),,MARION,IA 92,IA 92/IOWA 92 & Co Rd T17/HWY T17,Collision with fixed object:  Ditch,,,Ran off road - straight,None Indicated,,,,,,,Paved,,Property Damage Only,0,0,0,0,0,0,3000,1,1,,POINT (-92.948154900361 41.306367824556)
2014799218,2014005407,05/16/2014,05-May,6-Friday,15:42,1500 Hours,District 6 (East Central),IOWA CITY,JOHNSON,,S 1ST AVE,Collision with:  Vehicle in traffic,On Roadway,Rear-end (front to rear),Other (explain in narrative):  Other,None Indicated,,Daylight,Dry,Cloudy,None apparent,Non-intersection:  Non-junction/no special feature,Paved,,Property Damage Only,0,0,0,0,0,0,2000,2,5,,POINT (-91.501986612487 41.649016719573)
2014799342,S14-001704,05/16/2014,05-May,6-Friday,20:22,2000 Hours,District 4 (Southwest),,POTTAWATTAMIE,,JUNIPER RD,Collision with fixed object:  Ditch,Roadside,Non-collision (single vehicle),Ran off road - right,None Indicated,,Dusk,Dry,Clear,None apparent,Non-intersection:  Non-junction/no special feature,Unpaved,,Property Damage Only,0,0,0,0,0,0,8000,1,2,,POINT (-95.532286371612 41.347068364155)
2014799226,20140001568,05/16/2014,05-May,6-Friday,15:08,1500 Hours,District 6 (East Central),FAIRFAX,LINN,US 151,US 151/WILLIAMS BLVD & LOSEY AVE,Collision with:  Vehicle in traffic,On Roadway,Rear-end (front to rear),Separation of units,None Indicated,,Daylight,Dry,Cloudy,None apparent,Intersection:  T-intersection,Paved,,Property Damage Only,0,0,0,0,0,0,2800,2,2,,POINT (-91.783789059628 41.922277377244)
2014799746,A14-034,05/16/2014,05-May,6-Friday,18:18,1800 Hours,District 4 (Southwest),WINTERSET,MADISON,IA 92,IA 92/IOWA 92,Collision with:  Vehicle in traffic,On Roadway,"Angle, oncoming left turn",Crossed centerline (undivided),None Indicated,,Daylight,Dry,Clear,None apparent,Intersection:  Other intersection (explain in narrative),Paved,,Property Damage Only,0,0,0,0,0,0,12200,2,3,,POINT (-94.012032560518 41.344770493753)
2014799202,14-0670,05/16/2014,05-May,6-Friday,22:05,2200 Hours,District 1 (Central),,WEBSTER,IA 144,IA 144/INDIANA AVE & 100TH,Non-collision events:  Other non-collision (explain in narrative),On Roadway,Non-collision (single vehicle),Driving too fast for conditions,None Indicated,,Dark - roadway not lighted,Dry,Cloudy,"Surface condition (e.g., wet, icy)",Non-intersection:  Non-junction/no special feature,Paved,,Property Damage Only,0,0,0,0,0,0,5000,1,4,,POINT (-94.242439721202 42.211046086492)
2014799560,W14-047962,05/16/2014,05-May,6-Friday,16:18,1600 Hours,District 2 (Northeast),WATERLOO,BLACK HAWK,,LAFAYETTE ST & VINTON ST,Collision with:  Vehicle in traffic,On Roadway,"Angle, oncoming left turn",FTYROW:  Making left turn,None Indicated,,Daylight,Dry,Clear,None apparent,Intersection:  Four-way intersection,Paved,,Property Damage Only,0,0,0,0,0,0,7000,2,2,,POINT (-92.320001058552 42.492137176405)
2014799093,20140013352,05/16/2014,05-May,6-Friday,07:30,0700 Hours,District 1 (Central),DES MOINES,POLK,,E UNIVERSITY AVE & E 13TH ST,Collision with:  Vehicle in traffic,On Roadway,"Sideswipe, opposite direction",Made improper turn,None Indicated,,Daylight,Unknown,Clear,Unknown,Intersection:  Four-way intersection,Paved,,Property Damage Only,0,0,0,0,0,0,4000,2,2,,POINT (-93.603355710976 41.60039626578)
2014801033,K14-014325,05/16/2014,05-May,6-Friday,23:33,2300 Hours,District 5 (Southeast),KEOKUK,LEE,,HIGH ST,Collision with:  Parked motor vehicle,On Roadway,"Sideswipe, same direction",Unknown,None Indicated,,Dark - roadway lighted,Dry,Clear,None apparent,Non-intersection:  Non-junction/no special feature,Paved,,Property Damage Only,0,0,0,0,0,0,2000,2,1,,POINT (-91.384693635719 40.402023640796)
2014799185,CL14001496,05/16/2014,05-May,6-Friday,08:15,0800 Hours,District 6 (East Central),CLINTON,CLINTON,,S BLUFF BLVD & S 14TH ST,Collision with:  Vehicle in traffic,On Roadway,Rear-end (front to rear),Followed too close,None Indicated,,Daylight,Wet,Rain,None apparent,Intersection:  T-intersection,Paved,,Possible/Unknown,0,2,0,0,2,0,2000,2,7,,POINT (-90.218676870909 41.836062157305)
2014799454,141266,05/16/2014,05-May,6-Friday,15:30,1500 Hours,District 3 (Northwest),DENISON,CRAWFORD,,3RD AVE S,Collision with:  Vehicle in traffic,On Roadway,Rear-end (front to rear),FTYROW:  From driveway,None Indicated,,Daylight,Dry,Clear,None apparent,Non-intersection:  Driveway access (within),Paved,,Property Damage Only,0,0,0,0,0,0,3000,2,3,,POINT (-95.361168533448 42.013461865101)
2014801477,,05/16/2014,05-May,6-Friday,18:28,1800 Hours,District 2 (Northeast),NASHUA,FLOYD,US 218,US 218,Collision with:  Vehicle in traffic,On Roadway,Rear-end (front to rear),Other (explain in narrative):  Other,None Indicated,,Daylight,,Clear,,,Paved,,Property Damage Only,0,0,0,0,0,0,3300,2,2,,POINT (-92.554349885129 42.959637867641)