Iowa DOT Case Number,Law Enforcement Case Number,Date of Crash,Month of Crash,Day of Week,Time of Crash,Hour,DOT District,City Name,County Name,Route with System,Location Description,First Harmful Event,Location of First Harmful Event,Manner of Crash/Collision,Major Cause,Drug or Alcohol ,Environmental Conditions,Light Conditions,Surface Conditions,Weather Conditions,Roadway Contribution,Roadway Type,Roadway Surface,Work Zone,Crash Severity,Number of Fatalities,Number of Injuries,Number of Major Injuries,Number of Minor Injuries,Number of Possible Injuries,Number of Unknown Injuries,Amount of Property Damage,Number of Vehicles Involved,Total Number of Occupants,Travel Direction,Location
2014799344,14-019427,05/16/2014,05-May,6-Friday,08:52,0800 Hours,District 4 (Southwest),COUNCIL BLUFFS,POTTAWATTAMIE,US 6,US 6/KANESVILLE BLVD & WASHINGTON AVE & N MAIN ST,Collision with:  Vehicle in traffic,On Roadway,Rear-end (front to rear),Followed too close,None Indicated,,Daylight,Dry,Clear,None apparent,Intersection:  Four-way intersection,Paved,,Property Damage Only,0,0,0,0,0,0,2800,2,2,,POINT (-95.849950175681 41.262694324925)
2014800097,516074314,05/16/2014,05-May,6-Friday,07:43,0700 Hours,District 4 (Southwest),,RINGGOLD,US 169,US 169,Collision with:  Vehicle in traffic,On Roadway,Rear-end (front to rear),Other (explain in narrative):  Other,None Indicated,,Daylight,Dry,Clear,Work Zone (roadway-related),Non-intersection:  Other non-intersection (explain in narrative),Paved,Yes,Property Damage Only,0,0,0,0,0,0,11500,2,3,,POINT (-94.223664148792 40.851375106278)
2014801078,2014-31663,05/16/2014,05-May,6-Friday,18:06,1800 Hours,District 6 (East Central),DAVENPORT,SCOTT,,KENWOOD AVE,Collision with:  Vehicle in traffic,On Roadway,"Sideswipe, same direction",Unknown,None Indicated,,Daylight,Dry,Clear,None apparent,Non-intersection:  Non-junction/no special feature,Paved,,Property Damage Only,0,0,0,0,0,0,5000,2,2,,POINT (-90.536682186108 41.533847861215)
2014802097,046-14,05/16/2014,05-May,6-Friday,22:40,2200 Hours,District 4 (Southwest),,MADISON,,N 8TH AVE,Collision with fixed object:  Guardrail - face,On Roadway,Non-collision (single vehicle),Crossed centerline (undivided),None Indicated,,Dark - roadway not lighted,"Mud, dirt",Clear,None apparent,Non-intersection:  Non-junction/no special feature,Unpaved,,Property Damage Only,0,0,0,0,0,0,3000,1,1,,POINT (-94.02559157374 41.358017588227)
2014800727,2014029446,05/16/2014,05-May,6-Friday,16:04,1600 Hours,District 6 (East Central),,JOHNSON,I-80,I-80,Collision with:  Vehicle in traffic,On Roadway,"Sideswipe, same direction",Crossed centerline (undivided),None Indicated,,Daylight,Dry,Cloudy,None apparent,Non-intersection:  Non-junction/no special feature,Paved,,Possible/Unknown,0,2,0,0,2,0,10500,2,4,,POINT (-91.74023685457 41.694568127194)
2014802667,14-000599,05/16/2014,05-May,6-Friday,05:37,0500 Hours,District 1 (Central),,STORY,,Co Rd R38/510TH AVE,Collision with:  Animal,,,Animal,None Indicated,,,,,,,Paved,,Property Damage Only,0,0,0,0,0,0,2000,1,1,,POINT (-93.678507870094 41.994939509923)
2014799256,14-011527,05/16/2014,05-May,6-Friday,16:39,1600 Hours,District 5 (Southeast),,MARION,,Co Rd T15/HWY T15,Collision with fixed object:  Traffic sign support,On Roadway,Non-collision (single vehicle),Crossed centerline (undivided),None Indicated,,Daylight,Dry,Clear,None apparent,Non-intersection:  Non-junction/no special feature,Paved,,Property Damage Only,0,0,0,0,0,0,1700,1,1,,POINT (-93.024035706452 41.340534308247)
2014799245,14009868,05/16/2014,05-May,6-Friday,16:39,1600 Hours,District 6 (East Central),MARION,LINN,,7TH AVE,Collision with:  Non-motorist (see non-motorist section - NOT a unit),On Roadway,Non-collision (single vehicle),Other (explain in narrative):  No improper action,None Indicated,,Daylight,Dry,Clear,None apparent,Non-intersection:  Non-junction/no special feature,Paved,,Minor Injury,0,1,0,1,0,0,1000,1,2,,POINT (-91.587054399179 42.03330734788)
2014799408,2014029467,05/16/2014,05-May,6-Friday,20:18,2000 Hours,District 5 (Southeast),,WARREN,I-35,I-35,Collision with:  Animal,,,Animal,None Indicated,,,,,,,Paved,,Property Damage Only,0,0,0,0,0,0,4000,1,1,,POINT (-93.780133774299 41.476410066881)
2014799119,2014-31519,05/16/2014,05-May,6-Friday,08:12,0800 Hours,District 6 (East Central),DAVENPORT,SCOTT,,IA 461/BRADY ST/WELCOME WAY,Collision with:  Vehicle in traffic,On Roadway,Rear-end (front to rear),Driving too fast for conditions,None Indicated,,Daylight,Wet,Rain,None apparent,Non-intersection:  Non-junction/no special feature,Paved,,Property Damage Only,0,0,0,0,0,0,6000,2,2,,POINT (-90.571403660218 41.579699764309)
2014799319,20140013425,05/16/2014,05-May,6-Friday,18:45,1800 Hours,District 1 (Central),DES MOINES,POLK,,DAY ST & 7TH ST,Collision with:  Vehicle in traffic,On Roadway,Broadside (front to side),Driver Distraction:  Manual operation of an electronic communication device,None Indicated,,Daylight,Dry,Cloudy,None apparent,Intersection:  Four-way intersection,Paved,,Minor Injury,0,2,0,1,1,0,6000,2,3,,POINT (-93.626846992838 41.596217324496)
2014799254,14-011646,05/17/2014,05-May,7-Saturday,18:00,1800 Hours,District 5 (Southeast),,MARION,IA 14,IA 14/IOWA 14 & Co Rd G76/HWY G76,Collision with:  Vehicle in traffic,On Roadway,Broadside (front to side),Ran Stop Sign,None Indicated,,Daylight,Dry,Clear,None apparent,Intersection:  Four-way intersection,Paved,,Property Damage Only,0,0,0,0,0,0,5000,2,3,,POINT (-93.141231710759 41.204594406864)
2014800512,2014029501,05/17/2014,05-May,7-Saturday,01:32,0100 Hours,District 6 (East Central),,IOWA,I-80,I-80 & Co Rd V52/H AVE,Collision with:  Animal,On Roadway,Non-collision (single vehicle),Animal,None Indicated,,Dark - roadway not lighted,Dry,Clear,None apparent,Non-intersection:  Non-junction/no special feature,Paved,,Property Damage Only,0,0,0,0,0,0,10000,1,1,,POINT (-92.162567001496 41.694720081044)
2014799302,20140013520,05/17/2014,05-May,7-Saturday,13:20,1300 Hours,District 1 (Central),DES MOINES,POLK,US 69,US 69/SE 14TH ST & E RAILROAD AVE,Collision with:  Vehicle in traffic,On Roadway,Rear-end (front to rear),Followed too close,None Indicated,,Daylight,Dry,Clear,None apparent,Non-intersection:  Non-junction/no special feature,Paved,,Property Damage Only,0,0,0,0,0,0,1700,3,4,,POINT (-93.596881682013 41.578893714273)
2014801197,80-14-146,05/17/2014,05-May,7-Saturday,22:27,2200 Hours,District 2 (Northeast),HUMBOLDT,HUMBOLDT,US 169,US 169/13TH ST S,Collision with fixed object:  Ditch,On Roadway,Non-collision (single vehicle),Crossed centerline (undivided),Under Influence of Alcohol/Drugs/Medications,,Dark - roadway lighted,Dry,Clear,None apparent,Non-intersection:  Non-junction/no special feature,Paved,,Property Damage Only,0,0,0,0,0,0,3900,1,2,,POINT (-94.226990470916 42.714120612483)
2014799361,14-5023,05/17/2014,05-May,7-Saturday,02:30,0200 Hours,District 3 (Northwest),,SAC,,Co Rd N28/DAKOTA AVE & 270TH ST,Collision with fixed object:  Ditch,Outside trafficway,Non-collision (single vehicle),Ran off road - left,None Indicated,,Dark - roadway not lighted,Dry,Clear,None apparent,Non-intersection:  Non-junction/no special feature,Paved,,Possible/Unknown,0,1,0,0,1,0,3500,1,1,,POINT (-94.857155350265 42.39945148947)
2014800456,14-002415,05/17/2014,05-May,7-Saturday,12:06,1200 Hours,District 1 (Central),AMES,STORY,US 69,US 69/LINCOLN WAY/GRAND AVE,Collision with:  Vehicle in traffic,On Roadway,Rear-end (front to rear),Followed too close,None Indicated,,Daylight,Dry,Clear,None apparent,Intersection:  Four-way intersection,Paved,,Property Damage Only,0,0,0,0,0,0,5000,2,2,,POINT (-93.620222147362 42.022910470838)
2014799605,14014440,05/17/2014,05-May,7-Saturday,19:06,1900 Hours,District 5 (Southeast),,LEE,US 61,US 61,Collision with:  Vehicle in traffic,On Roadway,Rear-end (front to rear),Followed too close,None Indicated,,Daylight,Dry,Clear,None apparent,Non-intersection:  Non-junction/no special feature,Paved,,Property Damage Only,0,0,0,0,0,0,2000,2,2,,POINT (-91.227521225071 40.717693968964)
2014799795,14-5700,05/17/2014,05-May,7-Saturday,17:11,1700 Hours,District 3 (Northwest),HULL,SIOUX,,CHESTNUT DR,Collision with:  Vehicle in traffic,Outside trafficway,Broadside (front to side),Ran off road - right,None Indicated,,Daylight,Dry,Clear,None apparent,Non-intersection:  Non-junction/no special feature,Unpaved,,Property Damage Only,0,0,0,0,0,0,6400,2,777,,POINT (-96.126745221863 43.186464290775)
2014799737,14071674,05/17/2014,05-May,7-Saturday,15:44,1500 Hours,District 6 (East Central),CORALVILLE,JOHNSON,I-80,I-80,Collision with:  Vehicle in traffic,On Roadway,Rear-end (front to rear),Followed too close,None Indicated,,Daylight,Dry,Clear,None apparent,Non-intersection:  Other non-intersection (explain in narrative),Paved,,Property Damage Only,0,0,0,0,0,0,6500,2,3,,POINT (-91.636954573537 41.694362131057)
2014800139,14108,05/17/2014,05-May,7-Saturday,17:09,1700 Hours,District 5 (Southeast),PELLA,MARION,,PEACE ST & E 1ST ST,Collision with:  Vehicle in traffic,On Roadway,Broadside (front to side),Ran Stop Sign,None Indicated,,Daylight,Dry,Clear,None apparent,Intersection:  Four-way intersection,Paved,,Minor Injury,0,2,0,1,1,0,18000,3,5,,POINT (-92.914713794172 41.401487048593)
2014799225,201400001592,05/17/2014,05-May,7-Saturday,20:10,2000 Hours,District 6 (East Central),,LINN,IA 13,IA 13/IOWA 13 & MILLARD LN,Collision with:  Animal,,,Animal,None Indicated,,,,,,,Paved,,Property Damage Only,0,0,0,0,0,0,4000,1,1,,POINT (-91.529419528464 42.225162020014)
2014799884,2014029492,05/17/2014,05-May,7-Saturday,23:30,2300 Hours,District 1 (Central),,HARDIN,IA 57,IA 57/IOWA 57,Collision with:  Animal,On Roadway,Non-collision (single vehicle),Animal,None Indicated,,Dark - roadway not lighted,Dry,Clear,None apparent,Non-intersection:  Non-junction/no special feature,Paved,,Property Damage Only,0,0,0,0,0,0,5000,1,2,,POINT (-93.078168566538 42.556727393261)
2014799305,20140013547,05/17/2014,05-May,7-Saturday,18:25,1800 Hours,District 1 (Central),DES MOINES,POLK,,SHERIDAN AVE & 30TH ST,Collision with:  Vehicle in traffic,On Roadway,Broadside (front to side),Ran Stop Sign,None Indicated,,Daylight,Dry,Clear,None apparent,Intersection:  Four-way intersection,Paved,,Minor Injury,0,4,0,3,1,0,12000,2,5,,POINT (-93.658560552228 41.618639134685)
2014799771,20140013563,05/17/2014,05-May,7-Saturday,21:47,2100 Hours,District 5 (Southeast),DES MOINES,WARREN,IA 5,IA 5/NE RAMP,Collision with:  Animal,On Roadway,Non-collision (single vehicle),Animal,None Indicated,,Dark - unknown roadway lighting,Dry,Clear,None apparent,Non-intersection:  Non-junction/no special feature,Paved,,Property Damage Only,0,0,0,0,0,0,1500,1,1,,POINT (-93.624821976142 41.500624730794)
2014799489,1400000410,05/17/2014,05-May,7-Saturday,00:45,0000 Hours,District 1 (Central),,MARSHALL,US 30,US 30/240TH ST,Collision with:  Animal,,,Animal,None Indicated,,,,,,,Paved,,Property Damage Only,0,0,0,0,0,0,1900,1,1,,POINT (-92.830174779302 42.006915565481)
2014799903,,05/17/2014,05-May,7-Saturday,12:20,1200 Hours,District 2 (Northeast),,WINNEBAGO,,450TH ST,Collision with:  Animal,On Roadway,Non-collision (single vehicle),Animal,None Indicated,,Daylight,Dry,Clear,None apparent,Non-intersection:  Non-junction/no special feature,Paved,,Property Damage Only,0,0,0,0,0,0,5000,1,2,,POINT (-93.507699524138 43.422674680088)
2014799343,S14-001715,05/17/2014,05-May,7-Saturday,18:58,1800 Hours,District 4 (Southwest),NEOLA,POTTAWATTAMIE,,WHIPPOORWILL RD,Collision with fixed object:  Ditch,On Roadway,Non-collision (single vehicle),Swerving/Evasive Action,None Indicated,,Daylight,"Mud, dirt",Clear,None apparent,Non-intersection:  Non-junction/no special feature,Unpaved,,Property Damage Only,0,0,0,0,0,0,10000,1,1,,POINT (-95.651252527476 41.491677623788)
2014802882,14003568,05/17/2014,05-May,7-Saturday,13:40,1300 Hours,District 4 (Southwest),PERRY,DALLAS,IA 144,IA 144/1ST AVE,Collision with:  Vehicle in traffic,On Roadway,"Sideswipe, same direction",Made improper turn,None Indicated,,Daylight,Dry,Clear,None apparent,Non-intersection:  Non-junction/no special feature,Paved,,Property Damage Only,0,0,0,0,0,0,3000,2,3,,POINT (-94.106592277464 41.838741572042)
2014808099,2014029525,05/17/2014,05-May,7-Saturday,08:30,0800 Hours,District 1 (Central),,HARDIN,,D AVE,Non-collision events:  Overturn/rollover,On Roadway,Non-collision (single vehicle),Swerving/Evasive Action,None Indicated,,Daylight,Dry,Clear,None apparent,Non-intersection:  Non-junction/no special feature,Unpaved,,Property Damage Only,0,0,0,0,0,0,4000,1,1,,POINT (-93.424565560656 42.25104207276)
2014799197,01-14-20809,05/17/2014,05-May,7-Saturday,12:47,1200 Hours,District 6 (East Central),DUBUQUE,DUBUQUE,US 20,US 20/DODGE ST,Collision with:  Vehicle in traffic,On Roadway,Rear-end (front to rear),Lost Control,None Indicated,,Daylight,Dry,Clear,None apparent,Non-intersection:  Non-junction/no special feature,Paved,,Property Damage Only,0,0,0,0,0,0,5000,2,2,,POINT (-90.722543039945 42.492026415461)
2014799161,W14-048333,05/17/2014,05-May,7-Saturday,13:08,1300 Hours,District 2 (Northeast),WATERLOO,BLACK HAWK,,PLYMOUTH AVE & MINNESOTA ST,Collision with:  Vehicle in traffic,On Roadway,Broadside (front to side),Ran Stop Sign,None Indicated,,Daylight,Dry,Cloudy,None apparent,Intersection:  Four-way intersection,Paved,,Property Damage Only,0,0,0,0,0,0,6500,2,2,,POINT (-92.330030179594 42.470285000512)
2014800744,,05/17/2014,05-May,7-Saturday,19:30,1900 Hours,District 2 (Northeast),,ALLAMAKEE,IA 26,IA 26/IOWA 26,Collision with:  Animal,On Roadway,Non-collision (single vehicle),Animal,None Indicated,,Dusk,Dry,Clear,,Non-intersection:  Non-junction/no special feature,Paved,,Property Damage Only,0,0,0,0,0,0,1564,1,3,,POINT (-91.260285423475 43.412169572644)
2014799188,2014-2160,05/17/2014,05-May,7-Saturday,23:50,2300 Hours,District 4 (Southwest),WAUKEE,DALLAS,,BOONE DR & WESTBRANCH DR & OLSON DR,Collision with:  Vehicle in traffic,On Roadway,Broadside (front to side),FTYROW:  From stop sign,None Indicated,,Dark - roadway lighted,Dry,Clear,None apparent,Intersection:  Four-way intersection,Paved,,Property Damage Only,0,0,0,0,0,0,4500,2,2,,POINT (-93.833597976166 41.603316822613)
2014799304,20140013532,05/17/2014,05-May,7-Saturday,15:13,1500 Hours,District 1 (Central),DES MOINES,POLK,,33RD ST,Collision with:  Vehicle in traffic,On Roadway,"Sideswipe, same direction",Unknown,None Indicated,,Daylight,Dry,Clear,None apparent,Non-intersection:  Non-junction/no special feature,Paved,,Property Damage Only,0,0,0,0,0,0,1500,2,1,,POINT (-93.661715625859 41.616117015928)
2014799794,14-5683,05/17/2014,05-May,7-Saturday,12:30,1200 Hours,District 3 (Northwest),,SIOUX,US 75,US 75 & IA 10/450TH ST,Collision with:  Vehicle in traffic,On Roadway,Broadside (front to side),Ran Stop Sign,None Indicated,,Daylight,Dry,Clear,None apparent,Intersection:  Four-way intersection,Paved,,Minor Injury,0,3,0,2,1,0,6000,2,3,,POINT (-96.175509166647 42.997134157895)
2014800529,2014029534,05/17/2014,05-May,7-Saturday,09:47,0900 Hours,District 6 (East Central),,JACKSON,US 61,US 61 & FULTON RD & 192 AVE,Collision with:  Vehicle in traffic,On Roadway,Broadside (front to side),FTYROW:  From stop sign,None Indicated,,Daylight,Dry,Clear,None apparent,Intersection:  Four-way intersection,Paved,,Minor Injury,0,1,0,1,0,0,8000,2,2,,POINT (-90.676187729336 42.156047463123)
2014799558,14-048384,05/17/2014,05-May,7-Saturday,16:00,1600 Hours,District 2 (Northeast),EVANSDALE,BLACK HAWK,I-380,I-380,Collision with:  Animal,,,Animal,None Indicated,,,,,,,Paved,,Property Damage Only,0,0,0,0,0,0,2500,1,1,,POINT (-92.300778194908 42.457907315036)
2014799916,,05/17/2014,05-May,7-Saturday,17:43,1700 Hours,District 4 (Southwest),,POTTAWATTAMIE,,Co Rd L43/GREENVIEW RD,Non-collision events:  Overturn/rollover,On Roadway,Non-collision (single vehicle),Unknown,None Indicated,,Daylight,"Mud, dirt",Clear,,Non-intersection:  Non-junction/no special feature,Paved,,Property Damage Only,0,0,0,0,0,0,1500,1,1,,POINT (-95.761556936996 41.239875226689)
2014804175,01-14-20780,05/17/2014,05-May,7-Saturday,08:34,0800 Hours,District 6 (East Central),DUBUQUE,DUBUQUE,US 20,US 20/DODGE ST,Collision with:  Vehicle in traffic,On Roadway,Rear-end (front to rear),Followed too close,None Indicated,,Daylight,Dry,Clear,None apparent,Intersection:  Four-way intersection,Paved,,Property Damage Only,0,0,0,0,0,0,5000,2,2,,POINT (-90.665219785504 42.492016047386)
2014800253,2014029569,05/17/2014,05-May,7-Saturday,15:30,1500 Hours,District 1 (Central),MONROE,JASPER,IA 14,IA 14/S MONROE ST/NE RAMP/NW RAMP,Collision with:  Vehicle in traffic,On Roadway,"Sideswipe, same direction",Separation of units,None Indicated,,Daylight,Dry,Clear,None apparent,Interchange-related:  Off-ramp,Paved,,Property Damage Only,0,0,0,0,0,0,2000,2,6,,POINT (-93.101274141956 41.512464750423)
2014799702,201402174,05/17/2014,05-May,7-Saturday,05:20,0500 Hours,District 1 (Central),BOONE,BOONE,US 30,US 30/220TH ST,Collision with:  Animal,On Roadway,Non-collision (single vehicle),Animal,None Indicated,,Dawn,Dry,Clear,None apparent,Non-intersection:  Non-junction/no special feature,Paved,,Property Damage Only,0,0,0,0,0,0,2000,1,1,,POINT (-93.922040686354 42.034752750477)
2014820437,2014-37-AC,05/17/2014,05-May,7-Saturday,11:43,1100 Hours,District 3 (Northwest),WAHPETON,DICKINSON,IA 86,IA 86/IOWA 86,Collision with:  Animal,,,Animal,None Indicated,,,,,,,Paved,,Property Damage Only,0,0,0,0,0,0,3000,1,1,,POINT (-95.181030639899 43.370449040801)
2014800941,14-003681,05/17/2014,05-May,7-Saturday,09:09,0900 Hours,District 5 (Southeast),COLUMBUS JUNCTION,LOUISA,,ASH ST & 2ND ST,Collision with:  Vehicle in traffic,On Roadway,"Sideswipe, same direction",Swerving/Evasive Action,None Indicated,,Daylight,Dry,Clear,None apparent,Intersection:  Four-way intersection,Paved,,Property Damage Only,0,0,0,0,0,0,2201,2,5,,POINT (-91.361806884289 41.273464232005)
2014800254,2014029594,05/17/2014,05-May,7-Saturday,15:45,1500 Hours,District 3 (Northwest),,CLAY,,Co Rd B24/350TH ST,Non-collision events:  Overturn/rollover,On Roadway,Non-collision (single vehicle),Lost Control,None Indicated,,Daylight,Dry,Clear,None apparent,Non-intersection:  Non-junction/no special feature,Paved,,Property Damage Only,0,0,0,0,0,0,2000,1,1,,POINT (-95.207224370972 43.141769083256)
2014799931,14-5105,05/17/2014,05-May,7-Saturday,08:05,0800 Hours,District 3 (Northwest),CARROLL,CARROLL,,WESTRIDGE DR,Collision with:  Vehicle in traffic,On Roadway,Unknown,Exceeded authorized speed,None Indicated,,Daylight,Dry,Clear,None apparent,Non-intersection:  Non-junction/no special feature,Paved,,Property Damage Only,0,0,0,0,0,0,4500,2,1,,POINT (-94.877864439941 42.054253605284)
2014801190,80-14-148,05/17/2014,05-May,7-Saturday,18:50,1800 Hours,District 2 (Northeast),HUMBOLDT,HUMBOLDT,,5TH ST N,Collision with:  Parked motor vehicle,On Roadway,Rear-end (front to rear),FTYROW:  From driveway,None Indicated,,Daylight,Dry,Clear,None apparent,Non-intersection:  Other non-intersection (explain in narrative),Paved,,Property Damage Only,0,0,0,0,0,0,2300,2,2,,POINT (-94.214717635312 42.725400090926)
2014799944,14007726,05/17/2014,05-May,7-Saturday,13:57,1300 Hours,District 2 (Northeast),MASON CITY,CERRO GORDO,,S TAFT AVE,Collision with:  Vehicle in traffic,On Roadway,Broadside (front to side),FTYROW:  From driveway,None Indicated,,Daylight,Dry,Clear,None apparent,Non-intersection:  Driveway access (within),Paved,,Property Damage Only,0,0,0,0,0,0,6500,2,3,,POINT (-93.24063210959 43.149222346802)
2014799372,14-1460,05/17/2014,05-May,7-Saturday,14:19,1400 Hours,District 1 (Central),FORT DODGE,WEBSTER,,3RD AVE N & N 16TH ST,Collision with:  Vehicle in traffic,On Roadway,Broadside (front to side),FTYROW:  At uncontrolled intersection,None Indicated,,Daylight,Dry,Clear,None apparent,Non-intersection:  Non-junction/no special feature,Paved,,Property Damage Only,0,0,0,0,0,0,6000,2,2,,POINT (-94.176370200693 42.509343428696)
2014799673,14-005531,05/17/2014,05-May,7-Saturday,09:15,0900 Hours,District 1 (Central),,TAMA,,Co Rd T47/HWY T47,Collision with:  Vehicle in traffic,On Roadway,Head-on (front to front),Crossed centerline (undivided),None Indicated,,Daylight,Dry,Clear,None apparent,Non-intersection:  Non-junction/no special feature,Paved,,Possible/Unknown,0,1,0,0,1,0,65000,2,2,,POINT (-92.709350851061 42.290735773034)
2014801384,2014-31883,05/17/2014,05-May,7-Saturday,15:11,1500 Hours,District 6 (East Central),DAVENPORT,SCOTT,,E 15TH ST & FARNAM ST,Collision with:  Parked motor vehicle,On Roadway,Rear-end (front to rear),"Operating vehicle in an reckless, erratic, careless, negligent manner",Alcohol (Statutory),,Daylight,Dry,Clear,None apparent,Non-intersection:  Non-junction/no special feature,Paved,,Minor Injury,0,1,0,1,0,0,12000,3,2,,POINT (-90.566745452466 41.535082700931)
2014799567,14-121,05/17/2014,05-May,7-Saturday,11:11,1100 Hours,District 2 (Northeast),WAVERLY,BREMER,,2ND AVE SW & SUNSET ST,Collision with:  Vehicle in traffic,On Roadway,Broadside (front to side),FTYROW:  From stop sign,None Indicated,,Daylight,Dry,Clear,None apparent,Intersection:  Four-way intersection,Paved,,Property Damage Only,0,0,0,0,0,0,2000,2,2,,POINT (-92.488597802629 42.723522842324)
2014800090,1403613,05/17/2014,05-May,7-Saturday,12:05,1200 Hours,District 5 (Southeast),WASHINGTON,WASHINGTON,IA 92,IA 92/W MADISON ST & S E AVE,Collision with:  Vehicle in traffic,On Roadway,Rear-end (front to rear),Other (explain in narrative):  Other,None Indicated,,Daylight,Dry,Clear,None apparent,Intersection:  Four-way intersection,Paved,,Possible/Unknown,0,1,0,0,1,0,2000,2,4,,POINT (-91.698181703655 41.296522743234)
2014799529,2014-10328,05/17/2014,05-May,7-Saturday,21:00,2100 Hours,District 5 (Southeast),,WARREN,,150TH AVE,Collision with:  Parked motor vehicle,On Roadway,Broadside (front to side),Unknown,None Indicated,,Dark - roadway not lighted,"Mud, dirt",Clear,None apparent,Non-intersection:  Non-junction/no special feature,Unpaved,,Property Damage Only,0,0,0,0,0,0,1700,2,1,,POINT (-93.519579042501 41.281543580677)
2014800531,2014029571,05/17/2014,05-May,7-Saturday,15:45,1500 Hours,District 6 (East Central),,CEDAR,I-80,I-80,Collision with fixed object:  Other fixed object (explain in narrative),Median,Non-collision (single vehicle),Swerving/Evasive Action,None Indicated,,Daylight,Dry,Cloudy,None apparent,Non-intersection:  Non-junction/no special feature,Paved,,Property Damage Only,0,0,0,0,0,0,6550,1,1,,POINT (-90.933170651789 41.634258337264)
2014799662,2014-31909,05/17/2014,05-May,7-Saturday,17:24,1700 Hours,District 6 (East Central),DAVENPORT,SCOTT,I-74,I-74,Collision with fixed object:  Guardrail - face,Shoulder,Non-collision (single vehicle),Ran off road - right,None Indicated,,Daylight,Dry,Clear,None apparent,Intersection:  Intersection with ramp,Paved,,Property Damage Only,0,0,0,0,0,0,5200,1,1,,POINT (-90.52220072416 41.573749893098)
2014802669,14-000602,05/17/2014,05-May,7-Saturday,09:34,0900 Hours,District 1 (Central),,STORY,IA 210,IA 210/IOWA 210 & Co Rd R70/585TH AVE,Collision with:  Vehicle in traffic,On Roadway,Broadside (front to side),FTYROW:  From stop sign,None Indicated,,Daylight,Dry,Clear,None apparent,Intersection:  Other intersection (explain in narrative),Paved,,Possible/Unknown,0,1,0,0,1,0,5100,2,2,,POINT (-93.531381866882 41.877726744503)
2014808080,2014029554,05/17/2014,05-May,7-Saturday,12:34,1200 Hours,District 2 (Northeast),,BUTLER,IA 14,IA 14/IOWA 14 & SANDHILL RD,Collision with:  Vehicle in traffic,On Roadway,Broadside (front to side),FTYROW:  From stop sign,None Indicated,,Daylight,Dry,Clear,None apparent,Intersection:  Four-way intersection,Paved,,Property Damage Only,0,0,0,0,0,0,8000,2,4,,POINT (-92.811541264518 42.903419396525)
2014800342,01227,05/17/2014,05-May,7-Saturday,21:00,2100 Hours,District 6 (East Central),DYERSVILLE,DUBUQUE,,2ND ST NE,Collision with:  Parked motor vehicle,Outside trafficway,Unknown,Unknown,None Indicated,,Dark - unknown roadway lighting,Dry,Clear,Non-highway work,Non-intersection:  Non-junction/no special feature,Paved,,Property Damage Only,0,0,0,0,0,0,3000,2,1,,POINT (-91.122890149174 42.489550900124)
2014799597,71-2014,05/17/2014,05-May,7-Saturday,17:00,1700 Hours,District 4 (Southwest),,HARRISON,,ORIENT AVE,Unknown,Shoulder,Non-collision (single vehicle),Swerving/Evasive Action,None Indicated,,Daylight,"Mud, dirt",Clear,Unknown,Non-intersection:  Non-junction/no special feature,Unpaved,,Minor Injury,0,1,0,1,0,0,5000,1,1,,POINT (-95.785105726084 41.660104336445)
2014799555,,05/17/2014,05-May,7-Saturday,12:20,1200 Hours,District 4 (Southwest),,MONTGOMERY,,G AVE,Non-collision events:  Overturn/rollover,On Roadway,Non-collision (single vehicle),Swerving/Evasive Action,None Indicated,,Daylight,"Mud, dirt",Clear,"Surface condition (e.g., wet, icy)",Non-intersection:  Non-junction/no special feature,Unpaved,,Property Damage Only,0,0,0,0,0,0,3250,1,1,,POINT (-95.251556269701 41.052424000024)
2014799234,201406906,05/17/2014,05-May,7-Saturday,16:37,1600 Hours,District 6 (East Central),CEDAR RAPIDS,LINN,,EDGEWOOD RD SW,Collision with:  Vehicle in traffic,On Roadway,"Sideswipe, same direction",Improper or erratic lane changing,None Indicated,,Daylight,Dry,Clear,None apparent,Non-intersection:  Non-junction/no special feature,Paved,,Property Damage Only,0,0,0,0,0,0,4000,2,4,,POINT (-91.716266256465 41.956568581033)
2014799246,14009914,05/17/2014,05-May,7-Saturday,06:10,0600 Hours,District 6 (East Central),MARION,LINN,,10TH AVE,Collision with:  Vehicle in traffic,On Roadway,Rear-end (front to rear),"Operating vehicle in an reckless, erratic, careless, negligent manner",Alcohol (Statutory),,Daylight,Dry,Clear,None apparent,Non-intersection:  Non-junction/no special feature,Paved,,Minor Injury,0,1,0,1,0,0,25300,2,1,,POINT (-91.590072224788 42.03614543292)
2014799919,14-048811,05/17/2014,05-May,7-Saturday,11:15,1100 Hours,District 2 (Northeast),ELK RUN HEIGHTS,BLACK HAWK,I-380,I-380,Collision with:  Animal,,,Animal,None Indicated,,,,,,,Paved,,Property Damage Only,0,0,0,0,0,0,7000,1,1,,POINT (-92.234748124835 42.451028265911)
2014799939,14007108,05/17/2014,05-May,7-Saturday,17:48,1700 Hours,District 6 (East Central),,CEDAR,I-80,I-80,Collision with fixed object:  Traffic sign support,On Roadway,Non-collision (single vehicle),Ran off road - right,None Indicated,,Daylight,Dry,Clear,None apparent,Non-intersection:  Non-junction/no special feature,Paved,,Property Damage Only,0,0,0,0,0,0,3000,1,1,,POINT (-91.163098703473 41.646486129738)
2014799877,2014029591,05/17/2014,05-May,7-Saturday,16:56,1600 Hours,District 2 (Northeast),WEST UNION,FAYETTE,IA 56,IA 56/E FRANKLIN ST,Collision with:  Vehicle in traffic,On Roadway,Broadside (front to side),Other (explain in narrative):  Other,None Indicated,,Daylight,Dry,Clear,None apparent,Non-intersection:  Driveway access (within),Paved,,Minor Injury,0,1,0,1,0,0,6000,2,2,,POINT (-91.806911742742 42.951261636492)