Iowa DOT Case Number,Law Enforcement Case Number,Date of Crash,Month of Crash,Day of Week,Time of Crash,Hour,DOT District,City Name,County Name,Route with System,Location Description,First Harmful Event,Location of First Harmful Event,Manner of Crash/Collision,Major Cause,Drug or Alcohol ,Environmental Conditions,Light Conditions,Surface Conditions,Weather Conditions,Roadway Contribution,Roadway Type,Roadway Surface,Work Zone,Crash Severity,Number of Fatalities,Number of Injuries,Number of Major Injuries,Number of Minor Injuries,Number of Possible Injuries,Number of Unknown Injuries,Amount of Property Damage,Number of Vehicles Involved,Total Number of Occupants,Travel Direction,Location
2014799309,20140013557,05/17/2014,05-May,7-Saturday,20:58,2000 Hours,District 1 (Central),DES MOINES,POLK,,GRAND AVE,Collision with:  Vehicle in traffic,On Roadway,Broadside (front to side),Ran Traffic Signal,None Indicated,,Dark - roadway lighted,Dry,Clear,None apparent,Intersection:  Four-way intersection,Paved,,Possible/Unknown,0,2,0,0,2,0,5000,2,4,,POINT (-93.693381971594 41.582774804847)
2014799586,02-14-7617,05/17/2014,05-May,7-Saturday,13:39,1300 Hours,District 6 (East Central),ASBURY,DUBUQUE,,HALES MILL RD,Collision with:  Vehicle in traffic,On Roadway,"Sideswipe, same direction",Driver Distraction:  Passenger,None Indicated,,Daylight,Dry,Clear,None apparent,Non-intersection:  Non-junction/no special feature,Paved,,Possible/Unknown,0,1,0,0,1,0,3000,2,3,,POINT (-90.753967886686 42.517321284518)
2014799684,2014029595,05/17/2014,05-May,7-Saturday,19:15,1900 Hours,District 1 (Central),,HAMILTON,I-35,I-35,Unknown,On Roadway,Non-collision (single vehicle),Other (explain in narrative):  Other,None Indicated,,Daylight,Dry,Clear,None apparent,Non-intersection:  Non-junction/no special feature,Paved,,Property Damage Only,0,0,0,0,0,0,5000,1,1,,POINT (-93.570332838981 42.417058723507)
2014800530,2014029538,05/17/2014,05-May,7-Saturday,10:21,1000 Hours,District 6 (East Central),,JACKSON,US 61,US 61,Collision with fixed object:  Ditch,Median,Non-collision (single vehicle),Crossed centerline (undivided),None Indicated,,Daylight,Dry,Clear,None apparent,Non-intersection:  Non-junction/no special feature,Paved,,Possible/Unknown,0,1,0,0,1,0,3000,1,1,,POINT (-90.676229574681 42.148951833923)
2014799329,14-1063,05/17/2014,05-May,7-Saturday,19:03,1900 Hours,District 1 (Central),URBANDALE,POLK,,86TH ST,Collision with:  Vehicle in traffic,On Roadway,Rear-end (front to rear),Other (explain in narrative):  Other,None Indicated,,Daylight,Dry,Cloudy,None apparent,Non-intersection:  Non-junction/no special feature,Paved,,Property Damage Only,0,0,0,0,0,0,1500,2,2,,POINT (-93.736492735606 41.643539428173)
2014801671,14-16845,05/17/2014,05-May,7-Saturday,17:15,1700 Hours,District 3 (Northwest),SIOUX CITY,WOODBURY,,TRANSIT AVE & S PAXTON ST,Collision with:  Vehicle in traffic,On Roadway,Head-on (front to front),Unknown,None Indicated,,Daylight,Dry,Clear,None apparent,Non-intersection:  Non-junction/no special feature,Paved,,Property Damage Only,0,0,0,0,0,0,1500,2,2,,POINT (-96.365772588907 42.470443445231)
2014820736,E14171800,05/17/2014,05-May,7-Saturday,18:00,1800 Hours,District 2 (Northeast),,FRANKLIN,IA 3,IA 3/IOWA 3,Collision with fixed object:  Traffic sign support,On Roadway,Non-collision (single vehicle),Ran off road - left,None Indicated,,Daylight,Dry,Clear,None apparent,Non-intersection:  Driveway access (within),Paved,,Major Injury,0,4,1,3,0,0,5500,1,4,,POINT (-93.310944600617 42.745360362308)
2014799350,14-019634,05/17/2014,05-May,7-Saturday,15:13,1500 Hours,District 4 (Southwest),COUNCIL BLUFFS,POTTAWATTAMIE,,23RD AVE & S 11TH ST,Collision with:  Vehicle in traffic,On Roadway,Broadside (front to side),Ran Stop Sign,None Indicated,,Daylight,Dry,Clear,None apparent,Intersection:  Four-way intersection,Paved,,Minor Injury,0,1,0,1,0,0,1800,2,2,,POINT (-95.860496809444 41.239349255478)
2014803259,,05/17/2014,05-May,7-Saturday,12:12,1200 Hours,District 2 (Northeast),HAMPTON,FRANKLIN,,1ST AVE SW & 3RD ST SW,Collision with:  Vehicle in traffic,On Roadway,Broadside (front to side),FTYROW:  From yield sign,None Indicated,,Daylight,Dry,Clear,None apparent,Intersection:  Four-way intersection,Paved,,Property Damage Only,0,0,0,0,0,0,6000,2,2,,POINT (-93.211154264748 42.740823911729)
2014799446,,05/17/2014,05-May,7-Saturday,09:21,0900 Hours,District 4 (Southwest),,ADAIR,,Co Rd N72/FONTANELLE RD & 240TH ST,Collision with:  Vehicle in traffic,On Roadway,"Angle, oncoming left turn",Crossed centerline (undivided),None Indicated,,Daylight,Dry,Clear,None apparent,Intersection:  T-intersection,Paved,,Minor Injury,0,1,0,1,0,0,13000,2,2,,POINT (-94.566139195128 41.29840874409)
2014799315,20140013536,05/17/2014,05-May,7-Saturday,16:00,1600 Hours,District 1 (Central),DES MOINES,POLK,,DES MOINES ST & E 6TH ST,Collision with:  Vehicle in traffic,Shoulder,Broadside (front to side),Ran Stop Sign,None Indicated,,Daylight,Dry,Clear,None apparent,Intersection:  Four-way intersection,Paved,,Property Damage Only,0,0,0,0,0,0,4500,2,2,,POINT (-93.610548061541 41.591954537553)
2014799491,05-14-123,05/17/2014,05-May,7-Saturday,10:33,1000 Hours,District 3 (Northwest),LE MARS,PLYMOUTH,,1ST AVE NE,Collision with:  Vehicle in traffic,On Roadway,Broadside (front to side),FTYROW:  From parked position,None Indicated,,Daylight,Dry,Clear,None apparent,Non-intersection:  Non-junction/no special feature,Paved,,Property Damage Only,0,0,0,0,0,0,2000,2,4,,POINT (-96.165110330543 42.793620726246)
2014799347,14-019592,05/17/2014,05-May,7-Saturday,07:00,0700 Hours,District 4 (Southwest),COUNCIL BLUFFS,POTTAWATTAMIE,,3RD AVE & S 25TH ST,Collision with:  Vehicle in traffic,On Roadway,Broadside (front to side),FTYROW:  From stop sign,None Indicated,,Daylight,Dry,Clear,None apparent,Intersection:  Four-way intersection,Paved,,Property Damage Only,0,0,0,0,0,0,5800,2,2,,POINT (-95.881922714023 41.258808629462)
2014801383,2014-31860,05/17/2014,05-May,7-Saturday,11:33,1100 Hours,District 6 (East Central),DAVENPORT,SCOTT,,E 3RD ST & IOWA ST,Collision with:  Vehicle in traffic,On Roadway,Broadside (front to side),Unknown,None Indicated,,Daylight,Dry,Clear,None apparent,Intersection:  Four-way intersection,Paved,,Property Damage Only,0,0,0,0,0,0,2200,2,4,,POINT (-90.56967696711 41.522418662165)
2014799308,20140013506,05/17/2014,05-May,7-Saturday,11:08,1100 Hours,District 1 (Central),DES MOINES,POLK,US 6,US 6/DOUGLAS AVE & 54TH ST,Collision with:  Vehicle in traffic,On Roadway,Broadside (front to side),FTYROW:  From driveway,None Indicated,,Daylight,Dry,Clear,None apparent,Non-intersection:  Driveway access (within),Paved,,Property Damage Only,0,0,0,0,0,0,5000,2,3,,POINT (-93.69260940017 41.629454815766)
2014799394,14-15226,05/17/2014,05-May,7-Saturday,00:01,0000 Hours,District 3 (Northwest),SIOUX CITY,WOODBURY,,35TH ST & JACKSON ST,Collision with:  Parked motor vehicle,On Roadway,"Sideswipe, same direction",Unknown,None Indicated,,Dark - roadway lighted,Dry,Clear,None apparent,Non-intersection:  Non-junction/no special feature,Paved,,Property Damage Only,0,0,0,0,0,0,3500,2,2,,POINT (-96.402396634377 42.530555303099)
2014801193,80-14-145,05/17/2014,05-May,7-Saturday,08:10,0800 Hours,District 2 (Northeast),HUMBOLDT,HUMBOLDT,,4TH AVE N & 10TH ST N,Collision with:  Vehicle in traffic,On Roadway,Broadside (front to side),FTYROW:  At uncontrolled intersection,None Indicated,,Daylight,Dry,Clear,None apparent,Intersection:  Four-way intersection,Paved,,Property Damage Only,0,0,0,0,0,0,5500,2,2,,POINT (-94.222487430353 42.725479509041)
2014804936,,05/17/2014,05-May,7-Saturday,20:47,2000 Hours,District 5 (Southeast),,MUSCATINE,US 61,US 61,Collision with:  Animal,On Roadway,Non-collision (single vehicle),Animal,None Indicated,,Dark - roadway not lighted,Dry,Clear,None apparent,Non-intersection:  Non-junction/no special feature,Paved,,Property Damage Only,0,0,0,0,0,0,9000,1,3,,POINT (-91.009132879762 41.463787520405)
2014799330,14-2254,05/17/2014,05-May,7-Saturday,01:29,0100 Hours,District 4 (Southwest),WEST DES MOINES,DALLAS,,92ND ST,Collision with fixed object:  Utility pole/light support,Roadside,Non-collision (single vehicle),Ran off road - right,Alcohol (Statutory),,Dark - roadway lighted,Dry,Clear,None apparent,Non-intersection:  Non-junction/no special feature,Paved,,Property Damage Only,0,0,0,0,0,0,12000,1,1,,POINT (-93.832998334274 41.595881236502)
2014799721,20142605,05/17/2014,05-May,7-Saturday,19:31,1900 Hours,District 1 (Central),,HARDIN,,Co Rd S27/CO HWY S27 & 240TH ST,Non-collision events:  Overturn/rollover,On Roadway,Non-collision (single vehicle),Ran off road - straight,None Indicated,,Daylight,Dry,Cloudy,None apparent,Non-intersection:  Non-junction/no special feature,Paved,,Possible/Unknown,0,1,0,0,1,0,2000,1,1,,POINT (-93.404578670093 42.35384769354)
2014800346,14-008037,05/17/2014,05-May,7-Saturday,14:28,1400 Hours,District 5 (Southeast),WINFIELD,HENRY,,S LOCUST ST,Collision with fixed object:  Curb/island/raised median,On Roadway,Non-collision (single vehicle),Ran off road - right,None Indicated,,Daylight,Dry,Clear,"Surface condition (e.g., wet, icy)",Non-intersection:  Non-junction/no special feature,Paved,,Property Damage Only,0,0,0,0,0,0,2120,1,2,,POINT (-91.437897432536 41.123457663215)
2014799290,20140013498,05/17/2014,05-May,7-Saturday,09:34,0900 Hours,District 1 (Central),DES MOINES,POLK,,CLARK ST & 2ND AVE,Collision with:  Vehicle in traffic,On Roadway,"Angle, oncoming left turn",FTYROW:  Making left turn,None Indicated,,Daylight,Dry,Clear,None apparent,Non-intersection:  Driveway access (within),Paved,,Possible/Unknown,0,1,0,0,1,0,2500,2,3,,POINT (-93.61978493089 41.605560083239)
2014799589,P14-005953,05/18/2014,05-May,1-Sunday,17:18,1700 Hours,District 1 (Central),WEBSTER CITY,HAMILTON,,,Collision with:  Parked motor vehicle,Outside trafficway,Rear-end (front to rear),Improper Backing,None Indicated,,Daylight,Dry,Clear,None apparent,Non-intersection:  Non-junction/no special feature,,,Property Damage Only,0,0,0,0,0,0,2000,2,3,,POINT (-96.643700149993 40.233091251414)
2014812002,02-14-7657,05/18/2014,05-May,1-Sunday,04:28,0400 Hours,District 6 (East Central),,DUBUQUE,US 20,US 20,Collision with:  Animal,,,Animal,None Indicated,,,,,,,Paved,,Property Damage Only,0,0,0,0,0,0,4000,1,1,,POINT (-90.792646302562 42.439690908763)
2014800533,2014029681,05/18/2014,05-May,1-Sunday,00:30,0000 Hours,District 6 (East Central),,CEDAR,I-80,I-80,Collision with fixed object:  Ditch,Shoulder,Non-collision (single vehicle),Ran off road - left,None Indicated,,Dark - roadway not lighted,Dry,Clear,None apparent,Non-intersection:  Other non-intersection (explain in narrative),Paved,,Property Damage Only,0,0,0,0,0,0,5000,1,1,,POINT (-91.063455718934 41.642175072278)
2014799480,2014005490,05/18/2014,05-May,1-Sunday,11:59,1100 Hours,District 6 (East Central),IOWA CITY,JOHNSON,I-80,I-80,Collision with fixed object:  Concrete traffic barrier (median or right side),On Roadway,Non-collision (single vehicle),Swerving/Evasive Action,None Indicated,,Daylight,Dry,Clear,None apparent,Non-intersection:  Non-junction/no special feature,Paved,,Property Damage Only,0,0,0,0,0,0,4000,1,4,,POINT (-91.527134726263 41.687377655446)
2014799321,20140013607,05/18/2014,05-May,1-Sunday,05:58,0500 Hours,District 1 (Central),DES MOINES,POLK,,PARK AVE & SW 42ND ST,Collision with:  Vehicle in traffic,On Roadway,Rear-end (front to rear),Followed too close,None Indicated,,Daylight,Dry,Clear,None apparent,Non-intersection:  Non-junction/no special feature,Paved,,Possible/Unknown,0,1,0,0,1,0,5500,2,2,,POINT (-93.67436004949 41.555541879112)
2014799228,201401608,05/18/2014,05-May,1-Sunday,16:50,1600 Hours,District 6 (East Central),MARION,LINN,,Co Rd W58/ALBURNETT RD & RANDOLPH RD & ECHO HILL RD,Collision with:  Vehicle in traffic,On Roadway,Broadside (front to side),FTYROW:  From stop sign,None Indicated,,Daylight,Dry,Clear,None apparent,Intersection:  Four-way intersection,Paved,,Property Damage Only,0,0,0,0,0,0,7000,2,9,,POINT (-91.619038337523 42.07651267208)
2014826613,14-011369,05/18/2014,05-May,1-Sunday,11:45,1100 Hours,District 5 (Southeast),,MAHASKA,,MERINO AVE,Collision with fixed object:  Traffic sign support,Shoulder,Non-collision (single vehicle),Swerving/Evasive Action,None Indicated,,Daylight,"Mud, dirt",Clear,None apparent,Non-intersection:  Other non-intersection (explain in narrative),Unpaved,,Property Damage Only,0,0,0,0,0,0,4100,1,1,,POINT (-92.631836687494 41.260283494989)
2014804911,SA1403626,05/18/2014,05-May,1-Sunday,17:26,1700 Hours,District 5 (Southeast),,WASHINGTON,,Co Rd G26/190TH ST & Co Rd W38/GINKGO AVE,Collision with:  Vehicle in traffic,On Roadway,Broadside (front to side),Ran Stop Sign,None Indicated,,Daylight,Dry,Clear,None apparent,Intersection:  Four-way intersection,Paved,,Property Damage Only,0,0,0,0,0,0,12000,2,3,,POINT (-91.830017781466 41.37991528683)
2014808062,2014029636,05/18/2014,05-May,1-Sunday,04:31,0400 Hours,District 2 (Northeast),,WORTH,I-35,I-35,Collision with:  Animal,,,Animal,None Indicated,,,,,,,Paved,,Property Damage Only,0,0,0,0,0,0,4000,1,1,,POINT (-93.350949090269 43.487725384622)
2014802670,14-000605,05/18/2014,05-May,1-Sunday,12:00,1200 Hours,District 1 (Central),AMES,STORY,US 30,US 30,Collision with:  Animal,,,Animal,None Indicated,,,,,,,Paved,,Property Damage Only,0,0,0,0,0,0,5000,1,1,,POINT (-93.688355699096 42.011344932746)
2014799406,S014-0590,05/18/2014,05-May,1-Sunday,20:14,2000 Hours,District 2 (Northeast),,WRIGHT,,NELSON AVE,Collision with fixed object:  Ditch,On Roadway,Non-collision (single vehicle),Swerving/Evasive Action,None Indicated,,Dusk,"Mud, dirt",Clear,"Surface condition (e.g., wet, icy)",Non-intersection:  Non-junction/no special feature,Unpaved,,Minor Injury,0,1,0,1,0,0,6500,1,2,,POINT (-93.715603952734 42.714657298991)
2014799353,14-019859,05/18/2014,05-May,1-Sunday,21:42,2100 Hours,District 4 (Southwest),COUNCIL BLUFFS,POTTAWATTAMIE,I-80,I-80,Collision with:  Animal,On Roadway,Non-collision (single vehicle),Animal,None Indicated,,Dark - roadway not lighted,Dry,Clear,None apparent,Non-intersection:  Non-junction/no special feature,Paved,,Property Damage Only,0,0,0,0,0,0,2500,1,3,,POINT (-95.800512725817 41.264124587937)
2014802818,14-15355,05/18/2014,05-May,1-Sunday,13:07,1300 Hours,District 3 (Northwest),SIOUX CITY,WOODBURY,,WESLEY PKWY & W 14TH ST & HAMILTON BLVD,Collision with:  Non-motorist (see non-motorist section - NOT a unit),On Roadway,Non-collision (single vehicle),Made improper turn,None Indicated,,Daylight,Dry,Clear,None apparent,Intersection:  Four-way intersection,Paved,,Possible/Unknown,0,1,0,0,1,0,200,1,2,,POINT (-96.416800858413 42.505147894989)
2014806504,,05/18/2014,05-May,1-Sunday,18:26,1800 Hours,District 2 (Northeast),,BLACK HAWK,US 218,US 218 & Co Rd C57/W CEDAR-WAPSI RD,Collision with:  Vehicle in traffic,On Roadway,Broadside (front to side),FTYROW:  From stop sign,None Indicated,,Daylight,Dry,Clear,None apparent,Intersection:  Four-way intersection,Paved,,Minor Injury,0,2,0,2,0,0,14000,2,2,,POINT (-92.443579843538 42.613742112718)
2014810009,2014-002715,05/18/2014,05-May,1-Sunday,21:46,2100 Hours,District 6 (East Central),,BENTON,,Co Rd W26/32 AVE,Non-collision events:  Overturn/rollover,On Roadway,Non-collision (single vehicle),Crossed centerline (undivided),None Indicated,,Dark - roadway not lighted,Dry,Clear,None apparent,Non-intersection:  Non-junction/no special feature,Paved,,Major Injury,0,1,1,0,0,0,2000,1,1,,POINT (-91.869425241819 42.039651791197)
2014799570,14002861,05/18/2014,05-May,1-Sunday,21:22,2100 Hours,District 2 (Northeast),,CERRO GORDO,,Co Rd B35/255TH ST,Collision with:  Animal,,,Animal,None Indicated,,,,,,,Paved,,Property Damage Only,0,0,0,0,0,0,1600,1,1,,POINT (-93.294068112442 43.133645150625)
2014800457,14-002422,05/18/2014,05-May,1-Sunday,12:17,1200 Hours,District 1 (Central),AMES,STORY,US 69,US 69/GRAND AVE & 8TH ST,Collision with:  Vehicle in traffic,On Roadway,Rear-end (front to rear),Followed too close,None Indicated,,Daylight,Dry,Clear,None apparent,Intersection:  Four-way intersection,Paved,,Property Damage Only,0,0,0,0,0,0,1500,2,4,,POINT (-93.620267496271 42.028818536624)
2014800975,141292,05/18/2014,05-May,1-Sunday,01:00,0100 Hours,District 3 (Northwest),,CRAWFORD,,350TH ST,Collision with:  Parked motor vehicle,On Roadway,Unknown,Improper Backing,None Indicated,,Dark - roadway not lighted,Dry,Clear,None apparent,Non-intersection:  Non-junction/no special feature,Unpaved,,Property Damage Only,0,0,0,0,0,0,3000,2,1,,POINT (-95.18949783552 41.865591903003)
2014799457,143412,05/18/2014,05-May,1-Sunday,08:36,0800 Hours,District 4 (Southwest),,DALLAS,,OLD PORTLAND RD,Non-collision events:  Overturn/rollover,On Roadway,Non-collision (single vehicle),Driving too fast for conditions,None Indicated,,Daylight,Dry,Unknown,None apparent,Non-intersection:  Non-junction/no special feature,Unpaved,,Property Damage Only,0,0,0,0,0,0,10500,1,1,,POINT (-93.988284397989 41.571232563031)
2014802732,14-025,05/18/2014,05-May,1-Sunday,22:00,2200 Hours,District 3 (Northwest),RINARD,CALHOUN,,Co Rd D46/310TH ST & XENIA AVE,Collision with:  Animal,On Roadway,Non-collision (single vehicle),Animal,None Indicated,,Dark - roadway not lighted,Dry,Cloudy,None apparent,Non-intersection:  Non-junction/no special feature,Paved,,Possible/Unknown,0,1,0,0,0,1,2000,1,1,,POINT (-94.455608467604 42.339683463163)
2014800656,0518147A,05/18/2014,05-May,1-Sunday,00:34,0000 Hours,District 4 (Southwest),,PAGE,,Co Rd J64/310 ST,Collision with:  Animal,,Non-collision (single vehicle),Animal,None Indicated,,,,,,,Paved,,Property Damage Only,0,0,0,0,0,0,7800,1,777,,POINT (-95.062473828298 40.594403469311)
2014800262,,05/18/2014,05-May,1-Sunday,21:50,2100 Hours,District 2 (Northeast),,FAYETTE,,Co Rd B40/GREAT RIVER RD & EAGLE RD,Collision with:  Animal,On Roadway,Non-collision (single vehicle),Animal,None Indicated,,Dark - roadway not lighted,Dry,Clear,,Non-intersection:  Non-junction/no special feature,Paved,,Property Damage Only,0,0,0,0,0,0,3000,1,1,,POINT (-91.730201628891 43.029643810049)
2014801962,2014-32176,05/18/2014,05-May,1-Sunday,21:35,2100 Hours,District 6 (East Central),DAVENPORT,SCOTT,,W 5TH ST & BROWN ST,Collision with:  Vehicle in traffic,On Roadway,Rear-end (front to rear),Followed too close,None Indicated,,Dark - roadway lighted,Dry,Clear,None apparent,Non-intersection:  Non-junction/no special feature,Paved,,Property Damage Only,0,0,0,0,0,0,5000,2,3,,POINT (-90.584383226642 41.524629038724)
2014799665,2014-32055,05/18/2014,05-May,1-Sunday,09:10,0900 Hours,District 6 (East Central),DAVENPORT,SCOTT,,E 53RD ST & CORPORATE PARK DR,Collision with:  Vehicle in traffic,On Roadway,"Sideswipe, same direction",Improper or erratic lane changing,None Indicated,,Daylight,Dry,Clear,None apparent,Intersection:  Four-way intersection,Paved,,Property Damage Only,0,0,0,0,0,0,4500,2,2,,POINT (-90.517167904561 41.574884131759)
2014801022,73-2014,05/18/2014,05-May,1-Sunday,17:45,1700 Hours,District 4 (Southwest),,HARRISON,,280TH ST & MONROE AVE,Collision with fixed object:  Ditch,Roadside,Non-collision (single vehicle),Swerving/Evasive Action,None Indicated,,Daylight,"Mud, dirt",Clear,"Surface condition (e.g., wet, icy)",Non-intersection:  Non-junction/no special feature,Unpaved,,Minor Injury,0,1,0,1,0,0,3500,1,1,,POINT (-95.846870182973 41.602870266928)
2014799490,1400000418,05/18/2014,05-May,1-Sunday,21:54,2100 Hours,District 1 (Central),,MARSHALL,,NORTH CENTER ST RD,Collision with fixed object:  Bridge overhead structure,Shoulder,Non-collision (single vehicle),Crossed centerline (undivided),None Indicated,,Dark - roadway not lighted,Dry,Cloudy,None apparent,Non-intersection:  Other non-intersection (explain in narrative),Paved,,Property Damage Only,0,0,0,0,0,0,17000,1,1,,POINT (-92.922871408764 42.066017573146)
2014828302,14050480,05/18/2014,05-May,1-Sunday,18:58,1800 Hours,District 5 (Southeast),,WAPELLO,US 63,US 63,Collision with:  Animal,,,Animal,None Indicated,,,,,,,Paved,,Property Damage Only,0,0,0,0,0,0,1500,1,1,,POINT (-92.448326441944 41.095012052466)
2014799484,14072105,05/18/2014,05-May,1-Sunday,06:20,0600 Hours,District 6 (East Central),NORTH LIBERTY,JOHNSON,,Co Rd F28/PENN ST,Collision with fixed object:  Utility pole/light support,Outside trafficway,Non-collision (single vehicle),Ran off road - right,Alcohol (Statutory),,Daylight,Dry,Clear,None apparent,Non-intersection:  Non-junction/no special feature,Paved,,Property Damage Only,0,0,0,0,0,0,17500,1,1,,POINT (-91.621126375012 41.752357211333)
2014803030,2014-32171,05/18/2014,05-May,1-Sunday,21:09,2100 Hours,District 6 (East Central),DAVENPORT,SCOTT,US 67,US 67/GAINES ST,Collision with fixed object:  Bridge overhead structure,On Roadway,Non-collision (single vehicle),Unknown,None Indicated,,Dark - roadway lighted,Dry,Clear,None apparent,Non-intersection:  Non-junction/no special feature,Paved,,Property Damage Only,0,0,0,0,0,0,4500,1,1,,POINT (-90.583515419739 41.519287993113)
2014804036,14-6948,05/18/2014,05-May,1-Sunday,22:35,2200 Hours,District 6 (East Central),,JACKSON,,258 AVE,Non-collision events:  Other non-collision (explain in narrative),Outside trafficway,Non-collision (single vehicle),Ran off road - left,None Indicated,,Dark - roadway not lighted,Dry,Clear,None apparent,Non-intersection:  Non-junction/no special feature,Unpaved,,Property Damage Only,0,0,0,0,0,0,5250,1,2,,POINT (-90.593842885188 42.335675008447)
2014799277,14-3262,05/18/2014,05-May,1-Sunday,15:04,1500 Hours,District 1 (Central),POLK CITY,POLK,IA 415,IA 415/NW 112 AVE,Collision with fixed object:  Guardrail - face,Shoulder,Non-collision (single vehicle),Ran off road - left,None Indicated,,Daylight,Dry,Clear,None apparent,Non-intersection:  Non-junction/no special feature,Paved,,Property Damage Only,0,0,0,0,0,0,10150,1,1,,POINT (-93.750838615232 41.755854594643)
2014799733,14-170518-01,05/18/2014,05-May,1-Sunday,21:10,2100 Hours,District 6 (East Central),,IOWA,IA 149,IA 149/M AVE,Collision with:  Animal,,,Animal,None Indicated,,,,,,,Paved,,Property Damage Only,0,0,0,0,0,0,2500,1,1,,POINT (-92.065111808922 41.520644154615)
2014800532,2014029644,05/18/2014,05-May,1-Sunday,07:47,0700 Hours,District 6 (East Central),,SCOTT,I-80,I-80,Collision with fixed object:  Guardrail - face,Median,Non-collision (single vehicle),Over correcting/over steering,None Indicated,,Daylight,Dry,Clear,None apparent,Non-intersection:  Non-junction/no special feature,Paved,,Property Damage Only,0,0,0,0,0,0,10684,1,2,,POINT (-90.785830211421 41.617085176442)
2014799158,14048618,05/18/2014,05-May,1-Sunday,00:15,0000 Hours,District 2 (Northeast),CEDAR FALLS,BLACK HAWK,,UNION RD,Collision with fixed object:  Ditch,On Roadway,Non-collision (single vehicle),Swerving/Evasive Action,None Indicated,,Dark - roadway not lighted,Dry,Cloudy,None apparent,Non-intersection:  Non-junction/no special feature,Unpaved,,Property Damage Only,0,0,0,0,0,0,10100,1,2,,POINT (-92.495017819734 42.50677588472)
2014799288,20140013635,05/18/2014,05-May,1-Sunday,13:05,1300 Hours,District 1 (Central),DES MOINES,POLK,,LOCUST ST,Collision with:  Parked motor vehicle,On Roadway,Head-on (front to front),Lost Control,None Indicated,,Daylight,Dry,Clear,None apparent,Non-intersection:  Non-junction/no special feature,Paved,,Property Damage Only,0,0,0,0,0,0,2250,2,3,,POINT (-93.63152954626 41.58543704648)
2014799478,C14001523,05/18/2014,05-May,1-Sunday,18:04,1800 Hours,District 6 (East Central),CORALVILLE,JOHNSON,I-80,I-80 & IA 965/CORAL RIDGE AVE & COMMERCE DR,Collision with:  Vehicle in traffic,On Roadway,Broadside (front to side),Unknown,None Indicated,,Daylight,Dry,Clear,None apparent,Non-intersection:  Non-junction/no special feature,Paved,,Property Damage Only,0,0,0,0,0,0,6000,2,2,,POINT (-91.608463777811 41.695966106141)
2014801509,14004289,05/18/2014,05-May,1-Sunday,21:24,2100 Hours,District 6 (East Central),,BUCHANAN,,Co Rd W45/SLATER AVE,Collision with:  Animal,,,Animal,None Indicated,,,,,,,Paved,,Property Damage Only,0,0,0,0,0,0,5000,1,777,,POINT (-91.726006251993 42.582595951159)
2014799405,14-15387,05/18/2014,05-May,1-Sunday,19:07,1900 Hours,District 3 (Northwest),SIOUX CITY,WOODBURY,,FLOYD BLVD,Collision with:  Vehicle in traffic,On Roadway,Broadside (front to side),Crossed centerline (undivided),Refused,,Daylight,Dry,Clear,None apparent,Non-intersection:  Non-junction/no special feature,Paved,,Property Damage Only,0,0,0,0,0,0,10000,2,5,,POINT (-96.385707561517 42.515508451293)
2014804460,1405182005,05/18/2014,05-May,1-Sunday,20:05,2000 Hours,District 6 (East Central),CASCADE,JONES,US 151,US 151,Collision with:  Animal,,,Animal,None Indicated,,,,,,,Paved,,Property Damage Only,0,0,0,0,0,0,1500,1,1,,POINT (-91.137962416264 42.275985365807)
2014812834,14-003301,05/18/2014,05-May,1-Sunday,17:30,1700 Hours,District 3 (Northwest),MALLARD,PALO ALTO,IA 4,IA 4/460 AVE & Co Rd B63/490 ST & INMAN ST,Collision with:  Vehicle in traffic,Outside trafficway,"Sideswipe, opposite direction",Made improper turn,None Indicated,,Daylight,Dry,Cloudy,None apparent,Non-intersection:  Driveway access (within),Paved,,Property Damage Only,0,0,0,0,0,0,1750,2,3,,POINT (-94.678643347081 42.937722803365)
2014801985,2014029702,05/18/2014,05-May,1-Sunday,14:28,1400 Hours,District 5 (Southeast),,LEE,US 218,US 218,Collision with:  Parked motor vehicle,Shoulder,Rear-end (front to rear),Unknown,None Indicated,,Daylight,Dry,Clear,None apparent,Non-intersection:  Non-junction/no special feature,Paved,,Possible/Unknown,0,1,0,0,1,0,1500,2,4,,POINT (-91.56384770955 40.757555570441)
2014800256,2014029743,05/18/2014,05-May,1-Sunday,18:09,1800 Hours,District 2 (Northeast),,KOSSUTH,US 18,US 18 & 215 AVE,Collision with:  Vehicle in traffic,On Roadway,"Sideswipe, opposite direction",Crossed centerline (undivided),None Indicated,,Daylight,Dry,Clear,None apparent,Non-intersection:  Non-junction/no special feature,Paved,,Minor Injury,0,2,0,1,1,0,35000,3,3,,POINT (-94.03941635538 43.085403328469)
2014799193,14-16503,05/18/2014,05-May,1-Sunday,01:23,0100 Hours,District 5 (Southeast),BURLINGTON,DES MOINES,,MARKET ST,Collision with:  Parked motor vehicle,Shoulder,Broadside (front to side),Swerving/Evasive Action,None Indicated,,Dark - roadway lighted,Dry,Cloudy,None apparent,Non-intersection:  Non-junction/no special feature,Paved,,Property Damage Only,0,0,0,0,0,0,6000,2,1,,POINT (-91.118454940062 40.809820360299)
2014799973,201406966,05/18/2014,05-May,1-Sunday,18:14,1800 Hours,District 6 (East Central),CEDAR RAPIDS,LINN,IA 922,IA 922/1ST AVE E & 2ND ST SE & 2ND ST NE,Collision with:  Vehicle in traffic,On Roadway,"Angle, oncoming left turn",FTYROW:  Making left turn,None Indicated,,Daylight,Dry,Clear,None apparent,Intersection:  Four-way intersection,Paved,,Minor Injury,0,1,0,1,0,0,6000,2,3,,POINT (-91.668711053982 41.978705181942)