Iowa DOT Case Number,Law Enforcement Case Number,Date of Crash,Month of Crash,Day of Week,Time of Crash,Hour,DOT District,City Name,County Name,Route with System,Location Description,First Harmful Event,Location of First Harmful Event,Manner of Crash/Collision,Major Cause,Drug or Alcohol ,Environmental Conditions,Light Conditions,Surface Conditions,Weather Conditions,Roadway Contribution,Roadway Type,Roadway Surface,Work Zone,Crash Severity,Number of Fatalities,Number of Injuries,Number of Major Injuries,Number of Minor Injuries,Number of Possible Injuries,Number of Unknown Injuries,Amount of Property Damage,Number of Vehicles Involved,Total Number of Occupants,Travel Direction,Location
2014799900,,05/19/2014,05-May,2-Monday,13:15,1300 Hours,District 4 (Southwest),,AUDUBON,,JAY AVE,Non-collision events:  Overturn/rollover,Gore,Non-collision (single vehicle),Ran off road - right,None Indicated,,Daylight,Dry,Cloudy,None apparent,Non-intersection:  Non-junction/no special feature,Unpaved,,Property Damage Only,0,0,0,0,0,0,8000,1,1,,POINT (-94.918217875517 41.734637655529)
2014800930,2014029781,05/19/2014,05-May,2-Monday,08:00,0800 Hours,District 1 (Central),URBANDALE,POLK,I-35,I-35,Collision with:  Vehicle in traffic,On Roadway,Rear-end (front to rear),"Operating vehicle in an reckless, erratic, careless, negligent manner",None Indicated,,Daylight,Dry,Clear,None apparent,Non-intersection:  Non-junction/no special feature,Paved,,Possible/Unknown,0,1,0,0,1,0,13000,3,3,,POINT (-93.776834646739 41.62317891662)
2014800394,14-020753,05/19/2014,05-May,2-Monday,14:46,1400 Hours,District 5 (Southeast),MUSCATINE,MUSCATINE,,E 2ND ST & OAK ST,Collision with:  Vehicle in traffic,On Roadway,Rear-end (front to rear),Other (explain in narrative):  Other,None Indicated,,Daylight,Dry,Clear,None apparent,Intersection:  Four-way intersection,Paved,,Possible/Unknown,0,2,0,0,0,2,5500,3,3,,POINT (-91.03933071741 41.424838246565)
2014802671,14-000607,05/19/2014,05-May,2-Monday,06:50,0600 Hours,District 1 (Central),,STORY,,Co Rd E18/130TH ST & 590TH AVE,Collision with:  Animal,,,Animal,None Indicated,,,,,,,Paved,,Property Damage Only,0,0,0,0,0,0,4500,1,1,,POINT (-93.521442006624 42.16633455685)
2014804913,SA1403682,05/19/2014,05-May,2-Monday,00:40,0000 Hours,District 5 (Southeast),BRIGHTON,WASHINGTON,,BENTON ST,Collision with fixed object:  Utility pole/light support,Outside trafficway,Non-collision (single vehicle),Exceeded authorized speed,Alcohol (Statutory),,Dark - roadway lighted,Wet,Cloudy,None apparent,Non-intersection:  Alley,Paved,,Property Damage Only,0,0,0,0,0,0,11000,1,1,,POINT (-91.818742593414 41.175184537003)
2014799508,20140013695,05/19/2014,05-May,2-Monday,04:23,0400 Hours,District 1 (Central),DES MOINES,POLK,,GRAND AVE & 3RD ST,Collision with:  Vehicle in traffic,On Roadway,Broadside (front to side),Ran Traffic Signal,None Indicated,,Dark - roadway lighted,Dry,Clear,None apparent,Intersection:  Four-way intersection,Paved,,Possible/Unknown,0,1,0,0,0,1,5500,2,3,,POINT (-93.62149414568 41.588581219711)
2014799671,2014-32458,05/19/2014,05-May,2-Monday,21:29,2100 Hours,District 6 (East Central),DAVENPORT,SCOTT,,E 53RD ST & WOODLAND AVE,Collision with:  Vehicle in traffic,On Roadway,Rear-end (front to rear),Followed too close,None Indicated,,Dark - roadway lighted,Dry,Cloudy,None apparent,Intersection:  T-intersection,Paved,,Property Damage Only,0,0,0,0,0,0,8000,2,4,,POINT (-90.538796043581 41.574800025449)
2014799520,14-019904,05/19/2014,05-May,2-Monday,07:50,0700 Hours,District 4 (Southwest),COUNCIL BLUFFS,POTTAWATTAMIE,I-29,I-29 & IA 192/S EXPRESSWAY & SERVICE ROAD E,Collision with:  Vehicle in traffic,On Roadway,Rear-end (front to rear),Followed too close,None Indicated,,Daylight,Dry,Cloudy,None apparent,Intersection:  Four-way intersection,Paved,,Possible/Unknown,0,1,0,0,1,0,550,2,3,,POINT (-95.851306648761 41.233525086823)
2014800458,14-002431,05/19/2014,05-May,2-Monday,08:35,0800 Hours,District 1 (Central),AMES,STORY,I-35,I-35,Collision with:  Animal,,,Animal,None Indicated,,,,,,,Paved,,Property Damage Only,0,0,0,0,0,0,4000,1,1,,POINT (-93.571198520155 42.011321230276)
2014799537,14-15454,05/19/2014,05-May,2-Monday,10:52,1000 Hours,District 3 (Northwest),SIOUX CITY,WOODBURY,,5TH ST & PIERCE ST,Collision with:  Vehicle in traffic,On Roadway,Broadside (front to side),Ran Traffic Signal,None Indicated,,Daylight,Dry,Cloudy,None apparent,Intersection:  Four-way intersection,Paved,,Possible/Unknown,0,2,0,0,2,0,6100,2,2,,POINT (-96.404934016469 42.495263400012)
2014799582,01-14-21253,05/19/2014,05-May,2-Monday,21:14,2100 Hours,District 6 (East Central),DUBUQUE,DUBUQUE,,GRANDVIEW AVE,Collision with:  Vehicle in traffic,On Roadway,Rear-end (front to rear),Lost Control,None Indicated,,Dark - roadway lighted,Dry,Cloudy,None apparent,Intersection:  Y-intersection,Paved,,Possible/Unknown,0,2,0,0,2,0,6000,3,6,,POINT (-90.691322925096 42.516075771758)
2014801198,90-14-151,05/19/2014,05-May,2-Monday,15:14,1500 Hours,District 2 (Northeast),DAKOTA CITY,HUMBOLDT,,1ST AVE N & 2ND ST N,Collision with:  Vehicle in traffic,On Roadway,Broadside (front to side),Other (explain in narrative):  Other,None Indicated,,Daylight,Dry,Cloudy,None apparent,Intersection:  Four-way intersection,Paved,,Property Damage Only,0,0,0,0,0,0,2100,2,2,,POINT (-94.205817064528 42.722432329882)
2014799935,14007207,05/19/2014,05-May,2-Monday,14:10,1400 Hours,District 6 (East Central),,CEDAR,I-80,I-80,Collision with fixed object:  Ditch,On Roadway,Non-collision (single vehicle),Crossed centerline (undivided),None Indicated,,Daylight,Dry,Cloudy,None apparent,Non-intersection:  Other non-intersection (explain in narrative),Paved,,Minor Injury,0,3,0,1,2,0,5000,1,4,,POINT (-91.245194670853 41.663341750579)
2014799541,14-15495,05/19/2014,05-May,2-Monday,17:32,1700 Hours,District 3 (Northwest),SIOUX CITY,WOODBURY,I-29,I-29,Collision with:  Vehicle in traffic,On Roadway,Broadside (front to side),FTYROW:  From stop sign,None Indicated,,Daylight,Dry,Cloudy,None apparent,Intersection:  Intersection with ramp,Paved,,Property Damage Only,0,0,0,0,0,0,3650,2,2,,POINT (-96.394830360052 42.487090246395)
2014799469,SO1401852,05/19/2014,05-May,2-Monday,03:18,0300 Hours,District 5 (Southeast),,JEFFERSON,US 34,US 34,Collision with:  Animal,,,Animal,None Indicated,,,,,,,Paved,,Property Damage Only,0,0,0,0,0,0,2000,1,1,,POINT (-91.911822460369 41.002294704452)
2014799975,201406995,05/19/2014,05-May,2-Monday,10:14,1000 Hours,District 6 (East Central),CEDAR RAPIDS,LINN,,16TH AVE SW,Collision with:  Vehicle in traffic,On Roadway,"Sideswipe, same direction",Improper or erratic lane changing,None Indicated,,Daylight,Dry,Cloudy,Work Zone (roadway-related),Non-intersection:  Non-junction/no special feature,Paved,Yes,Property Damage Only,0,0,0,0,0,0,3000,2,3,,POINT (-91.6768708036 41.961786334024)
2014800534,2014029770,05/19/2014,05-May,2-Monday,05:30,0500 Hours,District 4 (Southwest),,DALLAS,I-80,I-80,Collision with:  Animal,,,Animal,None Indicated,,,,,,,Paved,,Property Damage Only,0,0,0,0,0,0,8000,1,1,,POINT (-93.887135605336 41.561555107644)
2014801496,,05/19/2014,05-May,2-Monday,20:30,2000 Hours,District 2 (Northeast),,ALLAMAKEE,,Co Rd X42/LANSING HARPERS RD,Collision with:  Animal,On Roadway,Non-collision (single vehicle),Animal,None Indicated,,Dusk,Dry,Clear,,Non-intersection:  Non-junction/no special feature,Paved,,Property Damage Only,0,0,0,0,0,0,2800,1,1,,POINT (-91.233039381646 43.321177860151)
2014799630,20140013696,05/19/2014,05-May,2-Monday,05:24,0500 Hours,District 5 (Southeast),DES MOINES,WARREN,US 65,US 65,Collision with:  Animal,On Roadway,Non-collision (single vehicle),Animal,None Indicated,,Daylight,Dry,Clear,None apparent,Non-intersection:  Non-junction/no special feature,Paved,,Property Damage Only,0,0,0,0,0,0,1500,1,1,,POINT (-93.567575334542 41.49383265765)
2014799904,,05/19/2014,05-May,2-Monday,11:06,1100 Hours,District 3 (Northwest),COON RAPIDS,CARROLL,,4TH AVE,Non-collision events:  Other non-collision (explain in narrative),On Roadway,Rear-end (front to rear),Unknown,None Indicated,,Daylight,Dry,Clear,None apparent,Non-intersection:  Non-junction/no special feature,Paved,,Property Damage Only,0,0,0,0,0,0,3000,2,1,,POINT (-94.676156599383 41.872622219265)
2014799509,20140013796,05/19/2014,05-May,2-Monday,21:28,2100 Hours,District 1 (Central),DES MOINES,POLK,US 6,US 6/E EUCLID AVE & E 25TH ST,Non-collision events:  Other non-collision (explain in narrative),On Roadway,Non-collision (single vehicle),FTYROW:  From driveway,None Indicated,,Dark - roadway lighted,Dry,Clear,None apparent,Non-intersection:  Driveway access (within),Paved,,Possible/Unknown,0,1,0,0,1,0,8000,2,2,,POINT (-93.570873104568 41.62773693618)
2014806662,2014029782,05/19/2014,05-May,2-Monday,07:46,0700 Hours,District 3 (Northwest),HORNICK,WOODBURY,,Co Rd D65/310TH ST & Co Rd K53/FAYETTE AVE,Non-collision events:  Overturn/rollover,On Roadway,Non-collision (single vehicle),Ran off road - left,Alcohol (Statutory),,Daylight,Dry,Clear,None apparent,Non-intersection:  Non-junction/no special feature,Unpaved,,Property Damage Only,0,0,0,0,0,0,10000,1,1,,POINT (-96.154474040716 42.25699454906)
2014808045,2014029965,05/19/2014,05-May,2-Monday,21:30,2100 Hours,District 2 (Northeast),CEDAR FALLS,BLACK HAWK,US 20,US 20,Collision with:  Animal,On Roadway,Non-collision (single vehicle),Animal,None Indicated,,Dark - roadway not lighted,Dry,Clear,None apparent,Non-intersection:  Non-junction/no special feature,Paved,,Property Damage Only,0,0,0,0,0,0,4500,1,2,,POINT (-92.451008058347 42.46466021606)
2014799505,20140013761,05/19/2014,05-May,2-Monday,16:32,1600 Hours,District 1 (Central),DES MOINES,POLK,US 69,US 69/SE 14TH ST & E WATROUS AVE,Collision with:  Vehicle in traffic,On Roadway,"Angle, oncoming left turn",Ran Traffic Signal,None Indicated,,Daylight,Dry,Cloudy,None apparent,Intersection:  Four-way intersection,Paved,,Property Damage Only,0,0,0,0,0,0,6500,2,3,,POINT (-93.596802091414 41.548089178978)
2014800574,14-5200113RT,05/19/2014,05-May,2-Monday,22:30,2200 Hours,District 5 (Southeast),OSCEOLA,CLARKE,,E VINE ST,Collision with:  Parked motor vehicle,On Roadway,"Sideswipe, same direction",Other (explain in narrative):  Other,None Indicated,,Dark - roadway lighted,Dry,Clear,None apparent,Non-intersection:  Non-junction/no special feature,Paved,,Property Damage Only,0,0,0,0,0,0,4500,2,1,,POINT (-93.763654613579 41.028619952559)
2014799538,14-15456,05/19/2014,05-May,2-Monday,11:19,1100 Hours,District 3 (Northwest),SIOUX CITY,WOODBURY,US 20,US 20/RAMP,Collision with:  Vehicle in traffic,On Roadway,Rear-end (front to rear),Followed too close,None Indicated,,Daylight,Dry,Cloudy,None apparent,"Interchange-related:  Off-ramp, diverge area",Paved,,Property Damage Only,0,0,0,0,0,0,2400,2,3,,POINT (-96.351434653442 42.443148017816)
2014799451,14049123,05/19/2014,05-May,2-Monday,13:21,1300 Hours,District 2 (Northeast),CEDAR FALLS,BLACK HAWK,,6TH ST & WASHINGTON ST,Collision with:  Parked motor vehicle,On Roadway,Rear-end (front to rear),Lost Control,None Indicated,,Daylight,Dry,Clear,None apparent,Non-intersection:  Non-junction/no special feature,Paved,,Property Damage Only,0,0,0,0,0,0,1900,2,1,,POINT (-92.446840077752 42.533228684494)
2014799481,2014005513,05/19/2014,05-May,2-Monday,08:45,0800 Hours,District 6 (East Central),IOWA CITY,JOHNSON,,MELROSE AVE & MELROSE PL,Collision with:  Vehicle in traffic,On Roadway,Broadside (front to side),FTYROW:  Other (explain in narrative),None Indicated,,Daylight,Dry,Cloudy,None apparent,Intersection:  T-intersection,Paved,,Property Damage Only,0,0,0,0,0,0,3000,2,2,,POINT (-91.549627828749 41.656887389384)
2014799535,14-1484,05/19/2014,05-May,2-Monday,18:04,1800 Hours,District 1 (Central),FORT DODGE,WEBSTER,,S 22ND ST,Collision with:  Vehicle in traffic,On Roadway,"Sideswipe, opposite direction",Crossed centerline (undivided),None Indicated,,Daylight,Dry,Cloudy,None apparent,Non-intersection:  Non-junction/no special feature,Paved,,Minor Injury,0,1,0,1,0,0,5000,2,1,,POINT (-94.167882207973 42.496047768218)
2014820436,2014-38-AC,05/19/2014,05-May,2-Monday,05:30,0500 Hours,District 3 (Northwest),,DICKINSON,,Co Rd M34/150TH AVE,Collision with:  Animal,,,Animal,None Indicated,,,,,,,Paved,,Property Damage Only,0,0,0,0,0,0,1500,1,1,,POINT (-95.289192888771 43.411553656762)
2014799540,14-15489,05/19/2014,05-May,2-Monday,16:31,1600 Hours,District 3 (Northwest),SIOUX CITY,WOODBURY,,W 4TH ST & CASSELMAN ST,Collision with:  Vehicle in traffic,On Roadway,Rear-end (front to rear),Followed too close,None Indicated,,Daylight,Dry,Cloudy,None apparent,Intersection:  T-intersection,Paved,,Property Damage Only,0,0,0,0,0,0,2500,2,3,,POINT (-96.442981653162 42.49990623566)
2014809944,14-3385PD,05/19/2014,05-May,2-Monday,15:32,1500 Hours,District 1 (Central),BOONE,BOONE,,8TH ST,Collision with:  Parked motor vehicle,On Roadway,"Sideswipe, same direction","Operating vehicle in an reckless, erratic, careless, negligent manner",None Indicated,,Daylight,Dry,Cloudy,None apparent,Non-intersection:  Non-junction/no special feature,Paved,,Property Damage Only,0,0,0,0,0,0,3200,2,1,,POINT (-93.889028424832 42.063743872323)
2014844089,CP14-0510,05/19/2014,05-May,2-Monday,15:30,1500 Hours,District 2 (Northeast),CLARION,WRIGHT,,WILLOW DR & 11TH ST NE,Collision with:  Vehicle in traffic,On Roadway,Broadside (front to side),Other (explain in narrative):  Vision obstructed,None Indicated,,Daylight,Dry,Clear,None apparent,Non-intersection:  Non-junction/no special feature,Paved,,Property Damage Only,0,0,0,0,0,0,5000,2,3,,POINT (-93.718370064741 42.73636116809)
2014799452,W14-049118,05/19/2014,05-May,2-Monday,13:10,1300 Hours,District 2 (Northeast),WATERLOO,BLACK HAWK,,W 5TH ST & COMMERCIAL ST,Collision with:  Vehicle in traffic,On Roadway,"Angle, oncoming left turn",FTYROW:  Making left turn,None Indicated,,Daylight,Dry,Cloudy,None apparent,Intersection:  Four-way intersection,Paved,,Possible/Unknown,0,1,0,0,1,0,5000,2,4,,POINT (-92.338656059646 42.49443476259)
2014799615,1400000423,05/19/2014,05-May,2-Monday,18:30,1800 Hours,District 1 (Central),MARSHALLTOWN,MARSHALL,,200TH ST & ABBOTT AVE & 260TH ST,Collision with fixed object:  Ditch,On Roadway,Non-collision (single vehicle),Ran off road - left,None Indicated,,Daylight,Dry,Clear,None apparent,Intersection:  Four-way intersection,Unpaved,,Possible/Unknown,0,1,0,0,1,0,3650,1,2,,POINT (-92.76647020482 42.063986573641)
2014799688,2014029765,05/19/2014,05-May,2-Monday,01:16,0100 Hours,District 3 (Northwest),ONAWA,MONONA,,225TH ST,Collision with fixed object:  Ditch,Outside trafficway,Non-collision (single vehicle),Exceeded authorized speed,None Indicated,,Dark - roadway not lighted,Dry,Cloudy,None apparent,Non-intersection:  Non-junction/no special feature,Unpaved,,Fatal,1,0,0,0,0,0,5000,1,1,,POINT (-96.120275994261 42.03094856066)
2014799522,14-019991,05/19/2014,05-May,2-Monday,16:31,1600 Hours,District 4 (Southwest),COUNCIL BLUFFS,POTTAWATTAMIE,,N 10TH ST & N 8TH ST,Collision with:  Vehicle in traffic,On Roadway,"Sideswipe, same direction",Other (explain in narrative):  Other,None Indicated,,Daylight,Dry,Cloudy,None apparent,Non-intersection:  Non-junction/no special feature,Paved,,Property Damage Only,0,0,0,0,0,0,3000,2,2,,POINT (-95.858941280904 41.274800915391)
2014799798,14-5775,05/19/2014,05-May,2-Monday,07:25,0700 Hours,District 3 (Northwest),ORANGE CITY,SIOUX,,5TH ST SW,Collision with:  Parked motor vehicle,On Roadway,Head-on (front to front),Unknown,None Indicated,,Daylight,Wet,Rain,None apparent,Non-intersection:  Non-junction/no special feature,Paved,,Property Damage Only,0,0,0,0,0,0,3500,2,0,,POINT (-96.071210478926 43.000946545125)
2014799536,14-15450,05/19/2014,05-May,2-Monday,10:31,1000 Hours,District 3 (Northwest),SIOUX CITY,WOODBURY,,S FAIRMOUNT ST,Collision with:  Vehicle in traffic,Outside trafficway,Broadside (front to side),Other (explain in narrative):  No improper action,None Indicated,,Daylight,Dry,Cloudy,Work Zone (roadway-related),Non-intersection:  Alley,Paved,Yes,Property Damage Only,0,0,0,0,0,0,5000,2,3,,POINT (-96.374465735144 42.487116048725)
2014799242,14010061,05/19/2014,05-May,2-Monday,09:30,0900 Hours,District 6 (East Central),MARION,LINN,,12TH AVE & 27TH ST,Collision with:  Vehicle in traffic,On Roadway,"Angle, oncoming left turn",FTYROW:  Making left turn,None Indicated,,Daylight,Dry,Cloudy,None apparent,Intersection:  Four-way intersection,Paved,,Property Damage Only,0,0,0,0,0,0,7000,2,2,,POINT (-91.583788255511 42.038400690923)
2014805930,14-006892,05/19/2014,05-May,2-Monday,16:08,1600 Hours,District 3 (Northwest),SPENCER,CLAY,,5TH AVE E,Collision with:  Vehicle in traffic,On Roadway,"Sideswipe, same direction",Other (explain in narrative):  No improper action,None Indicated,,Daylight,Dry,Cloudy,None apparent,Non-intersection:  Non-junction/no special feature,Paved,,Property Damage Only,0,0,0,0,0,0,1600,2,1,,POINT (-95.138596812711 43.153013871408)
2014801560,046-14,05/19/2014,05-May,2-Monday,21:31,2100 Hours,District 4 (Southwest),,MADISON,,PRAIRIEVIEW AVE,Collision with:  Animal,,,Animal,None Indicated,,,,,,,Unpaved,,Property Damage Only,0,0,0,0,0,0,1500,1,1,,POINT (-93.954777338211 41.503114704395)
2014799518,14-0557,05/19/2014,05-May,2-Monday,16:10,1600 Hours,District 1 (Central),PLEASANT HILL,POLK,,NE 12TH AVE & N SLOANS WAY,Collision with:  Vehicle in traffic,On Roadway,Rear-end (front to rear),Improper Backing,None Indicated,,Daylight,Dry,Cloudy,None apparent,Intersection:  T-intersection,Paved,,Property Damage Only,0,0,0,0,0,0,5005,2,2,,POINT (-93.505246467103 41.60061708865)
2014799699,W14-049135,05/19/2014,05-May,2-Monday,14:06,1400 Hours,District 2 (Northeast),WATERLOO,BLACK HAWK,,CROSSROADS BLVD,Collision with:  Parked motor vehicle,Outside trafficway,"Sideswipe, opposite direction",Improper Backing,None Indicated,,Daylight,Dry,Clear,None apparent,Non-intersection:  Non-junction/no special feature,Paved,,Property Damage Only,0,0,0,0,0,0,1700,2,2,,POINT (-92.323379159928 42.464356088338)
2014850945,14-003760,05/19/2014,05-May,2-Monday,20:48,2000 Hours,District 5 (Southeast),,LOUISA,,Co Rd X99/CO HWY 99,Collision with:  Animal,,,Animal,None Indicated,,,,,,,Paved,,Property Damage Only,0,0,0,0,0,0,1501,1,1,,POINT (-91.058710640388 41.139073924998)
2014799493,14-3303,05/19/2014,05-May,2-Monday,19:08,1900 Hours,District 1 (Central),DES MOINES,POLK,,NW 53ND CT,Collision with:  Vehicle in traffic,On Roadway,"Sideswipe, opposite direction",Traveling wrong way or on wrong side of road,None Indicated,,Daylight,Dry,Cloudy,None apparent,Non-intersection:  Non-junction/no special feature,Paved,,Property Damage Only,0,0,0,0,0,0,5500,2,4,,POINT (-93.691435787206 41.646575482836)
2014800883,2014-32405,05/19/2014,05-May,2-Monday,17:40,1700 Hours,District 6 (East Central),DAVENPORT,SCOTT,US 6,US 6/E KIMBERLY RD & IA 461/BRADY ST,Collision with:  Vehicle in traffic,On Roadway,Rear-end (front to rear),Followed too close,None Indicated,,Daylight,Dry,Clear,None apparent,Intersection:  Four-way intersection,Paved,,Property Damage Only,0,0,0,0,0,0,1700,2,2,,POINT (-90.568210265625 41.560277558189)
2014799669,2014-32264,05/19/2014,05-May,2-Monday,09:31,0900 Hours,District 6 (East Central),DAVENPORT,SCOTT,US 67,US 67/GAINES ST/NE RAMP,Collision with:  Vehicle in traffic,On Roadway,Rear-end (front to rear),Followed too close,None Indicated,,Daylight,Dry,Cloudy,None apparent,Interchange-related:  On-ramp merge area,Paved,,Possible/Unknown,0,2,0,0,2,0,6000,2,3,,POINT (-90.583509972512 41.521044134694)
2014799976,201407020,05/19/2014,05-May,2-Monday,16:03,1600 Hours,District 6 (East Central),CEDAR RAPIDS,LINN,IA 922,IA 922/1ST AVE E & 2ND ST SE & 2ND ST NE,Collision with:  Non-motorist (see non-motorist section - NOT a unit),On Roadway,Non-collision (single vehicle),FTYROW:  Making left turn,None Indicated,,Daylight,Dry,Clear,None apparent,Intersection:  Four-way intersection,Paved,,Minor Injury,0,1,0,1,0,0,200,1,1,,POINT (-91.668711053982 41.978705181942)
2014800460,14-002436,05/19/2014,05-May,2-Monday,14:15,1400 Hours,District 1 (Central),AMES,STORY,US 69,US 69/S DUFF AVE,Collision with:  Vehicle in traffic,On Roadway,"Sideswipe, same direction",FTYROW:  Other (explain in narrative),None Indicated,,Daylight,Dry,Cloudy,None apparent,Non-intersection:  Non-junction/no special feature,Paved,,Property Damage Only,0,0,0,0,0,0,4999,2,2,,POINT (-93.610351811137 42.01640658942)
2014799707,14002890,05/19/2014,05-May,2-Monday,23:13,2300 Hours,District 2 (Northeast),,CERRO GORDO,,Co Rd B20/300TH ST,Collision with:  Animal,,,Animal,None Indicated,,,,,,,Paved,,Property Damage Only,0,0,0,0,0,0,3500,1,1,,POINT (-93.242445428947 43.194143536727)
2014799571,1405202421,05/19/2014,05-May,2-Monday,11:30,1100 Hours,District 6 (East Central),,CLINTON,US 30,US 30,Collision with:  Vehicle in traffic,On Roadway,"Sideswipe, same direction",Unknown,None Indicated,,Daylight,Dry,Cloudy,None apparent,Non-intersection:  Non-junction/no special feature,Paved,,Property Damage Only,0,0,0,0,0,0,6500,2,2,,POINT (-90.448147382164 41.815393137957)
2014799332,14-2283,05/19/2014,05-May,2-Monday,04:55,0400 Hours,District 1 (Central),WEST DES MOINES,POLK,IA 5,IA 5/IOWA 5,Collision with:  Animal,On Roadway,Non-collision (single vehicle),Animal,None Indicated,,Dark - roadway not lighted,Dry,Clear,None apparent,Non-intersection:  Non-junction/no special feature,Paved,,Property Damage Only,0,0,0,0,0,0,3000,1,2,,POINT (-93.75830177464 41.522790834347)
2014799618,14680665,05/19/2014,05-May,2-Monday,14:15,1400 Hours,District 5 (Southeast),,MONROE,,Co Rd H27/165TH ST,Collision with:  Vehicle in traffic,On Roadway,Broadside (front to side),FTYROW:  Other (explain in narrative),None Indicated,,Daylight,Dry,Clear,None apparent,Intersection:  Four-way intersection,Paved,,Property Damage Only,0,0,0,0,0,0,4000,2,2,,POINT (-92.793430588003 41.04495442949)
2014799548,,05/19/2014,05-May,2-Monday,03:30,0300 Hours,District 1 (Central),,GREENE,US 30,US 30/220TH,Collision with:  Animal,On Roadway,Non-collision (single vehicle),Animal,None Indicated,,Dark - roadway not lighted,Dry,Clear,,Non-intersection:  Non-junction/no special feature,Paved,,Property Damage Only,0,0,0,0,0,0,4942,1,1,,POINT (-94.49580102504 42.034616932206)
2014799880,2014029919,05/19/2014,05-May,2-Monday,14:50,1400 Hours,District 4 (Southwest),COUNCIL BLUFFS,POTTAWATTAMIE,I-29,I-29,Collision with fixed object:  Guardrail - face,Median,Non-collision (single vehicle),Crossed centerline (undivided),None Indicated,,Daylight,Dry,Cloudy,None apparent,Non-intersection:  Non-junction/no special feature,Paved,,Property Damage Only,0,0,0,0,0,0,18000,1,2,,POINT (-95.823716148745 41.178761801958)
2014802505,,05/19/2014,05-May,2-Monday,15:20,1500 Hours,District 2 (Northeast),,WINNESHIEK,IA 139,IA 139/IOWA 139,Non-collision events:  Overturn/rollover,On Roadway,Non-collision (single vehicle),Swerving/Evasive Action,None Indicated,,Daylight,Dry,Cloudy,None apparent,Non-intersection:  Non-junction/no special feature,Paved,,Possible/Unknown,0,1,0,0,1,0,6500,1,1,,POINT (-92.075409530254 43.392960671626)
2014799513,14-1082,05/19/2014,05-May,2-Monday,18:55,1800 Hours,District 1 (Central),URBANDALE,POLK,,AURORA AVE,Collision with:  Vehicle in traffic,On Roadway,Broadside (front to side),Ran Stop Sign,None Indicated,,Daylight,Dry,Cloudy,None apparent,Intersection:  Four-way intersection,Paved,,Property Damage Only,0,0,0,0,0,0,12500,2,4,,POINT (-93.712341537412 41.636684073754)
2014799498,20140013754,05/19/2014,05-May,2-Monday,16:00,1600 Hours,District 1 (Central),DES MOINES,POLK,,E DUNHAM AVE & SE 3RD ST,Collision with:  Other non-fixed object (explain in narrative),Outside trafficway,Non-collision (single vehicle),Ran Stop Sign,None Indicated,,Daylight,Dry,Clear,None apparent,Intersection:  Four-way intersection,Paved,,Property Damage Only,0,0,0,0,0,0,10500,1,1,,POINT (-93.611162722163 41.573162122385)
2014799335,14-2284,05/19/2014,05-May,2-Monday,07:51,0700 Hours,District 1 (Central),WEST DES MOINES,POLK,,PLEASANT ST & 50TH ST,Collision with:  Vehicle in traffic,On Roadway,Broadside (front to side),FTYROW:  From stop sign,None Indicated,,Daylight,Dry,Clear,None apparent,Intersection:  T-intersection,Paved,,Property Damage Only,0,0,0,0,0,0,8000,2,2,,POINT (-93.771071106519 41.590791845191)
2014801386,2014-32370,05/19/2014,05-May,2-Monday,15:55,1500 Hours,District 6 (East Central),DAVENPORT,SCOTT,,GROVE CT & EMERALD DR,Collision with:  Vehicle in traffic,On Roadway,Rear-end (front to rear),Followed too close,None Indicated,,Daylight,Dry,Cloudy,None apparent,Non-intersection:  Driveway access (within),Paved,,Property Damage Only,0,0,0,0,0,0,2000,2,3,,POINT (-90.637644265816 41.539741120608)
2014800376,201400001615,05/19/2014,05-May,2-Monday,07:45,0700 Hours,District 6 (East Central),CENTER POINT,LINN,,FAY RD,Non-collision events:  Overturn/rollover,Roadside,Non-collision (single vehicle),Swerving/Evasive Action,None Indicated,,Daylight,"Mud, dirt",Cloudy,None apparent,Non-intersection:  Non-junction/no special feature,Unpaved,,Possible/Unknown,0,1,0,0,1,0,1500,1,2,,POINT (-91.765113449475 42.176535021247)
2014831016,14-011967,05/19/2014,05-May,2-Monday,18:37,1800 Hours,District 2 (Northeast),,WORTH,,IRONWOOD AVE,Non-collision events:  Overturn/rollover,On Roadway,Non-collision (single vehicle),Swerving/Evasive Action,None Indicated,,Daylight,"Mud, dirt",Cloudy,None apparent,Non-intersection:  Non-junction/no special feature,Unpaved,,Minor Injury,0,1,0,1,0,0,8000,1,1,,POINT (-93.330329863922 43.412132084184)
2014799825,14C022227,05/19/2014,05-May,2-Monday,13:01,1300 Hours,District 4 (Southwest),CRESTON,UNION,US 34,US 34/W TAYLOR ST & S WALNUT ST,Collision with:  Vehicle in traffic,On Roadway,"Sideswipe, same direction",Made improper turn,None Indicated,,Daylight,Dry,Cloudy,None apparent,Non-intersection:  Non-junction/no special feature,Paved,,Property Damage Only,0,0,0,0,0,0,4000,2,3,,POINT (-94.360243913029 41.049191284657)
2014800580,14-16619,05/19/2014,05-May,2-Monday,05:19,0500 Hours,District 5 (Southeast),,DES MOINES,US 61,US 61,Collision with:  Animal,,,Animal,None Indicated,,,,,,,Paved,,Property Damage Only,0,0,0,0,0,0,2000,1,1,,POINT (-91.152399840259 40.760987906939)
2014800586,14-16644,05/19/2014,05-May,2-Monday,11:47,1100 Hours,District 5 (Southeast),WEST BURLINGTON,DES MOINES,,WASHINGTON RD,Non-collision events:  Overturn/rollover,Shoulder,Non-collision (single vehicle),Swerving/Evasive Action,None Indicated,,Daylight,Dry,Cloudy,None apparent,Non-intersection:  Non-junction/no special feature,Unpaved,,Possible/Unknown,0,1,0,0,1,0,10000,1,1,,POINT (-91.180097018494 40.80484622867)