Iowa DOT Case Number,Law Enforcement Case Number,Date of Crash,Month of Crash,Day of Week,Time of Crash,Hour,DOT District,City Name,County Name,Route with System,Location Description,First Harmful Event,Location of First Harmful Event,Manner of Crash/Collision,Major Cause,Drug or Alcohol ,Environmental Conditions,Light Conditions,Surface Conditions,Weather Conditions,Roadway Contribution,Roadway Type,Roadway Surface,Work Zone,Crash Severity,Number of Fatalities,Number of Injuries,Number of Major Injuries,Number of Minor Injuries,Number of Possible Injuries,Number of Unknown Injuries,Amount of Property Damage,Number of Vehicles Involved,Total Number of Occupants,Travel Direction,Location
2014799293,20140013710,05/19/2014,05-May,2-Monday,08:36,0800 Hours,District 1 (Central),DES MOINES,POLK,,KEOSAUQUA WAY & 15TH ST,Collision with:  Vehicle in traffic,On Roadway,Rear-end (front to rear),Followed too close,None Indicated,,Daylight,Dry,Clear,None apparent,Non-intersection:  Non-junction/no special feature,Paved,,Property Damage Only,0,0,0,0,0,0,1500,2,2,,POINT (-93.63783705737 41.598543793399)
2014799370,14-1476,05/19/2014,05-May,2-Monday,10:32,1000 Hours,District 1 (Central),FORT DODGE,WEBSTER,,AVE O W & A ST W,Collision with:  Vehicle in traffic,On Roadway,Rear-end (front to rear),Swerving/Evasive Action,None Indicated,,Daylight,Wet,Rain,"Surface condition (e.g., wet, icy)",Intersection:  Four-way intersection,Paved,,Possible/Unknown,0,1,0,0,1,0,2500,2,2,,POINT (-94.207509958433 42.486766422978)
2014799899,,05/19/2014,05-May,2-Monday,09:06,0900 Hours,District 5 (Southeast),CHARITON,LUCAS,US 34,US 34,Collision with fixed object:  Ditch,Outside trafficway,Non-collision (single vehicle),Crossed centerline (undivided),None Indicated,,Daylight,Dry,Clear,None apparent,Non-intersection:  Non-junction/no special feature,Paved,,Property Damage Only,0,0,0,0,0,0,3000,1,1,,POINT (-93.322205190483 41.009692391208)
2014799479,2013005524,05/19/2014,05-May,2-Monday,14:34,1400 Hours,District 6 (East Central),IOWA CITY,JOHNSON,US 6,US 6,Collision with:  Vehicle in traffic,On Roadway,Rear-end (front to rear),Followed too close,None Indicated,,Daylight,Dry,Cloudy,None apparent,Intersection:  Four-way intersection,Paved,,Minor Injury,0,1,0,1,0,0,8000,2,2,,POINT (-91.490315095997 41.631498756442)
2014801475,,05/19/2014,05-May,2-Monday,10:57,1000 Hours,District 3 (Northwest),ARNOLDS PARK,DICKINSON,US 71,US 71/OKOBOJI GROVE RD & BROADWAY ST,Collision with:  Vehicle in traffic,On Roadway,Rear-end (front to rear),Other (explain in narrative):  Other,None Indicated,,Daylight,Dry,Cloudy,None apparent,Intersection:  Four-way intersection,Paved,,Property Damage Only,0,0,0,0,0,0,3000,2,3,,POINT (-95.128407104112 43.367776248255)
2014800882,2014-32324,05/19/2014,05-May,2-Monday,13:28,1300 Hours,District 6 (East Central),DAVENPORT,SCOTT,,W LOCUST ST & FILLMORE ST,Collision with:  Vehicle in traffic,On Roadway,Rear-end (front to rear),Followed too close,None Indicated,,Daylight,Dry,Cloudy,None apparent,Non-intersection:  Non-junction/no special feature,Paved,,Property Damage Only,0,0,0,0,0,0,6000,2,3,,POINT (-90.593788676487 41.538272928965)
2014799600,2014005534,05/19/2014,05-May,2-Monday,20:07,2000 Hours,District 6 (East Central),IOWA CITY,JOHNSON,US 6,US 6/S RIVERSIDE DR,Collision with:  Vehicle in traffic,On Roadway,Rear-end (front to rear),Followed too close,None Indicated,,Daylight,Dry,Clear,None apparent,Non-intersection:  Non-junction/no special feature,Paved,,Property Damage Only,0,0,0,0,0,0,2000,2,6,,POINT (-91.540254311204 41.651823937149)
2014799670,2014-32267,05/19/2014,05-May,2-Monday,09:56,0900 Hours,District 6 (East Central),DAVENPORT,SCOTT,I-80,I-80,Collision with:  Vehicle in traffic,On Roadway,"Sideswipe, opposite direction",Swerving/Evasive Action,None Indicated,,Daylight,Dry,Cloudy,None apparent,Non-intersection:  Non-junction/no special feature,Paved,,Minor Injury,0,1,0,1,0,0,4500,2,2,,POINT (-90.549695903739 41.595162106579)
2014800796,14-003256,05/19/2014,05-May,2-Monday,04:49,0400 Hours,District 1 (Central),STANHOPE,HAMILTON,IA 17,IA 17/PARKER ST & MAIN ST,Collision with fixed object:  Utility pole/light support,Outside trafficway,Non-collision (single vehicle),Ran off road - right,None Indicated,,Dark - roadway lighted,Dry,Cloudy,None apparent,Intersection:  Four-way intersection,Paved,,Property Damage Only,0,0,0,0,0,0,6000,1,1,,POINT (-93.796000961594 42.288980960786)
2014799496,14-002182,05/19/2014,05-May,2-Monday,16:34,1600 Hours,District 1 (Central),ANKENY,POLK,,NW 9TH ST & NW STATE ST,Collision with:  Non-motorist (see non-motorist section - NOT a unit),On Roadway,Non-collision (single vehicle),FTYROW:  To pedestrian,None Indicated,,Daylight,Dry,Cloudy,None apparent,Non-intersection:  Non-junction/no special feature,Paved,,Possible/Unknown,0,1,0,0,1,0,0,1,1,,POINT (-93.621564488303 41.739531392755)
2014801964,2014-32314,05/19/2014,05-May,2-Monday,13:18,1300 Hours,District 6 (East Central),DAVENPORT,SCOTT,US 6,US 6/KIMBERLY RD & IA 461/BRADY ST,Collision with:  Vehicle in traffic,On Roadway,"Sideswipe, same direction",Other (explain in narrative):  Other,None Indicated,,Daylight,Dry,Cloudy,None apparent,Intersection:  Four-way intersection,Paved,,Property Damage Only,0,0,0,0,0,0,1500,2,2,,POINT (-90.568160988226 41.560312540738)
2014799539,14-15465,05/19/2014,05-May,2-Monday,13:14,1300 Hours,District 3 (Northwest),SIOUX CITY,WOODBURY,IA 12,IA 12/RIVERSIDE BLVD & LA PLANTE AVE,Collision with:  Parked motor vehicle,On Roadway,Broadside (front to side),Lost Control,None Indicated,,Daylight,Dry,Cloudy,None apparent,Intersection:  T-intersection,Paved,,Possible/Unknown,0,1,0,0,1,0,5450,4,2,,POINT (-96.475463529801 42.518851402662)
2014802965,A14039,05/19/2014,05-May,2-Monday,08:51,0800 Hours,District 5 (Southeast),KNOXVILLE,MARION,IA 14,IA 14/LINCOLN ST & W BELL AVE,Collision with:  Vehicle in traffic,On Roadway,"Sideswipe, same direction",FTYROW:  From driveway,None Indicated,,Daylight,Dry,Cloudy,None apparent,Non-intersection:  Driveway access (within),Paved,,Property Damage Only,0,0,0,0,0,0,2500,2,5,,POINT (-93.109495713812 41.306264369993)
2014804679,,05/19/2014,05-May,2-Monday,15:45,1500 Hours,District 6 (East Central),CEDAR RAPIDS,LINN,,,Collision with:  Vehicle in traffic,On Roadway,"Sideswipe, same direction",Unknown,None Indicated,,,,,,,,,Property Damage Only,0,0,0,0,0,0,3438,2,2,,POINT (-96.643700149993 40.233091251414)
2014801071,14-021697,05/19/2014,05-May,2-Monday,07:25,0700 Hours,District 4 (Southwest),COUNCIL BLUFFS,POTTAWATTAMIE,,HARRY LANGDON BLVD,Collision with:  Vehicle in traffic,On Roadway,"Angle, oncoming left turn",Unknown,None Indicated,,Daylight,Dry,Clear,None apparent,Non-intersection:  Non-junction/no special feature,Paved,,Property Damage Only,0,0,0,0,0,0,1501,2,2,,POINT (-95.817635184799 41.220124440083)
2014799521,14-019930,05/19/2014,05-May,2-Monday,10:15,1000 Hours,District 4 (Southwest),COUNCIL BLUFFS,POTTAWATTAMIE,,34TH AVE & S EXPRESSWAY,Collision with:  Vehicle in traffic,On Roadway,"Angle, oncoming left turn",Driver Distraction:  Manual operation of an electronic communication device,None Indicated,,Daylight,Dry,Clear,None apparent,Intersection:  T-intersection,Paved,,Property Damage Only,0,0,0,0,0,0,2600,2,3,,POINT (-95.850791682293 41.225522154694)
2014799591,072-2014,05/19/2014,05-May,2-Monday,18:00,1800 Hours,District 4 (Southwest),,HARRISON,,Co Rd L66/160TH ST/TOLEDO AVE,Non-collision events:  Other non-collision (explain in narrative),On Roadway,Non-collision (single vehicle),Lost Control,None Indicated,,Daylight,Dry,Cloudy,None apparent,Non-intersection:  Non-junction/no special feature,Unpaved,,Property Damage Only,0,0,0,0,0,0,2000,1,1,,POINT (-95.615092271273 41.776361171169)
2014799497,14-002183,05/19/2014,05-May,2-Monday,17:35,1700 Hours,District 1 (Central),ANKENY,POLK,US 69,US 69/S ANKENY BLVD/N ANKENY BLVD & W 1ST ST & E 1ST ST,Collision with:  Vehicle in traffic,On Roadway,"Angle, oncoming left turn",FTYROW:  Other (explain in narrative),None Indicated,,Daylight,Dry,Cloudy,None apparent,Intersection:  Four-way intersection,Paved,,Property Damage Only,0,0,0,0,0,0,6500,2,2,,POINT (-93.600327784262 41.731862239519)
2014799616,2014004770,05/19/2014,05-May,2-Monday,09:50,0900 Hours,District 1 (Central),MARSHALLTOWN,MARSHALL,,W MADISON ST & S 3RD ST,Collision with:  Vehicle in traffic,On Roadway,Broadside (front to side),FTYROW:  From stop sign,None Indicated,,Daylight,Dry,Cloudy,None apparent,Intersection:  Four-way intersection,Paved,,Property Damage Only,0,0,0,0,0,0,2100,2,2,,POINT (-92.917848590469 42.043020286728)
2014799689,2014029898,05/19/2014,05-May,2-Monday,13:24,1300 Hours,District 5 (Southeast),OSKALOOSA,MAHASKA,IA 163,IA 163/IOWA 163,Collision with:  Vehicle in traffic,On Roadway,"Sideswipe, same direction",FTYROW:  Other (explain in narrative),None Indicated,,Daylight,Dry,Clear,None apparent,Non-intersection:  Non-junction/no special feature,Paved,,Major Injury,0,2,2,0,0,0,66161,2,2,,POINT (-92.672611103099 41.284961898287)
2014799879,2014029773,05/19/2014,05-May,2-Monday,05:49,0500 Hours,District 4 (Southwest),,ADAIR,I-80,I-80,Collision with fixed object:  Guardrail - face,Shoulder,Non-collision (single vehicle),Ran off road - right,None Indicated,,Dawn,Dry,Clear,Work Zone (roadway-related),Non-intersection:  Non-junction/no special feature,Paved,Yes,Minor Injury,0,4,0,1,3,0,11500,1,9,,POINT (-94.580786322876 41.496492526329)
2014799792,GP20140391,05/19/2014,05-May,2-Monday,07:45,0700 Hours,District 1 (Central),GRINNELL,POWESHIEK,,8TH AVE,Collision with fixed object:  Utility pole/light support,On Roadway,Non-collision (single vehicle),Unknown,None Indicated,,Daylight,Dry,Clear,Obstruction in roadway,Non-intersection:  Non-junction/no special feature,Paved,,Possible/Unknown,0,1,0,0,0,1,5300,1,1,,POINT (-92.719925808838 41.7490496234)
2014799668,2014-32254,05/19/2014,05-May,2-Monday,08:54,0800 Hours,District 6 (East Central),DAVENPORT,SCOTT,,W 53RD ST & BROWN ST & APPOMATTOX RD,Collision with:  Vehicle in traffic,On Roadway,Rear-end (front to rear),Lost Control,None Indicated,,Daylight,Dry,Clear,None apparent,Intersection:  Four-way intersection,Paved,,Possible/Unknown,0,2,0,0,2,0,10500,3,3,,POINT (-90.583746572544 41.574547139849)
2014800459,14-002435,05/19/2014,05-May,2-Monday,12:50,1200 Hours,District 1 (Central),AMES,STORY,US 69,US 69/S DUFF AVE,Collision with:  Vehicle in traffic,On Roadway,Broadside (front to side),Lost Control,None Indicated,,Daylight,Dry,Clear,None apparent,Non-intersection:  Non-junction/no special feature,Paved,,Property Damage Only,0,0,0,0,0,0,2200,2,2,,POINT (-93.610341198463 42.016559757809)
2014799530,14-0279,05/19/2014,05-May,2-Monday,04:00,0400 Hours,District 1 (Central),HARCOURT,WEBSTER,US 169,US 169/360TH ST,Non-collision events:  Overturn/rollover,On Roadway,Non-collision (single vehicle),Ran off road - right,None Indicated,,Dark - roadway lighted,Dry,Clear,None apparent,Non-intersection:  Driveway access (within),Paved,,Property Damage Only,0,0,0,0,0,0,4000,1,1,,POINT (-94.168326491334 42.267743887895)
2014799603,14-14652,05/19/2014,05-May,2-Monday,16:12,1600 Hours,District 5 (Southeast),WEST POINT,LEE,IA 16,IA 16/IOWA 16 & Co Rd X23/240 AVE,Collision with:  Vehicle in traffic,On Roadway,Rear-end (front to rear),Other (explain in narrative):  Other,None Indicated,,Daylight,Dry,Clear,None apparent,Intersection:  Four-way intersection,Paved,,Minor Injury,0,2,0,1,1,0,15000,2,2,,POINT (-91.449022974669 40.773211731815)
2014799886,2014029967,05/19/2014,05-May,2-Monday,21:30,2100 Hours,District 5 (Southeast),,WARREN,I-35,I-35,Collision with:  Animal,,,Animal,None Indicated,,,,,,,Paved,,Property Damage Only,0,0,0,0,0,0,5000,1,1,,POINT (-93.782489903855 41.22256940349)
2014800881,2014-32261,05/19/2014,05-May,2-Monday,09:21,0900 Hours,District 6 (East Central),DAVENPORT,SCOTT,,IA 461/BRADY ST & E HAYES ST,Collision with:  Vehicle in traffic,On Roadway,"Sideswipe, same direction",Improper or erratic lane changing,None Indicated,,Daylight,Dry,Cloudy,None apparent,Intersection:  T-intersection,Paved,,Property Damage Only,0,0,0,0,0,0,6500,2,2,,POINT (-90.571501914553 41.547630149352)
2014799500,20140013764,05/19/2014,05-May,2-Monday,16:31,1600 Hours,District 1 (Central),DES MOINES,POLK,,ALLISON AVE & MLK JR PKWY,Collision with:  Vehicle in traffic,On Roadway,"Sideswipe, opposite direction",Crossed centerline (undivided),None Indicated,,Daylight,Dry,Cloudy,None apparent,Non-intersection:  Non-junction/no special feature,Paved,,Property Damage Only,0,0,0,0,0,0,9000,2,3,,POINT (-93.645328480472 41.61216593904)
2014799561,W14-049116,05/19/2014,05-May,2-Monday,13:05,1300 Hours,District 2 (Northeast),WATERLOO,BLACK HAWK,,BROADWAY ST,Collision with:  Vehicle in traffic,On Roadway,Rear-end (front to rear),Other (explain in narrative):  Other,None Indicated,,Daylight,Dry,Clear,None apparent,Intersection:  Four-way intersection,Paved,,Property Damage Only,0,0,0,0,0,0,8000,2,3,,POINT (-92.345069116245 42.50961038135)
2014801102,2014029899,05/19/2014,05-May,2-Monday,12:39,1200 Hours,District 2 (Northeast),MCINTIRE,MITCHELL,,Co Rd A23/470TH ST & WINDFALL AVE,Collision with:  Vehicle in traffic,On Roadway,Broadside (front to side),Ran Stop Sign,None Indicated,,Daylight,Wet,Cloudy,None apparent,Intersection:  Four-way intersection,Paved,,Fatal,1,0,0,0,0,0,20000,2,2,,POINT (-92.573776073208 43.443357303266)
2014799691,2014029936,05/19/2014,05-May,2-Monday,16:30,1600 Hours,District 2 (Northeast),,FRANKLIN,I-35,I-35 & Co Rd C13/250TH ST,Collision with fixed object:  Bridge overhead structure,On Roadway,Non-collision (single vehicle),Other (explain in narrative):  Other,None Indicated,,Daylight,Dry,Cloudy,None apparent,Non-intersection:  Other non-intersection (explain in narrative),Paved,,Minor Injury,0,1,0,1,0,0,101000,1,1,,POINT (-93.350770686627 42.891519443236)
2014801388,2014-32395,05/19/2014,05-May,2-Monday,17:30,1700 Hours,District 6 (East Central),DAVENPORT,SCOTT,,CALVIN ST,Collision with:  Parked motor vehicle,On Roadway,"Sideswipe, same direction",Improper Backing,None Indicated,,Daylight,Dry,Cloudy,None apparent,Non-intersection:  Driveway access (within),Paved,,Property Damage Only,0,0,0,0,0,0,1500,2,1,,POINT (-90.636233732078 41.534038050372)
2014826434,14-3683,05/19/2014,05-May,2-Monday,08:00,0800 Hours,District 6 (East Central),LE CLAIRE,SCOTT,,WISCONSIN ST & 35TH ST,Non-collision events:  Other non-collision (explain in narrative),On Roadway,Non-collision (single vehicle),Unknown,None Indicated,,Daylight,Dry,Clear,None apparent,Intersection:  T-intersection,Paved,,Possible/Unknown,0,1,0,0,1,0,500,1,1,,POINT (-90.391396916119 41.597621267059)
2014799693,519173014,05/19/2014,05-May,2-Monday,17:30,1700 Hours,District 4 (Southwest),,RINGGOLD,,Co Rd J55/CO HWY J55 & 320TH AVE,Collision with fixed object:  Ditch,On Roadway,Non-collision (single vehicle),Swerving/Evasive Action,None Indicated,,Daylight,Dry,Clear,Unknown,Intersection:  T-intersection,Paved,,Property Damage Only,0,0,0,0,0,0,2500,1,1,,POINT (-94.054600231451 40.617519534728)
2014801387,2014-32382,05/19/2014,05-May,2-Monday,16:30,1600 Hours,District 6 (East Central),DAVENPORT,SCOTT,,W 4TH ST,Collision with:  Vehicle in traffic,On Roadway,Rear-end (front to rear),Followed too close,None Indicated,,Daylight,Dry,Clear,None apparent,Non-intersection:  Non-junction/no special feature,Paved,,Property Damage Only,0,0,0,0,0,0,1500,2,2,,POINT (-90.579271132785 41.523521770056)
2014799512,14-1081,05/19/2014,05-May,2-Monday,16:19,1600 Hours,District 1 (Central),URBANDALE,POLK,,81ST ST,Collision with:  Vehicle in traffic,On Roadway,"Sideswipe, same direction",Other (explain in narrative):  Other,None Indicated,,Daylight,Dry,Cloudy,None apparent,Non-intersection:  Non-junction/no special feature,Paved,,Property Damage Only,0,0,0,0,0,0,3500,2,12,,POINT (-93.729242658514 41.630993656306)
2014800730,2014029934,05/19/2014,05-May,2-Monday,16:40,1600 Hours,District 4 (Southwest),WEST DES MOINES,DALLAS,I-80,I-80,Collision with:  Vehicle in traffic,On Roadway,"Sideswipe, same direction",Improper or erratic lane changing,None Indicated,,Daylight,Dry,Cloudy,None apparent,Non-intersection:  Non-junction/no special feature,Paved,,Property Damage Only,0,0,0,0,0,0,6000,2,5,,POINT (-93.856254112679 41.567869110746)
2014799485,201406991,05/19/2014,05-May,2-Monday,07:20,0700 Hours,District 6 (East Central),CEDAR RAPIDS,LINN,IA 922,IA 922/1ST AVE E & THOMPSON DR SE,Collision with:  Vehicle in traffic,On Roadway,"Sideswipe, same direction",Lost Control,None Indicated,,Daylight,Dry,Cloudy,None apparent,Non-intersection:  Non-junction/no special feature,Paved,,Property Damage Only,0,0,0,0,0,0,10000,2,2,,POINT (-91.637273463942 41.997682031407)
2014799244,14010079,05/19/2014,05-May,2-Monday,12:01,1200 Hours,District 6 (East Central),MARION,LINN,IA 100,IA 100/COLLINS RD SE,Collision with:  Vehicle in traffic,On Roadway,Rear-end (front to rear),Followed too close,None Indicated,,Daylight,Dry,Cloudy,None apparent,Intersection:  Four-way intersection,Paved,,Property Damage Only,0,0,0,0,0,0,5200,2,5,,POINT (-91.58826448042 42.015201482894)
2014802621,2014-32381,05/19/2014,05-May,2-Monday,16:38,1600 Hours,District 6 (East Central),DAVENPORT,SCOTT,,W 6TH ST & GAINES ST,Collision with:  Vehicle in traffic,On Roadway,Broadside (front to side),Ran Stop Sign,None Indicated,,Daylight,Dry,Clear,None apparent,Intersection:  Four-way intersection,Paved,,Possible/Unknown,0,1,0,0,1,0,2000,2,2,,POINT (-90.582964855125 41.525707011754)
2014803671,14-002179,05/19/2014,05-May,2-Monday,11:52,1100 Hours,District 1 (Central),ANKENY,POLK,I-35,I-35,Non-collision events:  Overturn/rollover,On Roadway,Non-collision (single vehicle),Driving too fast for conditions,None Indicated,,Daylight,Dry,Clear,None apparent,Interchange-related:  On-ramp,Paved,,Possible/Unknown,0,1,0,0,1,0,10500,1,1,,POINT (-93.573897503059 41.654707383827)
2014799470,SO1401855,05/19/2014,05-May,2-Monday,13:52,1300 Hours,District 5 (Southeast),,JEFFERSON,US 34,US 34,Collision with:  Animal,On Roadway,Non-collision (single vehicle),Animal,None Indicated,,Daylight,Dry,Cloudy,None apparent,Non-intersection:  Non-junction/no special feature,Paved,,Minor Injury,0,2,0,1,1,0,3000,1,4,,POINT (-92.053397103207 41.014345011591)
2014799907,,05/19/2014,05-May,2-Monday,20:30,2000 Hours,District 5 (Southeast),,DECATUR,US 69,US 69,Collision with:  Animal,On Roadway,Non-collision (single vehicle),Animal,None Indicated,,Dusk,Dry,Clear,None apparent,Non-intersection:  Non-junction/no special feature,Paved,,Property Damage Only,0,0,0,0,0,0,1500,1,1,,POINT (-93.802098362666 40.649620261616)
2014800631,14003022,05/19/2014,05-May,2-Monday,08:10,0800 Hours,District 2 (Northeast),ALGONA,KOSSUTH,,E LUCAS ST & N MAIN ST,Collision with:  Vehicle in traffic,On Roadway,Broadside (front to side),FTYROW:  From stop sign,None Indicated,,Daylight,Dry,Cloudy,None apparent,Intersection:  Four-way intersection,Paved,,Possible/Unknown,0,1,0,0,1,0,15000,2,2,,POINT (-94.21796549795 43.071926785672)
2014809968,143391PD,05/19/2014,05-May,2-Monday,17:59,1700 Hours,District 1 (Central),BOONE,BOONE,,STORY ST,Collision with:  Vehicle in traffic,On Roadway,Broadside (front to side),Unknown,None Indicated,,Daylight,Dry,Cloudy,None apparent,Non-intersection:  Non-junction/no special feature,Paved,,Property Damage Only,0,0,0,0,0,0,1500,2,2,,POINT (-93.880092565124 42.071342142571)
2014799492,14-3297,05/19/2014,05-May,2-Monday,16:08,1600 Hours,District 1 (Central),,POLK,IA 415,IA 415/2ND AVE & NW 47TH PL & NW 48TH PL,Collision with:  Vehicle in traffic,On Roadway,Broadside (front to side),Unknown,None Indicated,,Daylight,Dry,Clear,None apparent,Intersection:  Four-way intersection,Paved,,Property Damage Only,0,0,0,0,0,0,10000,2,4,,POINT (-93.619989380397 41.646956038909)
2014799590,P14-005994,05/19/2014,05-May,2-Monday,15:43,1500 Hours,District 1 (Central),WEBSTER CITY,HAMILTON,,2ND ST,Collision with:  Vehicle in traffic,On Roadway,Broadside (front to side),FTYROW:  From stop sign,None Indicated,,Daylight,Dry,Cloudy,None apparent,Non-intersection:  Driveway access (within),Paved,,Property Damage Only,0,0,0,0,0,0,5500,2,2,,POINT (-93.841518440778 42.469622132587)
2014799294,20140013730,05/19/2014,05-May,2-Monday,10:22,1000 Hours,District 1 (Central),DES MOINES,POLK,,WALL AVE & E WALL AVE & S UNION ST,Collision with:  Parked motor vehicle,On Roadway,Rear-end (front to rear),Lost Control,None Indicated,,Daylight,Dry,Clear,None apparent,Non-intersection:  Non-junction/no special feature,Paved,,Property Damage Only,0,0,0,0,0,0,2000,2,1,,POINT (-93.616084081362 41.531855364731)
2014801385,2014-32348,05/19/2014,05-May,2-Monday,14:32,1400 Hours,District 6 (East Central),DAVENPORT,SCOTT,,IA 461/BRADY ST,Collision with:  Vehicle in traffic,On Roadway,Rear-end (front to rear),Followed too close,None Indicated,,Daylight,Dry,Cloudy,None apparent,Non-intersection:  Driveway access (within),Paved,,Property Damage Only,0,0,0,0,0,0,1500,2,2,,POINT (-90.574042254663 41.534201214856)
2014803647,14-4054,05/20/2014,05-May,3-Tuesday,13:15,1300 Hours,District 3 (Northwest),ARTHUR,IDA,,2ND AVE,Collision with:  Parked motor vehicle,Shoulder,Rear-end (front to rear),FTYROW:  From driveway,None Indicated,,Daylight,Dry,Clear,None apparent,Non-intersection:  Driveway access (within),Paved,,Property Damage Only,0,0,0,0,0,0,2300,2,2,,POINT (-95.343674942603 42.335754123989)
2014801531,14003301,05/20/2014,05-May,3-Tuesday,22:58,2200 Hours,District 1 (Central),ELLSWORTH,HAMILTON,,Co Rd D41/270TH ST & TOLLMAN AVE,Non-collision events:  Overturn/rollover,Outside trafficway,Non-collision (single vehicle),Crossed centerline (undivided),Alcohol (Statutory),,Dark - roadway not lighted,Dry,Cloudy,None apparent,Intersection:  Four-way intersection,Paved,,Minor Injury,0,1,0,1,0,0,15000,1,1,,POINT (-93.601108654569 42.398069969874)
2014799638,20140013867,05/20/2014,05-May,3-Tuesday,15:50,1500 Hours,District 1 (Central),DES MOINES,POLK,,LOCUST ST & 12TH ST,Collision with:  Vehicle in traffic,On Roadway,Broadside (front to side),Ran Traffic Signal,None Indicated,,Daylight,Dry,Cloudy,None apparent,Intersection:  Four-way intersection,Paved,,Property Damage Only,0,0,0,0,0,0,7000,2,2,,POINT (-93.632307732693 41.585270638224)
2014799731,14-140520-01,05/20/2014,05-May,3-Tuesday,13:44,1300 Hours,District 6 (East Central),,IOWA,US 151,US 151/32 AVE/W AVE & BENTON AND IOWA,Collision with:  Vehicle in traffic,On Roadway,"Angle, oncoming left turn",Other (explain in narrative):  Other,None Indicated,,Daylight,Dry,Clear,None apparent,Intersection:  Four-way intersection,Paved,,Possible/Unknown,0,2,0,0,2,0,82000,2,2,,POINT (-91.870144538296 41.861671316809)
2014799604,14-14760,05/20/2014,05-May,3-Tuesday,15:02,1500 Hours,District 5 (Southeast),FORT MADISON,LEE,US 61,US 61/US 61 NE RAMP/US 61 NW RAMP & IA 2/IOWA 2,Collision with:  Vehicle in traffic,On Roadway,Rear-end (front to rear),Other (explain in narrative):  Other,None Indicated,,Daylight,Dry,Clear,None apparent,Intersection:  Intersection with ramp,Paved,,Possible/Unknown,0,1,0,0,1,0,6500,2,3,,POINT (-91.400261736778 40.627370154954)
2014799628,14-3320,05/20/2014,05-May,3-Tuesday,14:21,1400 Hours,District 1 (Central),DES MOINES,POLK,IA 415,IA 415/2ND AVE & NW 50TH PL,Collision with:  Vehicle in traffic,On Roadway,"Angle, oncoming left turn",Made improper turn,None Indicated,,Daylight,Dry,Cloudy,None apparent,Intersection:  T-intersection,Paved,,Property Damage Only,0,0,0,0,0,0,3500,2,4,,POINT (-93.619994975127 41.652549451921)
2014799640,20140013882,05/20/2014,05-May,3-Tuesday,18:05,1800 Hours,District 1 (Central),DES MOINES,POLK,,3RD ST,Collision with fixed object:  Concrete traffic barrier (median or right side),Outside trafficway,Non-collision (single vehicle),Driving too fast for conditions,Refused,,Daylight,Dry,Cloudy,None apparent,Non-intersection:  Non-junction/no special feature,Paved,,Minor Injury,0,2,0,2,0,0,10000,1,2,,POINT (-93.621307247412 41.596616691987)
2014800647,14002759,05/20/2014,05-May,3-Tuesday,09:58,0900 Hours,District 3 (Northwest),SHELDON,OBRIEN,,16TH ST,Collision with fixed object:  Mailbox,On Roadway,Non-collision (single vehicle),Other (explain in narrative):  Other,None Indicated,,Daylight,Dry,Clear,None apparent,Non-intersection:  Non-junction/no special feature,Paved,,Property Damage Only,0,0,0,0,0,0,1600,1,1,,POINT (-95.842541392757 43.171401908645)
2014800263,,05/20/2014,05-May,3-Tuesday,17:13,1700 Hours,District 6 (East Central),CEDAR RAPIDS,LINN,,WILEY BLVD NW & JACKSON CIR NW,Collision with:  Vehicle in traffic,On Roadway,"Angle, oncoming left turn",Unknown,None Indicated,,Daylight,Dry,Clear,,Intersection:  T-intersection,Paved,,Property Damage Only,0,0,0,0,0,0,16000,2,3,,POINT (-91.725699220495 41.98698046209)
2014800270,,05/20/2014,05-May,3-Tuesday,16:50,1600 Hours,District 4 (Southwest),ADEL,DALLAS,US 169,US 169/N 8TH ST & GROVE ST,Collision with:  Vehicle in traffic,On Roadway,Broadside (front to side),FTYROW:  From stop sign,None Indicated,,Daylight,Dry,Clear,None apparent,Intersection:  Four-way intersection,Paved,,Property Damage Only,0,0,0,0,0,0,4000,2,2,,POINT (-94.017514947346 41.620147521831)
2014799986,INFOEXCHANGE,05/20/2014,05-May,3-Tuesday,16:00,1600 Hours,District 6 (East Central),CEDAR RAPIDS,LINN,,42ND ST NE,Collision with:  Vehicle in traffic,On Roadway,Rear-end (front to rear),Followed too close,None Indicated,,Daylight,Dry,Clear,None apparent,Non-intersection:  Non-junction/no special feature,Paved,,Property Damage Only,0,0,0,0,0,0,2200,3,3,,POINT (-91.667685147115 42.021527756734)
2014806064,,05/20/2014,05-May,3-Tuesday,16:17,1600 Hours,District 2 (Northeast),CLEAR LAKE,CERRO GORDO,,13TH AVE S & S LAKE VIEW DR,Collision with:  Non-motorist (see non-motorist section - NOT a unit),On Roadway,Non-collision (single vehicle),Other (explain in narrative):  No improper action,None Indicated,,Daylight,Dry,Clear,None apparent,Intersection:  T-intersection,Paved,,Minor Injury,0,1,0,1,0,0,0,1,2,,POINT (-93.382741422207 43.125638710048)
2014809945,14-3427PD,05/20/2014,05-May,3-Tuesday,19:13,1900 Hours,District 1 (Central),BOONE,BOONE,,1ST ST,Non-collision events:  Other non-collision (explain in narrative),On Roadway,Non-collision (single vehicle),Driving too fast for conditions,None Indicated,,Daylight,Water (standing or moving),Rain,"Surface condition (e.g., wet, icy)",Non-intersection:  Non-junction/no special feature,Paved,,Property Damage Only,0,0,0,0,0,0,2500,1,1,,POINT (-93.859439712276 42.056529933816)
2014799718,14-16852,05/20/2014,05-May,3-Tuesday,21:05,2100 Hours,District 5 (Southeast),WEST BURLINGTON,DES MOINES,,W AGENCY RD & S BROADWAY ST,Collision with:  Vehicle in traffic,On Roadway,Broadside (front to side),Unknown,None Indicated,,Dark - roadway lighted,Dry,Clear,None apparent,Intersection:  Four-way intersection,Paved,,Property Damage Only,0,0,0,0,0,0,4500,2,3,,POINT (-91.156804985072 40.813331098967)