Iowa DOT Case Number,Law Enforcement Case Number,Date of Crash,Month of Crash,Day of Week,Time of Crash,Hour,DOT District,City Name,County Name,Route with System,Location Description,First Harmful Event,Location of First Harmful Event,Manner of Crash/Collision,Major Cause,Drug or Alcohol ,Environmental Conditions,Light Conditions,Surface Conditions,Weather Conditions,Roadway Contribution,Roadway Type,Roadway Surface,Work Zone,Crash Severity,Number of Fatalities,Number of Injuries,Number of Major Injuries,Number of Minor Injuries,Number of Possible Injuries,Number of Unknown Injuries,Amount of Property Damage,Number of Vehicles Involved,Total Number of Occupants,Travel Direction,Location
2014799515,14-2299,05/20/2014,05-May,3-Tuesday,07:54,0700 Hours,District 1 (Central),WEST DES MOINES,POLK,,ASHWORTH RD,Collision with:  Vehicle in traffic,On Roadway,Rear-end (front to rear),Followed too close,None Indicated,,Daylight,Dry,Clear,None apparent,Intersection:  Four-way intersection,Paved,,Possible/Unknown,0,1,0,0,1,0,350,2,2,,POINT (-93.713339942154 41.584562243149)
2014799517,14-2305,05/20/2014,05-May,3-Tuesday,11:33,1100 Hours,District 1 (Central),WEST DES MOINES,POLK,,ASHWORTH RD & 45TH ST,Collision with:  Vehicle in traffic,On Roadway,Rear-end (front to rear),Driver Distraction:  Passenger,None Indicated,,Daylight,Dry,Clear,None apparent,Intersection:  T-intersection,Paved,,Major Injury,0,2,2,0,0,0,11000,2,3,,POINT (-93.764111601858 41.584632336522)
2014804932,,05/20/2014,05-May,3-Tuesday,14:41,1400 Hours,District 5 (Southeast),,MUSCATINE,,Co Rd X61/STEWART RD,Collision with:  Vehicle in traffic,On Roadway,Rear-end (front to rear),Followed too close,None Indicated,,Daylight,Dry,Cloudy,None apparent,Non-intersection:  Non-junction/no special feature,Paved,,Property Damage Only,0,0,0,0,0,0,3000,2,2,,POINT (-91.073621631272 41.389804231058)
2014799751,14-006430,05/20/2014,05-May,3-Tuesday,17:37,1700 Hours,District 4 (Southwest),,FREMONT,,Co Rd J10/WAUBONSIE AVE,Collision with fixed object:  Other fixed object (explain in narrative),On Roadway,Non-collision (single vehicle),Crossed centerline (undivided),None Indicated,,Daylight,Dry,Cloudy,None apparent,Non-intersection:  Non-junction/no special feature,Paved,,Possible/Unknown,0,1,0,0,1,0,2900,1,1,,POINT (-95.69513322566 40.901508613485)
2014826614,14-011529,05/20/2014,05-May,3-Tuesday,15:54,1500 Hours,District 5 (Southeast),,MAHASKA,,LYNNDALE RD & LYNNDALE LN,Collision with:  Vehicle in traffic,On Roadway,Rear-end (front to rear),Other (explain in narrative):  Vision obstructed,None Indicated,,Daylight,Dry,Cloudy,None apparent,Intersection:  T-intersection,Paved,,Property Damage Only,0,0,0,0,0,0,4000,2,2,,POINT (-92.65066556719 41.326783376128)
2014803567,2014030119,05/20/2014,05-May,3-Tuesday,14:09,1400 Hours,District 6 (East Central),,BENTON,,Co Rd E36/66 ST,Non-collision events:  Other non-collision (explain in narrative),Shoulder,Non-collision (single vehicle),Ran off road - left,None Indicated,,Daylight,Dry,Cloudy,None apparent,Non-intersection:  Non-junction/no special feature,Paved,,Major Injury,0,2,2,0,0,0,5000,1,2,,POINT (-91.855231085061 42.065773735396)
2014799583,01-14-21331,05/20/2014,05-May,3-Tuesday,11:24,1100 Hours,District 6 (East Central),DUBUQUE,DUBUQUE,,E 16TH ST & ELM ST,Collision with:  Vehicle in traffic,On Roadway,Rear-end (front to rear),Lost Control,None Indicated,,Daylight,Dry,Cloudy,None apparent,Intersection:  Four-way intersection,Paved,,Possible/Unknown,0,1,0,0,1,0,300,2,3,,POINT (-90.664691043842 42.509160204335)
2014799619,14-020901,05/20/2014,05-May,3-Tuesday,15:06,1500 Hours,District 5 (Southeast),MUSCATINE,MUSCATINE,US 61,US 61/GRANDVIEW AVE & 67TH AVE W,Collision with:  Vehicle in traffic,On Roadway,Rear-end (front to rear),Swerving/Evasive Action,None Indicated,,Daylight,Dry,Clear,None apparent,Non-intersection:  Non-junction/no special feature,Paved,,Property Damage Only,0,0,0,0,0,0,12500,2,2,,POINT (-91.129058337536 41.371426217693)
2014799503,20140013841,05/20/2014,05-May,3-Tuesday,11:00,1100 Hours,District 1 (Central),DES MOINES,POLK,,E 25TH ST,Collision with:  Vehicle in traffic,On Roadway,Rear-end (front to rear),Other (explain in narrative):  Other,None Indicated,,Daylight,Dry,Clear,None apparent,Non-intersection:  Non-junction/no special feature,Paved,,Property Damage Only,0,0,0,0,0,0,2000,2,1,,POINT (-93.569526366351 41.63158068165)
2014799672,2014-32664,05/20/2014,05-May,3-Tuesday,13:11,1300 Hours,District 6 (East Central),DAVENPORT,SCOTT,,ELMORE AVE,Collision with:  Vehicle in traffic,On Roadway,Rear-end (front to rear),Followed too close,None Indicated,,Daylight,Dry,Cloudy,None apparent,Non-intersection:  Non-junction/no special feature,Paved,,Property Damage Only,0,0,0,0,0,0,2000,2,4,,POINT (-90.527183576611 41.55820422331)
2014799978,201407059,05/20/2014,05-May,3-Tuesday,11:22,1100 Hours,District 6 (East Central),CEDAR RAPIDS,LINN,I-380,I-380 & 42ND ST NE,Collision with:  Vehicle in traffic,On Roadway,"Angle, oncoming left turn",FTYROW:  Making left turn,None Indicated,,Daylight,Dry,Clear,None apparent,Intersection:  Four-way intersection,Paved,,Property Damage Only,0,0,0,0,0,0,10000,2,3,,POINT (-91.669279117778 42.021546249051)
2014799494,14-3316,05/20/2014,05-May,3-Tuesday,11:31,1100 Hours,District 1 (Central),,POLK,,NE 3RD ST & NE 5TH ST,Collision with fixed object:  Ditch,On Roadway,Non-collision (single vehicle),Ran off road - straight,Under Influence of Alcohol/Drugs/Medications,,Daylight,Dry,Clear,None apparent,Intersection:  T-intersection,Paved,,Property Damage Only,0,0,0,0,0,0,1500,1,1,,POINT (-93.615098478601 41.64028098297)
2014799647,14-5163,05/20/2014,05-May,3-Tuesday,13:56,1300 Hours,District 3 (Northwest),,SAC,IA 196,IA 196/UNION AVE & Co Rd D36/255TH ST,Collision with:  Vehicle in traffic,On Roadway,Broadside (front to side),Ran Stop Sign,None Indicated,,Daylight,Dry,Clear,None apparent,Intersection:  Four-way intersection,Paved,,Property Damage Only,0,0,0,0,0,0,5500,2,3,,POINT (-94.954805244368 42.421268862318)
2014800884,2014-32571,05/20/2014,05-May,3-Tuesday,07:35,0700 Hours,District 6 (East Central),DAVENPORT,SCOTT,,BELLE AVE,Collision with:  Vehicle in traffic,On Roadway,Rear-end (front to rear),FTYROW:  Other (explain in narrative),None Indicated,,Daylight,Dry,Clear,None apparent,Non-intersection:  Non-junction/no special feature,Paved,,Property Damage Only,0,0,0,0,0,0,3800,2,3,,POINT (-90.543862309861 41.537955332165)
2014800548,AC14-026,05/20/2014,05-May,3-Tuesday,16:10,1600 Hours,District 1 (Central),STORY CITY,STORY,,BROAD ST,Collision with:  Vehicle in traffic,On Roadway,Broadside (front to side),FTYROW:  Other (explain in narrative),None Indicated,,Daylight,Dry,Cloudy,None apparent,Non-intersection:  Non-junction/no special feature,Paved,,Property Damage Only,0,0,0,0,0,0,9000,2,2,,POINT (-93.575109211059 42.187738337195)
2014799629,14-002197,05/20/2014,05-May,3-Tuesday,16:00,1600 Hours,District 1 (Central),ANKENY,POLK,,E 1ST ST,Non-collision events:  Other non-collision (explain in narrative),Shoulder,Non-collision (single vehicle),Other (explain in narrative):  No improper action,None Indicated,,Daylight,Dry,Clear,None apparent,Intersection:  Intersection with ramp,Paved,,Property Damage Only,0,0,0,0,0,0,3500,1,1,,POINT (-93.574535542674 41.731849983657)
2014799625,SO14001190,05/20/2014,05-May,3-Tuesday,09:31,0900 Hours,District 3 (Northwest),,PLYMOUTH,,Co Rd K42/K42,Non-collision events:  Overturn/rollover,Shoulder,Non-collision (single vehicle),Crossed centerline (undivided),None Indicated,,Daylight,Dry,Cloudy,None apparent,Non-intersection:  Non-junction/no special feature,Paved,,Possible/Unknown,0,1,0,0,1,0,5000,1,1,,POINT (-96.252741453655 42.741449787929)
2014800731,2014029978,05/20/2014,05-May,3-Tuesday,03:32,0300 Hours,District 4 (Southwest),,DALLAS,I-80,I-80,Collision with:  Animal,,,Animal,None Indicated,,,,,,,Paved,,Property Damage Only,0,0,0,0,0,0,5500,1,1,,POINT (-93.991838895698 41.542486999259)
2014799692,2014030074,05/20/2014,05-May,3-Tuesday,07:15,0700 Hours,District 1 (Central),,WEBSTER,US 20,US 20/235TH ST,Collision with:  Animal,,,Animal,None Indicated,,,,,,,Paved,,Property Damage Only,0,0,0,0,0,0,2500,1,1,,POINT (-94.144509762061 42.445590137787)
2014800004,20140013851,05/20/2014,05-May,3-Tuesday,12:35,1200 Hours,District 1 (Central),DES MOINES,POLK,,GRAND AVE & 9TH ST,Collision with:  Vehicle in traffic,On Roadway,"Sideswipe, same direction",Made improper turn,None Indicated,,Daylight,Dry,Clear,None apparent,Intersection:  Four-way intersection,Paved,,Property Damage Only,0,0,0,0,0,0,5500,2,2,,POINT (-93.628988989566 41.586964192472)
2014799971,N14000211,05/20/2014,05-May,3-Tuesday,16:26,1600 Hours,District 6 (East Central),NORTH LIBERTY,JOHNSON,,BIRCH ST,Collision with fixed object:  Utility pole/light support,Outside trafficway,Non-collision (single vehicle),Other (explain in narrative):  Other,None Indicated,,Daylight,Dry,Cloudy,None apparent,Non-intersection:  Non-junction/no special feature,Unpaved,,Property Damage Only,0,0,0,0,0,0,3300,1,2,,POINT (-91.598938054374 41.74171296168)
2014800514,2014029977,05/20/2014,05-May,3-Tuesday,01:25,0100 Hours,District 1 (Central),,POWESHIEK,I-80,I-80,Non-collision events:  Overturn/rollover,Median,Non-collision (single vehicle),Swerving/Evasive Action,None Indicated,,Dark - roadway not lighted,Dry,Cloudy,None apparent,Non-intersection:  Non-junction/no special feature,Paved,,Minor Injury,0,2,0,2,0,0,108000,1,2,,POINT (-92.309792788784 41.695707634327)
2014800379,201401631,05/20/2014,05-May,3-Tuesday,11:04,1100 Hours,District 6 (East Central),CENTER POINT,LINN,,LEWIS ACCESS RD & ROSEDALE DR,Collision with:  Vehicle in traffic,Outside trafficway,Rear-end (front to rear),Improper Backing,None Indicated,,Daylight,Dry,Clear,None apparent,Non-intersection:  Driveway access (within),Paved,,Property Damage Only,0,0,0,0,0,0,4000,2,2,,POINT (-91.774728391992 42.180862025795)
2014800422,14-000587,05/20/2014,05-May,3-Tuesday,15:04,1500 Hours,District 1 (Central),JOHNSTON,POLK,,GREENDALE RD,Collision with:  Vehicle in traffic,On Roadway,Rear-end (front to rear),Separation of units,None Indicated,,Daylight,Dry,Clear,None apparent,Intersection:  Four-way intersection,Paved,,Possible/Unknown,0,1,0,0,1,0,200,2,2,,POINT (-93.699914600492 41.662187568846)
2014799648,2014-5165,05/20/2014,05-May,3-Tuesday,14:17,1400 Hours,District 3 (Northwest),,IDA,US 20,US 20 & Co Rd M31/QUAIL AVE,Collision with:  Vehicle in traffic,On Roadway,Rear-end (front to rear),Other (explain in narrative):  Other,None Indicated,,Daylight,Dry,Clear,None apparent,Intersection:  T-intersection,Paved,,Possible/Unknown,0,2,0,0,2,0,27500,2,2,,POINT (-95.341935543994 42.474751031423)
2014799636,20140013862,05/20/2014,05-May,3-Tuesday,15:00,1500 Hours,District 1 (Central),DES MOINES,POLK,,CROCKER ST,Collision with fixed object:  Tree,On Roadway,Non-collision (single vehicle),Exceeded authorized speed,Alcohol (Statutory),,Daylight,Dry,Cloudy,None apparent,Non-intersection:  Non-junction/no special feature,Paved,,Possible/Unknown,0,1,0,0,1,0,8892,1,1,,POINT (-93.667748582803 41.593573098031)
2014799617,14-006425,05/20/2014,05-May,3-Tuesday,15:48,1500 Hours,District 4 (Southwest),,MILLS,,BUNGE AVE,Non-collision events:  Overturn/rollover,Shoulder,Non-collision (single vehicle),Swerving/Evasive Action,None Indicated,,Daylight,Dry,Cloudy,None apparent,Non-intersection:  Non-junction/no special feature,Paved,,Property Damage Only,0,0,0,0,0,0,8500,1,1,,POINT (-95.839929339846 41.149271898253)
2014799514,14-2308,05/20/2014,05-May,3-Tuesday,13:02,1300 Hours,District 1 (Central),WEST DES MOINES,POLK,I-35,I-35 & I-235,Collision with:  Vehicle in traffic,On Roadway,Rear-end (front to rear),Followed too close,None Indicated,,Daylight,Dry,Clear,None apparent,Non-intersection:  Other non-intersection (explain in narrative),Paved,,Property Damage Only,0,0,0,0,0,0,7000,2,2,,POINT (-93.775791317452 41.592210251238)
2014799716,CL14001580,05/21/2014,05-May,4-Wednesday,21:23,2100 Hours,District 6 (East Central),CLINTON,CLINTON,,13TH AVE N,Collision with:  Animal,On Roadway,Non-collision (single vehicle),Animal,None Indicated,,Dark - roadway lighted,Dry,Clear,None apparent,Non-intersection:  Non-junction/no special feature,Paved,,Property Damage Only,0,0,0,0,0,0,1500,1,2,,POINT (-90.199849333947 41.859370429251)
2014801391,2014-33041,05/21/2014,05-May,4-Wednesday,16:48,1600 Hours,District 6 (East Central),DAVENPORT,SCOTT,,E LOCUST ST,Collision with:  Vehicle in traffic,On Roadway,Rear-end (front to rear),Followed too close,None Indicated,,Daylight,Dry,Clear,None apparent,Non-intersection:  Non-junction/no special feature,Paved,,Property Damage Only,0,0,0,0,0,0,2000,2,2,,POINT (-90.551243535818 41.538347006255)
2014801024,75-2014,05/21/2014,05-May,4-Wednesday,11:40,1100 Hours,District 4 (Southwest),,HARRISON,,Co Rd F58/296TH ST,Non-collision events:  Overturn/rollover,Shoulder,Non-collision (single vehicle),Crossed centerline (undivided),None Indicated,,Daylight,Dry,Clear,None apparent,Non-intersection:  Non-junction/no special feature,Paved,,Possible/Unknown,0,1,0,0,1,0,5500,1,1,,POINT (-95.837426930313 41.573023911105)
2014799740,2014005604,05/21/2014,05-May,4-Wednesday,12:45,1200 Hours,District 6 (East Central),IOWA CITY,JOHNSON,IA 1,IA 1/N DODGE ST,Collision with:  Vehicle in traffic,On Roadway,Broadside (front to side),Crossed centerline (undivided),None Indicated,,Daylight,Dry,Clear,None apparent,Intersection:  T-intersection,Paved,,Property Damage Only,0,0,0,0,0,0,2500,2,2,,POINT (-91.504088024363 41.683261042602)
2014800034,14-9465,05/21/2014,05-May,4-Wednesday,17:57,1700 Hours,District 6 (East Central),BETTENDORF,SCOTT,,MIDDLE RD & 29TH ST,Collision with:  Vehicle in traffic,On Roadway,"Sideswipe, same direction",Unknown,None Indicated,,Daylight,Dry,Cloudy,None apparent,Non-intersection:  Non-junction/no special feature,Paved,,Property Damage Only,0,0,0,0,0,0,2800,2,2,,POINT (-90.491274186898 41.549761525815)
2014799872,14-15747,05/21/2014,05-May,4-Wednesday,16:46,1600 Hours,District 3 (Northwest),SIOUX CITY,WOODBURY,,DACE AVE & STEUBEN ST,Collision with:  Vehicle in traffic,On Roadway,Broadside (front to side),Ran Stop Sign,None Indicated,,Daylight,Dry,Clear,None apparent,Intersection:  Four-way intersection,Paved,,Possible/Unknown,0,1,0,0,1,0,6000,2,2,,POINT (-96.388789593874 42.488772975236)
2014799644,14-2325,05/21/2014,05-May,4-Wednesday,11:38,1100 Hours,District 1 (Central),WEST DES MOINES,POLK,,WESTOWN PKWY & 22ND ST,Collision with:  Vehicle in traffic,On Roadway,"Angle, oncoming left turn",FTYROW:  Making left turn,None Indicated,,Daylight,Dry,Clear,None apparent,Intersection:  Four-way intersection,Paved,,Property Damage Only,0,0,0,0,0,0,3000,2,3,,POINT (-93.736059295202 41.596993118397)
2014799713,1405218162,05/21/2014,05-May,4-Wednesday,22:02,2200 Hours,District 6 (East Central),DE WITT,CLINTON,US 67,US 67,Collision with:  Animal,,,Animal,None Indicated,,,,,,,Paved,,Property Damage Only,0,0,0,0,0,0,1500,1,1,,POINT (-90.35942847953 41.730838249575)
2014799743,201407100,05/21/2014,05-May,4-Wednesday,12:02,1200 Hours,District 6 (East Central),CEDAR RAPIDS,LINN,,2ND AVE SE & 15TH ST SE,Collision with:  Vehicle in traffic,On Roadway,Broadside (front to side),FTYROW:  From stop sign,None Indicated,,Daylight,Dry,Clear,None apparent,Intersection:  Four-way intersection,Paved,,Property Damage Only,0,0,0,0,0,0,6000,2,2,,POINT (-91.651391051719 41.987239226772)
2014799712,1405218161,05/21/2014,05-May,4-Wednesday,21:38,2100 Hours,District 6 (East Central),DE WITT,CLINTON,US 30,US 30,Collision with:  Animal,,,Animal,None Indicated,,,,,,,Paved,,Property Damage Only,0,0,0,0,0,0,3000,1,1,,POINT (-90.507260913614 41.807541855252)
2014808100,2014030197,05/21/2014,05-May,4-Wednesday,23:30,2300 Hours,District 1 (Central),,HAMILTON,I-35,I-35,Collision with:  Animal,,,Animal,None Indicated,,,,,,,Paved,,Property Damage Only,0,0,0,0,0,0,3000,1,1,,POINT (-93.569805277234 42.330522336412)
2014799982,201407103,05/21/2014,05-May,4-Wednesday,14:53,1400 Hours,District 6 (East Central),CEDAR RAPIDS,LINN,,J AVE NE & SHAVER RD NE,Collision with:  Vehicle in traffic,On Roadway,"Sideswipe, same direction",Crossed centerline (undivided),None Indicated,,Daylight,Dry,Clear,None apparent,Intersection:  Y-intersection,Paved,,Property Damage Only,0,0,0,0,0,0,11000,2,2,,POINT (-91.673539543595 42.000781793941)
2014799765,20140013999,05/21/2014,05-May,4-Wednesday,16:00,1600 Hours,District 1 (Central),DES MOINES,POLK,,OLINDA AVE & SW 9TH ST,Collision with:  Vehicle in traffic,On Roadway,Rear-end (front to rear),Exceeded authorized speed,None Indicated,,Daylight,Dry,Clear,None apparent,Non-intersection:  Non-junction/no special feature,Paved,,Property Damage Only,0,0,0,0,0,0,8000,2,3,,POINT (-93.622972628233 41.567649336341)
2014802484,2014030385,05/21/2014,05-May,4-Wednesday,21:19,2100 Hours,District 5 (Southeast),,JEFFERSON,,Co Rd H33/BROOKVILLE RD,Collision with:  Animal,On Roadway,Non-collision (single vehicle),Animal,None Indicated,,Dark - roadway not lighted,Dry,Clear,None apparent,Non-intersection:  Non-junction/no special feature,Unpaved,,Property Damage Only,0,0,0,0,0,0,4500,1,1,,POINT (-92.108590076209 41.06646412089)
2014799752,14-021051,05/21/2014,05-May,4-Wednesday,16:28,1600 Hours,District 5 (Southeast),MUSCATINE,MUSCATINE,,MULBERRY AVE,Collision with:  Non-motorist (see non-motorist section - NOT a unit),On Roadway,Non-collision (single vehicle),Other (explain in narrative):  No improper action,None Indicated,,Daylight,Dry,Cloudy,None apparent,Non-intersection:  Alley,Paved,,Minor Injury,0,1,0,1,0,0,500,1,1,,POINT (-91.045790333533 41.42810961279)
2014800889,2014-33055,05/21/2014,05-May,4-Wednesday,17:40,1700 Hours,District 6 (East Central),DAVENPORT,SCOTT,,IA 461/BRADY ST,Collision with:  Vehicle in traffic,On Roadway,"Sideswipe, same direction",Improper or erratic lane changing,None Indicated,,Daylight,Dry,Clear,None apparent,Non-intersection:  Non-junction/no special feature,Paved,,Property Damage Only,0,0,0,0,0,0,10000,2,4,,POINT (-90.568654596147 41.557062676795)
2014800352,C14001557,05/21/2014,05-May,4-Wednesday,09:30,0900 Hours,District 6 (East Central),CORALVILLE,JOHNSON,,1ST AVE,Collision with:  Vehicle in traffic,On Roadway,Broadside (front to side),FTYROW:  From driveway,None Indicated,,Daylight,Dry,Clear,None apparent,Non-intersection:  Driveway access (within),Paved,,Property Damage Only,0,0,0,0,0,0,4000,2,2,,POINT (-91.56549633358 41.670263608724)
2014800264,,05/21/2014,05-May,4-Wednesday,05:10,0500 Hours,District 5 (Southeast),,WASHINGTON,IA 92,IA 92,Collision with:  Animal,On Roadway,Non-collision (single vehicle),Animal,None Indicated,,Dark - roadway not lighted,Dry,Clear,,Non-intersection:  Non-junction/no special feature,Paved,,Property Damage Only,0,0,0,0,0,0,2350,1,1,,POINT (-91.803057865991 41.336438380943)
2014802101,1400000428,05/21/2014,05-May,4-Wednesday,12:10,1200 Hours,District 1 (Central),,MARSHALL,,220TH ST,Collision with fixed object:  Ditch,On Roadway,Non-collision (single vehicle),Ran off road - right,None Indicated,,Daylight,Dry,Clear,None apparent,Non-intersection:  Non-junction/no special feature,Unpaved,,Minor Injury,0,1,0,1,0,0,3500,1,1,,POINT (-92.789818247526 42.032121373428)
2014800595,01-14-21518,05/21/2014,05-May,4-Wednesday,12:06,1200 Hours,District 6 (East Central),DUBUQUE,DUBUQUE,IA 946,IA 946/IOWA 946,Collision with:  Vehicle in traffic,On Roadway,"Sideswipe, same direction",Swerving/Evasive Action,None Indicated,,Daylight,Dry,Clear,None apparent,Non-intersection:  Crossover-related,Paved,,Property Damage Only,0,0,0,0,0,0,4000,2,2,,POINT (-90.665436005658 42.490129357031)
2014799627,14-3335,05/21/2014,05-May,4-Wednesday,01:18,0100 Hours,District 1 (Central),GRIMES,POLK,IA 141,IA 141/IOWA 141 & S 19TH ST & SW 19TH ST,Collision with:  Vehicle in traffic,On Roadway,Broadside (front to side),Crossed centerline (undivided),Refused,,Dark - roadway not lighted,Wet,Clear,None apparent,Non-intersection:  Non-junction/no special feature,Paved,,Property Damage Only,0,0,0,0,0,0,9000,2,2,,POINT (-93.774969827752 41.672928841584)
2014800594,01-14-21509,05/21/2014,05-May,4-Wednesday,11:28,1100 Hours,District 6 (East Central),DUBUQUE,DUBUQUE,,HILL ST,Collision with:  Vehicle in traffic,On Roadway,Broadside (front to side),FTYROW:  From driveway,None Indicated,,Daylight,Dry,Clear,None apparent,Non-intersection:  Driveway access (within),Paved,,Property Damage Only,0,0,0,0,0,0,10000,3,4,,POINT (-90.677985108313 42.49264474057)
2014800235,2014030363,05/21/2014,05-May,4-Wednesday,17:43,1700 Hours,District 4 (Southwest),,POTTAWATTAMIE,I-80,I-80 & Co Rd L55/298TH ST,Non-collision events:  Overturn/rollover,On Roadway,Non-collision (single vehicle),Ran off road - right,None Indicated,,Daylight,Dry,Clear,None apparent,"Interchange-related:  Off-ramp, diverge area",Paved,,Minor Injury,0,1,0,1,0,0,5000,1,1,,POINT (-95.612076100384 41.44200401442)
2014800657,0521148A,05/21/2014,05-May,4-Wednesday,20:00,2000 Hours,District 4 (Southwest),,PAGE,,Co Rd J20/130 ST & WILLOW AVE,Collision with:  Vehicle in traffic,On Roadway,Broadside (front to side),Ran Stop Sign,Alcohol (< Statutory),,Daylight,Dry,Clear,None apparent,Intersection:  Four-way intersection,Paved,,Minor Injury,0,1,0,1,0,0,5300,2,2,,POINT (-94.938036930152 40.857076402293)
2014802693,2014030208,05/21/2014,05-May,4-Wednesday,06:53,0600 Hours,District 3 (Northwest),,MONONA,I-29,I-29,Non-collision events:  Overturn/rollover,On Roadway,Non-collision (single vehicle),Swerving/Evasive Action,None Indicated,,Daylight,Dry,Clear,None apparent,Non-intersection:  Non-junction/no special feature,Paved,,Property Damage Only,0,0,0,0,0,0,50000,1,1,,POINT (-96.147480889791 42.045207692589)
2014799861,14-1504,05/21/2014,05-May,4-Wednesday,11:55,1100 Hours,District 1 (Central),FORT DODGE,WEBSTER,,2ND AVE N & N 32ND ST,Collision with:  Vehicle in traffic,On Roadway,Rear-end (front to rear),Other (explain in narrative):  Other,None Indicated,,Daylight,Dry,Clear,None apparent,Intersection:  T-intersection,Paved,,Possible/Unknown,0,1,0,0,1,0,3000,2,4,,POINT (-94.149843766203 42.508486963381)
2014800464,14-002473,05/21/2014,05-May,4-Wednesday,17:53,1700 Hours,District 1 (Central),AMES,STORY,I-35,I-35,Collision with:  Vehicle in traffic,On Roadway,Rear-end (front to rear),Followed too close,None Indicated,,Daylight,Dry,Clear,None apparent,"Interchange-related:  Off-ramp, diverge area",Paved,,Property Damage Only,0,0,0,0,0,0,1700,2,2,,POINT (-93.568516927872 42.034310340756)
2014799766,20140014010,05/21/2014,05-May,4-Wednesday,18:19,1800 Hours,District 1 (Central),DES MOINES,POLK,,MCKINLEY AVE,Collision with:  Vehicle in traffic,On Roadway,"Sideswipe, opposite direction",Crossed centerline (undivided),None Indicated,,Daylight,Dry,Clear,None apparent,Non-intersection:  Non-junction/no special feature,Paved,,Property Damage Only,0,0,0,0,0,0,5000,2,2,,POINT (-93.634562107652 41.541032436001)
2014799643,14-2321,05/21/2014,05-May,4-Wednesday,07:21,0700 Hours,District 4 (Southwest),WEST DES MOINES,DALLAS,I-80,I-80 & 60TH ST,Collision with:  Vehicle in traffic,On Roadway,Broadside (front to side),Ran Traffic Signal,None Indicated,,Daylight,Dry,Clear,None apparent,Intersection:  T-intersection,Paved,,Property Damage Only,0,0,0,0,0,0,7500,2,2,,POINT (-93.790583667545 41.591100674356)
2014804929,,05/21/2014,05-May,4-Wednesday,09:29,0900 Hours,District 5 (Southeast),,MUSCATINE,US 61,US 61 & IA 22/IOWA 22,Collision with:  Vehicle in traffic,On Roadway,"Sideswipe, same direction",Crossed centerline (undivided),None Indicated,,Daylight,Dry,Cloudy,Other (explain in narrative),Intersection:  Four-way intersection,Paved,,Property Damage Only,0,0,0,0,0,0,4500,3,4,,POINT (-91.091916082477 41.436152721549)
2014800431,S14-001779,05/21/2014,05-May,4-Wednesday,17:57,1700 Hours,District 4 (Southwest),AVOCA,POTTAWATTAMIE,,W HIGH ST & S PINE ST & N PINE ST,Collision with:  Vehicle in traffic,On Roadway,"Angle, oncoming left turn",Crossed centerline (undivided),None Indicated,,Daylight,Dry,Clear,None apparent,Intersection:  Four-way intersection,Paved,,Major Injury,0,2,1,0,1,0,20000,3,3,,POINT (-95.342361333603 41.47663642045)
2014799858,201400024389,05/21/2014,05-May,4-Wednesday,12:54,1200 Hours,District 5 (Southeast),OTTUMWA,WAPELLO,IA 149,IA 149/IOWA 149 & W 5TH ST,Collision with:  Vehicle in traffic,On Roadway,Broadside (front to side),FTYROW:  Making left turn,None Indicated,,Daylight,Dry,Cloudy,None apparent,Non-intersection:  Alley,Paved,,Property Damage Only,0,0,0,0,0,0,2000,2,3,,POINT (-92.413206495027 41.023260335833)
2014799768,20140014023,05/21/2014,05-May,4-Wednesday,18:54,1800 Hours,District 1 (Central),DES MOINES,POLK,,SE 20TH ST,Collision with:  Parked motor vehicle,Roadside,Rear-end (front to rear),Lost Control,None Indicated,,Daylight,Dry,Clear,None apparent,Non-intersection:  Non-junction/no special feature,Paved,,Property Damage Only,0,0,0,0,0,0,3000,2,1,,POINT (-93.581749736493 41.554255262169)
2014799888,2014030339,05/21/2014,05-May,4-Wednesday,16:10,1600 Hours,District 1 (Central),,JASPER,IA 163,IA 163/IOWA 163 W & W 129TH ST S,Collision with:  Animal,,,Animal,None Indicated,,,,,,,Paved,,Property Damage Only,0,0,0,0,0,0,2000,1,1,,POINT (-93.303182834156 41.601354547133)
2014800733,2014030393,05/21/2014,05-May,4-Wednesday,21:00,2100 Hours,District 4 (Southwest),,HARRISON,I-29,I-29,Collision with:  Animal,,,Animal,None Indicated,,,,,,,Paved,,Property Damage Only,0,0,0,0,0,0,4000,1,1,,POINT (-96.052752648291 41.784648797482)
2014799788,14-020387,05/21/2014,05-May,4-Wednesday,17:57,1700 Hours,District 4 (Southwest),COUNCIL BLUFFS,POTTAWATTAMIE,,5TH AVE & S 33RD ST,Collision with:  Non-motorist (see non-motorist section - NOT a unit),On Roadway,Non-collision (single vehicle),Other (explain in narrative):  No improper action,None Indicated,,Daylight,Dry,Clear,None apparent,Intersection:  Four-way intersection,Paved,,Minor Injury,0,1,0,1,0,0,1500,1,2,,POINT (-95.897538425118 41.257290579239)
2014800133,14-002147,05/21/2014,05-May,4-Wednesday,17:00,1700 Hours,District 3 (Northwest),,LYON,US 75,US 75,Collision with fixed object:  Bridge overhead structure,Shoulder,Non-collision (single vehicle),Crossed centerline (undivided),None Indicated,,Daylight,Dry,Clear,None apparent,Non-intersection:  Non-junction/no special feature,Paved,,Minor Injury,0,1,0,1,0,0,9000,1,1,,POINT (-96.185849141811 43.432507710324)
2014800266,,05/21/2014,05-May,4-Wednesday,17:10,1700 Hours,District 6 (East Central),CEDAR RAPIDS,LINN,,OAKLAND RD NE,Collision with:  Vehicle in traffic,On Roadway,"Sideswipe, same direction",Unknown,None Indicated,,Daylight,Dry,Clear,,Non-intersection:  Other non-intersection (explain in narrative),Paved,,Property Damage Only,0,0,0,0,0,0,10400,2,2,,POINT (-91.658745873787 42.009517194766)