Iowa DOT Case Number,Law Enforcement Case Number,Date of Crash,Month of Crash,Day of Week,Time of Crash,Hour,DOT District,City Name,County Name,Route with System,Location Description,First Harmful Event,Location of First Harmful Event,Manner of Crash/Collision,Major Cause,Drug or Alcohol ,Environmental Conditions,Light Conditions,Surface Conditions,Weather Conditions,Roadway Contribution,Roadway Type,Roadway Surface,Work Zone,Crash Severity,Number of Fatalities,Number of Injuries,Number of Major Injuries,Number of Minor Injuries,Number of Possible Injuries,Number of Unknown Injuries,Amount of Property Damage,Number of Vehicles Involved,Total Number of Occupants,Travel Direction,Location
2014799868,14-15706,05/21/2014,05-May,4-Wednesday,09:19,0900 Hours,District 3 (Northwest),SIOUX CITY,WOODBURY,,ORLEANS AVE & S ST AUBIN ST,Collision with:  Vehicle in traffic,On Roadway,"Angle, oncoming left turn",FTYROW:  From stop sign,None Indicated,,Daylight,Dry,Clear,None apparent,Intersection:  Four-way intersection,Paved,,Property Damage Only,0,0,0,0,0,0,7500,2,2,,POINT (-96.355322876042 42.472001808589)
2014799700,W14-049901,05/21/2014,05-May,4-Wednesday,14:53,1400 Hours,District 2 (Northeast),WATERLOO,BLACK HAWK,,W 4TH ST,Collision with:  Vehicle in traffic,On Roadway,"Sideswipe, same direction",Other (explain in narrative):  Other,None Indicated,,Daylight,Dry,Clear,None apparent,Non-intersection:  Non-junction/no special feature,Paved,,Property Damage Only,0,0,0,0,0,0,3500,2,2,,POINT (-92.353638982094 42.485919662046)
2014800559,14049852,05/21/2014,05-May,4-Wednesday,11:53,1100 Hours,District 2 (Northeast),CEDAR FALLS,BLACK HAWK,,4TH ST & MAIN ST,Collision with fixed object:  Utility pole/light support,Outside trafficway,Non-collision (single vehicle),Over correcting/over steering,None Indicated,,Daylight,Dry,Clear,None apparent,Non-intersection:  Non-junction/no special feature,Paved,,Property Damage Only,0,0,0,0,0,0,2000,1,2,,POINT (-92.445496604035 42.535059372465)
2014799964,CL14001564,05/21/2014,05-May,4-Wednesday,02:18,0200 Hours,District 6 (East Central),CLINTON,CLINTON,,1ST AVE,Collision with:  Vehicle in traffic,On Roadway,Unknown,Unknown,None Indicated,,Dark - roadway not lighted,Wet,Cloudy,None apparent,Non-intersection:  Non-junction/no special feature,Paved,,Property Damage Only,0,0,0,0,0,0,2500,2,1,,POINT (-90.196535195876 41.845618862805)
2014801390,2014-33015,05/21/2014,05-May,4-Wednesday,15:11,1500 Hours,District 6 (East Central),DAVENPORT,SCOTT,,W CENTRAL PARK AVE & FAIRMOUNT ST,Collision with:  Vehicle in traffic,On Roadway,Broadside (front to side),Ran Stop Sign,None Indicated,,Daylight,Dry,Clear,None apparent,Intersection:  Four-way intersection,Paved,,Property Damage Only,0,0,0,0,0,0,3500,2,2,,POINT (-90.629717391163 41.545405087049)
2014800410,14-1093,05/21/2014,05-May,4-Wednesday,14:20,1400 Hours,District 1 (Central),URBANDALE,POLK,,86TH ST,Collision with:  Vehicle in traffic,On Roadway,Rear-end (front to rear),Swerving/Evasive Action,None Indicated,,Daylight,Dry,Clear,None apparent,Non-intersection:  Non-junction/no special feature,Paved,,Property Damage Only,0,0,0,0,0,0,5000,2,2,,POINT (-93.736511464581 41.625146699389)
2014801393,2014-33060,05/21/2014,05-May,4-Wednesday,18:09,1800 Hours,District 6 (East Central),DAVENPORT,SCOTT,,KIRKWOOD BLVD,Collision with:  Vehicle in traffic,On Roadway,"Sideswipe, opposite direction",Other (explain in narrative):  No improper action,None Indicated,,Daylight,Dry,Clear,None apparent,Non-intersection:  Non-junction/no special feature,Paved,,Property Damage Only,0,0,0,0,0,0,2000,2,2,,POINT (-90.55002473297 41.535069724235)
2014799779,14-2334,05/21/2014,05-May,4-Wednesday,17:17,1700 Hours,District 1 (Central),WEST DES MOINES,POLK,,E P TRUE PKWY,Collision with:  Vehicle in traffic,On Roadway,Rear-end (front to rear),Followed too close,None Indicated,,Daylight,Dry,Clear,None apparent,Non-intersection:  Non-junction/no special feature,Paved,,Property Damage Only,0,0,0,0,0,0,3000,2,2,,POINT (-93.764505669147 41.572271792578)
2014805941,2014-2676,05/21/2014,05-May,4-Wednesday,16:40,1600 Hours,District 1 (Central),,HARDIN,,Co Rd S33/J AVE,Collision with fixed object:  Ditch,On Roadway,Non-collision (single vehicle),Crossed centerline (undivided),Alcohol (Statutory),,Daylight,Dry,Clear,None apparent,Intersection:  T-intersection,Unpaved,,Minor Injury,0,1,0,1,0,0,15000,1,1,,POINT (-93.309867374525 42.36083429606)
2014801666,14-15745,05/21/2014,05-May,4-Wednesday,06:15,0600 Hours,District 3 (Northwest),SIOUX CITY,WOODBURY,I-29,I-29,Collision with:  Vehicle in traffic,On Roadway,Rear-end (front to rear),Other (explain in narrative):  Other,None Indicated,,Dark - roadway lighted,Dry,Clear,None apparent,Intersection:  Four-way intersection,Paved,,Property Damage Only,0,0,0,0,0,0,1700,2,2,,POINT (-96.412346912667 42.491738028897)
2014800238,2014030384,05/21/2014,05-May,4-Wednesday,21:30,2100 Hours,District 1 (Central),,JASPER,I-80,I-80 & IA 117/IOWA 117 N,Collision with:  Vehicle in traffic,On Roadway,Rear-end (front to rear),Other (explain in narrative):  Other,None Indicated,,Dark - roadway lighted,Dry,Clear,None apparent,Interchange-related:  Off-ramp,Paved,,Property Damage Only,0,0,0,0,0,0,3500,2,3,,POINT (-93.246795070026 41.689652043829)
2014801103,2014030337,05/21/2014,05-May,4-Wednesday,15:30,1500 Hours,District 2 (Northeast),,FLOYD,US 18,US 18,Collision with:  Vehicle in traffic,On Roadway,Rear-end (front to rear),Other (explain in narrative):  Other,None Indicated,,Daylight,Dry,Clear,None apparent,Intersection:  Four-way intersection,Paved,,Fatal,1,1,0,1,0,0,10000,2,2,,POINT (-92.966221824587 43.116413475709)
2014803265,,05/21/2014,05-May,4-Wednesday,06:20,0600 Hours,District 2 (Northeast),,BUTLER,,TERRACE AVE,Collision with:  Vehicle in traffic,On Roadway,Rear-end (front to rear),Followed too close,None Indicated,,Daylight,Dry,Cloudy,None apparent,Non-intersection:  Non-junction/no special feature,Unpaved,,Property Damage Only,0,0,0,0,0,0,4000,2,2,,POINT (-92.65261520962 42.568727503131)
2014799892,14-007312,05/21/2014,05-May,4-Wednesday,13:10,1300 Hours,District 6 (East Central),TIPTON,CEDAR,,LYNN ST,Collision with:  Vehicle in traffic,On Roadway,Rear-end (front to rear),Other (explain in narrative):  Other,None Indicated,,Daylight,Dry,Clear,None apparent,Non-intersection:  Non-junction/no special feature,Paved,,Property Damage Only,0,0,0,0,0,0,1600,2,1,,POINT (-91.129789742404 41.775805474573)
2014799714,CL14001570,05/21/2014,05-May,4-Wednesday,12:38,1200 Hours,District 6 (East Central),CLINTON,CLINTON,US 67,US 67/N 2ND ST & IA 136/IOWA 136 & 19TH AVE N,Non-collision events:  Other non-collision (explain in narrative),On Roadway,Non-collision (single vehicle),Equipment failure,None Indicated,,Daylight,Dry,Clear,None apparent,Non-intersection:  Non-junction/no special feature,Paved,,Property Damage Only,0,0,0,0,0,0,1700,3,3,,POINT (-90.182152914875 41.866222870533)
2014799632,20140013941,05/21/2014,05-May,4-Wednesday,08:00,0800 Hours,District 1 (Central),DES MOINES,POLK,,SW 5TH ST & W MLK JR PKWY,Collision with:  Vehicle in traffic,On Roadway,"Angle, oncoming left turn",Ran Traffic Signal,None Indicated,,Daylight,Dry,Clear,None apparent,Intersection:  Four-way intersection,Paved,,Property Damage Only,0,0,0,0,0,0,2000,2,2,,POINT (-93.621825835326 41.581887034652)
2014799749,2014004865,05/21/2014,05-May,4-Wednesday,19:00,1900 Hours,District 1 (Central),MARSHALLTOWN,MARSHALL,,E STATE ST & N 12TH AVE,Collision with:  Vehicle in traffic,On Roadway,Broadside (front to side),FTYROW:  From stop sign,None Indicated,,Daylight,Dry,Clear,None apparent,Intersection:  Four-way intersection,Paved,,Property Damage Only,0,0,0,0,0,0,8000,2,7,,POINT (-92.893573860224 42.050412770678)
2014799790,14-020408,05/21/2014,05-May,4-Wednesday,20:23,2000 Hours,District 4 (Southwest),COUNCIL BLUFFS,POTTAWATTAMIE,I-80,I-80,Collision with fixed object:  Curb/island/raised median,On Roadway,Non-collision (single vehicle),Unknown,None Indicated,,Dusk,Dry,Clear,None apparent,Non-intersection:  Other non-intersection (explain in narrative),Paved,,Major Injury,0,1,1,0,0,0,1000,1,1,,POINT (-95.905821144262 41.231990045035)
2014803607,,05/21/2014,05-May,4-Wednesday,16:31,1600 Hours,District 5 (Southeast),CHARITON,LUCAS,,COURT AVE,Collision with fixed object:  Bridge overhead structure,On Roadway,Non-collision (single vehicle),Other (explain in narrative):  Other,None Indicated,,Daylight,Dry,Clear,None apparent,Non-intersection:  Non-junction/no special feature,Paved,,Property Damage Only,0,0,0,0,0,0,1500,1,1,,POINT (-93.312083798605 41.014476569444)
2014799922,14049842,05/21/2014,05-May,4-Wednesday,11:09,1100 Hours,District 2 (Northeast),CEDAR FALLS,BLACK HAWK,,6TH ST,Collision with:  Parked motor vehicle,Shoulder,Head-on (front to front),Improper Backing,None Indicated,,Daylight,Dry,Clear,None apparent,Non-intersection:  Non-junction/no special feature,Paved,,Property Damage Only,0,0,0,0,0,0,2500,2,2,,POINT (-92.447375757461 42.53324027558)
2014799791,14-020414,05/21/2014,05-May,4-Wednesday,20:45,2000 Hours,District 4 (Southwest),COUNCIL BLUFFS,POTTAWATTAMIE,,HARRISON ST,Non-collision events:  Other non-collision (explain in narrative),Shoulder,Broadside (front to side),Unknown,None Indicated,,Dark - roadway lighted,Dry,Clear,None apparent,Non-intersection:  Non-junction/no special feature,Paved,,Property Damage Only,0,0,0,0,0,0,1700,3,777,,POINT (-95.846345532643 41.269835548828)
2014804138,SO14-0602,05/21/2014,05-May,4-Wednesday,00:10,0000 Hours,District 2 (Northeast),,WRIGHT,,Co Rd R65/BELMOND RD,Non-collision events:  Overturn/rollover,Shoulder,Non-collision (single vehicle),Swerving/Evasive Action,Alcohol (Statutory),,Dark - roadway not lighted,Dry,Clear,None apparent,Non-intersection:  Non-junction/no special feature,Paved,,Major Injury,0,1,1,0,0,0,1000,1,1,,POINT (-93.597142897994 42.832757690989)
2014799715,CL14001574,05/21/2014,05-May,4-Wednesday,14:31,1400 Hours,District 6 (East Central),CLINTON,CLINTON,,5TH AVE S & S 7TH ST,Collision with:  Vehicle in traffic,On Roadway,Broadside (front to side),Ran Stop Sign,None Indicated,,Daylight,Dry,Clear,None apparent,Intersection:  Four-way intersection,Paved,,Possible/Unknown,0,2,0,0,2,0,22000,2,4,,POINT (-90.201861746068 41.841128919862)
2014799753,14-3345,05/21/2014,05-May,4-Wednesday,11:00,1100 Hours,District 1 (Central),URBANDALE,POLK,I-35,I-35 & IA 141/IOWA 141,Collision with:  Vehicle in traffic,On Roadway,"Sideswipe, same direction",Swerving/Evasive Action,None Indicated,,Daylight,Dry,Clear,None apparent,Intersection:  T-intersection,Paved,,Property Damage Only,0,0,0,0,0,0,3500,2,3,,POINT (-93.774573668197 41.64990034854)
2014800001,14-002213,05/21/2014,05-May,4-Wednesday,13:00,1300 Hours,District 1 (Central),ANKENY,POLK,,W 1ST ST,Collision with:  Vehicle in traffic,On Roadway,Broadside (front to side),FTYROW:  At uncontrolled intersection,None Indicated,,Daylight,Dry,Clear,None apparent,Non-intersection:  Driveway access (within),Paved,,Major Injury,0,2,2,0,0,0,5000,2,3,,POINT (-93.622512517433 41.731852277879)
2014799764,20140013991,05/21/2014,05-May,4-Wednesday,15:00,1500 Hours,District 1 (Central),DES MOINES,POLK,,GARFIELD AVE & E 32ND ST,Collision with:  Vehicle in traffic,On Roadway,Broadside (front to side),Ran Stop Sign,None Indicated,,Daylight,Dry,Clear,None apparent,Intersection:  Four-way intersection,Paved,,Property Damage Only,0,0,0,0,0,0,6000,3,7,,POINT (-93.555297020989 41.603286567976)
2014800620,2014005607,05/21/2014,05-May,4-Wednesday,14:54,1400 Hours,District 6 (East Central),IOWA CITY,JOHNSON,,J ST & BRADFORD ST & S 1ST AVE,Collision with:  Vehicle in traffic,On Roadway,Rear-end (front to rear),Followed too close,None Indicated,,Daylight,Dry,Clear,None apparent,Intersection:  Four-way intersection,Paved,,Property Damage Only,0,0,0,0,0,0,3000,2,2,,POINT (-91.501977381512 41.646305535224)
2014800573,14-0521,05/21/2014,05-May,4-Wednesday,14:00,1400 Hours,District 5 (Southeast),OSCEOLA,CLARKE,US 34,US 34/W MC LANE ST & WARREN AVE,Collision with:  Vehicle in traffic,On Roadway,Broadside (front to side),Ran Traffic Signal,None Indicated,,Daylight,Dry,Clear,None apparent,Intersection:  Four-way intersection,Paved,,Possible/Unknown,0,1,0,0,1,0,12500,3,10,,POINT (-93.788687117502 41.02800997525)
2014800310,14002912,05/21/2014,05-May,4-Wednesday,16:46,1600 Hours,District 3 (Northwest),,CHEROKEE,US 59,US 59,Collision with:  Vehicle in traffic,On Roadway,"Sideswipe, opposite direction",Crossed centerline (undivided),None Indicated,,Daylight,Dry,Clear,None apparent,Non-intersection:  Non-junction/no special feature,Paved,,Minor Injury,0,2,0,2,0,0,11000,2,2,,POINT (-95.552925545229 42.783587466959)
2014800888,2014-32972,05/21/2014,05-May,4-Wednesday,12:22,1200 Hours,District 6 (East Central),DAVENPORT,SCOTT,US 6,US 6/E KIMBERLY RD & E 36TH ST,Collision with:  Non-motorist (see non-motorist section - NOT a unit),On Roadway,Non-collision (single vehicle),Other (explain in narrative):  No improper action,None Indicated,,Daylight,Dry,Clear,None apparent,Intersection:  Four-way intersection,Paved,,Major Injury,0,1,1,0,0,0,2000,1,1,,POINT (-90.5605897848 41.557252023485)
2014799963,14-007016,05/21/2014,05-May,4-Wednesday,22:02,2200 Hours,District 3 (Northwest),,CLAY,US 18,US 18,Collision with:  Animal,,,Animal,None Indicated,,,,,,,Paved,,Property Damage Only,0,0,0,0,0,0,4000,1,1,,POINT (-95.103425392507 43.12692288415)
2014799633,20140013957,05/21/2014,05-May,4-Wednesday,10:00,1000 Hours,District 1 (Central),DES MOINES,POLK,I-235,I-235 & PENNSYLVANIA AVE,Collision with:  Vehicle in traffic,On Roadway,"Sideswipe, same direction",FTYROW:  Other (explain in narrative),None Indicated,,Daylight,Dry,Clear,None apparent,Non-intersection:  Non-junction/no special feature,Paved,,Property Damage Only,0,0,0,0,0,0,3000,2,4,,POINT (-93.60835783357 41.595091662146)
2014800035,14-5880,05/21/2014,05-May,4-Wednesday,14:08,1400 Hours,District 3 (Northwest),,SIOUX,US 75,US 75 & Co Rd B30/360TH ST,Collision with:  Vehicle in traffic,On Roadway,Rear-end (front to rear),Followed too close,None Indicated,,Daylight,Dry,Cloudy,None apparent,Intersection:  Four-way intersection,Paved,,Possible/Unknown,0,2,0,0,2,0,12000,2,2,,POINT (-96.176433119872 43.127901186206)
2014799871,14-15733,05/21/2014,05-May,4-Wednesday,14:55,1400 Hours,District 3 (Northwest),SIOUX CITY,WOODBURY,,5TH ST & COURT ST,Collision with fixed object:  Utility pole/light support,On Roadway,Non-collision (single vehicle),Made improper turn,None Indicated,,Daylight,Dry,Clear,None apparent,Intersection:  Four-way intersection,Paved,,Property Damage Only,0,0,0,0,0,0,1500,1,1,,POINT (-96.396418171798 42.495291263985)
2014799996,14021059,05/21/2014,05-May,4-Wednesday,16:56,1600 Hours,District 5 (Southeast),MUSCATINE,MUSCATINE,,GRANDVIEW AVE & BOND ST,Collision with:  Vehicle in traffic,On Roadway,Broadside (front to side),FTYROW:  At uncontrolled intersection,None Indicated,,Daylight,Dry,Cloudy,None apparent,Non-intersection:  Driveway access (within),Paved,,Property Damage Only,0,0,0,0,0,0,1800,2,3,,POINT (-91.061927657439 41.410224717462)
2014803293,14004412,05/21/2014,05-May,4-Wednesday,15:03,1500 Hours,District 6 (East Central),,BUCHANAN,,Co Rd D16/OTTERVILLE BLVD & GRANT AVE,Collision with:  Vehicle in traffic,On Roadway,Rear-end (front to rear),Other (explain in narrative):  Other,None Indicated,,Daylight,Dry,Clear,Work Zone (roadway-related),Non-intersection:  Non-junction/no special feature,Paved,Yes,Property Damage Only,0,0,0,0,0,0,5000,2,2,,POINT (-91.953515767416 42.511665873795)
2014799626,SO14001201,05/21/2014,05-May,4-Wednesday,03:35,0300 Hours,District 3 (Northwest),,PLYMOUTH,US 75,US 75,Non-collision events:  Overturn/rollover,Median,Non-collision (single vehicle),Ran off road - left,None Indicated,,Dark - roadway not lighted,Dry,Cloudy,None apparent,Non-intersection:  Non-junction/no special feature,Paved,,Minor Injury,0,1,0,1,0,0,30000,1,1,,POINT (-96.307361098195 42.58928556606)
2014799867,14-15684,05/21/2014,05-May,4-Wednesday,02:20,0200 Hours,District 3 (Northwest),SIOUX CITY,WOODBURY,,13TH ST & VIRGINIA ST,Collision with:  Parked motor vehicle,On Roadway,Rear-end (front to rear),Driver Distraction:  Inattentive/lost in thought,None Indicated,,Dark - roadway lighted,Dry,Clear,None apparent,Intersection:  Four-way intersection,Paved,,Property Damage Only,0,0,0,0,0,0,14000,3,1,,POINT (-96.398025024504 42.504058965232)
2014801104,2014030386,05/21/2014,05-May,4-Wednesday,21:37,2100 Hours,District 4 (Southwest),,MILLS,I-29,I-29,Collision with:  Animal,On Roadway,Non-collision (single vehicle),Animal,None Indicated,,Dark - roadway not lighted,Dry,Clear,None apparent,Non-intersection:  Non-junction/no special feature,Paved,,Property Damage Only,0,0,0,0,0,0,2000,1,1,,POINT (-95.823176253264 41.158150164117)
2014799927,201402270,05/21/2014,05-May,4-Wednesday,22:10,2200 Hours,District 1 (Central),,BOONE,,195TH ST,Non-collision events:  Overturn/rollover,Outside trafficway,Non-collision (single vehicle),Driving too fast for conditions,None Indicated,,Dark - roadway not lighted,"Mud, dirt",Clear,None apparent,Non-intersection:  Non-junction/no special feature,Unpaved,,Minor Injury,0,1,0,1,0,0,5500,1,2,,POINT (-93.814509187604 42.070916714666)
2014800604,01-14-21536,05/21/2014,05-May,4-Wednesday,13:39,1300 Hours,District 6 (East Central),DUBUQUE,DUBUQUE,US 52,US 52/WHITE ST & E 20TH ST,Collision with:  Vehicle in traffic,On Roadway,"Sideswipe, same direction",Made improper turn,None Indicated,,Daylight,Dry,Clear,None apparent,Intersection:  Four-way intersection,Paved,,Property Damage Only,0,0,0,0,0,0,2000,2,2,,POINT (-90.669354337519 42.511407429549)
2014800392,66-00097,05/21/2014,05-May,4-Wednesday,15:20,1500 Hours,District 2 (Northeast),SAINT ANSGAR,MITCHELL,,N MAIN ST,Collision with:  Parked motor vehicle,On Roadway,"Sideswipe, same direction",Unknown,None Indicated,,Daylight,Dry,Clear,Non-highway work,Non-intersection:  Non-junction/no special feature,Paved,,Possible/Unknown,0,1,0,0,1,0,2000,2,1,,POINT (-92.925301135563 43.379259243018)
2014800732,2014030213,05/21/2014,05-May,4-Wednesday,07:50,0700 Hours,District 5 (Southeast),,WASHINGTON,IA 22,IA 22,Collision with:  Vehicle in traffic,On Roadway,Rear-end (front to rear),Other (explain in narrative):  Other,None Indicated,,Daylight,Dry,Clear,None apparent,Non-intersection:  Non-junction/no special feature,Paved,,Possible/Unknown,0,1,0,0,1,0,6000,2,2,,POINT (-91.556557059129 41.486147967422)
2014800311,14002934,05/21/2014,05-May,4-Wednesday,23:30,2300 Hours,District 3 (Northwest),,CHEROKEE,,N AVE,Collision with fixed object:  Bridge overhead structure,On Roadway,Non-collision (single vehicle),Lost Control,None Indicated,,Dark - roadway not lighted,Dry,Cloudy,None apparent,Non-intersection:  Other non-intersection (explain in narrative),Unpaved,,Minor Injury,0,1,0,1,0,0,5500,1,1,,POINT (-95.603678951324 42.744696219033)
2014800276,W-14-962,05/21/2014,05-May,4-Wednesday,12:40,1200 Hours,District 2 (Northeast),WAUKON,ALLAMAKEE,IA 76,IA 76/W MAIN ST & 2ND ST SW & 2ND ST NW,Collision with:  Vehicle in traffic,On Roadway,Broadside (front to side),Other (explain in narrative):  Vision obstructed,None Indicated,,Daylight,Dry,Clear,None apparent,Intersection:  Four-way intersection,Paved,,Property Damage Only,0,0,0,0,0,0,5250,2,2,,POINT (-91.478734062942 43.269243208608)
2014800237,2014030383,05/21/2014,05-May,4-Wednesday,21:30,2100 Hours,District 2 (Northeast),,WORTH,I-35,I-35,Collision with:  Animal,,,Animal,None Indicated,,,,,,,Paved,,Property Damage Only,0,0,0,0,0,0,3000,1,1,,POINT (-93.349993377983 43.278959556961)
2014809970,143454PD,05/21/2014,05-May,4-Wednesday,17:41,1700 Hours,District 1 (Central),BOONE,BOONE,,STORY ST & 7TH ST,Collision with:  Vehicle in traffic,On Roadway,"Angle, oncoming left turn",FTYROW:  Making left turn,None Indicated,,Daylight,Dry,Clear,None apparent,Intersection:  Four-way intersection,Paved,,Property Damage Only,0,0,0,0,0,0,2100,2,4,,POINT (-93.880009784585 42.062723602532)
2014801392,2014-33046,05/21/2014,05-May,4-Wednesday,17:14,1700 Hours,District 6 (East Central),DAVENPORT,SCOTT,,HILLANDALE RD,Collision with:  Vehicle in traffic,On Roadway,"Sideswipe, same direction",Other (explain in narrative):  Other,None Indicated,,Daylight,Dry,Clear,None apparent,Non-intersection:  Non-junction/no special feature,Paved,,Property Damage Only,0,0,0,0,0,0,6000,2,2,,POINT (-90.624699471829 41.604482544591)
2014799785,14-020304,05/21/2014,05-May,4-Wednesday,09:41,0900 Hours,District 4 (Southwest),COUNCIL BLUFFS,POTTAWATTAMIE,I-29,I-29,Collision with:  Vehicle in traffic,On Roadway,Rear-end (front to rear),Other (explain in narrative):  Other,None Indicated,,Daylight,Dry,Clear,Work Zone (roadway-related),Non-intersection:  Non-junction/no special feature,Paved,Yes,Property Damage Only,0,0,0,0,0,0,3600,2,3,,POINT (-95.912314829351 41.261339543711)
2014799873,14-15764,05/21/2014,05-May,4-Wednesday,20:00,2000 Hours,District 3 (Northwest),SIOUX CITY,WOODBURY,,RIDGE AVE & MORNINGSIDE AVE,Collision with:  Vehicle in traffic,On Roadway,Rear-end (front to rear),Driving too fast for conditions,None Indicated,,Daylight,Dry,Clear,None apparent,Intersection:  T-intersection,Paved,,Property Damage Only,0,0,0,0,0,0,8000,2,2,,POINT (-96.361067015078 42.478190521874)
2014799772,20140013918,05/21/2014,05-May,4-Wednesday,23:43,2300 Hours,District 1 (Central),DES MOINES,POLK,,LELAND AVE & SW 18TH ST,Collision with:  Parked motor vehicle,On Roadway,Rear-end (front to rear),Driving too fast for conditions,None Indicated,,Dark - roadway not lighted,Wet,Rain,Unknown,Non-intersection:  Non-junction/no special feature,Paved,,Property Damage Only,0,0,0,0,0,0,25000,2,1,,POINT (-93.640131993039 41.528373286189)
2014811579,142667,05/21/2014,05-May,4-Wednesday,02:36,0200 Hours,District 1 (Central),,HARDIN,US 20,US 20,,On Roadway,Non-collision (single vehicle),Swerving/Evasive Action,None Indicated,,Dark - roadway not lighted,Dry,Clear,None apparent,Non-intersection:  Non-junction/no special feature,Paved,,Property Damage Only,0,0,0,0,0,0,3000,1,3,,POINT (-93.172922122518 42.426380407176)
2014800630,14-003068,05/21/2014,05-May,4-Wednesday,16:34,1600 Hours,District 2 (Northeast),ALGONA,KOSSUTH,US 169,US 169/N JONES ST,Collision with:  Vehicle in traffic,On Roadway,Head-on (front to front),Crossed centerline (undivided),None Indicated,,Daylight,Dry,Clear,None apparent,Non-intersection:  Non-junction/no special feature,Paved,,Major Injury,0,2,2,0,0,0,18000,2,2,,POINT (-94.23548570819 43.077673132027)
2014799748,2014004851,05/21/2014,05-May,4-Wednesday,15:00,1500 Hours,District 1 (Central),MARSHALLTOWN,MARSHALL,,W MAIN ST & S 13TH ST & N 13TH ST,Collision with:  Vehicle in traffic,On Roadway,"Sideswipe, same direction",FTYROW:  From parked position,None Indicated,,Daylight,Dry,Clear,None apparent,Non-intersection:  Non-junction/no special feature,Paved,,Property Damage Only,0,0,0,0,0,0,9000,2,3,,POINT (-92.934516682523 42.049119463731)
2014799588,01-14-21470,05/21/2014,05-May,4-Wednesday,06:45,0600 Hours,District 6 (East Central),DUBUQUE,DUBUQUE,,E 26TH ST & WASHINGTON ST,Non-collision events:  Other non-collision (explain in narrative),On Roadway,Non-collision (single vehicle),Lost Control,None Indicated,,Daylight,Dry,Clear,None apparent,Non-intersection:  Non-junction/no special feature,Paved,,Property Damage Only,0,0,0,0,0,0,3000,1,1,,POINT (-90.673175960125 42.520598387851)
2014799783,14-020285,05/21/2014,05-May,4-Wednesday,06:19,0600 Hours,District 4 (Southwest),COUNCIL BLUFFS,POTTAWATTAMIE,IA 192,IA 192/S EXPRESSWAY & 23RD AVE,Collision with:  Vehicle in traffic,On Roadway,Rear-end (front to rear),"Operating vehicle in an reckless, erratic, careless, negligent manner",Drug,,Daylight,Dry,Clear,None apparent,Intersection:  T-intersection,Paved,,Property Damage Only,0,0,0,0,0,0,4500,2,2,,POINT (-95.851390609777 41.239296101515)
2014799962,14007976,05/21/2014,05-May,4-Wednesday,07:17,0700 Hours,District 2 (Northeast),MASON CITY,CERRO GORDO,,12TH ST NW & N TAFT AVE,Collision with:  Vehicle in traffic,On Roadway,Rear-end (front to rear),Followed too close,None Indicated,,Daylight,Dry,Clear,None apparent,Non-intersection:  Non-junction/no special feature,Paved,,Property Damage Only,0,0,0,0,0,0,15000,2,2,,POINT (-93.240660512567 43.162729545048)
2014799970,2014005606,05/21/2014,05-May,4-Wednesday,14:34,1400 Hours,District 6 (East Central),IOWA CITY,JOHNSON,US 6,US 6/S RIVERSIDE DR & IA 1/W BURLINGTON ST & GRAND AVE,Collision with:  Vehicle in traffic,On Roadway,Rear-end (front to rear),Followed too close,None Indicated,,Daylight,Dry,Clear,None apparent,Intersection:  Four-way intersection,Paved,,Property Damage Only,0,0,0,0,0,0,3000,2,6,,POINT (-91.541867586527 41.658032133378)
2014799923,14049859,05/21/2014,05-May,4-Wednesday,12:15,1200 Hours,District 2 (Northeast),CEDAR FALLS,BLACK HAWK,,UNIVERSITY AVE & CEDAR HEIGHTS DR,Collision with:  Vehicle in traffic,On Roadway,"Angle, oncoming left turn",FTYROW:  Making left turn,None Indicated,,Daylight,Dry,Clear,None apparent,Intersection:  Four-way intersection,Paved,,Minor Injury,0,1,0,1,0,0,5000,2,4,,POINT (-92.411215919042 42.506727212958)
2014800597,01-14-21543,05/21/2014,05-May,4-Wednesday,15:16,1500 Hours,District 6 (East Central),DUBUQUE,DUBUQUE,,PENNSYLVANIA AVE & CHANEY RD,Collision with:  Vehicle in traffic,On Roadway,Rear-end (front to rear),Lost Control,None Indicated,,Daylight,Dry,Clear,None apparent,Intersection:  T-intersection,Paved,,Property Damage Only,0,0,0,0,0,0,8000,2,2,,POINT (-90.708216116859 42.500493775788)
2014799995,14021031,05/21/2014,05-May,4-Wednesday,13:54,1300 Hours,District 5 (Southeast),MUSCATINE,MUSCATINE,IA 22,IA 22/PARK AVE & FORD AVE,Collision with:  Vehicle in traffic,On Roadway,Rear-end (front to rear),Followed too close,None Indicated,,Daylight,Dry,Cloudy,None apparent,Intersection:  Four-way intersection,Paved,,Possible/Unknown,0,1,0,0,1,0,3000,2,2,,POINT (-91.030223617451 41.448992205282)
2014799581,14-725,05/21/2014,05-May,4-Wednesday,10:38,1000 Hours,District 3 (Northwest),SPIRIT LAKE,DICKINSON,US 71,US 71 & 170TH ST & 41ST ST,Collision with:  Vehicle in traffic,On Roadway,Broadside (front to side),Ran Stop Sign,None Indicated,,Daylight,Dry,Clear,None apparent,Intersection:  Four-way intersection,Paved,,Minor Injury,0,3,0,3,0,0,7500,2,3,,POINT (-95.128616929609 43.400223203859)
2014800002,14-0580,05/21/2014,05-May,4-Wednesday,13:30,1300 Hours,District 4 (Southwest),CLIVE,DALLAS,US 6,US 6/HICKMAN AVE,Collision with:  Vehicle in traffic,On Roadway,Rear-end (front to rear),Lost Control,None Indicated,,Daylight,Dry,Clear,None apparent,Intersection:  Four-way intersection,Paved,,Property Damage Only,0,0,0,0,0,0,1800,2,4,,POINT (-93.833553682709 41.614792276233)