Iowa DOT Case Number,Law Enforcement Case Number,Date of Crash,Month of Crash,Day of Week,Time of Crash,Hour,DOT District,City Name,County Name,Route with System,Location Description,First Harmful Event,Location of First Harmful Event,Manner of Crash/Collision,Major Cause,Drug or Alcohol ,Environmental Conditions,Light Conditions,Surface Conditions,Weather Conditions,Roadway Contribution,Roadway Type,Roadway Surface,Work Zone,Crash Severity,Number of Fatalities,Number of Injuries,Number of Major Injuries,Number of Minor Injuries,Number of Possible Injuries,Number of Unknown Injuries,Amount of Property Damage,Number of Vehicles Involved,Total Number of Occupants,Travel Direction,Location
2014800887,2014-32964,05/21/2014,05-May,4-Wednesday,11:39,1100 Hours,District 6 (East Central),DAVENPORT,SCOTT,US 6,US 6/E KIMBERLY RD,Collision with:  Vehicle in traffic,On Roadway,Rear-end (front to rear),Lost Control,None Indicated,,Daylight,Dry,Clear,None apparent,Non-intersection:  Non-junction/no special feature,Paved,,Property Damage Only,0,0,0,0,0,0,8500,3,4,,POINT (-90.552149625842 41.556901431855)
2014800234,2014030356,05/21/2014,05-May,4-Wednesday,17:50,1700 Hours,District 1 (Central),,POLK,I-80,I-80,Collision with:  Vehicle in traffic,On Roadway,Rear-end (front to rear),Followed too close,None Indicated,,Daylight,Dry,Clear,None apparent,Non-intersection:  Non-junction/no special feature,Paved,,Property Damage Only,0,0,0,0,0,0,3000,2,2,,POINT (-93.547368814561 41.656277924889)
2014799862,14-1509,05/21/2014,05-May,4-Wednesday,15:30,1500 Hours,District 1 (Central),FORT DODGE,WEBSTER,,6TH AVE N & N 15TH ST,Collision with:  Vehicle in traffic,On Roadway,Broadside (front to side),Ran Traffic Signal,None Indicated,,Daylight,Dry,Clear,None apparent,Intersection:  Four-way intersection,Paved,,Property Damage Only,0,0,0,0,0,0,7000,2,2,,POINT (-94.177988790585 42.51192044063)
2014820434,2014-40-AC,05/21/2014,05-May,4-Wednesday,21:27,2100 Hours,District 3 (Northwest),,DICKINSON,,LINCOLN BLVD,Collision with fixed object:  Traffic sign support,On Roadway,Non-collision (single vehicle),Exceeded authorized speed,Alcohol (Statutory),,Dark - roadway lighted,Dry,Clear,None apparent,Non-intersection:  Non-junction/no special feature,Paved,,Major Injury,0,1,1,0,0,0,550,1,1,,POINT (-95.174979613051 43.430054326772)
2014809946,14-3460PD,05/21/2014,05-May,4-Wednesday,20:33,2000 Hours,District 1 (Central),BOONE,BOONE,,19TH ST & MARSHALL ST,Collision with:  Vehicle in traffic,On Roadway,Broadside (front to side),Crossed centerline (undivided),None Indicated,,Dusk,Dry,Clear,None apparent,Intersection:  Four-way intersection,Paved,,Property Damage Only,0,0,0,0,0,0,4000,2,4,,POINT (-93.878452071679 42.07510139099)
2014799767,20140014018,05/21/2014,05-May,4-Wednesday,19:00,1900 Hours,District 1 (Central),DES MOINES,POLK,US 69,US 69/SE 14TH ST & E PARK AVE,Collision with:  Vehicle in traffic,On Roadway,"Sideswipe, same direction",FTYROW:  At uncontrolled intersection,None Indicated,,Daylight,Dry,Clear,None apparent,Non-intersection:  Non-junction/no special feature,Paved,,Property Damage Only,0,0,0,0,0,0,6000,2,2,,POINT (-93.596832563054 41.555312885367)
2014800305,14-004218,05/21/2014,05-May,4-Wednesday,13:58,1300 Hours,District 4 (Southwest),ATLANTIC,CASS,US 6,US 6/7TH ST,Collision with:  Vehicle in traffic,On Roadway,Rear-end (front to rear),Followed too close,None Indicated,,Daylight,Dry,Clear,None apparent,Non-intersection:  Non-junction/no special feature,Paved,,Possible/Unknown,0,1,0,0,1,0,600,2,2,,POINT (-95.002793802251 41.403873900262)
2014799787,14-020328,05/21/2014,05-May,4-Wednesday,12:20,1200 Hours,District 4 (Southwest),COUNCIL BLUFFS,POTTAWATTAMIE,,NEBRASKA AVE & S 35TH ST,Collision with:  Vehicle in traffic,On Roadway,"Angle, oncoming left turn",Unknown,None Indicated,,Daylight,Dry,Clear,None apparent,Intersection:  Four-way intersection,Paved,,Property Damage Only,0,0,0,0,0,0,3000,2,2,,POINT (-95.901034061908 41.244323441401)
2014799773,20140014037,05/21/2014,05-May,4-Wednesday,21:13,2100 Hours,District 5 (Southeast),DES MOINES,WARREN,US 65,US 65/SW RAMP,Collision with:  Animal,On Roadway,Non-collision (single vehicle),Animal,None Indicated,,Dark - roadway not lighted,Dry,Clear,None apparent,Interchange-related:  Off-ramp,Paved,,Possible/Unknown,0,1,0,0,1,0,5000,1,2,,POINT (-93.573644658882 41.504170063803)
2014800449,14-9424,05/21/2014,05-May,4-Wednesday,10:21,1000 Hours,District 6 (East Central),BETTENDORF,SCOTT,,MIDDLE RD & FOREST GROVE DR,Collision with:  Vehicle in traffic,On Roadway,Broadside (front to side),FTYROW:  From stop sign,None Indicated,,Daylight,Dry,Clear,None apparent,Intersection:  Four-way intersection,Paved,,Property Damage Only,0,0,0,0,0,0,2000,2,2,,POINT (-90.459542806528 41.590042975907)
2014800354,C14001565,05/21/2014,05-May,4-Wednesday,17:45,1700 Hours,District 6 (East Central),CORALVILLE,JOHNSON,US 6,US 6/2ND ST,Collision with:  Vehicle in traffic,On Roadway,"Sideswipe, same direction",FTYROW:  Other (explain in narrative),None Indicated,,Daylight,Dry,Clear,None apparent,Non-intersection:  Non-junction/no special feature,Paved,,Property Damage Only,0,0,0,0,0,0,3500,2,4,,POINT (-91.570034796848 41.670365207481)
2014799994,14003364,05/21/2014,05-May,4-Wednesday,11:59,1100 Hours,District 3 (Northwest),ONAWA,MONONA,IA 175,IA 175/IOWA AVE & 17TH ST,Collision with:  Vehicle in traffic,On Roadway,Rear-end (front to rear),Followed too close,None Indicated,,Daylight,Dry,Clear,None apparent,Non-intersection:  Non-junction/no special feature,Paved,,Possible/Unknown,0,2,0,0,2,0,5000,2,4,,POINT (-96.106037763348 42.026787472457)
2014799769,20140014029,05/21/2014,05-May,4-Wednesday,20:46,2000 Hours,District 1 (Central),DES MOINES,POLK,,E TITUS AVE & SE 5TH ST,Collision with:  Vehicle in traffic,On Roadway,Rear-end (front to rear),Followed too close,None Indicated,,Dark - roadway lighted,Dry,Clear,None apparent,Non-intersection:  Non-junction/no special feature,Paved,,Property Damage Only,0,0,0,0,0,0,2500,2,2,,POINT (-93.606492809543 41.539391444405)
2014800613,02-14-7857,05/21/2014,05-May,4-Wednesday,23:00,2300 Hours,District 6 (East Central),,DUBUQUE,US 20,US 20,Collision with:  Animal,On Roadway,Non-collision (single vehicle),Animal,None Indicated,,Dark - roadway not lighted,Dry,Clear,None apparent,Non-intersection:  Non-junction/no special feature,Paved,,Major Injury,0,1,1,0,0,0,7000,1,1,,POINT (-90.910253701178 42.440698591439)
2014799937,14-007338,05/21/2014,05-May,4-Wednesday,21:05,2100 Hours,District 6 (East Central),,CEDAR,,ADAMS AVE,Collision with:  Animal,,,Animal,None Indicated,,,,,,,Paved,,Property Damage Only,0,0,0,0,0,0,2500,1,1,,POINT (-91.36162455382 41.913966683206)
2014799631,20140013937,05/21/2014,05-May,4-Wednesday,00:00,0000 Hours,District 1 (Central),DES MOINES,POLK,,AVALON RD,Collision with:  Parked motor vehicle,On Roadway,"Sideswipe, same direction",Lost Control,None Indicated,,Unknown,Unknown,Unknown,None apparent,Non-intersection:  Non-junction/no special feature,Paved,,Property Damage Only,0,0,0,0,0,0,1772,2,1,,POINT (-93.636581072354 41.612376840668)
2014799710,14-6989,05/21/2014,05-May,4-Wednesday,15:38,1500 Hours,District 3 (Northwest),SPENCER,CLAY,US 18,US 18/S GRAND AVE,Collision with:  Vehicle in traffic,On Roadway,Rear-end (front to rear),Followed too close,None Indicated,,Daylight,Dry,Clear,None apparent,Non-intersection:  Non-junction/no special feature,Paved,,Property Damage Only,0,0,0,0,0,0,3000,2,2,,POINT (-95.144270929867 43.135204888424)
2014800236,2014030373,05/21/2014,05-May,4-Wednesday,18:25,1800 Hours,District 4 (Southwest),COIN,PAGE,,LINCOLN ST,Collision with:  Vehicle in traffic,On Roadway,"Sideswipe, same direction",Crossed centerline (undivided),Drug,,Daylight,Dry,Clear,None apparent,Non-intersection:  Driveway access (within),Paved,,Fatal,1,0,0,0,0,0,10000,2,2,,POINT (-95.239215739708 40.654426577945)
2014800269,,05/21/2014,05-May,4-Wednesday,15:00,1500 Hours,District 5 (Southeast),NEW LONDON,HENRY,,E MAIN ST & S CHESTNUT ST & N CHESTNUT ST,Collision with:  Parked motor vehicle,Roadside,Rear-end (front to rear),Unknown,None Indicated,,Daylight,Dry,Clear,None apparent,Non-intersection:  Non-junction/no special feature,Paved,,Property Damage Only,0,0,0,0,0,0,2000,2,1,,POINT (-91.398447421728 40.925547996464)
2014799914,,05/21/2014,05-May,4-Wednesday,19:24,1900 Hours,District 5 (Southeast),ELDON,WAPELLO,,S KD AVE & 4TH ST,Collision with:  Other non-fixed object (explain in narrative),On Roadway,Non-collision (single vehicle),"Operating vehicle in an reckless, erratic, careless, negligent manner",Under Influence of Alcohol/Drugs/Medications,,Daylight,Dry,Clear,None apparent,Intersection:  T-intersection,Paved,,Property Damage Only,0,0,0,0,0,0,1500,1,1,,POINT (-92.222624391804 40.916709880978)
2014799778,14-2329,05/21/2014,05-May,4-Wednesday,14:40,1400 Hours,District 1 (Central),WEST DES MOINES,POLK,,WESTOWN PKWY,Collision with:  Vehicle in traffic,On Roadway,"Sideswipe, same direction",Made improper turn,None Indicated,,Daylight,Dry,Clear,None apparent,Intersection:  Four-way intersection,Paved,,Property Damage Only,0,0,0,0,0,0,1500,2,3,,POINT (-93.751653896652 41.594550341476)
2014800176,20140013986,05/21/2014,05-May,4-Wednesday,14:50,1400 Hours,District 1 (Central),DES MOINES,POLK,,COURT AVE & 4TH ST,Collision with:  Vehicle in traffic,On Roadway,"Angle, oncoming left turn",FTYROW:  Making left turn,None Indicated,,Daylight,Dry,Cloudy,None apparent,Intersection:  Four-way intersection,Paved,,Minor Injury,0,2,0,1,1,0,5000,2,3,,POINT (-93.621699954966 41.585022241595)
2014809450,2014030325,05/21/2014,05-May,4-Wednesday,15:15,1500 Hours,District 4 (Southwest),ADAIR,ADAIR,I-80,I-80,Collision with fixed object:  Ditch,On Roadway,Non-collision (single vehicle),Ran off road - right,None Indicated,,Daylight,Dry,Clear,None apparent,Non-intersection:  Non-junction/no special feature,Paved,,Minor Injury,0,1,0,1,0,0,5000,1,2,,POINT (-94.642843028856 41.493154747668)
2014804109,2014-33036,05/21/2014,05-May,4-Wednesday,16:02,1600 Hours,District 6 (East Central),DAVENPORT,SCOTT,,E 6TH ST & TREMONT AVE,Collision with:  Vehicle in traffic,On Roadway,Broadside (front to side),Lost Control,None Indicated,,Daylight,Dry,Clear,None apparent,Non-intersection:  Non-junction/no special feature,Paved,,Property Damage Only,0,0,0,0,0,0,3000,2,4,,POINT (-90.561457855965 41.527468297168)
2014809969,143433PD,05/21/2014,05-May,4-Wednesday,08:14,0800 Hours,District 1 (Central),BOONE,BOONE,US 30,US 30/220TH ST & S LINN ST,Collision with:  Vehicle in traffic,On Roadway,Rear-end (front to rear),Swerving/Evasive Action,None Indicated,,Daylight,Dry,Clear,None apparent,Non-intersection:  Non-junction/no special feature,Paved,,Property Damage Only,0,0,0,0,0,0,4000,2,2,,POINT (-93.873666059039 42.034626817848)
2014800377,201400001640,05/21/2014,05-May,4-Wednesday,12:40,1200 Hours,District 6 (East Central),,LINN,,Co Rd W58/N ALBURNETT RD,Collision with:  Vehicle in traffic,On Roadway,Rear-end (front to rear),Followed too close,None Indicated,,Daylight,Dry,Clear,None apparent,Non-intersection:  Non-junction/no special feature,Paved,,Major Injury,0,2,1,1,0,0,1500,2,2,,POINT (-91.618891913884 42.130061988829)
2014800463,14-002469,05/21/2014,05-May,4-Wednesday,11:22,1100 Hours,District 1 (Central),AMES,STORY,,20TH ST,Collision with:  Vehicle in traffic,On Roadway,"Angle, oncoming left turn",FTYROW:  Making left turn,None Indicated,,Daylight,Dry,Clear,None apparent,Non-intersection:  Driveway access (within),Paved,,Property Damage Only,0,0,0,0,0,0,8000,2,2,,POINT (-93.634688115235 42.041871257028)
2014799634,20140013942,05/21/2014,05-May,4-Wednesday,08:07,0800 Hours,District 1 (Central),DES MOINES,POLK,,51ST ST,Collision with:  Vehicle in traffic,On Roadway,Broadside (front to side),FTYROW:  From driveway,None Indicated,,Daylight,Dry,Clear,None apparent,Non-intersection:  Driveway access (within),Paved,,Property Damage Only,0,0,0,0,0,0,7500,2,2,,POINT (-93.686478657138 41.582275794833)
2014799965,CL14001575,05/21/2014,05-May,4-Wednesday,15:15,1500 Hours,District 6 (East Central),CLINTON,CLINTON,,25TH AVE N & N 10TH ST,Collision with:  Vehicle in traffic,On Roadway,Rear-end (front to rear),Improper Backing,None Indicated,,Daylight,Dry,Clear,None apparent,Non-intersection:  Non-junction/no special feature,Paved,,Property Damage Only,0,0,0,0,0,0,2500,2,3,,POINT (-90.191459409139 41.87489833454)
2014799784,14-020290,05/21/2014,05-May,4-Wednesday,07:35,0700 Hours,District 4 (Southwest),COUNCIL BLUFFS,POTTAWATTAMIE,,2ND AVE & S 23RD ST,Collision with:  Non-motorist (see non-motorist section - NOT a unit),On Roadway,Non-collision (single vehicle),Other (explain in narrative):  No improper action,None Indicated,,Daylight,Dry,Clear,None apparent,Non-intersection:  Non-junction/no special feature,Paved,,Possible/Unknown,0,1,0,0,1,0,0,1,1,,POINT (-95.878359002878 41.25973543988)
2014799754,14-3349,05/21/2014,05-May,4-Wednesday,13:45,1300 Hours,District 1 (Central),GRIMES,POLK,IA 141,IA 141/IOWA 141,Non-collision events:  Overturn/rollover,On Roadway,Non-collision (single vehicle),Swerving/Evasive Action,None Indicated,,Daylight,Dry,Clear,None apparent,Non-intersection:  Non-junction/no special feature,Paved,,Minor Injury,0,2,0,2,0,0,10000,1,2,,POINT (-93.774477777532 41.693008917325)
2014799698,W14-049821,05/21/2014,05-May,4-Wednesday,09:10,0900 Hours,District 2 (Northeast),WATERLOO,BLACK HAWK,,LAFAYETTE ST & VINTON ST,Collision with:  Vehicle in traffic,On Roadway,Head-on (front to front),FTYROW:  Making left turn,None Indicated,,Daylight,Dry,Clear,None apparent,Intersection:  Four-way intersection,Paved,,Property Damage Only,0,0,0,0,0,0,6000,2,3,,POINT (-92.32000086391 42.492155187983)
2014800906,2014-32944,05/21/2014,05-May,4-Wednesday,10:15,1000 Hours,District 6 (East Central),DAVENPORT,SCOTT,US 67,US 67/E RIVER DR & ESPLANADE AVE,Collision with:  Vehicle in traffic,On Roadway,Rear-end (front to rear),Lost Control,None Indicated,,Daylight,Dry,Clear,None apparent,Non-intersection:  Non-junction/no special feature,Paved,,Property Damage Only,0,0,0,0,0,0,6000,2,2,,POINT (-90.554665462404 41.527702251937)
2014799882,2014030211,05/21/2014,05-May,4-Wednesday,07:30,0700 Hours,District 4 (Southwest),,POTTAWATTAMIE,I-80,I-80,Collision with:  Parked motor vehicle,Shoulder,"Sideswipe, same direction",Oversized Load/Vehicle,None Indicated,,Daylight,Dry,Clear,None apparent,Non-intersection:  Non-junction/no special feature,Paved,,Property Damage Only,0,0,0,0,0,0,17000,2,2,,POINT (-95.414873477119 41.497877485558)
2014800353,C14001558,05/21/2014,05-May,4-Wednesday,12:15,1200 Hours,District 6 (East Central),CORALVILLE,JOHNSON,US 6,US 6/2ND ST,Collision with:  Vehicle in traffic,On Roadway,Rear-end (front to rear),Followed too close,None Indicated,,Daylight,Dry,Clear,None apparent,Non-intersection:  Non-junction/no special feature,Paved,,Property Damage Only,0,0,0,0,0,0,4300,3,3,,POINT (-91.576336761491 41.672208799452)
2014800273,,05/22/2014,05-May,5-Thursday,18:58,1800 Hours,District 6 (East Central),CAMANCHE,CLINTON,US 67,US 67 & 9TH ST,Collision with:  Vehicle in traffic,On Roadway,Broadside (front to side),Ran Stop Sign,None Indicated,,,Dry,Clear,,Intersection:  Four-way intersection,Paved,,Possible/Unknown,0,1,0,0,1,0,10000,2,2,,POINT (-90.279088895049 41.786420193985)
2014800028,14-2361,05/22/2014,05-May,5-Thursday,16:46,1600 Hours,District 4 (Southwest),WEST DES MOINES,DALLAS,,JORDAN CREEK PKWY,Collision with:  Vehicle in traffic,On Roadway,Rear-end (front to rear),Followed too close,None Indicated,,Daylight,Dry,Clear,None apparent,Non-intersection:  Non-junction/no special feature,Paved,,Property Damage Only,0,0,0,0,0,0,11000,2,2,,POINT (-93.808933497507 41.596287271964)
2014800338,14-004099,05/22/2014,05-May,5-Thursday,09:00,0900 Hours,District 6 (East Central),MANCHESTER,DELAWARE,,E PROSPECT ST & ANDERSON ST,Collision with:  Vehicle in traffic,On Roadway,Broadside (front to side),Crossed centerline (undivided),None Indicated,,Daylight,Dry,Clear,None apparent,Intersection:  T-intersection,Paved,,Property Damage Only,0,0,0,0,0,0,3000,2,2,,POINT (-91.445439325573 42.489995460626)
2014800539,2014030575,05/22/2014,05-May,5-Thursday,17:10,1700 Hours,District 1 (Central),,POLK,I-35,I-35,Collision with:  Vehicle in traffic,On Roadway,Rear-end (front to rear),Followed too close,None Indicated,,Daylight,Dry,Cloudy,None apparent,Non-intersection:  Non-junction/no special feature,Paved,,Property Damage Only,0,0,0,0,0,0,8673,3,5,,POINT (-93.649031922314 41.649948221405)
2014801745,14-170522-01,05/22/2014,05-May,5-Thursday,04:50,0400 Hours,District 6 (East Central),,IOWA,US 6,US 6,Non-collision events:  Overturn/rollover,Outside trafficway,Non-collision (single vehicle),Swerving/Evasive Action,None Indicated,,Dawn,Dry,Cloudy,Debris,Non-intersection:  Non-junction/no special feature,Paved,,Possible/Unknown,0,1,0,0,1,0,4000,1,1,,POINT (-91.920253269931 41.769248478977)
2014800020,14-1102,05/22/2014,05-May,5-Thursday,15:20,1500 Hours,District 1 (Central),URBANDALE,POLK,,DOUGLAS AVE & 66TH ST,Collision with:  Vehicle in traffic,On Roadway,Rear-end (front to rear),Followed too close,None Indicated,,Daylight,Dry,Clear,None apparent,Non-intersection:  Non-junction/no special feature,Paved,,Property Damage Only,0,0,0,0,0,0,4000,2,2,,POINT (-93.707386942636 41.629373833329)
2014799948,14008072,05/22/2014,05-May,5-Thursday,11:45,1100 Hours,District 2 (Northeast),MASON CITY,CERRO GORDO,IA 122,IA 122/4TH ST SE & S KENTUCKY AVE,Collision with:  Vehicle in traffic,On Roadway,Broadside (front to side),Ran Traffic Signal,None Indicated,,Daylight,Dry,Clear,None apparent,Intersection:  Four-way intersection,Paved,,Property Damage Only,0,0,0,0,0,0,5000,2,3,,POINT (-93.181042660202 43.148098484186)
2014800477,14-15870,05/22/2014,05-May,5-Thursday,17:09,1700 Hours,District 3 (Northwest),SIOUX CITY,WOODBURY,,SINGING HILLS BLVD & SOUTHGATE DR,Collision with:  Vehicle in traffic,On Roadway,"Sideswipe, same direction",FTYROW:  Other (explain in narrative),None Indicated,,Daylight,Dry,Clear,None apparent,Intersection:  Four-way intersection,Paved,,Property Damage Only,0,0,0,0,0,0,6000,2,4,,POINT (-96.36816904889 42.43554335231)
2014800282,W14-050244,05/22/2014,05-May,5-Thursday,14:07,1400 Hours,District 2 (Northeast),WATERLOO,BLACK HAWK,,KIMBALL AVE & FRONTAGE RD,Collision with:  Vehicle in traffic,On Roadway,Broadside (front to side),FTYROW:  From stop sign,None Indicated,,Daylight,Dry,Clear,None apparent,Intersection:  Four-way intersection,Paved,,Major Injury,0,2,1,0,1,0,15000,2,3,,POINT (-92.356586144313 42.45835125858)
2014800231,14-15883,05/22/2014,05-May,5-Thursday,19:20,1900 Hours,District 3 (Northwest),SIOUX CITY,WOODBURY,,W 3RD ST & MARKET ST,Collision with:  Vehicle in traffic,On Roadway,Broadside (front to side),FTYROW:  From stop sign,None Indicated,,Daylight,Dry,Clear,None apparent,Intersection:  Four-way intersection,Paved,,Possible/Unknown,0,2,0,0,2,0,6500,2,3,,POINT (-96.415307152672 42.496719267776)
2014800598,01-14-21661,05/22/2014,05-May,5-Thursday,07:20,0700 Hours,District 6 (East Central),DUBUQUE,DUBUQUE,,E 22ND ST & JACKSON ST,Collision with:  Vehicle in traffic,On Roadway,Broadside (front to side),Ran Traffic Signal,None Indicated,,Daylight,Dry,Clear,None apparent,Intersection:  Four-way intersection,Paved,,Property Damage Only,0,0,0,0,0,0,10000,2,3,,POINT (-90.669757349581 42.513991117414)
2014800026,14-2364,05/22/2014,05-May,5-Thursday,17:37,1700 Hours,District 1 (Central),WEST DES MOINES,POLK,I-35,I-35,Collision with:  Vehicle in traffic,On Roadway,Rear-end (front to rear),Other (explain in narrative):  Other,None Indicated,,Daylight,Dry,Clear,None apparent,Non-intersection:  Non-junction/no special feature,Paved,,Possible/Unknown,0,1,0,0,1,0,4000,3,3,,POINT (-93.7770146755 41.598173766199)
2014799775,20140014082,05/22/2014,05-May,5-Thursday,10:21,1000 Hours,District 1 (Central),DES MOINES,POLK,US 69,US 69/SE 14TH ST & KING AVE,Collision with:  Vehicle in traffic,On Roadway,"Sideswipe, same direction",Swerving/Evasive Action,None Indicated,,Daylight,Wet,Rain,None apparent,Intersection:  Four-way intersection,Paved,,Property Damage Only,0,0,0,0,0,0,1600,2,2,,POINT (-93.596865072164 41.560149639488)
2014800177,20140014093,05/22/2014,05-May,5-Thursday,11:32,1100 Hours,District 1 (Central),DES MOINES,POLK,,CLARK ST & 19TH ST,Collision with:  Vehicle in traffic,On Roadway,"Sideswipe, same direction",FTYROW:  Other (explain in narrative),None Indicated,,Daylight,Dry,Cloudy,None apparent,Intersection:  Four-way intersection,Paved,,Possible/Unknown,0,1,0,0,1,0,4500,2,2,,POINT (-93.642637698334 41.605884969195)
2014831844,1405220851,05/22/2014,05-May,5-Thursday,08:51,0800 Hours,District 6 (East Central),,JONES,,Co Rd E23/CO HOME RD E-23,Collision with fixed object:  Ditch,Shoulder,Non-collision (single vehicle),Swerving/Evasive Action,None Indicated,,Daylight,Dry,Clear,None apparent,Non-intersection:  Non-junction/no special feature,Paved,,Possible/Unknown,0,1,0,0,1,0,2800,1,1,,POINT (-91.188197657731 42.132083458706)
2014800517,2014030458,05/22/2014,05-May,5-Thursday,10:57,1000 Hours,District 6 (East Central),,BENTON,US 30,US 30/73 ST & Co Rd V66/21 AVE,Collision with:  Vehicle in traffic,On Roadway,Broadside (front to side),FTYROW:  From stop sign,None Indicated,,Daylight,Dry,Cloudy,None apparent,Intersection:  Four-way intersection,Paved,,Property Damage Only,0,0,0,0,0,0,12000,2,3,,POINT (-92.085332457741 41.963678041608)
2014800411,14-1104,05/22/2014,05-May,5-Thursday,15:30,1500 Hours,District 1 (Central),URBANDALE,POLK,,AURORA AVE & 70TH ST,Collision with:  Vehicle in traffic,On Roadway,Rear-end (front to rear),Other (explain in narrative):  Other,None Indicated,,Daylight,Dry,Clear,None apparent,Intersection:  Four-way intersection,Paved,,Property Damage Only,0,0,0,0,0,0,3500,2,2,,POINT (-93.712257101053 41.636648568722)
2014800476,14-15845,05/22/2014,05-May,5-Thursday,14:15,1400 Hours,District 3 (Northwest),SIOUX CITY,WOODBURY,,SINGING HILLS BLVD,Collision with:  Vehicle in traffic,On Roadway,Rear-end (front to rear),Followed too close,None Indicated,,Daylight,Dry,Clear,Work Zone (roadway-related),Intersection:  Four-way intersection,Paved,Yes,Property Damage Only,0,0,0,0,0,0,20000,2,2,,POINT (-96.376882630924 42.434143115419)
2014800008,20140014140,05/22/2014,05-May,5-Thursday,18:01,1800 Hours,District 1 (Central),DES MOINES,POLK,US 6,US 6/DOUGLAS AVE,Collision with:  Vehicle in traffic,On Roadway,Broadside (front to side),Exceeded authorized speed,None Indicated,,Daylight,Dry,Clear,None apparent,Non-intersection:  Non-junction/no special feature,Paved,,Possible/Unknown,0,2,0,0,2,0,11000,2,2,,POINT (-93.656518620277 41.629153196178)
2014800540,2014030611,05/22/2014,05-May,5-Thursday,21:40,2100 Hours,District 6 (East Central),,SCOTT,US 61,US 61,Collision with:  Animal,On Roadway,Non-collision (single vehicle),Animal,None Indicated,,Dark - roadway not lighted,Dry,Clear,None apparent,Non-intersection:  Non-junction/no special feature,Paved,,Property Damage Only,0,0,0,0,0,0,5500,1,1,,POINT (-90.568877491728 41.742326144192)
2014800582,14-17112,05/22/2014,05-May,5-Thursday,19:15,1900 Hours,District 5 (Southeast),,DES MOINES,US 34,US 34 & 130TH ST,Collision with:  Vehicle in traffic,On Roadway,Broadside (front to side),Crossed centerline (undivided),None Indicated,,Daylight,Dry,Clear,None apparent,Intersection:  Four-way intersection,Paved,,Minor Injury,0,1,0,1,0,0,10000,2,2,,POINT (-91.328496181859 40.870841228944)
2014801879,14005459,05/22/2014,05-May,5-Thursday,05:29,0500 Hours,District 2 (Northeast),,FAYETTE,,Co Rd C50/40TH ST,Non-collision events:  Overturn/rollover,Shoulder,Non-collision (single vehicle),Ran off road - right,None Indicated,,Dawn,Dry,Clear,None apparent,Non-intersection:  Non-junction/no special feature,Paved,,Minor Injury,0,1,0,1,0,0,4000,1,1,,POINT (-91.962778853693 42.685846303593)
2014809971,143480PD,05/22/2014,05-May,5-Thursday,14:28,1400 Hours,District 1 (Central),BOONE,BOONE,,11TH ST & STORY ST,Collision with:  Vehicle in traffic,On Roadway,Head-on (front to front),FTYROW:  Making left turn,None Indicated,,Daylight,Dry,Clear,None apparent,Intersection:  Four-way intersection,Paved,,Property Damage Only,0,0,0,0,0,0,1800,2,2,,POINT (-93.880043447288 42.066911346635)
2014799969,14-17115,05/22/2014,05-May,5-Thursday,19:31,1900 Hours,District 5 (Southeast),BURLINGTON,DES MOINES,,DES MOINES AVE,Collision with:  Vehicle in traffic,On Roadway,Head-on (front to front),FTYROW:  Making left turn,None Indicated,,Daylight,Dry,Clear,None apparent,Non-intersection:  Driveway access (within),Paved,,Possible/Unknown,0,1,0,0,1,0,4000,2,2,,POINT (-91.108110609843 40.831738266562)
2014839067,TC3214,05/22/2014,05-May,5-Thursday,22:13,2200 Hours,District 4 (Southwest),MISSOURI VALLEY,HARRISON,,ELM ST,Miscellaneous events:  Fire/explosion,Shoulder,Non-collision (single vehicle),Other (explain in narrative):  No improper action,None Indicated,,Dark - roadway lighted,Dry,Clear,None apparent,Non-intersection:  Non-junction/no special feature,Paved,,Property Damage Only,0,0,0,0,0,0,5000,1,2,,POINT (-95.88814795066 41.562853129311)
2014799966,2014-2260,05/22/2014,05-May,5-Thursday,17:30,1700 Hours,District 4 (Southwest),WAUKEE,DALLAS,,Co Rd R22/UTE AVE,Collision with:  Vehicle in traffic,On Roadway,Rear-end (front to rear),Swerving/Evasive Action,None Indicated,,Daylight,Dry,Clear,None apparent,Non-intersection:  Non-junction/no special feature,Paved,,Property Damage Only,0,0,0,0,0,0,7000,2,4,,POINT (-93.885420183368 41.597525068806)
2014800145,14-3396,05/22/2014,05-May,5-Thursday,17:18,1700 Hours,District 1 (Central),DES MOINES,POLK,IA 415,IA 415/SW ORALABOR RD/NW 35TH ST & NW 26TH ST,Collision with:  Vehicle in traffic,On Roadway,"Sideswipe, same direction",Swerving/Evasive Action,None Indicated,,Daylight,Dry,Clear,None apparent,Intersection:  T-intersection,Paved,,Property Damage Only,0,0,0,0,0,0,12900,3,3,,POINT (-93.652594529766 41.701872046691)
2014800240,2014030641,05/22/2014,05-May,5-Thursday,23:55,2300 Hours,District 4 (Southwest),,ADAIR,IA 25,IA 25/IOWA 25 & 150TH ST,Collision with:  Animal,,,Animal,None Indicated,,,,,,,Paved,,Property Damage Only,0,0,0,0,0,0,3400,1,1,,POINT (-94.452455365057 41.431631268519)
2014800770,CL14001593,05/22/2014,05-May,5-Thursday,21:03,2100 Hours,District 6 (East Central),CLINTON,CLINTON,,N 3RD ST,Collision with:  Parked motor vehicle,On Roadway,"Sideswipe, same direction",Lost Control,Alcohol (Statutory),,Dark - roadway not lighted,Dry,Clear,None apparent,Non-intersection:  Non-junction/no special feature,Paved,,Property Damage Only,0,0,0,0,0,0,10500,3,1,,POINT (-90.186355159101 41.861886178681)