Iowa DOT Case Number,Law Enforcement Case Number,Date of Crash,Month of Crash,Day of Week,Time of Crash,Hour,DOT District,City Name,County Name,Route with System,Location Description,First Harmful Event,Location of First Harmful Event,Manner of Crash/Collision,Major Cause,Drug or Alcohol ,Environmental Conditions,Light Conditions,Surface Conditions,Weather Conditions,Roadway Contribution,Roadway Type,Roadway Surface,Work Zone,Crash Severity,Number of Fatalities,Number of Injuries,Number of Major Injuries,Number of Minor Injuries,Number of Possible Injuries,Number of Unknown Injuries,Amount of Property Damage,Number of Vehicles Involved,Total Number of Occupants,Travel Direction,Location
2014800356,C14001576,05/22/2014,05-May,5-Thursday,15:20,1500 Hours,District 6 (East Central),CORALVILLE,JOHNSON,I-80,I-80,Collision with:  Vehicle in traffic,On Roadway,Rear-end (front to rear),Driver Distraction:  Manual operation of an electronic communication device,None Indicated,,Daylight,Dry,Clear,None apparent,Non-intersection:  Other non-intersection (explain in narrative),Paved,,Property Damage Only,0,0,0,0,0,0,4000,2,3,,POINT (-91.597169558119 41.693108707819)
2014800739,,05/22/2014,05-May,5-Thursday,14:59,1400 Hours,District 5 (Southeast),LEON,DECATUR,,N MAIN ST,Collision with:  Vehicle in traffic,On Roadway,Rear-end (front to rear),FTYROW:  From parked position,None Indicated,,Daylight,Dry,Clear,None apparent,Non-intersection:  Non-junction/no special feature,Paved,,Property Damage Only,0,0,0,0,0,0,2500,2,2,,POINT (-93.746897145599 40.740689100387)
2014800230,14-15882,05/22/2014,05-May,5-Thursday,19:11,1900 Hours,District 3 (Northwest),SIOUX CITY,WOODBURY,,STONE PARK BLVD & DOUGLAS ST,Collision with:  Vehicle in traffic,On Roadway,Broadside (front to side),FTYROW:  From stop sign,None Indicated,,Daylight,Dry,Clear,None apparent,Intersection:  Four-way intersection,Paved,,Property Damage Only,0,0,0,0,0,0,2000,2,7,,POINT (-96.406665205016 42.519055722219)
2014800018,20140014135,05/22/2014,05-May,5-Thursday,17:48,1700 Hours,District 1 (Central),DES MOINES,POLK,,EASTON BLVD,Collision with:  Vehicle in traffic,On Roadway,Rear-end (front to rear),Followed too close,None Indicated,,Daylight,Dry,Clear,None apparent,Non-intersection:  Non-junction/no special feature,Paved,,Property Damage Only,0,0,0,0,0,0,3000,2,3,,POINT (-93.544408854179 41.614255412238)
2014800030,14-001079,05/22/2014,05-May,5-Thursday,15:20,1500 Hours,District 1 (Central),ALTOONA,POLK,US 6,US 6/FREDERICK M HUBBELL AVE & 36TH AVE SW & PRAIRIE CROSSING NW,Collision with:  Vehicle in traffic,On Roadway,Rear-end (front to rear),Other (explain in narrative):  Other,None Indicated,,Daylight,Dry,Cloudy,None apparent,Intersection:  Four-way intersection,Paved,,Property Damage Only,0,0,0,0,0,0,13000,2,2,,POINT (-93.509164764424 41.65024756987)
2014800313,7057-14,05/22/2014,05-May,5-Thursday,16:14,1600 Hours,District 3 (Northwest),SPENCER,CLAY,,W 5TH ST & 2ND AVE W,Collision with:  Vehicle in traffic,On Roadway,Broadside (front to side),FTYROW:  From stop sign,None Indicated,,Daylight,Dry,Clear,None apparent,Intersection:  Four-way intersection,Paved,,Possible/Unknown,0,1,0,0,1,0,2400,2,2,,POINT (-95.147567949821 43.14228355529)
2014802453,201400024539,05/22/2014,05-May,5-Thursday,10:32,1000 Hours,District 5 (Southeast),OTTUMWA,WAPELLO,,PACKARD AVE,Collision with:  Vehicle in traffic,On Roadway,Broadside (front to side),FTYROW:  At uncontrolled intersection,None Indicated,,Daylight,Dry,Cloudy,None apparent,Non-intersection:  Alley,Paved,,Property Damage Only,0,0,0,0,0,0,3000,2,4,,POINT (-92.418397410772 41.022701117397)
2014800120,14-12606,05/22/2014,05-May,5-Thursday,12:20,1200 Hours,District 1 (Central),NEWTON,JASPER,US 6,US 6/1ST AVE E & E 8TH ST S & E 8TH ST N,Collision with:  Vehicle in traffic,On Roadway,Rear-end (front to rear),Followed too close,None Indicated,,Daylight,Dry,Clear,None apparent,Intersection:  Four-way intersection,Paved,,Property Damage Only,0,0,0,0,0,0,1700,2,3,,POINT (-93.043542313062 41.699267204072)
2014802878,14-003726,05/22/2014,05-May,5-Thursday,19:38,1900 Hours,District 4 (Southwest),PERRY,DALLAS,,2ND ST,Collision with:  Vehicle in traffic,On Roadway,"Sideswipe, same direction",Other (explain in narrative):  Other,None Indicated,,Daylight,Dry,Clear,None apparent,Non-intersection:  Non-junction/no special feature,Paved,,Property Damage Only,0,0,0,0,0,0,2000,2,1,,POINT (-94.105182766839 41.846419870234)
2014800328,141336,05/22/2014,05-May,5-Thursday,08:49,0800 Hours,District 3 (Northwest),,CRAWFORD,,Co Rd E46/LINCOLN WAY,Collision with:  Railway vehicle/train,On Roadway,Broadside (front to side),Swerving/Evasive Action,None Indicated,,Daylight,Dry,Clear,None apparent,Non-intersection:  Railroad grade crossing,Paved,,Property Damage Only,0,0,0,0,0,0,30000,2,2,,POINT (-95.381705308219 41.999420533192)
2014800467,14002482,05/22/2014,05-May,5-Thursday,15:32,1500 Hours,District 1 (Central),AMES,STORY,,S 16TH ST & S KELLOGG AVE,Collision with:  Vehicle in traffic,On Roadway,Broadside (front to side),FTYROW:  From stop sign,None Indicated,,Daylight,Dry,Clear,None apparent,Intersection:  T-intersection,Paved,,Minor Injury,0,1,0,1,0,0,4500,2,4,,POINT (-93.61255721628 42.008351952156)
2014800032,14-020457,05/22/2014,05-May,5-Thursday,09:00,0900 Hours,District 4 (Southwest),COUNCIL BLUFFS,POTTAWATTAMIE,US 6,US 6/KANESVILLE BLVD & NORTH AVE,Collision with:  Vehicle in traffic,On Roadway,Rear-end (front to rear),FTYROW:  Other (explain in narrative),None Indicated,,Daylight,Wet,Rain,"Surface condition (e.g., wet, icy)",Non-intersection:  Non-junction/no special feature,Paved,,Property Damage Only,0,0,0,0,0,0,4133,2,3,,POINT (-95.830997202465 41.271286045668)
2014800355,C14001572,05/22/2014,05-May,5-Thursday,11:35,1100 Hours,District 6 (East Central),CORALVILLE,JOHNSON,US 6,US 6/2ND ST,Collision with:  Vehicle in traffic,On Roadway,Rear-end (front to rear),Followed too close,None Indicated,,Daylight,Dry,Cloudy,None apparent,Non-intersection:  Non-junction/no special feature,Paved,,Property Damage Only,0,0,0,0,0,0,3000,2,2,,POINT (-91.573794235353 41.671474737171)
2014802021,14-5322,05/22/2014,05-May,5-Thursday,12:40,1200 Hours,District 3 (Northwest),CARROLL,CARROLL,,PLEASANT RIDGE RD,Collision with:  Parked motor vehicle,On Roadway,Rear-end (front to rear),Driver Distraction:  Manual operation of an electronic communication device,None Indicated,,Daylight,Dry,Cloudy,None apparent,Non-intersection:  Non-junction/no special feature,Paved,,Property Damage Only,0,0,0,0,0,0,10000,2,1,,POINT (-94.868365282157 42.049689498569)
2014800518,2014030513,05/22/2014,05-May,5-Thursday,12:40,1200 Hours,District 6 (East Central),,LINN,,Co Rd E34/COUNTY HOME RD,Collision with:  Vehicle in traffic,On Roadway,"Sideswipe, opposite direction",Driving too fast for conditions,None Indicated,,Daylight,Dry,Clear,None apparent,Non-intersection:  Non-junction/no special feature,Paved,,Property Damage Only,0,0,0,0,0,0,3500,2,2,,POINT (-91.641821715815 42.094842188717)
2014799988,14010394,05/22/2014,05-May,5-Thursday,13:59,1300 Hours,District 6 (East Central),MARION,LINN,,10TH AVE,Collision with:  Vehicle in traffic,On Roadway,Broadside (front to side),Improper Backing,None Indicated,,Daylight,Dry,Clear,None apparent,Intersection:  Four-way intersection,Paved,,Property Damage Only,0,0,0,0,0,0,8000,2,2,,POINT (-91.553620113157 42.035754829127)
2014800029,14-001081,05/22/2014,05-May,5-Thursday,16:30,1600 Hours,District 1 (Central),ALTOONA,POLK,,34TH AVE SW,Collision with:  Vehicle in traffic,On Roadway,Broadside (front to side),FTYROW:  Making left turn,None Indicated,,Daylight,Dry,Clear,None apparent,Non-intersection:  Driveway access (within),Paved,,Property Damage Only,0,0,0,0,0,0,4000,2,3,,POINT (-93.503163005071 41.641347879467)
2014800105,1405228111,05/22/2014,05-May,5-Thursday,21:10,2100 Hours,District 6 (East Central),,CLINTON,,Co Rd Y68/285TH AVE,Collision with:  Animal,,,Animal,None Indicated,,,,,,,Paved,,Property Damage Only,0,0,0,0,0,0,1500,1,1,,POINT (-90.539236415453 41.793903072381)
2014823431,142721,05/22/2014,05-May,5-Thursday,23:43,2300 Hours,District 1 (Central),ALDEN,HARDIN,,HARDIN ST & NICOLAS ST,,On Roadway,Non-collision (single vehicle),Ran off road - straight,None Indicated,,Dark - roadway not lighted,Dry,Clear,None apparent,Non-intersection:  Non-junction/no special feature,Paved,,Property Damage Only,0,0,0,0,0,0,3000,1,1,,POINT (-93.368597518778 42.51502270004)
2014799777,14-2344,05/22/2014,05-May,5-Thursday,07:36,0700 Hours,District 1 (Central),WEST DES MOINES,POLK,,S 50TH ST,Collision with:  Vehicle in traffic,On Roadway,Rear-end (front to rear),Other (explain in narrative):  Other,None Indicated,,Daylight,Dry,Cloudy,None apparent,Intersection:  Four-way intersection,Paved,,Property Damage Only,0,0,0,0,0,0,5000,2,3,,POINT (-93.770856783449 41.55461119585)
2014800424,14-000594,05/22/2014,05-May,5-Thursday,15:07,1500 Hours,District 1 (Central),JOHNSTON,POLK,,NW 86TH ST,Collision with:  Vehicle in traffic,On Roadway,Rear-end (front to rear),Driver Distraction:  Passenger,None Indicated,,Daylight,Dry,Clear,None apparent,Non-intersection:  Driveway access (within),Paved,,Property Damage Only,0,0,0,0,0,0,3000,2,54,,POINT (-93.736463375338 41.677856718663)
2014800871,2014-10221,05/22/2014,05-May,5-Thursday,13:06,1300 Hours,District 6 (East Central),BETTENDORF,SCOTT,I-80,I-80,Non-collision events:  Other non-collision (explain in narrative),On Roadway,Non-collision (single vehicle),Swerving/Evasive Action,None Indicated,,Daylight,Dry,Cloudy,Debris,Non-intersection:  Non-junction/no special feature,Paved,,Property Damage Only,0,0,0,0,0,0,6000,2,2,,POINT (-90.473757506543 41.596840890844)
2014800003,14-0585,05/22/2014,05-May,5-Thursday,17:20,1700 Hours,District 1 (Central),CLIVE,POLK,I-35,I-35,Collision with:  Vehicle in traffic,On Roadway,Rear-end (front to rear),Followed too close,None Indicated,,Daylight,Dry,Clear,None apparent,Non-intersection:  Non-junction/no special feature,Paved,,Possible/Unknown,0,2,0,0,2,0,1500,2,5,,POINT (-93.776886441869 41.60248907992)
2014801657,14002483,05/22/2014,05-May,5-Thursday,15:28,1500 Hours,District 1 (Central),AMES,STORY,,E 2ND ST & DUFF AVE,Collision with:  Vehicle in traffic,On Roadway,Broadside (front to side),FTYROW:  From driveway,None Indicated,,Daylight,Dry,Clear,None apparent,Non-intersection:  Driveway access (within),Paved,,Minor Injury,0,2,0,2,0,0,8000,2,3,,POINT (-93.610396818462 42.023638634839)
2014802507,,05/22/2014,05-May,5-Thursday,21:40,2100 Hours,District 2 (Northeast),JACKSON JUNCTION,WINNESHIEK,IA 24,IA 24/IOWA 24,Collision with:  Animal,On Roadway,Non-collision (single vehicle),Animal,None Indicated,,Dark - roadway not lighted,Dry,Clear,None apparent,Non-intersection:  Non-junction/no special feature,Paved,,Property Damage Only,0,0,0,0,0,0,3500,1,5,,POINT (-92.067410436195 43.098120227682)
2014800281,W14-050211,05/22/2014,05-May,5-Thursday,11:37,1100 Hours,District 2 (Northeast),WATERLOO,BLACK HAWK,,WESTFIELD AVE,Collision with:  Vehicle in traffic,On Roadway,Rear-end (front to rear),Other (explain in narrative):  Other,None Indicated,,Daylight,Dry,Clear,None apparent,Intersection:  T-intersection,Paved,,Possible/Unknown,0,1,0,0,1,0,3000,2,2,,POINT (-92.366315941694 42.504173242941)
2014800022,14-2362,05/22/2014,05-May,5-Thursday,17:17,1700 Hours,District 4 (Southwest),WEST DES MOINES,DALLAS,,JORDAN CREEK PKWY,Collision with:  Vehicle in traffic,On Roadway,Rear-end (front to rear),Followed too close,None Indicated,,Daylight,Dry,Clear,None apparent,Non-intersection:  Non-junction/no special feature,Paved,,Property Damage Only,0,0,0,0,0,0,7000,3,3,,POINT (-93.808908222508 41.59810690291)
2014800007,20140014130,05/22/2014,05-May,5-Thursday,16:18,1600 Hours,District 1 (Central),DES MOINES,POLK,US 69,US 69/SE 14TH ST,Collision with:  Vehicle in traffic,On Roadway,"Angle, oncoming left turn",Driving too fast for conditions,None Indicated,,Daylight,Dry,Clear,None apparent,Intersection:  T-intersection,Paved,,Possible/Unknown,0,1,0,0,1,0,7550,3,4,,POINT (-93.596817009781 41.534064688757)
2014799757,14-002224,05/22/2014,05-May,5-Thursday,08:36,0800 Hours,District 1 (Central),ANKENY,POLK,,SW SNYDER BLVD & SW ANKENY RD,Collision with:  Vehicle in traffic,On Roadway,Broadside (front to side),FTYROW:  From stop sign,None Indicated,,Daylight,Dry,Cloudy,None apparent,Intersection:  Four-way intersection,Paved,,Possible/Unknown,0,1,0,0,1,0,6000,2,2,,POINT (-93.607088036618 41.700202948716)
2014800000,14-3405,05/22/2014,05-May,5-Thursday,20:45,2000 Hours,District 1 (Central),POLK CITY,POLK,,NW 44TH ST,Collision with:  Animal,,,Animal,None Indicated,,,,,,,Paved,,Property Damage Only,0,0,0,0,0,0,2500,1,1,,POINT (-93.677478571525 41.758454250605)
2014800583,14-17127,05/22/2014,05-May,5-Thursday,21:22,2100 Hours,District 5 (Southeast),BURLINGTON,DES MOINES,,TAMA RD & PEST HOUSE RD,Non-collision events:  Overturn/rollover,Shoulder,Non-collision (single vehicle),Ran off road - right,Refused,,Dark - roadway not lighted,Dry,Clear,None apparent,Intersection:  Shared use path or trail,Paved,,Property Damage Only,0,0,0,0,0,0,2000,1,1,,POINT (-91.105657642191 40.840417525628)
2014800599,01-14-21720,05/22/2014,05-May,5-Thursday,15:18,1500 Hours,District 6 (East Central),DUBUQUE,DUBUQUE,,RHOMBERG AVE,Collision with:  Parked motor vehicle,On Roadway,"Sideswipe, same direction",Other (explain in narrative):  No improper action,None Indicated,,Daylight,Dry,Clear,None apparent,Non-intersection:  Non-junction/no special feature,Paved,,Property Damage Only,0,0,0,0,0,0,1500,2,2,,POINT (-90.657856742413 42.522357350512)
2014800600,01-14-21773,05/22/2014,05-May,5-Thursday,21:09,2100 Hours,District 6 (East Central),DUBUQUE,DUBUQUE,,PENNSYLVANIA AVE & JOHN F KENNEDY RD,Collision with:  Vehicle in traffic,On Roadway,Rear-end (front to rear),Lost Control,None Indicated,,Dark - roadway lighted,Dry,Clear,None apparent,Non-intersection:  Non-junction/no special feature,Paved,,Property Damage Only,0,0,0,0,0,0,2000,2,4,,POINT (-90.721250888193 42.500465654626)
2014800280,W14-050202,05/22/2014,05-May,5-Thursday,11:06,1100 Hours,District 2 (Northeast),WATERLOO,BLACK HAWK,,OSAGE RD & DUBUQUE RD,Collision with:  Vehicle in traffic,On Roadway,Broadside (front to side),FTYROW:  From stop sign,None Indicated,,Daylight,Dry,Clear,None apparent,Intersection:  Four-way intersection,Paved,,Possible/Unknown,0,1,0,0,1,0,13000,2,3,,POINT (-92.295342958111 42.483819924368)
2014799991,2014004893,05/22/2014,05-May,5-Thursday,18:22,1800 Hours,District 1 (Central),MARSHALLTOWN,MARSHALL,,W STATE ST & N 2ND ST,Collision with:  Vehicle in traffic,On Roadway,Broadside (front to side),Ran off road - right,None Indicated,,Daylight,Dry,Clear,None apparent,Non-intersection:  Other non-intersection (explain in narrative),Paved,,Property Damage Only,0,0,0,0,0,0,6500,2,3,,POINT (-92.916243966034 42.050395526086)
2014801246,14-002249,05/22/2014,05-May,5-Thursday,16:00,1600 Hours,District 1 (Central),ANKENY,POLK,,SW ORDNANCE RD & SW CHERRY ST,Collision with:  Vehicle in traffic,On Roadway,Broadside (front to side),Ran Stop Sign,None Indicated,,Daylight,Dry,Clear,None apparent,Intersection:  Four-way intersection,Paved,,Possible/Unknown,0,1,0,0,1,0,3000,2,2,,POINT (-93.60730385983 41.724412789465)
2014800284,W14-050307,05/22/2014,05-May,5-Thursday,17:39,1700 Hours,District 2 (Northeast),WATERLOO,BLACK HAWK,US 218,US 218/WASHINGTON ST,Collision with:  Vehicle in traffic,On Roadway,Rear-end (front to rear),FTYROW:  Other (explain in narrative),None Indicated,,Daylight,Dry,Clear,None apparent,Intersection:  Four-way intersection,Paved,,Property Damage Only,0,0,0,0,0,0,2500,2,2,,POINT (-92.334851059511 42.488315789365)
2014799985,201407159,05/22/2014,05-May,5-Thursday,15:06,1500 Hours,District 6 (East Central),CEDAR RAPIDS,LINN,,JOHNSON AVE NW & EDGEWOOD RD NW,Collision with:  Non-motorist (see non-motorist section - NOT a unit),On Roadway,Non-collision (single vehicle),FTYROW:  Making left turn,None Indicated,,Daylight,Dry,Cloudy,None apparent,Intersection:  Four-way intersection,Paved,,Major Injury,0,1,1,0,0,0,1000,1,1,,POINT (-91.715990354579 41.974515406815)
2014800152,14-002233,05/22/2014,05-May,5-Thursday,18:00,1800 Hours,District 1 (Central),ANKENY,POLK,,SE DELAWARE AVE,Collision with:  Vehicle in traffic,On Roadway,"Sideswipe, same direction",Made improper turn,None Indicated,,Daylight,Dry,Clear,None apparent,Non-intersection:  Non-junction/no special feature,Paved,,Property Damage Only,0,0,0,0,0,0,7000,2,2,,POINT (-93.581100453677 41.729141881707)
2014800285,W14-050412,05/22/2014,05-May,5-Thursday,20:04,2000 Hours,District 2 (Northeast),WATERLOO,BLACK HAWK,,BROADWAY ST,Collision with fixed object:  Other fixed object (explain in narrative),On Roadway,Non-collision (single vehicle),Ran off road - right,None Indicated,,Daylight,Dry,Clear,None apparent,Non-intersection:  Non-junction/no special feature,Paved,,Property Damage Only,0,0,0,0,0,0,1700,1,3,,POINT (-92.344724193651 42.507672160027)
2014799984,201407148,05/22/2014,05-May,5-Thursday,11:20,1100 Hours,District 6 (East Central),CEDAR RAPIDS,LINN,,BLAIRS FERRY RD NE & CRANE LN NE,Collision with:  Vehicle in traffic,On Roadway,"Angle, oncoming left turn",FTYROW:  Making left turn,None Indicated,,Daylight,Dry,Cloudy,None apparent,Non-intersection:  Driveway access (within),Paved,,Property Damage Only,0,0,0,0,0,0,3200,2,2,,POINT (-91.664154991752 42.034951235633)
2014799967,2014-2264,05/22/2014,05-May,5-Thursday,20:08,2000 Hours,District 4 (Southwest),WAUKEE,DALLAS,,ASHWORTH DR & 5TH ST,Collision with:  Vehicle in traffic,On Roadway,Rear-end (front to rear),Ran Stop Sign,None Indicated,,Dusk,Dry,Clear,None apparent,Intersection:  T-intersection,Paved,,Property Damage Only,0,0,0,0,0,0,2800,2,2,,POINT (-93.884156778356 41.611333763269)
2014800033,14-020534,05/22/2014,05-May,5-Thursday,17:45,1700 Hours,District 4 (Southwest),COUNCIL BLUFFS,POTTAWATTAMIE,,SUNNYWOOD AVE,Collision with:  Vehicle in traffic,On Roadway,Unknown,Other (explain in narrative):  Vision obstructed,None Indicated,,Daylight,Dry,Clear,None apparent,Non-intersection:  Non-junction/no special feature,Paved,,Property Damage Only,0,0,0,0,0,0,2000,2,3,,POINT (-95.821102439453 41.250535227883)
2014800661,05-14-171,05/22/2014,05-May,5-Thursday,08:40,0800 Hours,District 3 (Northwest),LE MARS,PLYMOUTH,,LINCOLN ST W,Collision with:  Vehicle in traffic,On Roadway,Broadside (front to side),FTYROW:  Other (explain in narrative),None Indicated,,Daylight,Dry,Cloudy,None apparent,Non-intersection:  Non-junction/no special feature,Paved,,Property Damage Only,0,0,0,0,0,0,6000,2,2,,POINT (-96.18332536385 42.779752877345)
2014800446,14-9515,05/22/2014,05-May,5-Thursday,15:18,1500 Hours,District 6 (East Central),BETTENDORF,SCOTT,,PLYMOUTH DR & HAMILTON DR,Collision with:  Vehicle in traffic,On Roadway,Broadside (front to side),FTYROW:  From yield sign,None Indicated,,Daylight,Dry,Clear,None apparent,Intersection:  Four-way intersection,Paved,,Possible/Unknown,0,1,0,0,1,0,14000,2,3,,POINT (-90.509491482455 41.565531572808)
2014801147,S14-E2201,05/22/2014,05-May,5-Thursday,15:45,1500 Hours,District 5 (Southeast),,CLARKE,US 69,US 69,Collision with:  Vehicle in traffic,On Roadway,Rear-end (front to rear),Followed too close,None Indicated,,Daylight,Dry,Clear,None apparent,Non-intersection:  Non-junction/no special feature,Paved,,Property Damage Only,0,0,0,0,0,0,4000,2,2,,POINT (-93.76849411227 40.973178818599)
2014800017,20140014125,05/22/2014,05-May,5-Thursday,16:05,1600 Hours,District 1 (Central),DES MOINES,POLK,IA 163,IA 163/E UNIVERSITY AVE & E 16TH ST,Collision with:  Vehicle in traffic,On Roadway,Rear-end (front to rear),Followed too close,None Indicated,,Daylight,Dry,Clear,None apparent,Intersection:  T-intersection,Paved,,Property Damage Only,0,0,0,0,0,0,10000,2,4,,POINT (-93.595115923891 41.600844539708)
2014801025,78-2014,05/22/2014,05-May,5-Thursday,05:45,0500 Hours,District 4 (Southwest),,HARRISON,,Co Rd L20/LOESS HILLS TRL,Collision with:  Animal,,,Animal,None Indicated,,,,,,,Paved,,Property Damage Only,0,0,0,0,0,0,4500,1,1,,POINT (-95.897993682478 41.579230182329)
2014802534,14008081,05/22/2014,05-May,5-Thursday,14:05,1400 Hours,District 2 (Northeast),MASON CITY,CERRO GORDO,,6TH ST SW & S MONROE AVE,Collision with:  Vehicle in traffic,On Roadway,Broadside (front to side),Ran Traffic Signal,None Indicated,,Daylight,Dry,Clear,None apparent,Intersection:  Four-way intersection,Paved,,Property Damage Only,0,0,0,0,0,0,5500,2,3,,POINT (-93.209064297274 43.146312779147)
2014799924,14050215,05/22/2014,05-May,5-Thursday,11:50,1100 Hours,District 2 (Northeast),CEDAR FALLS,BLACK HAWK,,15TH ST,Collision with:  Parked motor vehicle,On Roadway,Unknown,Other (explain in narrative):  Other,None Indicated,,Daylight,Dry,Cloudy,None apparent,Non-intersection:  Non-junction/no special feature,Paved,,Property Damage Only,0,0,0,0,0,0,1700,2,4,,POINT (-92.443163199385 42.524943556463)
2014800259,B14-963,05/22/2014,05-May,5-Thursday,08:01,0800 Hours,District 3 (Northwest),,WOODBURY,,Co Rd D38/210TH ST & CARROLL AVE,Collision with:  Vehicle in traffic,On Roadway,"Sideswipe, same direction",Crossed centerline (undivided),None Indicated,,Daylight,Dry,Clear,None apparent,Non-intersection:  Non-junction/no special feature,Paved,,Property Damage Only,0,0,0,0,0,0,4700,2,2,,POINT (-96.277368133879 42.401844526222)
2014799989,14011659,05/22/2014,05-May,5-Thursday,15:20,1500 Hours,District 5 (Southeast),OSKALOOSA,MAHASKA,,C AVE E & N 3RD ST,Collision with:  Vehicle in traffic,Roadside,Broadside (front to side),Made improper turn,None Indicated,,Daylight,Dry,Clear,None apparent,Intersection:  Four-way intersection,Paved,,Property Damage Only,0,0,0,0,0,0,3000,2,2,,POINT (-92.641499848656 41.298506965755)
2014803858,20140014145,05/22/2014,05-May,5-Thursday,18:00,1800 Hours,District 1 (Central),DES MOINES,POLK,US 6,US 6/EUCLID AVE & 3RD ST,Collision with:  Vehicle in traffic,On Roadway,"Sideswipe, same direction",Made improper turn,None Indicated,,Daylight,Dry,Clear,None apparent,Non-intersection:  Non-junction/no special feature,Paved,,Property Damage Only,0,0,0,0,0,0,3000,2,2,,POINT (-93.621125325407 41.627692565232)
2014800797,14-003330,05/22/2014,05-May,5-Thursday,12:10,1200 Hours,District 1 (Central),,HAMILTON,US 20,US 20/NE RAMP CURV/NW RAMP CURV & Co Rd R77/XIRCUS AVE,Collision with:  Vehicle in traffic,On Roadway,Broadside (front to side),Ran Stop Sign,None Indicated,,Daylight,Dry,Clear,None apparent,Intersection:  Intersection with ramp,Paved,,Possible/Unknown,0,2,0,0,0,2,3000,2,2,,POINT (-93.521074333364 42.449723640962)
2014892598,CP14-0440,05/22/2014,05-May,5-Thursday,13:00,1300 Hours,District 2 (Northeast),CLARION,WRIGHT,,,Collision with:  Vehicle in traffic,Unknown,Unknown,Unknown,None Indicated,,Daylight,Dry,Clear,None apparent,Non-intersection:  Non-junction/no special feature,,,Property Damage Only,0,0,0,0,0,0,1500,2,1,,POINT (-96.643700149993 40.233091251414)
2014800762,052214-126,05/22/2014,05-May,5-Thursday,15:15,1500 Hours,District 3 (Northwest),STORM LAKE,BUENA VISTA,,E 4TH ST & SKEWIS ST,Collision with:  Vehicle in traffic,On Roadway,"Angle, oncoming left turn",FTYROW:  From stop sign,None Indicated,,Daylight,Dry,Clear,None apparent,Intersection:  T-intersection,Paved,,Property Damage Only,0,0,0,0,0,0,1500,2,2,,POINT (-95.188738319919 42.64246783755)
2014800239,2014030604,05/22/2014,05-May,5-Thursday,21:15,2100 Hours,District 5 (Southeast),,CLARKE,US 34,US 34,Collision with:  Animal,,,Animal,None Indicated,,,,,,,Paved,,Property Damage Only,0,0,0,0,0,0,5000,1,1,,POINT (-93.954135007703 41.026984227121)
2014799926,14-050271,05/22/2014,05-May,5-Thursday,15:50,1500 Hours,District 2 (Northeast),HUDSON,BLACK HAWK,US 63,US 63 & WOODS ST,Collision with:  Vehicle in traffic,On Roadway,Rear-end (front to rear),Followed too close,None Indicated,,Daylight,Dry,Clear,None apparent,Intersection:  Four-way intersection,Paved,,Minor Injury,0,1,0,1,0,0,2500,2,2,,POINT (-92.451858055206 42.399254073776)
2014799983,201407127,05/22/2014,05-May,5-Thursday,04:10,0400 Hours,District 6 (East Central),CEDAR RAPIDS,LINN,,C AVE NE & 15TH ST NE,Collision with:  Vehicle in traffic,On Roadway,Head-on (front to front),Crossed centerline (undivided),None Indicated,,Dark - roadway lighted,Dry,Clear,None apparent,Non-intersection:  Non-junction/no special feature,Paved,,Property Damage Only,0,0,0,0,0,0,13000,2,1,,POINT (-91.654927067197 41.9907301786)
2014800447,14-9525,05/22/2014,05-May,5-Thursday,18:17,1800 Hours,District 6 (East Central),BETTENDORF,SCOTT,,MOENCKS RD,Collision with:  Vehicle in traffic,On Roadway,Rear-end (front to rear),Followed too close,None Indicated,,Daylight,Dry,Clear,None apparent,Non-intersection:  Driveway access (within),Paved,,Property Damage Only,0,0,0,0,0,0,3000,2,2,,POINT (-90.454332109633 41.566340259127)
2014801212,14-15042,05/22/2014,05-May,5-Thursday,21:16,2100 Hours,District 5 (Southeast),DONNELLSON,LEE,US 218,US 218,Collision with:  Animal,,,Animal,None Indicated,,,,,,,Paved,,Property Damage Only,0,0,0,0,0,0,1500,1,1,,POINT (-91.540506755675 40.598230198529)
2014799997,14-3406,05/22/2014,05-May,5-Thursday,22:36,2200 Hours,District 1 (Central),ANKENY,POLK,IA 415,IA 415/2ND AVE & NW 72ND PL,Collision with:  Vehicle in traffic,On Roadway,"Angle, oncoming left turn",Crossed centerline (undivided),Refused,,Dark - roadway lighted,Dry,Clear,None apparent,Intersection:  Four-way intersection,Paved,,Major Injury,0,2,1,0,1,0,34500,3,3,,POINT (-93.620258762042 41.692548652373)
2014800516,2014030434,05/22/2014,05-May,5-Thursday,09:35,0900 Hours,District 6 (East Central),,JOHNSON,I-80,I-80,Collision with:  Vehicle in traffic,On Roadway,"Sideswipe, same direction",FTYROW:  Other (explain in narrative),None Indicated,,Daylight,Dry,Cloudy,None apparent,Non-intersection:  Non-junction/no special feature,Paved,,Property Damage Only,0,0,0,0,0,0,4000,2,2,,POINT (-91.812346379688 41.687662146999)
2014800104,14050317,05/22/2014,05-May,5-Thursday,18:23,1800 Hours,District 2 (Northeast),CEDAR FALLS,BLACK HAWK,,HUNTINGTON RD & CEDAR HEIGHTS DR,Collision with:  Vehicle in traffic,On Roadway,Rear-end (front to rear),Other (explain in narrative):  Other,None Indicated,,Daylight,Dry,Clear,None apparent,Non-intersection:  Non-junction/no special feature,Paved,,Property Damage Only,0,0,0,0,0,0,7800,3,8,,POINT (-92.41121495241 42.491264183016)
2014800538,2014030551,05/22/2014,05-May,5-Thursday,15:05,1500 Hours,District 6 (East Central),,SCOTT,I-80,I-80,Collision with fixed object:  Guardrail - face,On Roadway,Non-collision (single vehicle),Ran off road - left,None Indicated,,Daylight,Dry,Clear,None apparent,Non-intersection:  Non-junction/no special feature,Paved,,Property Damage Only,0,0,0,0,0,0,16000,1,1,,POINT (-90.722154806427 41.603934016852)