Iowa DOT Case Number,Law Enforcement Case Number,Date of Crash,Month of Crash,Day of Week,Time of Crash,Hour,DOT District,City Name,County Name,Route with System,Location Description,First Harmful Event,Location of First Harmful Event,Manner of Crash/Collision,Major Cause,Drug or Alcohol ,Environmental Conditions,Light Conditions,Surface Conditions,Weather Conditions,Roadway Contribution,Roadway Type,Roadway Surface,Work Zone,Crash Severity,Number of Fatalities,Number of Injuries,Number of Major Injuries,Number of Minor Injuries,Number of Possible Injuries,Number of Unknown Injuries,Amount of Property Damage,Number of Vehicles Involved,Total Number of Occupants,Travel Direction,Location
2014800809,201407253,05/23/2014,05-May,6-Friday,22:00,2200 Hours,District 6 (East Central),CEDAR RAPIDS,LINN,,9TH AVE SE & 3RD ST SE,Non-collision events:  Other non-collision (explain in narrative),On Roadway,Non-collision (single vehicle),Lost Control,None Indicated,,Dark - roadway lighted,Dry,Clear,None apparent,Non-intersection:  Non-junction/no special feature,Paved,,Possible/Unknown,0,1,0,0,1,0,750,1,2,,POINT (-91.660678403041 41.97264947075)
2014806074,,05/23/2014,05-May,6-Friday,11:11,1100 Hours,District 2 (Northeast),CLEAR LAKE,CERRO GORDO,US 18,US 18,Collision with:  Vehicle in traffic,On Roadway,Rear-end (front to rear),Followed too close,None Indicated,,Daylight,Dry,Clear,None apparent,Non-intersection:  Non-junction/no special feature,Paved,,Possible/Unknown,0,1,0,0,1,0,3500,2,2,,POINT (-93.388482055477 43.143034772865)
2014800168,20140014273,05/23/2014,05-May,6-Friday,19:03,1900 Hours,District 1 (Central),DES MOINES,POLK,,URBANDALE AVE & MLK JR PKWY,Collision with:  Non-motorist (see non-motorist section - NOT a unit),On Roadway,Non-collision (single vehicle),FTYROW:  To pedestrian,None Indicated,,Daylight,Dry,Cloudy,None apparent,Intersection:  Shared use path or trail,Paved,,Minor Injury,0,2,0,2,0,0,200,1,1,,POINT (-93.650016052916 41.624794643457)
2014800154,14-002242,05/23/2014,05-May,6-Friday,11:40,1100 Hours,District 1 (Central),ANKENY,POLK,,SW STATE ST & SW PLAZA PKWY,Collision with:  Vehicle in traffic,On Roadway,Rear-end (front to rear),Followed too close,None Indicated,,Daylight,Dry,Clear,None apparent,Intersection:  T-intersection,Paved,,Property Damage Only,0,0,0,0,0,0,6700,3,4,,POINT (-93.622354879113 41.706795525094)
2014800959,14008132,05/23/2014,05-May,6-Friday,09:30,0900 Hours,District 2 (Northeast),MASON CITY,CERRO GORDO,,11TH ST NW & N JACKSON AVE,Collision with:  Vehicle in traffic,On Roadway,Broadside (front to side),Other (explain in narrative):  Other,None Indicated,,Daylight,Dry,Clear,None apparent,Non-intersection:  Non-junction/no special feature,Paved,,Property Damage Only,0,0,0,0,0,0,1500,2,1,,POINT (-93.211688894462 43.162057424018)
2014800153,14-002240,05/23/2014,05-May,6-Friday,09:00,0900 Hours,District 1 (Central),ANKENY,POLK,,NW NORTHPARK DR,Collision with:  Vehicle in traffic,On Roadway,"Sideswipe, opposite direction",Improper Backing,None Indicated,,Daylight,Dry,Clear,None apparent,Non-intersection:  Non-junction/no special feature,Paved,,Property Damage Only,0,0,0,0,0,0,2000,2,1,,POINT (-93.613717283772 41.755272784815)
2014800578,14004153,05/23/2014,05-May,6-Friday,09:02,0900 Hours,District 6 (East Central),MANCHESTER,DELAWARE,IA 13,IA 13/N FRANKLIN ST,Collision with:  Vehicle in traffic,On Roadway,Rear-end (front to rear),Followed too close,None Indicated,,Daylight,Dry,Cloudy,None apparent,Non-intersection:  Non-junction/no special feature,Paved,,Property Damage Only,0,0,0,0,0,0,6500,2,3,,POINT (-91.45789470165 42.484742387429)
2014800367,2014005702,05/23/2014,05-May,6-Friday,19:33,1900 Hours,District 6 (East Central),IOWA CITY,JOHNSON,,BARTLETT RD & MORMON TREK BLVD,Non-collision events:  Other non-collision (explain in narrative),On Roadway,Non-collision (single vehicle),Driving too fast for conditions,Alcohol (Statutory),,Daylight,Dry,Clear,None apparent,Non-intersection:  Non-junction/no special feature,Paved,,Minor Injury,0,1,0,1,0,0,0,1,1,,POINT (-91.57400987158 41.652995317059)
2014800480,14-15961,05/23/2014,05-May,6-Friday,12:54,1200 Hours,District 3 (Northwest),SIOUX CITY,WOODBURY,,S ST MARYS ST,Collision with:  Vehicle in traffic,On Roadway,"Sideswipe, same direction",FTYROW:  From parked position,None Indicated,,Daylight,Dry,Clear,None apparent,Non-intersection:  Non-junction/no special feature,Paved,,Property Damage Only,0,0,0,0,0,0,6000,2,2,,POINT (-96.359150600545 42.458526813862)
2014812783,PD140355,05/23/2014,05-May,6-Friday,04:53,0400 Hours,District 1 (Central),GRUNDY CENTER,GRUNDY,IA 14,IA 14/240TH ST & COMMERCE DR CONN,Collision with:  Vehicle in traffic,On Roadway,Rear-end (front to rear),Driver Distraction:  Inattentive/lost in thought,None Indicated,,Dawn,Dry,Clear,None apparent,Intersection:  T-intersection,Paved,,Property Damage Only,0,0,0,0,0,0,16000,2,3,,POINT (-92.79290106611 42.361597336576)
2014800894,2014-33591,05/23/2014,05-May,6-Friday,13:42,1300 Hours,District 6 (East Central),DAVENPORT,SCOTT,,IA 461/W RIVER DR & S CONCORD ST,Collision with:  Vehicle in traffic,On Roadway,Rear-end (front to rear),Lost Control,None Indicated,,Daylight,Dry,Clear,None apparent,Intersection:  Four-way intersection,Paved,,Property Damage Only,0,0,0,0,0,0,3000,2,2,,POINT (-90.62376247866 41.501114407192)
2014800602,01-14-21923,05/23/2014,05-May,6-Friday,16:14,1600 Hours,District 6 (East Central),DUBUQUE,DUBUQUE,US 20,US 20/DODGE ST,Collision with:  Vehicle in traffic,On Roadway,Rear-end (front to rear),Driving too fast for conditions,None Indicated,,Daylight,Dry,Clear,None apparent,Non-intersection:  Non-junction/no special feature,Paved,,Possible/Unknown,0,2,0,0,2,0,4000,2,4,,POINT (-90.664528743962 42.491947929814)
2014800891,2014-33508,05/23/2014,05-May,6-Friday,07:35,0700 Hours,District 6 (East Central),DAVENPORT,SCOTT,,W LOCUST ST & N ELSIE AVE,Collision with:  Vehicle in traffic,On Roadway,Rear-end (front to rear),Followed too close,None Indicated,,Daylight,Dry,Clear,None apparent,Intersection:  Four-way intersection,Paved,,Possible/Unknown,0,1,0,0,1,0,7000,2,2,,POINT (-90.625211162838 41.538160947322)
2014799987,201407194,05/23/2014,05-May,6-Friday,06:48,0600 Hours,District 6 (East Central),CEDAR RAPIDS,LINN,,JOHNSON AVE NW,Non-collision events:  Other non-collision (explain in narrative),On Roadway,Non-collision (single vehicle),Ran off road - right,Alcohol (Statutory),,Daylight,Dry,Clear,None apparent,Non-intersection:  Non-junction/no special feature,Paved,,Minor Injury,0,2,0,2,0,0,2500,1,3,,POINT (-91.695248624752 41.974227475182)
2014800589,14-17253,05/23/2014,05-May,6-Friday,19:20,1900 Hours,District 5 (Southeast),WEST BURLINGTON,DES MOINES,,W AGENCY RD,Collision with:  Vehicle in traffic,On Roadway,Rear-end (front to rear),FTYROW:  Other (explain in narrative),None Indicated,,Daylight,Dry,Cloudy,None apparent,Intersection:  Four-way intersection,Paved,,Property Damage Only,0,0,0,0,0,0,1500,2,2,,POINT (-91.156744734258 40.813366167492)
2014800705,2014030740,05/23/2014,05-May,6-Friday,16:00,1600 Hours,District 6 (East Central),,BENTON,,Co Rd E66/77 ST & 18 AVE,Collision with fixed object:  Culvert/pipe opening,Shoulder,Non-collision (single vehicle),Swerving/Evasive Action,None Indicated,,Daylight,Dry,Clear,None apparent,Non-intersection:  Non-junction/no special feature,Paved,,Minor Injury,0,1,0,1,0,0,8000,1,1,,POINT (-92.142448803043 41.906061971784)
2014812835,14-003447,05/23/2014,05-May,6-Friday,14:45,1400 Hours,District 3 (Northwest),GRAETTINGER,PALO ALTO,,E PATTERSON ST,Collision with:  Parked motor vehicle,On Roadway,"Sideswipe, opposite direction",Unknown,None Indicated,,Daylight,Dry,Cloudy,None apparent,Non-intersection:  Non-junction/no special feature,Paved,,Property Damage Only,0,0,0,0,0,0,2000,2,2,,POINT (-94.747756086033 43.234571619476)
2014800414,14-1117,05/23/2014,05-May,6-Friday,12:31,1200 Hours,District 1 (Central),URBANDALE,POLK,,MEREDITH DR,Collision with:  Vehicle in traffic,On Roadway,Broadside (front to side),FTYROW:  Making left turn,None Indicated,,Daylight,Dry,Clear,None apparent,Intersection:  T-intersection,Paved,,Possible/Unknown,0,2,0,0,2,0,14000,2,2,,POINT (-93.698347692251 41.643894602624)
2014800108,141356,05/23/2014,05-May,6-Friday,14:45,1400 Hours,District 3 (Northwest),DENISON,CRAWFORD,,N 7TH ST,Collision with:  Vehicle in traffic,On Roadway,Broadside (front to side),Exceeded authorized speed,None Indicated,,Daylight,Dry,Clear,None apparent,Non-intersection:  Non-junction/no special feature,Paved,,Possible/Unknown,0,2,0,0,2,0,10000,2,2,,POINT (-95.363861099731 42.017035767374)
2014800012,20140014200,05/23/2014,05-May,6-Friday,08:05,0800 Hours,District 1 (Central),DES MOINES,POLK,IA 163,IA 163/E UNIVERSITY AVE,Collision with:  Vehicle in traffic,On Roadway,Rear-end (front to rear),Lost Control,None Indicated,,Daylight,Dry,Clear,None apparent,Non-intersection:  Non-junction/no special feature,Paved,,Possible/Unknown,0,2,0,0,2,0,6500,2,2,,POINT (-93.588418466423 41.600680854226)
2014800024,14-2372,05/23/2014,05-May,6-Friday,12:03,1200 Hours,District 1 (Central),WEST DES MOINES,POLK,,UNIVERSITY AVE,Collision with:  Vehicle in traffic,On Roadway,Rear-end (front to rear),Swerving/Evasive Action,None Indicated,,Daylight,Dry,Clear,None apparent,Intersection:  Four-way intersection,Paved,,Possible/Unknown,0,1,0,0,1,0,5000,3,3,,POINT (-93.769829624825 41.600410853813)
2014800301,14-004506,05/23/2014,05-May,6-Friday,14:57,1400 Hours,District 6 (East Central),INDEPENDENCE,BUCHANAN,,2ND ST NE & 7TH AVE NE,Collision with:  Vehicle in traffic,On Roadway,Broadside (front to side),FTYROW:  From stop sign,None Indicated,,Daylight,Dry,Clear,None apparent,Intersection:  Four-way intersection,Paved,,Property Damage Only,0,0,0,0,0,0,9500,2,2,,POINT (-91.88642096017 42.469814217922)
2014803604,B14-973,05/23/2014,05-May,6-Friday,12:04,1200 Hours,District 3 (Northwest),SERGEANT BLUFF,WOODBURY,,4TH ST,Collision with:  Vehicle in traffic,On Roadway,Broadside (front to side),FTYROW:  From parked position,None Indicated,,Daylight,Dry,Clear,None apparent,Non-intersection:  Driveway access (within),Paved,,Property Damage Only,0,0,0,0,0,0,4200,2,2,,POINT (-96.359327396044 42.403854797848)
2014800523,2014030792,05/23/2014,05-May,6-Friday,21:15,2100 Hours,District 5 (Southeast),,WARREN,I-35,I-35,Collision with:  Animal,On Roadway,Non-collision (single vehicle),Animal,None Indicated,,Dark - roadway not lighted,Dry,Clear,None apparent,Non-intersection:  Non-junction/no special feature,Paved,,Property Damage Only,0,0,0,0,0,0,3500,1,1,,POINT (-93.779664816889 41.450264742496)
2014800113,14-17381,05/23/2014,05-May,6-Friday,23:00,2300 Hours,District 5 (Southeast),BURLINGTON,DES MOINES,,JEFFERSON ST & 7TH ST,Collision with:  Vehicle in traffic,On Roadway,Unknown,Unknown,None Indicated,,Dark - roadway lighted,Dry,Clear,None apparent,Non-intersection:  Non-junction/no special feature,Paved,,Property Damage Only,0,0,0,0,0,0,2000,2,2,,POINT (-91.107269875221 40.810844403699)
2014800179,20140014291,05/23/2014,05-May,6-Friday,21:17,2100 Hours,District 1 (Central),DES MOINES,POLK,,UNIVERSITY AVE & 34TH ST,Collision with:  Vehicle in traffic,On Roadway,Broadside (front to side),FTYROW:  From stop sign,None Indicated,,Dark - roadway lighted,Dry,Clear,None apparent,Intersection:  T-intersection,Paved,,Property Damage Only,0,0,0,0,0,0,2000,2,4,,POINT (-93.663246365748 41.600336567197)
2014800695,891403278,05/23/2014,05-May,6-Friday,13:25,1300 Hours,District 5 (Southeast),,VAN BUREN,IA 1,IA 1/IOWA 1 & 179TH ST,Collision with:  Vehicle in traffic,On Roadway,Rear-end (front to rear),FTYROW:  At uncontrolled intersection,None Indicated,,Daylight,Dry,Cloudy,None apparent,Intersection:  T-intersection,Paved,,Possible/Unknown,0,1,0,0,0,1,2000,2,2,,POINT (-91.93162527416 40.78726560637)
2014800779,2014-2280,05/23/2014,05-May,6-Friday,16:18,1600 Hours,District 4 (Southwest),WAUKEE,DALLAS,US 6,US 6/HICKMAN AVE & NW 161ST ST & SE LEGACY POINTE BLVD,Collision with:  Vehicle in traffic,On Roadway,"Sideswipe, same direction",Made improper turn,None Indicated,,Daylight,Dry,Cloudy,None apparent,Non-intersection:  Non-junction/no special feature,Paved,,Property Damage Only,0,0,0,0,0,0,2000,2,3,,POINT (-93.840601732623 41.614993154273)
2014800706,2014030813,05/23/2014,05-May,6-Friday,23:40,2300 Hours,District 4 (Southwest),,HARRISON,I-29,I-29,Non-collision events:  Overturn/rollover,Outside trafficway,Non-collision (single vehicle),Swerving/Evasive Action,None Indicated,,Dark - roadway not lighted,Dry,Clear,None apparent,Non-intersection:  Non-junction/no special feature,Paved,,Property Damage Only,0,0,0,0,0,0,2000,1,1,,POINT (-95.933158390537 41.577329065414)
2014799941,14002969,05/23/2014,05-May,6-Friday,06:42,0600 Hours,District 2 (Northeast),,CERRO GORDO,IA 122,IA 122/IOWA 122 & 265TH ST,Collision with:  Vehicle in traffic,On Roadway,"Sideswipe, same direction",Followed too close,None Indicated,,Daylight,Dry,Clear,None apparent,Non-intersection:  Non-junction/no special feature,Paved,,Property Damage Only,0,0,0,0,0,0,6500,2,2,,POINT (-93.31040765983 43.148036781153)
2014800289,W14-050696,05/23/2014,05-May,6-Friday,15:39,1500 Hours,District 2 (Northeast),WATERLOO,BLACK HAWK,,MARTIN LUTHER KING JR DR & TYSON DR,Collision with:  Vehicle in traffic,On Roadway,Rear-end (front to rear),"Operating vehicle in an reckless, erratic, careless, negligent manner",None Indicated,,Daylight,Dry,Clear,None apparent,Non-intersection:  Non-junction/no special feature,Paved,,Possible/Unknown,0,1,0,0,1,0,200,2,2,,POINT (-92.262982231775 42.504194694937)
2014800317,CL14001605,05/23/2014,05-May,6-Friday,11:48,1100 Hours,District 6 (East Central),CLINTON,CLINTON,,13TH AVE N,Collision with:  Vehicle in traffic,On Roadway,Broadside (front to side),Lost Control,None Indicated,,Daylight,Dry,Clear,None apparent,Non-intersection:  Driveway access (within),Paved,,Possible/Unknown,0,2,0,0,2,0,6000,2,3,,POINT (-90.206632238851 41.859355614889)
2014801800,2014-33464,05/23/2014,05-May,6-Friday,01:22,0100 Hours,District 6 (East Central),DAVENPORT,SCOTT,,IA 461/BRADY ST & W LOCUST ST & E LOCUST ST,Collision with:  Vehicle in traffic,On Roadway,Rear-end (front to rear),Driver Distraction:  Manual operation of an electronic communication device,None Indicated,,Dark - roadway lighted,Dry,Clear,None apparent,Intersection:  Four-way intersection,Paved,,Property Damage Only,0,0,0,0,0,0,3000,2,2,,POINT (-90.573998297873 41.538262177279)
2014800542,2014030733,05/23/2014,05-May,6-Friday,16:13,1600 Hours,District 1 (Central),WEBSTER CITY,HAMILTON,US 20,US 20/SE RAMP CURV/SW RAMP CURV & IA 17/BRIGGS WOOD RD,Collision with:  Vehicle in traffic,On Roadway,Rear-end (front to rear),Other (explain in narrative):  Other,None Indicated,,Daylight,Dry,Clear,None apparent,Intersection:  Intersection with ramp,Paved,,Property Damage Only,0,0,0,0,0,0,8000,2,4,,POINT (-93.815646501691 42.447276505512)
2014800213,14-020710,05/23/2014,05-May,6-Friday,15:02,1500 Hours,District 4 (Southwest),COUNCIL BLUFFS,POTTAWATTAMIE,,HURON CIR,Non-collision events:  Other non-collision (explain in narrative),On Roadway,Non-collision (single vehicle),Other (explain in narrative):  No improper action,None Indicated,,Daylight,Dry,Clear,None apparent,Non-intersection:  Non-junction/no special feature,Paved,,Minor Injury,0,1,0,1,0,0,500,1,1,,POINT (-95.845288036699 41.210572636003)
2014800521,2014030750,05/23/2014,05-May,6-Friday,17:15,1700 Hours,District 1 (Central),,POWESHIEK,IA 21,IA 21/IOWA 21,Collision with:  Vehicle in traffic,On Roadway,"Sideswipe, same direction",Other (explain in narrative):  Other,None Indicated,,Daylight,Dry,Clear,None apparent,Non-intersection:  Non-junction/no special feature,Paved,,Property Damage Only,0,0,0,0,0,0,1500,2,2,,POINT (-92.357798881467 41.698525924776)
2014800169,20140014280,05/23/2014,05-May,6-Friday,21:13,2100 Hours,District 1 (Central),DES MOINES,POLK,,MAPLE ST & E 26TH ST,Collision with:  Parked motor vehicle,Unknown,Unknown,Unknown,None Indicated,,Unknown,Unknown,Unknown,Unknown,Unknown,Paved,,Property Damage Only,0,0,0,0,0,0,1500,2,1,,POINT (-93.567986098863 41.598342652159)
2014800304,14-004323,05/23/2014,05-May,6-Friday,22:00,2200 Hours,District 4 (Southwest),,CASS,US 6,US 6/650TH ST,Collision with:  Animal,,,Animal,None Indicated,,,,,,,Paved,,Property Damage Only,0,0,0,0,0,0,3500,1,2,,POINT (-94.945869149997 41.495397209434)
2014800843,20140014264,05/23/2014,05-May,6-Friday,17:40,1700 Hours,District 1 (Central),DES MOINES,POLK,,JEFFERSON AVE,Collision with:  Non-motorist (see non-motorist section - NOT a unit),Outside trafficway,Non-collision (single vehicle),FTYROW:  From driveway,None Indicated,,Daylight,Dry,Clear,None apparent,Non-intersection:  Driveway access (within),Paved,,Possible/Unknown,0,1,0,0,1,0,10,1,2,,POINT (-93.635555183027 41.610572065847)
2014800554,,05/23/2014,05-May,6-Friday,14:40,1400 Hours,District 1 (Central),,POLK,IA 141,IA 141/IOWA 141 & Co Rd F4R/NW 121ST ST,Collision with:  Vehicle in traffic,On Roadway,Unknown,FTYROW:  From stop sign,None Indicated,,Daylight,Dry,Clear,,Unknown,Paved,,Major Injury,0,1,1,0,0,0,22000,2,2,,POINT (-93.785115295536 41.74358316806)
2014800241,2014030763,05/23/2014,05-May,6-Friday,18:15,1800 Hours,District 5 (Southeast),,DECATUR,I-35,I-35,Collision with:  Vehicle in traffic,On Roadway,"Sideswipe, same direction",Crossed centerline (undivided),None Indicated,,Daylight,Dry,Cloudy,None apparent,Non-intersection:  Non-junction/no special feature,Paved,,Property Damage Only,0,0,0,0,0,0,1500,2,3,,POINT (-93.83746570925 40.755643143297)
2014800014,20140014223,05/23/2014,05-May,6-Friday,12:10,1200 Hours,District 1 (Central),DES MOINES,POLK,US 69,US 69/SE 14TH ST & E HARTFORD AVE,Collision with:  Vehicle in traffic,On Roadway,Rear-end (front to rear),Unknown,None Indicated,,Daylight,Dry,Clear,None apparent,Intersection:  Four-way intersection,Paved,,Property Damage Only,0,0,0,0,0,0,4700,2,2,,POINT (-93.59692928767 41.569733066246)
2014800478,14-15952,05/23/2014,05-May,6-Friday,11:38,1100 Hours,District 3 (Northwest),SIOUX CITY,WOODBURY,,11TH ST & COURT ST,Collision with:  Vehicle in traffic,On Roadway,Broadside (front to side),FTYROW:  Other (explain in narrative),None Indicated,,Daylight,Dry,Clear,None apparent,Intersection:  Four-way intersection,Paved,,Property Damage Only,0,0,0,0,0,0,1500,2,2,,POINT (-96.396445249019 42.501854729901)
2014800013,20140014215,05/23/2014,05-May,6-Friday,11:25,1100 Hours,District 1 (Central),DES MOINES,POLK,US 6,US 6/DOUGLAS AVE,Collision with:  Vehicle in traffic,On Roadway,Rear-end (front to rear),Followed too close,None Indicated,,Daylight,Dry,Clear,None apparent,Non-intersection:  Non-junction/no special feature,Paved,,Property Damage Only,0,0,0,0,0,0,6500,2,4,,POINT (-93.678419732226 41.629503407486)
2014801976,2014-10733,05/23/2014,05-May,6-Friday,04:08,0400 Hours,District 5 (Southeast),,WARREN,IA 92,IA 92/IOWA 92,Collision with:  Animal,,,Animal,None Indicated,,,,,,,Paved,,Property Damage Only,0,0,0,0,0,0,3500,1,1,,POINT (-93.6718355752 41.365832981107)
2014800601,01-14-21822,05/23/2014,05-May,6-Friday,07:03,0700 Hours,District 6 (East Central),DUBUQUE,DUBUQUE,US 52,US 52/NE RAMP CURV/SE RAMP CURV & GRANDVIEW AVE S,Collision with:  Non-motorist (see non-motorist section - NOT a unit),On Roadway,Non-collision (single vehicle),FTYROW:  Making left turn,None Indicated,,Daylight,Dry,Clear,None apparent,Intersection:  Intersection with ramp,Paved,,Possible/Unknown,0,1,0,0,1,0,1700,1,1,,POINT (-90.66768663307 42.478027137026)
2014800663,14-002247,05/23/2014,05-May,6-Friday,14:53,1400 Hours,District 1 (Central),ANKENY,POLK,US 69,US 69/N ANKENY BLVD & NW 5TH ST & NE 5TH ST,Collision with:  Vehicle in traffic,On Roadway,"Angle, oncoming left turn",Other (explain in narrative):  Other,None Indicated,,Daylight,Dry,Clear,None apparent,Intersection:  Four-way intersection,Paved,,Property Damage Only,0,0,0,0,0,0,2000,2,3,,POINT (-93.600348635642 41.73539288647)
2014800644,1405231-A,05/23/2014,05-May,6-Friday,00:15,0000 Hours,District 4 (Southwest),RED OAK,MONTGOMERY,,2ND ST,Collision with:  Parked motor vehicle,On Roadway,"Sideswipe, same direction",Other (explain in narrative):  Vision obstructed,None Indicated,,Dark - roadway lighted,Dry,Clear,None apparent,Non-intersection:  Alley,Paved,,Property Damage Only,0,0,0,0,0,0,2000,2,2,,POINT (-95.230328662854 41.01647478813)
2014800127,201407249,05/23/2014,05-May,6-Friday,21:00,2100 Hours,District 6 (East Central),CEDAR RAPIDS,LINN,I-380,I-380,Collision with:  Animal,On Roadway,Non-collision (single vehicle),Animal,None Indicated,,Dark - roadway lighted,Dry,Clear,None apparent,Non-intersection:  Non-junction/no special feature,Paved,,Property Damage Only,0,0,0,0,0,0,4000,1,1,,POINT (-91.666191917279 42.007442436173)
2014801187,20141755,05/23/2014,05-May,6-Friday,05:20,0500 Hours,District 1 (Central),,GRUNDY,IA 57,IA 57/WESTBROOK ST,Collision with:  Animal,,,Animal,None Indicated,,,,,,,Paved,,Property Damage Only,0,0,0,0,0,0,3200,1,1,,POINT (-92.972652598006 42.556669739889)
2014800111,14-17304,05/23/2014,05-May,6-Friday,23:50,2300 Hours,District 5 (Southeast),BURLINGTON,DES MOINES,US 34,US 34,Collision with:  Animal,,,Animal,None Indicated,,,,,,,Paved,,Property Damage Only,0,0,0,0,0,0,1500,1,1,,POINT (-91.100403253868 40.813415842448)
2014800303,052314-74,05/23/2014,05-May,6-Friday,10:05,1000 Hours,District 3 (Northwest),STORM LAKE,BUENA VISTA,,LAKE AVE,Collision with:  Vehicle in traffic,On Roadway,Rear-end (front to rear),Improper Backing,None Indicated,,Daylight,Dry,Clear,None apparent,Non-intersection:  Non-junction/no special feature,Paved,,Possible/Unknown,0,1,0,0,1,0,200,2,2,,POINT (-95.200858556527 42.644774961502)
2014800567,14008155,05/23/2014,05-May,6-Friday,17:43,1700 Hours,District 2 (Northeast),MASON CITY,CERRO GORDO,,14TH ST NW & N JEFFERSON AVE,Collision with:  Vehicle in traffic,On Roadway,Broadside (front to side),FTYROW:  At uncontrolled intersection,None Indicated,,Daylight,Dry,Cloudy,None apparent,Intersection:  Four-way intersection,Paved,,Property Damage Only,0,0,0,0,0,0,10000,2,3,,POINT (-93.2064201421 43.16455238425)
2014800736,2014030745,05/23/2014,05-May,6-Friday,17:05,1700 Hours,District 3 (Northwest),SPENCER,CLAY,,W 18TH ST & COUNTRY CLUB LN,Collision with:  Vehicle in traffic,On Roadway,Broadside (front to side),FTYROW:  From stop sign,None Indicated,,Daylight,Dry,Clear,None apparent,Intersection:  T-intersection,Paved,,Fatal,1,3,1,2,0,0,23000,2,4,,POINT (-95.180770356571 43.155819228484)
2014800426,14-001086,05/23/2014,05-May,6-Friday,08:40,0800 Hours,District 1 (Central),ALTOONA,POLK,,8TH ST SE,Collision with:  Vehicle in traffic,On Roadway,Rear-end (front to rear),Other (explain in narrative):  Other,None Indicated,,Daylight,Dry,Cloudy,None apparent,Non-intersection:  Non-junction/no special feature,Paved,,Possible/Unknown,0,1,0,0,0,1,5000,2,2,,POINT (-93.45313505711 41.644096009108)
2014800440,S79140161,05/23/2014,05-May,6-Friday,15:45,1500 Hours,District 1 (Central),,POWESHIEK,US 6,US 6 & Co Rd V36/POWESHIEK-IOWA RD,Collision with:  Vehicle in traffic,On Roadway,"Sideswipe, same direction",FTYROW:  Other (explain in narrative),None Indicated,,Daylight,Dry,Clear,None apparent,Intersection:  Four-way intersection,Paved,,Property Damage Only,0,0,0,0,0,0,12000,2,3,,POINT (-92.299719932993 41.745734784668)
2014800482,14-16025,05/23/2014,05-May,6-Friday,23:00,2300 Hours,District 3 (Northwest),SIOUX CITY,WOODBURY,,S HELEN ST,Collision with:  Parked motor vehicle,On Roadway,Rear-end (front to rear),Driver Distraction:  Reaching for object(s)/fallen object(s),None Indicated,,Dark - roadway not lighted,Dry,Clear,None apparent,Non-intersection:  Non-junction/no special feature,Paved,,Property Damage Only,0,0,0,0,0,0,7000,2,2,,POINT (-96.370036076901 42.480754273231)
2014800450,14-5974,05/23/2014,05-May,6-Friday,18:30,1800 Hours,District 3 (Northwest),,SIOUX,,Co Rd B14/300TH ST & DOGWOOD AVE,Collision with:  Vehicle in traffic,On Roadway,Broadside (front to side),FTYROW:  At uncontrolled intersection,None Indicated,,Daylight,Dry,Clear,None apparent,Intersection:  Four-way intersection,Unpaved,,Property Damage Only,0,0,0,0,0,0,6000,2,3,,POINT (-96.353688151667 43.214208640653)
2014800161,20140014341,05/24/2014,05-May,7-Saturday,07:00,0700 Hours,District 1 (Central),DES MOINES,POLK,,LOCUST ST & 12TH ST,Collision with:  Vehicle in traffic,On Roadway,Broadside (front to side),Ran Traffic Signal,None Indicated,,Dawn,Dry,Clear,None apparent,Intersection:  Four-way intersection,Paved,,Property Damage Only,0,0,0,0,0,0,5000,2,2,,POINT (-93.632319729806 41.585270572595)
2014801801,2014-33828,05/24/2014,05-May,7-Saturday,02:22,0200 Hours,District 6 (East Central),DAVENPORT,SCOTT,I-280,I-280,Collision with:  Animal,,,Animal,None Indicated,,,,,,,Paved,,Property Damage Only,0,0,0,0,0,0,2000,1,1,,POINT (-90.674287255183 41.51874675681)
2014800140,14109,05/24/2014,05-May,7-Saturday,11:13,1100 Hours,District 5 (Southeast),PELLA,MARION,,WASHINGTON ST & W 3RD ST,Collision with:  Vehicle in traffic,On Roadway,Rear-end (front to rear),Other (explain in narrative):  Other,None Indicated,,Daylight,Dry,Cloudy,None apparent,Intersection:  Four-way intersection,Paved,,Property Damage Only,0,0,0,0,0,0,3900,2,6,,POINT (-92.923523002048 41.408077798975)
2014801538,14-12834,05/24/2014,05-May,7-Saturday,15:28,1500 Hours,District 1 (Central),NEWTON,JASPER,,IOWA SPEEDWAY DR,Non-collision events:  Other non-collision (explain in narrative),On Roadway,Non-collision (single vehicle),Crossed centerline (undivided),None Indicated,,Daylight,Dry,Clear,None apparent,Non-intersection:  Non-junction/no special feature,Paved,,Minor Injury,0,1,0,1,0,0,5000,1,1,,POINT (-93.006176303253 41.68771911231)
2014800149,14-3438,05/24/2014,05-May,7-Saturday,14:00,1400 Hours,District 1 (Central),GRIMES,POLK,,S 3RD ST,Collision with:  Parked motor vehicle,Outside trafficway,"Sideswipe, opposite direction",Over correcting/over steering,None Indicated,,Daylight,Dry,Cloudy,None apparent,Non-intersection:  Non-junction/no special feature,Paved,,Property Damage Only,0,0,0,0,0,0,4000,2,3,,POINT (-93.780459497492 41.686816627997)
2014800216,14-020818,05/24/2014,05-May,7-Saturday,01:13,0100 Hours,District 4 (Southwest),COUNCIL BLUFFS,POTTAWATTAMIE,,AVE F & N 19TH ST,Non-collision events:  Other non-collision (explain in narrative),Outside trafficway,Non-collision (single vehicle),Other (explain in narrative):  No improper action,None Indicated,,Dark - roadway not lighted,Dry,Clear,None apparent,Non-intersection:  Non-junction/no special feature,Paved,,Property Damage Only,0,0,0,0,0,0,1800,1,1,,POINT (-95.872189645561 41.267112716571)