Iowa DOT Case Number,Law Enforcement Case Number,Date of Crash,Month of Crash,Day of Week,Time of Crash,Hour,DOT District,City Name,County Name,Route with System,Location Description,First Harmful Event,Location of First Harmful Event,Manner of Crash/Collision,Major Cause,Drug or Alcohol ,Environmental Conditions,Light Conditions,Surface Conditions,Weather Conditions,Roadway Contribution,Roadway Type,Roadway Surface,Work Zone,Crash Severity,Number of Fatalities,Number of Injuries,Number of Major Injuries,Number of Minor Injuries,Number of Possible Injuries,Number of Unknown Injuries,Amount of Property Damage,Number of Vehicles Involved,Total Number of Occupants,Travel Direction,Location
2014808101,2014031089,05/25/2014,05-May,1-Sunday,21:15,2100 Hours,District 1 (Central),,GRUNDY,,Co Rd T19/F AVE,Non-collision events:  Overturn/rollover,Shoulder,Non-collision (single vehicle),Swerving/Evasive Action,None Indicated,,Dark - roadway not lighted,Dry,Clear,None apparent,Non-intersection:  Non-junction/no special feature,Paved,,Minor Injury,0,1,0,1,0,0,12000,1,1,,POINT (-92.928178551708 42.49245686525)
2014801084,2014-34153,05/25/2014,05-May,1-Sunday,13:21,1300 Hours,District 6 (East Central),DAVENPORT,SCOTT,,S CONCORD ST & DIEHN AVE,Collision with:  Parked motor vehicle,On Roadway,Head-on (front to front),"Operating vehicle in an reckless, erratic, careless, negligent manner",Refused,,Daylight,Dry,Cloudy,None apparent,Intersection:  Four-way intersection,Paved,,Property Damage Only,0,0,0,0,0,0,11000,3,2,,POINT (-90.623338292251 41.514345172927)
2014800544,2014031085,05/25/2014,05-May,1-Sunday,20:50,2000 Hours,District 2 (Northeast),,FLOYD,US 218,US 218,Collision with:  Animal,,Non-collision (single vehicle),Animal,None Indicated,,,,,,,Paved,,Property Damage Only,0,0,0,0,0,0,2500,1,777,,POINT (-92.577455109103 42.980230148372)
2014800500,2014030970,05/25/2014,05-May,1-Sunday,00:52,0000 Hours,District 4 (Southwest),,MILLS,I-29,I-29,Collision with:  Non-motorist (see non-motorist section - NOT a unit),On Roadway,Non-collision (single vehicle),Other (explain in narrative):  No improper action,None Indicated,,Dark - roadway not lighted,Wet,Cloudy,None apparent,Non-intersection:  Non-junction/no special feature,Paved,,Major Injury,0,1,1,0,0,0,1500,1,1,,POINT (-95.808665506687 41.008229797348)
2014800192,20140014458,05/25/2014,05-May,1-Sunday,10:22,1000 Hours,District 1 (Central),DES MOINES,POLK,US 6,US 6/MERLE HAY RD,Collision with:  Vehicle in traffic,On Roadway,Rear-end (front to rear),Followed too close,None Indicated,,Daylight,Wet,Rain,None apparent,Non-intersection:  Non-junction/no special feature,Paved,,Property Damage Only,0,0,0,0,0,0,3500,2,4,,POINT (-93.697752603336 41.628802216598)
2014800150,14-3460,05/25/2014,05-May,1-Sunday,19:40,1900 Hours,District 1 (Central),DES MOINES,POLK,US 69,US 69/N 14TH ST & NE 70TH AVE,Collision with:  Vehicle in traffic,On Roadway,Broadside (front to side),Ran Traffic Signal,Refused,,Daylight,Wet,Rain,None apparent,Intersection:  Four-way intersection,Paved,,Property Damage Only,0,0,0,0,0,0,9000,2,3,,POINT (-93.600656380469 41.688383414101)
2014805778,14-004065,05/25/2014,05-May,1-Sunday,21:27,2100 Hours,District 2 (Northeast),CLAYTON,CLAYTON,US 52,US 52,Collision with:  Animal,,,Animal,None Indicated,,,,,,,Paved,,Property Damage Only,0,0,0,0,0,0,1500,1,1,,POINT (-91.269550148054 42.921120561402)
2014800174,20140014507,05/25/2014,05-May,1-Sunday,22:00,2200 Hours,District 1 (Central),DES MOINES,POLK,,MILTON AVE,Collision with:  Vehicle in traffic,Roadside,Rear-end (front to rear),Over correcting/over steering,None Indicated,,Dark - roadway lighted,Wet,Rain,None apparent,Non-intersection:  Driveway access (within),Paved,,Property Damage Only,0,0,0,0,0,0,2600,2,1,,POINT (-93.59803099757 41.616339853387)
2014800121,14-12916,05/25/2014,05-May,1-Sunday,07:59,0700 Hours,District 1 (Central),NEWTON,JASPER,,S 5TH AVE W & W 8TH ST S,Collision with:  Vehicle in traffic,On Roadway,"Sideswipe, same direction",Ran Stop Sign,None Indicated,,Daylight,Dry,Clear,None apparent,Intersection:  T-intersection,Paved,,Property Damage Only,0,0,0,0,0,0,4500,2,3,,POINT (-93.062816068289 41.695565356551)
2014800709,2014031038,05/25/2014,05-May,1-Sunday,14:11,1400 Hours,District 5 (Southeast),,WASHINGTON,US 218,US 218,Collision with:  Animal,,,Animal,None Indicated,,,,,,,Paved,,Property Damage Only,0,0,0,0,0,0,1500,1,1,,POINT (-91.552191141588 41.338248455619)
2014800946,,05/25/2014,05-May,1-Sunday,07:14,0700 Hours,District 6 (East Central),CAMANCHE,CLINTON,,3RD ST & 9TH AVE,Collision with:  Vehicle in traffic,On Roadway,Broadside (front to side),FTYROW:  From stop sign,None Indicated,,Daylight,Dry,Clear,None apparent,Intersection:  Four-way intersection,Paved,,Possible/Unknown,0,1,0,0,1,0,10000,2,3,,POINT (-90.25507175606 41.78217405451)
2014801519,14008282,05/25/2014,05-May,1-Sunday,14:38,1400 Hours,District 2 (Northeast),MASON CITY,CERRO GORDO,,MAPLE DR & E STATE ST & S KENTUCKY AVE & N KENTUCKY AVE,Collision with:  Vehicle in traffic,On Roadway,Broadside (front to side),FTYROW:  From stop sign,None Indicated,,Daylight,Dry,Clear,None apparent,Intersection:  Other intersection (explain in narrative),Paved,,Possible/Unknown,0,1,0,0,1,0,4900,2,4,,POINT (-93.18109032124 43.151745373587)
2014800692,14-9708,05/25/2014,05-May,1-Sunday,02:04,0200 Hours,District 6 (East Central),BETTENDORF,SCOTT,,CENTRAL AVE & 27TH ST,Non-collision events:  Other non-collision (explain in narrative),On Roadway,Non-collision (single vehicle),Lost Control,Under Influence of Alcohol/Drugs/Medications,,Dark - roadway lighted,Dry,Clear,None apparent,Intersection:  T-intersection,Paved,,Major Injury,0,1,1,0,0,0,500,1,1,,POINT (-90.495982161138 41.531536303568)
2014802511,,05/25/2014,05-May,1-Sunday,21:23,2100 Hours,District 2 (Northeast),,FLOYD,US 218,US 218,Collision with:  Animal,On Roadway,Non-collision (single vehicle),Animal,None Indicated,,Dark - roadway not lighted,Dry,Clear,None apparent,Non-intersection:  Non-junction/no special feature,Paved,,Property Damage Only,0,0,0,0,0,0,3000,1,2,,POINT (-92.647816875867 43.021216240974)
2014806663,2014030965,05/25/2014,05-May,1-Sunday,00:08,0000 Hours,District 3 (Northwest),WHITING,MONONA,I-29,I-29,Collision with:  Animal,,,Animal,None Indicated,,,,,,,Paved,,Property Damage Only,0,0,0,0,0,0,5000,1,1,,POINT (-96.187379508315 42.100108312787)
2014802734,14-027,05/25/2014,05-May,1-Sunday,19:59,1900 Hours,District 3 (Northwest),ROCKWELL CITY,CALHOUN,,TWIN LAKES RD,Collision with:  Parked motor vehicle,Shoulder,Broadside (front to side),"Operating vehicle in an reckless, erratic, careless, negligent manner",Alcohol (Statutory),,Daylight,Dry,Clear,None apparent,Non-intersection:  Non-junction/no special feature,Paved,,Possible/Unknown,0,2,0,0,0,2,4300,3,1,,POINT (-94.615418996791 42.49919484058)
2014801123,W14-051635,05/25/2014,05-May,1-Sunday,19:58,1900 Hours,District 2 (Northeast),WATERLOO,BLACK HAWK,,INDEPENDENCE AVE & IDAHO ST,Collision with:  Vehicle in traffic,On Roadway,Broadside (front to side),Ran Traffic Signal,None Indicated,,Daylight,Dry,Clear,None apparent,Intersection:  Four-way intersection,Paved,,Property Damage Only,0,0,0,0,0,0,7247,2,4,,POINT (-92.307835997763 42.498413460431)
2014800219,14-021014,05/25/2014,05-May,1-Sunday,09:56,0900 Hours,District 4 (Southwest),COUNCIL BLUFFS,POTTAWATTAMIE,,HARRY LANGDON BLVD & LANDMARK DR,Collision with:  Non-motorist (see non-motorist section - NOT a unit),On Roadway,Non-collision (single vehicle),FTYROW:  From stop sign,None Indicated,,Daylight,"Mud, dirt",Cloudy,None apparent,Intersection:  T-intersection,Paved,,Possible/Unknown,0,1,0,0,1,0,100,1,2,,POINT (-95.835959779243 41.236741410104)
2014800221,14-021037,05/25/2014,05-May,1-Sunday,14:07,1400 Hours,District 4 (Southwest),COUNCIL BLUFFS,POTTAWATTAMIE,US 6,US 6/W BROADWAY & S 25TH ST & N 25TH ST,Collision with:  Vehicle in traffic,On Roadway,Rear-end (front to rear),Followed too close,None Indicated,,Daylight,Dry,Cloudy,None apparent,Non-intersection:  Non-junction/no special feature,Paved,,Possible/Unknown,0,1,0,0,1,0,7300,2,4,,POINT (-95.88195276186 41.261933072664)
2014800811,201407351,05/25/2014,05-May,1-Sunday,11:30,1100 Hours,District 6 (East Central),CEDAR RAPIDS,LINN,,OLD RIVER RD SW,Collision with fixed object:  Ditch,Roadside,Non-collision (single vehicle),Ran off road - right,None Indicated,,Daylight,Unknown,Cloudy,Ruts/holes/bumps,Non-intersection:  Non-junction/no special feature,Paved,,Major Injury,0,1,1,0,0,0,250,1,1,,POINT (-91.634953702343 41.943498745902)
2014800186,20140014501,05/25/2014,05-May,1-Sunday,19:50,1900 Hours,District 1 (Central),DES MOINES,POLK,I-235,I-235,Collision with:  Vehicle in traffic,On Roadway,Rear-end (front to rear),Driving too fast for conditions,None Indicated,,Dusk,Wet,Rain,None apparent,"Interchange-related:  Off-ramp, diverge area",Paved,,Property Damage Only,0,0,0,0,0,0,1700,2,2,,POINT (-93.600176832844 41.595332820983)
2014802455,201400025101,05/25/2014,05-May,1-Sunday,17:07,1700 Hours,District 5 (Southeast),OTTUMWA,WAPELLO,US 34,US 34/COOK AVE,Collision with:  Vehicle in traffic,On Roadway,Rear-end (front to rear),Followed too close,None Indicated,,Daylight,Dry,Clear,None apparent,Intersection:  Intersection with ramp,Paved,,Property Damage Only,0,0,0,0,0,0,3500,2,7,,POINT (-92.41847441072 41.012594366207)
2014809711,14011914,05/25/2014,05-May,1-Sunday,13:58,1300 Hours,District 5 (Southeast),OSKALOOSA,MAHASKA,,3RD AVE E & S 3RD ST,Collision with:  Vehicle in traffic,On Roadway,Unknown,Unknown,None Indicated,,Daylight,Unknown,Unknown,Unknown,Non-intersection:  Non-junction/no special feature,Paved,,Property Damage Only,0,0,0,0,0,0,1500,2,1,,POINT (-92.641472287849 41.292633824846)
2014800710,2014031045,05/25/2014,05-May,1-Sunday,15:26,1500 Hours,District 4 (Southwest),,POTTAWATTAMIE,I-80,I-80,Collision with:  Animal,,,Animal,None Indicated,,,,,,,Paved,,Property Damage Only,0,0,0,0,0,0,3500,1,1,,POINT (-95.725195477146 41.342983421542)
2014802966,A14040,05/25/2014,05-May,1-Sunday,17:12,1700 Hours,District 5 (Southeast),KNOXVILLE,MARION,IA 14,IA 14/LINCOLN ST & W ROCK ISLAND ST,Collision with:  Vehicle in traffic,On Roadway,Rear-end (front to rear),Equipment failure,None Indicated,,Daylight,Dry,Clear,None apparent,Intersection:  T-intersection,Paved,,Property Damage Only,0,0,0,0,0,0,2000,2,4,,POINT (-93.109479863892 41.32535178816)
2014800491,14-16269,05/25/2014,05-May,1-Sunday,22:53,2200 Hours,District 3 (Northwest),SIOUX CITY,WOODBURY,,6TH ST & COURT ST,Collision with:  Vehicle in traffic,On Roadway,Broadside (front to side),Ran Traffic Signal,None Indicated,,Dark - roadway not lighted,Wet,Clear,None apparent,Intersection:  Four-way intersection,Paved,,Possible/Unknown,0,1,0,0,1,0,2000,2,2,,POINT (-96.396419772798 42.496443790764)
2014800327,CL14001645,05/25/2014,05-May,1-Sunday,21:21,2100 Hours,District 6 (East Central),CLINTON,CLINTON,,S 4TH ST,Collision with:  Vehicle in traffic,On Roadway,Rear-end (front to rear),Other (explain in narrative):  Other,None Indicated,,Dark - roadway lighted,Dry,Cloudy,None apparent,Non-intersection:  Non-junction/no special feature,Paved,,Property Damage Only,0,0,0,0,0,0,2000,2,2,,POINT (-90.193241304461 41.839144301171)
2014800558,14007454,05/25/2014,05-May,1-Sunday,18:45,1800 Hours,District 5 (Southeast),,APPANOOSE,,Co Rd T4J/450TH ST,Collision with fixed object:  Ditch,On Roadway,Non-collision (single vehicle),Swerving/Evasive Action,None Indicated,,Daylight,"Mud, dirt",Clear,None apparent,Non-intersection:  Non-junction/no special feature,Unpaved,,Minor Injury,0,1,0,1,0,0,2000,1,1,,POINT (-92.713477593819 40.818413063146)
2014800419,14-1136,05/25/2014,05-May,1-Sunday,20:25,2000 Hours,District 1 (Central),URBANDALE,POLK,I-35,I-35,Collision with fixed object:  Curb/island/raised median,On Roadway,Non-collision (single vehicle),Driving too fast for conditions,None Indicated,,Dusk,Wet,Cloudy,None apparent,Non-intersection:  Non-junction/no special feature,Paved,,Property Damage Only,0,0,0,0,0,0,3000,1,1,,POINT (-93.778739309804 41.629831326003)
2014800243,2014031016,05/25/2014,05-May,1-Sunday,11:00,1100 Hours,District 3 (Northwest),,CALHOUN,US 20,US 20/US20,Collision with fixed object:  Curb/island/raised median,On Roadway,Non-collision (single vehicle),Swerving/Evasive Action,None Indicated,,Daylight,Dry,Cloudy,None apparent,Intersection:  Four-way intersection,Paved,,Property Damage Only,0,0,0,0,0,0,2000,1,5,,POINT (-94.554375202155 42.449571707094)
2014800633,201401712,05/25/2014,05-May,1-Sunday,22:35,2200 Hours,District 6 (East Central),,LINN,,Co Rd W45/ALICE RD,Collision with:  Animal,On Roadway,Non-collision (single vehicle),Animal,None Indicated,,Dark - roadway not lighted,Dry,Clear,None apparent,Non-intersection:  Non-junction/no special feature,Paved,,Property Damage Only,0,0,0,0,0,0,3500,1,3,,POINT (-91.696998191909 42.125004569015)
2014800492,14-16283,05/25/2014,05-May,1-Sunday,22:53,2200 Hours,District 3 (Northwest),SIOUX CITY,WOODBURY,,14TH ST & PIERCE ST,Collision with:  Vehicle in traffic,On Roadway,Broadside (front to side),Ran Traffic Signal,None Indicated,,Dark - roadway lighted,Wet,Rain,None apparent,Intersection:  Other intersection (explain in narrative),Paved,,Property Damage Only,0,0,0,0,0,0,1500,2,3,,POINT (-96.405049347777 42.505002811139)
2014800193,20140014466,05/25/2014,05-May,1-Sunday,02:00,0200 Hours,District 1 (Central),DES MOINES,POLK,,E DIEHL AVE & SE 4TH ST,Collision with:  Vehicle in traffic,On Roadway,Rear-end (front to rear),Improper Backing,None Indicated,,Dark - roadway lighted,Unknown,Unknown,None apparent,Non-intersection:  Driveway access (within),Paved,,Property Damage Only,0,0,0,0,0,0,1750,2,1,,POINT (-93.608984231377 41.532766894256)
2014800742,,05/25/2014,05-May,1-Sunday,06:15,0600 Hours,District 6 (East Central),DE WITT,CLINTON,US 30,US 30/RAMP,Collision with fixed object:  Traffic sign support,On Roadway,Non-collision (single vehicle),Swerving/Evasive Action,None Indicated,,Daylight,Dry,Clear,None apparent,Interchange-related:  On-ramp,Paved,,Minor Injury,0,1,0,1,0,0,26000,1,1,,POINT (-90.574637952725 41.82560118173)
2014800324,CL14001631,05/25/2014,05-May,1-Sunday,01:09,0100 Hours,District 6 (East Central),CLINTON,CLINTON,,KEITH CT,Collision with fixed object:  Curb/island/raised median,On Roadway,Non-collision (single vehicle),Ran off road - right,Alcohol (Statutory),,Dark - roadway lighted,Dry,Clear,None apparent,Non-intersection:  Non-junction/no special feature,Paved,,Property Damage Only,0,0,0,0,0,0,1500,1,1,,POINT (-90.211592799563 41.853874698765)
2014800157,14-002272,05/25/2014,05-May,1-Sunday,16:07,1600 Hours,District 1 (Central),ANKENY,POLK,,SE LORENZ DR & SE DELAWARE AVE,Collision with:  Vehicle in traffic,On Roadway,Broadside (front to side),Other (explain in narrative):  Other,None Indicated,,Daylight,Dry,Clear,None apparent,Intersection:  Four-way intersection,Paved,,Possible/Unknown,0,1,0,0,1,0,6000,2,2,,POINT (-93.581203385472 41.708542223308)
2014800122,14-12923,05/25/2014,05-May,1-Sunday,11:10,1100 Hours,District 1 (Central),NEWTON,JASPER,,E 17TH PL N,Collision with:  Parked motor vehicle,On Roadway,Rear-end (front to rear),Improper Backing,None Indicated,,Daylight,Dry,Clear,None apparent,Non-intersection:  Non-junction/no special feature,Paved,,Property Damage Only,0,0,0,0,0,0,2200,2,1,,POINT (-93.030203262624 41.701973625024)
2014800525,2014031012,05/25/2014,05-May,1-Sunday,09:52,0900 Hours,District 4 (Southwest),,DALLAS,I-80,I-80,Collision with:  Vehicle in traffic,On Roadway,"Sideswipe, same direction",Crossed centerline (undivided),None Indicated,,Daylight,Dry,Cloudy,None apparent,Non-intersection:  Non-junction/no special feature,Paved,,Property Damage Only,0,0,0,0,0,0,2200,2,6,,POINT (-94.103656328825 41.517581007398)
2014802107,14-006738,05/25/2014,05-May,1-Sunday,21:35,2100 Hours,District 4 (Southwest),,MILLS,,221ST ST,Non-collision events:  Other non-collision (explain in narrative),On Roadway,Non-collision (single vehicle),Driver Distraction:  Reaching for object(s)/fallen object(s),None Indicated,,Dark - roadway not lighted,Dry,Cloudy,Work Zone (roadway-related),Non-intersection:  Non-junction/no special feature,Paved,Yes,Minor Injury,0,1,0,1,0,0,11000,1,2,,POINT (-95.755589055853 41.030470550379)
2014800501,2014031023,05/25/2014,05-May,1-Sunday,13:15,1300 Hours,District 1 (Central),,HAMILTON,I-35,I-35,Collision with:  Animal,,,Animal,None Indicated,,,,,,,Paved,,Property Damage Only,0,0,0,0,0,0,3000,1,1,,POINT (-93.566123522386 42.555616762416)
2014800389,1400000439,05/25/2014,05-May,1-Sunday,00:15,0000 Hours,District 1 (Central),,MARSHALL,US 30,US 30/240TH ST,Collision with:  Animal,,,Animal,None Indicated,,,,,,,Paved,,Property Damage Only,0,0,0,0,0,0,15000,1,1,,POINT (-92.944827615985 42.003434271046)
2014800429,14-001107,05/25/2014,05-May,1-Sunday,15:15,1500 Hours,District 1 (Central),ALTOONA,POLK,US 6,US 6/FREDERICK M HUBBELL AVE & 34TH AVE SW & 34TH AVE NW,Collision with:  Vehicle in traffic,On Roadway,Rear-end (front to rear),Other (explain in narrative):  Other,None Indicated,,Daylight,Dry,Cloudy,None apparent,Intersection:  Four-way intersection,Paved,,Possible/Unknown,0,3,0,0,3,0,1550,2,6,,POINT (-93.503113628453 41.655066031256)
2014800147,14-3457,05/25/2014,05-May,1-Sunday,13:00,1300 Hours,District 1 (Central),,POLK,,NE 3RD ST & NE 46TH PL,Collision with:  Vehicle in traffic,On Roadway,Broadside (front to side),FTYROW:  From stop sign,None Indicated,,Daylight,Dry,Cloudy,None apparent,Intersection:  Four-way intersection,Paved,,Property Damage Only,0,0,0,0,0,0,3000,2,6,,POINT (-93.615112138114 41.645505066954)
2014800801,14-040525-01,05/25/2014,05-May,1-Sunday,05:16,0500 Hours,District 6 (East Central),,IOWA,IA 149,IA 149/M AVE,Collision with:  Animal,,,Animal,None Indicated,,,,,,,Paved,,Property Damage Only,0,0,0,0,0,0,3000,1,1,,POINT (-92.065139750233 41.537019583675)
2014800190,20140014449,05/25/2014,05-May,1-Sunday,07:25,0700 Hours,District 1 (Central),DES MOINES,POLK,,FOREST AVE & 19TH ST,Collision with:  Vehicle in traffic,On Roadway,Rear-end (front to rear),Driving too fast for conditions,None Indicated,,Daylight,Wet,Rain,None apparent,Non-intersection:  Alley,Paved,,Property Damage Only,0,0,0,0,0,0,5500,2,2,,POINT (-93.642667555369 41.604056336644)
2014800223,14-021056,05/25/2014,05-May,1-Sunday,16:54,1600 Hours,District 4 (Southwest),COUNCIL BLUFFS,POTTAWATTAMIE,,8TH AVE,Collision with:  Vehicle in traffic,On Roadway,Rear-end (front to rear),FTYROW:  From driveway,None Indicated,,Daylight,Dry,Cloudy,None apparent,Non-intersection:  Driveway access (within),Paved,,Property Damage Only,0,0,0,0,0,0,3500,2,2,,POINT (-95.901009307797 41.25454624226)
2014800184,20140014431,05/25/2014,05-May,1-Sunday,01:49,0100 Hours,District 1 (Central),DES MOINES,POLK,,4TH ST,Collision with:  Non-motorist (see non-motorist section - NOT a unit),On Roadway,Non-collision (single vehicle),FTYROW:  To pedestrian,Alcohol (< Statutory),,Dark - roadway lighted,Dry,Clear,None apparent,Non-intersection:  Non-junction/no special feature,Paved,,Possible/Unknown,0,1,0,0,1,0,0,1,1,,POINT (-93.621393482176 41.5843393472)
2014800417,14-1130,05/25/2014,05-May,1-Sunday,10:51,1000 Hours,District 1 (Central),URBANDALE,POLK,,DOUGLAS AVE & 100TH ST,Collision with:  Vehicle in traffic,On Roadway,Broadside (front to side),Ran Traffic Signal,None Indicated,,Daylight,Dry,Cloudy,None apparent,Intersection:  Four-way intersection,Paved,,Property Damage Only,0,0,0,0,0,0,8500,2,5,,POINT (-93.755947612888 41.629343963014)
2014800570,14008311,05/25/2014,05-May,1-Sunday,21:38,2100 Hours,District 2 (Northeast),MASON CITY,CERRO GORDO,,S PIERCE AVE,Collision with fixed object:  Traffic sign support,On Roadway,Non-collision (single vehicle),Ran off road - right,None Indicated,,Dark - roadway lighted,Dry,Cloudy,None apparent,Non-intersection:  Railroad grade crossing,Paved,,Property Damage Only,0,0,0,0,0,0,1600,1,2,,POINT (-93.22074415927 43.142022538999)
2014800571,14008312,05/25/2014,05-May,1-Sunday,21:38,2100 Hours,District 2 (Northeast),MASON CITY,CERRO GORDO,IA 122,IA 122/4TH ST SW,Collision with:  Animal,,,Animal,None Indicated,,,,,,,Paved,,Property Damage Only,0,0,0,0,0,0,1500,1,1,,POINT (-93.243408040339 43.14833399947)
2014803054,14-047,05/25/2014,05-May,1-Sunday,20:35,2000 Hours,District 3 (Northwest),SIOUX CENTER,SIOUX,US 75,US 75/MAIN AVE,Collision with:  Vehicle in traffic,On Roadway,Rear-end (front to rear),Followed too close,None Indicated,,Dusk,Dry,Clear,None apparent,Non-intersection:  Non-junction/no special feature,Paved,,Property Damage Only,0,0,0,0,0,0,2250,2,8,,POINT (-96.175454720544 43.075507093198)
2014800220,14-021035,05/25/2014,05-May,1-Sunday,13:50,1300 Hours,District 4 (Southwest),COUNCIL BLUFFS,POTTAWATTAMIE,,ROSS ST,Collision with:  Animal,On Roadway,Non-collision (single vehicle),Animal,None Indicated,,Daylight,Dry,Clear,None apparent,Non-intersection:  Non-junction/no special feature,Paved,,Property Damage Only,0,0,0,0,0,0,2010,1,1,,POINT (-95.849737970075 41.263852396871)
2014800488,14-16225,05/25/2014,05-May,1-Sunday,15:14,1500 Hours,District 3 (Northwest),SIOUX CITY,WOODBURY,IA 12,IA 12/GORDON DR & S RUSTIN ST,Collision with:  Vehicle in traffic,On Roadway,Rear-end (front to rear),Other (explain in narrative):  Other,None Indicated,,Daylight,Dry,Cloudy,None apparent,Intersection:  Four-way intersection,Paved,,Possible/Unknown,0,1,0,0,1,0,11000,2,3,,POINT (-96.371485256185 42.489382956027)
2014800915,14-000793,05/25/2014,05-May,1-Sunday,20:52,2000 Hours,District 1 (Central),AMES,STORY,,BRUNER DR & STANGE RD,Collision with:  Vehicle in traffic,On Roadway,"Sideswipe, same direction",Unknown,None Indicated,,Dark - roadway lighted,Wet,Rain,None apparent,Intersection:  T-intersection,Paved,,Property Damage Only,0,0,0,0,0,0,3500,2,3,,POINT (-93.644807855673 42.038941762369)
2014805395,,05/25/2014,05-May,1-Sunday,17:37,1700 Hours,District 2 (Northeast),DECORAH,WINNESHIEK,,STATE ST & E WATER ST,Collision with:  Parked motor vehicle,Roadside,Unknown,Unknown,None Indicated,,Daylight,Dry,Clear,None apparent,Intersection:  Four-way intersection,Paved,,Property Damage Only,0,0,0,0,0,0,4500,2,2,,POINT (-91.784706730013 43.304158414975)
2014807502,2014-34160,05/25/2014,05-May,1-Sunday,14:04,1400 Hours,District 6 (East Central),DAVENPORT,SCOTT,,W 8TH ST & WASHINGTON ST,Collision with:  Non-motorist (see non-motorist section - NOT a unit),On Roadway,Non-collision (single vehicle),Unknown,None Indicated,,Daylight,Dry,Clear,None apparent,Intersection:  Four-way intersection,Paved,,Minor Injury,0,1,0,1,0,0,500,1,1,,POINT (-90.597029350514 41.527803205183)
2014801997,,05/25/2014,05-May,1-Sunday,16:16,1600 Hours,District 4 (Southwest),,ADAIR,,MARION AVE,Collision with fixed object:  Other fixed object (explain in narrative),On Roadway,Non-collision (single vehicle),"Operating vehicle in an reckless, erratic, careless, negligent manner",None Indicated,,Daylight,"Mud, dirt",Clear,None apparent,Intersection:  Y-intersection,Unpaved,,Property Damage Only,0,0,0,0,0,0,3300,1,1,,POINT (-94.470468942492 41.265442719836)
2014800486,14-16187,05/25/2014,05-May,1-Sunday,05:34,0500 Hours,District 3 (Northwest),SIOUX CITY,WOODBURY,,JACKSON ST & 4TH ST,Collision with:  Vehicle in traffic,On Roadway,Rear-end (front to rear),Improper Backing,None Indicated,,Dawn,Wet,Cloudy,None apparent,Intersection:  Four-way intersection,Paved,,Property Damage Only,0,0,0,0,0,0,2700,2,4,,POINT (-96.401942920457 42.494181744488)
2014800207,14-2413,05/25/2014,05-May,1-Sunday,20:56,2000 Hours,District 1 (Central),WEST DES MOINES,POLK,,VINE ST,Collision with:  Non-motorist (see non-motorist section - NOT a unit),On Roadway,Non-collision (single vehicle),Other (explain in narrative):  Other,None Indicated,,Dusk,Wet,Rain,None apparent,Non-intersection:  Non-junction/no special feature,Paved,,Minor Injury,0,1,0,1,0,0,500,1,1,,POINT (-93.728351114596 41.577361415384)
2014800418,14-1131,05/25/2014,05-May,1-Sunday,07:00,0700 Hours,District 1 (Central),URBANDALE,POLK,,66TH ST,Collision with:  Vehicle in traffic,On Roadway,Broadside (front to side),Improper Backing,None Indicated,,Dawn,Wet,Rain,None apparent,Non-intersection:  Non-junction/no special feature,Paved,,Property Damage Only,0,0,0,0,0,0,1500,2,1,,POINT (-93.707361282754 41.632517492503)
2014801425,2014-10965,05/25/2014,05-May,1-Sunday,15:28,1500 Hours,District 5 (Southeast),INDIANOLA,WARREN,,S 15TH ST,Collision with:  Vehicle in traffic,On Roadway,Rear-end (front to rear),Other (explain in narrative):  Other,None Indicated,,Daylight,Dry,Clear,None apparent,Non-intersection:  Non-junction/no special feature,Paved,,Property Damage Only,0,0,0,0,0,0,4500,3,3,,POINT (-93.539732308376 41.356412828138)
2014800395,14052033,05/25/2014,05-May,1-Sunday,14:50,1400 Hours,District 4 (Southwest),CLARINDA,PAGE,,S 19TH ST,Collision with:  Vehicle in traffic,On Roadway,Broadside (front to side),FTYROW:  From driveway,None Indicated,,Daylight,Dry,Cloudy,None apparent,Non-intersection:  Driveway access (within),Paved,,Property Damage Only,0,0,0,0,0,0,2000,2,2,,POINT (-95.042406501102 40.734661732198)
2014802741,14-004381,05/25/2014,05-May,1-Sunday,14:51,1400 Hours,District 4 (Southwest),ATLANTIC,CASS,I-80,I-80 & IA 173/590TH ST,Collision with fixed object:  Ditch,On Roadway,Non-collision (single vehicle),Swerving/Evasive Action,None Indicated,,Daylight,Dry,Clear,None apparent,Non-intersection:  Other non-intersection (explain in narrative),Paved,,Property Damage Only,0,0,0,0,0,0,3000,1,1,,POINT (-95.060140691211 41.498351121228)
2014800208,14-2402,05/25/2014,05-May,1-Sunday,08:14,0800 Hours,District 1 (Central),WEST DES MOINES,POLK,I-35,I-35,Collision with fixed object:  Concrete traffic barrier (median or right side),On Roadway,Non-collision (single vehicle),Lost Control,None Indicated,,Daylight,Wet,Rain,"Surface condition (e.g., wet, icy)",Non-intersection:  Non-junction/no special feature,Paved,Yes,Property Damage Only,0,0,0,0,0,0,7000,1,2,,POINT (-93.777580106401 41.586298441362)
2014801027,14-4155,05/25/2014,05-May,1-Sunday,11:45,1100 Hours,District 3 (Northwest),,IDA,,Co Rd M15/KEYSTONE AVE,Collision with:  Animal,,,Animal,None Indicated,,,,,,,Unpaved,,Property Damage Only,0,0,0,0,0,0,1500,1,1,,POINT (-95.458539266082 42.367324603752)
2014800748,,05/25/2014,05-May,1-Sunday,21:00,2100 Hours,District 6 (East Central),CEDAR RAPIDS,LINN,,6TH ST SW,Collision with:  Vehicle in traffic,On Roadway,Rear-end (front to rear),Unknown,None Indicated,,Dark - roadway lighted,Dry,Clear,,Non-intersection:  Driveway access (within),Paved,,Property Damage Only,0,0,0,0,0,0,6000,2,4,,POINT (-91.677073616489 41.962482169654)
2014802456,201400025109,05/25/2014,05-May,1-Sunday,17:40,1700 Hours,District 5 (Southeast),OTTUMWA,WAPELLO,,LAKE RD,Collision with:  Vehicle in traffic,On Roadway,"Angle, oncoming left turn",FTYROW:  Making left turn,None Indicated,,Daylight,Dry,Clear,None apparent,Intersection:  T-intersection,Paved,,Possible/Unknown,0,1,0,0,1,0,9500,2,2,,POINT (-92.449426927507 40.988766597258)