Iowa DOT Case Number,Law Enforcement Case Number,Date of Crash,Month of Crash,Day of Week,Time of Crash,Hour,DOT District,City Name,County Name,Route with System,Location Description,First Harmful Event,Location of First Harmful Event,Manner of Crash/Collision,Major Cause,Drug or Alcohol ,Environmental Conditions,Light Conditions,Surface Conditions,Weather Conditions,Roadway Contribution,Roadway Type,Roadway Surface,Work Zone,Crash Severity,Number of Fatalities,Number of Injuries,Number of Major Injuries,Number of Minor Injuries,Number of Possible Injuries,Number of Unknown Injuries,Amount of Property Damage,Number of Vehicles Involved,Total Number of Occupants,Travel Direction,Location
2014800749,,05/25/2014,05-May,1-Sunday,17:07,1700 Hours,District 6 (East Central),CEDAR RAPIDS,LINN,,WILSON AVE SW & J ST SW,Collision with:  Vehicle in traffic,On Roadway,Broadside (front to side),Unknown,None Indicated,,Daylight,Dry,Clear,,Intersection:  Four-way intersection,Paved,,Property Damage Only,0,0,0,0,0,0,2000,2,2,,POINT (-91.667314058574 41.955974685861)
2014801995,,05/25/2014,05-May,1-Sunday,01:30,0100 Hours,District 2 (Northeast),BRITT,HANCOCK,,5TH ST SE & 1ST AVE SE,Collision with fixed object:  Utility pole/light support,On Roadway,Non-collision (single vehicle),Crossed centerline (undivided),Under Influence of Alcohol/Drugs/Medications,,Dark - roadway lighted,Dry,Clear,None apparent,Intersection:  Four-way intersection,Paved,,Property Damage Only,0,0,0,0,0,0,6000,1,1,,POINT (-93.800552560769 43.092402543884)
2014800472,14-0285,05/25/2014,05-May,1-Sunday,22:50,2200 Hours,District 1 (Central),,WEBSTER,US 169,US 169,Collision with:  Animal,,,Animal,None Indicated,,,,,,,Paved,,Property Damage Only,0,0,0,0,0,0,5000,1,1,,POINT (-94.227071616477 42.527633561533)
2014800468,14-005944,05/25/2014,05-May,1-Sunday,21:07,2100 Hours,District 1 (Central),,TAMA,US 63,US 63,Collision with:  Animal,,,Animal,None Indicated,,,,,,,Paved,,Property Damage Only,0,0,0,0,0,0,5000,1,1,,POINT (-92.465795699741 42.209758414627)
2014804464,1405250601,05/25/2014,05-May,1-Sunday,06:01,0600 Hours,District 6 (East Central),CASCADE,JONES,,248 ST & BUTTERFIELD RD,Collision with:  Animal,,,Animal,None Indicated,,,,,,,Paved,,Property Damage Only,0,0,0,0,0,0,1500,1,1,,POINT (-91.033768770144 42.29397724809)
2014810011,2014-002874,05/25/2014,05-May,1-Sunday,01:20,0100 Hours,District 6 (East Central),,BENTON,,24 AVE DR,Collision with:  Animal,On Roadway,Non-collision (single vehicle),Animal,None Indicated,,Dark - roadway not lighted,"Mud, dirt",Clear,None apparent,Non-intersection:  Non-junction/no special feature,Unpaved,,Property Damage Only,0,0,0,0,0,0,6500,1,1,,POINT (-92.016876647458 42.260033753541)
2014802059,14076121,05/25/2014,05-May,1-Sunday,16:53,1600 Hours,District 6 (East Central),,JOHNSON,,Co Rd F44/HERBERT HOOVER HWY,Collision with fixed object:  Ditch,On Roadway,Non-collision (single vehicle),Swerving/Evasive Action,None Indicated,,Daylight,Dry,Cloudy,None apparent,Non-intersection:  Non-junction/no special feature,Paved,,Property Damage Only,0,0,0,0,0,0,3000,1,1,,POINT (-91.472860352998 41.671114396285)
2014800185,20140014470,05/25/2014,05-May,1-Sunday,13:25,1300 Hours,District 1 (Central),DES MOINES,POLK,,ARMY POST RD & CHAFFEE RD & S UNION ST,Collision with:  Vehicle in traffic,On Roadway,Broadside (front to side),Ran Traffic Signal,None Indicated,,Daylight,Dry,Cloudy,None apparent,Intersection:  Four-way intersection,Paved,,Possible/Unknown,0,1,0,0,1,0,3000,2,4,,POINT (-93.616068170581 41.52638799161)
2014800146,14-3455,05/25/2014,05-May,1-Sunday,02:00,0200 Hours,District 1 (Central),,POLK,,NE 51ST CT,Collision with:  Vehicle in traffic,On Roadway,"Sideswipe, opposite direction",Other (explain in narrative):  Other,None Indicated,,Dark - roadway not lighted,Dry,Cloudy,Unknown,Non-intersection:  Non-junction/no special feature,Paved,,Property Damage Only,0,0,0,0,0,0,4000,2,1,,POINT (-93.512206053466 41.620294129054)
2014800361,C14001614,05/25/2014,05-May,1-Sunday,16:05,1600 Hours,District 6 (East Central),CORALVILLE,JOHNSON,,CORAL RIDGE AVE & HEARTLAND DR & HOLIDAY RD,Collision with:  Vehicle in traffic,On Roadway,Rear-end (front to rear),Followed too close,None Indicated,,Daylight,Dry,Cloudy,None apparent,Non-intersection:  Non-junction/no special feature,Paved,,Property Damage Only,0,0,0,0,0,0,6000,4,5,,POINT (-91.608377552929 41.7005225177)
2014800117,14-17482,05/25/2014,05-May,1-Sunday,11:42,1100 Hours,District 5 (Southeast),BURLINGTON,DES MOINES,,SUMMER ST,Collision with:  Vehicle in traffic,On Roadway,Rear-end (front to rear),Improper Backing,None Indicated,,Daylight,Dry,Clear,None apparent,Non-intersection:  Non-junction/no special feature,Paved,,Possible/Unknown,0,1,0,0,1,0,1500,2,1,,POINT (-91.116050459179 40.789207221757)
2014800293,W14-051443,05/25/2014,05-May,1-Sunday,07:04,0700 Hours,District 2 (Northeast),WATERLOO,BLACK HAWK,I-380,I-380,Collision with:  Vehicle in traffic,On Roadway,"Sideswipe, same direction",FTYROW:  Other (explain in narrative),None Indicated,,Daylight,Dry,Clear,None apparent,Interchange-related:  On-ramp merge area,Paved,,Property Damage Only,0,0,0,0,0,0,1500,2,2,,POINT (-92.314733857851 42.462971855527)
2014800349,14-008598,05/25/2014,05-May,1-Sunday,05:18,0500 Hours,District 5 (Southeast),,HENRY,US 218,US 218,Collision with:  Animal,,,Animal,None Indicated,,,,,,,Paved,,Property Damage Only,0,0,0,0,0,0,2000,1,1,,POINT (-91.541611680735 40.920962184345)
2014800336,14004276,05/25/2014,05-May,1-Sunday,21:30,2100 Hours,District 6 (East Central),DELAWARE,DELAWARE,US 20,US 20,Collision with:  Animal,,,Animal,None Indicated,,,,,,,Paved,,Property Damage Only,0,0,0,0,0,0,1500,1,1,,POINT (-91.333200838957 42.470289518436)
2014801917,14-012404,05/26/2014,05-May,2-Monday,01:24,0100 Hours,District 5 (Southeast),HARVEY,MARION,,228TH PL,Non-collision events:  Overturn/rollover,,,Ran off road - straight,None Indicated,,,,,,,Unpaved,,Property Damage Only,0,0,0,0,0,0,7000,1,1,,POINT (-92.909256112115 41.317162038619)
2014800847,20140014604,05/26/2014,05-May,2-Monday,23:01,2300 Hours,District 1 (Central),DES MOINES,POLK,I-235,I-235 & 19TH ST,Collision with:  Vehicle in traffic,On Roadway,Broadside (front to side),Ran Traffic Signal,None Indicated,,Dark - roadway lighted,Wet,Rain,None apparent,Intersection:  Intersection with ramp,Paved,,Possible/Unknown,0,2,0,0,2,0,15000,2,2,,POINT (-93.642531251476 41.596364924675)
2014800502,2014031170,05/26/2014,05-May,2-Monday,09:00,0900 Hours,District 1 (Central),,POWESHIEK,,510TH AVE,Non-collision events:  Overturn/rollover,Outside trafficway,Non-collision (single vehicle),Other (explain in narrative):  Other,None Indicated,,Daylight,"Mud, dirt",Cloudy,"Shoulders (none, low, soft, high)",Non-intersection:  Non-junction/no special feature,Unpaved,,Fatal,1,1,0,0,1,0,500,1,3,,POINT (-92.526565087691 41.551374485583)
2014800434,14-021165,05/26/2014,05-May,2-Monday,08:20,0800 Hours,District 4 (Southwest),COUNCIL BLUFFS,POTTAWATTAMIE,,VALLEY VIEW DR & VALLEY VIEW LN & MADISON AVE,Collision with fixed object:  Traffic sign support,Median,Non-collision (single vehicle),Crossed centerline (undivided),None Indicated,,Daylight,Dry,Cloudy,None apparent,Intersection:  T-intersection,Paved,,Property Damage Only,0,0,0,0,0,0,2750,1,2,,POINT (-95.818166862559 41.242213197531)
2014800774,141402,05/26/2014,05-May,2-Monday,15:12,1500 Hours,District 3 (Northwest),DENISON,CRAWFORD,US 30,US 30 & CHAMBERLIN DR W,Collision with:  Vehicle in traffic,On Roadway,Broadside (front to side),FTYROW:  Making left turn,Alcohol (Statutory),,Daylight,Dry,Clear,None apparent,Intersection:  Four-way intersection,Paved,,Major Injury,0,4,1,0,3,0,10000,2,4,,POINT (-95.370278623764 42.004484308011)
2014800387,14-012467,05/26/2014,05-May,2-Monday,21:10,2100 Hours,District 5 (Southeast),,MARION,IA 14,IA 14/IOWA 14 & STORY DR,Collision with:  Animal,,,Animal,None Indicated,,,,,,,Paved,,Property Damage Only,0,0,0,0,0,0,1500,1,1,,POINT (-93.137326059719 41.219119871126)
2014800870,14-10504,05/26/2014,05-May,2-Monday,13:28,1300 Hours,District 6 (East Central),,SCOTT,US 67,US 67/GREAT RIVER RD,Collision with:  Animal,,,Animal,None Indicated,,,,,,,Paved,,Property Damage Only,0,0,0,0,0,0,1900,1,1,,POINT (-90.346589781497 41.615643139835)
2014814286,2014-0724,05/26/2014,05-May,2-Monday,16:45,1600 Hours,District 1 (Central),GRAND JUNCTION,GREENE,US 30,US 30/220TH,Collision with fixed object:  Guardrail - face,On Roadway,Non-collision (single vehicle),Crossed centerline (undivided),None Indicated,,Daylight,Dry,Cloudy,None apparent,Non-intersection:  Other non-intersection (explain in narrative),Paved,,Possible/Unknown,0,1,0,0,1,0,10000,1,1,,POINT (-94.211923805698 42.032084775334)
2014800277,14051801,05/26/2014,05-May,2-Monday,05:10,0500 Hours,District 2 (Northeast),CEDAR FALLS,BLACK HAWK,,BARNETT DR,Collision with:  Parked motor vehicle,On Roadway,Rear-end (front to rear),Ran off road - right,Alcohol (< Statutory),,Dark - roadway lighted,Dry,Clear,None apparent,Non-intersection:  Non-junction/no special feature,Paved,,Property Damage Only,0,0,0,0,0,0,7000,2,1,,POINT (-92.475949262445 42.536823724575)
2014801483,,05/26/2014,05-May,2-Monday,05:15,0500 Hours,District 2 (Northeast),NEW ALBIN,ALLAMAKEE,IA 26,IA 26/IOWA 26,Collision with:  Animal,On Roadway,Non-collision (single vehicle),Animal,None Indicated,,Dawn,Dry,Clear,,Non-intersection:  Other non-intersection (explain in narrative),Paved,,Property Damage Only,0,0,0,0,0,0,4000,1,1,,POINT (-91.273178553912 43.450020517944)
2014800757,W14-051856,05/26/2014,05-May,2-Monday,11:01,1100 Hours,District 2 (Northeast),WATERLOO,BLACK HAWK,,BERTCH AVE & RANDOLPH ST,Collision with:  Vehicle in traffic,On Roadway,Broadside (front to side),FTYROW:  From yield sign,Drug,,Daylight,Dry,Cloudy,None apparent,Intersection:  Four-way intersection,Paved,,Property Damage Only,0,0,0,0,0,0,3000,2,4,,POINT (-92.339153497355 42.483018221552)
2014802888,261400915,05/26/2014,05-May,2-Monday,18:57,1800 Hours,District 5 (Southeast),BLOOMFIELD,DAVIS,,NUTHATCH AVE,Collision with fixed object:  Tree,On Roadway,Non-collision (single vehicle),Exceeded authorized speed,None Indicated,,Daylight,"Mud, dirt",Clear,None apparent,Non-intersection:  Non-junction/no special feature,Unpaved,,Major Injury,0,2,2,0,0,0,2000,1,2,,POINT (-92.380178032681 40.845066083724)
2014800341,14-17608,05/26/2014,05-May,2-Monday,12:58,1200 Hours,District 5 (Southeast),BURLINGTON,DES MOINES,US 34,US 34/SW RAMP & US 61,Collision with:  Vehicle in traffic,On Roadway,Broadside (front to side),Ran Traffic Signal,None Indicated,,Daylight,Dry,Clear,None apparent,Intersection:  T-intersection,Paved,,Property Damage Only,0,0,0,0,0,0,3250,2,6,,POINT (-91.141412089518 40.816011630479)
2014800506,2014031255,05/26/2014,05-May,2-Monday,18:50,1800 Hours,District 1 (Central),NEWTON,JASPER,I-80,I-80,Collision with:  Vehicle in traffic,On Roadway,Rear-end (front to rear),Crossed centerline (undivided),None Indicated,,Daylight,Dry,Clear,None apparent,Non-intersection:  Non-junction/no special feature,Paved,,Property Damage Only,0,0,0,0,0,0,6000,2,2,,POINT (-93.033690845074 41.68302160931)
2014801851,,05/26/2014,05-May,2-Monday,05:00,0500 Hours,District 5 (Southeast),FORT MADISON,LEE,,AVE E,Collision with:  Parked motor vehicle,On Roadway,"Sideswipe, same direction",Unknown,Alcohol (Statutory),,Dawn,Dry,Clear,None apparent,Non-intersection:  Non-junction/no special feature,Paved,,Property Damage Only,0,0,0,0,0,0,7331,3,1,,POINT (-91.319293662222 40.633111211886)
2014800330,141408,05/26/2014,05-May,2-Monday,18:41,1800 Hours,District 3 (Northwest),DENISON,CRAWFORD,US 30,US 30/4TH AVE S & S 7TH ST,Collision with:  Vehicle in traffic,On Roadway,Broadside (front to side),FTYROW:  From stop sign,None Indicated,,Daylight,Wet,Clear,None apparent,Interchange-related:  On-ramp merge area,Paved,,Property Damage Only,0,0,0,0,0,0,5050,3,4,,POINT (-95.363508394201 42.012405029696)
2014810271,14002887,05/26/2014,05-May,2-Monday,00:30,0000 Hours,District 2 (Northeast),,HANCOCK,,200TH ST,Non-collision events:  Overturn/rollover,Shoulder,Non-collision (single vehicle),Ran off road - right,None Indicated,,Dark - roadway not lighted,"Mud, dirt",Clear,None apparent,Non-intersection:  Non-junction/no special feature,Unpaved,,Property Damage Only,0,0,0,0,0,0,10000,1,2,,POINT (-93.531838439016 43.053057494532)
2014801467,,05/26/2014,05-May,2-Monday,17:49,1700 Hours,District 6 (East Central),DURANT,CEDAR,,5TH ST,Collision with:  Vehicle in traffic,On Roadway,"Sideswipe, same direction",FTYROW:  From parked position,None Indicated,,Daylight,Dry,Clear,None apparent,Non-intersection:  Non-junction/no special feature,Paved,,Property Damage Only,0,0,0,0,0,0,3500,2,2,,POINT (-90.911297712512 41.600772736162)
2014819366,1405-039,05/26/2014,05-May,2-Monday,19:33,1900 Hours,District 3 (Northwest),ASHTON,OSCEOLA,IA 60,IA 60/IOWA 60,Collision with fixed object:  Bridge overhead structure,Shoulder,Non-collision (single vehicle),Ran off road - left,None Indicated,,Daylight,Dry,Cloudy,None apparent,Non-intersection:  Other non-intersection (explain in narrative),Paved,,Property Damage Only,0,0,0,0,0,0,4200,1,1,,POINT (-95.778442530585 43.323732300594)
2014802450,201400025216,05/26/2014,05-May,2-Monday,01:45,0100 Hours,District 5 (Southeast),OTTUMWA,WAPELLO,,VANNESS AVE & PARK LN,Collision with fixed object:  Tree,Outside trafficway,Non-collision (single vehicle),Ran off road - right,None Indicated,,Dark - roadway lighted,Dry,Clear,None apparent,Non-intersection:  Non-junction/no special feature,Paved,,Property Damage Only,0,0,0,0,0,0,3700,1,1,,POINT (-92.39853891612 41.036516749786)
2014800934,2014031248,05/26/2014,05-May,2-Monday,17:45,1700 Hours,District 4 (Southwest),,DALLAS,US 169,US 169/N AVE,Non-collision events:  Overturn/rollover,Shoulder,Non-collision (single vehicle),Ran off road - right,None Indicated,,Daylight,Dry,Clear,None apparent,Non-intersection:  Non-junction/no special feature,Paved,,Minor Injury,0,1,0,1,0,0,10000,1,1,,POINT (-94.028073585317 41.823502268462)
2014801529,01-14-22431,05/26/2014,05-May,2-Monday,14:10,1400 Hours,District 6 (East Central),DUBUQUE,DUBUQUE,,E 22ND ST & QUEEN ST,Collision with:  Vehicle in traffic,On Roadway,"Sideswipe, same direction",Made improper turn,None Indicated,,Daylight,Dry,Clear,None apparent,Non-intersection:  Non-junction/no special feature,Paved,,Property Damage Only,0,0,0,0,0,0,17000,2,4,,POINT (-90.666645013367 42.516179056021)
2014800371,2014005794,05/26/2014,05-May,2-Monday,12:52,1200 Hours,District 6 (East Central),IOWA CITY,JOHNSON,,S GILBERT ST,Collision with:  Vehicle in traffic,On Roadway,Rear-end (front to rear),Followed too close,None Indicated,,Daylight,Dry,Cloudy,None apparent,Non-intersection:  Non-junction/no special feature,Paved,,Property Damage Only,0,0,0,0,0,0,5000,2,5,,POINT (-91.530440454666 41.653518246833)
2014800994,02-14-8130,05/26/2014,05-May,2-Monday,10:55,1000 Hours,District 6 (East Central),,DUBUQUE,,MUD LAKE RD,Collision with fixed object:  Ditch,Roadside,Non-collision (single vehicle),Crossed centerline (undivided),None Indicated,,Daylight,Dry,Cloudy,None apparent,Non-intersection:  Non-junction/no special feature,Paved,,Possible/Unknown,0,1,0,0,0,1,2000,2,2,,POINT (-90.721504775202 42.600248108109)
2014800390,1400000445,05/26/2014,05-May,2-Monday,17:30,1700 Hours,District 1 (Central),LE GRAND,MARSHALL,US 30,US 30 & ABBOTT AVE,Collision with:  Vehicle in traffic,On Roadway,"Sideswipe, opposite direction",Made improper turn,None Indicated,,Daylight,Dry,Cloudy,None apparent,Intersection:  Four-way intersection,Paved,,Property Damage Only,0,0,0,0,0,0,3000,2,2,,POINT (-92.767268772792 42.007462750839)
2014800640,2014005050,05/26/2014,05-May,2-Monday,12:15,1200 Hours,District 1 (Central),MARSHALLTOWN,MARSHALL,,PLAYER ST & S 6TH ST,Collision with:  Vehicle in traffic,On Roadway,Broadside (front to side),FTYROW:  Other (explain in narrative),None Indicated,,Daylight,Dry,Cloudy,None apparent,Intersection:  T-intersection,Paved,,Property Damage Only,0,0,0,0,0,0,5600,2,4,,POINT (-92.922432714092 42.039141630357)
2014800933,2014031171,05/26/2014,05-May,2-Monday,11:10,1100 Hours,District 6 (East Central),DAVENPORT,SCOTT,I-280,I-280,Collision with:  Animal,,,Animal,None Indicated,,,,,,,Paved,,Property Damage Only,0,0,0,0,0,0,8000,1,1,,POINT (-90.67421849218 41.519997269711)
2014803256,,05/26/2014,05-May,2-Monday,15:19,1500 Hours,District 2 (Northeast),HAMPTON,FRANKLIN,,1ST AVE NW & 6TH ST NW,Collision with:  Vehicle in traffic,On Roadway,Broadside (front to side),FTYROW:  At uncontrolled intersection,None Indicated,,Daylight,Dry,Cloudy,None apparent,Intersection:  Other intersection (explain in narrative),Paved,,Property Damage Only,0,0,0,0,0,0,10000,2,3,,POINT (-93.214728138399 42.742672397619)
2014801215,14015476,05/26/2014,05-May,2-Monday,11:03,1100 Hours,District 5 (Southeast),,LEE,US 61,US 61,Collision with:  Animal,,,Animal,None Indicated,,,,,,,Paved,,Property Damage Only,0,0,0,0,0,0,2000,1,1,,POINT (-91.224116310759 40.720632285562)
2014800507,2014031284,05/26/2014,05-May,2-Monday,21:42,2100 Hours,District 1 (Central),ALTOONA,POLK,I-80,I-80,Collision with:  Vehicle in traffic,On Roadway,"Sideswipe, same direction",FTYROW:  Other (explain in narrative),None Indicated,,Dark - roadway lighted,Dry,Clear,Work Zone (roadway-related),Non-intersection:  Non-junction/no special feature,Paved,Yes,Property Damage Only,0,0,0,0,0,0,13500,2,5,,POINT (-93.48014464805 41.662370007152)
2014800713,2014031266,05/26/2014,05-May,2-Monday,20:00,2000 Hours,District 1 (Central),,HAMILTON,US 20,US 20,Collision with:  Animal,,,Animal,None Indicated,,,,,,,Paved,,Property Damage Only,0,0,0,0,0,0,4000,1,1,,POINT (-93.763901824623 42.449010946184)
2014801355,14-9750,05/26/2014,05-May,2-Monday,04:41,0400 Hours,District 6 (East Central),BETTENDORF,SCOTT,,MAPLEWOOD DR & TANGLEFOOT LN,Collision with fixed object:  Utility pole/light support,On Roadway,Non-collision (single vehicle),Crossed centerline (undivided),None Indicated,,Dark - roadway lighted,Wet,Cloudy,None apparent,Intersection:  T-intersection,Paved,,Property Damage Only,0,0,0,0,0,0,13000,1,1,,POINT (-90.489197722675 41.560658850456)
2014800493,14-16328,05/26/2014,05-May,2-Monday,00:01,0000 Hours,District 3 (Northwest),SIOUX CITY,WOODBURY,,STONE PARK BLVD,Collision with:  Parked motor vehicle,On Roadway,Rear-end (front to rear),Unknown,None Indicated,,Dark - roadway lighted,Unknown,Unknown,None apparent,Non-intersection:  Non-junction/no special feature,Paved,,Property Damage Only,0,0,0,0,0,0,4500,2,1,,POINT (-96.411256439389 42.522673845659)
2014800822,14010810,05/26/2014,05-May,2-Monday,21:45,2100 Hours,District 6 (East Central),MARION,LINN,,8TH ST,Non-collision events:  Other non-collision (explain in narrative),On Roadway,Broadside (front to side),Improper Backing,None Indicated,,Dark - roadway lighted,Dry,Clear,None apparent,Non-intersection:  Non-junction/no special feature,Paved,,Property Damage Only,0,0,0,0,0,0,2500,2,1,,POINT (-91.601355303798 42.052152632598)
2014800332,143634,05/26/2014,05-May,2-Monday,14:46,1400 Hours,District 4 (Southwest),,DALLAS,IA 44,IA 44/240TH ST & Co Rd P46/EL PASO AVE,Collision with:  Vehicle in traffic,On Roadway,Rear-end (front to rear),FTYROW:  Other (explain in narrative),None Indicated,,Daylight,Dry,Cloudy,None apparent,Intersection:  T-intersection,Paved,,Property Damage Only,0,0,0,0,0,0,10000,2,3,,POINT (-94.193073690794 41.688362584304)
2014800435,14-021215,05/26/2014,05-May,2-Monday,14:25,1400 Hours,District 4 (Southwest),COUNCIL BLUFFS,POTTAWATTAMIE,,S 16TH ST,Collision with:  Vehicle in traffic,On Roadway,Broadside (front to side),FTYROW:  From driveway,None Indicated,,Daylight,Dry,Clear,None apparent,Non-intersection:  Driveway access (within),Paved,,Possible/Unknown,0,1,0,0,1,0,4000,2,4,,POINT (-95.867543020933 41.261041283359)
2014801492,,05/26/2014,05-May,2-Monday,12:50,1200 Hours,District 4 (Southwest),MISSOURI VALLEY,HARRISON,,E HURON ST & N 2ND ST,Non-collision events:  Other non-collision (explain in narrative),On Roadway,Unknown,Unknown,None Indicated,,Daylight,Dry,Clear,,Intersection:  Four-way intersection,Paved,,Property Damage Only,0,0,0,0,0,0,6000,3,4,,POINT (-95.893263429638 41.557374875234)
2014801734,14-04820,05/26/2014,05-May,2-Monday,07:40,0700 Hours,District 5 (Southeast),MOUNT PLEASANT,HENRY,,W CLAY ST,Collision with fixed object:  Other fixed object (explain in narrative),On Roadway,Non-collision (single vehicle),Ran off road - right,None Indicated,,Daylight,"Mud, dirt",Clear,Unknown,Non-intersection:  Non-junction/no special feature,Unpaved,,Possible/Unknown,0,1,0,0,0,1,3050,1,1,,POINT (-91.573293099437 40.959732368572)
2014800711,2014031185,05/26/2014,05-May,2-Monday,12:05,1200 Hours,District 6 (East Central),,IOWA,I-80,I-80,Non-collision events:  Jackknife,On Roadway,Non-collision (single vehicle),Ran off road - right,None Indicated,,Daylight,Wet,Cloudy,None apparent,Non-intersection:  Non-junction/no special feature,Paved,,Possible/Unknown,0,1,0,0,1,0,25000,1,1,,POINT (-91.863420835895 41.68725995106)
2014800666,20140014590,05/26/2014,05-May,2-Monday,21:20,2100 Hours,District 1 (Central),DES MOINES,POLK,,E DOUGLAS AVE & NE 43RD ST,Collision with fixed object:  Utility pole/light support,Outside trafficway,Non-collision (single vehicle),Ran off road - left,None Indicated,,Dark - roadway not lighted,Dry,Clear,None apparent,Non-intersection:  Non-junction/no special feature,Paved,,Property Damage Only,0,0,0,0,0,0,7700,1,1,,POINT (-93.528631185889 41.62963230723)
2014800363,C14001620,05/26/2014,05-May,2-Monday,12:51,1200 Hours,District 6 (East Central),CORALVILLE,JOHNSON,,5TH ST & 18TH AVE,Collision with:  Vehicle in traffic,On Roadway,Rear-end (front to rear),Followed too close,None Indicated,,Daylight,Wet,Cloudy,None apparent,Intersection:  T-intersection,Paved,,Property Damage Only,0,0,0,0,0,0,3000,2,2,,POINT (-91.588885747904 41.679560062588)
2014800815,201407386,05/26/2014,05-May,2-Monday,17:33,1700 Hours,District 6 (East Central),CEDAR RAPIDS,LINN,,16TH AVE SW & EDGEWOOD RD SW,Collision with:  Vehicle in traffic,On Roadway,Broadside (front to side),Ran Traffic Signal,None Indicated,,Daylight,Dry,Cloudy,None apparent,Intersection:  Four-way intersection,Paved,,Possible/Unknown,0,3,0,0,3,0,11000,2,6,,POINT (-91.716053049125 41.96358224948)
2014800505,2014031215,05/26/2014,05-May,2-Monday,14:25,1400 Hours,District 2 (Northeast),,CLAYTON,,Co Rd C9Y/GREAT RIVER RD & Co Rd Y13/TOLLGATE AVE,Collision with:  Vehicle in traffic,On Roadway,Rear-end (front to rear),Swerving/Evasive Action,None Indicated,,Daylight,Dry,Cloudy,None apparent,Intersection:  T-intersection,Paved,,Minor Injury,0,1,0,1,0,0,3000,2,2,,POINT (-90.954556694728 42.668179314591)
2014804914,SA1403925,05/26/2014,05-May,2-Monday,12:54,1200 Hours,District 5 (Southeast),,WASHINGTON,,105TH ST,Collision with fixed object:  Ditch,On Roadway,Non-collision (single vehicle),Ran off road - right,None Indicated,,Daylight,"Mud, dirt",Clear,None apparent,Non-intersection:  Non-junction/no special feature,Unpaved,,Possible/Unknown,0,1,0,0,1,0,1000,1,1,,POINT (-91.816909952912 41.506477961335)
2014801883,SO1401987,05/26/2014,05-May,2-Monday,22:56,2200 Hours,District 5 (Southeast),,JEFFERSON,US 34,US 34 & FIR AVE,Collision with:  Animal,On Roadway,Non-collision (single vehicle),Animal,None Indicated,,Dark - roadway not lighted,Dry,Cloudy,None apparent,Intersection:  T-intersection,Paved,,Property Damage Only,0,0,0,0,0,0,10500,1,1,,POINT (-92.082501667483 41.00984213338)
2014800874,14-9774,05/26/2014,05-May,2-Monday,17:05,1700 Hours,District 6 (East Central),BETTENDORF,SCOTT,,MIDDLE RD & DEVILS GLEN RD,Collision with:  Vehicle in traffic,On Roadway,Broadside (front to side),Ran Traffic Signal,None Indicated,,Daylight,Dry,Cloudy,None apparent,Intersection:  Four-way intersection,Paved,,Property Damage Only,0,0,0,0,0,0,9700,3,5,,POINT (-90.48363896317 41.551566975965)
2014802707,14000243,05/26/2014,05-May,2-Monday,21:34,2100 Hours,District 5 (Southeast),ALBIA,MONROE,US 34,US 34 & IA 5/IOWA 5,Collision with:  Vehicle in traffic,On Roadway,Broadside (front to side),FTYROW:  From stop sign,None Indicated,,Dark - roadway lighted,Dry,Clear,None apparent,Intersection:  Four-way intersection,Paved,,Property Damage Only,0,0,0,0,0,0,2500,2,3,,POINT (-92.809091071761 41.015398555875)
2014801659,14002536,05/26/2014,05-May,2-Monday,20:56,2000 Hours,District 1 (Central),AMES,STORY,US 69,US 69/LINCOLN WAY & S KELLOGG AVE,Collision with:  Non-motorist (see non-motorist section - NOT a unit),On Roadway,Non-collision (single vehicle),Other (explain in narrative):  No improper action,None Indicated,,Dark - roadway lighted,Dry,Clear,None apparent,Intersection:  Four-way intersection,Paved,,Major Injury,0,1,1,0,0,0,1000,1,1,,POINT (-93.613651086739 42.022900756883)
2014800314,1405268021,05/26/2014,05-May,2-Monday,00:10,0000 Hours,District 6 (East Central),,CLINTON,,Co Rd E63/190 ST,Collision with fixed object:  Ditch,Shoulder,Non-collision (single vehicle),Crossed centerline (undivided),Under Influence of Alcohol/Drugs/Medications,,Dark - roadway not lighted,Dry,Clear,None apparent,Non-intersection:  Non-junction/no special feature,Paved,,Minor Injury,0,1,0,1,0,0,5500,1,1,,POINT (-90.750441450348 41.901977008325)
2014800922,14-16330,05/26/2014,05-May,2-Monday,13:12,1300 Hours,District 3 (Northwest),SIOUX CITY,WOODBURY,,13TH ST,Collision with:  Parked motor vehicle,On Roadway,Rear-end (front to rear),Unknown,None Indicated,,Daylight,Dry,Clear,None apparent,Non-intersection:  Non-junction/no special feature,Paved,,Property Damage Only,0,0,0,0,0,0,2000,2,1,,POINT (-96.403121144518 42.504006627953)
2014800916,14C02380,05/26/2014,05-May,2-Monday,10:28,1000 Hours,District 4 (Southwest),CRESTON,UNION,IA 25,IA 25/W TOWNLINE ST & LINCOLN ST & N LINCOLN ST,Non-collision events:  Other non-collision (explain in narrative),On Roadway,Non-collision (single vehicle),Ran off road - right,None Indicated,,Daylight,Wet,Cloudy,None apparent,Intersection:  Four-way intersection,Paved,,Minor Injury,0,1,0,1,0,0,1500,1,1,,POINT (-94.375812326612 41.0711205576)
2014801615,2014-10505,05/26/2014,05-May,2-Monday,13:50,1300 Hours,District 6 (East Central),,SCOTT,,Co Rd F41/270 ST,Collision with:  Vehicle in traffic,On Roadway,Rear-end (front to rear),"Operating vehicle in an reckless, erratic, careless, negligent manner",None Indicated,,Daylight,Dry,Cloudy,None apparent,Non-intersection:  Non-junction/no special feature,Paved,,Property Damage Only,0,0,0,0,0,0,2000,2,5,,POINT (-90.531345642294 41.698737273733)