Iowa DOT Case Number,Law Enforcement Case Number,Date of Crash,Month of Crash,Day of Week,Time of Crash,Hour,DOT District,City Name,County Name,Route with System,Location Description,First Harmful Event,Location of First Harmful Event,Manner of Crash/Collision,Major Cause,Drug or Alcohol ,Environmental Conditions,Light Conditions,Surface Conditions,Weather Conditions,Roadway Contribution,Roadway Type,Roadway Surface,Work Zone,Crash Severity,Number of Fatalities,Number of Injuries,Number of Major Injuries,Number of Minor Injuries,Number of Possible Injuries,Number of Unknown Injuries,Amount of Property Damage,Number of Vehicles Involved,Total Number of Occupants,Travel Direction,Location
2014819365,1405-038,05/26/2014,05-May,2-Monday,05:30,0500 Hours,District 3 (Northwest),,OSCEOLA,US 59,US 59 & IA 9/IOWA 9,Collision with:  Animal,On Roadway,Non-collision (single vehicle),Animal,None Indicated,,Dark - roadway not lighted,Dry,Clear,None apparent,Non-intersection:  Non-junction/no special feature,Paved,,Property Damage Only,0,0,0,0,0,0,6500,1,1,,POINT (-95.643202706339 43.432817204083)
2014801658,14002535,05/26/2014,05-May,2-Monday,18:41,1800 Hours,District 1 (Central),AMES,STORY,US 69,US 69/S DUFF AVE & S 3RD ST & SE 3RD ST,Collision with:  Vehicle in traffic,On Roadway,Rear-end (front to rear),Followed too close,None Indicated,,Daylight,Dry,Clear,None apparent,Non-intersection:  Non-junction/no special feature,Paved,,Property Damage Only,0,0,0,0,0,0,2000,2,3,,POINT (-93.610315345039 42.020171535371)
2014800474,14-1562,05/26/2014,05-May,2-Monday,20:32,2000 Hours,District 1 (Central),FORT DODGE,WEBSTER,,10TH AVE N & N 3RD ST,Collision with:  Vehicle in traffic,On Roadway,Broadside (front to side),Other (explain in narrative):  Other,None Indicated,,Dark - roadway not lighted,Wet,Rain,None apparent,Intersection:  Four-way intersection,Paved,,Property Damage Only,0,0,0,0,0,0,3000,2,2,,POINT (-94.196886413566 42.514777540588)
2014800300,14-9269,05/26/2014,05-May,2-Monday,13:27,1300 Hours,District 2 (Northeast),,BREMER,US 63,US 63,Non-collision events:  Overturn/rollover,On Roadway,Non-collision (single vehicle),Ran off road - right,None Indicated,,Daylight,Dry,Cloudy,None apparent,Non-intersection:  Non-junction/no special feature,Paved,,Property Damage Only,0,0,0,0,0,0,18500,1,1,,POINT (-92.337427579516 42.657818220703)
2014801485,,05/26/2014,05-May,2-Monday,15:40,1500 Hours,District 6 (East Central),CEDAR RAPIDS,LINN,IA 100,IA 100/COLLINS RD NE,Collision with:  Vehicle in traffic,On Roadway,Rear-end (front to rear),Unknown,None Indicated,,Daylight,Dry,Cloudy,,Non-intersection:  Non-junction/no special feature,Paved,,Property Damage Only,0,0,0,0,0,0,10000,2,5,,POINT (-91.641188526901 42.028170009452)
2014801484,,05/26/2014,05-May,2-Monday,12:25,1200 Hours,District 6 (East Central),,JOHNSON,I-380,I-380,Collision with:  Animal,On Roadway,Non-collision (single vehicle),Animal,None Indicated,,Dark - roadway not lighted,Dry,Clear,,Non-intersection:  Non-junction/no special feature,Paved,,Property Damage Only,0,0,0,0,0,0,14000,1,4,,POINT (-91.657533520976 41.8244999277)
2014800391,2014005064,05/26/2014,05-May,2-Monday,18:06,1800 Hours,District 1 (Central),MARSHALLTOWN,MARSHALL,,S CENTER ST,Collision with fixed object:  Curb/island/raised median,On Roadway,Non-collision (single vehicle),Traveling wrong way or on wrong side of road,None Indicated,,Daylight,Dry,Clear,None apparent,Intersection:  Four-way intersection,Paved,,Possible/Unknown,0,1,0,0,1,0,5100,1,1,,POINT (-92.912936915132 42.047438904943)
2014802623,2014-34398,05/26/2014,05-May,2-Monday,15:13,1500 Hours,District 6 (East Central),DAVENPORT,SCOTT,,E LOCUST ST,Collision with:  Vehicle in traffic,On Roadway,Rear-end (front to rear),Followed too close,None Indicated,,Daylight,Wet,Rain,None apparent,Non-intersection:  Non-junction/no special feature,Paved,,Property Damage Only,0,0,0,0,0,0,3000,2,3,,POINT (-90.55294570018 41.538347236082)
2014800436,14-021219,05/26/2014,05-May,2-Monday,15:00,1500 Hours,District 4 (Southwest),COUNCIL BLUFFS,POTTAWATTAMIE,,VALLEY VIEW DR,Collision with:  Vehicle in traffic,On Roadway,Rear-end (front to rear),Other (explain in narrative):  Other,None Indicated,,Daylight,Dry,Cloudy,None apparent,Non-intersection:  Driveway access (within),Paved,,Minor Injury,0,4,0,3,1,0,21000,3,5,,POINT (-95.813625214808 41.251213686483)
2014800960,14008348,05/26/2014,05-May,2-Monday,11:58,1100 Hours,District 2 (Northeast),MASON CITY,CERRO GORDO,IA 122,IA 122/4TH ST SW,Collision with:  Vehicle in traffic,On Roadway,"Sideswipe, same direction",FTYROW:  Other (explain in narrative),None Indicated,,Daylight,Dry,Cloudy,None apparent,Non-intersection:  Non-junction/no special feature,Paved,,Property Damage Only,0,0,0,0,0,0,3000,2,2,,POINT (-93.245523402333 43.148347490245)
2014800503,2014031180,05/26/2014,05-May,2-Monday,11:30,1100 Hours,District 1 (Central),,POWESHIEK,I-80,I-80,Collision with:  Animal,,,Animal,None Indicated,,,,,,,Paved,,Property Damage Only,0,0,0,0,0,0,2500,1,1,,POINT (-92.488357328388 41.694749855111)
2014800936,2014031476,05/26/2014,05-May,2-Monday,01:11,0100 Hours,District 6 (East Central),DAVENPORT,SCOTT,US 61,US 61/BRADY ST,Collision with fixed object:  Other fixed object (explain in narrative),Outside trafficway,Non-collision (single vehicle),Downhill runaway,None Indicated,,Dark - roadway lighted,Dry,Cloudy,None apparent,Non-intersection:  Non-junction/no special feature,Paved,,Property Damage Only,0,0,0,0,0,0,3500,1,1,,POINT (-90.565792970701 41.605474246616)
2014800632,201400001733,05/26/2014,05-May,2-Monday,21:26,2100 Hours,District 6 (East Central),,LINN,US 151,US 151 & CEDAR WOODS RD,Collision with:  Animal,,,Animal,None Indicated,,,,,,,Paved,,Property Damage Only,0,0,0,0,0,0,2000,1,1,,POINT (-91.544844187459 41.940050202997)
2014800646,14002945,05/26/2014,05-May,2-Monday,19:11,1900 Hours,District 3 (Northwest),SHELDON,OBRIEN,,ELM CT,Collision with:  Vehicle in traffic,On Roadway,"Angle, oncoming left turn",Made improper turn,None Indicated,,Daylight,Dry,Cloudy,None apparent,Non-intersection:  Non-junction/no special feature,Paved,,Property Damage Only,0,0,0,0,0,0,2800,2,2,,POINT (-95.841503977327 43.180593865453)
2014801181,14-0725,05/26/2014,05-May,2-Monday,21:05,2100 Hours,District 1 (Central),,GREENE,IA 4,IA 4/N AVE,Non-collision events:  Other non-collision (explain in narrative),On Roadway,Non-collision (single vehicle),Other (explain in narrative):  Other,None Indicated,,Dark - roadway not lighted,Wet,Rain,None apparent,Non-intersection:  Non-junction/no special feature,Paved,,Property Damage Only,0,0,0,0,0,0,6200,2,4,,POINT (-94.378293577699 42.063827876201)
2014800504,2014031206,05/26/2014,05-May,2-Monday,14:15,1400 Hours,District 3 (Northwest),,LYON,IA 9,IA 9/IOWA 9,Collision with:  Animal,,,Animal,None Indicated,,,,,,,Paved,,Property Damage Only,0,0,0,0,0,0,2000,1,1,,POINT (-96.228448627141 43.432986420729)
2014800714,2014031280,05/26/2014,05-May,2-Monday,21:00,2100 Hours,District 5 (Southeast),,DECATUR,I-35,I-35,Collision with:  Animal,,,Animal,None Indicated,,,,,,,Paved,,Property Damage Only,0,0,0,0,0,0,7500,1,1,,POINT (-93.860743969118 40.651729417165)
2014800899,2014-34357,05/26/2014,05-May,2-Monday,09:55,0900 Hours,District 6 (East Central),DAVENPORT,SCOTT,,W 54TH ST & N PINE ST,Collision with:  Parked motor vehicle,On Roadway,Rear-end (front to rear),Improper Backing,None Indicated,,Daylight,Dry,Clear,None apparent,Non-intersection:  Non-junction/no special feature,Paved,,Property Damage Only,0,0,0,0,0,0,2000,2,1,,POINT (-90.610138471923 41.575702470694)
2014801977,2014-11025,05/26/2014,05-May,2-Monday,09:57,0900 Hours,District 5 (Southeast),,WARREN,,Co Rd R45/HWY R45,Collision with fixed object:  Ditch,Shoulder,Non-collision (single vehicle),Crossed centerline (undivided),None Indicated,,Daylight,Wet,Rain,"Shoulders (none, low, soft, high)",Non-intersection:  Non-junction/no special feature,Paved,,Possible/Unknown,0,1,0,0,1,0,6000,1,1,,POINT (-93.731458309527 41.365388381811)
2014800473,14-1560,05/26/2014,05-May,2-Monday,16:15,1600 Hours,District 1 (Central),FORT DODGE,WEBSTER,,18TH AVE N,Collision with:  Vehicle in traffic,On Roadway,Broadside (front to side),Improper Backing,None Indicated,,Daylight,Dry,Cloudy,None apparent,Non-intersection:  Non-junction/no special feature,Paved,,Property Damage Only,0,0,0,0,0,0,3000,2,2,,POINT (-94.166509853734 42.523033814608)
2014800900,2014-34381,05/26/2014,05-May,2-Monday,12:46,1200 Hours,District 6 (East Central),DAVENPORT,SCOTT,,ROCKINGHAM RD,Collision with:  Parked motor vehicle,On Roadway,Rear-end (front to rear),Lost Control,None Indicated,,Daylight,Dry,Cloudy,None apparent,Non-intersection:  Non-junction/no special feature,Paved,,Possible/Unknown,0,1,0,0,1,0,10000,2,2,,POINT (-90.624805132437 41.509295837188)
2014800813,201407377,05/26/2014,05-May,2-Monday,12:24,1200 Hours,District 6 (East Central),CEDAR RAPIDS,LINN,,EDGEWOOD RD NW,Collision with:  Vehicle in traffic,Shoulder,"Angle, oncoming left turn",Other (explain in narrative):  No improper action,None Indicated,,Daylight,Wet,Cloudy,None apparent,Non-intersection:  Non-junction/no special feature,Paved,,Possible/Unknown,0,1,0,0,1,0,6000,2,2,,POINT (-91.715995833628 41.973641841269)
2014802077,201400001714,05/26/2014,05-May,2-Monday,00:44,0000 Hours,District 6 (East Central),,LINN,,OTIS RD,Non-collision events:  Overturn/rollover,Outside trafficway,Non-collision (single vehicle),Exceeded authorized speed,Alcohol (Statutory),,Dark - roadway not lighted,Dry,Clear,None apparent,Non-intersection:  Non-junction/no special feature,Paved,,Major Injury,0,2,1,1,0,0,15000,1,2,,POINT (-91.607685004688 41.952033613867)
2014800784,14-17607,05/26/2014,05-May,2-Monday,12:50,1200 Hours,District 5 (Southeast),BURLINGTON,DES MOINES,US 61,US 61,Collision with:  Animal,On Roadway,Non-collision (single vehicle),Animal,None Indicated,,Daylight,Dry,Clear,None apparent,Non-intersection:  Non-junction/no special feature,Paved,,Property Damage Only,0,0,0,0,0,0,3000,1,3,,POINT (-91.180082795917 40.732431304868)
2014800962,14008372,05/26/2014,05-May,2-Monday,19:11,1900 Hours,District 2 (Northeast),MASON CITY,CERRO GORDO,US 65,US 65/N WASHINGTON AVE & 1ST ST NW,Collision with:  Vehicle in traffic,On Roadway,"Sideswipe, same direction",Unknown,None Indicated,,Daylight,Dry,Cloudy,None apparent,Intersection:  Other intersection (explain in narrative),Paved,,Property Damage Only,0,0,0,0,0,0,2000,2,4,,POINT (-93.202653656986 43.15271775703)
2014810012,2014-002898,05/26/2014,05-May,2-Monday,13:21,1300 Hours,District 6 (East Central),,BENTON,US 30,US 30/73 ST,Collision with:  Vehicle in traffic,On Roadway,Rear-end (front to rear),Followed too close,None Indicated,,Daylight,Dry,Clear,None apparent,Non-intersection:  Non-junction/no special feature,Paved,,Possible/Unknown,0,2,0,0,2,0,23000,2,4,,POINT (-91.971721320824 41.963302052886)
2014803055,14-048,05/26/2014,05-May,2-Monday,15:07,1500 Hours,District 3 (Northwest),SIOUX CENTER,SIOUX,,Co Rd B40/390TH ST & GRANT AVE & 7TH ST NW,Non-collision events:  Other non-collision (explain in narrative),On Roadway,Non-collision (single vehicle),Swerving/Evasive Action,None Indicated,,Daylight,Dry,Cloudy,None apparent,Intersection:  Other intersection (explain in narrative),Paved,,Minor Injury,0,1,0,1,0,0,2000,2,2,,POINT (-96.195621235783 43.084219284746)
2014800404,20140014592,05/26/2014,05-May,2-Monday,21:20,2100 Hours,District 1 (Central),DES MOINES,POLK,,UNIVERSITY AVE & 59TH ST,Collision with:  Vehicle in traffic,On Roadway,Rear-end (front to rear),Other (explain in narrative):  Other,None Indicated,,Dark - roadway lighted,Dry,Clear,None apparent,Non-intersection:  Non-junction/no special feature,Paved,,Possible/Unknown,0,1,0,0,1,0,2000,2,5,,POINT (-93.698802985768 41.600441190158)
2014800408,20140014572,05/26/2014,05-May,2-Monday,17:06,1700 Hours,District 1 (Central),DES MOINES,POLK,,INDIANOLA AVE,Collision with:  Vehicle in traffic,On Roadway,Head-on (front to front),Made improper turn,None Indicated,,Daylight,Dry,Cloudy,None apparent,Non-intersection:  Non-junction/no special feature,Paved,,Property Damage Only,0,0,0,0,0,0,3000,2,2,,POINT (-93.598351426474 41.554872642366)
2014800407,20140014566,05/26/2014,05-May,2-Monday,15:56,1500 Hours,District 1 (Central),DES MOINES,POLK,,DUBUQUE AVE & E 37TH ST,Collision with:  Vehicle in traffic,On Roadway,Broadside (front to side),FTYROW:  From stop sign,None Indicated,,Daylight,Wet,Cloudy,None apparent,Intersection:  Four-way intersection,Paved,,Property Damage Only,0,0,0,0,0,0,6000,2,5,,POINT (-93.543843971003 41.60416097653)
2014801455,2014031118,05/26/2014,05-May,2-Monday,00:11,0000 Hours,District 6 (East Central),IOWA CITY,JOHNSON,,UNIVERSITY OF IOWA,Collision with fixed object:  Ditch,On Roadway,Non-collision (single vehicle),Ran off road - left,Refused,,Dark - unknown roadway lighting,Dry,Clear,None apparent,Interchange-related:  On-ramp merge area,Paved,,Minor Injury,0,1,0,1,0,0,6000,1,1,,POINT (-91.546869467339 41.659383471697)
2014800372,2014005795,05/26/2014,05-May,2-Monday,13:03,1300 Hours,District 6 (East Central),IOWA CITY,JOHNSON,,E COURT ST & S 1ST AVE,Collision with:  Vehicle in traffic,On Roadway,Rear-end (front to rear),Followed too close,None Indicated,,Daylight,Wet,Rain,None apparent,Intersection:  Four-way intersection,Paved,,Property Damage Only,0,0,0,0,0,0,3000,2,4,,POINT (-91.502010631888 41.65678994244)
2014800658,0523145A,05/26/2014,05-May,2-Monday,16:24,1600 Hours,District 4 (Southwest),BRADDYVILLE,PAGE,US 71,US 71 & MULBERRY ST,Collision with:  Vehicle in traffic,On Roadway,Rear-end (front to rear),Followed too close,None Indicated,,Daylight,Dry,Clear,None apparent,Intersection:  Four-way intersection,Paved,,Property Damage Only,0,0,0,0,0,0,3500,2,5,,POINT (-95.030664712169 40.578473627649)
2014800448,14-9767,05/26/2014,05-May,2-Monday,14:23,1400 Hours,District 6 (East Central),BETTENDORF,SCOTT,US 67,US 67/STATE ST & 19TH ST,Collision with:  Vehicle in traffic,On Roadway,"Sideswipe, same direction",Made improper turn,None Indicated,,Daylight,Dry,Cloudy,None apparent,Intersection:  T-intersection,Paved,,Property Damage Only,0,0,0,0,0,0,2200,2,6,,POINT (-90.505906233437 41.525303540178)
2014800584,14-17652,05/26/2014,05-May,2-Monday,21:41,2100 Hours,District 5 (Southeast),,DES MOINES,US 61,US 61,Collision with:  Animal,,,Animal,None Indicated,,,,,,,Paved,,Property Damage Only,0,0,0,0,0,0,3000,1,1,,POINT (-91.156966653324 40.740621954852)
2014800409,20140014519,05/26/2014,05-May,2-Monday,00:45,0000 Hours,District 1 (Central),DES MOINES,POLK,US 6,US 6/FREDERICK M HUBBELL AVE,Collision with:  Vehicle in traffic,On Roadway,Rear-end (front to rear),Exceeded authorized speed,Alcohol (Statutory),,Dark - roadway lighted,Wet,Clear,None apparent,Non-intersection:  Non-junction/no special feature,Paved,,Property Damage Only,0,0,0,0,0,0,13000,2,3,,POINT (-93.534003706174 41.634741579127)
2014800547,AC14-029,05/26/2014,05-May,2-Monday,12:45,1200 Hours,District 1 (Central),STORY CITY,STORY,,FOREST AVE,Collision with:  Vehicle in traffic,On Roadway,Head-on (front to front),FTYROW:  Making left turn,None Indicated,,Daylight,Dry,Cloudy,None apparent,Non-intersection:  Driveway access (within),Paved,,Property Damage Only,0,0,0,0,0,0,2000,2,2,,POINT (-93.586165368441 42.191609133462)
2014800373,2014005799,05/26/2014,05-May,2-Monday,15:21,1500 Hours,District 6 (East Central),IOWA CITY,JOHNSON,US 218,US 218/NW RAMP CURV,Collision with:  Vehicle in traffic,On Roadway,Rear-end (front to rear),Driving too fast for conditions,None Indicated,,Daylight,Wet,Cloudy,None apparent,Interchange-related:  Off-ramp,Paved,,Possible/Unknown,0,1,0,0,1,0,3000,2,3,,POINT (-91.569473179273 41.633871337177)
2014800764,052614-39,05/26/2014,05-May,2-Monday,04:15,0400 Hours,District 3 (Northwest),STORM LAKE,BUENA VISTA,IA 7,IA 7/IOWA 7 & GILBERT ST,Collision with:  Animal,,,Animal,None Indicated,,,,,,,Paved,,Property Damage Only,0,0,0,0,0,0,2000,1,1,,POINT (-95.158568645106 42.633495104966)
2014800296,201402357,05/26/2014,05-May,2-Monday,16:14,1600 Hours,District 1 (Central),,BOONE,US 30,US 30/220TH ST,Collision with:  Vehicle in traffic,On Roadway,Rear-end (front to rear),Other (explain in narrative):  Other,None Indicated,,Daylight,Dry,Cloudy,None apparent,Non-intersection:  Non-junction/no special feature,Paved,,Property Damage Only,0,0,0,0,0,0,5000,2,3,,POINT (-94.065971947814 42.034568944746)
2014800337,14004297,05/26/2014,05-May,2-Monday,13:56,1300 Hours,District 6 (East Central),,DELAWARE,,Co Rd X47/310TH AVE,Collision with fixed object:  Ditch,Shoulder,Non-collision (single vehicle),Ran off road - right,None Indicated,,Daylight,Dry,Clear,None apparent,Non-intersection:  Non-junction/no special feature,Paved,,Possible/Unknown,0,2,0,0,2,0,5000,1,2,,POINT (-91.189705050406 42.455333456277)
2014800437,14-021227,05/26/2014,05-May,2-Monday,15:50,1500 Hours,District 4 (Southwest),COUNCIL BLUFFS,POTTAWATTAMIE,,AVE I,Non-collision events:  Overturn/rollover,On Roadway,Non-collision (single vehicle),Driving too fast for conditions,None Indicated,,Daylight,Dry,Cloudy,None apparent,Non-intersection:  Non-junction/no special feature,Paved,,Minor Injury,0,2,0,2,0,0,1500,1,2,,POINT (-95.891020002357 41.269955344033)
2014800754,W14-051967,05/26/2014,05-May,2-Monday,16:30,1600 Hours,District 2 (Northeast),WATERLOO,BLACK HAWK,,ADAMS ST,Collision with:  Vehicle in traffic,On Roadway,Broadside (front to side),Improper Backing,None Indicated,,Daylight,Dry,Cloudy,None apparent,Non-intersection:  Non-junction/no special feature,Paved,,Property Damage Only,0,0,0,0,0,0,2500,2,1,,POINT (-92.333692028832 42.510382337691)
2014800712,2014031225,05/26/2014,05-May,2-Monday,14:44,1400 Hours,District 5 (Southeast),,MARION,IA 14,IA 14/IOWA 14 & Co Rd G28/HWY G28,Collision with:  Vehicle in traffic,On Roadway,Rear-end (front to rear),Separation of units,None Indicated,,Daylight,Dry,Cloudy,None apparent,Intersection:  T-intersection,Paved,,Minor Injury,0,2,0,2,0,0,11000,2,3,,POINT (-93.101203841553 41.436495619049)
2014800814,201407378,05/26/2014,05-May,2-Monday,12:41,1200 Hours,District 6 (East Central),CEDAR RAPIDS,LINN,,WILEY BLVD SW & 31ST AVE SW,Collision with:  Vehicle in traffic,On Roadway,Broadside (front to side),Ran Traffic Signal,Drug,,Daylight,Dry,Cloudy,None apparent,Intersection:  Four-way intersection,Paved,,Property Damage Only,0,0,0,0,0,0,9500,2,2,,POINT (-91.721036557346 41.947309105943)
2014802674,14-000630,05/26/2014,05-May,2-Monday,04:05,0400 Hours,District 1 (Central),,STORY,US 30,US 30,Collision with:  Animal,,,Animal,None Indicated,,,,,,,Paved,,Property Damage Only,0,0,0,0,0,0,5000,1,1,,POINT (-93.544161794996 42.008867688095)
2014800859,S14-001835,05/26/2014,05-May,2-Monday,00:20,0000 Hours,District 4 (Southwest),,POTTAWATTAMIE,,Co Rd L20/OLD LINCOLN HWY,Collision with fixed object:  Ditch,Outside trafficway,Non-collision (single vehicle),Ran off road - right,Alcohol (Statutory),,Dark - roadway not lighted,Wet,Rain,None apparent,Non-intersection:  Non-junction/no special feature,Paved,,Property Damage Only,0,0,0,0,0,0,8000,1,2,,POINT (-95.834620215916 41.293478542855)
2014800715,2014031292,05/26/2014,05-May,2-Monday,22:30,2200 Hours,District 6 (East Central),,CEDAR,I-80,I-80,Collision with:  Animal,,,Animal,None Indicated,,,,,,,Paved,,Property Damage Only,0,0,0,0,0,0,4000,1,1,,POINT (-90.926363543801 41.634261784005)
2014800703,14-16469,05/27/2014,05-May,3-Tuesday,17:37,1700 Hours,District 3 (Northwest),SIOUX CITY,WOODBURY,,OUTER DR N,Collision with:  Vehicle in traffic,On Roadway,Rear-end (front to rear),Followed too close,None Indicated,,Daylight,Dry,Clear,None apparent,Non-intersection:  Non-junction/no special feature,Paved,,Property Damage Only,0,0,0,0,0,0,4200,2,2,,POINT (-96.367869782249 42.532368778921)
2014800832,14-0595,05/27/2014,05-May,3-Tuesday,08:47,0800 Hours,District 1 (Central),CLIVE,POLK,,WOODLANDS PKWY,Collision with:  Vehicle in traffic,On Roadway,"Sideswipe, same direction",FTYROW:  Making left turn,None Indicated,,Daylight,Dry,Cloudy,None apparent,Non-intersection:  Driveway access (within),Paved,,Property Damage Only,0,0,0,0,0,0,5000,2,2,,POINT (-93.800179524702 41.614200771331)
2014800816,201407410,05/27/2014,05-May,3-Tuesday,08:08,0800 Hours,District 6 (East Central),CEDAR RAPIDS,LINN,,6TH ST SW,Collision with:  Non-motorist (see non-motorist section - NOT a unit),On Roadway,Non-collision (single vehicle),Other (explain in narrative):  No improper action,None Indicated,,Daylight,Dry,Clear,None apparent,Non-intersection:  Non-junction/no special feature,Paved,,Major Injury,0,1,1,0,0,0,1500,1,1,,POINT (-91.676214438017 41.90544304124)
2014804915,SA1403951,05/27/2014,05-May,3-Tuesday,01:27,0100 Hours,District 5 (Southeast),,WASHINGTON,US 218,US 218 & 140TH ST,Collision with fixed object:  Ditch,On Roadway,Non-collision (single vehicle),Animal,None Indicated,,Dark - roadway not lighted,Dry,Clear,None apparent,Non-intersection:  Non-junction/no special feature,Paved,,Possible/Unknown,0,1,0,0,1,0,22500,1,1,,POINT (-91.550135371404 41.453425303206)
2014802906,80-2014,05/27/2014,05-May,3-Tuesday,17:00,1700 Hours,District 4 (Southwest),,HARRISON,,Co Rd F20/EASTON TRL,Collision with fixed object:  Ditch,On Roadway,Non-collision (single vehicle),Ran off road - right,None Indicated,,Daylight,Dry,Clear,None apparent,Non-intersection:  Non-junction/no special feature,Paved,,Possible/Unknown,0,1,0,0,0,1,2050,1,1,,POINT (-95.972462363689 41.845031377573)
2014801237,14021982,05/27/2014,05-May,3-Tuesday,15:00,1500 Hours,District 5 (Southeast),MUSCATINE,MUSCATINE,,GRANDVIEW AVE,Collision with:  Vehicle in traffic,On Roadway,Rear-end (front to rear),Followed too close,None Indicated,,Daylight,Dry,Cloudy,None apparent,Non-intersection:  Non-junction/no special feature,Paved,,Possible/Unknown,0,1,0,0,1,0,3500,3,5,,POINT (-91.057787991539 41.414244036566)
2014800627,2014005848,05/27/2014,05-May,3-Tuesday,17:45,1700 Hours,District 6 (East Central),IOWA CITY,JOHNSON,,FRIENDSHIP ST,Collision with:  Vehicle in traffic,On Roadway,"Sideswipe, same direction",Other (explain in narrative):  Other,None Indicated,,Daylight,Dry,Clear,None apparent,Non-intersection:  Non-junction/no special feature,Paved,,Property Damage Only,0,0,0,0,0,0,2000,2,2,,POINT (-91.494048821956 41.654695370925)
2014800690,14-021474,05/27/2014,05-May,3-Tuesday,14:30,1400 Hours,District 4 (Southwest),COUNCIL BLUFFS,POTTAWATTAMIE,,COMANCHE ST & PIUTE ST & NORTHSHORE DR,Collision with:  Vehicle in traffic,On Roadway,Rear-end (front to rear),Other (explain in narrative):  Other,None Indicated,,Daylight,Wet,Clear,None apparent,Non-intersection:  Non-junction/no special feature,Paved,,Minor Injury,0,1,0,1,0,0,6000,2,2,,POINT (-95.850850469752 41.214523871117)
2014800696,14-1578,05/27/2014,05-May,3-Tuesday,18:39,1800 Hours,District 1 (Central),FORT DODGE,WEBSTER,,1ST AVE S & S 29TH ST,Collision with fixed object:  Utility pole/light support,On Roadway,Non-collision (single vehicle),Made improper turn,None Indicated,,Daylight,Dry,Clear,None apparent,Intersection:  Four-way intersection,Paved,,Property Damage Only,0,0,0,0,0,0,15000,1,1,,POINT (-94.15829231345 42.505258884515)
2014810270,14-2907,05/27/2014,05-May,3-Tuesday,12:08,1200 Hours,District 2 (Northeast),,HANCOCK,US 18,US 18,Collision with:  Animal,Roadside,Non-collision (single vehicle),Animal,None Indicated,,Daylight,Dry,Clear,None apparent,Non-intersection:  Non-junction/no special feature,Paved,,Major Injury,0,1,1,0,0,0,5000,1,1,,POINT (-93.943671636449 43.09720092141)
2014800331,141413,05/27/2014,05-May,3-Tuesday,01:32,0100 Hours,District 3 (Northwest),,CRAWFORD,IA 141,IA 141/IOWA 141,Non-collision events:  Other non-collision (explain in narrative),On Roadway,Non-collision (single vehicle),Driving too fast for conditions,None Indicated,,Dark - roadway not lighted,Water (standing or moving),Rain,None apparent,Non-intersection:  Non-junction/no special feature,Paved,,Possible/Unknown,0,2,0,0,2,0,2000,1,2,,POINT (-95.658867194247 42.054587831866)
2014801489,,05/27/2014,05-May,3-Tuesday,14:30,1400 Hours,District 6 (East Central),CEDAR RAPIDS,LINN,IA 100,IA 100/COLLINS RD NE,Collision with:  Vehicle in traffic,On Roadway,Rear-end (front to rear),Unknown,None Indicated,,Daylight,Dry,Clear,,Intersection:  Four-way intersection,Paved,,Possible/Unknown,0,1,0,0,1,0,5000,2,2,,POINT (-91.628343859653 42.027792047472)
2014801469,,05/27/2014,05-May,3-Tuesday,20:22,2000 Hours,District 4 (Southwest),,MONTGOMERY,,Co Rd M59/L AVE,Collision with fixed object:  Ditch,On Roadway,Non-collision (single vehicle),Driving too fast for conditions,None Indicated,,Daylight,"Mud, dirt",Rain,None apparent,Non-intersection:  Non-junction/no special feature,Unpaved,,Minor Injury,0,2,0,2,0,0,10000,1,3,,POINT (-95.156229770165 40.95559055467)
2014800675,14-1146,05/27/2014,05-May,3-Tuesday,11:54,1100 Hours,District 1 (Central),URBANDALE,POLK,,100TH ST,Collision with:  Vehicle in traffic,On Roadway,"Sideswipe, same direction",Unknown,None Indicated,,Daylight,Dry,Cloudy,None apparent,Non-intersection:  Non-junction/no special feature,Paved,,Property Damage Only,0,0,0,0,0,0,2100,2,4,,POINT (-93.755830691539 41.62344504121)
2014800826,2014005130,05/27/2014,05-May,3-Tuesday,23:52,2300 Hours,District 1 (Central),MARSHALLTOWN,MARSHALL,,E LINN ST,Collision with:  Parked motor vehicle,On Roadway,Unknown,Illegally Parked/Unattended,None Indicated,,Dark - roadway lighted,Dry,Clear,None apparent,Non-intersection:  Non-junction/no special feature,Paved,,Property Damage Only,0,0,0,0,0,0,2000,2,1,,POINT (-92.904008139875 42.046720263387)
2014800495,14-16408,05/27/2014,05-May,3-Tuesday,07:20,0700 Hours,District 3 (Northwest),SIOUX CITY,WOODBURY,,W 19TH ST & MYRTLE ST,Collision with:  Vehicle in traffic,On Roadway,Broadside (front to side),FTYROW:  From stop sign,None Indicated,,Daylight,Dry,Clear,None apparent,Intersection:  Four-way intersection,Paved,,Possible/Unknown,0,1,0,0,1,0,6000,2,2,,POINT (-96.422629961815 42.510493486055)
2014800818,201407435,05/27/2014,05-May,3-Tuesday,15:32,1500 Hours,District 6 (East Central),CEDAR RAPIDS,LINN,,EDGEWOOD RD SW & 20TH AVE SW,Collision with:  Vehicle in traffic,Shoulder,"Angle, oncoming left turn",FTYROW:  Making left turn,None Indicated,,Daylight,Dry,Cloudy,None apparent,Intersection:  Four-way intersection,Paved,,Property Damage Only,0,0,0,0,0,0,19000,2,2,,POINT (-91.716110409947 41.960124402028)
2014800550,14-007698,05/27/2014,05-May,3-Tuesday,07:52,0700 Hours,District 6 (East Central),TIPTON,CEDAR,,6TH ST,Collision with:  Vehicle in traffic,On Roadway,Broadside (front to side),FTYROW:  From parked position,None Indicated,,Daylight,Dry,Clear,None apparent,Non-intersection:  Non-junction/no special feature,Paved,,Property Damage Only,0,0,0,0,0,0,14000,2,2,,POINT (-91.130288879254 41.771049174365)