Iowa DOT Case Number,Law Enforcement Case Number,Date of Crash,Month of Crash,Day of Week,Time of Crash,Hour,DOT District,City Name,County Name,Route with System,Location Description,First Harmful Event,Location of First Harmful Event,Manner of Crash/Collision,Major Cause,Drug or Alcohol ,Environmental Conditions,Light Conditions,Surface Conditions,Weather Conditions,Roadway Contribution,Roadway Type,Roadway Surface,Work Zone,Crash Severity,Number of Fatalities,Number of Injuries,Number of Major Injuries,Number of Minor Injuries,Number of Possible Injuries,Number of Unknown Injuries,Amount of Property Damage,Number of Vehicles Involved,Total Number of Occupants,Travel Direction,Location
2014800645,14-022032,05/27/2014,05-May,3-Tuesday,22:15,2200 Hours,District 5 (Southeast),MUSCATINE,MUSCATINE,US 61,US 61/GRANDVIEW AVE,Collision with:  Animal,On Roadway,Non-collision (single vehicle),Animal,None Indicated,,Dark - unknown roadway lighting,Dry,Clear,None apparent,Non-intersection:  Non-junction/no special feature,Paved,,Property Damage Only,0,0,0,0,0,0,2000,1,7,,POINT (-91.133859955013 41.368675995942)
2014803056,14-049,05/27/2014,05-May,3-Tuesday,13:34,1300 Hours,District 3 (Northwest),SIOUX CENTER,SIOUX,,4TH ST SW,Collision with:  Vehicle in traffic,On Roadway,Unknown,Improper Backing,None Indicated,,Daylight,Dry,Cloudy,Non-highway work,Non-intersection:  Non-junction/no special feature,Paved,,Possible/Unknown,0,1,0,0,1,0,6000,2,3,,POINT (-96.176141055003 43.074290491228)
2014804901,SA-1403971,05/27/2014,05-May,3-Tuesday,13:25,1300 Hours,District 5 (Southeast),,WASHINGTON,IA 92,IA 92,Collision with:  Vehicle in traffic,On Roadway,Rear-end (front to rear),Followed too close,None Indicated,,Daylight,Dry,Cloudy,Work Zone (roadway-related),Non-intersection:  Other non-intersection (explain in narrative),Paved,Yes,Property Damage Only,0,0,0,0,0,0,7500,2,2,,POINT (-91.627321273229 41.294753674651)
2014801398,2014-34744,05/27/2014,05-May,3-Tuesday,22:21,2200 Hours,District 6 (East Central),DAVENPORT,SCOTT,,E 46TH ST & EASTERN AVE,Collision with:  Vehicle in traffic,On Roadway,Rear-end (front to rear),Followed too close,None Indicated,,Dark - roadway lighted,Dry,Clear,None apparent,Non-intersection:  Non-junction/no special feature,Paved,,Property Damage Only,0,0,0,0,0,0,2000,2,2,,POINT (-90.551343225571 41.567457717578)
2014800717,2014031386,05/27/2014,05-May,3-Tuesday,11:50,1100 Hours,District 6 (East Central),CORALVILLE,JOHNSON,I-80,I-80 & I-380 & US 218,Collision with:  Vehicle in traffic,On Roadway,Rear-end (front to rear),FTYROW:  Other (explain in narrative),None Indicated,,Daylight,Dry,Cloudy,Other (explain in narrative),Non-intersection:  Other non-intersection (explain in narrative),Paved,,Property Damage Only,0,0,0,0,0,0,4000,2,2,,POINT (-91.63824064037 41.694350358916)
2014800687,14-021403,05/27/2014,05-May,3-Tuesday,15:45,1500 Hours,District 4 (Southwest),COUNCIL BLUFFS,POTTAWATTAMIE,,AVE D,Collision with:  Parked motor vehicle,On Roadway,Rear-end (front to rear),Other (explain in narrative):  Other,None Indicated,,Daylight,Dry,Cloudy,None apparent,Non-intersection:  Non-junction/no special feature,Paved,,Property Damage Only,0,0,0,0,0,0,2000,2,2,,POINT (-95.89778137269 41.26548020445)
2014802083,201401739,05/27/2014,05-May,3-Tuesday,14:49,1400 Hours,District 6 (East Central),,LINN,US 30,US 30,Collision with:  Vehicle in traffic,On Roadway,Rear-end (front to rear),Driving too fast for conditions,None Indicated,,Daylight,Dry,Cloudy,None apparent,Non-intersection:  Non-junction/no special feature,Paved,,Property Damage Only,0,0,0,0,0,0,5500,2,2,,POINT (-91.449220288768 41.917182811102)
2014800617,01-14-22632,05/27/2014,05-May,3-Tuesday,17:28,1700 Hours,District 6 (East Central),DUBUQUE,DUBUQUE,,LORAS BLVD & ALTA VISTA ST,Collision with:  Vehicle in traffic,On Roadway,Broadside (front to side),FTYROW:  From stop sign,None Indicated,,Daylight,Dry,Cloudy,None apparent,Intersection:  Four-way intersection,Paved,,Property Damage Only,0,0,0,0,0,0,3000,2,2,,POINT (-90.681188150049 42.502444276083)
2014800626,2014005844,05/27/2014,05-May,3-Tuesday,16:23,1600 Hours,District 6 (East Central),IOWA CITY,JOHNSON,,ROCHESTER AVE,Collision with:  Vehicle in traffic,On Roadway,Rear-end (front to rear),Followed too close,None Indicated,,Daylight,Dry,Clear,None apparent,Non-intersection:  Non-junction/no special feature,Paved,,Property Damage Only,0,0,0,0,0,0,5000,2,3,,POINT (-91.482846846824 41.668895902519)
2014801897,201407422,05/27/2014,05-May,3-Tuesday,11:50,1100 Hours,District 6 (East Central),CEDAR RAPIDS,LINN,,42ND ST NE & EDGEWOOD RD NE,Collision with:  Vehicle in traffic,On Roadway,"Angle, oncoming left turn",FTYROW:  Making left turn,None Indicated,,Daylight,Dry,Cloudy,None apparent,Intersection:  Four-way intersection,Paved,,Minor Injury,0,1,0,1,0,0,17000,2,2,,POINT (-91.70228498846 42.021771099603)
2014800402,20140014625,05/27/2014,05-May,3-Tuesday,07:16,0700 Hours,District 5 (Southeast),DES MOINES,WARREN,,CO LINE RD,Collision with:  Non-motorist (see non-motorist section - NOT a unit),On Roadway,Non-collision (single vehicle),Other (explain in narrative):  No improper action,None Indicated,,Daylight,Dry,Cloudy,None apparent,Non-intersection:  Non-junction/no special feature,Paved,,Minor Injury,0,1,0,1,0,0,500,1,1,,POINT (-93.624667904987 41.512019900617)
2014800676,14-1147,05/27/2014,05-May,3-Tuesday,13:16,1300 Hours,District 1 (Central),URBANDALE,POLK,,100TH ST,Non-collision events:  Other non-collision (explain in narrative),On Roadway,Non-collision (single vehicle),Other (explain in narrative):  Other,None Indicated,,Daylight,Wet,Cloudy,None apparent,Non-intersection:  Non-junction/no special feature,Paved,,Minor Injury,0,1,0,1,0,0,1500,1,1,,POINT (-93.755898228027 41.629227194695)
2014801020,2014-2855,05/27/2014,05-May,3-Tuesday,20:42,2000 Hours,District 1 (Central),,HARDIN,US 65,US 65,Collision with:  Animal,,,Animal,None Indicated,,,,,,,Paved,,Property Damage Only,0,0,0,0,0,0,3000,1,1,,POINT (-93.309711966632 42.346497006755)
2014800804,2014005846,05/27/2014,05-May,3-Tuesday,16:49,1600 Hours,District 6 (East Central),IOWA CITY,JOHNSON,,RADCLIFFE AVE,Collision with fixed object:  Tree,Outside trafficway,Non-collision (single vehicle),Illegally Parked/Unattended,None Indicated,,Daylight,Dry,Cloudy,None apparent,Non-intersection:  Non-junction/no special feature,Paved,,Property Damage Only,0,0,0,0,0,0,4010,1,2,,POINT (-91.489712940192 41.659340038072)
2014800659,0527148A,05/27/2014,05-May,3-Tuesday,05:40,0500 Hours,District 4 (Southwest),,PAGE,IA 2,IA 2/IOWA 2,Collision with:  Animal,On Roadway,Non-collision (single vehicle),Animal,None Indicated,,Dawn,Dry,Clear,None apparent,Non-intersection:  Non-junction/no special feature,Paved,,Minor Injury,0,1,0,1,0,0,3500,1,1,,POINT (-94.933605831011 40.727411391513)
2014800671,20140014698,05/27/2014,05-May,3-Tuesday,16:30,1600 Hours,District 1 (Central),DES MOINES,POLK,,MLK JR PKWY,Collision with:  Vehicle in traffic,On Roadway,Rear-end (front to rear),Followed too close,None Indicated,,Daylight,Dry,Cloudy,None apparent,Non-intersection:  Non-junction/no special feature,Paved,,Property Damage Only,0,0,0,0,0,0,4500,3,3,,POINT (-93.644770008438 41.585003265253)
2014800623,2014005837,05/27/2014,05-May,3-Tuesday,12:01,1200 Hours,District 6 (East Central),IOWA CITY,JOHNSON,IA 1,IA 1/IOWA 1,Collision with:  Vehicle in traffic,On Roadway,Rear-end (front to rear),Followed too close,None Indicated,,Daylight,Dry,Clear,None apparent,Non-intersection:  Non-junction/no special feature,Paved,,Property Damage Only,0,0,0,0,0,0,4300,2,3,,POINT (-91.569880290347 41.632291187475)
2014802102,1400000447,05/27/2014,05-May,3-Tuesday,10:27,1000 Hours,District 1 (Central),,MARSHALL,IA 330,IA 330/MARSHALLTOWN BLVD,Collision with:  Vehicle in traffic,On Roadway,Rear-end (front to rear),Ran off road - right,None Indicated,,Daylight,Dry,Clear,None apparent,Non-intersection:  Non-junction/no special feature,Paved,,Property Damage Only,0,0,0,0,0,0,16000,2,3,,POINT (-93.074491564249 41.971152400105)
2014800942,14-3218,05/27/2014,05-May,3-Tuesday,15:21,1500 Hours,District 2 (Northeast),,KOSSUTH,,Co Rd B55/160 ST,Collision with:  Vehicle in traffic,On Roadway,"Sideswipe, same direction",Ran Stop Sign,None Indicated,,Daylight,Dry,Clear,None apparent,Intersection:  Four-way intersection,Paved,,Minor Injury,0,2,0,2,0,0,18000,2,2,,POINT (-93.992953779863 42.994145741289)
2014800400,20140014655,05/27/2014,05-May,3-Tuesday,11:30,1100 Hours,District 1 (Central),DES MOINES,POLK,,PARK ST,Collision with:  Vehicle in traffic,On Roadway,Rear-end (front to rear),Driver Distraction:  Manual operation of an electronic communication device,None Indicated,,Daylight,Dry,Cloudy,None apparent,Non-intersection:  Non-junction/no special feature,Paved,,Minor Injury,0,1,0,1,0,0,4500,3,3,,POINT (-93.626263949276 41.590518917327)
2014800667,20140014672,05/27/2014,05-May,3-Tuesday,13:15,1300 Hours,District 1 (Central),DES MOINES,POLK,US 6,US 6/E EUCLID AVE,Collision with:  Vehicle in traffic,On Roadway,Rear-end (front to rear),Other (explain in narrative):  Other,None Indicated,,Daylight,Dry,Clear,None apparent,Non-intersection:  Non-junction/no special feature,Paved,,Property Damage Only,0,0,0,0,0,0,4800,2,2,,POINT (-93.57836449533 41.627771546117)
2014800681,14-2440,05/27/2014,05-May,3-Tuesday,12:57,1200 Hours,District 1 (Central),WEST DES MOINES,POLK,,35TH ST/VALLEY WEST DR,Collision with:  Vehicle in traffic,On Roadway,Rear-end (front to rear),Followed too close,None Indicated,,Daylight,Dry,Cloudy,None apparent,Non-intersection:  Non-junction/no special feature,Paved,,Property Damage Only,0,0,0,0,0,0,7500,3,3,,POINT (-93.751848243413 41.593720407798)
2014800572,14-3074,05/27/2014,05-May,3-Tuesday,14:28,1400 Hours,District 3 (Northwest),CHEROKEE,CHEROKEE,,MENTAL HEALTH INSTITUTE,Collision with:  Vehicle in traffic,On Roadway,Rear-end (front to rear),FTYROW:  From parked position,None Indicated,,Daylight,Dry,Clear,None apparent,Non-intersection:  Non-junction/no special feature,Paved,,Property Damage Only,0,0,0,0,0,0,5000,2,2,,POINT (-95.571825865245 42.757032548967)
2014800901,2014-34596,05/27/2014,05-May,3-Tuesday,10:36,1000 Hours,District 6 (East Central),DAVENPORT,SCOTT,,E 53RD ST,Collision with:  Vehicle in traffic,On Roadway,Rear-end (front to rear),Driving too fast for conditions,None Indicated,,Daylight,Dry,Cloudy,None apparent,Non-intersection:  Railroad grade crossing,Paved,,Possible/Unknown,0,1,0,0,1,0,4500,2,4,,POINT (-90.558410962311 41.574669082183)
2014800825,2014005113,05/27/2014,05-May,3-Tuesday,18:02,1800 Hours,District 1 (Central),MARSHALLTOWN,MARSHALL,IA 14,IA 14/S CENTER ST,Collision with:  Vehicle in traffic,On Roadway,"Sideswipe, opposite direction",Crossed centerline (undivided),None Indicated,,Daylight,Wet,Rain,"Surface condition (e.g., wet, icy)",Intersection:  Intersection with ramp,Paved,,Minor Injury,0,1,0,1,0,0,3500,2,3,,POINT (-92.912391979226 42.004296751563)
2014800861,S14-001846,05/27/2014,05-May,3-Tuesday,08:25,0800 Hours,District 4 (Southwest),TREYNOR,POTTAWATTAMIE,IA 92,IA 92/W MAIN ST & TERRACE DR,Collision with:  Vehicle in traffic,On Roadway,Rear-end (front to rear),Swerving/Evasive Action,None Indicated,,Daylight,Dry,Clear,None apparent,Intersection:  Four-way intersection,Paved,,Property Damage Only,0,0,0,0,0,0,6000,2,4,,POINT (-95.61428168537 41.23243569893)
2014800636,14010854,05/27/2014,05-May,3-Tuesday,14:18,1400 Hours,District 6 (East Central),MARION,LINN,,15TH ST & 7TH AVE,Collision with:  Non-motorist (see non-motorist section - NOT a unit),On Roadway,Non-collision (single vehicle),Other (explain in narrative):  No improper action,None Indicated,,Daylight,Dry,Cloudy,None apparent,Intersection:  Four-way intersection,Paved,,Minor Injury,0,1,0,1,0,0,0,1,1,,POINT (-91.593916331574 42.033301565408)
2014802777,14-002271,05/27/2014,05-May,3-Tuesday,02:00,0200 Hours,District 3 (Northwest),,LYON,,Co Rd K42/GARFIELD AVE,Non-collision events:  Overturn/rollover,On Roadway,Non-collision (single vehicle),Swerving/Evasive Action,None Indicated,,Dark - roadway not lighted,"Mud, dirt",Cloudy,None apparent,Non-intersection:  Non-junction/no special feature,Unpaved,,Possible/Unknown,0,1,0,0,1,0,6000,1,1,,POINT (-96.233954304701 43.347773182084)
2014800624,2014005840,05/27/2014,05-May,3-Tuesday,14:30,1400 Hours,District 6 (East Central),IOWA CITY,JOHNSON,,MORMON TREK BLVD & CAMERON WAY,Collision with:  Vehicle in traffic,On Roadway,Rear-end (front to rear),Other (explain in narrative):  Other,None Indicated,,Daylight,Dry,Clear,None apparent,Intersection:  Four-way intersection,Paved,,Minor Injury,0,1,0,1,0,0,5000,2,2,,POINT (-91.574027859288 41.651635500322)
2014801638,1-14-000193,05/27/2014,05-May,3-Tuesday,11:15,1100 Hours,District 4 (Southwest),,SHELBY,,Co Rd M47/ROAD M47,Collision with:  Animal,,,Animal,None Indicated,,,,,,,Paved,,Property Damage Only,0,0,0,0,0,0,3000,1,1,,POINT (-95.20917950615 41.713036400261)
2014801117,,05/27/2014,05-May,3-Tuesday,07:26,0700 Hours,District 2 (Northeast),DUMONT,BUTLER,IA 3,IA 3/SOUTH ST,Collision with:  Vehicle in traffic,On Roadway,Head-on (front to front),Crossed centerline (undivided),None Indicated,,Daylight,Other (explain in narrative),Clear,None apparent,Non-intersection:  Other non-intersection (explain in narrative),Paved,,Major Injury,0,1,1,0,0,0,8000,2,3,,POINT (-92.99055526773 42.745025612716)
2014800438,14-021308,05/27/2014,05-May,3-Tuesday,00:20,0000 Hours,District 4 (Southwest),COUNCIL BLUFFS,POTTAWATTAMIE,,AVE C,Collision with:  Parked motor vehicle,Roadside,Head-on (front to front),Unknown,None Indicated,,Dark - roadway lighted,Dry,Clear,None apparent,Non-intersection:  Non-junction/no special feature,Paved,,Property Damage Only,0,0,0,0,0,0,1600,2,1,,POINT (-95.871061357948 41.264520039197)
2014800639,14-012517,05/27/2014,05-May,3-Tuesday,12:30,1200 Hours,District 5 (Southeast),,MARION,,Co Rd T23/STORY ST,Collision with:  Vehicle in traffic,On Roadway,Broadside (front to side),FTYROW:  From driveway,None Indicated,,Daylight,Dry,Cloudy,None apparent,Non-intersection:  Driveway access (within),Unpaved,,Possible/Unknown,0,2,0,0,2,0,4000,2,3,,POINT (-92.87777745146 41.219037804931)
2014800609,01-14-22612,05/27/2014,05-May,3-Tuesday,15:58,1500 Hours,District 6 (East Central),DUBUQUE,DUBUQUE,IA 32,IA 32/IA32 NW ARTERIAL,Collision with:  Vehicle in traffic,On Roadway,Rear-end (front to rear),Lost Control,None Indicated,,Daylight,Dry,Clear,None apparent,Non-intersection:  Non-junction/no special feature,Paved,,Minor Injury,0,4,0,2,2,0,9000,3,5,,POINT (-90.73945398691 42.489398647263)
2014800608,01-14-22606,05/27/2014,05-May,3-Tuesday,15:22,1500 Hours,District 6 (East Central),DUBUQUE,DUBUQUE,,ROCKDALE RD,Collision with:  Vehicle in traffic,On Roadway,Rear-end (front to rear),Lost Control,None Indicated,,Daylight,Dry,Clear,None apparent,Non-intersection:  Non-junction/no special feature,Paved,,Property Damage Only,0,0,0,0,0,0,1800,2,3,,POINT (-90.679321238796 42.453877159401)
2014800364,C14001625,05/27/2014,05-May,3-Tuesday,08:26,0800 Hours,District 6 (East Central),CORALVILLE,JOHNSON,,6TH ST,Collision with:  Vehicle in traffic,On Roadway,Rear-end (front to rear),FTYROW:  From driveway,None Indicated,,Daylight,Dry,Cloudy,None apparent,Non-intersection:  Driveway access (within),Paved,,Property Damage Only,0,0,0,0,0,0,1800,2,2,,POINT (-91.572990600097 41.675770035579)
2014802144,14-0002542,05/27/2014,05-May,3-Tuesday,12:15,1200 Hours,District 1 (Central),AMES,STORY,US 69,US 69/LINCOLN WAY/GRAND AVE,Collision with:  Vehicle in traffic,On Roadway,Broadside (front to side),FTYROW:  Making right turn on red signal,None Indicated,,Daylight,Dry,Clear,None apparent,Intersection:  Four-way intersection,Paved,,Property Damage Only,0,0,0,0,0,0,7998,2,2,,POINT (-93.620222147362 42.022910470838)
2014800662,05-14-206,05/27/2014,05-May,3-Tuesday,14:50,1400 Hours,District 3 (Northwest),LE MARS,PLYMOUTH,IA 3,IA 3/5TH AVE NE/LINCOLN ST NE & 1ST ST NE,Collision with:  Vehicle in traffic,On Roadway,Broadside (front to side),FTYROW:  From stop sign,None Indicated,,Daylight,Dry,Cloudy,None apparent,Intersection:  Four-way intersection,Paved,,Possible/Unknown,0,1,0,0,1,0,2000,2,3,,POINT (-96.15914033463 42.794271977429)
2014800756,W14-052237,05/27/2014,05-May,3-Tuesday,11:48,1100 Hours,District 2 (Northeast),WATERLOO,BLACK HAWK,US 63,US 63/W 1ST ST,Collision with:  Vehicle in traffic,On Roadway,"Sideswipe, same direction",Made improper turn,None Indicated,,Daylight,Dry,Cloudy,None apparent,Non-intersection:  Non-junction/no special feature,Paved,,Property Damage Only,0,0,0,0,0,0,4000,2,3,,POINT (-92.34353166585 42.498335302157)
2014801106,2014031498,05/27/2014,05-May,3-Tuesday,21:47,2100 Hours,District 2 (Northeast),,CERRO GORDO,I-35,I-35,Collision with:  Animal,,,Animal,None Indicated,,,,,,,Paved,,Property Damage Only,0,0,0,0,0,0,2000,1,1,,POINT (-93.340778181388 43.013938665697)
2014802840,,05/27/2014,05-May,3-Tuesday,10:30,1000 Hours,District 6 (East Central),MAQUOKETA,JACKSON,,W SUMMIT ST & E SUMMIT ST & S MAIN ST,Collision with:  Vehicle in traffic,On Roadway,Broadside (front to side),FTYROW:  From stop sign,None Indicated,,Daylight,,Clear,,Intersection:  Four-way intersection,Paved,,Property Damage Only,0,0,0,0,0,0,4000,2,2,,POINT (-90.665473300767 42.061909066399)
2014801121,14V05166,05/27/2014,05-May,3-Tuesday,13:52,1300 Hours,District 6 (East Central),VINTON,BENTON,,W 13TH ST,Collision with:  Vehicle in traffic,On Roadway,"Angle, oncoming left turn",FTYROW:  From stop sign,None Indicated,,Daylight,Dry,Clear,None apparent,Intersection:  T-intersection,Paved,,Property Damage Only,0,0,0,0,0,0,6000,2,2,,POINT (-92.02785562505 42.159266813201)
2014800700,14-16434,05/27/2014,05-May,3-Tuesday,13:38,1300 Hours,District 3 (Northwest),SIOUX CITY,WOODBURY,IA 12,IA 12/GORDON DR,Collision with:  Vehicle in traffic,On Roadway,Rear-end (front to rear),Followed too close,None Indicated,,Daylight,Dry,Clear,None apparent,Non-intersection:  Non-junction/no special feature,Paved,,Possible/Unknown,0,1,0,0,1,0,3500,2,2,,POINT (-96.384626504538 42.4898596168)
2014800560,W14-052217,05/27/2014,05-May,3-Tuesday,10:48,1000 Hours,District 2 (Northeast),WATERLOO,BLACK HAWK,,E DONALD ST & E 4TH ST,Collision with:  Vehicle in traffic,On Roadway,Broadside (front to side),FTYROW:  From stop sign,None Indicated,,Daylight,Dry,Clear,None apparent,Intersection:  Four-way intersection,Paved,,Property Damage Only,0,0,0,0,0,0,4500,2,6,,POINT (-92.332680780988 42.527631558608)
2014809929,143634PD,05/27/2014,05-May,3-Tuesday,08:26,0800 Hours,District 1 (Central),BOONE,BOONE,,UNION ST & S STORY ST,Collision with:  Vehicle in traffic,On Roadway,"Sideswipe, same direction",FTYROW:  Other (explain in narrative),None Indicated,,Daylight,Dry,Cloudy,None apparent,Intersection:  Four-way intersection,Paved,,Property Damage Only,0,0,0,0,0,0,12000,2,3,,POINT (-93.879958647403 42.055518823118)
2014804025,E14271307,05/27/2014,05-May,3-Tuesday,13:00,1300 Hours,District 2 (Northeast),,FRANKLIN,US 65,US 65,Collision with:  Vehicle in traffic,On Roadway,Rear-end (front to rear),Driver Distraction:  Manual operation of an electronic communication device,None Indicated,,Daylight,Dry,Cloudy,None apparent,Intersection:  Other intersection (explain in narrative),Paved,,Property Damage Only,0,0,0,0,0,0,6500,2,2,,POINT (-93.202242383321 42.776753795975)
2014800702,14-16450,05/27/2014,05-May,3-Tuesday,14:51,1400 Hours,District 3 (Northwest),SIOUX CITY,WOODBURY,I-29,I-29,Collision with:  Vehicle in traffic,On Roadway,"Sideswipe, same direction",FTYROW:  Other (explain in narrative),None Indicated,,Daylight,Dry,Clear,None apparent,Non-intersection:  Non-junction/no special feature,Paved,,Property Damage Only,0,0,0,0,0,0,2300,2,3,,POINT (-96.37838850978 42.459203384557)
2014800689,14-021438,05/27/2014,05-May,3-Tuesday,20:00,2000 Hours,District 4 (Southwest),COUNCIL BLUFFS,POTTAWATTAMIE,,E MANAWA DR,Collision with:  Vehicle in traffic,On Roadway,Rear-end (front to rear),Followed too close,None Indicated,,Dusk,Wet,Rain,None apparent,Non-intersection:  Non-junction/no special feature,Paved,,Possible/Unknown,0,1,0,0,1,0,9000,2,3,,POINT (-95.837536461828 41.210863119843)
2014800902,2014-34708,05/27/2014,05-May,3-Tuesday,18:05,1800 Hours,District 6 (East Central),DAVENPORT,SCOTT,US 6,US 6/W KIMBERLY RD & MARQUETTE ST,Collision with:  Vehicle in traffic,On Roadway,"Sideswipe, same direction",FTYROW:  Making right turn on red signal,None Indicated,,Daylight,Dry,Cloudy,None apparent,Intersection:  Four-way intersection,Paved,,Property Damage Only,0,0,0,0,0,0,3000,2,2,,POINT (-90.591048099902 41.560101088658)
2014800616,02-14-8161,05/27/2014,05-May,3-Tuesday,00:52,0000 Hours,District 6 (East Central),,DUBUQUE,US 20,US 20,Collision with:  Animal,,,Animal,None Indicated,,,,,,,Paved,,Property Damage Only,0,0,0,0,0,0,6000,1,1,,POINT (-90.950519339932 42.440030053422)
2014802713,,05/27/2014,05-May,3-Tuesday,08:48,0800 Hours,District 2 (Northeast),,WORTH,US 65,US 65/ORCHID & Co Rd A27/450TH ST,Non-collision events:  Overturn/rollover,On Roadway,Non-collision (single vehicle),Swerving/Evasive Action,None Indicated,,Daylight,"Mud, dirt",Clear,None apparent,Non-intersection:  Non-junction/no special feature,Paved,,Property Damage Only,0,0,0,0,0,0,3700,1,1,,POINT (-93.216743039751 43.415033064518)
2014800817,201407416,05/27/2014,05-May,3-Tuesday,10:14,1000 Hours,District 6 (East Central),CEDAR RAPIDS,LINN,,8TH ST SE,Collision with:  Vehicle in traffic,On Roadway,"Sideswipe, same direction",Unknown,None Indicated,,Daylight,Dry,Clear,None apparent,Non-intersection:  Driveway access (within),Paved,,Property Damage Only,0,0,0,0,0,0,3800,2,2,,POINT (-91.656351350347 41.976967024908)
2014800606,01-14-22566,05/27/2014,05-May,3-Tuesday,11:38,1100 Hours,District 6 (East Central),DUBUQUE,DUBUQUE,,ASBURY RD & HOLLIDAY DR,Collision with:  Vehicle in traffic,On Roadway,Broadside (front to side),Ran Traffic Signal,None Indicated,,Daylight,Dry,Cloudy,None apparent,Intersection:  Four-way intersection,Paved,,Possible/Unknown,0,2,0,0,2,0,6000,2,2,,POINT (-90.742720463382 42.515281129336)
2014800557,,05/27/2014,05-May,3-Tuesday,23:24,2300 Hours,District 4 (Southwest),,DALLAS,,Co Rd P46/EL PASO AVE & 250TH ST,Collision with:  Animal,On Roadway,Non-collision (single vehicle),Animal,None Indicated,,,,,,,Paved,,Property Damage Only,0,0,0,0,0,0,2507,1,1,,POINT (-94.193116707273 41.673131401064)
2014801105,2014031488,05/27/2014,05-May,3-Tuesday,20:55,2000 Hours,District 2 (Northeast),,WORTH,I-35,I-35,Collision with:  Animal,,,Animal,None Indicated,,,,,,,Paved,,Property Damage Only,0,0,0,0,0,0,3000,1,1,,POINT (-93.349961452823 43.277690001121)
2014800777,143653,05/27/2014,05-May,3-Tuesday,13:30,1300 Hours,District 4 (Southwest),,DALLAS,US 169,US 169/N AVE,Collision with fixed object:  Other fixed object (explain in narrative),On Roadway,Non-collision (single vehicle),Swerving/Evasive Action,None Indicated,,Daylight,Dry,Clear,None apparent,Non-intersection:  Non-junction/no special feature,Paved,,Fatal,1,0,0,0,0,0,25000,1,1,,POINT (-94.023147006952 41.680255602054)
2014800718,2014031400,05/27/2014,05-May,3-Tuesday,13:00,1300 Hours,District 4 (Southwest),,MILLS,I-29,I-29,Collision with:  Animal,,,Animal,None Indicated,,,,,,,Paved,,Property Damage Only,0,0,0,0,0,0,2500,1,1,,POINT (-95.813631364967 41.023212816268)
2014808081,2014031311,05/27/2014,05-May,3-Tuesday,05:00,0500 Hours,District 2 (Northeast),,FRANKLIN,I-35,I-35,Collision with:  Animal,,Non-collision (single vehicle),Animal,None Indicated,,,,,,,Paved,,Property Damage Only,0,0,0,0,0,0,5000,1,1,,POINT (-93.350404988853 42.872348355103)
2014800935,2014031305,05/27/2014,05-May,3-Tuesday,23:24,2300 Hours,District 4 (Southwest),,DALLAS,,Co Rd P46/EL PASO AVE & 250TH ST,Collision with:  Animal,,,Animal,None Indicated,,,,,,,Paved,,Property Damage Only,0,0,0,0,0,0,2507,1,1,,POINT (-94.193116707273 41.673131401064)
2014806073,,05/27/2014,05-May,3-Tuesday,05:30,0500 Hours,District 2 (Northeast),CLEAR LAKE,CERRO GORDO,US 18,US 18 & 7TH AVE N & N 24TH ST,Collision with:  Vehicle in traffic,On Roadway,"Sideswipe, same direction",FTYROW:  Making right turn on red signal,None Indicated,,Daylight,Dry,Clear,None apparent,Intersection:  Four-way intersection,Paved,,Property Damage Only,0,0,0,0,0,0,4000,2,2,,POINT (-93.35941486197 43.145723165894)
2014800340,14-17716,05/27/2014,05-May,3-Tuesday,11:49,1100 Hours,District 5 (Southeast),BURLINGTON,DES MOINES,US 61,US 61 & MARKET ST,Collision with:  Vehicle in traffic,On Roadway,Rear-end (front to rear),Other (explain in narrative):  Other,None Indicated,,Daylight,Dry,Cloudy,None apparent,Non-intersection:  Non-junction/no special feature,Paved,,Property Damage Only,0,0,0,0,0,0,2500,2,3,,POINT (-91.141425751209 40.810850362457)
2014800444,2014-5491,05/27/2014,05-May,3-Tuesday,09:45,0900 Hours,District 3 (Northwest),,SAC,US 71,US 71/330TH ST,Collision with:  Vehicle in traffic,On Roadway,Rear-end (front to rear),Driver Distraction:  Inattentive/lost in thought,None Indicated,,Daylight,Dry,Cloudy,Work Zone (roadway-related),Non-intersection:  Other non-intersection (explain in narrative),Paved,Yes,Possible/Unknown,0,1,0,0,0,1,10000,3,3,,POINT (-95.12891629603 42.311550100098)
2014802060,14076926,05/27/2014,05-May,3-Tuesday,08:01,0800 Hours,District 6 (East Central),HILLS,JOHNSON,,Co Rd F62/OBSERVATORY AVE & Co Rd W64/OAK CREST HILL RD SE & MAIN ST,Collision with:  Vehicle in traffic,On Roadway,"Angle, oncoming left turn",Made improper turn,None Indicated,,Daylight,Dry,Cloudy,None apparent,Intersection:  Four-way intersection,Paved,,Property Damage Only,0,0,0,0,0,0,3000,2,3,,POINT (-91.541589437775 41.554223656388)
2014802880,14-003856,05/27/2014,05-May,3-Tuesday,08:03,0800 Hours,District 4 (Southwest),PERRY,DALLAS,,MCKINLEY ST & 16TH ST,Collision with:  Vehicle in traffic,On Roadway,"Sideswipe, opposite direction",Made improper turn,None Indicated,,Daylight,Dry,Cloudy,None apparent,Intersection:  Four-way intersection,Paved,,Property Damage Only,0,0,0,0,0,0,2000,2,1,,POINT (-94.087196919072 41.842043144184)
2014820433,2014-41-AC,05/27/2014,05-May,3-Tuesday,21:37,2100 Hours,District 3 (Northwest),,DICKINSON,,170TH ST,Collision with:  Non-motorist (see non-motorist section - NOT a unit),On Roadway,Non-collision (single vehicle),Other (explain in narrative):  No improper action,None Indicated,,Dark - roadway not lighted,Dry,Clear,None apparent,Non-intersection:  Non-junction/no special feature,Paved,,Major Injury,0,1,1,0,0,0,5000,1,1,,POINT (-95.139273146405 43.400204356531)
2014801644,14-002496,05/27/2014,05-May,3-Tuesday,17:48,1700 Hours,District 1 (Central),AMES,STORY,,24TH ST & HOOVER AVE,Collision with:  Vehicle in traffic,On Roadway,Broadside (front to side),FTYROW:  From driveway,None Indicated,,Daylight,Dry,Cloudy,None apparent,Non-intersection:  Driveway access (within),Paved,,Major Injury,0,1,1,0,0,0,400,2,2,,POINT (-93.63018180467 42.045588770465)