Iowa DOT Case Number,Law Enforcement Case Number,Date of Crash,Month of Crash,Day of Week,Time of Crash,Hour,DOT District,City Name,County Name,Route with System,Location Description,First Harmful Event,Location of First Harmful Event,Manner of Crash/Collision,Major Cause,Drug or Alcohol ,Environmental Conditions,Light Conditions,Surface Conditions,Weather Conditions,Roadway Contribution,Roadway Type,Roadway Surface,Work Zone,Crash Severity,Number of Fatalities,Number of Injuries,Number of Major Injuries,Number of Minor Injuries,Number of Possible Injuries,Number of Unknown Injuries,Amount of Property Damage,Number of Vehicles Involved,Total Number of Occupants,Travel Direction,Location
2014800697,14-1583,05/28/2014,05-May,4-Wednesday,08:12,0800 Hours,District 1 (Central),FORT DODGE,WEBSTER,,4TH AVE N,Collision with:  Vehicle in traffic,On Roadway,Head-on (front to front),FTYROW:  Making left turn,None Indicated,,Daylight,Dry,Clear,None apparent,Non-intersection:  Driveway access (within),Paved,,Property Damage Only,0,0,0,0,0,0,1800,2,5,,POINT (-94.166453423365 42.510183271513)
2014866159,2014-42-AC,05/28/2014,05-May,4-Wednesday,17:48,1700 Hours,District 3 (Northwest),MILFORD,DICKINSON,IA 86,IA 86/IOWA 86 & LIGHTHOUSE DR,Collision with:  Vehicle in traffic,On Roadway,Non-collision (single vehicle),Crossed centerline (undivided),None Indicated,,Daylight,Dry,Cloudy,None apparent,Non-intersection:  Non-junction/no special feature,Paved,,Possible/Unknown,0,1,0,0,1,0,4500,1,2,,POINT (-95.179993536453 43.358727432931)
2014801650,14-002564,05/28/2014,05-May,4-Wednesday,15:36,1500 Hours,District 1 (Central),AMES,STORY,,CESSNA ST & BEACH AVE & S 4TH ST,Collision with:  Vehicle in traffic,On Roadway,Broadside (front to side),FTYROW:  From stop sign,None Indicated,,Daylight,Dry,Cloudy,None apparent,Intersection:  Four-way intersection,Paved,,Property Damage Only,0,0,0,0,0,0,2000,2,2,,POINT (-93.639408936417 42.01621237652)
2014800771,CL14001697,05/28/2014,05-May,4-Wednesday,13:29,1300 Hours,District 6 (East Central),CLINTON,CLINTON,US 30,US 30/LINCOLN WAY & S 19TH ST,Collision with:  Vehicle in traffic,On Roadway,Rear-end (front to rear),Followed too close,None Indicated,,Daylight,Dry,Cloudy,None apparent,Non-intersection:  Non-junction/no special feature,Paved,,Property Damage Only,0,0,0,0,0,0,3000,2,2,,POINT (-90.231393620329 41.81595355439)
2014800836,20140014791,05/28/2014,05-May,4-Wednesday,14:24,1400 Hours,District 1 (Central),DES MOINES,POLK,US 6,US 6/DOUGLAS AVE & 50TH ST,Collision with:  Vehicle in traffic,On Roadway,Broadside (front to side),Ran Traffic Signal,None Indicated,,Daylight,Dry,Cloudy,None apparent,Intersection:  Four-way intersection,Paved,,Property Damage Only,0,0,0,0,0,0,9500,2,2,,POINT (-93.687747211113 41.629447979128)
2014800849,14-1162,05/28/2014,05-May,4-Wednesday,07:07,0700 Hours,District 1 (Central),URBANDALE,POLK,,NW URBANDALE DR,Collision with fixed object:  Utility pole/light support,Unknown,Non-collision (single vehicle),Unknown,None Indicated,,Daylight,Dry,Clear,None apparent,Non-intersection:  Non-junction/no special feature,Paved,,Property Damage Only,0,0,0,0,0,0,1500,1,1,,POINT (-93.771752654462 41.64697399528)
2014800807,201407504,05/28/2014,05-May,4-Wednesday,16:35,1600 Hours,District 6 (East Central),CEDAR RAPIDS,LINN,I-380,I-380 & IA 922/1ST AVE W & L ST SW & 3RD ST NW,Collision with:  Vehicle in traffic,On Roadway,Rear-end (front to rear),Followed too close,None Indicated,,Daylight,Dry,Clear,None apparent,Intersection:  Four-way intersection,Paved,,Property Damage Only,0,0,0,0,0,0,2100,2,2,,POINT (-91.676967358255 41.975198064592)
2014802084,201401760,05/28/2014,05-May,4-Wednesday,16:26,1600 Hours,District 6 (East Central),,LINN,IA 13,IA 13/IOWA 13,Collision with:  Vehicle in traffic,On Roadway,Rear-end (front to rear),Followed too close,None Indicated,,Daylight,Dry,Clear,None apparent,Non-intersection:  Non-junction/no special feature,Paved,,Minor Injury,0,2,0,1,1,0,33000,2,2,,POINT (-91.549919206047 42.134668635675)
2014802278,2014005885,05/28/2014,05-May,4-Wednesday,15:18,1500 Hours,District 6 (East Central),IOWA CITY,JOHNSON,,S CAPITOL ST,Collision with:  Parked motor vehicle,Outside trafficway,Unknown,Unknown,None Indicated,,Daylight,Dry,Cloudy,None apparent,Non-intersection:  Non-junction/no special feature,Paved,,Property Damage Only,0,0,0,0,0,0,2500,2,0,,POINT (-91.536225729019 41.656312153275)
2014801062,20140014836,05/28/2014,05-May,4-Wednesday,21:02,2100 Hours,District 1 (Central),DES MOINES,POLK,IA 28,IA 28/63RD ST & LINCOLN ST & TYLER AVE,Collision with:  Non-motorist (see non-motorist section - NOT a unit),On Roadway,Non-collision (single vehicle),"Operating vehicle in an reckless, erratic, careless, negligent manner",Drug,,Dark - roadway lighted,Dry,Clear,None apparent,Intersection:  Four-way intersection,Paved,,Major Injury,0,1,1,0,0,0,200,1,1,,POINT (-93.703303714764 41.567348164516)
2014800846,20140014816,05/28/2014,05-May,4-Wednesday,17:57,1700 Hours,District 1 (Central),DES MOINES,POLK,,HIGH ST & 7TH ST,Collision with:  Vehicle in traffic,On Roadway,"Sideswipe, same direction",Made improper turn,None Indicated,,Daylight,Dry,Cloudy,None apparent,Intersection:  Four-way intersection,Paved,,Property Damage Only,0,0,0,0,0,0,2500,2,2,,POINT (-93.626781354535 41.588192227246)
2014800772,CL14001699,05/28/2014,05-May,4-Wednesday,15:45,1500 Hours,District 6 (East Central),CLINTON,CLINTON,US 67,US 67/N 2ND ST & 6TH AVE N,Collision with:  Vehicle in traffic,On Roadway,"Angle, oncoming left turn",FTYROW:  Making left turn,None Indicated,,Daylight,Dry,Cloudy,None apparent,Intersection:  Four-way intersection,Paved,,Property Damage Only,0,0,0,0,0,0,5000,2,5,,POINT (-90.187548601432 41.850054940397)
2014800722,2014031618,05/28/2014,05-May,4-Wednesday,12:45,1200 Hours,District 1 (Central),ANKENY,POLK,I-35,I-35,Collision with:  Vehicle in traffic,On Roadway,"Sideswipe, same direction",Crossed centerline (undivided),None Indicated,,Daylight,Dry,Clear,None apparent,Non-intersection:  Non-junction/no special feature,Paved,,Property Damage Only,0,0,0,0,0,0,22000,3,3,,POINT (-93.57646900622 41.716780515367)
2014800872,14-9879,05/28/2014,05-May,4-Wednesday,11:41,1100 Hours,District 6 (East Central),BETTENDORF,SCOTT,I-74,I-74,Collision with:  Vehicle in traffic,On Roadway,Rear-end (front to rear),Followed too close,None Indicated,,Daylight,Dry,Cloudy,None apparent,Non-intersection:  Non-junction/no special feature,Paved,,Minor Injury,0,5,0,1,4,0,57000,4,5,,POINT (-90.513691605332 41.526363854781)
2014804465,1405281749,05/28/2014,05-May,4-Wednesday,18:15,1800 Hours,District 6 (East Central),,JONES,,WAPSIPINICON,Collision with fixed object:  Tree,Roadside,Non-collision (single vehicle),Swerving/Evasive Action,None Indicated,,Daylight,Dry,Clear,None apparent,Non-intersection:  Non-junction/no special feature,Paved,,Property Damage Only,0,0,0,0,0,0,3900,1,1,,POINT (-91.291444910284 42.098138830494)
2014827440,14-0739,05/28/2014,05-May,4-Wednesday,13:45,1300 Hours,District 1 (Central),,GREENE,IA 25,IA 25/E AVE & Co Rd E63/330TH,Collision with:  Vehicle in traffic,On Roadway,Broadside (front to side),FTYROW:  From stop sign,None Indicated,,Daylight,Dry,Cloudy,None apparent,Intersection:  Four-way intersection,Paved,,Property Damage Only,0,0,0,0,0,0,3000,2,3,,POINT (-94.551631504709 41.877668941848)
2014800778,143679,05/28/2014,05-May,4-Wednesday,18:50,1800 Hours,District 4 (Southwest),ADEL,DALLAS,US 6,US 6/HWY 169,Collision with:  Vehicle in traffic,On Roadway,"Sideswipe, same direction",Made improper turn,None Indicated,,Daylight,Dry,Cloudy,None apparent,Non-intersection:  Non-junction/no special feature,Paved,,Property Damage Only,0,0,0,0,0,0,9000,2,3,,POINT (-94.014509798156 41.606852574052)
2014801046,14-002309,05/28/2014,05-May,4-Wednesday,15:04,1500 Hours,District 1 (Central),ANKENY,POLK,US 69,US 69/S ANKENY BLVD/N ANKENY BLVD & W 1ST ST & E 1ST ST,Collision with:  Vehicle in traffic,On Roadway,"Angle, oncoming left turn",Unknown,None Indicated,,Daylight,Dry,Cloudy,None apparent,Non-intersection:  Non-junction/no special feature,Paved,,Property Damage Only,0,0,0,0,0,0,4000,2,2,,POINT (-93.600375962325 41.731870994936)
2014801124,W14-052672,05/28/2014,05-May,4-Wednesday,16:38,1600 Hours,District 2 (Northeast),WATERLOO,BLACK HAWK,US 20,US 20/NE RAMP & IA 21/HAWKEYE RD,Collision with:  Animal,On Roadway,Non-collision (single vehicle),Animal,None Indicated,,Daylight,Dry,Clear,None apparent,Intersection:  Four-way intersection,Paved,,Property Damage Only,0,0,0,0,0,0,1500,1,1,,POINT (-92.346757429753 42.454990499643)
2014800806,20145888,05/28/2014,05-May,4-Wednesday,16:27,1600 Hours,District 6 (East Central),IOWA CITY,JOHNSON,,ABER AVE,Collision with:  Vehicle in traffic,On Roadway,"Sideswipe, same direction",Other (explain in narrative):  Other,None Indicated,,Daylight,Dry,Cloudy,None apparent,Non-intersection:  Non-junction/no special feature,Paved,,Property Damage Only,0,0,0,0,0,0,4000,2,3,,POINT (-91.562675176182 41.643180718212)
2014801108,2014031704,05/28/2014,05-May,4-Wednesday,21:20,2100 Hours,District 5 (Southeast),DES MOINES,WARREN,US 65,US 65,Collision with:  Animal,,,Animal,None Indicated,,,,,,,Paved,,Property Damage Only,0,0,0,0,0,0,2000,1,1,,POINT (-93.561953092579 41.508668426817)
2014800852,14-2458,05/28/2014,05-May,4-Wednesday,13:00,1300 Hours,District 1 (Central),WEST DES MOINES,POLK,,WESTOWN PL & 35TH ST/VALLEY WEST DR,Collision with:  Vehicle in traffic,On Roadway,Rear-end (front to rear),Followed too close,None Indicated,,Daylight,Dry,Cloudy,None apparent,Non-intersection:  Non-junction/no special feature,Paved,,Possible/Unknown,0,1,0,0,1,0,8000,2,2,,POINT (-93.751903493306 41.596413202642)
2014801501,14052708,05/28/2014,05-May,4-Wednesday,19:26,1900 Hours,District 2 (Northeast),CEDAR FALLS,BLACK HAWK,,19TH ST & COLLEGE ST,Collision with:  Non-motorist (see non-motorist section - NOT a unit),On Roadway,Non-collision (single vehicle),Unknown,None Indicated,,Daylight,Dry,Clear,None apparent,Non-intersection:  Non-junction/no special feature,Paved,,Minor Injury,0,1,0,1,0,0,1000,1,1,,POINT (-92.455796344196 42.521284846283)
2014801826,2014031544,05/28/2014,05-May,4-Wednesday,07:21,0700 Hours,District 6 (East Central),,SCOTT,,Co Rd Z16/UTICA RIDGE RD,Collision with:  Vehicle in traffic,On Roadway,Rear-end (front to rear),Driving too fast for conditions,None Indicated,,Daylight,Dry,Cloudy,None apparent,Non-intersection:  Driveway access (within),Paved,,Possible/Unknown,0,3,0,0,3,0,9000,3,3,,POINT (-90.490697792418 41.648529611872)
2014801561,14-006854,05/28/2014,05-May,4-Wednesday,05:36,0500 Hours,District 4 (Southwest),,MILLS,US 34,US 34,Collision with:  Animal,,,Animal,None Indicated,,,,,,,Paved,,Property Damage Only,0,0,0,0,0,0,8000,1,1,,POINT (-95.78217587166 41.047781695598)
2014800955,201402388,05/28/2014,05-May,4-Wednesday,15:43,1500 Hours,District 1 (Central),,BOONE,,MOINGONA RD & MOCKINGBIRD LN,Collision with:  Vehicle in traffic,On Roadway,Rear-end (front to rear),Swerving/Evasive Action,None Indicated,,Daylight,Dry,Cloudy,None apparent,Non-intersection:  Non-junction/no special feature,Paved,,Property Damage Only,0,0,0,0,0,0,5300,2,2,,POINT (-93.936143353562 42.01938157912)
2014801471,,05/28/2014,05-May,4-Wednesday,16:40,1600 Hours,District 6 (East Central),DE WITT,CLINTON,,6TH AVE,Collision with:  Vehicle in traffic,On Roadway,Broadside (front to side),FTYROW:  From parked position,None Indicated,,Daylight,Dry,Clear,None apparent,Non-intersection:  Other non-intersection (explain in narrative),Paved,,Property Damage Only,0,0,0,0,0,0,3000,2,4,,POINT (-90.538949895974 41.82244605302)
2014801648,14-002560,05/28/2014,05-May,4-Wednesday,12:11,1200 Hours,District 1 (Central),AMES,STORY,,LINCOLN WAY & S FRANKLIN AVE,Collision with:  Vehicle in traffic,On Roadway,Rear-end (front to rear),Followed too close,None Indicated,,Daylight,Dry,Clear,None apparent,Non-intersection:  Non-junction/no special feature,Paved,,Property Damage Only,0,0,0,0,0,0,3500,2,2,,POINT (-93.66479248073 42.022805087228)
2014800665,20140014777,05/28/2014,05-May,4-Wednesday,11:32,1100 Hours,District 1 (Central),DES MOINES,POLK,US 6,US 6/DOUGLAS AVE & BEAVER AVE,Collision with:  Vehicle in traffic,On Roadway,Rear-end (front to rear),Other (explain in narrative):  Other,None Indicated,,Daylight,Dry,Clear,None apparent,Non-intersection:  Non-junction/no special feature,Paved,,Possible/Unknown,0,1,0,0,1,0,5000,2,3,,POINT (-93.678047687473 41.629514609944)
2014801399,2014-35052,05/28/2014,05-May,4-Wednesday,18:12,1800 Hours,District 6 (East Central),DAVENPORT,SCOTT,,W 13TH ST & MARQUETTE ST,Collision with:  Vehicle in traffic,On Roadway,"Angle, oncoming left turn",FTYROW:  Making left turn,None Indicated,,Daylight,Dry,Clear,None apparent,Intersection:  Four-way intersection,Paved,,Minor Injury,0,1,0,1,0,0,5000,2,3,,POINT (-90.591491091485 41.532676846658)
2014800753,14052524,05/28/2014,05-May,4-Wednesday,07:35,0700 Hours,District 2 (Northeast),CEDAR FALLS,BLACK HAWK,,ADDISON DR,Collision with:  Parked motor vehicle,On Roadway,Broadside (front to side),Improper Backing,None Indicated,,Daylight,Dry,Rain,None apparent,Non-intersection:  Non-junction/no special feature,Paved,,Property Damage Only,0,0,0,0,0,0,1600,2,777,,POINT (-92.463148397948 42.492996177415)
2014801086,2014-34998,05/28/2014,05-May,4-Wednesday,14:52,1400 Hours,District 6 (East Central),DAVENPORT,SCOTT,,IA 461/BRADY ST & E 29TH ST,Collision with:  Vehicle in traffic,On Roadway,Rear-end (front to rear),Followed too close,None Indicated,,Daylight,Dry,Cloudy,None apparent,Intersection:  T-intersection,Paved,,Property Damage Only,0,0,0,0,0,0,2000,2,2,,POINT (-90.57086791857 41.549192868825)
2014801029,C14001645,05/28/2014,05-May,4-Wednesday,15:30,1500 Hours,District 6 (East Central),CORALVILLE,JOHNSON,,CAMP CARDINAL BLVD,Collision with:  Vehicle in traffic,On Roadway,Rear-end (front to rear),Driver Distraction:  Manual operation of an electronic communication device,None Indicated,,Daylight,Dry,Cloudy,None apparent,Non-intersection:  Non-junction/no special feature,Paved,,Property Damage Only,0,0,0,0,0,0,3000,2,3,,POINT (-91.598126471161 41.676709911778)
2014806072,,05/28/2014,05-May,4-Wednesday,16:10,1600 Hours,District 2 (Northeast),CLEAR LAKE,CERRO GORDO,,,Collision with:  Vehicle in traffic,On Roadway,"Sideswipe, opposite direction",Improper Backing,None Indicated,,Daylight,Dry,Cloudy,None apparent,Non-intersection:  Non-junction/no special feature,,,Property Damage Only,0,0,0,0,0,0,4300,2,2,,POINT (-96.643700149993 40.233091251414)
2014810978,14-03542,05/28/2014,05-May,4-Wednesday,15:41,1500 Hours,District 2 (Northeast),OELWEIN,FAYETTE,IA 150,IA 150/PALACE RD & 10TH ST SE,Collision with:  Vehicle in traffic,On Roadway,Broadside (front to side),Ran Stop Sign,None Indicated,,Daylight,Dry,Clear,None apparent,Intersection:  Four-way intersection,Paved,,Possible/Unknown,0,1,0,0,1,0,5000,2,3,,POINT (-91.910525957941 42.664009223001)
2014801827,2014031720,05/28/2014,05-May,4-Wednesday,23:10,2300 Hours,District 6 (East Central),,CEDAR,I-80,I-80,Non-collision events:  Other non-collision (explain in narrative),On Roadway,Non-collision (single vehicle),Ran off road - right,None Indicated,,Dark - roadway not lighted,Dry,Cloudy,None apparent,"Interchange-related:  Off-ramp, diverge area",Paved,,Property Damage Only,0,0,0,0,0,0,3500,1,1,,POINT (-91.037158473823 41.635919605243)
2014800853,14-2460,05/28/2014,05-May,4-Wednesday,13:15,1300 Hours,District 4 (Southwest),WEST DES MOINES,DALLAS,,JORDAN CREEK PKWY & MILLS CIVIC PKWY & S JORDAN CREEK PKWY,Collision with:  Vehicle in traffic,On Roadway,"Sideswipe, same direction",Over correcting/over steering,None Indicated,,Daylight,Dry,Clear,None apparent,Non-intersection:  Non-junction/no special feature,Paved,,Property Damage Only,0,0,0,0,0,0,2000,2,2,,POINT (-93.809357087366 41.561030024355)
2014801640,14-6236,05/28/2014,05-May,4-Wednesday,20:50,2000 Hours,District 3 (Northwest),,SIOUX,IA 60,IA 60/IOWA 60 & 430TH ST,Collision with:  Animal,On Roadway,Non-collision (single vehicle),Animal,None Indicated,,Dusk,Dry,Clear,None apparent,Non-intersection:  Non-junction/no special feature,Paved,,Possible/Unknown,0,1,0,0,1,0,5000,1,1,,POINT (-95.942276615793 43.025586672658)
2014801107,2014031622,05/28/2014,05-May,4-Wednesday,12:30,1200 Hours,District 2 (Northeast),,CERRO GORDO,I-35,I-35,Collision with:  Vehicle in traffic,On Roadway,"Sideswipe, same direction",Ran off road - left,None Indicated,,Daylight,Dry,Cloudy,None apparent,Non-intersection:  Non-junction/no special feature,Paved,,Property Damage Only,0,0,0,0,0,0,6000,2,3,,POINT (-93.34076651216 42.996288760597)
2014800924,14-16580,05/28/2014,05-May,4-Wednesday,13:20,1300 Hours,District 3 (Northwest),SIOUX CITY,WOODBURY,IA 12,IA 12/GORDON DR & S MAPLE ST,Collision with:  Vehicle in traffic,On Roadway,Broadside (front to side),Ran Traffic Signal,None Indicated,,Daylight,Dry,Clear,None apparent,Intersection:  Four-way intersection,Paved,,Property Damage Only,0,0,0,0,0,0,10000,2,2,,POINT (-96.339553523659 42.475776556205)
2014800856,14-2467,05/28/2014,05-May,4-Wednesday,17:55,1700 Hours,District 1 (Central),WEST DES MOINES,POLK,I-235,I-235,Collision with:  Vehicle in traffic,On Roadway,Rear-end (front to rear),Followed too close,None Indicated,,Daylight,Dry,Cloudy,None apparent,Non-intersection:  Non-junction/no special feature,Paved,,Property Damage Only,0,0,0,0,0,0,3600,2,4,,POINT (-93.738397992479 41.5926816792)
2014800968,14008480,05/28/2014,05-May,4-Wednesday,16:42,1600 Hours,District 2 (Northeast),MASON CITY,CERRO GORDO,,,Collision with:  Vehicle in traffic,On Roadway,Broadside (front to side),Other (explain in narrative):  Vision obstructed,None Indicated,,Daylight,Dry,Clear,None apparent,Non-intersection:  Alley,,,Property Damage Only,0,0,0,0,0,0,4000,2,6,,POINT (-96.643700149993 40.233091251414)
2014800943,14-004069,05/28/2014,05-May,4-Wednesday,13:00,1300 Hours,District 5 (Southeast),COLUMBUS JUNCTION,LOUISA,,MAIN ST,Collision with:  Vehicle in traffic,On Roadway,Broadside (front to side),Swerving/Evasive Action,None Indicated,,Daylight,Dry,Clear,None apparent,Non-intersection:  Non-junction/no special feature,Paved,,Property Damage Only,0,0,0,0,0,0,3500,2,2,,POINT (-91.360703266346 41.271286760233)
2014801039,20141038,05/28/2014,05-May,4-Wednesday,08:15,0800 Hours,District 6 (East Central),MOUNT VERNON,LINN,,1ST ST,Collision with:  Parked motor vehicle,On Roadway,"Sideswipe, same direction",Improper Backing,None Indicated,,Daylight,Dry,Cloudy,None apparent,Non-intersection:  Non-junction/no special feature,Paved,,Property Damage Only,0,0,0,0,0,0,3500,2,1,,POINT (-91.416865174139 41.922136029319)
2014800868,14-021606,05/28/2014,05-May,4-Wednesday,17:15,1700 Hours,District 4 (Southwest),COUNCIL BLUFFS,POTTAWATTAMIE,,7TH AVE & S 8TH ST,Collision with:  Vehicle in traffic,On Roadway,Broadside (front to side),Ran Stop Sign,None Indicated,,Daylight,Dry,Clear,None apparent,Intersection:  Four-way intersection,Paved,,Minor Injury,0,3,0,1,2,0,4500,2,4,,POINT (-95.856069325146 41.255211394051)
2014801720,142636,05/28/2014,05-May,4-Wednesday,11:35,1100 Hours,District 1 (Central),IOWA FALLS,HARDIN,,ELLIS AVE & SARAH AVE,Collision with:  Vehicle in traffic,On Roadway,Rear-end (front to rear),FTYROW:  From driveway,None Indicated,,Daylight,Dry,Cloudy,None apparent,Non-intersection:  Driveway access (within),Paved,,Property Damage Only,0,0,0,0,0,0,4000,2,2,,POINT (-93.27096619575 42.517618633005)
2014800782,2014-2372,05/28/2014,05-May,4-Wednesday,21:19,2100 Hours,District 4 (Southwest),WAUKEE,DALLAS,,Co Rd R22/UTE AVE,Collision with:  Animal,,,Animal,None Indicated,,,,,,,Paved,,Property Damage Only,0,0,0,0,0,0,2000,1,1,,POINT (-93.880747331908 41.555650438785)
2014800966,14008466,05/28/2014,05-May,4-Wednesday,12:50,1200 Hours,District 2 (Northeast),MASON CITY,CERRO GORDO,IA 122,IA 122/4TH ST SE,Collision with:  Animal,,,Animal,None Indicated,,,,,,,Paved,,Property Damage Only,0,0,0,0,0,0,1500,1,1,,POINT (-93.143680428639 43.148043442371)
2014800951,W14-052777,05/28/2014,05-May,4-Wednesday,21:14,2100 Hours,District 2 (Northeast),WATERLOO,BLACK HAWK,,WASHINGTON ST & W 6TH ST,Collision with:  Vehicle in traffic,On Roadway,Broadside (front to side),Driver Distraction:  Manual operation of an electronic communication device,None Indicated,,Dark - roadway lighted,Dry,Clear,None apparent,Intersection:  Four-way intersection,Paved,,Property Damage Only,0,0,0,0,0,0,7000,2,3,,POINT (-92.339715492155 42.492054324544)
2014800585,14-17853,05/28/2014,05-May,4-Wednesday,11:52,1100 Hours,District 5 (Southeast),BURLINGTON,DES MOINES,,WASHINGTON ST & 3RD ST,Collision with:  Vehicle in traffic,On Roadway,Broadside (front to side),Ran Stop Sign,None Indicated,,Daylight,Dry,Cloudy,None apparent,Intersection:  Four-way intersection,Paved,,Property Damage Only,0,0,0,0,0,0,4000,2,2,,POINT (-91.102409301447 40.810836601181)
2014800967,14008475,05/28/2014,05-May,4-Wednesday,14:54,1400 Hours,District 2 (Northeast),MASON CITY,CERRO GORDO,US 65,US 65/N FEDERAL AVE & 7TH ST NW,Collision with:  Vehicle in traffic,On Roadway,"Sideswipe, same direction",Crossed centerline (undivided),None Indicated,,Daylight,Dry,Clear,None apparent,Non-intersection:  Non-junction/no special feature,Paved,,Property Damage Only,0,0,0,0,0,0,1600,2,2,,POINT (-93.201048002857 43.158159514395)
2014800950,W14-052684,05/28/2014,05-May,4-Wednesday,17:09,1700 Hours,District 2 (Northeast),WATERLOO,BLACK HAWK,,W 5TH ST & JEFFERSON ST,Collision with:  Vehicle in traffic,On Roadway,Rear-end (front to rear),Other (explain in narrative):  Other,None Indicated,,Daylight,Dry,Clear,None apparent,Intersection:  Four-way intersection,Paved,,Property Damage Only,0,0,0,0,0,0,3500,2,2,,POINT (-92.339662125064 42.493657056106)
2014801649,14-002561,05/28/2014,05-May,4-Wednesday,12:40,1200 Hours,District 1 (Central),AMES,STORY,US 69,US 69/S DUFF AVE/LINCOLN WAY,Collision with:  Vehicle in traffic,On Roadway,Rear-end (front to rear),Followed too close,None Indicated,,Daylight,Dry,Cloudy,None apparent,Intersection:  Four-way intersection,Paved,,Possible/Unknown,0,1,0,0,1,0,9999,2,3,,POINT (-93.610365512309 42.02289125554)
2014809451,2014031529,05/28/2014,05-May,4-Wednesday,06:15,0600 Hours,District 1 (Central),,JASPER,I-80,I-80,Collision with:  Animal,On Roadway,Non-collision (single vehicle),Animal,None Indicated,,Dawn,Dry,Clear,None apparent,Non-intersection:  Non-junction/no special feature,Paved,,Property Damage Only,0,0,0,0,0,0,5000,1,1,,POINT (-92.817934145741 41.695222136687)
2014800855,14-2466,05/28/2014,05-May,4-Wednesday,17:30,1700 Hours,District 1 (Central),WEST DES MOINES,POLK,I-235,I-235,Collision with:  Vehicle in traffic,On Roadway,"Sideswipe, same direction",Unknown,None Indicated,,Daylight,Dry,Cloudy,None apparent,Non-intersection:  Non-junction/no special feature,Paved,,Property Damage Only,0,0,0,0,0,0,1500,2,3,,POINT (-93.745844603999 41.592300343446)
2014801170,01-14-22824,05/28/2014,05-May,4-Wednesday,22:00,2200 Hours,District 6 (East Central),DUBUQUE,DUBUQUE,,ALMOND ST,Collision with:  Parked motor vehicle,On Roadway,"Sideswipe, same direction",Lost Control,None Indicated,,Dark - roadway not lighted,Dry,Cloudy,None apparent,Non-intersection:  Non-junction/no special feature,Paved,,Property Damage Only,0,0,0,0,0,0,1600,2,2,,POINT (-90.675352604267 42.509503150323)
2014800775,141430,05/28/2014,05-May,4-Wednesday,21:30,2100 Hours,District 3 (Northwest),,CRAWFORD,,140TH ST,Collision with fixed object:  Ditch,Outside trafficway,Non-collision (single vehicle),Exceeded authorized speed,None Indicated,,Dark - roadway not lighted,"Mud, dirt",Clear,None apparent,Intersection:  Four-way intersection,Unpaved,,Property Damage Only,0,0,0,0,0,0,8200,1,2,,POINT (-95.594356458582 42.108964022616)
2014800844,20140014790,05/28/2014,05-May,4-Wednesday,13:48,1300 Hours,District 1 (Central),DES MOINES,POLK,,HUBBELL AVE & E 33RD ST,Collision with:  Vehicle in traffic,On Roadway,Head-on (front to front),FTYROW:  Making left turn,None Indicated,,Daylight,Dry,Clear,Work Zone (roadway-related),Intersection:  Four-way intersection,Paved,Yes,Major Injury,0,2,2,0,0,0,8000,3,4,,POINT (-93.551525996082 41.625489514646)
2014802690,BP14000426,05/28/2014,05-May,4-Wednesday,10:00,1000 Hours,District 2 (Northeast),BELMOND,WRIGHT,,1ST ST SE,Collision with:  Vehicle in traffic,On Roadway,Broadside (front to side),Improper Backing,None Indicated,,Daylight,Dry,Cloudy,None apparent,Non-intersection:  Non-junction/no special feature,Paved,,Property Damage Only,0,0,0,0,0,0,3000,2,777,,POINT (-93.611885272158 42.84501712625)
2014800786,14-17891,05/28/2014,05-May,4-Wednesday,16:53,1600 Hours,District 5 (Southeast),BURLINGTON,DES MOINES,US 34,US 34/NE RAMP,Collision with:  Vehicle in traffic,On Roadway,Rear-end (front to rear),Followed too close,None Indicated,,Daylight,Dry,Cloudy,None apparent,Interchange-related:  Off-ramp,Paved,,Property Damage Only,0,0,0,0,0,0,3700,2,3,,POINT (-91.140693380809 40.818396128353)
2014851995,2014005179,05/28/2014,05-May,4-Wednesday,21:39,2100 Hours,District 1 (Central),MARSHALLTOWN,MARSHALL,US 30,US 30/240TH ST,Collision with:  Animal,On Roadway,Non-collision (single vehicle),Animal,None Indicated,,Dark - roadway not lighted,Dry,Clear,None apparent,Non-intersection:  Non-junction/no special feature,Paved,,Property Damage Only,0,0,0,0,0,0,5000,1,1,,POINT (-92.932402015781 42.003472660026)
2014804948,,05/28/2014,05-May,4-Wednesday,13:57,1300 Hours,District 2 (Northeast),,CHICKASAW,US 18,US 18/200TH,,Outside trafficway,Non-collision (single vehicle),Ran off road - right,None Indicated,,Daylight,Dry,Clear,None apparent,Non-intersection:  Non-junction/no special feature,Paved,,Minor Injury,0,2,0,2,0,0,4000,1,2,,POINT (-92.383784511965 43.065979616761)
2014824103,G39052814A,05/28/2014,05-May,4-Wednesday,23:38,2300 Hours,District 4 (Southwest),GUTHRIE CENTER,GUTHRIE,IA 25,IA 25/S 5TH ST/N 5TH ST & IA 44/STATE ST,Collision with:  Vehicle in traffic,On Roadway,Rear-end (front to rear),Improper Backing,None Indicated,,Dark - roadway lighted,Dry,Clear,None apparent,Intersection:  Four-way intersection,Paved,,Property Damage Only,0,0,0,0,0,0,2500,2,4,,POINT (-94.502380293525 41.677250172653)
2014800737,80-14,05/28/2014,05-May,4-Wednesday,11:38,1100 Hours,District 3 (Northwest),ROCK VALLEY,SIOUX,,16TH ST,Collision with:  Vehicle in traffic,On Roadway,Rear-end (front to rear),Other (explain in narrative):  Other,None Indicated,,Daylight,Dry,Cloudy,None apparent,Non-intersection:  Non-junction/no special feature,Paved,,Property Damage Only,0,0,0,0,0,0,4000,2,3,,POINT (-96.294927164006 43.20590577347)
2014800819,201407513,05/28/2014,05-May,4-Wednesday,18:20,1800 Hours,District 6 (East Central),CEDAR RAPIDS,LINN,,C AVE NE,Collision with:  Vehicle in traffic,On Roadway,"Sideswipe, same direction",Improper or erratic lane changing,None Indicated,,Daylight,Dry,Cloudy,None apparent,Non-intersection:  Non-junction/no special feature,Paved,,Property Damage Only,0,0,0,0,0,0,3000,2,2,,POINT (-91.63847777061 42.035757252542)