Iowa DOT Case Number,Law Enforcement Case Number,Date of Crash,Month of Crash,Day of Week,Time of Crash,Hour,DOT District,City Name,County Name,Route with System,Location Description,First Harmful Event,Location of First Harmful Event,Manner of Crash/Collision,Major Cause,Drug or Alcohol ,Environmental Conditions,Light Conditions,Surface Conditions,Weather Conditions,Roadway Contribution,Roadway Type,Roadway Surface,Work Zone,Crash Severity,Number of Fatalities,Number of Injuries,Number of Major Injuries,Number of Minor Injuries,Number of Possible Injuries,Number of Unknown Injuries,Amount of Property Damage,Number of Vehicles Involved,Total Number of Occupants,Travel Direction,Location
2014800787,14-17878,05/28/2014,05-May,4-Wednesday,15:00,1500 Hours,District 5 (Southeast),BURLINGTON,DES MOINES,,MASON RD,Collision with:  Vehicle in traffic,On Roadway,Rear-end (front to rear),Other (explain in narrative):  Other,None Indicated,,Daylight,Dry,Cloudy,None apparent,Intersection:  Four-way intersection,Paved,,Property Damage Only,0,0,0,0,0,0,3000,2,4,,POINT (-91.141049073417 40.796738007708)
2014826615,14-012138,05/28/2014,05-May,4-Wednesday,17:08,1700 Hours,District 5 (Southeast),,MAHASKA,,MERINO AVE,Collision with fixed object:  Ditch,On Roadway,Non-collision (single vehicle),Ran off road - right,None Indicated,,Daylight,Dry,Cloudy,None apparent,Non-intersection:  Non-junction/no special feature,Unpaved,,Minor Injury,0,3,0,3,0,0,10000,1,3,,POINT (-92.631099773415 41.198153962517)
2014802946,14-012636,05/28/2014,05-May,4-Wednesday,17:11,1700 Hours,District 5 (Southeast),,MARION,,78TH AVET,Non-collision events:  Other non-collision (explain in narrative),On Roadway,Non-collision (single vehicle),Swerving/Evasive Action,None Indicated,,Daylight,"Mud, dirt",Clear,None apparent,Non-intersection:  Non-junction/no special feature,Unpaved,,Property Damage Only,0,0,0,0,0,0,1500,1,1,,POINT (-93.199295811048 41.185528862495)
2014802061,14077685,05/28/2014,05-May,4-Wednesday,13:33,1300 Hours,District 6 (East Central),TIFFIN,JOHNSON,US 6,US 6 & JASPER AVE,Collision with:  Vehicle in traffic,On Roadway,Rear-end (front to rear),Followed too close,None Indicated,,Daylight,Wet,Cloudy,None apparent,Intersection:  Four-way intersection,Paved,,Property Damage Only,0,0,0,0,0,0,5000,2,2,,POINT (-91.647068675924 41.706028438903)
2014800721,2014031521,05/28/2014,05-May,4-Wednesday,04:35,0400 Hours,District 1 (Central),,STORY,I-35,I-35,Collision with:  Animal,On Roadway,Non-collision (single vehicle),Animal,None Indicated,,Dark - roadway not lighted,Dry,Clear,None apparent,Non-intersection:  Non-junction/no special feature,Paved,,Property Damage Only,0,0,0,0,0,0,8200,1,1,,POINT (-93.569745568104 41.945904119431)
2014801646,14-002556,05/28/2014,05-May,4-Wednesday,11:44,1100 Hours,District 1 (Central),AMES,STORY,,LINCOLN WAY & S HAZEL AVE & N HAZEL AVE,Collision with:  Vehicle in traffic,On Roadway,Rear-end (front to rear),Other (explain in narrative):  Other,None Indicated,,Daylight,Dry,Clear,None apparent,Intersection:  Four-way intersection,Paved,,Property Damage Only,0,0,0,0,0,0,4500,3,5,,POINT (-93.626804665008 42.022856700494)
2014801500,14052518,05/28/2014,05-May,4-Wednesday,07:21,0700 Hours,District 2 (Northeast),CEDAR FALLS,BLACK HAWK,IA 27,IA 27/NW RAMP/SPECIAL CASE & WATERLOO RD,Collision with:  Vehicle in traffic,On Roadway,Broadside (front to side),Ran Traffic Signal,None Indicated,,Daylight,Dry,Clear,None apparent,Intersection:  Intersection with ramp,Paved,,Minor Injury,0,2,0,2,0,0,13300,2,2,,POINT (-92.440706074621 42.524688433728)
2014801414,2014-35008,05/28/2014,05-May,4-Wednesday,15:33,1500 Hours,District 6 (East Central),DAVENPORT,SCOTT,,W 17TH ST & N DIVISION ST,Collision with:  Vehicle in traffic,On Roadway,Broadside (front to side),FTYROW:  From stop sign,None Indicated,,Daylight,Dry,Cloudy,None apparent,Intersection:  Four-way intersection,Paved,,Possible/Unknown,0,1,0,0,1,0,4000,2,4,,POINT (-90.601152430145 41.536877755295)
2014800952,W14-053010,05/29/2014,05-May,5-Thursday,16:15,1600 Hours,District 2 (Northeast),WATERLOO,BLACK HAWK,,HARTMAN AVE & ANSBOROUGH AVE,Collision with:  Vehicle in traffic,On Roadway,Rear-end (front to rear),Followed too close,None Indicated,,Daylight,Dry,Clear,None apparent,Intersection:  Four-way intersection,Paved,,Possible/Unknown,0,1,0,0,1,0,4000,2,2,,POINT (-92.37687018623 42.499088786639)
2014801073,14-021749,05/29/2014,05-May,5-Thursday,15:20,1500 Hours,District 4 (Southwest),COUNCIL BLUFFS,POTTAWATTAMIE,IA 192,IA 192/S EXPRESSWAY,Collision with:  Vehicle in traffic,On Roadway,Rear-end (front to rear),Followed too close,None Indicated,,Daylight,Dry,Clear,None apparent,Interchange-related:  Off-ramp,Paved,,Property Damage Only,0,0,0,0,0,0,1800,2,3,,POINT (-95.851330634722 41.23270491191)
2014801518,14007858,05/29/2014,05-May,5-Thursday,18:31,1800 Hours,District 6 (East Central),,CEDAR,,Co Rd X64/QUINCY AVE,Collision with:  Vehicle in traffic,On Roadway,"Sideswipe, opposite direction",Unknown,Alcohol (Statutory),,Daylight,Dry,Clear,None apparent,Non-intersection:  Non-junction/no special feature,Unpaved,,Property Damage Only,0,0,0,0,0,0,3200,2,2,,POINT (-91.054669116421 41.719852339474)
2014801043,14-3559,05/29/2014,05-May,5-Thursday,17:14,1700 Hours,District 1 (Central),,POLK,I-35,I-35 & Co Rd F22/NE 126TH AVE,Collision with:  Vehicle in traffic,On Roadway,Rear-end (front to rear),FTYROW:  From stop sign,None Indicated,,Daylight,Dry,Cloudy,None apparent,Intersection:  T-intersection,Paved,,Property Damage Only,0,0,0,0,0,0,3000,2,2,,POINT (-93.568338629491 41.791335956965)
2014802904,081-2014,05/29/2014,05-May,5-Thursday,07:56,0700 Hours,District 4 (Southwest),,HARRISON,IA 127,IA 127/IOWA 127 & 230TH ST,Collision with:  Vehicle in traffic,On Roadway,"Angle, oncoming left turn",FTYROW:  Making left turn,None Indicated,,Daylight,Dry,Clear,None apparent,Intersection:  T-intersection,Paved,,Minor Injury,0,2,0,2,0,0,20150,2,2,,POINT (-95.809354202099 41.67504896413)
2014800976,143700,05/29/2014,05-May,5-Thursday,19:07,1900 Hours,District 4 (Southwest),,DALLAS,,Co Rd R16/R AVE,Collision with:  Vehicle in traffic,On Roadway,"Sideswipe, same direction",Crossed centerline (undivided),None Indicated,,Daylight,Dry,Clear,None apparent,Intersection:  Four-way intersection,Paved,,Property Damage Only,0,0,0,0,0,0,9000,2,3,,POINT (-93.949313489017 41.562950064745)
2014801179,01-14-22910,05/29/2014,05-May,5-Thursday,12:40,1200 Hours,District 6 (East Central),DUBUQUE,DUBUQUE,,RHOMBERG AVE,Collision with:  Parked motor vehicle,On Roadway,Rear-end (front to rear),Equipment failure,None Indicated,,Daylight,Dry,Cloudy,None apparent,Non-intersection:  Non-junction/no special feature,Paved,,Property Damage Only,0,0,0,0,0,0,7000,2,1,,POINT (-90.65525800633 42.525437982888)
2014801710,14-18012,05/29/2014,05-May,5-Thursday,15:03,1500 Hours,District 5 (Southeast),WEST BURLINGTON,DES MOINES,,W AGENCY RD,Collision with:  Vehicle in traffic,On Roadway,"Angle, oncoming left turn",FTYROW:  Making left turn,None Indicated,,Daylight,Dry,Clear,None apparent,Non-intersection:  Driveway access (within),Paved,,Minor Injury,0,1,0,1,0,0,6500,2,3,,POINT (-91.158173562164 40.813145780208)
2014801436,14-16692,05/29/2014,05-May,5-Thursday,10:27,1000 Hours,District 3 (Northwest),SIOUX CITY,WOODBURY,,STONE PARK BLVD & HAMILTON BLVD,Collision with fixed object:  Curb/island/raised median,Median,Non-collision (single vehicle),Equipment failure,None Indicated,,Daylight,Dry,Cloudy,None apparent,Intersection:  Four-way intersection,Paved,,Property Damage Only,0,0,0,0,0,0,2000,1,1,,POINT (-96.415262059805 42.525588898602)
2014800988,01-14-22896,05/29/2014,05-May,5-Thursday,11:37,1100 Hours,District 6 (East Central),DUBUQUE,DUBUQUE,,ROCKDALE RD & MAQUOKETA ST,Collision with:  Vehicle in traffic,On Roadway,Rear-end (front to rear),Driving too fast for conditions,None Indicated,,Daylight,Dry,Clear,None apparent,Non-intersection:  Non-junction/no special feature,Paved,,Property Damage Only,0,0,0,0,0,0,5000,2,2,,POINT (-90.678483990222 42.454814756854)
2014801038,14-2658,05/29/2014,05-May,5-Thursday,16:05,1600 Hours,District 6 (East Central),HIAWATHA,LINN,,18TH AVE & BOYSON RD,Collision with:  Vehicle in traffic,On Roadway,Rear-end (front to rear),FTYROW:  Other (explain in narrative),None Indicated,,Daylight,Dry,Clear,None apparent,Non-intersection:  Non-junction/no special feature,Paved,,Property Damage Only,0,0,0,0,0,0,4000,2,2,,POINT (-91.697296377876 42.044257527853)
2014801125,W14-052987,05/29/2014,05-May,5-Thursday,14:53,1400 Hours,District 2 (Northeast),WATERLOO,BLACK HAWK,US 218,US 218/WASHINGTON ST,Collision with:  Vehicle in traffic,On Roadway,Rear-end (front to rear),Other (explain in narrative):  Other,None Indicated,,Daylight,Dry,Clear,None apparent,Non-intersection:  Other non-intersection (explain in narrative),Paved,,Possible/Unknown,0,1,0,0,1,0,1500,2,2,,POINT (-92.327819017418 42.483663768549)
2014800841,20140014878,05/29/2014,05-May,5-Thursday,07:27,0700 Hours,District 1 (Central),DES MOINES,POLK,,UNIVERSITY AVE,Collision with:  Vehicle in traffic,On Roadway,Broadside (front to side),FTYROW:  Making left turn,None Indicated,,Daylight,Dry,Clear,None apparent,Non-intersection:  Driveway access (within),Paved,,Property Damage Only,0,0,0,0,0,0,7000,3,2,,POINT (-93.682230351234 41.60036058621)
2014801438,14-16745,05/29/2014,05-May,5-Thursday,17:52,1700 Hours,District 3 (Northwest),SIOUX CITY,WOODBURY,I-29,I-29,Collision with:  Vehicle in traffic,On Roadway,Rear-end (front to rear),Followed too close,None Indicated,,Daylight,Dry,Cloudy,None apparent,Interchange-related:  On-ramp merge area,Paved,,Property Damage Only,0,0,0,0,0,0,3300,2,2,,POINT (-96.425865090474 42.491973589432)
2014800840,20140014875,05/29/2014,05-May,5-Thursday,06:38,0600 Hours,District 1 (Central),DES MOINES,POLK,,E HARTFORD AVE & SE 6TH ST,Collision with:  Vehicle in traffic,On Roadway,Rear-end (front to rear),Other (explain in narrative):  No improper action,None Indicated,,Daylight,Dry,Clear,None apparent,Intersection:  Four-way intersection,Paved,,Possible/Unknown,0,2,0,0,2,0,2200,3,3,,POINT (-93.605315168309 41.569941427539)
2014801041,14-022278,05/29/2014,05-May,5-Thursday,14:38,1400 Hours,District 5 (Southeast),MUSCATINE,MUSCATINE,,E 2ND ST,Collision with:  Vehicle in traffic,On Roadway,Rear-end (front to rear),Swerving/Evasive Action,None Indicated,,Daylight,Dry,Clear,None apparent,Non-intersection:  Non-junction/no special feature,Paved,,Property Damage Only,0,0,0,0,0,0,2700,5,5,,POINT (-91.038697387034 41.425205737689)
2014801283,20140014938,05/29/2014,05-May,5-Thursday,16:10,1600 Hours,District 1 (Central),DES MOINES,POLK,US 69,US 69/SE 14TH ST,Collision with:  Vehicle in traffic,On Roadway,"Sideswipe, same direction",Crossed centerline (undivided),None Indicated,,Daylight,Dry,Clear,None apparent,Non-intersection:  Non-junction/no special feature,Paved,,Property Damage Only,0,0,0,0,0,0,7500,2,3,,POINT (-93.596855534144 41.544774207943)
2014801097,14-1595,05/29/2014,05-May,5-Thursday,13:25,1300 Hours,District 1 (Central),FORT DODGE,WEBSTER,,7TH AVE N & N 15TH ST,Collision with:  Vehicle in traffic,On Roadway,Broadside (front to side),Ran Traffic Signal,None Indicated,,Daylight,Dry,Clear,None apparent,Intersection:  Four-way intersection,Paved,,Property Damage Only,0,0,0,0,0,0,3000,2,2,,POINT (-94.17799471594 42.512883988924)
2014835368,14-00526,05/29/2014,05-May,5-Thursday,12:23,1200 Hours,District 1 (Central),TOLEDO,TAMA,,BROADWAY ST,Collision with:  Vehicle in traffic,On Roadway,Broadside (front to side),FTYROW:  From stop sign,None Indicated,,Daylight,Dry,Clear,None apparent,Intersection:  Four-way intersection,Paved,,Property Damage Only,0,0,0,0,0,0,16000,2,3,,POINT (-92.578397536361 41.985632733471)
2014801434,14-16663,05/29/2014,05-May,5-Thursday,06:59,0600 Hours,District 3 (Northwest),SIOUX CITY,WOODBURY,,9TH ST & CLARK ST,Collision with:  Vehicle in traffic,On Roadway,"Sideswipe, same direction",FTYROW:  At uncontrolled intersection,None Indicated,,Daylight,Dry,Clear,None apparent,Intersection:  T-intersection,Paved,,Property Damage Only,0,0,0,0,0,0,2900,2,2,,POINT (-96.391170319078 42.499273751693)
2014801828,2014031948,05/29/2014,05-May,5-Thursday,20:19,2000 Hours,District 6 (East Central),,JOHNSON,IA 22,IA 22/IOWA 22 & Co Rd W66/SAND RD,Collision with:  Vehicle in traffic,On Roadway,Rear-end (front to rear),Followed too close,None Indicated,,Dusk,Dry,Cloudy,None apparent,Intersection:  Four-way intersection,Paved,,Major Injury,0,2,1,1,0,0,20000,2,2,,POINT (-91.503379400321 41.496285707327)
2014802710,,05/29/2014,05-May,5-Thursday,07:14,0700 Hours,District 1 (Central),TAMA,TAMA,US 63,US 63/13TH ST/HARDING ST,Collision with:  Vehicle in traffic,On Roadway,"Sideswipe, same direction",Unknown,None Indicated,,,Dry,,,,Paved,,Property Damage Only,0,0,0,0,0,0,4500,2,5,,POINT (-92.581739657942 41.971153217424)
2014801042,14-022221,05/29/2014,05-May,5-Thursday,04:43,0400 Hours,District 5 (Southeast),MUSCATINE,MUSCATINE,,CHESTNUT ST,Collision with:  Parked motor vehicle,On Roadway,"Sideswipe, same direction",Swerving/Evasive Action,None Indicated,,Dawn,Dry,Cloudy,None apparent,Intersection:  Four-way intersection,Paved,,Property Damage Only,0,0,0,0,0,0,4500,2,1,,POINT (-91.050064818545 41.424038986566)
2014801307,14-1183,05/29/2014,05-May,5-Thursday,17:02,1700 Hours,District 1 (Central),URBANDALE,POLK,,NW URBANDALE DR,Collision with:  Vehicle in traffic,On Roadway,Rear-end (front to rear),Followed too close,None Indicated,,Daylight,Dry,Clear,None apparent,Non-intersection:  Non-junction/no special feature,Paved,,Property Damage Only,0,0,0,0,0,0,13000,2,2,,POINT (-93.772371813218 41.647537285813)
2014801115,14-3259,05/29/2014,05-May,5-Thursday,11:15,1100 Hours,District 2 (Northeast),,KOSSUTH,US 18,US 18 & 140 AVE,Collision with:  Vehicle in traffic,On Roadway,"Angle, oncoming left turn",FTYROW:  Making left turn,None Indicated,,Daylight,Dry,Clear,None apparent,Intersection:  Four-way intersection,Paved,,Minor Injury,0,1,0,1,0,0,18500,2,2,,POINT (-94.187481211004 43.082827892703)
2014801829,2014031956,05/29/2014,05-May,5-Thursday,21:27,2100 Hours,District 6 (East Central),,CEDAR,I-80,I-80,Collision with:  Animal,,,Animal,None Indicated,,,,,,,Paved,,Property Damage Only,0,0,0,0,0,0,2500,1,1,,POINT (-91.251919739592 41.663381211187)
2014801201,2014005920,05/29/2014,05-May,5-Thursday,14:27,1400 Hours,District 6 (East Central),IOWA CITY,JOHNSON,,A ST & 2ND AVE,Collision with:  Non-motorist (see non-motorist section - NOT a unit),On Roadway,Non-collision (single vehicle),Other (explain in narrative):  No improper action,None Indicated,,Daylight,Dry,Clear,None apparent,Intersection:  Four-way intersection,Paved,,Possible/Unknown,0,1,0,0,1,0,0,1,2,,POINT (-91.503440056344 41.655223363391)
2014812836,14-003616,05/29/2014,05-May,5-Thursday,14:30,1400 Hours,District 3 (Northwest),,PALO ALTO,US 18,US 18/360 ST,Collision with:  Vehicle in traffic,On Roadway,"Sideswipe, same direction",Followed too close,None Indicated,,Daylight,Dry,Cloudy,None apparent,Non-intersection:  Non-junction/no special feature,Paved,,Minor Injury,0,2,0,2,0,0,300,2,3,,POINT (-94.74663321607 43.126615419955)
2014801066,14-2484,05/29/2014,05-May,5-Thursday,16:23,1600 Hours,District 4 (Southwest),WEST DES MOINES,DALLAS,,COACHLIGHT CT & 68TH ST,Collision with:  Vehicle in traffic,On Roadway,Rear-end (front to rear),Followed too close,None Indicated,,Daylight,Dry,Clear,None apparent,Intersection:  Four-way intersection,Paved,,Possible/Unknown,0,1,0,0,1,0,4000,2,4,,POINT (-93.799899607706 41.565293585323)
2014801202,2014005932,05/29/2014,05-May,5-Thursday,21:38,2100 Hours,District 6 (East Central),IOWA CITY,JOHNSON,,N 1ST AVE,Collision with:  Vehicle in traffic,On Roadway,Rear-end (front to rear),Followed too close,None Indicated,,Dark - roadway lighted,Dry,Clear,None apparent,Non-intersection:  Non-junction/no special feature,Paved,,Property Damage Only,0,0,0,0,0,0,3000,2,2,,POINT (-91.502020871717 41.667228999446)
2014800949,14-52880,05/29/2014,05-May,5-Thursday,08:22,0800 Hours,District 2 (Northeast),,BLACK HAWK,US 20,US 20/NE RAMP/NW RAMP & Co Rd V51/S CANFIELD RD,Non-collision events:  Other non-collision (explain in narrative),On Roadway,Non-collision (single vehicle),FTYROW:  Making left turn,None Indicated,,Daylight,Dry,Clear,None apparent,Intersection:  Four-way intersection,Paved,,Minor Injury,0,1,0,1,0,0,3000,2,5,,POINT (-92.161822732169 42.451688941829)
2014801737,14-04945,05/29/2014,05-May,5-Thursday,08:40,0800 Hours,District 5 (Southeast),MOUNT PLEASANT,HENRY,,W MONROE ST,Collision with:  Parked motor vehicle,On Roadway,Rear-end (front to rear),Over correcting/over steering,None Indicated,,Daylight,Dry,Cloudy,None apparent,Non-intersection:  Alley,Paved,,Property Damage Only,0,0,0,0,0,0,1900,2,777,,POINT (-91.555185397918 40.966749174374)
2014801065,14-1182,05/29/2014,05-May,5-Thursday,14:32,1400 Hours,District 1 (Central),URBANDALE,POLK,US 6,US 6/HICKMAN RD,Collision with:  Vehicle in traffic,On Roadway,Broadside (front to side),FTYROW:  From driveway,None Indicated,,Daylight,Dry,Clear,None apparent,Non-intersection:  Driveway access (within),Paved,,Property Damage Only,0,0,0,0,0,0,5300,2,3,,POINT (-93.72257812246 41.614732754523)
2014801030,C14001652,05/29/2014,05-May,5-Thursday,00:00,0000 Hours,District 6 (East Central),CORALVILLE,JOHNSON,,HOLIDAY RD,Collision with fixed object:  Traffic sign support,On Roadway,Non-collision (single vehicle),Unknown,Alcohol (< Statutory),,Dark - roadway lighted,Dry,Clear,None apparent,Non-intersection:  Non-junction/no special feature,Paved,,Property Damage Only,0,0,0,0,0,0,2000,1,1,,POINT (-91.606337534502 41.700380703742)
2014800821,201407542,05/29/2014,05-May,5-Thursday,08:43,0800 Hours,District 6 (East Central),CEDAR RAPIDS,LINN,,MT VERNON RD SE,Collision with:  Vehicle in traffic,On Roadway,Rear-end (front to rear),Followed too close,None Indicated,,Daylight,Dry,Clear,Other (explain in narrative),Non-intersection:  Non-junction/no special feature,Paved,,Property Damage Only,0,0,0,0,0,0,10500,3,4,,POINT (-91.648665683566 41.977399172731)
2014801457,2014031789,05/29/2014,05-May,5-Thursday,09:50,0900 Hours,District 6 (East Central),,BENTON,,Co Rd V40/13 AVE & 59 ST,Non-collision events:  Overturn/rollover,Shoulder,Non-collision (single vehicle),Swerving/Evasive Action,None Indicated,,Daylight,"Mud, dirt",Clear,None apparent,Non-intersection:  Non-junction/no special feature,Unpaved,,Property Damage Only,0,0,0,0,0,0,8000,1,1,,POINT (-92.241328288132 42.16701945031)
2014812287,2014-4682,05/29/2014,05-May,5-Thursday,06:34,0600 Hours,District 6 (East Central),ELDRIDGE,SCOTT,US 61,US 61,Collision with:  Vehicle in traffic,On Roadway,Rear-end (front to rear),Followed too close,None Indicated,,Daylight,Dry,Clear,None apparent,Non-intersection:  Non-junction/no special feature,Paved,,Property Damage Only,0,0,0,0,0,0,6500,2,2,,POINT (-90.568148146786 41.641783451529)
2014803613,,05/29/2014,05-May,5-Thursday,11:45,1100 Hours,District 4 (Southwest),,ADAIR,IA 25,IA 25/IOWA 25 & 120TH ST,Collision with:  Animal,On Roadway,Non-collision (single vehicle),Animal,None Indicated,,Daylight,Dry,Clear,None apparent,Non-intersection:  Non-junction/no special feature,Paved,,Property Damage Only,0,0,0,0,0,0,20000,1,4,,POINT (-94.452426081528 41.474857020781)
2014801090,2014-35351,05/29/2014,05-May,5-Thursday,17:40,1700 Hours,District 6 (East Central),DAVENPORT,SCOTT,,E 53RD ST,Collision with:  Vehicle in traffic,On Roadway,Rear-end (front to rear),Other (explain in narrative):  Other,None Indicated,,Daylight,Dry,Cloudy,None apparent,Non-intersection:  Non-junction/no special feature,Paved,,Property Damage Only,0,0,0,0,0,0,2000,2,3,,POINT (-90.538028376577 41.574801592719)
2014802746,14003149,05/29/2014,05-May,5-Thursday,21:50,2100 Hours,District 3 (Northwest),CHEROKEE,CHEROKEE,US 59,US 59 & FRONTAGE RD,Collision with:  Animal,,,Animal,None Indicated,,,,,,,Paved,,Property Damage Only,0,0,0,0,0,0,1500,1,1,,POINT (-95.554500777057 42.720509942235)
2014801112,2014031954,05/29/2014,05-May,5-Thursday,21:30,2100 Hours,District 5 (Southeast),,CLARKE,I-35,I-35,Collision with:  Animal,,,Animal,None Indicated,,,,,,,Paved,,Property Damage Only,0,0,0,0,0,0,2000,1,1,,POINT (-93.781062593046 41.072309408566)
2014801058,20140014970,05/29/2014,05-May,5-Thursday,22:37,2200 Hours,District 1 (Central),DES MOINES,POLK,,KINGMAN BLVD & 25TH ST,Collision with fixed object:  Other fixed object (explain in narrative),Outside trafficway,Non-collision (single vehicle),Ran off road - right,None Indicated,,Dark - roadway lighted,Dry,Clear,None apparent,Intersection:  Four-way intersection,Paved,,Property Damage Only,0,0,0,0,0,0,1500,1,1,,POINT (-93.650921046343 41.59660596109)
2014801040,14003595,05/29/2014,05-May,5-Thursday,11:30,1100 Hours,District 3 (Northwest),ONAWA,MONONA,,RUBY ST & 13TH ST,Collision with:  Vehicle in traffic,On Roadway,Broadside (front to side),FTYROW:  At uncontrolled intersection,None Indicated,,Daylight,Dry,Clear,None apparent,Non-intersection:  Non-junction/no special feature,Paved,,Property Damage Only,0,0,0,0,0,0,4800,2,3,,POINT (-96.101203643364 42.029457786525)
2014801067,14-2482,05/29/2014,05-May,5-Thursday,12:37,1200 Hours,District 1 (Central),WEST DES MOINES,POLK,,ASHWORTH RD & 39TH ST,Collision with:  Vehicle in traffic,On Roadway,Broadside (front to side),Ran Traffic Signal,None Indicated,,Daylight,Dry,Clear,None apparent,Intersection:  Four-way intersection,Paved,,Possible/Unknown,0,2,0,0,2,0,13000,2,3,,POINT (-93.756530359827 41.584700487976)
2014800958,14003103,05/29/2014,05-May,5-Thursday,01:00,0100 Hours,District 2 (Northeast),,CERRO GORDO,,Co Rd B35/255TH ST & Co Rd S34/LARK AVE,Collision with:  Parked motor vehicle,Shoulder,"Sideswipe, same direction",Unknown,None Indicated,,Dark - roadway not lighted,Dry,Clear,None apparent,Non-intersection:  Non-junction/no special feature,Paved,,Property Damage Only,0,0,0,0,0,0,2000,2,2,,POINT (-93.280371658217 43.133769579992)
2014801437,14-16724,05/29/2014,05-May,5-Thursday,16:11,1600 Hours,District 3 (Northwest),SIOUX CITY,WOODBURY,,W 4TH ST & HAMILTON BLVD,Collision with:  Vehicle in traffic,On Roadway,Broadside (front to side),Ran Traffic Signal,None Indicated,,Daylight,Dry,Cloudy,None apparent,Intersection:  Four-way intersection,Paved,,Property Damage Only,0,0,0,0,0,0,3200,2,5,,POINT (-96.420514769805 42.500282624543)
2014801616,2014-10693,05/29/2014,05-May,5-Thursday,07:50,0700 Hours,District 6 (East Central),ELDRIDGE,SCOTT,,S PARK VIEW DR,Collision with:  Vehicle in traffic,On Roadway,Broadside (front to side),FTYROW:  Other (explain in narrative),None Indicated,,Daylight,Dry,Clear,None apparent,Intersection:  T-intersection,Paved,,Property Damage Only,0,0,0,0,0,0,2000,2,2,,POINT (-90.541754917788 41.689837277333)
2014800972,14-007504,05/29/2014,05-May,5-Thursday,16:41,1600 Hours,District 3 (Northwest),SPENCER,CLAY,US 18,US 18/N GRAND AVE,Collision with:  Vehicle in traffic,On Roadway,Rear-end (front to rear),Other (explain in narrative):  Other,None Indicated,,Daylight,Dry,Clear,None apparent,Non-intersection:  Non-junction/no special feature,Paved,,Property Damage Only,0,0,0,0,0,0,5000,3,6,,POINT (-95.14465187387 43.140825528084)
2014802497,,05/29/2014,05-May,5-Thursday,15:53,1500 Hours,District 2 (Northeast),CHARLES CITY,FLOYD,,CLARK ST & MAPLE AVE,Collision with:  Vehicle in traffic,On Roadway,Rear-end (front to rear),FTYROW:  From driveway,None Indicated,,Daylight,Dry,Clear,None apparent,Non-intersection:  Driveway access (within),Paved,,Property Damage Only,0,0,0,0,0,0,17000,2,2,,POINT (-92.667798007219 43.062014666079)
2014801652,14-002577,05/29/2014,05-May,5-Thursday,12:30,1200 Hours,District 1 (Central),AMES,STORY,,LINCOLN WAY & N RIVERSIDE DR,Collision with:  Vehicle in traffic,On Roadway,Rear-end (front to rear),Followed too close,None Indicated,,Daylight,Dry,Clear,None apparent,Intersection:  Four-way intersection,Paved,,Property Damage Only,0,0,0,0,0,0,4000,2,3,,POINT (-93.629788188065 42.022858382287)
2014805779,14-004171,05/29/2014,05-May,5-Thursday,12:29,1200 Hours,District 2 (Northeast),,CLAYTON,,Co Rd C2W/BELL RD & Co Rd W61/ACRE RD,Collision with:  Other non-fixed object (explain in narrative),On Roadway,Non-collision (single vehicle),Crossed centerline (undivided),None Indicated,,Daylight,Dry,Clear,None apparent,Intersection:  T-intersection,Paved,,Possible/Unknown,0,1,0,0,1,0,6000,2,2,,POINT (-91.572054172754 42.792685454566)
2014800990,01-14-22971,05/29/2014,05-May,5-Thursday,16:37,1600 Hours,District 6 (East Central),DUBUQUE,DUBUQUE,US 61,US 61,Collision with:  Vehicle in traffic,On Roadway,Rear-end (front to rear),Unknown,None Indicated,,Daylight,Dry,Clear,Work Zone (roadway-related),Non-intersection:  Other non-intersection (explain in narrative),Paved,Yes,Property Damage Only,0,0,0,0,0,0,3500,4,4,,POINT (-90.641882498013 42.515617895589)
2014801099,14-16666,05/29/2014,05-May,5-Thursday,07:15,0700 Hours,District 3 (Northwest),SIOUX CITY,WOODBURY,,32ND ST & DOUGLAS ST,Collision with:  Animal,,,Animal,None Indicated,,,,,,,Paved,,Property Damage Only,0,0,0,0,0,0,4000,1,1,,POINT (-96.406716153035 42.52491610414)
2014829742,A390514-1320,05/29/2014,05-May,5-Thursday,22:40,2200 Hours,District 4 (Southwest),,GUTHRIE,IA 4,IA 4/IOWA 4,Collision with:  Animal,,,Animal,None Indicated,,,,,,,Paved,,Property Damage Only,0,0,0,0,0,0,2000,1,1,,POINT (-94.362649137403 41.70632791591)
2014809801,1404016,05/29/2014,05-May,5-Thursday,13:40,1300 Hours,District 5 (Southeast),WASHINGTON,WASHINGTON,,W WASHINGTON ST & E WASHINGTON ST & S IOWA AVE,Collision with:  Vehicle in traffic,On Roadway,Rear-end (front to rear),FTYROW:  From parked position,None Indicated,,Daylight,Dry,Clear,None apparent,Non-intersection:  Other non-intersection (explain in narrative),Paved,,Property Damage Only,0,0,0,0,0,0,3000,2,3,,POINT (-91.691634638875 41.298412134594)
2014801056,20140014964,05/29/2014,05-May,5-Thursday,21:30,2100 Hours,District 1 (Central),DES MOINES,POLK,,ARTHUR AVE,Collision with:  Parked motor vehicle,On Roadway,Head-on (front to front),Unknown,None Indicated,,Dark - roadway lighted,Dry,Clear,None apparent,Non-intersection:  Non-junction/no special feature,Paved,,Property Damage Only,0,0,0,0,0,0,7000,2,1,,POINT (-93.592650068177 41.617250426707)
2014801200,2014005907,05/29/2014,05-May,5-Thursday,10:28,1000 Hours,District 6 (East Central),IOWA CITY,JOHNSON,US 6,US 6 & SYCAMORE ST,Collision with:  Vehicle in traffic,On Roadway,Rear-end (front to rear),Followed too close,None Indicated,,Daylight,Dry,Clear,None apparent,Intersection:  Four-way intersection,Paved,,Property Damage Only,0,0,0,0,0,0,5000,2,3,,POINT (-91.511630523247 41.641143928478)