Iowa DOT Case Number,Law Enforcement Case Number,Date of Crash,Month of Crash,Day of Week,Time of Crash,Hour,DOT District,City Name,County Name,Route with System,Location Description,First Harmful Event,Location of First Harmful Event,Manner of Crash/Collision,Major Cause,Drug or Alcohol ,Environmental Conditions,Light Conditions,Surface Conditions,Weather Conditions,Roadway Contribution,Roadway Type,Roadway Surface,Work Zone,Crash Severity,Number of Fatalities,Number of Injuries,Number of Major Injuries,Number of Minor Injuries,Number of Possible Injuries,Number of Unknown Injuries,Amount of Property Damage,Number of Vehicles Involved,Total Number of Occupants,Travel Direction,Location
2014801284,20140015186,05/31/2014,05-May,7-Saturday,15:02,1500 Hours,District 1 (Central),DES MOINES,POLK,,HUBBELL AVE & EASTON BLVD,Collision with:  Vehicle in traffic,On Roadway,Rear-end (front to rear),Followed too close,None Indicated,,Daylight,Wet,Clear,None apparent,Intersection:  Four-way intersection,Paved,,Property Damage Only,0,0,0,0,0,0,3000,2,3,,POINT (-93.570932447433 41.607245225311)
2014802024,14-5648,05/31/2014,05-May,7-Saturday,15:31,1500 Hours,District 3 (Northwest),CARROLL,CARROLL,,ROLENE RD,Collision with:  Vehicle in traffic,On Roadway,Rear-end (front to rear),Improper Backing,None Indicated,,Daylight,Dry,Cloudy,None apparent,Non-intersection:  Non-junction/no special feature,Paved,,Property Damage Only,0,0,0,0,0,0,3500,2,1,,POINT (-94.849589597907 42.070158331927)
2014801188,20141886,05/31/2014,05-May,7-Saturday,21:30,2100 Hours,District 1 (Central),,GRUNDY,US 20,US 20,Collision with:  Animal,,,Animal,None Indicated,,,,,,,Paved,,Property Damage Only,0,0,0,0,0,0,5000,1,1,,POINT (-92.823461715357 42.463083201001)
2014802493,14-007960,05/31/2014,05-May,7-Saturday,08:00,0800 Hours,District 6 (East Central),TIPTON,CEDAR,,SUNRISE PL,Collision with:  Vehicle in traffic,On Roadway,Broadside (front to side),Unknown,None Indicated,,Daylight,Dry,Clear,None apparent,Non-intersection:  Non-junction/no special feature,Paved,,Property Damage Only,0,0,0,0,0,0,4500,2,1,,POINT (-91.121406112472 41.778190459029)
2014801513,053114-17,05/31/2014,05-May,7-Saturday,02:07,0200 Hours,District 3 (Northwest),,BUENA VISTA,IA 7,IA 7/IOWA 7 & 640TH ST,Non-collision events:  Overturn/rollover,Outside trafficway,Non-collision (single vehicle),Exceeded authorized speed,None Indicated,,Dark - roadway not lighted,Dry,Clear,None apparent,Non-intersection:  Non-junction/no special feature,Paved,,Major Injury,0,1,1,0,0,0,10000,1,1,,POINT (-94.988723987353 42.589626348476)
2014801551,2014005986,05/31/2014,05-May,7-Saturday,13:10,1300 Hours,District 6 (East Central),IOWA CITY,JOHNSON,US 218,US 218/SE RAMP CURV,Collision with:  Vehicle in traffic,On Roadway,Rear-end (front to rear),Followed too close,None Indicated,,Daylight,Dry,Clear,None apparent,Non-intersection:  Non-junction/no special feature,Paved,,Property Damage Only,0,0,0,0,0,0,2500,2,4,,POINT (-91.566366186126 41.63430098175)
2014801674,14-16967,05/31/2014,05-May,7-Saturday,12:49,1200 Hours,District 3 (Northwest),SIOUX CITY,WOODBURY,,W 15TH ST & HAMILTON BLVD,Collision with:  Vehicle in traffic,On Roadway,Broadside (front to side),FTYROW:  From stop sign,None Indicated,,Daylight,Dry,Cloudy,None apparent,Intersection:  Four-way intersection,Paved,,Property Damage Only,0,0,0,0,0,0,6000,2,3,,POINT (-96.416652634752 42.506223850762)
2014802514,,05/31/2014,05-May,7-Saturday,07:00,0700 Hours,District 5 (Southeast),,WASHINGTON,US 218,US 218,Collision with:  Animal,On Roadway,Non-collision (single vehicle),Animal,None Indicated,,Daylight,Dry,Cloudy,,Non-intersection:  Non-junction/no special feature,Paved,,Property Damage Only,0,0,0,0,0,0,3200,1,1,,POINT (-91.537892885719 41.269485484059)
2014801809,14-002633,05/31/2014,05-May,7-Saturday,23:35,2300 Hours,District 1 (Central),AMES,STORY,,E 13TH ST,Collision with fixed object:  Ditch,Shoulder,Non-collision (single vehicle),Separation of units,None Indicated,,Dark - roadway lighted,Dry,Clear,None apparent,Non-intersection:  Non-junction/no special feature,Paved,,Property Damage Only,0,0,0,0,0,0,3500,1,1,,POINT (-93.573073503849 42.034530858786)
2014801344,14-022149,05/31/2014,05-May,7-Saturday,19:17,1900 Hours,District 4 (Southwest),COUNCIL BLUFFS,POTTAWATTAMIE,I-29,I-29 & I-80,Collision with:  Vehicle in traffic,On Roadway,"Sideswipe, same direction",Unknown,None Indicated,,Daylight,Dry,Clear,None apparent,Interchange-related:  On-ramp merge area,Paved,,Property Damage Only,0,0,0,0,0,0,1500,2,3,,POINT (-95.897678289035 41.233195121126)
2014828303,14050873,05/31/2014,05-May,7-Saturday,21:15,2100 Hours,District 5 (Southeast),,WAPELLO,US 34,US 34,Collision with:  Animal,,Non-collision (single vehicle),Animal,None Indicated,,,,,,,Paved,,Property Damage Only,0,0,0,0,0,0,2000,1,1,,POINT (-92.379821400862 41.014095413498)
2014802908,83-2014,05/31/2014,05-May,7-Saturday,21:35,2100 Hours,District 4 (Southwest),,HARRISON,US 30,US 30,Collision with:  Animal,,,Animal,None Indicated,,,,,,,Paved,,Property Damage Only,0,0,0,0,0,0,6000,1,1,,POINT (-95.978650490001 41.550455736896)
2014801136,14-053694,05/31/2014,05-May,7-Saturday,08:54,0800 Hours,District 2 (Northeast),HUDSON,BLACK HAWK,US 63,US 63/HWY 63,Collision with:  Vehicle in traffic,On Roadway,Rear-end (front to rear),Followed too close,None Indicated,,Daylight,Dry,Clear,None apparent,Non-intersection:  Non-junction/no special feature,Paved,,Property Damage Only,0,0,0,0,0,0,7000,2,2,,POINT (-92.448654366481 42.414044555854)
2014801138,201402441,05/31/2014,05-May,7-Saturday,15:09,1500 Hours,District 1 (Central),,BOONE,US 30,US 30/220TH ST & MONTANA RD,Collision with:  Vehicle in traffic,On Roadway,"Angle, oncoming left turn",FTYROW:  Making left turn,None Indicated,,Daylight,Dry,Cloudy,None apparent,Intersection:  Four-way intersection,Paved,,Property Damage Only,0,0,0,0,0,0,16400,2,4,,POINT (-93.912424942786 42.034811585299)
2014801132,W14-053772,05/31/2014,05-May,7-Saturday,12:59,1200 Hours,District 2 (Northeast),WATERLOO,BLACK HAWK,,W 6TH ST,Collision with:  Vehicle in traffic,On Roadway,"Sideswipe, same direction",FTYROW:  Other (explain in narrative),None Indicated,,Daylight,Dry,Cloudy,None apparent,Intersection:  Four-way intersection,Paved,,Property Damage Only,0,0,0,0,0,0,5700,2,2,,POINT (-92.341655244022 42.490426420073)
2014801236,14-003644,05/31/2014,05-May,7-Saturday,04:45,0400 Hours,District 3 (Northwest),,MONONA,I-29,I-29,Collision with:  Animal,,,Animal,None Indicated,,,,,,,Paved,,Property Damage Only,0,0,0,0,0,0,5000,1,1,,POINT (-96.10177579299 41.968701757516)
2014801813,2014032425,05/31/2014,05-May,7-Saturday,23:10,2300 Hours,District 5 (Southeast),MUSCATINE,MUSCATINE,US 61,US 61/GRANDVIEW AVE & 57TH ST,Collision with:  Animal,,,Animal,None Indicated,,,,,,,Paved,,Property Damage Only,0,0,0,0,0,0,5000,1,1,,POINT (-91.141010157568 41.364468375693)
2014801639,1-14-000199,05/31/2014,05-May,7-Saturday,21:00,2100 Hours,District 4 (Southwest),,SHELBY,IA 44,IA 44/IOWA 44,Collision with:  Animal,,,Animal,None Indicated,,,,,,,Paved,,Property Damage Only,0,0,0,0,0,0,3500,1,1,,POINT (-95.347379414678 41.645873151014)
2014801208,14-016236,05/31/2014,05-May,7-Saturday,15:30,1500 Hours,District 5 (Southeast),,LEE,,Co Rd X32/303 AVE,Collision with:  Animal,,,Animal,None Indicated,,,,,,,Paved,,Property Damage Only,0,0,0,0,0,0,1500,1,1,,POINT (-91.319899708136 40.659865373505)
2014801462,2014032296,05/31/2014,05-May,7-Saturday,05:00,0500 Hours,District 1 (Central),,JASPER,I-80,I-80,Collision with:  Animal,,,Animal,None Indicated,,,,,,,Paved,,Property Damage Only,0,0,0,0,0,0,1500,1,1,,POINT (-93.195529826542 41.696650168982)
2014801351,GP20140438,05/31/2014,05-May,7-Saturday,05:15,0500 Hours,District 1 (Central),GRINNELL,POWESHIEK,US 6,US 6/6TH AVE & BROAD ST,Collision with:  Vehicle in traffic,On Roadway,Rear-end (front to rear),Followed too close,None Indicated,,Daylight,Wet,Cloudy,None apparent,Intersection:  Four-way intersection,Paved,,Property Damage Only,0,0,0,0,0,0,3800,2,4,,POINT (-92.724123890991 41.746132487635)
2014801812,2014032406,05/31/2014,05-May,7-Saturday,20:23,2000 Hours,District 6 (East Central),,CEDAR,I-80,I-80,Collision with fixed object:  Guardrail - face,Median,Non-collision (single vehicle),Ran off road - left,None Indicated,,Dusk,Wet,Rain,"Surface condition (e.g., wet, icy)",Non-intersection:  Non-junction/no special feature,Paved,,Property Damage Only,0,0,0,0,0,0,6500,1,1,,POINT (-91.136850910663 41.645613207836)
2014802522,14-053904,05/31/2014,05-May,7-Saturday,19:59,1900 Hours,District 2 (Northeast),WATERLOO,BLACK HAWK,,FRANKLIN ST & VINTON ST,Collision with:  Vehicle in traffic,On Roadway,"Sideswipe, opposite direction",Crossed centerline (undivided),None Indicated,,Daylight,Dry,Cloudy,None apparent,Intersection:  Four-way intersection,Paved,,Property Damage Only,0,0,0,0,0,0,13000,2,2,,POINT (-92.320829817463 42.495393196744)
2014801873,14-004467,05/31/2014,05-May,7-Saturday,05:00,0500 Hours,District 6 (East Central),,DELAWARE,,Co Rd X21/197TH AVE & 267TH ST,Non-collision events:  Overturn/rollover,Shoulder,Non-collision (single vehicle),Over correcting/over steering,None Indicated,,Dawn,Dry,Clear,None apparent,Non-intersection:  Non-junction/no special feature,Paved,,Property Damage Only,0,0,0,0,0,0,8000,1,1,,POINT (-91.407939014215 42.401585414577)
2014802970,A14044,05/31/2014,05-May,7-Saturday,01:00,0100 Hours,District 5 (Southeast),KNOXVILLE,MARION,IA 5,IA 5/IOWA 5,Collision with:  Animal,,,Animal,None Indicated,,,,,,,Paved,,Property Damage Only,0,0,0,0,0,0,2000,1,1,,POINT (-93.118383314832 41.306201526481)
2014803935,14-17030,05/31/2014,05-May,7-Saturday,20:18,2000 Hours,District 3 (Northwest),SIOUX CITY,WOODBURY,,HELMER ST,Collision with fixed object:  Other fixed object (explain in narrative),On Roadway,Non-collision (single vehicle),Ran off road - left,None Indicated,,Daylight,Dry,Clear,None apparent,Non-intersection:  Alley,Paved,,Property Damage Only,0,0,0,0,0,0,2300,1,4,,POINT (-96.432675252959 42.500801050304)
2014802947,14-012937,05/31/2014,05-May,7-Saturday,10:51,1000 Hours,District 5 (Southeast),,MARION,IA 5,IA 5/IOWA 5 & IA 92/IOWA 92 & Co Rd S45/HWY 181,Collision with:  Vehicle in traffic,On Roadway,Broadside (front to side),Ran Stop Sign,None Indicated,,Daylight,Dry,Cloudy,None apparent,Intersection:  Four-way intersection,Paved,,Property Damage Only,0,0,0,0,0,0,3500,2,2,,POINT (-93.26191465493 41.354470944056)
2014810160,140001712,05/31/2014,05-May,7-Saturday,12:27,1200 Hours,District 2 (Northeast),MARQUETTE,CLAYTON,US 18,US 18/SW RAMP & MARQUETTE DR,Collision with:  Vehicle in traffic,On Roadway,Rear-end (front to rear),Followed too close,None Indicated,,Daylight,Dry,Clear,None apparent,Interchange-related:  On-ramp merge area,Paved,,Possible/Unknown,0,2,0,0,2,0,3000,2,6,,POINT (-91.181064246485 43.043735384884)
2014801835,2014032398,05/31/2014,05-May,7-Saturday,22:48,2200 Hours,District 3 (Northwest),,PLYMOUTH,,Co Rd K49/MAHOGANY AVE,Collision with fixed object:  Ditch,Shoulder,Non-collision (single vehicle),Ran off road - left,None Indicated,,Dark - roadway not lighted,Dry,Clear,None apparent,Non-intersection:  Non-junction/no special feature,Paved,,Major Injury,0,2,1,0,1,0,2000,1,2,,POINT (-96.154651396584 42.642274969318)
2014801998,,05/31/2014,05-May,7-Saturday,09:22,0900 Hours,District 2 (Northeast),NEW HAMPTON,CHICKASAW,IA 24,IA 24/E MAIN ST & S WATER AVE & N WATER AVE,Collision with:  Vehicle in traffic,On Roadway,Broadside (front to side),FTYROW:  From stop sign,None Indicated,,Daylight,Dry,Cloudy,None apparent,Intersection:  Four-way intersection,Paved,,Possible/Unknown,0,3,0,0,3,0,13000,2,3,,POINT (-92.312882234532 43.059344436031)
2014801277,20140015172,05/31/2014,05-May,7-Saturday,12:40,1200 Hours,District 1 (Central),DES MOINES,POLK,US 69,US 69/SE 14TH ST & E HARTFORD AVE,Collision with:  Vehicle in traffic,On Roadway,Rear-end (front to rear),Followed too close,None Indicated,,Daylight,Dry,Cloudy,None apparent,Intersection:  Four-way intersection,Paved,,Property Damage Only,0,0,0,0,0,0,3000,2,3,,POINT (-93.59692928767 41.569733066246)
2014801178,02-14-8351,05/31/2014,05-May,7-Saturday,06:18,0600 Hours,District 6 (East Central),DUBUQUE,DUBUQUE,IA 32,IA 32,Collision with:  Animal,,,Animal,None Indicated,,,,,,,Paved,,Property Damage Only,0,0,0,0,0,0,3000,1,1,,POINT (-90.709880219041 42.530901665412)
2014801177,02-14-8344,05/31/2014,05-May,7-Saturday,00:11,0000 Hours,District 6 (East Central),,DUBUQUE,,Co Rd D29/NORTH CASCADE RD,Collision with:  Parked motor vehicle,Shoulder,Rear-end (front to rear),Ran off road - right,Alcohol (< Statutory),,Dark - roadway not lighted,Dry,Clear,None apparent,Non-intersection:  Non-junction/no special feature,Paved,,Property Damage Only,0,0,0,0,0,0,6300,2,1,,POINT (-90.765519198126 42.451052122224)
2014801449,2014032360,05/31/2014,05-May,7-Saturday,14:20,1400 Hours,District 2 (Northeast),,HANCOCK,,Co Rd B14/330TH ST & VAN AVE,Collision with:  Vehicle in traffic,On Roadway,Rear-end (front to rear),FTYROW:  Other (explain in narrative),None Indicated,,Daylight,Dry,Clear,None apparent,Non-intersection:  Non-junction/no special feature,Paved,,Minor Injury,0,1,0,1,0,0,11500,2,4,,POINT (-93.546904768152 43.242006878933)
2014801627,2014-35746,05/31/2014,05-May,7-Saturday,02:26,0200 Hours,District 6 (East Central),DAVENPORT,SCOTT,,ROCKINGHAM RD & S CLARK ST,Non-collision events:  Other non-collision (explain in narrative),On Roadway,Non-collision (single vehicle),Lost Control,None Indicated,,Dark - roadway lighted,Dry,Clear,None apparent,Non-intersection:  Driveway access (within),Paved,,Property Damage Only,0,0,0,0,0,0,8100,1,1,,POINT (-90.618813475875 41.511603622223)
2014801463,2014032303,05/31/2014,05-May,7-Saturday,05:45,0500 Hours,District 1 (Central),WEST DES MOINES,POLK,I-35,I-35,Collision with:  Animal,,,Animal,None Indicated,,,,,,,Paved,,Property Damage Only,0,0,0,0,0,0,5000,1,1,,POINT (-93.776905547508 41.516974029241)
2014801300,20140015164,05/31/2014,05-May,7-Saturday,11:50,1100 Hours,District 1 (Central),DES MOINES,POLK,,FLEUR DR,Collision with:  Vehicle in traffic,On Roadway,Rear-end (front to rear),FTYROW:  Other (explain in narrative),None Indicated,,Daylight,Dry,Cloudy,None apparent,Intersection:  Four-way intersection,Paved,,Property Damage Only,0,0,0,0,0,0,3000,2,3,,POINT (-93.644933887938 41.572536296097)
2014801406,2014-35796,05/31/2014,05-May,7-Saturday,09:41,0900 Hours,District 6 (East Central),DAVENPORT,SCOTT,,W 3RD ST & MAIN ST,Collision with:  Vehicle in traffic,On Roadway,Rear-end (front to rear),Followed too close,None Indicated,,Daylight,Dry,Clear,None apparent,Intersection:  Four-way intersection,Paved,,Possible/Unknown,0,1,0,0,1,0,4000,3,5,,POINT (-90.57550039682 41.522442578385)
2014801655,14-002626,05/31/2014,05-May,7-Saturday,14:51,1400 Hours,District 1 (Central),AMES,STORY,,WEST ST,Collision with:  Parked motor vehicle,On Roadway,Rear-end (front to rear),Other (explain in narrative):  Other,None Indicated,,Daylight,Dry,Clear,None apparent,Non-intersection:  Non-junction/no special feature,Paved,,Property Damage Only,0,0,0,0,0,0,3300,2,1,,POINT (-93.661311818788 42.02495074363)
2014850907,14-004176,05/31/2014,05-May,7-Saturday,09:16,0900 Hours,District 5 (Southeast),,LOUISA,IA 78,IA 78/IOWA 78,Collision with:  Vehicle in traffic,On Roadway,Rear-end (front to rear),Ran off road - right,None Indicated,,Daylight,Dry,Cloudy,None apparent,Non-intersection:  Non-junction/no special feature,Paved,,Minor Injury,0,1,0,1,0,0,7500,2,2,,POINT (-91.210063081051 41.088183747028)
2014801464,2014032327,05/31/2014,05-May,7-Saturday,10:20,1000 Hours,District 1 (Central),,POLK,I-80,I-80,Collision with:  Vehicle in traffic,On Roadway,"Sideswipe, same direction",Improper or erratic lane changing,None Indicated,,Daylight,Dry,Clear,None apparent,Non-intersection:  Non-junction/no special feature,Paved,,Property Damage Only,0,0,0,0,0,0,2200,2,5,,POINT (-93.551771089639 41.655635381517)
2014801743,14-040531-01,05/31/2014,05-May,7-Saturday,23:00,2300 Hours,District 6 (East Central),,IOWA,I-80,I-80,Collision with:  Animal,,,Animal,None Indicated,,,,,,,Paved,,Property Damage Only,0,0,0,0,0,0,3500,1,1,,POINT (-91.853388301771 41.687223333576)
2014801550,2014005979,05/31/2014,05-May,7-Saturday,10:58,1000 Hours,District 6 (East Central),IOWA CITY,JOHNSON,,MELROSE AVE & CAMP CARDINAL BLVD,Collision with:  Vehicle in traffic,On Roadway,"Sideswipe, same direction",FTYROW:  Making left turn,None Indicated,,Daylight,Dry,Clear,None apparent,Intersection:  T-intersection,Paved,,Property Damage Only,0,0,0,0,0,0,15000,2,2,,POINT (-91.594157417724 41.657044455299)
2014801248,14-002361,05/31/2014,05-May,7-Saturday,17:52,1700 Hours,District 1 (Central),ANKENY,POLK,,SE DELAWARE AVE & SE 16TH CT,Collision with:  Animal,,,Animal,None Indicated,,,,,,,Paved,,Property Damage Only,0,0,0,0,0,0,2000,1,1,,POINT (-93.581167274118 41.713874590956)
2014802679,14-002624,05/31/2014,05-May,7-Saturday,13:04,1300 Hours,District 1 (Central),AMES,STORY,,ONEIL DR & DUFF AVE,Collision with:  Vehicle in traffic,On Roadway,Rear-end (front to rear),Lost Control,None Indicated,,Daylight,Dry,Clear,None apparent,Non-intersection:  Non-junction/no special feature,Paved,,Property Damage Only,0,0,0,0,0,0,2300,2,1,,POINT (-93.610700372155 42.040209097233)
2014802099,14012386,05/31/2014,05-May,7-Saturday,13:05,1300 Hours,District 5 (Southeast),OSKALOOSA,MAHASKA,IA 92,IA 92/A AVE W,Collision with:  Vehicle in traffic,On Roadway,"Sideswipe, same direction",FTYROW:  Other (explain in narrative),None Indicated,,Daylight,Dry,Clear,None apparent,Non-intersection:  Non-junction/no special feature,Paved,,Property Damage Only,0,0,0,0,0,0,3000,2,2,,POINT (-92.66036021711 41.296177103235)
2014801289,20140015193,05/31/2014,05-May,7-Saturday,15:50,1500 Hours,District 1 (Central),DES MOINES,POLK,I-235,I-235 & PENNSYLVANIA AVE,Collision with:  Vehicle in traffic,On Roadway,Broadside (front to side),Ran Traffic Signal,None Indicated,,Daylight,Dry,Cloudy,None apparent,Intersection:  Intersection with ramp,Paved,,Property Damage Only,0,0,0,0,0,0,6500,2,4,,POINT (-93.60817160257 41.594426111712)
2014803572,2014032417,05/31/2014,05-May,7-Saturday,22:00,2200 Hours,District 6 (East Central),,BUCHANAN,I-380,I-380,Collision with:  Animal,,,Animal,None Indicated,,,,,,,Paved,,Property Damage Only,0,0,0,0,0,0,5000,1,1,,POINT (-91.995019037796 42.326282093278)
2014801407,2014-35807,05/31/2014,05-May,7-Saturday,10:50,1000 Hours,District 6 (East Central),DAVENPORT,SCOTT,,E 53RD ST & ELMORE AVE,Collision with:  Vehicle in traffic,On Roadway,Rear-end (front to rear),Followed too close,None Indicated,,Daylight,Dry,Clear,None apparent,Intersection:  Four-way intersection,Paved,,Property Damage Only,0,0,0,0,0,0,3000,2,2,,POINT (-90.528586977681 41.574860104089)
2014801744,14-060531-01,05/31/2014,05-May,7-Saturday,18:00,1800 Hours,District 6 (East Central),,IOWA,,Co Rd V66/M AVE,Non-collision events:  Overturn/rollover,On Roadway,Non-collision (single vehicle),Crossed centerline (undivided),None Indicated,,Daylight,Wet,Rain,None apparent,Non-intersection:  Non-junction/no special feature,Paved,,Minor Injury,0,1,0,1,0,0,3000,1,1,,POINT (-92.064828553943 41.784359919142)
2014801341,14-022080,05/31/2014,05-May,7-Saturday,11:30,1100 Hours,District 4 (Southwest),COUNCIL BLUFFS,POTTAWATTAMIE,,32ND AVE & S EXPRESSWAY,Collision with:  Vehicle in traffic,On Roadway,Rear-end (front to rear),Other (explain in narrative):  Other,None Indicated,,Daylight,Dry,Clear,None apparent,Non-intersection:  Non-junction/no special feature,Paved,,Possible/Unknown,0,1,0,0,1,0,2000,2,3,,POINT (-95.85131379021 41.228202130282)
2014801811,2014032361,05/31/2014,05-May,7-Saturday,14:53,1400 Hours,District 5 (Southeast),,APPANOOSE,,RESORT DR,Non-collision events:  Overturn/rollover,On Roadway,Non-collision (single vehicle),Swerving/Evasive Action,None Indicated,,Daylight,Wet,Cloudy,"Shoulders (none, low, soft, high)",Non-intersection:  Non-junction/no special feature,Paved,,Minor Injury,0,2,0,2,0,0,4000,1,2,,POINT (-92.93218384316 40.877376065099)
2014801814,2014032426,05/31/2014,05-May,7-Saturday,23:20,2300 Hours,District 5 (Southeast),,CLARKE,I-35,I-35,Collision with:  Animal,,,Animal,None Indicated,,,,,,,Paved,,Property Damage Only,0,0,0,0,0,0,5500,1,1,,POINT (-93.786649852591 41.153514059773)
2014801342,14-022087,05/31/2014,05-May,7-Saturday,12:00,1200 Hours,District 4 (Southwest),COUNCIL BLUFFS,POTTAWATTAMIE,,BASS PRO DR & 24TH AVE,Collision with:  Vehicle in traffic,On Roadway,Broadside (front to side),Ran Stop Sign,None Indicated,,Daylight,Dry,Clear,None apparent,Intersection:  Four-way intersection,Paved,,Property Damage Only,0,0,0,0,0,0,4500,2,4,,POINT (-95.894157857013 41.239119844644)
2014802436,14-135,05/31/2014,05-May,7-Saturday,18:04,1800 Hours,District 4 (Southwest),,TAYLOR,,265TH ST,Collision with fixed object:  Bridge overhead structure,Shoulder,Non-collision (single vehicle),Ran off road - right,None Indicated,,Daylight,Dry,Clear,"Surface condition (e.g., wet, icy)",Non-intersection:  Other non-intersection (explain in narrative),Unpaved,,Minor Injury,0,2,0,1,1,0,7500,1,2,,POINT (-94.782689632529 40.666406937542)
2014801675,14-16979,05/31/2014,05-May,7-Saturday,14:11,1400 Hours,District 3 (Northwest),SIOUX CITY,WOODBURY,,W 4TH ST & MARKET ST,Collision with:  Non-motorist (see non-motorist section - NOT a unit),On Roadway,Non-collision (single vehicle),Other (explain in narrative):  No improper action,None Indicated,,Daylight,Dry,Cloudy,None apparent,Intersection:  Four-way intersection,Paved,,Major Injury,0,1,1,0,0,0,100,1,1,,POINT (-96.414658778367 42.497549012898)
2014801311,14-1200,05/31/2014,05-May,7-Saturday,08:10,0800 Hours,District 1 (Central),URBANDALE,POLK,,100TH ST &  NW URBANDALE DR,Collision with:  Vehicle in traffic,On Roadway,Broadside (front to side),Ran Traffic Signal,None Indicated,,Daylight,Dry,Clear,None apparent,Intersection:  Four-way intersection,Paved,,Property Damage Only,0,0,0,0,0,0,2000,2,2,,POINT (-93.756594689936 41.632321073629)
2014801834,2014032304,05/31/2014,05-May,7-Saturday,07:15,0700 Hours,District 6 (East Central),,JACKSON,US 61,US 61,Collision with:  Animal,,,Animal,None Indicated,,,,,,,Paved,,Property Damage Only,0,0,0,0,0,0,2000,1,1,,POINT (-90.680263967619 42.10441919672)
2014802627,2014-35831,05/31/2014,05-May,7-Saturday,15:02,1500 Hours,District 6 (East Central),DAVENPORT,SCOTT,,E LOCUST ST,Collision with:  Vehicle in traffic,On Roadway,Rear-end (front to rear),Followed too close,None Indicated,,Daylight,Dry,Clear,None apparent,Non-intersection:  Non-junction/no special feature,Paved,,Possible/Unknown,0,1,0,0,1,0,13000,4,5,,POINT (-90.530572645383 41.538481122887)
2014801540,14-13635,05/31/2014,05-May,7-Saturday,16:35,1600 Hours,District 1 (Central),NEWTON,JASPER,,S 12TH AVE W,Non-collision events:  Overturn/rollover,On Roadway,Non-collision (single vehicle),Swerving/Evasive Action,None Indicated,,Daylight,"Mud, dirt",Clear,"Surface condition (e.g., wet, icy)",Non-intersection:  Non-junction/no special feature,Unpaved,,Property Damage Only,0,0,0,0,0,0,5000,1,2,,POINT (-93.08427005618 41.68830987823)
2014801433,14-16957,05/31/2014,05-May,7-Saturday,10:40,1000 Hours,District 3 (Northwest),SIOUX CITY,WOODBURY,,19TH ST,Collision with:  Vehicle in traffic,On Roadway,"Sideswipe, same direction",Lost Control,Alcohol (Statutory),,Daylight,Dry,Clear,None apparent,Non-intersection:  Non-junction/no special feature,Paved,,Property Damage Only,0,0,0,0,0,0,9500,3,1,,POINT (-96.39937574055 42.510114891616)
2014801265,20140015139,05/31/2014,05-May,7-Saturday,01:37,0100 Hours,District 1 (Central),DES MOINES,POLK,,OVID AVE,Non-collision events:  Overturn/rollover,On Roadway,Non-collision (single vehicle),Exceeded authorized speed,None Indicated,,Dark - roadway lighted,Dry,Clear,None apparent,Non-intersection:  Non-junction/no special feature,Paved,,Possible/Unknown,0,1,0,0,0,1,5600,1,1,,POINT (-93.625068296775 41.625761667538)
2014801287,20140015183,05/31/2014,05-May,7-Saturday,14:22,1400 Hours,District 1 (Central),DES MOINES,POLK,,EDISON AVE & SW 1ST ST,Collision with:  Vehicle in traffic,On Roadway,Broadside (front to side),Unknown,None Indicated,,Daylight,Dry,Cloudy,None apparent,Non-intersection:  Non-junction/no special feature,Paved,,Property Damage Only,0,0,0,0,0,0,3500,2,2,,POINT (-93.617213117945 41.573688253117)
2014802049,14003611,05/31/2014,05-May,7-Saturday,16:00,1600 Hours,District 1 (Central),WEBSTER CITY,HAMILTON,US 20,US 20,Collision with:  Animal,,,Animal,None Indicated,,,,,,,Paved,,Property Damage Only,0,0,0,0,0,0,3000,1,1,,POINT (-93.784673558966 42.449140804486)
2014802515,,05/31/2014,05-May,7-Saturday,22:50,2200 Hours,District 6 (East Central),,JOHNSON,US 218,US 218,Collision with:  Animal,On Roadway,Non-collision (single vehicle),Animal,None Indicated,,Dark - roadway not lighted,Dry,Clear,,Non-intersection:  Non-junction/no special feature,Paved,,Property Damage Only,0,0,0,0,0,0,4300,1,1,,POINT (-91.548386456694 41.599830971624)
2014801539,14-13629,05/31/2014,05-May,7-Saturday,15:19,1500 Hours,District 1 (Central),NEWTON,JASPER,,S 8TH AVE W,Collision with:  Vehicle in traffic,On Roadway,Rear-end (front to rear),Lost Control,None Indicated,,Daylight,Wet,Cloudy,None apparent,Non-intersection:  Non-junction/no special feature,Paved,,Possible/Unknown,0,1,0,0,1,0,4500,2,3,,POINT (-93.055542889066 41.692632770984)
2014802814,14-134,05/31/2014,05-May,7-Saturday,07:43,0700 Hours,District 4 (Southwest),CLEARFIELD,TAYLOR,,170TH ST & JEFFERSON ST,Collision with:  Parked motor vehicle,Unknown,Broadside (front to side),Unknown,None Indicated,,Daylight,Unknown,Unknown,Unknown,Non-intersection:  Non-junction/no special feature,Paved,,Property Damage Only,0,0,0,0,0,0,3500,2,1,,POINT (-94.476820473477 40.798173414266)
2014803213,S14-5302,05/31/2014,05-May,7-Saturday,05:34,0500 Hours,District 3 (Northwest),,WOODBURY,I-29,I-29,Collision with:  Animal,,,Animal,None Indicated,,,,,,,Paved,,Property Damage Only,0,0,0,0,0,0,8000,1,1,,POINT (-96.306875743657 42.317810798213)
2014801301,20140015171,05/31/2014,05-May,7-Saturday,12:15,1200 Hours,District 1 (Central),DES MOINES,POLK,IA 28,IA 28/MERLE HAY RD,Collision with:  Vehicle in traffic,On Roadway,Rear-end (front to rear),Followed too close,None Indicated,,Daylight,Dry,Cloudy,None apparent,Non-intersection:  Non-junction/no special feature,Paved,,Possible/Unknown,0,2,0,0,2,0,9500,3,6,,POINT (-93.697658772575 41.650158750766)
2014802748,14003191,05/31/2014,05-May,7-Saturday,21:37,2100 Hours,District 3 (Northwest),CLEGHORN,CHEROKEE,,Co Rd C38/530TH ST,Collision with:  Animal,,,Animal,None Indicated,,,,,,,Paved,,Property Damage Only,0,0,0,0,0,0,2000,1,1,,POINT (-95.713258917066 42.749831844147)