Iowa DOT Case Number,Law Enforcement Case Number,Date of Crash,Month of Crash,Day of Week,Time of Crash,Hour,DOT District,City Name,County Name,Route with System,Location Description,First Harmful Event,Location of First Harmful Event,Manner of Crash/Collision,Major Cause,Drug or Alcohol ,Environmental Conditions,Light Conditions,Surface Conditions,Weather Conditions,Roadway Contribution,Roadway Type,Roadway Surface,Work Zone,Crash Severity,Number of Fatalities,Number of Injuries,Number of Major Injuries,Number of Minor Injuries,Number of Possible Injuries,Number of Unknown Injuries,Amount of Property Damage,Number of Vehicles Involved,Total Number of Occupants,Travel Direction,Location
2014803214,S14-5330,05/31/2014,05-May,7-Saturday,18:46,1800 Hours,District 3 (Northwest),SIOUX CITY,WOODBURY,,LARSEN PARK RD,Non-collision events:  Other non-collision (explain in narrative),Outside trafficway,Non-collision (single vehicle),Other (explain in narrative):  Other,None Indicated,,Daylight,Dry,Cloudy,None apparent,Unknown,Paved,,Property Damage Only,0,0,0,0,0,0,5000,1,1,,POINT (-96.406619339059 42.48888310757)
2014801303,20140015205,05/31/2014,05-May,7-Saturday,18:44,1800 Hours,District 1 (Central),DES MOINES,POLK,I-235,I-235,Non-collision events:  Overturn/rollover,On Roadway,Non-collision (single vehicle),Other (explain in narrative):  Other,None Indicated,,Daylight,Dry,Cloudy,None apparent,Non-intersection:  Non-junction/no special feature,Paved,,Minor Injury,0,1,0,1,0,0,5000,1,1,,POINT (-93.57849020465 41.612287517647)
2014801697,W14-054426,05/31/2014,05-May,7-Saturday,14:30,1400 Hours,District 2 (Northeast),WATERLOO,BLACK HAWK,,LORRAINE AVE,Unknown,Unknown,Unknown,Unknown,None Indicated,,Daylight,Unknown,Unknown,Unknown,Unknown,Paved,,Property Damage Only,0,0,0,0,0,0,3000,2,1,,POINT (-92.340125145619 42.473918896708)
2014801216,201407692,05/31/2014,05-May,7-Saturday,14:03,1400 Hours,District 6 (East Central),CEDAR RAPIDS,LINN,,41ST AVE DR SW,Collision with:  Vehicle in traffic,On Roadway,"Angle, oncoming left turn",FTYROW:  Making left turn,None Indicated,,Daylight,Dry,Clear,None apparent,Non-intersection:  Alley,Paved,,Property Damage Only,0,0,0,0,0,0,10000,2,3,,POINT (-91.653739470159 41.937641207507)
2014801290,20140015202,05/31/2014,05-May,7-Saturday,18:05,1800 Hours,District 1 (Central),DES MOINES,POLK,,E SHERIDAN AVE & E 38TH CT,Collision with:  Vehicle in traffic,On Roadway,Broadside (front to side),FTYROW:  From stop sign,None Indicated,,Daylight,Dry,Cloudy,None apparent,Intersection:  Four-way intersection,Paved,,Minor Injury,0,2,0,2,0,0,7500,2,3,,POINT (-93.540761715505 41.618758223308)
2014801448,2014032341,05/31/2014,05-May,7-Saturday,12:00,1200 Hours,District 2 (Northeast),,WORTH,I-35,I-35,Collision with:  Animal,,,Animal,None Indicated,,,,,,,Paved,,Property Damage Only,0,0,0,0,0,0,5000,1,1,,POINT (-93.352440341341 43.495347444854)
2014801199,14-13602,05/31/2014,05-May,7-Saturday,09:36,0900 Hours,District 1 (Central),,JASPER,I-80,I-80,Collision with:  Vehicle in traffic,On Roadway,"Sideswipe, same direction",Unknown,None Indicated,,Daylight,Dry,Cloudy,None apparent,Non-intersection:  Non-junction/no special feature,Paved,,Property Damage Only,0,0,0,0,0,0,1500,2,2,,POINT (-93.259891887862 41.689361966894)
2014801226,14011163,05/31/2014,05-May,7-Saturday,03:09,0300 Hours,District 6 (East Central),MARION,LINN,,7TH AVE & 10TH ST,Collision with:  Vehicle in traffic,On Roadway,Rear-end (front to rear),Other (explain in narrative):  Other,Alcohol (Statutory),,Dark - roadway lighted,Dry,Clear,None apparent,Non-intersection:  Non-junction/no special feature,Paved,,Property Damage Only,0,0,0,0,0,0,4000,2,2,,POINT (-91.599316116604 42.033313562416)
2014801291,20140015209,05/31/2014,05-May,7-Saturday,19:29,1900 Hours,District 1 (Central),DES MOINES,POLK,,MEEK AVE,Collision with:  Parked motor vehicle,Shoulder,Rear-end (front to rear),Driving too fast for conditions,None Indicated,,Daylight,Wet,Cloudy,"Surface condition (e.g., wet, icy)",Non-intersection:  Non-junction/no special feature,Paved,,Property Damage Only,0,0,0,0,0,0,5500,2,1,,POINT (-93.645227252781 41.606825229781)
2014802508,,05/31/2014,05-May,7-Saturday,20:30,2000 Hours,District 2 (Northeast),,WINNESHIEK,,Co Rd B32/CO RD B32,Collision with fixed object:  Ditch,On Roadway,Non-collision (single vehicle),Crossed centerline (undivided),None Indicated,,Daylight,Wet,Rain,None apparent,Non-intersection:  Non-junction/no special feature,Paved,,Property Damage Only,0,0,0,0,0,0,2500,1,1,,POINT (-91.832007806963 43.127809350133)
2014801510,14004840,05/31/2014,05-May,7-Saturday,23:21,2300 Hours,District 6 (East Central),,BUCHANAN,US 20,US 20,Collision with:  Animal,,,Animal,None Indicated,,,,,,,Paved,,Property Damage Only,0,0,0,0,0,0,3000,1,1,,POINT (-91.731860483969 42.461372803394)
2014801405,2014-35750,05/31/2014,05-May,7-Saturday,02:35,0200 Hours,District 6 (East Central),DAVENPORT,SCOTT,,IOWA ST,Collision with fixed object:  Utility pole/light support,On Roadway,Non-collision (single vehicle),Exceeded authorized speed,Drug/Alcohol (Statutory),,Dark - roadway lighted,Dry,Clear,None apparent,Non-intersection:  Non-junction/no special feature,Paved,,Minor Injury,0,1,0,1,0,0,13000,1,1,,POINT (-90.569615967864 41.532369463638)
2014801247,14-002359,05/31/2014,05-May,7-Saturday,16:30,1600 Hours,District 1 (Central),ANKENY,POLK,IA 160,IA 160/SE ORALABOR RD,Collision with:  Vehicle in traffic,On Roadway,Head-on (front to front),Ran Traffic Signal,None Indicated,,Daylight,Dry,Clear,None apparent,Intersection:  Four-way intersection,Paved,,Possible/Unknown,0,3,0,0,3,0,8000,2,5,,POINT (-93.575239008409 41.702870753548)
2014806068,,05/31/2014,05-May,7-Saturday,17:35,1700 Hours,District 2 (Northeast),,CERRO GORDO,,,Collision with fixed object:  Ditch,On Roadway,Non-collision (single vehicle),"Operating vehicle in an reckless, erratic, careless, negligent manner",None Indicated,,Daylight,"Mud, dirt",Cloudy,,Non-intersection:  Non-junction/no special feature,,,Minor Injury,0,1,0,1,0,0,800,1,1,,POINT (-96.643700149993 40.233091251414)
2014801992,,05/31/2014,05-May,7-Saturday,11:00,1100 Hours,District 6 (East Central),CEDAR RAPIDS,LINN,,ELLIS RD NW & EDGEWOOD RD NW,Collision with:  Vehicle in traffic,On Roadway,"Angle, oncoming left turn",Unknown,None Indicated,,Daylight,Dry,Clear,,Intersection:  Four-way intersection,Paved,,Property Damage Only,0,0,0,0,0,0,1500,2,3,,POINT (-91.707877392028 42.005064273707)
2014806065,,05/31/2014,05-May,7-Saturday,15:13,1500 Hours,District 2 (Northeast),CLEAR LAKE,CERRO GORDO,,S SHORE DR,Collision with:  Vehicle in traffic,On Roadway,Rear-end (front to rear),Followed too close,None Indicated,,Daylight,Dry,Cloudy,None apparent,Intersection:  Four-way intersection,Paved,,Property Damage Only,0,0,0,0,0,0,2600,2,2,,POINT (-93.384358360096 43.122742724221)
2014801235,2014005268,05/31/2014,05-May,7-Saturday,09:33,0900 Hours,District 1 (Central),MARSHALLTOWN,MARSHALL,IA 14,IA 14/E ANSON ST/S 3RD AVE,Collision with:  Vehicle in traffic,On Roadway,Rear-end (front to rear),Other (explain in narrative):  Other,None Indicated,,Daylight,Dry,Cloudy,None apparent,Non-intersection:  Non-junction/no special feature,Paved,,Property Damage Only,0,0,0,0,0,0,3600,2,4,,POINT (-92.907875153588 42.038167163245)
2014801673,14-16935,05/31/2014,05-May,7-Saturday,02:48,0200 Hours,District 3 (Northwest),SIOUX CITY,WOODBURY,I-29,I-29,Collision with:  Animal,,,Animal,None Indicated,,,,,,,Paved,,Property Damage Only,0,0,0,0,0,0,3000,1,1,,POINT (-96.441199320853 42.491378588818)
2014801547,C14001684,05/31/2014,05-May,7-Saturday,17:05,1700 Hours,District 6 (East Central),CORALVILLE,JOHNSON,,CORAL RIDGE AVE,Collision with:  Vehicle in traffic,On Roadway,Rear-end (front to rear),Followed too close,None Indicated,,Daylight,Dry,Cloudy,None apparent,Non-intersection:  Non-junction/no special feature,Paved,,Property Damage Only,0,0,0,0,0,0,10500,3,4,,POINT (-91.607824627363 41.722249258638)
2014801755,1400000466,05/31/2014,05-May,7-Saturday,22:30,2200 Hours,District 1 (Central),,MARSHALL,IA 14,IA 14/REED AVE,Collision with:  Vehicle in traffic,On Roadway,"Angle, oncoming left turn",Unknown,None Indicated,,Dark - roadway not lighted,Dry,Clear,None apparent,Non-intersection:  Driveway access (within),Paved,,Possible/Unknown,0,1,0,0,1,0,2500,2,2,,POINT (-92.916816244501 41.972929759923)
2014801207,14-016087,05/31/2014,05-May,7-Saturday,12:31,1200 Hours,District 5 (Southeast),DONNELLSON,LEE,IA 2,IA 2/IOWA 2,Collision with:  Vehicle in traffic,On Roadway,Rear-end (front to rear),Crossed centerline (undivided),None Indicated,,Daylight,Dry,Clear,None apparent,Non-intersection:  Non-junction/no special feature,Paved,,Minor Injury,0,2,0,1,1,0,13050,2,6,,POINT (-91.633774421728 40.63898136118)
2014806121,02-14-8346,05/31/2014,05-May,7-Saturday,00:52,0000 Hours,District 6 (East Central),,DUBUQUE,,Co Rd Y17/NORTH CASCADE RD,Collision with fixed object:  Ditch,On Roadway,Non-collision (single vehicle),Ran off road - right,None Indicated,,Dark - roadway not lighted,Dry,Clear,None apparent,Non-intersection:  Non-junction/no special feature,Paved,,Minor Injury,0,1,0,1,0,0,4200,1,1,,POINT (-90.949876957322 42.352286879132)
2014801877,14-005882,05/31/2014,05-May,7-Saturday,11:15,1100 Hours,District 2 (Northeast),,FAYETTE,IA 3,IA 3/40TH ST & Co Rd W45/G AVE,Collision with:  Vehicle in traffic,On Roadway,Broadside (front to side),FTYROW:  From stop sign,None Indicated,,Daylight,Dry,Cloudy,None apparent,Intersection:  Four-way intersection,Paved,,Major Injury,0,2,1,1,0,0,18000,2,3,,POINT (-91.725786492072 42.68662480782)
2014801833,2014032290,05/31/2014,05-May,7-Saturday,01:35,0100 Hours,District 1 (Central),DES MOINES,POLK,,FOREST AVE & 22ND ST,Collision with fixed object:  Other fixed object (explain in narrative),,,Driving too fast for conditions,None Indicated,,,,,,,Paved,,Property Damage Only,0,0,0,0,0,0,5000,1,1,,POINT (-93.646759775692 41.604060408605)
2014802318,14012412,05/31/2014,05-May,7-Saturday,17:15,1700 Hours,District 5 (Southeast),OSKALOOSA,MAHASKA,,N B ST,Collision with:  Vehicle in traffic,On Roadway,Rear-end (front to rear),Unknown,None Indicated,,Daylight,Dry,Clear,None apparent,Non-intersection:  Non-junction/no special feature,Paved,,Property Damage Only,0,0,0,0,0,0,2500,2,1,,POINT (-92.647479158324 41.301624096706)
2014801656,14-002627,05/31/2014,05-May,7-Saturday,14:48,1400 Hours,District 1 (Central),AMES,STORY,US 69,US 69/S DUFF AVE & AIRPORT RD,Collision with:  Vehicle in traffic,On Roadway,"Sideswipe, same direction",Other (explain in narrative):  Other,None Indicated,,Daylight,Dry,Cloudy,None apparent,Intersection:  Four-way intersection,Paved,,Property Damage Only,0,0,0,0,0,0,2400,2,3,,POINT (-93.610096371368 42.001051694785)
2014802078,201400001811,05/31/2014,05-May,7-Saturday,03:50,0300 Hours,District 6 (East Central),FAIRFAX,LINN,,RIDGE DR & WEST PRAIRIE DR,Collision with:  Parked motor vehicle,On Roadway,Rear-end (front to rear),Driver Distraction:  Inattentive/lost in thought,None Indicated,,Dark - roadway lighted,Dry,Clear,None apparent,Non-intersection:  Non-junction/no special feature,Paved,,Property Damage Only,0,0,0,0,0,0,6500,2,1,,POINT (-91.762481385692 41.932785494136)
2014801450,2014032413,05/31/2014,05-May,7-Saturday,20:50,2000 Hours,District 6 (East Central),,LINN,US 151,US 151/AMANA RD,Collision with fixed object:  Ditch,Shoulder,Non-collision (single vehicle),Swerving/Evasive Action,None Indicated,,Dark - roadway not lighted,Dry,Cloudy,None apparent,Non-intersection:  Non-junction/no special feature,Paved,,Minor Injury,0,2,0,2,0,0,8000,1,2,,POINT (-91.817472812363 41.890223491913)
2014801353,2014-10873,05/31/2014,05-May,7-Saturday,05:00,0500 Hours,District 6 (East Central),,SCOTT,I-80,I-80,Collision with fixed object:  Guardrail - face,On Roadway,Non-collision (single vehicle),Ran off road - left,None Indicated,,Dark - roadway not lighted,Dry,Clear,None apparent,Non-intersection:  Non-junction/no special feature,Paved,,Property Damage Only,0,0,0,0,0,0,6501,1,1,,POINT (-90.877916021592 41.632989963571)
2014801859,14-004590,05/31/2014,05-May,7-Saturday,14:34,1400 Hours,District 4 (Southwest),ATLANTIC,CASS,,CEDAR ST,Collision with:  Parked motor vehicle,On Roadway,"Sideswipe, opposite direction",Improper Backing,None Indicated,,Daylight,Dry,Clear,None apparent,Non-intersection:  Non-junction/no special feature,Paved,,Property Damage Only,0,0,0,0,0,0,1800,2,1,,POINT (-95.017075090224 41.406893835164)
2014809950,14-3799PD,05/31/2014,05-May,7-Saturday,21:23,2100 Hours,District 1 (Central),BOONE,BOONE,,8TH ST,Collision with:  Parked motor vehicle,On Roadway,Rear-end (front to rear),Separation of units,None Indicated,,Dark - roadway lighted,Dry,Clear,None apparent,Non-intersection:  Non-junction/no special feature,Paved,,Minor Injury,0,1,0,1,0,0,3000,2,1,,POINT (-93.87612063207 42.063798107924)
2014828304,14050875,05/31/2014,05-May,7-Saturday,21:15,2100 Hours,District 5 (Southeast),,WAPELLO,US 34,US 34,Collision with:  Animal,,Non-collision (single vehicle),Animal,None Indicated,,,,,,,Paved,,Property Damage Only,0,0,0,0,0,0,2000,1,1,,POINT (-92.566906818982 41.00880661722)
2014801162,CL14001774,05/31/2014,05-May,7-Saturday,23:00,2300 Hours,District 6 (East Central),CLINTON,CLINTON,,N STOCKWELL LN,Collision with fixed object:  Ditch,On Roadway,Non-collision (single vehicle),Swerving/Evasive Action,None Indicated,,Dark - roadway not lighted,Dry,Cloudy,None apparent,Non-intersection:  Non-junction/no special feature,Paved,,Property Damage Only,0,0,0,0,0,0,4000,1,1,,POINT (-90.195579192469 41.895577024812)
2014802088,201401816,05/31/2014,05-May,7-Saturday,13:00,1300 Hours,District 6 (East Central),,LINN,,MAINE RIDGE RD,Non-collision events:  Overturn/rollover,Roadside,Non-collision (single vehicle),Swerving/Evasive Action,None Indicated,,Daylight,"Mud, dirt",Cloudy,"Surface condition (e.g., wet, icy)",Non-intersection:  Non-junction/no special feature,Unpaved,,Minor Injury,0,1,0,1,0,0,5000,1,1,,POINT (-91.570005800084 42.209329301812)
2014801546,C14001681,05/31/2014,05-May,7-Saturday,13:30,1300 Hours,District 6 (East Central),CORALVILLE,JOHNSON,US 6,US 6/2ND ST & WESTCOR DR & JONES BLVD,Collision with:  Vehicle in traffic,On Roadway,Rear-end (front to rear),Followed too close,None Indicated,,Daylight,Dry,Cloudy,None apparent,Intersection:  Four-way intersection,Paved,,Property Damage Only,0,0,0,0,0,0,4000,2,6,,POINT (-91.625080999709 41.697219946958)
2014801286,20140015179,05/31/2014,05-May,7-Saturday,14:07,1400 Hours,District 1 (Central),DES MOINES,POLK,,COTTAGE GROVE AVE & 29TH ST,Collision with:  Vehicle in traffic,On Roadway,Broadside (front to side),FTYROW:  From stop sign,None Indicated,,Daylight,Dry,Cloudy,None apparent,Intersection:  Four-way intersection,Paved,,Property Damage Only,0,0,0,0,0,0,4000,2,2,,POINT (-93.656867644062 41.598481671944)
2014801754,1400000460,05/31/2014,05-May,7-Saturday,02:00,0200 Hours,District 1 (Central),,MARSHALL,,315TH ST,Non-collision events:  Overturn/rollover,On Roadway,Non-collision (single vehicle),Crossed centerline (undivided),None Indicated,,Dark - roadway not lighted,Dry,Clear,None apparent,Non-intersection:  Non-junction/no special feature,Unpaved,,Property Damage Only,0,0,0,0,0,0,2750,1,2,,POINT (-92.948835542511 41.899192072484)
2014850976,14004175,05/31/2014,05-May,7-Saturday,05:00,0500 Hours,District 5 (Southeast),,LOUISA,,Co Rd X61/COUNTY RD X 61 & 83RD ST,Collision with:  Animal,,,Animal,None Indicated,,,,,,,Paved,,Property Damage Only,0,0,0,0,0,0,2000,1,1,,POINT (-91.105350581633 41.181878881966)
2014801225,14011190,05/31/2014,05-May,7-Saturday,14:54,1400 Hours,District 6 (East Central),MARION,LINN,,7TH AVE,Collision with:  Vehicle in traffic,On Roadway,Rear-end (front to rear),Other (explain in narrative):  Other,None Indicated,,Daylight,Dry,Cloudy,None apparent,Non-intersection:  Non-junction/no special feature,Paved,,Property Damage Only,0,0,0,0,0,0,6500,3,4,,POINT (-91.591464028989 42.033298512302)
2014801874,14004472,05/31/2014,05-May,7-Saturday,10:35,1000 Hours,District 6 (East Central),,DELAWARE,,Co Rd X49/FLOYD RD/332ND AVE,Collision with:  Vehicle in traffic,On Roadway,"Angle, oncoming left turn",FTYROW:  Making left turn,None Indicated,,Daylight,Dry,Clear,None apparent,Intersection:  T-intersection,Paved,,Possible/Unknown,0,1,0,0,1,0,8000,2,6,,POINT (-91.14900621193 42.51499296439)
2014801292,20140015211,05/31/2014,05-May,7-Saturday,19:24,1900 Hours,District 1 (Central),DES MOINES,POLK,,COTTAGE GROVE AVE & 31ST ST,Collision with:  Vehicle in traffic,On Roadway,Rear-end (front to rear),Followed too close,None Indicated,,Dusk,Wet,Cloudy,None apparent,Non-intersection:  Non-junction/no special feature,Paved,,Property Damage Only,0,0,0,0,0,0,9000,3,3,,POINT (-93.659351668944 41.598494473139)
2014801220,201407676,05/31/2014,05-May,7-Saturday,09:41,0900 Hours,District 6 (East Central),CEDAR RAPIDS,LINN,IA 922,IA 922/WILLIAMS BLVD & 10TH AVE SW,Collision with:  Vehicle in traffic,On Roadway,Rear-end (front to rear),Followed too close,None Indicated,,Daylight,Dry,Clear,None apparent,Non-intersection:  Non-junction/no special feature,Paved,,Property Damage Only,0,0,0,0,0,0,7000,2,6,,POINT (-91.703066125791 41.967264007102)
2014801288,20140015188,05/31/2014,05-May,7-Saturday,15:34,1500 Hours,District 1 (Central),DES MOINES,POLK,,CAPITOL AVE & E 16TH ST,Collision with:  Vehicle in traffic,On Roadway,Head-on (front to front),Separation of units,None Indicated,,Daylight,Wet,Cloudy,None apparent,Non-intersection:  Non-junction/no special feature,Paved,,Property Damage Only,0,0,0,0,0,0,5000,2,1,,POINT (-93.592265116722 41.593536371932)
2014801854,14053846,05/31/2014,05-May,7-Saturday,17:41,1700 Hours,District 2 (Northeast),CEDAR FALLS,BLACK HAWK,,UNIVERSITY AVE & GROVE ST,Collision with:  Vehicle in traffic,On Roadway,Rear-end (front to rear),Driver Distraction:  Reaching for object(s)/fallen object(s),None Indicated,,Daylight,Wet,Rain,None apparent,Non-intersection:  Non-junction/no special feature,Paved,,Property Damage Only,0,0,0,0,0,0,2050,2,4,,POINT (-92.441844405219 42.513067480431)
2014801465,2014032412,05/31/2014,05-May,7-Saturday,21:00,2100 Hours,District 2 (Northeast),,FRANKLIN,I-35,I-35,Collision with:  Animal,,,Animal,None Indicated,,,,,,,Paved,,Property Damage Only,0,0,0,0,0,0,4500,1,1,,POINT (-93.438324120604 42.699006598542)
2014801451,2014032445,05/31/2014,05-May,7-Saturday,23:22,2300 Hours,District 6 (East Central),FAIRFAX,LINN,US 151,US 151/WILLIAMS BLVD,Non-collision events:  Other non-collision (explain in narrative),On Roadway,Non-collision (single vehicle),Other (explain in narrative):  No improper action,None Indicated,,Dark - roadway lighted,Dry,Cloudy,None apparent,Non-intersection:  Non-junction/no special feature,Paved,,Major Injury,0,1,1,0,0,0,4000,1,1,,POINT (-91.783684736275 41.917610868378)
2014824104,G39053114C,05/31/2014,05-May,7-Saturday,13:05,1300 Hours,District 4 (Southwest),GUTHRIE CENTER,GUTHRIE,IA 44,IA 44/STATE ST,Non-collision events:  Other non-collision (explain in narrative),On Roadway,Rear-end (front to rear),Swerving/Evasive Action,None Indicated,,Daylight,Dry,Cloudy,None apparent,Intersection:  Other intersection (explain in narrative),Paved,,Possible/Unknown,0,1,0,0,1,0,13000,2,2,,POINT (-94.510927236008 41.675417805302)
2014801582,20140015194,05/31/2014,05-May,7-Saturday,16:30,1600 Hours,District 1 (Central),DES MOINES,POLK,,GRAND AVE,Collision with:  Vehicle in traffic,On Roadway,Rear-end (front to rear),Followed too close,None Indicated,,Daylight,Dry,Clear,None apparent,Non-intersection:  Non-junction/no special feature,Paved,,Property Damage Only,0,0,0,0,0,0,4500,2,2,,POINT (-93.661956015119 41.584446230782)
2014801327,S14-001918,05/31/2014,05-May,7-Saturday,02:20,0200 Hours,District 4 (Southwest),COUNCIL BLUFFS,POTTAWATTAMIE,,COIT RD,Collision with fixed object:  Ditch,On Roadway,Non-collision (single vehicle),Ran off road - right,None Indicated,,Dark - roadway not lighted,Dry,Clear,None apparent,Non-intersection:  Non-junction/no special feature,Unpaved,,Property Damage Only,0,0,0,0,0,0,20000,1,1,,POINT (-95.843049041774 41.291235086266)
2014801791,S14-001923,05/31/2014,05-May,7-Saturday,12:35,1200 Hours,District 4 (Southwest),,POTTAWATTAMIE,,Co Rd G36/BADGER AVE,Collision with fixed object:  Ditch,On Roadway,Non-collision (single vehicle),Ran off road - right,None Indicated,,Daylight,Dry,Cloudy,None apparent,Non-intersection:  Driveway access (within),Paved,,Possible/Unknown,0,2,0,0,2,0,2000,1,2,,POINT (-95.837278058562 41.359681347562)
2014808902,2014032419,05/31/2014,05-May,7-Saturday,22:20,2200 Hours,District 1 (Central),,BOONE,US 30,US 30/230TH ST,Collision with:  Animal,On Roadway,Non-collision (single vehicle),Animal,None Indicated,,Dark - roadway not lighted,Dry,Cloudy,None apparent,Non-intersection:  Non-junction/no special feature,Paved,,Property Damage Only,0,0,0,0,0,0,3500,1,3,,POINT (-93.705610106355 42.016509008326)
2014801189,14-009063,05/31/2014,05-May,7-Saturday,12:30,1200 Hours,District 5 (Southeast),,HENRY,US 34,US 34,Collision with fixed object:  Ditch,Median,Non-collision (single vehicle),Exceeded authorized speed,None Indicated,,Daylight,Dry,Cloudy,None apparent,Non-intersection:  Non-junction/no special feature,Paved,,Property Damage Only,0,0,0,0,0,0,3500,1,1,,POINT (-91.648510367773 40.97196173714)
2014801356,2014-10117,05/31/2014,05-May,7-Saturday,15:38,1500 Hours,District 6 (East Central),BETTENDORF,SCOTT,,MIDDLE RD,Collision with:  Vehicle in traffic,On Roadway,Rear-end (front to rear),Lost Control,None Indicated,,Daylight,Dry,Cloudy,None apparent,Non-intersection:  Non-junction/no special feature,Paved,,Minor Injury,0,1,0,1,0,0,4500,2,3,,POINT (-90.496540861816 41.547498705786)
2014801461,2014032294,05/31/2014,05-May,7-Saturday,04:00,0400 Hours,District 1 (Central),NEWTON,JASPER,I-80,I-80,Collision with:  Animal,,,Animal,None Indicated,,,,,,,Paved,,Property Damage Only,0,0,0,0,0,0,1500,1,1,,POINT (-93.064582880741 41.683774010544)
2014801409,2014-35996,06/01/2014,06-June,1-Sunday,04:26,0400 Hours,District 6 (East Central),DAVENPORT,SCOTT,,IA 461/BRADY ST & E 53RD ST,Collision with:  Vehicle in traffic,On Roadway,"Angle, oncoming left turn",Made improper turn,Alcohol (< Statutory),,Dark - roadway lighted,Dry,Clear,None apparent,Intersection:  Four-way intersection,Paved,,Property Damage Only,0,0,0,0,0,0,5500,2,5,,POINT (-90.569642142032 41.574537907323)
2014801140,14-9788,06/01/2014,06-June,1-Sunday,17:47,1700 Hours,District 2 (Northeast),,BREMER,US 63,US 63,Non-collision events:  Other non-collision (explain in narrative),On Roadway,Non-collision (single vehicle),Other (explain in narrative):  No improper action,None Indicated,,Daylight,Dry,Clear,None apparent,Non-intersection:  Non-junction/no special feature,Paved,,Possible/Unknown,0,1,0,0,1,0,3500,1,2,,POINT (-92.337501532064 42.866510205579)
2014802063,14079874,06/01/2014,06-June,1-Sunday,03:07,0300 Hours,District 6 (East Central),,JOHNSON,I-80,I-80,Collision with fixed object:  Guardrail - face,Median,Non-collision (single vehicle),Ran off road - left,Alcohol (Statutory),,Dark - roadway not lighted,Dry,Clear,None apparent,Non-intersection:  Non-junction/no special feature,Paved,,Property Damage Only,0,0,0,0,0,0,23000,1,2,,POINT (-91.40600175322 41.667090050023)
2014801955,14-022799,06/01/2014,06-June,1-Sunday,18:00,1800 Hours,District 4 (Southwest),COUNCIL BLUFFS,POTTAWATTAMIE,,HAPPY HOLLOW BLVD,Collision with:  Vehicle in traffic,On Roadway,Unknown,Unknown,None Indicated,,Daylight,Unknown,Unknown,Unknown,Non-intersection:  Non-junction/no special feature,Paved,,Property Damage Only,0,0,0,0,0,0,2500,2,1,,POINT (-95.838892898728 41.278008346367)
2014801870,143783,06/01/2014,06-June,1-Sunday,09:45,0900 Hours,District 4 (Southwest),,DALLAS,,150TH ST,Collision with:  Non-motorist (see non-motorist section - NOT a unit),On Roadway,Non-collision (single vehicle),Other (explain in narrative):  No improper action,None Indicated,,Daylight,Dry,Clear,None apparent,Intersection:  Shared use path or trail,Unpaved,,Possible/Unknown,0,2,0,0,2,0,2000,1,1,,POINT (-94.090044045035 41.820309887903)
2014801850,,06/01/2014,06-June,1-Sunday,16:50,1600 Hours,District 4 (Southwest),DUNLAP,HARRISON,,EATON ST & 12TH ST,Collision with:  Parked motor vehicle,On Roadway,Rear-end (front to rear),Unknown,None Indicated,,Daylight,Dry,Clear,,,Paved,,Property Damage Only,0,0,0,0,0,0,2000,2,1,,POINT (-95.593527624549 41.853481708222)
2014801408,2014-35988,06/01/2014,06-June,1-Sunday,03:30,0300 Hours,District 6 (East Central),DAVENPORT,SCOTT,,W 9 1/2 ST & VINE ST,Collision with fixed object:  Tree,Outside trafficway,Non-collision (single vehicle),Improper Backing,None Indicated,,Dark - roadway lighted,Dry,Clear,None apparent,Non-intersection:  Non-junction/no special feature,Paved,,Property Damage Only,0,0,0,0,0,0,2200,1,2,,POINT (-90.587370086019 41.529393132379)
2014801155,1406018091,06/01/2014,06-June,1-Sunday,12:45,1200 Hours,District 6 (East Central),DE WITT,CLINTON,,Co Rd Y68/218 ST,Collision with:  Animal,,,Animal,None Indicated,,,,,,,Paved,,Property Damage Only,0,0,0,0,0,0,1500,1,1,,POINT (-90.566132617647 41.867010900357)
2014803883,2014-35990,06/01/2014,06-June,1-Sunday,03:55,0300 Hours,District 6 (East Central),DAVENPORT,SCOTT,,IA 461/HARRISON ST & W PLEASANT ST,Collision with fixed object:  Utility pole/light support,Outside trafficway,Non-collision (single vehicle),"Operating vehicle in an reckless, erratic, careless, negligent manner",None Indicated,,Dark - roadway lighted,Dry,Cloudy,None apparent,Intersection:  Four-way intersection,Paved,,Property Damage Only,0,0,0,0,0,0,4000,1,1,,POINT (-90.577237844604 41.539465322614)
2014801218,201407729,06/01/2014,06-June,1-Sunday,01:20,0100 Hours,District 6 (East Central),CEDAR RAPIDS,LINN,IA 922,IA 922/1ST AVE W & 6TH ST SW & 6TH ST NW,Collision with:  Vehicle in traffic,On Roadway,Broadside (front to side),Ran Traffic Signal,None Indicated,,Dark - roadway lighted,Dry,Clear,None apparent,Intersection:  Four-way intersection,Paved,,Property Damage Only,0,0,0,0,0,0,6500,2,2,,POINT (-91.679459474218 41.974335122879)
2014810484,,06/01/2014,06-June,1-Sunday,22:03,2200 Hours,District 5 (Southeast),,MUSCATINE,IA 38,IA 38/IOWA 38,,Shoulder,Non-collision (single vehicle),Ran off road - right,None Indicated,,Dark - roadway not lighted,Wet,Rain,None apparent,Non-intersection:  Non-junction/no special feature,Paved,,Possible/Unknown,0,1,0,0,1,0,0,1,1,,POINT (-91.039150169423 41.479714014428)
2014802434,14-006315,06/01/2014,06-June,1-Sunday,22:00,2200 Hours,District 1 (Central),,TAMA,,Co Rd E66/HWY E66,Collision with:  Animal,,,Animal,None Indicated,,,,,,,Paved,,Property Damage Only,0,0,0,0,0,0,3000,1,1,,POINT (-92.341074397985 41.909544180698)