Iowa DOT Case Number,Law Enforcement Case Number,Date of Crash,Month of Crash,Day of Week,Time of Crash,Hour,DOT District,City Name,County Name,Route with System,Location Description,First Harmful Event,Location of First Harmful Event,Manner of Crash/Collision,Major Cause,Drug or Alcohol ,Environmental Conditions,Light Conditions,Surface Conditions,Weather Conditions,Roadway Contribution,Roadway Type,Roadway Surface,Work Zone,Crash Severity,Number of Fatalities,Number of Injuries,Number of Major Injuries,Number of Minor Injuries,Number of Possible Injuries,Number of Unknown Injuries,Amount of Property Damage,Number of Vehicles Involved,Total Number of Occupants,Travel Direction,Location
2014801137,14054186,06/01/2014,06-June,1-Sunday,16:28,1600 Hours,District 2 (Northeast),HUDSON,BLACK HAWK,IA 58,IA 58/HWY 58 & SUNSET DR,Collision with:  Animal,,,Animal,None Indicated,,,,,,,Paved,,Property Damage Only,0,0,0,0,0,0,1500,1,1,,POINT (-92.456690614209 42.401069272786)
2014808737,,06/01/2014,06-June,1-Sunday,17:26,1700 Hours,District 2 (Northeast),CLEAR LAKE,CERRO GORDO,US 18,US 18 & N 8TH ST,Collision with:  Vehicle in traffic,On Roadway,Rear-end (front to rear),Swerving/Evasive Action,None Indicated,,Daylight,Wet,Rain,None apparent,Non-intersection:  Other non-intersection (explain in narrative),Paved,,Property Damage Only,0,0,0,0,0,0,1800,3,6,,POINT (-93.378808119877 43.143679539052)
2014802438,201400026283,06/01/2014,06-June,1-Sunday,13:40,1300 Hours,District 5 (Southeast),OTTUMWA,WAPELLO,,S FERRY ST,Collision with:  Vehicle in traffic,On Roadway,Rear-end (front to rear),FTYROW:  From driveway,None Indicated,,Daylight,Dry,Cloudy,None apparent,Non-intersection:  Driveway access (within),Paved,,Possible/Unknown,0,1,0,0,1,0,8000,2,2,,POINT (-92.433627107839 41.001301512164)
2014801135,W14-054106,06/01/2014,06-June,1-Sunday,10:24,1000 Hours,District 2 (Northeast),WATERLOO,BLACK HAWK,,W 6TH ST & BLUFF ST,Collision with:  Vehicle in traffic,On Roadway,Broadside (front to side),Driver Distraction:  Manual operation of an electronic communication device,None Indicated,,Daylight,Dry,Clear,None apparent,Intersection:  Four-way intersection,Paved,,Property Damage Only,0,0,0,0,0,0,3500,2,2,,POINT (-92.33947070946 42.492188001447)
2014803276,14V06004,06/01/2014,06-June,1-Sunday,14:30,1400 Hours,District 6 (East Central),VINTON,BENTON,,W 4TH ST,Collision with:  Other non-fixed object (explain in narrative),On Roadway,Non-collision (single vehicle),Equipment failure,None Indicated,,Daylight,Dry,Cloudy,None apparent,Non-intersection:  Non-junction/no special feature,Paved,,Property Damage Only,0,0,0,0,0,0,2600,1,2,,POINT (-92.032119938776 42.167777778859)
2014802073,14001890,06/01/2014,06-June,1-Sunday,05:28,0500 Hours,District 5 (Southeast),SIGOURNEY,KEOKUK,,Co Rd V45/200TH AVE,Collision with:  Animal,,,Animal,None Indicated,,,,,,,Paved,,Property Damage Only,0,0,0,0,0,0,2000,1,1,,POINT (-92.214795210039 41.347640583961)
2014802498,,06/01/2014,06-June,1-Sunday,17:00,1700 Hours,District 2 (Northeast),CHARLES CITY,FLOYD,US 18,US 18/BRANTINGHAM ST & KELLY ST,Collision with:  Vehicle in traffic,On Roadway,Rear-end (front to rear),Driving too fast for conditions,None Indicated,,Daylight,Wet,Rain,None apparent,Intersection:  Four-way intersection,Paved,,Property Damage Only,0,0,0,0,0,0,3000,2,3,,POINT (-92.673990400842 43.066129739491)
2014801144,060114-064,06/01/2014,06-June,1-Sunday,11:48,1100 Hours,District 3 (Northwest),STORM LAKE,BUENA VISTA,,E 3RD ST,Collision with:  Other non-fixed object (explain in narrative),Outside trafficway,Head-on (front to front),Lost Control,None Indicated,,Daylight,Dry,Cloudy,None apparent,Non-intersection:  Driveway access (within),Paved,,Property Damage Only,0,0,0,0,0,0,3500,2,2,,POINT (-95.196538145257 42.640895676014)
2014801944,14-1205,06/01/2014,06-June,1-Sunday,12:52,1200 Hours,District 1 (Central),URBANDALE,POLK,,100TH ST,Collision with:  Vehicle in traffic,On Roadway,"Sideswipe, same direction",Unknown,None Indicated,,Daylight,Dry,Cloudy,None apparent,Non-intersection:  Non-junction/no special feature,Paved,,Property Damage Only,0,0,0,0,0,0,4000,2,2,,POINT (-93.7559549594 41.649492890486)
2014801305,20140015276,06/01/2014,06-June,1-Sunday,09:05,0900 Hours,District 1 (Central),DES MOINES,POLK,,COURT AVE & 4TH ST,Collision with:  Parked motor vehicle,On Roadway,Head-on (front to front),Ran off road - left,None Indicated,,Daylight,Dry,Clear,None apparent,Intersection:  Four-way intersection,Paved,,Property Damage Only,0,0,0,0,0,0,8000,2,1,,POINT (-93.621616239034 41.585049716083)
2014802091,201401837,06/01/2014,06-June,1-Sunday,14:49,1400 Hours,District 6 (East Central),,LINN,,ROGERS RD,Collision with fixed object:  Other fixed object (explain in narrative),On Roadway,Non-collision (single vehicle),Over correcting/over steering,None Indicated,,Daylight,Dry,Cloudy,None apparent,Non-intersection:  Non-junction/no special feature,Paved,,Property Damage Only,0,0,0,0,0,0,8000,1,2,,POINT (-91.740053662728 41.993056164413)
2014802749,14003199,06/01/2014,06-June,1-Sunday,01:13,0100 Hours,District 3 (Northwest),,CHEROKEE,,Co Rd L51/L AVE & Co Rd L56/RIVER RD,Non-collision events:  Other non-collision (explain in narrative),On Roadway,Non-collision (single vehicle),Ran Stop Sign,Alcohol (Statutory),,Dark - roadway not lighted,Dry,Clear,None apparent,Intersection:  T-intersection,Paved,,Property Damage Only,0,0,0,0,0,0,8000,1,2,,POINT (-95.642251020145 42.639716829798)
2014850977,14004242,06/01/2014,06-June,1-Sunday,21:25,2100 Hours,District 5 (Southeast),,LOUISA,IA 92,IA 92/IOWA 92,Collision with:  Animal,,,Animal,None Indicated,,,,,,,Paved,,Property Damage Only,0,0,0,0,0,0,2000,1,1,,POINT (-91.420661357265 41.285104682711)
2014801322,14-001165,06/01/2014,06-June,1-Sunday,11:17,1100 Hours,District 1 (Central),ALTOONA,POLK,US 6,US 6/FREDERICK M HUBBELL AVE,Collision with:  Vehicle in traffic,On Roadway,Rear-end (front to rear),Other (explain in narrative):  Other,None Indicated,,Daylight,Dry,Cloudy,None apparent,Intersection:  Four-way intersection,Paved,,Property Damage Only,0,0,0,0,0,0,5000,2,2,,POINT (-93.50916526117 41.650310617748)
2014802237,02-14-8436,06/01/2014,06-June,1-Sunday,20:12,2000 Hours,District 6 (East Central),,DUBUQUE,,Co Rd Y21/SUNDOWN RD,,On Roadway,Non-collision (single vehicle),Swerving/Evasive Action,None Indicated,,Dusk,Wet,Cloudy,None apparent,Non-intersection:  Non-junction/no special feature,Paved,,Property Damage Only,0,0,0,0,0,0,2000,1,1,,POINT (-90.878344957259 42.346401185677)
2014801349,14-022284,06/01/2014,06-June,1-Sunday,16:28,1600 Hours,District 4 (Southwest),COUNCIL BLUFFS,POTTAWATTAMIE,,9TH AVE & S 3RD ST,Collision with:  Parked motor vehicle,On Roadway,"Sideswipe, same direction",Unknown,None Indicated,,Daylight,Unknown,Unknown,None apparent,Non-intersection:  Non-junction/no special feature,Paved,,Property Damage Only,0,0,0,0,0,0,1500,2,777,,POINT (-95.848506378945 41.253372469344)
2014801296,20140015341,06/01/2014,06-June,1-Sunday,21:15,2100 Hours,District 1 (Central),DES MOINES,POLK,,GRAND AVE & E GRAND AVE & 2ND AVE,Collision with:  Vehicle in traffic,On Roadway,Rear-end (front to rear),Other (explain in narrative):  Other,None Indicated,,Dark - roadway lighted,Dry,Clear,None apparent,Non-intersection:  Non-junction/no special feature,Paved,,Property Damage Only,0,0,0,0,0,0,2500,2,3,,POINT (-93.620332587388 41.588812674544)
2014801956,2014-35945,06/01/2014,06-June,1-Sunday,23:59,2300 Hours,District 6 (East Central),DAVENPORT,SCOTT,,W 10TH ST & WASHINGTON ST,Collision with:  Parked motor vehicle,On Roadway,"Sideswipe, same direction",Lost Control,Alcohol (Statutory),,Dark - roadway lighted,Dry,Clear,None apparent,Non-intersection:  Non-junction/no special feature,Paved,,Minor Injury,0,1,0,1,0,0,12000,3,4,,POINT (-90.59697801759 41.529513355155)
2014801817,2014032606,06/01/2014,06-June,1-Sunday,21:45,2100 Hours,District 4 (Southwest),,ADAIR,I-80,I-80,Collision with:  Animal,,,Animal,None Indicated,,,,,,,Paved,,Property Damage Only,0,0,0,0,0,0,4000,1,1,,POINT (-94.473192474444 41.495984760332)
2014801957,2014-36019,06/01/2014,06-June,1-Sunday,09:15,0900 Hours,District 6 (East Central),DAVENPORT,SCOTT,,E 29TH PL,Collision with:  Parked motor vehicle,On Roadway,Rear-end (front to rear),Illegally Parked/Unattended,None Indicated,,Daylight,Dry,Clear,"Surface condition (e.g., wet, icy)",Non-intersection:  Driveway access (within),Paved,,Property Damage Only,0,0,0,0,0,0,2500,2,1,,POINT (-90.568869182424 41.550060250362)
2014801164,141488,06/01/2014,06-June,1-Sunday,18:28,1800 Hours,District 3 (Northwest),DENISON,CRAWFORD,,2ND AVE N & N MAIN ST,Collision with:  Vehicle in traffic,On Roadway,Broadside (front to side),FTYROW:  From parked position,None Indicated,,Daylight,Wet,Rain,"Surface condition (e.g., wet, icy)",Non-intersection:  Non-junction/no special feature,Paved,,Property Damage Only,0,0,0,0,0,0,2500,2,2,,POINT (-95.355726718312 42.018490922191)
2014801999,,06/01/2014,06-June,1-Sunday,11:59,1100 Hours,District 2 (Northeast),NORA SPRINGS,FLOYD,,W CONGRESS ST & E CONGRESS ST & S HAWKEYE AVE & N HAWKEYE AVE,Collision with:  Vehicle in traffic,On Roadway,"Angle, oncoming left turn",Crossed centerline (undivided),None Indicated,,Daylight,Wet,Rain,None apparent,Intersection:  Four-way intersection,Paved,,Possible/Unknown,0,1,0,0,1,0,8000,2,2,,POINT (-93.005607514067 43.142712591062)
2014801816,2014032579,06/01/2014,06-June,1-Sunday,19:00,1900 Hours,District 6 (East Central),,CEDAR,I-80,I-80,Collision with:  Animal,,,Animal,None Indicated,,,,,,,Paved,,Property Damage Only,0,0,0,0,0,0,5000,1,1,,POINT (-91.115961701743 41.645065451919)
2014801916,A14-038,06/01/2014,06-June,1-Sunday,20:40,2000 Hours,District 4 (Southwest),WINTERSET,MADISON,,N 12TH AVE,Collision with:  Vehicle in traffic,On Roadway,Rear-end (front to rear),Other (explain in narrative):  Other,None Indicated,,Dark - roadway lighted,Wet,Clear,None apparent,Non-intersection:  Non-junction/no special feature,Paved,,Property Damage Only,0,0,0,0,0,0,9000,2,1,,POINT (-94.027350335692 41.335293972867)
2014801901,201407761,06/01/2014,06-June,1-Sunday,16:10,1600 Hours,District 6 (East Central),CEDAR RAPIDS,LINN,IA 922,IA 922/WILLIAMS BLVD & TRENT ST SW,Collision with:  Vehicle in traffic,On Roadway,Rear-end (front to rear),Followed too close,None Indicated,,Daylight,Dry,Cloudy,None apparent,Non-intersection:  Non-junction/no special feature,Paved,,Minor Injury,0,1,0,1,0,0,3500,2,2,,POINT (-91.712394751692 41.960677212014)
2014801572,14-0620,06/01/2014,06-June,1-Sunday,14:35,1400 Hours,District 1 (Central),CLIVE,POLK,,NW 142ND ST,Collision with:  Vehicle in traffic,On Roadway,Rear-end (front to rear),Followed too close,None Indicated,,Daylight,Dry,Clear,None apparent,Non-intersection:  Non-junction/no special feature,Paved,,Property Damage Only,0,0,0,0,0,0,3200,2,2,,POINT (-93.814300727344 41.610895058065)
2014809972,143831PD,06/01/2014,06-June,1-Sunday,20:06,2000 Hours,District 1 (Central),BOONE,BOONE,,LINN ST,Collision with:  Vehicle in traffic,On Roadway,Rear-end (front to rear),Other (explain in narrative):  Other,None Indicated,,Daylight,Wet,Rain,"Surface condition (e.g., wet, icy)",Non-intersection:  Non-junction/no special feature,Paved,,Possible/Unknown,0,1,0,0,1,0,1500,3,3,,POINT (-93.873751927537 42.065581432549)
2014801347,14-022250,06/01/2014,06-June,1-Sunday,12:00,1200 Hours,District 4 (Southwest),COUNCIL BLUFFS,POTTAWATTAMIE,I-29,I-29,Collision with:  Vehicle in traffic,On Roadway,"Sideswipe, same direction",Other (explain in narrative):  Other,None Indicated,,Daylight,Dry,Clear,None apparent,Non-intersection:  Non-junction/no special feature,Paved,,Property Damage Only,0,0,0,0,0,0,3500,2,3,,POINT (-95.903310163319 41.240753556146)
2014801348,14-022257,06/01/2014,06-June,1-Sunday,12:27,1200 Hours,District 4 (Southwest),COUNCIL BLUFFS,POTTAWATTAMIE,IA 192,IA 192/S 7TH ST & 5TH AVE,Collision with:  Vehicle in traffic,On Roadway,Rear-end (front to rear),Ran Traffic Signal,None Indicated,,Daylight,Dry,Clear,Non-highway work,Intersection:  Other intersection (explain in narrative),Paved,,Property Damage Only,0,0,0,0,0,0,4500,2,2,,POINT (-95.854739792227 41.257018646141)
2014801304,20140015305,06/01/2014,06-June,1-Sunday,14:59,1400 Hours,District 1 (Central),DES MOINES,POLK,,WALNUT RIDGE DR,Collision with:  Vehicle in traffic,On Roadway,Unknown,Unknown,None Indicated,,Daylight,Unknown,Unknown,None apparent,Non-intersection:  Other non-intersection (explain in narrative),Paved,,Property Damage Only,0,0,0,0,0,0,1599,2,1,,POINT (-93.512301454504 41.623248070876)
2014801354,2014-10937,06/01/2014,06-June,1-Sunday,00:29,0000 Hours,District 6 (East Central),,SCOTT,I-80,I-80,Collision with:  Animal,,,Animal,None Indicated,,,,,,,Paved,,Property Damage Only,0,0,0,0,0,0,1501,1,1,,POINT (-90.82897258041 41.630103193349)
2014801871,143787,06/01/2014,06-June,1-Sunday,12:30,1200 Hours,District 4 (Southwest),,DALLAS,,HULL AVE,Non-collision events:  Overturn/rollover,On Roadway,Non-collision (single vehicle),Driving too fast for conditions,None Indicated,,Daylight,Dry,Clear,None apparent,Non-intersection:  Non-junction/no special feature,Unpaved,,Property Damage Only,0,0,0,0,0,0,3000,1,1,,POINT (-94.128239633986 41.832118162673)
2014801619,2014-11009,06/01/2014,06-June,1-Sunday,23:53,2300 Hours,District 6 (East Central),,SCOTT,I-80,I-80,Collision with:  Animal,,,Animal,None Indicated,,,,,,,Paved,,Property Damage Only,0,0,0,0,0,0,1501,1,1,,POINT (-90.786854004642 41.617330061052)
2014801134,W14-054043,06/01/2014,06-June,1-Sunday,04:04,0400 Hours,District 2 (Northeast),WATERLOO,BLACK HAWK,,RICKER ST,Collision with fixed object:  Other fixed object (explain in narrative),On Roadway,Non-collision (single vehicle),"Operating vehicle in an reckless, erratic, careless, negligent manner",None Indicated,,Dark - roadway lighted,Dry,Clear,None apparent,Non-intersection:  Alley,Paved,,Major Injury,0,1,1,0,0,0,300,1,1,,POINT (-92.333335847698 42.514117676849)
2014810934,,06/01/2014,06-June,1-Sunday,13:33,1300 Hours,District 5 (Southeast),,LUCAS,,482ND ST,,On Roadway,Non-collision (single vehicle),Swerving/Evasive Action,None Indicated,,Daylight,"Mud, dirt",Clear,None apparent,Non-intersection:  Non-junction/no special feature,Unpaved,,Property Damage Only,0,0,0,0,0,0,8000,1,1,,POINT (-93.289037058886 41.017617467554)
2014802628,2014-36095,06/01/2014,06-June,1-Sunday,18:41,1800 Hours,District 6 (East Central),DAVENPORT,SCOTT,,IA 461/HARRISON ST & W LOCUST ST,Collision with:  Vehicle in traffic,On Roadway,Rear-end (front to rear),Followed too close,None Indicated,,Daylight,Dry,Cloudy,None apparent,Non-intersection:  Non-junction/no special feature,Paved,,Possible/Unknown,0,1,0,0,1,0,4500,3,6,,POINT (-90.577233957256 41.538285400634)
2014802245,142978,06/01/2014,06-June,1-Sunday,23:09,2300 Hours,District 1 (Central),OWASA,HARDIN,US 65,US 65 & Co Rd D41/CO HWY D41,Collision with:  Vehicle in traffic,On Roadway,"Angle, oncoming left turn",Other (explain in narrative):  Other,None Indicated,,Dark - roadway lighted,Dry,Cloudy,None apparent,Non-intersection:  Non-junction/no special feature,Paved,,Property Damage Only,0,0,0,0,0,0,5500,2,5,,POINT (-93.261104809216 42.397457278137)
2014801422,891403540,06/01/2014,06-June,1-Sunday,13:15,1300 Hours,District 5 (Southeast),FARMINGTON,VAN BUREN,,ELM ST,Collision with:  Parked motor vehicle,On Roadway,Broadside (front to side),Unknown,None Indicated,,Daylight,Dry,Clear,None apparent,Non-intersection:  Non-junction/no special feature,Unpaved,,Property Damage Only,0,0,0,0,0,0,3000,2,1,,POINT (-91.736990422948 40.642012279241)
2014801252,14-002363,06/01/2014,06-June,1-Sunday,00:02,0000 Hours,District 1 (Central),ANKENY,POLK,,W 1ST ST & SW LINDEN ST & NW LINDEN ST,Collision with:  Vehicle in traffic,On Roadway,Broadside (front to side),Ran Stop Sign,Alcohol (< Statutory),,Dark - roadway lighted,Dry,Clear,None apparent,Intersection:  Four-way intersection,Paved,,Minor Injury,0,4,0,2,2,0,10000,2,4,,POINT (-93.629426204937 41.731823621648)
2014801618,14-11004,06/01/2014,06-June,1-Sunday,20:49,2000 Hours,District 6 (East Central),,SCOTT,,190 ST,Non-collision events:  Overturn/rollover,On Roadway,Non-collision (single vehicle),Ran off road - left,Refused,,Dusk,"Mud, dirt",Clear,None apparent,Non-intersection:  Non-junction/no special feature,Unpaved,,Minor Injury,0,1,0,1,0,0,10000,1,1,,POINT (-90.735299045159 41.581839791236)
2014801412,2014-36149,06/01/2014,06-June,1-Sunday,23:04,2300 Hours,District 6 (East Central),DAVENPORT,SCOTT,US 6,US 6/E KIMBERLY RD & JERSEY RIDGE RD,Collision with:  Vehicle in traffic,On Roadway,Broadside (front to side),Ran Traffic Signal,None Indicated,,Dark - roadway lighted,Dry,Cloudy,None apparent,Intersection:  Four-way intersection,Paved,,Minor Injury,0,2,0,1,1,0,4500,2,3,,POINT (-90.541695833166 41.556849407205)
2014801889,2014006031,06/01/2014,06-June,1-Sunday,16:36,1600 Hours,District 6 (East Central),IOWA CITY,JOHNSON,US 6,US 6 & KEOKUK ST,Collision with:  Vehicle in traffic,On Roadway,Broadside (front to side),Lost Control,None Indicated,,Daylight,Dry,Clear,None apparent,Intersection:  Four-way intersection,Paved,,Property Damage Only,0,0,0,0,0,0,2000,2,3,,POINT (-91.524286651746 41.64321659578)
2014801279,20140015320,06/01/2014,06-June,1-Sunday,17:30,1700 Hours,District 1 (Central),DES MOINES,POLK,,CLARK ST & MLK JR PKWY,Collision with:  Vehicle in traffic,On Roadway,"Sideswipe, same direction",FTYROW:  Making left turn,None Indicated,,Daylight,Dry,Clear,None apparent,Intersection:  Four-way intersection,Paved,,Property Damage Only,0,0,0,0,0,0,2000,2,3,,POINT (-93.643861986812 41.605905140611)
2014810231,2014-003045,06/01/2014,06-June,1-Sunday,01:45,0100 Hours,District 6 (East Central),,BENTON,,Co Rd V37/V37,Non-collision events:  Other non-collision (explain in narrative),Outside trafficway,Non-collision (single vehicle),Traveling wrong way or on wrong side of road,None Indicated,,Dark - roadway not lighted,Dry,Clear,None apparent,Non-intersection:  Driveway access (within),Paved,,Possible/Unknown,0,1,0,0,1,0,7300,1,3,,POINT (-92.298897564943 42.207238615474)
2014801453,2014032567,06/01/2014,06-June,1-Sunday,18:02,1800 Hours,District 4 (Southwest),,DALLAS,I-80,I-80,Collision with:  Animal,On Roadway,Non-collision (single vehicle),Animal,None Indicated,,Daylight,Dry,Cloudy,None apparent,Non-intersection:  Non-junction/no special feature,Paved,,Property Damage Only,0,0,0,0,0,0,3000,1,1,,POINT (-94.080783151905 41.519320478476)
2014801411,2014-36040,06/01/2014,06-June,1-Sunday,12:46,1200 Hours,District 6 (East Central),DAVENPORT,SCOTT,US 6,US 6/KIMBERLY RD/E KIMBERLY RD,Collision with:  Vehicle in traffic,On Roadway,"Sideswipe, same direction",Made improper turn,None Indicated,,Daylight,Dry,Clear,None apparent,Non-intersection:  Non-junction/no special feature,Paved,,Property Damage Only,0,0,0,0,0,0,5500,2,6,,POINT (-90.567947006179 41.560262979975)
2014806888,2014-36013,06/01/2014,06-June,1-Sunday,08:56,0800 Hours,District 6 (East Central),DAVENPORT,SCOTT,,W 59TH ST & FRONTAGE RD,Collision with fixed object:  Traffic sign support,On Roadway,Non-collision (single vehicle),Ran off road - left,None Indicated,,Daylight,Dry,Clear,None apparent,Non-intersection:  Non-junction/no special feature,Paved,,Property Damage Only,0,0,0,0,0,0,2000,1,1,,POINT (-90.57242596758 41.579946524862)
2014801209,14-16221,06/01/2014,06-June,1-Sunday,18:06,1800 Hours,District 5 (Southeast),MONTROSE,LEE,,241 AVE & 280 ST,Collision with fixed object:  Ditch,On Roadway,Non-collision (single vehicle),Ran off road - straight,None Indicated,,Daylight,Dry,Clear,"Surface condition (e.g., wet, icy)",Intersection:  Y-intersection,Paved,,Property Damage Only,0,0,0,0,0,0,8500,1,1,,POINT (-91.451670663006 40.55254481652)
2014801746,14-13902,06/01/2014,06-June,1-Sunday,17:49,1700 Hours,District 1 (Central),KELLOGG,JASPER,,Co Rd T22/HWY T-22 S,Collision with fixed object:  Ditch,Shoulder,Non-collision (single vehicle),Ran off road - right,None Indicated,,Daylight,Dry,Clear,None apparent,Non-intersection:  Non-junction/no special feature,Paved,,Possible/Unknown,0,2,0,0,2,0,3000,1,2,,POINT (-92.902928616454 41.674987185853)
2014801855,14054123,06/01/2014,06-June,1-Sunday,11:48,1100 Hours,District 2 (Northeast),CEDAR FALLS,BLACK HAWK,,CRESCENT DR & PARKGATE RD,Collision with:  Vehicle in traffic,On Roadway,"Sideswipe, same direction",FTYROW:  Other (explain in narrative),None Indicated,,Daylight,Dry,Cloudy,None apparent,Non-intersection:  Non-junction/no special feature,Paved,,Property Damage Only,0,0,0,0,0,0,9500,2,2,,POINT (-92.477160361859 42.537621765367)
2014802736,14-029,06/01/2014,06-June,1-Sunday,17:16,1700 Hours,District 3 (Northwest),ROCKWELL CITY,CALHOUN,,S TWIN RD & NORRIDGE AVE,Non-collision events:  Overturn/rollover,Roadside,Non-collision (single vehicle),Crossed centerline (undivided),None Indicated,,Daylight,Dry,Cloudy,None apparent,Intersection:  T-intersection,Unpaved,,Property Damage Only,0,0,0,0,0,0,11585,1,2,,POINT (-94.649942975881 42.4523601618)
2014802090,201401831,06/01/2014,06-June,1-Sunday,03:10,0300 Hours,District 6 (East Central),,LINN,,HOLMANS RD,Collision with:  Vehicle in traffic,On Roadway,"Sideswipe, opposite direction",FTYROW:  Other (explain in narrative),None Indicated,,Dark - roadway not lighted,Dry,Cloudy,None apparent,Non-intersection:  Non-junction/no special feature,Unpaved,,Property Damage Only,0,0,0,0,0,0,5000,2,2,,POINT (-91.507832746263 41.9541114361)
2014801815,2014032516,06/01/2014,06-June,1-Sunday,10:50,1000 Hours,District 5 (Southeast),MYSTIC,APPANOOSE,,Co Rd T14/HWY T14 & 490TH ST,Collision with:  Vehicle in traffic,On Roadway,Head-on (front to front),Crossed centerline (undivided),Alcohol (< Statutory),,Daylight,Dry,Cloudy,None apparent,Non-intersection:  Non-junction/no special feature,Paved,,Minor Injury,0,2,0,1,1,0,16000,2,2,,POINT (-92.939522554326 40.768503223022)
2014826446,2014-3986,06/01/2014,06-June,1-Sunday,00:24,0000 Hours,District 6 (East Central),LE CLAIRE,SCOTT,I-80,I-80,Collision with:  Animal,,,Animal,None Indicated,,,,,,,Paved,,Property Damage Only,0,0,0,0,0,0,2500,1,1,,POINT (-90.391257294545 41.595726798699)
2014801676,14-17153,06/01/2014,06-June,1-Sunday,18:49,1800 Hours,District 3 (Northwest),SIOUX CITY,WOODBURY,,INDIAN HILLS DR,Collision with:  Vehicle in traffic,On Roadway,Rear-end (front to rear),Other (explain in narrative):  Other,None Indicated,,Daylight,Wet,Rain,None apparent,Non-intersection:  Non-junction/no special feature,Paved,,Property Damage Only,0,0,0,0,0,0,7000,2,2,,POINT (-96.378565013597 42.533827477346)
2014802146,14-002638,06/01/2014,06-June,1-Sunday,08:43,0800 Hours,District 1 (Central),AMES,STORY,US 69,US 69/S DUFF AVE,Collision with:  Vehicle in traffic,On Roadway,"Angle, oncoming left turn",FTYROW:  From driveway,None Indicated,,Daylight,Dry,Clear,None apparent,Non-intersection:  Driveway access (within),Paved,,Minor Injury,0,3,0,1,2,0,8000,2,3,,POINT (-93.610238846239 41.993215180035)
2014802458,201400026297,06/01/2014,06-June,1-Sunday,14:51,1400 Hours,District 5 (Southeast),OTTUMWA,WAPELLO,IA 149,IA 149/IOWA 149,Collision with:  Animal,On Roadway,Non-collision (single vehicle),Animal,None Indicated,,Daylight,Dry,Clear,None apparent,Non-intersection:  Non-junction/no special feature,Paved,,Property Damage Only,0,0,0,0,0,0,4000,1,1,,POINT (-92.413604590586 41.045422335598)
2014801427,14-1629,06/01/2014,06-June,1-Sunday,16:30,1600 Hours,District 1 (Central),FORT DODGE,WEBSTER,,7TH AVE N & N 15TH ST,Collision with:  Vehicle in traffic,On Roadway,Rear-end (front to rear),Other (explain in narrative):  Other,None Indicated,,Daylight,Dry,Clear,None apparent,Intersection:  Four-way intersection,Paved,,Possible/Unknown,0,1,0,0,0,1,3000,2,2,,POINT (-94.17799471594 42.512883988924)
2014802148,14-002645,06/01/2014,06-June,1-Sunday,16:12,1600 Hours,District 1 (Central),AMES,STORY,,LINCOLN SWING & S DAKOTA AVE,Collision with:  Vehicle in traffic,On Roadway,Broadside (front to side),FTYROW:  From stop sign,None Indicated,,Daylight,Dry,Clear,None apparent,Intersection:  Four-way intersection,Paved,,Property Damage Only,0,0,0,0,0,0,9500,2,3,,POINT (-93.678726124955 42.02229122472)
2014802051,14-003643,06/01/2014,06-June,1-Sunday,12:45,1200 Hours,District 1 (Central),,HAMILTON,,Co Rd R21/STAGECOACH RD,Non-collision events:  Overturn/rollover,Roadside,Non-collision (single vehicle),Swerving/Evasive Action,None Indicated,,Daylight,Dry,Clear,None apparent,Non-intersection:  Non-junction/no special feature,Paved,,Possible/Unknown,0,2,0,0,2,0,100000,1,2,,POINT (-93.925095100321 42.237460747963)
2014802485,2014032534,06/01/2014,06-June,1-Sunday,14:23,1400 Hours,District 3 (Northwest),,PLYMOUTH,IA 60,IA 60/IOWA 60,Non-collision events:  Overturn/rollover,On Roadway,Non-collision (single vehicle),Ran off road - right,None Indicated,,Daylight,Wet,Cloudy,None apparent,Non-intersection:  Non-junction/no special feature,Paved,,Minor Injury,0,1,0,1,0,0,3500,1,1,,POINT (-96.167721890548 42.818904626111)
2014801836,2014032526,06/01/2014,06-June,1-Sunday,13:04,1300 Hours,District 6 (East Central),,CLINTON,,Co Rd F12/220 ST & Co Rd Z40/400 AVE,Collision with:  Vehicle in traffic,On Roadway,Unknown,Crossed centerline (undivided),None Indicated,,Daylight,Dry,Clear,None apparent,Intersection:  Four-way intersection,Paved,,Major Injury,0,4,1,2,1,0,20000,3,6,,POINT (-90.31569857758 41.859175649325)
2014801514,060114-40,06/01/2014,06-June,1-Sunday,04:00,0400 Hours,District 3 (Northwest),,BUENA VISTA,,Co Rd M36/80TH AVE,Non-collision events:  Other non-collision (explain in narrative),On Roadway,Non-collision (single vehicle),Ran off road - right,None Indicated,,Dark - roadway lighted,Dry,Clear,None apparent,Non-intersection:  Non-junction/no special feature,Paved,,Property Damage Only,0,0,0,0,0,0,3500,1,1,,POINT (-95.248293426735 42.879485007)
2014801695,W14-054131,06/01/2014,06-June,1-Sunday,12:22,1200 Hours,District 2 (Northeast),WATERLOO,BLACK HAWK,,DEVONSHIRE DR & ANSBOROUGH AVE,Collision with:  Vehicle in traffic,On Roadway,Rear-end (front to rear),Other (explain in narrative):  Other,None Indicated,,Daylight,Dry,Clear,None apparent,Non-intersection:  Non-junction/no special feature,Paved,,Property Damage Only,0,0,0,0,0,0,3000,2,2,,POINT (-92.376771207068 42.474736422739)
2014801837,2014032541,06/01/2014,06-June,1-Sunday,15:02,1500 Hours,District 1 (Central),SEARSBORO,POWESHIEK,,Co Rd F62/CO RD F62 & 35TH ST,Collision with:  Non-motorist (see non-motorist section - NOT a unit),On Roadway,Non-collision (single vehicle),Unknown,None Indicated,,Daylight,Dry,Cloudy,None apparent,Non-intersection:  Non-junction/no special feature,Paved,,Possible/Unknown,0,2,0,0,2,0,0,1,1,,POINT (-92.710079204711 41.574105636145)