Iowa DOT Case Number,Law Enforcement Case Number,Date of Crash,Month of Crash,Day of Week,Time of Crash,Hour,DOT District,City Name,County Name,Route with System,Location Description,First Harmful Event,Location of First Harmful Event,Manner of Crash/Collision,Major Cause,Drug or Alcohol ,Environmental Conditions,Light Conditions,Surface Conditions,Weather Conditions,Roadway Contribution,Roadway Type,Roadway Surface,Work Zone,Crash Severity,Number of Fatalities,Number of Injuries,Number of Major Injuries,Number of Minor Injuries,Number of Possible Injuries,Number of Unknown Injuries,Amount of Property Damage,Number of Vehicles Involved,Total Number of Occupants,Travel Direction,Location
2014801899,201407734,06/01/2014,06-June,1-Sunday,04:01,0400 Hours,District 6 (East Central),CEDAR RAPIDS,LINN,I-380,I-380,Collision with fixed object:  Guardrail - face,On Roadway,Non-collision (single vehicle),Ran off road - left,None Indicated,,Dark - roadway lighted,Dry,Clear,None apparent,Non-intersection:  Other non-intersection (explain in narrative),Paved,,Property Damage Only,0,0,0,0,0,0,5000,1,3,,POINT (-91.666678001024 41.995730749727)
2014801325,S14-001935,06/01/2014,06-June,1-Sunday,01:00,0100 Hours,District 4 (Southwest),,POTTAWATTAMIE,,420TH ST & ELMTREE RD,Non-collision events:  Overturn/rollover,On Roadway,Non-collision (single vehicle),Driving too fast for conditions,None Indicated,,Unknown,Dry,Clear,None apparent,Intersection:  T-intersection,Unpaved,,Possible/Unknown,0,1,0,0,0,1,30200,1,2,,POINT (-95.384248116181 41.274593750192)
2014802829,2014032570,06/01/2014,06-June,1-Sunday,18:30,1800 Hours,District 6 (East Central),,JOHNSON,I-380,I-380,Non-collision events:  Other non-collision (explain in narrative),On Roadway,Rear-end (front to rear),Driving too fast for conditions,None Indicated,,Daylight,Wet,Rain,None apparent,Non-intersection:  Non-junction/no special feature,Paved,,Minor Injury,0,3,0,1,2,0,11000,2,6,,POINT (-91.660530736986 41.829749780473)
2014801176,01-14-23491,06/01/2014,06-June,1-Sunday,08:55,0800 Hours,District 6 (East Central),DUBUQUE,DUBUQUE,,E 19TH ST & ELM ST,Collision with:  Vehicle in traffic,On Roadway,Broadside (front to side),Ran Stop Sign,None Indicated,,Daylight,Dry,Cloudy,None apparent,Intersection:  Four-way intersection,Paved,,Possible/Unknown,0,1,0,0,1,0,16000,2,2,,POINT (-90.666047897426 42.511619265466)
2014802629,2014-36096,06/01/2014,06-June,1-Sunday,18:47,1800 Hours,District 6 (East Central),DAVENPORT,SCOTT,,ELMORE AVE,Collision with:  Vehicle in traffic,On Roadway,Broadside (front to side),FTYROW:  From stop sign,None Indicated,,Daylight,Dry,Cloudy,None apparent,Intersection:  T-intersection,Paved,,Property Damage Only,0,0,0,0,0,0,12500,2,4,,POINT (-90.528608992536 41.577427379378)
2014801316,14-2554,06/01/2014,06-June,1-Sunday,18:45,1800 Hours,District 1 (Central),WEST DES MOINES,POLK,,GRAND AVE,Collision with:  Vehicle in traffic,On Roadway,Rear-end (front to rear),Other (explain in narrative):  Other,None Indicated,,Daylight,Dry,Clear,None apparent,Non-intersection:  Non-junction/no special feature,Paved,,Property Damage Only,0,0,0,0,0,0,4500,2,3,,POINT (-93.731052105324 41.572219148191)
2014801278,20140015309,06/01/2014,06-June,1-Sunday,14:27,1400 Hours,District 1 (Central),DES MOINES,POLK,,OVID AVE & E OVID AVE & 2ND AVE,Collision with:  Vehicle in traffic,On Roadway,Broadside (front to side),Ran Stop Sign,Alcohol (Statutory),,Daylight,Dry,Clear,None apparent,Intersection:  Four-way intersection,Paved,,Major Injury,0,2,2,0,0,0,7000,2,2,,POINT (-93.619920160668 41.625951675137)
2014801293,20140015252,06/01/2014,06-June,1-Sunday,01:29,0100 Hours,District 1 (Central),DES MOINES,POLK,,DIXON ST,Collision with:  Vehicle in traffic,On Roadway,Head-on (front to front),"Operating vehicle in an reckless, erratic, careless, negligent manner",None Indicated,,Dark - roadway lighted,Dry,Cloudy,None apparent,Non-intersection:  Driveway access (within),Paved,,Property Damage Only,0,0,0,0,0,0,7500,3,5,,POINT (-93.590835748186 41.634139257193)
2014801661,14S00790,06/01/2014,06-June,1-Sunday,23:00,2300 Hours,District 4 (Southwest),,UNION,,QUAIL AVE,Non-collision events:  Overturn/rollover,Shoulder,Non-collision (single vehicle),Swerving/Evasive Action,None Indicated,,Dark - roadway not lighted,Dry,Cloudy,None apparent,Non-intersection:  Non-junction/no special feature,Unpaved,,Property Damage Only,0,0,0,0,0,0,4500,1,1,,POINT (-94.151841301077 41.13335325976)
2014803204,2014-11618,06/01/2014,06-June,1-Sunday,17:00,1700 Hours,District 5 (Southeast),,WARREN,IA 28,IA 28/IOWA 28,Collision with fixed object:  Ditch,Roadside,Non-collision (single vehicle),Swerving/Evasive Action,None Indicated,,Daylight,Dry,Clear,None apparent,Non-intersection:  Non-junction/no special feature,Paved,,Property Damage Only,0,0,0,0,0,0,2500,1,2,,POINT (-93.683710462186 41.45502750105)
2014801210,14-16243,06/01/2014,06-June,1-Sunday,22:01,2200 Hours,District 5 (Southeast),DONNELLSON,LEE,US 218,US 218,Collision with:  Animal,,,Animal,None Indicated,,,,,,,Paved,,Property Damage Only,0,0,0,0,0,0,3500,1,1,,POINT (-91.563108057339 40.667499781994)
2014802076,14-1833,06/01/2014,06-June,1-Sunday,04:04,0400 Hours,District 6 (East Central),HIAWATHA,LINN,I-380,I-380,Collision with:  Animal,,,Animal,None Indicated,,,,,,,Paved,,Property Damage Only,0,0,0,0,0,0,5000,1,1,,POINT (-91.701207222301 42.080029961215)
2014804684,,06/01/2014,06-June,1-Sunday,03:07,0300 Hours,District 6 (East Central),,JOHNSON,I-80,I-80,Collision with:  Vehicle in traffic,On Roadway,Unknown,Illegally Parked/Unattended,None Indicated,,Dark - roadway not lighted,Dry,Clear,None apparent,Non-intersection:  Non-junction/no special feature,Paved,,Property Damage Only,0,0,0,0,0,0,30000,2,1,,POINT (-91.40600175322 41.667090050023)
2014802303,201400001845,06/01/2014,06-June,1-Sunday,23:42,2300 Hours,District 6 (East Central),,LINN,,OTIS RD,Collision with fixed object:  Ditch,Outside trafficway,Non-collision (single vehicle),Ran off road - right,Alcohol (Statutory),,Dark - roadway not lighted,Dry,Cloudy,None apparent,Non-intersection:  Non-junction/no special feature,Paved,,Minor Injury,0,1,0,1,0,0,8000,1,1,,POINT (-91.600270367152 41.956743879726)
2014801526,14-18316,06/01/2014,06-June,1-Sunday,02:04,0200 Hours,District 5 (Southeast),BURLINGTON,DES MOINES,,TIMBERRIDGE,Collision with:  Vehicle in traffic,On Roadway,"Sideswipe, same direction",Crossed centerline (undivided),Alcohol (Statutory),,Dark - roadway not lighted,Dry,Clear,None apparent,Non-intersection:  Crossover-related,Paved,,Property Damage Only,0,0,0,0,0,0,4000,2,10,,POINT (-91.141411859773 40.838098783814)
2014801629,2014-36048,06/01/2014,06-June,1-Sunday,13:52,1300 Hours,District 6 (East Central),DAVENPORT,SCOTT,,IA 461/BRADY ST & W LOCUST ST & E LOCUST ST,Collision with:  Vehicle in traffic,On Roadway,"Sideswipe, same direction",Unknown,None Indicated,,Daylight,Dry,Clear,None apparent,Non-intersection:  Non-junction/no special feature,Paved,,Property Damage Only,0,0,0,0,0,0,2000,2,3,,POINT (-90.573997624563 41.538280176233)
2014801902,201407770,06/01/2014,06-June,1-Sunday,19:11,1900 Hours,District 6 (East Central),CEDAR RAPIDS,LINN,,WILSON AVE SW,Non-collision events:  Other non-collision (explain in narrative),On Roadway,Non-collision (single vehicle),Lost Control,None Indicated,,Daylight,Wet,Cloudy,"Surface condition (e.g., wet, icy)",Non-intersection:  Railroad grade crossing,Paved,,Minor Injury,0,1,0,1,0,0,1600,1,2,,POINT (-91.693575533376 41.95628556917)
2014801986,2014032596,06/01/2014,06-June,1-Sunday,21:30,2100 Hours,District 5 (Southeast),,CLARKE,US 34,US 34,Collision with:  Animal,,,Animal,None Indicated,,,,,,,Paved,,Property Damage Only,0,0,0,0,0,0,2500,1,1,,POINT (-93.848843803315 41.022637188112)
2014803250,,06/01/2014,06-June,1-Sunday,01:51,0100 Hours,District 2 (Northeast),,WINNEBAGO,,Co Rd A16/485TH ST,Collision with:  Animal,On Roadway,Non-collision (single vehicle),Animal,Alcohol (< Statutory),,Dark - roadway not lighted,Dry,Clear,None apparent,Non-intersection:  Non-junction/no special feature,Paved,,Minor Injury,0,2,0,2,0,0,1000,1,2,,POINT (-93.566704623386 43.465465369416)
2014801507,W14-054109,06/01/2014,06-June,1-Sunday,10:32,1000 Hours,District 2 (Northeast),WATERLOO,BLACK HAWK,I-380,I-380 & MITCHELL AVE,Collision with:  Vehicle in traffic,On Roadway,Rear-end (front to rear),Other (explain in narrative):  Other,None Indicated,,Daylight,Dry,Clear,None apparent,Intersection:  Four-way intersection,Paved,,Property Damage Only,0,0,0,0,0,0,6000,2,3,,POINT (-92.322091938917 42.476560440083)
2014802510,,06/01/2014,06-June,1-Sunday,13:01,1300 Hours,District 2 (Northeast),,FLOYD,US 18,US 18,Collision with:  Animal,On Roadway,Non-collision (single vehicle),Animal,None Indicated,,Daylight,Dry,Cloudy,None apparent,Non-intersection:  Non-junction/no special feature,Paved,,Property Damage Only,0,0,0,0,0,0,1500,1,2,,POINT (-92.719220817202 43.091139356856)
2014801900,201407759,06/01/2014,06-June,1-Sunday,15:32,1500 Hours,District 6 (East Central),CEDAR RAPIDS,LINN,,DIAGONAL DR SW & 1ST ST SW,Collision with:  Vehicle in traffic,On Roadway,Broadside (front to side),Ran Traffic Signal,None Indicated,,Daylight,Dry,Clear,None apparent,Intersection:  Four-way intersection,Paved,,Possible/Unknown,0,3,0,0,3,0,10000,3,6,,POINT (-91.669325900466 41.970624522111)
2014801987,2014032602,06/01/2014,06-June,1-Sunday,21:20,2100 Hours,District 5 (Southeast),BATAVIA,JEFFERSON,,DAVIS ST & ASH ST & 1ST ST,Collision with fixed object:  Ditch,Shoulder,Non-collision (single vehicle),"Operating vehicle in an reckless, erratic, careless, negligent manner",None Indicated,,Dark - roadway lighted,Dry,Cloudy,None apparent,Non-intersection:  Non-junction/no special feature,Paved,,Property Damage Only,0,0,0,0,0,0,10500,1,1,,POINT (-92.162942038807 41.002076858865)
2014801628,2014-36026,06/01/2014,06-June,1-Sunday,03:30,0300 Hours,District 6 (East Central),DAVENPORT,SCOTT,,W 15TH ST & WARREN ST,Collision with:  Vehicle in traffic,On Roadway,"Sideswipe, same direction",FTYROW:  From parked position,None Indicated,,Dark - roadway lighted,Dry,Clear,None apparent,Non-intersection:  Non-junction/no special feature,Paved,,Property Damage Only,0,0,0,0,0,0,1500,2,3,,POINT (-90.585754944311 41.535114321399)
2014801452,2014032454,06/01/2014,06-June,1-Sunday,04:45,0400 Hours,District 1 (Central),,POLK,I-80,I-80,Collision with:  Animal,,,Animal,None Indicated,,,,,,,Paved,,Property Damage Only,0,0,0,0,0,0,1500,1,1,,POINT (-93.422687304804 41.676016334528)
2014801133,W14-053978,06/01/2014,06-June,1-Sunday,00:13,0000 Hours,District 2 (Northeast),WATERLOO,BLACK HAWK,,VINTON ST,Collision with:  Vehicle in traffic,On Roadway,Broadside (front to side),Improper Backing,None Indicated,,Dark - roadway lighted,Wet,Rain,None apparent,Non-intersection:  Non-junction/no special feature,Paved,,Property Damage Only,0,0,0,0,0,0,6000,2,3,,POINT (-92.320757220832 42.493105284732)
2014801620,14-10179,06/01/2014,06-June,1-Sunday,10:21,1000 Hours,District 6 (East Central),BETTENDORF,SCOTT,,NEW LEXINGTON DR & 18TH ST,Collision with:  Vehicle in traffic,On Roadway,Broadside (front to side),FTYROW:  From stop sign,None Indicated,,Daylight,Dry,Clear,Work Zone (roadway-related),Intersection:  T-intersection,Paved,Yes,Property Damage Only,0,0,0,0,0,0,3200,2,2,,POINT (-90.497643170981 41.562428178762)
2014801285,20140015291,06/01/2014,06-June,1-Sunday,13:16,1300 Hours,District 1 (Central),DES MOINES,POLK,,E GRAND AVE & E 16TH ST,Collision with:  Parked motor vehicle,On Roadway,"Sideswipe, same direction",Over correcting/over steering,None Indicated,,Daylight,Dry,Clear,None apparent,Non-intersection:  Non-junction/no special feature,Paved,,Property Damage Only,0,0,0,0,0,0,7000,2,1,,POINT (-93.592597878821 41.594498432815)
2014801294,20140015338,06/01/2014,06-June,1-Sunday,21:30,2100 Hours,District 1 (Central),DES MOINES,POLK,,ARMY POST RD & SW 11TH ST,Collision with:  Vehicle in traffic,Outside trafficway,Rear-end (front to rear),Improper Backing,None Indicated,,Dark - roadway not lighted,Dry,Clear,None apparent,Non-intersection:  Non-junction/no special feature,Paved,,Property Damage Only,0,0,0,0,0,0,1500,2,1,,POINT (-93.628379152807 41.526510535046)
2014801642,14-6431,06/02/2014,06-June,2-Monday,05:50,0500 Hours,District 3 (Northwest),,SIOUX,,Co Rd K30/EAGLE AVE & 480TH ST,Collision with:  Animal,,,Animal,None Indicated,,,,,,,Paved,,Property Damage Only,0,0,0,0,0,0,5000,1,1,,POINT (-96.312658584698 42.953003705925)
2014801906,201407816,06/02/2014,06-June,2-Monday,15:50,1500 Hours,District 6 (East Central),CEDAR RAPIDS,LINN,I-380,I-380,Collision with:  Vehicle in traffic,On Roadway,Rear-end (front to rear),Followed too close,None Indicated,,Daylight,Dry,Clear,None apparent,Non-intersection:  Other non-intersection (explain in narrative),Paved,,Property Damage Only,0,0,0,0,0,0,4000,2,2,,POINT (-91.670265411388 42.028699735005)
2014803186,2014-36263,06/02/2014,06-June,2-Monday,03:00,0300 Hours,District 6 (East Central),DAVENPORT,SCOTT,,VISTA CT,Collision with:  Parked motor vehicle,On Roadway,"Sideswipe, same direction",Lost Control,None Indicated,,Dark - roadway lighted,Dry,Cloudy,None apparent,Non-intersection:  Other non-intersection (explain in narrative),Paved,,Property Damage Only,0,0,0,0,0,0,1500,2,1,,POINT (-90.584210109586 41.565973811158)
2014801587,20140015432,06/02/2014,06-June,2-Monday,18:00,1800 Hours,District 1 (Central),DES MOINES,POLK,,HIGH ST & MLK JR PKWY,Collision with:  Vehicle in traffic,On Roadway,Rear-end (front to rear),Followed too close,None Indicated,,Daylight,Dry,Clear,None apparent,Non-intersection:  Non-junction/no special feature,Paved,,Property Damage Only,0,0,0,0,0,0,6000,3,3,,POINT (-93.644718906897 41.587102241054)
2014801524,1406028021,06/02/2014,06-June,2-Monday,21:50,2100 Hours,District 6 (East Central),,CLINTON,,Co Rd Z2E/182 ST,Collision with:  Animal,,,Animal,None Indicated,,,,,,,Paved,,Property Damage Only,0,0,0,0,0,0,5000,1,1,,POINT (-90.521666751272 41.914250055085)
2014801886,C14001701,06/02/2014,06-June,2-Monday,05:26,0500 Hours,District 6 (East Central),CORALVILLE,JOHNSON,,CORAL RIDGE AVE & UNIVERSITY PKWY & IA MEDICAL CLASSIFICATION,Collision with:  Animal,On Roadway,Non-collision (single vehicle),Animal,None Indicated,,Dawn,Dry,Clear,None apparent,Non-intersection:  Non-junction/no special feature,Paved,,Property Damage Only,0,0,0,0,0,0,3000,1,1,,POINT (-91.607966738168 41.715108587092)
2014801678,14-17241,06/02/2014,06-June,2-Monday,12:34,1200 Hours,District 3 (Northwest),SIOUX CITY,WOODBURY,,3RD ST & PIERCE ST,Collision with:  Vehicle in traffic,On Roadway,Broadside (front to side),Ran Traffic Signal,None Indicated,,Daylight,Dry,Clear,None apparent,Intersection:  Other intersection (explain in narrative),Paved,,Property Damage Only,0,0,0,0,0,0,10000,2,2,,POINT (-96.404901874187 42.493103280285)
2014801796,14-10275,06/02/2014,06-June,2-Monday,19:01,1900 Hours,District 6 (East Central),BETTENDORF,SCOTT,US 67,US 67/STATE ST & 16TH ST,Collision with:  Vehicle in traffic,On Roadway,"Angle, oncoming left turn",Made improper turn,None Indicated,,Daylight,Dry,Clear,None apparent,Intersection:  T-intersection,Paved,,Possible/Unknown,0,1,0,0,1,0,2800,2,2,,POINT (-90.510079989706 41.525222916345)
2014801756,14007179,06/02/2014,06-June,2-Monday,15:32,1500 Hours,District 4 (Southwest),,MILLS,US 34,US 34 & 293RD ST,Collision with:  Vehicle in traffic,On Roadway,Rear-end (front to rear),Driver Distraction:  Inattentive/lost in thought,None Indicated,,Daylight,Dry,Clear,None apparent,Intersection:  T-intersection,Paved,,Property Damage Only,0,0,0,0,0,0,7000,2,2,,POINT (-95.628441914062 41.031668113604)
2014803659,K14-016319,06/02/2014,06-June,2-Monday,18:53,1800 Hours,District 5 (Southeast),KEOKUK,LEE,IA 136,US 136/MAIN ST & 4TH ST S & 4TH ST N,Collision with:  Other non-fixed object (explain in narrative),On Roadway,Non-collision (single vehicle),Other (explain in narrative):  No improper action,None Indicated,,Daylight,Dry,Clear,None apparent,Non-intersection:  Non-junction/no special feature,Paved,,Minor Injury,0,1,0,1,0,0,500,1,1,,POINT (-91.382506041181 40.394957336414)
2014801890,2014006066,06/02/2014,06-June,2-Monday,16:40,1600 Hours,District 6 (East Central),IOWA CITY,JOHNSON,,E COURT ST,Collision with:  Vehicle in traffic,On Roadway,Rear-end (front to rear),Followed too close,None Indicated,,Daylight,Dry,Cloudy,None apparent,Non-intersection:  Non-junction/no special feature,Paved,,Property Damage Only,0,0,0,0,0,0,4000,2,3,,POINT (-91.504365742172 41.656739556556)
2014801630,2014-36217,06/02/2014,06-June,2-Monday,08:35,0800 Hours,District 6 (East Central),DAVENPORT,SCOTT,I-80,I-80,Collision with:  Vehicle in traffic,On Roadway,Rear-end (front to rear),Followed too close,None Indicated,,Daylight,Wet,Clear,None apparent,Non-intersection:  Non-junction/no special feature,Paved,,Property Damage Only,0,0,0,0,0,0,4000,2,2,,POINT (-90.563183698166 41.595097697532)
2014801820,2014032763,06/02/2014,06-June,2-Monday,19:06,1900 Hours,District 5 (Southeast),PLEASANTVILLE,MARION,IA 5,IA 5/IOWA 5 & PLEASANT ST,Collision with:  Vehicle in traffic,On Roadway,Broadside (front to side),FTYROW:  From yield sign,None Indicated,,Daylight,Dry,Clear,None apparent,Intersection:  Four-way intersection,Paved,,Minor Injury,0,5,0,3,2,0,10000,2,5,,POINT (-93.281122832152 41.392672063071)
2014802172,14054477,06/02/2014,06-June,2-Monday,12:44,1200 Hours,District 2 (Northeast),CEDAR FALLS,BLACK HAWK,,5TH ST & WASHINGTON ST,Collision with:  Vehicle in traffic,On Roadway,Broadside (front to side),FTYROW:  From stop sign,None Indicated,,Daylight,Dry,Clear,None apparent,Intersection:  Four-way intersection,Paved,,Property Damage Only,0,0,0,0,0,0,4000,2,4,,POINT (-92.446832050271 42.534138229824)
2014801586,20140015426,06/02/2014,06-June,2-Monday,17:00,1700 Hours,District 1 (Central),DES MOINES,POLK,,FRONTAGE RD,Collision with:  Vehicle in traffic,On Roadway,Rear-end (front to rear),Driver Distraction:  Manual operation of an electronic communication device,None Indicated,,Daylight,Dry,Clear,None apparent,Non-intersection:  Non-junction/no special feature,Paved,,Property Damage Only,0,0,0,0,0,0,5000,2,2,,POINT (-93.69740123122 41.642981619788)
2014807119,02-14-8547,06/02/2014,06-June,2-Monday,06:04,0600 Hours,District 6 (East Central),,DUBUQUE,US 20,US 20 & LONE PINE RD,Collision with:  Vehicle in traffic,On Roadway,Broadside (front to side),FTYROW:  Other (explain in narrative),None Indicated,,Daylight,Dry,Cloudy,None apparent,Intersection:  Four-way intersection,Paved,,Property Damage Only,0,0,0,0,0,0,12000,2,2,,POINT (-90.897813792294 42.440759203616)
2014801557,14-2734,06/02/2014,06-June,2-Monday,16:45,1600 Hours,District 6 (East Central),HIAWATHA,LINN,I-380,I-380,Collision with:  Vehicle in traffic,On Roadway,Rear-end (front to rear),Unknown,None Indicated,,Daylight,Dry,Clear,None apparent,Interchange-related:  Off-ramp,Paved,,Property Damage Only,0,0,0,0,0,0,3500,2,2,,POINT (-91.682556615743 42.045368160104)
2014802064,14080360,06/02/2014,06-June,2-Monday,04:26,0400 Hours,District 6 (East Central),,JOHNSON,I-80,I-80,Collision with fixed object:  Guardrail - face,On Roadway,Non-collision (single vehicle),Ran off road - left,None Indicated,,Dark - roadway not lighted,Wet,Rain,"Surface condition (e.g., wet, icy)",Non-intersection:  Non-junction/no special feature,Paved,,Property Damage Only,0,0,0,0,0,0,13500,1,2,,POINT (-91.772493952243 41.688711479636)
2014801712,14-800,06/02/2014,06-June,2-Monday,10:57,1000 Hours,District 3 (Northwest),SPIRIT LAKE,DICKINSON,US 71,US 71 & 36TH ST,Collision with:  Vehicle in traffic,On Roadway,"Angle, oncoming left turn",FTYROW:  Making left turn,None Indicated,,Daylight,Dry,Clear,None apparent,Intersection:  T-intersection,Paved,,Property Damage Only,0,0,0,0,0,0,2200,2,4,,POINT (-95.126947376877 43.406503124795)
2014801350,14-022361,06/02/2014,06-June,2-Monday,04:07,0400 Hours,District 4 (Southwest),COUNCIL BLUFFS,POTTAWATTAMIE,I-29,I-29,Collision with fixed object:  Guardrail - face,On Roadway,Non-collision (single vehicle),Swerving/Evasive Action,None Indicated,,Dark - roadway lighted,Wet,Cloudy,None apparent,Non-intersection:  Non-junction/no special feature,Paved,,Minor Injury,0,1,0,1,0,0,4400,1,1,,POINT (-95.859753376224 41.232153624859)
2014801931,14-0622,06/02/2014,06-June,2-Monday,11:28,1100 Hours,District 4 (Southwest),WEST DES MOINES,DALLAS,,UNIVERSITY AVE,Collision with:  Animal,,,Animal,None Indicated,,,,,,,Paved,,Property Damage Only,0,0,0,0,0,0,2700,1,1,,POINT (-93.792629350883 41.600418048183)
2014804179,01-14-23690,06/02/2014,06-June,2-Monday,16:29,1600 Hours,District 6 (East Central),DUBUQUE,DUBUQUE,US 52,US 52/CENTRAL AVE & LORAS BLVD & E 14TH ST,Collision with:  Vehicle in traffic,On Roadway,Rear-end (front to rear),Lost Control,None Indicated,,Daylight,Dry,Clear,None apparent,Intersection:  Four-way intersection,Paved,,Property Damage Only,0,0,0,0,0,0,2400,2,3,,POINT (-90.667753208968 42.506349934824)
2014801607,14-022373,06/02/2014,06-June,2-Monday,09:20,0900 Hours,District 4 (Southwest),COUNCIL BLUFFS,POTTAWATTAMIE,US 6,US 6/W BROADWAY,Collision with:  Vehicle in traffic,On Roadway,Rear-end (front to rear),Followed too close,None Indicated,,Daylight,Dry,Cloudy,None apparent,Non-intersection:  Non-junction/no special feature,Paved,,Property Damage Only,0,0,0,0,0,0,2000,2,4,,POINT (-95.894556888505 41.261931840743)
2014802295,14-016355,06/02/2014,06-June,2-Monday,23:42,2300 Hours,District 5 (Southeast),,LEE,,Co Rd J40/CO RD 103,Collision with:  Animal,,,Animal,None Indicated,,,,,,,Paved,,Property Damage Only,0,0,0,0,0,0,1500,1,1,,POINT (-91.330404000885 40.645154250599)
2014801792,S14-001950,06/02/2014,06-June,2-Monday,17:32,1700 Hours,District 4 (Southwest),,POTTAWATTAMIE,US 59,US 59 & 440TH ST,Collision with:  Animal,,,Animal,None Indicated,,,,,,,Paved,,Property Damage Only,0,0,0,0,0,0,6000,1,1,,POINT (-95.337175351361 41.41528093626)
2014810843,060214-187,06/02/2014,06-June,2-Monday,17:15,1700 Hours,District 3 (Northwest),,BUENA VISTA,US 71,US 71/130TH AVE,Collision with:  Vehicle in traffic,On Roadway,"Sideswipe, same direction",Crossed centerline (undivided),None Indicated,,Daylight,Dry,Clear,None apparent,Non-intersection:  Non-junction/no special feature,Paved,,Minor Injury,0,3,0,3,0,0,10800,2,4,,POINT (-95.151139176339 42.766702457146)
2014801838,2014032793,06/02/2014,06-June,2-Monday,23:25,2300 Hours,District 1 (Central),ANKENY,POLK,I-35,I-35,Collision with fixed object:  Concrete traffic barrier (median or right side),Shoulder,Non-collision (single vehicle),Swerving/Evasive Action,None Indicated,,Dark - roadway not lighted,Dry,Clear,None apparent,Non-intersection:  Non-junction/no special feature,Paved,,Property Damage Only,0,0,0,0,0,0,5000,1,1,,POINT (-93.577930261535 41.673223876414)
2014802891,261400966,06/02/2014,06-June,2-Monday,16:39,1600 Hours,District 5 (Southeast),BLOOMFIELD,DAVIS,,200TH ST,Collision with:  Animal,On Roadway,Non-collision (single vehicle),Animal,None Indicated,,Daylight,Dry,Clear,None apparent,Non-intersection:  Non-junction/no special feature,Unpaved,,Property Damage Only,0,0,0,0,0,0,3000,1,3,,POINT (-92.481574714628 40.769480652191)
2014801244,14-3628,06/02/2014,06-June,2-Monday,08:50,0800 Hours,District 1 (Central),,POLK,,Co Rd F52/NE 46TH AVE & NE 22ND ST,Collision with:  Vehicle in traffic,On Roadway,Rear-end (front to rear),Other (explain in narrative):  Other,None Indicated,,Daylight,Dry,Clear,None apparent,Intersection:  Four-way intersection,Paved,,Property Damage Only,0,0,0,0,0,0,2000,2,2,,POINT (-93.581344982508 41.644167602981)
2014802009,W14-054534,06/02/2014,06-June,2-Monday,16:01,1600 Hours,District 2 (Northeast),WATERLOO,BLACK HAWK,,GLENNY AVE & RANDOLPH ST,Collision with:  Vehicle in traffic,On Roadway,Broadside (front to side),Other (explain in narrative):  Other,None Indicated,,Daylight,Dry,Cloudy,None apparent,Intersection:  Four-way intersection,Paved,,Property Damage Only,0,0,0,0,0,0,1700,2,2,,POINT (-92.339143310168 42.479361786228)
2014825986,201407814,06/02/2014,06-June,2-Monday,15:13,1500 Hours,District 6 (East Central),CEDAR RAPIDS,LINN,,O AVE NW & 10TH ST NW,Collision with:  Parked motor vehicle,On Roadway,"Sideswipe, same direction",Crossed centerline (undivided),Alcohol (Statutory),,Daylight,Dry,Cloudy,None apparent,Intersection:  Four-way intersection,Paved,,Minor Injury,0,1,0,1,0,0,11750,2,1,,POINT (-91.68581958097 41.989034579102)
2014805380,142089,06/02/2014,06-June,2-Monday,09:45,0900 Hours,District 2 (Northeast),HAMPTON,FRANKLIN,IA 3,IA 3/CENTRAL AVE E,Collision with:  Vehicle in traffic,On Roadway,"Sideswipe, same direction",FTYROW:  Other (explain in narrative),None Indicated,,Daylight,Dry,Cloudy,None apparent,Non-intersection:  Non-junction/no special feature,Paved,,Property Damage Only,0,0,0,0,0,0,5000,2,2,,POINT (-93.201933534261 42.741885176453)
2014815479,,06/02/2014,06-June,2-Monday,00:50,0000 Hours,District 3 (Northwest),,SAC,,Co Rd M54/ROLF AVE,Collision with:  Animal,On Roadway,Non-collision (single vehicle),Animal,None Indicated,,Dark - roadway not lighted,Dry,Cloudy,None apparent,Non-intersection:  Non-junction/no special feature,Paved,,Property Damage Only,0,0,0,0,0,0,7000,1,2,,POINT (-95.013131744932 42.356562836743)
2014803046,140602DH01,06/02/2014,06-June,2-Monday,12:40,1200 Hours,District 3 (Northwest),ORANGE CITY,SIOUX,,ARIZONA AVE NW,Collision with:  Vehicle in traffic,On Roadway,Broadside (front to side),FTYROW:  From driveway,None Indicated,,Daylight,Dry,Clear,None apparent,Non-intersection:  Driveway access (within),Paved,,Possible/Unknown,0,1,0,0,1,0,8500,2,3,,POINT (-96.059685628958 43.008737970277)
2014801663,14-0302,06/02/2014,06-June,2-Monday,12:20,1200 Hours,District 1 (Central),,WEBSTER,,Co Rd D22/PARKER DR,Non-collision events:  Other non-collision (explain in narrative),On Roadway,Non-collision (single vehicle),Ran off road - right,None Indicated,,Daylight,Dry,Cloudy,None apparent,Non-intersection:  Non-junction/no special feature,Paved,,Minor Injury,0,1,0,1,0,0,4500,1,1,,POINT (-94.223243072284 42.501143777382)
2014812837,14-003725,06/02/2014,06-June,2-Monday,21:25,2100 Hours,District 3 (Northwest),,PALO ALTO,,Co Rd N40/460 AVE,Collision with:  Animal,,,Animal,None Indicated,,,,,,,Paved,,Property Damage Only,0,0,0,0,0,0,4500,1,1,,POINT (-94.678798808693 43.220071909119)
2014802066,14080745,06/02/2014,06-June,2-Monday,19:43,1900 Hours,District 6 (East Central),,JOHNSON,,HAWKEYE WMA 3,Collision with fixed object:  Tree,On Roadway,Non-collision (single vehicle),Swerving/Evasive Action,None Indicated,,Daylight,Dry,Clear,None apparent,Non-intersection:  Non-junction/no special feature,Unpaved,,Minor Injury,0,1,0,1,0,0,4000,1,2,,POINT (-91.716735728182 41.774684974301)