Iowa DOT Case Number,Law Enforcement Case Number,Date of Crash,Month of Crash,Day of Week,Time of Crash,Hour,DOT District,City Name,County Name,Route with System,Location Description,First Harmful Event,Location of First Harmful Event,Manner of Crash/Collision,Major Cause,Drug or Alcohol ,Environmental Conditions,Light Conditions,Surface Conditions,Weather Conditions,Roadway Contribution,Roadway Type,Roadway Surface,Work Zone,Crash Severity,Number of Fatalities,Number of Injuries,Number of Major Injuries,Number of Minor Injuries,Number of Possible Injuries,Number of Unknown Injuries,Amount of Property Damage,Number of Vehicles Involved,Total Number of Occupants,Travel Direction,Location
2014801887,C14001715,06/03/2014,06-June,3-Tuesday,20:54,2000 Hours,District 6 (East Central),CORALVILLE,JOHNSON,,1ST AVE,Collision with:  Vehicle in traffic,On Roadway,Rear-end (front to rear),Other (explain in narrative):  Other,Alcohol (Statutory),,Dark - roadway lighted,Wet,Rain,None apparent,Intersection:  T-intersection,Paved,,Property Damage Only,0,0,0,0,0,0,3500,2,4,,POINT (-91.566046321948 41.675791671713)
2014804027,F14030517,06/03/2014,06-June,3-Tuesday,05:10,0500 Hours,District 1 (Central),,HARDIN,IA 57,IA 57/IOWA 57,Collision with:  Animal,,,Animal,None Indicated,,,,,,,Paved,,Property Damage Only,0,0,0,0,0,0,1500,1,1,,POINT (-93.171990729558 42.556877144926)
2014801554,2014006077,06/03/2014,06-June,3-Tuesday,00:02,0000 Hours,District 6 (East Central),IOWA CITY,JOHNSON,IA 1,IA 1/E BURLINGTON ST & JOHNSON ST,Collision with:  Non-motorist (see non-motorist section - NOT a unit),On Roadway,Non-collision (single vehicle),Other (explain in narrative):  No improper action,None Indicated,,Dark - roadway lighted,Dry,Clear,None apparent,Intersection:  Four-way intersection,Paved,,Minor Injury,0,1,0,1,0,0,400,1,1,,POINT (-91.527268284321 41.65780993653)
2014802000,,06/03/2014,06-June,3-Tuesday,18:01,1800 Hours,District 4 (Southwest),,MONTGOMERY,US 34,US 34,Collision with:  Vehicle in traffic,On Roadway,"Sideswipe, same direction",Driving too fast for conditions,None Indicated,,Daylight,Wet,Rain,"Surface condition (e.g., wet, icy)",Non-intersection:  Other non-intersection (explain in narrative),Paved,,Property Damage Only,0,0,0,0,0,0,11000,2,4,,POINT (-95.236765003583 41.026041799705)
2014801866,1406032381,06/03/2014,06-June,3-Tuesday,12:00,1200 Hours,District 6 (East Central),,CLINTON,,Co Rd E55/145 ST,Non-collision events:  Overturn/rollover,Roadside,Non-collision (single vehicle),Ran off road - left,None Indicated,,Daylight,Dry,Clear,None apparent,Non-intersection:  Non-junction/no special feature,Unpaved,,Possible/Unknown,0,1,0,0,1,0,10050,1,1,,POINT (-90.513432936165 41.967584662102)
2014801856,W14-054987,06/03/2014,06-June,3-Tuesday,20:14,2000 Hours,District 2 (Northeast),WATERLOO,BLACK HAWK,,LAFAYETTE ST,Non-collision events:  Other non-collision (explain in narrative),Outside trafficway,Non-collision (single vehicle),Lost Control,None Indicated,,Dusk,Dry,Clear,None apparent,Non-intersection:  Non-junction/no special feature,Paved,,Property Damage Only,0,0,0,0,0,0,4000,1,1,,POINT (-92.336467533555 42.50000572738)
2014801824,2014032846,06/03/2014,06-June,3-Tuesday,11:06,1100 Hours,District 6 (East Central),,JACKSON,US 61,US 61 & Co Rd Y53/HURSTVILLE RD/ESGATE RD,Collision with:  Vehicle in traffic,On Roadway,Broadside (front to side),FTYROW:  From stop sign,None Indicated,,Daylight,Dry,Clear,None apparent,Intersection:  Four-way intersection,Paved,,Possible/Unknown,0,2,0,0,2,0,9000,2,2,,POINT (-90.683309865041 42.09749229861)
2014801613,S79140173,06/03/2014,06-June,3-Tuesday,03:50,0300 Hours,District 1 (Central),,POWESHIEK,US 63,US 63,Collision with:  Animal,,,Animal,None Indicated,,,,,,,Paved,,Property Damage Only,0,0,0,0,0,0,3500,1,1,,POINT (-92.540974982141 41.545028690664)
2014804213,4514-026,06/03/2014,06-June,3-Tuesday,14:55,1400 Hours,District 2 (Northeast),,HOWARD,IA 9,IA 9/IOWA 9,Collision with:  Animal,,,Animal,None Indicated,,,,,,,Paved,,Property Damage Only,0,0,0,0,0,0,2500,1,1,,POINT (-92.194681654483 43.370991544397)
2014802279,2014006106,06/03/2014,06-June,3-Tuesday,17:41,1700 Hours,District 6 (East Central),IOWA CITY,JOHNSON,,E COURT ST,Collision with:  Vehicle in traffic,On Roadway,Broadside (front to side),FTYROW:  Making left turn,None Indicated,,Daylight,Dry,Cloudy,None apparent,Non-intersection:  Driveway access (within),Paved,,Property Damage Only,0,0,0,0,0,0,3900,2,3,,POINT (-91.534213312519 41.656610750357)
2014801898,201407684,06/03/2014,06-June,3-Tuesday,17:03,1700 Hours,District 6 (East Central),CEDAR RAPIDS,LINN,,3RD AVE SW & 3RD ST SW,Collision with:  Vehicle in traffic,On Roadway,Broadside (front to side),FTYROW:  Making right turn on red signal,None Indicated,,Daylight,Dry,Clear,None apparent,Intersection:  Four-way intersection,Paved,,Property Damage Only,0,0,0,0,0,0,2500,2,2,,POINT (-91.674462833953 41.973746151105)
2014801693,W14-054837,06/03/2014,06-June,3-Tuesday,13:01,1300 Hours,District 2 (Northeast),WATERLOO,BLACK HAWK,US 63,US 63/E MULLAN AVE & CONGER ST & NEWELL ST,Collision with:  Vehicle in traffic,On Roadway,Broadside (front to side),Ran Traffic Signal,None Indicated,,Daylight,Dry,Clear,Work Zone (roadway-related),Intersection:  Four-way intersection,Paved,Yes,Property Damage Only,0,0,0,0,0,0,6000,2,2,,POINT (-92.336681747547 42.513128440861)
2014803241,2014032980,06/03/2014,06-June,3-Tuesday,21:00,2100 Hours,District 4 (Southwest),,FREMONT,I-29,I-29,Non-collision events:  Overturn/rollover,On Roadway,Non-collision (single vehicle),Ran off road - left,None Indicated,,Dark - roadway not lighted,Wet,Severe winds,None apparent,Non-intersection:  Non-junction/no special feature,Paved,,Major Injury,0,1,1,0,0,0,30000,1,1,,POINT (-95.715184040608 40.628699268012)
2014802071,N14000241,06/03/2014,06-June,3-Tuesday,03:01,0300 Hours,District 6 (East Central),NORTH LIBERTY,JOHNSON,,NORTH LIBERTY RD,Collision with fixed object:  Ditch,Outside trafficway,Non-collision (single vehicle),Ran off road - left,Alcohol (Statutory),,Dark - roadway not lighted,Dry,Clear,None apparent,Non-intersection:  Non-junction/no special feature,Unpaved,,Property Damage Only,0,0,0,0,0,0,1500,1,2,,POINT (-91.575675625786 41.742462683089)
2014801772,20140015529,06/03/2014,06-June,3-Tuesday,16:13,1600 Hours,District 1 (Central),DES MOINES,POLK,IA 28,IA 28/63RD ST,Collision with:  Vehicle in traffic,On Roadway,Rear-end (front to rear),Followed too close,None Indicated,,Daylight,Dry,Cloudy,None apparent,Non-intersection:  Non-junction/no special feature,Paved,,Possible/Unknown,0,1,0,0,1,0,7000,2,2,,POINT (-93.703410905651 41.581651030068)
2014801951,14-001195,06/03/2014,06-June,3-Tuesday,17:05,1700 Hours,District 1 (Central),ALTOONA,POLK,,1ST AVE S & 1ST ST E,Collision with:  Vehicle in traffic,On Roadway,Rear-end (front to rear),Followed too close,None Indicated,,Daylight,Dry,Cloudy,None apparent,Intersection:  T-intersection,Paved,,Property Damage Only,0,0,0,0,0,0,2300,2,2,,POINT (-93.464530815377 41.650805911855)
2014808811,201407857,06/03/2014,06-June,3-Tuesday,13:09,1300 Hours,District 6 (East Central),CEDAR RAPIDS,LINN,IA 100,IA 100/COLLINS RD SE,Collision with:  Vehicle in traffic,On Roadway,Broadside (front to side),FTYROW:  Making left turn,None Indicated,,Daylight,Dry,Cloudy,None apparent,Non-intersection:  Driveway access (within),Paved,,Property Damage Only,0,0,0,0,0,0,6000,2,3,,POINT (-91.620670195441 42.025142269793)
2014801908,201407866,06/03/2014,06-June,3-Tuesday,17:40,1700 Hours,District 6 (East Central),CEDAR RAPIDS,LINN,,MARION BLVD & TAMA ST SE,Collision with:  Vehicle in traffic,On Roadway,"Angle, oncoming left turn",FTYROW:  Making left turn,None Indicated,,Daylight,Dry,Clear,None apparent,Non-intersection:  Driveway access (within),Paved,,Minor Injury,0,2,0,2,0,0,22000,3,3,,POINT (-91.619267808727 42.026872638331)
2014806030,14-2674,06/03/2014,06-June,3-Tuesday,22:15,2200 Hours,District 1 (Central),AMES,STORY,,S DAYTON PL & SE 16TH ST,Collision with:  Vehicle in traffic,On Roadway,Broadside (front to side),Ran Stop Sign,Alcohol (Statutory),,Dark - roadway lighted,Wet,Rain,None apparent,Intersection:  Four-way intersection,Paved,,Property Damage Only,0,0,0,0,0,0,3500,2,5,,POINT (-93.581206581992 42.008271793328)
2014801775,20140015559,06/03/2014,06-June,3-Tuesday,20:38,2000 Hours,District 1 (Central),DES MOINES,POLK,IA 163,IA 163/E UNIVERSITY AVE & HUBBELL AVE,Collision with:  Vehicle in traffic,On Roadway,Rear-end (front to rear),Driving too fast for conditions,None Indicated,,Dark - roadway lighted,Wet,Rain,None apparent,Intersection:  Four-way intersection,Paved,,Property Damage Only,0,0,0,0,0,0,2600,2,4,,POINT (-93.578469294588 41.60054219383)
2014801907,201407852,06/03/2014,06-June,3-Tuesday,11:47,1100 Hours,District 6 (East Central),CEDAR RAPIDS,LINN,,33RD AVE SW & ROYAL DR SW,Collision with:  Vehicle in traffic,On Roadway,Rear-end (front to rear),Lost Control,None Indicated,,Daylight,Dry,Clear,None apparent,Non-intersection:  Non-junction/no special feature,Paved,,Minor Injury,0,1,0,1,0,0,4000,2,2,,POINT (-91.709162701694 41.945636093556)
2014801930,14-002392,06/03/2014,06-June,3-Tuesday,13:15,1300 Hours,District 1 (Central),ANKENY,POLK,US 69,US 69/S ANKENY BLVD/N 14TH ST & IA 160/SW ORALABOR RD/SE ORALABOR RD,Collision with:  Vehicle in traffic,On Roadway,Rear-end (front to rear),Other (explain in narrative):  Other,None Indicated,,Daylight,Dry,Cloudy,None apparent,Intersection:  Four-way intersection,Paved,,Property Damage Only,0,0,0,0,0,0,4000,2,2,,POINT (-93.600562715852 41.70285829484)
2014801935,20140015562,06/03/2014,06-June,3-Tuesday,21:25,2100 Hours,District 1 (Central),DES MOINES,POLK,US 6,US 6/E EUCLID AVE & US 69/E 14TH ST,Collision with:  Vehicle in traffic,On Roadway,"Angle, oncoming left turn",FTYROW:  Making left turn,None Indicated,,Dark - roadway lighted,Wet,Rain,None apparent,Intersection:  Four-way intersection,Paved,,Possible/Unknown,0,1,0,0,1,0,7500,2,2,,POINT (-93.600513057949 41.627712019178)
2014801751,2014006092,06/03/2014,06-June,3-Tuesday,12:45,1200 Hours,District 6 (East Central),IOWA CITY,JOHNSON,,LOWER MUSCATINE RD & SYCAMORE ST,Collision with:  Vehicle in traffic,On Roadway,"Angle, oncoming left turn",Made improper turn,None Indicated,,Daylight,Dry,Clear,None apparent,Intersection:  T-intersection,Paved,,Property Damage Only,0,0,0,0,0,0,4000,2,2,,POINT (-91.511494387159 41.64601488106)
2014802579,14-0634,06/03/2014,06-June,3-Tuesday,16:57,1600 Hours,District 1 (Central),CLIVE,POLK,,FRONTAGE RD & NW 111TH ST,Collision with:  Vehicle in traffic,On Roadway,Rear-end (front to rear),Followed too close,None Indicated,,Daylight,Dry,Cloudy,None apparent,Non-intersection:  Non-junction/no special feature,Paved,,Property Damage Only,0,0,0,0,0,0,4500,2,2,,POINT (-93.771461709186 41.614523182573)
2014802538,14008875,06/03/2014,06-June,3-Tuesday,14:04,1400 Hours,District 2 (Northeast),MASON CITY,CERRO GORDO,US 65,US 65/S FEDERAL AVE & 8TH ST SW & 8TH ST SE,Collision with:  Vehicle in traffic,On Roadway,Broadside (front to side),Other (explain in narrative):  Vision obstructed,None Indicated,,Daylight,Dry,Clear,None apparent,Intersection:  Four-way intersection,Paved,,Minor Injury,0,1,0,1,0,0,7500,2,4,,POINT (-93.201111489695 43.143760649059)
2014802554,14004572,06/03/2014,06-June,3-Tuesday,01:00,0100 Hours,District 6 (East Central),,DELAWARE,,Co Rd W69/140TH AVE,Collision with fixed object:  Ditch,Roadside,Non-collision (single vehicle),Swerving/Evasive Action,None Indicated,,Dark - roadway not lighted,Dry,Clear,None apparent,Non-intersection:  Non-junction/no special feature,Paved,,Possible/Unknown,0,1,0,0,0,1,1500,1,1,,POINT (-91.532335327509 42.632762305124)
2014801580,20140015498,06/03/2014,06-June,3-Tuesday,11:31,1100 Hours,District 1 (Central),DES MOINES,POLK,,MULBERRY ST & 6TH AVE,Collision with:  Vehicle in traffic,On Roadway,"Angle, oncoming left turn",FTYROW:  Making left turn,None Indicated,,Daylight,Dry,Cloudy,None apparent,Intersection:  Four-way intersection,Paved,,Property Damage Only,0,0,0,0,0,0,2050,2,4,,POINT (-93.62432664222 41.58495396416)
2014801788,14-2593,06/03/2014,06-June,3-Tuesday,15:12,1500 Hours,District 1 (Central),WEST DES MOINES,POLK,,52ND PL & KNOLLS CT,Collision with:  Vehicle in traffic,On Roadway,Broadside (front to side),Other (explain in narrative):  Vision obstructed,None Indicated,,Daylight,Dry,Clear,None apparent,Non-intersection:  Driveway access (within),Paved,,Property Damage Only,0,0,0,0,0,0,2000,2,2,,POINT (-93.77556195975 41.582069671998)
2014802775,14-002405,06/03/2014,06-June,3-Tuesday,16:10,1600 Hours,District 3 (Northwest),ROCK RAPIDS,LYON,US 75,US 75/S UNION ST & S 12TH AVE,Collision with:  Vehicle in traffic,On Roadway,Broadside (front to side),FTYROW:  From stop sign,None Indicated,,Daylight,Wet,Rain,None apparent,Intersection:  Four-way intersection,Paved,,Major Injury,0,3,2,1,0,0,12000,2,3,,POINT (-96.175757708949 43.41886005598)
2014801763,14-3676,06/03/2014,06-June,3-Tuesday,18:34,1800 Hours,District 1 (Central),,POLK,,Co Rd R56/NW 6TH DR & Co Rd R6F/NW 66TH AVE,Collision with:  Vehicle in traffic,On Roadway,Broadside (front to side),FTYROW:  From stop sign,None Indicated,,Daylight,Wet,Rain,None apparent,Intersection:  T-intersection,Paved,,Property Damage Only,0,0,0,0,0,0,8000,2,2,,POINT (-93.629620648761 41.680293126849)
2014801823,2014032840,06/03/2014,06-June,3-Tuesday,10:30,1000 Hours,District 1 (Central),,STORY,I-35,I-35,Collision with:  Animal,,,Animal,None Indicated,,,,,,,Paved,,Property Damage Only,0,0,0,0,0,0,5000,1,1,,POINT (-93.570590974684 42.20646701173)
2014802104,1400000470,06/03/2014,06-June,3-Tuesday,14:30,1400 Hours,District 1 (Central),,MARSHALL,US 30,US 30/240TH ST,Collision with:  Vehicle in traffic,On Roadway,Rear-end (front to rear),Other (explain in narrative):  Other,None Indicated,,Daylight,Dry,Clear,None apparent,Non-intersection:  Non-junction/no special feature,Paved,,Property Damage Only,0,0,0,0,0,0,7500,2,2,,POINT (-93.215040849068 42.007803479303)
2014802173,14054916,06/03/2014,06-June,3-Tuesday,17:17,1700 Hours,District 2 (Northeast),CEDAR FALLS,BLACK HAWK,,W VIKING RD & HUDSON RD,Collision with:  Vehicle in traffic,On Roadway,Rear-end (front to rear),Followed too close,None Indicated,,Daylight,Dry,Cloudy,Work Zone (roadway-related),Intersection:  Four-way intersection,Paved,Yes,Property Damage Only,0,0,0,0,0,0,3650,3,3,,POINT (-92.465329572047 42.484081564546)
2014802030,14003235,06/03/2014,06-June,3-Tuesday,08:30,0800 Hours,District 2 (Northeast),,CERRO GORDO,I-35,I-35,Collision with:  Animal,,,Animal,None Indicated,,,,,,,Paved,,Property Damage Only,0,0,0,0,0,0,5000,1,1,,POINT (-93.350248849013 43.110515508749)
2014802516,,06/03/2014,06-June,3-Tuesday,13:40,1300 Hours,District 6 (East Central),CEDAR RAPIDS,LINN,IA 922,IA 922/WILLIAMS BLVD & 16TH AVE SW,Collision with:  Vehicle in traffic,On Roadway,Rear-end (front to rear),Unknown,None Indicated,,Daylight,Dry,Cloudy,,Intersection:  Four-way intersection,Paved,,Possible/Unknown,0,2,0,0,2,0,3234,2,3,,POINT (-91.708893839275 41.963141690964)
2014803130,AP 14 149,06/03/2014,06-June,3-Tuesday,13:37,1300 Hours,District 6 (East Central),ANAMOSA,JONES,US 151,US 151/SE RAMP/SE LOOP & IA 64/IOWA 64 & CHAMBER DR,Collision with:  Vehicle in traffic,On Roadway,Broadside (front to side),Over correcting/over steering,None Indicated,,Daylight,Dry,Cloudy,None apparent,Non-intersection:  Driveway access (within),Paved,,Property Damage Only,0,0,0,0,0,0,2500,2,3,,POINT (-91.265311604411 42.103492530903)
2014802918,14-140603-01,06/03/2014,06-June,3-Tuesday,12:14,1200 Hours,District 6 (East Central),,IOWA,,Co Rd F52/F52 TRL,Non-collision events:  Overturn/rollover,On Roadway,Non-collision (single vehicle),Crossed centerline (undivided),None Indicated,,Daylight,Dry,Cloudy,None apparent,Non-intersection:  Non-junction/no special feature,Paved,,Possible/Unknown,0,1,0,0,1,0,77967,1,1,,POINT (-92.103839569616 41.589785749063)
2014802461,2014-11770,06/03/2014,06-June,3-Tuesday,15:12,1500 Hours,District 5 (Southeast),INDIANOLA,WARREN,US 65,US 65/S JEFFERSON WAY & E 15TH AVE,Collision with:  Vehicle in traffic,On Roadway,Rear-end (front to rear),Other (explain in narrative):  Other,None Indicated,,Daylight,Dry,Clear,None apparent,Non-intersection:  Non-junction/no special feature,Paved,,Property Damage Only,0,0,0,0,0,0,5500,2,2,,POINT (-93.558190512396 41.342389968703)
2014801779,20140015513,06/03/2014,06-June,3-Tuesday,13:45,1300 Hours,District 1 (Central),DES MOINES,POLK,I-235,I-235 & US 6/E EUCLID AVE,Collision with:  Vehicle in traffic,On Roadway,Broadside (front to side),Ran Traffic Signal,None Indicated,,Daylight,Dry,Clear,None apparent,Intersection:  Four-way intersection,Paved,,Possible/Unknown,0,2,0,0,2,0,24000,2,3,,POINT (-93.577356044863 41.627767608856)
2014801565,14-3657,06/03/2014,06-June,3-Tuesday,08:05,0800 Hours,District 1 (Central),GRIMES,POLK,IA 141,IA 141/IOWA 141,Collision with:  Vehicle in traffic,On Roadway,"Sideswipe, same direction",Improper or erratic lane changing,None Indicated,,Daylight,Dry,Clear,None apparent,Non-intersection:  Non-junction/no special feature,Paved,,Property Damage Only,0,0,0,0,0,0,2000,2,3,,POINT (-93.775045375282 41.657192933036)
2014802236,02-1-4-8496,06/03/2014,06-June,3-Tuesday,07:20,0700 Hours,District 6 (East Central),DUBUQUE,DUBUQUE,US 52,US 52 & SAGEVILLE RD,Collision with:  Animal,,,Animal,None Indicated,,,,,,,Paved,,Property Damage Only,0,0,0,0,0,0,5000,1,1,,POINT (-90.700328082933 42.548324416)
2014801920,2014005411,06/03/2014,06-June,3-Tuesday,14:05,1400 Hours,District 1 (Central),MARSHALLTOWN,MARSHALL,IA 14,IA 14/N 3RD AVE & E MARION ST,Collision with:  Vehicle in traffic,On Roadway,Broadside (front to side),FTYROW:  From stop sign,None Indicated,,Daylight,Dry,Clear,None apparent,Intersection:  Four-way intersection,Paved,,Property Damage Only,0,0,0,0,0,0,4500,2,2,,POINT (-92.908090442212 42.056450717496)
2014802440,201400026735,06/03/2014,06-June,3-Tuesday,15:45,1500 Hours,District 5 (Southeast),OTTUMWA,WAPELLO,IA 149,IA 149/IOWA 149 & N COURT ST & BRYAN RD,Collision with:  Vehicle in traffic,On Roadway,"Angle, oncoming left turn",Ran Traffic Signal,None Indicated,,Daylight,Dry,Clear,None apparent,Intersection:  Four-way intersection,Paved,,Minor Injury,0,2,0,2,0,0,10000,2,2,,POINT (-92.40985530803 41.052222325241)
2014802041,2014-2480,06/03/2014,06-June,3-Tuesday,16:50,1600 Hours,District 4 (Southwest),WAUKEE,DALLAS,,UNIVERSITY AVE,Collision with:  Vehicle in traffic,On Roadway,Rear-end (front to rear),Followed too close,None Indicated,,Daylight,Dry,Cloudy,Work Zone (roadway-related),Non-intersection:  Non-junction/no special feature,Paved,Yes,Property Damage Only,0,0,0,0,0,0,5000,2,3,,POINT (-93.849616010135 41.60038931863)
2014802217,01-14-23825,06/03/2014,06-June,3-Tuesday,13:18,1300 Hours,District 6 (East Central),DUBUQUE,DUBUQUE,,W 5TH ST & WHITE ST,Collision with:  Vehicle in traffic,On Roadway,Broadside (front to side),FTYROW:  From stop sign,None Indicated,,Daylight,Dry,Clear,None apparent,Intersection:  Four-way intersection,Paved,,Possible/Unknown,0,2,0,0,2,0,13000,2,4,,POINT (-90.662782302606 42.499305595683)
2014801665,14-1649,06/03/2014,06-June,3-Tuesday,06:20,0600 Hours,District 1 (Central),FORT DODGE,WEBSTER,,E KENYON RD,Collision with:  Animal,On Roadway,Non-collision (single vehicle),Animal,None Indicated,,Daylight,Dry,Clear,None apparent,Non-intersection:  Non-junction/no special feature,Paved,,Property Damage Only,0,0,0,0,0,0,1500,1,1,,POINT (-94.183292798991 42.500779777421)
2014802092,201401870,06/03/2014,06-June,3-Tuesday,20:23,2000 Hours,District 6 (East Central),,LINN,US 151,US 151/DUBUQUE RD,Collision with:  Animal,,,Animal,None Indicated,,,,,,,Paved,,Property Damage Only,0,0,0,0,0,0,10000,1,1,,POINT (-91.464244673833 42.050291444865)
2014804180,01-14-23788,06/03/2014,06-June,3-Tuesday,08:15,0800 Hours,District 6 (East Central),DUBUQUE,DUBUQUE,US 20,US 20/DODGE ST & UNIVERSITY CONN,Collision with:  Vehicle in traffic,On Roadway,Rear-end (front to rear),Lost Control,None Indicated,,Daylight,Dry,Clear,None apparent,Intersection:  Four-way intersection,Paved,,Property Damage Only,0,0,0,0,0,0,3500,2,2,,POINT (-90.706703552718 42.491935536229)
2014803752,14008118,06/03/2014,06-June,3-Tuesday,14:37,1400 Hours,District 6 (East Central),TIPTON,CEDAR,,7TH ST,Collision with:  Parked motor vehicle,On Roadway,"Angle, oncoming left turn",Unknown,None Indicated,,Daylight,Dry,Clear,None apparent,Non-intersection:  Other non-intersection (explain in narrative),Paved,,Property Damage Only,0,0,0,0,0,0,2000,2,1,,POINT (-91.135587924536 41.772108018413)
2014801766,14-00630,06/03/2014,06-June,3-Tuesday,12:50,1200 Hours,District 1 (Central),CLIVE,POLK,,NW 100TH ST,Collision with:  Vehicle in traffic,On Roadway,Rear-end (front to rear),FTYROW:  Other (explain in narrative),None Indicated,,Daylight,Dry,Cloudy,None apparent,Intersection:  Four-way intersection,Paved,,Possible/Unknown,0,1,0,0,1,0,2000,2,2,,POINT (-93.755859126856 41.614572787365)
2014801786,14-2594,06/03/2014,06-June,3-Tuesday,15:38,1500 Hours,District 4 (Southwest),WEST DES MOINES,DALLAS,,S 83RD ST & COACHLIGHT DR,Collision with:  Vehicle in traffic,On Roadway,Broadside (front to side),Unknown,None Indicated,,Daylight,Dry,Clear,None apparent,Intersection:  Four-way intersection,Paved,,Property Damage Only,0,0,0,0,0,0,2500,2,2,,POINT (-93.820833639728 41.562903240272)
2014809880,14-000643,06/03/2014,06-June,3-Tuesday,10:32,1000 Hours,District 1 (Central),JOHNSTON,POLK,,WINDSOR PKWY,Collision with:  Parked motor vehicle,Outside trafficway,"Sideswipe, opposite direction",Illegally Parked/Unattended,None Indicated,,Daylight,Dry,Clear,None apparent,Non-intersection:  Driveway access (within),Paved,,Property Damage Only,0,0,0,0,0,0,7000,2,2,,POINT (-93.760482945437 41.666900789557)
2014801558,20141039,06/03/2014,06-June,3-Tuesday,14:35,1400 Hours,District 6 (East Central),MOUNT VERNON,LINN,,7TH AVE NW,Collision with:  Parked motor vehicle,On Roadway,"Sideswipe, same direction",Made improper turn,None Indicated,,Daylight,Dry,Clear,None apparent,Intersection:  T-intersection,Paved,,Property Damage Only,0,0,0,0,0,0,8500,2,2,,POINT (-91.422876964956 41.925803331807)
2014803628,S14-F0301,06/03/2014,06-June,3-Tuesday,21:25,2100 Hours,District 5 (Southeast),,CLARKE,,COUNTRY CLUB RD,Collision with:  Animal,,,Animal,None Indicated,,,,,,,Unpaved,,Property Damage Only,0,0,0,0,0,0,4000,1,1,,POINT (-93.745325304956 41.008705924088)
2014801750,2014006081,06/03/2014,06-June,3-Tuesday,07:14,0700 Hours,District 6 (East Central),IOWA CITY,JOHNSON,,E JEFFERSON ST & VAN BUREN ST,Non-collision events:  Other non-collision (explain in narrative),On Roadway,Non-collision (single vehicle),FTYROW:  Other (explain in narrative),None Indicated,,Daylight,Dry,Clear,None apparent,Non-intersection:  Non-junction/no special feature,Paved,,Possible/Unknown,0,1,0,0,1,0,1000,2,2,,POINT (-91.528664155735 41.662439324586)
2014803226,2014032944,06/03/2014,06-June,3-Tuesday,16:30,1600 Hours,District 6 (East Central),DAVENPORT,SCOTT,,Co Rd F55/210 ST & Co Rd Y68/S SCOTT PARK RD,Collision with:  Vehicle in traffic,On Roadway,Broadside (front to side),Ran Stop Sign,None Indicated,,Daylight,Dry,Clear,None apparent,Intersection:  Four-way intersection,Paved,,Minor Injury,0,2,0,1,1,0,20000,2,3,,POINT (-90.557797203642 41.610987548976)
2014802460,2014-11758,06/03/2014,06-June,3-Tuesday,11:57,1100 Hours,District 5 (Southeast),INDIANOLA,WARREN,US 65,US 65/N JEFFERSON WAY,Collision with:  Vehicle in traffic,On Roadway,Broadside (front to side),FTYROW:  From driveway,None Indicated,,Daylight,Dry,Cloudy,Work Zone (roadway-related),Non-intersection:  Driveway access (within),Paved,Yes,Property Damage Only,0,0,0,0,0,0,6500,2,4,,POINT (-93.558664448269 41.383840709152)
2014802296,14-016425,06/03/2014,06-June,3-Tuesday,16:45,1600 Hours,District 5 (Southeast),,LEE,,BURT RD,Non-collision events:  Other non-collision (explain in narrative),On Roadway,Non-collision (single vehicle),Swerving/Evasive Action,None Indicated,,Daylight,Dry,Clear,None apparent,Non-intersection:  Non-junction/no special feature,Unpaved,,Possible/Unknown,0,2,0,0,2,0,5000,1,2,,POINT (-91.458344579741 40.702082117456)
2014801752,2014006094,06/03/2014,06-June,3-Tuesday,13:28,1300 Hours,District 6 (East Central),IOWA CITY,JOHNSON,,DARTMOUTH ST,Collision with fixed object:  Utility pole/light support,Outside trafficway,Non-collision (single vehicle),Ran off road - left,None Indicated,,Daylight,Dry,Clear,None apparent,Non-intersection:  Non-junction/no special feature,Paved,,Property Damage Only,0,0,0,0,0,0,4100,1,1,,POINT (-91.488244748469 41.657411284635)
2014801596,20140015479,06/03/2014,06-June,3-Tuesday,06:07,0600 Hours,District 1 (Central),DES MOINES,POLK,IA 28,IA 28/MERLE HAY RD & FRONTAGE RD CONN,Collision with:  Vehicle in traffic,On Roadway,Broadside (front to side),Made improper turn,None Indicated,,Daylight,Dry,Clear,None apparent,Non-intersection:  Non-junction/no special feature,Paved,,Property Damage Only,0,0,0,0,0,0,5000,2,5,,POINT (-93.697697878149 41.647105092606)
2014803249,603140014,06/03/2014,06-June,3-Tuesday,14:00,1400 Hours,District 4 (Southwest),,RINGGOLD,IA 2,IA 2/IOWA 2,Collision with:  Animal,On Roadway,Non-collision (single vehicle),Animal,None Indicated,,Daylight,Dry,Clear,None apparent,Non-intersection:  Non-junction/no special feature,Paved,,Property Damage Only,0,0,0,0,0,0,10000,1,2,,POINT (-94.29812517647 40.71112258005)
2014801632,2014-36487,06/03/2014,06-June,3-Tuesday,07:51,0700 Hours,District 6 (East Central),DAVENPORT,SCOTT,I-80,I-80,Collision with:  Vehicle in traffic,On Roadway,Rear-end (front to rear),Followed too close,None Indicated,,Daylight,Dry,Clear,None apparent,Non-intersection:  Non-junction/no special feature,Paved,,Property Damage Only,0,0,0,0,0,0,1500,2,2,,POINT (-90.534181163192 41.596154128157)
2014801604,14-2585,06/03/2014,06-June,3-Tuesday,06:53,0600 Hours,District 1 (Central),WEST DES MOINES,POLK,IA 5,IA 5/IOWA 5,Collision with fixed object:  Tree,Median,Non-collision (single vehicle),Crossed centerline (undivided),None Indicated,,Daylight,Dry,Clear,None apparent,Non-intersection:  Non-junction/no special feature,Paved,,Minor Injury,0,1,0,1,0,0,8500,1,1,,POINT (-93.732956489866 41.522081455769)
2014801576,20140015481,06/03/2014,06-June,3-Tuesday,07:10,0700 Hours,District 1 (Central),DES MOINES,POLK,,UNIVERSITY AVE & 7TH ST,Collision with:  Vehicle in traffic,On Roadway,Broadside (front to side),FTYROW:  From stop sign,None Indicated,,Daylight,Dry,Clear,None apparent,Intersection:  Other intersection (explain in narrative),Paved,,Property Damage Only,0,0,0,0,0,0,4500,2,3,,POINT (-93.626999612697 41.600828195734)