Iowa DOT Case Number,Law Enforcement Case Number,Date of Crash,Month of Crash,Day of Week,Time of Crash,Hour,DOT District,City Name,County Name,Route with System,Location Description,First Harmful Event,Location of First Harmful Event,Manner of Crash/Collision,Major Cause,Drug or Alcohol ,Environmental Conditions,Light Conditions,Surface Conditions,Weather Conditions,Roadway Contribution,Roadway Type,Roadway Surface,Work Zone,Crash Severity,Number of Fatalities,Number of Injuries,Number of Major Injuries,Number of Minor Injuries,Number of Possible Injuries,Number of Unknown Injuries,Amount of Property Damage,Number of Vehicles Involved,Total Number of Occupants,Travel Direction,Location
2014801869,141530,06/04/2014,06-June,4-Wednesday,20:20,2000 Hours,District 3 (Northwest),,CRAWFORD,US 59,US 59,Collision with:  Animal,On Roadway,Non-collision (single vehicle),Animal,None Indicated,,Dusk,Dry,Clear,None apparent,Non-intersection:  Non-junction/no special feature,Paved,,Property Damage Only,0,0,0,0,0,0,2500,1,4,,POINT (-95.343736265355 41.94354631308)
2014802517,,06/04/2014,06-June,4-Wednesday,11:30,1100 Hours,District 4 (Southwest),,POTTAWATTAMIE,I-29,I-29,Collision with:  Animal,On Roadway,Non-collision (single vehicle),Animal,None Indicated,,Daylight,Dry,Cloudy,,Intersection:  Y-intersection,Paved,,Property Damage Only,0,0,0,0,0,0,3000,1,2,,POINT (-95.900246743179 41.481863552277)
2014802696,2014033156,06/04/2014,06-June,4-Wednesday,22:10,2200 Hours,District 1 (Central),DES MOINES,POLK,I-235,I-235,Collision with:  Vehicle in traffic,On Roadway,Rear-end (front to rear),Swerving/Evasive Action,None Indicated,,Dark - roadway lighted,Dry,Clear,Work Zone (roadway-related),Non-intersection:  Non-junction/no special feature,Paved,Yes,Property Damage Only,0,0,0,0,0,0,2000,2,3,,POINT (-93.695107475489 41.592654331377)
2014801927,14-3707,06/04/2014,06-June,4-Wednesday,21:40,2100 Hours,District 1 (Central),ALTOONA,POLK,,NE 56TH ST,Collision with:  Animal,On Roadway,Non-collision (single vehicle),Animal,None Indicated,,Dark - roadway not lighted,Dry,Clear,None apparent,Non-intersection:  Non-junction/no special feature,Paved,,Minor Injury,0,1,0,1,0,0,5000,1,1,,POINT (-93.50315084186 41.69840820353)
2014802477,14-17539,06/04/2014,06-June,4-Wednesday,22:16,2200 Hours,District 3 (Northwest),SIOUX CITY,WOODBURY,,W 4TH ST & 6TH ST & WESLEY PKWY,Collision with:  Vehicle in traffic,On Roadway,"Sideswipe, same direction",Made improper turn,None Indicated,,Dark - roadway lighted,Dry,Clear,None apparent,Intersection:  Four-way intersection,Paved,,Property Damage Only,0,0,0,0,0,0,2000,2,4,,POINT (-96.410792180236 42.49625958707)
2014801913,201407927,06/04/2014,06-June,4-Wednesday,17:12,1700 Hours,District 6 (East Central),CEDAR RAPIDS,LINN,,MOUNT VERNON RD SE,Collision with:  Vehicle in traffic,On Roadway,Broadside (front to side),FTYROW:  Other (explain in narrative),None Indicated,,Daylight,Dry,Cloudy,None apparent,Non-intersection:  Non-junction/no special feature,Paved,,Property Damage Only,0,0,0,0,0,0,4000,2,2,,POINT (-91.633502809657 41.976967480612)
2014802633,2014-36887,06/04/2014,06-June,4-Wednesday,16:04,1600 Hours,District 6 (East Central),DAVENPORT,SCOTT,,E 53RD ST & TREMONT AVE,Collision with:  Vehicle in traffic,On Roadway,"Angle, oncoming left turn",FTYROW:  Making left turn,None Indicated,,Daylight,Dry,Cloudy,None apparent,Intersection:  Four-way intersection,Paved,,Property Damage Only,0,0,0,0,0,0,9000,2,4,,POINT (-90.560822513385 41.574648245564)
2014802069,14081505,06/04/2014,06-June,4-Wednesday,07:21,0700 Hours,District 6 (East Central),NORTH LIBERTY,JOHNSON,,CHESTNUT ST & GEORGE ST,Collision with:  Vehicle in traffic,On Roadway,Broadside (front to side),FTYROW:  From yield sign,None Indicated,,Daylight,Dry,Cloudy,None apparent,Intersection:  Four-way intersection,Paved,,Property Damage Only,0,0,0,0,0,0,7500,2,7,,POINT (-91.601092259273 41.746071465296)
2014802632,2014-36883,06/04/2014,06-June,4-Wednesday,15:55,1500 Hours,District 6 (East Central),DAVENPORT,SCOTT,,W CENTRAL PARK AVE & CLARK ST,Collision with:  Non-motorist (see non-motorist section - NOT a unit),On Roadway,Non-collision (single vehicle),Other (explain in narrative):  No improper action,None Indicated,,Daylight,Dry,Cloudy,None apparent,Non-intersection:  Non-junction/no special feature,Paved,,Major Injury,0,1,1,0,0,0,1500,1,3,,POINT (-90.620724893844 41.545435430379)
2014801940,20140015654,06/04/2014,06-June,4-Wednesday,20:00,2000 Hours,District 1 (Central),DES MOINES,POLK,US 6,US 6/MERLE HAY RD,Collision with:  Vehicle in traffic,On Roadway,Rear-end (front to rear),Exceeded authorized speed,Alcohol (Statutory),,Dusk,Dry,Cloudy,None apparent,Non-intersection:  Non-junction/no special feature,Paved,,Major Injury,0,2,1,1,0,0,13500,3,3,,POINT (-93.697746260736 41.621533462687)
2014801769,20140015616,06/04/2014,06-June,4-Wednesday,00:30,0000 Hours,District 1 (Central),DES MOINES,POLK,,LYON ST & E 21ST ST,Non-collision events:  Other non-collision (explain in narrative),On Roadway,Broadside (front to side),Illegally Parked/Unattended,None Indicated,,Unknown,Unknown,Unknown,Unknown,Non-intersection:  Non-junction/no special feature,Paved,,Property Damage Only,0,0,0,0,0,0,2500,2,1,,POINT (-93.579208019086 41.597268844776)
2014802042,2014-2498,06/04/2014,06-June,4-Wednesday,14:36,1400 Hours,District 4 (Southwest),WAUKEE,DALLAS,,BOONE DR & UNIVERSITY AVE & 92ND ST,Collision with:  Vehicle in traffic,On Roadway,"Sideswipe, same direction",Unknown,None Indicated,,Daylight,Dry,Cloudy,None apparent,Non-intersection:  Non-junction/no special feature,Paved,,Property Damage Only,0,0,0,0,0,0,3500,2,2,,POINT (-93.833608646961 41.600416433168)
2014802140,GP20140452,06/04/2014,06-June,4-Wednesday,10:10,1000 Hours,District 1 (Central),GRINNELL,POWESHIEK,,MARVIN AVE,Collision with:  Vehicle in traffic,On Roadway,"Sideswipe, same direction",Other (explain in narrative):  No improper action,None Indicated,,Daylight,Dry,Clear,None apparent,Non-intersection:  Non-junction/no special feature,Paved,,Property Damage Only,0,0,0,0,0,0,3000,2,3,,POINT (-92.728328373886 41.733046231469)
2014802174,14055223,06/04/2014,06-June,4-Wednesday,15:54,1500 Hours,District 2 (Northeast),CEDAR FALLS,BLACK HAWK,,E RIDGEWAY AVE,Collision with:  Vehicle in traffic,On Roadway,Rear-end (front to rear),Driver Distraction:  Reaching for object(s)/fallen object(s),None Indicated,,Daylight,Dry,Clear,None apparent,Intersection:  Four-way intersection,Paved,,Property Damage Only,0,0,0,0,0,0,1500,2,3,,POINT (-92.445710481383 42.469524919261)
2014802035,14003266,06/04/2014,06-June,4-Wednesday,16:50,1600 Hours,District 3 (Northwest),CHEROKEE,CHEROKEE,,WALNUT ST & N 7TH ST,Collision with:  Vehicle in traffic,On Roadway,Rear-end (front to rear),FTYROW:  At uncontrolled intersection,None Indicated,,Daylight,Dry,Clear,None apparent,Intersection:  T-intersection,Paved,,Property Damage Only,0,0,0,0,0,0,3000,2,5,,POINT (-95.557841933106 42.753356818392)
2014802892,14-18737,06/04/2014,06-June,4-Wednesday,11:18,1100 Hours,District 5 (Southeast),,DES MOINES,,Co Rd X60/180TH ST,Collision with fixed object:  Ditch,On Roadway,Non-collision (single vehicle),Swerving/Evasive Action,None Indicated,,Daylight,"Mud, dirt",Cloudy,None apparent,Non-intersection:  Non-junction/no special feature,Unpaved,,Property Damage Only,0,0,0,0,0,0,2500,1,2,,POINT (-91.14047857029 40.942231040881)
2014802496,,06/04/2014,06-June,4-Wednesday,10:30,1000 Hours,District 6 (East Central),ASBURY,DUBUQUE,,SARATOGA RD & CAMELOT DR & RADFORD RD,Collision with:  Vehicle in traffic,On Roadway,Broadside (front to side),FTYROW:  From stop sign,None Indicated,,Daylight,Wet,Rain,None apparent,Intersection:  Four-way intersection,Paved,,Property Damage Only,0,0,0,0,0,0,5000,2,2,,POINT (-90.750136309377 42.508420946907)
2014802735,14-028,06/04/2014,06-June,4-Wednesday,00:55,0000 Hours,District 3 (Northwest),,CALHOUN,US 20,US 20/US20,Collision with:  Animal,,,Animal,None Indicated,,,,,,,Paved,,Property Damage Only,0,0,0,0,0,0,10000,1,1,,POINT (-94.549632050854 42.449545886865)
2014804826,TC34-14,06/04/2014,06-June,4-Wednesday,11:40,1100 Hours,District 4 (Southwest),MISSOURI VALLEY,HARRISON,,E HURON ST & N 3RD ST,Collision with:  Vehicle in traffic,On Roadway,Broadside (front to side),FTYROW:  From stop sign,None Indicated,,Daylight,Dry,Clear,None apparent,Intersection:  Four-way intersection,Paved,,Property Damage Only,0,0,0,0,0,0,4000,2,2,,POINT (-95.891883302861 41.557346580718)
2014802248,14-009332,06/04/2014,06-June,4-Wednesday,19:35,1900 Hours,District 5 (Southeast),,HENRY,US 34,US 34/US 34 NW RAMP & IA 438/OLD HWY 218 & JEWEL AVE,Collision with:  Vehicle in traffic,On Roadway,Rear-end (front to rear),Driver Distraction:  Manual operation of an electronic communication device,None Indicated,,Daylight,Dry,Clear,None apparent,Intersection:  Four-way intersection,Paved,,Possible/Unknown,0,2,0,0,2,0,12000,2,3,,POINT (-91.544178243275 40.990652660324)
2014802280,2014006137,06/04/2014,06-June,4-Wednesday,18:34,1800 Hours,District 6 (East Central),IOWA CITY,JOHNSON,,KIRKWOOD AVE & SUMMIT ST,Collision with:  Vehicle in traffic,On Roadway,Broadside (front to side),FTYROW:  From stop sign,None Indicated,,Daylight,Dry,Clear,None apparent,Intersection:  T-intersection,Paved,,Property Damage Only,0,0,0,0,0,0,2500,2,3,,POINT (-91.520974278618 41.649442794292)
2014805201,2014033001,06/04/2014,06-June,4-Wednesday,07:16,0700 Hours,District 1 (Central),,POLK,I-35,I-35,Collision with:  Vehicle in traffic,On Roadway,Rear-end (front to rear),Followed too close,None Indicated,,Daylight,Dry,Clear,None apparent,Non-intersection:  Non-junction/no special feature,Paved,,Property Damage Only,0,0,0,0,0,0,9000,2,2,,POINT (-93.635445130084 41.64948370924)
2014802109,14680681,06/04/2014,06-June,4-Wednesday,20:45,2000 Hours,District 5 (Southeast),,MONROE,,Co Rd H16/115TH TRL,Collision with fixed object:  Ditch,On Roadway,Non-collision (single vehicle),Crossed centerline (undivided),None Indicated,,Dark - roadway not lighted,"Mud, dirt",Clear,None apparent,Non-intersection:  Non-junction/no special feature,Unpaved,,Property Damage Only,0,0,0,0,0,0,5000,1,1,,POINT (-92.902202482293 41.135935692582)
2014801974,14C02557,06/04/2014,06-June,4-Wednesday,18:33,1800 Hours,District 4 (Southwest),CRESTON,UNION,,HARSH ST & N VINE ST,Collision with:  Vehicle in traffic,On Roadway,Broadside (front to side),FTYROW:  At uncontrolled intersection,None Indicated,,Daylight,Dry,Clear,None apparent,Non-intersection:  Non-junction/no special feature,Paved,,Property Damage Only,0,0,0,0,0,0,1500,2,5,,POINT (-94.357919947696 41.06694603718)
2014802219,01-14-23990,06/04/2014,06-June,4-Wednesday,11:13,1100 Hours,District 6 (East Central),DUBUQUE,DUBUQUE,,W 10TH ST & LOCUST ST S,Collision with:  Vehicle in traffic,On Roadway,Broadside (front to side),Ran Traffic Signal,None Indicated,,Daylight,Wet,Cloudy,None apparent,Intersection:  Four-way intersection,Paved,,Property Damage Only,0,0,0,0,0,0,18000,2,4,,POINT (-90.669163717464 42.502128185375)
2014802476,14-17517,06/04/2014,06-June,4-Wednesday,17:37,1700 Hours,District 3 (Northwest),SIOUX CITY,WOODBURY,,FLOYD BLVD,Collision with:  Vehicle in traffic,On Roadway,Rear-end (front to rear),Followed too close,None Indicated,,Daylight,Dry,Clear,None apparent,Intersection:  Four-way intersection,Paved,,Property Damage Only,0,0,0,0,0,0,5500,3,3,,POINT (-96.369781558826 42.534410555031)
2014801825,2014033002,06/04/2014,06-June,4-Wednesday,07:28,0700 Hours,District 1 (Central),,POLK,I-35,I-35,Collision with:  Vehicle in traffic,On Roadway,"Sideswipe, same direction",Followed too close,None Indicated,,Daylight,Dry,Clear,None apparent,Non-intersection:  Non-junction/no special feature,Paved,,Property Damage Only,0,0,0,0,0,0,11500,3,4,,POINT (-93.615906619133 41.649490985414)
2014802167,,06/04/2014,06-June,4-Wednesday,13:53,1300 Hours,District 2 (Northeast),,BUTLER,,Co Rd C23/140 ST,Collision with fixed object:  Ditch,On Roadway,Non-collision (single vehicle),Other (explain in narrative):  No improper action,None Indicated,,Daylight,"Mud, dirt",Clear,None apparent,Non-intersection:  Non-junction/no special feature,Unpaved,,Possible/Unknown,0,1,0,0,1,0,500,1,1,,POINT (-92.702655342195 42.847328631083)
2014801704,14-008156,06/04/2014,06-June,4-Wednesday,07:26,0700 Hours,District 6 (East Central),CLARENCE,CEDAR,US 30,US 30/LOMBARD ST,Collision with:  Vehicle in traffic,On Roadway,"Angle, oncoming left turn",Crossed centerline (undivided),None Indicated,,Daylight,Dry,Cloudy,None apparent,Non-intersection:  Driveway access (within),Paved,,Minor Injury,0,1,0,1,0,0,2000,2,2,,POINT (-91.065269512579 41.888721140553)
2014801979,2014-11797,06/04/2014,06-June,4-Wednesday,04:56,0400 Hours,District 5 (Southeast),,WARREN,US 69,US 69,Collision with:  Animal,On Roadway,Non-collision (single vehicle),Animal,None Indicated,,Dawn,Wet,Cloudy,None apparent,Non-intersection:  Non-junction/no special feature,Paved,,Property Damage Only,0,0,0,0,0,0,3500,1,2,,POINT (-93.563152519485 41.284293213743)
2014802441,201400026911,06/04/2014,06-June,4-Wednesday,13:57,1300 Hours,District 5 (Southeast),OTTUMWA,WAPELLO,US 34,US 34,Collision with:  Vehicle in traffic,On Roadway,Rear-end (front to rear),Other (explain in narrative):  Other,None Indicated,,Daylight,Dry,Cloudy,None apparent,Non-intersection:  Non-junction/no special feature,Paved,,Property Damage Only,0,0,0,0,0,0,4000,2,6,,POINT (-92.439760862608 41.018356914423)
2014803330,01-14-23996,06/04/2014,06-June,4-Wednesday,11:43,1100 Hours,District 6 (East Central),DUBUQUE,DUBUQUE,,E 16TH ST & ELM ST,Collision with:  Vehicle in traffic,On Roadway,Broadside (front to side),Ran Traffic Signal,None Indicated,,Daylight,Dry,Cloudy,None apparent,Intersection:  Four-way intersection,Paved,,Possible/Unknown,0,1,0,0,1,0,9500,2,2,,POINT (-90.664691043842 42.509160204335)
2014801972,2014-36814,06/04/2014,06-June,4-Wednesday,10:58,1000 Hours,District 6 (East Central),DAVENPORT,SCOTT,,E LOCUST ST & ESPLANADE AVE,Collision with:  Vehicle in traffic,On Roadway,Rear-end (front to rear),Lost Control,None Indicated,,Daylight,Dry,Cloudy,None apparent,Intersection:  T-intersection,Paved,,Property Damage Only,0,0,0,0,0,0,5500,2,2,,POINT (-90.555127982935 41.538330634561)
2014802824,2014033080,06/04/2014,06-June,4-Wednesday,14:45,1400 Hours,District 4 (Southwest),,CASS,US 71,US 71/650TH ST,Collision with:  Vehicle in traffic,On Roadway,Broadside (front to side),Ran Stop Sign,None Indicated,,Daylight,Dry,Clear,None apparent,Intersection:  Intersection with ramp,Paved,,Minor Injury,0,2,0,1,1,0,8000,2,2,,POINT (-94.945070160401 41.499121535978)
2014801782,20140015594,06/04/2014,06-June,4-Wednesday,10:20,1000 Hours,District 1 (Central),DES MOINES,POLK,US 6,US 6/E EUCLID AVE,Collision with:  Vehicle in traffic,On Roadway,Rear-end (front to rear),Lost Control,None Indicated,,Daylight,Dry,Cloudy,None apparent,Non-intersection:  Non-junction/no special feature,Paved,,Property Damage Only,0,0,0,0,0,0,3500,2,2,,POINT (-93.565975065162 41.627734134556)
2014803704,14-002262,06/04/2014,06-June,4-Wednesday,12:57,1200 Hours,District 4 (Southwest),CARTER LAKE,POTTAWATTAMIE,,E LOCUST ST & N 7TH ST,Collision with fixed object:  Utility pole/light support,Outside trafficway,Non-collision (single vehicle),Ran off road - left,None Indicated,,Daylight,Dry,Clear,None apparent,Non-intersection:  Non-junction/no special feature,Paved,,Possible/Unknown,0,1,0,0,1,0,5200,1,1,,POINT (-95.920433138809 41.284937312358)
2014802391,14-1231,06/04/2014,06-June,4-Wednesday,11:38,1100 Hours,District 1 (Central),URBANDALE,POLK,,MEREDITH DR,Collision with:  Vehicle in traffic,On Roadway,Broadside (front to side),FTYROW:  Other (explain in narrative),None Indicated,,Daylight,Dry,Cloudy,None apparent,Non-intersection:  Non-junction/no special feature,Paved,,Property Damage Only,0,0,0,0,0,0,1900,2,2,,POINT (-93.737637299164 41.643874360334)
2014801925,06-14-026,06/04/2014,06-June,4-Wednesday,17:52,1700 Hours,District 3 (Northwest),LE MARS,PLYMOUTH,IA 3,IA 3/PLYMOUTH ST,Collision with:  Vehicle in traffic,On Roadway,Rear-end (front to rear),Driver Distraction:  Passenger,None Indicated,,Daylight,Dry,Cloudy,None apparent,Non-intersection:  Non-junction/no special feature,Paved,,Property Damage Only,0,0,0,0,0,0,4500,2,4,,POINT (-96.186389426599 42.793246114896)
2014802220,01-14-23992,06/04/2014,06-June,4-Wednesday,11:31,1100 Hours,District 6 (East Central),DUBUQUE,DUBUQUE,,W 32ND ST,Collision with fixed object:  Ditch,On Roadway,Non-collision (single vehicle),Ran off road - left,None Indicated,,Daylight,Wet,Cloudy,None apparent,Non-intersection:  Non-junction/no special feature,Paved,,Property Damage Only,0,0,0,0,0,0,3000,1,1,,POINT (-90.706214399115 42.526271679299)
2014802252,14-4382,06/04/2014,06-June,4-Wednesday,14:12,1400 Hours,District 3 (Northwest),IDA GROVE,IDA,,7TH ST,Collision with:  Vehicle in traffic,On Roadway,Broadside (front to side),Swerving/Evasive Action,None Indicated,,Daylight,Dry,Clear,None apparent,Non-intersection:  Alley,Paved,,Property Damage Only,0,0,0,0,0,0,2000,2,2,,POINT (-95.471819364581 42.339014322557)
2014801912,201407918,06/04/2014,06-June,4-Wednesday,15:47,1500 Hours,District 6 (East Central),CEDAR RAPIDS,LINN,,MOUNT VERNON RD SE,Collision with:  Vehicle in traffic,On Roadway,"Sideswipe, same direction",Unknown,None Indicated,,Daylight,Dry,Cloudy,None apparent,Non-intersection:  Non-junction/no special feature,Paved,,Possible/Unknown,0,1,0,0,1,0,4000,2,3,,POINT (-91.608109275538 41.976887519893)
2014810133,2014005457,06/04/2014,06-June,4-Wednesday,18:23,1800 Hours,District 1 (Central),MARSHALLTOWN,MARSHALL,,E OLIVE ST & S 18TH AVE,Collision with:  Vehicle in traffic,On Roadway,"Angle, oncoming left turn",FTYROW:  Making left turn,None Indicated,,Daylight,Dry,Clear,None apparent,Intersection:  Four-way intersection,Paved,,Property Damage Only,0,0,0,0,0,0,4500,2,3,,POINT (-92.883825689713 42.028409192231)
2014802222,01-14-24079,06/04/2014,06-June,4-Wednesday,17:57,1700 Hours,District 6 (East Central),DUBUQUE,DUBUQUE,,ASBURY RD,Collision with:  Vehicle in traffic,On Roadway,Rear-end (front to rear),Lost Control,None Indicated,,Daylight,Dry,Clear,None apparent,Intersection:  T-intersection,Paved,,Property Damage Only,0,0,0,0,0,0,3500,2,3,,POINT (-90.736997894019 42.515321303022)
2014801701,W14-055067,06/04/2014,06-June,4-Wednesday,01:00,0100 Hours,District 2 (Northeast),WATERLOO,BLACK HAWK,,MOBILE ST & MARTIN LUTHER KING JR DR,Collision with:  Vehicle in traffic,On Roadway,"Angle, oncoming left turn",Made improper turn,None Indicated,,Dark - roadway lighted,Wet,Rain,None apparent,Intersection:  T-intersection,Paved,,Property Damage Only,0,0,0,0,0,0,1600,2,2,,POINT (-92.321441357226 42.501863002025)
2014801795,14-022722,06/04/2014,06-June,4-Wednesday,02:16,0200 Hours,District 4 (Southwest),COUNCIL BLUFFS,POTTAWATTAMIE,,MCPHERSON AVE,Collision with fixed object:  Utility pole/light support,Roadside,Non-collision (single vehicle),Ran off road - right,Alcohol (Statutory),,Dark - roadway lighted,Wet,Rain,None apparent,Non-intersection:  Non-junction/no special feature,Paved,,Minor Injury,0,2,0,1,1,0,25000,1,2,,POINT (-95.823830766746 41.269534820058)
2014801932,14-0637,06/04/2014,06-June,4-Wednesday,16:45,1600 Hours,District 1 (Central),CLIVE,POLK,,UNIVERSITY AVE,Collision with:  Vehicle in traffic,On Roadway,Rear-end (front to rear),Followed too close,None Indicated,,Daylight,Dry,Clear,None apparent,Non-intersection:  Non-junction/no special feature,Paved,,Property Damage Only,0,0,0,0,0,0,2000,2,2,,POINT (-93.773537807166 41.600430998223)
2014801949,14-2622,06/04/2014,06-June,4-Wednesday,18:40,1800 Hours,District 1 (Central),WEST DES MOINES,POLK,I-35,I-35,Collision with:  Animal,On Roadway,Non-collision (single vehicle),Animal,None Indicated,,Daylight,Dry,Cloudy,None apparent,Non-intersection:  Other non-intersection (explain in narrative),Paved,Yes,Property Damage Only,0,0,0,0,0,0,2500,1,2,,POINT (-93.772902251842 41.5239816785)
2014802913,14-020604-01,06/04/2014,06-June,4-Wednesday,13:20,1300 Hours,District 6 (East Central),,IOWA,US 6,US 6,Collision with:  Animal,,,Animal,None Indicated,,,,,,,Paved,,Property Damage Only,0,0,0,0,0,0,3000,1,1,,POINT (-92.097763913119 41.783623548397)
2014802462,2014-11834,06/04/2014,06-June,4-Wednesday,15:19,1500 Hours,District 5 (Southeast),INDIANOLA,WARREN,US 65,US 65/N JEFFERSON WAY & E EUCLID AVE,Collision with:  Vehicle in traffic,On Roadway,Rear-end (front to rear),Followed too close,None Indicated,,Daylight,Dry,Clear,None apparent,Non-intersection:  Non-junction/no special feature,Paved,,Property Damage Only,0,0,0,0,0,0,4500,2,3,,POINT (-93.558353436223 41.365655881622)
2014803705,14-002263,06/04/2014,06-June,4-Wednesday,12:59,1200 Hours,District 4 (Southwest),CARTER LAKE,POTTAWATTAMIE,,E LOCUST ST & N 9TH ST,Collision with:  Vehicle in traffic,On Roadway,Rear-end (front to rear),Unknown,None Indicated,,Daylight,Dry,Clear,None apparent,Intersection:  Four-way intersection,Paved,,Possible/Unknown,0,1,0,0,1,0,500,2,2,,POINT (-95.918021190232 41.284935483049)
2014802653,2014-36990,06/04/2014,06-June,4-Wednesday,23:25,2300 Hours,District 6 (East Central),DAVENPORT,SCOTT,,W 3RD ST & TELEGRAPH RD,Collision with:  Non-motorist (see non-motorist section - NOT a unit),On Roadway,Non-collision (single vehicle),Swerving/Evasive Action,None Indicated,,Dark - roadway lighted,Dry,Clear,None apparent,Non-intersection:  Non-junction/no special feature,Paved,,Minor Injury,0,1,0,1,0,0,0,1,1,,POINT (-90.616001052706 41.522281036101)
2014801915,14011469,06/04/2014,06-June,4-Wednesday,11:56,1100 Hours,District 6 (East Central),MARION,LINN,,31ST ST & 7TH AVE,Collision with:  Vehicle in traffic,On Roadway,"Sideswipe, same direction",Improper or erratic lane changing,None Indicated,,Daylight,Dry,Cloudy,None apparent,Non-intersection:  Non-junction/no special feature,Paved,,Property Damage Only,0,0,0,0,0,0,3500,2,2,,POINT (-91.579435662456 42.033663606902)
2014807092,,06/04/2014,06-June,4-Wednesday,12:20,1200 Hours,District 5 (Southeast),LEON,DECATUR,,NW 13TH DR,Collision with:  Vehicle in traffic,On Roadway,Rear-end (front to rear),FTYROW:  From driveway,None Indicated,,,,,None apparent,Non-intersection:  Driveway access (within),Paved,,Property Damage Only,0,0,0,0,0,0,2000,2,2,,POINT (-93.750227376472 40.7493066744)
2014802036,CL14001830,06/04/2014,06-June,4-Wednesday,09:05,0900 Hours,District 6 (East Central),CLINTON,CLINTON,,MILL CREEK PKWY,Collision with:  Vehicle in traffic,On Roadway,Rear-end (front to rear),Other (explain in narrative):  Other,Alcohol (Statutory),,Daylight,Dry,Cloudy,None apparent,Intersection:  Four-way intersection,Paved,,Property Damage Only,0,0,0,0,0,0,3300,2,2,,POINT (-90.257522622666 41.815545151724)
2014801911,201407905,06/04/2014,06-June,4-Wednesday,12:05,1200 Hours,District 6 (East Central),CEDAR RAPIDS,LINN,,TOWNE PL NE & BLAIRS FERRY RD NE,Collision with:  Vehicle in traffic,On Roadway,Broadside (front to side),FTYROW:  From stop sign,None Indicated,,Daylight,Dry,Cloudy,None apparent,Intersection:  T-intersection,Paved,,Property Damage Only,0,0,0,0,0,0,8000,2,2,,POINT (-91.67243484664 42.034741100709)
2014803937,14-17471,06/04/2014,06-June,4-Wednesday,13:00,1300 Hours,District 3 (Northwest),SIOUX CITY,WOODBURY,,15TH ST & NEBRASKA ST,Collision with:  Vehicle in traffic,On Roadway,"Sideswipe, same direction",Made improper turn,None Indicated,,Daylight,Dry,Cloudy,None apparent,Intersection:  Other intersection (explain in narrative),Paved,,Possible/Unknown,0,2,0,0,2,0,4000,2,6,,POINT (-96.403560502596 42.506046584071)
2014804345,,06/04/2014,06-June,4-Wednesday,05:45,0500 Hours,District 2 (Northeast),,ALLAMAKEE,IA 76,IA 76/IOWA 76,Collision with:  Animal,On Roadway,Non-collision (single vehicle),Animal,None Indicated,,Dawn,Dry,Clear,,Non-intersection:  Non-junction/no special feature,Paved,,Property Damage Only,0,0,0,0,0,0,5154,1,1,,POINT (-91.315907938013 43.176187066245)
2014801984,2014033154,06/04/2014,06-June,4-Wednesday,22:00,2200 Hours,District 6 (East Central),,SCOTT,I-80,I-80,Collision with:  Animal,,,Animal,None Indicated,,,,,,,Paved,,Property Damage Only,0,0,0,0,0,0,4000,1,1,,POINT (-90.851000094708 41.633012083702)
2014804183,01-14-24052,06/04/2014,06-June,4-Wednesday,15:45,1500 Hours,District 6 (East Central),DUBUQUE,DUBUQUE,US 52,US 52/KERRIGAN RD/SW RAMP CURV,Collision with:  Vehicle in traffic,On Roadway,Rear-end (front to rear),Followed too close,None Indicated,,Daylight,Dry,Cloudy,Work Zone (roadway-related),Intersection:  Intersection with ramp,Paved,Yes,Property Damage Only,0,0,0,0,0,0,5000,2,3,,POINT (-90.667968687833 42.47469193225)
2014802100,14012776,06/04/2014,06-June,4-Wednesday,13:00,1300 Hours,District 5 (Southeast),OSKALOOSA,MAHASKA,IA 92,IA 92/A AVE W & N A ST,Collision with:  Vehicle in traffic,On Roadway,"Sideswipe, same direction",FTYROW:  Other (explain in narrative),None Indicated,,Daylight,Dry,Cloudy,None apparent,Non-intersection:  Non-junction/no special feature,Paved,,Property Damage Only,0,0,0,0,0,0,3000,2,3,,POINT (-92.646278095877 41.29620675461)
2014802656,14-6507,06/04/2014,06-June,4-Wednesday,05:30,0500 Hours,District 3 (Northwest),,SIOUX,,Co Rd A54B/A54B BLVD & 270TH ST,Collision with:  Animal,,,Animal,None Indicated,,,,,,,Paved,,Property Damage Only,0,0,0,0,0,0,1500,1,1,,POINT (-96.549048827817 43.259754653011)
2014801860,14-008185,06/04/2014,06-June,4-Wednesday,20:45,2000 Hours,District 6 (East Central),,CEDAR,,Co Rd X64/QUINCY AVE,Collision with:  Vehicle in traffic,Roadside,Rear-end (front to rear),Ran off road - right,None Indicated,,Dark - roadway not lighted,Dry,Clear,None apparent,Non-intersection:  Non-junction/no special feature,Paved,,Property Damage Only,0,0,0,0,0,0,4000,2,2,,POINT (-91.055052417537 41.857602870638)
2014808645,,06/04/2014,06-June,4-Wednesday,11:37,1100 Hours,District 2 (Northeast),CLEAR LAKE,CERRO GORDO,IA 122,IA 122/IOWA 122 & N 40TH ST,Collision with:  Vehicle in traffic,On Roadway,Broadside (front to side),FTYROW:  Making left turn,None Indicated,,Daylight,Dry,Clear,None apparent,Intersection:  T-intersection,Paved,,Property Damage Only,0,0,0,0,0,0,3000,2,3,,POINT (-93.339751981738 43.14816952693)
2014802221,01-14-24067,06/04/2014,06-June,4-Wednesday,16:51,1600 Hours,District 6 (East Central),DUBUQUE,DUBUQUE,,KERPER BLVD & FENGLER ST,Collision with:  Vehicle in traffic,On Roadway,"Angle, oncoming left turn",FTYROW:  Making left turn,None Indicated,,Daylight,Dry,Clear,None apparent,Intersection:  Four-way intersection,Paved,,Property Damage Only,0,0,0,0,0,0,4400,2,2,,POINT (-90.655933473734 42.518445776669)