Iowa DOT Case Number,Law Enforcement Case Number,Date of Crash,Month of Crash,Day of Week,Time of Crash,Hour,DOT District,City Name,County Name,Route with System,Location Description,First Harmful Event,Location of First Harmful Event,Manner of Crash/Collision,Major Cause,Drug or Alcohol ,Environmental Conditions,Light Conditions,Surface Conditions,Weather Conditions,Roadway Contribution,Roadway Type,Roadway Surface,Work Zone,Crash Severity,Number of Fatalities,Number of Injuries,Number of Major Injuries,Number of Minor Injuries,Number of Possible Injuries,Number of Unknown Injuries,Amount of Property Damage,Number of Vehicles Involved,Total Number of Occupants,Travel Direction,Location
2014802543,14008934,06/04/2014,06-June,4-Wednesday,12:25,1200 Hours,District 2 (Northeast),MASON CITY,CERRO GORDO,IA 122,IA 122/4TH ST SW & POLK PL,Collision with:  Vehicle in traffic,On Roadway,Rear-end (front to rear),Other (explain in narrative):  Other,None Indicated,,Daylight,Dry,Cloudy,None apparent,Intersection:  Four-way intersection,Paved,,Minor Injury,0,1,0,1,0,0,7800,2,3,,POINT (-93.217323467442 43.148368507455)
2014801757,1406041-A,06/04/2014,06-June,4-Wednesday,14:38,1400 Hours,District 4 (Southwest),RED OAK,MONTGOMERY,,NUCKOLS ST & 5TH ST,Collision with:  Vehicle in traffic,On Roadway,Broadside (front to side),Unknown,None Indicated,,Daylight,Dry,Cloudy,None apparent,Intersection:  Four-way intersection,Paved,,Property Damage Only,0,0,0,0,0,0,3200,2,2,,POINT (-95.22674830568 41.006212712309)
2014803574,2014033087,06/04/2014,06-June,4-Wednesday,14:47,1400 Hours,District 6 (East Central),,IOWA,I-80,I-80,Collision with fixed object:  Traffic sign support,Outside trafficway,Non-collision (single vehicle),Swerving/Evasive Action,None Indicated,,Daylight,Dry,Cloudy,None apparent,Non-intersection:  Non-junction/no special feature,Paved,,Property Damage Only,0,0,0,0,0,0,3050,1,1,,POINT (-91.881275613197 41.687300054606)
2014801910,201407893,06/04/2014,06-June,4-Wednesday,02:04,0200 Hours,District 6 (East Central),CEDAR RAPIDS,LINN,,E AVE NE & 17TH ST NE,Collision with:  Vehicle in traffic,On Roadway,Rear-end (front to rear),Illegally Parked/Unattended,Alcohol (Statutory),,Dark - roadway lighted,Wet,Rain,None apparent,Non-intersection:  Non-junction/no special feature,Paved,,Property Damage Only,0,0,0,0,0,0,9000,2,1,,POINT (-91.652866752257 41.994542747188)
2014801857,W14-055253,06/04/2014,06-June,4-Wednesday,17:00,1700 Hours,District 2 (Northeast),WATERLOO,BLACK HAWK,,BLOWERS AVE,Collision with:  Vehicle in traffic,On Roadway,Broadside (front to side),FTYROW:  From driveway,None Indicated,,Daylight,Dry,Clear,None apparent,Non-intersection:  Other non-intersection (explain in narrative),Paved,,Property Damage Only,0,0,0,0,0,0,2250,2,2,,POINT (-92.307874205762 42.488327160742)
2014801787,14-2608,06/04/2014,06-June,4-Wednesday,07:51,0700 Hours,District 1 (Central),WEST DES MOINES,POLK,I-235,I-235,Collision with:  Vehicle in traffic,On Roadway,Rear-end (front to rear),Driving too fast for conditions,None Indicated,,Daylight,Dry,Clear,None apparent,Non-intersection:  Non-junction/no special feature,Paved,,Property Damage Only,0,0,0,0,0,0,3300,2,2,,POINT (-93.725195556818 41.593378206476)
2014801875,14-18825,06/04/2014,06-June,4-Wednesday,21:30,2100 Hours,District 5 (Southeast),BURLINGTON,DES MOINES,US 61,US 61 & MT PLEASANT ST,Collision with:  Vehicle in traffic,On Roadway,"Angle, oncoming left turn",FTYROW:  Making left turn,None Indicated,,Dark - roadway lighted,Dry,Cloudy,None apparent,Intersection:  Four-way intersection,Paved,,Property Damage Only,0,0,0,0,0,0,4000,2,3,,POINT (-91.141362482055 40.825856379463)
2014802152,14-002677,06/04/2014,06-June,4-Wednesday,07:10,0700 Hours,District 1 (Central),AMES,STORY,,MORTENSON PKWY & BEACH AVE,Collision with:  Vehicle in traffic,On Roadway,"Sideswipe, same direction",FTYROW:  Other (explain in narrative),None Indicated,,Daylight,Dry,Cloudy,None apparent,Non-intersection:  Non-junction/no special feature,Paved,,Possible/Unknown,0,1,0,0,1,0,1100,2,2,,POINT (-93.640865145287 42.008476603408)
2014828306,14060074,06/04/2014,06-June,4-Wednesday,12:45,1200 Hours,District 5 (Southeast),,WAPELLO,US 63,US 63,Collision with fixed object:  Tree,Outside trafficway,Non-collision (single vehicle),Crossed centerline (undivided),None Indicated,,Daylight,Dry,Cloudy,None apparent,Non-intersection:  Non-junction/no special feature,Paved,,Major Injury,0,1,1,0,0,0,7500,1,1,,POINT (-92.404441561967 40.975562152528)
2014803094,SO14-0681,06/04/2014,06-June,4-Wednesday,22:15,2200 Hours,District 2 (Northeast),,WRIGHT,IA 3,IA 3/IOWA 3,Collision with:  Animal,,,Animal,None Indicated,,,,,,,Paved,,Property Damage Only,0,0,0,0,0,0,4000,1,1,,POINT (-93.651534456309 42.731780866541)
2014801895,2014006134,06/04/2014,06-June,4-Wednesday,16:17,1600 Hours,District 6 (East Central),IOWA CITY,JOHNSON,IA 1,IA 1/N DODGE ST & NORTHGATE DR,Collision with:  Vehicle in traffic,On Roadway,"Angle, oncoming left turn",FTYROW:  Making left turn,None Indicated,,Daylight,Dry,Cloudy,None apparent,Intersection:  Four-way intersection,Paved,,Minor Injury,0,2,0,1,1,0,12000,2,3,,POINT (-91.496558187077 41.691367958987)
2014802218,01-14-23988,06/04/2014,06-June,4-Wednesday,10:32,1000 Hours,District 6 (East Central),DUBUQUE,DUBUQUE,,CHANEY RD,Collision with:  Vehicle in traffic,On Roadway,"Sideswipe, opposite direction",Lost Control,None Indicated,,Daylight,Wet,Rain,None apparent,Non-intersection:  Non-junction/no special feature,Paved,,Property Damage Only,0,0,0,0,0,0,3500,2,1,,POINT (-90.708190754679 42.503852221856)
2014802141,2014-11223,06/04/2014,06-June,4-Wednesday,20:26,2000 Hours,District 6 (East Central),MAYSVILLE,SCOTT,IA 130,IA 130/NEW LIBERTY RD,Collision with:  Animal,,,Animal,None Indicated,,,,,,,Paved,,Property Damage Only,0,0,0,0,0,0,5000,1,1,,POINT (-90.731824092527 41.649184375669)
2014801948,14-2620,06/04/2014,06-June,4-Wednesday,16:58,1600 Hours,District 1 (Central),WEST DES MOINES,POLK,I-235,I-235,Non-collision events:  Other non-collision (explain in narrative),On Roadway,Non-collision (single vehicle),Swerving/Evasive Action,None Indicated,,Daylight,Dry,Clear,None apparent,Non-intersection:  Non-junction/no special feature,Paved,,Property Damage Only,0,0,0,0,0,0,5000,1,1,,POINT (-93.719495854341 41.593341961648)
2014803595,B14-1062,06/04/2014,06-June,4-Wednesday,20:02,2000 Hours,District 3 (Northwest),SERGEANT BLUFF,WOODBURY,,CANTERBURY RD,Non-collision events:  Other non-collision (explain in narrative),Roadside,Rear-end (front to rear),Swerving/Evasive Action,None Indicated,,Daylight,Dry,Clear,None apparent,Non-intersection:  Non-junction/no special feature,Paved,,Property Damage Only,0,0,0,0,0,0,3500,2,1,,POINT (-96.3434260038 42.403680853752)
2014801947,14-2623,06/04/2014,06-June,4-Wednesday,17:40,1700 Hours,District 1 (Central),WEST DES MOINES,POLK,I-35,I-35,Collision with:  Vehicle in traffic,On Roadway,Rear-end (front to rear),Unknown,None Indicated,,Daylight,Dry,Clear,Work Zone (roadway-related),"Interchange-related:  Off-ramp, diverge area",Paved,Yes,Property Damage Only,0,0,0,0,0,0,3000,2,2,,POINT (-93.773615516042 41.52952538603)
2014801914,201407929,06/04/2014,06-June,4-Wednesday,17:54,1700 Hours,District 6 (East Central),CEDAR RAPIDS,LINN,,JOHNSON AVE NW & 21ST ST NW,Collision with:  Vehicle in traffic,On Roadway,Broadside (front to side),FTYROW:  From stop sign,None Indicated,,Daylight,Dry,Cloudy,None apparent,Intersection:  Other intersection (explain in narrative),Paved,,Property Damage Only,0,0,0,0,0,0,6500,2,2,,POINT (-91.702194681565 41.974522375082)
2014802010,W14-055171,06/04/2014,06-June,4-Wednesday,12:59,1200 Hours,District 2 (Northeast),WATERLOO,BLACK HAWK,,E SHAULIS RD,Collision with:  Vehicle in traffic,On Roadway,Rear-end (front to rear),Followed too close,None Indicated,,Daylight,Wet,Rain,None apparent,Intersection:  T-intersection,Paved,,Property Damage Only,0,0,0,0,0,0,4500,2,4,,POINT (-92.299425722138 42.441760488319)
2014802663,14-000676,06/04/2014,06-June,4-Wednesday,14:56,1400 Hours,District 1 (Central),,STORY,US 65,US 65 & Co Rd E18/130TH ST,Collision with:  Vehicle in traffic,On Roadway,Broadside (front to side),FTYROW:  Other (explain in narrative),None Indicated,,Daylight,Dry,Clear,None apparent,Intersection:  Four-way intersection,Paved,,Minor Injury,0,1,0,1,0,0,9000,2,3,,POINT (-93.309363565717 42.166174787799)
2014803227,2014032992,06/04/2014,06-June,4-Wednesday,05:23,0500 Hours,District 1 (Central),,POLK,I-80,I-80,Collision with fixed object:  Ditch,Roadside,Non-collision (single vehicle),Ran off road - right,None Indicated,,Dawn,Wet,Cloudy,None apparent,Interchange-related:  On-ramp,Paved,,Possible/Unknown,0,1,0,0,1,0,3500,1,2,,POINT (-93.531126587215 41.658668965452)
2014801954,14-022741,06/04/2014,06-June,4-Wednesday,06:35,0600 Hours,District 4 (Southwest),COUNCIL BLUFFS,POTTAWATTAMIE,IA 192,IA 192/N 16TH ST & NASH BLVD & BIG LAKE RD,Collision with:  Vehicle in traffic,On Roadway,"Sideswipe, same direction",Made improper turn,None Indicated,,Dawn,Wet,Cloudy,None apparent,Intersection:  Four-way intersection,Paved,,Property Damage Only,0,0,0,0,0,0,8500,2,4,,POINT (-95.867106399348 41.281874804882)
2014801983,2014033151,06/04/2014,06-June,4-Wednesday,20:50,2000 Hours,District 5 (Southeast),,KEOKUK,IA 22,IA 22/IOWA 22,Collision with:  Vehicle in traffic,On Roadway,"Sideswipe, opposite direction",Crossed centerline (undivided),Alcohol (Statutory),,Dusk,Dry,Cloudy,None apparent,Non-intersection:  Non-junction/no special feature,Paved,,Fatal,1,1,1,0,0,0,4500,2,3,,POINT (-92.23807784798 41.439007230608)
2014801939,20140015644,06/04/2014,06-June,4-Wednesday,17:30,1700 Hours,District 1 (Central),DES MOINES,POLK,IA 163,IA 163/E UNIVERSITY AVE & E 26TH ST,Collision with:  Vehicle in traffic,On Roadway,Rear-end (front to rear),Driver Distraction:  Inattentive/lost in thought,None Indicated,,Daylight,Dry,Clear,None apparent,Non-intersection:  Non-junction/no special feature,Paved,,Property Damage Only,0,0,0,0,0,0,6000,3,3,,POINT (-93.567872981542 41.60049594234)
2014803923,14-17476,06/04/2014,06-June,4-Wednesday,13:18,1300 Hours,District 3 (Northwest),SIOUX CITY,WOODBURY,,3RD ST & PIERCE ST,Collision with:  Vehicle in traffic,On Roadway,Head-on (front to front),Ran Traffic Signal,None Indicated,,Daylight,Dry,Cloudy,None apparent,Intersection:  Four-way intersection,Paved,,Property Damage Only,0,0,0,0,0,0,7000,2,2,,POINT (-96.404913045546 42.493084939081)
2014802291,2014006126,06/04/2014,06-June,4-Wednesday,14:33,1400 Hours,District 6 (East Central),IOWA CITY,JOHNSON,,S GILBERT ST & SOUTHGATE AVE,Collision with:  Vehicle in traffic,On Roadway,Rear-end (front to rear),Followed too close,None Indicated,,Daylight,Dry,Cloudy,None apparent,Intersection:  Four-way intersection,Paved,,Property Damage Only,0,0,0,0,0,0,3000,2,2,,POINT (-91.533505683631 41.640686582052)
2014802239,02-14-8532,06/04/2014,06-June,4-Wednesday,08:00,0800 Hours,District 6 (East Central),,DUBUQUE,US 52,US 52 & BELLEVUE HTS,Collision with:  Vehicle in traffic,On Roadway,Broadside (front to side),FTYROW:  From stop sign,None Indicated,,Daylight,Dry,Cloudy,None apparent,Intersection:  Four-way intersection,Paved,,Possible/Unknown,0,1,0,0,1,0,11000,2,4,,POINT (-90.672148549838 42.45907176688)
2014802156,14-002685,06/04/2014,06-June,4-Wednesday,12:48,1200 Hours,District 1 (Central),AMES,STORY,,DUFF AVE,Collision with:  Vehicle in traffic,On Roadway,"Sideswipe, same direction",Improper or erratic lane changing,None Indicated,,Daylight,Dry,Cloudy,None apparent,Non-intersection:  Non-junction/no special feature,Paved,,Property Damage Only,0,0,0,0,0,0,3000,2,2,,POINT (-93.61062837643 42.032689004897)
2014802487,2014032997,06/04/2014,06-June,4-Wednesday,06:43,0600 Hours,District 4 (Southwest),,HARRISON,I-29,I-29,Collision with:  Vehicle in traffic,On Roadway,Rear-end (front to rear),Swerving/Evasive Action,None Indicated,,Daylight,Wet,Rain,None apparent,Non-intersection:  Non-junction/no special feature,Paved,,Possible/Unknown,0,1,0,0,1,0,12500,2,2,,POINT (-96.018013513258 41.64368318129)
2014801952,14-001203,06/04/2014,06-June,4-Wednesday,18:20,1800 Hours,District 1 (Central),ALTOONA,POLK,,ADVENTURELAND DR,Collision with:  Vehicle in traffic,On Roadway,"Angle, oncoming left turn",FTYROW:  Making left turn,None Indicated,,Daylight,Dry,Clear,None apparent,Non-intersection:  Driveway access (within),Paved,,Property Damage Only,0,0,0,0,0,0,1900,2,5,,POINT (-93.498204325544 41.658546166738)
2014801946,14-1233,06/04/2014,06-June,4-Wednesday,16:25,1600 Hours,District 1 (Central),URBANDALE,POLK,,86TH ST,Collision with:  Vehicle in traffic,On Roadway,"Sideswipe, same direction",Improper or erratic lane changing,None Indicated,,Daylight,Dry,Cloudy,None apparent,Non-intersection:  Driveway access (within),Paved,,Property Damage Only,0,0,0,0,0,0,5000,2,2,,POINT (-93.736569384649 41.630235375354)
2014801708,14-18734,06/04/2014,06-June,4-Wednesday,10:43,1000 Hours,District 5 (Southeast),BURLINGTON,DES MOINES,US 34,US 34/SE RAMP,Collision with:  Animal,On Roadway,Non-collision (single vehicle),Animal,None Indicated,,Daylight,Dry,Cloudy,None apparent,Non-intersection:  Non-junction/no special feature,Paved,,Property Damage Only,0,0,0,0,0,0,1600,1,1,,POINT (-91.13849298703 40.817793142162)
2014802050,14003714,06/04/2014,06-June,4-Wednesday,23:00,2300 Hours,District 1 (Central),WEBSTER CITY,HAMILTON,IA 17,IA 17/220TH ST,Collision with fixed object:  Other fixed object (explain in narrative),Outside trafficway,Non-collision (single vehicle),Driving too fast for conditions,None Indicated,,Dark - roadway not lighted,Wet,Rain,"Surface condition (e.g., wet, icy)",Non-intersection:  Driveway access (within),Paved,,Minor Injury,0,1,0,1,0,0,32500,1,1,,POINT (-93.90595307791 42.472120849092)
2014804411,01-14-23995,06/04/2014,06-June,4-Wednesday,11:39,1100 Hours,District 6 (East Central),DUBUQUE,DUBUQUE,,JOHN F KENNEDY RD,Collision with:  Vehicle in traffic,On Roadway,"Angle, oncoming left turn",FTYROW:  Making left turn,None Indicated,,Daylight,Wet,Cloudy,None apparent,Non-intersection:  Driveway access (within),Paved,,Property Damage Only,0,0,0,0,0,0,2300,2,3,,POINT (-90.717776009605 42.494624110416)
2014802489,2014033152,06/04/2014,06-June,4-Wednesday,21:52,2100 Hours,District 1 (Central),DES MOINES,POLK,I-235,I-235,Collision with:  Vehicle in traffic,On Roadway,Rear-end (front to rear),Followed too close,None Indicated,,Dark - roadway lighted,Dry,Cloudy,Work Zone (roadway-related),Non-intersection:  Non-junction/no special feature,Paved,Yes,Possible/Unknown,0,1,0,0,1,0,8500,2,2,,POINT (-93.689069025257 41.592348406694)
2014802474,14-17492,06/04/2014,06-June,4-Wednesday,15:25,1500 Hours,District 3 (Northwest),SIOUX CITY,WOODBURY,,FLOYD BLVD & OUTER DR N,Collision with:  Vehicle in traffic,On Roadway,Rear-end (front to rear),Other (explain in narrative):  Other,None Indicated,,Daylight,Dry,Clear,None apparent,Intersection:  Four-way intersection,Paved,,Property Damage Only,0,0,0,0,0,0,1600,2,2,,POINT (-96.370209070595 42.533983763228)
2014801933,20140015620,06/04/2014,06-June,4-Wednesday,14:09,1400 Hours,District 1 (Central),DES MOINES,POLK,I-235,I-235 & 56TH ST,Collision with:  Vehicle in traffic,On Roadway,Rear-end (front to rear),FTYROW:  Other (explain in narrative),None Indicated,,Daylight,Dry,Cloudy,None apparent,Intersection:  Intersection with ramp,Paved,,Property Damage Only,0,0,0,0,0,0,1500,2,2,,POINT (-93.693744471747 41.593103917922)
2014802043,2014-2531,06/05/2014,06-June,5-Thursday,17:23,1700 Hours,District 4 (Southwest),WAUKEE,DALLAS,,UNIVERSITY AVE,Collision with:  Vehicle in traffic,On Roadway,Rear-end (front to rear),Followed too close,None Indicated,,Daylight,Dry,Clear,None apparent,Non-intersection:  Non-junction/no special feature,Paved,,Property Damage Only,0,0,0,0,0,0,5000,3,4,,POINT (-93.845992542159 41.60042504781)
2014803096,SO14-0685,06/05/2014,06-June,5-Thursday,08:17,0800 Hours,District 2 (Northeast),,WRIGHT,IA 3,IA 3/IOWA 3,Collision with:  Non-motorist (see non-motorist section - NOT a unit),On Roadway,Non-collision (single vehicle),Other (explain in narrative):  Other,None Indicated,,Daylight,Dry,Clear,Work Zone (roadway-related),Non-intersection:  Non-junction/no special feature,Paved,Yes,Minor Injury,0,1,0,1,0,0,0,1,1,,POINT (-93.942909767037 42.731580718803)
2014802128,14-2639,06/05/2014,06-June,5-Thursday,19:51,1900 Hours,District 4 (Southwest),WEST DES MOINES,DALLAS,,UNIVERSITY AVE,Collision with:  Vehicle in traffic,On Roadway,Rear-end (front to rear),Followed too close,None Indicated,,Daylight,Dry,Clear,None apparent,Non-intersection:  Non-junction/no special feature,Paved,,Property Damage Only,0,0,0,0,0,0,2000,2,2,,POINT (-93.819125071906 41.600430473012)
2014828307,14060085,06/05/2014,06-June,5-Thursday,00:44,0000 Hours,District 5 (Southeast),EDDYVILLE,MAHASKA,US 63,US 63,Collision with:  Animal,,Non-collision (single vehicle),Animal,None Indicated,,,,,,,Paved,,Property Damage Only,0,0,0,0,0,0,3000,1,1,,POINT (-92.624520979196 41.166064479306)
2014802093,201407960,06/05/2014,06-June,5-Thursday,07:30,0700 Hours,District 6 (East Central),CEDAR RAPIDS,LINN,IA 922,IA 922/1ST AVE E & 32ND ST NE & 32ND ST DR SE,Collision with:  Non-motorist (see non-motorist section - NOT a unit),On Roadway,Non-collision (single vehicle),FTYROW:  Making left turn,None Indicated,,Daylight,Dry,Clear,None apparent,Intersection:  Four-way intersection,Paved,,Possible/Unknown,0,1,0,0,1,0,0,1,1,,POINT (-91.634962148168 42.009786173281)
2014801896,201407984,06/05/2014,06-June,5-Thursday,14:38,1400 Hours,District 6 (East Central),CEDAR RAPIDS,LINN,I-380,I-380 & 27TH AVE SW,Collision with fixed object:  Guardrail - face,On Roadway,Non-collision (single vehicle),Swerving/Evasive Action,None Indicated,,Daylight,Dry,Clear,None apparent,Non-intersection:  Other non-intersection (explain in narrative),Paved,,Property Damage Only,0,0,0,0,0,0,5513,1,2,,POINT (-91.670932857893 41.95137830443)
2014803545,2014033194,06/05/2014,06-June,5-Thursday,07:50,0700 Hours,District 6 (East Central),,JOHNSON,I-380,I-380,Collision with:  Vehicle in traffic,On Roadway,Rear-end (front to rear),Followed too close,None Indicated,,Daylight,Dry,Clear,None apparent,Non-intersection:  Non-junction/no special feature,Paved,,Minor Injury,0,1,0,1,0,0,15000,2,2,,POINT (-91.642375196787 41.734866936692)
2014802034,14-3300,06/05/2014,06-June,5-Thursday,14:36,1400 Hours,District 3 (Northwest),CHEROKEE,CHEROKEE,US 59,US 59/N 2ND ST,Collision with:  Vehicle in traffic,On Roadway,"Sideswipe, same direction",FTYROW:  Other (explain in narrative),None Indicated,,Daylight,Dry,Clear,None apparent,Non-intersection:  Non-junction/no special feature,Paved,,Property Damage Only,0,0,0,0,0,0,3500,2,2,,POINT (-95.552287560996 42.764196480643)
2014801950,14-2634,06/05/2014,06-June,5-Thursday,13:15,1300 Hours,District 1 (Central),WEST DES MOINES,POLK,,VINE ST,Collision with:  Vehicle in traffic,On Roadway,"Sideswipe, same direction",FTYROW:  From parked position,None Indicated,,Daylight,Dry,Cloudy,None apparent,Non-intersection:  Alley,Paved,,Property Damage Only,0,0,0,0,0,0,2700,2,2,,POINT (-93.708041947923 41.577299125469)
2014803737,2014033368,06/05/2014,06-June,5-Thursday,20:05,2000 Hours,District 4 (Southwest),,CASS,I-80,I-80,Collision with:  Animal,On Roadway,Non-collision (single vehicle),Animal,None Indicated,,Daylight,Dry,Cloudy,None apparent,Non-intersection:  Non-junction/no special feature,Paved,,Property Damage Only,0,0,0,0,0,0,3500,1,4,,POINT (-94.729693515762 41.496726843588)
2014802120,20140015751,06/05/2014,06-June,5-Thursday,18:30,1800 Hours,District 1 (Central),DES MOINES,POLK,,E SENECA AVE & E 8TH ST,Collision with:  Vehicle in traffic,On Roadway,Broadside (front to side),FTYROW:  From stop sign,None Indicated,,Daylight,Dry,Clear,None apparent,Intersection:  Four-way intersection,Paved,,Property Damage Only,0,0,0,0,0,0,6500,2,2,,POINT (-93.608398186476 41.631318469085)
2014802175,14055553,06/05/2014,06-June,5-Thursday,14:04,1400 Hours,District 2 (Northeast),CEDAR FALLS,BLACK HAWK,,12TH ST & CLAY ST,Collision with:  Vehicle in traffic,On Roadway,Broadside (front to side),FTYROW:  From stop sign,None Indicated,,Daylight,Dry,Clear,None apparent,Intersection:  Four-way intersection,Paved,,Property Damage Only,0,0,0,0,0,0,4000,2,2,,POINT (-92.448167825471 42.527642486848)
2014802180,W14-055587,06/05/2014,06-June,5-Thursday,16:00,1600 Hours,District 2 (Northeast),WATERLOO,BLACK HAWK,,MARTIN LUTHER KING JR DR,Non-collision events:  Other non-collision (explain in narrative),On Roadway,Non-collision (single vehicle),Ran off road - left,None Indicated,,Daylight,Dry,Clear,None apparent,Non-intersection:  Non-junction/no special feature,Paved,,Property Damage Only,0,0,0,0,0,0,1500,1,1,,POINT (-92.300006348312 42.506435117354)
2014802094,201407963,06/05/2014,06-June,5-Thursday,08:17,0800 Hours,District 6 (East Central),CEDAR RAPIDS,LINN,,27TH ST NE & EASTERN AVE NE,Collision with:  Vehicle in traffic,On Roadway,Broadside (front to side),FTYROW:  Other (explain in narrative),None Indicated,,Daylight,Dry,Clear,None apparent,Intersection:  Four-way intersection,Paved,,Property Damage Only,0,0,0,0,0,0,3000,2,3,,POINT (-91.648034645039 42.005509765381)
2014802353,20140015744,06/05/2014,06-June,5-Thursday,17:39,1700 Hours,District 1 (Central),DES MOINES,POLK,,UNIVERSITY AVE & 41ST ST,Collision with:  Vehicle in traffic,On Roadway,"Angle, oncoming left turn",FTYROW:  Making left turn,None Indicated,,Daylight,Dry,Cloudy,None apparent,Non-intersection:  Driveway access (within),Paved,,Minor Injury,0,2,0,2,0,0,10500,3,4,,POINT (-93.6728943037 41.600343552071)
2014802137,14-023016,06/05/2014,06-June,5-Thursday,18:55,1800 Hours,District 4 (Southwest),COUNCIL BLUFFS,POTTAWATTAMIE,,5TH AVE & S 4TH ST,Collision with:  Vehicle in traffic,On Roadway,"Angle, oncoming left turn",Other (explain in narrative):  Other,None Indicated,,Daylight,Dry,Cloudy,None apparent,Intersection:  Four-way intersection,Paved,,Minor Injury,0,1,0,1,0,0,2500,2,2,,POINT (-95.849820071848 41.256960494448)
2014811926,14003811,06/05/2014,06-June,5-Thursday,11:30,1100 Hours,District 3 (Northwest),EMMETSBURG,PALO ALTO,,5TH ST & LAKE ST,Collision with fixed object:  Utility pole/light support,Outside trafficway,Non-collision (single vehicle),"Operating vehicle in an reckless, erratic, careless, negligent manner",None Indicated,,Daylight,Dry,Clear,None apparent,Non-intersection:  Non-junction/no special feature,Paved,,Possible/Unknown,0,1,0,0,1,0,700,1,2,,POINT (-94.680241532414 43.115606697576)
2014802158,14-0306,06/05/2014,06-June,5-Thursday,06:09,0600 Hours,District 1 (Central),FORT DODGE,WEBSTER,,Co Rd D14/170TH ST & MADISON AVE,Collision with fixed object:  Bridge overhead structure,On Roadway,Non-collision (single vehicle),Lost Control,None Indicated,,Dawn,Dry,Clear,None apparent,Intersection:  Four-way intersection,Paved,,Possible/Unknown,0,1,0,0,1,0,5000,1,1,,POINT (-94.218519112704 42.543646811125)
2014804184,01-14-24296,06/05/2014,06-June,5-Thursday,21:25,2100 Hours,District 6 (East Central),DUBUQUE,DUBUQUE,,W 16TH ST,Collision with:  Parked motor vehicle,On Roadway,"Sideswipe, same direction",Other (explain in narrative):  Other,Alcohol (Statutory),,Dark - roadway lighted,Dry,Clear,None apparent,Non-intersection:  Non-junction/no special feature,Paved,,Property Damage Only,0,0,0,0,0,0,1500,2,1,,POINT (-90.668814204074 42.507929433013)
2014801942,20140015697,06/05/2014,06-June,5-Thursday,08:25,0800 Hours,District 1 (Central),DES MOINES,POLK,,6TH AVE,Collision with:  Vehicle in traffic,On Roadway,"Sideswipe, same direction",Other (explain in narrative):  Other,None Indicated,,Daylight,Dry,Cloudy,None apparent,Non-intersection:  Non-junction/no special feature,Paved,,Property Damage Only,0,0,0,0,0,0,3500,2,2,,POINT (-93.625764988967 41.600970030165)
2014802033,14003299,06/05/2014,06-June,5-Thursday,16:37,1600 Hours,District 2 (Northeast),,CERRO GORDO,,Co Rd S25/GROUSE AVE,Collision with:  Vehicle in traffic,On Roadway,Rear-end (front to rear),Other (explain in narrative):  Other,None Indicated,,Daylight,Dry,Cloudy,None apparent,Non-intersection:  Non-junction/no special feature,Paved,,Property Damage Only,0,0,0,0,0,0,1500,2,3,,POINT (-93.378663065315 43.094252180534)
2014802490,2014033356,06/05/2014,06-June,5-Thursday,16:48,1600 Hours,District 3 (Northwest),,SIOUX,,Co Rd B14/290TH ST & GOLDFINCH AVE,Collision with:  Vehicle in traffic,On Roadway,Broadside (front to side),FTYROW:  At uncontrolled intersection,None Indicated,,Daylight,Wet,Rain,None apparent,Intersection:  Four-way intersection,Unpaved,,Property Damage Only,0,0,0,0,0,0,13000,2,2,,POINT (-96.216185883323 43.229478978372)
2014809881,14-000653,06/05/2014,06-June,5-Thursday,17:10,1700 Hours,District 1 (Central),JOHNSTON,POLK,,NW 49TH ST,Collision with:  Non-motorist (see non-motorist section - NOT a unit),On Roadway,Non-collision (single vehicle),Other (explain in narrative):  No improper action,None Indicated,,Daylight,Dry,Cloudy,None apparent,Non-intersection:  Non-junction/no special feature,Paved,,Minor Injury,0,1,0,1,0,0,250,1,2,,POINT (-93.685207266868 41.669598976112)
2014802117,20140015723,06/05/2014,06-June,5-Thursday,14:24,1400 Hours,District 1 (Central),DES MOINES,POLK,IA 163,IA 163/E UNIVERSITY AVE & HUBBELL AVE,Collision with:  Vehicle in traffic,On Roadway,Rear-end (front to rear),Followed too close,None Indicated,,Daylight,Dry,Clear,None apparent,Non-intersection:  Non-junction/no special feature,Paved,,Property Damage Only,0,0,0,0,0,0,1500,2,4,,POINT (-93.578576806758 41.600487608568)
2014803348,14-05227,06/05/2014,06-June,5-Thursday,11:29,1100 Hours,District 5 (Southeast),MOUNT PLEASANT,HENRY,,E WASHINGTON ST,Collision with:  Vehicle in traffic,On Roadway,Rear-end (front to rear),Exceeded authorized speed,None Indicated,,Daylight,Dry,Clear,None apparent,Non-intersection:  Non-junction/no special feature,Paved,,Property Damage Only,0,0,0,0,0,0,2500,2,2,,POINT (-91.547502307528 40.964860048742)
2014802837,86-14,06/05/2014,06-June,5-Thursday,14:40,1400 Hours,District 3 (Northwest),ROCK VALLEY,SIOUX,,14TH ST & 16TH ST,Collision with:  Vehicle in traffic,On Roadway,Rear-end (front to rear),Improper Backing,None Indicated,,Daylight,Dry,Clear,None apparent,Non-intersection:  Non-junction/no special feature,Paved,,Property Damage Only,0,0,0,0,0,0,1500,2,2,,POINT (-96.2949059639 43.204141636663)
2014802281,2014006157,06/05/2014,06-June,5-Thursday,10:20,1000 Hours,District 6 (East Central),IOWA CITY,JOHNSON,I-80,I-80,Collision with fixed object:  Guardrail - face,Outside trafficway,Non-collision (single vehicle),Ran off road - right,None Indicated,,Daylight,Dry,Clear,None apparent,Non-intersection:  Other non-intersection (explain in narrative),Paved,,Possible/Unknown,0,1,0,0,1,0,7000,1,1,,POINT (-91.498625146743 41.6867114528)