Iowa DOT Case Number,Law Enforcement Case Number,Date of Crash,Month of Crash,Day of Week,Time of Crash,Hour,DOT District,City Name,County Name,Route with System,Location Description,First Harmful Event,Location of First Harmful Event,Manner of Crash/Collision,Major Cause,Drug or Alcohol ,Environmental Conditions,Light Conditions,Surface Conditions,Weather Conditions,Roadway Contribution,Roadway Type,Roadway Surface,Work Zone,Crash Severity,Number of Fatalities,Number of Injuries,Number of Major Injuries,Number of Minor Injuries,Number of Possible Injuries,Number of Unknown Injuries,Amount of Property Damage,Number of Vehicles Involved,Total Number of Occupants,Travel Direction,Location
2014803576,2014033213,06/05/2014,06-June,5-Thursday,10:00,1000 Hours,District 6 (East Central),CORALVILLE,JOHNSON,I-80,I-80,Collision with:  Vehicle in traffic,On Roadway,Rear-end (front to rear),Ran off road - left,None Indicated,,Daylight,Dry,Clear,None apparent,Non-intersection:  Non-junction/no special feature,Paved,,Property Damage Only,0,0,0,0,0,0,5500,2,2,,POINT (-91.567263419637 41.685912526771)
2014801928,14-3720,06/05/2014,06-June,5-Thursday,12:06,1200 Hours,District 1 (Central),BONDURANT,POLK,,32ND ST SW,Collision with:  Vehicle in traffic,On Roadway,Broadside (front to side),FTYROW:  From yield sign,None Indicated,,Daylight,Dry,Cloudy,None apparent,Intersection:  Four-way intersection,Paved,,Possible/Unknown,0,1,0,0,1,0,6000,2,3,,POINT (-93.480441197354 41.673177351871)
2014802007,14008012,06/05/2014,06-June,5-Thursday,19:39,1900 Hours,District 5 (Southeast),,APPANOOSE,,Co Rd J45/260TH AVE,Collision with fixed object:  Ditch,On Roadway,Non-collision (single vehicle),Swerving/Evasive Action,None Indicated,,Daylight,"Mud, dirt",Clear,None apparent,Non-intersection:  Non-junction/no special feature,Unpaved,,Property Damage Only,0,0,0,0,0,0,3500,1,1,,POINT (-92.791153754623 40.691252060727)
2014802118,20140015746,06/05/2014,06-June,5-Thursday,18:10,1800 Hours,District 1 (Central),DES MOINES,POLK,,PLEASANT ST & 8TH ST & 8TH PL,Collision with:  Vehicle in traffic,On Roadway,"Sideswipe, same direction",Made improper turn,None Indicated,,Daylight,Dry,Clear,None apparent,Intersection:  Other intersection (explain in narrative),Paved,,Property Damage Only,0,0,0,0,0,0,3500,2,4,,POINT (-93.628261084422 41.58860749157)
2014802352,20140015734,06/05/2014,06-June,5-Thursday,15:50,1500 Hours,District 1 (Central),DES MOINES,POLK,US 69,US 69/SE 14TH ST,Collision with:  Vehicle in traffic,On Roadway,Rear-end (front to rear),Followed too close,None Indicated,,Daylight,Dry,Clear,None apparent,Non-intersection:  Non-junction/no special feature,Paved,,Possible/Unknown,0,2,0,0,2,0,16000,3,6,,POINT (-93.596849165223 41.585784441976)
2014802040,141552,06/05/2014,06-June,5-Thursday,21:24,2100 Hours,District 3 (Northwest),,CRAWFORD,,F AVE,Collision with:  Animal,,,Animal,None Indicated,,,,,,,Unpaved,,Property Damage Only,0,0,0,0,0,0,2500,1,1,,POINT (-95.622527253046 42.138950972067)
2014802433,14-000831,06/05/2014,06-June,5-Thursday,19:19,1900 Hours,District 1 (Central),AMES,STORY,,IOWA STATE UNIVERSITY & MORTENSON RD & HAYWARD AVE,Collision with:  Vehicle in traffic,On Roadway,"Angle, oncoming left turn",FTYROW:  Making left turn,None Indicated,,Daylight,Dry,Clear,None apparent,Intersection:  Four-way intersection,Paved,,Property Damage Only,0,0,0,0,0,0,11000,2,3,,POINT (-93.651671744374 42.011865283273)
2014809327,060514A,06/05/2014,06-June,5-Thursday,15:39,1500 Hours,District 4 (Southwest),,FREMONT,I-29,I-29,Collision with:  Vehicle in traffic,On Roadway,Rear-end (front to rear),Swerving/Evasive Action,None Indicated,,Daylight,Dry,Cloudy,None apparent,"Interchange-related:  Off-ramp, diverge area",Paved,,Property Damage Only,0,0,0,0,0,0,1600,2,5,,POINT (-95.781102341036 40.687837732516)
2014802224,01-14-24245,06/05/2014,06-June,5-Thursday,17:15,1700 Hours,District 6 (East Central),DUBUQUE,DUBUQUE,,W 12TH ST & LOCUST ST S,Collision with:  Vehicle in traffic,On Roadway,"Sideswipe, same direction",Made improper turn,None Indicated,,Daylight,Dry,Clear,None apparent,Intersection:  Other intersection (explain in narrative),Paved,,Property Damage Only,0,0,0,0,0,0,3000,2,3,,POINT (-90.670039256323 42.503784947428)
2014803136,14-013471,06/05/2014,06-June,5-Thursday,12:52,1200 Hours,District 5 (Southeast),,MARION,,Co Rd G28/HWY G28,Collision with:  Vehicle in traffic,On Roadway,Rear-end (front to rear),Swerving/Evasive Action,None Indicated,,Daylight,Dry,Clear,None apparent,Intersection:  Other intersection (explain in narrative),Paved,,Property Damage Only,0,0,0,0,0,0,4000,2,2,,POINT (-93.013759086523 41.407733079326)
2014803230,2014033306,06/05/2014,06-June,5-Thursday,14:33,1400 Hours,District 3 (Northwest),,SIOUX,IA 60,IA 60/IOWA 60,Collision with:  Vehicle in traffic,On Roadway,Rear-end (front to rear),Lost Control,Drug,,Daylight,Dry,Cloudy,None apparent,Non-intersection:  Non-junction/no special feature,Paved,,Property Damage Only,0,0,0,0,0,0,6100,2,2,,POINT (-95.976679662804 43.010163498834)
2014803662,201400001897,06/05/2014,06-June,5-Thursday,17:14,1700 Hours,District 6 (East Central),,LINN,,Co Rd E36/BLAIRS FERRY RD & DEER RIDGE DR,Collision with:  Vehicle in traffic,On Roadway,Rear-end (front to rear),Followed too close,None Indicated,,Daylight,Dry,Cloudy,None apparent,Intersection:  T-intersection,Paved,,Fatal,1,1,0,0,1,0,29000,2,2,,POINT (-91.751715268353 42.065955260601)
2014802870,CL14001858,06/05/2014,06-June,5-Thursday,20:17,2000 Hours,District 6 (East Central),CLINTON,CLINTON,,5TH AVE N,Collision with:  Non-motorist (see non-motorist section - NOT a unit),On Roadway,Non-collision (single vehicle),Other (explain in narrative):  No improper action,None Indicated,,Daylight,Dry,Clear,None apparent,Non-intersection:  Non-junction/no special feature,Paved,,Possible/Unknown,0,1,0,0,1,0,2550,1,2,,POINT (-90.190421237618 41.849368821969)
2014804217,201400001898,06/05/2014,06-June,5-Thursday,18:37,1800 Hours,District 6 (East Central),,LINN,,Co Rd E16/SAWYER RD,Collision with:  Vehicle in traffic,On Roadway,"Sideswipe, opposite direction",Crossed centerline (undivided),None Indicated,,Daylight,Dry,Cloudy,None apparent,Non-intersection:  Non-junction/no special feature,Paved,,Minor Injury,0,2,0,2,0,0,800,2,2,,POINT (-91.490537897815 42.202177811354)
2014802637,2014-37213,06/05/2014,06-June,5-Thursday,17:48,1700 Hours,District 6 (East Central),DAVENPORT,SCOTT,,KIMBERLY RD,Non-collision events:  Other non-collision (explain in narrative),On Roadway,Non-collision (single vehicle),Other (explain in narrative):  No improper action,None Indicated,,Daylight,Dry,Clear,None apparent,Intersection:  Other intersection (explain in narrative),Paved,,Possible/Unknown,0,1,0,0,1,0,1500,1,1,,POINT (-90.526819536318 41.553287929959)
2014803736,2014033327,06/05/2014,06-June,5-Thursday,16:28,1600 Hours,District 4 (Southwest),,DALLAS,I-80,I-80 & Co Rd R16/R AVE,Collision with:  Vehicle in traffic,On Roadway,"Sideswipe, same direction",Lost Control,None Indicated,,Daylight,Dry,Cloudy,None apparent,Non-intersection:  Non-junction/no special feature,Paved,,Property Damage Only,0,0,0,0,0,0,3250,2,2,,POINT (-93.954312755597 41.548974518779)
2014826442,2014-0004077,06/05/2014,06-June,5-Thursday,10:49,1000 Hours,District 6 (East Central),LE CLAIRE,SCOTT,,EAGLE RIDGE RD,Collision with fixed object:  Other fixed object (explain in narrative),Outside trafficway,Non-collision (single vehicle),Equipment failure,None Indicated,,Daylight,Dry,Clear,None apparent,Non-intersection:  Non-junction/no special feature,Paved,,Property Damage Only,0,0,0,0,0,0,54000,1,2,,POINT (-90.362633942495 41.586526457538)
2014802910,86-2014,06/05/2014,06-June,5-Thursday,11:15,1100 Hours,District 4 (Southwest),,HARRISON,US 30,US 30 & 225TH ST & QUINCY TRL,Collision with:  Vehicle in traffic,On Roadway,Rear-end (front to rear),Swerving/Evasive Action,None Indicated,,Daylight,Dry,Clear,None apparent,Intersection:  T-intersection,Paved,,Property Damage Only,0,0,0,0,0,0,2500,2,2,,POINT (-95.723245021584 41.682877913279)
2014802013,W14-055606,06/05/2014,06-June,5-Thursday,17:05,1700 Hours,District 2 (Northeast),WATERLOO,BLACK HAWK,,COMMERCIAL ST,Collision with:  Vehicle in traffic,On Roadway,Broadside (front to side),Ran Traffic Signal,None Indicated,,Daylight,Dry,Clear,None apparent,Intersection:  Four-way intersection,Paved,,Property Damage Only,0,0,0,0,0,0,2500,2,2,,POINT (-92.344832845176 42.498432807054)
2014802223,01-14-24239,06/05/2014,06-June,5-Thursday,16:29,1600 Hours,District 6 (East Central),DUBUQUE,DUBUQUE,,LORAS BLVD & IOWA ST,Collision with:  Vehicle in traffic,On Roadway,"Angle, oncoming left turn",FTYROW:  Making left turn,None Indicated,,Daylight,Dry,Clear,None apparent,Intersection:  Four-way intersection,Paved,,Possible/Unknown,0,1,0,0,1,0,6000,2,3,,POINT (-90.668725015695 42.506072545515)
2014802479,14-17646,06/05/2014,06-June,5-Thursday,20:39,2000 Hours,District 3 (Northwest),SIOUX CITY,WOODBURY,,WASHINGTON AVE & S HELEN ST,Collision with:  Vehicle in traffic,On Roadway,Rear-end (front to rear),FTYROW:  Other (explain in narrative),None Indicated,,Daylight,Dry,Clear,None apparent,Intersection:  Four-way intersection,Paved,,Property Damage Only,0,0,0,0,0,0,2100,2,3,,POINT (-96.36957413868 42.486647823537)
2014803232,2014033388,06/05/2014,06-June,5-Thursday,23:14,2300 Hours,District 6 (East Central),,CEDAR,I-80,I-80,,On Roadway,Non-collision (single vehicle),Ran off road - left,None Indicated,,Dark - roadway not lighted,Dry,Clear,None apparent,Non-intersection:  Non-junction/no special feature,Paved,,Minor Injury,0,2,0,2,0,0,2000,1,2,,POINT (-91.059774060586 41.641626607366)
2014802079,201400001900,06/05/2014,06-June,5-Thursday,20:51,2000 Hours,District 6 (East Central),WALKER,LINN,,GREENE ST,Collision with:  Vehicle in traffic,On Roadway,Rear-end (front to rear),Separation of units,None Indicated,,Dark - roadway lighted,Dry,Cloudy,None apparent,Non-intersection:  Non-junction/no special feature,Paved,,Minor Injury,0,1,0,1,0,0,1300,2,1,,POINT (-91.780844255576 42.28658674494)
2014803095,SO14-0682,06/05/2014,06-June,5-Thursday,00:10,0000 Hours,District 2 (Northeast),,WRIGHT,US 69,US 69,Collision with:  Animal,,,Animal,None Indicated,,,,,,,Paved,,Property Damage Only,0,0,0,0,0,0,2000,1,1,,POINT (-93.637011073355 42.56090922122)
2014802257,C14001738,06/05/2014,06-June,5-Thursday,17:00,1700 Hours,District 6 (East Central),CORALVILLE,JOHNSON,,CORAL RIDGE AVE,Collision with:  Vehicle in traffic,On Roadway,Rear-end (front to rear),Followed too close,None Indicated,,Daylight,Dry,Cloudy,None apparent,Non-intersection:  Non-junction/no special feature,Paved,,Property Damage Only,0,0,0,0,0,0,2500,2,2,,POINT (-91.608119312505 41.706923242751)
2014802114,14-002432,06/05/2014,06-June,5-Thursday,14:36,1400 Hours,District 1 (Central),ANKENY,POLK,,SW STATE ST & SW PRAIRIE TRAIL PKWY,Collision with:  Vehicle in traffic,On Roadway,Broadside (front to side),FTYROW:  From stop sign,None Indicated,,Daylight,Dry,Cloudy,None apparent,Intersection:  Four-way intersection,Paved,,Property Damage Only,0,0,0,0,0,0,7500,2,5,,POINT (-93.622372134829 41.709830812908)
2014836145,14-03743,06/05/2014,06-June,5-Thursday,16:55,1600 Hours,District 2 (Northeast),OELWEIN,FAYETTE,,FREDERICK AVE S,Collision with:  Vehicle in traffic,On Roadway,Head-on (front to front),Made improper turn,None Indicated,,Daylight,Dry,Clear,None apparent,Non-intersection:  Non-junction/no special feature,Paved,,Property Damage Only,0,0,0,0,0,0,10000,2,2,,POINT (-91.91364560341 42.648126138578)
2014802204,CL14001862,06/05/2014,06-June,5-Thursday,23:43,2300 Hours,District 6 (East Central),CLINTON,CLINTON,,S 6TH ST,Collision with:  Parked motor vehicle,On Roadway,"Sideswipe, same direction",Unknown,None Indicated,,Dark - roadway not lighted,Dry,Cloudy,None apparent,Non-intersection:  Non-junction/no special feature,Paved,,Property Damage Only,0,0,0,0,0,0,5000,3,1,,POINT (-90.198908612971 41.839255740116)
2014801988,2014033243,06/05/2014,06-June,5-Thursday,04:00,0400 Hours,District 5 (Southeast),,WARREN,US 65,US 65,Collision with:  Animal,,,Animal,None Indicated,,,,,,,Paved,,Property Damage Only,0,0,0,0,0,0,2000,1,1,,POINT (-93.500328583509 41.254812714169)
2014802480,14-17654,06/05/2014,06-June,5-Thursday,21:33,2100 Hours,District 3 (Northwest),SIOUX CITY,WOODBURY,,OUTER DR N,Collision with:  Animal,,,Animal,None Indicated,,,,,,,Paved,,Property Damage Only,0,0,0,0,0,0,1500,1,1,,POINT (-96.389851339029 42.541021508021)
2014803205,2014-11905,06/05/2014,06-June,5-Thursday,12:30,1200 Hours,District 5 (Southeast),,WARREN,IA 92,IA 92/IOWA 92 & Co Rd S23/HWY S23,Non-collision events:  Overturn/rollover,On Roadway,Non-collision (single vehicle),Swerving/Evasive Action,None Indicated,,Daylight,Dry,Cloudy,None apparent,Non-intersection:  Non-junction/no special feature,Paved,,Property Damage Only,0,0,0,0,0,0,15000,1,5,,POINT (-93.438784122843 41.372362139976)
2014802095,201407969,06/05/2014,06-June,5-Thursday,09:57,0900 Hours,District 6 (East Central),CEDAR RAPIDS,LINN,,STONY POINT RD SW & 16TH AVE SW,Collision with:  Vehicle in traffic,On Roadway,Broadside (front to side),Ran Traffic Signal,None Indicated,,Daylight,Wet,Clear,None apparent,Intersection:  Four-way intersection,Paved,,Property Damage Only,0,0,0,0,0,0,2500,2,3,,POINT (-91.755033825619 41.964065670439)
2014802014,W14-055647,06/05/2014,06-June,5-Thursday,18:25,1800 Hours,District 2 (Northeast),WATERLOO,BLACK HAWK,US 218,US 218 & W 9TH ST,Collision with:  Vehicle in traffic,On Roadway,"Sideswipe, same direction",FTYROW:  Other (explain in narrative),None Indicated,,Daylight,Dry,Clear,None apparent,Intersection:  Four-way intersection,Paved,,Property Damage Only,0,0,0,0,0,0,2500,2,3,,POINT (-92.336942320379 42.489624749356)
2014802764,20141949,06/05/2014,06-June,5-Thursday,22:15,2200 Hours,District 1 (Central),,GRUNDY,IA 175,IA 175/DIAGONAL RD,Collision with:  Animal,,,Animal,None Indicated,,,,,,,Paved,,Property Damage Only,0,0,0,0,0,0,3500,1,1,,POINT (-92.693541615634 42.349027460358)
2014802039,CL14001861,06/05/2014,06-June,5-Thursday,23:31,2300 Hours,District 6 (East Central),CLINTON,CLINTON,,8TH AVE S & S 8TH ST,Collision with:  Parked motor vehicle,Outside trafficway,Broadside (front to side),"Operating vehicle in an reckless, erratic, careless, negligent manner",Alcohol (Statutory),,Dark - roadway lighted,Dry,Cloudy,None apparent,Non-intersection:  Non-junction/no special feature,Paved,,Property Damage Only,0,0,0,0,0,0,6000,2,2,,POINT (-90.204040800479 41.837552718703)
2014816757,01-14-24202,06/05/2014,06-June,5-Thursday,12:47,1200 Hours,District 6 (East Central),DUBUQUE,DUBUQUE,US 20,US 20/DODGE ST/RAMP,Collision with:  Vehicle in traffic,On Roadway,Rear-end (front to rear),Lost Control,None Indicated,,Daylight,Dry,Clear,None apparent,Interchange-related:  On-ramp,Paved,,Property Damage Only,0,0,0,0,0,0,2600,2,3,,POINT (-90.679580202432 42.49064188007)
2014803125,14-8236,06/05/2014,06-June,5-Thursday,19:54,1900 Hours,District 6 (East Central),,JACKSON,US 52,US 52/GREAT RIVER RD,Collision with:  Animal,On Roadway,Non-collision (single vehicle),Animal,None Indicated,,Dusk,Dry,Cloudy,None apparent,Non-intersection:  Non-junction/no special feature,Paved,,Minor Injury,0,1,0,1,0,0,6000,1,1,,POINT (-90.217739932559 42.11612170056)
2014802181,W14-055696,06/05/2014,06-June,5-Thursday,20:56,2000 Hours,District 2 (Northeast),WATERLOO,BLACK HAWK,IA 934,IA 934/UNIVERSITY AVE,Collision with:  Vehicle in traffic,On Roadway,Rear-end (front to rear),Unknown,None Indicated,,Dark - roadway lighted,Dry,Clear,None apparent,Non-intersection:  Other non-intersection (explain in narrative),Paved,,Property Damage Only,0,0,0,0,0,0,2500,2,3,,POINT (-92.363063394477 42.496058971244)
2014806694,2014033304,06/05/2014,06-June,5-Thursday,11:45,1100 Hours,District 3 (Northwest),,MONONA,I-29,I-29,Collision with:  Vehicle in traffic,Median,Head-on (front to front),Crossed centerline (undivided),None Indicated,,Daylight,Dry,Cloudy,None apparent,Non-intersection:  Non-junction/no special feature,Paved,,Minor Injury,0,5,0,5,0,0,20000,2,5,,POINT (-96.175532965647 42.080562818808)
2014802112,14-3732,06/05/2014,06-June,5-Thursday,17:23,1700 Hours,District 1 (Central),BONDURANT,POLK,,2ND ST SE,Collision with:  Vehicle in traffic,On Roadway,Broadside (front to side),Other (explain in narrative):  Vision obstructed,None Indicated,,Daylight,Dry,Cloudy,None apparent,Non-intersection:  Driveway access (within),Paved,,Property Damage Only,0,0,0,0,0,0,3000,2,4,,POINT (-93.459738013293 41.699607876097)
2014802512,,06/05/2014,06-June,5-Thursday,06:39,0600 Hours,District 2 (Northeast),,FLOYD,IA 14,IA 14/IOWA 14 & Co Rd B60/270TH ST,Collision with:  Vehicle in traffic,On Roadway,Broadside (front to side),Ran Stop Sign,None Indicated,,Daylight,,Cloudy,,Intersection:  Four-way intersection,Paved,,Property Damage Only,0,0,0,0,0,0,7500,2,2,,POINT (-92.810212052342 42.96532788672)
2014802706,14000253,06/05/2014,06-June,5-Thursday,11:53,1100 Hours,District 5 (Southeast),ALBIA,MONROE,IA 5,IA 5/N MAIN ST & A AVE W & A AVE E,Collision with:  Vehicle in traffic,On Roadway,Broadside (front to side),Ran Stop Sign,None Indicated,,Daylight,Dry,Clear,None apparent,Intersection:  Four-way intersection,Paved,,Possible/Unknown,0,1,0,0,1,0,5000,2,5,,POINT (-92.807115471703 41.028087817695)
2014802038,CL14001860,06/05/2014,06-June,5-Thursday,22:12,2200 Hours,District 6 (East Central),CLINTON,CLINTON,,13TH AVE S,Collision with:  Other non-fixed object (explain in narrative),Outside trafficway,Unknown,Over correcting/over steering,None Indicated,,Dark - roadway not lighted,Dry,Cloudy,None apparent,Non-intersection:  Non-junction/no special feature,Paved,,Property Damage Only,0,0,0,0,0,0,3000,1,3,,POINT (-90.224100410495 41.831780641873)
2014802121,20140015695,06/05/2014,06-June,5-Thursday,07:00,0700 Hours,District 1 (Central),DES MOINES,POLK,,CROCKER ST & 2ND AVE,Collision with:  Vehicle in traffic,On Roadway,Rear-end (front to rear),Other (explain in narrative):  Other,None Indicated,,Daylight,Dry,Cloudy,None apparent,Non-intersection:  Non-junction/no special feature,Paved,,Property Damage Only,0,0,0,0,0,0,3000,2,2,,POINT (-93.620364395789 41.593388184641)
2014801864,14-7890,06/05/2014,06-June,5-Thursday,11:39,1100 Hours,District 3 (Northwest),SPENCER,CLAY,US 18,US 18/HIGHWAY BLVD & W 18TH ST & E 18TH ST,Collision with:  Vehicle in traffic,On Roadway,Broadside (front to side),FTYROW:  Making left turn,None Indicated,,Daylight,Dry,Clear,None apparent,Intersection:  Four-way intersection,Paved,,Possible/Unknown,0,1,0,0,0,1,2500,2,3,,POINT (-95.146291655109 43.15570611808)
2014801941,20140015688,06/05/2014,06-June,5-Thursday,03:12,0300 Hours,District 1 (Central),DES MOINES,POLK,,HICKMAN RD,Collision with:  Non-motorist (see non-motorist section - NOT a unit),On Roadway,Non-collision (single vehicle),Other (explain in narrative):  No improper action,None Indicated,,Dark - roadway lighted,Dry,Cloudy,None apparent,Non-intersection:  Non-junction/no special feature,Paved,,Major Injury,0,1,1,0,0,0,1000,1,1,,POINT (-93.679850858024 41.614885296086)
2014802339,14-0641,06/05/2014,06-June,5-Thursday,13:30,1300 Hours,District 1 (Central),CLIVE,POLK,,CLARK ST & NW 100TH ST,Collision with:  Vehicle in traffic,On Roadway,Broadside (front to side),"Operating vehicle in an reckless, erratic, careless, negligent manner",None Indicated,,Daylight,Dry,Clear,None apparent,Intersection:  Four-way intersection,Paved,,Property Damage Only,0,0,0,0,0,0,7000,2,3,,POINT (-93.755475291153 41.604307117464)
2014802037,CL14001847,06/05/2014,06-June,5-Thursday,12:00,1200 Hours,District 6 (East Central),CLINTON,CLINTON,,HARTS MILL RD,Collision with:  Vehicle in traffic,On Roadway,Broadside (front to side),Crossed centerline (undivided),None Indicated,,Daylight,Dry,Clear,None apparent,Non-intersection:  Non-junction/no special feature,Paved,,Property Damage Only,0,0,0,0,0,0,6000,2,2,,POINT (-90.252994045582 41.829386824864)
2014802636,2014-37176,06/05/2014,06-June,5-Thursday,14:02,1400 Hours,District 6 (East Central),DAVENPORT,SCOTT,I-74,I-74 & E 53RD ST,Collision with:  Vehicle in traffic,On Roadway,Rear-end (front to rear),Followed too close,None Indicated,,Daylight,Dry,Cloudy,None apparent,Interchange-related:  Off-ramp,Paved,,Property Damage Only,0,0,0,0,0,0,8000,2,3,,POINT (-90.520251225371 41.574860648392)
2014802113,14-3733,06/05/2014,06-June,5-Thursday,17:49,1700 Hours,District 1 (Central),PLEASANT HILL,POLK,,NE 56TH ST,Collision with:  Vehicle in traffic,On Roadway,Rear-end (front to rear),Lost Control,None Indicated,,Daylight,Dry,Clear,None apparent,Intersection:  Four-way intersection,Paved,,Property Damage Only,0,0,0,0,0,0,1500,2,3,,POINT (-93.503340075837 41.597734121132)
2014802202,CL14001845,06/05/2014,06-June,5-Thursday,11:17,1100 Hours,District 6 (East Central),CLINTON,CLINTON,,25TH AVE N & GARFIELD ST,Collision with:  Vehicle in traffic,On Roadway,Broadside (front to side),FTYROW:  From stop sign,None Indicated,,Daylight,Dry,Clear,None apparent,Intersection:  Four-way intersection,Paved,,Property Damage Only,0,0,0,0,0,0,4000,2,2,,POINT (-90.176968796255 41.873417064606)
2014802203,CL14001852,06/05/2014,06-June,5-Thursday,17:05,1700 Hours,District 6 (East Central),CLINTON,CLINTON,US 67,US 67/N 2ND ST & 18TH AVE N,Collision with:  Vehicle in traffic,On Roadway,Rear-end (front to rear),Followed too close,None Indicated,,Daylight,Dry,Clear,None apparent,Non-intersection:  Non-junction/no special feature,Paved,,Property Damage Only,0,0,0,0,0,0,2000,2,3,,POINT (-90.182632242076 41.86491080538)
2014803042,2014-37103,06/05/2014,06-June,5-Thursday,07:48,0700 Hours,District 6 (East Central),DAVENPORT,SCOTT,,W 4TH ST & GAINES ST,Collision with:  Vehicle in traffic,On Roadway,"Sideswipe, same direction",Made improper turn,None Indicated,,Daylight,Dry,Clear,None apparent,Intersection:  Four-way intersection,Paved,,Property Damage Only,0,0,0,0,0,0,7000,2,2,,POINT (-90.582962457993 41.523518397837)
2014802048,14-0791,06/05/2014,06-June,5-Thursday,11:10,1100 Hours,District 1 (Central),,GREENE,,100TH,Collision with:  Vehicle in traffic,On Roadway,Broadside (front to side),"Operating vehicle in an reckless, erratic, careless, negligent manner",None Indicated,,Daylight,"Mud, dirt",Cloudy,None apparent,Non-intersection:  Non-junction/no special feature,Unpaved,,Property Damage Only,0,0,0,0,0,0,3300,2,2,,POINT (-94.372652811823 42.209093286366)
2014817906,2014033299,06/05/2014,06-June,5-Thursday,13:10,1300 Hours,District 6 (East Central),MANCHESTER,DELAWARE,US 20,US 20,Collision with:  Other non-fixed object (explain in narrative),Median,Non-collision (single vehicle),Crossed centerline (undivided),None Indicated,,Daylight,Dry,Cloudy,Work Zone (roadway-related),Non-intersection:  Non-junction/no special feature,Paved,Yes,Property Damage Only,0,0,0,0,0,0,2000,1,1,,POINT (-91.465011789249 42.466853709883)
2014803575,2014033178,06/05/2014,06-June,5-Thursday,06:40,0600 Hours,District 6 (East Central),,JOHNSON,I-80,I-80,Collision with fixed object:  Guardrail - face,Median,Non-collision (single vehicle),Ran off road - left,None Indicated,,Daylight,Dry,Clear,None apparent,Non-intersection:  Non-junction/no special feature,Paved,,Possible/Unknown,0,1,0,0,1,0,10500,1,1,,POINT (-91.799692965762 41.687701805625)
2014802119,20140015748,06/05/2014,06-June,5-Thursday,18:03,1800 Hours,District 1 (Central),DES MOINES,POLK,,ARMY POST RD & SW 10TH ST,Collision with:  Vehicle in traffic,On Roadway,Rear-end (front to rear),Followed too close,None Indicated,,Daylight,Dry,Clear,None apparent,Non-intersection:  Non-junction/no special feature,Paved,,Possible/Unknown,0,1,0,0,1,0,6000,2,5,,POINT (-93.62792344036 41.526486002567)
2014804977,SO140229,06/05/2014,06-June,5-Thursday,06:09,0600 Hours,District 4 (Southwest),PRESCOTT,ADAMS,,Co Rd H33/190TH ST & Co Rd N61/QUINCE AVE,Non-collision events:  Overturn/rollover,On Roadway,Non-collision (single vehicle),Ran off road - right,None Indicated,,Daylight,Dry,Cloudy,None apparent,Intersection:  T-intersection,Paved,,Minor Injury,0,1,0,1,0,0,10500,1,1,,POINT (-94.607930167081 41.028309960017)
2014810015,2014-003150,06/05/2014,06-June,5-Thursday,21:40,2100 Hours,District 6 (East Central),,BENTON,IA 8,IA 8/58 ST,Collision with:  Animal,,,Animal,None Indicated,,,,,,,Paved,,Property Damage Only,0,0,0,0,0,0,2000,1,1,,POINT (-92.238817132848 42.181584036875)
2014802856,,06/05/2014,06-June,5-Thursday,16:23,1600 Hours,District 2 (Northeast),CALMAR,WINNESHIEK,US 52,US 52/MARYVILLE ST & HENRY ST,Collision with:  Vehicle in traffic,On Roadway,"Angle, oncoming left turn",FTYROW:  Making left turn,None Indicated,,Daylight,Dry,Cloudy,None apparent,Intersection:  Four-way intersection,Paved,,Property Damage Only,0,0,0,0,0,0,2000,2,2,,POINT (-91.864263225797 43.184476666877)
2014802011,W14-055453,06/05/2014,06-June,5-Thursday,07:35,0700 Hours,District 2 (Northeast),WATERLOO,BLACK HAWK,,FRANKLIN ST & E 1ST ST,Collision with:  Non-motorist (see non-motorist section - NOT a unit),On Roadway,Non-collision (single vehicle),FTYROW:  Making right turn on red signal,None Indicated,,Daylight,Dry,Clear,None apparent,Intersection:  T-intersection,Paved,,Possible/Unknown,0,1,0,0,1,0,0,1,2,,POINT (-92.337369412726 42.503343101053)
2014802478,14-17623,06/05/2014,06-June,5-Thursday,17:45,1700 Hours,District 3 (Northwest),SIOUX CITY,WOODBURY,,DOUGLAS ST & 6TH ST,Collision with:  Vehicle in traffic,On Roadway,Broadside (front to side),Ran Traffic Signal,None Indicated,,Daylight,Dry,Clear,None apparent,Intersection:  Four-way intersection,Paved,,Property Damage Only,0,0,0,0,0,0,6000,2,2,,POINT (-96.406450884125 42.496307813787)
2014802742,14004749,06/05/2014,06-June,5-Thursday,00:48,0000 Hours,District 4 (Southwest),,CASS,I-80,I-80,Collision with:  Vehicle in traffic,On Roadway,"Sideswipe, same direction",Crossed centerline (undivided),None Indicated,,Dark - roadway not lighted,Dry,Clear,None apparent,Non-intersection:  Non-junction/no special feature,Paved,,Property Damage Only,0,0,0,0,0,0,2700,2,2,,POINT (-94.91853487654 41.497135540733)
2014802463,2014-11927,06/05/2014,06-June,5-Thursday,18:26,1800 Hours,District 5 (Southeast),INDIANOLA,WARREN,,W EUCLID AVE & E EUCLID AVE & N HOWARD ST,Collision with:  Parked motor vehicle,On Roadway,Rear-end (front to rear),Over correcting/over steering,None Indicated,,Daylight,Dry,Clear,None apparent,Intersection:  Four-way intersection,Paved,,Property Damage Only,0,0,0,0,0,0,4500,2,2,,POINT (-93.560948151156 41.365670286394)
2014802132,14-022958,06/05/2014,06-June,5-Thursday,10:19,1000 Hours,District 4 (Southwest),COUNCIL BLUFFS,POTTAWATTAMIE,US 6,US 6/W BROADWAY & N 18TH ST,Collision with:  Vehicle in traffic,On Roadway,Rear-end (front to rear),Other (explain in narrative):  Other,None Indicated,,Daylight,Dry,Cloudy,None apparent,Intersection:  Four-way intersection,Paved,,Property Damage Only,0,0,0,0,0,0,2800,3,3,,POINT (-95.870801161241 41.261851650412)