Iowa DOT Case Number,Law Enforcement Case Number,Date of Crash,Month of Crash,Day of Week,Time of Crash,Hour,DOT District,City Name,County Name,Route with System,Location Description,First Harmful Event,Location of First Harmful Event,Manner of Crash/Collision,Major Cause,Drug or Alcohol ,Environmental Conditions,Light Conditions,Surface Conditions,Weather Conditions,Roadway Contribution,Roadway Type,Roadway Surface,Work Zone,Crash Severity,Number of Fatalities,Number of Injuries,Number of Major Injuries,Number of Minor Injuries,Number of Possible Injuries,Number of Unknown Injuries,Amount of Property Damage,Number of Vehicles Involved,Total Number of Occupants,Travel Direction,Location
2014802398,14-2664,06/06/2014,06-June,6-Friday,23:32,2300 Hours,District 1 (Central),WEST DES MOINES,POLK,,WOODLAND AVE,Collision with:  Vehicle in traffic,On Roadway,Rear-end (front to rear),Improper Backing,None Indicated,,Dark - roadway lighted,Dry,Clear,None apparent,Intersection:  Four-way intersection,Paved,,Property Damage Only,0,0,0,0,0,0,1700,2,2,,POINT (-93.752381952578 41.589051177396)
2014802207,141563,06/06/2014,06-June,6-Friday,22:40,2200 Hours,District 3 (Northwest),,CRAWFORD,,Co Rd E53/S AVE,Collision with:  Animal,,,Animal,None Indicated,,,,,,,Paved,,Property Damage Only,0,0,0,0,0,0,4000,1,1,,POINT (-95.281953496174 41.951771147152)
2014802392,14-1244,06/06/2014,06-June,6-Friday,11:40,1100 Hours,District 1 (Central),URBANDALE,POLK,,86TH ST,Collision with:  Vehicle in traffic,On Roadway,Rear-end (front to rear),Other (explain in narrative):  Other,None Indicated,,Daylight,Dry,Cloudy,None apparent,Non-intersection:  Non-junction/no special feature,Paved,,Property Damage Only,0,0,0,0,0,0,10000,2,3,,POINT (-93.736514302516 41.619066839116)
2014802853,,06/06/2014,06-June,6-Friday,22:00,2200 Hours,District 4 (Southwest),,MONTGOMERY,IA 48,IA 48/IOWA 48,Collision with:  Animal,On Roadway,Non-collision (single vehicle),Animal,None Indicated,,Dark - roadway not lighted,Dry,Clear,,Non-intersection:  Non-junction/no special feature,Paved,,Property Damage Only,0,0,0,0,0,0,3000,1,1,,POINT (-95.232607969566 40.937436571502)
2014802564,2014006221,06/06/2014,06-June,6-Friday,21:00,2100 Hours,District 6 (East Central),IOWA CITY,JOHNSON,,E WASHINGTON ST,Collision with:  Vehicle in traffic,Outside trafficway,Rear-end (front to rear),FTYROW:  From parked position,None Indicated,,Dark - roadway lighted,Dry,Other (explain in narrative),None apparent,Non-intersection:  Non-junction/no special feature,Paved,,Property Damage Only,0,0,0,0,0,0,3500,2,1,,POINT (-91.529475130362 41.660053883105)
2014802738,14-5863,06/06/2014,06-June,6-Friday,17:40,1700 Hours,District 3 (Northwest),CARROLL,CARROLL,,11TH ST,Collision with:  Vehicle in traffic,On Roadway,Rear-end (front to rear),FTYROW:  From driveway,None Indicated,,Daylight,Dry,Clear,None apparent,Non-intersection:  Driveway access (within),Paved,,Property Damage Only,0,0,0,0,0,0,6500,2,3,,POINT (-94.850431343583 42.070423946389)
2014802407,14-023145,06/06/2014,06-June,6-Friday,17:35,1700 Hours,District 4 (Southwest),COUNCIL BLUFFS,POTTAWATTAMIE,,32ND AVE & S EXPRESSWAY,Collision with:  Vehicle in traffic,On Roadway,Rear-end (front to rear),Followed too close,None Indicated,,Daylight,Dry,Clear,None apparent,Non-intersection:  Non-junction/no special feature,Paved,,Property Damage Only,0,0,0,0,0,0,2500,2,3,,POINT (-95.851338015236 41.228210536294)
2014802753,RH-06062014,06/06/2014,06-June,6-Friday,18:45,1800 Hours,District 5 (Southeast),OSCEOLA,CLARKE,US 34,US 34/E MC LANE ST & S PARK ST,Collision with:  Vehicle in traffic,On Roadway,Rear-end (front to rear),Followed too close,None Indicated,,Daylight,Dry,Clear,None apparent,Non-intersection:  Non-junction/no special feature,Paved,,Property Damage Only,0,0,0,0,0,0,3000,2,4,,POINT (-93.763772877685 41.030618963151)
2014802283,2014006197,06/06/2014,06-June,6-Friday,14:47,1400 Hours,District 6 (East Central),IOWA CITY,JOHNSON,,NORTHGATE DR,Collision with:  Vehicle in traffic,On Roadway,"Angle, oncoming left turn",Made improper turn,None Indicated,,Daylight,Dry,Clear,None apparent,Non-intersection:  Non-junction/no special feature,Paved,,Minor Injury,0,1,0,1,0,0,6300,2,2,,POINT (-91.493682386754 41.689474895009)
2014802813,14006531,06/06/2014,06-June,6-Friday,11:12,1100 Hours,District 1 (Central),TAMA,TAMA,,Co Rd E69/HWY E69 & H AVE,Non-collision events:  Overturn/rollover,On Roadway,Non-collision (single vehicle),Crossed centerline (undivided),None Indicated,,Daylight,Dry,Clear,"Surface condition (e.g., wet, icy)",Non-intersection:  Non-junction/no special feature,Paved,,Major Injury,0,1,1,0,0,0,8000,1,1,,POINT (-92.630331467664 41.876956069404)
2014802428,2014-10563,06/06/2014,06-June,6-Friday,15:20,1500 Hours,District 6 (East Central),BETTENDORF,SCOTT,,MAGNOLIA CT,Collision with:  Other non-fixed object (explain in narrative),On Roadway,Non-collision (single vehicle),Improper Backing,None Indicated,,Daylight,Dry,Cloudy,None apparent,Non-intersection:  Non-junction/no special feature,Paved,,Property Damage Only,0,0,0,0,0,0,2500,1,1,,POINT (-90.515194302468 41.555036563375)
2014802124,20140015816,06/06/2014,06-June,6-Friday,09:55,0900 Hours,District 1 (Central),DES MOINES,POLK,,UNIVERSITY CT & 9TH ST,Collision with:  Vehicle in traffic,On Roadway,Broadside (front to side),Ran Traffic Signal,None Indicated,,Daylight,Dry,Cloudy,None apparent,Intersection:  Four-way intersection,Paved,,Property Damage Only,0,0,0,0,0,0,7000,2,2,,POINT (-93.629359710764 41.600427988782)
2014802654,2014-37463,06/06/2014,06-June,6-Friday,12:03,1200 Hours,District 6 (East Central),DAVENPORT,SCOTT,,E 53RD ST,Collision with:  Vehicle in traffic,On Roadway,Rear-end (front to rear),Followed too close,None Indicated,,Daylight,Dry,Clear,None apparent,Non-intersection:  Non-junction/no special feature,Paved,,Property Damage Only,0,0,0,0,0,0,4000,2,3,,POINT (-90.540403965978 41.574780414454)
2014803966,2014033681,06/06/2014,06-June,6-Friday,19:21,1900 Hours,District 5 (Southeast),,WASHINGTON,US 218,US 218/SE RAMP CURV/SW RAMP CURV,Collision with:  Vehicle in traffic,On Roadway,Rear-end (front to rear),Ran off road - right,Alcohol (Statutory),,Daylight,Dry,Clear,None apparent,Non-intersection:  Non-junction/no special feature,Paved,,Major Injury,0,1,1,0,0,0,15000,2,2,,POINT (-91.532671262548 41.28674029626)
2014807089,,06/06/2014,06-June,6-Friday,18:49,1800 Hours,District 4 (Southwest),,ADAIR,I-80,I-80,,Median,Non-collision (single vehicle),Swerving/Evasive Action,None Indicated,,Daylight,Dry,Clear,None apparent,Non-intersection:  Non-junction/no special feature,Paved,,Property Damage Only,0,0,0,0,0,0,5381,1,1,,POINT (-94.255947447538 41.493113276068)
2014803069,14-17730,06/06/2014,06-June,6-Friday,12:57,1200 Hours,District 3 (Northwest),SIOUX CITY,WOODBURY,,6TH ST & HOEVEN DR,Collision with:  Vehicle in traffic,On Roadway,Rear-end (front to rear),Followed too close,None Indicated,,Daylight,Dry,Clear,None apparent,Intersection:  Four-way intersection,Paved,,Property Damage Only,0,0,0,0,0,0,2000,2,3,,POINT (-96.389291076831 42.496474983323)
2014803389,20141041,06/06/2014,06-June,6-Friday,16:30,1600 Hours,District 6 (East Central),MOUNT VERNON,LINN,US 30,US 30 & WILLOW CREEK RD,Collision with:  Vehicle in traffic,On Roadway,Rear-end (front to rear),Followed too close,None Indicated,,Daylight,Dry,Cloudy,None apparent,Intersection:  Four-way intersection,Paved,,Possible/Unknown,0,3,0,0,3,0,10000,2,3,,POINT (-91.443714812969 41.916964206214)
2014802658,14-6634,06/06/2014,06-June,6-Friday,22:30,2200 Hours,District 3 (Northwest),,SIOUX,,Co Rd B20/340TH ST,Non-collision events:  Overturn/rollover,Shoulder,Non-collision (single vehicle),Swerving/Evasive Action,Alcohol (Statutory),,Dark - roadway not lighted,"Mud, dirt",Cloudy,None apparent,Non-intersection:  Non-junction/no special feature,Unpaved,,Minor Injury,0,1,0,1,0,0,10000,1,1,,POINT (-96.277801386782 43.15688607261)
2014803067,14-17701,06/06/2014,06-June,6-Friday,07:08,0700 Hours,District 3 (Northwest),SIOUX CITY,WOODBURY,I-29,I-29,Collision with:  Vehicle in traffic,On Roadway,Rear-end (front to rear),Followed too close,None Indicated,,Daylight,Dry,Clear,None apparent,Non-intersection:  Non-junction/no special feature,Paved,,Property Damage Only,0,0,0,0,0,0,3500,2,2,,POINT (-96.430259381393 42.491787970877)
2014812344,10-004396,06/06/2014,06-June,6-Friday,19:30,1900 Hours,District 5 (Southeast),COLUMBUS JUNCTION,LOUISA,IA 92,IA 92/OAK ST & 2ND ST,Collision with:  Vehicle in traffic,On Roadway,Broadside (front to side),Made improper turn,None Indicated,,Daylight,Dry,Clear,None apparent,Intersection:  Other intersection (explain in narrative),Paved,,Property Damage Only,0,0,0,0,0,0,7500,2,3,,POINT (-91.361729420496 41.278948587155)
2014802855,,06/06/2014,06-June,6-Friday,16:51,1600 Hours,District 4 (Southwest),,AUDUBON,,Co Rd F32/190 ST,Non-collision events:  Overturn/rollover,On Roadway,Non-collision (single vehicle),Crossed centerline (undivided),None Indicated,,Daylight,Dry,Clear,None apparent,Non-intersection:  Non-junction/no special feature,Paved,,Major Injury,0,1,1,0,0,0,27000,1,1,,POINT (-94.825150516659 41.731650845605)
2014802825,2014033726,06/06/2014,06-June,6-Friday,23:27,2300 Hours,District 4 (Southwest),,ADAIR,I-80,I-80,Collision with:  Animal,,,Animal,None Indicated,,,,,,,Paved,,Property Damage Only,0,0,0,0,0,0,10000,1,1,,POINT (-94.691829157553 41.496911904253)
2014802182,W14-056013,06/06/2014,06-June,6-Friday,15:00,1500 Hours,District 2 (Northeast),WATERLOO,BLACK HAWK,,FRANKLIN ST & RHEY ST,Collision with:  Vehicle in traffic,On Roadway,Rear-end (front to rear),Followed too close,None Indicated,,Daylight,Dry,Clear,None apparent,Intersection:  Four-way intersection,Paved,,Property Damage Only,0,0,0,0,0,0,4500,2,2,,POINT (-92.319333261166 42.495366306315)
2014802410,14-023192,06/06/2014,06-June,6-Friday,21:30,2100 Hours,District 4 (Southwest),COUNCIL BLUFFS,POTTAWATTAMIE,,7TH AVE & S 25TH ST,Collision with:  Vehicle in traffic,On Roadway,Rear-end (front to rear),Other (explain in narrative):  Other,None Indicated,,Dark - roadway lighted,Dry,Clear,None apparent,Intersection:  Four-way intersection,Paved,,Property Damage Only,0,0,0,0,0,0,5000,2,2,,POINT (-95.881949563701 41.255349524373)
2014802017,14-10130,06/06/2014,06-June,6-Friday,06:01,0600 Hours,District 2 (Northeast),,BREMER,US 218,US 218,Collision with:  Animal,,,Animal,None Indicated,,,,,,,Paved,,Property Damage Only,0,0,0,0,0,0,5000,1,1,,POINT (-92.533750891155 42.728704597959)
2014802386,20140015827,06/06/2014,06-June,6-Friday,11:00,1100 Hours,District 1 (Central),DES MOINES,POLK,I-235,I-235 & 6TH AVE,Collision with:  Vehicle in traffic,On Roadway,Broadside (front to side),Ran Traffic Signal,None Indicated,,Daylight,Dry,Clear,None apparent,Intersection:  Four-way intersection,Paved,,Possible/Unknown,0,1,0,0,1,0,30000,2,2,,POINT (-93.625679054128 41.595800345979)
2014803071,14-17749,06/06/2014,06-June,6-Friday,16:41,1600 Hours,District 3 (Northwest),SIOUX CITY,WOODBURY,,SINGING HILLS BLVD & HARBOR DR,Collision with:  Vehicle in traffic,On Roadway,"Sideswipe, same direction",FTYROW:  From stop sign,None Indicated,,Daylight,Dry,Clear,Work Zone (roadway-related),Intersection:  T-intersection,Paved,Yes,Property Damage Only,0,0,0,0,0,0,4000,2,3,,POINT (-96.378660417375 42.433973609949)
2014802199,7948-14,06/06/2014,06-June,6-Friday,14:50,1400 Hours,District 3 (Northwest),SPENCER,CLAY,US 18,US 18/365 ST PROPOSED US18 & US 71/11TH AVE SW/11TH ST SW,Collision with:  Vehicle in traffic,On Roadway,Rear-end (front to rear),Other (explain in narrative):  Other,None Indicated,,Daylight,Dry,Clear,None apparent,Intersection:  Four-way intersection,Paved,,Possible/Unknown,0,1,0,0,1,0,1500,2,4,,POINT (-95.160653703198 43.126639475091)
2014802739,14-5869,06/06/2014,06-June,6-Friday,21:01,2100 Hours,District 3 (Northwest),CARROLL,CARROLL,,MAIN ST,Collision with:  Vehicle in traffic,On Roadway,"Sideswipe, opposite direction","Operating vehicle in an reckless, erratic, careless, negligent manner",None Indicated,,Dusk,Dry,Clear,None apparent,Non-intersection:  Non-junction/no special feature,Paved,,Property Damage Only,0,0,0,0,0,0,4500,2,3,,POINT (-94.864020572942 42.07837245403)
2014813350,2014033699,06/06/2014,06-June,6-Friday,19:53,1900 Hours,District 6 (East Central),,JACKSON,,Co Rd E17/150 ST,Non-collision events:  Overturn/rollover,Outside trafficway,Non-collision (single vehicle),Crossed centerline (undivided),Drug/Alcohol (Statutory),,Dusk,Dry,Cloudy,None apparent,Non-intersection:  Non-junction/no special feature,Paved,,Fatal,1,0,0,0,0,0,10500,1,1,,POINT (-90.571605579957 42.152187295291)
2014802482,17-17711,06/06/2014,06-June,6-Friday,09:31,0900 Hours,District 3 (Northwest),SIOUX CITY,WOODBURY,,STONE PARK BLVD,Collision with fixed object:  Ditch,Shoulder,Non-collision (single vehicle),Swerving/Evasive Action,None Indicated,,Daylight,Dry,Clear,None apparent,Non-intersection:  Non-junction/no special feature,Paved,,Possible/Unknown,0,1,0,0,1,0,4000,1,1,,POINT (-96.43506120445 42.546093781501)
2014802406,14-023125,06/06/2014,06-June,6-Friday,15:45,1500 Hours,District 4 (Southwest),COUNCIL BLUFFS,POTTAWATTAMIE,I-29,I-29,Collision with:  Vehicle in traffic,On Roadway,Rear-end (front to rear),Followed too close,None Indicated,,Daylight,Dry,Clear,None apparent,Non-intersection:  Non-junction/no special feature,Paved,,Minor Injury,0,2,0,2,0,0,8000,2,3,,POINT (-95.856687446551 41.232157737515)
2014808733,,06/06/2014,06-June,6-Friday,11:52,1100 Hours,District 2 (Northeast),CLEAR LAKE,CERRO GORDO,,9TH AVE S & S 8TH ST,Collision with:  Vehicle in traffic,On Roadway,Rear-end (front to rear),Other (explain in narrative):  Other,None Indicated,,Daylight,Dry,Clear,None apparent,Intersection:  T-intersection,Paved,,Minor Injury,0,3,0,3,0,0,10000,2,4,,POINT (-93.378708846291 43.129587258988)
2014802304,201400001904,06/06/2014,06-June,6-Friday,05:10,0500 Hours,District 6 (East Central),,LINN,I-380,I-380,Collision with:  Animal,,,Animal,None Indicated,,,,,,,Paved,,Property Damage Only,0,0,0,0,0,0,9000,1,1,,POINT (-91.766763798404 42.163259639444)
2014852937,,06/06/2014,06-June,6-Friday,13:12,1300 Hours,District 6 (East Central),WALCOTT,SCOTT,,Co Rd Y40/60 AVE,Collision with:  Vehicle in traffic,On Roadway,"Sideswipe, same direction",FTYROW:  From stop sign,None Indicated,,Daylight,Dry,Clear,None apparent,Intersection:  T-intersection,Paved,,Property Damage Only,0,0,0,0,0,0,2000,2,2,,POINT (-90.783050547386 41.618346523928)
2014806848,14-0643,06/06/2014,06-June,6-Friday,09:47,0900 Hours,District 1 (Central),CLIVE,POLK,,NW 92ND ST & UNIVERSITY AVE,Collision with:  Vehicle in traffic,On Roadway,Rear-end (front to rear),Followed too close,None Indicated,,Daylight,Dry,Clear,None apparent,Intersection:  T-intersection,Paved,,Property Damage Only,0,0,0,0,0,0,3600,2,4,,POINT (-93.745314612242 41.600464314491)
2014802225,01-14-24386,06/06/2014,06-June,6-Friday,11:44,1100 Hours,District 6 (East Central),DUBUQUE,DUBUQUE,,WACKER DR & WACKER DR CONN,Collision with:  Vehicle in traffic,On Roadway,Rear-end (front to rear),Lost Control,None Indicated,,Daylight,Dry,Cloudy,None apparent,Non-intersection:  Non-junction/no special feature,Paved,,Property Damage Only,0,0,0,0,0,0,3500,2,4,,POINT (-90.720365241648 42.495702265801)
2014806815,32042-14,06/06/2014,06-June,6-Friday,21:03,2100 Hours,District 3 (Northwest),,EMMET,,Co Rd A21/150 ST,Collision with:  Animal,,,Animal,None Indicated,,,,,,,Paved,,Property Damage Only,0,0,0,0,0,0,2000,1,1,,POINT (-94.444805906669 43.430476418647)
2014802778,1400000484,06/06/2014,06-June,6-Friday,16:40,1600 Hours,District 1 (Central),,MARSHALL,,IOWA AVE W & OAKS AVE & HIGHLAND ACRES RD,Collision with:  Vehicle in traffic,On Roadway,Broadside (front to side),FTYROW:  From stop sign,None Indicated,,Daylight,Dry,Clear,None apparent,Intersection:  Four-way intersection,Paved,,Property Damage Only,0,0,0,0,0,0,6000,2,4,,POINT (-92.961489171897 42.007512079174)
2014802919,14-140606-01,06/06/2014,06-June,6-Friday,05:30,0500 Hours,District 6 (East Central),,IOWA,,Co Rd V66/L AVE,Collision with:  Animal,,,Animal,None Indicated,,,,,,,Paved,,Property Damage Only,0,0,0,0,0,0,3370,1,1,,POINT (-92.082727387277 41.834690327873)
2014802468,14-1696,06/06/2014,06-June,6-Friday,17:35,1700 Hours,District 1 (Central),FORT DODGE,WEBSTER,,2ND AVE S,Collision with:  Vehicle in traffic,On Roadway,Rear-end (front to rear),Other (explain in narrative):  Other,None Indicated,,Daylight,Dry,Clear,None apparent,Intersection:  Four-way intersection,Paved,,Minor Injury,0,1,0,1,0,0,500,2,2,,POINT (-94.186489602848 42.503142238755)
2014802321,14-007405,06/06/2014,06-June,6-Friday,11:01,1100 Hours,District 4 (Southwest),GLENWOOD,MILLS,,SHARP ST & S WALNUT ST & N WALNUT ST,Collision with:  Vehicle in traffic,Roadside,Rear-end (front to rear),Other (explain in narrative):  Other,None Indicated,,Daylight,Dry,Cloudy,None apparent,Intersection:  Four-way intersection,Paved,,Property Damage Only,0,0,0,0,0,0,2200,2,2,,POINT (-95.743246662753 41.046301821868)
2014802446,201400027306,06/06/2014,06-June,6-Friday,14:29,1400 Hours,District 5 (Southeast),OTTUMWA,WAPELLO,IA 149,IA 149/IOWA 149,Collision with:  Vehicle in traffic,On Roadway,"Angle, oncoming left turn",FTYROW:  Making left turn,None Indicated,,Daylight,Dry,Clear,None apparent,Intersection:  Four-way intersection,Paved,,Possible/Unknown,0,1,0,0,1,0,7000,2,2,,POINT (-92.409968304729 41.06487925824)
2014802682,14-002726,06/06/2014,06-June,6-Friday,18:51,1800 Hours,District 1 (Central),AMES,STORY,,6TH ST & CLARK AVE,Collision with:  Vehicle in traffic,On Roadway,Broadside (front to side),Ran Traffic Signal,None Indicated,,Daylight,Dry,Clear,None apparent,Intersection:  Four-way intersection,Paved,,Property Damage Only,0,0,0,0,0,0,5500,2,3,,POINT (-93.616926482763 42.026855097776)
2014803032,2014-37537,06/06/2014,06-June,6-Friday,21:31,2100 Hours,District 6 (East Central),DAVENPORT,SCOTT,,E 13TH ST & FARNAM ST,Collision with:  Parked motor vehicle,On Roadway,Unknown,Unknown,None Indicated,,Dark - roadway lighted,Dry,Clear,None apparent,Non-intersection:  Non-junction/no special feature,Paved,,Property Damage Only,0,0,0,0,0,0,4000,2,1,,POINT (-90.566751546142 41.533002349698)
2014802212,14-824,06/06/2014,06-June,6-Friday,03:30,0300 Hours,District 3 (Northwest),ORLEANS,DICKINSON,,252ND AVE,Unknown,Shoulder,Non-collision (single vehicle),Driving too fast for conditions,None Indicated,,Dark - unknown roadway lighting,Unknown,Unknown,Unknown,Non-intersection:  Non-junction/no special feature,Paved,,Major Injury,0,1,1,0,0,0,1700,1,1,,POINT (-95.09243168351 43.443498612859)
2014899599,NT-14-067,06/06/2014,06-June,6-Friday,13:40,1300 Hours,District 1 (Central),NEVADA,STORY,US 30,US 30 & SW 4TH ST,Collision with:  Vehicle in traffic,On Roadway,Rear-end (front to rear),Other (explain in narrative):  Other,None Indicated,,Daylight,Dry,Clear,None apparent,Non-intersection:  Non-junction/no special feature,Paved,,Property Damage Only,0,0,0,0,0,0,2000,2,2,,POINT (-93.462869179924 42.006279108718)
2014802020,14-005840,06/06/2014,06-June,6-Friday,08:27,0800 Hours,District 3 (Northwest),GLIDDEN,CARROLL,US 30,US 30/E 9TH ST & IDAHO ST,Collision with:  Vehicle in traffic,On Roadway,Rear-end (front to rear),Followed too close,None Indicated,,Daylight,Dry,Clear,None apparent,Non-intersection:  Driveway access (within),Paved,,Property Damage Only,0,0,0,0,0,0,5500,2,3,,POINT (-94.728997294557 42.064059628871)
2014802282,2014006195,06/06/2014,06-June,6-Friday,12:18,1200 Hours,District 6 (East Central),IOWA CITY,JOHNSON,,INDEPENDENCE RD & LIBERTY DR,Collision with:  Vehicle in traffic,On Roadway,Broadside (front to side),FTYROW:  From yield sign,None Indicated,,Daylight,Dry,Cloudy,None apparent,Intersection:  T-intersection,Paved,,Property Damage Only,0,0,0,0,0,0,17000,2,3,,POINT (-91.477386055428 41.630454529767)
2014813478,,06/06/2014,06-June,6-Friday,23:00,2300 Hours,District 2 (Northeast),,CHICKASAW,,Co Rd B54/S LINN AVE,Collision with:  Animal,On Roadway,Non-collision (single vehicle),Animal,None Indicated,,Dark - roadway not lighted,Dry,Clear,None apparent,Non-intersection:  Non-junction/no special feature,Paved,,Property Damage Only,0,0,0,0,0,0,4000,1,1,,POINT (-92.317779734409 43.008585582904)
2014802445,201400027246,06/06/2014,06-June,6-Friday,08:23,0800 Hours,District 5 (Southeast),OTTUMWA,WAPELLO,,E MAIN ST & S JEFFERSON ST,Collision with:  Vehicle in traffic,On Roadway,Head-on (front to front),Made improper turn,None Indicated,,Daylight,Dry,Clear,None apparent,Non-intersection:  Non-junction/no special feature,Paved,,Property Damage Only,0,0,0,0,0,0,5000,2,2,,POINT (-92.409197306884 41.015357731375)
2014802373,20140015843,06/06/2014,06-June,6-Friday,12:40,1200 Hours,District 1 (Central),DES MOINES,POLK,US 69,US 69/E 14TH ST,Collision with:  Vehicle in traffic,On Roadway,Rear-end (front to rear),Driver Distraction:  Manual operation of an electronic communication device,None Indicated,,Daylight,Dry,Clear,None apparent,Non-intersection:  Non-junction/no special feature,Paved,,Possible/Unknown,0,1,0,0,1,0,2020,2,2,,POINT (-93.600502318612 41.631729282416)
2014802886,1401402,06/06/2014,06-June,6-Friday,13:04,1300 Hours,District 5 (Southeast),BLOOMFIELD,DAVIS,,FRANKLIN ST,Collision with:  Vehicle in traffic,On Roadway,Broadside (front to side),FTYROW:  From parked position,None Indicated,,Daylight,Dry,Clear,Other (explain in narrative),Non-intersection:  Other non-intersection (explain in narrative),Paved,,Property Damage Only,0,0,0,0,0,0,2100,2,2,,POINT (-92.414212106997 40.750627800556)
2014810232,2014-003163,06/06/2014,06-June,6-Friday,15:48,1500 Hours,District 6 (East Central),,BENTON,,Co Rd W26/32 AVE,Collision with fixed object:  Ditch,Outside trafficway,Non-collision (single vehicle),Lost Control,None Indicated,,Daylight,Dry,Clear,None apparent,Non-intersection:  Non-junction/no special feature,Paved,,Property Damage Only,0,0,0,0,0,0,1500,1,1,,POINT (-91.873151595506 41.988054397756)
2014802722,14056144,06/06/2014,06-June,6-Friday,21:34,2100 Hours,District 2 (Northeast),CEDAR FALLS,BLACK HAWK,,18TH ST & MAIN ST,Collision with:  Vehicle in traffic,On Roadway,"Angle, oncoming left turn",FTYROW:  Making left turn,None Indicated,,Dark - roadway lighted,Dry,Cloudy,None apparent,Intersection:  Four-way intersection,Paved,,Minor Injury,0,2,0,1,1,0,13000,2,2,,POINT (-92.445768919577 42.522164388387)
2014803031,2014-37443,06/06/2014,06-June,6-Friday,12:32,1200 Hours,District 6 (East Central),DAVENPORT,SCOTT,US 67,US 67/E RIVER DR & E 4TH ST,Collision with:  Vehicle in traffic,On Roadway,"Sideswipe, same direction",Made improper turn,None Indicated,,Daylight,Dry,Clear,None apparent,Intersection:  Other intersection (explain in narrative),Paved,,Property Damage Only,0,0,0,0,0,0,2600,2,4,,POINT (-90.56377879146 41.523428603781)
2014802184,W14-056074,06/06/2014,06-June,6-Friday,16:00,1600 Hours,District 2 (Northeast),WATERLOO,BLACK HAWK,,WILBUR AVE,Collision with:  Parked motor vehicle,Outside trafficway,"Sideswipe, opposite direction",Lost Control,None Indicated,,Daylight,Dry,Clear,None apparent,Intersection:  Four-way intersection,Paved,,Property Damage Only,0,0,0,0,0,0,3000,2,1,,POINT (-92.379382105823 42.49859808993)
2014806930,AC14-033,06/06/2014,06-June,6-Friday,10:20,1000 Hours,District 4 (Southwest),HARLAN,SHELBY,,CYCLONE AVE,Non-collision events:  Other non-collision (explain in narrative),On Roadway,Non-collision (single vehicle),Other (explain in narrative):  No improper action,None Indicated,,Daylight,Dry,Cloudy,"Surface condition (e.g., wet, icy)",Non-intersection:  Non-junction/no special feature,Paved,,Minor Injury,0,1,0,1,0,0,700,1,1,,POINT (-95.343906225888 41.66035417959)
2014804663,2014033649,06/06/2014,06-June,6-Friday,16:45,1600 Hours,District 1 (Central),,POLK,I-35,I-35,Collision with:  Vehicle in traffic,On Roadway,Rear-end (front to rear),Followed too close,None Indicated,,Daylight,Dry,Clear,None apparent,Non-intersection:  Non-junction/no special feature,Paved,,Property Damage Only,0,0,0,0,0,0,4500,2,4,,POINT (-93.648010669866 41.649899940477)
2014802126,20140015828,06/06/2014,06-June,6-Friday,11:08,1100 Hours,District 1 (Central),DES MOINES,POLK,,56TH ST,Collision with:  Vehicle in traffic,On Roadway,Rear-end (front to rear),Followed too close,None Indicated,,Daylight,Dry,Cloudy,None apparent,Non-intersection:  Non-junction/no special feature,Paved,,Property Damage Only,0,0,0,0,0,0,6000,2,2,,POINT (-93.694243023031 41.609394961779)
2014825987,201408008,06/06/2014,06-June,6-Friday,00:20,0000 Hours,District 6 (East Central),CEDAR RAPIDS,LINN,,WILSON AVE SW,Non-collision events:  Other non-collision (explain in narrative),On Roadway,Non-collision (single vehicle),Lost Control,Alcohol (Statutory),,Dark - roadway lighted,Dry,Clear,Work Zone (roadway-related),Non-intersection:  Non-junction/no special feature,Paved,Yes,Major Injury,0,1,1,0,0,0,500,1,1,,POINT (-91.64935156624 41.955791763964)
2014802639,2014-37417,06/06/2014,06-June,6-Friday,10:40,1000 Hours,District 6 (East Central),DAVENPORT,SCOTT,,ADAMS ST,Collision with:  Parked motor vehicle,On Roadway,Rear-end (front to rear),Improper Backing,None Indicated,,Daylight,Dry,Cloudy,None apparent,Non-intersection:  Non-junction/no special feature,Paved,,Property Damage Only,0,0,0,0,0,0,2000,3,1,,POINT (-90.552617721901 41.543545943105)
2014802545,14009103,06/06/2014,06-June,6-Friday,19:16,1900 Hours,District 2 (Northeast),MASON CITY,CERRO GORDO,IA 122,IA 122/4TH ST SW & INDIANHEAD DR,Non-collision events:  Other non-collision (explain in narrative),On Roadway,Non-collision (single vehicle),Swerving/Evasive Action,None Indicated,,Daylight,Dry,Clear,None apparent,Non-intersection:  Non-junction/no special feature,Paved,,Possible/Unknown,0,1,0,0,1,0,1500,1,1,,POINT (-93.265581738134 43.148302689646)
2014802227,01-14-24418,06/06/2014,06-June,6-Friday,14:26,1400 Hours,District 6 (East Central),DUBUQUE,DUBUQUE,,W 5TH ST & MAIN ST,Collision with:  Vehicle in traffic,On Roadway,Broadside (front to side),Ran Stop Sign,None Indicated,,Daylight,Dry,Clear,None apparent,Intersection:  Four-way intersection,Paved,,Minor Injury,0,1,0,1,0,0,25000,2,2,,POINT (-90.665880829086 42.498450243197)
2014810135,2014005562,06/06/2014,06-June,6-Friday,23:04,2300 Hours,District 1 (Central),MARSHALLTOWN,MARSHALL,,GARY CT,Collision with fixed object:  Utility pole/light support,On Roadway,Non-collision (single vehicle),Exceeded authorized speed,Alcohol (Statutory),,Dark - roadway lighted,Dry,Clear,None apparent,Non-intersection:  Non-junction/no special feature,Paved,,Property Damage Only,0,0,0,0,0,0,7500,1,2,,POINT (-92.915679942568 42.019997801047)