Iowa DOT Case Number,Law Enforcement Case Number,Date of Crash,Month of Crash,Day of Week,Time of Crash,Hour,DOT District,City Name,County Name,Route with System,Location Description,First Harmful Event,Location of First Harmful Event,Manner of Crash/Collision,Major Cause,Drug or Alcohol ,Environmental Conditions,Light Conditions,Surface Conditions,Weather Conditions,Roadway Contribution,Roadway Type,Roadway Surface,Work Zone,Crash Severity,Number of Fatalities,Number of Injuries,Number of Major Injuries,Number of Minor Injuries,Number of Possible Injuries,Number of Unknown Injuries,Amount of Property Damage,Number of Vehicles Involved,Total Number of Occupants,Travel Direction,Location
2014802311,14011618,06/06/2014,06-June,6-Friday,07:57,0700 Hours,District 6 (East Central),MARION,LINN,,MEADOWVIEW DR,Collision with:  Parked motor vehicle,On Roadway,Broadside (front to side),Improper Backing,None Indicated,,Daylight,Dry,Clear,None apparent,Non-intersection:  Non-junction/no special feature,Paved,,Property Damage Only,0,0,0,0,0,0,1700,2,777,,POINT (-91.594925029886 42.018768680386)
2014802183,W14-056044,06/06/2014,06-June,6-Friday,16:45,1600 Hours,District 2 (Northeast),WATERLOO,BLACK HAWK,,CUTLER ST,Collision with:  Vehicle in traffic,On Roadway,"Sideswipe, same direction",Other (explain in narrative):  Other,None Indicated,,Daylight,Dry,Clear,None apparent,Non-intersection:  Other non-intersection (explain in narrative),Paved,,Property Damage Only,0,0,0,0,0,0,2500,2,3,,POINT (-92.338996177039 42.517599687159)
2014802310,201408049,06/06/2014,06-June,6-Friday,20:06,2000 Hours,District 6 (East Central),CEDAR RAPIDS,LINN,,MT VERNON RD SE & MOUNT VERNON RD SE & 19TH ST SE,Non-collision events:  Other non-collision (explain in narrative),Shoulder,Non-collision (single vehicle),Exceeded authorized speed,Alcohol (Statutory),,Daylight,Dry,Cloudy,None apparent,Non-intersection:  Non-junction/no special feature,Paved,,Property Damage Only,0,0,0,0,0,0,9000,1,2,,POINT (-91.642176470851 41.977187496014)
2014802016,14-10114,06/06/2014,06-June,6-Friday,23:40,2300 Hours,District 2 (Northeast),,BREMER,IA 188,IA 188/IOWA 188,Collision with:  Animal,,,Animal,None Indicated,,,,,,,Paved,,Property Damage Only,0,0,0,0,0,0,4000,1,1,,POINT (-92.490953773184 42.847537710877)
2014803809,14082469,06/06/2014,06-June,6-Friday,00:00,0000 Hours,District 6 (East Central),NORTH LIBERTY,JOHNSON,I-380,I-380,Collision with fixed object:  Guardrail - face,On Roadway,Non-collision (single vehicle),Traveling wrong way or on wrong side of road,Refused,,Dark - roadway not lighted,Dry,Clear,None apparent,Non-intersection:  Non-junction/no special feature,Paved,,Property Damage Only,0,0,0,0,0,0,3500,1,1,,POINT (-91.642151505637 41.761461293569)
2014802190,14-10138,06/06/2014,06-June,6-Friday,10:54,1000 Hours,District 2 (Northeast),,BREMER,US 218,US 218 & Co Rd C33/190TH ST,Collision with:  Vehicle in traffic,On Roadway,Rear-end (front to rear),Crossed centerline (undivided),None Indicated,,Daylight,Dry,Cloudy,None apparent,Non-intersection:  Non-junction/no special feature,Paved,,Property Damage Only,0,0,0,0,0,0,2000,2,2,,POINT (-92.534172077887 42.773607533448)
2014802929,201408051,06/06/2014,06-June,6-Friday,20:13,2000 Hours,District 6 (East Central),CEDAR RAPIDS,LINN,IA 100,IA 100/COLLINS RD NE & C AVE NE,Collision with:  Vehicle in traffic,On Roadway,Rear-end (front to rear),Other (explain in narrative):  Other,None Indicated,,Dusk,Dry,Cloudy,None apparent,Intersection:  Four-way intersection,Paved,,Property Damage Only,0,0,0,0,0,0,1600,2,2,,POINT (-91.638496204062 42.028102074778)
2014803786,143924,06/06/2014,06-June,6-Friday,00:35,0000 Hours,District 4 (Southwest),,DALLAS,I-80,I-80,Collision with:  Animal,,,Animal,None Indicated,,,,,,,Paved,,Property Damage Only,0,0,0,0,0,0,2500,1,1,,POINT (-93.960734019496 41.546173842073)
2014824091,A390614-1388,06/06/2014,06-June,6-Friday,22:45,2200 Hours,District 4 (Southwest),,GUTHRIE,,270TH ST,Collision with:  Vehicle in traffic,On Roadway,Broadside (front to side),FTYROW:  From driveway,None Indicated,,Dark - roadway not lighted,"Mud, dirt",Clear,None apparent,Non-intersection:  Driveway access (within),Unpaved,,Property Damage Only,0,0,0,0,0,0,6500,2,3,,POINT (-94.424360547966 41.616087190731)
2014802394,14-1249,06/06/2014,06-June,6-Friday,18:20,1800 Hours,District 1 (Central),URBANDALE,POLK,,DOUGLAS AVE & 86TH ST,Collision with:  Vehicle in traffic,On Roadway,Broadside (front to side),Ran Traffic Signal,None Indicated,,Daylight,Dry,Clear,None apparent,Intersection:  Four-way intersection,Paved,,Property Damage Only,0,0,0,0,0,0,10000,2,2,,POINT (-93.736570213659 41.62925358935)
2014803606,,06/06/2014,06-June,6-Friday,01:00,0100 Hours,District 4 (Southwest),,ADAIR,I-80,I-80,Collision with:  Animal,On Roadway,Non-collision (single vehicle),Animal,None Indicated,,,,,,,Paved,,Property Damage Only,0,0,0,0,0,0,2000,1,1,,POINT (-94.681464563678 41.494992330865)
2014824105,G39060614A,06/06/2014,06-June,6-Friday,07:40,0700 Hours,District 4 (Southwest),GUTHRIE CENTER,GUTHRIE,IA 44,IA 44/STATE ST,Collision with:  Vehicle in traffic,On Roadway,Rear-end (front to rear),Crossed centerline (undivided),None Indicated,,Daylight,Dry,Clear,Other (explain in narrative),Non-intersection:  Driveway access (within),Paved,,Major Injury,0,2,1,0,1,0,20000,2,2,,POINT (-94.488662740614 41.678905823432)
2014802609,S79140177,06/06/2014,06-June,6-Friday,07:00,0700 Hours,District 1 (Central),,POWESHIEK,,E 156TH ST,Collision with fixed object:  Bridge overhead structure,On Roadway,Non-collision (single vehicle),Ran off road - right,None Indicated,,Daylight,"Mud, dirt",Clear,None apparent,Non-intersection:  Other non-intersection (explain in narrative),Unpaved,,Property Damage Only,0,0,0,0,0,0,5000,1,1,,POINT (-92.766507342028 41.719511434227)
2014802544,14009094,06/06/2014,06-June,6-Friday,16:30,1600 Hours,District 2 (Northeast),MASON CITY,CERRO GORDO,US 65,US 65/S WASHINGTON AVE & 2ND ST SW,Collision with:  Vehicle in traffic,On Roadway,"Angle, oncoming left turn",Made improper turn,None Indicated,,Daylight,Dry,Clear,None apparent,Non-intersection:  Non-junction/no special feature,Paved,,Property Damage Only,0,0,0,0,0,0,4000,2,5,,POINT (-93.202644552673 43.14996228877)
2014802228,01-14-24421,06/06/2014,06-June,6-Friday,14:39,1400 Hours,District 6 (East Central),DUBUQUE,DUBUQUE,US 20,US 20/DODGE ST,Collision with:  Vehicle in traffic,On Roadway,Rear-end (front to rear),Lost Control,None Indicated,,Daylight,Dry,Cloudy,None apparent,Non-intersection:  Non-junction/no special feature,Paved,,Property Damage Only,0,0,0,0,0,0,3500,2,4,,POINT (-90.71539212954 42.492253234978)
2014803206,2014-12002,06/06/2014,06-June,6-Friday,17:55,1700 Hours,District 5 (Southeast),,WARREN,,Co Rd S23/173RD AVE,Collision with:  Animal,,,Animal,None Indicated,,,,,,,Unpaved,,Property Damage Only,0,0,0,0,0,0,18000,1,1,,POINT (-93.476633179441 41.359573900985)
2014802400,14-2659,06/06/2014,06-June,6-Friday,17:50,1700 Hours,District 1 (Central),WEST DES MOINES,POLK,IA 28,IA 28/63RD ST & GRAND AVE,Collision with:  Vehicle in traffic,On Roadway,"Angle, oncoming left turn",Unknown,None Indicated,,Daylight,Dry,Clear,None apparent,Intersection:  Four-way intersection,Paved,,Property Damage Only,0,0,0,0,0,0,1600,2,5,,POINT (-93.703446333297 41.582704661061)
2014803267,,06/06/2014,06-June,6-Friday,07:06,0700 Hours,District 5 (Southeast),FORT MADISON,LEE,,20TH ST,Collision with:  Vehicle in traffic,On Roadway,Rear-end (front to rear),Followed too close,Alcohol (Statutory),,Daylight,Dry,Clear,None apparent,Non-intersection:  Non-junction/no special feature,Paved,,Property Damage Only,0,0,0,0,0,0,2000,2,2,,POINT (-91.333537820129 40.627570437514)
2014808106,2014033651,06/06/2014,06-June,6-Friday,17:06,1700 Hours,District 1 (Central),,HAMILTON,I-35,I-35,Collision with:  Vehicle in traffic,On Roadway,Rear-end (front to rear),Swerving/Evasive Action,None Indicated,,Daylight,Dry,Clear,Work Zone (roadway-related),Intersection:  Intersection with ramp,Paved,Yes,Possible/Unknown,0,1,0,0,1,0,15000,2,3,,POINT (-93.56953595151 42.306045029572)
2014802230,01-14-24435,06/06/2014,06-June,6-Friday,16:32,1600 Hours,District 6 (East Central),DUBUQUE,DUBUQUE,,RHOMBERG AVE & DOCK ST,Collision with:  Non-motorist (see non-motorist section - NOT a unit),On Roadway,Non-collision (single vehicle),Other (explain in narrative):  No improper action,None Indicated,,Daylight,Dry,Clear,None apparent,Non-intersection:  Non-junction/no special feature,Paved,,Minor Injury,0,1,0,1,0,0,0,1,2,,POINT (-90.658071610491 42.522145619683)
2014802122,20140015786,06/06/2014,06-June,6-Friday,01:23,0100 Hours,District 1 (Central),DES MOINES,POLK,US 6,US 6/E EUCLID AVE & E 25TH ST,Collision with:  Vehicle in traffic,On Roadway,"Angle, oncoming left turn",FTYROW:  Making left turn,Alcohol (Statutory),,Dark - roadway lighted,Dry,Cloudy,None apparent,Intersection:  Four-way intersection,Paved,,Major Injury,0,1,1,0,0,0,3000,2,3,,POINT (-93.570861179859 41.627746002077)
2014844633,2014-001527,06/06/2014,06-June,6-Friday,14:17,1400 Hours,District 2 (Northeast),,ALLAMAKEE,,Co Rd X52/GREAT RIVER RD,Collision with fixed object:  Ditch,Shoulder,Non-collision (single vehicle),Ran off road - right,None Indicated,,Daylight,Dry,Clear,None apparent,Non-intersection:  Non-junction/no special feature,Paved,,Major Injury,0,1,1,0,0,0,4500,1,1,,POINT (-91.153589808647 43.310251876097)
2014802447,201400027312,06/06/2014,06-June,6-Friday,15:25,1500 Hours,District 5 (Southeast),OTTUMWA,WAPELLO,,E 4TH ST,Collision with:  Vehicle in traffic,On Roadway,Rear-end (front to rear),Driver Distraction:  Manual operation of an electronic communication device,None Indicated,,Daylight,Dry,Clear,None apparent,Non-intersection:  Non-junction/no special feature,Paved,,Property Damage Only,0,0,0,0,0,0,3000,2,2,,POINT (-92.396045520979 41.015145438663)
2014807087,,06/06/2014,06-June,6-Friday,21:30,2100 Hours,District 2 (Northeast),,FLOYD,US 218,US 218 & MIDWAY RD & 250TH ST,Collision with:  Animal,On Roadway,Non-collision (single vehicle),Animal,None Indicated,,Dark - roadway lighted,Dry,Clear,None apparent,Non-intersection:  Non-junction/no special feature,Paved,,Property Damage Only,0,0,0,0,0,0,3000,1,2,,POINT (-92.60065758898 42.995757186097)
2014802492,14-008260,06/06/2014,06-June,6-Friday,15:30,1500 Hours,District 6 (East Central),TIPTON,CEDAR,IA 38,IA 38/CEDAR ST & 9TH ST,Collision with:  Vehicle in traffic,On Roadway,"Angle, oncoming left turn",Made improper turn,None Indicated,,Daylight,Dry,Clear,None apparent,Non-intersection:  Non-junction/no special feature,Paved,,Property Damage Only,0,0,0,0,0,0,3000,2,2,,POINT (-91.128406016662 41.774152762291)
2014802387,20140015865,06/06/2014,06-June,6-Friday,16:46,1600 Hours,District 1 (Central),DES MOINES,POLK,US 69,US 69/SE 14TH ST & E HEROLD AVE,Collision with:  Vehicle in traffic,On Roadway,Rear-end (front to rear),Followed too close,None Indicated,,Daylight,Dry,Clear,None apparent,Non-intersection:  Non-junction/no special feature,Paved,,Minor Injury,0,2,0,1,1,0,6000,3,3,,POINT (-93.596851434053 41.541720744763)
2014803887,2014-37424,06/06/2014,06-June,6-Friday,09:15,0900 Hours,District 6 (East Central),DAVENPORT,SCOTT,,E 35TH ST,Non-collision events:  Other non-collision (explain in narrative),On Roadway,Non-collision (single vehicle),Unknown,None Indicated,,Daylight,Dry,Clear,None apparent,Non-intersection:  Non-junction/no special feature,Paved,,Possible/Unknown,0,1,0,0,1,0,0,1,2,,POINT (-90.536438292183 41.55605233634)
2014807765,,06/06/2014,06-June,6-Friday,14:41,1400 Hours,District 6 (East Central),MAQUOKETA,JACKSON,,W PLEASANT ST & S NIAGARA ST,,On Roadway,"Angle, oncoming left turn",Crossed centerline (undivided),None Indicated,,Daylight,Dry,Clear,None apparent,Intersection:  Four-way intersection,Paved,,Property Damage Only,0,0,0,0,0,0,1600,2,3,,POINT (-90.667871250448 42.067712543514)
2014805739,,06/06/2014,06-June,6-Friday,21:00,2100 Hours,District 6 (East Central),,CLINTON,US 61,US 61,Collision with:  Animal,Roadside,Non-collision (single vehicle),Animal,None Indicated,,Dusk,Dry,Clear,,Non-intersection:  Non-junction/no special feature,Paved,,Minor Injury,0,1,0,1,0,0,1500,1,1,,POINT (-90.594853526063 41.911718539144)
2014802226,01-14-24387,06/06/2014,06-June,6-Friday,11:49,1100 Hours,District 6 (East Central),DUBUQUE,DUBUQUE,US 20,US 20/DODGE ST,Collision with:  Vehicle in traffic,On Roadway,Rear-end (front to rear),Lost Control,None Indicated,,Daylight,Dry,Cloudy,None apparent,Non-intersection:  Non-junction/no special feature,Paved,,Property Damage Only,0,0,0,0,0,0,7000,2,2,,POINT (-90.707273388037 42.491991969381)
2014802556,14-004685,06/06/2014,06-June,6-Friday,20:38,2000 Hours,District 6 (East Central),MANCHESTER,DELAWARE,,S FRANKLIN ST,Collision with:  Non-motorist (see non-motorist section - NOT a unit),Outside trafficway,Non-collision (single vehicle),FTYROW:  From parked position,Alcohol (Statutory),,Dusk,Dry,Clear,None apparent,Non-intersection:  Non-junction/no special feature,Paved,,Minor Injury,0,1,0,1,0,0,0,1,2,,POINT (-91.457889394224 42.483472525934)
2014802344,20140015810,06/06/2014,06-June,6-Friday,09:02,0900 Hours,District 1 (Central),DES MOINES,POLK,,SE 5TH ST,Collision with:  Vehicle in traffic,On Roadway,Broadside (front to side),Ran Stop Sign,None Indicated,,Daylight,Dry,Clear,None apparent,Intersection:  Four-way intersection,Paved,,Property Damage Only,0,0,0,0,0,0,10000,2,5,,POINT (-93.606518056559 41.551073807835)
2014803390,20141042,06/06/2014,06-June,6-Friday,16:30,1600 Hours,District 6 (East Central),MOUNT VERNON,LINN,,,Collision with:  Animal,,,Animal,None Indicated,,,,,,,,,Property Damage Only,0,0,0,0,0,0,1500,1,1,,POINT (-96.643700149993 40.233091251414)
2014803043,2014-38394,06/06/2014,06-June,6-Friday,14:00,1400 Hours,District 6 (East Central),DAVENPORT,SCOTT,,MIDDLE RD & JERSEY RIDGE RD,Collision with:  Vehicle in traffic,On Roadway,Head-on (front to front),"Operating vehicle in an reckless, erratic, careless, negligent manner",None Indicated,,Daylight,Dry,Clear,None apparent,Intersection:  Four-way intersection,Paved,,Property Damage Only,0,0,0,0,0,0,1800,2,2,,POINT (-90.542785418773 41.533789375901)
2014802552,2014-2545,06/06/2014,06-June,6-Friday,09:25,0900 Hours,District 4 (Southwest),WAUKEE,DALLAS,,SUNRISE DR,Collision with:  Vehicle in traffic,On Roadway,Broadside (front to side),FTYROW:  From driveway,None Indicated,,Daylight,Dry,Clear,None apparent,Non-intersection:  Driveway access (within),Paved,,Property Damage Only,0,0,0,0,0,0,1500,2,2,,POINT (-93.870178283608 41.618745222834)
2014802044,14-19067,06/06/2014,06-June,6-Friday,14:22,1400 Hours,District 5 (Southeast),BURLINGTON,DES MOINES,,JEFFERSON ST & 5TH ST,Collision with:  Vehicle in traffic,On Roadway,Broadside (front to side),FTYROW:  From parked position,None Indicated,,Daylight,Dry,Clear,None apparent,Intersection:  Four-way intersection,Paved,,Property Damage Only,0,0,0,0,0,0,1500,2,3,,POINT (-91.105029637881 40.810411276023)
2014802393,14-1246,06/06/2014,06-June,6-Friday,11:42,1100 Hours,District 1 (Central),URBANDALE,POLK,,SHERIDAN AVE & 72ND ST,Collision with:  Vehicle in traffic,On Roadway,Rear-end (front to rear),"Operating vehicle in an reckless, erratic, careless, negligent manner",None Indicated,,Daylight,Dry,Clear,None apparent,Non-intersection:  Non-junction/no special feature,Paved,,Possible/Unknown,0,1,0,0,1,0,7500,3,4,,POINT (-93.717084966718 41.618343005015)
2014802333,14-002444,06/06/2014,06-June,6-Friday,13:39,1300 Hours,District 1 (Central),ANKENY,POLK,,W 1ST ST & SW STATE ST & NW STATE ST,Collision with:  Vehicle in traffic,On Roadway,"Angle, oncoming left turn",FTYROW:  Making left turn,None Indicated,,Daylight,Dry,Clear,None apparent,Intersection:  Four-way intersection,Paved,,Property Damage Only,0,0,0,0,0,0,4000,2,5,,POINT (-93.621502529566 41.731857745616)
2014802640,2014-37498,06/06/2014,06-June,6-Friday,18:25,1800 Hours,District 6 (East Central),DAVENPORT,SCOTT,,MOUND ST,Collision with:  Parked motor vehicle,On Roadway,"Sideswipe, same direction",Swerving/Evasive Action,None Indicated,,Daylight,Dry,Cloudy,None apparent,Non-intersection:  Non-junction/no special feature,Paved,,Property Damage Only,0,0,0,0,0,0,13000,2,1,,POINT (-90.546474216369 41.530697933207)
2014820432,2014-43-AC,06/06/2014,06-June,6-Friday,13:36,1300 Hours,District 3 (Northwest),LAKE PARK,DICKINSON,IA 9,IA 9/IOWA 9,Collision with:  Animal,On Roadway,Non-collision (single vehicle),Animal,None Indicated,,Daylight,Dry,Cloudy,None apparent,Non-intersection:  Non-junction/no special feature,Paved,,Property Damage Only,0,0,0,0,0,0,3000,1,3,,POINT (-95.243760525297 43.430453599022)
2014803836,A14045,06/06/2014,06-June,6-Friday,12:27,1200 Hours,District 5 (Southeast),KNOXVILLE,MARION,IA 14,IA 14/LINCOLN ST & W ROBINSON ST,Collision with:  Vehicle in traffic,On Roadway,Rear-end (front to rear),Lost Control,None Indicated,,Daylight,Dry,Cloudy,None apparent,Non-intersection:  Non-junction/no special feature,Paved,,Property Damage Only,0,0,0,0,0,0,2500,2,3,,POINT (-93.109527272728 41.317983418321)
2014802681,14-002719,06/06/2014,06-June,6-Friday,15:09,1500 Hours,District 1 (Central),AMES,STORY,,LINCOLN WAY & MARSHALL AVE,Collision with:  Vehicle in traffic,On Roadway,"Angle, oncoming left turn",FTYROW:  Making left turn,None Indicated,,Daylight,Dry,Clear,None apparent,Intersection:  Four-way intersection,Paved,,Possible/Unknown,0,1,0,0,1,0,4500,2,4,,POINT (-93.668948141829 42.022852995597)
2014802421,14-5908,06/06/2014,06-June,6-Friday,02:30,0200 Hours,District 3 (Northwest),,SAC,US 71,US 71/330TH ST,Non-collision events:  Other non-collision (explain in narrative),On Roadway,Non-collision (single vehicle),Ran off road - right,None Indicated,,Dark - roadway not lighted,Dry,Clear,None apparent,Non-intersection:  Non-junction/no special feature,Paved,,Property Damage Only,0,0,0,0,0,0,10100,1,1,,POINT (-95.085333136824 42.311540787973)
2014804899,14-052,06/06/2014,06-June,6-Friday,19:40,1900 Hours,District 3 (Northwest),SIOUX CENTER,SIOUX,US 75,US 75/MAIN AVE,Collision with:  Non-motorist (see non-motorist section - NOT a unit),On Roadway,Non-collision (single vehicle),Other (explain in narrative):  No improper action,None Indicated,,Daylight,Dry,Clear,None apparent,Non-intersection:  Non-junction/no special feature,Paved,,Possible/Unknown,0,1,0,0,1,0,1000,1,1,,POINT (-96.17540501932 43.067891063735)
2014802548,14-3321,06/06/2014,06-June,6-Friday,11:04,1100 Hours,District 3 (Northwest),CHEROKEE,CHEROKEE,,W MAIN ST,Collision with:  Vehicle in traffic,On Roadway,Rear-end (front to rear),Followed too close,None Indicated,,Daylight,Dry,Clear,None apparent,Non-intersection:  Non-junction/no special feature,Paved,,Minor Injury,0,1,0,1,0,0,2000,2,2,,POINT (-95.552168519421 42.749692462896)
2014802405,14-023109,06/06/2014,06-June,6-Friday,13:45,1300 Hours,District 4 (Southwest),COUNCIL BLUFFS,POTTAWATTAMIE,,32ND AVE & S EXPRESSWAY,Collision with:  Vehicle in traffic,On Roadway,Rear-end (front to rear),Driver Distraction:  Passenger,None Indicated,,Daylight,Dry,Clear,None apparent,Non-intersection:  Non-junction/no special feature,Paved,,Property Damage Only,0,0,0,0,0,0,5500,3,6,,POINT (-95.851338015236 41.228210536294)
2014802176,14055901,06/06/2014,06-June,6-Friday,08:30,0800 Hours,District 2 (Northeast),CEDAR FALLS,BLACK HAWK,US 218,US 218/SPECIAL CASE & IA 57/1ST ST,Collision with:  Animal,On Roadway,Non-collision (single vehicle),Animal,None Indicated,,Daylight,Dry,Clear,None apparent,Non-intersection:  Non-junction/no special feature,Paved,,Property Damage Only,0,0,0,0,0,0,6000,1,1,,POINT (-92.42880449752 42.537417954146)
2014802680,14-002711,06/06/2014,06-June,6-Friday,08:40,0800 Hours,District 1 (Central),AMES,STORY,I-35,I-35,Collision with:  Vehicle in traffic,On Roadway,Rear-end (front to rear),Improper or erratic lane changing,None Indicated,,Daylight,Dry,Clear,None apparent,Intersection:  Intersection with ramp,Paved,,Property Damage Only,0,0,0,0,0,0,5000,2,3,,POINT (-93.571176201535 42.008826512514)
2014802518,,06/06/2014,06-June,6-Friday,02:25,0200 Hours,District 1 (Central),,GRUNDY,US 20,US 20,Collision with:  Animal,On Roadway,Non-collision (single vehicle),Animal,None Indicated,,Dark - roadway not lighted,Dry,Other (explain in narrative),,Non-intersection:  Non-junction/no special feature,Paved,,Property Damage Only,0,0,0,0,0,0,1500,1,1,,POINT (-92.941020799366 42.462339407429)
2014802309,20141905,06/06/2014,06-June,6-Friday,12:00,1200 Hours,District 6 (East Central),,LINN,,Co Rd E70/WRIGHT BROTHER S BLVD,Collision with:  Animal,,,Animal,None Indicated,,,,,,,Paved,,Property Damage Only,0,0,0,0,0,0,2000,1,1,,POINT (-91.610758409175 41.889925979146)
2014802127,20140015841,06/06/2014,06-June,6-Friday,13:00,1300 Hours,District 1 (Central),DES MOINES,POLK,US 69,US 69/SE 14TH ST & CUMMINS RD,Collision with:  Vehicle in traffic,On Roadway,"Angle, oncoming left turn",FTYROW:  Making left turn,None Indicated,,Daylight,Dry,Clear,None apparent,Intersection:  Four-way intersection,Paved,,Property Damage Only,0,0,0,0,0,0,8000,2,2,,POINT (-93.596781891919 41.528939691847)
2014803166,S14-002006,06/06/2014,06-June,6-Friday,12:02,1200 Hours,District 4 (Southwest),AVOCA,POTTAWATTAMIE,US 59,US 59/N WALNUT ST & W BAKER ST,Collision with:  Vehicle in traffic,On Roadway,Rear-end (front to rear),FTYROW:  Other (explain in narrative),None Indicated,,Daylight,Dry,Cloudy,None apparent,Non-intersection:  Non-junction/no special feature,Paved,,Major Injury,0,2,1,1,0,0,18000,2,3,,POINT (-95.337869254396 41.482266888372)
2014802404,14-023070,06/06/2014,06-June,6-Friday,06:43,0600 Hours,District 4 (Southwest),COUNCIL BLUFFS,POTTAWATTAMIE,,VALLEY VIEW DR,Collision with:  Vehicle in traffic,On Roadway,"Angle, oncoming left turn",Crossed centerline (undivided),None Indicated,,Dawn,Dry,Clear,None apparent,Non-intersection:  Driveway access (within),Paved,,Fatal,1,0,0,0,0,0,5000,2,2,,POINT (-95.81430522095 41.249819072843)
2014802354,20140015845,06/06/2014,06-June,6-Friday,14:15,1400 Hours,District 1 (Central),DES MOINES,POLK,,E LOCUST ST & E 4TH ST,Collision with:  Vehicle in traffic,On Roadway,Rear-end (front to rear),Followed too close,None Indicated,,Daylight,Dry,Clear,None apparent,Intersection:  Four-way intersection,Paved,,Property Damage Only,0,0,0,0,0,0,1505,2,2,,POINT (-93.61267103651 41.589340149141)
2014802317,14-2806,06/06/2014,06-June,6-Friday,17:30,1700 Hours,District 6 (East Central),HIAWATHA,LINN,,BOYSON RD & MILLER RD,Collision with:  Vehicle in traffic,On Roadway,Broadside (front to side),FTYROW:  From stop sign,None Indicated,,Daylight,Dry,Clear,None apparent,Intersection:  T-intersection,Paved,,Minor Injury,0,2,0,2,0,0,4000,2,2,,POINT (-91.702309939953 42.044296318094)
2014802376,20140015868,06/06/2014,06-June,6-Friday,18:05,1800 Hours,District 1 (Central),DES MOINES,POLK,,HUBBELL AVE & E 23RD ST,Collision with:  Vehicle in traffic,On Roadway,Broadside (front to side),FTYROW:  From stop sign,None Indicated,,Daylight,Dry,Clear,None apparent,Intersection:  Five points or more,Paved,,Property Damage Only,0,0,0,0,0,0,2800,2,4,,POINT (-93.574464589802 41.603615728002)
2014802374,20140015855,06/06/2014,06-June,6-Friday,15:52,1500 Hours,District 1 (Central),DES MOINES,POLK,IA 28,IA 28/63RD ST,Collision with:  Vehicle in traffic,On Roadway,Rear-end (front to rear),Followed too close,None Indicated,,Daylight,Dry,Cloudy,None apparent,Non-intersection:  Non-junction/no special feature,Paved,,Property Damage Only,0,0,0,0,0,0,6000,3,4,,POINT (-93.703743864595 41.608994919473)
2014804185,01-14-24332,06/06/2014,06-June,6-Friday,02:06,0200 Hours,District 6 (East Central),DUBUQUE,DUBUQUE,US 52,US 52/E 21ST ST/CENTRAL AVE,Collision with:  Vehicle in traffic,On Roadway,Broadside (front to side),Crossed centerline (undivided),Refused,,Dark - roadway lighted,Dry,Clear,None apparent,Intersection:  Y-intersection,Paved,,Minor Injury,0,1,0,1,0,0,32250,3,2,,POINT (-90.670528678051 42.512232781726)
2014802355,20140015857,06/06/2014,06-June,6-Friday,16:00,1600 Hours,District 1 (Central),DES MOINES,POLK,US 6,US 6/DOUGLAS AVE & BEAVER AVE,Collision with:  Vehicle in traffic,On Roadway,Rear-end (front to rear),Other (explain in narrative):  Other,None Indicated,,Daylight,Dry,Cloudy,None apparent,Non-intersection:  Non-junction/no special feature,Paved,,Property Damage Only,0,0,0,0,0,0,5000,2,2,,POINT (-93.678047310248 41.629478582552)
2014802301,14016690,06/06/2014,06-June,6-Friday,08:37,0800 Hours,District 5 (Southeast),,LEE,US 61,US 61/US 61 SE RAMP/US 61 SW RAMP & IA 2/IOWA 2,Collision with:  Vehicle in traffic,On Roadway,Rear-end (front to rear),Other (explain in narrative):  Other,None Indicated,,Daylight,Dry,Cloudy,None apparent,Interchange-related:  Off-ramp,Paved,,Property Damage Only,0,0,0,0,0,0,1500,2,2,,POINT (-91.397304823234 40.625437408989)
2014810980,14-03765,06/06/2014,06-June,6-Friday,16:23,1600 Hours,District 2 (Northeast),OELWEIN,FAYETTE,IA 150,IA 150/1ST AVE SE,Collision with:  Non-motorist (see non-motorist section - NOT a unit),On Roadway,Non-collision (single vehicle),Other (explain in narrative):  No improper action,None Indicated,,Daylight,Dry,Clear,None apparent,Intersection:  Four-way intersection,Paved,,Minor Injury,0,1,0,1,0,0,1500,1,2,,POINT (-91.912057700642 42.675532782343)
2014802045,14-19082,06/06/2014,06-June,6-Friday,15:15,1500 Hours,District 5 (Southeast),BURLINGTON,DES MOINES,,3RD ST,Collision with:  Parked motor vehicle,On Roadway,Unknown,Improper Backing,None Indicated,,Daylight,Dry,Clear,None apparent,Non-intersection:  Non-junction/no special feature,Paved,,Property Damage Only,0,0,0,0,0,0,1800,2,1,,POINT (-91.103131640361 40.808785694184)
2014802928,201408024,06/06/2014,06-June,6-Friday,11:28,1100 Hours,District 6 (East Central),CEDAR RAPIDS,LINN,IA 100,IA 100/COLLINS RD NE & COUNCIL ST NE,Collision with:  Vehicle in traffic,On Roadway,"Sideswipe, opposite direction",FTYROW:  Making left turn,None Indicated,,Daylight,Dry,Clear,None apparent,Intersection:  Four-way intersection,Paved,,Property Damage Only,0,0,0,0,0,0,7500,2,2,,POINT (-91.658286499335 42.028497267939)
2014803137,14-013582,06/06/2014,06-June,6-Friday,17:56,1700 Hours,District 5 (Southeast),,MARION,IA 5,IA 5/IOWA 5 & ORANGE ST & HWY G76,Non-collision events:  Overturn/rollover,On Roadway,Non-collision (single vehicle),Crossed centerline (undivided),Alcohol (< Statutory),,Daylight,Dry,Clear,None apparent,Intersection:  T-intersection,Paved,,Minor Injury,0,1,0,1,0,0,1000,1,1,,POINT (-93.018590910817 41.233216519036)
2014803580,2014033620,06/06/2014,06-June,6-Friday,14:48,1400 Hours,District 6 (East Central),CEDAR RAPIDS,LINN,,BLAIRS FERRY RD & 6TH AVE,Collision with:  Vehicle in traffic,On Roadway,Broadside (front to side),FTYROW:  Other (explain in narrative),None Indicated,,Daylight,Dry,Clear,None apparent,Non-intersection:  Driveway access (within),Paved,,Property Damage Only,0,0,0,0,0,0,8300,2,2,,POINT (-91.677714455658 42.034730003559)