Iowa DOT Case Number,Law Enforcement Case Number,Date of Crash,Month of Crash,Day of Week,Time of Crash,Hour,DOT District,City Name,County Name,Route with System,Location Description,First Harmful Event,Location of First Harmful Event,Manner of Crash/Collision,Major Cause,Drug or Alcohol ,Environmental Conditions,Light Conditions,Surface Conditions,Weather Conditions,Roadway Contribution,Roadway Type,Roadway Surface,Work Zone,Crash Severity,Number of Fatalities,Number of Injuries,Number of Major Injuries,Number of Minor Injuries,Number of Possible Injuries,Number of Unknown Injuries,Amount of Property Damage,Number of Vehicles Involved,Total Number of Occupants,Travel Direction,Location
2014803625,14005083,06/07/2014,06-June,7-Saturday,12:41,1200 Hours,District 6 (East Central),,BUCHANAN,IA 187,IA 187/WASHBURN AVE,Collision with:  Animal,,Non-collision (single vehicle),Animal,None Indicated,,,,,,,Paved,,Property Damage Only,0,0,0,0,0,0,4000,1,1,,POINT (-91.648129876655 42.505002825692)
2014802612,S79140180,06/07/2014,06-June,7-Saturday,06:02,0600 Hours,District 1 (Central),,POWESHIEK,I-80,I-80,Collision with:  Animal,On Roadway,Non-collision (single vehicle),Animal,None Indicated,,Dawn,Dry,Clear,None apparent,Non-intersection:  Non-junction/no special feature,Paved,,Property Damage Only,0,0,0,0,0,0,2000,1,2,,POINT (-92.530107617371 41.696153112166)
2014805365,2014033818,06/07/2014,06-June,7-Saturday,15:37,1500 Hours,District 1 (Central),WEST DES MOINES,POLK,I-35,I-35,Collision with:  Vehicle in traffic,On Roadway,Rear-end (front to rear),Crossed centerline (undivided),None Indicated,,Daylight,Dry,Cloudy,Work Zone (roadway-related),"Interchange-related:  Off-ramp, diverge area",Paved,Yes,Property Damage Only,0,0,0,0,0,0,5000,2,7,,POINT (-93.77407474409 41.532854998329)
2014802185,W14-056320,06/07/2014,06-June,7-Saturday,07:21,0700 Hours,District 2 (Northeast),WATERLOO,BLACK HAWK,,CENTER ST & BROADWAY ST,Collision with:  Vehicle in traffic,On Roadway,Broadside (front to side),Ran Stop Sign,None Indicated,,Daylight,Dry,Clear,None apparent,Intersection:  Four-way intersection,Paved,,Property Damage Only,0,0,0,0,0,0,5500,2,2,,POINT (-92.345089272957 42.511177507606)
2014802240,02-14-8697,06/07/2014,06-June,7-Saturday,11:30,1100 Hours,District 6 (East Central),,DUBUQUE,,Co Rd C9Y/BALLTOWN RD,Collision with:  Vehicle in traffic,On Roadway,"Sideswipe, same direction",Other (explain in narrative):  Other,None Indicated,,Daylight,Dry,Cloudy,None apparent,Non-intersection:  Non-junction/no special feature,Paved,,Property Damage Only,0,0,0,0,0,0,7000,2,3,,POINT (-90.824919016032 42.629625626423)
2014803958,2014033798,06/07/2014,06-June,7-Saturday,13:20,1300 Hours,District 6 (East Central),,SCOTT,I-80,I-80,Collision with fixed object:  Ditch,On Roadway,Non-collision (single vehicle),Ran off road - right,None Indicated,,Daylight,Dry,Cloudy,None apparent,Non-intersection:  Non-junction/no special feature,Paved,,Property Damage Only,0,0,0,0,0,0,3000,1,5,,POINT (-90.824319797427 41.628529116316)
2014802324,14-023830,06/07/2014,06-June,7-Saturday,14:50,1400 Hours,District 5 (Southeast),MUSCATINE,MUSCATINE,,PARK DR,Collision with fixed object:  Utility pole/light support,On Roadway,Non-collision (single vehicle),Ran off road - right,None Indicated,,Daylight,Wet,Rain,None apparent,Non-intersection:  Non-junction/no special feature,Paved,,Minor Injury,0,1,0,1,0,0,2200,1,1,,POINT (-91.025155185985 41.437700729252)
2014802655,2014-37739,06/07/2014,06-June,7-Saturday,17:36,1700 Hours,District 6 (East Central),DAVENPORT,SCOTT,,ROCKINGHAM RD & W 2ND ST & FILLMORE ST,Collision with:  Vehicle in traffic,On Roadway,Broadside (front to side),FTYROW:  Making left turn,None Indicated,,Daylight,Wet,Rain,None apparent,Intersection:  T-intersection,Paved,,Property Damage Only,0,0,0,0,0,0,6000,2,4,,POINT (-90.594333395809 41.52131621035)
2014802298,14-016892,06/07/2014,06-June,7-Saturday,22:08,2200 Hours,District 5 (Southeast),,LEE,US 218,US 218,Collision with:  Animal,,,Animal,None Indicated,,,,,,,Paved,,Property Damage Only,0,0,0,0,0,0,2500,1,1,,POINT (-91.461362048403 40.526955194866)
2014852936,,06/07/2014,06-June,7-Saturday,00:44,0000 Hours,District 6 (East Central),WALCOTT,SCOTT,I-80,I-80,Collision with:  Animal,On Roadway,Non-collision (single vehicle),Animal,None Indicated,,Dark - roadway not lighted,Dry,Clear,None apparent,Non-intersection:  Non-junction/no special feature,Paved,,Property Damage Only,0,0,0,0,0,0,2500,1,1,,POINT (-90.825815320752 41.629034768949)
2014802395,14-1253,06/07/2014,06-June,7-Saturday,09:29,0900 Hours,District 1 (Central),URBANDALE,POLK,,70TH ST,Collision with:  Vehicle in traffic,On Roadway,Broadside (front to side),Made improper turn,None Indicated,,Daylight,Dry,Cloudy,None apparent,Intersection:  Four-way intersection,Paved,,Property Damage Only,0,0,0,0,0,0,6500,2,2,,POINT (-93.712229542985 41.633054882682)
2014803351,90-14-178,06/07/2014,06-June,7-Saturday,22:30,2200 Hours,District 2 (Northeast),,HUMBOLDT,,Co Rd P56/LONE TREE RD,Collision with fixed object:  Ditch,Roadside,Non-collision (single vehicle),Ran off road - right,None Indicated,,Dark - roadway not lighted,Dry,Cloudy,None apparent,Non-intersection:  Non-junction/no special feature,Unpaved,,Property Damage Only,0,0,0,0,0,0,7500,1,1,,POINT (-94.178281370862 42.660761655991)
2014802382,20140015940,06/07/2014,06-June,7-Saturday,09:26,0900 Hours,District 1 (Central),DES MOINES,POLK,,CHERRY ST & 5TH AVE,Collision with:  Vehicle in traffic,On Roadway,Rear-end (front to rear),Followed too close,None Indicated,,Daylight,Dry,Cloudy,None apparent,Non-intersection:  Non-junction/no special feature,Paved,,Property Damage Only,0,0,0,0,0,0,2000,2,5,,POINT (-93.622748886642 41.584313998404)
2014802312,14011721,06/07/2014,06-June,7-Saturday,12:08,1200 Hours,District 6 (East Central),MARION,LINN,,NEWCASTLE RD & EAST ROBINS RD,Collision with:  Animal,On Roadway,Non-collision (single vehicle),Animal,None Indicated,,Daylight,Dry,Cloudy,None apparent,Non-intersection:  Non-junction/no special feature,Paved,,Property Damage Only,0,0,0,0,0,0,5000,1,1,,POINT (-91.62194068542 42.053554497639)
2014802342,20140016013,06/07/2014,06-June,7-Saturday,21:25,2100 Hours,District 1 (Central),DES MOINES,POLK,,WATROUS AVE,Non-collision events:  Other non-collision (explain in narrative),Roadside,Non-collision (single vehicle),"Operating vehicle in an reckless, erratic, careless, negligent manner",Refused,,Dark - roadway lighted,Dry,Clear,None apparent,Intersection:  Four-way intersection,Paved,,Property Damage Only,0,0,0,0,0,0,5000,1,3,,POINT (-93.616226924137 41.548166868306)
2014804090,14-1025,06/07/2014,06-June,7-Saturday,13:45,1300 Hours,District 1 (Central),POLK CITY,POLK,,E NORTHSIDE DR,Collision with fixed object:  Utility pole/light support,Shoulder,Non-collision (single vehicle),Swerving/Evasive Action,None Indicated,,Daylight,Wet,Rain,"Surface condition (e.g., wet, icy)",Non-intersection:  Non-junction/no special feature,Paved,,Possible/Unknown,0,1,0,0,1,0,14000,1,1,,POINT (-93.695649893641 41.776936023601)
2014802326,06-14-048,06/07/2014,06-June,7-Saturday,10:20,1000 Hours,District 3 (Northwest),LE MARS,PLYMOUTH,,2ND ST SE & 5TH AVE SE,Collision with:  Vehicle in traffic,On Roadway,Broadside (front to side),Ran Stop Sign,None Indicated,,Daylight,Dry,Clear,None apparent,Intersection:  Four-way intersection,Paved,,Property Damage Only,0,0,0,0,0,0,2800,2,2,,POINT (-96.159149361105 42.790606959516)
2014802294,2014006242,06/07/2014,06-June,7-Saturday,13:52,1300 Hours,District 6 (East Central),IOWA CITY,JOHNSON,,W BENTON ST & MILLER AVE,Collision with:  Vehicle in traffic,On Roadway,Rear-end (front to rear),Followed too close,None Indicated,,Daylight,Wet,Rain,None apparent,Intersection:  T-intersection,Paved,,Property Damage Only,0,0,0,0,0,0,3500,2,3,,POINT (-91.546675095897 41.650401167167)
2014802255,SO1402160,06/07/2014,06-June,7-Saturday,14:42,1400 Hours,District 5 (Southeast),,JEFFERSON,US 34,US 34,Collision with:  Animal,,,Animal,None Indicated,,,,,,,Paved,,Property Damage Only,0,0,0,0,0,0,9000,1,1,,POINT (-91.787827997322 40.991950307311)
2014802412,14-023262,06/07/2014,06-June,7-Saturday,10:46,1000 Hours,District 4 (Southwest),COUNCIL BLUFFS,POTTAWATTAMIE,I-29,I-29 & S 24TH ST,Collision with:  Vehicle in traffic,On Roadway,"Sideswipe, same direction",Unknown,None Indicated,,Daylight,Wet,Rain,Work Zone (roadway-related),Intersection:  Four-way intersection,Paved,Yes,Property Damage Only,0,0,0,0,0,0,1500,2,2,,POINT (-95.879241878907 41.2312082483)
2014802414,14-023293,06/07/2014,06-June,7-Saturday,15:55,1500 Hours,District 4 (Southwest),COUNCIL BLUFFS,POTTAWATTAMIE,I-29,I-29 & AVE A & N 36TH ST,Collision with:  Vehicle in traffic,On Roadway,Broadside (front to side),Exceeded authorized speed,None Indicated,,Daylight,Dry,Cloudy,None apparent,Intersection:  Four-way intersection,Paved,,Major Injury,0,2,1,1,0,0,12000,2,2,,POINT (-95.904680817338 41.262793437827)
2014804030,14-003824,06/07/2014,06-June,7-Saturday,21:52,2100 Hours,District 1 (Central),,HAMILTON,US 20,US 20,Collision with fixed object:  Ditch,Roadside,Non-collision (single vehicle),Ran off road - right,None Indicated,,Dark - roadway lighted,Dry,Cloudy,None apparent,Interchange-related:  On-ramp merge area,Paved,,Possible/Unknown,0,2,0,0,2,0,4000,1,2,,POINT (-93.902153509641 42.448960780718)
2014802335,14-002463,06/07/2014,06-June,7-Saturday,13:48,1300 Hours,District 1 (Central),ANKENY,POLK,I-35,I-35,Non-collision events:  Overturn/rollover,On Roadway,Non-collision (single vehicle),Over correcting/over steering,None Indicated,,Daylight,Wet,Rain,"Surface condition (e.g., wet, icy)",Non-intersection:  Non-junction/no special feature,Paved,,Minor Injury,0,2,0,2,0,0,12381,1,3,,POINT (-93.576393499811 41.744648671645)
2014802242,14-0808,06/07/2014,06-June,7-Saturday,06:17,0600 Hours,District 1 (Central),,GREENE,,Co Rd E18/130TH & Co Rd P33/S AVE,Collision with fixed object:  Ditch,Roadside,Non-collision (single vehicle),Crossed centerline (undivided),None Indicated,,Unknown,Unknown,Unknown,None apparent,Non-intersection:  Non-junction/no special feature,Paved,,Possible/Unknown,0,1,0,0,0,1,25000,1,1,,POINT (-94.281193455964 42.166039310875)
2014803515,14-002732,06/07/2014,06-June,7-Saturday,02:26,0200 Hours,District 1 (Central),AMES,STORY,I-35,I-35,Collision with:  Animal,,,Animal,None Indicated,,,,,,,Paved,,Property Damage Only,0,0,0,0,0,0,2000,1,1,,POINT (-93.571157036135 42.008034025495)
2014802178,14056346,06/07/2014,06-June,7-Saturday,09:14,0900 Hours,District 2 (Northeast),CEDAR FALLS,BLACK HAWK,,4TH ST & FRANKLIN ST,Collision with:  Vehicle in traffic,On Roadway,Broadside (front to side),FTYROW:  From stop sign,None Indicated,,Daylight,Dry,Cloudy,None apparent,Intersection:  Four-way intersection,Paved,,Property Damage Only,0,0,0,0,0,0,3500,2,4,,POINT (-92.449515232595 42.535042724672)
2014803583,2014033810,06/07/2014,06-June,7-Saturday,14:37,1400 Hours,District 1 (Central),,POLK,I-35,I-35,Collision with:  Vehicle in traffic,On Roadway,Rear-end (front to rear),Swerving/Evasive Action,None Indicated,,Daylight,Water (standing or moving),Rain,"Surface condition (e.g., wet, icy)",Non-intersection:  Non-junction/no special feature,Paved,,Property Damage Only,0,0,0,0,0,0,6500,2,2,,POINT (-93.586135257542 41.650691485662)
2014808217,2014033825,06/07/2014,06-June,7-Saturday,15:58,1500 Hours,District 4 (Southwest),,HARRISON,I-29,I-29 & Co Rd F20/EASTON TRL,Non-collision events:  Overturn/rollover,Gore,Non-collision (single vehicle),Crossed centerline (undivided),None Indicated,,Daylight,Dry,Cloudy,None apparent,Non-intersection:  Other non-intersection (explain in narrative),Paved,,Minor Injury,0,3,0,3,0,0,8000,1,3,,POINT (-96.053046758264 41.803255438243)
2014802683,14-002738,06/07/2014,06-June,7-Saturday,12:59,1200 Hours,District 1 (Central),AMES,STORY,US 69,US 69/GRAND AVE,Collision with:  Vehicle in traffic,On Roadway,Rear-end (front to rear),Driving too fast for conditions,None Indicated,,Daylight,Wet,Rain,None apparent,Non-intersection:  Non-junction/no special feature,Paved,,Possible/Unknown,0,1,0,0,1,0,8000,2,4,,POINT (-93.620412839777 42.036311210326)
2014802399,14-2676,06/07/2014,06-June,7-Saturday,15:10,1500 Hours,District 1 (Central),WEST DES MOINES,POLK,,35TH ST/VALLEY WEST DR,Collision with:  Vehicle in traffic,On Roadway,Rear-end (front to rear),Followed too close,None Indicated,,Daylight,Wet,Rain,None apparent,Non-intersection:  Non-junction/no special feature,Paved,,Property Damage Only,0,0,0,0,0,0,1800,2,2,,POINT (-93.751888754243 41.595143282476)
2014802297,14-016855,06/07/2014,06-June,7-Saturday,15:00,1500 Hours,District 5 (Southeast),WEST POINT,LEE,US 218,US 218,Collision with:  Vehicle in traffic,On Roadway,Rear-end (front to rear),Followed too close,Alcohol (Statutory),,Daylight,Wet,Rain,"Surface condition (e.g., wet, icy)",Non-intersection:  Non-junction/no special feature,Paved,,Minor Injury,0,2,0,2,0,0,4001,2,3,,POINT (-91.564068703105 40.676763280974)
2014802665,14-000688,06/07/2014,06-June,7-Saturday,21:50,2100 Hours,District 1 (Central),,STORY,I-35,I-35,Collision with:  Animal,,,Animal,None Indicated,,,,,,,Paved,,Property Damage Only,0,0,0,0,0,0,3500,1,1,,POINT (-93.571331073201 42.022083450691)
2014802429,2014-10624,06/07/2014,06-June,7-Saturday,16:19,1600 Hours,District 6 (East Central),BETTENDORF,SCOTT,,CENTRAL AVE & DEVILS GLEN RD,Collision with:  Vehicle in traffic,On Roadway,Rear-end (front to rear),Other (explain in narrative):  Other,None Indicated,,Daylight,Wet,Rain,None apparent,Intersection:  T-intersection,Paved,,Property Damage Only,0,0,0,0,0,0,4000,2,5,,POINT (-90.482696734395 41.531669376192)
2014803810,14083303,06/07/2014,06-June,7-Saturday,11:39,1100 Hours,District 6 (East Central),,JOHNSON,IA 1,IA 1/IOWA 1,Collision with:  Vehicle in traffic,On Roadway,Rear-end (front to rear),Swerving/Evasive Action,None Indicated,,Daylight,Dry,Cloudy,Work Zone (roadway-related),Non-intersection:  Non-junction/no special feature,Paved,Yes,Property Damage Only,0,0,0,0,0,0,4000,2,3,,POINT (-91.606891824205 41.624540454443)
2014803034,2014-37772,06/07/2014,06-June,7-Saturday,23:01,2300 Hours,District 6 (East Central),DAVENPORT,SCOTT,,IA 461/HARRISON ST & W 29TH ST,Collision with:  Vehicle in traffic,On Roadway,Broadside (front to side),Ran Stop Sign,None Indicated,,Dark - roadway lighted,Dry,Clear,None apparent,Intersection:  Four-way intersection,Paved,,Property Damage Only,0,0,0,0,0,0,1500,2,3,,POINT (-90.576591739128 41.549700983961)
2014802413,14-023273,06/07/2014,06-June,7-Saturday,12:30,1200 Hours,District 4 (Southwest),COUNCIL BLUFFS,POTTAWATTAMIE,I-29,I-29 & IA 92/OMAHA BRIDGE RD,Collision with:  Vehicle in traffic,On Roadway,Rear-end (front to rear),Lost Control,None Indicated,,Daylight,Wet,Cloudy,None apparent,Non-intersection:  Non-junction/no special feature,Paved,,Property Damage Only,0,0,0,0,0,0,9500,2,3,,POINT (-95.831167784789 41.221368386758)
2014802915,14-060607-01,06/07/2014,06-June,7-Saturday,03:30,0300 Hours,District 6 (East Central),,IOWA,,247TH ST,Non-collision events:  Overturn/rollover,On Roadway,Non-collision (single vehicle),Ran off road - straight,None Indicated,,Dark - roadway not lighted,"Mud, dirt",Cloudy,None apparent,Non-intersection:  Non-junction/no special feature,Unpaved,,Property Damage Only,0,0,0,0,0,0,5000,1,1,,POINT (-92.076154080327 41.648275060449)
2014802254,SO1402159,06/07/2014,06-June,7-Saturday,13:40,1300 Hours,District 5 (Southeast),,JEFFERSON,US 34,US 34 & FIR AVE,Collision with fixed object:  Ditch,Roadside,Non-collision (single vehicle),Driving too fast for conditions,None Indicated,,Daylight,Wet,Rain,"Surface condition (e.g., wet, icy)",Intersection:  T-intersection,Paved,,Property Damage Only,0,0,0,0,0,0,3600,1,1,,POINT (-92.082501667483 41.00984213338)
2014803597,B14-1085,06/07/2014,06-June,7-Saturday,06:47,0600 Hours,District 3 (Northwest),SIOUX CITY,WOODBURY,I-29,I-29,Collision with:  Animal,On Roadway,Non-collision (single vehicle),Animal,None Indicated,,Daylight,Wet,Cloudy,None apparent,Non-intersection:  Non-junction/no special feature,Paved,Yes,Property Damage Only,0,0,0,0,0,0,3500,1,1,,POINT (-96.365533939908 42.411308454735)
2014802306,201401921,06/07/2014,06-June,7-Saturday,10:00,1000 Hours,District 6 (East Central),,LINN,,Co Rd W36/PALO MARSH RD & POWER PLANT RD,Collision with:  Animal,,,Animal,None Indicated,,,,,,,Paved,,Property Damage Only,0,0,0,0,0,0,5000,1,1,,POINT (-91.794492266914 42.09525991045)
2014802205,CL14001884,06/07/2014,06-June,7-Saturday,15:27,1500 Hours,District 6 (East Central),CLINTON,CLINTON,,S 7TH ST,Collision with:  Vehicle in traffic,On Roadway,Broadside (front to side),Improper Backing,None Indicated,,Daylight,Dry,Cloudy,None apparent,Non-intersection:  Alley,Paved,,Property Damage Only,0,0,0,0,0,0,3500,2,1,,POINT (-90.201730731499 41.844962160667)
2014802315,14-2839,06/07/2014,06-June,7-Saturday,21:45,2100 Hours,District 6 (East Central),HIAWATHA,LINN,I-380,I-380 & TOWER TERRACE RD,Collision with:  Animal,On Roadway,Non-collision (single vehicle),Animal,None Indicated,,Dark - roadway not lighted,Wet,Cloudy,None apparent,Non-intersection:  Non-junction/no special feature,Paved,,Property Damage Only,0,0,0,0,0,0,2000,1,1,,POINT (-91.699934710776 42.05885971225)
2014802896,01-14-24617,06/07/2014,06-June,7-Saturday,14:24,1400 Hours,District 6 (East Central),DUBUQUE,DUBUQUE,IA 32,IA 32/IA32 NW ARTERIAL,Collision with:  Vehicle in traffic,On Roadway,Rear-end (front to rear),Lost Control,None Indicated,,Daylight,Dry,Cloudy,None apparent,Non-intersection:  Non-junction/no special feature,Paved,,Property Damage Only,0,0,0,0,0,0,1750,2,3,,POINT (-90.740776978229 42.501653896367)
2014803301,14009153,06/07/2014,06-June,7-Saturday,14:02,1400 Hours,District 2 (Northeast),MASON CITY,CERRO GORDO,IA 122,IA 122/4TH ST SE,Collision with:  Vehicle in traffic,On Roadway,"Sideswipe, same direction",Improper or erratic lane changing,None Indicated,,Daylight,Dry,Cloudy,None apparent,Non-intersection:  Non-junction/no special feature,Paved,,Property Damage Only,0,0,0,0,0,0,2050,2,2,,POINT (-93.174610623526 43.148081466334)
2014810136,2014005586,06/07/2014,06-June,7-Saturday,15:33,1500 Hours,District 1 (Central),MARSHALLTOWN,MARSHALL,,W CHURCH ST & S 16TH ST,Collision with:  Vehicle in traffic,On Roadway,"Angle, oncoming left turn",Made improper turn,None Indicated,,Daylight,Wet,Cloudy,None apparent,Intersection:  T-intersection,Paved,,Property Damage Only,0,0,0,0,0,0,4500,2,4,,POINT (-92.940837775847 42.047879987558)
2014802700,2014033814,06/07/2014,06-June,7-Saturday,15:45,1500 Hours,District 1 (Central),,POLK,I-235,I-235,Non-collision events:  Other non-collision (explain in narrative),On Roadway,Non-collision (single vehicle),Ran off road - right,None Indicated,,Daylight,Dry,Cloudy,None apparent,Non-intersection:  Non-junction/no special feature,Paved,,Property Damage Only,0,0,0,0,0,0,5500,1,2,,POINT (-93.575684460725 41.646330792473)
2014802383,20140015957,06/07/2014,06-June,7-Saturday,12:15,1200 Hours,District 1 (Central),DES MOINES,POLK,,LYON ST & PENNSYLVANIA AVE,Collision with:  Vehicle in traffic,On Roadway,"Angle, oncoming left turn",FTYROW:  Making left turn,None Indicated,,Daylight,Wet,Rain,None apparent,Intersection:  Four-way intersection,Paved,,Property Damage Only,0,0,0,0,0,0,3000,2,3,,POINT (-93.608115579025 41.593570719752)
2014803294,14005123,06/07/2014,06-June,7-Saturday,22:11,2200 Hours,District 6 (East Central),,BUCHANAN,,Co Rd W40/RACINE AVE,Collision with:  Animal,,,Animal,None Indicated,,,,,,,Paved,,Property Damage Only,0,0,0,0,0,0,5500,1,1,,POINT (-91.753587234269 42.434179588769)
2014803548,2014033788,06/07/2014,06-June,7-Saturday,11:45,1100 Hours,District 6 (East Central),TIFFIN,JOHNSON,I-80,I-80,Collision with fixed object:  Ditch,Shoulder,Non-collision (single vehicle),Ran off road - left,None Indicated,,Daylight,Dry,Clear,None apparent,Interchange-related:  On-ramp,Paved,,Property Damage Only,0,0,0,0,0,0,1600,1,2,,POINT (-91.638230618765 41.695395034825)
2014846372,26140989,06/07/2014,06-June,7-Saturday,15:15,1500 Hours,District 5 (Southeast),BLOOMFIELD,DAVIS,,274TH ST & BALSA AVE,Non-collision events:  Other non-collision (explain in narrative),On Roadway,Non-collision (single vehicle),Other (explain in narrative):  Other,Alcohol (Statutory),,Daylight,Water (standing or moving),Rain,"Surface condition (e.g., wet, icy)",Intersection:  Four-way intersection,Unpaved,,Possible/Unknown,0,1,0,0,1,0,1500,1,1,,POINT (-92.617007339455 40.660527401542)
2014809883,14-000661,06/07/2014,06-June,7-Saturday,02:12,0200 Hours,District 1 (Central),JOHNSTON,POLK,,NW 74TH PL & NW 100TH ST,Non-collision events:  Overturn/rollover,On Roadway,Non-collision (single vehicle),Ran off road - right,Refused,,Dark - roadway not lighted,Dry,Clear,None apparent,Non-intersection:  Non-junction/no special feature,Paved,,Minor Injury,0,1,0,1,0,0,40020,1,1,,POINT (-93.755801542353 41.696961261552)
2014802930,201408071,06/07/2014,06-June,7-Saturday,07:18,0700 Hours,District 6 (East Central),CEDAR RAPIDS,LINN,,COLLEGE DR NE,Collision with:  Vehicle in traffic,On Roadway,"Sideswipe, same direction",Made improper turn,None Indicated,,Daylight,Dry,Clear,None apparent,Non-intersection:  Non-junction/no special feature,Paved,,Property Damage Only,0,0,0,0,0,0,4000,2,3,,POINT (-91.657267468556 41.987938571197)
2014802358,20140015923,06/07/2014,06-June,7-Saturday,04:06,0400 Hours,District 1 (Central),DES MOINES,POLK,,CROCKER ST & 19TH ST & COTTAGE GROVE AVE,Collision with:  Vehicle in traffic,On Roadway,Broadside (front to side),Ran Traffic Signal,Alcohol (Statutory),,Dark - roadway lighted,Dry,Cloudy,None apparent,Intersection:  Four-way intersection,Paved,,Property Damage Only,0,0,0,0,0,0,16000,2,3,,POINT (-93.642514665768 41.593482702523)
2014802424,14-11464,06/07/2014,06-June,7-Saturday,16:25,1600 Hours,District 6 (East Central),NEW LIBERTY,SCOTT,IA 130,IA 130/NEW LIBERTY RD,Non-collision events:  Other non-collision (explain in narrative),On Roadway,Non-collision (single vehicle),Other (explain in narrative):  No improper action,None Indicated,,Daylight,Wet,Rain,"Surface condition (e.g., wet, icy)",Non-intersection:  Non-junction/no special feature,Paved,,Minor Injury,0,1,0,1,0,0,1501,1,1,,POINT (-90.855365420124 41.695013004957)
2014802356,20140015965,06/07/2014,06-June,7-Saturday,12:45,1200 Hours,District 1 (Central),DES MOINES,POLK,,UNIVERSITY AVE,Collision with:  Vehicle in traffic,On Roadway,Broadside (front to side),FTYROW:  From driveway,None Indicated,,Daylight,Wet,Rain,None apparent,Non-intersection:  Driveway access (within),Paved,,Property Damage Only,0,0,0,0,0,0,5500,2,2,,POINT (-93.660054413692 41.600336923092)
2014809974,143981PD,06/07/2014,06-June,7-Saturday,13:45,1300 Hours,District 1 (Central),BOONE,BOONE,,S PLUMB ST,Collision with:  Vehicle in traffic,On Roadway,Broadside (front to side),FTYROW:  From driveway,None Indicated,,Daylight,Wet,Rain,None apparent,Non-intersection:  Driveway access (within),Paved,,Property Damage Only,0,0,0,0,0,0,4100,2,4,,POINT (-93.91362581881 42.05707504514)
2014802332,14-002469,06/07/2014,06-June,7-Saturday,19:35,1900 Hours,District 1 (Central),ANKENY,POLK,IA 160,IA 160/SW ORALABOR RD,Collision with:  Vehicle in traffic,On Roadway,Rear-end (front to rear),Other (explain in narrative):  Other,None Indicated,,Daylight,Dry,Clear,None apparent,Non-intersection:  Non-junction/no special feature,Paved,,Possible/Unknown,0,2,0,0,2,0,3000,2,4,,POINT (-93.618183761196 41.702999041052)
2014802322,14-007463,06/07/2014,06-June,7-Saturday,12:16,1200 Hours,District 4 (Southwest),,MILLS,US 34,US 34,Collision with:  Vehicle in traffic,On Roadway,Rear-end (front to rear),Exceeded authorized speed,None Indicated,,Daylight,Dry,Cloudy,None apparent,Non-intersection:  Non-junction/no special feature,Paved,,Possible/Unknown,0,1,0,0,1,0,4000,2,4,,POINT (-95.562400246065 41.030643362993)
2014802704,2014033868,06/07/2014,06-June,7-Saturday,22:20,2200 Hours,District 1 (Central),,POLK,US 65,US 65,Collision with:  Animal,,,Animal,None Indicated,,,,,,,Paved,,Property Damage Only,0,0,0,0,0,0,4000,1,1,,POINT (-93.510817532405 41.553817616151)
2014806816,32043-13,06/07/2014,06-June,7-Saturday,20:30,2000 Hours,District 3 (Northwest),,EMMET,,Co Rd A17/130 ST & 400 AVE,Collision with:  Vehicle in traffic,On Roadway,Broadside (front to side),Ran Stop Sign,None Indicated,,Dusk,Dry,Clear,None apparent,Intersection:  Four-way intersection,Paved,,Minor Injury,0,2,0,2,0,0,19000,2,3,,POINT (-94.797701860424 43.4596787844)
2014802305,20140001926,06/07/2014,06-June,7-Saturday,18:49,1800 Hours,District 6 (East Central),,LINN,,EAST POST RD,Collision with fixed object:  Tree,Roadside,Non-collision (single vehicle),Ran off road - right,None Indicated,,Daylight,Wet,Rain,None apparent,Non-intersection:  Non-junction/no special feature,Paved,,Possible/Unknown,0,3,0,0,3,0,6500,1,3,,POINT (-91.600008344618 42.000664960912)
2014802464,14-0311,06/07/2014,06-June,7-Saturday,03:00,0300 Hours,District 1 (Central),,WEBSTER,,Co Rd D20/200TH ST,Collision with fixed object:  Ditch,On Roadway,Non-collision (single vehicle),Ran off road - straight,None Indicated,,Dark - roadway not lighted,Dry,Clear,None apparent,Intersection:  Y-intersection,Paved,,Possible/Unknown,0,1,0,0,1,0,5000,1,1,,POINT (-93.994555522502 42.500880148592)
2014803243,2014033813,06/07/2014,06-June,7-Saturday,15:01,1500 Hours,District 3 (Northwest),SIOUX CITY,WOODBURY,US 20,US 20/SW RAMP & IA 12/IOWA 12,Non-collision events:  Overturn/rollover,On Roadway,Non-collision (single vehicle),Ran off road - left,None Indicated,,Daylight,Dry,Cloudy,None apparent,Interchange-related:  On-ramp,Paved,,Minor Injury,0,1,0,1,0,0,1501,1,1,,POINT (-96.327389020454 42.475536442608)
2014802347,20140015994,06/07/2014,06-June,7-Saturday,17:55,1700 Hours,District 1 (Central),DES MOINES,POLK,,YORK ST,Collision with:  Parked motor vehicle,On Roadway,Broadside (front to side),Improper Backing,None Indicated,,Daylight,Dry,Cloudy,None apparent,Non-intersection:  Non-junction/no special feature,Paved,,Property Damage Only,0,0,0,0,0,0,1600,2,1,,POINT (-93.601997921999 41.601493258263)
2014802334,14-002461,06/07/2014,06-June,7-Saturday,11:10,1100 Hours,District 1 (Central),ANKENY,POLK,,SW MAPLE ST,Collision with:  Vehicle in traffic,On Roadway,Rear-end (front to rear),Improper Backing,None Indicated,,Daylight,Wet,Rain,None apparent,Non-intersection:  Non-junction/no special feature,Paved,,Property Damage Only,0,0,0,0,0,0,2900,2,3,,POINT (-93.608561884471 41.729044758981)