Iowa DOT Case Number,Law Enforcement Case Number,Date of Crash,Month of Crash,Day of Week,Time of Crash,Hour,DOT District,City Name,County Name,Route with System,Location Description,First Harmful Event,Location of First Harmful Event,Manner of Crash/Collision,Major Cause,Drug or Alcohol ,Environmental Conditions,Light Conditions,Surface Conditions,Weather Conditions,Roadway Contribution,Roadway Type,Roadway Surface,Work Zone,Crash Severity,Number of Fatalities,Number of Injuries,Number of Major Injuries,Number of Minor Injuries,Number of Possible Injuries,Number of Unknown Injuries,Amount of Property Damage,Number of Vehicles Involved,Total Number of Occupants,Travel Direction,Location
2014802307,201401930,06/07/2014,06-June,7-Saturday,22:47,2200 Hours,District 6 (East Central),COGGON,LINN,IA 13,IA 13/IOWA 13 & Co Rd W69/ALDRICH RD,Collision with:  Animal,,,Animal,None Indicated,,,,,,,Paved,,Property Damage Only,0,0,0,0,0,0,7500,1,1,,POINT (-91.519059368605 42.281631255368)
2014802367,20140015996,06/07/2014,06-June,7-Saturday,19:25,1900 Hours,District 1 (Central),DES MOINES,POLK,,GRANDVIEW AVE,Non-collision events:  Other non-collision (explain in narrative),On Roadway,Non-collision (single vehicle),Lost Control,None Indicated,,Daylight,Dry,Clear,Ruts/holes/bumps,Non-intersection:  Non-junction/no special feature,Paved,,Major Injury,0,2,1,1,0,0,2000,1,2,,POINT (-93.609028261111 41.620452455202)
2014802385,20140015921,06/07/2014,06-June,7-Saturday,03:06,0300 Hours,District 1 (Central),DES MOINES,POLK,,31ST ST,Collision with fixed object:  Other fixed object (explain in narrative),Outside trafficway,Non-collision (single vehicle),Ran off road - right,Refused,,Dark - roadway lighted,Dry,Clear,Non-highway work,Non-intersection:  Non-junction/no special feature,Paved,,Property Damage Only,0,0,0,0,0,0,11700,1,1,,POINT (-93.659310025361 41.590865586314)
2014802188,201402568,06/07/2014,06-June,7-Saturday,23:26,2300 Hours,District 1 (Central),,BOONE,US 30,US 30/220TH ST,Collision with:  Animal,,,Animal,None Indicated,,,,,,,Paved,,Property Damage Only,0,0,0,0,0,0,3500,1,1,,POINT (-93.970802707194 42.03174777749)
2014805780,14-004508,06/07/2014,06-June,7-Saturday,23:53,2300 Hours,District 2 (Northeast),ELKADER,CLAYTON,,Co Rd B64/AGATE RD,Collision with fixed object:  Bridge overhead structure,On Roadway,Non-collision (single vehicle),Crossed centerline (undivided),Under Influence of Alcohol/Drugs/Medications,,Dark - roadway lighted,Dry,Clear,None apparent,Non-intersection:  Other non-intersection (explain in narrative),Paved,,Property Damage Only,0,0,0,0,0,0,6000,1,1,,POINT (-91.538559181931 42.962494502811)
2014805750,14-56393,06/07/2014,06-June,7-Saturday,10:30,1000 Hours,District 2 (Northeast),,BLACK HAWK,,WESTBROOK RD,Collision with fixed object:  Ditch,On Roadway,Non-collision (single vehicle),Ran off road - right,None Indicated,,Daylight,"Mud, dirt",Clear,None apparent,Non-intersection:  Non-junction/no special feature,Unpaved,,Minor Injury,0,1,0,1,0,0,19000,1,1,,POINT (-92.503758568349 42.555814627686)
2014802253,14-4459,06/07/2014,06-June,7-Saturday,02:30,0200 Hours,District 3 (Northwest),,IDA,,GERMAN AVE,Non-collision events:  Overturn/rollover,On Roadway,Non-collision (single vehicle),Ran off road - left,Alcohol (Statutory),,Dark - roadway not lighted,"Mud, dirt",Cloudy,"Surface condition (e.g., wet, icy)",Non-intersection:  Non-junction/no special feature,Unpaved,,Property Damage Only,0,0,0,0,0,0,4000,1,1,,POINT (-95.536818927087 42.365843388908)
2014802547,14009168,06/07/2014,06-June,7-Saturday,17:42,1700 Hours,District 2 (Northeast),MASON CITY,CERRO GORDO,,S KENTUCKY AVE,Collision with:  Vehicle in traffic,On Roadway,Rear-end (front to rear),FTYROW:  From driveway,None Indicated,,Daylight,Dry,Cloudy,None apparent,Non-intersection:  Driveway access (within),Paved,,Property Damage Only,0,0,0,0,0,0,2500,2,2,,POINT (-93.181059795297 43.149737340928)
2014807279,,06/07/2014,06-June,7-Saturday,23:31,2300 Hours,District 2 (Northeast),,WINNESHIEK,,Co Rd W38/LOCUST RD & 325TH ST & SALEM LANE RD,Collision with:  Animal,On Roadway,Non-collision (single vehicle),Animal,None Indicated,,Dark - roadway not lighted,Dry,Cloudy,None apparent,Intersection:  Four-way intersection,Paved,,Property Damage Only,0,0,0,0,0,0,3800,1,4,,POINT (-91.732776036351 43.407271440992)
2014804003,060714-45,06/07/2014,06-June,7-Saturday,05:38,0500 Hours,District 3 (Northwest),,BUENA VISTA,IA 7,IA 7/IOWA 7,Non-collision events:  Overturn/rollover,Shoulder,Non-collision (single vehicle),Over correcting/over steering,None Indicated,,Dawn,Dry,Clear,None apparent,Non-intersection:  Non-junction/no special feature,Paved,,Minor Injury,0,1,0,1,0,0,5000,1,1,,POINT (-95.35766194186 42.690604749753)
2014802933,201408093,06/07/2014,06-June,7-Saturday,17:12,1700 Hours,District 6 (East Central),CEDAR RAPIDS,LINN,,15TH AVE SW,Collision with:  Vehicle in traffic,On Roadway,"Sideswipe, same direction",Driving too fast for conditions,None Indicated,,Daylight,Wet,Rain,None apparent,Non-intersection:  Non-junction/no special feature,Paved,,Property Damage Only,0,0,0,0,0,0,10000,2,5,,POINT (-91.672892793331 41.962749137255)
2014808083,2014033741,06/07/2014,06-June,7-Saturday,00:20,0000 Hours,District 2 (Northeast),,CERRO GORDO,I-35,I-35,Collision with:  Animal,,,Animal,None Indicated,,,,,,,Paved,,Property Damage Only,0,0,0,0,0,0,4000,1,1,,POINT (-93.35069436493 42.949351096397)
2014803033,2014-37715,06/07/2014,06-June,7-Saturday,15:40,1500 Hours,District 6 (East Central),DAVENPORT,SCOTT,,S CONCORD ST,Collision with:  Vehicle in traffic,On Roadway,Unknown,Unknown,None Indicated,,Daylight,Unknown,Unknown,Unknown,Non-intersection:  Non-junction/no special feature,Paved,,Property Damage Only,0,0,0,0,0,0,2500,2,777,,POINT (-90.621750431166 41.508296000972)
2014802610,S79140179,06/07/2014,06-June,7-Saturday,02:18,0200 Hours,District 1 (Central),,POWESHIEK,I-80,I-80,Collision with:  Animal,,,Animal,None Indicated,,,,,,,Paved,,Property Damage Only,0,0,0,0,0,0,6000,1,1,,POINT (-92.62285020105 41.695792333844)
2014802232,01-14-24661,06/07/2014,06-June,7-Saturday,19:20,1900 Hours,District 6 (East Central),DUBUQUE,DUBUQUE,,PENNSYLVANIA AVE & JOHN F KENNEDY RD,Collision with:  Vehicle in traffic,On Roadway,"Angle, oncoming left turn",FTYROW:  Making left turn,None Indicated,,Daylight,Wet,Rain,None apparent,Intersection:  Four-way intersection,Paved,,Possible/Unknown,0,1,0,0,1,0,4500,2,2,,POINT (-90.721250888193 42.500465654626)
2014802702,2014033849,06/07/2014,06-June,7-Saturday,18:15,1800 Hours,District 4 (Southwest),WAUKEE,DALLAS,I-80,I-80,Non-collision events:  Other non-collision (explain in narrative),On Roadway,Non-collision (single vehicle),Other (explain in narrative):  No improper action,None Indicated,,Daylight,Dry,Cloudy,None apparent,Non-intersection:  Non-junction/no special feature,Paved,,Property Damage Only,0,0,0,0,0,0,2000,1,1,,POINT (-93.883523672244 41.562276476059)
2014804077,14-0650,06/07/2014,06-June,7-Saturday,14:43,1400 Hours,District 1 (Central),CLIVE,POLK,US 6,US 6/HICKMAN RD,Non-collision events:  Other non-collision (explain in narrative),On Roadway,Rear-end (front to rear),Swerving/Evasive Action,None Indicated,,Daylight,Wet,Rain,None apparent,Non-intersection:  Non-junction/no special feature,Paved,,Property Damage Only,0,0,0,0,0,0,5000,2,2,,POINT (-93.779651796685 41.614891265247)
2014802209,14-19447,06/07/2014,06-June,7-Saturday,21:00,2100 Hours,District 5 (Southeast),BURLINGTON,DES MOINES,US 34,US 34 & CENTRAL AVE,Collision with:  Animal,On Roadway,Non-collision (single vehicle),Animal,None Indicated,,Dark - roadway lighted,Dry,Cloudy,None apparent,Non-intersection:  Other non-intersection (explain in narrative),Paved,,Property Damage Only,0,0,0,0,0,0,3000,1,2,,POINT (-91.110130454534 40.815737510189)
2014802932,201408086,06/07/2014,06-June,7-Saturday,14:55,1400 Hours,District 6 (East Central),CEDAR RAPIDS,LINN,US 30,US 30/LINCOLN FWY,Non-collision events:  Overturn/rollover,On Roadway,Non-collision (single vehicle),Ran off road - right,None Indicated,,Daylight,Wet,Rain,"Surface condition (e.g., wet, icy)",Intersection:  Intersection with ramp,Paved,,Minor Injury,0,1,0,1,0,0,20100,1,1,,POINT (-91.677845691728 41.92746480761)
2014803075,14-17851,06/07/2014,06-June,7-Saturday,10:51,1000 Hours,District 3 (Northwest),SIOUX CITY,WOODBURY,,JACKSON ST,Collision with:  Non-motorist (see non-motorist section - NOT a unit),On Roadway,Non-collision (single vehicle),FTYROW:  To pedestrian,None Indicated,,Daylight,Dry,Cloudy,None apparent,Non-intersection:  Driveway access (within),Paved,,Possible/Unknown,0,1,0,0,1,0,0,1,1,,POINT (-96.402105211017 42.505243424824)
2014802378,20140015915,06/07/2014,06-June,7-Saturday,01:08,0100 Hours,District 1 (Central),DES MOINES,POLK,US 69,US 69/E 15TH ST & DES MOINES ST,Collision with:  Vehicle in traffic,On Roadway,Broadside (front to side),FTYROW:  From stop sign,None Indicated,,Dark - roadway lighted,Dry,Clear,None apparent,Intersection:  Four-way intersection,Paved,,Property Damage Only,0,0,0,0,0,0,3000,2,2,,POINT (-93.595686136974 41.594995886169)
2014802703,2014033860,06/07/2014,06-June,7-Saturday,20:50,2000 Hours,District 1 (Central),,POLK,I-80,I-80 & NE 80TH ST,Collision with:  Animal,,,Animal,None Indicated,,,,,,,Paved,,Property Damage Only,0,0,0,0,0,0,5000,1,1,,POINT (-93.444067788092 41.671891505337)
2014802186,W14-056552,06/07/2014,06-June,7-Saturday,22:12,2200 Hours,District 2 (Northeast),WATERLOO,BLACK HAWK,US 218,US 218/SPECIAL CASE/NW RAMP & ANSBOROUGH AVE,Collision with:  Vehicle in traffic,On Roadway,Broadside (front to side),Ran Traffic Signal,None Indicated,,Dark - roadway lighted,Dry,Clear,None apparent,Intersection:  Other intersection (explain in narrative),Paved,,Possible/Unknown,0,1,0,0,1,0,11000,2,5,,POINT (-92.375698129328 42.508025194647)
2014802260,C14001759,06/07/2014,06-June,7-Saturday,10:20,1000 Hours,District 6 (East Central),CORALVILLE,JOHNSON,US 6,US 6/2ND ST,Collision with:  Vehicle in traffic,On Roadway,"Sideswipe, same direction",FTYROW:  Other (explain in narrative),None Indicated,,Daylight,Dry,Cloudy,None apparent,Non-intersection:  Non-junction/no special feature,Paved,,Property Damage Only,0,0,0,0,0,0,9000,2,2,,POINT (-91.613870112122 41.690996627787)
2014803582,2014033796,06/07/2014,06-June,7-Saturday,12:24,1200 Hours,District 4 (Southwest),,DALLAS,I-80,I-80,Collision with fixed object:  Culvert/pipe opening,Roadside,Non-collision (single vehicle),Swerving/Evasive Action,None Indicated,,Daylight,Water (standing or moving),Rain,None apparent,Interchange-related:  On-ramp merge area,Paved,,Property Damage Only,0,0,0,0,0,0,2000,1,1,,POINT (-94.193776084076 41.515491817201)
2014802578,14-002464,06/07/2014,06-June,7-Saturday,15:12,1500 Hours,District 1 (Central),ANKENY,POLK,IA 160,IA 160/SE ORALABOR RD & SE DELAWARE AVE,Collision with:  Vehicle in traffic,On Roadway,Broadside (front to side),Ran Traffic Signal,None Indicated,,Daylight,Wet,Rain,None apparent,Intersection:  Four-way intersection,Paved,,Possible/Unknown,0,1,0,0,1,0,9000,3,7,,POINT (-93.581272792163 41.702903442953)
2014802241,02-14-8699,06/07/2014,06-June,7-Saturday,12:42,1200 Hours,District 6 (East Central),GRAF,DUBUQUE,,FIVE POINTS RD,Collision with fixed object:  Ditch,On Roadway,Non-collision (single vehicle),Exceeded authorized speed,None Indicated,,Daylight,Dry,Cloudy,None apparent,Non-intersection:  Non-junction/no special feature,Paved,,Property Damage Only,0,0,0,0,0,0,6600,1,1,,POINT (-90.856800740874 42.52921529606)
2014802341,14-0652,06/07/2014,06-June,7-Saturday,21:15,2100 Hours,District 1 (Central),CLIVE,POLK,,NW 86TH ST,Collision with:  Vehicle in traffic,On Roadway,Rear-end (front to rear),Driving too fast for conditions,Under Influence of Alcohol/Drugs/Medications,,Dark - roadway lighted,Dry,Cloudy,None apparent,Non-intersection:  Non-junction/no special feature,Paved,,Property Damage Only,0,0,0,0,0,0,3000,2,3,,POINT (-93.736283005532 41.605062141857)
2014802701,2014033835,06/07/2014,06-June,7-Saturday,17:00,1700 Hours,District 5 (Southeast),,WARREN,IA 5,IA 5/IOWA 5 & Co Rd S23/HWY S23 & 190TH AVE,Collision with:  Vehicle in traffic,On Roadway,Broadside (front to side),FTYROW:  From stop sign,None Indicated,,Daylight,Wet,Cloudy,None apparent,Intersection:  Four-way intersection,Paved,,Minor Injury,0,2,0,2,0,0,15000,2,6,,POINT (-93.44287741508 41.48033780754)
2014803208,2014-12052,06/07/2014,06-June,7-Saturday,13:25,1300 Hours,District 5 (Southeast),,WARREN,,Co Rd R63/HWY R63,Collision with:  Animal,,,Animal,None Indicated,,,,,,,Paved,,Property Damage Only,0,0,0,0,0,0,2500,1,1,,POINT (-93.625773199591 41.489909766863)
2014803138,14-013676,06/07/2014,06-June,7-Saturday,17:24,1700 Hours,District 5 (Southeast),,MARION,,Co Rd T15/HWY T15 & HWY T17,Collision with fixed object:  Ditch,Shoulder,Non-collision (single vehicle),Driving too fast for conditions,None Indicated,,Daylight,Wet,Rain,None apparent,Intersection:  Other intersection (explain in narrative),Paved,,Possible/Unknown,0,1,0,0,0,1,2250,1,1,,POINT (-92.991645140619 41.343112718442)
2014802443,201400024733,06/07/2014,06-June,7-Saturday,13:03,1300 Hours,District 5 (Southeast),OTTUMWA,WAPELLO,US 34,US 34,Collision with:  Vehicle in traffic,On Roadway,Rear-end (front to rear),Driving too fast for conditions,None Indicated,,Daylight,Wet,Rain,"Surface condition (e.g., wet, icy)",Intersection:  Four-way intersection,Paved,,Possible/Unknown,0,1,0,0,1,0,2000,2,2,,POINT (-92.43721596622 41.018317492063)
2014803218,S14-5607,06/07/2014,06-June,7-Saturday,06:41,0600 Hours,District 3 (Northwest),ANTHON,WOODBURY,,E BRADY ST & S CAULEY ST,Collision with fixed object:  Tree,On Roadway,Non-collision (single vehicle),"Operating vehicle in an reckless, erratic, careless, negligent manner",None Indicated,,Daylight,Wet,Cloudy,None apparent,Intersection:  Four-way intersection,Paved,,Possible/Unknown,0,1,0,0,0,1,6000,1,1,,POINT (-95.863782838421 42.386278009921)
2014803217,S14-5602,06/07/2014,06-June,7-Saturday,00:40,0000 Hours,District 3 (Northwest),MOVILLE,WOODBURY,US 20,US 20,Collision with fixed object:  Bridge overhead structure,On Roadway,Non-collision (single vehicle),Ran off road - right,None Indicated,,Dark - roadway not lighted,Dry,Cloudy,None apparent,Non-intersection:  Other non-intersection (explain in narrative),Paved,,Property Damage Only,0,0,0,0,0,0,4000,1,1,,POINT (-96.076797035001 42.481968393093)
2014802755,1406078091,06/07/2014,06-June,7-Saturday,19:26,1900 Hours,District 6 (East Central),DE WITT,CLINTON,,238 ST & 250 AVE,Non-collision events:  Overturn/rollover,On Roadway,Non-collision (single vehicle),Ran off road - right,None Indicated,,Daylight,"Mud, dirt",Rain,"Surface condition (e.g., wet, icy)",Intersection:  T-intersection,Unpaved,,Property Damage Only,0,0,0,0,0,0,5000,1,3,,POINT (-90.606936817905 41.832880448272)
2014803811,14083420,06/07/2014,06-June,7-Saturday,16:07,1600 Hours,District 6 (East Central),,JOHNSON,,Co Rd F28/MEHAFFEY BRIDGE RD,Collision with:  Vehicle in traffic,On Roadway,Rear-end (front to rear),Ran off road - left,Alcohol (Statutory),,Daylight,Wet,Rain,None apparent,Intersection:  T-intersection,Paved,,Property Damage Only,0,0,0,0,0,0,5600,2,5,,POINT (-91.554220193135 41.777879278859)
2014802365,20140015960,06/07/2014,06-June,7-Saturday,12:40,1200 Hours,District 1 (Central),DES MOINES,POLK,,INDIANOLA AVE,Collision with:  Vehicle in traffic,On Roadway,"Sideswipe, same direction",FTYROW:  Making left turn,None Indicated,,Daylight,Wet,Rain,None apparent,Non-intersection:  Driveway access (within),Paved,,Property Damage Only,0,0,0,0,0,0,4500,2,6,,POINT (-93.596148233118 41.552614243436)
2014802231,01-14-24646,06/07/2014,06-June,7-Saturday,17:47,1700 Hours,District 6 (East Central),DUBUQUE,DUBUQUE,,KAUFMANN AVE,Collision with fixed object:  Curb/island/raised median,On Roadway,Non-collision (single vehicle),Lost Control,None Indicated,,Daylight,Wet,Rain,None apparent,Non-intersection:  Non-junction/no special feature,Paved,,Minor Injury,0,2,0,2,0,0,13500,1,2,,POINT (-90.692726114523 42.516977551335)
2014803549,2014033802,06/07/2014,06-June,7-Saturday,13:45,1300 Hours,District 1 (Central),,POLK,I-80,I-80,Non-collision events:  Other non-collision (explain in narrative),On Roadway,Non-collision (single vehicle),Equipment failure,None Indicated,,Daylight,Wet,Rain,None apparent,Non-intersection:  Non-junction/no special feature,Paved,,Property Damage Only,0,0,0,0,0,0,24000,1,2,,POINT (-93.39070894419 41.680443917446)
2014802931,201408077,06/07/2014,06-June,7-Saturday,09:22,0900 Hours,District 6 (East Central),CEDAR RAPIDS,LINN,I-380,I-380,Collision with:  Vehicle in traffic,On Roadway,"Sideswipe, same direction",Improper or erratic lane changing,None Indicated,,Daylight,Dry,Cloudy,None apparent,Non-intersection:  Non-junction/no special feature,Paved,,Property Damage Only,0,0,0,0,0,0,31000,2,4,,POINT (-91.669736325403 41.94103400204)
2014802559,14003825,06/07/2014,06-June,7-Saturday,23:07,2300 Hours,District 1 (Central),,HAMILTON,US 20,US 20,Collision with:  Animal,,,Animal,None Indicated,,,,,,,Paved,,Property Damage Only,0,0,0,0,0,0,2500,1,1,,POINT (-93.689708759633 42.448841983404)
2014802416,14-023296,06/07/2014,06-June,7-Saturday,16:43,1600 Hours,District 4 (Southwest),COUNCIL BLUFFS,POTTAWATTAMIE,,NEBRASKA AVE & S 35TH ST,Collision with:  Vehicle in traffic,On Roadway,"Angle, oncoming left turn",Made improper turn,None Indicated,,Daylight,Dry,Clear,None apparent,Non-intersection:  Non-junction/no special feature,Paved,,Possible/Unknown,0,1,0,0,1,0,12000,2,3,,POINT (-95.901047573379 41.24435912667)
2014802754,1406078021,06/07/2014,06-June,7-Saturday,01:00,0100 Hours,District 6 (East Central),,CLINTON,US 67,US 67 & 149 ST,Collision with:  Animal,,,Animal,None Indicated,,,,,,,Paved,,Property Damage Only,0,0,0,0,0,0,3000,1,1,,POINT (-90.197174163765 41.961005738345)
2014802340,14-0649,06/07/2014,06-June,7-Saturday,11:04,1100 Hours,District 1 (Central),CLIVE,POLK,I-35,I-35,Collision with fixed object:  Ditch,On Roadway,Non-collision (single vehicle),Swerving/Evasive Action,None Indicated,,Daylight,Wet,Rain,None apparent,Non-intersection:  Non-junction/no special feature,Paved,,Property Damage Only,0,0,0,0,0,0,5500,1,2,,POINT (-93.776878526229 41.605830800874)
2014802359,20140016007,06/07/2014,06-June,7-Saturday,21:45,2100 Hours,District 1 (Central),DES MOINES,POLK,,SE 5TH ST & INDIANOLA AVE,Collision with:  Vehicle in traffic,On Roadway,"Sideswipe, same direction",Ran off road - straight,Alcohol (Statutory),,Dark - roadway lighted,Dry,Clear,None apparent,Non-intersection:  Non-junction/no special feature,Paved,,Property Damage Only,0,0,0,0,0,0,2000,2,7,,POINT (-93.606595243469 41.560612136339)
2014802170,14008135,06/07/2014,06-June,7-Saturday,16:12,1600 Hours,District 5 (Southeast),CENTERVILLE,APPANOOSE,,S DRAKE AVE,Collision with:  Vehicle in traffic,On Roadway,Broadside (front to side),FTYROW:  From driveway,None Indicated,,Daylight,Wet,Rain,None apparent,Non-intersection:  Driveway access (within),Paved,,Possible/Unknown,0,1,0,0,1,0,50,2,2,,POINT (-92.872745307349 40.722973324359)
2014802323,14-003853,06/08/2014,06-June,1-Sunday,09:00,0900 Hours,District 3 (Northwest),MOORHEAD,MONONA,,Co Rd E54/E54,Collision with:  Animal,,,Animal,None Indicated,,,,,,,Paved,,Property Damage Only,0,0,0,0,0,0,5000,1,1,,POINT (-95.700502074622 41.906598116714)
2014803550,2014033912,06/08/2014,06-June,1-Sunday,09:27,0900 Hours,District 4 (Southwest),DE SOTO,DALLAS,I-80,I-80,Collision with fixed object:  Ditch,Gore,Non-collision (single vehicle),Swerving/Evasive Action,Alcohol (Statutory),,Daylight,Unknown,Unknown,None apparent,"Interchange-related:  Off-ramp, diverge area",Paved,,Fatal,1,0,0,0,0,0,1500,1,1,,POINT (-94.016662034151 41.539802222941)
2014803035,2014-37809,06/08/2014,06-June,1-Sunday,01:47,0100 Hours,District 6 (East Central),DAVENPORT,SCOTT,,W 4TH ST,Collision with:  Parked motor vehicle,Roadside,"Sideswipe, same direction",Lost Control,Refused,,Dark - roadway not lighted,Wet,Cloudy,None apparent,Non-intersection:  Non-junction/no special feature,Paved,,Property Damage Only,0,0,0,0,0,0,8500,3,2,,POINT (-90.58328611962 41.52351619719)
2014802566,2014006294,06/08/2014,06-June,1-Sunday,21:58,2100 Hours,District 6 (East Central),IOWA CITY,JOHNSON,,N DUBUQUE ST,Collision with:  Non-motorist (see non-motorist section - NOT a unit),On Roadway,Non-collision (single vehicle),Other (explain in narrative):  No improper action,Alcohol (< Statutory),,Dark - roadway not lighted,Dry,Cloudy,None apparent,Non-intersection:  Non-junction/no special feature,Paved,,Minor Injury,0,2,0,2,0,0,3500,1,1,,POINT (-91.536987341265 41.683144225806)
2014803234,2014033939,06/08/2014,06-June,1-Sunday,13:15,1300 Hours,District 3 (Northwest),,SIOUX,,Co Rd A54B/A54B BLVD & CHERRY AVE,Collision with:  Parked motor vehicle,On Roadway,"Sideswipe, same direction",Made improper turn,None Indicated,,Daylight,Dry,Cloudy,None apparent,Non-intersection:  Non-junction/no special feature,Paved,,Property Damage Only,0,0,0,0,0,0,2500,2,2,,POINT (-96.451554770912 43.228392513878)
2014802643,2014-37842,06/08/2014,06-June,1-Sunday,01:05,0100 Hours,District 6 (East Central),DAVENPORT,SCOTT,,FAIRHAVEN CIR,Collision with:  Parked motor vehicle,On Roadway,Head-on (front to front),Crossed centerline (undivided),None Indicated,,Dark - roadway lighted,Wet,Rain,None apparent,Non-intersection:  Non-junction/no special feature,Paved,,Property Damage Only,0,0,0,0,0,0,12000,2,1,,POINT (-90.530359132661 41.565810817918)
2014802427,14-10665,06/08/2014,06-June,1-Sunday,09:41,0900 Hours,District 6 (East Central),BETTENDORF,SCOTT,,BROWN ST & 17TH ST,Collision with:  Vehicle in traffic,On Roadway,Broadside (front to side),FTYROW:  From stop sign,None Indicated,,Daylight,Dry,Cloudy,None apparent,Intersection:  Four-way intersection,Paved,,Possible/Unknown,0,1,0,0,1,0,7400,2,2,,POINT (-90.508561160287 41.527324511239)
2014804214,4514-027,06/08/2014,06-June,1-Sunday,12:00,1200 Hours,District 2 (Northeast),,HOWARD,US 63,US 63,Collision with fixed object:  Traffic sign support,Shoulder,Non-collision (single vehicle),Swerving/Evasive Action,None Indicated,,Daylight,Dry,Clear,None apparent,Non-intersection:  Non-junction/no special feature,Paved,,Property Damage Only,0,0,0,0,0,0,3600,1,1,,POINT (-92.298171138538 43.391996508588)
2014802806,14-000690,06/08/2014,06-June,1-Sunday,04:25,0400 Hours,District 1 (Central),,STORY,US 30,US 30,Collision with:  Animal,,,Animal,None Indicated,,,,,,,Paved,,Property Damage Only,0,0,0,0,0,0,1500,1,1,,POINT (-93.34865488273 42.008376080657)
2014802299,14-016988,06/08/2014,06-June,1-Sunday,22:48,2200 Hours,District 5 (Southeast),,LEE,US 61,US 61 & Co Rd W62/355 ST,Collision with:  Vehicle in traffic,On Roadway,Broadside (front to side),FTYROW:  Other (explain in narrative),None Indicated,,Dark - roadway lighted,Dry,Cloudy,None apparent,Intersection:  Other intersection (explain in narrative),Paved,,Property Damage Only,0,0,0,0,0,0,3000,2,3,,POINT (-91.438241321034 40.444226061175)
2014808729,14-0252,06/08/2014,06-June,1-Sunday,06:00,0600 Hours,District 5 (Southeast),,DECATUR,I-35,I-35,Collision with:  Animal,On Roadway,Non-collision (single vehicle),Animal,None Indicated,,Dawn,Dry,Clear,None apparent,Non-intersection:  Non-junction/no special feature,Paved,,Property Damage Only,0,0,0,0,0,0,4000,1,3,,POINT (-93.843338751925 40.727286667606)
2014802811,H14-0800,06/08/2014,06-June,1-Sunday,02:15,0200 Hours,District 1 (Central),HUXLEY,STORY,I-35,I-35,Collision with:  Animal,On Roadway,Non-collision (single vehicle),Animal,None Indicated,,Dark - roadway not lighted,Dry,Clear,None apparent,Non-intersection:  Non-junction/no special feature,Paved,,Possible/Unknown,0,1,0,0,0,1,5000,1,3,,POINT (-93.571080172709 41.895351642848)
2014802765,20141980,06/08/2014,06-June,1-Sunday,03:20,0300 Hours,District 1 (Central),,GRUNDY,,Co Rd T19/F AVE,Collision with fixed object:  Other fixed object (explain in narrative),On Roadway,Non-collision (single vehicle),Ran off road - right,None Indicated,,Dark - roadway not lighted,Dry,Cloudy,None apparent,Non-intersection:  Other non-intersection (explain in narrative),Paved,,Possible/Unknown,0,1,0,0,1,0,10000,1,2,,POINT (-92.927862001392 42.471409859077)
2014805014,14083892,06/08/2014,06-June,1-Sunday,15:28,1500 Hours,District 6 (East Central),,JOHNSON,I-380,I-380,Collision with:  Vehicle in traffic,On Roadway,Rear-end (front to rear),Followed too close,None Indicated,,Daylight,Dry,Clear,None apparent,Non-intersection:  Non-junction/no special feature,Paved,,Property Damage Only,0,0,0,0,0,0,4000,2,3,,POINT (-91.65601393603 41.821735121926)
2014803078,14-17943,06/08/2014,06-June,1-Sunday,02:35,0200 Hours,District 3 (Northwest),SIOUX CITY,WOODBURY,,FLOYD BLVD,Collision with:  Vehicle in traffic,On Roadway,Broadside (front to side),FTYROW:  From driveway,Alcohol (Statutory),,Dark - roadway not lighted,Dry,Clear,None apparent,Non-intersection:  Driveway access (within),Paved,,Property Damage Only,0,0,0,0,0,0,10000,2,3,,POINT (-96.37097608293 42.533078739529)
2014802779,1400000489,06/08/2014,06-June,1-Sunday,05:38,0500 Hours,District 1 (Central),,MARSHALL,,Co Rd E49/260TH ST,Collision with fixed object:  Ditch,On Roadway,Non-collision (single vehicle),Exceeded authorized speed,None Indicated,,Dawn,Dry,Cloudy,None apparent,Non-intersection:  Non-junction/no special feature,Unpaved,,Fatal,1,1,1,0,0,0,19500,1,2,,POINT (-92.789754715188 41.978054317713)
2014803097,SO14-0698,06/08/2014,06-June,1-Sunday,19:00,1900 Hours,District 2 (Northeast),,WRIGHT,,Co Rd R27/FRANKLIN AVE,Collision with fixed object:  Utility pole/light support,Shoulder,Non-collision (single vehicle),Ran off road - left,None Indicated,,Daylight,Dry,Clear,None apparent,Non-intersection:  Non-junction/no special feature,Paved,,Minor Injury,0,1,0,1,0,0,16000,1,1,,POINT (-93.87292575382 42.626861114462)
2014803296,14-005135,06/08/2014,06-June,1-Sunday,13:46,1300 Hours,District 6 (East Central),INDEPENDENCE,BUCHANAN,,2ND ST NE & 2ND AVE NE,Collision with:  Vehicle in traffic,On Roadway,Rear-end (front to rear),"Operating vehicle in an reckless, erratic, careless, negligent manner",None Indicated,,Daylight,Dry,Clear,None apparent,Intersection:  Four-way intersection,Paved,,Property Damage Only,0,0,0,0,0,0,3750,2,3,,POINT (-91.893269623459 42.469808513762)
2014802692,2014033996,06/08/2014,06-June,1-Sunday,21:28,2100 Hours,District 2 (Northeast),,WORTH,I-35,I-35,Collision with:  Animal,On Roadway,Non-collision (single vehicle),Animal,None Indicated,,Dark - roadway not lighted,Dry,Cloudy,None apparent,Non-intersection:  Non-junction/no special feature,Paved,,Property Damage Only,0,0,0,0,0,0,1500,1,3,,POINT (-93.349054065565 43.263402389759)