Iowa DOT Case Number,Law Enforcement Case Number,Date of Crash,Month of Crash,Day of Week,Time of Crash,Hour,DOT District,City Name,County Name,Route with System,Location Description,First Harmful Event,Location of First Harmful Event,Manner of Crash/Collision,Major Cause,Drug or Alcohol ,Environmental Conditions,Light Conditions,Surface Conditions,Weather Conditions,Roadway Contribution,Roadway Type,Roadway Surface,Work Zone,Crash Severity,Number of Fatalities,Number of Injuries,Number of Major Injuries,Number of Minor Injuries,Number of Possible Injuries,Number of Unknown Injuries,Amount of Property Damage,Number of Vehicles Involved,Total Number of Occupants,Travel Direction,Location
2014802902,14-006280,06/08/2014,06-June,1-Sunday,17:00,1700 Hours,District 2 (Northeast),FAIRBANK,FAYETTE,IA 3,IA 3/60TH ST & Co Rd V68/W AVE,Collision with:  Vehicle in traffic,On Roadway,Broadside (front to side),FTYROW:  From stop sign,None Indicated,,Daylight,Dry,Clear,None apparent,Intersection:  Four-way intersection,Paved,,Minor Injury,0,1,0,1,0,0,24000,2,2,,POINT (-92.037938194841 42.714860458237)
2014804187,01-14-24907,06/09/2014,06-June,2-Monday,11:50,1100 Hours,District 6 (East Central),DUBUQUE,DUBUQUE,,UNIVERSITY AVE & AUBURN ST,Collision with:  Vehicle in traffic,On Roadway,Broadside (front to side),FTYROW:  From stop sign,None Indicated,,Daylight,Dry,Clear,None apparent,Intersection:  Four-way intersection,Paved,,Possible/Unknown,0,1,0,0,1,0,3500,2,2,,POINT (-90.690852877132 42.498100879685)
2014802923,201401964,06/09/2014,06-June,2-Monday,19:24,1900 Hours,District 6 (East Central),CEDAR RAPIDS,LINN,,MILBURN RD & WELLS LN,Collision with:  Non-motorist (see non-motorist section - NOT a unit),On Roadway,Non-collision (single vehicle),Ran Stop Sign,None Indicated,,Daylight,Dry,Clear,None apparent,Intersection:  T-intersection,Paved,,Minor Injury,0,2,0,2,0,0,1500,1,1,,POINT (-91.721154297824 42.049956711594)
2014802761,01-14-24898,06/09/2014,06-June,2-Monday,11:13,1100 Hours,District 6 (East Central),DUBUQUE,DUBUQUE,US 52,US 52/CENTRAL AVE,Collision with:  Vehicle in traffic,On Roadway,Broadside (front to side),Other (explain in narrative):  Other,None Indicated,,Daylight,Dry,Cloudy,None apparent,Non-intersection:  Non-junction/no special feature,Paved,,Property Damage Only,0,0,0,0,0,0,3000,2,2,,POINT (-90.668845790412 42.508389341571)
2014803238,2014034129,06/09/2014,06-June,2-Monday,15:40,1500 Hours,District 4 (Southwest),WEST DES MOINES,DALLAS,I-80,I-80,Non-collision events:  Other non-collision (explain in narrative),On Roadway,Non-collision (single vehicle),Unknown,None Indicated,,Daylight,Dry,Cloudy,Ruts/holes/bumps,Interchange-related:  Off-ramp,Paved,,Minor Injury,0,1,0,1,0,0,400,1,1,,POINT (-93.848533942663 41.571826473759)
2014802530,W14-057229,06/09/2014,06-June,2-Monday,19:04,1900 Hours,District 2 (Northeast),WATERLOO,BLACK HAWK,US 63,US 63/E MULLAN AVE,Collision with:  Vehicle in traffic,On Roadway,Rear-end (front to rear),Followed too close,None Indicated,,Daylight,Wet,Clear,None apparent,Intersection:  Four-way intersection,Paved,,Property Damage Only,0,0,0,0,0,0,3500,2,2,,POINT (-92.336708696444 42.510579954268)
2014802533,14003366,06/09/2014,06-June,2-Monday,05:00,0500 Hours,District 2 (Northeast),,CERRO GORDO,,Co Rd S14/BALSAM AVE,Collision with:  Animal,,,Animal,None Indicated,,,,,,,Paved,,Property Damage Only,0,0,0,0,0,0,1500,1,1,,POINT (-93.477769792797 43.136411397751)
2014802606,14-023631,06/09/2014,06-June,2-Monday,16:25,1600 Hours,District 4 (Southwest),COUNCIL BLUFFS,POTTAWATTAMIE,US 6,US 6/W BROADWAY & S 35TH ST & N 35TH ST,Collision with:  Vehicle in traffic,On Roadway,"Sideswipe, same direction",Improper or erratic lane changing,None Indicated,,Daylight,Dry,Clear,None apparent,Non-intersection:  Non-junction/no special feature,Paved,,Property Damage Only,0,0,0,0,0,0,4500,2,5,,POINT (-95.902087928187 41.261922223657)
2014802724,W14-057073,06/09/2014,06-June,2-Monday,10:49,1000 Hours,District 2 (Northeast),WATERLOO,BLACK HAWK,US 63,US 63/SERGEANT RD & SOUTHLAND DR,Collision with:  Vehicle in traffic,On Roadway,Rear-end (front to rear),Followed too close,None Indicated,,Daylight,Dry,Clear,None apparent,Non-intersection:  Non-junction/no special feature,Paved,,Possible/Unknown,0,1,0,0,1,0,10000,2,4,,POINT (-92.415364566455 42.448120217708)
2014802796,14-2709,06/09/2014,06-June,2-Monday,18:20,1800 Hours,District 1 (Central),WEST DES MOINES,POLK,,22ND ST,Collision with:  Vehicle in traffic,On Roadway,Rear-end (front to rear),Swerving/Evasive Action,Refused,,Daylight,Dry,Cloudy,None apparent,Non-intersection:  Non-junction/no special feature,Paved,,Property Damage Only,0,0,0,0,0,0,2000,2,3,,POINT (-93.736053999274 41.595470932454)
2014803132,201408184,06/09/2014,06-June,2-Monday,18:50,1800 Hours,District 6 (East Central),CEDAR RAPIDS,LINN,IA 922,IA 922/1ST AVE E & 4TH ST NE,Collision with:  Vehicle in traffic,On Roadway,Broadside (front to side),Ran Traffic Signal,None Indicated,,Daylight,Dry,Clear,None apparent,Intersection:  Four-way intersection,Paved,,Minor Injury,0,1,0,1,0,0,6000,2,2,,POINT (-91.666291824155 41.980109120515)
2014802893,14-19553,06/09/2014,06-June,2-Monday,22:00,2200 Hours,District 5 (Southeast),,DES MOINES,US 34,US 34,Collision with:  Animal,,,Animal,None Indicated,,,,,,,Paved,,Property Damage Only,0,0,0,0,0,0,3000,1,1,,POINT (-91.246644710948 40.832468313604)
2014802762,01-14-24900,06/09/2014,06-June,2-Monday,11:02,1100 Hours,District 6 (East Central),DUBUQUE,DUBUQUE,IA 946,IA 946/IOWA 946,Non-collision events:  Other non-collision (explain in narrative),On Roadway,Non-collision (single vehicle),Lost Control,None Indicated,,Daylight,Dry,Clear,None apparent,Non-intersection:  Other non-intersection (explain in narrative),Paved,,Minor Injury,0,1,0,1,0,0,2000,1,1,,POINT (-90.663737301562 42.484772631984)
2014803168,S14-002057,06/09/2014,06-June,2-Monday,21:20,2100 Hours,District 4 (Southwest),,POTTAWATTAMIE,,Co Rd G8L/RAILROAD HWY,Collision with:  Animal,On Roadway,Non-collision (single vehicle),Animal,None Indicated,,Dark - roadway not lighted,Dry,Clear,None apparent,Non-intersection:  Non-junction/no special feature,Paved,,Property Damage Only,0,0,0,0,0,0,3000,1,2,,POINT (-95.605214319311 41.464342384861)
2014802595,20140016241,06/09/2014,06-June,2-Monday,19:30,1900 Hours,District 1 (Central),DES MOINES,POLK,I-235,I-235 & KEOSAUQUA WAY,Collision with:  Vehicle in traffic,On Roadway,Broadside (front to side),Ran off road - right,None Indicated,,Daylight,Dry,Clear,None apparent,Non-intersection:  Non-junction/no special feature,Paved,,Property Damage Only,0,0,0,0,0,0,1500,2,3,,POINT (-93.63544244785 41.595413529227)
2014802832,2014034146,06/09/2014,06-June,2-Monday,17:50,1700 Hours,District 6 (East Central),,JOHNSON,I-80,I-80,Non-collision events:  Overturn/rollover,Roadside,Non-collision (single vehicle),Swerving/Evasive Action,None Indicated,,Daylight,Dry,Cloudy,None apparent,Non-intersection:  Non-junction/no special feature,Paved,,Property Damage Only,0,0,0,0,0,0,2000,1,1,,POINT (-91.411823487629 41.667251721371)
2014803066,14-18086,06/09/2014,06-June,2-Monday,14:24,1400 Hours,District 3 (Northwest),SIOUX CITY,WOODBURY,IA 12,IA 12/GORDON DR & COURT ST,Collision with:  Vehicle in traffic,On Roadway,Rear-end (front to rear),Followed too close,Drug,,Daylight,Dry,Cloudy,None apparent,Intersection:  Four-way intersection,Paved,,Property Damage Only,0,0,0,0,0,0,3750,2,2,,POINT (-96.39632907992 42.489828181198)
2014802596,14-2701,06/09/2014,06-June,2-Monday,14:18,1400 Hours,District 1 (Central),WEST DES MOINES,POLK,I-35,I-35 & MILLS CIVIC PKWY,Collision with:  Vehicle in traffic,On Roadway,Rear-end (front to rear),Other (explain in narrative):  Other,Alcohol (Statutory),,Daylight,Dry,Clear,None apparent,Intersection:  Four-way intersection,Paved,,Property Damage Only,0,0,0,0,0,0,2700,2,2,,POINT (-93.776643062252 41.559156955994)
2014802561,14-14641,06/09/2014,06-June,2-Monday,23:21,2300 Hours,District 1 (Central),COLFAX,JASPER,I-80,I-80,Collision with:  Animal,On Roadway,Non-collision (single vehicle),Animal,None Indicated,,Dark - roadway not lighted,Dry,Clear,None apparent,Non-intersection:  Non-junction/no special feature,Paved,,Property Damage Only,0,0,0,0,0,0,3000,1,2,,POINT (-93.212195440886 41.699367783135)
2014802872,CL14001908,06/09/2014,06-June,2-Monday,14:00,1400 Hours,District 6 (East Central),CLINTON,CLINTON,,14TH AVE N & N 3RD ST,Collision with:  Vehicle in traffic,On Roadway,"Sideswipe, same direction",Made improper turn,None Indicated,,Daylight,Dry,Clear,None apparent,Non-intersection:  Non-junction/no special feature,Paved,,Possible/Unknown,0,1,0,0,1,0,5000,2,2,,POINT (-90.186954506031 41.860306865674)
2014802580,14-0662,06/09/2014,06-June,2-Monday,14:00,1400 Hours,District 1 (Central),CLIVE,POLK,,HARBACH BLVD & NW 86TH ST,Collision with:  Vehicle in traffic,On Roadway,Rear-end (front to rear),Lost Control,None Indicated,,Daylight,Dry,Cloudy,None apparent,Non-intersection:  Non-junction/no special feature,Paved,,Possible/Unknown,0,1,0,0,1,0,19200,2,2,,POINT (-93.736318455658 41.607124562481)
2014802991,20140016162,06/09/2014,06-June,2-Monday,08:00,0800 Hours,District 1 (Central),DES MOINES,POLK,I-235,I-235,Collision with:  Vehicle in traffic,On Roadway,"Sideswipe, same direction",Unknown,None Indicated,,Daylight,Dry,Cloudy,None apparent,Non-intersection:  Non-junction/no special feature,Paved,,Property Damage Only,0,0,0,0,0,0,2700,2,4,,POINT (-93.593127613435 41.597314969429)
2014802351,20140016188,06/09/2014,06-June,2-Monday,12:30,1200 Hours,District 1 (Central),DES MOINES,POLK,,2ND AVE,Collision with:  Vehicle in traffic,On Roadway,"Sideswipe, same direction",Lost Control,None Indicated,,Daylight,Dry,Cloudy,None apparent,Non-intersection:  Non-junction/no special feature,Paved,,Property Damage Only,0,0,0,0,0,0,2000,2,2,,POINT (-93.619555069863 41.586547038934)
2014803302,14009278,06/09/2014,06-June,2-Monday,14:16,1400 Hours,District 2 (Northeast),MASON CITY,CERRO GORDO,,CRESCENT DR,Collision with:  Vehicle in traffic,On Roadway,Rear-end (front to rear),Followed too close,None Indicated,,Daylight,Dry,Cloudy,None apparent,Non-intersection:  Non-junction/no special feature,Paved,,Possible/Unknown,0,1,0,0,1,0,1250,2,2,,POINT (-93.213610218378 43.148609625194)
2014802883,2014-2586,06/09/2014,06-June,2-Monday,07:47,0700 Hours,District 4 (Southwest),WAUKEE,DALLAS,US 6,US 6/HICKMAN AVE & WARRIOR LN & N WARRIOR LN,Collision with:  Vehicle in traffic,On Roadway,"Sideswipe, same direction",FTYROW:  Other (explain in narrative),Alcohol (Statutory),,Daylight,Dry,Cloudy,None apparent,Non-intersection:  Non-junction/no special feature,Paved,,Property Damage Only,0,0,0,0,0,0,4000,2,2,,POINT (-93.872203531688 41.614937866734)
2014809837,2014005650,06/09/2014,06-June,2-Monday,08:59,0800 Hours,District 1 (Central),MARSHALLTOWN,MARSHALL,,W CHURCH ST & S 3RD ST,Collision with:  Vehicle in traffic,On Roadway,Broadside (front to side),Unknown,None Indicated,,Daylight,Dry,Cloudy,None apparent,Intersection:  Four-way intersection,Paved,,Property Damage Only,0,0,0,0,0,0,1500,2,2,,POINT (-92.917854373823 42.047910871977)
2014802235,01-14-24851,06/09/2014,06-June,2-Monday,00:36,0000 Hours,District 6 (East Central),DUBUQUE,DUBUQUE,,E 22ND ST,Collision with fixed object:  Tree,On Roadway,Non-collision (single vehicle),Ran off road - right,Alcohol (Statutory),,Dark - roadway lighted,Dry,Cloudy,None apparent,Non-intersection:  Non-junction/no special feature,Paved,,Possible/Unknown,0,1,0,0,1,0,10000,1,1,,POINT (-90.67009077019 42.51386282109)
2014805367,2014034127,06/09/2014,06-June,2-Monday,15:52,1500 Hours,District 1 (Central),WEST DES MOINES,POLK,I-35,I-35,Collision with:  Vehicle in traffic,On Roadway,Rear-end (front to rear),Followed too close,None Indicated,,Daylight,Dry,Clear,None apparent,Interchange-related:  On-ramp merge area,Paved,,Property Damage Only,0,0,0,0,0,0,7000,2,2,,POINT (-93.777120619571 41.596002315209)
2014899600,NT-14-068,06/09/2014,06-June,2-Monday,16:30,1600 Hours,District 1 (Central),NEVADA,STORY,US 30,US 30/SE RAMP CURV/SE LOOP & S 19TH ST & S G AVE,Collision with:  Vehicle in traffic,On Roadway,Broadside (front to side),FTYROW:  From stop sign,None Indicated,,Daylight,Dry,Clear,None apparent,Intersection:  Four-way intersection,Paved,,Possible/Unknown,0,1,0,0,1,0,2000,2,3,,POINT (-93.434914830979 42.006469484343)
2014802520,14008231,06/09/2014,06-June,2-Monday,08:54,0800 Hours,District 5 (Southeast),CENTERVILLE,APPANOOSE,,W FRANCIS AVE & E FRANCIS AVE & S MAIN ST,Collision with:  Vehicle in traffic,On Roadway,Broadside (front to side),FTYROW:  From stop sign,None Indicated,,Daylight,Dry,Clear,None apparent,Intersection:  Four-way intersection,Paved,,Minor Injury,0,2,0,2,0,0,10000,2,3,,POINT (-92.874142217215 40.716857964935)
2014802797,14-2705,06/09/2014,06-June,2-Monday,17:37,1700 Hours,District 4 (Southwest),WEST DES MOINES,DALLAS,I-80,I-80,Collision with:  Vehicle in traffic,On Roadway,Rear-end (front to rear),Other (explain in narrative):  No improper action,None Indicated,,Daylight,Dry,Cloudy,None apparent,Non-intersection:  Non-junction/no special feature,Paved,,Property Damage Only,0,0,0,0,0,0,13000,2,2,,POINT (-93.796451630314 41.592150044797)
2014802568,2014006322,06/09/2014,06-June,2-Monday,18:00,1800 Hours,District 6 (East Central),IOWA CITY,JOHNSON,IA 1,IA 1/W BURLINGTON ST/E BURLINGTON ST & S MADISON ST,Collision with:  Vehicle in traffic,On Roadway,Rear-end (front to rear),Followed too close,None Indicated,,Daylight,Dry,Cloudy,None apparent,Non-intersection:  Non-junction/no special feature,Paved,,Property Damage Only,0,0,0,0,0,0,3000,3,6,,POINT (-91.537762714445 41.657916928192)
2014802591,20140016212,06/09/2014,06-June,2-Monday,15:20,1500 Hours,District 1 (Central),DES MOINES,POLK,,FLEUR DR,Collision with:  Vehicle in traffic,On Roadway,Broadside (front to side),Made improper turn,None Indicated,,Daylight,Dry,Cloudy,None apparent,Non-intersection:  Non-junction/no special feature,Paved,,Property Damage Only,0,0,0,0,0,0,3500,2,4,,POINT (-93.645008250612 41.54745057551)
2014802827,2014034187,06/09/2014,06-June,2-Monday,11:20,1100 Hours,District 4 (Southwest),,POTTAWATTAMIE,I-29,I-29 & I-680,Collision with:  Animal,,,Animal,None Indicated,,,,,,,Paved,,Property Damage Only,0,0,0,0,0,0,3000,1,1,,POINT (-95.898242008757 41.494378493237)
2014802528,W14-057159,06/09/2014,06-June,2-Monday,15:40,1500 Hours,District 2 (Northeast),WATERLOO,BLACK HAWK,,DEERE RD,Collision with:  Vehicle in traffic,On Roadway,Rear-end (front to rear),Other (explain in narrative):  Other,None Indicated,,Daylight,Dry,Clear,None apparent,Non-intersection:  Non-junction/no special feature,Paved,,Possible/Unknown,0,2,0,0,2,0,4500,3,7,,POINT (-92.415765050366 42.470447890337)
2014802780,1400000491,06/09/2014,06-June,2-Monday,00:32,0000 Hours,District 1 (Central),,MARSHALL,,KNAPP AVE,Collision with:  Animal,,,Animal,None Indicated,,,,,,,Unpaved,,Property Damage Only,0,0,0,0,0,0,3000,1,1,,POINT (-93.038708778646 41.995398048094)
2014802756,1406098021,06/09/2014,06-June,2-Monday,02:45,0200 Hours,District 6 (East Central),,CLINTON,US 61,US 61,Collision with:  Animal,On Roadway,Non-collision (single vehicle),Animal,None Indicated,,Dark - roadway not lighted,Dry,Clear,None apparent,Non-intersection:  Non-junction/no special feature,Paved,,Possible/Unknown,0,1,0,0,1,0,10000,1,1,,POINT (-90.567670107499 41.773335663141)
2014802562,14-14586,06/09/2014,06-June,2-Monday,14:09,1400 Hours,District 1 (Central),KELLOGG,JASPER,,Co Rd F27/N 59TH AVE E & ROCK CREEK WEST,Non-collision events:  Other non-collision (explain in narrative),Outside trafficway,Non-collision (single vehicle),Ran off road - straight,Alcohol (< Statutory),,Daylight,Dry,Clear,None apparent,Intersection:  T-intersection,Paved,,Possible/Unknown,0,1,0,0,1,0,2000,1,1,,POINT (-92.845644758708 41.761293684608)
2014803399,14115,06/09/2014,06-June,2-Monday,13:30,1300 Hours,District 5 (Southeast),PELLA,MARION,,OSKALOOSA ST & E 1ST ST,Collision with:  Vehicle in traffic,On Roadway,Broadside (front to side),FTYROW:  From parked position,None Indicated,,Daylight,Dry,Cloudy,None apparent,Non-intersection:  Non-junction/no special feature,Paved,,Property Damage Only,0,0,0,0,0,0,1500,2,2,,POINT (-92.914801537275 41.398424526606)
2014824106,G39060914A,06/09/2014,06-June,2-Monday,12:35,1200 Hours,District 4 (Southwest),GUTHRIE CENTER,GUTHRIE,,N 1ST ST,Collision with:  Vehicle in traffic,On Roadway,"Sideswipe, same direction",Crossed centerline (undivided),None Indicated,,Daylight,Dry,Cloudy,None apparent,Non-intersection:  Driveway access (within),Paved,,Property Damage Only,0,0,0,0,0,0,8000,2,2,,POINT (-94.507509696278 41.683406694259)
2014803084,14-18050,06/09/2014,06-June,2-Monday,01:05,0100 Hours,District 3 (Northwest),SIOUX CITY,WOODBURY,,GARRETSON AVE,Collision with:  Parked motor vehicle,On Roadway,Rear-end (front to rear),Other (explain in narrative):  Other,None Indicated,,Dark - roadway lighted,Dry,Clear,None apparent,Non-intersection:  Non-junction/no special feature,Paved,,Property Damage Only,0,0,0,0,0,0,4500,2,1,,POINT (-96.364490882586 42.472399086225)
2014802770,14-017057,06/09/2014,06-June,2-Monday,15:59,1500 Hours,District 5 (Southeast),FORT MADISON,LEE,,Co Rd X23/WEST POINT RD & 235 AVE,Collision with:  Other non-fixed object (explain in narrative),Unknown,Non-collision (single vehicle),Crossed centerline (undivided),None Indicated,,Daylight,Dry,Clear,None apparent,Intersection:  T-intersection,Paved,,Minor Injury,0,1,0,1,0,0,15020,1,1,,POINT (-91.439441230449 40.675722256166)
2014802328,14-3806,06/09/2014,06-June,2-Monday,08:40,0800 Hours,District 1 (Central),DES MOINES,POLK,IA 415,IA 415/2ND AVE & NW AURORA AVE,Collision with:  Vehicle in traffic,On Roadway,Broadside (front to side),Ran Traffic Signal,None Indicated,,Daylight,Dry,Clear,None apparent,Intersection:  Four-way intersection,Paved,,Property Damage Only,0,0,0,0,0,0,5500,2,2,,POINT (-93.619939594192 41.636751184728)
2014802800,14-023819,06/09/2014,06-June,2-Monday,10:00,1000 Hours,District 4 (Southwest),COUNCIL BLUFFS,POTTAWATTAMIE,,N 7TH ST,Collision with:  Vehicle in traffic,On Roadway,"Sideswipe, same direction",Unknown,None Indicated,,Daylight,Dry,Clear,None apparent,Non-intersection:  Non-junction/no special feature,Paved,,Property Damage Only,0,0,0,0,0,0,3000,2,2,,POINT (-95.85336051528 41.267275079276)
2014802583,20140016254,06/09/2014,06-June,2-Monday,22:11,2200 Hours,District 1 (Central),DES MOINES,POLK,,PARK AVE & SW 9TH ST,Collision with:  Vehicle in traffic,On Roadway,"Angle, oncoming left turn",FTYROW:  Making left turn,Drug/Alcohol (Statutory),,Dark - roadway lighted,Dry,Cloudy,None apparent,Intersection:  Four-way intersection,Paved,,Minor Injury,0,2,0,2,0,0,6000,2,2,,POINT (-93.625793369464 41.555447152662)
2014804186,01-14-24878,06/09/2014,06-June,2-Monday,08:31,0800 Hours,District 6 (East Central),DUBUQUE,DUBUQUE,,HORIZON CT,Collision with fixed object:  Utility pole/light support,Roadside,Non-collision (single vehicle),Ran off road - right,None Indicated,,Daylight,Dry,Clear,None apparent,Non-intersection:  Non-junction/no special feature,Paved,,Property Damage Only,0,0,0,0,0,0,2800,1,1,,POINT (-90.714021231538 42.502158674583)
2014803398,14114,06/09/2014,06-June,2-Monday,07:00,0700 Hours,District 5 (Southeast),PELLA,MARION,,WASHINGTON ST & W 8TH ST,Collision with:  Vehicle in traffic,On Roadway,Rear-end (front to rear),Driver Distraction:  Inattentive/lost in thought,None Indicated,,Daylight,Dry,Clear,None apparent,Intersection:  Four-way intersection,Paved,,Property Damage Only,0,0,0,0,0,0,9000,2,2,,POINT (-92.933702437917 41.410381051148)
2014807275,,06/09/2014,06-June,2-Monday,21:30,2100 Hours,District 2 (Northeast),,WINNESHIEK,,MADISON RD,Collision with fixed object:  Ditch,On Roadway,Unknown,Lost Control,None Indicated,,Dark - roadway not lighted,Unknown,Unknown,Unknown,Unknown,Paved,,Major Injury,0,1,1,0,0,0,3000,1,1,,POINT (-91.895175349658 43.313220885477)
2014802558,14-19510,06/09/2014,06-June,2-Monday,17:16,1700 Hours,District 5 (Southeast),BURLINGTON,DES MOINES,US 61,US 61 & SUNNYSIDE AVE,Collision with:  Vehicle in traffic,On Roadway,"Sideswipe, same direction",Improper or erratic lane changing,None Indicated,,Daylight,Dry,Clear,None apparent,Intersection:  Four-way intersection,Paved,,Property Damage Only,0,0,0,0,0,0,2000,2,2,,POINT (-91.141371634068 40.833170868789)
2014802389,20140016160,06/09/2014,06-June,2-Monday,07:44,0700 Hours,District 1 (Central),DES MOINES,POLK,,UNIVERSITY AVE & MLK JR PKWY,Collision with:  Vehicle in traffic,On Roadway,"Sideswipe, opposite direction",Made improper turn,None Indicated,,Daylight,Dry,Clear,None apparent,Intersection:  Four-way intersection,Paved,,Property Damage Only,0,0,0,0,0,0,4000,2,2,,POINT (-93.643783372704 41.600411174845)
2014802598,14-2699,06/09/2014,06-June,2-Monday,12:18,1200 Hours,District 1 (Central),WEST DES MOINES,POLK,I-35,I-35,Collision with:  Animal,,,Animal,None Indicated,,,,,,,Paved,,Property Damage Only,0,0,0,0,0,0,2600,1,1,,POINT (-93.776485092746 41.555978458613)
2014804871,S79140183,06/09/2014,06-June,2-Monday,20:50,2000 Hours,District 1 (Central),,POWESHIEK,,Co Rd V13/160TH ST,Collision with:  Animal,,,Animal,None Indicated,,,,,,,Paved,,Property Damage Only,0,0,0,0,0,0,4000,1,1,,POINT (-92.469726765041 41.519312459767)
2014802939,201408155,06/09/2014,06-June,2-Monday,08:30,0800 Hours,District 6 (East Central),CEDAR RAPIDS,LINN,I-380,I-380,Collision with:  Vehicle in traffic,On Roadway,Broadside (front to side),Ran Traffic Signal,None Indicated,,Daylight,Dry,Clear,None apparent,Intersection:  Four-way intersection,Paved,,Property Damage Only,0,0,0,0,0,0,7500,2,3,,POINT (-91.671986810791 42.027828036703)
2014802551,141586,06/09/2014,06-June,2-Monday,16:30,1600 Hours,District 3 (Northwest),DENISON,CRAWFORD,,BROADWAY & S 12TH ST,Collision with:  Vehicle in traffic,On Roadway,Broadside (front to side),FTYROW:  From stop sign,None Indicated,,Daylight,Dry,Clear,None apparent,Intersection:  T-intersection,Paved,,Property Damage Only,0,0,0,0,0,0,5000,2,2,,POINT (-95.356857615238 42.016738573836)
2014802532,W14-056993,06/09/2014,06-June,2-Monday,02:30,0200 Hours,District 2 (Northeast),WATERLOO,BLACK HAWK,,COURTLAND ST,Collision with:  Parked motor vehicle,On Roadway,Unknown,Illegally Parked/Unattended,None Indicated,,Dark - roadway lighted,Dry,Clear,None apparent,Non-intersection:  Non-junction/no special feature,Paved,,Property Damage Only,0,0,0,0,0,0,5000,2,1,,POINT (-92.324775893792 42.49736177325)
2014803201,14-002769,06/09/2014,06-June,2-Monday,16:10,1600 Hours,District 1 (Central),AMES,STORY,,LINCOLN WAY & S HAZEL AVE & N HAZEL AVE,Collision with:  Vehicle in traffic,On Roadway,Rear-end (front to rear),Other (explain in narrative):  Other,None Indicated,,Daylight,Dry,Cloudy,None apparent,Intersection:  Four-way intersection,Paved,,Property Damage Only,0,0,0,0,0,0,2000,2,2,,POINT (-93.626804665008 42.022856700494)
2014802560,14-009633,06/09/2014,06-June,2-Monday,20:39,2000 Hours,District 5 (Southeast),,HENRY,US 218,US 218,Collision with:  Animal,,,Animal,None Indicated,,,,,,,Paved,,Property Damage Only,0,0,0,0,0,0,3000,1,1,,POINT (-91.532550388051 40.989099976022)
2014803612,,06/09/2014,06-June,2-Monday,13:40,1300 Hours,District 6 (East Central),DE WITT,CLINTON,,10TH ST,,On Roadway,Head-on (front to front),Crossed centerline (undivided),None Indicated,,Daylight,Dry,Clear,None apparent,Non-intersection:  Non-junction/no special feature,Paved,,Minor Injury,0,1,0,1,0,0,6500,2,2,,POINT (-90.53863917231 41.825213243191)
2014804222,201401961,06/09/2014,06-June,2-Monday,13:23,1300 Hours,District 6 (East Central),MARION,LINN,,Co Rd E34/COUNTY HOME RD & Co Rd W56/C AVE EXT,Collision with:  Vehicle in traffic,On Roadway,Rear-end (front to rear),Other (explain in narrative):  Other,None Indicated,,Daylight,Dry,Cloudy,None apparent,Non-intersection:  Non-junction/no special feature,Paved,,Minor Injury,0,3,0,3,0,0,17500,2,3,,POINT (-91.648483504395 42.094893834188)
2014810702,140609BJ01,06/09/2014,06-June,2-Monday,09:40,0900 Hours,District 3 (Northwest),ORANGE CITY,SIOUX,IA 10,IA 10/8TH ST SW/8TH ST SE & ALBANY AVE SE & ALBANY PL SE,Collision with:  Vehicle in traffic,On Roadway,Broadside (front to side),Ran Traffic Signal,None Indicated,,Daylight,Wet,Rain,None apparent,Intersection:  Four-way intersection,Paved,,Property Damage Only,0,0,0,0,0,0,5500,2,2,,POINT (-96.056822887198 42.997532300637)
2014810703,140609BJ02,06/09/2014,06-June,2-Monday,13:25,1300 Hours,District 3 (Northwest),ORANGE CITY,SIOUX,IA 10,IA 10/8TH ST SE & FRANKFORD PL SE & FRANKFORT AVE SE,Collision with:  Vehicle in traffic,On Roadway,Rear-end (front to rear),Followed too close,None Indicated,,Daylight,Wet,Cloudy,"Surface condition (e.g., wet, icy)",Intersection:  Four-way intersection,Paved,,Property Damage Only,0,0,0,0,0,0,2000,2,3,,POINT (-96.051927269021 42.997509995335)
2014802728,060914-164,06/09/2014,06-June,2-Monday,15:27,1500 Hours,District 3 (Northwest),STORM LAKE,BUENA VISTA,IA 7,IA 7/FLINDT RD & E 4TH ST,Collision with:  Vehicle in traffic,On Roadway,Broadside (front to side),Ran Stop Sign,None Indicated,,Daylight,Dry,Cloudy,None apparent,Intersection:  Four-way intersection,Paved,,Possible/Unknown,0,1,0,0,1,0,9000,2,2,,POINT (-95.186433598408 42.642484853137)
2014803044,2014-38096,06/09/2014,06-June,2-Monday,09:55,0900 Hours,District 6 (East Central),DAVENPORT,SCOTT,US 6,US 6/W KIMBERLY RD,Collision with:  Vehicle in traffic,On Roadway,Rear-end (front to rear),Followed too close,None Indicated,,Daylight,Dry,Clear,None apparent,Intersection:  Four-way intersection,Paved,,Possible/Unknown,0,1,0,0,1,0,3300,3,4,,POINT (-90.59116825285 41.560094600771)
2014802250,14009582,06/09/2014,06-June,2-Monday,00:15,0000 Hours,District 5 (Southeast),,HENRY,,Co Rd X23/NEW LONDON RD,Collision with:  Animal,,,Animal,None Indicated,,,,,,,Paved,,Property Damage Only,0,0,0,0,0,0,1500,1,1,,POINT (-91.420196333825 40.897482252649)
2014810483,,06/09/2014,06-June,2-Monday,16:59,1600 Hours,District 5 (Southeast),,MUSCATINE,,INDEPENDANCE AVE,Non-collision events:  Overturn/rollover,On Roadway,Non-collision (single vehicle),Driving too fast for conditions,None Indicated,,Daylight,"Mud, dirt",Clear,"Surface condition (e.g., wet, icy)",Non-intersection:  Non-junction/no special feature,Unpaved,,Property Damage Only,0,0,0,0,0,0,10200,1,3,,POINT (-91.215366988016 41.345938295986)
2014802423,2014-6015,06/09/2014,06-June,2-Monday,05:45,0500 Hours,District 3 (Northwest),,SAC,IA 39,IA 39/FOX AVE,Collision with:  Animal,,,Animal,None Indicated,,,,,,,Paved,,Property Damage Only,0,0,0,0,0,0,1500,1,1,,POINT (-95.245372647048 42.289407668374)
2014804281,2014-38226,06/09/2014,06-June,2-Monday,19:40,1900 Hours,District 6 (East Central),DAVENPORT,SCOTT,,W 53RD ST & NORTHWEST BLVD,Collision with:  Vehicle in traffic,On Roadway,Broadside (front to side),Ran Traffic Signal,None Indicated,,Dark - roadway lighted,Dry,Clear,None apparent,Intersection:  Four-way intersection,Paved,,Property Damage Only,0,0,0,0,0,0,10500,2,5,,POINT (-90.593856886263 41.574561141841)