Iowa DOT Case Number,Law Enforcement Case Number,Date of Crash,Month of Crash,Day of Week,Time of Crash,Hour,DOT District,City Name,County Name,Route with System,Location Description,First Harmful Event,Location of First Harmful Event,Manner of Crash/Collision,Major Cause,Drug or Alcohol ,Environmental Conditions,Light Conditions,Surface Conditions,Weather Conditions,Roadway Contribution,Roadway Type,Roadway Surface,Work Zone,Crash Severity,Number of Fatalities,Number of Injuries,Number of Major Injuries,Number of Minor Injuries,Number of Possible Injuries,Number of Unknown Injuries,Amount of Property Damage,Number of Vehicles Involved,Total Number of Occupants,Travel Direction,Location
2014802327,14-3805,06/09/2014,06-June,2-Monday,06:30,0600 Hours,District 1 (Central),RUNNELLS,POLK,,Co Rd F70/SE 116TH ST/SE 64TH AVE,Collision with:  Vehicle in traffic,On Roadway,"Angle, oncoming left turn",FTYROW:  Making left turn,None Indicated,,Daylight,Dry,Clear,None apparent,Non-intersection:  Driveway access (within),Paved,,Property Damage Only,0,0,0,0,0,0,7000,2,4,,POINT (-93.357896778243 41.521932683387)
2014803349,14-05411,06/10/2014,06-June,3-Tuesday,18:15,1800 Hours,District 5 (Southeast),MOUNT PLEASANT,HENRY,,E MAPLE LEAF DR,Collision with:  Vehicle in traffic,On Roadway,Rear-end (front to rear),Other (explain in narrative):  Other,None Indicated,,Daylight,Wet,Rain,None apparent,Non-intersection:  Non-junction/no special feature,Paved,,Property Damage Only,0,0,0,0,0,0,3800,2,4,,POINT (-91.542808873913 40.974015865448)
2014803270,,06/10/2014,06-June,3-Tuesday,15:15,1500 Hours,District 2 (Northeast),PARKERSBURG,BUTLER,,3RD ST,Collision with:  Railway vehicle/train,On Roadway,Broadside (front to side),FTYROW:  Other (explain in narrative),None Indicated,,Daylight,Dry,Clear,None apparent,Non-intersection:  Railroad grade crossing,Paved,,Property Damage Only,0,0,0,0,0,0,8000,2,3,,POINT (-92.787222376799 42.579332091951)
2014806780,261401015,06/10/2014,06-June,3-Tuesday,00:22,0000 Hours,District 5 (Southeast),,DAVIS,,ICE AVE,Collision with:  Animal,On Roadway,Non-collision (single vehicle),Animal,None Indicated,,Dark - roadway not lighted,Dry,Clear,None apparent,Non-intersection:  Non-junction/no special feature,Paved,,Property Damage Only,0,0,0,0,0,0,5000,1,1,,POINT (-92.485896304734 40.765302001004)
2014802725,W14-057359,06/10/2014,06-June,3-Tuesday,05:12,0500 Hours,District 2 (Northeast),WATERLOO,BLACK HAWK,US 63,US 63/W 1ST ST & SYCAMORE ST,Collision with:  Vehicle in traffic,On Roadway,Broadside (front to side),Ran Traffic Signal,None Indicated,,Daylight,Dry,Clear,None apparent,Intersection:  Four-way intersection,Paved,,Possible/Unknown,0,1,0,0,1,0,4500,2,2,,POINT (-92.340205372248 42.501017948815)
2014803251,,06/10/2014,06-June,3-Tuesday,13:30,1300 Hours,District 4 (Southwest),,MILLS,US 34,US 34,Collision with fixed object:  Ditch,On Roadway,Non-collision (single vehicle),Crossed centerline (undivided),None Indicated,,Daylight,Dry,Clear,None apparent,Non-intersection:  Non-junction/no special feature,Paved,,Possible/Unknown,0,1,0,0,1,0,2000,2,4,,POINT (-95.482787861079 41.030855743892)
2014809330,061014A,06/10/2014,06-June,3-Tuesday,08:14,0800 Hours,District 4 (Southwest),,FREMONT,IA 2,IA 2/IOWA 2 & Co Rd M16/370 AVE,Collision with:  Vehicle in traffic,On Roadway,Broadside (front to side),FTYROW:  From stop sign,None Indicated,,Daylight,Dry,Clear,None apparent,Intersection:  Four-way intersection,Paved,,Minor Injury,0,2,0,2,0,0,16500,2,3,,POINT (-95.479661970074 40.750042872278)
2014803192,2014-38507,06/10/2014,06-June,3-Tuesday,20:44,2000 Hours,District 6 (East Central),DAVENPORT,SCOTT,US 67,US 67/GAINES ST/W 2ND ST,Collision with:  Vehicle in traffic,On Roadway,"Angle, oncoming left turn",FTYROW:  Making left turn,None Indicated,,Dark - roadway lighted,Wet,Rain,None apparent,Intersection:  Four-way intersection,Paved,,Possible/Unknown,0,2,0,0,2,0,6000,2,3,,POINT (-90.583392485315 41.521302850348)
2014803798,14-009662,06/10/2014,06-June,3-Tuesday,11:38,1100 Hours,District 5 (Southeast),,HENRY,US 218,US 218,Collision with fixed object:  Ditch,Shoulder,Non-collision (single vehicle),Crossed centerline (undivided),None Indicated,,Daylight,Wet,Rain,None apparent,Non-intersection:  Non-junction/no special feature,Paved,,Property Damage Only,0,0,0,0,0,0,5800,1,2,,POINT (-91.564963687549 40.861433078508)
2014803184,2014-10831,06/10/2014,06-June,3-Tuesday,17:11,1700 Hours,District 6 (East Central),BETTENDORF,SCOTT,,CALVERT ST & 13TH ST,Collision with:  Vehicle in traffic,On Roadway,"Sideswipe, same direction",FTYROW:  From stop sign,None Indicated,,Daylight,Dry,Cloudy,None apparent,Intersection:  T-intersection,Paved,,Possible/Unknown,0,1,0,0,1,0,3000,2,5,,POINT (-90.514879977661 41.528506054203)
2014802793,20140016317,06/10/2014,06-June,3-Tuesday,13:35,1300 Hours,District 1 (Central),DES MOINES,POLK,US 6,US 6/E EUCLID AVE & CORNELL ST,Collision with:  Vehicle in traffic,On Roadway,Broadside (front to side),Unknown,None Indicated,,Daylight,Dry,Cloudy,Work Zone (roadway-related),Intersection:  Four-way intersection,Paved,Yes,Property Damage Only,0,0,0,0,0,0,9500,2,4,,POINT (-93.615098906828 41.627697947971)
2014803038,2014-38423,06/10/2014,06-June,3-Tuesday,12:32,1200 Hours,District 6 (East Central),DAVENPORT,SCOTT,,IA 461/BRADY ST & E 46TH ST,Collision with:  Vehicle in traffic,On Roadway,Rear-end (front to rear),Followed too close,None Indicated,,Daylight,Wet,Rain,None apparent,Non-intersection:  Non-junction/no special feature,Paved,,Possible/Unknown,0,1,0,0,1,0,3500,2,2,,POINT (-90.567958722546 41.567621432342)
2014805179,2014034193,06/10/2014,06-June,3-Tuesday,02:07,0200 Hours,District 1 (Central),,STORY,I-35,I-35,Collision with:  Animal,,,Animal,None Indicated,,,,,,,Paved,,Property Damage Only,0,0,0,0,0,0,3500,1,1,,POINT (-93.570998726145 41.994380780136)
2014802823,14-18246,06/10/2014,06-June,3-Tuesday,20:21,2000 Hours,District 3 (Northwest),SIOUX CITY,WOODBURY,,FLOYD BLVD,Collision with:  Vehicle in traffic,On Roadway,"Sideswipe, same direction",Improper or erratic lane changing,None Indicated,,Daylight,Dry,Clear,None apparent,Intersection:  T-intersection,Paved,,Property Damage Only,0,0,0,0,0,0,5000,2,6,,POINT (-96.38637253743 42.514975525991)
2014802768,2014006347,06/10/2014,06-June,3-Tuesday,12:04,1200 Hours,District 6 (East Central),IOWA CITY,JOHNSON,,E BLOOMINGTON ST,Collision with fixed object:  Utility pole/light support,Shoulder,Non-collision (single vehicle),Ran off road - right,None Indicated,,Daylight,Wet,Rain,None apparent,Non-intersection:  Non-junction/no special feature,Paved,,Property Damage Only,0,0,0,0,0,0,6000,1,1,,POINT (-91.526248164626 41.66462405036)
2014802597,14-2720,06/10/2014,06-June,3-Tuesday,13:00,1300 Hours,District 1 (Central),WEST DES MOINES,POLK,,35TH ST/VALLEY WEST DR,Collision with:  Vehicle in traffic,On Roadway,Rear-end (front to rear),Followed too close,None Indicated,,Daylight,Dry,Clear,None apparent,Non-intersection:  Non-junction/no special feature,Paved,,Property Damage Only,0,0,0,0,0,0,4300,3,5,,POINT (-93.751876919434 41.593089715345)
2014806623,1-14-00212,06/10/2014,06-June,3-Tuesday,20:15,2000 Hours,District 4 (Southwest),,SHELBY,IA 44,IA 44/IOWA 44,Non-collision events:  Overturn/rollover,Shoulder,Non-collision (single vehicle),Swerving/Evasive Action,None Indicated,,Daylight,Dry,Clear,None apparent,Non-intersection:  Non-junction/no special feature,Paved,,Major Injury,0,1,1,0,0,0,8000,1,1,,POINT (-95.356288657731 41.64587089306)
2014802588,20140016310,06/10/2014,06-June,3-Tuesday,12:30,1200 Hours,District 1 (Central),DES MOINES,POLK,,GRAND AVE & 9TH ST,Collision with:  Vehicle in traffic,On Roadway,Broadside (front to side),Ran Traffic Signal,None Indicated,,Daylight,Dry,Clear,None apparent,Intersection:  Four-way intersection,Paved,,Property Damage Only,0,0,0,0,0,0,6000,3,5,,POINT (-93.628988989566 41.586964192472)
2014803191,2014-38437,06/10/2014,06-June,3-Tuesday,13:57,1300 Hours,District 6 (East Central),DAVENPORT,SCOTT,,E 53RD ST & JERSEY RIDGE RD,Collision with:  Vehicle in traffic,On Roadway,"Sideswipe, same direction",Other (explain in narrative):  Other,None Indicated,,Daylight,Dry,Clear,None apparent,Non-intersection:  Non-junction/no special feature,Paved,,Property Damage Only,0,0,0,0,0,0,4000,2,3,,POINT (-90.541568134122 41.574760295674)
2014803037,2014-38409,06/10/2014,06-June,3-Tuesday,11:49,1100 Hours,District 6 (East Central),DAVENPORT,SCOTT,,E 53RD ST,Collision with:  Vehicle in traffic,On Roadway,Rear-end (front to rear),Followed too close,None Indicated,,Daylight,Wet,Rain,None apparent,Non-intersection:  Non-junction/no special feature,Paved,,Property Damage Only,0,0,0,0,0,0,10000,3,4,,POINT (-90.521919405747 41.574833591615)
2014804400,14-004263,06/10/2014,06-June,3-Tuesday,10:03,1000 Hours,District 4 (Southwest),PERRY,DALLAS,,IOWA ST & 10TH ST,Collision with:  Vehicle in traffic,On Roadway,Broadside (front to side),FTYROW:  From stop sign,None Indicated,,Daylight,Dry,Cloudy,None apparent,Intersection:  Four-way intersection,Paved,,Possible/Unknown,0,2,0,0,2,0,7000,2,2,,POINT (-94.094480461461 41.834768574245)
2014802590,20140016277,06/10/2014,06-June,3-Tuesday,07:05,0700 Hours,District 1 (Central),DES MOINES,POLK,,KEOSAUQUA WAY & 9TH ST,Collision with:  Vehicle in traffic,On Roadway,Rear-end (front to rear),Followed too close,None Indicated,,Daylight,Dry,Clear,None apparent,Intersection:  Y-intersection,Paved,,Possible/Unknown,0,4,0,0,4,0,10000,2,6,,POINT (-93.629459454236 41.590933814432)
2014802864,W14-057498,06/10/2014,06-June,3-Tuesday,14:08,1400 Hours,District 2 (Northeast),WATERLOO,BLACK HAWK,,E MITCHELL AVE & LA PORTE RD,Collision with:  Vehicle in traffic,On Roadway,Rear-end (front to rear),Other (explain in narrative):  Other,None Indicated,,Daylight,Dry,Cloudy,None apparent,Non-intersection:  Non-junction/no special feature,Paved,,Property Damage Only,0,0,0,0,0,0,1900,2,2,,POINT (-92.322748560565 42.476591340465)
2014802726,14-10528,06/10/2014,06-June,3-Tuesday,20:06,2000 Hours,District 2 (Northeast),,BREMER,IA 116,IA 116/IOWA 116,Collision with:  Animal,On Roadway,Non-collision (single vehicle),Animal,None Indicated,,Daylight,Dry,Clear,None apparent,Non-intersection:  Non-junction/no special feature,Paved,,Possible/Unknown,0,1,0,0,1,0,12000,1,1,,POINT (-92.47629751862 42.688750965382)
2014803601,B1102,06/10/2014,06-June,3-Tuesday,18:00,1800 Hours,District 3 (Northwest),SERGEANT BLUFF,WOODBURY,,TOPAZ DR,Collision with:  Vehicle in traffic,Outside trafficway,"Sideswipe, same direction",Other (explain in narrative):  No improper action,None Indicated,,Daylight,Dry,Clear,None apparent,Non-intersection:  Other non-intersection (explain in narrative),Paved,,Minor Injury,0,2,0,2,0,0,2000,2,4,,POINT (-96.355761468733 42.395999270111)
2014802810,H14-0246,06/10/2014,06-June,3-Tuesday,17:30,1700 Hours,District 1 (Central),HUXLEY,STORY,US 69,US 69 & E 3RD ST,Collision with:  Vehicle in traffic,On Roadway,Rear-end (front to rear),Other (explain in narrative):  Other,None Indicated,,Daylight,Dry,Clear,None apparent,Non-intersection:  Non-junction/no special feature,Paved,,Property Damage Only,0,0,0,0,0,0,1500,2,2,,POINT (-93.600532224449 41.894264694138)
2014803995,201402616,06/10/2014,06-June,3-Tuesday,09:25,0900 Hours,District 1 (Central),BERKLEY,BOONE,,Co Rd P54/280TH ST & CLOVER AVE,Non-collision events:  Overturn/rollover,On Roadway,Non-collision (single vehicle),Ran off road - right,None Indicated,,Daylight,Dry,Cloudy,None apparent,Intersection:  T-intersection,Paved,,Possible/Unknown,0,1,0,0,1,0,25500,1,1,,POINT (-94.115720190983 41.950155536341)
2014809992,2014005680,06/10/2014,06-June,3-Tuesday,00:02,0000 Hours,District 1 (Central),MARSHALLTOWN,MARSHALL,,THOMAS DR & S 3RD AVE,Collision with fixed object:  Other fixed object (explain in narrative),On Roadway,Non-collision (single vehicle),Ran off road - left,None Indicated,,Dark - roadway lighted,Dry,Clear,None apparent,Non-intersection:  Non-junction/no special feature,Paved,,Property Damage Only,0,0,0,0,0,0,11000,1,1,,POINT (-92.90715720207 42.025079970914)
2014803716,2014-11658,06/10/2014,06-June,3-Tuesday,10:35,1000 Hours,District 6 (East Central),,SCOTT,US 67,US 67/GREAT RIVER RD,Collision with:  Animal,,,Animal,None Indicated,,,,,,,Paved,,Property Damage Only,0,0,0,0,0,0,1500,1,1,,POINT (-90.409858737205 41.573100761177)
2014804343,,06/10/2014,06-June,3-Tuesday,11:46,1100 Hours,District 2 (Northeast),NEW HAMPTON,CHICKASAW,IA 24,IA 24/200TH & CANTY AVE,Collision with:  Vehicle in traffic,On Roadway,"Angle, oncoming left turn",FTYROW:  Making left turn,None Indicated,,Daylight,Dry,Clear,None apparent,Non-intersection:  Driveway access (within),Paved,,Property Damage Only,0,0,0,0,0,0,8000,2,2,,POINT (-92.325190922684 43.066846760589)
2014802757,1406108111,06/10/2014,06-June,3-Tuesday,21:00,2100 Hours,District 6 (East Central),,CLINTON,,Co Rd E63/190 ST,Non-collision events:  Overturn/rollover,Shoulder,Non-collision (single vehicle),Ran off road - left,None Indicated,,Dark - roadway lighted,Dry,Rain,None apparent,Non-intersection:  Non-junction/no special feature,Paved,,Property Damage Only,0,0,0,0,0,0,10100,1,1,,POINT (-90.746969407494 41.901980954503)
2014803404,14-024313,06/10/2014,06-June,3-Tuesday,14:54,1400 Hours,District 5 (Southeast),MUSCATINE,MUSCATINE,US 61,US 61 & 2ND AVE,Collision with:  Vehicle in traffic,On Roadway,Rear-end (front to rear),Followed too close,None Indicated,,Daylight,Dry,Cloudy,None apparent,Intersection:  Four-way intersection,Paved,,Property Damage Only,0,0,0,0,0,0,1900,2,3,,POINT (-91.034767363487 41.452735740248)
2014802586,20140016293,06/10/2014,06-June,3-Tuesday,09:00,0900 Hours,District 1 (Central),DES MOINES,POLK,,HICKMAN RD & ARLINGTON AVE & 6TH AVE,Collision with:  Vehicle in traffic,On Roadway,Broadside (front to side),Ran Traffic Signal,None Indicated,,Daylight,Dry,Cloudy,None apparent,Intersection:  Four-way intersection,Paved,,Minor Injury,0,2,0,1,1,0,16700,2,2,,POINT (-93.625568104196 41.612887657151)
2014802589,20140016301,06/10/2014,06-June,3-Tuesday,10:25,1000 Hours,District 1 (Central),DES MOINES,POLK,,BENNETT AVE & MLK JR PKWY,Collision with:  Vehicle in traffic,On Roadway,"Sideswipe, same direction",FTYROW:  Other (explain in narrative),None Indicated,,Daylight,Dry,Cloudy,None apparent,Non-intersection:  Non-junction/no special feature,Paved,,Property Damage Only,0,0,0,0,0,0,1800,2,2,,POINT (-93.647453241224 41.618206833736)
2014802821,14-18200,06/10/2014,06-June,3-Tuesday,12:34,1200 Hours,District 3 (Northwest),SIOUX CITY,WOODBURY,IA 12,IA 12/GORDON DR & S ALICE ST,Collision with:  Vehicle in traffic,On Roadway,Head-on (front to front),Crossed centerline (undivided),None Indicated,,Daylight,Dry,Clear,None apparent,Intersection:  Four-way intersection,Paved,,Property Damage Only,0,0,0,0,0,0,8000,2,4,,POINT (-96.36821769794 42.489254027411)
2014803012,14-001263,06/10/2014,06-June,3-Tuesday,20:17,2000 Hours,District 1 (Central),ALTOONA,POLK,,19TH ST SW & 3RD AVE SW,Collision with:  Non-motorist (see non-motorist section - NOT a unit),On Roadway,Non-collision (single vehicle),Swerving/Evasive Action,None Indicated,,Dusk,Dry,Clear,None apparent,Intersection:  T-intersection,Paved,,Minor Injury,0,1,0,1,0,0,900,1,3,,POINT (-93.467757386887 41.633661141428)
2014802820,14-18148,06/10/2014,06-June,3-Tuesday,00:23,0000 Hours,District 3 (Northwest),SIOUX CITY,WOODBURY,I-29,I-29,Collision with:  Vehicle in traffic,On Roadway,Rear-end (front to rear),Other (explain in narrative):  Other,None Indicated,,Dark - roadway not lighted,Dry,Clear,Work Zone (roadway-related),Non-intersection:  Non-junction/no special feature,Paved,Yes,Property Damage Only,0,0,0,0,0,0,7500,2,3,,POINT (-96.382003025865 42.471216766366)
2014804031,14003875,06/10/2014,06-June,3-Tuesday,08:00,0800 Hours,District 1 (Central),WEBSTER CITY,HAMILTON,,Co Rd R27/FISHER AVE,Non-collision events:  Overturn/rollover,Roadside,Non-collision (single vehicle),Swerving/Evasive Action,None Indicated,,Daylight,Dry,Cloudy,None apparent,Non-intersection:  Non-junction/no special feature,Paved,,Minor Injury,0,1,0,1,0,0,2000,1,1,,POINT (-93.854056639637 42.503364220674)
2014802799,14-023760,06/10/2014,06-June,3-Tuesday,09:59,0900 Hours,District 4 (Southwest),COUNCIL BLUFFS,POTTAWATTAMIE,,32ND AVE & MANAWA CENTRE DR,Collision with:  Vehicle in traffic,On Roadway,Broadside (front to side),Unknown,None Indicated,,Daylight,Dry,Clear,None apparent,Intersection:  Four-way intersection,Paved,,Property Damage Only,0,0,0,0,0,0,3800,2,2,,POINT (-95.847508404631 41.2282063071)
2014803026,14-10817,06/10/2014,06-June,3-Tuesday,13:29,1300 Hours,District 6 (East Central),BETTENDORF,SCOTT,,MIDDLE RD & HAPPY JOE DR,Collision with:  Vehicle in traffic,On Roadway,Rear-end (front to rear),Other (explain in narrative):  Other,None Indicated,,Daylight,Wet,Cloudy,None apparent,Intersection:  T-intersection,Paved,,Minor Injury,0,1,0,1,0,0,11500,4,4,,POINT (-90.493652534734 41.548714649117)
2014803393,14-013912,06/10/2014,06-June,3-Tuesday,19:30,1900 Hours,District 5 (Southeast),,MARION,,Co Rd S6G/CARPENTER ST & 85TH AVE,Collision with:  Vehicle in traffic,On Roadway,"Angle, oncoming left turn",FTYROW:  From stop sign,None Indicated,,Daylight,Dry,Clear,None apparent,Intersection:  Four-way intersection,Unpaved,,Property Damage Only,0,0,0,0,0,0,5500,2,4,,POINT (-93.1878697796 41.479829979408)
2014802531,W14-057319,06/10/2014,06-June,3-Tuesday,00:27,0000 Hours,District 2 (Northeast),WATERLOO,BLACK HAWK,,NEWELL ST,Collision with fixed object:  Guardrail - face,On Roadway,Non-collision (single vehicle),Swerving/Evasive Action,Refused,,Dark - roadway not lighted,Dry,Clear,None apparent,Non-intersection:  Non-junction/no special feature,Paved,,Major Injury,0,3,2,1,0,0,9000,1,3,,POINT (-92.267677043809 42.512816326929)
2014805260,088-2014,06/10/2014,06-June,3-Tuesday,07:32,0700 Hours,District 4 (Southwest),,HARRISON,IA 127,IA 127/IOWA 127 & NORTON AVE,Collision with:  Animal,,,Animal,None Indicated,,,,,,,Paved,,Property Damage Only,0,0,0,0,0,0,1500,1,1,,POINT (-95.799654188832 41.666595125675)
2014802981,14-002503,06/10/2014,06-June,3-Tuesday,15:05,1500 Hours,District 1 (Central),ANKENY,POLK,,E 1ST ST & SE CREEKVIEW DR,Collision with:  Vehicle in traffic,On Roadway,Broadside (front to side),Unknown,None Indicated,,Daylight,Dry,Clear,None apparent,Intersection:  T-intersection,Paved,,Property Damage Only,0,0,0,0,0,0,1500,2,2,,POINT (-93.573850107922 41.731844402172)
2014803157,14-1272,06/10/2014,06-June,3-Tuesday,09:40,0900 Hours,District 1 (Central),URBANDALE,POLK,,MEREDITH DR,Collision with:  Parked motor vehicle,On Roadway,Rear-end (front to rear),FTYROW:  Other (explain in narrative),None Indicated,,Daylight,Dry,Clear,Work Zone (roadway-related),Non-intersection:  Non-junction/no special feature,Paved,Yes,Minor Injury,0,1,0,1,0,0,24000,2,2,,POINT (-93.747880509152 41.643916254807)
2014802794,20140016341,06/10/2014,06-June,3-Tuesday,17:15,1700 Hours,District 1 (Central),DES MOINES,POLK,,E PARK AVE,Collision with:  Vehicle in traffic,On Roadway,Rear-end (front to rear),Followed too close,None Indicated,,Daylight,Dry,Clear,None apparent,Non-intersection:  Non-junction/no special feature,Paved,,Property Damage Only,0,0,0,0,0,0,3500,2,2,,POINT (-93.584888749145 41.555284187034)
2014803170,S14-002071,06/10/2014,06-June,3-Tuesday,12:49,1200 Hours,District 4 (Southwest),TREYNOR,POTTAWATTAMIE,,DOGWOOD RD,Non-collision events:  Other non-collision (explain in narrative),On Roadway,Non-collision (single vehicle),Driving too fast for conditions,None Indicated,,Daylight,Dry,Cloudy,"Surface condition (e.g., wet, icy)",Non-intersection:  Non-junction/no special feature,Unpaved,,Minor Injury,0,1,0,1,0,0,5000,1,1,,POINT (-95.239616180859 41.259774142022)
2014802781,14-003936,06/10/2014,06-June,3-Tuesday,23:20,2300 Hours,District 3 (Northwest),ONAWA,MONONA,IA 175,IA 175/IOWA AVE/IOWA 175 & LARCH AVE,Collision with:  Animal,On Roadway,Non-collision (single vehicle),Animal,None Indicated,,Dark - roadway not lighted,Dry,Clear,None apparent,Non-intersection:  Non-junction/no special feature,Paved,,Property Damage Only,0,0,0,0,0,0,3000,1,1,,POINT (-96.059221876432 42.02800995221)
2014802834,2014034341,06/10/2014,06-June,3-Tuesday,21:30,2100 Hours,District 4 (Southwest),,POTTAWATTAMIE,I-80,I-80,Collision with:  Animal,,,Animal,None Indicated,,,,,,,Paved,,Property Damage Only,0,0,0,0,0,0,1500,1,1,,POINT (-95.283721329562 41.498621437765)
2014805256,02-14-8876,06/10/2014,06-June,3-Tuesday,16:24,1600 Hours,District 6 (East Central),DUBUQUE,DUBUQUE,US 52,US 52 & BELLEVUE HTS,Collision with:  Vehicle in traffic,On Roadway,Rear-end (front to rear),Followed too close,None Indicated,,Daylight,Dry,Cloudy,None apparent,Intersection:  Four-way intersection,Paved,,Property Damage Only,0,0,0,0,0,0,3500,2,2,,POINT (-90.672148549838 42.45907176688)
2014814236,AC-14-0032,06/10/2014,06-June,3-Tuesday,16:25,1600 Hours,District 6 (East Central),MONTICELLO,JONES,,E GRAND ST,Collision with:  Parked motor vehicle,Outside trafficway,"Sideswipe, same direction",Improper Backing,None Indicated,,Daylight,Dry,Cloudy,None apparent,Non-intersection:  Non-junction/no special feature,Paved,,Property Damage Only,0,0,0,0,0,0,1500,2,1,,POINT (-91.184182607834 42.236929992163)
2014802924,201401978,06/10/2014,06-June,3-Tuesday,16:52,1600 Hours,District 6 (East Central),,LINN,,Co Rd E48/MT VERNON RD,Collision with:  Animal,,,Animal,None Indicated,,,,,,,Paved,,Property Damage Only,0,0,0,0,0,0,3500,1,1,,POINT (-91.584241142621 41.9766046101)
2014802792,20140016314,06/10/2014,06-June,3-Tuesday,12:53,1200 Hours,District 1 (Central),DES MOINES,POLK,,LOCUST ST & 7TH ST,Collision with:  Vehicle in traffic,On Roadway,"Sideswipe, same direction",Made improper turn,None Indicated,,Daylight,Dry,Clear,None apparent,Non-intersection:  Non-junction/no special feature,Paved,,Property Damage Only,0,0,0,0,0,0,4000,2,2,,POINT (-93.626189921067 41.586583152241)
2014802798,14-0484,06/10/2014,06-June,3-Tuesday,10:55,1000 Hours,District 1 (Central),WINDSOR HEIGHTS,POLK,I-235,I-235 & CENTER ST & 73RD ST,Collision with:  Vehicle in traffic,On Roadway,Rear-end (front to rear),Other (explain in narrative):  Other,None Indicated,,Daylight,Dry,Cloudy,None apparent,Intersection:  Four-way intersection,Paved,,Property Damage Only,0,0,0,0,0,0,2000,2,2,,POINT (-93.713456149095 41.591848372945)
2014803045,2014-38427,06/10/2014,06-June,3-Tuesday,13:27,1300 Hours,District 6 (East Central),DAVENPORT,SCOTT,,E 53RD ST & TREMONT AVE,Collision with:  Vehicle in traffic,On Roadway,"Angle, oncoming left turn",Ran Traffic Signal,None Indicated,,Daylight,Wet,Rain,None apparent,Intersection:  Four-way intersection,Paved,,Property Damage Only,0,0,0,0,0,0,10000,2,2,,POINT (-90.560822513385 41.574648245564)
2014802884,2014-2616,06/10/2014,06-June,3-Tuesday,17:28,1700 Hours,District 4 (Southwest),WAUKEE,DALLAS,US 6,US 6/HICKMAN AVE,Collision with:  Vehicle in traffic,On Roadway,Rear-end (front to rear),Other (explain in narrative):  Other,None Indicated,,Daylight,Dry,Clear,None apparent,Non-intersection:  Non-junction/no special feature,Paved,,Property Damage Only,0,0,0,0,0,0,5500,2,2,,POINT (-93.851128081348 41.615005770994)
2014803139,14-013851,06/10/2014,06-June,3-Tuesday,05:03,0500 Hours,District 5 (Southeast),,MARION,IA 5,IA 5/IOWA 5,Collision with:  Animal,,,Animal,None Indicated,,,,,,,Paved,,Property Damage Only,0,0,0,0,0,0,2500,1,1,,POINT (-92.968229588307 41.220890852906)
2014803169,S14-002068,06/10/2014,06-June,3-Tuesday,10:50,1000 Hours,District 4 (Southwest),,POTTAWATTAMIE,,Co Rd L35/WABASH AVE,Collision with:  Vehicle in traffic,On Roadway,Rear-end (front to rear),Followed too close,None Indicated,,Daylight,Dry,Clear,None apparent,Non-intersection:  Non-junction/no special feature,Paved,,Possible/Unknown,0,1,0,0,1,0,12000,2,5,,POINT (-95.791167747772 41.162092137398)
2014805740,,06/10/2014,06-June,3-Tuesday,13:45,1300 Hours,District 2 (Northeast),,ALLAMAKEE,IA 51,IA 51/IOWA 51,Collision with:  Animal,On Roadway,Non-collision (single vehicle),Animal,None Indicated,,Daylight,Dry,Clear,,Non-intersection:  Non-junction/no special feature,Paved,,Property Damage Only,0,0,0,0,0,0,3800,1,1,,POINT (-91.565774728516 43.129157844227)
2014802611,S79140184,06/10/2014,06-June,3-Tuesday,06:45,0600 Hours,District 1 (Central),,POWESHIEK,I-80,I-80,Collision with:  Animal,On Roadway,Non-collision (single vehicle),Animal,None Indicated,,Daylight,Dry,Cloudy,None apparent,Non-intersection:  Non-junction/no special feature,Paved,,Property Damage Only,0,0,0,0,0,0,5000,1,1,,POINT (-92.675777024066 41.695557524708)
2014802783,14-0665,06/10/2014,06-June,3-Tuesday,08:18,0800 Hours,District 1 (Central),CLIVE,POLK,,NW 86TH ST,Collision with:  Vehicle in traffic,On Roadway,"Sideswipe, same direction",FTYROW:  Other (explain in narrative),None Indicated,,Daylight,Dry,Clear,None apparent,Non-intersection:  Non-junction/no special feature,Paved,,Property Damage Only,0,0,0,0,0,0,3800,2,2,,POINT (-93.736331907907 41.606196735736)
2014802687,14-1726,06/10/2014,06-June,3-Tuesday,12:30,1200 Hours,District 1 (Central),FORT DODGE,WEBSTER,,200TH ST & 5TH AVE S & OLD US 20 & S 42ND ST,Collision with:  Vehicle in traffic,On Roadway,Rear-end (front to rear),Other (explain in narrative):  Other,None Indicated,,Daylight,Dry,Cloudy,None apparent,Non-intersection:  Non-junction/no special feature,Paved,,Property Damage Only,0,0,0,0,0,0,7500,2,5,,POINT (-94.128838867413 42.501257085423)
2014803036,2014-38393,06/10/2014,06-June,3-Tuesday,09:36,0900 Hours,District 6 (East Central),DAVENPORT,SCOTT,,W 4TH ST & N DIVISION ST,Collision with:  Vehicle in traffic,On Roadway,Broadside (front to side),Ran Traffic Signal,None Indicated,,Daylight,Wet,Rain,"Surface condition (e.g., wet, icy)",Intersection:  Four-way intersection,Paved,,Property Damage Only,0,0,0,0,0,0,3600,2,3,,POINT (-90.601193965728 41.523432008422)
2014802803,14-10803,06/10/2014,06-June,3-Tuesday,08:46,0800 Hours,District 6 (East Central),BETTENDORF,SCOTT,,53RD AVE & DEVILS GLEN RD,Collision with:  Vehicle in traffic,On Roadway,Rear-end (front to rear),FTYROW:  Other (explain in narrative),None Indicated,,Daylight,Wet,Rain,None apparent,Intersection:  Four-way intersection,Paved,,Property Damage Only,0,0,0,0,0,0,2000,2,2,,POINT (-90.483502758518 41.573917633353)
2014803879,14-10813,06/10/2014,06-June,3-Tuesday,11:27,1100 Hours,District 6 (East Central),BETTENDORF,SCOTT,I-74,I-74,Collision with:  Vehicle in traffic,On Roadway,"Sideswipe, same direction",Driving too fast for conditions,None Indicated,,Daylight,Wet,Rain,"Surface condition (e.g., wet, icy)",Non-intersection:  Non-junction/no special feature,Paved,,Property Damage Only,0,0,0,0,0,0,13000,3,4,,POINT (-90.521401156116 41.549496604482)