Iowa DOT Case Number,Law Enforcement Case Number,Date of Crash,Month of Crash,Day of Week,Time of Crash,Hour,DOT District,City Name,County Name,Route with System,Location Description,First Harmful Event,Location of First Harmful Event,Manner of Crash/Collision,Major Cause,Drug or Alcohol ,Environmental Conditions,Light Conditions,Surface Conditions,Weather Conditions,Roadway Contribution,Roadway Type,Roadway Surface,Work Zone,Crash Severity,Number of Fatalities,Number of Injuries,Number of Major Injuries,Number of Minor Injuries,Number of Possible Injuries,Number of Unknown Injuries,Amount of Property Damage,Number of Vehicles Involved,Total Number of Occupants,Travel Direction,Location
2014805691,2014034189,06/10/2014,06-June,3-Tuesday,12:25,1200 Hours,District 2 (Northeast),,WORTH,I-35,I-35,Collision with:  Animal,,,Animal,None Indicated,,,,,,,Paved,,Property Damage Only,0,0,0,0,0,0,2500,1,1,,POINT (-93.349404418385 43.389150070808)
2014807390,14122,06/10/2014,06-June,3-Tuesday,13:00,1300 Hours,District 5 (Southeast),PELLA,MARION,,,Unknown,Unknown,Non-collision (single vehicle),Unknown,Alcohol (Statutory),,Daylight,Unknown,Unknown,Unknown,Unknown,,,Property Damage Only,0,0,0,0,0,0,2500,1,1,,POINT (-96.643700149993 40.233091251414)
2014808084,2014034191,06/10/2014,06-June,3-Tuesday,01:01,0100 Hours,District 2 (Northeast),,FRANKLIN,,Co Rd C47/100TH ST & Co Rd S25/HEATHER AVE,Collision with fixed object:  Ditch,Roadside,Non-collision (single vehicle),Ran Stop Sign,None Indicated,,Dark - roadway not lighted,Dry,Clear,None apparent,Intersection:  Four-way intersection,Paved,,Possible/Unknown,0,1,0,0,1,0,1500,1,1,,POINT (-93.360049069057 42.673352349327)
2014802865,W14-057588,06/10/2014,06-June,3-Tuesday,19:42,1900 Hours,District 2 (Northeast),WATERLOO,BLACK HAWK,,SHULTZ ST & ADRIAN ST,Collision with:  Vehicle in traffic,On Roadway,Head-on (front to front),Crossed centerline (undivided),None Indicated,,Daylight,Dry,Cloudy,None apparent,Intersection:  T-intersection,Paved,,Property Damage Only,0,0,0,0,0,0,3000,2,5,,POINT (-92.308796343627 42.48856687715)
2014805180,2014034295,06/10/2014,06-June,3-Tuesday,13:53,1300 Hours,District 1 (Central),DES MOINES,POLK,US 6,US 6/E EUCLID AVE & E 25TH ST,Collision with:  Vehicle in traffic,On Roadway,Rear-end (front to rear),Driving too fast for conditions,None Indicated,,Daylight,Dry,Cloudy,None apparent,Intersection:  T-intersection,Paved,,Property Damage Only,0,0,0,0,0,0,2000,2,2,,POINT (-93.570873184608 41.627745943071)
2014803060,14-006689,06/10/2014,06-June,3-Tuesday,03:08,0300 Hours,District 1 (Central),,TAMA,,Co Rd D65/HWY D65 & 130TH ST,Non-collision events:  Overturn/rollover,Outside trafficway,Non-collision (single vehicle),Driving too fast for conditions,Alcohol (Statutory),,Dark - roadway not lighted,Dry,Clear,None apparent,Intersection:  Other intersection (explain in narrative),Paved,,Minor Injury,0,4,0,4,0,0,30000,1,4,,POINT (-92.514804211737 42.253386403322)
2014802763,01-14-25060,06/10/2014,06-June,3-Tuesday,11:20,1100 Hours,District 6 (East Central),DUBUQUE,DUBUQUE,,BLUFF ST,Collision with:  Vehicle in traffic,On Roadway,Rear-end (front to rear),Followed too close,None Indicated,,Daylight,Dry,Cloudy,None apparent,Interchange-related:  On-ramp merge area,Paved,,Minor Injury,0,1,0,1,0,0,4500,2,2,,POINT (-90.667566435701 42.492063854902)
2014804671,,06/10/2014,06-June,3-Tuesday,06:20,0600 Hours,District 6 (East Central),,CEDAR,,Co Rd F58/IOWA 927,Collision with:  Animal,On Roadway,Non-collision (single vehicle),Animal,None Indicated,,Dawn,Dry,Clear,,Non-intersection:  Non-junction/no special feature,Paved,,Property Damage Only,0,0,0,0,0,0,3765,1,1,,POINT (-90.94764212227 41.600797100645)
2014802875,CL14001920,06/10/2014,06-June,3-Tuesday,09:57,0900 Hours,District 6 (East Central),CLINTON,CLINTON,US 30,US 30/LINCOLN WAY & LIBERTY AVE & HARRISON DR,Collision with:  Vehicle in traffic,On Roadway,Rear-end (front to rear),Driving too fast for conditions,None Indicated,,Daylight,Wet,Rain,"Surface condition (e.g., wet, icy)",Non-intersection:  Non-junction/no special feature,Paved,,Possible/Unknown,0,1,0,0,1,0,2500,2,2,,POINT (-90.237676605411 41.815699670464)
2014802940,201408215,06/10/2014,06-June,3-Tuesday,12:28,1200 Hours,District 6 (East Central),CEDAR RAPIDS,LINN,,1ST ST SE,Collision with:  Vehicle in traffic,On Roadway,Broadside (front to side),FTYROW:  From parked position,None Indicated,,Daylight,Dry,Cloudy,None apparent,Non-intersection:  Non-junction/no special feature,Paved,,Property Damage Only,0,0,0,0,0,0,2600,2,2,,POINT (-91.668368986346 41.9765846997)
2014802759,14-849,06/10/2014,06-June,3-Tuesday,08:33,0800 Hours,District 3 (Northwest),SPIRIT LAKE,DICKINSON,US 71,US 71/18TH ST & KEOKUK AVE,Collision with:  Vehicle in traffic,On Roadway,Rear-end (front to rear),Followed too close,None Indicated,,Daylight,Dry,Clear,None apparent,Intersection:  Four-way intersection,Paved,,Minor Injury,0,1,0,1,0,0,600,2,2,,POINT (-95.10626443561 43.422625246647)
2014802685,14C02656,06/10/2014,06-June,3-Tuesday,09:37,0900 Hours,District 4 (Southwest),CRESTON,UNION,,S ELM ST,Collision with:  Other non-fixed object (explain in narrative),On Roadway,Non-collision (single vehicle),Other (explain in narrative):  No improper action,None Indicated,,Daylight,Dry,Clear,Unknown,Non-intersection:  Railroad grade crossing,Paved,,Property Damage Only,0,0,0,0,0,0,11400,1,1,,POINT (-94.363898106532 41.056741665619)
2014808734,,06/10/2014,06-June,3-Tuesday,17:00,1700 Hours,District 2 (Northeast),CLEAR LAKE,CERRO GORDO,,9TH AVE S & S 8TH ST,Collision with:  Vehicle in traffic,On Roadway,Rear-end (front to rear),Other (explain in narrative):  Other,None Indicated,,Daylight,Wet,Rain,None apparent,Non-intersection:  Non-junction/no special feature,Paved,,Property Damage Only,0,0,0,0,0,0,3500,2,6,,POINT (-93.378708846291 43.129587258988)
2014802786,20140016370,06/10/2014,06-June,3-Tuesday,23:19,2300 Hours,District 1 (Central),DES MOINES,POLK,US 69,US 69/SE 14TH ST,Collision with fixed object:  Curb/island/raised median,On Roadway,Non-collision (single vehicle),Unknown,Refused,,Dark - roadway lighted,Dry,Clear,None apparent,Non-intersection:  Non-junction/no special feature,Paved,,Property Damage Only,0,0,0,0,0,0,1500,1,1,,POINT (-93.596925639365 41.569336763631)
2014802776,14-002493,06/10/2014,06-June,3-Tuesday,04:45,0400 Hours,District 3 (Northwest),,LYON,,Co Rd A26/180TH ST,Collision with fixed object:  Ditch,Shoulder,Non-collision (single vehicle),Swerving/Evasive Action,None Indicated,,Dark - roadway not lighted,Dry,Clear,"Surface condition (e.g., wet, icy)",Intersection:  Four-way intersection,Paved,,Minor Injury,0,1,0,1,0,0,3250,1,1,,POINT (-96.522223836176 43.389695946441)
2014802943,201408223,06/10/2014,06-June,3-Tuesday,15:46,1500 Hours,District 6 (East Central),CEDAR RAPIDS,LINN,,15TH ST NW,Collision with fixed object:  Utility pole/light support,Shoulder,Non-collision (single vehicle),Lost Control,None Indicated,,Daylight,Other (explain in narrative),Cloudy,None apparent,Non-intersection:  Non-junction/no special feature,Paved,,Minor Injury,0,1,0,1,0,0,11000,1,1,,POINT (-91.691746631123 41.971368593975)
2014802920,2014006337,06/10/2014,06-June,3-Tuesday,08:26,0800 Hours,District 6 (East Central),IOWA CITY,JOHNSON,,E BENTON ST & S GILBERT ST,Collision with:  Vehicle in traffic,On Roadway,Broadside (front to side),FTYROW:  From stop sign,None Indicated,,Daylight,Wet,Rain,None apparent,Intersection:  Four-way intersection,Paved,,Property Damage Only,0,0,0,0,0,0,6000,2,2,,POINT (-91.531623411007 41.65113754229)
2014811361,14-002782,06/10/2014,06-June,3-Tuesday,14:08,1400 Hours,District 1 (Central),AMES,STORY,US 69,US 69/GRAND AVE & 24TH ST,Collision with:  Vehicle in traffic,On Roadway,"Sideswipe, same direction",Made improper turn,None Indicated,,Daylight,Dry,Clear,None apparent,Intersection:  T-intersection,Paved,,Property Damage Only,0,0,0,0,0,0,3200,2,3,,POINT (-93.620516483779 42.045722491994)
2014802650,2014-38362,06/10/2014,06-June,3-Tuesday,06:22,0600 Hours,District 6 (East Central),DAVENPORT,SCOTT,,E 4TH ST & PERSHING AVE,Non-collision events:  Other non-collision (explain in narrative),On Roadway,Non-collision (single vehicle),Ran Traffic Signal,None Indicated,,Daylight,Wet,Rain,"Surface condition (e.g., wet, icy)",Intersection:  Four-way intersection,Paved,,Minor Injury,0,1,0,1,0,0,2000,2,2,,POINT (-90.571158024954 41.523512726861)
2014802651,2014-38400,06/10/2014,06-June,3-Tuesday,11:04,1100 Hours,District 6 (East Central),DAVENPORT,SCOTT,,W 4TH ST & RIPLEY ST,Collision with:  Vehicle in traffic,On Roadway,Rear-end (front to rear),Driving too fast for conditions,None Indicated,,Daylight,Wet,Rain,None apparent,Intersection:  Four-way intersection,Paved,,Property Damage Only,0,0,0,0,0,0,2000,2,3,,POINT (-90.578503389042 41.523541624014)
2014809862,2014005698,06/10/2014,06-June,3-Tuesday,14:04,1400 Hours,District 1 (Central),MARSHALLTOWN,MARSHALL,IA 14,IA 14/E ANSON ST/S 3RD AVE,Collision with:  Vehicle in traffic,On Roadway,"Sideswipe, same direction",Lost Control,None Indicated,,Daylight,Dry,Cloudy,None apparent,Intersection:  Four-way intersection,Paved,,Property Damage Only,0,0,0,0,0,0,6300,3,7,,POINT (-92.907875153588 42.038167163245)
2014803027,14-10818,06/10/2014,06-June,3-Tuesday,13:38,1300 Hours,District 6 (East Central),BETTENDORF,SCOTT,US 67,US 67/STATE ST,Collision with:  Vehicle in traffic,On Roadway,Broadside (front to side),FTYROW:  Making right turn on red signal,None Indicated,,Daylight,Dry,Rain,None apparent,Intersection:  Four-way intersection,Paved,,Possible/Unknown,0,1,0,0,1,0,7000,2,2,,POINT (-90.481277567846 41.52932365303)
2014808047,2014034294,06/10/2014,06-June,3-Tuesday,13:50,1300 Hours,District 1 (Central),,HARDIN,US 20,US 20,Collision with fixed object:  Traffic sign support,On Roadway,Non-collision (single vehicle),Swerving/Evasive Action,None Indicated,,Daylight,Dry,Cloudy,None apparent,Non-intersection:  Non-junction/no special feature,Paved,,Property Damage Only,0,0,0,0,0,0,2700,1,1,,POINT (-93.393643751295 42.447989620158)
2014802822,14-18210,06/10/2014,06-June,3-Tuesday,12:00,1200 Hours,District 3 (Northwest),SIOUX CITY,WOODBURY,I-29,I-29 & I-129,Collision with:  Vehicle in traffic,On Roadway,"Sideswipe, same direction",FTYROW:  Other (explain in narrative),None Indicated,,Daylight,Dry,Clear,None apparent,Intersection:  Intersection with ramp,Paved,,Property Damage Only,0,0,0,0,0,0,2000,2,2,,POINT (-96.378918901242 42.446689423622)
2014803245,2014034199,06/10/2014,06-June,3-Tuesday,05:45,0500 Hours,District 6 (East Central),DAVENPORT,SCOTT,I-280,I-280,Collision with:  Animal,,,Animal,None Indicated,,,,,,,Paved,,Property Damage Only,0,0,0,0,0,0,6000,1,1,,POINT (-90.678842317341 41.563943313528)
2014803717,2014-11678,06/10/2014,06-June,3-Tuesday,13:50,1300 Hours,District 6 (East Central),,SCOTT,US 67,US 67/GREAT RIVER RD,Collision with:  Vehicle in traffic,On Roadway,Rear-end (front to rear),Followed too close,None Indicated,,Daylight,Dry,Clear,None apparent,Non-intersection:  Non-junction/no special feature,Paved,,Possible/Unknown,0,2,0,0,2,0,17000,3,4,,POINT (-90.427506322983 41.56783228551)
2014803938,14-18233,06/10/2014,06-June,3-Tuesday,17:54,1700 Hours,District 3 (Northwest),SIOUX CITY,WOODBURY,,W 14TH ST & GEORGE ST,Collision with:  Non-motorist (see non-motorist section - NOT a unit),On Roadway,Non-collision (single vehicle),Other (explain in narrative):  No improper action,None Indicated,,Daylight,Dry,Clear,None apparent,Intersection:  Four-way intersection,Paved,,Possible/Unknown,0,1,0,0,1,0,0,1,2,,POINT (-96.427005262776 42.505040950182)
2014803061,2014-0201,06/10/2014,06-June,3-Tuesday,17:28,1700 Hours,District 5 (Southeast),NORWALK,WARREN,,SOUTH AVE & CENTER ST,Collision with:  Non-motorist (see non-motorist section - NOT a unit),On Roadway,Non-collision (single vehicle),Other (explain in narrative):  No improper action,None Indicated,,Daylight,Dry,Cloudy,None apparent,Intersection:  Other intersection (explain in narrative),Paved,,Minor Injury,0,2,0,2,0,0,250,1,3,,POINT (-93.676592565856 41.474039236398)
2014803190,2014-38419,06/10/2014,06-June,3-Tuesday,12:33,1200 Hours,District 6 (East Central),DAVENPORT,SCOTT,US 67,US 67/W RIVER DR,Collision with:  Vehicle in traffic,On Roadway,"Sideswipe, same direction",Ran off road - right,None Indicated,,Daylight,Wet,Cloudy,None apparent,Intersection:  Other intersection (explain in narrative),Paved,,Property Damage Only,0,0,0,0,0,0,5500,2,2,,POINT (-90.577775394538 41.520247943466)
2014805283,A14-040,06/10/2014,06-June,3-Tuesday,10:00,1000 Hours,District 4 (Southwest),WINTERSET,MADISON,,W WASHINGTON ST & S 1ST ST & E WASHINGTON ST,Collision with:  Vehicle in traffic,On Roadway,Rear-end (front to rear),Other (explain in narrative):  Other,None Indicated,,Daylight,Dry,Cloudy,None apparent,Intersection:  Four-way intersection,Paved,,Property Damage Only,0,0,0,0,0,0,2100,2,3,,POINT (-94.013387751163 41.333499162533)
2014802585,20140016284,06/10/2014,06-June,3-Tuesday,08:30,0800 Hours,District 1 (Central),DES MOINES,POLK,,E 38TH ST,Collision with:  Vehicle in traffic,On Roadway,"Sideswipe, same direction",FTYROW:  From stop sign,None Indicated,,Daylight,Dry,Cloudy,None apparent,Intersection:  T-intersection,Paved,,Possible/Unknown,0,1,0,0,1,0,5500,2,3,,POINT (-93.541904067254 41.63047122319)
2014802572,14-024300,06/10/2014,06-June,3-Tuesday,12:29,1200 Hours,District 5 (Southeast),MUSCATINE,MUSCATINE,,LOGAN ST,Collision with:  Vehicle in traffic,On Roadway,Rear-end (front to rear),Driver Distraction:  Passenger,None Indicated,,Daylight,Wet,Rain,None apparent,Non-intersection:  Non-junction/no special feature,Paved,,Property Damage Only,0,0,0,0,0,0,5000,2,6,,POINT (-91.064819445864 41.434114744572)
2014805171,2014034353,06/10/2014,06-June,3-Tuesday,21:56,2100 Hours,District 1 (Central),ALTOONA,POLK,I-80,I-80,Collision with:  Vehicle in traffic,On Roadway,"Sideswipe, same direction",Swerving/Evasive Action,Alcohol (< Statutory),,Dark - roadway lighted,Dry,Cloudy,Work Zone (roadway-related),Interchange-related:  On-ramp merge area,Paved,Yes,Major Injury,0,1,1,0,0,0,33000,2,2,,POINT (-93.497016357322 41.661811902635)
2014802833,2014034322,06/10/2014,06-June,3-Tuesday,17:15,1700 Hours,District 1 (Central),,WEBSTER,,330TH ST,Non-collision events:  Overturn/rollover,Roadside,Non-collision (single vehicle),Ran off road - right,None Indicated,,Daylight,Dry,Clear,None apparent,Non-intersection:  Non-junction/no special feature,Unpaved,,Property Damage Only,0,0,0,0,0,0,1500,1,1,,POINT (-94.186862177248 42.310809487568)
2014805408,14057552,06/10/2014,06-June,3-Tuesday,17:43,1700 Hours,District 2 (Northeast),CEDAR FALLS,BLACK HAWK,,WATERLOO RD,Collision with:  Vehicle in traffic,On Roadway,"Angle, oncoming left turn",FTYROW:  Making right turn on red signal,None Indicated,,Daylight,Dry,Cloudy,None apparent,Intersection:  T-intersection,Paved,,Property Damage Only,0,0,0,0,0,0,5000,2,3,,POINT (-92.436389992064 42.521299116764)
2014803281,W14-057564,06/10/2014,06-June,3-Tuesday,15:50,1500 Hours,District 2 (Northeast),WATERLOO,BLACK HAWK,,E SAN MARNAN DR & HAWKEYE RD,Collision with:  Vehicle in traffic,On Roadway,Rear-end (front to rear),Followed too close,None Indicated,,Daylight,Dry,Cloudy,None apparent,Intersection:  T-intersection,Paved,,Possible/Unknown,0,1,0,0,0,1,2500,2,2,,POINT (-92.346770233373 42.457269064781)
2014802740,14-5987,06/10/2014,06-June,3-Tuesday,13:37,1300 Hours,District 3 (Northwest),CARROLL,CARROLL,US 30,US 30/6TH ST & GRIFFITH RD,Collision with:  Vehicle in traffic,On Roadway,Broadside (front to side),Ran Traffic Signal,None Indicated,,Daylight,Dry,Clear,None apparent,Intersection:  Four-way intersection,Paved,,Possible/Unknown,0,1,0,0,1,0,30000,3,3,,POINT (-94.842289007582 42.064313773075)
2014802801,14-023848,06/10/2014,06-June,3-Tuesday,18:56,1800 Hours,District 4 (Southwest),COUNCIL BLUFFS,POTTAWATTAMIE,,W PIERCE ST & GLEN AVE,Collision with:  Vehicle in traffic,On Roadway,Broadside (front to side),Ran Stop Sign,None Indicated,,Daylight,Dry,Clear,None apparent,Intersection:  Four-way intersection,Paved,,Possible/Unknown,0,1,0,0,1,0,5000,2,5,,POINT (-95.846622041476 41.261092536883)
2014803877,14-025030,06/10/2014,06-June,3-Tuesday,19:00,1900 Hours,District 4 (Southwest),COUNCIL BLUFFS,POTTAWATTAMIE,,JOHN ST,Collision with:  Non-motorist (see non-motorist section - NOT a unit),On Roadway,Non-collision (single vehicle),Other (explain in narrative):  No improper action,None Indicated,,Daylight,Dry,Clear,None apparent,Non-intersection:  Non-junction/no special feature,Paved,,Minor Injury,0,1,0,1,0,0,500,1,1,,POINT (-95.905373268516 41.214610096318)
2014803239,2014034242,06/10/2014,06-June,3-Tuesday,09:56,0900 Hours,District 6 (East Central),,DELAWARE,,Co Rd D22/210TH ST,Collision with:  Other non-fixed object (explain in narrative),On Roadway,Non-collision (single vehicle),Crossed centerline (undivided),None Indicated,,Daylight,Dry,Cloudy,None apparent,Non-intersection:  Non-junction/no special feature,Paved,,Possible/Unknown,0,1,0,0,1,0,2000,1,1,,POINT (-91.517709130665 42.483676590361)
2014803133,14-2890,06/10/2014,06-June,3-Tuesday,16:20,1600 Hours,District 6 (East Central),HIAWATHA,LINN,I-380,I-380,Collision with:  Vehicle in traffic,On Roadway,Rear-end (front to rear),Unknown,None Indicated,,Daylight,Dry,Cloudy,None apparent,Interchange-related:  On-ramp merge area,Paved,,Possible/Unknown,0,1,0,0,1,0,10000,2,2,,POINT (-91.676029810758 42.034989777431)
2014802941,201408218,06/10/2014,06-June,3-Tuesday,14:30,1400 Hours,District 6 (East Central),CEDAR RAPIDS,LINN,,4TH AVE SE & 8TH ST SE,Collision with:  Vehicle in traffic,On Roadway,Broadside (front to side),Ran Stop Sign,None Indicated,,Daylight,Dry,Cloudy,None apparent,Intersection:  Four-way intersection,Paved,,Property Damage Only,0,0,0,0,0,0,9400,2,2,,POINT (-91.659426456176 41.979975104858)
2014802795,14-1278,06/10/2014,06-June,3-Tuesday,18:54,1800 Hours,District 1 (Central),URBANDALE,POLK,,BROOKVIEW DR & LOCKNER DR,Collision with:  Vehicle in traffic,On Roadway,Broadside (front to side),FTYROW:  From stop sign,None Indicated,,Daylight,Dry,Clear,None apparent,Intersection:  Four-way intersection,Paved,,Property Damage Only,0,0,0,0,0,0,5000,2,2,,POINT (-93.712617679463 41.649760738596)
2014802784,20140016278,06/10/2014,06-June,3-Tuesday,07:25,0700 Hours,District 1 (Central),DES MOINES,POLK,,COTTAGE GROVE AVE & MLK JR PKWY & 19TH ST,Collision with:  Vehicle in traffic,On Roadway,Rear-end (front to rear),Followed too close,None Indicated,,Daylight,Dry,Clear,None apparent,Non-intersection:  Non-junction/no special feature,Paved,,Property Damage Only,0,0,0,0,0,0,2500,2,3,,POINT (-93.643237849053 41.593811926093)
2014804702,14-003429,06/10/2014,06-June,3-Tuesday,23:24,2300 Hours,District 3 (Northwest),,CHEROKEE,,Co Rd C16/450TH ST & Co Rd L51/L AVE,Collision with:  Animal,,,Animal,None Indicated,,,,,,,Paved,,Property Damage Only,0,0,0,0,0,0,3000,1,1,,POINT (-95.642207723482 42.86663667727)
2014803767,14057335,06/10/2014,06-June,3-Tuesday,02:07,0200 Hours,District 2 (Northeast),CEDAR FALLS,BLACK HAWK,,UNION RD,Collision with:  Animal,,,Animal,None Indicated,,,,,,,Unpaved,,Property Damage Only,0,0,0,0,0,0,4000,1,1,,POINT (-92.494975949146 42.505929150945)
2014805664,2014-38363,06/10/2014,06-June,3-Tuesday,06:25,0600 Hours,District 6 (East Central),DAVENPORT,SCOTT,,WARREN ST,Collision with:  Parked motor vehicle,On Roadway,Rear-end (front to rear),Driving too fast for conditions,None Indicated,,Daylight,Wet,Rain,None apparent,Non-intersection:  Non-junction/no special feature,Paved,,Property Damage Only,0,0,0,0,0,0,8000,2,3,,POINT (-90.585755794701 41.535735782932)
2014805652,2014-38447,06/10/2014,06-June,3-Tuesday,15:10,1500 Hours,District 6 (East Central),DAVENPORT,SCOTT,,IA 461/BRADY ST & E 13TH ST,Collision with:  Vehicle in traffic,On Roadway,Rear-end (front to rear),Followed too close,None Indicated,,Daylight,Dry,Clear,None apparent,Non-intersection:  Non-junction/no special feature,Paved,,Property Damage Only,0,0,0,0,0,0,1700,2,2,,POINT (-90.574037412743 41.533048291633)
2014803889,2014-38338,06/10/2014,06-June,3-Tuesday,02:04,0200 Hours,District 6 (East Central),DAVENPORT,SCOTT,I-74,I-74 & I-80,Collision with:  Animal,On Roadway,Non-collision (single vehicle),Animal,None Indicated,,Dark - roadway lighted,Dry,Clear,None apparent,Non-intersection:  Non-junction/no special feature,Paved,,Property Damage Only,0,0,0,0,0,0,2000,1,2,,POINT (-90.521269051016 41.596218541474)
2014803171,S14-002075,06/10/2014,06-June,3-Tuesday,16:20,1600 Hours,District 4 (Southwest),,POTTAWATTAMIE,,Co Rd L35/WABASH AVE & WOODLAND TRL,Collision with:  Animal,,,Animal,None Indicated,,,,,,,Paved,,Property Damage Only,0,0,0,0,0,0,3500,1,1,,POINT (-95.776916458274 41.192887956794)
2014804188,01-14-25081,06/10/2014,06-June,3-Tuesday,12:38,1200 Hours,District 6 (East Central),DUBUQUE,DUBUQUE,US 52,US 52/WHITE ST & E 15TH ST,Collision with:  Vehicle in traffic,On Roadway,"Angle, oncoming left turn",FTYROW:  Making left turn,None Indicated,,Daylight,Dry,Cloudy,None apparent,Intersection:  Four-way intersection,Paved,,Property Damage Only,0,0,0,0,0,0,4700,3,3,,POINT (-90.667188416791 42.507464084259)
2014802774,14-2891,06/10/2014,06-June,3-Tuesday,17:05,1700 Hours,District 6 (East Central),HIAWATHA,LINN,,18TH AVE & BOYSON RD,Collision with:  Vehicle in traffic,On Roadway,Broadside (front to side),FTYROW:  From stop sign,None Indicated,,Daylight,Dry,Clear,None apparent,Intersection:  Four-way intersection,Paved,,Property Damage Only,0,0,0,0,0,0,2000,2,3,,POINT (-91.697284114861 42.04426639528)
2014802942,201408221,06/10/2014,06-June,3-Tuesday,15:09,1500 Hours,District 6 (East Central),CEDAR RAPIDS,LINN,I-380,I-380 & IA 922/1ST AVE/1ST AVE W & 3RD ST SW & 3RD ST NW,Collision with:  Vehicle in traffic,On Roadway,Broadside (front to side),Ran Traffic Signal,None Indicated,,Daylight,Dry,Cloudy,None apparent,Intersection:  Other intersection (explain in narrative),Paved,,Property Damage Only,0,0,0,0,0,0,9500,2,5,,POINT (-91.675702708089 41.975651816104)
2014802917,14-060610-01,06/10/2014,06-June,3-Tuesday,21:00,2100 Hours,District 6 (East Central),,IOWA,,Co Rd F15/F15 BLVD,Collision with:  Animal,,,Animal,None Indicated,,,,,,,Paved,,Property Damage Only,0,0,0,0,0,0,1800,1,1,,POINT (-92.038207616506 41.814258992676)
2014802944,201408226,06/10/2014,06-June,3-Tuesday,16:28,1600 Hours,District 6 (East Central),CEDAR RAPIDS,LINN,,BLAIRS FERRY RD NE,Collision with:  Vehicle in traffic,On Roadway,Broadside (front to side),FTYROW:  From driveway,None Indicated,,Daylight,Dry,Cloudy,None apparent,Non-intersection:  Driveway access (within),Paved,,Property Damage Only,0,0,0,0,0,0,4000,2,2,,POINT (-91.670054346216 42.03476757708)
2014802863,W14-057500,06/10/2014,06-June,3-Tuesday,14:15,1400 Hours,District 2 (Northeast),WATERLOO,BLACK HAWK,,W 18TH ST,Collision with:  Vehicle in traffic,On Roadway,Rear-end (front to rear),Improper Backing,None Indicated,,Daylight,Dry,Clear,None apparent,Non-intersection:  Non-junction/no special feature,Paved,,Property Damage Only,0,0,0,0,0,0,2000,2,2,,POINT (-92.326902382184 42.484045641058)
2014802758,14-19592,06/10/2014,06-June,3-Tuesday,06:00,0600 Hours,District 5 (Southeast),BURLINGTON,DES MOINES,US 61,US 61 & WEST AVE,Collision with:  Vehicle in traffic,On Roadway,"Angle, oncoming left turn",FTYROW:  Making left turn,None Indicated,,Dawn,Wet,Rain,None apparent,Intersection:  Four-way intersection,Paved,,Possible/Unknown,0,1,0,0,1,0,5000,2,4,,POINT (-91.141634267389 40.800404623804)
2014807274,,06/10/2014,06-June,3-Tuesday,09:15,0900 Hours,District 2 (Northeast),,WINNESHIEK,,Co Rd W38/MIDDLE HESPER RD,Collision with fixed object:  Ditch,On Roadway,Non-collision (single vehicle),Ran off road - right,None Indicated,,Daylight,,Clear,None apparent,Non-intersection:  Non-junction/no special feature,Paved,,Property Damage Only,0,0,0,0,0,0,3000,1,1,,POINT (-91.787504541859 43.33335357397)
2014803106,14057351,06/10/2014,06-June,3-Tuesday,03:57,0300 Hours,District 2 (Northeast),CEDAR FALLS,BLACK HAWK,US 218,US 218/WASHINGTON ST/NE RAMP,Collision with fixed object:  Curb/island/raised median,On Roadway,Non-collision (single vehicle),Other (explain in narrative):  Other,None Indicated,,Dark - roadway lighted,Dry,Cloudy,None apparent,"Interchange-related:  Off-ramp, diverge area",Paved,,Property Damage Only,0,0,0,0,0,0,2650,1,1,,POINT (-92.42012005259 42.537608486381)
2014803741,2014034348,06/10/2014,06-June,3-Tuesday,22:00,2200 Hours,District 6 (East Central),WILLIAMSBURG,IOWA,I-80,I-80,Collision with:  Animal,,Non-collision (single vehicle),Animal,None Indicated,,,,,,,Paved,,Property Damage Only,0,0,0,0,0,0,1500,1,1,,POINT (-92.015735232742 41.687143288927)
2014804146,14-57855,06/11/2014,06-June,4-Wednesday,14:25,1400 Hours,District 2 (Northeast),EVANSDALE,BLACK HAWK,I-380,I-380,Unknown,On Roadway,Non-collision (single vehicle),Exceeded authorized speed,None Indicated,,Daylight,Dry,Clear,None apparent,Non-intersection:  Non-junction/no special feature,Paved,,Property Damage Only,0,0,0,0,0,0,1500,1,1,,POINT (-92.298302488627 42.459603303914)
2014807700,SA1404447,06/11/2014,06-June,4-Wednesday,18:59,1800 Hours,District 5 (Southeast),,WASHINGTON,,Co Rd W61/RIVERSIDE RD,Collision with:  Vehicle in traffic,On Roadway,"Sideswipe, opposite direction",Crossed centerline (undivided),None Indicated,,Daylight,Dry,Clear,None apparent,Non-intersection:  Non-junction/no special feature,Paved,,Possible/Unknown,0,1,0,0,1,0,9000,2,2,,POINT (-91.618592259059 41.411141267003)
2014803179,S79140186,06/11/2014,06-June,4-Wednesday,02:36,0200 Hours,District 1 (Central),,POWESHIEK,I-80,I-80,Collision with:  Animal,,,Animal,None Indicated,,,,,,,Paved,,Property Damage Only,0,0,0,0,0,0,1500,1,1,,POINT (-92.763998792218 41.695394251221)
2014803010,14-2739,06/11/2014,06-June,4-Wednesday,16:42,1600 Hours,District 1 (Central),WEST DES MOINES,POLK,,WESTOWN PKWY & 22ND ST,Collision with:  Vehicle in traffic,On Roadway,Rear-end (front to rear),Other (explain in narrative):  Other,None Indicated,,Daylight,Dry,Clear,None apparent,Non-intersection:  Non-junction/no special feature,Paved,,Possible/Unknown,0,1,0,0,1,0,3400,4,4,,POINT (-93.736059295202 41.596993118397)
2014802978,14-3878,06/11/2014,06-June,4-Wednesday,16:03,1600 Hours,District 1 (Central),DES MOINES,POLK,IA 415,IA 415/2ND AVE & NW AURORA AVE,Collision with:  Vehicle in traffic,On Roadway,"Angle, oncoming left turn",FTYROW:  Making left turn,None Indicated,,Daylight,Dry,Clear,None apparent,Intersection:  Four-way intersection,Paved,,Property Damage Only,0,0,0,0,0,0,3400,2,4,,POINT (-93.619939594192 41.636751184728)