Iowa DOT Case Number,Law Enforcement Case Number,Date of Crash,Month of Crash,Day of Week,Time of Crash,Hour,DOT District,City Name,County Name,Route with System,Location Description,First Harmful Event,Location of First Harmful Event,Manner of Crash/Collision,Major Cause,Drug or Alcohol ,Environmental Conditions,Light Conditions,Surface Conditions,Weather Conditions,Roadway Contribution,Roadway Type,Roadway Surface,Work Zone,Crash Severity,Number of Fatalities,Number of Injuries,Number of Major Injuries,Number of Minor Injuries,Number of Possible Injuries,Number of Unknown Injuries,Amount of Property Damage,Number of Vehicles Involved,Total Number of Occupants,Travel Direction,Location
2014803116,2014-2644,06/12/2014,06-June,5-Thursday,10:00,1000 Hours,District 4 (Southwest),WAUKEE,DALLAS,,UTE AVE,Collision with fixed object:  Ditch,On Roadway,Non-collision (single vehicle),Ran off road - right,None Indicated,,Daylight,Dry,Clear,None apparent,Non-intersection:  Non-junction/no special feature,Paved,,Possible/Unknown,0,1,0,0,1,0,1500,1,1,,POINT (-93.88445153862 41.587219305047)
2014803334,01-14-25407,06/12/2014,06-June,5-Thursday,12:55,1200 Hours,District 6 (East Central),DUBUQUE,DUBUQUE,,CEDAR CROSS RD & N CASCADE RD & FREMONT AVE,Collision with:  Vehicle in traffic,On Roadway,Broadside (front to side),FTYROW:  From stop sign,None Indicated,,Daylight,Dry,Clear,None apparent,Intersection:  Four-way intersection,Paved,,Possible/Unknown,0,1,0,0,1,0,5700,2,3,,POINT (-90.705042903638 42.475458673081)
2014803408,SO14001376,06/12/2014,06-June,5-Thursday,04:53,0400 Hours,District 3 (Northwest),,PLYMOUTH,IA 60,IA 60/IOWA 60,Collision with:  Animal,,,Animal,None Indicated,,,,,,,Paved,,Property Damage Only,0,0,0,0,0,0,2000,1,1,,POINT (-96.159469582768 42.825940112048)
2014804102,14-10906,06/12/2014,06-June,5-Thursday,11:30,1100 Hours,District 6 (East Central),BETTENDORF,SCOTT,I-74,I-74,Collision with:  Vehicle in traffic,On Roadway,Rear-end (front to rear),Followed too close,None Indicated,,Daylight,Dry,Cloudy,None apparent,Non-intersection:  Other non-intersection (explain in narrative),Paved,,Property Damage Only,0,0,0,0,0,0,6500,2,3,,POINT (-90.513254899867 41.522121410067)
2014803199,2014-38974,06/12/2014,06-June,5-Thursday,16:29,1600 Hours,District 6 (East Central),DAVENPORT,SCOTT,,IA 461/HARRISON ST & W HAYES ST,Collision with:  Non-motorist (see non-motorist section - NOT a unit),On Roadway,Non-collision (single vehicle),Other (explain in narrative):  Other,None Indicated,,Daylight,Dry,Clear,None apparent,Non-intersection:  Non-junction/no special feature,Paved,,Minor Injury,0,1,0,1,0,0,0,1,1,,POINT (-90.576776221647 41.547651415698)
2014803165,14-2758,06/12/2014,06-June,5-Thursday,15:54,1500 Hours,District 1 (Central),WEST DES MOINES,POLK,,GRAND AVE,Collision with:  Vehicle in traffic,On Roadway,"Angle, oncoming left turn",FTYROW:  Making left turn,None Indicated,,Daylight,Dry,Clear,None apparent,Intersection:  T-intersection,Paved,,Property Damage Only,0,0,0,0,0,0,3300,2,2,,POINT (-93.705893467156 41.582689662201)
2014803895,2014-38959,06/12/2014,06-June,5-Thursday,15:24,1500 Hours,District 6 (East Central),DAVENPORT,SCOTT,,ROCKINGHAM RD,Collision with:  Parked motor vehicle,On Roadway,"Sideswipe, same direction",Lost Control,Refused,,Daylight,Dry,Clear,None apparent,Non-intersection:  Non-junction/no special feature,Paved,,Possible/Unknown,0,1,0,0,1,0,13000,3,2,,POINT (-90.604600241416 41.518162221273)
2014803277,14058278,06/12/2014,06-June,5-Thursday,16:04,1600 Hours,District 2 (Northeast),CEDAR FALLS,BLACK HAWK,,HYACINTH DR,Collision with:  Vehicle in traffic,On Roadway,Rear-end (front to rear),Improper Backing,None Indicated,,Daylight,Dry,Cloudy,None apparent,Non-intersection:  Non-junction/no special feature,Paved,,Property Damage Only,0,0,0,0,0,0,1600,2,2,,POINT (-92.442652611552 42.489232954775)
2014803584,2014034787,06/12/2014,06-June,5-Thursday,18:05,1800 Hours,District 4 (Southwest),,CASS,I-80,I-80,Collision with:  Vehicle in traffic,On Roadway,"Sideswipe, same direction",Crossed centerline (undivided),None Indicated,,Daylight,Dry,Cloudy,Work Zone (roadway-related),Non-intersection:  Non-junction/no special feature,Paved,Yes,Property Damage Only,0,0,0,0,0,0,7200,2,5,,POINT (-95.130670246741 41.498434652716)
2014806818,32045-14,06/12/2014,06-June,5-Thursday,23:04,2300 Hours,District 3 (Northwest),,EMMET,IA 15,IA 15/IOWA 15,Collision with:  Animal,,,Animal,None Indicated,,,,,,,Paved,,Property Damage Only,0,0,0,0,0,0,2500,1,1,,POINT (-94.447711872172 43.497394880695)
2014803793,14-19908,06/12/2014,06-June,5-Thursday,13:02,1300 Hours,District 5 (Southeast),DANVILLE,DES MOINES,,ROOSEVELT ST,Collision with fixed object:  Ditch,On Roadway,Non-collision (single vehicle),Swerving/Evasive Action,None Indicated,,Daylight,"Mud, dirt",Clear,None apparent,Non-intersection:  Non-junction/no special feature,Unpaved,,Property Damage Only,0,0,0,0,0,0,8000,1,1,,POINT (-91.368953929805 40.85614313695)
2014803605,,06/12/2014,06-June,5-Thursday,16:20,1600 Hours,District 3 (Northwest),LAKE CITY,CALHOUN,,JEFFERSON ST,Collision with:  Parked motor vehicle,On Roadway,,Improper Backing,None Indicated,,Daylight,Dry,Cloudy,None apparent,Intersection:  Other intersection (explain in narrative),Paved,,Property Damage Only,0,0,0,0,0,0,1900,2,1,,POINT (-94.738616279605 42.266431978424)
2014803540,14-18461,06/12/2014,06-June,5-Thursday,15:31,1500 Hours,District 3 (Northwest),SIOUX CITY,WOODBURY,,MORNINGSIDE AVE & S CECELIA ST,Collision with:  Parked motor vehicle,On Roadway,Broadside (front to side),Other (explain in narrative):  Other,None Indicated,,Daylight,Dry,Clear,None apparent,Intersection:  Four-way intersection,Paved,,Property Damage Only,0,0,0,0,0,0,2400,2,2,,POINT (-96.366795422614 42.482704555813)
2014803770,W14-058407,06/12/2014,06-June,5-Thursday,22:14,2200 Hours,District 2 (Northeast),WATERLOO,BLACK HAWK,,W PARK AVE & WASHINGTON ST,Collision with:  Vehicle in traffic,On Roadway,Rear-end (front to rear),Unknown,None Indicated,,Dark - roadway lighted,Dry,Cloudy,None apparent,Intersection:  Four-way intersection,Paved,,Property Damage Only,0,0,0,0,0,0,1500,2,3,,POINT (-92.342722157903 42.494287043869)
2014803131,201408316,06/12/2014,06-June,5-Thursday,11:47,1100 Hours,District 6 (East Central),CEDAR RAPIDS,LINN,,WILSON AVE SW & J ST SW,Collision with:  Vehicle in traffic,On Roadway,Broadside (front to side),Lost Control,None Indicated,,Daylight,Dry,Cloudy,None apparent,Intersection:  Four-way intersection,Paved,,Property Damage Only,0,0,0,0,0,0,7000,3,5,,POINT (-91.667301807642 41.955983549299)
2014803222,14-18442,06/12/2014,06-June,5-Thursday,11:42,1100 Hours,District 3 (Northwest),SIOUX CITY,WOODBURY,,11TH ST & DIVISION ST,Collision with:  Vehicle in traffic,On Roadway,"Sideswipe, same direction",FTYROW:  Other (explain in narrative),None Indicated,,Daylight,Dry,Clear,None apparent,Non-intersection:  Non-junction/no special feature,Paved,,Property Damage Only,0,0,0,0,0,0,3250,2,4,,POINT (-96.381254491382 42.501782169635)
2014803516,14-002819,06/12/2014,06-June,5-Thursday,21:18,2100 Hours,District 1 (Central),AMES,STORY,US 69,US 69/LINCOLN WAY/GRAND AVE,Collision with:  Vehicle in traffic,On Roadway,Rear-end (front to rear),Followed too close,None Indicated,,Dusk,Dry,Clear,None apparent,Intersection:  Four-way intersection,Paved,,Property Damage Only,0,0,0,0,0,0,2800,2,2,,POINT (-93.620222147362 42.022910470838)
2014803158,14-1290,06/12/2014,06-June,5-Thursday,15:05,1500 Hours,District 1 (Central),URBANDALE,POLK,,70TH ST,Collision with:  Vehicle in traffic,On Roadway,Rear-end (front to rear),Driver Distraction:  Manual operation of an electronic communication device,None Indicated,,Daylight,Dry,Clear,None apparent,Intersection:  Four-way intersection,Paved,,Possible/Unknown,0,1,0,0,1,0,1750,2,2,,POINT (-93.712230808442 41.636441566818)
2014803011,14-2749,06/12/2014,06-June,5-Thursday,11:50,1100 Hours,District 1 (Central),WEST DES MOINES,POLK,,NW 86TH ST & UNIVERSITY AVE & 22ND ST,Collision with:  Vehicle in traffic,On Roadway,"Angle, oncoming left turn",Ran Traffic Signal,None Indicated,,Daylight,Dry,Cloudy,None apparent,Intersection:  Four-way intersection,Paved,,Property Damage Only,0,0,0,0,0,0,8000,2,2,,POINT (-93.736194485499 41.600442013862)
2014803744,2014034810,06/12/2014,06-June,5-Thursday,20:40,2000 Hours,District 1 (Central),ALTOONA,POLK,I-80,I-80,Collision with:  Vehicle in traffic,On Roadway,"Sideswipe, same direction",Improper or erratic lane changing,None Indicated,,Dusk,Dry,Clear,None apparent,Non-intersection:  Non-junction/no special feature,Paved,,Property Damage Only,0,0,0,0,0,0,11000,2,2,,POINT (-93.534701464239 41.6581479905)
2014803149,20140016538,06/12/2014,06-June,5-Thursday,17:04,1700 Hours,District 1 (Central),DES MOINES,POLK,I-235,I-235,Collision with:  Vehicle in traffic,On Roadway,Rear-end (front to rear),Followed too close,None Indicated,,Daylight,Dry,Cloudy,None apparent,Non-intersection:  Non-junction/no special feature,Paved,,Possible/Unknown,0,1,0,0,1,0,10000,2,3,,POINT (-93.630563703807 41.595908766663)
2014803151,20140016491,06/12/2014,06-June,5-Thursday,09:44,0900 Hours,District 1 (Central),DES MOINES,POLK,,SW 2ND ST,Collision with fixed object:  Traffic sign support,Shoulder,Non-collision (single vehicle),Ran off road - left,Under Influence of Alcohol/Drugs/Medications,,Daylight,Dry,Cloudy,None apparent,Non-intersection:  Non-junction/no special feature,Paved,,Minor Injury,0,1,0,1,0,0,1500,1,1,,POINT (-93.618083428317 41.579421209611)
2014803346,14-009848,06/12/2014,06-June,5-Thursday,17:59,1700 Hours,District 5 (Southeast),,HENRY,US 34,US 34,Collision with fixed object:  Guardrail - face,On Roadway,Non-collision (single vehicle),Ran off road - right,None Indicated,,Daylight,Dry,Clear,None apparent,Non-intersection:  Non-junction/no special feature,Paved,,Property Damage Only,0,0,0,0,0,0,14341,1,1,,POINT (-91.522256291444 40.985869755207)
2014803488,S14-002110,06/12/2014,06-June,5-Thursday,03:51,0300 Hours,District 4 (Southwest),,POTTAWATTAMIE,,Co Rd L19/145TH ST,Collision with fixed object:  Ditch,Outside trafficway,Non-collision (single vehicle),Ran off road - straight,Alcohol (Statutory),,Dark - roadway not lighted,"Mud, dirt",Clear,None apparent,Non-intersection:  Non-junction/no special feature,Unpaved,,Property Damage Only,0,0,0,0,0,0,5000,1,1,,POINT (-95.90778429102 41.470721732234)
2014802980,14-3892,06/12/2014,06-June,5-Thursday,07:27,0700 Hours,District 1 (Central),BONDURANT,POLK,US 65,US 65/HUBBELL AVE & 32ND ST SW,Collision with:  Vehicle in traffic,On Roadway,Broadside (front to side),FTYROW:  From stop sign,None Indicated,,Daylight,Dry,Cloudy,None apparent,Intersection:  Four-way intersection,Paved,,Possible/Unknown,0,1,0,0,1,0,36000,2,3,,POINT (-93.480404688496 41.673114454136)
2014803164,14-2757,06/12/2014,06-June,5-Thursday,15:31,1500 Hours,District 1 (Central),WEST DES MOINES,POLK,,GRAND AVE & 8TH ST,Collision with:  Vehicle in traffic,On Roadway,Rear-end (front to rear),Other (explain in narrative):  Other,None Indicated,,Daylight,Dry,Clear,None apparent,Non-intersection:  Non-junction/no special feature,Paved,,Property Damage Only,0,0,0,0,0,0,2000,2,2,,POINT (-93.712983244533 41.582672936319)
2014803626,061314-224,06/13/2014,06-June,6-Friday,22:30,2200 Hours,District 3 (Northwest),,BUENA VISTA,,Co Rd M50/160TH AVE,Non-collision events:  Overturn/rollover,Outside trafficway,Non-collision (single vehicle),Ran off road - right,Alcohol (Statutory),,Dark - roadway not lighted,"Mud, dirt",Clear,None apparent,Non-intersection:  Non-junction/no special feature,Unpaved,,Fatal,1,2,1,1,0,0,10300,1,3,,POINT (-95.092523281081 42.854110123498)
2014803285,W14-058529,06/13/2014,06-June,6-Friday,07:45,0700 Hours,District 2 (Northeast),WATERLOO,BLACK HAWK,,OLYMPIC DR & ANSBOROUGH AVE,Collision with:  Vehicle in traffic,On Roadway,"Angle, oncoming left turn",Other (explain in narrative):  No improper action,None Indicated,,Daylight,Dry,Clear,None apparent,Intersection:  Four-way intersection,Paved,,Possible/Unknown,0,2,0,0,2,0,3000,2,2,,POINT (-92.376279194666 42.460576499408)
2014803368,2014006450,06/13/2014,06-June,6-Friday,08:45,0800 Hours,District 6 (East Central),IOWA CITY,JOHNSON,US 6,US 6,Collision with:  Vehicle in traffic,On Roadway,Rear-end (front to rear),Followed too close,None Indicated,,Daylight,Dry,Clear,None apparent,Intersection:  Four-way intersection,Paved,,Minor Injury,0,3,0,2,1,0,13000,4,5,,POINT (-91.532327633394 41.645508236542)
2014803812,14086391,06/13/2014,06-June,6-Friday,12:16,1200 Hours,District 6 (East Central),,JOHNSON,,Co Rd W4F/SANDY BEACH RD,Collision with:  Vehicle in traffic,On Roadway,"Sideswipe, same direction",Made improper turn,None Indicated,,Daylight,Dry,Clear,None apparent,Non-intersection:  Non-junction/no special feature,Paved,,Property Damage Only,0,0,0,0,0,0,5000,2,2,,POINT (-91.620402873162 41.817548089698)
2014803706,14-024393,06/13/2014,06-June,6-Friday,15:50,1500 Hours,District 4 (Southwest),COUNCIL BLUFFS,POTTAWATTAMIE,I-29,I-29,Collision with:  Vehicle in traffic,On Roadway,Rear-end (front to rear),Followed too close,None Indicated,,Daylight,Dry,Clear,None apparent,Non-intersection:  Non-junction/no special feature,Paved,,Property Damage Only,0,0,0,0,0,0,5000,3,4,,POINT (-95.893853242927 41.23303021085)
2014803134,14-2936,06/13/2014,06-June,6-Friday,11:35,1100 Hours,District 6 (East Central),HIAWATHA,LINN,,MARTHAS WAY & BOYSON RD,Collision with:  Vehicle in traffic,On Roadway,Broadside (front to side),FTYROW:  Making left turn,None Indicated,,Daylight,Dry,Clear,None apparent,Intersection:  T-intersection,Paved,,Property Damage Only,0,0,0,0,0,0,1900,2,3,,POINT (-91.695326238788 42.044289185216)
2014804803,S14-F1302,06/13/2014,06-June,6-Friday,05:40,0500 Hours,District 5 (Southeast),,CLARKE,I-35,I-35,Collision with:  Animal,,,Animal,None Indicated,,,,,,,Paved,,Property Damage Only,0,0,0,0,0,0,2500,1,1,,POINT (-93.781082035351 41.074957630897)
2014804438,14009927,06/13/2014,06-June,6-Friday,20:22,2000 Hours,District 5 (Southeast),WESTWOOD,HENRY,,235TH ST & GRAHM AVE,Collision with:  Animal,,,Animal,None Indicated,,,,,,,Paved,,Property Damage Only,0,0,0,0,0,0,3000,1,1,,POINT (-91.596172578936 40.967327693611)
2014803559,2014035042,06/13/2014,06-June,6-Friday,22:00,2200 Hours,District 4 (Southwest),COUNCIL BLUFFS,POTTAWATTAMIE,I-80,I-80,Collision with:  Animal,On Roadway,Non-collision (single vehicle),Animal,None Indicated,,Dark - roadway not lighted,Dry,Clear,None apparent,Non-intersection:  Non-junction/no special feature,Paved,,Property Damage Only,0,0,0,0,0,0,4000,1,4,,POINT (-95.780201811202 41.287007175689)
2014803371,2014006464,06/13/2014,06-June,6-Friday,16:38,1600 Hours,District 6 (East Central),IOWA CITY,JOHNSON,,S GILBERT ST,Collision with:  Vehicle in traffic,On Roadway,"Sideswipe, same direction",Made improper turn,None Indicated,,Daylight,Dry,Clear,None apparent,Intersection:  Four-way intersection,Paved,,Property Damage Only,0,0,0,0,0,0,3000,2,3,,POINT (-91.533513632711 41.642983437782)
2014813785,2014-11873,06/13/2014,06-June,6-Friday,02:41,0200 Hours,District 6 (East Central),WALCOTT,SCOTT,I-80,I-80,Collision with:  Vehicle in traffic,On Roadway,Rear-end (front to rear),Swerving/Evasive Action,Refused,,Dark - roadway not lighted,Dry,Clear,None apparent,Non-intersection:  Non-junction/no special feature,Paved,,Minor Injury,0,1,0,1,0,0,10500,2,3,,POINT (-90.756713247632 41.61120660525)
2014803778,14-3486,06/13/2014,06-June,6-Friday,14:30,1400 Hours,District 3 (Northwest),CHEROKEE,CHEROKEE,US 59,US 59/S 2ND ST & LINDEN ST,Collision with:  Other non-fixed object (explain in narrative),Shoulder,Non-collision (single vehicle),Ran off road - right,None Indicated,,Daylight,Dry,Clear,Work Zone (roadway-related),Intersection:  T-intersection,Paved,Yes,Property Damage Only,0,0,0,0,0,0,8500,1,1,,POINT (-95.552048959159 42.735170418509)
2014803534,14-1759,06/13/2014,06-June,6-Friday,18:15,1800 Hours,District 1 (Central),FORT DODGE,WEBSTER,,3RD AVE NW,Collision with:  Vehicle in traffic,On Roadway,Rear-end (front to rear),Other (explain in narrative):  Other,None Indicated,,Daylight,Dry,Clear,None apparent,Non-intersection:  Non-junction/no special feature,Paved,,Property Damage Only,0,0,0,0,0,0,4500,2,4,,POINT (-94.210394760571 42.515212010566)
2014803640,CL14001965,06/13/2014,06-June,6-Friday,12:38,1200 Hours,District 6 (East Central),CLINTON,CLINTON,US 67,US 67/N 2ND ST,Collision with:  Vehicle in traffic,On Roadway,Rear-end (front to rear),Followed too close,None Indicated,,Daylight,Dry,Clear,None apparent,Non-intersection:  Non-junction/no special feature,Paved,,Possible/Unknown,0,2,0,0,2,0,4500,2,3,,POINT (-90.187000466266 41.851842644709)
2014803409,SO14001388,06/13/2014,06-June,6-Friday,18:25,1800 Hours,District 3 (Northwest),,PLYMOUTH,,190TH ST,Collision with fixed object:  Ditch,Outside trafficway,Non-collision (single vehicle),Ran off road - right,None Indicated,,Daylight,"Mud, dirt",Clear,Other (explain in narrative),Non-intersection:  Non-junction/no special feature,Unpaved,,Minor Injury,0,1,0,1,0,0,1500,1,1,,POINT (-96.005992087491 42.778912832243)
2014803925,14-18570,06/13/2014,06-June,6-Friday,12:20,1200 Hours,District 3 (Northwest),SIOUX CITY,WOODBURY,IA 376,IA 376/SINGING HILLS BLVD,Collision with:  Vehicle in traffic,On Roadway,Rear-end (front to rear),Other (explain in narrative):  Other,None Indicated,,Daylight,Dry,Clear,None apparent,Non-intersection:  Non-junction/no special feature,Paved,,Property Damage Only,0,0,0,0,0,0,3500,2,3,,POINT (-96.371917570416 42.434946775166)
2014803641,CL14001968,06/13/2014,06-June,6-Friday,16:54,1600 Hours,District 6 (East Central),CLINTON,CLINTON,,13TH AVE N,Collision with:  Vehicle in traffic,On Roadway,Broadside (front to side),FTYROW:  Other (explain in narrative),None Indicated,,Daylight,Dry,Clear,None apparent,Non-intersection:  Non-junction/no special feature,Paved,,Property Damage Only,0,0,0,0,0,0,2200,2,2,,POINT (-90.211064241562 41.859382354494)
2014806017,14-6916,06/13/2014,06-June,6-Friday,17:22,1700 Hours,District 3 (Northwest),GRANVILLE,SIOUX,IA 10,IA 10/460TH ST/GARFIELD ST & Co Rd L22/MARSH AVE,Collision with:  Vehicle in traffic,On Roadway,Broadside (front to side),Ran Stop Sign,None Indicated,,Daylight,Dry,Clear,None apparent,Intersection:  Four-way intersection,Paved,,Property Damage Only,0,0,0,0,0,0,30000,2,4,,POINT (-95.879605125291 42.981863499278)
2014809906,2014005824,06/13/2014,06-June,6-Friday,21:30,2100 Hours,District 1 (Central),MARSHALLTOWN,MARSHALL,,IOWA AVE W (OLD US 30),Collision with:  Vehicle in traffic,On Roadway,"Sideswipe, same direction",Swerving/Evasive Action,None Indicated,,Dark - roadway lighted,Dry,Clear,None apparent,Non-intersection:  Non-junction/no special feature,Paved,,Property Damage Only,0,0,0,0,0,0,2500,2,2,,POINT (-92.930574473285 42.007299398897)
2014803401,14117,06/13/2014,06-June,6-Friday,09:55,0900 Hours,District 5 (Southeast),PELLA,MARION,,BIG ROCK RD & BROADWAY ST,Collision with:  Parked motor vehicle,On Roadway,Rear-end (front to rear),"Operating vehicle in an reckless, erratic, careless, negligent manner",None Indicated,,Daylight,Dry,Clear,None apparent,Non-intersection:  Non-junction/no special feature,Paved,,Minor Injury,0,1,0,1,0,0,10000,2,1,,POINT (-92.918212931787 41.425431761038)
2014803433,20140016641,06/13/2014,06-June,6-Friday,17:12,1700 Hours,District 1 (Central),DES MOINES,POLK,,HIGH ST & 8TH ST,Collision with:  Vehicle in traffic,On Roadway,Broadside (front to side),Ran Traffic Signal,None Indicated,,Daylight,Dry,Clear,None apparent,Intersection:  Four-way intersection,Paved,,Possible/Unknown,0,1,0,0,1,0,8500,3,3,,POINT (-93.628026593657 41.587933228442)
2014808762,14-031,06/13/2014,06-June,6-Friday,15:35,1500 Hours,District 3 (Northwest),YETTER,CALHOUN,,DURANT AVE,Collision with:  Vehicle in traffic,On Roadway,Broadside (front to side),FTYROW:  From stop sign,None Indicated,,Daylight,Dry,Clear,None apparent,Non-intersection:  Driveway access (within),Paved,,Possible/Unknown,0,2,0,0,2,0,4500,2,3,,POINT (-94.843093399467 42.315412474717)
2014809894,20142052,06/13/2014,06-June,6-Friday,06:55,0600 Hours,District 1 (Central),,GRUNDY,,Co Rd D25/185TH ST & E AVE,Collision with:  Vehicle in traffic,On Roadway,Rear-end (front to rear),FTYROW:  From stop sign,None Indicated,,Daylight,Dry,Cloudy,None apparent,Intersection:  Four-way intersection,Paved,,Property Damage Only,0,0,0,0,0,0,6000,2,2,,POINT (-92.944633904153 42.433990443697)
2014804412,01-14-25604,06/13/2014,06-June,6-Friday,14:39,1400 Hours,District 6 (East Central),DUBUQUE,DUBUQUE,US 20,US 20/DODGE ST/RAMP,Collision with:  Vehicle in traffic,On Roadway,Rear-end (front to rear),Lost Control,None Indicated,,Daylight,Dry,Clear,None apparent,Non-intersection:  Non-junction/no special feature,Paved,,Possible/Unknown,0,1,0,0,1,0,2000,2,2,,POINT (-90.679580202432 42.49064188007)
2014803513,14-6920,06/13/2014,06-June,6-Friday,18:07,1800 Hours,District 3 (Northwest),,SIOUX,,IBEX AVE,Non-collision events:  Overturn/rollover,On Roadway,Non-collision (single vehicle),Swerving/Evasive Action,None Indicated,,Daylight,"Mud, dirt",Clear,None apparent,Non-intersection:  Non-junction/no special feature,Unpaved,,Property Damage Only,0,0,0,0,0,0,10000,1,1,,POINT (-96.117875243362 43.225612511259)
2014808754,,06/13/2014,06-June,6-Friday,04:45,0400 Hours,District 5 (Southeast),FORT MADISON,LEE,,27TH ST,Collision with:  Parked motor vehicle,Outside trafficway,Broadside (front to side),Ran off road - straight,None Indicated,,Dawn,Dry,Clear,None apparent,Intersection:  Four-way intersection,Paved,,Property Damage Only,0,0,0,0,0,0,3090,3,1,,POINT (-91.344614306387 40.627171267071)
2014803449,20140016597,06/13/2014,06-June,6-Friday,11:40,1100 Hours,District 1 (Central),DES MOINES,POLK,,FRANKLIN AVE & 55TH ST,Collision with:  Vehicle in traffic,On Roadway,Broadside (front to side),FTYROW:  From stop sign,None Indicated,,Daylight,Dry,Cloudy,None apparent,Intersection:  Four-way intersection,Paved,,Property Damage Only,0,0,0,0,0,0,3000,2,4,,POINT (-93.693135200814 41.611293158594)
2014803747,2014034977,06/13/2014,06-June,6-Friday,14:20,1400 Hours,District 6 (East Central),CORALVILLE,JOHNSON,I-80,I-80 & I-380 & US 218,Collision with:  Vehicle in traffic,On Roadway,Rear-end (front to rear),Swerving/Evasive Action,None Indicated,,Daylight,Dry,Clear,None apparent,Non-intersection:  Other non-intersection (explain in narrative),Paved,,Property Damage Only,0,0,0,0,0,0,3500,2,2,,POINT (-91.63824064037 41.694350358916)
2014805484,14-4592,06/13/2014,06-June,6-Friday,23:23,2300 Hours,District 3 (Northwest),,IDA,IA 31,IA 31/IOWA 31,Collision with:  Animal,,,Animal,None Indicated,,,,,,,Paved,,Property Damage Only,0,0,0,0,0,0,2000,1,1,,POINT (-95.726673070907 42.554460262843)
2014803286,W14-058576,06/13/2014,06-June,6-Friday,11:38,1100 Hours,District 2 (Northeast),WATERLOO,BLACK HAWK,,CROSSROADS BLVD,Collision with:  Vehicle in traffic,On Roadway,Broadside (front to side),FTYROW:  Other (explain in narrative),None Indicated,,Daylight,Dry,Clear,None apparent,Intersection:  Four-way intersection,Paved,,Possible/Unknown,0,2,0,0,2,0,38800,2,2,,POINT (-92.325460373971 42.461972790737)
2014803381,201408404,06/13/2014,06-June,6-Friday,20:50,2000 Hours,District 6 (East Central),CEDAR RAPIDS,LINN,,1ST AVE W & CLIVE DR SW & CLIVE DR NW,Non-collision events:  Other non-collision (explain in narrative),Shoulder,Non-collision (single vehicle),Ran off road - right,None Indicated,,Daylight,Dry,Cloudy,None apparent,Non-intersection:  Non-junction/no special feature,Paved,,Minor Injury,0,1,0,1,0,0,13000,1,1,,POINT (-91.722106038321 41.967450527949)
2014803429,20140016640,06/13/2014,06-June,6-Friday,16:37,1600 Hours,District 1 (Central),DES MOINES,POLK,,55TH ST,Collision with:  Vehicle in traffic,On Roadway,Rear-end (front to rear),Improper Backing,None Indicated,,Daylight,Unknown,Cloudy,Unknown,Intersection:  T-intersection,Paved,,Property Damage Only,0,0,0,0,0,0,1600,2,4,,POINT (-93.693136705852 41.614796949257)
2014803428,20140016630,06/13/2014,06-June,6-Friday,05:00,0500 Hours,District 1 (Central),DES MOINES,POLK,,GERMANIA DR,Collision with:  Vehicle in traffic,On Roadway,Unknown,Unknown,None Indicated,,Dark - roadway lighted,Unknown,Unknown,None apparent,Non-intersection:  Non-junction/no special feature,Paved,,Property Damage Only,0,0,0,0,0,0,2000,2,1,,POINT (-93.671451791599 41.604729494962)
2014803656,14-17531,06/13/2014,06-June,6-Friday,17:53,1700 Hours,District 5 (Southeast),HOUGHTON,LEE,IA 16,IA 16/1ST ST & BENTLER ST,Collision with:  Vehicle in traffic,On Roadway,Rear-end (front to rear),Followed too close,None Indicated,,Daylight,Dry,Clear,None apparent,Non-intersection:  Non-junction/no special feature,Paved,,Property Damage Only,0,0,0,0,0,0,5000,2,3,,POINT (-91.60556103789 40.784677420721)
2014803733,S14-5853,06/13/2014,06-June,6-Friday,15:24,1500 Hours,District 3 (Northwest),,WOODBURY,US 20,US 20,Collision with:  Vehicle in traffic,On Roadway,Rear-end (front to rear),Followed too close,None Indicated,,Daylight,Dry,Cloudy,None apparent,Non-intersection:  Non-junction/no special feature,Paved,,Possible/Unknown,0,1,0,0,1,0,3800,2,2,,POINT (-96.23678669268 42.475198206813)
2014803150,20140016604,06/13/2014,06-June,6-Friday,12:40,1200 Hours,District 1 (Central),DES MOINES,POLK,,COURT AVE & 2ND AVE,Collision with:  Vehicle in traffic,On Roadway,Rear-end (front to rear),Other (explain in narrative):  Other,None Indicated,,Daylight,Dry,Cloudy,None apparent,Intersection:  Other intersection (explain in narrative),Paved,,Property Damage Only,0,0,0,0,0,0,3000,2,3,,POINT (-93.619209869286 41.585576115378)
2014803436,20140016626,06/13/2014,06-June,6-Friday,15:30,1500 Hours,District 1 (Central),DES MOINES,POLK,US 6,US 6/DOUGLAS AVE & BEAVER AVE,Collision with:  Vehicle in traffic,On Roadway,Rear-end (front to rear),Separation of units,None Indicated,,Daylight,Dry,Cloudy,None apparent,Non-intersection:  Non-junction/no special feature,Paved,,Possible/Unknown,0,1,0,0,1,0,7000,2,3,,POINT (-93.678011484559 41.62949680853)
2014805258,02-14-9046,06/13/2014,06-June,6-Friday,23:30,2300 Hours,District 6 (East Central),,DUBUQUE,,Co Rd Y13/HOLY CROSS RD,Collision with:  Vehicle in traffic,On Roadway,Rear-end (front to rear),Lost Control,None Indicated,,Dark - roadway not lighted,Dry,Unknown,None apparent,Non-intersection:  Non-junction/no special feature,Paved,,Property Damage Only,0,0,0,0,0,0,20000,2,3,,POINT (-91.005802500847 42.47757668491)