Iowa DOT Case Number,Law Enforcement Case Number,Date of Crash,Month of Crash,Day of Week,Time of Crash,Hour,DOT District,City Name,County Name,Route with System,Location Description,First Harmful Event,Location of First Harmful Event,Manner of Crash/Collision,Major Cause,Drug or Alcohol ,Environmental Conditions,Light Conditions,Surface Conditions,Weather Conditions,Roadway Contribution,Roadway Type,Roadway Surface,Work Zone,Crash Severity,Number of Fatalities,Number of Injuries,Number of Major Injuries,Number of Minor Injuries,Number of Possible Injuries,Number of Unknown Injuries,Amount of Property Damage,Number of Vehicles Involved,Total Number of Occupants,Travel Direction,Location
2014803287,W14-058835,06/13/2014,06-June,6-Friday,21:45,2100 Hours,District 2 (Northeast),WATERLOO,BLACK HAWK,,E PARKER ST & E 4TH ST,Collision with:  Non-motorist (see non-motorist section - NOT a unit),On Roadway,Non-collision (single vehicle),Other (explain in narrative):  No improper action,None Indicated,,Dark - roadway not lighted,Dry,Clear,None apparent,Intersection:  T-intersection,Paved,,Possible/Unknown,0,1,0,0,1,0,10,1,1,,POINT (-92.332773152728 42.516663043556)
2014803921,14-18607,06/13/2014,06-June,6-Friday,16:49,1600 Hours,District 3 (Northwest),SIOUX CITY,WOODBURY,I-29,I-29,Collision with:  Vehicle in traffic,On Roadway,Rear-end (front to rear),Other (explain in narrative):  Other,None Indicated,,Daylight,Dry,Clear,None apparent,Non-intersection:  Non-junction/no special feature,Paved,,Minor Injury,0,1,0,1,0,0,2000,2,8,,POINT (-96.377391234512 42.455811081929)
2014803761,,06/13/2014,06-June,6-Friday,21:00,2100 Hours,District 2 (Northeast),,WINNESHIEK,IA 24,IA 24/IOWA 24,Collision with:  Animal,On Roadway,Non-collision (single vehicle),Animal,None Indicated,,Dawn,Dry,Clear,,,Paved,,Property Damage Only,0,0,0,0,0,0,2500,1,1,,POINT (-91.916032129508 43.156650080335)
2014803308,14-008364,06/13/2014,06-June,6-Friday,16:45,1600 Hours,District 3 (Northwest),SPENCER,CLAY,US 18,US 18/N GRAND AVE,Collision with:  Vehicle in traffic,On Roadway,"Sideswipe, same direction",Improper or erratic lane changing,None Indicated,,Daylight,Dry,Clear,None apparent,Non-intersection:  Non-junction/no special feature,Paved,,Property Damage Only,0,0,0,0,0,0,4000,2,2,,POINT (-95.144508626471 43.138487057326)
2014805481,01552,06/13/2014,06-June,6-Friday,08:30,0800 Hours,District 6 (East Central),DYERSVILLE,DUBUQUE,,12TH AVE SW & 7TH ST SW,Collision with:  Vehicle in traffic,On Roadway,Broadside (front to side),FTYROW:  From stop sign,None Indicated,,Daylight,Dry,Clear,None apparent,Intersection:  Four-way intersection,Paved,,Property Damage Only,0,0,0,0,0,0,8000,2,2,,POINT (-91.134265219982 42.474877658564)
2014803790,144091,06/13/2014,06-June,6-Friday,05:00,0500 Hours,District 4 (Southwest),,DALLAS,,Co Rd P58/K AVE,Collision with fixed object:  Ditch,On Roadway,Non-collision (single vehicle),Crossed centerline (undivided),Alcohol (Statutory),,Daylight,Dry,Clear,None apparent,Non-intersection:  Non-junction/no special feature,Paved,,Property Damage Only,0,0,0,0,0,0,5000,1,1,,POINT (-94.085978839389 41.600633232176)
2014803765,14-058591,06/13/2014,06-June,6-Friday,12:31,1200 Hours,District 2 (Northeast),CEDAR FALLS,BLACK HAWK,US 218,US 218,Non-collision events:  Overturn/rollover,On Roadway,Non-collision (single vehicle),Swerving/Evasive Action,None Indicated,,Daylight,Dry,Clear,None apparent,Non-intersection:  Non-junction/no special feature,Paved,,Minor Injury,0,1,0,1,0,0,10000,1,1,,POINT (-92.436753722572 42.594607713809)
2014804518,14-002571,06/13/2014,06-June,6-Friday,17:56,1700 Hours,District 1 (Central),ANKENY,POLK,,NW 9TH ST & NW LOGAN ST,Collision with:  Vehicle in traffic,On Roadway,"Angle, oncoming left turn",FTYROW:  Making left turn,None Indicated,,Daylight,Dry,Clear,None apparent,Intersection:  T-intersection,Paved,,Minor Injury,0,1,0,1,0,0,3500,2,2,,POINT (-93.602628093697 41.738686531647)
2014804307,2014034885,06/13/2014,06-June,6-Friday,10:45,1000 Hours,District 6 (East Central),,IOWA,I-80,I-80,Collision with:  Other non-fixed object (explain in narrative),On Roadway,Non-collision (single vehicle),Cargo/equipment loss or shift,None Indicated,,Daylight,Dry,Clear,None apparent,Non-intersection:  Non-junction/no special feature,Paved,,Property Damage Only,0,0,0,0,0,0,1500,2,3,,POINT (-92.102049901777 41.691984368424)
2014803211,14-1756,06/13/2014,06-June,6-Friday,11:20,1100 Hours,District 1 (Central),FORT DODGE,WEBSTER,,CENTRAL AVE & S 3RD ST & N 3RD ST,Collision with:  Vehicle in traffic,On Roadway,Broadside (front to side),FTYROW:  From stop sign,None Indicated,,Daylight,Dry,Cloudy,None apparent,Intersection:  Four-way intersection,Paved,,Possible/Unknown,0,2,0,0,0,2,6000,2,3,,POINT (-94.194079103743 42.504153095713)
2014803435,20140016615,06/13/2014,06-June,6-Friday,14:00,1400 Hours,District 1 (Central),DES MOINES,POLK,,SW 9TH ST,Collision with:  Vehicle in traffic,On Roadway,Rear-end (front to rear),Other (explain in narrative):  Other,None Indicated,,Daylight,Dry,Clear,Work Zone (roadway-related),Non-intersection:  Non-junction/no special feature,Paved,Yes,Possible/Unknown,0,1,0,0,1,0,3000,2,3,,POINT (-93.625718975529 41.53778421286)
2014809831,20142068,06/13/2014,06-June,6-Friday,23:50,2300 Hours,District 1 (Central),,GRUNDY,,Co Rd T37/M AVE,Collision with:  Animal,,,Animal,None Indicated,,,,,,,Paved,,Property Damage Only,0,0,0,0,0,0,4000,1,1,,POINT (-92.787862603542 42.390119354093)
2014804063,14-004014,06/13/2014,06-June,6-Friday,14:26,1400 Hours,District 3 (Northwest),ONAWA,MONONA,IA 175,IA 175/IOWA AVE & 7TH ST,Collision with:  Vehicle in traffic,On Roadway,Broadside (front to side),FTYROW:  Other (explain in narrative),None Indicated,,Daylight,Dry,Clear,None apparent,Intersection:  Four-way intersection,Paved,,Possible/Unknown,0,1,0,0,1,0,11325,3,4,,POINT (-96.093109479408 42.026686659744)
2014803587,91-14,06/13/2014,06-June,6-Friday,06:41,0600 Hours,District 3 (Northwest),ROCK VALLEY,SIOUX,,EAGLE AVE,Collision with:  Vehicle in traffic,On Roadway,"Sideswipe, opposite direction",Swerving/Evasive Action,None Indicated,,Daylight,Dry,Clear,None apparent,Non-intersection:  Driveway access (within),Paved,,Property Damage Only,0,0,0,0,0,0,6400,3,3,,POINT (-96.314721534172 43.196635662136)
2014805181,2014035058,06/13/2014,06-June,6-Friday,21:04,2100 Hours,District 5 (Southeast),,WAPELLO,,Co Rd T61/MONROE WAPELLO RD & RIDGE RD,Collision with:  Animal,On Roadway,Non-collision (single vehicle),Animal,Alcohol (< Statutory),,Dusk,Dry,Clear,None apparent,Non-intersection:  Non-junction/no special feature,Paved,,Major Injury,0,2,2,0,0,0,1000,1,2,,POINT (-92.634486757041 40.991934127478)
2014803639,CL14001959,06/13/2014,06-June,6-Friday,08:00,0800 Hours,District 6 (East Central),CLINTON,CLINTON,,LIBERTY AVE,Collision with fixed object:  Concrete traffic barrier (median or right side),Shoulder,Non-collision (single vehicle),Ran off road - right,None Indicated,,Daylight,Dry,Clear,None apparent,Non-intersection:  Non-junction/no special feature,Unpaved,,Property Damage Only,0,0,0,0,0,0,5500,1,1,,POINT (-90.227216383516 41.814835069573)
2014803476,14-2780,06/13/2014,06-June,6-Friday,17:39,1700 Hours,District 1 (Central),WEST DES MOINES,POLK,,35TH ST/VALLEY WEST DR,Collision with:  Vehicle in traffic,On Roadway,Rear-end (front to rear),Driving too fast for conditions,None Indicated,,Daylight,Dry,Clear,None apparent,Non-intersection:  Non-junction/no special feature,Paved,,Property Damage Only,0,0,0,0,0,0,5500,2,2,,POINT (-93.751896280037 41.595791752453)
2014803746,2014034973,06/13/2014,06-June,6-Friday,15:08,1500 Hours,District 6 (East Central),SWISHER,JOHNSON,I-380,I-380,Collision with fixed object:  Guardrail - face,On Roadway,Non-collision (single vehicle),Swerving/Evasive Action,None Indicated,,Daylight,Dry,Clear,None apparent,Interchange-related:  On-ramp,Paved,,Property Damage Only,0,0,0,0,0,0,19340,1,2,,POINT (-91.664058291817 41.837896858927)
2014809895,20142063,06/13/2014,06-June,6-Friday,15:35,1500 Hours,District 1 (Central),,GRUNDY,US 20,US 20,Collision with:  Vehicle in traffic,On Roadway,"Sideswipe, same direction",Unknown,None Indicated,,Daylight,Dry,Cloudy,None apparent,Non-intersection:  Non-junction/no special feature,Paved,,Property Damage Only,0,0,0,0,0,0,3500,2,3,,POINT (-92.589749805501 42.464051999995)
2014803489,S14-002151,06/13/2014,06-June,6-Friday,23:00,2300 Hours,District 4 (Southwest),COUNCIL BLUFFS,POTTAWATTAMIE,I-80,I-80,Collision with:  Animal,On Roadway,Non-collision (single vehicle),Animal,None Indicated,,Dark - roadway not lighted,Dry,Clear,None apparent,Non-intersection:  Non-junction/no special feature,Paved,,Property Damage Only,0,0,0,0,0,0,2000,1,1,,POINT (-95.748784847761 41.324769531218)
2014803560,2014035046,06/13/2014,06-June,6-Friday,21:33,2100 Hours,District 1 (Central),,HARDIN,US 20,US 20/NW RAMP,Collision with:  Animal,On Roadway,Rear-end (front to rear),Animal,None Indicated,,Dark - roadway not lighted,Dry,Clear,None apparent,Non-intersection:  Non-junction/no special feature,Paved,,Major Injury,0,5,1,4,0,0,30000,2,5,,POINT (-93.389812926234 42.447939671127)
2014803385,14012216,06/13/2014,06-June,6-Friday,12:46,1200 Hours,District 6 (East Central),MARION,LINN,,10TH AVE,Collision with:  Vehicle in traffic,On Roadway,Rear-end (front to rear),Driver Distraction:  Manual operation of an electronic communication device,None Indicated,,Daylight,Dry,Clear,None apparent,Intersection:  Four-way intersection,Paved,,Possible/Unknown,0,2,0,0,2,0,10000,3,4,,POINT (-91.562472434575 42.035893080185)
2014803533,2014-0204,06/13/2014,06-June,6-Friday,16:51,1600 Hours,District 1 (Central),NORWALK,POLK,IA 5,IA 5/SE RAMP/SW RAMP & IA 28/IOWA 28,Collision with:  Vehicle in traffic,On Roadway,Rear-end (front to rear),Followed too close,None Indicated,,Daylight,Dry,Clear,None apparent,Non-intersection:  Non-junction/no special feature,Paved,,Property Damage Only,0,0,0,0,0,0,2500,2,3,,POINT (-93.679930959091 41.512697265816)
2014806830,PD1405035,06/13/2014,06-June,6-Friday,01:09,0100 Hours,District 5 (Southeast),FAIRFIELD,JEFFERSON,US 34,US 34,Collision with:  Animal,,,Animal,None Indicated,,,,,,,Paved,,Property Damage Only,0,0,0,0,0,0,1600,1,1,,POINT (-91.891842527572 41.002527715695)
2014803899,2014-39231,06/13/2014,06-June,6-Friday,14:56,1400 Hours,District 6 (East Central),DAVENPORT,SCOTT,,IA 461/HARRISON ST,Collision with:  Vehicle in traffic,On Roadway,Broadside (front to side),Ran Traffic Signal,None Indicated,,Daylight,Dry,Clear,None apparent,Intersection:  Four-way intersection,Paved,,Property Damage Only,0,0,0,0,0,0,6000,2,2,,POINT (-90.577001245134 41.544837157057)
2014824093,A390614-1452,06/13/2014,06-June,6-Friday,19:00,1900 Hours,District 4 (Southwest),GUTHRIE CENTER,GUTHRIE,,MAPLE AVE,Non-collision events:  Overturn/rollover,On Roadway,Non-collision (single vehicle),Swerving/Evasive Action,None Indicated,,Daylight,"Mud, dirt",Clear,None apparent,Non-intersection:  Non-junction/no special feature,Unpaved,,Property Damage Only,0,0,0,0,0,0,2000,1,2,,POINT (-94.512537349351 41.673892486311)
2014803643,CL14001984,06/13/2014,06-June,6-Friday,18:00,1800 Hours,District 6 (East Central),CLINTON,CLINTON,,5TH AVE S & S 6TH ST,Collision with:  Vehicle in traffic,On Roadway,Rear-end (front to rear),Unknown,None Indicated,,Daylight,Dry,Cloudy,None apparent,Non-intersection:  Non-junction/no special feature,Paved,,Property Damage Only,0,0,0,0,0,0,1500,2,3,,POINT (-90.198908800472 41.841182967797)
2014803633,146132621,06/13/2014,06-June,6-Friday,14:30,1400 Hours,District 6 (East Central),,CLINTON,,170 ST,Collision with:  Animal,,,Animal,None Indicated,,,,,,,Unpaved,,Property Damage Only,0,0,0,0,0,0,6500,1,1,,POINT (-90.305164415174 41.931506042742)
2014803439,20140016639,06/13/2014,06-June,6-Friday,16:40,1600 Hours,District 1 (Central),DES MOINES,POLK,,MLK JR PKWY,Collision with:  Vehicle in traffic,On Roadway,Rear-end (front to rear),Followed too close,None Indicated,,Daylight,Dry,Clear,None apparent,Non-intersection:  Non-junction/no special feature,Paved,,Property Damage Only,0,0,0,0,0,0,6116,3,5,,POINT (-93.644789330121 41.583327808371)
2014803380,201408400,06/13/2014,06-June,6-Friday,19:12,1900 Hours,District 6 (East Central),CEDAR RAPIDS,LINN,,E AVE NW,Collision with fixed object:  Mailbox,Outside trafficway,Non-collision (single vehicle),Other (explain in narrative):  Other,Alcohol (Statutory),,Daylight,Dry,Clear,None apparent,Non-intersection:  Non-junction/no special feature,Paved,,Property Damage Only,0,0,0,0,0,0,3600,1,1,,POINT (-91.693008955439 41.978101790635)
2014805173,2014035043,06/13/2014,06-June,6-Friday,21:53,2100 Hours,District 4 (Southwest),,DALLAS,I-80,I-80,Collision with:  Animal,,,Animal,None Indicated,,,,,,,Paved,,Property Damage Only,0,0,0,0,0,0,3500,1,1,,POINT (-93.936415843984 41.551778794887)
2014804674,,06/13/2014,06-June,6-Friday,20:05,2000 Hours,District 2 (Northeast),,ALLAMAKEE,,Co Rd A26/IOWA RIVER DR,Collision with:  Animal,On Roadway,Non-collision (single vehicle),Animal,None Indicated,,Dusk,Dry,Clear,,Non-intersection:  Non-junction/no special feature,Paved,,Property Damage Only,0,0,0,0,0,0,5530,1,2,,POINT (-91.384893367768 43.441118499308)
2014803465,20140016618,06/13/2014,06-June,6-Friday,14:25,1400 Hours,District 1 (Central),DES MOINES,POLK,,E 25TH ST,Collision with:  Parked motor vehicle,Outside trafficway,"Sideswipe, same direction",Separation of units,None Indicated,,Daylight,Dry,Clear,None apparent,Non-intersection:  Non-junction/no special feature,Paved,,Property Damage Only,0,0,0,0,0,0,2000,2,3,,POINT (-93.570920804548 41.627700670094)
2014803278,14058654,06/13/2014,06-June,6-Friday,16:15,1600 Hours,District 2 (Northeast),CEDAR FALLS,BLACK HAWK,IA 57,IA 57/1ST ST,Collision with:  Vehicle in traffic,On Roadway,Rear-end (front to rear),Other (explain in narrative):  Other,None Indicated,,Daylight,Dry,Cloudy,None apparent,Interchange-related:  On-ramp merge area,Paved,,Property Damage Only,0,0,0,0,0,0,1600,2,2,,POINT (-92.426721633115 42.537470593094)
2014809976,144140PD,06/13/2014,06-June,6-Friday,11:04,1100 Hours,District 1 (Central),BOONE,BOONE,,PARK AVE & S STORY ST,Collision with:  Vehicle in traffic,On Roadway,Broadside (front to side),Ran Traffic Signal,None Indicated,,Daylight,Dry,Cloudy,None apparent,Intersection:  Four-way intersection,Paved,,Property Damage Only,0,0,0,0,0,0,5000,2,2,,POINT (-93.879892097287 42.048070979248)
2014803898,2014-39229,06/13/2014,06-June,6-Friday,14:46,1400 Hours,District 6 (East Central),DAVENPORT,SCOTT,,IA 461/BRADY ST & W 14TH ST,Collision with:  Vehicle in traffic,On Roadway,"Sideswipe, same direction",Other (explain in narrative):  Other,None Indicated,,Daylight,Dry,Clear,None apparent,Intersection:  T-intersection,Paved,,Property Damage Only,0,0,0,0,0,0,2000,2,3,,POINT (-90.574053021398 41.533913236341)
2014803430,20140016646,06/13/2014,06-June,6-Friday,17:46,1700 Hours,District 1 (Central),DES MOINES,POLK,US 6,US 6/DOUGLAS AVE/EUCLID AVE & MLK JR PKWY,Collision with:  Vehicle in traffic,On Roadway,"Sideswipe, same direction",FTYROW:  Other (explain in narrative),None Indicated,,Daylight,Dry,Cloudy,None apparent,Non-intersection:  Non-junction/no special feature,Paved,,Property Damage Only,0,0,0,0,0,0,1600,2,3,,POINT (-93.651090367051 41.627769942849)
2014803416,14-3943,06/13/2014,06-June,6-Friday,22:17,2200 Hours,District 1 (Central),,POLK,IA 415,IA 415/2ND AVE & NW 72ND PL,Collision with:  Vehicle in traffic,On Roadway,Rear-end (front to rear),Followed too close,None Indicated,,Dark - unknown roadway lighting,Dry,Clear,None apparent,Intersection:  Four-way intersection,Paved,,Possible/Unknown,0,1,0,0,1,0,6000,2,6,,POINT (-93.620258762042 41.692548652373)
2014804014,RH-06132014,06/13/2014,06-June,6-Friday,14:55,1400 Hours,District 5 (Southeast),OSCEOLA,CLARKE,I-35,I-35,Collision with fixed object:  Ditch,Gore,Non-collision (single vehicle),Ran off road - left,None Indicated,,Daylight,Dry,Clear,None apparent,"Interchange-related:  Off-ramp, diverge area",Paved,,Minor Injury,0,1,0,1,0,0,1500,1,1,,POINT (-93.792914369142 41.025404660079)
2014803514,14HPD0055,06/13/2014,06-June,6-Friday,19:08,1900 Hours,District 3 (Northwest),HAWARDEN,SIOUX,IA 10,IA 10/10TH ST/450TH ST & CO RD K 18,Collision with:  Vehicle in traffic,On Roadway,"Angle, oncoming left turn",FTYROW:  From stop sign,None Indicated,,Daylight,Dry,Clear,None apparent,Intersection:  T-intersection,Paved,,Possible/Unknown,0,1,0,0,1,0,8500,2,2,,POINT (-96.470281172283 42.996778566157)
2014803494,14-024388,06/13/2014,06-June,6-Friday,15:30,1500 Hours,District 4 (Southwest),COUNCIL BLUFFS,POTTAWATTAMIE,,S 35TH ST,Collision with:  Vehicle in traffic,On Roadway,Rear-end (front to rear),Other (explain in narrative):  Other,None Indicated,,Daylight,Dry,Clear,None apparent,Non-intersection:  Non-junction/no special feature,Paved,,Property Damage Only,0,0,0,0,0,0,8000,2,2,,POINT (-95.902025158519 41.249459069521)
2014803629,1406132381,06/13/2014,06-June,6-Friday,12:15,1200 Hours,District 6 (East Central),,CLINTON,US 30,US 30,Collision with fixed object:  Guardrail - face,Roadside,Non-collision (single vehicle),Ran off road - right,None Indicated,,Daylight,Dry,Clear,None apparent,Non-intersection:  Other non-intersection (explain in narrative),Paved,,Major Injury,0,1,1,0,0,0,7684,1,1,,POINT (-90.457257674803 41.813947201741)
2014804189,01-14-25680,06/13/2014,06-June,6-Friday,22:25,2200 Hours,District 6 (East Central),DUBUQUE,DUBUQUE,,GARFIELD AVE & HAMILTON ST,Collision with:  Vehicle in traffic,On Roadway,"Sideswipe, same direction",Exceeded authorized speed,None Indicated,,Dark - roadway lighted,Dry,Clear,None apparent,Intersection:  T-intersection,Paved,,Property Damage Only,0,0,0,0,0,0,7500,2,5,,POINT (-90.654463443609 42.524548212292)
2014803472,14-1293,06/13/2014,06-June,6-Friday,00:21,0000 Hours,District 1 (Central),CLIVE,POLK,US 6,US 6/HICKMAN RD,Collision with:  Animal,,,Animal,None Indicated,,,,,,,Paved,,Property Damage Only,0,0,0,0,0,0,1500,1,1,,POINT (-93.77539060876 41.614866042823)
2014803309,14-8355,06/13/2014,06-June,6-Friday,14:44,1400 Hours,District 3 (Northwest),SPENCER,CLAY,US 71,US 71/11TH AVE SW & 13TH ST SW,Collision with:  Vehicle in traffic,On Roadway,Broadside (front to side),FTYROW:  From stop sign,None Indicated,,Daylight,Dry,Clear,None apparent,Intersection:  Four-way intersection,Paved,,Property Damage Only,0,0,0,0,0,0,7000,2,3,,POINT (-95.160787136233 43.124493891913)
2014810704,140613DH01,06/13/2014,06-June,6-Friday,13:10,1300 Hours,District 3 (Northwest),ORANGE CITY,SIOUX,IA 10,IA 10/450TH ST,Collision with:  Vehicle in traffic,On Roadway,Broadside (front to side),FTYROW:  From driveway,None Indicated,,Daylight,Dry,Clear,None apparent,Non-intersection:  Driveway access (within),Paved,,Property Damage Only,0,0,0,0,0,0,2000,2,3,,POINT (-96.038505753329 42.997480236457)
2014803985,,06/13/2014,06-June,6-Friday,14:20,1400 Hours,District 6 (East Central),CEDAR RAPIDS,LINN,US 30,US 30/NE RAMP/NW RAMP & EDGEWOOD RD SW,Collision with:  Vehicle in traffic,On Roadway,Rear-end (front to rear),Unknown,None Indicated,,Daylight,Dry,Clear,,Interchange-related:  Off-ramp,Paved,,Property Damage Only,0,0,0,0,0,0,6833,2,2,,POINT (-91.715912267916 41.940542050976)
2014807085,,06/13/2014,06-June,6-Friday,05:18,0500 Hours,District 2 (Northeast),,FLOYD,,Co Rd T38/LANCER AVE,,Outside trafficway,Non-collision (single vehicle),Swerving/Evasive Action,None Indicated,,Dawn,Dry,Clear,None apparent,Non-intersection:  Non-junction/no special feature,Paved,,Property Damage Only,0,0,0,0,0,0,3000,1,1,,POINT (-92.810122559659 43.137674544873)
2014805369,2014034971,06/13/2014,06-June,6-Friday,14:54,1400 Hours,District 1 (Central),ALTOONA,POLK,I-80,I-80,Collision with:  Vehicle in traffic,On Roadway,Rear-end (front to rear),Swerving/Evasive Action,None Indicated,,Daylight,Dry,Clear,Work Zone (roadway-related),Interchange-related:  On-ramp merge area,Paved,Yes,Property Damage Only,0,0,0,0,0,0,2500,2,3,,POINT (-93.50124586297 41.662009706643)
2014804209,02-14-9016,06/13/2014,06-June,6-Friday,15:20,1500 Hours,District 6 (East Central),CASCADE,DUBUQUE,,MONROE ST NE,Collision with:  Vehicle in traffic,On Roadway,Broadside (front to side),FTYROW:  From driveway,None Indicated,,Daylight,Dry,Clear,None apparent,Non-intersection:  Driveway access (within),Paved,,Property Damage Only,0,0,0,0,0,0,5500,2,2,,POINT (-91.005067586935 42.302478043105)
2014810261,2014005808,06/13/2014,06-June,6-Friday,15:16,1500 Hours,District 1 (Central),MARSHALLTOWN,MARSHALL,,E OLIVE ST & S 3RD AVE,Collision with:  Vehicle in traffic,On Roadway,Broadside (front to side),FTYROW:  Making left turn,None Indicated,,Daylight,Dry,Clear,None apparent,Intersection:  T-intersection,Paved,,Property Damage Only,0,0,0,0,0,0,3000,2,4,,POINT (-92.906862471427 42.028385162147)
2014803118,14-20064,06/13/2014,06-June,6-Friday,12:55,1200 Hours,District 5 (Southeast),BURLINGTON,DES MOINES,,JEFFERSON ST,Collision with:  Vehicle in traffic,On Roadway,Rear-end (front to rear),FTYROW:  From parked position,None Indicated,,Daylight,Dry,Clear,None apparent,Non-intersection:  Non-junction/no special feature,Paved,,Property Damage Only,0,0,0,0,0,0,3700,2,4,,POINT (-91.106515823331 40.810678893522)
2014803543,14-18547,06/13/2014,06-June,6-Friday,08:45,0800 Hours,District 3 (Northwest),SIOUX CITY,WOODBURY,US 20,US 20/RAMP & S LAKEPORT ST,Collision with:  Vehicle in traffic,On Roadway,Broadside (front to side),FTYROW:  Other (explain in narrative),None Indicated,,Daylight,Dry,Clear,None apparent,Intersection:  Intersection with ramp,Paved,,Possible/Unknown,0,1,0,0,1,0,4500,2,5,,POINT (-96.347537986093 42.442118427849)
2014804134,201400028564,06/13/2014,06-June,6-Friday,23:54,2300 Hours,District 5 (Southeast),OTTUMWA,WAPELLO,,E MAIN ST,Collision with:  Vehicle in traffic,On Roadway,"Sideswipe, same direction",Other (explain in narrative):  Other,None Indicated,,Dark - roadway lighted,Dry,Clear,None apparent,Non-intersection:  Non-junction/no special feature,Paved,,Property Damage Only,0,0,0,0,0,0,9000,2,2,,POINT (-92.378368415371 41.005457780139)
2014803532,2014-12497,06/13/2014,06-June,6-Friday,09:06,0900 Hours,District 5 (Southeast),INDIANOLA,WARREN,US 65,US 65/N JEFFERSON WAY,Collision with:  Vehicle in traffic,On Roadway,Rear-end (front to rear),Followed too close,None Indicated,,Daylight,Dry,Clear,None apparent,Non-intersection:  Non-junction/no special feature,Paved,,Property Damage Only,0,0,0,0,0,0,4500,2,2,,POINT (-93.558662993133 41.38227339704)
2014805265,201402016,06/13/2014,06-June,6-Friday,17:01,1700 Hours,District 6 (East Central),,LINN,US 151,US 151/DUBUQUE RD,Collision with:  Vehicle in traffic,On Roadway,Rear-end (front to rear),Other (explain in narrative):  Other,None Indicated,,Daylight,Dry,Clear,None apparent,Non-intersection:  Non-junction/no special feature,Paved,,Major Injury,0,1,1,0,0,0,19500,2,2,,POINT (-91.45862002544 42.050026897577)
2014803417,14-002573,06/13/2014,06-June,6-Friday,21:11,2100 Hours,District 1 (Central),ANKENY,POLK,US 69,US 69/S ANKENY BLVD,Collision with:  Vehicle in traffic,On Roadway,Head-on (front to front),Other (explain in narrative):  Other,None Indicated,,Dusk,Dry,Clear,None apparent,Non-intersection:  Non-junction/no special feature,Paved,,Property Damage Only,0,0,0,0,0,0,3000,2,3,,POINT (-93.60037786873 41.729493128338)
2014803370,2014006461,06/13/2014,06-June,6-Friday,15:45,1500 Hours,District 6 (East Central),IOWA CITY,JOHNSON,,LAFAYETTE ST & S GILBERT ST,Collision with:  Vehicle in traffic,On Roadway,Rear-end (front to rear),Followed too close,None Indicated,,Daylight,Dry,Cloudy,None apparent,Intersection:  T-intersection,Paved,,Property Damage Only,0,0,0,0,0,0,4300,2,3,,POINT (-91.531201454487 41.652267014941)
2014803153,20140016599,06/13/2014,06-June,6-Friday,12:30,1200 Hours,District 1 (Central),DES MOINES,POLK,,PARK AVE & GEORGE FLAGG PKWY,Collision with:  Vehicle in traffic,On Roadway,"Angle, oncoming left turn",FTYROW:  Making left turn,None Indicated,,Daylight,Dry,Clear,None apparent,Intersection:  Four-way intersection,Paved,,Property Damage Only,0,0,0,0,0,0,6500,2,3,,POINT (-93.679252673469 41.555549109689)
2014805799,01-14-25581,06/13/2014,06-June,6-Friday,11:40,1100 Hours,District 6 (East Central),DUBUQUE,DUBUQUE,,ASBURY RD,Collision with:  Vehicle in traffic,On Roadway,"Sideswipe, same direction",Lost Control,None Indicated,,Daylight,Dry,Clear,None apparent,Non-intersection:  Non-junction/no special feature,Paved,,Property Damage Only,0,0,0,0,0,0,4500,2,1,,POINT (-90.697184485505 42.501317138141)
2014803842,OP14004013,06/13/2014,06-June,6-Friday,13:43,1300 Hours,District 3 (Northwest),ONAWA,MONONA,IA 175,IA 175/IOWA AVE & 17TH ST,Collision with:  Vehicle in traffic,On Roadway,Broadside (front to side),FTYROW:  Other (explain in narrative),None Indicated,,Daylight,Dry,Clear,None apparent,Intersection:  Four-way intersection,Paved,,Minor Injury,0,2,0,1,1,0,11000,2,5,,POINT (-96.106037763348 42.026787472457)
2014803384,201408403,06/13/2014,06-June,6-Friday,20:45,2000 Hours,District 6 (East Central),CEDAR RAPIDS,LINN,,ELLIS BLVD NW,Collision with fixed object:  Curb/island/raised median,Outside trafficway,Non-collision (single vehicle),Ran off road - right,None Indicated,,Dusk,Dry,Clear,None apparent,Non-intersection:  Non-junction/no special feature,Paved,,Property Damage Only,0,0,0,0,0,0,3200,1,1,,POINT (-91.682853291709 41.993548823811)
2014803495,14-024411,06/13/2014,06-June,6-Friday,17:35,1700 Hours,District 4 (Southwest),COUNCIL BLUFFS,POTTAWATTAMIE,,VALLEY VIEW DR & LONGVIEW LOOP,Collision with:  Vehicle in traffic,On Roadway,Rear-end (front to rear),Followed too close,None Indicated,,Daylight,Dry,Clear,None apparent,Non-intersection:  Non-junction/no special feature,Paved,,Property Damage Only,0,0,0,0,0,0,7000,3,3,,POINT (-95.818115853657 41.230479077612)
2014803922,14-18609,06/13/2014,06-June,6-Friday,17:00,1700 Hours,District 3 (Northwest),SIOUX CITY,WOODBURY,I-29,I-29,Collision with:  Vehicle in traffic,On Roadway,Rear-end (front to rear),Followed too close,None Indicated,,Daylight,Dry,Clear,None apparent,Non-intersection:  Non-junction/no special feature,Paved,,Property Damage Only,0,0,0,0,0,0,2100,3,4,,POINT (-96.40177998567 42.488711858438)
2014803326,14-864,06/13/2014,06-June,6-Friday,21:38,2100 Hours,District 3 (Northwest),SPIRIT LAKE,DICKINSON,,21ST ST,Collision with:  Parked motor vehicle,On Roadway,Rear-end (front to rear),Improper Backing,None Indicated,,Dark - roadway not lighted,Dry,Clear,None apparent,Non-intersection:  Non-junction/no special feature,Paved,,Property Damage Only,0,0,0,0,0,0,1500,2,2,,POINT (-95.095460076832 43.419897494134)