Iowa DOT Case Number,Law Enforcement Case Number,Date of Crash,Month of Crash,Day of Week,Time of Crash,Hour,DOT District,City Name,County Name,Route with System,Location Description,First Harmful Event,Location of First Harmful Event,Manner of Crash/Collision,Major Cause,Drug or Alcohol ,Environmental Conditions,Light Conditions,Surface Conditions,Weather Conditions,Roadway Contribution,Roadway Type,Roadway Surface,Work Zone,Crash Severity,Number of Fatalities,Number of Injuries,Number of Major Injuries,Number of Minor Injuries,Number of Possible Injuries,Number of Unknown Injuries,Amount of Property Damage,Number of Vehicles Involved,Total Number of Occupants,Travel Direction,Location
2014805202,2014035019,06/13/2014,06-June,6-Friday,18:04,1800 Hours,District 1 (Central),,POLK,I-80,I-80,Collision with:  Vehicle in traffic,On Roadway,Rear-end (front to rear),Followed too close,None Indicated,,Daylight,Dry,Clear,None apparent,Non-intersection:  Non-junction/no special feature,Paved,,Possible/Unknown,0,1,0,0,0,1,3000,2,4,,POINT (-93.548652254002 41.656082654979)
2014803280,W14-058543,06/13/2014,06-June,6-Friday,08:43,0800 Hours,District 2 (Northeast),WATERLOO,BLACK HAWK,US 63,US 63/W 1ST ST & JEFFERSON ST,Collision with:  Vehicle in traffic,On Roadway,"Angle, oncoming left turn",Made improper turn,None Indicated,,Daylight,Dry,Clear,None apparent,Intersection:  Four-way intersection,Paved,,Property Damage Only,0,0,0,0,0,0,5000,2,2,,POINT (-92.344967791491 42.4971637559)
2014810185,14-000681,06/13/2014,06-June,6-Friday,12:36,1200 Hours,District 1 (Central),JOHNSTON,POLK,,NW 94TH ST & NW 62ND AVE,Collision with:  Vehicle in traffic,On Roadway,Rear-end (front to rear),Improper Backing,None Indicated,,Daylight,Dry,Cloudy,None apparent,Intersection:  Four-way intersection,Paved,,Property Damage Only,0,0,0,0,0,0,4050,2,3,,POINT (-93.7482887168 41.672961541711)
2014803920,14-18581,06/13/2014,06-June,6-Friday,13:38,1300 Hours,District 3 (Northwest),SIOUX CITY,WOODBURY,I-29,I-29 & IA 12/GORDON DR & PIERCE ST,Collision with:  Vehicle in traffic,On Roadway,Rear-end (front to rear),Other (explain in narrative):  No improper action,None Indicated,,Daylight,Dry,Clear,Ruts/holes/bumps,Intersection:  Other intersection (explain in narrative),Paved,Yes,Possible/Unknown,0,1,0,0,1,0,3500,2,7,,POINT (-96.404925306921 42.489725901751)
2014804340,14-058696,06/13/2014,06-June,6-Friday,18:07,1800 Hours,District 2 (Northeast),LA PORTE CITY,BLACK HAWK,US 218,US 218/COMMERCIAL ST/4TH ST & 8TH ST,Collision with:  Vehicle in traffic,On Roadway,Broadside (front to side),Improper Backing,None Indicated,,Daylight,Dry,Cloudy,Work Zone (roadway-related),Non-intersection:  Non-junction/no special feature,Paved,Yes,Property Damage Only,0,0,0,0,0,0,2500,2,3,,POINT (-92.190804278658 42.316276178539)
2014803438,20140016664,06/13/2014,06-June,6-Friday,20:13,2000 Hours,District 1 (Central),DES MOINES,POLK,,E DOUGLAS AVE & E 38TH ST,Collision with:  Vehicle in traffic,On Roadway,Broadside (front to side),FTYROW:  From stop sign,None Indicated,,Dusk,Dry,Clear,None apparent,Intersection:  Four-way intersection,Paved,,Property Damage Only,0,0,0,0,0,0,3500,2,2,,POINT (-93.541896826025 41.629606566387)
2014803427,20140016610,06/13/2014,06-June,6-Friday,13:32,1300 Hours,District 1 (Central),DES MOINES,POLK,,RUTLAND AVE & 31ST ST,Collision with:  Vehicle in traffic,On Roadway,Rear-end (front to rear),Followed too close,None Indicated,,Daylight,Dry,Clear,None apparent,Non-intersection:  Non-junction/no special feature,Paved,,Property Damage Only,0,0,0,0,0,0,6500,2,4,,POINT (-93.659354041934 41.597548700978)
2014803407,SO14001391,06/14/2014,06-June,7-Saturday,01:24,0100 Hours,District 3 (Northwest),,PLYMOUTH,US 75,US 75 & LONE TREE RD,Collision with:  Animal,,,Animal,None Indicated,,,,,,,Paved,,Property Damage Only,0,0,0,0,0,0,2500,1,1,,POINT (-96.305186857204 42.593796579264)
2014803986,,06/14/2014,06-June,7-Saturday,22:00,2200 Hours,District 6 (East Central),,CLINTON,US 67,US 67,Collision with:  Animal,On Roadway,Non-collision (single vehicle),Animal,None Indicated,,Dark - roadway not lighted,Dry,,,Non-intersection:  Non-junction/no special feature,Paved,,Possible/Unknown,0,1,0,0,1,0,4802,1,1,,POINT (-90.198826256257 41.974788581763)
2014810981,14-03975,06/14/2014,06-June,7-Saturday,15:30,1500 Hours,District 2 (Northeast),OELWEIN,FAYETTE,,10TH ST SW,Collision with:  Vehicle in traffic,On Roadway,"Sideswipe, same direction","Operating vehicle in an reckless, erratic, careless, negligent manner",None Indicated,,Daylight,Dry,Clear,None apparent,Non-intersection:  Non-junction/no special feature,Paved,,Property Damage Only,0,0,0,0,0,0,3000,2,3,,POINT (-91.915812091603 42.663861259573)
2014804401,14-004395,06/14/2014,06-June,7-Saturday,03:10,0300 Hours,District 4 (Southwest),PERRY,DALLAS,IA 141,IA 141/IOWA 141 & 16TH ST,Collision with:  Animal,,,Animal,None Indicated,,,,,,,Paved,,Property Damage Only,0,0,0,0,0,0,2000,1,1,,POINT (-94.087079863919 41.831569411241)
2014803473,14-1301,06/14/2014,06-June,7-Saturday,16:13,1600 Hours,District 1 (Central),URBANDALE,POLK,I-35,I-35 & IA 28/MERLE HAY RD,Collision with:  Vehicle in traffic,On Roadway,"Sideswipe, same direction",Made improper turn,None Indicated,,Daylight,Dry,Cloudy,None apparent,Intersection:  Intersection with ramp,Paved,,Property Damage Only,0,0,0,0,0,0,7000,2,3,,POINT (-93.697647000288 41.651293721746)
2014803962,2014035167,06/14/2014,06-June,7-Saturday,17:49,1700 Hours,District 6 (East Central),,SCOTT,,140 AVE,Non-collision events:  Overturn/rollover,Shoulder,Non-collision (single vehicle),Swerving/Evasive Action,None Indicated,,Daylight,Dry,Clear,None apparent,Non-intersection:  Non-junction/no special feature,Unpaved,,Property Damage Only,0,0,0,0,0,0,4000,1,1,,POINT (-90.626666706102 41.693766670293)
2014803734,S14-5900,06/14/2014,06-June,7-Saturday,14:37,1400 Hours,District 3 (Northwest),SALIX,WOODBURY,,WALNUT ST & S TAMA ST,Collision with:  Vehicle in traffic,On Roadway,Rear-end (front to rear),Unknown,None Indicated,,Daylight,Dry,Cloudy,None apparent,Non-intersection:  Railroad grade crossing,Paved,,Property Damage Only,0,0,0,0,0,0,7000,2,6,,POINT (-96.28345588837 42.304707220151)
2014804060,14-014292,06/14/2014,06-June,7-Saturday,15:29,1500 Hours,District 5 (Southeast),PLEASANTVILLE,MARION,,DEWITT ST,Collision with:  Parked motor vehicle,On Roadway,Rear-end (front to rear),Improper Backing,None Indicated,,Daylight,Dry,Clear,None apparent,Non-intersection:  Non-junction/no special feature,Paved,,Property Damage Only,0,0,0,0,0,0,1500,2,1,,POINT (-93.262906649069 41.38411285076)
2014803928,14-18726,06/14/2014,06-June,7-Saturday,09:26,0900 Hours,District 3 (Northwest),SIOUX CITY,WOODBURY,,CHAMBERS ST & 6TH ST,Collision with:  Vehicle in traffic,On Roadway,"Angle, oncoming left turn",FTYROW:  Making left turn,None Indicated,,Daylight,Wet,Cloudy,None apparent,Intersection:  Four-way intersection,Paved,,Possible/Unknown,0,2,0,0,2,0,8000,2,2,,POINT (-96.385908943367 42.496485021986)
2014803356,SO1402287,06/14/2014,06-June,7-Saturday,22:42,2200 Hours,District 5 (Southeast),,JEFFERSON,,Co Rd W21/PLEASANT PLAIN RD,Collision with:  Animal,,,Animal,None Indicated,,,,,,,Paved,,Property Damage Only,0,0,0,0,0,0,2000,1,1,,POINT (-91.921024799624 41.060635731261)
2014803913,14-002838,06/14/2014,06-June,7-Saturday,07:36,0700 Hours,District 1 (Central),AMES,STORY,,EISENHOWER AVE,Collision with:  Animal,,,Animal,None Indicated,,,,,,,Paved,,Property Damage Only,0,0,0,0,0,0,2000,1,1,,POINT (-93.63668583925 42.049542769932)
2014850930,201406141023,06/14/2014,06-June,7-Saturday,01:23,0100 Hours,District 5 (Southeast),COLUMBUS JUNCTION,LOUISA,,Co Rd X17/COUNTY RD X 17,Collision with fixed object:  Ditch,On Roadway,Non-collision (single vehicle),Ran off road - left,None Indicated,,Dark - roadway not lighted,Dry,Clear,None apparent,Non-intersection:  Non-junction/no special feature,Paved,,Minor Injury,0,1,0,1,0,0,1501,1,1,,POINT (-91.390110873847 41.230366998447)
2014803422,14-002595,06/14/2014,06-June,7-Saturday,13:30,1300 Hours,District 1 (Central),ANKENY,POLK,US 69,US 69/N ANKENY BLVD & NE 18TH ST & NW 18TH ST,Non-collision events:  Other non-collision (explain in narrative),On Roadway,Non-collision (single vehicle),Swerving/Evasive Action,None Indicated,,Daylight,"Mud, dirt",Clear,"Surface condition (e.g., wet, icy)",Intersection:  Four-way intersection,Paved,,Minor Injury,0,1,0,1,0,0,200,1,1,,POINT (-93.600354193653 41.746318370022)
2014804141,14V06098,06/14/2014,06-June,7-Saturday,18:52,1800 Hours,District 6 (East Central),VINTON,BENTON,,W 8TH ST & 1ST AVE & E 8TH ST,Non-collision events:  Other non-collision (explain in narrative),On Roadway,Non-collision (single vehicle),FTYROW:  From stop sign,None Indicated,,Daylight,Dry,Clear,None apparent,Intersection:  Four-way intersection,Paved,,Minor Injury,0,1,0,1,0,0,500,2,2,,POINT (-92.024336205722 42.163794113276)
2014803777,14008696,06/14/2014,06-June,7-Saturday,23:56,2300 Hours,District 6 (East Central),STANWOOD,CEDAR,,CENTER ST & 1ST AVE,Collision with fixed object:  Ditch,,,Lost Control,Refused,,,,,,,Paved,,Property Damage Only,0,0,0,0,0,0,1500,1,1,,POINT (-91.153238893819 41.891845170889)
2014803377,201408463,06/14/2014,06-June,7-Saturday,18:00,1800 Hours,District 6 (East Central),CEDAR RAPIDS,LINN,IA 922,IA 922/1ST AVE E,Collision with:  Vehicle in traffic,On Roadway,Rear-end (front to rear),Other (explain in narrative):  Other,None Indicated,,Daylight,Dry,Clear,None apparent,Non-intersection:  Non-junction/no special feature,Paved,,Property Damage Only,0,0,0,0,0,0,1500,2,3,,POINT (-91.622189825349 42.025250588144)
2014803963,2014035199,06/14/2014,06-June,7-Saturday,21:10,2100 Hours,District 6 (East Central),,CEDAR,I-80,I-80,Collision with:  Animal,,,Animal,None Indicated,,,,,,,Paved,,Property Damage Only,0,0,0,0,0,0,3000,1,1,,POINT (-91.108078176956 41.644881882103)
2014810480,,06/14/2014,06-June,7-Saturday,14:50,1400 Hours,District 5 (Southeast),,MUSCATINE,US 61,US 61 & IA 22/IOWA 22,Collision with:  Animal,On Roadway,Non-collision (single vehicle),Animal,None Indicated,,Daylight,Dry,Clear,None apparent,Non-intersection:  Non-junction/no special feature,Paved,,Property Damage Only,0,0,0,0,0,0,5000,1,1,,POINT (-91.091916082477 41.436152721549)
2014803469,20140016772,06/14/2014,06-June,7-Saturday,20:00,2000 Hours,District 1 (Central),DES MOINES,POLK,,WALNUT ST & WATER ST,Collision with:  Vehicle in traffic,On Roadway,Broadside (front to side),FTYROW:  From driveway,None Indicated,,Dusk,Dry,Cloudy,None apparent,Non-intersection:  Driveway access (within),Paved,,Property Damage Only,0,0,0,0,0,0,2000,2,2,,POINT (-93.618469475785 41.587192398223)
2014803650,AP-14-0161,06/14/2014,06-June,7-Saturday,22:17,2200 Hours,District 6 (East Central),ANAMOSA,JONES,US 151,US 151,Collision with:  Animal,,,Animal,None Indicated,,,,,,,Paved,,Property Damage Only,0,0,0,0,0,0,3000,1,1,,POINT (-91.308002117085 42.070762426112)
2014803501,14-024561,06/14/2014,06-June,7-Saturday,16:08,1600 Hours,District 4 (Southwest),COUNCIL BLUFFS,POTTAWATTAMIE,I-29,I-29,Collision with:  Vehicle in traffic,On Roadway,Rear-end (front to rear),Other (explain in narrative):  Other,None Indicated,,Daylight,Dry,Cloudy,None apparent,Non-intersection:  Non-junction/no special feature,Paved,,Property Damage Only,0,0,0,0,0,0,3000,2,3,,POINT (-95.854981676104 41.232164052878)
2014803525,14006888,06/14/2014,06-June,7-Saturday,13:17,1300 Hours,District 1 (Central),,TAMA,US 30,US 30,Collision with:  Animal,,,Animal,None Indicated,,,,,,,Paved,,Property Damage Only,0,0,0,0,0,0,3000,1,1,,POINT (-92.666171509368 41.999764769338)
2014803631,1406148111,06/14/2014,06-June,7-Saturday,23:50,2300 Hours,District 6 (East Central),,CLINTON,,225 ST,Collision with:  Animal,,Non-collision (single vehicle),Animal,None Indicated,,,,,,,Paved,,Property Damage Only,0,0,0,0,0,0,1500,1,1,,POINT (-90.579814839436 41.849576403039)
2014809896,20142080,06/14/2014,06-June,7-Saturday,21:45,2100 Hours,District 1 (Central),,GRUNDY,IA 57,IA 57/110TH ST,Collision with:  Animal,,,Animal,None Indicated,,,,,,,Paved,,Property Damage Only,0,0,0,0,0,0,4500,1,1,,POINT (-92.628415603618 42.542471792525)
2014803388,14-2957,06/14/2014,06-June,7-Saturday,18:20,1800 Hours,District 6 (East Central),HIAWATHA,LINN,I-380,I-380,Collision with fixed object:  Guardrail - face,Shoulder,Non-collision (single vehicle),Other (explain in narrative):  Other,None Indicated,,Daylight,Dry,Clear,None apparent,Non-intersection:  Non-junction/no special feature,Paved,,Property Damage Only,0,0,0,0,0,0,15000,1,1,,POINT (-91.687574784538 42.046947733314)
2014803522,14-006909,06/14/2014,06-June,7-Saturday,20:49,2000 Hours,District 1 (Central),,TAMA,US 30,US 30,Collision with:  Animal,,,Animal,None Indicated,,,,,,,Paved,,Property Damage Only,0,0,0,0,0,0,3000,1,1,,POINT (-92.648599817622 41.998127153849)
2014803353,14-015126,06/14/2014,06-June,7-Saturday,19:08,1900 Hours,District 1 (Central),KELLOGG,JASPER,,IMPERIAL AVE,Non-collision events:  Overturn/rollover,On Roadway,Non-collision (single vehicle),Lost Control,Under Influence of Alcohol/Drugs/Medications,,Daylight,Dry,Cloudy,None apparent,Non-intersection:  Non-junction/no special feature,Unpaved,,Minor Injury,0,1,0,1,0,0,1000,1,1,,POINT (-92.9210480634 41.712119521402)
2014807277,,06/14/2014,06-June,7-Saturday,04:04,0400 Hours,District 2 (Northeast),,WINNESHIEK,IA 24,IA 24/IOWA 24,Non-collision events:  Overturn/rollover,Shoulder,Non-collision (single vehicle),Crossed centerline (undivided),None Indicated,,Dark - roadway not lighted,Dry,Cloudy,None apparent,Non-intersection:  Non-junction/no special feature,Paved,,Minor Injury,0,1,0,1,0,0,6100,1,1,,POINT (-91.947973563997 43.133058630208)
2014803504,14-024613,06/14/2014,06-June,7-Saturday,22:17,2200 Hours,District 4 (Southwest),COUNCIL BLUFFS,POTTAWATTAMIE,,FOREST GLEN DR & NORWOOD DR,Collision with:  Vehicle in traffic,On Roadway,Broadside (front to side),Other (explain in narrative):  Other,None Indicated,,Dark - roadway lighted,Dry,Clear,None apparent,Non-intersection:  Non-junction/no special feature,Paved,,Property Damage Only,0,0,0,0,0,0,6000,2,2,,POINT (-95.795162444651 41.244755796684)
2014803929,14-18772,06/14/2014,06-June,7-Saturday,18:54,1800 Hours,District 3 (Northwest),SIOUX CITY,WOODBURY,,W 2ND ST & ROSS ST,Collision with:  Vehicle in traffic,On Roadway,Broadside (front to side),FTYROW:  From stop sign,None Indicated,,Daylight,Wet,Cloudy,None apparent,Intersection:  Four-way intersection,Paved,,Property Damage Only,0,0,0,0,0,0,4500,2,6,,POINT (-96.428347581236 42.49821139703)
2014803355,SO1402286,06/14/2014,06-June,7-Saturday,21:46,2100 Hours,District 5 (Southeast),FAIRFIELD,JEFFERSON,US 34,US 34,Collision with:  Animal,On Roadway,Non-collision (single vehicle),Animal,None Indicated,,Dark - roadway not lighted,Dry,Clear,None apparent,Non-intersection:  Non-junction/no special feature,Paved,,Major Injury,0,1,1,0,0,0,2500,1,1,,POINT (-91.953484858229 40.984376180666)
2014803318,14004942,06/14/2014,06-June,7-Saturday,11:26,1100 Hours,District 6 (East Central),DELAWARE,DELAWARE,,220TH ST & VIRGINIA ST,Collision with fixed object:  Traffic sign support,On Roadway,Non-collision (single vehicle),Ran off road - right,None Indicated,,Daylight,Dry,Clear,None apparent,Non-intersection:  Non-junction/no special feature,Unpaved,,Possible/Unknown,0,1,0,0,1,0,1700,1,1,,POINT (-91.351441467445 42.470508368984)
2014803485,14-0499,06/14/2014,06-June,7-Saturday,15:40,1500 Hours,District 1 (Central),WINDSOR HEIGHTS,POLK,I-235,I-235,Collision with:  Vehicle in traffic,On Roadway,Rear-end (front to rear),Swerving/Evasive Action,None Indicated,,Daylight,Dry,Clear,None apparent,Interchange-related:  On-ramp merge area,Paved,,Property Damage Only,0,0,0,0,0,0,3500,2,3,,POINT (-93.715378123256 41.592052602488)
2014804223,201402027,06/14/2014,06-June,7-Saturday,07:30,0700 Hours,District 6 (East Central),,LINN,US 151,US 151/WILLIAMS BLVD & DEAN RD SW,Collision with:  Vehicle in traffic,On Roadway,Rear-end (front to rear),"Operating vehicle in an reckless, erratic, careless, negligent manner",Alcohol (Statutory),,Daylight,Dry,Clear,None apparent,Intersection:  Four-way intersection,Paved,,Possible/Unknown,0,1,0,0,1,0,4500,2,3,,POINT (-91.7477734654 41.942272007368)
2014805692,2014035200,06/14/2014,06-June,7-Saturday,21:08,2100 Hours,District 6 (East Central),,BUCHANAN,I-380,I-380,Collision with:  Animal,,,Animal,None Indicated,,,,,,,Paved,,Property Damage Only,0,0,0,0,0,0,2000,1,1,,POINT (-91.991113519437 42.323086680037)
2014803376,201408457,06/14/2014,06-June,7-Saturday,16:10,1600 Hours,District 6 (East Central),CEDAR RAPIDS,LINN,,BLAIRS FERRY RD,Collision with:  Vehicle in traffic,On Roadway,"Angle, oncoming left turn",Other (explain in narrative):  Other,None Indicated,,Daylight,Dry,Cloudy,None apparent,Non-intersection:  Non-junction/no special feature,Paved,,Property Damage Only,0,0,0,0,0,0,2600,2,4,,POINT (-91.680565628532 42.034726794543)
2014803561,2014035064,06/14/2014,06-June,7-Saturday,01:19,0100 Hours,District 1 (Central),,HAMILTON,I-35,I-35,Collision with:  Animal,,,Animal,None Indicated,,,,,,,Paved,,Property Damage Only,0,0,0,0,0,0,2000,1,1,,POINT (-93.570382299502 42.42251609297)
2014803421,14-002581,06/14/2014,06-June,7-Saturday,02:03,0200 Hours,District 1 (Central),ANKENY,POLK,,NE CHAMBERS PKWY,Non-collision events:  Other non-collision (explain in narrative),On Roadway,Non-collision (single vehicle),Ran off road - right,Alcohol (Statutory),,Dark - roadway lighted,Dry,Clear,None apparent,Non-intersection:  Non-junction/no special feature,Paved,,Possible/Unknown,0,1,0,0,0,1,5500,1,1,,POINT (-93.568681493797 41.738868563221)
2014803310,8428-14,06/14/2014,06-June,7-Saturday,13:34,1300 Hours,District 3 (Northwest),SPENCER,CLAY,US 18,US 18/N GRAND AVE & W 8TH ST & E 8TH ST,Collision with:  Vehicle in traffic,On Roadway,Rear-end (front to rear),Followed too close,None Indicated,,Daylight,Wet,Cloudy,None apparent,Intersection:  Four-way intersection,Paved,,Property Damage Only,0,0,0,0,0,0,3000,2,2,,POINT (-95.144995436167 43.145726508632)
2014803314,2014-2679,06/14/2014,06-June,7-Saturday,00:10,0000 Hours,District 4 (Southwest),URBANDALE,DALLAS,,W AVE,Collision with:  Vehicle in traffic,On Roadway,"Sideswipe, same direction",Crossed centerline (undivided),None Indicated,,Dark - roadway not lighted,Dry,Clear,None apparent,Non-intersection:  Non-junction/no special feature,Paved,,Property Damage Only,0,0,0,0,0,0,1700,2,4,,POINT (-93.852856105175 41.649589338587)
2014803615,,06/14/2014,06-June,7-Saturday,11:16,1100 Hours,District 5 (Southeast),,MUSCATINE,,,Non-collision events:  Overturn/rollover,Median,Non-collision (single vehicle),Downhill runaway,None Indicated,,Daylight,Dry,Clear,None apparent,Non-intersection:  Non-junction/no special feature,,,Property Damage Only,0,0,0,0,0,0,1500,1,3,,POINT (-96.643700149993 40.233091251414)
2014804355,,06/14/2014,06-June,7-Saturday,10:50,1000 Hours,District 6 (East Central),DE WITT,CLINTON,,10TH ST,Collision with:  Vehicle in traffic,On Roadway,Rear-end (front to rear),FTYROW:  From parked position,None Indicated,,Daylight,Dry,Clear,None apparent,Non-intersection:  Non-junction/no special feature,Paved,,Property Damage Only,0,0,0,0,0,0,1500,2,2,,POINT (-90.540277760474 41.825185322004)
2014803795,14-20262,06/14/2014,06-June,7-Saturday,16:05,1600 Hours,District 5 (Southeast),,DES MOINES,US 61,US 61,Collision with:  Animal,,Non-collision (single vehicle),Animal,None Indicated,,,,,,,Paved,,Property Damage Only,0,0,0,0,0,0,3000,1,1,,POINT (-91.169959610575 40.990929758102)
2014803503,14-024592,06/14/2014,06-June,7-Saturday,16:45,1600 Hours,District 4 (Southwest),COUNCIL BLUFFS,POTTAWATTAMIE,,AVE D,Collision with:  Parked motor vehicle,Unknown,"Sideswipe, opposite direction",Unknown,None Indicated,,Daylight,Dry,Unknown,Unknown,Unknown,Paved,,Property Damage Only,0,0,0,0,0,0,3000,2,1,,POINT (-95.871262597797 41.26529856739)
2014803498,14-024540,06/14/2014,06-June,7-Saturday,13:30,1300 Hours,District 4 (Southwest),COUNCIL BLUFFS,POTTAWATTAMIE,IA 192,IA 192/N 16TH ST & AVE G,Collision with:  Vehicle in traffic,On Roadway,Broadside (front to side),FTYROW:  Making left turn,None Indicated,,Daylight,Dry,Cloudy,None apparent,Non-intersection:  Other non-intersection (explain in narrative),Paved,,Possible/Unknown,0,1,0,0,1,0,3750,2,3,,POINT (-95.86747827578 41.268013803864)
2014803279,14059027,06/14/2014,06-June,7-Saturday,13:45,1300 Hours,District 2 (Northeast),CEDAR FALLS,BLACK HAWK,IA 27,IA 27/SPECIAL CASE/SE RAMP & 18TH ST,Collision with:  Vehicle in traffic,On Roadway,Rear-end (front to rear),Other (explain in narrative):  Other,Refused,,Daylight,Dry,Clear,None apparent,Intersection:  Intersection with ramp,Paved,,Property Damage Only,0,0,0,0,0,0,5000,2,5,,POINT (-92.441365072538 42.521782772468)
2014812838,14-004102,06/14/2014,06-June,7-Saturday,21:45,2100 Hours,District 3 (Northwest),,PALO ALTO,IA 4,IA 4/460 AVE,Collision with:  Animal,,,Animal,None Indicated,,,,,,,Paved,,Property Damage Only,0,0,0,0,0,0,3000,1,1,,POINT (-94.678567098843 42.948898998403)
2014803467,20140016751,06/14/2014,06-June,7-Saturday,16:15,1600 Hours,District 1 (Central),DES MOINES,POLK,,E ARMY POST RD,Non-collision events:  Other non-collision (explain in narrative),On Roadway,Non-collision (single vehicle),Lost Control,None Indicated,,Daylight,Dry,Cloudy,None apparent,Non-intersection:  Non-junction/no special feature,Paved,,Minor Injury,0,1,0,1,0,0,1500,1,1,,POINT (-93.576823634055 41.526186200389)
2014804329,2014035106,06/14/2014,06-June,7-Saturday,09:46,0900 Hours,District 2 (Northeast),,CLAYTON,US 18,US 18 & Co Rd W70/DOGWOOD AVE,Collision with:  Vehicle in traffic,On Roadway,Broadside (front to side),FTYROW:  From stop sign,None Indicated,,Daylight,Dry,Cloudy,None apparent,Intersection:  Four-way intersection,Paved,,Minor Injury,0,2,0,2,0,0,5500,2,4,,POINT (-91.488981580285 43.054852793956)
2014803800,80-14-188,06/14/2014,06-June,7-Saturday,03:47,0300 Hours,District 2 (Northeast),HUMBOLDT,HUMBOLDT,,6TH AVE N,Collision with fixed object:  Bridge pier or support,On Roadway,Non-collision (single vehicle),Lost Control,Alcohol (Statutory),,Dark - roadway lighted,Dry,Clear,None apparent,Non-intersection:  Other non-intersection (explain in narrative),Paved,,Property Damage Only,0,0,0,0,0,0,3000,1,1,,POINT (-94.207807974978 42.728102738735)
2014803904,2014-39440,06/14/2014,06-June,7-Saturday,15:56,1500 Hours,District 6 (East Central),DAVENPORT,SCOTT,US 6,US 6/W KIMBERLY RD & N DIVISION ST,Collision with:  Vehicle in traffic,On Roadway,Broadside (front to side),Ran Traffic Signal,None Indicated,,Daylight,Dry,Clear,None apparent,Intersection:  Four-way intersection,Paved,,Property Damage Only,0,0,0,0,0,0,7500,2,2,,POINT (-90.600667262592 41.560041134558)
2014803502,14-024570,06/14/2014,06-June,7-Saturday,17:34,1700 Hours,District 4 (Southwest),COUNCIL BLUFFS,POTTAWATTAMIE,IA 192,IA 192/S 7TH ST & W BROADWAY,Collision with:  Vehicle in traffic,On Roadway,Broadside (front to side),Ran Traffic Signal,None Indicated,,Daylight,Dry,Clear,None apparent,Intersection:  Four-way intersection,Paved,,Possible/Unknown,0,1,0,0,1,0,3000,2,5,,POINT (-95.853670051348 41.26150333487)
2014803478,14-2802,06/14/2014,06-June,7-Saturday,16:56,1600 Hours,District 4 (Southwest),WEST DES MOINES,DALLAS,,JORDAN CREEK PKWY,Collision with:  Vehicle in traffic,On Roadway,Rear-end (front to rear),Driver Distraction:  Manual operation of an electronic communication device,None Indicated,,Daylight,Dry,Clear,None apparent,Non-intersection:  Non-junction/no special feature,Paved,,Property Damage Only,0,0,0,0,0,0,1800,2,5,,POINT (-93.809247654531 41.572442967849)
2014803637,CL14001982,06/14/2014,06-June,7-Saturday,19:25,1900 Hours,District 6 (East Central),CLINTON,CLINTON,US 67,US 67/N 2ND ST,Collision with fixed object:  Other fixed object (explain in narrative),Outside trafficway,Rear-end (front to rear),Ran off road - straight,None Indicated,,Daylight,Dry,Cloudy,None apparent,Non-intersection:  Driveway access (within),Paved,,Possible/Unknown,0,1,0,0,1,0,10000,2,4,,POINT (-90.185893643044 41.855381763682)
2014804022,14-020316,06/14/2014,06-June,7-Saturday,22:01,2200 Hours,District 5 (Southeast),WEST BURLINGTON,DES MOINES,US 34,US 34,Collision with fixed object:  Guardrail - face,On Roadway,Non-collision (single vehicle),Swerving/Evasive Action,None Indicated,,Dark - roadway lighted,Dry,Cloudy,Work Zone (roadway-related),Non-intersection:  Non-junction/no special feature,Paved,Yes,Minor Injury,0,1,0,1,0,0,6000,1,2,,POINT (-91.159394361901 40.815732503776)
2014803679,20140016761,06/14/2014,06-June,7-Saturday,18:14,1800 Hours,District 1 (Central),DES MOINES,POLK,US 69,US 69/SE 14TH ST,Collision with:  Vehicle in traffic,On Roadway,"Angle, oncoming left turn",Exceeded authorized speed,None Indicated,,Daylight,Dry,Cloudy,None apparent,Non-intersection:  Crossover-related,Paved,,Fatal,1,0,0,0,0,0,6000,2,4,,POINT (-93.596835025426 41.554277033468)
2014803653,14-017670,06/14/2014,06-June,7-Saturday,20:52,2000 Hours,District 5 (Southeast),,LEE,US 61,US 61,Collision with:  Animal,,Non-collision (single vehicle),Animal,None Indicated,,,,,,,Paved,,Property Damage Only,0,0,0,0,0,0,3500,1,1,,POINT (-91.442118884922 40.449917757942)
2014803644,14-004935,06/14/2014,06-June,7-Saturday,04:15,0400 Hours,District 6 (East Central),MANCHESTER,DELAWARE,,W MAIN ST,Collision with:  Animal,,,Animal,None Indicated,,,,,,,Paved,,Property Damage Only,0,0,0,0,0,0,1500,1,1,,POINT (-91.481326512907 42.483821566008)
2014803275,14008505,06/14/2014,06-June,7-Saturday,18:49,1800 Hours,District 5 (Southeast),CENTERVILLE,APPANOOSE,,N 13TH ST,Collision with:  Vehicle in traffic,Roadside,Rear-end (front to rear),FTYROW:  From parked position,None Indicated,,Daylight,Dry,Clear,None apparent,Non-intersection:  Non-junction/no special feature,Paved,,Property Damage Only,0,0,0,0,0,0,3100,2,3,,POINT (-92.87324706335 40.733117629246)
2014803710,S79140191,06/14/2014,06-June,7-Saturday,04:15,0400 Hours,District 1 (Central),,POWESHIEK,I-80,I-80,Collision with:  Animal,On Roadway,Non-collision (single vehicle),Animal,None Indicated,,Dark - unknown roadway lighting,Dry,Clear,None apparent,Non-intersection:  Non-junction/no special feature,Paved,,Property Damage Only,0,0,0,0,0,0,2500,1,3,,POINT (-92.565798273577 41.696428606107)
2014803988,14-059138,06/14/2014,06-June,7-Saturday,20:07,2000 Hours,District 2 (Northeast),LA PORTE CITY,BLACK HAWK,,HAMMOND AVE,Non-collision events:  Overturn/rollover,Outside trafficway,Non-collision (single vehicle),Swerving/Evasive Action,None Indicated,,Dusk,Dry,Cloudy,None apparent,Non-intersection:  Non-junction/no special feature,Unpaved,,Minor Injury,0,4,0,4,0,0,10000,1,4,,POINT (-92.337910062095 42.324920149343)