Iowa DOT Case Number,Law Enforcement Case Number,Date of Crash,Month of Crash,Day of Week,Time of Crash,Hour,DOT District,City Name,County Name,Route with System,Location Description,First Harmful Event,Location of First Harmful Event,Manner of Crash/Collision,Major Cause,Drug or Alcohol ,Environmental Conditions,Light Conditions,Surface Conditions,Weather Conditions,Roadway Contribution,Roadway Type,Roadway Surface,Work Zone,Crash Severity,Number of Fatalities,Number of Injuries,Number of Major Injuries,Number of Minor Injuries,Number of Possible Injuries,Number of Unknown Injuries,Amount of Property Damage,Number of Vehicles Involved,Total Number of Occupants,Travel Direction,Location
2014803823,2014006513,06/14/2014,06-June,7-Saturday,16:18,1600 Hours,District 6 (East Central),IOWA CITY,JOHNSON,US 6,US 6 & S GILBERT ST,Collision with:  Vehicle in traffic,On Roadway,Rear-end (front to rear),Followed too close,None Indicated,,Daylight,Dry,Cloudy,None apparent,Intersection:  Four-way intersection,Paved,,Minor Injury,0,2,0,1,1,0,12500,2,4,,POINT (-91.532219390332 41.645515861008)
2014803497,14-024509,06/14/2014,06-June,7-Saturday,09:55,0900 Hours,District 4 (Southwest),COUNCIL BLUFFS,POTTAWATTAMIE,,METRO DR,Collision with:  Vehicle in traffic,On Roadway,Broadside (front to side),FTYROW:  From stop sign,None Indicated,,Daylight,Dry,Cloudy,None apparent,Non-intersection:  Driveway access (within),Paved,,Possible/Unknown,0,1,0,0,1,0,3000,2,3,,POINT (-95.839316689811 41.224716119427)
2014804148,E1458932,06/14/2014,06-June,7-Saturday,03:25,0300 Hours,District 2 (Northeast),EVANSDALE,BLACK HAWK,I-380,I-380,Collision with:  Animal,On Roadway,Non-collision (single vehicle),Animal,None Indicated,,Dark - roadway not lighted,Dry,Clear,None apparent,Non-intersection:  Non-junction/no special feature,Paved,,Possible/Unknown,0,1,0,0,1,0,3500,1,3,,POINT (-92.283821242724 42.460288238468)
2014803382,201408443,06/14/2014,06-June,7-Saturday,13:11,1300 Hours,District 6 (East Central),CEDAR RAPIDS,LINN,I-380,I-380,Collision with fixed object:  Concrete traffic barrier (median or right side),On Roadway,Non-collision (single vehicle),Swerving/Evasive Action,None Indicated,,Daylight,Dry,Clear,None apparent,Non-intersection:  Other non-intersection (explain in narrative),Paved,,Possible/Unknown,0,1,0,0,1,0,6000,1,1,,POINT (-91.670761420799 41.961949920611)
2014803916,14-002842,06/14/2014,06-June,7-Saturday,13:05,1300 Hours,District 1 (Central),AMES,STORY,US 69,US 69/S DUFF AVE,Collision with:  Vehicle in traffic,On Roadway,Rear-end (front to rear),Followed too close,None Indicated,,Daylight,Dry,Clear,None apparent,Non-intersection:  Non-junction/no special feature,Paved,,Property Damage Only,0,0,0,0,0,0,12100,3,4,,POINT (-93.610343695914 42.016820935133)
2014803562,2014035129,06/14/2014,06-June,7-Saturday,13:25,1300 Hours,District 1 (Central),,HAMILTON,,Co Rd R21/STAGECOACH RD & BIG BEAR RD,Non-collision events:  Overturn/rollover,Shoulder,Non-collision (single vehicle),Driving too fast for conditions,None Indicated,,Daylight,Dry,Cloudy,None apparent,Non-intersection:  Non-junction/no special feature,Paved,,Minor Injury,0,1,0,1,0,0,8100,1,1,,POINT (-93.920116339741 42.335973538357)
2014803499,14-024544,06/14/2014,06-June,7-Saturday,14:02,1400 Hours,District 4 (Southwest),COUNCIL BLUFFS,POTTAWATTAMIE,I-80,I-80,Non-collision events:  Other non-collision (explain in narrative),On Roadway,Non-collision (single vehicle),Crossed centerline (undivided),None Indicated,,Daylight,Dry,Cloudy,None apparent,Interchange-related:  On-ramp merge area,Paved,,Possible/Unknown,0,1,0,0,1,0,3000,2,2,,POINT (-95.788270057572 41.274311007173)
2014803979,,06/14/2014,06-June,7-Saturday,14:21,1400 Hours,District 2 (Northeast),GREENE,BUTLER,,TRAER ST,Collision with:  Parked motor vehicle,On Roadway,Head-on (front to front),Swerving/Evasive Action,None Indicated,,Daylight,Dry,Clear,None apparent,Non-intersection:  Non-junction/no special feature,Paved,,Property Damage Only,0,0,0,0,0,0,44300,2,2,,POINT (-92.801422020287 42.896144063966)
2014803396,14-014261,06/14/2014,06-June,7-Saturday,02:44,0200 Hours,District 5 (Southeast),,MARION,,Co Rd G76/HWY G76,Collision with:  Animal,,,Animal,None Indicated,,,,,,,Paved,,Property Damage Only,0,0,0,0,0,0,2500,1,1,,POINT (-93.175602125861 41.211951628101)
2014803375,201408452,06/14/2014,06-June,7-Saturday,14:49,1400 Hours,District 6 (East Central),CEDAR RAPIDS,LINN,,MARION BLVD & TAMA ST SE,Collision with:  Vehicle in traffic,On Roadway,Head-on (front to front),Unknown,None Indicated,,Daylight,Dry,Cloudy,None apparent,Intersection:  Four-way intersection,Paved,,Property Damage Only,0,0,0,0,0,0,1500,2,4,,POINT (-91.619256706987 42.026827472811)
2014803288,W14-058924,06/14/2014,06-June,7-Saturday,03:06,0300 Hours,District 2 (Northeast),WATERLOO,BLACK HAWK,,HAWTHORNE AVE,Collision with:  Vehicle in traffic,On Roadway,Rear-end (front to rear),Other (explain in narrative):  Other,Alcohol (Statutory),,Dark - roadway lighted,Dry,Clear,None apparent,Non-intersection:  Non-junction/no special feature,Paved,,Property Damage Only,0,0,0,0,0,0,10000,2,1,,POINT (-92.332298660888 42.481177321103)
2014810245,2014003356,06/14/2014,06-June,7-Saturday,11:25,1100 Hours,District 6 (East Central),,BENTON,,20 AVE,Collision with fixed object:  Ditch,Roadside,Non-collision (single vehicle),Ran off road - left,None Indicated,,Daylight,Dry,Clear,None apparent,Non-intersection:  Non-junction/no special feature,Paved,,Minor Injury,0,1,0,1,0,0,1000,1,1,,POINT (-92.099990271645 41.87732084048)
2014803902,2014-39359,06/14/2014,06-June,7-Saturday,03:24,0300 Hours,District 6 (East Central),DAVENPORT,SCOTT,,N PINE ST & NORTHWEST BLVD,Collision with fixed object:  Curb/island/raised median,Shoulder,Non-collision (single vehicle),Driving too fast for conditions,None Indicated,,Dark - roadway lighted,Dry,Clear,None apparent,Intersection:  Other intersection (explain in narrative),Paved,,Major Injury,0,1,1,0,0,0,15000,1,1,,POINT (-90.609349183189 41.587016077645)
2014803483,14-2795,06/14/2014,06-June,7-Saturday,13:00,1300 Hours,District 1 (Central),WEST DES MOINES,POLK,I-35,I-35,Collision with:  Vehicle in traffic,On Roadway,Rear-end (front to rear),Followed too close,None Indicated,,Daylight,Dry,Cloudy,Work Zone (roadway-related),Interchange-related:  On-ramp merge area,Paved,Yes,Property Damage Only,0,0,0,0,0,0,5500,2,2,,POINT (-93.776331427877 41.562176492295)
2014803482,14-2800,06/14/2014,06-June,7-Saturday,15:30,1500 Hours,District 4 (Southwest),WEST DES MOINES,DALLAS,,98TH ST,Non-collision events:  Overturn/rollover,On Roadway,Non-collision (single vehicle),Driving too fast for conditions,None Indicated,,Daylight,"Mud, dirt",Cloudy,None apparent,Non-intersection:  Non-junction/no special feature,Unpaved,,Property Damage Only,0,0,0,0,0,0,4000,1,2,,POINT (-93.842865548 41.594350153443)
2014803967,2014035128,06/14/2014,06-June,7-Saturday,12:55,1200 Hours,District 6 (East Central),,BENTON,US 151,US 151/79 ST,Collision with:  Other non-fixed object (explain in narrative),On Roadway,Non-collision (single vehicle),Other (explain in narrative):  No improper action,None Indicated,,Daylight,Dry,Clear,None apparent,Non-intersection:  Non-junction/no special feature,Paved,,Property Damage Only,0,0,0,0,0,0,1500,1,4,,POINT (-91.863730222281 41.876216860624)
2014803630,1406142771,06/14/2014,06-June,7-Saturday,19:58,1900 Hours,District 6 (East Central),,CLINTON,,245 ST,Non-collision events:  Overturn/rollover,Outside trafficway,Non-collision (single vehicle),Swerving/Evasive Action,None Indicated,,Dusk,Dry,Clear,None apparent,Non-intersection:  Non-junction/no special feature,Paved,,Possible/Unknown,0,1,0,0,1,0,10050,1,1,,POINT (-90.508681322578 41.824305835462)
2014805183,2014035222,06/14/2014,06-June,7-Saturday,22:30,2200 Hours,District 5 (Southeast),,HENRY,US 34,US 34,Collision with fixed object:  Bridge overhead structure,On Roadway,Non-collision (single vehicle),Other (explain in narrative):  Other,None Indicated,,Dark - roadway not lighted,Dry,Clear,None apparent,Non-intersection:  Other non-intersection (explain in narrative),Paved,,Property Damage Only,0,0,0,0,0,0,8802,1,1,,POINT (-91.678026410238 40.975240609798)
2014803466,20140016739,06/14/2014,06-June,7-Saturday,13:16,1300 Hours,District 1 (Central),DES MOINES,POLK,,GRAND AVE & 8TH ST,Collision with:  Vehicle in traffic,On Roadway,Broadside (front to side),Ran Traffic Signal,None Indicated,,Daylight,Dry,Clear,None apparent,Intersection:  Four-way intersection,Paved,,Property Damage Only,0,0,0,0,0,0,6000,2,2,,POINT (-93.627779849738 41.587232010463)
2014803322,14-20185,06/14/2014,06-June,7-Saturday,01:27,0100 Hours,District 5 (Southeast),BURLINGTON,DES MOINES,,GARFIELD AVE,Collision with fixed object:  Utility pole/light support,On Roadway,Non-collision (single vehicle),Other (explain in narrative):  Other,None Indicated,,Dark - roadway lighted,Dry,Clear,None apparent,Non-intersection:  Non-junction/no special feature,Paved,,Property Damage Only,0,0,0,0,0,0,5000,1,1,,POINT (-91.120266229114 40.793951069124)
2014803343,02-14-9082,06/14/2014,06-June,7-Saturday,20:06,2000 Hours,District 6 (East Central),,DUBUQUE,US 151,US 151,Collision with:  Animal,,,Animal,None Indicated,,,,,,,Paved,,Property Damage Only,0,0,0,0,0,0,4000,1,1,,POINT (-90.764341401753 42.390819194581)
2014803468,20140016757,06/14/2014,06-June,7-Saturday,17:35,1700 Hours,District 1 (Central),DES MOINES,POLK,,HICKMAN RD & MLK JR PKWY,Collision with:  Vehicle in traffic,On Roadway,"Sideswipe, same direction",Other (explain in narrative):  No improper action,None Indicated,,Daylight,Dry,Clear,None apparent,Non-intersection:  Non-junction/no special feature,Paved,,Property Damage Only,0,0,0,0,0,0,2150,2,13,,POINT (-93.646485566927 41.61505975822)
2014803378,201408456,06/14/2014,06-June,7-Saturday,16:14,1600 Hours,District 6 (East Central),CEDAR RAPIDS,LINN,,WILSON AVE SW & ILLINOIS ST SW,Collision with:  Vehicle in traffic,On Roadway,Rear-end (front to rear),Followed too close,None Indicated,,Daylight,Dry,Clear,None apparent,Intersection:  T-intersection,Paved,,Possible/Unknown,0,1,0,0,1,0,6000,2,6,,POINT (-91.675517199717 41.9560606197)
2014803968,2014035193,06/14/2014,06-June,7-Saturday,20:00,2000 Hours,District 6 (East Central),,JOHNSON,,MEHAFFEY BRIDGE RD & ANGLERS POINT RD NE,Non-collision events:  Overturn/rollover,On Roadway,Non-collision (single vehicle),Swerving/Evasive Action,None Indicated,,Dusk,Dry,Clear,Debris,Non-intersection:  Non-junction/no special feature,Paved,,Major Injury,0,1,1,0,0,0,1000,1,1,,POINT (-91.546203643776 41.792386924421)
2014803526,14S00871,06/14/2014,06-June,7-Saturday,18:18,1800 Hours,District 4 (Southwest),,UNION,,Co Rd P43/LARK AVE,Non-collision events:  Overturn/rollover,On Roadway,Non-collision (single vehicle),Separation of units,None Indicated,,Daylight,Dry,Cloudy,None apparent,Non-intersection:  Non-junction/no special feature,Unpaved,,Possible/Unknown,0,1,0,0,1,0,2500,2,1,,POINT (-94.260966883969 41.129859310527)
2014804016,8454-14,06/14/2014,06-June,7-Saturday,21:50,2100 Hours,District 3 (Northwest),SPENCER,CLAY,US 18,US 18/N GRAND AVE,Collision with:  Vehicle in traffic,On Roadway,Rear-end (front to rear),Followed too close,None Indicated,,Dark - roadway lighted,Wet,Cloudy,None apparent,Non-intersection:  Alley,Paved,,Property Damage Only,0,0,0,0,0,0,1900,2,2,,POINT (-95.144623554256 43.140015659214)
2014803681,20140016805,06/14/2014,06-June,7-Saturday,23:30,2300 Hours,District 1 (Central),DES MOINES,POLK,US 6,US 6/DOUGLAS AVE/EUCLID AVE & MLK JR PKWY,Collision with:  Parked motor vehicle,Outside trafficway,Unknown,Unknown,None Indicated,,Dark - roadway lighted,Dry,Clear,Unknown,Non-intersection:  Driveway access (within),Paved,,Property Damage Only,0,0,0,0,0,0,1500,2,1,,POINT (-93.651426123348 41.627732011638)
2014803460,20140016787,06/14/2014,06-June,7-Saturday,22:10,2200 Hours,District 1 (Central),DES MOINES,POLK,,E PORTER AVE & SE 1ST CT,Collision with fixed object:  Curb/island/raised median,On Roadway,Non-collision (single vehicle),Traveling wrong way or on wrong side of road,None Indicated,,Dark - roadway not lighted,Dry,Clear,None apparent,Non-intersection:  Non-junction/no special feature,Paved,,Major Injury,0,2,1,0,0,1,4001,1,2,,POINT (-93.614339013462 41.533657160505)
2014906649,2014035056,06/14/2014,06-June,7-Saturday,23:00,2300 Hours,District 2 (Northeast),CLEAR LAKE,CERRO GORDO,,4TH AVE S & S 40TH ST,Collision with fixed object:  Ditch,Roadside,Non-collision (single vehicle),Ran Stop Sign,Alcohol (< Statutory),,Dark - roadway not lighted,Dry,Clear,None apparent,Intersection:  T-intersection,Paved,,Property Damage Only,0,0,0,0,0,0,6000,1,2,,POINT (-93.339634730865 43.133654043676)
2014803942,14-18784,06/14/2014,06-June,7-Saturday,21:59,2100 Hours,District 3 (Northwest),SIOUX CITY,WOODBURY,,W 4TH ST,Collision with:  Vehicle in traffic,On Roadway,"Angle, oncoming left turn",FTYROW:  Making left turn,None Indicated,,Dark - roadway lighted,Wet,Rain,None apparent,Intersection:  T-intersection,Paved,,Property Damage Only,0,0,0,0,0,0,2200,2,2,,POINT (-96.421043546029 42.500383881382)
2014803758,,06/14/2014,06-June,7-Saturday,12:30,1200 Hours,District 6 (East Central),ROBINS,LINN,,CENTER POINT RD & W MAIN ST,Collision with:  Vehicle in traffic,On Roadway,Broadside (front to side),FTYROW:  From stop sign,None Indicated,,Daylight,Dry,Clear,None apparent,Intersection:  T-intersection,Paved,,Property Damage Only,0,0,0,0,0,0,8000,2,2,,POINT (-91.692065522067 42.081304084783)
2014803905,2014-39441,06/14/2014,06-June,7-Saturday,15:59,1500 Hours,District 6 (East Central),DAVENPORT,SCOTT,US 67,US 67/E RIVER DR & MCCLELLAN BLVD,Collision with:  Vehicle in traffic,On Roadway,Head-on (front to front),Crossed centerline (undivided),None Indicated,,Daylight,Dry,Clear,None apparent,Non-intersection:  Non-junction/no special feature,Paved,,Minor Injury,0,1,0,1,0,0,2000,2,2,,POINT (-90.538452548186 41.528887246123)
2014803906,2014-39466,06/14/2014,06-June,7-Saturday,19:14,1900 Hours,District 6 (East Central),DAVENPORT,SCOTT,,IA 461/BRADY ST & W 3RD ST & E 3RD ST,Collision with:  Vehicle in traffic,On Roadway,"Sideswipe, same direction",Ran Traffic Signal,None Indicated,,Daylight,Dry,Cloudy,None apparent,Intersection:  Four-way intersection,Paved,,Minor Injury,0,1,0,1,0,0,3000,2,2,,POINT (-90.574063088526 41.522421256536)
2014811319,2014061401,06/14/2014,06-June,7-Saturday,12:40,1200 Hours,District 4 (Southwest),SHENANDOAH,PAGE,,ANNA CROSE HWY & SUNSET BLVD,Collision with:  Vehicle in traffic,On Roadway,Broadside (front to side),FTYROW:  From stop sign,None Indicated,,Daylight,Dry,Clear,None apparent,Intersection:  T-intersection,Paved,,Property Damage Only,0,0,0,0,0,0,3000,2,4,,POINT (-95.368546985071 40.754242570576)
2014803822,2014006501,06/14/2014,06-June,7-Saturday,10:36,1000 Hours,District 6 (East Central),IOWA CITY,JOHNSON,IA 1,IA 1/E BURLINGTON ST/DODGE ST,Collision with:  Vehicle in traffic,On Roadway,"Sideswipe, same direction",Made improper turn,None Indicated,,Daylight,Dry,Clear,None apparent,Non-intersection:  Non-junction/no special feature,Paved,,Property Damage Only,0,0,0,0,0,0,6000,2,2,,POINT (-91.525779053673 41.657808855884)
2014818573,14-008125,06/14/2014,06-June,7-Saturday,15:33,1500 Hours,District 4 (Southwest),,CASS,I-80,I-80,Collision with:  Vehicle in traffic,On Roadway,Rear-end (front to rear),Driver Distraction:  Inattentive/lost in thought,None Indicated,,Daylight,Dry,Clear,None apparent,Non-intersection:  Non-junction/no special feature,Paved,,Property Damage Only,0,0,0,0,0,0,4500,2,6,,POINT (-94.962766467611 41.497181556593)
2014803426,20140016709,06/14/2014,06-June,7-Saturday,01:47,0100 Hours,District 1 (Central),DES MOINES,POLK,,HIGH ST & 8TH ST,Collision with:  Vehicle in traffic,On Roadway,Broadside (front to side),Ran Traffic Signal,Under Influence of Alcohol/Drugs/Medications,,Dark - roadway lighted,Dry,Clear,None apparent,Intersection:  Four-way intersection,Paved,,Property Damage Only,0,0,0,0,0,0,17000,2,3,,POINT (-93.628026593657 41.587933228442)
2014803484,14-2790,06/14/2014,06-June,7-Saturday,03:22,0300 Hours,District 1 (Central),WEST DES MOINES,POLK,,LOCUST ST,Collision with:  Parked motor vehicle,On Roadway,Rear-end (front to rear),Unknown,None Indicated,,Dark - roadway lighted,Dry,Cloudy,None apparent,Non-intersection:  Non-junction/no special feature,Paved,,Property Damage Only,0,0,0,0,0,0,1500,2,1,,POINT (-93.723532521027 41.575536346191)
2014803903,2014-39397,06/14/2014,06-June,7-Saturday,10:07,1000 Hours,District 6 (East Central),DAVENPORT,SCOTT,US 67,US 67/W RIVER DR & RIPLEY ST,Collision with:  Vehicle in traffic,On Roadway,"Sideswipe, same direction",FTYROW:  From parked position,None Indicated,,Daylight,Dry,Clear,None apparent,Intersection:  Four-way intersection,Paved,,Property Damage Only,0,0,0,0,0,0,3000,2,2,,POINT (-90.578483227389 41.520226832305)
2014803338,01-14-25761,06/14/2014,06-June,7-Saturday,12:14,1200 Hours,District 6 (East Central),DUBUQUE,DUBUQUE,,JACKSON ST,Collision with:  Vehicle in traffic,On Roadway,Rear-end (front to rear),Lost Control,None Indicated,,Daylight,Dry,Clear,None apparent,Non-intersection:  Non-junction/no special feature,Paved,,Property Damage Only,0,0,0,0,0,0,9500,2,2,,POINT (-90.67468816512 42.520854228024)
2014804122,201400028581,06/14/2014,06-June,7-Saturday,02:39,0200 Hours,District 5 (Southeast),OTTUMWA,WAPELLO,,N COURT ST,Collision with fixed object:  Other fixed object (explain in narrative),On Roadway,Non-collision (single vehicle),Ran Stop Sign,Refused,,Dark - roadway lighted,Dry,Clear,None apparent,Intersection:  Four-way intersection,Paved,,Property Damage Only,0,0,0,0,0,0,4500,1,1,,POINT (-92.405838705396 41.038383261399)
2014803297,061414-124,06/14/2014,06-June,7-Saturday,12:15,1200 Hours,District 3 (Northwest),STORM LAKE,BUENA VISTA,,LAKE AVE,Collision with:  Vehicle in traffic,On Roadway,Rear-end (front to rear),Followed too close,None Indicated,,Daylight,Dry,Clear,None apparent,Non-intersection:  Non-junction/no special feature,Paved,,Minor Injury,0,2,0,1,1,0,4000,2,3,,POINT (-95.200785791012 42.65827498382)
2014803762,,06/14/2014,06-June,7-Saturday,21:13,2100 Hours,District 6 (East Central),,DUBUQUE,US 20,US 20,Collision with:  Animal,On Roadway,Non-collision (single vehicle),Animal,None Indicated,,Dark - roadway lighted,Dry,Clear,,Non-intersection:  Non-junction/no special feature,Paved,,Property Damage Only,0,0,0,0,0,0,3000,1,2,,POINT (-91.060251774189 42.460752700504)
2014804123,201400028703,06/14/2014,06-June,7-Saturday,22:52,2200 Hours,District 5 (Southeast),OTTUMWA,WAPELLO,,S LILLIAN ST,Collision with fixed object:  Ditch,On Roadway,Non-collision (single vehicle),Ran off road - left,Alcohol (Statutory),,Dark - roadway lighted,Dry,Clear,None apparent,Non-intersection:  Non-junction/no special feature,Paved,,Property Damage Only,0,0,0,0,0,0,1500,1,1,,POINT (-92.430060180434 40.990230891115)
2014803729,2014-12619,06/14/2014,06-June,7-Saturday,15:24,1500 Hours,District 5 (Southeast),NEW VIRGINIA,WARREN,,Co Rd G72/TYLER ST,Collision with fixed object:  Ditch,On Roadway,Non-collision (single vehicle),Ran off road - left,None Indicated,,Daylight,Dry,Severe winds,None apparent,Non-intersection:  Non-junction/no special feature,Unpaved,,Major Injury,0,1,1,0,0,0,8000,1,1,,POINT (-93.453675143954 41.203904511241)
2014803490,S14-002160,06/14/2014,06-June,7-Saturday,11:40,1100 Hours,District 4 (Southwest),AVOCA,POTTAWATTAMIE,US 59,US 59,Collision with:  Vehicle in traffic,On Roadway,Broadside (front to side),FTYROW:  From stop sign,None Indicated,,Daylight,Dry,Clear,None apparent,Intersection:  Other intersection (explain in narrative),Paved,,Possible/Unknown,0,1,0,0,1,0,8000,2,2,,POINT (-95.336287842832 41.491584785819)
2014803459,20140016758,06/14/2014,06-June,7-Saturday,17:40,1700 Hours,District 1 (Central),DES MOINES,POLK,,3RD ST,Collision with:  Vehicle in traffic,Roadside,"Sideswipe, same direction",Unknown,None Indicated,,Daylight,Dry,Cloudy,None apparent,Non-intersection:  Non-junction/no special feature,Paved,,Property Damage Only,0,0,0,0,0,0,1500,2,1,,POINT (-93.62115431559 41.633213812688)
2014803372,2014006487,06/14/2014,06-June,7-Saturday,01:38,0100 Hours,District 6 (East Central),IOWA CITY,JOHNSON,US 218,US 218/NW RAMP CURV,Collision with fixed object:  Guardrail - face,On Roadway,Non-collision (single vehicle),Animal,None Indicated,,Dark - roadway not lighted,Dry,Clear,None apparent,Interchange-related:  Off-ramp,Paved,,Property Damage Only,0,0,0,0,0,0,3500,1,1,,POINT (-91.601874625343 41.659507413727)
2014803292,14-10800,06/14/2014,06-June,7-Saturday,13:34,1300 Hours,District 2 (Northeast),JANESVILLE,BREMER,US 218,US 218,Collision with:  Other non-fixed object (explain in narrative),On Roadway,Non-collision (single vehicle),Swerving/Evasive Action,None Indicated,,Daylight,Dry,Cloudy,None apparent,Non-intersection:  Non-junction/no special feature,Paved,,Property Damage Only,0,0,0,0,0,0,2300,2,3,,POINT (-92.469370310864 42.654993201455)
2014803323,14-20278,06/14/2014,06-June,7-Saturday,00:30,0000 Hours,District 5 (Southeast),BURLINGTON,DES MOINES,,ELM ST & 3RD ST,Collision with:  Parked motor vehicle,On Roadway,Rear-end (front to rear),Unknown,None Indicated,,Dark - roadway not lighted,Dry,Clear,None apparent,Non-intersection:  Non-junction/no special feature,Paved,,Property Damage Only,0,0,0,0,0,0,1500,2,1,,POINT (-91.10349706179 40.805945235719)
2014803500,14-024548,06/14/2014,06-June,7-Saturday,14:30,1400 Hours,District 4 (Southwest),COUNCIL BLUFFS,POTTAWATTAMIE,I-480,I-480,Collision with:  Vehicle in traffic,On Roadway,Rear-end (front to rear),Equipment failure,None Indicated,,Daylight,Dry,Clear,Obstruction in roadway,Non-intersection:  Non-junction/no special feature,Paved,,Possible/Unknown,0,2,0,0,2,0,3500,2,3,,POINT (-95.917096532997 41.260434840359)
2014808763,14-032,06/14/2014,06-June,7-Saturday,10:19,1000 Hours,District 3 (Northwest),POMEROY,CALHOUN,,TWIN LAKES RD,Collision with:  Parked motor vehicle,On Roadway,"Sideswipe, same direction","Operating vehicle in an reckless, erratic, careless, negligent manner",None Indicated,,Daylight,Dry,Clear,None apparent,Non-intersection:  Driveway access (within),Paved,,Possible/Unknown,0,1,0,0,0,1,6000,2,2,,POINT (-94.631150649465 42.489678222232)
2014803311,8449-14,06/14/2014,06-June,7-Saturday,20:45,2000 Hours,District 3 (Northwest),SPENCER,CLAY,US 18,US 18/N GRAND AVE,Collision with:  Vehicle in traffic,On Roadway,Rear-end (front to rear),Followed too close,None Indicated,,Daylight,Wet,Cloudy,None apparent,Non-intersection:  Non-junction/no special feature,Paved,,Property Damage Only,0,0,0,0,0,0,3500,2,3,,POINT (-95.144650299752 43.140780535931)
2014803536,14-1768,06/14/2014,06-June,7-Saturday,18:30,1800 Hours,District 1 (Central),FORT DODGE,WEBSTER,,FRONTAGE RD,Collision with:  Other non-fixed object (explain in narrative),Shoulder,Non-collision (single vehicle),Ran off road - right,Alcohol (Statutory),,Daylight,Dry,Cloudy,None apparent,Non-intersection:  Driveway access (within),Paved,,Property Damage Only,0,0,0,0,0,0,6500,1,1,,POINT (-94.220238641343 42.515620929458)
2014803926,14-18746,06/14/2014,06-June,7-Saturday,15:00,1500 Hours,District 3 (Northwest),SIOUX CITY,WOODBURY,,SUMMIT ST,Collision with:  Vehicle in traffic,On Roadway,"Sideswipe, same direction",FTYROW:  From parked position,None Indicated,,Daylight,Dry,Cloudy,None apparent,Non-intersection:  Non-junction/no special feature,Paved,,Minor Injury,0,1,0,1,0,0,500,2,2,,POINT (-96.409597765794 42.513223566878)
2014803315,2014-2691,06/14/2014,06-June,7-Saturday,13:05,1300 Hours,District 4 (Southwest),WAUKEE,DALLAS,,UTE AVE,Collision with fixed object:  Ditch,On Roadway,Non-collision (single vehicle),Ran off road - right,None Indicated,,Daylight,Dry,Clear,None apparent,Non-intersection:  Non-junction/no special feature,Paved,,Possible/Unknown,0,1,0,0,1,0,1000,1,1,,POINT (-93.88502076533 41.587611240832)
2014803585,2014035079,06/14/2014,06-June,7-Saturday,05:15,0500 Hours,District 5 (Southeast),,CLARKE,I-35,I-35,Collision with:  Animal,,,Animal,None Indicated,,,,,,,Paved,,Property Damage Only,0,0,0,0,0,0,6500,1,1,,POINT (-93.785404552069 41.158017490883)
2014804496,14013634,06/14/2014,06-June,7-Saturday,09:50,0900 Hours,District 5 (Southeast),OSKALOOSA,MAHASKA,,15TH AVE E,Collision with fixed object:  Utility pole/light support,Outside trafficway,Non-collision (single vehicle),Other (explain in narrative):  Other,None Indicated,,Daylight,Dry,Clear,None apparent,Non-intersection:  Non-junction/no special feature,Paved,,Property Damage Only,0,0,0,0,0,0,3500,1,1,,POINT (-92.638416002579 41.28159876162)
2014803414,14-3954,06/14/2014,06-June,7-Saturday,15:58,1500 Hours,District 1 (Central),,POLK,US 65,US 65/SW RAMP/NW RAMP & SE 64TH AVE,Collision with:  Vehicle in traffic,On Roadway,Rear-end (front to rear),Followed too close,None Indicated,,Daylight,Dry,Cloudy,None apparent,Interchange-related:  Off-ramp,Paved,,Property Damage Only,0,0,0,0,0,0,1500,2,4,,POINT (-93.521162642855 41.525028750747)
2014803441,20140016724,06/14/2014,06-June,7-Saturday,09:15,0900 Hours,District 1 (Central),DES MOINES,POLK,,E PHILIP ST,Collision with:  Vehicle in traffic,On Roadway,Rear-end (front to rear),Followed too close,None Indicated,,Daylight,Dry,Clear,None apparent,Non-intersection:  Non-junction/no special feature,Paved,,Property Damage Only,0,0,0,0,0,0,6000,2,3,,POINT (-93.613358222482 41.544038839532)
2014805182,2014035074,06/14/2014,06-June,7-Saturday,02:31,0200 Hours,District 1 (Central),,POLK,I-35,I-35,Collision with fixed object:  Ditch,Median,Non-collision (single vehicle),"Operating vehicle in an reckless, erratic, careless, negligent manner",Alcohol (Statutory),,Dark - roadway not lighted,Dry,Clear,None apparent,Non-intersection:  Non-junction/no special feature,Paved,,Property Damage Only,0,0,0,0,0,0,4500,1,1,,POINT (-93.570359665617 41.799378143651)
2014810235,2014-003371,06/15/2014,06-June,1-Sunday,03:50,0300 Hours,District 6 (East Central),,BENTON,,Co Rd W28/33 AVE,Collision with:  Animal,,,Animal,Alcohol (< Statutory),,,,,,,Paved,,Property Damage Only,0,0,0,0,0,0,15000,1,1,,POINT (-91.853428558199 41.968378003793)
2014803339,01-14-25948,06/15/2014,06-June,1-Sunday,14:40,1400 Hours,District 6 (East Central),DUBUQUE,DUBUQUE,,KAUFMANN AVE,Collision with fixed object:  Other fixed object (explain in narrative),On Roadway,Non-collision (single vehicle),Improper Backing,None Indicated,,Daylight,Dry,Cloudy,None apparent,Non-intersection:  Non-junction/no special feature,Paved,,Property Damage Only,0,0,0,0,0,0,3300,1,1,,POINT (-90.712390239371 42.514508306783)