Iowa DOT Case Number,Law Enforcement Case Number,Date of Crash,Month of Crash,Day of Week,Time of Crash,Hour,DOT District,City Name,County Name,Route with System,Location Description,First Harmful Event,Location of First Harmful Event,Manner of Crash/Collision,Major Cause,Drug or Alcohol ,Environmental Conditions,Light Conditions,Surface Conditions,Weather Conditions,Roadway Contribution,Roadway Type,Roadway Surface,Work Zone,Crash Severity,Number of Fatalities,Number of Injuries,Number of Major Injuries,Number of Minor Injuries,Number of Possible Injuries,Number of Unknown Injuries,Amount of Property Damage,Number of Vehicles Involved,Total Number of Occupants,Travel Direction,Location
2014804369,W14-059432,06/15/2014,06-June,1-Sunday,13:13,1300 Hours,District 2 (Northeast),WATERLOO,BLACK HAWK,US 218,US 218/WASHINGTON ST & ANSBOROUGH AVE,Collision with:  Vehicle in traffic,On Roadway,Unknown,Other (explain in narrative):  Other,None Indicated,,Daylight,Unknown,Unknown,Unknown,Interchange-related:  Off-ramp,Paved,,Possible/Unknown,0,1,0,0,0,1,3000,2,2,,POINT (-92.37528044944 42.508410168476)
2014803934,14-18887,06/15/2014,06-June,1-Sunday,22:06,2200 Hours,District 3 (Northwest),SIOUX CITY,WOODBURY,,OUTER DR N,Collision with:  Animal,,,Animal,None Indicated,,,,,,,Paved,,Property Damage Only,0,0,0,0,0,0,1500,1,1,,POINT (-96.348429201049 42.523313313542)
2014803507,14-024724,06/15/2014,06-June,1-Sunday,20:13,2000 Hours,District 4 (Southwest),COUNCIL BLUFFS,POTTAWATTAMIE,US 6,US 6/W BROADWAY & S 8TH ST & N 8TH ST,Collision with:  Non-motorist (see non-motorist section - NOT a unit),On Roadway,Non-collision (single vehicle),Other (explain in narrative):  No improper action,None Indicated,,Daylight,Dry,Clear,None apparent,Intersection:  Four-way intersection,Paved,,Possible/Unknown,0,2,0,0,1,1,0,1,1,,POINT (-95.856095726318 41.261839418614)
2014803931,14-18830,06/15/2014,06-June,1-Sunday,11:13,1100 Hours,District 3 (Northwest),SIOUX CITY,WOODBURY,,SOUTHERN HILLS DR,Collision with:  Vehicle in traffic,On Roadway,Broadside (front to side),FTYROW:  From driveway,None Indicated,,Daylight,Dry,Cloudy,None apparent,Non-intersection:  Driveway access (within),Paved,,Property Damage Only,0,0,0,0,0,0,3500,2,2,,POINT (-96.343180230915 42.440417820481)
2014804234,201408495,06/15/2014,06-June,1-Sunday,08:00,0800 Hours,District 6 (East Central),CEDAR RAPIDS,LINN,,CENTER POINT RD NE,Collision with:  Vehicle in traffic,On Roadway,Broadside (front to side),Ran Traffic Signal,None Indicated,,Daylight,Dry,Clear,None apparent,Intersection:  Four-way intersection,Paved,,Minor Injury,0,2,0,2,0,0,10000,2,5,,POINT (-91.668009853236 42.028538481715)
2014850933,14004671,06/15/2014,06-June,1-Sunday,03:26,0300 Hours,District 5 (Southeast),,LOUISA,,Co Rd X14/COUNTY RD X 14,Collision with fixed object:  Ditch,Outside trafficway,Non-collision (single vehicle),Ran off road - right,None Indicated,,Dark - roadway not lighted,Dry,Cloudy,None apparent,Non-intersection:  Non-junction/no special feature,Paved,,Property Damage Only,0,0,0,0,0,0,2000,1,1,,POINT (-91.408973356487 41.418503048835)
2014803327,14-868,06/15/2014,06-June,1-Sunday,10:15,1000 Hours,District 3 (Northwest),SPIRIT LAKE,DICKINSON,,15TH ST & PEORIA AVE,Collision with:  Vehicle in traffic,On Roadway,"Angle, oncoming left turn",FTYROW:  Making left turn,None Indicated,,Daylight,Dry,Clear,None apparent,Intersection:  Four-way intersection,Paved,,Property Damage Only,0,0,0,0,0,0,6500,2,2,,POINT (-95.11223423798 43.425558466637)
2014804370,W14-059556,06/15/2014,06-June,1-Sunday,20:41,2000 Hours,District 2 (Northeast),WATERLOO,BLACK HAWK,,NEWTON ST,Collision with:  Parked motor vehicle,On Roadway,Rear-end (front to rear),"Operating vehicle in an reckless, erratic, careless, negligent manner",None Indicated,,Daylight,Dry,Clear,None apparent,Non-intersection:  Non-junction/no special feature,Paved,,Possible/Unknown,0,1,0,0,0,1,3500,2,1,,POINT (-92.359160974497 42.515922068371)
2014803972,2014035364,06/15/2014,06-June,1-Sunday,23:40,2300 Hours,District 4 (Southwest),,HARRISON,I-29,I-29,Collision with:  Animal,,,Animal,None Indicated,,,,,,,Paved,,Property Damage Only,0,0,0,0,0,0,5000,1,1,,POINT (-96.047069336339 41.746210891692)
2014803324,14-20436,06/15/2014,06-June,1-Sunday,18:50,1800 Hours,District 5 (Southeast),BURLINGTON,DES MOINES,,OAK ST & OSBORN ST,Collision with:  Vehicle in traffic,On Roadway,Broadside (front to side),FTYROW:  Other (explain in narrative),None Indicated,,Daylight,Dry,Clear,None apparent,Non-intersection:  Non-junction/no special feature,Paved,,Property Damage Only,0,0,0,0,0,0,1600,2,6,,POINT (-91.112637918192 40.823480240408)
2014804041,201408500,06/15/2014,06-June,1-Sunday,11:01,1100 Hours,District 6 (East Central),CEDAR RAPIDS,LINN,,4TH AVE SE & 8TH ST SE,Collision with:  Vehicle in traffic,On Roadway,Broadside (front to side),Ran Stop Sign,None Indicated,,Daylight,Dry,Clear,None apparent,Intersection:  Four-way intersection,Paved,,Property Damage Only,0,0,0,0,0,0,10000,2,2,,POINT (-91.659426456176 41.979975104858)
2014803603,B14-1137,06/15/2014,06-June,1-Sunday,01:19,0100 Hours,District 3 (Northwest),SERGEANT BLUFF,WOODBURY,,1ST ST & PORT NEAL RD & FRONT ST,Collision with fixed object:  Utility pole/light support,Roadside,Non-collision (single vehicle),Disregarded RR Signal,Alcohol (Statutory),,Dark - roadway lighted,Wet,Rain,None apparent,Non-intersection:  Railroad grade crossing,Paved,,Property Damage Only,0,0,0,0,0,0,2500,1,3,,POINT (-96.355585961148 42.400452696323)
2014810705,140615BJ01,06/15/2014,06-June,1-Sunday,01:00,0100 Hours,District 3 (Northwest),ORANGE CITY,SIOUX,,ZUIDER ZEE DR,Collision with:  Parked motor vehicle,On Roadway,"Sideswipe, same direction",Improper Backing,None Indicated,,Dark - roadway lighted,Wet,Rain,None apparent,Non-intersection:  Driveway access (within),Paved,,Property Damage Only,0,0,0,0,0,0,2500,2,1,,POINT (-96.052861508697 43.002500387004)
2014803392,14-002578,06/15/2014,06-June,1-Sunday,01:00,0100 Hours,District 3 (Northwest),GEORGE,LYON,,W DAKOTA AVE,Collision with fixed object:  Ditch,Shoulder,Non-collision (single vehicle),Driving too fast for conditions,None Indicated,,Dark - roadway not lighted,Wet,Rain,"Surface condition (e.g., wet, icy)",Intersection:  T-intersection,Paved,,Property Damage Only,0,0,0,0,0,0,7200,1,1,,POINT (-96.007727963357 43.345875791366)
2014803713,2014-6276,06/15/2014,06-June,1-Sunday,12:17,1200 Hours,District 3 (Northwest),,SAC,US 20,US 20/SE RAMP/SW RAMP & US 71/KARR AVE,Non-collision events:  Overturn/rollover,On Roadway,Non-collision (single vehicle),Unknown,None Indicated,,Daylight,Dry,Clear,None apparent,Interchange-related:  On-ramp merge area,Paved,,Property Damage Only,0,0,0,0,0,0,30000,1,1,,POINT (-95.14809964292 42.470751033202)
2014803969,2014035237,06/15/2014,06-June,1-Sunday,02:59,0200 Hours,District 1 (Central),,POWESHIEK,I-80,I-80,Collision with:  Animal,,,Animal,None Indicated,,,,,,,Paved,,Property Damage Only,0,0,0,0,0,0,6000,1,1,,POINT (-92.641825998414 41.695798998871)
2014803341,01-14-29544,06/15/2014,06-June,1-Sunday,13:38,1300 Hours,District 6 (East Central),DUBUQUE,DUBUQUE,US 52,US 52/CENTRAL AVE & W 16TH ST & E 16TH ST,Collision with:  Non-motorist (see non-motorist section - NOT a unit),On Roadway,Non-collision (single vehicle),Other (explain in narrative):  No improper action,None Indicated,,Daylight,Dry,Cloudy,None apparent,Non-intersection:  Non-junction/no special feature,Paved,,Minor Injury,0,1,0,1,0,0,0,1,3,,POINT (-90.668629768179 42.507979711683)
2014805458,C14-0001729,06/15/2014,06-June,1-Sunday,03:18,0300 Hours,District 2 (Northeast),MCGREGOR,CLAYTON,,A ST & 1ST ST,Unknown,Unknown,Unknown,Unknown,None Indicated,,Unknown,Dry,Clear,None apparent,Intersection:  Other intersection (explain in narrative),Paved,,Property Damage Only,0,0,0,0,0,0,3000,2,1,,POINT (-91.174617873169 43.024722811015)
2014803289,201402700,06/15/2014,06-June,1-Sunday,09:01,0900 Hours,District 1 (Central),,BOONE,US 30,US 30/220TH ST & Co Rd R18/L AVE,Collision with:  Vehicle in traffic,On Roadway,Broadside (front to side),FTYROW:  From yield sign,None Indicated,,Daylight,Dry,Cloudy,None apparent,Intersection:  Four-way intersection,Paved,,Possible/Unknown,0,1,0,0,1,0,22500,2,3,,POINT (-93.950813901984 42.033671378705)
2014803454,20140016876,06/15/2014,06-June,1-Sunday,18:20,1800 Hours,District 1 (Central),DES MOINES,POLK,,E PARK AVE & INDIANOLA AVE,Collision with:  Vehicle in traffic,On Roadway,Head-on (front to front),Crossed centerline (undivided),None Indicated,,Daylight,Dry,Clear,None apparent,Intersection:  Four-way intersection,Paved,,Possible/Unknown,0,1,0,0,1,0,5000,2,5,,POINT (-93.598751363738 41.555329933035)
2014804475,1406150413,06/15/2014,06-June,1-Sunday,04:14,0400 Hours,District 6 (East Central),ONSLOW,JONES,IA 136,IA 136/IOWA 136,Collision with:  Animal,,,Animal,None Indicated,,,,,,,Paved,,Property Damage Only,0,0,0,0,0,0,1500,1,1,,POINT (-91.014194723546 42.139622783975)
2014826448,2014-4373,06/15/2014,06-June,1-Sunday,15:30,1500 Hours,District 6 (East Central),LE CLAIRE,SCOTT,I-80,I-80,Collision with fixed object:  Guardrail - face,Shoulder,Non-collision (single vehicle),Ran off road - right,None Indicated,,Daylight,Dry,Clear,None apparent,Non-intersection:  Non-junction/no special feature,Paved,,Property Damage Only,0,0,0,0,0,0,5000,1,1,,POINT (-90.400874060664 41.596755311188)
2014804433,2014-3286,06/15/2014,06-June,1-Sunday,22:00,2200 Hours,District 1 (Central),,HARDIN,,300TH ST,Collision with fixed object:  Ditch,On Roadway,Non-collision (single vehicle),Ran off road - right,None Indicated,,Dark - roadway not lighted,Dry,Cloudy,None apparent,Non-intersection:  Non-junction/no special feature,Unpaved,,Minor Injury,0,1,0,1,0,0,5000,1,1,,POINT (-93.042633404844 42.266977477845)
2014804628,2014-39617,06/15/2014,06-June,1-Sunday,11:59,1100 Hours,District 6 (East Central),DAVENPORT,SCOTT,,IA 461/HARRISON ST & W 6TH ST,Collision with:  Parked motor vehicle,On Roadway,"Sideswipe, same direction",Unknown,None Indicated,,Daylight,Dry,Cloudy,None apparent,Non-intersection:  Non-junction/no special feature,Paved,,Property Damage Only,0,0,0,0,0,0,3000,2,1,,POINT (-90.577008038419 41.525716685544)
2014803461,20140016796,06/15/2014,06-June,1-Sunday,00:20,0000 Hours,District 1 (Central),DES MOINES,POLK,,13TH PL,Collision with:  Parked motor vehicle,On Roadway,"Sideswipe, same direction",Other (explain in narrative):  Other,None Indicated,,Dark - roadway lighted,Dry,Cloudy,None apparent,Non-intersection:  Non-junction/no special feature,Paved,,Property Damage Only,0,0,0,0,0,0,2500,2,3,,POINT (-93.635141854375 41.602693033904)
2014803491,S14-002174,06/15/2014,06-June,1-Sunday,10:20,1000 Hours,District 4 (Southwest),WALNUT,POTTAWATTAMIE,I-80,I-80,Non-collision events:  Overturn/rollover,Median,Non-collision (single vehicle),Ran off road - left,None Indicated,,Daylight,Dry,Clear,None apparent,Non-intersection:  Non-junction/no special feature,Paved,,Property Damage Only,0,0,0,0,0,0,5000,1,4,,POINT (-95.214921006811 41.497238608534)
2014803446,20140016826,06/15/2014,06-June,1-Sunday,08:40,0800 Hours,District 1 (Central),DES MOINES,POLK,,MCKINLEY AVE & SW 9TH ST,Collision with:  Non-motorist (see non-motorist section - NOT a unit),On Roadway,Non-collision (single vehicle),Other (explain in narrative):  No improper action,None Indicated,,Daylight,Dry,Cloudy,None apparent,Intersection:  Four-way intersection,Paved,,Major Injury,0,1,1,0,0,0,2500,1,5,,POINT (-93.625725821455 41.540981776624)
2014803933,14-18845,06/15/2014,06-June,1-Sunday,14:55,1400 Hours,District 3 (Northwest),SIOUX CITY,WOODBURY,,11TH ST & JACKSON ST,Collision with:  Vehicle in traffic,On Roadway,Broadside (front to side),Ran Traffic Signal,None Indicated,,Daylight,Dry,Clear,None apparent,Intersection:  Four-way intersection,Paved,,Property Damage Only,0,0,0,0,0,0,4500,2,5,,POINT (-96.402077231303 42.501813551544)
2014803474,14-2814,06/15/2014,06-June,1-Sunday,17:54,1700 Hours,District 1 (Central),WEST DES MOINES,POLK,,PROSPECT AVE & GRAND AVE & 12TH ST,Collision with:  Vehicle in traffic,On Roadway,Broadside (front to side),FTYROW:  From stop sign,None Indicated,,Daylight,Dry,Cloudy,None apparent,Intersection:  T-intersection,Paved,,Possible/Unknown,0,1,0,0,1,0,11000,2,6,,POINT (-93.7191216592 41.581247590526)
2014805997,2014-39645,06/15/2014,06-June,1-Sunday,15:08,1500 Hours,District 6 (East Central),DAVENPORT,SCOTT,,W 15TH ST & RIPLEY ST,Collision with:  Vehicle in traffic,On Roadway,Broadside (front to side),FTYROW:  From stop sign,None Indicated,,Daylight,Dry,Clear,None apparent,Intersection:  Four-way intersection,Paved,,Property Damage Only,0,0,0,0,0,0,3000,2,3,,POINT (-90.57849141277 41.535105618832)
2014803431,20140016814,06/15/2014,06-June,1-Sunday,02:30,0200 Hours,District 1 (Central),DES MOINES,POLK,,OSCEOLA AVE,Collision with:  Other non-fixed object (explain in narrative),On Roadway,Non-collision (single vehicle),Exceeded authorized speed,None Indicated,,Dark - roadway lighted,Dry,Clear,None apparent,Non-intersection:  Non-junction/no special feature,Paved,,Property Damage Only,0,0,0,0,0,0,5400,1,1,,POINT (-93.597302985504 41.608984741198)
2014804629,2014-39632,06/15/2014,06-June,1-Sunday,14:23,1400 Hours,District 6 (East Central),DAVENPORT,SCOTT,,W LOCUST ST & N LINCOLN AVE,Collision with:  Vehicle in traffic,On Roadway,Rear-end (front to rear),Unknown,None Indicated,,Daylight,Dry,Clear,None apparent,Intersection:  Four-way intersection,Paved,,Minor Injury,0,1,0,1,0,0,500,2,3,,POINT (-90.613151325109 41.538181321294)
2014803731,14-1773,06/15/2014,06-June,1-Sunday,03:20,0300 Hours,District 1 (Central),FORT DODGE,WEBSTER,,MASON MEMORIAL DR,Unknown,Shoulder,Non-collision (single vehicle),"Operating vehicle in an reckless, erratic, careless, negligent manner",Alcohol (< Statutory),,Dark - roadway not lighted,Dry,Cloudy,None apparent,Non-intersection:  Non-junction/no special feature,Paved,,Property Damage Only,0,0,0,0,0,0,1500,1,3,,POINT (-94.185570525544 42.49894608753)
2014803816,C14001854,06/15/2014,06-June,1-Sunday,22:31,2200 Hours,District 6 (East Central),CORALVILLE,JOHNSON,US 6,US 6/2ND ST & 20TH AVE,Collision with:  Vehicle in traffic,On Roadway,"Angle, oncoming left turn",FTYROW:  Making left turn,None Indicated,,Dark - roadway lighted,Dry,Clear,None apparent,Intersection:  T-intersection,Paved,,Property Damage Only,0,0,0,0,0,0,14000,2,3,,POINT (-91.591518512395 41.679484280756)
2014803413,14-3974,06/15/2014,06-June,1-Sunday,15:22,1500 Hours,District 1 (Central),,POLK,,NW 26TH ST,Collision with:  Vehicle in traffic,On Roadway,Rear-end (front to rear),Followed too close,None Indicated,,Daylight,Dry,Cloudy,None apparent,Non-intersection:  Non-junction/no special feature,Paved,,Property Damage Only,0,0,0,0,0,0,2300,2,4,,POINT (-93.654037028145 41.68054407673)
2014812346,14-004668,06/15/2014,06-June,1-Sunday,00:03,0000 Hours,District 5 (Southeast),COLUMBUS JUNCTION,LOUISA,,2ND ST,Collision with fixed object:  Other fixed object (explain in narrative),,,Unknown,None Indicated,,,,,,,Paved,,Property Damage Only,0,0,0,0,0,0,5000,1,1,,POINT (-91.361838629629 41.271717261529)
2014804673,,06/15/2014,06-June,1-Sunday,22:20,2200 Hours,District 5 (Southeast),,DES MOINES,US 34,US 34,Collision with:  Animal,On Roadway,Non-collision (single vehicle),Animal,None Indicated,,Dark - roadway not lighted,Dry,Clear,,Non-intersection:  Non-junction/no special feature,Paved,,Property Damage Only,0,0,0,0,0,0,7750,1,3,,POINT (-91.215438208989 40.835268534155)
2014803720,2014-12033,06/15/2014,06-June,1-Sunday,20:55,2000 Hours,District 6 (East Central),,SCOTT,IA 130,IA 130/NEW LIBERTY RD,Collision with:  Animal,,,Animal,None Indicated,,,,,,,Paved,,Property Damage Only,0,0,0,0,0,0,1800,1,1,,POINT (-90.791025827107 41.673340280389)
2014803424,14-694,06/15/2014,06-June,1-Sunday,18:02,1800 Hours,District 1 (Central),CLIVE,POLK,I-35,I-35 & US 6/HICKMAN RD,Collision with:  Vehicle in traffic,On Roadway,Broadside (front to side),FTYROW:  Making left turn,None Indicated,,Daylight,Dry,Cloudy,None apparent,Intersection:  Four-way intersection,Paved,,Minor Injury,0,1,0,1,0,0,13000,2,4,,POINT (-93.778211506253 41.614892017443)
2014803563,2014035245,06/15/2014,06-June,1-Sunday,06:40,0600 Hours,District 4 (Southwest),,MONTGOMERY,US 34,US 34,Collision with:  Animal,,,Animal,None Indicated,,,,,,,Paved,,Property Damage Only,0,0,0,0,0,0,3000,1,1,,POINT (-95.043849989155 40.981553180933)
2014808134,14087431,06/15/2014,06-June,1-Sunday,08:47,0800 Hours,District 6 (East Central),NORTH LIBERTY,JOHNSON,,W ZELLER ST & HWY 965,Collision with:  Vehicle in traffic,On Roadway,Broadside (front to side),Ran Traffic Signal,None Indicated,,Daylight,Dry,Cloudy,None apparent,Intersection:  Four-way intersection,Paved,,Minor Injury,0,1,0,1,0,0,15500,2,2,,POINT (-91.607598978828 41.744943606588)
2014810237,2014-003388,06/15/2014,06-June,1-Sunday,18:48,1800 Hours,District 6 (East Central),,BENTON,,Co Rd V66/21 AVE,Collision with fixed object:  Ditch,On Roadway,Non-collision (single vehicle),Swerving/Evasive Action,None Indicated,,Daylight,Dry,Clear,None apparent,Non-intersection:  Non-junction/no special feature,Paved,,Minor Injury,0,1,0,1,0,0,500,1,2,,POINT (-92.088989081254 41.882286869346)
2014803527,14C02751,06/15/2014,06-June,1-Sunday,18:28,1800 Hours,District 4 (Southwest),CRESTON,UNION,,W MONTGOMERY ST & N ELM ST,Collision with:  Vehicle in traffic,On Roadway,Broadside (front to side),Unknown,None Indicated,,Daylight,Dry,Clear,None apparent,Non-intersection:  Non-junction/no special feature,Paved,,Property Damage Only,0,0,0,0,0,0,3500,2,3,,POINT (-94.363863188253 41.058507605545)
2014803451,20140016848,06/15/2014,06-June,1-Sunday,14:11,1400 Hours,District 1 (Central),DES MOINES,POLK,,UNIVERSITY AVE & 13TH ST,Collision with:  Vehicle in traffic,On Roadway,"Angle, oncoming left turn",FTYROW:  Making left turn,None Indicated,,Daylight,Dry,Cloudy,None apparent,Intersection:  Four-way intersection,Paved,,Property Damage Only,0,0,0,0,0,0,9000,2,4,,POINT (-93.63421965729 41.600428303264)
2014804330,2014035345,06/15/2014,06-June,1-Sunday,21:40,2100 Hours,District 6 (East Central),,DELAWARE,US 20,US 20,Collision with:  Animal,On Roadway,Non-collision (single vehicle),Animal,None Indicated,,Dark - roadway not lighted,Dry,Cloudy,None apparent,Non-intersection:  Non-junction/no special feature,Paved,,Property Damage Only,0,0,0,0,0,0,2500,1,1,,POINT (-91.490610218664 42.464068783182)
2014810236,2014-003386,06/15/2014,06-June,1-Sunday,15:13,1500 Hours,District 6 (East Central),,BENTON,US 30,US 30/73 ST & Co Rd W28/33 AVE,Collision with:  Vehicle in traffic,On Roadway,Broadside (front to side),FTYROW:  From stop sign,None Indicated,,Daylight,Dry,Clear,None apparent,Intersection:  Four-way intersection,Paved,,Major Injury,0,3,1,2,0,0,10000,2,5,,POINT (-91.853363702283 41.963919124955)
2014803291,201402699,06/15/2014,06-June,1-Sunday,04:24,0400 Hours,District 1 (Central),OGDEN,BOONE,US 30,US 30/220TH ST,Collision with fixed object:  Ditch,On Roadway,Non-collision (single vehicle),Traveling wrong way or on wrong side of road,None Indicated,,Dark - roadway not lighted,Dry,Clear,None apparent,Non-intersection:  Non-junction/no special feature,Paved,,Property Damage Only,0,0,0,0,0,0,2000,1,2,,POINT (-94.048071268397 42.032572260196)
2014803402,14-004056,06/15/2014,06-June,1-Sunday,03:00,0300 Hours,District 3 (Northwest),MOORHEAD,MONONA,,Co Rd E54/E54,Collision with fixed object:  Utility pole/light support,Shoulder,Non-collision (single vehicle),Ran off road - right,None Indicated,,Dark - roadway not lighted,Unknown,Other (explain in narrative),Unknown,Non-intersection:  Non-junction/no special feature,Paved,,Possible/Unknown,0,1,0,0,0,1,21000,1,1,,POINT (-95.758261417161 41.914734236957)
2014804515,14-002609,06/15/2014,06-June,1-Sunday,17:28,1700 Hours,District 1 (Central),ANKENY,POLK,,NE 94TH AVE & NE FRISK DR & E 1ST ST,Collision with:  Vehicle in traffic,On Roadway,Rear-end (front to rear),Driver Distraction:  Manual operation of an electronic communication device,None Indicated,,Daylight,Dry,Clear,None apparent,Intersection:  Four-way intersection,Paved,,Possible/Unknown,0,1,0,0,1,0,13000,3,4,,POINT (-93.570519442265 41.731851979994)
2014803453,20140016866,06/15/2014,06-June,1-Sunday,16:05,1600 Hours,District 1 (Central),DES MOINES,POLK,US 69,US 69/SE 14TH ST & E EDISON AVE,Collision with:  Vehicle in traffic,On Roadway,"Sideswipe, same direction",FTYROW:  At uncontrolled intersection,None Indicated,,Daylight,Dry,Clear,None apparent,Intersection:  Four-way intersection,Paved,,Possible/Unknown,0,1,0,0,1,0,9500,2,2,,POINT (-93.5968997196 41.571732836837)
2014803462,20140016810,06/15/2014,06-June,1-Sunday,01:20,0100 Hours,District 1 (Central),DES MOINES,POLK,I-235,I-235 & 6TH AVE,Collision with:  Vehicle in traffic,On Roadway,Broadside (front to side),Ran Traffic Signal,None Indicated,,Dark - roadway lighted,Dry,Clear,None apparent,Intersection:  T-intersection,Paved,,Property Damage Only,0,0,0,0,0,0,30000,2,3,,POINT (-93.625679054128 41.595800345979)
2014803452,20140016858,06/15/2014,06-June,1-Sunday,14:00,1400 Hours,District 1 (Central),DES MOINES,POLK,,SE 6TH ST,Collision with:  Vehicle in traffic,On Roadway,"Sideswipe, same direction",Other (explain in narrative):  No improper action,None Indicated,,Daylight,Dry,Clear,None apparent,Non-intersection:  Non-junction/no special feature,Paved,,Property Damage Only,0,0,0,0,0,0,2200,2,3,,POINT (-93.605309450756 41.569328963196)
2014804436,14-009987,06/15/2014,06-June,1-Sunday,00:19,0000 Hours,District 5 (Southeast),,HENRY,,Co Rd W55/FRANKLIN AVE,Collision with fixed object:  Ditch,Roadside,Non-collision (single vehicle),Lost Control,Alcohol (Statutory),,Dark - roadway not lighted,Dry,Cloudy,None apparent,Non-intersection:  Non-junction/no special feature,Paved,,Major Injury,0,1,1,0,0,0,3500,1,1,,POINT (-91.622066913405 40.918799007466)
2014804033,14004044,06/15/2014,06-June,1-Sunday,15:59,1500 Hours,District 1 (Central),WEBSTER CITY,HAMILTON,,Co Rd R27/FISHER AVE & 173RD ST,Non-collision events:  Overturn/rollover,Outside trafficway,Non-collision (single vehicle),Ran off road - left,None Indicated,,Daylight,Dry,Clear,None apparent,Non-intersection:  Non-junction/no special feature,Paved,,Minor Injury,0,1,0,1,0,0,1500,1,1,,POINT (-93.863126514646 42.538923041024)
2014803486,14-001311,06/15/2014,06-June,1-Sunday,18:09,1800 Hours,District 1 (Central),ALTOONA,POLK,,ADVENTURELAND DR,Collision with:  Vehicle in traffic,On Roadway,Rear-end (front to rear),"Operating vehicle in an reckless, erratic, careless, negligent manner",None Indicated,,Daylight,Dry,Cloudy,None apparent,Intersection:  T-intersection,Paved,,Property Damage Only,0,0,0,0,0,0,2000,2,4,,POINT (-93.498612605574 41.658535389197)
2014803528,891403880,06/15/2014,06-June,1-Sunday,14:00,1400 Hours,District 5 (Southeast),FARMINGTON,VAN BUREN,IA 2,IA 2/OLIVE ST & FRONT ST,Collision with:  Vehicle in traffic,On Roadway,"Angle, oncoming left turn",FTYROW:  Making left turn,None Indicated,,Daylight,Dry,Clear,None apparent,Intersection:  Other intersection (explain in narrative),Paved,,Possible/Unknown,0,1,0,0,1,0,16000,2,5,,POINT (-91.744487524144 40.640787816198)
2014803749,2014035351,06/15/2014,06-June,1-Sunday,21:30,2100 Hours,District 1 (Central),,JASPER,US 65,US 65/US 65 N,Collision with:  Animal,,,Animal,None Indicated,,,,,,,Paved,,Property Damage Only,0,0,0,0,0,0,3000,1,1,,POINT (-93.32658018166 41.795583161112)
2014807954,14-001124,06/15/2014,06-June,1-Sunday,19:32,1900 Hours,District 2 (Northeast),,MITCHELL,,GLASS AVE,Non-collision events:  Overturn/rollover,Shoulder,Non-collision (single vehicle),Lost Control,None Indicated,,Daylight,"Mud, dirt",Clear,"Shoulders (none, low, soft, high)",Non-intersection:  Non-junction/no special feature,Unpaved,,Property Damage Only,0,0,0,0,0,0,5000,1,1,,POINT (-92.905042786451 43.292431260109)
2014804476,1406152214,06/15/2014,06-June,1-Sunday,22:14,2200 Hours,District 6 (East Central),WYOMING,JONES,IA 64,IA 64/IOWA 64,Collision with:  Animal,,,Animal,None Indicated,,,,,,,Paved,,Property Damage Only,0,0,0,0,0,0,1500,1,1,,POINT (-91.057450713743 42.056553903984)
2014803927,14-18837,06/15/2014,06-June,1-Sunday,12:53,1200 Hours,District 3 (Northwest),SIOUX CITY,WOODBURY,,S GLASS ST,Collision with:  Vehicle in traffic,On Roadway,Broadside (front to side),FTYROW:  From driveway,None Indicated,,Daylight,Dry,Clear,None apparent,Non-intersection:  Driveway access (within),Paved,,Property Damage Only,0,0,0,0,0,0,2500,2,2,,POINT (-96.362156495403 42.464471630164)
2014803907,2014-39589,06/15/2014,06-June,1-Sunday,05:28,0500 Hours,District 6 (East Central),DAVENPORT,SCOTT,,W DOVER CT,Collision with fixed object:  Tree,Outside trafficway,Non-collision (single vehicle),Lost Control,Refused,,Dawn,Dry,Clear,None apparent,Non-intersection:  Alley,Paved,,Property Damage Only,0,0,0,0,0,0,1500,1,2,,POINT (-90.579957909732 41.5443140386)
2014804042,201408521,06/15/2014,06-June,1-Sunday,21:12,2100 Hours,District 6 (East Central),CEDAR RAPIDS,LINN,,2ND AVE SW & 6TH ST SW,Collision with:  Vehicle in traffic,On Roadway,Broadside (front to side),Traveling wrong way or on wrong side of road,None Indicated,,Dark - roadway lighted,Dry,Clear,None apparent,Intersection:  Four-way intersection,Paved,,Possible/Unknown,0,2,0,0,2,0,8000,2,6,,POINT (-91.678840600025 41.973328285436)
2014803506,14-024676,06/15/2014,06-June,1-Sunday,20:00,2000 Hours,District 4 (Southwest),COUNCIL BLUFFS,POTTAWATTAMIE,,3RD AVE,Unknown,Outside trafficway,Unknown,Unknown,None Indicated,,Unknown,Unknown,Unknown,Unknown,Non-intersection:  Non-junction/no special feature,Paved,,Property Damage Only,0,0,0,0,0,0,1500,2,1,,POINT (-95.860054459886 41.258741950339)
2014804614,2014-39655,06/15/2014,06-June,1-Sunday,16:25,1600 Hours,District 6 (East Central),DAVENPORT,SCOTT,,IA 461/BRADY ST,Collision with:  Vehicle in traffic,On Roadway,"Sideswipe, same direction",FTYROW:  Other (explain in narrative),None Indicated,,Daylight,Dry,Clear,None apparent,Non-intersection:  Non-junction/no special feature,Paved,,Property Damage Only,0,0,0,0,0,0,2000,2,2,,POINT (-90.570160687725 41.575422489844)
2014804828,TC3614,06/15/2014,06-June,1-Sunday,08:00,0800 Hours,District 4 (Southwest),MISSOURI VALLEY,HARRISON,US 30,US 30/W ERIE ST/E ERIE ST & N 1ST ST,Collision with fixed object:  Traffic sign support,Outside trafficway,Non-collision (single vehicle),Equipment failure,None Indicated,,Daylight,Dry,Clear,None apparent,Non-intersection:  Non-junction/no special feature,Paved,,Possible/Unknown,0,1,0,0,1,0,5050,1,1,,POINT (-95.894728697883 41.556356315475)
2014803447,20140016831,06/15/2014,06-June,1-Sunday,09:20,0900 Hours,District 1 (Central),DES MOINES,POLK,,8TH ST,Collision with:  Vehicle in traffic,On Roadway,"Sideswipe, same direction",Swerving/Evasive Action,None Indicated,,Daylight,Dry,Cloudy,None apparent,Non-intersection:  Non-junction/no special feature,Paved,,Property Damage Only,0,0,0,0,0,0,7000,2,3,,POINT (-93.628204247228 41.612440935693)