Iowa DOT Case Number,Law Enforcement Case Number,Date of Crash,Month of Crash,Day of Week,Time of Crash,Hour,DOT District,City Name,County Name,Route with System,Location Description,First Harmful Event,Location of First Harmful Event,Manner of Crash/Collision,Major Cause,Drug or Alcohol ,Environmental Conditions,Light Conditions,Surface Conditions,Weather Conditions,Roadway Contribution,Roadway Type,Roadway Surface,Work Zone,Crash Severity,Number of Fatalities,Number of Injuries,Number of Major Injuries,Number of Minor Injuries,Number of Possible Injuries,Number of Unknown Injuries,Amount of Property Damage,Number of Vehicles Involved,Total Number of Occupants,Travel Direction,Location
2014803632,1406152791,06/15/2014,06-June,1-Sunday,15:45,1500 Hours,District 6 (East Central),,CLINTON,,Co Rd Y4E/130 AVE,Collision with fixed object:  Other fixed object (explain in narrative),Roadside,Non-collision (single vehicle),Swerving/Evasive Action,None Indicated,,Daylight,Dry,Clear,None apparent,Non-intersection:  Non-junction/no special feature,Paved,,Property Damage Only,0,0,0,0,0,0,1550,1,1,,POINT (-90.831035104959 41.787429475792)
2014803505,14-024631,06/15/2014,06-June,1-Sunday,01:24,0100 Hours,District 4 (Southwest),COUNCIL BLUFFS,POTTAWATTAMIE,,AVE B,Collision with:  Parked motor vehicle,On Roadway,Rear-end (front to rear),Unknown,None Indicated,,Dark - roadway lighted,Dry,Clear,None apparent,Non-intersection:  Non-junction/no special feature,Paved,,Property Damage Only,0,0,0,0,0,0,5000,2,1,,POINT (-95.877649076099 41.263679960397)
2014803930,14-18819,06/15/2014,06-June,1-Sunday,01:40,0100 Hours,District 3 (Northwest),SIOUX CITY,WOODBURY,,42ND ST,Collision with:  Parked motor vehicle,On Roadway,"Sideswipe, opposite direction",Lost Control,None Indicated,,Dark - roadway lighted,Wet,Cloudy,None apparent,Non-intersection:  Non-junction/no special feature,Paved,,Property Damage Only,0,0,0,0,0,0,2300,2,777,,POINT (-96.361075307382 42.542104223433)
2014815336,,06/15/2014,06-June,1-Sunday,09:20,0900 Hours,District 4 (Southwest),WOODBINE,HARRISON,,11TH ST & LINCOLN WAY,Collision with fixed object:  Utility pole/light support,Outside trafficway,Non-collision (single vehicle),Crossed centerline (undivided),None Indicated,,Daylight,Unknown,Unknown,Unknown,Intersection:  T-intersection,Paved,,Property Damage Only,0,0,0,0,0,0,5000,1,1,,POINT (-95.703093355631 41.743252598162)
2014803759,,06/15/2014,06-June,1-Sunday,00:30,0000 Hours,District 6 (East Central),CAMANCHE,CLINTON,,WASHINGTON BLVD & 10TH PL & 3RD AVE,Collision with:  Vehicle in traffic,On Roadway,Broadside (front to side),FTYROW:  From stop sign,None Indicated,,Dark - roadway lighted,Dry,Clear,None apparent,Intersection:  Four-way intersection,Paved,,Property Damage Only,0,0,0,0,0,0,2500,2,2,,POINT (-90.252474911559 41.790010045487)
2014806931,AC14-034,06/15/2014,06-June,1-Sunday,09:41,0900 Hours,District 4 (Southwest),HARLAN,SHELBY,,PINE ST & 19TH ST,Collision with:  Vehicle in traffic,On Roadway,Broadside (front to side),Ran Stop Sign,None Indicated,,Daylight,Dry,Cloudy,None apparent,Intersection:  Four-way intersection,Paved,,Possible/Unknown,0,2,0,0,2,0,8000,2,2,,POINT (-95.335254775876 41.65126286566)
2014803523,14-006957,06/15/2014,06-June,1-Sunday,20:59,2000 Hours,District 1 (Central),,TAMA,US 30,US 30,Collision with:  Animal,,,Animal,None Indicated,,,,,,,Paved,,Property Damage Only,0,0,0,0,0,0,3000,1,1,,POINT (-92.742421228393 42.006193787332)
2014804191,01-14-25930,06/15/2014,06-June,1-Sunday,11:19,1100 Hours,District 6 (East Central),DUBUQUE,DUBUQUE,,DUNLEITH CT & SOUTHERN AVE,Collision with fixed object:  Other fixed object (explain in narrative),On Roadway,Non-collision (single vehicle),Ran off road - right,None Indicated,,Daylight,Dry,Clear,None apparent,Non-intersection:  Non-junction/no special feature,Paved,,Property Damage Only,0,0,0,0,0,0,5500,1,1,,POINT (-90.673653848607 42.477202923745)
2014805083,GP20140477,06/15/2014,06-June,1-Sunday,09:25,0900 Hours,District 1 (Central),GRINNELL,POWESHIEK,,1ST AVE & REED ST,Collision with:  Vehicle in traffic,On Roadway,Rear-end (front to rear),Improper Backing,None Indicated,,Daylight,Dry,Cloudy,None apparent,Non-intersection:  Non-junction/no special feature,Paved,,Property Damage Only,0,0,0,0,0,0,2000,2,2,,POINT (-92.733210278269 41.738876237996)
2014804354,,06/15/2014,06-June,1-Sunday,02:27,0200 Hours,District 3 (Northwest),ARNOLDS PARK,DICKINSON,,,Collision with:  Parked motor vehicle,On Roadway,"Sideswipe, opposite direction","Operating vehicle in an reckless, erratic, careless, negligent manner",Alcohol (Statutory),,Dark - roadway lighted,Wet,Rain,None apparent,Non-intersection:  Non-junction/no special feature,,,Property Damage Only,0,0,0,0,0,0,1800,2,1,,POINT (-96.643700149993 40.233091251414)
2014805203,2014035348,06/15/2014,06-June,1-Sunday,22:08,2200 Hours,District 1 (Central),,POLK,I-35,I-35,Collision with:  Animal,On Roadway,Non-collision (single vehicle),Animal,None Indicated,,Dark - roadway not lighted,Dry,Clear,None apparent,Non-intersection:  Non-junction/no special feature,Paved,,Property Damage Only,0,0,0,0,0,0,1500,1,2,,POINT (-93.641811224691 41.649619473587)
2014803971,2014035331,06/15/2014,06-June,1-Sunday,19:32,1900 Hours,District 4 (Southwest),,HARRISON,US 30,US 30 & NIAGARA TRL,Collision with:  Vehicle in traffic,On Roadway,Rear-end (front to rear),Crossed centerline (undivided),None Indicated,,Daylight,Dry,Clear,None apparent,Intersection:  T-intersection,Paved,,Major Injury,0,5,3,2,0,0,15500,3,10,,POINT (-95.823490995878 41.609886556546)
2014805781,14-004771,06/15/2014,06-June,1-Sunday,23:29,2300 Hours,District 2 (Northeast),ELKADER,CLAYTON,,Co Rd B60/EAGLE AVE & ESSEX AVE,Collision with fixed object:  Ditch,Outside trafficway,Non-collision (single vehicle),Ran Stop Sign,Alcohol (Statutory),,Dark - roadway not lighted,Dry,Clear,None apparent,Intersection:  T-intersection,Unpaved,,Property Damage Only,0,0,0,0,0,0,9000,1,1,,POINT (-91.419172392023 42.945824413246)
2014803730,14-0332,06/15/2014,06-June,1-Sunday,23:25,2300 Hours,District 1 (Central),CALLENDER,WEBSTER,,Co Rd D43/295TH ST & Co Rd P33/FAIRBANKS AVE & THOMAS ST,Collision with fixed object:  Tree,Outside trafficway,Non-collision (single vehicle),Exceeded authorized speed,None Indicated,,Dark - roadway lighted,Dry,Clear,None apparent,Intersection:  T-intersection,Paved,,Possible/Unknown,0,1,0,0,1,0,15000,1,1,,POINT (-94.300645560528 42.361746507144)
2014803586,2014035362,06/15/2014,06-June,1-Sunday,23:28,2300 Hours,District 1 (Central),,WEBSTER,,Co Rd D14/170TH ST & NATIONAL AVE,Collision with fixed object:  Ditch,Roadside,Non-collision (single vehicle),"Operating vehicle in an reckless, erratic, careless, negligent manner",None Indicated,,Dark - roadway lighted,Dry,Clear,None apparent,Intersection:  T-intersection,Paved,,Minor Injury,0,1,0,1,0,0,5000,1,1,,POINT (-94.200639144867 42.542925997014)
2014803373,2014006491,06/15/2014,06-June,1-Sunday,02:45,0200 Hours,District 6 (East Central),IOWA CITY,JOHNSON,,NOR ST,Collision with:  Vehicle in traffic,On Roadway,"Sideswipe, same direction",Unknown,Refused,,Dark - roadway lighted,Dry,Clear,None apparent,Non-intersection:  Non-junction/no special feature,Paved,,Property Damage Only,0,0,0,0,0,0,3500,2,2,,POINT (-91.51305733073 41.633920868086)
2014810262,2014005891,06/15/2014,06-June,1-Sunday,12:11,1200 Hours,District 1 (Central),MARSHALLTOWN,MARSHALL,,LINCOLN WAY,Collision with:  Non-motorist (see non-motorist section - NOT a unit),On Roadway,Non-collision (single vehicle),FTYROW:  Making left turn,None Indicated,,Daylight,Dry,Cloudy,None apparent,Non-intersection:  Driveway access (within),Paved,,Minor Injury,0,1,0,1,0,0,0,1,2,,POINT (-92.930935612042 42.041840036187)
2014803970,2014035255,06/15/2014,06-June,1-Sunday,01:00,0100 Hours,District 1 (Central),,POWESHIEK,I-80,I-80,Collision with:  Animal,On Roadway,Non-collision (single vehicle),Animal,None Indicated,,Dark - roadway not lighted,Dry,Cloudy,None apparent,Non-intersection:  Non-junction/no special feature,Paved,,Property Damage Only,0,0,0,0,0,0,5000,1,3,,POINT (-92.508894671725 41.694803424272)
2014804190,01-14-25886,06/15/2014,06-June,1-Sunday,01:57,0100 Hours,District 6 (East Central),DUBUQUE,DUBUQUE,,LORAS BLVD & ALTA VISTA ST,Collision with:  Vehicle in traffic,On Roadway,"Angle, oncoming left turn",FTYROW:  Making left turn,None Indicated,,Dark - roadway lighted,Dry,Cloudy,None apparent,Intersection:  Four-way intersection,Paved,,Property Damage Only,0,0,0,0,0,0,6500,2,6,,POINT (-90.681188150049 42.502444276083)
2014803824,2014006549,06/15/2014,06-June,1-Sunday,19:48,1900 Hours,District 6 (East Central),IOWA CITY,JOHNSON,,N DUBUQUE ST,Collision with:  Vehicle in traffic,On Roadway,"Sideswipe, same direction",Crossed centerline (undivided),None Indicated,,Daylight,Dry,Cloudy,Work Zone (roadway-related),Non-intersection:  Non-junction/no special feature,Paved,Yes,Property Damage Only,0,0,0,0,0,0,3000,2,2,,POINT (-91.532160297491 41.677201209066)
2014803463,20140016812,06/15/2014,06-June,1-Sunday,02:12,0200 Hours,District 1 (Central),DES MOINES,POLK,,22ND ST,Collision with:  Vehicle in traffic,On Roadway,"Sideswipe, opposite direction",Crossed centerline (undivided),None Indicated,,Dark - roadway lighted,Dry,Clear,None apparent,Non-intersection:  Non-junction/no special feature,Paved,,Minor Injury,0,2,0,2,0,0,1500,2,3,,POINT (-93.64686950405 41.60663585661)
2014826447,2014-4348,06/15/2014,06-June,1-Sunday,00:53,0000 Hours,District 6 (East Central),,SCOTT,US 67,US 67/GREAT RIVER RD,Collision with:  Animal,,,Animal,None Indicated,,,,,,,Paved,,Property Damage Only,0,0,0,0,0,0,3500,1,1,,POINT (-90.402755825583 41.579154718024)
2014803932,14-18844,06/15/2014,06-June,1-Sunday,14:27,1400 Hours,District 3 (Northwest),SIOUX CITY,WOODBURY,US 75,US 75,Collision with:  Animal,,,Animal,None Indicated,,,,,,,Paved,,Property Damage Only,0,0,0,0,0,0,1500,1,1,,POINT (-96.326308688302 42.506084251175)
2014803340,01-14-25964,06/15/2014,06-June,1-Sunday,17:40,1700 Hours,District 6 (East Central),DUBUQUE,DUBUQUE,,PRIMROSE ST,Collision with:  Vehicle in traffic,On Roadway,"Sideswipe, opposite direction",FTYROW:  From driveway,None Indicated,,Daylight,Dry,Clear,None apparent,Non-intersection:  Driveway access (within),Paved,,Property Damage Only,0,0,0,0,0,0,4000,2,2,,POINT (-90.684982350009 42.520981704601)
2014804778,2014-6293,06/15/2014,06-June,1-Sunday,22:45,2200 Hours,District 3 (Northwest),SCHALLER,SAC,,2ND ST & DUNDAS ST,Collision with:  Vehicle in traffic,On Roadway,Rear-end (front to rear),Followed too close,Alcohol (Statutory),,Dark - roadway lighted,Dry,Clear,None apparent,Intersection:  Four-way intersection,Paved,,Property Damage Only,0,0,0,0,0,0,2500,2,4,,POINT (-95.294967001623 42.499682610738)
2014804007,14009669,06/15/2014,06-June,1-Sunday,14:17,1400 Hours,District 2 (Northeast),MASON CITY,CERRO GORDO,,12TH ST NE,Collision with:  Vehicle in traffic,On Roadway,"Angle, oncoming left turn",Ran Stop Sign,None Indicated,,Daylight,Dry,Clear,None apparent,Intersection:  Four-way intersection,Paved,,Minor Injury,0,1,0,1,0,0,14500,2,2,,POINT (-93.187212512064 43.162946545694)
2014804352,,06/15/2014,06-June,1-Sunday,19:37,1900 Hours,District 2 (Northeast),CHARLES CITY,FLOYD,,9TH AVE,Collision with:  Parked motor vehicle,On Roadway,Broadside (front to side),Improper Backing,None Indicated,,Daylight,Dry,Clear,None apparent,Non-intersection:  Non-junction/no special feature,Paved,,Property Damage Only,0,0,0,0,0,0,3000,2,1,,POINT (-92.662492611094 43.070968096749)
2014819368,1406-041,06/15/2014,06-June,1-Sunday,18:30,1800 Hours,District 3 (Northwest),,OSCEOLA,,SILVER AVE & 160TH ST,Collision with fixed object:  Utility pole/light support,Outside trafficway,Non-collision (single vehicle),Ran off road - left,None Indicated,,Daylight,"Mud, dirt",Cloudy,"Surface condition (e.g., wet, icy)",Non-intersection:  Non-junction/no special feature,Unpaved,,Property Damage Only,0,0,0,0,0,0,3500,1,1,,POINT (-95.623382111565 43.418165413879)
2014808764,14-033,06/15/2014,06-June,1-Sunday,21:44,2100 Hours,District 3 (Northwest),KNIERIM,CALHOUN,,240TH ST & UPLAND AVE,Non-collision events:  Overturn/rollover,On Roadway,Non-collision (single vehicle),"Operating vehicle in an reckless, erratic, careless, negligent manner",None Indicated,,Unknown,"Mud, dirt",Clear,None apparent,Non-intersection:  Non-junction/no special feature,Unpaved,,Possible/Unknown,0,1,0,0,0,1,5000,1,1,,POINT (-94.514163601041 42.442104018314)
2014804008,14009672,06/15/2014,06-June,1-Sunday,15:09,1500 Hours,District 2 (Northeast),MASON CITY,CERRO GORDO,IA 122,IA 122/4TH ST SW & S PIERCE AVE,Collision with:  Vehicle in traffic,On Roadway,Head-on (front to front),FTYROW:  Making left turn,None Indicated,,Daylight,Dry,Clear,None apparent,Intersection:  Four-way intersection,Paved,,Possible/Unknown,0,2,0,0,2,0,6000,2,4,,POINT (-93.221000701092 43.14837947368)
2014803983,,06/15/2014,06-June,1-Sunday,19:12,1900 Hours,District 1 (Central),TAMA,TAMA,,7TH ST & BEAUTIFUL ST,Collision with:  Vehicle in traffic,On Roadway,Broadside (front to side),Unknown,None Indicated,,Daylight,Dry,Clear,None apparent,Intersection:  Four-way intersection,Paved,,Property Damage Only,0,0,0,0,0,0,2200,2,7,,POINT (-92.569538620681 41.965632050188)
2014804357,,06/15/2014,06-June,1-Sunday,15:30,1500 Hours,District 5 (Southeast),,LUCAS,,482ND ST,Non-collision events:  Overturn/rollover,Roadside,Non-collision (single vehicle),Driving too fast for conditions,None Indicated,,Daylight,"Mud, dirt",Cloudy,None apparent,Non-intersection:  Non-junction/no special feature,Unpaved,,Minor Injury,0,2,0,1,1,0,10000,1,2,,POINT (-93.22866837911 41.018464686624)
2014803620,W14-059453,06/15/2014,06-June,1-Sunday,14:38,1400 Hours,District 2 (Northeast),WATERLOO,BLACK HAWK,,W SAN MARNAN DR,Collision with fixed object:  Ditch,On Roadway,Non-collision (single vehicle),Crossed centerline (undivided),None Indicated,,Daylight,Dry,Clear,None apparent,Non-intersection:  Non-junction/no special feature,Paved,,Property Damage Only,0,0,0,0,0,0,1800,1,1,,POINT (-92.375346316409 42.457761579551)
2014803964,2014035354,06/15/2014,06-June,1-Sunday,22:00,2200 Hours,District 6 (East Central),,CLINTON,US 61,US 61,Collision with:  Animal,,,Animal,None Indicated,,,,,,,Paved,,Property Damage Only,0,0,0,0,0,0,4000,1,1,,POINT (-90.653707066968 41.975744261923)
2014806821,32048-14,06/15/2014,06-June,1-Sunday,22:20,2200 Hours,District 3 (Northwest),,EMMET,IA 9,IA 9/IOWA 9,Collision with:  Animal,,,Animal,None Indicated,,,,,,,Paved,,Property Damage Only,0,0,0,0,0,0,2000,1,1,,POINT (-94.861969657299 43.4070202949)
2014803840,1400000521,06/15/2014,06-June,1-Sunday,05:55,0500 Hours,District 1 (Central),,MARSHALL,US 30,US 30/240TH ST,Collision with:  Animal,,Non-collision (single vehicle),Animal,None Indicated,,,,,,,Paved,,Property Damage Only,0,0,0,0,0,0,3000,1,1,,POINT (-93.007318165375 42.007698439366)
2014803403,1406151-A,06/15/2014,06-June,1-Sunday,14:25,1400 Hours,District 4 (Southwest),RED OAK,MONTGOMERY,,5TH ST,Collision with:  Vehicle in traffic,On Roadway,Rear-end (front to rear),Unknown,None Indicated,,Daylight,Dry,Cloudy,None apparent,Non-intersection:  Alley,Paved,,Possible/Unknown,0,1,0,0,1,0,4000,2,2,,POINT (-95.226744973716 41.015292100437)
2014804804,S14-F1501,06/15/2014,06-June,1-Sunday,04:17,0400 Hours,District 5 (Southeast),,CLARKE,,218 AVE,Collision with fixed object:  Ditch,On Roadway,Non-collision (single vehicle),Ran off road - right,None Indicated,,Dark - roadway not lighted,"Mud, dirt",Clear,None apparent,Non-intersection:  Non-junction/no special feature,Unpaved,,Major Injury,0,1,1,0,0,0,8000,1,2,,POINT (-93.793685759573 41.05892731955)
2014808067,2014035229,06/15/2014,06-June,1-Sunday,01:08,0100 Hours,District 2 (Northeast),,WRIGHT,I-35,I-35,Collision with:  Animal,,Non-collision (single vehicle),Animal,None Indicated,,,,,,,Paved,,Property Damage Only,0,0,0,0,0,0,2000,1,1,,POINT (-93.519631803185 42.597191324076)
2014803535,14-1774,06/15/2014,06-June,1-Sunday,00:30,0000 Hours,District 1 (Central),FORT DODGE,WEBSTER,,8TH AVE S,Collision with:  Parked motor vehicle,On Roadway,"Sideswipe, same direction",Unknown,None Indicated,,Dark - roadway not lighted,Dry,Cloudy,None apparent,Non-intersection:  Non-junction/no special feature,Paved,,Property Damage Only,0,0,0,0,0,0,2000,2,1,,POINT (-94.165951230918 42.497571386452)
2014803344,02-14-9117,06/15/2014,06-June,1-Sunday,22:15,2200 Hours,District 6 (East Central),,DUBUQUE,US 151,US 151,Collision with:  Animal,,,Animal,None Indicated,,,,,,,Paved,,Property Damage Only,0,0,0,0,0,0,3000,1,1,,POINT (-90.909869013985 42.321593705222)
2014812137,14005403,06/15/2014,06-June,1-Sunday,22:26,2200 Hours,District 6 (East Central),,BUCHANAN,I-380,I-380,Collision with:  Animal,,,Animal,None Indicated,,,,,,,Paved,,Property Damage Only,0,0,0,0,0,0,1500,1,1,,POINT (-92.041469785623 42.345241228401)
2014803412,14-3970,06/15/2014,06-June,1-Sunday,12:39,1200 Hours,District 1 (Central),JOHNSTON,POLK,,NW 54TH AVE,Collision with:  Vehicle in traffic,On Roadway,Broadside (front to side),FTYROW:  From driveway,None Indicated,,Daylight,Dry,Clear,None apparent,Non-intersection:  Driveway access (within),Paved,,Property Damage Only,0,0,0,0,0,0,7000,2,2,,POINT (-93.738198860258 41.658354216455)
2014850931,201406150006,06/15/2014,06-June,1-Sunday,00:01,0000 Hours,District 5 (Southeast),COLUMBUS JUNCTION,LOUISA,,Co Rd X37/COUNTY RD X 37 & 218TH AVE,Non-collision events:  Overturn/rollover,On Roadway,Non-collision (single vehicle),Swerving/Evasive Action,None Indicated,,Dark - roadway not lighted,Dry,Clear,None apparent,Non-intersection:  Non-junction/no special feature,Paved,,Major Injury,0,1,1,0,0,0,4000,1,1,,POINT (-91.35938596518 41.255712318301)
2014811919,14-004123,06/15/2014,06-June,1-Sunday,13:22,1300 Hours,District 3 (Northwest),EMMETSBURG,PALO ALTO,US 18,US 18/9TH ST OR MAIN & HURON ST & N HURON ST,Collision with:  Vehicle in traffic,On Roadway,"Sideswipe, same direction",Unknown,None Indicated,,Daylight,Dry,Cloudy,None apparent,Non-intersection:  Non-junction/no special feature,Paved,,Property Damage Only,0,0,0,0,0,0,2200,2,2,,POINT (-94.66904502809 43.112024667833)
2014812136,14005399,06/15/2014,06-June,1-Sunday,18:48,1800 Hours,District 6 (East Central),,BUCHANAN,US 20,US 20/SE RAMP,Non-collision events:  Overturn/rollover,Median,Non-collision (single vehicle),Crossed centerline (undivided),None Indicated,,Daylight,Dry,Clear,None apparent,Non-intersection:  Non-junction/no special feature,Paved,,Property Damage Only,0,0,0,0,0,0,8000,1,4,,POINT (-92.051206302268 42.449286639739)
2014806936,14-054,06/16/2014,06-June,2-Monday,06:58,0600 Hours,District 3 (Northwest),SIOUX CENTER,SIOUX,,6TH AVE NW & 7TH ST NW,Collision with:  Vehicle in traffic,On Roadway,Rear-end (front to rear),Followed too close,None Indicated,,Daylight,Dry,Clear,None apparent,Intersection:  T-intersection,Paved,,Property Damage Only,0,0,0,0,0,0,2500,2,2,,POINT (-96.184949586852 43.084282994712)
2014803316,14-004982,06/16/2014,06-June,2-Monday,04:20,0400 Hours,District 6 (East Central),,DELAWARE,,Co Rd D22/210TH ST,Collision with:  Animal,,,Animal,None Indicated,,,,,,,Paved,,Property Damage Only,0,0,0,0,0,0,3000,1,1,,POINT (-91.394502716655 42.484321996332)
2014806371,2014-004082,06/16/2014,06-June,2-Monday,01:20,0100 Hours,District 3 (Northwest),,MONONA,I-29,I-29,Collision with:  Animal,,,Animal,None Indicated,,,,,,,Paved,,Property Damage Only,0,0,0,0,0,0,4000,1,1,,POINT (-96.101640182147 41.969885119336)
2014803819,C14001861,06/16/2014,06-June,2-Monday,14:27,1400 Hours,District 6 (East Central),CORALVILLE,JOHNSON,,COMMERCE DR,Non-collision events:  Other non-collision (explain in narrative),On Roadway,Non-collision (single vehicle),Equipment failure,None Indicated,,Daylight,Dry,Cloudy,None apparent,Non-intersection:  Non-junction/no special feature,Paved,,Property Damage Only,0,0,0,0,0,0,4000,2,1,,POINT (-91.610689495929 41.695848928807)
2014805263,201400002059,06/16/2014,06-June,2-Monday,23:14,2300 Hours,District 6 (East Central),,LINN,,Co Rd E48/WEST MT VERNON RD,Non-collision events:  Overturn/rollover,Shoulder,Non-collision (single vehicle),Over correcting/over steering,None Indicated,,Dark - roadway not lighted,Wet,Rain,"Surface condition (e.g., wet, icy)",Non-intersection:  Non-junction/no special feature,Paved,,Minor Injury,0,1,0,1,0,0,10100,1,1,,POINT (-91.472681140087 41.958341435483)
2014805730,14000277,06/16/2014,06-June,2-Monday,19:22,1900 Hours,District 5 (Southeast),ALBIA,MONROE,US 34,US 34 & CO H47 & S 13TH ST,Collision with:  Vehicle in traffic,On Roadway,Broadside (front to side),FTYROW:  From stop sign,None Indicated,,Daylight,Dry,Clear,None apparent,Intersection:  Four-way intersection,Paved,,Property Damage Only,0,0,0,0,0,0,3000,2,3,,POINT (-92.790892860486 41.015934495453)
2014803728,14C02771,06/16/2014,06-June,2-Monday,16:41,1600 Hours,District 4 (Southwest),CRESTON,UNION,,OSAGE ST,Non-collision events:  Other non-collision (explain in narrative),On Roadway,Non-collision (single vehicle),Crossed centerline (undivided),Under Influence of Alcohol/Drugs/Medications,,Daylight,Dry,Cloudy,None apparent,Non-intersection:  Non-junction/no special feature,Paved,,Minor Injury,0,1,0,1,0,0,1500,2,2,,POINT (-94.337192177846 41.056054823864)
2014803829,2014006575,06/16/2014,06-June,2-Monday,14:50,1400 Hours,District 6 (East Central),IOWA CITY,JOHNSON,IA 1,IA 1/N DODGE ST & N DUBUQUE RD & N SCOTT BLVD,Collision with:  Vehicle in traffic,On Roadway,Rear-end (front to rear),Unknown,None Indicated,,Daylight,Dry,Clear,None apparent,Non-intersection:  Non-junction/no special feature,Paved,,Property Damage Only,0,0,0,0,0,0,2500,2,3,,POINT (-91.507965378809 41.681329957097)
2014804167,14-20546,06/16/2014,06-June,2-Monday,16:04,1600 Hours,District 5 (Southeast),BURLINGTON,DES MOINES,US 61,US 61 & AGENCY ST,Collision with:  Vehicle in traffic,On Roadway,Rear-end (front to rear),Unknown,None Indicated,,Daylight,Wet,Cloudy,None apparent,Intersection:  Four-way intersection,Paved,,Possible/Unknown,0,1,0,0,1,0,12000,2,6,,POINT (-91.141445017511 40.814832135931)
2014803623,201402717,06/16/2014,06-June,2-Monday,10:28,1000 Hours,District 1 (Central),,BOONE,,198TH RD & MACAW LN,Non-collision events:  Overturn/rollover,On Roadway,Non-collision (single vehicle),Ran off road - right,None Indicated,,Daylight,Dry,Cloudy,None apparent,Non-intersection:  Non-junction/no special feature,Paved,,Possible/Unknown,0,1,0,0,1,0,40500,1,1,,POINT (-93.931338873492 42.069199440818)
2014803940,14-18959,06/16/2014,06-June,2-Monday,14:40,1400 Hours,District 3 (Northwest),SIOUX CITY,WOODBURY,IA 12,IA 12/GORDON DR & S RUSTIN ST,Collision with:  Vehicle in traffic,On Roadway,Broadside (front to side),FTYROW:  From stop sign,None Indicated,,Daylight,Dry,Cloudy,None apparent,Intersection:  Four-way intersection,Paved,,Possible/Unknown,0,2,0,0,2,0,4000,2,4,,POINT (-96.37149836959 42.489400578647)
2014803924,14-18892,06/16/2014,06-June,2-Monday,00:15,0000 Hours,District 3 (Northwest),SIOUX CITY,WOODBURY,I-29,I-29,Collision with fixed object:  Concrete traffic barrier (median or right side),On Roadway,Non-collision (single vehicle),Ran off road - left,None Indicated,,Dark - roadway not lighted,Dry,Clear,Work Zone (roadway-related),Non-intersection:  Other non-intersection (explain in narrative),Paved,Yes,Possible/Unknown,0,1,0,0,1,0,11491,1,1,,POINT (-96.476679644958 42.49514187844)
2014803827,2014006563,06/16/2014,06-June,2-Monday,12:16,1200 Hours,District 6 (East Central),IOWA CITY,JOHNSON,,MORMON TREK BLVD,Collision with:  Vehicle in traffic,On Roadway,Broadside (front to side),FTYROW:  From driveway,None Indicated,,Daylight,Dry,Clear,None apparent,Non-intersection:  Driveway access (within),Paved,,Property Damage Only,0,0,0,0,0,0,5000,2,3,,POINT (-91.574045358447 41.649753278499)
2014805474,14-20486,06/16/2014,06-June,2-Monday,05:00,0500 Hours,District 5 (Southeast),MEDIAPOLIS,DES MOINES,,Co Rd H40/PEGTOWN RD,Collision with:  Animal,On Roadway,Non-collision (single vehicle),Animal,None Indicated,,Dawn,Dry,Cloudy,None apparent,Non-intersection:  Non-junction/no special feature,Unpaved,,Property Damage Only,0,0,0,0,0,0,6500,1,1,,POINT (-91.057189024036 40.976842500153)
2014804194,01-14-26182,06/16/2014,06-June,2-Monday,22:59,2200 Hours,District 6 (East Central),DUBUQUE,DUBUQUE,,W LOCUST ST,Collision with:  Other non-fixed object (explain in narrative),On Roadway,Non-collision (single vehicle),Unknown,None Indicated,,Dark - roadway lighted,Wet,Rain,"Surface condition (e.g., wet, icy)",Non-intersection:  Non-junction/no special feature,Paved,,Property Damage Only,0,0,0,0,0,0,10100,1,1,,POINT (-90.682024018048 42.509134060277)
2014803695,20140016981,06/16/2014,06-June,2-Monday,16:41,1600 Hours,District 1 (Central),DES MOINES,POLK,,UNIVERSITY AVE & 26TH ST,Collision with:  Vehicle in traffic,On Roadway,Rear-end (front to rear),Followed too close,None Indicated,,Daylight,Dry,Cloudy,None apparent,Non-intersection:  Non-junction/no special feature,Paved,,Property Damage Only,0,0,0,0,0,0,3000,2,3,,POINT (-93.652170974986 41.600381913109)
2014809827,14059907,06/16/2014,06-June,2-Monday,19:30,1900 Hours,District 2 (Northeast),EVANSDALE,BLACK HAWK,,PARK DR,Collision with:  Other non-fixed object (explain in narrative),On Roadway,Rear-end (front to rear),FTYROW:  From parked position,None Indicated,,Daylight,Dry,Cloudy,None apparent,Non-intersection:  Non-junction/no special feature,Paved,,Minor Injury,0,2,0,2,0,0,13500,2,4,,POINT (-92.301701375604 42.462388866488)
2014803954,14-19014,06/16/2014,06-June,2-Monday,22:25,2200 Hours,District 3 (Northwest),SIOUX CITY,WOODBURY,,4TH ST & COURT ST,Collision with:  Vehicle in traffic,On Roadway,Broadside (front to side),Ran Stop Sign,None Indicated,,Dark - roadway lighted,Wet,Rain,None apparent,Intersection:  Four-way intersection,Paved,,Property Damage Only,0,0,0,0,0,0,3000,2,3,,POINT (-96.396434077638 42.494237266794)
2014803917,14-002886,06/16/2014,06-June,2-Monday,23:45,2300 Hours,District 1 (Central),AMES,STORY,,BURNETT AVE,Collision with:  Parked motor vehicle,On Roadway,"Sideswipe, same direction",Unknown,None Indicated,,Dark - roadway lighted,Unknown,Unknown,None apparent,Non-intersection:  Non-junction/no special feature,Paved,,Property Damage Only,0,0,0,0,0,0,3000,2,1,,POINT (-93.615923221841 42.043054276631)
2014809331,061614B,06/16/2014,06-June,2-Monday,08:00,0800 Hours,District 4 (Southwest),,FREMONT,,Co Rd J64/310 ST,Collision with fixed object:  Ditch,Shoulder,Non-collision (single vehicle),Swerving/Evasive Action,None Indicated,,Daylight,Dry,Cloudy,None apparent,Non-intersection:  Non-junction/no special feature,Paved,,Possible/Unknown,0,1,0,0,1,0,1100,1,1,,POINT (-95.524181264401 40.599184749571)