Iowa DOT Case Number,Law Enforcement Case Number,Date of Crash,Month of Crash,Day of Week,Time of Crash,Hour,DOT District,City Name,County Name,Route with System,Location Description,First Harmful Event,Location of First Harmful Event,Manner of Crash/Collision,Major Cause,Drug or Alcohol ,Environmental Conditions,Light Conditions,Surface Conditions,Weather Conditions,Roadway Contribution,Roadway Type,Roadway Surface,Work Zone,Crash Severity,Number of Fatalities,Number of Injuries,Number of Major Injuries,Number of Minor Injuries,Number of Possible Injuries,Number of Unknown Injuries,Amount of Property Damage,Number of Vehicles Involved,Total Number of Occupants,Travel Direction,Location
2014804045,201408537,06/16/2014,06-June,2-Monday,08:00,0800 Hours,District 6 (East Central),CEDAR RAPIDS,LINN,,3RD AVE SW & 3RD ST SW,Collision with:  Vehicle in traffic,On Roadway,Broadside (front to side),Ran Traffic Signal,None Indicated,,Daylight,Dry,Clear,None apparent,Intersection:  Four-way intersection,Paved,,Property Damage Only,0,0,0,0,0,0,4000,2,2,,POINT (-91.67451109922 41.973746707928)
2014803709,14-024882,06/16/2014,06-June,2-Monday,22:01,2200 Hours,District 4 (Southwest),COUNCIL BLUFFS,POTTAWATTAMIE,US 6,US 6/W BROADWAY & S 8TH ST & N 8TH ST,Collision with:  Vehicle in traffic,On Roadway,"Sideswipe, same direction",Unknown,None Indicated,,Dark - roadway lighted,Dry,Clear,None apparent,Intersection:  Four-way intersection,Paved,,Property Damage Only,0,0,0,0,0,0,3500,2,3,,POINT (-95.856048035119 41.261840601495)
2014803667,1406161-A,06/16/2014,06-June,2-Monday,16:52,1600 Hours,District 4 (Southwest),RED OAK,MONTGOMERY,,REED ST & 3RD ST,Collision with:  Vehicle in traffic,On Roadway,Broadside (front to side),FTYROW:  From parked position,None Indicated,,Daylight,Dry,Cloudy,None apparent,Intersection:  Four-way intersection,Paved,,Possible/Unknown,0,2,0,0,2,0,9300,2,2,,POINT (-95.229125859584 41.009724607698)
2014803799,14-010095,06/16/2014,06-June,2-Monday,20:48,2000 Hours,District 5 (Southeast),,HENRY,,Co Rd X23/RACINE AVE & 250TH ST,Collision with fixed object:  Ditch,On Roadway,Non-collision (single vehicle),Ran off road - right,None Indicated,,Dusk,"Mud, dirt",Cloudy,None apparent,Intersection:  Four-way intersection,Paved,,Property Damage Only,0,0,0,0,0,0,7000,1,3,,POINT (-91.391136142506 40.943470868816)
2014807007,A14046,06/16/2014,06-June,2-Monday,11:41,1100 Hours,District 5 (Southeast),KNOXVILLE,MARION,IA 14,IA 14/LINCOLN ST,Collision with:  Vehicle in traffic,On Roadway,"Sideswipe, same direction",Made improper turn,None Indicated,,Daylight,Dry,Clear,None apparent,Non-intersection:  Driveway access (within),Paved,,Property Damage Only,0,0,0,0,0,0,6500,2,4,,POINT (-93.109473344189 41.307174173804)
2014805319,14-11208,06/16/2014,06-June,2-Monday,13:26,1300 Hours,District 6 (East Central),BETTENDORF,SCOTT,US 67,US 67/RIVER DR,Collision with:  Vehicle in traffic,On Roadway,Head-on (front to front),Crossed centerline (undivided),None Indicated,,Daylight,Dry,Clear,None apparent,Non-intersection:  Non-junction/no special feature,Paved,,Major Injury,0,2,2,0,0,0,25000,2,2,,POINT (-90.525431685827 41.525554472092)
2014803317,14-004984,06/16/2014,06-June,2-Monday,05:25,0500 Hours,District 6 (East Central),,DELAWARE,,Co Rd C64/155TH ST,Collision with:  Animal,,,Animal,None Indicated,,,,,,,Paved,,Property Damage Only,0,0,0,0,0,0,2000,1,1,,POINT (-91.276059360118 42.567468841546)
2014804310,2014035468,06/16/2014,06-June,2-Monday,12:22,1200 Hours,District 6 (East Central),,BENTON,,24 AVE DR,Collision with fixed object:  Utility pole/light support,On Roadway,Non-collision (single vehicle),Exceeded authorized speed,None Indicated,,Daylight,"Mud, dirt",Cloudy,None apparent,Non-intersection:  Non-junction/no special feature,Unpaved,,Possible/Unknown,0,1,0,0,1,0,4650,1,1,,POINT (-92.017103989654 42.238366916115)
2014803457,20140016938,06/16/2014,06-June,2-Monday,10:46,1000 Hours,District 1 (Central),DES MOINES,POLK,,MLK JR PKWY,Collision with:  Vehicle in traffic,On Roadway,Rear-end (front to rear),Followed too close,None Indicated,,Daylight,Dry,Cloudy,None apparent,Non-intersection:  Non-junction/no special feature,Paved,,Possible/Unknown,0,2,0,0,2,0,8000,2,3,,POINT (-93.648962602243 41.622692913707)
2014804341,,06/16/2014,06-June,2-Monday,18:00,1800 Hours,District 3 (Northwest),LAKE CITY,CALHOUN,IA 175,IA 175/MAIN ST & ROY ST,Collision with:  Vehicle in traffic,On Roadway,Broadside (front to side),Ran Stop Sign,None Indicated,,Daylight,Dry,Cloudy,None apparent,Intersection:  Four-way intersection,Paved,,Property Damage Only,0,0,0,0,0,0,10000,2,4,,POINT (-94.739865640198 42.267331622418)
2014803456,20140016950,06/16/2014,06-June,2-Monday,13:00,1300 Hours,District 1 (Central),DES MOINES,POLK,US 69,US 69/SE 14TH ST & E WATROUS AVE,Collision with:  Vehicle in traffic,On Roadway,Rear-end (front to rear),Followed too close,None Indicated,,Daylight,Dry,Cloudy,None apparent,Non-intersection:  Non-junction/no special feature,Paved,,Property Damage Only,0,0,0,0,0,0,1750,2,3,,POINT (-93.596837977403 41.548079984926)
2014803814,14087939,06/16/2014,06-June,2-Monday,12:10,1200 Hours,District 6 (East Central),HILLS,JOHNSON,,Co Rd F62/OBSERVATORY AVE & Co Rd W64/OAK CREST HILL RD SE & MAIN ST,Collision with:  Vehicle in traffic,On Roadway,Broadside (front to side),FTYROW:  From stop sign,None Indicated,,Daylight,Dry,Cloudy,None apparent,Intersection:  Four-way intersection,Paved,,Property Damage Only,0,0,0,0,0,0,9500,2,2,,POINT (-91.541589437775 41.554223656388)
2014804389,14005421,06/16/2014,06-June,2-Monday,16:15,1600 Hours,District 6 (East Central),,BUCHANAN,,Co Rd D22/220TH ST,Collision with:  Animal,,,Animal,None Indicated,,,,,,,Paved,,Property Damage Only,0,0,0,0,0,0,8000,1,1,,POINT (-91.794998905977 42.468259025946)
2014803973,2014035376,06/16/2014,06-June,2-Monday,04:00,0400 Hours,District 4 (Southwest),,POTTAWATTAMIE,I-29,I-29,Collision with:  Animal,,,Animal,None Indicated,,,,,,,Paved,,Property Damage Only,0,0,0,0,0,0,5000,1,1,,POINT (-95.8996593292 41.4719176748)
2014803732,14-1787,06/16/2014,06-June,2-Monday,15:50,1500 Hours,District 1 (Central),FORT DODGE,WEBSTER,,12TH AVE S & S 22ND ST,Collision with:  Vehicle in traffic,On Roadway,Rear-end (front to rear),Traveling wrong way or on wrong side of road,None Indicated,,Daylight,Dry,Clear,None apparent,Intersection:  Four-way intersection,Paved,,Property Damage Only,0,0,0,0,0,0,2000,2,4,,POINT (-94.167860776483 42.491626176859)
2014803455,20140016944,06/16/2014,06-June,2-Monday,12:08,1200 Hours,District 1 (Central),DES MOINES,POLK,US 69,US 69/E 15TH ST & CAPITOL AVE,Collision with:  Vehicle in traffic,On Roadway,"Sideswipe, same direction",Made improper turn,None Indicated,,Daylight,Dry,Cloudy,None apparent,Intersection:  Four-way intersection,Paved,,Property Damage Only,0,0,0,0,0,0,4500,2,4,,POINT (-93.5949956207 41.592972831349)
2014804048,201408572,06/16/2014,06-June,2-Monday,16:46,1600 Hours,District 6 (East Central),CEDAR RAPIDS,LINN,IA 922,IA 922/1ST AVE E,Collision with:  Non-motorist (see non-motorist section - NOT a unit),On Roadway,Non-collision (single vehicle),Other (explain in narrative):  No improper action,None Indicated,,Daylight,Wet,Rain,None apparent,Non-intersection:  Non-junction/no special feature,Paved,,Minor Injury,0,1,0,1,0,0,0,1,1,,POINT (-91.622104320915 42.025294593593)
2014803880,14-11214,06/16/2014,06-June,2-Monday,15:39,1500 Hours,District 6 (East Central),BETTENDORF,SCOTT,US 67,US 67/GRANT ST,Collision with:  Vehicle in traffic,On Roadway,Rear-end (front to rear),Followed too close,None Indicated,,Daylight,Dry,Clear,None apparent,Non-intersection:  Non-junction/no special feature,Paved,,Possible/Unknown,0,1,0,0,1,0,5000,2,5,,POINT (-90.512403140828 41.526209884103)
2014805782,14-004803,06/16/2014,06-June,2-Monday,23:34,2300 Hours,District 2 (Northeast),,CLAYTON,,Co Rd X26/FALCON AVE,Non-collision events:  Other non-collision (explain in narrative),On Roadway,Non-collision (single vehicle),Driving too fast for conditions,None Indicated,,Dark - unknown roadway lighting,"Mud, dirt",Rain,Obstruction in roadway,Non-intersection:  Non-junction/no special feature,Unpaved,,Possible/Unknown,0,1,0,0,1,0,6000,1,1,,POINT (-91.389603664017 42.973687527328)
2014804192,01-14-26149,06/16/2014,06-June,2-Monday,20:53,2000 Hours,District 6 (East Central),DUBUQUE,DUBUQUE,US 20,US 20/DODGE ST,Collision with fixed object:  Concrete traffic barrier (median or right side),Shoulder,Non-collision (single vehicle),Ran off road - right,Alcohol (Statutory),,Dark - roadway lighted,Dry,Cloudy,Work Zone (roadway-related),Non-intersection:  Other non-intersection (explain in narrative),Paved,Yes,Property Damage Only,0,0,0,0,0,0,2000,1,1,,POINT (-90.725292912746 42.491693827428)
2014803993,W14-059775,06/16/2014,06-June,2-Monday,12:16,1200 Hours,District 2 (Northeast),WATERLOO,BLACK HAWK,US 63,US 63/SERGEANT RD & W RIDGEWAY AVE,Collision with:  Vehicle in traffic,On Roadway,Rear-end (front to rear),Driver Distraction:  Passenger,None Indicated,,Daylight,Dry,Cloudy,None apparent,Intersection:  Four-way intersection,Paved,,Property Damage Only,0,0,0,0,0,0,3800,2,5,,POINT (-92.394536218081 42.469338060014)
2014803682,20140016919,06/16/2014,06-June,2-Monday,07:30,0700 Hours,District 1 (Central),DES MOINES,POLK,,URBANDALE AVE & BEAVER AVE,Collision with:  Vehicle in traffic,On Roadway,"Angle, oncoming left turn",Made improper turn,None Indicated,,Daylight,Dry,Clear,None apparent,Non-intersection:  Non-junction/no special feature,Paved,,Possible/Unknown,0,1,0,0,1,0,4000,2,2,,POINT (-93.673220185333 41.620148490389)
2014804047,201408571,06/16/2014,06-June,2-Monday,16:46,1600 Hours,District 6 (East Central),CEDAR RAPIDS,LINN,IA 922,IA 922/1ST AVE E & 10TH ST SE & 10TH ST NE,Non-collision events:  Overturn/rollover,On Roadway,Non-collision (single vehicle),Followed too close,None Indicated,,Daylight,Wet,Cloudy,"Surface condition (e.g., wet, icy)",Intersection:  Four-way intersection,Paved,,Minor Injury,0,1,0,1,0,0,500,1,1,,POINT (-91.659889811736 41.983781230063)
2014803693,20140016946,06/16/2014,06-June,2-Monday,12:24,1200 Hours,District 1 (Central),DES MOINES,POLK,,FLEUR DR,Collision with:  Vehicle in traffic,On Roadway,Rear-end (front to rear),Unknown,None Indicated,,Daylight,Dry,Clear,None apparent,Non-intersection:  Non-junction/no special feature,Paved,,Property Damage Only,0,0,0,0,0,0,1900,2,2,,POINT (-93.645010330257 41.56333943653)
2014803771,W14-059845,06/16/2014,06-June,2-Monday,16:05,1600 Hours,District 2 (Northeast),WATERLOO,BLACK HAWK,,E 11TH ST & LAFAYETTE ST,Collision with:  Vehicle in traffic,Shoulder,Rear-end (front to rear),Other (explain in narrative):  Other,None Indicated,,Daylight,Dry,Clear,None apparent,Intersection:  Four-way intersection,Paved,,Property Damage Only,0,0,0,0,0,0,2500,2,3,,POINT (-92.327717976689 42.49423603497)
2014804640,2014-12729,06/16/2014,06-June,2-Monday,12:32,1200 Hours,District 5 (Southeast),INDIANOLA,WARREN,,W BOSTON AVE & E BOSTON AVE & N HOWARD ST,Collision with:  Vehicle in traffic,On Roadway,Broadside (front to side),FTYROW:  From stop sign,None Indicated,,Daylight,Dry,Cloudy,None apparent,Intersection:  Four-way intersection,Paved,,Property Damage Only,0,0,0,0,0,0,6500,2,2,,POINT (-93.560943518117 41.362346499647)
2014804193,01-14-26159,06/16/2014,06-June,2-Monday,22:29,2200 Hours,District 6 (East Central),DUBUQUE,DUBUQUE,US 52,US 52/CENTRAL AVE & W 17TH ST & E 17TH ST,Collision with:  Vehicle in traffic,On Roadway,Broadside (front to side),Ran Traffic Signal,None Indicated,,Dark - roadway lighted,Dry,Cloudy,None apparent,Intersection:  Four-way intersection,Paved,,Minor Injury,0,2,0,2,0,0,15000,2,3,,POINT (-90.669074311961 42.508790221038)
2014804057,14-2995,06/16/2014,06-June,2-Monday,16:27,1600 Hours,District 6 (East Central),HIAWATHA,LINN,,BLAIRS FERRY RD NE,Collision with:  Vehicle in traffic,On Roadway,Rear-end (front to rear),Other (explain in narrative):  Other,None Indicated,,Daylight,Dry,Cloudy,None apparent,Intersection:  Intersection with ramp,Paved,,Property Damage Only,0,0,0,0,0,0,3500,2,3,,POINT (-91.675068237279 42.034753521776)
2014803820,C14001867,06/16/2014,06-June,2-Monday,17:54,1700 Hours,District 6 (East Central),CORALVILLE,JOHNSON,,CORAL RIDGE AVE,Collision with:  Vehicle in traffic,On Roadway,Rear-end (front to rear),Other (explain in narrative):  Other,None Indicated,,Daylight,Dry,Cloudy,None apparent,Non-intersection:  Non-junction/no special feature,Paved,,Property Damage Only,0,0,0,0,0,0,4000,2,7,,POINT (-91.608142789099 41.706392123788)
2014803779,14-3555,06/16/2014,06-June,2-Monday,17:34,1700 Hours,District 3 (Northwest),CHEROKEE,CHEROKEE,US 59,US 59 & VICTORY DR,Collision with:  Vehicle in traffic,On Roadway,Broadside (front to side),Ran Stop Sign,None Indicated,,Daylight,Wet,Cloudy,None apparent,Intersection:  Four-way intersection,Paved,,Property Damage Only,0,0,0,0,0,0,4000,2,2,,POINT (-95.553348580784 42.76830599434)
2014803618,14008627,06/16/2014,06-June,2-Monday,13:28,1300 Hours,District 5 (Southeast),CENTERVILLE,APPANOOSE,,N 12TH ST,Collision with:  Vehicle in traffic,On Roadway,Broadside (front to side),Swerving/Evasive Action,None Indicated,,Daylight,Dry,Clear,None apparent,Non-intersection:  Alley,Paved,,Property Damage Only,0,0,0,0,0,0,3500,2,4,,POINT (-92.875090147643 40.735461888211)
2014805998,2014-39889,06/16/2014,06-June,2-Monday,17:05,1700 Hours,District 6 (East Central),DAVENPORT,SCOTT,,W LOCUST ST & MARQUETTE ST,Collision with:  Parked motor vehicle,On Roadway,Broadside (front to side),Ran off road - straight,None Indicated,,Daylight,Wet,Cloudy,None apparent,Intersection:  Four-way intersection,Paved,,Property Damage Only,0,0,0,0,0,0,2500,3,1,,POINT (-90.591450659078 41.538287001199)
2014804731,201402054,06/16/2014,06-June,2-Monday,16:12,1600 Hours,District 6 (East Central),,LINN,IA 1,IA 1/IOWA 1,Collision with:  Vehicle in traffic,On Roadway,Rear-end (front to rear),Followed too close,None Indicated,,Daylight,Dry,Clear,Work Zone (roadway-related),Non-intersection:  Non-junction/no special feature,Paved,Yes,Fatal,2,2,0,2,0,0,54000,4,8,,POINT (-91.396577493258 41.945388151058)
2014803425,20140016690,06/16/2014,06-June,2-Monday,13:30,1300 Hours,District 1 (Central),DES MOINES,POLK,,HIGH ST & 8TH ST,Collision with:  Vehicle in traffic,On Roadway,Rear-end (front to rear),Other (explain in narrative):  Other,None Indicated,,Daylight,Dry,Cloudy,None apparent,Intersection:  Other intersection (explain in narrative),Paved,,Minor Injury,0,1,0,1,0,0,3000,2,2,,POINT (-93.628026680839 41.587942235971)
2014804050,201408574,06/16/2014,06-June,2-Monday,17:39,1700 Hours,District 6 (East Central),CEDAR RAPIDS,LINN,,BLAIRS FERRY RD,Collision with:  Vehicle in traffic,On Roadway,Rear-end (front to rear),Lost Control,None Indicated,,Daylight,Dry,Cloudy,None apparent,Non-intersection:  Non-junction/no special feature,Paved,,Minor Injury,0,1,0,1,0,0,1500,2,4,,POINT (-91.677339475368 42.034752702421)
2014806577,14003782,06/16/2014,06-June,2-Monday,22:15,2200 Hours,District 2 (Northeast),ALGONA,KOSSUTH,,S COLBY ST,Collision with:  Parked motor vehicle,On Roadway,Rear-end (front to rear),Other (explain in narrative):  Vision obstructed,None Indicated,,Dark - roadway not lighted,Wet,Rain,None apparent,Non-intersection:  Non-junction/no special feature,Paved,,Property Damage Only,0,0,0,0,0,0,7100,2,1,,POINT (-94.229327908777 43.067050719772)
2014804115,2014-39837,06/16/2014,06-June,2-Monday,13:19,1300 Hours,District 6 (East Central),DAVENPORT,SCOTT,,W LOCUST ST,Collision with:  Vehicle in traffic,On Roadway,Rear-end (front to rear),Followed too close,None Indicated,,Daylight,Dry,Cloudy,None apparent,Intersection:  Five points or more,Paved,,Property Damage Only,0,0,0,0,0,0,2100,2,8,,POINT (-90.600861962458 41.538249676071)
2014826449,2014-4399,06/16/2014,06-June,2-Monday,20:24,2000 Hours,District 6 (East Central),LE CLAIRE,SCOTT,I-80,I-80,Collision with:  Vehicle in traffic,On Roadway,Rear-end (front to rear),Lost Control,None Indicated,,Dusk,Dry,Clear,None apparent,Non-intersection:  Non-junction/no special feature,Paved,,Minor Injury,0,1,0,1,0,0,12000,2,2,,POINT (-90.372993725667 41.592554765315)
2014805854,14-1321,06/16/2014,06-June,2-Monday,17:00,1700 Hours,District 1 (Central),URBANDALE,POLK,I-35,I-35 & DOUGLAS PKWY & DOUGLAS AVE,Collision with:  Vehicle in traffic,On Roadway,"Sideswipe, same direction",FTYROW:  Other (explain in narrative),None Indicated,,Daylight,Dry,Cloudy,None apparent,Non-intersection:  Other non-intersection (explain in narrative),Paved,,Property Damage Only,0,0,0,0,0,0,2000,2,2,,POINT (-93.776934340309 41.629483253286)
2014805653,2014-39844,06/16/2014,06-June,2-Monday,13:51,1300 Hours,District 6 (East Central),DAVENPORT,SCOTT,,W 4TH ST & WARREN ST,Collision with:  Vehicle in traffic,On Roadway,Broadside (front to side),Ran Traffic Signal,None Indicated,,Daylight,Dry,Cloudy,None apparent,Intersection:  Four-way intersection,Paved,,Possible/Unknown,0,1,0,0,1,0,11000,2,3,,POINT (-90.585899360665 41.523499061907)
2014803841,14-008027,06/16/2014,06-June,2-Monday,20:48,2000 Hours,District 4 (Southwest),,MILLS,,Co Rd L55/287TH ST,Collision with:  Animal,,,Animal,None Indicated,,,,,,,Paved,,Property Damage Only,0,0,0,0,0,0,3000,1,1,,POINT (-95.642231441319 41.060895007957)
2014803654,14-017924,06/16/2014,06-June,2-Monday,22:18,2200 Hours,District 5 (Southeast),MONTROSE,LEE,US 61,US 61,Collision with:  Animal,,Non-collision (single vehicle),Animal,None Indicated,,,,,,,Paved,,Property Damage Only,0,0,0,0,0,0,1501,1,1,,POINT (-91.441072898104 40.517575634435)
2014803674,14-0697,06/16/2014,06-June,2-Monday,17:05,1700 Hours,District 1 (Central),CLIVE,POLK,I-35,I-35,Collision with:  Vehicle in traffic,On Roadway,Rear-end (front to rear),Driving too fast for conditions,None Indicated,,Daylight,Dry,Cloudy,None apparent,Non-intersection:  Non-junction/no special feature,Paved,,Property Damage Only,0,0,0,0,0,0,5000,2,2,,POINT (-93.77686108409 41.611379344939)
2014803669,14-3998,06/16/2014,06-June,2-Monday,15:12,1500 Hours,District 1 (Central),PLEASANT HILL,POLK,IA 163,IA 163/NE UNIVERSITY AVE,Collision with fixed object:  Utility pole/light support,Roadside,Non-collision (single vehicle),Ran off road - right,None Indicated,,Daylight,Wet,Rain,"Surface condition (e.g., wet, icy)",Non-intersection:  Non-junction/no special feature,Paved,,Major Injury,0,3,1,0,2,0,4000,1,4,,POINT (-93.401938968654 41.600610344477)
2014803698,20140016996,06/16/2014,06-June,2-Monday,17:30,1700 Hours,District 1 (Central),DES MOINES,POLK,IA 28,IA 28/63RD ST,Collision with:  Vehicle in traffic,On Roadway,Rear-end (front to rear),Unknown,None Indicated,,Daylight,Dry,Cloudy,None apparent,Non-intersection:  Non-junction/no special feature,Paved,,Property Damage Only,0,0,0,0,0,0,23000,4,6,,POINT (-93.703507983912 41.562960375399)
2014803870,14-1320,06/16/2014,06-June,2-Monday,16:32,1600 Hours,District 1 (Central),URBANDALE,POLK,I-35,I-35,Collision with:  Vehicle in traffic,On Roadway,"Sideswipe, same direction",Swerving/Evasive Action,None Indicated,,Daylight,Dry,Clear,None apparent,Non-intersection:  Non-junction/no special feature,Paved,,Property Damage Only,0,0,0,0,0,0,1800,2,2,,POINT (-93.703519584576 41.65240183364)
2014803965,2014035516,06/16/2014,06-June,2-Monday,16:40,1600 Hours,District 6 (East Central),,JACKSON,IA 62,IA 62/ANSEL BRIGGS HWY & 92 ST,Non-collision events:  Overturn/rollover,Roadside,Non-collision (single vehicle),Equipment failure,None Indicated,,Daylight,Dry,Cloudy,None apparent,Non-intersection:  Driveway access (within),Paved,,Possible/Unknown,0,1,0,0,1,0,46000,1,1,,POINT (-90.60896229409 42.112744051396)
2014809908,2014005967,06/16/2014,06-June,2-Monday,16:30,1600 Hours,District 1 (Central),MARSHALLTOWN,MARSHALL,,IOWA AVE E & SMITH AVE/GOVERNOR RD,Collision with:  Vehicle in traffic,On Roadway,"Angle, oncoming left turn",FTYROW:  Making left turn,None Indicated,,Daylight,Dry,Cloudy,None apparent,Intersection:  Four-way intersection,Paved,,Property Damage Only,0,0,0,0,0,0,5000,2,2,,POINT (-92.893199627804 42.006883423433)
2014804044,201408532,06/16/2014,06-June,2-Monday,05:14,0500 Hours,District 6 (East Central),CEDAR RAPIDS,LINN,I-380,I-380,Collision with fixed object:  Guardrail - face,On Roadway,Non-collision (single vehicle),Ran off road - left,None Indicated,,Daylight,Dry,Clear,None apparent,Non-intersection:  Non-junction/no special feature,Paved,,Property Damage Only,0,0,0,0,0,0,2500,1,1,,POINT (-91.670768880252 41.919196159029)
2014804037,14-8904,06/16/2014,06-June,2-Monday,17:24,1700 Hours,District 6 (East Central),,JACKSON,,230 AVE,Collision with fixed object:  Ditch,Outside trafficway,Non-collision (single vehicle),Ran off road - left,None Indicated,,Daylight,Dry,Clear,None apparent,Non-intersection:  Non-junction/no special feature,Paved,,Possible/Unknown,0,1,0,0,0,1,10500,1,1,,POINT (-90.663564022764 42.324807235737)
2014803406,14-003402,06/16/2014,06-June,2-Monday,09:03,0900 Hours,District 3 (Northwest),,OBRIEN,,Co Rd L40/ORIOLE AVE & 330TH ST,Collision with:  Vehicle in traffic,On Roadway,Broadside (front to side),Ran Stop Sign,None Indicated,,Daylight,Dry,Cloudy,None apparent,Intersection:  Four-way intersection,Paved,,Property Damage Only,0,0,0,0,0,0,8000,2,2,,POINT (-95.742536875259 43.171638660893)
2014803951,14-19001,06/16/2014,06-June,2-Monday,20:39,2000 Hours,District 3 (Northwest),SIOUX CITY,WOODBURY,,W 7TH ST & HAMILTON BLVD,Collision with:  Vehicle in traffic,On Roadway,"Sideswipe, opposite direction",Traveling wrong way or on wrong side of road,None Indicated,,Dark - roadway lighted,Wet,Rain,None apparent,Intersection:  Four-way intersection,Paved,,Major Injury,0,1,1,0,0,0,4500,2,3,,POINT (-96.418497519067 42.503233315946)
2014804872,S79140195,06/16/2014,06-June,2-Monday,17:50,1700 Hours,District 1 (Central),BROOKLYN,POWESHIEK,,Co Rd V18/V18 RD,Collision with:  Vehicle in traffic,On Roadway,"Sideswipe, same direction",Separation of units,None Indicated,,Daylight,Dry,Cloudy,Non-highway work,Non-intersection:  Driveway access (within),Paved,,Property Damage Only,0,0,0,0,0,0,2500,2,2,,POINT (-92.445217507291 41.712617911063)
2014803524,14-006968,06/16/2014,06-June,2-Monday,00:15,0000 Hours,District 1 (Central),,TAMA,,Co Rd T47/HWY T47,Collision with:  Animal,,,Animal,None Indicated,,,,,,,Paved,,Property Damage Only,0,0,0,0,0,0,2000,1,1,,POINT (-92.708181874998 42.115343411615)
2014804542,20140016993,06/16/2014,06-June,2-Monday,00:01,0000 Hours,District 1 (Central),DES MOINES,POLK,,E SHERIDAN AVE & E 38TH ST,Collision with:  Parked motor vehicle,On Roadway,"Sideswipe, same direction",Unknown,None Indicated,,Dark - roadway lighted,Unknown,Unknown,Unknown,Non-intersection:  Non-junction/no special feature,Paved,,Property Damage Only,0,0,0,0,0,0,3600,2,1,,POINT (-93.541829965024 41.618753193132)
2014804028,F14161905,06/16/2014,06-June,2-Monday,19:05,1900 Hours,District 2 (Northeast),,FRANKLIN,I-35,I-35,Non-collision events:  Overturn/rollover,On Roadway,Non-collision (single vehicle),Other (explain in narrative):  No improper action,None Indicated,,Daylight,Wet,Rain,None apparent,Non-intersection:  Non-junction/no special feature,Paved,,Property Damage Only,0,0,0,0,0,0,25000,1,1,,POINT (-93.371470593567 42.787712756799)
2014803953,14-18967,06/16/2014,06-June,2-Monday,15:43,1500 Hours,District 3 (Northwest),SIOUX CITY,WOODBURY,,43RD ST & TYLER ST,Collision with:  Vehicle in traffic,On Roadway,Rear-end (front to rear),Other (explain in narrative):  Other,None Indicated,,Daylight,Dry,Cloudy,None apparent,Intersection:  Four-way intersection,Paved,,Property Damage Only,0,0,0,0,0,0,5000,2,2,,POINT (-96.360263576126 42.543541757672)
2014804631,2014-39848,06/16/2014,06-June,2-Monday,11:45,1100 Hours,District 6 (East Central),DAVENPORT,SCOTT,,E 53RD ST & CORPORATE PARK DR,Collision with:  Vehicle in traffic,On Roadway,Rear-end (front to rear),Other (explain in narrative):  Other,None Indicated,,Daylight,Dry,Clear,None apparent,Non-intersection:  Non-junction/no special feature,Paved,,Property Damage Only,0,0,0,0,0,0,1500,2,2,,POINT (-90.517167904561 41.574884131759)
2014803943,14-18978,06/16/2014,06-June,2-Monday,17:20,1700 Hours,District 3 (Northwest),SIOUX CITY,WOODBURY,IA 12,IA 12/GORDON DR,Collision with:  Vehicle in traffic,On Roadway,"Sideswipe, same direction",Improper or erratic lane changing,None Indicated,,Daylight,Wet,Rain,None apparent,Non-intersection:  Non-junction/no special feature,Paved,,Property Damage Only,0,0,0,0,0,0,1500,2,2,,POINT (-96.346532754088 42.475950952171)
2014803694,20140016967,06/16/2014,06-June,2-Monday,15:18,1500 Hours,District 1 (Central),DES MOINES,POLK,US 69,US 69/SE 14TH ST,Collision with:  Vehicle in traffic,On Roadway,Rear-end (front to rear),Followed too close,None Indicated,,Daylight,Dry,Clear,None apparent,Non-intersection:  Non-junction/no special feature,Paved,,Property Damage Only,0,0,0,0,0,0,4500,3,4,,POINT (-93.596842343979 41.542036047935)
2014804608,14-11206,06/16/2014,06-June,2-Monday,13:20,1300 Hours,District 6 (East Central),BETTENDORF,SCOTT,,MIDDLE RD,Collision with:  Vehicle in traffic,On Roadway,Rear-end (front to rear),Lost Control,None Indicated,,Daylight,Dry,Clear,None apparent,Intersection:  T-intersection,Paved,,Property Damage Only,0,0,0,0,0,0,6000,2,6,,POINT (-90.500960406893 41.546054813191)
2014803722,2014-12056,06/16/2014,06-June,2-Monday,04:21,0400 Hours,District 6 (East Central),,SCOTT,,Co Rd Y68/SCOTT PK RD,Collision with:  Animal,,,Animal,None Indicated,,,,,,,Paved,,Property Damage Only,0,0,0,0,0,0,3000,1,1,,POINT (-90.537474056735 41.74531350575)
2014803866,20140017114,06/17/2014,06-June,3-Tuesday,18:10,1800 Hours,District 1 (Central),DES MOINES,POLK,,HENDERSON AVE,Collision with:  Vehicle in traffic,On Roadway,Broadside (front to side),Unknown,None Indicated,,Daylight,Dry,Cloudy,None apparent,Non-intersection:  Driveway access (within),Paved,,Property Damage Only,0,0,0,0,0,0,6800,2,3,,POINT (-93.599983656677 41.624994610394)
2014803646,14-010124,06/17/2014,06-June,3-Tuesday,09:51,0900 Hours,District 5 (Southeast),,HENRY,IA 78,IA 78/IOWA 78,Collision with fixed object:  Ditch,Outside trafficway,Non-collision (single vehicle),Ran off road - left,Drug,,Daylight,Dry,Clear,None apparent,Non-intersection:  Non-junction/no special feature,Paved,,Property Damage Only,0,0,0,0,0,0,1700,1,1,,POINT (-91.536085742841 41.119838293066)
2014804197,01-14-26309,06/17/2014,06-June,3-Tuesday,14:35,1400 Hours,District 6 (East Central),DUBUQUE,DUBUQUE,,JOHN F KENNEDY RD,Collision with:  Vehicle in traffic,On Roadway,"Angle, oncoming left turn",FTYROW:  Making left turn,None Indicated,,Daylight,Dry,Clear,None apparent,Non-intersection:  Driveway access (within),Paved,,Property Damage Only,0,0,0,0,0,0,3700,2,4,,POINT (-90.721459385172 42.504441115816)