Iowa DOT Case Number,Law Enforcement Case Number,Date of Crash,Month of Crash,Day of Week,Time of Crash,Hour,DOT District,City Name,County Name,Route with System,Location Description,First Harmful Event,Location of First Harmful Event,Manner of Crash/Collision,Major Cause,Drug or Alcohol ,Environmental Conditions,Light Conditions,Surface Conditions,Weather Conditions,Roadway Contribution,Roadway Type,Roadway Surface,Work Zone,Crash Severity,Number of Fatalities,Number of Injuries,Number of Major Injuries,Number of Minor Injuries,Number of Possible Injuries,Number of Unknown Injuries,Amount of Property Damage,Number of Vehicles Involved,Total Number of Occupants,Travel Direction,Location
2014804693,14-005164,06/17/2014,06-June,3-Tuesday,17:21,1700 Hours,District 4 (Southwest),ATLANTIC,CASS,US 6,US 6/7TH ST,Collision with:  Vehicle in traffic,On Roadway,Rear-end (front to rear),Other (explain in narrative):  Other,None Indicated,,Daylight,Dry,Cloudy,None apparent,Non-intersection:  Non-junction/no special feature,Paved,,Property Damage Only,0,0,0,0,0,0,8100,3,4,,POINT (-95.005462843139 41.403917461349)
2014804477,1406170230,06/17/2014,06-June,3-Tuesday,02:30,0200 Hours,District 6 (East Central),ANAMOSA,JONES,US 151,US 151,Collision with:  Animal,On Roadway,Non-collision (single vehicle),Animal,None Indicated,,Dark - roadway not lighted,Wet,Rain,None apparent,Non-intersection:  Non-junction/no special feature,Paved,,Property Damage Only,0,0,0,0,0,0,1500,1,7,,POINT (-91.327093361999 42.070574059464)
2014803989,14-60079,06/17/2014,06-June,3-Tuesday,06:20,0600 Hours,District 2 (Northeast),,BLACK HAWK,US 20,US 20,Collision with:  Other non-fixed object (explain in narrative),On Roadway,"Sideswipe, same direction",Other (explain in narrative):  Other,None Indicated,,Daylight,Dry,Clear,None apparent,Non-intersection:  Crossover-related,Paved,,Property Damage Only,0,0,0,0,0,0,9000,2,3,,POINT (-92.129040240114 42.449679372611)
2014804062,14-014589,06/17/2014,06-June,3-Tuesday,16:09,1600 Hours,District 5 (Southeast),,MARION,IA 14,IA 14/IOWA 14 & 130TH PL,Collision with:  Vehicle in traffic,On Roadway,"Sideswipe, same direction",Swerving/Evasive Action,None Indicated,,Daylight,Dry,Clear,None apparent,Intersection:  Other intersection (explain in narrative),Paved,,Minor Injury,0,1,0,1,0,0,10000,2,2,,POINT (-93.107453909062 41.277720642228)
2014805868,14-000724,06/17/2014,06-June,3-Tuesday,23:33,2300 Hours,District 1 (Central),,STORY,US 30,US 30,Collision with:  Animal,,,Animal,None Indicated,,,,,,,Paved,,Property Damage Only,0,0,0,0,0,0,4000,1,1,,POINT (-93.37148752142 42.007755055235)
2014808211,2014035586,06/17/2014,06-June,3-Tuesday,07:50,0700 Hours,District 1 (Central),,POLK,I-35,I-35,Collision with:  Vehicle in traffic,On Roadway,Rear-end (front to rear),Followed too close,None Indicated,,Daylight,Dry,Clear,None apparent,Non-intersection:  Non-junction/no special feature,Paved,,Property Damage Only,0,0,0,0,0,0,8000,2,2,,POINT (-93.678419745387 41.651255694162)
2014803945,14-19063,06/17/2014,06-June,3-Tuesday,11:49,1100 Hours,District 3 (Northwest),SIOUX CITY,WOODBURY,IA 376,IA 376/LEWIS BLVD & 28TH ST,Collision with:  Vehicle in traffic,On Roadway,Rear-end (front to rear),FTYROW:  Other (explain in narrative),None Indicated,,Daylight,Dry,Clear,None apparent,Intersection:  T-intersection,Paved,,Possible/Unknown,0,3,0,0,3,0,12000,2,4,,POINT (-96.368078931697 42.519054004733)
2014806932,AC14-035,06/17/2014,06-June,3-Tuesday,08:55,0800 Hours,District 4 (Southwest),HARLAN,SHELBY,IA 44,IA 44/CHATBURN AVE,Collision with:  Vehicle in traffic,On Roadway,"Sideswipe, same direction",Unknown,None Indicated,,Daylight,Dry,Clear,None apparent,Non-intersection:  Non-junction/no special feature,Paved,,Property Damage Only,0,0,0,0,0,0,5000,2,3,,POINT (-95.337564122745 41.646055270879)
2014804195,01-14-26231,06/17/2014,06-June,3-Tuesday,02:30,0200 Hours,District 6 (East Central),DUBUQUE,DUBUQUE,,ADMIRAL SHEEHY DR,Collision with fixed object:  Curb/island/raised median,On Roadway,Non-collision (single vehicle),Lost Control,None Indicated,,Dark - roadway lighted,Wet,Rain,None apparent,Non-intersection:  Non-junction/no special feature,Paved,,Property Damage Only,0,0,0,0,0,0,2100,1,1,,POINT (-90.64567000723 42.512327870303)
2014803908,2014-40124,06/17/2014,06-June,3-Tuesday,16:30,1600 Hours,District 6 (East Central),DAVENPORT,SCOTT,,N DIVISION ST,Collision with:  Vehicle in traffic,On Roadway,Rear-end (front to rear),Lost Control,None Indicated,,Daylight,Dry,Cloudy,None apparent,Non-intersection:  Non-junction/no special feature,Paved,,Minor Injury,0,3,0,1,2,0,2700,2,2,,POINT (-90.600603852514 41.56596601976)
2014804226,201402065,06/17/2014,06-June,3-Tuesday,15:50,1500 Hours,District 6 (East Central),,LINN,,Co Rd E34/FRONT ST,Collision with:  Parked motor vehicle,Shoulder,Rear-end (front to rear),Swerving/Evasive Action,None Indicated,,Daylight,Dry,Cloudy,None apparent,Non-intersection:  Non-junction/no special feature,Paved,,Minor Injury,0,1,0,1,0,0,25000,2,1,,POINT (-91.717412130957 42.095991271832)
2014803683,20140017043,06/17/2014,06-June,3-Tuesday,07:41,0700 Hours,District 1 (Central),DES MOINES,POLK,,KINGMAN BLVD & 42ND ST,Collision with:  Vehicle in traffic,On Roadway,Broadside (front to side),Other (explain in narrative):  Other,None Indicated,,Daylight,Wet,Clear,Traffic control obscured,Intersection:  Four-way intersection,Paved,,Property Damage Only,0,0,0,0,0,0,6000,2,3,,POINT (-93.674390992701 41.596569761942)
2014804616,2014-40190,06/17/2014,06-June,3-Tuesday,21:24,2100 Hours,District 6 (East Central),DAVENPORT,SCOTT,I-80,I-80,Collision with:  Animal,,,Animal,None Indicated,,,,,,,Paved,,Property Damage Only,0,0,0,0,0,0,4000,1,1,,POINT (-90.511896507245 41.59627714662)
2014803861,20140017082,06/17/2014,06-June,3-Tuesday,13:47,1300 Hours,District 1 (Central),DES MOINES,POLK,,LOCUST ST,Collision with:  Vehicle in traffic,On Roadway,Rear-end (front to rear),Followed too close,None Indicated,,Daylight,Dry,Cloudy,None apparent,Intersection:  Four-way intersection,Paved,,Property Damage Only,0,0,0,0,0,0,2800,2,2,,POINT (-93.620179312905 41.587840718022)
2014804848,14-0699,06/17/2014,06-June,3-Tuesday,07:26,0700 Hours,District 1 (Central),CLIVE,POLK,,UNIVERSITY AVE,Collision with:  Vehicle in traffic,On Roadway,Rear-end (front to rear),Swerving/Evasive Action,None Indicated,,Daylight,Wet,Clear,None apparent,Intersection:  Four-way intersection,Paved,,Property Damage Only,0,0,0,0,0,0,2200,2,2,,POINT (-93.781385806728 41.600440975314)
2014803751,2014035600,06/17/2014,06-June,3-Tuesday,08:56,0800 Hours,District 4 (Southwest),,HARRISON,I-29,I-29,Collision with:  Vehicle in traffic,On Roadway,"Sideswipe, same direction",Crossed centerline (undivided),None Indicated,,Daylight,Dry,Clear,None apparent,Non-intersection:  Non-junction/no special feature,Paved,,Property Damage Only,0,0,0,0,0,0,8000,2,2,,POINT (-96.064586149937 41.812025454291)
2014804074,14-002639,06/17/2014,06-June,3-Tuesday,17:45,1700 Hours,District 1 (Central),ANKENY,POLK,,NW 94TH AVE,Collision with:  Vehicle in traffic,On Roadway,Rear-end (front to rear),Other (explain in narrative):  No improper action,None Indicated,,Daylight,Dry,Clear,None apparent,Non-intersection:  Non-junction/no special feature,Paved,,Property Damage Only,0,0,0,0,0,0,2000,2,2,,POINT (-93.668360788173 41.731819918243)
2014804796,2014035661,06/17/2014,06-June,3-Tuesday,13:00,1300 Hours,District 3 (Northwest),,SIOUX,,Co Rd K30/ELMWOOD AVE & 320TH ST,Collision with:  Vehicle in traffic,On Roadway,"Sideswipe, same direction",Ran off road - right,None Indicated,,Daylight,Dry,Cloudy,None apparent,Intersection:  Four-way intersection,Paved,,Property Damage Only,0,0,0,0,0,0,18250,2,3,,POINT (-96.294763329489 43.185498818916)
2014804012,14009841,06/17/2014,06-June,3-Tuesday,17:02,1700 Hours,District 2 (Northeast),MASON CITY,CERRO GORDO,IA 122,IA 122/4TH ST SW & S TAFT AVE,Collision with:  Vehicle in traffic,On Roadway,Rear-end (front to rear),Followed too close,None Indicated,,Daylight,Dry,Cloudy,None apparent,Non-intersection:  Non-junction/no special feature,Paved,,Possible/Unknown,0,1,0,0,1,0,700,2,2,,POINT (-93.240604050959 43.148339930608)
2014803687,20140017029,06/17/2014,06-June,3-Tuesday,03:08,0300 Hours,District 1 (Central),DES MOINES,POLK,,E DUNHAM AVE,Collision with fixed object:  Utility pole/light support,Outside trafficway,Non-collision (single vehicle),Ran off road - left,None Indicated,,Dark - roadway lighted,Wet,Rain,None apparent,Non-intersection:  Non-junction/no special feature,Paved,,Property Damage Only,0,0,0,0,0,0,1500,1,1,,POINT (-93.60561381866 41.572380827846)
2014815478,,06/17/2014,06-June,3-Tuesday,10:18,1000 Hours,District 2 (Northeast),ALLISON,BUTLER,,4TH ST & WALNUT ST & 194TH ST,Collision with:  Vehicle in traffic,On Roadway,Broadside (front to side),FTYROW:  Other (explain in narrative),None Indicated,,Daylight,Dry,Clear,None apparent,Intersection:  Four-way intersection,Paved,,Property Damage Only,0,0,0,0,0,0,5000,2,3,,POINT (-92.791184843653 42.753724053969)
2014803855,20140017036,06/17/2014,06-June,3-Tuesday,06:27,0600 Hours,District 1 (Central),DES MOINES,POLK,,WILLIAMS ST,Collision with fixed object:  Utility pole/light support,Shoulder,Non-collision (single vehicle),Lost Control,None Indicated,,Dark - roadway lighted,Wet,Rain,"Surface condition (e.g., wet, icy)",Non-intersection:  Non-junction/no special feature,Paved,,Property Damage Only,0,0,0,0,0,0,3000,1,1,,POINT (-93.533363883539 41.605182856505)
2014804117,2014-40077,06/17/2014,06-June,3-Tuesday,12:31,1200 Hours,District 6 (East Central),DAVENPORT,SCOTT,,MARQUETTE ST,Collision with:  Vehicle in traffic,On Roadway,Rear-end (front to rear),Followed too close,None Indicated,,Daylight,Dry,Clear,None apparent,Non-intersection:  Non-junction/no special feature,Paved,,Property Damage Only,0,0,0,0,0,0,3000,2,2,,POINT (-90.591223078379 41.546676211447)
2014803876,14-024944,06/17/2014,06-June,3-Tuesday,10:35,1000 Hours,District 4 (Southwest),COUNCIL BLUFFS,POTTAWATTAMIE,,VINE ST,Collision with:  Vehicle in traffic,On Roadway,Head-on (front to front),Traveling wrong way or on wrong side of road,None Indicated,,Daylight,Dry,Clear,None apparent,Non-intersection:  Non-junction/no special feature,Paved,,Property Damage Only,0,0,0,0,0,0,8000,2,2,,POINT (-95.844868938393 41.263873838729)
2014804051,201408613,06/17/2014,06-June,3-Tuesday,14:30,1400 Hours,District 6 (East Central),CEDAR RAPIDS,LINN,,4TH AVE SE & 6TH ST SE,Collision with:  Vehicle in traffic,On Roadway,"Sideswipe, same direction",Made improper turn,None Indicated,,Daylight,Dry,Cloudy,None apparent,Non-intersection:  Non-junction/no special feature,Paved,,Property Damage Only,0,0,0,0,0,0,3600,2,2,,POINT (-91.661625032393 41.978739860825)
2014806273,14-005154,06/17/2014,06-June,3-Tuesday,02:09,0200 Hours,District 4 (Southwest),LEWIS,CASS,,MAIN ST,Collision with fixed object:  Traffic sign support,Outside trafficway,Non-collision (single vehicle),Driving too fast for conditions,None Indicated,,Dark - roadway not lighted,Dry,Cloudy,None apparent,Non-intersection:  Other non-intersection (explain in narrative),Paved,,Major Injury,0,1,1,0,0,0,8850,1,1,,POINT (-95.075301041887 41.305719006158)
2014803780,14-3574,06/17/2014,06-June,3-Tuesday,10:28,1000 Hours,District 3 (Northwest),CHEROKEE,CHEROKEE,,E BLUFF ST & CENTRAL ST,Collision with:  Vehicle in traffic,On Roadway,Unknown,Unknown,None Indicated,,Daylight,Dry,Clear,None apparent,Non-intersection:  Non-junction/no special feature,Paved,,Property Damage Only,0,0,0,0,0,0,2000,2,5,,POINT (-95.549385846905 42.755130327644)
2014803947,14-19076,06/17/2014,06-June,3-Tuesday,13:52,1300 Hours,District 3 (Northwest),SIOUX CITY,WOODBURY,IA 376,IA 376/LEWIS BLVD & 28TH ST,Collision with:  Vehicle in traffic,On Roadway,Rear-end (front to rear),Lost Control,None Indicated,,Daylight,Dry,Clear,None apparent,Non-intersection:  Non-junction/no special feature,Paved,,Property Damage Only,0,0,0,0,0,0,2500,2,2,,POINT (-96.368078931697 42.519054004733)
2014803784,CL14002015,06/17/2014,06-June,3-Tuesday,15:01,1500 Hours,District 6 (East Central),CLINTON,CLINTON,,N BLUFF BLVD,Collision with:  Vehicle in traffic,On Roadway,Rear-end (front to rear),Followed too close,None Indicated,,Daylight,Dry,Clear,None apparent,Non-intersection:  Driveway access (within),Paved,,Property Damage Only,0,0,0,0,0,0,4000,2,4,,POINT (-90.20062251234 41.847726906359)
2014804160,144224,06/17/2014,06-June,3-Tuesday,22:30,2200 Hours,District 4 (Southwest),,DALLAS,,Co Rd R16/R AVE & PUCKERBUSH RD,Collision with:  Animal,,,Animal,None Indicated,,,,,,,Paved,,Property Damage Only,0,0,0,0,0,0,2500,1,1,,POINT (-93.954652601025 41.575326777374)
2014804606,GP20140482,06/17/2014,06-June,3-Tuesday,19:06,1900 Hours,District 1 (Central),GRINNELL,POWESHIEK,,8TH AVE,Collision with:  Vehicle in traffic,On Roadway,Rear-end (front to rear),Improper Backing,None Indicated,,Daylight,Dry,Cloudy,None apparent,Non-intersection:  Non-junction/no special feature,Paved,,Property Damage Only,0,0,0,0,0,0,3000,2,3,,POINT (-92.710243684555 41.74903462152)
2014804004,061714-0153,06/17/2014,06-June,3-Tuesday,13:56,1300 Hours,District 3 (Northwest),STORM LAKE,BUENA VISTA,IA 7,IA 7/FLINDT RD & E RICHLAND ST,Collision with:  Vehicle in traffic,On Roadway,Broadside (front to side),Ran Traffic Signal,None Indicated,,Daylight,Dry,Clear,None apparent,Intersection:  Four-way intersection,Paved,,Property Damage Only,0,0,0,0,0,0,2750,2,2,,POINT (-95.186192128475 42.640814513807)
2014803856,20140017127,06/17/2014,06-June,3-Tuesday,21:55,2100 Hours,District 1 (Central),DES MOINES,POLK,,7TH ST,Collision with:  Parked motor vehicle,On Roadway,"Sideswipe, same direction",Lost Control,Alcohol (Statutory),,Dark - roadway lighted,Dry,Clear,Non-highway work,Non-intersection:  Non-junction/no special feature,Paved,,Property Damage Only,0,0,0,0,0,0,1800,2,1,,POINT (-93.627008428067 41.611654829481)
2014803846,06-14-150,06/17/2014,06-June,3-Tuesday,15:50,1500 Hours,District 3 (Northwest),LE MARS,PLYMOUTH,,16TH ST SE,Collision with:  Vehicle in traffic,On Roadway,Rear-end (front to rear),Unknown,None Indicated,,Daylight,Dry,Clear,None apparent,Non-intersection:  Driveway access (within),Paved,,Property Damage Only,0,0,0,0,0,0,1800,2,3,,POINT (-96.158783335445 42.773085577921)
2014804311,2014035708,06/17/2014,06-June,3-Tuesday,16:15,1600 Hours,District 6 (East Central),,CEDAR,I-80,I-80,Collision with:  Vehicle in traffic,On Roadway,"Sideswipe, same direction",Improper or erratic lane changing,None Indicated,,Daylight,Dry,Cloudy,None apparent,Non-intersection:  Non-junction/no special feature,Paved,,Property Damage Only,0,0,0,0,0,0,6000,2,3,,POINT (-91.135663235764 41.645575931607)
2014804333,2014035654,06/17/2014,06-June,3-Tuesday,12:25,1200 Hours,District 4 (Southwest),,DALLAS,I-80,I-80,Collision with:  Vehicle in traffic,On Roadway,"Sideswipe, same direction",FTYROW:  Other (explain in narrative),None Indicated,,Daylight,Dry,Clear,None apparent,Non-intersection:  Other non-intersection (explain in narrative),Paved,,Property Damage Only,0,0,0,0,0,0,2100,2,3,,POINT (-93.966966052719 41.545193859097)
2014803806,SO1402330,06/17/2014,06-June,3-Tuesday,23:28,2300 Hours,District 5 (Southeast),,JEFFERSON,IA 1,IA 1/IOWA 1,Collision with fixed object:  Ditch,Shoulder,Non-collision (single vehicle),Ran off road - right,Alcohol (Statutory),,Dark - roadway not lighted,Dry,Clear,None apparent,Non-intersection:  Non-junction/no special feature,Paved,,Possible/Unknown,0,1,0,0,0,1,1500,1,1,,POINT (-91.956686355962 40.956975619404)
2014804675,,06/17/2014,06-June,3-Tuesday,08:26,0800 Hours,District 6 (East Central),CEDAR RAPIDS,LINN,,F AVE NW & 27TH ST NW,Collision with:  Vehicle in traffic,On Roadway,Rear-end (front to rear),Unknown,None Indicated,,Daylight,Dry,Clear,,Non-intersection:  Non-junction/no special feature,Paved,,Property Damage Only,0,0,0,0,0,0,3000,3,3,,POINT (-91.708121440553 41.979867015067)
2014803871,14-1327,06/17/2014,06-June,3-Tuesday,15:02,1500 Hours,District 1 (Central),URBANDALE,POLK,,86TH ST,Collision with:  Vehicle in traffic,On Roadway,Rear-end (front to rear),Other (explain in narrative):  Other,None Indicated,,Daylight,Dry,Cloudy,None apparent,Non-intersection:  Non-junction/no special feature,Paved,,Possible/Unknown,0,1,0,0,1,0,6600,3,10,,POINT (-93.736543642526 41.629028581011)
2014804441,80-14-191,06/17/2014,06-June,3-Tuesday,17:15,1700 Hours,District 2 (Northeast),HUMBOLDT,HUMBOLDT,,SUMNER AVE & 5TH ST S & 5TH ST N,Collision with:  Non-motorist (see non-motorist section - NOT a unit),Roadside,Non-collision (single vehicle),FTYROW:  To pedestrian,None Indicated,,Daylight,Dry,Cloudy,None apparent,Non-intersection:  Non-junction/no special feature,Paved,,Minor Injury,0,1,0,1,0,0,200,1,1,,POINT (-94.214512261371 42.72113372785)
2014803703,14-001339,06/17/2014,06-June,3-Tuesday,04:30,0400 Hours,District 1 (Central),ALTOONA,POLK,,12TH AVE NW,Collision with:  Other non-fixed object (explain in narrative),On Roadway,Non-collision (single vehicle),Driving too fast for conditions,None Indicated,,Dark - roadway lighted,Wet,Rain,Work Zone (roadway-related),Non-intersection:  Non-junction/no special feature,Paved,Yes,Property Damage Only,0,0,0,0,0,0,3000,1,2,,POINT (-93.478258928883 41.654262410911)
2014803854,20140017034,06/17/2014,06-June,3-Tuesday,05:57,0500 Hours,District 1 (Central),DES MOINES,POLK,,COTTAGE GROVE AVE & MLK JR PKWY,Collision with:  Vehicle in traffic,On Roadway,Broadside (front to side),FTYROW:  Other (explain in narrative),None Indicated,,Dawn,Wet,Rain,None apparent,Intersection:  Four-way intersection,Paved,,Property Damage Only,0,0,0,0,0,0,4000,2,3,,POINT (-93.644347304609 41.594373170067)
2014804495,14013939,06/17/2014,06-June,3-Tuesday,16:50,1600 Hours,District 5 (Southeast),OSKALOOSA,MAHASKA,,N 3RD ST,Collision with:  Vehicle in traffic,Roadside,Rear-end (front to rear),FTYROW:  From driveway,None Indicated,,Daylight,Dry,Cloudy,None apparent,Non-intersection:  Driveway access (within),Paved,,Property Damage Only,0,0,0,0,0,0,3600,2,2,,POINT (-92.641498516859 41.298750170293)
2014803862,20140017090,06/17/2014,06-June,3-Tuesday,14:52,1400 Hours,District 1 (Central),DES MOINES,POLK,I-235,I-235,Collision with:  Vehicle in traffic,On Roadway,Rear-end (front to rear),Other (explain in narrative):  Vision obstructed,None Indicated,,Daylight,Dry,Cloudy,Obstruction in roadway,Interchange-related:  On-ramp merge area,Paved,,Property Damage Only,0,0,0,0,0,0,4000,2,2,,POINT (-93.648745899042 41.595078018886)
2014804126,201400029189,06/17/2014,06-June,3-Tuesday,18:39,1800 Hours,District 5 (Southeast),OTTUMWA,WAPELLO,,E 4TH ST & N JEFFERSON ST,Collision with:  Vehicle in traffic,On Roadway,"Angle, oncoming left turn",Ran Stop Sign,None Indicated,,Daylight,Dry,Cloudy,None apparent,Intersection:  Four-way intersection,Paved,,Minor Injury,0,1,0,1,0,0,8500,3,4,,POINT (-92.407149230277 41.016959673134)
2014803805,PD1405146,06/17/2014,06-June,3-Tuesday,06:45,0600 Hours,District 5 (Southeast),FAIRFIELD,JEFFERSON,,W BURLINGTON AVE & S 6TH ST & N 6TH ST,Collision with:  Vehicle in traffic,On Roadway,Broadside (front to side),Other (explain in narrative):  Other,None Indicated,,Daylight,Dry,Cloudy,None apparent,Non-intersection:  Non-junction/no special feature,Paved,,Property Damage Only,0,0,0,0,0,0,4500,2,2,,POINT (-91.970483148591 41.006571924344)
2014804159,144223,06/17/2014,06-June,3-Tuesday,21:42,2100 Hours,District 4 (Southwest),,DALLAS,US 169,US 169/N AVE,Collision with:  Animal,,,Animal,None Indicated,,,,,,,Paved,,Property Damage Only,0,0,0,0,0,0,1500,1,1,,POINT (-94.024969647206 41.708034900941)
2014810129,14-000694,06/17/2014,06-June,3-Tuesday,07:35,0700 Hours,District 1 (Central),JOHNSTON,POLK,,MERLE HAY RD,Collision with:  Vehicle in traffic,On Roadway,Rear-end (front to rear),Other (explain in narrative):  Other,None Indicated,,Daylight,Wet,Clear,None apparent,Non-intersection:  Non-junction/no special feature,Paved,,Property Damage Only,0,0,0,0,0,0,5600,3,3,,POINT (-93.69770360392 41.659877173437)
2014804196,01-14-26284,06/17/2014,06-June,3-Tuesday,12:20,1200 Hours,District 6 (East Central),DUBUQUE,DUBUQUE,,JOHN F KENNEDY RD,Collision with:  Vehicle in traffic,On Roadway,Rear-end (front to rear),Lost Control,None Indicated,,Daylight,Dry,Clear,None apparent,Non-intersection:  Non-junction/no special feature,Paved,,Property Damage Only,0,0,0,0,0,0,3500,2,4,,POINT (-90.721298680273 42.501160010173)
2014803782,CL14002011,06/17/2014,06-June,3-Tuesday,06:59,0600 Hours,District 6 (East Central),CLINTON,CLINTON,,44TH AVE S,Collision with fixed object:  Tree,On Roadway,Non-collision (single vehicle),Other (explain in narrative):  No improper action,None Indicated,,Daylight,Wet,Cloudy,None apparent,Non-intersection:  Non-junction/no special feature,Paved,,Possible/Unknown,0,1,0,0,1,0,1600,1,1,,POINT (-90.334901423234 41.801148225373)
2014804235,201408627,06/17/2014,06-June,3-Tuesday,20:00,2000 Hours,District 6 (East Central),CEDAR RAPIDS,LINN,I-380,I-380,Non-collision events:  Other non-collision (explain in narrative),On Roadway,Non-collision (single vehicle),Ran off road - right,None Indicated,,Dusk,Dry,Cloudy,None apparent,Interchange-related:  On-ramp merge area,Paved,,Property Damage Only,0,0,0,0,0,0,5500,1,1,,POINT (-91.664428105604 41.984383518898)
2014803844,14-025351,06/17/2014,06-June,3-Tuesday,16:57,1600 Hours,District 5 (Southeast),MUSCATINE,MUSCATINE,,MISSISSIPPI DR & CEDAR ST,Collision with:  Vehicle in traffic,On Roadway,Rear-end (front to rear),Followed too close,None Indicated,,Daylight,Dry,Clear,None apparent,Intersection:  Four-way intersection,Paved,,Property Damage Only,0,0,0,0,0,0,4300,2,2,,POINT (-91.042705536701 41.421644236035)
2014805243,14003608,06/17/2014,06-June,3-Tuesday,14:30,1400 Hours,District 3 (Northwest),AURELIA,CHEROKEE,,Co Rd C63/610TH ST,Collision with fixed object:  Ditch,On Roadway,Non-collision (single vehicle),Ran off road - left,None Indicated,,Daylight,Dry,Cloudy,None apparent,Non-intersection:  Other non-intersection (explain in narrative),Paved,,Property Damage Only,0,0,0,0,0,0,15000,1,2,,POINT (-95.468165426042 42.634399147718)
2014803688,20140017032,06/17/2014,06-June,3-Tuesday,04:41,0400 Hours,District 1 (Central),DES MOINES,POLK,I-235,I-235 & MLK JR PKWY,Collision with:  Vehicle in traffic,On Roadway,Broadside (front to side),Other (explain in narrative):  Other,None Indicated,,Dark - roadway not lighted,Wet,Rain,"Surface condition (e.g., wet, icy)",Intersection:  Intersection with ramp,Paved,,Minor Injury,0,1,0,1,0,0,10000,2,3,,POINT (-93.644295380076 41.596391081848)
2014803976,2014035562,06/17/2014,06-June,3-Tuesday,01:28,0100 Hours,District 4 (Southwest),,ADAIR,I-80,I-80,Non-collision events:  Overturn/rollover,Median,Non-collision (single vehicle),Ran off road - left,None Indicated,,Dark - roadway not lighted,Wet,Rain,None apparent,Non-intersection:  Non-junction/no special feature,Paved,,Minor Injury,0,2,0,2,0,0,15000,1,2,,POINT (-94.359092915871 41.493111476847)
2014803686,20140017076,06/17/2014,06-June,3-Tuesday,13:00,1300 Hours,District 1 (Central),DES MOINES,POLK,,PHILIP ST,Collision with:  Vehicle in traffic,On Roadway,Broadside (front to side),Driver Distraction:  Manual operation of an electronic communication device,None Indicated,,Daylight,Dry,Cloudy,None apparent,Non-intersection:  Driveway access (within),Paved,,Property Damage Only,0,0,0,0,0,0,1600,2,1,,POINT (-93.616863838657 41.544533505386)
2014803948,14-19103,06/17/2014,06-June,3-Tuesday,16:33,1600 Hours,District 3 (Northwest),SIOUX CITY,WOODBURY,I-29,I-29 & LARSEN PARK RD & HAMILTON BLVD,Collision with:  Vehicle in traffic,On Roadway,"Sideswipe, same direction",FTYROW:  Making left turn,None Indicated,,Daylight,Dry,Clear,None apparent,Intersection:  Intersection with ramp,Paved,,Property Damage Only,0,0,0,0,0,0,3000,2,4,,POINT (-96.424351226359 42.491433594094)
2014803909,14HPD0057,06/17/2014,06-June,3-Tuesday,17:30,1700 Hours,District 3 (Northwest),HAWARDEN,SIOUX,,AVE C,Collision with:  Parked motor vehicle,On Roadway,Rear-end (front to rear),Improper Backing,None Indicated,,Daylight,Dry,Cloudy,None apparent,Non-intersection:  Non-junction/no special feature,Paved,,Property Damage Only,0,0,0,0,0,0,6500,2,2,,POINT (-96.491517663603 42.995105485031)
2014803982,,06/17/2014,06-June,3-Tuesday,08:15,0800 Hours,District 6 (East Central),LISBON,LINN,,S WASHINGTON ST,Collision with:  Vehicle in traffic,On Roadway,"Angle, oncoming left turn",FTYROW:  At uncontrolled intersection,None Indicated,,Daylight,Dry,Cloudy,None apparent,Intersection:  T-intersection,Paved,,Property Damage Only,0,0,0,0,0,0,2500,2,2,,POINT (-91.38552713733 41.913341634852)
2014804371,W14-060211,06/17/2014,06-June,3-Tuesday,14:39,1400 Hours,District 2 (Northeast),WATERLOO,BLACK HAWK,US 218,US 218/WASHINGTON ST & E SHAULIS RD,Collision with:  Vehicle in traffic,On Roadway,Broadside (front to side),Ran Traffic Signal,None Indicated,,Daylight,Dry,Cloudy,None apparent,Intersection:  Four-way intersection,Paved,,Property Damage Only,0,0,0,0,0,0,8800,3,3,,POINT (-92.298837003222 42.442216189899)
2014806277,14003589,06/17/2014,06-June,3-Tuesday,20:40,2000 Hours,District 3 (Northwest),CHEROKEE,CHEROKEE,US 59,US 59/N 2ND ST,Collision with fixed object:  Other fixed object (explain in narrative),On Roadway,Non-collision (single vehicle),Other (explain in narrative):  No improper action,None Indicated,,Dusk,Dry,Clear,None apparent,Non-intersection:  Non-junction/no special feature,Paved,,Property Damage Only,0,0,0,0,0,0,1500,1,3,,POINT (-95.551521777377 42.756856668276)
2014804678,,06/17/2014,06-June,3-Tuesday,05:30,0500 Hours,District 5 (Southeast),,WASHINGTON,US 218,US 218,Collision with:  Animal,On Roadway,Non-collision (single vehicle),Animal,None Indicated,,Dawn,Wet,Rain,,Non-intersection:  Non-junction/no special feature,Paved,,Possible/Unknown,0,1,0,0,1,0,0,1,1,,POINT (-91.540083942724 41.307767732873)
2014804125,201400029104,06/17/2014,06-June,3-Tuesday,10:28,1000 Hours,District 5 (Southeast),OTTUMWA,WAPELLO,,E MAIN ST & S IOWA AVE,Collision with:  Vehicle in traffic,On Roadway,Broadside (front to side),Ran Stop Sign,None Indicated,,Daylight,Dry,Cloudy,None apparent,Intersection:  Four-way intersection,Paved,,Minor Injury,0,1,0,1,0,0,6500,2,4,,POINT (-92.395634319695 41.009387075021)
2014804224,201402061,06/17/2014,06-June,3-Tuesday,00:00,0000 Hours,District 6 (East Central),,LINN,,HAGERMAN RD & FEATHER RIDGE RD,Non-collision events:  Overturn/rollover,Roadside,Non-collision (single vehicle),Ran off road - right,None Indicated,,Dark - roadway not lighted,"Mud, dirt",Rain,None apparent,Intersection:  Other intersection (explain in narrative),Unpaved,,Property Damage Only,0,0,0,0,0,0,5000,1,2,,POINT (-91.746266027765 42.124788017783)