Iowa DOT Case Number,Law Enforcement Case Number,Date of Crash,Month of Crash,Day of Week,Time of Crash,Hour,DOT District,City Name,County Name,Route with System,Location Description,First Harmful Event,Location of First Harmful Event,Manner of Crash/Collision,Major Cause,Drug or Alcohol ,Environmental Conditions,Light Conditions,Surface Conditions,Weather Conditions,Roadway Contribution,Roadway Type,Roadway Surface,Work Zone,Crash Severity,Number of Fatalities,Number of Injuries,Number of Major Injuries,Number of Minor Injuries,Number of Possible Injuries,Number of Unknown Injuries,Amount of Property Damage,Number of Vehicles Involved,Total Number of Occupants,Travel Direction,Location
2014805904,2014036128,06/19/2014,06-June,5-Thursday,15:10,1500 Hours,District 2 (Northeast),RUDD,FLOYD,US 18,US 18 & 6TH ST & GLASS AVE,Collision with:  Vehicle in traffic,On Roadway,Broadside (front to side),FTYROW:  From yield sign,None Indicated,,Daylight,Wet,Cloudy,None apparent,Intersection:  Four-way intersection,Paved,,Minor Injury,0,1,0,1,0,0,4500,2,3,,POINT (-92.905544870898 43.119062938834)
2014804336,14-003853,06/19/2014,06-June,5-Thursday,15:08,1500 Hours,District 2 (Northeast),,KOSSUTH,US 18,US 18,Collision with:  Vehicle in traffic,On Roadway,Rear-end (front to rear),Other (explain in narrative):  Other,None Indicated,,Daylight,Wet,Rain,Work Zone (roadway-related),Non-intersection:  Other non-intersection (explain in narrative),Paved,Yes,Possible/Unknown,0,1,0,0,1,0,3500,2,3,,POINT (-94.398542533016 43.083063123506)
2014804322,2014036154,06/19/2014,06-June,5-Thursday,18:12,1800 Hours,District 1 (Central),ALTOONA,POLK,I-80,I-80,Collision with fixed object:  Concrete traffic barrier (median or right side),On Roadway,Non-collision (single vehicle),Driving too fast for conditions,None Indicated,,Daylight,Wet,Rain,Work Zone (roadway-related),Non-intersection:  Non-junction/no special feature,Paved,Yes,Property Damage Only,0,0,0,0,0,0,3000,1,1,,POINT (-93.480984146253 41.66219536175)
2014804246,20140017319,06/19/2014,06-June,5-Thursday,13:08,1300 Hours,District 1 (Central),DES MOINES,POLK,,GRAND AVE,Collision with:  Vehicle in traffic,On Roadway,Rear-end (front to rear),Unknown,None Indicated,,Daylight,Dry,Cloudy,None apparent,Non-intersection:  Driveway access (within),Paved,,Property Damage Only,0,0,0,0,0,0,10000,2,2,,POINT (-93.651026567689 41.584418565313)
2014804521,14-002666,06/19/2014,06-June,5-Thursday,18:41,1800 Hours,District 1 (Central),ANKENY,POLK,,SW STATE ST,Collision with:  Vehicle in traffic,On Roadway,Broadside (front to side),FTYROW:  From stop sign,None Indicated,,Daylight,Wet,Rain,None apparent,Non-intersection:  Driveway access (within),Paved,,Property Damage Only,0,0,0,0,0,0,5000,2,3,,POINT (-93.621798837089 41.705222298702)
2014804280,14-11451,06/19/2014,06-June,5-Thursday,14:51,1400 Hours,District 6 (East Central),BETTENDORF,SCOTT,I-74,I-74 & KIMBERLY RD,Collision with:  Vehicle in traffic,On Roadway,"Sideswipe, same direction",Made improper turn,None Indicated,,Daylight,Dry,Clear,None apparent,Intersection:  Intersection with ramp,Paved,,Property Damage Only,0,0,0,0,0,0,3500,2,3,,POINT (-90.513619533969 41.529496512061)
2014804301,14-19351,06/19/2014,06-June,5-Thursday,17:08,1700 Hours,District 3 (Northwest),SIOUX CITY,WOODBURY,,W 19TH ST & ROSS ST,Collision with:  Vehicle in traffic,On Roadway,Broadside (front to side),Ran Stop Sign,None Indicated,,Daylight,Dry,Clear,None apparent,Intersection:  Four-way intersection,Paved,,Property Damage Only,0,0,0,0,0,0,10500,3,6,,POINT (-96.428553741966 42.510433268754)
2014805695,2014036136,06/19/2014,06-June,5-Thursday,14:45,1400 Hours,District 1 (Central),DES MOINES,POLK,US 69,US 69/E 14TH ST & DES MOINES ST,Collision with:  Vehicle in traffic,On Roadway,Rear-end (front to rear),FTYROW:  Other (explain in narrative),None Indicated,,Daylight,Dry,Clear,None apparent,Non-intersection:  Non-junction/no special feature,Paved,,Property Damage Only,0,0,0,0,0,0,7500,2,7,,POINT (-93.598368928374 41.594459534825)
2014804202,01-14-26612,06/19/2014,06-June,5-Thursday,11:45,1100 Hours,District 6 (East Central),DUBUQUE,DUBUQUE,,CEDAR CROSS RD,Collision with:  Vehicle in traffic,On Roadway,Rear-end (front to rear),Followed too close,None Indicated,,Daylight,Dry,Cloudy,None apparent,Intersection:  T-intersection,Paved,,Property Damage Only,0,0,0,0,0,0,1600,2,3,,POINT (-90.710657834191 42.480271773966)
2014804446,2014006684,06/19/2014,06-June,5-Thursday,15:03,1500 Hours,District 6 (East Central),IOWA CITY,JOHNSON,,E BURLINGTON ST,Collision with:  Vehicle in traffic,On Roadway,Rear-end (front to rear),Driving too fast for conditions,None Indicated,,Daylight,Wet,Rain,"Surface condition (e.g., wet, icy)",Non-intersection:  Driveway access (within),Paved,,Property Damage Only,0,0,0,0,0,0,3500,2,3,,POINT (-91.519197795465 41.657796294638)
2014804249,20140017353,06/19/2014,06-June,5-Thursday,18:18,1800 Hours,District 1 (Central),DES MOINES,POLK,I-235,I-235,Collision with fixed object:  Curb/island/raised median,On Roadway,Non-collision (single vehicle),Driving too fast for conditions,None Indicated,,Daylight,Wet,Rain,"Surface condition (e.g., wet, icy)",Non-intersection:  Non-junction/no special feature,Paved,,Property Damage Only,0,0,0,0,0,0,6050,1,2,,POINT (-93.588309873557 41.599294294733)
2014804231,201408717,06/19/2014,06-June,5-Thursday,17:23,1700 Hours,District 6 (East Central),CEDAR RAPIDS,LINN,,11TH AVE SW & VETERANS MEMORIAL DR & 15TH ST SW,Collision with:  Vehicle in traffic,On Roadway,Broadside (front to side),FTYROW:  From stop sign,None Indicated,,Daylight,Wet,Rain,None apparent,Intersection:  Four-way intersection,Paved,,Property Damage Only,0,0,0,0,0,0,7000,2,2,,POINT (-91.69173846546 41.966459977848)
2014805485,14-140619-01,06/19/2014,06-June,5-Thursday,14:30,1400 Hours,District 6 (East Central),,JOHNSON,,JOHNSON IOWA RD,Collision with:  Animal,,,Animal,None Indicated,,,,,,,Unpaved,,Property Damage Only,0,0,0,0,0,0,2300,1,1,,POINT (-91.834156366153 41.685597724658)
2014804375,W14-060910,06/19/2014,06-June,5-Thursday,13:21,1300 Hours,District 2 (Northeast),WATERLOO,BLACK HAWK,,STRATFORD AVE & ANSBOROUGH AVE,Collision with:  Vehicle in traffic,On Roadway,Broadside (front to side),Ran Traffic Signal,None Indicated,,Daylight,Wet,Rain,None apparent,Intersection:  Four-way intersection,Paved,,Possible/Unknown,0,1,0,0,1,0,7000,2,2,,POINT (-92.376794423218 42.504266726517)
2014804120,2014-40539,06/19/2014,06-June,5-Thursday,08:57,0800 Hours,District 6 (East Central),DAVENPORT,SCOTT,,IA 461/HARRISON ST & W 16TH ST,Collision with:  Vehicle in traffic,On Roadway,"Sideswipe, same direction",Crossed centerline (undivided),None Indicated,,Daylight,Wet,Cloudy,None apparent,Non-intersection:  Non-junction/no special feature,Paved,,Property Damage Only,0,0,0,0,0,0,5500,2,3,,POINT (-90.577215548486 41.535889306976)
2014809978,144325PD,06/19/2014,06-June,5-Thursday,23:31,2300 Hours,District 1 (Central),BOONE,BOONE,US 30,US 30/220TH ST,Collision with:  Animal,,,Animal,None Indicated,,,,,,,Paved,,Property Damage Only,0,0,0,0,0,0,3000,1,1,,POINT (-93.88878157015 42.034771949964)
2014805233,,06/19/2014,06-June,5-Thursday,18:30,1800 Hours,District 2 (Northeast),HAWKEYE,FAYETTE,,,Collision with:  Vehicle in traffic,On Roadway,Broadside (front to side),Unknown,None Indicated,,Daylight,Dry,Cloudy,,Non-intersection:  Alley,,,Property Damage Only,0,0,0,0,0,0,5000,2,2,,POINT (-96.643700149993 40.233091251414)
2014810102,14-15603,06/19/2014,06-June,5-Thursday,18:45,1800 Hours,District 1 (Central),NEWTON,JASPER,US 6,US 6/1ST AVE E & E 23RD ST S & E 23RD ST N,Collision with:  Parked motor vehicle,Outside trafficway,"Sideswipe, same direction",Over correcting/over steering,None Indicated,,Daylight,Wet,Rain,None apparent,Non-intersection:  Driveway access (within),Paved,,Property Damage Only,0,0,0,0,0,0,2500,2,3,,POINT (-93.024192803065 41.69915581276)
2014804241,14012642,06/19/2014,06-June,5-Thursday,14:35,1400 Hours,District 6 (East Central),MARION,LINN,,7TH AVE,Collision with:  Vehicle in traffic,On Roadway,"Angle, oncoming left turn",FTYROW:  Making left turn,None Indicated,,Daylight,Wet,Rain,None apparent,Non-intersection:  Driveway access (within),Paved,,Property Damage Only,0,0,0,0,0,0,8000,2,4,,POINT (-91.605295627495 42.033332350223)
2014804283,2014-40560,06/19/2014,06-June,5-Thursday,11:32,1100 Hours,District 6 (East Central),DAVENPORT,SCOTT,US 6,US 6/W KIMBERLY RD,Collision with:  Vehicle in traffic,On Roadway,Rear-end (front to rear),Lost Control,None Indicated,,Daylight,Dry,Clear,None apparent,Intersection:  Four-way intersection,Paved,,Minor Injury,0,1,0,1,0,0,3000,3,3,,POINT (-90.590963223256 41.560126327159)
2014804816,14-20851,06/19/2014,06-June,5-Thursday,04:18,0400 Hours,District 5 (Southeast),BURLINGTON,DES MOINES,,65TH ST & SOUTH GEAR AVE,Collision with fixed object:  Ditch,On Roadway,Non-collision (single vehicle),Driving too fast for conditions,None Indicated,,Dark - roadway not lighted,"Mud, dirt",Clear,None apparent,Intersection:  Other intersection (explain in narrative),Unpaved,,Property Damage Only,0,0,0,0,0,0,6000,1,1,,POINT (-91.170663617478 40.775385342109)
2014804572,14-1343,06/19/2014,06-June,5-Thursday,08:00,0800 Hours,District 1 (Central),URBANDALE,POLK,US 6,US 6/HICKMAN RD,Collision with:  Vehicle in traffic,On Roadway,Rear-end (front to rear),Followed too close,None Indicated,,Daylight,Dry,Clear,None apparent,Non-intersection:  Non-junction/no special feature,Paved,,Property Damage Only,0,0,0,0,0,0,2500,2,2,,POINT (-93.788882373875 41.614945384556)
2014804149,W14-061104,06/19/2014,06-June,5-Thursday,23:39,2300 Hours,District 2 (Northeast),WATERLOO,BLACK HAWK,,E RIDGEWAY AVE & BALTIMORE ST,Collision with:  Vehicle in traffic,On Roadway,Broadside (front to side),Unknown,None Indicated,,Dark - roadway lighted,Wet,Clear,None apparent,Intersection:  Four-way intersection,Paved,,Property Damage Only,0,0,0,0,0,0,8000,2,3,,POINT (-92.349624140561 42.469425226583)
2014808182,14-055,06/19/2014,06-June,5-Thursday,16:40,1600 Hours,District 3 (Northwest),SIOUX CENTER,SIOUX,US 75,US 75/MAIN AVE & 20TH ST SW & 20TH ST SE,Collision with:  Vehicle in traffic,On Roadway,"Angle, oncoming left turn",FTYROW:  Making left turn,None Indicated,,Daylight,Dry,Clear,None apparent,Intersection:  Four-way intersection,Paved,,Major Injury,0,2,1,1,0,0,5000,2,3,,POINT (-96.175289175343 43.055189577112)
2014804247,20140017341,06/19/2014,06-June,5-Thursday,17:00,1700 Hours,District 1 (Central),DES MOINES,POLK,,E WATROUS AVE,Collision with:  Vehicle in traffic,On Roadway,Broadside (front to side),FTYROW:  Making left turn,None Indicated,,Daylight,Dry,Cloudy,None apparent,Non-intersection:  Driveway access (within),Paved,,Property Damage Only,0,0,0,0,0,0,5075,2,4,,POINT (-93.596478454468 41.548099865835)
2014804445,2014006683,06/19/2014,06-June,5-Thursday,14:25,1400 Hours,District 6 (East Central),IOWA CITY,JOHNSON,US 6,US 6 & BOYRUM ST,Collision with:  Vehicle in traffic,On Roadway,Broadside (front to side),Ran Traffic Signal,None Indicated,,Daylight,Dry,Cloudy,None apparent,Intersection:  Four-way intersection,Paved,,Property Damage Only,0,0,0,0,0,0,6200,2,2,,POINT (-91.527767397029 41.644333056299)
2014804990,061914-59,06/19/2014,06-June,5-Thursday,11:10,1100 Hours,District 3 (Northwest),STORM LAKE,BUENA VISTA,IA 7,IA 7/W MILWAUKEE AVE & BARTON ST,Collision with:  Vehicle in traffic,On Roadway,Rear-end (front to rear),Followed too close,None Indicated,,Daylight,Dry,Clear,None apparent,Non-intersection:  Non-junction/no special feature,Paved,,Property Damage Only,0,0,0,0,0,0,2300,2,2,,POINT (-95.21429929356 42.647487510924)
2014806444,2014-40652,06/19/2014,06-June,5-Thursday,17:16,1700 Hours,District 6 (East Central),DAVENPORT,SCOTT,I-280,I-280,Non-collision events:  Overturn/rollover,On Roadway,Non-collision (single vehicle),Driving too fast for conditions,None Indicated,,Daylight,Wet,Rain,None apparent,Interchange-related:  On-ramp merge area,Paved,,Property Damage Only,0,0,0,0,0,0,15000,1,2,,POINT (-90.675546198217 41.533119582743)
2014804291,S14-6046,06/19/2014,06-June,5-Thursday,14:49,1400 Hours,District 3 (Northwest),,WOODBURY,IA 31,IA 31/HWY 31,Collision with:  Animal,,,Animal,None Indicated,,,,,,,Paved,,Property Damage Only,0,0,0,0,0,0,3000,1,1,,POINT (-95.748773329316 42.516867611548)
2014804154,14-11220,06/19/2014,06-June,5-Thursday,18:35,1800 Hours,District 2 (Northeast),TRIPOLI,BREMER,,4TH AVE SW & 4TH ST SW,Collision with:  Vehicle in traffic,On Roadway,"Angle, oncoming left turn",FTYROW:  Making left turn,None Indicated,,Daylight,Wet,Cloudy,None apparent,Intersection:  T-intersection,Paved,,Property Damage Only,0,0,0,0,0,0,6000,2,3,,POINT (-92.26307176504 42.805548764105)
2014804303,14-19371,06/19/2014,06-June,5-Thursday,19:11,1900 Hours,District 3 (Northwest),SIOUX CITY,WOODBURY,,3RD AVE & S ST AUBIN ST,Collision with:  Vehicle in traffic,On Roadway,Rear-end (front to rear),"Operating vehicle in an reckless, erratic, careless, negligent manner",Alcohol (Statutory),,Daylight,Dry,Clear,None apparent,Intersection:  T-intersection,Paved,,Possible/Unknown,0,1,0,0,1,0,1600,2,2,,POINT (-96.356038918978 42.470152898975)
2014805343,201400029536,06/19/2014,06-June,5-Thursday,18:50,1800 Hours,District 5 (Southeast),OTTUMWA,WAPELLO,,W 2ND ST & N FAIRVIEW AVE,Collision with:  Vehicle in traffic,On Roadway,Broadside (front to side),FTYROW:  From stop sign,None Indicated,,Daylight,Dry,Clear,None apparent,Intersection:  Four-way intersection,Paved,,Property Damage Only,0,0,0,0,0,0,2800,2,2,,POINT (-92.436834754631 41.037935346783)
2014804830,14-15572,06/19/2014,06-June,5-Thursday,12:35,1200 Hours,District 1 (Central),NEWTON,JASPER,,S 60TH AVE E,Collision with:  Other non-fixed object (explain in narrative),On Roadway,Non-collision (single vehicle),Other (explain in narrative):  No improper action,None Indicated,,Daylight,Wet,Rain,Obstruction in roadway,Non-intersection:  Non-junction/no special feature,Paved,,Property Damage Only,0,0,0,0,0,0,5500,1,1,,POINT (-93.044156180293 41.63030788582)
2014805604,S14-002249,06/19/2014,06-June,5-Thursday,16:15,1600 Hours,District 4 (Southwest),,POTTAWATTAMIE,,Co Rd H10/BUNGE AVE & Co Rd L35/WABASH AVE,Collision with:  Vehicle in traffic,On Roadway,"Angle, oncoming left turn",Made improper turn,None Indicated,,Daylight,Dry,Clear,None apparent,Intersection:  T-intersection,Paved,,Property Damage Only,0,0,0,0,0,0,4500,2,2,,POINT (-95.792049296405 41.166853225994)
2014806819,32046-14,06/19/2014,06-June,5-Thursday,08:05,0800 Hours,District 3 (Northwest),,EMMET,IA 15,IA 15/IOWA 15,Collision with fixed object:  Tree,On Roadway,Non-collision (single vehicle),Ran off road - right,None Indicated,,Daylight,Dry,Cloudy,None apparent,Non-intersection:  Non-junction/no special feature,Paved,,Minor Injury,0,1,0,1,0,0,5000,1,1,,POINT (-94.452452639523 43.403564825684)
2014804374,W14-060902,06/19/2014,06-June,5-Thursday,13:02,1300 Hours,District 2 (Northeast),WATERLOO,BLACK HAWK,,DUBUQUE RD & COLORADO ST,Collision with:  Vehicle in traffic,On Roadway,Broadside (front to side),FTYROW:  From stop sign,None Indicated,,Daylight,Wet,Rain,None apparent,Intersection:  Four-way intersection,Paved,,Possible/Unknown,0,1,0,0,1,0,26069,2,2,,POINT (-92.311950294363 42.493899299041)
2014804252,20140017368,06/19/2014,06-June,5-Thursday,20:29,2000 Hours,District 1 (Central),DES MOINES,POLK,US 6,US 6/DOUGLAS AVE & 50TH ST,Collision with:  Vehicle in traffic,On Roadway,Broadside (front to side),Ran Traffic Signal,None Indicated,,Dark - roadway lighted,Wet,Cloudy,"Surface condition (e.g., wet, icy)",Intersection:  Four-way intersection,Paved,,Possible/Unknown,0,1,0,0,1,0,2250,2,2,,POINT (-93.687747593817 41.629484006537)
2014805438,14009977,06/19/2014,06-June,5-Thursday,12:12,1200 Hours,District 2 (Northeast),MASON CITY,CERRO GORDO,,15TH ST SW & S PIERCE AVE,Collision with:  Vehicle in traffic,On Roadway,Broadside (front to side),Ran Stop Sign,None Indicated,,Daylight,Wet,Cloudy,None apparent,Intersection:  Four-way intersection,Paved,,Possible/Unknown,0,1,0,0,1,0,4000,2,3,,POINT (-93.221047627421 43.137510515771)
2014804284,2014-40593,06/19/2014,06-June,5-Thursday,13:53,1300 Hours,District 6 (East Central),DAVENPORT,SCOTT,,E 53RD ST & UTICA RIDGE RD,Collision with:  Vehicle in traffic,On Roadway,"Sideswipe, same direction",Traveling wrong way or on wrong side of road,None Indicated,,Daylight,Dry,Clear,None apparent,Intersection:  Four-way intersection,Paved,,Property Damage Only,0,0,0,0,0,0,4000,2,2,,POINT (-90.513376500316 41.574919231094)
2014806000,2014-40592,06/19/2014,06-June,5-Thursday,13:32,1300 Hours,District 6 (East Central),DAVENPORT,SCOTT,,W LOCUST ST,Collision with:  Vehicle in traffic,On Roadway,"Sideswipe, same direction",FTYROW:  Other (explain in narrative),None Indicated,,Daylight,Dry,Cloudy,None apparent,Intersection:  Five points or more,Paved,,Property Damage Only,0,0,0,0,0,0,2200,2,3,,POINT (-90.601592948419 41.538255926877)
2014804637,14-7142,06/19/2014,06-June,5-Thursday,05:15,0500 Hours,District 3 (Northwest),,SIOUX,IA 60,IA 60/IOWA 60,Collision with:  Animal,On Roadway,Non-collision (single vehicle),Animal,None Indicated,,Dawn,Dry,Clear,None apparent,Non-intersection:  Non-junction/no special feature,Paved,,Property Damage Only,0,0,0,0,0,0,2000,1,1,,POINT (-95.969943217105 43.011680282642)
2014804153,201402789,06/19/2014,06-June,5-Thursday,22:05,2200 Hours,District 1 (Central),,BOONE,US 30,US 30/220TH ST,Collision with:  Animal,,,Animal,None Indicated,,,,,,,Paved,,Property Damage Only,0,0,0,0,0,0,2500,1,1,,POINT (-93.937442826606 42.034664007014)
2014804737,1400000535,06/19/2014,06-June,5-Thursday,09:21,0900 Hours,District 1 (Central),,MARSHALL,US 30,US 30/240TH ST,Collision with:  Vehicle in traffic,On Roadway,"Sideswipe, same direction",Driving too fast for conditions,None Indicated,,Daylight,Wet,Rain,"Surface condition (e.g., wet, icy)",Non-intersection:  Non-junction/no special feature,Paved,,Property Damage Only,0,0,0,0,0,0,8000,2,4,,POINT (-93.064571590939 42.0079507101)
2014804733,201402099,06/19/2014,06-June,5-Thursday,21:33,2100 Hours,District 6 (East Central),,LINN,US 151,US 151 & BERTRAM RD,Collision with:  Animal,,,Animal,None Indicated,,,,,,,Paved,,Property Damage Only,0,0,0,0,0,0,2500,1,1,,POINT (-91.554783756034 41.958756047165)
2014804233,201408722,06/19/2014,06-June,5-Thursday,17:29,1700 Hours,District 6 (East Central),CEDAR RAPIDS,LINN,,16TH AVE SW & 8TH ST SW,Collision with:  Vehicle in traffic,On Roadway,"Angle, oncoming left turn",Made improper turn,None Indicated,,Daylight,Wet,Rain,None apparent,Non-intersection:  Non-junction/no special feature,Paved,,Property Damage Only,0,0,0,0,0,0,4000,2,2,,POINT (-91.679717977287 41.961819115708)
2014804376,W14-060975,06/19/2014,06-June,5-Thursday,15:57,1500 Hours,District 2 (Northeast),WATERLOO,BLACK HAWK,,BLACK HAWK RD & ANSBOROUGH AVE,Collision with:  Vehicle in traffic,On Roadway,"Sideswipe, same direction",Ran Traffic Signal,None Indicated,,Daylight,Wet,Rain,None apparent,Intersection:  Four-way intersection,Paved,,Property Damage Only,0,0,0,0,0,0,4500,2,2,,POINT (-92.376895191465 42.492892906595)
2014804257,20140017351,06/19/2014,06-June,5-Thursday,17:24,1700 Hours,District 1 (Central),DES MOINES,POLK,I-235,I-235 & KEOSAUQUA WAY,Collision with:  Vehicle in traffic,On Roadway,Rear-end (front to rear),Other (explain in narrative):  Other,None Indicated,,Daylight,Dry,Cloudy,Other (explain in narrative),Intersection:  Intersection with ramp,Paved,,Property Damage Only,0,0,0,0,0,0,2000,2,4,,POINT (-93.636256151873 41.596408832107)
2014810047,14-385,06/19/2014,06-June,5-Thursday,10:33,1000 Hours,District 5 (Southeast),CORYDON,WAYNE,IA 2,IA 2/JEFFERSON ST & WEST ST,Collision with:  Vehicle in traffic,On Roadway,"Angle, oncoming left turn",FTYROW:  Making left turn,None Indicated,,Daylight,Dry,Clear,None apparent,Intersection:  Four-way intersection,Paved,,Property Damage Only,0,0,0,0,0,0,4000,2,4,,POINT (-93.321906982059 40.75718774005)
2014804019,144254,06/19/2014,06-June,5-Thursday,23:45,2300 Hours,District 1 (Central),,POLK,IA 17,IA 17,Collision with:  Animal,,,Animal,None Indicated,,,,,,,Paved,,Property Damage Only,0,0,0,0,0,0,4500,1,1,,POINT (-93.815414646539 41.846509992332)
2014804732,201402096,06/19/2014,06-June,5-Thursday,14:17,1400 Hours,District 6 (East Central),,LINN,,Co Rd E70/WRIGHT BROTHER S BLVD,Non-collision events:  Jackknife,Roadside,Non-collision (single vehicle),Swerving/Evasive Action,None Indicated,,Daylight,Wet,Rain,"Surface condition (e.g., wet, icy)",Non-intersection:  Non-junction/no special feature,Paved,,Property Damage Only,0,0,0,0,0,0,5000,1,1,,POINT (-91.766554207053 41.891038802362)
2014804232,201408719,06/19/2014,06-June,5-Thursday,17:10,1700 Hours,District 6 (East Central),CEDAR RAPIDS,LINN,,SUSAN DR NW & EDGEWOOD RD NW,Collision with:  Vehicle in traffic,On Roadway,Rear-end (front to rear),Followed too close,None Indicated,,Daylight,Wet,Rain,None apparent,Non-intersection:  Non-junction/no special feature,Paved,,Property Damage Only,0,0,0,0,0,0,2700,3,4,,POINT (-91.715992915069 41.971984618146)
2014804157,CL14002058,06/19/2014,06-June,5-Thursday,22:53,2200 Hours,District 6 (East Central),CLINTON,CLINTON,,22ND PL,Collision with:  Parked motor vehicle,On Roadway,Broadside (front to side),Lost Control,None Indicated,,Dark - roadway lighted,Wet,Rain,None apparent,Non-intersection:  Non-junction/no special feature,Paved,,Property Damage Only,0,0,0,0,0,0,3700,2,777,,POINT (-90.212153678027 41.825439223048)
2014804444,2014006680,06/19/2014,06-June,5-Thursday,14:10,1400 Hours,District 6 (East Central),IOWA CITY,JOHNSON,,W BENTON ST & MORMON TREK BLVD,Collision with:  Vehicle in traffic,On Roadway,Rear-end (front to rear),Followed too close,None Indicated,,Daylight,Dry,Cloudy,None apparent,Non-intersection:  Non-junction/no special feature,Paved,,Property Damage Only,0,0,0,0,0,0,1700,2,2,,POINT (-91.574060144133 41.649627365912)
2014804204,01-14-26659,06/19/2014,06-June,5-Thursday,16:22,1600 Hours,District 6 (East Central),DUBUQUE,DUBUQUE,IA 32,IA 32/IA32 NW ARTERIAL,Collision with:  Vehicle in traffic,On Roadway,Rear-end (front to rear),Lost Control,None Indicated,,Daylight,Wet,Rain,"Surface condition (e.g., wet, icy)",Non-intersection:  Non-junction/no special feature,Paved,,Property Damage Only,0,0,0,0,0,0,3000,2,4,,POINT (-90.739924634163 42.490857782042)
2014824094,A390614-1493,06/19/2014,06-June,5-Thursday,23:20,2300 Hours,District 4 (Southwest),,GUTHRIE,,NICE AVE,Collision with fixed object:  Ditch,,,Ran off road - right,None Indicated,,,,,,,Unpaved,,Property Damage Only,0,0,0,0,0,0,8000,1,1,,POINT (-94.492877986921 41.849536888053)
2014804321,2014036144,06/19/2014,06-June,5-Thursday,16:20,1600 Hours,District 1 (Central),,POWESHIEK,US 6,US 6,Collision with:  Vehicle in traffic,On Roadway,Head-on (front to front),Crossed centerline (undivided),Alcohol (Statutory),,Daylight,Dry,Cloudy,None apparent,Non-intersection:  Non-junction/no special feature,Paved,,Fatal,1,2,2,0,0,0,42000,2,3,,POINT (-92.61269368035 41.746117156592)
2014804447,2014006685,06/19/2014,06-June,5-Thursday,15:21,1500 Hours,District 6 (East Central),IOWA CITY,JOHNSON,US 6,US 6 & FAIR MEADOWS BLVD,Collision with:  Vehicle in traffic,On Roadway,Rear-end (front to rear),Followed too close,None Indicated,,Daylight,Wet,Rain,None apparent,Intersection:  Four-way intersection,Paved,,Property Damage Only,0,0,0,0,0,0,6000,2,3,,POINT (-91.503039969937 41.63878964253)
2014805020,14-018255,06/19/2014,06-June,5-Thursday,21:06,2100 Hours,District 5 (Southeast),,LEE,US 61,US 61,Collision with:  Animal,,,Animal,None Indicated,,,,,,,Paved,,Property Damage Only,0,0,0,0,0,0,2500,1,1,,POINT (-91.442546312272 40.505425052567)
2014804029,F14190021,06/19/2014,06-June,5-Thursday,00:21,0000 Hours,District 2 (Northeast),,FRANKLIN,,INDIGO AVE,Non-collision events:  Other non-collision (explain in narrative),On Roadway,Non-collision (single vehicle),Swerving/Evasive Action,None Indicated,,Dark - roadway not lighted,Wet,Clear,"Surface condition (e.g., wet, icy)",Non-intersection:  Non-junction/no special feature,Unpaved,,Property Damage Only,0,0,0,0,0,0,5000,1,1,,POINT (-93.340463201372 42.653572880419)
2014805935,F14191804,06/19/2014,06-June,5-Thursday,18:06,1800 Hours,District 2 (Northeast),,FRANKLIN,I-35,I-35,Collision with:  Vehicle in traffic,On Roadway,"Sideswipe, same direction",Lost Control,None Indicated,,Daylight,Wet,Rain,None apparent,Non-intersection:  Non-junction/no special feature,Paved,,Property Damage Only,0,0,0,0,0,0,5500,2,3,,POINT (-93.350104271456 42.819118821981)
2014804248,20140017349,06/19/2014,06-June,5-Thursday,17:33,1700 Hours,District 1 (Central),DES MOINES,POLK,US 6,US 6/FREDERICK M HUBBELL AVE & E 38TH ST,Collision with:  Vehicle in traffic,On Roadway,Head-on (front to front),FTYROW:  Making left turn,None Indicated,,Daylight,Dry,Cloudy,None apparent,Intersection:  Four-way intersection,Paved,,Possible/Unknown,0,2,0,0,2,0,10000,2,2,,POINT (-93.541928303801 41.63049813082)
2014804696,14003589,06/19/2014,06-June,5-Thursday,14:24,1400 Hours,District 2 (Northeast),,CERRO GORDO,US 18,US 18 & WARBLER AVE,Collision with fixed object:  Ditch,Shoulder,Non-collision (single vehicle),Ran off road - right,None Indicated,,Daylight,Wet,Clear,None apparent,Non-intersection:  Non-junction/no special feature,Paved,,Possible/Unknown,0,2,0,0,2,0,11000,1,2,,POINT (-93.062937320011 43.119075610034)
2014806995,201408703,06/19/2014,06-June,5-Thursday,12:28,1200 Hours,District 6 (East Central),CEDAR RAPIDS,LINN,,30TH ST DR SE,Collision with:  Vehicle in traffic,On Roadway,Broadside (front to side),FTYROW:  From driveway,None Indicated,,Daylight,Dry,Cloudy,None apparent,Non-intersection:  Driveway access (within),Paved,,Property Damage Only,0,0,0,0,0,0,3000,3,2,,POINT (-91.633638809246 42.007293671515)
2014804300,14-19308,06/19/2014,06-June,5-Thursday,12:27,1200 Hours,District 3 (Northwest),SIOUX CITY,WOODBURY,,W 22ND ST,Collision with fixed object:  Tree,On Roadway,Non-collision (single vehicle),Ran off road - straight,None Indicated,,Daylight,Dry,Cloudy,None apparent,Non-intersection:  Driveway access (within),Paved,,Possible/Unknown,0,1,0,0,1,0,3500,1,1,,POINT (-96.416377357913 42.513228529094)
2014804228,201408710,06/19/2014,06-June,5-Thursday,14:51,1400 Hours,District 6 (East Central),CEDAR RAPIDS,LINN,IA 922,IA 922/1ST AVE W & 12TH ST SW & 12TH ST NW,Collision with:  Vehicle in traffic,On Roadway,"Sideswipe, same direction",Lost Control,None Indicated,,Daylight,Wet,Rain,"Surface condition (e.g., wet, icy)",Intersection:  Other intersection (explain in narrative),Paved,,Property Damage Only,0,0,0,0,0,0,4750,2,2,,POINT (-91.687034730033 41.971612007241)