Iowa DOT Case Number,Law Enforcement Case Number,Date of Crash,Month of Crash,Day of Week,Time of Crash,Hour,DOT District,City Name,County Name,Route with System,Location Description,First Harmful Event,Location of First Harmful Event,Manner of Crash/Collision,Major Cause,Drug or Alcohol ,Environmental Conditions,Light Conditions,Surface Conditions,Weather Conditions,Roadway Contribution,Roadway Type,Roadway Surface,Work Zone,Crash Severity,Number of Fatalities,Number of Injuries,Number of Major Injuries,Number of Minor Injuries,Number of Possible Injuries,Number of Unknown Injuries,Amount of Property Damage,Number of Vehicles Involved,Total Number of Occupants,Travel Direction,Location
2014804666,2014036393,06/20/2014,06-June,6-Friday,21:30,2100 Hours,District 5 (Southeast),,CLARKE,US 34,US 34 & 150 AVE,Collision with:  Animal,,,Animal,None Indicated,,,,,,,Paved,,Property Damage Only,0,0,0,0,0,0,1500,1,1,,POINT (-93.918134479346 41.026537988733)
2014810074,2014006104,06/20/2014,06-June,6-Friday,11:39,1100 Hours,District 1 (Central),MARSHALLTOWN,MARSHALL,,W LINN ST & S 3RD ST,Collision with:  Vehicle in traffic,On Roadway,Broadside (front to side),FTYROW:  From stop sign,None Indicated,,Daylight,Dry,Cloudy,None apparent,Intersection:  Other intersection (explain in narrative),Paved,,Minor Injury,0,1,0,1,0,0,11000,2,5,,POINT (-92.917855940283 42.046694983349)
2014804643,14-1834,06/20/2014,06-June,6-Friday,23:43,2300 Hours,District 1 (Central),FORT DODGE,WEBSTER,,8TH AVE N,Collision with:  Vehicle in traffic,Shoulder,Unknown,Unknown,None Indicated,,Dark - roadway not lighted,Dry,Clear,None apparent,Non-intersection:  Non-junction/no special feature,Paved,,Property Damage Only,0,0,0,0,0,0,4000,2,1,,POINT (-94.19099161758 42.512695607774)
2014804720,2014006726,06/20/2014,06-June,6-Friday,16:11,1600 Hours,District 6 (East Central),IOWA CITY,JOHNSON,US 6,US 6,Collision with:  Vehicle in traffic,On Roadway,Broadside (front to side),Ran Stop Sign,None Indicated,,Daylight,Dry,Clear,None apparent,Intersection:  Four-way intersection,Paved,,Minor Injury,0,1,0,1,0,0,4000,2,5,,POINT (-91.494232430503 41.63340556415)
2014806362,053-14,06/20/2014,06-June,6-Friday,16:30,1600 Hours,District 4 (Southwest),,MADISON,US 169,US 169,Non-collision events:  Overturn/rollover,On Roadway,Non-collision (single vehicle),Lost Control,None Indicated,,Daylight,Dry,Clear,None apparent,Non-intersection:  Non-junction/no special feature,Paved,,Property Damage Only,0,0,0,0,0,0,5500,1,1,,POINT (-94.016700228451 41.442649235296)
2014807008,A14047,06/20/2014,06-June,6-Friday,00:04,0000 Hours,District 5 (Southeast),KNOXVILLE,MARION,IA 14,IA 14/LINCOLN ST,Collision with fixed object:  Culvert/pipe opening,Outside trafficway,Non-collision (single vehicle),Ran off road - left,None Indicated,,Dark - roadway lighted,Wet,Cloudy,None apparent,Intersection:  T-intersection,Paved,,Property Damage Only,0,0,0,0,0,0,10500,1,1,,POINT (-93.109521302412 41.300139067491)
2014804589,14-025464,06/20/2014,06-June,6-Friday,06:38,0600 Hours,District 4 (Southwest),COUNCIL BLUFFS,POTTAWATTAMIE,,AVE A,Collision with:  Parked motor vehicle,On Roadway,Rear-end (front to rear),Lost Control,None Indicated,,Daylight,Dry,Clear,None apparent,Non-intersection:  Non-junction/no special feature,Paved,,Minor Injury,0,1,0,1,0,0,10000,2,777,,POINT (-95.875953062996 41.26283975375)
2014809038,,06/20/2014,06-June,6-Friday,22:27,2200 Hours,District 6 (East Central),DUBUQUE,DUBUQUE,,E 20TH ST & JACKSON ST,Collision with:  Vehicle in traffic,On Roadway,"Sideswipe, same direction",Lost Control,None Indicated,,Dark - roadway lighted,Dry,Clear,None apparent,Intersection:  Four-way intersection,Paved,,Property Damage Only,0,0,0,0,0,0,3331,2,2,,POINT (-90.668369952514 42.511693571618)
2014804380,W14-061346,06/20/2014,06-June,6-Friday,14:42,1400 Hours,District 2 (Northeast),WATERLOO,BLACK HAWK,,DUBUQUE RD & WYOMING ST,Collision with:  Vehicle in traffic,On Roadway,"Sideswipe, same direction",Over correcting/over steering,None Indicated,,Daylight,Dry,Clear,None apparent,Non-intersection:  Other non-intersection (explain in narrative),Paved,,Possible/Unknown,0,2,0,0,2,0,40000,2,2,,POINT (-92.30640530291 42.490218512113)
2014804395,CL14002078,06/20/2014,06-June,6-Friday,21:25,2100 Hours,District 6 (East Central),CLINTON,CLINTON,,RIVERVIEW DR,Collision with:  Non-motorist (see non-motorist section - NOT a unit),On Roadway,Non-collision (single vehicle),Other (explain in narrative):  No improper action,None Indicated,,Dark - roadway lighted,Dry,Clear,None apparent,Non-intersection:  Non-junction/no special feature,Paved,,Minor Injury,0,1,0,1,0,0,1000,1,1,,POINT (-90.182995709401 41.848133131038)
2014805285,A14-045,06/20/2014,06-June,6-Friday,09:36,0900 Hours,District 4 (Southwest),WINTERSET,MADISON,,W NORTH ST & E NORTH ST & N 1ST ST,Collision with:  Vehicle in traffic,On Roadway,Broadside (front to side),Ran Stop Sign,None Indicated,,Daylight,Dry,Clear,None apparent,Intersection:  Four-way intersection,Paved,,Property Damage Only,0,0,0,0,0,0,5000,2,2,,POINT (-94.013363855123 41.337354596138)
2014806001,2014-40944,06/20/2014,06-June,6-Friday,15:57,1500 Hours,District 6 (East Central),DAVENPORT,SCOTT,,E 3RD ST & LE CLAIRE ST,Collision with:  Vehicle in traffic,On Roadway,Broadside (front to side),Ran Stop Sign,None Indicated,,Daylight,Dry,Clear,None apparent,Intersection:  Four-way intersection,Paved,,Property Damage Only,0,0,0,0,0,0,3000,2,5,,POINT (-90.568214704021 41.522423758529)
2014804237,201408739,06/20/2014,06-June,6-Friday,08:49,0800 Hours,District 6 (East Central),CEDAR RAPIDS,LINN,,3RD AVE SW & 6TH ST SW,Collision with:  Vehicle in traffic,On Roadway,Broadside (front to side),Ran Traffic Signal,None Indicated,,Daylight,Dry,Cloudy,None apparent,Intersection:  Four-way intersection,Paved,,Property Damage Only,0,0,0,0,0,0,6500,2,2,,POINT (-91.67819612351 41.972393201019)
2014804238,201408747,06/20/2014,06-June,6-Friday,12:33,1200 Hours,District 6 (East Central),CEDAR RAPIDS,LINN,,19TH AVE SW & J ST SW,Collision with:  Vehicle in traffic,On Roadway,Broadside (front to side),FTYROW:  From stop sign,None Indicated,,Daylight,Dry,Clear,None apparent,Intersection:  Four-way intersection,Paved,,Property Damage Only,0,0,0,0,0,0,5000,2,5,,POINT (-91.667286506548 41.959612980213)
2014804590,14-025475,06/20/2014,06-June,6-Friday,09:32,0900 Hours,District 4 (Southwest),COUNCIL BLUFFS,POTTAWATTAMIE,US 6,US 6/KANESVILLE BLVD & WASHINGTON AVE & N MAIN ST,Collision with:  Vehicle in traffic,On Roadway,"Angle, oncoming left turn",FTYROW:  Making left turn,None Indicated,,Daylight,Dry,Clear,None apparent,Intersection:  Four-way intersection,Paved,,Possible/Unknown,0,2,0,0,2,0,14000,2,7,,POINT (-95.849949001247 41.262667334792)
2014805762,14-134,06/20/2014,06-June,6-Friday,11:48,1100 Hours,District 2 (Northeast),WAVERLY,BREMER,,4TH AVE SW & 7TH ST SW,Collision with:  Vehicle in traffic,On Roadway,Broadside (front to side),FTYROW:  At uncontrolled intersection,None Indicated,,Daylight,Dry,Clear,None apparent,Intersection:  Four-way intersection,Paved,,Property Damage Only,0,0,0,0,0,0,6500,2,3,,POINT (-92.479280650191 42.721805838399)
2014804422,02-14-9326,06/20/2014,06-June,6-Friday,00:01,0000 Hours,District 6 (East Central),,DUBUQUE,US 52,US 52,Collision with fixed object:  Utility pole/light support,Outside trafficway,Non-collision (single vehicle),Driving too fast for conditions,None Indicated,,Dark - roadway not lighted,Wet,Cloudy,"Surface condition (e.g., wet, icy)",Non-intersection:  Non-junction/no special feature,Paved,,Minor Injury,0,2,0,2,0,0,5050,1,2,,POINT (-90.828785156336 42.577333958562)
2014805174,2014036397,06/20/2014,06-June,6-Friday,20:25,2000 Hours,District 4 (Southwest),,FREMONT,I-29,I-29,Collision with:  Animal,,,Animal,None Indicated,,,,,,,Paved,,Property Damage Only,0,0,0,0,0,0,3500,1,1,,POINT (-95.803215444208 40.867478281039)
2014804652,14-19517,06/20/2014,06-June,6-Friday,20:20,2000 Hours,District 3 (Northwest),SIOUX CITY,WOODBURY,,TYLER ST,Collision with:  Parked motor vehicle,On Roadway,Broadside (front to side),Unknown,None Indicated,,Daylight,Unknown,Cloudy,None apparent,Non-intersection:  Non-junction/no special feature,Paved,,Property Damage Only,0,0,0,0,0,0,3000,2,1,,POINT (-96.360299422657 42.541487687102)
2014805093,14-002927,06/20/2014,06-June,6-Friday,08:50,0800 Hours,District 1 (Central),AMES,STORY,,OAKWOOD RD,Collision with:  Animal,On Roadway,Non-collision (single vehicle),Animal,None Indicated,,Daylight,Dry,Clear,None apparent,Non-intersection:  Non-junction/no special feature,Paved,,Possible/Unknown,0,1,0,0,1,0,2500,1,1,,POINT (-93.650846941374 41.997297286719)
2014805214,,06/20/2014,06-June,6-Friday,11:00,1100 Hours,District 6 (East Central),CEDAR RAPIDS,LINN,,WILEY BLVD NW & JOHNSON AVE NW,Collision with:  Vehicle in traffic,On Roadway,"Angle, oncoming left turn",Unknown,None Indicated,,Daylight,Unknown,Clear,,Intersection:  Four-way intersection,Paved,,Property Damage Only,0,0,0,0,0,0,2300,2,3,,POINT (-91.725771708565 41.971237971471)
2014806781,261401056,06/20/2014,06-June,6-Friday,15:40,1500 Hours,District 5 (Southeast),,DAVIS,US 63,US 63,Collision with:  Vehicle in traffic,On Roadway,"Sideswipe, same direction",Followed too close,None Indicated,,Daylight,Dry,Clear,None apparent,Non-intersection:  Non-junction/no special feature,Paved,,Property Damage Only,0,0,0,0,0,0,29000,2,2,,POINT (-92.460636382393 40.740278021964)
2014804261,20140017417,06/20/2014,06-June,6-Friday,10:50,1000 Hours,District 1 (Central),DES MOINES,POLK,US 69,US 69/SE 14TH ST,Collision with:  Vehicle in traffic,On Roadway,Rear-end (front to rear),Other (explain in narrative):  Other,None Indicated,,Daylight,Dry,Clear,None apparent,Intersection:  Four-way intersection,Paved,,Property Damage Only,0,0,0,0,0,0,6720,2,4,,POINT (-93.578859513989 41.512538817848)
2014804378,W14-061245,06/20/2014,06-June,6-Friday,10:18,1000 Hours,District 2 (Northeast),WATERLOO,BLACK HAWK,IA 21,IA 21/HAWKEYE RD & E SHAULIS RD,Collision with:  Vehicle in traffic,On Roadway,Broadside (front to side),FTYROW:  Other (explain in narrative),None Indicated,,Daylight,Dry,Clear,None apparent,Intersection:  Four-way intersection,Paved,,Minor Injury,0,1,0,1,0,0,28500,3,3,,POINT (-92.3467963878 42.443048889237)
2014804539,20140017453,06/20/2014,06-June,6-Friday,17:16,1700 Hours,District 1 (Central),DES MOINES,POLK,,DEAN AVE,Collision with:  Vehicle in traffic,On Roadway,Broadside (front to side),FTYROW:  At uncontrolled intersection,None Indicated,,Daylight,Dry,Cloudy,Work Zone (roadway-related),Non-intersection:  Driveway access (within),Paved,Yes,Property Damage Only,0,0,0,0,0,0,2050,2,2,,POINT (-93.557559130645 41.591440093992)
2014804437,14-010358,06/20/2014,06-June,6-Friday,20:55,2000 Hours,District 5 (Southeast),,HENRY,,Co Rd H46/OAKLAND MILLS RD,Collision with:  Animal,,,Animal,None Indicated,,,,,,,Paved,,Property Damage Only,0,0,0,0,0,0,2500,1,1,,POINT (-91.602319081405 40.936793434362)
2014804791,S14-6084,06/20/2014,06-June,6-Friday,18:06,1800 Hours,District 3 (Northwest),,WOODBURY,,MASON AVE,Collision with fixed object:  Ditch,On Roadway,Non-collision (single vehicle),Swerving/Evasive Action,None Indicated,,Daylight,"Mud, dirt",Rain,"Shoulders (none, low, soft, high)",Non-intersection:  Non-junction/no special feature,Unpaved,,Property Damage Only,0,0,0,0,0,0,8500,1,1,,POINT (-95.855164060315 42.240493290923)
2014809650,,06/20/2014,06-June,6-Friday,16:45,1600 Hours,District 1 (Central),DES MOINES,POLK,,E GRAND AVE & E 22ND ST,Collision with:  Vehicle in traffic,On Roadway,Head-on (front to front),Unknown,None Indicated,,Daylight,Dry,Clear,,Intersection:  Four-way intersection,Paved,,Property Damage Only,0,0,0,0,0,0,4553,2,2,,POINT (-93.577535409657 41.595394744146)
2014804270,14-2888,06/20/2014,06-June,6-Friday,01:04,0100 Hours,District 1 (Central),WEST DES MOINES,POLK,I-35,I-35,Collision with fixed object:  Curb/island/raised median,On Roadway,Non-collision (single vehicle),Traveling wrong way or on wrong side of road,Alcohol (Statutory),,Dark - roadway lighted,Dry,Clear,None apparent,Non-intersection:  Other non-intersection (explain in narrative),Paved,,Property Damage Only,0,0,0,0,0,0,20000,1,1,,POINT (-93.77720661143 41.562152564922)
2014804883,2014-40857,06/20/2014,06-June,6-Friday,10:15,1000 Hours,District 6 (East Central),DAVENPORT,SCOTT,,IA 461/BRADY ST & W LOCUST ST & E LOCUST ST,Collision with:  Vehicle in traffic,On Roadway,"Sideswipe, same direction",Made improper turn,None Indicated,,Daylight,Dry,Cloudy,None apparent,Intersection:  Four-way intersection,Paved,,Property Damage Only,0,0,0,0,0,0,3000,2,5,,POINT (-90.573986656066 41.538252926439)
2014804277,14-025443,06/20/2014,06-June,6-Friday,00:56,0000 Hours,District 4 (Southwest),COUNCIL BLUFFS,POTTAWATTAMIE,,22ND AVE & S 8TH ST,Collision with:  Vehicle in traffic,On Roadway,Broadside (front to side),Unknown,None Indicated,,Dark - roadway lighted,Dry,Clear,None apparent,Intersection:  Four-way intersection,Paved,,Property Damage Only,0,0,0,0,0,0,7000,2,4,,POINT (-95.856155771553 41.240492837217)
2014804722,2014006737,06/20/2014,06-June,6-Friday,19:11,1900 Hours,District 6 (East Central),IOWA CITY,JOHNSON,US 6,US 6,Collision with:  Vehicle in traffic,On Roadway,Rear-end (front to rear),Other (explain in narrative):  Vision obstructed,None Indicated,,Daylight,Dry,Clear,None apparent,Non-intersection:  Non-junction/no special feature,Paved,,Major Injury,0,1,1,0,0,0,2500,2,2,,POINT (-91.494635047261 41.633645016809)
2014804409,14-884,06/20/2014,06-June,6-Friday,15:43,1500 Hours,District 3 (Northwest),ORLEANS,DICKINSON,,Co Rd M49/240TH AVE,Collision with:  Vehicle in traffic,On Roadway,Broadside (front to side),FTYROW:  From driveway,None Indicated,,Daylight,Dry,Clear,None apparent,Non-intersection:  Driveway access (within),Paved,,Property Damage Only,0,0,0,0,0,0,2400,2,3,,POINT (-95.11534302239 43.449541804972)
2014804698,14003609,06/20/2014,06-June,6-Friday,14:58,1400 Hours,District 2 (Northeast),CLEAR LAKE,CERRO GORDO,,Co Rd B35/235TH ST/SOUTHSHORE DR & LEKWA MARSH WMA,Non-collision events:  Other non-collision (explain in narrative),On Roadway,Non-collision (single vehicle),FTYROW:  From driveway,None Indicated,,Daylight,Dry,Clear,None apparent,Non-intersection:  Driveway access (within),Paved,,Minor Injury,0,1,0,1,0,0,3000,2,6,,POINT (-93.403098900164 43.108639611273)
2014809899,20142165,06/20/2014,06-June,6-Friday,10:00,1000 Hours,District 1 (Central),,GRUNDY,,Co Rd D53/270TH ST,Collision with:  Vehicle in traffic,On Roadway,Broadside (front to side),FTYROW:  From stop sign,None Indicated,,Daylight,Dry,Clear,None apparent,Intersection:  Four-way intersection,Unpaved,,Minor Injury,0,3,0,3,0,0,16000,2,4,,POINT (-92.82656910383 42.310939666876)
2014805440,14010053,06/20/2014,06-June,6-Friday,16:50,1600 Hours,District 2 (Northeast),MASON CITY,CERRO GORDO,IA 122,IA 122/4TH ST SW & S GROVER AVE,Collision with:  Vehicle in traffic,On Roadway,Rear-end (front to rear),Followed too close,None Indicated,,Daylight,Dry,Clear,None apparent,Non-intersection:  Non-junction/no special feature,Paved,,Property Damage Only,0,0,0,0,0,0,3500,3,6,,POINT (-93.233729458562 43.148381194573)
2014804744,06-14-171,06/20/2014,06-June,6-Friday,11:45,1100 Hours,District 3 (Northwest),LE MARS,PLYMOUTH,IA 3,IA 3/LINCOLN ST NE & PARK LN,Collision with:  Vehicle in traffic,On Roadway,Rear-end (front to rear),"Operating vehicle in an reckless, erratic, careless, negligent manner",None Indicated,,Daylight,Dry,Clear,None apparent,Non-intersection:  Non-junction/no special feature,Paved,,Minor Injury,0,1,0,1,0,0,3000,2,2,,POINT (-96.150217370126 42.799857614491)
2014804651,14-19502,06/20/2014,06-June,6-Friday,19:10,1900 Hours,District 3 (Northwest),SIOUX CITY,WOODBURY,,FLOYD BLVD,Collision with:  Vehicle in traffic,On Roadway,"Sideswipe, same direction",Other (explain in narrative):  Other,None Indicated,,Daylight,Wet,Rain,None apparent,Non-intersection:  Non-junction/no special feature,Paved,,Minor Injury,0,1,0,1,0,0,6000,2,2,,POINT (-96.361112005964 42.540293247742)
2014804431,P14-007315,06/20/2014,06-June,6-Friday,12:36,1200 Hours,District 1 (Central),WEBSTER CITY,HAMILTON,,WALNUT ST & WILLSON AVE,Collision with:  Vehicle in traffic,On Roadway,Broadside (front to side),FTYROW:  From stop sign,None Indicated,,Daylight,Dry,Clear,None apparent,Intersection:  Four-way intersection,Paved,,Property Damage Only,0,0,0,0,0,0,9000,2,2,,POINT (-93.819280786281 42.463947462311)
2014804279,14-025450,06/20/2014,06-June,6-Friday,02:30,0200 Hours,District 4 (Southwest),COUNCIL BLUFFS,POTTAWATTAMIE,US 275,US 275/VETERANS MEMORIAL HWY & GIFFORD RD & S 24TH ST,Collision with fixed object:  Traffic sign support,On Roadway,Non-collision (single vehicle),Crossed centerline (undivided),Alcohol (Statutory),,Dark - roadway lighted,Dry,Clear,None apparent,Intersection:  Four-way intersection,Paved,,Property Damage Only,0,0,0,0,0,0,1600,1,1,,POINT (-95.878862908187 41.218770921936)
2014804486,14012710,06/20/2014,06-June,6-Friday,14:13,1400 Hours,District 6 (East Central),MARION,LINN,,7TH AVE,Collision with:  Vehicle in traffic,On Roadway,"Sideswipe, opposite direction",Equipment failure,None Indicated,,Daylight,Dry,Clear,None apparent,Non-intersection:  Non-junction/no special feature,Paved,,Property Damage Only,0,0,0,0,0,0,1500,2,2,,POINT (-91.587477306432 42.033303548696)
2014804286,2014-40879,06/20/2014,06-June,6-Friday,11:07,1100 Hours,District 6 (East Central),DAVENPORT,SCOTT,,W 2ND ST,Collision with:  Parked motor vehicle,On Roadway,"Sideswipe, same direction",Lost Control,None Indicated,,Daylight,Dry,Cloudy,None apparent,Non-intersection:  Non-junction/no special feature,Paved,,Property Damage Only,0,0,0,0,0,0,4000,3,2,,POINT (-90.577184605836 41.521307256753)
2014804664,2014036295,06/20/2014,06-June,6-Friday,08:38,0800 Hours,District 3 (Northwest),,CALHOUN,IA 7,IA 7/190TH ST,Collision with:  Non-motorist (see non-motorist section - NOT a unit),On Roadway,Non-collision (single vehicle),Followed too close,None Indicated,,Daylight,Dry,Clear,None apparent,Non-intersection:  Non-junction/no special feature,Paved,,Fatal,1,1,1,0,0,0,8000,1,1,,POINT (-94.655688267972 42.516685117674)
2014804552,20140017468,06/20/2014,06-June,6-Friday,19:04,1900 Hours,District 1 (Central),DES MOINES,POLK,US 69,US 69/SE 14TH ST,Collision with:  Vehicle in traffic,On Roadway,Rear-end (front to rear),Followed too close,None Indicated,,Daylight,Dry,Cloudy,None apparent,Non-intersection:  Non-junction/no special feature,Paved,,Property Damage Only,0,0,0,0,0,0,6500,2,2,,POINT (-93.596845822323 41.542414337569)
2014804488,14012744,06/20/2014,06-June,6-Friday,19:50,1900 Hours,District 6 (East Central),MARION,LINN,,7TH AVE,Collision with:  Vehicle in traffic,On Roadway,Rear-end (front to rear),Driver Distraction:  Manual operation of an electronic communication device,None Indicated,,Dusk,Dry,Clear,None apparent,Non-intersection:  Non-junction/no special feature,Paved,,Property Damage Only,0,0,0,0,0,0,3500,2,6,,POINT (-91.58629412531 42.033270966301)
2014805078,14-026272,06/20/2014,06-June,6-Friday,09:00,0900 Hours,District 4 (Southwest),COUNCIL BLUFFS,POTTAWATTAMIE,,W BROADWAY & N 2ND ST,Collision with:  Parked motor vehicle,Outside trafficway,"Sideswipe, opposite direction",Other (explain in narrative):  Other,None Indicated,,Daylight,Dry,Cloudy,None apparent,Non-intersection:  Non-junction/no special feature,Paved,,Property Damage Only,0,0,0,0,0,0,1500,2,1,,POINT (-95.845952404003 41.262162850159)
2014804680,,06/20/2014,06-June,6-Friday,21:35,2100 Hours,District 4 (Southwest),,AUDUBON,US 71,US 71,Non-collision events:  Overturn/rollover,On Roadway,Non-collision (single vehicle),Crossed centerline (undivided),Alcohol (< Statutory),,Dark - roadway not lighted,Water (standing or moving),Rain,"Surface condition (e.g., wet, icy)",Non-intersection:  Non-junction/no special feature,Paved,,Possible/Unknown,0,1,0,0,1,0,2500,1,1,,POINT (-94.901620668892 41.660285235543)
2014804399,144311,06/20/2014,06-June,6-Friday,22:30,2200 Hours,District 4 (Southwest),,DALLAS,,BEAUMONT AVE,Non-collision events:  Other non-collision (explain in narrative),On Roadway,Non-collision (single vehicle),Ran off road - right,None Indicated,,Dark - roadway not lighted,Wet,Rain,None apparent,Non-intersection:  Non-junction/no special feature,Unpaved,,Property Damage Only,0,0,0,0,0,0,4000,1,1,,POINT (-94.248390121287 41.722271306776)
2014805410,14061236,06/20/2014,06-June,6-Friday,09:53,0900 Hours,District 2 (Northeast),CEDAR FALLS,BLACK HAWK,,CENTER ST,Collision with:  Vehicle in traffic,On Roadway,Rear-end (front to rear),Unknown,None Indicated,,Daylight,Dry,Clear,None apparent,Non-intersection:  Driveway access (within),Paved,,Possible/Unknown,0,1,0,0,1,0,2500,2,2,,POINT (-92.456007271185 42.554499180682)
2014804697,14003605,06/20/2014,06-June,6-Friday,12:21,1200 Hours,District 2 (Northeast),MASON CITY,CERRO GORDO,,OLIVE AVE,Collision with fixed object:  Culvert/pipe opening,On Roadway,Non-collision (single vehicle),Unknown,None Indicated,,Daylight,Water (standing or moving),Clear,"Shoulders (none, low, soft, high)",Non-intersection:  Non-junction/no special feature,Unpaved,,Property Damage Only,0,0,0,0,0,0,2500,1,1,,POINT (-93.221084706507 43.059005457525)
2014805186,2014036341,06/20/2014,06-June,6-Friday,16:45,1600 Hours,District 5 (Southeast),,LEE,US 218,US 218,Collision with fixed object:  Ditch,Roadside,Non-collision (single vehicle),Ran off road - right,None Indicated,,Daylight,Dry,Clear,None apparent,Non-intersection:  Non-junction/no special feature,Paved,,Property Damage Only,0,0,0,0,0,0,5000,1,2,,POINT (-91.564195666361 40.781566694701)
2014807905,2014036367,06/20/2014,06-June,6-Friday,17:35,1700 Hours,District 1 (Central),,POLK,I-80,I-80,Collision with fixed object:  Ditch,Roadside,Non-collision (single vehicle),Ran off road - right,None Indicated,,Daylight,Dry,Clear,None apparent,Interchange-related:  On-ramp merge area,Paved,,Possible/Unknown,0,1,0,0,1,0,3000,1,1,,POINT (-93.472151585145 41.664907109805)
2014805370,2014036388,06/20/2014,06-June,6-Friday,21:30,2100 Hours,District 5 (Southeast),,WARREN,I-35,I-35,Collision with:  Animal,,,Animal,None Indicated,,,,,,,Paved,,Property Damage Only,0,0,0,0,0,0,2500,1,1,,POINT (-93.780284144529 41.423013012742)
2014805187,2014036352,06/20/2014,06-June,6-Friday,17:15,1700 Hours,District 1 (Central),,POLK,I-35,I-35,Collision with:  Vehicle in traffic,Roadside,"Sideswipe, same direction",Followed too close,None Indicated,,Daylight,Dry,Clear,None apparent,Non-intersection:  Non-junction/no special feature,Paved,,Possible/Unknown,0,3,0,0,3,0,4000,2,5,,POINT (-93.580941096476 41.651339350144)
2014804519,14-002672,06/20/2014,06-June,6-Friday,07:35,0700 Hours,District 1 (Central),ANKENY,POLK,I-35,I-35 & CORPORATE WOODS DR,Collision with:  Vehicle in traffic,On Roadway,Broadside (front to side),FTYROW:  From stop sign,None Indicated,,Daylight,Dry,Clear,None apparent,"Interchange-related:  Off-ramp, diverge area",Paved,,Minor Injury,0,2,0,1,1,0,7000,2,2,,POINT (-93.574735515426 41.680067295519)
2014804645,14-19420,06/20/2014,06-June,6-Friday,02:29,0200 Hours,District 3 (Northwest),SIOUX CITY,WOODBURY,,W 27TH ST,Collision with:  Parked motor vehicle,On Roadway,Rear-end (front to rear),Ran off road - right,None Indicated,,Dark - roadway lighted,Dry,Clear,None apparent,Non-intersection:  Other non-intersection (explain in narrative),Paved,,Property Damage Only,0,0,0,0,0,0,1900,2,1,,POINT (-96.424890506651 42.517782503661)
2014804548,20140017439,06/20/2014,06-June,6-Friday,15:00,1500 Hours,District 1 (Central),DES MOINES,POLK,,COLLEGE AVE & 2ND AVE,Collision with:  Vehicle in traffic,On Roadway,"Angle, oncoming left turn",FTYROW:  Making left turn,None Indicated,,Daylight,Dry,Clear,None apparent,Intersection:  Four-way intersection,Paved,,Property Damage Only,0,0,0,0,0,0,3000,2,3,,POINT (-93.619817102233 41.607667599561)
2014805347,2014-13057,06/20/2014,06-June,6-Friday,17:51,1700 Hours,District 5 (Southeast),INDIANOLA,WARREN,IA 92,IA 92/IOWA 92,Collision with:  Vehicle in traffic,On Roadway,Broadside (front to side),FTYROW:  Other (explain in narrative),None Indicated,,Daylight,Dry,Clear,None apparent,Non-intersection:  Non-junction/no special feature,Paved,,Minor Injury,0,2,0,1,1,0,3000,2,3,,POINT (-93.602399669166 41.356363081681)
2014804926,,06/20/2014,06-June,6-Friday,01:18,0100 Hours,District 5 (Southeast),CHARITON,LUCAS,,COURT AVE,Non-collision events:  Overturn/rollover,Shoulder,Non-collision (single vehicle),Ran off road - right,None Indicated,,Dark - roadway lighted,Dry,Clear,None apparent,Intersection:  T-intersection,Paved,,Property Damage Only,0,0,0,0,0,0,15000,1,1,,POINT (-93.327640254017 41.014568522471)
2014804430,P14-007308,06/20/2014,06-June,6-Friday,08:46,0800 Hours,District 1 (Central),WEBSTER CITY,HAMILTON,,2ND ST,Collision with:  Vehicle in traffic,On Roadway,Broadside (front to side),Other (explain in narrative):  Vision obstructed,None Indicated,,Daylight,Dry,Clear,Other (explain in narrative),Non-intersection:  Non-junction/no special feature,Paved,,Property Damage Only,0,0,0,0,0,0,4500,2,3,,POINT (-93.819644105025 42.469420421049)
2014811920,14-004275,06/20/2014,06-June,6-Friday,12:44,1200 Hours,District 3 (Northwest),EMMETSBURG,PALO ALTO,,14TH ST & MADISON ST,Collision with:  Vehicle in traffic,On Roadway,Broadside (front to side),FTYROW:  At uncontrolled intersection,None Indicated,,Daylight,Dry,Cloudy,None apparent,Non-intersection:  Non-junction/no special feature,Paved,,Property Damage Only,0,0,0,0,0,0,6500,2,3,,POINT (-94.683999667104 43.107429240515)
2014804510,14-4085,06/20/2014,06-June,6-Friday,15:07,1500 Hours,District 1 (Central),SHELDAHL,POLK,,COUNTY AVE,Collision with:  Vehicle in traffic,On Roadway,Head-on (front to front),Crossed centerline (undivided),None Indicated,,Daylight,Dry,Clear,None apparent,Non-intersection:  Non-junction/no special feature,Paved,,Property Damage Only,0,0,0,0,0,0,8000,2,2,,POINT (-93.696369156656 41.863370653773)
2014804259,20140017405,06/20/2014,06-June,6-Friday,08:11,0800 Hours,District 1 (Central),DES MOINES,POLK,I-235,I-235 & 3RD ST,Collision with:  Vehicle in traffic,On Roadway,Broadside (front to side),Ran Traffic Signal,None Indicated,,Daylight,Dry,Clear,None apparent,Intersection:  Intersection with ramp,Paved,,Property Damage Only,0,0,0,0,0,0,9000,2,6,,POINT (-93.621539180965 41.595777765327)
2014804264,20140017425,06/20/2014,06-June,6-Friday,12:53,1200 Hours,District 1 (Central),DES MOINES,POLK,I-235,I-235 & US 69/E 15TH ST & LYON ST,Collision with:  Vehicle in traffic,On Roadway,Broadside (front to side),Ran Traffic Signal,None Indicated,,Daylight,Dry,Clear,None apparent,Intersection:  Four-way intersection,Paved,,Possible/Unknown,0,2,0,0,2,0,17000,2,4,,POINT (-93.596103775181 41.596047569039)