Iowa DOT Case Number,Law Enforcement Case Number,Date of Crash,Month of Crash,Day of Week,Time of Crash,Hour,DOT District,City Name,County Name,Route with System,Location Description,First Harmful Event,Location of First Harmful Event,Manner of Crash/Collision,Major Cause,Drug or Alcohol ,Environmental Conditions,Light Conditions,Surface Conditions,Weather Conditions,Roadway Contribution,Roadway Type,Roadway Surface,Work Zone,Crash Severity,Number of Fatalities,Number of Injuries,Number of Major Injuries,Number of Minor Injuries,Number of Possible Injuries,Number of Unknown Injuries,Amount of Property Damage,Number of Vehicles Involved,Total Number of Occupants,Travel Direction,Location
2014805331,201400029804,06/21/2014,06-June,7-Saturday,12:45,1200 Hours,District 5 (Southeast),OTTUMWA,WAPELLO,,S IOWA AVE,Collision with:  Vehicle in traffic,On Roadway,Head-on (front to front),Other (explain in narrative):  Other,None Indicated,,Daylight,Dry,Clear,None apparent,Non-intersection:  Non-junction/no special feature,Paved,,Major Injury,0,2,1,0,1,0,4500,2,2,,POINT (-92.395597255409 41.004333304692)
2014808934,1406212249,06/21/2014,06-June,7-Saturday,22:49,2200 Hours,District 6 (East Central),,JONES,,Co Rd E23/CO HOME RD E-23,Collision with:  Animal,,,Animal,None Indicated,,,,,,,Paved,,Property Damage Only,0,0,0,0,0,0,2000,1,1,,POINT (-91.107261460096 42.135909862458)
2014805188,2014036418,06/21/2014,06-June,7-Saturday,05:30,0500 Hours,District 4 (Southwest),,POTTAWATTAMIE,I-80,I-80,Collision with fixed object:  Guardrail - face,Shoulder,Non-collision (single vehicle),Ran off road - right,None Indicated,,Dawn,Dry,Cloudy,None apparent,Non-intersection:  Other non-intersection (explain in narrative),Paved,,Minor Injury,0,4,0,4,0,0,21000,1,4,,POINT (-95.550524477989 41.498027769412)
2014809750,2014-13105,06/21/2014,06-June,7-Saturday,04:39,0400 Hours,District 5 (Southeast),,WARREN,IA 92,IA 92/IOWA 92,Collision with fixed object:  Ditch,On Roadway,Non-collision (single vehicle),Driving too fast for conditions,None Indicated,,Dark - roadway not lighted,Wet,Rain,None apparent,Non-intersection:  Non-junction/no special feature,Paved,,Property Damage Only,0,0,0,0,0,0,7000,1,1,,POINT (-93.624745107258 41.355289140423)
2014805006,14-030621-01,06/21/2014,06-June,7-Saturday,21:30,2100 Hours,District 6 (East Central),,IOWA,,Co Rd F20/220TH TRL & 49TH AVE,Collision with:  Animal,,,Animal,None Indicated,,,,,,,Paved,,Property Damage Only,0,0,0,0,0,0,1500,1,1,,POINT (-91.863062708336 41.799599058045)
2014804484,201408837,06/21/2014,06-June,7-Saturday,22:48,2200 Hours,District 6 (East Central),CEDAR RAPIDS,LINN,I-380,I-380,Collision with:  Animal,On Roadway,Non-collision (single vehicle),Animal,None Indicated,,Dark - roadway lighted,Dry,Cloudy,None apparent,Non-intersection:  Other non-intersection (explain in narrative),Paved,,Possible/Unknown,0,1,0,0,1,0,1000,1,2,,POINT (-91.662467554955 41.985774699105)
2014804940,,06/21/2014,06-June,7-Saturday,12:24,1200 Hours,District 4 (Southwest),,MILLS,,Co Rd L43/230TH ST,Non-collision events:  Overturn/rollover,On Roadway,Non-collision (single vehicle),Over correcting/over steering,None Indicated,,Daylight,"Mud, dirt",Cloudy,None apparent,Non-intersection:  Non-junction/no special feature,Paved,,Possible/Unknown,0,1,0,0,1,0,4000,1,1,,POINT (-95.746416175028 41.087576041362)
2014811575,143413,06/21/2014,06-June,7-Saturday,21:20,2100 Hours,District 1 (Central),,HARDIN,,145TH ST,,On Roadway,Non-collision (single vehicle),Swerving/Evasive Action,None Indicated,,Dark - roadway not lighted,Dry,Clear,None apparent,Non-intersection:  Other non-intersection (explain in narrative),Unpaved,,Possible/Unknown,0,1,0,0,1,0,10200,1,1,,POINT (-93.16176296098 42.492626383069)
2014804501,14008297,06/21/2014,06-June,7-Saturday,18:17,1800 Hours,District 4 (Southwest),PACIFIC JUNCTION,MILLS,I-29,I-29,Non-collision events:  Other non-collision (explain in narrative),On Roadway,Non-collision (single vehicle),Ran off road - right,None Indicated,,Daylight,Dry,Clear,Work Zone (roadway-related),"Interchange-related:  Off-ramp, diverge area",Paved,Yes,Property Damage Only,0,0,0,0,0,0,10000,1,2,,POINT (-95.820641681686 41.051187143806)
2014804418,01-14-26964,06/21/2014,06-June,7-Saturday,13:08,1300 Hours,District 6 (East Central),DUBUQUE,DUBUQUE,,W LOCUST ST,Collision with fixed object:  Utility pole/light support,Outside trafficway,Non-collision (single vehicle),Ran off road - right,Alcohol (Statutory),,Daylight,Dry,Cloudy,None apparent,Non-intersection:  Non-junction/no special feature,Paved,,Property Damage Only,0,0,0,0,0,0,3250,1,1,,POINT (-90.68965871981 42.50805459207)
2014804623,2014-41278,06/21/2014,06-June,7-Saturday,19:45,1900 Hours,District 6 (East Central),DAVENPORT,SCOTT,US 6,US 6/E KIMBERLY RD & IA 461/BRADY ST,Collision with:  Vehicle in traffic,On Roadway,"Angle, oncoming left turn",Other (explain in narrative):  Other,None Indicated,,Daylight,Dry,Clear,None apparent,Non-intersection:  Non-junction/no special feature,Paved,,Property Damage Only,0,0,0,0,0,0,4000,2,2,,POINT (-90.568210265625 41.560277558189)
2014804598,14-025653,06/21/2014,06-June,7-Saturday,12:10,1200 Hours,District 4 (Southwest),COUNCIL BLUFFS,POTTAWATTAMIE,,N 25TH ST,Collision with:  Vehicle in traffic,Outside trafficway,Rear-end (front to rear),Improper Backing,None Indicated,,Daylight,Dry,Cloudy,None apparent,Non-intersection:  Non-junction/no special feature,Paved,,Property Damage Only,0,0,0,0,0,0,5000,2,1,,POINT (-95.881787294521 41.269565573528)
2014804544,20140017534,06/21/2014,06-June,7-Saturday,11:45,1100 Hours,District 1 (Central),DES MOINES,POLK,,URBANDALE AVE & 48TH ST,Collision with:  Vehicle in traffic,On Roadway,"Angle, oncoming left turn",FTYROW:  Making left turn,None Indicated,,Daylight,Dry,Cloudy,None apparent,Intersection:  Four-way intersection,Paved,,Property Damage Only,0,0,0,0,0,0,5000,2,2,,POINT (-93.682832714841 41.622208483878)
2014809338,062114E,06/21/2014,06-June,7-Saturday,21:20,2100 Hours,District 4 (Southwest),,FREMONT,US 275,US 275,Collision with:  Animal,On Roadway,Non-collision (single vehicle),Animal,None Indicated,,,,,,Non-intersection:  Non-junction/no special feature,Paved,,Property Damage Only,0,0,0,0,0,0,5000,1,1,,POINT (-95.625757119779 40.743711054326)
2014805657,2014-41220,06/21/2014,06-June,7-Saturday,14:55,1400 Hours,District 6 (East Central),DAVENPORT,SCOTT,,IA 461/BRADY ST & VETERANS MEMORIAL PKWY & W 65TH ST,Collision with:  Vehicle in traffic,On Roadway,Head-on (front to front),FTYROW:  Making left turn,None Indicated,,Daylight,Dry,Clear,None apparent,Intersection:  Four-way intersection,Paved,,Property Damage Only,0,0,0,0,0,0,8000,2,2,,POINT (-90.571325145913 41.585633288289)
2014804397,CL14002085,06/21/2014,06-June,7-Saturday,11:30,1100 Hours,District 6 (East Central),CLINTON,CLINTON,,PERSHING BLVD,Collision with:  Vehicle in traffic,On Roadway,Rear-end (front to rear),Improper Backing,None Indicated,,Daylight,Dry,Cloudy,None apparent,Non-intersection:  Non-junction/no special feature,Paved,,Property Damage Only,0,0,0,0,0,0,1500,2,7,,POINT (-90.182997435963 41.867567437989)
2014806511,,06/21/2014,06-June,7-Saturday,18:50,1800 Hours,District 3 (Northwest),ARNOLDS PARK,DICKINSON,US 71,US 71 & GROVE RD,Collision with:  Vehicle in traffic,On Roadway,"Angle, oncoming left turn",FTYROW:  Making left turn,None Indicated,,Daylight,Dry,Clear,None apparent,Non-intersection:  Driveway access (within),Paved,,Property Damage Only,0,0,0,0,0,0,8000,2,3,,POINT (-95.141215437943 43.360333741824)
2014804432,P14-007349,06/21/2014,06-June,7-Saturday,11:01,1100 Hours,District 1 (Central),WEBSTER CITY,HAMILTON,,WALNUT ST & BEACH ST,Collision with:  Vehicle in traffic,On Roadway,Broadside (front to side),FTYROW:  From stop sign,None Indicated,,Daylight,Dry,Clear,None apparent,Intersection:  Four-way intersection,Paved,,Property Damage Only,0,0,0,0,0,0,18000,2,4,,POINT (-93.835423493858 42.464092103466)
2014804886,2014-41157,06/21/2014,06-June,7-Saturday,06:45,0600 Hours,District 6 (East Central),DAVENPORT,SCOTT,,W CENTRAL PARK AVE & MARQUETTE ST,Collision with:  Vehicle in traffic,On Roadway,"Sideswipe, same direction",Lost Control,None Indicated,,Daylight,Dry,Clear,None apparent,Intersection:  Four-way intersection,Paved,,Property Damage Only,0,0,0,0,0,0,2000,2,2,,POINT (-90.591217606471 41.545532281541)
2014805931,14-008902,06/21/2014,06-June,7-Saturday,11:21,1100 Hours,District 3 (Northwest),SPENCER,CLAY,,W 4TH ST,Collision with:  Vehicle in traffic,On Roadway,"Sideswipe, opposite direction",Lost Control,None Indicated,,Daylight,Dry,Clear,None apparent,Non-intersection:  Non-junction/no special feature,Paved,,Minor Injury,0,1,0,1,0,0,4000,2,1,,POINT (-95.150812666379 43.141187070325)
2014804586,14-001375,06/21/2014,06-June,7-Saturday,12:37,1200 Hours,District 1 (Central),ALTOONA,POLK,,8TH ST SW,Collision with:  Vehicle in traffic,On Roadway,Rear-end (front to rear),Other (explain in narrative):  Other,None Indicated,,Daylight,Dry,Cloudy,None apparent,Non-intersection:  Non-junction/no special feature,Paved,,Possible/Unknown,0,4,0,0,4,0,1000,2,5,,POINT (-93.473548119448 41.644022734035)
2014804561,20140017562,06/21/2014,06-June,7-Saturday,17:45,1700 Hours,District 1 (Central),DES MOINES,POLK,US 69,US 69/SE 14TH ST & E PARK AVE,Collision with:  Vehicle in traffic,On Roadway,"Sideswipe, opposite direction",Exceeded authorized speed,None Indicated,,Daylight,Dry,Clear,None apparent,Non-intersection:  Non-junction/no special feature,Paved,,Possible/Unknown,0,1,0,0,1,0,4000,2,3,,POINT (-93.596832563054 41.555312885367)
2014804540,20140017501,06/21/2014,06-June,7-Saturday,00:17,0000 Hours,District 1 (Central),DES MOINES,POLK,,SW 9TH ST,Collision with:  Vehicle in traffic,On Roadway,"Sideswipe, same direction","Operating vehicle in an reckless, erratic, careless, negligent manner",None Indicated,,Dark - roadway lighted,Dry,Cloudy,None apparent,Non-intersection:  Non-junction/no special feature,Paved,,Property Damage Only,0,0,0,0,0,0,2000,2,3,,POINT (-93.625751963305 41.542449827566)
2014805190,2014036514,06/21/2014,06-June,7-Saturday,17:00,1700 Hours,District 5 (Southeast),,WARREN,,Co Rd G50/HWY G50,Collision with:  Vehicle in traffic,On Roadway,Rear-end (front to rear),FTYROW:  Other (explain in narrative),None Indicated,,Daylight,Dry,Cloudy,None apparent,Non-intersection:  Non-junction/no special feature,Paved,,Minor Injury,0,1,0,1,0,0,5000,2,5,,POINT (-93.789665227348 41.293357140137)
2014806769,14-004936,06/21/2014,06-June,7-Saturday,14:00,1400 Hours,District 2 (Northeast),,CLAYTON,,Co Rd C1X/KENNEDY RD,Non-collision events:  Overturn/rollover,Roadside,Non-collision (single vehicle),Ran off road - right,Alcohol (< Statutory),,Daylight,"Mud, dirt",Clear,None apparent,Non-intersection:  Non-junction/no special feature,Unpaved,,Minor Injury,0,1,0,1,0,0,12000,1,1,,POINT (-91.229787719382 42.796135563325)
2014805606,S14-002280,06/21/2014,06-June,7-Saturday,21:25,2100 Hours,District 4 (Southwest),,POTTAWATTAMIE,,SUMAC RD & 152ND ST,Non-collision events:  Overturn/rollover,On Roadway,Non-collision (single vehicle),Ran off road - right,None Indicated,,Dark - roadway not lighted,Dry,Clear,None apparent,Non-intersection:  Non-junction/no special feature,Unpaved,,Possible/Unknown,0,1,0,0,1,0,3500,1,2,,POINT (-95.889197933409 41.4337341075)
2014804564,20140017580,06/21/2014,06-June,7-Saturday,19:07,1900 Hours,District 1 (Central),DES MOINES,POLK,,E WATROUS AVE,Collision with:  Parked motor vehicle,On Roadway,"Sideswipe, same direction",Other (explain in narrative):  Other,None Indicated,,Daylight,Dry,Clear,None apparent,Non-intersection:  Non-junction/no special feature,Paved,,Property Damage Only,0,0,0,0,0,0,3000,2,1,,POINT (-93.592785240395 41.548073927515)
2014804580,14-2906,06/21/2014,06-June,7-Saturday,12:50,1200 Hours,District 4 (Southwest),WEST DES MOINES,DALLAS,,JORDAN CREEK PKWY,Collision with:  Vehicle in traffic,On Roadway,"Sideswipe, same direction",Other (explain in narrative):  No improper action,None Indicated,,Daylight,Dry,Clear,None apparent,Non-intersection:  Non-junction/no special feature,Paved,,Property Damage Only,0,0,0,0,0,0,4500,2,3,,POINT (-93.808968413023 41.591396117557)
2014804567,20140017591,06/21/2014,06-June,7-Saturday,21:15,2100 Hours,District 1 (Central),DES MOINES,POLK,,PENNSYLVANIA AVE,Collision with:  Vehicle in traffic,On Roadway,"Sideswipe, same direction",Made improper turn,None Indicated,,Dark - roadway lighted,Dry,Clear,None apparent,Non-intersection:  Non-junction/no special feature,Paved,,Property Damage Only,0,0,0,0,0,0,5500,2,3,,POINT (-93.608984103637 41.599168627164)
2014805696,2014036527,06/21/2014,06-June,7-Saturday,17:32,1700 Hours,District 2 (Northeast),,CERRO GORDO,I-35,I-35,Collision with:  Parked motor vehicle,Shoulder,Rear-end (front to rear),Crossed centerline (undivided),None Indicated,,Daylight,Dry,Cloudy,None apparent,Non-intersection:  Non-junction/no special feature,Paved,,Property Damage Only,0,0,0,0,0,0,14500,2,2,,POINT (-93.340771537223 43.014956256927)
2014809889,14-000717,06/21/2014,06-June,7-Saturday,19:52,1900 Hours,District 1 (Central),JOHNSTON,POLK,,NW 60TH AVE & MERLE HAY RD,Collision with:  Vehicle in traffic,On Roadway,Broadside (front to side),FTYROW:  From stop sign,None Indicated,,Dusk,Dry,Clear,None apparent,Intersection:  Four-way intersection,Paved,,Property Damage Only,0,0,0,0,0,0,2700,2,2,,POINT (-93.697661565572 41.669334901116)
2014810479,,06/21/2014,06-June,7-Saturday,10:15,1000 Hours,District 5 (Southeast),,MUSCATINE,,Co Rd Y30/WESTERN AVE,Collision with:  Animal,On Roadway,Non-collision (single vehicle),Animal,None Indicated,,Daylight,Dry,Clear,None apparent,Non-intersection:  Non-junction/no special feature,Paved,,Property Damage Only,0,0,0,0,0,0,8000,1,1,,POINT (-90.842988835236 41.524675185695)
2014804806,S14-F21,06/21/2014,06-June,7-Saturday,08:10,0800 Hours,District 5 (Southeast),,CLARKE,,230 AVE & PINE ST,Collision with fixed object:  Ditch,On Roadway,Non-collision (single vehicle),Unknown,None Indicated,,Daylight,"Mud, dirt",Cloudy,None apparent,Intersection:  T-intersection,Unpaved,,Possible/Unknown,0,1,0,0,1,0,3000,1,1,,POINT (-93.769569963782 41.121786470415)
2014804387,14-11390,06/21/2014,06-June,7-Saturday,18:10,1800 Hours,District 2 (Northeast),,BREMER,,250TH ST,Collision with:  Animal,On Roadway,Non-collision (single vehicle),Animal,None Indicated,,Daylight,Dry,Clear,None apparent,Non-intersection:  Non-junction/no special feature,Paved,,Property Damage Only,0,0,0,0,0,0,2800,1,1,,POINT (-92.394403520295 42.685816711411)
2014806019,14-002947,06/21/2014,06-June,7-Saturday,01:13,0100 Hours,District 1 (Central),AMES,STORY,,MAIN ST,Collision with:  Vehicle in traffic,On Roadway,Rear-end (front to rear),FTYROW:  From parked position,Refused,,Dark - roadway lighted,Dry,Cloudy,None apparent,Non-intersection:  Non-junction/no special feature,Paved,,Property Damage Only,0,0,0,0,0,0,2000,2,4,,POINT (-93.612693837616 42.025103474784)
2014805206,2014036412,06/21/2014,06-June,7-Saturday,01:57,0100 Hours,District 1 (Central),ALTOONA,POLK,I-80,I-80,Collision with:  Vehicle in traffic,On Roadway,Rear-end (front to rear),Swerving/Evasive Action,None Indicated,,Dark - roadway lighted,Wet,Rain,Work Zone (roadway-related),Non-intersection:  Non-junction/no special feature,Paved,Yes,Possible/Unknown,0,2,0,0,2,0,15500,2,3,,POINT (-93.515842699548 41.660891286429)
2014805822,14-15802,06/21/2014,06-June,7-Saturday,19:00,1900 Hours,District 1 (Central),NEWTON,JASPER,,N 4TH AVE W,Collision with:  Parked motor vehicle,On Roadway,"Sideswipe, same direction",Improper Backing,None Indicated,,Daylight,Dry,Cloudy,None apparent,Non-intersection:  Non-junction/no special feature,Paved,,Property Damage Only,0,0,0,0,0,0,2500,2,1,,POINT (-93.067378224196 41.702732455418)
2014804729,20140002129,06/21/2014,06-June,7-Saturday,12:30,1200 Hours,District 6 (East Central),,LINN,US 30,US 30,Collision with fixed object:  Bridge overhead structure,On Roadway,Non-collision (single vehicle),Ran off road - right,None Indicated,,Daylight,Dry,Cloudy,None apparent,Non-intersection:  Non-junction/no special feature,Paved,,Property Damage Only,0,0,0,0,0,0,7387,1,2,,POINT (-91.578174007588 41.925400027096)
2014804658,14-19684,06/21/2014,06-June,7-Saturday,23:45,2300 Hours,District 3 (Northwest),SIOUX CITY,WOODBURY,IA 376,IA 376/LEWIS BLVD/NW RAMP,Non-collision events:  Overturn/rollover,On Roadway,Non-collision (single vehicle),Lost Control,None Indicated,,Dark - roadway lighted,Dry,Clear,None apparent,Non-intersection:  Non-junction/no special feature,Paved,,Minor Injury,0,1,0,1,0,0,2000,1,1,,POINT (-96.38019953511 42.49011647954)
2014804885,2014-41122,06/21/2014,06-June,7-Saturday,03:07,0300 Hours,District 6 (East Central),DAVENPORT,SCOTT,,W 49TH ST,Collision with fixed object:  Curb/island/raised median,On Roadway,Non-collision (single vehicle),Ran off road - left,None Indicated,,Dark - roadway lighted,Dry,Clear,None apparent,Non-intersection:  Non-junction/no special feature,Paved,,Property Damage Only,0,0,0,0,0,0,5200,1,4,,POINT (-90.622564581494 41.570466318214)
2014811923,14-04311,06/21/2014,06-June,7-Saturday,12:35,1200 Hours,District 3 (Northwest),EMMETSBURG,PALO ALTO,US 18,US 18/9TH ST OR MAIN,Collision with:  Vehicle in traffic,On Roadway,Broadside (front to side),FTYROW:  From driveway,None Indicated,,Daylight,Dry,Clear,None apparent,Non-intersection:  Driveway access (within),Paved,,Property Damage Only,0,0,0,0,0,0,1600,2,3,,POINT (-94.682059581873 43.111978119899)
2014807184,2014-41124,06/21/2014,06-June,7-Saturday,03:11,0300 Hours,District 6 (East Central),DAVENPORT,SCOTT,,RIDGEVIEW DR,Collision with fixed object:  Other fixed object (explain in narrative),On Roadway,Non-collision (single vehicle),"Operating vehicle in an reckless, erratic, careless, negligent manner",Under Influence of Alcohol/Drugs/Medications,,Dark - roadway lighted,Dry,Clear,None apparent,Non-intersection:  Non-junction/no special feature,Paved,,Property Damage Only,0,0,0,0,0,0,13500,1,1,,POINT (-90.608289927782 41.590686647654)
2014804485,201408839,06/21/2014,06-June,7-Saturday,23:03,2300 Hours,District 6 (East Central),CEDAR RAPIDS,LINN,,2ND AVE SW,Collision with:  Vehicle in traffic,On Roadway,Head-on (front to front),Traveling wrong way or on wrong side of road,Alcohol (Statutory),,Dark - roadway lighted,Dry,Clear,None apparent,Non-intersection:  Non-junction/no special feature,Paved,,Possible/Unknown,0,1,0,0,1,0,14000,2,2,,POINT (-91.678718818634 41.973380923268)
2014804559,20140017550,06/21/2014,06-June,7-Saturday,14:40,1400 Hours,District 1 (Central),DES MOINES,POLK,,E 12TH ST,Collision with:  Vehicle in traffic,On Roadway,Rear-end (front to rear),"Operating vehicle in an reckless, erratic, careless, negligent manner",None Indicated,,Daylight,Dry,Clear,None apparent,Non-intersection:  Driveway access (within),Paved,,Property Damage Only,0,0,0,0,0,0,5000,2,5,,POINT (-93.604763657881 41.604676310028)
2014805322,14-002953,06/21/2014,06-June,7-Saturday,13:35,1300 Hours,District 1 (Central),AMES,STORY,US 69,US 69/LINCOLN WAY & CLARK AVE & S WALNUT ST,Collision with:  Vehicle in traffic,On Roadway,Rear-end (front to rear),Followed too close,None Indicated,,Daylight,Dry,Clear,None apparent,Intersection:  Four-way intersection,Paved,,Property Damage Only,0,0,0,0,0,0,4000,2,3,,POINT (-93.616815703353 42.022892800878)
2014804554,20140017528,06/21/2014,06-June,7-Saturday,11:10,1100 Hours,District 1 (Central),DES MOINES,POLK,US 69,US 69/SE 14TH ST & E RAILROAD AVE,Collision with:  Vehicle in traffic,On Roadway,Rear-end (front to rear),Other (explain in narrative):  Other,None Indicated,,Daylight,Dry,Clear,None apparent,Non-intersection:  Non-junction/no special feature,Paved,,Property Damage Only,0,0,0,0,0,0,5000,2,3,,POINT (-93.596929829377 41.578911478801)
2014804545,20140017576,06/21/2014,06-June,7-Saturday,19:37,1900 Hours,District 1 (Central),DES MOINES,POLK,US 6,US 6/E EUCLID AVE & US 69/E 14TH ST,Collision with:  Vehicle in traffic,On Roadway,Rear-end (front to rear),Followed too close,None Indicated,,Daylight,Dry,Clear,None apparent,Intersection:  Four-way intersection,Paved,,Property Damage Only,0,0,0,0,0,0,2500,2,3,,POINT (-93.600513057949 41.627712019178)
2014826616,14-014233,06/21/2014,06-June,7-Saturday,10:40,1000 Hours,District 5 (Southeast),,MAHASKA,IA 163,IA 163/IOWA 163,Collision with:  Vehicle in traffic,On Roadway,Rear-end (front to rear),FTYROW:  Other (explain in narrative),None Indicated,,Daylight,Dry,Clear,None apparent,Non-intersection:  Driveway access (within),Paved,,Major Injury,0,1,1,0,0,0,90000,2,2,,POINT (-92.841910006334 41.389673133094)
2014806554,032-066-14,06/21/2014,06-June,7-Saturday,15:38,1500 Hours,District 3 (Northwest),ESTHERVILLE,EMMET,IA 4,IA 4/N 9TH ST & 5TH AVE N,Collision with:  Vehicle in traffic,On Roadway,Broadside (front to side),FTYROW:  From stop sign,None Indicated,,Daylight,Dry,Clear,None apparent,Intersection:  Four-way intersection,Paved,,Property Damage Only,0,0,0,0,0,0,9500,2,3,,POINT (-94.832871539266 43.406572087142)
2014805441,14010106,06/21/2014,06-June,7-Saturday,12:41,1200 Hours,District 2 (Northeast),MASON CITY,CERRO GORDO,IA 122,IA 122/5TH ST SW & S WASHINGTON AVE,Collision with:  Vehicle in traffic,On Roadway,"Sideswipe, same direction",Made improper turn,None Indicated,,Daylight,Dry,Clear,None apparent,Intersection:  Four-way intersection,Paved,,Property Damage Only,0,0,0,0,0,0,3200,2,2,,POINT (-93.202303285526 43.147171389957)
2014804480,201408807,06/21/2014,06-June,7-Saturday,10:59,1000 Hours,District 6 (East Central),CEDAR RAPIDS,LINN,,1ST AVE W,Collision with:  Vehicle in traffic,On Roadway,Rear-end (front to rear),Followed too close,None Indicated,,Daylight,Dry,Cloudy,None apparent,Intersection:  T-intersection,Paved,,Property Damage Only,0,0,0,0,0,0,1700,2,2,,POINT (-91.708329083862 41.969592979373)
2014805095,14-002951,06/21/2014,06-June,7-Saturday,10:00,1000 Hours,District 1 (Central),AMES,STORY,,LINCOLN WAY & HAYWARD AVE,Collision with:  Vehicle in traffic,On Roadway,"Angle, oncoming left turn",FTYROW:  Making left turn,None Indicated,,Daylight,Dry,Clear,None apparent,Intersection:  T-intersection,Paved,,Property Damage Only,0,0,0,0,0,0,3200,2,2,,POINT (-93.651698740432 42.022790110803)
2014804525,20140017512,06/21/2014,06-June,7-Saturday,00:00,0000 Hours,District 1 (Central),DES MOINES,POLK,,E DOUGLAS AVE,Collision with:  Parked motor vehicle,On Roadway,Unknown,Lost Control,None Indicated,,Dark - roadway lighted,Unknown,Unknown,Unknown,Non-intersection:  Non-junction/no special feature,Paved,,Property Damage Only,0,0,0,0,0,0,9000,2,1,,POINT (-93.603302938793 41.629507856505)
2014804562,20140017570,06/21/2014,06-June,7-Saturday,17:34,1700 Hours,District 1 (Central),DES MOINES,POLK,,PAYTON AVE & SW 9TH ST,Collision with:  Vehicle in traffic,On Roadway,"Angle, oncoming left turn",FTYROW:  Making left turn,None Indicated,,Daylight,Dry,Cloudy,None apparent,Intersection:  Four-way intersection,Paved,,Possible/Unknown,0,2,0,0,2,0,3500,2,4,,POINT (-93.625752725975 41.530091765579)
2014804705,14003690,06/21/2014,06-June,7-Saturday,05:05,0500 Hours,District 3 (Northwest),,CHEROKEE,,MARTIN ACCESS RD,Collision with fixed object:  Ditch,On Roadway,Non-collision (single vehicle),Ran off road - left,None Indicated,,Dark - roadway not lighted,"Mud, dirt",Clear,None apparent,Non-intersection:  Non-junction/no special feature,Unpaved,,Property Damage Only,0,0,0,0,0,0,4000,1,1,,POINT (-95.459584576335 42.850429612799)
2014804588,14-001379,06/21/2014,06-June,7-Saturday,14:10,1400 Hours,District 1 (Central),ALTOONA,POLK,US 6,US 6/FREDERICK M HUBBELL AVE & 34TH AVE SW & 34TH AVE NW,Collision with:  Vehicle in traffic,On Roadway,Rear-end (front to rear),Other (explain in narrative):  Other,None Indicated,,Daylight,Dry,Cloudy,None apparent,Non-intersection:  Non-junction/no special feature,Paved,,Property Damage Only,0,0,0,0,0,0,3800,2,3,,POINT (-93.503113628453 41.655066031256)
2014804599,14-025655,06/21/2014,06-June,7-Saturday,12:25,1200 Hours,District 4 (Southwest),COUNCIL BLUFFS,POTTAWATTAMIE,,LAINSON AVE & HARRISON ST,Collision with:  Vehicle in traffic,On Roadway,Rear-end (front to rear),Followed too close,None Indicated,,Daylight,Dry,Clear,None apparent,Non-intersection:  Driveway access (within),Paved,,Possible/Unknown,0,1,0,0,1,0,4000,2,3,,POINT (-95.847795340793 41.272978908853)
2014808434,2014-41190,06/21/2014,06-June,7-Saturday,03:00,0300 Hours,District 6 (East Central),DAVENPORT,SCOTT,,N PINE ST,Collision with:  Parked motor vehicle,On Roadway,"Sideswipe, same direction",Ran off road - right,None Indicated,,Dark - roadway lighted,Dry,Clear,None apparent,Non-intersection:  Non-junction/no special feature,Paved,,Property Damage Only,0,0,0,0,0,0,3500,2,1,,POINT (-90.611142100212 41.521774861475)
2014812846,14004303,06/21/2014,06-June,7-Saturday,07:30,0700 Hours,District 3 (Northwest),,PALO ALTO,,390 ST & 470 AVE,Non-collision events:  Overturn/rollover,Shoulder,Non-collision (single vehicle),Ran off road - straight,None Indicated,,Daylight,Dry,Clear,None apparent,Intersection:  Four-way intersection,Unpaved,,Property Damage Only,0,0,0,0,0,0,7000,1,1,,POINT (-94.659242293594 43.083100163126)
2014809337,062114D,06/21/2014,06-June,7-Saturday,19:10,1900 Hours,District 4 (Southwest),SIDNEY,FREMONT,,CLAY ST,Collision with:  Parked motor vehicle,On Roadway,Rear-end (front to rear),Other (explain in narrative):  No improper action,None Indicated,,Daylight,Dry,Clear,None apparent,Non-intersection:  Non-junction/no special feature,Paved,,Property Damage Only,0,0,0,0,0,0,2200,2,1,,POINT (-95.643037227501 40.746739109216)
2014804657,14-19665,06/21/2014,06-June,7-Saturday,21:10,2100 Hours,District 3 (Northwest),SIOUX CITY,WOODBURY,IA 376,IA 376/LEWIS BLVD & 3RD ST,Non-collision events:  Other non-collision (explain in narrative),On Roadway,Non-collision (single vehicle),Unknown,Alcohol (Statutory),,Daylight,Dry,Clear,None apparent,Non-intersection:  Non-junction/no special feature,Paved,,Possible/Unknown,0,1,0,0,1,0,0,1,2,,POINT (-96.378313257235 42.493269710049)
2014805192,2014036568,06/21/2014,06-June,7-Saturday,22:05,2200 Hours,District 1 (Central),,POWESHIEK,I-80,I-80,Collision with:  Animal,,,Animal,None Indicated,,,,,,,Paved,,Property Damage Only,0,0,0,0,0,0,6000,1,1,,POINT (-92.722811886292 41.69602286309)
2014804481,201408820,06/21/2014,06-June,7-Saturday,15:37,1500 Hours,District 6 (East Central),CEDAR RAPIDS,LINN,,BLAIRS FERRY RD,Collision with:  Vehicle in traffic,On Roadway,"Angle, oncoming left turn",FTYROW:  Making left turn,None Indicated,,Daylight,Dry,Clear,None apparent,Intersection:  T-intersection,Paved,,Property Damage Only,0,0,0,0,0,0,8000,2,3,,POINT (-91.678330997443 42.034710087305)