Iowa DOT Case Number,Law Enforcement Case Number,Date of Crash,Month of Crash,Day of Week,Time of Crash,Hour,DOT District,City Name,County Name,Route with System,Location Description,First Harmful Event,Location of First Harmful Event,Manner of Crash/Collision,Major Cause,Drug or Alcohol ,Environmental Conditions,Light Conditions,Surface Conditions,Weather Conditions,Roadway Contribution,Roadway Type,Roadway Surface,Work Zone,Crash Severity,Number of Fatalities,Number of Injuries,Number of Major Injuries,Number of Minor Injuries,Number of Possible Injuries,Number of Unknown Injuries,Amount of Property Damage,Number of Vehicles Involved,Total Number of Occupants,Travel Direction,Location
2014805511,14002710,06/22/2014,06-June,1-Sunday,20:00,2000 Hours,District 3 (Northwest),,LYON,,Co Rd A14/120TH ST & Co Rd K10/APPLE AVE,Collision with:  Vehicle in traffic,On Roadway,Rear-end (front to rear),Followed too close,None Indicated,,Daylight,Dry,Clear,None apparent,Intersection:  T-intersection,Paved,,Minor Injury,0,1,0,1,0,0,2000,2,2,,POINT (-96.566227200682 43.476537195437)
2014805442,14010169,06/22/2014,06-June,1-Sunday,08:54,0800 Hours,District 2 (Northeast),MASON CITY,CERRO GORDO,,1ST ST NW,Collision with fixed object:  Utility pole/light support,On Roadway,Non-collision (single vehicle),Driver Distraction:  Inattentive/lost in thought,Under Influence of Alcohol/Drugs/Medications,,Daylight,Dry,Clear,None apparent,Non-intersection:  Non-junction/no special feature,Paved,,Property Damage Only,0,0,0,0,0,0,6000,1,3,,POINT (-93.22048773807 43.152792837948)
2014806002,2014-41558,06/22/2014,06-June,1-Sunday,22:00,2200 Hours,District 6 (East Central),DAVENPORT,SCOTT,,IA 461/BRADY ST & W LOCUST ST & E LOCUST ST,Collision with:  Vehicle in traffic,On Roadway,Rear-end (front to rear),Lost Control,Alcohol (Statutory),,Dark - roadway lighted,Wet,Clear,None apparent,Non-intersection:  Non-junction/no special feature,Paved,,Possible/Unknown,0,1,0,0,1,0,5000,2,2,,POINT (-90.573997624563 41.538280176233)
2014804767,14-1375,06/22/2014,06-June,1-Sunday,22:36,2200 Hours,District 1 (Central),URBANDALE,POLK,,PATRICIA DR,Collision with:  Vehicle in traffic,On Roadway,Rear-end (front to rear),Driver Distraction:  Manual operation of an electronic communication device,None Indicated,,Dark - roadway lighted,Dry,Clear,None apparent,Non-intersection:  Non-junction/no special feature,Paved,,Property Damage Only,0,0,0,0,0,0,6000,2,1,,POINT (-93.751134594869 41.627366917386)
2014805266,201402146,06/22/2014,06-June,1-Sunday,21:18,2100 Hours,District 6 (East Central),,LINN,US 30,US 30,Collision with:  Animal,,,Animal,None Indicated,,,,,,,Paved,,Property Damage Only,0,0,0,0,0,0,6000,1,1,,POINT (-91.546004595974 41.926140922991)
2014814071,14-002993,06/22/2014,06-June,1-Sunday,02:39,0200 Hours,District 1 (Central),AMES,STORY,,HARRISON RD & BERKSHIRE AVE,Collision with:  Non-motorist (see non-motorist section - NOT a unit),On Roadway,Non-collision (single vehicle),"Operating vehicle in an reckless, erratic, careless, negligent manner",None Indicated,,Dark - roadway lighted,Dry,Clear,None apparent,Non-intersection:  Non-junction/no special feature,Paved,,Minor Injury,0,1,0,1,0,0,0,1,3,,POINT (-93.639041240677 42.061499345737)
2014804392,14-9018,06/22/2014,06-June,1-Sunday,22:32,2200 Hours,District 3 (Northwest),,CLAY,,Co Rd M27/130TH AVE,Collision with:  Animal,,,Animal,None Indicated,,,,,,,Paved,,Property Damage Only,0,0,0,0,0,0,2500,1,1,,POINT (-95.329096801022 42.988824159115)
2014805175,2014036606,06/22/2014,06-June,1-Sunday,04:09,0400 Hours,District 4 (Southwest),,HARRISON,I-29,I-29,Non-collision events:  Overturn/rollover,Median,Non-collision (single vehicle),Ran off road - left,None Indicated,,Dark - roadway not lighted,Dry,Cloudy,None apparent,Non-intersection:  Non-junction/no special feature,Paved,,Minor Injury,0,1,0,1,0,0,3000,1,1,,POINT (-95.919773732406 41.5680246801)
2014804659,14-19755,06/22/2014,06-June,1-Sunday,14:57,1400 Hours,District 3 (Northwest),SIOUX CITY,WOODBURY,,INGLESIDE AVE & VIRGINIA ST,Collision with:  Vehicle in traffic,On Roadway,Broadside (front to side),Ran Stop Sign,None Indicated,,Daylight,Dry,Clear,None apparent,Intersection:  Y-intersection,Paved,,Possible/Unknown,0,1,0,0,1,0,3000,2,3,,POINT (-96.398358204949 42.508632353185)
2014805991,S79140206,06/22/2014,06-June,1-Sunday,18:01,1800 Hours,District 1 (Central),BROOKLYN,POWESHIEK,I-80,I-80,Collision with fixed object:  Other fixed object (explain in narrative),On Roadway,Non-collision (single vehicle),Ran off road - left,None Indicated,,Daylight,Wet,Cloudy,"Surface condition (e.g., wet, icy)",Non-intersection:  Non-junction/no special feature,Paved,,Property Damage Only,0,0,0,0,0,0,8924,1,1,,POINT (-92.435528997648 41.696105782137)
2014828309,14060509,06/22/2014,06-June,1-Sunday,15:44,1500 Hours,District 5 (Southeast),,WAPELLO,US 63,US 63,Collision with:  Vehicle in traffic,On Roadway,"Sideswipe, opposite direction",Crossed centerline (undivided),None Indicated,,Daylight,Wet,Rain,"Surface condition (e.g., wet, icy)",Non-intersection:  Non-junction/no special feature,Paved,,Property Damage Only,0,0,0,0,0,0,5050,2,2,,POINT (-92.409483272597 40.927321902165)
2014804421,01-14-27183,06/22/2014,06-June,1-Sunday,20:25,2000 Hours,District 6 (East Central),DUBUQUE,DUBUQUE,,SAMUEL ST & SOUTHERN AVE,Collision with fixed object:  Utility pole/light support,On Roadway,Non-collision (single vehicle),Ran off road - right,Alcohol (Statutory),,Daylight,Wet,Rain,None apparent,Non-intersection:  Non-junction/no special feature,Paved,,Property Damage Only,0,0,0,0,0,0,17000,1,1,,POINT (-90.66849375763 42.481843781066)
2014804713,14-21338,06/22/2014,06-June,1-Sunday,21:09,2100 Hours,District 5 (Southeast),BURLINGTON,DES MOINES,US 61,US 61 & WEST AVE,Collision with:  Vehicle in traffic,On Roadway,Rear-end (front to rear),Followed too close,None Indicated,,Dark - roadway lighted,Wet,Cloudy,None apparent,Intersection:  Four-way intersection,Paved,,Property Damage Only,0,0,0,0,0,0,2500,2,8,,POINT (-91.141574271494 40.80043068222)
2014804530,20140017685,06/22/2014,06-June,1-Sunday,21:30,2100 Hours,District 1 (Central),DES MOINES,POLK,IA 163,IA 163/E UNIVERSITY AVE & HUBBELL AVE,Collision with fixed object:  Concrete traffic barrier (median or right side),Shoulder,Non-collision (single vehicle),Over correcting/over steering,None Indicated,,Dark - roadway lighted,Dry,Clear,None apparent,Intersection:  Four-way intersection,Paved,,Property Damage Only,0,0,0,0,0,0,5000,1,1,,POINT (-93.578564726326 41.600478661837)
2014804570,20140017639,06/22/2014,06-June,1-Sunday,13:05,1300 Hours,District 1 (Central),DES MOINES,POLK,,COTTAGE GROVE AVE & MLK JR PKWY & 19TH ST,Collision with:  Vehicle in traffic,On Roadway,Broadside (front to side),Unknown,None Indicated,,Daylight,Wet,Cloudy,"Surface condition (e.g., wet, icy)",Intersection:  Other intersection (explain in narrative),Paved,,Property Damage Only,0,0,0,0,0,0,8000,2,2,,POINT (-93.643237849053 41.593811926093)
2014804384,W14-062402,06/22/2014,06-June,1-Sunday,20:55,2000 Hours,District 2 (Northeast),WATERLOO,BLACK HAWK,I-380,I-380 & US 218/WASHINGTON ST & E MITCHELL AVE,Collision with:  Vehicle in traffic,On Roadway,Rear-end (front to rear),Other (explain in narrative):  Other,None Indicated,,Dark - roadway lighted,Dry,Clear,None apparent,Intersection:  Four-way intersection,Paved,,Property Damage Only,0,0,0,0,0,0,3500,2,3,,POINT (-92.322103520963 42.476614544459)
2014804669,2014036682,06/22/2014,06-June,1-Sunday,17:20,1700 Hours,District 6 (East Central),,IOWA,I-80,I-80,Collision with:  Vehicle in traffic,On Roadway,"Sideswipe, same direction",Lost Control,None Indicated,,Daylight,Wet,Rain,"Surface condition (e.g., wet, icy)",Non-intersection:  Non-junction/no special feature,Paved,,Property Damage Only,0,0,0,0,0,0,12500,2,7,,POINT (-91.894610799285 41.687438108309)
2014805345,2014-13196,06/22/2014,06-June,1-Sunday,01:00,0100 Hours,District 5 (Southeast),,WARREN,,DUBUQUE ST,Non-collision events:  Overturn/rollover,,,Ran off road - right,None Indicated,,,,,,,Unpaved,,Property Damage Only,0,0,0,0,0,0,5000,1,1,,POINT (-93.627876847396 41.453427212836)
2014810179,14-006962,06/22/2014,06-June,1-Sunday,17:00,1700 Hours,District 2 (Northeast),,FAYETTE,,S AVE,Collision with fixed object:  Bridge overhead structure,On Roadway,Non-collision (single vehicle),Ran off road - right,None Indicated,,Daylight,Dry,Clear,None apparent,Non-intersection:  Other non-intersection (explain in narrative),Unpaved,,Possible/Unknown,0,1,0,0,1,0,700,1,2,,POINT (-91.963389687267 42.92239363693)
2014804719,C14001914,06/22/2014,06-June,1-Sunday,10:25,1000 Hours,District 6 (East Central),CORALVILLE,JOHNSON,US 6,US 6/2ND ST & 12TH AVE,Collision with:  Vehicle in traffic,On Roadway,Rear-end (front to rear),Other (explain in narrative):  Other,None Indicated,,Daylight,Dry,Cloudy,None apparent,Non-intersection:  Non-junction/no special feature,Paved,,Property Damage Only,0,0,0,0,0,0,6500,2,3,,POINT (-91.581775912494 41.674518764256)
2014804924,,06/22/2014,06-June,1-Sunday,21:37,2100 Hours,District 2 (Northeast),,CHICKASAW,US 218,US 218,Collision with:  Animal,On Roadway,Non-collision (single vehicle),Animal,None Indicated,,Dark - roadway not lighted,Dry,Cloudy,None apparent,Non-intersection:  Non-junction/no special feature,Paved,,Property Damage Only,0,0,0,0,0,0,8000,1,2,,POINT (-92.544510084145 42.930629547033)
2014804577,14-2920,06/22/2014,06-June,1-Sunday,12:00,1200 Hours,District 1 (Central),WEST DES MOINES,POLK,,NW 104TH ST & UNIVERSITY AVE & 42ND ST,Collision with:  Vehicle in traffic,On Roadway,Rear-end (front to rear),Swerving/Evasive Action,None Indicated,,Daylight,Dry,Cloudy,None apparent,Non-intersection:  Non-junction/no special feature,Paved,,Possible/Unknown,0,1,0,0,1,0,2000,2,6,,POINT (-93.761682176601 41.600447108191)
2014805333,201400029997,06/22/2014,06-June,1-Sunday,17:54,1700 Hours,District 5 (Southeast),OTTUMWA,WAPELLO,,N HANCOCK ST & E VINE ST,Collision with:  Vehicle in traffic,On Roadway,Broadside (front to side),Ran Stop Sign,None Indicated,,Daylight,Wet,Cloudy,None apparent,Intersection:  Four-way intersection,Paved,,Property Damage Only,0,0,0,0,0,0,4000,2,5,,POINT (-92.4161164274 41.004880468375)
2014804605,14-025798,06/22/2014,06-June,1-Sunday,10:58,1000 Hours,District 4 (Southwest),COUNCIL BLUFFS,POTTAWATTAMIE,US 6,US 6/KANESVILLE BLVD & N BROADWAY,Collision with:  Vehicle in traffic,On Roadway,Broadside (front to side),Ran Traffic Signal,None Indicated,,Daylight,Dry,Cloudy,None apparent,Intersection:  Four-way intersection,Paved,,Property Damage Only,0,0,0,0,0,0,4500,2,2,,POINT (-95.836662188987 41.268957947011)
2014805371,2014036693,06/22/2014,06-June,1-Sunday,18:25,1800 Hours,District 5 (Southeast),,WARREN,I-35,I-35,Collision with fixed object:  Guardrail - face,Shoulder,Non-collision (single vehicle),Ran off road - right,None Indicated,,Daylight,Wet,Rain,None apparent,Non-intersection:  Non-junction/no special feature,Paved,,Property Damage Only,0,0,0,0,0,0,3500,1,1,,POINT (-93.77967126969 41.296586955454)
2014804661,14-19768,06/22/2014,06-June,1-Sunday,17:18,1700 Hours,District 3 (Northwest),SIOUX CITY,WOODBURY,,MYRTLE ST,Collision with:  Vehicle in traffic,On Roadway,"Sideswipe, same direction",Lost Control,None Indicated,,Daylight,Dry,Clear,None apparent,Non-intersection:  Non-junction/no special feature,Paved,,Property Damage Only,0,0,0,0,0,0,5000,2,1,,POINT (-96.422681813427 42.524808999988)
2014804716,14004231,06/22/2014,06-June,1-Sunday,23:30,2300 Hours,District 1 (Central),WEBSTER CITY,HAMILTON,,Co Rd D20/190TH ST & Co Rd R35/KANTOR AVE,Collision with fixed object:  Ditch,Roadside,Non-collision (single vehicle),Ran Stop Sign,None Indicated,,Dark - roadway not lighted,Dry,Cloudy,None apparent,Intersection:  Four-way intersection,Paved,,Minor Injury,0,1,0,1,0,0,3500,1,4,,POINT (-93.779173795262 42.507716276215)
2014804706,14-009007,06/22/2014,06-June,1-Sunday,17:33,1700 Hours,District 3 (Northwest),,CLAY,,Co Rd M27/130TH AVE,Collision with:  Vehicle in traffic,On Roadway,Rear-end (front to rear),Followed too close,None Indicated,,Daylight,Dry,Clear,None apparent,Non-intersection:  Non-junction/no special feature,Paved,,Major Injury,0,1,1,0,0,0,6500,2,2,,POINT (-95.328625939387 43.136903373359)
2014805607,S14-002291,06/22/2014,06-June,1-Sunday,23:10,2300 Hours,District 4 (Southwest),COUNCIL BLUFFS,POTTAWATTAMIE,I-80,I-80,Collision with:  Animal,,,Animal,None Indicated,,,,,,,Paved,,Property Damage Only,0,0,0,0,0,0,10000,1,1,,POINT (-95.80136314868 41.263077151858)
2014822520,EP14-001151,06/22/2014,06-June,1-Sunday,01:00,0100 Hours,District 2 (Northeast),EAGLE GROVE,WRIGHT,IA 17,IA 17/N COMMERCIAL AVE & 12TH ST NW,Collision with:  Vehicle in traffic,On Roadway,Rear-end (front to rear),Swerving/Evasive Action,None Indicated,,Dark - roadway lighted,Dry,Cloudy,None apparent,Non-intersection:  Non-junction/no special feature,Paved,,Property Damage Only,0,0,0,0,0,0,1900,2,3,,POINT (-93.905825883832 42.67547879866)
2014808743,,06/22/2014,06-June,1-Sunday,12:19,1200 Hours,District 2 (Northeast),CLEAR LAKE,CERRO GORDO,US 18,US 18 & 7TH AVE N & N 24TH ST,Collision with:  Vehicle in traffic,On Roadway,Broadside (front to side),FTYROW:  Making right turn on red signal,None Indicated,,Daylight,Dry,Clear,None apparent,Intersection:  Four-way intersection,Paved,,Property Damage Only,0,0,0,0,0,0,2500,2,3,,POINT (-93.35941486197 43.145723165894)
2014810045,14005268,06/22/2014,06-June,1-Sunday,15:41,1500 Hours,District 6 (East Central),DUNDEE,DELAWARE,,RICHLAND ST & CENTER ST,Collision with:  Vehicle in traffic,On Roadway,Broadside (front to side),Unknown,None Indicated,,Daylight,Wet,Rain,None apparent,Intersection:  T-intersection,Paved,,Property Damage Only,0,0,0,0,0,0,5100,2,5,,POINT (-91.546773716497 42.57724758679)
2014804662,14-19773,06/22/2014,06-June,1-Sunday,18:35,1800 Hours,District 3 (Northwest),SIOUX CITY,WOODBURY,,3RD ST & PIERCE ST,Collision with:  Vehicle in traffic,On Roadway,Broadside (front to side),Other (explain in narrative):  Other,None Indicated,,Daylight,Dry,Clear,None apparent,Intersection:  Four-way intersection,Paved,,Possible/Unknown,0,1,0,0,1,0,8500,2,7,,POINT (-96.404887285322 42.493058691676)
2014810080,1404808,06/22/2014,06-June,1-Sunday,12:10,1200 Hours,District 5 (Southeast),WASHINGTON,WASHINGTON,,E WASHINGTON ST,Collision with:  Vehicle in traffic,On Roadway,Broadside (front to side),FTYROW:  From parked position,None Indicated,,Daylight,Dry,Cloudy,None apparent,Non-intersection:  Non-junction/no special feature,Paved,,Property Damage Only,0,0,0,0,0,0,2000,2,2,,POINT (-91.690894277736 41.298403715782)
2014804714,14-902,06/22/2014,06-June,1-Sunday,12:10,1200 Hours,District 3 (Northwest),SPIRIT LAKE,DICKINSON,,25TH ST & ENTERPRISE AVE,Collision with:  Vehicle in traffic,On Roadway,Broadside (front to side),FTYROW:  From stop sign,None Indicated,,Daylight,Dry,Cloudy,None apparent,Intersection:  Four-way intersection,Paved,,Property Damage Only,0,0,0,0,0,0,4300,2,4,,POINT (-95.126826965663 43.417175208303)
2014804533,20140017603,06/22/2014,06-June,1-Sunday,00:50,0000 Hours,District 1 (Central),DES MOINES,POLK,,E PARK AVE,Collision with:  Parked motor vehicle,On Roadway,Rear-end (front to rear),Unknown,None Indicated,,Dark - roadway lighted,Dry,Clear,None apparent,Non-intersection:  Non-junction/no special feature,Paved,,Property Damage Only,0,0,0,0,0,0,1500,2,2,,POINT (-93.58496077611 41.555292827797)
2014815474,14003518,06/22/2014,06-June,1-Sunday,10:11,1000 Hours,District 2 (Northeast),,HANCOCK,,IOWA AVE,Non-collision events:  Overturn/rollover,Shoulder,Non-collision (single vehicle),Ran off road - right,None Indicated,,Daylight,"Mud, dirt",Rain,None apparent,Non-intersection:  Non-junction/no special feature,Unpaved,,Possible/Unknown,0,1,0,0,1,0,22000,1,1,,POINT (-93.812596721301 43.051714488013)
2014805671,14-1852,06/22/2014,06-June,1-Sunday,16:30,1600 Hours,District 1 (Central),FORT DODGE,WEBSTER,,10TH AVE S & S 18TH ST,Collision with:  Vehicle in traffic,On Roadway,Rear-end (front to rear),Followed too close,None Indicated,,Daylight,Dry,Clear,None apparent,Intersection:  Four-way intersection,Paved,,Property Damage Only,0,0,0,0,0,0,4500,2,4,,POINT (-94.173390866009 42.493875150191)
2014810048,14-394,06/22/2014,06-June,1-Sunday,12:04,1200 Hours,District 5 (Southeast),CORYDON,WAYNE,IA 2,IA 2/JEFFERSON ST & DEKALB ST,Collision with:  Vehicle in traffic,On Roadway,"Sideswipe, same direction",FTYROW:  Other (explain in narrative),None Indicated,,Daylight,Dry,Clear,None apparent,Intersection:  Four-way intersection,Paved,,Property Damage Only,0,0,0,0,0,0,3000,2,5,,POINT (-93.320378740182 40.757191992917)
2014805332,201400029988,06/22/2014,06-June,1-Sunday,16:39,1600 Hours,District 5 (Southeast),OTTUMWA,WAPELLO,,E MAPLE AVE & N GREEN ST,Collision with:  Vehicle in traffic,On Roadway,Rear-end (front to rear),Other (explain in narrative):  Other,None Indicated,,Daylight,Wet,Rain,None apparent,Non-intersection:  Non-junction/no special feature,Paved,,Property Damage Only,0,0,0,0,0,0,4000,2,1,,POINT (-92.405096975179 41.025623935838)
2014805003,2014-1471,06/22/2014,06-June,1-Sunday,23:24,2300 Hours,District 1 (Central),JEFFERSON,GREENE,,N WILSON AVE,Collision with fixed object:  Tree,Outside trafficway,Non-collision (single vehicle),Crossed centerline (undivided),None Indicated,,Dark - roadway lighted,Dry,Cloudy,None apparent,Non-intersection:  Railroad grade crossing,Unpaved,,Minor Injury,0,1,0,1,0,0,8000,1,1,,POINT (-94.374773463681 42.022783238643)
2014805241,062214-3,06/22/2014,06-June,1-Sunday,00:23,0000 Hours,District 3 (Northwest),,BUENA VISTA,US 71,US 71/130TH AVE & 450TH ST,Collision with fixed object:  Ditch,On Roadway,Non-collision (single vehicle),Crossed centerline (undivided),Refused,,Dark - roadway not lighted,Dry,Clear,None apparent,Non-intersection:  Non-junction/no special feature,Paved,,Property Damage Only,0,0,0,0,0,0,1500,1,1,,POINT (-95.151013124918 42.865362373869)
2014805193,2014036635,06/22/2014,06-June,1-Sunday,12:27,1200 Hours,District 4 (Southwest),,DALLAS,I-80,I-80,Collision with:  Vehicle in traffic,On Roadway,Rear-end (front to rear),Other (explain in narrative):  Other,None Indicated,,Daylight,Wet,Cloudy,"Surface condition (e.g., wet, icy)",Non-intersection:  Non-junction/no special feature,Paved,,Property Damage Only,0,0,0,0,0,0,13000,2,7,,POINT (-94.033455248319 41.535869487991)
2014804786,14C02863,06/22/2014,06-June,1-Sunday,17:08,1700 Hours,District 4 (Southwest),CRESTON,UNION,US 34,US 34/W TAYLOR ST,Collision with:  Vehicle in traffic,On Roadway,Rear-end (front to rear),Followed too close,None Indicated,,Daylight,Dry,Clear,None apparent,Non-intersection:  Non-junction/no special feature,Paved,,Minor Injury,0,1,0,1,0,0,9500,2,5,,POINT (-94.370048705251 41.049201231138)
2014804546,20140017611,06/22/2014,06-June,1-Sunday,01:55,0100 Hours,District 1 (Central),DES MOINES,POLK,,E GRAND AVE & E 6TH ST,Collision with:  Vehicle in traffic,On Roadway,Broadside (front to side),Ran Traffic Signal,None Indicated,,Dark - roadway lighted,Dry,Clear,None apparent,Intersection:  Four-way intersection,Paved,,Property Damage Only,0,0,0,0,0,0,11000,2,2,,POINT (-93.610202117495 41.590893518014)
2014805007,14-030622-01,06/22/2014,06-June,1-Sunday,15:15,1500 Hours,District 6 (East Central),,IOWA,I-80,I-80,Non-collision events:  Other non-collision (explain in narrative),On Roadway,Non-collision (single vehicle),Other (explain in narrative):  No improper action,None Indicated,,Daylight,Wet,Rain,None apparent,Non-intersection:  Non-junction/no special feature,Paved,,Property Damage Only,0,0,0,0,0,0,3000,1,2,,POINT (-92.138994504993 41.695212406801)
2014804686,W14-062360,06/22/2014,06-June,1-Sunday,19:06,1900 Hours,District 2 (Northeast),WATERLOO,BLACK HAWK,,DUBUQUE RD & ADRIAN ST & IDAHO ST,Collision with:  Vehicle in traffic,On Roadway,Rear-end (front to rear),Followed too close,Alcohol (Statutory),,Daylight,Dry,Clear,None apparent,Intersection:  Four-way intersection,Paved,,Major Injury,0,2,1,1,0,0,10100,2,3,,POINT (-92.308459125591 42.491563787304)
2014805012,14-150622-02,06/22/2014,06-June,1-Sunday,17:07,1700 Hours,District 6 (East Central),,IOWA,I-80,I-80,Collision with:  Vehicle in traffic,On Roadway,Rear-end (front to rear),FTYROW:  Other (explain in narrative),None Indicated,,Daylight,Wet,Rain,"Surface condition (e.g., wet, icy)",Non-intersection:  Non-junction/no special feature,Paved,,Minor Injury,0,1,0,1,0,0,6000,2,5,,POINT (-91.981720245964 41.687027059785)
2014808068,2014036628,06/22/2014,06-June,1-Sunday,11:39,1100 Hours,District 2 (Northeast),,BREMER,US 218,US 218,Collision with:  Animal,,,Animal,None Indicated,,,,,,,Paved,,Property Damage Only,0,0,0,0,0,0,3500,1,1,,POINT (-92.471347713122 42.657767062723)
2014805624,2014-12553,06/22/2014,06-June,1-Sunday,14:28,1400 Hours,District 6 (East Central),,SCOTT,,95 AVE,Collision with fixed object:  Ditch,Outside trafficway,Non-collision (single vehicle),Over correcting/over steering,None Indicated,,Daylight,"Mud, dirt",Rain,None apparent,Non-intersection:  Non-junction/no special feature,Unpaved,,Minor Injury,0,1,0,1,0,0,6000,1,1,,POINT (-90.717302995382 41.504928367307)
2014806274,14-005303,06/22/2014,06-June,1-Sunday,02:00,0200 Hours,District 4 (Southwest),MARNE,CASS,,Co Rd M56/570TH ST,Collision with fixed object:  Ditch,On Roadway,Non-collision (single vehicle),Ran off road - right,Under Influence of Alcohol/Drugs/Medications,,Dark - roadway not lighted,Dry,Clear,None apparent,Non-intersection:  Non-junction/no special feature,Unpaved,,Possible/Unknown,0,1,0,0,0,1,6500,1,1,,POINT (-95.098720228243 41.428679582694)
2014805660,2014-41502,06/22/2014,06-June,1-Sunday,16:39,1600 Hours,District 6 (East Central),DAVENPORT,SCOTT,,E 53RD ST & ELMORE AVE,Collision with:  Vehicle in traffic,On Roadway,Broadside (front to side),Other (explain in narrative):  Other,None Indicated,,Daylight,Wet,Rain,None apparent,Non-intersection:  Non-junction/no special feature,Paved,,Property Damage Only,0,0,0,0,0,0,3000,2,5,,POINT (-90.528538698714 41.574868072852)
2014809835,14-9236,06/22/2014,06-June,1-Sunday,07:57,0700 Hours,District 6 (East Central),,JACKSON,,,Non-collision events:  Overturn/rollover,Roadside,Non-collision (single vehicle),Crossed centerline (undivided),None Indicated,,Daylight,Dry,Cloudy,None apparent,Non-intersection:  Non-junction/no special feature,,,Property Damage Only,0,0,0,0,0,0,1500,1,1,,POINT (-96.643700149993 40.233091251414)
2014804491,14012902,06/22/2014,06-June,1-Sunday,12:19,1200 Hours,District 6 (East Central),MARION,LINN,,10TH AVE,Collision with:  Vehicle in traffic,On Roadway,"Sideswipe, same direction",Followed too close,None Indicated,,Daylight,Dry,Cloudy,None apparent,Intersection:  Four-way intersection,Paved,,Property Damage Only,0,0,0,0,0,0,2300,2,7,,POINT (-91.562363531948 42.035900722629)
2014828310,14060513,06/22/2014,06-June,1-Sunday,17:00,1700 Hours,District 5 (Southeast),,WAPELLO,,RABBIT RUN,Non-collision events:  Overturn/rollover,Roadside,Non-collision (single vehicle),Driving too fast for conditions,None Indicated,,Daylight,Wet,Rain,None apparent,Non-intersection:  Non-junction/no special feature,Unpaved,,Property Damage Only,0,0,0,0,0,0,8000,1,2,,POINT (-92.371759242689 40.987675857214)
2014804528,20140017647,06/22/2014,06-June,1-Sunday,14:55,1400 Hours,District 1 (Central),DES MOINES,POLK,,E WALNUT ST,Collision with:  Parked motor vehicle,On Roadway,Unknown,Unknown,None Indicated,,Daylight,Dry,Cloudy,None apparent,Non-intersection:  Non-junction/no special feature,Paved,,Property Damage Only,0,0,0,0,0,0,10000,2,1,,POINT (-93.589738807308 41.592810764067)
2014804896,2014-41365,06/22/2014,06-June,1-Sunday,01:03,0100 Hours,District 6 (East Central),DAVENPORT,SCOTT,,W 3RD ST,Non-collision events:  Other non-collision (explain in narrative),On Roadway,Non-collision (single vehicle),Unknown,None Indicated,,Dark - roadway lighted,Dry,Clear,None apparent,Non-intersection:  Non-junction/no special feature,Paved,,Property Damage Only,0,0,0,0,0,0,1500,1,1,,POINT (-90.607972129571 41.52226733477)
2014805905,2014036704,06/22/2014,06-June,1-Sunday,18:05,1800 Hours,District 2 (Northeast),,WORTH,,410TH ST,Non-collision events:  Overturn/rollover,Roadside,Non-collision (single vehicle),Ran Stop Sign,Alcohol (< Statutory),,Daylight,Dry,Cloudy,None apparent,Intersection:  Four-way intersection,Unpaved,,Major Injury,0,2,1,1,0,0,15000,1,2,,POINT (-93.117060778038 43.35703662141)
2014804568,20140017623,06/22/2014,06-June,1-Sunday,06:40,0600 Hours,District 1 (Central),DES MOINES,POLK,,GRANDVIEW AVE & E 25TH ST,Collision with fixed object:  Utility pole/light support,On Roadway,Non-collision (single vehicle),Crossed centerline (undivided),None Indicated,,Dawn,Dry,Cloudy,None apparent,Non-intersection:  Non-junction/no special feature,Paved,,Possible/Unknown,0,1,0,0,1,0,9900,1,1,,POINT (-93.570820998014 41.620468380231)
2014809979,144427PD,06/22/2014,06-June,1-Sunday,04:32,0400 Hours,District 1 (Central),BOONE,BOONE,,14TH ST,Collision with:  Parked motor vehicle,Roadside,Rear-end (front to rear),Swerving/Evasive Action,Refused,,Dark - roadway not lighted,Dry,Cloudy,None apparent,Non-intersection:  Non-junction/no special feature,Paved,,Minor Injury,0,1,0,1,0,0,24600,4,5,,POINT (-93.873171980153 42.070008014749)
2014805835,14-004253,06/22/2014,06-June,1-Sunday,23:15,2300 Hours,District 3 (Northwest),,MONONA,IA 37,IA 37/IOWA 37 & PEACH AVE,Collision with:  Animal,,,Animal,None Indicated,,,,,,,Paved,,Property Damage Only,0,0,0,0,0,0,1700,1,1,,POINT (-95.885556011162 42.006305400577)
2014806555,032-067-14,06/22/2014,06-June,1-Sunday,09:50,0900 Hours,District 3 (Northwest),ESTHERVILLE,EMMET,,Co Rd N26/375 AVE & W 14TH AVE N,Collision with fixed object:  Traffic sign support,On Roadway,Non-collision (single vehicle),Ran off road - right,None Indicated,,Daylight,Dry,Cloudy,Unknown,Non-intersection:  Non-junction/no special feature,Paved,,Property Damage Only,0,0,0,0,0,0,2100,1,1,,POINT (-94.846936777584 43.413837195353)
2014810313,2014006208,06/22/2014,06-June,1-Sunday,21:40,2100 Hours,District 1 (Central),MARSHALLTOWN,MARSHALL,,S 12TH ST,,On Roadway,Non-collision (single vehicle),Swerving/Evasive Action,None Indicated,,Dark - roadway not lighted,Dry,Clear,None apparent,Non-intersection:  Non-junction/no special feature,Paved,,Possible/Unknown,0,1,0,0,1,0,1700,1,5,,POINT (-92.931676520367 42.015667236799)
2014805008,14-030622-02,06/22/2014,06-June,1-Sunday,16:45,1600 Hours,District 6 (East Central),,IOWA,,Co Rd V66/M AVE,Non-collision events:  Overturn/rollover,On Roadway,Non-collision (single vehicle),Ran off road - right,None Indicated,,Daylight,Wet,Rain,None apparent,Non-intersection:  Non-junction/no special feature,Paved,,Property Damage Only,0,0,0,0,0,0,5000,1,1,,POINT (-92.065984007598 41.711332151177)