Iowa DOT Case Number,Law Enforcement Case Number,Date of Crash,Month of Crash,Day of Week,Time of Crash,Hour,DOT District,City Name,County Name,Route with System,Location Description,First Harmful Event,Location of First Harmful Event,Manner of Crash/Collision,Major Cause,Drug or Alcohol ,Environmental Conditions,Light Conditions,Surface Conditions,Weather Conditions,Roadway Contribution,Roadway Type,Roadway Surface,Work Zone,Crash Severity,Number of Fatalities,Number of Injuries,Number of Major Injuries,Number of Minor Injuries,Number of Possible Injuries,Number of Unknown Injuries,Amount of Property Damage,Number of Vehicles Involved,Total Number of Occupants,Travel Direction,Location
2014808085,2014036725,06/23/2014,06-June,2-Monday,02:50,0200 Hours,District 2 (Northeast),,FRANKLIN,I-35,I-35,Collision with:  Animal,On Roadway,Non-collision (single vehicle),Animal,None Indicated,,Dark - roadway lighted,Dry,Clear,None apparent,Non-intersection:  Non-junction/no special feature,Paved,,Property Damage Only,0,0,0,0,0,0,3500,1,4,,POINT (-93.427700199613 42.712960310392)
2014808512,2014-0931,06/23/2014,06-June,2-Monday,08:29,0800 Hours,District 1 (Central),SCRANTON,GREENE,US 30,US 30/220TH & F AVE,Collision with:  Vehicle in traffic,On Roadway,Rear-end (front to rear),Swerving/Evasive Action,None Indicated,,Daylight,Dry,Clear,None apparent,Non-intersection:  Non-junction/no special feature,Paved,,Property Damage Only,0,0,0,0,0,0,5000,2,2,,POINT (-94.532382518955 42.034647626778)
2014805259,02-14-9473,06/23/2014,06-June,2-Monday,14:38,1400 Hours,District 6 (East Central),ZWINGLE,DUBUQUE,US 61,US 61,Collision with:  Vehicle in traffic,On Roadway,Broadside (front to side),FTYROW:  From yield sign,None Indicated,,Daylight,Dry,Cloudy,None apparent,Intersection:  Four-way intersection,Paved,,Property Damage Only,0,0,0,0,0,0,4000,2,3,,POINT (-90.682056342935 42.294798259881)
2014805698,2014036776,06/23/2014,06-June,2-Monday,10:05,1000 Hours,District 1 (Central),,GREENE,IA 4,IA 4/N AVE,Collision with fixed object:  Ditch,Shoulder,Non-collision (single vehicle),Ran off road - right,None Indicated,,Daylight,Dry,Clear,None apparent,Non-intersection:  Non-junction/no special feature,Paved,,Minor Injury,0,1,0,1,0,0,6500,1,1,,POINT (-94.377189808434 41.989223508256)
2014804877,14-12611,06/23/2014,06-June,2-Monday,17:20,1700 Hours,District 6 (East Central),,SCOTT,US 61,US 61,Non-collision events:  Other non-collision (explain in narrative),Unknown,Non-collision (single vehicle),Ran off road - right,None Indicated,,Daylight,Dry,Cloudy,None apparent,Non-intersection:  Non-junction/no special feature,Paved,,Minor Injury,0,1,0,1,0,0,5000,1,1,,POINT (-90.568974034839 41.73084535001)
2014805742,,06/23/2014,06-June,2-Monday,17:30,1700 Hours,District 6 (East Central),CEDAR RAPIDS,LINN,,C AVE NE & CRANDALL DR NE,Collision with:  Vehicle in traffic,On Roadway,Rear-end (front to rear),Unknown,None Indicated,,Daylight,Dry,Clear,,Non-intersection:  Non-junction/no special feature,Paved,,Property Damage Only,0,0,0,0,0,0,4800,2,2,,POINT (-91.638647709224 42.044774612682)
2014804794,14-19820,06/23/2014,06-June,2-Monday,03:59,0300 Hours,District 3 (Northwest),SIOUX CITY,WOODBURY,,27TH ST & PIERCE ST,Collision with:  Vehicle in traffic,On Roadway,Broadside (front to side),Ran Traffic Signal,None Indicated,,Dark - roadway lighted,Dry,Clear,None apparent,Intersection:  Four-way intersection,Paved,,Minor Injury,0,1,0,1,0,0,800,2,2,,POINT (-96.405179394051 42.518145459387)
2014804751,14-0735,06/23/2014,06-June,2-Monday,11:36,1100 Hours,District 1 (Central),CLIVE,POLK,,UNIVERSITY BLVD,Collision with:  Vehicle in traffic,On Roadway,"Sideswipe, same direction",Other (explain in narrative):  Other,None Indicated,,Daylight,Dry,Clear,None apparent,Intersection:  Other intersection (explain in narrative),Paved,,Property Damage Only,0,0,0,0,0,0,1750,2,2,,POINT (-93.735181272052 41.60526735167)
2014806505,,06/23/2014,06-June,2-Monday,08:19,0800 Hours,District 2 (Northeast),MANLY,WORTH,US 65,US 65/ORCHID & IA 9/IOWA 9/W SOUTH ST,Collision with:  Vehicle in traffic,On Roadway,"Angle, oncoming left turn",Crossed centerline (undivided),None Indicated,,Daylight,Dry,"Fog, smoke, smog",None apparent,Non-intersection:  Driveway access (within),Paved,,Property Damage Only,0,0,0,0,0,0,3000,2,2,,POINT (-93.210903793561 43.284136057098)
2014804531,20140017729,06/23/2014,06-June,2-Monday,07:38,0700 Hours,District 1 (Central),DES MOINES,POLK,US 69,US 69/SE 14TH ST,Collision with:  Vehicle in traffic,On Roadway,"Sideswipe, same direction",FTYROW:  Other (explain in narrative),None Indicated,,Daylight,Dry,Cloudy,None apparent,Non-intersection:  Non-junction/no special feature,Paved,,Property Damage Only,0,0,0,0,0,0,4400,2,2,,POINT (-93.596847076259 41.552979917427)
2014813482,,06/23/2014,06-June,2-Monday,06:56,0600 Hours,District 2 (Northeast),,CHICKASAW,,Co Rd B22/120TH ST,Collision with:  Animal,On Roadway,Non-collision (single vehicle),Animal,None Indicated,,Daylight,"Mud, dirt",Clear,None apparent,Non-intersection:  Non-junction/no special feature,Paved,,Possible/Unknown,0,1,0,0,0,1,5000,1,2,,POINT (-92.174813094905 43.183752438896)
2014804634,2014-41663,06/23/2014,06-June,2-Monday,08:19,0800 Hours,District 6 (East Central),DAVENPORT,SCOTT,,IA 461/HARRISON ST,Collision with:  Vehicle in traffic,On Roadway,Rear-end (front to rear),Unknown,None Indicated,,Daylight,Wet,Cloudy,None apparent,Non-intersection:  Non-junction/no special feature,Paved,,Property Damage Only,0,0,0,0,0,0,7000,2,3,,POINT (-90.576793843067 41.554559691244)
2014805195,2014036887,06/23/2014,06-June,2-Monday,23:00,2300 Hours,District 1 (Central),ANKENY,POLK,I-35,I-35 & I-80,Collision with fixed object:  Ditch,On Roadway,Non-collision (single vehicle),Swerving/Evasive Action,None Indicated,,Dark - roadway lighted,Dry,Cloudy,Work Zone (roadway-related),Non-intersection:  Other non-intersection (explain in narrative),Paved,Yes,Property Damage Only,0,0,0,0,0,0,2300,1,1,,POINT (-93.575400092734 41.652159852885)
2014804889,2014-41572,06/23/2014,06-June,2-Monday,23:24,2300 Hours,District 6 (East Central),DAVENPORT,SCOTT,I-74,I-74,Non-collision events:  Other non-collision (explain in narrative),On Roadway,Non-collision (single vehicle),Other (explain in narrative):  No improper action,None Indicated,,Dark - roadway lighted,Wet,Clear,None apparent,Non-intersection:  Non-junction/no special feature,Paved,,Property Damage Only,0,0,0,0,0,0,1500,1,1,,POINT (-90.522267029732 41.570761224144)
2014804793,S14-6188,06/23/2014,06-June,2-Monday,22:37,2200 Hours,District 3 (Northwest),SIOUX CITY,WOODBURY,US 20,US 20,Collision with:  Animal,,,Animal,None Indicated,,,,,,,Paved,,Property Damage Only,0,0,0,0,0,0,2000,1,1,,POINT (-96.288928698798 42.475342083921)
2014804844,14-4158,06/23/2014,06-June,2-Monday,22:57,2200 Hours,District 1 (Central),,POLK,IA 141,IA 141/IOWA 141,Collision with fixed object:  Ditch,Shoulder,Non-collision (single vehicle),Crossed centerline (undivided),None Indicated,,Dark - roadway lighted,Dry,Clear,None apparent,Non-intersection:  Non-junction/no special feature,Paved,,Property Damage Only,0,0,0,0,0,0,3000,1,2,,POINT (-93.775943482224 41.735953511811)
2014805017,AP-14-0179,06/23/2014,06-June,2-Monday,21:36,2100 Hours,District 6 (East Central),ANAMOSA,JONES,US 151,US 151/SE RAMP/SE LOOP & IA 64/IOWA 64 & CHAMBER DR,Non-collision events:  Overturn/rollover,Shoulder,Non-collision (single vehicle),Ran off road - right,None Indicated,,Dark - roadway lighted,Dry,Clear,None apparent,Interchange-related:  On-ramp,Paved,,Property Damage Only,0,0,0,0,0,0,10000,1,1,,POINT (-91.265311604411 42.103492530903)
2014804878,14-12618,06/23/2014,06-June,2-Monday,22:48,2200 Hours,District 6 (East Central),LONG GROVE,SCOTT,,S 1ST ST,Collision with:  Vehicle in traffic,On Roadway,Broadside (front to side),FTYROW:  From driveway,None Indicated,,Dark - roadway lighted,Dry,Cloudy,None apparent,Non-intersection:  Driveway access (within),Paved,,Property Damage Only,0,0,0,0,0,0,6000,2,2,,POINT (-90.583161965261 41.694264468566)
2014804735,201408930,06/23/2014,06-June,2-Monday,14:00,1400 Hours,District 6 (East Central),CEDAR RAPIDS,LINN,,15TH AVE SW,Collision with:  Vehicle in traffic,On Roadway,"Sideswipe, same direction",Crossed centerline (undivided),None Indicated,,Daylight,Dry,Cloudy,None apparent,Intersection:  Four-way intersection,Paved,,Property Damage Only,0,0,0,0,0,0,4500,2,3,,POINT (-91.680793537116 41.962912259037)
2014804746,14-4144,06/23/2014,06-June,2-Monday,12:39,1200 Hours,District 1 (Central),GRIMES,POLK,,GATEWAY DR,Collision with:  Vehicle in traffic,Outside trafficway,Rear-end (front to rear),Followed too close,None Indicated,,Daylight,Dry,Cloudy,None apparent,Non-intersection:  Driveway access (within),Paved,,Property Damage Only,0,0,0,0,0,0,6000,2,3,,POINT (-93.780389760176 41.688006034473)
2014806249,2014036739,06/23/2014,06-June,2-Monday,07:25,0700 Hours,District 6 (East Central),,JACKSON,US 61,US 61,Collision with:  Vehicle in traffic,On Roadway,Rear-end (front to rear),Other (explain in narrative):  Other,None Indicated,,Daylight,Dry,Cloudy,None apparent,Non-intersection:  Non-junction/no special feature,Paved,,Property Damage Only,0,0,0,0,0,0,5000,2,2,,POINT (-90.67132623553 42.183317025111)
2014812268,201402154,06/23/2014,06-June,2-Monday,14:24,1400 Hours,District 6 (East Central),ELY,LINN,,VISTA RD,Non-collision events:  Overturn/rollover,Outside trafficway,Non-collision (single vehicle),Cargo/equipment loss or shift,None Indicated,,Daylight,Dry,Cloudy,"Shoulders (none, low, soft, high)",Intersection:  T-intersection,Paved,,Property Damage Only,0,0,0,0,0,0,7000,1,1,,POINT (-91.58656165757 41.871572522644)
2014814238,AC-14-0035,06/23/2014,06-June,2-Monday,15:45,1500 Hours,District 6 (East Central),MONTICELLO,JONES,,E 3RD ST,Collision with:  Vehicle in traffic,On Roadway,Rear-end (front to rear),Ran off road - right,None Indicated,,Daylight,Dry,Cloudy,None apparent,Non-intersection:  Non-junction/no special feature,Paved,,Property Damage Only,0,0,0,0,0,0,4000,2,4,,POINT (-91.187684017019 42.24077685002)
2014805502,201402152,06/23/2014,06-June,2-Monday,12:56,1200 Hours,District 6 (East Central),,LINN,,Co Rd W42/80TH ST SW,Non-collision events:  Overturn/rollover,Roadside,Non-collision (single vehicle),Swerving/Evasive Action,None Indicated,,Daylight,Dry,Cloudy,None apparent,Non-intersection:  Non-junction/no special feature,Paved,,Minor Injury,0,2,0,2,0,0,8000,1,2,,POINT (-91.774636106333 41.954387444326)
2014804742,14-026267,06/23/2014,06-June,2-Monday,16:31,1600 Hours,District 5 (Southeast),MUSCATINE,MUSCATINE,US 61,US 61 & UNIVERSITY DR,Collision with:  Vehicle in traffic,On Roadway,"Sideswipe, same direction",Made improper turn,None Indicated,,Daylight,Dry,Clear,None apparent,Intersection:  Four-way intersection,Paved,,Property Damage Only,0,0,0,0,0,0,3500,2,2,,POINT (-91.017552642405 41.459393541724)
2014804875,S79140209,06/23/2014,06-June,2-Monday,23:45,2300 Hours,District 1 (Central),,POWESHIEK,,Co Rd V30/HARTWICK RD,Collision with:  Animal,On Roadway,Non-collision (single vehicle),Animal,None Indicated,,Dark - roadway not lighted,Dry,Clear,None apparent,Non-intersection:  Non-junction/no special feature,Paved,,Property Damage Only,0,0,0,0,0,0,5000,1,1,,POINT (-92.341291247028 41.77568563823)
2014804765,20140017765,06/23/2014,06-June,2-Monday,13:07,1300 Hours,District 1 (Central),DES MOINES,POLK,,LYON ST & E 25TH ST,Non-collision events:  Other non-collision (explain in narrative),On Roadway,Non-collision (single vehicle),Exceeded authorized speed,Refused,,Daylight,Dry,Clear,None apparent,Non-intersection:  Non-junction/no special feature,Paved,,Possible/Unknown,0,1,0,0,1,0,8500,1,1,,POINT (-93.570437083372 41.597330711952)
2014804754,20140017781,06/23/2014,06-June,2-Monday,17:15,1700 Hours,District 1 (Central),DES MOINES,POLK,,INGERSOLL AVE & 35TH ST,Collision with:  Non-motorist (see non-motorist section - NOT a unit),On Roadway,Non-collision (single vehicle),Driver Distraction:  Manual operation of an electronic communication device,None Indicated,,Daylight,Dry,Cloudy,None apparent,Non-intersection:  Non-junction/no special feature,Paved,,Minor Injury,0,1,0,1,0,0,100,1,1,,POINT (-93.664242956185 41.586351584834)
2014808049,2014036821,06/23/2014,06-June,2-Monday,15:50,1500 Hours,District 2 (Northeast),,BLACK HAWK,US 63,US 63/HUDSON RD,Non-collision events:  Overturn/rollover,Shoulder,Non-collision (single vehicle),Exceeded authorized speed,None Indicated,,Daylight,Dry,Clear,None apparent,Non-intersection:  Non-junction/no special feature,Paved,,Possible/Unknown,0,1,0,0,1,0,500,1,1,,POINT (-92.45598861019 42.376830750472)
2014804775,14-025995,06/23/2014,06-June,2-Monday,17:30,1700 Hours,District 4 (Southwest),COUNCIL BLUFFS,POTTAWATTAMIE,,AVE A & N 25TH ST,Collision with:  Vehicle in traffic,On Roadway,Broadside (front to side),Other (explain in narrative):  Other,None Indicated,,Daylight,Dry,Clear,None apparent,Non-intersection:  Non-junction/no special feature,Paved,,Property Damage Only,0,0,0,0,0,0,2000,2,3,,POINT (-95.881885437554 41.262844398197)
2014806343,14002170,06/23/2014,06-June,2-Monday,06:25,0600 Hours,District 5 (Southeast),,KEOKUK,IA 21,IA 21/IOWA 21 & Co Rd G65/300TH ST,Collision with:  Animal,,,Animal,None Indicated,,,,,,,Paved,,Property Damage Only,0,0,0,0,0,0,4000,1,1,,POINT (-92.334501908525 41.220071177715)
2014812840,14-004372,06/23/2014,06-June,2-Monday,13:00,1300 Hours,District 3 (Northwest),,PALO ALTO,,Co Rd B14/280 ST,Collision with:  Vehicle in traffic,On Roadway,Rear-end (front to rear),Lost Control,None Indicated,,Daylight,Dry,Cloudy,None apparent,Non-intersection:  Non-junction/no special feature,Paved,,Property Damage Only,0,0,0,0,0,0,2500,2,2,,POINT (-94.765202919972 43.241687304502)
2014805379,ACC14-013,06/23/2014,06-June,2-Monday,14:35,1400 Hours,District 2 (Northeast),CRESCO,HOWARD,,1ST AVE E,Collision with:  Vehicle in traffic,On Roadway,Broadside (front to side),Improper Backing,None Indicated,,Daylight,Dry,Cloudy,None apparent,Non-intersection:  Non-junction/no special feature,Unpaved,,Possible/Unknown,0,1,0,0,0,1,2300,2,1,,POINT (-92.111874928012 43.371612059903)
2014804578,14-2930,06/23/2014,06-June,2-Monday,02:53,0200 Hours,District 1 (Central),WEST DES MOINES,POLK,I-235,I-235,Non-collision events:  Other non-collision (explain in narrative),On Roadway,Non-collision (single vehicle),"Operating vehicle in an reckless, erratic, careless, negligent manner",Alcohol (< Statutory),,Dark - roadway lighted,Dry,Clear,None apparent,Non-intersection:  Other non-intersection (explain in narrative),Paved,,Property Damage Only,0,0,0,0,0,0,5000,1,2,,POINT (-93.759725695926 41.592218459773)
2014805022,14-018638,06/23/2014,06-June,2-Monday,00:26,0000 Hours,District 5 (Southeast),,LEE,,Co Rd X32/303 AVE,Collision with:  Animal,,,Animal,None Indicated,,,,,,,Paved,,Property Damage Only,0,0,0,0,0,0,1500,1,1,,POINT (-91.329922524397 40.685792189061)
2014805359,14-19853,06/23/2014,06-June,2-Monday,11:55,1100 Hours,District 3 (Northwest),SIOUX CITY,WOODBURY,,FLOYD BLVD & LEECH AVE,Collision with:  Vehicle in traffic,On Roadway,"Sideswipe, same direction",Unknown,None Indicated,,Daylight,Dry,Cloudy,None apparent,Intersection:  T-intersection,Paved,,Property Damage Only,0,0,0,0,0,0,1500,2,3,,POINT (-96.393340252715 42.487656687021)
2014804635,2014-41684,06/23/2014,06-June,2-Monday,09:37,0900 Hours,District 6 (East Central),DAVENPORT,SCOTT,,E LOCUST ST & IOWA ST,Collision with:  Vehicle in traffic,On Roadway,Broadside (front to side),FTYROW:  Making left turn,None Indicated,,Daylight,Dry,Cloudy,None apparent,Intersection:  Four-way intersection,Paved,,Property Damage Only,0,0,0,0,0,0,14000,3,5,,POINT (-90.569658678399 41.538269563264)
2014805411,14062661,06/23/2014,06-June,2-Monday,14:58,1400 Hours,District 2 (Northeast),CEDAR FALLS,BLACK HAWK,,13TH ST & MAIN ST,Collision with:  Vehicle in traffic,On Roadway,Rear-end (front to rear),Driver Distraction:  Manual operation of an electronic communication device,None Indicated,,Daylight,Dry,Cloudy,None apparent,Non-intersection:  Non-junction/no special feature,Paved,,Property Damage Only,0,0,0,0,0,0,7000,2,5,,POINT (-92.445545614433 42.526765272929)
2014810478,,06/23/2014,06-June,2-Monday,08:30,0800 Hours,District 5 (Southeast),CONESVILLE,MUSCATINE,IA 70,IA 70/IOWA 70 & 1ST ST,Collision with:  Vehicle in traffic,On Roadway,"Angle, oncoming left turn",FTYROW:  From stop sign,None Indicated,,Daylight,,Clear,None apparent,Intersection:  Four-way intersection,Paved,,Property Damage Only,0,0,0,0,0,0,3000,2,3,,POINT (-91.349960751186 41.379625506727)
2014804687,201402858,06/23/2014,06-June,2-Monday,18:25,1800 Hours,District 1 (Central),,BOONE,IA 930,IA 930/W LINCOLN WAY & Co Rd E41/LINCOLN HWY & 500TH AVE,Collision with:  Vehicle in traffic,On Roadway,Broadside (front to side),Ran Stop Sign,None Indicated,,Daylight,Dry,Clear,None apparent,Intersection:  Four-way intersection,Paved,,Minor Injury,0,2,0,2,0,0,14000,2,2,,POINT (-93.698733794561 42.022756597202)
2014805207,2014036786,06/23/2014,06-June,2-Monday,13:10,1300 Hours,District 4 (Southwest),,MILLS,,Co Rd L55/287TH ST & BARRUS RD,Collision with:  Animal,,,Animal,None Indicated,,,,,,,Paved,,Property Damage Only,0,0,0,0,0,0,5000,1,1,,POINT (-95.637332098076 41.146040198883)
2014804769,14-001398,06/23/2014,06-June,2-Monday,16:38,1600 Hours,District 1 (Central),ALTOONA,POLK,US 6,US 6/FREDERICK M HUBBELL AVE & 34TH AVE SW & 34TH AVE NW,Collision with:  Vehicle in traffic,On Roadway,"Angle, oncoming left turn",FTYROW:  Making left turn,None Indicated,,Daylight,Dry,Cloudy,None apparent,Intersection:  Four-way intersection,Paved,,Property Damage Only,0,0,0,0,0,0,5000,2,2,,POINT (-93.503125637042 41.655065977595)
2014805818,92-2014,06/23/2014,06-June,2-Monday,06:20,0600 Hours,District 4 (Southwest),,HARRISON,,Co Rd F20L/EASTON TRL,Collision with:  Animal,On Roadway,Non-collision (single vehicle),Animal,None Indicated,,Dawn,Dry,Clear,None apparent,Non-intersection:  Non-junction/no special feature,Paved,,Property Damage Only,0,0,0,0,0,0,2000,1,1,,POINT (-95.871139021864 41.814632330185)
2014804758,20140017780,06/23/2014,06-June,2-Monday,16:57,1600 Hours,District 1 (Central),DES MOINES,POLK,I-235,I-235,Collision with:  Vehicle in traffic,On Roadway,Rear-end (front to rear),Followed too close,None Indicated,,Daylight,Dry,Cloudy,None apparent,Non-intersection:  Non-junction/no special feature,Paved,,Property Damage Only,0,0,0,0,0,0,3000,2,2,,POINT (-93.643450569484 41.595900415067)
2014804738,1400000546,06/23/2014,06-June,2-Monday,09:08,0900 Hours,District 1 (Central),,MARSHALL,IA 330,IA 330/MARSHALLTOWN BLVD,Collision with:  Animal,,,Animal,None Indicated,,,,,,,Paved,,Property Damage Only,0,0,0,0,0,0,2500,1,1,,POINT (-93.043379102493 41.992072913692)
2014805024,201408938,06/23/2014,06-June,2-Monday,17:05,1700 Hours,District 6 (East Central),CEDAR RAPIDS,LINN,,JACOLYN DR NW & JOHNSON AVE NW,Collision with:  Vehicle in traffic,On Roadway,Broadside (front to side),FTYROW:  From stop sign,None Indicated,,Daylight,Dry,Clear,None apparent,Intersection:  Four-way intersection,Paved,,Property Damage Only,0,0,0,0,0,0,5000,2,2,,POINT (-91.731875444579 41.968963880964)
2014804700,14003670,06/23/2014,06-June,2-Monday,13:01,1300 Hours,District 2 (Northeast),,CERRO GORDO,,Co Rd B20/300TH ST,Collision with:  Vehicle in traffic,On Roadway,Rear-end (front to rear),Other (explain in narrative):  Other,None Indicated,,Daylight,Dry,Clear,None apparent,Non-intersection:  Non-junction/no special feature,Paved,,Possible/Unknown,0,1,0,0,1,0,11500,2,3,,POINT (-93.268483072799 43.19861479829)
2014805542,14-0736,06/23/2014,06-June,2-Monday,12:06,1200 Hours,District 1 (Central),CLIVE,POLK,US 6,US 6/HICKMAN RD,Collision with:  Vehicle in traffic,On Roadway,Rear-end (front to rear),Other (explain in narrative):  Other,Alcohol (Statutory),,Daylight,Dry,Cloudy,None apparent,Non-intersection:  Non-junction/no special feature,Paved,,Possible/Unknown,0,1,0,0,1,0,10000,3,4,,POINT (-93.793119340637 41.614952259234)
2014805194,2014036865,06/23/2014,06-June,2-Monday,21:25,2100 Hours,District 1 (Central),,HAMILTON,I-35,I-35,Collision with:  Animal,,,Animal,None Indicated,,,,,,,Paved,,Property Damage Only,0,0,0,0,0,0,4000,1,1,,POINT (-93.568900755333 42.458961458704)
2014804784,14C02883,06/23/2014,06-June,2-Monday,19:17,1900 Hours,District 4 (Southwest),CRESTON,UNION,,W PRAIRIE ST & N ELM ST,Collision with:  Vehicle in traffic,On Roadway,Broadside (front to side),FTYROW:  From stop sign,None Indicated,,Daylight,Dry,Clear,None apparent,Intersection:  Four-way intersection,Paved,,Property Damage Only,0,0,0,0,0,0,1800,2,3,,POINT (-94.363855933302 41.067947851306)
2014804636,2014-41733,06/23/2014,06-June,2-Monday,13:18,1300 Hours,District 6 (East Central),DAVENPORT,SCOTT,,IA 461/HARRISON ST & W LOCUST ST,Collision with:  Vehicle in traffic,On Roadway,Rear-end (front to rear),Other (explain in narrative):  Other,None Indicated,,Daylight,Dry,Cloudy,None apparent,Non-intersection:  Non-junction/no special feature,Paved,,Property Damage Only,0,0,0,0,0,0,4000,2,2,,POINT (-90.577233957256 41.538285400634)
2014805764,14-136,06/23/2014,06-June,2-Monday,17:11,1700 Hours,District 2 (Northeast),WAVERLY,BREMER,IA 116,IA 116/4TH ST SW,Collision with:  Vehicle in traffic,On Roadway,Rear-end (front to rear),Followed too close,None Indicated,,Daylight,Dry,Cloudy,Work Zone (roadway-related),Non-intersection:  Non-junction/no special feature,Paved,Yes,Minor Injury,0,2,0,1,1,0,9000,3,4,,POINT (-92.475553924219 42.710387861732)
2014805176,2014036825,06/23/2014,06-June,2-Monday,16:08,1600 Hours,District 1 (Central),,STORY,I-35,I-35,Collision with:  Vehicle in traffic,On Roadway,Rear-end (front to rear),Followed too close,None Indicated,,Daylight,Dry,Cloudy,None apparent,Non-intersection:  Non-junction/no special feature,Paved,,Property Damage Only,0,0,0,0,0,0,8000,2,3,,POINT (-93.571053798396 42.000541036746)
2014804535,20140017760,06/23/2014,06-June,2-Monday,12:40,1200 Hours,District 1 (Central),DES MOINES,POLK,,LOCUST ST & 12TH ST,Collision with:  Vehicle in traffic,On Roadway,Broadside (front to side),Ran Traffic Signal,None Indicated,,Daylight,Dry,Cloudy,None apparent,Intersection:  Four-way intersection,Paved,,Property Damage Only,0,0,0,0,0,0,4500,2,2,,POINT (-93.632307732693 41.585270638224)
2014804747,14-4152,06/23/2014,06-June,2-Monday,09:00,0900 Hours,District 1 (Central),ALTOONA,POLK,,NE 46TH ST,Collision with fixed object:  Other fixed object (explain in narrative),Roadside,Non-collision (single vehicle),"Operating vehicle in an reckless, erratic, careless, negligent manner",Alcohol (Statutory),,Daylight,Dry,Cloudy,None apparent,Non-intersection:  Non-junction/no special feature,Paved,,Property Damage Only,0,0,0,0,0,0,2000,1,1,,POINT (-93.522443092477 41.682469603735)
2014806782,261401073,06/23/2014,06-June,2-Monday,02:41,0200 Hours,District 5 (Southeast),,DAVIS,IA 2,IA 2/IOWA 2,Collision with:  Animal,On Roadway,Non-collision (single vehicle),Animal,None Indicated,,Dark - roadway not lighted,Dry,Clear,None apparent,Non-intersection:  Non-junction/no special feature,Paved,,Possible/Unknown,0,1,0,0,1,0,16200,1,1,,POINT (-92.537007143159 40.729889393694)
2014804757,20140017772,06/23/2014,06-June,2-Monday,15:00,1500 Hours,District 1 (Central),DES MOINES,POLK,US 6,US 6/E EUCLID AVE & DELAWARE AVE,Collision with:  Vehicle in traffic,On Roadway,Rear-end (front to rear),Followed too close,None Indicated,,Daylight,Dry,Clear,None apparent,Intersection:  Four-way intersection,Paved,,Possible/Unknown,0,2,0,0,2,0,16000,2,2,,POINT (-93.581329662797 41.627765596999)
2014805697,2014036755,06/23/2014,06-June,2-Monday,09:01,0900 Hours,District 3 (Northwest),,BUENA VISTA,IA 3,IA 3/530TH ST & Co Rd M54/210TH AVE,Collision with:  Vehicle in traffic,On Roadway,Broadside (front to side),Ran Stop Sign,None Indicated,,Daylight,Dry,Clear,None apparent,Intersection:  Four-way intersection,Paved,,Fatal,1,0,0,0,0,0,30000,2,2,,POINT (-94.992551091749 42.748888147938)
2014805358,14-19919,06/23/2014,06-June,2-Monday,21:20,2100 Hours,District 3 (Northwest),SIOUX CITY,WOODBURY,,ASCOT ST,Collision with:  Parked motor vehicle,On Roadway,Head-on (front to front),Unknown,None Indicated,,Dusk,Dry,Cloudy,None apparent,Non-intersection:  Non-junction/no special feature,Paved,,Property Damage Only,0,0,0,0,0,0,2000,2,777,,POINT (-96.456677732385 42.501789601788)
2014805164,14-19898,06/23/2014,06-June,2-Monday,18:00,1800 Hours,District 3 (Northwest),SIOUX CITY,WOODBURY,,GROVE ST,Collision with:  Parked motor vehicle,On Roadway,"Sideswipe, same direction",Other (explain in narrative):  Other,None Indicated,,Daylight,Dry,Clear,None apparent,Non-intersection:  Non-junction/no special feature,Paved,,Property Damage Only,0,0,0,0,0,0,3200,2,1,,POINT (-96.456630438152 42.496739543112)
2014805248,01-14-27297,06/23/2014,06-June,2-Monday,16:20,1600 Hours,District 6 (East Central),DUBUQUE,DUBUQUE,,KAUFMANN AVE & KANE ST,Collision with:  Vehicle in traffic,On Roadway,Rear-end (front to rear),Driver Distraction:  Manual operation of an electronic communication device,None Indicated,,Daylight,Dry,Cloudy,None apparent,Intersection:  T-intersection,Paved,,Possible/Unknown,0,3,0,0,3,0,2500,2,5,,POINT (-90.682099276073 42.516645927733)
2014804789,14-1858,06/23/2014,06-June,2-Monday,14:25,1400 Hours,District 1 (Central),FORT DODGE,WEBSTER,,DAKOTA ST & N 7TH ST,Collision with:  Vehicle in traffic,On Roadway,Broadside (front to side),Unknown,None Indicated,,Daylight,Dry,Cloudy,None apparent,Non-intersection:  Non-junction/no special feature,Paved,,Property Damage Only,0,0,0,0,0,0,11501,3,2,,POINT (-94.190095619365 42.510381448922)
2014804839,14008428,06/23/2014,06-June,2-Monday,17:33,1700 Hours,District 4 (Southwest),,MILLS,US 59,US 59,Collision with:  Vehicle in traffic,On Roadway,Rear-end (front to rear),Other (explain in narrative):  Other,None Indicated,,Daylight,Dry,Clear,None apparent,Non-intersection:  Driveway access (within),Paved,,Property Damage Only,0,0,0,0,0,0,10000,2,2,,POINT (-95.394178635802 40.928482751292)
2014804891,2014-41879,06/23/2014,06-June,2-Monday,23:31,2300 Hours,District 6 (East Central),DAVENPORT,SCOTT,,E 53RD ST & JERSEY RIDGE RD,Collision with:  Vehicle in traffic,On Roadway,Broadside (front to side),FTYROW:  Making left turn,None Indicated,,Dark - roadway lighted,Dry,Clear,None apparent,Intersection:  Four-way intersection,Paved,,Property Damage Only,0,0,0,0,0,0,3500,2,3,,POINT (-90.541615387236 41.574779319312)
2014804691,14-6459,06/23/2014,06-June,2-Monday,13:40,1300 Hours,District 3 (Northwest),CARROLL,CARROLL,,MAIN ST,Collision with:  Vehicle in traffic,On Roadway,Rear-end (front to rear),Lost Control,None Indicated,,Daylight,Dry,Cloudy,None apparent,Non-intersection:  Driveway access (within),Paved,,Property Damage Only,0,0,0,0,0,0,4000,3,3,,POINT (-94.867192199963 42.065739414519)