Iowa DOT Case Number,Law Enforcement Case Number,Date of Crash,Month of Crash,Day of Week,Time of Crash,Hour,DOT District,City Name,County Name,Route with System,Location Description,First Harmful Event,Location of First Harmful Event,Manner of Crash/Collision,Major Cause,Drug or Alcohol ,Environmental Conditions,Light Conditions,Surface Conditions,Weather Conditions,Roadway Contribution,Roadway Type,Roadway Surface,Work Zone,Crash Severity,Number of Fatalities,Number of Injuries,Number of Major Injuries,Number of Minor Injuries,Number of Possible Injuries,Number of Unknown Injuries,Amount of Property Damage,Number of Vehicles Involved,Total Number of Occupants,Travel Direction,Location
2014805524,14-026249,06/23/2014,06-June,2-Monday,14:49,1400 Hours,District 5 (Southeast),MUSCATINE,MUSCATINE,,E 6TH ST,Collision with:  Parked motor vehicle,On Roadway,"Sideswipe, same direction",Made improper turn,None Indicated,,Daylight,Dry,Cloudy,None apparent,Intersection:  Four-way intersection,Paved,,Property Damage Only,0,0,0,0,0,0,2500,2,1,,POINT (-91.045826359344 41.426110691341)
2014809901,2014006231,06/23/2014,06-June,2-Monday,12:44,1200 Hours,District 1 (Central),MARSHALLTOWN,MARSHALL,,N 2ND ST,Collision with:  Vehicle in traffic,On Roadway,"Sideswipe, same direction",FTYROW:  From parked position,None Indicated,,Daylight,Dry,Clear,None apparent,Non-intersection:  Non-junction/no special feature,Paved,,Property Damage Only,0,0,0,0,0,0,2800,2,2,,POINT (-92.916232685552 42.049783070478)
2014810368,14003978,06/23/2014,06-June,2-Monday,11:19,1100 Hours,District 2 (Northeast),,KOSSUTH,,ORTON RD,Collision with:  Animal,On Roadway,Non-collision (single vehicle),Animal,None Indicated,,Daylight,Dry,Cloudy,None apparent,Non-intersection:  Non-junction/no special feature,Paved,,Major Injury,0,1,1,0,0,0,2000,1,2,,POINT (-94.242539710296 43.058974746572)
2014807095,W14-062524,06/23/2014,06-June,2-Monday,06:25,0600 Hours,District 2 (Northeast),WATERLOO,BLACK HAWK,,W PARK AVE & WASHINGTON ST,Collision with:  Vehicle in traffic,On Roadway,Rear-end (front to rear),Followed too close,None Indicated,,Daylight,Dry,Cloudy,None apparent,Intersection:  Four-way intersection,Paved,,Possible/Unknown,0,1,0,0,1,0,1000,2,2,,POINT (-92.342710365875 42.4942509528)
2014804922,14-009133,06/23/2014,06-June,2-Monday,17:40,1700 Hours,District 6 (East Central),TIPTON,CEDAR,,MULBERRY ST,Collision with:  Vehicle in traffic,On Roadway,Broadside (front to side),Other (explain in narrative):  Vision obstructed,None Indicated,,Daylight,Dry,Clear,None apparent,Non-intersection:  Alley,Paved,,Possible/Unknown,0,1,0,0,1,0,700,2,2,,POINT (-91.125594175243 41.772791960629)
2014805335,201400030213,06/23/2014,06-June,2-Monday,23:22,2300 Hours,District 5 (Southeast),OTTUMWA,WAPELLO,,W FINLEY AVE,Collision with fixed object:  Other fixed object (explain in narrative),On Roadway,Non-collision (single vehicle),Swerving/Evasive Action,None Indicated,,Dark - roadway lighted,Dry,Clear,None apparent,Non-intersection:  Non-junction/no special feature,Paved,,Property Damage Only,0,0,0,0,0,0,5500,1,4,,POINT (-92.445365499568 41.002430562809)
2014805608,S14-002307,06/23/2014,06-June,2-Monday,17:55,1700 Hours,District 4 (Southwest),,POTTAWATTAMIE,I-80,I-80 & US 59,Collision with fixed object:  Utility pole/light support,On Roadway,Non-collision (single vehicle),Ran off road - right,None Indicated,,Daylight,Dry,Clear,None apparent,Interchange-related:  On-ramp,Paved,,Property Damage Only,0,0,0,0,0,0,7000,1,1,,POINT (-95.336461928159 41.49642676475)
2014805895,2014036886,06/23/2014,06-June,2-Monday,22:20,2200 Hours,District 1 (Central),MONTEZUMA,POWESHIEK,US 63,US 63/FRONT ST & Co Rd V13/495TH AVE,Collision with:  Vehicle in traffic,On Roadway,Rear-end (front to rear),Other (explain in narrative):  Other,None Indicated,,Dark - roadway lighted,Dry,Clear,None apparent,Intersection:  Four-way intersection,Paved,,Major Injury,0,4,1,1,2,0,13000,2,4,,POINT (-92.527249556889 41.574273905016)
2014804579,14-2934,06/23/2014,06-June,2-Monday,10:15,1000 Hours,District 1 (Central),WEST DES MOINES,POLK,,UNIVERSITY AVE & 22ND ST,Collision with:  Vehicle in traffic,On Roadway,"Angle, oncoming left turn",FTYROW:  Making left turn,None Indicated,,Daylight,Dry,Clear,None apparent,Intersection:  Four-way intersection,Paved,,Minor Injury,0,2,0,1,1,0,13000,2,3,,POINT (-93.736110083119 41.600406524962)
2014804727,14001384,06/23/2014,06-June,2-Monday,16:45,1600 Hours,District 6 (East Central),IOWA CITY,JOHNSON,,,Collision with:  Vehicle in traffic,On Roadway,"Sideswipe, same direction",Other (explain in narrative):  Other,None Indicated,,Daylight,Dry,Cloudy,None apparent,Non-intersection:  Non-junction/no special feature,,,Property Damage Only,0,0,0,0,0,0,3100,2,7,,POINT (-96.643700149993 40.233091251414)
2014804759,20140017786,06/23/2014,06-June,2-Monday,17:37,1700 Hours,District 1 (Central),DES MOINES,POLK,US 69,US 69/SE 14TH ST,Collision with:  Vehicle in traffic,On Roadway,"Sideswipe, same direction",Swerving/Evasive Action,None Indicated,,Daylight,Wet,Rain,None apparent,Non-intersection:  Non-junction/no special feature,Paved,,Property Damage Only,0,0,0,0,0,0,3300,2,6,,POINT (-93.59685445675 41.578542572365)
2014804708,14-009042,06/23/2014,06-June,2-Monday,15:22,1500 Hours,District 3 (Northwest),SPENCER,CLAY,US 18,US 18/N GRAND AVE & W 9TH ST & E 9TH ST,Collision with:  Vehicle in traffic,On Roadway,Rear-end (front to rear),Other (explain in narrative):  Other,None Indicated,,Daylight,Dry,Clear,None apparent,Non-intersection:  Crossover-related,Paved,,Minor Injury,0,1,0,1,0,0,8000,2,2,,POINT (-95.145079848946 43.14673342194)
2014804774,14-025980,06/23/2014,06-June,2-Monday,16:03,1600 Hours,District 4 (Southwest),COUNCIL BLUFFS,POTTAWATTAMIE,,S MAIN ST,Collision with:  Vehicle in traffic,On Roadway,Broadside (front to side),Made improper turn,None Indicated,,Daylight,Dry,Clear,None apparent,Non-intersection:  Non-junction/no special feature,Paved,,Property Damage Only,0,0,0,0,0,0,4000,2,3,,POINT (-95.851599332098 41.253692125836)
2014805934,14-910,06/23/2014,06-June,2-Monday,16:00,1600 Hours,District 3 (Northwest),SPIRIT LAKE,DICKINSON,,27TH ST,Collision with:  Parked motor vehicle,On Roadway,Unknown,Unknown,None Indicated,,Daylight,Dry,Cloudy,None apparent,Non-intersection:  Non-junction/no special feature,Paved,,Property Damage Only,0,0,0,0,0,0,2000,2,1,,POINT (-95.10607416702 43.415713616768)
2014804725,2014006863,06/23/2014,06-June,2-Monday,16:25,1600 Hours,District 6 (East Central),IOWA CITY,JOHNSON,,S LINN ST,Collision with:  Vehicle in traffic,Outside trafficway,Rear-end (front to rear),Other (explain in narrative):  Other,None Indicated,,Daylight,Dry,Cloudy,None apparent,Non-intersection:  Non-junction/no special feature,Paved,,Property Damage Only,0,0,0,0,0,0,1500,2,1,,POINT (-91.531653316844 41.659865571126)
2014804941,,06/23/2014,06-June,2-Monday,18:11,1800 Hours,District 3 (Northwest),LAKE CITY,CALHOUN,IA 175,IA 175/MAIN ST,Collision with:  Vehicle in traffic,On Roadway,Rear-end (front to rear),Unknown,None Indicated,,Daylight,Dry,Cloudy,None apparent,Non-intersection:  Non-junction/no special feature,Paved,,Property Damage Only,0,0,0,0,0,0,5000,2,2,,POINT (-94.733597853667 42.26736352178)
2014805177,2014036860,06/23/2014,06-June,2-Monday,21:05,2100 Hours,District 5 (Southeast),,HENRY,US 218,US 218,Collision with:  Animal,,,Animal,None Indicated,,,,,,,Paved,,Property Damage Only,0,0,0,0,0,0,2000,1,1,,POINT (-91.540339339171 40.927512868948)
2014805325,14-002981,06/23/2014,06-June,2-Monday,13:15,1300 Hours,District 1 (Central),AMES,STORY,,DUFF AVE,Collision with:  Vehicle in traffic,On Roadway,Rear-end (front to rear),Driving too fast for conditions,None Indicated,,Daylight,Dry,Cloudy,None apparent,Non-intersection:  Non-junction/no special feature,Paved,,Property Damage Only,0,0,0,0,0,0,6200,2,6,,POINT (-93.610414411383 42.024214961401)
2014806869,S14-002296,06/23/2014,06-June,2-Monday,03:30,0300 Hours,District 4 (Southwest),,POTTAWATTAMIE,US 6,US 6,Collision with fixed object:  Ditch,On Roadway,Non-collision (single vehicle),Swerving/Evasive Action,None Indicated,,Dark - roadway not lighted,Dry,Clear,None apparent,Non-intersection:  Non-junction/no special feature,Paved,,Property Damage Only,0,0,0,0,0,0,5000,1,1,,POINT (-95.255175404025 41.31784381904)
2014804734,201408902,06/23/2014,06-June,2-Monday,08:20,0800 Hours,District 6 (East Central),CEDAR RAPIDS,LINN,IA 922,IA 922/1ST AVE E,Collision with:  Vehicle in traffic,On Roadway,Rear-end (front to rear),Followed too close,None Indicated,,Daylight,Dry,Cloudy,None apparent,Intersection:  Four-way intersection,Paved,,Property Damage Only,0,0,0,0,0,0,4000,2,3,,POINT (-91.655380696675 41.986385391801)
2014805244,141767,06/23/2014,06-June,2-Monday,16:38,1600 Hours,District 3 (Northwest),,CRAWFORD,,Co Rd E46/O AVE/KENWOOD RD & Co Rd M14,Collision with fixed object:  Ditch,Roadside,Non-collision (single vehicle),Ran off road - right,None Indicated,,Daylight,Dry,Clear,None apparent,Non-intersection:  Non-junction/no special feature,Paved,,Minor Injury,0,1,0,1,0,0,7500,1,1,,POINT (-95.509808120052 42.008721285635)
2014805329,14-000889,06/23/2014,06-June,2-Monday,11:25,1100 Hours,District 1 (Central),AMES,STORY,,IOWA STATE UNIVERSITY,Collision with:  Vehicle in traffic,On Roadway,Broadside (front to side),Driving too fast for conditions,None Indicated,,Daylight,Dry,Clear,None apparent,Non-intersection:  Other non-intersection (explain in narrative),Paved,,Property Damage Only,0,0,0,0,0,0,3700,2,2,,POINT (-93.642898138485 42.0328730535)
2014804724,2014006851,06/23/2014,06-June,2-Monday,09:32,0900 Hours,District 6 (East Central),IOWA CITY,JOHNSON,US 6,US 6 & S 1ST AVE,Collision with:  Vehicle in traffic,On Roadway,Rear-end (front to rear),"Operating vehicle in an reckless, erratic, careless, negligent manner",None Indicated,,Daylight,Dry,Cloudy,None apparent,Intersection:  T-intersection,Paved,,Property Damage Only,0,0,0,0,0,0,4000,2,5,,POINT (-91.507436598767 41.640774297233)
2014804723,2014006848,06/23/2014,06-June,2-Monday,08:13,0800 Hours,District 6 (East Central),IOWA CITY,JOHNSON,,KIRKWOOD AVE & GILBERT CT,Collision with:  Vehicle in traffic,On Roadway,"Sideswipe, same direction",Other (explain in narrative):  No improper action,None Indicated,,Daylight,Dry,Cloudy,None apparent,Intersection:  Four-way intersection,Paved,,Property Damage Only,0,0,0,0,0,0,2000,2,2,,POINT (-91.529765057443 41.649420491735)
2014804756,20140017811,06/23/2014,06-June,2-Monday,22:00,2200 Hours,District 1 (Central),DES MOINES,POLK,,30TH ST,Collision with:  Vehicle in traffic,On Roadway,"Sideswipe, opposite direction",Crossed centerline (undivided),None Indicated,,Dark - roadway lighted,Dry,Clear,None apparent,Intersection:  T-intersection,Paved,,Property Damage Only,0,0,0,0,0,0,15000,2,3,,POINT (-93.658490122423 41.60227343882)
2014804534,20140017730,06/23/2014,06-June,2-Monday,08:00,0800 Hours,District 1 (Central),DES MOINES,POLK,,MCKINLEY AVE & SW 9TH ST,Collision with:  Vehicle in traffic,On Roadway,Rear-end (front to rear),Followed too close,None Indicated,,Daylight,Dry,Cloudy,None apparent,Intersection:  Four-way intersection,Paved,,Possible/Unknown,0,1,0,0,1,0,3200,2,6,,POINT (-93.625749537113 41.540954624824)
2014807246,2014038167,06/23/2014,06-June,2-Monday,21:00,2100 Hours,District 4 (Southwest),,CASS,,Co Rd N28/690TH ST,Collision with fixed object:  Ditch,Roadside,Non-collision (single vehicle),Crossed centerline (undivided),Drug,,Dark - roadway not lighted,Dry,Cloudy,None apparent,Non-intersection:  Non-junction/no special feature,Paved,,Major Injury,0,1,1,0,0,0,5000,1,1,,POINT (-94.873180838747 41.488074910407)
2014805318,14-12572,06/23/2014,06-June,2-Monday,04:25,0400 Hours,District 6 (East Central),,SCOTT,US 61,US 61/SWRAMP,Collision with:  Vehicle in traffic,On Roadway,Rear-end (front to rear),Swerving/Evasive Action,None Indicated,,Dark - roadway lighted,Dry,Cloudy,Debris,Interchange-related:  On-ramp,Paved,,Major Injury,0,1,1,0,0,0,13100,2,2,,POINT (-90.567066053532 41.694113781175)
2014805163,14-19871,06/23/2014,06-June,2-Monday,15:13,1500 Hours,District 3 (Northwest),SIOUX CITY,WOODBURY,,3RD ST & NEBRASKA ST,Collision with:  Vehicle in traffic,On Roadway,"Angle, oncoming left turn",FTYROW:  Making left turn,None Indicated,,Daylight,Dry,Clear,None apparent,Intersection:  Four-way intersection,Paved,,Possible/Unknown,0,1,0,0,1,0,8500,2,3,,POINT (-96.403429573031 42.493102039133)
2014804739,14-008425,06/23/2014,06-June,2-Monday,16:55,1600 Hours,District 4 (Southwest),GLENWOOD,MILLS,,4TH ST & N WALNUT ST,Collision with:  Vehicle in traffic,On Roadway,Rear-end (front to rear),Crossed centerline (undivided),Under Influence of Alcohol/Drugs/Medications,,Daylight,Dry,Clear,None apparent,Intersection:  Four-way intersection,Paved,,Property Damage Only,0,0,0,0,0,0,2185,3,4,,POINT (-95.743461840638 41.050619924387)
2014805084,GP20140499,06/24/2014,06-June,3-Tuesday,14:20,1400 Hours,District 1 (Central),GRINNELL,POWESHIEK,,3RD AVE & REED ST,Collision with:  Vehicle in traffic,On Roadway,Rear-end (front to rear),FTYROW:  From driveway,None Indicated,,Daylight,Dry,Clear,None apparent,Non-intersection:  Driveway access (within),Paved,,Property Damage Only,0,0,0,0,0,0,4000,2,3,,POINT (-92.733210188348 41.741803534276)
2014805630,2014-42097,06/24/2014,06-June,3-Tuesday,16:57,1600 Hours,District 6 (East Central),DAVENPORT,SCOTT,,E LOCUST ST & SPRING ST,Collision with:  Vehicle in traffic,On Roadway,Rear-end (front to rear),Followed too close,None Indicated,,Daylight,Dry,Clear,None apparent,Non-intersection:  Non-junction/no special feature,Paved,,Possible/Unknown,0,1,0,0,1,0,8500,3,5,,POINT (-90.549061254726 41.538363532261)
2014850908,14-004964,06/24/2014,06-June,3-Tuesday,16:47,1600 Hours,District 5 (Southeast),,LOUISA,,160TH ST,Non-collision events:  Overturn/rollover,On Roadway,Non-collision (single vehicle),Swerving/Evasive Action,None Indicated,,Daylight,"Mud, dirt",Clear,None apparent,Non-intersection:  Non-junction/no special feature,Unpaved,,Property Damage Only,0,0,0,0,0,0,3500,1,1,,POINT (-91.331753460795 41.291839786467)
2014806112,1-14-27434,06/24/2014,06-June,3-Tuesday,12:52,1200 Hours,District 6 (East Central),DUBUQUE,DUBUQUE,,UNIVERSITY AVE & GRANDVIEW AVE N,Collision with:  Vehicle in traffic,On Roadway,Rear-end (front to rear),Lost Control,None Indicated,,Daylight,Dry,Clear,None apparent,Intersection:  Four-way intersection,Paved,,Possible/Unknown,0,1,0,0,1,0,50,2,2,,POINT (-90.688118383802 42.498333891322)
2014804709,1406248161,06/24/2014,06-June,3-Tuesday,02:00,0200 Hours,District 6 (East Central),,CLINTON,,Co Rd Y34/140 AVE,Collision with:  Animal,,,Animal,None Indicated,,,,,,,Paved,,Property Damage Only,0,0,0,0,0,0,2500,1,1,,POINT (-90.820515995285 41.940307987435)
2014806501,2014037136,06/24/2014,06-June,3-Tuesday,16:48,1600 Hours,District 5 (Southeast),,MONROE,US 34,US 34 & Co Rd T61/MONROE WAPELLO RD,Collision with:  Vehicle in traffic,On Roadway,Broadside (front to side),Ran Stop Sign,None Indicated,,Daylight,Dry,Cloudy,None apparent,Intersection:  Four-way intersection,Paved,,Minor Injury,0,2,0,2,0,0,9000,2,4,,POINT (-92.639586039596 41.016137219696)
2014805514,1400000551,06/24/2014,06-June,3-Tuesday,09:33,0900 Hours,District 1 (Central),STATE CENTER,MARSHALL,US 30,US 30/240TH ST & Co Rd S62/HART AVE,Collision with:  Vehicle in traffic,On Roadway,Broadside (front to side),Ran Stop Sign,None Indicated,,Daylight,Dry,Clear,None apparent,Intersection:  Four-way intersection,Paved,,Possible/Unknown,0,1,0,0,1,0,10000,2,2,,POINT (-93.097842016124 42.008224394651)
2014808825,054-14,06/24/2014,06-June,3-Tuesday,14:19,1400 Hours,District 5 (Southeast),,WARREN,,Co Rd R35/10TH AVE,Non-collision events:  Overturn/rollover,Roadside,Non-collision (single vehicle),Ran off road - right,None Indicated,,Daylight,"Mud, dirt",Clear,None apparent,Non-intersection:  Non-junction/no special feature,Unpaved,,Minor Injury,0,2,0,1,1,0,8150,1,3,,POINT (-93.790657525253 41.462286671633)
2014805027,201408987,06/24/2014,06-June,3-Tuesday,17:55,1700 Hours,District 6 (East Central),CEDAR RAPIDS,LINN,I-380,I-380 & E AVE & 1ST ST NE & A AVE NE,Collision with:  Vehicle in traffic,On Roadway,Broadside (front to side),Ran Traffic Signal,None Indicated,,Daylight,Dry,Clear,None apparent,Intersection:  Four-way intersection,Paved,,Property Damage Only,0,0,0,0,0,0,2500,2,2,,POINT (-91.671197407455 41.979292390269)
2014808812,201408983,06/24/2014,06-June,3-Tuesday,17:01,1700 Hours,District 6 (East Central),CEDAR RAPIDS,LINN,,32ND ST NE & GLASS RD NE & CENTER POINT RD NE,Collision with:  Vehicle in traffic,On Roadway,"Angle, oncoming left turn",FTYROW:  Making left turn,Drug,,Daylight,Dry,Cloudy,None apparent,Intersection:  Four-way intersection,Paved,,Fatal,1,0,0,0,0,0,4250,2,2,,POINT (-91.663109031254 42.010495760265)
2014804842,14-4178,06/24/2014,06-June,3-Tuesday,17:17,1700 Hours,District 1 (Central),DES MOINES,POLK,,NE 22ND ST & NE 66TH AVE & SE DELAWARE AVE & CORPORATE WOODS DR,Collision with:  Vehicle in traffic,On Roadway,Rear-end (front to rear),Other (explain in narrative):  Other,None Indicated,,Daylight,Dry,Clear,None apparent,Non-intersection:  Non-junction/no special feature,Paved,,Property Damage Only,0,0,0,0,0,0,2500,2,2,,POINT (-93.581311937734 41.680556633538)
2014804834,2014006900,06/24/2014,06-June,3-Tuesday,15:56,1500 Hours,District 6 (East Central),IOWA CITY,JOHNSON,IA 1,IA 1/W BURLINGTON ST/E BURLINGTON ST & S MADISON ST,Collision with:  Vehicle in traffic,On Roadway,Rear-end (front to rear),Followed too close,None Indicated,,Daylight,Dry,Clear,None apparent,Non-intersection:  Non-junction/no special feature,Paved,,Possible/Unknown,0,1,0,0,1,0,7000,4,5,,POINT (-91.537727509424 41.657880453378)
2014805362,14-20032,06/24/2014,06-June,3-Tuesday,17:14,1700 Hours,District 3 (Northwest),SIOUX CITY,WOODBURY,,3RD ST & COURT ST,Collision with:  Vehicle in traffic,On Roadway,Broadside (front to side),Unknown,None Indicated,,Daylight,Dry,Clear,None apparent,Intersection:  Four-way intersection,Paved,,Property Damage Only,0,0,0,0,0,0,4500,2,6,,POINT (-96.39639993081 42.493157741488)
2014804861,20140017912,06/24/2014,06-June,3-Tuesday,21:05,2100 Hours,District 1 (Central),DES MOINES,POLK,,HOLCOMB AVE & 30TH ST,Collision with:  Vehicle in traffic,On Roadway,Broadside (front to side),Ran Stop Sign,Alcohol (Statutory),,Dark - roadway lighted,Dry,Clear,Non-highway work,Intersection:  T-intersection,Paved,,Property Damage Only,0,0,0,0,0,0,6500,2,5,,POINT (-93.658525368565 41.616360515454)
2014804762,20140017853,06/24/2014,06-June,3-Tuesday,12:17,1200 Hours,District 1 (Central),DES MOINES,POLK,,COTTAGE GROVE AVE & MLK JR PKWY,Collision with:  Vehicle in traffic,On Roadway,Broadside (front to side),Ran Traffic Signal,None Indicated,,Daylight,Dry,Cloudy,None apparent,Intersection:  Four-way intersection,Paved,,Property Damage Only,0,0,0,0,0,0,3000,2,2,,POINT (-93.644383119339 41.594354954249)
2014805651,2014-42174,06/24/2014,06-June,3-Tuesday,21:17,2100 Hours,District 6 (East Central),DAVENPORT,SCOTT,,W LOCUST ST,Collision with:  Vehicle in traffic,On Roadway,"Angle, oncoming left turn",Other (explain in narrative):  Other,None Indicated,,Dark - roadway lighted,Dry,Clear,None apparent,Non-intersection:  Non-junction/no special feature,Paved,,Property Damage Only,0,0,0,0,0,0,3700,2,2,,POINT (-90.600431090765 41.538231674653)
2014805165,14-19994,06/24/2014,06-June,3-Tuesday,11:56,1100 Hours,District 3 (Northwest),SIOUX CITY,WOODBURY,,FLOYD BLVD,Collision with:  Vehicle in traffic,On Roadway,Rear-end (front to rear),Other (explain in narrative):  Other,None Indicated,,Daylight,Dry,Clear,None apparent,Non-intersection:  Non-junction/no special feature,Paved,,Minor Injury,0,1,0,1,0,0,13000,2,3,,POINT (-96.372706613528 42.530623569723)
2014899603,NT-14-075,06/24/2014,06-June,3-Tuesday,23:00,2300 Hours,District 1 (Central),NEVADA,STORY,,Co Rd S14/W 4TH ST,Collision with:  Vehicle in traffic,On Roadway,Non-collision (single vehicle),Other (explain in narrative):  Disregarded Warning Sign,None Indicated,,Dark - roadway not lighted,Dry,Clear,None apparent,Non-intersection:  Other non-intersection (explain in narrative),Paved,,Property Damage Only,0,0,0,0,0,0,20050,1,1,,POINT (-93.462842986016 42.025985679037)
2014806734,,06/24/2014,06-June,3-Tuesday,17:22,1700 Hours,District 2 (Northeast),ALGONA,KOSSUTH,,N WILLIAMS ST,Collision with:  Parked motor vehicle,On Roadway,Broadside (front to side),FTYROW:  From parked position,None Indicated,,Daylight,Dry,Clear,None apparent,Non-intersection:  Driveway access (within),Paved,,Property Damage Only,0,0,0,0,0,0,2500,2,1,,POINT (-94.240397092383 43.069038393327)
2014804870,14-026071,06/24/2014,06-June,3-Tuesday,06:50,0600 Hours,District 4 (Southwest),COUNCIL BLUFFS,POTTAWATTAMIE,,23RD AVE,Collision with:  Vehicle in traffic,On Roadway,Rear-end (front to rear),Lost Control,None Indicated,,Daylight,Dry,Clear,None apparent,Non-intersection:  Non-junction/no special feature,Paved,,Possible/Unknown,0,2,0,0,2,0,15000,3,3,,POINT (-95.885933634207 41.240128002887)
2014804840,14-004282,06/24/2014,06-June,3-Tuesday,08:30,0800 Hours,District 3 (Northwest),BLENCOE,MONONA,,Co Rd K45/K45,Collision with:  Animal,On Roadway,Non-collision (single vehicle),Animal,None Indicated,,Daylight,Dry,Clear,None apparent,Non-intersection:  Non-junction/no special feature,Paved,,Property Damage Only,0,0,0,0,0,0,2500,1,2,,POINT (-96.088668430482 41.86622311145)
2014806956,14-063195,06/24/2014,06-June,3-Tuesday,23:34,2300 Hours,District 2 (Northeast),,BLACK HAWK,I-380,I-380,Non-collision events:  Overturn/rollover,On Roadway,Non-collision (single vehicle),Swerving/Evasive Action,None Indicated,,Dark - roadway not lighted,Dry,Clear,None apparent,Non-intersection:  Non-junction/no special feature,Paved,,Possible/Unknown,0,2,0,0,2,0,10000,1,2,,POINT (-92.084125622922 42.362350078362)
2014804836,14013052,06/24/2014,06-June,3-Tuesday,15:59,1500 Hours,District 6 (East Central),MARION,LINN,,1ST AVE,Collision with:  Parked motor vehicle,On Roadway,Rear-end (front to rear),Other (explain in narrative):  Other,None Indicated,,Daylight,Dry,Cloudy,None apparent,Non-intersection:  Non-junction/no special feature,Paved,,Property Damage Only,0,0,0,0,0,0,3000,2,1,,POINT (-91.583067913463 42.02786340402)
2014804854,20140017883,06/24/2014,06-June,3-Tuesday,16:39,1600 Hours,District 1 (Central),DES MOINES,POLK,,ARMY POST RD,Collision with:  Vehicle in traffic,On Roadway,Rear-end (front to rear),Followed too close,None Indicated,,Daylight,Dry,Cloudy,None apparent,Non-intersection:  Non-junction/no special feature,Paved,,Property Damage Only,0,0,0,0,0,0,1700,2,2,,POINT (-93.638280005655 41.526537075148)
2014806111,1-14-27423,06/24/2014,06-June,3-Tuesday,11:51,1100 Hours,District 6 (East Central),DUBUQUE,DUBUQUE,US 20,US 20/DODGE ST/RAMP,Collision with:  Vehicle in traffic,On Roadway,Rear-end (front to rear),Lost Control,None Indicated,,Daylight,Dry,Clear,None apparent,Intersection:  T-intersection,Paved,,Property Damage Only,0,0,0,0,0,0,1600,2,2,,POINT (-90.679580202432 42.49064188007)
2014805030,201408996,06/24/2014,06-June,3-Tuesday,22:25,2200 Hours,District 6 (East Central),CEDAR RAPIDS,LINN,,2ND AVE SE & 14TH ST SE,Collision with:  Vehicle in traffic,On Roadway,Broadside (front to side),FTYROW:  From stop sign,None Indicated,,Dark - roadway lighted,Dry,Clear,None apparent,Intersection:  Four-way intersection,Paved,,Minor Injury,0,1,0,1,0,0,10000,2,2,,POINT (-91.653028986874 41.986276760268)
2014805178,2014037163,06/24/2014,06-June,3-Tuesday,21:45,2100 Hours,District 4 (Southwest),,DALLAS,I-80,I-80 & Co Rd F64/S AVE,Collision with:  Animal,On Roadway,Non-collision (single vehicle),Animal,None Indicated,,Dark - roadway not lighted,Dry,Clear,None apparent,Non-intersection:  Other non-intersection (explain in narrative),Paved,,Property Damage Only,0,0,0,0,0,0,5500,1,7,,POINT (-93.930533356512 41.552961461789)
2014804701,14003683,06/24/2014,06-June,3-Tuesday,06:15,0600 Hours,District 2 (Northeast),,CERRO GORDO,US 18,US 18,Collision with:  Animal,,,Animal,None Indicated,,,,,,,Paved,,Property Damage Only,0,0,0,0,0,0,5000,1,1,,POINT (-93.161552871783 43.111846989864)
2014836282,B14-1198,06/24/2014,06-June,3-Tuesday,17:16,1700 Hours,District 3 (Northwest),SERGEANT BLUFF,WOODBURY,I-29,I-29 & 1ST ST,Collision with:  Vehicle in traffic,On Roadway,Rear-end (front to rear),Followed too close,None Indicated,,Daylight,Dry,Cloudy,None apparent,"Interchange-related:  Off-ramp, diverge area",Paved,,Property Damage Only,0,0,0,0,0,0,2500,3,3,,POINT (-96.368366112426 42.400662778216)
2014804983,W14-063038,06/24/2014,06-June,3-Tuesday,16:46,1600 Hours,District 2 (Northeast),WATERLOO,BLACK HAWK,US 218,US 218/WASHINGTON ST & HAWTHORNE AVE,Collision with:  Vehicle in traffic,On Roadway,Rear-end (front to rear),Followed too close,None Indicated,,Daylight,Dry,Clear,None apparent,Intersection:  Four-way intersection,Paved,,Possible/Unknown,0,1,0,0,1,0,7000,2,4,,POINT (-92.323683600752 42.481270901731)
2014804921,6242014,06/24/2014,06-June,3-Tuesday,08:48,0800 Hours,District 3 (Northwest),SAC CITY,SAC,,MAUER AVE,Collision with:  Vehicle in traffic,On Roadway,Broadside (front to side),FTYROW:  From driveway,None Indicated,,Daylight,Dry,Clear,Non-highway work,Non-intersection:  Driveway access (within),Paved,,Property Damage Only,0,0,0,0,0,0,4000,2,2,,POINT (-94.979625259222 42.42012232896)
2014805245,144402,06/24/2014,06-June,3-Tuesday,18:00,1800 Hours,District 4 (Southwest),DE SOTO,DALLAS,,ADAIR ST,Non-collision events:  Other non-collision (explain in narrative),On Roadway,Non-collision (single vehicle),Ran off road - left,None Indicated,,Daylight,Dry,Clear,None apparent,Non-intersection:  Non-junction/no special feature,Paved,,Possible/Unknown,0,1,0,0,1,0,500,1,1,,POINT (-94.011062166189 41.535104791839)
2014807009,A14048,06/24/2014,06-June,3-Tuesday,16:14,1600 Hours,District 5 (Southeast),KNOXVILLE,MARION,,Co Rd T15/OLD HWY 92 & E ROBINSON ST & E MAIN ST,Collision with fixed object:  Utility pole/light support,Outside trafficway,Non-collision (single vehicle),Other (explain in narrative):  Other,None Indicated,,Daylight,Dry,Clear,None apparent,Intersection:  T-intersection,Paved,,Property Damage Only,0,0,0,0,0,0,4000,1,1,,POINT (-93.081641054597 41.318303829929)
2014804776,14-026043,06/24/2014,06-June,3-Tuesday,00:31,0000 Hours,District 4 (Southwest),COUNCIL BLUFFS,POTTAWATTAMIE,I-29,I-29,Collision with:  Non-motorist (see non-motorist section - NOT a unit),On Roadway,Non-collision (single vehicle),Other (explain in narrative):  No improper action,None Indicated,,Dark - roadway not lighted,Dry,Clear,Work Zone (roadway-related),Non-intersection:  Non-junction/no special feature,Paved,Yes,Major Injury,0,1,1,0,0,0,0,1,1,,POINT (-95.828117211569 41.216183650896)