Iowa DOT Case Number,Law Enforcement Case Number,Date of Crash,Month of Crash,Day of Week,Time of Crash,Hour,DOT District,City Name,County Name,Route with System,Location Description,First Harmful Event,Location of First Harmful Event,Manner of Crash/Collision,Major Cause,Drug or Alcohol ,Environmental Conditions,Light Conditions,Surface Conditions,Weather Conditions,Roadway Contribution,Roadway Type,Roadway Surface,Work Zone,Crash Severity,Number of Fatalities,Number of Injuries,Number of Major Injuries,Number of Minor Injuries,Number of Possible Injuries,Number of Unknown Injuries,Amount of Property Damage,Number of Vehicles Involved,Total Number of Occupants,Travel Direction,Location
2014804818,14-21657,06/25/2014,06-June,4-Wednesday,07:25,0700 Hours,District 5 (Southeast),BURLINGTON,DES MOINES,,GROVE ST,Collision with:  Vehicle in traffic,On Roadway,"Sideswipe, same direction",Unknown,None Indicated,,Daylight,Dry,Clear,None apparent,Non-intersection:  Non-junction/no special feature,Paved,,Property Damage Only,0,0,0,0,0,0,1500,2,1,,POINT (-91.115666055471 40.800703952643)
2014805713,2014037374,06/25/2014,06-June,4-Wednesday,21:45,2100 Hours,District 2 (Northeast),,CERRO GORDO,I-35,I-35,Collision with:  Animal,,,Animal,None Indicated,,,,,,,Paved,,Property Damage Only,0,0,0,0,0,0,5000,1,1,,POINT (-93.342848260252 43.083802295358)
2014805637,2014-42335,06/25/2014,06-June,4-Wednesday,11:33,1100 Hours,District 6 (East Central),DAVENPORT,SCOTT,,UTICA RIDGE RD,Collision with:  Vehicle in traffic,On Roadway,"Angle, oncoming left turn",FTYROW:  Making left turn,None Indicated,,Daylight,Dry,Clear,None apparent,Non-intersection:  Driveway access (within),Paved,,Property Damage Only,0,0,0,0,0,0,8000,2,3,,POINT (-90.514087946932 41.572944229857)
2014805587,20140018251,06/25/2014,06-June,4-Wednesday,01:45,0100 Hours,District 1 (Central),DES MOINES,POLK,,ROSE AVE & SW 9TH ST,Collision with:  Vehicle in traffic,On Roadway,Broadside (front to side),Unknown,None Indicated,,Dark - roadway lighted,Dry,Clear,None apparent,Intersection:  Four-way intersection,Paved,,Property Damage Only,0,0,0,0,0,0,1500,2,2,,POINT (-93.625752891557 41.55000696007)
2014804811,1406258021,06/25/2014,06-June,4-Wednesday,05:18,0500 Hours,District 6 (East Central),,CLINTON,US 67,US 67,Collision with:  Animal,,,Animal,None Indicated,,,,,,,Paved,,Property Damage Only,0,0,0,0,0,0,6000,1,1,,POINT (-90.183026222746 42.011774591113)
2014804865,14-2971,06/25/2014,06-June,4-Wednesday,13:00,1300 Hours,District 1 (Central),WEST DES MOINES,POLK,IA 28,IA 28/63RD ST & ASHWORTH RD,Collision with:  Vehicle in traffic,On Roadway,"Sideswipe, same direction",Made improper turn,None Indicated,,Daylight,Dry,Clear,None apparent,Intersection:  T-intersection,Paved,,Property Damage Only,0,0,0,0,0,0,1506,2,2,,POINT (-93.703394494285 41.584560469434)
2014805448,14010378,06/25/2014,06-June,4-Wednesday,12:47,1200 Hours,District 2 (Northeast),MASON CITY,CERRO GORDO,IA 122,IA 122/IOWA 122 & SEDARS DR,Collision with:  Vehicle in traffic,On Roadway,Rear-end (front to rear),FTYROW:  At uncontrolled intersection,None Indicated,,Daylight,Dry,Clear,None apparent,Non-intersection:  Crossover-related,Paved,,Property Damage Only,0,0,0,0,0,0,7000,2,2,,POINT (-93.270513618985 43.14836317514)
2014805039,14680703,06/25/2014,06-June,4-Wednesday,06:04,0600 Hours,District 5 (Southeast),,MONROE,IA 5,IA 5/IOWA 5,Collision with:  Animal,,,Animal,None Indicated,,,,,,,Paved,,Property Damage Only,0,0,0,0,0,0,6000,1,1,,POINT (-92.823802830621 40.961831899268)
2014805064,20140017986,06/25/2014,06-June,4-Wednesday,14:30,1400 Hours,District 1 (Central),DES MOINES,POLK,,E WALNUT ST,Collision with:  Vehicle in traffic,Shoulder,Rear-end (front to rear),Other (explain in narrative):  Other,None Indicated,,Daylight,Dry,Cloudy,None apparent,Non-intersection:  Non-junction/no special feature,Paved,,Property Damage Only,0,0,0,0,0,0,3000,2,2,,POINT (-93.597834669844 41.591174668146)
2014805158,4007393,06/25/2014,06-June,4-Wednesday,13:44,1300 Hours,District 1 (Central),GLADBROOK,TAMA,,,Collision with:  Vehicle in traffic,On Roadway,Broadside (front to side),Unknown,None Indicated,,Daylight,Dry,Cloudy,None apparent,Non-intersection:  Alley,,,Property Damage Only,0,0,0,0,0,0,4000,2,2,,POINT (-96.643700149993 40.233091251414)
2014805330,14-007417,06/25/2014,06-June,4-Wednesday,23:12,2300 Hours,District 1 (Central),,TAMA,US 30,US 30,Collision with fixed object:  Tree,Outside trafficway,Non-collision (single vehicle),Ran off road - right,None Indicated,,Dark - roadway not lighted,Dry,Clear,None apparent,Non-intersection:  Non-junction/no special feature,Paved,,Major Injury,0,1,1,0,0,0,10000,1,1,,POINT (-92.409999962887 41.964031357821)
2014850892,14-004988,06/25/2014,06-June,4-Wednesday,06:10,0600 Hours,District 5 (Southeast),,LOUISA,,Co Rd X37/COUNTY RD X 37,Non-collision events:  Other non-collision (explain in narrative),On Roadway,Non-collision (single vehicle),Lost Control,None Indicated,,Daylight,Dry,Cloudy,None apparent,Non-intersection:  Non-junction/no special feature,Paved,,Minor Injury,0,1,0,1,0,0,2500,1,1,,POINT (-91.28355779913 41.183601571233)
2014805010,14-140625-01,06/25/2014,06-June,4-Wednesday,06:44,0600 Hours,District 6 (East Central),,IOWA,US 151,US 151/42ND AVE & IA 220/220TH TRL & Co Rd F20,Collision with:  Vehicle in traffic,On Roadway,Rear-end (front to rear),Followed too close,None Indicated,,Dawn,Dry,Clear,None apparent,Intersection:  Four-way intersection,Paved,,Possible/Unknown,0,1,0,0,1,0,6000,2,3,,POINT (-91.874509448623 41.801675267336)
2014805337,201400030580,06/25/2014,06-June,4-Wednesday,17:13,1700 Hours,District 5 (Southeast),OTTUMWA,WAPELLO,IA 149,IA 149/RAMP,Collision with:  Vehicle in traffic,On Roadway,Rear-end (front to rear),Lost Control,None Indicated,,Daylight,Dry,Clear,None apparent,Non-intersection:  Non-junction/no special feature,Paved,,Property Damage Only,0,0,0,0,0,0,3000,2,4,,POINT (-92.414704563503 41.021988797918)
2014805087,14-11870,06/25/2014,06-June,4-Wednesday,17:12,1700 Hours,District 6 (East Central),BETTENDORF,SCOTT,US 67,US 67/GRANT ST & 16TH ST,Collision with:  Vehicle in traffic,On Roadway,"Sideswipe, same direction",Made improper turn,None Indicated,,Daylight,Dry,Clear,None apparent,Intersection:  Other intersection (explain in narrative),Paved,,Minor Injury,0,1,0,1,0,0,8500,2,2,,POINT (-90.510052609842 41.526249049383)
2014806773,2014-2992,06/25/2014,06-June,4-Wednesday,19:00,1900 Hours,District 4 (Southwest),WAUKEE,DALLAS,,10TH ST,Collision with:  Parked motor vehicle,Outside trafficway,Unknown,Unknown,None Indicated,,Daylight,"Mud, dirt",Clear,None apparent,Non-intersection:  Non-junction/no special feature,Paved,,Property Damage Only,0,0,0,0,0,0,2200,2,1,,POINT (-93.891457546346 41.615087401524)
2014806250,2014037341,06/25/2014,06-June,4-Wednesday,17:18,1700 Hours,District 5 (Southeast),PELLA,MARION,,E 1ST ST,Collision with:  Vehicle in traffic,On Roadway,Broadside (front to side),Ran Stop Sign,None Indicated,,Daylight,Dry,Clear,None apparent,Intersection:  Four-way intersection,Paved,,Property Damage Only,0,0,0,0,0,0,11000,2,3,,POINT (-92.91473425903 41.404135298821)
2014805375,14-4034,06/25/2014,06-June,4-Wednesday,15:14,1500 Hours,District 2 (Northeast),,KOSSUTH,,Co Rd P56/160 AVE & 240 ST,Collision with:  Vehicle in traffic,On Roadway,Broadside (front to side),FTYROW:  From stop sign,None Indicated,,Daylight,Dry,Cloudy,None apparent,Intersection:  Four-way intersection,Paved,,Possible/Unknown,0,3,0,0,3,0,13000,2,3,,POINT (-94.148370029651 43.111988482654)
2014807156,14-002728,06/25/2014,06-June,4-Wednesday,10:30,1000 Hours,District 1 (Central),ANKENY,POLK,,SW SNYDER BLVD & SW ANKENY RD,Collision with:  Vehicle in traffic,On Roadway,Broadside (front to side),FTYROW:  From stop sign,None Indicated,,Daylight,Dry,Clear,None apparent,Intersection:  Four-way intersection,Paved,,Minor Injury,0,2,0,1,1,0,16300,2,2,,POINT (-93.607112157462 41.700211828806)
2014805066,20140018006,06/25/2014,06-June,4-Wednesday,17:05,1700 Hours,District 1 (Central),DES MOINES,POLK,,UNIVERSITY AVE,Collision with:  Vehicle in traffic,On Roadway,Rear-end (front to rear),Followed too close,None Indicated,,Daylight,Dry,Cloudy,None apparent,Non-intersection:  Non-junction/no special feature,Paved,,Property Damage Only,0,0,0,0,0,0,5200,2,4,,POINT (-93.636991739072 41.600439998685)
2014804898,14-7358,06/25/2014,06-June,4-Wednesday,07:45,0700 Hours,District 3 (Northwest),,SIOUX,US 18,US 18/US 75/320TH ST,Collision with:  Vehicle in traffic,On Roadway,Rear-end (front to rear),Followed too close,None Indicated,,Daylight,Dry,Clear,None apparent,Intersection:  Four-way intersection,Paved,,Possible/Unknown,0,1,0,0,1,0,800,2,2,,POINT (-96.177291372855 43.185718621867)
2014804809,1406252421,06/25/2014,06-June,4-Wednesday,06:55,0600 Hours,District 6 (East Central),,CLINTON,US 67,US 67,Non-collision events:  Other non-collision (explain in narrative),On Roadway,Non-collision (single vehicle),Ran off road - left,None Indicated,,Daylight,Dry,Clear,None apparent,Non-intersection:  Non-junction/no special feature,Paved,,Property Damage Only,0,0,0,0,0,0,10000,1,1,,POINT (-90.354945131812 41.741353110797)
2014805080,14-026323,06/25/2014,06-June,4-Wednesday,17:24,1700 Hours,District 4 (Southwest),COUNCIL BLUFFS,POTTAWATTAMIE,I-29,I-29,Collision with:  Vehicle in traffic,On Roadway,Rear-end (front to rear),Followed too close,None Indicated,,Daylight,Dry,Clear,None apparent,Non-intersection:  Non-junction/no special feature,Paved,,Property Damage Only,0,0,0,0,0,0,3300,2,2,,POINT (-95.891623138493 41.232780066336)
2014805053,14-0751,06/25/2014,06-June,4-Wednesday,11:20,1100 Hours,District 4 (Southwest),CLIVE,DALLAS,,,Collision with:  Parked motor vehicle,On Roadway,"Sideswipe, same direction",Illegally Parked/Unattended,None Indicated,,Daylight,Dry,Clear,None apparent,Non-intersection:  Non-junction/no special feature,,,Property Damage Only,0,0,0,0,0,0,2500,2,1,,POINT (-96.643700149993 40.233091251414)
2014805959,SO14001496,06/25/2014,06-June,4-Wednesday,01:50,0100 Hours,District 3 (Northwest),,PLYMOUTH,US 75,US 75,Non-collision events:  Overturn/rollover,Shoulder,Non-collision (single vehicle),Ran off road - right,None Indicated,,Dark - roadway not lighted,Dry,Clear,None apparent,Non-intersection:  Other non-intersection (explain in narrative),Paved,,Minor Injury,0,1,0,1,0,0,127000,1,1,,POINT (-96.241507356498 42.724435245897)
2014804999,144443,06/25/2014,06-June,4-Wednesday,22:39,2200 Hours,District 4 (Southwest),,DALLAS,IA 141,IA 141/141ST ST,Collision with:  Animal,On Roadway,Non-collision (single vehicle),Animal,None Indicated,,,,,,,Paved,,Property Damage Only,0,0,0,0,0,0,4000,1,1,,POINT (-93.993776059652 41.834927518592)
2014805250,01-14-27590,06/25/2014,06-June,4-Wednesday,11:51,1100 Hours,District 6 (East Central),DUBUQUE,DUBUQUE,,W 5TH ST & MAIN ST,Collision with:  Vehicle in traffic,On Roadway,"Angle, oncoming left turn",FTYROW:  Making left turn,None Indicated,,Daylight,Dry,Clear,None apparent,Intersection:  Four-way intersection,Paved,,Property Damage Only,0,0,0,0,0,0,1850,2,3,,POINT (-90.665845353762 42.498422505131)
2014805349,2014-13393,06/25/2014,06-June,4-Wednesday,06:42,0600 Hours,District 5 (Southeast),INDIANOLA,WARREN,US 65,US 65/N JEFFERSON WAY & E EUCLID AVE,Collision with:  Vehicle in traffic,On Roadway,Rear-end (front to rear),Other (explain in narrative):  Other,None Indicated,,Daylight,Dry,Clear,None apparent,Non-intersection:  Non-junction/no special feature,Paved,,Possible/Unknown,0,1,0,0,1,0,4000,2,2,,POINT (-93.558329600483 41.365665004858)
2014816758,01-14-27614,06/25/2014,06-June,4-Wednesday,13:44,1300 Hours,District 6 (East Central),DUBUQUE,DUBUQUE,,UNIVERSITY AVE & GLEN OAK ST,Collision with:  Vehicle in traffic,On Roadway,"Angle, oncoming left turn",FTYROW:  Making left turn,None Indicated,,Daylight,Dry,Cloudy,None apparent,Intersection:  Four-way intersection,Paved,,Minor Injury,0,2,0,2,0,0,8000,2,2,,POINT (-90.682874075745 42.498975359475)
2014805076,14-0710,06/25/2014,06-June,4-Wednesday,08:13,0800 Hours,District 1 (Central),PLEASANT HILL,POLK,US 65,US 65,Collision with:  Animal,,,Animal,None Indicated,,,,,,,Paved,,Property Damage Only,0,0,0,0,0,0,5000,1,1,,POINT (-93.499870303992 41.589705772751)
2014805049,14-002735,06/25/2014,06-June,4-Wednesday,14:56,1400 Hours,District 1 (Central),ANKENY,POLK,IA 415,IA 415/SW ORALABOR RD & SW WHITE BIRCH DR,Collision with:  Vehicle in traffic,On Roadway,Broadside (front to side),FTYROW:  From stop sign,None Indicated,,Daylight,Dry,Clear,None apparent,Intersection:  Four-way intersection,Paved,,Property Damage Only,0,0,0,0,0,0,8000,2,3,,POINT (-93.627116233021 41.703247876906)
2014807612,14063215,06/25/2014,06-June,4-Wednesday,00:38,0000 Hours,District 2 (Northeast),CEDAR FALLS,BLACK HAWK,US 218,US 218/WASHINGTON ST,Collision with:  Animal,,Non-collision (single vehicle),Animal,None Indicated,,,,,,,Paved,,Property Damage Only,0,0,0,0,0,0,3000,1,1,,POINT (-92.418049521941 42.53764301924)
2014804858,20140017945,06/25/2014,06-June,4-Wednesday,07:55,0700 Hours,District 1 (Central),DES MOINES,POLK,,HIGH ST & 7TH ST,Collision with:  Vehicle in traffic,On Roadway,"Sideswipe, same direction",Made improper turn,None Indicated,,Daylight,Dry,Clear,None apparent,Intersection:  Other intersection (explain in narrative),Paved,,Property Damage Only,0,0,0,0,0,0,3000,2,2,,POINT (-93.626769444626 41.588201299122)
2014805793,14-21755,06/25/2014,06-June,4-Wednesday,21:14,2100 Hours,District 5 (Southeast),BURLINGTON,DES MOINES,,SUNNYSIDE AVE,Collision with:  Vehicle in traffic,On Roadway,Rear-end (front to rear),Other (explain in narrative):  Other,Drug,,Dark - roadway lighted,Dry,Clear,None apparent,Non-intersection:  Non-junction/no special feature,Paved,,Minor Injury,0,1,0,1,0,0,8000,3,1,,POINT (-91.113348420117 40.826860779567)
2014805018,14-018959,06/25/2014,06-June,4-Wednesday,19:10,1900 Hours,District 5 (Southeast),,LEE,,Co Rd J72/300 ST,Collision with:  Animal,,,Animal,None Indicated,,,,,,,Paved,,Property Damage Only,0,0,0,0,0,0,2000,1,1,,POINT (-91.55646077864 40.524597233836)
2014805079,14-026296,06/25/2014,06-June,4-Wednesday,15:12,1500 Hours,District 4 (Southwest),COUNCIL BLUFFS,POTTAWATTAMIE,,W BROADWAY & E BROADWAY & S 1ST ST,Collision with:  Vehicle in traffic,On Roadway,"Sideswipe, same direction",Followed too close,None Indicated,,Daylight,Dry,Clear,None apparent,Non-intersection:  Non-junction/no special feature,Paved,,Property Damage Only,0,0,0,0,0,0,3000,2,2,,POINT (-95.843724312357 41.263352750857)
2014805529,14-4220,06/25/2014,06-June,4-Wednesday,16:28,1600 Hours,District 1 (Central),GRIMES,POLK,,S JAMES ST,Collision with:  Other non-fixed object (explain in narrative),On Roadway,Rear-end (front to rear),Followed too close,None Indicated,,Daylight,Dry,Clear,None apparent,Non-intersection:  Non-junction/no special feature,Paved,,Property Damage Only,0,0,0,0,0,0,3000,2,2,,POINT (-93.794428777704 41.659042152875)
2014805086,14-11869,06/25/2014,06-June,4-Wednesday,16:58,1600 Hours,District 6 (East Central),BETTENDORF,SCOTT,I-74,I-74 & KIMBERLY RD,Collision with:  Vehicle in traffic,On Roadway,Rear-end (front to rear),Followed too close,None Indicated,,Daylight,Dry,Clear,None apparent,Non-intersection:  Other non-intersection (explain in narrative),Paved,,Property Damage Only,0,0,0,0,0,0,4600,3,4,,POINT (-90.514631076774 41.530310952275)
2014805075,14-0709,06/25/2014,06-June,4-Wednesday,07:19,0700 Hours,District 1 (Central),PLEASANT HILL,POLK,,LITTLE FOUR MILE CREEK DR & COPPER CREEK DR,Collision with:  Vehicle in traffic,On Roadway,"Sideswipe, same direction",FTYROW:  Making left turn,None Indicated,,Daylight,Dry,Clear,None apparent,Intersection:  Four-way intersection,Paved,,Property Damage Only,0,0,0,0,0,0,2300,2,2,,POINT (-93.524544853619 41.600926977815)
2014805212,2014037329,06/25/2014,06-June,4-Wednesday,15:47,1500 Hours,District 1 (Central),,JASPER,I-80,I-80,Collision with fixed object:  Ditch,On Roadway,Non-collision (single vehicle),Ran off road - right,None Indicated,,Daylight,Dry,Cloudy,None apparent,Non-intersection:  Non-junction/no special feature,Paved,,Property Damage Only,0,0,0,0,0,0,2000,1,3,,POINT (-93.269364505729 41.687358583114)
2014804993,9186-14,06/25/2014,06-June,4-Wednesday,17:44,1700 Hours,District 3 (Northwest),SPENCER,CLAY,US 18,US 18/N GRAND AVE & W 4TH ST & E 4TH ST,Collision with:  Vehicle in traffic,On Roadway,Rear-end (front to rear),Followed too close,None Indicated,,Daylight,Dry,Cloudy,None apparent,Non-intersection:  Non-junction/no special feature,Paved,,Property Damage Only,0,0,0,0,0,0,6000,2,3,,POINT (-95.144707933056 43.14137374786)
2014804869,14-1168,06/25/2014,06-June,4-Wednesday,07:06,0700 Hours,District 1 (Central),POLK CITY,POLK,,WHISPERING PINE AVE,Collision with:  Parked motor vehicle,On Roadway,Rear-end (front to rear),Other (explain in narrative):  Vision obstructed,None Indicated,,Daylight,Dry,Clear,None apparent,Non-intersection:  Non-junction/no special feature,Paved,,Possible/Unknown,0,1,0,0,1,0,9000,2,777,,POINT (-93.709957555387 41.763914517321)
2014804864,14-2970,06/25/2014,06-June,4-Wednesday,11:50,1100 Hours,District 1 (Central),WEST DES MOINES,POLK,,7TH ST,Collision with:  Vehicle in traffic,On Roadway,Broadside (front to side),FTYROW:  From driveway,None Indicated,,Daylight,Dry,Clear,None apparent,Non-intersection:  Driveway access (within),Paved,,Property Damage Only,0,0,0,0,0,0,3900,2,4,,POINT (-93.711655752879 41.573214542467)
2014805252,01-14-27674,06/25/2014,06-June,4-Wednesday,19:09,1900 Hours,District 6 (East Central),DUBUQUE,DUBUQUE,US 20,US 20/DODGE ST & BLUFF ST,Collision with:  Vehicle in traffic,On Roadway,Rear-end (front to rear),Followed too close,Alcohol (Statutory),,Daylight,Wet,Cloudy,None apparent,Interchange-related:  On-ramp merge area,Paved,,Possible/Unknown,0,1,0,0,1,0,10000,2,3,,POINT (-90.668258031547 42.491789767158)
2014805338,201400030600,06/25/2014,06-June,4-Wednesday,19:58,1900 Hours,District 5 (Southeast),OTTUMWA,WAPELLO,,BARDELL ST,Collision with:  Vehicle in traffic,On Roadway,Rear-end (front to rear),Followed too close,None Indicated,,Dusk,Dry,Clear,None apparent,Non-intersection:  Non-junction/no special feature,Paved,,Possible/Unknown,0,1,0,0,1,0,200,2,3,,POINT (-92.417230854838 41.009309115723)
2014805473,14005353,06/25/2014,06-June,4-Wednesday,08:09,0800 Hours,District 6 (East Central),,DELAWARE,,Co Rd W69/140TH AVE,Collision with fixed object:  Ditch,On Roadway,Non-collision (single vehicle),Ran off road - right,None Indicated,,Daylight,Dry,Cloudy,None apparent,Non-intersection:  Non-junction/no special feature,Paved,,Property Damage Only,0,0,0,0,0,0,2500,1,1,,POINT (-91.532610308263 42.634035591736)
2014805097,14-003008,06/25/2014,06-June,4-Wednesday,12:40,1200 Hours,District 1 (Central),AMES,STORY,,GLENDALE AVE,Collision with:  Vehicle in traffic,On Roadway,Rear-end (front to rear),Improper Backing,None Indicated,,Daylight,Dry,Clear,None apparent,Non-intersection:  Driveway access (within),Paved,,Property Damage Only,0,0,0,0,0,0,7500,2,1,,POINT (-93.605877471792 42.034902777257)
2014805449,14010394,06/25/2014,06-June,4-Wednesday,16:53,1600 Hours,District 2 (Northeast),MASON CITY,CERRO GORDO,IA 122,IA 122/4TH ST SW & CRESCENT DR,Collision with:  Vehicle in traffic,On Roadway,Rear-end (front to rear),Other (explain in narrative):  Other,None Indicated,,Daylight,Dry,Clear,None apparent,Non-intersection:  Non-junction/no special feature,Paved,,Property Damage Only,0,0,0,0,0,0,1500,2,2,,POINT (-93.213596760649 43.148276471318)
2014805251,01-14-27618,06/25/2014,06-June,4-Wednesday,14:05,1400 Hours,District 6 (East Central),DUBUQUE,DUBUQUE,US 20,US 20/DODGE ST,Collision with:  Vehicle in traffic,On Roadway,"Sideswipe, same direction",FTYROW:  Other (explain in narrative),None Indicated,,Daylight,Dry,Clear,None apparent,Non-intersection:  Non-junction/no special feature,Paved,,Property Damage Only,0,0,0,0,0,0,2700,2,3,,POINT (-90.712991180159 42.492358415908)
2014805543,14-0752,06/25/2014,06-June,4-Wednesday,14:00,1400 Hours,District 1 (Central),CLIVE,POLK,US 6,US 6/HICKMAN RD & NW 86TH ST,Collision with:  Vehicle in traffic,On Roadway,"Sideswipe, same direction",Improper or erratic lane changing,None Indicated,,Daylight,Dry,Clear,None apparent,Intersection:  Four-way intersection,Paved,,Property Damage Only,0,0,0,0,0,0,2000,2,2,,POINT (-93.736490965183 41.614905671274)
2014804988,062514-197,06/25/2014,06-June,4-Wednesday,22:50,2200 Hours,District 3 (Northwest),,BUENA VISTA,,Co Rd M36/80TH AVE,Collision with:  Animal,On Roadway,Non-collision (single vehicle),Animal,None Indicated,,Dark - roadway not lighted,Dry,Clear,None apparent,Non-intersection:  Non-junction/no special feature,Paved,,Property Damage Only,0,0,0,0,0,0,11600,1,1,,POINT (-95.24932873784 42.853386835008)
2014805751,14-63293,06/25/2014,06-June,4-Wednesday,09:15,0900 Hours,District 2 (Northeast),,BLACK HAWK,IA 281,IA 281/INDEPENDENCE AVE & Co Rd V43/ELK RUN RD/S ELK RUN RD,Collision with:  Vehicle in traffic,On Roadway,Broadside (front to side),Ran Stop Sign,None Indicated,,Daylight,Dry,Clear,None apparent,Intersection:  Four-way intersection,Paved,,Property Damage Only,0,0,0,0,0,0,25000,2,2,,POINT (-92.258854650686 42.498143189159)
2014805749,14-063551,06/25/2014,06-June,4-Wednesday,21:05,2100 Hours,District 2 (Northeast),,BLACK HAWK,,FOX RD,Non-collision events:  Overturn/rollover,On Roadway,Non-collision (single vehicle),Swerving/Evasive Action,None Indicated,,Dusk,Dry,Cloudy,"Surface condition (e.g., wet, icy)",Non-intersection:  Non-junction/no special feature,Unpaved,,Property Damage Only,0,0,0,0,0,0,3000,1,1,,POINT (-92.138216963886 42.427828416675)
2014806822,32049-14,06/25/2014,06-June,4-Wednesday,13:21,1300 Hours,District 3 (Northwest),GRUVER,EMMET,,440 AVE,Non-collision events:  Overturn/rollover,On Roadway,Non-collision (single vehicle),Swerving/Evasive Action,None Indicated,,Daylight,Dry,Clear,Other (explain in narrative),Non-intersection:  Non-junction/no special feature,Unpaved,,Property Damage Only,0,0,0,0,0,0,10000,1,1,,POINT (-94.718659772423 43.430649488169)
2014808138,N14000276,06/25/2014,06-June,4-Wednesday,09:43,0900 Hours,District 6 (East Central),NORTH LIBERTY,JOHNSON,,CHESTNUT ST & GEORGE ST,Collision with:  Vehicle in traffic,On Roadway,Broadside (front to side),FTYROW:  From yield sign,None Indicated,,Daylight,Dry,Clear,None apparent,Intersection:  Four-way intersection,Paved,,Property Damage Only,0,0,0,0,0,0,2500,2,2,,POINT (-91.601091477425 41.746107482264)
2014815485,,06/25/2014,06-June,4-Wednesday,09:30,0900 Hours,District 3 (Northwest),LAKE VIEW,SAC,,3RD ST & MAIN ST,Collision with:  Vehicle in traffic,On Roadway,"Sideswipe, same direction",FTYROW:  From stop sign,None Indicated,,Daylight,Dry,Clear,None apparent,Intersection:  Four-way intersection,Paved,,Property Damage Only,0,0,0,0,0,0,1750,2,2,,POINT (-95.051697314868 42.305870853481)
2014806123,80-14-200,06/25/2014,06-June,4-Wednesday,09:09,0900 Hours,District 2 (Northeast),HUMBOLDT,HUMBOLDT,IA 3,IA 3/10TH AVE N/220TH ST & 1ST ST N & MONTANA AVE,Collision with fixed object:  Bridge pier or support,On Roadway,Non-collision (single vehicle),Other (explain in narrative):  No improper action,None Indicated,,Daylight,Dry,Clear,None apparent,Non-intersection:  Other non-intersection (explain in narrative),Paved,,Property Damage Only,0,0,0,0,0,0,45000,1,2,,POINT (-94.20754793835 42.731698617993)
2014805041,06-14-208,06/25/2014,06-June,4-Wednesday,12:42,1200 Hours,District 3 (Northwest),LE MARS,PLYMOUTH,,HAWKEYE AVE,Collision with:  Vehicle in traffic,On Roadway,Head-on (front to front),Crossed centerline (undivided),None Indicated,,Daylight,Dry,Clear,None apparent,Non-intersection:  Non-junction/no special feature,Paved,,Minor Injury,0,2,0,2,0,0,22000,2,2,,POINT (-96.193898150939 42.770949087687)
2014805197,2014037180,06/25/2014,06-June,4-Wednesday,04:15,0400 Hours,District 1 (Central),,JASPER,I-80,I-80,Collision with fixed object:  Other fixed object (explain in narrative),Shoulder,Non-collision (single vehicle),Swerving/Evasive Action,None Indicated,,Dark - roadway not lighted,Dry,Clear,Work Zone (roadway-related),Non-intersection:  Non-junction/no special feature,Paved,Yes,Property Damage Only,0,0,0,0,0,0,8000,1,1,,POINT (-93.326831279534 41.681408924653)
2014805088,14-7380,06/25/2014,06-June,4-Wednesday,18:05,1800 Hours,District 3 (Northwest),,SIOUX,US 18,US 18/310TH ST,Non-collision events:  Overturn/rollover,Shoulder,Non-collision (single vehicle),Other (explain in narrative):  No improper action,None Indicated,,Daylight,Dry,Cloudy,"Surface condition (e.g., wet, icy)",Non-intersection:  Non-junction/no special feature,Paved,Yes,Property Damage Only,0,0,0,0,0,0,20300,1,1,,POINT (-96.431660602993 43.20082806206)
2014804835,201409008,06/25/2014,06-June,4-Wednesday,07:49,0700 Hours,District 6 (East Central),CEDAR RAPIDS,LINN,IA 100,IA 100/COLLINS RD NE/COLLINS RD SE & IA 922/1ST AVE E,Collision with:  Vehicle in traffic,On Roadway,Rear-end (front to rear),Other (explain in narrative):  Other,Alcohol (Statutory),,Daylight,Dry,Clear,None apparent,Intersection:  Four-way intersection,Paved,,Property Damage Only,0,0,0,0,0,0,2700,2,5,,POINT (-91.621272839211 42.02576194308)
2014805813,02-14-9605,06/25/2014,06-June,4-Wednesday,20:02,2000 Hours,District 6 (East Central),,DUBUQUE,,FISHPOND RD,Collision with fixed object:  Ditch,Outside trafficway,Non-collision (single vehicle),Swerving/Evasive Action,None Indicated,,Daylight,"Mud, dirt",Cloudy,None apparent,Non-intersection:  Non-junction/no special feature,Unpaved,,Minor Injury,0,1,0,1,0,0,12000,1,2,,POINT (-90.956100170235 42.46544402075)
2014804918,14-1878,06/25/2014,06-June,4-Wednesday,12:55,1200 Hours,District 1 (Central),FORT DODGE,WEBSTER,,9TH AVE N & N 15TH ST,Collision with:  Vehicle in traffic,On Roadway,Broadside (front to side),FTYROW:  From stop sign,None Indicated,,Daylight,Dry,Cloudy,None apparent,Intersection:  Four-way intersection,Paved,,Property Damage Only,0,0,0,0,0,0,5600,2,4,,POINT (-94.178032598816 42.514900873762)
2014805045,14-4217,06/25/2014,06-June,4-Wednesday,15:48,1500 Hours,District 1 (Central),BONDURANT,POLK,US 65,US 65/HUBBELL AVE & 32ND ST SW,Collision with:  Vehicle in traffic,On Roadway,Head-on (front to front),Other (explain in narrative):  Other,None Indicated,,Daylight,Dry,Clear,Work Zone (roadway-related),Intersection:  Other intersection (explain in narrative),Paved,Yes,Property Damage Only,0,0,0,0,0,0,1500,2,3,,POINT (-93.480404688496 41.673114454136)
2014808935,1406252119,06/25/2014,06-June,4-Wednesday,21:19,2100 Hours,District 6 (East Central),,JONES,US 151,US 151,Collision with:  Animal,,,Animal,None Indicated,,,,,,,Paved,,Property Damage Only,0,0,0,0,0,0,8000,1,1,,POINT (-91.238862593155 42.150650405168)
2014805833,1400000565,06/25/2014,06-June,4-Wednesday,20:50,2000 Hours,District 1 (Central),MARSHALLTOWN,MARSHALL,IA 14,IA 14/SANFORD AVE,Collision with:  Animal,,,Animal,None Indicated,,,,,,,Paved,,Property Damage Only,0,0,0,0,0,0,2500,1,1,,POINT (-92.903609094661 42.110819491484)