Iowa DOT Case Number,Law Enforcement Case Number,Date of Crash,Month of Crash,Day of Week,Time of Crash,Hour,DOT District,City Name,County Name,Route with System,Location Description,First Harmful Event,Location of First Harmful Event,Manner of Crash/Collision,Major Cause,Drug or Alcohol ,Environmental Conditions,Light Conditions,Surface Conditions,Weather Conditions,Roadway Contribution,Roadway Type,Roadway Surface,Work Zone,Crash Severity,Number of Fatalities,Number of Injuries,Number of Major Injuries,Number of Minor Injuries,Number of Possible Injuries,Number of Unknown Injuries,Amount of Property Damage,Number of Vehicles Involved,Total Number of Occupants,Travel Direction,Location
2014805270,201402176,06/25/2014,06-June,4-Wednesday,03:24,0300 Hours,District 6 (East Central),,LINN,,DOWS RD,Collision with fixed object:  Other fixed object (explain in narrative),Outside trafficway,Non-collision (single vehicle),Ran off road - right,None Indicated,,Dark - roadway not lighted,Dry,Clear,None apparent,Non-intersection:  Non-junction/no special feature,Paved,,Property Damage Only,0,0,0,0,0,0,3000,1,2,,POINT (-91.56971969127 41.984215112666)
2014805816,2014-1489,06/25/2014,06-June,4-Wednesday,11:11,1100 Hours,District 1 (Central),JEFFERSON,GREENE,,W CLARK ST & N MAPLE ST,Collision with:  Vehicle in traffic,On Roadway,Broadside (front to side),FTYROW:  At uncontrolled intersection,None Indicated,,Daylight,Dry,Clear,None apparent,Non-intersection:  Non-junction/no special feature,Paved,,Property Damage Only,0,0,0,0,0,0,2000,2,4,,POINT (-94.380084755538 42.020395851487)
2014804985,W14-063445,06/25/2014,06-June,4-Wednesday,16:20,1600 Hours,District 2 (Northeast),WATERLOO,BLACK HAWK,,RIEHL ST & WHITTIER AVE,Collision with:  Parked motor vehicle,On Roadway,"Sideswipe, opposite direction",Crossed centerline (undivided),None Indicated,,Daylight,Dry,Clear,None apparent,Non-intersection:  Non-junction/no special feature,Paved,,Property Damage Only,0,0,0,0,0,0,2500,2,1,,POINT (-92.361247523927 42.513051858602)
2014809834,14-09417,06/25/2014,06-June,4-Wednesday,13:27,1300 Hours,District 6 (East Central),,JACKSON,US 52,US 52/GREAT RIVER RD,Non-collision events:  Overturn/rollover,On Roadway,Non-collision (single vehicle),Swerving/Evasive Action,None Indicated,,Daylight,Dry,Clear,None apparent,Non-intersection:  Non-junction/no special feature,Paved,,Minor Injury,0,1,0,1,0,0,4000,1,1,,POINT (-90.332831547794 42.159813470642)
2014810072,14-000739,06/25/2014,06-June,4-Wednesday,18:00,1800 Hours,District 1 (Central),JOHNSTON,POLK,,NW 62ND AVE & MERLE HAY RD,Collision with:  Vehicle in traffic,On Roadway,Rear-end (front to rear),Followed too close,None Indicated,,Daylight,Dry,Cloudy,None apparent,Intersection:  Four-way intersection,Paved,,Property Damage Only,0,0,0,0,0,0,1800,2,3,,POINT (-93.697700661242 41.672955520171)
2014805038,14008566,06/25/2014,06-June,4-Wednesday,17:48,1700 Hours,District 4 (Southwest),GLENWOOD,MILLS,,HAROLDS DR,Collision with:  Non-motorist (see non-motorist section - NOT a unit),On Roadway,Non-collision (single vehicle),Other (explain in narrative):  No improper action,None Indicated,,Daylight,Dry,Clear,None apparent,Intersection:  T-intersection,Paved,,Minor Injury,0,1,0,1,0,0,0,1,2,,POINT (-95.746862169051 41.053421016755)
2014815337,,06/25/2014,06-June,4-Wednesday,13:35,1300 Hours,District 4 (Southwest),WOODBINE,HARRISON,,4TH ST & LINCOLN WAY,Collision with:  Vehicle in traffic,On Roadway,Rear-end (front to rear),FTYROW:  From parked position,None Indicated,,Daylight,Dry,Clear,None apparent,Non-intersection:  Non-junction/no special feature,Paved,,Property Damage Only,0,0,0,0,0,0,4500,2,2,,POINT (-95.703125376214 41.735993069866)
2014805059,20140018025,06/25/2014,06-June,4-Wednesday,18:30,1800 Hours,District 1 (Central),DES MOINES,POLK,US 69,US 69/SE 14TH ST,Collision with:  Vehicle in traffic,On Roadway,Rear-end (front to rear),Followed too close,None Indicated,,Daylight,Dry,Clear,None apparent,Non-intersection:  Non-junction/no special feature,Paved,,Property Damage Only,0,0,0,0,0,0,3400,3,4,,POINT (-93.596848200253 41.586982412844)
2014807462,14-2975,06/25/2014,06-June,4-Wednesday,17:00,1700 Hours,District 1 (Central),WEST DES MOINES,POLK,I-235,I-235,Collision with:  Vehicle in traffic,On Roadway,Rear-end (front to rear),Followed too close,None Indicated,,Daylight,Dry,Cloudy,None apparent,Non-intersection:  Non-junction/no special feature,Paved,,Property Damage Only,0,0,0,0,0,0,2200,2,2,,POINT (-93.745844603999 41.592300343446)
2014805032,201409035,06/25/2014,06-June,4-Wednesday,17:41,1700 Hours,District 6 (East Central),CEDAR RAPIDS,LINN,,GLASS RD NE & SHASTA DR NE,Collision with:  Vehicle in traffic,Shoulder,Head-on (front to front),Crossed centerline (undivided),None Indicated,,Daylight,Dry,Clear,None apparent,Non-intersection:  Non-junction/no special feature,Paved,,Property Damage Only,0,0,0,0,0,0,4000,2,3,,POINT (-91.679739569957 42.014515991884)
2014805475,14-21739,06/25/2014,06-June,4-Wednesday,19:40,1900 Hours,District 5 (Southeast),DANVILLE,DES MOINES,,W WALNUT ST,Collision with:  Parked motor vehicle,On Roadway,Rear-end (front to rear),Improper Backing,None Indicated,,Daylight,Dry,Clear,None apparent,Non-intersection:  Non-junction/no special feature,Paved,,Property Damage Only,0,0,0,0,0,0,3500,2,1,,POINT (-91.318989712126 40.868081746194)
2014807701,SA1404904,06/25/2014,06-June,4-Wednesday,15:54,1500 Hours,District 5 (Southeast),,WASHINGTON,IA 92,IA 92,Collision with:  Vehicle in traffic,On Roadway,Broadside (front to side),FTYROW:  From stop sign,None Indicated,,Daylight,Dry,Clear,None apparent,Intersection:  Four-way intersection,Paved,,Minor Injury,0,1,0,1,0,0,20000,2,4,,POINT (-91.536922203548 41.290496452687)
2014805537,14-002727,06/25/2014,06-June,4-Wednesday,09:30,0900 Hours,District 1 (Central),ANKENY,POLK,US 69,US 69/S ANKENY BLVD/N 14TH ST & IA 160/SW ORALABOR RD/SE ORALABOR RD,Collision with:  Vehicle in traffic,On Roadway,Rear-end (front to rear),Ran Traffic Signal,None Indicated,,Daylight,Dry,Clear,None apparent,Intersection:  Four-way intersection,Paved,,Property Damage Only,0,0,0,0,0,0,5500,2,2,,POINT (-93.600562715852 41.70285829484)
2014805889,S14-6275,06/25/2014,06-June,4-Wednesday,19:53,1900 Hours,District 3 (Northwest),SALIX,WOODBURY,I-29,I-29,Non-collision events:  Overturn/rollover,On Roadway,Non-collision (single vehicle),Separation of units,None Indicated,,Daylight,Dry,Clear,None apparent,"Interchange-related:  Off-ramp, diverge area",Paved,,Property Damage Only,0,0,0,0,0,0,2500,1,1,,POINT (-96.302384566942 42.306648403674)
2014809952,14-4668PD,06/26/2014,06-June,5-Thursday,06:56,0600 Hours,District 1 (Central),BOONE,BOONE,,1ST ST & S JACKSON ST,Collision with:  Vehicle in traffic,On Roadway,Rear-end (front to rear),FTYROW:  From driveway,None Indicated,,Daylight,Wet,Rain,None apparent,Non-intersection:  Driveway access (within),Paved,,Property Damage Only,0,0,0,0,0,0,3500,2,2,,POINT (-93.867561907981 42.05659491271)
2014805429,14-11760,06/26/2014,06-June,5-Thursday,20:33,2000 Hours,District 2 (Northeast),,BREMER,US 63,US 63,Collision with:  Animal,,,Animal,None Indicated,,,,,,,Paved,,Property Damage Only,0,0,0,0,0,0,2500,1,1,,POINT (-92.337196332411 42.655466425988)
2014805714,2014037460,06/26/2014,06-June,5-Thursday,10:19,1000 Hours,District 1 (Central),,HARDIN,US 20,US 20,Collision with:  Vehicle in traffic,On Roadway,Rear-end (front to rear),Swerving/Evasive Action,None Indicated,,Daylight,Dry,Clear,Work Zone (roadway-related),Non-intersection:  Non-junction/no special feature,Paved,Yes,Minor Injury,0,1,0,1,0,0,39000,2,2,,POINT (-93.23186325626 42.448295944499)
2014805275,201409086,06/26/2014,06-June,5-Thursday,17:05,1700 Hours,District 6 (East Central),CEDAR RAPIDS,LINN,IA 922,IA 922/WILLIAMS BLVD,Collision with:  Vehicle in traffic,On Roadway,Rear-end (front to rear),Other (explain in narrative):  Other,None Indicated,,Daylight,Dry,Cloudy,None apparent,Intersection:  Four-way intersection,Paved,,Property Damage Only,0,0,0,0,0,0,4000,2,2,,POINT (-91.708709959347 41.963283726711)
2014805042,06-14-209,06/26/2014,06-June,5-Thursday,03:42,0300 Hours,District 3 (Northwest),LE MARS,PLYMOUTH,,24TH ST SW,Collision with:  Animal,On Roadway,Non-collision (single vehicle),Animal,None Indicated,,Dark - roadway lighted,Dry,Clear,None apparent,Non-intersection:  Non-junction/no special feature,Paved,,Property Damage Only,0,0,0,0,0,0,4000,1,1,,POINT (-96.212191540649 42.764043832149)
2014810308,14V06175,06/26/2014,06-June,5-Thursday,15:35,1500 Hours,District 6 (East Central),VINTON,BENTON,IA 150,IA 150/S C AVE & W 8TH ST,Collision with:  Vehicle in traffic,On Roadway,Rear-end (front to rear),Followed too close,None Indicated,,Daylight,Dry,Clear,None apparent,Intersection:  Four-way intersection,Paved,,Property Damage Only,0,0,0,0,0,0,2100,2,3,,POINT (-92.027834558165 42.163805800718)
2014805061,20140018056,06/26/2014,06-June,5-Thursday,06:45,0600 Hours,District 1 (Central),DES MOINES,POLK,,SE 5TH ST,Collision with:  Animal,On Roadway,Non-collision (single vehicle),Animal,None Indicated,,Daylight,Wet,Cloudy,None apparent,Non-intersection:  Non-junction/no special feature,Paved,,Minor Injury,0,1,0,1,0,0,1000,1,1,,POINT (-93.606454728183 41.523763906679)
2014805306,20140018115,06/26/2014,06-June,5-Thursday,16:46,1600 Hours,District 1 (Central),DES MOINES,POLK,,FLEUR DR,Collision with:  Vehicle in traffic,On Roadway,Rear-end (front to rear),Followed too close,None Indicated,,Daylight,Dry,Cloudy,None apparent,Non-intersection:  Non-junction/no special feature,Paved,,Property Damage Only,0,0,0,0,0,0,1900,3,3,,POINT (-93.645032265634 41.564339122479)
2014805316,14-026420,06/26/2014,06-June,5-Thursday,11:43,1100 Hours,District 4 (Southwest),COUNCIL BLUFFS,POTTAWATTAMIE,,9TH AVE & S 7TH ST,Collision with:  Vehicle in traffic,On Roadway,Broadside (front to side),Ran Stop Sign,None Indicated,,Daylight,Dry,Cloudy,None apparent,Intersection:  Four-way intersection,Paved,,Property Damage Only,0,0,0,0,0,0,2500,2,3,,POINT (-95.854782518124 41.253342990188)
2014806890,2014-42754,06/26/2014,06-June,5-Thursday,14:03,1400 Hours,District 6 (East Central),DAVENPORT,SCOTT,,W 4 1/2 ST & MARQUETTE ST,Collision with:  Parked motor vehicle,On Roadway,Head-on (front to front),Lost Control,None Indicated,,Daylight,Unknown,Unknown,Unknown,Non-intersection:  Other non-intersection (explain in narrative),Paved,,Property Damage Only,0,0,0,0,0,0,5000,2,1,,POINT (-90.590909528301 41.524126558812)
2014810075,2014006365,06/26/2014,06-June,5-Thursday,12:46,1200 Hours,District 1 (Central),MARSHALLTOWN,MARSHALL,IA 14,IA 14/S CENTER ST,Collision with:  Vehicle in traffic,On Roadway,Broadside (front to side),FTYROW:  At uncontrolled intersection,None Indicated,,Daylight,Wet,Rain,None apparent,Non-intersection:  Non-junction/no special feature,Paved,,Property Damage Only,0,0,0,0,0,0,1500,2,3,,POINT (-92.912381511854 42.011925379756)
2014805456,14003798,06/26/2014,06-June,5-Thursday,17:38,1700 Hours,District 3 (Northwest),CHEROKEE,CHEROKEE,,590TH ST & R AVE,Collision with:  Vehicle in traffic,On Roadway,Broadside (front to side),Swerving/Evasive Action,None Indicated,,Daylight,"Mud, dirt",Clear,None apparent,Intersection:  Four-way intersection,Unpaved,,Property Damage Only,0,0,0,0,0,0,55000,2,3,,POINT (-95.525266983458 42.662464948555)
2014810309,14V06179,06/26/2014,06-June,5-Thursday,19:21,1900 Hours,District 6 (East Central),VINTON,BENTON,,,Collision with fixed object:  Tree,On Roadway,Non-collision (single vehicle),"Operating vehicle in an reckless, erratic, careless, negligent manner",None Indicated,,Daylight,Dry,Clear,None apparent,Non-intersection:  Non-junction/no special feature,,,Minor Injury,0,2,0,2,0,0,5000,1,3,,POINT (-96.643700149993 40.233091251414)
2014805282,14013244,06/26/2014,06-June,5-Thursday,23:48,2300 Hours,District 6 (East Central),MARION,LINN,IA 100,IA 100/COLLINS RD SE & E POST RD,Collision with:  Vehicle in traffic,On Roadway,"Sideswipe, opposite direction",Ran Traffic Signal,None Indicated,,Dark - roadway lighted,Dry,Clear,None apparent,Intersection:  Four-way intersection,Paved,,Possible/Unknown,0,2,0,0,2,0,8000,2,2,,POINT (-91.599335913632 42.015355151578)
2014805401,,06/26/2014,06-June,5-Thursday,22:12,2200 Hours,District 4 (Southwest),STANTON,MONTGOMERY,,HALLAND AVE,Collision with fixed object:  Tree,Outside trafficway,Non-collision (single vehicle),"Operating vehicle in an reckless, erratic, careless, negligent manner",None Indicated,,Dark - unknown roadway lighting,Other (explain in narrative),Cloudy,None apparent,Non-intersection:  Other non-intersection (explain in narrative),Paved,,Property Damage Only,0,0,0,0,0,0,3000,1,1,,POINT (-95.099159555643 40.978685376426)
2014809420,2014-42696,06/26/2014,06-June,5-Thursday,12:00,1200 Hours,District 6 (East Central),DAVENPORT,SCOTT,,W 53RD ST,Collision with:  Vehicle in traffic,On Roadway,Rear-end (front to rear),Followed too close,None Indicated,,Daylight,Dry,Clear,None apparent,Non-intersection:  Non-junction/no special feature,Paved,,Property Damage Only,0,0,0,0,0,0,2000,2,3,,POINT (-90.573060719675 41.574529099716)
2014804997,1406262771,06/26/2014,06-June,5-Thursday,06:10,0600 Hours,District 6 (East Central),,CLINTON,,460 AVE,Non-collision events:  Overturn/rollover,Outside trafficway,Non-collision (single vehicle),Ran off road - left,None Indicated,,Dawn,"Mud, dirt",Cloudy,None apparent,Non-intersection:  Non-junction/no special feature,Unpaved,,Possible/Unknown,0,1,0,0,1,0,6040,1,1,,POINT (-90.208618111055 42.030168137555)
2014805298,20140018106,06/26/2014,06-June,5-Thursday,16:05,1600 Hours,District 1 (Central),DES MOINES,POLK,,MULBERRY ST & 9TH ST,Collision with:  Vehicle in traffic,On Roadway,"Angle, oncoming left turn",FTYROW:  Making left turn,None Indicated,,Daylight,Wet,Cloudy,None apparent,Intersection:  Four-way intersection,Paved,,Property Damage Only,0,0,0,0,0,0,5000,2,2,,POINT (-93.628062611788 41.584222044223)
2014807588,06262014,06/26/2014,06-June,5-Thursday,11:05,1100 Hours,District 3 (Northwest),SAC CITY,SAC,,PARK AVE & HIGHLAND AVE,Collision with:  Vehicle in traffic,On Roadway,Broadside (front to side),FTYROW:  From yield sign,None Indicated,,Daylight,Dry,Clear,None apparent,Intersection:  T-intersection,Paved,,Property Damage Only,0,0,0,0,0,0,7000,2,2,,POINT (-94.977982483247 42.420060642443)
2014810290,2014-6702,06/26/2014,06-June,5-Thursday,22:09,2200 Hours,District 3 (Northwest),,SAC,US 71,US 71/KARR AVE,Collision with:  Animal,,,Animal,None Indicated,,,,,,,Paved,,Property Damage Only,0,0,0,0,0,0,2500,1,1,,POINT (-95.15088599772 42.513014787775)
2014805983,S14-002385,06/26/2014,06-June,5-Thursday,23:31,2300 Hours,District 4 (Southwest),,POTTAWATTAMIE,,185TH ST,Non-collision events:  Overturn/rollover,Shoulder,Non-collision (single vehicle),Ran off road - left,Alcohol (Statutory),,Dark - roadway not lighted,Dry,Clear,None apparent,Non-intersection:  Non-junction/no special feature,Unpaved,,Fatal,1,0,0,0,0,0,10100,1,1,,POINT (-95.840360169319 41.445821645467)
2014805814,02-14-9626,06/26/2014,06-June,5-Thursday,10:18,1000 Hours,District 6 (East Central),,DUBUQUE,US 52,US 52,Collision with fixed object:  Ditch,Shoulder,Non-collision (single vehicle),Ran off road - right,None Indicated,,Daylight,Dry,Cloudy,None apparent,Non-intersection:  Non-junction/no special feature,Paved,,Property Damage Only,0,0,0,0,0,0,20000,1,1,,POINT (-90.910548037595 42.585995948007)
2014808293,14-019109,06/26/2014,06-June,5-Thursday,19:09,1900 Hours,District 5 (Southeast),,LEE,,CHALK RIDGE RD,Collision with:  Animal,,,Animal,None Indicated,,,,,,,Paved,,Property Damage Only,0,0,0,0,0,0,1500,1,1,,POINT (-91.359284945831 40.645604344911)
2014816759,01-14-27727,06/26/2014,06-June,5-Thursday,02:10,0200 Hours,District 6 (East Central),DUBUQUE,DUBUQUE,,UNIVERSITY AVE & LORAS BLVD,Collision with fixed object:  Utility pole/light support,On Roadway,Non-collision (single vehicle),Lost Control,Alcohol (Statutory),,Dark - roadway lighted,Dry,Cloudy,None apparent,Intersection:  T-intersection,Paved,,Minor Injury,0,1,0,1,0,0,2500,1,1,,POINT (-90.693322803337 42.49910519864)
2014805876,14-000761,06/26/2014,06-June,5-Thursday,16:50,1600 Hours,District 1 (Central),,STORY,,Co Rd R70/580TH AVE,Collision with:  Non-motorist (see non-motorist section - NOT a unit),On Roadway,Non-collision (single vehicle),Ran off road - left,None Indicated,,Daylight,Dry,Cloudy,None apparent,Non-intersection:  Non-junction/no special feature,Paved,,Fatal,1,1,0,0,1,0,1500,1,1,,POINT (-93.54097464978 41.939099107907)
2014805745,,06/26/2014,06-June,5-Thursday,10:01,1000 Hours,District 6 (East Central),CEDAR RAPIDS,LINN,,MT VERNON RD SE & 15TH ST SE,Collision with:  Vehicle in traffic,On Roadway,"Sideswipe, same direction",Unknown,None Indicated,,Daylight,Dry,Clear,,Intersection:  T-intersection,Paved,,Property Damage Only,0,0,0,0,0,0,8000,2,4,,POINT (-91.649546391107 41.977418544433)
2014805544,20140018123,06/26/2014,06-June,5-Thursday,19:03,1900 Hours,District 1 (Central),DES MOINES,POLK,US 6,US 6/EUCLID AVE,Collision with:  Vehicle in traffic,On Roadway,Rear-end (front to rear),Followed too close,None Indicated,,Daylight,Dry,Clear,None apparent,Non-intersection:  Non-junction/no special feature,Paved,,Property Damage Only,0,0,0,0,0,0,3500,3,3,,POINT (-93.620393149649 41.627705526198)
2014805289,14-02757,06/26/2014,06-June,5-Thursday,17:44,1700 Hours,District 1 (Central),ANKENY,POLK,,W 1ST ST & NW ASH DR & SW CHERRY ST,Collision with:  Vehicle in traffic,On Roadway,Broadside (front to side),FTYROW:  Making left turn,None Indicated,,Daylight,Dry,Clear,None apparent,Intersection:  Four-way intersection,Paved,,Possible/Unknown,0,1,0,0,1,0,4500,2,3,,POINT (-93.607230154004 41.731907034617)
2014805638,2014-42749,06/26/2014,06-June,5-Thursday,14:10,1400 Hours,District 6 (East Central),DAVENPORT,SCOTT,,W 13TH ST & MAIN ST,Collision with:  Vehicle in traffic,On Roadway,Broadside (front to side),FTYROW:  From stop sign,None Indicated,,Daylight,Dry,Cloudy,None apparent,Intersection:  Four-way intersection,Paved,,Property Damage Only,0,0,0,0,0,0,3500,2,3,,POINT (-90.575503953004 41.532935134905)
2014805292,20140018082,06/26/2014,06-June,5-Thursday,12:47,1200 Hours,District 1 (Central),DES MOINES,POLK,,SW 9TH ST,Collision with:  Vehicle in traffic,On Roadway,Rear-end (front to rear),Other (explain in narrative):  Other,None Indicated,,Daylight,Wet,Rain,"Surface condition (e.g., wet, icy)",Non-intersection:  Non-junction/no special feature,Paved,,Property Damage Only,0,0,0,0,0,0,3000,2,2,,POINT (-93.625738548876 41.552249859048)
2014805239,201402894,06/26/2014,06-June,5-Thursday,18:37,1800 Hours,District 1 (Central),,BOONE,US 30,US 30/230TH ST & X AVE,Collision with:  Animal,On Roadway,Non-collision (single vehicle),Animal,None Indicated,,Daylight,Dry,Cloudy,None apparent,Non-intersection:  Non-junction/no special feature,Paved,,Property Damage Only,0,0,0,0,0,0,1500,1,1,,POINT (-93.718310588072 42.020330073454)
2014806036,14-0360,06/26/2014,06-June,5-Thursday,16:10,1600 Hours,District 1 (Central),,WEBSTER,IA 175,IA 175/IOWA 175,Collision with:  Animal,,,Animal,None Indicated,,,,,,,Paved,,Property Damage Only,0,0,0,0,0,0,3500,1,1,,POINT (-94.030906304999 42.246023930936)
2014805300,20140018091,06/26/2014,06-June,5-Thursday,13:26,1300 Hours,District 1 (Central),DES MOINES,POLK,,31ST ST,Collision with:  Vehicle in traffic,On Roadway,Rear-end (front to rear),Driving too fast for conditions,None Indicated,,Daylight,Wet,Rain,None apparent,Non-intersection:  Non-junction/no special feature,Paved,,Property Damage Only,0,0,0,0,0,0,4000,2,3,,POINT (-93.65938554493 41.59710716675)
2014805280,201409085,06/26/2014,06-June,5-Thursday,17:01,1700 Hours,District 6 (East Central),CEDAR RAPIDS,LINN,,E AVE NW,Collision with:  Non-motorist (see non-motorist section - NOT a unit),On Roadway,Non-collision (single vehicle),Other (explain in narrative):  No improper action,None Indicated,,Daylight,Dry,Cloudy,None apparent,Non-intersection:  Driveway access (within),Paved,,Minor Injury,0,1,0,1,0,0,50,1,1,,POINT (-91.68532201278 41.978014005856)
2014805317,14-026481,06/26/2014,06-June,5-Thursday,20:20,2000 Hours,District 4 (Southwest),COUNCIL BLUFFS,POTTAWATTAMIE,,HARRY LANGDON BLVD & GALLAUDET DR,Collision with:  Vehicle in traffic,On Roadway,Rear-end (front to rear),Followed too close,None Indicated,,Daylight,Wet,Clear,None apparent,Intersection:  Four-way intersection,Paved,,Possible/Unknown,0,1,0,0,1,0,5600,2,2,,POINT (-95.822961991572 41.225271646603)
2014805716,2014037604,06/26/2014,06-June,5-Thursday,22:15,2200 Hours,District 3 (Northwest),,OSCEOLA,IA 9,IA 9/IOWA 9,Collision with:  Animal,,,Animal,None Indicated,,,,,,,Paved,,Property Damage Only,0,0,0,0,0,0,5000,1,1,,POINT (-95.672233429346 43.432736281526)
2014805296,20140018093,06/26/2014,06-June,5-Thursday,13:56,1300 Hours,District 1 (Central),DES MOINES,POLK,,GUTHRIE AVE & DELAWARE AVE,Collision with:  Vehicle in traffic,On Roadway,Broadside (front to side),Ran Traffic Signal,None Indicated,,Daylight,Wet,Rain,None apparent,Intersection:  Four-way intersection,Paved,,Minor Injury,0,1,0,1,0,0,4000,2,2,,POINT (-93.581263460307 41.615047754313)
2014805908,2014037473,06/26/2014,06-June,5-Thursday,11:00,1100 Hours,District 1 (Central),DES MOINES,POLK,I-80,I-80,Collision with:  Other non-fixed object (explain in narrative),On Roadway,Non-collision (single vehicle),Cargo/equipment loss or shift,None Indicated,,Daylight,Wet,Rain,None apparent,Non-intersection:  Non-junction/no special feature,Paved,,Property Damage Only,0,0,0,0,0,0,2300,2,7,,POINT (-93.553534036685 41.655338676623)
2014804992,14003782,06/26/2014,06-June,5-Thursday,00:05,0000 Hours,District 2 (Northeast),,CERRO GORDO,US 65,US 65,Collision with:  Animal,,,Animal,None Indicated,,,,,,,Paved,,Property Damage Only,0,0,0,0,0,0,3000,1,1,,POINT (-93.201723072757 42.996690307014)
2014805293,20140018140,06/26/2014,06-June,5-Thursday,22:40,2200 Hours,District 1 (Central),DES MOINES,POLK,,FOUR MILE DR & E 39TH ST,Collision with fixed object:  Guardrail - face,Shoulder,Non-collision (single vehicle),Swerving/Evasive Action,None Indicated,,Dark - unknown roadway lighting,Wet,Rain,Other (explain in narrative),Non-intersection:  Non-junction/no special feature,Paved,,Property Damage Only,0,0,0,0,0,0,3250,1,1,,POINT (-93.539123267704 41.609389395089)
2014806023,14-003027,06/26/2014,06-June,5-Thursday,15:01,1500 Hours,District 1 (Central),AMES,STORY,US 69,US 69/LINCOLN WAY & S SHERMAN AVE,Collision with:  Vehicle in traffic,On Roadway,"Angle, oncoming left turn",FTYROW:  Making left turn,None Indicated,,Daylight,Wet,Cloudy,None apparent,Intersection:  Four-way intersection,Paved,,Property Damage Only,0,0,0,0,0,0,2000,2,2,,POINT (-93.612129126063 42.022899877498)
2014805863,14-0713,06/26/2014,06-June,5-Thursday,15:37,1500 Hours,District 1 (Central),PLEASANT HILL,POLK,IA 163,IA 163/E UNIVERSITY AVE/NE UNIVERSITY AVE & NE 70TH ST,Collision with:  Vehicle in traffic,On Roadway,"Sideswipe, same direction",FTYROW:  Making right turn on red signal,None Indicated,,Daylight,Dry,Clear,None apparent,Intersection:  Four-way intersection,Paved,,Property Damage Only,0,0,0,0,0,0,1600,2,2,,POINT (-93.469442048788 41.599426781373)
2014805373,2014037449,06/26/2014,06-June,5-Thursday,09:58,0900 Hours,District 5 (Southeast),BEVINGTON,WARREN,IA 92,IA 92/IOWA 92 & WARREN ST/10TH AVE,Collision with:  Vehicle in traffic,On Roadway,Rear-end (front to rear),Lost Control,None Indicated,,Daylight,Wet,Rain,None apparent,Intersection:  Four-way intersection,Paved,,Property Damage Only,0,0,0,0,0,0,5000,2,6,,POINT (-93.790331629359 41.360396244348)
2014805071,14-2994,06/26/2014,06-June,5-Thursday,14:21,1400 Hours,District 1 (Central),WEST DES MOINES,POLK,,NW 114TH ST & UNIVERSITY AVE & 50TH ST,Collision with:  Vehicle in traffic,On Roadway,Rear-end (front to rear),Driver Distraction:  Passenger,None Indicated,,Daylight,Water (standing or moving),Rain,"Surface condition (e.g., wet, icy)",Intersection:  Four-way intersection,Paved,,Property Damage Only,0,0,0,0,0,0,5500,2,4,,POINT (-93.771330018051 41.600445833471)
2014805351,14-1898,06/26/2014,06-June,5-Thursday,16:00,1600 Hours,District 1 (Central),FORT DODGE,WEBSTER,,6TH AVE N & N 13TH ST,Collision with:  Non-motorist (see non-motorist section - NOT a unit),On Roadway,Non-collision (single vehicle),Other (explain in narrative):  No improper action,None Indicated,,Daylight,Dry,Clear,None apparent,Non-intersection:  Non-junction/no special feature,Paved,,Possible/Unknown,0,1,0,0,1,0,500,1,1,,POINT (-94.18118938093 42.51187848887)
2014808086,2014037391,06/26/2014,06-June,5-Thursday,02:15,0200 Hours,District 2 (Northeast),,CERRO GORDO,I-35,I-35,Collision with:  Animal,On Roadway,Non-collision (single vehicle),Animal,None Indicated,,Dark - roadway not lighted,Dry,Clear,None apparent,Non-intersection:  Non-junction/no special feature,Paved,,Property Damage Only,0,0,0,0,0,0,4000,1,2,,POINT (-93.350743209162 42.942840212997)
2014805242,062614-153,06/26/2014,06-June,5-Thursday,18:04,1800 Hours,District 3 (Northwest),STORM LAKE,BUENA VISTA,,CHAUTAUQUA PARK DR,Collision with fixed object:  Ditch,Outside trafficway,Non-collision (single vehicle),Ran off road - left,None Indicated,,Daylight,Wet,Rain,None apparent,Intersection:  Four-way intersection,Paved,,Possible/Unknown,0,2,0,0,2,0,15000,1,2,,POINT (-95.198509377617 42.635914044155)
2014806726,14000295,06/26/2014,06-June,5-Thursday,22:19,2200 Hours,District 5 (Southeast),ALBIA,MONROE,IA 5,IA 5/IOWA 5,Non-collision events:  Other non-collision (explain in narrative),On Roadway,Non-collision (single vehicle),Other (explain in narrative):  No improper action,None Indicated,,Dark - roadway lighted,"Mud, dirt",Cloudy,Debris,Non-intersection:  Non-junction/no special feature,Paved,,Minor Injury,0,1,0,1,0,0,200,1,1,,POINT (-92.808992308059 41.01253378114)
2014808292,14-019096,06/26/2014,06-June,5-Thursday,17:43,1700 Hours,District 5 (Southeast),,LEE,,Co Rd J48/180 ST,Non-collision events:  Other non-collision (explain in narrative),Shoulder,Non-collision (single vehicle),Ran off road - right,None Indicated,,Daylight,Dry,Cloudy,None apparent,Non-intersection:  Non-junction/no special feature,Paved,,Possible/Unknown,0,1,0,0,1,0,1500,1,1,,POINT (-91.369116342626 40.696432774448)
2014812288,2014-5336,06/26/2014,06-June,5-Thursday,07:17,0700 Hours,District 6 (East Central),ELDRIDGE,SCOTT,,FISHER CT & S 1ST ST,Collision with:  Vehicle in traffic,On Roadway,Rear-end (front to rear),Followed too close,None Indicated,,Daylight,Dry,Clear,None apparent,Intersection:  T-intersection,Paved,,Property Damage Only,0,0,0,0,0,0,3000,2,2,,POINT (-90.579642305768 41.630128886858)