Iowa DOT Case Number,Law Enforcement Case Number,Date of Crash,Month of Crash,Day of Week,Time of Crash,Hour,DOT District,City Name,County Name,Route with System,Location Description,First Harmful Event,Location of First Harmful Event,Manner of Crash/Collision,Major Cause,Drug or Alcohol ,Environmental Conditions,Light Conditions,Surface Conditions,Weather Conditions,Roadway Contribution,Roadway Type,Roadway Surface,Work Zone,Crash Severity,Number of Fatalities,Number of Injuries,Number of Major Injuries,Number of Minor Injuries,Number of Possible Injuries,Number of Unknown Injuries,Amount of Property Damage,Number of Vehicles Involved,Total Number of Occupants,Travel Direction,Location
2014805416,W14-063843,06/26/2014,06-June,5-Thursday,17:41,1700 Hours,District 2 (Northeast),WATERLOO,BLACK HAWK,,W RIDGEWAY AVE & BELLAIRE RD,Collision with:  Vehicle in traffic,On Roadway,"Sideswipe, same direction",FTYROW:  Other (explain in narrative),None Indicated,,Daylight,Dry,Clear,None apparent,Intersection:  T-intersection,Paved,,Property Damage Only,0,0,0,0,0,0,6000,2,8,,POINT (-92.358285572721 42.469392996108)
2014805503,201402190,06/26/2014,06-June,5-Thursday,14:57,1400 Hours,District 6 (East Central),,LINN,,Co Rd E40/LONE TREE RD & Co Rd W36/COVINGTON RD,Collision with:  Vehicle in traffic,On Roadway,Rear-end (front to rear),Other (explain in narrative):  Other,None Indicated,,Daylight,Dry,Cloudy,None apparent,Non-intersection:  Non-junction/no special feature,Paved,,Property Damage Only,0,0,0,0,0,0,7500,2,2,,POINT (-91.785620258109 42.029735161646)
2014805281,201409088,06/26/2014,06-June,5-Thursday,18:17,1800 Hours,District 6 (East Central),CEDAR RAPIDS,LINN,,3RD AVE SW & 11TH ST SW,Collision with:  Vehicle in traffic,On Roadway,Broadside (front to side),Unknown,None Indicated,,Daylight,Dry,Clear,None apparent,Intersection:  Four-way intersection,Paved,,Property Damage Only,0,0,0,0,0,0,2000,2,6,,POINT (-91.685037274683 41.970733529284)
2014806309,P14-007572,06/26/2014,06-June,5-Thursday,23:14,2300 Hours,District 1 (Central),WEBSTER CITY,HAMILTON,,E 2ND ST,Non-collision events:  Other non-collision (explain in narrative),On Roadway,Non-collision (single vehicle),Swerving/Evasive Action,None Indicated,,Dark - roadway lighted,Wet,Rain,"Surface condition (e.g., wet, icy)",Non-intersection:  Non-junction/no special feature,Paved,,Minor Injury,0,1,0,1,0,0,100,1,1,,POINT (-93.809461903602 42.469375710813)
2014805056,20140018076,06/26/2014,06-June,5-Thursday,11:25,1100 Hours,District 1 (Central),DES MOINES,POLK,I-235,I-235 & 19TH ST,Collision with:  Vehicle in traffic,On Roadway,Broadside (front to side),Ran Traffic Signal,None Indicated,,Daylight,Wet,Rain,None apparent,Intersection:  Four-way intersection,Paved,,Property Damage Only,0,0,0,0,0,0,10000,2,3,,POINT (-93.642531341397 41.596373932253)
2014805399,,06/26/2014,06-June,5-Thursday,07:22,0700 Hours,District 2 (Northeast),,BUTLER,IA 3,IA 3/IOWA 3,Collision with fixed object:  Ditch,Shoulder,Non-collision (single vehicle),Crossed centerline (undivided),None Indicated,,Daylight,Dry,Clear,None apparent,Non-intersection:  Non-junction/no special feature,Paved,,Property Damage Only,0,0,0,0,0,0,2200,1,2,,POINT (-92.561710454887 42.714919505328)
2014808109,,06/26/2014,06-June,5-Thursday,01:50,0100 Hours,District 3 (Northwest),,PLYMOUTH,US 75,US 75,Collision with fixed object:  Guardrail - face,Roadside,Non-collision (single vehicle),Unknown,None Indicated,,Dark - unknown roadway lighting,,,,,Paved,,Possible/Unknown,0,1,0,0,0,1,8188,1,1,,POINT (-96.242550017394 42.723820418096)
2014805792,14-21828,06/26/2014,06-June,5-Thursday,14:32,1400 Hours,District 5 (Southeast),BURLINGTON,DES MOINES,,MASON RD,Collision with:  Vehicle in traffic,On Roadway,"Sideswipe, opposite direction",Over correcting/over steering,None Indicated,,Daylight,Dry,Cloudy,None apparent,Non-intersection:  Non-junction/no special feature,Paved,,Property Damage Only,0,0,0,0,0,0,2500,2,2,,POINT (-91.137276871312 40.794722449027)
2014815071,144452,06/26/2014,06-June,5-Thursday,10:41,1000 Hours,District 4 (Southwest),,DALLAS,,Co Rd R16/R AVE,Collision with:  Vehicle in traffic,On Roadway,"Sideswipe, same direction",Other (explain in narrative):  Other,None Indicated,,Daylight,Wet,Rain,None apparent,Non-intersection:  Driveway access (within),Paved,,Possible/Unknown,0,1,0,0,1,0,5000,2,2,,POINT (-93.954731185511 41.552150595052)
2014805303,20140018131,06/26/2014,06-June,5-Thursday,20:36,2000 Hours,District 1 (Central),DES MOINES,POLK,,INGERSOLL AVE,Collision with:  Non-motorist (see non-motorist section - NOT a unit),On Roadway,Non-collision (single vehicle),Unknown,None Indicated,,Dark - roadway lighted,Wet,Rain,None apparent,Non-intersection:  Driveway access (within),Paved,,Minor Injury,0,1,0,1,0,0,0,1,1,,POINT (-93.649083994327 41.58570857933)
2014805311,14-1405,06/26/2014,06-June,5-Thursday,16:40,1600 Hours,District 1 (Central),URBANDALE,POLK,,AURORA AVE & 70TH ST,Collision with fixed object:  Other fixed object (explain in narrative),On Roadway,Non-collision (single vehicle),Other (explain in narrative):  Other,None Indicated,,Daylight,Dry,Clear,Work Zone (roadway-related),Intersection:  Four-way intersection,Paved,Yes,Property Damage Only,0,0,0,0,0,0,40000,1,1,,POINT (-93.71223308931 41.636648717885)
2014805070,14-2991,06/26/2014,06-June,5-Thursday,12:15,1200 Hours,District 1 (Central),WEST DES MOINES,POLK,,22ND ST,Collision with:  Vehicle in traffic,On Roadway,Rear-end (front to rear),Followed too close,None Indicated,,Daylight,Wet,Rain,"Surface condition (e.g., wet, icy)",Non-intersection:  Non-junction/no special feature,Paved,,Minor Injury,0,1,0,1,0,0,3500,2,4,,POINT (-93.7360607531 41.59606536615)
2014805515,1400000556,06/26/2014,06-June,5-Thursday,00:01,0000 Hours,District 1 (Central),,MARSHALL,US 30,US 30/240TH ST,Collision with:  Animal,,,Animal,None Indicated,,,,,,,Paved,,Property Damage Only,0,0,0,0,0,0,3000,1,1,,POINT (-92.985194694633 42.00730142373)
2014805301,20140018109,06/26/2014,06-June,5-Thursday,16:51,1600 Hours,District 1 (Central),DES MOINES,POLK,,INGERSOLL AVE,Collision with:  Vehicle in traffic,On Roadway,Rear-end (front to rear),"Operating vehicle in an reckless, erratic, careless, negligent manner",None Indicated,,Daylight,Wet,Cloudy,None apparent,Non-intersection:  Non-junction/no special feature,Paved,,Minor Injury,0,1,0,1,0,0,1400,2,2,,POINT (-93.651867079147 41.585683825307)
2014806024,14-003031,06/26/2014,06-June,5-Thursday,17:49,1700 Hours,District 1 (Central),AMES,STORY,,SE 16TH ST,Collision with:  Animal,On Roadway,Non-collision (single vehicle),Animal,None Indicated,,Daylight,Dry,Cloudy,None apparent,Non-intersection:  Non-junction/no special feature,Unpaved,,Property Damage Only,0,0,0,0,0,0,2000,1,3,,POINT (-93.594853067991 42.008309965491)
2014805403,,06/26/2014,06-June,5-Thursday,19:20,1900 Hours,District 6 (East Central),DE WITT,CLINTON,,11TH ST,Collision with:  Vehicle in traffic,On Roadway,Broadside (front to side),FTYROW:  Other (explain in narrative),None Indicated,,Daylight,Wet,Rain,None apparent,Non-intersection:  Driveway access (within),Paved,,Property Damage Only,0,0,0,0,0,0,5000,2,3,,POINT (-90.550154351578 41.825729739704)
2014805748,,06/26/2014,06-June,5-Thursday,16:40,1600 Hours,District 1 (Central),,POLK,US 65,US 65,Collision with:  Animal,On Roadway,Non-collision (single vehicle),Animal,None Indicated,,Daylight,,Cloudy,,Non-intersection:  Non-junction/no special feature,Paved,,Property Damage Only,0,0,0,0,0,0,2250,1,1,,POINT (-93.41265548565 41.726744808014)
2014805640,2014-42774,06/26/2014,06-June,5-Thursday,15:38,1500 Hours,District 6 (East Central),DAVENPORT,SCOTT,,W 14TH ST & N DIVISION ST,Collision with:  Animal,On Roadway,Non-collision (single vehicle),Animal,None Indicated,,Daylight,Dry,Clear,None apparent,Non-intersection:  Non-junction/no special feature,Paved,,Property Damage Only,0,0,0,0,0,0,3000,1,1,,POINT (-90.601244588063 41.533736434194)
2014805626,14-11934,06/26/2014,06-June,5-Thursday,16:43,1600 Hours,District 6 (East Central),BETTENDORF,SCOTT,,MIDDLE RD,Collision with:  Vehicle in traffic,On Roadway,Rear-end (front to rear),Followed too close,None Indicated,,Daylight,Wet,Cloudy,None apparent,Non-intersection:  Driveway access (within),Paved,,Property Damage Only,0,0,0,0,0,0,12500,2,2,,POINT (-90.459488506805 41.590203887987)
2014805246,144473,06/26/2014,06-June,5-Thursday,21:22,2100 Hours,District 4 (Southwest),,DALLAS,IA 141,IA 141/141ST ST,Collision with:  Animal,,,Animal,None Indicated,,,,,,,Paved,,Property Damage Only,0,0,0,0,0,0,5000,1,1,,POINT (-93.980707608592 41.834841701434)
2014805752,14063822,06/26/2014,06-June,5-Thursday,16:43,1600 Hours,District 2 (Northeast),CEDAR FALLS,BLACK HAWK,IA 57,IA 57/1ST ST,Collision with:  Vehicle in traffic,On Roadway,Rear-end (front to rear),Driver Distraction:  Inattentive/lost in thought,None Indicated,,Daylight,Dry,Cloudy,None apparent,Non-intersection:  Non-junction/no special feature,Paved,,Minor Injury,0,2,0,2,0,0,6500,3,3,,POINT (-92.451439151003 42.537834738133)
2014805480,14-933,06/26/2014,06-June,5-Thursday,12:30,1200 Hours,District 3 (Northwest),SPIRIT LAKE,DICKINSON,US 71,US 71/18TH ST & HILL AVE,Collision with:  Vehicle in traffic,On Roadway,Rear-end (front to rear),Followed too close,None Indicated,,Daylight,Dry,Cloudy,None apparent,Intersection:  Four-way intersection,Paved,,Minor Injury,0,1,0,1,0,0,7500,2,2,,POINT (-95.102274707312 43.422635664958)
2014819593,2014037504,06/26/2014,06-June,5-Thursday,13:15,1300 Hours,District 1 (Central),,POLK,,,Collision with fixed object:  Guardrail - face,On Roadway,Non-collision (single vehicle),Driving too fast for conditions,None Indicated,,Daylight,Wet,Rain,None apparent,Interchange-related:  On-ramp merge area,,,Property Damage Only,0,0,0,0,0,0,3500,1,2,,POINT (-96.643700149993 40.233091251414)
2014805636,2014-42848,06/26/2014,06-June,5-Thursday,21:06,2100 Hours,District 6 (East Central),DAVENPORT,SCOTT,,E 53RD ST & ELMORE CIR,Collision with:  Vehicle in traffic,On Roadway,Rear-end (front to rear),Followed too close,None Indicated,,Dark - roadway lighted,Dry,Cloudy,None apparent,Intersection:  T-intersection,Paved,,Minor Injury,0,1,0,1,0,0,7000,2,2,,POINT (-90.531058093121 41.574850181292)
2014805910,2014037538,06/26/2014,06-June,5-Thursday,16:54,1600 Hours,District 1 (Central),,POLK,I-35,I-35,Collision with:  Vehicle in traffic,On Roadway,Rear-end (front to rear),Followed too close,None Indicated,,Daylight,Wet,Cloudy,None apparent,Non-intersection:  Non-junction/no special feature,Paved,,Property Damage Only,0,0,0,0,0,0,4500,2,2,,POINT (-93.578434324207 41.651694264056)
2014805159,14-1883,06/26/2014,06-June,5-Thursday,23:51,2300 Hours,District 1 (Central),FORT DODGE,WEBSTER,,2ND AVE N,Collision with:  Parked motor vehicle,Shoulder,Rear-end (front to rear),Ran off road - right,None Indicated,,Dark - roadway not lighted,Dry,Cloudy,None apparent,Non-intersection:  Non-junction/no special feature,Paved,,Property Damage Only,0,0,0,0,0,0,10000,2,1,,POINT (-94.171798540206 42.508309586706)
2014805255,01-14-27771,06/26/2014,06-June,5-Thursday,12:22,1200 Hours,District 6 (East Central),DUBUQUE,DUBUQUE,,W 3RD ST & GRANDVIEW AVE N,Collision with:  Vehicle in traffic,On Roadway,Broadside (front to side),FTYROW:  From stop sign,None Indicated,,Daylight,Dry,Cloudy,None apparent,Intersection:  Four-way intersection,Paved,,Property Damage Only,0,0,0,0,0,0,9000,2,4,,POINT (-90.687612438306 42.494892683982)
2014805909,2014037494,06/26/2014,06-June,5-Thursday,12:00,1200 Hours,District 1 (Central),,JASPER,I-80,I-80,Collision with:  Vehicle in traffic,On Roadway,Rear-end (front to rear),Followed too close,None Indicated,,Daylight,Wet,Rain,Work Zone (roadway-related),Non-intersection:  Non-junction/no special feature,Paved,Yes,Property Damage Only,0,0,0,0,0,0,12000,2,3,,POINT (-93.331252165167 41.68128818238)
2014810181,14-007149,06/26/2014,06-June,5-Thursday,22:17,2200 Hours,District 2 (Northeast),,FAYETTE,IA 150,IA 150/P AVE,Collision with:  Animal,,,Animal,None Indicated,,,,,,,Paved,,Property Damage Only,0,0,0,0,0,0,4000,1,1,,POINT (-91.902715148767 42.751431296668)
2014805294,20140018094,06/26/2014,06-June,5-Thursday,14:00,1400 Hours,District 1 (Central),DES MOINES,POLK,,E PARK AVE,Collision with:  Vehicle in traffic,On Roadway,Rear-end (front to rear),Followed too close,None Indicated,,Daylight,Wet,Rain,None apparent,Non-intersection:  Non-junction/no special feature,Paved,,Possible/Unknown,0,1,0,0,0,1,2000,2,2,,POINT (-93.607373772048 41.555383791689)
2014805700,2014037530,06/26/2014,06-June,5-Thursday,13:09,1300 Hours,District 1 (Central),,HAMILTON,I-35,I-35,Collision with:  Vehicle in traffic,On Roadway,Head-on (front to front),Lost Control,None Indicated,,Daylight,Wet,Rain,Work Zone (roadway-related),Non-intersection:  Non-junction/no special feature,Paved,Yes,Minor Injury,0,2,0,2,0,0,46000,3,4,,POINT (-93.570235324297 42.36065454579)
2014805699,2014037402,06/26/2014,06-June,5-Thursday,03:46,0300 Hours,District 1 (Central),,JASPER,I-80,I-80,Collision with fixed object:  Other fixed object (explain in narrative),Shoulder,Non-collision (single vehicle),Swerving/Evasive Action,None Indicated,,Dark - roadway not lighted,Dry,Clear,None apparent,Non-intersection:  Non-junction/no special feature,Paved,,Property Damage Only,0,0,0,0,0,0,20554,1,1,,POINT (-92.808740556638 41.695279261922)
2014805278,201409067,06/26/2014,06-June,5-Thursday,11:55,1100 Hours,District 6 (East Central),CEDAR RAPIDS,LINN,,LARRY DR NE,Collision with:  Vehicle in traffic,On Roadway,Rear-end (front to rear),Unknown,None Indicated,,Daylight,Dry,Cloudy,None apparent,Intersection:  T-intersection,Paved,,Property Damage Only,0,0,0,0,0,0,2000,2,3,,POINT (-91.668497982647 42.017304191057)
2014805457,14-009222,06/26/2014,06-June,5-Thursday,12:37,1200 Hours,District 3 (Northwest),,CLAY,US 18,US 18,Collision with:  Other non-fixed object (explain in narrative),On Roadway,Non-collision (single vehicle),Cargo/equipment loss or shift,None Indicated,,Daylight,Dry,Clear,Non-highway work,Non-intersection:  Non-junction/no special feature,Paved,,Possible/Unknown,0,1,0,0,0,1,1500,2,3,,POINT (-94.940220696025 43.126656211991)
2014805723,2014037548,06/26/2014,06-June,5-Thursday,16:30,1600 Hours,District 5 (Southeast),,WARREN,I-35,I-35,Collision with:  Vehicle in traffic,On Roadway,"Sideswipe, same direction",Crossed centerline (undivided),None Indicated,,Daylight,Wet,Cloudy,None apparent,Non-intersection:  Non-junction/no special feature,Paved,,Property Damage Only,0,0,0,0,0,0,7000,2,3,,POINT (-93.780046813067 41.407179469002)
2014810180,14-007095,06/26/2014,06-June,5-Thursday,05:55,0500 Hours,District 2 (Northeast),,FAYETTE,,Co Rd W51/CEDAR RD,Collision with:  Vehicle in traffic,On Roadway,Rear-end (front to rear),Crossed centerline (undivided),None Indicated,,Dawn,Dry,Cloudy,None apparent,Non-intersection:  Non-junction/no special feature,Paved,,Property Damage Only,0,0,0,0,0,0,3500,2,2,,POINT (-91.655814878368 42.876078661569)
2014805277,201409058,06/26/2014,06-June,5-Thursday,09:35,0900 Hours,District 6 (East Central),CEDAR RAPIDS,LINN,,3RD AVE SE & 15TH ST SE,Collision with:  Vehicle in traffic,On Roadway,Broadside (front to side),FTYROW:  From stop sign,None Indicated,,Daylight,Dry,Cloudy,None apparent,Intersection:  Four-way intersection,Paved,,Property Damage Only,0,0,0,0,0,0,4000,2,2,,POINT (-91.650552224063 41.986373757626)
2014805768,14009255,06/26/2014,06-June,5-Thursday,13:38,1300 Hours,District 6 (East Central),,CEDAR,,Co Rd F36/CEDAR VALLEY RD,Non-collision events:  Overturn/rollover,On Roadway,Non-collision (single vehicle),Crossed centerline (undivided),None Indicated,,Daylight,Dry,Cloudy,None apparent,Non-intersection:  Non-junction/no special feature,Paved,,Possible/Unknown,0,1,0,0,1,0,5000,1,2,,POINT (-91.149853816036 41.758819958613)
2014805350,14-0359,06/26/2014,06-June,5-Thursday,06:29,0600 Hours,District 1 (Central),,WEBSTER,,Co Rd P59/NELSON AVE & 265TH ST,Collision with:  Vehicle in traffic,On Roadway,"Angle, oncoming left turn",Driver Distraction:  Manual operation of an electronic communication device,None Indicated,,Daylight,Dry,Cloudy,None apparent,Non-intersection:  Non-junction/no special feature,Paved,,Minor Injury,0,1,0,1,0,0,9000,2,2,,POINT (-94.145709922038 42.405340088107)
2014818373,140626BVZ01,06/26/2014,06-June,5-Thursday,06:57,0600 Hours,District 3 (Northwest),ALTON,SIOUX,,12TH ST & 5TH AVE,Unknown,On Roadway,Non-collision (single vehicle),Unknown,None Indicated,,Unknown,Dry,Unknown,None apparent,Non-intersection:  Non-junction/no special feature,Paved,,Property Damage Only,0,0,0,0,0,0,4450,2,1,,POINT (-96.011732174114 42.990057709067)
2014804994,9203-14,06/26/2014,06-June,5-Thursday,06:46,0600 Hours,District 3 (Northwest),SPENCER,CLAY,,COUNTRY CLUB DR,Non-collision events:  Other non-collision (explain in narrative),On Roadway,Non-collision (single vehicle),Exceeded authorized speed,None Indicated,,Daylight,Dry,Cloudy,None apparent,Non-intersection:  Non-junction/no special feature,Paved,,Minor Injury,0,1,0,1,0,0,6500,1,1,,POINT (-95.17467549845 43.154935797589)
2014805796,14-21820,06/26/2014,06-June,5-Thursday,13:26,1300 Hours,District 5 (Southeast),WEST BURLINGTON,DES MOINES,,W AGENCY RD,Collision with:  Vehicle in traffic,On Roadway,Rear-end (front to rear),FTYROW:  Other (explain in narrative),None Indicated,,Daylight,Dry,Cloudy,None apparent,Non-intersection:  Non-junction/no special feature,Paved,,Property Damage Only,0,0,0,0,0,0,2600,2,2,,POINT (-91.164121584342 40.812420894358)
2014805287,14-4257,06/26/2014,06-June,5-Thursday,22:00,2200 Hours,District 1 (Central),,POLK,IA 163,IA 163/NE UNIVERSITY AVE & Co Rd S27/NE 112TH ST,Collision with:  Animal,On Roadway,Non-collision (single vehicle),Animal,None Indicated,,Dark - roadway lighted,Wet,Cloudy,None apparent,Non-intersection:  Non-junction/no special feature,Paved,,Minor Injury,0,1,0,1,0,0,1400,1,2,,POINT (-93.366971832398 41.600736283112)
2014805299,20140018117,06/26/2014,06-June,5-Thursday,17:00,1700 Hours,District 1 (Central),DES MOINES,POLK,,E 9TH ST,Collision with:  Vehicle in traffic,On Roadway,Broadside (front to side),Unknown,None Indicated,,Daylight,Wet,Cloudy,Unknown,Non-intersection:  Non-junction/no special feature,Paved,,Property Damage Only,0,0,0,0,0,0,3000,2,2,,POINT (-93.606421078101 41.593282430812)
2014805044,14-4228,06/26/2014,06-June,5-Thursday,07:46,0700 Hours,District 1 (Central),,POLK,US 69,US 69/NE 14TH ST & NE 50TH PL,Collision with:  Vehicle in traffic,On Roadway,Rear-end (front to rear),Other (explain in narrative):  Other,None Indicated,,Daylight,Dry,Clear,None apparent,Non-intersection:  Non-junction/no special feature,Paved,,Property Damage Only,0,0,0,0,0,0,9600,3,3,,POINT (-93.600416550994 41.652239061888)
2014805238,W14-063792,06/26/2014,06-June,5-Thursday,14:57,1400 Hours,District 2 (Northeast),WATERLOO,BLACK HAWK,,W RIDGEWAY AVE,Collision with:  Vehicle in traffic,On Roadway,"Angle, oncoming left turn",FTYROW:  Making left turn,None Indicated,,Daylight,Dry,Clear,None apparent,Non-intersection:  Driveway access (within),Paved,,Possible/Unknown,0,1,0,0,1,0,9000,2,2,,POINT (-92.372201581287 42.46940702405)
2014805572,20140018134,06/26/2014,06-June,5-Thursday,21:12,2100 Hours,District 1 (Central),DES MOINES,POLK,,HUBBELL AVE & GUTHRIE AVE,Collision with:  Vehicle in traffic,On Roadway,Broadside (front to side),Ran Traffic Signal,None Indicated,,Dark - roadway lighted,Wet,Rain,None apparent,Intersection:  Four-way intersection,Paved,,Property Damage Only,0,0,0,0,0,0,6500,2,2,,POINT (-93.566163528789 41.614969988)
2014808212,2014037581,06/26/2014,06-June,5-Thursday,19:48,1900 Hours,District 4 (Southwest),,HARRISON,I-29,I-29,Non-collision events:  Overturn/rollover,Median,Non-collision (single vehicle),Swerving/Evasive Action,None Indicated,,Daylight,Wet,Rain,None apparent,Non-intersection:  Non-junction/no special feature,Paved,,Minor Injury,0,1,0,1,0,0,50000,1,1,,POINT (-96.04693963275 41.725933684844)
2014805297,20140018105,06/26/2014,06-June,5-Thursday,16:11,1600 Hours,District 1 (Central),DES MOINES,POLK,,EASTON BLVD & WAYNE ST,Collision with:  Vehicle in traffic,On Roadway,Broadside (front to side),Crossed centerline (undivided),None Indicated,,Daylight,Wet,Rain,None apparent,Non-intersection:  Non-junction/no special feature,Paved,,Property Damage Only,0,0,0,0,0,0,6300,2,2,,POINT (-93.583398851228 41.602940231368)
2014805634,2014-42802,06/26/2014,06-June,5-Thursday,17:18,1700 Hours,District 6 (East Central),DAVENPORT,SCOTT,,W 17TH ST & N DIVISION ST,Collision with:  Vehicle in traffic,On Roadway,"Angle, oncoming left turn",FTYROW:  Making left turn,None Indicated,,Daylight,Wet,Rain,None apparent,Intersection:  Four-way intersection,Paved,,Property Damage Only,0,0,0,0,0,0,2000,2,2,,POINT (-90.601152430145 41.536877755295)
2014805722,2014037531,06/26/2014,06-June,5-Thursday,14:20,1400 Hours,District 4 (Southwest),,RINGGOLD,,Co Rd J23/CO HWY J23 & Co Rd P33/170TH AVE & 150TH ST,Collision with:  Vehicle in traffic,On Roadway,Rear-end (front to rear),Ran Stop Sign,None Indicated,,Daylight,"Mud, dirt",Clear,None apparent,Intersection:  Four-way intersection,Paved,,Minor Injury,0,1,0,1,0,0,11500,2,2,,POINT (-94.338556847289 40.826425591982)
2014805639,HR2014-42766,06/26/2014,06-June,5-Thursday,15:14,1500 Hours,District 6 (East Central),DAVENPORT,SCOTT,,E 29TH ST & GRAND AVE,Collision with:  Vehicle in traffic,On Roadway,Broadside (front to side),Ran Stop Sign,None Indicated,,Daylight,Dry,Clear,None apparent,Intersection:  Four-way intersection,Paved,,Property Damage Only,0,0,0,0,0,0,5000,2,2,,POINT (-90.564561901537 41.54918549639)
2014806114,01-14-27782,06/26/2014,06-June,5-Thursday,13:19,1300 Hours,District 6 (East Central),DUBUQUE,DUBUQUE,,JOHN F KENNEDY RD,Collision with:  Vehicle in traffic,On Roadway,Rear-end (front to rear),Lost Control,None Indicated,,Daylight,Dry,Clear,None apparent,Non-intersection:  Non-junction/no special feature,Paved,,Property Damage Only,0,0,0,0,0,0,3500,2,2,,POINT (-90.720542503755 42.518615118557)
2014805290,14-002742,06/26/2014,06-June,5-Thursday,07:05,0700 Hours,District 1 (Central),ANKENY,POLK,I-35,I-35,Non-collision events:  Other non-collision (explain in narrative),On Roadway,Non-collision (single vehicle),Swerving/Evasive Action,None Indicated,,Daylight,Wet,Cloudy,"Surface condition (e.g., wet, icy)",Interchange-related:  On-ramp,Paved,,Property Damage Only,0,0,0,0,0,0,1700,1,1,,POINT (-93.576709246337 41.700620621389)
2014806913,2014-42786,06/26/2014,06-June,5-Thursday,16:21,1600 Hours,District 6 (East Central),DAVENPORT,SCOTT,,,Collision with:  Non-motorist (see non-motorist section - NOT a unit),On Roadway,Non-collision (single vehicle),Swerving/Evasive Action,None Indicated,,Daylight,Dry,Cloudy,None apparent,Non-intersection:  Alley,,,Major Injury,0,1,1,0,0,0,1000,1,1,,POINT (-96.643700149993 40.233091251414)
2014806278,14003790,06/26/2014,06-June,5-Thursday,01:43,0100 Hours,District 3 (Northwest),,CHEROKEE,IA 7,IA 7/IOWA 7,Non-collision events:  Other non-collision (explain in narrative),On Roadway,Non-collision (single vehicle),Crossed centerline (undivided),None Indicated,,Dark - roadway not lighted,Dry,Clear,None apparent,Non-intersection:  Non-junction/no special feature,Paved,,Property Damage Only,0,0,0,0,0,0,3800,1,1,,POINT (-95.446659438497 42.724738832877)
2014805002,14-21816,06/26/2014,06-June,5-Thursday,12:18,1200 Hours,District 5 (Southeast),WEST BURLINGTON,DES MOINES,,SE COMM COLL BURLINGTON,Collision with:  Vehicle in traffic,On Roadway,Rear-end (front to rear),Followed too close,None Indicated,,Daylight,Dry,Clear,None apparent,Intersection:  T-intersection,Paved,,Possible/Unknown,0,1,0,0,1,0,4500,2,4,,POINT (-91.173512843928 40.811939441332)
2014805355,14-20262,06/26/2014,06-June,5-Thursday,14:13,1400 Hours,District 3 (Northwest),SIOUX CITY,WOODBURY,I-29,I-29 & IA 12/RIVERSIDE BLVD,Non-collision events:  Other non-collision (explain in narrative),On Roadway,Broadside (front to side),FTYROW:  From stop sign,None Indicated,,Daylight,Dry,Clear,None apparent,Intersection:  Intersection with ramp,Paved,,Possible/Unknown,0,1,0,0,1,0,2500,2,2,,POINT (-96.467348641105 42.493849123041)
2014805288,14-002756,06/26/2014,06-June,5-Thursday,15:00,1500 Hours,District 1 (Central),ANKENY,POLK,,SE MAGAZINE RD,Collision with:  Vehicle in traffic,On Roadway,Rear-end (front to rear),Other (explain in narrative):  Other,None Indicated,,Daylight,Wet,Rain,None apparent,Non-intersection:  Non-junction/no special feature,Paved,,Property Damage Only,0,0,0,0,0,0,3500,2,2,,POINT (-93.597812654966 41.717374011373)
2014805724,2014037553,06/26/2014,06-June,5-Thursday,17:30,1700 Hours,District 5 (Southeast),,WARREN,I-35,I-35,Collision with:  Animal,,,Animal,None Indicated,,,,,,,Paved,,Property Damage Only,0,0,0,0,0,0,4100,1,1,,POINT (-93.778655209527 41.31459112004)
2014805057,20140018080,06/26/2014,06-June,5-Thursday,12:30,1200 Hours,District 1 (Central),DES MOINES,POLK,,MCKINLEY AVE & SW 9TH ST,Collision with:  Vehicle in traffic,On Roadway,Rear-end (front to rear),Unknown,None Indicated,,Daylight,Wet,Rain,None apparent,Non-intersection:  Non-junction/no special feature,Paved,,Property Damage Only,0,0,0,0,0,0,4000,2,2,,POINT (-93.625749537113 41.540954624824)
2014805304,20140018118,06/26/2014,06-June,5-Thursday,17:42,1700 Hours,District 1 (Central),DES MOINES,POLK,US 69,US 69/SE 14TH ST,Collision with:  Vehicle in traffic,Shoulder,Rear-end (front to rear),Driving too fast for conditions,None Indicated,,Daylight,Dry,Cloudy,None apparent,Non-intersection:  Non-junction/no special feature,Paved,,Possible/Unknown,0,1,0,0,1,0,4500,3,6,,POINT (-93.596826598241 41.579425429532)
2014805339,201400030729,06/26/2014,06-June,5-Thursday,14:44,1400 Hours,District 5 (Southeast),OTTUMWA,WAPELLO,,N WILLARD ST,Collision with:  Vehicle in traffic,On Roadway,Rear-end (front to rear),Improper Backing,None Indicated,,Daylight,Dry,Clear,None apparent,Non-intersection:  Non-junction/no special feature,Paved,,Property Damage Only,0,0,0,0,0,0,2000,2,3,,POINT (-92.424726849579 41.003374358367)
2014807006,A14049,06/26/2014,06-June,5-Thursday,11:30,1100 Hours,District 5 (Southeast),KNOXVILLE,MARION,,E ROBINSON ST & S 1ST ST,Collision with:  Parked motor vehicle,On Roadway,Unknown,Swerving/Evasive Action,None Indicated,,Daylight,Dry,Cloudy,Unknown,Non-intersection:  Non-junction/no special feature,Paved,,Property Damage Only,0,0,0,0,0,0,4050,2,1,,POINT (-93.098786095384 41.318029168791)
2014805310,14-1404,06/26/2014,06-June,5-Thursday,14:54,1400 Hours,District 1 (Central),URBANDALE,POLK,,DOUGLAS AVE,Collision with:  Vehicle in traffic,On Roadway,Rear-end (front to rear),Followed too close,None Indicated,,Daylight,Wet,Rain,None apparent,Non-intersection:  Non-junction/no special feature,Paved,,Property Damage Only,0,0,0,0,0,0,7000,3,4,,POINT (-93.719968326835 41.629367778202)