Iowa DOT Case Number,Law Enforcement Case Number,Date of Crash,Month of Crash,Day of Week,Time of Crash,Hour,DOT District,City Name,County Name,Route with System,Location Description,First Harmful Event,Location of First Harmful Event,Manner of Crash/Collision,Major Cause,Drug or Alcohol ,Environmental Conditions,Light Conditions,Surface Conditions,Weather Conditions,Roadway Contribution,Roadway Type,Roadway Surface,Work Zone,Crash Severity,Number of Fatalities,Number of Injuries,Number of Major Injuries,Number of Minor Injuries,Number of Possible Injuries,Number of Unknown Injuries,Amount of Property Damage,Number of Vehicles Involved,Total Number of Occupants,Travel Direction,Location
2014805302,20140018110,06/26/2014,06-June,5-Thursday,16:45,1600 Hours,District 1 (Central),DES MOINES,POLK,,FRANKLIN AVE & 55TH ST,Collision with:  Vehicle in traffic,On Roadway,Rear-end (front to rear),Unknown,None Indicated,,Daylight,Dry,Clear,None apparent,Non-intersection:  Non-junction/no special feature,Paved,,Property Damage Only,0,0,0,0,0,0,5000,2,2,,POINT (-93.693134911871 41.611266138409)
2014805315,14-026411,06/26/2014,06-June,5-Thursday,09:50,0900 Hours,District 4 (Southwest),COUNCIL BLUFFS,POTTAWATTAMIE,I-29,I-29,Collision with:  Vehicle in traffic,On Roadway,"Sideswipe, same direction",Crossed centerline (undivided),None Indicated,,Daylight,Dry,Clear,None apparent,Intersection:  Y-intersection,Paved,,Property Damage Only,0,0,0,0,0,0,6510,3,3,,POINT (-95.866816082982 41.288330563899)
2014805279,201409084,06/26/2014,06-June,5-Thursday,17:00,1700 Hours,District 6 (East Central),CEDAR RAPIDS,LINN,,E AVE,Collision with:  Vehicle in traffic,On Roadway,"Sideswipe, same direction",Ran Traffic Signal,None Indicated,,Daylight,Dry,Cloudy,None apparent,Intersection:  Intersection with ramp,Paved,,Property Damage Only,0,0,0,0,0,0,6500,2,4,,POINT (-91.674439246596 41.978375191896)
2014805314,14-001417,06/26/2014,06-June,5-Thursday,13:12,1300 Hours,District 1 (Central),ALTOONA,POLK,,ADVENTURELAND DR,Collision with:  Vehicle in traffic,On Roadway,Head-on (front to front),FTYROW:  Making left turn,None Indicated,,Daylight,Wet,Rain,"Surface condition (e.g., wet, icy)",Non-intersection:  Driveway access (within),Paved,,Property Damage Only,0,0,0,0,0,0,7000,2,2,,POINT (-93.497183313799 41.658532573358)
2014810016,2014-003640,06/26/2014,06-June,5-Thursday,12:00,1200 Hours,District 6 (East Central),SHELLSBURG,BENTON,,NW GROVE ST & NW CANTON ST,Collision with:  Vehicle in traffic,On Roadway,Broadside (front to side),FTYROW:  From stop sign,None Indicated,,Daylight,Dry,Clear,None apparent,Intersection:  Four-way intersection,Paved,,Property Damage Only,0,0,0,0,0,0,17000,2,2,,POINT (-91.873380671406 42.095440180831)
2014805305,20140018132,06/26/2014,06-June,5-Thursday,20:50,2000 Hours,District 1 (Central),DES MOINES,POLK,,9TH ST,Collision with fixed object:  Bridge overhead structure,On Roadway,Non-collision (single vehicle),Crossed centerline (undivided),None Indicated,,Dark - roadway not lighted,Wet,Rain,None apparent,Non-intersection:  Non-junction/no special feature,Paved,,Major Injury,0,1,1,0,0,0,6000,1,1,,POINT (-93.62927112877 41.595015125678)
2014806702,2014037594,06/26/2014,06-June,5-Thursday,21:45,2100 Hours,District 6 (East Central),,JACKSON,US 61,US 61,Collision with:  Animal,,Non-collision (single vehicle),Animal,None Indicated,,,,,,,Paved,,Property Damage Only,0,0,0,0,0,0,8000,1,1,,POINT (-90.672878848813 42.210626568943)
2014811513,,06/26/2014,06-June,5-Thursday,06:06,0600 Hours,District 2 (Northeast),HAMPTON,FRANKLIN,,VAL KAY CT,Collision with:  Parked motor vehicle,On Roadway,"Sideswipe, same direction",Unknown,None Indicated,,Dark - roadway lighted,Dry,Clear,None apparent,Non-intersection:  Non-junction/no special feature,Paved,,Property Damage Only,0,0,0,0,0,0,3967,2,1,,POINT (-93.204167421883 42.752462661167)
2014805058,20140018081,06/26/2014,06-June,5-Thursday,11:55,1100 Hours,District 1 (Central),DES MOINES,POLK,US 69,US 69/SE 14TH ST,Collision with:  Vehicle in traffic,On Roadway,"Angle, oncoming left turn",FTYROW:  Making left turn,None Indicated,,Daylight,Wet,Rain,None apparent,Non-intersection:  Other non-intersection (explain in narrative),Paved,,Property Damage Only,0,0,0,0,0,0,10500,3,3,,POINT (-93.596801787649 41.554574446365)
2014805406,,06/26/2014,06-June,5-Thursday,16:04,1600 Hours,District 6 (East Central),CAMANCHE,CLINTON,US 67,US 67 & 7TH AVE,Collision with:  Vehicle in traffic,On Roadway,"Angle, oncoming left turn",FTYROW:  Making left turn,None Indicated,,Daylight,Dry,Cloudy,None apparent,Intersection:  Four-way intersection,Paved,,Property Damage Only,0,0,0,0,0,0,22500,3,4,,POINT (-90.25771323778 41.797258906539)
2014805715,2014037596,06/26/2014,06-June,5-Thursday,21:35,2100 Hours,District 2 (Northeast),,WRIGHT,I-35,I-35,Collision with:  Animal,,,Animal,None Indicated,,,,,,,Paved,,Property Damage Only,0,0,0,0,0,0,5000,1,1,,POINT (-93.510526423747 42.604661951368)
2014805036,14013152,06/26/2014,06-June,5-Thursday,08:10,0800 Hours,District 6 (East Central),MARION,LINN,,8TH AVE & 6TH ST,Collision with:  Vehicle in traffic,On Roadway,"Sideswipe, same direction",Other (explain in narrative):  Other,None Indicated,,Daylight,Dry,Clear,None apparent,Intersection:  Four-way intersection,Paved,,Property Damage Only,0,0,0,0,0,0,4500,2,2,,POINT (-91.603935126145 42.034225447931)
2014805911,2014037723,06/27/2014,06-June,6-Friday,13:59,1300 Hours,District 1 (Central),ALTOONA,POLK,I-80,I-80,Non-collision events:  Overturn/rollover,On Roadway,Non-collision (single vehicle),Ran off road - right,None Indicated,,Daylight,Wet,Cloudy,Work Zone (roadway-related),Non-intersection:  Non-junction/no special feature,Paved,Yes,Possible/Unknown,0,1,0,0,1,0,3000,1,1,,POINT (-93.486914786591 41.661801096547)
2014805616,14-026622,06/27/2014,06-June,6-Friday,19:30,1900 Hours,District 4 (Southwest),COUNCIL BLUFFS,POTTAWATTAMIE,,HYDE AVE,Collision with:  Parked motor vehicle,On Roadway,Head-on (front to front),Improper Backing,None Indicated,,Daylight,Dry,Clear,None apparent,Non-intersection:  Non-junction/no special feature,Paved,,Property Damage Only,0,0,0,0,0,0,4000,2,1,,POINT (-95.846175277665 41.27113667669)
2014806675,2014037826,06/27/2014,06-June,6-Friday,22:00,2200 Hours,District 4 (Southwest),,HARRISON,I-29,I-29,Collision with:  Animal,,,Animal,None Indicated,,,,,,,Paved,,Property Damage Only,0,0,0,0,0,0,10000,1,1,,POINT (-96.052840920479 41.7852408172)
2014805878,14-000763,06/27/2014,06-June,6-Friday,12:36,1200 Hours,District 1 (Central),,STORY,,Co Rd E29/190TH ST & Co Rd R63/N DAYTON AVE,Collision with fixed object:  Utility pole/light support,Shoulder,Non-collision (single vehicle),Ran Stop Sign,None Indicated,,Daylight,Wet,Rain,None apparent,Intersection:  T-intersection,Paved,,Minor Injury,0,1,0,1,0,0,35000,1,1,,POINT (-93.581465840028 42.077801056541)
2014805643,2014-43039,06/27/2014,06-June,6-Friday,12:49,1200 Hours,District 6 (East Central),DAVENPORT,SCOTT,,W LOCUST ST,Collision with:  Vehicle in traffic,On Roadway,Broadside (front to side),FTYROW:  Making left turn,None Indicated,,Daylight,Dry,Clear,None apparent,Intersection:  Four-way intersection,Paved,,Property Damage Only,0,0,0,0,0,0,7000,2,3,,POINT (-90.596846369215 41.538246839783)
2014805488,14094097,06/27/2014,06-June,6-Friday,19:34,1900 Hours,District 6 (East Central),HILLS,JOHNSON,,MAIN ST,Collision with:  Parked motor vehicle,On Roadway,Rear-end (front to rear),Driver Distraction:  Passenger,None Indicated,,Daylight,Dry,Clear,None apparent,Non-intersection:  Non-junction/no special feature,Paved,,Property Damage Only,0,0,0,0,0,0,2000,2,3,,POINT (-91.534862020728 41.554246203171)
2014805615,14-026617,06/27/2014,06-June,6-Friday,19:17,1900 Hours,District 4 (Southwest),COUNCIL BLUFFS,POTTAWATTAMIE,I-29,I-29 & NEBRASKA AVE,Collision with:  Vehicle in traffic,On Roadway,Rear-end (front to rear),Followed too close,None Indicated,,Daylight,Dry,Clear,None apparent,Non-intersection:  Non-junction/no special feature,Paved,,Possible/Unknown,0,1,0,0,0,1,5000,2,2,,POINT (-95.902929876163 41.243212874289)
2014805727,2014037697,06/27/2014,06-June,6-Friday,12:10,1200 Hours,District 1 (Central),DES MOINES,POLK,US 69,US 69/SE 14TH ST,Collision with:  Vehicle in traffic,On Roadway,Rear-end (front to rear),Swerving/Evasive Action,None Indicated,,Daylight,Wet,Cloudy,None apparent,Non-intersection:  Non-junction/no special feature,Paved,,Property Damage Only,0,0,0,0,0,0,7500,3,7,,POINT (-93.596855127858 41.582523781644)
2014807392,14125,06/27/2014,06-June,6-Friday,18:20,1800 Hours,District 5 (Southeast),PELLA,MARION,,,Non-collision events:  Other non-collision (explain in narrative),On Roadway,Non-collision (single vehicle),Other (explain in narrative):  Other,None Indicated,,Daylight,Dry,Clear,None apparent,Non-intersection:  Non-junction/no special feature,,,Minor Injury,0,1,0,1,0,0,0,1,2,,POINT (-96.643700149993 40.233091251414)
2014805307,20140018175,06/27/2014,06-June,6-Friday,11:15,1100 Hours,District 1 (Central),DES MOINES,POLK,,GRAND AVE & 31ST ST,Collision with:  Vehicle in traffic,Shoulder,"Angle, oncoming left turn",FTYROW:  Making left turn,None Indicated,,Daylight,Dry,Cloudy,None apparent,Intersection:  Four-way intersection,Paved,,Property Damage Only,0,0,0,0,0,0,8000,2,2,,POINT (-93.659628479342 41.5844325869)
2014805577,20140018219,06/27/2014,06-June,6-Friday,18:48,1800 Hours,District 1 (Central),DES MOINES,POLK,US 69,US 69/SE 14TH ST & INDIANOLA AVE,Collision with:  Vehicle in traffic,On Roadway,Rear-end (front to rear),Driver Distraction:  Passenger,None Indicated,,Daylight,Wet,Clear,None apparent,Intersection:  T-intersection,Paved,,Possible/Unknown,0,1,0,0,0,1,3000,2,4,,POINT (-93.596826574121 41.553358331362)
2014805460,1406278021,06/27/2014,06-June,6-Friday,23:45,2300 Hours,District 6 (East Central),,CLINTON,IA 136,IA 136/IOWA 136,Collision with:  Animal,,,Animal,None Indicated,,,,,,,Paved,,Property Damage Only,0,0,0,0,0,0,5000,1,1,,POINT (-90.885026236406 41.968037849831)
2014805374,ACC14-014,06/27/2014,06-June,6-Friday,14:06,1400 Hours,District 2 (Northeast),CRESCO,HOWARD,,3RD AVE W & 2ND ST W,Collision with:  Vehicle in traffic,On Roadway,Broadside (front to side),FTYROW:  From stop sign,None Indicated,,Daylight,Wet,Rain,None apparent,Intersection:  Four-way intersection,Paved,,Property Damage Only,0,0,0,0,0,0,2200,2,2,,POINT (-92.11774824647 43.375160247263)
2014807186,2014-43169,06/27/2014,06-June,6-Friday,23:08,2300 Hours,District 6 (East Central),DAVENPORT,SCOTT,US 6,US 6/W KIMBERLY RD,Collision with:  Animal,On Roadway,Non-collision (single vehicle),Animal,None Indicated,,Dark - roadway lighted,Dry,Cloudy,None apparent,Non-intersection:  Non-junction/no special feature,Paved,,Property Damage Only,0,0,0,0,0,0,2500,1,2,,POINT (-90.588122186567 41.560102762118)
2014805701,2014037614,06/27/2014,06-June,6-Friday,02:31,0200 Hours,District 1 (Central),,POLK,I-35,I-35,Non-collision events:  Other non-collision (explain in narrative),Median,Non-collision (single vehicle),"Operating vehicle in an reckless, erratic, careless, negligent manner",Drug,,Dark - roadway not lighted,Wet,Clear,None apparent,Non-intersection:  Non-junction/no special feature,Paved,,Minor Injury,0,1,0,1,0,0,500,1,1,,POINT (-93.570803099689 41.818146358171)
2014805421,W14-064199,06/27/2014,06-June,6-Friday,14:34,1400 Hours,District 2 (Northeast),WATERLOO,BLACK HAWK,,E 5TH ST & MULBERRY ST,Collision with:  Vehicle in traffic,On Roadway,Rear-end (front to rear),FTYROW:  Other (explain in narrative),None Indicated,,Daylight,Wet,Rain,None apparent,Intersection:  Four-way intersection,Paved,,Property Damage Only,0,0,0,0,0,0,3000,2,2,,POINT (-92.333032712889 42.499121229425)
2014805682,14-20384,06/27/2014,06-June,6-Friday,15:40,1500 Hours,District 3 (Northwest),SIOUX CITY,WOODBURY,,13TH ST & DOUGLAS ST,Collision with:  Vehicle in traffic,On Roadway,"Sideswipe, same direction",Made improper turn,None Indicated,,Daylight,Dry,Clear,None apparent,Intersection:  Four-way intersection,Paved,,Property Damage Only,0,0,0,0,0,0,3500,2,3,,POINT (-96.406540587351 42.504003969439)
2014805617,14-026628,06/27/2014,06-June,6-Friday,20:15,2000 Hours,District 4 (Southwest),COUNCIL BLUFFS,POTTAWATTAMIE,,HARRISON ST,Collision with:  Vehicle in traffic,On Roadway,Rear-end (front to rear),Unknown,None Indicated,,Daylight,Dry,Clear,None apparent,Non-intersection:  Non-junction/no special feature,Paved,,Possible/Unknown,0,1,0,0,1,0,1000,2,3,,POINT (-95.84425963182 41.265510050702)
2014805718,2014037705,06/27/2014,06-June,6-Friday,12:39,1200 Hours,District 2 (Northeast),,WINNESHIEK,,Co Rd W34/NORTH WINN RD,Collision with:  Vehicle in traffic,On Roadway,Broadside (front to side),FTYROW:  From driveway,None Indicated,,Daylight,Dry,Cloudy,None apparent,Non-intersection:  Driveway access (within),Paved,,Minor Injury,0,1,0,1,0,0,10000,2,3,,POINT (-91.805586371852 43.377485390642)
2014805486,14-170627-01,06/27/2014,06-June,6-Friday,23:40,2300 Hours,District 6 (East Central),,IOWA,IA 220,IA 220/220TH TRL,Collision with:  Animal,,,Animal,None Indicated,,,,,,,Paved,,Property Damage Only,0,0,0,0,0,0,2000,1,1,,POINT (-91.964159505737 41.798861938195)
2014806252,2014037832,06/27/2014,06-June,6-Friday,22:40,2200 Hours,District 5 (Southeast),,JEFFERSON,US 34,US 34,Non-collision events:  Other non-collision (explain in narrative),On Roadway,Non-collision (single vehicle),Exceeded authorized speed,Refused,,Dark - roadway not lighted,Dry,Clear,None apparent,Non-intersection:  Non-junction/no special feature,Paved,,Property Damage Only,0,0,0,0,0,0,2500,1,1,,POINT (-91.839208514555 41.002225838775)
2014805523,14-026838,06/27/2014,06-June,6-Friday,14:30,1400 Hours,District 5 (Southeast),MUSCATINE,MUSCATINE,,MULBERRY AVE,Collision with:  Parked motor vehicle,Shoulder,"Sideswipe, same direction",Ran off road - right,None Indicated,,Daylight,Dry,Clear,None apparent,Non-intersection:  Non-junction/no special feature,Paved,,Property Damage Only,0,0,0,0,0,0,11000,2,1,,POINT (-91.059091336591 41.440782399102)
2014805912,2014037744,06/27/2014,06-June,6-Friday,16:15,1600 Hours,District 1 (Central),,POLK,IA 415,IA 415/2ND AVE & NW 47TH PL & NW 48TH PL,Collision with:  Vehicle in traffic,On Roadway,Rear-end (front to rear),Followed too close,None Indicated,,Daylight,Dry,Cloudy,None apparent,Non-intersection:  Non-junction/no special feature,Paved,,Property Damage Only,0,0,0,0,0,0,5000,3,3,,POINT (-93.619989293238 41.646947031848)
2014805618,14-026643,06/27/2014,06-June,6-Friday,21:49,2100 Hours,District 4 (Southwest),COUNCIL BLUFFS,POTTAWATTAMIE,,MILL ST & N 7TH ST,Collision with:  Vehicle in traffic,On Roadway,"Sideswipe, same direction",Other (explain in narrative):  Other,None Indicated,,Dark - roadway lighted,Dry,Clear,None apparent,Non-intersection:  Non-junction/no special feature,Paved,,Property Damage Only,0,0,0,0,0,0,2000,2,777,,POINT (-95.852881078978 41.264215803804)
2014805353,14-1909,06/27/2014,06-June,6-Friday,11:46,1100 Hours,District 1 (Central),FORT DODGE,WEBSTER,,5TH AVE S & S 20TH ST,Collision with:  Vehicle in traffic,On Roadway,Rear-end (front to rear),Other (explain in narrative):  Other,None Indicated,,Daylight,Wet,Rain,None apparent,Non-intersection:  Non-junction/no special feature,Paved,,Property Damage Only,0,0,0,0,0,0,3000,2,2,,POINT (-94.170787230424 42.501079335743)
2014805507,201409131,06/27/2014,06-June,6-Friday,16:45,1600 Hours,District 6 (East Central),CEDAR RAPIDS,LINN,,BLAIRS FERRY RD NE & COUNCIL ST NE,Collision with:  Vehicle in traffic,On Roadway,Rear-end (front to rear),Followed too close,None Indicated,,Daylight,Wet,Rain,"Surface condition (e.g., wet, icy)",Intersection:  Four-way intersection,Paved,,Minor Injury,0,1,0,1,0,0,1500,2,7,,POINT (-91.65834977233 42.035252775527)
2014809716,0627148A,06/27/2014,06-June,6-Friday,00:05,0000 Hours,District 4 (Southwest),,PAGE,,Co Rd J28/170 ST,Collision with fixed object:  Guardrail - face,On Roadway,Non-collision (single vehicle),Swerving/Evasive Action,None Indicated,,Dark - roadway not lighted,Dry,Cloudy,None apparent,Non-intersection:  Other non-intersection (explain in narrative),Paved,,Property Damage Only,0,0,0,0,0,0,3000,1,1,,POINT (-95.219546376491 40.800460194661)
2014805557,20140018241,06/27/2014,06-June,6-Friday,22:05,2200 Hours,District 1 (Central),DES MOINES,POLK,,HICKMAN RD & 23RD ST,Collision with:  Vehicle in traffic,On Roadway,"Sideswipe, same direction",Made improper turn,None Indicated,,Dark - roadway lighted,Dry,Cloudy,None apparent,Intersection:  T-intersection,Paved,,Property Damage Only,0,0,0,0,0,0,2250,2,5,,POINT (-93.648177562742 41.615023209933)
2014805522,14-026774,06/27/2014,06-June,6-Friday,05:54,0500 Hours,District 5 (Southeast),MUSCATINE,MUSCATINE,,HERSHEY AVE,Collision with:  Other non-fixed object (explain in narrative),On Roadway,Unknown,Unknown,None Indicated,,Daylight,Dry,Clear,None apparent,Non-intersection:  Non-junction/no special feature,Paved,,Minor Injury,0,1,0,1,0,0,20000,3,3,,POINT (-91.061759905391 41.415463928494)
2014805609,S14-002401,06/27/2014,06-June,6-Friday,22:00,2200 Hours,District 4 (Southwest),,POTTAWATTAMIE,,MAGNOLIA RD,Non-collision events:  Other non-collision (explain in narrative),On Roadway,Non-collision (single vehicle),Swerving/Evasive Action,None Indicated,,Dark - roadway not lighted,Dry,Clear,None apparent,Non-intersection:  Non-junction/no special feature,Unpaved,,Possible/Unknown,0,1,0,0,0,1,3000,1,2,,POINT (-95.697515713629 41.376212106957)
2014805612,14-026572,06/27/2014,06-June,6-Friday,14:08,1400 Hours,District 4 (Southwest),COUNCIL BLUFFS,POTTAWATTAMIE,,9TH AVE & S 35TH ST,Collision with:  Vehicle in traffic,On Roadway,"Sideswipe, opposite direction",Crossed centerline (undivided),None Indicated,,Daylight,Dry,Cloudy,None apparent,Non-intersection:  Non-junction/no special feature,Paved,,Property Damage Only,0,0,0,0,0,0,4000,2,2,,POINT (-95.902022100721 41.253701122963)
2014805417,W14-064071,06/27/2014,06-June,6-Friday,06:52,0600 Hours,District 2 (Northeast),WATERLOO,BLACK HAWK,,ANSBOROUGH AVE,Collision with:  Vehicle in traffic,On Roadway,Broadside (front to side),FTYROW:  From driveway,None Indicated,,Daylight,Dry,Clear,None apparent,Non-intersection:  Other non-intersection (explain in narrative),Paved,,Property Damage Only,0,0,0,0,0,0,4000,2,3,,POINT (-92.37677143351 42.47961760431)
2014808135,14093967,06/27/2014,06-June,6-Friday,15:43,1500 Hours,District 6 (East Central),NORTH LIBERTY,JOHNSON,,JORDAN ST & SARA CT,Collision with:  Vehicle in traffic,On Roadway,Broadside (front to side),Ran Stop Sign,None Indicated,,Daylight,Dry,Cloudy,None apparent,Intersection:  Four-way intersection,Unpaved,,Property Damage Only,0,0,0,0,0,0,7000,2,2,,POINT (-91.606618222388 41.725224889377)
2014805420,W14-064184,06/27/2014,06-June,6-Friday,14:01,1400 Hours,District 2 (Northeast),WATERLOO,BLACK HAWK,US 63,US 63/SE RAMP CURV & W 4TH ST,Collision with:  Vehicle in traffic,On Roadway,Rear-end (front to rear),Followed too close,None Indicated,,Daylight,Wet,Rain,"Surface condition (e.g., wet, icy)",Intersection:  Four-way intersection,Paved,,Minor Injury,0,2,0,2,0,0,10200,4,6,,POINT (-92.342543685181 42.492737016005)
2014806703,2014037688,06/27/2014,06-June,6-Friday,10:40,1000 Hours,District 6 (East Central),DAVENPORT,SCOTT,I-80,I-80,Collision with:  Vehicle in traffic,On Roadway,"Sideswipe, same direction",Improper or erratic lane changing,None Indicated,,Daylight,Dry,Clear,None apparent,Non-intersection:  Other non-intersection (explain in narrative),Paved,,Property Damage Only,0,0,0,0,0,0,4500,2,6,,POINT (-90.561895423363 41.594899248955)
2014805898,2014037709,06/27/2014,06-June,6-Friday,12:35,1200 Hours,District 1 (Central),,STORY,I-35,I-35,Collision with:  Vehicle in traffic,On Roadway,"Sideswipe, same direction",Crossed centerline (undivided),None Indicated,,Daylight,Wet,Rain,None apparent,Non-intersection:  Non-junction/no special feature,Paved,,Property Damage Only,0,0,0,0,0,0,16000,2,5,,POINT (-93.570620202832 41.910034966775)
2014805890,S14-6351,06/27/2014,06-June,6-Friday,14:47,1400 Hours,District 3 (Northwest),,WOODBURY,IA 141,IA 141/IOWA 141,Collision with:  Vehicle in traffic,On Roadway,Rear-end (front to rear),Followed too close,None Indicated,,Daylight,Dry,Cloudy,None apparent,Intersection:  Other intersection (explain in narrative),Paved,,Possible/Unknown,0,2,0,0,0,2,7000,2,2,,POINT (-95.989691694994 42.233983003708)
2014805535,14-002777,06/27/2014,06-June,6-Friday,16:34,1600 Hours,District 1 (Central),ANKENY,POLK,US 69,US 69/S ANKENY BLVD/N ANKENY BLVD & W 1ST ST & E 1ST ST,Collision with:  Vehicle in traffic,On Roadway,"Angle, oncoming left turn",FTYROW:  Making left turn,None Indicated,,Daylight,Dry,Cloudy,None apparent,Intersection:  Four-way intersection,Paved,,Minor Injury,0,1,0,1,0,0,9000,2,5,,POINT (-93.600399842465 41.73185285684)
2014806914,2014-43058,06/27/2014,06-June,6-Friday,14:31,1400 Hours,District 6 (East Central),DAVENPORT,SCOTT,,IA 461/BRADY ST & VETERANS MEMORIAL PKWY & W 65TH ST,Collision with:  Vehicle in traffic,On Roadway,Rear-end (front to rear),Followed too close,None Indicated,,Daylight,Dry,Cloudy,None apparent,Intersection:  Four-way intersection,Paved,,Possible/Unknown,0,1,0,0,1,0,10000,2,3,,POINT (-90.571325145913 41.585633288289)
2014805586,20140018163,06/27/2014,06-June,6-Friday,08:45,0800 Hours,District 1 (Central),DES MOINES,POLK,,19TH ST,Collision with:  Vehicle in traffic,On Roadway,Rear-end (front to rear),Followed too close,None Indicated,,Daylight,Dry,Cloudy,None apparent,Non-intersection:  Non-junction/no special feature,Paved,,Possible/Unknown,0,1,0,0,0,1,7500,3,5,,POINT (-93.642554363466 41.599904638066)
2014807463,14-3019,06/27/2014,06-June,6-Friday,17:00,1700 Hours,District 1 (Central),WEST DES MOINES,POLK,I-35,I-35,Collision with:  Vehicle in traffic,On Roadway,Rear-end (front to rear),Followed too close,None Indicated,,Daylight,Dry,Cloudy,None apparent,Non-intersection:  Non-junction/no special feature,Paved,,Property Damage Only,0,0,0,0,0,0,3000,2,3,,POINT (-93.777619878682 41.583614021478)
2014805309,20140018188,06/27/2014,06-June,6-Friday,13:22,1300 Hours,District 1 (Central),DES MOINES,POLK,US 6,US 6/FREDERICK M HUBBELL AVE,Collision with:  Vehicle in traffic,On Roadway,Broadside (front to side),FTYROW:  From driveway,None Indicated,,Daylight,Wet,Rain,None apparent,Non-intersection:  Driveway access (within),Paved,,Property Damage Only,0,0,0,0,0,0,5000,2,3,,POINT (-93.544593967225 41.629125446602)
2014805899,2014037819,06/27/2014,06-June,6-Friday,21:39,2100 Hours,District 1 (Central),,POLK,I-80,I-80,Collision with:  Animal,,,Animal,None Indicated,,,,,,,Paved,,Property Damage Only,0,0,0,0,0,0,6500,1,1,,POINT (-93.387116439682 41.6804290527)
2014805419,W14-064171,06/27/2014,06-June,6-Friday,13:12,1300 Hours,District 2 (Northeast),WATERLOO,BLACK HAWK,,ACKERMANT ST,Collision with:  Vehicle in traffic,On Roadway,Rear-end (front to rear),Driver Distraction:  Inattentive/lost in thought,None Indicated,,Daylight,Wet,Rain,None apparent,Intersection:  Four-way intersection,Paved,,Property Damage Only,0,0,0,0,0,0,3500,2,2,,POINT (-92.34389540624 42.517087492153)
2014805731,14000297,06/27/2014,06-June,6-Friday,17:34,1700 Hours,District 5 (Southeast),ALBIA,MONROE,,BENTON AVE W,Collision with:  Vehicle in traffic,On Roadway,Broadside (front to side),FTYROW:  From parked position,None Indicated,,Daylight,Dry,Clear,None apparent,Non-intersection:  Non-junction/no special feature,Paved,,Property Damage Only,0,0,0,0,0,0,1500,2,3,,POINT (-92.808260275965 41.027107835014)
2014805472,2014-2924,06/27/2014,06-June,6-Friday,13:45,1300 Hours,District 4 (Southwest),WAUKEE,DALLAS,,BOONE DR,Collision with:  Vehicle in traffic,On Roadway,"Sideswipe, same direction",Improper or erratic lane changing,None Indicated,,Daylight,Dry,Cloudy,None apparent,Non-intersection:  Non-junction/no special feature,Paved,,Property Damage Only,0,0,0,0,0,0,1500,2,3,,POINT (-93.833598502533 41.600560622342)
2014805817,093-2014,06/27/2014,06-June,6-Friday,08:51,0800 Hours,District 4 (Southwest),,HARRISON,US 30,US 30,Collision with:  Vehicle in traffic,On Roadway,Rear-end (front to rear),Other (explain in narrative):  Other,None Indicated,,Daylight,Wet,Rain,None apparent,Non-intersection:  Non-junction/no special feature,Paved,,Property Damage Only,0,0,0,0,0,0,9500,2,2,,POINT (-95.773751411817 41.643474910506)
2014805578,20140018223,06/27/2014,06-June,6-Friday,19:35,1900 Hours,District 1 (Central),DES MOINES,POLK,US 6,US 6/EUCLID AVE & 11TH ST,Collision with:  Vehicle in traffic,On Roadway,"Angle, oncoming left turn",FTYROW:  Making left turn,None Indicated,,Daylight,Dry,Cloudy,None apparent,Intersection:  Four-way intersection,Paved,,Possible/Unknown,0,1,0,0,1,0,12000,2,3,,POINT (-93.632001463887 41.627660305231)
2014805600,14--3028,06/27/2014,06-June,6-Friday,18:50,1800 Hours,District 1 (Central),WEST DES MOINES,POLK,IA 28,IA 28/63RD ST & LINCOLN ST & TYLER AVE,Collision with:  Vehicle in traffic,On Roadway,Rear-end (front to rear),Followed too close,None Indicated,,Daylight,Dry,Cloudy,Debris,Non-intersection:  Non-junction/no special feature,Paved,,Property Damage Only,0,0,0,0,0,0,8900,3,3,,POINT (-93.703303714764 41.567348164516)
2014809828,14064028,06/27/2014,06-June,6-Friday,01:17,0100 Hours,District 2 (Northeast),EVANSDALE,BLACK HAWK,I-380,I-380,Collision with:  Animal,On Roadway,Non-collision (single vehicle),Animal,None Indicated,,Dark - roadway lighted,Dry,Clear,None apparent,Non-intersection:  Non-junction/no special feature,Paved,,Possible/Unknown,0,1,0,0,0,1,2000,1,1,,POINT (-92.261882668445 42.460040985918)
2014813229,201409140,06/27/2014,06-June,6-Friday,20:41,2000 Hours,District 6 (East Central),CEDAR RAPIDS,LINN,IA 922,IA 922/1ST AVE E & 10TH ST SE & 10TH ST NE,Collision with:  Vehicle in traffic,On Roadway,Rear-end (front to rear),Followed too close,Alcohol (Statutory),,Dusk,Dry,Clear,None apparent,Intersection:  Four-way intersection,Paved,,Property Damage Only,0,0,0,0,0,0,5000,2,4,,POINT (-91.659841160485 41.983798675724)
2014805453,14010547,06/27/2014,06-June,6-Friday,08:17,0800 Hours,District 2 (Northeast),MASON CITY,CERRO GORDO,,12TH ST NW & N ADAMS AVE,Collision with:  Vehicle in traffic,On Roadway,Rear-end (front to rear),Other (explain in narrative):  Other,None Indicated,,Daylight,Wet,Rain,None apparent,Intersection:  Four-way intersection,Paved,,Property Damage Only,0,0,0,0,0,0,3500,2,2,,POINT (-93.20504853407 43.162717864725)
2014810115,14-16421,06/27/2014,06-June,6-Friday,16:30,1600 Hours,District 1 (Central),NEWTON,JASPER,,S 5TH AVE E,Collision with:  Vehicle in traffic,On Roadway,Rear-end (front to rear),Unknown,Alcohol (< Statutory),,Daylight,Unknown,Unknown,None apparent,Non-intersection:  Non-junction/no special feature,Paved,,Property Damage Only,0,0,0,0,0,0,2000,2,3,,POINT (-93.036485498758 41.695603753447)