Iowa DOT Case Number,Law Enforcement Case Number,Date of Crash,Month of Crash,Day of Week,Time of Crash,Hour,DOT District,City Name,County Name,Route with System,Location Description,First Harmful Event,Location of First Harmful Event,Manner of Crash/Collision,Major Cause,Drug or Alcohol ,Environmental Conditions,Light Conditions,Surface Conditions,Weather Conditions,Roadway Contribution,Roadway Type,Roadway Surface,Work Zone,Crash Severity,Number of Fatalities,Number of Injuries,Number of Major Injuries,Number of Minor Injuries,Number of Possible Injuries,Number of Unknown Injuries,Amount of Property Damage,Number of Vehicles Involved,Total Number of Occupants,Travel Direction,Location
2014806025,14-003041,06/27/2014,06-June,6-Friday,12:27,1200 Hours,District 1 (Central),AMES,STORY,,LINCOLN WAY,Collision with:  Vehicle in traffic,On Roadway,Rear-end (front to rear),Other (explain in narrative):  Other,None Indicated,,Daylight,Wet,Rain,"Surface condition (e.g., wet, icy)",Intersection:  Four-way intersection,Paved,,Possible/Unknown,0,1,0,0,1,0,1200,2,3,,POINT (-93.664599135141 42.022797199246)
2014810289,14-6733,06/27/2014,06-June,6-Friday,21:45,2100 Hours,District 3 (Northwest),,SAC,US 20,US 20,Collision with:  Animal,On Roadway,Non-collision (single vehicle),Animal,None Indicated,,Dusk,Dry,Cloudy,None apparent,Non-intersection:  Non-junction/no special feature,Paved,,Property Damage Only,0,0,0,0,0,0,1800,1,2,,POINT (-95.018340306778 42.45620728353)
2014810706,140627JD01,06/27/2014,06-June,6-Friday,18:39,1800 Hours,District 3 (Northwest),ORANGE CITY,SIOUX,IA 60,IA 60/IOWA 60,Collision with:  Animal,,,Animal,None Indicated,,,,,,,Paved,,Property Damage Only,0,0,0,0,0,0,450000,1,1,,POINT (-95.983859886899 43.008949885981)
2014805717,2014037623,06/27/2014,06-June,6-Friday,05:35,0500 Hours,District 1 (Central),,POWESHIEK,I-80,I-80,Collision with:  Animal,,,Animal,None Indicated,,,,,,,Paved,,Property Damage Only,0,0,0,0,0,0,3500,1,1,,POINT (-92.403621481904 41.696178815772)
2014805801,01-14-27937,06/27/2014,06-June,6-Friday,09:32,0900 Hours,District 6 (East Central),DUBUQUE,DUBUQUE,US 52,US 52/E 11TH ST/WHITE ST,Collision with:  Vehicle in traffic,On Roadway,"Sideswipe, same direction",Improper or erratic lane changing,None Indicated,,Daylight,Dry,Cloudy,None apparent,Non-intersection:  Non-junction/no special feature,Paved,,Property Damage Only,0,0,0,0,0,0,3700,2,2,,POINT (-90.665411780655 42.504186011227)
2014821570,,06/27/2014,06-June,6-Friday,15:30,1500 Hours,District 4 (Southwest),TABOR,FREMONT,US 275,US 275/MAIN ST & ORANGE ST,Collision with:  Vehicle in traffic,On Roadway,Broadside (front to side),Made improper turn,None Indicated,,Daylight,Dry,,None apparent,Intersection:  Four-way intersection,Paved,,Property Damage Only,0,0,0,0,0,0,8000,2,4,,POINT (-95.671381628648 40.898314717343)
2014815782,EP14001187,06/27/2014,06-June,6-Friday,09:05,0900 Hours,District 2 (Northeast),EAGLE GROVE,WRIGHT,,2ND ST SE & S KIRKWOOD AVE,Collision with:  Vehicle in traffic,On Roadway,Broadside (front to side),FTYROW:  From stop sign,None Indicated,,Daylight,Wet,Rain,None apparent,Intersection:  Other intersection (explain in narrative),Paved,,Property Damage Only,0,0,0,0,0,0,6000,2,4,,POINT (-93.892647785576 42.66202894346)
2014812139,14005764,06/27/2014,06-June,6-Friday,18:10,1800 Hours,District 6 (East Central),,BUCHANAN,IA 150,IA 150/JAMESTOWN AVE,,On Roadway,Non-collision (single vehicle),Driving too fast for conditions,None Indicated,,Daylight,Wet,Cloudy,"Surface condition (e.g., wet, icy)",Non-intersection:  Non-junction/no special feature,Paved,,Property Damage Only,0,0,0,0,0,0,10500,1,3,,POINT (-91.889357247654 42.373831368282)
2014809167,14-003662,06/27/2014,06-June,6-Friday,21:12,2100 Hours,District 3 (Northwest),PRIMGHAR,OBRIEN,US 59,US 59/SILVER AVE,Collision with:  Vehicle in traffic,On Roadway,Broadside (front to side),FTYROW:  From driveway,Alcohol (Statutory),,Dusk,Dry,Cloudy,None apparent,Non-intersection:  Driveway access (within),Paved,,Minor Injury,0,2,0,1,1,0,6500,2,2,,POINT (-95.624231052948 43.096150406845)
2014805435,14003835,06/27/2014,06-June,6-Friday,18:12,1800 Hours,District 2 (Northeast),CLEAR LAKE,CERRO GORDO,I-35,I-35 & IA 122/IOWA 122 & 4TH AVE S,Collision with:  Vehicle in traffic,On Roadway,Broadside (front to side),Ran Stop Sign,None Indicated,,Daylight,Dry,Clear,None apparent,Intersection:  Four-way intersection,Paved,,Property Damage Only,0,0,0,0,0,0,29000,2,3,,POINT (-93.354869026408 43.133715870457)
2014805665,14-7452,06/27/2014,06-June,6-Friday,20:20,2000 Hours,District 3 (Northwest),HULL,SIOUX,,2ND ST,Collision with:  Parked motor vehicle,On Roadway,Rear-end (front to rear),Swerving/Evasive Action,None Indicated,,Daylight,Dry,Cloudy,None apparent,Non-intersection:  Non-junction/no special feature,Paved,,Property Damage Only,0,0,0,0,0,0,8000,2,3,,POINT (-96.139027183182 43.189378057191)
2014805672,14-1919,06/27/2014,06-June,6-Friday,18:35,1800 Hours,District 1 (Central),FORT DODGE,WEBSTER,,4TH AVE N & N 12TH ST,Collision with:  Parked motor vehicle,Shoulder,Rear-end (front to rear),"Operating vehicle in an reckless, erratic, careless, negligent manner",None Indicated,,Daylight,Dry,Clear,None apparent,Non-intersection:  Non-junction/no special feature,Paved,,Property Damage Only,0,0,0,0,0,0,10000,2,1,,POINT (-94.183121886064 42.509787243047)
2014805418,W14-064081,06/27/2014,06-June,6-Friday,08:19,0800 Hours,District 2 (Northeast),WATERLOO,BLACK HAWK,,REBER AVE & EUCLID AVE,Collision with:  Vehicle in traffic,On Roadway,Broadside (front to side),Unknown,None Indicated,,Daylight,Dry,Cloudy,None apparent,Intersection:  Four-way intersection,Paved,,Possible/Unknown,0,2,0,0,2,0,8000,2,5,,POINT (-92.363612278613 42.487533487698)
2014805308,20140018183,06/27/2014,06-June,6-Friday,11:54,1100 Hours,District 1 (Central),DES MOINES,POLK,US 6,US 6/MERLE HAY RD,Collision with:  Vehicle in traffic,On Roadway,"Sideswipe, opposite direction",Unknown,None Indicated,,Daylight,Dry,Cloudy,None apparent,Non-intersection:  Non-junction/no special feature,Paved,,Property Damage Only,0,0,0,0,0,0,3300,2,2,,POINT (-93.697740172539 41.627649373758)
2014806323,14-040627-01,06/27/2014,06-June,6-Friday,00:00,0000 Hours,District 6 (East Central),,IOWA,,A DIAGONAL,Non-collision events:  Overturn/rollover,Roadside,Non-collision (single vehicle),Ran off road - straight,None Indicated,,Dark - roadway not lighted,"Mud, dirt",Cloudy,None apparent,Non-intersection:  Non-junction/no special feature,Unpaved,,Property Damage Only,0,0,0,0,0,0,5000,1,1,,POINT (-92.192395473346 41.733969969125)
2014806706,2014037802,06/27/2014,06-June,6-Friday,19:52,1900 Hours,District 6 (East Central),DAVENPORT,SCOTT,,W 7TH ST & MARQUETTE ST,Collision with:  Vehicle in traffic,On Roadway,Broadside (front to side),Ran Stop Sign,None Indicated,,Daylight,Dry,Cloudy,None apparent,Intersection:  Four-way intersection,Paved,,Possible/Unknown,0,4,0,0,4,0,7000,2,8,,POINT (-90.590883515853 41.526764899985)
2014810239,2014-003668,06/27/2014,06-June,6-Friday,04:27,0400 Hours,District 6 (East Central),,BENTON,US 30,US 30/73 ST & Co Rd W14/27 AVE,Collision with fixed object:  Bridge overhead structure,Shoulder,Non-collision (single vehicle),Swerving/Evasive Action,None Indicated,,Dark - roadway not lighted,Dry,Cloudy,None apparent,Non-intersection:  Other non-intersection (explain in narrative),Paved,,Possible/Unknown,0,1,0,0,0,1,3000,1,1,,POINT (-91.970309326987 41.963307408749)
2014805273,201409113,06/27/2014,06-June,6-Friday,08:24,0800 Hours,District 6 (East Central),CEDAR RAPIDS,LINN,,8TH AVE SE,Collision with:  Vehicle in traffic,On Roadway,"Angle, oncoming left turn",FTYROW:  Making left turn,None Indicated,,Daylight,Dry,Clear,None apparent,Non-intersection:  Driveway access (within),Paved,,Property Damage Only,0,0,0,0,0,0,9000,2,2,,POINT (-91.659880661362 41.974432442917)
2014807720,2014037728,06/27/2014,06-June,6-Friday,14:00,1400 Hours,District 1 (Central),,JASPER,I-80,I-80,Collision with:  Vehicle in traffic,On Roadway,"Sideswipe, same direction",Crossed centerline (undivided),None Indicated,,Daylight,Wet,Rain,"Surface condition (e.g., wet, icy)",Non-intersection:  Non-junction/no special feature,Paved,,Property Damage Only,0,0,0,0,0,0,95000,3,4,,POINT (-92.827235782724 41.6952004686)
2014805595,14-1410,06/27/2014,06-June,6-Friday,17:10,1700 Hours,District 1 (Central),URBANDALE,POLK,US 6,US 6/HICKMAN RD & NW 111TH ST,Collision with:  Vehicle in traffic,On Roadway,Rear-end (front to rear),Followed too close,None Indicated,,Daylight,Dry,Clear,None apparent,Intersection:  Four-way intersection,Paved,,Property Damage Only,0,0,0,0,0,0,4000,3,3,,POINT (-93.771478646898 41.61493739903)
2014805613,14-026583,06/27/2014,06-June,6-Friday,15:40,1500 Hours,District 4 (Southwest),COUNCIL BLUFFS,POTTAWATTAMIE,I-29,I-29,Collision with:  Other non-fixed object (explain in narrative),On Roadway,Non-collision (single vehicle),Equipment failure,None Indicated,,Daylight,Dry,Clear,None apparent,Non-intersection:  Non-junction/no special feature,Paved,,Possible/Unknown,0,1,0,0,1,0,8100,2,4,,POINT (-95.823550665528 41.211234175422)
2014805573,20140018200,06/27/2014,06-June,6-Friday,16:17,1600 Hours,District 1 (Central),DES MOINES,POLK,I-235,I-235 & 6TH AVE,Collision with:  Vehicle in traffic,On Roadway,Broadside (front to side),Ran Traffic Signal,None Indicated,,Daylight,Dry,Clear,None apparent,Intersection:  Four-way intersection,Paved,,Property Damage Only,0,0,0,0,0,0,8000,2,2,,POINT (-93.62566714258 41.595809418012)
2014807265,,06/27/2014,06-June,6-Friday,09:15,0900 Hours,District 2 (Northeast),GARNER,HANCOCK,,W 9TH ST & DIVISION ST,Non-collision events:  Other non-collision (explain in narrative),On Roadway,Non-collision (single vehicle),FTYROW:  Making left turn,None Indicated,,Daylight,Dry,Clear,None apparent,Intersection:  T-intersection,Paved,,Minor Injury,0,1,0,1,0,0,400,2,2,,POINT (-93.609000901526 43.096463897437)
2014805832,1400000563,06/27/2014,06-June,6-Friday,22:50,2200 Hours,District 1 (Central),,MARSHALL,IA 330,IA 330/MARSHALLTOWN BLVD,Collision with:  Animal,,,Animal,None Indicated,,,,,,,Paved,,Property Damage Only,0,0,0,0,0,0,3000,1,1,,POINT (-93.052935758676 41.985629126248)
2014805576,20140018210,06/27/2014,06-June,6-Friday,17:35,1700 Hours,District 1 (Central),DES MOINES,POLK,US 6,US 6/E EUCLID AVE & WRIGHT ST,Collision with:  Vehicle in traffic,On Roadway,Broadside (front to side),FTYROW:  Other (explain in narrative),None Indicated,,Daylight,Dry,Cloudy,None apparent,Non-intersection:  Non-junction/no special feature,Paved,,Property Damage Only,0,0,0,0,0,0,4000,2,2,,POINT (-93.607223733543 41.627703788098)
2014805623,GP20140505,06/27/2014,06-June,6-Friday,17:10,1700 Hours,District 1 (Central),GRINNELL,POWESHIEK,,PENROSE ST & DAVIS AVE,Collision with:  Vehicle in traffic,On Roadway,Rear-end (front to rear),Followed too close,None Indicated,,Daylight,Wet,Cloudy,None apparent,Non-intersection:  Non-junction/no special feature,Paved,,Property Damage Only,0,0,0,0,0,0,3050,2,2,,POINT (-92.708032729643 41.735293259389)
2014805702,2014037795,06/27/2014,06-June,6-Friday,19:05,1900 Hours,District 4 (Southwest),,POTTAWATTAMIE,I-80,I-80,Collision with fixed object:  Guardrail - face,Median,Non-collision (single vehicle),Ran off road - left,None Indicated,,Daylight,Dry,Clear,None apparent,Non-intersection:  Other non-intersection (explain in narrative),Paved,,Property Damage Only,0,0,0,0,0,0,16793,1,1,,POINT (-95.255611488282 41.497447160348)
2014805800,01-14-27926,06/27/2014,06-June,6-Friday,08:12,0800 Hours,District 6 (East Central),DUBUQUE,DUBUQUE,,JOHN F KENNEDY RD,Collision with:  Vehicle in traffic,On Roadway,Rear-end (front to rear),Lost Control,None Indicated,,Daylight,Dry,Cloudy,None apparent,Non-intersection:  Non-junction/no special feature,Paved,,Property Damage Only,0,0,0,0,0,0,2000,2,2,,POINT (-90.724106039459 42.526079264251)
2014805766,14-138,06/27/2014,06-June,6-Friday,13:20,1300 Hours,District 2 (Northeast),WAVERLY,BREMER,IA 3,IA 3/BREMER AVE & 12TH ST NW,Collision with:  Vehicle in traffic,On Roadway,Rear-end (front to rear),Followed too close,None Indicated,,Daylight,Dry,Cloudy,None apparent,Intersection:  T-intersection,Paved,,Property Damage Only,0,0,0,0,0,0,1500,2,3,,POINT (-92.484671573229 42.725666562811)
2014806442,2014-12031,06/27/2014,06-June,6-Friday,22:22,2200 Hours,District 6 (East Central),BETTENDORF,SCOTT,,CENTRAL AVE,Collision with:  Vehicle in traffic,On Roadway,Head-on (front to front),Crossed centerline (undivided),Under Influence of Alcohol/Drugs/Medications,,Dark - roadway lighted,Dry,Cloudy,None apparent,Non-intersection:  Non-junction/no special feature,Paved,,Minor Injury,0,2,0,2,0,0,9500,2,5,,POINT (-90.489472047681 41.531583413028)
2014805667,14C02944,06/27/2014,06-June,6-Friday,08:30,0800 Hours,District 4 (Southwest),CRESTON,UNION,US 34,US 34/W TAYLOR ST,Collision with:  Vehicle in traffic,On Roadway,Rear-end (front to rear),Other (explain in narrative):  Other,None Indicated,,Daylight,Dry,Cloudy,None apparent,Non-intersection:  Non-junction/no special feature,Paved,,Property Damage Only,0,0,0,0,0,0,9200,2,2,,POINT (-94.358458973608 41.049185318835)
2014806363,055-14,06/27/2014,06-June,6-Friday,23:32,2300 Hours,District 4 (Southwest),,MADISON,,CEDAR BRIDGE TRL,Collision with:  Animal,,,Animal,None Indicated,,,,,,,Paved,,Property Damage Only,0,0,0,0,0,0,2500,1,1,,POINT (-94.002931152891 41.35142565855)
2014806034,201400030905,06/27/2014,06-June,6-Friday,12:36,1200 Hours,District 5 (Southeast),OTTUMWA,WAPELLO,,RICHMOND AVE & N FERRY ST,Collision with:  Vehicle in traffic,On Roadway,Broadside (front to side),Ran Stop Sign,None Indicated,,Daylight,Dry,Cloudy,None apparent,Intersection:  Four-way intersection,Paved,,Possible/Unknown,0,1,0,0,1,0,7000,2,3,,POINT (-92.432743055174 41.007332638353)
2014806590,06-14-232,06/27/2014,06-June,6-Friday,20:45,2000 Hours,District 3 (Northwest),LE MARS,PLYMOUTH,,,Collision with fixed object:  Ditch,Roadside,Non-collision (single vehicle),"Operating vehicle in an reckless, erratic, careless, negligent manner",None Indicated,,Daylight,"Mud, dirt",Clear,Work Zone (roadway-related),Non-intersection:  Non-junction/no special feature,,Yes,Minor Injury,0,2,0,2,0,0,6000,1,4,,POINT (-96.643700149993 40.233091251414)
2014825988,201409144,06/27/2014,06-June,6-Friday,22:03,2200 Hours,District 6 (East Central),CEDAR RAPIDS,LINN,,TRENT ST SW,Collision with:  Vehicle in traffic,On Roadway,Broadside (front to side),Made improper turn,Refused,,Dark - roadway lighted,Dry,Clear,None apparent,Non-intersection:  Non-junction/no special feature,Paved,,Possible/Unknown,0,1,0,0,1,0,10000,2,2,,POINT (-91.713245031452 41.963397697048)
2014805678,14-20348,06/27/2014,06-June,6-Friday,07:06,0700 Hours,District 3 (Northwest),SIOUX CITY,WOODBURY,,2ND ST & ALICE ST,Collision with:  Vehicle in traffic,On Roadway,Broadside (front to side),Ran Stop Sign,Under Influence of Alcohol/Drugs/Medications,,Daylight,Dry,Cloudy,None apparent,Intersection:  Four-way intersection,Paved,,Property Damage Only,0,0,0,0,0,0,9000,2,2,,POINT (-96.3690058583 42.49214829927)
2014805681,14-20379,06/27/2014,06-June,6-Friday,14:46,1400 Hours,District 3 (Northwest),SIOUX CITY,WOODBURY,I-29,I-29,Collision with:  Vehicle in traffic,On Roadway,Rear-end (front to rear),Followed too close,None Indicated,,Daylight,Dry,Clear,Work Zone (roadway-related),Non-intersection:  Non-junction/no special feature,Paved,Yes,Possible/Unknown,0,1,0,0,1,0,6000,3,3,,POINT (-96.40234751818 42.488857073077)
2014805286,14-026764,06/27/2014,06-June,6-Friday,02:19,0200 Hours,District 5 (Southeast),MUSCATINE,MUSCATINE,,WASHINGTON ST & LINCOLN BLVD,Collision with fixed object:  Traffic sign support,Roadside,Non-collision (single vehicle),Driving too fast for conditions,Alcohol (Statutory),,Dark - roadway lighted,Dry,Clear,None apparent,Non-intersection:  Non-junction/no special feature,Paved,,Possible/Unknown,0,1,0,0,1,0,4300,1,1,,POINT (-91.033367124419 41.43528349814)
2014805274,201409114,06/27/2014,06-June,6-Friday,08:36,0800 Hours,District 6 (East Central),CEDAR RAPIDS,LINN,IA 922,IA 922/1ST AVE E & 4TH ST NE,Collision with:  Vehicle in traffic,On Roadway,Rear-end (front to rear),Lost Control,None Indicated,,Daylight,Dry,Clear,None apparent,Non-intersection:  Railroad grade crossing,Paved,,Property Damage Only,0,0,0,0,0,0,5200,2,3,,POINT (-91.666291824155 41.980109120515)
2014805313,14-3012,06/27/2014,06-June,6-Friday,12:30,1200 Hours,District 1 (Central),WEST DES MOINES,POLK,,35TH ST/VALLEY WEST DR,Collision with:  Vehicle in traffic,On Roadway,Rear-end (front to rear),Followed too close,None Indicated,,Daylight,Dry,Cloudy,None apparent,Non-intersection:  Non-junction/no special feature,Paved,,Property Damage Only,0,0,0,0,0,0,7000,3,3,,POINT (-93.75187665187 41.595134354269)
2014805883,2014-13577,06/27/2014,06-June,6-Friday,14:35,1400 Hours,District 5 (Southeast),,WARREN,IA 5,IA 5/IOWA 5,Collision with fixed object:  Bridge overhead structure,On Roadway,Non-collision (single vehicle),Crossed centerline (undivided),None Indicated,,Daylight,Dry,Clear,None apparent,Non-intersection:  Non-junction/no special feature,Paved,,Property Damage Only,0,0,0,0,0,0,3500,1,4,,POINT (-93.3618133457 41.44393385082)
2014805644,2014-43048,06/27/2014,06-June,6-Friday,13:41,1300 Hours,District 6 (East Central),DAVENPORT,SCOTT,,W 4TH ST & WARREN ST,Collision with:  Vehicle in traffic,On Roadway,"Sideswipe, same direction",FTYROW:  Other (explain in narrative),None Indicated,,Daylight,Dry,Cloudy,None apparent,Intersection:  Four-way intersection,Paved,,Possible/Unknown,0,2,0,0,2,0,8500,2,2,,POINT (-90.585899360665 41.523499061907)
2014805611,14-026563,06/27/2014,06-June,6-Friday,12:36,1200 Hours,District 4 (Southwest),COUNCIL BLUFFS,POTTAWATTAMIE,,BIG LAKE RD & JOSLIN AVE,Collision with fixed object:  Other fixed object (explain in narrative),On Roadway,Non-collision (single vehicle),Other (explain in narrative):  Other,None Indicated,,Daylight,Wet,Cloudy,None apparent,Non-intersection:  Other non-intersection (explain in narrative),Paved,,Property Damage Only,0,0,0,0,0,0,2000,1,2,,POINT (-95.863721376408 41.284462884759)
2014805896,2014037674,06/27/2014,06-June,6-Friday,10:00,1000 Hours,District 1 (Central),,STORY,I-35,I-35,Collision with fixed object:  Curb/island/raised median,Median,Non-collision (single vehicle),Swerving/Evasive Action,None Indicated,,Daylight,Wet,Rain,None apparent,Non-intersection:  Non-junction/no special feature,Paved,,Property Damage Only,0,0,0,0,0,0,8500,1,1,,POINT (-93.570976590668 41.993255061333)
2014805468,144499,06/27/2014,06-June,6-Friday,21:15,2100 Hours,District 4 (Southwest),,DALLAS,,Co Rd P58/J AVE,Collision with:  Animal,,,Animal,None Indicated,,,,,,,Paved,,Property Damage Only,0,0,0,0,0,0,5000,1,1,,POINT (-94.105886862002 41.710175857678)
2014805877,14-000762,06/27/2014,06-June,6-Friday,09:20,0900 Hours,District 1 (Central),,STORY,IA 210,IA 210/IOWA 210 & 690TH AVE,Collision with fixed object:  Ditch,Shoulder,Non-collision (single vehicle),Ran off road - right,None Indicated,,Daylight,"Mud, dirt",Cloudy,None apparent,Intersection:  Four-way intersection,Paved,,Property Damage Only,0,0,0,0,0,0,60000,1,1,,POINT (-93.328529635488 41.892041470807)
2014805352,14-1906,06/27/2014,06-June,6-Friday,03:00,0300 Hours,District 1 (Central),FORT DODGE,WEBSTER,,9TH AVE S,Collision with:  Parked motor vehicle,On Roadway,Rear-end (front to rear),Lost Control,None Indicated,,Dark - roadway lighted,Wet,Cloudy,None apparent,Non-intersection:  Non-junction/no special feature,Paved,,Property Damage Only,0,0,0,0,0,0,12000,2,1,,POINT (-94.173971379781 42.495634325664)
2014809806,2014006413,06/27/2014,06-June,6-Friday,14:55,1400 Hours,District 1 (Central),MARSHALLTOWN,MARSHALL,IA 14,IA 14/S CENTER ST & W BERLE RD & E BERLE RD,Collision with:  Vehicle in traffic,On Roadway,Broadside (front to side),FTYROW:  At uncontrolled intersection,None Indicated,,Daylight,Dry,Cloudy,Traffic control obscured,Intersection:  Four-way intersection,Paved,,Property Damage Only,0,0,0,0,0,0,16000,3,3,,POINT (-92.912373972362 42.008619932999)
2014807464,14-3024,06/27/2014,06-June,6-Friday,17:40,1700 Hours,District 4 (Southwest),WEST DES MOINES,DALLAS,,JORDAN CREEK PKWY,Collision with:  Vehicle in traffic,On Roadway,"Sideswipe, same direction",Other (explain in narrative):  Other,None Indicated,,Daylight,Dry,Cloudy,None apparent,Non-intersection:  Non-junction/no special feature,Paved,,Property Damage Only,0,0,0,0,0,0,2000,2,2,,POINT (-93.808914746051 41.598629273915)
2014810193,14-064082,06/27/2014,06-June,6-Friday,08:22,0800 Hours,District 2 (Northeast),EVANSDALE,BLACK HAWK,,RIVER FOREST RD,Collision with fixed object:  Other fixed object (explain in narrative),Roadside,Non-collision (single vehicle),Ran off road - right,None Indicated,,Daylight,Dry,Cloudy,None apparent,Non-intersection:  Non-junction/no special feature,Paved,,Possible/Unknown,0,1,0,0,1,0,2000,1,1,,POINT (-92.297751595589 42.466453402047)
2014805381,142458,06/27/2014,06-June,6-Friday,13:46,1300 Hours,District 2 (Northeast),HAMPTON,FRANKLIN,IA 3,IA 3/CENTRAL AVE W & 2ND ST SW & 2ND ST NW,Collision with:  Vehicle in traffic,On Roadway,"Angle, oncoming left turn",FTYROW:  Making left turn,None Indicated,,Daylight,Wet,Clear,None apparent,Intersection:  Four-way intersection,Paved,,Property Damage Only,0,0,0,0,0,0,3500,2,3,,POINT (-93.209911281834 42.741771772343)
2014805530,14-4272,06/27/2014,06-June,6-Friday,15:13,1500 Hours,District 1 (Central),GRIMES,POLK,IA 141,IA 141/IOWA 141 & SE 37TH ST,Collision with:  Vehicle in traffic,Shoulder,Broadside (front to side),Ran Traffic Signal,None Indicated,,Daylight,Dry,Cloudy,None apparent,Intersection:  Four-way intersection,Paved,,Possible/Unknown,0,2,0,0,2,0,10000,2,6,,POINT (-93.775013102497 41.658508187682)
2014805680,14-20363,06/27/2014,06-June,6-Friday,10:39,1000 Hours,District 3 (Northwest),SIOUX CITY,WOODBURY,,DACE AVE & STEUBEN ST,Collision with:  Vehicle in traffic,On Roadway,Broadside (front to side),FTYROW:  From stop sign,None Indicated,,Daylight,Wet,Cloudy,None apparent,Intersection:  T-intersection,Paved,,Property Damage Only,0,0,0,0,0,0,2000,2,2,,POINT (-96.388789593874 42.488772975236)
2014807243,2014037781,06/27/2014,06-June,6-Friday,18:33,1800 Hours,District 6 (East Central),,IOWA,I-80,I-80,Non-collision events:  Overturn/rollover,On Roadway,Non-collision (single vehicle),Equipment failure,None Indicated,,Daylight,Dry,Clear,None apparent,Non-intersection:  Non-junction/no special feature,Paved,,Property Damage Only,0,0,0,0,0,0,5000,1,1,,POINT (-92.093648948127 41.691215871123)
2014805804,01-14-27962,06/27/2014,06-June,6-Friday,13:00,1300 Hours,District 6 (East Central),DUBUQUE,DUBUQUE,,KAUFMANN AVE & CARTER RD,Collision with:  Vehicle in traffic,On Roadway,Broadside (front to side),Ran Stop Sign,None Indicated,,Daylight,Dry,Clear,None apparent,Intersection:  Four-way intersection,Paved,,Property Damage Only,0,0,0,0,0,0,5000,2,3,,POINT (-90.710567350194 42.514426860273)
2014805662,2014-43263,06/28/2014,06-June,7-Saturday,05:55,0500 Hours,District 6 (East Central),DAVENPORT,SCOTT,,E 12TH ST,Collision with fixed object:  Utility pole/light support,Outside trafficway,Non-collision (single vehicle),Ran off road - right,None Indicated,,Dawn,Dry,Cloudy,Unknown,Non-intersection:  Non-junction/no special feature,Paved,,Property Damage Only,0,0,0,0,0,0,3000,1,1,,POINT (-90.573778035165 41.531971052897)
2014806253,2014037958,06/28/2014,06-June,7-Saturday,17:45,1700 Hours,District 5 (Southeast),,WAPELLO,US 34,US 34,Collision with:  Vehicle in traffic,On Roadway,"Angle, oncoming left turn",FTYROW:  Making left turn,None Indicated,,Daylight,Dry,Cloudy,None apparent,Non-intersection:  Crossover-related,Paved,,Fatal,1,1,0,0,1,0,28000,2,9,,POINT (-92.362326977166 41.006703359512)
2014805560,20140018304,06/28/2014,06-June,7-Saturday,10:57,1000 Hours,District 1 (Central),DES MOINES,POLK,,HUBBELL AVE & ELIZABETH AVE & E 23RD ST,Collision with:  Vehicle in traffic,On Roadway,"Sideswipe, opposite direction",FTYROW:  From stop sign,None Indicated,,Daylight,Dry,Cloudy,None apparent,Intersection:  Four-way intersection,Paved,,Property Damage Only,0,0,0,0,0,0,2000,2,2,,POINT (-93.574429468662 41.603714983039)
2014805939,2014-3558,06/28/2014,06-June,7-Saturday,17:26,1700 Hours,District 1 (Central),,HARDIN,US 65,US 65,Collision with:  Vehicle in traffic,On Roadway,"Sideswipe, opposite direction",Crossed centerline (undivided),None Indicated,,Daylight,Wet,Rain,"Surface condition (e.g., wet, icy)",Non-intersection:  Non-junction/no special feature,Paved,,Minor Injury,0,2,0,1,1,0,14000,2,3,,POINT (-93.262129941914 42.553032040652)
2014805568,20140018348,06/28/2014,06-June,7-Saturday,20:05,2000 Hours,District 1 (Central),DES MOINES,POLK,,WATROUS AVE,Collision with:  Vehicle in traffic,On Roadway,Broadside (front to side),FTYROW:  From driveway,None Indicated,,Daylight,Dry,Cloudy,None apparent,Non-intersection:  Driveway access (within),Paved,,Property Damage Only,0,0,0,0,0,0,2650,2,3,,POINT (-93.620843342465 41.548187073757)
2014805554,20140018307,06/28/2014,06-June,7-Saturday,11:40,1100 Hours,District 1 (Central),DES MOINES,POLK,US 69,US 69/SE 14TH ST,Collision with:  Vehicle in traffic,On Roadway,Rear-end (front to rear),Other (explain in narrative):  Other,None Indicated,,Daylight,Dry,Clear,None apparent,Intersection:  Four-way intersection,Paved,,Possible/Unknown,0,1,0,0,1,0,2500,2,7,,POINT (-93.596866383682 41.540738868075)
2014806238,14-026692,06/28/2014,06-June,7-Saturday,04:27,0400 Hours,District 4 (Southwest),COUNCIL BLUFFS,POTTAWATTAMIE,IA 192,IA 192/S EXPRESSWAY,Collision with fixed object:  Utility pole/light support,Roadside,Non-collision (single vehicle),Lost Control,None Indicated,,Dark - roadway lighted,Wet,Rain,None apparent,Non-intersection:  Non-junction/no special feature,Paved,,Property Damage Only,0,0,0,0,0,0,5500,1,2,,POINT (-95.853088728306 41.255555542923)
2014805915,2014037979,06/28/2014,06-June,7-Saturday,21:30,2100 Hours,District 1 (Central),,POLK,I-35,I-35,Collision with fixed object:  Guardrail - face,On Roadway,Non-collision (single vehicle),Swerving/Evasive Action,None Indicated,,Dark - roadway not lighted,Dry,Cloudy,None apparent,Non-intersection:  Non-junction/no special feature,Paved,,Property Damage Only,0,0,0,0,0,0,10159,1,2,,POINT (-93.570452704648 41.808510704677)
2014808751,,06/28/2014,06-June,7-Saturday,10:43,1000 Hours,District 5 (Southeast),FORT MADISON,LEE,,15TH ST & AVE E,Collision with:  Vehicle in traffic,On Roadway,Broadside (front to side),FTYROW:  From stop sign,None Indicated,,Daylight,Dry,Cloudy,None apparent,Intersection:  T-intersection,Paved,,Property Damage Only,0,0,0,0,0,0,2000,2,3,,POINT (-91.324530817309 40.633151298704)