Iowa DOT Case Number,Law Enforcement Case Number,Date of Crash,Month of Crash,Day of Week,Time of Crash,Hour,DOT District,City Name,County Name,Route with System,Location Description,First Harmful Event,Location of First Harmful Event,Manner of Crash/Collision,Major Cause,Drug or Alcohol ,Environmental Conditions,Light Conditions,Surface Conditions,Weather Conditions,Roadway Contribution,Roadway Type,Roadway Surface,Work Zone,Crash Severity,Number of Fatalities,Number of Injuries,Number of Major Injuries,Number of Minor Injuries,Number of Possible Injuries,Number of Unknown Injuries,Amount of Property Damage,Number of Vehicles Involved,Total Number of Occupants,Travel Direction,Location
2014805686,14-20566,06/29/2014,06-June,1-Sunday,02:36,0200 Hours,District 3 (Northwest),SIOUX CITY,WOODBURY,,22ND ST,Collision with:  Parked motor vehicle,On Roadway,Unknown,Unknown,None Indicated,,Dark - roadway not lighted,Dry,Clear,None apparent,Non-intersection:  Non-junction/no special feature,Paved,,Property Damage Only,0,0,0,0,0,0,5000,2,1,,POINT (-96.40867636484 42.513737248903)
2014805689,14-20636,06/29/2014,06-June,1-Sunday,17:31,1700 Hours,District 3 (Northwest),SIOUX CITY,WOODBURY,,36TH ST & INDIAN HILLS DR & CHEYENNE BLVD,Collision with:  Vehicle in traffic,On Roadway,Head-on (front to front),FTYROW:  From stop sign,None Indicated,,Daylight,Dry,Cloudy,None apparent,Intersection:  Four-way intersection,Paved,,Property Damage Only,0,0,0,0,0,0,2000,2,5,,POINT (-96.395359078694 42.53188983257)
2014805993,S79140217,06/29/2014,06-June,1-Sunday,16:30,1600 Hours,District 1 (Central),,POWESHIEK,I-80,I-80,Collision with:  Vehicle in traffic,On Roadway,"Sideswipe, same direction",Swerving/Evasive Action,None Indicated,,Daylight,Dry,Cloudy,Unknown,Non-intersection:  Non-junction/no special feature,Paved,,Property Damage Only,0,0,0,0,0,0,12500,2,6,,POINT (-92.312665180965 41.695688820745)
2014805427,201402940,06/29/2014,06-June,1-Sunday,05:00,0500 Hours,District 1 (Central),,BOONE,,Co Rd E57/270TH ST,Collision with fixed object:  Ditch,Outside trafficway,Non-collision (single vehicle),Ran off road - right,None Indicated,,Dark - roadway not lighted,Wet,Clear,None apparent,Non-intersection:  Non-junction/no special feature,Paved,,Property Damage Only,0,0,0,0,0,0,42000,1,2,,POINT (-93.793996248013 41.965125459568)
2014828312,14060667,06/29/2014,06-June,1-Sunday,21:21,2100 Hours,District 5 (Southeast),,WAPELLO,US 63,US 63,Collision with:  Animal,,Non-collision (single vehicle),Animal,None Indicated,,,,,,,Paved,,Property Damage Only,0,0,0,0,0,0,1500,1,1,,POINT (-92.382052528387 41.064210473395)
2014805548,20140018413,06/29/2014,06-June,1-Sunday,12:41,1200 Hours,District 1 (Central),DES MOINES,POLK,,E 30TH ST,Collision with:  Vehicle in traffic,On Roadway,Broadside (front to side),FTYROW:  From driveway,None Indicated,,Daylight,Wet,Rain,None apparent,Non-intersection:  Driveway access (within),Paved,,Property Damage Only,0,0,0,0,0,0,5500,2,2,,POINT (-93.55841451661 41.600199997927)
2014809829,E14-65144,06/29/2014,06-June,1-Sunday,23:59,2300 Hours,District 2 (Northeast),EVANSDALE,BLACK HAWK,I-380,I-380,Collision with:  Animal,On Roadway,Non-collision (single vehicle),Animal,None Indicated,,Dark - roadway not lighted,Wet,Rain,None apparent,Non-intersection:  Non-junction/no special feature,Paved,,Property Damage Only,0,0,0,0,0,0,4000,1,1,,POINT (-92.295471129803 42.459378799517)
2014805709,2014038110,06/29/2014,06-June,1-Sunday,18:54,1800 Hours,District 4 (Southwest),,FREMONT,I-29,I-29,Non-collision events:  Overturn/rollover,Roadside,Non-collision (single vehicle),Ran off road - right,None Indicated,,Daylight,Dry,Cloudy,None apparent,Non-intersection:  Non-junction/no special feature,Paved,,Minor Injury,0,2,0,2,0,0,7750,1,2,,POINT (-95.739871921301 40.641779739966)
2014810305,2014006490,06/29/2014,06-June,1-Sunday,10:03,1000 Hours,District 1 (Central),MARSHALLTOWN,MARSHALL,US 30,US 30/240TH ST,Collision with:  Animal,,,Animal,None Indicated,,,,,,,Paved,,Property Damage Only,0,0,0,0,0,0,2500,1,1,,POINT (-92.903843635888 42.003542357072)
2014805902,2014038060,06/29/2014,06-June,1-Sunday,12:20,1200 Hours,District 4 (Southwest),,DALLAS,I-80,I-80,Collision with:  Vehicle in traffic,On Roadway,Rear-end (front to rear),Followed too close,None Indicated,,Daylight,Wet,Rain,None apparent,Non-intersection:  Non-junction/no special feature,Paved,,Property Damage Only,0,0,0,0,0,0,13500,2,4,,POINT (-94.036253136904 41.534664362373)
2014806695,2014038009,06/29/2014,06-June,1-Sunday,01:35,0100 Hours,District 1 (Central),,POLK,I-80,I-80 & NE 29TH ST,Collision with:  Animal,,Non-collision (single vehicle),Animal,None Indicated,,,,,,,Paved,,Property Damage Only,0,0,0,0,0,0,4500,1,1,,POINT (-93.561031024918 41.654266503864)
2014805593,20140018467,06/29/2014,06-June,1-Sunday,22:45,2200 Hours,District 1 (Central),DES MOINES,POLK,,11TH ST,Collision with fixed object:  Utility pole/light support,Outside trafficway,Non-collision (single vehicle),Ran off road - left,None Indicated,,Dark - roadway lighted,Wet,Cloudy,None apparent,Non-intersection:  Non-junction/no special feature,Paved,,Property Damage Only,0,0,0,0,0,0,6000,1,1,,POINT (-93.632050905207 41.632722071157)
2014805533,14-4312,06/29/2014,06-June,1-Sunday,04:00,0400 Hours,District 1 (Central),POLK CITY,POLK,,NW 118TH AVE,Collision with:  Animal,On Roadway,Non-collision (single vehicle),Animal,Under Influence of Alcohol/Drugs/Medications,,Dark - roadway not lighted,Dry,Clear,None apparent,Non-intersection:  Non-junction/no special feature,Paved,,Property Damage Only,0,0,0,0,0,0,5000,1,1,,POINT (-93.684639533135 41.776894083253)
2014805621,14-026950,06/29/2014,06-June,1-Sunday,19:48,1900 Hours,District 4 (Southwest),COUNCIL BLUFFS,POTTAWATTAMIE,,AVE A & N 32ND ST,Collision with:  Vehicle in traffic,On Roadway,"Sideswipe, same direction",Other (explain in narrative):  Other,None Indicated,,Daylight,Dry,Clear,None apparent,Non-intersection:  Non-junction/no special feature,Paved,,Possible/Unknown,0,1,0,0,1,0,6500,2,3,,POINT (-95.896375112305 41.262831740026)
2014805901,2014038001,06/29/2014,06-June,1-Sunday,00:13,0000 Hours,District 1 (Central),ANKENY,POLK,I-35,I-35 & I-80,Non-collision events:  Other non-collision (explain in narrative),On Roadway,Non-collision (single vehicle),Ran off road - straight,Refused,,Dark - roadway lighted,Wet,Cloudy,None apparent,Non-intersection:  Other non-intersection (explain in narrative),Paved,,Property Damage Only,0,0,0,0,0,0,1700,1,2,,POINT (-93.573300844944 41.652431549462)
2014806510,,06/29/2014,06-June,1-Sunday,17:13,1700 Hours,District 3 (Northwest),ARNOLDS PARK,DICKINSON,,,Collision with:  Vehicle in traffic,On Roadway,Broadside (front to side),FTYROW:  From parked position,None Indicated,,Daylight,Dry,Clear,None apparent,Non-intersection:  Non-junction/no special feature,,,Property Damage Only,0,0,0,0,0,0,3000,2,3,,POINT (-96.643700149993 40.233091251414)
2014806350,201402221,06/29/2014,06-June,1-Sunday,10:09,1000 Hours,District 6 (East Central),,LINN,US 151,US 151,Collision with:  Animal,,,Animal,None Indicated,,,,,,,Paved,,Property Damage Only,0,0,0,0,0,0,8000,1,1,,POINT (-91.553876522298 41.962590362326)
2014809341,062914A,06/29/2014,06-June,1-Sunday,17:46,1700 Hours,District 4 (Southwest),,FREMONT,I-29,I-29,Collision with fixed object:  Traffic sign support,Shoulder,Non-collision (single vehicle),Ran off road - right,None Indicated,,Daylight,Dry,Clear,None apparent,Non-intersection:  Non-junction/no special feature,Paved,,Property Damage Only,0,0,0,0,0,0,4050,1,2,,POINT (-95.813950096909 40.765366356338)
2014805598,14-1422,06/29/2014,06-June,1-Sunday,16:07,1600 Hours,District 1 (Central),URBANDALE,POLK,,AURORA AVE,Collision with:  Vehicle in traffic,On Roadway,"Angle, oncoming left turn",FTYROW:  Making left turn,None Indicated,,Daylight,Dry,Cloudy,None apparent,Non-intersection:  Driveway access (within),Paved,,Property Damage Only,0,0,0,0,0,0,6500,2,4,,POINT (-93.698330127829 41.63670699988)
2014805705,2014038036,06/29/2014,06-June,1-Sunday,07:25,0700 Hours,District 2 (Northeast),,WRIGHT,I-35,I-35,Non-collision events:  Jackknife,Median,Non-collision (single vehicle),Lost Control,None Indicated,,Daylight,Wet,Rain,None apparent,Non-intersection:  Non-junction/no special feature,Paved,,Property Damage Only,0,0,0,0,0,0,8000,1,1,,POINT (-93.526554922349 42.591351040334)
2014809988,2014006488,06/29/2014,06-June,1-Sunday,00:00,0000 Hours,District 1 (Central),MARSHALLTOWN,MARSHALL,,W LINN ST,Collision with:  Parked motor vehicle,On Roadway,Unknown,Unknown,None Indicated,,Unknown,Dry,Cloudy,Unknown,Non-intersection:  Non-junction/no special feature,Paved,,Property Damage Only,0,0,0,0,0,0,2000,2,1,,POINT (-92.918822647386 42.04667765753)
2014805584,20140018439,06/29/2014,06-June,1-Sunday,16:16,1600 Hours,District 5 (Southeast),DES MOINES,WARREN,IA 5,IA 5/NE RAMP/NW RAMP & SW 9TH ST,Collision with:  Vehicle in traffic,On Roadway,Broadside (front to side),FTYROW:  From stop sign,None Indicated,,Daylight,Dry,Cloudy,None apparent,Intersection:  Intersection with ramp,Paved,,Possible/Unknown,0,1,0,0,1,0,11000,2,4,,POINT (-93.62568476674 41.500638054814)
2014805996,2014-43485,06/29/2014,06-June,1-Sunday,03:48,0300 Hours,District 6 (East Central),DAVENPORT,SCOTT,,E 30TH ST,Collision with fixed object:  Utility pole/light support,Shoulder,Non-collision (single vehicle),Ran off road - right,Refused,,Dark - roadway lighted,Wet,Clear,None apparent,Non-intersection:  Non-junction/no special feature,Paved,,Property Damage Only,0,0,0,0,0,0,3500,1,1,,POINT (-90.566736250551 41.550987799067)
2014806838,1400000566,06/29/2014,06-June,1-Sunday,07:45,0700 Hours,District 1 (Central),LISCOMB,MARSHALL,,BANGOR ST & MAIN ST,Collision with fixed object:  Ditch,Shoulder,Non-collision (single vehicle),Ran off road - left,None Indicated,,Daylight,Wet,Cloudy,None apparent,Non-intersection:  Non-junction/no special feature,Paved,,Minor Injury,0,1,0,1,0,0,1500,1,1,,POINT (-93.00989396821 42.186342469164)
2014805809,01-14-28295,06/29/2014,06-June,1-Sunday,13:24,1300 Hours,District 6 (East Central),DUBUQUE,DUBUQUE,,W 3RD ST & MAIN ST,Collision with:  Vehicle in traffic,On Roadway,Rear-end (front to rear),Lost Control,None Indicated,,Daylight,Dry,Clear,None apparent,Non-intersection:  Non-junction/no special feature,Paved,,Property Damage Only,0,0,0,0,0,0,7000,2,2,,POINT (-90.664968656368 42.496801707987)
2014805590,20140018377,06/29/2014,06-June,1-Sunday,03:58,0300 Hours,District 1 (Central),DES MOINES,POLK,,COURTLAND DR,Collision with fixed object:  Tree,Shoulder,Non-collision (single vehicle),Ran off road - right,Alcohol (Statutory),,Dark - roadway not lighted,Wet,Clear,None apparent,Non-intersection:  Non-junction/no special feature,Paved,,Minor Injury,0,1,0,1,0,0,8100,1,1,,POINT (-93.619917221291 41.571728133628)
2014805461,1406298161,06/29/2014,06-June,1-Sunday,01:44,0100 Hours,District 6 (East Central),,CLINTON,US 61,US 61,Collision with:  Animal,,,Animal,None Indicated,,,,,,,Paved,,Property Damage Only,0,0,0,0,0,0,3000,1,1,,POINT (-90.656031448424 41.997586010076)
2014805687,14-20602,06/29/2014,06-June,1-Sunday,11:15,1100 Hours,District 3 (Northwest),SIOUX CITY,WOODBURY,,W 31ST ST & REBECCA ST,Collision with:  Vehicle in traffic,On Roadway,Broadside (front to side),FTYROW:  Making left turn,None Indicated,,Daylight,Dry,Cloudy,None apparent,Intersection:  T-intersection,Paved,,Property Damage Only,0,0,0,0,0,0,2300,2,2,,POINT (-96.425635675191 42.524063312399)
2014805788,1406298282,06/29/2014,06-June,1-Sunday,19:40,1900 Hours,District 6 (East Central),GRAND MOUND,CLINTON,,FULTON ST & WILLIAMS ST,Collision with:  Vehicle in traffic,On Roadway,Broadside (front to side),FTYROW:  From yield sign,None Indicated,,Dusk,Dry,Cloudy,None apparent,Intersection:  Four-way intersection,Paved,,Property Damage Only,0,0,0,0,0,0,11900,2,4,,POINT (-90.650369758247 41.823087390011)
2014808435,2014-43493,06/29/2014,06-June,1-Sunday,05:50,0500 Hours,District 6 (East Central),DAVENPORT,SCOTT,,ASH ST,Collision with fixed object:  Tree,Outside trafficway,Non-collision (single vehicle),Ran off road - left,None Indicated,,Dawn,Dry,Clear,None apparent,Non-intersection:  Non-junction/no special feature,Paved,,Property Damage Only,0,0,0,0,0,0,2000,1,1,,POINT (-90.588232665535 41.526177925558)
2014826617,14-014874,06/29/2014,06-June,1-Sunday,13:25,1300 Hours,District 5 (Southeast),,MAHASKA,,Co Rd T33/OLD HWY 102,Collision with fixed object:  Ditch,On Roadway,Non-collision (single vehicle),Crossed centerline (undivided),None Indicated,,Daylight,Dry,Cloudy,None apparent,Non-intersection:  Non-junction/no special feature,Paved,,Minor Injury,0,1,0,1,0,0,5000,1,1,,POINT (-92.810505902972 41.445328562885)
2014806026,14-003059,06/29/2014,06-June,1-Sunday,00:00,0000 Hours,District 1 (Central),AMES,STORY,,HUNT ST & WELCH AVE,Collision with:  Vehicle in traffic,On Roadway,"Sideswipe, same direction",Unknown,None Indicated,,Dark - roadway lighted,Dry,Clear,None apparent,Non-intersection:  Non-junction/no special feature,Paved,,Property Damage Only,0,0,0,0,0,0,2000,2,1,,POINT (-93.650127126771 42.020286190034)
2014805819,94-2014,06/29/2014,06-June,1-Sunday,17:10,1700 Hours,District 4 (Southwest),,HARRISON,I-29,I-29 & 235TH ST,Collision with:  Vehicle in traffic,Shoulder,Rear-end (front to rear),Ran off road - right,None Indicated,,Daylight,Wet,"Sleet, hail",None apparent,Non-intersection:  Other non-intersection (explain in narrative),Paved,,Major Injury,0,1,1,0,0,0,5200,2,2,,POINT (-96.034911846304 41.668597962414)
2014809919,14-1210,06/29/2014,06-June,1-Sunday,19:50,1900 Hours,District 1 (Central),POLK CITY,POLK,,N BROADWAY ST W,Collision with:  Animal,Shoulder,Non-collision (single vehicle),Animal,None Indicated,,Daylight,Dry,Cloudy,None apparent,Non-intersection:  Non-junction/no special feature,Paved,,Possible/Unknown,0,1,0,0,1,0,11000,1,1,,POINT (-93.73265596545 41.783767417026)
2014805531,14-4320,06/29/2014,06-June,1-Sunday,14:38,1400 Hours,District 1 (Central),,POLK,IA 163,IA 163/NE UNIVERSITY AVE & NE 88TH ST,Collision with:  Vehicle in traffic,On Roadway,Broadside (front to side),FTYROW:  From stop sign,None Indicated,,Daylight,Dry,Cloudy,None apparent,Intersection:  Four-way intersection,Paved,,Minor Injury,0,1,0,1,0,0,9500,2,6,,POINT (-93.423308659447 41.600272437205)
2014805811,01-14-28344,06/29/2014,06-June,1-Sunday,19:04,1900 Hours,District 6 (East Central),DUBUQUE,DUBUQUE,,W 9TH ST,Collision with:  Vehicle in traffic,On Roadway,Broadside (front to side),Made improper turn,None Indicated,,Daylight,Dry,Clear,None apparent,Non-intersection:  Non-junction/no special feature,Paved,,Property Damage Only,0,0,0,0,0,0,1700,2,4,,POINT (-90.671224578512 42.500378063593)
2014805884,2014-13707,06/29/2014,06-June,1-Sunday,05:10,0500 Hours,District 5 (Southeast),,WARREN,I-35,I-35,Collision with:  Animal,On Roadway,Non-collision (single vehicle),Animal,None Indicated,,Dawn,Wet,Clear,None apparent,Non-intersection:  Non-junction/no special feature,Paved,,Property Damage Only,0,0,0,0,0,0,6000,1,4,,POINT (-93.779720575589 41.452921555707)
2014806492,2014-13758,06/29/2014,06-June,1-Sunday,23:20,2300 Hours,District 5 (Southeast),INDIANOLA,WARREN,IA 92,IA 92/IOWA 92,Collision with:  Vehicle in traffic,On Roadway,"Sideswipe, opposite direction",Crossed centerline (undivided),None Indicated,,Dark - roadway lighted,Wet,Cloudy,None apparent,Non-intersection:  Non-junction/no special feature,Paved,,Property Damage Only,0,0,0,0,0,0,6500,2,4,,POINT (-93.521941247633 41.357647868031)
2014806678,2014038114,06/29/2014,06-June,1-Sunday,20:35,2000 Hours,District 1 (Central),,HARDIN,US 20,US 20,Non-collision events:  Overturn/rollover,On Roadway,Non-collision (single vehicle),Over correcting/over steering,None Indicated,,Dusk,Wet,"Sleet, hail",None apparent,Non-intersection:  Non-junction/no special feature,Paved,,Property Damage Only,0,0,0,0,0,0,5000,1,4,,POINT (-93.329670380758 42.448434624394)
2014810310,14V06193,06/29/2014,06-June,1-Sunday,00:06,0000 Hours,District 6 (East Central),VINTON,BENTON,US 218,US 218,Collision with:  Vehicle in traffic,On Roadway,Rear-end (front to rear),Followed too close,None Indicated,,Dark - roadway lighted,Wet,Cloudy,Work Zone (roadway-related),Non-intersection:  Other non-intersection (explain in narrative),Paved,Yes,Property Damage Only,0,0,0,0,0,0,1500,2,3,,POINT (-92.037622595257 42.165761635217)
2014806005,2014-43578,06/29/2014,06-June,1-Sunday,18:11,1800 Hours,District 6 (East Central),DAVENPORT,SCOTT,US 6,US 6/W KIMBERLY RD & N ELSIE AVE,Collision with:  Vehicle in traffic,On Roadway,"Angle, oncoming left turn",Ran Traffic Signal,Refused,,Daylight,Dry,Clear,None apparent,Intersection:  Four-way intersection,Paved,,Minor Injury,0,3,0,2,1,0,10000,2,3,,POINT (-90.623912067019 41.560208864869)
2014805585,20140018449,06/29/2014,06-June,1-Sunday,18:39,1800 Hours,District 1 (Central),DES MOINES,POLK,,E 4TH ST,Collision with:  Parked motor vehicle,On Roadway,Rear-end (front to rear),Unknown,None Indicated,,Daylight,Dry,Clear,None apparent,Non-intersection:  Non-junction/no special feature,Paved,,Property Damage Only,0,0,0,0,0,0,1500,2,777,,POINT (-93.613520674761 41.591641474472)
2014805469,144555,06/29/2014,06-June,1-Sunday,23:03,2300 Hours,District 4 (Southwest),,DALLAS,IA 141,IA 141/141ST ST,Collision with:  Animal,,,Animal,None Indicated,,,,,,,Paved,,Property Damage Only,0,0,0,0,0,0,6000,1,1,,POINT (-94.001593021164 41.834976703511)
2014806029,14-003071,06/29/2014,06-June,1-Sunday,23:10,2300 Hours,District 1 (Central),AMES,STORY,I-35,I-35,Collision with:  Animal,Outside trafficway,Non-collision (single vehicle),Animal,None Indicated,,Dark - roadway not lighted,Dry,Clear,None apparent,Non-intersection:  Non-junction/no special feature,Paved,,Property Damage Only,0,0,0,0,0,0,2000,1,1,,POINT (-93.571209457952 42.027388932771)
2014805428,201402941,06/29/2014,06-June,1-Sunday,08:58,0800 Hours,District 1 (Central),,BOONE,,290TH ST & T AVE,Collision with:  Vehicle in traffic,On Roadway,Broadside (front to side),FTYROW:  At uncontrolled intersection,None Indicated,,Daylight,Wet,Clear,None apparent,Intersection:  Four-way intersection,Unpaved,,Possible/Unknown,0,1,0,0,1,0,18000,2,2,,POINT (-93.795721621405 41.935995009534)
2014805415,14064972,06/29/2014,06-June,1-Sunday,13:05,1300 Hours,District 2 (Northeast),CEDAR FALLS,BLACK HAWK,,E RIDGEWAY AVE,Collision with:  Animal,On Roadway,Non-collision (single vehicle),Animal,None Indicated,,Daylight,Dry,Cloudy,None apparent,Non-intersection:  Non-junction/no special feature,Paved,,Property Damage Only,0,0,0,0,0,0,2000,1,5,,POINT (-92.437669528257 42.469548792796)
2014810127,1405069,06/29/2014,06-June,1-Sunday,13:04,1300 Hours,District 5 (Southeast),WASHINGTON,WASHINGTON,IA 92,IA 92/E WASHINGTON ST & S 3RD AVE,Collision with:  Vehicle in traffic,On Roadway,"Sideswipe, same direction",Improper or erratic lane changing,None Indicated,,Daylight,Dry,Clear,None apparent,Non-intersection:  Non-junction/no special feature,Paved,,Property Damage Only,0,0,0,0,0,0,4000,2,2,,POINT (-91.689402878622 41.298323690534)
2014807091,,06/29/2014,06-June,1-Sunday,00:38,0000 Hours,District 4 (Southwest),,ADAIR,,Co Rd P28/STUART RD,Collision with:  Animal,On Roadway,Non-collision (single vehicle),Animal,None Indicated,,Dark - roadway not lighted,Dry,Clear,None apparent,Non-intersection:  Non-junction/no special feature,Paved,,Property Damage Only,0,0,0,0,0,0,3000,1,1,,POINT (-94.318198546879 41.435986388645)
2014809987,1405073,06/29/2014,06-June,1-Sunday,14:03,1400 Hours,District 5 (Southeast),WASHINGTON,WASHINGTON,,E 2ND ST,Collision with:  Parked motor vehicle,On Roadway,Rear-end (front to rear),Other (explain in narrative):  Other,Refused,,Daylight,Dry,Cloudy,None apparent,Non-intersection:  Non-junction/no special feature,Paved,,Property Damage Only,0,0,0,0,0,0,11000,2,1,,POINT (-91.679592798152 41.300301295336)
2014805520,14-004423,06/29/2014,06-June,1-Sunday,00:30,0000 Hours,District 3 (Northwest),SOLDIER,MONONA,IA 183,IA 183/IOWA 183,Non-collision events:  Overturn/rollover,Shoulder,Non-collision (single vehicle),Downhill runaway,None Indicated,,Dark - roadway not lighted,Wet,Severe winds,None apparent,Non-intersection:  Non-junction/no special feature,Paved,,Minor Injury,0,1,0,1,0,0,8100,1,1,,POINT (-95.780279589181 41.977476235577)
2014805706,2014038055,06/29/2014,06-June,1-Sunday,12:10,1200 Hours,District 4 (Southwest),,CASS,I-80,I-80,Collision with:  Vehicle in traffic,On Roadway,"Sideswipe, same direction",Crossed centerline (undivided),None Indicated,,Daylight,Dry,Cloudy,None apparent,Non-intersection:  Non-junction/no special feature,Paved,,Property Damage Only,0,0,0,0,0,0,1750,2,2,,POINT (-94.821853830608 41.497068879629)
2014805549,20140018414,06/29/2014,06-June,1-Sunday,13:00,1300 Hours,District 1 (Central),DES MOINES,POLK,,E DUNHAM AVE,Collision with:  Vehicle in traffic,On Roadway,"Sideswipe, same direction",Unknown,None Indicated,,Daylight,Unknown,Cloudy,None apparent,Non-intersection:  Non-junction/no special feature,Paved,,Property Damage Only,0,0,0,0,0,0,1500,2,1,,POINT (-93.612569363591 41.573505921045)
2014808087,2014038020,06/29/2014,06-June,1-Sunday,04:45,0400 Hours,District 2 (Northeast),,CERRO GORDO,I-35,I-35,Collision with:  Animal,,Non-collision (single vehicle),Animal,None Indicated,,,,,,,Paved,,Property Damage Only,0,0,0,0,0,0,2000,1,1,,POINT (-93.34897012703 43.25302025795)
2014810240,2014-003710,06/29/2014,06-June,1-Sunday,04:40,0400 Hours,District 6 (East Central),,BENTON,US 30,US 30/73 ST,Collision with:  Animal,,,Animal,None Indicated,,,,,,,Paved,,Property Damage Only,0,0,0,0,0,0,2000,1,1,,POINT (-91.976644480044 41.963328031456)
2014805591,20140018462,06/29/2014,06-June,1-Sunday,22:11,2200 Hours,District 1 (Central),DES MOINES,POLK,,BUCHANAN ST & PENNSYLVANIA AVE,Collision with:  Vehicle in traffic,On Roadway,Broadside (front to side),Ran Stop Sign,None Indicated,,Dark - roadway lighted,Dry,Cloudy,None apparent,Intersection:  Four-way intersection,Paved,,Possible/Unknown,0,1,0,0,1,0,9500,3,7,,POINT (-93.608871263739 41.597376783254)
2014805921,,06/29/2014,06-June,1-Sunday,01:30,0100 Hours,District 6 (East Central),,JOHNSON,I-380,I-380,Collision with:  Animal,On Roadway,Non-collision (single vehicle),Animal,None Indicated,,Dark - roadway not lighted,Wet,Rain,,Non-intersection:  Non-junction/no special feature,Paved,,Minor Injury,0,1,0,1,0,0,0,1,2,,POINT (-91.66332042101 41.835735683752)
2014806028,14-003069,06/29/2014,06-June,1-Sunday,21:32,2100 Hours,District 1 (Central),AMES,STORY,,Co Rd R50/GEORGE W CARVER AVE & HARRISON RD,Collision with:  Animal,,,Animal,None Indicated,,,,,,,Paved,,Property Damage Only,0,0,0,0,0,0,3500,1,1,,POINT (-93.659265118917 42.059502592327)
2014805495,2014007070,06/29/2014,06-June,1-Sunday,18:16,1800 Hours,District 6 (East Central),IOWA CITY,JOHNSON,,BOWERY ST & GOVERNOR ST,Non-collision events:  Other non-collision (explain in narrative),On Roadway,Non-collision (single vehicle),Lost Control,Refused,,Daylight,Dry,Cloudy,None apparent,Intersection:  Other intersection (explain in narrative),Paved,,Major Injury,0,1,1,0,0,0,300,1,1,,POINT (-91.522921393997 41.654097363257)
2014806955,,06/29/2014,06-June,1-Sunday,21:35,2100 Hours,District 6 (East Central),IOWA CITY,JOHNSON,IA 1,IA 1/IOWA 1,Collision with:  Vehicle in traffic,On Roadway,Rear-end (front to rear),Followed too close,None Indicated,,Dark - roadway not lighted,Dry,Cloudy,None apparent,Non-intersection:  Non-junction/no special feature,Paved,,Fatal,1,1,0,0,1,0,15000,2,2,,POINT (-91.561960616926 41.638596276243)
2014806027,14-003060,06/29/2014,06-June,1-Sunday,04:03,0400 Hours,District 1 (Central),AMES,STORY,I-35,I-35,Collision with:  Animal,On Roadway,Non-collision (single vehicle),Animal,None Indicated,,Dark - roadway not lighted,Dry,Clear,None apparent,Non-intersection:  Non-junction/no special feature,Paved,,Property Damage Only,0,0,0,0,0,0,2500,1,2,,POINT (-93.569724289036 42.047751143352)
2014806280,CL14002214,06/29/2014,06-June,1-Sunday,12:22,1200 Hours,District 6 (East Central),CLINTON,CLINTON,,PERSHING BLVD,Collision with:  Parked motor vehicle,On Roadway,Unknown,Unknown,None Indicated,,Daylight,Unknown,Unknown,Unknown,Non-intersection:  Non-junction/no special feature,Paved,,Property Damage Only,0,0,0,0,0,0,2000,2,777,,POINT (-90.180528066264 41.874405135042)
2014808453,14-000905,06/29/2014,06-June,1-Sunday,21:00,2100 Hours,District 1 (Central),AMES,STORY,,13TH ST & STANGE RD,Collision with:  Vehicle in traffic,On Roadway,"Angle, oncoming left turn",FTYROW:  Making left turn,None Indicated,,Dusk,Dry,Cloudy,None apparent,Intersection:  Four-way intersection,Paved,,Property Damage Only,0,0,0,0,0,0,3000,2,2,,POINT (-93.644762635066 42.035663633103)
2014807332,90-14-000203,06/29/2014,06-June,1-Sunday,00:00,0000 Hours,District 2 (Northeast),,HUMBOLDT,,MICHIGAN AVE,Collision with fixed object:  Ditch,On Roadway,Non-collision (single vehicle),Ran off road - right,None Indicated,,Dark - roadway not lighted,Dry,Clear,None apparent,Non-intersection:  Non-junction/no special feature,Unpaved,,Property Damage Only,0,0,0,0,0,0,2500,1,3,,POINT (-94.198299648718 42.799479625385)
2014805787,1406298281,06/29/2014,06-June,1-Sunday,17:40,1700 Hours,District 6 (East Central),DE WITT,CLINTON,US 30,US 30/RAMP & US 61,Collision with fixed object:  Ditch,Outside trafficway,Non-collision (single vehicle),Ran off road - left,None Indicated,,Daylight,Dry,Cloudy,None apparent,Interchange-related:  On-ramp,Paved,,Major Injury,0,1,1,0,0,0,750,1,1,,POINT (-90.567170128501 41.80341438072)
2014828313,14060669,06/29/2014,06-June,1-Sunday,21:53,2100 Hours,District 5 (Southeast),,WAPELLO,US 63,US 63 & 100TH ST,Collision with fixed object:  Guardrail - face,Shoulder,Non-collision (single vehicle),Crossed centerline (undivided),Alcohol (Statutory),,Dark - roadway not lighted,Dry,Cloudy,None apparent,Non-intersection:  Other non-intersection (explain in narrative),Paved,,Property Damage Only,0,0,0,0,0,0,7000,1,1,,POINT (-92.380016219149 41.027563619323)
2014805602,14-001439,06/29/2014,06-June,1-Sunday,09:30,0900 Hours,District 1 (Central),ALTOONA,POLK,,34TH AVE SW,Collision with:  Vehicle in traffic,On Roadway,Rear-end (front to rear),Followed too close,None Indicated,,Daylight,Dry,Cloudy,None apparent,Non-intersection:  Non-junction/no special feature,Paved,,Possible/Unknown,0,2,0,0,2,0,3000,2,4,,POINT (-93.503137718574 41.650445245935)
2014806135,201409235,06/29/2014,06-June,1-Sunday,11:45,1100 Hours,District 6 (East Central),CEDAR RAPIDS,LINN,,16TH AVE SW & 9TH ST SW,Collision with:  Vehicle in traffic,On Roadway,Broadside (front to side),Ran Stop Sign,None Indicated,,Daylight,Dry,Cloudy,None apparent,Intersection:  Four-way intersection,Paved,,Property Damage Only,0,0,0,0,0,0,9000,2,4,,POINT (-91.681226944641 41.961791429485)