Iowa DOT Case Number,Law Enforcement Case Number,Date of Crash,Month of Crash,Day of Week,Time of Crash,Hour,DOT District,City Name,County Name,Route with System,Location Description,First Harmful Event,Location of First Harmful Event,Manner of Crash/Collision,Major Cause,Drug or Alcohol ,Environmental Conditions,Light Conditions,Surface Conditions,Weather Conditions,Roadway Contribution,Roadway Type,Roadway Surface,Work Zone,Crash Severity,Number of Fatalities,Number of Injuries,Number of Major Injuries,Number of Minor Injuries,Number of Possible Injuries,Number of Unknown Injuries,Amount of Property Damage,Number of Vehicles Involved,Total Number of Occupants,Travel Direction,Location
2014805540,14-002795,06/29/2014,06-June,1-Sunday,00:20,0000 Hours,District 1 (Central),ANKENY,POLK,I-35,I-35 & CORPORATE WOODS DR,Non-collision events:  Other non-collision (explain in narrative),Shoulder,Non-collision (single vehicle),Driving too fast for conditions,None Indicated,,Dark - roadway lighted,Wet,Rain,None apparent,Non-intersection:  Non-junction/no special feature,Paved,,Property Damage Only,0,0,0,0,0,0,2100,1,1,,POINT (-93.578776214223 41.680488365909)
2014834054,14-1475,06/29/2014,06-June,1-Sunday,00:00,0000 Hours,District 2 (Northeast),WEST UNION,FAYETTE,,W ELM ST,Collision with:  Parked motor vehicle,On Roadway,Unknown,Unknown,None Indicated,,Dark - roadway lighted,Dry,Clear,None apparent,Non-intersection:  Non-junction/no special feature,Paved,,Property Damage Only,0,0,0,0,0,0,2000,2,1,,POINT (-91.813082963681 42.961204305296)
2014828311,14060659,06/29/2014,06-June,1-Sunday,17:17,1700 Hours,District 5 (Southeast),,WAPELLO,US 34,US 34,Collision with:  Animal,,Non-collision (single vehicle),Animal,None Indicated,,,,,,,Paved,,Property Damage Only,0,0,0,0,0,0,1500,1,1,,POINT (-92.370018927888 41.009394051902)
2014805582,20140018431,06/29/2014,06-June,1-Sunday,14:01,1400 Hours,District 1 (Central),DES MOINES,POLK,US 6,US 6/MERLE HAY RD/DOUGLAS AVE & IA 28,Collision with:  Vehicle in traffic,On Roadway,"Sideswipe, same direction",FTYROW:  Other (explain in narrative),None Indicated,,Daylight,Dry,Clear,None apparent,Non-intersection:  Non-junction/no special feature,Paved,,Property Damage Only,0,0,0,0,0,0,3200,2,4,,POINT (-93.697771212229 41.629414590539)
2014805467,141822,06/29/2014,06-June,1-Sunday,00:00,0000 Hours,District 3 (Northwest),,CRAWFORD,,Co Rd E25/I AVE & Co Rd M55/345TH ST,Collision with:  Vehicle in traffic,On Roadway,"Sideswipe, opposite direction","Operating vehicle in an reckless, erratic, careless, negligent manner",None Indicated,,Dark - roadway not lighted,Dry,Clear,None apparent,Intersection:  Four-way intersection,Paved,,Property Damage Only,0,0,0,0,0,0,6000,2,4,,POINT (-95.197664945911 42.093953860076)
2014805670,14-1951,06/29/2014,06-June,1-Sunday,22:15,2200 Hours,District 1 (Central),FORT DODGE,WEBSTER,,KENYON RD & TOWER DR,Collision with:  Vehicle in traffic,On Roadway,Broadside (front to side),Ran Traffic Signal,None Indicated,,Dark - roadway lighted,Dry,Clear,None apparent,Intersection:  Four-way intersection,Paved,,Property Damage Only,0,0,0,0,0,0,2000,2,3,,POINT (-94.202326983009 42.486154494876)
2014805951,201409265,06/29/2014,06-June,1-Sunday,22:00,2200 Hours,District 6 (East Central),CEDAR RAPIDS,LINN,IA 922,IA 922/WILLIAMS BLVD,Collision with:  Vehicle in traffic,Shoulder,Rear-end (front to rear),Other (explain in narrative):  Other,None Indicated,,Dark - roadway lighted,Wet,Rain,"Surface condition (e.g., wet, icy)",Non-intersection:  Non-junction/no special feature,Paved,,Major Injury,0,1,1,0,0,0,2500,2,2,,POINT (-91.718404742487 41.956430359379)
2014815232,01-14-28355,06/29/2014,06-June,1-Sunday,21:20,2100 Hours,District 6 (East Central),DUBUQUE,DUBUQUE,US 151,US 151,Collision with:  Animal,,Non-collision (single vehicle),Animal,None Indicated,,,,,,,Paved,,Property Damage Only,0,0,0,0,0,0,10000,1,1,,POINT (-90.700594169355 42.4188701737)
2014806120,02-14-9804,06/29/2014,06-June,1-Sunday,20:33,2000 Hours,District 6 (East Central),,DUBUQUE,,HILKEN HILL RD,Non-collision events:  Other non-collision (explain in narrative),On Roadway,Non-collision (single vehicle),Swerving/Evasive Action,None Indicated,,Dusk,Dry,Clear,None apparent,Non-intersection:  Non-junction/no special feature,Unpaved,,Property Damage Only,0,0,0,0,0,0,2500,1,2,,POINT (-90.595698128291 42.413051803626)
2014805620,14-026890,06/29/2014,06-June,1-Sunday,13:14,1300 Hours,District 4 (Southwest),COUNCIL BLUFFS,POTTAWATTAMIE,,23RD AVE,Collision with:  Vehicle in traffic,On Roadway,"Angle, oncoming left turn",Made improper turn,None Indicated,,Daylight,Dry,Clear,None apparent,Non-intersection:  Non-junction/no special feature,Paved,,Property Damage Only,0,0,0,0,0,0,5500,2,2,,POINT (-95.879424306978 41.239165307409)
2014805506,201409216,06/29/2014,06-June,1-Sunday,00:09,0000 Hours,District 6 (East Central),CEDAR RAPIDS,LINN,,CENTER POINT RD NE,Collision with:  Vehicle in traffic,On Roadway,Broadside (front to side),Ran Traffic Signal,None Indicated,,Dark - roadway lighted,Wet,Rain,None apparent,Intersection:  Intersection with ramp,Paved,,Possible/Unknown,0,1,0,0,1,0,4000,2,3,,POINT (-91.668015350903 42.028853768983)
2014806446,2014-43522,06/29/2014,06-June,1-Sunday,11:59,1100 Hours,District 6 (East Central),DAVENPORT,SCOTT,,N DIVISION ST,Collision with:  Vehicle in traffic,On Roadway,"Sideswipe, same direction",FTYROW:  Other (explain in narrative),None Indicated,,Daylight,Dry,Cloudy,Work Zone (roadway-related),Non-intersection:  Alley,Paved,Yes,Property Damage Only,0,0,0,0,0,0,1500,2,4,,POINT (-90.601180008492 41.525106916042)
2014805583,20140018433,06/29/2014,06-June,1-Sunday,15:07,1500 Hours,District 1 (Central),DES MOINES,POLK,,10TH ST,Collision with:  Vehicle in traffic,On Roadway,Rear-end (front to rear),Followed too close,None Indicated,,Daylight,Dry,Clear,None apparent,Non-intersection:  Non-junction/no special feature,Paved,,Property Damage Only,0,0,0,0,0,0,2300,2,2,,POINT (-93.630000655755 41.586129986056)
2014805482,14-010864,06/29/2014,06-June,1-Sunday,05:20,0500 Hours,District 5 (Southeast),,HENRY,,Co Rd J20/SALEM RD,Collision with:  Animal,,,Animal,None Indicated,,,,,,,Paved,,Property Damage Only,0,0,0,0,0,0,2000,1,1,,POINT (-91.407230254752 40.823808011301)
2014805864,14-0731,06/29/2014,06-June,1-Sunday,19:21,1900 Hours,District 1 (Central),PLEASANT HILL,POLK,US 65,US 65/NW RAMP,Collision with:  Vehicle in traffic,On Roadway,Rear-end (front to rear),Unknown,None Indicated,,Daylight,Dry,Cloudy,None apparent,Non-intersection:  Non-junction/no special feature,Paved,,Property Damage Only,0,0,0,0,0,0,1500,2,2,,POINT (-93.498719560676 41.599195419951)
2014807058,S14-6411,06/29/2014,06-June,1-Sunday,09:20,0900 Hours,District 3 (Northwest),,WOODBURY,US 20,US 20,Collision with:  Vehicle in traffic,On Roadway,Broadside (front to side),Ran Stop Sign,None Indicated,,Daylight,Dry,Cloudy,None apparent,Intersection:  Four-way intersection,Paved,,Possible/Unknown,0,2,0,0,1,1,60000,2,2,,POINT (-95.90326170671 42.48234841714)
2014806004,2014-43575,06/29/2014,06-June,1-Sunday,17:21,1700 Hours,District 6 (East Central),DAVENPORT,SCOTT,,W LOCUST ST,Collision with:  Vehicle in traffic,On Roadway,"Angle, oncoming left turn",FTYROW:  Making left turn,None Indicated,,Daylight,Dry,Clear,None apparent,Non-intersection:  Driveway access (within),Paved,,Major Injury,0,2,1,1,0,0,9200,2,3,,POINT (-90.617490679198 41.538181292969)
2014805546,20140018391,06/29/2014,06-June,1-Sunday,08:05,0800 Hours,District 1 (Central),DES MOINES,POLK,,RUTLAND AVE & 31ST ST,Collision with:  Vehicle in traffic,On Roadway,Rear-end (front to rear),Followed too close,None Indicated,,Daylight,Dry,Cloudy,None apparent,Non-intersection:  Non-junction/no special feature,Paved,,Property Damage Only,0,0,0,0,0,0,2500,2,5,,POINT (-93.659306138553 41.597557982295)
2014806041,14-20692,06/30/2014,06-June,2-Monday,07:54,0700 Hours,District 3 (Northwest),SIOUX CITY,WOODBURY,I-29,I-29,Collision with:  Vehicle in traffic,On Roadway,"Sideswipe, same direction",Driving too fast for conditions,None Indicated,,Daylight,Wet,Rain,"Surface condition (e.g., wet, icy)",Non-intersection:  Non-junction/no special feature,Paved,,Property Damage Only,0,0,0,0,0,0,4100,2,2,,POINT (-96.382750794377 42.473580873375)
2014806044,14-20741,06/30/2014,06-June,2-Monday,16:53,1600 Hours,District 3 (Northwest),SIOUX CITY,WOODBURY,,7TH ST & DOUGLAS ST,Collision with:  Vehicle in traffic,On Roadway,"Angle, oncoming left turn",Made improper turn,None Indicated,,Daylight,Dry,Clear,None apparent,Intersection:  Four-way intersection,Paved,,Property Damage Only,0,0,0,0,0,0,3500,2,3,,POINT (-96.406464330871 42.497450981889)
2014808744,,06/30/2014,06-June,2-Monday,12:22,1200 Hours,District 2 (Northeast),CLEAR LAKE,CERRO GORDO,,S SHORE DR,Collision with:  Vehicle in traffic,On Roadway,"Sideswipe, same direction",Unknown,None Indicated,,Daylight,Wet,Rain,Other (explain in narrative),Non-intersection:  Driveway access (within),Paved,,Property Damage Only,0,0,0,0,0,0,4200,2,2,,POINT (-93.384565365198 43.12242685699)
2014805812,01-14-28520,06/30/2014,06-June,2-Monday,15:14,1500 Hours,District 6 (East Central),DUBUQUE,DUBUQUE,US 20,US 20/DODGE ST,Collision with:  Vehicle in traffic,On Roadway,Rear-end (front to rear),Lost Control,None Indicated,,Daylight,Wet,Cloudy,None apparent,Non-intersection:  Non-junction/no special feature,Paved,,Property Damage Only,0,0,0,0,0,0,1500,2,2,,POINT (-90.668947616291 42.491569666572)
2014805432,063014-19,06/30/2014,06-June,2-Monday,02:33,0200 Hours,District 3 (Northwest),STORM LAKE,BUENA VISTA,,LAKE AVE & W 16TH ST & E 16TH ST,Collision with fixed object:  Culvert/pipe opening,Shoulder,Non-collision (single vehicle),Ran off road - left,None Indicated,,Dark - roadway not lighted,Wet,Rain,"Surface condition (e.g., wet, icy)",Non-intersection:  Non-junction/no special feature,Paved,,Minor Injury,0,1,0,1,0,0,3200,1,1,,POINT (-95.200768581358 42.660553599056)
2014806516,,06/30/2014,06-June,2-Monday,17:45,1700 Hours,District 6 (East Central),CEDAR RAPIDS,LINN,IA 100,IA 100/COLLINS RD NE & ROCKWELL DR NE,Collision with:  Vehicle in traffic,On Roadway,Rear-end (front to rear),Unknown,None Indicated,,Daylight,Wet,Rain,,Intersection:  T-intersection,Paved,,Property Damage Only,0,0,0,0,0,0,5000,2,2,,POINT (-91.648975315035 42.028388030185)
2014895490,057-14,06/30/2014,06-June,2-Monday,15:10,1500 Hours,District 4 (Southwest),,MADISON,,Co Rd G4R/CUMMING RD,Collision with fixed object:  Ditch,Shoulder,Non-collision (single vehicle),Ran off road - straight,None Indicated,,Daylight,Wet,Cloudy,None apparent,Non-intersection:  Non-junction/no special feature,Paved,,Possible/Unknown,0,1,0,0,1,0,6800,1,1,,POINT (-93.962793307504 41.401922141107)
2014811574,143617,06/30/2014,06-June,2-Monday,23:58,2300 Hours,District 1 (Central),,HARDIN,IA 175,IA 175/IOWA 175,Collision with:  Animal,,,Animal,None Indicated,,,,,,,Paved,,Property Damage Only,0,0,0,0,0,0,2000,1,1,,POINT (-93.204400125786 42.360701570793)
2014805789,1406308091,06/30/2014,06-June,2-Monday,15:40,1500 Hours,District 6 (East Central),DELMAR,CLINTON,US 61,US 61,Non-collision events:  Overturn/rollover,On Roadway,Non-collision (single vehicle),Other (explain in narrative):  No improper action,None Indicated,,Daylight,Wet,Rain,None apparent,Non-intersection:  Non-junction/no special feature,Paved,,Possible/Unknown,0,1,0,0,1,0,5250,1,1,,POINT (-90.651489767794 41.973681578701)
2014806440,14-12223,06/30/2014,06-June,2-Monday,13:25,1300 Hours,District 6 (East Central),BETTENDORF,SCOTT,I-74,I-74,Collision with:  Vehicle in traffic,On Roadway,Rear-end (front to rear),Lost Control,None Indicated,,Daylight,Dry,Clear,None apparent,Non-intersection:  Other non-intersection (explain in narrative),Paved,,Property Damage Only,0,0,0,0,0,0,1500,2,3,,POINT (-90.513232188683 41.520211566064)
2014808213,2014038178,06/30/2014,06-June,2-Monday,08:15,0800 Hours,District 6 (East Central),FAIRFAX,LINN,US 151,US 151/WILLIAMS BLVD,Collision with fixed object:  Other fixed object (explain in narrative),On Roadway,Non-collision (single vehicle),Unknown,None Indicated,,Daylight,Dry,Clear,"Surface condition (e.g., wet, icy)",Non-intersection:  Other non-intersection (explain in narrative),Paved,,Possible/Unknown,0,1,0,0,1,0,80000,1,1,,POINT (-91.782747688825 41.926940747731)
2014825467,14-015650,06/30/2014,06-June,2-Monday,05:02,0500 Hours,District 5 (Southeast),,MARION,,DAKOTA ST,Collision with fixed object:  Tree,On Roadway,Unknown,Swerving/Evasive Action,None Indicated,,Dark - roadway not lighted,"Mud, dirt","Fog, smoke, smog",Obstruction in roadway,Non-intersection:  Non-junction/no special feature,Unpaved,,Property Damage Only,0,0,0,0,0,0,6000,1,1,,POINT (-93.110822514617 41.461716853878)
2014821676,14-140630-01,06/30/2014,06-June,2-Monday,14:31,1400 Hours,District 6 (East Central),,IOWA,IA 21,IA 21/B AVE,Non-collision events:  Overturn/rollover,Roadside,Non-collision (single vehicle),Ran off road - left,None Indicated,,Daylight,Wet,Rain,None apparent,Non-intersection:  Non-junction/no special feature,Paved,,Property Damage Only,0,0,0,0,0,0,25000,1,1,,POINT (-92.279257664559 41.77839358482)
2014805844,20140018532,06/30/2014,06-June,2-Monday,16:18,1600 Hours,District 1 (Central),DES MOINES,POLK,US 6,US 6/EUCLID AVE,Collision with:  Vehicle in traffic,On Roadway,Rear-end (front to rear),Followed too close,None Indicated,,Daylight,Dry,Cloudy,None apparent,Non-intersection:  Non-junction/no special feature,Paved,,Property Damage Only,0,0,0,0,0,0,1600,2,3,,POINT (-93.65047724549 41.627683341951)
2014806191,14-003076,06/30/2014,06-June,2-Monday,09:55,0900 Hours,District 1 (Central),AMES,STORY,,13TH ST & KELLOGG AVE,Collision with:  Vehicle in traffic,On Roadway,Broadside (front to side),FTYROW:  From stop sign,None Indicated,,Daylight,Wet,Rain,None apparent,Intersection:  Four-way intersection,Paved,,Property Damage Only,0,0,0,0,0,0,7000,2,2,,POINT (-93.613968812052 42.034580575814)
2014805821,14-010935,06/30/2014,06-June,2-Monday,04:33,0400 Hours,District 5 (Southeast),,HENRY,US 218,US 218 & 295TH ST,Collision with:  Vehicle in traffic,On Roadway,Broadside (front to side),Ran Stop Sign,Alcohol (Statutory),,Dark - roadway not lighted,Dry,Cloudy,None apparent,Intersection:  Four-way intersection,Paved,,Fatal,1,6,0,6,0,0,14600,2,7,,POINT (-91.564996779485 40.879134270626)
2014806050,2014038229,06/30/2014,06-June,2-Monday,12:32,1200 Hours,District 4 (Southwest),,CASS,I-80,I-80,Non-collision events:  Overturn/rollover,Median,Non-collision (single vehicle),Ran off road - left,None Indicated,,Daylight,Wet,Rain,None apparent,Non-intersection:  Non-junction/no special feature,Paved,,Major Injury,0,1,1,0,0,0,30000,1,1,,POINT (-94.744727768394 41.496697853959)
2014807350,201400002227,06/30/2014,06-June,2-Monday,01:28,0100 Hours,District 6 (East Central),,LINN,IA 1,IA 1/IOWA 1,Non-collision events:  Other non-collision (explain in narrative),On Roadway,Non-collision (single vehicle),Other (explain in narrative):  No improper action,None Indicated,,Dark - roadway not lighted,Wet,Rain,Ruts/holes/bumps,Non-intersection:  Other non-intersection (explain in narrative),Paved,,Property Damage Only,0,0,0,0,0,0,8000,1,1,,POINT (-91.392726577265 41.949810459843)
2014806513,,06/30/2014,06-June,2-Monday,10:53,1000 Hours,District 1 (Central),TAMA,TAMA,,8TH ST & WILSON ST,Collision with:  Vehicle in traffic,On Roadway,Broadside (front to side),FTYROW:  From yield sign,None Indicated,,Daylight,Dry,Clear,None apparent,Intersection:  Four-way intersection,Paved,,Property Damage Only,0,0,0,0,0,0,3000,2,8,,POINT (-92.57076295576 41.966618364001)
2014805861,14-3079,06/30/2014,06-June,2-Monday,16:20,1600 Hours,District 1 (Central),WEST DES MOINES,POLK,,ASHWORTH RD & 57TH ST,Collision with:  Vehicle in traffic,On Roadway,"Sideswipe, same direction",Swerving/Evasive Action,None Indicated,,Daylight,Wet,Cloudy,None apparent,Non-intersection:  Non-junction/no special feature,Paved,,Property Damage Only,0,0,0,0,0,0,3000,2,2,,POINT (-93.786015584643 41.584439636656)
2014805824,14095275,06/30/2014,06-June,2-Monday,05:04,0500 Hours,District 6 (East Central),,JOHNSON,,Co Rd F14/CLEAR CREEK RD,Collision with fixed object:  Tree,On Roadway,Non-collision (single vehicle),Other (explain in narrative):  No improper action,None Indicated,,Dark - roadway not lighted,Wet,Other (explain in narrative),Debris,Non-intersection:  Non-junction/no special feature,Unpaved,,Property Damage Only,0,0,0,0,0,0,6000,1,1,,POINT (-91.37815931262 41.860000668838)
2014806331,14095407,06/30/2014,06-June,2-Monday,12:20,1200 Hours,District 6 (East Central),IOWA CITY,JOHNSON,,S DUBUQUE ST,Collision with:  Vehicle in traffic,On Roadway,"Sideswipe, same direction",FTYROW:  Making left turn,None Indicated,,Daylight,Dry,Cloudy,None apparent,Intersection:  Four-way intersection,Paved,,Property Damage Only,0,0,0,0,0,0,4500,2,2,,POINT (-91.533232026994 41.650104281244)
2014806470,14-003088,06/30/2014,06-June,2-Monday,20:54,2000 Hours,District 1 (Central),AMES,STORY,,ARIZONA AVE,Collision with:  Vehicle in traffic,On Roadway,Rear-end (front to rear),Followed too close,None Indicated,,Dusk,Dry,Cloudy,None apparent,Non-intersection:  Non-junction/no special feature,Paved,,Property Damage Only,0,0,0,0,0,0,8000,4,4,,POINT (-93.675475439182 42.034703422086)
2014806006,2014-43721,06/30/2014,06-June,2-Monday,07:28,0700 Hours,District 6 (East Central),DAVENPORT,SCOTT,,W LOCUST ST,Collision with:  Animal,,,Animal,None Indicated,,,,,,,Paved,,Property Damage Only,0,0,0,0,0,0,5000,1,1,,POINT (-90.661842267516 41.538209485483)
2014805470,144558,06/30/2014,06-June,2-Monday,00:30,0000 Hours,District 4 (Southwest),,DALLAS,IA 141,IA 141/IOWA 141,Collision with:  Animal,,,Animal,None Indicated,,,,,,,Paved,,Property Damage Only,0,0,0,0,0,0,5000,1,1,,POINT (-93.845183577019 41.768970894707)
2014806503,14-009639,06/30/2014,06-June,2-Monday,15:00,1500 Hours,District 6 (East Central),TIPTON,CEDAR,,5TH ST,Collision with:  Other non-fixed object (explain in narrative),On Roadway,Non-collision (single vehicle),Other (explain in narrative):  No improper action,None Indicated,,Daylight,Wet,Rain,None apparent,Non-intersection:  Non-junction/no special feature,Paved,,Property Damage Only,0,0,0,0,0,0,1550,1,0,,POINT (-91.127973015422 41.770011731199)
2014805965,14-002809,06/30/2014,06-June,2-Monday,17:02,1700 Hours,District 1 (Central),ANKENY,POLK,IA 160,IA 160/SE ORALABOR RD,Collision with:  Vehicle in traffic,On Roadway,Rear-end (front to rear),Lost Control,None Indicated,,Daylight,Wet,Rain,None apparent,Intersection:  Intersection with ramp,Paved,,Possible/Unknown,0,1,0,0,1,0,1000,2,2,,POINT (-93.577006030865 41.702897923222)
2014806738,,06/30/2014,06-June,2-Monday,12:55,1200 Hours,District 2 (Northeast),NEW HAMPTON,CHICKASAW,,W HAMILTON ST & S SHEAKLEY AVE,Collision with:  Vehicle in traffic,On Roadway,Broadside (front to side),FTYROW:  From stop sign,None Indicated,,Daylight,Dry,,None apparent,Intersection:  Four-way intersection,Paved,,Property Damage Only,0,0,0,0,0,0,5000,2,2,,POINT (-92.324827406559 43.057443450716)
2014805949,201402230,06/30/2014,06-June,2-Monday,15:00,1500 Hours,District 6 (East Central),,LINN,US 151,US 151/DUBUQUE RD,Non-collision events:  Overturn/rollover,Shoulder,Non-collision (single vehicle),Ran off road - right,None Indicated,,Daylight,Wet,Rain,"Surface condition (e.g., wet, icy)",Non-intersection:  Non-junction/no special feature,Paved,,Property Damage Only,0,0,0,0,0,0,5000,1,1,,POINT (-91.407616921249 42.061542872607)
2014806209,201409318,06/30/2014,06-June,2-Monday,15:00,1500 Hours,District 6 (East Central),CEDAR RAPIDS,LINN,,O AVE NW,Collision with:  Parked motor vehicle,On Roadway,Rear-end (front to rear),Driving too fast for conditions,None Indicated,,Daylight,Wet,Rain,None apparent,Non-intersection:  Non-junction/no special feature,Paved,,Property Damage Only,0,0,0,0,0,0,9000,2,1,,POINT (-91.701185915834 41.989119424262)
2014808214,2014038247,06/30/2014,06-June,2-Monday,13:25,1300 Hours,District 5 (Southeast),,WARREN,I-35,I-35,Non-collision events:  Overturn/rollover,On Roadway,Non-collision (single vehicle),Ran off road - left,None Indicated,,Daylight,Wet,Rain,None apparent,Non-intersection:  Non-junction/no special feature,Paved,,Property Damage Only,0,0,0,0,0,0,20000,1,1,,POINT (-93.779566421654 41.351948509631)
2014806668,2014038188,06/30/2014,06-June,2-Monday,09:40,0900 Hours,District 1 (Central),DES MOINES,POLK,I-35,I-35,Collision with:  Animal,,Non-collision (single vehicle),Animal,None Indicated,,,,,,,Paved,,Property Damage Only,0,0,0,0,0,0,4000,1,1,,POINT (-93.629800870525 41.649478744978)
2014805893,S14-6443,06/30/2014,06-June,2-Monday,07:28,0700 Hours,District 3 (Northwest),MOVILLE,WOODBURY,US 20,US 20 & IA 140/S 1ST ST & Co Rd K64/MOVILLE BLACK TOP,Collision with:  Vehicle in traffic,On Roadway,Broadside (front to side),Ran Stop Sign,None Indicated,,Daylight,Wet,Cloudy,None apparent,Intersection:  Four-way intersection,Paved,,Property Damage Only,0,0,0,0,0,0,8000,2,2,,POINT (-96.075798137915 42.481941201699)
2014807083,,06/30/2014,06-June,2-Monday,23:12,2300 Hours,District 2 (Northeast),DECORAH,WINNESHIEK,,COLLEGE DR,Collision with:  Vehicle in traffic,On Roadway,Broadside (front to side),FTYROW:  From driveway,None Indicated,,Dark - roadway lighted,Dry,Clear,None apparent,Non-intersection:  Driveway access (within),Paved,,Property Damage Only,0,0,0,0,0,0,3500,2,2,,POINT (-91.796511065472 43.307029610574)
2014805925,201402948,06/30/2014,06-June,2-Monday,09:15,0900 Hours,District 1 (Central),BOONE,BOONE,US 30,US 30/220TH ST,Collision with:  Vehicle in traffic,On Roadway,Rear-end (front to rear),Swerving/Evasive Action,None Indicated,,Daylight,Dry,Cloudy,None apparent,Non-intersection:  Non-junction/no special feature,Paved,,Minor Injury,0,1,0,1,0,0,6500,2,3,,POINT (-93.910334754349 42.034801163347)
2014805849,20140018544,06/30/2014,06-June,2-Monday,17:32,1700 Hours,District 1 (Central),DES MOINES,POLK,US 6,US 6/E EUCLID AVE & E 28TH ST,Collision with:  Vehicle in traffic,Outside trafficway,Broadside (front to side),Separation of units,None Indicated,,Daylight,Wet,Rain,None apparent,Non-intersection:  Non-junction/no special feature,Paved,,Minor Injury,0,2,0,1,1,0,4400,2,2,,POINT (-93.564006103227 41.627716790442)
2014816052,,06/30/2014,06-June,2-Monday,00:00,0000 Hours,District 4 (Southwest),,PAGE,IA 2,IA 2/IOWA 2,Collision with fixed object:  Traffic sign support,,,Unknown,None Indicated,,,,,,,Paved,,Property Damage Only,0,0,0,0,0,0,1678,1,1,,POINT (-95.004918125457 40.73042800342)
2014806895,2014-43937,06/30/2014,06-June,2-Monday,21:22,2100 Hours,District 6 (East Central),DAVENPORT,SCOTT,,E LOCUST ST & MARLO AVE,Collision with:  Vehicle in traffic,On Roadway,Rear-end (front to rear),Driving too fast for conditions,None Indicated,,Dark - roadway lighted,Wet,Rain,"Surface condition (e.g., wet, icy)",Intersection:  Four-way intersection,Paved,,Property Damage Only,0,0,0,0,0,0,2500,2,2,,POINT (-90.530117164342 41.538480341476)
2014805759,14-139,06/30/2014,06-June,2-Monday,13:56,1300 Hours,District 2 (Northeast),WAVERLY,BREMER,,SERVICE DR,Non-collision events:  Other non-collision (explain in narrative),Shoulder,Non-collision (single vehicle),Lost Control,None Indicated,,Daylight,Wet,Rain,"Surface condition (e.g., wet, icy)",Non-intersection:  Non-junction/no special feature,Paved,,Property Damage Only,0,0,0,0,0,0,1600,1,1,,POINT (-92.503444881188 42.730297265943)
2014805840,20140018559,06/30/2014,06-June,2-Monday,22:20,2200 Hours,District 1 (Central),DES MOINES,POLK,US 6,US 6/FREDERICK M HUBBELL AVE & E 38TH ST,Collision with:  Vehicle in traffic,On Roadway,"Angle, oncoming left turn",FTYROW:  Making left turn,None Indicated,,Dark - roadway lighted,Wet,Cloudy,None apparent,Intersection:  Four-way intersection,Paved,,Property Damage Only,0,0,0,0,0,0,5500,2,4,,POINT (-93.541904595262 41.630534271569)
2014807565,2014038285,06/30/2014,06-June,2-Monday,15:00,1500 Hours,District 6 (East Central),CEDAR RAPIDS,LINN,,STONY POINT RD SW & 16TH AVE SW,Collision with:  Vehicle in traffic,On Roadway,Broadside (front to side),Ran Traffic Signal,None Indicated,,Daylight,Wet,Rain,None apparent,Intersection:  Four-way intersection,Paved,,Minor Injury,0,2,0,1,1,0,60000,3,3,,POINT (-91.755033825619 41.964065670439)
2014808865,14-000772,06/30/2014,06-June,2-Monday,17:50,1700 Hours,District 1 (Central),COLO,STORY,US 30,US 30,Collision with:  Other non-fixed object (explain in narrative),On Roadway,Non-collision (single vehicle),Driving too fast for conditions,None Indicated,,Daylight,Wet,Rain,None apparent,Non-intersection:  Non-junction/no special feature,Paved,,Property Damage Only,0,0,0,0,0,0,2300,1,1,,POINT (-93.310696004573 42.007737545251)
2014806467,14-003083,06/30/2014,06-June,2-Monday,16:46,1600 Hours,District 1 (Central),AMES,STORY,US 69,US 69/S DUFF AVE,Collision with:  Vehicle in traffic,On Roadway,Rear-end (front to rear),Other (explain in narrative):  Other,None Indicated,,Daylight,Wet,Rain,None apparent,Non-intersection:  Other non-intersection (explain in narrative),Paved,,Possible/Unknown,0,2,0,0,2,0,14528,2,2,,POINT (-93.610027448263 42.00521311325)
2014806729,,06/30/2014,06-June,2-Monday,16:50,1600 Hours,District 6 (East Central),CEDAR RAPIDS,LINN,IA 922,IA 922/1ST AVE E & 5TH ST SE & 5TH ST NE,Collision with:  Vehicle in traffic,On Roadway,Broadside (front to side),Unknown,None Indicated,,Daylight,Wet,Cloudy,,Intersection:  Four-way intersection,Paved,,Minor Injury,0,2,0,1,1,0,5000,2,4,,POINT (-91.665399975932 41.980621128155)
2014805885,14-0365,06/30/2014,06-June,2-Monday,08:14,0800 Hours,District 1 (Central),LEHIGH,WEBSTER,,NELSON AVE & 300TH ST,Collision with:  Vehicle in traffic,On Roadway,Broadside (front to side),FTYROW:  At uncontrolled intersection,None Indicated,,Daylight,Wet,Cloudy,None apparent,Intersection:  Four-way intersection,Unpaved,,Possible/Unknown,0,3,0,0,3,0,20000,2,4,,POINT (-94.145266527987 42.353551575875)
2014806696,2014038303,06/30/2014,06-June,2-Monday,15:30,1500 Hours,District 6 (East Central),,JONES,US 151,US 151,Non-collision events:  Overturn/rollover,On Roadway,Non-collision (single vehicle),Other (explain in narrative):  No improper action,None Indicated,,Daylight,Wet,Rain,None apparent,Non-intersection:  Non-junction/no special feature,Paved,,Major Injury,0,1,1,0,0,0,50000,1,2,,POINT (-91.228562963757 42.172349312122)
2014807189,2014-43855,06/30/2014,06-June,2-Monday,16:23,1600 Hours,District 6 (East Central),DAVENPORT,SCOTT,,W 3RD ST & MAIN ST,Collision with:  Parked motor vehicle,On Roadway,Rear-end (front to rear),Improper Backing,None Indicated,,Daylight,Wet,Rain,None apparent,Non-intersection:  Non-junction/no special feature,Paved,,Property Damage Only,0,0,0,0,0,0,2000,2,1,,POINT (-90.57554896747 41.522425590597)