Iowa DOT Case Number,Law Enforcement Case Number,Date of Crash,Month of Crash,Day of Week,Time of Crash,Hour,DOT District,City Name,County Name,Route with System,Location Description,First Harmful Event,Location of First Harmful Event,Manner of Crash/Collision,Major Cause,Drug or Alcohol ,Environmental Conditions,Light Conditions,Surface Conditions,Weather Conditions,Roadway Contribution,Roadway Type,Roadway Surface,Work Zone,Crash Severity,Number of Fatalities,Number of Injuries,Number of Major Injuries,Number of Minor Injuries,Number of Possible Injuries,Number of Unknown Injuries,Amount of Property Damage,Number of Vehicles Involved,Total Number of Occupants,Travel Direction,Location
2014806885,14-13052,06/30/2014,06-June,2-Monday,17:40,1700 Hours,District 6 (East Central),,SCOTT,US 67,US 67/GREAT RIVER RD,Collision with:  Animal,,,Animal,None Indicated,,,,,,,Paved,,Property Damage Only,0,0,0,0,0,0,10000,1,1,,POINT (-90.347803915689 41.627009872733)
2014805866,14-027106,06/30/2014,06-June,2-Monday,18:57,1800 Hours,District 4 (Southwest),COUNCIL BLUFFS,POTTAWATTAMIE,,AVE G & N 35TH ST,Collision with:  Vehicle in traffic,On Roadway,Broadside (front to side),FTYROW:  From stop sign,None Indicated,,Daylight,Dry,Clear,Non-highway work,Intersection:  Four-way intersection,Paved,,Property Damage Only,0,0,0,0,0,0,6000,2,2,,POINT (-95.902039478697 41.268101770577)
2014806707,2014038328,06/30/2014,06-June,2-Monday,19:00,1900 Hours,District 6 (East Central),CORALVILLE,JOHNSON,I-80,I-80,Collision with fixed object:  Guardrail - face,On Roadway,Non-collision (single vehicle),Ran off road - left,None Indicated,,Daylight,Wet,Rain,None apparent,Non-intersection:  Non-junction/no special feature,Paved,,Property Damage Only,0,0,0,0,0,0,4000,1,3,,POINT (-91.633541843387 41.694357624688)
2014806143,201409319,06/30/2014,06-June,2-Monday,13:42,1300 Hours,District 6 (East Central),CEDAR RAPIDS,LINN,IA 100,IA 100/COLLINS RD NE & NORTHLAND AVE NE,Collision with:  Vehicle in traffic,On Roadway,Broadside (front to side),Ran Traffic Signal,None Indicated,,Daylight,Dry,Cloudy,None apparent,Intersection:  Four-way intersection,Paved,,Property Damage Only,0,0,0,0,0,0,2300,2,2,,POINT (-91.631688285704 42.027867997717)
2014805757,W14-065374,06/30/2014,06-June,2-Monday,14:43,1400 Hours,District 2 (Northeast),WATERLOO,BLACK HAWK,,BOSTON AVE,Collision with fixed object:  Tree,On Roadway,Non-collision (single vehicle),Other (explain in narrative):  No improper action,None Indicated,,Daylight,Wet,Rain,None apparent,Non-intersection:  Non-junction/no special feature,Paved,,Possible/Unknown,0,1,0,0,1,0,5000,1,4,,POINT (-92.333996028291 42.521875506788)
2014826641,14014950,06/30/2014,06-June,2-Monday,10:10,1000 Hours,District 5 (Southeast),FREMONT,MAHASKA,IA 23,IA 23/E MAIN ST,Collision with:  Vehicle in traffic,On Roadway,Rear-end (front to rear),Followed too close,None Indicated,,Daylight,Dry,Cloudy,None apparent,Intersection:  Four-way intersection,Paved,,Property Damage Only,0,0,0,0,0,0,7600,2,2,,POINT (-92.434265810882 41.212605561828)
2014806091,14003921,06/30/2014,06-June,2-Monday,15:31,1500 Hours,District 2 (Northeast),,CERRO GORDO,,PHEASANT AVE,Non-collision events:  Overturn/rollover,Shoulder,Non-collision (single vehicle),Driving too fast for conditions,None Indicated,,Daylight,Wet,Rain,None apparent,Non-intersection:  Non-junction/no special feature,Paved,,Property Damage Only,0,0,0,0,0,0,6000,1,1,,POINT (-93.191863649109 43.001939214982)
2014805791,14-005553,06/30/2014,06-June,2-Monday,15:05,1500 Hours,District 6 (East Central),MANCHESTER,DELAWARE,IA 13,IA 13/N FRANKLIN ST & E GAY ST,Collision with:  Other non-fixed object (explain in narrative),,,Swerving/Evasive Action,None Indicated,,,,,,,Paved,,Property Damage Only,0,0,0,0,0,0,70000,1,1,,POINT (-91.457970551822 42.489084112304)
2014806042,14-20723,06/30/2014,06-June,2-Monday,11:33,1100 Hours,District 3 (Northwest),SIOUX CITY,WOODBURY,,27TH ST & JACKSON ST,Collision with:  Vehicle in traffic,On Roadway,Broadside (front to side),Ran Traffic Signal,None Indicated,,Daylight,Wet,Rain,None apparent,Intersection:  Four-way intersection,Paved,,Possible/Unknown,0,1,0,0,1,0,12000,2,5,,POINT (-96.402257428947 42.51813329608)
2014806140,201409287,06/30/2014,06-June,2-Monday,07:25,0700 Hours,District 6 (East Central),CEDAR RAPIDS,LINN,,8TH AVE SW & 6TH ST SW,Collision with:  Non-motorist (see non-motorist section - NOT a unit),On Roadway,Non-collision (single vehicle),FTYROW:  To pedestrian,None Indicated,,Daylight,Wet,Cloudy,None apparent,Intersection:  Four-way intersection,Paved,,Minor Injury,0,1,0,1,0,0,50,1,1,,POINT (-91.677084299344 41.968381526384)
2014806916,2014-43878,06/30/2014,06-June,2-Monday,18:05,1800 Hours,District 6 (East Central),DAVENPORT,SCOTT,,IA 461/W RIVER DR,Collision with:  Vehicle in traffic,On Roadway,Rear-end (front to rear),Driving too fast for conditions,None Indicated,,Daylight,Wet,Cloudy,None apparent,Non-intersection:  Non-junction/no special feature,Paved,,Property Damage Only,0,0,0,0,0,0,2000,2,2,,POINT (-90.601535807483 41.516450135297)
2014806130,C14001990,06/30/2014,06-June,2-Monday,11:30,1100 Hours,District 6 (East Central),CORALVILLE,JOHNSON,IA 965,IA 965/CORAL RIDGE AVE,Collision with:  Vehicle in traffic,On Roadway,"Sideswipe, same direction",Unknown,None Indicated,,Daylight,Dry,Clear,None apparent,Non-intersection:  Non-junction/no special feature,Paved,,Property Damage Only,0,0,0,0,0,0,4000,2,2,,POINT (-91.608543831178 41.690022560649)
2014806099,14005564,06/30/2014,06-June,2-Monday,15:30,1500 Hours,District 6 (East Central),MANCHESTER,DELAWARE,,QUAKER MILL DR,Collision with fixed object:  Mailbox,On Roadway,Non-collision (single vehicle),"Operating vehicle in an reckless, erratic, careless, negligent manner",None Indicated,,Daylight,Water (standing or moving),Rain,None apparent,Non-intersection:  Non-junction/no special feature,Paved,,Possible/Unknown,0,1,0,0,1,0,100,1,3,,POINT (-91.462423188812 42.502030957878)
2014806255,2014038264,06/30/2014,06-June,2-Monday,13:50,1300 Hours,District 5 (Southeast),,WARREN,I-35,I-35,Collision with:  Vehicle in traffic,On Roadway,Rear-end (front to rear),Swerving/Evasive Action,None Indicated,,Daylight,Wet,Rain,Debris,Non-intersection:  Non-junction/no special feature,Paved,,Property Damage Only,0,0,0,0,0,0,6500,2,2,,POINT (-93.779566421654 41.351948509631)
2014810263,14-000757,06/30/2014,06-June,2-Monday,10:45,1000 Hours,District 1 (Central),JOHNSTON,POLK,I-35,I-35 & NW 86TH ST,Collision with:  Vehicle in traffic,On Roadway,Rear-end (front to rear),Other (explain in narrative):  Other,None Indicated,,Daylight,Dry,Cloudy,None apparent,Intersection:  Four-way intersection,Paved,,Property Damage Only,0,0,0,0,0,0,1500,2,2,,POINT (-93.736442179612 41.65386192511)
2014806139,201409280,06/30/2014,06-June,2-Monday,05:00,0500 Hours,District 6 (East Central),CEDAR RAPIDS,LINN,,BEVERLY RD,Collision with fixed object:  Culvert/pipe opening,On Roadway,Non-collision (single vehicle),Unknown,None Indicated,,Daylight,Dry,Clear,"Surface condition (e.g., wet, icy)",Non-intersection:  Non-junction/no special feature,Paved,,Minor Injury,0,1,0,1,0,0,7500,1,1,,POINT (-91.738309094853 41.93832259471)
2014806141,201409301,06/30/2014,06-June,2-Monday,10:33,1000 Hours,District 6 (East Central),CEDAR RAPIDS,LINN,IA 922,IA 922/1ST AVE E,Collision with:  Non-motorist (see non-motorist section - NOT a unit),On Roadway,Non-collision (single vehicle),Swerving/Evasive Action,None Indicated,,Daylight,Dry,Cloudy,None apparent,Non-intersection:  Non-junction/no special feature,Paved,,Minor Injury,0,1,0,1,0,0,500,1,1,,POINT (-91.653119681953 41.987700839856)
2014806732,,06/30/2014,06-June,2-Monday,12:30,1200 Hours,District 4 (Southwest),,ADAIR,I-80,I-80,Collision with:  Vehicle in traffic,On Roadway,Rear-end (front to rear),Unknown,None Indicated,,Daylight,Wet,"Sleet, hail",,Non-intersection:  Other non-intersection (explain in narrative),Paved,,Property Damage Only,0,0,0,0,0,0,1500,2,3,,POINT (-94.66879099414 41.49316840177)
2014806035,201400031525,06/30/2014,06-June,2-Monday,21:49,2100 Hours,District 5 (Southeast),OTTUMWA,WAPELLO,,ALBIA RD & WILDWOOD DR,Collision with fixed object:  Concrete traffic barrier (median or right side),Outside trafficway,Non-collision (single vehicle),Swerving/Evasive Action,None Indicated,,Dark - roadway lighted,Dry,Clear,None apparent,Non-intersection:  Non-junction/no special feature,Paved,,Property Damage Only,0,0,0,0,0,0,2200,1,2,,POINT (-92.448044117417 41.009172523497)
2014806087,14-005570,06/30/2014,06-June,2-Monday,17:58,1700 Hours,District 4 (Southwest),ATLANTIC,CASS,IA 83,IA 83/2ND ST & CEDAR ST,Collision with:  Vehicle in traffic,On Roadway,Rear-end (front to rear),Ran Stop Sign,Alcohol (Statutory),,Daylight,Dry,Cloudy,None apparent,Intersection:  Four-way intersection,Paved,,Property Damage Only,0,0,0,0,0,0,9500,2,2,,POINT (-95.017058238593 41.409055783795)
2014806469,14-003086,06/30/2014,06-June,2-Monday,16:40,1600 Hours,District 1 (Central),AMES,STORY,US 69,US 69/S DUFF AVE,Collision with:  Vehicle in traffic,On Roadway,Broadside (front to side),FTYROW:  From driveway,None Indicated,,Daylight,Wet,Rain,None apparent,Non-intersection:  Driveway access (within),Paved,,Property Damage Only,0,0,0,0,0,0,3000,2,2,,POINT (-93.610353943962 42.017892664149)
2014807349,201400002226,06/30/2014,06-June,2-Monday,01:28,0100 Hours,District 6 (East Central),,LINN,IA 1,IA 1/IOWA 1,Non-collision events:  Other non-collision (explain in narrative),On Roadway,Non-collision (single vehicle),Other (explain in narrative):  No improper action,None Indicated,,Dark - roadway not lighted,Wet,Rain,Ruts/holes/bumps,Non-intersection:  Other non-intersection (explain in narrative),Paved,,Possible/Unknown,0,1,0,0,1,0,15000,1,1,,POINT (-91.392714743016 41.949801288069)
2014805966,14-002810,06/30/2014,06-June,2-Monday,19:08,1900 Hours,District 1 (Central),ANKENY,POLK,,SW SNYDER BLVD & SW ANKENY RD,Collision with:  Vehicle in traffic,On Roadway,Broadside (front to side),Driver Distraction:  Manual operation of an electronic communication device,None Indicated,,Daylight,Wet,Clear,None apparent,Intersection:  Other intersection (explain in narrative),Paved,,Property Damage Only,0,0,0,0,0,0,9000,2,3,,POINT (-93.607112157462 41.700211828806)
2014805845,20140018533,06/30/2014,06-June,2-Monday,16:20,1600 Hours,District 1 (Central),DES MOINES,POLK,IA 28,IA 28/63RD ST,Collision with:  Vehicle in traffic,On Roadway,Rear-end (front to rear),Followed too close,None Indicated,,Daylight,Wet,Cloudy,None apparent,Non-intersection:  Driveway access (within),Paved,,Property Damage Only,0,0,0,0,0,0,6000,2,2,,POINT (-93.703749661086 41.612840957855)
2014806125,14-16738,06/30/2014,06-June,2-Monday,18:34,1800 Hours,District 1 (Central),LYNNVILLE,JASPER,,Co Rd T38/HWY T-38 S,Collision with fixed object:  Ditch,Shoulder,Non-collision (single vehicle),Driving too fast for conditions,None Indicated,,Daylight,Wet,Rain,None apparent,Non-intersection:  Non-junction/no special feature,Paved,,Possible/Unknown,0,1,0,0,1,0,500,1,1,,POINT (-92.790800705847 41.612895130952)
2014806142,201409317,06/30/2014,06-June,2-Monday,14:56,1400 Hours,District 6 (East Central),CEDAR RAPIDS,LINN,IA 922,IA 922/1ST AVE E,Collision with:  Vehicle in traffic,On Roadway,Rear-end (front to rear),Lost Control,None Indicated,,Daylight,Wet,Rain,None apparent,Intersection:  Other intersection (explain in narrative),Paved,,Property Damage Only,0,0,0,0,0,0,4000,2,4,,POINT (-91.657923166893 41.984884055387)
2014805550,20140018481,06/30/2014,06-June,2-Monday,07:20,0700 Hours,District 1 (Central),DES MOINES,POLK,US 6,US 6/EUCLID AVE,Collision with:  Vehicle in traffic,On Roadway,"Sideswipe, opposite direction",Crossed centerline (undivided),None Indicated,,Daylight,Dry,Clear,None apparent,Non-intersection:  Non-junction/no special feature,Paved,,Property Damage Only,0,0,0,0,0,0,4000,2,3,,POINT (-93.630932996707 41.627657166728)
2014807190,2014-43869,06/30/2014,06-June,2-Monday,17:26,1700 Hours,District 6 (East Central),DAVENPORT,SCOTT,,W LOCUST ST & MARQUETTE ST,Collision with:  Vehicle in traffic,On Roadway,"Angle, oncoming left turn",FTYROW:  Making left turn,None Indicated,,Daylight,Wet,Rain,None apparent,Intersection:  Four-way intersection,Paved,,Property Damage Only,0,0,0,0,0,0,3000,2,2,,POINT (-90.591440017904 41.538250753358)
2014806051,2014038235,06/30/2014,06-June,2-Monday,13:00,1300 Hours,District 4 (Southwest),,POTTAWATTAMIE,I-80,I-80,Collision with fixed object:  Tree,Roadside,Non-collision (single vehicle),Swerving/Evasive Action,None Indicated,,Daylight,Wet,Cloudy,None apparent,Non-intersection:  Non-junction/no special feature,Paved,,Property Damage Only,0,0,0,0,0,0,2000,1,1,,POINT (-95.171401593764 41.498050826927)
2014806008,2014-43799,06/30/2014,06-June,2-Monday,13:01,1300 Hours,District 6 (East Central),DAVENPORT,SCOTT,,E 53RD ST,Collision with:  Vehicle in traffic,On Roadway,Broadside (front to side),Other (explain in narrative):  Other,None Indicated,,Daylight,Dry,Clear,None apparent,Non-intersection:  Non-junction/no special feature,Paved,,Property Damage Only,0,0,0,0,0,0,4000,2,3,,POINT (-90.542179325159 41.574773369389)
2014816760,01-14-28500,06/30/2014,06-June,2-Monday,14:00,1400 Hours,District 6 (East Central),DUBUQUE,DUBUQUE,,UNIVERSITY AVE & AUBURN ST,Collision with:  Vehicle in traffic,On Roadway,Rear-end (front to rear),Lost Control,None Indicated,,Daylight,Dry,Clear,None apparent,Non-intersection:  Non-junction/no special feature,Paved,,Property Damage Only,0,0,0,0,0,0,1800,2,2,,POINT (-90.690913015006 42.498120103112)
2014806562,2014-3585,06/30/2014,06-June,2-Monday,10:01,1000 Hours,District 1 (Central),,HARDIN,,Co Rd S56/CO HWY S56,Collision with:  Vehicle in traffic,On Roadway,"Sideswipe, opposite direction",Other (explain in narrative):  Other,None Indicated,,Daylight,Dry,Cloudy,None apparent,Non-intersection:  Non-junction/no special feature,Paved,,Minor Injury,0,1,0,1,0,0,400,2,3,,POINT (-93.050798808953 42.46904373926)
2014806515,,06/30/2014,06-June,2-Monday,07:50,0700 Hours,District 6 (East Central),CEDAR RAPIDS,LINN,,JOHNSON AVE NW & EDGEWOOD RD NW,Collision with:  Vehicle in traffic,On Roadway,Broadside (front to side),Unknown,None Indicated,,Daylight,Dry,Clear,,,Paved,,Property Damage Only,0,0,0,0,0,0,2000,2,2,,POINT (-91.715990354579 41.974515406815)
2014809697,201409319,06/30/2014,06-June,2-Monday,15:55,1500 Hours,District 6 (East Central),CEDAR RAPIDS,LINN,I-380,I-380,Collision with fixed object:  Guardrail - face,Median,"Sideswipe, same direction",Ran off road - left,Alcohol (Statutory),,Daylight,Wet,Rain,None apparent,Intersection:  Intersection with ramp,Paved,,Property Damage Only,0,0,0,0,0,0,10500,2,2,,POINT (-91.669371369457 41.865707968242)
2014805843,20140018530,06/30/2014,06-June,2-Monday,15:31,1500 Hours,District 1 (Central),DES MOINES,POLK,,TUTTLE ST & SW 8TH ST,Collision with:  Vehicle in traffic,On Roadway,Broadside (front to side),Ran Traffic Signal,None Indicated,,Daylight,Wet,Cloudy,None apparent,Intersection:  Four-way intersection,Paved,,Major Injury,0,1,1,0,0,0,1800,2,2,,POINT (-93.624897654713 41.579474448569)
2014806122,4514-029,06/30/2014,06-June,2-Monday,15:39,1500 Hours,District 2 (Northeast),,HOWARD,,Co Rd A46/150TH ST & YANKEE AVE,Collision with fixed object:  Tree,On Roadway,Non-collision (single vehicle),Crossed centerline (undivided),None Indicated,,Daylight,Wet,Rain,None apparent,Intersection:  Four-way intersection,Paved,,Minor Injury,0,5,0,1,4,0,7000,1,5,,POINT (-92.10052898501 43.299073221832)
2014805837,14-4353,06/30/2014,06-June,2-Monday,14:55,1400 Hours,District 1 (Central),GRIMES,POLK,,SE 37TH ST,Collision with:  Vehicle in traffic,On Roadway,Rear-end (front to rear),Other (explain in narrative):  Other,None Indicated,,Daylight,Wet,Rain,None apparent,Non-intersection:  Non-junction/no special feature,Paved,,Possible/Unknown,0,1,0,0,1,0,4000,2,2,,POINT (-93.767902649719 41.658492863971)
2014806144,201409323,06/30/2014,06-June,2-Monday,16:16,1600 Hours,District 6 (East Central),CEDAR RAPIDS,LINN,,BLAIRS FERRY RD NE & ROCKWELL DR NE,Collision with:  Vehicle in traffic,On Roadway,"Angle, oncoming left turn",Ran Traffic Signal,None Indicated,,Daylight,Wet,Rain,None apparent,Intersection:  Four-way intersection,Paved,,Property Damage Only,0,0,0,0,0,0,8000,3,5,,POINT (-91.649230468039 42.03516381285)
2014806045,14-20743,06/30/2014,06-June,2-Monday,17:51,1700 Hours,District 3 (Northwest),SIOUX CITY,WOODBURY,,27TH ST & NEBRASKA ST,Collision with:  Vehicle in traffic,On Roadway,"Angle, oncoming left turn",FTYROW:  Making left turn,None Indicated,,Daylight,Dry,Clear,None apparent,Intersection:  Four-way intersection,Paved,,Possible/Unknown,0,2,0,0,2,0,2500,2,2,,POINT (-96.403754137128 42.518124818387)
2014805960,SO14001535,06/30/2014,06-June,2-Monday,05:15,0500 Hours,District 3 (Northwest),,PLYMOUTH,,Co Rd C16/130TH ST,Collision with:  Animal,,,Animal,None Indicated,,,,,,,Paved,,Property Damage Only,0,0,0,0,0,0,5000,1,1,,POINT (-95.914099859794 42.866202270716)
2014806730,,06/30/2014,06-June,2-Monday,15:50,1500 Hours,District 6 (East Central),,LINN,,,Collision with:  Vehicle in traffic,On Roadway,Rear-end (front to rear),Unknown,None Indicated,,,,,,,,,Property Damage Only,0,0,0,0,0,0,9000,2,2,,POINT (-96.643700149993 40.233091251414)
2014805755,W14-065207,06/30/2014,06-June,2-Monday,05:24,0500 Hours,District 2 (Northeast),WATERLOO,BLACK HAWK,US 63,US 63/W 1ST ST & SYCAMORE ST,Non-collision events:  Other non-collision (explain in narrative),On Roadway,Non-collision (single vehicle),Swerving/Evasive Action,None Indicated,,Dawn,Wet,Rain,None apparent,Intersection:  Other intersection (explain in narrative),Paved,,Property Damage Only,0,0,0,0,0,0,5000,2,2,,POINT (-92.340229238127 42.501063115067)
2014805957,14-027363,06/30/2014,06-June,2-Monday,21:48,2100 Hours,District 5 (Southeast),MUSCATINE,MUSCATINE,,BIDWELL RD & ISETT AVE,Collision with:  Parked motor vehicle,On Roadway,Broadside (front to side),Other (explain in narrative):  Other,Refused,,Dark - roadway lighted,Wet,Rain,Obstruction in roadway,Non-intersection:  Non-junction/no special feature,Paved,,Possible/Unknown,0,1,0,0,1,0,4500,2,1,,POINT (-91.04365989417 41.438080055679)
2014805674,14-1955,06/30/2014,06-June,2-Monday,09:29,0900 Hours,District 1 (Central),FORT DODGE,WEBSTER,,10TH AVE N,Collision with:  Vehicle in traffic,On Roadway,Broadside (front to side),Improper Backing,None Indicated,,Daylight,Dry,Cloudy,None apparent,Non-intersection:  Non-junction/no special feature,Paved,,Property Damage Only,0,0,0,0,0,0,1500,2,2,,POINT (-94.175049719446 42.515525876615)
2014805937,14-0982,06/30/2014,06-June,2-Monday,21:42,2100 Hours,District 1 (Central),,GREENE,,Co Rd P46/W AVE,Collision with:  Animal,On Roadway,Non-collision (single vehicle),Animal,None Indicated,,Dark - roadway not lighted,Dry,Clear,None apparent,Non-intersection:  Non-junction/no special feature,Paved,,Property Damage Only,0,0,0,0,0,0,3500,1,1,,POINT (-94.203062924392 41.962549058947)
2014810049,14-397,06/30/2014,06-June,2-Monday,09:50,0900 Hours,District 5 (Southeast),CORYDON,WAYNE,,ANTHONY ST,Collision with fixed object:  Utility pole/light support,Roadside,Non-collision (single vehicle),Ran off road - right,None Indicated,,Daylight,Dry,Clear,None apparent,Non-intersection:  Non-junction/no special feature,Paved,,Possible/Unknown,0,1,0,0,1,0,6500,1,1,,POINT (-93.312831393316 40.759545922656)
2014806043,14-20728,06/30/2014,06-June,2-Monday,15:10,1500 Hours,District 3 (Northwest),SIOUX CITY,WOODBURY,,6TH ST & PEARL ST,Collision with:  Non-motorist (see non-motorist section - NOT a unit),On Roadway,Non-collision (single vehicle),FTYROW:  To pedestrian,None Indicated,,Daylight,Dry,Clear,None apparent,Intersection:  Four-way intersection,Paved,,Possible/Unknown,0,1,0,0,1,0,300,1,1,,POINT (-96.407876132267 42.496337430178)
2014806089,14003912,06/30/2014,06-June,2-Monday,03:45,0300 Hours,District 2 (Northeast),CLEAR LAKE,CERRO GORDO,US 18,US 18 & BUDDY HOLLY PL,Collision with:  Vehicle in traffic,On Roadway,Rear-end (front to rear),Swerving/Evasive Action,None Indicated,,Dark - roadway lighted,Dry,Cloudy,None apparent,Intersection:  Four-way intersection,Paved,,Property Damage Only,0,0,0,0,0,0,3000,2,2,,POINT (-93.388678750008 43.143025099467)
2014807566,2014038287,06/30/2014,06-June,2-Monday,14:50,1400 Hours,District 6 (East Central),,JOHNSON,I-80,I-80,Non-collision events:  Overturn/rollover,Median,Non-collision (single vehicle),Ran off road - left,None Indicated,,Daylight,Wet,Rain,None apparent,Non-intersection:  Non-junction/no special feature,Paved,,Minor Injury,0,1,0,1,0,0,100000,1,1,,POINT (-91.765427149234 41.690040851407)
2014806468,14-003085,06/30/2014,06-June,2-Monday,17:17,1700 Hours,District 1 (Central),AMES,STORY,US 69,US 69/LINCOLN WAY & S KELLOGG AVE,Collision with:  Vehicle in traffic,On Roadway,"Sideswipe, opposite direction",Improper Backing,None Indicated,,Daylight,Wet,Rain,None apparent,Intersection:  Four-way intersection,Paved,,Property Damage Only,0,0,0,0,0,0,2000,2,3,,POINT (-93.613651173382 42.022909763326)
2014808140,N14000293,06/30/2014,06-June,2-Monday,13:54,1300 Hours,District 6 (East Central),NORTH LIBERTY,JOHNSON,,HWY 965 & HAWKEYE DR,Collision with:  Vehicle in traffic,On Roadway,Broadside (front to side),FTYROW:  From stop sign,None Indicated,,Daylight,Dry,Cloudy,None apparent,Intersection:  Other intersection (explain in narrative),Paved,,Property Damage Only,0,0,0,0,0,0,6500,2,2,,POINT (-91.607657503103 41.734442422503)
2014807784,14-006719,06/30/2014,06-June,2-Monday,12:10,1200 Hours,District 3 (Northwest),,CARROLL,US 71,US 71,Collision with fixed object:  Utility pole/light support,Gore,Non-collision (single vehicle),Swerving/Evasive Action,None Indicated,,Daylight,Wet,Rain,Other (explain in narrative),Non-intersection:  Non-junction/no special feature,Paved,,Property Damage Only,0,0,0,0,0,0,3600,1,1,,POINT (-94.878605159126 42.084699957744)
2014806697,2014038320,06/30/2014,06-June,2-Monday,18:00,1800 Hours,District 1 (Central),,POLK,I-35,I-35,Collision with fixed object:  Ditch,On Roadway,Non-collision (single vehicle),Ran off road - right,None Indicated,,Daylight,Wet,Rain,"Surface condition (e.g., wet, icy)",Non-intersection:  Non-junction/no special feature,Paved,,Property Damage Only,0,0,0,0,0,0,1501,1,1,,POINT (-93.570380822425 41.769177714115)
2014805820,95-2014,06/30/2014,06-June,2-Monday,10:58,1000 Hours,District 4 (Southwest),,HARRISON,,QUINCY TRL,Collision with fixed object:  Ditch,On Roadway,Non-collision (single vehicle),Swerving/Evasive Action,None Indicated,,Daylight,Wet,Rain,Other (explain in narrative),Non-intersection:  Non-junction/no special feature,Unpaved,,Property Damage Only,0,0,0,0,0,0,3000,1,1,,POINT (-95.722635263225 41.703732169817)
2014810082,14-65435,06/30/2014,06-June,2-Monday,15:40,1500 Hours,District 2 (Northeast),LA PORTE CITY,BLACK HAWK,US 218,US 218/4TH ST,Collision with:  Vehicle in traffic,On Roadway,Broadside (front to side),FTYROW:  From driveway,None Indicated,,Daylight,Wet,Rain,None apparent,Non-intersection:  Driveway access (within),Paved,,Possible/Unknown,0,1,0,0,1,0,6000,2,3,,POINT (-92.196386707782 42.319107322993)
2014805928,14-9463,06/30/2014,06-June,2-Monday,13:41,1300 Hours,District 3 (Northwest),,CLAY,US 18,US 18,Collision with:  Animal,,,Animal,None Indicated,,,,,,,Paved,,Property Damage Only,0,0,0,0,0,0,2500,1,1,,POINT (-95.044757662616 43.126825185027)
2014805916,2014038324,06/30/2014,06-June,2-Monday,18:10,1800 Hours,District 1 (Central),,POLK,I-235,I-235,Collision with:  Vehicle in traffic,On Roadway,"Sideswipe, same direction",Driving too fast for conditions,None Indicated,,Daylight,Wet,Rain,None apparent,Non-intersection:  Non-junction/no special feature,Paved,,Property Damage Only,0,0,0,0,0,0,8000,2,2,,POINT (-93.575733019854 41.638296147954)
2014805754,W14-065178,06/30/2014,06-June,2-Monday,02:11,0200 Hours,District 2 (Northeast),WATERLOO,BLACK HAWK,,W 9TH ST,Collision with fixed object:  Utility pole/light support,On Roadway,Non-collision (single vehicle),"Operating vehicle in an reckless, erratic, careless, negligent manner",Refused,,Dark - roadway lighted,Dry,Cloudy,None apparent,Non-intersection:  Alley,Paved,,Property Damage Only,0,0,0,0,0,0,5050,1,2,,POINT (-92.337482542645 42.489168575235)
2014805510,14013455,06/30/2014,06-June,2-Monday,01:00,0100 Hours,District 6 (East Central),MARION,LINN,,10TH AVE & 50TH ST,Collision with fixed object:  Ditch,On Roadway,Non-collision (single vehicle),Ran off road - left,None Indicated,,Dark - roadway lighted,Water (standing or moving),Rain,Obstruction in roadway,Intersection:  Four-way intersection,Paved,,Property Damage Only,0,0,0,0,0,0,1500,1,1,,POINT (-91.556954358579 42.035760779544)
2014805887,14-1962,06/30/2014,06-June,2-Monday,22:17,2200 Hours,District 1 (Central),FORT DODGE,WEBSTER,,N 3RD ST,Collision with:  Other non-fixed object (explain in narrative),On Roadway,Non-collision (single vehicle),"Operating vehicle in an reckless, erratic, careless, negligent manner",Refused,,Dark - roadway lighted,Dry,Clear,Work Zone (roadway-related),Non-intersection:  Non-junction/no special feature,Paved,Yes,Property Damage Only,0,0,0,0,0,0,16000,1,1,,POINT (-94.194520095183 42.505580405626)
2014806447,2014-43879,06/30/2014,06-June,2-Monday,18:16,1800 Hours,District 6 (East Central),DAVENPORT,SCOTT,,W CENTRAL PARK AVE & MARQUETTE ST,Collision with:  Vehicle in traffic,On Roadway,Rear-end (front to rear),Driver Distraction:  Reaching for object(s)/fallen object(s),None Indicated,,Daylight,Wet,Rain,None apparent,Intersection:  Four-way intersection,Paved,,Property Damage Only,0,0,0,0,0,0,2000,2,2,,POINT (-90.591243235653 41.545487787184)
2014805760,14-140,06/30/2014,06-June,2-Monday,23:55,2300 Hours,District 2 (Northeast),WAVERLY,BREMER,,12TH ST NW,Collision with:  Animal,,,Animal,None Indicated,,,,,,,Paved,,Property Damage Only,0,0,0,0,0,0,1500,1,1,,POINT (-92.485154244432 42.741149157456)
2014806508,,06/30/2014,06-June,2-Monday,10:36,1000 Hours,District 4 (Southwest),,ADAIR,IA 25,IA 25/IOWA 25,Collision with:  Animal,On Roadway,Non-collision (single vehicle),Animal,None Indicated,,Daylight,Dry,Clear,None apparent,Non-intersection:  Non-junction/no special feature,Paved,,Property Damage Only,0,0,0,0,0,0,5000,1,1,,POINT (-94.414287087429 41.168451022418)
2014805952,14013558,06/30/2014,06-June,2-Monday,21:11,2100 Hours,District 6 (East Central),MARION,LINN,,6TH AVE & MARION BLVD,Collision with:  Vehicle in traffic,On Roadway,Rear-end (front to rear),Followed too close,None Indicated,,Dark - roadway lighted,Wet,Cloudy,None apparent,Intersection:  T-intersection,Paved,,Property Damage Only,0,0,0,0,0,0,7500,2,2,,POINT (-91.61122844454 42.03161203954)