Iowa DOT Case Number,Law Enforcement Case Number,Date of Crash,Month of Crash,Day of Week,Time of Crash,Hour,DOT District,City Name,County Name,Route with System,Location Description,First Harmful Event,Location of First Harmful Event,Manner of Crash/Collision,Major Cause,Drug or Alcohol ,Environmental Conditions,Light Conditions,Surface Conditions,Weather Conditions,Roadway Contribution,Roadway Type,Roadway Surface,Work Zone,Crash Severity,Number of Fatalities,Number of Injuries,Number of Major Injuries,Number of Minor Injuries,Number of Possible Injuries,Number of Unknown Injuries,Amount of Property Damage,Number of Vehicles Involved,Total Number of Occupants,Travel Direction,Location
2014806493,2014-13878,07/01/2014,07-July,3-Tuesday,06:32,0600 Hours,District 5 (Southeast),INDIANOLA,WARREN,US 65,US 65/N JEFFERSON WAY,Collision with:  Vehicle in traffic,On Roadway,Rear-end (front to rear),Followed too close,None Indicated,,Daylight,Dry,Clear,Work Zone (roadway-related),Non-intersection:  Non-junction/no special feature,Paved,Yes,Possible/Unknown,0,1,0,0,1,0,4000,2,2,,POINT (-93.558582926606 41.379904790677)
2014806013,2014-44097,07/01/2014,07-July,3-Tuesday,00:31,0000 Hours,District 6 (East Central),DAVENPORT,SCOTT,,W 49TH ST,Non-collision events:  Other non-collision (explain in narrative),Outside trafficway,Non-collision (single vehicle),Driving too fast for conditions,None Indicated,,Dark - roadway not lighted,Wet,Cloudy,"Surface condition (e.g., wet, icy)",Non-intersection:  Non-junction/no special feature,Paved,,Property Damage Only,0,0,0,0,0,0,2400,1,1,,POINT (-90.616197030067 41.570118254553)
2014806537,144620,07/01/2014,07-July,3-Tuesday,00:50,0000 Hours,District 4 (Southwest),,DALLAS,,BEAUMONT AVE,Non-collision events:  Overturn/rollover,On Roadway,Non-collision (single vehicle),Ran off road - right,None Indicated,,Dark - roadway not lighted,"Mud, dirt",Clear,None apparent,Non-intersection:  Non-junction/no special feature,Unpaved,,Possible/Unknown,0,1,0,0,1,0,25000,1,1,,POINT (-94.248451092012 41.722315679687)
2014806104,14-22485,07/01/2014,07-July,3-Tuesday,11:45,1100 Hours,District 5 (Southeast),MEDIAPOLIS,DES MOINES,,MAIN ST,Collision with:  Vehicle in traffic,On Roadway,Rear-end (front to rear),Improper Backing,None Indicated,,Daylight,Dry,Clear,None apparent,Non-intersection:  Non-junction/no special feature,Paved,,Property Damage Only,0,0,0,0,0,0,3000,2,3,,POINT (-91.170201872777 41.007957954079)
2014805947,2014-02243,07/01/2014,07-July,3-Tuesday,17:19,1700 Hours,District 6 (East Central),,LINN,US 30,US 30/E KIRKWOOD AVE,Collision with:  Vehicle in traffic,On Roadway,Rear-end (front to rear),Followed too close,None Indicated,,Daylight,Dry,Cloudy,None apparent,Non-intersection:  Non-junction/no special feature,Paved,,Possible/Unknown,0,1,0,0,1,0,4500,2,2,,POINT (-91.370330805781 41.918215536668)
2014807039,2014-12336,07/01/2014,07-July,3-Tuesday,12:52,1200 Hours,District 6 (East Central),BETTENDORF,SCOTT,US 67,US 67/GRANT ST & 12TH ST,Collision with:  Vehicle in traffic,On Roadway,"Angle, oncoming left turn",FTYROW:  Making left turn,None Indicated,,Daylight,Dry,Clear,None apparent,Intersection:  Four-way intersection,Paved,,Possible/Unknown,0,1,0,0,1,0,2000,2,3,,POINT (-90.516117435486 41.526236178452)
2014807573,2014038627,07/01/2014,07-July,3-Tuesday,21:51,2100 Hours,District 6 (East Central),CORALVILLE,JOHNSON,I-380,I-380,Collision with:  Animal,,,Animal,None Indicated,,,,,,,Paved,,Property Damage Only,0,0,0,0,0,0,1500,1,1,,POINT (-91.641799600618 41.701111589979)
2014806413,14-1431,07/01/2014,07-July,3-Tuesday,13:30,1300 Hours,District 1 (Central),URBANDALE,POLK,I-35,I-35 & IA 141/IOWA 141,Collision with:  Vehicle in traffic,On Roadway,"Sideswipe, same direction",Unknown,None Indicated,,Daylight,Dry,Clear,None apparent,Non-intersection:  Non-junction/no special feature,Paved,,Property Damage Only,0,0,0,0,0,0,4500,2,4,,POINT (-93.775051156974 41.650662735493)
2014806047,14-20844,07/01/2014,07-July,3-Tuesday,15:00,1500 Hours,District 3 (Northwest),SIOUX CITY,WOODBURY,,8TH ST & NEBRASKA ST,Collision with:  Vehicle in traffic,On Roadway,Broadside (front to side),Ran Stop Sign,None Indicated,,Daylight,Dry,Cloudy,None apparent,Intersection:  Four-way intersection,Paved,,Property Damage Only,0,0,0,0,0,0,8000,2,3,,POINT (-96.403505693528 42.498538483325)
2014807616,14065938,07/01/2014,07-July,3-Tuesday,19:00,1900 Hours,District 2 (Northeast),CEDAR FALLS,BLACK HAWK,,SEERLEY BLVD & OLIVE ST,Collision with:  Vehicle in traffic,On Roadway,Broadside (front to side),FTYROW:  From stop sign,None Indicated,,Daylight,Dry,Clear,None apparent,Intersection:  Four-way intersection,Paved,,Possible/Unknown,0,1,0,0,0,1,10500,2,2,,POINT (-92.454686325532 42.515930115956)
2014806179,14-0739,07/01/2014,07-July,3-Tuesday,17:00,1700 Hours,District 1 (Central),PLEASANT HILL,POLK,,WINDSOR CT,Collision with:  Vehicle in traffic,On Roadway,"Sideswipe, same direction",FTYROW:  From driveway,None Indicated,,Daylight,Dry,Cloudy,None apparent,Non-intersection:  Driveway access (within),Paved,,Property Damage Only,0,0,0,0,0,0,3000,2,2,,POINT (-93.509727834957 41.610451233787)
2014806148,201409363,07/01/2014,07-July,3-Tuesday,13:25,1300 Hours,District 6 (East Central),CEDAR RAPIDS,LINN,IA 100,IA 100/COLLINS RD NE & C AVE NE,Collision with:  Vehicle in traffic,On Roadway,Broadside (front to side),Ran Traffic Signal,None Indicated,,Daylight,Dry,Cloudy,None apparent,Intersection:  Four-way intersection,Paved,,Property Damage Only,0,0,0,0,0,0,8000,2,5,,POINT (-91.638544318525 42.028111651496)
2014806097,14005641,07/01/2014,07-July,3-Tuesday,18:41,1800 Hours,District 6 (East Central),MANCHESTER,DELAWARE,US 20,US 20,Collision with:  Animal,,,Animal,None Indicated,,,,,,,Paved,,Property Damage Only,0,0,0,0,0,0,1500,1,1,,POINT (-91.52806195661 42.464006611258)
2014816923,,07/01/2014,07-July,3-Tuesday,16:52,1600 Hours,District 2 (Northeast),CLEAR LAKE,CERRO GORDO,,7TH AVE N & N 8TH ST,Collision with:  Vehicle in traffic,On Roadway,Broadside (front to side),Ran Traffic Signal,None Indicated,,Daylight,Dry,Clear,None apparent,Intersection:  Four-way intersection,Paved,,Property Damage Only,0,0,0,0,0,0,2900,2,2,,POINT (-93.378766737299 43.140960210265)
2014805962,14-4382,07/01/2014,07-July,3-Tuesday,18:55,1800 Hours,District 1 (Central),DES MOINES,POLK,IA 415,IA 415/2ND AVE,Collision with:  Vehicle in traffic,On Roadway,"Sideswipe, same direction",Followed too close,None Indicated,,Daylight,Wet,Cloudy,None apparent,Non-intersection:  Non-junction/no special feature,Paved,,Property Damage Only,0,0,0,0,0,0,7500,2,3,,POINT (-93.619624580736 41.689075334926)
2014806056,2014038584,07/01/2014,07-July,3-Tuesday,16:45,1600 Hours,District 4 (Southwest),,MILLS,I-29,I-29,Collision with:  Vehicle in traffic,On Roadway,Rear-end (front to rear),Ran off road - left,None Indicated,,Daylight,Dry,Cloudy,None apparent,Non-intersection:  Non-junction/no special feature,Paved,,Property Damage Only,0,0,0,0,0,0,10000,2,2,,POINT (-95.798494749689 40.920706408588)
2014805852,20140018605,07/01/2014,07-July,3-Tuesday,10:48,1000 Hours,District 1 (Central),DES MOINES,POLK,,CLARK ST & 19TH ST,Collision with:  Vehicle in traffic,On Roadway,"Sideswipe, same direction",Made improper turn,None Indicated,,Daylight,Dry,Clear,None apparent,Intersection:  Four-way intersection,Paved,,Minor Injury,0,1,0,1,0,0,12500,2,5,,POINT (-93.642637698334 41.605884969195)
2014806151,201409393,07/01/2014,07-July,3-Tuesday,21:15,2100 Hours,District 6 (East Central),CEDAR RAPIDS,LINN,IA 922,IA 922/1ST AVE W,Collision with:  Vehicle in traffic,On Roadway,Broadside (front to side),Lost Control,Alcohol (Statutory),,Dark - roadway lighted,Dry,Cloudy,None apparent,Non-intersection:  Non-junction/no special feature,Paved,,Property Damage Only,0,0,0,0,0,0,3000,2,2,,POINT (-91.68657269969 41.97177784485)
2014806113,1-14-28651,07/01/2014,07-July,3-Tuesday,08:30,0800 Hours,District 6 (East Central),DUBUQUE,DUBUQUE,,GLEN OAK ST,Collision with:  Parked motor vehicle,On Roadway,Broadside (front to side),Improper Backing,None Indicated,,Daylight,Dry,Clear,None apparent,Non-intersection:  Non-junction/no special feature,Paved,,Property Damage Only,0,0,0,0,0,0,4500,2,2,,POINT (-90.683331608493 42.496472155094)
2014807591,,07/01/2014,07-July,3-Tuesday,04:40,0400 Hours,District 5 (Southeast),,WASHINGTON,US 218,US 218,Collision with:  Animal,On Roadway,Non-collision (single vehicle),Animal,None Indicated,,Dark - roadway not lighted,Dry,Clear,,Interchange-related:  On-ramp merge area,Paved,,Property Damage Only,0,0,0,0,0,0,3405,1,1,,POINT (-91.551366900573 41.502971028208)
2014805855,14-3094,07/01/2014,07-July,3-Tuesday,08:21,0800 Hours,District 1 (Central),WEST DES MOINES,POLK,,WOODLAND AVE & 58TH ST,Collision with:  Vehicle in traffic,On Roadway,Broadside (front to side),FTYROW:  From stop sign,None Indicated,,Daylight,Dry,Clear,None apparent,Intersection:  Four-way intersection,Paved,,Property Damage Only,0,0,0,0,0,0,6000,2,3,,POINT (-93.787243286765 41.586746091422)
2014806012,2014-44076,07/01/2014,07-July,3-Tuesday,08:47,0800 Hours,District 6 (East Central),DAVENPORT,SCOTT,,N PINE ST,Collision with:  Vehicle in traffic,Shoulder,"Angle, oncoming left turn",FTYROW:  From driveway,None Indicated,,Daylight,Dry,Clear,None apparent,Non-intersection:  Driveway access (within),Paved,,Property Damage Only,0,0,0,0,0,0,2700,2,3,,POINT (-90.610630067619 41.561068290587)
2014807191,2014-44191,07/01/2014,07-July,3-Tuesday,14:37,1400 Hours,District 6 (East Central),DAVENPORT,SCOTT,,W 4TH ST,Collision with:  Vehicle in traffic,On Roadway,"Sideswipe, same direction",Unknown,None Indicated,,Daylight,Dry,Cloudy,None apparent,Non-intersection:  Non-junction/no special feature,Paved,,Property Damage Only,0,0,0,0,0,0,1550,3,3,,POINT (-90.602788327854 41.523420239938)
2014805842,20140018574,07/01/2014,07-July,3-Tuesday,02:18,0200 Hours,District 1 (Central),DES MOINES,POLK,,2ND AVE,Collision with:  Parked motor vehicle,On Roadway,Head-on (front to front),Traveling wrong way or on wrong side of road,Refused,,Dark - roadway lighted,Dry,Clear,None apparent,Non-intersection:  Non-junction/no special feature,Paved,,Property Damage Only,0,0,0,0,0,0,25000,3,1,,POINT (-93.618901699555 41.584713078234)
2014806170,20140018634,07/01/2014,07-July,3-Tuesday,16:14,1600 Hours,District 1 (Central),DES MOINES,POLK,US 69,US 69/E 14TH ST & WALKER ST,Collision with:  Vehicle in traffic,On Roadway,Rear-end (front to rear),Swerving/Evasive Action,None Indicated,,Daylight,Dry,Clear,None apparent,Non-intersection:  Non-junction/no special feature,Paved,,Property Damage Only,0,0,0,0,0,0,2600,2,3,,POINT (-93.599514014459 41.597615112181)
2014807351,201400002246,07/01/2014,07-July,3-Tuesday,21:05,2100 Hours,District 6 (East Central),CENTRAL CITY,LINN,,MAIN ST & 4TH ST S & 4TH ST N,Collision with fixed object:  Utility pole/light support,On Roadway,Non-collision (single vehicle),Other (explain in narrative):  Other,None Indicated,,Dusk,Dry,Cloudy,None apparent,Intersection:  Four-way intersection,Paved,,Property Damage Only,0,0,0,0,0,0,6000,1,1,,POINT (-91.524556123851 42.204016426296)
2014806681,2014038628,07/01/2014,07-July,3-Tuesday,21:30,2100 Hours,District 1 (Central),,JASPER,I-80,I-80,Collision with:  Animal,,,Animal,None Indicated,,,,,,,Paved,,Property Damage Only,0,0,0,0,0,0,3000,1,1,,POINT (-93.102799639659 41.681080061033)
2014899605,NT-14-078,07/01/2014,07-July,3-Tuesday,15:40,1500 Hours,District 1 (Central),NEVADA,STORY,,LINCOLN HWY & 6TH ST,Collision with:  Vehicle in traffic,On Roadway,"Angle, oncoming left turn",FTYROW:  Making left turn,None Indicated,,Daylight,Dry,Cloudy,None apparent,Non-intersection:  Non-junction/no special feature,Paved,,Minor Injury,0,1,0,1,0,0,6500,2,2,,POINT (-93.452334568495 42.022695129743)
2014806216,14013607,07/01/2014,07-July,3-Tuesday,14:10,1400 Hours,District 6 (East Central),MARION,LINN,,44TH ST,Collision with:  Parked motor vehicle,On Roadway,"Sideswipe, same direction",Lost Control,None Indicated,,Daylight,Dry,Clear,None apparent,Non-intersection:  Non-junction/no special feature,Paved,,Property Damage Only,0,0,0,0,0,0,7000,2,777,,POINT (-91.561503550224 42.05206526224)
2014806147,201409354,07/01/2014,07-July,3-Tuesday,12:14,1200 Hours,District 6 (East Central),CEDAR RAPIDS,LINN,,10TH AVE SW & 6TH ST SW,Collision with:  Vehicle in traffic,On Roadway,"Sideswipe, same direction",Other (explain in narrative):  Other,None Indicated,,Daylight,Dry,Clear,None apparent,Intersection:  T-intersection,Paved,,Property Damage Only,0,0,0,0,0,0,2300,2,3,,POINT (-91.677110056806 41.96655351204)
2014807702,SA1405127,07/01/2014,07-July,3-Tuesday,09:26,0900 Hours,District 5 (Southeast),,WASHINGTON,,Co Rd W47/COPPOCK RD & 275TH ST,Non-collision events:  Overturn/rollover,Outside trafficway,Non-collision (single vehicle),Swerving/Evasive Action,None Indicated,,Daylight,Dry,Clear,None apparent,Non-intersection:  Non-junction/no special feature,Paved,,Possible/Unknown,0,1,0,0,1,0,7000,1,1,,POINT (-91.695029416419 41.257520613782)
2014806319,14-5016,07/01/2014,07-July,3-Tuesday,11:15,1100 Hours,District 3 (Northwest),,IDA,US 20,US 20,Collision with:  Vehicle in traffic,On Roadway,Rear-end (front to rear),FTYROW:  Other (explain in narrative),None Indicated,,Daylight,Dry,Clear,Work Zone (roadway-related),Non-intersection:  Non-junction/no special feature,Paved,Yes,Property Damage Only,0,0,0,0,0,0,13700,2,2,,POINT (-95.650478852338 42.474798997718)
2014806755,14010913,07/01/2014,07-July,3-Tuesday,13:50,1300 Hours,District 2 (Northeast),MASON CITY,CERRO GORDO,US 65,US 65/S FEDERAL AVE & IA 122/5TH ST SE/5TH ST SW,Collision with:  Vehicle in traffic,On Roadway,Broadside (front to side),Ran Traffic Signal,None Indicated,,Daylight,Dry,Clear,None apparent,Intersection:  Four-way intersection,Paved,,Possible/Unknown,0,2,0,0,2,0,7500,2,3,,POINT (-93.201048859827 43.147164595842)
2014805790,144598,07/01/2014,07-July,3-Tuesday,08:49,0800 Hours,District 4 (Southwest),,DALLAS,IA 44,IA 44/240TH ST & Co Rd R22/U AVE,Collision with:  Vehicle in traffic,On Roadway,Rear-end (front to rear),Followed too close,None Indicated,,Daylight,Dry,Clear,None apparent,Intersection:  T-intersection,Paved,,Property Damage Only,0,0,0,0,0,0,9000,2,2,,POINT (-93.891794732581 41.688303390937)
2014806055,2014038569,07/01/2014,07-July,3-Tuesday,14:50,1400 Hours,District 4 (Southwest),,CASS,I-80,I-80,Collision with:  Vehicle in traffic,Shoulder,"Sideswipe, same direction",Ran off road - right,None Indicated,,Daylight,Dry,Cloudy,None apparent,Non-intersection:  Non-junction/no special feature,Paved,,Property Damage Only,0,0,0,0,0,0,3500,2,3,,POINT (-94.760382424938 41.497017677437)
2014806067,,07/01/2014,07-July,3-Tuesday,16:39,1600 Hours,District 4 (Southwest),,AUDUBON,US 71,US 71,Collision with:  Vehicle in traffic,On Roadway,"Sideswipe, opposite direction",Crossed centerline (undivided),None Indicated,,Daylight,Dry,Cloudy,None apparent,Non-intersection:  Non-junction/no special feature,Paved,,Possible/Unknown,0,1,0,0,1,0,11000,2,2,,POINT (-94.899071212948 41.631560200257)
2014807571,2014038592,07/01/2014,07-July,3-Tuesday,17:13,1700 Hours,District 4 (Southwest),,POTTAWATTAMIE,I-680,I-680,Collision with fixed object:  Ditch,On Roadway,Non-collision (single vehicle),Ran off road - right,None Indicated,,Daylight,Dry,Cloudy,None apparent,Non-intersection:  Non-junction/no special feature,Paved,,Property Damage Only,0,0,0,0,0,0,1800,1,1,,POINT (-95.858639299689 41.494064533589)
2014805838,20140018595,07/01/2014,07-July,3-Tuesday,08:56,0800 Hours,District 1 (Central),DES MOINES,POLK,,PLEASANT ST & 15TH ST,Collision with:  Vehicle in traffic,On Roadway,Broadside (front to side),FTYROW:  From stop sign,None Indicated,,Daylight,Dry,Clear,None apparent,Intersection:  Four-way intersection,Paved,,Property Damage Only,0,0,0,0,0,0,1500,2,2,,POINT (-93.63765560469 41.589861821393)
2014806092,14003941,07/01/2014,07-July,3-Tuesday,13:20,1300 Hours,District 2 (Northeast),,CERRO GORDO,,SOUTHSHORE DR,Collision with:  Vehicle in traffic,On Roadway,Rear-end (front to rear),Lost Control,None Indicated,,Daylight,Dry,Cloudy,None apparent,Non-intersection:  Non-junction/no special feature,Paved,,Property Damage Only,0,0,0,0,0,0,1750,2,6,,POINT (-93.42214743616 43.115576732606)
2014805986,14-027226,07/01/2014,07-July,3-Tuesday,13:37,1300 Hours,District 4 (Southwest),COUNCIL BLUFFS,POTTAWATTAMIE,US 275,US 275/VETERANS MEMORIAL HWY & GIFFORD RD & S 24TH ST,Collision with:  Vehicle in traffic,On Roadway,"Sideswipe, opposite direction",FTYROW:  Making right turn on red signal,None Indicated,,Daylight,Dry,Clear,None apparent,Intersection:  Four-way intersection,Paved,,Property Damage Only,0,0,0,0,0,0,2000,2,4,,POINT (-95.878862908187 41.218770921936)
2014805922,,07/01/2014,07-July,3-Tuesday,07:28,0700 Hours,District 1 (Central),GRINNELL,POWESHIEK,,3RD AVE & BROAD ST,Collision with:  Vehicle in traffic,On Roadway,"Angle, oncoming left turn",Unknown,None Indicated,,Daylight,Dry,Clear,,Intersection:  T-intersection,Paved,,Property Damage Only,0,0,0,0,0,0,4300,2,2,,POINT (-92.724118846209 41.741691995346)
2014806088,14-005607,07/01/2014,07-July,3-Tuesday,14:40,1400 Hours,District 4 (Southwest),ATLANTIC,CASS,US 6,US 6/7TH ST & HOSPITAL DR,Collision with:  Vehicle in traffic,On Roadway,"Sideswipe, same direction",Other (explain in narrative):  Other,None Indicated,,Daylight,Dry,Cloudy,None apparent,Non-intersection:  Non-junction/no special feature,Paved,,Property Damage Only,0,0,0,0,0,0,2500,2,2,,POINT (-94.99027992822 41.403847936249)
2014806171,20140018656,07/01/2014,07-July,3-Tuesday,20:02,2000 Hours,District 1 (Central),DES MOINES,POLK,,LOCUST ST & 3RD ST,Collision with:  Vehicle in traffic,On Roadway,Broadside (front to side),Unknown,None Indicated,,Daylight,Dry,Cloudy,None apparent,Non-intersection:  Non-junction/no special feature,Paved,,Possible/Unknown,0,1,0,0,0,1,6000,2,3,,POINT (-93.621280955902 41.587618596571)
2014806256,2014038585,07/01/2014,07-July,3-Tuesday,16:41,1600 Hours,District 3 (Northwest),,CALHOUN,,Co Rd D11/170TH ST & Co Rd N65/TABOR AVE,Collision with:  Vehicle in traffic,On Roadway,Broadside (front to side),FTYROW:  From stop sign,None Indicated,,Daylight,Dry,Cloudy,None apparent,Intersection:  Four-way intersection,Paved,,Major Injury,0,2,1,1,0,0,6500,2,2,,POINT (-94.540106660782 42.54557486417)
2014805990,14-027323,07/01/2014,07-July,3-Tuesday,22:36,2200 Hours,District 4 (Southwest),COUNCIL BLUFFS,POTTAWATTAMIE,,AVE A,Collision with:  Vehicle in traffic,On Roadway,"Sideswipe, same direction",Other (explain in narrative):  Other,None Indicated,,Dark - roadway lighted,Dry,Clear,None apparent,Non-intersection:  Non-junction/no special feature,Paved,,Property Damage Only,0,0,0,0,0,0,3500,2,777,,POINT (-95.903630035717 41.262783941199)
2014806127,SO140562,07/01/2014,07-July,3-Tuesday,16:10,1600 Hours,District 5 (Southeast),,JEFFERSON,US 34,US 34,Collision with fixed object:  Ditch,On Roadway,Non-collision (single vehicle),Swerving/Evasive Action,None Indicated,,Daylight,Dry,Clear,None apparent,Non-intersection:  Non-junction/no special feature,Paved,,Minor Injury,0,2,0,2,0,0,5000,1,4,,POINT (-91.880870126164 41.002376659675)
2014807498,2014-13161,07/01/2014,07-July,3-Tuesday,21:10,2100 Hours,District 6 (East Central),,SCOTT,,Co Rd F65/160 ST,Collision with:  Animal,,,Animal,None Indicated,,,,,,,Paved,,Property Damage Only,0,0,0,0,0,0,2000,1,1,,POINT (-90.757177647685 41.53819095669)
2014805851,20140018598,07/01/2014,07-July,3-Tuesday,09:26,0900 Hours,District 1 (Central),DES MOINES,POLK,US 69,US 69/E 14TH ST & FREMONT ST,Collision with:  Vehicle in traffic,On Roadway,"Sideswipe, same direction",Lost Control,None Indicated,,Daylight,Dry,Clear,None apparent,Non-intersection:  Non-junction/no special feature,Paved,,Property Damage Only,0,0,0,0,0,0,5000,2,2,,POINT (-93.600217722538 41.599746154871)
2014807939,2014007133,07/01/2014,07-July,3-Tuesday,16:38,1600 Hours,District 6 (East Central),IOWA CITY,JOHNSON,,E DAVENPORT ST & CENTER ST,Collision with:  Vehicle in traffic,On Roadway,Broadside (front to side),FTYROW:  At uncontrolled intersection,Alcohol (Statutory),,Daylight,Dry,Cloudy,None apparent,Intersection:  Four-way intersection,Paved,,Minor Injury,0,1,0,1,0,0,10000,2,3,,POINT (-91.520109564637 41.665707042883)
2014806164,14-002828,07/01/2014,07-July,3-Tuesday,18:16,1800 Hours,District 1 (Central),ANKENY,POLK,IA 160,IA 160/SE ORALABOR RD & SE PDI PL,Collision with:  Vehicle in traffic,On Roadway,Rear-end (front to rear),Followed too close,None Indicated,,Daylight,Dry,Clear,None apparent,Intersection:  Four-way intersection,Paved,,Property Damage Only,0,0,0,0,0,0,1550,2,2,,POINT (-93.584457819892 41.702905302246)
2014806471,14-003095,07/01/2014,07-July,3-Tuesday,10:56,1000 Hours,District 1 (Central),AMES,STORY,,6TH ST & DOUGLAS AVE,Collision with:  Parked motor vehicle,On Roadway,Broadside (front to side),Improper Backing,None Indicated,,Daylight,Dry,Clear,None apparent,Non-intersection:  Non-junction/no special feature,Paved,,Property Damage Only,0,0,0,0,0,0,2000,2,1,,POINT (-93.612131593892 42.026934808784)
2014805926,14-6754,07/01/2014,07-July,3-Tuesday,11:45,1100 Hours,District 3 (Northwest),CARROLL,CARROLL,,MAPLE ST,Collision with:  Vehicle in traffic,On Roadway,Broadside (front to side),FTYROW:  From driveway,None Indicated,,Daylight,Dry,Cloudy,None apparent,Non-intersection:  Driveway access (within),Paved,,Property Damage Only,0,0,0,0,0,0,1700,2,3,,POINT (-94.864819832841 42.056952047111)
2014807859,2014-44141,07/01/2014,07-July,3-Tuesday,12:53,1200 Hours,District 6 (East Central),DAVENPORT,SCOTT,,W 2ND ST & MYRTLE ST,Collision with:  Vehicle in traffic,On Roadway,Rear-end (front to rear),FTYROW:  Other (explain in narrative),None Indicated,,Daylight,Dry,Clear,Non-highway work,Non-intersection:  Non-junction/no special feature,Paved,,Property Damage Only,0,0,0,0,0,0,2000,2,3,,POINT (-90.589133367509 41.521288313015)
2014806149,201409370,07/01/2014,07-July,3-Tuesday,14:57,1400 Hours,District 6 (East Central),CEDAR RAPIDS,LINN,,5TH AVE SE & 8TH ST SE,Collision with:  Vehicle in traffic,On Roadway,Broadside (front to side),Ran Stop Sign,None Indicated,,Daylight,Dry,Clear,None apparent,Intersection:  Four-way intersection,Paved,,Property Damage Only,0,0,0,0,0,0,7000,2,2,,POINT (-91.658575731749 41.979100548345)
2014809157,14137,07/01/2014,07-July,3-Tuesday,10:30,1000 Hours,District 5 (Southeast),PELLA,MARION,,SOUTH ST & S CLARK ST,Collision with:  Vehicle in traffic,On Roadway,Broadside (front to side),Unknown,None Indicated,,Daylight,Unknown,Clear,Unknown,Intersection:  Four-way intersection,Paved,,Property Damage Only,0,0,0,0,0,0,2000,2,2,,POINT (-92.912135468104 41.397224508067)
2014810054,S14-G0103,07/01/2014,07-July,3-Tuesday,23:14,2300 Hours,District 5 (Southeast),,CLARKE,US 34,US 34,Collision with:  Animal,,,Animal,None Indicated,,,,,,,Paved,,Property Damage Only,0,0,0,0,0,0,1500,1,1,,POINT (-93.57093624268 41.029924921963)
2014805924,W14-065821,07/01/2014,07-July,3-Tuesday,14:45,1400 Hours,District 2 (Northeast),WATERLOO,BLACK HAWK,IA 934,IA 934/UNIVERSITY AVE & FRONTAGE RD,Collision with:  Vehicle in traffic,On Roadway,"Angle, oncoming left turn",Ran Traffic Signal,Drug,,Daylight,Dry,Cloudy,None apparent,Intersection:  Four-way intersection,Paved,,Major Injury,0,1,1,0,0,0,5000,2,2,,POINT (-92.399713144789 42.504235967124)
2014807940,2014007138,07/01/2014,07-July,3-Tuesday,18:28,1800 Hours,District 6 (East Central),IOWA CITY,JOHNSON,,E MARKET ST & N GILBERT ST,Collision with:  Vehicle in traffic,On Roadway,"Angle, oncoming left turn",FTYROW:  Making left turn,None Indicated,,Daylight,Dry,Cloudy,None apparent,Intersection:  Four-way intersection,Paved,,Property Damage Only,0,0,0,0,0,0,4500,2,2,,POINT (-91.530115884551 41.663565745753)
2014806011,2014-44045,07/01/2014,07-July,3-Tuesday,06:43,0600 Hours,District 6 (East Central),DAVENPORT,SCOTT,,E LOCUST ST,Collision with:  Vehicle in traffic,On Roadway,Rear-end (front to rear),Driving too fast for conditions,None Indicated,,Daylight,Wet,Cloudy,None apparent,Non-intersection:  Non-junction/no special feature,Paved,,Property Damage Only,0,0,0,0,0,0,6000,2,2,,POINT (-90.524842347904 41.538492948946)
2014806897,2014-44131,07/01/2014,07-July,3-Tuesday,12:08,1200 Hours,District 6 (East Central),DAVENPORT,SCOTT,,W 37TH ST & MARQUETTE ST,Collision with:  Vehicle in traffic,On Roadway,Rear-end (front to rear),Followed too close,None Indicated,,Daylight,Dry,Clear,None apparent,Non-intersection:  Non-junction/no special feature,Paved,,Property Damage Only,0,0,0,0,0,0,3000,2,2,,POINT (-90.591043590224 41.557318017443)
2014806415,14-1436,07/01/2014,07-July,3-Tuesday,21:54,2100 Hours,District 1 (Central),URBANDALE,POLK,,124TH ST,Collision with:  Parked motor vehicle,On Roadway,Broadside (front to side),Exceeded authorized speed,None Indicated,,Dark - roadway lighted,Dry,Clear,None apparent,Non-intersection:  Non-junction/no special feature,Paved,,Property Damage Only,0,0,0,0,0,0,12000,2,1,,POINT (-93.788790430879 41.632023587214)
2014806049,14-20866,07/01/2014,07-July,3-Tuesday,18:35,1800 Hours,District 3 (Northwest),SIOUX CITY,WOODBURY,,32ND ST & JACKSON ST,Collision with:  Vehicle in traffic,On Roadway,Broadside (front to side),FTYROW:  From stop sign,None Indicated,,Daylight,Dry,Cloudy,None apparent,Intersection:  Four-way intersection,Paved,,Property Damage Only,0,0,0,0,0,0,1600,2,3,,POINT (-96.40230622878 42.52485817408)
2014807936,2014007121,07/01/2014,07-July,3-Tuesday,10:47,1000 Hours,District 6 (East Central),IOWA CITY,JOHNSON,,E BLOOMINGTON ST & N GILBERT ST,Non-collision events:  Other non-collision (explain in narrative),On Roadway,Non-collision (single vehicle),Ran Stop Sign,None Indicated,,Daylight,Dry,Clear,None apparent,Intersection:  Four-way intersection,Paved,,Possible/Unknown,0,1,0,0,1,0,700,1,1,,POINT (-91.530126304761 41.664691734749)
2014806578,14004201,07/01/2014,07-July,3-Tuesday,14:19,1400 Hours,District 2 (Northeast),,KOSSUTH,US 18,US 18,Collision with:  Vehicle in traffic,On Roadway,Rear-end (front to rear),Followed too close,None Indicated,,Daylight,Dry,Cloudy,Work Zone (roadway-related),Non-intersection:  Non-junction/no special feature,Paved,Yes,Property Damage Only,0,0,0,0,0,0,4000,2,3,,POINT (-94.199373143725 43.082829925382)
2014805933,14-005234,07/01/2014,07-July,3-Tuesday,17:52,1700 Hours,District 2 (Northeast),NORTH BUENA VISTA,CLAYTON,,GREAT RIVER RD & PANTHER CREEK HOLLOW,Collision with:  Vehicle in traffic,On Roadway,"Sideswipe, same direction",Crossed centerline (undivided),None Indicated,,Daylight,Dry,Clear,None apparent,Intersection:  T-intersection,Paved,,Property Damage Only,0,0,0,0,0,0,12000,2,2,,POINT (-90.961747950358 42.679257789872)
2014806046,14-20834,07/01/2014,07-July,3-Tuesday,13:35,1300 Hours,District 3 (Northwest),SIOUX CITY,WOODBURY,,23RD ST & FLOYD BLVD,Collision with:  Vehicle in traffic,On Roadway,Rear-end (front to rear),Lost Control,None Indicated,,Daylight,Dry,Clear,None apparent,Intersection:  T-intersection,Paved,,Possible/Unknown,0,2,0,0,2,0,4500,3,5,,POINT (-96.387586768663 42.513796030301)