Iowa DOT Case Number,Law Enforcement Case Number,Date of Crash,Month of Crash,Day of Week,Time of Crash,Hour,DOT District,City Name,County Name,Route with System,Location Description,First Harmful Event,Location of First Harmful Event,Manner of Crash/Collision,Major Cause,Drug or Alcohol ,Environmental Conditions,Light Conditions,Surface Conditions,Weather Conditions,Roadway Contribution,Roadway Type,Roadway Surface,Work Zone,Crash Severity,Number of Fatalities,Number of Injuries,Number of Major Injuries,Number of Minor Injuries,Number of Possible Injuries,Number of Unknown Injuries,Amount of Property Damage,Number of Vehicles Involved,Total Number of Occupants,Travel Direction,Location
2014806583,14680708,07/01/2014,07-July,3-Tuesday,09:40,0900 Hours,District 5 (Southeast),ALBIA,MONROE,,Co Rd H35/189TH ST,Non-collision events:  Overturn/rollover,On Roadway,Non-collision (single vehicle),Crossed centerline (undivided),None Indicated,,Daylight,Dry,Clear,None apparent,Non-intersection:  Non-junction/no special feature,Paved,,Minor Injury,0,1,0,1,0,0,6683,1,1,,POINT (-92.726749875919 41.025231862671)
2014805758,W14-065715,07/01/2014,07-July,3-Tuesday,09:24,0900 Hours,District 2 (Northeast),WATERLOO,BLACK HAWK,US 218,US 218,Collision with fixed object:  Tree,On Roadway,Non-collision (single vehicle),FTYROW:  Other (explain in narrative),None Indicated,,Daylight,Dry,Clear,None apparent,Non-intersection:  Non-junction/no special feature,Paved,,Property Damage Only,0,0,0,0,0,0,2510,2,2,,POINT (-92.343368975607 42.494110635181)
2014806448,2014-44055,07/01/2014,07-July,3-Tuesday,07:39,0700 Hours,District 6 (East Central),DAVENPORT,SCOTT,,FEDERAL ST & IOWA ST,Collision with:  Vehicle in traffic,On Roadway,"Angle, oncoming left turn",FTYROW:  From stop sign,None Indicated,,Daylight,Dry,Clear,Other (explain in narrative),Intersection:  T-intersection,Paved,,Minor Injury,0,2,0,1,1,0,7000,2,2,,POINT (-90.569676585484 41.525309715498)
2014806075,,07/01/2014,07-July,3-Tuesday,14:00,1400 Hours,District 4 (Southwest),,AUDUBON,,THRUSH AVE,Collision with:  Animal,On Roadway,Non-collision (single vehicle),Animal,None Indicated,,Daylight,Dry,Cloudy,None apparent,Non-intersection:  Non-junction/no special feature,Unpaved,,Property Damage Only,0,0,0,0,0,0,2500,1,3,,POINT (-94.719957753567 41.584176709534)
2014809989,2014006602,07/01/2014,07-July,3-Tuesday,12:36,1200 Hours,District 1 (Central),MARSHALLTOWN,MARSHALL,IA 14,IA 14/S 3RD AVE,Collision with:  Vehicle in traffic,On Roadway,"Sideswipe, same direction",FTYROW:  Other (explain in narrative),None Indicated,,Daylight,Dry,Cloudy,None apparent,Non-intersection:  Non-junction/no special feature,Paved,,Property Damage Only,0,0,0,0,0,0,2000,2,3,,POINT (-92.907920361597 42.040328783753)
2014805839,20140018615,07/01/2014,07-July,3-Tuesday,12:40,1200 Hours,District 1 (Central),DES MOINES,POLK,,E ARMY POST RD,Collision with:  Vehicle in traffic,On Roadway,Rear-end (front to rear),FTYROW:  Other (explain in narrative),None Indicated,,Daylight,Dry,Clear,None apparent,Non-intersection:  Non-junction/no special feature,Paved,,Possible/Unknown,0,1,0,0,1,0,3000,2,5,,POINT (-93.592406540518 41.526287130545)
2014805794,14-22504,07/01/2014,07-July,3-Tuesday,15:11,1500 Hours,District 5 (Southeast),BURLINGTON,DES MOINES,,MT PLEASANT ST & RHEIN ST,Collision with fixed object:  Other fixed object (explain in narrative),On Roadway,Non-collision (single vehicle),Driver Distraction:  Manual operation of an electronic communication device,None Indicated,,Daylight,Dry,Cloudy,None apparent,Non-intersection:  Non-junction/no special feature,Paved,,Property Damage Only,0,0,0,0,0,0,7500,3,1,,POINT (-91.115060445442 40.818331363811)
2014810164,14-007393,07/01/2014,07-July,3-Tuesday,20:56,2000 Hours,District 2 (Northeast),,FAYETTE,,Co Rd V68/VINE AVE,Collision with:  Animal,,,Animal,None Indicated,,,,,,,Paved,,Property Damage Only,0,0,0,0,0,0,5000,1,1,,POINT (-92.032761976522 43.076779210357)
2014806414,14-1435,07/01/2014,07-July,3-Tuesday,21:18,2100 Hours,District 1 (Central),URBANDALE,POLK,I-35,I-35 & IA 141/IOWA 141 &  NW URBANDALE DR,Collision with:  Vehicle in traffic,On Roadway,"Sideswipe, same direction",Made improper turn,None Indicated,,Dark - roadway lighted,Dry,Clear,None apparent,Intersection:  T-intersection,Paved,,Property Damage Only,0,0,0,0,0,0,2600,2,3,,POINT (-93.772456834066 41.647617777963)
2014806368,1400000571,07/01/2014,07-July,3-Tuesday,15:56,1500 Hours,District 1 (Central),LISCOMB,MARSHALL,,MAIN ST & EAST ST,Collision with:  Vehicle in traffic,On Roadway,Broadside (front to side),FTYROW:  From stop sign,None Indicated,,Daylight,Dry,Clear,None apparent,Intersection:  Four-way intersection,Paved,,Major Injury,0,1,1,0,0,0,5000,2,2,,POINT (-93.006370133527 42.188441204103)
2014806303,02-14-9876,07/01/2014,07-July,3-Tuesday,08:07,0800 Hours,District 6 (East Central),,DUBUQUE,US 20,US 20,Collision with:  Animal,,,Animal,None Indicated,,,,,,,Paved,,Property Damage Only,0,0,0,0,0,0,5000,1,1,,POINT (-91.076442203643 42.465834576591)
2014805982,14-001458,07/01/2014,07-July,3-Tuesday,15:50,1500 Hours,District 1 (Central),ALTOONA,POLK,,14TH AVE SE,Collision with:  Vehicle in traffic,On Roadway,Broadside (front to side),Improper Backing,None Indicated,,Daylight,Dry,Cloudy,None apparent,Non-intersection:  Non-junction/no special feature,Paved,,Possible/Unknown,0,1,0,0,1,0,6800,2,2,,POINT (-93.445219868124 41.642073298738)
2014805987,14-027265,07/01/2014,07-July,3-Tuesday,17:10,1700 Hours,District 4 (Southwest),COUNCIL BLUFFS,POTTAWATTAMIE,IA 92,IA 92/OMAHA BRIDGE RD,Collision with:  Vehicle in traffic,On Roadway,Rear-end (front to rear),Followed too close,None Indicated,,Daylight,Dry,Clear,Work Zone (roadway-related),Non-intersection:  Other non-intersection (explain in narrative),Paved,Yes,Property Damage Only,0,0,0,0,0,0,1600,2,2,,POINT (-95.826961198668 41.224786181829)
2014805963,14-4383,07/01/2014,07-July,3-Tuesday,19:48,1900 Hours,District 1 (Central),,POLK,,NE 29TH ST & NE 44TH AVE,Collision with:  Vehicle in traffic,On Roadway,Rear-end (front to rear),Other (explain in narrative):  Other,None Indicated,,Dusk,Dry,Cloudy,None apparent,Non-intersection:  Non-junction/no special feature,Paved,,Property Damage Only,0,0,0,0,0,0,6000,2,2,,POINT (-93.561163624563 41.640484884242)
2014810050,14-403,07/01/2014,07-July,3-Tuesday,19:20,1900 Hours,District 5 (Southeast),,APPANOOSE,,100TH AVE,Collision with:  Animal,,Non-collision (single vehicle),Animal,None Indicated,,,,,,,Unpaved,,Property Damage Only,0,0,0,0,0,0,3500,1,1,,POINT (-93.097375801248 40.793179516696)
2014806163,14-002827,07/01/2014,07-July,3-Tuesday,17:58,1700 Hours,District 1 (Central),ANKENY,POLK,,SW STATE ST,Collision with fixed object:  Traffic sign support,On Roadway,Non-collision (single vehicle),Ran off road - right,None Indicated,,Daylight,Dry,Cloudy,None apparent,Non-intersection:  Non-junction/no special feature,Paved,,Property Damage Only,0,0,0,0,0,0,2100,1,1,,POINT (-93.62163503271 41.711924440955)
2014806311,P14-007731,07/01/2014,07-July,3-Tuesday,10:07,1000 Hours,District 1 (Central),WEBSTER CITY,HAMILTON,,2ND ST & WEST AVE,Non-collision events:  Other non-collision (explain in narrative),On Roadway,Non-collision (single vehicle),Swerving/Evasive Action,None Indicated,,Daylight,Dry,Cloudy,Debris,Non-intersection:  Non-junction/no special feature,Paved,,Major Injury,0,1,1,0,0,0,100,1,1,,POINT (-93.842747534457 42.469658131894)
2014805945,2014007144,07/01/2014,07-July,3-Tuesday,21:30,2100 Hours,District 6 (East Central),IOWA CITY,JOHNSON,,TERRACE RD,Collision with:  Parked motor vehicle,On Roadway,Broadside (front to side),Improper Backing,None Indicated,,Dark - unknown roadway lighting,Dry,Cloudy,None apparent,Non-intersection:  Non-junction/no special feature,Paved,,Property Damage Only,0,0,0,0,0,0,1500,2,1,,POINT (-91.497718697056 41.653878747649)
2014805995,2014-12359,07/01/2014,07-July,3-Tuesday,16:56,1600 Hours,District 6 (East Central),BETTENDORF,SCOTT,,KIMBERLY RD,Collision with:  Vehicle in traffic,On Roadway,"Angle, oncoming left turn",FTYROW:  Making left turn,None Indicated,,Daylight,Dry,Cloudy,None apparent,Non-intersection:  Driveway access (within),Paved,,Possible/Unknown,0,1,0,0,1,0,7000,2,2,,POINT (-90.522462124925 41.543692370606)
2014805938,14004480,07/01/2014,07-July,3-Tuesday,19:29,1900 Hours,District 1 (Central),,HAMILTON,IA 17,IA 17/BRIGGS WOOD RD & BRIGGS WOOD TRL,Collision with fixed object:  Traffic sign support,Shoulder,Non-collision (single vehicle),Other (explain in narrative):  No improper action,None Indicated,,Daylight,Dry,Cloudy,None apparent,Intersection:  T-intersection,Paved,,Property Damage Only,0,0,0,0,0,0,2200,1,1,,POINT (-93.798298702858 42.42178585382)
2014806827,96-2014,07/01/2014,07-July,3-Tuesday,05:45,0500 Hours,District 4 (Southwest),,HARRISON,,Co Rd F20/EASTON TRL,Collision with:  Animal,,,Animal,None Indicated,,,,,,,Paved,,Property Damage Only,0,0,0,0,0,0,5000,1,1,,POINT (-95.961339195647 41.841752746085)
2014805989,14-027283,07/01/2014,07-July,3-Tuesday,18:45,1800 Hours,District 4 (Southwest),COUNCIL BLUFFS,POTTAWATTAMIE,,AVE G & N 35TH ST,Collision with:  Vehicle in traffic,On Roadway,Broadside (front to side),FTYROW:  From stop sign,None Indicated,,Daylight,Dry,Clear,None apparent,Intersection:  Four-way intersection,Paved,,Property Damage Only,0,0,0,0,0,0,1800,2,4,,POINT (-95.902013638434 41.268057391186)
2014805857,14-3098,07/01/2014,07-July,3-Tuesday,10:01,1000 Hours,District 1 (Central),WEST DES MOINES,POLK,I-235,I-235 & CENTER ST & 73RD ST,Collision with:  Vehicle in traffic,On Roadway,"Angle, oncoming left turn",FTYROW:  Making left turn,None Indicated,,Daylight,Dry,Cloudy,None apparent,Intersection:  Four-way intersection,Paved,,Property Damage Only,0,0,0,0,0,0,16000,2,2,,POINT (-93.713456149095 41.591848372945)
2014807938,2014007125,07/01/2014,07-July,3-Tuesday,12:42,1200 Hours,District 6 (East Central),IOWA CITY,JOHNSON,,STEVENS DR & S GILBERT ST,Collision with:  Vehicle in traffic,On Roadway,Rear-end (front to rear),Followed too close,None Indicated,,Daylight,Dry,Clear,None apparent,Intersection:  Four-way intersection,Paved,,Property Damage Only,0,0,0,0,0,0,7000,2,2,,POINT (-91.533527269743 41.642911556177)
2014806985,2014007131,07/01/2014,07-July,3-Tuesday,16:11,1600 Hours,District 6 (East Central),IOWA CITY,JOHNSON,,E COURT ST & S GILBERT ST,Collision with:  Non-motorist (see non-motorist section - NOT a unit),On Roadway,Non-collision (single vehicle),Other (explain in narrative):  No improper action,None Indicated,,Daylight,Dry,Cloudy,None apparent,Intersection:  T-intersection,Paved,,Minor Injury,0,1,0,1,0,0,0,1,3,,POINT (-91.530190548789 41.656586389356)
2014807572,2014038621,07/01/2014,07-July,3-Tuesday,21:40,2100 Hours,District 6 (East Central),DELAWARE,DELAWARE,US 20,US 20/SW RAMP,Collision with:  Animal,,,Animal,None Indicated,,,,,,,Paved,,Property Damage Only,0,0,0,0,0,0,3000,1,1,,POINT (-91.34016849118 42.469922367524)
2014805888,14-1963,07/01/2014,07-July,3-Tuesday,08:10,0800 Hours,District 1 (Central),FORT DODGE,WEBSTER,,16TH AVE N & N 27TH ST,Non-collision events:  Other non-collision (explain in narrative),Shoulder,Non-collision (single vehicle),Driver Distraction:  Passenger,None Indicated,,Daylight,Dry,Clear,None apparent,Intersection:  Four-way intersection,Paved,,Property Damage Only,0,0,0,0,0,0,15000,1,3,,POINT (-94.161355240684 42.520807736057)
2014805964,14-002816,07/01/2014,07-July,3-Tuesday,08:40,0800 Hours,District 1 (Central),ANKENY,POLK,US 69,US 69/N ANKENY BLVD & NE 18TH ST & NW 18TH ST,Collision with:  Vehicle in traffic,On Roadway,Rear-end (front to rear),Other (explain in narrative):  Other,None Indicated,,Daylight,Dry,Clear,None apparent,Non-intersection:  Non-junction/no special feature,Paved,,Property Damage Only,0,0,0,0,0,0,1800,2,2,,POINT (-93.600318449643 41.746354585676)
2014806472,14-003097,07/01/2014,07-July,3-Tuesday,13:43,1300 Hours,District 1 (Central),AMES,STORY,US 30,US 30,Collision with:  Vehicle in traffic,On Roadway,"Sideswipe, same direction",Other (explain in narrative):  Vision obstructed,None Indicated,,Daylight,Dry,Cloudy,None apparent,Non-intersection:  Non-junction/no special feature,Paved,,Property Damage Only,0,0,0,0,0,0,4000,2,3,,POINT (-93.574545346617 42.007467713101)
2014806669,2014038630,07/01/2014,07-July,3-Tuesday,21:37,2100 Hours,District 2 (Northeast),,WINNESHIEK,IA 139,IA 139/IOWA 139 & Co Rd A18/CO RD A18 & 360TH ST,Collision with:  Animal,On Roadway,Non-collision (single vehicle),Animal,None Indicated,,Dark - roadway not lighted,Dry,Cloudy,None apparent,Non-intersection:  Non-junction/no special feature,Paved,,Property Damage Only,0,0,0,0,0,0,5000,1,2,,POINT (-92.008889919495 43.457522899657)
2014805967,14-0774,07/01/2014,07-July,3-Tuesday,18:12,1800 Hours,District 1 (Central),CLIVE,POLK,US 6,US 6/HICKMAN RD & 128TH ST & NW 128TH ST,Collision with:  Vehicle in traffic,On Roadway,Rear-end (front to rear),Followed too close,None Indicated,,Daylight,Dry,Cloudy,None apparent,Intersection:  Four-way intersection,Paved,,Property Damage Only,0,0,0,0,0,0,3000,2,2,,POINT (-93.791618492863 41.614908560343)
2014850946,14-005215,07/01/2014,07-July,3-Tuesday,09:30,0900 Hours,District 5 (Southeast),,LOUISA,US 61,US 61,Collision with:  Animal,,,Animal,None Indicated,,,,,,,Paved,,Property Damage Only,0,0,0,0,0,0,1500,1,1,,POINT (-91.196668858042 41.288910641909)
2014806708,2014038586,07/01/2014,07-July,3-Tuesday,16:55,1600 Hours,District 6 (East Central),,SCOTT,I-80,I-80,Collision with:  Other non-fixed object (explain in narrative),Shoulder,Non-collision (single vehicle),Swerving/Evasive Action,None Indicated,,Daylight,Dry,Clear,Debris,Non-intersection:  Non-junction/no special feature,Paved,,Property Damage Only,0,0,0,0,0,0,9000,2,2,,POINT (-90.409285151039 41.597638759082)
2014805944,2014007119,07/01/2014,07-July,3-Tuesday,09:41,0900 Hours,District 6 (East Central),IOWA CITY,JOHNSON,,S CLINTON ST,Collision with:  Vehicle in traffic,On Roadway,"Sideswipe, same direction",Made improper turn,None Indicated,,Daylight,Dry,Clear,None apparent,Non-intersection:  Non-junction/no special feature,Paved,,Property Damage Only,0,0,0,0,0,0,3000,2,3,,POINT (-91.534639062647 41.659021010861)
2014805985,14-027215,07/01/2014,07-July,3-Tuesday,11:40,1100 Hours,District 4 (Southwest),COUNCIL BLUFFS,POTTAWATTAMIE,,8TH AVE & S 28TH ST,Collision with:  Other non-fixed object (explain in narrative),On Roadway,Non-collision (single vehicle),Cargo/equipment loss or shift,None Indicated,,Daylight,Unknown,Cloudy,Debris,Non-intersection:  Non-junction/no special feature,Paved,,Property Damage Only,0,0,0,0,0,0,1500,2,4,,POINT (-95.889108012521 41.254485491116)
2014810314,2014-6895,07/01/2014,07-July,3-Tuesday,22:01,2200 Hours,District 3 (Northwest),,SAC,US 71,US 71/KARR AVE,Collision with:  Animal,,,Animal,None Indicated,,,,,,,Paved,,Property Damage Only,0,0,0,0,0,0,4000,1,1,,POINT (-95.148514069807 42.472553339048)
2014806312,P14-007732,07/01/2014,07-July,3-Tuesday,10:10,1000 Hours,District 1 (Central),WEBSTER CITY,HAMILTON,,OHIO ST & DES MOINES ST,Collision with:  Vehicle in traffic,On Roadway,Broadside (front to side),FTYROW:  From stop sign,None Indicated,,Daylight,Dry,Clear,None apparent,Intersection:  Four-way intersection,Paved,,Property Damage Only,0,0,0,0,0,0,4000,2,2,,POINT (-93.821477584958 42.459861091366)
2014818603,2014-44001,07/01/2014,07-July,3-Tuesday,01:05,0100 Hours,District 6 (East Central),DAVENPORT,SCOTT,,IA 461/BRADY ST & W LOCUST ST & E LOCUST ST,Collision with:  Vehicle in traffic,On Roadway,Broadside (front to side),FTYROW:  At uncontrolled intersection,None Indicated,,Dark - roadway not lighted,Dry,Cloudy,None apparent,Intersection:  Other intersection (explain in narrative),Paved,,Possible/Unknown,0,1,0,0,1,0,3000,2,4,,POINT (-90.573997624563 41.538280176233)
2014806014,2014-44201,07/01/2014,07-July,3-Tuesday,16:32,1600 Hours,District 6 (East Central),DAVENPORT,SCOTT,,E LOCUST ST,Collision with:  Vehicle in traffic,On Roadway,Rear-end (front to rear),Followed too close,None Indicated,,Daylight,Dry,Clear,None apparent,Non-intersection:  Non-junction/no special feature,Paved,,Property Damage Only,0,0,0,0,0,0,8000,2,2,,POINT (-90.528966998373 41.538464624816)
2014806898,2014-44199,07/01/2014,07-July,3-Tuesday,16:23,1600 Hours,District 6 (East Central),DAVENPORT,SCOTT,,E 29TH ST & GRAND AVE,Collision with:  Non-motorist (see non-motorist section - NOT a unit),On Roadway,Non-collision (single vehicle),FTYROW:  Making left turn,None Indicated,,Daylight,Dry,Clear,None apparent,Intersection:  Four-way intersection,Paved,,Possible/Unknown,0,1,0,0,1,0,1000,1,1,,POINT (-90.564585185689 41.549204003158)
2014805948,201400002234,07/01/2014,07-July,3-Tuesday,00:25,0000 Hours,District 6 (East Central),,LINN,US 151,US 151/DUBUQUE RD,Collision with:  Animal,,,Animal,None Indicated,,,,,,,Paved,,Property Damage Only,0,0,0,0,0,0,2500,1,1,,POINT (-91.434008713706 42.052845839425)
2014806896,2014-44107,07/01/2014,07-July,3-Tuesday,10:27,1000 Hours,District 6 (East Central),DAVENPORT,SCOTT,,W LOCUST ST & BROWN ST,Collision with:  Vehicle in traffic,On Roadway,Rear-end (front to rear),Followed too close,None Indicated,,Daylight,Dry,Clear,None apparent,Non-intersection:  Non-junction/no special feature,Paved,,Property Damage Only,0,0,0,0,0,0,5000,2,6,,POINT (-90.584307202107 41.53826316717)
2014806162,14-002825,07/01/2014,07-July,3-Tuesday,15:47,1500 Hours,District 1 (Central),ANKENY,POLK,IA 160,IA 160/SE ORALABOR RD & SE PDI PL,Collision with:  Vehicle in traffic,On Roadway,"Angle, oncoming left turn",Ran Traffic Signal,None Indicated,,Daylight,Dry,Clear,None apparent,Intersection:  Four-way intersection,Paved,,Property Damage Only,0,0,0,0,0,0,4000,2,2,,POINT (-93.584409583146 41.702887532983)
2014806053,2014038367,07/01/2014,07-July,3-Tuesday,23:00,2300 Hours,District 4 (Southwest),,HARRISON,I-29,I-29,Collision with:  Animal,,,Animal,None Indicated,,,,,,,Paved,,Property Damage Only,0,0,0,0,0,0,5000,1,1,,POINT (-96.05219303854 41.78274549658)
2014805984,14-027206,07/01/2014,07-July,3-Tuesday,10:56,1000 Hours,District 4 (Southwest),COUNCIL BLUFFS,POTTAWATTAMIE,US 6,US 6/W BROADWAY & S 19TH ST & N 19TH ST,Collision with:  Vehicle in traffic,On Roadway,Broadside (front to side),Made improper turn,None Indicated,,Daylight,Dry,Clear,None apparent,Intersection:  Four-way intersection,Paved,,Property Damage Only,0,0,0,0,0,0,7000,3,3,,POINT (-95.872162326019 41.261862705927)
2014806507,,07/01/2014,07-July,3-Tuesday,15:34,1500 Hours,District 2 (Northeast),BRITT,HANCOCK,,5TH AVE SW,,Roadside,Head-on (front to front),Crossed centerline (undivided),None Indicated,,Daylight,Wet,Rain,None apparent,Non-intersection:  Non-junction/no special feature,Paved,,Property Damage Only,0,0,0,0,0,0,6500,2,2,,POINT (-93.808058360553 43.090413736254)
2014813993,,07/01/2014,07-July,3-Tuesday,21:00,2100 Hours,District 5 (Southeast),CEDAR RAPIDS,MUSCATINE,,Co Rd G28/231ST ST & BURLINGTON RD & MT VERNON RD SE & 15TH ST SE,Non-collision events:  Overturn/rollover,Shoulder,Non-collision (single vehicle),Made improper turn,None Indicated,,Dusk,Dry,Clear,None apparent,Intersection:  T-intersection,Paved,,Possible/Unknown,0,1,0,0,0,1,5000,1,1,,POINT (-91.105162481531 41.417331046731)
2014806296,01-14-28704,07/01/2014,07-July,3-Tuesday,13:38,1300 Hours,District 6 (East Central),DUBUQUE,DUBUQUE,IA 32,IA 32/IA32 NW ARTERIAL & CHAVENELLE RD,Collision with:  Vehicle in traffic,On Roadway,Rear-end (front to rear),Lost Control,None Indicated,,Daylight,Dry,Clear,None apparent,Non-intersection:  Non-junction/no special feature,Paved,,Possible/Unknown,0,1,0,0,1,0,1000,2,2,,POINT (-90.74069258353 42.497239654619)
2014820513,2014-44280,07/01/2014,07-July,3-Tuesday,18:00,1800 Hours,District 6 (East Central),DAVENPORT,SCOTT,,N DIVISION ST & NORTHWEST BLVD & PROP W 61ST ST,Collision with:  Vehicle in traffic,On Roadway,Rear-end (front to rear),Followed too close,None Indicated,,Daylight,Dry,Clear,None apparent,Non-intersection:  Non-junction/no special feature,Paved,,Possible/Unknown,0,1,0,0,1,0,1000,2,6,,POINT (-90.600224951976 41.583646640632)
2014805981,14-3106,07/01/2014,07-July,3-Tuesday,16:40,1600 Hours,District 4 (Southwest),WEST DES MOINES,DALLAS,,S JORDAN CREEK PKWY,Collision with:  Vehicle in traffic,On Roadway,"Sideswipe, same direction",Unknown,None Indicated,,Daylight,Dry,Clear,None apparent,Non-intersection:  Driveway access (within),Paved,,Property Damage Only,0,0,0,0,0,0,3500,2,2,,POINT (-93.809367359534 41.55993106879)
2014807759,,07/01/2014,07-July,3-Tuesday,14:48,1400 Hours,District 2 (Northeast),CHARLES CITY,FLOYD,,CLARK ST & COLLEGE AVE,Collision with:  Non-motorist (see non-motorist section - NOT a unit),On Roadway,Non-collision (single vehicle),Other (explain in narrative):  Other,None Indicated,,Daylight,Dry,Clear,None apparent,Intersection:  T-intersection,Paved,,Possible/Unknown,0,1,0,0,1,0,300,1,1,,POINT (-92.6665976082 43.061434856053)
2014809924,14-4701PD,07/01/2014,07-July,3-Tuesday,16:40,1600 Hours,District 1 (Central),BOONE,BOONE,,S STORY ST,Collision with:  Vehicle in traffic,On Roadway,Rear-end (front to rear),Swerving/Evasive Action,None Indicated,,Daylight,Dry,Clear,None apparent,Non-intersection:  Non-junction/no special feature,Paved,,Possible/Unknown,0,2,0,0,2,0,7800,4,4,,POINT (-93.879884544073 42.046648013531)
2014806150,201409380,07/01/2014,07-July,3-Tuesday,17:16,1700 Hours,District 6 (East Central),CEDAR RAPIDS,LINN,,WILSON AVE SW & 6TH ST SW,Collision with:  Vehicle in traffic,On Roadway,"Angle, oncoming left turn",FTYROW:  Making left turn,None Indicated,,Daylight,Dry,Cloudy,None apparent,Non-intersection:  Driveway access (within),Paved,,Property Damage Only,0,0,0,0,0,0,9500,2,2,,POINT (-91.677145359451 41.956097407101)
2014807062,S14-6493,07/01/2014,07-July,3-Tuesday,14:16,1400 Hours,District 3 (Northwest),SIOUX CITY,WOODBURY,,SUNNYBROOK DR & SUNNYBROOK PLZ,Collision with:  Vehicle in traffic,On Roadway,"Angle, oncoming left turn",Other (explain in narrative):  Vision obstructed,None Indicated,,Daylight,Dry,Cloudy,None apparent,Intersection:  Four-way intersection,Paved,,Possible/Unknown,0,1,0,0,1,0,5001,2,2,,POINT (-96.332636079265 42.452944434396)
2014806015,2014-44233,07/01/2014,07-July,3-Tuesday,18:00,1800 Hours,District 6 (East Central),DAVENPORT,SCOTT,,W 4TH ST & GAINES ST,Collision with:  Vehicle in traffic,On Roadway,"Angle, oncoming left turn",FTYROW:  Making left turn,None Indicated,,Daylight,Dry,Clear,None apparent,Intersection:  Four-way intersection,Paved,,Property Damage Only,0,0,0,0,0,0,11000,2,2,,POINT (-90.582962457993 41.523518397837)
2014808866,14-000775,07/01/2014,07-July,3-Tuesday,16:03,1600 Hours,District 1 (Central),,STORY,US 65,US 65 & Co Rd E18/130TH ST,Collision with:  Vehicle in traffic,On Roadway,Rear-end (front to rear),Crossed centerline (undivided),None Indicated,,Daylight,Dry,Clear,None apparent,Intersection:  Four-way intersection,Paved,,Property Damage Only,0,0,0,0,0,0,2000,2,2,,POINT (-93.309375540327 42.166147736746)
2014807192,2014-44240,07/01/2014,07-July,3-Tuesday,18:25,1800 Hours,District 6 (East Central),DAVENPORT,SCOTT,US 6,US 6/W KIMBERLY RD,Collision with:  Vehicle in traffic,On Roadway,"Sideswipe, same direction",Improper or erratic lane changing,None Indicated,,Daylight,Dry,Clear,None apparent,Non-intersection:  Non-junction/no special feature,Paved,,Property Damage Only,0,0,0,0,0,0,3500,2,2,,POINT (-90.590544527395 41.560099537046)
2014810265,14-3271,07/01/2014,07-July,3-Tuesday,11:15,1100 Hours,District 6 (East Central),HIAWATHA,LINN,,15TH AVE & BOYSON RD,Collision with:  Vehicle in traffic,On Roadway,"Sideswipe, same direction",Made improper turn,None Indicated,,Daylight,Dry,Cloudy,None apparent,Intersection:  Four-way intersection,Paved,,Property Damage Only,0,0,0,0,0,0,7000,2,3,,POINT (-91.693321334383 42.044248360741)
2014809772,20142353,07/01/2014,07-July,3-Tuesday,22:45,2200 Hours,District 1 (Central),,GRUNDY,,J AVE,Non-collision events:  Other non-collision (explain in narrative),Roadside,Non-collision (single vehicle),Ran off road - left,None Indicated,,Dark - roadway not lighted,Dry,Cloudy,None apparent,Intersection:  Four-way intersection,Unpaved,,Possible/Unknown,0,1,0,0,1,0,1500,1,2,,POINT (-92.84505349026 42.210123104669)
2014806103,14-22524,07/01/2014,07-July,3-Tuesday,17:27,1700 Hours,District 5 (Southeast),,DES MOINES,US 61,US 61 & DODGEVILLE RD & 180TH ST,Collision with:  Vehicle in traffic,On Roadway,Rear-end (front to rear),Unknown,None Indicated,,Daylight,Dry,Clear,None apparent,Non-intersection:  Non-junction/no special feature,Paved,,Possible/Unknown,0,1,0,0,0,1,1500,2,4,,POINT (-91.170113327546 40.942795384304)
2014807041,14-003094,07/01/2014,07-July,3-Tuesday,10:45,1000 Hours,District 1 (Central),AMES,STORY,US 69,US 69/S DUFF AVE & CHESTNUT ST,Collision with:  Vehicle in traffic,On Roadway,Rear-end (front to rear),Followed too close,None Indicated,,Daylight,Dry,Clear,None apparent,Intersection:  Four-way intersection,Paved,,Property Damage Only,0,0,0,0,0,0,3099,2,2,,POINT (-93.610292893176 42.01150731613)
2014806473,14-003098,07/01/2014,07-July,3-Tuesday,14:00,1400 Hours,District 1 (Central),AMES,STORY,,30TH ST,Collision with:  Vehicle in traffic,On Roadway,Broadside (front to side),Other (explain in narrative):  Other,None Indicated,,Daylight,Dry,Cloudy,None apparent,Non-intersection:  Driveway access (within),Paved,,Property Damage Only,0,0,0,0,0,0,5000,2,2,,POINT (-93.621983921613 42.051226548399)
2014806281,CL14002255,07/02/2014,07-July,4-Wednesday,08:26,0800 Hours,District 6 (East Central),CLINTON,CLINTON,,5TH AVE S & S 9TH ST,Collision with:  Vehicle in traffic,On Roadway,Broadside (front to side),Ran Stop Sign,None Indicated,,Daylight,Dry,Cloudy,Traffic control obscured,Intersection:  Four-way intersection,Paved,,Minor Injury,0,2,0,1,1,0,6000,2,2,,POINT (-90.20718625605 41.841096507101)
2014805971,20140018715,07/02/2014,07-July,4-Wednesday,11:14,1100 Hours,District 1 (Central),DES MOINES,POLK,I-235,I-235 & 19TH ST,Collision with:  Vehicle in traffic,On Roadway,Broadside (front to side),Ran Traffic Signal,None Indicated,,Daylight,Dry,Cloudy,None apparent,Intersection:  Four-way intersection,Paved,,Property Damage Only,0,0,0,0,0,0,2500,2,2,,POINT (-93.642531698882 41.596409959296)
2014806159,14-027661,07/02/2014,07-July,4-Wednesday,19:19,1900 Hours,District 5 (Southeast),MUSCATINE,MUSCATINE,,WOODLAWN AVE & ISETT AVE,Collision with fixed object:  Utility pole/light support,On Roadway,Non-collision (single vehicle),Other (explain in narrative):  Other,Alcohol (Statutory),,Daylight,Wet,Cloudy,"Surface condition (e.g., wet, icy)",Non-intersection:  Non-junction/no special feature,Paved,,Property Damage Only,0,0,0,0,0,0,3000,1,1,,POINT (-91.042780772268 41.435471113438)