Iowa DOT Case Number,Law Enforcement Case Number,Date of Crash,Month of Crash,Day of Week,Time of Crash,Hour,DOT District,City Name,County Name,Route with System,Location Description,First Harmful Event,Location of First Harmful Event,Manner of Crash/Collision,Major Cause,Drug or Alcohol ,Environmental Conditions,Light Conditions,Surface Conditions,Weather Conditions,Roadway Contribution,Roadway Type,Roadway Surface,Work Zone,Crash Severity,Number of Fatalities,Number of Injuries,Number of Major Injuries,Number of Minor Injuries,Number of Possible Injuries,Number of Unknown Injuries,Amount of Property Damage,Number of Vehicles Involved,Total Number of Occupants,Travel Direction,Location
2014809785,14-12243,07/02/2014,07-July,4-Wednesday,22:19,2200 Hours,District 2 (Northeast),,BREMER,US 218,US 218,Collision with:  Animal,,,Animal,None Indicated,,,,,,,Paved,,Property Damage Only,0,0,0,0,0,0,3000,1,1,,POINT (-92.509315559093 42.693715135241)
2014806153,201409417,07/02/2014,07-July,4-Wednesday,11:20,1100 Hours,District 6 (East Central),CEDAR RAPIDS,LINN,IA 922,IA 922/1ST AVE W & 5TH ST SW & 5TH ST NW,Collision with:  Vehicle in traffic,On Roadway,Rear-end (front to rear),Lost Control,None Indicated,,Daylight,Dry,Cloudy,None apparent,Non-intersection:  Non-junction/no special feature,Paved,,Property Damage Only,0,0,0,0,0,0,1800,2,4,,POINT (-91.678207670455 41.974753024751)
2014810987,14-4446,07/02/2014,07-July,4-Wednesday,13:45,1300 Hours,District 2 (Northeast),OELWEIN,FAYETTE,,2ND ST SE & 2ND AVE SE,Collision with:  Vehicle in traffic,On Roadway,Broadside (front to side),FTYROW:  From stop sign,None Indicated,,Daylight,Dry,Clear,None apparent,Intersection:  Four-way intersection,Paved,,Minor Injury,0,1,0,1,0,0,13000,3,2,,POINT (-91.910508933048 42.675464028533)
2014806188,2014-44506,07/02/2014,07-July,4-Wednesday,14:05,1400 Hours,District 6 (East Central),DAVENPORT,SCOTT,,W 3RD ST & STURDEVANT ST,Collision with:  Vehicle in traffic,On Roadway,"Sideswipe, same direction",Improper or erratic lane changing,None Indicated,,Daylight,Dry,Cloudy,None apparent,Non-intersection:  Non-junction/no special feature,Paved,,Minor Injury,0,1,0,1,0,0,5200,2,2,,POINT (-90.598981579216 41.52233205986)
2014806094,141860,07/02/2014,07-July,4-Wednesday,18:00,1800 Hours,District 3 (Northwest),DENISON,CRAWFORD,,ARROWHEAD DR & AVE C,Collision with:  Vehicle in traffic,On Roadway,Broadside (front to side),FTYROW:  From stop sign,None Indicated,,Daylight,Dry,Clear,None apparent,Intersection:  Four-way intersection,Paved,,Property Damage Only,0,0,0,0,0,0,12000,2,2,,POINT (-95.371605237629 42.024909131242)
2014806079,W14-066220,07/02/2014,07-July,4-Wednesday,15:50,1500 Hours,District 2 (Northeast),WATERLOO,BLACK HAWK,US 218,US 218,Non-collision events:  Other non-collision (explain in narrative),On Roadway,Non-collision (single vehicle),Other (explain in narrative):  No improper action,None Indicated,,Daylight,Dry,Cloudy,None apparent,Non-intersection:  Non-junction/no special feature,Paved,,Property Damage Only,0,0,0,0,0,0,3100,1,1,,POINT (-92.344081836261 42.494601031962)
2014806174,20140018749,07/02/2014,07-July,4-Wednesday,16:25,1600 Hours,District 1 (Central),DES MOINES,POLK,US 6,US 6/E EUCLID AVE & CORNELL ST,Collision with:  Vehicle in traffic,On Roadway,Broadside (front to side),Ran Traffic Signal,None Indicated,,Daylight,Dry,Cloudy,None apparent,Intersection:  Four-way intersection,Paved,,Major Injury,0,1,1,0,0,0,5000,2,3,,POINT (-93.615098906828 41.627697947971)
2014807247,2014038774,07/02/2014,07-July,4-Wednesday,14:02,1400 Hours,District 4 (Southwest),,MILLS,I-29,I-29 & US 34,Collision with:  Vehicle in traffic,On Roadway,Broadside (front to side),Ran Stop Sign,None Indicated,,Daylight,Dry,Cloudy,None apparent,Intersection:  Intersection with ramp,Paved,,Minor Injury,0,2,0,1,1,0,17000,2,3,,POINT (-95.822216471588 41.044888942174)
2014806119,01-14-28938,07/02/2014,07-July,4-Wednesday,18:02,1800 Hours,District 6 (East Central),DUBUQUE,DUBUQUE,,UNIVERSITY AVE,Collision with:  Vehicle in traffic,On Roadway,Broadside (front to side),FTYROW:  At uncontrolled intersection,None Indicated,,Daylight,Dry,Cloudy,None apparent,Non-intersection:  Alley,Paved,,Property Damage Only,0,0,0,0,0,0,3500,2,4,,POINT (-90.680357410734 42.499239606719)
2014809870,14-003727,07/02/2014,07-July,4-Wednesday,22:30,2200 Hours,District 2 (Northeast),,HANCOCK,,IOWA AVE,Non-collision events:  Overturn/rollover,Outside trafficway,Non-collision (single vehicle),Ran off road - left,None Indicated,,Dark - roadway not lighted,Dry,Clear,None apparent,Non-intersection:  Non-junction/no special feature,Unpaved,,Property Damage Only,0,0,0,0,0,0,8000,1,3,,POINT (-93.812835558901 43.111604377863)
2014806199,14-20933,07/02/2014,07-July,4-Wednesday,09:40,0900 Hours,District 3 (Northwest),SIOUX CITY,WOODBURY,IA 12,IA 12/GORDON DR,Collision with:  Vehicle in traffic,On Roadway,Rear-end (front to rear),Followed too close,None Indicated,,Daylight,Dry,Cloudy,None apparent,Non-intersection:  Non-junction/no special feature,Paved,,Property Damage Only,0,0,0,0,0,0,5500,2,2,,POINT (-96.359721723239 42.485550692757)
2014807248,2014038830,07/02/2014,07-July,4-Wednesday,20:00,2000 Hours,District 6 (East Central),,CEDAR,I-80,I-80,Collision with:  Animal,,,Animal,None Indicated,,,,,,,Paved,,Property Damage Only,0,0,0,0,0,0,3000,1,1,,POINT (-91.366231409447 41.666117167185)
2014806917,2014-44498,07/02/2014,07-July,4-Wednesday,13:34,1300 Hours,District 6 (East Central),DAVENPORT,SCOTT,,E LOCUST ST,Collision with:  Vehicle in traffic,On Roadway,Rear-end (front to rear),Followed too close,None Indicated,,Daylight,Dry,Cloudy,None apparent,Non-intersection:  Non-junction/no special feature,Paved,,Property Damage Only,0,0,0,0,0,0,2800,2,2,,POINT (-90.559001133085 41.538295879389)
2014806450,2014-44546,07/02/2014,07-July,4-Wednesday,16:10,1600 Hours,District 6 (East Central),DAVENPORT,SCOTT,,IA 461/WELCOME WAY/HARRISON ST & NORTHWEST BLVD,Collision with:  Vehicle in traffic,On Roadway,Rear-end (front to rear),Unknown,None Indicated,,Daylight,Wet,Rain,None apparent,Intersection:  T-intersection,Paved,,Possible/Unknown,0,1,0,0,1,0,500,2,2,,POINT (-90.577039051788 41.557302803043)
2014807232,2014038747,07/02/2014,07-July,4-Wednesday,12:30,1200 Hours,District 5 (Southeast),MORNING SUN,LOUISA,US 61,US 61 & IA 78/IOWA 78 & Co Rd H22/COUNTY RD H22,Collision with:  Vehicle in traffic,On Roadway,Broadside (front to side),FTYROW:  From stop sign,None Indicated,,Daylight,Dry,Cloudy,None apparent,Intersection:  Four-way intersection,Paved,,Minor Injury,0,1,0,1,0,0,20100,2,2,,POINT (-91.183262804602 41.087791197765)
2014806320,14-5050,07/02/2014,07-July,4-Wednesday,17:29,1700 Hours,District 3 (Northwest),IDA GROVE,IDA,,WASHINGTON ST,Non-collision events:  Other non-collision (explain in narrative),On Roadway,Non-collision (single vehicle),FTYROW:  Making left turn,None Indicated,,Daylight,Dry,Clear,None apparent,Non-intersection:  Driveway access (within),Paved,,Minor Injury,0,1,0,1,0,0,500,2,2,,POINT (-95.467494426633 42.346365835251)
2014808403,2014-44472,07/02/2014,07-July,4-Wednesday,11:16,1100 Hours,District 6 (East Central),DAVENPORT,SCOTT,US 6,US 6/W KIMBERLY RD & NORTHWEST BLVD,Collision with fixed object:  Utility pole/light support,On Roadway,Non-collision (single vehicle),Exceeded authorized speed,None Indicated,,Daylight,Dry,Clear,None apparent,Intersection:  Four-way intersection,Paved,,Fatal,1,0,0,0,0,0,15800,2,2,,POINT (-90.578336989072 41.560113133958)
2014806512,,07/02/2014,07-July,4-Wednesday,13:21,1300 Hours,District 6 (East Central),BELLEVUE,JACKSON,US 52,US 52/1ST ST & IA 62/STATE ST,Collision with:  Vehicle in traffic,On Roadway,Rear-end (front to rear),Driver Distraction:  Manual operation of an electronic communication device,None Indicated,,Daylight,Dry,Cloudy,None apparent,Intersection:  T-intersection,Paved,,Property Damage Only,0,0,0,0,0,0,4500,2,3,,POINT (-90.423076913663 42.258703818427)
2014806118,01-14-28888,07/02/2014,07-July,4-Wednesday,11:44,1100 Hours,District 6 (East Central),DUBUQUE,DUBUQUE,,HILLCREST RD & CHANEY RD,Collision with:  Vehicle in traffic,On Roadway,Broadside (front to side),FTYROW:  From stop sign,None Indicated,,Daylight,Dry,Cloudy,None apparent,Intersection:  Four-way intersection,Paved,,Possible/Unknown,0,1,0,0,1,0,14000,2,3,,POINT (-90.708174617478 42.505625929938)
2014806625,14-7656,07/02/2014,07-July,4-Wednesday,23:21,2300 Hours,District 3 (Northwest),,SIOUX,,Co Rd B40/390TH ST & CLEVELAND AVE,Collision with:  Animal,On Roadway,Non-collision (single vehicle),Animal,None Indicated,,Dark - roadway not lighted,Dry,Clear,None apparent,Non-intersection:  Non-junction/no special feature,Paved,,Minor Injury,0,2,0,1,1,0,7000,1,2,,POINT (-96.411769390352 43.083950916819)
2014806172,20140018734,07/02/2014,07-July,4-Wednesday,13:50,1300 Hours,District 1 (Central),DES MOINES,POLK,IA 28,IA 28/63RD ST,Collision with:  Vehicle in traffic,On Roadway,"Sideswipe, same direction",FTYROW:  Other (explain in narrative),None Indicated,,Daylight,Dry,Cloudy,None apparent,Non-intersection:  Non-junction/no special feature,Paved,,Property Damage Only,0,0,0,0,0,0,3000,2,2,,POINT (-93.703257662945 41.570843264234)
2014806222,14-002837,07/02/2014,07-July,4-Wednesday,07:47,0700 Hours,District 1 (Central),ANKENY,POLK,I-35,I-35,Collision with:  Vehicle in traffic,On Roadway,Rear-end (front to rear),Other (explain in narrative):  Other,None Indicated,,Daylight,Dry,Cloudy,None apparent,Interchange-related:  On-ramp merge area,Paved,,Property Damage Only,0,0,0,0,0,0,7500,2,2,,POINT (-93.570819378352 41.757574533908)
2014820428,2014-49-AC,07/02/2014,07-July,4-Wednesday,14:10,1400 Hours,District 3 (Northwest),,DICKINSON,IA 86,IA 86/IOWA 86 & 120TH ST,Collision with:  Vehicle in traffic,On Roadway,Broadside (front to side),FTYROW:  From stop sign,None Indicated,,Daylight,Dry,Cloudy,None apparent,Intersection:  Four-way intersection,Paved,,Possible/Unknown,0,1,0,0,1,0,6000,2,3,,POINT (-95.180941205336 43.473898329084)
2014807333,80-14-212,07/02/2014,07-July,4-Wednesday,14:55,1400 Hours,District 2 (Northeast),HUMBOLDT,HUMBOLDT,,5TH AVE N & 3RD ST N,Collision with:  Vehicle in traffic,On Roadway,Broadside (front to side),FTYROW:  At uncontrolled intersection,None Indicated,,Daylight,Dry,Clear,None apparent,Intersection:  Four-way intersection,Paved,,Property Damage Only,0,0,0,0,0,0,2300,2,2,,POINT (-94.211730090003 42.726908620925)
2014805970,20140018703,07/02/2014,07-July,4-Wednesday,08:06,0800 Hours,District 1 (Central),DES MOINES,POLK,US 6,US 6/DOUGLAS AVE & BEAVER AVE,Collision with:  Vehicle in traffic,On Roadway,Rear-end (front to rear),Followed too close,None Indicated,,Daylight,Dry,Cloudy,None apparent,Intersection:  Four-way intersection,Paved,,Minor Injury,0,1,0,1,0,0,3600,2,3,,POINT (-93.67801157996 41.629505815176)
2014806080,W14-066300,07/02/2014,07-July,4-Wednesday,18:25,1800 Hours,District 2 (Northeast),WATERLOO,BLACK HAWK,,W 6TH ST & COMMERCIAL ST,Collision with:  Vehicle in traffic,On Roadway,"Sideswipe, same direction",Made improper turn,None Indicated,,Daylight,Dry,Cloudy,None apparent,Intersection:  Four-way intersection,Paved,,Property Damage Only,0,0,0,0,0,0,8000,2,2,,POINT (-92.337665648967 42.493726588022)
2014812940,14-002789,07/02/2014,07-July,4-Wednesday,09:15,0900 Hours,District 4 (Southwest),CARTER LAKE,POTTAWATTAMIE,,WOOD AVE,Collision with:  Parked motor vehicle,On Roadway,Rear-end (front to rear),Unknown,None Indicated,,Daylight,Dry,Clear,None apparent,Non-intersection:  Non-junction/no special feature,Paved,,Possible/Unknown,0,1,0,0,1,0,9100,2,1,,POINT (-95.919580804602 41.284031305242)
2014807617,14066163,07/02/2014,07-July,4-Wednesday,12:20,1200 Hours,District 2 (Northeast),CEDAR FALLS,BLACK HAWK,,UNIVERSITY AVE & HOLIDAY RD,Collision with:  Vehicle in traffic,On Roadway,"Sideswipe, same direction",Other (explain in narrative):  No improper action,None Indicated,,Daylight,Dry,Clear,None apparent,Non-intersection:  Non-junction/no special feature,Paved,,Property Damage Only,0,0,0,0,0,0,5000,2,3,,POINT (-92.433298886656 42.51307957561)
2014816761,01-14-28889,07/02/2014,07-July,4-Wednesday,11:45,1100 Hours,District 6 (East Central),DUBUQUE,DUBUQUE,,LANGWORTHY ST & HILL ST,Collision with:  Vehicle in traffic,On Roadway,Rear-end (front to rear),Other (explain in narrative):  No improper action,None Indicated,,Daylight,Dry,Cloudy,None apparent,Intersection:  Four-way intersection,Paved,,Property Damage Only,0,0,0,0,0,0,3000,2,2,,POINT (-90.677155125088 42.493699535157)
2014828314,14070025,07/02/2014,07-July,4-Wednesday,17:44,1700 Hours,District 5 (Southeast),AGENCY,WAPELLO,US 34,US 34,Collision with fixed object:  Other fixed object (explain in narrative),Unknown,Non-collision (single vehicle),Ran off road - right,None Indicated,,Daylight,Wet,Rain,Unknown,Non-intersection:  Non-junction/no special feature,Paved,,Property Damage Only,0,0,0,0,0,0,2500,1,1,,POINT (-92.341710359572 40.999209785532)
2014806038,14-1980,07/02/2014,07-July,4-Wednesday,12:25,1200 Hours,District 1 (Central),FORT DODGE,WEBSTER,,9TH AVE NW,Collision with:  Vehicle in traffic,On Roadway,Rear-end (front to rear),Improper Backing,None Indicated,,Daylight,Dry,Cloudy,None apparent,Non-intersection:  Non-junction/no special feature,Paved,,Property Damage Only,0,0,0,0,0,0,3002,2,1,,POINT (-94.202765487395 42.521731402908)
2014810937,,07/02/2014,07-July,4-Wednesday,13:48,1300 Hours,District 2 (Northeast),,WINNESHIEK,,170TH AVE,Collision with:  Vehicle in traffic,On Roadway,Broadside (front to side),FTYROW:  From driveway,None Indicated,,Daylight,Dry,Cloudy,None apparent,Non-intersection:  Driveway access (within),Paved,,Property Damage Only,0,0,0,0,0,0,2800,2,2,,POINT (-91.735155119974 43.299965311668)
2014806105,14-22628,07/02/2014,07-July,4-Wednesday,10:39,1000 Hours,District 5 (Southeast),BURLINGTON,DES MOINES,,VALLEY ST & CENTRAL AVE,Collision with:  Vehicle in traffic,On Roadway,"Sideswipe, same direction",Improper or erratic lane changing,None Indicated,,Daylight,Dry,Cloudy,None apparent,Non-intersection:  Non-junction/no special feature,Paved,,Property Damage Only,0,0,0,0,0,0,1600,2,5,,POINT (-91.111846055245 40.810847345105)
2014806136,201409431,07/02/2014,07-July,4-Wednesday,14:09,1400 Hours,District 6 (East Central),CEDAR RAPIDS,LINN,IA 922,IA 922/1ST AVE E,Collision with:  Vehicle in traffic,On Roadway,"Angle, oncoming left turn",FTYROW:  Making left turn,None Indicated,,Daylight,Dry,Cloudy,None apparent,Non-intersection:  Driveway access (within),Paved,,Property Damage Only,0,0,0,0,0,0,3000,2,3,,POINT (-91.651520201002 41.9885556809)
2014820427,2014-50-AC,07/02/2014,07-July,4-Wednesday,16:57,1600 Hours,District 3 (Northwest),,DICKINSON,IA 9,IA 9/IOWA 9,Collision with:  Vehicle in traffic,On Roadway,Rear-end (front to rear),Other (explain in narrative):  Other,None Indicated,,Daylight,Dry,Cloudy,None apparent,Non-intersection:  Non-junction/no special feature,Paved,,Possible/Unknown,0,1,0,0,1,0,4000,2,3,,POINT (-94.969881069841 43.430513364611)
2014806871,S14-002463,07/02/2014,07-July,4-Wednesday,14:10,1400 Hours,District 4 (Southwest),AVOCA,POTTAWATTAMIE,,W CROCKER ST,Collision with:  Vehicle in traffic,On Roadway,Broadside (front to side),FTYROW:  At uncontrolled intersection,None Indicated,,Daylight,Dry,Cloudy,None apparent,Non-intersection:  Alley,Paved,,Property Damage Only,0,0,0,0,0,0,3000,2,2,,POINT (-95.340275878546 41.477588554971)
2014806416,14-1444,07/02/2014,07-July,4-Wednesday,17:55,1700 Hours,District 1 (Central),URBANDALE,POLK,,DOUGLAS PKWY,Collision with fixed object:  Utility pole/light support,Median,Non-collision (single vehicle),Made improper turn,None Indicated,,Daylight,Dry,Cloudy,None apparent,Intersection:  Other intersection (explain in narrative),Paved,,Property Damage Only,0,0,0,0,0,0,4000,1,1,,POINT (-93.808543099341 41.629409380053)
2014806192,14-000909,07/02/2014,07-July,4-Wednesday,12:15,1200 Hours,District 1 (Central),AMES,STORY,,13TH ST & IOWA STATE UNIVERSITY,Collision with:  Vehicle in traffic,On Roadway,"Sideswipe, same direction",FTYROW:  Other (explain in narrative),None Indicated,,Daylight,Dry,Cloudy,None apparent,Non-intersection:  Non-junction/no special feature,Paved,,Property Damage Only,0,0,0,0,0,0,2600,2,2,,POINT (-93.642914286668 42.035674001554)
2014806107,01-14-28914,07/02/2014,07-July,4-Wednesday,15:06,1500 Hours,District 6 (East Central),DUBUQUE,DUBUQUE,US 20,US 20/DODGE ST & IA 32/IA32 NW ARTERIAL,Collision with:  Vehicle in traffic,On Roadway,Rear-end (front to rear),Lost Control,None Indicated,,Daylight,Dry,Cloudy,None apparent,Non-intersection:  Non-junction/no special feature,Paved,,Possible/Unknown,0,1,0,0,1,0,5250,3,4,,POINT (-90.739022103085 42.488552633559)
2014812974,2014038819,07/02/2014,07-July,4-Wednesday,18:00,1800 Hours,District 5 (Southeast),,KEOKUK,IA 92,IA 92/IOWA 92 & 120TH AVE,Collision with:  Vehicle in traffic,On Roadway,Rear-end (front to rear),Swerving/Evasive Action,None Indicated,,Daylight,Wet,Rain,None apparent,Intersection:  Four-way intersection,Paved,,Property Damage Only,0,0,0,0,0,0,12000,2,3,,POINT (-92.373273555311 41.336263266869)
2014807042,14-003109,07/02/2014,07-July,4-Wednesday,12:55,1200 Hours,District 1 (Central),AMES,STORY,US 69,US 69/S DUFF AVE,Collision with:  Vehicle in traffic,On Roadway,Rear-end (front to rear),Followed too close,None Indicated,,Daylight,Dry,Rain,None apparent,Non-intersection:  Non-junction/no special feature,Paved,,Property Damage Only,0,0,0,0,0,0,3500,2,2,,POINT (-93.610238845138 42.009643238661)
2014810182,14-007435,07/02/2014,07-July,4-Wednesday,21:20,2100 Hours,District 2 (Northeast),,FAYETTE,US 18,US 18/HARDING RD,Collision with:  Animal,,,Animal,None Indicated,,,,,,,Paved,,Property Damage Only,0,0,0,0,0,0,5000,1,1,,POINT (-91.68841877598 42.989902133085)
2014806083,14-144,07/02/2014,07-July,4-Wednesday,21:42,2100 Hours,District 2 (Northeast),WAVERLY,BREMER,IA 3,IA 3/E BREMER AVE,Collision with:  Animal,On Roadway,Non-collision (single vehicle),Animal,None Indicated,,Dark - roadway not lighted,Dry,Clear,None apparent,Non-intersection:  Non-junction/no special feature,Paved,,Property Damage Only,0,0,0,0,0,0,2000,1,1,,POINT (-92.427594898226 42.714886118876)
2014811924,14-04669,07/02/2014,07-July,4-Wednesday,19:25,1900 Hours,District 3 (Northwest),EMMETSBURG,PALO ALTO,IA 4,IA 4/BROADWAY ST,Collision with:  Vehicle in traffic,On Roadway,"Sideswipe, same direction",Crossed centerline (undivided),None Indicated,,Daylight,Dry,Cloudy,None apparent,Non-intersection:  Non-junction/no special feature,Paved,,Property Damage Only,0,0,0,0,0,0,1500,2,2,,POINT (-94.678870080107 43.109053437061)
2014806204,W14-066323,07/02/2014,07-July,4-Wednesday,19:24,1900 Hours,District 2 (Northeast),WATERLOO,BLACK HAWK,,W 3RD ST & WELLINGTON ST,Collision with:  Vehicle in traffic,On Roadway,Broadside (front to side),FTYROW:  From stop sign,None Indicated,,Daylight,Dry,Cloudy,None apparent,Intersection:  Four-way intersection,Paved,,Property Damage Only,0,0,0,0,0,0,5500,2,2,,POINT (-92.347861116215 42.491605643948)
2014806986,2014007173,07/02/2014,07-July,4-Wednesday,08:45,0800 Hours,District 6 (East Central),IOWA CITY,JOHNSON,,PLAEN VIEW DR,Collision with:  Parked motor vehicle,On Roadway,Broadside (front to side),Improper Backing,None Indicated,,Daylight,Dry,Cloudy,None apparent,Non-intersection:  Non-junction/no special feature,Paved,,Property Damage Only,0,0,0,0,0,0,1500,2,777,,POINT (-91.573983087165 41.642231750462)
2014806152,201409416,07/02/2014,07-July,4-Wednesday,11:19,1100 Hours,District 6 (East Central),CEDAR RAPIDS,LINN,IA 922,IA 922/1ST AVE E,Collision with:  Vehicle in traffic,On Roadway,Rear-end (front to rear),Lost Control,None Indicated,,Daylight,Wet,Cloudy,None apparent,Intersection:  Four-way intersection,Paved,,Possible/Unknown,0,1,0,0,1,0,9500,3,4,,POINT (-91.638216385206 41.996495371264)
2014806154,201409428,07/02/2014,07-July,4-Wednesday,12:52,1200 Hours,District 6 (East Central),CEDAR RAPIDS,LINN,,41ST AVE DR SW,Collision with:  Vehicle in traffic,On Roadway,Rear-end (front to rear),Other (explain in narrative):  Vision obstructed,None Indicated,,Daylight,Dry,Cloudy,None apparent,Intersection:  T-intersection,Paved,,Possible/Unknown,0,1,0,0,1,0,1500,2,2,,POINT (-91.646246654377 41.937733224363)
2014806037,14-1977,07/02/2014,07-July,4-Wednesday,10:00,1000 Hours,District 1 (Central),FORT DODGE,WEBSTER,,5TH AVE S,Collision with:  Vehicle in traffic,On Roadway,Rear-end (front to rear),Other (explain in narrative):  Other,None Indicated,,Daylight,Dry,Cloudy,None apparent,Non-intersection:  Non-junction/no special feature,Paved,,Possible/Unknown,0,2,0,0,0,2,6500,2,2,,POINT (-94.142506163132 42.501247716526)
2014806156,201409451,07/02/2014,07-July,4-Wednesday,21:10,2100 Hours,District 6 (East Central),CEDAR RAPIDS,LINN,,21ST ST NE,Collision with:  Vehicle in traffic,On Roadway,Broadside (front to side),Lost Control,None Indicated,,Dusk,Dry,Clear,None apparent,Non-intersection:  Non-junction/no special feature,Paved,,Property Damage Only,0,0,0,0,0,0,3500,2,2,,POINT (-91.639096792306 41.99597443578)
2014807653,14011124,07/02/2014,07-July,4-Wednesday,21:16,2100 Hours,District 5 (Southeast),OLDS,HENRY,US 218,US 218 & IA 78/IOWA 78,Collision with:  Vehicle in traffic,On Roadway,Broadside (front to side),Crossed centerline (undivided),None Indicated,,Daylight,Dry,Clear,None apparent,Intersection:  Four-way intersection,Paved,,Major Injury,0,2,1,1,0,0,22000,2,2,,POINT (-91.540003511593 41.119888018288)
2014808484,,07/02/2014,07-July,4-Wednesday,10:39,1000 Hours,District 4 (Southwest),,ADAIR,,Co Rd G27/160TH ST,Non-collision events:  Overturn/rollover,On Roadway,Non-collision (single vehicle),Crossed centerline (undivided),None Indicated,,Daylight,Dry,Cloudy,None apparent,Non-intersection:  Non-junction/no special feature,Paved,,Minor Injury,0,1,0,1,0,0,12000,1,1,,POINT (-94.616569970929 41.417390304141)
2014806039,14-1981,07/02/2014,07-July,4-Wednesday,13:54,1300 Hours,District 1 (Central),FORT DODGE,WEBSTER,,7TH AVE N,Collision with:  Vehicle in traffic,On Roadway,"Sideswipe, same direction",Driver Distraction:  Passenger,None Indicated,,Daylight,Dry,Cloudy,None apparent,Non-intersection:  Non-junction/no special feature,Paved,,Property Damage Only,0,0,0,0,0,0,3000,2,5,,POINT (-94.175207188906 42.51288559545)
2014806137,201409434,07/02/2014,07-July,4-Wednesday,14:30,1400 Hours,District 6 (East Central),CEDAR RAPIDS,LINN,IA 100,IA 100/COLLINS RD NE & ROCKWELL DR NE,Collision with:  Vehicle in traffic,On Roadway,Rear-end (front to rear),Other (explain in narrative):  Other,None Indicated,,Daylight,Dry,Cloudy,None apparent,Intersection:  T-intersection,Paved,,Possible/Unknown,0,1,0,0,1,0,16000,2,2,,POINT (-91.648975315035 42.028388030185)
2014806225,14-0778,07/02/2014,07-July,4-Wednesday,13:35,1300 Hours,District 1 (Central),CLIVE,POLK,,NW 124TH ST,Collision with:  Vehicle in traffic,On Roadway,Broadside (front to side),FTYROW:  From stop sign,None Indicated,,Daylight,Dry,Cloudy,None apparent,Intersection:  Four-way intersection,Paved,,Property Damage Only,0,0,0,0,0,0,6100,2,2,,POINT (-93.788538197512 41.600482210022)
2014806175,20140018772,07/02/2014,07-July,4-Wednesday,15:00,1500 Hours,District 1 (Central),DES MOINES,POLK,,ADAMS AVE,Collision with fixed object:  Utility pole/light support,Outside trafficway,Non-collision (single vehicle),Ran off road - right,None Indicated,,Daylight,Unknown,Cloudy,Unknown,Non-intersection:  Non-junction/no special feature,Paved,,Property Damage Only,0,0,0,0,0,0,2500,1,1,,POINT (-93.671105169326 41.622232511134)
2014807574,2014039064,07/03/2014,07-July,5-Thursday,22:58,2200 Hours,District 6 (East Central),IOWA CITY,JOHNSON,US 218,US 218,Non-collision events:  Overturn/rollover,On Roadway,Non-collision (single vehicle),Over correcting/over steering,None Indicated,,Dark - roadway lighted,Dry,Unknown,None apparent,Non-intersection:  Non-junction/no special feature,Paved,,Property Damage Only,0,0,0,0,0,0,10000,1,2,,POINT (-91.603934282335 41.661459926121)
2014807610,14-066456,07/03/2014,07-July,5-Thursday,01:52,0100 Hours,District 2 (Northeast),CEDAR FALLS,BLACK HAWK,,HUDSON RD,Collision with:  Vehicle in traffic,On Roadway,Broadside (front to side),FTYROW:  Other (explain in narrative),None Indicated,,Dark - roadway not lighted,Dry,Clear,None apparent,Non-intersection:  Crossover-related,Paved,,Possible/Unknown,0,1,0,0,0,1,2025,2,3,,POINT (-92.46544447021 42.486306549015)
2014806108,01-14-29032,07/03/2014,07-July,5-Thursday,11:20,1100 Hours,District 6 (East Central),DUBUQUE,DUBUQUE,US 20,US 20/DODGE ST & WACKER DR,Collision with:  Vehicle in traffic,On Roadway,"Sideswipe, same direction",FTYROW:  Making right turn on red signal,None Indicated,,Daylight,Dry,Clear,None apparent,Non-intersection:  Non-junction/no special feature,Paved,,Property Damage Only,0,0,0,0,0,0,3500,2,3,,POINT (-90.720497012844 42.492075771408)
2014806078,W14-066553,07/03/2014,07-July,5-Thursday,10:30,1000 Hours,District 2 (Northeast),WATERLOO,BLACK HAWK,,E 3RD ST & FRANKLIN ST,Collision with:  Vehicle in traffic,On Roadway,Broadside (front to side),Ran Traffic Signal,None Indicated,,Daylight,Dry,Clear,None apparent,Intersection:  Four-way intersection,Paved,,Property Damage Only,0,0,0,0,0,0,10000,2,2,,POINT (-92.335314580114 42.501998340367)
2014820156,,07/03/2014,07-July,5-Thursday,11:50,1100 Hours,District 3 (Northwest),,CALHOUN,IA 175,IA 175/365TH ST & HARRIS AVE,Collision with:  Vehicle in traffic,On Roadway,"Angle, oncoming left turn",Made improper turn,None Indicated,,,,,,,Paved,,Property Damage Only,0,0,0,0,0,0,1594,2,4,,POINT (-94.764456151532 42.260408588369)
2014806419,14-1454,07/03/2014,07-July,5-Thursday,17:30,1700 Hours,District 1 (Central),URBANDALE,POLK,US 6,US 6/HICKMAN RD,Collision with:  Vehicle in traffic,On Roadway,"Angle, oncoming left turn",FTYROW:  Making left turn,None Indicated,,Daylight,Dry,Clear,None apparent,Non-intersection:  Driveway access (within),Paved,,Property Damage Only,0,0,0,0,0,0,11000,2,4,,POINT (-93.722674134824 41.614732151539)
2014806774,2014-3036,07/03/2014,07-July,5-Thursday,12:36,1200 Hours,District 4 (Southwest),WAUKEE,DALLAS,US 6,US 6/HICKMAN AVE & CAREFREE LN,Collision with:  Vehicle in traffic,On Roadway,Broadside (front to side),FTYROW:  From stop sign,None Indicated,,Daylight,Dry,Clear,None apparent,Intersection:  Four-way intersection,Paved,,Minor Injury,0,1,0,1,0,0,5000,2,3,,POINT (-93.869142971402 41.614943032469)
2014810242,2014-003861,07/03/2014,07-July,5-Thursday,21:45,2100 Hours,District 6 (East Central),,BENTON,IA 8,IA 8/58 ST,Collision with:  Animal,,,Animal,None Indicated,,,,,,,Paved,,Property Damage Only,0,0,0,0,0,0,1900,1,1,,POINT (-92.220230529592 42.181513241548)