Iowa DOT Case Number,Law Enforcement Case Number,Date of Crash,Month of Crash,Day of Week,Time of Crash,Hour,DOT District,City Name,County Name,Route with System,Location Description,First Harmful Event,Location of First Harmful Event,Manner of Crash/Collision,Major Cause,Drug or Alcohol ,Environmental Conditions,Light Conditions,Surface Conditions,Weather Conditions,Roadway Contribution,Roadway Type,Roadway Surface,Work Zone,Crash Severity,Number of Fatalities,Number of Injuries,Number of Major Injuries,Number of Minor Injuries,Number of Possible Injuries,Number of Unknown Injuries,Amount of Property Damage,Number of Vehicles Involved,Total Number of Occupants,Travel Direction,Location
2014806687,2014039116,07/04/2014,07-July,6-Friday,09:23,0900 Hours,District 2 (Northeast),CLEAR LAKE,CERRO GORDO,I-35,I-35 & IA 122/IOWA 122,Collision with:  Vehicle in traffic,On Roadway,Rear-end (front to rear),Driver Distraction:  Passenger,None Indicated,,Daylight,Dry,Clear,None apparent,Intersection:  Intersection with ramp,Paved,,Minor Injury,0,1,0,1,0,0,12500,2,11,,POINT (-93.354684628331 43.146485329775)
2014807723,2014039134,07/04/2014,07-July,6-Friday,11:47,1100 Hours,District 1 (Central),,POLK,I-80,I-80,Collision with:  Vehicle in traffic,On Roadway,"Sideswipe, same direction",Improper or erratic lane changing,None Indicated,,Daylight,Dry,Clear,None apparent,Non-intersection:  Non-junction/no special feature,Paved,,Property Damage Only,0,0,0,0,0,0,2900,2,3,,POINT (-93.551279232421 41.655700791938)
2014810055,S14-G0405,07/04/2014,07-July,6-Friday,22:45,2200 Hours,District 5 (Southeast),,CLARKE,US 34,US 34,Collision with:  Animal,,,Animal,None Indicated,,,,,,,Paved,,Property Damage Only,0,0,0,0,0,0,4000,1,1,,POINT (-93.684999036352 41.030609621021)
2014806533,1407048111,07/04/2014,07-July,6-Friday,22:20,2200 Hours,District 6 (East Central),,CLINTON,,250 ST,Collision with:  Vehicle in traffic,On Roadway,Rear-end (front to rear),Unknown,None Indicated,,Dark - roadway lighted,Dry,Clear,None apparent,Non-intersection:  Non-junction/no special feature,Unpaved,,Property Damage Only,0,0,0,0,0,0,1500,2,2,,POINT (-90.6803054818 41.814654010296)
2014809815,20142399,07/04/2014,07-July,6-Friday,22:05,2200 Hours,District 1 (Central),,GRUNDY,US 20,US 20,Collision with:  Animal,,,Animal,None Indicated,,,,,,,Paved,,Property Damage Only,0,0,0,0,0,0,4000,1,1,,POINT (-92.989722140604 42.462228037173)
2014806724,2014-0142,07/04/2014,07-July,6-Friday,10:28,1000 Hours,District 5 (Southeast),CARLISLE,WARREN,,N GARFIELD ST,Collision with:  Non-motorist (see non-motorist section - NOT a unit),On Roadway,Non-collision (single vehicle),Separation of units,None Indicated,,Daylight,Dry,Clear,None apparent,Non-intersection:  Non-junction/no special feature,Paved,,Minor Injury,0,1,0,1,0,0,0,1,1,,POINT (-93.485543964811 41.499846849516)
2014806646,14-21265,07/04/2014,07-July,6-Friday,16:16,1600 Hours,District 3 (Northwest),SIOUX CITY,WOODBURY,,8TH ST & DOUGLAS ST,Collision with:  Vehicle in traffic,On Roadway,Broadside (front to side),FTYROW:  From stop sign,None Indicated,,Daylight,Dry,Clear,None apparent,Intersection:  Other intersection (explain in narrative),Paved,,Property Damage Only,0,0,0,0,0,0,2000,2,3,,POINT (-96.406473383127 42.498513240734)
2014806275,14-005720,07/04/2014,07-July,6-Friday,23:30,2300 Hours,District 4 (Southwest),,CASS,IA 92,IA 92/RICHLAND RD & MAIN ST,Collision with fixed object:  Tree,Roadside,Non-collision (single vehicle),Ran Stop Sign,Alcohol (Statutory),,Dark - roadway lighted,Dry,Clear,None apparent,Intersection:  T-intersection,Paved,,Possible/Unknown,0,1,0,0,0,1,4200,1,1,,POINT (-94.768936721052 41.258342437158)
2014808766,14-035,07/04/2014,07-July,6-Friday,14:11,1400 Hours,District 3 (Northwest),SOMERS,CALHOUN,,9TH ST & 6TH AVE,Collision with fixed object:  Utility pole/light support,Roadside,Non-collision (single vehicle),Ran off road - right,None Indicated,,Daylight,Dry,Clear,None apparent,Intersection:  Four-way intersection,Paved,,Possible/Unknown,0,1,0,0,0,1,6500,1,2,,POINT (-94.430181573447 42.375756677955)
2014850894,14-005275,07/04/2014,07-July,6-Friday,15:31,1500 Hours,District 5 (Southeast),,LOUISA,,Co Rd G44X/180TH ST & Co Rd X61/COUNTY RD X 61,Collision with:  Other non-fixed object (explain in narrative),On Roadway,Non-collision (single vehicle),Lost Control,None Indicated,,Daylight,Dry,Cloudy,None apparent,Non-intersection:  Non-junction/no special feature,Paved,,Property Damage Only,0,0,0,0,0,0,2500,1,1,,POINT (-91.109262548952 41.320041519286)
2014806351,201402278,07/04/2014,07-July,6-Friday,05:30,0500 Hours,District 6 (East Central),,LINN,IA 100,IA 100/PROP WB IA100 EXIT RAMP A/PROP WB IA100 ENTR RAMP C & Co Rd W36/COVINGTON RD,Collision with fixed object:  Ditch,Shoulder,Non-collision (single vehicle),Over correcting/over steering,None Indicated,,Dawn,Dry,Rain,None apparent,Non-intersection:  Non-junction/no special feature,Paved,,Property Damage Only,0,0,0,0,0,0,14500,1,1,,POINT (-91.767120245463 42.013137234977)
2014806910,2014-45440,07/04/2014,07-July,6-Friday,22:52,2200 Hours,District 6 (East Central),DAVENPORT,SCOTT,,E LOCUST ST & ARLINGTON AVE,Collision with:  Vehicle in traffic,On Roadway,"Angle, oncoming left turn",FTYROW:  From stop sign,None Indicated,,Dark - roadway lighted,Dry,Clear,None apparent,Intersection:  T-intersection,Paved,,Property Damage Only,0,0,0,0,0,0,1500,2,2,,POINT (-90.562501966562 41.538280117129)
2014807094,,07/04/2014,07-July,6-Friday,19:40,1900 Hours,District 3 (Northwest),ARMSTRONG,EMMET,,A AVE & COLUMBIAN BLVD,Collision with:  Vehicle in traffic,On Roadway,Broadside (front to side),FTYROW:  From yield sign,None Indicated,,Daylight,Dry,Cloudy,None apparent,Intersection:  Four-way intersection,Paved,,Property Damage Only,0,0,0,0,0,0,5753,2,4,,POINT (-94.474701782843 43.394203703257)
2014813994,,07/04/2014,07-July,6-Friday,13:39,1300 Hours,District 5 (Southeast),,MUSCATINE,IA 22,IA 22/IOWA 22 & IA 70/IOWA 70,Collision with:  Vehicle in traffic,On Roadway,Rear-end (front to rear),Other (explain in narrative):  Other,None Indicated,,Daylight,Dry,Clear,None apparent,Intersection:  Y-intersection,Paved,,Property Damage Only,0,0,0,0,0,0,5000,2,3,,POINT (-91.25224842846 41.482619103255)
2014806317,14-011289,07/04/2014,07-July,6-Friday,22:41,2200 Hours,District 5 (Southeast),,HENRY,US 34,US 34,Collision with:  Animal,,,Animal,None Indicated,,,,,,,Paved,,Property Damage Only,0,0,0,0,0,0,2500,1,1,,POINT (-91.67239756029 40.975590282616)
2014806791,02-14-10055,07/04/2014,07-July,6-Friday,06:43,0600 Hours,District 6 (East Central),,DUBUQUE,US 52,US 52,Collision with fixed object:  Guardrail - face,On Roadway,Non-collision (single vehicle),Crossed centerline (undivided),None Indicated,,Daylight,Dry,Clear,None apparent,Non-intersection:  Non-junction/no special feature,Paved,,Possible/Unknown,0,1,0,0,1,0,3000,1,1,,POINT (-90.807102732416 42.571589776305)
2014806479,14-003145,07/04/2014,07-July,6-Friday,12:43,1200 Hours,District 1 (Central),AMES,STORY,,7TH ST,Collision with:  Parked motor vehicle,On Roadway,"Sideswipe, same direction",Other (explain in narrative):  Other,None Indicated,,Daylight,Dry,Clear,None apparent,Non-intersection:  Non-junction/no special feature,Paved,,Property Damage Only,0,0,0,0,0,0,7200,4,1,,POINT (-93.614448247253 42.027913153122)
2014806689,2014039238,07/04/2014,07-July,6-Friday,21:30,2100 Hours,District 3 (Northwest),,SIOUX,,EAGLE AVE,Collision with fixed object:  Utility pole/light support,Roadside,Non-collision (single vehicle),Ran Stop Sign,Alcohol (Statutory),,Dark - roadway not lighted,Dry,Cloudy,None apparent,Intersection:  Four-way intersection,Unpaved,,Major Injury,0,2,1,1,0,0,9300,1,2,,POINT (-96.313659714974 43.086729153554)
2014806215,201409523,07/04/2014,07-July,6-Friday,08:48,0800 Hours,District 6 (East Central),CEDAR RAPIDS,LINN,,COLDSTREAM AVE NE & MADISON ST NE,Collision with:  Vehicle in traffic,On Roadway,Broadside (front to side),Ran Traffic Signal,None Indicated,,Daylight,Dry,Clear,None apparent,Intersection:  Four-way intersection,Paved,,Minor Injury,0,2,0,1,1,0,14000,2,4,,POINT (-91.665464508342 42.007001673437)
2014810208,2014006739,07/04/2014,07-July,6-Friday,06:51,0600 Hours,District 1 (Central),MARSHALLTOWN,MARSHALL,,RIVERSIDE ST,Collision with:  Parked motor vehicle,On Roadway,"Sideswipe, same direction",Other (explain in narrative):  Vision obstructed,None Indicated,,Daylight,Dry,Clear,None apparent,Non-intersection:  Non-junction/no special feature,Paved,,Property Damage Only,0,0,0,0,0,0,3000,2,1,,POINT (-92.910844137705 42.057722816119)
2014806227,20140018886,07/04/2014,07-July,6-Friday,00:10,0000 Hours,District 1 (Central),DES MOINES,POLK,,E 25TH ST,Collision with fixed object:  Curb/island/raised median,Roadside,Non-collision (single vehicle),Lost Control,None Indicated,,Dark - roadway lighted,Dry,Clear,None apparent,Non-intersection:  Non-junction/no special feature,Paved,,Minor Injury,0,1,0,1,0,0,1500,1,1,,POINT (-93.570872468561 41.627664881839)
2014806935,AC14-041,07/04/2014,07-July,6-Friday,22:15,2200 Hours,District 4 (Southwest),HARLAN,SHELBY,,EXCHANGE ST,Collision with:  Vehicle in traffic,On Roadway,"Sideswipe, opposite direction",Crossed centerline (undivided),None Indicated,,Dark - roadway not lighted,Dry,Clear,None apparent,Non-intersection:  Non-junction/no special feature,Paved,,Property Damage Only,0,0,0,0,0,0,3500,2,3,,POINT (-95.314361601748 41.646263843486)
2014811242,2014039190,07/04/2014,07-July,6-Friday,17:30,1700 Hours,District 5 (Southeast),,LEE,US 218,US 218,Collision with fixed object:  Ditch,Shoulder,Non-collision (single vehicle),Swerving/Evasive Action,None Indicated,,Daylight,Dry,Clear,None apparent,Non-intersection:  Non-junction/no special feature,Paved,,Property Damage Only,0,0,0,0,0,0,8500,1,1,,POINT (-91.564370053792 40.787225987497)
2014833406,14-080704-01,07/04/2014,07-July,6-Friday,13:15,1300 Hours,District 6 (East Central),,IOWA,,Co Rd F34/190TH ST,Non-collision events:  Overturn/rollover,Roadside,Non-collision (single vehicle),Swerving/Evasive Action,Alcohol (Statutory),,Daylight,Dry,Clear,None apparent,Non-intersection:  Non-junction/no special feature,Unpaved,,Property Damage Only,0,0,0,0,0,0,3000,1,2,,POINT (-92.026537352851 41.731765776811)
2014806485,14-165,07/04/2014,07-July,6-Friday,10:10,1000 Hours,District 4 (Southwest),,TAYLOR,IA 2,IA 2/IOWA 2 & Co Rd N64/TENNESSEE AVE,Collision with:  Animal,,,Animal,None Indicated,,,,,,,Paved,,Property Damage Only,0,0,0,0,0,0,2000,1,1,,POINT (-94.565994010625 40.675909887671)
2014807760,,07/04/2014,07-July,6-Friday,22:08,2200 Hours,District 3 (Northwest),ARNOLDS PARK,DICKINSON,,,Collision with:  Vehicle in traffic,On Roadway,,Driving too fast for conditions,None Indicated,,Dark - roadway lighted,Wet,Rain,Obstruction in roadway,Intersection:  Other intersection (explain in narrative),,,Property Damage Only,0,0,0,0,0,0,21000,2,7,,POINT (-96.643700149993 40.233091251414)
2014807695,14-007931,07/04/2014,07-July,6-Friday,17:03,1700 Hours,District 1 (Central),,TAMA,US 30,US 30 & 305TH ST & RED EARTH DR,Collision with:  Vehicle in traffic,On Roadway,Broadside (front to side),FTYROW:  From stop sign,None Indicated,,Daylight,Dry,Clear,None apparent,Intersection:  Four-way intersection,Paved,,Possible/Unknown,0,1,0,0,1,0,3002,2,5,,POINT (-92.64018901563 41.997236460892)
2014806379,14-002869,07/04/2014,07-July,6-Friday,13:30,1300 Hours,District 1 (Central),ANKENY,POLK,IA 160,IA 160/SW ORALABOR RD & SW SNYDER BLVD,Collision with:  Vehicle in traffic,On Roadway,Rear-end (front to rear),Other (explain in narrative):  Other,None Indicated,,Daylight,Dry,Clear,None apparent,Non-intersection:  Non-junction/no special feature,Paved,,Property Damage Only,0,0,0,0,0,0,2000,2,3,,POINT (-93.607401892101 41.702903413493)
2014807271,,07/04/2014,07-July,6-Friday,17:48,1700 Hours,District 6 (East Central),BELLEVUE,JACKSON,IA 62,IA 62/STATE ST & S 2ND ST & N 2ND ST,Collision with:  Vehicle in traffic,On Roadway,Broadside (front to side),FTYROW:  From stop sign,None Indicated,,Daylight,Dry,Clear,None apparent,Intersection:  Four-way intersection,Paved,,Property Damage Only,0,0,0,0,0,0,2500,2,5,,POINT (-90.424275950185 42.25843359207)
2014806405,20140018956,07/04/2014,07-July,6-Friday,19:02,1900 Hours,District 1 (Central),DES MOINES,POLK,I-235,I-235 & KEOSAUQUA WAY,Collision with:  Vehicle in traffic,On Roadway,Rear-end (front to rear),Made improper turn,None Indicated,,Daylight,Dry,Cloudy,None apparent,Intersection:  Intersection with ramp,Paved,,Possible/Unknown,0,1,0,0,1,0,5500,2,4,,POINT (-93.636279971691 41.596390685757)
2014810046,14005713,07/04/2014,07-July,6-Friday,18:48,1800 Hours,District 6 (East Central),DELAWARE,DELAWARE,,VIRGINIA ST & 7TH ST,Collision with:  Vehicle in traffic,On Roadway,"Angle, oncoming left turn",FTYROW:  From stop sign,None Indicated,,Daylight,Dry,Clear,None apparent,Intersection:  T-intersection,Paved,,Property Damage Only,0,0,0,0,0,0,3000,2,3,,POINT (-91.348838110383 42.470515912032)
2014806557,032-070-14,07/04/2014,07-July,6-Friday,12:48,1200 Hours,District 3 (Northwest),ESTHERVILLE,EMMET,,W 2ND AVE N & WN 1ST ST,Non-collision events:  Other non-collision (explain in narrative),Roadside,Non-collision (single vehicle),Ran off road - right,None Indicated,,Daylight,Dry,Cloudy,None apparent,Non-intersection:  Non-junction/no special feature,Paved,,Minor Injury,0,1,0,1,0,0,3600,1,1,,POINT (-94.845621731527 43.404701185933)
2014806643,14-21188,07/04/2014,07-July,6-Friday,00:55,0000 Hours,District 3 (Northwest),SIOUX CITY,WOODBURY,,MYRTLE ST,Collision with:  Parked motor vehicle,Shoulder,Rear-end (front to rear),Other (explain in narrative):  Other,None Indicated,,Dark - roadway lighted,Dry,Clear,None apparent,Non-intersection:  Non-junction/no special feature,Paved,,Possible/Unknown,0,1,0,0,1,0,3000,2,1,,POINT (-96.422704440192 42.526113966724)
2014806427,14-3167,07/05/2014,07-July,7-Saturday,04:43,0400 Hours,District 1 (Central),WEST DES MOINES,POLK,I-35,I-35,Collision with:  Animal,On Roadway,Non-collision (single vehicle),Animal,None Indicated,,Dark - roadway not lighted,Dry,Clear,None apparent,Non-intersection:  Non-junction/no special feature,Paved,,Minor Injury,0,1,0,1,0,0,3000,1,1,,POINT (-93.777257259546 41.592389501825)
2014806395,20140019049,07/05/2014,07-July,7-Saturday,03:00,0300 Hours,District 1 (Central),DES MOINES,POLK,,E PHILIP ST,Collision with:  Parked motor vehicle,On Roadway,Broadside (front to side),Crossed centerline (undivided),None Indicated,,Dark - roadway lighted,Dry,Clear,None apparent,Non-intersection:  Non-junction/no special feature,Paved,,Property Damage Only,0,0,0,0,0,0,1600,2,1,,POINT (-93.608331778361 41.542453229575)
2014806716,2014039392,07/05/2014,07-July,7-Saturday,21:32,2100 Hours,District 1 (Central),,HARDIN,US 20,US 20,Collision with:  Animal,,Non-collision (single vehicle),Animal,None Indicated,,,,,,,Paved,,Property Damage Only,0,0,0,0,0,0,6000,1,1,,POINT (-93.461163426478 42.4487195063)
2014812142,14006030,07/05/2014,07-July,7-Saturday,15:21,1500 Hours,District 6 (East Central),,BUCHANAN,I-380,I-380,Collision with:  Vehicle in traffic,Roadside,Rear-end (front to rear),Followed too close,None Indicated,,Daylight,Dry,Cloudy,None apparent,Non-intersection:  Non-junction/no special feature,Paved,,Possible/Unknown,0,1,0,0,1,0,11500,2,4,,POINT (-91.981482371717 42.315256345615)
2014807620,14067403,07/05/2014,07-July,7-Saturday,13:26,1300 Hours,District 2 (Northeast),CEDAR FALLS,BLACK HAWK,IA 934,IA 934/UNIVERSITY AVE & MIDWAY DR,Collision with:  Vehicle in traffic,On Roadway,"Angle, oncoming left turn",FTYROW:  Making left turn,None Indicated,,Daylight,Dry,Cloudy,None apparent,Intersection:  Four-way intersection,Paved,,Property Damage Only,0,0,0,0,0,0,8000,2,2,,POINT (-92.406369357302 42.505675547981)
2014806409,20140018997,07/05/2014,07-July,7-Saturday,02:16,0200 Hours,District 1 (Central),DES MOINES,POLK,,COURT AVE & 4TH ST,Collision with:  Parked motor vehicle,Outside trafficway,Broadside (front to side),Other (explain in narrative):  Other,None Indicated,,Dark - roadway lighted,Wet,Rain,None apparent,Intersection:  Other intersection (explain in narrative),Paved,,Property Damage Only,0,0,0,0,0,0,5000,2,1,,POINT (-93.621652142046 41.585040515009)
2014807703,SA1405288,07/05/2014,07-July,7-Saturday,02:29,0200 Hours,District 5 (Southeast),WASHINGTON,WASHINGTON,,QUINCE AVE,Unknown,Outside trafficway,Rear-end (front to rear),"Operating vehicle in an reckless, erratic, careless, negligent manner",None Indicated,,Dark - roadway lighted,"Mud, dirt",Clear,None apparent,Non-intersection:  Driveway access (within),Unpaved,,Property Damage Only,0,0,0,0,0,0,3500,2,2,,POINT (-91.6347496147 41.221412921164)
2014806874,S14-002506,07/05/2014,07-July,7-Saturday,03:30,0300 Hours,District 4 (Southwest),,POTTAWATTAMIE,,Co Rd G37/OLD MORMON BRIDGE RD,Non-collision events:  Overturn/rollover,On Roadway,Non-collision (single vehicle),Ran off road - right,None Indicated,,Dark - roadway not lighted,Wet,Rain,None apparent,Non-intersection:  Non-junction/no special feature,Paved,,Property Damage Only,0,0,0,0,0,0,15000,1,1,,POINT (-95.897249132405 41.355358022738)
2014810939,,07/05/2014,07-July,7-Saturday,21:41,2100 Hours,District 2 (Northeast),,WINNESHIEK,US 52,US 52 & TOWN LINE RD,Collision with:  Animal,On Roadway,Non-collision (single vehicle),Animal,None Indicated,,Dusk,Dry,Cloudy,None apparent,Non-intersection:  Non-junction/no special feature,Paved,,Property Damage Only,0,0,0,0,0,0,2000,1,1,,POINT (-91.838419999449 43.255263668356)
2014808869,14-000792,07/05/2014,07-July,7-Saturday,21:25,2100 Hours,District 1 (Central),AMES,STORY,US 30,US 30,Collision with:  Animal,,,Animal,None Indicated,,,,,,,Paved,,Property Damage Only,0,0,0,0,0,0,3000,1,1,,POINT (-93.651580550887 42.006479860008)
2014806439,14-13424,07/05/2014,07-July,7-Saturday,03:00,0300 Hours,District 6 (East Central),,SCOTT,I-80,I-80,Collision with:  Other non-fixed object (explain in narrative),On Roadway,Non-collision (single vehicle),Swerving/Evasive Action,None Indicated,,Dark - roadway lighted,Dry,Clear,Obstruction in roadway,Non-intersection:  Non-junction/no special feature,Paved,,Property Damage Only,0,0,0,0,0,0,3000,1,1,,POINT (-90.403406625496 41.597028724806)
2014806464,2014-45421,07/05/2014,07-July,7-Saturday,22:51,2200 Hours,District 6 (East Central),DAVENPORT,SCOTT,,CHAPEL HILL DR,Collision with:  Parked motor vehicle,On Roadway,"Sideswipe, opposite direction",Swerving/Evasive Action,None Indicated,,Dark - roadway not lighted,Dry,Clear,None apparent,Non-intersection:  Non-junction/no special feature,Paved,,Property Damage Only,0,0,0,0,0,0,2000,2,1,,POINT (-90.65741707015 41.490763174898)
2014806574,2014007259,07/05/2014,07-July,7-Saturday,17:46,1700 Hours,District 6 (East Central),IOWA CITY,JOHNSON,,NEVADA AVE,Collision with:  Vehicle in traffic,On Roadway,"Sideswipe, same direction",FTYROW:  From parked position,None Indicated,,Daylight,Wet,Cloudy,None apparent,Non-intersection:  Non-junction/no special feature,Paved,,Property Damage Only,0,0,0,0,0,0,1500,2,2,,POINT (-91.502248536296 41.632006161064)
2014819374,1407-047,07/05/2014,07-July,7-Saturday,21:50,2100 Hours,District 3 (Northwest),,OSCEOLA,IA 60,IA 60/IOWA 60,Collision with:  Animal,On Roadway,Non-collision (single vehicle),Animal,None Indicated,,Dark - unknown roadway lighting,Dry,Cloudy,None apparent,Non-intersection:  Non-junction/no special feature,Paved,,Property Damage Only,0,0,0,0,0,0,2000,1,2,,POINT (-95.717167136277 43.409797314278)
2014810124,14-067336,07/05/2014,07-July,7-Saturday,05:30,0500 Hours,District 2 (Northeast),RAYMOND,BLACK HAWK,,LAFAYETTE RD,Collision with fixed object:  Ditch,Shoulder,Non-collision (single vehicle),"Operating vehicle in an reckless, erratic, careless, negligent manner",Under Influence of Alcohol/Drugs/Medications,,Unknown,Dry,Clear,None apparent,Non-intersection:  Non-junction/no special feature,Paved,,Property Damage Only,0,0,0,0,0,0,4200,1,1,,POINT (-92.233374898804 42.468895740965)
2014806432,14-027938,07/05/2014,07-July,7-Saturday,00:42,0000 Hours,District 4 (Southwest),COUNCIL BLUFFS,POTTAWATTAMIE,,S 10TH ST,Collision with fixed object:  Tree,Roadside,Non-collision (single vehicle),Ran off road - right,None Indicated,,Dark - roadway lighted,Dry,Cloudy,None apparent,Non-intersection:  Non-junction/no special feature,Paved,,Property Damage Only,0,0,0,0,0,0,6000,1,1,,POINT (-95.858897102027 41.261211440562)
2014807374,14-002913,07/05/2014,07-July,7-Saturday,00:30,0000 Hours,District 3 (Northwest),,LYON,,Co Rd A34/210TH ST,Collision with:  Animal,,,Animal,None Indicated,,,,,,,Paved,,Property Damage Only,0,0,0,0,0,0,2000,1,1,,POINT (-96.166110847292 43.346107851783)
2014806649,14-21407,07/05/2014,07-July,7-Saturday,11:38,1100 Hours,District 3 (Northwest),SIOUX CITY,WOODBURY,IA 376,IA 376/LEWIS BLVD & OUTER DR N,Collision with:  Vehicle in traffic,On Roadway,"Angle, oncoming left turn",FTYROW:  Making left turn,None Indicated,,Daylight,Dry,Clear,None apparent,Intersection:  Four-way intersection,Paved,,Property Damage Only,0,0,0,0,0,0,10000,2,4,,POINT (-96.361319403607 42.529868980073)
2014810079,14-12465,07/05/2014,07-July,7-Saturday,18:45,1800 Hours,District 2 (Northeast),,BREMER,,Co Rd V19/HILTON AVE,Collision with:  Animal,,,Animal,None Indicated,,,,,,,Unpaved,,Property Damage Only,0,0,0,0,0,0,1500,1,1,,POINT (-92.40870978004 42.675508049907)
2014806945,SO14-0826,07/05/2014,07-July,7-Saturday,20:45,2000 Hours,District 2 (Northeast),,WRIGHT,,Co Rd C25/170TH ST,Collision with:  Animal,,,Animal,None Indicated,,,,,,,Paved,,Property Damage Only,0,0,0,0,0,0,5000,1,1,,POINT (-93.56020023898 42.803893154084)
2014807860,2014-45587,07/05/2014,07-July,7-Saturday,13:13,1300 Hours,District 6 (East Central),DAVENPORT,SCOTT,I-80,I-80 & IA 130/NEW LIBERTY RD,Collision with:  Vehicle in traffic,On Roadway,"Angle, oncoming left turn",FTYROW:  Making left turn,None Indicated,,Daylight,Wet,Rain,None apparent,Intersection:  Intersection with ramp,Paved,,Minor Injury,0,1,0,1,0,0,6500,2,2,,POINT (-90.617818524795 41.5987561488)
2014806358,14013933,07/05/2014,07-July,7-Saturday,15:47,1500 Hours,District 6 (East Central),MARION,LINN,,7TH AVE,Collision with:  Vehicle in traffic,On Roadway,Rear-end (front to rear),Driving too fast for conditions,None Indicated,,Daylight,Wet,Cloudy,"Surface condition (e.g., wet, icy)",Non-intersection:  Non-junction/no special feature,Paved,,Property Damage Only,0,0,0,0,0,0,2100,2,2,,POINT (-91.587647386508 42.033260609669)
2014806579,14004370,07/05/2014,07-July,7-Saturday,10:09,1000 Hours,District 2 (Northeast),ALGONA,KOSSUTH,US 18,US 18 & N MAIN ST,Collision with:  Vehicle in traffic,On Roadway,Broadside (front to side),FTYROW:  From stop sign,None Indicated,,Daylight,Dry,Cloudy,None apparent,Intersection:  T-intersection,Paved,,Major Injury,0,1,1,0,0,0,5000,2,3,,POINT (-94.216694238721 43.082791128825)
2014810243,2014-003906,07/05/2014,07-July,7-Saturday,03:02,0300 Hours,District 6 (East Central),,BENTON,,Co Rd E24/61 ST LN & Co Rd W14/27 AVE,Non-collision events:  Overturn/rollover,Roadside,Non-collision (single vehicle),Crossed centerline (undivided),Drug/Alcohol (Statutory),,Dark - roadway not lighted,Dry,Cloudy,None apparent,Non-intersection:  Non-junction/no special feature,Paved,,Fatal,1,1,0,1,0,0,5000,1,2,,POINT (-91.969816526718 42.147124193714)
2014807079,,07/05/2014,07-July,7-Saturday,09:31,0900 Hours,District 4 (Southwest),,MILLS,,210TH ST & KELTING AVE,Miscellaneous events:  Immersion,On Roadway,Non-collision (single vehicle),Ran off road - left,None Indicated,,Unknown,"Mud, dirt",Unknown,None apparent,Non-intersection:  Non-junction/no special feature,Unpaved,,Property Damage Only,0,0,0,0,0,0,6000,1,1,,POINT (-95.785181730878 41.008764036018)
2014806284,CL14002286,07/05/2014,07-July,7-Saturday,15:25,1500 Hours,District 6 (East Central),CLINTON,CLINTON,US 67,US 67/N 2ND ST & 21ST AVE N,Collision with:  Vehicle in traffic,On Roadway,Rear-end (front to rear),Followed too close,None Indicated,,Daylight,Wet,Rain,None apparent,Non-intersection:  Non-junction/no special feature,Paved,,Property Damage Only,0,0,0,0,0,0,2000,2,4,,POINT (-90.181164985185 41.868963348936)
2014851994,14-020173,07/05/2014,07-July,7-Saturday,00:08,0000 Hours,District 5 (Southeast),,LEE,,330 ST,Non-collision events:  Overturn/rollover,On Roadway,Non-collision (single vehicle),Driving too fast for conditions,None Indicated,,Dark - roadway not lighted,Dry,Clear,None apparent,Non-intersection:  Non-junction/no special feature,Unpaved,,Major Injury,0,2,1,1,0,0,200,1,2,,POINT (-91.431239067436 40.47963389263)
2014806965,201403041,07/05/2014,07-July,7-Saturday,02:41,0200 Hours,District 1 (Central),,BOONE,IA 210,IA 210/334TH RD,Non-collision events:  Overturn/rollover,On Roadway,Non-collision (single vehicle),Ran off road - left,Alcohol (Statutory),,Dark - roadway not lighted,Wet,Cloudy,None apparent,Non-intersection:  Non-junction/no special feature,Paved,,Minor Injury,0,1,0,1,0,0,7000,1,1,,POINT (-93.88382896402 41.870637412381)
2014807504,2014-45513,07/05/2014,07-July,7-Saturday,03:36,0300 Hours,District 6 (East Central),DAVENPORT,SCOTT,,IA 461/HARRISON ST & W 32ND ST,Collision with fixed object:  Utility pole/light support,Outside trafficway,Non-collision (single vehicle),Ran off road - left,Refused,,Dark - roadway lighted,Dry,Clear,None apparent,Non-intersection:  Non-junction/no special feature,Paved,,Property Damage Only,0,0,0,0,0,0,3100,1,2,,POINT (-90.576587234953 41.552709024103)
2014806650,14-21433,07/05/2014,07-July,7-Saturday,15:40,1500 Hours,District 3 (Northwest),SIOUX CITY,WOODBURY,,DACE AVE & FLOYD BLVD,Collision with:  Vehicle in traffic,On Roadway,Rear-end (front to rear),Other (explain in narrative):  Other,None Indicated,,Daylight,Dry,Clear,None apparent,Intersection:  Four-way intersection,Paved,,Property Damage Only,0,0,0,0,0,0,4100,3,3,,POINT (-96.393374823391 42.488745206597)
2014807497,14-13443,07/05/2014,07-July,7-Saturday,19:41,1900 Hours,District 6 (East Central),,SCOTT,,100 AVE,Collision with fixed object:  Ditch,On Roadway,Non-collision (single vehicle),Ran off road - left,Alcohol (Statutory),,Daylight,Wet,Cloudy,None apparent,Non-intersection:  Non-junction/no special feature,Paved,,Major Injury,0,2,2,0,0,0,16000,1,2,,POINT (-90.707782198328 41.478998125417)
2014806391,20140019016,07/05/2014,07-July,7-Saturday,08:51,0800 Hours,District 1 (Central),DES MOINES,POLK,,FLEUR DR,Collision with:  Vehicle in traffic,On Roadway,Rear-end (front to rear),Other (explain in narrative):  Other,None Indicated,,Daylight,Wet,Rain,"Surface condition (e.g., wet, icy)",Intersection:  Four-way intersection,Paved,,Property Damage Only,0,0,0,0,0,0,5500,2,2,,POINT (-93.645040426334 41.541037186998)