Iowa DOT Case Number,Law Enforcement Case Number,Date of Crash,Month of Crash,Day of Week,Time of Crash,Hour,DOT District,City Name,County Name,Route with System,Location Description,First Harmful Event,Location of First Harmful Event,Manner of Crash/Collision,Major Cause,Drug or Alcohol ,Environmental Conditions,Light Conditions,Surface Conditions,Weather Conditions,Roadway Contribution,Roadway Type,Roadway Surface,Work Zone,Crash Severity,Number of Fatalities,Number of Injuries,Number of Major Injuries,Number of Minor Injuries,Number of Possible Injuries,Number of Unknown Injuries,Amount of Property Damage,Number of Vehicles Involved,Total Number of Occupants,Travel Direction,Location
2014806263,W14-067456,07/05/2014,07-July,7-Saturday,17:10,1700 Hours,District 2 (Northeast),WATERLOO,BLACK HAWK,,RAINBOW DR,Collision with:  Vehicle in traffic,On Roadway,Broadside (front to side),FTYROW:  From driveway,None Indicated,,Daylight,Dry,Cloudy,None apparent,Non-intersection:  Driveway access (within),Paved,,Possible/Unknown,0,1,0,0,1,0,10000,2,2,,POINT (-92.403777182042 42.515883696322)
2014806385,20140019040,07/05/2014,07-July,7-Saturday,14:10,1400 Hours,District 1 (Central),DES MOINES,POLK,,MULBERRY ST & 8TH ST,Collision with:  Vehicle in traffic,On Roadway,"Angle, oncoming left turn",FTYROW:  Making left turn,None Indicated,,Daylight,Dry,Cloudy,None apparent,Intersection:  Four-way intersection,Paved,,Minor Injury,0,3,0,1,2,0,12500,2,4,,POINT (-93.626781628678 41.58449925233)
2014806294,14-23090,07/05/2014,07-July,7-Saturday,11:12,1100 Hours,District 5 (Southeast),BURLINGTON,DES MOINES,,DIVISION ST & PLANE ST,Collision with:  Vehicle in traffic,On Roadway,Broadside (front to side),Ran Traffic Signal,None Indicated,,Daylight,Dry,Cloudy,None apparent,Intersection:  Four-way intersection,Paved,,Property Damage Only,0,0,0,0,0,0,16000,3,6,,POINT (-91.124786218371 40.807698533963)
2014806840,1400000589,07/05/2014,07-July,7-Saturday,22:48,2200 Hours,District 1 (Central),,MARSHALL,IA 330,IA 330/MARSHALLTOWN BLVD & 285TH ST,Collision with:  Animal,,,Animal,None Indicated,,,,,,,Paved,,Property Damage Only,0,0,0,0,0,0,5000,1,1,,POINT (-93.115535652642 41.942486026012)
2014807621,14067444,07/05/2014,07-July,7-Saturday,16:26,1600 Hours,District 2 (Northeast),CEDAR FALLS,BLACK HAWK,IA 27,IA 27 & W RIDGEWAY AVE & E RIDGEWAY AVE,Collision with:  Vehicle in traffic,On Roadway,"Sideswipe, opposite direction",Made improper turn,None Indicated,,Daylight,Dry,Clear,None apparent,Intersection:  Four-way intersection,Paved,,Property Damage Only,0,0,0,0,0,0,2400,2,3,,POINT (-92.445832359254 42.469498490896)
2014820426,2014-51-AC,07/05/2014,07-July,7-Saturday,13:03,1300 Hours,District 3 (Northwest),,DICKINSON,IA 9,IA 9/IOWA 9 & 210TH AVE,Collision with:  Vehicle in traffic,On Roadway,"Sideswipe, opposite direction",Other (explain in narrative):  Other,None Indicated,,Daylight,Dry,Cloudy,None apparent,Non-intersection:  Non-junction/no special feature,Paved,,Property Damage Only,0,0,0,0,0,0,4000,2,3,,POINT (-95.170545558632 43.430435746579)
2014809419,2014-45599,07/05/2014,07-July,7-Saturday,14:20,1400 Hours,District 6 (East Central),DAVENPORT,SCOTT,IA 22,IA 22/SE RAMP/SE LOOP/ROCKINGHAM RD,Collision with:  Vehicle in traffic,On Roadway,Broadside (front to side),Ran Stop Sign,None Indicated,,Daylight,Wet,Rain,None apparent,Intersection:  T-intersection,Paved,,Possible/Unknown,0,3,0,0,3,0,10000,2,5,,POINT (-90.642988193422 41.504491383212)
2014807122,P14-007886,07/05/2014,07-July,7-Saturday,10:38,1000 Hours,District 1 (Central),WEBSTER CITY,HAMILTON,,BUXTON DR,Non-collision events:  Other non-collision (explain in narrative),Roadside,Non-collision (single vehicle),Exceeded authorized speed,Under Influence of Alcohol/Drugs/Medications,,Daylight,Wet,Cloudy,None apparent,Non-intersection:  Non-junction/no special feature,Paved,,Possible/Unknown,0,1,0,0,1,0,3000,1,1,,POINT (-93.804397457107 42.463359434074)
2014806386,20140019028,07/05/2014,07-July,7-Saturday,11:50,1100 Hours,District 1 (Central),DES MOINES,POLK,,COTTAGE GROVE AVE & MLK JR PKWY & 19TH ST,Collision with:  Vehicle in traffic,On Roadway,"Sideswipe, same direction",Made improper turn,None Indicated,,Daylight,Dry,Cloudy,None apparent,Intersection:  Four-way intersection,Paved,,Property Damage Only,0,0,0,0,0,0,4000,2,3,,POINT (-93.64320176566 41.593803121131)
2014806438,14-13422,07/05/2014,07-July,7-Saturday,03:00,0300 Hours,District 6 (East Central),,SCOTT,I-80,I-80,Collision with:  Animal,,,Animal,None Indicated,,,,,,,Paved,,Property Damage Only,0,0,0,0,0,0,3000,1,1,,POINT (-90.404648942242 41.597164869432)
2014806341,2014007266,07/05/2014,07-July,7-Saturday,21:35,2100 Hours,District 6 (East Central),IOWA CITY,JOHNSON,,TAYLOR DR,Collision with:  Parked motor vehicle,On Roadway,Broadside (front to side),Improper Backing,None Indicated,,Dark - roadway not lighted,Dry,Cloudy,None apparent,Non-intersection:  Non-junction/no special feature,Paved,,Property Damage Only,0,0,0,0,0,0,1500,2,1,,POINT (-91.518351948059 41.637060595426)
2014809131,14-020203,07/05/2014,07-July,7-Saturday,05:03,0500 Hours,District 5 (Southeast),,LEE,US 218,US 218,Collision with:  Animal,,,Animal,None Indicated,,,,,,,Paved,,Property Damage Only,0,0,0,0,0,0,1500,1,777,,POINT (-91.563851555238 40.762329960272)
2014806540,14-985,07/05/2014,07-July,7-Saturday,13:20,1300 Hours,District 3 (Northwest),SPIRIT LAKE,DICKINSON,,33RD ST,Non-collision events:  Other non-collision (explain in narrative),On Roadway,Non-collision (single vehicle),FTYROW:  Other (explain in narrative),None Indicated,,Daylight,Dry,Clear,None apparent,Non-intersection:  Non-junction/no special feature,Unpaved,,Property Damage Only,0,0,0,0,0,0,6000,1,2,,POINT (-95.124807440615 43.409937465114)
2014806359,14013941,07/05/2014,07-July,7-Saturday,16:24,1600 Hours,District 6 (East Central),MARION,LINN,,4TH AVE & 22ND ST,Collision with:  Vehicle in traffic,On Roadway,Rear-end (front to rear),Other (explain in narrative):  Other,None Indicated,,Daylight,Dry,Cloudy,None apparent,Intersection:  Four-way intersection,Paved,,Property Damage Only,0,0,0,0,0,0,7000,2,2,,POINT (-91.588998220975 42.030629365932)
2014806384,14-0791,07/05/2014,07-July,7-Saturday,11:56,1100 Hours,District 1 (Central),CLIVE,POLK,,NW 100TH ST,Collision with:  Vehicle in traffic,On Roadway,Broadside (front to side),FTYROW:  Making left turn,None Indicated,,Daylight,Dry,Cloudy,None apparent,Non-intersection:  Driveway access (within),Paved,,Property Damage Only,0,0,0,0,0,0,8100,2,3,,POINT (-93.753621846433 41.602815080523)
2014807198,2014-45640,07/05/2014,07-July,7-Saturday,18:15,1800 Hours,District 6 (East Central),DAVENPORT,SCOTT,US 6,US 6/W KIMBERLY RD & N DIVISION ST,Collision with:  Vehicle in traffic,On Roadway,Rear-end (front to rear),Other (explain in narrative):  Other,None Indicated,,Daylight,Dry,Cloudy,None apparent,Intersection:  Four-way intersection,Paved,,Property Damage Only,0,0,0,0,0,0,2000,2,3,,POINT (-90.600668928293 41.559996138157)
2014806652,14-21459,07/05/2014,07-July,7-Saturday,18:50,1800 Hours,District 3 (Northwest),SIOUX CITY,WOODBURY,,14TH ST & NEBRASKA ST,Collision with:  Vehicle in traffic,On Roadway,Broadside (front to side),Ran Traffic Signal,None Indicated,,Daylight,Dry,Cloudy,None apparent,Intersection:  Four-way intersection,Paved,,Property Damage Only,0,0,0,0,0,0,11000,2,4,,POINT (-96.40355197837 42.504993315484)
2014807197,2014-45626,07/05/2014,07-July,7-Saturday,16:24,1600 Hours,District 6 (East Central),DAVENPORT,SCOTT,,W 53RD ST & NORTHWEST BLVD,Collision with:  Vehicle in traffic,On Roadway,Broadside (front to side),Ran Traffic Signal,None Indicated,,Daylight,Wet,Rain,"Surface condition (e.g., wet, icy)",Intersection:  Four-way intersection,Paved,,Possible/Unknown,0,1,0,0,1,0,11000,4,4,,POINT (-90.593856886263 41.574561141841)
2014806843,14-028119,07/05/2014,07-July,7-Saturday,14:00,1400 Hours,District 5 (Southeast),MUSCATINE,MUSCATINE,,MUSSER ST,Collision with fixed object:  Ditch,On Roadway,Non-collision (single vehicle),Swerving/Evasive Action,None Indicated,,Daylight,Dry,Clear,None apparent,Non-intersection:  Non-junction/no special feature,Paved,,Minor Injury,0,1,0,1,0,0,500,1,1,,POINT (-91.07050558039 41.407000339985)
2014807499,2014-13511,07/06/2014,07-July,1-Sunday,21:23,2100 Hours,District 6 (East Central),,SCOTT,US 67,US 67/GREAT RIVER RD,Collision with:  Animal,,,Animal,None Indicated,,,,,,,Paved,,Property Damage Only,0,0,0,0,0,0,1500,1,1,,POINT (-90.348370796808 41.619917137274)
2014811107,2014039518,07/06/2014,07-July,1-Sunday,16:36,1600 Hours,District 1 (Central),,HAMILTON,I-35,I-35,Collision with:  Vehicle in traffic,On Roadway,Rear-end (front to rear),Followed too close,None Indicated,,Daylight,Dry,Cloudy,Work Zone (roadway-related),Non-intersection:  Non-junction/no special feature,Paved,Yes,Property Damage Only,0,0,0,0,0,0,6500,2,7,,POINT (-93.569398245122 42.314997813226)
2014807352,201400002304,07/06/2014,07-July,1-Sunday,21:17,2100 Hours,District 6 (East Central),,LINN,US 30,US 30/NE RAMP & US 151,Collision with:  Animal,,,Animal,None Indicated,,,,,,,Paved,,Property Damage Only,0,0,0,0,0,0,3500,1,1,,POINT (-91.542638497213 41.928845211685)
2014807357,201402302,07/06/2014,07-July,1-Sunday,17:00,1700 Hours,District 6 (East Central),,LINN,,Co Rd E34/COUNTY HOME RD,Collision with fixed object:  Ditch,Shoulder,Non-collision (single vehicle),Ran off road - right,None Indicated,,Daylight,Dry,Cloudy,None apparent,Non-intersection:  Non-junction/no special feature,Paved,,Minor Injury,0,1,0,1,0,0,3000,1,1,,POINT (-91.38127845364 42.092110529617)
2014806946,2014039583,07/06/2014,07-July,1-Sunday,21:30,2100 Hours,District 3 (Northwest),,MONONA,I-29,I-29,Collision with:  Animal,,,Animal,None Indicated,,,,,,,Paved,,Property Damage Only,0,0,0,0,0,0,5000,1,1,,POINT (-96.103902255062 41.92503142917)
2014806285,CL14002293,07/06/2014,07-July,1-Sunday,07:03,0700 Hours,District 6 (East Central),CLINTON,CLINTON,,VALLEY WEST CT,Collision with:  Vehicle in traffic,On Roadway,"Angle, oncoming left turn",FTYROW:  Making left turn,None Indicated,,Daylight,Dry,Clear,None apparent,Intersection:  T-intersection,Paved,,Property Damage Only,0,0,0,0,0,0,5000,2,2,,POINT (-90.240962644809 41.819353998752)
2014806760,14011258,07/06/2014,07-July,1-Sunday,18:19,1800 Hours,District 2 (Northeast),MASON CITY,CERRO GORDO,,12TH PL & 13TH ST NE & CHARLES PL,Collision with:  Vehicle in traffic,On Roadway,"Sideswipe, same direction",Lost Control,None Indicated,,Daylight,Dry,Cloudy,None apparent,Intersection:  T-intersection,Paved,,Property Damage Only,0,0,0,0,0,0,2400,2,1,,POINT (-93.198814321399 43.163485273252)
2014806561,143757,07/06/2014,07-July,1-Sunday,23:55,2300 Hours,District 1 (Central),,HARDIN,,Co Rd D25/CO HWY D25 & Co Rd S27/ST HWY 359,Collision with:  Animal,,,Animal,None Indicated,,,,,,,Paved,,Property Damage Only,0,0,0,0,0,0,1501,1,1,,POINT (-93.380707988723 42.470548128578)
2014807506,2014-45910,07/06/2014,07-July,1-Sunday,18:40,1800 Hours,District 6 (East Central),DAVENPORT,SCOTT,,W CENTRAL PARK AVE & N DIVISION ST,Collision with:  Vehicle in traffic,On Roadway,Broadside (front to side),FTYROW:  Other (explain in narrative),None Indicated,,Daylight,Dry,Clear,None apparent,Non-intersection:  Non-junction/no special feature,Paved,,Property Damage Only,0,0,0,0,0,0,6000,2,3,,POINT (-90.600917462914 41.545501006347)
2014806269,W14-067845,07/06/2014,07-July,1-Sunday,20:40,2000 Hours,District 2 (Northeast),WATERLOO,BLACK HAWK,,W 6TH ST & COMMERCIAL ST,Collision with:  Vehicle in traffic,On Roadway,"Sideswipe, same direction",Made improper turn,None Indicated,,Daylight,Wet,Clear,None apparent,Intersection:  Four-way intersection,Paved,,Property Damage Only,0,0,0,0,0,0,6500,2,2,,POINT (-92.337604521419 42.493753252376)
2014807236,2014039569,07/06/2014,07-July,1-Sunday,21:05,2100 Hours,District 5 (Southeast),,DAVIS,US 63,US 63 & Co Rd J51/276TH ST,Collision with:  Animal,,,Animal,None Indicated,,,,,,,Paved,,Property Damage Only,0,0,0,0,0,0,4000,1,1,,POINT (-92.523693953286 40.660459461014)
2014809169,14-003872,07/06/2014,07-July,1-Sunday,06:20,0600 Hours,District 3 (Northwest),HARTLEY,OBRIEN,US 18,US 18/320TH ST,Collision with fixed object:  Ditch,Roadside,Non-collision (single vehicle),Crossed centerline (undivided),None Indicated,,Dawn,Dry,"Fog, smoke, smog",None apparent,Non-intersection:  Non-junction/no special feature,Paved,,Possible/Unknown,0,1,0,0,1,0,1500,1,2,,POINT (-95.46362052201 43.184741979427)
2014806753,14009822,07/06/2014,07-July,1-Sunday,21:30,2100 Hours,District 6 (East Central),,CEDAR,,IVORY AVE,Collision with:  Animal,On Roadway,Non-collision (single vehicle),Animal,None Indicated,,Dark - roadway not lighted,"Mud, dirt",Cloudy,None apparent,Non-intersection:  Non-junction/no special feature,Unpaved,,Property Damage Only,0,0,0,0,0,0,2500,1,3,,POINT (-91.195595513817 41.736616982675)
2014806701,2014039571,07/06/2014,07-July,1-Sunday,20:52,2000 Hours,District 1 (Central),,HAMILTON,,175TH ST,Collision with:  Animal,,Non-collision (single vehicle),Animal,None Indicated,,,,,,,Unpaved,,Property Damage Only,0,0,0,0,0,0,3000,1,1,,POINT (-93.80752959859 42.53666263211)
2014806286,CL14002297,07/06/2014,07-July,1-Sunday,12:00,1200 Hours,District 6 (East Central),CLINTON,CLINTON,,13TH AVE N & N 3RD ST,Collision with fixed object:  Traffic sign support,Shoulder,Non-collision (single vehicle),Unknown,None Indicated,,Daylight,Dry,Clear,None apparent,Non-intersection:  Non-junction/no special feature,Paved,,Property Damage Only,0,0,0,0,0,0,1700,1,1,,POINT (-90.187310193159 41.859063793848)
2014806698,2014039417,07/06/2014,07-July,1-Sunday,00:25,0000 Hours,District 1 (Central),,POLK,I-80,I-80,Collision with:  Animal,,,Animal,None Indicated,,,,,,,Paved,,Property Damage Only,0,0,0,0,0,0,2500,1,1,,POINT (-93.372470146423 41.680378372866)
2014807948,14002361,07/06/2014,07-July,1-Sunday,07:15,0700 Hours,District 5 (Southeast),,KEOKUK,IA 149,IA 149/IOWA 149 & Co Rd G13/110TH ST,Collision with:  Vehicle in traffic,On Roadway,"Sideswipe, opposite direction",Crossed centerline (undivided),None Indicated,,Daylight,Dry,Cloudy,None apparent,Non-intersection:  Non-junction/no special feature,Paved,,Property Damage Only,0,0,0,0,0,0,13050,2,4,,POINT (-92.093131748492 41.496674922455)
2014807254,2014039427,07/06/2014,07-July,1-Sunday,05:30,0500 Hours,District 1 (Central),,POLK,I-35,I-35,Collision with fixed object:  Concrete traffic barrier (median or right side),On Roadway,Non-collision (single vehicle),Ran off road - left,Alcohol (Statutory),,Daylight,Dry,Clear,None apparent,Non-intersection:  Non-junction/no special feature,Paved,,Property Damage Only,0,0,0,0,0,0,4500,1,1,,POINT (-93.622919837388 41.649489220045)
2014806428,14-001507,07/06/2014,07-July,1-Sunday,15:50,1500 Hours,District 1 (Central),ALTOONA,POLK,US 6,US 6/SPEC CASE,Collision with:  Vehicle in traffic,On Roadway,Rear-end (front to rear),Other (explain in narrative):  Other,None Indicated,,Daylight,Dry,Cloudy,None apparent,Intersection:  Intersection with ramp,Paved,,Property Damage Only,0,0,0,0,0,0,6000,3,4,,POINT (-93.511314837972 41.647265655473)
2014806289,144771,07/06/2014,07-July,1-Sunday,21:55,2100 Hours,District 4 (Southwest),ADEL,DALLAS,,Co Rd R16/R AVE,Collision with:  Animal,On Roadway,Non-collision (single vehicle),Animal,None Indicated,,Dark - roadway not lighted,Dry,Cloudy,None apparent,Non-intersection:  Non-junction/no special feature,Paved,,Property Damage Only,0,0,0,0,0,0,1500,1,1,,POINT (-93.960021337584 41.618705540164)
2014806717,2014039504,07/06/2014,07-July,1-Sunday,15:50,1500 Hours,District 1 (Central),,HAMILTON,I-35,I-35,Collision with:  Vehicle in traffic,On Roadway,Rear-end (front to rear),Followed too close,None Indicated,,Daylight,Dry,Cloudy,Work Zone (roadway-related),Non-intersection:  Non-junction/no special feature,Paved,Yes,Property Damage Only,0,0,0,0,0,0,7000,2,2,,POINT (-93.568824658416 42.468021768438)
2014827255,14-5163,07/06/2014,07-July,1-Sunday,16:28,1600 Hours,District 3 (Northwest),IDA GROVE,IDA,,MOOREHEAD AVE,Collision with:  Vehicle in traffic,On Roadway,"Sideswipe, opposite direction",FTYROW:  Making left turn,None Indicated,,Daylight,Dry,Clear,None apparent,Intersection:  Four-way intersection,Paved,,Minor Injury,0,1,0,1,0,0,6500,2,2,,POINT (-95.46842399873 42.34871421862)
2014807604,,07/06/2014,07-July,1-Sunday,04:00,0400 Hours,District 4 (Southwest),,DALLAS,I-80,I-80,Collision with:  Animal,Median,Non-collision (single vehicle),Animal,None Indicated,,Dark - roadway not lighted,Dry,Clear,,Non-intersection:  Non-junction/no special feature,Paved,,Property Damage Only,0,0,0,0,0,0,15000,1,3,,POINT (-94.048123000466 41.529602809935)
2014807507,2014-45947,07/06/2014,07-July,1-Sunday,19:31,1900 Hours,District 6 (East Central),DAVENPORT,SCOTT,I-74,I-74 & E 53RD ST,Collision with:  Vehicle in traffic,On Roadway,"Sideswipe, same direction",Swerving/Evasive Action,None Indicated,,Dark - roadway lighted,Dry,Clear,None apparent,Non-intersection:  Non-junction/no special feature,Paved,,Property Damage Only,0,0,0,0,0,0,6000,2,3,,POINT (-90.522159429303 41.574829761048)
2014806875,S14-002516,07/06/2014,07-July,1-Sunday,16:20,1600 Hours,District 4 (Southwest),WALNUT,POTTAWATTAMIE,I-80,I-80,Collision with:  Vehicle in traffic,On Roadway,Rear-end (front to rear),Driving too fast for conditions,None Indicated,,Daylight,Dry,Cloudy,None apparent,Non-intersection:  Non-junction/no special feature,Paved,,Minor Injury,0,3,0,3,0,0,32000,4,6,,POINT (-95.226268829335 41.497325637394)
2014808870,14-000797,07/06/2014,07-July,1-Sunday,21:45,2100 Hours,District 1 (Central),,STORY,US 65,US 65,Collision with:  Animal,,,Animal,None Indicated,,,,,,,Paved,,Property Damage Only,0,0,0,0,0,0,4500,1,1,,POINT (-93.309658719083 42.085133897421)
2014807200,2014-45863,07/06/2014,07-July,1-Sunday,15:30,1500 Hours,District 6 (East Central),DAVENPORT,SCOTT,,E LOCUST ST,Collision with:  Vehicle in traffic,On Roadway,Rear-end (front to rear),Followed too close,None Indicated,,Daylight,Dry,Clear,None apparent,Non-intersection:  Non-junction/no special feature,Paved,,Possible/Unknown,0,1,0,0,1,0,15000,3,8,,POINT (-90.57205656832 41.538257200353)
2014806383,14-0797,07/06/2014,07-July,1-Sunday,13:59,1300 Hours,District 1 (Central),CLIVE,POLK,,NW 142ND ST,Collision with:  Vehicle in traffic,On Roadway,Broadside (front to side),Made improper turn,None Indicated,,Daylight,Dry,Clear,None apparent,Non-intersection:  Non-junction/no special feature,Paved,,Property Damage Only,0,0,0,0,0,0,8700,2,3,,POINT (-93.814180693378 41.602303062132)
2014807608,,07/06/2014,07-July,1-Sunday,14:20,1400 Hours,District 4 (Southwest),AUDUBON,AUDUBON,,MANTZ AVE,Collision with:  Parked motor vehicle,On Roadway,Broadside (front to side),Improper Backing,None Indicated,,Daylight,Dry,Clear,None apparent,Non-intersection:  Driveway access (within),Paved,,Property Damage Only,0,0,0,0,0,0,3400,2,1,,POINT (-94.927857528845 41.714815059747)
2014806292,14-23257,07/06/2014,07-July,1-Sunday,20:28,2000 Hours,District 5 (Southeast),BURLINGTON,DES MOINES,,ELM ST & 6TH ST,Collision with fixed object:  Utility pole/light support,Outside trafficway,Non-collision (single vehicle),Improper Backing,None Indicated,,Daylight,Dry,Clear,None apparent,Non-intersection:  Non-junction/no special feature,Paved,,Property Damage Only,0,0,0,0,0,0,3000,1,4,,POINT (-91.107141418988 40.805770896725)
2014806699,2014039423,07/06/2014,07-July,1-Sunday,01:58,0100 Hours,District 1 (Central),,POLK,I-80,I-80,Non-collision events:  Overturn/rollover,Shoulder,Non-collision (single vehicle),Ran off road - right,None Indicated,,Dark - roadway not lighted,Dry,Clear,None apparent,Intersection:  Intersection with ramp,Paved,,Property Damage Only,0,0,0,0,0,0,50000,1,2,,POINT (-93.363789161758 41.681387957477)
2014806919,2014-45830,07/06/2014,07-July,1-Sunday,12:09,1200 Hours,District 6 (East Central),DAVENPORT,SCOTT,,E 53RD ST,Collision with:  Vehicle in traffic,On Roadway,Rear-end (front to rear),Followed too close,None Indicated,,Daylight,Dry,Cloudy,None apparent,Intersection:  Four-way intersection,Paved,,Property Damage Only,0,0,0,0,0,0,2250,2,2,,POINT (-90.516184532227 41.574880892657)
2014806655,14-21573,07/06/2014,07-July,1-Sunday,12:54,1200 Hours,District 3 (Northwest),SIOUX CITY,WOODBURY,,ATHLONE AVE,Collision with:  Parked motor vehicle,On Roadway,"Sideswipe, same direction",Other (explain in narrative):  Other,None Indicated,,Daylight,Dry,Cloudy,None apparent,Non-intersection:  Non-junction/no special feature,Paved,,Property Damage Only,0,0,0,0,0,0,3000,2,1,,POINT (-96.364620219932 42.507008656253)
2014820425,2014-52-AC,07/06/2014,07-July,1-Sunday,14:09,1400 Hours,District 3 (Northwest),,DICKINSON,,100TH ST,Collision with:  Vehicle in traffic,On Roadway,Rear-end (front to rear),Other (explain in narrative):  Other,None Indicated,,Daylight,Dry,Clear,None apparent,Non-intersection:  Non-junction/no special feature,Paved,,Major Injury,0,2,2,0,0,0,20000,2,2,,POINT (-95.321900370624 43.500402289371)
2014806582,14-002949,07/06/2014,07-July,1-Sunday,17:40,1700 Hours,District 3 (Northwest),,LYON,IA 9,IA 9/IOWA 9 & 130TH ST,Collision with fixed object:  Ditch,Shoulder,Non-collision (single vehicle),Ran off road - right,None Indicated,,Daylight,Dry,Clear,None apparent,Intersection:  Four-way intersection,Paved,,Property Damage Only,0,0,0,0,0,0,7500,1,1,,POINT (-96.480114806108 43.462096234495)
2014806657,14-21638,07/06/2014,07-July,1-Sunday,22:04,2200 Hours,District 3 (Northwest),SIOUX CITY,WOODBURY,,LEECH AVE,Non-collision events:  Other non-collision (explain in narrative),On Roadway,Unknown,Ran off road - right,None Indicated,,Dark - roadway lighted,Dry,Clear,None apparent,Non-intersection:  Other non-intersection (explain in narrative),Paved,,Property Damage Only,0,0,0,0,0,0,4300,2,1,,POINT (-96.38319673632 42.487713785096)
2014806373,14-028214,07/06/2014,07-July,1-Sunday,11:11,1100 Hours,District 5 (Southeast),MUSCATINE,MUSCATINE,,HILLCREST AVE & PARK DR,Collision with fixed object:  Tree,On Roadway,Non-collision (single vehicle),Lost Control,None Indicated,,Daylight,Dry,Cloudy,None apparent,Intersection:  T-intersection,Paved,,Property Damage Only,0,0,0,0,0,0,2500,1,1,,POINT (-91.025028087869 41.438734336914)
2014809816,20142429,07/06/2014,07-July,1-Sunday,23:00,2300 Hours,District 1 (Central),,GRUNDY,IA 57,IA 57/WESTBROOK ST,Collision with:  Animal,,,Animal,None Indicated,,,,,,,Paved,,Property Damage Only,0,0,0,0,0,0,2000,1,1,,POINT (-92.984127538948 42.556689915396)
2014810244,2014-003939,07/06/2014,07-July,1-Sunday,18:18,1800 Hours,District 6 (East Central),,BENTON,,Co Rd E68/79 ST,Collision with fixed object:  Ditch,Roadside,Non-collision (single vehicle),Ran off road - right,None Indicated,,Daylight,Dry,Clear,None apparent,Non-intersection:  Non-junction/no special feature,Unpaved,,Property Damage Only,0,0,0,0,0,0,2000,1,2,,POINT (-92.020913884911 41.876989102078)
2014806499,14-2026,07/06/2014,07-July,1-Sunday,07:00,0700 Hours,District 1 (Central),FORT DODGE,WEBSTER,,2ND AVE S,Collision with:  Parked motor vehicle,On Roadway,Unknown,Unknown,None Indicated,,Dark - roadway not lighted,Dry,Cloudy,Unknown,Non-intersection:  Non-junction/no special feature,Paved,,Property Damage Only,0,0,0,0,0,0,2500,2,1,,POINT (-94.17464082699 42.504092834721)
2014828677,14-002897,07/06/2014,07-July,1-Sunday,23:10,2300 Hours,District 4 (Southwest),CARTER LAKE,POTTAWATTAMIE,,AVE H & N 9TH ST,Collision with:  Vehicle in traffic,On Roadway,Rear-end (front to rear),Other (explain in narrative):  Other,None Indicated,,Dark - roadway lighted,Dry,Cloudy,None apparent,Intersection:  T-intersection,Paved,,Property Damage Only,0,0,0,0,0,0,6000,2,3,,POINT (-95.917991139654 41.281315726331)
2014807505,2014-45860,07/06/2014,07-July,1-Sunday,14:55,1400 Hours,District 6 (East Central),DAVENPORT,SCOTT,,E 53RD ST & ELMORE AVE,Collision with:  Vehicle in traffic,On Roadway,Rear-end (front to rear),Followed too close,None Indicated,,Daylight,Dry,Clear,None apparent,Non-intersection:  Non-junction/no special feature,Paved,,Property Damage Only,0,0,0,0,0,0,2000,2,3,,POINT (-90.528587664128 41.57484210754)
2014806330,SO1402632,07/06/2014,07-July,1-Sunday,03:07,0300 Hours,District 5 (Southeast),LIBERTYVILLE,JEFFERSON,,W MAPLE ST,Collision with fixed object:  Traffic sign support,On Roadway,Non-collision (single vehicle),Swerving/Evasive Action,None Indicated,,Dark - roadway not lighted,Dry,Cloudy,None apparent,Non-intersection:  Non-junction/no special feature,Paved,,Property Damage Only,0,0,0,0,0,0,6200,1,1,,POINT (-92.055193239769 40.957689870954)
2014807043,14-003165,07/06/2014,07-July,1-Sunday,14:12,1400 Hours,District 1 (Central),AMES,STORY,,COTTONWOOD RD,Collision with:  Vehicle in traffic,On Roadway,Rear-end (front to rear),FTYROW:  From driveway,None Indicated,,Daylight,Dry,Clear,None apparent,Non-intersection:  Driveway access (within),Paved,,Property Damage Only,0,0,0,0,0,0,7500,2,2,,POINT (-93.648090394786 41.993367986185)
2014814257,,07/06/2014,07-July,1-Sunday,10:58,1000 Hours,District 2 (Northeast),DECORAH,WINNESHIEK,,W BROADWAY ST & MILL ST,Collision with:  Vehicle in traffic,On Roadway,Broadside (front to side),FTYROW:  From stop sign,None Indicated,,Daylight,Dry,Cloudy,None apparent,Intersection:  Four-way intersection,Paved,,Property Damage Only,0,0,0,0,0,0,7000,2,3,,POINT (-91.792152641925 43.302346352074)
2014809121,14-020330,07/06/2014,07-July,1-Sunday,01:42,0100 Hours,District 5 (Southeast),,LEE,US 61,US 61,Collision with:  Vehicle in traffic,On Roadway,"Sideswipe, opposite direction",Traveling wrong way or on wrong side of road,Alcohol (Statutory),,Dark - roadway not lighted,Dry,Clear,None apparent,Non-intersection:  Non-junction/no special feature,Paved,,Possible/Unknown,0,2,0,0,1,1,1500,2,2,,POINT (-91.223862991238 40.720808547598)
2014806276,14-005811,07/06/2014,07-July,1-Sunday,03:14,0300 Hours,District 4 (Southwest),CUMBERLAND,CASS,,4TH ST & ADAMS ST,Collision with:  Parked motor vehicle,On Roadway,Rear-end (front to rear),Ran off road - left,Refused,,Dark - roadway lighted,Dry,Clear,None apparent,Intersection:  T-intersection,Paved,,Property Damage Only,0,0,0,0,0,0,1600,2,1,,POINT (-94.868118391857 41.275186094719)
2014806997,201409652,07/06/2014,07-July,1-Sunday,22:05,2200 Hours,District 6 (East Central),CEDAR RAPIDS,LINN,I-380,I-380,Collision with fixed object:  Guardrail - face,Median,Non-collision (single vehicle),Crossed centerline (undivided),Alcohol (Statutory),,Dark - roadway lighted,Dry,Cloudy,None apparent,Non-intersection:  Non-junction/no special feature,Paved,,Minor Injury,0,1,0,1,0,0,11500,1,1,,POINT (-91.664374351428 41.984067668008)