Iowa DOT Case Number,Law Enforcement Case Number,Date of Crash,Month of Crash,Day of Week,Time of Crash,Hour,DOT District,City Name,County Name,Route with System,Location Description,First Harmful Event,Location of First Harmful Event,Manner of Crash/Collision,Major Cause,Drug or Alcohol ,Environmental Conditions,Light Conditions,Surface Conditions,Weather Conditions,Roadway Contribution,Roadway Type,Roadway Surface,Work Zone,Crash Severity,Number of Fatalities,Number of Injuries,Number of Major Injuries,Number of Minor Injuries,Number of Possible Injuries,Number of Unknown Injuries,Amount of Property Damage,Number of Vehicles Involved,Total Number of Occupants,Travel Direction,Location
2014807201,2014-46199,07/07/2014,07-July,2-Monday,13:53,1300 Hours,District 6 (East Central),DAVENPORT,SCOTT,US 6,US 6/W KIMBERLY RD,Collision with:  Vehicle in traffic,On Roadway,"Sideswipe, same direction",Improper or erratic lane changing,None Indicated,,Daylight,Dry,Clear,None apparent,Non-intersection:  Non-junction/no special feature,Paved,,Property Damage Only,0,0,0,0,0,0,2500,2,2,,POINT (-90.572491109699 41.560278000462)
2014807725,2014039676,07/07/2014,07-July,2-Monday,10:45,1000 Hours,District 1 (Central),,POLK,I-35,I-35,Collision with:  Vehicle in traffic,On Roadway,"Sideswipe, same direction",Unknown,None Indicated,,Daylight,Dry,Clear,None apparent,"Interchange-related:  Off-ramp, diverge area",Paved,,Property Damage Only,0,0,0,0,0,0,4000,2,2,,POINT (-93.57847027054 41.651685076579)
2014806900,2014-46269,07/07/2014,07-July,2-Monday,18:05,1800 Hours,District 6 (East Central),DAVENPORT,SCOTT,US 6,US 6/E KIMBERLY RD,Collision with:  Vehicle in traffic,On Roadway,Rear-end (front to rear),Followed too close,None Indicated,,Daylight,Dry,Clear,None apparent,Non-intersection:  Non-junction/no special feature,Paved,,Property Damage Only,0,0,0,0,0,0,9000,2,2,,POINT (-90.560660994275 41.557271546668)
2014807261,14-00829,07/07/2014,07-July,2-Monday,10:40,1000 Hours,District 6 (East Central),WEST BRANCH,CEDAR,,N 4TH ST,Collision with:  Animal,On Roadway,Non-collision (single vehicle),Animal,None Indicated,,Daylight,Dry,Clear,None apparent,Non-intersection:  Non-junction/no special feature,Paved,,Minor Injury,0,1,0,1,0,0,1500,1,1,,POINT (-91.341733218896 41.682284593477)
2014806389,20140019190,07/07/2014,07-July,2-Monday,00:59,0000 Hours,District 1 (Central),DES MOINES,POLK,,INGERSOLL AVE & 35TH ST,Collision with fixed object:  Other fixed object (explain in narrative),Outside trafficway,Non-collision (single vehicle),Over correcting/over steering,Under Influence of Alcohol/Drugs/Medications,,Dark - roadway lighted,Dry,Cloudy,None apparent,Intersection:  Four-way intersection,Paved,,Property Damage Only,0,0,0,0,0,0,5500,1,1,,POINT (-93.66424240188 41.586297545298)
2014806938,14-0386,07/07/2014,07-July,2-Monday,21:20,2100 Hours,District 1 (Central),LEHIGH,WEBSTER,,Co Rd D43/CO RTE D43,Collision with:  Animal,,,Animal,None Indicated,,,,,,,Paved,,Property Damage Only,0,0,0,0,0,0,3000,1,1,,POINT (-94.092976304787 42.36856158183)
2014806978,14-050707-01,07/07/2014,07-July,2-Monday,12:10,1200 Hours,District 6 (East Central),,IOWA,,Co Rd V66/M AVE,Non-collision events:  Overturn/rollover,On Roadway,Non-collision (single vehicle),Swerving/Evasive Action,None Indicated,,Daylight,Dry,Clear,"Surface condition (e.g., wet, icy)",Non-intersection:  Non-junction/no special feature,Paved,,Possible/Unknown,0,2,0,0,2,0,5000,1,2,,POINT (-92.064576092471 41.776891163434)
2014806750,070714-080,07/07/2014,07-July,2-Monday,10:19,1000 Hours,District 3 (Northwest),STORM LAKE,BUENA VISTA,,RUSSELL ST,Collision with:  Vehicle in traffic,On Roadway,Head-on (front to front),Other (explain in narrative):  Other,None Indicated,,Daylight,Dry,Clear,None apparent,Non-intersection:  Non-junction/no special feature,Paved,,Property Damage Only,0,0,0,0,0,0,7000,2,1,,POINT (-95.191076394349 42.643053480119)
2014807237,2014039669,07/07/2014,07-July,2-Monday,09:25,0900 Hours,District 4 (Southwest),DE SOTO,DALLAS,US 169,US 169/GUTHRIE ST & ELM ST,Collision with:  Vehicle in traffic,On Roadway,Rear-end (front to rear),Swerving/Evasive Action,None Indicated,,Daylight,Dry,Clear,None apparent,Intersection:  Four-way intersection,Paved,,Possible/Unknown,0,1,0,0,1,0,9500,2,8,,POINT (-94.012578299135 41.528552201266)
2014807596,,07/07/2014,07-July,2-Monday,16:40,1600 Hours,District 6 (East Central),CEDAR RAPIDS,LINN,IA 100,IA 100/COLLINS RD NE & C AVE NE,Collision with:  Vehicle in traffic,On Roadway,"Sideswipe, same direction",Unknown,None Indicated,,Daylight,Dry,Clear,,Intersection:  Four-way intersection,Paved,,Property Damage Only,0,0,0,0,0,0,4000,2,3,,POINT (-91.638496204062 42.028102074778)
2014806794,02-14-10211,07/07/2014,07-July,2-Monday,01:30,0100 Hours,District 6 (East Central),,DUBUQUE,,BENNETTVILLE RD & LAMBE RD,Non-collision events:  Overturn/rollover,On Roadway,Non-collision (single vehicle),"Operating vehicle in an reckless, erratic, careless, negligent manner",None Indicated,,Dark - roadway not lighted,Dry,Cloudy,None apparent,Intersection:  T-intersection,Unpaved,,Major Injury,0,3,2,1,0,0,8000,1,4,,POINT (-90.714015175703 42.365916900729)
2014806524,W14-067994,07/07/2014,07-July,2-Monday,09:26,0900 Hours,District 2 (Northeast),WATERLOO,BLACK HAWK,,ALTA VISTA AVE & ARIZONA ST,Collision with:  Vehicle in traffic,On Roadway,"Sideswipe, opposite direction",Traveling wrong way or on wrong side of road,None Indicated,,Daylight,Dry,Clear,None apparent,Intersection:  Four-way intersection,Paved,,Property Damage Only,0,0,0,0,0,0,2500,2,2,,POINT (-92.309783365906 42.499505904791)
2014807379,14015641,07/07/2014,07-July,2-Monday,16:45,1600 Hours,District 5 (Southeast),OSKALOOSA,MAHASKA,US 63,US 63/S MARKET ST & 3RD AVE W & 3RD AVE E,Collision with:  Non-motorist (see non-motorist section - NOT a unit),Unknown,Non-collision (single vehicle),Unknown,None Indicated,,Daylight,Dry,Clear,Unknown,Intersection:  Four-way intersection,Paved,,Possible/Unknown,0,1,0,0,1,0,0,1,1,,POINT (-92.645043627892 41.292581838909)
2014807084,,07/07/2014,07-July,2-Monday,19:34,1900 Hours,District 2 (Northeast),NASHUA,FLOYD,US 218,US 218,Collision with:  Vehicle in traffic,On Roadway,Rear-end (front to rear),FTYROW:  From driveway,None Indicated,,Daylight,Dry,Clear,Work Zone (roadway-related),Non-intersection:  Driveway access (within),Paved,Yes,Minor Injury,0,1,0,1,0,0,12500,2,3,,POINT (-92.554325688625 42.959592747606)
2014806536,CL14002319,07/07/2014,07-July,2-Monday,13:01,1300 Hours,District 6 (East Central),CLINTON,CLINTON,,19TH AVE N & N 3RD ST,Collision with:  Vehicle in traffic,On Roadway,"Angle, oncoming left turn",Other (explain in narrative):  Other,None Indicated,,Daylight,Dry,Clear,None apparent,Non-intersection:  Non-junction/no special feature,Paved,,Possible/Unknown,0,1,0,0,1,0,4000,2,2,,POINT (-90.184601512673 41.866706236569)
2014806598,20140019248,07/07/2014,07-July,2-Monday,14:58,1400 Hours,District 1 (Central),DES MOINES,POLK,,EUCLID AVE & BEAVER AVE,Collision with fixed object:  Other fixed object (explain in narrative),On Roadway,Non-collision (single vehicle),Other (explain in narrative):  Other,None Indicated,,Daylight,Dry,Clear,None apparent,Non-intersection:  Non-junction/no special feature,Paved,,Property Damage Only,0,0,0,0,0,0,2100,1,1,,POINT (-93.677043245536 41.627602001543)
2014808244,14011302,07/07/2014,07-July,2-Monday,12:29,1200 Hours,District 2 (Northeast),MASON CITY,CERRO GORDO,,S JEFFERSON AVE,Collision with:  Vehicle in traffic,On Roadway,Broadside (front to side),Improper Backing,None Indicated,,Daylight,Dry,Cloudy,None apparent,Non-intersection:  Driveway access (within),Paved,,Property Damage Only,0,0,0,0,0,0,3000,2,3,,POINT (-93.205883606521 43.151307233935)
2014806842,1400000595,07/07/2014,07-July,2-Monday,16:20,1600 Hours,District 1 (Central),STATE CENTER,MARSHALL,US 30,US 30/240TH ST & DURHAM AVE & 3RD AVE SW,Collision with:  Vehicle in traffic,On Roadway,"Sideswipe, same direction",Unknown,None Indicated,,Daylight,Dry,Clear,None apparent,Non-intersection:  Non-junction/no special feature,Paved,,Property Damage Only,0,0,0,0,0,0,3000,2,2,,POINT (-93.165165848267 42.007678923286)
2014806597,20140019245,07/07/2014,07-July,2-Monday,14:10,1400 Hours,District 1 (Central),DES MOINES,POLK,US 6,US 6/DOUGLAS AVE & 57TH ST,Collision with:  Vehicle in traffic,On Roadway,Broadside (front to side),FTYROW:  From stop sign,None Indicated,,Daylight,Dry,Clear,None apparent,Intersection:  Four-way intersection,Paved,,Property Damage Only,0,0,0,0,0,0,9000,4,4,,POINT (-93.696270561298 41.629414683149)
2014807704,SA1405363,07/07/2014,07-July,2-Monday,18:16,1800 Hours,District 5 (Southeast),,WASHINGTON,,Co Rd G38/HWY G38,Collision with:  Non-motorist (see non-motorist section - NOT a unit),On Roadway,Non-collision (single vehicle),Lost Control,None Indicated,,Daylight,Dry,Clear,None apparent,Non-intersection:  Non-junction/no special feature,Paved,,Major Injury,0,2,2,0,0,0,3000,1,1,,POINT (-91.736401542312 41.293426754893)
2014808939,1407070144,07/07/2014,07-July,2-Monday,01:44,0100 Hours,District 6 (East Central),MONTICELLO,JONES,US 151,US 151,Non-collision events:  Overturn/rollover,Shoulder,Non-collision (single vehicle),Swerving/Evasive Action,None Indicated,,Dark - roadway not lighted,Wet,Cloudy,None apparent,Non-intersection:  Non-junction/no special feature,Paved,,Possible/Unknown,0,1,0,0,1,0,10000,1,1,,POINT (-91.174099398735 42.212129828173)
2014806829,14-011412,07/07/2014,07-July,2-Monday,04:49,0400 Hours,District 5 (Southeast),,HENRY,US 218,US 218,Collision with:  Animal,,,Animal,None Indicated,,,,,,,Paved,,Property Damage Only,0,0,0,0,0,0,2000,1,1,,POINT (-91.548906849031 41.016798954909)
2014807526,2014-46139,07/07/2014,07-July,2-Monday,11:25,1100 Hours,District 6 (East Central),DAVENPORT,SCOTT,US 67,US 67/NW RAMP & W 2ND ST & BROWN ST,Collision with fixed object:  Utility pole/light support,Shoulder,Rear-end (front to rear),Lost Control,Refused,,Daylight,Dry,Clear,None apparent,Non-intersection:  Non-junction/no special feature,Paved,,Possible/Unknown,0,3,0,0,3,0,16500,2,3,,POINT (-90.584459233075 41.521298255117)
2014806622,2014-12845,07/07/2014,07-July,2-Monday,16:35,1600 Hours,District 6 (East Central),BETTENDORF,SCOTT,,TANGLEFOOT LN & 18TH ST,Collision with:  Vehicle in traffic,On Roadway,Rear-end (front to rear),Other (explain in narrative):  Other,None Indicated,,Daylight,Dry,Clear,None apparent,Intersection:  Four-way intersection,Paved,,Property Damage Only,0,0,0,0,0,0,6500,2,2,,POINT (-90.498639011932 41.560549527494)
2014806787,01-14-29811,07/07/2014,07-July,2-Monday,18:00,1800 Hours,District 6 (East Central),DUBUQUE,DUBUQUE,,CHERRY ST & ASBURY RD,Collision with:  Vehicle in traffic,On Roadway,Broadside (front to side),FTYROW:  From stop sign,None Indicated,,Daylight,Dry,Cloudy,None apparent,Intersection:  Four-way intersection,Paved,,Property Damage Only,0,0,0,0,0,0,4000,2,2,,POINT (-90.697014297968 42.500980522416)
2014806954,105-14,07/07/2014,07-July,2-Monday,07:55,0700 Hours,District 3 (Northwest),ROCK VALLEY,SIOUX,,16TH ST,Collision with:  Vehicle in traffic,On Roadway,"Sideswipe, opposite direction",Other (explain in narrative):  Other,None Indicated,,Daylight,Dry,Clear,None apparent,Non-intersection:  Non-junction/no special feature,Paved,,Property Damage Only,0,0,0,0,0,0,7000,2,3,,POINT (-96.294965217944 43.209353137741)
2014810811,2014039697,07/07/2014,07-July,2-Monday,12:50,1200 Hours,District 1 (Central),DES MOINES,POLK,US 69,US 69/JOHNSON CT & E COURT AVE,Collision with:  Vehicle in traffic,On Roadway,Broadside (front to side),Ran Traffic Signal,None Indicated,,Daylight,Dry,Clear,None apparent,Intersection:  Four-way intersection,Paved,,Property Damage Only,0,0,0,0,0,0,18000,2,2,,POINT (-93.595241454469 41.589692918566)
2014806943,14-21741,07/07/2014,07-July,2-Monday,17:51,1700 Hours,District 3 (Northwest),SIOUX CITY,WOODBURY,,WESLEY PKWY,Collision with:  Vehicle in traffic,On Roadway,Broadside (front to side),Ran Traffic Signal,None Indicated,,Daylight,Dry,Clear,None apparent,Intersection:  T-intersection,Paved,,Possible/Unknown,0,1,0,0,1,0,5500,2,3,,POINT (-96.411560847312 42.493391266787)
2014807295,14-005875,07/07/2014,07-July,2-Monday,22:05,2200 Hours,District 4 (Southwest),,ADAIR,I-80,I-80,Collision with:  Vehicle in traffic,On Roadway,Rear-end (front to rear),Followed too close,Refused,,Dark - roadway not lighted,Dry,Clear,None apparent,Non-intersection:  Non-junction/no special feature,Paved,,Property Damage Only,0,0,0,0,0,0,1500,2,6,,POINT (-94.365684664493 41.494960914194)
2014807044,14-003175,07/07/2014,07-July,2-Monday,11:08,1100 Hours,District 1 (Central),AMES,STORY,,KNAPP ST & WELCH AVE,Non-collision events:  Other non-collision (explain in narrative),On Roadway,Non-collision (single vehicle),Other (explain in narrative):  No improper action,None Indicated,,Daylight,Dry,Clear,None apparent,Non-intersection:  Non-junction/no special feature,Paved,,Property Damage Only,0,0,0,0,0,0,4500,2,0,,POINT (-93.65010312327 42.019115470947)
2014807256,2014039691,07/07/2014,07-July,2-Monday,11:56,1100 Hours,District 1 (Central),COLFAX,JASPER,I-80,I-80,Non-collision events:  Overturn/rollover,Shoulder,Non-collision (single vehicle),Other (explain in narrative):  Other,None Indicated,,Daylight,Dry,Clear,None apparent,Interchange-related:  Off-ramp,Paved,,Property Damage Only,0,0,0,0,0,0,16200,1,1,,POINT (-93.25052665384 41.691319298882)
2014806979,14-060707-01,07/07/2014,07-July,2-Monday,15:48,1500 Hours,District 6 (East Central),,IOWA,US 151,US 151/W AVE & Co Rd F12/110TH ST,Collision with:  Vehicle in traffic,On Roadway,Rear-end (front to rear),FTYROW:  From stop sign,None Indicated,,Daylight,Dry,Cloudy,None apparent,Intersection:  Four-way intersection,Paved,,Possible/Unknown,0,1,0,0,1,0,6000,3,9,,POINT (-91.869999096627 41.846664721451)
2014813476,,07/07/2014,07-July,2-Monday,10:59,1000 Hours,District 2 (Northeast),FREDERICKSBURG,CHICKASAW,US 18,US 18/270TH,Collision with:  Vehicle in traffic,On Roadway,"Sideswipe, same direction",Made improper turn,Alcohol (Statutory),,Daylight,Dry,Clear,None apparent,Non-intersection:  Non-junction/no special feature,Paved,,Property Damage Only,0,0,0,0,0,0,7000,2,2,,POINT (-92.183637778777 42.965239573199)
2014806971,CL14002325,07/07/2014,07-July,2-Monday,17:22,1700 Hours,District 6 (East Central),CLINTON,CLINTON,US 67,US 67/S 4TH ST,Collision with:  Vehicle in traffic,On Roadway,"Sideswipe, same direction",Unknown,None Indicated,,Daylight,Dry,Clear,None apparent,Non-intersection:  Non-junction/no special feature,Paved,,Property Damage Only,0,0,0,0,0,0,3000,2,2,,POINT (-90.193213745855 41.837846803716)
2014807128,C14002074,07/07/2014,07-July,2-Monday,06:58,0600 Hours,District 6 (East Central),CORALVILLE,JOHNSON,,1ST AVE,Non-collision events:  Other non-collision (explain in narrative),On Roadway,Non-collision (single vehicle),Lost Control,None Indicated,,Daylight,Dry,Clear,Unknown,Non-intersection:  Non-junction/no special feature,Paved,,Minor Injury,0,1,0,1,0,0,1000,1,1,,POINT (-91.56475610236 41.685196716773)
2014806530,14001470,07/07/2014,07-July,2-Monday,07:30,0700 Hours,District 2 (Northeast),,CERRO GORDO,,Co Rd S18/EAGLE AVE & 275TH ST,Collision with:  Animal,,Non-collision (single vehicle),Animal,None Indicated,,,,,,,Paved,,Property Damage Only,0,0,0,0,0,0,5000,1,1,,POINT (-93.418462024787 43.162766704029)
2014806410,20140019202,07/07/2014,07-July,2-Monday,06:45,0600 Hours,District 1 (Central),DES MOINES,POLK,,SHERIDAN AVE & E SHERIDAN AVE & 2ND AVE,Collision with:  Vehicle in traffic,On Roadway,Broadside (front to side),FTYROW:  From stop sign,None Indicated,,Daylight,Dry,Clear,None apparent,Intersection:  Y-intersection,Paved,,Property Damage Only,0,0,0,0,0,0,6500,2,2,,POINT (-93.619922218955 41.618646825457)
2014806600,20140019259,07/07/2014,07-July,2-Monday,16:30,1600 Hours,District 1 (Central),DES MOINES,POLK,US 69,US 69/JOHNSON CT & E COURT AVE,Collision with:  Vehicle in traffic,On Roadway,Head-on (front to front),Ran Traffic Signal,None Indicated,,Daylight,Dry,Clear,None apparent,Intersection:  Y-intersection,Paved,,Possible/Unknown,0,1,0,0,1,0,10000,2,4,,POINT (-93.595241454469 41.589692918566)
2014808748,,07/07/2014,07-July,2-Monday,16:33,1600 Hours,District 5 (Southeast),FORT MADISON,LEE,,18TH ST & AVE G,Collision with:  Vehicle in traffic,On Roadway,Broadside (front to side),Ran Stop Sign,None Indicated,,Daylight,Dry,Clear,None apparent,Intersection:  Four-way intersection,Paved,,Property Damage Only,0,0,0,0,0,0,2000,2,3,,POINT (-91.330173748911 40.631143142869)
2014806620,14-028274,07/07/2014,07-July,2-Monday,15:00,1500 Hours,District 4 (Southwest),COUNCIL BLUFFS,POTTAWATTAMIE,,MADISON AVE,Collision with:  Vehicle in traffic,On Roadway,Rear-end (front to rear),Followed too close,None Indicated,,Daylight,Dry,Cloudy,None apparent,Non-intersection:  Non-junction/no special feature,Paved,,Property Damage Only,0,0,0,0,0,0,2000,2,2,,POINT (-95.820346845761 41.241574362271)
2014806719,2014039687,07/07/2014,07-July,2-Monday,10:17,1000 Hours,District 4 (Southwest),,ADAIR,I-80,I-80,Collision with:  Vehicle in traffic,Roadside,Rear-end (front to rear),Driving too fast for conditions,None Indicated,,Daylight,Dry,Clear,None apparent,Non-intersection:  Non-junction/no special feature,Paved,,Property Damage Only,0,0,0,0,0,0,14500,2,2,,POINT (-94.396208514277 41.496017495172)
2014806615,14-3207,07/07/2014,07-July,2-Monday,14:50,1400 Hours,District 1 (Central),WEST DES MOINES,POLK,I-35,I-35,Collision with:  Vehicle in traffic,On Roadway,"Sideswipe, same direction",Other (explain in narrative):  Other,None Indicated,,Daylight,Dry,Clear,None apparent,Interchange-related:  On-ramp merge area,Paved,,Property Damage Only,0,0,0,0,0,0,2500,2,22,,POINT (-93.777120619571 41.596002315209)
2014812843,14-004821,07/07/2014,07-July,2-Monday,19:25,1900 Hours,District 3 (Northwest),,PALO ALTO,,470 AVE,Non-collision events:  Overturn/rollover,Shoulder,Non-collision (single vehicle),Swerving/Evasive Action,None Indicated,,Daylight,"Mud, dirt",Cloudy,None apparent,Non-intersection:  Non-junction/no special feature,Unpaved,,Minor Injury,0,1,0,1,0,0,8000,1,1,,POINT (-94.659319727249 43.221400696784)
2014810311,14-068078,07/07/2014,07-July,2-Monday,15:34,1500 Hours,District 2 (Northeast),WATERLOO,BLACK HAWK,,WASHINGTON ST & W 4TH ST,Collision with:  Vehicle in traffic,On Roadway,Broadside (front to side),Ran Traffic Signal,None Indicated,,Daylight,Dry,Clear,None apparent,Intersection:  Four-way intersection,Paved,,Property Damage Only,0,0,0,0,0,0,5000,2,3,,POINT (-92.341745287732 42.49344389433)
2014806922,2014-46100,07/07/2014,07-July,2-Monday,09:10,0900 Hours,District 6 (East Central),DAVENPORT,SCOTT,,W LOCUST ST & N LINCOLN AVE,Collision with:  Vehicle in traffic,On Roadway,Rear-end (front to rear),Other (explain in narrative):  Other,None Indicated,,Daylight,Dry,Clear,None apparent,Intersection:  Four-way intersection,Paved,,Property Damage Only,0,0,0,0,0,0,2800,2,3,,POINT (-90.613175281471 41.538181818703)
2014807410,14-002915,07/07/2014,07-July,2-Monday,17:00,1700 Hours,District 1 (Central),ANKENY,POLK,IA 160,IA 160/SE ORALABOR RD & SE PDI PL,Collision with:  Vehicle in traffic,On Roadway,Rear-end (front to rear),Other (explain in narrative):  Other,None Indicated,,Daylight,Dry,Clear,None apparent,Intersection:  Four-way intersection,Paved,,Possible/Unknown,0,1,0,0,1,0,1000,2,2,,POINT (-93.584457819892 41.702905302246)
2014807053,2014-14497,07/07/2014,07-July,2-Monday,18:25,1800 Hours,District 5 (Southeast),INDIANOLA,WARREN,US 65,US 65/N JEFFERSON WAY & E KENTUCKY AVE,Collision with:  Vehicle in traffic,On Roadway,Broadside (front to side),Ran Stop Sign,None Indicated,,Daylight,Dry,Clear,None apparent,Intersection:  Four-way intersection,Paved,,Possible/Unknown,0,1,0,0,1,0,4500,2,2,,POINT (-93.558438134127 41.371366292535)
2014806572,C14002077,07/07/2014,07-July,2-Monday,11:48,1100 Hours,District 6 (East Central),CORALVILLE,JOHNSON,US 6,US 6/2ND ST & CAMP CARDINAL BLVD & 22ND AVE,Collision with:  Vehicle in traffic,On Roadway,Rear-end (front to rear),Unknown,None Indicated,,Daylight,Dry,Clear,None apparent,Intersection:  Four-way intersection,Paved,,Property Damage Only,0,0,0,0,0,0,1585,2,3,,POINT (-91.595795483899 41.681698268838)
2014806262,14009673,07/07/2014,07-July,2-Monday,11:31,1100 Hours,District 5 (Southeast),CENTERVILLE,APPANOOSE,,E STATE ST & HAYNES AVE,Collision with:  Vehicle in traffic,On Roadway,Broadside (front to side),Ran Stop Sign,None Indicated,,Daylight,Dry,Clear,None apparent,Intersection:  Four-way intersection,Paved,,Possible/Unknown,0,1,0,0,1,0,3000,2,3,,POINT (-92.871942239581 40.734224252945)
2014806619,14-028253,07/07/2014,07-July,2-Monday,11:49,1100 Hours,District 4 (Southwest),COUNCIL BLUFFS,POTTAWATTAMIE,US 6,US 6/W BROADWAY,Collision with:  Vehicle in traffic,On Roadway,Rear-end (front to rear),Followed too close,None Indicated,,Daylight,Dry,Clear,None apparent,Non-intersection:  Non-junction/no special feature,Paved,,Possible/Unknown,0,2,0,0,2,0,10500,3,3,,POINT (-95.866815410773 41.261869989436)
2014806584,1407071-A,07/07/2014,07-July,2-Monday,15:15,1500 Hours,District 4 (Southwest),RED OAK,MONTGOMERY,IA 48,IA 48/BROADWAY ST & JOY ST,Collision with:  Vehicle in traffic,On Roadway,Broadside (front to side),FTYROW:  From stop sign,None Indicated,,Daylight,Dry,Clear,None apparent,Intersection:  Four-way intersection,Paved,,Property Damage Only,0,0,0,0,0,0,4500,2,2,,POINT (-95.232717714902 41.01221311786)
2014806747,201403091,07/07/2014,07-July,2-Monday,17:47,1700 Hours,District 1 (Central),,STORY,,Co Rd R38/500TH AVE,Collision with:  Animal,,,Animal,None Indicated,,,,,,,Paved,,Property Damage Only,0,0,0,0,0,0,3000,1,1,,POINT (-93.698611285062 42.146028836108)
2014808634,,07/07/2014,07-July,2-Monday,04:48,0400 Hours,District 2 (Northeast),,WINNESHIEK,,GLENVILLE RD,Collision with:  Animal,On Roadway,Non-collision (single vehicle),Animal,None Indicated,,Dark - roadway not lighted,Dry,Clear,,Non-intersection:  Non-junction/no special feature,Unpaved,,Property Damage Only,0,0,0,0,0,0,2000,1,4,,POINT (-91.634110197766 43.239337385381)
2014809764,14V07050,07/07/2014,07-July,2-Monday,06:54,0600 Hours,District 6 (East Central),VINTON,BENTON,,W 4TH ST,Collision with:  Vehicle in traffic,On Roadway,"Angle, oncoming left turn",Exceeded authorized speed,None Indicated,,Daylight,Dry,Clear,None apparent,Non-intersection:  Driveway access (within),Paved,,Property Damage Only,0,0,0,0,0,0,1800,2,2,,POINT (-92.038063017569 42.167854785649)
2014807067,14-21754,07/07/2014,07-July,2-Monday,18:15,1800 Hours,District 3 (Northwest),SIOUX CITY,WOODBURY,,SERGEANT RD & S ST AUBIN ST,Collision with:  Vehicle in traffic,On Roadway,Broadside (front to side),FTYROW:  From stop sign,None Indicated,,Daylight,Dry,Clear,None apparent,Intersection:  T-intersection,Paved,,Property Damage Only,0,0,0,0,0,0,6000,2,3,,POINT (-96.355998569351 42.460528215604)
2014807208,2014-46706,07/07/2014,07-July,2-Monday,09:25,0900 Hours,District 6 (East Central),DAVENPORT,SCOTT,US 67,US 67/E RIVER DR & MISSISSIPPI AVE,Collision with:  Vehicle in traffic,On Roadway,"Sideswipe, same direction",Unknown,None Indicated,,Daylight,Dry,Clear,None apparent,Non-intersection:  Non-junction/no special feature,Paved,,Property Damage Only,0,0,0,0,0,0,3000,2,2,,POINT (-90.553783446085 41.527890630125)
2014807060,S14-6705,07/07/2014,07-July,2-Monday,11:51,1100 Hours,District 3 (Northwest),SLOAN,WOODBURY,IA 141,IA 141/330TH ST,,On Roadway,Non-collision (single vehicle),Equipment failure,None Indicated,,Daylight,Dry,Clear,None apparent,Non-intersection:  Non-junction/no special feature,Paved,,Property Damage Only,0,0,0,0,0,0,3000,1,1,,POINT (-96.175282315717 42.228405417823)
2014806581,14-002958,07/07/2014,07-July,2-Monday,07:20,0700 Hours,District 3 (Northwest),,LYON,,Co Rd A34/210TH ST,Collision with:  Vehicle in traffic,Shoulder,Unknown,Crossed centerline (undivided),None Indicated,,Daylight,Dry,Clear,None apparent,Non-intersection:  Non-junction/no special feature,Paved,,Possible/Unknown,0,1,0,0,1,0,1600,2,2,,POINT (-96.093419031938 43.346073141839)
2014807622,14068082,07/07/2014,07-July,2-Monday,14:39,1400 Hours,District 2 (Northeast),CEDAR FALLS,BLACK HAWK,,CLAY ST,Collision with:  Parked motor vehicle,Outside trafficway,"Sideswipe, same direction",Lost Control,None Indicated,,Daylight,Dry,Clear,None apparent,Non-intersection:  Non-junction/no special feature,Paved,,Property Damage Only,0,0,0,0,0,0,1600,2,1,,POINT (-92.44822518353 42.53634235927)
2014806902,2014-46283,07/07/2014,07-July,2-Monday,19:17,1900 Hours,District 6 (East Central),DAVENPORT,SCOTT,US 6,US 6/E KIMBERLY RD & JERSEY RIDGE RD,Collision with:  Vehicle in traffic,On Roadway,Rear-end (front to rear),Followed too close,None Indicated,,Daylight,Dry,Clear,None apparent,Non-intersection:  Non-junction/no special feature,Paved,,Possible/Unknown,0,1,0,0,1,0,6000,2,5,,POINT (-90.541695492682 41.556858405524)
2014828316,14070198,07/07/2014,07-July,2-Monday,13:30,1300 Hours,District 5 (Southeast),,WAPELLO,,HWY 918,Collision with fixed object:  Utility pole/light support,On Roadway,Non-collision (single vehicle),Ran off road - right,None Indicated,,Daylight,Dry,Clear,None apparent,Non-intersection:  Non-junction/no special feature,Paved,,Possible/Unknown,0,1,0,0,1,0,7500,1,1,,POINT (-92.22392333464 40.926474557461)
2014806693,2014039799,07/07/2014,07-July,2-Monday,22:45,2200 Hours,District 5 (Southeast),,HENRY,US 218,US 218,Collision with:  Animal,,,Animal,None Indicated,,,,,,,Paved,,Property Damage Only,0,0,0,0,0,0,5000,1,1,,POINT (-91.549615652916 40.90684859406)
2014807045,14-003182,07/07/2014,07-July,2-Monday,17:02,1700 Hours,District 1 (Central),AMES,STORY,,13TH ST & E 13TH ST & DUFF AVE,Collision with:  Non-motorist (see non-motorist section - NOT a unit),On Roadway,Non-collision (single vehicle),Other (explain in narrative):  Other,None Indicated,,Daylight,Dry,Cloudy,None apparent,Intersection:  Four-way intersection,Paved,,Major Injury,0,1,1,0,0,0,250,1,1,,POINT (-93.610682377889 42.034544069544)
2014807048,2014-14488,07/07/2014,07-July,2-Monday,16:15,1600 Hours,District 5 (Southeast),,WARREN,IA 92,IA 92/IOWA 92 & 20TH AVE,Collision with:  Vehicle in traffic,On Roadway,Rear-end (front to rear),Driver Distraction:  Inattentive/lost in thought,None Indicated,,Daylight,Dry,Cloudy,None apparent,Intersection:  T-intersection,Paved,,Possible/Unknown,0,1,0,0,1,0,8000,2,2,,POINT (-93.770254481242 41.365153258768)