Iowa DOT Case Number,Law Enforcement Case Number,Date of Crash,Month of Crash,Day of Week,Time of Crash,Hour,DOT District,City Name,County Name,Route with System,Location Description,First Harmful Event,Location of First Harmful Event,Manner of Crash/Collision,Major Cause,Drug or Alcohol ,Environmental Conditions,Light Conditions,Surface Conditions,Weather Conditions,Roadway Contribution,Roadway Type,Roadway Surface,Work Zone,Crash Severity,Number of Fatalities,Number of Injuries,Number of Major Injuries,Number of Minor Injuries,Number of Possible Injuries,Number of Unknown Injuries,Amount of Property Damage,Number of Vehicles Involved,Total Number of Occupants,Travel Direction,Location
2014807581,14-7170,07/07/2014,07-July,2-Monday,14:54,1400 Hours,District 3 (Northwest),SAC CITY,SAC,,AUDUBON ST & S 8TH ST,Collision with:  Vehicle in traffic,On Roadway,Broadside (front to side),FTYROW:  From yield sign,None Indicated,,Daylight,Dry,Clear,None apparent,Intersection:  Four-way intersection,Paved,,Property Damage Only,0,0,0,0,0,0,4000,2,2,,POINT (-94.992861535228 42.421279746829)
2014806850,20140019290,07/07/2014,07-July,2-Monday,21:45,2100 Hours,District 1 (Central),DES MOINES,POLK,,MLK JR PKWY,Collision with:  Vehicle in traffic,On Roadway,Rear-end (front to rear),FTYROW:  At uncontrolled intersection,None Indicated,,Dark - roadway lighted,Dry,Clear,None apparent,Non-intersection:  Non-junction/no special feature,Paved,,Property Damage Only,0,0,0,0,0,0,7500,2,2,,POINT (-93.646735322045 41.616031131464)
2014806776,2014-3097,07/07/2014,07-July,2-Monday,09:30,0900 Hours,District 4 (Southwest),WAUKEE,DALLAS,,WALNUT RIDGE & UNIVERSITY AVE,Collision with:  Vehicle in traffic,On Roadway,Rear-end (front to rear),Followed too close,None Indicated,,Daylight,Dry,Clear,None apparent,Intersection:  T-intersection,Paved,,Property Damage Only,0,0,0,0,0,0,8000,2,2,,POINT (-93.821404942265 41.600423212628)
2014809132,14-020560,07/07/2014,07-July,2-Monday,21:29,2100 Hours,District 5 (Southeast),,LEE,US 61,US 61,Collision with:  Animal,,,Animal,None Indicated,,,,,,,Paved,,Property Damage Only,0,0,0,0,0,0,1500,1,1,,POINT (-91.425900060171 40.579293731708)
2014809054,14009696,07/07/2014,07-July,2-Monday,21:10,2100 Hours,District 5 (Southeast),CENTERVILLE,APPANOOSE,,W FRANKLIN ST & N 8TH ST,Collision with:  Vehicle in traffic,On Roadway,Broadside (front to side),FTYROW:  From stop sign,None Indicated,,Dark - roadway lighted,Wet,Rain,None apparent,Intersection:  T-intersection,Paved,,Property Damage Only,0,0,0,0,0,0,4300,2,3,,POINT (-92.878706376029 40.739744852249)
2014807068,14-21843,07/08/2014,07-July,3-Tuesday,12:13,1200 Hours,District 3 (Northwest),SIOUX CITY,WOODBURY,IA 376,IA 376/LEWIS BLVD & 3RD ST,Collision with:  Vehicle in traffic,On Roadway,Rear-end (front to rear),Followed too close,None Indicated,,Daylight,Dry,Clear,None apparent,Intersection:  Four-way intersection,Paved,,Property Damage Only,0,0,0,0,0,0,1700,2,2,,POINT (-96.378313257235 42.493269710049)
2014808245,14011394,07/08/2014,07-July,3-Tuesday,13:54,1300 Hours,District 2 (Northeast),MASON CITY,CERRO GORDO,,S EISENHOWER AVE & FRONTAGE RD SW,Collision with:  Vehicle in traffic,On Roadway,Broadside (front to side),FTYROW:  From stop sign,None Indicated,,Daylight,Dry,Clear,None apparent,Intersection:  T-intersection,Paved,,Property Damage Only,0,0,0,0,0,0,4000,2,2,,POINT (-93.260596884955 43.147350632274)
2014806882,14-028447,07/08/2014,07-July,3-Tuesday,15:10,1500 Hours,District 4 (Southwest),COUNCIL BLUFFS,POTTAWATTAMIE,I-29,I-29 & IA 192/S EXPRESSWAY & 30TH AVE,Collision with:  Vehicle in traffic,On Roadway,Rear-end (front to rear),Followed too close,None Indicated,,Daylight,Dry,Clear,None apparent,Intersection:  Four-way intersection,Paved,,Property Damage Only,0,0,0,0,0,0,2000,2,2,,POINT (-95.851335601126 41.230624310943)
2014815872,2014-46450,07/08/2014,07-July,3-Tuesday,04:11,0400 Hours,District 6 (East Central),DAVENPORT,SCOTT,I-80,I-80,Collision with:  Animal,,,Animal,None Indicated,,,,,,,Paved,,Property Damage Only,0,0,0,0,0,0,1500,1,1,,POINT (-90.484409098542 41.596597262703)
2014807213,2014-46765,07/08/2014,07-July,3-Tuesday,23:06,2300 Hours,District 6 (East Central),DAVENPORT,SCOTT,,BRIDGE AVE,Collision with:  Vehicle in traffic,On Roadway,Rear-end (front to rear),Ran off road - right,None Indicated,,Dark - roadway lighted,Dry,Clear,None apparent,Non-intersection:  Non-junction/no special feature,Paved,,Property Damage Only,0,0,0,0,0,0,6000,2,2,,POINT (-90.557892615101 41.537173549959)
2014807040,14-12892,07/08/2014,07-July,3-Tuesday,05:42,0500 Hours,District 6 (East Central),BETTENDORF,SCOTT,US 67,US 67/GRANT ST & 12TH ST,Collision with:  Vehicle in traffic,On Roadway,"Sideswipe, same direction",Made improper turn,None Indicated,,Dawn,Dry,Clear,None apparent,Intersection:  Four-way intersection,Paved,,Property Damage Only,0,0,0,0,0,0,2000,2,3,,POINT (-90.516081854857 41.526226404181)
2014806603,20140019317,07/08/2014,07-July,3-Tuesday,07:13,0700 Hours,District 1 (Central),DES MOINES,POLK,,COLLEGE AVE & 2ND AVE,Collision with:  Vehicle in traffic,On Roadway,Broadside (front to side),FTYROW:  Making left turn,None Indicated,,Daylight,Dry,Cloudy,None apparent,Intersection:  Four-way intersection,Paved,,Property Damage Only,0,0,0,0,0,0,8300,3,4,,POINT (-93.619817102233 41.607667599561)
2014807130,C14002093,07/08/2014,07-July,3-Tuesday,12:30,1200 Hours,District 6 (East Central),CORALVILLE,JOHNSON,US 6,US 6/2ND ST,Collision with:  Vehicle in traffic,On Roadway,Rear-end (front to rear),Followed too close,None Indicated,,Daylight,Dry,Clear,None apparent,Non-intersection:  Non-junction/no special feature,Paved,,Possible/Unknown,0,1,0,0,1,0,2000,2,3,,POINT (-91.562407047934 41.667658048457)
2014806602,20140019315,07/08/2014,07-July,3-Tuesday,06:27,0600 Hours,District 1 (Central),DES MOINES,POLK,,E ARMY POST RD & SE 5TH ST,Collision with:  Vehicle in traffic,On Roadway,Broadside (front to side),Ran Traffic Signal,None Indicated,,Daylight,Dry,Clear,None apparent,Intersection:  Four-way intersection,Paved,,Minor Injury,0,1,0,1,0,0,13000,2,3,,POINT (-93.606443077618 41.526367092213)
2014807054,2014-14555,07/08/2014,07-July,3-Tuesday,11:42,1100 Hours,District 5 (Southeast),INDIANOLA,WARREN,IA 92,IA 92/W 2ND AVE & S BUXTON ST,Collision with:  Vehicle in traffic,On Roadway,Rear-end (front to rear),Followed too close,None Indicated,,Daylight,Dry,Clear,None apparent,Non-intersection:  Non-junction/no special feature,Paved,,Property Damage Only,0,0,0,0,0,0,2000,2,4,,POINT (-93.562307735236 41.35832244425)
2014806847,14-0816,07/08/2014,07-July,3-Tuesday,17:10,1700 Hours,District 1 (Central),CLIVE,POLK,I-35,I-35,Collision with:  Vehicle in traffic,On Roadway,Rear-end (front to rear),Other (explain in narrative):  Other,None Indicated,,Daylight,Dry,Cloudy,None apparent,Interchange-related:  On-ramp merge area,Paved,,Property Damage Only,0,0,0,0,0,0,13000,4,4,,POINT (-93.77683167336 41.611928981802)
2014807699,1405392,07/08/2014,07-July,3-Tuesday,18:45,1800 Hours,District 5 (Southeast),,WASHINGTON,US 218,US 218,Collision with:  Vehicle in traffic,On Roadway,"Sideswipe, same direction",Other (explain in narrative):  Other,None Indicated,,Daylight,Dry,Clear,None apparent,Non-intersection:  Non-junction/no special feature,Paved,,Property Damage Only,0,0,0,0,0,0,4000,2,2,,POINT (-91.55071465974 41.416097788045)
2014806849,20140019400,07/08/2014,07-July,3-Tuesday,17:30,1700 Hours,District 1 (Central),DES MOINES,POLK,,WATROUS AVE & SW 9TH ST,Collision with:  Vehicle in traffic,On Roadway,Broadside (front to side),Ran Traffic Signal,None Indicated,,Daylight,Dry,Clear,None apparent,Intersection:  Four-way intersection,Paved,,Possible/Unknown,0,2,0,0,2,0,5500,2,3,,POINT (-93.625723443547 41.548196651458)
2014811922,14-004837,07/08/2014,07-July,3-Tuesday,16:12,1600 Hours,District 3 (Northwest),EMMETSBURG,PALO ALTO,,7TH ST & BROADWAY ST,Collision with:  Vehicle in traffic,On Roadway,Rear-end (front to rear),Traveling wrong way or on wrong side of road,None Indicated,,Daylight,Dry,Clear,None apparent,Non-intersection:  Non-junction/no special feature,Paved,,Property Damage Only,0,0,0,0,0,0,4500,2,2,,POINT (-94.678890188041 43.113834613468)
2014807037,14-028444,07/08/2014,07-July,3-Tuesday,14:34,1400 Hours,District 4 (Southwest),COUNCIL BLUFFS,POTTAWATTAMIE,US 6,US 6/W BROADWAY,Collision with:  Non-motorist (see non-motorist section - NOT a unit),On Roadway,Non-collision (single vehicle),Unknown,None Indicated,,Daylight,Dry,Clear,Work Zone (roadway-related),Intersection:  Four-way intersection,Paved,Yes,Possible/Unknown,0,1,0,0,1,0,0,1,1,,POINT (-95.875241149773 41.261848839952)
2014806771,1407088021,07/08/2014,07-July,3-Tuesday,22:35,2200 Hours,District 6 (East Central),,CLINTON,,Co Rd Y68/285TH AVE,Collision with:  Animal,,,Animal,None Indicated,,,,,,,Paved,,Property Damage Only,0,0,0,0,0,0,6000,1,1,,POINT (-90.538989789414 41.782108856088)
2014807002,201409745,07/08/2014,07-July,3-Tuesday,12:53,1200 Hours,District 6 (East Central),CEDAR RAPIDS,LINN,,BLAIRS FERRY RD NE,Collision with:  Vehicle in traffic,On Roadway,Rear-end (front to rear),Followed too close,None Indicated,,Daylight,Dry,Clear,None apparent,Non-intersection:  Non-junction/no special feature,Paved,,Property Damage Only,0,0,0,0,0,0,19500,3,3,,POINT (-91.662074735582 42.035062097975)
2014806764,10087-14,07/08/2014,07-July,3-Tuesday,17:46,1700 Hours,District 3 (Northwest),SPENCER,CLAY,US 71,US 71/11TH ST SW & 7TH AVE SW,Collision with:  Vehicle in traffic,On Roadway,"Angle, oncoming left turn",FTYROW:  Making left turn,None Indicated,,Daylight,Dry,Clear,None apparent,Intersection:  Four-way intersection,Paved,,Possible/Unknown,0,2,0,0,2,0,6000,2,2,,POINT (-95.154244598108 43.126868426317)
2014807266,,07/08/2014,07-July,3-Tuesday,21:54,2100 Hours,District 2 (Northeast),PARKERSBURG,BUTLER,,WEMPLE ST & N JOHNSON ST,Collision with:  Vehicle in traffic,On Roadway,Broadside (front to side),FTYROW:  From stop sign,None Indicated,,Dark - roadway lighted,Dry,Clear,None apparent,Intersection:  Four-way intersection,Paved,,Property Damage Only,0,0,0,0,0,0,2500,2,2,,POINT (-92.781094943789 42.575258954766)
2014807767,,07/08/2014,07-July,3-Tuesday,11:00,1100 Hours,District 1 (Central),,POLK,,NW 53ND CT,Collision with:  Other non-fixed object (explain in narrative),On Roadway,Unknown,Unknown,None Indicated,,Daylight,Dry,Clear,,Non-intersection:  Other non-intersection (explain in narrative),Paved,,Property Damage Only,0,0,0,0,0,0,2035,2,2,,POINT (-93.691447566635 41.64880017619)
2014807031,20140019358,07/08/2014,07-July,3-Tuesday,12:50,1200 Hours,District 1 (Central),DES MOINES,POLK,,59TH ST,Collision with:  Parked motor vehicle,On Roadway,Head-on (front to front),Crossed centerline (undivided),None Indicated,,Daylight,Dry,Clear,None apparent,Non-intersection:  Non-junction/no special feature,Paved,,Property Damage Only,0,0,0,0,0,0,9000,2,1,,POINT (-93.699382623391 41.626333351786)
2014806836,14014204,07/08/2014,07-July,3-Tuesday,15:56,1500 Hours,District 6 (East Central),MARION,LINN,,6TH AVE & MARION BLVD,Collision with:  Vehicle in traffic,On Roadway,"Angle, oncoming left turn",Unknown,None Indicated,,Daylight,Dry,Clear,None apparent,Intersection:  T-intersection,Paved,,Property Damage Only,0,0,0,0,0,0,3000,2,4,,POINT (-91.61122844454 42.03161203954)
2014806522,W14-068417,07/08/2014,07-July,3-Tuesday,02:00,0200 Hours,District 2 (Northeast),WATERLOO,BLACK HAWK,,WENDELL CT,Collision with:  Vehicle in traffic,On Roadway,"Sideswipe, same direction",Unknown,None Indicated,,Dark - roadway not lighted,Dry,Clear,None apparent,Non-intersection:  Other non-intersection (explain in narrative),Paved,,Property Damage Only,0,0,0,0,0,0,3000,2,1,,POINT (-92.335893065759 42.511736979312)
2014806941,14-2059,07/08/2014,07-July,3-Tuesday,08:05,0800 Hours,District 1 (Central),FORT DODGE,WEBSTER,US 169,US 169 & KENYON RD & OLD HWY 20,Collision with:  Vehicle in traffic,On Roadway,"Angle, oncoming left turn",FTYROW:  Making left turn,None Indicated,,Daylight,Dry,Clear,None apparent,Intersection:  Four-way intersection,Paved,,Property Damage Only,0,0,0,0,0,0,4000,2,2,,POINT (-94.207245446151 42.484400703422)
2014806858,20140019399,07/08/2014,07-July,3-Tuesday,17:14,1700 Hours,District 1 (Central),DES MOINES,POLK,I-235,I-235,Collision with:  Vehicle in traffic,On Roadway,Rear-end (front to rear),Followed too close,None Indicated,,Daylight,Dry,Clear,None apparent,Non-intersection:  Non-junction/no special feature,Paved,,Property Damage Only,0,0,0,0,0,0,4500,3,3,,POINT (-93.649845757356 41.594675489471)
2014806886,2014-12925,07/08/2014,07-July,3-Tuesday,16:10,1600 Hours,District 6 (East Central),BETTENDORF,SCOTT,,SPRUCE HILLS DR & 18TH ST,Collision with:  Vehicle in traffic,On Roadway,"Sideswipe, same direction",Other (explain in narrative):  Vision obstructed,None Indicated,,Daylight,Dry,Cloudy,None apparent,Non-intersection:  Non-junction/no special feature,Paved,,Property Damage Only,0,0,0,0,0,0,6500,2,3,,POINT (-90.503354352424 41.549889507766)
2014810758,BP14000540,07/08/2014,07-July,3-Tuesday,10:45,1000 Hours,District 2 (Northeast),BELMOND,WRIGHT,,LUICKS LN & MAIN ST E,Collision with:  Vehicle in traffic,On Roadway,"Angle, oncoming left turn",Traveling wrong way or on wrong side of road,None Indicated,,Daylight,Dry,Clear,None apparent,Intersection:  T-intersection,Paved,,Property Damage Only,0,0,0,0,0,0,8000,2,3,,POINT (-93.602348764446 42.845950211769)
2014806877,S14-002555,07/08/2014,07-July,3-Tuesday,21:30,2100 Hours,District 4 (Southwest),,POTTAWATTAMIE,I-680,I-680,Collision with:  Animal,,,Animal,None Indicated,,,,,,,Paved,,Property Damage Only,0,0,0,0,0,0,3000,1,1,,POINT (-95.612447847414 41.498951629272)
2014806881,14-028426,07/08/2014,07-July,3-Tuesday,12:11,1200 Hours,District 4 (Southwest),COUNCIL BLUFFS,POTTAWATTAMIE,,W BROADWAY,Collision with:  Vehicle in traffic,On Roadway,Rear-end (front to rear),Unknown,None Indicated,,Daylight,Dry,Clear,None apparent,Non-intersection:  Non-junction/no special feature,Paved,,Property Damage Only,0,0,0,0,0,0,2750,2,3,,POINT (-95.845320282625 41.262448676714)
2014814242,,07/08/2014,07-July,3-Tuesday,21:47,2100 Hours,District 5 (Southeast),,MUSCATINE,US 61,US 61,Collision with:  Animal,On Roadway,Non-collision (single vehicle),Animal,None Indicated,,Dark - roadway not lighted,Dry,Clear,None apparent,Non-intersection:  Non-junction/no special feature,Paved,,Property Damage Only,0,0,0,0,0,0,2000,1,1,,POINT (-90.857211562193 41.519330049354)
2014807625,14068473,07/08/2014,07-July,3-Tuesday,16:21,1600 Hours,District 2 (Northeast),CEDAR FALLS,BLACK HAWK,IA 57,IA 57/1ST ST & ELLEN ST & N ELLEN ST,Collision with:  Vehicle in traffic,On Roadway,Broadside (front to side),Made improper turn,None Indicated,,Daylight,Dry,Clear,None apparent,Non-intersection:  Non-junction/no special feature,Paved,,Property Damage Only,0,0,0,0,0,0,6000,2,3,,POINT (-92.463203007433 42.537818402557)
2014808515,2014-1036,07/08/2014,07-July,3-Tuesday,20:06,2000 Hours,District 1 (Central),SCRANTON,GREENE,,MADISON ST & GRANT ST,Collision with:  Vehicle in traffic,On Roadway,Rear-end (front to rear),Followed too close,None Indicated,,Dusk,Dry,Cloudy,None apparent,Non-intersection:  Non-junction/no special feature,Paved,,Possible/Unknown,0,1,0,0,1,0,3000,2,3,,POINT (-94.546473665 42.021894837016)
2014807069,14-21880,07/08/2014,07-July,3-Tuesday,19:00,1900 Hours,District 3 (Northwest),SIOUX CITY,WOODBURY,,,Collision with fixed object:  Other fixed object (explain in narrative),On Roadway,Non-collision (single vehicle),Ran off road - right,Refused,,Daylight,Dry,Clear,None apparent,Intersection:  Other intersection (explain in narrative),,,Property Damage Only,0,0,0,0,0,0,13000,1,2,,POINT (-96.643700149993 40.233091251414)
2014806834,201409737,07/08/2014,07-July,3-Tuesday,11:32,1100 Hours,District 6 (East Central),CEDAR RAPIDS,LINN,IA 922,IA 922/1ST AVE E,Collision with:  Vehicle in traffic,On Roadway,Rear-end (front to rear),Lost Control,None Indicated,,Daylight,Dry,Cloudy,None apparent,Non-intersection:  Non-junction/no special feature,Paved,,Possible/Unknown,0,1,0,0,1,0,4500,2,5,,POINT (-91.63500605618 42.01338024006)
2014806605,20140019325,07/08/2014,07-July,3-Tuesday,08:43,0800 Hours,District 1 (Central),DES MOINES,POLK,,GRAND AVE,Collision with:  Vehicle in traffic,On Roadway,Rear-end (front to rear),Followed too close,None Indicated,,Daylight,Dry,Clear,None apparent,Non-intersection:  Non-junction/no special feature,Paved,,Minor Injury,0,4,0,4,0,0,3500,2,5,,POINT (-93.628210860692 41.587139583495)
2014810137,14-17555,07/08/2014,07-July,3-Tuesday,18:59,1800 Hours,District 1 (Central),NEWTON,JASPER,US 6,US 6/1ST AVE E,Collision with:  Vehicle in traffic,On Roadway,Rear-end (front to rear),Followed too close,None Indicated,,Daylight,Dry,Clear,None apparent,Non-intersection:  Non-junction/no special feature,Paved,,Property Damage Only,0,0,0,0,0,0,5000,2,2,,POINT (-93.022089603766 41.699156236877)
2014806789,01-14-29952,07/08/2014,07-July,3-Tuesday,17:34,1700 Hours,District 6 (East Central),DUBUQUE,DUBUQUE,,UNIVERSITY AVE & ASBURY RD,Collision with:  Vehicle in traffic,On Roadway,"Angle, oncoming left turn",Ran Stop Sign,None Indicated,,Daylight,Dry,Clear,None apparent,Intersection:  Other intersection (explain in narrative),Paved,,Minor Injury,0,1,0,1,0,0,5500,2,3,,POINT (-90.696271439377 42.499668832137)
2014807837,14-1496,07/08/2014,07-July,3-Tuesday,18:39,1800 Hours,District 1 (Central),URBANDALE,POLK,,AURORA AVE & 86TH ST,Collision with:  Vehicle in traffic,On Roadway,Rear-end (front to rear),Exceeded authorized speed,Refused,,Daylight,Dry,Clear,None apparent,Intersection:  T-intersection,Paved,,Major Injury,0,1,1,0,0,0,12000,2,2,,POINT (-93.736485911059 41.636612977634)
2014808795,K14-020697,07/08/2014,07-July,3-Tuesday,23:07,2300 Hours,District 5 (Southeast),KEOKUK,LEE,,TIMEA ST,Collision with:  Parked motor vehicle,On Roadway,Rear-end (front to rear),Lost Control,None Indicated,,Dark - roadway lighted,Dry,Clear,None apparent,Non-intersection:  Driveway access (within),Paved,,Property Damage Only,0,0,0,0,0,0,2000,2,1,,POINT (-91.401927425159 40.407253932803)
2014807607,,07/08/2014,07-July,3-Tuesday,19:40,1900 Hours,District 4 (Southwest),AUDUBON,AUDUBON,,N DIVISION ST & 2ND AVE,Collision with fixed object:  Other fixed object (explain in narrative),Outside trafficway,Non-collision (single vehicle),Equipment failure,None Indicated,,Daylight,Dry,Clear,None apparent,Intersection:  T-intersection,Paved,,Property Damage Only,0,0,0,0,0,0,7000,1,1,,POINT (-94.924788452554 41.724350389906)
2014807206,2014-46614,07/08/2014,07-July,3-Tuesday,14:54,1400 Hours,District 6 (East Central),DAVENPORT,SCOTT,,E 53RD ST & EASTERN AVE,Collision with:  Vehicle in traffic,On Roadway,Rear-end (front to rear),Ran off road - left,None Indicated,,Daylight,Dry,Clear,None apparent,Intersection:  Four-way intersection,Paved,,Possible/Unknown,0,2,0,0,2,0,9500,5,6,,POINT (-90.551320806069 41.574716355054)
2014806951,2014039852,07/08/2014,07-July,3-Tuesday,09:38,0900 Hours,District 6 (East Central),,BENTON,I-380,I-380 & Co Rd D65/51 ST,Collision with fixed object:  Impact attenuator/crash cushion,On Roadway,Rear-end (front to rear),FTYROW:  Other (explain in narrative),None Indicated,,Daylight,Dry,Clear,Work Zone (roadway-related),Non-intersection:  Non-junction/no special feature,Paved,Yes,Property Damage Only,0,0,0,0,0,0,31500,2,2,,POINT (-91.941251138035 42.282244990341)
2014809082,1-14-29858,07/08/2014,07-July,3-Tuesday,00:50,0000 Hours,District 6 (East Central),DUBUQUE,DUBUQUE,,BRYANT ST,Collision with:  Vehicle in traffic,On Roadway,Rear-end (front to rear),Lost Control,Alcohol (Statutory),,Dark - roadway lighted,Dry,Cloudy,None apparent,Non-intersection:  Non-junction/no special feature,Paved,,Property Damage Only,0,0,0,0,0,0,3000,2,1,,POINT (-90.677739888633 42.486777359988)
2014806761,14011401,07/08/2014,07-July,3-Tuesday,15:13,1500 Hours,District 2 (Northeast),MASON CITY,CERRO GORDO,US 65,US 65/S FEDERAL AVE,Collision with:  Vehicle in traffic,On Roadway,Rear-end (front to rear),Followed too close,None Indicated,,Daylight,Dry,Cloudy,None apparent,Non-intersection:  Non-junction/no special feature,Paved,,Property Damage Only,0,0,0,0,0,0,5500,2,3,,POINT (-93.201217262704 43.119762461219)
2014807061,S14-6769,07/08/2014,07-July,3-Tuesday,15:54,1500 Hours,District 3 (Northwest),SERGEANT BLUFF,WOODBURY,,Co Rd K29/OLD LAKEPORT RD,Collision with:  Vehicle in traffic,On Roadway,Rear-end (front to rear),Driver Distraction:  Inattentive/lost in thought,None Indicated,,Daylight,Dry,Clear,None apparent,Intersection:  T-intersection,Paved,,Property Damage Only,0,0,0,0,0,0,3700,2,3,,POINT (-96.341395748219 42.410061359019)
2014806852,20140019404,07/08/2014,07-July,3-Tuesday,17:46,1700 Hours,District 1 (Central),DES MOINES,POLK,,SE 1ST ST & INDIANOLA AVE & INDIANOLA RD,Collision with:  Vehicle in traffic,On Roadway,Rear-end (front to rear),"Operating vehicle in an reckless, erratic, careless, negligent manner",None Indicated,,Daylight,Dry,Cloudy,None apparent,Intersection:  Four-way intersection,Paved,,Property Damage Only,0,0,0,0,0,0,2000,2,3,,POINT (-93.61534117835 41.572347196007)
2014807375,058-14,07/08/2014,07-July,3-Tuesday,14:07,1400 Hours,District 4 (Southwest),,MADISON,,IVY AVE,Collision with:  Vehicle in traffic,On Roadway,Broadside (front to side),FTYROW:  From parked position,None Indicated,,Daylight,Dry,Clear,None apparent,Non-intersection:  Non-junction/no special feature,Unpaved,,Property Damage Only,0,0,0,0,0,0,6000,2,3,,POINT (-94.080055955689 41.497926102399)
2014806883,14-028473,07/08/2014,07-July,3-Tuesday,09:00,0900 Hours,District 4 (Southwest),COUNCIL BLUFFS,POTTAWATTAMIE,,E WASHINGTON AVE,Non-collision events:  Other non-collision (explain in narrative),On Roadway,Rear-end (front to rear),Unknown,None Indicated,,Daylight,Dry,Clear,None apparent,Non-intersection:  Non-junction/no special feature,Paved,,Property Damage Only,0,0,0,0,0,0,2000,2,1,,POINT (-95.838027616698 41.270716535333)
2014806601,20140019336,07/08/2014,07-July,3-Tuesday,10:21,1000 Hours,District 1 (Central),DES MOINES,POLK,,INGERSOLL AVE & POLK BLVD,Collision with:  Vehicle in traffic,On Roadway,Broadside (front to side),FTYROW:  From stop sign,None Indicated,,Daylight,Dry,Clear,None apparent,Intersection:  Four-way intersection,Paved,,Property Damage Only,0,0,0,0,0,0,7000,2,3,,POINT (-93.681639493451 41.586402882855)
2014806859,20140019405,07/08/2014,07-July,3-Tuesday,17:45,1700 Hours,District 1 (Central),DES MOINES,POLK,I-235,I-235,Collision with:  Vehicle in traffic,On Roadway,"Sideswipe, same direction",Swerving/Evasive Action,None Indicated,,Daylight,Dry,Clear,Obstruction in roadway,Non-intersection:  Non-junction/no special feature,Paved,,Property Damage Only,0,0,0,0,0,0,2500,2,2,,POINT (-93.649857664525 41.594666414827)
2014810306,14-23604,07/08/2014,07-July,3-Tuesday,22:15,2200 Hours,District 5 (Southeast),BURLINGTON,DES MOINES,,SWEENEY AVE,Collision with:  Parked motor vehicle,Shoulder,Head-on (front to front),Lost Control,None Indicated,,Dark - roadway lighted,Dry,Cloudy,None apparent,Non-intersection:  Non-junction/no special feature,Paved,,Property Damage Only,0,0,0,0,0,0,10000,2,1,,POINT (-91.104379488774 40.789934818641)
2014806905,2014-46633,07/08/2014,07-July,3-Tuesday,15:45,1500 Hours,District 6 (East Central),DAVENPORT,SCOTT,,IA 461/BRADY ST & W LOMBARD ST,Collision with:  Vehicle in traffic,On Roadway,Rear-end (front to rear),Followed too close,None Indicated,,Daylight,Dry,Clear,None apparent,Intersection:  Other intersection (explain in narrative),Paved,,Property Damage Only,0,0,0,0,0,0,2000,2,3,,POINT (-90.573706281243 41.541903607699)
2014807827,14-0812,07/08/2014,07-July,3-Tuesday,11:50,1100 Hours,District 1 (Central),CLIVE,POLK,I-35,I-35,Collision with:  Vehicle in traffic,On Roadway,"Sideswipe, same direction",Lost Control,None Indicated,,Daylight,Dry,Cloudy,None apparent,Non-intersection:  Non-junction/no special feature,Paved,,Property Damage Only,0,0,0,0,0,0,12200,2,2,,POINT (-93.776911729467 41.603596794843)
2014807097,W14-068570,07/08/2014,07-July,3-Tuesday,21:31,2100 Hours,District 2 (Northeast),WATERLOO,BLACK HAWK,,JEFFERSON ST & W 4TH ST,Collision with:  Vehicle in traffic,On Roadway,"Sideswipe, same direction",Swerving/Evasive Action,None Indicated,,Dark - roadway lighted,Dry,Clear,None apparent,Intersection:  Four-way intersection,Paved,,Property Damage Only,0,0,0,0,0,0,4500,2,2,,POINT (-92.340713589831 42.494347554055)
2014814263,,07/08/2014,07-July,3-Tuesday,09:37,0900 Hours,District 2 (Northeast),DECORAH,WINNESHIEK,US 52,US 52 & POLE LINE RD,Collision with:  Vehicle in traffic,On Roadway,Head-on (front to front),FTYROW:  Making left turn,None Indicated,,Daylight,Dry,Unknown,None apparent,Intersection:  Four-way intersection,Paved,,Minor Injury,0,4,0,4,0,0,30000,2,4,,POINT (-91.81392051876 43.320376032592)
2014807353,2014002322,07/08/2014,07-July,3-Tuesday,00:58,0000 Hours,District 6 (East Central),,LINN,IA 13,IA 13/IOWA 13 & Co Rd D62/MONTICELLO RD,Non-collision events:  Overturn/rollover,Outside trafficway,Non-collision (single vehicle),Ran off road - left,Alcohol (Statutory),,Dark - roadway not lighted,Dry,Clear,None apparent,Non-intersection:  Non-junction/no special feature,Paved,,Property Damage Only,0,0,0,0,0,0,5000,1,1,,POINT (-91.483883241904 42.283359966311)
2014813072,20140019368,07/08/2014,07-July,3-Tuesday,14:24,1400 Hours,District 1 (Central),DES MOINES,POLK,,ARMY POST RD & SW 13TH ST,Collision with:  Vehicle in traffic,On Roadway,Rear-end (front to rear),Followed too close,None Indicated,,Daylight,Dry,Clear,Unknown,Non-intersection:  Non-junction/no special feature,Paved,,Property Damage Only,0,0,0,0,0,0,3000,2,2,,POINT (-93.632922553957 41.526575693049)
2014806989,2014007350,07/08/2014,07-July,3-Tuesday,16:53,1600 Hours,District 6 (East Central),IOWA CITY,JOHNSON,US 6,US 6 & WOOLF AVE,Collision with:  Vehicle in traffic,On Roadway,Rear-end (front to rear),Followed too close,None Indicated,,Daylight,Dry,Cloudy,None apparent,Non-intersection:  Non-junction/no special feature,Paved,,Property Damage Only,0,0,0,0,0,0,8000,3,3,,POINT (-91.549761788151 41.66483313095)
2014807205,2014-46562,07/08/2014,07-July,3-Tuesday,10:51,1000 Hours,District 6 (East Central),DAVENPORT,SCOTT,,IA 461/BRADY ST,Collision with:  Vehicle in traffic,On Roadway,"Sideswipe, same direction",Other (explain in narrative):  Other,None Indicated,,Daylight,Dry,Clear,None apparent,Non-intersection:  Alley,Paved,,Possible/Unknown,0,1,0,0,1,0,5000,2,2,,POINT (-90.574121707101 41.526304263845)
2014808141,N14000328,07/08/2014,07-July,3-Tuesday,07:20,0700 Hours,District 6 (East Central),NORTH LIBERTY,JOHNSON,,PENN ST & PENN CT,Collision with:  Vehicle in traffic,On Roadway,Rear-end (front to rear),Followed too close,None Indicated,,Daylight,Dry,Clear,None apparent,Non-intersection:  Non-junction/no special feature,Paved,,Property Damage Only,0,0,0,0,0,0,7000,2,2,,POINT (-91.63321240063 41.752447601203)