Iowa DOT Case Number,Law Enforcement Case Number,Date of Crash,Month of Crash,Day of Week,Time of Crash,Hour,DOT District,City Name,County Name,Route with System,Location Description,First Harmful Event,Location of First Harmful Event,Manner of Crash/Collision,Major Cause,Drug or Alcohol ,Environmental Conditions,Light Conditions,Surface Conditions,Weather Conditions,Roadway Contribution,Roadway Type,Roadway Surface,Work Zone,Crash Severity,Number of Fatalities,Number of Injuries,Number of Major Injuries,Number of Minor Injuries,Number of Possible Injuries,Number of Unknown Injuries,Amount of Property Damage,Number of Vehicles Involved,Total Number of Occupants,Travel Direction,Location
2014807207,2014-46660,07/08/2014,07-July,3-Tuesday,16:54,1600 Hours,District 6 (East Central),DAVENPORT,SCOTT,US 6,US 6/W KIMBERLY RD & LILLIE AVE,Collision with:  Vehicle in traffic,On Roadway,Rear-end (front to rear),Followed too close,None Indicated,,Daylight,Dry,Clear,None apparent,Non-intersection:  Non-junction/no special feature,Paved,,Possible/Unknown,0,1,0,0,1,0,6250,4,4,,POINT (-90.588853748236 41.560100100328)
2014810069,1005891,07/08/2014,07-July,3-Tuesday,20:37,2000 Hours,District 6 (East Central),COLESBURG,DELAWARE,,HARRISON ST,Collision with:  Parked motor vehicle,Shoulder,"Sideswipe, opposite direction",Unknown,None Indicated,,Daylight,Dry,Clear,None apparent,Non-intersection:  Non-junction/no special feature,Paved,,Property Damage Only,0,0,0,0,0,0,4150,2,777,,POINT (-91.204083404018 42.63996366365)
2014807296,14004223,07/08/2014,07-July,3-Tuesday,21:21,2100 Hours,District 2 (Northeast),,CERRO GORDO,US 65,US 65,Collision with:  Animal,,,Animal,None Indicated,,,,,,,Paved,,Property Damage Only,0,0,0,0,0,0,2500,1,1,,POINT (-93.210714919269 43.204354754968)
2014806788,01-14-29897,07/08/2014,07-July,3-Tuesday,10:41,1000 Hours,District 6 (East Central),DUBUQUE,DUBUQUE,,W 9TH ST & MAIN ST,Collision with:  Vehicle in traffic,On Roadway,"Sideswipe, same direction",Improper or erratic lane changing,None Indicated,,Daylight,Dry,Clear,None apparent,Non-intersection:  Non-junction/no special feature,Paved,,Property Damage Only,0,0,0,0,0,0,5000,2,2,,POINT (-90.66764752204 42.501665071698)
2014806609,20140019356,07/08/2014,07-July,3-Tuesday,12:30,1200 Hours,District 1 (Central),DES MOINES,POLK,,E OVID AVE & BOWDOIN ST,Collision with:  Vehicle in traffic,On Roadway,Broadside (front to side),FTYROW:  From stop sign,None Indicated,,Daylight,Dry,Clear,None apparent,Intersection:  Four-way intersection,Paved,,Possible/Unknown,0,1,0,0,1,0,4000,2,2,,POINT (-93.612645574549 41.625972661592)
2014806567,14-17494,07/08/2014,07-July,3-Tuesday,07:30,0700 Hours,District 1 (Central),LYNNVILLE,JASPER,,1ST ST,Collision with:  Vehicle in traffic,On Roadway,Broadside (front to side),FTYROW:  From driveway,None Indicated,,Daylight,Dry,Clear,None apparent,Non-intersection:  Driveway access (within),Paved,,Property Damage Only,0,0,0,0,0,0,3500,2,2,,POINT (-92.783093592215 41.5775542303)
2014807291,W14-068513,07/08/2014,07-July,3-Tuesday,18:53,1800 Hours,District 2 (Northeast),WATERLOO,BLACK HAWK,,NEWELL ST & IDAHO ST,Collision with:  Vehicle in traffic,On Roadway,Broadside (front to side),Ran Stop Sign,None Indicated,,Daylight,Dry,Clear,None apparent,Intersection:  Four-way intersection,Paved,,Property Damage Only,0,0,0,0,0,0,3000,2,3,,POINT (-92.30797993655 42.512949712111)
2014809159,14140,07/08/2014,07-July,3-Tuesday,21:17,2100 Hours,District 5 (Southeast),PELLA,MARION,,UNIVERSITY ST & MAIN ST,Collision with:  Non-motorist (see non-motorist section - NOT a unit),On Roadway,Non-collision (single vehicle),Other (explain in narrative):  No improper action,None Indicated,,Dark - roadway lighted,Dry,Clear,None apparent,Intersection:  Four-way intersection,Paved,,Minor Injury,0,1,0,1,0,0,250,1,1,,POINT (-92.916581733996 41.400182314557)
2014807540,2014-0243,07/08/2014,07-July,3-Tuesday,16:26,1600 Hours,District 5 (Southeast),NORWALK,WARREN,IA 28,IA 28/IOWA 28 & WAKONDA DR & MASTELLER RD,Collision with:  Vehicle in traffic,On Roadway,Broadside (front to side),FTYROW:  From stop sign,None Indicated,,Daylight,Dry,Clear,None apparent,Intersection:  Four-way intersection,Paved,,Possible/Unknown,0,1,0,0,0,1,4500,2,4,,POINT (-93.674170885716 41.500382077251)
2014807212,2014-46535,07/08/2014,07-July,3-Tuesday,09:26,0900 Hours,District 6 (East Central),DAVENPORT,SCOTT,,E LOCUST ST & MARLO AVE,Collision with:  Vehicle in traffic,On Roadway,Broadside (front to side),Equipment failure,None Indicated,,Daylight,Dry,Clear,None apparent,Intersection:  Four-way intersection,Paved,,Property Damage Only,0,0,0,0,0,0,9500,3,6,,POINT (-90.530117164342 41.538480341476)
2014806972,CL14002333,07/08/2014,07-July,3-Tuesday,14:58,1400 Hours,District 6 (East Central),CLINTON,CLINTON,,4TH AVE N,Collision with:  Parked motor vehicle,On Roadway,"Sideswipe, opposite direction",Illegally Parked/Unattended,None Indicated,,Daylight,Dry,Clear,None apparent,Non-intersection:  Non-junction/no special feature,Paved,,Property Damage Only,0,0,0,0,0,0,1750,2,1,,POINT (-90.194245341753 41.848958057338)
2014806864,14-3229,07/08/2014,07-July,3-Tuesday,17:10,1700 Hours,District 1 (Central),WEST DES MOINES,POLK,,MILLS CIVIC PKWY,Collision with:  Vehicle in traffic,On Roadway,Rear-end (front to rear),Driving too fast for conditions,None Indicated,,Daylight,Dry,Clear,None apparent,Non-intersection:  Non-junction/no special feature,Paved,,Property Damage Only,0,0,0,0,0,0,17600,3,6,,POINT (-93.786847451254 41.559078570099)
2014807132,C14002099,07/08/2014,07-July,3-Tuesday,17:20,1700 Hours,District 6 (East Central),CORALVILLE,JOHNSON,,JAMES ST,Collision with:  Vehicle in traffic,On Roadway,Head-on (front to front),FTYROW:  Making left turn,None Indicated,,Daylight,Dry,Cloudy,None apparent,Intersection:  T-intersection,Paved,,Property Damage Only,0,0,0,0,0,0,3000,2,2,,POINT (-91.603941486846 41.684472559945)
2014808712,14-7895,07/08/2014,07-July,3-Tuesday,18:30,1800 Hours,District 3 (Northwest),,SIOUX,,Co Rd B42/390TH ST & Co Rd K52/HICKORY AVE,Collision with:  Vehicle in traffic,On Roadway,Broadside (front to side),FTYROW:  From stop sign,None Indicated,,Daylight,Dry,Clear,None apparent,Intersection:  Four-way intersection,Paved,,Possible/Unknown,0,1,0,0,1,0,4050,2,2,,POINT (-96.135972262026 43.084520509654)
2014808544,14014203,07/08/2014,07-July,3-Tuesday,15:50,1500 Hours,District 6 (East Central),MARION,LINN,,NEWCASTLE RD & EAST ROBINS RD,Collision with:  Vehicle in traffic,On Roadway,"Sideswipe, opposite direction",Crossed centerline (undivided),None Indicated,,Daylight,Dry,Clear,None apparent,Intersection:  Four-way intersection,Paved,,Possible/Unknown,0,1,0,0,1,0,6500,2,2,,POINT (-91.621964653281 42.053563791642)
2014810191,14-12701,07/08/2014,07-July,3-Tuesday,08:49,0800 Hours,District 2 (Northeast),,BREMER,,Co Rd C28/165TH ST/170TH ST & Co Rd V49/QUEBEC AVE,Collision with fixed object:  Ditch,Shoulder,Non-collision (single vehicle),Ran off road - right,None Indicated,,Daylight,Dry,Cloudy,None apparent,Intersection:  T-intersection,Paved,,Property Damage Only,0,0,0,0,0,0,2000,1,1,,POINT (-92.238390621689 42.802622624935)
2014807258,2014040009,07/08/2014,07-July,3-Tuesday,19:11,1900 Hours,District 5 (Southeast),SANDYVILLE,WARREN,IA 92,IA 92/IOWA 92 & KENTUCKY ST,Collision with fixed object:  Ditch,On Roadway,Non-collision (single vehicle),Ran off road - right,Alcohol (Statutory),,Daylight,Dry,Clear,None apparent,Non-intersection:  Non-junction/no special feature,Paved,,Property Damage Only,0,0,0,0,0,0,11000,1,1,,POINT (-93.388432954619 41.370948759093)
2014806973,CL14002336,07/08/2014,07-July,3-Tuesday,17:35,1700 Hours,District 6 (East Central),CLINTON,CLINTON,,2ND AVE N & N 4TH ST,Collision with:  Vehicle in traffic,On Roadway,Broadside (front to side),FTYROW:  From stop sign,None Indicated,,Daylight,Dry,Clear,None apparent,Intersection:  Four-way intersection,Paved,,Property Damage Only,0,0,0,0,0,0,7000,2,2,,POINT (-90.193342387411 41.847296939716)
2014806953,14000313,07/08/2014,07-July,3-Tuesday,13:18,1300 Hours,District 5 (Southeast),ALBIA,MONROE,,WASHINGTON AVE E,Collision with:  Parked motor vehicle,On Roadway,"Sideswipe, same direction",Made improper turn,None Indicated,,Daylight,Dry,Clear,None apparent,Non-intersection:  Non-junction/no special feature,Paved,,Property Damage Only,0,0,0,0,0,0,5500,2,5,,POINT (-92.805289104181 41.026211043938)
2014806939,14-0387,07/08/2014,07-July,3-Tuesday,08:00,0800 Hours,District 1 (Central),CALLENDER,WEBSTER,,THOMAS ST,Collision with:  Vehicle in traffic,Roadside,Broadside (front to side),Unknown,None Indicated,,Daylight,Dry,Clear,None apparent,Non-intersection:  Non-junction/no special feature,Paved,,Property Damage Only,0,0,0,0,0,0,1500,2,1,,POINT (-94.292385679254 42.361632788622)
2014806608,20140019355,07/08/2014,07-July,3-Tuesday,12:35,1200 Hours,District 1 (Central),DES MOINES,POLK,,23RD ST,Collision with:  Vehicle in traffic,On Roadway,Rear-end (front to rear),Improper Backing,None Indicated,,Daylight,Dry,Clear,None apparent,Non-intersection:  Non-junction/no special feature,Paved,,Property Damage Only,0,0,0,0,0,0,2500,2,2,,POINT (-93.648092792457 41.608952828912)
2014807240,20140400229,07/08/2014,07-July,3-Tuesday,21:35,2100 Hours,District 2 (Northeast),HUMBOLDT,HUMBOLDT,,GOTCH PARK RD,Collision with:  Animal,On Roadway,Non-collision (single vehicle),Animal,None Indicated,,Dark - roadway not lighted,Dry,Clear,None apparent,Non-intersection:  Non-junction/no special feature,Paved,,Minor Injury,0,1,0,1,0,0,1000,1,1,,POINT (-94.207093457381 42.701958656309)
2014807382,14-016416,07/08/2014,07-July,3-Tuesday,16:00,1600 Hours,District 5 (Southeast),,MARION,,195TH PL,Collision with:  Vehicle in traffic,On Roadway,Rear-end (front to rear),Swerving/Evasive Action,None Indicated,,Daylight,Dry,Clear,None apparent,Non-intersection:  Non-junction/no special feature,Unpaved,,Possible/Unknown,0,1,0,0,1,0,1500,2,2,,POINT (-92.975933095293 41.327878462345)
2014806866,14-3230,07/08/2014,07-July,3-Tuesday,17:20,1700 Hours,District 4 (Southwest),WEST DES MOINES,DALLAS,,WESTOWN PKWY & JORDAN CREEK PKWY,Collision with:  Vehicle in traffic,On Roadway,"Angle, oncoming left turn",Other (explain in narrative):  No improper action,None Indicated,,Daylight,Dry,Clear,None apparent,Intersection:  Four-way intersection,Paved,,Property Damage Only,0,0,0,0,0,0,2800,2,5,,POINT (-93.808918610379 41.597016959052)
2014806832,201409738,07/08/2014,07-July,3-Tuesday,11:40,1100 Hours,District 6 (East Central),CEDAR RAPIDS,LINN,IA 922,IA 922/WILLIAMS BLVD/1ST AVE W & 18TH ST NW & 18TH ST SW,Collision with:  Vehicle in traffic,On Roadway,Rear-end (front to rear),Lost Control,None Indicated,,Daylight,Dry,Clear,None apparent,Intersection:  Four-way intersection,Paved,,Property Damage Only,0,0,0,0,0,0,2000,2,2,,POINT (-91.69659691903 41.970847357893)
2014806868,14-001532,07/08/2014,07-July,3-Tuesday,23:59,2300 Hours,District 1 (Central),ALTOONA,POLK,US 6,US 6/FREDERICK M HUBBELL AVE & ADVENTURELAND DR,Collision with fixed object:  Ditch,Shoulder,Non-collision (single vehicle),Ran off road - right,Refused,,Dark - roadway lighted,Dry,Cloudy,None apparent,Intersection:  Four-way intersection,Paved,,Possible/Unknown,0,1,0,0,1,0,1100,1,1,,POINT (-93.498792828977 41.65854361347)
2014807001,201409733,07/08/2014,07-July,3-Tuesday,10:28,1000 Hours,District 6 (East Central),CEDAR RAPIDS,LINN,IA 100,IA 100/COLLINS RD NE & COUNCIL ST NE,Collision with:  Vehicle in traffic,On Roadway,"Angle, oncoming left turn",FTYROW:  Making left turn,None Indicated,,Daylight,Dry,Clear,None apparent,Intersection:  Four-way intersection,Paved,,Property Damage Only,0,0,0,0,0,0,8500,2,2,,POINT (-91.658286499335 42.028497267939)
2014807845,S14-002543,07/08/2014,07-July,3-Tuesday,10:15,1000 Hours,District 4 (Southwest),,POTTAWATTAMIE,,TEAKWOOD RD,Collision with:  Vehicle in traffic,On Roadway,"Sideswipe, same direction",FTYROW:  Other (explain in narrative),None Indicated,,Daylight,"Mud, dirt",Clear,Work Zone (roadway-related),Non-intersection:  Non-junction/no special feature,Unpaved,Yes,Minor Injury,0,1,0,1,0,0,8000,2,2,,POINT (-95.228310718504 41.461835945008)
2014811243,2014039815,07/08/2014,07-July,3-Tuesday,05:49,0500 Hours,District 1 (Central),ANKENY,POLK,I-35,I-35 & NE 54TH AVE & SE 90TH ST,Collision with fixed object:  Concrete traffic barrier (median or right side),On Roadway,Non-collision (single vehicle),Swerving/Evasive Action,None Indicated,,Dawn,Dry,Clear,None apparent,Interchange-related:  On-ramp merge area,Paved,,Possible/Unknown,0,1,0,0,1,0,10000,1,1,,POINT (-93.57563788584 41.658634806725)
2014806944,14-21877,07/08/2014,07-July,3-Tuesday,18:42,1800 Hours,District 3 (Northwest),SIOUX CITY,WOODBURY,,W 2ND ST,Collision with:  Parked motor vehicle,On Roadway,"Sideswipe, opposite direction","Operating vehicle in an reckless, erratic, careless, negligent manner",Refused,,Daylight,Dry,Clear,None apparent,Intersection:  T-intersection,Paved,,Property Damage Only,0,0,0,0,0,0,7000,2,2,,POINT (-96.415276010439 42.495477580813)
2014808642,,07/08/2014,07-July,3-Tuesday,18:40,1800 Hours,District 2 (Northeast),,ALLAMAKEE,,Co Rd X52/GREAT RIVER RD,Collision with:  Animal,On Roadway,Non-collision (single vehicle),Animal,None Indicated,,Daylight,Dry,Clear,,Non-intersection:  Non-junction/no special feature,Paved,,Property Damage Only,0,0,0,0,0,0,2961,1,1,,POINT (-91.168764551322 43.330503481336)
2014806878,14-028401,07/08/2014,07-July,3-Tuesday,06:59,0600 Hours,District 4 (Southwest),COUNCIL BLUFFS,POTTAWATTAMIE,US 6,US 6/KANESVILLE BLVD & NORTH AVE,Collision with:  Vehicle in traffic,On Roadway,Broadside (front to side),Ran Traffic Signal,None Indicated,,Dawn,Dry,Clear,None apparent,Intersection:  Four-way intersection,Paved,,Property Damage Only,0,0,0,0,0,0,4500,2,2,,POINT (-95.830997202465 41.271286045668)
2014806857,20140019394,07/08/2014,07-July,3-Tuesday,17:03,1700 Hours,District 1 (Central),DES MOINES,POLK,I-235,I-235 & MLK JR PKWY,Collision with:  Vehicle in traffic,On Roadway,Rear-end (front to rear),Improper or erratic lane changing,None Indicated,,Daylight,Dry,Clear,None apparent,Non-intersection:  Non-junction/no special feature,Paved,,Property Damage Only,0,0,0,0,0,0,7000,2,3,,POINT (-93.644302362524 41.595886636256)
2014812144,14006127,07/08/2014,07-July,3-Tuesday,13:21,1300 Hours,District 6 (East Central),,BUCHANAN,IA 281,IA 281/100TH ST & Co Rd W13/FAIRBANK-AMISH BLVD/T AVE,Collision with:  Vehicle in traffic,On Roadway,"Sideswipe, opposite direction",FTYROW:  Making left turn,None Indicated,,Daylight,Dry,Clear,None apparent,Intersection:  Four-way intersection,Paved,,Minor Injury,0,1,0,1,0,0,13000,2,2,,POINT (-91.983325632529 42.642218757862)
2014806772,144808,07/08/2014,07-July,3-Tuesday,22:20,2200 Hours,District 4 (Southwest),DE SOTO,DALLAS,US 169,US 169/GUTHRIE ST & WILLOW ST & SPRUCE ST,Collision with:  Vehicle in traffic,On Roadway,Rear-end (front to rear),Followed too close,None Indicated,,Dark - roadway lighted,Dry,Clear,None apparent,Intersection:  Four-way intersection,Paved,,Property Damage Only,0,0,0,0,0,0,4000,2,2,,POINT (-94.012628633066 41.535622434304)
2014807011,14680714,07/08/2014,07-July,3-Tuesday,12:43,1200 Hours,District 5 (Southeast),,MONROE,US 34,US 34,Collision with:  Vehicle in traffic,On Roadway,"Sideswipe, opposite direction",Crossed centerline (undivided),None Indicated,,Daylight,Dry,Clear,None apparent,Non-intersection:  Non-junction/no special feature,Paved,,Property Damage Only,0,0,0,0,0,0,4500,2,2,,POINT (-92.913492518531 41.012839741381)
2014808186,14-003198,07/08/2014,07-July,3-Tuesday,15:15,1500 Hours,District 1 (Central),AMES,STORY,,LINCOLN WAY & S SHELDON AVE,Collision with:  Non-motorist (see non-motorist section - NOT a unit),On Roadway,Non-collision (single vehicle),Other (explain in narrative):  No improper action,None Indicated,,Daylight,Dry,Clear,None apparent,Non-intersection:  Non-junction/no special feature,Paved,,Minor Injury,0,1,0,1,0,0,100,1,1,,POINT (-93.654246790019 42.022730583)
2014807003,201409755,07/08/2014,07-July,3-Tuesday,14:45,1400 Hours,District 6 (East Central),CEDAR RAPIDS,LINN,IA 100,IA 100/COLLINS RD NE & C AVE NE,Collision with:  Vehicle in traffic,On Roadway,Rear-end (front to rear),Other (explain in narrative):  Other,None Indicated,,Daylight,Dry,Cloudy,None apparent,Non-intersection:  Non-junction/no special feature,Paved,,Property Damage Only,0,0,0,0,0,0,2000,2,4,,POINT (-91.638496204062 42.028102074778)
2014807381,14-016383,07/08/2014,07-July,3-Tuesday,05:30,0500 Hours,District 5 (Southeast),,MARION,IA 14,IA 14/IOWA 14 & QUAKER DR,Collision with:  Animal,,,Animal,None Indicated,,,,,,,Paved,,Property Damage Only,0,0,0,0,0,0,3000,1,1,,POINT (-93.120569174588 41.25417022265)
2014810190,14-012760,07/08/2014,07-July,3-Tuesday,23:12,2300 Hours,District 2 (Northeast),,BREMER,US 218,US 218/SW LOOP,Non-collision events:  Overturn/rollover,Outside trafficway,"Sideswipe, opposite direction",Crossed centerline (undivided),None Indicated,,Dark - roadway not lighted,Dry,Clear,None apparent,Non-intersection:  Non-junction/no special feature,Paved,,Minor Injury,0,1,0,1,0,0,7500,2,3,,POINT (-92.477211080695 42.69189807579)
2014806959,14-68359,07/08/2014,07-July,3-Tuesday,01:30,0100 Hours,District 2 (Northeast),,BLACK HAWK,IA 57,IA 57/IOWA 57,Collision with:  Animal,On Roadway,Non-collision (single vehicle),Animal,None Indicated,,Dark - roadway lighted,Dry,Clear,None apparent,Non-intersection:  Non-junction/no special feature,Paved,,Minor Injury,0,1,0,1,0,0,3200,1,1,,POINT (-92.539377650477 42.542418656865)
2014806952,2014039987,07/08/2014,07-July,3-Tuesday,16:30,1600 Hours,District 6 (East Central),,LINN,,Co Rd E36/BLAIRS FERRY RD,Collision with:  Animal,,,Animal,None Indicated,,,,,,,Paved,,Property Damage Only,0,0,0,0,0,0,10000,1,1,,POINT (-91.743940261849 42.066113590071)
2014808730,14-0277,07/08/2014,07-July,3-Tuesday,14:29,1400 Hours,District 5 (Southeast),,DECATUR,,Co Rd R46/PLEASANTON RD,Collision with:  Vehicle in traffic,On Roadway,Rear-end (front to rear),Followed too close,None Indicated,,Daylight,Dry,Clear,None apparent,Non-intersection:  Non-junction/no special feature,Paved,,Property Damage Only,0,0,0,0,0,0,4500,2,4,,POINT (-93.743589970797 40.72023402718)
2014807239,2014039849,07/08/2014,07-July,3-Tuesday,09:15,0900 Hours,District 1 (Central),,HAMILTON,US 20,US 20,Collision with:  Vehicle in traffic,On Roadway,Rear-end (front to rear),Followed too close,None Indicated,,Daylight,Dry,Clear,Work Zone (roadway-related),Non-intersection:  Non-junction/no special feature,Paved,Yes,Property Damage Only,0,0,0,0,0,0,32800,4,6,,POINT (-93.877054205039 42.449822022267)
2014806568,SO1402666,07/08/2014,07-July,3-Tuesday,09:39,0900 Hours,District 5 (Southeast),,JEFFERSON,US 34,US 34,Non-collision events:  Overturn/rollover,Shoulder,Non-collision (single vehicle),Swerving/Evasive Action,None Indicated,,Daylight,Dry,Cloudy,None apparent,Interchange-related:  On-ramp merge area,Paved,,Property Damage Only,0,0,0,0,0,0,4000,1,2,,POINT (-92.019584147469 41.003243689488)
2014807131,C14002094,07/08/2014,07-July,3-Tuesday,14:00,1400 Hours,District 6 (East Central),CORALVILLE,JOHNSON,,CORAL RIDGE AVE,Collision with:  Vehicle in traffic,On Roadway,Rear-end (front to rear),Followed too close,None Indicated,,Daylight,Dry,Cloudy,Work Zone (roadway-related),Non-intersection:  Non-junction/no special feature,Paved,Yes,Property Damage Only,0,0,0,0,0,0,6000,2,4,,POINT (-91.608122309981 41.709012860074)
2014808051,2014039858,07/08/2014,07-July,3-Tuesday,10:09,1000 Hours,District 1 (Central),DES MOINES,POLK,,BUCHANAN ST & PENNSYLVANIA AVE,Collision with:  Vehicle in traffic,On Roadway,Broadside (front to side),FTYROW:  From stop sign,None Indicated,,Daylight,Dry,Cloudy,None apparent,Intersection:  Other intersection (explain in narrative),Paved,,Property Damage Only,0,0,0,0,0,0,8000,2,5,,POINT (-93.608871263739 41.597376783254)
2014808405,2014-46529,07/08/2014,07-July,3-Tuesday,09:24,0900 Hours,District 6 (East Central),DAVENPORT,SCOTT,,IA 461/BRADY ST & W CENTRAL PARK AVE & E CENTRAL PARK AVE,Collision with:  Vehicle in traffic,On Roadway,Rear-end (front to rear),Lost Control,None Indicated,,Daylight,Dry,Clear,None apparent,Intersection:  Other intersection (explain in narrative),Paved,,Minor Injury,0,3,0,1,2,0,13000,4,4,,POINT (-90.5722984895 41.545566501839)
2014850901,15-005403,07/08/2014,07-July,3-Tuesday,14:57,1400 Hours,District 5 (Southeast),,LOUISA,,Co Rd W66/COUNTY RD W 66,Collision with:  Vehicle in traffic,On Roadway,Rear-end (front to rear),Swerving/Evasive Action,None Indicated,,Daylight,Dry,Cloudy,None apparent,Non-intersection:  Non-junction/no special feature,Paved,,Minor Injury,0,2,0,2,0,0,12000,2,3,,POINT (-91.465872176157 41.259585760501)
2014807378,14015697,07/08/2014,07-July,3-Tuesday,13:10,1300 Hours,District 5 (Southeast),OSKALOOSA,MAHASKA,IA 92,IA 92/A AVE W & GATEWAY DR & CORNERSTONE DR,Collision with:  Vehicle in traffic,On Roadway,"Sideswipe, same direction",Followed too close,None Indicated,,Daylight,Dry,Clear,None apparent,Non-intersection:  Driveway access (within),Paved,,Property Damage Only,0,0,0,0,0,0,3000,2,3,,POINT (-92.669592876123 41.296185956506)
2014807157,14-0811,07/08/2014,07-July,3-Tuesday,10:40,1000 Hours,District 4 (Southwest),CLIVE,DALLAS,US 6,US 6/HICKMAN AVE,Collision with:  Vehicle in traffic,On Roadway,Rear-end (front to rear),Other (explain in narrative):  Other,None Indicated,,Daylight,Dry,Clear,None apparent,Non-intersection:  Non-junction/no special feature,Paved,,Property Damage Only,0,0,0,0,0,0,5300,3,3,,POINT (-93.815551165354 41.61488537683)
2014811244,2014039986,07/08/2014,07-July,3-Tuesday,16:34,1600 Hours,District 3 (Northwest),MILFORD,DICKINSON,US 71,US 71 & TERRACE PARK BLVD,Collision with:  Vehicle in traffic,On Roadway,Broadside (front to side),Exceeded authorized speed,None Indicated,,Daylight,Dry,Clear,None apparent,Intersection:  Four-way intersection,Paved,,Fatal,1,0,0,0,0,0,8000,2,2,,POINT (-95.148235676488 43.345255129039)
2014806862,14-3232,07/08/2014,07-July,3-Tuesday,17:45,1700 Hours,District 1 (Central),WEST DES MOINES,POLK,,PLEASANT ST & 50TH ST,Collision with:  Vehicle in traffic,On Roadway,Broadside (front to side),Other (explain in narrative):  Other,None Indicated,,Daylight,Dry,Clear,None apparent,Intersection:  T-intersection,Paved,,Property Damage Only,0,0,0,0,0,0,4000,2,3,,POINT (-93.771131091454 41.590791443321)
2014809833,2014006909,07/08/2014,07-July,3-Tuesday,12:53,1200 Hours,District 1 (Central),MARSHALLTOWN,MARSHALL,,E STATE ST & N 2ND AVE,Collision with:  Vehicle in traffic,On Roadway,Broadside (front to side),FTYROW:  From stop sign,None Indicated,,Daylight,Dry,Clear,None apparent,Intersection:  Four-way intersection,Paved,,Possible/Unknown,0,1,0,0,1,0,6500,2,3,,POINT (-92.909658049006 42.050390531353)
2014806880,14-028425,07/08/2014,07-July,3-Tuesday,11:57,1100 Hours,District 4 (Southwest),COUNCIL BLUFFS,POTTAWATTAMIE,US 275,US 275/OMAHA BRIDGE RD & DENMARK DR,Collision with:  Vehicle in traffic,On Roadway,Rear-end (front to rear),Lost Control,None Indicated,,Daylight,Dry,Cloudy,None apparent,Intersection:  Intersection with ramp,Paved,,Property Damage Only,0,0,0,0,0,0,1500,2,2,,POINT (-95.833891288781 41.219247876965)
2014806980,14-060708-01,07/08/2014,07-July,3-Tuesday,21:30,2100 Hours,District 6 (East Central),,IOWA,,Co Rd F67/323RD ST,Collision with:  Animal,,,Animal,None Indicated,,,,,,,Paved,,Property Damage Only,0,0,0,0,0,0,3000,1,1,,POINT (-91.972199893576 41.536064289594)
2014807168,14-1497,07/08/2014,07-July,3-Tuesday,21:51,2100 Hours,District 1 (Central),URBANDALE,POLK,IA 141,IA 141/IOWA 141,Collision with:  Vehicle in traffic,On Roadway,Rear-end (front to rear),Followed too close,None Indicated,,Dark - roadway lighted,Dry,Clear,None apparent,Non-intersection:  Non-junction/no special feature,Paved,,Property Damage Only,0,0,0,0,0,0,3000,2,2,,POINT (-93.774890625338 41.650294525571)
2014806835,201409743,07/08/2014,07-July,3-Tuesday,12:48,1200 Hours,District 6 (East Central),CEDAR RAPIDS,LINN,,7TH ST NE,Collision with:  Vehicle in traffic,On Roadway,"Sideswipe, same direction",Other (explain in narrative):  Other,None Indicated,,Daylight,Dry,Cloudy,None apparent,Intersection:  Other intersection (explain in narrative),Paved,,Property Damage Only,0,0,0,0,0,0,2600,2,2,,POINT (-91.664159336948 41.982804265058)
2014806988,2014007349,07/08/2014,07-July,3-Tuesday,16:31,1600 Hours,District 6 (East Central),IOWA CITY,JOHNSON,,BOYRUM ST & HIGHLAND AVE,Collision with:  Vehicle in traffic,On Roadway,Broadside (front to side),Unknown,None Indicated,,Daylight,Dry,Clear,None apparent,Intersection:  T-intersection,Paved,,Property Damage Only,0,0,0,0,0,0,7500,2,3,,POINT (-91.527601520687 41.645817065602)
2014808871,14-000803,07/08/2014,07-July,3-Tuesday,16:48,1600 Hours,District 1 (Central),,STORY,,590TH AVE,Collision with fixed object:  Tree,On Roadway,Non-collision (single vehicle),Driving too fast for conditions,None Indicated,,Daylight,"Mud, dirt",Clear,None apparent,Non-intersection:  Non-junction/no special feature,Unpaved,,Property Damage Only,0,0,0,0,0,0,5000,1,1,,POINT (-93.52164008557 42.039981933006)
2014806612,20140019329,07/08/2014,07-July,3-Tuesday,09:30,0900 Hours,District 1 (Central),DES MOINES,POLK,IA 163,IA 163/E UNIVERSITY AVE,Collision with:  Vehicle in traffic,On Roadway,"Sideswipe, same direction",FTYROW:  From stop sign,None Indicated,,Daylight,Dry,Clear,None apparent,Intersection:  Four-way intersection,Paved,,Property Damage Only,0,0,0,0,0,0,7000,2,4,,POINT (-93.566888717159 41.60046477125)
2014806903,2014-46549,07/08/2014,07-July,3-Tuesday,10:12,1000 Hours,District 6 (East Central),DAVENPORT,SCOTT,,W 14TH ST,Collision with:  Vehicle in traffic,On Roadway,Broadside (front to side),FTYROW:  Other (explain in narrative),None Indicated,,Daylight,Dry,Clear,None apparent,Non-intersection:  Alley,Paved,,Property Damage Only,0,0,0,0,0,0,10000,2,2,,POINT (-90.574580340263 41.533915360312)
2014807538,2014-14572,07/08/2014,07-July,3-Tuesday,16:11,1600 Hours,District 5 (Southeast),INDIANOLA,WARREN,US 65,US 65/N JEFFERSON WAY,Collision with:  Vehicle in traffic,On Roadway,Rear-end (front to rear),Lost Control,None Indicated,,Daylight,Dry,Clear,Work Zone (roadway-related),Non-intersection:  Non-junction/no special feature,Paved,Yes,Property Damage Only,0,0,0,0,0,0,2500,2,3,,POINT (-93.558623581616 41.380463063305)
2014806614,14-1489,07/08/2014,07-July,3-Tuesday,00:45,0000 Hours,District 4 (Southwest),URBANDALE,DALLAS,,WINSTON AVE,Collision with:  Parked motor vehicle,On Roadway,Rear-end (front to rear),Lost Control,None Indicated,,Dark - roadway lighted,Dry,Clear,None apparent,Non-intersection:  Non-junction/no special feature,Paved,,Property Damage Only,0,0,0,0,0,0,5000,2,1,,POINT (-93.834150714209 41.635972746791)