Iowa DOT Case Number,Law Enforcement Case Number,Date of Crash,Month of Crash,Day of Week,Time of Crash,Hour,DOT District,City Name,County Name,Route with System,Location Description,First Harmful Event,Location of First Harmful Event,Manner of Crash/Collision,Major Cause,Drug or Alcohol ,Environmental Conditions,Light Conditions,Surface Conditions,Weather Conditions,Roadway Contribution,Roadway Type,Roadway Surface,Work Zone,Crash Severity,Number of Fatalities,Number of Injuries,Number of Major Injuries,Number of Minor Injuries,Number of Possible Injuries,Number of Unknown Injuries,Amount of Property Damage,Number of Vehicles Involved,Total Number of Occupants,Travel Direction,Location
2014806604,20140019354,07/08/2014,07-July,3-Tuesday,12:40,1200 Hours,District 1 (Central),DES MOINES,POLK,US 6,US 6/FREDERICK M HUBBELL AVE & E DOUGLAS AVE,Collision with:  Vehicle in traffic,On Roadway,Broadside (front to side),FTYROW:  From stop sign,None Indicated,,Daylight,Dry,Clear,None apparent,Intersection:  Four-way intersection,Paved,,Property Damage Only,0,0,0,0,0,0,3000,2,5,,POINT (-93.543685543154 41.629598120802)
2014807624,14068336,07/08/2014,07-July,3-Tuesday,07:22,0700 Hours,District 2 (Northeast),CEDAR FALLS,BLACK HAWK,IA 27,IA 27,Collision with:  Vehicle in traffic,On Roadway,Rear-end (front to rear),Unknown,None Indicated,,Daylight,Dry,Clear,None apparent,Non-intersection:  Non-junction/no special feature,Paved,,Property Damage Only,0,0,0,0,0,0,11000,3,3,,POINT (-92.452003993598 42.502471619052)
2014807788,14-007062,07/08/2014,07-July,3-Tuesday,16:21,1600 Hours,District 3 (Northwest),,CARROLL,US 30,US 30,Collision with:  Vehicle in traffic,On Roadway,"Sideswipe, same direction",FTYROW:  From parked position,None Indicated,,Daylight,Dry,Cloudy,None apparent,Non-intersection:  Non-junction/no special feature,Paved,,Property Damage Only,0,0,0,0,0,0,11500,2,2,,POINT (-94.771181831034 42.063749394348)
2014806990,2014007351,07/08/2014,07-July,3-Tuesday,17:07,1700 Hours,District 6 (East Central),IOWA CITY,JOHNSON,,LOWER MUSCATINE RD,Collision with:  Vehicle in traffic,On Roadway,"Sideswipe, same direction",Improper or erratic lane changing,None Indicated,,Daylight,Dry,Clear,None apparent,Non-intersection:  Non-junction/no special feature,Paved,,Property Damage Only,0,0,0,0,0,0,4500,2,2,,POINT (-91.506544702282 41.64196062303)
2014807771,14068467,07/08/2014,07-July,3-Tuesday,15:40,1500 Hours,District 2 (Northeast),CEDAR FALLS,BLACK HAWK,,18TH ST & WALNUT ST,Collision with:  Vehicle in traffic,On Roadway,Rear-end (front to rear),Other (explain in narrative):  Other,None Indicated,,Daylight,Dry,Clear,None apparent,Intersection:  Four-way intersection,Paved,,Possible/Unknown,0,1,0,0,1,0,2300,2,2,,POINT (-92.453414320634 42.522201108268)
2014806982,14-150708-01,07/08/2014,07-July,3-Tuesday,21:30,2100 Hours,District 6 (East Central),,IOWA,,Co Rd V77/P AVE,Collision with:  Animal,,,Animal,None Indicated,,,,,,,Paved,,Property Damage Only,0,0,0,0,0,0,3500,1,1,,POINT (-92.006487977183 41.775773003388)
2014813996,,07/08/2014,07-July,3-Tuesday,20:25,2000 Hours,District 5 (Southeast),,MUSCATINE,,N ISETT AVE,Collision with:  Vehicle in traffic,Roadside,Rear-end (front to rear),Lost Control,None Indicated,,Daylight,Dry,Clear,None apparent,Intersection:  T-intersection,Paved,,Property Damage Only,0,0,0,0,0,0,2500,2,3,,POINT (-91.048637137652 41.460906984729)
2014808015,2014040072,07/08/2014,07-July,3-Tuesday,23:36,2300 Hours,District 5 (Southeast),,APPANOOSE,,Co Rd J18/HWY J18,Collision with:  Animal,On Roadway,Non-collision (single vehicle),Animal,None Indicated,,,,,,,Paved,,Property Damage Only,0,0,0,0,0,0,6018,1,1,,POINT (-92.913400984021 40.891867045557)
2014806906,2014-46758,07/08/2014,07-July,3-Tuesday,22:46,2200 Hours,District 6 (East Central),DAVENPORT,SCOTT,,W 17TH ST & N DIVISION ST,Collision with:  Vehicle in traffic,On Roadway,"Sideswipe, opposite direction",Crossed centerline (undivided),None Indicated,,Dark - roadway lighted,Dry,Clear,None apparent,Intersection:  Four-way intersection,Paved,,Possible/Unknown,0,2,0,0,2,0,18000,2,2,,POINT (-90.601152430145 41.536877755295)
2014806825,32053-14,07/08/2014,07-July,3-Tuesday,20:30,2000 Hours,District 3 (Northwest),,EMMET,,Co Rd A17/130 ST,Collision with:  Animal,,,Animal,None Indicated,,,,,,,Paved,,Property Damage Only,0,0,0,0,0,0,3500,1,1,,POINT (-94.857216007927 43.459564742023)
2014806879,14-028406,07/08/2014,07-July,3-Tuesday,08:25,0800 Hours,District 4 (Southwest),COUNCIL BLUFFS,POTTAWATTAMIE,I-29,I-29,Collision with:  Parked motor vehicle,On Roadway,Rear-end (front to rear),Swerving/Evasive Action,None Indicated,,Daylight,Dry,Clear,Work Zone (roadway-related),Non-intersection:  Non-junction/no special feature,Paved,Yes,Property Damage Only,0,0,0,0,0,0,4500,2,777,,POINT (-95.838228366359 41.230164831401)
2014807035,S14-002557,07/09/2014,07-July,4-Wednesday,01:43,0100 Hours,District 4 (Southwest),,POTTAWATTAMIE,,Co Rd G30/PINOAK RD,Collision with:  Animal,,,Animal,None Indicated,,,,,,,Paved,,Property Damage Only,0,0,0,0,0,0,1500,1,1,,POINT (-95.200638969868 41.404410645461)
2014806844,14-4550,07/09/2014,07-July,4-Wednesday,08:16,0800 Hours,District 1 (Central),,POLK,US 69,US 69/N 14TH ST,Collision with:  Vehicle in traffic,On Roadway,Head-on (front to front),FTYROW:  Making left turn,None Indicated,,Daylight,Dry,Clear,None apparent,Non-intersection:  Driveway access (within),Paved,,Property Damage Only,0,0,0,0,0,0,7000,2,2,,POINT (-93.600601087255 41.679853973244)
2014806865,14-3239,07/09/2014,07-July,4-Wednesday,08:42,0800 Hours,District 1 (Central),WEST DES MOINES,POLK,,8TH ST,Collision with:  Vehicle in traffic,On Roadway,Rear-end (front to rear),Driving too fast for conditions,None Indicated,,Daylight,Dry,Clear,None apparent,Non-intersection:  Non-junction/no special feature,Paved,,Property Damage Only,0,0,0,0,0,0,8000,2,5,,POINT (-93.713240791368 41.590813878095)
2014806833,201409785,07/09/2014,07-July,4-Wednesday,07:07,0700 Hours,District 6 (East Central),CEDAR RAPIDS,LINN,,WASHINGTON AVE SE & 16TH ST SE,Collision with:  Vehicle in traffic,On Roadway,Broadside (front to side),FTYROW:  From stop sign,None Indicated,,Daylight,Dry,Clear,None apparent,Intersection:  Four-way intersection,Paved,,Property Damage Only,0,0,0,0,0,0,4000,2,5,,POINT (-91.647982842228 41.985713072027)
2014807113,01-14-30111,07/09/2014,07-July,4-Wednesday,17:09,1700 Hours,District 6 (East Central),DUBUQUE,DUBUQUE,,GRANDVIEW AVE N,Collision with:  Vehicle in traffic,On Roadway,"Sideswipe, same direction",FTYROW:  Other (explain in narrative),None Indicated,,Daylight,Dry,Clear,None apparent,Non-intersection:  Non-junction/no special feature,Paved,,Property Damage Only,0,0,0,0,0,0,2000,2,3,,POINT (-90.686710917743 42.492280973329)
2014807073,14-21983,07/09/2014,07-July,4-Wednesday,16:46,1600 Hours,District 3 (Northwest),SIOUX CITY,WOODBURY,,W CLIFTON AVE & HAMILTON BLVD,Collision with:  Vehicle in traffic,On Roadway,Rear-end (front to rear),Followed too close,None Indicated,,Daylight,Dry,Clear,None apparent,Intersection:  T-intersection,Paved,,Property Damage Only,0,0,0,0,0,0,1800,2,2,,POINT (-96.413325284035 42.52690729153)
2014807019,20140019512,07/09/2014,07-July,4-Wednesday,14:52,1400 Hours,District 1 (Central),DES MOINES,POLK,,SW 9TH ST,Collision with:  Vehicle in traffic,On Roadway,Broadside (front to side),Ran Traffic Signal,None Indicated,,Daylight,Dry,Clear,None apparent,Intersection:  Four-way intersection,Paved,,Possible/Unknown,0,4,0,0,4,0,7000,2,6,,POINT (-93.625761091199 41.540909526097)
2014807474,14-0765,07/09/2014,07-July,4-Wednesday,15:20,1500 Hours,District 1 (Central),PLEASANT HILL,POLK,US 65,US 65,Collision with:  Vehicle in traffic,On Roadway,"Sideswipe, same direction",Other (explain in narrative):  Other,None Indicated,,Daylight,Dry,Clear,None apparent,Non-intersection:  Non-junction/no special feature,Paved,,Possible/Unknown,0,1,0,0,1,0,3000,2,2,,POINT (-93.513822314789 41.574376923792)
2014808940,1407090841,07/09/2014,07-July,4-Wednesday,08:41,0800 Hours,District 6 (East Central),,JONES,IA 64,IA 64/IOWA 64 & 160 AVE,Collision with:  Vehicle in traffic,On Roadway,Rear-end (front to rear),Other (explain in narrative):  Other,None Indicated,,Daylight,Dry,Clear,None apparent,Non-intersection:  Non-junction/no special feature,Paved,,Possible/Unknown,0,1,0,0,1,0,10000,2,2,,POINT (-91.190077658785 42.084741388571)
2014807057,14-2068,07/09/2014,07-July,4-Wednesday,16:30,1600 Hours,District 1 (Central),FORT DODGE,WEBSTER,,4TH AVE S & S 20TH ST,Collision with:  Vehicle in traffic,On Roadway,Broadside (front to side),Ran Stop Sign,None Indicated,,Daylight,Dry,Cloudy,None apparent,Intersection:  Four-way intersection,Paved,,Property Damage Only,0,0,0,0,0,0,3500,2,3,,POINT (-94.170806215442 42.502096787878)
2014807169,14-1502,07/09/2014,07-July,4-Wednesday,17:00,1700 Hours,District 1 (Central),URBANDALE,POLK,,DOUGLAS AVE,Collision with:  Vehicle in traffic,On Roadway,Rear-end (front to rear),Other (explain in narrative):  Other,None Indicated,,Daylight,Dry,Clear,None apparent,Intersection:  T-intersection,Paved,,Possible/Unknown,0,1,0,0,1,0,2600,2,6,,POINT (-93.704890026391 41.629389172141)
2014808796,K14-020741,07/09/2014,07-July,4-Wednesday,10:30,1000 Hours,District 5 (Southeast),KEOKUK,LEE,US 218,US 218/MAIN ST,Collision with:  Vehicle in traffic,On Roadway,"Sideswipe, opposite direction",Crossed centerline (undivided),None Indicated,,Daylight,Dry,Clear,None apparent,Non-intersection:  Non-junction/no special feature,Paved,,Property Damage Only,0,0,0,0,0,0,3000,2,2,,POINT (-91.410491732481 40.422911838274)
2014814889,2014-1250,07/09/2014,07-July,4-Wednesday,19:31,1900 Hours,District 6 (East Central),ASBURY,DUBUQUE,,HALES MILL RD,Collision with:  Vehicle in traffic,On Roadway,Rear-end (front to rear),Followed too close,None Indicated,,Dusk,Dry,Clear,None apparent,Non-intersection:  Non-junction/no special feature,Paved,,Property Damage Only,0,0,0,0,0,0,2500,2,3,,POINT (-90.755098290685 42.518388052387)
2014807626,14068751,07/09/2014,07-July,4-Wednesday,11:11,1100 Hours,District 2 (Northeast),CEDAR FALLS,BLACK HAWK,,SEERLEY BLVD & WALNUT ST,Collision with:  Vehicle in traffic,On Roadway,Broadside (front to side),FTYROW:  From stop sign,None Indicated,,Daylight,Dry,Clear,None apparent,Intersection:  Four-way intersection,Paved,,Property Damage Only,0,0,0,0,0,0,4000,2,2,,POINT (-92.453372111763 42.515869820249)
2014807134,C14002107,07/09/2014,07-July,4-Wednesday,19:35,1900 Hours,District 6 (East Central),CORALVILLE,JOHNSON,I-380,I-380,Collision with fixed object:  Guardrail - face,On Roadway,Non-collision (single vehicle),Swerving/Evasive Action,None Indicated,,Daylight,Dry,Clear,Other (explain in narrative),Non-intersection:  Non-junction/no special feature,Paved,,Property Damage Only,0,0,0,0,0,0,2500,2,2,,POINT (-91.642092124391 41.716336591175)
2014807647,14-005122,07/09/2014,07-July,4-Wednesday,11:10,1100 Hours,District 4 (Southwest),PERRY,DALLAS,IA 144,IA 144/1ST AVE & PARK ST,Collision with:  Vehicle in traffic,On Roadway,Rear-end (front to rear),Other (explain in narrative):  No improper action,None Indicated,,Daylight,Dry,Clear,None apparent,Non-intersection:  Driveway access (within),Paved,,Property Damage Only,0,0,0,0,0,0,1600,2,2,,POINT (-94.106559083546 41.849396848588)
2014810201,14070913RT01,07/09/2014,07-July,4-Wednesday,09:20,0900 Hours,District 5 (Southeast),OSCEOLA,CLARKE,I-35,I-35,Non-collision events:  Other non-collision (explain in narrative),On Roadway,Non-collision (single vehicle),Swerving/Evasive Action,None Indicated,,Daylight,Dry,Clear,None apparent,"Interchange-related:  Off-ramp, diverge area",Paved,,Property Damage Only,0,0,0,0,0,0,1500,1,1,,POINT (-93.79475563639 41.02520280819)
2014806968,14-10134,07/09/2014,07-July,4-Wednesday,16:53,1600 Hours,District 3 (Northwest),SPENCER,CLAY,US 18,US 18/32ND AVE W PROPOSED US18 & Co Rd M44/200TH AVE,Collision with:  Vehicle in traffic,On Roadway,Broadside (front to side),Ran Stop Sign,None Indicated,,Daylight,Dry,Clear,None apparent,Intersection:  Four-way intersection,Paved,,Property Damage Only,0,0,0,0,0,0,5000,2,2,,POINT (-95.191432869367 43.147880617158)
2014807023,20140019536,07/09/2014,07-July,4-Wednesday,16:40,1600 Hours,District 1 (Central),DES MOINES,POLK,IA 163,IA 163/E UNIVERSITY AVE,Collision with:  Vehicle in traffic,On Roadway,Rear-end (front to rear),Followed too close,None Indicated,,Daylight,Dry,Clear,None apparent,Non-intersection:  Non-junction/no special feature,Paved,,Possible/Unknown,0,1,0,0,1,0,2805,2,2,,POINT (-93.561501077261 41.600500218704)
2014807800,01-14-30070,07/09/2014,07-July,4-Wednesday,12:32,1200 Hours,District 6 (East Central),DUBUQUE,DUBUQUE,US 20,US 20/DODGE ST & DEVON DR,Collision with fixed object:  Guardrail - face,Shoulder,Non-collision (single vehicle),Ran Traffic Signal,None Indicated,,Daylight,Dry,Clear,None apparent,Intersection:  Four-way intersection,Paved,,Possible/Unknown,0,1,0,0,1,0,7578,1,1,,POINT (-90.701368712985 42.491414367402)
2014807508,2014-47083,07/09/2014,07-July,4-Wednesday,20:49,2000 Hours,District 6 (East Central),DAVENPORT,SCOTT,,E 53RD ST & ELMORE AVE,Collision with:  Vehicle in traffic,On Roadway,Broadside (front to side),Ran Traffic Signal,None Indicated,,Dark - roadway lighted,Dry,Cloudy,None apparent,Intersection:  Four-way intersection,Paved,,Minor Injury,0,2,0,2,0,0,14000,2,2,,POINT (-90.528562666574 41.574868587603)
2014810473,CL14002348,07/09/2014,07-July,4-Wednesday,16:37,1600 Hours,District 6 (East Central),CLINTON,CLINTON,,5TH AVE S & S 4TH ST,Collision with:  Vehicle in traffic,On Roadway,Broadside (front to side),FTYROW:  From stop sign,None Indicated,,Daylight,Dry,Clear,None apparent,Intersection:  Four-way intersection,Paved,,Property Damage Only,0,0,0,0,0,0,3000,2,3,,POINT (-90.193248631233 41.841179771481)
2014807055,14-2070,07/09/2014,07-July,4-Wednesday,22:08,2200 Hours,District 1 (Central),FORT DODGE,WEBSTER,,S 15TH ST,Collision with:  Vehicle in traffic,On Roadway,Rear-end (front to rear),Other (explain in narrative):  Other,Refused,,Dark - roadway lighted,Dry,Cloudy,None apparent,Non-intersection:  Non-junction/no special feature,Paved,,Property Damage Only,0,0,0,0,0,0,5800,2,3,,POINT (-94.172140016818 42.505739469539)
2014807018,20140019510,07/09/2014,07-July,4-Wednesday,14:27,1400 Hours,District 1 (Central),DES MOINES,POLK,,PARK ST & 6TH AVE,Collision with:  Vehicle in traffic,On Roadway,"Sideswipe, same direction",Made improper turn,None Indicated,,Daylight,Dry,Clear,None apparent,Non-intersection:  Non-junction/no special feature,Paved,,Property Damage Only,0,0,0,0,0,0,4000,2,3,,POINT (-93.625639910197 41.590504300418)
2014807705,SA1405412,07/09/2014,07-July,4-Wednesday,14:52,1400 Hours,District 5 (Southeast),KALONA,WASHINGTON,IA 1,IA 1/1ST ST,Collision with:  Vehicle in traffic,On Roadway,Rear-end (front to rear),Followed too close,None Indicated,,Daylight,Dry,Clear,None apparent,Non-intersection:  Non-junction/no special feature,Paved,,Major Injury,0,2,1,0,1,0,17500,3,3,,POINT (-91.714464373829 41.481509328785)
2014856950,14-120709-01,07/09/2014,07-July,4-Wednesday,10:34,1000 Hours,District 6 (East Central),NORTH ENGLISH,IOWA,IA 149,IA 149/ELM ST & MAIN ST,Collision with:  Vehicle in traffic,On Roadway,Broadside (front to side),FTYROW:  From stop sign,None Indicated,,Daylight,Dry,Cloudy,None apparent,Intersection:  Four-way intersection,Paved,,Possible/Unknown,0,1,0,0,1,0,6000,2,4,,POINT (-92.076441217735 41.511962606334)
2014807209,2014-46992,07/09/2014,07-July,4-Wednesday,14:23,1400 Hours,District 6 (East Central),DAVENPORT,SCOTT,,W HAYES ST & N DIVISION ST,Collision with:  Vehicle in traffic,On Roadway,Broadside (front to side),FTYROW:  From stop sign,None Indicated,,Daylight,Dry,Clear,None apparent,Intersection:  Four-way intersection,Paved,,Property Damage Only,0,0,0,0,0,0,10000,2,2,,POINT (-90.600898140152 41.54731989974)
2014807022,20140019529,07/09/2014,07-July,4-Wednesday,16:01,1600 Hours,District 1 (Central),DES MOINES,POLK,US 6,US 6/MERLE HAY RD,Collision with:  Vehicle in traffic,On Roadway,"Sideswipe, same direction",FTYROW:  Other (explain in narrative),None Indicated,,Daylight,Dry,Clear,None apparent,Non-intersection:  Non-junction/no special feature,Paved,,Possible/Unknown,0,1,0,0,1,0,4300,2,4,,POINT (-93.697746117635 41.625974001781)
2014814264,,07/09/2014,07-July,4-Wednesday,13:06,1300 Hours,District 2 (Northeast),DECORAH,WINNESHIEK,IA 9,IA 9/IOWA 9 & RIDGEWOOD DR,Collision with:  Vehicle in traffic,On Roadway,Rear-end (front to rear),Followed too close,None Indicated,,Daylight,Dry,Clear,None apparent,Intersection:  T-intersection,Paved,,Possible/Unknown,0,2,0,0,2,0,19000,2,2,,POINT (-91.773794974207 43.290670269304)
2014807897,2014040121,07/09/2014,07-July,4-Wednesday,11:50,1100 Hours,District 1 (Central),DES MOINES,POLK,US 69,US 69/E 15TH ST & DES MOINES ST,Collision with:  Vehicle in traffic,On Roadway,"Angle, oncoming left turn",FTYROW:  Making left turn,None Indicated,,Daylight,Dry,Clear,None apparent,Intersection:  Other intersection (explain in narrative),Paved,,Minor Injury,0,2,0,2,0,0,5500,2,3,,POINT (-93.595686136974 41.594995886169)
2014806746,W14-068673,07/09/2014,07-July,4-Wednesday,03:08,0300 Hours,District 2 (Northeast),WATERLOO,BLACK HAWK,,CRESCENT PL & COLUMBIA ST,Collision with fixed object:  Utility pole/light support,On Roadway,Non-collision (single vehicle),Other (explain in narrative):  Other,None Indicated,,Dark - roadway lighted,Dry,Clear,None apparent,Intersection:  Four-way intersection,Paved,,Possible/Unknown,0,2,0,0,1,1,4100,1,1,,POINT (-92.342598015604 42.508461499685)
2014809122,14-020700,07/09/2014,07-July,4-Wednesday,00:29,0000 Hours,District 5 (Southeast),,LEE,US 218,US 218,Collision with:  Animal,,,Animal,None Indicated,,,,,,,Paved,,Property Damage Only,0,0,0,0,0,0,2500,1,1,,POINT (-91.564716368483 40.691247679747)
2014807376,059-14,07/09/2014,07-July,4-Wednesday,05:25,0500 Hours,District 4 (Southwest),,MADISON,,Co Rd G68/TRURO RD,Collision with:  Animal,,,Animal,None Indicated,,,,,,,Paved,,Property Damage Only,0,0,0,0,0,0,1500,1,1,,POINT (-93.829583504739 41.21061972149)
2014810992,143816,07/09/2014,07-July,4-Wednesday,16:24,1600 Hours,District 1 (Central),,HARDIN,,X AVE,Collision with fixed object:  Ditch,On Roadway,Non-collision (single vehicle),Swerving/Evasive Action,None Indicated,,Daylight,Dry,Cloudy,Other (explain in narrative),Non-intersection:  Non-junction/no special feature,Unpaved,,Property Damage Only,0,0,0,0,0,0,3000,1,1,,POINT (-93.046249758231 42.386983056222)
2014809861,20140709EEP1,07/09/2014,07-July,4-Wednesday,14:55,1400 Hours,District 5 (Southeast),OSCEOLA,CLARKE,US 69,US 69/N MAIN ST,Collision with:  Vehicle in traffic,On Roadway,Broadside (front to side),FTYROW:  At uncontrolled intersection,None Indicated,,Daylight,Dry,Cloudy,None apparent,Non-intersection:  Alley,Paved,,Property Damage Only,0,0,0,0,0,0,2000,2,3,,POINT (-93.76567355744 41.035524760733)
2014807148,1400000597,07/09/2014,07-July,4-Wednesday,00:50,0000 Hours,District 1 (Central),,MARSHALL,,Co Rd E41/MARSHALLTOWN BLVD,Unknown,Unknown,Non-collision (single vehicle),Unknown,None Indicated,,Unknown,Unknown,Unknown,Unknown,Unknown,Paved,,Possible/Unknown,0,1,0,0,0,1,10000,1,1,,POINT (-92.994213632583 42.028404789582)
2014806960,W14-068759,07/09/2014,07-July,4-Wednesday,11:44,1100 Hours,District 2 (Northeast),WATERLOO,BLACK HAWK,US 218,US 218/WASHINGTON ST & HAWTHORNE AVE,Collision with:  Vehicle in traffic,On Roadway,Rear-end (front to rear),Improper or erratic lane changing,None Indicated,,Daylight,Dry,Clear,None apparent,Non-intersection:  Non-junction/no special feature,Paved,,Property Damage Only,0,0,0,0,0,0,2700,2,3,,POINT (-92.323695863766 42.481261968186)
2014808271,CL14002347,07/09/2014,07-July,4-Wednesday,15:04,1500 Hours,District 6 (East Central),CLINTON,CLINTON,,14TH AVE N & PERSHING BLVD,Collision with:  Parked motor vehicle,Shoulder,"Sideswipe, same direction",Unknown,None Indicated,,Daylight,Dry,Clear,None apparent,Non-intersection:  Non-junction/no special feature,Paved,,Property Damage Only,0,0,0,0,0,0,3000,2,1,,POINT (-90.185748955826 41.86005216659)
2014813341,144831,07/09/2014,07-July,4-Wednesday,23:45,2300 Hours,District 4 (Southwest),,DALLAS,,Co Rd F51/270TH ST,Collision with:  Animal,,Non-collision (single vehicle),Animal,None Indicated,,,,,,,Paved,,Property Damage Only,0,0,0,0,0,0,2000,1,1,,POINT (-94.21414507336 41.644007802693)
2014807133,C14002105,07/09/2014,07-July,4-Wednesday,16:01,1600 Hours,District 6 (East Central),CORALVILLE,JOHNSON,US 6,US 6/2ND ST,Collision with:  Vehicle in traffic,On Roadway,Rear-end (front to rear),Followed too close,None Indicated,,Daylight,Dry,Clear,None apparent,Non-intersection:  Non-junction/no special feature,Paved,,Possible/Unknown,0,1,0,0,1,0,1300,2,3,,POINT (-91.572911108739 41.671211581144)
2014809123,14-020810,07/09/2014,07-July,4-Wednesday,21:44,2100 Hours,District 5 (Southeast),,LEE,US 218,US 218,Collision with:  Animal,,Non-collision (single vehicle),Animal,None Indicated,,,,,,,Paved,,Property Damage Only,0,0,0,0,0,0,2000,1,1,,POINT (-91.484509470289 40.548070729296)
2014807137,2014007375,07/09/2014,07-July,4-Wednesday,11:47,1100 Hours,District 6 (East Central),IOWA CITY,JOHNSON,US 6,US 6,Collision with:  Vehicle in traffic,On Roadway,Rear-end (front to rear),Followed too close,None Indicated,,Daylight,Dry,Clear,None apparent,Non-intersection:  Non-junction/no special feature,Paved,,Property Damage Only,0,0,0,0,0,0,2800,3,4,,POINT (-91.558383093308 41.666040445075)
2014815783,EP14001271,07/09/2014,07-July,4-Wednesday,11:30,1100 Hours,District 2 (Northeast),EAGLE GROVE,WRIGHT,IA 17,IA 17/N COMMERCIAL AVE,Collision with:  Vehicle in traffic,On Roadway,"Sideswipe, opposite direction",FTYROW:  From stop sign,None Indicated,,Daylight,Dry,Clear,None apparent,Intersection:  Four-way intersection,Paved,,Property Damage Only,0,0,0,0,0,0,2000,2,2,,POINT (-93.904481771369 42.665268158333)
2014807337,14-17627,07/09/2014,07-July,4-Wednesday,14:58,1400 Hours,District 1 (Central),NEWTON,JASPER,IA 14,IA 14/IOWA 14 S & S 32ND AVE W,Collision with:  Vehicle in traffic,On Roadway,Broadside (front to side),FTYROW:  Other (explain in narrative),None Indicated,,Daylight,Dry,Clear,None apparent,Non-intersection:  Non-junction/no special feature,Paved,,Possible/Unknown,0,1,0,0,1,0,4000,2,3,,POINT (-93.076498310897 41.670364020991)
2014807531,201400033192,07/09/2014,07-July,4-Wednesday,21:30,2100 Hours,District 5 (Southeast),OTTUMWA,WAPELLO,,W FINLEY AVE & S WILLARD ST & N WILLARD ST,Collision with:  Vehicle in traffic,On Roadway,Broadside (front to side),Ran Stop Sign,None Indicated,,Dark - roadway not lighted,Dry,Clear,None apparent,Intersection:  Four-way intersection,Paved,,Property Damage Only,0,0,0,0,0,0,3000,2,3,,POINT (-92.42471356509 41.002167196401)
2014807032,14-3250,07/09/2014,07-July,4-Wednesday,14:06,1400 Hours,District 1 (Central),WEST DES MOINES,POLK,I-35,I-35,Collision with:  Vehicle in traffic,On Roadway,Rear-end (front to rear),Followed too close,None Indicated,,Daylight,Dry,Cloudy,Work Zone (roadway-related),Interchange-related:  On-ramp,Paved,Yes,Property Damage Only,0,0,0,0,0,0,1600,2,3,,POINT (-93.776481044196 41.562652865972)
2014809817,20142471,07/09/2014,07-July,4-Wednesday,22:16,2200 Hours,District 1 (Central),,GRUNDY,US 20,US 20 & H AVE,Collision with:  Animal,Shoulder,Non-collision (single vehicle),Animal,None Indicated,,Dark - roadway not lighted,Dry,Clear,None apparent,Non-intersection:  Other non-intersection (explain in narrative),Paved,,Property Damage Only,0,0,0,0,0,0,3000,1,1,,POINT (-92.886041024923 42.463585779921)
2014807727,2014040238,07/09/2014,07-July,4-Wednesday,22:30,2200 Hours,District 4 (Southwest),,POTTAWATTAMIE,I-29,I-29,Collision with:  Animal,,Non-collision (single vehicle),Animal,None Indicated,,,,,,,Paved,,Property Damage Only,0,0,0,0,0,0,4000,1,1,,POINT (-95.823673819253 41.174448732069)
2014809684,PD1405886,07/09/2014,07-July,4-Wednesday,09:25,0900 Hours,District 5 (Southeast),FAIRFIELD,JEFFERSON,,E LOWE AVE & N D ST,Collision with:  Vehicle in traffic,On Roadway,Broadside (front to side),FTYROW:  From stop sign,None Indicated,,Daylight,Dry,Clear,None apparent,Intersection:  Four-way intersection,Paved,,Property Damage Only,0,0,0,0,0,0,2900,2,3,,POINT (-91.958519048544 41.01195031847)
2014806976,32054-14,07/09/2014,07-July,4-Wednesday,15:38,1500 Hours,District 3 (Northwest),,EMMET,IA 9,IA 9/IOWA 9,Collision with:  Vehicle in traffic,On Roadway,"Angle, oncoming left turn",FTYROW:  Making left turn,None Indicated,,Daylight,Dry,Clear,None apparent,Non-intersection:  Driveway access (within),Paved,,Minor Injury,0,2,0,2,0,0,11000,2,3,,POINT (-94.494505417964 43.39261393295)
2014807033,14-3258,07/09/2014,07-July,4-Wednesday,17:10,1700 Hours,District 1 (Central),WEST DES MOINES,POLK,,MILLS CIVIC PKWY,Collision with:  Vehicle in traffic,On Roadway,Rear-end (front to rear),Other (explain in narrative):  Other,None Indicated,,Daylight,Dry,Clear,None apparent,Non-intersection:  Non-junction/no special feature,Paved,,Property Damage Only,0,0,0,0,0,0,6000,2,2,,POINT (-93.779736466629 41.559108998495)
2014808872,14-000804,07/09/2014,07-July,4-Wednesday,00:34,0000 Hours,District 1 (Central),,STORY,US 69,US 69,Collision with:  Animal,,,Animal,None Indicated,,,,,,,Paved,,Property Damage Only,0,0,0,0,0,0,3500,1,1,,POINT (-93.620379933724 42.153287341104)
2014807028,20140019562,07/09/2014,07-July,4-Wednesday,21:18,2100 Hours,District 1 (Central),DES MOINES,POLK,,LOCUST ST & 15TH ST,Collision with:  Vehicle in traffic,On Roadway,"Angle, oncoming left turn",FTYROW:  Making left turn,None Indicated,,Dark - roadway lighted,Dry,Cloudy,None apparent,Intersection:  Other intersection (explain in narrative),Paved,,Minor Injury,0,2,0,2,0,0,6000,2,6,,POINT (-93.636737375598 41.584327451603)
2014807692,14-008152,07/09/2014,07-July,4-Wednesday,01:38,0100 Hours,District 1 (Central),,TAMA,US 63,US 63,Collision with:  Animal,,Non-collision (single vehicle),Animal,None Indicated,,,,,,,Paved,,Property Damage Only,0,0,0,0,0,0,2000,1,1,,POINT (-92.581449611879 42.030172678971)
2014807021,20140019527,07/09/2014,07-July,4-Wednesday,15:40,1500 Hours,District 1 (Central),DES MOINES,POLK,,PARK AVE & SW 31ST ST,Collision with:  Vehicle in traffic,On Roadway,Broadside (front to side),"Operating vehicle in an reckless, erratic, careless, negligent manner",None Indicated,,Daylight,Dry,Cloudy,None apparent,Intersection:  T-intersection,Paved,,Property Damage Only,0,0,0,0,0,0,1800,2,2,,POINT (-93.659442350863 41.555520311753)