Iowa DOT Case Number,Law Enforcement Case Number,Date of Crash,Month of Crash,Day of Week,Time of Crash,Hour,DOT District,City Name,County Name,Route with System,Location Description,First Harmful Event,Location of First Harmful Event,Manner of Crash/Collision,Major Cause,Drug or Alcohol ,Environmental Conditions,Light Conditions,Surface Conditions,Weather Conditions,Roadway Contribution,Roadway Type,Roadway Surface,Work Zone,Crash Severity,Number of Fatalities,Number of Injuries,Number of Major Injuries,Number of Minor Injuries,Number of Possible Injuries,Number of Unknown Injuries,Amount of Property Damage,Number of Vehicles Involved,Total Number of Occupants,Travel Direction,Location
2014807735,2014040228,07/09/2014,07-July,4-Wednesday,21:40,2100 Hours,District 1 (Central),,JASPER,I-80,I-80,Collision with:  Animal,,Non-collision (single vehicle),Animal,None Indicated,,,,,,,Paved,,Property Damage Only,0,0,0,0,0,0,3500,1,1,,POINT (-92.956806617959 41.680703587378)
2014807038,14-028703,07/09/2014,07-July,4-Wednesday,22:35,2200 Hours,District 4 (Southwest),COUNCIL BLUFFS,POTTAWATTAMIE,,E BROADWAY & FRANK ST,Collision with:  Vehicle in traffic,On Roadway,Broadside (front to side),"Operating vehicle in an reckless, erratic, careless, negligent manner",None Indicated,,Dark - roadway lighted,Dry,Clear,None apparent,Intersection:  Four-way intersection,Paved,,Property Damage Only,0,0,0,0,0,0,3000,2,4,,POINT (-95.839439051267 41.266376663475)
2014812844,14-004852,07/09/2014,07-July,4-Wednesday,02:20,0200 Hours,District 3 (Northwest),,PALO ALTO,US 18,US 18/360 ST,Non-collision events:  Overturn/rollover,On Roadway,Non-collision (single vehicle),Swerving/Evasive Action,None Indicated,,Dark - roadway not lighted,Dry,Cloudy,None apparent,Non-intersection:  Non-junction/no special feature,Paved,,Property Damage Only,0,0,0,0,0,0,10000,1,1,,POINT (-94.746361338075 43.126565543744)
2014806908,2014-46973,07/09/2014,07-July,4-Wednesday,12:40,1200 Hours,District 6 (East Central),DAVENPORT,SCOTT,,ONEIDA AVE,Collision with:  Vehicle in traffic,On Roadway,"Sideswipe, same direction",Other (explain in narrative):  Other,None Indicated,,Daylight,Dry,Clear,None apparent,Non-intersection:  Non-junction/no special feature,Paved,,Property Damage Only,0,0,0,0,0,0,3000,2,2,,POINT (-90.559776999192 41.529459063652)
2014808406,2014-46978,07/09/2014,07-July,4-Wednesday,12:56,1200 Hours,District 6 (East Central),DAVENPORT,SCOTT,,W CENTRAL PARK AVE & CEDAR ST,Collision with:  Vehicle in traffic,On Roadway,"Sideswipe, same direction","Operating vehicle in an reckless, erratic, careless, negligent manner",None Indicated,,Daylight,Dry,Clear,None apparent,Intersection:  T-intersection,Paved,,Minor Injury,0,2,0,2,0,0,4000,3,3,,POINT (-90.608732946248 41.545528789838)
2014808187,14-003209,07/09/2014,07-July,4-Wednesday,06:43,0600 Hours,District 1 (Central),AMES,STORY,,GREENSBORO DR & STANGE RD,Collision with:  Vehicle in traffic,On Roadway,"Sideswipe, same direction",Improper or erratic lane changing,None Indicated,,Daylight,Dry,Clear,None apparent,Non-intersection:  Non-junction/no special feature,Paved,,Property Damage Only,0,0,0,0,0,0,2050,2,2,,POINT (-93.644845310884 42.043841111689)
2014807738,2014040364,07/10/2014,07-July,5-Thursday,14:15,1400 Hours,District 5 (Southeast),,DES MOINES,US 61,US 61 & Co Rd H40/PLEASANT GROVE RD,Collision with:  Vehicle in traffic,On Roadway,Rear-end (front to rear),Followed too close,None Indicated,,Daylight,Dry,Clear,None apparent,Intersection:  Four-way intersection,Paved,,Possible/Unknown,0,1,0,0,1,0,3000,2,4,,POINT (-91.170127456384 40.971962382941)
2014807241,2014040255,07/10/2014,07-July,5-Thursday,07:24,0700 Hours,District 6 (East Central),,SCOTT,I-80,I-80,Collision with:  Vehicle in traffic,On Roadway,"Sideswipe, same direction",Crossed centerline (undivided),None Indicated,,Daylight,Dry,Clear,None apparent,Non-intersection:  Non-junction/no special feature,Paved,,Property Damage Only,0,0,0,0,0,0,2100,2,2,,POINT (-90.426731793075 41.597598540662)
2014807729,2014040339,07/10/2014,07-July,5-Thursday,12:55,1200 Hours,District 5 (Southeast),,HENRY,,275TH ST,Non-collision events:  Other non-collision (explain in narrative),On Roadway,Non-collision (single vehicle),Swerving/Evasive Action,None Indicated,,Daylight,"Mud, dirt",Clear,None apparent,Non-intersection:  Non-junction/no special feature,Unpaved,,Possible/Unknown,0,1,0,0,1,0,1000,1,1,,POINT (-91.638854237298 40.908594163005)
2014807140,201409871,07/10/2014,07-July,5-Thursday,11:58,1100 Hours,District 6 (East Central),CEDAR RAPIDS,LINN,IA 922,IA 922/1ST AVE E,Collision with:  Vehicle in traffic,On Roadway,"Sideswipe, same direction",Other (explain in narrative):  Other,None Indicated,,Daylight,Dry,Clear,None apparent,Non-intersection:  Other non-intersection (explain in narrative),Paved,,Property Damage Only,0,0,0,0,0,0,2000,2,2,,POINT (-91.663249300356 41.981875014784)
2014807368,14014406,07/10/2014,07-July,5-Thursday,23:10,2300 Hours,District 6 (East Central),MARION,LINN,,9TH AVE,Collision with fixed object:  Traffic sign support,Outside trafficway,Non-collision (single vehicle),Driving too fast for conditions,None Indicated,,Dark - roadway lighted,Dry,Clear,None apparent,Intersection:  Four-way intersection,Paved,,Minor Injury,0,1,0,1,0,0,3100,1,1,,POINT (-91.604327638495 42.035058804674)
2014807578,2014040398,07/10/2014,07-July,5-Thursday,15:55,1500 Hours,District 3 (Northwest),SHELDON,OBRIEN,US 18,US 18/PARK ST & PARK ROW AVE & D ST,Collision with:  Vehicle in traffic,On Roadway,Rear-end (front to rear),Driving too fast for conditions,None Indicated,,Daylight,Dry,Cloudy,None apparent,Intersection:  Four-way intersection,Paved,,Property Damage Only,0,0,0,0,0,0,4500,2,3,,POINT (-95.859686703847 43.185813035457)
2014809453,2014040323,07/10/2014,07-July,5-Thursday,10:31,1000 Hours,District 1 (Central),,TAMA,US 63,US 63 & Co Rd E29/HWY E29,Collision with:  Vehicle in traffic,On Roadway,Broadside (front to side),FTYROW:  From stop sign,None Indicated,,Daylight,Dry,Clear,None apparent,Intersection:  Four-way intersection,Paved,,Property Damage Only,0,0,0,0,0,0,8000,2,2,,POINT (-92.581333787665 42.101161799257)
2014807268,,07/10/2014,07-July,5-Thursday,00:56,0000 Hours,District 5 (Southeast),,LUCAS,IA 14,IA 14,Collision with:  Animal,On Roadway,Non-collision (single vehicle),Animal,None Indicated,,Dark - roadway not lighted,Dry,Clear,None apparent,Non-intersection:  Non-junction/no special feature,Paved,,Property Damage Only,0,0,0,0,0,0,1500,1,2,,POINT (-93.303392899796 41.056558897597)
2014822431,14-10408,07/10/2014,07-July,5-Thursday,13:08,1300 Hours,District 6 (East Central),,DUBUQUE,,Co Rd Y21/SUNDOWN RD & HUMKE RD,Collision with:  Vehicle in traffic,On Roadway,Broadside (front to side),Ran Stop Sign,None Indicated,,Daylight,Dry,Cloudy,None apparent,Intersection:  Four-way intersection,Paved,,Possible/Unknown,0,1,0,0,0,1,4100,2,2,,POINT (-90.833847971693 42.49016883247)
2014808221,,07/10/2014,07-July,5-Thursday,15:55,1500 Hours,District 6 (East Central),LISBON,LINN,US 30,US 30/W US 30,Collision with:  Vehicle in traffic,On Roadway,Rear-end (front to rear),Other (explain in narrative):  Other,None Indicated,,Daylight,Dry,Clear,None apparent,Non-intersection:  Non-junction/no special feature,Paved,,Property Damage Only,0,0,0,0,0,0,6500,2,2,,POINT (-91.388778200329 41.917836477769)
2014807099,W14-069158,07/10/2014,07-July,5-Thursday,12:46,1200 Hours,District 2 (Northeast),WATERLOO,BLACK HAWK,,WOODMAYR DR,Collision with:  Parked motor vehicle,On Roadway,Unknown,Unknown,None Indicated,,Daylight,Dry,Clear,None apparent,Non-intersection:  Driveway access (within),Paved,,Property Damage Only,0,0,0,0,0,0,2000,2,1,,POINT (-92.37468968488 42.52859795729)
2014807159,20140019683,07/10/2014,07-July,5-Thursday,22:43,2200 Hours,District 1 (Central),DES MOINES,POLK,,ARMY POST RD & SW 11TH ST,Collision with:  Vehicle in traffic,On Roadway,"Angle, oncoming left turn",FTYROW:  From stop sign,None Indicated,,Dark - roadway lighted,Dry,Clear,None apparent,Intersection:  T-intersection,Paved,,Property Damage Only,0,0,0,0,0,0,8000,2,2,,POINT (-93.628379152807 41.526510535046)
2014807161,20140019588,07/10/2014,07-July,5-Thursday,05:41,0500 Hours,District 1 (Central),DES MOINES,POLK,,CENTER ST & 24TH ST,Collision with fixed object:  Concrete traffic barrier (median or right side),On Roadway,Non-collision (single vehicle),Driving too fast for conditions,None Indicated,,Dawn,Dry,Clear,None apparent,Non-intersection:  Non-junction/no special feature,Paved,,Minor Injury,0,1,0,1,0,0,5000,1,4,,POINT (-93.649707697301 41.591676859117)
2014810991,143837,07/10/2014,07-July,5-Thursday,10:30,1000 Hours,District 1 (Central),,HARDIN,,150TH ST,Non-collision events:  Overturn/rollover,Roadside,Non-collision (single vehicle),Ran off road - right,None Indicated,,Daylight,"Mud, dirt",Clear,Other (explain in narrative),Non-intersection:  Non-junction/no special feature,Unpaved,,Major Injury,0,1,1,0,0,0,19000,1,1,,POINT (-93.471714520556 42.485420659669)
2014807178,14-028793,07/10/2014,07-July,5-Thursday,12:34,1200 Hours,District 4 (Southwest),COUNCIL BLUFFS,POTTAWATTAMIE,IA 192,IA 192/S 6TH ST & W BROADWAY & BROADWAY KANESVILLE CONN,Collision with:  Vehicle in traffic,On Roadway,Broadside (front to side),Ran Traffic Signal,None Indicated,,Daylight,Dry,Clear,None apparent,Intersection:  Four-way intersection,Paved,,Minor Injury,0,2,0,2,0,0,6000,2,4,,POINT (-95.852022907719 41.261228959596)
2014807165,20140019637,07/10/2014,07-July,5-Thursday,14:30,1400 Hours,District 1 (Central),DES MOINES,POLK,,FOREST AVE,Collision with:  Parked motor vehicle,Unknown,Unknown,Unknown,None Indicated,,Daylight,Dry,Clear,None apparent,Non-intersection:  Non-junction/no special feature,Paved,,Property Damage Only,0,0,0,0,0,0,2000,2,1,,POINT (-93.677312399637 41.603992553093)
2014807228,14-22115,07/10/2014,07-July,5-Thursday,14:50,1400 Hours,District 3 (Northwest),SIOUX CITY,WOODBURY,,JONES ST,Collision with:  Parked motor vehicle,On Roadway,Rear-end (front to rear),Driver Distraction:  Manual operation of an electronic communication device,None Indicated,,Daylight,Dry,Clear,None apparent,Non-intersection:  Non-junction/no special feature,Paved,,Property Damage Only,0,0,0,0,0,0,5000,2,1,,POINT (-96.400979754759 42.517243805369)
2014808713,14-7968,07/10/2014,07-July,5-Thursday,12:45,1200 Hours,District 3 (Northwest),,SIOUX,,Co Rd K64/JACKSON AVE,Collision with:  Vehicle in traffic,On Roadway,Rear-end (front to rear),Followed too close,None Indicated,,Daylight,Dry,Cloudy,None apparent,Non-intersection:  Non-junction/no special feature,Paved,,Minor Injury,0,2,0,2,0,0,6000,2,2,,POINT (-96.057078327528 43.068640195508)
2014807424,20140019659,07/10/2014,07-July,5-Thursday,18:30,1800 Hours,District 1 (Central),DES MOINES,POLK,IA 415,IA 415/2ND AVE & DOUGLAS AVE & E DOUGLAS AVE,Collision with:  Vehicle in traffic,On Roadway,Rear-end (front to rear),Followed too close,None Indicated,,Daylight,Dry,Clear,None apparent,Non-intersection:  Non-junction/no special feature,Paved,,Property Damage Only,0,0,0,0,0,0,5000,3,3,,POINT (-93.619918488948 41.62953654645)
2014807013,14-4581,07/10/2014,07-July,5-Thursday,11:24,1100 Hours,District 1 (Central),ANKENY,POLK,,NW 26TH ST & NW 87TH AVE,Non-collision events:  Other non-collision (explain in narrative),On Roadway,Non-collision (single vehicle),Improper Backing,None Indicated,,Daylight,Dry,Clear,None apparent,Non-intersection:  Non-junction/no special feature,Paved,,Property Damage Only,0,0,0,0,0,0,22500,1,1,,POINT (-93.652703515735 41.71858852283)
2014810264,14-1310,07/10/2014,07-July,5-Thursday,17:15,1700 Hours,District 1 (Central),POLK CITY,POLK,IA 415,IA 415/NW 112 AVE/W BRIDGE RD,Collision with:  Vehicle in traffic,On Roadway,Rear-end (front to rear),Swerving/Evasive Action,None Indicated,,Daylight,Dry,Clear,None apparent,Intersection:  Other intersection (explain in narrative),Paved,,Possible/Unknown,0,1,0,0,1,0,7000,2,4,,POINT (-93.729092148484 41.764488218017)
2014807532,201400033263,07/10/2014,07-July,5-Thursday,10:11,1000 Hours,District 5 (Southeast),OTTUMWA,WAPELLO,,GREENWOOD DR & OSCEOLA ST,Collision with:  Vehicle in traffic,On Roadway,Broadside (front to side),FTYROW:  From stop sign,None Indicated,,Daylight,Dry,Clear,None apparent,Intersection:  Other intersection (explain in narrative),Paved,,Property Damage Only,0,0,0,0,0,0,5700,2,5,,POINT (-92.437300639443 41.005571359929)
2014810282,14-23786,07/10/2014,07-July,5-Thursday,10:26,1000 Hours,District 5 (Southeast),BURLINGTON,DES MOINES,,GUENTHER ST,Collision with:  Vehicle in traffic,On Roadway,Broadside (front to side),Other (explain in narrative):  No improper action,None Indicated,,Daylight,Dry,Clear,None apparent,Non-intersection:  Non-junction/no special feature,Paved,,Property Damage Only,0,0,0,0,0,0,4000,2,2,,POINT (-91.121622002586 40.820266997737)
2014808328,14-028794,07/10/2014,07-July,5-Thursday,14:41,1400 Hours,District 5 (Southeast),MUSCATINE,MUSCATINE,,W 4TH ST & PINE ST,Collision with:  Vehicle in traffic,On Roadway,Broadside (front to side),FTYROW:  From stop sign,None Indicated,,Daylight,Dry,Cloudy,None apparent,Intersection:  Four-way intersection,Paved,,Property Damage Only,0,0,0,0,0,0,4500,2,4,,POINT (-91.04938057195 41.421712606112)
2014807229,14-22146,07/10/2014,07-July,5-Thursday,19:07,1900 Hours,District 3 (Northwest),SIOUX CITY,WOODBURY,IA 376,IA 376/LEWIS BLVD & 6TH ST & FAIRMOUNT ST,Collision with:  Vehicle in traffic,On Roadway,Rear-end (front to rear),Other (explain in narrative):  Other,None Indicated,,Daylight,Dry,Cloudy,None apparent,Intersection:  Four-way intersection,Paved,,Property Damage Only,0,0,0,0,0,0,3000,2,3,,POINT (-96.37837735376 42.496491430767)
2014807335,14-5266,07/10/2014,07-July,5-Thursday,13:33,1300 Hours,District 3 (Northwest),IDA GROVE,IDA,,W 6TH ST & ROHWER ST,Collision with:  Vehicle in traffic,On Roadway,Rear-end (front to rear),Other (explain in narrative):  Vision obstructed,None Indicated,,Daylight,Dry,Clear,None apparent,Non-intersection:  Non-junction/no special feature,Paved,,Property Damage Only,0,0,0,0,0,0,2250,2,3,,POINT (-95.478302225914 42.339657766274)
2014807074,14-22072,07/10/2014,07-July,5-Thursday,05:49,0500 Hours,District 3 (Northwest),SIOUX CITY,WOODBURY,,STONE PARK BLVD & LINDENWOOD ST,Collision with:  Vehicle in traffic,On Roadway,Broadside (front to side),FTYROW:  From stop sign,None Indicated,,Daylight,Dry,Clear,None apparent,Intersection:  T-intersection,Paved,,Possible/Unknown,0,1,0,0,1,0,1000,2,2,,POINT (-96.417330329304 42.526904848535)
2014807151,14-028822,07/10/2014,07-July,5-Thursday,17:08,1700 Hours,District 5 (Southeast),MUSCATINE,MUSCATINE,,W 4TH ST & CHESTNUT ST,Collision with:  Vehicle in traffic,On Roadway,Broadside (front to side),FTYROW:  Other (explain in narrative),None Indicated,,Daylight,Dry,Clear,None apparent,Non-intersection:  Non-junction/no special feature,Paved,,Property Damage Only,0,0,0,0,0,0,3000,2,4,,POINT (-91.048358403311 41.422280715041)
2014807418,14-0830,07/10/2014,07-July,5-Thursday,23:10,2300 Hours,District 1 (Central),CLIVE,POLK,,HARBACH BLVD & NW 86TH ST,Collision with:  Vehicle in traffic,On Roadway,Rear-end (front to rear),Followed too close,None Indicated,,Dark - roadway lighted,Dry,Clear,None apparent,Non-intersection:  Driveway access (within),Paved,,Property Damage Only,0,0,0,0,0,0,5500,2,2,,POINT (-93.736336498163 41.607655872253)
2014808321,20141049,07/10/2014,07-July,5-Thursday,22:05,2200 Hours,District 6 (East Central),MOUNT VERNON,LINN,,OAK RIDGE DR SE,Collision with:  Vehicle in traffic,On Roadway,"Sideswipe, same direction",Other (explain in narrative):  Other,None Indicated,,Dark - roadway lighted,Other (explain in narrative),Cloudy,None apparent,Non-intersection:  Non-junction/no special feature,Paved,,Property Damage Only,0,0,0,0,0,0,1730,2,1,,POINT (-91.410669994121 41.914710197006)
2014807439,20140019675,07/10/2014,07-July,5-Thursday,21:48,2100 Hours,District 1 (Central),DES MOINES,POLK,,CENTER ST & 6TH AVE,Collision with:  Vehicle in traffic,On Roadway,Rear-end (front to rear),Followed too close,None Indicated,,Dark - roadway lighted,Dry,Cloudy,None apparent,Non-intersection:  Non-junction/no special feature,Paved,,Possible/Unknown,0,2,0,0,2,0,1500,2,3,,POINT (-93.625673993985 41.591548954601)
2014807650,14-1047,07/10/2014,07-July,5-Thursday,08:09,0800 Hours,District 1 (Central),,GREENE,,Co Rd E53/240TH,Collision with:  Non-motorist (see non-motorist section - NOT a unit),On Roadway,Non-collision (single vehicle),Other (explain in narrative):  Other,None Indicated,,Daylight,Dry,Clear,None apparent,Non-intersection:  Railroad grade crossing,Paved,,Major Injury,0,1,1,0,0,0,2700,1,1,,POINT (-94.535482588898 42.008352846828)
2014807697,2014-14717,07/10/2014,07-July,5-Thursday,10:25,1000 Hours,District 5 (Southeast),,WARREN,IA 92,IA 92/IOWA 92,Collision with:  Vehicle in traffic,On Roadway,"Sideswipe, same direction",Crossed centerline (undivided),None Indicated,,Daylight,Dry,Clear,None apparent,Non-intersection:  Non-junction/no special feature,Paved,,Property Damage Only,0,0,0,0,0,0,5000,2,2,,POINT (-93.446087620184 41.37195573988)
2014807180,14-13907,07/10/2014,07-July,5-Thursday,22:42,2200 Hours,District 6 (East Central),,SCOTT,,VALLEY DR,Collision with:  Animal,,,Animal,None Indicated,,,,,,,Paved,,Property Damage Only,0,0,0,0,0,0,1501,1,1,,POINT (-90.407796339858 41.576386554414)
2014808658,14004123,07/10/2014,07-July,5-Thursday,21:32,2100 Hours,District 3 (Northwest),QUIMBY,CHEROKEE,IA 31,IA 31/IOWA 31,Collision with:  Animal,,Non-collision (single vehicle),Animal,None Indicated,,,,,,,Paved,,Property Damage Only,0,0,0,0,0,0,5500,1,1,,POINT (-95.576727984462 42.63403342522)
2014810941,,07/10/2014,07-July,5-Thursday,23:00,2300 Hours,District 2 (Northeast),,WINNESHIEK,US 52,US 52,Collision with:  Animal,On Roadway,Non-collision (single vehicle),Animal,None Indicated,,Dark - roadway not lighted,Dry,Cloudy,None apparent,Non-intersection:  Non-junction/no special feature,Paved,,Property Damage Only,0,0,0,0,0,0,4500,1,2,,POINT (-91.830347211063 43.390428501876)
2014807100,W14-069057,07/10/2014,07-July,5-Thursday,05:08,0500 Hours,District 2 (Northeast),WATERLOO,BLACK HAWK,,KIMBALL AVE,Collision with:  Animal,On Roadway,Non-collision (single vehicle),Animal,None Indicated,,Dawn,Dry,Clear,None apparent,Non-intersection:  Other non-intersection (explain in narrative),Paved,,Property Damage Only,0,0,0,0,0,0,5000,1,1,,POINT (-92.35677293896 42.442474893344)
2014808224,,07/10/2014,07-July,5-Thursday,23:50,2300 Hours,District 2 (Northeast),NASHUA,CHICKASAW,,Co Rd T76/ASHERTON AVE,Collision with:  Animal,,Non-collision (single vehicle),Animal,None Indicated,,,,,,,Paved,,Property Damage Only,0,0,0,0,0,0,2000,1,1,,POINT (-92.534080216053 43.023349163641)
2014807218,2014-47293,07/10/2014,07-July,5-Thursday,12:13,1200 Hours,District 6 (East Central),DAVENPORT,SCOTT,,W LOCUST ST & STURDEVANT ST,Collision with:  Vehicle in traffic,On Roadway,Broadside (front to side),FTYROW:  From stop sign,None Indicated,,Daylight,Dry,Clear,None apparent,Intersection:  Four-way intersection,Paved,,Property Damage Only,0,0,0,0,0,0,8000,2,5,,POINT (-90.598692296923 41.538249397814)
2014807308,CL14002360,07/10/2014,07-July,5-Thursday,12:55,1200 Hours,District 6 (East Central),CLINTON,CLINTON,,HANOVER AVE,Collision with:  Vehicle in traffic,On Roadway,Head-on (front to front),FTYROW:  Making left turn,None Indicated,,Daylight,Dry,Clear,None apparent,Intersection:  T-intersection,Paved,,Possible/Unknown,0,1,0,0,1,0,5000,2,2,,POINT (-90.227631774295 41.816925436093)
2014807417,14-0826,07/10/2014,07-July,5-Thursday,00:30,0000 Hours,District 1 (Central),CLIVE,POLK,I-35,I-35,Collision with:  Vehicle in traffic,On Roadway,Non-collision (single vehicle),Animal,None Indicated,,Dark - roadway lighted,Dry,Clear,None apparent,"Interchange-related:  Off-ramp, diverge area",Paved,,Property Damage Only,0,0,0,0,0,0,2000,1,1,,POINT (-93.776018268723 41.614159248623)
2014807328,32055-14,07/10/2014,07-July,5-Thursday,19:57,1900 Hours,District 3 (Northwest),WALLINGFORD,EMMET,,,Collision with fixed object:  Other fixed object (explain in narrative),Outside trafficway,Non-collision (single vehicle),Improper Backing,None Indicated,,Dusk,"Mud, dirt",Cloudy,None apparent,Non-intersection:  Non-junction/no special feature,,,Property Damage Only,0,0,0,0,0,0,2500,1,2,,POINT (-96.643700149993 40.233091251414)
2014807534,201400033386,07/10/2014,07-July,5-Thursday,20:42,2000 Hours,District 5 (Southeast),OTTUMWA,WAPELLO,,OSCEOLA ST,Collision with:  Parked motor vehicle,On Roadway,"Sideswipe, same direction",Other (explain in narrative):  Other,None Indicated,,Daylight,Dry,Clear,None apparent,Non-intersection:  Non-junction/no special feature,Paved,,Property Damage Only,0,0,0,0,0,0,2000,2,777,,POINT (-92.437262297662 41.007282725319)
2014808016,2014040289,07/10/2014,07-July,5-Thursday,08:50,0800 Hours,District 5 (Southeast),,WARREN,IA 92,IA 92/IOWA 92 & 70TH AVE,Collision with:  Vehicle in traffic,On Roadway,Head-on (front to front),Crossed centerline (undivided),Drug,,Daylight,Dry,Cloudy,None apparent,Non-intersection:  Non-junction/no special feature,Paved,,Fatal,1,1,1,0,0,0,21500,2,2,,POINT (-93.673588013193 41.366489297847)
2014807770,,07/10/2014,07-July,5-Thursday,07:40,0700 Hours,District 6 (East Central),,JOHNSON,,Co Rd F12/120TH ST & Co Rd W60/HWY 965 NW,Collision with:  Vehicle in traffic,On Roadway,Rear-end (front to rear),Unknown,None Indicated,,Daylight,Dry,Clear,,Intersection:  Four-way intersection,Paved,,Property Damage Only,0,0,0,0,0,0,2200,2,2,,POINT (-91.67546315826 41.84785521364)
2014807263,,07/10/2014,07-July,5-Thursday,09:30,0900 Hours,District 3 (Northwest),,POCAHONTAS,IA 4,IA 4/220TH AVE,Collision with:  Vehicle in traffic,On Roadway,"Sideswipe, opposite direction",Crossed centerline (undivided),None Indicated,,Daylight,Dry,Cloudy,None apparent,Non-intersection:  Non-junction/no special feature,Paved,,Property Damage Only,0,0,0,0,0,0,3250,2,2,,POINT (-94.678735403557 42.908176292255)
2014807124,SO1402719,07/10/2014,07-July,5-Thursday,22:06,2200 Hours,District 5 (Southeast),,JEFFERSON,,FRUITWOOD AVE,Collision with:  Parked motor vehicle,On Roadway,"Sideswipe, opposite direction",FTYROW:  Other (explain in narrative),None Indicated,,Dark - roadway not lighted,"Mud, dirt",Cloudy,None apparent,Non-intersection:  Non-junction/no special feature,Unpaved,,Minor Injury,0,1,0,1,0,0,5500,2,3,,POINT (-92.077669803708 41.024603791392)
2014807017,20140019598,07/10/2014,07-July,5-Thursday,08:00,0800 Hours,District 1 (Central),DES MOINES,POLK,,GRAND AVE & 7TH ST,Collision with:  Vehicle in traffic,On Roadway,Broadside (front to side),Unknown,None Indicated,,Daylight,Dry,Clear,None apparent,Intersection:  Other intersection (explain in narrative),Paved,,Property Damage Only,0,0,0,0,0,0,9000,2,3,,POINT (-93.626522712766 41.58750007831)
2014807509,2014-47374,07/10/2014,07-July,5-Thursday,16:53,1600 Hours,District 6 (East Central),DAVENPORT,SCOTT,,IA 461/BRADY ST/WELCOME WAY & W 59TH ST & E 59TH ST,Collision with:  Vehicle in traffic,On Roadway,Rear-end (front to rear),Followed too close,None Indicated,,Daylight,Dry,Cloudy,None apparent,Intersection:  Four-way intersection,Paved,,Property Damage Only,0,0,0,0,0,0,8000,3,3,,POINT (-90.571430508257 41.579943503395)
2014810285,07-14-123,07/10/2014,07-July,5-Thursday,12:20,1200 Hours,District 3 (Northwest),LE MARS,PLYMOUTH,,HAWKEYE AVE,Collision with:  Vehicle in traffic,On Roadway,"Sideswipe, same direction",Improper or erratic lane changing,None Indicated,,Daylight,Dry,Clear,None apparent,Non-intersection:  Non-junction/no special feature,Paved,,Property Damage Only,0,0,0,0,0,0,2000,2,2,,POINT (-96.192261924805 42.772642550679)
2014807370,14014341,07/10/2014,07-July,5-Thursday,14:03,1400 Hours,District 6 (East Central),MARION,LINN,,5TH ST,Collision with:  Vehicle in traffic,On Roadway,"Sideswipe, same direction",Driver Distraction:  Inattentive/lost in thought,None Indicated,,Daylight,Dry,Clear,None apparent,Non-intersection:  Non-junction/no special feature,Paved,,Property Damage Only,0,0,0,0,0,0,6500,2,1,,POINT (-91.604510078627 42.052668374812)
2014809864,2014-14193,07/10/2014,07-July,5-Thursday,15:00,1500 Hours,District 6 (East Central),,SCOTT,,Co Rd F55/210 ST & Co Rd Z16/UTICA RIDGE RD,Collision with:  Non-motorist (see non-motorist section - NOT a unit),On Roadway,Non-collision (single vehicle),FTYROW:  From stop sign,None Indicated,,Daylight,Dry,Clear,None apparent,Intersection:  Four-way intersection,Paved,,Minor Injury,0,1,0,1,0,0,1500,1,1,,POINT (-90.502442462607 41.611508770792)
2014807346,2014007426,07/10/2014,07-July,5-Thursday,17:43,1700 Hours,District 6 (East Central),IOWA CITY,JOHNSON,IA 1,IA 1/DODGE ST,Collision with:  Vehicle in traffic,On Roadway,Rear-end (front to rear),Followed too close,None Indicated,,Daylight,Dry,Clear,None apparent,Non-intersection:  Non-junction/no special feature,Paved,,Property Damage Only,0,0,0,0,0,0,2500,2,2,,POINT (-91.517263507826 41.676667693811)
2014807344,2014007420,07/10/2014,07-July,5-Thursday,12:45,1200 Hours,District 6 (East Central),IOWA CITY,JOHNSON,,E BENTON ST & S CLINTON ST,Collision with:  Vehicle in traffic,On Roadway,"Sideswipe, same direction",Made improper turn,None Indicated,,Daylight,Dry,Clear,None apparent,Intersection:  Four-way intersection,Paved,,Possible/Unknown,0,1,0,0,1,0,4500,2,3,,POINT (-91.534758660751 41.651096496882)
2014815785,GP-14000107,07/10/2014,07-July,5-Thursday,18:39,1800 Hours,District 2 (Northeast),GOLDFIELD,WRIGHT,IA 3,IA 3/IOWA 3 & IA 17/IOWA 17 & LOCUST ST,Collision with:  Vehicle in traffic,On Roadway,Broadside (front to side),FTYROW:  From stop sign,None Indicated,,Daylight,Dry,Clear,None apparent,Intersection:  Four-way intersection,Paved,,Minor Injury,0,1,0,1,0,0,3250,2,2,,POINT (-93.915229805599 42.731607148213)
2014806984,SO1402699,07/10/2014,07-July,5-Thursday,00:01,0000 Hours,District 5 (Southeast),,JEFFERSON,,Co Rd H33/BROOKVILLE RD,Collision with:  Animal,,,Animal,None Indicated,,,,,,,Paved,,Property Damage Only,0,0,0,0,0,0,4000,1,1,,POINT (-92.027785161244 41.031796542719)
2014808629,,07/10/2014,07-July,5-Thursday,11:59,1100 Hours,District 5 (Southeast),CENTERVILLE,APPANOOSE,,E ONEAL ST & OBRIANT ST,Collision with fixed object:  Curb/island/raised median,On Roadway,Non-collision (single vehicle),Other (explain in narrative):  No improper action,None Indicated,,Daylight,Dry,Clear,None apparent,Non-intersection:  Non-junction/no special feature,Paved,,Property Damage Only,0,0,0,0,0,0,3000,1,1,,POINT (-92.853147461752 40.718076363454)