Iowa DOT Case Number,Law Enforcement Case Number,Date of Crash,Month of Crash,Day of Week,Time of Crash,Hour,DOT District,City Name,County Name,Route with System,Location Description,First Harmful Event,Location of First Harmful Event,Manner of Crash/Collision,Major Cause,Drug or Alcohol ,Environmental Conditions,Light Conditions,Surface Conditions,Weather Conditions,Roadway Contribution,Roadway Type,Roadway Surface,Work Zone,Crash Severity,Number of Fatalities,Number of Injuries,Number of Major Injuries,Number of Minor Injuries,Number of Possible Injuries,Number of Unknown Injuries,Amount of Property Damage,Number of Vehicles Involved,Total Number of Occupants,Travel Direction,Location
2014807029,20140019581,07/10/2014,07-July,5-Thursday,01:35,0100 Hours,District 1 (Central),DES MOINES,POLK,,WATROUS AVE & FLEUR DR,Collision with fixed object:  Curb/island/raised median,On Roadway,Non-collision (single vehicle),Exceeded authorized speed,None Indicated,,Dark - roadway lighted,Dry,Clear,None apparent,Intersection:  Four-way intersection,Paved,,Property Damage Only,0,0,0,0,0,0,5000,1,1,,POINT (-93.644979622292 41.548189335534)
2014836285,B14-1285,07/10/2014,07-July,5-Thursday,16:11,1600 Hours,District 3 (Northwest),SERGEANT BLUFF,WOODBURY,,1ST ST & F ST,Collision with:  Vehicle in traffic,On Roadway,Rear-end (front to rear),Followed too close,None Indicated,,Daylight,Dry,Cloudy,None apparent,Non-intersection:  Non-junction/no special feature,Paved,,Minor Injury,0,2,0,1,1,0,3000,2,3,,POINT (-96.35763598418 42.40039260513)
2014807219,2014-47388,07/10/2014,07-July,5-Thursday,17:58,1700 Hours,District 6 (East Central),DAVENPORT,SCOTT,,W 4TH ST & GAINES ST,Collision with:  Non-motorist (see non-motorist section - NOT a unit),On Roadway,Non-collision (single vehicle),Other (explain in narrative):  No improper action,None Indicated,,Daylight,Dry,Clear,None apparent,Non-intersection:  Non-junction/no special feature,Paved,,Major Injury,0,1,1,0,0,0,1000,1,1,,POINT (-90.582962457993 41.523518397837)
2014807408,14-002954,07/10/2014,07-July,5-Thursday,22:35,2200 Hours,District 1 (Central),ANKENY,POLK,IA 160,IA 160/SW ORALABOR RD,Collision with:  Vehicle in traffic,On Roadway,Broadside (front to side),Ran Traffic Signal,None Indicated,,Dark - roadway lighted,Dry,Clear,None apparent,Intersection:  Four-way intersection,Paved,,Possible/Unknown,0,2,0,0,2,0,10100,2,3,,POINT (-93.621490092189 41.703116314244)
2014807051,2014-14722,07/10/2014,07-July,5-Thursday,10:45,1000 Hours,District 5 (Southeast),,WARREN,,Co Rd R45/43RD AVE,Collision with fixed object:  Ditch,On Roadway,Non-collision (single vehicle),Ran off road - right,None Indicated,,Daylight,Dry,Cloudy,None apparent,Non-intersection:  Non-junction/no special feature,Unpaved,,Property Damage Only,0,0,0,0,0,0,10000,1,1,,POINT (-93.725726703809 41.441330993031)
2014810168,14007818,07/10/2014,07-July,5-Thursday,21:47,2100 Hours,District 2 (Northeast),,FAYETTE,IA 93,IA 93/150TH ST,Collision with:  Animal,,,Animal,None Indicated,,,,,,,Paved,,Property Damage Only,0,0,0,0,0,0,3500,1,1,,POINT (-91.824131039819 42.843207416458)
2014807096,W14-069374,07/10/2014,07-July,5-Thursday,22:45,2200 Hours,District 2 (Northeast),WATERLOO,BLACK HAWK,,CORNWALL AVE & N LA PORTE FRONTAGE RD,Collision with fixed object:  Other fixed object (explain in narrative),On Roadway,Non-collision (single vehicle),Other (explain in narrative):  Other,None Indicated,,Dark - roadway lighted,Dry,Clear,None apparent,Intersection:  T-intersection,Paved,,Possible/Unknown,0,1,0,0,1,0,6000,1,1,,POINT (-92.322999305356 42.474773638391)
2014807109,14-23814,07/10/2014,07-July,5-Thursday,14:20,1400 Hours,District 5 (Southeast),WEST BURLINGTON,DES MOINES,,W GLASGOW ST & S SUMMER ST,Collision with:  Vehicle in traffic,On Roadway,Broadside (front to side),FTYROW:  From yield sign,None Indicated,,Daylight,Dry,Clear,None apparent,Intersection:  Four-way intersection,Paved,,Possible/Unknown,0,1,0,0,0,1,5200,2,2,,POINT (-91.160361926513 40.824053166771)
2014807216,2014-47249,07/10/2014,07-July,5-Thursday,09:29,0900 Hours,District 6 (East Central),DAVENPORT,SCOTT,US 6,US 6/W KIMBERLY RD,Collision with:  Vehicle in traffic,On Roadway,Rear-end (front to rear),Other (explain in narrative):  Other,None Indicated,,Daylight,Dry,Clear,None apparent,Non-intersection:  Non-junction/no special feature,Paved,,Property Damage Only,0,0,0,0,0,0,8000,2,2,,POINT (-90.582437777503 41.560118417308)
2014807728,2014040290,07/10/2014,07-July,5-Thursday,09:50,0900 Hours,District 1 (Central),ALTOONA,POLK,I-80,I-80,Collision with:  Vehicle in traffic,On Roadway,"Sideswipe, same direction",Other (explain in narrative):  Other,None Indicated,,Daylight,Dry,Clear,None apparent,Non-intersection:  Non-junction/no special feature,Paved,,Property Damage Only,0,0,0,0,0,0,7000,2,3,,POINT (-93.518002238733 41.660584337717)
2014807173,14-3267,07/10/2014,07-July,5-Thursday,16:45,1600 Hours,District 1 (Central),WEST DES MOINES,POLK,,GRAND AVE & 4TH ST,Collision with:  Vehicle in traffic,On Roadway,"Angle, oncoming left turn",FTYROW:  Making left turn,None Indicated,,Daylight,Dry,Clear,None apparent,Intersection:  T-intersection,Paved,,Property Damage Only,0,0,0,0,0,0,3500,2,2,,POINT (-93.707440819612 41.582671143687)
2014809882,14-000796,07/10/2014,07-July,5-Thursday,17:25,1700 Hours,District 1 (Central),JOHNSTON,POLK,,NW 86TH ST,Collision with:  Vehicle in traffic,On Roadway,Rear-end (front to rear),Followed too close,None Indicated,,Daylight,Dry,Clear,None apparent,Non-intersection:  Non-junction/no special feature,Paved,,Property Damage Only,0,0,0,0,0,0,3900,2,2,,POINT (-93.736452323478 41.657915065149)
2014807114,01-14-30226,07/10/2014,07-July,5-Thursday,10:09,1000 Hours,District 6 (East Central),DUBUQUE,DUBUQUE,,PENNSYLVANIA AVE & JOHN F KENNEDY RD,Collision with:  Vehicle in traffic,On Roadway,"Sideswipe, same direction",Made improper turn,None Indicated,,Daylight,Dry,Clear,None apparent,Non-intersection:  Non-junction/no special feature,Paved,,Property Damage Only,0,0,0,0,0,0,3000,2,3,,POINT (-90.721250888193 42.500465654626)
2014809846,2014-004040,07/10/2014,07-July,5-Thursday,21:33,2100 Hours,District 6 (East Central),,BENTON,,Co Rd W26/32 AVE & 63 ST DR,Collision with:  Animal,,,Animal,None Indicated,,,,,,,Paved,,Property Damage Only,0,0,0,0,0,0,3500,1,1,,POINT (-91.873412744069 42.101825985663)
2014807123,P14-008080,07/10/2014,07-July,5-Thursday,12:12,1200 Hours,District 1 (Central),WEBSTER CITY,HAMILTON,,BANK ST & SENECA ST,Collision with:  Vehicle in traffic,On Roadway,Broadside (front to side),FTYROW:  From stop sign,None Indicated,,Daylight,Dry,Clear,None apparent,Intersection:  Four-way intersection,Paved,,Property Damage Only,0,0,0,0,0,0,1500,2,2,,POINT (-93.817174781948 42.466619223631)
2014807138,2014007430,07/10/2014,07-July,5-Thursday,18:39,1800 Hours,District 6 (East Central),IOWA CITY,JOHNSON,IA 1,IA 1/E BURLINGTON ST & S GILBERT ST,Collision with:  Vehicle in traffic,On Roadway,"Angle, oncoming left turn",FTYROW:  Making left turn,None Indicated,,Daylight,Dry,Clear,None apparent,Intersection:  Four-way intersection,Paved,,Minor Injury,0,1,0,1,0,0,2750,2,2,,POINT (-91.530198515947 41.657820430713)
2014807438,20140019602,07/10/2014,07-July,5-Thursday,08:54,0800 Hours,District 1 (Central),DES MOINES,POLK,I-235,I-235 & PENNSYLVANIA AVE,Collision with:  Vehicle in traffic,On Roadway,Broadside (front to side),Unknown,None Indicated,,Daylight,Dry,Clear,None apparent,Intersection:  Intersection with ramp,Paved,,Major Injury,0,2,1,0,1,0,15000,2,2,,POINT (-93.608700724736 41.59582844079)
2014808192,14-003242,07/10/2014,07-July,5-Thursday,16:37,1600 Hours,District 1 (Central),AMES,STORY,,SE 16TH ST & S DAYTON AVE,Collision with:  Vehicle in traffic,On Roadway,Rear-end (front to rear),Followed too close,None Indicated,,Daylight,Dry,Clear,None apparent,Intersection:  Four-way intersection,Paved,,Property Damage Only,0,0,0,0,0,0,3500,3,3,,POINT (-93.586628717421 42.008262224218)
2014807576,2014040320,07/10/2014,07-July,5-Thursday,10:30,1000 Hours,District 1 (Central),,TAMA,,Co Rd V18/HWY V18,Collision with:  Vehicle in traffic,Shoulder,Head-on (front to front),Crossed centerline (undivided),None Indicated,,Daylight,Dry,Clear,None apparent,Non-intersection:  Non-junction/no special feature,Paved,,Fatal,1,0,0,0,0,0,16000,2,2,,POINT (-92.405131248131 42.008697168263)
2014807730,2014040405,07/10/2014,07-July,5-Thursday,17:07,1700 Hours,District 5 (Southeast),,WASHINGTON,IA 22,IA 22,Collision with:  Vehicle in traffic,On Roadway,Rear-end (front to rear),Driver Distraction:  Passenger,None Indicated,,Daylight,Dry,Clear,None apparent,Non-intersection:  Driveway access (within),Paved,,Major Injury,0,1,1,0,0,0,17500,3,5,,POINT (-91.66776664358 41.489552692662)
2014809010,2014-47306,07/10/2014,07-July,5-Thursday,13:14,1300 Hours,District 6 (East Central),DAVENPORT,SCOTT,,W 3RD ST & GAINES ST,Collision with:  Vehicle in traffic,On Roadway,Broadside (front to side),Ran Traffic Signal,None Indicated,,Daylight,Dry,Clear,None apparent,Intersection:  Other intersection (explain in narrative),Paved,,Possible/Unknown,0,1,0,0,1,0,3000,2,2,,POINT (-90.582956779383 41.522383467816)
2014807108,1407102711,07/10/2014,07-July,5-Thursday,07:30,0700 Hours,District 6 (East Central),,CLINTON,US 61,US 61,Non-collision events:  Other non-collision (explain in narrative),On Roadway,Non-collision (single vehicle),Equipment failure,None Indicated,,Daylight,Dry,Clear,None apparent,Non-intersection:  Non-junction/no special feature,Paved,,Property Damage Only,0,0,0,0,0,0,1500,2,2,,POINT (-90.599884162374 41.91582249494)
2014807181,14-13046,07/10/2014,07-July,5-Thursday,15:28,1500 Hours,District 6 (East Central),BETTENDORF,SCOTT,I-80,I-80 & MIDDLE RD,Collision with:  Vehicle in traffic,On Roadway,Rear-end (front to rear),Other (explain in narrative):  Other,None Indicated,,Daylight,Dry,Clear,None apparent,Intersection:  Intersection with ramp,Paved,,Property Damage Only,0,0,0,0,0,0,12000,2,2,,POINT (-90.459174113456 41.594853163993)
2014807326,02-14-10432,07/10/2014,07-July,5-Thursday,22:00,2200 Hours,District 6 (East Central),,DUBUQUE,,Co Rd D35/MILITARY RD,Collision with:  Animal,,,Animal,None Indicated,,,,,,,Paved,,Property Damage Only,0,0,0,0,0,0,2000,1,1,,POINT (-90.699111969978 42.444100356913)
2014808227,,07/10/2014,07-July,5-Thursday,04:41,0400 Hours,District 2 (Northeast),DENVER,BREMER,US 63,US 63,Collision with:  Animal,On Roadway,Head-on (front to front),Animal,None Indicated,,Dawn,Dry,Clear,None apparent,Non-intersection:  Non-junction/no special feature,Paved,,Minor Injury,0,1,0,1,0,0,6000,1,1,,POINT (-92.343520746693 42.67475675328)
2014807226,14-2075,07/10/2014,07-July,5-Thursday,13:40,1300 Hours,District 1 (Central),FORT DODGE,WEBSTER,,5TH AVE S & S 30TH ST,Collision with:  Vehicle in traffic,On Roadway,Rear-end (front to rear),Other (explain in narrative):  Other,None Indicated,,Daylight,Dry,Clear,None apparent,Non-intersection:  Non-junction/no special feature,Paved,,Property Damage Only,0,0,0,0,0,0,3500,2,2,,POINT (-94.155138125289 42.501193124925)
2014810086,14-007789,07/10/2014,07-July,5-Thursday,15:00,1500 Hours,District 2 (Northeast),OELWEIN,FAYETTE,,OLD RD,Collision with fixed object:  Ditch,On Roadway,Non-collision (single vehicle),Over correcting/over steering,None Indicated,,Daylight,Dry,Cloudy,None apparent,Non-intersection:  Non-junction/no special feature,Unpaved,,Property Damage Only,0,0,0,0,0,0,7000,1,2,,POINT (-91.901583558274 42.663212384498)
2014807651,14-1052,07/10/2014,07-July,5-Thursday,15:07,1500 Hours,District 1 (Central),,GREENE,US 30,US 30/220TH,Collision with:  Vehicle in traffic,On Roadway,Rear-end (front to rear),Driving too fast for conditions,None Indicated,,Daylight,Dry,Clear,Work Zone (roadway-related),Non-intersection:  Other non-intersection (explain in narrative),Paved,Yes,Property Damage Only,0,0,0,0,0,0,35000,2,3,,POINT (-94.345332629923 42.03457021369)
2014807290,W14-069135,07/10/2014,07-July,5-Thursday,11:30,1100 Hours,District 2 (Northeast),WATERLOO,BLACK HAWK,,E MITCHELL AVE & LA PORTE RD,Collision with:  Vehicle in traffic,On Roadway,Broadside (front to side),FTYROW:  Making right turn on red signal,None Indicated,,Daylight,Dry,Clear,None apparent,Intersection:  Four-way intersection,Paved,,Property Damage Only,0,0,0,0,0,0,1800,2,2,,POINT (-92.322736395714 42.476591268892)
2014820424,2014-54-AC,07/10/2014,07-July,5-Thursday,13:37,1300 Hours,District 3 (Northwest),,DICKINSON,US 71,US 71,Collision with:  Vehicle in traffic,On Roadway,Rear-end (front to rear),Followed too close,None Indicated,,Daylight,Dry,Clear,None apparent,Non-intersection:  Non-junction/no special feature,Paved,,Property Damage Only,0,0,0,0,0,0,4500,2,2,,POINT (-95.002078426045 43.430530247879)
2014807172,14-3269,07/10/2014,07-July,5-Thursday,20:10,2000 Hours,District 1 (Central),WEST DES MOINES,POLK,,MAPLE ST & 8TH ST,Collision with:  Vehicle in traffic,On Roadway,Broadside (front to side),Ran Stop Sign,None Indicated,,Daylight,Dry,Clear,None apparent,Intersection:  Four-way intersection,Paved,,Property Damage Only,0,0,0,0,0,0,14000,2,4,,POINT (-93.713024174248 41.571125389731)
2014807423,20140019656,07/10/2014,07-July,5-Thursday,17:32,1700 Hours,District 1 (Central),DES MOINES,POLK,IA 163,IA 163/E UNIVERSITY AVE & E 33RD CT,Collision with:  Vehicle in traffic,On Roadway,Rear-end (front to rear),Followed too close,None Indicated,,Daylight,Dry,Clear,None apparent,Intersection:  Four-way intersection,Paved,,Property Damage Only,0,0,0,0,0,0,5500,3,4,,POINT (-93.550509703973 41.600562382502)
2014807211,2014-47277,07/10/2014,07-July,5-Thursday,02:30,0200 Hours,District 6 (East Central),DAVENPORT,SCOTT,,FRANKLIN AVE,Collision with:  Parked motor vehicle,On Roadway,Rear-end (front to rear),Unknown,None Indicated,,Dark - roadway lighted,Dry,Clear,None apparent,Non-intersection:  Non-junction/no special feature,Paved,,Property Damage Only,0,0,0,0,0,0,3000,2,1,,POINT (-90.58513148368 41.586302534533)
2014809926,14-5007PD,07/10/2014,07-July,5-Thursday,21:15,2100 Hours,District 1 (Central),BOONE,BOONE,,15TH ST & DIVISION ST & W 15TH ST,Collision with fixed object:  Utility pole/light support,Shoulder,Non-collision (single vehicle),Driving too fast for conditions,None Indicated,,Dusk,Dry,Clear,None apparent,Non-intersection:  Non-junction/no special feature,Paved,,Property Damage Only,0,0,0,0,0,0,1600,1,1,,POINT (-93.8931543309 42.070953019741)
2014807171,14-3268,07/10/2014,07-July,5-Thursday,17:45,1700 Hours,District 1 (Central),WEST DES MOINES,POLK,,E P TRUE PKWY,Collision with:  Vehicle in traffic,On Roadway,Rear-end (front to rear),Followed too close,None Indicated,,Daylight,Dry,Clear,None apparent,Non-intersection:  Non-junction/no special feature,Paved,,Property Damage Only,0,0,0,0,0,0,2900,2,2,,POINT (-93.784617765704 41.575009611163)
2014807162,20140019682,07/10/2014,07-July,5-Thursday,22:58,2200 Hours,District 1 (Central),DES MOINES,POLK,,CLEVELAND AVE & E 17TH CT,Collision with:  Vehicle in traffic,On Roadway,Broadside (front to side),FTYROW:  From stop sign,None Indicated,,Dark - roadway lighted,Dry,Clear,None apparent,Intersection:  Four-way intersection,Paved,,Possible/Unknown,0,1,0,0,1,0,3500,2,2,,POINT (-93.590317687179 41.604985583594)
2014844641,2014001968,07/10/2014,07-July,5-Thursday,23:16,2300 Hours,District 2 (Northeast),,ALLAMAKEE,,Co Rd X20/LYCURGUS RD,Collision with:  Animal,,,Animal,None Indicated,,,,,,,Paved,,Property Damage Only,0,0,0,0,0,0,2500,1,1,,POINT (-91.446339824684 43.360175297364)
2014807115,01-14-30300,07/10/2014,07-July,5-Thursday,16:10,1600 Hours,District 6 (East Central),DUBUQUE,DUBUQUE,IA 32,IA 32/IA32 NW ARTERIAL & ASBURY RD,Collision with:  Vehicle in traffic,On Roadway,"Angle, oncoming left turn",FTYROW:  Making left turn,None Indicated,,Daylight,Dry,Clear,None apparent,Intersection:  Four-way intersection,Paved,,Property Damage Only,0,0,0,0,0,0,4000,2,2,,POINT (-90.740930416656 42.515299870587)
2014807012,14-4578,07/10/2014,07-July,5-Thursday,10:23,1000 Hours,District 1 (Central),GRIMES,POLK,IA 141,IA 141/IOWA 141,Collision with:  Vehicle in traffic,On Roadway,Rear-end (front to rear),Followed too close,None Indicated,,Daylight,Dry,Clear,None apparent,Intersection:  Four-way intersection,Paved,,Property Damage Only,0,0,0,0,0,0,17000,3,3,,POINT (-93.775019366696 41.659030558199)
2014808249,14011547,07/10/2014,07-July,5-Thursday,12:59,1200 Hours,District 2 (Northeast),MASON CITY,CERRO GORDO,IA 122,IA 122/4TH ST SW,Collision with:  Vehicle in traffic,On Roadway,"Sideswipe, same direction",Improper or erratic lane changing,None Indicated,,Daylight,Dry,Cloudy,Work Zone (roadway-related),Non-intersection:  Non-junction/no special feature,Paved,Yes,Property Damage Only,0,0,0,0,0,0,2500,2,2,,POINT (-93.216819303889 43.148387473329)
2014807731,2014040448,07/10/2014,07-July,5-Thursday,22:55,2200 Hours,District 4 (Southwest),,POTTAWATTAMIE,I-80,I-80,Collision with:  Animal,,Non-collision (single vehicle),Animal,None Indicated,,,,,,,Paved,,Property Damage Only,0,0,0,0,0,0,5000,1,1,,POINT (-95.64284221127 41.418253600529)
2014807145,201409882,07/10/2014,07-July,5-Thursday,16:30,1600 Hours,District 6 (East Central),CEDAR RAPIDS,LINN,IA 100,IA 100/COLLINS RD NE & C AVE NE,Collision with:  Vehicle in traffic,On Roadway,Rear-end (front to rear),Followed too close,None Indicated,,Daylight,Dry,Clear,None apparent,Intersection:  Four-way intersection,Paved,,Possible/Unknown,0,2,0,0,1,1,2809,2,2,,POINT (-91.638532242495 42.028111508547)
2014808407,2014-47314,07/10/2014,07-July,5-Thursday,13:47,1300 Hours,District 6 (East Central),DAVENPORT,SCOTT,US 6,US 6/W KIMBERLY RD,Collision with:  Vehicle in traffic,On Roadway,"Sideswipe, same direction",FTYROW:  Other (explain in narrative),None Indicated,,Daylight,Dry,Clear,None apparent,Non-intersection:  Non-junction/no special feature,Paved,,Property Damage Only,0,0,0,0,0,0,2500,2,2,,POINT (-90.586179454765 41.560107005046)
2014807224,14-0388,07/10/2014,07-July,5-Thursday,06:40,0600 Hours,District 1 (Central),,WEBSTER,,CARTER AVE & 330TH ST,Collision with fixed object:  Ditch,On Roadway,Non-collision (single vehicle),Exceeded authorized speed,None Indicated,,Daylight,"Mud, dirt",Clear,None apparent,Non-intersection:  Non-junction/no special feature,Unpaved,,Minor Injury,0,1,0,1,0,0,5000,1,2,,POINT (-94.359092966312 42.311067727396)
2014807217,2014-47292,07/10/2014,07-July,5-Thursday,12:09,1200 Hours,District 6 (East Central),DAVENPORT,SCOTT,,E 53RD ST & UTICA RIDGE RD,Collision with:  Vehicle in traffic,On Roadway,Rear-end (front to rear),Lost Control,None Indicated,,Daylight,Dry,Clear,None apparent,Intersection:  Four-way intersection,Paved,,Property Damage Only,0,0,0,0,0,0,4500,2,2,,POINT (-90.513387792857 41.574937488499)
2014836284,B14-1284,07/10/2014,07-July,5-Thursday,15:00,1500 Hours,District 3 (Northwest),SERGEANT BLUFF,WOODBURY,I-29,I-29,Collision with:  Vehicle in traffic,On Roadway,Rear-end (front to rear),Driver Distraction:  Passenger,None Indicated,,Daylight,Dry,Clear,Work Zone (roadway-related),Non-intersection:  Other non-intersection (explain in narrative),Paved,Yes,Property Damage Only,0,0,0,0,0,0,4000,2,3,,POINT (-96.366690793879 42.396146708554)
2014807510,2014-47411,07/10/2014,07-July,5-Thursday,18:39,1800 Hours,District 6 (East Central),DAVENPORT,SCOTT,I-280,I-280 & US 61/140 ST,Collision with:  Vehicle in traffic,On Roadway,Rear-end (front to rear),Improper Backing,None Indicated,,Daylight,Dry,Clear,None apparent,Non-intersection:  Non-junction/no special feature,Paved,,Property Damage Only,0,0,0,0,0,0,2000,2,3,,POINT (-90.674249946375 41.509082006429)
2014810121,14-23819,07/10/2014,07-July,5-Thursday,15:53,1500 Hours,District 5 (Southeast),BURLINGTON,DES MOINES,,OAK ST,Collision with:  Vehicle in traffic,On Roadway,"Sideswipe, same direction",FTYROW:  From parked position,None Indicated,,Daylight,Dry,Cloudy,None apparent,Non-intersection:  Non-junction/no special feature,Paved,,Property Damage Only,0,0,0,0,0,0,7000,2,3,,POINT (-91.107800884612 40.823446021567)
2014807533,201400033351,07/10/2014,07-July,5-Thursday,16:40,1600 Hours,District 5 (Southeast),OTTUMWA,WAPELLO,,GARA ST & CAMILLE ST,Collision with:  Vehicle in traffic,On Roadway,Broadside (front to side),FTYROW:  At uncontrolled intersection,None Indicated,,Daylight,Dry,Clear,None apparent,Intersection:  T-intersection,Paved,,Property Damage Only,0,0,0,0,0,0,4000,2,3,,POINT (-92.403822276548 41.020563785871)
2014807307,CL14002357,07/10/2014,07-July,5-Thursday,11:22,1100 Hours,District 6 (East Central),CLINTON,CLINTON,,PERSHING BLVD,Collision with:  Vehicle in traffic,On Roadway,Broadside (front to side),Ran Stop Sign,None Indicated,,Daylight,Dry,Clear,None apparent,Intersection:  Four-way intersection,Paved,,Property Damage Only,0,0,0,0,0,0,7000,2,3,,POINT (-90.182856134989 41.868041270231)
2014807141,201409887,07/10/2014,07-July,5-Thursday,17:25,1700 Hours,District 6 (East Central),CEDAR RAPIDS,LINN,,PARK PLACE LN NE,Collision with:  Vehicle in traffic,On Roadway,Rear-end (front to rear),Other (explain in narrative):  Other,None Indicated,,Daylight,Dry,Cloudy,None apparent,Non-intersection:  Non-junction/no special feature,Unpaved,,Property Damage Only,0,0,0,0,0,0,5600,3,7,,POINT (-91.654504566769 42.028543052558)
2014807146,14015866,07/10/2014,07-July,5-Thursday,10:00,1000 Hours,District 5 (Southeast),OSKALOOSA,MAHASKA,,2ND AVE E,Collision with:  Parked motor vehicle,Outside trafficway,Unknown,Unknown,None Indicated,,Daylight,Unknown,Cloudy,Unknown,Non-intersection:  Non-junction/no special feature,Paved,,Property Damage Only,0,0,0,0,0,0,2500,2,777,,POINT (-92.63492207919 41.293577068952)
2014807955,14028765,07/10/2014,07-July,5-Thursday,10:00,1000 Hours,District 5 (Southeast),MUSCATINE,MUSCATINE,,E 5TH ST & CYPRESS ST,Collision with:  Vehicle in traffic,On Roadway,"Angle, oncoming left turn",Ran Stop Sign,None Indicated,,Daylight,Dry,Clear,None apparent,Intersection:  T-intersection,Paved,,Property Damage Only,0,0,0,0,0,0,1800,2,2,,POINT (-91.038499285045 41.429003271446)
2014807267,,07/10/2014,07-July,5-Thursday,16:05,1600 Hours,District 6 (East Central),CAMANCHE,CLINTON,US 67,US 67 & 7TH AVE,Non-collision events:  Other non-collision (explain in narrative),On Roadway,Non-collision (single vehicle),Lost Control,None Indicated,,Daylight,Other (explain in narrative),Clear,Debris,Non-intersection:  Non-junction/no special feature,Paved,,Property Damage Only,0,0,0,0,0,0,2000,1,1,,POINT (-90.25771323778 41.797258906539)
2014807301,14-010164,07/10/2014,07-July,5-Thursday,09:17,0900 Hours,District 3 (Northwest),SPENCER,CLAY,US 18,US 18/HIGHWAY BLVD & US 71 & Co Rd B19/320TH ST,Collision with:  Vehicle in traffic,On Roadway,Broadside (front to side),FTYROW:  From stop sign,None Indicated,,Daylight,Dry,Cloudy,None apparent,Intersection:  Four-way intersection,Paved,,Minor Injury,0,1,0,1,0,0,10000,2,2,,POINT (-95.150189737034 43.184077819357)
2014813182,14-0038,07/10/2014,07-July,5-Thursday,14:48,1400 Hours,District 6 (East Central),MONTICELLO,JONES,IA 38,IA 38/E 1ST ST,Collision with:  Other non-fixed object (explain in narrative),On Roadway,Non-collision (single vehicle),FTYROW:  To pedestrian,None Indicated,,Daylight,Dry,Cloudy,None apparent,Non-intersection:  Driveway access (within),Paved,,Minor Injury,0,1,0,1,0,0,0,1,2,,POINT (-91.188062362152 42.238144115429)
2014810024,2014-7268,07/10/2014,07-July,5-Thursday,08:42,0800 Hours,District 3 (Northwest),,SAC,,Co Rd M54/280TH ST,Collision with:  Animal,,,Animal,None Indicated,,,,,,,Paved,,Property Damage Only,0,0,0,0,0,0,1800,1,1,,POINT (-95.005652335898 42.385565817141)
2014807345,2014007422,07/10/2014,07-July,5-Thursday,13:44,1300 Hours,District 6 (East Central),IOWA CITY,JOHNSON,US 6,US 6/S RIVERSIDE DR & STURGIS CORNER DR,Collision with:  Vehicle in traffic,On Roadway,Broadside (front to side),FTYROW:  From stop sign,None Indicated,,Daylight,Dry,Clear,None apparent,Intersection:  T-intersection,Paved,,Property Damage Only,0,0,0,0,0,0,6000,2,4,,POINT (-91.540149674249 41.649012464045)
2014807808,14-170710-01,07/10/2014,07-July,5-Thursday,01:19,0100 Hours,District 6 (East Central),,IOWA,US 151,US 151/42ND AVE,Collision with:  Animal,,Non-collision (single vehicle),Animal,None Indicated,,,,,,,Paved,,Property Damage Only,0,0,0,0,0,0,2000,1,1,,POINT (-91.872961003434 41.820655358107)
2014807606,,07/10/2014,07-July,5-Thursday,13:51,1300 Hours,District 3 (Northwest),,SAC,US 20,US 20 & Co Rd M54/SIERRA AVE,Collision with:  Vehicle in traffic,On Roadway,Broadside (front to side),Unknown,None Indicated,,Daylight,Dry,Clear,,Non-intersection:  Non-junction/no special feature,Paved,,Property Damage Only,0,0,0,0,0,0,15000,2,2,,POINT (-94.99274709817 42.45410671999)
2014807628,14069082,07/10/2014,07-July,5-Thursday,08:40,0800 Hours,District 2 (Northeast),CEDAR FALLS,BLACK HAWK,,UNIVERSITY AVE,Collision with:  Vehicle in traffic,On Roadway,Rear-end (front to rear),Other (explain in narrative):  Other,None Indicated,,Daylight,Dry,Clear,None apparent,Non-intersection:  Non-junction/no special feature,Paved,,Property Damage Only,0,0,0,0,0,0,2700,2,13,,POINT (-92.409321294022 42.506285184881)
2014809155,14135,07/10/2014,07-July,5-Thursday,15:00,1500 Hours,District 5 (Southeast),PELLA,MARION,,FRANKLIN ST & MAIN ST,Collision with:  Vehicle in traffic,On Roadway,Broadside (front to side),FTYROW:  From parked position,None Indicated,,Daylight,Dry,Clear,None apparent,Intersection:  Other intersection (explain in narrative),Paved,,Property Damage Only,0,0,0,0,0,0,1800,2,2,,POINT (-92.916465704158 41.406712743351)
2014809055,14009818,07/10/2014,07-July,5-Thursday,13:53,1300 Hours,District 5 (Southeast),CENTERVILLE,APPANOOSE,IA 5,IA 5/S 18TH ST & E ELM ST,Collision with:  Vehicle in traffic,On Roadway,Rear-end (front to rear),Swerving/Evasive Action,None Indicated,,Daylight,Dry,Clear,Work Zone (roadway-related),Intersection:  T-intersection,Paved,Yes,Property Damage Only,0,0,0,0,0,0,8000,2,4,,POINT (-92.867892222066 40.722112047952)
2014807454,14-1511,07/10/2014,07-July,5-Thursday,22:40,2200 Hours,District 1 (Central),URBANDALE,POLK,,MAPLE DR,Collision with:  Vehicle in traffic,On Roadway,Broadside (front to side),FTYROW:  From driveway,None Indicated,,Dark - roadway lighted,Dry,Clear,None apparent,Non-intersection:  Driveway access (within),Paved,,Property Damage Only,0,0,0,0,0,0,4000,2,2,,POINT (-93.71793867052 41.622805237815)
2014807117,01-14-30338,07/10/2014,07-July,5-Thursday,21:10,2100 Hours,District 6 (East Central),DUBUQUE,DUBUQUE,,PENNSYLVANIA AVE & BIES DR,Collision with fixed object:  Utility pole/light support,On Roadway,Non-collision (single vehicle),Lost Control,None Indicated,,Dark - roadway lighted,Dry,Clear,None apparent,Non-intersection:  Non-junction/no special feature,Paved,,Minor Injury,0,1,0,1,0,0,5500,1,1,,POINT (-90.726337097903 42.500485676095)