Iowa DOT Case Number,Law Enforcement Case Number,Date of Crash,Month of Crash,Day of Week,Time of Crash,Hour,DOT District,City Name,County Name,Route with System,Location Description,First Harmful Event,Location of First Harmful Event,Manner of Crash/Collision,Major Cause,Drug or Alcohol ,Environmental Conditions,Light Conditions,Surface Conditions,Weather Conditions,Roadway Contribution,Roadway Type,Roadway Surface,Work Zone,Crash Severity,Number of Fatalities,Number of Injuries,Number of Major Injuries,Number of Minor Injuries,Number of Possible Injuries,Number of Unknown Injuries,Amount of Property Damage,Number of Vehicles Involved,Total Number of Occupants,Travel Direction,Location
2014807365,201409949,07/11/2014,07-July,6-Friday,16:12,1600 Hours,District 6 (East Central),CEDAR RAPIDS,LINN,,MOUNT VERNON RD SE,Collision with:  Vehicle in traffic,On Roadway,"Angle, oncoming left turn",FTYROW:  Making left turn,None Indicated,,Daylight,Dry,Cloudy,None apparent,Non-intersection:  Driveway access (within),Paved,,Property Damage Only,0,0,0,0,0,0,6500,2,2,,POINT (-91.619129598429 41.976867517055)
2014807480,14-028904,07/11/2014,07-July,6-Friday,08:35,0800 Hours,District 4 (Southwest),COUNCIL BLUFFS,POTTAWATTAMIE,,8TH AVE & S 9TH ST,Collision with:  Vehicle in traffic,On Roadway,Broadside (front to side),FTYROW:  At uncontrolled intersection,None Indicated,,Daylight,Dry,Clear,None apparent,Non-intersection:  Non-junction/no special feature,Paved,,Possible/Unknown,0,1,0,0,1,0,4000,2,2,,POINT (-95.857509551439 41.254302012286)
2014807582,711213114,07/11/2014,07-July,6-Friday,21:31,2100 Hours,District 4 (Southwest),,RINGGOLD,,175TH AVE & 240TH ST,Non-collision events:  Other non-collision (explain in narrative),On Roadway,Non-collision (single vehicle),Ran off road - straight,None Indicated,,Dark - roadway not lighted,"Mud, dirt",Clear,None apparent,Non-intersection:  Non-junction/no special feature,Unpaved,,Possible/Unknown,0,1,0,0,0,1,12000,1,1,,POINT (-94.333400229154 40.697307045055)
2014808315,201409955,07/11/2014,07-July,6-Friday,17:20,1700 Hours,District 6 (East Central),CEDAR RAPIDS,LINN,,REDBUD RD NE,Collision with:  Vehicle in traffic,On Roadway,"Sideswipe, same direction",FTYROW:  Other (explain in narrative),None Indicated,,Daylight,Dry,Clear,None apparent,Non-intersection:  Non-junction/no special feature,Paved,,Property Damage Only,0,0,0,0,0,0,3000,2,2,,POINT (-91.668408711465 42.016951906089)
2014807394,14-009430,07/11/2014,07-July,6-Friday,21:00,2100 Hours,District 4 (Southwest),GLENWOOD,MILLS,,10TH ST & N VINE ST,Collision with:  Vehicle in traffic,On Roadway,"Angle, oncoming left turn",Crossed centerline (undivided),None Indicated,,Dusk,Dry,Clear,None apparent,Intersection:  Other intersection (explain in narrative),Paved,,Property Damage Only,0,0,0,0,0,0,2500,2,4,,POINT (-95.742109760432 41.05587602633)
2014810395,14-002969,07/11/2014,07-July,6-Friday,15:56,1500 Hours,District 1 (Central),ANKENY,POLK,,NE 94TH AVE & NE FRISK DR & E 1ST ST,Collision with:  Vehicle in traffic,On Roadway,Rear-end (front to rear),Other (explain in narrative):  Other,None Indicated,,Daylight,Dry,Cloudy,None apparent,Intersection:  Four-way intersection,Paved,,Property Damage Only,0,0,0,0,0,0,7200,3,4,,POINT (-93.570531226634 41.731824900708)
2014850948,14-005495,07/11/2014,07-July,6-Friday,16:12,1600 Hours,District 5 (Southeast),,LOUISA,IA 92,IA 92/IOWA 92,Collision with:  Animal,On Roadway,Non-collision (single vehicle),Animal,None Indicated,,,,,,,Paved,,Property Damage Only,0,0,0,0,0,0,3000,1,1,,POINT (-91.267621479287 41.277417435435)
2014807403,14-4623,07/11/2014,07-July,6-Friday,12:48,1200 Hours,District 1 (Central),DES MOINES,POLK,,E TIFFIN AVE & E 29TH ST,Collision with:  Vehicle in traffic,On Roadway,Broadside (front to side),Ran Stop Sign,None Indicated,,Daylight,Wet,Cloudy,None apparent,Intersection:  T-intersection,Paved,,Property Damage Only,0,0,0,0,0,0,10000,2,2,,POINT (-93.56126130977 41.624064292585)
2014807732,2014040627,07/11/2014,07-July,6-Friday,21:20,2100 Hours,District 4 (Southwest),,CASS,I-80,I-80,Collision with:  Animal,,Non-collision (single vehicle),Animal,None Indicated,,,,,,,Paved,,Property Damage Only,0,0,0,0,0,0,4000,1,1,,POINT (-95.028749286748 41.497089976981)
2014808408,2014-47634,07/11/2014,07-July,6-Friday,07:58,0700 Hours,District 6 (East Central),DAVENPORT,SCOTT,,N DIVISION ST,Collision with:  Vehicle in traffic,On Roadway,Rear-end (front to rear),Other (explain in narrative):  No improper action,None Indicated,,Daylight,Dry,Clear,None apparent,Intersection:  Four-way intersection,Paved,,Property Damage Only,0,0,0,0,0,0,7500,2,2,,POINT (-90.600270230704 41.583719637778)
2014812145,14006230,07/11/2014,07-July,6-Friday,15:26,1500 Hours,District 6 (East Central),HAZLETON,BUCHANAN,IA 150,IA 150/MAIN ST & SUFFICOOL ST,Collision with:  Vehicle in traffic,On Roadway,Broadside (front to side),FTYROW:  From stop sign,None Indicated,,Daylight,Dry,Clear,None apparent,Intersection:  Four-way intersection,Paved,,Property Damage Only,0,0,0,0,0,0,6500,2,2,,POINT (-91.905517717551 42.61560183051)
2014807366,201409945,07/11/2014,07-July,6-Friday,15:25,1500 Hours,District 6 (East Central),CEDAR RAPIDS,LINN,,1ST AVE W & JOHNSON AVE SW,Collision with:  Vehicle in traffic,On Roadway,Broadside (front to side),Ran Traffic Signal,None Indicated,,Daylight,Dry,Cloudy,None apparent,Intersection:  Four-way intersection,Paved,,Property Damage Only,0,0,0,0,0,0,6500,3,4,,POINT (-91.735279907623 41.967686494283)
2014807361,201402375,07/11/2014,07-July,6-Friday,20:31,2000 Hours,District 6 (East Central),,LINN,US 30,US 30 & PALISADES KEPLER,Collision with:  Animal,,,Animal,None Indicated,,,,,,,Paved,,Property Damage Only,0,0,0,0,0,0,6000,1,1,,POINT (-91.494181923849 41.91893418665)
2014807549,14-22206,07/11/2014,07-July,6-Friday,07:38,0700 Hours,District 3 (Northwest),SIOUX CITY,WOODBURY,I-129,I-129,Collision with fixed object:  Concrete traffic barrier (median or right side),On Roadway,Non-collision (single vehicle),Ran off road - right,None Indicated,,Daylight,Wet,Rain,None apparent,Non-intersection:  Other non-intersection (explain in narrative),Paved,,Property Damage Only,0,0,0,0,0,0,2500,1,1,,POINT (-96.380534308335 42.446884861683)
2014807175,14-3280,07/11/2014,07-July,6-Friday,14:07,1400 Hours,District 1 (Central),WEST DES MOINES,POLK,,WESTOWN PL & 35TH ST/VALLEY WEST DR,Collision with:  Vehicle in traffic,On Roadway,Rear-end (front to rear),Swerving/Evasive Action,None Indicated,,Daylight,Dry,Cloudy,None apparent,Intersection:  Four-way intersection,Paved,,Property Damage Only,0,0,0,0,0,0,9000,2,2,,POINT (-93.751915595679 41.596422129431)
2014810065,2014-7329,07/11/2014,07-July,6-Friday,14:24,1400 Hours,District 3 (Northwest),,SAC,US 20,US 20/220TH ST,Collision with:  Vehicle in traffic,On Roadway,Rear-end (front to rear),Other (explain in narrative):  Other,None Indicated,,Daylight,Dry,Clear,None apparent,Non-intersection:  Non-junction/no special feature,Paved,,Property Damage Only,0,0,0,0,0,0,1500,2,2,,POINT (-95.254314933775 42.474797798657)
2014807221,2014-47702,07/11/2014,07-July,6-Friday,11:25,1100 Hours,District 6 (East Central),DAVENPORT,SCOTT,,E 53RD ST & BELLE AVE,Collision with:  Vehicle in traffic,On Roadway,Rear-end (front to rear),Followed too close,None Indicated,,Daylight,Dry,Cloudy,None apparent,Non-intersection:  Non-junction/no special feature,Paved,,Possible/Unknown,0,1,0,0,1,0,10000,2,2,,POINT (-90.545538298393 41.574755102512)
2014807758,,07/11/2014,07-July,6-Friday,10:39,1000 Hours,District 2 (Northeast),CHARLES CITY,FLOYD,,3RD ST & S IOWA ST,Collision with:  Vehicle in traffic,On Roadway,Broadside (front to side),FTYROW:  From stop sign,None Indicated,,Daylight,Dry,Clear,None apparent,Intersection:  Four-way intersection,Paved,,Minor Injury,0,1,0,1,0,0,7000,2,2,,POINT (-92.68665108288 43.061680625588)
2014810126,14-69803,07/11/2014,07-July,6-Friday,22:40,2200 Hours,District 2 (Northeast),,BLACK HAWK,US 20,US 20,Collision with:  Animal,,,Animal,None Indicated,,,,,,,Paved,,Property Damage Only,0,0,0,0,0,0,4000,1,1,,POINT (-92.510912661575 42.46478739386)
2014807371,14014420,07/11/2014,07-July,6-Friday,00:30,0000 Hours,District 6 (East Central),MARION,LINN,,14TH ST,Collision with:  Parked motor vehicle,On Roadway,"Sideswipe, same direction",Unknown,None Indicated,,Dark - roadway not lighted,Dry,Cloudy,None apparent,Non-intersection:  Non-junction/no special feature,Paved,,Property Damage Only,0,0,0,0,0,0,5500,2,1,,POINT (-91.59463881689 42.037246181641)
2014807298,14004260,07/11/2014,07-July,6-Friday,08:00,0800 Hours,District 2 (Northeast),,CERRO GORDO,,EAGLE AVE & 125TH ST,Non-collision events:  Overturn/rollover,On Roadway,Non-collision (single vehicle),Driving too fast for conditions,None Indicated,,Daylight,"Mud, dirt",Cloudy,None apparent,Intersection:  Y-intersection,Unpaved,,Property Damage Only,0,0,0,0,0,0,7000,1,1,,POINT (-93.418867527742 42.944385226852)
2014807483,14-028956,07/11/2014,07-July,6-Friday,14:14,1400 Hours,District 4 (Southwest),COUNCIL BLUFFS,POTTAWATTAMIE,,CRESTMONT DR & EASTWOOD LN,Collision with:  Vehicle in traffic,On Roadway,Broadside (front to side),FTYROW:  At uncontrolled intersection,None Indicated,,Daylight,Dry,Cloudy,None apparent,Intersection:  Four-way intersection,Paved,,Possible/Unknown,0,1,0,0,1,0,3500,2,2,,POINT (-95.819447404843 41.250900030096)
2014807455,14-1514,07/11/2014,07-July,6-Friday,08:00,0800 Hours,District 1 (Central),URBANDALE,POLK,I-35,I-35,Collision with:  Vehicle in traffic,On Roadway,Rear-end (front to rear),Followed too close,None Indicated,,Daylight,Dry,Clear,None apparent,Non-intersection:  Non-junction/no special feature,Paved,,Possible/Unknown,0,1,0,0,1,0,6000,2,2,,POINT (-93.77693587717 41.645606022602)
2014810944,,07/11/2014,07-July,6-Friday,20:01,2000 Hours,District 2 (Northeast),JACKSON JUNCTION,WINNESHIEK,,CO RD V68 & 115TH ST,Non-collision events:  Overturn/rollover,Outside trafficway,Non-collision (single vehicle),Swerving/Evasive Action,None Indicated,,Daylight,"Mud, dirt",Cloudy,None apparent,Intersection:  T-intersection,Paved,,Property Damage Only,0,0,0,0,0,0,3000,1,1,,POINT (-92.032462332657 43.104403586641)
2014807281,W14-069664,07/11/2014,07-July,6-Friday,16:55,1600 Hours,District 2 (Northeast),WATERLOO,BLACK HAWK,,W PARKER ST & BROADWAY ST,Collision with:  Vehicle in traffic,On Roadway,"Angle, oncoming left turn",FTYROW:  Making left turn,None Indicated,,Daylight,Dry,Cloudy,None apparent,Intersection:  Four-way intersection,Paved,,Possible/Unknown,0,2,0,0,2,0,3000,2,3,,POINT (-92.346699320522 42.516707255647)
2014807554,14-22285,07/11/2014,07-July,6-Friday,18:09,1800 Hours,District 3 (Northwest),SIOUX CITY,WOODBURY,,DODGE AVE,Collision with:  Other non-fixed object (explain in narrative),On Roadway,Head-on (front to front),Ran off road - right,None Indicated,,Daylight,Wet,Cloudy,Work Zone (roadway-related),Non-intersection:  Non-junction/no special feature,Paved,Yes,Minor Injury,0,1,0,1,0,0,3800,2,1,,POINT (-96.37361758329 42.484466705626)
2014810142,14069806,07/11/2014,07-July,6-Friday,22:45,2200 Hours,District 2 (Northeast),HUDSON,BLACK HAWK,US 63,US 63,Collision with:  Animal,On Roadway,Non-collision (single vehicle),Animal,None Indicated,,Dark - roadway not lighted,Dry,Clear,None apparent,Non-intersection:  Non-junction/no special feature,Paved,,Property Damage Only,0,0,0,0,0,0,3000,1,1,,POINT (-92.441798078157 42.421072056437)
2014808873,14-000813,07/11/2014,07-July,6-Friday,00:01,0000 Hours,District 1 (Central),,STORY,US 69,US 69,Collision with fixed object:  Ditch,Unknown,Non-collision (single vehicle),Ran off road - right,Alcohol (Statutory),,Dark - roadway not lighted,Dry,Clear,None apparent,Non-intersection:  Non-junction/no special feature,Paved,,Fatal,1,0,0,0,0,0,5000,1,1,,POINT (-93.609352808207 41.924327808706)
2014807740,2014040614,07/11/2014,07-July,6-Friday,20:00,2000 Hours,District 1 (Central),,JASPER,I-80,I-80,Collision with:  Vehicle in traffic,On Roadway,Rear-end (front to rear),Followed too close,None Indicated,,Daylight,Dry,Cloudy,None apparent,Non-intersection:  Non-junction/no special feature,Paved,,Property Damage Only,0,0,0,0,0,0,5000,2,2,,POINT (-93.122036489039 41.681592668003)
2014807694,14008244,07/11/2014,07-July,6-Friday,07:29,0700 Hours,District 1 (Central),,TAMA,,P AVE,Collision with:  Vehicle in traffic,On Roadway,"Sideswipe, opposite direction",Traveling wrong way or on wrong side of road,None Indicated,,Daylight,"Mud, dirt",Clear,None apparent,Non-intersection:  Non-junction/no special feature,Unpaved,,Minor Injury,0,1,0,1,0,0,16000,2,3,,POINT (-92.478976177567 41.881476006131)
2014807739,2014040465,07/11/2014,07-July,6-Friday,06:59,0600 Hours,District 1 (Central),,JASPER,I-80,I-80,Collision with fixed object:  Utility pole/light support,On Roadway,Non-collision (single vehicle),Unknown,None Indicated,,Daylight,Dry,Cloudy,None apparent,Non-intersection:  Non-junction/no special feature,Paved,,Property Damage Only,0,0,0,0,0,0,7000,1,1,,POINT (-93.252363731076 41.690936979099)
2014807158,20140019715,07/11/2014,07-July,6-Friday,09:48,0900 Hours,District 1 (Central),DES MOINES,POLK,US 6,US 6/EUCLID AVE & 11TH ST,Collision with:  Vehicle in traffic,On Roadway,"Angle, oncoming left turn",Made improper turn,None Indicated,,Daylight,Wet,Rain,Non-highway work,Intersection:  Four-way intersection,Paved,,Property Damage Only,0,0,0,0,0,0,2900,2,2,,POINT (-93.631989459655 41.6276603708)
2014807636,14-005990,07/11/2014,07-July,6-Friday,16:20,1600 Hours,District 4 (Southwest),ATLANTIC,CASS,US 6,US 6/7TH ST & US 71/WHITNEY ST,Collision with:  Vehicle in traffic,On Roadway,Head-on (front to front),FTYROW:  Making left turn,None Indicated,,Daylight,Wet,Cloudy,None apparent,Intersection:  Four-way intersection,Paved,,Possible/Unknown,0,3,0,0,3,0,12000,2,3,,POINT (-94.984119312253 41.40385529931)
2014807160,20140019702,07/11/2014,07-July,6-Friday,03:40,0300 Hours,District 1 (Central),DES MOINES,POLK,,HUBBELL AVE,Collision with fixed object:  Utility pole/light support,Outside trafficway,Non-collision (single vehicle),Lost Control,None Indicated,,Dark - roadway lighted,Dry,Cloudy,None apparent,Non-intersection:  Non-junction/no special feature,Paved,,Property Damage Only,0,0,0,0,0,0,8500,1,2,,POINT (-93.564483817369 41.617797508659)
2014807584,TA14069,07/11/2014,07-July,6-Friday,15:55,1500 Hours,District 3 (Northwest),POCAHONTAS,POCAHONTAS,IA 4,IA 4/NW 7TH ST/220TH AVE & 6TH AVE NW,Collision with:  Vehicle in traffic,On Roadway,Broadside (front to side),FTYROW:  From stop sign,None Indicated,,Daylight,Dry,Clear,None apparent,Intersection:  Four-way intersection,Paved,,Minor Injury,0,2,0,1,1,0,32000,2,2,,POINT (-94.678853344718 42.739869833636)
2014810246,14-005989,07/11/2014,07-July,6-Friday,22:25,2200 Hours,District 6 (East Central),,DELAWARE,IA 38,IA 38/IOWA 38,Collision with:  Animal,,,Animal,None Indicated,,,,,,,Paved,,Property Damage Only,0,0,0,0,0,0,4000,1,1,,POINT (-91.340996289478 42.531109011827)
2014808185,14-002514,07/11/2014,07-July,6-Friday,19:13,1900 Hours,District 1 (Central),AMES,STORY,US 69,US 69/S DUFF AVE & S 5TH ST & SE 5TH ST,Collision with:  Vehicle in traffic,On Roadway,Rear-end (front to rear),Followed too close,None Indicated,,Daylight,Dry,Cloudy,None apparent,Non-intersection:  Non-junction/no special feature,Paved,,Property Damage Only,0,0,0,0,0,0,2000,2,3,,POINT (-93.610349293384 42.017406333567)
2014809621,2014040673,07/11/2014,07-July,6-Friday,22:30,2200 Hours,District 6 (East Central),,JONES,,Co Rd E29/CO RD E-29 & Co Rd X44/AMBER RD X-44,Non-collision events:  Overturn/rollover,Shoulder,Non-collision (single vehicle),Ran Stop Sign,None Indicated,,Dark - roadway not lighted,Dry,Cloudy,None apparent,Intersection:  T-intersection,Paved,,Possible/Unknown,0,1,0,0,0,1,2050,1,1,,POINT (-91.170695290436 42.117612203583)
2014807411,14-002973,07/11/2014,07-July,6-Friday,17:48,1700 Hours,District 1 (Central),ANKENY,POLK,,NW 10TH ST & NW STATE ST,Collision with:  Vehicle in traffic,On Roadway,Rear-end (front to rear),Driver Distraction:  Manual operation of an electronic communication device,None Indicated,,Daylight,Dry,Cloudy,None apparent,Intersection:  T-intersection,Paved,,Property Damage Only,0,0,0,0,0,0,7500,2,2,,POINT (-93.621366226234 41.740171963975)
2014815107,,07/11/2014,07-July,6-Friday,20:30,2000 Hours,District 5 (Southeast),,HENRY,,Co Rd H28/170TH ST & NEBRASKA AVE,Collision with:  Animal,On Roadway,Non-collision (single vehicle),Animal,None Indicated,,,,,,,Paved,,Property Damage Only,0,0,0,0,0,0,1735,1,2,,POINT (-91.457419623682 41.060424058316)
2014807152,14-4612,07/11/2014,07-July,6-Friday,08:06,0800 Hours,District 1 (Central),GRIMES,POLK,IA 141,IA 141/IOWA 141 & SE 37TH ST,Collision with:  Vehicle in traffic,On Roadway,Rear-end (front to rear),Followed too close,None Indicated,,Daylight,Dry,Cloudy,None apparent,Intersection:  Four-way intersection,Paved,,Possible/Unknown,0,2,0,0,2,0,12000,2,2,,POINT (-93.775013102497 41.658508187682)
2014807222,2014-47707,07/11/2014,07-July,6-Friday,12:27,1200 Hours,District 6 (East Central),DAVENPORT,SCOTT,,IA 461/BRADY ST & W 5TH ST & E 5TH ST,Collision with fixed object:  Bridge overhead structure,On Roadway,Non-collision (single vehicle),Other (explain in narrative):  Other,None Indicated,,Daylight,Dry,Cloudy,None apparent,Non-intersection:  Other non-intersection (explain in narrative),Paved,,Minor Injury,0,1,0,1,0,0,3000,1,2,,POINT (-90.57406350467 41.524654860414)
2014807342,14101716,07/11/2014,07-July,6-Friday,11:24,1100 Hours,District 6 (East Central),,JOHNSON,,Co Rd F12/120TH ST & Co Rd W6E/ELY RD,Collision with:  Vehicle in traffic,On Roadway,"Angle, oncoming left turn",FTYROW:  Making left turn,None Indicated,,Daylight,Dry,Cloudy,None apparent,Intersection:  T-intersection,Paved,,Property Damage Only,0,0,0,0,0,0,16000,2,3,,POINT (-91.563963726228 41.849676355804)
2014807652,P14-008133,07/11/2014,07-July,6-Friday,22:26,2200 Hours,District 1 (Central),WEBSTER CITY,HAMILTON,,BROADWAY ST,Collision with:  Parked motor vehicle,Outside trafficway,Rear-end (front to rear),Unknown,None Indicated,,Dark - roadway lighted,Dry,Clear,None apparent,Non-intersection:  Non-junction/no special feature,Paved,,Property Damage Only,0,0,0,0,0,0,5000,2,1,,POINT (-93.826354041552 42.47367703055)
2014810248,14005961,07/11/2014,07-July,6-Friday,06:13,0600 Hours,District 6 (East Central),,DELAWARE,,Co Rd W69/140TH AVE,Non-collision events:  Overturn/rollover,Shoulder,Non-collision (single vehicle),Ran off road - left,None Indicated,,Dawn,Dry,Cloudy,None apparent,Non-intersection:  Non-junction/no special feature,Paved,,Property Damage Only,0,0,0,0,0,0,2000,1,1,,POINT (-91.530906412421 42.603287184373)
2014807412,14-002964,07/11/2014,07-July,6-Friday,11:40,1100 Hours,District 1 (Central),ANKENY,POLK,,SW 3RD ST,Collision with:  Vehicle in traffic,On Roadway,"Angle, oncoming left turn",FTYROW:  Making left turn,None Indicated,,Daylight,Dry,Cloudy,None apparent,Non-intersection:  Driveway access (within),Paved,,Property Damage Only,0,0,0,0,0,0,3000,2,2,,POINT (-93.601184687885 41.729624015046)
2014807310,CL14002381,07/11/2014,07-July,6-Friday,14:29,1400 Hours,District 6 (East Central),CLINTON,CLINTON,,5TH AVE S,Collision with:  Vehicle in traffic,On Roadway,Broadside (front to side),FTYROW:  From parked position,None Indicated,,Daylight,Dry,Clear,None apparent,Non-intersection:  Non-junction/no special feature,Paved,,Property Damage Only,0,0,0,0,0,0,6500,2,3,,POINT (-90.186491749737 41.841194442602)
2014807444,20140019739,07/11/2014,07-July,6-Friday,14:07,1400 Hours,District 1 (Central),DES MOINES,POLK,US 6,US 6/E EUCLID AVE & E 25TH ST,Collision with:  Vehicle in traffic,On Roadway,Rear-end (front to rear),Unknown,None Indicated,,Daylight,Wet,Rain,"Surface condition (e.g., wet, icy)",Intersection:  T-intersection,Paved,,Major Injury,0,1,1,0,0,0,1800,2,2,,POINT (-93.57092096355 41.627718684289)
2014807227,14-2087,07/11/2014,07-July,6-Friday,14:09,1400 Hours,District 1 (Central),FORT DODGE,WEBSTER,,5TH AVE S,Collision with:  Vehicle in traffic,On Roadway,Rear-end (front to rear),Followed too close,None Indicated,,Daylight,Dry,Cloudy,None apparent,Intersection:  Four-way intersection,Paved,,Property Damage Only,0,0,0,0,0,0,11000,2,6,,POINT (-94.177735557145 42.501026146673)
2014808017,2014040470,07/11/2014,07-July,6-Friday,07:15,0700 Hours,District 5 (Southeast),,WARREN,I-35,I-35 & Co Rd G64/SHAW ST,Collision with:  Animal,On Roadway,Non-collision (single vehicle),Animal,None Indicated,,Daylight,Dry,Clear,None apparent,Non-intersection:  Non-junction/no special feature,Paved,,Possible/Unknown,0,1,0,0,1,0,2500,1,1,,POINT (-93.781419222148 41.227837213737)
2014807318,01-14-30472,07/11/2014,07-July,6-Friday,16:12,1600 Hours,District 6 (East Central),DUBUQUE,DUBUQUE,,CEDAR CROSS RD & N CASCADE RD & FREMONT AVE,Collision with:  Vehicle in traffic,On Roadway,"Angle, oncoming left turn",FTYROW:  Making left turn,None Indicated,,Daylight,Wet,Rain,None apparent,Intersection:  Four-way intersection,Paved,,Property Damage Only,0,0,0,0,0,0,6500,2,2,,POINT (-90.705042903638 42.475458673081)
2014807485,14-028974,07/11/2014,07-July,6-Friday,16:50,1600 Hours,District 4 (Southwest),COUNCIL BLUFFS,POTTAWATTAMIE,I-29,I-29,Collision with:  Vehicle in traffic,On Roadway,"Sideswipe, same direction",Improper or erratic lane changing,None Indicated,,Daylight,Dry,Clear,None apparent,Non-intersection:  Non-junction/no special feature,Paved,,Property Damage Only,0,0,0,0,0,0,2000,2,2,,POINT (-95.90826901777 41.267530154174)
2014807447,20140019718,07/11/2014,07-July,6-Friday,10:00,1000 Hours,District 1 (Central),DES MOINES,POLK,US 6,US 6/E EUCLID AVE & CAMBRIDGE ST,Collision with:  Vehicle in traffic,On Roadway,Broadside (front to side),FTYROW:  From stop sign,None Indicated,,Daylight,Wet,Rain,Work Zone (roadway-related),Intersection:  Four-way intersection,Paved,Yes,Property Damage Only,0,0,0,0,0,0,7000,2,2,,POINT (-93.616299423728 41.627700525006)
2014807359,201402363,07/11/2014,07-July,6-Friday,06:39,0600 Hours,District 6 (East Central),PALO,LINN,,Co Rd E36/BLAIRS FERRY RD/SHELLSBURG RD & HOLLENBECK RD,Collision with:  Vehicle in traffic,On Roadway,Broadside (front to side),FTYROW:  From stop sign,None Indicated,,Daylight,Dry,Cloudy,None apparent,Intersection:  Four-way intersection,Paved,,Property Damage Only,0,0,0,0,0,0,15000,2,2,,POINT (-91.809173366611 42.066124602781)
2014807121,14-1060,07/11/2014,07-July,6-Friday,10:26,1000 Hours,District 1 (Central),,GREENE,US 30,US 30/220TH & PIONEER AVE,Non-collision events:  Other non-collision (explain in narrative),On Roadway,Non-collision (single vehicle),Crossed centerline (undivided),None Indicated,,Daylight,Wet,Cloudy,None apparent,Non-intersection:  Non-junction/no special feature,Paved,,Property Damage Only,0,0,0,0,0,0,4000,2,5,,POINT (-94.329275918068 42.034514151512)
2014809786,14-23953,07/11/2014,07-July,6-Friday,14:42,1400 Hours,District 5 (Southeast),BURLINGTON,DES MOINES,,AGENCY ST & W BURLINGTON AVE,Collision with:  Vehicle in traffic,On Roadway,Broadside (front to side),Unknown,None Indicated,,Daylight,Dry,Cloudy,None apparent,Intersection:  Four-way intersection,Paved,,Property Damage Only,0,0,0,0,0,0,2500,2,3,,POINT (-91.150939273032 40.814074942023)
2014808473,2014040525,07/11/2014,07-July,6-Friday,12:45,1200 Hours,District 6 (East Central),,DELAWARE,IA 13,IA 13/IOWA 13 & 330TH ST,Collision with:  Animal,,,Animal,None Indicated,,,,,,,Paved,,Property Damage Only,0,0,0,0,0,0,6500,1,1,,POINT (-91.48019229172 42.310761070203)
2014807477,S14-002611,07/11/2014,07-July,6-Friday,23:55,2300 Hours,District 4 (Southwest),,POTTAWATTAMIE,US 59,US 59,Collision with:  Animal,,,Animal,None Indicated,,,,,,,Paved,,Property Damage Only,0,0,0,0,0,0,2400,1,1,,POINT (-95.403473330896 41.282831254769)
2014807220,2014-47630,07/11/2014,07-July,6-Friday,07:47,0700 Hours,District 6 (East Central),DAVENPORT,SCOTT,,E 36TH ST & KIMBERLY DOWNS RD,Collision with:  Vehicle in traffic,On Roadway,"Angle, oncoming left turn",FTYROW:  Making left turn,None Indicated,,Daylight,Dry,Clear,None apparent,Intersection:  T-intersection,Paved,,Minor Injury,0,1,0,1,0,0,9000,2,2,,POINT (-90.560855945266 41.556870398912)
2014807550,14-22249,07/11/2014,07-July,6-Friday,15:04,1500 Hours,District 3 (Northwest),SIOUX CITY,WOODBURY,US 20,US 20/SW RAMP & IA 12/IOWA 12,Collision with:  Vehicle in traffic,On Roadway,Head-on (front to front),Traveling wrong way or on wrong side of road,None Indicated,,Daylight,Dry,Cloudy,None apparent,Non-intersection:  Non-junction/no special feature,Paved,,Property Damage Only,0,0,0,0,0,0,2000,2,2,,POINT (-96.327389020454 42.475536442608)
2014807482,14-028955,07/11/2014,07-July,6-Friday,14:12,1400 Hours,District 4 (Southwest),COUNCIL BLUFFS,POTTAWATTAMIE,US 6,US 6/KANESVILLE BLVD & NORTH AVE,Collision with:  Vehicle in traffic,On Roadway,"Sideswipe, same direction",FTYROW:  Making right turn on red signal,None Indicated,,Daylight,Dry,Cloudy,None apparent,Non-intersection:  Non-junction/no special feature,Paved,,Property Damage Only,0,0,0,0,0,0,2500,2,3,,POINT (-95.830984500287 41.27126834555)
2014807315,14-23915,07/11/2014,07-July,6-Friday,09:52,0900 Hours,District 5 (Southeast),,DES MOINES,US 34,US 34 & SOUTH PRAIRIE GROVE RD,Collision with:  Animal,,,Animal,None Indicated,,,,,,,Paved,,Property Damage Only,0,0,0,0,0,0,2000,1,1,,POINT (-91.242749228455 40.832228868529)
2014807481,14-028940,07/11/2014,07-July,6-Friday,12:42,1200 Hours,District 4 (Southwest),COUNCIL BLUFFS,POTTAWATTAMIE,US 6,US 6/KANESVILLE BLVD & NORTH AVE,Collision with:  Vehicle in traffic,On Roadway,Broadside (front to side),Ran Traffic Signal,None Indicated,,Daylight,Dry,Cloudy,None apparent,Intersection:  Four-way intersection,Paved,,Minor Injury,0,2,0,2,0,0,8000,2,2,,POINT (-95.831046069199 41.271311862711)
2014807364,201409973,07/11/2014,07-July,6-Friday,23:00,2300 Hours,District 6 (East Central),CEDAR RAPIDS,LINN,,WILEY BLVD SW & 33RD AVE SW & EDGEWOOD RD SW,Collision with:  Vehicle in traffic,On Roadway,"Sideswipe, opposite direction",Ran Traffic Signal,None Indicated,,Dark - roadway lighted,Dry,Cloudy,None apparent,Intersection:  Four-way intersection,Paved,,Property Damage Only,0,0,0,0,0,0,4000,2,5,,POINT (-91.716027635966 41.945614008441)
2014807289,W14-069434,07/11/2014,07-July,6-Friday,01:28,0100 Hours,District 2 (Northeast),WATERLOO,BLACK HAWK,,W PARKER ST & BURTON AVE,Collision with fixed object:  Utility pole/light support,Outside trafficway,Non-collision (single vehicle),Unknown,Under Influence of Alcohol/Drugs/Medications,,Dark - roadway lighted,Dry,Clear,None apparent,Intersection:  Four-way intersection,Paved,,Property Damage Only,0,0,0,0,0,0,5000,1,1,,POINT (-92.357290232379 42.516722113573)