Iowa DOT Case Number,Law Enforcement Case Number,Date of Crash,Month of Crash,Day of Week,Time of Crash,Hour,DOT District,City Name,County Name,Route with System,Location Description,First Harmful Event,Location of First Harmful Event,Manner of Crash/Collision,Major Cause,Drug or Alcohol ,Environmental Conditions,Light Conditions,Surface Conditions,Weather Conditions,Roadway Contribution,Roadway Type,Roadway Surface,Work Zone,Crash Severity,Number of Fatalities,Number of Injuries,Number of Major Injuries,Number of Minor Injuries,Number of Possible Injuries,Number of Unknown Injuries,Amount of Property Damage,Number of Vehicles Involved,Total Number of Occupants,Travel Direction,Location
2014810066,2014-7343,07/11/2014,07-July,6-Friday,22:25,2200 Hours,District 3 (Northwest),AUBURN,SAC,US 71,US 71/YANKEE AVE/370TH ST & IA 175,Collision with:  Vehicle in traffic,On Roadway,"Angle, oncoming left turn",Ran Stop Sign,None Indicated,,Dark - roadway not lighted,Dry,Clear,None apparent,Intersection:  T-intersection,Paved,,Property Damage Only,0,0,0,0,0,0,3000,2,4,,POINT (-94.877645540292 42.253144307615)
2014807264,,07/11/2014,07-July,6-Friday,07:36,0700 Hours,District 3 (Northwest),,POCAHONTAS,IA 15,IA 15/310TH AVE,Collision with fixed object:  Ditch,Roadside,Non-collision (single vehicle),Ran off road - right,None Indicated,,Daylight,Dry,Cloudy,None apparent,Non-intersection:  Other non-intersection (explain in narrative),Paved,,Property Damage Only,0,0,0,0,0,0,7100,1,1,,POINT (-94.502074430443 42.865191700987)
2014807445,20140019741,07/11/2014,07-July,6-Friday,14:00,1400 Hours,District 1 (Central),DES MOINES,POLK,IA 28,IA 28/MERLE HAY RD,Collision with:  Vehicle in traffic,On Roadway,"Sideswipe, same direction",Improper or erratic lane changing,None Indicated,,Daylight,Dry,Clear,None apparent,Non-intersection:  Non-junction/no special feature,Paved,,Property Damage Only,0,0,0,0,0,0,1500,2,2,,POINT (-93.697707915093 41.643583237541)
2014811981,SO140282,07/11/2014,07-July,6-Friday,08:27,0800 Hours,District 4 (Southwest),,ADAMS,,Co Rd N61/QUINCE AVE,,On Roadway,Non-collision (single vehicle),Equipment failure,None Indicated,,Daylight,Dry,Cloudy,None apparent,Non-intersection:  Non-junction/no special feature,Paved,,Property Damage Only,0,0,0,0,0,0,15000,1,1,,POINT (-94.604419136557 40.991958681126)
2014807543,14-2091,07/11/2014,07-July,6-Friday,16:45,1600 Hours,District 1 (Central),FORT DODGE,WEBSTER,,RAYMOND DR,Collision with:  Vehicle in traffic,On Roadway,Broadside (front to side),Improper Backing,None Indicated,,Daylight,Dry,Cloudy,None apparent,Non-intersection:  Driveway access (within),Paved,,Property Damage Only,0,0,0,0,0,0,1500,2,1,,POINT (-94.19146454022 42.517085464639)
2014807456,14-1521,07/11/2014,07-July,6-Friday,16:47,1600 Hours,District 1 (Central),URBANDALE,POLK,,86TH ST,Collision with:  Vehicle in traffic,On Roadway,Rear-end (front to rear),Followed too close,None Indicated,,Daylight,Dry,Clear,None apparent,Intersection:  Four-way intersection,Paved,,Property Damage Only,0,0,0,0,0,0,8000,2,2,,POINT (-93.73650578377 41.62886669527)
2014807309,CL14002377,07/11/2014,07-July,6-Friday,10:40,1000 Hours,District 6 (East Central),CLINTON,CLINTON,US 67,US 67/N 2ND ST & 14TH AVE N,Collision with:  Vehicle in traffic,On Roadway,Broadside (front to side),Ran Stop Sign,None Indicated,,Daylight,Dry,Cloudy,None apparent,Intersection:  Four-way intersection,Paved,,Property Damage Only,0,0,0,0,0,0,5000,2,3,,POINT (-90.184481667847 41.859831963409)
2014807432,20140019744,07/11/2014,07-July,6-Friday,15:00,1500 Hours,District 1 (Central),DES MOINES,POLK,,MLK JR PKWY,Collision with:  Vehicle in traffic,On Roadway,"Sideswipe, same direction",FTYROW:  Making left turn,None Indicated,,Daylight,Dry,Cloudy,None apparent,Intersection:  Four-way intersection,Paved,,Possible/Unknown,0,1,0,0,1,0,5500,2,5,,POINT (-93.643885720571 41.603464050694)
2014809847,2014-004052,07/11/2014,07-July,6-Friday,14:45,1400 Hours,District 6 (East Central),,BENTON,,31 AVE,Collision with fixed object:  Ditch,On Roadway,Non-collision (single vehicle),Crossed centerline (undivided),None Indicated,,Daylight,Dry,Cloudy,None apparent,Intersection:  Four-way intersection,Unpaved,,Possible/Unknown,0,1,0,0,1,0,8000,1,1,,POINT (-91.88955280887 41.861770561409)
2014807810,C14002124,07/11/2014,07-July,6-Friday,14:00,1400 Hours,District 6 (East Central),CORALVILLE,JOHNSON,US 6,US 6/2ND ST,Collision with:  Vehicle in traffic,On Roadway,Rear-end (front to rear),Followed too close,None Indicated,,Daylight,Dry,Cloudy,None apparent,Non-intersection:  Non-junction/no special feature,Paved,,Possible/Unknown,0,1,0,0,1,0,11000,3,4,,POINT (-91.603756124877 41.685821336127)
2014807288,W14-069638,07/11/2014,07-July,6-Friday,15:30,1500 Hours,District 2 (Northeast),WATERLOO,BLACK HAWK,US 218,US 218/WASHINGTON ST & W 18TH ST,Collision with:  Vehicle in traffic,On Roadway,Rear-end (front to rear),Other (explain in narrative):  Other,None Indicated,,Daylight,Dry,Clear,None apparent,Intersection:  Four-way intersection,Paved,,Property Damage Only,0,0,0,0,0,0,3500,2,3,,POINT (-92.327963473253 42.483808709859)
2014807781,14-147,07/11/2014,07-July,6-Friday,14:09,1400 Hours,District 2 (Northeast),WAVERLY,BREMER,IA 116,IA 116/4TH ST SW & 1ST AVE SW,Collision with:  Vehicle in traffic,On Roadway,"Sideswipe, same direction",Other (explain in narrative):  Other,None Indicated,,Daylight,Dry,Cloudy,None apparent,Non-intersection:  Non-junction/no special feature,Paved,,Property Damage Only,0,0,0,0,0,0,5500,2,2,,POINT (-92.475665091836 42.724743147496)
2014811259,,07/11/2014,07-July,6-Friday,15:41,1500 Hours,District 2 (Northeast),ALGONA,KOSSUTH,,W NORTH ST,Unknown,On Roadway,Broadside (front to side),Improper Backing,None Indicated,,Daylight,Dry,Clear,None apparent,Non-intersection:  Non-junction/no special feature,Paved,,Property Damage Only,0,0,0,0,0,0,4000,2,2,,POINT (-94.241158285184 43.070849115075)
2014807362,201409953,07/11/2014,07-July,6-Friday,16:49,1600 Hours,District 6 (East Central),CEDAR RAPIDS,LINN,,A AVE NE,Collision with:  Vehicle in traffic,On Roadway,Broadside (front to side),FTYROW:  From driveway,None Indicated,,Daylight,Dry,Cloudy,None apparent,Non-intersection:  Driveway access (within),Paved,,Possible/Unknown,0,1,0,0,1,0,4000,2,3,,POINT (-91.661998192899 41.983976949679)
2014809125,14-21092,07/11/2014,07-July,6-Friday,21:09,2100 Hours,District 5 (Southeast),FORT MADISON,LEE,,BUS US 61,Collision with:  Animal,,Non-collision (single vehicle),Animal,None Indicated,,,,,,,Paved,,Property Damage Only,0,0,0,0,0,0,3500,1,1,,POINT (-91.2715170325 40.664528923853)
2014807360,201402370,07/11/2014,07-July,6-Friday,16:40,1600 Hours,District 6 (East Central),,LINN,,Co Rd E34/COUNTY HOME RD & Co Rd W58/N ALBURNETT RD,Collision with:  Vehicle in traffic,On Roadway,Rear-end (front to rear),Followed too close,None Indicated,,Daylight,Dry,Cloudy,None apparent,Intersection:  Four-way intersection,Paved,,Property Damage Only,0,0,0,0,0,0,1700,2,5,,POINT (-91.619056755614 42.094615481121)
2014807797,CL14002384,07/11/2014,07-July,6-Friday,17:15,1700 Hours,District 6 (East Central),CLINTON,CLINTON,,7TH AVE S & S 9TH ST,Collision with:  Vehicle in traffic,On Roadway,Broadside (front to side),FTYROW:  From stop sign,None Indicated,,Daylight,Dry,Clear,None apparent,Intersection:  Four-way intersection,Paved,,Minor Injury,0,1,0,1,0,0,7500,2,4,,POINT (-90.207161472318 41.838898505769)
2014807340,14-17870,07/11/2014,07-July,6-Friday,21:10,2100 Hours,District 1 (Central),,JASPER,,Co Rd F70/HWY F-70 W & W 117TH ST S,Collision with:  Animal,On Roadway,Non-collision (single vehicle),Animal,None Indicated,,Dark - roadway not lighted,Dry,Clear,None apparent,Non-intersection:  Non-junction/no special feature,Paved,,Property Damage Only,0,0,0,0,0,0,12000,1,2,,POINT (-93.272527030077 41.522490934575)
2014807398,14-029111,07/12/2014,07-July,7-Saturday,14:43,1400 Hours,District 5 (Southeast),MUSCATINE,MUSCATINE,,CEDAR ST,Collision with:  Vehicle in traffic,Roadside,Rear-end (front to rear),Unknown,None Indicated,,Daylight,Dry,Clear,None apparent,Non-intersection:  Non-junction/no special feature,Paved,,Property Damage Only,0,0,0,0,0,0,7000,2,4,,POINT (-91.08473725158 41.436069419709)
2014814243,,07/12/2014,07-July,7-Saturday,09:47,0900 Hours,District 5 (Southeast),,MUSCATINE,,BAYFIELD RD,Collision with:  Parked motor vehicle,On Roadway,Broadside (front to side),Improper Backing,None Indicated,,Daylight,Dry,Clear,None apparent,Non-intersection:  Driveway access (within),Paved,,Property Damage Only,0,0,0,0,0,0,1500,2,777,,POINT (-91.088455243884 41.465160526184)
2014807415,14-002998,07/12/2014,07-July,7-Saturday,09:51,0900 Hours,District 1 (Central),ANKENY,POLK,,NW 9TH ST,Collision with:  Non-motorist (see non-motorist section - NOT a unit),On Roadway,Non-collision (single vehicle),Unknown,None Indicated,,Daylight,Dry,Clear,None apparent,Non-intersection:  Non-junction/no special feature,Paved,,Possible/Unknown,0,1,0,0,1,0,0,1,1,,POINT (-93.60288070265 41.738694213399)
2014808219,14-4594,07/12/2014,07-July,7-Saturday,16:40,1600 Hours,District 2 (Northeast),ALGONA,KOSSUTH,US 169,US 169/S PHILLIPS ST,Collision with fixed object:  Ditch,On Roadway,Non-collision (single vehicle),Crossed centerline (undivided),None Indicated,,Daylight,Dry,Cloudy,None apparent,Non-intersection:  Non-junction/no special feature,Paved,,Possible/Unknown,0,3,0,0,3,0,15000,1,6,,POINT (-94.22700109949 43.061231549578)
2014810056,S14-G1201,07/12/2014,07-July,7-Saturday,01:00,0100 Hours,District 5 (Southeast),,CLARKE,,GARDEN ST & 220 AVE,Collision with fixed object:  Ditch,On Roadway,Non-collision (single vehicle),Equipment failure,None Indicated,,Dark - roadway not lighted,"Mud, dirt",Unknown,None apparent,Intersection:  T-intersection,Unpaved,,Property Damage Only,0,0,0,0,0,0,2400,1,1,,POINT (-93.788766038093 40.986761312289)
2014807321,01-14-30636,07/12/2014,07-July,7-Saturday,12:39,1200 Hours,District 6 (East Central),DUBUQUE,DUBUQUE,,KANE ST & GRANDVIEW AVE N,Collision with:  Vehicle in traffic,On Roadway,Broadside (front to side),Ran Stop Sign,None Indicated,,Daylight,Dry,Cloudy,None apparent,Intersection:  Four-way intersection,Paved,,Property Damage Only,0,0,0,0,0,0,2500,2,2,,POINT (-90.69685844707 42.519140918965)
2014807471,14-001557,07/12/2014,07-July,7-Saturday,10:00,1000 Hours,District 1 (Central),ALTOONA,POLK,,ADVENTURELAND DR,Collision with:  Vehicle in traffic,On Roadway,"Angle, oncoming left turn",FTYROW:  Making left turn,None Indicated,,Daylight,Dry,Cloudy,None apparent,Non-intersection:  Driveway access (within),Paved,,Possible/Unknown,0,5,0,0,5,0,17000,2,9,,POINT (-93.497111251733 41.658532884671)
2014807458,14-3301,07/12/2014,07-July,7-Saturday,16:19,1600 Hours,District 1 (Central),WEST DES MOINES,POLK,,35TH ST,Collision with:  Vehicle in traffic,On Roadway,"Sideswipe, same direction",Improper or erratic lane changing,None Indicated,,Daylight,Dry,Cloudy,None apparent,Non-intersection:  Non-junction/no special feature,Paved,,Property Damage Only,0,0,0,0,0,0,6000,2,2,,POINT (-93.751798921614 41.584299177086)
2014807435,20140019841,07/12/2014,07-July,7-Saturday,08:10,0800 Hours,District 1 (Central),DES MOINES,POLK,,UNIVERSITY AVE,Collision with fixed object:  Utility pole/light support,Roadside,Non-collision (single vehicle),Unknown,None Indicated,,Daylight,Dry,Cloudy,None apparent,Non-intersection:  Non-junction/no special feature,Paved,,Major Injury,0,1,1,0,0,0,1500,1,1,,POINT (-93.63343944383 41.600405583179)
2014812269,201402392,07/12/2014,07-July,7-Saturday,22:06,2200 Hours,District 6 (East Central),CEDAR RAPIDS,LINN,,Co Rd E48/E AVE NW,Collision with fixed object:  Ditch,Shoulder,Non-collision (single vehicle),"Operating vehicle in an reckless, erratic, careless, negligent manner",Drug/Alcohol (Statutory),,Dark - roadway not lighted,Wet,Cloudy,None apparent,Non-intersection:  Non-junction/no special feature,Paved,,Minor Injury,0,1,0,1,0,0,4000,1,1,,POINT (-91.753701023237 41.978578666732)
2014808220,14-4591,07/12/2014,07-July,7-Saturday,15:53,1500 Hours,District 2 (Northeast),,KOSSUTH,,Co Rd B40/210 ST & Co Rd R14/240 AVE,Collision with:  Vehicle in traffic,On Roadway,Broadside (front to side),FTYROW:  From stop sign,Under Influence of Alcohol/Drugs/Medications,,Daylight,Wet,Rain,None apparent,Intersection:  Four-way intersection,Paved,,Possible/Unknown,0,4,0,0,4,0,10000,2,4,,POINT (-93.990598412976 43.066646975346)
2014808437,2014-48172,07/12/2014,07-July,7-Saturday,22:49,2200 Hours,District 6 (East Central),DAVENPORT,SCOTT,,JACKSON AVE & ROLFF ST,Collision with:  Parked motor vehicle,On Roadway,Broadside (front to side),Unknown,None Indicated,,Dark - roadway lighted,Dry,Clear,None apparent,Non-intersection:  Non-junction/no special feature,Paved,,Property Damage Only,0,0,0,0,0,0,1700,4,1,,POINT (-90.618960452719 41.513804246314)
2014809982,145086PD,07/12/2014,07-July,7-Saturday,23:58,2300 Hours,District 1 (Central),BOONE,BOONE,US 30,US 30/220TH ST,Collision with:  Animal,,Non-collision (single vehicle),Animal,None Indicated,,,,,,,Paved,,Property Damage Only,0,0,0,0,0,0,5000,1,1,,POINT (-93.863407669678 42.034515311317)
2014807287,W14-069867,07/12/2014,07-July,7-Saturday,01:30,0100 Hours,District 2 (Northeast),WATERLOO,BLACK HAWK,I-380,I-380,Non-collision events:  Other non-collision (explain in narrative),Shoulder,"Sideswipe, same direction",Unknown,None Indicated,,Dark - roadway not lighted,Dry,Clear,None apparent,Non-intersection:  Non-junction/no special feature,Paved,,Possible/Unknown,0,1,0,0,1,0,22000,2,1,,POINT (-92.306894502035 42.455819074966)
2014807741,2014040659,07/12/2014,07-July,7-Saturday,01:36,0100 Hours,District 5 (Southeast),,CLARKE,I-35,I-35,Collision with:  Animal,,Non-collision (single vehicle),Animal,None Indicated,,,,,,,Paved,,Property Damage Only,0,0,0,0,0,0,10000,1,1,,POINT (-93.781372535961 41.083405163731)
2014807557,14-22382,07/12/2014,07-July,7-Saturday,11:56,1100 Hours,District 3 (Northwest),SIOUX CITY,WOODBURY,,DACE AVE,Collision with:  Vehicle in traffic,On Roadway,Broadside (front to side),FTYROW:  From driveway,None Indicated,,Daylight,Dry,Cloudy,None apparent,Non-intersection:  Driveway access (within),Paved,,Property Damage Only,0,0,0,0,0,0,10000,2,2,,POINT (-96.389566999559 42.488749960104)
2014807931,98-2014,07/12/2014,07-July,7-Saturday,18:30,1800 Hours,District 4 (Southwest),LOGAN,HARRISON,US 30,US 30/11TH ST,Collision with:  Animal,On Roadway,Non-collision (single vehicle),Animal,None Indicated,,Daylight,Dry,Clear,None apparent,Non-intersection:  Non-junction/no special feature,Paved,,Property Damage Only,0,0,0,0,0,0,2000,1,1,,POINT (-95.793810283305 41.637837341812)
2014807312,CL14002392,07/12/2014,07-July,7-Saturday,15:49,1500 Hours,District 6 (East Central),CLINTON,CLINTON,,13TH AVE N & N 11TH ST & 11TH ST NW,Collision with:  Vehicle in traffic,On Roadway,Broadside (front to side),Ran Stop Sign,Alcohol (Statutory),,Daylight,Dry,Cloudy,None apparent,Intersection:  Four-way intersection,Paved,,Possible/Unknown,0,1,0,0,1,0,2000,2,2,,POINT (-90.211402756316 41.859354558055)
2014809011,2014-48083,07/12/2014,07-July,7-Saturday,15:09,1500 Hours,District 6 (East Central),DAVENPORT,SCOTT,US 6,US 6/E KIMBERLY RD & E 36TH ST,Collision with:  Vehicle in traffic,On Roadway,Rear-end (front to rear),Followed too close,Refused,,Daylight,Dry,Clear,None apparent,Non-intersection:  Non-junction/no special feature,Paved,,Property Damage Only,0,0,0,0,0,0,6000,2,6,,POINT (-90.5605897848 41.557252023485)
2014807684,S14-002625,07/12/2014,07-July,7-Saturday,17:47,1700 Hours,District 4 (Southwest),,POTTAWATTAMIE,,Co Rd M27/430TH ST/PATTON AVE,Collision with fixed object:  Ditch,On Roadway,Non-collision (single vehicle),Exceeded authorized speed,Alcohol (< Statutory),,Daylight,"Mud, dirt",Clear,None apparent,Non-intersection:  Non-junction/no special feature,Unpaved,,Major Injury,0,1,1,0,0,0,3500,1,2,,POINT (-95.366179339831 41.412039845249)
2014807473,14-0778,07/12/2014,07-July,7-Saturday,17:23,1700 Hours,District 1 (Central),PLEASANT HILL,POLK,IA 163,IA 163/E UNIVERSITY AVE,Collision with:  Vehicle in traffic,On Roadway,Rear-end (front to rear),Followed too close,None Indicated,,Daylight,Dry,Cloudy,None apparent,Non-intersection:  Non-junction/no special feature,Paved,,Property Damage Only,0,0,0,0,0,0,4500,2,5,,POINT (-93.500012839162 41.598847525886)
2014807436,20140019851,07/12/2014,07-July,7-Saturday,10:15,1000 Hours,District 1 (Central),DES MOINES,POLK,,E GRAND AVE & E 5TH ST,Collision with:  Vehicle in traffic,On Roadway,"Sideswipe, same direction",Other (explain in narrative):  Other,None Indicated,,Daylight,Dry,Cloudy,None apparent,Non-intersection:  Non-junction/no special feature,Paved,,Property Damage Only,0,0,0,0,0,0,3500,2,2,,POINT (-93.611543372283 41.590625182128)
2014807556,14-22348,07/12/2014,07-July,7-Saturday,03:30,0300 Hours,District 3 (Northwest),SIOUX CITY,WOODBURY,,OUTER DR N,Collision with fixed object:  Utility pole/light support,Shoulder,Non-collision (single vehicle),Ran off road - right,None Indicated,,Dark - roadway lighted,Wet,Rain,None apparent,Intersection:  T-intersection,Paved,,Possible/Unknown,0,2,0,0,2,0,1700,1,2,,POINT (-96.398732526729 42.542000753373)
2014810057,S14-G1202,07/12/2014,07-July,7-Saturday,10:45,1000 Hours,District 5 (Southeast),,CLARKE,,Co Rd H33/KANSAS ST,Collision with:  Vehicle in traffic,On Roadway,"Sideswipe, opposite direction",Over correcting/over steering,None Indicated,,Daylight,"Mud, dirt",Clear,None apparent,Non-intersection:  Non-junction/no special feature,Unpaved,,Property Damage Only,0,0,0,0,0,0,2000,2,2,,POINT (-93.733283850239 41.038104518689)
2014807434,20140019839,07/12/2014,07-July,7-Saturday,06:55,0600 Hours,District 1 (Central),DES MOINES,POLK,IA 163,IA 163/E UNIVERSITY AVE & E 21ST ST,Collision with:  Vehicle in traffic,On Roadway,Broadside (front to side),Ran Traffic Signal,None Indicated,,Daylight,Wet,Cloudy,None apparent,Intersection:  Four-way intersection,Paved,,Minor Injury,0,1,0,1,0,0,6000,3,3,,POINT (-93.580701012621 41.600512928056)
2014807347,2014007514,07/12/2014,07-July,7-Saturday,22:03,2200 Hours,District 6 (East Central),IOWA CITY,JOHNSON,I-80,I-80,Collision with fixed object:  Guardrail - face,On Roadway,Non-collision (single vehicle),Crossed centerline (undivided),None Indicated,,Dark - roadway not lighted,Wet,Rain,"Surface condition (e.g., wet, icy)",Non-intersection:  Non-junction/no special feature,Paved,,Property Damage Only,0,0,0,0,0,0,2500,1,1,,POINT (-91.491996100811 41.686561595712)
2014809819,20142503,07/12/2014,07-July,7-Saturday,21:50,2100 Hours,District 1 (Central),,GRUNDY,IA 175,IA 175/DIAGONAL RD & T AVE,Collision with:  Animal,,,Animal,None Indicated,,,,,,,Paved,,Property Damage Only,0,0,0,0,0,0,3000,1,1,,POINT (-92.651212883766 42.338810663959)
2014807517,2014-48099,07/12/2014,07-July,7-Saturday,16:39,1600 Hours,District 6 (East Central),DAVENPORT,SCOTT,US 6,US 6/E KIMBERLY RD & JERSEY RIDGE RD,Collision with:  Vehicle in traffic,On Roadway,Rear-end (front to rear),Followed too close,None Indicated,,Daylight,Dry,Cloudy,None apparent,Intersection:  Four-way intersection,Paved,,Property Damage Only,0,0,0,0,0,0,3000,2,4,,POINT (-90.541695492682 41.556858405524)
2014807501,14-13180,07/12/2014,07-July,7-Saturday,11:14,1100 Hours,District 6 (East Central),BETTENDORF,SCOTT,,18TH ST,Collision with:  Vehicle in traffic,On Roadway,"Angle, oncoming left turn",FTYROW:  Making left turn,None Indicated,,Daylight,Dry,Cloudy,None apparent,Intersection:  Four-way intersection,Paved,,Property Damage Only,0,0,0,0,0,0,2700,2,2,,POINT (-90.504183972685 41.549205034329)
2014807744,2014040765,07/12/2014,07-July,7-Saturday,18:30,1800 Hours,District 6 (East Central),,CEDAR,I-80,I-80,Non-collision events:  Other non-collision (explain in narrative),Shoulder,Non-collision (single vehicle),Unknown,None Indicated,,Daylight,Wet,Rain,None apparent,Non-intersection:  Non-junction/no special feature,Paved,,Property Damage Only,0,0,0,0,0,0,8000,1,1,,POINT (-91.195575987093 41.656944091909)
2014810156,14-437,07/12/2014,07-July,7-Saturday,16:45,1600 Hours,District 5 (Southeast),,WAYNE,US 65,US 65,Non-collision events:  Overturn/rollover,On Roadway,Non-collision (single vehicle),Ran off road - right,Drug,,Daylight,Dry,Cloudy,None apparent,Non-intersection:  Non-junction/no special feature,Paved,,Minor Injury,0,1,0,1,0,0,10000,1,1,,POINT (-93.499346051167 40.808751840416)
2014811953,AP-14-0195,07/12/2014,07-July,7-Saturday,19:09,1900 Hours,District 6 (East Central),ANAMOSA,JONES,,W 1ST ST & E 1ST ST & S FORD ST,Collision with:  Parked motor vehicle,On Roadway,Rear-end (front to rear),Swerving/Evasive Action,None Indicated,,Daylight,Dry,Cloudy,None apparent,Non-intersection:  Non-junction/no special feature,Paved,,Property Damage Only,0,0,0,0,0,0,10000,2,1,,POINT (-91.285598682747 42.106418273334)
2014807320,01-14-30614,07/12/2014,07-July,7-Saturday,10:49,1000 Hours,District 6 (East Central),DUBUQUE,DUBUQUE,,KAUFMANN AVE & CHANEY RD,Collision with:  Vehicle in traffic,On Roadway,Rear-end (front to rear),Lost Control,None Indicated,,Daylight,Dry,Cloudy,None apparent,Non-intersection:  Non-junction/no special feature,Paved,,Possible/Unknown,0,2,0,0,2,0,15000,2,3,,POINT (-90.706093487854 42.51427431556)
2014807560,14-22426,07/12/2014,07-July,7-Saturday,18:45,1800 Hours,District 3 (Northwest),SIOUX CITY,WOODBURY,I-29,I-29,Collision with:  Vehicle in traffic,On Roadway,Rear-end (front to rear),Driving too fast for conditions,None Indicated,,Daylight,Dry,Clear,None apparent,Intersection:  Intersection with ramp,Paved,,Property Damage Only,0,0,0,0,0,0,4000,2,4,,POINT (-96.413554205312 42.491341856078)
2014807546,S14-6887,07/12/2014,07-July,7-Saturday,03:16,0300 Hours,District 3 (Northwest),,WOODBURY,,Co Rd D25/OLD HWY 141,Collision with:  Animal,On Roadway,Non-collision (single vehicle),Animal,None Indicated,,Dark - roadway not lighted,Wet,Rain,None apparent,Non-intersection:  Non-junction/no special feature,Paved,,Property Damage Only,0,0,0,0,0,0,1500,1,1,,POINT (-96.227511248527 42.390581849482)
2014807930,97-2014,07/12/2014,07-July,7-Saturday,00:30,0000 Hours,District 4 (Southwest),,HARRISON,,Co Rd F58/296TH ST,Collision with:  Animal,,,Animal,None Indicated,,,,,,,Paved,,Property Damage Only,0,0,0,0,0,0,5000,1,1,,POINT (-95.724628888788 41.578672252738)
2014809818,20142498,07/12/2014,07-July,7-Saturday,08:20,0800 Hours,District 1 (Central),,GRUNDY,US 20,US 20,Collision with:  Vehicle in traffic,On Roadway,Rear-end (front to rear),Crossed centerline (undivided),Alcohol (Statutory),,Daylight,Dry,Cloudy,None apparent,Non-intersection:  Non-junction/no special feature,Paved,,Minor Injury,0,1,0,1,0,0,8000,2,2,,POINT (-92.993139982976 42.462246305297)
2014807363,201409986,07/12/2014,07-July,7-Saturday,04:59,0400 Hours,District 6 (East Central),CEDAR RAPIDS,LINN,IA 922,IA 922/1ST AVE W & 6TH ST SW & 6TH ST NW,Collision with fixed object:  Utility pole/light support,Roadside,Non-collision (single vehicle),Ran off road - right,Alcohol (Statutory),,Dark - roadway lighted,Wet,Rain,"Surface condition (e.g., wet, icy)",Intersection:  Four-way intersection,Paved,,Possible/Unknown,0,1,0,0,1,0,5000,1,1,,POINT (-91.679471727373 41.97432625792)
2014820423,2014-56-AC,07/12/2014,07-July,7-Saturday,21:30,2100 Hours,District 3 (Northwest),,DICKINSON,US 71,US 71,Collision with:  Animal,,,Animal,None Indicated,,,,,,,Paved,,Property Damage Only,0,0,0,0,0,0,2000,1,1,,POINT (-95.150109948491 43.267252332587)
2014807479,S14-002624,07/12/2014,07-July,7-Saturday,15:05,1500 Hours,District 4 (Southwest),CRESCENT,POTTAWATTAMIE,,Co Rd L20/OLD LINCOLN HWY,Non-collision events:  Other non-collision (explain in narrative),On Roadway,Non-collision (single vehicle),Ran off road - right,None Indicated,,Daylight,Dry,Clear,None apparent,Non-intersection:  Non-junction/no special feature,Paved,,Major Injury,0,1,1,0,0,0,2500,1,1,,POINT (-95.858499372172 41.430953159323)
2014824086,390714-1674,07/12/2014,07-July,7-Saturday,21:41,2100 Hours,District 4 (Southwest),,GUTHRIE,IA 44,IA 44/IOWA 44,Collision with:  Animal,,,Animal,None Indicated,,,,,,,Paved,,Property Damage Only,0,0,0,0,0,0,2500,1,1,,POINT (-94.45840319587 41.680671903869)
2014807635,W14-070084,07/12/2014,07-July,7-Saturday,20:25,2000 Hours,District 2 (Northeast),WATERLOO,BLACK HAWK,,IDAHO ST & MARTIN LUTHER KING JR DR,Collision with:  Vehicle in traffic,On Roadway,Rear-end (front to rear),Followed too close,None Indicated,,Daylight,Wet,Clear,None apparent,Intersection:  Four-way intersection,Paved,,Possible/Unknown,0,2,0,0,2,0,3000,2,2,,POINT (-92.307894821941 42.504114500192)
2014807742,2014040705,07/12/2014,07-July,7-Saturday,11:53,1100 Hours,District 4 (Southwest),WAUKEE,DALLAS,I-80,I-80 & Co Rd R22/UTE AVE,Collision with:  Vehicle in traffic,On Roadway,"Angle, oncoming left turn",FTYROW:  From stop sign,None Indicated,,Daylight,Dry,Cloudy,None apparent,Intersection:  Intersection with ramp,Paved,,Minor Injury,0,1,0,1,0,0,4000,2,3,,POINT (-93.880693552534 41.564054597407)
2014813961,14006266,07/12/2014,07-July,7-Saturday,20:22,2000 Hours,District 6 (East Central),,BUCHANAN,,Co Rd D22/220TH ST & Co Rd V71/DUGAN AVE,Collision with fixed object:  Ditch,On Roadway,Non-collision (single vehicle),Crossed centerline (undivided),Alcohol (Statutory),,Daylight,Dry,Clear,None apparent,Non-intersection:  Non-junction/no special feature,Paved,,Major Injury,0,1,1,0,0,0,6000,1,1,,POINT (-92.007231574863 42.467916466095)
2014807898,2014040672,07/12/2014,07-July,7-Saturday,06:41,0600 Hours,District 6 (East Central),IOWA CITY,JOHNSON,I-80,I-80,Collision with fixed object:  Concrete traffic barrier (median or right side),On Roadway,Non-collision (single vehicle),Swerving/Evasive Action,None Indicated,,Dawn,Wet,Rain,None apparent,Non-intersection:  Non-junction/no special feature,Paved,,Property Damage Only,0,0,0,0,0,0,10000,1,1,,POINT (-91.501314754446 41.686791598732)
2014807899,2014040750,07/12/2014,07-July,7-Saturday,16:45,1600 Hours,District 6 (East Central),,JOHNSON,I-380,I-380,Non-collision events:  Other non-collision (explain in narrative),On Roadway,Rear-end (front to rear),Followed too close,None Indicated,,Daylight,Dry,Cloudy,None apparent,Non-intersection:  Non-junction/no special feature,Paved,,Possible/Unknown,0,1,0,0,1,0,10000,2,3,,POINT (-91.642165398711 41.754526254104)
2014862017,14005553,07/12/2014,07-July,7-Saturday,23:13,2300 Hours,District 5 (Southeast),,LOUISA,,40TH ST,Collision with:  Vehicle in traffic,On Roadway,Non-collision (single vehicle),Ran off road - right,None Indicated,,Dark - roadway not lighted,Wet,Rain,None apparent,Non-intersection:  Non-junction/no special feature,Unpaved,,Minor Injury,0,2,0,1,1,0,7500,1,2,,POINT (-91.178099573564 41.116947837656)