Iowa DOT Case Number,Law Enforcement Case Number,Date of Crash,Month of Crash,Day of Week,Time of Crash,Hour,DOT District,City Name,County Name,Route with System,Location Description,First Harmful Event,Location of First Harmful Event,Manner of Crash/Collision,Major Cause,Drug or Alcohol ,Environmental Conditions,Light Conditions,Surface Conditions,Weather Conditions,Roadway Contribution,Roadway Type,Roadway Surface,Work Zone,Crash Severity,Number of Fatalities,Number of Injuries,Number of Major Injuries,Number of Minor Injuries,Number of Possible Injuries,Number of Unknown Injuries,Amount of Property Damage,Number of Vehicles Involved,Total Number of Occupants,Travel Direction,Location
2014807756,14-004621,07/13/2014,07-July,1-Sunday,17:11,1700 Hours,District 2 (Northeast),,KOSSUTH,,Co Rd P66/220 AVE,Non-collision events:  Overturn/rollover,Shoulder,Non-collision (single vehicle),Traveling wrong way or on wrong side of road,None Indicated,,Daylight,Dry,Clear,None apparent,Non-intersection:  Non-junction/no special feature,Paved,,Possible/Unknown,0,1,0,0,1,0,1500,1,1,,POINT (-94.030409673842 43.470916019519)
2014808941,1407130458,07/13/2014,07-July,1-Sunday,05:26,0500 Hours,District 6 (East Central),MONTICELLO,JONES,US 151,US 151,Collision with:  Animal,On Roadway,Non-collision (single vehicle),Animal,None Indicated,,Dawn,Dry,Cloudy,None apparent,Non-intersection:  Non-junction/no special feature,Paved,,Property Damage Only,0,0,0,0,0,0,6000,1,1,,POINT (-91.134548983227 42.278649617903)
2014807690,2014-13271,07/13/2014,07-July,1-Sunday,17:05,1700 Hours,District 6 (East Central),BETTENDORF,SCOTT,,MISSISSIPPI BLVD & 14TH ST,Collision with:  Vehicle in traffic,On Roadway,"Angle, oncoming left turn",Made improper turn,None Indicated,,Daylight,Dry,Cloudy,None apparent,Non-intersection:  Non-junction/no special feature,Paved,,Property Damage Only,0,0,0,0,0,0,8500,2,3,,POINT (-90.512971854353 41.528257633049)
2014809100,14-020713-01,07/13/2014,07-July,1-Sunday,11:55,1100 Hours,District 6 (East Central),VICTOR,IOWA,,4TH ST & WILLIAMS ST,Collision with:  Vehicle in traffic,On Roadway,Broadside (front to side),FTYROW:  At uncontrolled intersection,None Indicated,,Daylight,Dry,Clear,None apparent,Intersection:  Four-way intersection,Paved,,Property Damage Only,0,0,0,0,0,0,5000,2,4,,POINT (-92.298617178061 41.729920768683)
2014809098,80-14-220,07/13/2014,07-July,1-Sunday,14:05,1400 Hours,District 2 (Northeast),HUMBOLDT,HUMBOLDT,,3RD ST S,Collision with:  Parked motor vehicle,On Roadway,Broadside (front to side),Improper Backing,None Indicated,,Daylight,Dry,Clear,None apparent,Non-intersection:  Driveway access (within),Paved,,Property Damage Only,0,0,0,0,0,0,2500,2,3,,POINT (-94.211426367989 42.72071614327)
2014807467,14-0600,07/13/2014,07-July,1-Sunday,16:30,1600 Hours,District 1 (Central),WINDSOR HEIGHTS,POLK,,CARPENTER AVE & 68TH ST,Collision with:  Vehicle in traffic,On Roadway,Rear-end (front to rear),Separation of units,None Indicated,,Daylight,Dry,Clear,None apparent,Non-intersection:  Non-junction/no special feature,Paved,,Property Damage Only,0,0,0,0,0,0,2000,2,2,,POINT (-93.711081223661 41.601753011588)
2014807492,14-029241,07/13/2014,07-July,1-Sunday,14:26,1400 Hours,District 4 (Southwest),COUNCIL BLUFFS,POTTAWATTAMIE,US 6,US 6/W BROADWAY,Collision with:  Vehicle in traffic,On Roadway,Rear-end (front to rear),Followed too close,None Indicated,,Daylight,Dry,Cloudy,None apparent,Non-intersection:  Non-junction/no special feature,Paved,,Property Damage Only,0,0,0,0,0,0,5000,2,6,,POINT (-95.900559465347 41.261906735891)
2014808318,14014562,07/13/2014,07-July,1-Sunday,12:21,1200 Hours,District 6 (East Central),MARION,LINN,US 151,US 151,Collision with:  Vehicle in traffic,On Roadway,Rear-end (front to rear),Followed too close,Alcohol (Statutory),,Daylight,Dry,Cloudy,None apparent,Non-intersection:  Non-junction/no special feature,Paved,,Possible/Unknown,0,1,0,0,1,0,6500,3,5,,POINT (-91.55026332923 42.030894094179)
2014807489,14-029224,07/13/2014,07-July,1-Sunday,10:47,1000 Hours,District 4 (Southwest),COUNCIL BLUFFS,POTTAWATTAMIE,I-29,I-29,Collision with fixed object:  Bridge overhead structure,On Roadway,Non-collision (single vehicle),FTYROW:  Other (explain in narrative),None Indicated,,Daylight,Dry,Clear,None apparent,Non-intersection:  Other non-intersection (explain in narrative),Paved,,Possible/Unknown,0,1,0,0,1,0,25726,2,2,,POINT (-95.907968320653 41.26828527946)
2014808581,2014-13280,07/13/2014,07-July,1-Sunday,22:10,2200 Hours,District 6 (East Central),BETTENDORF,SCOTT,I-74,I-74,Collision with:  Vehicle in traffic,On Roadway,"Sideswipe, same direction",Exceeded authorized speed,Refused,,Dark - roadway lighted,Dry,Cloudy,Work Zone (roadway-related),Non-intersection:  Other non-intersection (explain in narrative),Paved,Yes,Minor Injury,0,3,0,1,2,0,18000,2,6,,POINT (-90.513346881244 41.523474356297)
2014807453,20140019997,07/13/2014,07-July,1-Sunday,17:20,1700 Hours,District 1 (Central),DES MOINES,POLK,I-235,I-235 & SCHOOL ST & 19TH ST,Collision with:  Vehicle in traffic,On Roadway,Rear-end (front to rear),Unknown,None Indicated,,Daylight,Dry,Clear,None apparent,Intersection:  Four-way intersection,Paved,,Property Damage Only,0,0,0,0,0,0,2000,2,3,,POINT (-93.642616518507 41.59528358028)
2014808632,,07/13/2014,07-July,1-Sunday,19:00,1900 Hours,District 1 (Central),DES MOINES,POLK,,MLK JR PKWY & INGERSOLL AVE,Collision with:  Vehicle in traffic,On Roadway,Rear-end (front to rear),Unknown,None Indicated,,Daylight,Dry,Clear,,Intersection:  Four-way intersection,Paved,,Minor Injury,0,1,0,1,0,0,4000,2,4,,POINT (-93.644777356589 41.585741818722)
2014808923,G14132340,07/13/2014,07-July,1-Sunday,23:40,2300 Hours,District 2 (Northeast),,FRANKLIN,I-35,I-35,Collision with:  Animal,On Roadway,Non-collision (single vehicle),Animal,None Indicated,,Dark - roadway not lighted,Dry,Clear,None apparent,Non-intersection:  Non-junction/no special feature,Paved,,Property Damage Only,0,0,0,0,0,0,6000,1,3,,POINT (-93.387060967725 42.762418904773)
2014807493,14-029245,07/13/2014,07-July,1-Sunday,15:13,1500 Hours,District 4 (Southwest),COUNCIL BLUFFS,POTTAWATTAMIE,US 275,US 275/VETERANS MEMORIAL HWY,Collision with:  Vehicle in traffic,On Roadway,Broadside (front to side),Ran Traffic Signal,None Indicated,,Daylight,Dry,Clear,Non-highway work,Intersection:  Four-way intersection,Paved,,Property Damage Only,0,0,0,0,0,0,8000,2,5,,POINT (-95.878792603383 41.218799700737)
2014807327,02-14-10573,07/13/2014,07-July,1-Sunday,16:40,1600 Hours,District 6 (East Central),,DUBUQUE,,DYERSVILLE EAST RD,Non-collision events:  Overturn/rollover,On Roadway,Non-collision (single vehicle),Ran off road - right,None Indicated,,Daylight,Dry,Clear,None apparent,Non-intersection:  Non-junction/no special feature,Paved,,Property Damage Only,0,0,0,0,0,0,30050,1,1,,POINT (-91.0080517482 42.507900994662)
2014807494,14-029250,07/13/2014,07-July,1-Sunday,14:44,1400 Hours,District 4 (Southwest),COUNCIL BLUFFS,POTTAWATTAMIE,,23RD AVE,Non-collision events:  Other non-collision (explain in narrative),Roadside,Non-collision (single vehicle),Unknown,None Indicated,,Daylight,Dry,Cloudy,None apparent,Non-intersection:  Non-junction/no special feature,Paved,,Property Damage Only,0,0,0,0,0,0,3000,1,1,,POINT (-95.886339660206 41.240135830563)
2014807449,20140019965,07/13/2014,07-July,1-Sunday,10:40,1000 Hours,District 1 (Central),DES MOINES,POLK,,PARK AVE & SW 42ND ST,Collision with:  Vehicle in traffic,On Roadway,Rear-end (front to rear),Lost Control,None Indicated,,Daylight,Dry,Clear,None apparent,Intersection:  T-intersection,Paved,,Property Damage Only,0,0,0,0,0,0,1500,2,2,,POINT (-93.67436004949 41.555541879112)
2014810213,14-13117,07/13/2014,07-July,1-Sunday,22:27,2200 Hours,District 2 (Northeast),,BREMER,US 63,US 63/US 63 NB ENTR RAMP D,Collision with:  Animal,,,Animal,None Indicated,,,,,,,Paved,,Property Damage Only,0,0,0,0,0,0,2000,1,1,,POINT (-92.337241711481 42.717794000185)
2014810227,CP14-653,07/13/2014,07-July,1-Sunday,14:12,1400 Hours,District 2 (Northeast),CLARION,WRIGHT,,13TH AVE SW,Collision with:  Vehicle in traffic,On Roadway,Rear-end (front to rear),FTYROW:  From driveway,None Indicated,,Daylight,Dry,Clear,None apparent,Non-intersection:  Driveway access (within),Paved,,Property Damage Only,0,0,0,0,0,0,1800,2,2,,POINT (-93.732881675407 42.720662764015)
2014807496,14-029269,07/13/2014,07-July,1-Sunday,17:30,1700 Hours,District 4 (Southwest),COUNCIL BLUFFS,POTTAWATTAMIE,US 275,US 275/VETERANS MEMORIAL HWY & S 11TH ST,Collision with:  Vehicle in traffic,On Roadway,"Sideswipe, same direction",Crossed centerline (undivided),None Indicated,,Daylight,Dry,Clear,None apparent,Non-intersection:  Non-junction/no special feature,Paved,,Property Damage Only,0,0,0,0,0,0,2000,2,6,,POINT (-95.860651833509 41.219657436457)
2014824476,14009912,07/13/2014,07-July,1-Sunday,02:11,0200 Hours,District 5 (Southeast),,APPANOOSE,,470TH ST,Collision with fixed object:  Ditch,On Roadway,Non-collision (single vehicle),Swerving/Evasive Action,None Indicated,,Dark - roadway not lighted,"Mud, dirt",Cloudy,None apparent,Non-intersection:  Non-junction/no special feature,Unpaved,,Minor Injury,0,2,0,2,0,0,1500,1,2,,POINT (-92.981211174615 40.797299950301)
2014807629,14070306,07/13/2014,07-July,1-Sunday,12:38,1200 Hours,District 2 (Northeast),CEDAR FALLS,BLACK HAWK,,UNIVERSITY AVE & BOULDER DR,Collision with:  Vehicle in traffic,On Roadway,Rear-end (front to rear),Other (explain in narrative):  Other,None Indicated,,Daylight,Dry,Clear,None apparent,Non-intersection:  Non-junction/no special feature,Paved,,Property Damage Only,0,0,0,0,0,0,3200,2,2,,POINT (-92.438533184606 42.513087328118)
2014809012,2014-48236,07/13/2014,07-July,1-Sunday,02:16,0200 Hours,District 6 (East Central),DAVENPORT,SCOTT,,IA 461/WELCOME WAY/HARRISON ST & NORTHWEST BLVD,Collision with fixed object:  Utility pole/light support,On Roadway,Non-collision (single vehicle),Other (explain in narrative):  Other,Refused,,Dark - roadway lighted,Dry,Clear,None apparent,Intersection:  Y-intersection,Paved,,Property Damage Only,0,0,0,0,0,0,10000,1,1,,POINT (-90.577039051788 41.557302803043)
2014807790,14010207,07/13/2014,07-July,1-Sunday,17:24,1700 Hours,District 6 (East Central),,CEDAR,US 30,US 30,Non-collision events:  Overturn/rollover,Shoulder,Non-collision (single vehicle),Crossed centerline (undivided),None Indicated,,Daylight,Wet,Clear,None apparent,Non-intersection:  Non-junction/no special feature,Paved,,Possible/Unknown,0,1,0,0,1,0,3000,1,2,,POINT (-90.979924911649 41.874876481725)
2014809622,2014040970,07/13/2014,07-July,1-Sunday,05:45,0500 Hours,District 6 (East Central),,CEDAR,I-80,I-80,Collision with:  Other non-fixed object (explain in narrative),On Roadway,Non-collision (single vehicle),Unknown,None Indicated,,Daylight,Dry,Clear,Debris,Non-intersection:  Non-junction/no special feature,Paved,,Property Damage Only,0,0,0,0,0,0,2000,1,5,,POINT (-91.043041836366 41.637884322553)
2014807490,14-029233,07/13/2014,07-July,1-Sunday,12:52,1200 Hours,District 4 (Southwest),COUNCIL BLUFFS,POTTAWATTAMIE,,S MAIN ST,Collision with fixed object:  Curb/island/raised median,Shoulder,Non-collision (single vehicle),Ran off road - right,None Indicated,,Daylight,Dry,Cloudy,None apparent,Non-intersection:  Non-junction/no special feature,Paved,,Possible/Unknown,0,1,0,0,1,0,400,1,1,,POINT (-95.851669950504 41.252024196913)
2014808019,2014040896,07/13/2014,07-July,1-Sunday,13:45,1300 Hours,District 1 (Central),WEST DES MOINES,POLK,I-35,I-35,Collision with:  Vehicle in traffic,On Roadway,"Sideswipe, same direction",Lost Control,None Indicated,,Daylight,Dry,Clear,Work Zone (roadway-related),Interchange-related:  On-ramp merge area,Paved,Yes,Property Damage Only,0,0,0,0,0,0,8000,2,3,,POINT (-93.775972520109 41.518124259291)
2014808216,2014040981,07/13/2014,07-July,1-Sunday,18:50,1800 Hours,District 4 (Southwest),,POTTAWATTAMIE,I-80,I-80 & US 59,Collision with:  Vehicle in traffic,On Roadway,Rear-end (front to rear),Other (explain in narrative):  Other,None Indicated,,Daylight,Dry,Cloudy,None apparent,Interchange-related:  Off-ramp,Paved,,Property Damage Only,0,0,0,0,0,0,5000,2,7,,POINT (-95.336461928159 41.49642676475)
2014807401,14-4662,07/13/2014,07-July,1-Sunday,19:06,1900 Hours,District 1 (Central),GRIMES,POLK,IA 141,IA 141/IOWA 141 & SE 37TH ST,Collision with:  Vehicle in traffic,On Roadway,"Angle, oncoming left turn",Crossed centerline (undivided),None Indicated,,Daylight,Dry,Clear,None apparent,Non-intersection:  Driveway access (within),Paved,,Property Damage Only,0,0,0,0,0,0,4000,2,2,,POINT (-93.775013102497 41.658508187682)
2014808439,2014-48238,07/13/2014,07-July,1-Sunday,01:04,0100 Hours,District 6 (East Central),DAVENPORT,SCOTT,,MAIN ST,Collision with:  Parked motor vehicle,On Roadway,Rear-end (front to rear),Driver Distraction:  Inattentive/lost in thought,Alcohol (Statutory),,Dark - roadway lighted,Dry,Cloudy,None apparent,Non-intersection:  Non-junction/no special feature,Paved,,Property Damage Only,0,0,0,0,0,0,2200,2,2,,POINT (-90.575558039983 41.532449930406)
2014807562,14-22587,07/13/2014,07-July,1-Sunday,00:00,0000 Hours,District 3 (Northwest),SIOUX CITY,WOODBURY,,W 5TH ST,Collision with:  Parked motor vehicle,On Roadway,Unknown,Lost Control,None Indicated,,Unknown,Unknown,Unknown,Unknown,Non-intersection:  Non-junction/no special feature,Paved,,Property Damage Only,0,0,0,0,0,0,4000,2,777,,POINT (-96.416889803372 42.49985962098)
2014807400,14072038,07/13/2014,07-July,1-Sunday,12:09,1200 Hours,District 4 (Southwest),CLARINDA,PAGE,,E WASHINGTON ST,Collision with fixed object:  Tree,Roadside,Non-collision (single vehicle),Crossed centerline (undivided),None Indicated,,Daylight,Dry,Clear,None apparent,Non-intersection:  Non-junction/no special feature,Paved,,Major Injury,0,1,1,0,0,0,1600,1,1,,POINT (-95.020116557469 40.739242783654)
2014810312,14-070423,07/13/2014,07-July,1-Sunday,20:43,2000 Hours,District 2 (Northeast),DUNKERTON,BLACK HAWK,,N PILOT GROVE RD,Non-collision events:  Overturn/rollover,On Roadway,Non-collision (single vehicle),Swerving/Evasive Action,None Indicated,,Dusk,"Mud, dirt",Clear,"Surface condition (e.g., wet, icy)",Non-intersection:  Non-junction/no special feature,Unpaved,,Property Damage Only,0,0,0,0,0,0,5000,1,1,,POINT (-92.180988627039 42.5393368998)
2014807521,2014-48356,07/13/2014,07-July,1-Sunday,15:58,1500 Hours,District 6 (East Central),DAVENPORT,SCOTT,,W LOCUST ST & FAIRMOUNT ST,Collision with:  Vehicle in traffic,On Roadway,"Angle, oncoming left turn",Ran Traffic Signal,None Indicated,,Daylight,Dry,Clear,None apparent,Intersection:  Four-way intersection,Paved,,Possible/Unknown,0,1,0,0,1,0,4000,2,6,,POINT (-90.629851634029 41.538121640299)
2014815906,2014-48421,07/13/2014,07-July,1-Sunday,22:14,2200 Hours,District 6 (East Central),DAVENPORT,SCOTT,,E 53RD ST & ELMORE AVE,Collision with:  Vehicle in traffic,On Roadway,Rear-end (front to rear),Followed too close,None Indicated,,Dark - roadway lighted,Dry,Clear,None apparent,Non-intersection:  Non-junction/no special feature,Paved,,Property Damage Only,0,0,0,0,0,0,2500,2,2,,POINT (-90.528586977681 41.574860104089)
2014807748,2014040892,07/13/2014,07-July,1-Sunday,12:30,1200 Hours,District 5 (Southeast),,WARREN,I-35,I-35,Collision with:  Vehicle in traffic,On Roadway,Rear-end (front to rear),Swerving/Evasive Action,None Indicated,,Daylight,Dry,Clear,Work Zone (roadway-related),Interchange-related:  On-ramp merge area,Paved,Yes,Property Damage Only,0,0,0,0,0,0,2500,2,3,,POINT (-93.780119356518 41.487191997886)
2014807864,2014-48203,07/13/2014,07-July,1-Sunday,00:15,0000 Hours,District 6 (East Central),DAVENPORT,SCOTT,US 6,US 6/E KIMBERLY RD,Collision with:  Vehicle in traffic,On Roadway,Broadside (front to side),Ran Traffic Signal,None Indicated,,Dark - roadway lighted,Wet,Clear,None apparent,Intersection:  Four-way intersection,Paved,,Possible/Unknown,0,1,0,0,1,0,12000,2,2,,POINT (-90.551082643958 41.556896713198)
2014807469,14-0598,07/13/2014,07-July,1-Sunday,15:35,1500 Hours,District 1 (Central),WINDSOR HEIGHTS,POLK,,BUFFALO RD & 73RD ST,Collision with:  Vehicle in traffic,On Roadway,Rear-end (front to rear),Other (explain in narrative):  Other,None Indicated,,Daylight,Dry,Cloudy,None apparent,Intersection:  Four-way intersection,Paved,,Property Damage Only,0,0,0,0,0,0,1800,2,3,,POINT (-93.718392014356 41.597672329365)
2014807747,2014040865,07/13/2014,07-July,1-Sunday,10:15,1000 Hours,District 1 (Central),,STORY,I-35,I-35,Collision with:  Vehicle in traffic,On Roadway,Rear-end (front to rear),Followed too close,None Indicated,,Daylight,Dry,Cloudy,Work Zone (roadway-related),Non-intersection:  Non-junction/no special feature,Paved,Yes,Minor Injury,0,2,0,1,1,0,5350,2,6,,POINT (-93.571256724226 41.871870032678)
2014809510,20142400,07/13/2014,07-July,1-Sunday,20:58,2000 Hours,District 6 (East Central),,LINN,US 30,US 30/SE RAMP,Non-collision events:  Other non-collision (explain in narrative),On Roadway,Non-collision (single vehicle),Ran off road - left,None Indicated,,Dusk,Dry,Clear,None apparent,Non-intersection:  Non-junction/no special feature,Paved,,Property Damage Only,0,0,0,0,0,0,5000,1,1,,POINT (-91.737947136968 41.944443052553)
2014808799,201402398,07/13/2014,07-July,1-Sunday,17:09,1700 Hours,District 6 (East Central),,LINN,I-380,I-380,Collision with:  Vehicle in traffic,On Roadway,Rear-end (front to rear),Followed too close,None Indicated,,Daylight,Dry,Cloudy,None apparent,Non-intersection:  Non-junction/no special feature,Paved,,Property Damage Only,0,0,0,0,0,0,5000,3,5,,POINT (-91.701473493506 42.090093005603)
2014807933,SO1402774,07/13/2014,07-July,1-Sunday,16:22,1600 Hours,District 5 (Southeast),,JEFFERSON,IA 1,IA 1/IOWA 1,Collision with:  Vehicle in traffic,On Roadway,"Sideswipe, same direction",Over correcting/over steering,None Indicated,,Daylight,Dry,Clear,None apparent,Non-intersection:  Non-junction/no special feature,Paved,,Property Damage Only,0,0,0,0,0,0,5250,2,3,,POINT (-91.948703981392 40.924600005485)
2014808410,2014-48367,07/13/2014,07-July,1-Sunday,16:52,1600 Hours,District 6 (East Central),DAVENPORT,SCOTT,,E 53RD ST & CORPORATE PARK DR,Collision with:  Vehicle in traffic,On Roadway,"Angle, oncoming left turn",FTYROW:  Making left turn,None Indicated,,Daylight,Dry,Cloudy,None apparent,Intersection:  Four-way intersection,Paved,,Property Damage Only,0,0,0,0,0,0,10000,2,2,,POINT (-90.517107640564 41.574891835542)
2014850949,14-005563,07/13/2014,07-July,1-Sunday,14:49,1400 Hours,District 5 (Southeast),,LOUISA,,Co Rd G52/COUNTY RD G 52 & X AVE,Collision with:  Animal,,,Animal,None Indicated,,,,,,,Paved,,Property Damage Only,0,0,0,0,0,0,3000,1,1,,POINT (-91.446985523874 41.249118102279)
2014808225,,07/14/2014,07-July,2-Monday,13:15,1300 Hours,District 5 (Southeast),NEW LONDON,HENRY,,W WILSON ST,Collision with:  Parked motor vehicle,Outside trafficway,"Sideswipe, same direction",Other (explain in narrative):  Other,None Indicated,,Daylight,Dry,"Blowing sand, soil, dirt",None apparent,Non-intersection:  Other non-intersection (explain in narrative),Paved,,Property Damage Only,0,0,0,0,0,0,2750,2,777,,POINT (-91.402914319137 40.924997429681)
2014807977,14-1544,07/14/2014,07-July,2-Monday,08:00,0800 Hours,District 1 (Central),URBANDALE,POLK,,64TH ST,Collision with:  Parked motor vehicle,On Roadway,"Sideswipe, same direction",Other (explain in narrative):  Other,None Indicated,,Daylight,Dry,Unknown,None apparent,Non-intersection:  Non-junction/no special feature,Paved,,Property Damage Only,0,0,0,0,0,0,1500,2,1,,POINT (-93.704979226853 41.627659248269)
2014808675,14-004881,07/14/2014,07-July,2-Monday,18:15,1800 Hours,District 3 (Northwest),,MONONA,I-29,I-29,Collision with:  Animal,On Roadway,Non-collision (single vehicle),Animal,None Indicated,,,,,,,Paved,,Property Damage Only,0,0,0,0,0,0,1500,1,1,,POINT (-96.104149689831 41.911489679442)
2014808636,,07/14/2014,07-July,2-Monday,13:00,1300 Hours,District 6 (East Central),CEDAR RAPIDS,LINN,I-380,I-380,Collision with:  Vehicle in traffic,On Roadway,Broadside (front to side),Unknown,None Indicated,,Daylight,Dry,Cloudy,,Non-intersection:  Other non-intersection (explain in narrative),Paved,,Property Damage Only,0,0,0,0,0,0,12000,2,2,,POINT (-91.666504273181 41.995377481402)
2014820585,2014-48741,07/14/2014,07-July,2-Monday,22:26,2200 Hours,District 6 (East Central),DAVENPORT,SCOTT,,N DIVISION ST,Collision with:  Vehicle in traffic,On Roadway,Broadside (front to side),FTYROW:  At uncontrolled intersection,None Indicated,,Dark - roadway lighted,Dry,Clear,None apparent,Non-intersection:  Alley,Paved,,Property Damage Only,0,0,0,0,0,0,6000,2,4,,POINT (-90.601168014141 41.522837040502)
2014808070,2014041269,07/14/2014,07-July,2-Monday,18:13,1800 Hours,District 1 (Central),DES MOINES,POLK,US 69,US 69/JOHNSON CT,Collision with:  Vehicle in traffic,On Roadway,"Sideswipe, same direction",Crossed centerline (undivided),None Indicated,,Daylight,Dry,Clear,None apparent,Non-intersection:  Non-junction/no special feature,Paved,,Property Damage Only,0,0,0,0,0,0,1700,2,2,,POINT (-93.595467747231 41.589511601906)
2014811246,2014041094,07/14/2014,07-July,2-Monday,09:44,0900 Hours,District 1 (Central),,JASPER,I-80,I-80,Collision with:  Animal,,,Animal,None Indicated,,,,,,,Paved,,Property Damage Only,0,0,0,0,0,0,4000,1,1,,POINT (-93.28580528083 41.685274251788)
2014808198,14-003303,07/14/2014,07-July,2-Monday,16:45,1600 Hours,District 1 (Central),AMES,STORY,,30TH ST & ROY KEY AVE,Collision with:  Vehicle in traffic,On Roadway,Broadside (front to side),FTYROW:  From stop sign,None Indicated,,Daylight,Dry,Clear,None apparent,Intersection:  Four-way intersection,Paved,,Minor Injury,0,1,0,1,0,0,8000,2,3,,POINT (-93.623385014911 42.051155900431)
2014807709,14-22643,07/14/2014,07-July,2-Monday,12:08,1200 Hours,District 3 (Northwest),SIOUX CITY,WOODBURY,,3RD ST & JONES ST,Collision with:  Vehicle in traffic,On Roadway,"Sideswipe, same direction",FTYROW:  Other (explain in narrative),None Indicated,,Daylight,Dry,Cloudy,None apparent,Intersection:  T-intersection,Paved,,Property Damage Only,0,0,0,0,0,0,2600,2,2,,POINT (-96.400789145125 42.493099470305)
2014807927,14-004811,07/14/2014,07-July,2-Monday,05:02,0500 Hours,District 1 (Central),,HAMILTON,I-35,I-35,Collision with:  Animal,,,Animal,None Indicated,,,,,,,Paved,,Property Damage Only,0,0,0,0,0,0,4500,1,1,,POINT (-93.568821804581 42.467706575959)
2014808637,,07/14/2014,07-July,2-Monday,15:15,1500 Hours,District 6 (East Central),CEDAR RAPIDS,LINN,IA 922,IA 922/1ST AVE E & 29TH ST DR SE & 29TH ST NE,Collision with:  Vehicle in traffic,On Roadway,Rear-end (front to rear),Unknown,None Indicated,,Daylight,Dry,Clear,,Non-intersection:  Non-junction/no special feature,Paved,,Minor Injury,0,1,0,1,0,0,10000,2,2,,POINT (-91.634847345406 42.006119209874)
2014808276,14-24378,07/14/2014,07-July,2-Monday,10:40,1000 Hours,District 5 (Southeast),WEST BURLINGTON,DES MOINES,,S BROADWAY ST,Collision with:  Parked motor vehicle,Outside trafficway,Rear-end (front to rear),Over correcting/over steering,None Indicated,,Daylight,Dry,Cloudy,None apparent,Non-intersection:  Non-junction/no special feature,Paved,,Property Damage Only,0,0,0,0,0,0,5000,2,2,,POINT (-91.156583034767 40.825199878006)
2014809602,2014041203,07/14/2014,07-July,2-Monday,12:53,1200 Hours,District 6 (East Central),,CEDAR,I-80,I-80,Non-collision events:  Overturn/rollover,On Roadway,Non-collision (single vehicle),Swerving/Evasive Action,None Indicated,,Daylight,Dry,Clear,None apparent,Non-intersection:  Non-junction/no special feature,Paved,,Minor Injury,0,2,0,2,0,0,12000,1,2,,POINT (-90.980553388562 41.633560729304)
2014810021,14-24637,07/14/2014,07-July,2-Monday,12:45,1200 Hours,District 5 (Southeast),BURLINGTON,DES MOINES,,AGENCY ST & COLUMBUS DR,Collision with:  Vehicle in traffic,On Roadway,"Sideswipe, same direction",Ran Traffic Signal,None Indicated,,Daylight,Dry,Clear,None apparent,Intersection:  Four-way intersection,Paved,,Possible/Unknown,0,1,0,0,1,0,3200,2,2,,POINT (-91.137559905327 40.814697403701)
2014810067,2014-7425,07/14/2014,07-July,2-Monday,10:48,1000 Hours,District 3 (Northwest),,SAC,,Co Rd M65/ROLF AVE,Collision with:  Vehicle in traffic,On Roadway,"Angle, oncoming left turn","Operating vehicle in an reckless, erratic, careless, negligent manner",None Indicated,,Daylight,Dry,Clear,None apparent,Non-intersection:  Driveway access (within),Unpaved,,Minor Injury,0,3,0,2,1,0,30100,2,3,,POINT (-95.00724454218 42.448828619205)
2014807641,1407142791,07/14/2014,07-July,2-Monday,16:10,1600 Hours,District 6 (East Central),,CLINTON,US 67,US 67,Collision with:  Vehicle in traffic,On Roadway,Head-on (front to front),Crossed centerline (undivided),None Indicated,,Daylight,Dry,Clear,None apparent,Non-intersection:  Non-junction/no special feature,Paved,,Major Injury,0,4,2,2,0,0,10000,2,4,,POINT (-90.354959463512 41.748909446004)
2014808114,W14-071303,07/14/2014,07-July,2-Monday,21:30,2100 Hours,District 2 (Northeast),WATERLOO,BLACK HAWK,,CRESTVIEW AVE,Collision with:  Parked motor vehicle,On Roadway,Unknown,Swerving/Evasive Action,None Indicated,,Unknown,Unknown,Unknown,Unknown,Non-intersection:  Non-junction/no special feature,Paved,,Property Damage Only,0,0,0,0,0,0,4750,2,1,,POINT (-92.370595705634 42.468209440107)
2014808616,2014041277,07/14/2014,07-July,2-Monday,18:12,1800 Hours,District 1 (Central),,POWESHIEK,,Co Rd F29/OLD 6 RD,Collision with:  Vehicle in traffic,On Roadway,Rear-end (front to rear),Swerving/Evasive Action,None Indicated,,Daylight,Dry,Cloudy,None apparent,Non-intersection:  Non-junction/no special feature,Paved,,Fatal,1,0,0,0,0,0,8500,2,2,,POINT (-92.529129949451 41.73132176833)
2014807399,14072039,07/14/2014,07-July,2-Monday,12:15,1200 Hours,District 4 (Southwest),CLARINDA,PAGE,,W MAIN ST & E MAIN ST & S 16TH ST & N 16TH ST,Collision with:  Vehicle in traffic,On Roadway,Rear-end (front to rear),Followed too close,None Indicated,,Daylight,Dry,Clear,None apparent,Non-intersection:  Non-junction/no special feature,Paved,,Property Damage Only,0,0,0,0,0,0,2500,2,2,,POINT (-95.037838382021 40.738246537982)
2014808487,,07/14/2014,07-July,2-Monday,12:00,1200 Hours,District 2 (Northeast),,FLOYD,,Co Rd B37/180TH ST,,On Roadway,Non-collision (single vehicle),Driving too fast for conditions,None Indicated,,Daylight,"Mud, dirt",Cloudy,None apparent,Non-intersection:  Non-junction/no special feature,Unpaved,,Minor Injury,0,1,0,1,0,0,3000,1,2,,POINT (-92.591812212168 43.097644582895)
2014807681,14-3339,07/14/2014,07-July,2-Monday,17:55,1700 Hours,District 4 (Southwest),WEST DES MOINES,DALLAS,,JORDAN CREEK PKWY,Collision with:  Vehicle in traffic,On Roadway,Rear-end (front to rear),Followed too close,None Indicated,,Daylight,Dry,Cloudy,None apparent,Non-intersection:  Non-junction/no special feature,Paved,,Property Damage Only,0,0,0,0,0,0,3000,2,3,,POINT (-93.808949544247 41.596611418591)