Iowa DOT Case Number,Law Enforcement Case Number,Date of Crash,Month of Crash,Day of Week,Time of Crash,Hour,DOT District,City Name,County Name,Route with System,Location Description,First Harmful Event,Location of First Harmful Event,Manner of Crash/Collision,Major Cause,Drug or Alcohol ,Environmental Conditions,Light Conditions,Surface Conditions,Weather Conditions,Roadway Contribution,Roadway Type,Roadway Surface,Work Zone,Crash Severity,Number of Fatalities,Number of Injuries,Number of Major Injuries,Number of Minor Injuries,Number of Possible Injuries,Number of Unknown Injuries,Amount of Property Damage,Number of Vehicles Involved,Total Number of Occupants,Travel Direction,Location
2014808235,W14-070929,07/15/2014,07-July,3-Tuesday,13:55,1300 Hours,District 2 (Northeast),WATERLOO,BLACK HAWK,,FLAMMANG DR & FRONTAGE RD,Collision with:  Vehicle in traffic,On Roadway,Broadside (front to side),FTYROW:  From stop sign,None Indicated,,Daylight,Dry,Cloudy,None apparent,Intersection:  Four-way intersection,Paved,,Possible/Unknown,0,1,0,0,1,0,8500,3,4,,POINT (-92.33152829357 42.460963657956)
2014807843,14-3358,07/15/2014,07-July,3-Tuesday,16:06,1600 Hours,District 4 (Southwest),WEST DES MOINES,DALLAS,,JORDAN CREEK PKWY & E P TRUE PKWY,Collision with:  Vehicle in traffic,On Roadway,Rear-end (front to rear),Followed too close,None Indicated,,Daylight,Dry,Cloudy,None apparent,Intersection:  Four-way intersection,Paved,,Possible/Unknown,0,1,0,0,1,0,3000,2,2,,POINT (-93.809235583981 41.573397820411)
2014809821,14-14324,07/15/2014,07-July,3-Tuesday,22:15,2200 Hours,District 6 (East Central),,SCOTT,,150 AVE & 270 ST,Collision with fixed object:  Ditch,On Roadway,Non-collision (single vehicle),Exceeded authorized speed,Alcohol (< Statutory),,Dark - roadway not lighted,Dry,Cloudy,None apparent,Non-intersection:  Non-junction/no special feature,Paved,,Minor Injury,0,2,0,2,0,0,3500,1,2,,POINT (-90.606167852027 41.698609922166)
2014807850,14-029521,07/15/2014,07-July,3-Tuesday,06:34,0600 Hours,District 4 (Southwest),COUNCIL BLUFFS,POTTAWATTAMIE,US 6,US 6/KANESVILLE BLVD,Collision with:  Vehicle in traffic,On Roadway,Rear-end (front to rear),Followed too close,None Indicated,,Daylight,Dry,Clear,None apparent,Intersection:  T-intersection,Paved,,Property Damage Only,0,0,0,0,0,0,6500,2,3,,POINT (-95.824386734749 41.274952015326)
2014807829,20140020214,07/15/2014,07-July,3-Tuesday,16:45,1600 Hours,District 1 (Central),DES MOINES,POLK,,E GRAND AVE & PENNSYLVANIA AVE,Collision with:  Non-motorist (see non-motorist section - NOT a unit),On Roadway,Non-collision (single vehicle),Unknown,None Indicated,,Daylight,Dry,Cloudy,None apparent,Intersection:  Four-way intersection,Paved,,Minor Injury,0,1,0,1,0,0,1500,1,1,,POINT (-93.608046708022 41.591346294415)
2014807778,201403246,07/15/2014,07-July,3-Tuesday,14:15,1400 Hours,District 1 (Central),,BOONE,US 169,US 169/H AVE,Non-collision events:  Overturn/rollover,On Roadway,Non-collision (single vehicle),Ran off road - left,None Indicated,,Daylight,Dry,Cloudy,None apparent,Non-intersection:  Non-junction/no special feature,Paved,,Major Injury,0,1,1,0,0,0,6000,1,1,,POINT (-94.028195560229 41.873245424833)
2014808875,14-000825,07/15/2014,07-July,3-Tuesday,12:45,1200 Hours,District 1 (Central),,STORY,US 30,US 30,Non-collision events:  Overturn/rollover,Shoulder,Non-collision (single vehicle),Ran off road - right,None Indicated,,Daylight,Dry,Clear,None apparent,Non-intersection:  Non-junction/no special feature,Paved,,Minor Injury,0,2,0,2,0,0,7500,1,2,,POINT (-93.335298247073 42.008325805371)
2014808590,201400034225,07/15/2014,07-July,3-Tuesday,14:10,1400 Hours,District 5 (Southeast),OTTUMWA,WAPELLO,,VENTURE DR,Collision with fixed object:  Traffic sign support,Outside trafficway,Non-collision (single vehicle),Swerving/Evasive Action,None Indicated,,Daylight,Dry,Cloudy,None apparent,Non-intersection:  Non-junction/no special feature,Paved,,Property Damage Only,0,0,0,0,0,0,3250,1,1,,POINT (-92.45556017073 41.014910437036)
2014807873,14-22754,07/15/2014,07-July,3-Tuesday,09:14,0900 Hours,District 3 (Northwest),SIOUX CITY,WOODBURY,,22ND ST,Collision with:  Vehicle in traffic,On Roadway,Rear-end (front to rear),Improper Backing,None Indicated,,Daylight,Dry,Cloudy,None apparent,Non-intersection:  Non-junction/no special feature,Paved,,Possible/Unknown,0,1,0,0,1,0,2700,2,2,,POINT (-96.389367714916 42.512968926933)
2014807830,20140020182,07/15/2014,07-July,3-Tuesday,13:25,1300 Hours,District 1 (Central),DES MOINES,POLK,,CENTER ST & 2ND AVE,Collision with:  Vehicle in traffic,On Roadway,"Sideswipe, same direction",Made improper turn,None Indicated,,Daylight,Dry,Cloudy,None apparent,Intersection:  T-intersection,Paved,,Property Damage Only,0,0,0,0,0,0,13500,2,2,,POINT (-93.620298898387 41.59156006689)
2014811715,2014-48924,07/15/2014,07-July,3-Tuesday,14:56,1400 Hours,District 6 (East Central),DAVENPORT,SCOTT,,E LOCUST ST & IOWA ST,Collision with:  Vehicle in traffic,On Roadway,"Angle, oncoming left turn",FTYROW:  Making left turn,None Indicated,,Daylight,Dry,Clear,None apparent,Intersection:  Four-way intersection,Paved,,Property Damage Only,0,0,0,0,0,0,10000,2,2,,POINT (-90.569658678399 41.538269563264)
2014808753,,07/15/2014,07-July,3-Tuesday,17:25,1700 Hours,District 4 (Southwest),,ADAIR,,300TH ST,Non-collision events:  Overturn/rollover,Shoulder,Non-collision (single vehicle),Ran off road - straight,None Indicated,,Daylight,"Mud, dirt",Cloudy,None apparent,Non-intersection:  Non-junction/no special feature,Unpaved,,Property Damage Only,0,0,0,0,0,0,4000,1,1,,POINT (-94.424660132609 41.215856075205)
2014808800,201402406,07/15/2014,07-July,3-Tuesday,14:22,1400 Hours,District 6 (East Central),,LINN,,Co Rd X20/SPRINGVILLE RD,Collision with:  Animal,,,Animal,None Indicated,,,,,,,Paved,,Property Damage Only,0,0,0,0,0,0,3500,1,1,,POINT (-91.443676461868 41.987961007195)
2014808482,,07/15/2014,07-July,3-Tuesday,01:55,0100 Hours,District 5 (Southeast),,LUCAS,,Co Rd H30/495TH ST,Collision with:  Animal,On Roadway,Non-collision (single vehicle),Animal,None Indicated,,Dark - roadway not lighted,Dry,Clear,None apparent,Non-intersection:  Non-junction/no special feature,Paved,,Property Damage Only,0,0,0,0,0,0,2000,1,2,,POINT (-93.33129210139 41.036069614037)
2014807826,14-003033,07/15/2014,07-July,3-Tuesday,11:25,1100 Hours,District 1 (Central),ANKENY,POLK,,SE SHURFINE DR & SE DELAWARE AVE,Collision with:  Vehicle in traffic,On Roadway,Broadside (front to side),Ran Traffic Signal,None Indicated,,Daylight,Dry,Cloudy,None apparent,Intersection:  Four-way intersection,Paved,,Property Damage Only,0,0,0,0,0,0,2500,2,4,,POINT (-93.581176954139 41.712280290912)
2014807851,14-029522,07/15/2014,07-July,3-Tuesday,06:41,0600 Hours,District 4 (Southwest),COUNCIL BLUFFS,POTTAWATTAMIE,I-29,I-29 & IA 192/S EXPRESSWAY & 30TH AVE,Collision with:  Vehicle in traffic,On Roadway,Rear-end (front to rear),Followed too close,None Indicated,,Dawn,Dry,Clear,None apparent,Intersection:  Four-way intersection,Paved,,Property Damage Only,0,0,0,0,0,0,3800,2,2,,POINT (-95.851302979076 41.230697170168)
2014807664,14-4695,07/15/2014,07-July,3-Tuesday,08:16,0800 Hours,District 1 (Central),,POLK,,Co Rd F52/NE 46TH AVE,Collision with:  Vehicle in traffic,On Roadway,Rear-end (front to rear),Driver Distraction:  Manual operation of an electronic communication device,None Indicated,,Daylight,Dry,Clear,None apparent,Non-intersection:  Non-junction/no special feature,Paved,,Property Damage Only,0,0,0,0,0,0,5000,2,2,,POINT (-93.564748699218 41.644025162496)
2014807934,SO1402799,07/15/2014,07-July,3-Tuesday,07:00,0700 Hours,District 5 (Southeast),,JEFFERSON,US 34,US 34 & ASH ST,Collision with:  Animal,,,Animal,None Indicated,,,,,,,Paved,,Property Damage Only,0,0,0,0,0,0,5000,1,1,,POINT (-92.163026936294 41.003825046584)
2014807793,14010330,07/15/2014,07-July,3-Tuesday,22:45,2200 Hours,District 6 (East Central),,CEDAR,,OLD LINCOLN HWY,Non-collision events:  Overturn/rollover,Outside trafficway,Non-collision (single vehicle),Swerving/Evasive Action,None Indicated,,Dark - roadway not lighted,Dry,Clear,None apparent,Non-intersection:  Non-junction/no special feature,Paved,,Property Damage Only,0,0,0,0,0,0,1500,1,1,,POINT (-90.940168581033 41.861444216153)
2014807822,14009626,07/15/2014,07-July,3-Tuesday,11:50,1100 Hours,District 4 (Southwest),GLENWOOD,MILLS,,S LOCUST ST,Collision with:  Vehicle in traffic,On Roadway,Broadside (front to side),FTYROW:  Making left turn,None Indicated,,Daylight,Dry,Cloudy,None apparent,Non-intersection:  Driveway access (within),Paved,,Property Damage Only,0,0,0,0,0,0,5000,2,2,,POINT (-95.747857927199 41.03732926222)
2014811395,14-005296,07/15/2014,07-July,3-Tuesday,02:00,0200 Hours,District 4 (Southwest),PERRY,DALLAS,,LUCINDA ST,Collision with:  Parked motor vehicle,On Roadway,Unknown,Unknown,None Indicated,,Unknown,Dry,Unknown,Unknown,Non-intersection:  Non-junction/no special feature,Paved,,Property Damage Only,0,0,0,0,0,0,2500,2,1,,POINT (-94.102624902889 41.840563064743)
2014807953,14-017088,07/15/2014,07-July,3-Tuesday,18:37,1800 Hours,District 5 (Southeast),MELCHER-DALLAS,MARION,,3RD ST NE,Collision with fixed object:  Utility pole/light support,On Roadway,Non-collision (single vehicle),Other (explain in narrative):  Other,None Indicated,,Daylight,Dry,Clear,None apparent,Non-intersection:  Non-junction/no special feature,Paved,,Property Damage Only,0,0,0,0,0,0,2600,1,1,,POINT (-93.237862195756 41.226315532108)
2014810931,,07/15/2014,07-July,3-Tuesday,16:54,1600 Hours,District 2 (Northeast),,BLACK HAWK,,Co Rd V37/DYSART RD,Collision with:  Vehicle in traffic,On Roadway,Broadside (front to side),Made improper turn,None Indicated,,Daylight,Dry,Cloudy,None apparent,Non-intersection:  Non-junction/no special feature,Paved,,Property Damage Only,0,0,0,0,0,0,6000,2,2,,POINT (-92.298619721573 42.347147701214)
2014807857,14-029588,07/15/2014,07-July,3-Tuesday,16:08,1600 Hours,District 4 (Southwest),COUNCIL BLUFFS,POTTAWATTAMIE,IA 92,IA 92/OMAHA BRIDGE RD & HARRY LANGDON BLVD,Collision with:  Vehicle in traffic,On Roadway,Broadside (front to side),Unknown,None Indicated,,Daylight,Dry,Cloudy,Work Zone (roadway-related),Intersection:  Four-way intersection,Paved,Yes,Property Damage Only,0,0,0,0,0,0,9000,2,2,,POINT (-95.824453587507 41.226667063722)
2014810108,14-3581,07/15/2014,07-July,3-Tuesday,16:30,1600 Hours,District 6 (East Central),HIAWATHA,LINN,I-380,I-380 & BLAIRS FERRY RD,Collision with:  Vehicle in traffic,On Roadway,Rear-end (front to rear),Other (explain in narrative):  Other,None Indicated,,Daylight,Dry,Clear,None apparent,Interchange-related:  Off-ramp,Paved,,Property Damage Only,0,0,0,0,0,0,5000,2,3,,POINT (-91.676820118204 42.034746714846)
2014807848,S14-002666,07/15/2014,07-July,3-Tuesday,21:38,2100 Hours,District 4 (Southwest),,POTTAWATTAMIE,US 6,US 6,Collision with:  Animal,,,Animal,None Indicated,,,,,,,Paved,,Property Damage Only,0,0,0,0,0,0,2000,1,1,,POINT (-95.756580685389 41.281271146214)
2014807775,W14-071005,07/15/2014,07-July,3-Tuesday,18:11,1800 Hours,District 2 (Northeast),WATERLOO,BLACK HAWK,I-380,I-380 & US 218/WASHINGTON ST & E MITCHELL AVE,Collision with:  Vehicle in traffic,On Roadway,"Sideswipe, same direction",FTYROW:  Making right turn on red signal,None Indicated,,Daylight,Dry,Clear,None apparent,Intersection:  Four-way intersection,Paved,,Property Damage Only,0,0,0,0,0,0,2500,2,7,,POINT (-92.322115879917 42.476596606455)
2014807867,2014-48914,07/15/2014,07-July,3-Tuesday,14:01,1400 Hours,District 6 (East Central),DAVENPORT,SCOTT,,W 36TH ST & N DIVISION ST,Collision with:  Vehicle in traffic,On Roadway,Rear-end (front to rear),Followed too close,None Indicated,,Daylight,Dry,Cloudy,None apparent,Non-intersection:  Driveway access (within),Paved,,Property Damage Only,0,0,0,0,0,0,3000,2,2,,POINT (-90.600706957549 41.556376358363)
2014808746,,07/15/2014,07-July,3-Tuesday,07:40,0700 Hours,District 4 (Southwest),ADEL,DALLAS,US 6,US 6 & R AVE,Collision with:  Vehicle in traffic,On Roadway,Rear-end (front to rear),Other (explain in narrative):  Other,None Indicated,,Daylight,Dry,Clear,None apparent,Intersection:  T-intersection,Paved,,Property Damage Only,0,0,0,0,0,0,1800,2,2,,POINT (-93.959997104339 41.614643531895)
2014808488,,07/15/2014,07-July,3-Tuesday,16:00,1600 Hours,District 2 (Northeast),,FLOYD,US 18,US 18/SW RAMP/SW LOOP & IA 14/7 MILE RD,Collision with:  Vehicle in traffic,On Roadway,Broadside (front to side),Other (explain in narrative):  No improper action,None Indicated,,Daylight,Dry,Clear,Work Zone (roadway-related),Interchange-related:  On-ramp merge area,Paved,Yes,Property Damage Only,0,0,0,0,0,0,1500,2,3,,POINT (-92.7199036569 43.059920820244)
2014807961,14-003044,07/15/2014,07-July,3-Tuesday,20:58,2000 Hours,District 1 (Central),ANKENY,POLK,US 69,US 69/N ANKENY BLVD,Collision with:  Vehicle in traffic,On Roadway,"Sideswipe, opposite direction",Crossed centerline (undivided),None Indicated,,Dusk,Dry,Clear,None apparent,Intersection:  Four-way intersection,Paved,,Major Injury,0,1,1,0,0,0,13000,3,3,,POINT (-93.600381162852 41.732429403457)
2014807796,14-005811,07/15/2014,07-July,3-Tuesday,20:19,2000 Hours,District 2 (Northeast),GUTTENBERG,CLAYTON,US 52,US 52,Collision with:  Animal,,,Animal,None Indicated,,,,,,,Paved,,Property Damage Only,0,0,0,0,0,0,5000,1,1,,POINT (-91.167635233476 42.822586935654)
2014807849,S14-002667,07/15/2014,07-July,3-Tuesday,21:31,2100 Hours,District 4 (Southwest),,POTTAWATTAMIE,IA 92,IA 92/IOWA 92,Collision with:  Animal,,Non-collision (single vehicle),Animal,None Indicated,,,,,,,Paved,,Property Damage Only,0,0,0,0,0,0,2500,1,1,,POINT (-95.798790191999 41.233022276749)
2014808415,2014-48901,07/15/2014,07-July,3-Tuesday,12:59,1200 Hours,District 6 (East Central),DAVENPORT,SCOTT,US 6,US 6/W KIMBERLY RD & N ELSIE AVE,Collision with:  Vehicle in traffic,On Roadway,"Angle, oncoming left turn",FTYROW:  Making left turn,None Indicated,,Daylight,Dry,Cloudy,None apparent,Intersection:  Four-way intersection,Paved,,Major Injury,0,3,1,2,0,0,9000,3,4,,POINT (-90.623912067019 41.560208864869)
2014807911,2014041348,07/15/2014,07-July,3-Tuesday,10:40,1000 Hours,District 6 (East Central),ROBINS,LINN,I-380,I-380,Collision with:  Vehicle in traffic,On Roadway,Rear-end (front to rear),Followed too close,None Indicated,,Daylight,Dry,Cloudy,Debris,Non-intersection:  Non-junction/no special feature,Paved,,Property Damage Only,0,0,0,0,0,0,19000,2,3,,POINT (-91.701147510431 42.077030186153)
2014807875,14-22763,07/15/2014,07-July,3-Tuesday,10:55,1000 Hours,District 3 (Northwest),SIOUX CITY,WOODBURY,,S LAKEPORT ST,Non-collision events:  Overturn/rollover,On Roadway,Non-collision (single vehicle),Ran off road - right,None Indicated,,Daylight,"Mud, dirt",Clear,None apparent,Non-intersection:  Non-junction/no special feature,Unpaved,,Property Damage Only,0,0,0,0,0,0,5800,1,1,,POINT (-96.346934481514 42.501259959515)
2014807866,2014-48855,07/15/2014,07-July,3-Tuesday,09:12,0900 Hours,District 6 (East Central),DAVENPORT,SCOTT,,ROCKINGHAM RD & S MICHIGAN AVE,Collision with:  Vehicle in traffic,On Roadway,Rear-end (front to rear),Followed too close,None Indicated,,Daylight,Dry,Cloudy,None apparent,Intersection:  Four-way intersection,Paved,,Property Damage Only,0,0,0,0,0,0,2000,2,2,,POINT (-90.626939579229 41.509249856625)
2014808579,14-13407,07/15/2014,07-July,3-Tuesday,10:17,1000 Hours,District 6 (East Central),BETTENDORF,SCOTT,I-74,I-74,Collision with:  Vehicle in traffic,On Roadway,"Sideswipe, same direction",Swerving/Evasive Action,None Indicated,,Daylight,Dry,Cloudy,None apparent,Interchange-related:  On-ramp merge area,Paved,,Property Damage Only,0,0,0,0,0,0,2500,2,3,,POINT (-90.517026190721 41.53756781352)
2014807964,20140020203,07/15/2014,07-July,3-Tuesday,16:12,1600 Hours,District 1 (Central),DES MOINES,POLK,US 69,US 69/SE 14TH ST & E MCKINLEY AVE,Collision with:  Vehicle in traffic,On Roadway,Broadside (front to side),FTYROW:  Making left turn,None Indicated,,Daylight,Dry,Clear,None apparent,Intersection:  Four-way intersection,Paved,,Possible/Unknown,0,1,0,0,1,0,18000,3,6,,POINT (-93.596853401296 41.540630848475)
2014809780,14006115,07/15/2014,07-July,3-Tuesday,10:40,1000 Hours,District 6 (East Central),,DELAWARE,,240TH ST & 170TH AVE,Collision with:  Vehicle in traffic,On Roadway,Rear-end (front to rear),FTYROW:  From stop sign,None Indicated,,Daylight,"Mud, dirt",Clear,None apparent,Intersection:  T-intersection,Unpaved,,Property Damage Only,0,0,0,0,0,0,3000,2,2,,POINT (-91.46190538113 42.441704282991)
2014807825,14-003038,07/15/2014,07-July,3-Tuesday,15:40,1500 Hours,District 1 (Central),ANKENY,POLK,I-35,I-35 & IA 160/SE ORALABOR RD,Collision with:  Vehicle in traffic,On Roadway,Rear-end (front to rear),Followed too close,None Indicated,,Daylight,Dry,Clear,None apparent,Non-intersection:  Other non-intersection (explain in narrative),Paved,,Possible/Unknown,0,1,0,0,1,0,3500,2,2,,POINT (-93.576176601968 41.702884070665)
2014810083,144996,07/15/2014,07-July,3-Tuesday,06:05,0600 Hours,District 4 (Southwest),,DALLAS,,Co Rd R16/R AVE,Collision with:  Animal,,,Animal,None Indicated,,,,,,,Paved,,Property Damage Only,0,0,0,0,0,0,4500,1,1,,POINT (-93.95309028962 41.567782706722)
2014810701,120715PM01,07/15/2014,07-July,3-Tuesday,14:50,1400 Hours,District 3 (Northwest),ORANGE CITY,SIOUX,IA 10,IA 10/8TH ST SW & MICHIGAN AVE SW,Collision with:  Vehicle in traffic,On Roadway,Rear-end (front to rear),Followed too close,None Indicated,,Daylight,Dry,Cloudy,Non-highway work,Intersection:  T-intersection,Paved,,Property Damage Only,0,0,0,0,0,0,3000,2,2,,POINT (-96.07167091047 42.998863217939)
2014808201,14-003314,07/15/2014,07-July,3-Tuesday,11:18,1100 Hours,District 1 (Central),AMES,STORY,US 69,US 69/S DUFF AVE,Collision with:  Vehicle in traffic,On Roadway,Rear-end (front to rear),Followed too close,None Indicated,,Daylight,Dry,Cloudy,None apparent,Non-intersection:  Non-junction/no special feature,Paved,,Property Damage Only,0,0,0,0,0,0,13000,2,3,,POINT (-93.610275394016 42.010939993364)
2014808715,14-8158,07/15/2014,07-July,3-Tuesday,09:40,0900 Hours,District 3 (Northwest),HULL,SIOUX,,1ST ST & MAIN ST,Collision with:  Vehicle in traffic,On Roadway,"Angle, oncoming left turn",FTYROW:  From stop sign,None Indicated,,Daylight,Dry,Clear,None apparent,Intersection:  Four-way intersection,Paved,,Property Damage Only,0,0,0,0,0,0,2500,2,2,,POINT (-96.133711390967 43.188659549945)
2014807795,14-10459,07/15/2014,07-July,3-Tuesday,11:40,1100 Hours,District 3 (Northwest),SPENCER,CLAY,,W 4TH ST,Collision with:  Vehicle in traffic,On Roadway,Rear-end (front to rear),Other (explain in narrative):  Other,None Indicated,,Daylight,Dry,Clear,None apparent,Non-intersection:  Non-junction/no special feature,Paved,,Possible/Unknown,0,1,0,0,1,0,500,2,2,,POINT (-95.144805925307 43.141362906393)
2014808863,1-14-000263,07/15/2014,07-July,3-Tuesday,15:00,1500 Hours,District 4 (Southwest),,SHELBY,,Co Rd M16/ROAD M16,Non-collision events:  Jackknife,Shoulder,Non-collision (single vehicle),Crossed centerline (undivided),None Indicated,,Daylight,Dry,Clear,None apparent,Non-intersection:  Non-junction/no special feature,Paved,,Property Damage Only,0,0,0,0,0,0,5000,1,1,,POINT (-95.451123740314 41.537549012033)
2014810084,2014-14297,07/15/2014,07-July,3-Tuesday,14:02,1400 Hours,District 6 (East Central),,SCOTT,,Co Rd Z16/UTICA RIDGE RD,Collision with:  Animal,,,Animal,None Indicated,,,,,,,Paved,,Property Damage Only,0,0,0,0,0,0,3000,1,1,,POINT (-90.490702472618 41.73523185442)
2014807777,201403242,07/15/2014,07-July,3-Tuesday,10:36,1000 Hours,District 1 (Central),,BOONE,US 30,US 30/230TH ST,Collision with:  Vehicle in traffic,On Roadway,"Sideswipe, same direction",FTYROW:  Other (explain in narrative),None Indicated,,Daylight,Dry,Cloudy,None apparent,Non-intersection:  Non-junction/no special feature,Paved,,Property Damage Only,0,0,0,0,0,0,2000,2,4,,POINT (-93.728414144147 42.022968366366)
2014807852,14-029541,07/15/2014,07-July,3-Tuesday,10:25,1000 Hours,District 4 (Southwest),COUNCIL BLUFFS,POTTAWATTAMIE,,4TH AVE & S 16TH ST,Collision with:  Vehicle in traffic,On Roadway,Broadside (front to side),Driver Distraction:  Manual operation of an electronic communication device,None Indicated,,Daylight,Dry,Clear,None apparent,Non-intersection:  Non-junction/no special feature,Paved,,Possible/Unknown,0,2,0,0,2,0,5000,2,3,,POINT (-95.867560563952 41.257897630933)
2014808256,14011872,07/15/2014,07-July,3-Tuesday,17:00,1700 Hours,District 2 (Northeast),MASON CITY,CERRO GORDO,,S TAFT AVE,Collision with:  Vehicle in traffic,On Roadway,Broadside (front to side),FTYROW:  From stop sign,None Indicated,,Daylight,Dry,Cloudy,None apparent,Intersection:  Four-way intersection,Paved,,Property Damage Only,0,0,0,0,0,0,3000,2,2,,POINT (-93.240643842418 43.149078243587)
2014807737,2014041328,07/15/2014,07-July,3-Tuesday,07:50,0700 Hours,District 4 (Southwest),,DALLAS,I-80,I-80,Collision with:  Vehicle in traffic,On Roadway,"Sideswipe, same direction",Improper or erratic lane changing,None Indicated,,Daylight,Dry,Clear,Other (explain in narrative),Non-intersection:  Non-junction/no special feature,Paved,,Property Damage Only,0,0,0,0,0,0,8000,2,2,,POINT (-93.950938631512 41.548642184012)
2014807903,2014041347,07/15/2014,07-July,3-Tuesday,10:30,1000 Hours,District 3 (Northwest),,LYON,,135TH ST,Non-collision events:  Overturn/rollover,Shoulder,Non-collision (single vehicle),Ran off road - right,None Indicated,,Daylight,"Mud, dirt",Cloudy,"Shoulders (none, low, soft, high)",Non-intersection:  Non-junction/no special feature,Unpaved,,Minor Injury,0,1,0,1,0,0,8000,1,1,,POINT (-96.448701656554 43.454837939265)
2014810159,SA1405585,07/15/2014,07-July,3-Tuesday,10:25,1000 Hours,District 5 (Southeast),,WASHINGTON,,160TH ST & KEOKUK WASHINGTON RD,Collision with:  Vehicle in traffic,On Roadway,Broadside (front to side),FTYROW:  From stop sign,None Indicated,,Daylight,Dry,Clear,None apparent,Intersection:  Four-way intersection,Unpaved,,Possible/Unknown,0,1,0,0,1,0,3500,2,6,,POINT (-91.94664977659 41.424638009967)
2014807915,W14-070972,07/15/2014,07-July,3-Tuesday,14:00,1400 Hours,District 2 (Northeast),WATERLOO,BLACK HAWK,,SOUTHBROOKE DR,Collision with:  Parked motor vehicle,Outside trafficway,"Sideswipe, same direction",Unknown,None Indicated,,Daylight,Dry,Clear,None apparent,Non-intersection:  Other non-intersection (explain in narrative),Paved,,Property Damage Only,0,0,0,0,0,0,2000,2,1,,POINT (-92.350487217924 42.458893235953)
2014808638,,07/15/2014,07-July,3-Tuesday,07:30,0700 Hours,District 6 (East Central),CEDAR RAPIDS,LINN,I-380,I-380 & IA 100/COLLINS RD NE,Collision with:  Vehicle in traffic,On Roadway,Rear-end (front to rear),Unknown,None Indicated,,Daylight,Dry,Cloudy,,Intersection:  T-intersection,Paved,,Property Damage Only,0,0,0,0,0,0,6300,2,2,,POINT (-91.66497950801 42.028458238777)
2014808117,1407142381,07/15/2014,07-July,3-Tuesday,05:40,0500 Hours,District 6 (East Central),,CLINTON,US 67,US 67 & Co Rd E44/460 AVE,Collision with fixed object:  Ditch,Roadside,Non-collision (single vehicle),Ran off road - straight,None Indicated,,Dawn,Dry,Clear,None apparent,Intersection:  Y-intersection,Paved,,Property Damage Only,0,0,0,0,0,0,1500,1,1,,POINT (-90.198717055344 41.9888345699)
2014807639,14-10464,07/15/2014,07-July,3-Tuesday,13:15,1300 Hours,District 3 (Northwest),SPENCER,CLAY,US 18,US 18/N GRAND AVE,Collision with:  Vehicle in traffic,On Roadway,"Sideswipe, same direction",FTYROW:  From parked position,None Indicated,,Daylight,Dry,Cloudy,None apparent,Non-intersection:  Non-junction/no special feature,Paved,,Property Damage Only,0,0,0,0,0,0,2300,2,2,,POINT (-95.144653761073 43.1408795198)
2014808130,14-5382,07/15/2014,07-July,3-Tuesday,16:58,1600 Hours,District 3 (Northwest),,IDA,US 59,US 59,Collision with:  Vehicle in traffic,On Roadway,Rear-end (front to rear),Followed too close,None Indicated,,Daylight,Dry,Clear,None apparent,Non-intersection:  Driveway access (within),Paved,,Property Damage Only,0,0,0,0,0,0,2500,2,2,,POINT (-95.51025773332 42.374289982165)
2014807677,20140020172,07/15/2014,07-July,3-Tuesday,12:00,1200 Hours,District 1 (Central),DES MOINES,POLK,,KEOSAUQUA WAY,Collision with:  Vehicle in traffic,On Roadway,Rear-end (front to rear),Followed too close,None Indicated,,Daylight,Dry,Cloudy,None apparent,Non-intersection:  Non-junction/no special feature,Paved,,Property Damage Only,0,0,0,0,0,0,1600,2,2,,POINT (-93.635321229028 41.595288097665)
2014807869,14-2131,07/15/2014,07-July,3-Tuesday,12:20,1200 Hours,District 1 (Central),FORT DODGE,WEBSTER,,CENTRAL AVE & S 19TH ST & N 19TH ST,Collision with:  Vehicle in traffic,On Roadway,Broadside (front to side),FTYROW:  From stop sign,None Indicated,,Daylight,Dry,Cloudy,None apparent,Intersection:  Four-way intersection,Paved,,Minor Injury,0,1,0,1,0,0,3500,2,2,,POINT (-94.172246453794 42.506224687868)
2014809468,,07/15/2014,07-July,3-Tuesday,17:23,1700 Hours,District 5 (Southeast),,LUCAS,US 34,US 34,Collision with fixed object:  Other fixed object (explain in narrative),Shoulder,Non-collision (single vehicle),Ran off road - right,None Indicated,,Daylight,Dry,Clear,None apparent,Non-intersection:  Non-junction/no special feature,Paved,,Property Damage Only,0,0,0,0,0,0,6001,1,1,,POINT (-93.329393480439 41.013176264278)
2014807816,2014007607,07/15/2014,07-July,3-Tuesday,07:00,0700 Hours,District 6 (East Central),IOWA CITY,JOHNSON,,LIBERTY DR,Collision with:  Vehicle in traffic,On Roadway,"Sideswipe, same direction",Exceeded authorized speed,None Indicated,,Daylight,Dry,Clear,None apparent,Non-intersection:  Non-junction/no special feature,Paved,,Property Damage Only,0,0,0,0,0,0,2500,2,2,,POINT (-91.47956901805 41.630537470178)
2014808546,14-017105,07/15/2014,07-July,3-Tuesday,21:26,2100 Hours,District 5 (Southeast),,MARION,IA 5,IA 5/IOWA 5,Collision with:  Animal,,,Animal,None Indicated,,,,,,,Paved,,Property Damage Only,0,0,0,0,0,0,4000,1,1,,POINT (-93.171721066089 41.324248879748)
2014807632,W14-070849,07/15/2014,07-July,3-Tuesday,07:51,0700 Hours,District 2 (Northeast),WATERLOO,BLACK HAWK,US 63,US 63/LOGAN AVE & W DALE ST & E DALE ST,Collision with:  Vehicle in traffic,On Roadway,Rear-end (front to rear),Unknown,None Indicated,,Daylight,Dry,Cloudy,Work Zone (roadway-related),Intersection:  Four-way intersection,Paved,Yes,Property Damage Only,0,0,0,0,0,0,3000,3,3,,POINT (-92.337571051157 42.525741700154)
2014810085,2014-14311,07/15/2014,07-July,3-Tuesday,19:28,1900 Hours,District 6 (East Central),,SCOTT,,95 AVE,Non-collision events:  Overturn/rollover,,,Ran off road - left,None Indicated,,,,,,,Unpaved,,Property Damage Only,0,0,0,0,0,0,3500,1,1,,POINT (-90.717285991329 41.482222444554)