Iowa DOT Case Number,Law Enforcement Case Number,Date of Crash,Month of Crash,Day of Week,Time of Crash,Hour,DOT District,City Name,County Name,Route with System,Location Description,First Harmful Event,Location of First Harmful Event,Manner of Crash/Collision,Major Cause,Drug or Alcohol ,Environmental Conditions,Light Conditions,Surface Conditions,Weather Conditions,Roadway Contribution,Roadway Type,Roadway Surface,Work Zone,Crash Severity,Number of Fatalities,Number of Injuries,Number of Major Injuries,Number of Minor Injuries,Number of Possible Injuries,Number of Unknown Injuries,Amount of Property Damage,Number of Vehicles Involved,Total Number of Occupants,Travel Direction,Location
2014812845,14-005077,07/17/2014,07-July,5-Thursday,12:28,1200 Hours,District 3 (Northwest),,PALO ALTO,IA 4,IA 4/460 AVE,Collision with:  Animal,,,Animal,None Indicated,,,,,,,Paved,,Property Damage Only,0,0,0,0,0,0,1500,1,1,,POINT (-94.678771743554 43.039772665681)
2014808287,80-14-225,07/17/2014,07-July,5-Thursday,14:25,1400 Hours,District 2 (Northeast),HUMBOLDT,HUMBOLDT,,4TH AVE N & 12TH ST N,Collision with:  Vehicle in traffic,On Roadway,Broadside (front to side),FTYROW:  From yield sign,None Indicated,,Daylight,Dry,Cloudy,None apparent,Intersection:  Four-way intersection,Paved,,Property Damage Only,0,0,0,0,0,0,3000,2,2,,POINT (-94.225563701813 42.725392597196)
2014809347,071714C,07/17/2014,07-July,5-Thursday,21:17,2100 Hours,District 4 (Southwest),,FREMONT,I-29,I-29,Collision with:  Animal,On Roadway,Non-collision (single vehicle),Animal,None Indicated,,,,,,,Paved,,Property Damage Only,0,0,0,0,0,0,2200,1,1,,POINT (-95.671777423599 40.594421616485)
2014808126,01-14-31479,07/17/2014,07-July,5-Thursday,15:07,1500 Hours,District 6 (East Central),DUBUQUE,DUBUQUE,,GRACE ST & ALGONA ST & ALGONA ST N,Collision with:  Vehicle in traffic,On Roadway,Broadside (front to side),FTYROW:  From stop sign,None Indicated,,Daylight,Dry,Cloudy,None apparent,Intersection:  Four-way intersection,Paved,,Property Damage Only,0,0,0,0,0,0,4500,2,2,,POINT (-90.692877023159 42.496998001902)
2014809323,01-14-31464,07/17/2014,07-July,5-Thursday,14:07,1400 Hours,District 6 (East Central),DUBUQUE,DUBUQUE,,UNIVERSITY AVE,Collision with:  Vehicle in traffic,On Roadway,"Sideswipe, same direction",FTYROW:  Other (explain in narrative),None Indicated,,Daylight,Dry,Cloudy,None apparent,Non-intersection:  Non-junction/no special feature,Paved,,Property Damage Only,0,0,0,0,0,0,4850,2,2,,POINT (-90.697058635846 42.499441519665)
2014810507,01-14-31508,07/17/2014,07-July,5-Thursday,16:43,1600 Hours,District 6 (East Central),DUBUQUE,DUBUQUE,,ASBURY RD,Collision with:  Vehicle in traffic,On Roadway,Rear-end (front to rear),"Operating vehicle in an reckless, erratic, careless, negligent manner",None Indicated,,Daylight,Dry,Clear,None apparent,Non-intersection:  Non-junction/no special feature,Paved,,Possible/Unknown,0,1,0,0,1,0,7000,2,3,,POINT (-90.744851749855 42.515251068067)
2014808136,14105139,07/17/2014,07-July,5-Thursday,18:26,1800 Hours,District 6 (East Central),NORTH LIBERTY,JOHNSON,I-380,I-380 & Co Rd F28/250TH ST,Collision with:  Vehicle in traffic,On Roadway,Rear-end (front to rear),Followed too close,None Indicated,,Daylight,Dry,Clear,None apparent,Non-intersection:  Other non-intersection (explain in narrative),Paved,,Property Damage Only,0,0,0,0,0,0,2000,2,2,,POINT (-91.642197219711 41.752446066482)
2014810154,145229PD,07/17/2014,07-July,5-Thursday,20:33,2000 Hours,District 1 (Central),BOONE,BOONE,,ARGO ST,Collision with:  Vehicle in traffic,Outside trafficway,"Sideswipe, opposite direction",Unknown,None Indicated,,Daylight,"Mud, dirt",Clear,None apparent,Non-intersection:  Alley,Paved,,Minor Injury,0,1,0,1,0,0,500,2,2,,POINT (-93.867602664433 42.066690848994)
2014808279,01-14-31456,07/17/2014,07-July,5-Thursday,13:19,1300 Hours,District 6 (East Central),DUBUQUE,DUBUQUE,,HILLCREST RD & JOHN F KENNEDY RD,Collision with:  Vehicle in traffic,On Roadway,Broadside (front to side),FTYROW:  From stop sign,None Indicated,,Daylight,Dry,Cloudy,None apparent,Intersection:  T-intersection,Paved,,Property Damage Only,0,0,0,0,0,0,6000,2,2,,POINT (-90.720517345559 42.506250437024)
2014808475,2014041809,07/17/2014,07-July,5-Thursday,14:00,1400 Hours,District 2 (Northeast),,WORTH,I-35,I-35 & CO 105,Collision with:  Vehicle in traffic,On Roadway,Rear-end (front to rear),Other (explain in narrative):  Other,None Indicated,,Daylight,Dry,Clear,None apparent,"Interchange-related:  Off-ramp, diverge area",Paved,,Possible/Unknown,0,1,0,0,1,0,1000,2,8,,POINT (-93.35204542036 43.444375098272)
2014808446,14-003347,07/17/2014,07-July,5-Thursday,11:45,1100 Hours,District 1 (Central),AMES,STORY,US 69,US 69/S DUFF AVE,Collision with:  Vehicle in traffic,On Roadway,Rear-end (front to rear),Other (explain in narrative):  Other,None Indicated,,Daylight,Dry,Clear,None apparent,Non-intersection:  Non-junction/no special feature,Paved,,Property Damage Only,0,0,0,0,0,0,1750,2,2,,POINT (-93.610060259453 42.007383530798)
2014809811,14-24832,07/17/2014,07-July,5-Thursday,21:14,2100 Hours,District 5 (Southeast),BURLINGTON,DES MOINES,,DODGE ST & SUMMER ST,Non-collision events:  Other non-collision (explain in narrative),On Roadway,Non-collision (single vehicle),Other (explain in narrative):  Other,None Indicated,,Dark - roadway not lighted,Dry,Cloudy,None apparent,Intersection:  Four-way intersection,Paved,,Minor Injury,0,1,0,1,0,0,1500,1,1,,POINT (-91.115424061371 40.793754957442)
2014808444,14-003344,07/17/2014,07-July,5-Thursday,08:57,0800 Hours,District 1 (Central),AMES,STORY,,LINCOLN WAY,Collision with:  Vehicle in traffic,On Roadway,Rear-end (front to rear),Driver Distraction:  Reaching for object(s)/fallen object(s),None Indicated,,Daylight,Dry,Clear,None apparent,Intersection:  Four-way intersection,Paved,,Property Damage Only,0,0,0,0,0,0,4000,2,2,,POINT (-93.646963788774 42.022789877401)
2014808209,14-23012,07/17/2014,07-July,5-Thursday,16:22,1600 Hours,District 3 (Northwest),SIOUX CITY,WOODBURY,,FLOYD BLVD & TRINITY DR,Collision with:  Vehicle in traffic,On Roadway,Broadside (front to side),FTYROW:  From stop sign,None Indicated,,Daylight,Dry,Cloudy,None apparent,Intersection:  T-intersection,Paved,,Possible/Unknown,0,1,0,0,1,0,4000,2,4,,POINT (-96.373585460748 42.529310031918)
2014808174,S14-002702,07/17/2014,07-July,5-Thursday,07:40,0700 Hours,District 4 (Southwest),,POTTAWATTAMIE,US 6,US 6 & 290TH ST,Collision with:  Vehicle in traffic,On Roadway,Broadside (front to side),Made improper turn,None Indicated,,Daylight,Dry,Clear,None apparent,Intersection:  Four-way intersection,Paved,,Property Damage Only,0,0,0,0,0,0,9000,2,2,,POINT (-95.636719210076 41.289565817029)
2014807991,14-3402,07/17/2014,07-July,5-Thursday,12:35,1200 Hours,District 4 (Southwest),WEST DES MOINES,DALLAS,,UNIVERSITY AVE,Collision with:  Vehicle in traffic,On Roadway,Rear-end (front to rear),Followed too close,None Indicated,,Daylight,Dry,Clear,None apparent,Intersection:  Four-way intersection,Paved,,Property Damage Only,0,0,0,0,0,0,2500,2,3,,POINT (-93.809945586959 41.60045948339)
2014809910,2014007264,07/17/2014,07-July,5-Thursday,18:35,1800 Hours,District 1 (Central),MARSHALLTOWN,MARSHALL,,S CENTER ST,Collision with fixed object:  Curb/island/raised median,On Roadway,Non-collision (single vehicle),Other (explain in narrative):  Disregarded Warning Sign,None Indicated,,Daylight,Dry,Cloudy,None apparent,Non-intersection:  Driveway access (within),Paved,,Property Damage Only,0,0,0,0,0,0,1650,1,1,,POINT (-92.912778952767 42.039242779618)
2014808262,14012009,07/17/2014,07-July,5-Thursday,16:14,1600 Hours,District 2 (Northeast),MASON CITY,CERRO GORDO,,9TH ST NE & N RHODE ISLAND AVE,Collision with:  Vehicle in traffic,On Roadway,Broadside (front to side),FTYROW:  At uncontrolled intersection,None Indicated,,Daylight,Dry,Clear,None apparent,Intersection:  Four-way intersection,Paved,,Property Damage Only,0,0,0,0,0,0,6000,2,3,,POINT (-93.183563061261 43.160178969555)
2014828317,14070408,07/17/2014,07-July,5-Thursday,01:35,0100 Hours,District 5 (Southeast),CHILLICOTHE,WAPELLO,,Co Rd H21/POWER PLANT RD,Collision with:  Animal,On Roadway,Non-collision (single vehicle),Animal,None Indicated,,Dark - roadway not lighted,Dry,Clear,None apparent,Non-intersection:  Non-junction/no special feature,Paved,,Major Injury,0,1,1,0,0,0,4000,1,1,,POINT (-92.623850549477 41.103997167093)
2014810385,A14053,07/17/2014,07-July,5-Thursday,22:16,2200 Hours,District 5 (Southeast),KNOXVILLE,MARION,IA 5,IA 5/SE RAMP CURV/SW RAMP CURV & IA 14/LINCOLN ST,Collision with:  Vehicle in traffic,On Roadway,"Angle, oncoming left turn",FTYROW:  Making left turn,None Indicated,,Dark - unknown roadway lighting,Dry,Cloudy,Unknown,Interchange-related:  On-ramp,Paved,,Minor Injury,0,1,0,1,0,0,10000,2,3,,POINT (-93.109489972679 41.302832419096)
2014810922,2014041840,07/17/2014,07-July,5-Thursday,15:51,1500 Hours,District 5 (Southeast),,CLARKE,I-35,I-35 & Co Rd H50/BENSON ST,Non-collision events:  Overturn/rollover,Shoulder,Non-collision (single vehicle),Crossed centerline (undivided),None Indicated,,Daylight,Dry,Clear,None apparent,Non-intersection:  Non-junction/no special feature,Paved,,Possible/Unknown,0,1,0,0,1,0,15000,1,1,,POINT (-93.797325125147 40.913664004547)
2014808167,20140020443,07/17/2014,07-July,5-Thursday,17:58,1700 Hours,District 1 (Central),DES MOINES,POLK,I-235,I-235,Collision with:  Vehicle in traffic,On Roadway,Rear-end (front to rear),Followed too close,None Indicated,,Daylight,Dry,Cloudy,None apparent,Non-intersection:  Non-junction/no special feature,Paved,,Property Damage Only,0,0,0,0,0,0,6000,2,2,,POINT (-93.69299473707 41.592558999142)
2014809161,SC14-038,07/17/2014,07-July,5-Thursday,17:35,1700 Hours,District 1 (Central),STATE CENTER,MARSHALL,US 30,US 30/240TH ST & DURHAM AVE & 3RD AVE SW,Collision with:  Vehicle in traffic,On Roadway,Broadside (front to side),FTYROW:  From yield sign,None Indicated,,Daylight,Dry,Clear,None apparent,Intersection:  Four-way intersection,Paved,,Minor Injury,0,3,0,2,1,0,14000,2,3,,POINT (-93.165165848267 42.007678923286)
2014808127,01-14-31521,07/17/2014,07-July,5-Thursday,17:32,1700 Hours,District 6 (East Central),DUBUQUE,DUBUQUE,,HILLCREST RD & JOHN F KENNEDY RD,Collision with:  Vehicle in traffic,On Roadway,"Angle, oncoming left turn",FTYROW:  From stop sign,None Indicated,,Daylight,Dry,Cloudy,None apparent,Intersection:  Four-way intersection,Paved,,Property Damage Only,0,0,0,0,0,0,4000,2,2,,POINT (-90.720517345559 42.506250437024)
2014807989,14-3396,07/17/2014,07-July,5-Thursday,09:18,0900 Hours,District 1 (Central),WEST DES MOINES,POLK,IA 5,IA 5/IOWA 5,Collision with:  Vehicle in traffic,On Roadway,Rear-end (front to rear),"Operating vehicle in an reckless, erratic, careless, negligent manner",None Indicated,,Daylight,Dry,Clear,None apparent,Non-intersection:  Non-junction/no special feature,Paved,,Possible/Unknown,0,2,0,0,2,0,20000,2,2,,POINT (-93.751973408287 41.522787351672)
2014811487,S14-G1701,07/17/2014,07-July,5-Thursday,13:45,1300 Hours,District 5 (Southeast),,CLARKE,,CLARK-UNION AVE,Collision with:  Other non-fixed object (explain in narrative),On Roadway,Non-collision (single vehicle),Unknown,None Indicated,,Daylight,"Mud, dirt",Clear,None apparent,Non-intersection:  Non-junction/no special feature,Unpaved,,Property Damage Only,0,0,0,0,0,0,1500,1,1,,POINT (-94.014485436609 41.045268456058)
2014808877,14-000837,07/17/2014,07-July,5-Thursday,16:24,1600 Hours,District 1 (Central),,STORY,,220TH ST,Collision with fixed object:  Culvert/pipe opening,On Roadway,Non-collision (single vehicle),Ran off road - right,None Indicated,,Daylight,Dry,Clear,None apparent,Non-intersection:  Non-junction/no special feature,Paved,,Possible/Unknown,0,1,0,0,1,0,4000,1,1,,POINT (-93.550011314993 42.034625675559)
2014809346,071714B,07/17/2014,07-July,5-Thursday,22:43,2200 Hours,District 4 (Southwest),,FREMONT,US 275,US 275,Collision with:  Animal,On Roadway,Non-collision (single vehicle),Animal,None Indicated,,,,,,Non-intersection:  Non-junction/no special feature,Paved,,Property Damage Only,0,0,0,0,0,0,1500,1,1,,POINT (-95.646334704182 40.719092412409)
2014809102,14-020717-01,07/17/2014,07-July,5-Thursday,07:10,0700 Hours,District 6 (East Central),,IOWA,IA 149,IA 149/P AVE,Collision with:  Animal,,Non-collision (single vehicle),Animal,None Indicated,,,,,,,Paved,,Property Damage Only,0,0,0,0,0,0,8000,1,1,,POINT (-92.007417998326 41.645062947691)
2014808149,14-003072,07/17/2014,07-July,5-Thursday,18:29,1800 Hours,District 1 (Central),ANKENY,POLK,IA 160,IA 160/SE ORALABOR RD & SE PEACHTREE DR,Collision with:  Vehicle in traffic,On Roadway,"Sideswipe, same direction",Other (explain in narrative):  Other,None Indicated,,Daylight,Dry,Clear,None apparent,Intersection:  Four-way intersection,Paved,,Property Damage Only,0,0,0,0,0,0,2700,2,2,,POINT (-93.594024666564 41.702883269966)
2014808145,14029881,07/17/2014,07-July,5-Thursday,13:21,1300 Hours,District 5 (Southeast),MUSCATINE,MUSCATINE,,LIBERTY ST & FRANKLIN ST,Collision with:  Vehicle in traffic,On Roadway,Broadside (front to side),FTYROW:  From stop sign,None Indicated,,Daylight,Dry,Cloudy,None apparent,Intersection:  Four-way intersection,Paved,,Property Damage Only,0,0,0,0,0,0,3500,2,4,,POINT (-91.061946496076 41.411603097117)
2014809859,14-071865,07/17/2014,07-July,5-Thursday,22:45,2200 Hours,District 2 (Northeast),,BLACK HAWK,,Co Rd V19/LEVERSEE RD,Non-collision events:  Other non-collision (explain in narrative),On Roadway,Non-collision (single vehicle),Driving too fast for conditions,None Indicated,,Dark - roadway not lighted,Dry,Clear,None apparent,Non-intersection:  Non-junction/no special feature,Unpaved,,Minor Injury,0,1,0,1,0,0,1500,1,1,,POINT (-92.416400409946 42.582636336675)
2014811833,,07/17/2014,07-July,5-Thursday,18:30,1800 Hours,District 6 (East Central),MAQUOKETA,JACKSON,US 61,US 61/SW RAMP/NW RAMP & IA 64/W PLATT ST,Collision with:  Vehicle in traffic,On Roadway,Rear-end (front to rear),Other (explain in narrative):  Other,None Indicated,,Daylight,,Clear,,,Paved,,Property Damage Only,0,0,0,0,0,0,1500,2,3,,POINT (-90.684219046841 42.068854277272)
2014808954,14014861,07/17/2014,07-July,5-Thursday,07:45,0700 Hours,District 6 (East Central),MARION,LINN,IA 100,IA 100/COLLINS RD SE,Collision with:  Vehicle in traffic,On Roadway,Rear-end (front to rear),Followed too close,None Indicated,,Daylight,Dry,Cloudy,None apparent,Intersection:  Four-way intersection,Paved,,Property Damage Only,0,0,0,0,0,0,5684,2,2,,POINT (-91.598925594539 42.015341135981)
2014808285,02-14-10770,07/17/2014,07-July,5-Thursday,13:00,1300 Hours,District 6 (East Central),DUBUQUE,DUBUQUE,,Co Rd Y21/SUNDOWN RD,Collision with:  Vehicle in traffic,Shoulder,"Sideswipe, same direction",Swerving/Evasive Action,None Indicated,,Daylight,Dry,Clear,None apparent,Non-intersection:  Non-junction/no special feature,Paved,,Property Damage Only,0,0,0,0,0,0,3200,2,3,,POINT (-90.859843392413 42.382169272121)
2014808259,14011984,07/17/2014,07-July,5-Thursday,12:04,1200 Hours,District 2 (Northeast),MASON CITY,CERRO GORDO,IA 122,IA 122/4TH ST SE/IOWA 122 & S VIRGINIA AVE,Collision with:  Vehicle in traffic,On Roadway,Rear-end (front to rear),Unknown,None Indicated,,Daylight,Dry,Cloudy,None apparent,Intersection:  Four-way intersection,Paved,,Property Damage Only,0,0,0,0,0,0,7000,2,2,,POINT (-93.186011130513 43.148090516106)
2014835072,14-004033,07/17/2014,07-July,5-Thursday,15:55,1500 Hours,District 2 (Northeast),WODEN,HANCOCK,,4TH ST,Collision with:  Vehicle in traffic,On Roadway,"Angle, oncoming left turn",Swerving/Evasive Action,None Indicated,,Daylight,Dry,Cloudy,Work Zone (roadway-related),Non-intersection:  Alley,Paved,Yes,Property Damage Only,0,0,0,0,0,0,6010,2,2,,POINT (-93.908208695823 43.230064938382)
2014808481,717141514,07/17/2014,07-July,5-Thursday,14:15,1400 Hours,District 4 (Southwest),,RINGGOLD,,Co Rd J45/COUNTY HWY J45/CO HWY J45,Collision with:  Vehicle in traffic,On Roadway,Broadside (front to side),FTYROW:  From driveway,None Indicated,,Daylight,Dry,Clear,Unknown,Non-intersection:  Driveway access (within),Paved,,Major Injury,0,3,1,0,0,2,5500,2,3,,POINT (-94.015295097001 40.69418330181)
2014850950,14-005668,07/17/2014,07-July,5-Thursday,10:08,1000 Hours,District 5 (Southeast),WAPELLO,LOUISA,,K AVE,Collision with fixed object:  Ditch,On Roadway,Non-collision (single vehicle),Ran off road - right,None Indicated,,Daylight,Dry,Cloudy,None apparent,Non-intersection:  Non-junction/no special feature,Paved,,Minor Injury,0,1,0,1,0,0,100000,1,1,,POINT (-91.1969538105 41.179143400089)
2014810203,20140717EEP1,07/17/2014,07-July,5-Thursday,16:35,1600 Hours,District 5 (Southeast),OSCEOLA,CLARKE,US 34,US 34/W MC LANE ST & WARREN AVE,Collision with:  Vehicle in traffic,On Roadway,Broadside (front to side),Other (explain in narrative):  Other,None Indicated,,Daylight,Dry,Cloudy,None apparent,Intersection:  Five points or more,Paved,,Property Damage Only,0,0,0,0,0,0,2000,2,3,,POINT (-93.788687117502 41.02800997525)
2014808163,20140020408,07/17/2014,07-July,5-Thursday,13:23,1300 Hours,District 1 (Central),DES MOINES,POLK,IA 163,IA 163/E UNIVERSITY AVE,Collision with:  Vehicle in traffic,On Roadway,"Sideswipe, same direction",Made improper turn,None Indicated,,Daylight,Dry,Cloudy,None apparent,Non-intersection:  Non-junction/no special feature,Paved,,Possible/Unknown,0,1,0,0,1,0,6500,2,2,,POINT (-93.550245639637 41.600554639965)
2014809812,145060,07/17/2014,07-July,5-Thursday,22:32,2200 Hours,District 4 (Southwest),,DALLAS,,Co Rd R30/W AVE,Collision with:  Animal,On Roadway,Non-collision (single vehicle),Animal,None Indicated,,Dark - roadway not lighted,Dry,Clear,None apparent,Non-intersection:  Non-junction/no special feature,Paved,,Minor Injury,0,2,0,2,0,0,6500,1,2,,POINT (-93.853512844166 41.752003308254)
2014808006,14-2158,07/17/2014,07-July,5-Thursday,09:09,0900 Hours,District 1 (Central),FORT DODGE,WEBSTER,,5TH AVE S & S 21ST ST,Collision with:  Vehicle in traffic,On Roadway,Rear-end (front to rear),Driving too fast for conditions,None Indicated,,Daylight,Dry,Clear,None apparent,Intersection:  Four-way intersection,Paved,,Property Damage Only,0,0,0,0,0,0,1500,2,4,,POINT (-94.169424232162 42.501084248787)
2014809603,2014041881,07/17/2014,07-July,5-Thursday,22:05,2200 Hours,District 6 (East Central),WEST BRANCH,CEDAR,I-80,I-80,Non-collision events:  Overturn/rollover,Shoulder,Non-collision (single vehicle),Separation of units,None Indicated,,Dark - roadway not lighted,Dry,Cloudy,None apparent,"Interchange-related:  Off-ramp, diverge area",Paved,,Property Damage Only,0,0,0,0,0,0,40000,1,1,,POINT (-91.342432346038 41.664407300171)
2014808168,20140020453,07/17/2014,07-July,5-Thursday,19:48,1900 Hours,District 1 (Central),DES MOINES,POLK,,ARMY POST RD & SW 9TH ST,Collision with:  Vehicle in traffic,On Roadway,"Angle, oncoming left turn",Ran Traffic Signal,None Indicated,,Daylight,Dry,Clear,None apparent,Intersection:  Four-way intersection,Paved,,Property Damage Only,0,0,0,0,0,0,4500,2,5,,POINT (-93.625717923377 41.526480009209)
2014811810,2014041821,07/17/2014,07-July,5-Thursday,14:19,1400 Hours,District 6 (East Central),,JOHNSON,I-80,I-80,Collision with:  Vehicle in traffic,On Roadway,"Sideswipe, same direction",Other (explain in narrative):  Vision obstructed,None Indicated,,Daylight,Dry,Cloudy,None apparent,Non-intersection:  Non-junction/no special feature,Paved,,Property Damage Only,0,0,0,0,0,0,2000,2,2,,POINT (-91.444399878715 41.671228007613)
2014808156,20140020403,07/17/2014,07-July,5-Thursday,13:07,1300 Hours,District 1 (Central),DES MOINES,POLK,IA 28,IA 28/MERLE HAY RD & MADISON AVE,Collision with:  Vehicle in traffic,On Roadway,Broadside (front to side),Ran Traffic Signal,None Indicated,,Daylight,Dry,Clear,None apparent,Intersection:  Four-way intersection,Paved,,Minor Injury,0,3,0,2,1,0,7300,2,5,,POINT (-93.697798060245 41.633017295525)
2014808111,14071632,07/17/2014,07-July,5-Thursday,00:30,0000 Hours,District 2 (Northeast),CEDAR FALLS,BLACK HAWK,,UNIVERSITY AVE,Collision with:  Other non-fixed object (explain in narrative),Roadside,Non-collision (single vehicle),Unknown,None Indicated,,Dark - roadway lighted,Dry,Clear,None apparent,Non-intersection:  Non-junction/no special feature,Paved,,Major Injury,0,1,1,0,0,0,0,1,1,,POINT (-92.41974899257 42.509283361056)
2014809433,14-003342,07/17/2014,07-July,5-Thursday,04:45,0400 Hours,District 1 (Central),AMES,STORY,I-35,I-35,Collision with:  Animal,,,Animal,None Indicated,,,,,,,Paved,,Property Damage Only,0,0,0,0,0,0,2500,1,1,,POINT (-93.569657341977 42.048372926738)
2014808447,14-003348,07/17/2014,07-July,5-Thursday,12:44,1200 Hours,District 1 (Central),AMES,STORY,,30TH ST & NORTHWESTERN AVE & TRUMAN PL,Collision with:  Vehicle in traffic,On Roadway,Broadside (front to side),FTYROW:  From stop sign,None Indicated,,Daylight,Dry,Clear,None apparent,Intersection:  Four-way intersection,Paved,,Property Damage Only,0,0,0,0,0,0,13000,3,3,,POINT (-93.627167209022 42.051135295602)
2014811486,S014-0876,07/17/2014,07-July,5-Thursday,17:45,1700 Hours,District 2 (Northeast),,WRIGHT,,Co Rd C20/130TH ST,Collision with:  Vehicle in traffic,Roadside,"Sideswipe, same direction",Followed too close,None Indicated,,Daylight,Dry,Clear,None apparent,Non-intersection:  Non-junction/no special feature,Paved,,Property Damage Only,0,0,0,0,0,0,6500,2,2,,POINT (-93.70350638399 42.86298765742)
2014809810,14-24790,07/17/2014,07-July,5-Thursday,16:29,1600 Hours,District 5 (Southeast),BURLINGTON,DES MOINES,,ANGULAR ST & SUMMER ST,Collision with:  Vehicle in traffic,On Roadway,Broadside (front to side),FTYROW:  From stop sign,None Indicated,,Daylight,Dry,Clear,None apparent,Intersection:  Four-way intersection,Paved,,Property Damage Only,0,0,0,0,0,0,6000,2,2,,POINT (-91.114056966297 40.801434312644)
2014808181,14-13597,07/17/2014,07-July,5-Thursday,20:44,2000 Hours,District 6 (East Central),BETTENDORF,SCOTT,US 67,US 67/GRANT ST & 23RD ST,Collision with:  Vehicle in traffic,On Roadway,Head-on (front to front),FTYROW:  Making left turn,None Indicated,,Dusk,Dry,Cloudy,None apparent,Intersection:  Four-way intersection,Paved,,Property Damage Only,0,0,0,0,0,0,2000,2,4,,POINT (-90.500259317425 41.526603864762)
2014815484,,07/17/2014,07-July,5-Thursday,20:10,2000 Hours,District 3 (Northwest),LAKE VIEW,SAC,,,Collision with:  Parked motor vehicle,On Roadway,Rear-end (front to rear),Other (explain in narrative):  Other,None Indicated,,Dusk,Dry,Clear,None apparent,Non-intersection:  Non-junction/no special feature,,,Property Damage Only,0,0,0,0,0,0,1750,2,2,,POINT (-96.643700149993 40.233091251414)
2014808153,20140020364,07/17/2014,07-July,5-Thursday,07:12,0700 Hours,District 1 (Central),DES MOINES,POLK,US 6,US 6/E EUCLID AVE & US 69/E 14TH ST,Collision with:  Vehicle in traffic,On Roadway,Broadside (front to side),FTYROW:  At uncontrolled intersection,None Indicated,,Daylight,Dry,Clear,None apparent,Intersection:  Four-way intersection,Paved,,Property Damage Only,0,0,0,0,0,0,5000,2,2,,POINT (-93.600465123845 41.627721277287)
2014809015,2014-49501,07/17/2014,07-July,5-Thursday,13:20,1300 Hours,District 6 (East Central),DAVENPORT,SCOTT,,IA 461/HARRISON ST,Collision with fixed object:  Utility pole/light support,On Roadway,Non-collision (single vehicle),Lost Control,None Indicated,,Daylight,Dry,Cloudy,None apparent,Non-intersection:  Non-junction/no special feature,Paved,,Possible/Unknown,0,1,0,0,1,0,20000,1,1,,POINT (-90.576743732278 41.548200121672)
2014807916,W14-071570,07/17/2014,07-July,5-Thursday,06:44,0600 Hours,District 2 (Northeast),WATERLOO,BLACK HAWK,,W RIDGEWAY AVE & DEWITT RD,Collision with:  Vehicle in traffic,On Roadway,Rear-end (front to rear),Other (explain in narrative):  Other,None Indicated,,Daylight,Dry,Clear,None apparent,Intersection:  Four-way intersection,Paved,,Property Damage Only,0,0,0,0,0,0,4000,2,2,,POINT (-92.426879767103 42.469531370861)
2014808241,14-0006177,07/17/2014,07-July,5-Thursday,18:00,1800 Hours,District 4 (Southwest),GRISWOLD,CASS,IA 48,IA 48/ADAIR ST & IA 92/MAIN ST,Collision with:  Vehicle in traffic,On Roadway,Broadside (front to side),FTYROW:  From stop sign,None Indicated,,Daylight,Dry,Clear,None apparent,Intersection:  Four-way intersection,Paved,,Property Damage Only,0,0,0,0,0,0,4000,2,5,,POINT (-95.137174161799 41.234719168107)
2014808112,W14-071669,07/17/2014,07-July,5-Thursday,13:14,1300 Hours,District 2 (Northeast),WATERLOO,BLACK HAWK,,WAGNER RD,Collision with:  Animal,Roadside,Non-collision (single vehicle),Animal,None Indicated,,Daylight,Dry,Clear,None apparent,Non-intersection:  Driveway access (within),Paved,,Property Damage Only,0,0,0,0,0,0,3000,1,1,,POINT (-92.376994965637 42.545343242521)
2014810295,14-000823,07/17/2014,07-July,5-Thursday,07:50,0700 Hours,District 1 (Central),JOHNSTON,POLK,,NW 86TH ST,Collision with:  Vehicle in traffic,On Roadway,Rear-end (front to rear),Swerving/Evasive Action,None Indicated,,Daylight,Dry,Clear,None apparent,Non-intersection:  Non-junction/no special feature,Paved,,Property Damage Only,0,0,0,0,0,0,2800,2,2,,POINT (-93.736457963168 41.659464252584)
2014808772,14-7362,07/17/2014,07-July,5-Thursday,11:00,1100 Hours,District 3 (Northwest),CARROLL,CARROLL,,4TH ST,Collision with:  Vehicle in traffic,On Roadway,Rear-end (front to rear),FTYROW:  From parked position,None Indicated,,Daylight,Dry,Clear,None apparent,Non-intersection:  Non-junction/no special feature,Paved,,Property Damage Only,0,0,0,0,0,0,3200,2,2,,POINT (-94.870171758351 42.064718228398)
2014810388,A14052,07/17/2014,07-July,5-Thursday,14:00,1400 Hours,District 5 (Southeast),KNOXVILLE,MARION,IA 5,IA 5/SW RAMP CURV,Collision with:  Vehicle in traffic,On Roadway,Rear-end (front to rear),Followed too close,None Indicated,,Daylight,Dry,Clear,None apparent,Interchange-related:  Off-ramp,Paved,,Possible/Unknown,0,2,0,0,1,1,2500,2,3,,POINT (-93.111414484873 41.303614246754)
2014808452,14-000945,07/17/2014,07-July,5-Thursday,13:08,1300 Hours,District 1 (Central),AMES,STORY,,LINCOLN WAY,Collision with:  Vehicle in traffic,On Roadway,"Sideswipe, same direction",Other (explain in narrative):  Vision obstructed,None Indicated,,Daylight,Dry,Clear,None apparent,Non-intersection:  Non-junction/no special feature,Paved,,Property Damage Only,0,0,0,0,0,0,1900,2,2,,POINT (-93.64242172324 42.022752342012)
2014808131,SO1402842,07/17/2014,07-July,5-Thursday,11:29,1100 Hours,District 5 (Southeast),,JEFFERSON,,BUS US 34,Collision with:  Vehicle in traffic,On Roadway,"Sideswipe, opposite direction",Crossed centerline (undivided),None Indicated,,Daylight,Dry,Cloudy,None apparent,Non-intersection:  Non-junction/no special feature,Paved,,Property Damage Only,0,0,0,0,0,0,3300,2,4,,POINT (-92.013188817033 41.0063058954)