Iowa DOT Case Number,Law Enforcement Case Number,Date of Crash,Month of Crash,Day of Week,Time of Crash,Hour,DOT District,City Name,County Name,Route with System,Location Description,First Harmful Event,Location of First Harmful Event,Manner of Crash/Collision,Major Cause,Drug or Alcohol ,Environmental Conditions,Light Conditions,Surface Conditions,Weather Conditions,Roadway Contribution,Roadway Type,Roadway Surface,Work Zone,Crash Severity,Number of Fatalities,Number of Injuries,Number of Major Injuries,Number of Minor Injuries,Number of Possible Injuries,Number of Unknown Injuries,Amount of Property Damage,Number of Vehicles Involved,Total Number of Occupants,Travel Direction,Location
2014808334,14-003086,07/18/2014,07-July,6-Friday,17:35,1700 Hours,District 1 (Central),ANKENY,POLK,I-35,I-35,Collision with fixed object:  Curb/island/raised median,Median,Non-collision (single vehicle),Lost Control,None Indicated,,Daylight,Dry,Cloudy,None apparent,Non-intersection:  Non-junction/no special feature,Paved,,Property Damage Only,0,0,0,0,0,0,5218,1,1,,POINT (-93.576033752612 41.697651669532)
2014808372,20140020540,07/18/2014,07-July,6-Friday,15:15,1500 Hours,District 1 (Central),DES MOINES,POLK,,HOLCOMB AVE & 38TH ST,Collision with:  Vehicle in traffic,On Roadway,Broadside (front to side),Ran Stop Sign,None Indicated,,Daylight,Dry,Clear,None apparent,Intersection:  Four-way intersection,Paved,,Property Damage Only,0,0,0,0,0,0,3500,2,2,,POINT (-93.668239335227 41.616718789345)
2014809927,14-5253PD,07/18/2014,07-July,6-Friday,21:21,2100 Hours,District 1 (Central),BOONE,BOONE,,10TH ST,Collision with:  Parked motor vehicle,Shoulder,"Sideswipe, opposite direction",Improper Backing,None Indicated,,Dark - roadway not lighted,Dry,Cloudy,None apparent,Non-intersection:  Non-junction/no special feature,Unpaved,,Property Damage Only,0,0,0,0,0,0,2100,2,1,,POINT (-93.864654530102 42.065884505293)
2014808582,14-003362,07/18/2014,07-July,6-Friday,15:35,1500 Hours,District 1 (Central),AMES,STORY,,S 2ND ST,Collision with:  Vehicle in traffic,On Roadway,Rear-end (front to rear),Improper Backing,None Indicated,,Daylight,Dry,Clear,None apparent,Intersection:  T-intersection,Paved,,Property Damage Only,0,0,0,0,0,0,5500,2,3,,POINT (-93.610522202637 42.021593474884)
2014808474,2014042054,07/18/2014,07-July,6-Friday,20:28,2000 Hours,District 2 (Northeast),,WINNESHIEK,,Co Rd A52/OLD STAGE RD,Non-collision events:  Other non-collision (explain in narrative),On Roadway,Non-collision (single vehicle),Crossed centerline (undivided),None Indicated,,Dusk,Dry,Cloudy,None apparent,Non-intersection:  Non-junction/no special feature,Paved,,Minor Injury,0,1,0,1,0,0,500,1,1,,POINT (-91.680009129243 43.291418180454)
2014808309,201410337,07/18/2014,07-July,6-Friday,16:06,1600 Hours,District 6 (East Central),CEDAR RAPIDS,LINN,IA 100,IA 100/COLLINS RD NE & DUFFY DR NE,Collision with:  Vehicle in traffic,On Roadway,Broadside (front to side),Ran Stop Sign,None Indicated,,Daylight,Dry,Cloudy,None apparent,Intersection:  T-intersection,Paved,,Property Damage Only,0,0,0,0,0,0,4500,2,2,,POINT (-91.656800864935 42.028488894784)
2014808320,14014946,07/18/2014,07-July,6-Friday,17:49,1700 Hours,District 6 (East Central),MARION,LINN,US 151,US 151,Collision with:  Vehicle in traffic,On Roadway,Rear-end (front to rear),Followed too close,None Indicated,,Daylight,Dry,Cloudy,None apparent,Non-intersection:  Non-junction/no special feature,Paved,,Property Damage Only,0,0,0,0,0,0,3000,2,5,,POINT (-91.550295489636 42.035325606835)
2014809655,14012059,07/18/2014,07-July,6-Friday,16:34,1600 Hours,District 2 (Northeast),MASON CITY,CERRO GORDO,,19TH ST SW & S HARDING AVE,Collision with:  Vehicle in traffic,On Roadway,Rear-end (front to rear),Lost Control,None Indicated,,Daylight,Dry,Clear,None apparent,Non-intersection:  Non-junction/no special feature,Paved,,Property Damage Only,0,0,0,0,0,0,5000,2,2,,POINT (-93.243092049292 43.133764803772)
2014808210,14-23074,07/18/2014,07-July,6-Friday,02:10,0200 Hours,District 3 (Northwest),SIOUX CITY,WOODBURY,,COURT ST,Collision with:  Vehicle in traffic,On Roadway,"Sideswipe, same direction",Lost Control,None Indicated,,Dark - roadway lighted,Dry,Clear,None apparent,Non-intersection:  Non-junction/no special feature,Paved,,Property Damage Only,0,0,0,0,0,0,12000,3,1,,POINT (-96.396454956461 42.497991518736)
2014808558,20140020563,07/18/2014,07-July,6-Friday,17:52,1700 Hours,District 1 (Central),DES MOINES,POLK,US 69,US 69/SE 14TH ST,Collision with:  Vehicle in traffic,On Roadway,"Angle, oncoming left turn",FTYROW:  Making left turn,None Indicated,,Daylight,Dry,Cloudy,None apparent,Non-intersection:  Driveway access (within),Paved,,Property Damage Only,0,0,0,0,0,0,8000,2,2,,POINT (-93.596814939995 41.533839516371)
2014808308,201410329,07/18/2014,07-July,6-Friday,14:30,1400 Hours,District 6 (East Central),CEDAR RAPIDS,LINN,IA 922,IA 922/1ST AVE W & 15TH ST SW & 15TH ST NW,Collision with:  Vehicle in traffic,On Roadway,"Angle, oncoming left turn",FTYROW:  Making left turn,None Indicated,,Daylight,Dry,Clear,None apparent,Intersection:  Four-way intersection,Paved,,Property Damage Only,0,0,0,0,0,0,3000,2,2,,POINT (-91.691722042033 41.970800906836)
2014809930,145282PD,07/19/2014,07-July,7-Saturday,14:43,1400 Hours,District 1 (Central),BOONE,BOONE,,MAMIE EISENHOWER AVE & MILWAUKEE ST,Collision with:  Vehicle in traffic,On Roadway,Rear-end (front to rear),Followed too close,None Indicated,,Daylight,Dry,Clear,None apparent,Non-intersection:  Driveway access (within),Paved,,Possible/Unknown,0,1,0,0,1,0,13000,2,3,,POINT (-93.890988629496 42.059576693597)
2014828318,14070471,07/19/2014,07-July,7-Saturday,13:01,1300 Hours,District 5 (Southeast),,WAPELLO,US 63,US 63,Collision with:  Other non-fixed object (explain in narrative),On Roadway,Non-collision (single vehicle),Swerving/Evasive Action,None Indicated,,Daylight,Dry,Clear,None apparent,Non-intersection:  Non-junction/no special feature,Paved,,Minor Injury,0,1,0,1,0,0,5000,1,1,,POINT (-92.398035141313 41.089175304937)
2014808382,14-3443,07/19/2014,07-July,7-Saturday,22:17,2200 Hours,District 1 (Central),WEST DES MOINES,POLK,I-235,I-235,Collision with:  Vehicle in traffic,On Roadway,"Sideswipe, same direction",Unknown,None Indicated,,Dark - roadway lighted,Dry,Clear,None apparent,Non-intersection:  Non-junction/no special feature,Paved,,Property Damage Only,0,0,0,0,0,0,3500,2,2,,POINT (-93.741010874401 41.592439687878)
2014809039,,07/19/2014,07-July,7-Saturday,12:39,1200 Hours,District 2 (Northeast),CHARLES CITY,FLOYD,US 18,US 18/BRANTINGHAM ST & CLARK ST,Collision with:  Vehicle in traffic,On Roadway,"Angle, oncoming left turn",FTYROW:  Making left turn,None Indicated,,Daylight,Dry,Clear,None apparent,Intersection:  Four-way intersection,Paved,,Property Damage Only,0,0,0,0,0,0,2000,2,4,,POINT (-92.674694455446 43.06537532402)
2014808553,14-003092,07/19/2014,07-July,7-Saturday,11:25,1100 Hours,District 1 (Central),ANKENY,POLK,,SW ELM ST,Collision with:  Parked motor vehicle,On Roadway,Rear-end (front to rear),Other (explain in narrative):  Other,None Indicated,,Daylight,Dry,Clear,None apparent,Non-intersection:  Non-junction/no special feature,Paved,,Property Damage Only,0,0,0,0,0,0,3500,2,1,,POINT (-93.611131927017 41.727454888369)
2014808351,20140020673,07/19/2014,07-July,7-Saturday,15:25,1500 Hours,District 1 (Central),DES MOINES,POLK,I-235,I-235,Collision with fixed object:  Impact attenuator/crash cushion,Gore,Non-collision (single vehicle),Swerving/Evasive Action,None Indicated,,Daylight,Dry,Cloudy,None apparent,Interchange-related:  Off-ramp,Paved,,Possible/Unknown,0,1,0,0,1,0,5500,1,1,,POINT (-93.581081435758 41.602789836567)
2014808620,2014042207,07/19/2014,07-July,7-Saturday,23:00,2300 Hours,District 4 (Southwest),,MADISON,IA 92,IA 92/IOWA 92,Collision with fixed object:  Ditch,On Roadway,Non-collision (single vehicle),Exceeded authorized speed,Alcohol (Statutory),,Dark - roadway not lighted,Dry,Clear,None apparent,Non-intersection:  Non-junction/no special feature,Paved,,Property Damage Only,0,0,0,0,0,0,2000,1,1,,POINT (-94.076338020968 41.330270425453)
2014808425,2014-49984,07/19/2014,07-July,7-Saturday,12:57,1200 Hours,District 6 (East Central),DAVENPORT,SCOTT,,NORTHWEST BLVD,Collision with:  Vehicle in traffic,On Roadway,Rear-end (front to rear),Followed too close,None Indicated,,Daylight,Dry,Clear,None apparent,Non-intersection:  Driveway access (within),Paved,,Property Damage Only,0,0,0,0,0,0,5000,2,3,,POINT (-90.589063965758 41.571857842451)
2014809044,,07/19/2014,07-July,7-Saturday,05:30,0500 Hours,District 3 (Northwest),,BUENA VISTA,IA 3,IA 3/530TH ST,Collision with:  Animal,On Roadway,Non-collision (single vehicle),Animal,None Indicated,,Dawn,Dry,Clear,,Non-intersection:  Non-junction/no special feature,Paved,,Property Damage Only,0,0,0,0,0,0,4100,1,1,,POINT (-95.28247846727 42.748832556726)
2014809624,2014042104,07/19/2014,07-July,7-Saturday,04:53,0400 Hours,District 5 (Southeast),MOUNT PLEASANT,HENRY,US 34,US 34,Non-collision events:  Overturn/rollover,Shoulder,Non-collision (single vehicle),Ran off road - left,None Indicated,,Dark - roadway not lighted,Dry,Clear,None apparent,Non-intersection:  Other non-intersection (explain in narrative),Paved,,Minor Injury,0,1,0,1,0,0,58245,1,1,,POINT (-91.516871534442 40.963046760819)
2014810249,14-010885,07/19/2014,07-July,7-Saturday,03:51,0300 Hours,District 6 (East Central),,JACKSON,US 67,US 67/S GREAT RIVER RD/JACKSON HWY & IA 64/HWY 64,Collision with fixed object:  Ditch,Shoulder,Non-collision (single vehicle),Ran Stop Sign,None Indicated,,Dark - roadway lighted,Dry,Clear,None apparent,Intersection:  T-intersection,Paved,,Possible/Unknown,0,1,0,0,1,0,10000,1,1,,POINT (-90.200588717495 42.066669726172)
2014809887,14-25069,07/19/2014,07-July,7-Saturday,09:45,0900 Hours,District 5 (Southeast),BURLINGTON,DES MOINES,,MT PLEASANT ST & W ROOSEVELT FRONTAGE,Collision with:  Vehicle in traffic,On Roadway,"Sideswipe, same direction",Other (explain in narrative):  Other,None Indicated,,Daylight,Dry,Clear,None apparent,Intersection:  Other intersection (explain in narrative),Paved,,Property Damage Only,0,0,0,0,0,0,3000,2,2,,POINT (-91.142476159423 40.825892337113)
2014808362,20140020653,07/19/2014,07-July,7-Saturday,11:05,1100 Hours,District 1 (Central),DES MOINES,POLK,IA 28,IA 28/MERLE HAY RD & FRONTAGE RD CONN,Collision with:  Vehicle in traffic,On Roadway,Broadside (front to side),FTYROW:  From stop sign,None Indicated,,Daylight,Dry,Cloudy,None apparent,Intersection:  Four-way intersection,Paved,,Property Damage Only,0,0,0,0,0,0,6000,2,4,,POINT (-93.697661855054 41.647105311389)
2014810849,TC4014,07/19/2014,07-July,7-Saturday,19:17,1900 Hours,District 4 (Southwest),MISSOURI VALLEY,HARRISON,,S 6TH ST,Collision with:  Vehicle in traffic,On Roadway,"Sideswipe, same direction",FTYROW:  From parked position,Alcohol (Statutory),,Daylight,Dry,Clear,None apparent,Non-intersection:  Non-junction/no special feature,Paved,,Property Damage Only,0,0,0,0,0,0,8500,2,4,,POINT (-95.887776217891 41.555855825773)
2014811488,S14-G1901,07/19/2014,07-July,7-Saturday,15:45,1500 Hours,District 5 (Southeast),,CLARKE,,110 AVE & CLARKE DECATUR ST,Collision with fixed object:  Ditch,On Roadway,Non-collision (single vehicle),Swerving/Evasive Action,None Indicated,,Daylight,"Mud, dirt",Clear,None apparent,Intersection:  Y-intersection,Unpaved,,Possible/Unknown,0,1,0,0,1,0,3200,1,2,,POINT (-93.994875886705 40.897247315427)
2014809879,2014007350,07/19/2014,07-July,7-Saturday,21:16,2100 Hours,District 1 (Central),MARSHALLTOWN,MARSHALL,,E ANSON ST & S 18TH AVE,Collision with:  Vehicle in traffic,On Roadway,Rear-end (front to rear),Followed too close,None Indicated,,Dark - roadway lighted,Dry,Clear,None apparent,Non-intersection:  Non-junction/no special feature,Paved,,Minor Injury,0,1,0,1,0,0,8000,2,3,,POINT (-92.883976778191 42.038325625513)
2014808350,20140020666,07/19/2014,07-July,7-Saturday,13:19,1300 Hours,District 1 (Central),DES MOINES,POLK,US 69,US 69/SE 14TH ST,Collision with:  Vehicle in traffic,On Roadway,Broadside (front to side),Other (explain in narrative):  Vision obstructed,None Indicated,,Daylight,Dry,Cloudy,None apparent,Non-intersection:  Other non-intersection (explain in narrative),Paved,,Property Damage Only,0,0,0,0,0,0,3000,2,2,,POINT (-93.596840494594 41.554871487378)
2014808804,201402488,07/19/2014,07-July,7-Saturday,11:35,1100 Hours,District 6 (East Central),ROBINS,LINN,,COUNTY HOME RD,Collision with:  Vehicle in traffic,On Roadway,"Angle, oncoming left turn","Operating vehicle in an reckless, erratic, careless, negligent manner",None Indicated,,Daylight,Dry,Clear,None apparent,Non-intersection:  Driveway access (within),Paved,,Possible/Unknown,0,2,0,0,2,0,17000,2,4,,POINT (-91.680949285493 42.095001477893)
2014809515,14-009796,07/19/2014,07-July,7-Saturday,01:26,0100 Hours,District 4 (Southwest),,MILLS,,Co Rd L45/LEVI RD,Collision with:  Animal,On Roadway,Non-collision (single vehicle),Animal,None Indicated,,Dark - roadway not lighted,Dry,Clear,None apparent,Non-intersection:  Non-junction/no special feature,Paved,,Property Damage Only,0,0,0,0,0,0,2400,1,1,,POINT (-95.739009682292 40.996063869996)
2014808353,20140020678,07/19/2014,07-July,7-Saturday,16:53,1600 Hours,District 1 (Central),DES MOINES,POLK,,CLINTON AVE,Collision with:  Parked motor vehicle,On Roadway,Rear-end (front to rear),"Operating vehicle in an reckless, erratic, careless, negligent manner",None Indicated,,Daylight,Dry,Cloudy,None apparent,Non-intersection:  Non-junction/no special feature,Paved,,Property Damage Only,0,0,0,0,0,0,1500,2,1,,POINT (-93.632214599924 41.628586872882)
2014808522,1402882,07/19/2014,07-July,7-Saturday,05:43,0500 Hours,District 5 (Southeast),,JEFFERSON,,Co Rd H43/LIBERTYVILLE RD,Collision with:  Animal,,,Animal,None Indicated,,,,,,,Paved,,Property Damage Only,0,0,0,0,0,0,2500,1,1,,POINT (-92.044649386944 40.96208902536)
2014810923,2014042149,07/19/2014,07-July,7-Saturday,14:25,1400 Hours,District 3 (Northwest),DENISON,CRAWFORD,US 30,US 30 & US 59,Collision with:  Vehicle in traffic,On Roadway,"Angle, oncoming left turn",FTYROW:  From stop sign,None Indicated,,Daylight,Dry,Cloudy,None apparent,Intersection:  Four-way intersection,Paved,,Minor Injury,0,2,0,2,0,0,4500,2,2,,POINT (-95.367219727001 42.004700563506)
2014808803,201402482,07/19/2014,07-July,7-Saturday,00:02,0000 Hours,District 6 (East Central),,LINN,US 30,US 30,Collision with:  Animal,,,Animal,None Indicated,,,,,,,Paved,,Property Damage Only,0,0,0,0,0,0,3000,1,1,,POINT (-91.548285188422 41.926088725863)
2014808268,1407192811,07/19/2014,07-July,7-Saturday,22:30,2200 Hours,District 6 (East Central),,CLINTON,US 30,US 30,Collision with:  Animal,,Non-collision (single vehicle),Animal,None Indicated,,,,,,,Paved,,Property Damage Only,0,0,0,0,0,0,1800,1,1,,POINT (-90.60963743581 41.825677829848)
2014810107,14-13540,07/19/2014,07-July,7-Saturday,16:22,1600 Hours,District 2 (Northeast),,BREMER,US 218,US 218,Collision with:  Animal,,,Animal,None Indicated,,,,,,,Paved,,Property Damage Only,0,0,0,0,0,0,3000,1,1,,POINT (-92.514357441907 42.693727618126)
2014808265,10730-14,07/19/2014,07-July,7-Saturday,10:18,1000 Hours,District 3 (Northwest),SPENCER,CLAY,,4TH AVE SW & STONEY BROOK CIR SW,Collision with:  Vehicle in traffic,Shoulder,Rear-end (front to rear),Driver Distraction:  Reaching for object(s)/fallen object(s),None Indicated,,Daylight,Dry,Clear,None apparent,Non-intersection:  Non-junction/no special feature,Paved,,Property Damage Only,0,0,0,0,0,0,9000,2,1,,POINT (-95.151076046447 43.1157355038)
2014808393,14-030150,07/19/2014,07-July,7-Saturday,03:20,0300 Hours,District 4 (Southwest),COUNCIL BLUFFS,POTTAWATTAMIE,,HARRISON ST,Collision with:  Parked motor vehicle,On Roadway,Rear-end (front to rear),Lost Control,None Indicated,,Dark - roadway lighted,Dry,Unknown,Unknown,Non-intersection:  Non-junction/no special feature,Paved,,Property Damage Only,0,0,0,0,0,0,6000,3,1,,POINT (-95.845042275851 41.267039790805)
2014808460,2014-0269,07/19/2014,07-July,7-Saturday,17:43,1700 Hours,District 5 (Southeast),NORWALK,WARREN,,CANDLEWICK DR & LAKEWOOD DR,Collision with:  Parked motor vehicle,On Roadway,"Sideswipe, same direction",Driver Distraction:  Manual operation of an electronic communication device,None Indicated,,Daylight,Dry,Clear,None apparent,Non-intersection:  Non-junction/no special feature,Paved,,Property Damage Only,0,0,0,0,0,0,4000,2,1,,POINT (-93.686058118496 41.501680903187)
2014808888,14-0413,07/19/2014,07-July,7-Saturday,05:08,0500 Hours,District 1 (Central),,WEBSTER,,Co Rd D43/OLD HWY 50,Collision with:  Animal,,,Animal,None Indicated,,,,,,,Paved,,Property Damage Only,0,0,0,0,0,0,2500,1,1,,POINT (-94.072281728855 42.363578597435)
2014808274,142081,07/19/2014,07-July,7-Saturday,05:33,0500 Hours,District 3 (Northwest),,CRAWFORD,US 30,US 30,Collision with:  Animal,,,Animal,None Indicated,,,,,,,Paved,,Property Damage Only,0,0,0,0,0,0,1501,1,1,,POINT (-95.38261199917 41.997834690325)
2014808427,2014-50092,07/19/2014,07-July,7-Saturday,23:14,2300 Hours,District 6 (East Central),DAVENPORT,SCOTT,,FAIRMOUNT ST,Collision with:  Vehicle in traffic,On Roadway,Rear-end (front to rear),Lost Control,None Indicated,,Dark - roadway lighted,Dry,Clear,None apparent,Non-intersection:  Railroad grade crossing,Paved,,Minor Injury,0,1,0,1,0,0,13900,4,4,,POINT (-90.629579820195 41.554417692908)
2014809456,2014042120,07/19/2014,07-July,7-Saturday,10:40,1000 Hours,District 6 (East Central),,CEDAR,I-80,I-80,Non-collision events:  Other non-collision (explain in narrative),On Roadway,"Sideswipe, same direction",Crossed centerline (undivided),None Indicated,,Daylight,Dry,Clear,Other (explain in narrative),Non-intersection:  Non-junction/no special feature,Paved,,Property Damage Only,0,0,0,0,0,0,4000,2,2,,POINT (-91.111306095063 41.644952997363)
2014808613,14-23315,07/19/2014,07-July,7-Saturday,23:45,2300 Hours,District 3 (Northwest),SIOUX CITY,WOODBURY,,4TH ST & NEBRASKA ST,Collision with:  Vehicle in traffic,On Roadway,"Angle, oncoming left turn",FTYROW:  Making left turn,None Indicated,,Dark - roadway lighted,Dry,Clear,None apparent,Intersection:  Other intersection (explain in narrative),Paved,,Possible/Unknown,0,1,0,0,1,0,6500,2,6,,POINT (-96.403413296546 42.494147042877)
2014810060,14-14546,07/19/2014,07-July,7-Saturday,00:36,0000 Hours,District 6 (East Central),,SCOTT,,100 AVE,Collision with:  Animal,On Roadway,Non-collision (single vehicle),Animal,None Indicated,,Dark - roadway not lighted,Dry,Clear,None apparent,Non-intersection:  Non-junction/no special feature,Paved,,Property Damage Only,0,0,0,0,0,0,4000,1,1,,POINT (-90.711771574059 41.474538272657)
2014808619,2014042108,07/19/2014,07-July,7-Saturday,07:54,0700 Hours,District 6 (East Central),,JOHNSON,,Co Rd F52/BLACK DIAMOND RD & Co Rd W46/ORVAL YODDER TURNPIKE,Collision with:  Vehicle in traffic,On Roadway,Broadside (front to side),FTYROW:  From stop sign,None Indicated,,Daylight,Dry,Cloudy,None apparent,Intersection:  T-intersection,Paved,,Property Damage Only,0,0,0,0,0,0,2000,2,2,,POINT (-91.750451211435 41.608834304318)
2014810174,14006241,07/19/2014,07-July,7-Saturday,01:03,0100 Hours,District 6 (East Central),,DELAWARE,US 20,US 20,Collision with:  Animal,,,Animal,None Indicated,,,,,,,Paved,,Property Damage Only,0,0,0,0,0,0,2000,1,1,,POINT (-91.481266049888 42.464188477851)
2014808338,20140020641,07/19/2014,07-July,7-Saturday,08:23,0800 Hours,District 1 (Central),DES MOINES,POLK,,41ST ST & BEAVER AVE,Collision with:  Vehicle in traffic,On Roadway,Head-on (front to front),Ran Stop Sign,None Indicated,,Daylight,Dry,Cloudy,None apparent,Intersection:  Four-way intersection,Paved,,Minor Injury,0,2,0,2,0,0,6000,2,3,,POINT (-93.673003897715 41.610890358111)
2014810798,2014042090,07/19/2014,07-July,7-Saturday,01:25,0100 Hours,District 3 (Northwest),,IDA,US 20,US 20 & Co Rd L51/ALPINE AVE,Collision with fixed object:  Traffic sign support,Shoulder,Non-collision (single vehicle),Ran off road - left,None Indicated,,Dark - roadway not lighted,Dry,Clear,None apparent,Non-intersection:  Non-junction/no special feature,Paved,,Property Damage Only,0,0,0,0,0,0,5250,1,5,,POINT (-95.643776334704 42.47480081834)
2014810229,SO14-0884,07/19/2014,07-July,7-Saturday,18:43,1800 Hours,District 2 (Northeast),,WRIGHT,,240TH ST,Non-collision events:  Overturn/rollover,On Roadway,Non-collision (single vehicle),Driving too fast for conditions,None Indicated,,Daylight,Dry,Clear,None apparent,Non-intersection:  Non-junction/no special feature,Unpaved,,Possible/Unknown,0,1,0,0,1,0,8000,1,1,,POINT (-93.800285778018 42.702470829428)
2014812147,14006495,07/19/2014,07-July,7-Saturday,15:20,1500 Hours,District 6 (East Central),,BUCHANAN,,Co Rd W45/SLATER AVE/G AVE & 100TH ST,Collision with:  Vehicle in traffic,On Roadway,Broadside (front to side),FTYROW:  From stop sign,None Indicated,,Daylight,Dry,Clear,None apparent,Intersection:  Four-way intersection,Paved,,Possible/Unknown,0,1,0,0,1,0,13200,2,5,,POINT (-91.726077577688 42.643095776078)
2014811263,,07/19/2014,07-July,7-Saturday,13:10,1300 Hours,District 5 (Southeast),FORT MADISON,LEE,,48TH ST,Collision with:  Vehicle in traffic,On Roadway,Rear-end (front to rear),Followed too close,None Indicated,,Daylight,Dry,Clear,None apparent,Non-intersection:  Non-junction/no special feature,Paved,,Property Damage Only,0,0,0,0,0,0,2000,2,5,,POINT (-91.373099646083 40.627531117609)
2014808612,14-23244,07/19/2014,07-July,7-Saturday,09:55,0900 Hours,District 3 (Northwest),SIOUX CITY,WOODBURY,,MORNINGSIDE AVE,Collision with:  Vehicle in traffic,On Roadway,"Sideswipe, same direction",Other (explain in narrative):  Other,None Indicated,,Daylight,Dry,Clear,None apparent,Non-intersection:  Non-junction/no special feature,Paved,,Property Damage Only,0,0,0,0,0,0,1500,2,4,,POINT (-96.347076271553 42.470406269477)
2014808312,201410416,07/19/2014,07-July,7-Saturday,20:31,2000 Hours,District 6 (East Central),CEDAR RAPIDS,LINN,,F AVE NE,Collision with fixed object:  Utility pole/light support,On Roadway,Non-collision (single vehicle),Ran off road - right,Alcohol (Statutory),,Dusk,Dry,Clear,None apparent,Non-intersection:  Non-junction/no special feature,Paved,,Property Damage Only,0,0,0,0,0,0,2000,1,1,,POINT (-91.643434784998 42.028196583048)
2014813191,AC-14-040,07/19/2014,07-July,7-Saturday,01:30,0100 Hours,District 6 (East Central),,JONES,US 151,US 151,Collision with:  Animal,On Roadway,Non-collision (single vehicle),Animal,None Indicated,,Dark - roadway not lighted,Dry,Clear,None apparent,Non-intersection:  Non-junction/no special feature,Paved,,Property Damage Only,0,0,0,0,0,0,4500,1,2,,POINT (-91.321278163732 42.070615208906)
2014808275,14-025111,07/19/2014,07-July,7-Saturday,18:00,1800 Hours,District 5 (Southeast),WEST BURLINGTON,DES MOINES,,E HUSTON ST & W BURLINGTON AVE,Collision with:  Vehicle in traffic,On Roadway,Broadside (front to side),Other (explain in narrative):  Other,None Indicated,,Daylight,Dry,Cloudy,None apparent,Non-intersection:  Non-junction/no special feature,Paved,,Property Damage Only,0,0,0,0,0,0,1500,2,1,,POINT (-91.150999821032 40.822993665947)
2014808327,1407191-A,07/19/2014,07-July,7-Saturday,11:43,1100 Hours,District 4 (Southwest),RED OAK,MONTGOMERY,,HAMMOND ST & 4TH ST,Collision with:  Vehicle in traffic,On Roadway,Broadside (front to side),Ran Stop Sign,None Indicated,,Daylight,Dry,Clear,None apparent,Intersection:  Four-way intersection,Paved,,Property Damage Only,0,0,0,0,0,0,4000,2,2,,POINT (-95.227952663888 41.010548947129)
2014808466,14-2188,07/19/2014,07-July,7-Saturday,14:40,1400 Hours,District 1 (Central),FORT DODGE,WEBSTER,,5TH AVE S,Collision with:  Vehicle in traffic,On Roadway,Rear-end (front to rear),Unknown,None Indicated,,Daylight,Dry,Clear,None apparent,Non-intersection:  Railroad grade crossing,Paved,,Property Damage Only,0,0,0,0,0,0,1501,2,2,,POINT (-94.169217541246 42.501095363587)
2014809605,2014042119,07/19/2014,07-July,7-Saturday,11:14,1100 Hours,District 4 (Southwest),,POTTAWATTAMIE,I-80,I-80,Collision with fixed object:  Ditch,On Roadway,Non-collision (single vehicle),Ran off road - right,None Indicated,,Daylight,Dry,Clear,None apparent,Interchange-related:  On-ramp,Paved,,Property Damage Only,0,0,0,0,0,0,2800,1,3,,POINT (-95.680842002702 41.37112614701)
2014808904,2014042082,07/19/2014,07-July,7-Saturday,00:00,0000 Hours,District 2 (Northeast),,HANCOCK,,Co Rd R34/JAMES AVE,Non-collision events:  Overturn/rollover,Outside trafficway,Non-collision (single vehicle),Exceeded authorized speed,Drug/Alcohol (Statutory),,Dark - roadway not lighted,Dry,Clear,None apparent,Non-intersection:  Non-junction/no special feature,Paved,,Major Injury,0,1,1,0,0,0,50000,1,1,,POINT (-93.782494259472 43.236288700782)
2014809606,2014042197,07/19/2014,07-July,7-Saturday,21:18,2100 Hours,District 4 (Southwest),,POTTAWATTAMIE,I-80,I-80,Collision with:  Animal,,,Animal,None Indicated,,,,,,,Paved,,Property Damage Only,0,0,0,0,0,0,7500,1,1,,POINT (-95.601537859829 41.452050907357)
2014808234,W14-072637,07/19/2014,07-July,7-Saturday,20:56,2000 Hours,District 2 (Northeast),WATERLOO,BLACK HAWK,,E MITCHELL AVE & W 11TH ST,Collision with:  Vehicle in traffic,On Roadway,"Sideswipe, opposite direction",Crossed centerline (undivided),Alcohol (Statutory),,Dark - roadway lighted,Dry,Clear,None apparent,Intersection:  Four-way intersection,Paved,,Property Damage Only,0,0,0,0,0,0,8500,2,3,,POINT (-92.334998814925 42.476663073855)
2014809886,14-25058,07/19/2014,07-July,7-Saturday,07:12,0700 Hours,District 5 (Southeast),BURLINGTON,DES MOINES,US 61,US 61 & MT PLEASANT ST,Collision with:  Vehicle in traffic,On Roadway,Head-on (front to front),FTYROW:  Making left turn,None Indicated,,Daylight,Dry,Cloudy,None apparent,Intersection:  Four-way intersection,Paved,,Property Damage Only,0,0,0,0,0,0,3000,2,3,,POINT (-91.141374083819 40.825865575089)
2014808805,201402499,07/19/2014,07-July,7-Saturday,21:19,2100 Hours,District 6 (East Central),SPRINGVILLE,LINN,US 151,US 151/DUBUQUE RD & Co Rd X20/SPRINGVILLE RD,Collision with:  Animal,,,Animal,None Indicated,,,,,,,Paved,,Property Damage Only,0,0,0,0,0,0,5000,1,1,,POINT (-91.4432873182 42.049468667527)
2014810175,14006273,07/19/2014,07-July,7-Saturday,20:36,2000 Hours,District 6 (East Central),,DELAWARE,,Co Rd D5X/JEFFERSON RD,,On Roadway,Non-collision (single vehicle),Ran off road - left,Refused,,Dusk,Dry,Clear,None apparent,Non-intersection:  Non-junction/no special feature,Paved,,Property Damage Only,0,0,0,0,0,0,3000,1,1,,POINT (-91.408684817123 42.45041555425)
2014810321,2014042095,07/19/2014,07-July,7-Saturday,03:35,0300 Hours,District 4 (Southwest),,DALLAS,I-80,I-80,Collision with:  Animal,,,Animal,None Indicated,,,,,,,Paved,,Property Damage Only,0,0,0,0,0,0,7000,1,1,,POINT (-93.963076893086 41.545694874126)
2014808523,1402897,07/19/2014,07-July,7-Saturday,21:11,2100 Hours,District 5 (Southeast),,JEFFERSON,,Co Rd W40/WOODBINE AVE,Collision with:  Animal,,,Animal,None Indicated,,,,,,,Unpaved,,Property Damage Only,0,0,0,0,0,0,1500,1,1,,POINT (-91.741776172404 40.921014253228)