Iowa DOT Case Number,Law Enforcement Case Number,Date of Crash,Month of Crash,Day of Week,Time of Crash,Hour,DOT District,City Name,County Name,Route with System,Location Description,First Harmful Event,Location of First Harmful Event,Manner of Crash/Collision,Major Cause,Drug or Alcohol ,Environmental Conditions,Light Conditions,Surface Conditions,Weather Conditions,Roadway Contribution,Roadway Type,Roadway Surface,Work Zone,Crash Severity,Number of Fatalities,Number of Injuries,Number of Major Injuries,Number of Minor Injuries,Number of Possible Injuries,Number of Unknown Injuries,Amount of Property Damage,Number of Vehicles Involved,Total Number of Occupants,Travel Direction,Location
2014808432,2014-49993,07/19/2014,07-July,7-Saturday,13:59,1300 Hours,District 6 (East Central),DAVENPORT,SCOTT,,IA 461/BRADY ST & W 15TH ST,Collision with:  Vehicle in traffic,On Roadway,Rear-end (front to rear),Followed too close,None Indicated,,Daylight,Dry,Clear,None apparent,Intersection:  Four-way intersection,Paved,,Property Damage Only,0,0,0,0,0,0,3000,2,3,,POINT (-90.574039965014 41.534903666418)
2014808395,14-030219,07/19/2014,07-July,7-Saturday,21:30,2100 Hours,District 4 (Southwest),COUNCIL BLUFFS,POTTAWATTAMIE,,9TH AVE & S 35TH ST,Collision with:  Vehicle in traffic,On Roadway,Rear-end (front to rear),FTYROW:  Other (explain in narrative),None Indicated,,Dark - roadway lighted,Dry,Unknown,None apparent,Intersection:  Four-way intersection,Paved,,Property Damage Only,0,0,0,0,0,0,1500,2,3,,POINT (-95.902033224379 41.253682829037)
2014808352,20140020674,07/19/2014,07-July,7-Saturday,15:46,1500 Hours,District 1 (Central),DES MOINES,POLK,IA 28,IA 28/63RD ST,Collision with:  Vehicle in traffic,On Roadway,Rear-end (front to rear),Followed too close,None Indicated,,Daylight,Dry,Clear,None apparent,Non-intersection:  Non-junction/no special feature,Paved,,Minor Injury,0,1,0,1,0,0,4500,2,2,,POINT (-93.703421727768 41.581542877047)
2014808291,2014007782,07/19/2014,07-July,7-Saturday,17:00,1700 Hours,District 6 (East Central),IOWA CITY,JOHNSON,,KEOKUK ST,Collision with:  Vehicle in traffic,On Roadway,"Sideswipe, same direction",Improper or erratic lane changing,None Indicated,,Daylight,Dry,Cloudy,None apparent,Non-intersection:  Non-junction/no special feature,Paved,,Property Damage Only,0,0,0,0,0,0,2000,2,2,,POINT (-91.524650377876 41.642536743286)
2014808273,CL14002479,07/19/2014,07-July,7-Saturday,01:00,0100 Hours,District 6 (East Central),CLINTON,CLINTON,IA 136,IA 136/MAIN AVE & N 8TH ST,Collision with:  Animal,,,Animal,None Indicated,,,,,,,Paved,,Property Damage Only,0,0,0,0,0,0,3000,1,1,,POINT (-90.189300884824 41.873836850731)
2014808340,20140020661,07/19/2014,07-July,7-Saturday,12:57,1200 Hours,District 1 (Central),DES MOINES,POLK,I-235,I-235 & DAY ST & 7TH ST,Collision with:  Vehicle in traffic,On Roadway,Broadside (front to side),Unknown,None Indicated,,Daylight,Dry,Cloudy,None apparent,Non-intersection:  Non-junction/no special feature,Paved,,Property Damage Only,0,0,0,0,0,0,6000,2,4,,POINT (-93.626859514096 41.596271299163)
2014810946,,07/19/2014,07-July,7-Saturday,18:30,1800 Hours,District 2 (Northeast),,WINNESHIEK,,Co Rd B16/CO RD B16,Non-collision events:  Other non-collision (explain in narrative),On Roadway,Non-collision (single vehicle),"Operating vehicle in an reckless, erratic, careless, negligent manner",None Indicated,,Daylight,Dry,Cloudy,None apparent,Non-intersection:  Non-junction/no special feature,Paved,,Property Damage Only,0,0,0,0,0,0,7000,1,3,,POINT (-92.031509953974 43.220034523308)
2014808426,2014-50035,07/19/2014,07-July,7-Saturday,18:03,1800 Hours,District 6 (East Central),DAVENPORT,SCOTT,I-74,I-74 & E 53RD ST,Collision with:  Vehicle in traffic,On Roadway,Rear-end (front to rear),FTYROW:  Other (explain in narrative),None Indicated,,Daylight,Dry,Clear,None apparent,Non-intersection:  Non-junction/no special feature,Paved,,Property Damage Only,0,0,0,0,0,0,6000,2,3,,POINT (-90.522159429303 41.574829761048)
2014828319,14070477,07/19/2014,07-July,7-Saturday,18:05,1800 Hours,District 5 (Southeast),,WAPELLO,,MILLER CHAPEL RD,Collision with:  Vehicle in traffic,On Roadway,"Sideswipe, opposite direction",Traveling wrong way or on wrong side of road,None Indicated,,Daylight,Dry,Clear,None apparent,Non-intersection:  Non-junction/no special feature,Unpaved,,Property Damage Only,0,0,0,0,0,0,4000,2,4,,POINT (-92.353691230671 40.942417805174)
2014808240,14-007452,07/19/2014,07-July,7-Saturday,02:00,0200 Hours,District 3 (Northwest),,CARROLL,,140TH ST,Collision with fixed object:  Utility pole/light support,Outside trafficway,Non-collision (single vehicle),Ran off road - left,None Indicated,,Dark - roadway not lighted,Dry,Cloudy,None apparent,Non-intersection:  Non-junction/no special feature,Unpaved,,Possible/Unknown,0,1,0,0,1,0,7050,1,1,,POINT (-94.716246929034 42.151943290839)
2014808495,14010557,07/19/2014,07-July,7-Saturday,21:30,2100 Hours,District 6 (East Central),,CEDAR,,Co Rd F58/IOWA 927,Collision with:  Animal,,,Animal,None Indicated,,,,,,,Paved,,Property Damage Only,0,0,0,0,0,0,1800,1,1,,POINT (-90.944781663578 41.601322403116)
2014808548,14-017426,07/19/2014,07-July,7-Saturday,08:56,0800 Hours,District 5 (Southeast),,MARION,IA 163,IA 163/IOWA 163,Collision with:  Animal,On Roadway,Non-collision (single vehicle),Animal,None Indicated,,Daylight,Dry,Cloudy,None apparent,Non-intersection:  Non-junction/no special feature,Paved,,Property Damage Only,0,0,0,0,0,0,4000,1,1,,POINT (-93.027154447227 41.453669269261)
2014808354,20140020682,07/19/2014,07-July,7-Saturday,17:40,1700 Hours,District 1 (Central),DES MOINES,POLK,,E DOUGLAS AVE & E 29TH ST,Collision with:  Vehicle in traffic,On Roadway,Broadside (front to side),Ran Stop Sign,None Indicated,,Daylight,Dry,Clear,None apparent,Intersection:  Four-way intersection,Paved,,Possible/Unknown,0,2,0,0,2,0,10000,2,3,,POINT (-93.561200373563 41.629495932756)
2014808735,,07/19/2014,07-July,7-Saturday,02:30,0200 Hours,District 5 (Southeast),,LUCAS,,Co Rd S50/280TH AVE,Collision with fixed object:  Other fixed object (explain in narrative),Roadside,Non-collision (single vehicle),Swerving/Evasive Action,None Indicated,,Dark - roadway not lighted,"Mud, dirt",Cloudy,Ruts/holes/bumps,Non-intersection:  Non-junction/no special feature,Unpaved,,Possible/Unknown,0,1,0,0,1,0,2400,1,1,,POINT (-93.212633044442 40.991749971472)
2014844637,2014-002075,07/19/2014,07-July,7-Saturday,17:08,1700 Hours,District 2 (Northeast),,ALLAMAKEE,IA 9,IA 9/IOWA 9,Collision with fixed object:  Guardrail - face,On Roadway,Non-collision (single vehicle),Swerving/Evasive Action,None Indicated,,Daylight,Dry,Clear,None apparent,Non-intersection:  Non-junction/no special feature,Paved,,Minor Injury,0,1,0,1,0,0,2200,1,1,,POINT (-91.467097149444 43.289059695942)
2014810771,14-028-AC-F,07/19/2014,07-July,7-Saturday,13:15,1300 Hours,District 3 (Northwest),MILFORD,DICKINSON,US 71,US 71/OKOBOJI AVE & 6TH ST,Collision with:  Vehicle in traffic,On Roadway,"Angle, oncoming left turn",FTYROW:  Making left turn,None Indicated,,Daylight,Dry,Clear,None apparent,Intersection:  Four-way intersection,Paved,,Possible/Unknown,0,1,0,0,1,0,3700,2,2,,POINT (-95.149972237701 43.320704085292)
2014809656,14012123,07/19/2014,07-July,7-Saturday,14:30,1400 Hours,District 2 (Northeast),MASON CITY,CERRO GORDO,,VILLAGE LN SW & VILLAGE GREEN DR SW,Collision with:  Vehicle in traffic,On Roadway,Broadside (front to side),FTYROW:  From driveway,None Indicated,,Daylight,Dry,Clear,None apparent,Non-intersection:  Driveway access (within),Paved,,Minor Injury,0,1,0,1,0,0,4000,2,2,,POINT (-93.248320865453 43.146729584009)
2014808380,14-1592,07/19/2014,07-July,7-Saturday,17:24,1700 Hours,District 1 (Central),URBANDALE,POLK,,OAKBROOK DR & 142ND ST,Collision with:  Vehicle in traffic,On Roadway,Rear-end (front to rear),Followed too close,None Indicated,,Daylight,Dry,Clear,None apparent,Non-intersection:  Non-junction/no special feature,Paved,,Property Damage Only,0,0,0,0,0,0,12000,2,2,,POINT (-93.81439025349 41.62087436181)
2014808529,C14002224,07/19/2014,07-July,7-Saturday,11:25,1100 Hours,District 6 (East Central),CORALVILLE,JOHNSON,,1ST AVE,Non-collision events:  Other non-collision (explain in narrative),Median,Non-collision (single vehicle),Unknown,None Indicated,,Daylight,Dry,Cloudy,None apparent,Non-intersection:  Non-junction/no special feature,Paved,,Property Damage Only,0,0,0,0,0,0,2750,1,1,,POINT (-91.564895897758 41.695664391827)
2014808332,14-4791,07/19/2014,07-July,7-Saturday,01:05,0100 Hours,District 1 (Central),,POLK,,NW MADRID DR & NW 158TH AVE,Non-collision events:  Other non-collision (explain in narrative),Shoulder,Non-collision (single vehicle),Exceeded authorized speed,None Indicated,,Dark - roadway not lighted,Dry,Clear,None apparent,Intersection:  T-intersection,Paved,,Fatal,1,0,0,0,0,0,5100,1,1,,POINT (-93.798502452757 41.849411922162)
2014808387,S14-002755,07/19/2014,07-July,7-Saturday,08:37,0800 Hours,District 4 (Southwest),COUNCIL BLUFFS,POTTAWATTAMIE,,Co Rd G60/MCPHERSON AVE,Collision with:  Animal,,Non-collision (single vehicle),Animal,None Indicated,,,,,,,Paved,,Property Damage Only,0,0,0,0,0,0,4000,1,1,,POINT (-95.789498001498 41.264743446758)
2014808339,20140020656,07/19/2014,07-July,7-Saturday,12:00,1200 Hours,District 1 (Central),DES MOINES,POLK,IA 163,IA 163/E UNIVERSITY AVE & HUBBELL AVE,Collision with:  Vehicle in traffic,On Roadway,"Sideswipe, same direction",FTYROW:  Other (explain in narrative),None Indicated,,Daylight,Dry,Clear,None apparent,Non-intersection:  Non-junction/no special feature,Paved,,Possible/Unknown,0,1,0,0,1,0,6000,2,2,,POINT (-93.578445055302 41.600515294189)
2014808355,20140020685,07/19/2014,07-July,7-Saturday,18:35,1800 Hours,District 1 (Central),DES MOINES,POLK,US 6,US 6/DOUGLAS AVE,Collision with:  Vehicle in traffic,On Roadway,Rear-end (front to rear),Driver Distraction:  Manual operation of an electronic communication device,None Indicated,,Daylight,Dry,Clear,None apparent,Non-intersection:  Non-junction/no special feature,Paved,,Possible/Unknown,0,1,0,0,1,0,8000,2,3,,POINT (-93.690628472945 41.629448719269)
2014808778,01-14-31928,07/19/2014,07-July,7-Saturday,23:32,2300 Hours,District 6 (East Central),DUBUQUE,DUBUQUE,US 61,US 61,Collision with fixed object:  Traffic sign support,On Roadway,Non-collision (single vehicle),Ran off road - right,Alcohol (Statutory),,Dark - roadway not lighted,Dry,Clear,Work Zone (roadway-related),Non-intersection:  Non-junction/no special feature,Paved,Yes,Property Damage Only,0,0,0,0,0,0,2200,1,3,,POINT (-90.673491169324 42.458612756084)
2014808536,2014007770,07/19/2014,07-July,7-Saturday,12:14,1200 Hours,District 6 (East Central),IOWA CITY,JOHNSON,IA 1,IA 1/IOWA 1,Collision with:  Vehicle in traffic,On Roadway,Broadside (front to side),FTYROW:  From driveway,None Indicated,,Daylight,Dry,Clear,None apparent,Non-intersection:  Driveway access (within),Paved,,Property Damage Only,0,0,0,0,0,0,6000,2,7,,POINT (-91.543750874045 41.647472942181)
2014810788,14002549,07/19/2014,07-July,7-Saturday,16:08,1600 Hours,District 5 (Southeast),,KEOKUK,IA 92,IA 92/IOWA 92,Collision with:  Vehicle in traffic,On Roadway,"Sideswipe, opposite direction",Swerving/Evasive Action,None Indicated,,Daylight,Dry,Clear,None apparent,Non-intersection:  Non-junction/no special feature,Paved,,Minor Injury,0,1,0,1,0,0,6000,2,4,,POINT (-92.226184919028 41.336683425812)
2014810827,,07/19/2014,07-July,7-Saturday,05:40,0500 Hours,District 5 (Southeast),KALONA,WASHINGTON,IA 22,IA 22,Collision with:  Animal,On Roadway,Non-collision (single vehicle),Animal,None Indicated,,Dawn,Dry,Cloudy,,Non-intersection:  Non-junction/no special feature,Paved,,Property Damage Only,0,0,0,0,0,0,5070,1,1,,POINT (-91.724008521938 41.485885029405)
2014809031,,07/19/2014,07-July,7-Saturday,21:53,2100 Hours,District 3 (Northwest),AKRON,PLYMOUTH,,MAIN ST & S 6TH ST,Non-collision events:  Jackknife,On Roadway,Broadside (front to side),FTYROW:  At uncontrolled intersection,None Indicated,,Dark - roadway lighted,Dry,Clear,None apparent,Intersection:  Four-way intersection,Paved,,Possible/Unknown,0,2,0,0,2,0,5500,2,4,,POINT (-96.554455559632 42.826718791694)
2014808600,S14-7145,07/19/2014,07-July,7-Saturday,06:11,0600 Hours,District 3 (Northwest),,WOODBURY,IA 141,IA 141/IOWA 141,Collision with:  Animal,,,Animal,None Indicated,,,,,,,Paved,,Property Damage Only,0,0,0,0,0,0,4000,1,1,,POINT (-95.919803371219 42.224924699928)
2014810109,14-3680,07/19/2014,07-July,7-Saturday,22:00,2200 Hours,District 6 (East Central),HIAWATHA,LINN,I-380,I-380,Collision with:  Animal,,,Animal,None Indicated,,,,,,,Paved,,Property Damage Only,0,0,0,0,0,0,5000,1,1,,POINT (-91.698931222872 42.055326861696)
2014808424,2014-49951,07/19/2014,07-July,7-Saturday,06:20,0600 Hours,District 6 (East Central),DAVENPORT,SCOTT,,WOODDALE AVE,Collision with:  Parked motor vehicle,Shoulder,"Sideswipe, same direction",Illegally Parked/Unattended,None Indicated,,Daylight,Dry,Clear,None apparent,Non-intersection:  Non-junction/no special feature,Paved,,Property Damage Only,0,0,0,0,0,0,21500,3,0,,POINT (-90.623466420061 41.547176356554)
2014808736,,07/19/2014,07-July,7-Saturday,22:18,2200 Hours,District 6 (East Central),CAMANCHE,CLINTON,US 67,US 67/WASHINGTON BLVD & INDUSTRIAL PARK RD,Collision with:  Animal,On Roadway,Non-collision (single vehicle),Animal,None Indicated,,Dark - roadway not lighted,Dry,,None apparent,Non-intersection:  Non-junction/no special feature,Paved,,Property Damage Only,0,0,0,0,0,0,1500,1,1,,POINT (-90.246637058028 41.80353198884)
2014808722,14-23223,07/19/2014,07-July,7-Saturday,02:59,0200 Hours,District 3 (Northwest),SIOUX CITY,WOODBURY,,REBECCA ST,Collision with:  Parked motor vehicle,On Roadway,Rear-end (front to rear),Lost Control,Refused,,Dark - roadway lighted,Dry,Clear,None apparent,Non-intersection:  Non-junction/no special feature,Paved,,Property Damage Only,0,0,0,0,0,0,14000,2,2,,POINT (-96.425452830414 42.503133448984)
2014808270,SO1407198091,07/19/2014,07-July,7-Saturday,06:54,0600 Hours,District 6 (East Central),CLINTON,CLINTON,,Co Rd Z50/442 AVE & 190 ST,Collision with fixed object:  Ditch,On Roadway,Non-collision (single vehicle),Ran off road - right,None Indicated,,Daylight,Dry,Cloudy,None apparent,Non-intersection:  Non-junction/no special feature,Paved,,Property Damage Only,0,0,0,0,0,0,7000,1,1,,POINT (-90.224453532192 41.902664098635)
2014808281,01-14-31860,07/19/2014,07-July,7-Saturday,16:55,1600 Hours,District 6 (East Central),DUBUQUE,DUBUQUE,,ASBURY RD & EVERGREEN ST,Collision with:  Vehicle in traffic,On Roadway,Rear-end (front to rear),Lost Control,None Indicated,,Daylight,Dry,Cloudy,None apparent,Intersection:  Other intersection (explain in narrative),Paved,,Possible/Unknown,0,1,0,0,1,0,10000,3,6,,POINT (-90.716253213316 42.51037994984)
2014808323,14000000626,07/19/2014,07-July,7-Saturday,15:37,1500 Hours,District 1 (Central),MARSHALLTOWN,MARSHALL,US 30,US 30/240TH ST & SHADY OAKS RD,Collision with:  Vehicle in traffic,On Roadway,"Sideswipe, same direction",Other (explain in narrative):  Other,None Indicated,,Daylight,Dry,Clear,None apparent,Non-intersection:  Non-junction/no special feature,Paved,,Property Damage Only,0,0,0,0,0,0,3000,2,3,,POINT (-92.851283419157 42.007025913255)
2014808433,2014-50068,07/19/2014,07-July,7-Saturday,21:14,2100 Hours,District 6 (East Central),DAVENPORT,SCOTT,US 6,US 6/W KIMBERLY RD,Collision with:  Vehicle in traffic,On Roadway,Broadside (front to side),Ran Stop Sign,None Indicated,,Dark - roadway lighted,Dry,Cloudy,None apparent,Intersection:  T-intersection,Paved,,Property Damage Only,0,0,0,0,0,0,10000,2,5,,POINT (-90.608352031844 41.560084238373)
2014808530,C14002227,07/19/2014,07-July,7-Saturday,13:23,1300 Hours,District 6 (East Central),CORALVILLE,JOHNSON,,CORAL RIDGE AVE,Collision with:  Vehicle in traffic,On Roadway,Rear-end (front to rear),Followed too close,None Indicated,,Daylight,Dry,Clear,Work Zone (roadway-related),Non-intersection:  Non-junction/no special feature,Paved,Yes,Property Damage Only,0,0,0,0,0,0,2750,3,5,,POINT (-91.608139016871 41.708238476769)
2014808278,14-1055,07/19/2014,07-July,7-Saturday,21:37,2100 Hours,District 3 (Northwest),SPIRIT LAKE,DICKINSON,,245TH AVE,Collision with:  Animal,,Non-collision (single vehicle),Animal,None Indicated,,,,,,,Paved,,Property Damage Only,0,0,0,0,0,0,1800,1,1,,POINT (-95.102342283843 43.403887900466)
2014808381,14-1593,07/19/2014,07-July,7-Saturday,18:05,1800 Hours,District 1 (Central),URBANDALE,POLK,,MONROE CT & 70TH ST,Collision with:  Vehicle in traffic,On Roadway,Broadside (front to side),Improper Backing,None Indicated,,Daylight,Dry,Clear,None apparent,Intersection:  T-intersection,Paved,,Property Damage Only,0,0,0,0,0,0,2000,2,4,,POINT (-93.712178685427 41.628434521906)
2014809586,2014-49937,07/19/2014,07-July,7-Saturday,04:23,0400 Hours,District 6 (East Central),DAVENPORT,SCOTT,,E 12TH ST & PERSHING AVE,Collision with:  Vehicle in traffic,On Roadway,"Sideswipe, opposite direction",Crossed centerline (undivided),None Indicated,,Dark - roadway lighted,Dry,Clear,None apparent,Non-intersection:  Non-junction/no special feature,Paved,,Property Damage Only,0,0,0,0,0,0,2000,2,2,,POINT (-90.57112819644 41.531996142721)
2014809559,2014-50028,07/19/2014,07-July,7-Saturday,17:05,1700 Hours,District 6 (East Central),DAVENPORT,SCOTT,US 67,US 67/GAINES ST,Collision with:  Vehicle in traffic,On Roadway,Broadside (front to side),Ran Traffic Signal,None Indicated,,Daylight,Dry,Clear,None apparent,Intersection:  Four-way intersection,Paved,,Possible/Unknown,0,1,0,0,1,0,5000,2,3,,POINT (-90.583418445122 41.521249357385)
2014808686,20140020677,07/19/2014,07-July,7-Saturday,16:47,1600 Hours,District 1 (Central),DES MOINES,POLK,,GUTHRIE AVE & RICHLAND DR,Collision with:  Vehicle in traffic,On Roadway,Rear-end (front to rear),Followed too close,None Indicated,,Daylight,Dry,Clear,None apparent,Non-intersection:  Non-junction/no special feature,Paved,,Property Damage Only,0,0,0,0,0,0,3000,2,4,,POINT (-93.569308224431 41.614972472896)
2014808470,14-23210,07/19/2014,07-July,7-Saturday,02:39,0200 Hours,District 3 (Northwest),SIOUX CITY,WOODBURY,,W 1ST ST & REBECCA ST,Collision with:  Vehicle in traffic,On Roadway,Rear-end (front to rear),Driving too fast for conditions,None Indicated,,Dark - roadway lighted,Dry,Clear,None apparent,Intersection:  T-intersection,Paved,,Property Damage Only,0,0,0,0,0,0,4200,2,3,,POINT (-96.425368615018 42.497139000301)
2014809042,,07/19/2014,07-July,7-Saturday,16:30,1600 Hours,District 6 (East Central),DE WITT,CLINTON,,11TH ST,Collision with:  Vehicle in traffic,On Roadway,"Sideswipe, same direction",Made improper turn,None Indicated,,Daylight,Dry,Clear,None apparent,Non-intersection:  Non-junction/no special feature,Paved,,Property Damage Only,0,0,0,0,0,0,2500,2,4,,POINT (-90.531093574486 41.826366087456)
2014808662,14004927,07/19/2014,07-July,7-Saturday,05:15,0500 Hours,District 1 (Central),STANHOPE,HAMILTON,IA 175,IA 175/360TH ST,Collision with:  Animal,On Roadway,Non-collision (single vehicle),Animal,None Indicated,,Dawn,Dry,Cloudy,None apparent,Non-intersection:  Non-junction/no special feature,Paved,,Minor Injury,0,1,0,1,0,0,2500,1,1,,POINT (-93.81706990265 42.267371145651)
2014808361,20140020630,07/19/2014,07-July,7-Saturday,03:15,0300 Hours,District 1 (Central),DES MOINES,POLK,,FRANKLIN AVE & ARLINGTON AVE,Non-collision events:  Other non-collision (explain in narrative),On Roadway,Non-collision (single vehicle),Ran Stop Sign,None Indicated,,Dark - roadway lighted,Dry,Clear,None apparent,Intersection:  T-intersection,Paved,,Property Damage Only,0,0,0,0,0,0,1500,1,1,,POINT (-93.622192177888 41.611293686605)
2014808311,201410367,07/19/2014,07-July,7-Saturday,00:18,0000 Hours,District 6 (East Central),CEDAR RAPIDS,LINN,,16TH AVE SW & L ST SW,Collision with:  Vehicle in traffic,On Roadway,Broadside (front to side),Ran Stop Sign,Alcohol (Statutory),,Dark - roadway lighted,Dry,Clear,None apparent,Intersection:  Four-way intersection,Paved,,Minor Injury,0,1,0,1,0,0,18400,2,3,,POINT (-91.671526147864 41.961733610378)
2014808232,W14-072872,07/20/2014,07-July,1-Sunday,08:40,0800 Hours,District 2 (Northeast),WATERLOO,BLACK HAWK,,W 4TH ST,Collision with:  Vehicle in traffic,On Roadway,Broadside (front to side),Improper Backing,None Indicated,,Daylight,Dry,Clear,None apparent,Non-intersection:  Other non-intersection (explain in narrative),Paved,,Property Damage Only,0,0,0,0,0,0,2200,2,1,,POINT (-92.35520458378 42.485126960385)
2014808550,14-017525,07/20/2014,07-July,1-Sunday,05:52,0500 Hours,District 5 (Southeast),,MARION,IA 5,IA 5/IOWA 5,Collision with:  Animal,,,Animal,None Indicated,,,,,,,Paved,,Property Damage Only,0,0,0,0,0,0,3000,1,1,,POINT (-93.132074053167 41.31251908072)
2014810814,2014042265,07/20/2014,07-July,1-Sunday,13:20,1300 Hours,District 3 (Northwest),,MONONA,IA 175,IA 175/IOWA 175,Collision with:  Animal,On Roadway,Non-collision (single vehicle),Animal,None Indicated,,Daylight,Dry,,None apparent,Non-intersection:  Non-junction/no special feature,Paved,,Property Damage Only,0,0,0,0,0,0,1501,1,1,,POINT (-96.025645282222 42.029810303996)
2014808358,20140020759,07/20/2014,07-July,1-Sunday,12:02,1200 Hours,District 1 (Central),DES MOINES,POLK,,E OVID AVE & YORK ST,Collision with:  Vehicle in traffic,On Roadway,Broadside (front to side),Exceeded authorized speed,None Indicated,,Daylight,Dry,Clear,None apparent,Intersection:  Four-way intersection,Paved,,Property Damage Only,0,0,0,0,0,0,14500,3,5,,POINT (-93.602188739437 41.625883799626)
2014810138,14-25249,07/20/2014,07-July,1-Sunday,17:45,1700 Hours,District 5 (Southeast),BURLINGTON,DES MOINES,,,Collision with fixed object:  Other fixed object (explain in narrative),On Roadway,Non-collision (single vehicle),Swerving/Evasive Action,None Indicated,,Daylight,Dry,Clear,None apparent,Non-intersection:  Non-junction/no special feature,,,Property Damage Only,0,0,0,0,0,0,1500,2,2,,POINT (-96.643700149993 40.233091251414)
2014809842,2014007369,07/20/2014,07-July,1-Sunday,04:31,0400 Hours,District 1 (Central),MARSHALLTOWN,MARSHALL,,N 1ST AVE,Collision with:  Parked motor vehicle,On Roadway,"Sideswipe, same direction",Made improper turn,None Indicated,,Dark - roadway lighted,Dry,Clear,None apparent,Intersection:  T-intersection,Paved,,Property Damage Only,0,0,0,0,0,0,7000,2,2,,POINT (-92.911287756537 42.051589678615)
2014808468,14-2195,07/20/2014,07-July,1-Sunday,19:15,1900 Hours,District 1 (Central),FORT DODGE,WEBSTER,,WRAYWOOD DR,Collision with:  Parked motor vehicle,On Roadway,Broadside (front to side),Improper Backing,None Indicated,,Daylight,Dry,Clear,None apparent,Non-intersection:  Non-junction/no special feature,Paved,,Property Damage Only,0,0,0,0,0,0,5000,2,2,,POINT (-94.189770968087 42.523425046663)
2014808313,201410436,07/20/2014,07-July,1-Sunday,04:45,0400 Hours,District 6 (East Central),CEDAR RAPIDS,LINN,,BALSAM DR SW & WILSON AVE SW,Collision with fixed object:  Other fixed object (explain in narrative),Roadside,Non-collision (single vehicle),Ran off road - left,None Indicated,,Dark - roadway lighted,Dry,Clear,None apparent,Non-intersection:  Non-junction/no special feature,Paved,,Major Injury,0,1,1,0,0,0,7000,1,1,,POINT (-91.699631882473 41.956327316161)
2014810948,,07/20/2014,07-July,1-Sunday,07:58,0700 Hours,District 2 (Northeast),,WINNESHIEK,,Co Rd W4B/FRANKVILLE RD,Non-collision events:  Overturn/rollover,Roadside,Non-collision (single vehicle),Ran off road - right,None Indicated,,Daylight,Dry,Clear,None apparent,Non-intersection:  Non-junction/no special feature,Paved,,Property Damage Only,0,0,0,0,0,0,15050,1,1,,POINT (-91.664975031772 43.229184473187)
2014808878,14-000850,07/20/2014,07-July,1-Sunday,16:10,1600 Hours,District 1 (Central),MAXWELL,STORY,IA 210,IA 210/MAIN ST & RAILWAY AVE,Collision with:  Vehicle in traffic,On Roadway,Broadside (front to side),FTYROW:  Other (explain in narrative),None Indicated,,Daylight,Dry,Clear,None apparent,Intersection:  T-intersection,Paved,,Property Damage Only,0,0,0,0,0,0,6000,2,3,,POINT (-93.399683737286 41.885808322358)
2014882080,14-004116,07/20/2014,07-July,1-Sunday,14:55,1400 Hours,District 2 (Northeast),,HANCOCK,,210TH ST,Collision with:  Vehicle in traffic,On Roadway,Non-collision (single vehicle),Swerving/Evasive Action,None Indicated,,Daylight,"Mud, dirt",Cloudy,None apparent,Non-intersection:  Non-junction/no special feature,Unpaved,,Property Damage Only,0,0,0,0,0,0,5000,1,1,,POINT (-93.926480547123 43.067021977965)
2014811763,20142601,07/20/2014,07-July,1-Sunday,03:00,0300 Hours,District 1 (Central),,GRUNDY,,Co Rd T37/M AVE,Non-collision events:  Overturn/rollover,Shoulder,Non-collision (single vehicle),Ran off road - right,Alcohol (Statutory),,Dark - roadway not lighted,Dry,Clear,None apparent,Non-intersection:  Non-junction/no special feature,Unpaved,,Possible/Unknown,0,1,0,0,1,0,7000,1,1,,POINT (-92.787386603341 42.28987128274)
2014812736,14-006511,07/20/2014,07-July,1-Sunday,00:45,0000 Hours,District 6 (East Central),INDEPENDENCE,BUCHANAN,IA 150,IA 150/5TH AVE NE & 10TH ST NE,Collision with fixed object:  Curb/island/raised median,On Roadway,Non-collision (single vehicle),Made improper turn,None Indicated,,Dark - roadway lighted,Dry,Clear,None apparent,Intersection:  T-intersection,Paved,,Possible/Unknown,0,1,0,0,0,1,2000,1,1,,POINT (-91.889389569779 42.477353836223)
2014828320,14070505,07/20/2014,07-July,1-Sunday,13:30,1300 Hours,District 5 (Southeast),,WAPELLO,US 63,US 63,Collision with fixed object:  Guardrail - face,Shoulder,Non-collision (single vehicle),Swerving/Evasive Action,None Indicated,,Daylight,Dry,Clear,None apparent,Non-intersection:  Non-junction/no special feature,Paved,,Property Damage Only,0,0,0,0,0,0,2500,1,1,,POINT (-92.373040800429 41.038101409958)
2014808587,891404669,07/20/2014,07-July,1-Sunday,07:58,0700 Hours,District 5 (Southeast),,VAN BUREN,,Co Rd J56/RTE J56 & SHIMEK STATE FOREST,Collision with fixed object:  Ditch,Outside trafficway,Non-collision (single vehicle),Ran off road - left,None Indicated,,Daylight,"Mud, dirt",Clear,None apparent,Intersection:  T-intersection,Paved,,Possible/Unknown,0,1,0,0,1,0,9200,1,1,,POINT (-91.723145316835 40.648661383819)
2014816913,,07/20/2014,07-July,1-Sunday,13:52,1300 Hours,District 2 (Northeast),CLEAR LAKE,CERRO GORDO,,MAIN AVE,Collision with:  Vehicle in traffic,On Roadway,Broadside (front to side),Improper Backing,None Indicated,,Daylight,Dry,Clear,None apparent,Non-intersection:  Other non-intersection (explain in narrative),Paved,,Property Damage Only,0,0,0,0,0,0,2500,2,2,,POINT (-93.381896352809 43.136033154562)