Iowa DOT Case Number,Law Enforcement Case Number,Date of Crash,Month of Crash,Day of Week,Time of Crash,Hour,DOT District,City Name,County Name,Route with System,Location Description,First Harmful Event,Location of First Harmful Event,Manner of Crash/Collision,Major Cause,Drug or Alcohol ,Environmental Conditions,Light Conditions,Surface Conditions,Weather Conditions,Roadway Contribution,Roadway Type,Roadway Surface,Work Zone,Crash Severity,Number of Fatalities,Number of Injuries,Number of Major Injuries,Number of Minor Injuries,Number of Possible Injuries,Number of Unknown Injuries,Amount of Property Damage,Number of Vehicles Involved,Total Number of Occupants,Travel Direction,Location
2014808650,W14-072789,07/20/2014,07-July,1-Sunday,01:30,0100 Hours,District 2 (Northeast),WATERLOO,BLACK HAWK,,ALBANY ST,Collision with:  Parked motor vehicle,On Roadway,Head-on (front to front),Exceeded authorized speed,None Indicated,,Dark - roadway lighted,Dry,Clear,None apparent,Non-intersection:  Other non-intersection (explain in narrative),Paved,,Minor Injury,0,2,0,2,0,0,9095,2,777,,POINT (-92.320815884908 42.504552036662)
2014819674,201410465,07/20/2014,07-July,1-Sunday,18:24,1800 Hours,District 6 (East Central),CEDAR RAPIDS,LINN,,EDGEWOOD RD SW,Collision with:  Vehicle in traffic,On Roadway,Head-on (front to front),Crossed centerline (undivided),None Indicated,,Daylight,Dry,Clear,None apparent,Non-intersection:  Other non-intersection (explain in narrative),Paved,,Major Injury,0,1,1,0,0,0,21800,3,4,,POINT (-91.715236095963 41.93276185828)
2014808472,14-23419,07/20/2014,07-July,1-Sunday,18:51,1800 Hours,District 3 (Northwest),SIOUX CITY,WOODBURY,,45TH ST & FILMORE ST,Collision with:  Vehicle in traffic,On Roadway,Rear-end (front to rear),Lost Control,None Indicated,,Daylight,Dry,Cloudy,None apparent,Intersection:  Four-way intersection,Paved,,Major Injury,0,2,2,0,0,0,0,2,777,,POINT (-96.357829244227 42.546512634732)
2014808398,14-030346,07/20/2014,07-July,1-Sunday,18:50,1800 Hours,District 4 (Southwest),COUNCIL BLUFFS,POTTAWATTAMIE,I-80,I-80,Collision with:  Vehicle in traffic,On Roadway,"Sideswipe, same direction",Lost Control,None Indicated,,Daylight,Dry,Clear,None apparent,Non-intersection:  Non-junction/no special feature,Paved,,Property Damage Only,0,0,0,0,0,0,4000,2,2,,POINT (-95.778434795326 41.289823841467)
2014808885,2014-15486,07/20/2014,07-July,1-Sunday,12:13,1200 Hours,District 5 (Southeast),INDIANOLA,WARREN,US 65,US 65/N JEFFERSON WAY,Collision with:  Vehicle in traffic,On Roadway,Broadside (front to side),FTYROW:  From driveway,None Indicated,,Daylight,Dry,Clear,None apparent,Non-intersection:  Driveway access (within),Paved,,Property Damage Only,0,0,0,0,0,0,7000,2,4,,POINT (-93.55833963197 41.365439766539)
2014809128,14-022262,07/20/2014,07-July,1-Sunday,22:15,2200 Hours,District 5 (Southeast),,LEE,,Co Rd X32/303 AVE,Collision with:  Animal,,,Animal,None Indicated,,,,,,,Paved,,Property Damage Only,0,0,0,0,0,0,1500,1,1,,POINT (-91.32973262479 40.723236206012)
2014809658,14012213,07/20/2014,07-July,1-Sunday,21:58,2100 Hours,District 2 (Northeast),MASON CITY,CERRO GORDO,IA 122,IA 122/4TH ST SE & S KENTUCKY AVE,Collision with:  Vehicle in traffic,On Roadway,Broadside (front to side),Ran Traffic Signal,None Indicated,,Dark - roadway lighted,Dry,Cloudy,None apparent,Intersection:  Four-way intersection,Paved,,Major Injury,0,1,1,0,0,0,30000,2,2,,POINT (-93.181005738478 43.148089538035)
2014808664,14-5526,07/20/2014,07-July,1-Sunday,20:22,2000 Hours,District 3 (Northwest),IDA GROVE,IDA,,2ND ST & BARNES ST,Non-collision events:  Other non-collision (explain in narrative),On Roadway,Non-collision (single vehicle),Lost Control,None Indicated,,Daylight,Dry,Clear,None apparent,Intersection:  Y-intersection,Paved,,Minor Injury,0,1,0,1,0,0,2000,1,2,,POINT (-95.465483328771 42.343986686514)
2014809608,2014042272,07/20/2014,07-July,1-Sunday,15:15,1500 Hours,District 2 (Northeast),,WORTH,,CO 105,Non-collision events:  Other non-collision (explain in narrative),Shoulder,Non-collision (single vehicle),Ran off road - right,None Indicated,,Daylight,Dry,Clear,None apparent,Non-intersection:  Non-junction/no special feature,Paved,,Possible/Unknown,0,1,0,0,1,0,10000,1,1,,POINT (-93.364481628836 43.442976475237)
2014808621,2014042250,07/20/2014,07-July,1-Sunday,10:20,1000 Hours,District 1 (Central),,JASPER,IA 14,IA 14/IOWA 14 E,Collision with:  Vehicle in traffic,On Roadway,Rear-end (front to rear),Followed too close,None Indicated,,Daylight,Dry,Clear,None apparent,Non-intersection:  Non-junction/no special feature,Paved,,Property Damage Only,0,0,0,0,0,0,1750,2,3,,POINT (-92.925985222078 41.819711844348)
2014808806,201402508,07/20/2014,07-July,1-Sunday,16:18,1600 Hours,District 6 (East Central),,LINN,US 30,US 30 & CEDAR RIVER RD,Collision with:  Vehicle in traffic,On Roadway,Broadside (front to side),FTYROW:  From stop sign,None Indicated,,Daylight,Dry,Clear,None apparent,Intersection:  T-intersection,Paved,,Possible/Unknown,0,2,0,0,2,0,10000,2,3,,POINT (-91.481713860933 41.917878332739)
2014808342,20140020793,07/20/2014,07-July,1-Sunday,19:39,1900 Hours,District 1 (Central),DES MOINES,POLK,,MCKINLEY AVE & S UNION ST & E MCKINLEY AVE,Collision with:  Vehicle in traffic,On Roadway,Broadside (front to side),Ran Traffic Signal,None Indicated,,Dusk,Dry,Clear,None apparent,Intersection:  Four-way intersection,Paved,,Possible/Unknown,0,1,0,0,0,1,5000,2,6,,POINT (-93.616086413231 41.540943751295)
2014808359,20140020766,07/20/2014,07-July,1-Sunday,12:57,1200 Hours,District 1 (Central),DES MOINES,POLK,,UNIVERSITY AVE & 3RD ST,Collision with:  Non-motorist (see non-motorist section - NOT a unit),On Roadway,Non-collision (single vehicle),Unknown,None Indicated,,Daylight,Dry,Clear,None apparent,Intersection:  T-intersection,Paved,,Minor Injury,0,1,0,1,0,0,0,1,1,,POINT (-93.621510914531 41.600335579499)
2014809589,2014-50246,07/20/2014,07-July,1-Sunday,17:19,1700 Hours,District 6 (East Central),DAVENPORT,SCOTT,,IA 461/HARRISON ST & W LOCUST ST,Collision with:  Vehicle in traffic,On Roadway,"Angle, oncoming left turn",FTYROW:  Making left turn,None Indicated,,Daylight,Dry,Clear,Work Zone (roadway-related),Intersection:  Four-way intersection,Paved,Yes,Property Damage Only,0,0,0,0,0,0,2000,2,4,,POINT (-90.577233957256 41.538285400634)
2014811707,2014-50199,07/20/2014,07-July,1-Sunday,11:55,1100 Hours,District 6 (East Central),DAVENPORT,SCOTT,,W LOCUST ST & TAYLOR ST,Collision with:  Vehicle in traffic,On Roadway,"Angle, oncoming left turn",FTYROW:  Making left turn,None Indicated,,Daylight,Dry,Cloudy,None apparent,Intersection:  T-intersection,Paved,,Property Damage Only,0,0,0,0,0,0,5000,2,2,,POINT (-90.592531002728 41.538246591079)
2014808986,2014-50221,07/20/2014,07-July,1-Sunday,00:00,0000 Hours,District 6 (East Central),DAVENPORT,SCOTT,,LILLIE AVE,Collision with:  Parked motor vehicle,On Roadway,Rear-end (front to rear),Unknown,None Indicated,,Dark - roadway not lighted,Dry,Clear,None apparent,Non-intersection:  Non-junction/no special feature,Paved,,Property Damage Only,0,0,0,0,0,0,2000,2,1,,POINT (-90.590026186204 41.538878582856)
2014808585,14-003384,07/20/2014,07-July,1-Sunday,21:54,2100 Hours,District 1 (Central),AMES,STORY,US 69,US 69/S DUFF AVE/LINCOLN WAY,Collision with:  Vehicle in traffic,On Roadway,Broadside (front to side),Ran Traffic Signal,None Indicated,,Dark - roadway lighted,Dry,Clear,None apparent,Intersection:  Four-way intersection,Paved,,Possible/Unknown,0,1,0,0,1,0,3500,2,5,,POINT (-93.610365512309 42.02289125554)
2014815342,,07/20/2014,07-July,1-Sunday,15:04,1500 Hours,District 1 (Central),GRINNELL,POWESHIEK,,8TH AVE & ANN ST,,On Roadway,Non-collision (single vehicle),FTYROW:  From stop sign,None Indicated,,Daylight,Dry,Clear,None apparent,Intersection:  Four-way intersection,Paved,,Major Injury,0,1,1,0,0,0,1000,2,2,,POINT (-92.710616534761 41.749035561533)
2014808462,2014-0272,07/20/2014,07-July,1-Sunday,16:08,1600 Hours,District 5 (Southeast),NORWALK,WARREN,,BEARDSLEY ST,Collision with:  Vehicle in traffic,On Roadway,Rear-end (front to rear),Other (explain in narrative):  Other,None Indicated,,Daylight,Dry,Clear,None apparent,Intersection:  T-intersection,Paved,,Possible/Unknown,0,1,0,0,1,0,8950,3,6,,POINT (-93.659895989683 41.497519452432)
2014808622,2014042253,07/20/2014,07-July,1-Sunday,11:40,1100 Hours,District 6 (East Central),SHUEYVILLE,JOHNSON,,120TH ST & STEEPLE LN NE,Collision with:  Vehicle in traffic,On Roadway,Rear-end (front to rear),Other (explain in narrative):  Vision obstructed,None Indicated,,Daylight,Dry,Clear,None apparent,Non-intersection:  Driveway access (within),Paved,,Minor Injury,0,1,0,1,0,0,4150,4,10,,POINT (-91.649723621413 41.847753595686)
2014819377,1407-050,07/20/2014,07-July,1-Sunday,08:55,0800 Hours,District 3 (Northwest),,OSCEOLA,,Co Rd A30/200TH ST & SILVER AVE,Collision with:  Animal,On Roadway,Non-collision (single vehicle),Animal,None Indicated,,Daylight,Dry,Clear,None apparent,Intersection:  Four-way intersection,Unpaved,,Property Damage Only,0,0,0,0,0,0,2500,1,2,,POINT (-95.622970831319 43.360000445857)
2014808719,14-000953,07/20/2014,07-July,1-Sunday,19:15,1900 Hours,District 1 (Central),AMES,STORY,,IOWA STATE UNIVERSITY,Collision with:  Parked motor vehicle,Outside trafficway,Unknown,Unknown,None Indicated,,Daylight,Dry,Clear,None apparent,Intersection:  Other intersection (explain in narrative),Paved,,Property Damage Only,0,0,0,0,0,0,2000,2,1,,POINT (-93.645045951983 42.032617825629)
2014812321,14-005420,07/20/2014,07-July,1-Sunday,11:00,1100 Hours,District 4 (Southwest),PERRY,DALLAS,,5TH ST,Collision with:  Parked motor vehicle,On Roadway,Unknown,Unknown,None Indicated,,Daylight,Dry,Clear,None apparent,Non-intersection:  Non-junction/no special feature,Paved,,Property Damage Only,0,0,0,0,0,0,1600,2,1,,POINT (-94.101094902088 41.846864439083)
2014809017,2014-50214,07/20/2014,07-July,1-Sunday,13:56,1300 Hours,District 6 (East Central),DAVENPORT,SCOTT,,IA 461/BRADY ST & W 3RD ST & E 3RD ST,Collision with:  Vehicle in traffic,On Roadway,"Sideswipe, same direction",Other (explain in narrative):  Other,None Indicated,,Daylight,Dry,Clear,None apparent,Intersection:  Four-way intersection,Paved,,Property Damage Only,0,0,0,0,0,0,4000,2,3,,POINT (-90.574063088526 41.522421256536)
2014809441,14-008685,07/20/2014,07-July,1-Sunday,16:46,1600 Hours,District 1 (Central),CHELSEA,TAMA,,WALNUT ST,Non-collision events:  Other non-collision (explain in narrative),On Roadway,Non-collision (single vehicle),Swerving/Evasive Action,Alcohol (< Statutory),,Daylight,Dry,Clear,None apparent,Non-intersection:  Non-junction/no special feature,Paved,,Minor Injury,0,1,0,1,0,0,1501,1,1,,POINT (-92.393073074441 41.915234844086)
2014814265,,07/20/2014,07-July,1-Sunday,11:24,1100 Hours,District 2 (Northeast),DECORAH,WINNESHIEK,,OHIO ST,Collision with:  Parked motor vehicle,On Roadway,Rear-end (front to rear),Ran off road - right,None Indicated,,Daylight,Dry,Clear,None apparent,Non-intersection:  Non-junction/no special feature,Paved,,Property Damage Only,0,0,0,0,0,0,15000,2,777,,POINT (-91.802837653723 43.305709319086)
2014808592,201400035141,07/20/2014,07-July,1-Sunday,11:45,1100 Hours,District 5 (Southeast),OTTUMWA,WAPELLO,US 34,US 34 & N QUINCY AVE,Collision with:  Vehicle in traffic,On Roadway,Broadside (front to side),Ran Traffic Signal,None Indicated,,Daylight,Dry,Clear,None apparent,Intersection:  Four-way intersection,Paved,,Minor Injury,0,4,0,1,3,0,10000,2,4,,POINT (-92.438524131273 41.018332880247)
2014808538,2014007814,07/20/2014,07-July,1-Sunday,15:13,1500 Hours,District 6 (East Central),IOWA CITY,JOHNSON,,E JEFFERSON ST & N LINN ST,Collision with:  Vehicle in traffic,On Roadway,"Sideswipe, same direction",Made improper turn,None Indicated,,Daylight,Dry,Clear,None apparent,Intersection:  T-intersection,Paved,,Property Damage Only,0,0,0,0,0,0,4000,2,6,,POINT (-91.531654226994 41.66246856226)
2014808471,14-23411,07/20/2014,07-July,1-Sunday,17:31,1700 Hours,District 3 (Northwest),SIOUX CITY,WOODBURY,,FLOYD BLVD & OUTER DR N,Collision with:  Vehicle in traffic,On Roadway,"Angle, oncoming left turn",FTYROW:  Making left turn,None Indicated,,Daylight,Dry,Cloudy,None apparent,Intersection:  Four-way intersection,Paved,,Property Damage Only,0,0,0,0,0,0,6000,2,3,,POINT (-96.370206651545 42.533938811885)
2014809607,2014042231,07/20/2014,07-July,1-Sunday,02:45,0200 Hours,District 6 (East Central),TIPTON,CEDAR,,Co Rd F36/CEDAR VALLEY RD & Co Rd X46/SNAGGY RIDGE RD,Non-collision events:  Overturn/rollover,Outside trafficway,Non-collision (single vehicle),Ran off road - right,Alcohol (Statutory),,Dark - roadway not lighted,Dry,Clear,None apparent,Non-intersection:  Non-junction/no special feature,Paved,,Property Damage Only,0,0,0,0,0,0,5000,1,1,,POINT (-91.185760828919 41.739983639774)
2014808269,1407208021,07/20/2014,07-July,1-Sunday,05:10,0500 Hours,District 6 (East Central),,CLINTON,,Co Rd Z36/380 AVE & 210 ST,Collision with fixed object:  Ditch,On Roadway,Non-collision (single vehicle),Crossed centerline (undivided),None Indicated,,Dawn,Dry,Clear,None apparent,Non-intersection:  Non-junction/no special feature,Paved,,Minor Injury,0,1,0,1,0,0,9000,1,2,,POINT (-90.354758919992 41.873663328356)
2014808428,2014-50163,07/20/2014,07-July,1-Sunday,03:32,0300 Hours,District 6 (East Central),DAVENPORT,SCOTT,,W 10TH ST,Collision with:  Parked motor vehicle,On Roadway,"Sideswipe, same direction",Lost Control,Alcohol (Statutory),,Dark - roadway lighted,Dry,Clear,None apparent,Non-intersection:  Non-junction/no special feature,Paved,,Property Damage Only,0,0,0,0,0,0,6000,2,1,,POINT (-90.594341907436 41.529494236079)
2014808549,14-017524,07/20/2014,07-July,1-Sunday,03:06,0300 Hours,District 5 (Southeast),,MARION,IA 5,IA 5/IOWA 5,Collision with:  Animal,On Roadway,Non-collision (single vehicle),Animal,None Indicated,,Dark - roadway not lighted,Dry,Clear,None apparent,Non-intersection:  Non-junction/no special feature,Paved,,Possible/Unknown,0,1,0,0,1,0,8000,1,1,,POINT (-93.047608948624 41.279886785123)
2014808389,S14-002778,07/20/2014,07-July,1-Sunday,20:15,2000 Hours,District 4 (Southwest),,POTTAWATTAMIE,IA 92,IA 92/IOWA 92 & Co Rd L43/220TH ST,Collision with:  Vehicle in traffic,On Roadway,Rear-end (front to rear),Followed too close,None Indicated,,Dusk,Dry,Clear,None apparent,Non-intersection:  Non-junction/no special feature,Paved,,Minor Injury,0,1,0,1,0,0,18000,2,3,,POINT (-95.766178023464 41.232604071443)
2014808467,14-2194,07/20/2014,07-July,1-Sunday,21:05,2100 Hours,District 1 (Central),FORT DODGE,WEBSTER,,1ST AVE S & S 15TH ST,Collision with:  Vehicle in traffic,On Roadway,"Angle, oncoming left turn",Crossed centerline (undivided),None Indicated,,Dusk,Dry,Clear,None apparent,Intersection:  Four-way intersection,Paved,,Property Damage Only,0,0,0,0,0,0,2000,2,3,,POINT (-94.177750772675 42.505078558058)
2014808314,201410442,07/20/2014,07-July,1-Sunday,09:10,0900 Hours,District 6 (East Central),CEDAR RAPIDS,LINN,IA 922,IA 922/1ST AVE E & 15TH ST SE & 15TH ST NE,Collision with:  Vehicle in traffic,On Roadway,Broadside (front to side),Ran Traffic Signal,None Indicated,,Daylight,Dry,Clear,None apparent,Intersection:  Four-way intersection,Paved,,Possible/Unknown,0,1,0,0,1,0,8000,2,3,,POINT (-91.652350594892 41.988106107261)
2014808496,14010580,07/20/2014,07-July,1-Sunday,02:50,0200 Hours,District 6 (East Central),,CEDAR,I-80,I-80,Collision with:  Animal,,,Animal,None Indicated,,,,,,,Paved,,Property Damage Only,0,0,0,0,0,0,15000,1,1,,POINT (-91.153131771473 41.646083189343)
2014809035,,07/20/2014,07-July,1-Sunday,18:12,1800 Hours,District 5 (Southeast),,LUCAS,,482ND ST,Collision with:  Animal,On Roadway,Non-collision (single vehicle),Animal,None Indicated,,Daylight,Dry,Clear,None apparent,Non-intersection:  Non-junction/no special feature,Unpaved,,Property Damage Only,0,0,0,0,0,0,3000,1,1,,POINT (-93.280888534368 41.014475735812)
2014814062,AC14-046,07/20/2014,07-July,1-Sunday,16:05,1600 Hours,District 4 (Southwest),HARLAN,SHELBY,,MARKET ST,Collision with:  Vehicle in traffic,On Roadway,Unknown,FTYROW:  From driveway,None Indicated,,Daylight,Dry,Clear,None apparent,Non-intersection:  Driveway access (within),Paved,,Property Damage Only,0,0,0,0,0,0,5900,2,3,,POINT (-95.31495729871 41.658536496861)
2014808325,1400000625,07/20/2014,07-July,1-Sunday,02:30,0200 Hours,District 1 (Central),,MARSHALL,IA 14,IA 14/SANFORD AVE,Collision with:  Animal,,Non-collision (single vehicle),Animal,None Indicated,,,,,,,Paved,,Property Damage Only,0,0,0,0,0,0,2000,1,1,,POINT (-92.908170957246 42.067672966565)
2014809279,14-23378,07/20/2014,07-July,1-Sunday,12:35,1200 Hours,District 3 (Northwest),SIOUX CITY,WOODBURY,US 20,US 20,Collision with:  Vehicle in traffic,On Roadway,"Sideswipe, same direction",Other (explain in narrative):  Other,None Indicated,,Daylight,Dry,Clear,None apparent,Non-intersection:  Non-junction/no special feature,Paved,,Property Damage Only,0,0,0,0,0,0,1500,2,4,,POINT (-96.32365429604 42.46542473551)
2014808769,14-040,07/20/2014,07-July,1-Sunday,13:30,1300 Hours,District 3 (Northwest),ROCKWELL CITY,CALHOUN,,TWIN LAKES RD,Collision with fixed object:  Utility pole/light support,Roadside,Non-collision (single vehicle),Ran off road - right,None Indicated,,Daylight,Dry,Clear,None apparent,Intersection:  T-intersection,Paved,,Major Injury,0,1,1,0,0,0,2000,1,1,,POINT (-94.631234345635 42.478384035859)
2014808480,14-7683,07/20/2014,07-July,1-Sunday,05:00,0500 Hours,District 3 (Northwest),SAC CITY,SAC,,E MAIN ST & PARK AVE,Collision with:  Animal,On Roadway,Non-collision (single vehicle),Animal,None Indicated,,Dark - roadway lighted,Dry,Clear,None apparent,Non-intersection:  Non-junction/no special feature,Paved,,Property Damage Only,0,0,0,0,0,0,3000,1,2,,POINT (-94.983612488968 42.421683375369)
2014808531,C14002238,07/20/2014,07-July,1-Sunday,17:10,1700 Hours,District 6 (East Central),CORALVILLE,JOHNSON,I-80,I-80,Collision with:  Vehicle in traffic,On Roadway,"Sideswipe, same direction",Swerving/Evasive Action,None Indicated,,Daylight,Dry,Clear,None apparent,Interchange-related:  On-ramp merge area,Paved,,Property Damage Only,0,0,0,0,0,0,3000,2,3,,POINT (-91.636954573537 41.694362131057)
2014810143,2014-14629,07/20/2014,07-July,1-Sunday,01:00,0100 Hours,District 6 (East Central),,SCOTT,,220 AVE,Collision with fixed object:  Ditch,On Roadway,Non-collision (single vehicle),Ran off road - left,None Indicated,,Dark - roadway not lighted,Dry,Clear,None apparent,Non-intersection:  Non-junction/no special feature,Unpaved,,Property Damage Only,0,0,0,0,0,0,7000,1,1,,POINT (-90.470647201196 41.708881346864)
2014809554,14-001637,07/20/2014,07-July,1-Sunday,10:50,1000 Hours,District 1 (Central),ALTOONA,POLK,US 6,US 6/FREDERICK M HUBBELL AVE,Collision with:  Vehicle in traffic,On Roadway,Rear-end (front to rear),Driver Distraction:  Passenger,None Indicated,,Daylight,Dry,Clear,None apparent,Non-intersection:  Non-junction/no special feature,Paved,,Property Damage Only,0,0,0,0,0,0,5000,2,6,,POINT (-93.499353693742 41.658072806507)
2014808397,14-030320,07/20/2014,07-July,1-Sunday,15:36,1500 Hours,District 4 (Southwest),COUNCIL BLUFFS,POTTAWATTAMIE,,WORTH ST & S MAIN ST,Collision with:  Vehicle in traffic,On Roadway,Head-on (front to front),Traveling wrong way or on wrong side of road,None Indicated,,Daylight,Dry,Clear,Work Zone (roadway-related),Non-intersection:  Non-junction/no special feature,Paved,Yes,Property Damage Only,0,0,0,0,0,0,5500,2,2,,POINT (-95.851436213628 41.254605812817)
2014809041,,07/20/2014,07-July,1-Sunday,11:52,1100 Hours,District 6 (East Central),DE WITT,CLINTON,,2ND ST & 6TH AVE,Collision with:  Vehicle in traffic,On Roadway,"Sideswipe, same direction",Made improper turn,None Indicated,,Daylight,Dry,Clear,None apparent,Non-intersection:  Alley,Paved,,Property Damage Only,0,0,0,0,0,0,6000,2,2,,POINT (-90.538917534368 41.817005724849)
2014810176,14006295,07/20/2014,07-July,1-Sunday,13:20,1300 Hours,District 6 (East Central),GREELEY,DELAWARE,,EAST ST,Collision with fixed object:  Other fixed object (explain in narrative),Outside trafficway,Non-collision (single vehicle),Ran off road - left,Alcohol (Statutory),,Daylight,Dry,Clear,None apparent,Non-intersection:  Non-junction/no special feature,Unpaved,,Property Damage Only,0,0,0,0,0,0,8500,1,1,,POINT (-91.344279261758 42.587017371563)
2014808623,2014042264,07/20/2014,07-July,1-Sunday,13:33,1300 Hours,District 6 (East Central),,LINN,I-380,I-380,Non-collision events:  Overturn/rollover,On Roadway,Non-collision (single vehicle),Swerving/Evasive Action,None Indicated,,Daylight,Dry,Clear,None apparent,Non-intersection:  Non-junction/no special feature,Paved,,Property Damage Only,0,0,0,0,0,0,15000,1,1,,POINT (-91.702440797697 42.101956210683)
2014819378,1407-051,07/20/2014,07-July,1-Sunday,09:05,0900 Hours,District 3 (Northwest),,OSCEOLA,,Co Rd A22/170TH ST & SILVER AVE,Collision with:  Vehicle in traffic,On Roadway,"Angle, oncoming left turn",FTYROW:  From stop sign,None Indicated,,Daylight,Dry,Clear,None apparent,Intersection:  Four-way intersection,Paved,,Property Damage Only,0,0,0,0,0,0,4000,2,2,,POINT (-95.623113679552 43.403657280373)
2014814760,2014-50241,07/20/2014,07-July,1-Sunday,17:19,1700 Hours,District 6 (East Central),DAVENPORT,SCOTT,,E 13TH ST & IOWA ST,Collision with:  Vehicle in traffic,On Roadway,Broadside (front to side),Lost Control,None Indicated,,Daylight,Dry,Clear,None apparent,Non-intersection:  Non-junction/no special feature,Paved,,Property Damage Only,0,0,0,0,0,0,2500,2,2,,POINT (-90.569675537172 41.533019185306)
2014810770,14-026-AC-C,07/20/2014,07-July,1-Sunday,21:45,2100 Hours,District 3 (Northwest),WEST OKOBOJI,DICKINSON,,TERRACE PARK BLVD,Collision with:  Non-motorist (see non-motorist section - NOT a unit),On Roadway,Non-collision (single vehicle),Other (explain in narrative):  Other,Alcohol (Statutory),,Dark - roadway lighted,Dry,Clear,None apparent,Non-intersection:  Non-junction/no special feature,Paved,,Major Injury,0,2,2,0,0,0,3000,1,2,,POINT (-95.149943522222 43.347501078488)
2014808476,2014042277,07/20/2014,07-July,1-Sunday,15:26,1500 Hours,District 2 (Northeast),,WRIGHT,IA 17,IA 17/IOWA 17 & 300TH ST,Collision with fixed object:  Ditch,On Roadway,Non-collision (single vehicle),Ran off road - right,None Indicated,,Daylight,Dry,Clear,None apparent,Non-intersection:  Non-junction/no special feature,Paved,,Possible/Unknown,0,1,0,0,1,0,2000,1,1,,POINT (-93.902473945148 42.615861459464)
2014808239,201403314,07/20/2014,07-July,1-Sunday,03:16,0300 Hours,District 1 (Central),BOONE,BOONE,IA 17,IA 17/210TH ST/T AVE & Co Rd E41,Collision with fixed object:  Ditch,On Roadway,Non-collision (single vehicle),Ran Stop Sign,None Indicated,,Dark - roadway not lighted,Dry,Clear,None apparent,Intersection:  T-intersection,Paved,,Property Damage Only,0,0,0,0,0,0,2000,1,1,,POINT (-93.795686240382 42.049469237129)
2014808677,SO14001713,07/20/2014,07-July,1-Sunday,22:45,2200 Hours,District 3 (Northwest),,PLYMOUTH,,Co Rd K22/K22,Non-collision events:  Overturn/rollover,On Roadway,Non-collision (single vehicle),Swerving/Evasive Action,Under Influence of Alcohol/Drugs/Medications,,Dark - roadway not lighted,Dry,Clear,None apparent,Non-intersection:  Non-junction/no special feature,Paved,,Minor Injury,0,2,0,1,1,0,6500,1,2,,POINT (-96.370424068075 42.673716658349)
2014808288,14106719,07/20/2014,07-July,1-Sunday,15:10,1500 Hours,District 6 (East Central),,JOHNSON,,PRAIRIE DU CHIEN RD,Collision with:  Animal,On Roadway,Non-collision (single vehicle),Animal,None Indicated,,Daylight,Dry,Clear,None apparent,Non-intersection:  Non-junction/no special feature,Paved,,Minor Injury,0,1,0,1,0,0,1500,1,1,,POINT (-91.516546193414 41.716774687004)
2014808957,14-017557,07/20/2014,07-July,1-Sunday,16:43,1600 Hours,District 5 (Southeast),,MARION,IA 92,IA 92/IOWA 92,Collision with:  Animal,,,Animal,None Indicated,,,,,,,Paved,,Property Damage Only,0,0,0,0,0,0,2000,1,1,,POINT (-92.921013903389 41.306343393717)
2014809596,14-23351,07/20/2014,07-July,1-Sunday,04:37,0400 Hours,District 3 (Northwest),SIOUX CITY,WOODBURY,,CHICAGO AVE & S ALICE ST,Collision with:  Vehicle in traffic,On Roadway,Rear-end (front to rear),Ran Stop Sign,Alcohol (Statutory),,Dark - roadway lighted,Dry,Clear,None apparent,Intersection:  Four-way intersection,Paved,,Major Injury,0,1,1,0,0,0,3000,2,1,,POINT (-96.368265965386 42.485848899963)
2014809909,14-1380,07/20/2014,07-July,1-Sunday,13:00,1300 Hours,District 1 (Central),POLK CITY,POLK,IA 415,IA 415/NW POLK CITY DR,Collision with:  Vehicle in traffic,On Roadway,Rear-end (front to rear),Followed too close,None Indicated,,Daylight,Dry,Clear,None apparent,Non-intersection:  Non-junction/no special feature,Paved,,Minor Injury,0,3,0,1,2,0,7000,2,3,,POINT (-93.704363165352 41.756184945458)
2014808556,14-003115,07/20/2014,07-July,1-Sunday,20:56,2000 Hours,District 1 (Central),ANKENY,POLK,IA 415,IA 415/SW ORALABOR RD & SW WHITE BIRCH DR,Collision with:  Vehicle in traffic,On Roadway,"Angle, oncoming left turn",FTYROW:  Making left turn,None Indicated,,Dark - roadway lighted,Dry,Clear,None apparent,Intersection:  Four-way intersection,Paved,,Minor Injury,0,2,0,2,0,0,30000,2,3,,POINT (-93.627116233021 41.703247876906)
2014808532,C14002239,07/20/2014,07-July,1-Sunday,18:28,1800 Hours,District 6 (East Central),CORALVILLE,JOHNSON,I-80,I-80,Collision with:  Vehicle in traffic,On Roadway,Rear-end (front to rear),Followed too close,None Indicated,,Daylight,Dry,Clear,None apparent,Interchange-related:  On-ramp merge area,Paved,,Property Damage Only,0,0,0,0,0,0,3500,2,2,,POINT (-91.639370525165 41.694336723141)
2014809560,2014-50230,07/20/2014,07-July,1-Sunday,16:13,1600 Hours,District 6 (East Central),DAVENPORT,SCOTT,,MIDDLE RD,Non-collision events:  Other non-collision (explain in narrative),On Roadway,Non-collision (single vehicle),Lost Control,None Indicated,,Daylight,Dry,Clear,None apparent,Non-intersection:  Non-junction/no special feature,Paved,,Property Damage Only,0,0,0,0,0,0,2000,1,1,,POINT (-90.541264777251 41.534063072083)
2014809043,,07/20/2014,07-July,1-Sunday,05:00,0500 Hours,District 6 (East Central),DE WITT,CLINTON,,SPRINGBROOK CT,Collision with:  Parked motor vehicle,On Roadway,Head-on (front to front),Driver Distraction:  Reaching for object(s)/fallen object(s),None Indicated,,Dawn,Dry,Cloudy,None apparent,Non-intersection:  Non-junction/no special feature,Paved,,Property Damage Only,0,0,0,0,0,0,6000,2,1,,POINT (-90.556604871046 41.831829200081)
2014810318,14S01160,07/20/2014,07-July,1-Sunday,08:30,0800 Hours,District 4 (Southwest),AFTON,UNION,,SCOTT ST & GRACE ST,Unknown,Outside trafficway,Non-collision (single vehicle),Unknown,None Indicated,,Daylight,"Mud, dirt",Clear,None apparent,Non-intersection:  Non-junction/no special feature,Paved,,Property Damage Only,0,0,0,0,0,0,2000,2,1,,POINT (-94.187980200912 41.025792837008)