Iowa DOT Case Number,Law Enforcement Case Number,Date of Crash,Month of Crash,Day of Week,Time of Crash,Hour,DOT District,City Name,County Name,Route with System,Location Description,First Harmful Event,Location of First Harmful Event,Manner of Crash/Collision,Major Cause,Drug or Alcohol ,Environmental Conditions,Light Conditions,Surface Conditions,Weather Conditions,Roadway Contribution,Roadway Type,Roadway Surface,Work Zone,Crash Severity,Number of Fatalities,Number of Injuries,Number of Major Injuries,Number of Minor Injuries,Number of Possible Injuries,Number of Unknown Injuries,Amount of Property Damage,Number of Vehicles Involved,Total Number of Occupants,Travel Direction,Location
2014808506,01-14-32211,07/21/2014,07-July,2-Monday,16:28,1600 Hours,District 6 (East Central),DUBUQUE,DUBUQUE,,KERPER BLVD & E 16TH ST,Collision with:  Vehicle in traffic,On Roadway,"Angle, oncoming left turn",FTYROW:  Making left turn,None Indicated,,Daylight,Dry,Clear,None apparent,Intersection:  Four-way intersection,Paved,,Minor Injury,0,3,0,2,1,0,14050,2,4,,POINT (-90.654072984583 42.512212116143)
2014820422,2014-57-AC,07/21/2014,07-July,2-Monday,10:23,1000 Hours,District 3 (Northwest),,DICKINSON,,Co Rd M34/150TH AVE,Non-collision events:  Overturn/rollover,Shoulder,Non-collision (single vehicle),Lost Control,None Indicated,,Daylight,"Mud, dirt",Cloudy,None apparent,Non-intersection:  Non-junction/no special feature,Unpaved,,Property Damage Only,0,0,0,0,0,0,8000,1,2,,POINT (-95.289121925502 43.311249425027)
2014808807,201402521,07/21/2014,07-July,2-Monday,16:11,1600 Hours,District 6 (East Central),,LINN,US 30,US 30,Collision with:  Vehicle in traffic,On Roadway,Rear-end (front to rear),Followed too close,None Indicated,,Daylight,Dry,Clear,None apparent,Non-intersection:  Non-junction/no special feature,Paved,,Possible/Unknown,0,2,0,0,2,0,9000,2,2,,POINT (-91.516396480054 41.925618003016)
2014808942,1407210616,07/21/2014,07-July,2-Monday,06:16,0600 Hours,District 6 (East Central),MONTICELLO,JONES,US 151,US 151 & IA 38/IOWA 38,Collision with fixed object:  Bridge overhead structure,,,Unknown,None Indicated,,,,,,,Paved,,Property Damage Only,0,0,0,0,0,0,6000,1,1,,POINT (-91.171070757613 42.2305976255)
2014808701,20140020890,07/21/2014,07-July,2-Monday,18:00,1800 Hours,District 1 (Central),DES MOINES,POLK,US 6,US 6/FREDERICK M HUBBELL AVE & E DOUGLAS AVE,Collision with:  Vehicle in traffic,On Roadway,Broadside (front to side),FTYROW:  From stop sign,None Indicated,,Daylight,Dry,Clear,None apparent,Intersection:  Four-way intersection,Paved,,Property Damage Only,0,0,0,0,0,0,5000,2,6,,POINT (-93.543685543154 41.629598120802)
2014808505,01-14-32090,07/21/2014,07-July,2-Monday,07:20,0700 Hours,District 6 (East Central),DUBUQUE,DUBUQUE,,JACKSON ST,Collision with:  Parked motor vehicle,On Roadway,"Sideswipe, same direction",Lost Control,None Indicated,,Daylight,Dry,Cloudy,None apparent,Non-intersection:  Non-junction/no special feature,Paved,,Possible/Unknown,0,1,0,0,1,0,10500,3,1,,POINT (-90.673729087992 42.519799156454)
2014808551,14-4841,07/21/2014,07-July,2-Monday,15:12,1500 Hours,District 1 (Central),ALTOONA,POLK,,NE 80TH ST,Non-collision events:  Overturn/rollover,On Roadway,Non-collision (single vehicle),Swerving/Evasive Action,None Indicated,,Daylight,Dry,Clear,None apparent,Non-intersection:  Non-junction/no special feature,Paved,,Possible/Unknown,0,1,0,0,1,0,15000,1,1,,POINT (-93.445112298394 41.66831162459)
2014809124,14-022326,07/21/2014,07-July,2-Monday,14:54,1400 Hours,District 5 (Southeast),,LEE,IA 2,IA 2/IOWA 2,Collision with:  Vehicle in traffic,On Roadway,"Sideswipe, same direction",Crossed centerline (undivided),None Indicated,,Daylight,Dry,Clear,None apparent,Non-intersection:  Non-junction/no special feature,Paved,,Possible/Unknown,0,2,0,0,2,0,6000,2,2,,POINT (-91.550545942722 40.638993492144)
2014810273,14073330,07/21/2014,07-July,2-Monday,16:23,1600 Hours,District 2 (Northeast),CEDAR FALLS,BLACK HAWK,,3RD ST & TREMONT ST,Collision with:  Vehicle in traffic,On Roadway,Broadside (front to side),FTYROW:  At uncontrolled intersection,None Indicated,,Daylight,Dry,Clear,None apparent,Intersection:  Four-way intersection,Paved,,Property Damage Only,0,0,0,0,0,0,4000,2,6,,POINT (-92.450810170202 42.535958522684)
2014809838,14-14703,07/21/2014,07-July,2-Monday,13:54,1300 Hours,District 6 (East Central),,SCOTT,US 67,US 67/GREAT RIVER RD & VALLEY DR,Collision with fixed object:  Utility pole/light support,On Roadway,Non-collision (single vehicle),Crossed centerline (undivided),None Indicated,,Daylight,Dry,Clear,None apparent,Non-intersection:  Railroad grade crossing,Paved,,Property Damage Only,0,0,0,0,0,0,6000,1,1,,POINT (-90.414676969428 41.571074794543)
2014808541,201410515,07/21/2014,07-July,2-Monday,13:46,1300 Hours,District 6 (East Central),CEDAR RAPIDS,LINN,,MOUNT VERNON RD SE & EAST POST RD SE,Collision with:  Vehicle in traffic,On Roadway,Broadside (front to side),Made improper turn,None Indicated,,Daylight,Dry,Cloudy,None apparent,Non-intersection:  Non-junction/no special feature,Paved,,Possible/Unknown,0,1,0,0,1,0,9000,2,2,,POINT (-91.606033003218 41.976898349157)
2014809115,14107382,07/21/2014,07-July,2-Monday,22:19,2200 Hours,District 6 (East Central),IOWA CITY,JOHNSON,,Co Rd W64/OAK CREST HILL RD SE,Collision with:  Parked motor vehicle,Outside trafficway,Unknown,Improper Backing,None Indicated,,Dark - roadway not lighted,"Mud, dirt",Clear,None apparent,Non-intersection:  Driveway access (within),Paved,,Property Damage Only,0,0,0,0,0,0,5000,2,1,,POINT (-91.544469112306 41.624631550317)
2014809051,,07/21/2014,07-July,2-Monday,07:50,0700 Hours,District 2 (Northeast),CEDAR FALLS,BLACK HAWK,,14TH ST & WALNUT ST,Collision with:  Vehicle in traffic,On Roadway,Broadside (front to side),Unknown,None Indicated,,Daylight,Dry,Clear,,Intersection:  Four-way intersection,Paved,,Property Damage Only,0,0,0,0,0,0,2620,2,2,,POINT (-92.453407032782 42.525830412916)
2014809318,14-025372,07/21/2014,07-July,2-Monday,17:27,1700 Hours,District 5 (Southeast),WEST BURLINGTON,DES MOINES,,MT PLEASANT ST,Collision with:  Vehicle in traffic,On Roadway,"Sideswipe, same direction",Made improper turn,None Indicated,,Daylight,Dry,Cloudy,None apparent,Intersection:  Four-way intersection,Paved,,Property Damage Only,0,0,0,0,0,0,6500,2,4,,POINT (-91.186173192061 40.826362633407)
2014808601,14-23482,07/21/2014,07-July,2-Monday,09:51,0900 Hours,District 3 (Northwest),SIOUX CITY,WOODBURY,I-29,I-29,Collision with:  Vehicle in traffic,On Roadway,"Sideswipe, same direction",FTYROW:  Other (explain in narrative),None Indicated,,Daylight,Dry,Cloudy,Work Zone (roadway-related),Non-intersection:  Other non-intersection (explain in narrative),Paved,Yes,Property Damage Only,0,0,0,0,0,0,4500,2,3,,POINT (-96.394419735554 42.48624699578)
2014809520,14680724,07/21/2014,07-July,2-Monday,20:58,2000 Hours,District 5 (Southeast),,MONROE,,Co Rd H35/189TH ST,Collision with:  Animal,,,Animal,None Indicated,,,,,,,Paved,,Property Damage Only,0,0,0,0,0,0,2500,1,1,,POINT (-92.682807359876 41.028281180709)
2014808500,CL14002526,07/21/2014,07-July,2-Monday,20:29,2000 Hours,District 6 (East Central),CLINTON,CLINTON,,MILL CREEK PKWY,Collision with:  Animal,On Roadway,Non-collision (single vehicle),Animal,None Indicated,,Dusk,Dry,Clear,None apparent,Non-intersection:  Non-junction/no special feature,Paved,,Property Damage Only,0,0,0,0,0,0,2000,1,1,,POINT (-90.212760948277 41.867186490498)
2014809470,,07/21/2014,07-July,2-Monday,08:00,0800 Hours,District 3 (Northwest),ARNOLDS PARK,DICKINSON,,OKOBOJI GROVE RD,Collision with:  Vehicle in traffic,On Roadway,"Sideswipe, same direction",FTYROW:  From driveway,None Indicated,,Daylight,Dry,Clear,None apparent,Non-intersection:  Driveway access (within),Paved,,Property Damage Only,0,0,0,0,0,0,1500,2,2,,POINT (-95.141167216559 43.364224437642)
2014809719,SO14001732,07/21/2014,07-July,2-Monday,20:26,2000 Hours,District 3 (Northwest),,PLYMOUTH,,Co Rd C70/C70 & IMPERIAL RD,Collision with fixed object:  Ditch,Roadside,Non-collision (single vehicle),Ran off road - right,Under Influence of Alcohol/Drugs/Medications,,Daylight,Dry,Clear,None apparent,Non-intersection:  Non-junction/no special feature,Paved,,Property Damage Only,0,0,0,0,0,0,3500,1,1,,POINT (-96.304562819225 42.576003762917)
2014808400,14-030389,07/21/2014,07-July,2-Monday,00:09,0000 Hours,District 4 (Southwest),COUNCIL BLUFFS,POTTAWATTAMIE,,AVE B,Collision with:  Vehicle in traffic,On Roadway,"Sideswipe, opposite direction",FTYROW:  Other (explain in narrative),None Indicated,,Dark - roadway lighted,Dry,Cloudy,None apparent,Non-intersection:  Non-junction/no special feature,Paved,,Property Damage Only,0,0,0,0,0,0,15000,4,2,,POINT (-95.915735725142 41.263648560389)
2014810299,20140721EEP1,07/21/2014,07-July,2-Monday,11:00,1100 Hours,District 5 (Southeast),OSCEOLA,CLARKE,,W CASS ST,Collision with:  Vehicle in traffic,On Roadway,"Sideswipe, same direction","Operating vehicle in an reckless, erratic, careless, negligent manner",None Indicated,,Daylight,Dry,Clear,None apparent,Non-intersection:  Non-junction/no special feature,Paved,,Property Damage Only,0,0,0,0,0,0,5500,2,1,,POINT (-93.771414806977 41.032054399035)
2014809544,20140020879,07/21/2014,07-July,2-Monday,16:44,1600 Hours,District 1 (Central),DES MOINES,POLK,US 6,US 6/FREDERICK M HUBBELL AVE & E DOUGLAS AVE,Collision with:  Vehicle in traffic,On Roadway,"Angle, oncoming left turn",Unknown,None Indicated,,Daylight,Dry,Clear,None apparent,Intersection:  Four-way intersection,Paved,,Property Damage Only,0,0,0,0,0,0,5000,2,2,,POINT (-93.543661836816 41.62963426125)
2014810032,AP14-0205,07/21/2014,07-July,2-Monday,09:35,0900 Hours,District 6 (East Central),ANAMOSA,JONES,,E 1ST ST & S SCOTT ST,Collision with:  Vehicle in traffic,On Roadway,"Sideswipe, same direction",Other (explain in narrative):  Vision obstructed,None Indicated,,Daylight,Dry,Clear,None apparent,Intersection:  Four-way intersection,Paved,,Property Damage Only,0,0,0,0,0,0,4000,2,4,,POINT (-91.279500732288 42.106507102029)
2014826452,2014-5215,07/21/2014,07-July,2-Monday,16:39,1600 Hours,District 6 (East Central),LE CLAIRE,SCOTT,I-80,I-80 & US 67/CODY RD,Collision with:  Vehicle in traffic,On Roadway,Rear-end (front to rear),Followed too close,Alcohol (< Statutory),,Daylight,Dry,Clear,None apparent,Intersection:  Four-way intersection,Paved,,Possible/Unknown,0,1,0,0,1,0,6000,3,4,,POINT (-90.365454196861 41.584726883216)
2014808574,14-1609,07/21/2014,07-July,2-Monday,17:11,1700 Hours,District 1 (Central),URBANDALE,POLK,,DOUGLAS AVE,Collision with:  Vehicle in traffic,On Roadway,Rear-end (front to rear),Improper or erratic lane changing,None Indicated,,Daylight,Dry,Clear,None apparent,Non-intersection:  Non-junction/no special feature,Paved,,Property Damage Only,0,0,0,0,0,0,4000,2,2,,POINT (-93.776201434244 41.62943416199)
2014808469,14-2205,07/21/2014,07-July,2-Monday,12:16,1200 Hours,District 1 (Central),FORT DODGE,WEBSTER,,3RD AVE NW,Collision with:  Vehicle in traffic,On Roadway,Rear-end (front to rear),Other (explain in narrative):  Other,None Indicated,,Daylight,Dry,Cloudy,None apparent,Non-intersection:  Driveway access (within),Paved,,Property Damage Only,0,0,0,0,0,0,6700,2,2,,POINT (-94.218396486963 42.515415389876)
2014808991,2014-50568,07/21/2014,07-July,2-Monday,19:45,1900 Hours,District 6 (East Central),DAVENPORT,SCOTT,,ROCKINGHAM RD & ROLFF ST,Collision with:  Parked motor vehicle,On Roadway,Unknown,Unknown,None Indicated,,Dusk,Dry,Clear,None apparent,Non-intersection:  Non-junction/no special feature,Paved,,Property Damage Only,0,0,0,0,0,0,1500,2,1,,POINT (-90.618066609271 41.512038471818)
2014808679,SO14001726,07/21/2014,07-July,2-Monday,07:40,0700 Hours,District 3 (Northwest),,PLYMOUTH,,MARBLE AVE & 320TH ST,Collision with:  Vehicle in traffic,On Roadway,Broadside (front to side),FTYROW:  At uncontrolled intersection,None Indicated,,Daylight,"Mud, dirt",Clear,None apparent,Non-intersection:  Non-junction/no special feature,Unpaved,,Possible/Unknown,0,2,0,0,2,0,22181,2,2,,POINT (-96.135770911437 42.590081154325)
2014808919,14-006020,07/21/2014,07-July,2-Monday,15:32,1500 Hours,District 2 (Northeast),,CLAYTON,,Co Rd X21/LITTLEPORT RD,Collision with fixed object:  Ditch,On Roadway,Non-collision (single vehicle),Driving too fast for conditions,None Indicated,,Daylight,"Mud, dirt",Clear,None apparent,Non-intersection:  Non-junction/no special feature,Paved,,Possible/Unknown,0,1,0,0,1,0,9500,1,1,,POINT (-91.423210019839 42.650475455755)
2014809659,14012249,07/21/2014,07-July,2-Monday,12:41,1200 Hours,District 2 (Northeast),MASON CITY,CERRO GORDO,,19TH ST SW & S BENJAMIN AVE,Collision with:  Vehicle in traffic,On Roadway,Rear-end (front to rear),Other (explain in narrative):  Other,None Indicated,,Daylight,Dry,Clear,None apparent,Intersection:  Four-way intersection,Paved,,Property Damage Only,0,0,0,0,0,0,4000,2,2,,POINT (-93.230797204829 43.133907327411)
2014809110,14-070721-01,07/21/2014,07-July,2-Monday,04:50,0400 Hours,District 6 (East Central),,IOWA,US 6,US 6 & NO NAME,Collision with:  Animal,,Non-collision (single vehicle),Animal,None Indicated,,,,,,,Paved,,Property Damage Only,0,0,0,0,0,0,1908,1,1,,POINT (-91.862669723359 41.759866121268)
2014808510,14-1121,07/21/2014,07-July,2-Monday,11:38,1100 Hours,District 1 (Central),JEFFERSON,GREENE,IA 4,IA 4/N ELM ST & W STATE ST & E STATE ST,Collision with:  Vehicle in traffic,On Roadway,Broadside (front to side),Ran Stop Sign,None Indicated,,Daylight,Dry,Clear,None apparent,Intersection:  Four-way intersection,Paved,,Property Damage Only,0,0,0,0,0,0,6200,2,2,,POINT (-94.3773988252 42.016267179006)
2014809563,2014-50566,07/21/2014,07-July,2-Monday,19:32,1900 Hours,District 6 (East Central),DAVENPORT,SCOTT,US 67,US 67/GAINES ST/W 2ND ST,Collision with fixed object:  Utility pole/light support,On Roadway,Non-collision (single vehicle),Ran off road - right,None Indicated,,Daylight,Dry,Clear,None apparent,Intersection:  Four-way intersection,Paved,,Property Damage Only,0,0,0,0,0,0,2000,1,1,,POINT (-90.583392485315 41.521302850348)
2014808989,2014-50483,07/21/2014,07-July,2-Monday,13:38,1300 Hours,District 6 (East Central),DAVENPORT,SCOTT,,FILLMORE ST,Collision with:  Vehicle in traffic,On Roadway,Broadside (front to side),FTYROW:  Other (explain in narrative),None Indicated,,Daylight,Dry,Clear,None apparent,Non-intersection:  Alley,Paved,,Property Damage Only,0,0,0,0,0,0,4000,2,6,,POINT (-90.594321599402 41.522928116136)
2014810949,,07/21/2014,07-July,2-Monday,19:05,1900 Hours,District 2 (Northeast),,WINNESHIEK,,258TH ST & 138TH AVE,Non-collision events:  Other non-collision (explain in narrative),On Roadway,Broadside (front to side),FTYROW:  Other (explain in narrative),None Indicated,,Daylight,"Mud, dirt",Clear,None apparent,Intersection:  Other intersection (explain in narrative),Unpaved,,Property Damage Only,0,0,0,0,0,0,11000,2,2,,POINT (-91.661874072542 43.309504507784)
2014808555,14-003120,07/21/2014,07-July,2-Monday,12:00,1200 Hours,District 1 (Central),ANKENY,POLK,,W 1ST ST & SW STATE ST & NW STATE ST,Collision with:  Vehicle in traffic,On Roadway,"Angle, oncoming left turn",FTYROW:  Making left turn,None Indicated,,Daylight,Dry,Clear,None apparent,Intersection:  Four-way intersection,Paved,,Property Damage Only,0,0,0,0,0,0,4500,2,6,,POINT (-93.621502529566 41.731857745616)
2014809878,2014-004280,07/21/2014,07-July,2-Monday,21:45,2100 Hours,District 6 (East Central),,BENTON,,Co Rd E24/61 ST LN,Collision with:  Animal,,,Animal,None Indicated,,,,,,,Paved,,Property Damage Only,0,0,0,0,0,0,2500,1,1,,POINT (-91.945698683621 42.137502523095)
2014810255,14-10993,07/21/2014,07-July,2-Monday,00:11,0000 Hours,District 6 (East Central),MAQUOKETA,JACKSON,,100 ST & 174 AVE,Non-collision events:  Overturn/rollover,On Roadway,Non-collision (single vehicle),Ran off road - right,None Indicated,,Dark - roadway not lighted,"Mud, dirt",Clear,None apparent,Non-intersection:  Non-junction/no special feature,Unpaved,,Possible/Unknown,0,2,0,0,2,0,4100,1,2,,POINT (-90.704115458347 42.032924712338)
2014808562,20140020868,07/21/2014,07-July,2-Monday,14:37,1400 Hours,District 1 (Central),DES MOINES,POLK,,SW 3RD ST & W MLK JR PKWY,Collision with:  Vehicle in traffic,On Roadway,Rear-end (front to rear),Unknown,None Indicated,,Daylight,Dry,Clear,None apparent,Non-intersection:  Non-junction/no special feature,Paved,,Possible/Unknown,0,1,0,0,1,0,3500,2,2,,POINT (-93.619297645289 41.582206927618)
2014808543,14015194,07/21/2014,07-July,2-Monday,14:29,1400 Hours,District 6 (East Central),MARION,LINN,,GRAND AVE,Collision with:  Vehicle in traffic,On Roadway,Rear-end (front to rear),Driver Distraction:  Passenger,None Indicated,,Daylight,Dry,Clear,None apparent,Non-intersection:  Driveway access (within),Paved,,Property Damage Only,0,0,0,0,0,0,3500,2,5,,POINT (-91.594680500493 42.020548943464)
2014810274,14073361,07/21/2014,07-July,2-Monday,18:31,1800 Hours,District 2 (Northeast),CEDAR FALLS,BLACK HAWK,IA 27,IA 27/SPECIAL CASE/SE RAMP & 18TH ST,Collision with:  Vehicle in traffic,On Roadway,Broadside (front to side),Ran Traffic Signal,None Indicated,,Daylight,Dry,Clear,None apparent,Intersection:  Intersection with ramp,Paved,,Property Damage Only,0,0,0,0,0,0,5500,2,3,,POINT (-92.441364992498 42.521791777837)
2014808539,N14000365,07/21/2014,07-July,2-Monday,16:00,1600 Hours,District 6 (East Central),NORTH LIBERTY,JOHNSON,,CHERRY ST & N DUBUQUE ST,Collision with:  Vehicle in traffic,On Roadway,Broadside (front to side),FTYROW:  From parked position,None Indicated,,Daylight,Dry,Clear,None apparent,Intersection:  Four-way intersection,Paved,,Property Damage Only,0,0,0,0,0,0,2000,2,2,,POINT (-91.597178434912 41.748518610005)
2014808808,201402527,07/21/2014,07-July,2-Monday,22:15,2200 Hours,District 6 (East Central),,LINN,I-380,I-380,Collision with:  Animal,,,Animal,None Indicated,,,,,,,Paved,,Property Damage Only,0,0,0,0,0,0,2000,1,1,,POINT (-91.740458971019 42.142493714319)
2014812149,14006557,07/21/2014,07-July,2-Monday,18:15,1800 Hours,District 6 (East Central),INDEPENDENCE,BUCHANAN,,7TH ST NE & 8TH AVE NE,Collision with:  Parked motor vehicle,Roadside,"Sideswipe, same direction",Driver Distraction:  Manual operation of an electronic communication device,None Indicated,,Daylight,Dry,Clear,None apparent,Non-intersection:  Non-junction/no special feature,Paved,,Property Damage Only,0,0,0,0,0,0,1500,2,1,,POINT (-91.884465298085 42.475135620505)
2014808501,2014-3409,07/21/2014,07-July,2-Monday,09:15,0900 Hours,District 4 (Southwest),WAUKEE,DALLAS,,,Collision with:  Parked motor vehicle,On Roadway,Unknown,Unknown,None Indicated,,Daylight,Dry,Clear,None apparent,Non-intersection:  Non-junction/no special feature,,,Property Damage Only,0,0,0,0,0,0,2500,2,1,,POINT (-96.643700149993 40.233091251414)
2014808606,14-23514,07/21/2014,07-July,2-Monday,14:40,1400 Hours,District 3 (Northwest),SIOUX CITY,WOODBURY,,REBECCA ST,Collision with:  Vehicle in traffic,On Roadway,Broadside (front to side),FTYROW:  Other (explain in narrative),None Indicated,,Daylight,Dry,Cloudy,None apparent,Non-intersection:  Alley,Paved,,Possible/Unknown,0,1,0,0,1,0,3000,2,3,,POINT (-96.425362797685 42.498814003647)
2014808987,2014-50411,07/21/2014,07-July,2-Monday,08:55,0800 Hours,District 6 (East Central),DAVENPORT,SCOTT,,W 31ST ST & FAIRMOUNT ST,Collision with:  Vehicle in traffic,On Roadway,Rear-end (front to rear),Followed too close,None Indicated,,Daylight,Dry,Clear,None apparent,Non-intersection:  Driveway access (within),Paved,,Property Damage Only,0,0,0,0,0,0,5000,2,3,,POINT (-90.629597710279 41.550320135119)
2014808988,2014-50412,07/21/2014,07-July,2-Monday,08:57,0800 Hours,District 6 (East Central),DAVENPORT,SCOTT,,IA 461/WELCOME WAY,Collision with:  Vehicle in traffic,On Roadway,"Sideswipe, same direction",FTYROW:  Other (explain in narrative),None Indicated,,Daylight,Dry,Clear,None apparent,Non-intersection:  Non-junction/no special feature,Paved,,Property Damage Only,0,0,0,0,0,0,3000,2,3,,POINT (-90.570842195087 41.5604412977)
2014808604,14-23493,07/21/2014,07-July,2-Monday,11:20,1100 Hours,District 3 (Northwest),SIOUX CITY,WOODBURY,,6TH ST & IOWA ST,Collision with:  Vehicle in traffic,On Roadway,"Sideswipe, same direction",FTYROW:  Making left turn,None Indicated,,Daylight,Dry,Clear,None apparent,Intersection:  T-intersection,Paved,,Property Damage Only,0,0,0,0,0,0,3000,2,2,,POINT (-96.395007640799 42.496431652758)
2014812787,14-017321,07/21/2014,07-July,2-Monday,16:44,1600 Hours,District 2 (Northeast),,WORTH,,Co Rd S18/DOGWOOD AVE,Collision with fixed object:  Traffic sign support,On Roadway,Non-collision (single vehicle),Crossed centerline (undivided),None Indicated,,Daylight,Dry,Clear,None apparent,Non-intersection:  Non-junction/no special feature,Paved,,Property Damage Only,0,0,0,0,0,0,1750,1,1,,POINT (-93.438388286771 43.336014173583)
2014810322,2014042463,07/21/2014,07-July,2-Monday,18:15,1800 Hours,District 1 (Central),,POLK,I-35,I-35,Collision with:  Vehicle in traffic,On Roadway,Rear-end (front to rear),Followed too close,None Indicated,,Daylight,Dry,Cloudy,None apparent,Non-intersection:  Non-junction/no special feature,Paved,,Property Damage Only,0,0,0,0,0,0,4000,2,2,,POINT (-93.662812593619 41.650563131541)
2014808817,201410539,07/21/2014,07-July,2-Monday,20:55,2000 Hours,District 6 (East Central),CEDAR RAPIDS,LINN,,16TH ST SE,Non-collision events:  Other non-collision (explain in narrative),On Roadway,Non-collision (single vehicle),FTYROW:  Other (explain in narrative),None Indicated,,Dusk,Dry,Clear,None apparent,Non-intersection:  Alley,Paved,,Possible/Unknown,0,1,0,0,1,0,2000,1,3,,POINT (-91.647861774166 41.984018438053)
2014808593,201400035287,07/21/2014,07-July,2-Monday,06:36,0600 Hours,District 5 (Southeast),OTTUMWA,WAPELLO,US 34,US 34 & IA 149/IOWA 149 & WAPELLO ST,Collision with:  Vehicle in traffic,On Roadway,Rear-end (front to rear),Followed too close,None Indicated,,Daylight,Dry,Clear,None apparent,Non-intersection:  Non-junction/no special feature,Paved,,Property Damage Only,0,0,0,0,0,0,2000,2,2,,POINT (-92.423303350456 41.015258015914)
2014808540,201410498,07/21/2014,07-July,2-Monday,09:57,0900 Hours,District 6 (East Central),CEDAR RAPIDS,LINN,,EDGEWOOD RD SW & 60TH AVE SW,Collision with:  Vehicle in traffic,On Roadway,"Sideswipe, same direction",Unknown,None Indicated,,Daylight,Dry,Clear,None apparent,Non-intersection:  Driveway access (within),Paved,,Property Damage Only,0,0,0,0,0,0,7000,2,2,,POINT (-91.715534012705 41.920318158573)
2014808563,20140020873,07/21/2014,07-July,2-Monday,15:48,1500 Hours,District 1 (Central),DES MOINES,POLK,,UNIVERSITY AVE & 22ND ST,Collision with:  Non-motorist (see non-motorist section - NOT a unit),On Roadway,Non-collision (single vehicle),FTYROW:  To pedestrian,None Indicated,,Daylight,Dry,Clear,None apparent,Non-intersection:  Non-junction/no special feature,Paved,,Minor Injury,0,1,0,1,0,0,100,1,1,,POINT (-93.646747440318 41.600421560298)
2014808815,201410491,07/21/2014,07-July,2-Monday,08:12,0800 Hours,District 6 (East Central),CEDAR RAPIDS,LINN,,42ND ST NE & EDGEWOOD RD NE,Collision with:  Vehicle in traffic,On Roadway,Rear-end (front to rear),Lost Control,None Indicated,,Daylight,Dry,Clear,None apparent,Intersection:  Four-way intersection,Paved,,Property Damage Only,0,0,0,0,0,0,13000,2,2,,POINT (-91.702284805338 42.021780103771)
2014808759,W14-073331,07/21/2014,07-July,2-Monday,16:30,1600 Hours,District 2 (Northeast),WATERLOO,BLACK HAWK,,LAFAYETTE ST & E 5TH ST,Collision with:  Vehicle in traffic,On Roadway,"Sideswipe, same direction",Unknown,None Indicated,,Daylight,Dry,Clear,None apparent,Intersection:  Four-way intersection,Paved,,Property Damage Only,0,0,0,0,0,0,3000,2,4,,POINT (-92.334002510691 42.498334357831)
2014808879,14-008709,07/21/2014,07-July,2-Monday,04:56,0400 Hours,District 1 (Central),,TAMA,US 30,US 30,Collision with:  Animal,,,Animal,None Indicated,,,,,,,Paved,,Property Damage Only,0,0,0,0,0,0,1500,1,1,,POINT (-92.745741959065 42.006228210871)
2014808773,14-7554,07/21/2014,07-July,2-Monday,20:45,2000 Hours,District 3 (Northwest),CARROLL,CARROLL,,,Collision with fixed object:  Utility pole/light support,On Roadway,Non-collision (single vehicle),Lost Control,None Indicated,,Dusk,Dry,Cloudy,None apparent,Non-intersection:  Non-junction/no special feature,,,Property Damage Only,0,0,0,0,0,0,8000,1,1,,POINT (-96.643700149993 40.233091251414)
2014808983,14-13905,07/21/2014,07-July,2-Monday,22:35,2200 Hours,District 6 (East Central),BETTENDORF,SCOTT,I-74,I-74 & MIDDLE RD,Collision with:  Vehicle in traffic,On Roadway,Broadside (front to side),Ran Traffic Signal,None Indicated,,Dark - roadway lighted,Dry,Clear,None apparent,Interchange-related:  Off-ramp,Paved,,Minor Injury,0,1,0,1,0,0,8000,2,3,,POINT (-90.517176841114 41.541461815282)
2014808816,201410522,07/21/2014,07-July,2-Monday,15:07,1500 Hours,District 6 (East Central),CEDAR RAPIDS,LINN,IA 922,IA 922/1ST AVE W & 3RD AVE SW CONN,Collision with:  Vehicle in traffic,On Roadway,Rear-end (front to rear),Driver Distraction:  Reaching for object(s)/fallen object(s),None Indicated,,Daylight,Dry,Clear,None apparent,Intersection:  T-intersection,Paved,,Property Damage Only,0,0,0,0,0,0,5000,2,2,,POINT (-91.688286970805 41.971166994504)
2014808694,20140021013,07/22/2014,07-July,3-Tuesday,16:35,1600 Hours,District 1 (Central),DES MOINES,POLK,US 6,US 6/E EUCLID AVE,Collision with:  Vehicle in traffic,On Roadway,Broadside (front to side),FTYROW:  Making left turn,None Indicated,,Daylight,Dry,Clear,None apparent,Non-intersection:  Driveway access (within),Paved,,Property Damage Only,0,0,0,0,0,0,6500,2,2,,POINT (-93.584114844262 41.627769492864)
2014808654,072214-191,07/22/2014,07-July,3-Tuesday,20:14,2000 Hours,District 3 (Northwest),STORM LAKE,BUENA VISTA,IA 7,IA 7/W MILWAUKEE AVE & NORTHWESTERN DR,Collision with:  Vehicle in traffic,On Roadway,Rear-end (front to rear),Followed too close,None Indicated,,Dusk,Dry,Clear,None apparent,Non-intersection:  Non-junction/no special feature,Paved,,Minor Injury,0,1,0,1,0,0,2000,2,4,,POINT (-95.220460605296 42.648890055783)
2014809368,201407869,07/22/2014,07-July,3-Tuesday,22:55,2200 Hours,District 6 (East Central),IOWA CITY,JOHNSON,US 6,US 6 & S 1ST AVE,Collision with:  Vehicle in traffic,On Roadway,Rear-end (front to rear),Followed too close,None Indicated,,Dark - roadway lighted,Dry,Clear,None apparent,Non-intersection:  Non-junction/no special feature,Paved,,Property Damage Only,0,0,0,0,0,0,6000,3,8,,POINT (-91.507436598767 41.640774297233)