Iowa DOT Case Number,Law Enforcement Case Number,Date of Crash,Month of Crash,Day of Week,Time of Crash,Hour,DOT District,City Name,County Name,Route with System,Location Description,First Harmful Event,Location of First Harmful Event,Manner of Crash/Collision,Major Cause,Drug or Alcohol ,Environmental Conditions,Light Conditions,Surface Conditions,Weather Conditions,Roadway Contribution,Roadway Type,Roadway Surface,Work Zone,Crash Severity,Number of Fatalities,Number of Injuries,Number of Major Injuries,Number of Minor Injuries,Number of Possible Injuries,Number of Unknown Injuries,Amount of Property Damage,Number of Vehicles Involved,Total Number of Occupants,Travel Direction,Location
2014809955,14-5382PD,07/22/2014,07-July,3-Tuesday,09:27,0900 Hours,District 1 (Central),BOONE,BOONE,,MARION ST,Collision with:  Vehicle in traffic,On Roadway,Head-on (front to front),Other (explain in narrative):  Vision obstructed,None Indicated,,Daylight,Dry,Cloudy,None apparent,Non-intersection:  Railroad grade crossing,Paved,,Property Damage Only,0,0,0,0,0,0,2500,2,4,,POINT (-93.902995028851 42.06505784449)
2014809475,,07/22/2014,07-July,3-Tuesday,09:40,0900 Hours,District 4 (Southwest),,ADAIR,I-80,I-80,Collision with:  Vehicle in traffic,On Roadway,"Sideswipe, same direction",Unknown,None Indicated,,Daylight,Dry,Clear,,Non-intersection:  Non-junction/no special feature,Paved,,Property Damage Only,0,0,0,0,0,0,1500,2,2,,POINT (-94.419136830328 41.495934984764)
2014808697,20140021022,07/22/2014,07-July,3-Tuesday,17:20,1700 Hours,District 1 (Central),DES MOINES,POLK,,CENTER ST & 31ST ST,Collision with:  Vehicle in traffic,On Roadway,Broadside (front to side),FTYROW:  From stop sign,None Indicated,,Daylight,Dry,Cloudy,None apparent,Intersection:  Four-way intersection,Paved,,Minor Injury,0,2,0,2,0,0,28000,3,4,,POINT (-93.659366263828 41.591675914755)
2014810023,14-18846,07/22/2014,07-July,3-Tuesday,12:20,1200 Hours,District 1 (Central),NEWTON,JASPER,,S 8TH AVE E & E 12TH ST S,Collision with:  Vehicle in traffic,On Roadway,Broadside (front to side),FTYROW:  From stop sign,None Indicated,,Daylight,Dry,Cloudy,None apparent,Intersection:  Four-way intersection,Paved,,Property Damage Only,0,0,0,0,0,0,3500,2,2,,POINT (-93.038634943417 41.692747785088)
2014809178,14-003134,07/22/2014,07-July,3-Tuesday,08:50,0800 Hours,District 1 (Central),ANKENY,POLK,,SW 3RD ST & SW ORDNANCE RD,Collision with:  Vehicle in traffic,On Roadway,Broadside (front to side),Ran Stop Sign,None Indicated,,Daylight,Dry,Clear,None apparent,Intersection:  Four-way intersection,Paved,,Possible/Unknown,0,1,0,0,1,0,6500,2,3,,POINT (-93.612282858373 41.729637469853)
2014808569,20140020971,07/22/2014,07-July,3-Tuesday,03:00,0300 Hours,District 1 (Central),DES MOINES,POLK,,E 29TH ST,Collision with:  Parked motor vehicle,Shoulder,"Sideswipe, opposite direction",Unknown,None Indicated,,Dark - roadway lighted,Dry,Unknown,None apparent,Non-intersection:  Non-junction/no special feature,Paved,,Property Damage Only,0,0,0,0,0,0,1600,2,777,,POINT (-93.561136866446 41.591701912249)
2014809369,201400002543,07/22/2014,07-July,3-Tuesday,23:12,2300 Hours,District 6 (East Central),CENTRAL CITY,LINN,,BROADWAY ST & 1ST ST S,Non-collision events:  Other non-collision (explain in narrative),On Roadway,Non-collision (single vehicle),"Operating vehicle in an reckless, erratic, careless, negligent manner",Alcohol (Statutory),,Dark - roadway lighted,Dry,Clear,None apparent,Non-intersection:  Non-junction/no special feature,Paved,,Property Damage Only,0,0,0,0,0,0,5000,1,2,,POINT (-91.528541468033 42.200357133073)
2014808492,W14-073508,07/22/2014,07-July,3-Tuesday,08:46,0800 Hours,District 2 (Northeast),WATERLOO,BLACK HAWK,,LA PORTE RD,Collision with:  Vehicle in traffic,On Roadway,"Sideswipe, same direction",Improper or erratic lane changing,None Indicated,,Daylight,Dry,Cloudy,None apparent,Intersection:  Four-way intersection,Paved,,Property Damage Only,0,0,0,0,0,0,1660,2,3,,POINT (-92.32176817587 42.46823710541)
2014808698,20140020955,07/22/2014,07-July,3-Tuesday,09:00,0900 Hours,District 1 (Central),DES MOINES,POLK,,E WASHINGTON AVE & E 32ND ST,Collision with:  Vehicle in traffic,On Roadway,"Sideswipe, same direction",Traveling wrong way or on wrong side of road,None Indicated,,Daylight,Dry,Clear,None apparent,Intersection:  T-intersection,Paved,,Property Damage Only,0,0,0,0,0,0,1700,2,2,,POINT (-93.554723597687 41.60779295499)
2014808524,SO1402947,07/22/2014,07-July,3-Tuesday,10:01,1000 Hours,District 5 (Southeast),,JEFFERSON,,Co Rd H17/125TH ST & BUTTERNUT AVE,Non-collision events:  Overturn/rollover,Shoulder,Non-collision (single vehicle),Ran off road - left,None Indicated,,Daylight,Dry,Cloudy,None apparent,Intersection:  Four-way intersection,Paved,,Property Damage Only,0,0,0,0,0,0,2250,1,1,,POINT (-92.154412999052 41.126847492287)
2014814268,,07/22/2014,07-July,3-Tuesday,16:03,1600 Hours,District 2 (Northeast),DECORAH,WINNESHIEK,,FRANKLIN ST & S MECHANIC ST,Collision with:  Parked motor vehicle,On Roadway,"Sideswipe, same direction",Improper Backing,None Indicated,,Daylight,Dry,Clear,None apparent,Non-intersection:  Non-junction/no special feature,Paved,,Property Damage Only,0,0,0,0,0,0,1500,2,1,,POINT (-91.790968709654 43.300496926232)
2014811737,14-062,07/22/2014,07-July,3-Tuesday,16:02,1600 Hours,District 3 (Northwest),SIOUX CENTER,SIOUX,US 75,US 75/MAIN AVE,Collision with:  Vehicle in traffic,On Roadway,"Sideswipe, same direction",Other (explain in narrative):  Other,None Indicated,,Daylight,Dry,Cloudy,None apparent,Non-intersection:  Non-junction/no special feature,Paved,,Property Damage Only,0,0,0,0,0,0,3300,2,3,,POINT (-96.175333369558 43.061275084382)
2014808560,20140020935,07/22/2014,07-July,3-Tuesday,02:35,0200 Hours,District 1 (Central),DES MOINES,POLK,US 6,US 6/E EUCLID AVE,Collision with fixed object:  Utility pole/light support,On Roadway,Non-collision (single vehicle),Unknown,None Indicated,,Dark - roadway lighted,Dry,Clear,None apparent,Non-intersection:  Non-junction/no special feature,Paved,,Property Damage Only,0,0,0,0,0,0,6000,1,1,,POINT (-93.586059636553 41.627768601069)
2014809609,2014042528,07/22/2014,07-July,3-Tuesday,07:55,0700 Hours,District 6 (East Central),,BENTON,I-380,I-380,Collision with:  Animal,,,Animal,None Indicated,,,,,,,Paved,,Property Damage Only,0,0,0,0,0,0,4000,1,1,,POINT (-91.839582476111 42.210689433732)
2014808818,201410555,07/22/2014,07-July,3-Tuesday,08:40,0800 Hours,District 6 (East Central),CEDAR RAPIDS,LINN,IA 100,IA 100/COLLINS RD NE,Collision with:  Vehicle in traffic,On Roadway,Broadside (front to side),FTYROW:  From driveway,None Indicated,,Daylight,Dry,Clear,None apparent,Non-intersection:  Driveway access (within),Paved,,Property Damage Only,0,0,0,0,0,0,9000,2,2,,POINT (-91.645293445045 42.0282725772)
2014808706,14-3483,07/22/2014,07-July,3-Tuesday,15:30,1500 Hours,District 1 (Central),WEST DES MOINES,POLK,,GRAND AVE,Collision with:  Vehicle in traffic,On Roadway,Rear-end (front to rear),Followed too close,None Indicated,,Daylight,Dry,Clear,None apparent,Non-intersection:  Non-junction/no special feature,Paved,,Property Damage Only,0,0,0,0,0,0,4500,3,3,,POINT (-93.705125739313 41.582694372406)
2014809625,2014042626,07/22/2014,07-July,3-Tuesday,15:59,1500 Hours,District 6 (East Central),CORALVILLE,JOHNSON,I-80,I-80,Collision with:  Vehicle in traffic,On Roadway,"Sideswipe, same direction",Improper or erratic lane changing,None Indicated,,Daylight,Dry,Cloudy,None apparent,Non-intersection:  Non-junction/no special feature,Paved,,Property Damage Only,0,0,0,0,0,0,10000,2,2,,POINT (-91.585341110059 41.690000442484)
2014810275,201400035534,07/22/2014,07-July,3-Tuesday,14:50,1400 Hours,District 5 (Southeast),OTTUMWA,WAPELLO,IA 149,IA 149/IOWA 149 & N COURT RD CONNECTOR,Collision with:  Vehicle in traffic,On Roadway,Broadside (front to side),FTYROW:  From stop sign,None Indicated,,Daylight,Dry,Clear,None apparent,Unknown,Paved,,Possible/Unknown,0,1,0,0,1,0,4000,2,5,,POINT (-92.409872062621 41.063662675281)
2014809915,14-463,07/22/2014,07-July,3-Tuesday,14:32,1400 Hours,District 5 (Southeast),,WAYNE,,Co Rd J22/J22,Non-collision events:  Overturn/rollover,Roadside,Non-collision (single vehicle),Ran off road - right,None Indicated,,Daylight,Dry,Clear,None apparent,Non-intersection:  Non-junction/no special feature,Paved,,Property Damage Only,0,0,0,0,0,0,7000,1,1,,POINT (-93.403607300351 40.847790833869)
2014808682,14-003140,07/22/2014,07-July,3-Tuesday,17:42,1700 Hours,District 1 (Central),ANKENY,POLK,,NW 18TH ST,Collision with:  Vehicle in traffic,On Roadway,Rear-end (front to rear),Other (explain in narrative):  Other,None Indicated,,Daylight,Dry,Clear,None apparent,Non-intersection:  Non-junction/no special feature,Paved,,Possible/Unknown,0,2,0,0,2,0,9000,2,3,,POINT (-93.603662045583 41.746364088152)
2014809106,14-060722-01,07/22/2014,07-July,3-Tuesday,15:15,1500 Hours,District 6 (East Central),,IOWA,IA 220,IA 220/220TH TRL & Co Rd W22/27TH AVE,Collision with:  Vehicle in traffic,On Roadway,Rear-end (front to rear),Followed too close,None Indicated,,Daylight,Dry,Cloudy,None apparent,Intersection:  T-intersection,Paved,,Property Damage Only,0,0,0,0,0,0,2500,2,3,,POINT (-91.900965171507 41.794041490646)
2014808883,2014-15606,07/22/2014,07-July,3-Tuesday,09:02,0900 Hours,District 5 (Southeast),,WARREN,I-35,I-35,Collision with fixed object:  Culvert/pipe opening,Roadside,Unknown,Swerving/Evasive Action,None Indicated,,Daylight,Dry,Clear,None apparent,Interchange-related:  Off-ramp,Paved,,Minor Injury,0,1,0,1,0,0,5000,2,2,,POINT (-93.7828770715 41.362870233752)
2014808696,20140021017,07/22/2014,07-July,3-Tuesday,16:59,1600 Hours,District 1 (Central),DES MOINES,POLK,,UNIVERSITY AVE & 41ST ST,Collision with:  Vehicle in traffic,On Roadway,"Angle, oncoming left turn",FTYROW:  Making left turn,None Indicated,,Daylight,Dry,Cloudy,None apparent,Intersection:  T-intersection,Paved,,Property Damage Only,0,0,0,0,0,0,4000,2,2,,POINT (-93.6728943037 41.600343552071)
2014808660,1-14-32366,07/22/2014,07-July,3-Tuesday,13:45,1300 Hours,District 6 (East Central),DUBUQUE,DUBUQUE,,COATES ST & FREMONT AVE,Collision with:  Parked motor vehicle,On Roadway,"Sideswipe, same direction",Lost Control,None Indicated,,Daylight,Dry,Cloudy,None apparent,Intersection:  T-intersection,Paved,,Property Damage Only,0,0,0,0,0,0,12000,2,1,,POINT (-90.690501823581 42.488134007434)
2014808671,2014007866,07/22/2014,07-July,3-Tuesday,21:48,2100 Hours,District 6 (East Central),IOWA CITY,JOHNSON,I-80,I-80,Collision with fixed object:  Ditch,On Roadway,Non-collision (single vehicle),Swerving/Evasive Action,None Indicated,,Dark - roadway lighted,Dry,Clear,None apparent,Non-intersection:  Non-junction/no special feature,Paved,,Property Damage Only,0,0,0,0,0,0,5000,1,1,,POINT (-91.545334068652 41.685970254407)
2014808656,14010718,07/22/2014,07-July,3-Tuesday,21:19,2100 Hours,District 6 (East Central),,CEDAR,US 30,US 30,Collision with:  Animal,,Non-collision (single vehicle),Animal,None Indicated,,,,,,,Paved,,Property Damage Only,0,0,0,0,0,0,8000,1,1,,POINT (-91.200070863116 41.888716254355)
2014810325,2014043516,07/22/2014,07-July,3-Tuesday,04:37,0400 Hours,District 4 (Southwest),WEST DES MOINES,DALLAS,I-80,I-80,Unknown,Median,Non-collision (single vehicle),Ran off road - left,None Indicated,,Dark - roadway not lighted,Dry,Cloudy,None apparent,Non-intersection:  Non-junction/no special feature,Paved,,Property Damage Only,0,0,0,0,0,0,7000,1,1,,POINT (-93.843493800133 41.574403596832)
2014808810,201402539,07/22/2014,07-July,3-Tuesday,16:35,1600 Hours,District 6 (East Central),,LINN,I-380,I-380 & Co Rd W36/LEWIS ACCESS RD,Collision with:  Other non-fixed object (explain in narrative),On Roadway,Non-collision (single vehicle),Equipment failure,None Indicated,,Daylight,Dry,Cloudy,None apparent,Intersection:  Intersection with ramp,Paved,,Property Damage Only,0,0,0,0,0,0,4500,2,2,,POINT (-91.778106497747 42.171441566707)
2014809020,2014-15631,07/22/2014,07-July,3-Tuesday,13:40,1300 Hours,District 5 (Southeast),INDIANOLA,WARREN,,N BUXTON ST & W ASHLAND AVE,Collision with:  Vehicle in traffic,On Roadway,Broadside (front to side),FTYROW:  From stop sign,None Indicated,,Daylight,Dry,Clear,None apparent,Intersection:  Four-way intersection,Paved,,Property Damage Only,0,0,0,0,0,0,4000,2,4,,POINT (-93.562297997071 41.361358059809)
2014808503,01-14-32360,07/22/2014,07-July,3-Tuesday,13:06,1300 Hours,District 6 (East Central),DUBUQUE,DUBUQUE,,JOHN F KENNEDY RD,Collision with:  Vehicle in traffic,On Roadway,"Sideswipe, same direction",Improper or erratic lane changing,None Indicated,,Daylight,Dry,Cloudy,None apparent,Non-intersection:  Non-junction/no special feature,Paved,,Minor Injury,0,1,0,1,0,0,900,2,2,,POINT (-90.720505350108 42.510932920732)
2014808887,2014-0279,07/22/2014,07-July,3-Tuesday,18:34,1800 Hours,District 5 (Southeast),NORWALK,WARREN,IA 28,IA 28/IOWA 28 & BEARDSLEY ST,Collision with:  Vehicle in traffic,On Roadway,"Angle, oncoming left turn",FTYROW:  Other (explain in narrative),Alcohol (< Statutory),,Daylight,Dry,Clear,None apparent,Intersection:  Four-way intersection,Paved,,Property Damage Only,0,0,0,0,0,0,2000,2,2,,POINT (-93.674147745204 41.496995437597)
2014808661,01-14-32397,07/22/2014,07-July,3-Tuesday,18:45,1800 Hours,District 6 (East Central),DUBUQUE,DUBUQUE,,W 3RD ST & MAIN ST,Non-collision events:  Other non-collision (explain in narrative),Roadside,Non-collision (single vehicle),Made improper turn,None Indicated,,Daylight,Dry,Clear,None apparent,Non-intersection:  Non-junction/no special feature,Paved,,Property Damage Only,0,0,0,0,0,0,2000,1,1,,POINT (-90.664968991372 42.496792709533)
2014808668,2014007857,07/22/2014,07-July,3-Tuesday,16:08,1600 Hours,District 6 (East Central),IOWA CITY,JOHNSON,,MELROSE AVE & EMERALD ST & FINKBINE COMMUTER DR,Collision with:  Vehicle in traffic,On Roadway,Rear-end (front to rear),Followed too close,None Indicated,,Daylight,Dry,Clear,None apparent,Non-intersection:  Non-junction/no special feature,Paved,,Property Damage Only,0,0,0,0,0,0,3000,2,2,,POINT (-91.564545437994 41.655750683372)
2014809021,14-2243,07/22/2014,07-July,3-Tuesday,10:50,1000 Hours,District 1 (Central),FORT DODGE,WEBSTER,,7TH AVE N,Collision with:  Parked motor vehicle,On Roadway,Broadside (front to side),Unknown,None Indicated,,Daylight,Dry,Clear,None apparent,Non-intersection:  Alley,Paved,,Property Damage Only,0,0,0,0,0,0,2400,2,5,,POINT (-94.190233852121 42.511892969639)
2014809876,SO14-0902,07/22/2014,07-July,3-Tuesday,07:00,0700 Hours,District 2 (Northeast),,WRIGHT,,220TH ST & WASHINGTON AVE,Collision with:  Vehicle in traffic,On Roadway,Broadside (front to side),Ran Stop Sign,None Indicated,,Daylight,Dry,Cloudy,None apparent,Intersection:  Four-way intersection,Unpaved,,Property Damage Only,0,0,0,0,0,0,9500,2,2,,POINT (-93.538254992038 42.731324625615)
2014808880,14-008793,07/22/2014,07-July,3-Tuesday,21:09,2100 Hours,District 1 (Central),,TAMA,,Co Rd T47/HWY T47,Collision with:  Animal,,,Animal,None Indicated,,,,,,,Paved,,Property Damage Only,0,0,0,0,0,0,3500,1,1,,POINT (-92.708495111991 42.09978099888)
2014808596,14-2218,07/22/2014,07-July,3-Tuesday,13:25,1300 Hours,District 1 (Central),FORT DODGE,WEBSTER,,5TH AVE S,Collision with:  Vehicle in traffic,On Roadway,Rear-end (front to rear),Driver Distraction:  Inattentive/lost in thought,None Indicated,,Daylight,Dry,Cloudy,None apparent,Non-intersection:  Non-junction/no special feature,Paved,,Possible/Unknown,0,1,0,0,0,1,10500,2,2,,POINT (-94.142019103974 42.501234560777)
2014808998,2014-50729,07/22/2014,07-July,3-Tuesday,10:22,1000 Hours,District 6 (East Central),DAVENPORT,SCOTT,,IA 461/BRADY ST & W 5TH ST & E 5TH ST,Collision with:  Vehicle in traffic,On Roadway,Broadside (front to side),FTYROW:  From stop sign,None Indicated,,Daylight,Dry,Clear,None apparent,Intersection:  Four-way intersection,Paved,,Possible/Unknown,0,1,0,0,1,0,3000,2,5,,POINT (-90.574051865064 41.524645607629)
2014811832,,07/22/2014,07-July,3-Tuesday,11:00,1100 Hours,District 6 (East Central),MAQUOKETA,JACKSON,US 61,US 61/NE RAMP/SE RAMP & IA 64/W PLATT ST,Collision with:  Vehicle in traffic,On Roadway,"Angle, oncoming left turn",FTYROW:  Other (explain in narrative),None Indicated,,Daylight,Dry,Clear,,,Paved,,Possible/Unknown,0,1,0,0,1,0,7000,2,2,,POINT (-90.682078317771 42.068892090703)
2014808819,201410598,07/23/2014,07-July,4-Wednesday,06:53,0600 Hours,District 6 (East Central),CEDAR RAPIDS,LINN,I-380,I-380 & 3RD AVE SW,Collision with:  Vehicle in traffic,On Roadway,Head-on (front to front),Other (explain in narrative):  Other,None Indicated,,Daylight,Dry,Clear,None apparent,Non-intersection:  Non-junction/no special feature,Paved,,Possible/Unknown,0,6,0,0,6,0,208187,7,7,,POINT (-91.675314582032 41.973413737706)
2014808844,20140021124,07/23/2014,07-July,4-Wednesday,17:06,1700 Hours,District 1 (Central),DES MOINES,POLK,,BELL AVE & FLEUR DR,Collision with:  Vehicle in traffic,On Roadway,Broadside (front to side),FTYROW:  Making left turn,None Indicated,,Daylight,Dry,Clear,None apparent,Intersection:  Four-way intersection,Paved,,Property Damage Only,0,0,0,0,0,0,14000,2,2,,POINT (-93.645028402384 41.56274485456)
2014808861,14-13990,07/23/2014,07-July,4-Wednesday,06:50,0600 Hours,District 6 (East Central),BETTENDORF,SCOTT,US 67,US 67/STATE ST,Collision with:  Vehicle in traffic,On Roadway,Rear-end (front to rear),Other (explain in narrative):  No improper action,None Indicated,,Daylight,Dry,Clear,None apparent,Non-intersection:  Non-junction/no special feature,Paved,,Minor Injury,0,1,0,1,0,0,2000,2,3,,POINT (-90.442087282781 41.555116715555)
2014808651,W14-073815,07/23/2014,07-July,4-Wednesday,06:40,0600 Hours,District 2 (Northeast),WATERLOO,BLACK HAWK,,W 1ST ST,Collision with:  Parked motor vehicle,On Roadway,"Sideswipe, same direction",Unknown,None Indicated,,Unknown,Dry,Clear,None apparent,Non-intersection:  Other non-intersection (explain in narrative),Paved,,Property Damage Only,0,0,0,0,0,0,3000,2,1,,POINT (-92.35045510852 42.492583999915)
2014809932,14-000849,07/23/2014,07-July,4-Wednesday,16:45,1600 Hours,District 1 (Central),JOHNSTON,POLK,,NW 86TH ST,Collision with:  Vehicle in traffic,On Roadway,Broadside (front to side),FTYROW:  From stop sign,None Indicated,,Daylight,Dry,Clear,None apparent,Intersection:  Four-way intersection,Paved,,Property Damage Only,0,0,0,0,0,0,2000,2,3,,POINT (-93.736422446163 41.659509515532)
2014809049,,07/23/2014,07-July,4-Wednesday,21:15,2100 Hours,District 1 (Central),,HARDIN,,Co Rd S56/CO HWY S56,Collision with:  Animal,On Roadway,Non-collision (single vehicle),Animal,None Indicated,,Dark - roadway not lighted,Dry,Clear,,Non-intersection:  Non-junction/no special feature,Paved,,Property Damage Only,0,0,0,0,0,0,4200,1,2,,POINT (-93.051595567583 42.431983868303)
2014809566,2014-51089,07/23/2014,07-July,4-Wednesday,15:30,1500 Hours,District 6 (East Central),DAVENPORT,SCOTT,US 6,US 6/W KIMBERLY RD/E KIMBERLY RD & IA 461/WELCOME WAY,Collision with:  Vehicle in traffic,On Roadway,Rear-end (front to rear),Followed too close,None Indicated,,Daylight,Dry,Clear,None apparent,Non-intersection:  Non-junction/no special feature,Paved,,Property Damage Only,0,0,0,0,0,0,2000,2,2,,POINT (-90.570930788018 41.560317081912)
2014809664,14012391,07/23/2014,07-July,4-Wednesday,15:57,1500 Hours,District 2 (Northeast),MASON CITY,CERRO GORDO,,1ST ST NW,Collision with fixed object:  Utility pole/light support,On Roadway,Non-collision (single vehicle),Other (explain in narrative):  Other,None Indicated,,Daylight,Dry,Cloudy,None apparent,Non-intersection:  Non-junction/no special feature,Paved,,Property Damage Only,0,0,0,0,0,0,3500,1,1,,POINT (-93.218445989802 43.152769740686)
2014809268,2014-0281,07/23/2014,07-July,4-Wednesday,14:52,1400 Hours,District 1 (Central),NORWALK,POLK,IA 5,IA 5/SE RAMP/SW RAMP & IA 28/IOWA 28,Collision with:  Vehicle in traffic,On Roadway,Rear-end (front to rear),Other (explain in narrative):  Vision obstructed,None Indicated,,Daylight,Dry,Clear,None apparent,Non-intersection:  Non-junction/no special feature,Paved,,Property Damage Only,0,0,0,0,0,0,2500,2,2,,POINT (-93.679894821416 41.512679465849)
2014808774,14010733,07/23/2014,07-July,4-Wednesday,05:15,0500 Hours,District 6 (East Central),,CEDAR,I-80,I-80,Collision with:  Animal,,,Animal,None Indicated,,,,,,,Paved,,Property Damage Only,0,0,0,0,0,0,2000,1,1,,POINT (-91.014630020453 41.633370985101)
2014810042,CL14002559,07/23/2014,07-July,4-Wednesday,13:42,1300 Hours,District 6 (East Central),CLINTON,CLINTON,,4TH AVE S & S 3RD ST,Collision with:  Vehicle in traffic,On Roadway,Unknown,Unknown,None Indicated,,Daylight,Dry,Cloudy,None apparent,Non-intersection:  Non-junction/no special feature,Paved,,Property Damage Only,0,0,0,0,0,0,5500,2,4,,POINT (-90.190752131155 41.842361478764)
2014810043,CL14002572,07/23/2014,07-July,4-Wednesday,21:18,2100 Hours,District 6 (East Central),CLINTON,CLINTON,US 67,US 67/N 2ND ST,Collision with:  Non-motorist (see non-motorist section - NOT a unit),On Roadway,Non-collision (single vehicle),Other (explain in narrative):  No improper action,None Indicated,,Dark - unknown roadway lighting,Dry,Clear,None apparent,Intersection:  Four-way intersection,Paved,,Major Injury,0,1,1,0,0,0,2500,1,2,,POINT (-90.186500034921 41.853640522383)
2014927519,,07/23/2014,07-July,4-Wednesday,18:00,1800 Hours,District 3 (Northwest),SERGEANT BLUFF,WOODBURY,,2ND ST,Collision with:  Parked motor vehicle,On Roadway,"Sideswipe, opposite direction",Improper Backing,None Indicated,,Daylight,Dry,Clear,None apparent,Non-intersection:  Non-junction/no special feature,Paved,,Property Damage Only,0,0,0,0,0,0,2100,2,3,,POINT (-96.363733462552 42.401501315273)
2014808782,14-1142,07/23/2014,07-July,4-Wednesday,16:26,1600 Hours,District 1 (Central),,GREENE,US 30,US 30/220TH,Collision with:  Vehicle in traffic,On Roadway,Rear-end (front to rear),Other (explain in narrative):  Other,None Indicated,,Daylight,Dry,Clear,Work Zone (roadway-related),Non-intersection:  Other non-intersection (explain in narrative),Paved,Yes,Major Injury,0,1,1,0,0,0,18500,2,2,,POINT (-94.344184846286 42.03456565142)
2014808655,14010734,07/23/2014,07-July,4-Wednesday,05:49,0500 Hours,District 6 (East Central),,CEDAR,US 30,US 30,Collision with:  Vehicle in traffic,On Roadway,Head-on (front to front),Crossed centerline (undivided),None Indicated,,Daylight,Dry,Clear,None apparent,Non-intersection:  Non-junction/no special feature,Paved,,Possible/Unknown,0,1,0,0,1,0,20000,2,3,,POINT (-91.315914712118 41.918024565897)
2014810700,140723JD01,07/23/2014,07-July,4-Wednesday,19:00,1900 Hours,District 3 (Northwest),ALTON,SIOUX,IA 10,IA 10/450TH ST,Collision with:  Vehicle in traffic,On Roadway,Rear-end (front to rear),Crossed centerline (undivided),None Indicated,,Daylight,Dry,Clear,None apparent,Non-intersection:  Non-junction/no special feature,Paved,,Minor Injury,0,1,0,1,0,0,700,2,2,,POINT (-96.010018636609 42.997414247187)
2014809372,20140002560,07/23/2014,07-July,4-Wednesday,16:42,1600 Hours,District 6 (East Central),ELY,LINN,,FUHRMEISTER ST,Collision with:  Parked motor vehicle,On Roadway,"Sideswipe, opposite direction","Operating vehicle in an reckless, erratic, careless, negligent manner",None Indicated,,Daylight,Dry,Cloudy,None apparent,Non-intersection:  Non-junction/no special feature,Paved,,Property Damage Only,0,0,0,0,0,0,3500,2,5,,POINT (-91.58735695006 41.875950492595)
2014808958,14-017780,07/23/2014,07-July,4-Wednesday,13:49,1300 Hours,District 5 (Southeast),,MARION,,ILLINOIS DR,Collision with fixed object:  Ditch,On Roadway,Non-collision (single vehicle),Over correcting/over steering,None Indicated,,Daylight,Dry,Clear,None apparent,Non-intersection:  Non-junction/no special feature,Unpaved,,Property Damage Only,0,0,0,0,0,0,1600,1,1,,POINT (-93.129450349668 41.375215629312)
2014808704,14-3498,07/23/2014,07-July,4-Wednesday,11:57,1100 Hours,District 4 (Southwest),WEST DES MOINES,DALLAS,,JORDAN CREEK PKWY,Collision with:  Vehicle in traffic,On Roadway,Rear-end (front to rear),Followed too close,None Indicated,,Daylight,Dry,Clear,None apparent,Intersection:  Four-way intersection,Paved,,Property Damage Only,0,0,0,0,0,0,5500,2,2,,POINT (-93.809038672327 41.590296744405)
2014808707,14-3497,07/23/2014,07-July,4-Wednesday,10:50,1000 Hours,District 1 (Central),WEST DES MOINES,POLK,,ASHWORTH RD & 50TH ST,Collision with:  Vehicle in traffic,On Roadway,Broadside (front to side),Ran Traffic Signal,None Indicated,,Daylight,Dry,Clear,None apparent,Intersection:  Four-way intersection,Paved,,Property Damage Only,0,0,0,0,0,0,3500,2,2,,POINT (-93.770961068937 41.584568595707)
2014808892,S14-7300,07/23/2014,07-July,4-Wednesday,21:24,2100 Hours,District 3 (Northwest),,WOODBURY,IA 141,IA 141/IOWA 141,Collision with:  Animal,,,Animal,None Indicated,,,,,,,Paved,,Property Damage Only,0,0,0,0,0,0,300000,1,1,,POINT (-96.009946558665 42.230039869031)
2014808828,14-4899,07/23/2014,07-July,4-Wednesday,16:48,1600 Hours,District 1 (Central),ALTOONA,POLK,US 6,US 6/FREDERICK M HUBBELL AVE,Collision with:  Vehicle in traffic,On Roadway,Rear-end (front to rear),Followed too close,None Indicated,,Daylight,Dry,Clear,None apparent,Intersection:  Intersection with ramp,Paved,,Possible/Unknown,0,1,0,0,1,0,6800,3,3,,POINT (-93.510955039771 41.64884351204)
2014808787,14-18953,07/23/2014,07-July,4-Wednesday,15:00,1500 Hours,District 1 (Central),,JASPER,I-80,I-80,Collision with:  Other non-fixed object (explain in narrative),On Roadway,Rear-end (front to rear),Followed too close,None Indicated,,Daylight,Dry,Clear,Debris,Non-intersection:  Non-junction/no special feature,Paved,,Property Damage Only,0,0,0,0,0,0,15200,2,2,,POINT (-93.09464150858 41.681078060251)
2014808849,20140021122,07/23/2014,07-July,4-Wednesday,16:51,1600 Hours,District 1 (Central),DES MOINES,POLK,I-235,I-235 & E 6TH ST,Collision with:  Vehicle in traffic,On Roadway,Broadside (front to side),Unknown,None Indicated,,Daylight,Dry,Clear,None apparent,Intersection:  Intersection with ramp,Paved,,Property Damage Only,0,0,0,0,0,0,4500,2,5,,POINT (-93.610884544328 41.594555844666)
2014808851,20140021130,07/23/2014,07-July,4-Wednesday,17:21,1700 Hours,District 1 (Central),DES MOINES,POLK,I-235,I-235,Collision with:  Vehicle in traffic,On Roadway,Rear-end (front to rear),Followed too close,None Indicated,,Daylight,Dry,Clear,None apparent,Non-intersection:  Non-junction/no special feature,Paved,,Property Damage Only,0,0,0,0,0,0,10000,2,2,,POINT (-93.69790427846 41.592763488468)
2014808822,201410629,07/23/2014,07-July,4-Wednesday,14:29,1400 Hours,District 6 (East Central),CEDAR RAPIDS,LINN,,MOUNT VERNON RD SE & FOREST DR SE,Collision with:  Vehicle in traffic,On Roadway,Broadside (front to side),FTYROW:  Making left turn,None Indicated,,Daylight,Dry,Cloudy,None apparent,Intersection:  T-intersection,Paved,,Possible/Unknown,0,1,0,0,1,0,3000,2,2,,POINT (-91.633164935312 41.976963457565)