Iowa DOT Case Number,Law Enforcement Case Number,Date of Crash,Month of Crash,Day of Week,Time of Crash,Hour,DOT District,City Name,County Name,Route with System,Location Description,First Harmful Event,Location of First Harmful Event,Manner of Crash/Collision,Major Cause,Drug or Alcohol ,Environmental Conditions,Light Conditions,Surface Conditions,Weather Conditions,Roadway Contribution,Roadway Type,Roadway Surface,Work Zone,Crash Severity,Number of Fatalities,Number of Injuries,Number of Major Injuries,Number of Minor Injuries,Number of Possible Injuries,Number of Unknown Injuries,Amount of Property Damage,Number of Vehicles Involved,Total Number of Occupants,Travel Direction,Location
2014808689,20140021071,07/23/2014,07-July,4-Wednesday,08:35,0800 Hours,District 1 (Central),DES MOINES,POLK,,FLEUR DR,Collision with:  Vehicle in traffic,On Roadway,"Sideswipe, same direction",Improper or erratic lane changing,None Indicated,,Daylight,Dry,Clear,None apparent,Non-intersection:  Non-junction/no special feature,Paved,,Property Damage Only,0,0,0,0,0,0,3000,2,2,,POINT (-93.645037568119 41.541955949715)
2014808780,01-14-32599,07/23/2014,07-July,4-Wednesday,17:35,1700 Hours,District 6 (East Central),DUBUQUE,DUBUQUE,,JACKSON ST,Collision with:  Vehicle in traffic,On Roadway,Broadside (front to side),Other (explain in narrative):  Other,None Indicated,,Daylight,Dry,Cloudy,None apparent,Non-intersection:  Non-junction/no special feature,Paved,,Property Damage Only,0,0,0,0,0,0,3000,2,5,,POINT (-90.664419689453 42.504354897409)
2014809266,2014-15727,07/23/2014,07-July,4-Wednesday,17:09,1700 Hours,District 5 (Southeast),INDIANOLA,WARREN,US 65,US 65/S JEFFERSON WAY,Non-collision events:  Other non-collision (explain in narrative),On Roadway,Non-collision (single vehicle),Swerving/Evasive Action,None Indicated,,Daylight,Dry,Clear,None apparent,Non-intersection:  Non-junction/no special feature,Paved,,Minor Injury,0,1,0,1,0,0,500,1,1,,POINT (-93.558206800941 41.34149813127)
2014835405,2014-001117,07/23/2014,07-July,4-Wednesday,10:15,1000 Hours,District 6 (East Central),BELLE PLAINE,BENTON,IA 21,IA 21/7TH AVE/13TH ST,Collision with:  Vehicle in traffic,On Roadway,Rear-end (front to rear),Improper Backing,None Indicated,,Daylight,Dry,Clear,None apparent,Intersection:  Four-way intersection,Paved,,Property Damage Only,0,0,0,0,0,0,1700,2,3,,POINT (-92.278226373482 41.897052267023)
2014809662,14012380,07/23/2014,07-July,4-Wednesday,12:54,1200 Hours,District 2 (Northeast),MASON CITY,CERRO GORDO,IA 122,IA 122/4TH ST SW,Collision with:  Vehicle in traffic,On Roadway,"Sideswipe, same direction",FTYROW:  Other (explain in narrative),None Indicated,,Daylight,Dry,Clear,None apparent,Non-intersection:  Non-junction/no special feature,Paved,,Property Damage Only,0,0,0,0,0,0,1750,2,3,,POINT (-93.23092529592 43.148341864326)
2014827941,2014042829,07/23/2014,07-July,4-Wednesday,17:00,1700 Hours,District 1 (Central),DES MOINES,POLK,I-235,I-235 & E HULL AVE,Collision with:  Vehicle in traffic,On Roadway,Rear-end (front to rear),Followed too close,None Indicated,,Daylight,Dry,Clear,None apparent,Non-intersection:  Non-junction/no special feature,Paved,,Property Damage Only,0,0,0,0,0,0,2500,2,2,,POINT (-93.576022750114 41.622288910108)
2014828321,14070558,07/23/2014,07-July,4-Wednesday,14:03,1400 Hours,District 5 (Southeast),,WAPELLO,,Co Rd H41/BLUEGRASS RD,Collision with fixed object:  Ditch,On Roadway,Non-collision (single vehicle),Driving too fast for conditions,Under Influence of Alcohol/Drugs/Medications,,Daylight,Dry,Clear,None apparent,Non-intersection:  Non-junction/no special feature,Paved,,Major Injury,0,1,1,0,0,0,5000,1,1,,POINT (-92.47368645646 40.990825680048)
2014808979,14-001671,07/23/2014,07-July,4-Wednesday,16:35,1600 Hours,District 1 (Central),ALTOONA,POLK,US 6,US 6/FREDERICK M HUBBELL AVE,Collision with:  Vehicle in traffic,On Roadway,Rear-end (front to rear),Followed too close,None Indicated,,Daylight,Dry,Clear,None apparent,Intersection:  Four-way intersection,Paved,,Minor Injury,0,1,0,1,0,0,10000,2,2,,POINT (-93.511049968183 41.648698975623)
2014808931,2014007892,07/23/2014,07-July,4-Wednesday,15:33,1500 Hours,District 6 (East Central),IOWA CITY,JOHNSON,US 6,US 6 & STURGIS CORNER DR,Collision with:  Vehicle in traffic,On Roadway,Rear-end (front to rear),Followed too close,None Indicated,,Daylight,Dry,Clear,None apparent,Non-intersection:  Non-junction/no special feature,Paved,,Property Damage Only,0,0,0,0,0,0,8000,2,3,,POINT (-91.53815401398 41.646987569803)
2014808898,14-23787,07/23/2014,07-July,4-Wednesday,18:38,1800 Hours,District 3 (Northwest),SIOUX CITY,WOODBURY,,18TH ST,Collision with fixed object:  Tree,On Roadway,Non-collision (single vehicle),Other (explain in narrative):  No improper action,None Indicated,,Daylight,Dry,Clear,None apparent,Non-intersection:  Non-junction/no special feature,Paved,,Property Damage Only,0,0,0,0,0,0,1500,1,3,,POINT (-96.409158920901 42.5091846294)
2014808848,20140021118,07/23/2014,07-July,4-Wednesday,16:02,1600 Hours,District 1 (Central),DES MOINES,POLK,,FOREST AVE & 30TH ST,Collision with:  Vehicle in traffic,On Roadway,Rear-end (front to rear),Followed too close,None Indicated,,Daylight,Dry,Cloudy,None apparent,Non-intersection:  Non-junction/no special feature,Paved,,Property Damage Only,0,0,0,0,0,0,3000,2,3,,POINT (-93.658448071454 41.604039094812)
2014809663,14012390,07/23/2014,07-July,4-Wednesday,15:48,1500 Hours,District 2 (Northeast),MASON CITY,CERRO GORDO,,2ND ST SW,Collision with fixed object:  Utility pole/light support,On Roadway,Non-collision (single vehicle),Crossed centerline (undivided),None Indicated,,Daylight,Dry,Cloudy,None apparent,Non-intersection:  Non-junction/no special feature,Paved,,Property Damage Only,0,0,0,0,0,0,26000,1,1,,POINT (-93.220330703395 43.150163725124)
2014808965,14-003158,07/23/2014,07-July,4-Wednesday,18:25,1800 Hours,District 1 (Central),ANKENY,POLK,,SE MAGAZINE RD & SE BEL AIRE RD,Collision with:  Vehicle in traffic,On Roadway,Rear-end (front to rear),Other (explain in narrative):  Other,None Indicated,,Daylight,Dry,Clear,None apparent,Non-intersection:  Non-junction/no special feature,Paved,,Property Damage Only,0,0,0,0,0,0,3500,2,3,,POINT (-93.594098074666 41.71738426912)
2014808790,2014007874,07/23/2014,07-July,4-Wednesday,06:37,0600 Hours,District 6 (East Central),IOWA CITY,JOHNSON,US 6,US 6,Collision with:  Vehicle in traffic,On Roadway,Rear-end (front to rear),Driver Distraction:  Reaching for object(s)/fallen object(s),None Indicated,,Daylight,Dry,Clear,None apparent,Intersection:  T-intersection,Paved,,Property Damage Only,0,0,0,0,0,0,3000,2,2,,POINT (-91.548432132388 41.664672232994)
2014808827,14-030915,07/23/2014,07-July,4-Wednesday,22:49,2200 Hours,District 5 (Southeast),MUSCATINE,MUSCATINE,,FULLIAM AVE,Collision with:  Vehicle in traffic,On Roadway,"Sideswipe, opposite direction",Crossed centerline (undivided),Alcohol (Statutory),,Dark - roadway lighted,Dry,Cloudy,None apparent,Non-intersection:  Non-junction/no special feature,Paved,,Minor Injury,0,1,0,1,0,0,2000,2,2,,POINT (-91.06936313708 41.431029684076)
2014808832,14-0871,07/23/2014,07-July,4-Wednesday,11:40,1100 Hours,District 4 (Southwest),CLIVE,DALLAS,US 6,US 6/HICKMAN AVE,Collision with:  Vehicle in traffic,On Roadway,Rear-end (front to rear),FTYROW:  Other (explain in narrative),None Indicated,,Daylight,Dry,Cloudy,None apparent,Non-intersection:  Non-junction/no special feature,Paved,,Possible/Unknown,0,1,0,0,1,0,4500,2,2,,POINT (-93.816595060445 41.614859951075)
2014810517,02-14-11070,07/23/2014,07-July,4-Wednesday,07:23,0700 Hours,District 6 (East Central),ASBURY,DUBUQUE,,Co Rd Y21/SUNDOWN RD,Collision with fixed object:  Ditch,Outside trafficway,Non-collision (single vehicle),Ran off road - right,None Indicated,,Unknown,Unknown,Unknown,Unknown,Non-intersection:  Non-junction/no special feature,Paved,,Property Damage Only,0,0,0,0,0,0,10000,1,1,,POINT (-90.824041490189 42.50838982499)
2014809081,01-13-32638,07/23/2014,07-July,4-Wednesday,23:19,2300 Hours,District 6 (East Central),DUBUQUE,DUBUQUE,,QUEEN ST,Collision with:  Vehicle in traffic,On Roadway,Head-on (front to front),Lost Control,Alcohol (Statutory),,Dark - roadway lighted,Dry,Clear,None apparent,Non-intersection:  Non-junction/no special feature,Paved,,Minor Injury,0,3,0,2,1,0,6000,2,6,,POINT (-90.668869407907 42.518556694895)
2014809438,14-003409,07/23/2014,07-July,4-Wednesday,10:23,1000 Hours,District 1 (Central),AMES,STORY,,BLOOMINGTON RD,Collision with:  Vehicle in traffic,On Roadway,"Sideswipe, same direction",Other (explain in narrative):  Other,None Indicated,,Daylight,Dry,Clear,None apparent,Intersection:  Four-way intersection,Paved,,Property Damage Only,0,0,0,0,0,0,2000,2,3,,POINT (-93.621257256144 42.056021957429)
2014808681,14-4879,07/23/2014,07-July,4-Wednesday,00:20,0000 Hours,District 1 (Central),,POLK,,NW TOWNER DR,Collision with fixed object:  Ditch,Roadside,Non-collision (single vehicle),Ran off road - right,None Indicated,,Dark - roadway lighted,Dry,Clear,None apparent,Non-intersection:  Non-junction/no special feature,Paved,,Possible/Unknown,0,1,0,0,1,0,3000,1,1,,POINT (-93.784774525135 41.728435746999)
2014808779,01-14-32612,07/23/2014,07-July,4-Wednesday,19:47,1900 Hours,District 6 (East Central),DUBUQUE,DUBUQUE,US 52,US 52/KERRIGAN RD,Collision with:  Vehicle in traffic,On Roadway,"Sideswipe, same direction",Other (explain in narrative):  Other,None Indicated,,Dusk,Dry,Clear,None apparent,Non-intersection:  Non-junction/no special feature,Paved,,Property Damage Only,0,0,0,0,0,0,3900,2,3,,POINT (-90.661228271445 42.491700485761)
2014808857,14-030808,07/23/2014,07-July,4-Wednesday,14:37,1400 Hours,District 4 (Southwest),COUNCIL BLUFFS,POTTAWATTAMIE,US 275,US 275/OMAHA BRIDGE RD & DENMARK DR,Collision with:  Vehicle in traffic,On Roadway,Broadside (front to side),Ran Traffic Signal,None Indicated,,Daylight,Dry,Clear,None apparent,Intersection:  Four-way intersection,Paved,,Property Damage Only,0,0,0,0,0,0,3000,2,4,,POINT (-95.833880928308 41.219284157032)
2014808894,14-23720,07/23/2014,07-July,4-Wednesday,07:29,0700 Hours,District 3 (Northwest),SIOUX CITY,WOODBURY,,W 21ST ST,Collision with:  Vehicle in traffic,On Roadway,Broadside (front to side),FTYROW:  From stop sign,None Indicated,,Daylight,Dry,Clear,None apparent,Intersection:  Four-way intersection,Paved,,Possible/Unknown,0,1,0,0,1,0,8000,2,4,,POINT (-96.425718321949 42.512220000135)
2014814409,14-070,07/23/2014,07-July,4-Wednesday,16:49,1600 Hours,District 3 (Northwest),SIOUX CENTER,SIOUX,US 75,US 75/MAIN AVE & 4TH ST NW & 4TH ST NE,Collision with:  Vehicle in traffic,On Roadway,Head-on (front to front),FTYROW:  Making left turn,None Indicated,,Daylight,Dry,Clear,None apparent,Intersection:  Four-way intersection,Paved,,Possible/Unknown,0,1,0,0,1,0,8500,2,3,,POINT (-96.175585933011 43.080896857922)
2014809459,2014042805,07/23/2014,07-July,4-Wednesday,14:46,1400 Hours,District 6 (East Central),,SCOTT,,Co Rd F55/210 ST & JERSEY RIDGE RD,Collision with:  Vehicle in traffic,On Roadway,Broadside (front to side),FTYROW:  Making left turn,Alcohol (Statutory),,Daylight,Dry,Clear,None apparent,Intersection:  T-intersection,Paved,,Property Damage Only,0,0,0,0,0,0,8500,2,2,,POINT (-90.539535493469 41.611219360045)
2014810315,14-000848,07/23/2014,07-July,4-Wednesday,12:35,1200 Hours,District 1 (Central),JOHNSTON,POLK,,NW 86TH ST,Collision with:  Vehicle in traffic,On Roadway,"Sideswipe, same direction",Other (explain in narrative):  Other,None Indicated,,Daylight,Dry,Cloudy,None apparent,Non-intersection:  Non-junction/no special feature,Paved,,Property Damage Only,0,0,0,0,0,0,2100,2,3,,POINT (-93.736515739035 41.66769638051)
2014808884,2014-15743,07/23/2014,07-July,4-Wednesday,21:30,2100 Hours,District 5 (Southeast),,WARREN,,Co Rd G76/HWY G76,Collision with fixed object:  Culvert/pipe opening,On Roadway,Non-collision (single vehicle),Swerving/Evasive Action,Under Influence of Alcohol/Drugs/Medications,,Dark - roadway lighted,Dry,Clear,None apparent,Non-intersection:  Driveway access (within),Paved,,Major Injury,0,1,1,0,0,0,5000,1,1,,POINT (-93.681647089448 41.187476450292)
2014808680,14-4883,07/23/2014,07-July,4-Wednesday,07:30,0700 Hours,District 1 (Central),GRIMES,POLK,IA 141,IA 141/IOWA 141 & SE 37TH ST,Collision with:  Vehicle in traffic,On Roadway,Rear-end (front to rear),Other (explain in narrative):  Other,None Indicated,,Daylight,Dry,Clear,None apparent,Intersection:  Four-way intersection,Paved,,Property Damage Only,0,0,0,0,0,0,2000,2,2,,POINT (-93.775013102497 41.658508187682)
2014808775,1407238281,07/23/2014,07-July,4-Wednesday,21:53,2100 Hours,District 6 (East Central),,CLINTON,,190 ST,Collision with:  Vehicle in traffic,On Roadway,"Sideswipe, opposite direction",Crossed centerline (undivided),None Indicated,,Dark - roadway not lighted,"Mud, dirt",Cloudy,None apparent,Non-intersection:  Non-junction/no special feature,Unpaved,,Possible/Unknown,0,1,0,0,1,0,13500,2,4,,POINT (-90.231760858782 41.902615479551)
2014826619,14-016993,07/23/2014,07-July,4-Wednesday,10:30,1000 Hours,District 5 (Southeast),OSKALOOSA,MAHASKA,IA 92,IA 92/IOWA 92 & NEWPORT AVE,Collision with:  Vehicle in traffic,On Roadway,"Angle, oncoming left turn",Crossed centerline (undivided),None Indicated,,Daylight,Dry,Cloudy,None apparent,Intersection:  Four-way intersection,Paved,,Possible/Unknown,0,1,0,0,1,0,3200,2,6,,POINT (-92.612680294442 41.296098615051)
2014808896,14-23775,07/23/2014,07-July,4-Wednesday,16:47,1600 Hours,District 3 (Northwest),SIOUX CITY,WOODBURY,IA 12,IA 12/RIVERSIDE BLVD/SIOUX RIVER RD & MILITARY RD,Collision with:  Vehicle in traffic,On Roadway,"Sideswipe, same direction",Other (explain in narrative):  Other,None Indicated,,Daylight,Dry,Clear,None apparent,Intersection:  Four-way intersection,Paved,,Property Damage Only,0,0,0,0,0,0,1900,2,2,,POINT (-96.475692112773 42.520996513029)
2014809766,201400035728,07/23/2014,07-July,4-Wednesday,17:47,1700 Hours,District 5 (Southeast),OTTUMWA,WAPELLO,,E 4TH ST & N JEFFERSON ST,Collision with:  Vehicle in traffic,On Roadway,Broadside (front to side),FTYROW:  From stop sign,None Indicated,,Daylight,Dry,Clear,None apparent,Intersection:  Four-way intersection,Paved,,Minor Injury,0,2,0,1,1,0,10000,3,11,,POINT (-92.407089120902 41.017031429582)
2014819398,2014-50919,07/23/2014,07-July,4-Wednesday,01:08,0100 Hours,District 6 (East Central),DAVENPORT,SCOTT,,PROSPECT DR,Collision with:  Vehicle in traffic,On Roadway,Rear-end (front to rear),"Operating vehicle in an reckless, erratic, careless, negligent manner",None Indicated,,Dark - roadway lighted,Dry,Cloudy,None apparent,Non-intersection:  Non-junction/no special feature,Paved,,Property Damage Only,0,0,0,0,0,0,10000,2,4,,POINT (-90.551405768796 41.528965799562)
2014811094,2014042842,07/23/2014,07-July,4-Wednesday,18:03,1800 Hours,District 5 (Southeast),,LOUISA,,Co Rd X37/COUNTY RD X 37,Collision with fixed object:  Ditch,Roadside,Non-collision (single vehicle),Crossed centerline (undivided),None Indicated,,Daylight,Dry,Clear,None apparent,Non-intersection:  Non-junction/no special feature,Paved,,Fatal,1,0,0,0,0,0,2000,1,1,,POINT (-91.36381544358 41.25805422511)
2014808786,14-5595,07/23/2014,07-July,4-Wednesday,10:35,1000 Hours,District 3 (Northwest),IDA GROVE,IDA,US 59,US 59/OHIO ST & KEYSTONE AVE,Collision with fixed object:  Traffic sign support,On Roadway,Non-collision (single vehicle),Other (explain in narrative):  Other,None Indicated,,Daylight,Dry,Clear,None apparent,Intersection:  T-intersection,Paved,,Property Damage Only,0,0,0,0,0,0,1500,1,1,,POINT (-95.458814871345 42.345129558094)
2014808781,14-1136,07/23/2014,07-July,4-Wednesday,07:43,0700 Hours,District 1 (Central),,GREENE,,Co Rd P46/W AVE,Non-collision events:  Other non-collision (explain in narrative),Shoulder,Non-collision (single vehicle),Crossed centerline (undivided),None Indicated,,Daylight,Dry,Clear,None apparent,Non-intersection:  Non-junction/no special feature,Paved,,Minor Injury,0,1,0,1,0,0,7500,1,2,,POINT (-94.203203938085 41.99824929067)
2014810297,07232014143,07/23/2014,07-July,4-Wednesday,13:25,1300 Hours,District 5 (Southeast),OSCEOLA,CLARKE,US 69,US 69/S MAIN ST & W JEFFERSON ST & E JEFFERSON ST,Collision with:  Non-motorist (see non-motorist section - NOT a unit),On Roadway,Non-collision (single vehicle),"Operating vehicle in an reckless, erratic, careless, negligent manner",None Indicated,,Daylight,Dry,Cloudy,None apparent,Non-intersection:  Non-junction/no special feature,Paved,,Minor Injury,0,1,0,1,0,0,100,1,1,,POINT (-93.76567365722 41.033479926749)
2014808793,2014007891,07/23/2014,07-July,4-Wednesday,14:47,1400 Hours,District 6 (East Central),IOWA CITY,JOHNSON,US 6,US 6,Collision with:  Vehicle in traffic,On Roadway,Rear-end (front to rear),Followed too close,None Indicated,,Daylight,Dry,Clear,None apparent,Non-intersection:  Non-junction/no special feature,Paved,,Property Damage Only,0,0,0,0,0,0,8000,2,2,,POINT (-91.537939355344 41.646921790397)
2014810556,063-14,07/23/2014,07-July,4-Wednesday,12:36,1200 Hours,District 4 (Southwest),,MADISON,,Co Rd H2R/MADISON-CLARKE ST & Co Rd R21/SETTLERS AVE & 160 AVE,Collision with:  Vehicle in traffic,On Roadway,"Sideswipe, opposite direction",FTYROW:  Making left turn,None Indicated,,Daylight,"Mud, dirt",Clear,None apparent,Intersection:  Y-intersection,Unpaved,,Property Damage Only,0,0,0,0,0,0,6000,2,2,,POINT (-93.898815861536 41.15661182095)
2014808699,20140021085,07/23/2014,07-July,4-Wednesday,11:42,1100 Hours,District 1 (Central),DES MOINES,POLK,,SW 9TH ST,Collision with:  Vehicle in traffic,On Roadway,Rear-end (front to rear),Followed too close,None Indicated,,Daylight,Dry,Cloudy,None apparent,Non-intersection:  Non-junction/no special feature,Paved,,Minor Injury,0,1,0,1,0,0,5000,2,4,,POINT (-93.625722803138 41.561806689054)
2014808963,14-003160,07/23/2014,07-July,4-Wednesday,19:28,1900 Hours,District 1 (Central),ANKENY,POLK,,SW 3RD ST & SW STATE ST,Collision with:  Vehicle in traffic,On Roadway,"Sideswipe, same direction",Unknown,None Indicated,,Daylight,Dry,Clear,None apparent,Non-intersection:  Non-junction/no special feature,Paved,,Property Damage Only,0,0,0,0,0,0,5000,2,2,,POINT (-93.622093837472 41.729584773456)
2014808705,14-3499,07/23/2014,07-July,4-Wednesday,12:28,1200 Hours,District 4 (Southwest),WEST DES MOINES,DALLAS,,JORDAN CREEK PKWY,Collision with:  Vehicle in traffic,On Roadway,Rear-end (front to rear),Followed too close,None Indicated,,Daylight,Dry,Clear,None apparent,Non-intersection:  Non-junction/no special feature,Paved,,Possible/Unknown,0,1,0,0,1,0,4300,2,4,,POINT (-93.809130611461 41.581324914769)
2014808673,14015319,07/23/2014,07-July,4-Wednesday,08:00,0800 Hours,District 6 (East Central),MARION,LINN,,SECRIST RD,Collision with:  Vehicle in traffic,On Roadway,"Sideswipe, same direction",Ran Traffic Signal,None Indicated,,Daylight,Dry,Clear,None apparent,Intersection:  Four-way intersection,Paved,,Property Damage Only,0,0,0,0,0,0,2000,2,2,,POINT (-91.549946429649 42.019857345163)
2014808688,20140021095,07/23/2014,07-July,4-Wednesday,12:38,1200 Hours,District 1 (Central),DES MOINES,POLK,,COLLEGE AVE & OHIO ST,Collision with:  Vehicle in traffic,On Roadway,Broadside (front to side),Ran Stop Sign,None Indicated,,Daylight,Dry,Cloudy,None apparent,Intersection:  Four-way intersection,Paved,,Minor Injury,0,1,0,1,0,0,11500,2,2,,POINT (-93.617320636695 41.607645004204)
2014810298,14-18977,07/23/2014,07-July,4-Wednesday,18:36,1800 Hours,District 1 (Central),NEWTON,JASPER,I-80,I-80,Collision with fixed object:  Ditch,Shoulder,Non-collision (single vehicle),Lost Control,None Indicated,,Daylight,Dry,Clear,None apparent,Non-intersection:  Non-junction/no special feature,Paved,,Property Damage Only,0,0,0,0,0,0,5000,1,2,,POINT (-93.047196436923 41.683593315429)
2014810062,2014-14866,07/23/2014,07-July,4-Wednesday,13:30,1300 Hours,District 6 (East Central),BETTENDORF,SCOTT,,DEVILS GLEN RD,Collision with:  Vehicle in traffic,On Roadway,Rear-end (front to rear),Followed too close,None Indicated,,Daylight,Dry,Cloudy,None apparent,Intersection:  Four-way intersection,Paved,,Property Damage Only,0,0,0,0,0,0,3500,2,2,,POINT (-90.483542127253 41.559931718246)
2014809628,2014042723,07/23/2014,07-July,4-Wednesday,09:10,0900 Hours,District 5 (Southeast),,MUSCATINE,US 6,US 6 & Co Rd X54/MOSCOW AVE,Collision with:  Vehicle in traffic,On Roadway,Broadside (front to side),FTYROW:  From stop sign,None Indicated,,Daylight,Dry,Clear,None apparent,Intersection:  Four-way intersection,Paved,,Major Injury,0,1,1,0,0,0,40000,2,2,,POINT (-91.082329585136 41.566853475103)
2014809629,2014042791,07/23/2014,07-July,4-Wednesday,13:01,1300 Hours,District 4 (Southwest),,MILLS,US 34,US 34/SE RAMP CURV & US 59 & 410TH ST,Collision with fixed object:  Utility pole/light support,Shoulder,Non-collision (single vehicle),Over correcting/over steering,None Indicated,,Daylight,Dry,Clear,None apparent,Intersection:  T-intersection,Paved,,Property Damage Only,0,0,0,0,0,0,1500,1,1,,POINT (-95.402657106425 41.028294686658)
2014808891,S14-7299,07/23/2014,07-July,4-Wednesday,21:20,2100 Hours,District 3 (Northwest),,WOODBURY,,Co Rd D38/220TH ST,Collision with:  Animal,,,Animal,None Indicated,,,,,,,Paved,,Property Damage Only,0,0,0,0,0,0,6000,1,1,,POINT (-95.825394298085 42.391607721865)
2014808951,14015353,07/23/2014,07-July,4-Wednesday,17:28,1700 Hours,District 6 (East Central),MARION,LINN,,7TH AVE,Collision with:  Vehicle in traffic,On Roadway,Broadside (front to side),FTYROW:  Other (explain in narrative),None Indicated,,Daylight,Dry,Cloudy,None apparent,Non-intersection:  Non-junction/no special feature,Paved,,Property Damage Only,0,0,0,0,0,0,1900,2,5,,POINT (-91.577819164831 42.03464328728)
2014811583,PD1406323,07/23/2014,07-July,4-Wednesday,14:31,1400 Hours,District 5 (Southeast),FAIRFIELD,JEFFERSON,,W FILLMORE AVE & S 2ND ST,Collision with:  Vehicle in traffic,On Roadway,Broadside (front to side),Ran Stop Sign,None Indicated,,Daylight,Dry,Clear,None apparent,Intersection:  Other intersection (explain in narrative),Paved,,Property Damage Only,0,0,0,0,0,0,2200,2,3,,POINT (-91.965089867363 40.995587875796)
2014808792,2014007890,07/23/2014,07-July,4-Wednesday,15:04,1500 Hours,District 6 (East Central),IOWA CITY,JOHNSON,,VALLEY AVE,Collision with:  Vehicle in traffic,On Roadway,"Sideswipe, same direction",FTYROW:  From parked position,None Indicated,,Daylight,Dry,Clear,None apparent,Non-intersection:  Non-junction/no special feature,Paved,,Minor Injury,0,1,0,1,0,0,1750,2,2,,POINT (-91.552367227598 41.664343584501)
2014809074,1401891,07/23/2014,07-July,4-Wednesday,22:29,2200 Hours,District 5 (Southeast),BLOOMFIELD,DAVIS,,DUFFIELD ST,Collision with:  Vehicle in traffic,On Roadway,"Sideswipe, same direction",Illegally Parked/Unattended,None Indicated,,Dark - roadway not lighted,Dry,Cloudy,None apparent,Non-intersection:  Non-junction/no special feature,Paved,,Property Damage Only,0,0,0,0,0,0,3300,2,1,,POINT (-92.418809476167 40.758650639001)
2014812531,90-14-000242,07/23/2014,07-July,4-Wednesday,05:30,0500 Hours,District 2 (Northeast),,HUMBOLDT,,Co Rd P59/PENN AVE,Collision with:  Animal,,Non-collision (single vehicle),Animal,None Indicated,,,,,,,Paved,,Property Damage Only,0,0,0,0,0,0,2500,1,1,,POINT (-94.14891764723 42.652441709534)
2014808839,20140021096,07/23/2014,07-July,4-Wednesday,13:00,1300 Hours,District 1 (Central),DES MOINES,POLK,,SW 2ND ST,Collision with:  Vehicle in traffic,On Roadway,"Sideswipe, same direction",FTYROW:  Other (explain in narrative),None Indicated,,Daylight,Dry,Clear,None apparent,Non-intersection:  Non-junction/no special feature,Paved,,Property Damage Only,0,0,0,0,0,0,3000,2,2,,POINT (-93.617572280655 41.581171365339)
2014809565,2014-51077,07/23/2014,07-July,4-Wednesday,15:02,1500 Hours,District 6 (East Central),DAVENPORT,SCOTT,,W LOMBARD ST & GAINES ST,Collision with:  Vehicle in traffic,On Roadway,Broadside (front to side),Unknown,None Indicated,,Daylight,Dry,Clear,None apparent,Intersection:  Four-way intersection,Paved,,Property Damage Only,0,0,0,0,0,0,1750,2,3,,POINT (-90.582769670033 41.541887442498)
2014808674,14015339,07/23/2014,07-July,4-Wednesday,12:55,1200 Hours,District 6 (East Central),MARION,LINN,,GRAND AVE & S 22ND ST,Collision with:  Vehicle in traffic,On Roadway,Broadside (front to side),Ran Stop Sign,None Indicated,,Daylight,Dry,Clear,None apparent,Intersection:  Four-way intersection,Paved,,Property Damage Only,0,0,0,0,0,0,6000,2,3,,POINT (-91.588838415829 42.020378186517)
2014809373,201402551,07/23/2014,07-July,4-Wednesday,16:08,1600 Hours,District 6 (East Central),,LINN,IA 13,IA 13/IOWA 13,Collision with:  Vehicle in traffic,On Roadway,"Sideswipe, same direction",Swerving/Evasive Action,None Indicated,,Daylight,Dry,Cloudy,None apparent,Non-intersection:  Non-junction/no special feature,Paved,,Property Damage Only,0,0,0,0,0,0,8500,2,2,,POINT (-91.549797965846 42.111872464429)
2014808916,14-006338,07/23/2014,07-July,4-Wednesday,15:48,1500 Hours,District 4 (Southwest),ATLANTIC,CASS,,LAUREL ST,Collision with:  Vehicle in traffic,On Roadway,Broadside (front to side),FTYROW:  From stop sign,None Indicated,,Daylight,Dry,Clear,None apparent,Intersection:  Four-way intersection,Paved,,Minor Injury,0,2,0,1,1,0,13500,2,9,,POINT (-95.02115150287 41.404093184246)
2014808897,14-23785,07/23/2014,07-July,4-Wednesday,18:25,1800 Hours,District 3 (Northwest),SIOUX CITY,WOODBURY,,18TH ST & GRANDVIEW BLVD,Collision with:  Vehicle in traffic,On Roadway,"Angle, oncoming left turn",FTYROW:  Making left turn,None Indicated,,Daylight,Dry,Clear,None apparent,Intersection:  Four-way intersection,Paved,,Major Injury,0,1,1,0,0,0,2500,2,4,,POINT (-96.408025975569 42.509164337902)
2014812847,14005291,07/23/2014,07-July,4-Wednesday,09:33,0900 Hours,District 3 (Northwest),,PALO ALTO,IA 4,IA 4/420 AVE & 320 ST,Collision with:  Vehicle in traffic,On Roadway,Rear-end (front to rear),Followed too close,None Indicated,,Daylight,Dry,Clear,Work Zone (roadway-related),Non-intersection:  Non-junction/no special feature,Paved,Yes,Property Damage Only,0,0,0,0,0,0,4000,2,2,,POINT (-94.757615643485 43.187255018059)
2014809458,2014042719,07/23/2014,07-July,4-Wednesday,09:07,0900 Hours,District 6 (East Central),DAVENPORT,SCOTT,,Co Rd F55/210 ST,Collision with:  Vehicle in traffic,On Roadway,Rear-end (front to rear),Crossed centerline (undivided),None Indicated,,Daylight,Dry,Clear,None apparent,Non-intersection:  Driveway access (within),Paved,,Minor Injury,0,1,0,1,0,0,75000,3,6,,POINT (-90.551241979779 41.611064175543)
2014809257,S79140250,07/23/2014,07-July,4-Wednesday,14:19,1400 Hours,District 1 (Central),,POWESHIEK,IA 21,IA 21/IOWA 21,Non-collision events:  Overturn/rollover,Roadside,Non-collision (single vehicle),Ran off road - right,None Indicated,,Daylight,Dry,Clear,None apparent,Non-intersection:  Non-junction/no special feature,Paved,,Possible/Unknown,0,1,0,0,1,0,4000,1,2,,POINT (-92.357883169806 41.635647657523)