Iowa DOT Case Number,Law Enforcement Case Number,Date of Crash,Month of Crash,Day of Week,Time of Crash,Hour,DOT District,City Name,County Name,Route with System,Location Description,First Harmful Event,Location of First Harmful Event,Manner of Crash/Collision,Major Cause,Drug or Alcohol ,Environmental Conditions,Light Conditions,Surface Conditions,Weather Conditions,Roadway Contribution,Roadway Type,Roadway Surface,Work Zone,Crash Severity,Number of Fatalities,Number of Injuries,Number of Major Injuries,Number of Minor Injuries,Number of Possible Injuries,Number of Unknown Injuries,Amount of Property Damage,Number of Vehicles Involved,Total Number of Occupants,Travel Direction,Location
2014809301,,07/24/2014,07-July,5-Thursday,15:57,1500 Hours,District 1 (Central),PRAIRIE CITY,JASPER,IA 117,IA 117/W 2ND ST,Collision with fixed object:  Tree,On Roadway,Non-collision (single vehicle),Crossed centerline (undivided),None Indicated,,Daylight,Dry,Clear,None apparent,Non-intersection:  Non-junction/no special feature,Paved,,Minor Injury,0,1,0,1,0,0,9000,1,1,,POINT (-93.242984071615 41.596489483649)
2014811730,2014-51274,07/24/2014,07-July,5-Thursday,07:20,0700 Hours,District 6 (East Central),DAVENPORT,SCOTT,,W 3RD ST,Collision with:  Vehicle in traffic,On Roadway,"Sideswipe, same direction",Crossed centerline (undivided),None Indicated,,Daylight,Dry,Clear,None apparent,Non-intersection:  Non-junction/no special feature,Paved,,Property Damage Only,0,0,0,0,0,0,2000,2,2,,POINT (-90.593204992516 41.522337333991)
2014809227,14-1631,07/24/2014,07-July,5-Thursday,16:24,1600 Hours,District 1 (Central),URBANDALE,POLK,US 6,US 6/HICKMAN RD,Collision with:  Vehicle in traffic,On Roadway,Rear-end (front to rear),Followed too close,None Indicated,,Daylight,Dry,Cloudy,None apparent,Intersection:  Four-way intersection,Paved,,Property Damage Only,0,0,0,0,0,0,3000,2,2,,POINT (-93.712448224973 41.614750945732)
2014810815,2014042956,07/24/2014,07-July,5-Thursday,11:00,1100 Hours,District 2 (Northeast),,FAYETTE,IA 150,IA 150/LINCOLN RD,Collision with:  Animal,,,Animal,None Indicated,,,,,,,Paved,,Property Damage Only,0,0,0,0,0,0,4500,1,1,,POINT (-91.810574453329 42.871136483834)
2014809666,14012489,07/24/2014,07-July,5-Thursday,15:43,1500 Hours,District 2 (Northeast),MASON CITY,CERRO GORDO,,W STATE ST,Collision with:  Vehicle in traffic,On Roadway,Rear-end (front to rear),Improper Backing,None Indicated,,Daylight,Dry,Cloudy,None apparent,Non-intersection:  Non-junction/no special feature,Paved,,Property Damage Only,0,0,0,0,0,0,1500,2,1,,POINT (-93.219722225293 43.151965865643)
2014808946,201410682,07/24/2014,07-July,5-Thursday,17:50,1700 Hours,District 6 (East Central),CEDAR RAPIDS,LINN,IA 922,IA 922/1ST AVE E,Collision with:  Vehicle in traffic,On Roadway,"Sideswipe, same direction",FTYROW:  Other (explain in narrative),None Indicated,,Daylight,Dry,Cloudy,None apparent,Non-intersection:  Non-junction/no special feature,Paved,,Property Damage Only,0,0,0,0,0,0,4000,2,2,,POINT (-91.622189825349 42.025250588144)
2014809066,W14-074314,07/24/2014,07-July,5-Thursday,17:10,1700 Hours,District 2 (Northeast),WATERLOO,BLACK HAWK,US 63,US 63/E MULLAN AVE & BROADWAY ST,Collision with:  Vehicle in traffic,On Roadway,"Angle, oncoming left turn",FTYROW:  Making left turn,None Indicated,,Daylight,Dry,Clear,None apparent,Intersection:  Four-way intersection,Paved,,Possible/Unknown,0,1,0,0,1,0,6500,2,3,,POINT (-92.338396291143 42.504069499442)
2014808833,20140021186,07/24/2014,07-July,5-Thursday,00:15,0000 Hours,District 1 (Central),DES MOINES,POLK,,E HARTFORD AVE,Collision with fixed object:  Ditch,Shoulder,Non-collision (single vehicle),Swerving/Evasive Action,None Indicated,,Dark - unknown roadway lighting,Unknown,Unknown,None apparent,Non-intersection:  Non-junction/no special feature,Paved,,Minor Injury,0,2,0,2,0,0,5000,1,2,,POINT (-93.585964476196 41.570825305528)
2014810286,07-14-248,07/24/2014,07-July,5-Thursday,14:32,1400 Hours,District 3 (Northwest),LE MARS,PLYMOUTH,,2ND ST SW & 4TH AVE SW,Collision with:  Vehicle in traffic,On Roadway,Broadside (front to side),FTYROW:  At uncontrolled intersection,None Indicated,,Daylight,Wet,Cloudy,None apparent,Non-intersection:  Non-junction/no special feature,Paved,,Property Damage Only,0,0,0,0,0,0,7500,2,4,,POINT (-96.172316314839 42.790602770975)
2014809511,064-14,07/24/2014,07-July,5-Thursday,08:00,0800 Hours,District 4 (Southwest),,MADISON,US 169,US 169,Collision with:  Animal,,,Animal,None Indicated,,,,,,,Paved,,Property Damage Only,0,0,0,0,0,0,2000,1,1,,POINT (-94.013129205334 41.411614251022)
2014809611,2014042964,07/24/2014,07-July,5-Thursday,11:26,1100 Hours,District 6 (East Central),,BENTON,,74 ST,Collision with:  Vehicle in traffic,On Roadway,Rear-end (front to rear),Other (explain in narrative):  Vision obstructed,None Indicated,,Daylight,"Mud, dirt",Cloudy,None apparent,Non-intersection:  Non-junction/no special feature,Unpaved,,Property Damage Only,0,0,0,0,0,0,13500,2,2,,POINT (-92.027880759126 41.9492186768)
2014808847,20140021223,07/24/2014,07-July,5-Thursday,11:45,1100 Hours,District 1 (Central),DES MOINES,POLK,US 69,US 69/SE 14TH ST & INDIANOLA AVE,Collision with:  Vehicle in traffic,On Roadway,"Angle, oncoming left turn",FTYROW:  Making left turn,None Indicated,,Daylight,Dry,Clear,None apparent,Intersection:  Four-way intersection,Paved,,Minor Injury,0,1,0,1,0,0,4500,2,2,,POINT (-93.596826574121 41.553358331362)
2014808836,20140021190,07/24/2014,07-July,5-Thursday,07:35,0700 Hours,District 1 (Central),DES MOINES,POLK,,CLARK ST & 11TH ST,Collision with:  Vehicle in traffic,On Roadway,Broadside (front to side),Ran Stop Sign,None Indicated,,Daylight,Dry,Clear,None apparent,Intersection:  Four-way intersection,Paved,,Property Damage Only,0,0,0,0,0,0,4500,2,3,,POINT (-93.631752794923 41.605873242788)
2014809162,14010055,07/24/2014,07-July,5-Thursday,22:21,2200 Hours,District 4 (Southwest),,MILLS,,Co Rd L55/287TH ST,Collision with fixed object:  Ditch,Outside trafficway,Non-collision (single vehicle),"Operating vehicle in an reckless, erratic, careless, negligent manner",Under Influence of Alcohol/Drugs/Medications,,Dark - roadway not lighted,Dry,Cloudy,None apparent,Non-intersection:  Non-junction/no special feature,Paved,,Possible/Unknown,0,1,0,0,1,0,2000,1,1,,POINT (-95.637342889492 41.139771276801)
2014809934,14-000851,07/24/2014,07-July,5-Thursday,08:45,0800 Hours,District 1 (Central),JOHNSTON,POLK,,NW 61ST AVE,Collision with:  Vehicle in traffic,On Roadway,Broadside (front to side),FTYROW:  From driveway,None Indicated,,Daylight,Dry,Clear,None apparent,Non-intersection:  Driveway access (within),Paved,,Property Damage Only,0,0,0,0,0,0,1700,2,2,,POINT (-93.698124784611 41.671070460666)
2014809137,14-022598,07/24/2014,07-July,5-Thursday,03:20,0300 Hours,District 5 (Southeast),,LEE,IA 27,IA 27/IOWA 27,Collision with:  Animal,,,Animal,None Indicated,,,,,,,Paved,,Property Damage Only,0,0,0,0,0,0,2500,1,1,,POINT (-91.562542265091 40.596840023905)
2014811270,,07/24/2014,07-July,5-Thursday,11:31,1100 Hours,District 2 (Northeast),CHARLES CITY,FLOYD,,CLARK ST & MAIN ST,Collision with:  Vehicle in traffic,On Roadway,Rear-end (front to rear),FTYROW:  Making left turn,None Indicated,,Daylight,Dry,Cloudy,None apparent,Intersection:  Four-way intersection,Paved,,Property Damage Only,0,0,0,0,0,0,2300,2,2,,POINT (-92.678786091864 43.067376981921)
2014808968,20140021259,07/24/2014,07-July,5-Thursday,03:00,0300 Hours,District 1 (Central),DES MOINES,POLK,,FRANKLIN AVE,Collision with:  Parked motor vehicle,On Roadway,Rear-end (front to rear),"Operating vehicle in an reckless, erratic, careless, negligent manner",None Indicated,,Dark - roadway lighted,Dry,Cloudy,None apparent,Non-intersection:  Non-junction/no special feature,Paved,,Property Damage Only,0,0,0,0,0,0,1500,2,1,,POINT (-93.629657562243 41.611316089653)
2014809009,2014-51407,07/24/2014,07-July,5-Thursday,15:25,1500 Hours,District 6 (East Central),DAVENPORT,SCOTT,,W LOCUST ST,Collision with:  Vehicle in traffic,On Roadway,Rear-end (front to rear),Followed too close,None Indicated,,Daylight,Dry,Clear,None apparent,Intersection:  Other intersection (explain in narrative),Paved,,Property Damage Only,0,0,0,0,0,0,6000,2,2,,POINT (-90.577329778819 41.538287420626)
2014809026,14-23908,07/24/2014,07-July,5-Thursday,18:11,1800 Hours,District 3 (Northwest),SIOUX CITY,WOODBURY,,W 19TH ST,Collision with:  Vehicle in traffic,On Roadway,Rear-end (front to rear),Followed too close,None Indicated,,Daylight,Dry,Clear,None apparent,Non-intersection:  Non-junction/no special feature,Paved,,Possible/Unknown,0,2,0,0,2,0,5000,2,3,,POINT (-96.421365301251 42.510513283239)
2014809092,02-14-11155,07/24/2014,07-July,5-Thursday,12:23,1200 Hours,District 6 (East Central),,DUBUQUE,,Co Rd Y35/JOHN DEERE RD S,Collision with:  Vehicle in traffic,On Roadway,Broadside (front to side),FTYROW:  Other (explain in narrative),None Indicated,,Daylight,Dry,Cloudy,None apparent,Intersection:  Four-way intersection,Paved,,Property Damage Only,0,0,0,0,0,0,7500,2,2,,POINT (-90.693452595208 42.541558349449)
2014808959,14-017874,07/24/2014,07-July,5-Thursday,15:55,1500 Hours,District 5 (Southeast),,MARION,IA 14,IA 14/IOWA 14,Non-collision events:  Other non-collision (explain in narrative),Shoulder,Non-collision (single vehicle),Over correcting/over steering,Alcohol (Statutory),,Daylight,Dry,Cloudy,None apparent,Non-intersection:  Non-junction/no special feature,Paved,,Property Damage Only,0,0,0,0,0,0,5000,1,1,,POINT (-93.109658845419 41.35369886371)
2014825495,14-005526,07/24/2014,07-July,5-Thursday,16:07,1600 Hours,District 4 (Southwest),PERRY,DALLAS,IA 144,IA 144/1ST AVE & DEWEY AVE,Collision with:  Vehicle in traffic,On Roadway,Rear-end (front to rear),Driver Distraction:  Passenger,None Indicated,,Daylight,Dry,Clear,None apparent,Non-intersection:  Non-junction/no special feature,Paved,,Possible/Unknown,0,2,0,0,2,0,7000,2,5,,POINT (-94.106646368284 41.844676485266)
2014809269,2014-0282,07/24/2014,07-July,5-Thursday,16:33,1600 Hours,District 5 (Southeast),NORWALK,WARREN,IA 28,IA 28/IOWA 28 & WAKONDA DR & MASTELLER RD,Collision with:  Vehicle in traffic,On Roadway,Broadside (front to side),FTYROW:  From stop sign,None Indicated,,Daylight,Dry,Clear,None apparent,Intersection:  Four-way intersection,Paved,,Possible/Unknown,0,1,0,0,1,0,7000,2,2,,POINT (-93.674170885716 41.500382077251)
2014809018,891404794,07/24/2014,07-July,5-Thursday,16:15,1600 Hours,District 5 (Southeast),,VAN BUREN,IA 1,IA 1/IOWA 1 & IA 16/IOWA 16,Collision with:  Vehicle in traffic,On Roadway,Broadside (front to side),FTYROW:  From stop sign,None Indicated,,Daylight,Dry,Clear,None apparent,Intersection:  T-intersection,Paved,,Property Damage Only,0,0,0,0,0,0,5500,2,2,,POINT (-91.930381311454 40.808648848534)
2014809163,14-031018,07/24/2014,07-July,5-Thursday,15:15,1500 Hours,District 5 (Southeast),MUSCATINE,MUSCATINE,,OREGON ST & WARREN ST,Collision with:  Vehicle in traffic,On Roadway,"Sideswipe, same direction",Disregarded RR Signal,None Indicated,,Daylight,Dry,Clear,None apparent,Non-intersection:  Railroad grade crossing,Paved,,Property Damage Only,0,0,0,0,0,0,2000,2,2,,POINT (-91.063251107663 41.40836455971)
2014813185,AC-14-0041,07/24/2014,07-July,5-Thursday,04:15,0400 Hours,District 6 (East Central),MONTICELLO,JONES,,N FARLEY ST,Collision with:  Other non-fixed object (explain in narrative),Outside trafficway,Broadside (front to side),Other (explain in narrative):  Other,None Indicated,,Dark - roadway lighted,Dry,Clear,None apparent,Non-intersection:  Non-junction/no special feature,Paved,,Property Damage Only,0,0,0,0,0,0,2000,2,1,,POINT (-91.190291330509 42.238179316368)
2014811974,SO140298,07/24/2014,07-July,5-Thursday,14:21,1400 Hours,District 4 (Southwest),CORNING,ADAMS,,SPRUCE ST,Collision with fixed object:  Ditch,On Roadway,Non-collision (single vehicle),Swerving/Evasive Action,None Indicated,,Daylight,Dry,Clear,None apparent,Non-intersection:  Non-junction/no special feature,Unpaved,,Possible/Unknown,0,1,0,0,1,0,1500,1,4,,POINT (-94.503057746274 41.144996830571)
2014810796,14-030AC-F,07/24/2014,07-July,5-Thursday,08:50,0800 Hours,District 3 (Northwest),MILFORD,DICKINSON,,10TH ST,Collision with:  Parked motor vehicle,Roadside,Head-on (front to front),Other (explain in narrative):  Other,None Indicated,,Daylight,Dry,Clear,None apparent,Non-intersection:  Non-junction/no special feature,Paved,,Property Damage Only,0,0,0,0,0,0,2800,2,2,,POINT (-95.144711949805 43.325070878996)
2014809567,2014-51397,07/24/2014,07-July,5-Thursday,14:41,1400 Hours,District 6 (East Central),DAVENPORT,SCOTT,,E 10TH ST & PERSHING AVE,Collision with:  Vehicle in traffic,On Roadway,"Sideswipe, same direction",Unknown,None Indicated,,Daylight,Dry,Cloudy,None apparent,Intersection:  Four-way intersection,Paved,,Possible/Unknown,0,1,0,0,1,0,6500,2,2,,POINT (-90.571134480358 41.529906787022)
2014809783,14074252,07/24/2014,07-July,5-Thursday,12:14,1200 Hours,District 2 (Northeast),CEDAR FALLS,BLACK HAWK,,W VIKING RD & NORDIC DR,Collision with:  Vehicle in traffic,On Roadway,Rear-end (front to rear),Other (explain in narrative):  Other,None Indicated,,Daylight,Dry,Clear,None apparent,Intersection:  Four-way intersection,Paved,,Property Damage Only,0,0,0,0,0,0,3000,2,2,,POINT (-92.447650863216 42.484033752155)
2014808924,14-1146,07/24/2014,07-July,5-Thursday,15:36,1500 Hours,District 1 (Central),,GREENE,US 30,US 30/220TH,,On Roadway,Non-collision (single vehicle),Equipment failure,None Indicated,,Daylight,Wet,Rain,None apparent,Non-intersection:  Non-junction/no special feature,Paved,,Property Damage Only,0,0,0,0,0,0,2000,1,1,,POINT (-94.271444472342 42.034511972384)
2014809153,A14-047,07/24/2014,07-July,5-Thursday,13:25,1300 Hours,District 4 (Southwest),WINTERSET,MADISON,,W BUCHANAN ST & N 4TH AVE,Collision with:  Vehicle in traffic,On Roadway,Broadside (front to side),FTYROW:  From stop sign,None Indicated,,Daylight,Dry,Clear,None apparent,Intersection:  Four-way intersection,Paved,,Property Damage Only,0,0,0,0,0,0,1700,2,3,,POINT (-94.018162204236 41.339266878174)
2014810210,14-25733,07/24/2014,07-July,5-Thursday,06:01,0600 Hours,District 5 (Southeast),BURLINGTON,DES MOINES,,DES MOINES AVE,Non-collision events:  Other non-collision (explain in narrative),On Roadway,Non-collision (single vehicle),Lost Control,None Indicated,,Daylight,Dry,Clear,None apparent,Non-intersection:  Non-junction/no special feature,Paved,,Minor Injury,0,1,0,1,0,0,3000,1,1,,POINT (-91.10708509828 40.824848498956)
2014808854,14-3513,07/24/2014,07-July,5-Thursday,07:44,0700 Hours,District 1 (Central),WEST DES MOINES,POLK,I-35,I-35,Collision with fixed object:  Other fixed object (explain in narrative),On Roadway,Non-collision (single vehicle),Lost Control,None Indicated,,Daylight,Dry,Clear,None apparent,Non-intersection:  Non-junction/no special feature,Paved,,Property Damage Only,0,0,0,0,0,0,10000,1,1,,POINT (-93.777591673648 41.583262930652)
2014810044,CL14002582,07/24/2014,07-July,5-Thursday,16:18,1600 Hours,District 6 (East Central),CLINTON,CLINTON,,13TH AVE S,Collision with:  Vehicle in traffic,On Roadway,Rear-end (front to rear),Other (explain in narrative):  No improper action,None Indicated,,Daylight,Dry,Cloudy,None apparent,Non-intersection:  Non-junction/no special feature,Paved,,Property Damage Only,0,0,0,0,0,0,3000,2,777,,POINT (-90.239246758996 41.83126339794)
2014808925,2014-1762,07/24/2014,07-July,5-Thursday,18:45,1800 Hours,District 1 (Central),JEFFERSON,GREENE,IA 4,IA 4/N ELM ST & E WASHINGTON ST,Collision with:  Vehicle in traffic,On Roadway,Broadside (front to side),FTYROW:  Other (explain in narrative),None Indicated,,Daylight,Dry,Clear,None apparent,Non-intersection:  Non-junction/no special feature,Paved,,Property Damage Only,0,0,0,0,0,0,1800,2,9,,POINT (-94.377370737487 42.017204177599)
2014809007,2014-51357,07/24/2014,07-July,5-Thursday,12:13,1200 Hours,District 6 (East Central),DAVENPORT,SCOTT,,E LOCUST ST & PERSHING AVE,Collision with:  Vehicle in traffic,On Roadway,Rear-end (front to rear),Lost Control,None Indicated,,Daylight,Dry,Clear,None apparent,Non-intersection:  Non-junction/no special feature,Paved,,Property Damage Only,0,0,0,0,0,0,2500,2,2,,POINT (-90.570821521326 41.538267127543)
2014810063,2014-14950,07/24/2014,07-July,5-Thursday,15:00,1500 Hours,District 6 (East Central),,SCOTT,I-80,I-80,Collision with fixed object:  Other fixed object (explain in narrative),,,Ran off road - right,None Indicated,,,,,,,Paved,,Property Damage Only,0,0,0,0,0,0,5000,1,1,,POINT (-90.405819342785 41.597299376139)
2014809068,14-152,07/24/2014,07-July,5-Thursday,14:57,1400 Hours,District 2 (Northeast),WAVERLY,BREMER,IA 3,IA 3/BREMER AVE & 1ST ST SE & 1ST ST NE,Collision with:  Parked motor vehicle,On Roadway,Rear-end (front to rear),FTYROW:  Other (explain in narrative),None Indicated,,Daylight,Dry,Clear,None apparent,Non-intersection:  Non-junction/no special feature,Paved,,Property Damage Only,0,0,0,0,0,0,2000,2,2,,POINT (-92.469365786387 42.725794794015)
2014812352,W14-074324,07/24/2014,07-July,5-Thursday,17:34,1700 Hours,District 2 (Northeast),WATERLOO,BLACK HAWK,,HAMMOND AVE,Collision with fixed object:  Utility pole/light support,On Roadway,Non-collision (single vehicle),Crossed centerline (undivided),None Indicated,,Daylight,Dry,Cloudy,None apparent,Non-intersection:  Non-junction/no special feature,Paved,,Property Damage Only,0,0,0,0,0,0,4000,1,1,,POINT (-92.337499498458 42.474876382266)
2014809006,2014-51287,07/24/2014,07-July,5-Thursday,07:45,0700 Hours,District 6 (East Central),DAVENPORT,SCOTT,US 67,US 67/NW LOOP & BROWN ST,Collision with:  Vehicle in traffic,On Roadway,"Sideswipe, same direction",Lost Control,None Indicated,,Daylight,Dry,Clear,None apparent,Non-intersection:  Other non-intersection (explain in narrative),Paved,,Property Damage Only,0,0,0,0,0,0,2000,2,2,,POINT (-90.584467349938 41.520758038918)
2014809482,1407242381,07/24/2014,07-July,5-Thursday,21:50,2100 Hours,District 6 (East Central),,CLINTON,US 61,US 61,Collision with:  Animal,,,Animal,None Indicated,,,,,,,Paved,,Property Damage Only,0,0,0,0,0,0,6500,1,1,,POINT (-90.648897782236 41.971638193572)
2014808788,14108746,07/24/2014,07-July,5-Thursday,13:00,1300 Hours,District 6 (East Central),SWISHER,JOHNSON,,DIVISION ST & JEFFERSON AVE,Collision with fixed object:  Culvert/pipe opening,Roadside,Non-collision (single vehicle),Ran off road - right,None Indicated,,Daylight,Dry,Clear,None apparent,Non-intersection:  Other non-intersection (explain in narrative),Paved,,Property Damage Only,0,0,0,0,0,0,5000,1,1,,POINT (-91.695658247538 41.847536959893)
2014809029,2014043048,07/24/2014,07-July,5-Thursday,18:30,1800 Hours,District 1 (Central),,HAMILTON,I-35,I-35,Collision with fixed object:  Culvert/pipe opening,Median,Non-collision (single vehicle),Ran off road - left,None Indicated,,Daylight,Wet,Rain,"Surface condition (e.g., wet, icy)",Non-intersection:  Non-junction/no special feature,Paved,,Property Damage Only,0,0,0,0,0,0,6000,1,1,,POINT (-93.570275978206 42.299313758881)
2014809228,14-1632,07/24/2014,07-July,5-Thursday,17:13,1700 Hours,District 1 (Central),URBANDALE,POLK,,BIRCHWOOD CT & NW 86TH ST & NORTHPARK DR,Collision with fixed object:  Other fixed object (explain in narrative),On Roadway,Non-collision (single vehicle),Made improper turn,None Indicated,,Daylight,Dry,Clear,None apparent,Intersection:  Four-way intersection,Paved,,Property Damage Only,0,0,0,0,0,0,4000,1,1,,POINT (-93.736436526199 41.655474236504)
2014808932,2014007917,07/24/2014,07-July,5-Thursday,10:50,1000 Hours,District 6 (East Central),IOWA CITY,JOHNSON,US 6,US 6/S RIVERSIDE DR,Collision with:  Vehicle in traffic,On Roadway,Rear-end (front to rear),Followed too close,None Indicated,,Daylight,Dry,Cloudy,None apparent,Non-intersection:  Other non-intersection (explain in narrative),Paved,,Property Damage Only,0,0,0,0,0,0,11000,2,2,,POINT (-91.540298886484 41.652509024793)
2014811973,SO140299,07/24/2014,07-July,5-Thursday,15:18,1500 Hours,District 4 (Southwest),,ADAMS,,220TH ST,Non-collision events:  Other non-collision (explain in narrative),On Roadway,Non-collision (single vehicle),Exceeded authorized speed,None Indicated,,Daylight,"Mud, dirt",Clear,None apparent,Non-intersection:  Non-junction/no special feature,Unpaved,,Property Damage Only,0,0,0,0,0,0,3000,1,5,,POINT (-94.705301537945 40.98637556416)
2014808950,201410676,07/24/2014,07-July,5-Thursday,16:20,1600 Hours,District 6 (East Central),CEDAR RAPIDS,LINN,,3RD AVE SE & 19TH ST SE,Collision with:  Vehicle in traffic,On Roadway,Broadside (front to side),Ran Traffic Signal,None Indicated,,Daylight,Dry,Cloudy,None apparent,Intersection:  Four-way intersection,Paved,,Property Damage Only,0,0,0,0,0,0,6000,2,2,,POINT (-91.64258333024 41.990990146927)
2014811796,14C03449,07/24/2014,07-July,5-Thursday,16:21,1600 Hours,District 4 (Southwest),CRESTON,UNION,,W ADAMS ST & S ELM ST & N ELM ST,Collision with:  Vehicle in traffic,On Roadway,Broadside (front to side),Unknown,None Indicated,,Daylight,Dry,Clear,None apparent,Non-intersection:  Non-junction/no special feature,Paved,,Property Damage Only,0,0,0,0,0,0,1800,2,2,,POINT (-94.363850341312 41.057309721959)
2014809840,2014007509,07/24/2014,07-July,5-Thursday,09:38,0900 Hours,District 1 (Central),MARSHALLTOWN,MARSHALL,,WASHINGTON ST & S CENTER ST,Collision with:  Vehicle in traffic,On Roadway,"Sideswipe, same direction",FTYROW:  From stop sign,None Indicated,,Daylight,Dry,Clear,None apparent,Interchange-related:  On-ramp merge area,Paved,,Property Damage Only,0,0,0,0,0,0,3500,2,2,,POINT (-92.912790050666 42.039963316573)
2014821798,ACC14-017,07/24/2014,07-July,5-Thursday,16:30,1600 Hours,District 2 (Northeast),CRESCO,HOWARD,,5TH AVE W & 5TH ST W,Collision with:  Parked motor vehicle,On Roadway,Rear-end (front to rear),Unknown,None Indicated,,Daylight,Dry,Clear,None apparent,Non-intersection:  Non-junction/no special feature,Paved,,Property Damage Only,0,0,0,0,0,0,2347,2,2,,POINT (-92.123697971606 43.377736238717)
2014810170,14-469,07/24/2014,07-July,5-Thursday,16:30,1600 Hours,District 5 (Southeast),CORYDON,WAYNE,IA 14,IA 14/JACKSON ST/ANTHONY ST,Collision with:  Vehicle in traffic,On Roadway,"Sideswipe, same direction",Unknown,None Indicated,,Daylight,Dry,Clear,None apparent,Intersection:  T-intersection,Paved,,Property Damage Only,0,0,0,0,0,0,1500,2,2,,POINT (-93.318098226696 40.758441486552)
2014808856,14-3519,07/24/2014,07-July,5-Thursday,13:18,1300 Hours,District 1 (Central),WEST DES MOINES,POLK,,FULLER RD & S 35TH ST,Collision with:  Vehicle in traffic,On Roadway,Rear-end (front to rear),Other (explain in narrative):  Other,None Indicated,,Daylight,Dry,Clear,None apparent,Intersection:  Four-way intersection,Paved,,Possible/Unknown,0,1,0,0,1,0,5100,3,4,,POINT (-93.751748484041 41.559259359262)
2014810449,14-031091,07/24/2014,07-July,5-Thursday,22:24,2200 Hours,District 5 (Southeast),LETTS,MUSCATINE,,INDEPENDANCE AVE,Non-collision events:  Overturn/rollover,On Roadway,Non-collision (single vehicle),Ran off road - right,None Indicated,,Dark - roadway not lighted,Dry,Clear,"Surface condition (e.g., wet, icy)",Non-intersection:  Non-junction/no special feature,Unpaved,,Minor Injury,0,1,0,1,0,0,2000,1,1,,POINT (-91.214925315608 41.37696994543)
2014809093,02-14-11161,07/24/2014,07-July,5-Thursday,15:00,1500 Hours,District 6 (East Central),DUBUQUE,DUBUQUE,,OLD HIGHWAY RD,,Shoulder,Non-collision (single vehicle),Ran off road - right,Alcohol (Statutory),,Daylight,Dry,Clear,None apparent,Non-intersection:  Non-junction/no special feature,Paved,,Property Damage Only,0,0,0,0,0,0,5200,1,1,,POINT (-90.762788231403 42.482661510897)
2014809229,14-1634,07/24/2014,07-July,5-Thursday,19:29,1900 Hours,District 1 (Central),URBANDALE,POLK,I-35,I-35 & IA 141/IOWA 141,Collision with:  Vehicle in traffic,On Roadway,Rear-end (front to rear),Followed too close,Under Influence of Alcohol/Drugs/Medications,,Daylight,Dry,Cloudy,None apparent,Interchange-related:  On-ramp,Paved,,Possible/Unknown,0,1,0,0,1,0,2001,2,3,,POINT (-93.775015240263 41.650671985405)
2014899619,NT-14-088,07/24/2014,07-July,5-Thursday,14:45,1400 Hours,District 1 (Central),NEVADA,STORY,US 30,US 30 & 6TH ST,Collision with:  Vehicle in traffic,On Roadway,Non-collision (single vehicle),FTYROW:  From yield sign,None Indicated,,Daylight,Dry,Clear,None apparent,Non-intersection:  Non-junction/no special feature,Paved,,Property Damage Only,0,0,0,0,0,0,2500,2,2,,POINT (-93.453312769363 42.00565976096)
2014809139,14-22711,07/24/2014,07-July,5-Thursday,22:03,2200 Hours,District 5 (Southeast),FORT MADISON,LEE,US 61,US 61,Collision with:  Animal,,,Animal,None Indicated,,,,,,,Paved,,Property Damage Only,0,0,0,0,0,0,2500,1,777,,POINT (-91.347200037628 40.670447741126)
2014814090,2014-8802,07/24/2014,07-July,5-Thursday,15:05,1500 Hours,District 2 (Northeast),FOREST CITY,WINNEBAGO,US 69,US 69/170TH AVE & IA 9/350TH ST & SECOR AVE FAS 75,Collision with:  Vehicle in traffic,On Roadway,"Angle, oncoming left turn",FTYROW:  Making left turn,None Indicated,,Daylight,Dry,Cloudy,None apparent,Intersection:  Four-way intersection,Paved,,Property Damage Only,0,0,0,0,0,0,10000,2,2,,POINT (-93.633502771105 43.270194881564)
2014809025,14-23903,07/24/2014,07-July,5-Thursday,18:03,1800 Hours,District 3 (Northwest),SIOUX CITY,WOODBURY,I-29,I-29,Collision with:  Other non-fixed object (explain in narrative),On Roadway,Non-collision (single vehicle),Other (explain in narrative):  No improper action,None Indicated,,Daylight,Dry,Clear,Work Zone (roadway-related),"Interchange-related:  Off-ramp, diverge area",Paved,Yes,Property Damage Only,0,0,0,0,0,0,3000,1,1,,POINT (-96.376064472088 42.434752539738)
2014808945,201410678,07/24/2014,07-July,5-Thursday,17:00,1700 Hours,District 6 (East Central),CEDAR RAPIDS,LINN,,18TH ST SW,Collision with:  Parked motor vehicle,On Roadway,Rear-end (front to rear),Lost Control,None Indicated,,Daylight,"Mud, dirt",Clear,None apparent,Non-intersection:  Non-junction/no special feature,Paved,,Possible/Unknown,0,1,0,0,1,0,5800,2,1,,POINT (-91.696050204461 41.963924181521)
2014809769,201400035848,07/24/2014,07-July,5-Thursday,13:19,1300 Hours,District 5 (Southeast),OTTUMWA,WAPELLO,,S JEFFERSON ST,Collision with:  Vehicle in traffic,On Roadway,Rear-end (front to rear),Driving too fast for conditions,None Indicated,,Daylight,Dry,Cloudy,Work Zone (roadway-related),Non-intersection:  Other non-intersection (explain in narrative),Paved,Yes,Possible/Unknown,0,1,0,0,1,0,5000,3,5,,POINT (-92.412069932089 41.013300544331)
2014810111,2014007522,07/24/2014,07-July,5-Thursday,14:40,1400 Hours,District 1 (Central),MARSHALLTOWN,MARSHALL,IA 14,IA 14/S CENTER ST & WESTWOOD DR,Collision with:  Vehicle in traffic,On Roadway,Rear-end (front to rear),Driver Distraction:  Manual operation of an electronic communication device,None Indicated,,Daylight,Dry,Clear,None apparent,Non-intersection:  Non-junction/no special feature,Paved,,Property Damage Only,0,0,0,0,0,0,4500,2,2,,POINT (-92.912356871785 42.021076106935)