Iowa DOT Case Number,Law Enforcement Case Number,Date of Crash,Month of Crash,Day of Week,Time of Crash,Hour,DOT District,City Name,County Name,Route with System,Location Description,First Harmful Event,Location of First Harmful Event,Manner of Crash/Collision,Major Cause,Drug or Alcohol ,Environmental Conditions,Light Conditions,Surface Conditions,Weather Conditions,Roadway Contribution,Roadway Type,Roadway Surface,Work Zone,Crash Severity,Number of Fatalities,Number of Injuries,Number of Major Injuries,Number of Minor Injuries,Number of Possible Injuries,Number of Unknown Injuries,Amount of Property Damage,Number of Vehicles Involved,Total Number of Occupants,Travel Direction,Location
2014811157,143878,07/24/2014,07-July,5-Thursday,18:45,1800 Hours,District 1 (Central),IOWA FALLS,HARDIN,US 65,US 65/OAK ST,Collision with:  Vehicle in traffic,On Roadway,Rear-end (front to rear),Swerving/Evasive Action,None Indicated,,Daylight,Wet,Rain,None apparent,Non-intersection:  Non-junction/no special feature,Paved,,Property Damage Only,0,0,0,0,0,0,7400,2,3,,POINT (-93.262375128694 42.506858618056)
2014809370,201400002565,07/24/2014,07-July,5-Thursday,13:36,1300 Hours,District 6 (East Central),,LINN,,Co Rd E36/BLAIRS FERRY RD & ANTLER DR & WAY SIDE CIR,Collision with:  Vehicle in traffic,On Roadway,Rear-end (front to rear),Followed too close,None Indicated,,Daylight,Dry,Clear,None apparent,Intersection:  Four-way intersection,Paved,,Property Damage Only,0,0,0,0,0,0,3000,2,4,,POINT (-91.727566109268 42.041111685691)
2014816373,,07/24/2014,07-July,5-Thursday,11:57,1100 Hours,District 2 (Northeast),CLEAR LAKE,CERRO GORDO,US 18,US 18 & N 14TH ST,Collision with:  Vehicle in traffic,On Roadway,"Angle, oncoming left turn",FTYROW:  From stop sign,None Indicated,,Daylight,Dry,Clear,None apparent,Intersection:  Four-way intersection,Paved,,Property Damage Only,0,0,0,0,0,0,5000,2,2,,POINT (-93.371346769833 43.144199263683)
2014809022,14-2244,07/24/2014,07-July,5-Thursday,18:20,1800 Hours,District 1 (Central),FORT DODGE,WEBSTER,,20TH AVE N & N 14TH ST,Collision with:  Vehicle in traffic,On Roadway,"Sideswipe, same direction",Other (explain in narrative):  Other,None Indicated,,Daylight,Wet,Cloudy,None apparent,Non-intersection:  Non-junction/no special feature,Paved,,Property Damage Only,0,0,0,0,0,0,1700,2,3,,POINT (-94.183967055242 42.52618686523)
2014810950,,07/24/2014,07-July,5-Thursday,17:28,1700 Hours,District 2 (Northeast),,WINNESHIEK,,Co Rd W42/CO RD W42,Collision with fixed object:  Other fixed object (explain in narrative),On Roadway,Non-collision (single vehicle),Ran off road - right,None Indicated,,Daylight,Dry,Cloudy,None apparent,Non-intersection:  Non-junction/no special feature,Paved,,Property Damage Only,0,0,0,0,0,0,1700,1,1,,POINT (-91.784066678734 43.089660887399)
2014808952,14015416,07/24/2014,07-July,5-Thursday,15:48,1500 Hours,District 6 (East Central),MARION,LINN,,8TH AVE & 6TH ST,Collision with:  Vehicle in traffic,On Roadway,Rear-end (front to rear),Followed too close,None Indicated,,Daylight,Dry,Clear,None apparent,Intersection:  Four-way intersection,Paved,,Minor Injury,0,1,0,1,0,0,7000,2,2,,POINT (-91.603900273106 42.034161979409)
2014809612,2014043042,07/24/2014,07-July,5-Thursday,17:40,1700 Hours,District 6 (East Central),DAVENPORT,SCOTT,I-80,I-80,Collision with:  Vehicle in traffic,On Roadway,Rear-end (front to rear),Other (explain in narrative):  No improper action,None Indicated,,Daylight,Dry,Cloudy,None apparent,Interchange-related:  On-ramp merge area,Paved,,Property Damage Only,0,0,0,0,0,0,15000,2,2,,POINT (-90.572868147716 41.596635609963)
2014809755,14-23920,07/24/2014,07-July,5-Thursday,20:30,2000 Hours,District 3 (Northwest),SIOUX CITY,WOODBURY,,6TH ST & JACKSON ST,Collision with:  Non-motorist (see non-motorist section - NOT a unit),On Roadway,Non-collision (single vehicle),FTYROW:  To pedestrian,None Indicated,,Dusk,Dry,Clear,None apparent,Intersection:  Four-way intersection,Paved,,Minor Injury,0,1,0,1,0,0,1000,1,1,,POINT (-96.401976426898 42.496368838664)
2014810022,14074125,07/24/2014,07-July,5-Thursday,01:23,0100 Hours,District 2 (Northeast),,BLACK HAWK,US 20,US 20,Collision with fixed object:  Other fixed object (explain in narrative),Shoulder,Non-collision (single vehicle),Driver Distraction:  Inattentive/lost in thought,None Indicated,,Dark - unknown roadway lighting,Dry,Clear,None apparent,Non-intersection:  Non-junction/no special feature,Paved,,Property Damage Only,0,0,0,0,0,0,11800,1,1,,POINT (-92.483614679314 42.465135968258)
2014809062,W14-074280,07/24/2014,07-July,5-Thursday,14:37,1400 Hours,District 2 (Northeast),WATERLOO,BLACK HAWK,US 218,US 218 & W 9TH ST,Collision with:  Vehicle in traffic,On Roadway,"Sideswipe, same direction",Made improper turn,None Indicated,,Daylight,Dry,Clear,None apparent,Intersection:  Other intersection (explain in narrative),Paved,,Property Damage Only,0,0,0,0,0,0,2500,2,2,,POINT (-92.336942604943 42.489597733121)
2014808845,20140021185,07/24/2014,07-July,5-Thursday,06:50,0600 Hours,District 1 (Central),DES MOINES,POLK,I-235,I-235,Collision with:  Vehicle in traffic,On Roadway,"Sideswipe, same direction",FTYROW:  Other (explain in narrative),None Indicated,,Daylight,Dry,Clear,None apparent,Non-intersection:  Non-junction/no special feature,Paved,,Possible/Unknown,0,1,0,0,0,1,1500,2,2,,POINT (-93.575318251945 41.626760011344)
2014808835,20140021188,07/24/2014,07-July,5-Thursday,07:25,0700 Hours,District 1 (Central),DES MOINES,POLK,I-235,I-235 & SCHOOL ST & MLK JR PKWY,Collision with:  Vehicle in traffic,On Roadway,Broadside (front to side),Ran Traffic Signal,None Indicated,,Daylight,Dry,Clear,None apparent,Intersection:  Four-way intersection,Paved,,Property Damage Only,0,0,0,0,0,0,12500,2,2,,POINT (-93.644284900106 41.595337294093)
2014809086,01-14-32772,07/24/2014,07-July,5-Thursday,17:36,1700 Hours,District 6 (East Central),DUBUQUE,DUBUQUE,US 20,US 20/DODGE ST,Collision with:  Vehicle in traffic,On Roadway,Rear-end (front to rear),Lost Control,None Indicated,,Daylight,Dry,Clear,None apparent,Non-intersection:  Non-junction/no special feature,Paved,,Property Damage Only,0,0,0,0,0,0,7500,2,4,,POINT (-90.744961287951 42.487156817069)
2014808926,2014-4163,07/24/2014,07-July,5-Thursday,09:23,0900 Hours,District 1 (Central),UNION,HARDIN,,CENTER ST & 3RD ST,Collision with:  Vehicle in traffic,On Roadway,Broadside (front to side),FTYROW:  From stop sign,None Indicated,,Daylight,Dry,Clear,None apparent,Intersection:  Four-way intersection,Paved,,Property Damage Only,0,0,0,0,0,0,1500,2,2,,POINT (-93.063516043621 42.245262718864)
2014809138,14-022629,07/24/2014,07-July,5-Thursday,06:25,0600 Hours,District 5 (Southeast),MONTROSE,LEE,,Co Rd X28/MISSISSIPPI RIVER RD,Collision with:  Animal,,,Animal,None Indicated,,,,,,,Paved,,Property Damage Only,0,0,0,0,0,0,1501,1,1,,POINT (-91.384524470195 40.515906905955)
2014809667,14012492,07/24/2014,07-July,5-Thursday,16:51,1600 Hours,District 2 (Northeast),MASON CITY,CERRO GORDO,IA 122,IA 122/4TH ST SW & S EISENHOWER AVE,Collision with:  Vehicle in traffic,On Roadway,Rear-end (front to rear),Lost Control,None Indicated,,Daylight,Dry,Cloudy,None apparent,Non-intersection:  Non-junction/no special feature,Paved,,Property Damage Only,0,0,0,0,0,0,3000,2,4,,POINT (-93.260613085241 43.148269091284)
2014810209,14-25089,07/24/2014,07-July,5-Thursday,18:43,1800 Hours,District 5 (Southeast),BURLINGTON,DES MOINES,,HEDGE AVE & 6TH ST,Collision with:  Parked motor vehicle,On Roadway,"Sideswipe, same direction",Unknown,None Indicated,,Daylight,Dry,Clear,None apparent,Non-intersection:  Non-junction/no special feature,Paved,,Property Damage Only,0,0,0,0,0,0,1500,2,2,,POINT (-91.103459340656 40.788118127255)
2014809028,2014043035,07/24/2014,07-July,5-Thursday,17:15,1700 Hours,District 1 (Central),,HAMILTON,IA 17,IA 17/BRIGGS WOOD RD,Collision with:  Vehicle in traffic,Shoulder,Unknown,Improper Backing,None Indicated,,Daylight,Wet,Rain,None apparent,Non-intersection:  Non-junction/no special feature,Paved,,Property Damage Only,0,0,0,0,0,0,3000,2,3,,POINT (-93.796917054582 42.411546717686)
2014809348,072414A,07/24/2014,07-July,5-Thursday,18:30,1800 Hours,District 4 (Southwest),,FREMONT,,Co Rd L44/BLUFF RD & 285 ST,Collision with fixed object:  Ditch,On Roadway,Non-collision (single vehicle),Swerving/Evasive Action,None Indicated,,Daylight,Dry,Clear,Work Zone (roadway-related),Intersection:  T-intersection,Paved,Yes,Possible/Unknown,0,1,0,0,1,0,4000,1,2,,POINT (-95.681048685938 40.637153546693)
2014809151,14-003271,07/24/2014,07-July,5-Thursday,13:24,1300 Hours,District 3 (Northwest),ROCK RAPIDS,LYON,IA 9,IA 9/1ST AVE & S ADAMS ST & N ADAMS ST,Collision with:  Vehicle in traffic,On Roadway,"Sideswipe, same direction",Crossed centerline (undivided),None Indicated,,Daylight,Wet,Rain,None apparent,Non-intersection:  Non-junction/no special feature,Paved,,Property Damage Only,0,0,0,0,0,0,2500,2,3,,POINT (-96.173955613592 43.431875385581)
2014810028,145270,07/24/2014,07-July,5-Thursday,21:39,2100 Hours,District 4 (Southwest),,DALLAS,US 169,US 169/141ST ST & IA 141,Collision with:  Animal,,,Animal,None Indicated,,,,,,,Paved,,Property Damage Only,0,0,0,0,0,0,4000,1,1,,POINT (-94.023887778217 41.83587893864)
2014808777,14-006435,07/24/2014,07-July,5-Thursday,09:43,0900 Hours,District 6 (East Central),MANCHESTER,DELAWARE,IA 13,IA 13/W MAIN ST/N FRANKLIN ST & E MAIN ST & S FRANKLIN ST,Collision with:  Vehicle in traffic,On Roadway,Rear-end (front to rear),Improper Backing,None Indicated,,Daylight,Dry,Clear,None apparent,Intersection:  Four-way intersection,Paved,,Property Damage Only,0,0,0,0,0,0,1500,2,3,,POINT (-91.457901557435 42.48396799736)
2014810429,14-14056,07/24/2014,07-July,5-Thursday,13:35,1300 Hours,District 6 (East Central),BETTENDORF,SCOTT,I-80,I-80,Collision with:  Vehicle in traffic,On Roadway,Rear-end (front to rear),Followed too close,None Indicated,,Daylight,Dry,Clear,None apparent,Non-intersection:  Non-junction/no special feature,Paved,,Property Damage Only,0,0,0,0,0,0,5000,2,5,,POINT (-90.445995044188 41.597433952264)
2014809781,14074232,07/24/2014,07-July,5-Thursday,11:06,1100 Hours,District 2 (Northeast),CEDAR FALLS,BLACK HAWK,,UNIVERSITY AVE & S MAIN ST,Collision with:  Vehicle in traffic,On Roadway,"Angle, oncoming left turn",FTYROW:  Making left turn,None Indicated,,Daylight,Dry,Cloudy,None apparent,Intersection:  Four-way intersection,Paved,,Property Damage Only,0,0,0,0,0,0,4000,2,3,,POINT (-92.445824708438 42.513095802869)
2014810795,14-029-AC-F,07/24/2014,07-July,5-Thursday,13:05,1300 Hours,District 3 (Northwest),MILFORD,DICKINSON,,16TH ST & M AVE,Collision with:  Vehicle in traffic,On Roadway,Broadside (front to side),FTYROW:  At uncontrolled intersection,None Indicated,,Daylight,Wet,Rain,None apparent,Intersection:  Four-way intersection,Paved,,Property Damage Only,0,0,0,0,0,0,5500,2,4,,POINT (-95.152768471566 43.33073616487)
2014810518,02-14-11240,07/25/2014,07-July,6-Friday,20:41,2000 Hours,District 6 (East Central),,DUBUQUE,,OAKLAND FARMS RD,Collision with fixed object:  Culvert/pipe opening,Roadside,Non-collision (single vehicle),Exceeded authorized speed,None Indicated,,Dark - roadway not lighted,Dry,Cloudy,None apparent,Non-intersection:  Non-junction/no special feature,Paved,,Minor Injury,0,1,0,1,0,0,3000,1,3,,POINT (-90.707378181253 42.447480968732)
2014832894,14-005349,07/25/2014,07-July,6-Friday,13:00,1300 Hours,District 3 (Northwest),EMMETSBURG,PALO ALTO,,1ST ST & KING ST,Collision with:  Vehicle in traffic,On Roadway,Rear-end (front to rear),Lost Control,None Indicated,,Daylight,Dry,Cloudy,None apparent,Intersection:  T-intersection,Paved,,Property Damage Only,0,0,0,0,0,0,2250,2,2,,POINT (-94.691402455054 43.119188152261)
2014815188,2014-51591,07/25/2014,07-July,6-Friday,09:00,0900 Hours,District 6 (East Central),DAVENPORT,SCOTT,,E LOCUST ST & KENWOOD AVE,Collision with:  Vehicle in traffic,On Roadway,Rear-end (front to rear),Lost Control,None Indicated,,Daylight,Wet,Cloudy,None apparent,Non-intersection:  Non-junction/no special feature,Paved,,Property Damage Only,0,0,0,0,0,0,3500,3,3,,POINT (-90.535920019533 41.538451795314)
2014810801,2014043281,07/25/2014,07-July,6-Friday,21:50,2100 Hours,District 2 (Northeast),,FRANKLIN,I-35,I-35,Collision with:  Animal,,,Animal,None Indicated,,,,,,,Paved,,Property Damage Only,0,0,0,0,0,0,6000,1,1,,POINT (-93.387738347575 42.761290931342)
2014809094,02-14-11218,07/25/2014,07-July,6-Friday,14:19,1400 Hours,District 6 (East Central),,DUBUQUE,US 151,US 151 & Co Rd Y21/SUNDOWN RD & DRISCOLL RD,Collision with:  Vehicle in traffic,On Roadway,"Sideswipe, same direction",Other (explain in narrative):  Other,None Indicated,,Daylight,Dry,Cloudy,None apparent,Intersection:  Four-way intersection,Paved,,Property Damage Only,0,0,0,0,0,0,2000,2,2,,POINT (-90.872401698084 42.332206334077)
2014809144,201410733,07/25/2014,07-July,6-Friday,15:44,1500 Hours,District 6 (East Central),CEDAR RAPIDS,LINN,,ELLIS RD NW & EDGEWOOD RD NW,Collision with:  Vehicle in traffic,On Roadway,"Angle, oncoming left turn",FTYROW:  Making left turn,None Indicated,,Daylight,Dry,Cloudy,None apparent,Intersection:  Four-way intersection,Paved,,Major Injury,0,2,2,0,0,0,28000,3,3,,POINT (-91.707877938114 42.005037261826)
2014809245,14-031155,07/25/2014,07-July,6-Friday,22:30,2200 Hours,District 4 (Southwest),COUNCIL BLUFFS,POTTAWATTAMIE,,AVE G & N 25TH ST,Collision with:  Vehicle in traffic,On Roadway,Broadside (front to side),Ran Stop Sign,None Indicated,,Dark - roadway lighted,Dry,Clear,None apparent,Intersection:  Four-way intersection,Paved,,Property Damage Only,0,0,0,0,0,0,3000,2,2,,POINT (-95.881793512659 41.268079375657)
2014809770,201400036022,07/25/2014,07-July,6-Friday,11:44,1100 Hours,District 5 (Southeast),OTTUMWA,WAPELLO,US 34,US 34/MYRTLE ST & CHURCH ST,Collision with:  Vehicle in traffic,On Roadway,Broadside (front to side),Ran Traffic Signal,None Indicated,,Daylight,Dry,Cloudy,None apparent,Intersection:  Four-way intersection,Paved,,Possible/Unknown,0,1,0,0,1,0,1500,2,3,,POINT (-92.417063643397 41.010740568098)
2014809219,20140021369,07/25/2014,07-July,6-Friday,15:53,1500 Hours,District 1 (Central),DES MOINES,POLK,,WOODLAND AVE & 25TH ST,Collision with fixed object:  Utility pole/light support,On Roadway,Non-collision (single vehicle),Lost Control,None Indicated,,Daylight,Dry,Clear,None apparent,Non-intersection:  Non-junction/no special feature,Paved,,Property Damage Only,0,0,0,0,0,0,3500,1,3,,POINT (-93.650882989126 41.588040293059)
2014809283,14-24002,07/25/2014,07-July,6-Friday,17:09,1700 Hours,District 3 (Northwest),SIOUX CITY,WOODBURY,,11TH ST & FOWLER ST,Collision with:  Vehicle in traffic,On Roadway,Broadside (front to side),FTYROW:  From stop sign,None Indicated,,Daylight,Dry,Clear,None apparent,Intersection:  Four-way intersection,Paved,,Possible/Unknown,0,1,0,0,1,0,9500,2,2,,POINT (-96.379793146123 42.501762293291)
2014810509,01-14-32945,07/25/2014,07-July,6-Friday,19:29,1900 Hours,District 6 (East Central),DUBUQUE,DUBUQUE,,E 5TH ST,Collision with:  Vehicle in traffic,On Roadway,Broadside (front to side),FTYROW:  From driveway,None Indicated,,Daylight,Dry,Cloudy,None apparent,Non-intersection:  Driveway access (within),Paved,,Property Damage Only,0,0,0,0,0,0,3500,2,5,,POINT (-90.655806149154 42.497434038277)
2014809142,201410716,07/25/2014,07-July,6-Friday,10:18,1000 Hours,District 6 (East Central),CEDAR RAPIDS,LINN,IA 922,IA 922/1ST AVE W,Collision with:  Vehicle in traffic,On Roadway,Rear-end (front to rear),Lost Control,None Indicated,,Daylight,Wet,Rain,"Surface condition (e.g., wet, icy)",Non-intersection:  Non-junction/no special feature,Paved,,Major Injury,0,1,1,0,0,0,9700,4,6,,POINT (-91.685806419326 41.972066286907)
2014809856,14-074606,07/25/2014,07-July,6-Friday,16:06,1600 Hours,District 2 (Northeast),WATERLOO,BLACK HAWK,IA 281,IA 281/INDEPENDENCE AVE,Collision with:  Vehicle in traffic,On Roadway,Rear-end (front to rear),Followed too close,None Indicated,,Daylight,Dry,Clear,None apparent,Non-intersection:  Non-junction/no special feature,Paved,,Property Damage Only,0,0,0,0,0,0,9000,2,2,,POINT (-92.17713885368 42.497702668492)
2014809278,S14-7343,07/25/2014,07-July,6-Friday,06:20,0600 Hours,District 3 (Northwest),,WOODBURY,US 20,US 20 & Co Rd K67/HUMBOLT AVE,Collision with:  Vehicle in traffic,On Roadway,Broadside (front to side),FTYROW:  From yield sign,None Indicated,,Dawn,Dry,Clear,None apparent,Intersection:  Four-way intersection,Paved,,Major Injury,0,1,1,0,0,0,18000,2,2,,POINT (-96.056095136676 42.481793403337)
2014810269,14-074734,07/25/2014,07-July,6-Friday,21:39,2100 Hours,District 2 (Northeast),CEDAR FALLS,BLACK HAWK,,Co Rd V25/WAGNER RD,Collision with:  Animal,,,Animal,None Indicated,,,,,,,Paved,,Property Damage Only,0,0,0,0,0,0,6500,1,1,,POINT (-92.37693231001 42.627510887193)
2014809282,14-23998,07/25/2014,07-July,6-Friday,16:34,1600 Hours,District 3 (Northwest),SIOUX CITY,WOODBURY,,14TH ST,Collision with fixed object:  Utility pole/light support,On Roadway,Non-collision (single vehicle),Ran off road - right,None Indicated,,Daylight,Dry,Clear,None apparent,Non-intersection:  Non-junction/no special feature,Paved,,Property Damage Only,0,0,0,0,0,0,10421,1,2,,POINT (-96.370503745317 42.50462047036)
2014809884,14-25904,07/25/2014,07-July,6-Friday,14:13,1400 Hours,District 5 (Southeast),BURLINGTON,DES MOINES,,SUMMER ST,Collision with:  Parked motor vehicle,On Roadway,Broadside (front to side),FTYROW:  From driveway,None Indicated,,Daylight,Dry,Cloudy,None apparent,Non-intersection:  Driveway access (within),Paved,,Property Damage Only,0,0,0,0,0,0,2100,2,1,,POINT (-91.114747882276 40.797545215767)
2014809118,2014007972,07/25/2014,07-July,6-Friday,17:21,1700 Hours,District 6 (East Central),IOWA CITY,JOHNSON,,N LINN ST,Collision with:  Vehicle in traffic,On Roadway,"Angle, oncoming left turn",Illegally Parked/Unattended,None Indicated,,Daylight,Dry,Clear,None apparent,Non-intersection:  Alley,Paved,,Property Damage Only,0,0,0,0,0,0,2200,2,4,,POINT (-91.531581987825 41.664061851741)
2014809217,20140021362,07/25/2014,07-July,6-Friday,15:13,1500 Hours,District 1 (Central),DES MOINES,POLK,,55TH ST,Collision with:  Vehicle in traffic,On Roadway,Rear-end (front to rear),Followed too close,None Indicated,,Daylight,Dry,Cloudy,None apparent,Non-intersection:  Non-junction/no special feature,Paved,,Minor Injury,0,1,0,1,0,0,5000,2,3,,POINT (-93.69308405703 41.605393747343)
2014809615,2014043153,07/25/2014,07-July,6-Friday,10:38,1000 Hours,District 4 (Southwest),PACIFIC JUNCTION,MILLS,I-29,I-29,Collision with fixed object:  Ditch,Median,Non-collision (single vehicle),Ran off road - left,None Indicated,,Daylight,Dry,Clear,None apparent,Non-intersection:  Non-junction/no special feature,Paved,,Possible/Unknown,0,1,0,0,1,0,3000,1,2,,POINT (-95.807073305908 41.003495056213)
2014890173,261401292,07/25/2014,07-July,6-Friday,02:51,0200 Hours,District 5 (Southeast),DRAKESVILLE,DAVIS,,Co Rd T7J/150TH ST,Non-collision events:  Overturn/rollover,Outside trafficway,Non-collision (single vehicle),Exceeded authorized speed,Alcohol (Statutory),,Dark - roadway not lighted,Dry,Clear,None apparent,Intersection:  Y-intersection,Unpaved,,Major Injury,0,2,2,0,0,0,22100,1,2,,POINT (-92.515172212882 40.842073012956)
2014810359,14-5661,07/25/2014,07-July,6-Friday,14:59,1400 Hours,District 3 (Northwest),IDA GROVE,IDA,,2ND ST & MAIN ST,Collision with:  Vehicle in traffic,On Roadway,"Sideswipe, same direction",Other (explain in narrative):  Vision obstructed,None Indicated,,Daylight,Dry,Clear,None apparent,Intersection:  Four-way intersection,Paved,,Property Damage Only,0,0,0,0,0,0,2000,2,2,,POINT (-95.471304701855 42.34508601542)
2014812434,2014-51594,07/25/2014,07-July,6-Friday,09:19,0900 Hours,District 6 (East Central),DAVENPORT,SCOTT,,IA 461/HARRISON ST,Collision with:  Vehicle in traffic,On Roadway,Broadside (front to side),"Operating vehicle in an reckless, erratic, careless, negligent manner",None Indicated,,Daylight,Wet,Cloudy,None apparent,Non-intersection:  Alley,Paved,,Property Damage Only,0,0,0,0,0,0,3500,2,3,,POINT (-90.577009320314 41.523113853956)
2014808972,20140021341,07/25/2014,07-July,6-Friday,11:47,1100 Hours,District 1 (Central),DES MOINES,POLK,,WAKONDA DR & FLEUR DR,Non-collision events:  Other non-collision (explain in narrative),On Roadway,Rear-end (front to rear),Traveling wrong way or on wrong side of road,None Indicated,,Daylight,Dry,Clear,Other (explain in narrative),Non-intersection:  Non-junction/no special feature,Paved,,Possible/Unknown,0,2,0,0,2,0,2500,3,4,,POINT (-93.644981523194 41.551999415172)
2014809232,14-3553,07/25/2014,07-July,6-Friday,21:07,2100 Hours,District 4 (Southwest),WEST DES MOINES,DALLAS,,VISTA DR & JORDAN CREEK PKWY,Collision with:  Vehicle in traffic,On Roadway,Rear-end (front to rear),Followed too close,None Indicated,,Dark - roadway lighted,Dry,Cloudy,None apparent,Intersection:  Four-way intersection,Paved,,Possible/Unknown,0,1,0,0,1,0,10000,2,5,,POINT (-93.809034476274 41.58899973632)
2014809223,20140021376,07/25/2014,07-July,6-Friday,16:50,1600 Hours,District 1 (Central),DES MOINES,POLK,I-235,I-235,Collision with:  Vehicle in traffic,On Roadway,Rear-end (front to rear),Followed too close,None Indicated,,Daylight,Dry,Cloudy,None apparent,Non-intersection:  Non-junction/no special feature,Paved,,Possible/Unknown,0,2,0,0,2,0,16500,4,7,,POINT (-93.575318251945 41.626760011344)
2014809089,01-14-32878,07/25/2014,07-July,6-Friday,11:40,1100 Hours,District 6 (East Central),DUBUQUE,DUBUQUE,US 52,US 52,Collision with:  Vehicle in traffic,On Roadway,"Sideswipe, same direction",FTYROW:  Other (explain in narrative),None Indicated,,Daylight,Dry,Cloudy,None apparent,Non-intersection:  Non-junction/no special feature,Paved,,Property Damage Only,0,0,0,0,0,0,2000,2,3,,POINT (-90.67292479317 42.45945675446)
2014811718,2014-51611,07/25/2014,07-July,6-Friday,11:39,1100 Hours,District 6 (East Central),DAVENPORT,SCOTT,,W 36TH ST & N DIVISION ST,Collision with:  Vehicle in traffic,On Roadway,"Angle, oncoming left turn",FTYROW:  Making left turn,None Indicated,,Daylight,Wet,Rain,None apparent,Intersection:  Four-way intersection,Paved,,Property Damage Only,0,0,0,0,0,0,3000,2,2,,POINT (-90.600706957549 41.556376358363)
2014809070,14-006116,07/25/2014,07-July,6-Friday,01:17,0100 Hours,District 2 (Northeast),,CLAYTON,US 18,US 18 & GIARD ST,Collision with:  Animal,,,Animal,None Indicated,,,,,,,Paved,,Property Damage Only,0,0,0,0,0,0,2500,1,1,,POINT (-91.291709837071 43.005928039179)
2014810924,2014043256,07/25/2014,07-July,6-Friday,19:23,1900 Hours,District 4 (Southwest),,HARRISON,I-29,I-29,Collision with fixed object:  Traffic sign support,On Roadway,Non-collision (single vehicle),"Operating vehicle in an reckless, erratic, careless, negligent manner",None Indicated,,Daylight,Dry,Cloudy,None apparent,Interchange-related:  Off-ramp,Paved,,Major Injury,0,2,1,1,0,0,2550,1,2,,POINT (-95.906896567031 41.509235984191)
2014809113,14-19154,07/25/2014,07-July,6-Friday,18:43,1800 Hours,District 1 (Central),COLFAX,JASPER,,Co Rd F48/HWY F-48 W,Collision with:  Vehicle in traffic,On Roadway,Broadside (front to side),FTYROW:  From driveway,None Indicated,,Daylight,Dry,Cloudy,None apparent,Non-intersection:  Driveway access (within),Paved,,Property Damage Only,0,0,0,0,0,0,10000,2,2,,POINT (-93.200289391949 41.685193886956)
2014809275,14-2255,07/25/2014,07-July,6-Friday,15:00,1500 Hours,District 1 (Central),FORT DODGE,WEBSTER,,1ST AVE S,Collision with:  Vehicle in traffic,On Roadway,Rear-end (front to rear),Followed too close,None Indicated,,Daylight,Dry,Clear,None apparent,Intersection:  Four-way intersection,Paved,,Possible/Unknown,0,1,0,0,1,0,0,2,2,,POINT (-94.158353325295 42.505267273804)
2014809616,2014043209,07/25/2014,07-July,6-Friday,16:00,1600 Hours,District 4 (Southwest),COUNCIL BLUFFS,POTTAWATTAMIE,I-29,I-29,Non-collision events:  Other non-collision (explain in narrative),On Roadway,Non-collision (single vehicle),Swerving/Evasive Action,None Indicated,,Daylight,Dry,Clear,Other (explain in narrative),Non-intersection:  Other non-intersection (explain in narrative),Paved,,Property Damage Only,0,0,0,0,0,0,5000,1,1,,POINT (-95.852641534628 41.232123026534)
2014809570,2014-51641,07/25/2014,07-July,6-Friday,00:30,0000 Hours,District 6 (East Central),DAVENPORT,SCOTT,,W 1ST ST & S LINCOLN AVE,Collision with:  Vehicle in traffic,On Roadway,Unknown,Other (explain in narrative):  Other,None Indicated,,Dark - roadway lighted,Dry,Clear,None apparent,Non-intersection:  Non-junction/no special feature,Paved,,Property Damage Only,0,0,0,0,0,0,1500,2,1,,POINT (-90.612691532313 41.520050794095)
2014809351,P14-008652,07/25/2014,07-July,6-Friday,13:31,1300 Hours,District 1 (Central),WEBSTER CITY,HAMILTON,,HIGH ST,Collision with:  Vehicle in traffic,On Roadway,Head-on (front to front),Crossed centerline (undivided),None Indicated,,Daylight,Dry,Clear,None apparent,Non-intersection:  Non-junction/no special feature,Paved,,Property Damage Only,0,0,0,0,0,0,5000,2,3,,POINT (-93.803666649865 42.467083978015)
2014809400,20140021404,07/25/2014,07-July,6-Friday,21:00,2100 Hours,District 1 (Central),DES MOINES,POLK,,INGERSOLL AVE & 28TH ST,Non-collision events:  Other non-collision (explain in narrative),On Roadway,Non-collision (single vehicle),Swerving/Evasive Action,None Indicated,,Dark - roadway lighted,Dry,Cloudy,None apparent,Intersection:  Four-way intersection,Paved,,Minor Injury,0,2,0,2,0,0,1000,1,2,,POINT (-93.654482756783 41.585714001672)
2014808973,20140021348,07/25/2014,07-July,6-Friday,12:55,1200 Hours,District 1 (Central),DES MOINES,POLK,,UNIVERSITY AVE & 55TH ST,Collision with:  Vehicle in traffic,On Roadway,Rear-end (front to rear),Lost Control,None Indicated,,Daylight,Dry,Cloudy,None apparent,Intersection:  Four-way intersection,Paved,,Property Damage Only,0,0,0,0,0,0,8000,2,2,,POINT (-93.693018761412 41.600413152707)
2014809214,20140021354,07/25/2014,07-July,6-Friday,14:07,1400 Hours,District 1 (Central),DES MOINES,POLK,I-235,I-235 & SCHOOL ST & 7TH ST,Collision with:  Vehicle in traffic,On Roadway,Broadside (front to side),Ran Traffic Signal,None Indicated,,Daylight,Dry,Cloudy,None apparent,Intersection:  Four-way intersection,Paved,,Property Damage Only,0,0,0,0,0,0,5000,2,3,,POINT (-93.626873401152 41.595226383938)
2014809273,14-2254,07/25/2014,07-July,6-Friday,17:05,1700 Hours,District 1 (Central),FORT DODGE,WEBSTER,,5TH AVE S,Collision with:  Vehicle in traffic,On Roadway,Rear-end (front to rear),Followed too close,None Indicated,,Daylight,Dry,Clear,None apparent,Non-intersection:  Non-junction/no special feature,Paved,,Property Damage Only,0,0,0,0,0,0,7000,2,5,,POINT (-94.140169196796 42.50123496986)