Iowa DOT Case Number,Law Enforcement Case Number,Date of Crash,Month of Crash,Day of Week,Time of Crash,Hour,DOT District,City Name,County Name,Route with System,Location Description,First Harmful Event,Location of First Harmful Event,Manner of Crash/Collision,Major Cause,Drug or Alcohol ,Environmental Conditions,Light Conditions,Surface Conditions,Weather Conditions,Roadway Contribution,Roadway Type,Roadway Surface,Work Zone,Crash Severity,Number of Fatalities,Number of Injuries,Number of Major Injuries,Number of Minor Injuries,Number of Possible Injuries,Number of Unknown Injuries,Amount of Property Damage,Number of Vehicles Involved,Total Number of Occupants,Travel Direction,Location
2014809143,201410746,07/25/2014,07-July,6-Friday,18:00,1800 Hours,District 6 (East Central),CEDAR RAPIDS,LINN,,OAKLAND RD NE,Collision with:  Non-motorist (see non-motorist section - NOT a unit),On Roadway,Non-collision (single vehicle),Other (explain in narrative):  No improper action,None Indicated,,Daylight,Dry,Cloudy,None apparent,Non-intersection:  Non-junction/no special feature,Paved,,Major Injury,0,1,1,0,0,0,500,1,1,,POINT (-91.659903924112 42.000947626078)
2014809240,14-031113,07/25/2014,07-July,6-Friday,16:25,1600 Hours,District 4 (Southwest),COUNCIL BLUFFS,POTTAWATTAMIE,,AVE G & N 35TH ST,Collision with fixed object:  Other fixed object (explain in narrative),On Roadway,Non-collision (single vehicle),Lost Control,None Indicated,,Daylight,Dry,Clear,None apparent,Non-intersection:  Non-junction/no special feature,Paved,,Property Damage Only,0,0,0,0,0,0,21000,1,3,,POINT (-95.902039478697 41.268101770577)
2014809210,20140021406,07/25/2014,07-July,6-Friday,21:52,2100 Hours,District 1 (Central),DES MOINES,POLK,,COLUMBIA ST,Collision with:  Parked motor vehicle,On Roadway,Rear-end (front to rear),Lost Control,None Indicated,,Dark - roadway not lighted,Dry,Clear,None apparent,Non-intersection:  Non-junction/no special feature,Paved,,Property Damage Only,0,0,0,0,0,0,3000,2,1,,POINT (-93.613877629547 41.630568761982)
2014808960,1400000643,07/25/2014,07-July,6-Friday,00:09,0000 Hours,District 1 (Central),,MARSHALL,IA 330,IA 330/MARSHALLTOWN BLVD,Collision with:  Animal,,,Animal,None Indicated,,,,,,,Paved,,Property Damage Only,0,0,0,0,0,0,2000,1,1,,POINT (-93.212036317785 41.877454356317)
2014828322,14070597,07/25/2014,07-July,6-Friday,09:51,0900 Hours,District 5 (Southeast),OTTUMWA,WAPELLO,US 34,US 34/MYRTLE ST & BARDELL ST,Collision with:  Vehicle in traffic,On Roadway,Broadside (front to side),FTYROW:  From stop sign,None Indicated,,Daylight,Wet,Rain,None apparent,Intersection:  Intersection with ramp,Paved,,Property Damage Only,0,0,0,0,0,0,2000,2,2,,POINT (-92.416213324155 41.010069661593)
2014809067,W14-074558,07/25/2014,07-July,6-Friday,13:14,1300 Hours,District 2 (Northeast),WATERLOO,BLACK HAWK,,PLYMOUTH AVE & LA PORTE RD,Collision with:  Vehicle in traffic,On Roadway,Broadside (front to side),FTYROW:  From stop sign,None Indicated,,Daylight,Dry,Clear,None apparent,Intersection:  Four-way intersection,Paved,,Property Damage Only,0,0,0,0,0,0,2000,2,2,,POINT (-92.322695372238 42.470241891641)
2014813192,2014-0042,07/25/2014,07-July,6-Friday,11:44,1100 Hours,District 6 (East Central),MONTICELLO,JONES,US 151,US 151 & OLD HWY 151 CONN,Collision with:  Vehicle in traffic,Roadside,Broadside (front to side),Ran Stop Sign,None Indicated,,Daylight,Dry,Clear,None apparent,Intersection:  Four-way intersection,Paved,,Possible/Unknown,0,2,0,0,2,0,18000,2,2,,POINT (-91.156673814826 42.256015689203)
2014811731,2014-51613,07/25/2014,07-July,6-Friday,11:45,1100 Hours,District 6 (East Central),DAVENPORT,SCOTT,US 6,US 6/E KIMBERLY RD,Collision with:  Vehicle in traffic,On Roadway,Rear-end (front to rear),Driving too fast for conditions,None Indicated,,Daylight,Wet,Rain,"Surface condition (e.g., wet, icy)",Non-intersection:  Non-junction/no special feature,Paved,,Property Damage Only,0,0,0,0,0,0,3000,2,2,,POINT (-90.566364591242 41.559932270455)
2014809284,14-24009,07/25/2014,07-July,6-Friday,17:44,1700 Hours,District 3 (Northwest),SIOUX CITY,WOODBURY,,25TH ST & WALL ST,Collision with:  Vehicle in traffic,On Roadway,Broadside (front to side),FTYROW:  From stop sign,None Indicated,,Daylight,Dry,Cloudy,None apparent,Intersection:  Four-way intersection,Paved,,Possible/Unknown,0,1,0,0,1,0,2500,2,3,,POINT (-96.393570996494 42.515743833787)
2014811072,2014-51654,07/25/2014,07-July,6-Friday,10:00,1000 Hours,District 6 (East Central),DAVENPORT,SCOTT,,IOWA ST,Collision with:  Vehicle in traffic,On Roadway,Rear-end (front to rear),Other (explain in narrative):  Other,None Indicated,,Daylight,Unknown,Unknown,Unknown,Non-intersection:  Non-junction/no special feature,Paved,,Property Damage Only,0,0,0,0,0,0,2500,2,1,,POINT (-90.569687654345 41.527894791439)
2014808962,14-4933,07/25/2014,07-July,6-Friday,04:55,0400 Hours,District 1 (Central),GRIMES,POLK,,SE 11TH ST,Collision with fixed object:  Ditch,Shoulder,Unknown,Crossed centerline (undivided),None Indicated,,Dark - roadway lighted,Wet,Cloudy,None apparent,Non-intersection:  Non-junction/no special feature,Paved,,Property Damage Only,0,0,0,0,0,0,47000,4,1,,POINT (-93.600001656984 41.550486489404)
2014809854,CL14002593,07/25/2014,07-July,6-Friday,10:55,1000 Hours,District 6 (East Central),CLINTON,CLINTON,US 30,US 30/8TH AVE S,Collision with:  Vehicle in traffic,On Roadway,Rear-end (front to rear),Followed too close,None Indicated,,Daylight,Wet,Rain,None apparent,Non-intersection:  Other non-intersection (explain in narrative),Paved,,Possible/Unknown,0,1,0,0,1,0,1500,2,2,,POINT (-90.187230268095 41.837808386863)
2014809030,2014043155,07/25/2014,07-July,6-Friday,10:54,1000 Hours,District 1 (Central),,STORY,I-35,I-35,Non-collision events:  Other non-collision (explain in narrative),On Roadway,Non-collision (single vehicle),Other (explain in narrative):  Other,None Indicated,,Daylight,Dry,Cloudy,None apparent,Non-intersection:  Non-junction/no special feature,Paved,,Property Damage Only,0,0,0,0,0,0,2000,2,2,,POINT (-93.570085054969 41.924421403527)
2014809087,01-14-32855,07/25/2014,07-July,6-Friday,08:10,0800 Hours,District 6 (East Central),DUBUQUE,DUBUQUE,,CEDAR CROSS RD & LAKE RIDGE DR,Collision with:  Vehicle in traffic,On Roadway,Broadside (front to side),Ran Stop Sign,None Indicated,,Daylight,Dry,Cloudy,None apparent,Intersection:  T-intersection,Paved,,Possible/Unknown,0,1,0,0,1,0,4000,2,2,,POINT (-90.71746748239 42.485711762972)
2014810436,2014-15862,07/25/2014,07-July,6-Friday,14:26,1400 Hours,District 5 (Southeast),INDIANOLA,WARREN,,W ORCHARD AVE & APPLE DR & E ORCHARD AVE,Collision with:  Vehicle in traffic,On Roadway,Broadside (front to side),FTYROW:  From stop sign,None Indicated,,Daylight,Dry,Clear,None apparent,Intersection:  Four-way intersection,Paved,,Property Damage Only,0,0,0,0,0,0,3500,2,4,,POINT (-93.560691205788 41.376129364316)
2014809675,14004473,07/25/2014,07-July,6-Friday,17:13,1700 Hours,District 3 (Northwest),,CHEROKEE,,Co Rd C66/650TH ST & F AVE,Collision with:  Vehicle in traffic,On Roadway,"Sideswipe, same direction",Crossed centerline (undivided),None Indicated,,Daylight,Dry,Clear,None apparent,Non-intersection:  Driveway access (within),Paved,,Minor Injury,0,1,0,1,0,0,8600,2,2,,POINT (-95.761247153105 42.575612627313)
2014810257,14011273,07/25/2014,07-July,6-Friday,22:35,2200 Hours,District 6 (East Central),,JACKSON,US 52,US 52/JACKSON HWY,Collision with fixed object:  Guardrail - face,Shoulder,Non-collision (single vehicle),Ran off road - right,None Indicated,,Dark - roadway lighted,Dry,Clear,None apparent,Non-intersection:  Non-junction/no special feature,Paved,,Major Injury,0,1,1,0,0,0,5500,1,1,,POINT (-90.167288214334 42.104232988334)
2014808970,20140021312,07/25/2014,07-July,6-Friday,07:12,0700 Hours,District 1 (Central),DES MOINES,POLK,US 69,US 69/E 15TH ST & E GRAND AVE,Collision with:  Vehicle in traffic,On Roadway,"Sideswipe, same direction",Made improper turn,None Indicated,,Daylight,Wet,Cloudy,None apparent,Non-intersection:  Non-junction/no special feature,Paved,,Property Damage Only,0,0,0,0,0,0,3500,2,4,,POINT (-93.59528059346 41.593953145691)
2014809285,14-24016,07/25/2014,07-July,6-Friday,19:08,1900 Hours,District 3 (Northwest),SIOUX CITY,WOODBURY,,MORNINGSIDE AVE & S PATTERSON ST,Collision with:  Vehicle in traffic,On Roadway,"Sideswipe, opposite direction",FTYROW:  Making left turn,None Indicated,,Daylight,Dry,Clear,None apparent,Intersection:  Four-way intersection,Paved,,Property Damage Only,0,0,0,0,0,0,5000,2,3,,POINT (-96.35363418367 42.470673591372)
2014809286,14-24025,07/25/2014,07-July,6-Friday,20:57,2000 Hours,District 3 (Northwest),SIOUX CITY,WOODBURY,,W 4TH ST,Collision with:  Non-motorist (see non-motorist section - NOT a unit),On Roadway,Non-collision (single vehicle),Other (explain in narrative):  No improper action,None Indicated,,Dusk,Dry,Cloudy,None apparent,Non-intersection:  Non-junction/no special feature,Paved,,Minor Injury,0,1,0,1,0,0,0,1,1,,POINT (-96.416269025514 42.498293362292)
2014808928,14109208,07/25/2014,07-July,6-Friday,08:07,0800 Hours,District 6 (East Central),,JOHNSON,,Co Rd W66/DUBUQUE ST & 275TH ST,Collision with fixed object:  Traffic sign support,Shoulder,Non-collision (single vehicle),Ran off road - right,None Indicated,,Daylight,Wet,Rain,None apparent,Intersection:  T-intersection,Paved,,Possible/Unknown,0,1,0,0,1,0,3500,1,1,,POINT (-91.566654161303 41.73336173747)
2014832877,14-005255,07/25/2014,07-July,6-Friday,16:58,1600 Hours,District 3 (Northwest),EMMETSBURG,PALO ALTO,US 18,US 18/9TH ST OR MAIN & PALMER ST,Collision with:  Vehicle in traffic,On Roadway,Broadside (front to side),FTYROW:  From stop sign,None Indicated,,Daylight,Dry,Clear,None apparent,Intersection:  Four-way intersection,Paved,,Minor Injury,0,2,0,2,0,0,25000,2,2,,POINT (-94.681469621103 43.111977788087)
2014809243,14-031142,07/25/2014,07-July,6-Friday,19:15,1900 Hours,District 4 (Southwest),COUNCIL BLUFFS,POTTAWATTAMIE,IA 92,IA 92/OMAHA BRIDGE RD/IOWA 92 & VALLEY VIEW DR,Collision with:  Vehicle in traffic,On Roadway,"Angle, oncoming left turn",Lost Control,None Indicated,,Daylight,Dry,Clear,None apparent,Intersection:  Four-way intersection,Paved,,Property Damage Only,0,0,0,0,0,0,3000,2,3,,POINT (-95.818070935153 41.229156231662)
2014809649,,07/25/2014,07-July,6-Friday,11:00,1100 Hours,District 6 (East Central),CEDAR RAPIDS,LINN,,29TH ST NE & OAKLAND RD NE,Collision with:  Vehicle in traffic,On Roadway,Broadside (front to side),Unknown,None Indicated,,Daylight,"Mud, dirt",Rain,,Intersection:  Four-way intersection,Paved,,Property Damage Only,0,0,0,0,0,0,2500,2,3,,POINT (-91.659634884074 42.006861688328)
2014809614,2014043115,07/25/2014,07-July,6-Friday,08:00,0800 Hours,District 4 (Southwest),,CASS,I-80,I-80,Collision with:  Vehicle in traffic,On Roadway,Rear-end (front to rear),Driver Distraction:  Inattentive/lost in thought,None Indicated,,Daylight,Dry,Cloudy,None apparent,Non-intersection:  Non-junction/no special feature,Paved,,Possible/Unknown,0,1,0,0,1,0,11000,2,4,,POINT (-94.78075438924 41.496352705974)
2014809678,14-006141,07/25/2014,07-July,6-Friday,19:15,1900 Hours,District 2 (Northeast),ELKADER,CLAYTON,IA 13,IA 13/IOWA 13,Collision with:  Animal,,,Animal,None Indicated,,,,,,,Paved,,Property Damage Only,0,0,0,0,0,0,15000,1,1,,POINT (-91.455855852178 42.77555327639)
2014844653,ACSO-14-2145,07/25/2014,07-July,6-Friday,09:50,0900 Hours,District 2 (Northeast),,ALLAMAKEE,IA 76,IA 76/IOWA 76 & STATE LINE DR,Collision with:  Vehicle in traffic,Outside trafficway,"Sideswipe, same direction",FTYROW:  From driveway,None Indicated,,Daylight,Dry,Cloudy,None apparent,Non-intersection:  Driveway access (within),Paved,,Property Damage Only,0,0,0,0,0,0,4000,2,2,,POINT (-91.465301295806 43.50072624043)
2014809238,S14-002859,07/25/2014,07-July,6-Friday,17:15,1700 Hours,District 4 (Southwest),CRESCENT,POTTAWATTAMIE,,Co Rd L20/OLD LINCOLN HWY,Non-collision events:  Other non-collision (explain in narrative),Shoulder,Non-collision (single vehicle),Ran off road - right,None Indicated,,Daylight,Dry,Clear,None apparent,Non-intersection:  Non-junction/no special feature,Paved,,Possible/Unknown,0,1,0,0,1,0,1000,1,1,,POINT (-95.869226119676 41.436485878072)
2014809853,CL14002592,07/25/2014,07-July,6-Friday,10:39,1000 Hours,District 6 (East Central),CLINTON,CLINTON,,16TH AVE N & PERSHING BLVD,Collision with:  Vehicle in traffic,On Roadway,Broadside (front to side),Ran Stop Sign,None Indicated,,Daylight,Wet,Rain,None apparent,Intersection:  Four-way intersection,Paved,,Possible/Unknown,0,1,0,0,1,0,9500,2,2,,POINT (-90.184769186859 41.862612766976)
2014809296,14-017571,07/25/2014,07-July,6-Friday,08:47,0800 Hours,District 2 (Northeast),NORTHWOOD,WORTH,,CENTRAL AVE & 5TH ST N,Collision with:  Vehicle in traffic,On Roadway,Broadside (front to side),Swerving/Evasive Action,None Indicated,,Daylight,Wet,Cloudy,None apparent,Intersection:  T-intersection,Paved,,Property Damage Only,0,0,0,0,0,0,3000,2,2,,POINT (-93.224657080601 43.444102029641)
2014809177,14-003191,07/25/2014,07-July,6-Friday,16:54,1600 Hours,District 1 (Central),ANKENY,POLK,,NE 36TH ST & NE OTTERVIEW CIR,Collision with:  Vehicle in traffic,On Roadway,Broadside (front to side),Made improper turn,None Indicated,,Daylight,Dry,Clear,None apparent,Intersection:  Four-way intersection,Paved,,Property Damage Only,0,0,0,0,0,0,11000,2,2,,POINT (-93.572496350517 41.760835729807)
2014810486,,07/25/2014,07-July,6-Friday,15:29,1500 Hours,District 4 (Southwest),GUTHRIE CENTER,GUTHRIE,IA 44,IA 44/STATE ST & S 2ND ST & N 2ND ST,Collision with:  Parked motor vehicle,On Roadway,"Sideswipe, opposite direction",Crossed centerline (undivided),None Indicated,,Daylight,Dry,Clear,None apparent,Non-intersection:  Non-junction/no special feature,Paved,,Property Damage Only,0,0,0,0,0,0,4000,2,1,,POINT (-94.505743738595 41.677233167832)
2014815822,K14-022769,07/25/2014,07-July,6-Friday,13:09,1300 Hours,District 5 (Southeast),KEOKUK,LEE,IA 136,US 136/7TH ST S,Collision with:  Vehicle in traffic,On Roadway,Head-on (front to front),FTYROW:  Making left turn,None Indicated,,Daylight,Dry,Cloudy,None apparent,Intersection:  Four-way intersection,Paved,,Property Damage Only,0,0,0,0,0,0,8500,2,2,,POINT (-91.385484733278 40.397025911685)
2014809195,20140021340,07/25/2014,07-July,6-Friday,11:42,1100 Hours,District 1 (Central),DES MOINES,POLK,I-235,I-235 & KEOSAUQUA WAY,Collision with:  Vehicle in traffic,On Roadway,"Sideswipe, same direction",Made improper turn,None Indicated,,Daylight,Dry,Cloudy,None apparent,Intersection:  Four-way intersection,Paved,,Property Damage Only,0,0,0,0,0,0,2500,2,3,,POINT (-93.635478531243 41.595422336841)
2014811720,2014-51646,07/25/2014,07-July,6-Friday,15:32,1500 Hours,District 6 (East Central),DAVENPORT,SCOTT,,IA 461/BRADY ST & W 4TH ST & E 4TH ST,Collision with:  Vehicle in traffic,On Roadway,"Sideswipe, same direction",Lost Control,None Indicated,,Daylight,Dry,Clear,None apparent,Intersection:  Other intersection (explain in narrative),Paved,,Possible/Unknown,0,1,0,0,1,0,3500,2,2,,POINT (-90.57405798176 41.523519933916)
2014810292,14-14054,07/25/2014,07-July,6-Friday,22:03,2200 Hours,District 2 (Northeast),,BREMER,,Co Rd C50/TAILOR AVE/252ND ST,Non-collision events:  Other non-collision (explain in narrative),On Roadway,Non-collision (single vehicle),Ran off road - straight,Alcohol (Statutory),,Dark - roadway not lighted,Dry,Clear,None apparent,Intersection:  T-intersection,Paved,,Property Damage Only,0,0,0,0,0,0,4500,1,1,,POINT (-92.172977845673 42.681991507462)
2014808977,14-3537,07/25/2014,07-July,6-Friday,12:23,1200 Hours,District 4 (Southwest),WEST DES MOINES,DALLAS,,JORDAN CREEK PKWY,Collision with:  Vehicle in traffic,On Roadway,Rear-end (front to rear),Followed too close,None Indicated,,Daylight,Dry,Cloudy,None apparent,Non-intersection:  Non-junction/no special feature,Paved,,Property Damage Only,0,0,0,0,0,0,10500,2,2,,POINT (-93.809119212558 41.582333804025)
2014850978,14005915,07/25/2014,07-July,6-Friday,05:38,0500 Hours,District 5 (Southeast),,LOUISA,IA 92,IA 92/IOWA 92,Collision with:  Animal,On Roadway,Non-collision (single vehicle),Animal,None Indicated,,,,,,,Paved,,Property Damage Only,0,0,0,0,0,0,2000,1,1,,POINT (-91.250491077783 41.277293421306)
2014809096,14-1153,07/25/2014,07-July,6-Friday,08:37,0800 Hours,District 1 (Central),,GREENE,,Co Rd P40/U AVE/290TH,Collision with:  Vehicle in traffic,On Roadway,"Sideswipe, opposite direction",Made improper turn,None Indicated,,Daylight,Dry,Cloudy,None apparent,Non-intersection:  Non-junction/no special feature,Paved,,Property Damage Only,0,0,0,0,0,0,2000,2,2,,POINT (-94.241935410707 41.935385722551)
2014809069,11207-14,07/25/2014,07-July,6-Friday,23:13,2300 Hours,District 3 (Northwest),SPENCER,CLAY,,E 9TH ST,Collision with:  Vehicle in traffic,On Roadway,Broadside (front to side),Improper Backing,None Indicated,,Dark - roadway not lighted,Dry,Cloudy,None apparent,Non-intersection:  Non-junction/no special feature,Paved,,Property Damage Only,0,0,0,0,0,0,2300,2,2,,POINT (-95.128942139034 43.14734111317)
2014809857,14-074654,07/25/2014,07-July,6-Friday,18:30,1800 Hours,District 2 (Northeast),,BLACK HAWK,,E AIRLINE HWY,Collision with fixed object:  Ditch,Roadside,Non-collision (single vehicle),Driving too fast for conditions,None Indicated,,Daylight,"Mud, dirt",Cloudy,None apparent,Non-intersection:  Non-junction/no special feature,Unpaved,,Possible/Unknown,0,1,0,0,1,0,5000,1,1,,POINT (-92.162988105448 42.541269140643)
2014810337,14-155,07/25/2014,07-July,6-Friday,02:30,0200 Hours,District 2 (Northeast),WAVERLY,BREMER,,5TH AVE NW,Collision with:  Parked motor vehicle,Roadside,"Sideswipe, opposite direction",Unknown,None Indicated,,Dark - unknown roadway lighting,Dry,Clear,None apparent,Non-intersection:  Non-junction/no special feature,Paved,,Property Damage Only,0,0,0,0,0,0,2700,2,2,,POINT (-92.475029853416 42.730548777313)
2014812436,2014-51778,07/25/2014,07-July,6-Friday,23:54,2300 Hours,District 6 (East Central),DAVENPORT,SCOTT,,IOWA ST,Collision with:  Parked motor vehicle,On Roadway,Head-on (front to front),Unknown,None Indicated,,Dark - roadway lighted,Dry,Clear,None apparent,Non-intersection:  Non-junction/no special feature,Paved,,Property Damage Only,0,0,0,0,0,0,5000,2,1,,POINT (-90.569644692663 41.521039995924)
2014809825,2014007559,07/25/2014,07-July,6-Friday,15:24,1500 Hours,District 1 (Central),MARSHALLTOWN,MARSHALL,IA 14,IA 14/S 3RD AVE,Collision with:  Vehicle in traffic,On Roadway,Rear-end (front to rear),Other (explain in narrative):  Other,None Indicated,,Daylight,Dry,Cloudy,None apparent,Intersection:  Four-way intersection,Paved,,Property Damage Only,0,0,0,0,0,0,2100,2,2,,POINT (-92.907862330228 42.038680528915)
2014809902,14006460,07/25/2014,07-July,6-Friday,23:30,2300 Hours,District 6 (East Central),,DELAWARE,,WILLOW RD,Collision with fixed object:  Ditch,Shoulder,Non-collision (single vehicle),Ran off road - right,None Indicated,,Dark - roadway not lighted,Dry,Clear,None apparent,Non-intersection:  Non-junction/no special feature,Unpaved,,Property Damage Only,0,0,0,0,0,0,5400,1,1,,POINT (-91.14341538906 42.306675350789)
2014813186,AC-14-0043,07/25/2014,07-July,6-Friday,20:12,2000 Hours,District 6 (East Central),MONTICELLO,JONES,,S CEDAR ST,Collision with:  Vehicle in traffic,On Roadway,Rear-end (front to rear),Driver Distraction:  Passenger,None Indicated,,Daylight,Dry,Clear,None apparent,Intersection:  Other intersection (explain in narrative),Paved,,Minor Injury,0,1,0,1,0,0,5000,2,4,,POINT (-91.189142256756 42.229200345855)
2014809311,14-006395,07/25/2014,07-July,6-Friday,11:10,1100 Hours,District 4 (Southwest),ATLANTIC,CASS,US 6,US 6/7TH ST & CHESTNUT ST,Collision with:  Vehicle in traffic,On Roadway,"Angle, oncoming left turn",FTYROW:  Making left turn,None Indicated,,Daylight,Dry,Cloudy,None apparent,Intersection:  Four-way intersection,Paved,,Possible/Unknown,0,2,0,0,2,0,19000,2,3,,POINT (-95.013060956542 41.40397387279)
2014810291,14-013980,07/25/2014,07-July,6-Friday,04:39,0400 Hours,District 2 (Northeast),,BREMER,IA 3,IA 3/IOWA 3 & Co Rd V43/PIEDMONT AVE,Collision with:  Vehicle in traffic,On Roadway,Rear-end (front to rear),Lost Control,None Indicated,,Dark - roadway lighted,Wet,Rain,None apparent,Intersection:  Four-way intersection,Paved,,Possible/Unknown,0,2,0,0,2,0,8500,2,6,,POINT (-92.25824582552 42.714977223369)
2014809260,14-14134,07/25/2014,07-July,6-Friday,13:02,1300 Hours,District 6 (East Central),BETTENDORF,SCOTT,I-74,I-74,Collision with:  Other non-fixed object (explain in narrative),On Roadway,Rear-end (front to rear),Swerving/Evasive Action,None Indicated,,Daylight,Wet,Rain,Other (explain in narrative),Non-intersection:  Other non-intersection (explain in narrative),Paved,,Property Damage Only,0,0,0,0,0,0,2800,2,2,,POINT (-90.513350672651 41.523375368313)
2014809631,2014043175,07/25/2014,07-July,6-Friday,12:33,1200 Hours,District 2 (Northeast),,CHICKASAW,US 218,US 218,Non-collision events:  Other non-collision (explain in narrative),Shoulder,Non-collision (single vehicle),Ran off road - right,None Indicated,,Daylight,Dry,Cloudy,None apparent,Non-intersection:  Non-junction/no special feature,Paved,,Minor Injury,0,1,0,1,0,0,18000,1,1,,POINT (-92.54469755976 42.921814215803)
2014810800,2014043223,07/25/2014,07-July,6-Friday,15:00,1500 Hours,District 4 (Southwest),,CASS,I-80,I-80,Collision with:  Animal,,,Animal,None Indicated,,,,,,,Paved,,Property Damage Only,0,0,0,0,0,0,1500,1,1,,POINT (-94.946748991248 41.497174671043)
2014810288,4514-031,07/25/2014,07-July,6-Friday,17:00,1700 Hours,District 2 (Northeast),PROTIVIN,HOWARD,,ROYAL AVE,Collision with fixed object:  Ditch,On Roadway,Non-collision (single vehicle),Swerving/Evasive Action,None Indicated,,Daylight,"Mud, dirt",Clear,None apparent,Non-intersection:  Non-junction/no special feature,Unpaved,,Property Damage Only,0,0,0,0,0,0,5000,1,1,,POINT (-92.209565941531 43.213110093066)
2014809036,,07/25/2014,07-July,6-Friday,10:45,1000 Hours,District 2 (Northeast),SUMNER,BREMER,IA 93,IA 93/E 1ST ST & LOGAN ST,Collision with:  Vehicle in traffic,On Roadway,"Sideswipe, same direction",Improper Backing,None Indicated,,Daylight,Dry,Cloudy,None apparent,Intersection:  T-intersection,Paved,,Property Damage Only,0,0,0,0,0,0,3500,2,2,,POINT (-92.089057996679 42.847485938648)
2014809174,14-4952,07/25/2014,07-July,6-Friday,17:18,1700 Hours,District 1 (Central),,POLK,,Co Rd F52/NE 46TH AVE & NE 22ND ST,Collision with:  Vehicle in traffic,On Roadway,Rear-end (front to rear),Unknown,None Indicated,,Daylight,Dry,Clear,None apparent,Non-intersection:  Non-junction/no special feature,Paved,,Property Damage Only,0,0,0,0,0,0,1500,2,3,,POINT (-93.581344982508 41.644167602981)
2014852938,,07/25/2014,07-July,6-Friday,11:00,1100 Hours,District 6 (East Central),WALCOTT,SCOTT,,200 ST & MAIN ST,Collision with:  Vehicle in traffic,On Roadway,Rear-end (front to rear),Ran Stop Sign,None Indicated,,Daylight,Wet,Rain,None apparent,Intersection:  T-intersection,Paved,,Possible/Unknown,0,1,0,0,1,0,400,2,2,,POINT (-90.774451759333 41.596510727348)
2014809147,14015525,07/25/2014,07-July,6-Friday,16:51,1600 Hours,District 6 (East Central),MARION,LINN,IA 100,IA 100/COLLINS RD SE,Collision with:  Vehicle in traffic,On Roadway,"Angle, oncoming left turn",FTYROW:  Making left turn,None Indicated,,Daylight,Dry,Cloudy,None apparent,Intersection:  Four-way intersection,Paved,,Fatal,1,1,0,1,0,0,26300,4,4,,POINT (-91.60779412336 42.015719252219)
2014808955,14015479,07/25/2014,07-July,6-Friday,07:01,0700 Hours,District 6 (East Central),MARION,LINN,,BLAIRS FERRY RD & MARION BLVD,Collision with:  Vehicle in traffic,On Roadway,Rear-end (front to rear),Followed too close,None Indicated,,Daylight,Wet,Cloudy,None apparent,Non-intersection:  Non-junction/no special feature,Paved,,Property Damage Only,0,0,0,0,0,0,3500,2,2,,POINT (-91.612883335487 42.030506262115)
2014809191,20140021334,07/25/2014,07-July,6-Friday,10:50,1000 Hours,District 1 (Central),DES MOINES,POLK,,E SHAWNEE AVE & E 29TH ST,Collision with fixed object:  Other fixed object (explain in narrative),Shoulder,Non-collision (single vehicle),Other (explain in narrative):  No improper action,None Indicated,,Daylight,Wet,Cloudy,None apparent,Intersection:  T-intersection,Paved,,Property Damage Only,0,0,0,0,0,0,2500,1,1,,POINT (-93.561137478356 41.634702399291)
2014809220,20140021372,07/25/2014,07-July,6-Friday,16:26,1600 Hours,District 1 (Central),DES MOINES,POLK,,PARK AVE & SW 31ST ST,Collision with:  Vehicle in traffic,On Roadway,Rear-end (front to rear),Followed too close,None Indicated,,Daylight,Dry,Clear,None apparent,Non-intersection:  Non-junction/no special feature,Paved,,Minor Injury,0,2,0,2,0,0,4000,2,3,,POINT (-93.659406561353 41.555538531552)
2014809632,2014043258,07/25/2014,07-July,6-Friday,19:09,1900 Hours,District 4 (Southwest),,CASS,I-80,I-80,Non-collision events:  Overturn/rollover,On Roadway,Rear-end (front to rear),Swerving/Evasive Action,None Indicated,,Daylight,Dry,Cloudy,None apparent,Non-intersection:  Non-junction/no special feature,Paved,,Possible/Unknown,0,1,0,0,1,0,45000,2,2,,POINT (-94.921014051822 41.497112158471)
2014809630,2014043150,07/25/2014,07-July,6-Friday,10:22,1000 Hours,District 6 (East Central),,IOWA,I-80,I-80,Collision with fixed object:  Guardrail - face,Median,Non-collision (single vehicle),Ran off road - left,None Indicated,,Daylight,Wet,Rain,None apparent,Non-intersection:  Non-junction/no special feature,Paved,,Property Damage Only,0,0,0,0,0,0,9195,1,2,,POINT (-91.959311696102 41.686970425112)
2014811060,2014-51687,07/25/2014,07-July,6-Friday,19:23,1900 Hours,District 6 (East Central),DAVENPORT,SCOTT,,MAIN ST,Collision with:  Vehicle in traffic,On Roadway,Broadside (front to side),FTYROW:  At uncontrolled intersection,None Indicated,,Daylight,Dry,Clear,None apparent,Non-intersection:  Alley,Paved,,Property Damage Only,0,0,0,0,0,0,1500,2,3,,POINT (-90.575596874692 41.524993431818)
2014809843,2014007566,07/25/2014,07-July,6-Friday,18:19,1800 Hours,District 1 (Central),MARSHALLTOWN,MARSHALL,,E NEVADA ST & S 18TH AVE,Collision with:  Vehicle in traffic,On Roadway,Rear-end (front to rear),Exceeded authorized speed,None Indicated,,Daylight,Dry,Clear,Work Zone (roadway-related),Non-intersection:  Non-junction/no special feature,Paved,Yes,Property Damage Only,0,0,0,0,0,0,6000,2,3,,POINT (-92.883832886004 42.044359903112)
2014809023,S14-7341,07/25/2014,07-July,6-Friday,04:43,0400 Hours,District 3 (Northwest),OTO,WOODBURY,,Co Rd D54/DEER RUN TRL,Collision with:  Animal,,,Animal,None Indicated,,,,,,,Paved,,Property Damage Only,0,0,0,0,0,0,5000,1,1,,POINT (-95.983036671738 42.313310903983)