Iowa DOT Case Number,Law Enforcement Case Number,Date of Crash,Month of Crash,Day of Week,Time of Crash,Hour,DOT District,City Name,County Name,Route with System,Location Description,First Harmful Event,Location of First Harmful Event,Manner of Crash/Collision,Major Cause,Drug or Alcohol ,Environmental Conditions,Light Conditions,Surface Conditions,Weather Conditions,Roadway Contribution,Roadway Type,Roadway Surface,Work Zone,Crash Severity,Number of Fatalities,Number of Injuries,Number of Major Injuries,Number of Minor Injuries,Number of Possible Injuries,Number of Unknown Injuries,Amount of Property Damage,Number of Vehicles Involved,Total Number of Occupants,Travel Direction,Location
2014810421,14-810,07/25/2014,07-July,6-Friday,08:00,0800 Hours,District 1 (Central),PLEASANT HILL,POLK,IA 163,IA 163/E UNIVERSITY AVE & N HICKORY BLVD,Collision with fixed object:  Curb/island/raised median,On Roadway,Non-collision (single vehicle),Driving too fast for conditions,None Indicated,,Daylight,Wet,Cloudy,None apparent,Intersection:  Four-way intersection,Paved,,Possible/Unknown,0,1,0,0,1,0,3500,1,1,,POINT (-93.517020054017 41.599321744304)
2014810986,14-05069,07/25/2014,07-July,6-Friday,07:30,0700 Hours,District 2 (Northeast),OELWEIN,FAYETTE,,CHARLES ST W,Collision with:  Non-motorist (see non-motorist section - NOT a unit),On Roadway,Non-collision (single vehicle),Other (explain in narrative):  No improper action,None Indicated,,Daylight,Wet,Clear,None apparent,Non-intersection:  Non-junction/no special feature,Paved,,Minor Injury,0,1,0,1,0,0,0,1,1,,POINT (-91.914497162866 42.678419666175)
2014809293,2014043273,07/25/2014,07-July,6-Friday,21:00,2100 Hours,District 6 (East Central),,DUBUQUE,IA 136,IA 136/IOWA 136,Collision with:  Animal,On Roadway,Non-collision (single vehicle),Animal,None Indicated,,Dark - roadway not lighted,Dry,Cloudy,None apparent,Non-intersection:  Non-junction/no special feature,Paved,,Property Damage Only,0,0,0,0,0,0,5000,1,1,,POINT (-91.109504035886 42.502523788238)
2014809224,20140021389,07/25/2014,07-July,6-Friday,17:20,1700 Hours,District 1 (Central),DES MOINES,POLK,US 6,US 6/FREDERICK M HUBBELL AVE & E DOUGLAS AVE,Collision with:  Vehicle in traffic,On Roadway,"Sideswipe, same direction",FTYROW:  From stop sign,None Indicated,,Daylight,Dry,Clear,None apparent,Intersection:  Four-way intersection,Paved,,Possible/Unknown,0,1,0,0,1,0,6000,2,2,,POINT (-93.543685543154 41.629598120802)
2014809349,14005102,07/25/2014,07-July,6-Friday,06:30,0600 Hours,District 1 (Central),KAMRAR,HAMILTON,,Co Rd R38/NEELY AVE,Collision with:  Animal,,,Animal,None Indicated,,,,,,,Paved,,Property Damage Only,0,0,0,0,0,0,2000,1,1,,POINT (-93.72809029612 42.352420851955)
2014809234,14-3547,07/25/2014,07-July,6-Friday,17:50,1700 Hours,District 4 (Southwest),WEST DES MOINES,DALLAS,,JORDAN CREEK PKWY,Collision with:  Vehicle in traffic,On Roadway,Rear-end (front to rear),Followed too close,None Indicated,,Daylight,Dry,Clear,None apparent,Non-intersection:  Non-junction/no special feature,Paved,,Property Damage Only,0,0,0,0,0,0,3700,3,4,,POINT (-93.809146878626 41.581667074991)
2014809090,01-14-32905,07/25/2014,07-July,6-Friday,15:32,1500 Hours,District 6 (East Central),DUBUQUE,DUBUQUE,,RADFORD RD & CHAVENELLE RD,Collision with:  Vehicle in traffic,On Roadway,Rear-end (front to rear),Lost Control,None Indicated,,Daylight,Dry,Cloudy,None apparent,Non-intersection:  Non-junction/no special feature,Paved,,Property Damage Only,0,0,0,0,0,0,4000,2,3,,POINT (-90.749928058559 42.491495966788)
2014809060,W14-074511,07/25/2014,07-July,6-Friday,09:42,0900 Hours,District 2 (Northeast),WATERLOO,BLACK HAWK,,E SAN MARNAN DR & LA PORTE RD,Collision with:  Vehicle in traffic,On Roadway,Broadside (front to side),Driver Distraction:  Manual operation of an electronic communication device,None Indicated,,Daylight,Wet,Rain,None apparent,Intersection:  Four-way intersection,Paved,,Possible/Unknown,0,2,0,0,2,0,3000,2,2,,POINT (-92.320853099415 42.467367122501)
2014808971,20140021339,07/25/2014,07-July,6-Friday,11:48,1100 Hours,District 1 (Central),DES MOINES,POLK,,MCKINLEY AVE & S UNION ST & E MCKINLEY AVE,Collision with:  Vehicle in traffic,On Roadway,Broadside (front to side),Ran Traffic Signal,None Indicated,,Daylight,Dry,Cloudy,None apparent,Intersection:  Four-way intersection,Paved,,Possible/Unknown,0,1,0,0,1,0,8000,2,2,,POINT (-93.616086413231 41.540943751295)
2014809164,14-031225,07/25/2014,07-July,6-Friday,17:04,1700 Hours,District 5 (Southeast),MUSCATINE,MUSCATINE,IA 22,IA 22/PARK AVE & LAKE PARK BLVD,Collision with:  Vehicle in traffic,On Roadway,Broadside (front to side),Ran Traffic Signal,None Indicated,,Daylight,Dry,Clear,None apparent,Intersection:  Four-way intersection,Paved,,Minor Injury,0,2,0,1,1,0,9500,3,4,,POINT (-91.030379784174 41.447391658053)
2014809192,20140021409,07/25/2014,07-July,6-Friday,21:43,2100 Hours,District 1 (Central),DES MOINES,POLK,,E OVID AVE & YORK ST,Collision with:  Vehicle in traffic,On Roadway,Broadside (front to side),Ran Stop Sign,None Indicated,,Dark - roadway lighted,Dry,Clear,None apparent,Intersection:  Four-way intersection,Paved,,Possible/Unknown,0,1,0,0,1,0,6000,2,4,,POINT (-93.602200826988 41.625892743656)
2014809314,14010897,07/25/2014,07-July,6-Friday,22:28,2200 Hours,District 6 (East Central),,CEDAR,IA 130,IA 130/IOWA 130,Collision with:  Animal,,,Animal,None Indicated,,,,,,,Paved,,Property Damage Only,0,0,0,0,0,0,5000,1,1,,POINT (-91.050838501365 41.771781742223)
2014809677,14-006118,07/25/2014,07-July,6-Friday,03:27,0300 Hours,District 2 (Northeast),POSTVILLE,CLAYTON,,Co Rd W64/GUNDER RD,Non-collision events:  Other non-collision (explain in narrative),On Roadway,Non-collision (single vehicle),Crossed centerline (undivided),None Indicated,,Dark - roadway not lighted,Dry,Cloudy,None apparent,Non-intersection:  Non-junction/no special feature,Paved,,Possible/Unknown,0,1,0,0,1,0,8000,1,1,,POINT (-91.548416368549 43.032344798677)
2014809225,20140021393,07/25/2014,07-July,6-Friday,18:44,1800 Hours,District 1 (Central),DES MOINES,POLK,IA 163,IA 163/E UNIVERSITY AVE & E 33RD ST,Collision with:  Vehicle in traffic,On Roadway,Rear-end (front to rear),Followed too close,None Indicated,,Daylight,Dry,Cloudy,None apparent,Intersection:  Four-way intersection,Paved,,Possible/Unknown,0,1,0,0,1,0,3000,2,2,,POINT (-93.55146942699 41.600530761655)
2014809259,14-14133,07/25/2014,07-July,6-Friday,12:47,1200 Hours,District 6 (East Central),BETTENDORF,SCOTT,I-74,I-74,Collision with:  Vehicle in traffic,On Roadway,Rear-end (front to rear),Lost Control,None Indicated,,Daylight,Wet,Rain,None apparent,Non-intersection:  Other non-intersection (explain in narrative),Paved,,Possible/Unknown,0,1,0,0,1,0,8000,2,3,,POINT (-90.513313898408 41.522771145996)
2014809216,20140021361,07/25/2014,07-July,6-Friday,15:15,1500 Hours,District 1 (Central),DES MOINES,POLK,US 6,US 6/E EUCLID AVE & YORK ST,Collision with:  Vehicle in traffic,On Roadway,Rear-end (front to rear),"Operating vehicle in an reckless, erratic, careless, negligent manner",None Indicated,,Daylight,Dry,Cloudy,None apparent,Intersection:  T-intersection,Paved,,Property Damage Only,0,0,0,0,0,0,2000,2,2,,POINT (-93.60221767424 41.627703102041)
2014809088,01-14-32864,07/25/2014,07-July,6-Friday,09:53,0900 Hours,District 6 (East Central),DUBUQUE,DUBUQUE,,W 10TH ST & LOCUST ST S,Collision with:  Vehicle in traffic,On Roadway,Broadside (front to side),Driver Distraction:  Passenger,None Indicated,,Daylight,Wet,Rain,None apparent,Intersection:  Four-way intersection,Paved,,Property Damage Only,0,0,0,0,0,0,4250,2,4,,POINT (-90.669163717464 42.502128185375)
2014809218,20140021365,07/25/2014,07-July,6-Friday,15:28,1500 Hours,District 1 (Central),DES MOINES,POLK,,HICKMAN RD & 24TH ST,Collision with:  Vehicle in traffic,On Roadway,"Angle, oncoming left turn",FTYROW:  Making left turn,None Indicated,,Daylight,Dry,Cloudy,None apparent,Intersection:  Four-way intersection,Paved,,Possible/Unknown,0,1,0,0,1,0,2800,2,5,,POINT (-93.650002029361 41.615030922459)
2014809418,14-14141,07/25/2014,07-July,6-Friday,15:07,1500 Hours,District 6 (East Central),BETTENDORF,SCOTT,US 67,US 67/RIVER DR,Collision with:  Vehicle in traffic,On Roadway,Rear-end (front to rear),Followed too close,None Indicated,,Daylight,Dry,Clear,None apparent,Non-intersection:  Non-junction/no special feature,Paved,,Property Damage Only,0,0,0,0,0,0,2500,3,4,,POINT (-90.525907938207 41.525636776438)
2014809668,14012573,07/25/2014,07-July,6-Friday,16:54,1600 Hours,District 2 (Northeast),MASON CITY,CERRO GORDO,IA 122,IA 122/4TH ST SW & CRESCENT DR,Collision with:  Vehicle in traffic,On Roadway,Broadside (front to side),Made improper turn,None Indicated,,Daylight,Dry,Cloudy,None apparent,Intersection:  Four-way intersection,Paved,,Property Damage Only,0,0,0,0,0,0,1600,2,3,,POINT (-93.213609121243 43.148294457974)
2014809440,14-003444,07/25/2014,07-July,6-Friday,16:45,1600 Hours,District 1 (Central),AMES,STORY,US 30,US 30/SW RAMP CURV & US 69/S DUFF AVE,Collision with:  Vehicle in traffic,On Roadway,Broadside (front to side),FTYROW:  From stop sign,None Indicated,,Daylight,Dry,Clear,None apparent,Intersection:  Intersection with ramp,Paved,,Minor Injury,0,2,0,1,1,0,36500,4,5,,POINT (-93.610038895405 42.002619149952)
2014809065,W14-074512,07/25/2014,07-July,6-Friday,09:30,0900 Hours,District 2 (Northeast),WATERLOO,BLACK HAWK,US 20,US 20,Collision with fixed object:  Ditch,On Roadway,Non-collision (single vehicle),Ran off road - right,None Indicated,,Daylight,Wet,Rain,"Surface condition (e.g., wet, icy)",Non-intersection:  Non-junction/no special feature,Paved,,Property Damage Only,0,0,0,0,0,0,1600,1,1,,POINT (-92.43589207407 42.46428962243)
2014810029,145283,07/25/2014,07-July,6-Friday,15:36,1500 Hours,District 4 (Southwest),,DALLAS,US 169,US 169/N AVE & Co Rd F90/360TH ST,Collision with:  Vehicle in traffic,On Roadway,Broadside (front to side),FTYROW:  From stop sign,None Indicated,,Daylight,Dry,Clear,None apparent,Intersection:  Four-way intersection,Paved,,Property Damage Only,0,0,0,0,0,0,3500,2,2,,POINT (-94.012515556327 41.517608950673)
2014809215,20140021355,07/25/2014,07-July,6-Friday,13:48,1300 Hours,District 1 (Central),DES MOINES,POLK,US 6,US 6/EUCLID AVE,Collision with:  Vehicle in traffic,On Roadway,Rear-end (front to rear),Followed too close,None Indicated,,Daylight,Dry,Clear,None apparent,Non-intersection:  Non-junction/no special feature,Paved,,Property Damage Only,0,0,0,0,0,0,3250,2,2,,POINT (-93.620549118989 41.627695677093)
2014809063,W14-074588,07/25/2014,07-July,6-Friday,15:21,1500 Hours,District 2 (Northeast),WATERLOO,BLACK HAWK,US 218,US 218/WASHINGTON ST,Collision with:  Vehicle in traffic,On Roadway,Rear-end (front to rear),Followed too close,None Indicated,,Daylight,Dry,Clear,None apparent,Non-intersection:  Non-junction/no special feature,Paved,,Property Damage Only,0,0,0,0,0,0,1500,2,2,,POINT (-92.388145868288 42.530913034306)
2014828323,14070605,07/25/2014,07-July,6-Friday,14:15,1400 Hours,District 5 (Southeast),,WAPELLO,,Co Rd T61/MONROE WAPELLO RD,Collision with:  Animal,On Roadway,Non-collision (single vehicle),Animal,None Indicated,,Daylight,Dry,Clear,None apparent,Non-intersection:  Non-junction/no special feature,Paved,,Property Damage Only,0,0,0,0,0,0,2500,1,2,,POINT (-92.639214293106 40.916324462935)
2014809091,01-14-32920,07/25/2014,07-July,6-Friday,17:09,1700 Hours,District 6 (East Central),DUBUQUE,DUBUQUE,,W 3RD ST & LOCUST ST S,Collision with:  Vehicle in traffic,On Roadway,Rear-end (front to rear),FTYROW:  From stop sign,None Indicated,,Daylight,Dry,Cloudy,None apparent,Intersection:  Four-way intersection,Paved,,Property Damage Only,0,0,0,0,0,0,8000,2,3,,POINT (-90.666052104438 42.496463580675)
2014811141,01-14-32939,07/25/2014,07-July,6-Friday,19:06,1900 Hours,District 6 (East Central),DUBUQUE,DUBUQUE,,E 22ND ST & WHITE ST,Collision with:  Vehicle in traffic,On Roadway,Broadside (front to side),FTYROW:  From stop sign,None Indicated,,Daylight,Dry,Cloudy,None apparent,Intersection:  Four-way intersection,Paved,,Property Damage Only,0,0,0,0,0,0,6000,2,3,,POINT (-90.670546821998 42.513710003415)
2014814189,2014-51610,07/25/2014,07-July,6-Friday,11:48,1100 Hours,District 6 (East Central),DAVENPORT,SCOTT,,W 8TH ST & FILLMORE ST,Collision with:  Vehicle in traffic,On Roadway,Broadside (front to side),FTYROW:  From stop sign,None Indicated,,Daylight,Wet,Rain,None apparent,Intersection:  Four-way intersection,Paved,,Property Damage Only,0,0,0,0,0,0,7100,2,2,,POINT (-90.594225313411 41.527789578913)
2014810324,2014043247,07/25/2014,07-July,6-Friday,18:50,1800 Hours,District 1 (Central),,POLK,US 6,US 6/NW RAMP,Collision with:  Vehicle in traffic,On Roadway,Rear-end (front to rear),Driving too fast for conditions,None Indicated,,Daylight,Dry,Cloudy,None apparent,Interchange-related:  On-ramp,Paved,,Property Damage Only,0,0,0,0,0,0,9000,2,4,,POINT (-93.514584527964 41.649196615339)
2014809850,14-25910,07/25/2014,07-July,6-Friday,15:39,1500 Hours,District 5 (Southeast),BURLINGTON,DES MOINES,,HARRISON AVE & MADISON AVE,Collision with:  Vehicle in traffic,On Roadway,Rear-end (front to rear),Other (explain in narrative):  Other,None Indicated,,Daylight,Dry,Cloudy,None apparent,Non-intersection:  Non-junction/no special feature,Paved,,Possible/Unknown,0,1,0,0,1,0,3000,2,3,,POINT (-91.107447783217 40.789147472003)
2014812013,14-07035,07/25/2014,07-July,6-Friday,15:09,1500 Hours,District 5 (Southeast),MOUNT PLEASANT,HENRY,,W COURTLAND ST & N CARNAHAN RD,Collision with:  Vehicle in traffic,On Roadway,Broadside (front to side),Traveling wrong way or on wrong side of road,Alcohol (Statutory),,Daylight,Dry,Cloudy,None apparent,Intersection:  T-intersection,Paved,,Property Damage Only,0,0,0,0,0,0,4000,2,3,,POINT (-91.568753634996 40.974043681173)
2014810508,01-14-32933,07/25/2014,07-July,6-Friday,18:24,1800 Hours,District 6 (East Central),DUBUQUE,DUBUQUE,,NIGHTINGALE LN & CEDAR CROSS RD,Collision with:  Vehicle in traffic,On Roadway,Rear-end (front to rear),Swerving/Evasive Action,None Indicated,,Daylight,Dry,Cloudy,None apparent,Non-intersection:  Non-junction/no special feature,Paved,,Minor Injury,0,1,0,1,0,0,2500,2,2,,POINT (-90.716729879124 42.483914021437)
2014810799,2014043217,07/25/2014,07-July,6-Friday,16:30,1600 Hours,District 1 (Central),,STORY,I-35,I-35,Collision with:  Vehicle in traffic,On Roadway,Rear-end (front to rear),Swerving/Evasive Action,None Indicated,,Daylight,Dry,Cloudy,None apparent,Non-intersection:  Non-junction/no special feature,Paved,,Property Damage Only,0,0,0,0,0,0,16200,2,5,,POINT (-93.569779291668 41.938851697116)
2014809119,2014007982,07/25/2014,07-July,6-Friday,20:45,2000 Hours,District 6 (East Central),IOWA CITY,JOHNSON,IA 1,IA 1/IOWA 1,Collision with:  Vehicle in traffic,On Roadway,"Sideswipe, same direction",Followed too close,None Indicated,,Dark - roadway lighted,Dry,Clear,None apparent,Non-intersection:  Non-junction/no special feature,Paved,,Minor Injury,0,1,0,1,0,0,750,2,3,,POINT (-91.548760314652 41.647383194131)
2014808948,201410705,07/25/2014,07-July,6-Friday,06:33,0600 Hours,District 6 (East Central),CEDAR RAPIDS,LINN,IA 922,IA 922/1ST AVE E & 19TH ST SE & 19TH ST NE,Collision with fixed object:  Utility pole/light support,On Roadway,Non-collision (single vehicle),Ran off road - right,None Indicated,,Dawn,Wet,Rain,None apparent,Non-intersection:  Non-junction/no special feature,Paved,,Property Damage Only,0,0,0,0,0,0,4000,1,1,,POINT (-91.644272596681 41.992739344303)
2014811281,14-007681,07/25/2014,07-July,6-Friday,20:10,2000 Hours,District 3 (Northwest),,CARROLL,,Co Rd E17/130TH ST & Co Rd N33/NOBLE AVE,Collision with:  Vehicle in traffic,On Roadway,Broadside (front to side),FTYROW:  At uncontrolled intersection,None Indicated,,Daylight,Dry,Cloudy,None apparent,Intersection:  Four-way intersection,Unpaved,,Minor Injury,0,4,0,1,3,0,9500,2,4,,POINT (-94.842062779521 42.166733746276)
2014809641,,07/25/2014,07-July,6-Friday,11:05,1100 Hours,District 4 (Southwest),,ADAIR,IA 92,IA 92/IOWA 92 & TRENTON AVE,Collision with:  Vehicle in traffic,On Roadway,"Angle, oncoming left turn",Made improper turn,None Indicated,,Daylight,Dry,Clear,Work Zone (roadway-related),Intersection:  Other intersection (explain in narrative),Paved,Yes,Property Damage Only,0,0,0,0,0,0,6000,2,2,,POINT (-94.33722277013 41.301953680531)
2014810171,CL14002599,07/25/2014,07-July,6-Friday,18:15,1800 Hours,District 6 (East Central),CLINTON,CLINTON,,8TH AVE S,Collision with:  Vehicle in traffic,On Roadway,Rear-end (front to rear),Followed too close,None Indicated,,Daylight,Dry,Cloudy,None apparent,Non-intersection:  Other non-intersection (explain in narrative),Unpaved,,Property Damage Only,0,0,0,0,0,0,5000,3,8,,POINT (-90.190002999022 41.837741220959)
2014809075,1401904,07/25/2014,07-July,6-Friday,16:02,1600 Hours,District 5 (Southeast),BLOOMFIELD,DAVIS,US 63,US 63/WASHINGTON ST,Collision with:  Vehicle in traffic,On Roadway,"Sideswipe, same direction",FTYROW:  Other (explain in narrative),None Indicated,,Daylight,Dry,Cloudy,None apparent,Non-intersection:  Driveway access (within),Paved,,Property Damage Only,0,0,0,0,0,0,1500,2,3,,POINT (-92.413682979352 40.752877252428)
2014809239,14-031064,07/25/2014,07-July,6-Friday,08:27,0800 Hours,District 4 (Southwest),COUNCIL BLUFFS,POTTAWATTAMIE,IA 192,IA 192/S 7TH ST & W BROADWAY,Collision with:  Vehicle in traffic,On Roadway,Broadside (front to side),Ran Traffic Signal,None Indicated,,Daylight,Dry,Clear,None apparent,Intersection:  Four-way intersection,Paved,,Possible/Unknown,0,1,0,0,1,0,6000,2,4,,POINT (-95.853765042283 41.261491972654)
2014809203,20140021412,07/25/2014,07-July,6-Friday,22:41,2200 Hours,District 1 (Central),DES MOINES,POLK,,E 13TH ST,Collision with:  Vehicle in traffic,On Roadway,Head-on (front to front),Ran off road - right,Alcohol (Statutory),,Dark - roadway lighted,Dry,Clear,None apparent,Non-intersection:  Non-junction/no special feature,Paved,,Property Damage Only,0,0,0,0,0,0,3400,2,1,,POINT (-93.602751738688 41.598679050843)
2014813209,,07/25/2014,07-July,6-Friday,14:30,1400 Hours,District 1 (Central),DES MOINES,POLK,,AMICK AVE & 37TH ST,Collision with:  Vehicle in traffic,On Roadway,Broadside (front to side),FTYROW:  Other (explain in narrative),None Indicated,,Daylight,Dry,Clear,None apparent,Non-intersection:  Non-junction/no special feature,Paved,,Property Damage Only,0,0,0,0,0,0,1500,2,3,,POINT (-93.667189153434 41.626623791043)
2014809281,14-23983,07/25/2014,07-July,6-Friday,11:36,1100 Hours,District 3 (Northwest),SIOUX CITY,WOODBURY,,W 4TH ST & ALLAN ST,Collision with:  Vehicle in traffic,On Roadway,Broadside (front to side),FTYROW:  From stop sign,None Indicated,,Daylight,Dry,Clear,None apparent,Intersection:  Four-way intersection,Paved,,Possible/Unknown,0,2,0,0,2,0,11500,3,2,,POINT (-96.431214142386 42.500340606478)
2014809507,201402574,07/25/2014,07-July,6-Friday,10:55,1000 Hours,District 6 (East Central),,LINN,,Co Rd E34/FEATHER RIDGE RD & Co Rd E36/BLAIRS FERRY RD,Collision with:  Vehicle in traffic,On Roadway,Rear-end (front to rear),Followed too close,None Indicated,,Daylight,Dry,Cloudy,None apparent,Non-intersection:  Non-junction/no special feature,Paved,,Property Damage Only,0,0,0,0,0,0,6000,2,3,,POINT (-91.742021875131 42.065939467656)
2014811422,14074714,07/25/2014,07-July,6-Friday,20:48,2000 Hours,District 2 (Northeast),CEDAR FALLS,BLACK HAWK,IA 27,IA 27,Collision with fixed object:  Guardrail - face,On Roadway,Non-collision (single vehicle),Exceeded authorized speed,Alcohol (Statutory),,Dark - roadway lighted,Dry,Cloudy,None apparent,Non-intersection:  Non-junction/no special feature,Paved,,Possible/Unknown,0,1,0,0,1,0,5000,1,2,,POINT (-92.445770815539 42.468201345113)
2014812206,14-150725-01,07/25/2014,07-July,6-Friday,15:40,1500 Hours,District 6 (East Central),,IOWA,IA 220,IA 220/220TH TRL,Collision with:  Vehicle in traffic,On Roadway,Rear-end (front to rear),Other (explain in narrative):  Other,None Indicated,,Daylight,Dry,Cloudy,None apparent,Non-intersection:  Non-junction/no special feature,Paved,,Property Damage Only,0,0,0,0,0,0,8500,3,3,,POINT (-91.885720765515 41.803486855453)
2014810323,2014043216,07/25/2014,07-July,6-Friday,15:47,1500 Hours,District 1 (Central),ALTOONA,POLK,I-80,I-80,Collision with:  Vehicle in traffic,On Roadway,Rear-end (front to rear),Lost Control,None Indicated,,Daylight,Dry,Cloudy,Work Zone (roadway-related),Non-intersection:  Non-junction/no special feature,Paved,Yes,Possible/Unknown,0,1,0,0,1,0,17000,3,3,,POINT (-93.517762314441 41.660621447144)
2014809226,20140021401,07/25/2014,07-July,6-Friday,20:32,2000 Hours,District 1 (Central),DES MOINES,POLK,,KEOSAUQUA WAY & 12TH ST,Collision with:  Vehicle in traffic,On Roadway,"Angle, oncoming left turn",FTYROW:  Making left turn,None Indicated,,Dusk,Dry,Cloudy,None apparent,Intersection:  Four-way intersection,Paved,,Property Damage Only,0,0,0,0,0,0,4000,2,3,,POINT (-93.632163492903 41.592621346911)
2014809176,14-003189,07/25/2014,07-July,6-Friday,14:30,1400 Hours,District 1 (Central),ANKENY,POLK,,NW 4TH ST & NW STATE ST,Collision with:  Vehicle in traffic,On Roadway,Broadside (front to side),FTYROW:  From stop sign,None Indicated,,Daylight,Dry,Clear,None apparent,Intersection:  Four-way intersection,Paved,,Property Damage Only,0,0,0,0,0,0,4500,2,2,,POINT (-93.621537260322 41.735460367943)
2014809244,14-031148,07/25/2014,07-July,6-Friday,20:52,2000 Hours,District 4 (Southwest),COUNCIL BLUFFS,POTTAWATTAMIE,US 6,US 6/W BROADWAY & N 30TH ST,Collision with:  Vehicle in traffic,On Roadway,"Sideswipe, same direction",Improper or erratic lane changing,None Indicated,,Dark - roadway lighted,Dry,Clear,None apparent,Non-intersection:  Non-junction/no special feature,Paved,,Property Damage Only,0,0,0,0,0,0,13000,2,2,,POINT (-95.892432691962 41.261940238703)
2014854298,103-2014,07/25/2014,07-July,6-Friday,01:00,0100 Hours,District 4 (Southwest),,HARRISON,,LIBERTY AVE,Collision with fixed object:  Tree,Roadside,Non-collision (single vehicle),Driving too fast for conditions,None Indicated,,Dark - roadway not lighted,Dry,Clear,None apparent,Non-intersection:  Non-junction/no special feature,Paved,,Property Damage Only,0,0,0,0,0,0,1500,1,1,,POINT (-95.886170395979 41.582526808332)
2014811767,14-184,07/25/2014,07-July,6-Friday,20:30,2000 Hours,District 4 (Southwest),,TAYLOR,IA 2,IA 2/IOWA 2,Collision with:  Animal,,,Animal,None Indicated,,,,,,,Paved,,Property Damage Only,0,0,0,0,0,0,1700,1,1,,POINT (-94.579378436271 40.676015798138)
2014808982,14-031045,07/25/2014,07-July,6-Friday,02:45,0200 Hours,District 4 (Southwest),COUNCIL BLUFFS,POTTAWATTAMIE,I-29,I-29,Collision with:  Vehicle in traffic,On Roadway,"Sideswipe, same direction",Crossed centerline (undivided),None Indicated,,Dark - roadway lighted,Dry,Rain,None apparent,Non-intersection:  Other non-intersection (explain in narrative),Paved,,Property Damage Only,0,0,0,0,0,0,2100,2,2,,POINT (-95.905529493898 41.27008511962)
2014809480,W14-075757,07/25/2014,07-July,6-Friday,15:00,1500 Hours,District 2 (Northeast),WATERLOO,BLACK HAWK,,LAMBETH RD,Collision with:  Vehicle in traffic,On Roadway,"Sideswipe, opposite direction",Other (explain in narrative):  Other,None Indicated,,Daylight,Dry,Clear,None apparent,Non-intersection:  Non-junction/no special feature,Paved,,Property Damage Only,0,0,0,0,0,0,2500,2,2,,POINT (-92.401662958303 42.511639944174)
2014808949,201410710,07/25/2014,07-July,6-Friday,08:30,0800 Hours,District 6 (East Central),CEDAR RAPIDS,LINN,,18TH ST SE,Collision with:  Vehicle in traffic,On Roadway,"Sideswipe, same direction",Other (explain in narrative):  Other,None Indicated,,Daylight,Wet,Rain,None apparent,Non-intersection:  Non-junction/no special feature,Paved,,Property Damage Only,0,0,0,0,0,0,2500,2,1,,POINT (-91.644696290723 41.9818736005)
2014809221,20140021373,07/25/2014,07-July,6-Friday,16:40,1600 Hours,District 1 (Central),DES MOINES,POLK,,FOREST AVE & MLK JR PKWY,Collision with:  Vehicle in traffic,On Roadway,Broadside (front to side),Ran Traffic Signal,None Indicated,,Daylight,Dry,Cloudy,None apparent,Intersection:  Four-way intersection,Paved,,Property Damage Only,0,0,0,0,0,0,8000,2,3,,POINT (-93.643867719703 41.604067636187)
2014811719,2014-51630,07/25/2014,07-July,6-Friday,14:17,1400 Hours,District 6 (East Central),DAVENPORT,SCOTT,I-80,I-80,Collision with:  Vehicle in traffic,On Roadway,"Sideswipe, same direction",FTYROW:  Other (explain in narrative),None Indicated,,Daylight,Dry,Clear,None apparent,Non-intersection:  Non-junction/no special feature,Paved,,Property Damage Only,0,0,0,0,0,0,15000,2,4,,POINT (-90.535669734769 41.596132027361)
2014811095,2014043212,07/25/2014,07-July,6-Friday,15:40,1500 Hours,District 4 (Southwest),,UNION,US 169,US 169 & ORIOLE AVE,Collision with fixed object:  Ditch,On Roadway,Non-collision (single vehicle),Swerving/Evasive Action,None Indicated,,Daylight,Dry,Cloudy,None apparent,Non-intersection:  Non-junction/no special feature,Paved,,Major Injury,0,1,1,0,0,0,7000,1,1,,POINT (-94.207479548731 40.9823700337)
2014819380,1407-054,07/25/2014,07-July,6-Friday,13:46,1300 Hours,District 3 (Northwest),,OSCEOLA,,Co Rd A46/230TH ST & Co Rd L30/MONROE AVE,Collision with:  Vehicle in traffic,On Roadway,Broadside (front to side),FTYROW:  From driveway,None Indicated,,Daylight,Dry,Clear,None apparent,Non-intersection:  Driveway access (within),Paved,,Property Damage Only,0,0,0,0,0,0,18000,2,2,,POINT (-95.842347947927 43.315741039295)
2014809295,2014043124,07/25/2014,07-July,6-Friday,08:50,0800 Hours,District 2 (Northeast),,CERRO GORDO,I-35,I-35,Collision with:  Vehicle in traffic,On Roadway,Rear-end (front to rear),Crossed centerline (undivided),None Indicated,,Daylight,Wet,Rain,None apparent,Non-intersection:  Non-junction/no special feature,Paved,,Property Damage Only,0,0,0,0,0,0,3000,2,32,,POINT (-93.343113958489 43.074175202264)
2014809150,14015507,07/25/2014,07-July,6-Friday,14:32,1400 Hours,District 6 (East Central),MARION,LINN,,10TH AVE,Non-collision events:  Other non-collision (explain in narrative),On Roadway,Broadside (front to side),Ran Stop Sign,None Indicated,,Daylight,Dry,Cloudy,None apparent,Intersection:  Four-way intersection,Paved,,Property Damage Only,0,0,0,0,0,0,1500,2,3,,POINT (-91.557001853496 42.035797402409)
2014826642,14017131,07/25/2014,07-July,6-Friday,05:17,0500 Hours,District 5 (Southeast),,MAHASKA,,Co Rd T43/FISHER AVE,Collision with fixed object:  Traffic sign support,Outside trafficway,Non-collision (single vehicle),Ran off road - right,None Indicated,,Dark - roadway not lighted,Wet,Rain,"Surface condition (e.g., wet, icy)",Non-intersection:  Non-junction/no special feature,Unpaved,,Property Damage Only,0,0,0,0,0,0,3200,1,1,,POINT (-92.756212983337 41.353294735401)