Iowa DOT Case Number,Law Enforcement Case Number,Date of Crash,Month of Crash,Day of Week,Time of Crash,Hour,DOT District,City Name,County Name,Route with System,Location Description,First Harmful Event,Location of First Harmful Event,Manner of Crash/Collision,Major Cause,Drug or Alcohol ,Environmental Conditions,Light Conditions,Surface Conditions,Weather Conditions,Roadway Contribution,Roadway Type,Roadway Surface,Work Zone,Crash Severity,Number of Fatalities,Number of Injuries,Number of Major Injuries,Number of Minor Injuries,Number of Possible Injuries,Number of Unknown Injuries,Amount of Property Damage,Number of Vehicles Involved,Total Number of Occupants,Travel Direction,Location
2014810437,2014-15945,07/26/2014,07-July,7-Saturday,13:20,1300 Hours,District 5 (Southeast),INDIANOLA,WARREN,,N HOWARD ST,Collision with:  Parked motor vehicle,Shoulder,"Sideswipe, opposite direction",Improper Backing,None Indicated,,Daylight,Dry,Clear,None apparent,Non-intersection:  Non-junction/no special feature,Paved,,Property Damage Only,0,0,0,0,0,0,1500,2,1,,POINT (-93.560915894271 41.361914268998)
2014809634,2014043461,07/26/2014,07-July,7-Saturday,10:18,1000 Hours,District 3 (Northwest),,EMMET,IA 9,IA 9/IOWA 9,Collision with:  Animal,,,Animal,None Indicated,,,,,,,Paved,,Property Damage Only,0,0,0,0,0,0,1500,1,1,,POINT (-94.876040346707 43.415146123479)
2014811382,02003,07/26/2014,07-July,7-Saturday,14:29,1400 Hours,District 6 (East Central),DYERSVILLE,DUBUQUE,IA 136,IA 136/11TH ST NE,Unknown,On Roadway,Broadside (front to side),FTYROW:  Making left turn,None Indicated,,Daylight,Dry,Cloudy,None apparent,Intersection:  T-intersection,Paved,,Property Damage Only,0,0,0,0,0,0,4000,2,2,,POINT (-91.109681270572 42.484119565538)
2014809573,2014-51878,07/26/2014,07-July,7-Saturday,22:00,2200 Hours,District 6 (East Central),DAVENPORT,SCOTT,,N PINE ST,Collision with:  Parked motor vehicle,On Roadway,"Sideswipe, same direction","Operating vehicle in an reckless, erratic, careless, negligent manner",None Indicated,,Dark - roadway not lighted,Dry,Cloudy,None apparent,Non-intersection:  Non-junction/no special feature,Paved,,Property Damage Only,0,0,0,0,0,0,1500,2,1,,POINT (-90.611081058745 41.522782316892)
2014810418,14-0815,07/26/2014,07-July,7-Saturday,06:34,0600 Hours,District 1 (Central),PLEASANT HILL,POLK,,N COPPER WYND DR,Collision with:  Vehicle in traffic,On Roadway,Rear-end (front to rear),Driver Distraction:  Reaching for object(s)/fallen object(s),None Indicated,,Dawn,Dry,Cloudy,None apparent,Non-intersection:  Non-junction/no special feature,Paved,,Possible/Unknown,0,1,0,0,1,0,8000,2,1,,POINT (-93.509554384536 41.612811899332)
2014809681,14-006507,07/26/2014,07-July,7-Saturday,13:27,1300 Hours,District 6 (East Central),MANCHESTER,DELAWARE,,N 2ND ST,Collision with:  Other non-fixed object (explain in narrative),On Roadway,Non-collision (single vehicle),Unknown,None Indicated,,Daylight,Dry,Unknown,None apparent,Non-intersection:  Non-junction/no special feature,Paved,,Property Damage Only,0,0,0,0,0,0,2000,1,1,,POINT (-91.45916846601 42.495305085991)
2014809198,20140021505,07/26/2014,07-July,7-Saturday,14:15,1400 Hours,District 1 (Central),DES MOINES,POLK,IA 163,IA 163/E UNIVERSITY AVE & E 30TH ST,Collision with:  Vehicle in traffic,On Roadway,Head-on (front to front),FTYROW:  Making left turn,None Indicated,,Daylight,Dry,Clear,None apparent,Intersection:  Four-way intersection,Paved,,Property Damage Only,0,0,0,0,0,0,6000,3,5,,POINT (-93.558453621082 41.600560097132)
2014809294,2014043317,07/26/2014,07-July,7-Saturday,00:08,0000 Hours,District 1 (Central),,WEBSTER,US 169,US 169,Non-collision events:  Overturn/rollover,Roadside,Non-collision (single vehicle),Ran off road - right,Alcohol (Statutory),,Dark - roadway not lighted,Dry,Clear,None apparent,Non-intersection:  Non-junction/no special feature,Paved,,Major Injury,0,1,1,0,0,0,3000,1,2,,POINT (-94.197169938309 42.46583749883)
2014809672,14012637,07/26/2014,07-July,7-Saturday,16:54,1600 Hours,District 2 (Northeast),MASON CITY,CERRO GORDO,,28TH ST SW & S JEFFERSON AVE,Collision with:  Vehicle in traffic,On Roadway,Broadside (front to side),FTYROW:  From yield sign,None Indicated,,Daylight,Dry,Clear,None apparent,Intersection:  Four-way intersection,Paved,,Property Damage Only,0,0,0,0,0,0,1850,2,3,,POINT (-93.207358331084 43.125496619338)
2014809233,14-3562,07/26/2014,07-July,7-Saturday,01:55,0100 Hours,District 1 (Central),WEST DES MOINES,POLK,,PLEASANT ST & 50TH ST,Collision with:  Other non-fixed object (explain in narrative),Outside trafficway,Non-collision (single vehicle),Lost Control,Alcohol (Statutory),,Dark - roadway lighted,Dry,Clear,None apparent,Non-intersection:  Driveway access (within),Paved,,Property Damage Only,0,0,0,0,0,0,8000,1,1,,POINT (-93.771131091454 41.590791443321)
2014809601,2014043398,07/26/2014,07-July,7-Saturday,15:46,1500 Hours,District 6 (East Central),CORALVILLE,JOHNSON,I-80,I-80,Collision with:  Vehicle in traffic,On Roadway,Rear-end (front to rear),Other (explain in narrative):  Other,None Indicated,,Daylight,Dry,Cloudy,None apparent,Non-intersection:  Non-junction/no special feature,Paved,,Possible/Unknown,0,1,0,0,1,0,2500,2,6,,POINT (-91.622259616407 41.694276942455)
2014809230,14-1642,07/26/2014,07-July,7-Saturday,22:03,2200 Hours,District 1 (Central),URBANDALE,POLK,,AIRLINE AVE,Collision with:  Vehicle in traffic,On Roadway,Rear-end (front to rear),Improper Backing,Alcohol (Statutory),,Dark - roadway lighted,Dry,Cloudy,Work Zone (roadway-related),Non-intersection:  Driveway access (within),Paved,Yes,Property Damage Only,0,0,0,0,0,0,1600,2,1,,POINT (-93.72322626592 41.632995227447)
2014809353,144213,07/26/2014,07-July,7-Saturday,06:32,0600 Hours,District 1 (Central),,HARDIN,,Co Rd C73/HARDIN ST & HEATHER AVE & G AVE,Collision with:  Vehicle in traffic,On Roadway,Head-on (front to front),Crossed centerline (undivided),None Indicated,,Dawn,Dry,"Fog, smoke, smog",None apparent,Intersection:  Four-way intersection,Paved,,Major Injury,0,1,1,0,0,0,48000,2,2,,POINT (-93.360649198397 42.557501362304)
2014811133,14-006189,07/26/2014,07-July,7-Saturday,16:51,1600 Hours,District 2 (Northeast),,CLAYTON,,FANTAIL RD,Non-collision events:  Other non-collision (explain in narrative),On Roadway,Non-collision (single vehicle),Crossed centerline (undivided),Alcohol (Statutory),,Daylight,"Mud, dirt",Unknown,None apparent,Non-intersection:  Non-junction/no special feature,Unpaved,,Possible/Unknown,0,1,0,0,1,0,1400,1,1,,POINT (-91.381931096919 42.71005510937)
2014811282,14-007739,07/26/2014,07-July,7-Saturday,23:21,2300 Hours,District 3 (Northwest),,CARROLL,,Co Rd N33/OLYMPIC AVE,Collision with:  Animal,On Roadway,Non-collision (single vehicle),Animal,None Indicated,,Dark - roadway not lighted,Dry,Cloudy,None apparent,Non-intersection:  Other non-intersection (explain in narrative),Paved,,Property Damage Only,0,0,0,0,0,0,4000,1,2,,POINT (-94.822524676495 41.971172539249)
2014810895,1-14-000282,07/26/2014,07-July,7-Saturday,09:20,0900 Hours,District 4 (Southwest),,SHELBY,US 59,US 59,Non-collision events:  Other non-collision (explain in narrative),On Roadway,Non-collision (single vehicle),Equipment failure,None Indicated,,Daylight,Dry,Cloudy,None apparent,Non-intersection:  Driveway access (within),Paved,,Major Injury,0,1,1,0,0,0,10000,1,1,,POINT (-95.343289098537 41.740621557873)
2014810894,01-14-000280,07/26/2014,07-July,7-Saturday,01:33,0100 Hours,District 4 (Southwest),DEFIANCE,SHELBY,US 59,US 59,Collision with:  Animal,,,Animal,None Indicated,,,,,,,Paved,,Property Damage Only,0,0,0,0,0,0,3500,1,1,,POINT (-95.348631136762 41.828691611867)
2014810816,2014043455,07/26/2014,07-July,7-Saturday,21:30,2100 Hours,District 4 (Southwest),,POTTAWATTAMIE,I-80,I-80,Collision with:  Animal,,,Animal,None Indicated,,,,,,,Paved,,Property Damage Only,0,0,0,0,0,0,8000,1,1,,POINT (-95.432692227509 41.498330359383)
2014810451,14031411,07/26/2014,07-July,7-Saturday,19:10,1900 Hours,District 5 (Southeast),,MUSCATINE,,CRANSTON RD,Collision with:  Animal,,,Animal,None Indicated,,,,,,,Paved,,Property Damage Only,0,0,0,0,0,0,3500,1,1,,POINT (-91.267725412771 41.400646155148)
2014833776,102-2014,07/26/2014,07-July,7-Saturday,20:05,2000 Hours,District 4 (Southwest),,HARRISON,US 30,US 30,Collision with fixed object:  Ditch,On Roadway,Non-collision (single vehicle),Exceeded authorized speed,Alcohol (Statutory),,Daylight,Dry,Clear,None apparent,Non-intersection:  Non-junction/no special feature,Paved,,Major Injury,0,1,1,0,0,0,5000,1,1,,POINT (-95.847309697874 41.582857110195)
2014839069,TC4114,07/26/2014,07-July,7-Saturday,19:18,1900 Hours,District 4 (Southwest),MISSOURI VALLEY,HARRISON,US 30,US 30/W ERIE ST/E ERIE ST & N 1ST ST,Collision with:  Vehicle in traffic,On Roadway,Rear-end (front to rear),Unknown,None Indicated,,Daylight,Dry,Clear,None apparent,Intersection:  T-intersection,Paved,,Property Damage Only,0,0,0,0,0,0,1500,2,3,,POINT (-95.894692768573 41.556357221802)
2014809516,1376,07/26/2014,07-July,7-Saturday,01:58,0100 Hours,District 2 (Northeast),RICEVILLE,MITCHELL,,Co Rd T62/WALNUT AVE,Non-collision events:  Other non-collision (explain in narrative),Shoulder,Non-collision (single vehicle),Swerving/Evasive Action,Under Influence of Alcohol/Drugs/Medications,,Dark - roadway not lighted,Dry,Clear,None apparent,Non-intersection:  Non-junction/no special feature,Paved,,Fatal,1,1,1,0,0,0,20000,1,2,,POINT (-92.594130913935 43.378410381827)
2014809172,SO14001777,07/26/2014,07-July,7-Saturday,05:00,0500 Hours,District 3 (Northwest),,PLYMOUTH,,HARNESS RD,Non-collision events:  Overturn/rollover,On Roadway,Non-collision (single vehicle),Ran off road - left,None Indicated,,Daylight,Dry,Cloudy,None apparent,Non-intersection:  Non-junction/no special feature,Unpaved,,Property Damage Only,0,0,0,0,0,0,40500,1,1,,POINT (-96.307667009539 42.601279662586)
2014809322,01-14-33079,07/26/2014,07-July,7-Saturday,14:20,1400 Hours,District 6 (East Central),DUBUQUE,DUBUQUE,,KELLY LN,Collision with:  Vehicle in traffic,On Roadway,Broadside (front to side),FTYROW:  From driveway,None Indicated,,Daylight,Dry,Cloudy,None apparent,Non-intersection:  Driveway access (within),Paved,,Property Damage Only,0,0,0,0,0,0,7000,2,2,,POINT (-90.692688413129 42.473337407661)
2014809844,2014007613,07/26/2014,07-July,7-Saturday,20:48,2000 Hours,District 1 (Central),MARSHALLTOWN,MARSHALL,IA 14,IA 14/N 3RD AVE & E WOODBURY ST,Collision with:  Vehicle in traffic,On Roadway,"Angle, oncoming left turn",FTYROW:  Making left turn,None Indicated,,Dusk,Dry,Clear,None apparent,Intersection:  T-intersection,Paved,,Property Damage Only,0,0,0,0,0,0,4725,2,3,,POINT (-92.9080352784 42.05280300847)
2014809839,145306,07/26/2014,07-July,7-Saturday,09:20,0900 Hours,District 4 (Southwest),,DALLAS,US 6,US 6/N AVE,Non-collision events:  Other non-collision (explain in narrative),Roadside,Non-collision (single vehicle),Ran off road - straight,None Indicated,,Daylight,Dry,Clear,None apparent,Intersection:  Other intersection (explain in narrative),Paved,,Property Damage Only,0,0,0,0,0,0,1500,1,1,,POINT (-94.012626460198 41.551619264612)
2014809350,14005160,07/26/2014,07-July,7-Saturday,21:31,2100 Hours,District 1 (Central),WEBSTER CITY,HAMILTON,US 20,US 20,Collision with:  Animal,,,Animal,None Indicated,,,,,,,Paved,,Property Damage Only,0,0,0,0,0,0,3000,1,1,,POINT (-93.804069577508 42.44914146879)
2014811943,104-2014,07/26/2014,07-July,7-Saturday,05:30,0500 Hours,District 4 (Southwest),,HARRISON,,Co Rd F20L/EASTON TRL,Non-collision events:  Overturn/rollover,Roadside,Non-collision (single vehicle),Swerving/Evasive Action,None Indicated,,Dark - roadway not lighted,Dry,Clear,None apparent,Non-intersection:  Non-junction/no special feature,Paved,,Property Damage Only,0,0,0,0,0,0,1500,1,1,,POINT (-95.766214127699 41.764849237676)
2014809202,20140021528,07/26/2014,07-July,7-Saturday,18:05,1800 Hours,District 1 (Central),DES MOINES,POLK,,PLEASANT ST & 9TH ST,Collision with:  Vehicle in traffic,On Roadway,Broadside (front to side),Ran Traffic Signal,None Indicated,,Daylight,Dry,Cloudy,None apparent,Intersection:  Four-way intersection,Paved,,Property Damage Only,0,0,0,0,0,0,12000,2,2,,POINT (-93.629569373936 41.588663385197)
2014809855,CL14002609,07/26/2014,07-July,7-Saturday,11:14,1100 Hours,District 6 (East Central),CLINTON,CLINTON,US 67,US 67/N 3RD ST,Collision with:  Non-motorist (see non-motorist section - NOT a unit),Roadside,Non-collision (single vehicle),FTYROW:  To pedestrian,None Indicated,,Daylight,Dry,Cloudy,None apparent,Intersection:  Shared use path or trail,Paved,,Possible/Unknown,0,1,0,0,1,0,200,1,1,,POINT (-90.179980685009 41.889584220065)
2014813449,14-5520PD,07/26/2014,07-July,7-Saturday,17:54,1700 Hours,District 1 (Central),BOONE,BOONE,,MAMIE EISENHOWER AVE & S CARROLL ST,Collision with:  Vehicle in traffic,On Roadway,Broadside (front to side),FTYROW:  From stop sign,None Indicated,,Daylight,Dry,Clear,None apparent,Intersection:  Four-way intersection,Paved,,Property Damage Only,0,0,0,0,0,0,4000,2,3,,POINT (-93.885030693174 42.059604783049)
2014814761,2014-51915,07/26/2014,07-July,7-Saturday,10:05,1000 Hours,District 6 (East Central),DAVENPORT,SCOTT,,WASHINGTON ST,Collision with:  Vehicle in traffic,On Roadway,Rear-end (front to rear),Unknown,None Indicated,,Daylight,Dry,Cloudy,None apparent,Non-intersection:  Non-junction/no special feature,Paved,,Property Damage Only,0,0,0,0,0,0,3000,2,1,,POINT (-90.596296658832 41.534641780451)
2014809740,14-001697,07/26/2014,07-July,7-Saturday,17:07,1700 Hours,District 1 (Central),ALTOONA,POLK,,11TH ST SE,Collision with fixed object:  Mailbox,On Roadway,Non-collision (single vehicle),Lost Control,None Indicated,,Daylight,Dry,Clear,None apparent,Non-intersection:  Non-junction/no special feature,Paved,,Property Damage Only,0,0,0,0,0,0,2100,1,1,,POINT (-93.456106228893 41.641427134943)
2014809204,20140021539,07/26/2014,07-July,7-Saturday,21:50,2100 Hours,District 1 (Central),DES MOINES,POLK,,GUTHRIE AVE,Collision with:  Parked motor vehicle,On Roadway,Head-on (front to front),Lost Control,Alcohol (Statutory),,Dark - roadway lighted,Dry,Clear,None apparent,Non-intersection:  Non-junction/no special feature,Paved,,Property Damage Only,0,0,0,0,0,0,4500,2,1,,POINT (-93.597046439302 41.615002896687)
2014810187,14-4499,07/26/2014,07-July,7-Saturday,20:16,2000 Hours,District 3 (Northwest),CHEROKEE,CHEROKEE,,E BLUFF ST & N 1ST ST,Collision with:  Non-motorist (see non-motorist section - NOT a unit),On Roadway,Non-collision (single vehicle),Other (explain in narrative):  No improper action,None Indicated,,Daylight,Dry,Clear,None apparent,Non-intersection:  Non-junction/no special feature,Paved,,Possible/Unknown,0,1,0,0,1,0,250,1,1,,POINT (-95.550288511225 42.755092207866)
2014810357,14-000403,07/26/2014,07-July,7-Saturday,03:17,0300 Hours,District 1 (Central),WEBSTER CITY,HAMILTON,,1ST ST,Collision with fixed object:  Utility pole/light support,On Roadway,Non-collision (single vehicle),Lost Control,None Indicated,,Dark - roadway lighted,Dry,Clear,None apparent,Non-intersection:  Non-junction/no special feature,Paved,,Property Damage Only,0,0,0,0,0,0,7500,1,1,,POINT (-93.822320521485 42.468509670075)
2014814287,2014-1162,07/26/2014,07-July,7-Saturday,17:56,1700 Hours,District 1 (Central),JEFFERSON,GREENE,,Co Rd E53/240TH & Co Rd P14/J AVE,Collision with:  Vehicle in traffic,On Roadway,Broadside (front to side),Swerving/Evasive Action,None Indicated,,Daylight,Dry,Clear,None apparent,Non-intersection:  Non-junction/no special feature,Paved,,Possible/Unknown,0,1,0,0,1,0,7500,2,2,,POINT (-94.454909022458 42.008204735738)
2014810896,1-14-000283,07/26/2014,07-July,7-Saturday,15:18,1500 Hours,District 4 (Southwest),,SHELBY,US 59,US 59,Collision with:  Non-motorist (see non-motorist section - NOT a unit),On Roadway,Non-collision (single vehicle),Driver Distraction:  Reaching for object(s)/fallen object(s),None Indicated,,Daylight,Dry,Cloudy,None apparent,Non-intersection:  Non-junction/no special feature,Paved,,Major Injury,0,1,1,0,0,0,100,1,1,,POINT (-95.344264194445 41.727101339069)
2014809670,14012623,07/26/2014,07-July,7-Saturday,11:20,1100 Hours,District 2 (Northeast),MASON CITY,CERRO GORDO,IA 122,IA 122/4TH ST SW,Collision with:  Vehicle in traffic,On Roadway,Rear-end (front to rear),Followed too close,None Indicated,,Daylight,Dry,Cloudy,None apparent,Non-intersection:  Non-junction/no special feature,Paved,,Possible/Unknown,0,1,0,0,1,0,5000,2,3,,POINT (-93.239976878399 43.148350252009)
2014809745,14-14212,07/26/2014,07-July,7-Saturday,23:00,2300 Hours,District 6 (East Central),BETTENDORF,SCOTT,,ISLE PKWY,Collision with:  Parked motor vehicle,Outside trafficway,"Sideswipe, same direction",Swerving/Evasive Action,Alcohol (Statutory),,Dark - roadway lighted,Dry,Clear,None apparent,Non-intersection:  Driveway access (within),Paved,,Property Damage Only,0,0,0,0,0,0,1500,2,1,,POINT (-90.512767721188 41.523263685169)
2014815052,14074985,07/26/2014,07-July,7-Saturday,13:39,1300 Hours,District 2 (Northeast),CEDAR FALLS,BLACK HAWK,,6TH ST & CLAY ST,Collision with:  Vehicle in traffic,On Roadway,Broadside (front to side),FTYROW:  From stop sign,None Indicated,,Daylight,Dry,Clear,None apparent,Unknown,Paved,,Possible/Unknown,0,1,0,0,1,0,10000,2,2,,POINT (-92.448167379165 42.533226077713)
2014809423,14-8590,07/26/2014,07-July,7-Saturday,11:45,1100 Hours,District 3 (Northwest),,SIOUX,,Co Rd B20/340TH ST & EAGLE AVE,Collision with:  Vehicle in traffic,On Roadway,Rear-end (front to rear),FTYROW:  At uncontrolled intersection,None Indicated,,Daylight,Dry,Rain,None apparent,Non-intersection:  Non-junction/no special feature,Unpaved,,Property Damage Only,0,0,0,0,0,0,6000,2,3,,POINT (-96.314270141701 43.156716738271)
2014809504,201400002593,07/26/2014,07-July,7-Saturday,18:31,1800 Hours,District 6 (East Central),,LINN,US 151,US 151/AMANA RD,Collision with fixed object:  Ditch,On Roadway,Non-collision (single vehicle),Ran off road - right,Refused,,Daylight,Dry,Cloudy,None apparent,Non-intersection:  Non-junction/no special feature,Paved,,Property Damage Only,0,0,0,0,0,0,16500,1,1,,POINT (-91.794408234079 41.908474206976)
2014809237,14-001698,07/26/2014,07-July,7-Saturday,17:12,1700 Hours,District 1 (Central),ALTOONA,POLK,,34TH AVE SW,Collision with:  Vehicle in traffic,On Roadway,Rear-end (front to rear),Other (explain in narrative):  Other,None Indicated,,Daylight,Dry,Cloudy,None apparent,Non-intersection:  Non-junction/no special feature,Paved,,Possible/Unknown,0,1,0,0,1,0,3500,3,6,,POINT (-93.503116034883 41.653832037887)
2014809140,201410796,07/26/2014,07-July,7-Saturday,13:51,1300 Hours,District 6 (East Central),CEDAR RAPIDS,LINN,IA 922,IA 922/1ST AVE E & 29TH ST DR SE & 29TH ST NE,Collision with:  Vehicle in traffic,On Roadway,Broadside (front to side),Made improper turn,None Indicated,,Daylight,Dry,Clear,None apparent,Non-intersection:  Non-junction/no special feature,Paved,,Property Damage Only,0,0,0,0,0,0,1900,2,3,,POINT (-91.634858454827 42.006164373799)
2014810802,2014043423,07/26/2014,07-July,7-Saturday,17:36,1700 Hours,District 4 (Southwest),,DALLAS,I-80,I-80 & Co Rd F60/OLD HWY 6 SOUTH,Collision with:  Vehicle in traffic,On Roadway,Broadside (front to side),FTYROW:  From stop sign,None Indicated,,Daylight,Dry,Cloudy,None apparent,Intersection:  Other intersection (explain in narrative),Paved,,Possible/Unknown,0,2,0,0,2,0,17400,2,6,,POINT (-94.196011256333 41.516477397151)
2014810466,14-000860,07/26/2014,07-July,7-Saturday,21:21,2100 Hours,District 1 (Central),JOHNSTON,POLK,,NW 70 AVE & NW 100TH ST & NW 70TH AVE,Collision with:  Vehicle in traffic,On Roadway,"Angle, oncoming left turn",FTYROW:  Making left turn,None Indicated,,Dark - roadway lighted,Dry,Clear,None apparent,Intersection:  Four-way intersection,Paved,,Property Damage Only,0,0,0,0,0,0,4500,2,6,,POINT (-93.755796875314 41.688350544105)
2014809120,14004929,07/26/2014,07-July,7-Saturday,12:47,1200 Hours,District 2 (Northeast),ALGONA,KOSSUTH,,W OVERMEYER DR,Collision with:  Parked motor vehicle,Unknown,Unknown,Unknown,None Indicated,,Daylight,Dry,Cloudy,None apparent,Non-intersection:  Driveway access (within),Paved,,Property Damage Only,0,0,0,0,0,0,6000,4,0,,POINT (-94.240450015887 43.062527319906)
2014810419,14-0816,07/26/2014,07-July,7-Saturday,08:40,0800 Hours,District 1 (Central),PLEASANT HILL,POLK,,FAIRVIEW DR & N PLEASANT HILL BLVD,Collision with:  Vehicle in traffic,On Roadway,"Angle, oncoming left turn",Crossed centerline (undivided),None Indicated,,Daylight,Dry,Clear,None apparent,Intersection:  Four-way intersection,Paved,,Property Damage Only,0,0,0,0,0,0,2000,2,4,,POINT (-93.520197211606 41.590011918268)
2014810034,145300,07/26/2014,07-July,7-Saturday,01:00,0100 Hours,District 4 (Southwest),,DALLAS,,Co Rd R16/R AVE,Collision with fixed object:  Utility pole/light support,On Roadway,Non-collision (single vehicle),Swerving/Evasive Action,Alcohol (Statutory),,Dark - roadway not lighted,Dry,Clear,None apparent,Non-intersection:  Non-junction/no special feature,Paved,,Property Damage Only,0,0,0,0,0,0,19500,1,1,,POINT (-93.949090927363 41.564131845431)
2014809748,14-000877,07/26/2014,07-July,7-Saturday,22:45,2200 Hours,District 1 (Central),,STORY,US 30,US 30,Collision with:  Other non-fixed object (explain in narrative),On Roadway,Non-collision (single vehicle),Swerving/Evasive Action,None Indicated,,Dark - roadway not lighted,Dry,Clear,Obstruction in roadway,Non-intersection:  Non-junction/no special feature,Paved,,Property Damage Only,0,0,0,0,0,0,2500,1,2,,POINT (-93.525299117714 42.00893754465)
2014809235,14-3575,07/26/2014,07-July,7-Saturday,23:20,2300 Hours,District 1 (Central),WEST DES MOINES,POLK,IA 28,IA 28/63RD ST,Collision with:  Vehicle in traffic,On Roadway,Rear-end (front to rear),Followed too close,None Indicated,,Dark - roadway lighted,Dry,Clear,None apparent,Intersection:  Four-way intersection,Paved,,Possible/Unknown,0,1,0,0,1,0,2500,2,3,,POINT (-93.703418360725 41.583443424948)
2014809762,14A01PI94C39,07/26/2014,07-July,7-Saturday,14:00,1400 Hours,District 1 (Central),FORT DODGE,WEBSTER,,,Collision with:  Vehicle in traffic,Unknown,Rear-end (front to rear),Driving too fast for conditions,None Indicated,,Daylight,"Mud, dirt",Cloudy,Obstruction in roadway,Unknown,,,Minor Injury,0,1,0,1,0,0,0,2,2,,POINT (-96.643700149993 40.233091251414)
2014809290,14-24133,07/26/2014,07-July,7-Saturday,19:13,1900 Hours,District 3 (Northwest),SIOUX CITY,WOODBURY,,DACE AVE & FLOYD BLVD,Collision with:  Vehicle in traffic,On Roadway,Rear-end (front to rear),Other (explain in narrative):  Other,None Indicated,,Daylight,Dry,Clear,None apparent,Intersection:  Four-way intersection,Paved,,Property Damage Only,0,0,0,0,0,0,1500,2,2,,POINT (-96.393374823391 42.488745206597)
2014809072,142180,07/26/2014,07-July,7-Saturday,14:20,1400 Hours,District 3 (Northwest),DENISON,CRAWFORD,US 30,US 30/4TH AVE S & US 59,Collision with:  Vehicle in traffic,On Roadway,Rear-end (front to rear),Other (explain in narrative):  Other,None Indicated,,Daylight,Dry,Cloudy,None apparent,Intersection:  Four-way intersection,Paved,,Minor Injury,0,1,0,1,0,0,3000,2,6,,POINT (-95.365363672944 42.012285740739)
2014813667,2014-51835,07/26/2014,07-July,7-Saturday,06:20,0600 Hours,District 6 (East Central),DAVENPORT,SCOTT,,E 10TH ST & GRAND AVE,Collision with fixed object:  Other fixed object (explain in narrative),On Roadway,Non-collision (single vehicle),Other (explain in narrative):  Other,None Indicated,,Dawn,Dry,Cloudy,None apparent,Non-intersection:  Non-junction/no special feature,Paved,,Minor Injury,0,1,0,1,0,0,5300,1,1,,POINT (-90.564841976435 41.529908733403)
2014811619,14147,07/26/2014,07-July,7-Saturday,23:55,2300 Hours,District 5 (Southeast),PELLA,MARION,,LIBERTY ST & E 1ST ST,Collision with:  Parked motor vehicle,On Roadway,Rear-end (front to rear),"Operating vehicle in an reckless, erratic, careless, negligent manner",Alcohol (Statutory),,Dark - roadway lighted,Dry,Clear,None apparent,Non-intersection:  Non-junction/no special feature,Paved,,Property Damage Only,0,0,0,0,0,0,3500,2,2,,POINT (-92.914720681758 41.405369331574)
2014809175,14-003200,07/26/2014,07-July,7-Saturday,13:19,1300 Hours,District 1 (Central),ANKENY,POLK,,SE DELAWARE AVE & SE 16TH CT,Collision with:  Vehicle in traffic,On Roadway,Broadside (front to side),Ran Traffic Signal,None Indicated,,Daylight,Dry,Clear,None apparent,Intersection:  Four-way intersection,Paved,,Possible/Unknown,0,1,0,0,1,0,5000,2,6,,POINT (-93.581131293806 41.713883779397)
2014809639,14017647,07/26/2014,07-July,7-Saturday,12:44,1200 Hours,District 2 (Northeast),,WORTH,,Co Rd A34/430TH ST & Co Rd S34/KILLDEER AVE,Collision with:  Vehicle in traffic,On Roadway,Broadside (front to side),Crossed centerline (undivided),None Indicated,,Daylight,Dry,Clear,None apparent,Intersection:  Four-way intersection,Paved,,Possible/Unknown,0,1,0,0,1,0,4000,2,2,,POINT (-93.300470951692 43.386083510693)
2014809823,14C03480,07/26/2014,07-July,7-Saturday,17:12,1700 Hours,District 4 (Southwest),CRESTON,UNION,,W HOWARD ST & N ELM ST,Collision with:  Vehicle in traffic,On Roadway,Broadside (front to side),FTYROW:  From stop sign,None Indicated,,Daylight,Dry,Cloudy,None apparent,Intersection:  Four-way intersection,Paved,,Property Damage Only,0,0,0,0,0,0,2500,2,2,,POINT (-94.36386620657 41.060957689194)
2014809522,SO14001774,07/26/2014,07-July,7-Saturday,01:57,0100 Hours,District 3 (Northwest),,PLYMOUTH,US 75,US 75 & WREN RD,Non-collision events:  Overturn/rollover,Median,Rear-end (front to rear),Crossed centerline (undivided),None Indicated,,Dark - roadway not lighted,Dry,Clear,None apparent,Non-intersection:  Non-junction/no special feature,Paved,,Major Injury,0,3,1,1,1,0,15000,2,53,,POINT (-96.285780581833 42.64906634987)
2014809190,20140021484,07/26/2014,07-July,7-Saturday,10:45,1000 Hours,District 1 (Central),DES MOINES,POLK,,SE 6TH ST,Collision with:  Vehicle in traffic,On Roadway,"Sideswipe, same direction",Traveling wrong way or on wrong side of road,None Indicated,,Daylight,Dry,Clear,None apparent,Non-intersection:  Driveway access (within),Paved,,Major Injury,0,3,1,0,2,0,7000,2,4,,POINT (-93.605225135558 41.564150216233)
2014809845,CL14002618,07/26/2014,07-July,7-Saturday,21:32,2100 Hours,District 6 (East Central),CLINTON,CLINTON,,5TH AVE S & S 3RD ST,Collision with:  Vehicle in traffic,On Roadway,Rear-end (front to rear),Other (explain in narrative):  Other,None Indicated,,Dark - roadway lighted,Dry,Cloudy,None apparent,Intersection:  Four-way intersection,Paved,,Property Damage Only,0,0,0,0,0,0,1525,2,4,,POINT (-90.190779263735 41.841191400295)
2014809751,2014-0286,07/26/2014,07-July,7-Saturday,09:56,0900 Hours,District 5 (Southeast),NORWALK,WARREN,,NORTH AVE,Collision with:  Vehicle in traffic,Outside trafficway,Unknown,FTYROW:  From parked position,None Indicated,,Daylight,Dry,Clear,None apparent,Non-intersection:  Other non-intersection (explain in narrative),Paved,,Property Damage Only,0,0,0,0,0,0,17000,2,2,,POINT (-93.669479394102 41.475287851374)