Iowa DOT Case Number,Law Enforcement Case Number,Date of Crash,Month of Crash,Day of Week,Time of Crash,Hour,DOT District,City Name,County Name,Route with System,Location Description,First Harmful Event,Location of First Harmful Event,Manner of Crash/Collision,Major Cause,Drug or Alcohol ,Environmental Conditions,Light Conditions,Surface Conditions,Weather Conditions,Roadway Contribution,Roadway Type,Roadway Surface,Work Zone,Crash Severity,Number of Fatalities,Number of Injuries,Number of Major Injuries,Number of Minor Injuries,Number of Possible Injuries,Number of Unknown Injuries,Amount of Property Damage,Number of Vehicles Involved,Total Number of Occupants,Travel Direction,Location
2014810951,,07/26/2014,07-July,7-Saturday,12:29,1200 Hours,District 2 (Northeast),,WINNESHIEK,,CHIMNEY ROCK RD,Non-collision events:  Other non-collision (explain in narrative),On Roadway,Head-on (front to front),Traveling wrong way or on wrong side of road,None Indicated,,Daylight,"Mud, dirt",Cloudy,None apparent,Non-intersection:  Non-junction/no special feature,Unpaved,,Property Damage Only,0,0,0,0,0,0,8500,2,3,,POINT (-91.936799132672 43.423136137338)
2014812546,1407261757,07/26/2014,07-July,7-Saturday,17:55,1700 Hours,District 6 (East Central),,JONES,,Co Rd E34/CO RD E-34,Collision with fixed object:  Ditch,On Roadway,Non-collision (single vehicle),Ran off road - right,None Indicated,,Daylight,Dry,Clear,None apparent,Non-intersection:  Non-junction/no special feature,Paved,,Property Damage Only,0,0,0,0,0,0,40000,1,1,,POINT (-91.310367005552 42.089602089014)
2014809852,14-26054,07/26/2014,07-July,7-Saturday,15:09,1500 Hours,District 5 (Southeast),BURLINGTON,DES MOINES,US 61,US 61 & MT PLEASANT ST,Collision with:  Vehicle in traffic,On Roadway,Rear-end (front to rear),Unknown,None Indicated,,Daylight,Dry,Cloudy,None apparent,Non-intersection:  Non-junction/no special feature,Paved,,Property Damage Only,0,0,0,0,0,0,3500,2,4,,POINT (-91.141361728144 40.825883391691)
2014809851,14-26004,07/26/2014,07-July,7-Saturday,08:03,0800 Hours,District 5 (Southeast),BURLINGTON,DES MOINES,,SOUTH ST & MADISON AVE & 9TH ST,Non-collision events:  Other non-collision (explain in narrative),On Roadway,Non-collision (single vehicle),Other (explain in narrative):  No improper action,None Indicated,,Daylight,Dry,Cloudy,None apparent,Non-intersection:  Non-junction/no special feature,Paved,,Possible/Unknown,0,1,0,0,1,0,500,1,1,,POINT (-91.107614280767 40.796221354203)
2014809184,14-0885,07/26/2014,07-July,7-Saturday,11:28,1100 Hours,District 1 (Central),CLIVE,POLK,,UNIVERSITY AVE,Collision with:  Vehicle in traffic,On Roadway,Rear-end (front to rear),Swerving/Evasive Action,None Indicated,,Daylight,Dry,Cloudy,None apparent,Intersection:  Four-way intersection,Paved,,Property Damage Only,0,0,0,0,0,0,4000,2,2,,POINT (-93.769397879183 41.600431758783)
2014809316,2014-3518,07/26/2014,07-July,7-Saturday,12:56,1200 Hours,District 4 (Southwest),WAUKEE,DALLAS,US 6,US 6/HICKMAN AVE & ALICES RD,Collision with:  Other non-fixed object (explain in narrative),On Roadway,Non-collision (single vehicle),Unknown,None Indicated,,Daylight,Dry,Cloudy,None apparent,Non-intersection:  Non-junction/no special feature,Paved,,Possible/Unknown,0,1,0,0,1,0,0,1,1,,POINT (-93.852928397525 41.615001433703)
2014809574,2014-51907,07/26/2014,07-July,7-Saturday,15:21,1500 Hours,District 6 (East Central),DAVENPORT,SCOTT,,E 12TH ST,Collision with:  Parked motor vehicle,On Roadway,Broadside (front to side),Unknown,None Indicated,,Daylight,Dry,Cloudy,None apparent,Non-intersection:  Non-junction/no special feature,Paved,,Property Damage Only,0,0,0,0,0,0,2000,2,777,,POINT (-90.544190825467 41.532126213677)
2014809246,14-031170,07/26/2014,07-July,7-Saturday,01:10,0100 Hours,District 4 (Southwest),COUNCIL BLUFFS,POTTAWATTAMIE,,BENSON ST,Non-collision events:  Overturn/rollover,On Roadway,Non-collision (single vehicle),Ran off road - right,Refused,,Dark - roadway lighted,Dry,Clear,None apparent,"Interchange-related:  Off-ramp, diverge area",Paved,,Minor Injury,0,1,0,1,0,0,20000,1,1,,POINT (-95.909899529092 41.268227436576)
2014814267,,07/26/2014,07-July,7-Saturday,12:33,1200 Hours,District 2 (Northeast),DECORAH,WINNESHIEK,,E MAIN ST & MONTGOMERY ST,Collision with:  Vehicle in traffic,On Roadway,"Angle, oncoming left turn",Ran Stop Sign,None Indicated,,Daylight,Dry,Clear,None apparent,Intersection:  Other intersection (explain in narrative),Paved,,Property Damage Only,0,0,0,0,0,0,4500,2,4,,POINT (-91.777216089321 43.303259164223)
2014811454,2014008015,07/26/2014,07-July,7-Saturday,14:00,1400 Hours,District 6 (East Central),IOWA CITY,JOHNSON,,STEVENS DR,Collision with:  Vehicle in traffic,On Roadway,"Sideswipe, same direction",Improper or erratic lane changing,None Indicated,,Daylight,Dry,Clear,None apparent,Non-intersection:  Non-junction/no special feature,Paved,,Property Damage Only,0,0,0,0,0,0,2500,2,1,,POINT (-91.534496151353 41.64254562724)
2014809671,14012628,07/26/2014,07-July,7-Saturday,14:09,1400 Hours,District 2 (Northeast),MASON CITY,CERRO GORDO,IA 122,IA 122/4TH ST SW & S GROVER AVE,Collision with:  Vehicle in traffic,On Roadway,"Sideswipe, same direction",FTYROW:  Making right turn on red signal,None Indicated,,Daylight,Dry,Clear,None apparent,Intersection:  Other intersection (explain in narrative),Paved,,Possible/Unknown,0,1,0,0,1,0,2000,2,2,,POINT (-93.233729458562 43.148381194573)
2014810293,14-14135,07/26/2014,07-July,7-Saturday,21:52,2100 Hours,District 2 (Northeast),,BREMER,US 63,US 63,Collision with:  Animal,,,Animal,None Indicated,,,,,,,Paved,,Property Damage Only,0,0,0,0,0,0,9000,1,1,,POINT (-92.331789095046 42.89104329053)
2014813187,AC-14-0045,07/26/2014,07-July,7-Saturday,11:21,1100 Hours,District 6 (East Central),MONTICELLO,JONES,IA 38,IA 38/N CEDAR ST & W 7TH ST & E 7TH ST,,On Roadway,Non-collision (single vehicle),FTYROW:  From stop sign,None Indicated,,Daylight,Dry,Cloudy,None apparent,Intersection:  Four-way intersection,Paved,,Minor Injury,0,1,0,1,0,0,200,2,2,,POINT (-91.191853273469 42.245444658624)
2014809288,14-24085,07/26/2014,07-July,7-Saturday,10:00,1000 Hours,District 3 (Northwest),SIOUX CITY,WOODBURY,,RIDGE AVE & MORNINGSIDE AVE,Collision with:  Vehicle in traffic,On Roadway,Rear-end (front to rear),Driver Distraction:  Reaching for object(s)/fallen object(s),None Indicated,,Daylight,Dry,Clear,None apparent,Intersection:  Four-way intersection,Paved,,Property Damage Only,0,0,0,0,0,0,4000,2,2,,POINT (-96.360758670984 42.477884415336)
2014809264,14-008996,07/26/2014,07-July,7-Saturday,22:00,2200 Hours,District 1 (Central),CHELSEA,TAMA,,Co Rd E66/HWY E66,Collision with:  Animal,On Roadway,Non-collision (single vehicle),Animal,None Indicated,,Dark - roadway not lighted,Dry,Clear,None apparent,Non-intersection:  Non-junction/no special feature,Paved,,Property Damage Only,0,0,0,0,0,0,3500,1,6,,POINT (-92.422713094163 41.954044529817)
2014809145,201410800,07/26/2014,07-July,7-Saturday,14:51,1400 Hours,District 6 (East Central),CEDAR RAPIDS,LINN,IA 100,IA 100/COLLINS RD NE,Collision with:  Vehicle in traffic,On Roadway,Rear-end (front to rear),Followed too close,None Indicated,,Daylight,Dry,Cloudy,None apparent,Non-intersection:  Non-junction/no special feature,Paved,,Property Damage Only,0,0,0,0,0,0,3000,2,4,,POINT (-91.633401805107 42.027951459315)
2014809197,20140021499,07/26/2014,07-July,7-Saturday,12:50,1200 Hours,District 1 (Central),DES MOINES,POLK,,38TH ST,Collision with:  Parked motor vehicle,On Roadway,"Sideswipe, same direction",FTYROW:  From parked position,None Indicated,,Daylight,Dry,Clear,None apparent,Non-intersection:  Non-junction/no special feature,Paved,,Property Damage Only,0,0,0,0,0,0,2500,2,4,,POINT (-93.668314283468 41.623978150252)
2014809674,14-004501,07/26/2014,07-July,7-Saturday,21:36,2100 Hours,District 3 (Northwest),,CHEROKEE,US 59,US 59,Collision with:  Animal,,,Animal,None Indicated,,,,,,,Paved,,Property Damage Only,0,0,0,0,0,0,2000,1,1,,POINT (-95.554531159899 42.712026730192)
2014809633,2014043381,07/26/2014,07-July,7-Saturday,13:30,1300 Hours,District 6 (East Central),DAVENPORT,SCOTT,US 61,US 61,Collision with:  Vehicle in traffic,On Roadway,Rear-end (front to rear),Followed too close,None Indicated,,Daylight,Dry,Clear,None apparent,Interchange-related:  On-ramp merge area,Paved,,Possible/Unknown,0,2,0,0,2,0,6600,2,3,,POINT (-90.567668221958 41.675267523436)
2014809313,14-010930,07/26/2014,07-July,7-Saturday,23:50,2300 Hours,District 6 (East Central),,CEDAR,I-80,I-80,Collision with:  Vehicle in traffic,Shoulder,"Sideswipe, same direction",Ran off road - right,None Indicated,,Dark - roadway not lighted,Wet,"Fog, smoke, smog",None apparent,Non-intersection:  Non-junction/no special feature,Paved,,Property Damage Only,0,0,0,0,0,0,3500,2,2,,POINT (-90.930623251909 41.634329572847)
2014809580,2014-51969,07/26/2014,07-July,7-Saturday,21:13,2100 Hours,District 6 (East Central),DAVENPORT,SCOTT,US 6,US 6/E KIMBERLY RD & JERSEY RIDGE RD,Collision with:  Vehicle in traffic,On Roadway,Rear-end (front to rear),Followed too close,None Indicated,,Dark - roadway lighted,Dry,Cloudy,None apparent,Intersection:  Four-way intersection,Paved,,Property Damage Only,0,0,0,0,0,0,5000,2,6,,POINT (-90.541683170446 41.556867148236)
2014809644,,07/26/2014,07-July,7-Saturday,19:45,1900 Hours,District 6 (East Central),,SCOTT,I-80,I-80,Collision with:  Animal,On Roadway,Non-collision (single vehicle),Animal,None Indicated,,,,,,,Paved,,Property Damage Only,0,0,0,0,0,0,2000,1,1,,POINT (-90.825803323661 41.629034540671)
2014833775,101-2014,07/26/2014,07-July,7-Saturday,00:55,0000 Hours,District 4 (Southwest),,HARRISON,I-29,I-29,Collision with:  Animal,On Roadway,Non-collision (single vehicle),Animal,None Indicated,,Dark - roadway not lighted,Dry,Clear,None apparent,Non-intersection:  Non-junction/no special feature,Paved,,Property Damage Only,0,0,0,0,0,0,3000,1,4,,POINT (-96.101779138092 41.854081331642)
2014811572,144221,07/26/2014,07-July,7-Saturday,04:49,0400 Hours,District 1 (Central),,HARDIN,US 65,US 65,Collision with:  Animal,,,Animal,None Indicated,,,,,,,Paved,,Property Damage Only,0,0,0,0,0,0,2000,1,1,,POINT (-93.261142652611 42.403653339282)
2014809771,201400036216,07/26/2014,07-July,7-Saturday,13:38,1300 Hours,District 5 (Southeast),OTTUMWA,WAPELLO,,VENTURE PLACE & VENTURE DR,Collision with:  Vehicle in traffic,On Roadway,Broadside (front to side),FTYROW:  From stop sign,None Indicated,,Daylight,Dry,Clear,None apparent,Intersection:  Other intersection (explain in narrative),Paved,,Property Damage Only,0,0,0,0,0,0,3200,3,5,,POINT (-92.455464882632 41.014928002933)
2014809073,2014-3525,07/26/2014,07-July,7-Saturday,17:05,1700 Hours,District 4 (Southwest),WAUKEE,DALLAS,,WARRIOR LN & LAUREL ST,Collision with:  Vehicle in traffic,On Roadway,Rear-end (front to rear),Other (explain in narrative):  Other,None Indicated,,Daylight,Dry,Clear,None apparent,Non-intersection:  Non-junction/no special feature,Paved,,Property Damage Only,0,0,0,0,0,0,1500,2,7,,POINT (-93.872209212499 41.613577743315)
2014809874,CL14002612,07/26/2014,07-July,7-Saturday,16:06,1600 Hours,District 6 (East Central),CLINTON,CLINTON,,7TH AVE S & S 7TH ST,Collision with:  Vehicle in traffic,On Roadway,"Angle, oncoming left turn",FTYROW:  Making left turn,None Indicated,,Daylight,Dry,Cloudy,None apparent,Intersection:  Four-way intersection,Paved,,Property Damage Only,0,0,0,0,0,0,3000,2,3,,POINT (-90.201838321553 41.838903936192)
2014809363,2014008043,07/26/2014,07-July,7-Saturday,23:14,2300 Hours,District 6 (East Central),IOWA CITY,JOHNSON,,MUSCATINE AVE & IOWA AVE & EVANS ST,Non-collision events:  Other non-collision (explain in narrative),On Roadway,Non-collision (single vehicle),Exceeded authorized speed,Refused,,Dark - roadway lighted,Dry,Clear,None apparent,Intersection:  Other intersection (explain in narrative),Paved,,Possible/Unknown,0,1,0,0,1,0,10000,1,1,,POINT (-91.520717796017 41.661175425239)
2014809277,14-2271,07/26/2014,07-July,7-Saturday,17:00,1700 Hours,District 1 (Central),FORT DODGE,WEBSTER,,1ST AVE S & S 11TH ST,Collision with:  Vehicle in traffic,On Roadway,"Sideswipe, same direction",FTYROW:  Making left turn,None Indicated,,Daylight,Dry,Clear,None apparent,Intersection:  Four-way intersection,Paved,,Property Damage Only,0,0,0,0,0,0,8500,2,2,,POINT (-94.183182779489 42.504626348798)
2014810081,1405970,07/26/2014,07-July,7-Saturday,10:56,1000 Hours,District 5 (Southeast),WASHINGTON,WASHINGTON,,W 14TH ST & N IOWA AVE & E 14TH ST,Collision with:  Other non-fixed object (explain in narrative),On Roadway,Broadside (front to side),Unknown,None Indicated,,Daylight,Dry,Cloudy,Unknown,Non-intersection:  Driveway access (within),Paved,,Property Damage Only,0,0,0,0,0,0,1500,2,1,,POINT (-91.691533745627 41.311823085725)
2014809079,01-14-33138,07/26/2014,07-July,7-Saturday,21:19,2100 Hours,District 6 (East Central),DUBUQUE,DUBUQUE,IA 32,IA 32/IA32 NW ARTERIAL & ASBURY RD,Collision with:  Vehicle in traffic,On Roadway,Broadside (front to side),Ran Traffic Signal,None Indicated,,Dark - roadway lighted,Dry,Clear,None apparent,Intersection:  Four-way intersection,Paved,,Property Damage Only,0,0,0,0,0,0,1700,2,4,,POINT (-90.740930416656 42.515299870587)
2014809248,14-031189,07/26/2014,07-July,7-Saturday,06:17,0600 Hours,District 4 (Southwest),COUNCIL BLUFFS,POTTAWATTAMIE,I-80,I-80,Collision with fixed object:  Bridge overhead structure,On Roadway,Non-collision (single vehicle),Driver Distraction:  Inattentive/lost in thought,None Indicated,,Daylight,Dry,Clear,None apparent,Non-intersection:  Other non-intersection (explain in narrative),Paved,,Property Damage Only,0,0,0,0,0,0,5000,1,8,,POINT (-95.81627632393 41.24597914045)
2014810430,14-14189,07/26/2014,07-July,7-Saturday,14:11,1400 Hours,District 6 (East Central),BETTENDORF,SCOTT,,MIDDLE RD & FOREST GROVE DR,Collision with:  Vehicle in traffic,On Roadway,Broadside (front to side),FTYROW:  From stop sign,None Indicated,,Daylight,Dry,Clear,None apparent,Intersection:  Four-way intersection,Paved,,Minor Injury,0,2,0,2,0,0,950,2,4,,POINT (-90.459529761103 41.590069706455)
2014811070,2014-52662,07/26/2014,07-July,7-Saturday,15:00,1500 Hours,District 6 (East Central),DAVENPORT,SCOTT,,E 4TH ST,Collision with:  Parked motor vehicle,On Roadway,"Sideswipe, same direction",Other (explain in narrative):  No improper action,None Indicated,,Daylight,Dry,Clear,None apparent,Non-intersection:  Non-junction/no special feature,Paved,,Property Damage Only,0,0,0,0,0,0,2000,2,1,,POINT (-90.570474106222 41.523534298339)
2014809211,20140021479,07/26/2014,07-July,7-Saturday,09:30,0900 Hours,District 1 (Central),DES MOINES,POLK,,KINGMAN BLVD & 26TH ST,Collision with fixed object:  Tree,Median,Non-collision (single vehicle),Ran off road - left,None Indicated,,Daylight,Dry,Cloudy,None apparent,Non-intersection:  Non-junction/no special feature,Paved,,Property Damage Only,0,0,0,0,0,0,6100,1,3,,POINT (-93.652204791189 41.596589679191)
2014809199,20140021511,07/26/2014,07-July,7-Saturday,15:00,1500 Hours,District 1 (Central),DES MOINES,POLK,,CLARK ST & 16TH ST,Collision with:  Vehicle in traffic,On Roadway,Broadside (front to side),Ran Stop Sign,Alcohol (Statutory),,Daylight,Dry,Cloudy,None apparent,Intersection:  Four-way intersection,Paved,,Major Injury,0,2,1,0,1,0,11000,2,3,,POINT (-93.639025368277 41.605878083324)
2014809201,20140021527,07/26/2014,07-July,7-Saturday,17:47,1700 Hours,District 1 (Central),DES MOINES,POLK,,COTTAGE GROVE AVE & MLK JR PKWY & 19TH ST,Collision with:  Vehicle in traffic,On Roadway,"Sideswipe, same direction",Crossed centerline (undivided),None Indicated,,Daylight,Dry,Clear,None apparent,Non-intersection:  Non-junction/no special feature,Paved,,Property Damage Only,0,0,0,0,0,0,4500,2,4,,POINT (-93.643237849053 41.593811926093)
2014811514,,07/26/2014,07-July,7-Saturday,20:30,2000 Hours,District 2 (Northeast),HAMPTON,FRANKLIN,IA 3,IA 3/CENTRAL AVE W & 3RD ST SW & 3RD ST NW,Collision with:  Vehicle in traffic,On Roadway,Rear-end (front to rear),Followed too close,None Indicated,,Daylight,Dry,Clear,None apparent,Non-intersection:  Non-junction/no special feature,Paved,,Property Damage Only,0,0,0,0,0,0,6000,2,4,,POINT (-93.211145256375 42.741769504484)
2014811068,2014-51923,07/26/2014,07-July,7-Saturday,16:55,1600 Hours,District 6 (East Central),DAVENPORT,SCOTT,,W 6TH ST,Collision with:  Parked motor vehicle,On Roadway,Head-on (front to front),Driving too fast for conditions,None Indicated,,Daylight,Dry,Cloudy,None apparent,Non-intersection:  Non-junction/no special feature,Paved,,Property Damage Only,0,0,0,0,0,0,4000,2,1,,POINT (-90.581898034444 41.525711591473)
2014809141,201410798,07/26/2014,07-July,7-Saturday,15:05,1500 Hours,District 6 (East Central),CEDAR RAPIDS,LINN,IA 922,IA 922/1ST AVE E & 35TH ST NE & 35TH ST DR SE,Collision with:  Non-motorist (see non-motorist section - NOT a unit),On Roadway,Non-collision (single vehicle),Other (explain in narrative):  No improper action,None Indicated,,Daylight,Dry,Clear,None apparent,Non-intersection:  Non-junction/no special feature,Paved,,Minor Injury,0,1,0,1,0,0,100,1,1,,POINT (-91.635029819 42.013398535933)
2014809247,14-031182,07/26/2014,07-July,7-Saturday,04:00,0400 Hours,District 4 (Southwest),COUNCIL BLUFFS,POTTAWATTAMIE,I-29,I-29,Collision with:  Vehicle in traffic,On Roadway,"Sideswipe, same direction",Exceeded authorized speed,None Indicated,,Dark - roadway lighted,Dry,Clear,None apparent,Non-intersection:  Non-junction/no special feature,Paved,,Major Injury,0,2,1,1,0,0,5000,2,2,,POINT (-95.823293374735 41.209412180559)
2014809287,14-24077,07/26/2014,07-July,7-Saturday,05:30,0500 Hours,District 3 (Northwest),SIOUX CITY,WOODBURY,I-29,I-29,Collision with fixed object:  Concrete traffic barrier (median or right side),On Roadway,Non-collision (single vehicle),Equipment failure,None Indicated,,Dark - roadway lighted,Dry,Cloudy,Work Zone (roadway-related),Non-intersection:  Non-junction/no special feature,Paved,Yes,Property Damage Only,0,0,0,0,0,0,5000,1,2,,POINT (-96.387782102358 42.48003240629)
2014809181,14-003201,07/26/2014,07-July,7-Saturday,16:27,1600 Hours,District 1 (Central),ANKENY,POLK,,SW LINDEN ST,Collision with:  Vehicle in traffic,On Roadway,Rear-end (front to rear),Unknown,None Indicated,,Daylight,Dry,Cloudy,None apparent,Intersection:  Four-way intersection,Paved,,Possible/Unknown,0,2,0,0,1,1,2500,2,2,,POINT (-93.629437173457 41.731715476223)
2014809297,14000344,07/26/2014,07-July,7-Saturday,13:49,1300 Hours,District 5 (Southeast),ALBIA,MONROE,IA 5,IA 5/IOWA 5 & 653RD AVE,Collision with:  Vehicle in traffic,On Roadway,Rear-end (front to rear),Lost Control,None Indicated,,Daylight,Dry,Cloudy,None apparent,Intersection:  T-intersection,Paved,,Minor Injury,0,1,0,1,0,0,1600,2,2,,POINT (-92.809078746247 41.007309158721)
2014811248,2014043356,07/26/2014,07-July,7-Saturday,10:00,1000 Hours,District 1 (Central),ALTOONA,POLK,I-80,I-80,Collision with:  Vehicle in traffic,Shoulder,Rear-end (front to rear),Separation of units,None Indicated,,Daylight,Dry,Cloudy,Work Zone (roadway-related),Non-intersection:  Non-junction/no special feature,Paved,Yes,Property Damage Only,0,0,0,0,0,0,5000,2,7,,POINT (-93.499960277522 41.661961263152)
2014809497,14005162,07/26/2014,07-July,7-Saturday,23:47,2300 Hours,District 1 (Central),WEBSTER CITY,HAMILTON,,Co Rd R27/TUNNEL MILL RD & 280TH ST,Collision with:  Animal,,,Animal,None Indicated,,,,,,,Paved,,Property Damage Only,0,0,0,0,0,0,2000,1,1,,POINT (-93.835474315776 42.383695957559)
2014809194,20140021491,07/26/2014,07-July,7-Saturday,12:24,1200 Hours,District 1 (Central),DES MOINES,POLK,,EMMA AVE & SW 9TH ST,Collision with:  Vehicle in traffic,On Roadway,Rear-end (front to rear),Followed too close,None Indicated,,Daylight,Dry,Clear,None apparent,Non-intersection:  Non-junction/no special feature,Paved,,Property Damage Only,0,0,0,0,0,0,6500,3,3,,POINT (-93.625706874279 41.542747313752)
2014809476,,07/26/2014,07-July,7-Saturday,19:44,1900 Hours,District 6 (East Central),CEDAR RAPIDS,LINN,,9TH ST NW,Collision with:  Parked motor vehicle,Shoulder,"Sideswipe, same direction",Unknown,None Indicated,,Dusk,Dry,Clear,,Non-intersection:  Other non-intersection (explain in narrative),Paved,,Property Damage Only,0,0,0,0,0,0,2595,2,1,,POINT (-91.684841120781 41.981439952606)
2014809424,14-8612,07/26/2014,07-July,7-Saturday,22:00,2200 Hours,District 3 (Northwest),,SIOUX,,Co Rd K18/CHESTNUT AVE,Collision with:  Animal,,,Animal,None Indicated,,,,,,,Paved,,Property Damage Only,0,0,0,0,0,0,3500,1,1,,POINT (-96.432338853513 43.144903276352)
2014809512,065-14,07/26/2014,07-July,7-Saturday,05:00,0500 Hours,District 4 (Southwest),,MADISON,,Co Rd G64/PERU RD,Collision with fixed object:  Ditch,Outside trafficway,Non-collision (single vehicle),Crossed centerline (undivided),None Indicated,,Dark - roadway not lighted,Dry,Unknown,None apparent,Non-intersection:  Non-junction/no special feature,Paved,,Property Damage Only,0,0,0,0,0,0,8000,1,1,,POINT (-93.82336303874 41.225374059235)
2014809669,14012615,07/26/2014,07-July,7-Saturday,09:17,0900 Hours,District 2 (Northeast),MASON CITY,CERRO GORDO,IA 122,IA 122/IOWA 122/5TH ST SW & S MONROE AVE,Collision with:  Vehicle in traffic,On Roadway,Rear-end (front to rear),Ran Traffic Signal,None Indicated,,Daylight,Dry,Clear,None apparent,Intersection:  Five points or more,Paved,,Property Damage Only,0,0,0,0,0,0,1500,2,2,,POINT (-93.208637517474 43.14738513562)
2014809289,14-24122,07/26/2014,07-July,7-Saturday,17:55,1700 Hours,District 3 (Northwest),SIOUX CITY,WOODBURY,IA 12,IA 12/GORDON DR & COURT ST,Collision with:  Vehicle in traffic,On Roadway,Rear-end (front to rear),Other (explain in narrative):  Other,None Indicated,,Daylight,Dry,Clear,None apparent,Non-intersection:  Other non-intersection (explain in narrative),Paved,,Property Damage Only,0,0,0,0,0,0,2500,2,4,,POINT (-96.396339279167 42.489791861142)
2014809429,14-000872,07/27/2014,07-July,1-Sunday,21:53,2100 Hours,District 1 (Central),,STORY,I-35,I-35,Collision with:  Animal,,,Animal,None Indicated,,,,,,,Paved,,Property Damage Only,0,0,0,0,0,0,2500,1,1,,POINT (-93.566253577441 42.084172664509)
2014811096,2014043581,07/27/2014,07-July,1-Sunday,16:38,1600 Hours,District 5 (Southeast),,WASHINGTON,,Co Rd G38/HWY G38 & KIWI AVE,Collision with:  Vehicle in traffic,On Roadway,Broadside (front to side),Unknown,Alcohol (Statutory),,Daylight,Dry,Clear,None apparent,Non-intersection:  Non-junction/no special feature,Paved,,Fatal,1,7,0,7,0,0,18000,2,8,,POINT (-91.74981708057 41.293248980617)
2014809205,20140021596,07/27/2014,07-July,1-Sunday,11:10,1100 Hours,District 1 (Central),DES MOINES,POLK,,E 29TH ST,Collision with:  Vehicle in traffic,On Roadway,"Sideswipe, opposite direction",Made improper turn,None Indicated,,Daylight,Dry,Clear,None apparent,Non-intersection:  Non-junction/no special feature,Paved,,Property Damage Only,0,0,0,0,0,0,6000,2,4,,POINT (-93.561203679206 41.631261327649)
2014809117,14110642,07/27/2014,07-July,1-Sunday,18:55,1800 Hours,District 6 (East Central),,JOHNSON,,DERBY AVE,Non-collision events:  Overturn/rollover,Roadside,Non-collision (single vehicle),Ran off road - right,None Indicated,,Daylight,Dry,Clear,None apparent,Non-intersection:  Non-junction/no special feature,Unpaved,,Minor Injury,0,1,0,1,0,0,5000,1,1,,POINT (-91.771522668583 41.513369936972)
2014835406,2014-001140,07/27/2014,07-July,1-Sunday,13:30,1300 Hours,District 6 (East Central),BELLE PLAINE,BENTON,IA 21,IA 21/7TH AVE & 11TH ST,Collision with:  Vehicle in traffic,On Roadway,"Sideswipe, same direction",Swerving/Evasive Action,None Indicated,,Daylight,Dry,Clear,None apparent,Intersection:  Four-way intersection,Paved,,Property Damage Only,0,0,0,0,0,0,3000,2,2,,POINT (-92.278209479631 41.895340878499)
2014809146,14015685,07/27/2014,07-July,1-Sunday,06:37,0600 Hours,District 6 (East Central),MARION,LINN,IA 100,IA 100/COLLINS RD SE,Collision with:  Animal,On Roadway,Non-collision (single vehicle),Animal,None Indicated,,Daylight,Dry,Clear,None apparent,Non-intersection:  Non-junction/no special feature,Paved,,Property Damage Only,0,0,0,0,0,0,2000,1,1,,POINT (-91.599214383387 42.01538969318)
2014810351,14-26160,07/27/2014,07-July,1-Sunday,07:47,0700 Hours,District 5 (Southeast),WEST BURLINGTON,DES MOINES,,WASHINGTON RD,Collision with fixed object:  Ditch,On Roadway,Non-collision (single vehicle),Driving too fast for conditions,Under Influence of Alcohol/Drugs/Medications,,Daylight,"Mud, dirt",Clear,None apparent,Non-intersection:  Non-junction/no special feature,Unpaved,,Minor Injury,0,4,0,3,1,0,14000,1,5,,POINT (-91.180051499084 40.806511967185)
2014812549,1407271433,07/27/2014,07-July,1-Sunday,14:33,1400 Hours,District 6 (East Central),,JONES,,Co Rd E28/RIDGE RD E-28,Non-collision events:  Other non-collision (explain in narrative),Shoulder,Non-collision (single vehicle),Swerving/Evasive Action,None Indicated,,Daylight,Dry,Clear,None apparent,Non-intersection:  Non-junction/no special feature,Paved,,Possible/Unknown,0,1,0,0,1,0,4535,1,1,,POINT (-91.337448775317 42.117925700068)
2014810053,2014-15153,07/27/2014,07-July,1-Sunday,13:00,1300 Hours,District 6 (East Central),ELDRIDGE,SCOTT,,Co Rd F41/270 ST & Co Rd Y68/SCOTT PK RD,Collision with:  Vehicle in traffic,On Roadway,Rear-end (front to rear),"Operating vehicle in an reckless, erratic, careless, negligent manner",None Indicated,,Daylight,Dry,Clear,None apparent,Intersection:  T-intersection,Paved,,Property Damage Only,0,0,0,0,0,0,2500,2,4,,POINT (-90.549002596669 41.698629099654)
2014809892,14-26192,07/27/2014,07-July,1-Sunday,04:00,0400 Hours,District 5 (Southeast),BURLINGTON,DES MOINES,,MT PLEASANT ST & DEER RUN DR,Collision with:  Vehicle in traffic,Outside trafficway,Rear-end (front to rear),Followed too close,None Indicated,,Dark - roadway lighted,Dry,Clear,None apparent,Non-intersection:  Non-junction/no special feature,Paved,,Property Damage Only,0,0,0,0,0,0,8147,2,4,,POINT (-91.137042227564 40.827263957041)
2014809254,14-031391,07/27/2014,07-July,1-Sunday,18:20,1800 Hours,District 4 (Southwest),COUNCIL BLUFFS,POTTAWATTAMIE,US 275,US 275/OMAHA BRIDGE RD & DENMARK DR,Collision with:  Vehicle in traffic,On Roadway,Broadside (front to side),Ran Traffic Signal,None Indicated,,Daylight,Dry,Clear,None apparent,Intersection:  Four-way intersection,Paved,,Property Damage Only,0,0,0,0,0,0,2000,2,3,,POINT (-95.833915120119 41.219247289269)
2014810678,2014-52161,07/27/2014,07-July,1-Sunday,19:03,1900 Hours,District 6 (East Central),DAVENPORT,SCOTT,,WINDSOR DR & JERSEY RIDGE RD,Collision with fixed object:  Other fixed object (explain in narrative),Outside trafficway,Non-collision (single vehicle),Ran off road - right,None Indicated,,Daylight,Dry,Clear,None apparent,Intersection:  T-intersection,Paved,,Property Damage Only,0,0,0,0,0,0,10500,1,2,,POINT (-90.541683084927 41.564774724044)