Iowa DOT Case Number,Law Enforcement Case Number,Date of Crash,Month of Crash,Day of Week,Time of Crash,Hour,DOT District,City Name,County Name,Route with System,Location Description,First Harmful Event,Location of First Harmful Event,Manner of Crash/Collision,Major Cause,Drug or Alcohol ,Environmental Conditions,Light Conditions,Surface Conditions,Weather Conditions,Roadway Contribution,Roadway Type,Roadway Surface,Work Zone,Crash Severity,Number of Fatalities,Number of Injuries,Number of Major Injuries,Number of Minor Injuries,Number of Possible Injuries,Number of Unknown Injuries,Amount of Property Damage,Number of Vehicles Involved,Total Number of Occupants,Travel Direction,Location
2014809365,2014008061,07/27/2014,07-July,1-Sunday,12:43,1200 Hours,District 6 (East Central),IOWA CITY,JOHNSON,IA 1,IA 1/E BURLINGTON ST & S DUBUQUE ST,Collision with:  Parked motor vehicle,Outside trafficway,Unknown,Unknown,None Indicated,,Daylight,Unknown,Unknown,Unknown,Non-intersection:  Driveway access (within),Paved,,Property Damage Only,0,0,0,0,0,0,2000,2,1,,POINT (-91.533140348282 41.6578490126)
2014815643,14-000967,07/27/2014,07-July,1-Sunday,01:23,0100 Hours,District 1 (Central),AMES,STORY,,LONG RD,Collision with:  Parked motor vehicle,Outside trafficway,Rear-end (front to rear),Unknown,None Indicated,,Dark - roadway lighted,Dry,Clear,None apparent,Unknown,Paved,,Property Damage Only,0,0,0,0,0,0,2500,2,1,,POINT (-93.643414691714 42.040967046498)
2014809904,14S01194,07/27/2014,07-July,1-Sunday,22:18,2200 Hours,District 4 (Southwest),AFTON,UNION,US 169,US 169/HWY 169 & 195TH ST,Collision with:  Animal,On Roadway,Non-collision (single vehicle),Animal,None Indicated,,Dark - roadway not lighted,Dry,Clear,None apparent,Intersection:  T-intersection,Paved,,Property Damage Only,0,0,0,0,0,0,5750,1,1,,POINT (-94.204235134277 41.020291438764)
2014809875,CL14002628,07/27/2014,07-July,1-Sunday,12:26,1200 Hours,District 6 (East Central),CLINTON,CLINTON,,13TH AVE N & MILL CREEK PKWY,Collision with:  Vehicle in traffic,On Roadway,Broadside (front to side),FTYROW:  From stop sign,None Indicated,,Daylight,Dry,Cloudy,None apparent,Intersection:  Four-way intersection,Paved,,Possible/Unknown,0,2,0,0,2,0,12000,3,4,,POINT (-90.228968632907 41.859311742653)
2014810294,14-14164,07/27/2014,07-July,1-Sunday,05:50,0500 Hours,District 2 (Northeast),,BREMER,US 218,US 218,Collision with:  Animal,,,Animal,None Indicated,,,,,,,Paved,,Property Damage Only,0,0,0,0,0,0,4000,1,1,,POINT (-92.471617959418 42.658993070827)
2014809292,14-24209,07/27/2014,07-July,1-Sunday,13:41,1300 Hours,District 3 (Northwest),SIOUX CITY,WOODBURY,,SERGEANT RD & S LAKEPORT ST,Collision with:  Vehicle in traffic,On Roadway,Rear-end (front to rear),Followed too close,None Indicated,,Daylight,Dry,Clear,None apparent,Intersection:  Four-way intersection,Paved,,Possible/Unknown,0,1,0,0,1,0,0,2,4,,POINT (-96.346492723564 42.447371639856)
2014810677,2014-52109,07/27/2014,07-July,1-Sunday,12:31,1200 Hours,District 6 (East Central),DAVENPORT,SCOTT,I-80,I-80 & Co Rd Y48/BUFFALO AVE,Non-collision events:  Overturn/rollover,On Roadway,Non-collision (single vehicle),Swerving/Evasive Action,None Indicated,,Daylight,Dry,Cloudy,None apparent,Non-intersection:  Other non-intersection (explain in narrative),Paved,,Minor Injury,0,1,0,1,0,0,10200,1,1,,POINT (-90.685647913689 41.603726896391)
2014811457,2014008065,07/27/2014,07-July,1-Sunday,13:58,1300 Hours,District 6 (East Central),IOWA CITY,JOHNSON,US 6,US 6,Collision with:  Vehicle in traffic,On Roadway,"Sideswipe, same direction",Swerving/Evasive Action,None Indicated,,Daylight,Dry,Clear,None apparent,Non-intersection:  Non-junction/no special feature,Paved,,Property Damage Only,0,0,0,0,0,0,1600,2,2,,POINT (-91.539371778376 41.647300280735)
2014809291,14-24183,07/27/2014,07-July,1-Sunday,04:24,0400 Hours,District 3 (Northwest),SIOUX CITY,WOODBURY,,GLENN AVE,Collision with fixed object:  Utility pole/light support,On Roadway,Non-collision (single vehicle),Ran off road - left,None Indicated,,Dark - roadway lighted,Dry,Clear,None apparent,Non-intersection:  Non-junction/no special feature,Paved,,Property Damage Only,0,0,0,0,0,0,7000,1,1,,POINT (-96.367684404942 42.46527264638)
2014809212,20140021615,07/27/2014,07-July,1-Sunday,15:11,1500 Hours,District 1 (Central),DES MOINES,POLK,,AURORA AVE & 45TH ST,Collision with:  Non-motorist (see non-motorist section - NOT a unit),On Roadway,Non-collision (single vehicle),FTYROW:  Making left turn,None Indicated,,Daylight,Dry,Cloudy,None apparent,Intersection:  T-intersection,Paved,,Minor Injury,0,2,0,2,0,0,1100,1,1,,POINT (-93.679576571937 41.636774367346)
2014811153,G14271125,07/27/2014,07-July,1-Sunday,11:25,1100 Hours,District 2 (Northeast),,FRANKLIN,,Co Rd C47/100TH ST,Collision with fixed object:  Ditch,On Roadway,Non-collision (single vehicle),Swerving/Evasive Action,None Indicated,,Daylight,Dry,Clear,None apparent,Non-intersection:  Non-junction/no special feature,Paved,,Major Injury,0,1,1,0,0,0,5000,1,1,,POINT (-93.480395842965 42.673496229565)
2014809469,,07/27/2014,07-July,1-Sunday,21:39,2100 Hours,District 5 (Southeast),,LUCAS,,Co Rd H20/530TH ST,Collision with:  Animal,On Roadway,Non-collision (single vehicle),Animal,None Indicated,,Dark - roadway not lighted,"Mud, dirt",Clear,None apparent,Non-intersection:  Non-junction/no special feature,Unpaved,,Property Damage Only,0,0,0,0,0,0,1500,1,1,,POINT (-93.302645084661 41.088125274605)
2014809428,14-000871,07/27/2014,07-July,1-Sunday,21:12,2100 Hours,District 1 (Central),,STORY,IA 210,IA 210/IOWA 210,Collision with:  Vehicle in traffic,On Roadway,Rear-end (front to rear),Crossed centerline (undivided),None Indicated,,Dark - roadway not lighted,Dry,Clear,None apparent,Non-intersection:  Non-junction/no special feature,Paved,,Minor Injury,0,1,0,1,0,0,9500,2,2,,POINT (-93.590712127314 41.877743126344)
2014810151,14-26173,07/27/2014,07-July,1-Sunday,12:10,1200 Hours,District 5 (Southeast),BURLINGTON,DES MOINES,,DIVISION ST,Collision with:  Vehicle in traffic,On Roadway,"Sideswipe, same direction",Other (explain in narrative):  Other,None Indicated,,Daylight,Dry,Clear,None apparent,Non-intersection:  Non-junction/no special feature,Paved,,Property Damage Only,0,0,0,0,0,0,3500,2,3,,POINT (-91.118017551428 40.807678369789)
2014810538,14-0023007,07/27/2014,07-July,1-Sunday,15:14,1500 Hours,District 5 (Southeast),FORT MADISON,LEE,US 61,US 61,Collision with:  Vehicle in traffic,On Roadway,Broadside (front to side),FTYROW:  From stop sign,None Indicated,,Daylight,Dry,Clear,None apparent,Intersection:  Four-way intersection,Paved,,Possible/Unknown,0,1,0,0,1,0,11000,2,5,,POINT (-91.244832665806 40.696411289074)
2014810913,2014043509,07/27/2014,07-July,1-Sunday,06:15,0600 Hours,District 5 (Southeast),,WARREN,I-35,I-35,Collision with:  Animal,,,Animal,None Indicated,,,,,,,Paved,,Property Damage Only,0,0,0,0,0,0,3000,1,1,,POINT (-93.780115281648 41.488849381209)
2014810189,N14000378,07/27/2014,07-July,1-Sunday,19:38,1900 Hours,District 6 (East Central),NORTH LIBERTY,JOHNSON,,CHERRY ST & FRONT ST,Collision with:  Vehicle in traffic,On Roadway,Broadside (front to side),Unknown,None Indicated,,Daylight,Dry,Clear,None apparent,Non-intersection:  Non-junction/no special feature,Paved,,Property Damage Only,0,0,0,0,0,0,8000,2,9,,POINT (-91.597995862339 41.748537595885)
2014814649,,07/28/2014,07-July,2-Monday,15:21,1500 Hours,District 2 (Northeast),DECORAH,WINNESHIEK,,W PEARL ST & RIVER ST,Collision with:  Vehicle in traffic,On Roadway,Unknown,FTYROW:  From stop sign,None Indicated,,Daylight,Dry,Clear,None apparent,Intersection:  Four-way intersection,Paved,,Property Damage Only,0,0,0,0,0,0,2750,2,2,,POINT (-91.789628542659 43.298447734845)
2014815555,14148,07/28/2014,07-July,2-Monday,07:18,0700 Hours,District 5 (Southeast),PELLA,MARION,,WASHINGTON ST & HAZEL ST & VERMEER RD,Collision with:  Vehicle in traffic,On Roadway,Broadside (front to side),FTYROW:  From stop sign,None Indicated,,Daylight,Dry,Clear,None apparent,Intersection:  Four-way intersection,Paved,,Property Damage Only,0,0,0,0,0,0,3500,2,2,,POINT (-92.90963226026 41.408058719734)
2014810354,32059-14,07/28/2014,07-July,2-Monday,04:59,0400 Hours,District 3 (Northwest),,EMMET,IA 4,IA 4/IOWA 4,Non-collision events:  Overturn/rollover,On Roadway,Non-collision (single vehicle),Swerving/Evasive Action,None Indicated,,Dark - roadway not lighted,Dry,Clear,None apparent,Non-intersection:  Non-junction/no special feature,Paved,,Property Damage Only,0,0,0,0,0,0,5000,1,1,,POINT (-94.797154525209 43.331746567726)
2014811249,2014043658,07/28/2014,07-July,2-Monday,09:24,0900 Hours,District 1 (Central),COLFAX,JASPER,I-80,I-80,Collision with:  Vehicle in traffic,On Roadway,"Sideswipe, same direction",Separation of units,None Indicated,,Daylight,Dry,Clear,None apparent,Non-intersection:  Non-junction/no special feature,Paved,,Property Damage Only,0,0,0,0,0,0,30000,2,2,,POINT (-93.25313216075 41.690773161643)
2014809824,2014-15239,07/28/2014,07-July,2-Monday,16:37,1600 Hours,District 6 (East Central),,SCOTT,,CHAPEL HILL RD,Collision with:  Animal,,,Animal,None Indicated,,,,,,,Unpaved,,Property Damage Only,0,0,0,0,0,0,2000,1,1,,POINT (-90.714514536795 41.494281236126)
2014809411,14-3603,07/28/2014,07-July,2-Monday,19:43,1900 Hours,District 1 (Central),WEST DES MOINES,POLK,I-235,I-235 & 35TH ST/VALLEY WEST DR,Collision with:  Vehicle in traffic,On Roadway,"Sideswipe, same direction",Ran Traffic Signal,None Indicated,,Daylight,Dry,Clear,None apparent,Intersection:  Intersection with ramp,Paved,,Property Damage Only,0,0,0,0,0,0,2500,2,3,,POINT (-93.751863982032 41.593008733986)
2014809700,201410912,07/28/2014,07-July,2-Monday,16:10,1600 Hours,District 6 (East Central),CEDAR RAPIDS,LINN,US 30,US 30/RAMP/SPECIAL CASE RAMP & BOWLING ST SW,Collision with:  Vehicle in traffic,On Roadway,"Angle, oncoming left turn",Ran Traffic Signal,None Indicated,,Daylight,Dry,Cloudy,None apparent,Intersection:  T-intersection,Paved,,Property Damage Only,0,0,0,0,0,0,9000,2,2,,POINT (-91.656852336581 41.928409977434)
2014810462,N14000381,07/28/2014,07-July,2-Monday,16:27,1600 Hours,District 6 (East Central),NORTH LIBERTY,JOHNSON,,PENN CT & KANSAS AVE,Collision with:  Vehicle in traffic,On Roadway,Broadside (front to side),FTYROW:  From stop sign,None Indicated,,Daylight,Dry,Clear,None apparent,Intersection:  Four-way intersection,Unpaved,,Property Damage Only,0,0,0,0,0,0,6000,2,4,,POINT (-91.635594977959 41.749557731761)
2014812270,201402613,07/28/2014,07-July,2-Monday,09:00,0900 Hours,District 6 (East Central),,LINN,,Co Rd E48/MT VERNON RD,Collision with:  Parked motor vehicle,Outside trafficway,Broadside (front to side),Other (explain in narrative):  Other,None Indicated,,Daylight,Dry,Clear,None apparent,Non-intersection:  Driveway access (within),Paved,,Property Damage Only,0,0,0,0,0,0,15000,2,2,,POINT (-91.556599417142 41.976143254485)
2014809412,14-001716,07/28/2014,07-July,2-Monday,23:10,2300 Hours,District 1 (Central),ALTOONA,POLK,,8TH ST SW & 17TH AVE SW,Collision with:  Vehicle in traffic,On Roadway,Rear-end (front to rear),Other (explain in narrative):  Other,None Indicated,,Dark - roadway lighted,Dry,Clear,None apparent,Non-intersection:  Non-junction/no special feature,Paved,,Property Damage Only,0,0,0,0,0,0,2000,2,5,,POINT (-93.483768009104 41.644169326708)
2014809188,20140021692,07/28/2014,07-July,2-Monday,10:25,1000 Hours,District 1 (Central),DES MOINES,POLK,US 69,US 69/E 14TH ST & DES MOINES ST,Collision with:  Vehicle in traffic,On Roadway,Unknown,Made improper turn,None Indicated,,Daylight,Dry,Clear,None apparent,Non-intersection:  Non-junction/no special feature,Paved,,Property Damage Only,0,0,0,0,0,0,7000,2,4,,POINT (-93.598357096865 41.594477610388)
2014811904,GP20140602,07/28/2014,07-July,2-Monday,17:15,1700 Hours,District 1 (Central),GRINNELL,POWESHIEK,IA 146,IA 146/WEST ST,Collision with:  Vehicle in traffic,On Roadway,"Sideswipe, opposite direction",Unknown,None Indicated,,Daylight,Dry,Clear,None apparent,Non-intersection:  Non-junction/no special feature,Paved,,Property Damage Only,0,0,0,0,0,0,2000,2,3,,POINT (-92.727408836016 41.745762031531)
2014809617,2014043651,07/28/2014,07-July,2-Monday,08:20,0800 Hours,District 1 (Central),,JASPER,I-80,I-80,Non-collision events:  Overturn/rollover,Median,Non-collision (single vehicle),Swerving/Evasive Action,None Indicated,,Daylight,Dry,Clear,None apparent,Non-intersection:  Non-junction/no special feature,Paved,,Major Injury,0,6,3,3,0,0,13400,1,6,,POINT (-93.316379513346 41.681663350852)
2014815280,01-14-33373,07/28/2014,07-July,2-Monday,15:20,1500 Hours,District 6 (East Central),DUBUQUE,DUBUQUE,,,Collision with:  Vehicle in traffic,On Roadway,Broadside (front to side),FTYROW:  At uncontrolled intersection,None Indicated,,Daylight,Dry,Clear,None apparent,Non-intersection:  Alley,,,Property Damage Only,0,0,0,0,0,0,2500,2,2,,POINT (-96.643700149993 40.233091251414)
2014809402,20140021732,07/28/2014,07-July,2-Monday,16:29,1600 Hours,District 1 (Central),DES MOINES,POLK,,CLARK ST & 2ND AVE,Collision with:  Vehicle in traffic,On Roadway,Rear-end (front to rear),Followed too close,None Indicated,,Daylight,Dry,Cloudy,None apparent,Non-intersection:  Non-junction/no special feature,Paved,,Property Damage Only,0,0,0,0,0,0,2000,2,2,,POINT (-93.619787774867 41.605857306364)
2014809425,14-8689,07/28/2014,07-July,2-Monday,22:08,2200 Hours,District 3 (Northwest),,SIOUX,,480TH ST,Collision with:  Animal,On Roadway,Non-collision (single vehicle),Animal,None Indicated,,Dark - roadway not lighted,Dry,Cloudy,None apparent,Non-intersection:  Non-junction/no special feature,Unpaved,,Property Damage Only,0,0,0,0,0,0,8000,1,1,,POINT (-95.889084506305 42.952792609378)
2014809407,14-3598,07/28/2014,07-July,2-Monday,16:03,1600 Hours,District 1 (Central),WEST DES MOINES,POLK,,S 49TH ST,Collision with:  Vehicle in traffic,On Roadway,"Angle, oncoming left turn",FTYROW:  Other (explain in narrative),None Indicated,,Daylight,Dry,Cloudy,None apparent,Non-intersection:  Driveway access (within),Paved,,Minor Injury,0,1,0,1,0,0,1500,2,3,,POINT (-93.7663121563 41.545481171432)
2014809395,20140021727,07/28/2014,07-July,2-Monday,16:04,1600 Hours,District 1 (Central),DES MOINES,POLK,,CROCKER ST & 9TH ST,Collision with:  Vehicle in traffic,On Roadway,Broadside (front to side),FTYROW:  From stop sign,None Indicated,,Daylight,Dry,Cloudy,None apparent,Intersection:  Four-way intersection,Paved,,Possible/Unknown,0,2,0,0,2,0,8000,2,5,,POINT (-93.629255819479 41.593438942364)
2014810089,14-009100,07/28/2014,07-July,2-Monday,16:50,1600 Hours,District 2 (Northeast),ARLINGTON,FAYETTE,IA 3,IA 3/40TH ST & Co Rd W45/G AVE,Collision with fixed object:  Ditch,Shoulder,Non-collision (single vehicle),Ran off road - right,None Indicated,,Daylight,Dry,Clear,None apparent,Non-intersection:  Non-junction/no special feature,Paved,,Property Damage Only,0,0,0,0,0,0,5000,1,1,,POINT (-91.725786492072 42.68662480782)
2014809414,14-031562,07/28/2014,07-July,2-Monday,19:22,1900 Hours,District 4 (Southwest),COUNCIL BLUFFS,POTTAWATTAMIE,I-29,I-29,Collision with:  Vehicle in traffic,On Roadway,Rear-end (front to rear),Followed too close,Alcohol (Statutory),,Daylight,Dry,Clear,None apparent,Non-intersection:  Non-junction/no special feature,Paved,,Possible/Unknown,0,1,0,0,1,0,2500,2,2,,POINT (-95.866819215902 41.289492299616)
2014809367,2014008105,07/28/2014,07-July,2-Monday,17:26,1700 Hours,District 6 (East Central),IOWA CITY,JOHNSON,US 6,US 6 & S GILBERT ST,Collision with:  Vehicle in traffic,On Roadway,Rear-end (front to rear),Other (explain in narrative):  Other,None Indicated,,Daylight,Dry,Clear,None apparent,Intersection:  Four-way intersection,Paved,,Possible/Unknown,0,1,0,0,1,0,2000,2,2,,POINT (-91.532207794587 41.645497700193)
2014809399,20140021748,07/28/2014,07-July,2-Monday,17:44,1700 Hours,District 1 (Central),DES MOINES,POLK,I-235,I-235,Collision with:  Vehicle in traffic,On Roadway,Rear-end (front to rear),Followed too close,None Indicated,,Daylight,Dry,Cloudy,None apparent,Non-intersection:  Non-junction/no special feature,Paved,,Minor Injury,0,1,0,1,0,0,6000,2,3,,POINT (-93.646603886975 41.595657542346)
2014850951,14-006026,07/28/2014,07-July,2-Monday,21:05,2100 Hours,District 5 (Southeast),,LOUISA,,Co Rd X99/CO HWY 99,Collision with:  Animal,,,Animal,None Indicated,,,,,,,Paved,,Property Damage Only,0,0,0,0,0,0,1501,1,1,,POINT (-91.087170398624 41.148233246331)
2014809403,20140021733,07/28/2014,07-July,2-Monday,17:00,1700 Hours,District 1 (Central),DES MOINES,POLK,,E SHERIDAN AVE & 2ND AVE,Collision with:  Vehicle in traffic,On Roadway,"Angle, oncoming left turn",FTYROW:  Making left turn,None Indicated,,Daylight,Dry,Cloudy,None apparent,Intersection:  Four-way intersection,Paved,,Property Damage Only,0,0,0,0,0,0,11500,2,3,,POINT (-93.619921960151 41.618619805884)
2014809445,14-24341,07/28/2014,07-July,2-Monday,17:48,1700 Hours,District 3 (Northwest),SIOUX CITY,WOODBURY,,W 7TH ST & HAMILTON BLVD,Collision with:  Vehicle in traffic,On Roadway,"Angle, oncoming left turn",FTYROW:  Making left turn,None Indicated,,Daylight,Dry,Cloudy,None apparent,Intersection:  Four-way intersection,Paved,,Possible/Unknown,0,1,0,0,1,0,5000,2,4,,POINT (-96.418498989586 42.503260286274)
2014809598,14-24285,07/28/2014,07-July,2-Monday,08:14,0800 Hours,District 3 (Northwest),SIOUX CITY,WOODBURY,IA 12,IA 12/GORDON DR & S PALMETTO ST,Collision with:  Vehicle in traffic,On Roadway,Rear-end (front to rear),Followed too close,None Indicated,,Daylight,Dry,Clear,None apparent,Intersection:  T-intersection,Paved,,Possible/Unknown,0,1,0,0,1,0,5500,3,4,,POINT (-96.345737094771 42.475857148022)
2014809686,C14002334,07/28/2014,07-July,2-Monday,16:46,1600 Hours,District 6 (East Central),CORALVILLE,JOHNSON,,RING RD,Collision with:  Vehicle in traffic,On Roadway,Rear-end (front to rear),Improper Backing,None Indicated,,Daylight,Dry,Cloudy,None apparent,Non-intersection:  Driveway access (within),Paved,,Property Damage Only,0,0,0,0,0,0,3000,2,5,,POINT (-91.564774505112 41.682747086986)
2014809186,20140021677,07/28/2014,07-July,2-Monday,07:40,0700 Hours,District 5 (Southeast),DES MOINES,WARREN,,SW 9TH ST,Collision with:  Vehicle in traffic,On Roadway,Rear-end (front to rear),Followed too close,None Indicated,,Daylight,Dry,Clear,None apparent,Non-intersection:  Non-junction/no special feature,Paved,,Minor Injury,0,1,0,1,0,0,3000,2,4,,POINT (-93.6256019089 41.509456731128)
2014811312,A14-048,07/28/2014,07-July,2-Monday,17:10,1700 Hours,District 4 (Southwest),WINTERSET,MADISON,US 169,US 169,Collision with:  Vehicle in traffic,On Roadway,Rear-end (front to rear),Other (explain in narrative):  Other,None Indicated,,Daylight,Dry,Cloudy,None apparent,Intersection:  Four-way intersection,Paved,,Property Damage Only,0,0,0,0,0,0,1650,2,2,,POINT (-94.013492400177 41.344874743813)
2014809304,W14-075743,07/28/2014,07-July,2-Monday,17:15,1700 Hours,District 2 (Northeast),WATERLOO,BLACK HAWK,US 63,US 63/W MULLAN AVE & COMMERCIAL ST & W COMMERCIAL ST,Collision with:  Vehicle in traffic,On Roadway,Broadside (front to side),Ran Traffic Signal,None Indicated,,Daylight,Dry,Cloudy,None apparent,Intersection:  Four-way intersection,Paved,,Property Damage Only,0,0,0,0,0,0,6000,2,2,,POINT (-92.345074259189 42.49862330823)
2014809397,20140021741,07/28/2014,07-July,2-Monday,17:20,1700 Hours,District 1 (Central),DES MOINES,POLK,I-235,I-235 & 31ST ST,Collision with:  Vehicle in traffic,On Roadway,Rear-end (front to rear),Followed too close,None Indicated,,Daylight,Dry,Cloudy,None apparent,Non-intersection:  Non-junction/no special feature,Paved,,Property Damage Only,0,0,0,0,0,0,3000,3,5,,POINT (-93.659368931802 41.59311705724)
2014809484,1407288111,07/28/2014,07-July,2-Monday,16:00,1600 Hours,District 6 (East Central),,CLINTON,,Co Rd E63/190 ST,Collision with:  Animal,On Roadway,Non-collision (single vehicle),Animal,None Indicated,,Daylight,Dry,Clear,None apparent,Non-intersection:  Non-junction/no special feature,Paved,,Possible/Unknown,0,1,0,0,1,0,4000,1,1,,POINT (-90.736781878905 41.902005675442)
2014809392,20140021776,07/28/2014,07-July,2-Monday,16:35,1600 Hours,District 1 (Central),DES MOINES,POLK,,2ND AVE,Collision with:  Parked motor vehicle,On Roadway,"Sideswipe, same direction",Other (explain in narrative):  No improper action,None Indicated,,Daylight,Dry,Clear,None apparent,Non-intersection:  Non-junction/no special feature,Paved,,Property Damage Only,0,0,0,0,0,0,1500,2,1,,POINT (-93.619419233116 41.586142444813)
2014809357,14111305,07/28/2014,07-July,2-Monday,22:45,2200 Hours,District 6 (East Central),SWISHER,JOHNSON,,Co Rd W60/HWY 965 NW & MARAK RD,Collision with:  Vehicle in traffic,On Roadway,"Angle, oncoming left turn",FTYROW:  Other (explain in narrative),None Indicated,,Dark - roadway not lighted,Dry,Clear,None apparent,Intersection:  T-intersection,Paved,,Property Damage Only,0,0,0,0,0,0,4000,2,2,,POINT (-91.675357845817 41.831939247207)
2014814762,2014-52421,07/28/2014,07-July,2-Monday,19:42,1900 Hours,District 6 (East Central),DAVENPORT,SCOTT,,MARQUETTE ST,Collision with:  Vehicle in traffic,On Roadway,"Sideswipe, same direction",Swerving/Evasive Action,None Indicated,,Daylight,Dry,Clear,None apparent,Non-intersection:  Non-junction/no special feature,Paved,,Property Damage Only,0,0,0,0,0,0,2000,2,4,,POINT (-90.591308889857 41.542751213523)
2014809618,2014043703,07/28/2014,07-July,2-Monday,13:01,1300 Hours,District 6 (East Central),,JOHNSON,I-80,I-80,Collision with fixed object:  Guardrail - face,Median,Non-collision (single vehicle),"Operating vehicle in an reckless, erratic, careless, negligent manner",None Indicated,,Daylight,Dry,Cloudy,None apparent,Non-intersection:  Non-junction/no special feature,Paved,,Property Damage Only,0,0,0,0,0,0,70000,1,1,,POINT (-91.750716538488 41.69266499478)
2014809647,,07/28/2014,07-July,2-Monday,21:50,2100 Hours,District 4 (Southwest),,MONTGOMERY,,190 ST,Collision with fixed object:  Utility pole/light support,Roadside,Non-collision (single vehicle),Ran off road - right,None Indicated,,Dark - roadway not lighted,Dry,Clear,None apparent,Non-intersection:  Non-junction/no special feature,Unpaved,,Property Damage Only,0,0,0,0,0,0,4020,1,2,,POINT (-95.169455135256 41.030670715574)
2014809114,SO1403057,07/28/2014,07-July,2-Monday,05:32,0500 Hours,District 5 (Southeast),,JEFFERSON,US 34,US 34,Collision with:  Animal,,Non-collision (single vehicle),Animal,None Indicated,,,,,,,Paved,,Property Damage Only,0,0,0,0,0,0,2500,1,1,,POINT (-91.921331995042 40.995907328847)
2014809505,20140002623,07/28/2014,07-July,2-Monday,18:09,1800 Hours,District 6 (East Central),,LINN,US 30,US 30/NW RAMP,Collision with fixed object:  Ditch,Shoulder,Non-collision (single vehicle),Ran off road - left,None Indicated,,Daylight,Dry,Cloudy,None apparent,Interchange-related:  Off-ramp,Paved,,Minor Injury,0,1,0,1,0,0,5000,1,1,,POINT (-91.542966128967 41.928227924453)
2014812014,14-07143,07/28/2014,07-July,2-Monday,15:32,1500 Hours,District 5 (Southeast),MOUNT PLEASANT,HENRY,US 34,US 34/NE RAMP CURV,Collision with fixed object:  Ditch,On Roadway,Non-collision (single vehicle),Ran off road - right,None Indicated,,Daylight,Dry,Cloudy,None apparent,Interchange-related:  On-ramp merge area,Paved,,Property Damage Only,0,0,0,0,0,0,2000,1,1,,POINT (-91.516135415395 40.962487807299)
2014809208,20140021668,07/28/2014,07-July,2-Monday,02:01,0200 Hours,District 1 (Central),DES MOINES,POLK,,LAUREL ST & 2ND AVE,Collision with fixed object:  Utility pole/light support,On Roadway,Non-collision (single vehicle),Ran off road - left,None Indicated,,Dark - roadway lighted,Dry,Clear,None apparent,Non-intersection:  Non-junction/no special feature,Paved,,Property Damage Only,0,0,0,0,0,0,10000,1,1,,POINT (-93.619733521205 41.597679033655)
2014810355,32060-14,07/28/2014,07-July,2-Monday,21:25,2100 Hours,District 3 (Northwest),ESTHERVILLE,EMMET,IA 9,IA 9/IOWA 9,Collision with:  Animal,On Roadway,Non-collision (single vehicle),Animal,None Indicated,,Dark - roadway not lighted,Dry,Clear,None apparent,Non-intersection:  Non-junction/no special feature,Paved,,Property Damage Only,0,0,0,0,0,0,2500,1,1,,POINT (-94.861654716202 43.406818327687)
2014809620,SP312212,07/28/2014,07-July,2-Monday,12:03,1200 Hours,District 6 (East Central),,CEDAR,I-80,I-80 & US 6,Collision with:  Vehicle in traffic,On Roadway,"Sideswipe, same direction",FTYROW:  Other (explain in narrative),None Indicated,,Daylight,Dry,Clear,None apparent,Interchange-related:  On-ramp merge area,Paved,,Property Damage Only,0,0,0,0,0,0,7000,2,2,,POINT (-91.035674063736 41.636173444534)
2014809487,2014-3547,07/28/2014,07-July,2-Monday,11:28,1100 Hours,District 4 (Southwest),WAUKEE,DALLAS,,NE DARTMOOR DR,Collision with:  Vehicle in traffic,On Roadway,Rear-end (front to rear),Followed too close,None Indicated,,Daylight,Dry,Clear,None apparent,Non-intersection:  Non-junction/no special feature,Paved,,Property Damage Only,0,0,0,0,0,0,2300,2,2,,POINT (-93.866093566598 41.614884984546)
2014811442,201400036534,07/28/2014,07-July,2-Monday,12:38,1200 Hours,District 5 (Southeast),OTTUMWA,WAPELLO,,CHESTER AVE,Collision with:  Vehicle in traffic,On Roadway,"Sideswipe, same direction",Improper Backing,None Indicated,,Daylight,Dry,Cloudy,None apparent,Non-intersection:  Non-junction/no special feature,Paved,,Property Damage Only,0,0,0,0,0,0,2000,2,2,,POINT (-92.428206765852 41.003851089531)
2014809430,14-000873,07/28/2014,07-July,2-Monday,02:00,0200 Hours,District 1 (Central),,STORY,I-35,I-35,Collision with:  Animal,,,Animal,None Indicated,,,,,,,Paved,,Property Damage Only,0,0,0,0,0,0,8000,1,1,,POINT (-93.570596332012 42.004749401397)
2014809185,20140021672,07/28/2014,07-July,2-Monday,06:30,0600 Hours,District 1 (Central),DES MOINES,POLK,,SCOTT AVE,Collision with fixed object:  Ditch,Shoulder,Non-collision (single vehicle),Ran off road - right,None Indicated,,Daylight,Dry,Clear,None apparent,Non-intersection:  Non-junction/no special feature,Paved,,Possible/Unknown,0,1,0,0,1,0,15000,1,1,,POINT (-93.541727918182 41.583598389619)
2014809354,144292,07/28/2014,07-July,2-Monday,22:29,2200 Hours,District 1 (Central),,HARDIN,IA 175,IA 175/IOWA 175,Collision with:  Animal,,,Animal,None Indicated,,,,,,,Paved,,Property Damage Only,0,0,0,0,0,0,4000,1,1,,POINT (-93.180781262177 42.360813292841)
2014810052,145370,07/28/2014,07-July,2-Monday,10:02,1000 Hours,District 4 (Southwest),WAUKEE,DALLAS,,Co Rd R22/UTE AVE,Collision with:  Vehicle in traffic,On Roadway,"Sideswipe, opposite direction",Crossed centerline (undivided),None Indicated,,Daylight,Dry,Clear,None apparent,Non-intersection:  Non-junction/no special feature,Paved,,Property Damage Only,0,0,0,0,0,0,2100,2,2,,POINT (-93.884698665245 41.547306419975)