Iowa DOT Case Number,Law Enforcement Case Number,Date of Crash,Month of Crash,Day of Week,Time of Crash,Hour,DOT District,City Name,County Name,Route with System,Location Description,First Harmful Event,Location of First Harmful Event,Manner of Crash/Collision,Major Cause,Drug or Alcohol ,Environmental Conditions,Light Conditions,Surface Conditions,Weather Conditions,Roadway Contribution,Roadway Type,Roadway Surface,Work Zone,Crash Severity,Number of Fatalities,Number of Injuries,Number of Major Injuries,Number of Minor Injuries,Number of Possible Injuries,Number of Unknown Injuries,Amount of Property Damage,Number of Vehicles Involved,Total Number of Occupants,Travel Direction,Location
2014809518,OP145251,07/28/2014,07-July,2-Monday,16:41,1600 Hours,District 3 (Northwest),ONAWA,MONONA,,PEARL ST & 10TH ST,Collision with:  Vehicle in traffic,On Roadway,Broadside (front to side),FTYROW:  From stop sign,None Indicated,,Daylight,Dry,Clear,None apparent,Intersection:  Four-way intersection,Paved,,Property Damage Only,0,0,0,0,0,0,7500,2,3,,POINT (-96.097260754236 42.028105501612)
2014809599,14-24339,07/28/2014,07-July,2-Monday,16:48,1600 Hours,District 3 (Northwest),SIOUX CITY,WOODBURY,,W 19TH ST,Collision with:  Vehicle in traffic,On Roadway,Rear-end (front to rear),Followed too close,None Indicated,,Daylight,Dry,Clear,None apparent,Non-intersection:  Non-junction/no special feature,Paved,,Possible/Unknown,0,1,0,0,1,0,3500,2,2,,POINT (-96.438696996301 42.510083985146)
2014809384,14-0890,07/28/2014,07-July,2-Monday,17:15,1700 Hours,District 1 (Central),CLIVE,POLK,I-35,I-35,Collision with:  Vehicle in traffic,On Roadway,Rear-end (front to rear),Driving too fast for conditions,None Indicated,,Daylight,Dry,Cloudy,None apparent,Interchange-related:  On-ramp merge area,Paved,,Minor Injury,0,2,0,2,0,0,3000,2,3,,POINT (-93.776871841506 41.603272804261)
2014809170,SO14001796,07/28/2014,07-July,2-Monday,08:19,0800 Hours,District 3 (Northwest),,PLYMOUTH,US 75,US 75 & IA 60/IOWA 60,Collision with fixed object:  Bridge overhead structure,On Roadway,Non-collision (single vehicle),Crossed centerline (undivided),None Indicated,,Daylight,Dry,Clear,None apparent,Non-intersection:  Other non-intersection (explain in narrative),Paved,,Minor Injury,0,1,0,1,0,0,10000,1,1,,POINT (-96.174619157927 42.818164157059)
2014809408,14-3600,07/28/2014,07-July,2-Monday,16:14,1600 Hours,District 1 (Central),WEST DES MOINES,POLK,,GRAND AVE & RAILROAD AVE & E P TRUE PKWY,Collision with:  Vehicle in traffic,On Roadway,"Angle, oncoming left turn",FTYROW:  Making left turn,None Indicated,,Daylight,Dry,Cloudy,None apparent,Intersection:  Four-way intersection,Paved,,Property Damage Only,0,0,0,0,0,0,4000,2,2,,POINT (-93.731792769128 41.570890370495)
2014810467,14-000865,07/28/2014,07-July,2-Monday,14:30,1400 Hours,District 1 (Central),JOHNSTON,POLK,,NW 54TH AVE,Collision with:  Vehicle in traffic,On Roadway,Broadside (front to side),FTYROW:  From driveway,None Indicated,,Daylight,Dry,Cloudy,None apparent,Non-intersection:  Driveway access (within),Paved,,Possible/Unknown,0,1,0,0,1,0,3000,2,3,,POINT (-93.73538797505 41.658318193305)
2014810027,14075621,07/28/2014,07-July,2-Monday,11:41,1100 Hours,District 2 (Northeast),CEDAR FALLS,BLACK HAWK,,N FRONTAGE RD & VALLEY PARK DR,Collision with:  Vehicle in traffic,On Roadway,Broadside (front to side),FTYROW:  From stop sign,None Indicated,,Daylight,Dry,Clear,None apparent,Intersection:  Four-way intersection,Paved,,Possible/Unknown,0,1,0,0,1,0,5000,2,2,,POINT (-92.436777527052 42.513393917126)
2014810422,S14-002892,07/28/2014,07-July,2-Monday,07:13,0700 Hours,District 4 (Southwest),NEOLA,POTTAWATTAMIE,,AVON ST & 1ST ST,Collision with:  Parked motor vehicle,On Roadway,Rear-end (front to rear),Lost Control,None Indicated,,Dawn,Dry,Cloudy,None apparent,Non-intersection:  Non-junction/no special feature,Paved,,Property Damage Only,0,0,0,0,0,0,6000,2,2,,POINT (-95.614650477122 41.451861499362)
2014812134,14-26384,07/28/2014,07-July,2-Monday,21:46,2100 Hours,District 5 (Southeast),BURLINGTON,DES MOINES,,MARKET ST,Collision with:  Parked motor vehicle,Outside trafficway,Unknown,Unknown,None Indicated,,Daylight,Dry,Clear,None apparent,Non-intersection:  Non-junction/no special feature,Paved,,Property Damage Only,0,0,0,0,0,0,1500,2,1,,POINT (-91.13801060093 40.810876352859)
2014809444,14-2293,07/28/2014,07-July,2-Monday,16:52,1600 Hours,District 1 (Central),FORT DODGE,WEBSTER,,1ST AVE S & S 29TH ST,Collision with:  Vehicle in traffic,On Roadway,Rear-end (front to rear),Other (explain in narrative):  Other,None Indicated,,Daylight,Dry,Cloudy,None apparent,Non-intersection:  Non-junction/no special feature,Paved,,Major Injury,0,1,1,0,0,0,2000,2,2,,POINT (-94.15829231345 42.505258884515)
2014811250,2014043757,07/28/2014,07-July,2-Monday,14:50,1400 Hours,District 1 (Central),ANKENY,POLK,I-35,I-35,Collision with:  Vehicle in traffic,On Roadway,Rear-end (front to rear),Followed too close,None Indicated,,Daylight,Dry,Clear,None apparent,Non-intersection:  Non-junction/no special feature,Paved,,Possible/Unknown,0,1,0,0,1,0,5000,2,2,,POINT (-93.573738133236 41.750336379333)
2014809635,2014043778,07/28/2014,07-July,2-Monday,17:00,1700 Hours,District 1 (Central),,HAMILTON,I-35,I-35,Collision with fixed object:  Tree,On Roadway,Non-collision (single vehicle),Equipment failure,None Indicated,,Daylight,Dry,Cloudy,None apparent,Non-intersection:  Non-junction/no special feature,Paved,,Property Damage Only,0,0,0,0,0,0,4000,1,3,,POINT (-93.570333975575 42.415842911323)
2014832878,14-005434,07/28/2014,07-July,2-Monday,10:22,1000 Hours,District 3 (Northwest),EMMETSBURG,PALO ALTO,,17TH ST,Collision with fixed object:  Utility pole/light support,Outside trafficway,Non-collision (single vehicle),Other (explain in narrative):  Other,None Indicated,,Daylight,Dry,Cloudy,None apparent,Non-intersection:  Driveway access (within),Paved,,Property Damage Only,0,0,0,0,0,0,4500,1,1,,POINT (-94.692381386229 43.104757231546)
2014810713,14-003497,07/28/2014,07-July,2-Monday,20:49,2000 Hours,District 1 (Central),AMES,STORY,,S DAKOTA AVE,Collision with:  Vehicle in traffic,On Roadway,Broadside (front to side),FTYROW:  From stop sign,None Indicated,,Dark - roadway lighted,Dry,Clear,None apparent,Intersection:  T-intersection,Paved,,Property Damage Only,0,0,0,0,0,0,7000,2,2,,POINT (-93.678726603622 42.022336254572)
2014810420,14-0827,07/28/2014,07-July,2-Monday,07:50,0700 Hours,District 1 (Central),PLEASANT HILL,POLK,IA 163,IA 163/E UNIVERSITY AVE,Collision with:  Vehicle in traffic,On Roadway,Rear-end (front to rear),Followed too close,None Indicated,,Daylight,Dry,Clear,None apparent,Non-intersection:  Non-junction/no special feature,Paved,,Property Damage Only,0,0,0,0,0,0,4500,2,3,,POINT (-93.507863554937 41.599227448593)
2014810679,2014-52372,07/28/2014,07-July,2-Monday,17:02,1700 Hours,District 6 (East Central),DAVENPORT,SCOTT,US 6,US 6/SPRUCE HILLS DR,Collision with:  Vehicle in traffic,On Roadway,Rear-end (front to rear),Followed too close,None Indicated,,Daylight,Dry,Clear,None apparent,Non-intersection:  Non-junction/no special feature,Paved,,Property Damage Only,0,0,0,0,0,0,2000,2,4,,POINT (-90.523940661197 41.554892112523)
2014809488,2014-3548,07/28/2014,07-July,2-Monday,13:11,1300 Hours,District 4 (Southwest),WAUKEE,DALLAS,,LAUREL ST & CAREFREE LN,Collision with:  Vehicle in traffic,On Roadway,Broadside (front to side),Other (explain in narrative):  Other,None Indicated,,Daylight,Dry,Clear,None apparent,Intersection:  Four-way intersection,Paved,,Property Damage Only,0,0,0,0,0,0,3000,2,2,,POINT (-93.869143123285 41.614060330616)
2014810157,07-14-301,07/28/2014,07-July,2-Monday,02:30,0200 Hours,District 3 (Northwest),LE MARS,PLYMOUTH,,,Collision with:  Parked motor vehicle,On Roadway,Broadside (front to side),FTYROW:  From parked position,None Indicated,,Dark - roadway not lighted,Dry,Cloudy,None apparent,Non-intersection:  Other non-intersection (explain in narrative),,,Property Damage Only,0,0,0,0,0,0,2000,2,1,,POINT (-96.643700149993 40.233091251414)
2014811067,2014-52309,07/28/2014,07-July,2-Monday,12:39,1200 Hours,District 6 (East Central),DAVENPORT,SCOTT,I-74,I-74,Collision with:  Vehicle in traffic,On Roadway,"Sideswipe, same direction",Improper or erratic lane changing,None Indicated,,Daylight,Dry,Clear,Work Zone (roadway-related),Non-intersection:  Non-junction/no special feature,Paved,Yes,Property Damage Only,0,0,0,0,0,0,2550,2,2,,POINT (-90.522030855165 41.586030838909)
2014809080,01-14-33347,07/28/2014,07-July,2-Monday,11:50,1100 Hours,District 6 (East Central),DUBUQUE,DUBUQUE,US 61,US 61/SW RAMP CURV,Collision with:  Vehicle in traffic,On Roadway,"Sideswipe, same direction",Crossed centerline (undivided),None Indicated,,Daylight,Dry,Clear,None apparent,"Interchange-related:  Off-ramp, diverge area",Paved,,Property Damage Only,0,0,0,0,0,0,3000,2,3,,POINT (-90.657075415919 42.511994408944)
2014809528,14-0891,07/28/2014,07-July,2-Monday,19:18,1900 Hours,District 1 (Central),CLIVE,POLK,,UNIVERSITY BLVD & NW 80TH ST,Collision with:  Vehicle in traffic,On Roadway,Rear-end (front to rear),Driving too fast for conditions,None Indicated,,Daylight,Dry,Cloudy,None apparent,Non-intersection:  Non-junction/no special feature,Paved,,Minor Injury,0,8,0,8,0,0,7500,2,8,,POINT (-93.72810302354 41.602258957409)
2014809306,W14-075625,07/28/2014,07-July,2-Monday,11:57,1100 Hours,District 2 (Northeast),WATERLOO,BLACK HAWK,,E SHAULIS RD,Collision with:  Vehicle in traffic,On Roadway,Rear-end (front to rear),Other (explain in narrative):  Other,None Indicated,,Daylight,Dry,Cloudy,None apparent,Non-intersection:  Driveway access (within),Paved,,Property Damage Only,0,0,0,0,0,0,4000,2,4,,POINT (-92.309053593838 42.443061744047)
2014809410,14-3599,07/28/2014,07-July,2-Monday,16:49,1600 Hours,District 1 (Central),WEST DES MOINES,POLK,IA 28,IA 28/63RD ST & WELKER AVE & LOCUST ST,Collision with:  Vehicle in traffic,On Roadway,Broadside (front to side),FTYROW:  From stop sign,None Indicated,,Daylight,Dry,Clear,None apparent,Intersection:  Four-way intersection,Paved,,Property Damage Only,0,0,0,0,0,0,20000,2,2,,POINT (-93.703295689485 41.575454747661)
2014809509,201402622,07/28/2014,07-July,2-Monday,17:56,1700 Hours,District 6 (East Central),,LINN,,Co Rd E44/ELLIS RD & GIBNEY RD,Collision with fixed object:  Ditch,On Roadway,Non-collision (single vehicle),Ran off road - left,None Indicated,,Daylight,Dry,Clear,"Shoulders (none, low, soft, high)",Non-intersection:  Non-junction/no special feature,Paved,,Property Damage Only,0,0,0,0,0,0,6000,1,1,,POINT (-91.784267141113 42.00057603093)
2014810711,14-003491,07/28/2014,07-July,2-Monday,16:32,1600 Hours,District 1 (Central),AMES,STORY,US 69,US 69/S DUFF AVE & S 16TH ST & SE 16TH ST,Collision with:  Vehicle in traffic,On Roadway,Broadside (front to side),FTYROW:  Making left turn,None Indicated,,Daylight,Dry,Cloudy,None apparent,Non-intersection:  Driveway access (within),Paved,,Possible/Unknown,0,1,0,0,1,0,5000,2,3,,POINT (-93.610093877196 42.008374078269)
2014809690,2014008096,07/28/2014,07-July,2-Monday,11:30,1100 Hours,District 6 (East Central),IOWA CITY,JOHNSON,IA 1,IA 1/N DODGE ST,Collision with:  Vehicle in traffic,On Roadway,"Angle, oncoming left turn",FTYROW:  Making left turn,None Indicated,,Daylight,Dry,Cloudy,None apparent,Intersection:  T-intersection,Paved,,Minor Injury,0,2,0,1,1,0,14000,2,2,,POINT (-91.504611178975 41.682979634221)
2014809483,1407282771,07/28/2014,07-July,2-Monday,11:40,1100 Hours,District 6 (East Central),,CLINTON,US 30,US 30,Collision with:  Vehicle in traffic,On Roadway,Rear-end (front to rear),Swerving/Evasive Action,None Indicated,,Daylight,Dry,Clear,None apparent,Non-intersection:  Non-junction/no special feature,Paved,,Possible/Unknown,0,1,0,0,1,0,8000,2,2,,POINT (-90.613538630914 41.825677938543)
2014824253,2014-52374,07/28/2014,07-July,2-Monday,16:36,1600 Hours,District 6 (East Central),DAVENPORT,SCOTT,US 6,US 6/W KIMBERLY RD,Collision with:  Vehicle in traffic,Outside trafficway,Rear-end (front to rear),Improper Backing,None Indicated,,Daylight,Dry,Clear,None apparent,Non-intersection:  Non-junction/no special feature,Paved,,Property Damage Only,0,0,0,0,0,0,2000,2,1,,POINT (-90.574063412009 41.560239151593)
2014811995,261401318,07/28/2014,07-July,2-Monday,14:49,1400 Hours,District 5 (Southeast),BLOOMFIELD,DAVIS,IA 2,IA 2/IOWA 2 & OTTER TRL & 230TH ST,Collision with:  Vehicle in traffic,On Roadway,Broadside (front to side),FTYROW:  From stop sign,None Indicated,,Daylight,Dry,Clear,None apparent,Unknown,Paved,,Property Damage Only,0,0,0,0,0,0,7000,2,3,,POINT (-92.389822949576 40.725862989678)
2014809381,14-031658,07/28/2014,07-July,2-Monday,09:47,0900 Hours,District 5 (Southeast),MUSCATINE,MUSCATINE,,CLEVELAND ST & 2ND AVE,Collision with:  Vehicle in traffic,On Roadway,"Angle, oncoming left turn",FTYROW:  Making left turn,None Indicated,,Daylight,Dry,Clear,None apparent,Intersection:  Four-way intersection,Paved,,Property Damage Only,0,0,0,0,0,0,3000,2,2,,POINT (-91.035058590026 41.451416707576)
2014809404,20140021745,07/28/2014,07-July,2-Monday,17:59,1700 Hours,District 1 (Central),DES MOINES,POLK,,E 33RD ST,Collision with fixed object:  Utility pole/light support,Shoulder,Non-collision (single vehicle),Ran off road - right,None Indicated,,Daylight,Dry,Clear,None apparent,Non-intersection:  Non-junction/no special feature,Paved,,Property Damage Only,0,0,0,0,0,0,5000,1,1,,POINT (-93.551483122682 41.606367388559)
2014809398,20140021744,07/28/2014,07-July,2-Monday,17:34,1700 Hours,District 1 (Central),DES MOINES,POLK,,UNIVERSITY AVE & 4TH ST,Collision with:  Vehicle in traffic,On Roadway,Rear-end (front to rear),Followed too close,None Indicated,,Daylight,Dry,Clear,None apparent,Non-intersection:  Non-junction/no special feature,Paved,,Property Damage Only,0,0,0,0,0,0,6000,2,3,,POINT (-93.623370880594 41.600334516749)
2014809401,20140021729,07/28/2014,07-July,2-Monday,16:17,1600 Hours,District 1 (Central),DES MOINES,POLK,,22ND ST,Collision with:  Non-motorist (see non-motorist section - NOT a unit),On Roadway,Non-collision (single vehicle),Swerving/Evasive Action,None Indicated,,Daylight,Dry,Cloudy,None apparent,Non-intersection:  Non-junction/no special feature,Paved,,Possible/Unknown,0,1,0,0,1,0,0,1,1,,POINT (-93.646929463204 41.611436364211)
2014809366,2014008095,07/28/2014,07-July,2-Monday,11:41,1100 Hours,District 6 (East Central),IOWA CITY,JOHNSON,IA 1,IA 1/DODGE ST,Collision with:  Vehicle in traffic,On Roadway,"Sideswipe, same direction",Made improper turn,None Indicated,,Daylight,Dry,Clear,None apparent,Intersection:  Shared use path or trail,Paved,,Possible/Unknown,0,1,0,0,1,0,4000,2,2,,POINT (-91.525018394359 41.672192029611)
2014816911,,07/28/2014,07-July,2-Monday,13:32,1300 Hours,District 2 (Northeast),CLEAR LAKE,CERRO GORDO,,1ST AVE N & N LAKE VIEW DR,Collision with:  Vehicle in traffic,On Roadway,"Sideswipe, opposite direction",Crossed centerline (undivided),None Indicated,,Daylight,Dry,Clear,None apparent,,Paved,,Property Damage Only,0,0,0,0,0,0,3000,2,3,,POINT (-93.384439560477 43.135709467468)
2014809791,14-19446,07/28/2014,07-July,2-Monday,16:30,1600 Hours,District 1 (Central),NEWTON,JASPER,US 6,US 6/1ST AVE E & E 12TH ST S & E 12TH ST N,Collision with:  Vehicle in traffic,On Roadway,"Angle, oncoming left turn",Crossed centerline (undivided),None Indicated,,Daylight,Dry,Cloudy,None apparent,Intersection:  Four-way intersection,Paved,,Property Damage Only,0,0,0,0,0,0,2700,2,2,,POINT (-93.03867486922 41.699214902391)
2014809442,14009046,07/28/2014,07-July,2-Monday,09:00,0900 Hours,District 1 (Central),,TAMA,,V AVE,Non-collision events:  Overturn/rollover,Shoulder,Non-collision (single vehicle),Ran off road - right,None Indicated,,Daylight,Dry,Clear,None apparent,Non-intersection:  Non-junction/no special feature,Unpaved,,Property Damage Only,0,0,0,0,0,0,500000,1,1,,POINT (-92.357365480545 42.072647344718)
2014810510,01-14-33382,07/28/2014,07-July,2-Monday,16:15,1600 Hours,District 6 (East Central),DUBUQUE,DUBUQUE,US 20,US 20/DODGE ST,Collision with:  Vehicle in traffic,On Roadway,Rear-end (front to rear),Other (explain in narrative):  Other,None Indicated,,Daylight,Dry,Cloudy,None apparent,Non-intersection:  Non-junction/no special feature,Paved,,Property Damage Only,0,0,0,0,0,0,2000,3,3,,POINT (-90.702338466927 42.491514870436)
2014810828,,07/28/2014,07-July,2-Monday,16:50,1600 Hours,District 6 (East Central),CEDAR RAPIDS,LINN,,32ND ST NE & GLASS RD NE & CENTER POINT RD NE,Collision with:  Vehicle in traffic,On Roadway,Rear-end (front to rear),Unknown,None Indicated,,Daylight,Dry,Clear,,Non-intersection:  Non-junction/no special feature,Paved,,Property Damage Only,0,0,0,0,0,0,3500,2,2,,POINT (-91.663084696028 42.010504482488)
2014812311,14-7992,07/28/2014,07-July,2-Monday,12:00,1200 Hours,District 3 (Northwest),ODEBOLT,SAC,,6TH ST,Collision with:  Parked motor vehicle,On Roadway,Unknown,Improper Backing,None Indicated,,Daylight,Dry,Clear,None apparent,Non-intersection:  Non-junction/no special feature,Paved,,Property Damage Only,0,0,0,0,0,0,3000,2,1,,POINT (-95.255988393056 42.307831664108)
2014809695,2014010887,07/28/2014,07-July,2-Monday,08:01,0800 Hours,District 6 (East Central),CEDAR RAPIDS,LINN,,MOUNT VERNON RD SE,Collision with:  Vehicle in traffic,On Roadway,Rear-end (front to rear),Lost Control,None Indicated,,Daylight,Dry,Clear,None apparent,Non-intersection:  Non-junction/no special feature,Paved,,Major Injury,0,1,1,0,0,0,9000,2,4,,POINT (-91.636531228199 41.977021507005)
2014810712,14-003495,07/28/2014,07-July,2-Monday,21:21,2100 Hours,District 1 (Central),AMES,STORY,,CLEMENS BLVD & S DAKOTA AVE,Collision with:  Vehicle in traffic,On Roadway,Rear-end (front to rear),Followed too close,None Indicated,,Dark - roadway lighted,Dry,Cloudy,None apparent,Intersection:  T-intersection,Paved,,Property Damage Only,0,0,0,0,0,0,5000,2,4,,POINT (-93.678655712151 42.017941467886)
2014812059,2014-52377,07/28/2014,07-July,2-Monday,17:44,1700 Hours,District 6 (East Central),DAVENPORT,SCOTT,,MCKINLEY AVE & BLACK HAWK ST & S ELMWOOD AVE,Collision with:  Vehicle in traffic,On Roadway,Broadside (front to side),FTYROW:  From stop sign,None Indicated,,Daylight,Dry,Clear,None apparent,Intersection:  Four-way intersection,Paved,,Property Damage Only,0,0,0,0,0,0,4500,2,3,,POINT (-90.615211423488 41.516698660067)
2014809478,14010631,07/28/2014,07-July,2-Monday,14:27,1400 Hours,District 5 (Southeast),CENTERVILLE,APPANOOSE,IA 5,IA 5/N 18TH ST & E FRANKLIN ST,Collision with:  Vehicle in traffic,On Roadway,"Angle, oncoming left turn",FTYROW:  Making left turn,None Indicated,,Daylight,Dry,Clear,None apparent,Intersection:  T-intersection,Paved,,Minor Injury,0,2,0,2,0,0,7016,2,2,,POINT (-92.867999441452 40.739760130015)
2014811970,,07/28/2014,07-July,2-Monday,18:20,1800 Hours,District 2 (Northeast),,FLOYD,,Co Rd B35/180TH ST,,Outside trafficway,Non-collision (single vehicle),Ran off road - right,None Indicated,,Daylight,,Cloudy,,,Unpaved,,Possible/Unknown,0,1,0,0,1,0,2000,1,1,,POINT (-92.988289427506 43.097426482069)
2014810152,14-26302,07/28/2014,07-July,2-Monday,10:20,1000 Hours,District 5 (Southeast),BURLINGTON,DES MOINES,,WASHINGTON ST & CENTRAL AVE,Collision with fixed object:  Bridge overhead structure,On Roadway,Non-collision (single vehicle),Other (explain in narrative):  Other,None Indicated,,Daylight,Dry,Cloudy,None apparent,Non-intersection:  Other non-intersection (explain in narrative),Paved,,Property Damage Only,0,0,0,0,0,0,4000,1,1,,POINT (-91.111276891597 40.812522486912)
2014811251,2014043774,07/28/2014,07-July,2-Monday,16:43,1600 Hours,District 1 (Central),ANKENY,POLK,I-35,I-35,Collision with:  Parked motor vehicle,Shoulder,Rear-end (front to rear),Illegally Parked/Unattended,None Indicated,,Daylight,Dry,Clear,None apparent,Non-intersection:  Non-junction/no special feature,Paved,,Property Damage Only,0,0,0,0,0,0,9000,3,1,,POINT (-93.573998479087 41.749857708256)
2014809396,20140021734,07/28/2014,07-July,2-Monday,17:00,1700 Hours,District 1 (Central),DES MOINES,POLK,,COTTAGE GROVE AVE & 31ST ST,Collision with:  Vehicle in traffic,On Roadway,Broadside (front to side),FTYROW:  From stop sign,None Indicated,,Daylight,Dry,Cloudy,None apparent,Intersection:  Four-way intersection,Paved,,Property Damage Only,0,0,0,0,0,0,3000,2,3,,POINT (-93.659351668944 41.598494473139)
2014809405,20140021749,07/28/2014,07-July,2-Monday,18:15,1800 Hours,District 1 (Central),DES MOINES,POLK,,ARTHUR AVE & E 13TH ST,Collision with:  Vehicle in traffic,On Roadway,Broadside (front to side),FTYROW:  At uncontrolled intersection,None Indicated,,Daylight,Dry,Clear,None apparent,Non-intersection:  Non-junction/no special feature,Paved,,Property Damage Only,0,0,0,0,0,0,6000,3,2,,POINT (-93.603505448456 41.617752397563)
2014812183,,07/28/2014,07-July,2-Monday,03:39,0300 Hours,District 5 (Southeast),,LUCAS,,210TH AVE,Non-collision events:  Overturn/rollover,Outside trafficway,Non-collision (single vehicle),Swerving/Evasive Action,None Indicated,,Dark - roadway not lighted,"Mud, dirt",Clear,None apparent,Intersection:  T-intersection,Unpaved,,Minor Injury,0,3,0,2,1,0,10000,1,4,,POINT (-93.346597611349 41.057653153938)
2014811432,2014-004432,07/28/2014,07-July,2-Monday,23:50,2300 Hours,District 6 (East Central),,BENTON,US 151,US 151/32 AVE,Collision with:  Animal,,,Animal,None Indicated,,,,,,,Paved,,Property Damage Only,0,0,0,0,0,0,4000,1,1,,POINT (-91.870222016888 41.868219940206)
2014809413,14-031556,07/28/2014,07-July,2-Monday,18:22,1800 Hours,District 4 (Southwest),COUNCIL BLUFFS,POTTAWATTAMIE,,AVE B & N 28TH ST,Collision with:  Vehicle in traffic,On Roadway,Broadside (front to side),Ran Stop Sign,None Indicated,,Daylight,Dry,Clear,None apparent,Intersection:  Four-way intersection,Paved,,Property Damage Only,0,0,0,0,0,0,2000,2,2,,POINT (-95.889147119172 41.263761022641)
2014809308,W14-075537,07/28/2014,07-July,2-Monday,06:01,0600 Hours,District 2 (Northeast),WATERLOO,BLACK HAWK,US 218,US 218/WASHINGTON ST,Collision with:  Vehicle in traffic,On Roadway,"Sideswipe, opposite direction",Equipment failure,None Indicated,,Daylight,Dry,Clear,None apparent,Non-intersection:  Non-junction/no special feature,Paved,,Property Damage Only,0,0,0,0,0,0,5000,2,2,,POINT (-92.386820016014 42.514587440651)
2014810094,14-26379,07/28/2014,07-July,2-Monday,21:38,2100 Hours,District 5 (Southeast),BURLINGTON,DES MOINES,US 34,US 34,Non-collision events:  Other non-collision (explain in narrative),On Roadway,Non-collision (single vehicle),Unknown,None Indicated,,Dark - roadway lighted,Dry,Clear,Work Zone (roadway-related),Non-intersection:  Non-junction/no special feature,Paved,Yes,Property Damage Only,0,0,0,0,0,0,3000,1,1,,POINT (-91.099934373198 40.813227963157)
2014809095,01-14-33312,07/28/2014,07-July,2-Monday,08:12,0800 Hours,District 6 (East Central),DUBUQUE,DUBUQUE,,RENAISSANCE DR,Collision with:  Vehicle in traffic,Outside trafficway,"Sideswipe, same direction",Ran off road - right,None Indicated,,Daylight,Dry,Clear,None apparent,Non-intersection:  Non-junction/no special feature,Paved,,Property Damage Only,0,0,0,0,0,0,3000,2,1,,POINT (-90.703557655782 42.513386017539)
2014809489,14-26344,07/28/2014,07-July,2-Monday,17:34,1700 Hours,District 5 (Southeast),MEDIAPOLIS,DES MOINES,,MAIN ST & NORTHFIELD RD,Collision with:  Vehicle in traffic,On Roadway,Broadside (front to side),Crossed centerline (undivided),None Indicated,,Daylight,Dry,Clear,None apparent,Intersection:  Four-way intersection,Paved,,Property Damage Only,0,0,0,0,0,0,2200,2,2,,POINT (-91.160405553263 41.007892053868)
2014810468,14-000866,07/28/2014,07-July,2-Monday,15:41,1500 Hours,District 1 (Central),JOHNSTON,POLK,,NW 62ND AVE & NW 86TH ST,Collision with:  Vehicle in traffic,On Roadway,Rear-end (front to rear),Driver Distraction:  Passenger,None Indicated,,Daylight,Dry,Cloudy,None apparent,Intersection:  Four-way intersection,Paved,,Property Damage Only,0,0,0,0,0,0,2500,2,3,,POINT (-93.736491609972 41.672956681233)
2014809377,14015798,07/28/2014,07-July,2-Monday,16:42,1600 Hours,District 6 (East Central),MARION,LINN,,10TH AVE & CARDINAL DR,Collision with:  Vehicle in traffic,On Roadway,Rear-end (front to rear),Followed too close,None Indicated,,Daylight,Dry,Cloudy,None apparent,Non-intersection:  Non-junction/no special feature,Paved,,Property Damage Only,0,0,0,0,0,0,5000,2,2,,POINT (-91.577040023803 42.035993583479)
2014809485,1407288112,07/28/2014,07-July,2-Monday,21:05,2100 Hours,District 6 (East Central),DE WITT,CLINTON,US 30,US 30 & 300 AVE,Collision with:  Animal,,,Animal,None Indicated,,,,,,,Paved,,Property Damage Only,0,0,0,0,0,0,4000,1,1,,POINT (-90.510112735678 41.807567717816)
2014811443,201400036580,07/28/2014,07-July,2-Monday,16:09,1600 Hours,District 5 (Southeast),OTTUMWA,WAPELLO,US 34,US 34,Non-collision events:  Overturn/rollover,On Roadway,Non-collision (single vehicle),Exceeded authorized speed,None Indicated,,Daylight,Dry,Cloudy,None apparent,Intersection:  Other intersection (explain in narrative),Paved,,Property Damage Only,0,0,0,0,0,0,50000,1,1,,POINT (-92.404392116785 41.000874907208)
2014812176,2014043666,07/28/2014,07-July,2-Monday,09:20,0900 Hours,District 4 (Southwest),,ADAIR,,Co Rd P28/STUART RD & 150TH ST,Collision with:  Vehicle in traffic,On Roadway,Rear-end (front to rear),Swerving/Evasive Action,None Indicated,,Daylight,Dry,Clear,None apparent,Non-intersection:  Non-junction/no special feature,Paved,,Possible/Unknown,0,2,0,0,2,0,37000,3,3,,POINT (-94.318169640037 41.431600186177)
2014852946,,07/28/2014,07-July,2-Monday,19:45,1900 Hours,District 6 (East Central),WALCOTT,SCOTT,,WALKER ST & 60TH AVE,Collision with:  Vehicle in traffic,On Roadway,Rear-end (front to rear),FTYROW:  From stop sign,None Indicated,,Daylight,Dry,Clear,None apparent,Intersection:  T-intersection,Paved,,Property Damage Only,0,0,0,0,0,0,1500,2,2,,POINT (-90.783044038103 41.61888678587)
2014809383,14-003219,07/28/2014,07-July,2-Monday,07:20,0700 Hours,District 1 (Central),ANKENY,POLK,,NW WEIGEL DR & SW WEIGEL DR & W 1ST ST,Collision with:  Vehicle in traffic,On Roadway,Broadside (front to side),Ran Stop Sign,None Indicated,,Daylight,Dry,Clear,None apparent,Intersection:  Four-way intersection,Paved,,Property Damage Only,0,0,0,0,0,0,4000,2,3,,POINT (-93.653605669587 41.731688627241)
2014844875,ACSO-14-2172,07/28/2014,07-July,2-Monday,11:52,1100 Hours,District 2 (Northeast),,ALLAMAKEE,,Co Rd X52/HWY 364,Collision with:  Vehicle in traffic,On Roadway,Rear-end (front to rear),Swerving/Evasive Action,None Indicated,,Daylight,Dry,Clear,Other (explain in narrative),Non-intersection:  Non-junction/no special feature,Paved,,Property Damage Only,0,0,0,0,0,0,9000,2,3,,POINT (-91.181665051291 43.155429300037)