Iowa DOT Case Number,Law Enforcement Case Number,Date of Crash,Month of Crash,Day of Week,Time of Crash,Hour,DOT District,City Name,County Name,Route with System,Location Description,First Harmful Event,Location of First Harmful Event,Manner of Crash/Collision,Major Cause,Drug or Alcohol ,Environmental Conditions,Light Conditions,Surface Conditions,Weather Conditions,Roadway Contribution,Roadway Type,Roadway Surface,Work Zone,Crash Severity,Number of Fatalities,Number of Injuries,Number of Major Injuries,Number of Minor Injuries,Number of Possible Injuries,Number of Unknown Injuries,Amount of Property Damage,Number of Vehicles Involved,Total Number of Occupants,Travel Direction,Location
2014809189,20140021696,07/28/2014,07-July,2-Monday,10:23,1000 Hours,District 1 (Central),DES MOINES,POLK,,DEAN AVE,Collision with:  Vehicle in traffic,On Roadway,Rear-end (front to rear),Followed too close,None Indicated,,Daylight,Dry,Cloudy,None apparent,Intersection:  Four-way intersection,Paved,,Property Damage Only,0,0,0,0,0,0,4000,2,2,,POINT (-93.558459114909 41.591453739247)
2014811075,14-8672,07/28/2014,07-July,2-Monday,16:25,1600 Hours,District 3 (Northwest),,SIOUX,,FIG AVE,Collision with fixed object:  Ditch,On Roadway,Non-collision (single vehicle),Swerving/Evasive Action,None Indicated,,Daylight,Dry,Clear,None apparent,Non-intersection:  Non-junction/no special feature,Unpaved,,Possible/Unknown,0,1,0,0,1,0,5000,1,1,,POINT (-96.274959404864 43.175038311201)
2014809486,147282621,07/28/2014,07-July,2-Monday,20:45,2000 Hours,District 6 (East Central),,CLINTON,US 67,US 67 & 135 ST,Collision with:  Animal,,,Animal,None Indicated,,,,,,,Paved,,Property Damage Only,0,0,0,0,0,0,2500,1,1,,POINT (-90.198840516136 41.982443650269)
2014809305,W14-075600,07/28/2014,07-July,2-Monday,10:54,1000 Hours,District 2 (Northeast),WATERLOO,BLACK HAWK,,E SAN MARNAN DR & FLAMMANG DR,Collision with:  Vehicle in traffic,On Roadway,Rear-end (front to rear),Other (explain in narrative):  Other,None Indicated,,Daylight,Dry,Cloudy,None apparent,Intersection:  Four-way intersection,Paved,,Property Damage Only,0,0,0,0,0,0,2000,2,2,,POINT (-92.331202792463 42.460691582629)
2014813232,201412121,07/28/2014,07-July,2-Monday,16:46,1600 Hours,District 6 (East Central),CEDAR RAPIDS,LINN,,BLAIRS FERRY RD NE,Collision with:  Vehicle in traffic,On Roadway,"Angle, oncoming left turn",FTYROW:  Making left turn,None Indicated,,Daylight,Dry,Clear,None apparent,Non-intersection:  Driveway access (within),Paved,,Property Damage Only,0,0,0,0,0,0,1500,2,2,,POINT (-91.664892883422 42.034905785082)
2014810760,SO14-0927,07/28/2014,07-July,2-Monday,09:30,0900 Hours,District 2 (Northeast),,WRIGHT,,Co Rd C70/330TH ST & Co Rd R38/MADISON AVE,Non-collision events:  Overturn/rollover,Roadside,Non-collision (single vehicle),Swerving/Evasive Action,None Indicated,,Daylight,Dry,Cloudy,None apparent,Non-intersection:  Non-junction/no special feature,Paved,,Property Damage Only,0,0,0,0,0,0,2500,1,1,,POINT (-93.734989308162 42.572039066948)
2014809415,14-031593,07/28/2014,07-July,2-Monday,22:50,2200 Hours,District 4 (Southwest),COUNCIL BLUFFS,POTTAWATTAMIE,,DELONG AVE,Collision with:  Animal,On Roadway,Non-collision (single vehicle),Animal,None Indicated,,Dark - roadway lighted,Dry,Clear,None apparent,Non-intersection:  Non-junction/no special feature,Paved,,Minor Injury,0,1,0,1,0,0,5200,1,1,,POINT (-95.849425377849 41.285196174158)
2014811944,105-2014,07/28/2014,07-July,2-Monday,14:00,1400 Hours,District 4 (Southwest),,HARRISON,,PRICE PL,Non-collision events:  Other non-collision (explain in narrative),On Roadway,Non-collision (single vehicle),Other (explain in narrative):  Other,None Indicated,,Daylight,Dry,Cloudy,None apparent,Non-intersection:  Non-junction/no special feature,Unpaved,,Property Damage Only,0,0,0,0,0,0,12000,1,1,,POINT (-95.732359747139 41.5637546736)
2014810541,14023077,07/28/2014,07-July,2-Monday,05:16,0500 Hours,District 5 (Southeast),,LEE,US 61,US 61 & 320 ST,Collision with:  Animal,,,Animal,None Indicated,,,,,,,Paved,,Property Damage Only,0,0,0,0,0,0,3000,1,1,,POINT (-91.443864812554 40.494335343884)
2014810996,144305,07/29/2014,07-July,3-Tuesday,10:50,1000 Hours,District 1 (Central),ALDEN,HARDIN,,HARDIN ST,Collision with:  Vehicle in traffic,On Roadway,Head-on (front to front),Crossed centerline (undivided),None Indicated,,Daylight,Dry,Cloudy,Work Zone (roadway-related),Non-intersection:  Non-junction/no special feature,Paved,Yes,Possible/Unknown,0,1,0,0,1,0,5300,2,2,,POINT (-93.381322657003 42.519682110441)
2014810965,14012843,07/29/2014,07-July,3-Tuesday,11:23,1100 Hours,District 2 (Northeast),MASON CITY,CERRO GORDO,,MAPLE DR & E STATE ST & S KENTUCKY AVE & N KENTUCKY AVE,Collision with:  Vehicle in traffic,On Roadway,Broadside (front to side),Other (explain in narrative):  Other,None Indicated,,Daylight,Dry,Clear,None apparent,Non-intersection:  Non-junction/no special feature,Paved,,Property Damage Only,0,0,0,0,0,0,2500,2,2,,POINT (-93.181102673075 43.151763364433)
2014810785,CL14002647,07/29/2014,07-July,3-Tuesday,10:45,1000 Hours,District 6 (East Central),CLINTON,CLINTON,,4TH AVE S & S 4TH ST,Collision with:  Vehicle in traffic,On Roadway,Broadside (front to side),FTYROW:  From stop sign,None Indicated,,Daylight,Dry,Clear,None apparent,Intersection:  Four-way intersection,Paved,,Property Damage Only,0,0,0,0,0,0,3000,2,2,,POINT (-90.193258815142 41.842323744709)
2014809696,2014010956,07/29/2014,07-July,3-Tuesday,12:30,1200 Hours,District 6 (East Central),CEDAR RAPIDS,LINN,IA 922,IA 922/1ST AVE W,Collision with fixed object:  Traffic sign support,Median,Non-collision (single vehicle),Crossed centerline (undivided),None Indicated,,Daylight,Dry,Clear,None apparent,Intersection:  Four-way intersection,Paved,,Property Damage Only,0,0,0,0,0,0,4150,1,2,,POINT (-91.675592800427 41.975713593549)
2014809583,2014-52632,07/29/2014,07-July,3-Tuesday,15:52,1500 Hours,District 6 (East Central),DAVENPORT,SCOTT,,N DIVISION ST,Collision with:  Vehicle in traffic,On Roadway,Broadside (front to side),FTYROW:  Making left turn,None Indicated,,Daylight,Dry,Cloudy,None apparent,Intersection:  Other intersection (explain in narrative),Paved,,Property Damage Only,0,0,0,0,0,0,2000,2,3,,POINT (-90.600607694384 41.559706654381)
2014809514,14-018345,07/29/2014,07-July,3-Tuesday,20:26,2000 Hours,District 5 (Southeast),,MARION,,Co Rd T14/HWY T14,Collision with fixed object:  Ditch,Shoulder,Non-collision (single vehicle),Exceeded authorized speed,None Indicated,,Dusk,Dry,Clear,None apparent,Non-intersection:  Non-junction/no special feature,Paved,,Minor Injury,0,1,0,1,0,0,8500,1,1,,POINT (-92.92228603989 41.472156660361)
2014835380,14-031782,07/29/2014,07-July,3-Tuesday,04:45,0400 Hours,District 5 (Southeast),WEST LIBERTY,MUSCATINE,,,Collision with:  Parked motor vehicle,On Roadway,Unknown,Unknown,None Indicated,,Dark - roadway lighted,Dry,Clear,None apparent,Non-intersection:  Non-junction/no special feature,,,Property Damage Only,0,0,0,0,0,0,2500,2,1,,POINT (-96.643700149993 40.233091251414)
2014809390,20140021774,07/29/2014,07-July,3-Tuesday,01:22,0100 Hours,District 1 (Central),DES MOINES,POLK,,E DOUGLAS AVE,Collision with:  Parked motor vehicle,On Roadway,"Sideswipe, opposite direction",Illegally Parked/Unattended,None Indicated,,Dark - roadway lighted,Dry,Clear,None apparent,Non-intersection:  Non-junction/no special feature,Paved,,Property Damage Only,0,0,0,0,0,0,3000,2,1,,POINT (-93.561716890613 41.629529438101)
2014810540,14-23204,07/29/2014,07-July,3-Tuesday,07:43,0700 Hours,District 5 (Southeast),,LEE,,Co Rd J48/175 ST,Collision with:  Vehicle in traffic,On Roadway,Rear-end (front to rear),Lost Control,None Indicated,,Daylight,Dry,Clear,None apparent,Non-intersection:  Non-junction/no special feature,Paved,,Minor Injury,0,2,0,1,1,0,15000,2,4,,POINT (-91.259732320828 40.708275349323)
2014810504,142228,07/29/2014,07-July,3-Tuesday,17:31,1700 Hours,District 3 (Northwest),DENISON,CRAWFORD,,12TH AVE S & CITY VIEW DR,Collision with:  Vehicle in traffic,On Roadway,Broadside (front to side),Crossed centerline (undivided),None Indicated,,Daylight,Dry,Clear,None apparent,Non-intersection:  Non-junction/no special feature,Paved,,Property Damage Only,0,0,0,0,0,0,2000,2,2,,POINT (-95.353370547634 42.005363727571)
2014810989,P14-008800,07/29/2014,07-July,3-Tuesday,07:23,0700 Hours,District 1 (Central),WEBSTER CITY,HAMILTON,,2ND ST & WHITE FOX RD,Collision with:  Vehicle in traffic,On Roadway,"Angle, oncoming left turn",FTYROW:  Making left turn,None Indicated,,Daylight,Dry,Clear,None apparent,Intersection:  T-intersection,Paved,,Property Damage Only,0,0,0,0,0,0,16000,2,2,,POINT (-93.812941541353 42.469423128759)
2014810803,2014043989,07/29/2014,07-July,3-Tuesday,16:55,1600 Hours,District 5 (Southeast),,WARREN,I-35,I-35,Collision with:  Vehicle in traffic,On Roadway,Rear-end (front to rear),Swerving/Evasive Action,None Indicated,,Daylight,Dry,Cloudy,Work Zone (roadway-related),Non-intersection:  Non-junction/no special feature,Paved,Yes,Property Damage Only,0,0,0,0,0,0,13000,2,2,,POINT (-93.78076194583 41.380962751853)
2014811744,14-000976,07/29/2014,07-July,3-Tuesday,15:15,1500 Hours,District 1 (Central),AMES,STORY,,PAMMEL DR,Collision with fixed object:  Curb/island/raised median,Shoulder,Non-collision (single vehicle),Other (explain in narrative):  Other,None Indicated,,Daylight,Dry,Clear,None apparent,Intersection:  Other intersection (explain in narrative),Paved,,Property Damage Only,0,0,0,0,0,0,2000,1,1,,POINT (-93.655489334308 42.029631527162)
2014815556,14150,07/29/2014,07-July,3-Tuesday,11:36,1100 Hours,District 5 (Southeast),PELLA,MARION,,FRANKLIN ST & MAIN ST,Collision with:  Vehicle in traffic,On Roadway,Rear-end (front to rear),Lost Control,None Indicated,,Daylight,Dry,Clear,None apparent,Intersection:  Four-way intersection,Paved,,Property Damage Only,0,0,0,0,0,0,2800,2,2,,POINT (-92.916465704158 41.406712743351)
2014810804,2014043995,07/29/2014,07-July,3-Tuesday,17:39,1700 Hours,District 4 (Southwest),,DALLAS,I-80,I-80,Non-collision events:  Overturn/rollover,Gore,Non-collision (single vehicle),Exceeded authorized speed,None Indicated,,Daylight,Dry,Clear,None apparent,Interchange-related:  On-ramp,Paved,,Possible/Unknown,0,1,0,0,1,0,4500,1,1,,POINT (-93.955931020343 41.548132411811)
2014809555,14-031630,07/29/2014,07-July,3-Tuesday,05:13,0500 Hours,District 4 (Southwest),COUNCIL BLUFFS,POTTAWATTAMIE,,S 24TH ST,Collision with fixed object:  Utility pole/light support,Shoulder,Non-collision (single vehicle),Ran off road - right,None Indicated,,Dark - roadway lighted,Dry,Clear,None apparent,Non-intersection:  Non-junction/no special feature,Paved,,Property Damage Only,0,0,0,0,0,0,3000,1,1,,POINT (-95.87924526185 41.238620399882)
2014810746,14-24482,07/29/2014,07-July,3-Tuesday,19:07,1900 Hours,District 3 (Northwest),SIOUX CITY,WOODBURY,,ASPENWOOD ST,Collision with:  Vehicle in traffic,On Roadway,Rear-end (front to rear),Followed too close,None Indicated,,Daylight,Dry,Clear,None apparent,Non-intersection:  Non-junction/no special feature,Paved,,Property Damage Only,0,0,0,0,0,0,1600,2,5,,POINT (-96.421607608953 42.531216254652)
2014809756,14-24446,07/29/2014,07-July,3-Tuesday,13:47,1300 Hours,District 3 (Northwest),SIOUX CITY,WOODBURY,,W 7TH ST & 8TH ST & PEARL ST & GRANDVIEW BLVD,Collision with:  Vehicle in traffic,On Roadway,Broadside (front to side),FTYROW:  From stop sign,None Indicated,,Daylight,Dry,Cloudy,None apparent,Intersection:  Four-way intersection,Paved,,Possible/Unknown,0,2,0,0,2,0,4500,2,4,,POINT (-96.407920045197 42.498488191779)
2014810465,CL14002644,07/29/2014,07-July,3-Tuesday,08:40,0800 Hours,District 6 (East Central),CLINTON,CLINTON,US 30,US 30/8TH AVE S/S 4TH ST & US 67,Collision with:  Vehicle in traffic,On Roadway,"Sideswipe, same direction",Over correcting/over steering,None Indicated,,Daylight,Dry,Clear,None apparent,Intersection:  Four-way intersection,Paved,,Property Damage Only,0,0,0,0,0,0,3500,2,3,,POINT (-90.193229315591 41.837766133002)
2014810529,C14002343,07/29/2014,07-July,3-Tuesday,12:52,1200 Hours,District 6 (East Central),CORALVILLE,JOHNSON,,1ST AVE,Collision with:  Vehicle in traffic,On Roadway,Rear-end (front to rear),Followed too close,None Indicated,,Daylight,Dry,Clear,None apparent,Non-intersection:  Non-junction/no special feature,Paved,,Property Damage Only,0,0,0,0,0,0,1700,2,2,,POINT (-91.565387697955 41.683268133953)
2014809532,20140021837,07/29/2014,07-July,3-Tuesday,16:45,1600 Hours,District 1 (Central),DES MOINES,POLK,,PARK AVE & SW 23RD ST,Collision with:  Vehicle in traffic,On Roadway,Broadside (front to side),FTYROW:  From stop sign,None Indicated,,Daylight,Dry,Clear,None apparent,Intersection:  Four-way intersection,Paved,,Property Damage Only,0,0,0,0,0,0,5000,2,2,,POINT (-93.648589362214 41.555455939881)
2014809619,2014043950,07/29/2014,07-July,3-Tuesday,14:57,1400 Hours,District 1 (Central),,HAMILTON,,Co Rd D20/220TH ST,Non-collision events:  Overturn/rollover,On Roadway,Non-collision (single vehicle),Equipment failure,None Indicated,,Daylight,Dry,Clear,None apparent,Non-intersection:  Non-junction/no special feature,Paved,,Minor Injury,0,1,0,1,0,0,4000,1,1,,POINT (-93.923164159984 42.471965496389)
2014809500,2014008132,07/29/2014,07-July,3-Tuesday,14:04,1400 Hours,District 6 (East Central),IOWA CITY,JOHNSON,,W BENTON ST & E BENTON ST & S CAPITOL ST,Collision with:  Non-motorist (see non-motorist section - NOT a unit),On Roadway,Non-collision (single vehicle),Unknown,None Indicated,,Daylight,Dry,Clear,None apparent,Intersection:  Four-way intersection,Paved,,Possible/Unknown,0,1,0,0,1,0,1000,1,1,,POINT (-91.536271342751 41.651115774548)
2014809356,14111586,07/29/2014,07-July,3-Tuesday,13:48,1300 Hours,District 6 (East Central),,JOHNSON,I-80,I-80 & Co Rd F44/HOOVER HWY NE/HERBERT HOOVER HWY,Collision with:  Vehicle in traffic,On Roadway,Rear-end (front to rear),Other (explain in narrative):  Other,None Indicated,,Daylight,Dry,Clear,None apparent,Non-intersection:  Non-junction/no special feature,Paved,,Property Damage Only,0,0,0,0,0,0,14000,2,2,,POINT (-91.447162304035 41.671247358317)
2014809550,14-1671,07/29/2014,07-July,3-Tuesday,16:43,1600 Hours,District 1 (Central),URBANDALE,POLK,I-35,I-35,Collision with:  Vehicle in traffic,On Roadway,Rear-end (front to rear),Followed too close,None Indicated,,Daylight,Dry,Clear,None apparent,Non-intersection:  Non-junction/no special feature,Paved,,Property Damage Only,0,0,0,0,0,0,5476,2,2,,POINT (-93.776811081302 41.621215514776)
2014812763,14-009157,07/29/2014,07-July,3-Tuesday,19:30,1900 Hours,District 2 (Northeast),WEST UNION,FAYETTE,,WALNUT ST & NO NAME,Collision with fixed object:  Utility pole/light support,Outside trafficway,Non-collision (single vehicle),Unknown,None Indicated,,Daylight,Dry,Clear,None apparent,Non-intersection:  Non-junction/no special feature,Unpaved,,Possible/Unknown,0,1,0,0,1,0,9000,1,1,,POINT (-91.836832699811 43.050254940578)
2014809385,20140021813,07/29/2014,07-July,3-Tuesday,12:39,1200 Hours,District 1 (Central),DES MOINES,POLK,,W MLK JR PKWY & SW 2ND ST,Collision with:  Vehicle in traffic,On Roadway,Rear-end (front to rear),Followed too close,None Indicated,,Daylight,Dry,Cloudy,None apparent,Intersection:  Four-way intersection,Paved,,Possible/Unknown,0,1,0,0,1,0,600,2,2,,POINT (-93.618014773853 41.582285889145)
2014810964,14012828,07/29/2014,07-July,3-Tuesday,06:25,0600 Hours,District 2 (Northeast),MASON CITY,CERRO GORDO,,N EISENHOWER AVE,Collision with:  Animal,Outside trafficway,Non-collision (single vehicle),Animal,None Indicated,,Dawn,Dry,Clear,None apparent,Non-intersection:  Non-junction/no special feature,Paved,,Property Damage Only,0,0,0,0,0,0,3000,1,1,,POINT (-93.260602410605 43.166017648101)
2014810623,20140021865,07/29/2014,07-July,3-Tuesday,21:37,2100 Hours,District 1 (Central),DES MOINES,POLK,,56TH ST,Collision with:  Vehicle in traffic,On Roadway,"Sideswipe, same direction",Improper or erratic lane changing,Drug,,Dark - roadway lighted,Dry,Clear,None apparent,Non-intersection:  Non-junction/no special feature,Paved,,Property Damage Only,0,0,0,0,0,0,4000,2,6,,POINT (-93.693715461262 41.592635717718)
2014809533,20140021847,07/29/2014,07-July,3-Tuesday,17:55,1700 Hours,District 1 (Central),DES MOINES,POLK,US 6,US 6/MERLE HAY RD/HICKMAN RD & MERKLIN WAY,Collision with:  Vehicle in traffic,On Roadway,Rear-end (front to rear),Followed too close,None Indicated,,Daylight,Dry,Cloudy,None apparent,Intersection:  Four-way intersection,Paved,,Property Damage Only,0,0,0,0,0,0,8550,4,6,,POINT (-93.697758630111 41.614886081896)
2014811423,14076097,07/29/2014,07-July,3-Tuesday,16:10,1600 Hours,District 2 (Northeast),CEDAR FALLS,BLACK HAWK,US 218,US 218/SW RAMP/NW RAMP & IA 57/1ST ST,Collision with:  Vehicle in traffic,On Roadway,Rear-end (front to rear),Followed too close,None Indicated,,Daylight,Dry,Clear,None apparent,Intersection:  Intersection with ramp,Paved,,Property Damage Only,0,0,0,0,0,0,1700,2,3,,POINT (-92.429778830759 42.537404793897)
2014810361,14-5759,07/29/2014,07-July,3-Tuesday,20:48,2000 Hours,District 3 (Northwest),,IDA,,150TH ST,,On Roadway,Non-collision (single vehicle),Swerving/Evasive Action,None Indicated,,Daylight,Dry,Clear,None apparent,Non-intersection:  Non-junction/no special feature,Unpaved,,Possible/Unknown,0,1,0,0,1,0,5000,1,1,,POINT (-95.520197284917 42.489338272987)
2014809778,14-1436,07/29/2014,07-July,3-Tuesday,02:25,0200 Hours,District 1 (Central),POLK CITY,POLK,IA 415,IA 415/NW POLK CITY DR & S 14TH ST,Non-collision events:  Overturn/rollover,On Roadway,Non-collision (single vehicle),"Operating vehicle in an reckless, erratic, careless, negligent manner",None Indicated,,Dark - roadway not lighted,Dry,Clear,None apparent,Intersection:  T-intersection,Paved,,Minor Injury,0,1,0,1,0,0,7000,1,1,,POINT (-93.69183244627 41.754252526653)
2014809537,20140021862,07/29/2014,07-July,3-Tuesday,20:54,2000 Hours,District 1 (Central),DES MOINES,POLK,,E 31ST ST,Non-collision events:  Overturn/rollover,On Roadway,Non-collision (single vehicle),"Operating vehicle in an reckless, erratic, careless, negligent manner",None Indicated,,Dark - roadway lighted,Dry,Clear,None apparent,Non-intersection:  Non-junction/no special feature,Paved,,Minor Injury,0,1,0,1,0,0,2000,1,1,,POINT (-93.557458773624 41.595115540823)
2014814248,,07/29/2014,07-July,3-Tuesday,08:18,0800 Hours,District 5 (Southeast),,MUSCATINE,,260TH ST,Collision with:  Vehicle in traffic,On Roadway,Head-on (front to front),Swerving/Evasive Action,None Indicated,,Daylight,Dry,Clear,None apparent,Non-intersection:  Non-junction/no special feature,Unpaved,,Property Damage Only,0,0,0,0,0,0,15000,2,2,,POINT (-91.217675122608 41.375238183285)
2014812550,1407291311,07/29/2014,07-July,3-Tuesday,13:11,1300 Hours,District 6 (East Central),,JONES,,Co Rd E16/CO RD E-16,Collision with:  Vehicle in traffic,On Roadway,"Sideswipe, opposite direction",Equipment failure,None Indicated,,Daylight,Dry,Cloudy,None apparent,Non-intersection:  Non-junction/no special feature,Paved,,Property Damage Only,0,0,0,0,0,0,3500,2,2,,POINT (-91.281890650649 42.22342279362)
2014809525,14-5021,07/29/2014,07-July,3-Tuesday,16:36,1600 Hours,District 1 (Central),GRANGER,POLK,IA 17,IA 17,Collision with:  Vehicle in traffic,On Roadway,"Sideswipe, same direction",FTYROW:  Other (explain in narrative),None Indicated,,Daylight,Dry,Clear,None apparent,Intersection:  T-intersection,Paved,,Possible/Unknown,0,1,0,0,1,0,10000,2,3,,POINT (-93.814713339949 41.766488936437)
2014819339,1407-055,07/29/2014,07-July,3-Tuesday,22:10,2200 Hours,District 3 (Northwest),,OSCEOLA,IA 60,IA 60/IA 60 NE RAMP,Collision with fixed object:  Traffic sign support,Shoulder,Non-collision (single vehicle),"Operating vehicle in an reckless, erratic, careless, negligent manner",None Indicated,,Dark - roadway not lighted,Dry,Clear,None apparent,Interchange-related:  On-ramp,Paved,,Possible/Unknown,0,1,0,0,1,0,8600,1,1,,POINT (-95.750240753451 43.384416548497)
2014810673,14-14416,07/29/2014,07-July,3-Tuesday,17:22,1700 Hours,District 6 (East Central),BETTENDORF,SCOTT,,MIDDLE RD & DEVILS GLEN RD,Collision with:  Vehicle in traffic,On Roadway,"Angle, oncoming left turn",Unknown,None Indicated,,Daylight,Dry,Clear,None apparent,Intersection:  Four-way intersection,Paved,,Property Damage Only,0,0,0,0,0,0,9500,2,5,,POINT (-90.483626634916 41.551575712837)
2014810090,14-009125,07/29/2014,07-July,3-Tuesday,01:38,0100 Hours,District 2 (Northeast),,FAYETTE,,Co Rd V68/W AVE,Collision with:  Animal,,,Animal,None Indicated,,,,,,,Paved,,Property Damage Only,0,0,0,0,0,0,1700,1,1,,POINT (-92.041701602395 42.778181885826)
2014828678,14-003332,07/29/2014,07-July,3-Tuesday,03:10,0300 Hours,District 4 (Southwest),CARTER LAKE,POTTAWATTAMIE,,E LOCUST ST,Collision with fixed object:  Curb/island/raised median,Median,Non-collision (single vehicle),Unknown,None Indicated,,Dark - roadway lighted,Dry,Clear,None apparent,Intersection:  T-intersection,Paved,,Property Damage Only,0,0,0,0,0,0,3000,1,1,,POINT (-95.912790981412 41.284923948171)
2014812330,2014044000,07/29/2014,07-July,3-Tuesday,19:26,1900 Hours,District 4 (Southwest),,POTTAWATTAMIE,I-680,I-680,Non-collision events:  Overturn/rollover,On Roadway,Non-collision (single vehicle),Ran off road - left,None Indicated,,Daylight,Dry,Clear,None apparent,Non-intersection:  Non-junction/no special feature,Paved,,Major Injury,0,1,1,0,0,0,6000,1,1,,POINT (-95.824047558768 41.493010465787)
2014809549,14-1669,07/29/2014,07-July,3-Tuesday,15:45,1500 Hours,District 1 (Central),URBANDALE,POLK,,AURORA AVE,Collision with:  Vehicle in traffic,On Roadway,Rear-end (front to rear),Other (explain in narrative):  Other,None Indicated,,Daylight,Dry,Cloudy,None apparent,Non-intersection:  Non-junction/no special feature,Paved,,Possible/Unknown,0,1,0,0,1,0,5500,3,3,,POINT (-93.69866599819 41.636677937356)
2014810371,201400002642,07/29/2014,07-July,3-Tuesday,22:25,2200 Hours,District 6 (East Central),,LINN,,Co Rd E34/COUNTY HOME RD & N MENTZER RD,Collision with:  Vehicle in traffic,On Roadway,Rear-end (front to rear),Followed too close,None Indicated,,Dark - roadway lighted,Dry,Clear,None apparent,Non-intersection:  Non-junction/no special feature,Paved,,Property Damage Only,0,0,0,0,0,0,6500,2,3,,POINT (-91.653452419372 42.094943251718)
2014809721,14-0895,07/29/2014,07-July,3-Tuesday,15:05,1500 Hours,District 4 (Southwest),WEST DES MOINES,DALLAS,,UNIVERSITY AVE,Collision with:  Vehicle in traffic,On Roadway,Rear-end (front to rear),Followed too close,None Indicated,,Daylight,Dry,Clear,Work Zone (roadway-related),Non-intersection:  Non-junction/no special feature,Paved,Yes,Property Damage Only,0,0,0,0,0,0,2000,2,3,,POINT (-93.799001592347 41.600445994608)
2014809760,14-24501,07/29/2014,07-July,3-Tuesday,21:20,2100 Hours,District 3 (Northwest),SIOUX CITY,WOODBURY,,CHEYENNE BLVD,Non-collision events:  Other non-collision (explain in narrative),On Roadway,Non-collision (single vehicle),Other (explain in narrative):  No improper action,None Indicated,,Dark - roadway lighted,Dry,Clear,None apparent,Non-intersection:  Non-junction/no special feature,Paved,,Property Damage Only,0,0,0,0,0,0,1800,1,1,,POINT (-96.393603513262 42.528925402592)
2014809527,14-003243,07/29/2014,07-July,3-Tuesday,16:15,1600 Hours,District 1 (Central),ANKENY,POLK,IA 160,IA 160/SE ORALABOR RD,Collision with:  Vehicle in traffic,On Roadway,Broadside (front to side),FTYROW:  From stop sign,None Indicated,,Daylight,Dry,Clear,None apparent,Intersection:  T-intersection,Paved,,Property Damage Only,0,0,0,0,0,0,9000,2,2,,POINT (-93.594914105617 41.702887675034)
2014811069,2014-52570,07/29/2014,07-July,3-Tuesday,10:51,1000 Hours,District 6 (East Central),DAVENPORT,SCOTT,,W 57TH ST,Collision with:  Parked motor vehicle,On Roadway,Unknown,Unknown,None Indicated,,Daylight,Dry,Clear,None apparent,Non-intersection:  Non-junction/no special feature,Paved,,Property Damage Only,0,0,0,0,0,0,1500,2,1,,POINT (-90.582321545364 41.579308553202)
2014809600,14-24399,07/29/2014,07-July,3-Tuesday,05:50,0500 Hours,District 3 (Northwest),SIOUX CITY,WOODBURY,IA 376,IA 376/LEWIS BLVD,Collision with:  Animal,,,Animal,None Indicated,,,,,,,Paved,,Property Damage Only,0,0,0,0,0,0,4000,1,1,,POINT (-96.37832480418 42.502967215246)
2014810953,,07/29/2014,07-July,3-Tuesday,13:30,1300 Hours,District 2 (Northeast),,WINNESHIEK,,Co Rd W40/CO RD W40,Collision with:  Animal,On Roadway,Non-collision (single vehicle),Animal,None Indicated,,Daylight,Dry,Clear,None apparent,Non-intersection:  Non-junction/no special feature,Paved,,Property Damage Only,0,0,0,0,0,0,2500,1,1,,POINT (-91.766041714995 43.472024867059)
2014810329,2014044025,07/29/2014,07-July,3-Tuesday,23:45,2300 Hours,District 6 (East Central),,JOHNSON,US 218,US 218/NW LOOP,Collision with:  Vehicle in traffic,On Roadway,Non-collision (single vehicle),Animal,None Indicated,,Dark - roadway not lighted,Dry,Clear,None apparent,Non-intersection:  Non-junction/no special feature,Paved,,Property Damage Only,0,0,0,0,0,0,8000,1,1,,POINT (-91.550664798974 41.612766667936)
2014810177,CL14002658,07/29/2014,07-July,3-Tuesday,19:06,1900 Hours,District 6 (East Central),CLINTON,CLINTON,,13TH AVE N & N 3RD ST,Collision with:  Vehicle in traffic,On Roadway,Rear-end (front to rear),Lost Control,None Indicated,,Daylight,Dry,Clear,None apparent,Intersection:  Four-way intersection,Paved,,Possible/Unknown,0,1,0,0,1,0,2500,2,3,,POINT (-90.187379632751 41.859128535815)
2014811504,2014043938,07/29/2014,07-July,3-Tuesday,14:10,1400 Hours,District 1 (Central),ANKENY,POLK,I-35,I-35 & I-80 & I-235,Collision with:  Vehicle in traffic,On Roadway,"Sideswipe, same direction",Crossed centerline (undivided),None Indicated,,Daylight,Dry,Cloudy,None apparent,Intersection:  Intersection with ramp,Paved,,Property Damage Only,0,0,0,0,0,0,4500,2,2,,POINT (-93.575663968447 41.6521225026)
2014809702,201410967,07/29/2014,07-July,3-Tuesday,15:24,1500 Hours,District 6 (East Central),CEDAR RAPIDS,LINN,,MOUNT VERNON RD SE,Collision with:  Non-motorist (see non-motorist section - NOT a unit),On Roadway,Non-collision (single vehicle),Unknown,None Indicated,,Daylight,Dry,Clear,None apparent,Non-intersection:  Driveway access (within),Paved,,Major Injury,0,1,1,0,0,0,2000,1,1,,POINT (-91.624548781342 41.976878545634)
2014810461,145417,07/29/2014,07-July,3-Tuesday,18:10,1800 Hours,District 4 (Southwest),,DALLAS,,R AVE,Non-collision events:  Overturn/rollover,On Roadway,Non-collision (single vehicle),Crossed centerline (undivided),None Indicated,,Daylight,Dry,Clear,Unknown,Non-intersection:  Non-junction/no special feature,Unpaved,,Minor Injury,0,1,0,1,0,0,5000,1,1,,POINT (-93.954770577827 41.504285707854)
2014809501,2014008136,07/29/2014,07-July,3-Tuesday,15:08,1500 Hours,District 6 (East Central),IOWA CITY,JOHNSON,,E COURT ST & S 7TH AVE,Collision with:  Vehicle in traffic,On Roadway,Broadside (front to side),Ran Stop Sign,None Indicated,,Daylight,Dry,Clear,None apparent,Intersection:  Four-way intersection,Paved,,Possible/Unknown,0,1,0,0,1,0,2500,2,2,,POINT (-91.511595414166 41.65675236134)