Iowa DOT Case Number,Law Enforcement Case Number,Date of Crash,Month of Crash,Day of Week,Time of Crash,Hour,DOT District,City Name,County Name,Route with System,Location Description,First Harmful Event,Location of First Harmful Event,Manner of Crash/Collision,Major Cause,Drug or Alcohol ,Environmental Conditions,Light Conditions,Surface Conditions,Weather Conditions,Roadway Contribution,Roadway Type,Roadway Surface,Work Zone,Crash Severity,Number of Fatalities,Number of Injuries,Number of Major Injuries,Number of Minor Injuries,Number of Possible Injuries,Number of Unknown Injuries,Amount of Property Damage,Number of Vehicles Involved,Total Number of Occupants,Travel Direction,Location
2014809491,01-14-33549,07/29/2014,07-July,3-Tuesday,14:48,1400 Hours,District 6 (East Central),DUBUQUE,DUBUQUE,US 20,US 20/DODGE ST,Collision with:  Vehicle in traffic,On Roadway,Rear-end (front to rear),Followed too close,None Indicated,,Daylight,Dry,Cloudy,None apparent,Non-intersection:  Non-junction/no special feature,Paved,,Minor Injury,0,1,0,1,0,0,5450,4,11,,POINT (-90.743075282019 42.48749789612)
2014809393,20140021783,07/29/2014,07-July,3-Tuesday,07:50,0700 Hours,District 1 (Central),DES MOINES,POLK,I-235,I-235,Collision with:  Vehicle in traffic,On Roadway,Rear-end (front to rear),Other (explain in narrative):  Other,None Indicated,,Daylight,Dry,Clear,None apparent,Non-intersection:  Non-junction/no special feature,Paved,,Minor Injury,0,2,0,2,0,0,14500,3,4,,POINT (-93.62294307768 41.595779173794)
2014810077,14V07181,07/29/2014,07-July,3-Tuesday,20:01,2000 Hours,District 6 (East Central),VINTON,BENTON,,W 4TH ST,Collision with:  Vehicle in traffic,On Roadway,"Sideswipe, same direction",Other (explain in narrative):  Other,None Indicated,,Daylight,Dry,Clear,Traffic control obscured,Intersection:  Four-way intersection,Paved,,Property Damage Only,0,0,0,0,0,0,5000,2,4,,POINT (-92.037457773267 42.167849709546)
2014809479,W14-076076,07/29/2014,07-July,3-Tuesday,14:55,1400 Hours,District 2 (Northeast),WATERLOO,BLACK HAWK,US 63,US 63/E MULLAN AVE & CONGER ST & NEWELL ST,Collision with:  Vehicle in traffic,On Roadway,Rear-end (front to rear),Followed too close,None Indicated,,Daylight,Dry,Clear,Work Zone (roadway-related),Intersection:  Four-way intersection,Paved,Yes,Property Damage Only,0,0,0,0,0,0,8500,3,3,,POINT (-92.336657117898 42.513155315573)
2014895491,066-14,07/29/2014,07-July,3-Tuesday,17:44,1700 Hours,District 4 (Southwest),,MADISON,,Co Rd G4R/CUMMING RD,Collision with fixed object:  Ditch,Shoulder,Non-collision (single vehicle),Swerving/Evasive Action,None Indicated,,Daylight,Dry,Clear,None apparent,Non-intersection:  Non-junction/no special feature,Paved,,Property Damage Only,0,0,0,0,0,0,3001,1,1,,POINT (-93.963066297412 41.40177573806)
2014809701,201410935,07/29/2014,07-July,3-Tuesday,00:17,0000 Hours,District 6 (East Central),CEDAR RAPIDS,LINN,,C AVE NW,Collision with fixed object:  Curb/island/raised median,Outside trafficway,Non-collision (single vehicle),"Operating vehicle in an reckless, erratic, careless, negligent manner",Alcohol (Statutory),,Dark - roadway lighted,Dry,Clear,None apparent,Intersection:  Four-way intersection,Paved,,Possible/Unknown,0,1,0,0,1,0,10000,1,1,,POINT (-91.684628341106 41.975943581408)
2014809394,20140021785,07/29/2014,07-July,3-Tuesday,08:45,0800 Hours,District 1 (Central),DES MOINES,POLK,US 69,US 69/SE 14TH ST & MAURY ST,Collision with:  Vehicle in traffic,On Roadway,Rear-end (front to rear),Other (explain in narrative):  Other,None Indicated,,Daylight,Dry,Clear,None apparent,Intersection:  Four-way intersection,Paved,,Possible/Unknown,0,1,0,0,1,0,1500,2,2,,POINT (-93.596867424874 41.581253693225)
2014811050,2014-52703,07/29/2014,07-July,3-Tuesday,21:33,2100 Hours,District 6 (East Central),DAVENPORT,SCOTT,US 6,US 6/W KIMBERLY RD & HILLANDALE RD,Collision with:  Non-motorist (see non-motorist section - NOT a unit),On Roadway,Non-collision (single vehicle),Other (explain in narrative):  Other,None Indicated,,Dark - roadway lighted,Dry,Clear,None apparent,Intersection:  Four-way intersection,Paved,,Possible/Unknown,0,1,0,0,1,0,0,1,1,,POINT (-90.619845494497 41.560250803008)
2014809524,14-5024,07/29/2014,07-July,3-Tuesday,20:50,2000 Hours,District 1 (Central),JOHNSTON,POLK,,SAYLORVILLE RES,Collision with fixed object:  Bridge overhead structure,Shoulder,Non-collision (single vehicle),Ran off road - right,None Indicated,,Dark - roadway not lighted,Dry,Clear,None apparent,Non-intersection:  Non-junction/no special feature,Paved,,Property Damage Only,0,0,0,0,0,0,7000,1,2,,POINT (-93.689211570847 41.702631036281)
2014810819,2014043958,07/29/2014,07-July,3-Tuesday,16:08,1600 Hours,District 2 (Northeast),CHARLES CITY,FLOYD,US 18,US 18 & Co Rd T66/UNDERWOOD AVE,Collision with:  Vehicle in traffic,On Roadway,Rear-end (front to rear),FTYROW:  Other (explain in narrative),None Indicated,,Daylight,Dry,Clear,None apparent,Intersection:  Four-way intersection,Paved,,Minor Injury,0,1,0,1,0,0,20000,2,6,,POINT (-92.633541005522 43.067015917975)
2014809461,ACC14-018,07/29/2014,07-July,3-Tuesday,11:25,1100 Hours,District 2 (Northeast),CRESCO,HOWARD,,4TH AVE W,Collision with:  Vehicle in traffic,On Roadway,Broadside (front to side),FTYROW:  From driveway,None Indicated,,Daylight,Dry,Cloudy,None apparent,Non-intersection:  Driveway access (within),Unpaved,,Property Damage Only,0,0,0,0,0,0,3100,2,2,,POINT (-92.122566550535 43.376583999624)
2014809592,14-0420,07/29/2014,07-July,3-Tuesday,00:00,0000 Hours,District 1 (Central),,WEBSTER,,SAMSON AVE,Collision with fixed object:  Ditch,On Roadway,Non-collision (single vehicle),Swerving/Evasive Action,None Indicated,,Dark - roadway not lighted,"Mud, dirt",Clear,None apparent,Non-intersection:  Non-junction/no special feature,Unpaved,,Property Damage Only,0,0,0,0,0,0,5000,1,1,,POINT (-94.0480285869 42.299139777882)
2014810680,2014-52666,07/29/2014,07-July,3-Tuesday,19:04,1900 Hours,District 6 (East Central),DAVENPORT,SCOTT,,E LOCUST ST,Collision with:  Vehicle in traffic,On Roadway,Broadside (front to side),FTYROW:  Making left turn,None Indicated,,Daylight,Dry,Clear,None apparent,Non-intersection:  Driveway access (within),Paved,,Property Damage Only,0,0,0,0,0,0,8000,2,3,,POINT (-90.569095055739 41.538275656491)
2014809523,SO14001811,07/29/2014,07-July,3-Tuesday,20:15,2000 Hours,District 3 (Northwest),,PLYMOUTH,,Co Rd C16/130TH ST & MAHOGANY AVE,Non-collision events:  Other non-collision (explain in narrative),On Roadway,Non-collision (single vehicle),Ran off road - right,None Indicated,,Daylight,Other (explain in narrative),Clear,"Surface condition (e.g., wet, icy)",Non-intersection:  Non-junction/no special feature,Unpaved,,Possible/Unknown,0,2,0,0,2,0,1000,1,2,,POINT (-96.154954565933 42.866034777709)
2014810463,N14000384,07/29/2014,07-July,3-Tuesday,17:49,1700 Hours,District 6 (East Central),NORTH LIBERTY,JOHNSON,I-380,I-380 & Co Rd F28/250TH ST,Collision with:  Vehicle in traffic,On Roadway,Rear-end (front to rear),Followed too close,None Indicated,,Daylight,Dry,Cloudy,None apparent,Non-intersection:  Other non-intersection (explain in narrative),Paved,,Property Damage Only,0,0,0,0,0,0,1600,2,3,,POINT (-91.642197219711 41.752446066482)
2014809637,14004995,07/29/2014,07-July,3-Tuesday,06:59,0600 Hours,District 2 (Northeast),,KOSSUTH,US 169,US 169,Collision with:  Vehicle in traffic,On Roadway,Head-on (front to front),Crossed centerline (undivided),None Indicated,,Daylight,Dry,Clear,None apparent,Non-intersection:  Non-junction/no special feature,Paved,,Major Injury,0,2,2,0,0,0,7000,2,2,,POINT (-94.135518426578 43.386072275215)
2014810878,14-1662,07/29/2014,07-July,3-Tuesday,09:58,0900 Hours,District 1 (Central),URBANDALE,POLK,I-35,I-35 & 86TH ST,Collision with:  Vehicle in traffic,On Roadway,"Sideswipe, same direction",Made improper turn,None Indicated,,Daylight,Dry,Clear,None apparent,Intersection:  Four-way intersection,Paved,,Property Damage Only,0,0,0,0,0,0,3500,2,3,,POINT (-93.736463444419 41.650457095749)
2014809556,14-031706,07/29/2014,07-July,3-Tuesday,16:45,1600 Hours,District 4 (Southwest),COUNCIL BLUFFS,POTTAWATTAMIE,I-29,I-29,Collision with:  Vehicle in traffic,On Roadway,"Sideswipe, same direction",Lost Control,None Indicated,,Daylight,Dry,Clear,None apparent,Non-intersection:  Non-junction/no special feature,Paved,,Possible/Unknown,0,1,0,0,1,0,38000,2,2,,POINT (-95.906256396208 41.269787562278)
2014811399,14-006842,07/29/2014,07-July,3-Tuesday,15:48,1500 Hours,District 6 (East Central),INDEPENDENCE,BUCHANAN,IA 150,IA 150/3RD AVE SE & 6TH ST SE,Collision with:  Animal,,,Animal,None Indicated,,,,,,,Paved,,Property Damage Only,0,0,0,0,0,0,2500,1,1,,POINT (-91.891652348342 42.463569890097)
2014809386,20140021802,07/29/2014,07-July,3-Tuesday,11:35,1100 Hours,District 1 (Central),DES MOINES,POLK,,WATROUS AVE,Collision with fixed object:  Other fixed object (explain in narrative),On Roadway,Non-collision (single vehicle),Other (explain in narrative):  No improper action,None Indicated,,Daylight,Dry,Cloudy,Work Zone (roadway-related),Non-intersection:  Non-junction/no special feature,Paved,Yes,Possible/Unknown,0,1,0,0,1,0,5000,1,2,,POINT (-93.632629955601 41.548212906162)
2014811945,106-2014,07/29/2014,07-July,3-Tuesday,06:37,0600 Hours,District 4 (Southwest),,HARRISON,,Co Rd F32/194TH ST & Co Rd L66/TOLEDO AVE,Collision with:  Vehicle in traffic,On Roadway,Broadside (front to side),Ran Stop Sign,None Indicated,,Daylight,Dry,Cloudy,None apparent,Intersection:  Four-way intersection,Paved,,Minor Injury,0,1,0,1,0,0,10000,2,2,,POINT (-95.61536826088 41.725417044921)
2014810327,2014044002,07/29/2014,07-July,3-Tuesday,20:18,2000 Hours,District 2 (Northeast),,ALLAMAKEE,IA 76,IA 76/IOWA 76,Collision with:  Vehicle in traffic,On Roadway,"Sideswipe, opposite direction",Crossed centerline (undivided),None Indicated,,Dark - roadway not lighted,Dry,Cloudy,None apparent,Non-intersection:  Non-junction/no special feature,Paved,,Possible/Unknown,0,1,0,0,1,0,13000,2,2,,POINT (-91.192797280909 43.089836161667)
2014819733,14-031874,07/29/2014,07-July,3-Tuesday,17:39,1700 Hours,District 5 (Southeast),,MUSCATINE,US 61,US 61 & IA 22/IOWA 22,Collision with:  Vehicle in traffic,On Roadway,Head-on (front to front),Made improper turn,None Indicated,,Daylight,Dry,Clear,None apparent,Intersection:  Four-way intersection,Paved,,Minor Injury,0,1,0,1,0,0,20000,2,2,,POINT (-91.091927782383 41.436161922443)
2014810328,2014044019,07/29/2014,07-July,3-Tuesday,22:32,2200 Hours,District 3 (Northwest),OKOBOJI,DICKINSON,US 71,US 71 & 175TH ST & BROOKS NORTH LN,Collision with:  Vehicle in traffic,On Roadway,"Angle, oncoming left turn",FTYROW:  Making left turn,None Indicated,,Dark - roadway lighted,Dry,Clear,None apparent,Intersection:  Four-way intersection,Paved,,Possible/Unknown,0,1,0,0,1,0,11500,2,6,,POINT (-95.127204656688 43.393037203794)
2014810370,2014-2640,07/29/2014,07-July,3-Tuesday,20:23,2000 Hours,District 6 (East Central),,LINN,,Co Rd E70/WRIGHT BROTHER S BLVD & Co Rd W6E/ELY RD & MABIE RD,Collision with:  Vehicle in traffic,On Roadway,Broadside (front to side),Swerving/Evasive Action,None Indicated,,Dusk,Dry,Clear,None apparent,Non-intersection:  Non-junction/no special feature,Paved,,Property Damage Only,0,0,0,0,0,0,5000,2,2,,POINT (-91.600261934464 41.889825517027)
2014809557,14-031746,07/29/2014,07-July,3-Tuesday,20:52,2000 Hours,District 4 (Southwest),COUNCIL BLUFFS,POTTAWATTAMIE,,4TH AVE & S 18TH ST,Collision with:  Vehicle in traffic,On Roadway,Broadside (front to side),FTYROW:  At uncontrolled intersection,None Indicated,,Dusk,Dry,Clear,None apparent,Intersection:  Four-way intersection,Paved,,Property Damage Only,0,0,0,0,0,0,4000,2,4,,POINT (-95.870782273803 41.257880324116)
2014811932,02029,07/29/2014,07-July,3-Tuesday,18:19,1800 Hours,District 6 (East Central),DYERSVILLE,DUBUQUE,IA 136,IA 136/11TH ST SE,Collision with:  Vehicle in traffic,On Roadway,Rear-end (front to rear),Swerving/Evasive Action,None Indicated,,Daylight,Dry,Clear,None apparent,Intersection:  Four-way intersection,Paved,,Possible/Unknown,0,1,0,0,1,0,4000,2,2,,POINT (-91.110701512527 42.482965682689)
2014809481,14004690,07/29/2014,07-July,3-Tuesday,21:15,2100 Hours,District 2 (Northeast),,CERRO GORDO,,Co Rd B20/300TH ST,Collision with:  Animal,,,Animal,None Indicated,,,,,,,Paved,,Property Damage Only,0,0,0,0,0,0,5000,1,1,,POINT (-93.212453925831 43.191132529762)
2014810818,2014043922,07/29/2014,07-July,3-Tuesday,13:36,1300 Hours,District 1 (Central),DES MOINES,POLK,US 69,US 69/E 15TH ST & DES MOINES ST,Collision with:  Vehicle in traffic,On Roadway,Rear-end (front to rear),Followed too close,None Indicated,,Daylight,Dry,Clear,None apparent,Non-intersection:  Non-junction/no special feature,Paved,,Property Damage Only,0,0,0,0,0,0,3000,2,2,,POINT (-93.595686136974 41.594995886169)
2014809704,201410984,07/29/2014,07-July,3-Tuesday,18:35,1800 Hours,District 6 (East Central),CEDAR RAPIDS,LINN,,16TH AVE SW & L ST SW,Collision with:  Vehicle in traffic,On Roadway,Broadside (front to side),Ran Stop Sign,None Indicated,,Daylight,Dry,Clear,None apparent,Intersection:  Other intersection (explain in narrative),Paved,,Possible/Unknown,0,2,0,0,2,0,5500,2,3,,POINT (-91.671502393286 41.961715322478)
2014809526,14-003242,07/29/2014,07-July,3-Tuesday,16:07,1600 Hours,District 1 (Central),ANKENY,POLK,IA 160,IA 160/SW ORALABOR RD & SW SNYDER BLVD,Collision with:  Vehicle in traffic,On Roadway,"Angle, oncoming left turn",FTYROW:  Making left turn,None Indicated,,Daylight,Dry,Clear,None apparent,Intersection:  Four-way intersection,Paved,,Minor Injury,0,2,0,2,0,0,22000,2,2,,POINT (-93.607401892101 41.702903413493)
2014809391,20140021804,07/29/2014,07-July,3-Tuesday,12:00,1200 Hours,District 1 (Central),DES MOINES,POLK,,ARMY POST RD,Collision with fixed object:  Utility pole/light support,On Roadway,Non-collision (single vehicle),Ran off road - right,None Indicated,,Daylight,Dry,Clear,None apparent,Non-intersection:  Non-junction/no special feature,Paved,,Property Damage Only,0,0,0,0,0,0,3200,1,1,,POINT (-93.624627151275 41.526476931473)
2014811503,2014043902,07/29/2014,07-July,3-Tuesday,11:50,1100 Hours,District 4 (Southwest),WEST DES MOINES,DALLAS,I-80,I-80,Collision with fixed object:  Guardrail - face,On Roadway,Non-collision (single vehicle),Swerving/Evasive Action,None Indicated,,Daylight,Dry,Cloudy,None apparent,Non-intersection:  Non-junction/no special feature,Paved,,Property Damage Only,0,0,0,0,0,0,10000,1,4,,POINT (-93.826404705569 41.5831656201)
2014809543,20140021870,07/29/2014,07-July,3-Tuesday,22:10,2200 Hours,District 1 (Central),DES MOINES,POLK,,24TH ST,Collision with fixed object:  Utility pole/light support,Outside trafficway,Non-collision (single vehicle),Ran off road - right,None Indicated,,Dark - roadway lighted,Dry,Clear,None apparent,Non-intersection:  Non-junction/no special feature,Paved,,Minor Injury,0,1,0,1,0,0,3000,1,1,,POINT (-93.649662532614 41.58597552902)
2014810091,14-009144,07/29/2014,07-July,3-Tuesday,16:50,1600 Hours,District 2 (Northeast),MAYNARD,FAYETTE,IA 150,IA 150/P AVE,Collision with:  Vehicle in traffic,On Roadway,"Sideswipe, same direction",Other (explain in narrative):  Other,None Indicated,,Daylight,Dry,Clear,None apparent,Non-intersection:  Non-junction/no special feature,Paved,,Possible/Unknown,0,1,0,0,1,0,7000,2,3,,POINT (-91.902220309412 42.77046383352)
2014810431,2014-52702,07/29/2014,07-July,3-Tuesday,20:42,2000 Hours,District 6 (East Central),DAVENPORT,SCOTT,,UTICA RIDGE RD,Collision with:  Animal,On Roadway,Non-collision (single vehicle),Animal,None Indicated,,Dark - roadway not lighted,Dry,Clear,None apparent,Non-intersection:  Non-junction/no special feature,Paved,,Property Damage Only,0,0,0,0,0,0,3000,1,2,,POINT (-90.504839352996 41.603500245958)
2014813668,2014-52566,07/29/2014,07-July,3-Tuesday,10:27,1000 Hours,District 6 (East Central),DAVENPORT,SCOTT,,E 15TH ST & IOWA ST,Collision with:  Vehicle in traffic,On Roadway,Broadside (front to side),Ran Stop Sign,None Indicated,,Daylight,Dry,Clear,None apparent,Intersection:  Four-way intersection,Paved,,Property Damage Only,0,0,0,0,0,0,5000,2,2,,POINT (-90.569681852351 41.535090792797)
2014810519,02-14-11425,07/29/2014,07-July,3-Tuesday,14:29,1400 Hours,District 6 (East Central),,DUBUQUE,,OLDE HAWKEYE RD & WUCHTER RD,Collision with fixed object:  Ditch,On Roadway,Non-collision (single vehicle),Exceeded authorized speed,None Indicated,,Daylight,Dry,Clear,None apparent,Non-intersection:  Non-junction/no special feature,Paved,,Possible/Unknown,0,1,0,0,1,0,3100,1,1,,POINT (-91.077542084999 42.468446613179)
2014810672,14-14403,07/29/2014,07-July,3-Tuesday,13:17,1300 Hours,District 6 (East Central),BETTENDORF,SCOTT,US 67,US 67/S GRANT ST,Collision with:  Vehicle in traffic,On Roadway,Rear-end (front to rear),Lost Control,None Indicated,,Daylight,Dry,Cloudy,None apparent,Non-intersection:  Non-junction/no special feature,Paved,,Property Damage Only,0,0,0,0,0,0,8500,2,3,,POINT (-90.52428960876 41.525646960067)
2014809531,20140021835,07/29/2014,07-July,3-Tuesday,16:36,1600 Hours,District 1 (Central),DES MOINES,POLK,,CHERRY ST & 8TH ST,Collision with:  Vehicle in traffic,On Roadway,Rear-end (front to rear),Lost Control,None Indicated,,Daylight,Dry,Cloudy,None apparent,Non-intersection:  Other non-intersection (explain in narrative),Paved,,Possible/Unknown,0,1,0,0,1,0,25000,3,3,,POINT (-93.626376088465 41.583501655786)
2014810326,2014043937,07/29/2014,07-July,3-Tuesday,12:30,1200 Hours,District 2 (Northeast),ELKPORT,CLAYTON,,CO RD X3C,Collision with fixed object:  Other fixed object (explain in narrative),On Roadway,Non-collision (single vehicle),Crossed centerline (undivided),None Indicated,,Daylight,Dry,Cloudy,Work Zone (roadway-related),Non-intersection:  Non-junction/no special feature,Paved,Yes,Major Injury,0,1,1,0,0,0,2000,1,1,,POINT (-91.279486844693 42.737675507824)
2014809703,201410978,07/29/2014,07-July,3-Tuesday,17:25,1700 Hours,District 6 (East Central),CEDAR RAPIDS,LINN,,29TH ST NE,Collision with:  Vehicle in traffic,On Roadway,Broadside (front to side),FTYROW:  From driveway,None Indicated,,Daylight,Dry,Clear,None apparent,Non-intersection:  Driveway access (within),Paved,,Property Damage Only,0,0,0,0,0,0,5500,2,3,,POINT (-91.635498295024 42.006171982337)
2014810139,14-26461,07/29/2014,07-July,3-Tuesday,13:39,1300 Hours,District 5 (Southeast),BURLINGTON,DES MOINES,US 61,US 61 & DIVISION ST,Collision with:  Vehicle in traffic,On Roadway,Broadside (front to side),Ran Traffic Signal,None Indicated,,Daylight,Dry,Clear,None apparent,Intersection:  Four-way intersection,Paved,,Possible/Unknown,0,1,0,0,1,0,13000,2,3,,POINT (-91.141490761185 40.807671643824)
2014809687,C14002342,07/29/2014,07-July,3-Tuesday,12:01,1200 Hours,District 6 (East Central),CORALVILLE,JOHNSON,,12TH AVE,Collision with:  Vehicle in traffic,On Roadway,Rear-end (front to rear),Driving too fast for conditions,None Indicated,,Daylight,Dry,Clear,None apparent,Non-intersection:  Non-junction/no special feature,Paved,,Property Damage Only,0,0,0,0,0,0,3000,2,2,,POINT (-91.580423358584 41.677573399617)
2014809691,2014008135,07/29/2014,07-July,3-Tuesday,15:04,1500 Hours,District 6 (East Central),IOWA CITY,JOHNSON,,BOWERY ST & DODGE ST,Collision with:  Vehicle in traffic,On Roadway,Broadside (front to side),Ran Stop Sign,None Indicated,,Daylight,Dry,Clear,None apparent,Intersection:  Four-way intersection,Paved,,Property Damage Only,0,0,0,0,0,0,4400,2,3,,POINT (-91.525839447072 41.654107812168)
2014810469,14-000873,07/29/2014,07-July,3-Tuesday,16:20,1600 Hours,District 1 (Central),JOHNSTON,POLK,,MERLE HAY RD,Collision with:  Non-motorist (see non-motorist section - NOT a unit),On Roadway,Non-collision (single vehicle),Unknown,None Indicated,,Daylight,Dry,Clear,Work Zone (roadway-related),Non-intersection:  Non-junction/no special feature,Paved,Yes,Possible/Unknown,0,1,0,0,1,0,0,1,1,,POINT (-93.697708878985 41.653689244341)
2014815522,14004567,07/29/2014,07-July,3-Tuesday,20:22,2000 Hours,District 3 (Northwest),,CHEROKEE,,M AVE,Collision with fixed object:  Ditch,On Roadway,Non-collision (single vehicle),Swerving/Evasive Action,Alcohol (Statutory),,Daylight,"Mud, dirt",Clear,None apparent,Non-intersection:  Non-junction/no special feature,Unpaved,,Major Injury,0,2,1,1,0,0,2500,1,2,,POINT (-95.623356684706 42.675927603014)
2014810714,14-003504,07/29/2014,07-July,3-Tuesday,15:05,1500 Hours,District 1 (Central),SHELDAHL,STORY,,9TH ST & E 9TH ST & DUFF AVE,Collision with:  Vehicle in traffic,On Roadway,Rear-end (front to rear),Followed too close,None Indicated,,Daylight,Dry,Clear,None apparent,Intersection:  Four-way intersection,Paved,,Possible/Unknown,0,1,0,0,1,0,3000,3,4,,POINT (-93.61053133217 42.030122651421)
2014826437,14-5378,07/29/2014,07-July,3-Tuesday,02:40,0200 Hours,District 6 (East Central),LE CLAIRE,SCOTT,I-80,I-80,Collision with fixed object:  Guardrail - face,On Roadway,Non-collision (single vehicle),Ran off road - straight,Refused,,Dark - roadway not lighted,Dry,Clear,None apparent,Interchange-related:  On-ramp,Paved,,Property Damage Only,0,0,0,0,0,0,5000,1,1,,POINT (-90.371078474071 41.586539864334)
2014810334,,07/29/2014,07-July,3-Tuesday,07:48,0700 Hours,District 5 (Southeast),LEON,DECATUR,IA 2,IA 2/IOWA 2 & Co Rd R52/LINEVILLE RD & 262ND AVE,Collision with:  Vehicle in traffic,On Roadway,Broadside (front to side),Other (explain in narrative):  Vision obstructed,None Indicated,,Daylight,Dry,,None apparent,Intersection:  T-intersection,Paved,,Property Damage Only,0,0,0,0,0,0,2000,2,2,,POINT (-93.705312764782 40.742905567738)
2014809582,2014-52626,07/29/2014,07-July,3-Tuesday,15:08,1500 Hours,District 6 (East Central),DAVENPORT,SCOTT,,S ELMWOOD AVE,Collision with:  Vehicle in traffic,On Roadway,Rear-end (front to rear),Followed too close,None Indicated,,Daylight,Dry,Clear,None apparent,Non-intersection:  Non-junction/no special feature,Paved,,Possible/Unknown,0,1,0,0,1,0,0,2,2,,POINT (-90.613809585599 41.514084710462)
2014809752,14-0422,07/29/2014,07-July,3-Tuesday,21:00,2100 Hours,District 1 (Central),FORT DODGE,WEBSTER,,170TH ST,Collision with:  Animal,,,Animal,None Indicated,,,,,,,Paved,,Property Damage Only,0,0,0,0,0,0,3000,1,1,,POINT (-94.170561071444 42.544389952696)
2014810333,,07/29/2014,07-July,3-Tuesday,23:09,2300 Hours,District 6 (East Central),CEDAR RAPIDS,LINN,,10TH ST NW,Collision with:  Vehicle in traffic,On Roadway,Rear-end (front to rear),Unknown,None Indicated,,Dark - roadway lighted,Dry,Clear,,Non-intersection:  Driveway access (within),Paved,,Property Damage Only,0,0,0,0,0,0,2600,2,2,,POINT (-91.684868078998 41.973091282193)
2014828325,14070723,07/29/2014,07-July,3-Tuesday,21:24,2100 Hours,District 5 (Southeast),OTTUMWA,WAPELLO,US 63,US 63,Collision with:  Animal,,Non-collision (single vehicle),Animal,None Indicated,,,,,,,Paved,,Property Damage Only,0,0,0,0,0,0,10000,1,2,,POINT (-92.399151084771 41.08953244322)
2014809536,20140021855,07/29/2014,07-July,3-Tuesday,19:05,1900 Hours,District 1 (Central),DES MOINES,POLK,,CROCKER ST & 19TH ST & COTTAGE GROVE AVE,Collision with:  Vehicle in traffic,On Roadway,Broadside (front to side),Ran Stop Sign,None Indicated,,Daylight,Dry,Clear,None apparent,Intersection:  Four-way intersection,Paved,,Property Damage Only,0,0,0,0,0,0,8000,2,2,,POINT (-93.642514665768 41.593482702523)
2014809636,2014043826,07/29/2014,07-July,3-Tuesday,06:40,0600 Hours,District 4 (Southwest),,MILLS,,Co Rd H16/EASTMAN RD,Collision with:  Animal,On Roadway,Non-collision (single vehicle),Animal,None Indicated,,Daylight,"Mud, dirt",Clear,None apparent,Non-intersection:  Non-junction/no special feature,Unpaved,,Minor Injury,0,1,0,1,0,0,2000,1,1,,POINT (-95.812001222628 41.105816449889)
2014809529,20140021833,07/29/2014,07-July,3-Tuesday,16:38,1600 Hours,District 1 (Central),DES MOINES,POLK,,CENTER ST & 2ND AVE,Collision with:  Vehicle in traffic,On Roadway,"Sideswipe, same direction",Improper or erratic lane changing,None Indicated,,Daylight,Dry,Clear,None apparent,Non-intersection:  Non-junction/no special feature,Paved,,Property Damage Only,0,0,0,0,0,0,3000,2,2,,POINT (-93.620274644862 41.591533175799)
2014809538,20140021864,07/29/2014,07-July,3-Tuesday,21:22,2100 Hours,District 1 (Central),DES MOINES,POLK,US 6,US 6/EUCLID AVE & 6TH AVE,Collision with:  Vehicle in traffic,On Roadway,Rear-end (front to rear),Lost Control,None Indicated,,Dark - roadway lighted,Dry,Cloudy,None apparent,Intersection:  Four-way intersection,Paved,,Property Damage Only,0,0,0,0,0,0,6000,2,3,,POINT (-93.624762711677 41.627681860805)
2014809535,20140021853,07/29/2014,07-July,3-Tuesday,18:40,1800 Hours,District 1 (Central),DES MOINES,POLK,,3RD ST,Collision with fixed object:  Utility pole/light support,On Roadway,Non-collision (single vehicle),Ran off road - left,None Indicated,,Daylight,Dry,Clear,None apparent,Non-intersection:  Non-junction/no special feature,Paved,,Possible/Unknown,0,1,0,0,1,0,6000,1,2,,POINT (-93.621150857009 41.63285354539)
2014809409,14-3618,07/29/2014,07-July,3-Tuesday,14:50,1400 Hours,District 1 (Central),WEST DES MOINES,POLK,,35TH ST/VALLEY WEST DR,Collision with:  Vehicle in traffic,On Roadway,Rear-end (front to rear),Other (explain in narrative):  Other,None Indicated,,Daylight,Dry,Clear,None apparent,Non-intersection:  Non-junction/no special feature,Paved,,Property Damage Only,0,0,0,0,0,0,2250,2,3,,POINT (-93.751890485724 41.593224734081)
2014810362,14-5761,07/29/2014,07-July,3-Tuesday,21:38,2100 Hours,District 3 (Northwest),,IDA,US 20,US 20,Collision with:  Animal,,,Animal,None Indicated,,,,,,,Paved,,Property Damage Only,0,0,0,0,0,0,5000,1,1,,POINT (-95.546477105968 42.474907153665)
2014810793,1406046,07/29/2014,07-July,3-Tuesday,07:50,0700 Hours,District 5 (Southeast),WASHINGTON,WASHINGTON,IA 92,IA 92/E WASHINGTON ST & AIRPORT RD,Collision with:  Parked motor vehicle,Roadside,"Sideswipe, same direction",Ran Stop Sign,None Indicated,,Daylight,Dry,Clear,None apparent,Intersection:  T-intersection,Paved,,Property Damage Only,0,0,0,0,0,0,6500,2,1,,POINT (-91.668827266403 41.298132595303)
2014810158,07-14-302,07/29/2014,07-July,3-Tuesday,16:00,1600 Hours,District 3 (Northwest),LE MARS,PLYMOUTH,,12TH ST SE & 4TH AVE SE,Collision with:  Vehicle in traffic,On Roadway,Broadside (front to side),FTYROW:  From stop sign,None Indicated,,Daylight,Dry,Clear,None apparent,Intersection:  Four-way intersection,Paved,,Property Damage Only,0,0,0,0,0,0,2000,2,3,,POINT (-96.160674237039 42.77877813836)