Iowa DOT Case Number,Law Enforcement Case Number,Date of Crash,Month of Crash,Day of Week,Time of Crash,Hour,DOT District,City Name,County Name,Route with System,Location Description,First Harmful Event,Location of First Harmful Event,Manner of Crash/Collision,Major Cause,Drug or Alcohol ,Environmental Conditions,Light Conditions,Surface Conditions,Weather Conditions,Roadway Contribution,Roadway Type,Roadway Surface,Work Zone,Crash Severity,Number of Fatalities,Number of Injuries,Number of Major Injuries,Number of Minor Injuries,Number of Possible Injuries,Number of Unknown Injuries,Amount of Property Damage,Number of Vehicles Involved,Total Number of Occupants,Travel Direction,Location
2014809653,W14-076393,07/30/2014,07-July,4-Wednesday,14:30,1400 Hours,District 2 (Northeast),WATERLOO,BLACK HAWK,,KIMBALL AVE,Collision with:  Vehicle in traffic,On Roadway,Broadside (front to side),FTYROW:  From driveway,None Indicated,,Daylight,Dry,Clear,None apparent,Non-intersection:  Driveway access (within),Paved,,Property Damage Only,0,0,0,0,0,0,3200,2,2,,POINT (-92.356987268093 42.471448063897)
2014809761,14-24541,07/30/2014,07-July,4-Wednesday,08:22,0800 Hours,District 3 (Northwest),SIOUX CITY,WOODBURY,IA 376,IA 376/LEWIS BLVD & OUTER DR N,Collision with:  Vehicle in traffic,On Roadway,"Sideswipe, same direction",Unknown,None Indicated,,Daylight,Dry,Clear,Work Zone (roadway-related),Intersection:  Four-way intersection,Paved,Yes,Property Damage Only,0,0,0,0,0,0,4400,2,2,,POINT (-96.361331559722 42.52986862369)
2014809679,142231,07/30/2014,07-July,4-Wednesday,08:14,0800 Hours,District 3 (Northwest),DENISON,CRAWFORD,,1ST AVE S & S 17TH ST,Collision with:  Vehicle in traffic,On Roadway,Broadside (front to side),FTYROW:  At uncontrolled intersection,None Indicated,,Daylight,Dry,Clear,None apparent,Intersection:  Four-way intersection,Paved,,Minor Injury,0,2,0,1,1,0,13000,2,2,,POINT (-95.348132906222 42.015611632932)
2014810748,14-24574,07/30/2014,07-July,4-Wednesday,14:54,1400 Hours,District 3 (Northwest),SIOUX CITY,WOODBURY,,SOUTHERN HILLS DR & S LAKEPORT ST,Collision with:  Vehicle in traffic,On Roadway,"Angle, oncoming left turn",FTYROW:  Making left turn,None Indicated,,Daylight,Dry,Clear,None apparent,Intersection:  Four-way intersection,Paved,,Property Damage Only,0,0,0,0,0,0,6000,2,2,,POINT (-96.347776598351 42.440436599149)
2014810820,2014044203,07/30/2014,07-July,4-Wednesday,21:16,2100 Hours,District 5 (Southeast),,WARREN,IA 92,IA 92/IOWA 92 & 150TH AVE,Non-collision events:  Other non-collision (explain in narrative),On Roadway,Non-collision (single vehicle),Followed too close,None Indicated,,Dark - roadway not lighted,Dry,Other (explain in narrative),None apparent,Intersection:  Four-way intersection,Paved,,Major Injury,0,1,1,0,0,0,4000,1,1,,POINT (-93.520316836008 41.357835375428)
2014812942,14-006532,07/30/2014,07-July,4-Wednesday,08:20,0800 Hours,District 4 (Southwest),,CASS,,Co Rd G66/YANKTON RD & Co Rd M63/590TH ST,Unknown,Shoulder,Non-collision (single vehicle),Unknown,None Indicated,,Daylight,"Mud, dirt",Clear,None apparent,Non-intersection:  Non-junction/no special feature,Unpaved,,Property Damage Only,0,0,0,0,0,0,5000,1,1,,POINT (-95.06067329008 41.173334493761)
2014809726,20140021982,07/30/2014,07-July,4-Wednesday,17:15,1700 Hours,District 1 (Central),DES MOINES,POLK,IA 28,IA 28/63RD ST,Collision with:  Vehicle in traffic,On Roadway,Rear-end (front to rear),Followed too close,None Indicated,,Daylight,Dry,Clear,None apparent,Non-intersection:  Non-junction/no special feature,Paved,,Property Damage Only,0,0,0,0,0,0,5300,3,3,,POINT (-93.703482803214 41.56174454702)
2014809718,0730148A,07/30/2014,07-July,4-Wednesday,01:30,0100 Hours,District 4 (Southwest),,PAGE,,Co Rd M70/REDWOOD AVE,Collision with fixed object:  Bridge overhead structure,Roadside,Non-collision (single vehicle),Downhill runaway,None Indicated,,Dark - roadway not lighted,Dry,Cloudy,None apparent,Non-intersection:  Other non-intersection (explain in narrative),Paved,,Minor Injury,0,1,0,1,0,0,16000,1,1,,POINT (-95.033114435062 40.780261043801)
2014809742,14-031802,07/30/2014,07-July,4-Wednesday,08:35,0800 Hours,District 4 (Southwest),COUNCIL BLUFFS,POTTAWATTAMIE,,S 13TH ST,Collision with:  Parked motor vehicle,On Roadway,Rear-end (front to rear),Lost Control,None Indicated,,Daylight,Dry,Clear,None apparent,Non-intersection:  Non-junction/no special feature,Paved,,Property Damage Only,0,0,0,0,0,0,4000,2,1,,POINT (-95.863372017619 41.244258255127)
2014811254,2014044193,07/30/2014,07-July,4-Wednesday,21:06,2100 Hours,District 1 (Central),,POLK,I-35,I-35,Non-collision events:  Other non-collision (explain in narrative),On Roadway,Non-collision (single vehicle),Other (explain in narrative):  Other,None Indicated,,Daylight,Dry,Clear,None apparent,Non-intersection:  Non-junction/no special feature,Paved,,Property Damage Only,0,0,0,0,0,0,6200,2,4,,POINT (-93.570381463912 41.80590805817)
2014810470,14-000874,07/30/2014,07-July,4-Wednesday,07:38,0700 Hours,District 1 (Central),JOHNSTON,POLK,,NW 86TH ST,Collision with:  Vehicle in traffic,On Roadway,"Sideswipe, same direction",Improper or erratic lane changing,None Indicated,,Daylight,Dry,Clear,None apparent,Non-intersection:  Non-junction/no special feature,Paved,,Property Damage Only,0,0,0,0,0,0,3000,2,3,,POINT (-93.736450373774 41.657743942867)
2014810533,2014008166,07/30/2014,07-July,4-Wednesday,11:40,1100 Hours,District 6 (East Central),IOWA CITY,JOHNSON,,E COURT ST,Collision with:  Vehicle in traffic,On Roadway,Rear-end (front to rear),Followed too close,None Indicated,,Daylight,Dry,Cloudy,None apparent,Non-intersection:  Alley,Paved,,Possible/Unknown,0,2,0,0,2,0,2500,2,11,,POINT (-91.531054806044 41.656606447812)
2014810606,20140021964,07/30/2014,07-July,4-Wednesday,15:23,1500 Hours,District 1 (Central),DES MOINES,POLK,,E HULL AVE & DELAWARE AVE,Collision with:  Vehicle in traffic,On Roadway,Broadside (front to side),Unknown,None Indicated,,Daylight,Dry,Cloudy,None apparent,Intersection:  Four-way intersection,Paved,,Possible/Unknown,0,1,0,0,1,0,2500,2,2,,POINT (-93.581292559591 41.622298412072)
2014809548,20140021929,07/30/2014,07-July,4-Wednesday,11:00,1100 Hours,District 1 (Central),DES MOINES,POLK,US 6,US 6/E EUCLID AVE & BOWDOIN ST,Collision with:  Vehicle in traffic,On Roadway,Rear-end (front to rear),Followed too close,None Indicated,,Daylight,Dry,Cloudy,None apparent,Non-intersection:  Non-junction/no special feature,Paved,,Possible/Unknown,0,1,0,0,1,0,2400,2,3,,POINT (-93.612673950667 41.627701890574)
2014810342,073014-162,07/30/2014,07-July,4-Wednesday,17:25,1700 Hours,District 3 (Northwest),STORM LAKE,BUENA VISTA,,RENSHAW DR & W 5TH ST,Collision with:  Vehicle in traffic,On Roadway,Rear-end (front to rear),Made improper turn,None Indicated,,Daylight,Dry,Clear,None apparent,Non-intersection:  Non-junction/no special feature,Paved,,Minor Injury,0,1,0,1,0,0,600,2,3,,POINT (-95.227299444901 42.644317728189)
2014809714,1407301-A,07/30/2014,07-July,4-Wednesday,14:51,1400 Hours,District 4 (Southwest),RED OAK,MONTGOMERY,,4TH ST & OAK ST,Collision with:  Vehicle in traffic,On Roadway,Broadside (front to side),Ran Stop Sign,None Indicated,,Daylight,Dry,Clear,None apparent,Intersection:  Four-way intersection,Paved,,Property Damage Only,0,0,0,0,0,0,4000,2,3,,POINT (-95.227921604458 41.016683492307)
2014815464,02-14-11452,07/30/2014,07-July,4-Wednesday,12:16,1200 Hours,District 6 (East Central),,DUBUQUE,US 20,US 20,Collision with fixed object:  Ditch,Outside trafficway,Non-collision (single vehicle),Ran off road - right,None Indicated,,Daylight,Dry,Cloudy,None apparent,Non-intersection:  Non-junction/no special feature,Paved,,Possible/Unknown,0,1,0,0,1,0,5000,1,1,,POINT (-90.882625736093 42.440830749056)
2014809680,142234,07/30/2014,07-July,4-Wednesday,12:31,1200 Hours,District 3 (Northwest),DENISON,CRAWFORD,US 30,US 30 & BOYER VALLEY RD,Collision with:  Vehicle in traffic,On Roadway,Broadside (front to side),FTYROW:  Making left turn,None Indicated,,Daylight,Dry,Clear,None apparent,Non-intersection:  Crossover-related,Paved,,Property Damage Only,0,0,0,0,0,0,11500,2,2,,POINT (-95.365974172615 42.009535376877)
2014810790,2014007736,07/30/2014,07-July,4-Wednesday,09:21,0900 Hours,District 1 (Central),MARSHALLTOWN,MARSHALL,,W CHURCH ST & E CHURCH ST & S CENTER ST,Collision with:  Vehicle in traffic,On Roadway,Rear-end (front to rear),Ran off road - left,None Indicated,,Daylight,Dry,Cloudy,None apparent,Intersection:  Other intersection (explain in narrative),Paved,,Property Damage Only,0,0,0,0,0,0,4500,2,2,,POINT (-92.912936263224 42.047916252474)
2014811842,14012939,07/30/2014,07-July,4-Wednesday,14:49,1400 Hours,District 2 (Northeast),MASON CITY,CERRO GORDO,IA 122,IA 122/4TH ST SW & TIFFANY DR,Collision with:  Vehicle in traffic,On Roadway,Rear-end (front to rear),Followed too close,None Indicated,,Daylight,Dry,Clear,None apparent,Non-intersection:  Non-junction/no special feature,Paved,,Minor Injury,0,1,0,1,0,0,9000,2,2,,POINT (-93.245043700107 43.14833050887)
2014809722,20140021902,07/30/2014,07-July,4-Wednesday,08:00,0800 Hours,District 1 (Central),DES MOINES,POLK,I-235,I-235 & E 6TH ST,Collision with:  Vehicle in traffic,On Roadway,Rear-end (front to rear),Other (explain in narrative):  Other,None Indicated,,Daylight,Dry,Clear,None apparent,Non-intersection:  Non-junction/no special feature,Paved,,Property Damage Only,0,0,0,0,0,0,3500,3,3,,POINT (-93.610326569578 41.595189315149)
2014810412,20140021941,07/30/2014,07-July,4-Wednesday,12:00,1200 Hours,District 1 (Central),DES MOINES,POLK,,FLEUR DR,Collision with:  Vehicle in traffic,On Roadway,Rear-end (front to rear),Followed too close,None Indicated,,Daylight,Dry,Clear,None apparent,Non-intersection:  Non-junction/no special feature,Paved,,Property Damage Only,0,0,0,0,0,0,4500,2,6,,POINT (-93.64491098539 41.573851486946)
2014810339,14-157,07/30/2014,07-July,4-Wednesday,12:02,1200 Hours,District 2 (Northeast),WAVERLY,BREMER,IA 116,IA 116/4TH ST SW & OAK RIDGE DR & TECHNOLOGY PL,Collision with:  Vehicle in traffic,On Roadway,Rear-end (front to rear),Followed too close,None Indicated,,Daylight,Dry,Clear,None apparent,Intersection:  Four-way intersection,Paved,,Property Damage Only,0,0,0,0,0,0,3500,2,2,,POINT (-92.475663808278 42.707488588167)
2014810837,14010759,07/30/2014,07-July,4-Wednesday,19:49,1900 Hours,District 5 (Southeast),CINCINNATI,APPANOOSE,,Co Rd S74/155TH AVE,Collision with:  Vehicle in traffic,On Roadway,"Sideswipe, opposite direction",Crossed centerline (undivided),None Indicated,,Dusk,Dry,Clear,"Surface condition (e.g., wet, icy)",Non-intersection:  Non-junction/no special feature,Unpaved,,Minor Injury,0,1,0,1,0,0,22000,2,3,,POINT (-92.999018732783 40.618532897214)
2014810681,2014-52784,07/30/2014,07-July,4-Wednesday,02:27,0200 Hours,District 6 (East Central),DAVENPORT,SCOTT,,JERSEY RIDGE RD & CROMWELL CIR,Non-collision events:  Overturn/rollover,On Roadway,Non-collision (single vehicle),Ran off road - left,Refused,,Dark - roadway lighted,Dry,Clear,None apparent,Non-intersection:  Non-junction/no special feature,Paved,,Minor Injury,0,1,0,1,0,0,5000,1,1,,POINT (-90.539306318912 41.586312029888)
2014811383,073020142014,07/30/2014,07-July,4-Wednesday,06:22,0600 Hours,District 5 (Southeast),OSCEOLA,CLARKE,US 34,US 34 & E EDDY SAYLOR PKWY,Non-collision events:  Other non-collision (explain in narrative),On Roadway,"Angle, oncoming left turn",FTYROW:  Making left turn,None Indicated,,Dawn,Dry,Cloudy,None apparent,Intersection:  T-intersection,Paved,,Possible/Unknown,0,1,0,0,1,0,13000,2,2,,POINT (-93.798617161218 41.02583370509)
2014812437,2014-52914,07/30/2014,07-July,4-Wednesday,16:52,1600 Hours,District 6 (East Central),DAVENPORT,SCOTT,,IA 461/BRADY ST & W LOCUST ST & E LOCUST ST,Collision with:  Non-motorist (see non-motorist section - NOT a unit),On Roadway,Non-collision (single vehicle),Unknown,None Indicated,,Daylight,Dry,Clear,None apparent,Intersection:  Four-way intersection,Paved,,Possible/Unknown,0,1,0,0,1,0,0,1,1,,POINT (-90.573997624563 41.538280176233)
2014810330,2014044055,07/30/2014,07-July,4-Wednesday,08:10,0800 Hours,District 2 (Northeast),,FAYETTE,,UNICORN RD,Non-collision events:  Overturn/rollover,Shoulder,Non-collision (single vehicle),Ran off road - right,None Indicated,,Daylight,"Mud, dirt",Clear,None apparent,Non-intersection:  Non-junction/no special feature,Unpaved,,Possible/Unknown,0,1,0,0,1,0,10000,1,1,,POINT (-92.01264556931 42.648644021563)
2014810707,140730BJ01,07/30/2014,07-July,4-Wednesday,12:30,1200 Hours,District 3 (Northwest),ORANGE CITY,SIOUX,,,Collision with:  Vehicle in traffic,Outside trafficway,Broadside (front to side),Other (explain in narrative):  Vision obstructed,None Indicated,,Daylight,Dry,Clear,None apparent,Non-intersection:  Non-junction/no special feature,,,Property Damage Only,0,0,0,0,0,0,2500,2,2,,POINT (-96.643700149993 40.233091251414)
2014809725,20140021976,07/30/2014,07-July,4-Wednesday,16:57,1600 Hours,District 1 (Central),DES MOINES,POLK,US 6,US 6/DOUGLAS AVE,Collision with:  Vehicle in traffic,On Roadway,Rear-end (front to rear),Followed too close,None Indicated,,Daylight,Dry,Clear,None apparent,Non-intersection:  Non-junction/no special feature,Paved,,Possible/Unknown,0,2,0,0,2,0,1500,2,5,,POINT (-93.697699282305 41.62942403364)
2014810488,,07/30/2014,07-July,4-Wednesday,10:40,1000 Hours,District 4 (Southwest),AUDUBON,AUDUBON,,N PARK PL,Collision with:  Parked motor vehicle,On Roadway,Rear-end (front to rear),Lost Control,None Indicated,,Daylight,Dry,Clear,None apparent,Non-intersection:  Non-junction/no special feature,Paved,,Property Damage Only,0,0,0,0,0,0,5000,2,1,,POINT (-94.931456154429 41.721788700007)
2014809499,14112228,07/30/2014,07-July,4-Wednesday,14:42,1400 Hours,District 6 (East Central),,JOHNSON,,Co Rd W60/HWY 965 NE,Collision with:  Animal,On Roadway,Non-collision (single vehicle),Animal,None Indicated,,Daylight,Dry,Clear,None apparent,Non-intersection:  Non-junction/no special feature,Paved,,Property Damage Only,0,0,0,0,0,0,8000,1,3,,POINT (-91.631510022986 41.778222645237)
2014809706,201411015,07/30/2014,07-July,4-Wednesday,10:17,1000 Hours,District 6 (East Central),CEDAR RAPIDS,LINN,,C AVE NE,Collision with fixed object:  Curb/island/raised median,On Roadway,Non-collision (single vehicle),Ran off road - right,None Indicated,,Daylight,Dry,Clear,None apparent,Non-intersection:  Non-junction/no special feature,Paved,,Possible/Unknown,0,1,0,0,1,0,16000,1,3,,POINT (-91.63859957666 42.048160420575)
2014809539,20140021905,07/30/2014,07-July,4-Wednesday,08:22,0800 Hours,District 1 (Central),DES MOINES,POLK,,FLEUR DR,Collision with:  Vehicle in traffic,On Roadway,Rear-end (front to rear),Followed too close,None Indicated,,Daylight,Dry,Clear,None apparent,Non-intersection:  Non-junction/no special feature,Paved,,Property Damage Only,0,0,0,0,0,0,9000,3,3,,POINT (-93.644974292385 41.554890799158)
2014809490,01-14-33669,07/30/2014,07-July,4-Wednesday,09:53,0900 Hours,District 6 (East Central),DUBUQUE,DUBUQUE,US 20,US 20/RAMP & YM/WM DR,Collision with:  Vehicle in traffic,On Roadway,Broadside (front to side),FTYROW:  From stop sign,None Indicated,,Daylight,Dry,Clear,None apparent,Intersection:  Intersection with ramp,Paved,,Property Damage Only,0,0,0,0,0,0,4000,2,3,,POINT (-90.679256598926 42.491166633772)
2014810511,01-14-33674,07/30/2014,07-July,4-Wednesday,10:37,1000 Hours,District 6 (East Central),DUBUQUE,DUBUQUE,,PENNSYLVANIA AVE & FAIRFAX AVE,Collision with:  Vehicle in traffic,On Roadway,"Angle, oncoming left turn",FTYROW:  Making left turn,None Indicated,,Daylight,Dry,Clear,None apparent,Intersection:  T-intersection,Paved,,Minor Injury,0,2,0,2,0,0,14600,2,3,,POINT (-90.705818795504 42.50049081273)
2014811043,14-0837,07/30/2014,07-July,4-Wednesday,17:43,1700 Hours,District 1 (Central),PLEASANT HILL,POLK,US 65,US 65,Collision with:  Vehicle in traffic,On Roadway,Rear-end (front to rear),Unknown,None Indicated,,Daylight,Dry,Clear,Unknown,Non-intersection:  Non-junction/no special feature,Paved,,Property Damage Only,0,0,0,0,0,0,10000,3,3,,POINT (-93.511870965538 41.565747625859)
2014810836,,07/30/2014,07-July,4-Wednesday,11:22,1100 Hours,District 3 (Northwest),LAURENS,POCAHONTAS,,SECTION LINE RD & 1ST ST & N 1ST ST,Collision with:  Vehicle in traffic,On Roadway,Rear-end (front to rear),Improper Backing,None Indicated,,Daylight,Dry,Cloudy,None apparent,Intersection:  Four-way intersection,Paved,,Property Damage Only,0,0,0,0,0,0,3000,2,3,,POINT (-94.848592342402 42.849890289659)
2014809727,20140021985,07/30/2014,07-July,4-Wednesday,18:12,1800 Hours,District 1 (Central),DES MOINES,POLK,,MLK JR PKWY,Collision with:  Vehicle in traffic,On Roadway,Broadside (front to side),FTYROW:  From driveway,None Indicated,,Daylight,Dry,Clear,None apparent,Non-intersection:  Driveway access (within),Paved,,Property Damage Only,0,0,0,0,0,0,7000,2,2,,POINT (-93.645982524629 41.613963707192)
2014809712,14017600,07/30/2014,07-July,4-Wednesday,12:50,1200 Hours,District 5 (Southeast),OSKALOOSA,MAHASKA,,8TH AVE E & S 9TH ST,Collision with:  Vehicle in traffic,On Roadway,Broadside (front to side),FTYROW:  At uncontrolled intersection,None Indicated,,Daylight,Dry,Clear,Other (explain in narrative),Intersection:  Four-way intersection,Paved,,Property Damage Only,0,0,0,0,0,0,3000,2,3,,POINT (-92.633854370838 41.288015891)
2014810343,14004707,07/30/2014,07-July,4-Wednesday,17:18,1700 Hours,District 2 (Northeast),,CERRO GORDO,IA 122,IA 122/IOWA 122,Collision with:  Vehicle in traffic,On Roadway,"Sideswipe, same direction",Crossed centerline (undivided),None Indicated,,Daylight,Dry,Clear,None apparent,Non-intersection:  Non-junction/no special feature,Paved,,Property Damage Only,0,0,0,0,0,0,2100,2,3,,POINT (-93.303520605958 43.14802824221)
2014809705,201411009,07/30/2014,07-July,4-Wednesday,07:46,0700 Hours,District 6 (East Central),CEDAR RAPIDS,LINN,,C AVE NE,Collision with:  Vehicle in traffic,On Roadway,"Angle, oncoming left turn",FTYROW:  Making left turn,None Indicated,,Daylight,Dry,Clear,None apparent,Intersection:  Four-way intersection,Paved,,Property Damage Only,0,0,0,0,0,0,8000,2,3,,POINT (-91.638550685267 42.034605305216)
2014810443,14-24538,07/30/2014,07-July,4-Wednesday,07:56,0700 Hours,District 3 (Northwest),SIOUX CITY,WOODBURY,I-29,I-29,Non-collision events:  Other non-collision (explain in narrative),On Roadway,Non-collision (single vehicle),Swerving/Evasive Action,None Indicated,,Daylight,Dry,Clear,None apparent,Non-intersection:  Non-junction/no special feature,Paved,,Fatal,1,0,0,0,0,0,3000,1,1,,POINT (-96.375347080376 42.446965864539)
2014809693,2014008175,07/30/2014,07-July,4-Wednesday,15:50,1500 Hours,District 6 (East Central),IOWA CITY,JOHNSON,,E BENTON ST & S GILBERT ST,Collision with:  Vehicle in traffic,On Roadway,Rear-end (front to rear),Followed too close,None Indicated,,Daylight,Dry,Clear,None apparent,Intersection:  Four-way intersection,Paved,,Property Damage Only,0,0,0,0,0,0,3000,2,3,,POINT (-91.53166024555 41.651101985012)
2014809682,01-14-33713,07/30/2014,07-July,4-Wednesday,15:30,1500 Hours,District 6 (East Central),DUBUQUE,DUBUQUE,,HOLLIDAY DR & PAYTON DR,Collision with:  Non-motorist (see non-motorist section - NOT a unit),On Roadway,Non-collision (single vehicle),Other (explain in narrative):  No improper action,None Indicated,,Daylight,Dry,Clear,None apparent,Intersection:  T-intersection,Paved,,Possible/Unknown,0,1,0,0,1,0,500,1,1,,POINT (-90.742650939348 42.5124791297)
2014809547,20140021893,07/30/2014,07-July,4-Wednesday,02:30,0200 Hours,District 1 (Central),DES MOINES,POLK,IA 28,IA 28/63RD ST,Collision with fixed object:  Other fixed object (explain in narrative),Outside trafficway,Non-collision (single vehicle),Ran off road - right,None Indicated,,Dark - roadway not lighted,Dry,Clear,Work Zone (roadway-related),Intersection:  Shared use path or trail,Paved,Yes,Property Damage Only,0,0,0,0,0,0,11000,1,1,,POINT (-93.703215507816 41.569168171381)
2014809542,20140021909,07/30/2014,07-July,4-Wednesday,08:30,0800 Hours,District 1 (Central),DES MOINES,POLK,I-235,I-235,Collision with:  Vehicle in traffic,On Roadway,"Sideswipe, same direction",Improper or erratic lane changing,None Indicated,,Daylight,Dry,Clear,None apparent,Non-intersection:  Non-junction/no special feature,Paved,,Property Damage Only,0,0,0,0,0,0,3000,2,3,,POINT (-93.599941619991 41.595847461094)
2014829960,14-1191,07/30/2014,07-July,4-Wednesday,21:24,2100 Hours,District 1 (Central),,GREENE,,Co Rd E53/230TH,Collision with:  Animal,On Roadway,Non-collision (single vehicle),Animal,None Indicated,,Dark - roadway not lighted,Dry,Clear,None apparent,Non-intersection:  Non-junction/no special feature,Paved,,Property Damage Only,0,0,0,0,0,0,6800,1,1,,POINT (-94.253377116049 42.022507051456)
2014810445,14-19634,07/30/2014,07-July,4-Wednesday,19:28,1900 Hours,District 1 (Central),NEWTON,JASPER,,S 3RD AVE E & E 2ND ST S,Collision with:  Vehicle in traffic,On Roadway,Broadside (front to side),FTYROW:  At uncontrolled intersection,Alcohol (< Statutory),,Daylight,Dry,Clear,None apparent,Intersection:  Four-way intersection,Paved,,Minor Injury,0,2,0,1,1,0,25000,2,2,,POINT (-93.052314350291 41.697633252408)
2014810363,C14002357,07/30/2014,07-July,4-Wednesday,12:38,1200 Hours,District 6 (East Central),CORALVILLE,JOHNSON,,COMMERCE DR,Collision with fixed object:  Utility pole/light support,On Roadway,Non-collision (single vehicle),Other (explain in narrative):  Other,None Indicated,,Daylight,Dry,Cloudy,None apparent,Intersection:  Four-way intersection,Paved,,Property Damage Only,0,0,0,0,0,0,5000,2,2,,POINT (-91.611375269525 41.695812184391)
2014810211,CL14002668,07/30/2014,07-July,4-Wednesday,15:31,1500 Hours,District 6 (East Central),CLINTON,CLINTON,US 30,US 30/LINCOLN WAY & S 25TH ST,Collision with:  Vehicle in traffic,On Roadway,Rear-end (front to rear),Followed too close,None Indicated,,Daylight,Dry,Cloudy,None apparent,Intersection:  Four-way intersection,Paved,,Property Damage Only,0,0,0,0,0,0,1500,2,2,,POINT (-90.244316480578 41.815544067202)
2014810805,2014044154,07/30/2014,07-July,4-Wednesday,15:37,1500 Hours,District 1 (Central),,POLK,I-80,I-80,Collision with fixed object:  Ditch,Roadside,Non-collision (single vehicle),Ran off road - right,None Indicated,,Daylight,Dry,Clear,None apparent,Non-intersection:  Non-junction/no special feature,Paved,,Possible/Unknown,0,1,0,0,1,0,500,1,2,,POINT (-93.541598983304 41.657124908941)
2014811397,14-005700,07/30/2014,07-July,4-Wednesday,15:24,1500 Hours,District 4 (Southwest),PERRY,DALLAS,IA 141,IA 141/IOWA 141 & 10TH ST,Collision with:  Vehicle in traffic,On Roadway,Broadside (front to side),FTYROW:  From yield sign,None Indicated,,Daylight,Dry,Clear,None apparent,Intersection:  Four-way intersection,Paved,,Possible/Unknown,0,1,0,0,1,0,6400,2,3,,POINT (-94.094402067238 41.831580933134)
2014815039,14-1188,07/30/2014,07-July,4-Wednesday,10:02,1000 Hours,District 1 (Central),,GREENE,,B AVE & 310TH,Non-collision events:  Other non-collision (explain in narrative),On Roadway,Non-collision (single vehicle),FTYROW:  At uncontrolled intersection,None Indicated,,Daylight,"Mud, dirt",Clear,None apparent,Non-intersection:  Non-junction/no special feature,Unpaved,,Minor Injury,0,2,0,2,0,0,15500,2,2,,POINT (-94.609753976852 41.906454945148)
2014814763,2014-52787,07/30/2014,07-July,4-Wednesday,02:31,0200 Hours,District 6 (East Central),DAVENPORT,SCOTT,,W 9TH ST,Collision with:  Parked motor vehicle,On Roadway,"Sideswipe, same direction",Lost Control,Alcohol (Statutory),,Dark - roadway lighted,Dry,Clear,None apparent,Non-intersection:  Non-junction/no special feature,Paved,,Property Damage Only,0,0,0,0,0,0,4000,2,1,,POINT (-90.583700197781 41.528811677459)
2014809540,20140021921,07/30/2014,07-July,4-Wednesday,09:54,0900 Hours,District 1 (Central),DES MOINES,POLK,,EASTON BLVD & E 21ST ST & DELAWARE AVE,Collision with:  Vehicle in traffic,On Roadway,"Sideswipe, same direction",FTYROW:  Other (explain in narrative),None Indicated,,Daylight,Dry,Clear,None apparent,Intersection:  Four-way intersection,Paved,,Property Damage Only,0,0,0,0,0,0,5000,2,2,,POINT (-93.58130600088 41.603743469208)
2014810459,CL14002661,07/30/2014,07-July,4-Wednesday,06:18,0600 Hours,District 6 (East Central),CLINTON,CLINTON,US 67,US 67/S 3RD ST,Collision with:  Parked motor vehicle,Shoulder,"Sideswipe, same direction",Swerving/Evasive Action,None Indicated,,Daylight,Dry,Clear,Other (explain in narrative),Non-intersection:  Non-junction/no special feature,Paved,,Property Damage Only,0,0,0,0,0,0,5000,2,1,,POINT (-90.190720882561 41.838398201052)
2014809710,14015932,07/30/2014,07-July,4-Wednesday,10:39,1000 Hours,District 6 (East Central),MARION,LINN,,7TH AVE,Collision with:  Vehicle in traffic,On Roadway,Rear-end (front to rear),Followed too close,None Indicated,,Daylight,Dry,Clear,None apparent,Non-intersection:  Driveway access (within),Paved,,Possible/Unknown,0,1,0,0,1,0,6050,2,4,,POINT (-91.605996709281 42.033313849124)
2014809654,W14-076394,07/30/2014,07-July,4-Wednesday,14:35,1400 Hours,District 2 (Northeast),WATERLOO,BLACK HAWK,,E SAN MARNAN DR & HAWKEYE RD,Collision with:  Vehicle in traffic,On Roadway,Rear-end (front to rear),Followed too close,None Indicated,,Daylight,Dry,Clear,None apparent,Intersection:  Four-way intersection,Paved,,Possible/Unknown,0,2,0,0,2,0,500,2,4,,POINT (-92.346721588702 42.457268787681)
2014809553,14-3636,07/30/2014,07-July,4-Wednesday,13:45,1300 Hours,District 1 (Central),WEST DES MOINES,POLK,I-235,I-235,Collision with:  Vehicle in traffic,On Roadway,Rear-end (front to rear),Followed too close,None Indicated,,Daylight,Dry,Cloudy,None apparent,"Interchange-related:  Off-ramp, diverge area",Paved,,Possible/Unknown,0,1,0,0,1,0,800,2,3,,POINT (-93.768464896183 41.592592722961)
2014810379,14015926,07/30/2014,07-July,4-Wednesday,07:43,0700 Hours,District 6 (East Central),MARION,LINN,,7TH AVE,Non-collision events:  Other non-collision (explain in narrative),On Roadway,Non-collision (single vehicle),FTYROW:  Other (explain in narrative),None Indicated,,Daylight,Dry,Clear,None apparent,Non-intersection:  Non-junction/no special feature,Paved,,Minor Injury,0,1,0,1,0,0,8900,1,1,,POINT (-91.591754084933 42.033293065012)
2014810444,14-24600,07/30/2014,07-July,4-Wednesday,20:20,2000 Hours,District 3 (Northwest),SIOUX CITY,WOODBURY,IA 376,IA 376/LEWIS BLVD & 7TH ST,Collision with:  Vehicle in traffic,On Roadway,Broadside (front to side),FTYROW:  From stop sign,None Indicated,,Dusk,Dry,Clear,None apparent,Intersection:  Four-way intersection,Paved,,Major Injury,0,5,1,1,3,0,12000,2,6,,POINT (-96.378253260262 42.497575633167)
2014810557,14017611,07/30/2014,07-July,4-Wednesday,14:45,1400 Hours,District 5 (Southeast),OSKALOOSA,MAHASKA,,9TH AVE E & S 9TH ST,Collision with:  Vehicle in traffic,On Roadway,Head-on (front to front),Made improper turn,None Indicated,,Daylight,Dry,Clear,None apparent,Intersection:  Four-way intersection,Paved,,Property Damage Only,0,0,0,0,0,0,3000,2,2,,POINT (-92.633835623223 41.287097039156)