Iowa DOT Case Number,Law Enforcement Case Number,Date of Crash,Month of Crash,Day of Week,Time of Crash,Hour,DOT District,City Name,County Name,Route with System,Location Description,First Harmful Event,Location of First Harmful Event,Manner of Crash/Collision,Major Cause,Drug or Alcohol ,Environmental Conditions,Light Conditions,Surface Conditions,Weather Conditions,Roadway Contribution,Roadway Type,Roadway Surface,Work Zone,Crash Severity,Number of Fatalities,Number of Injuries,Number of Major Injuries,Number of Minor Injuries,Number of Possible Injuries,Number of Unknown Injuries,Amount of Property Damage,Number of Vehicles Involved,Total Number of Occupants,Travel Direction,Location
2014827464,14-005519,07/31/2014,07-July,5-Thursday,08:01,0800 Hours,District 3 (Northwest),,PALO ALTO,,460 ST,Non-collision events:  Other non-collision (explain in narrative),Shoulder,Non-collision (single vehicle),FTYROW:  Other (explain in narrative),None Indicated,,Daylight,Dry,Clear,None apparent,Non-intersection:  Railroad grade crossing,Unpaved,,Property Damage Only,0,0,0,0,0,0,1500,1,1,,POINT (-94.481187780936 42.980151413376)
2014826375,PD1406580,07/31/2014,07-July,5-Thursday,16:55,1600 Hours,District 5 (Southeast),FAIRFIELD,JEFFERSON,,W BURLINGTON AVE & S 20TH ST & N 20TH ST,Collision with:  Vehicle in traffic,On Roadway,Broadside (front to side),Ran Traffic Signal,None Indicated,,Daylight,Dry,Cloudy,None apparent,Intersection:  Four-way intersection,Paved,,Possible/Unknown,0,1,0,0,1,0,7700,2,2,,POINT (-91.98429122114 41.006424193462)
2014809683,073114D,07/31/2014,07-July,5-Thursday,10:22,1000 Hours,District 4 (Southwest),HAMBURG,FREMONT,,MAIN ST,Collision with fixed object:  Other fixed object (explain in narrative),Outside trafficway,Non-collision (single vehicle),Other (explain in narrative):  Other,None Indicated,,Daylight,Dry,Cloudy,None apparent,Non-intersection:  Driveway access (within),Paved,,Property Damage Only,0,0,0,0,0,0,1700,1,2,,POINT (-95.658565955423 40.601851492397)
2014810425,14-032010,07/31/2014,07-July,5-Thursday,13:13,1300 Hours,District 4 (Southwest),COUNCIL BLUFFS,POTTAWATTAMIE,IA 192,IA 192/N 16TH ST & AVE B,Collision with:  Vehicle in traffic,On Roadway,Broadside (front to side),Ran Traffic Signal,None Indicated,,Daylight,Dry,Cloudy,None apparent,Intersection:  Four-way intersection,Paved,,Property Damage Only,0,0,0,0,0,0,1500,2,3,,POINT (-95.867536439291 41.263617260912)
2014810684,2014-53250,07/31/2014,07-July,5-Thursday,19:00,1900 Hours,District 6 (East Central),DAVENPORT,SCOTT,,E 53RD ST & ELMORE AVE,Collision with:  Vehicle in traffic,On Roadway,Rear-end (front to rear),Improper or erratic lane changing,None Indicated,,Daylight,Dry,Clear,None apparent,Non-intersection:  Non-junction/no special feature,Paved,,Property Damage Only,0,0,0,0,0,0,2000,2,4,,POINT (-90.528586634457 41.574869104017)
2014810715,14003534,07/31/2014,07-July,5-Thursday,23:12,2300 Hours,District 1 (Central),AMES,STORY,US 69,US 69/S DUFF AVE & CHESTNUT ST,Collision with:  Vehicle in traffic,On Roadway,Broadside (front to side),Ran Traffic Signal,None Indicated,,Dark - roadway lighted,Dry,Clear,None apparent,Intersection:  Four-way intersection,Paved,,Property Damage Only,0,0,0,0,0,0,3500,2,6,,POINT (-93.610292893176 42.01150731613)
2014809708,201411072,07/31/2014,07-July,5-Thursday,05:43,0500 Hours,District 6 (East Central),CEDAR RAPIDS,LINN,IA 922,IA 922/1ST AVE E & 29TH ST DR SE & 29TH ST NE,Collision with:  Vehicle in traffic,On Roadway,Broadside (front to side),Ran Traffic Signal,None Indicated,,Daylight,Dry,Clear,None apparent,Intersection:  Four-way intersection,Paved,,Possible/Unknown,0,1,0,0,1,0,28000,3,4,,POINT (-91.634835272655 42.006119065641)
2014810397,14-0909,07/31/2014,07-July,5-Thursday,16:20,1600 Hours,District 1 (Central),CLIVE,POLK,I-35,I-35,Collision with fixed object:  Concrete traffic barrier (median or right side),On Roadway,Non-collision (single vehicle),Swerving/Evasive Action,None Indicated,,Daylight,Dry,Cloudy,None apparent,Non-intersection:  Non-junction/no special feature,Paved,,Minor Injury,0,1,0,1,0,0,6000,1,2,,POINT (-93.776876459722 41.60765927491)
2014810433,2014-53191,07/31/2014,07-July,5-Thursday,15:11,1500 Hours,District 6 (East Central),DAVENPORT,SCOTT,,E 31ST ST & EASTERN AVE,Collision with:  Vehicle in traffic,On Roadway,"Angle, oncoming left turn",FTYROW:  Making left turn,None Indicated,,Daylight,Dry,Clear,None apparent,Intersection:  Other intersection (explain in narrative),Paved,,Property Damage Only,0,0,0,0,0,0,4000,2,2,,POINT (-90.551424542732 41.551653286362)
2014810403,20140022085,07/31/2014,07-July,5-Thursday,16:25,1600 Hours,District 1 (Central),DES MOINES,POLK,,FLEUR DR,Collision with:  Vehicle in traffic,On Roadway,Rear-end (front to rear),Followed too close,None Indicated,,Daylight,Dry,Cloudy,None apparent,Non-intersection:  Non-junction/no special feature,Paved,,Property Damage Only,0,0,0,0,0,0,6500,2,2,,POINT (-93.645043880558 41.531732598694)
2014810860,14072042,07/31/2014,07-July,5-Thursday,13:34,1300 Hours,District 4 (Southwest),CLARINDA,PAGE,,E STUART ST,Collision with:  Vehicle in traffic,On Roadway,Broadside (front to side),FTYROW:  From driveway,None Indicated,,Daylight,Dry,Clear,None apparent,Non-intersection:  Driveway access (within),Paved,,Property Damage Only,0,0,0,0,0,0,8200,2,4,,POINT (-95.03719103029 40.737213066521)
2014809736,20140022057,07/31/2014,07-July,5-Thursday,11:30,1100 Hours,District 1 (Central),DES MOINES,POLK,,GRAND AVE & 3RD ST,Collision with:  Vehicle in traffic,On Roadway,"Sideswipe, same direction",Other (explain in narrative):  Other,None Indicated,,Daylight,Dry,Clear,None apparent,Non-intersection:  Non-junction/no special feature,Paved,,Property Damage Only,0,0,0,0,0,0,5000,2,5,,POINT (-93.621494058498 41.588572212692)
2014810821,2014044392,07/31/2014,07-July,5-Thursday,16:20,1600 Hours,District 6 (East Central),,DELAWARE,US 20,US 20,Collision with:  Vehicle in traffic,On Roadway,"Sideswipe, same direction",FTYROW:  Other (explain in narrative),None Indicated,,Daylight,Dry,Clear,None apparent,Non-intersection:  Non-junction/no special feature,Paved,,Property Damage Only,0,0,0,0,0,0,2000,2,2,,POINT (-91.322377095456 42.470653886732)
2014833407,14-080731-01,07/31/2014,07-July,5-Thursday,07:03,0700 Hours,District 6 (East Central),,IOWA,IA 220,IA 220/220TH TRL,Collision with fixed object:  Ditch,Roadside,Non-collision (single vehicle),Swerving/Evasive Action,None Indicated,,Daylight,Dry,Clear,None apparent,Non-intersection:  Non-junction/no special feature,Paved,,Minor Injury,0,1,0,1,0,0,4000,1,1,,POINT (-91.912268734014 41.796058527146)
2014810917,2014044340,07/31/2014,07-July,5-Thursday,12:33,1200 Hours,District 6 (East Central),,JOHNSON,,Co Rd F52/BLACK DIAMOND RD,Non-collision events:  Overturn/rollover,Roadside,Non-collision (single vehicle),Swerving/Evasive Action,None Indicated,,Daylight,Dry,Clear,None apparent,Non-intersection:  Non-junction/no special feature,Paved,,Possible/Unknown,0,2,0,0,2,0,13400,1,2,,POINT (-91.682059792661 41.613988092115)
2014811142,01-14-33909,07/31/2014,07-July,5-Thursday,17:11,1700 Hours,District 6 (East Central),DUBUQUE,DUBUQUE,,E 12TH ST & ELM ST,Collision with:  Vehicle in traffic,On Roadway,"Sideswipe, same direction",FTYROW:  From driveway,None Indicated,,Daylight,Dry,Clear,None apparent,Non-intersection:  Driveway access (within),Paved,,Property Damage Only,0,0,0,0,0,0,10000,2,2,,POINT (-90.662938818571 42.50588259251)
2014810341,14-159,07/31/2014,07-July,5-Thursday,23:10,2300 Hours,District 2 (Northeast),WAVERLY,BREMER,,1ST ST SE,Collision with:  Parked motor vehicle,On Roadway,"Sideswipe, same direction",Lost Control,None Indicated,,Dark - unknown roadway lighting,Dry,Clear,None apparent,Non-intersection:  Non-junction/no special feature,Paved,,Possible/Unknown,0,1,0,0,0,1,10000,2,1,,POINT (-92.46876739239 42.715759894386)
2014811477,201402667,07/31/2014,07-July,5-Thursday,20:52,2000 Hours,District 6 (East Central),,LINN,,Co Rd E45/SECRIST RD,Collision with:  Animal,,,Animal,None Indicated,,,,,,,Paved,,Property Damage Only,0,0,0,0,0,0,3500,1,1,,POINT (-91.516737226336 42.019622064621)
2014811062,2014-53229,07/31/2014,07-July,5-Thursday,18:42,1800 Hours,District 6 (East Central),DAVENPORT,SCOTT,,W LOCUST ST & MARQUETTE ST,Collision with:  Non-motorist (see non-motorist section - NOT a unit),On Roadway,Non-collision (single vehicle),FTYROW:  Other (explain in narrative),None Indicated,,Daylight,Dry,Clear,None apparent,Intersection:  Four-way intersection,Paved,,Minor Injury,0,1,0,1,0,0,50,1,1,,POINT (-90.591391771838 41.538258747968)
2014815558,14152,07/31/2014,07-July,5-Thursday,12:49,1200 Hours,District 5 (Southeast),PELLA,MARION,,UNION ST & W 3RD ST,Collision with:  Vehicle in traffic,On Roadway,Broadside (front to side),FTYROW:  From driveway,None Indicated,,Daylight,Dry,Cloudy,None apparent,Non-intersection:  Driveway access (within),Paved,,Property Damage Only,0,0,0,0,0,0,2000,2,7,,POINT (-92.923539623418 41.404105458039)
2014810378,14016023,07/31/2014,07-July,5-Thursday,13:19,1300 Hours,District 6 (East Central),MARION,LINN,,10TH AVE,Non-collision events:  Other non-collision (explain in narrative),Outside trafficway,Non-collision (single vehicle),Lost Control,None Indicated,,Daylight,Dry,Clear,None apparent,Non-intersection:  Non-junction/no special feature,Paved,,Possible/Unknown,0,1,0,0,1,0,5500,1,1,,POINT (-91.564416743819 42.035926425615)
2014814255,,07/31/2014,07-July,5-Thursday,20:25,2000 Hours,District 5 (Southeast),,WAYNE,US 65,US 65,,On Roadway,Non-collision (single vehicle),Swerving/Evasive Action,None Indicated,,Daylight,Dry,Clear,None apparent,Non-intersection:  Non-junction/no special feature,Paved,,Minor Injury,0,2,0,2,0,0,19000,1,2,,POINT (-93.49932573817 40.802878390619)
2014811452,2014004475,07/31/2014,07-July,5-Thursday,06:05,0600 Hours,District 6 (East Central),,BENTON,,30 AVE DR & 65 ST,Collision with:  Vehicle in traffic,On Roadway,Broadside (front to side),Ran Stop Sign,None Indicated,,Dawn,Dry,Clear,None apparent,Intersection:  Four-way intersection,Unpaved,,Possible/Unknown,0,1,0,0,1,0,5000,2,2,,POINT (-91.912681480939 42.079869065271)
2014810752,14-24711,07/31/2014,07-July,5-Thursday,15:30,1500 Hours,District 3 (Northwest),SIOUX CITY,WOODBURY,I-29,I-29,Collision with:  Vehicle in traffic,On Roadway,"Sideswipe, same direction",Lost Control,None Indicated,,Daylight,Wet,Rain,None apparent,Non-intersection:  Non-junction/no special feature,Paved,,Property Damage Only,0,0,0,0,0,0,5500,2,4,,POINT (-96.441346069616 42.491392186507)
2014815823,K14-023515,07/31/2014,07-July,5-Thursday,19:47,1900 Hours,District 5 (Southeast),KEOKUK,LEE,,8TH ST N & CONCERT ST,Collision with:  Vehicle in traffic,On Roadway,Broadside (front to side),Ran Stop Sign,Refused,,Daylight,Dry,Clear,None apparent,Intersection:  Other intersection (explain in narrative),Paved,,Minor Injury,0,2,0,2,0,0,18000,2,2,,POINT (-91.383660156997 40.399414720401)
2014810559,14-010378,07/31/2014,07-July,5-Thursday,17:34,1700 Hours,District 4 (Southwest),GLENWOOD,MILLS,,N VINE ST,Collision with:  Vehicle in traffic,On Roadway,Rear-end (front to rear),Other (explain in narrative):  Other,None Indicated,,Daylight,Dry,Clear,None apparent,Non-intersection:  Non-junction/no special feature,Paved,,Property Damage Only,0,0,0,0,0,0,3000,2,777,,POINT (-95.74182688434 41.046776963411)
2014821681,2014-53217,07/31/2014,07-July,5-Thursday,17:22,1700 Hours,District 6 (East Central),DAVENPORT,SCOTT,,W 2ND ST,Collision with:  Vehicle in traffic,On Roadway,Rear-end (front to rear),Followed too close,None Indicated,,Daylight,Dry,Clear,None apparent,Intersection:  T-intersection,Paved,,Property Damage Only,0,0,0,0,0,0,3000,2,2,,POINT (-90.574463690318 41.521321921738)
2014813477,,07/31/2014,07-July,5-Thursday,17:36,1700 Hours,District 2 (Northeast),,CHICKASAW,US 18,US 18/200TH,,Outside trafficway,Non-collision (single vehicle),Crossed centerline (undivided),None Indicated,,Daylight,Dry,Clear,None apparent,Non-intersection:  Non-junction/no special feature,Paved,,Possible/Unknown,0,1,0,0,1,0,3000,1,3,,POINT (-92.406821619342 43.066344481319)
2014810439,14-2313,07/31/2014,07-July,5-Thursday,09:09,0900 Hours,District 1 (Central),FORT DODGE,WEBSTER,,5TH AVE S,Collision with:  Vehicle in traffic,On Roadway,Rear-end (front to rear),Followed too close,None Indicated,,Daylight,Dry,Clear,None apparent,Intersection:  Four-way intersection,Paved,,Property Damage Only,0,0,0,0,0,0,1700,2,2,,POINT (-94.169679930174 42.501090643768)
2014810375,201411080,07/31/2014,07-July,5-Thursday,09:56,0900 Hours,District 6 (East Central),CEDAR RAPIDS,LINN,IA 922,IA 922/1ST AVE E & 15TH ST SE & 15TH ST NE,Collision with:  Vehicle in traffic,On Roadway,Rear-end (front to rear),Made improper turn,None Indicated,,Daylight,Dry,Clear,None apparent,Non-intersection:  Non-junction/no special feature,Paved,,Property Damage Only,0,0,0,0,0,0,2000,2,3,,POINT (-91.652314007072 41.988123690719)
2014812547,1407312049,07/31/2014,07-July,5-Thursday,20:45,2000 Hours,District 6 (East Central),,JONES,US 151,US 151,Collision with:  Animal,,,Animal,None Indicated,,,,,,,Paved,,Property Damage Only,0,0,0,0,0,0,5000,1,1,,POINT (-91.228821407043 42.170029763244)
2014810408,20140022047,07/31/2014,07-July,5-Thursday,10:25,1000 Hours,District 1 (Central),DES MOINES,POLK,,HUBBELL AVE,Collision with:  Vehicle in traffic,On Roadway,Broadside (front to side),FTYROW:  From driveway,None Indicated,,Daylight,Dry,Clear,None apparent,Non-intersection:  Driveway access (within),Paved,,Minor Injury,0,1,0,1,0,0,4000,2,3,,POINT (-93.569842577284 41.608862926791)
2014810916,2014044234,07/31/2014,07-July,5-Thursday,08:55,0800 Hours,District 6 (East Central),TIFFIN,JOHNSON,I-80,I-80,Non-collision events:  Overturn/rollover,Roadside,Non-collision (single vehicle),Swerving/Evasive Action,None Indicated,,Daylight,Dry,Clear,None apparent,Interchange-related:  On-ramp,Paved,,Major Injury,0,1,1,0,0,0,30400,1,1,,POINT (-91.641258194575 41.695430875104)
2014811063,2014-53288,07/31/2014,07-July,5-Thursday,23:01,2300 Hours,District 6 (East Central),DAVENPORT,SCOTT,,IA 461/BRADY ST & W LOCUST ST & E LOCUST ST,Collision with:  Vehicle in traffic,On Roadway,"Angle, oncoming left turn",Other (explain in narrative):  No improper action,None Indicated,,Dark - roadway lighted,Dry,Clear,None apparent,Intersection:  Four-way intersection,Paved,,Possible/Unknown,0,2,0,0,2,0,8500,2,3,,POINT (-90.573997624563 41.538280176233)
2014810806,2014044216,07/31/2014,07-July,5-Thursday,05:30,0500 Hours,District 4 (Southwest),,MILLS,I-29,I-29,Collision with:  Animal,,,Animal,None Indicated,,,,,,,Paved,,Property Damage Only,0,0,0,0,0,0,4000,1,1,,POINT (-95.800001645057 40.974350251857)
2014811057,2014-53112,07/31/2014,07-July,5-Thursday,09:52,0900 Hours,District 6 (East Central),DAVENPORT,SCOTT,,W 53RD ST & NORTHWEST BLVD,Collision with:  Vehicle in traffic,On Roadway,Head-on (front to front),FTYROW:  Making left turn,None Indicated,,Daylight,Dry,Clear,None apparent,Intersection:  Four-way intersection,Paved,,Property Damage Only,0,0,0,0,0,0,4100,2,2,,POINT (-90.593856886263 41.574561141841)
2014809735,20140022054,07/31/2014,07-July,5-Thursday,11:25,1100 Hours,District 1 (Central),DES MOINES,POLK,,OVID AVE & E OVID AVE & 2ND AVE,Collision with:  Vehicle in traffic,On Roadway,Broadside (front to side),FTYROW:  From stop sign,None Indicated,,Daylight,Dry,Clear,None apparent,Intersection:  Four-way intersection,Paved,,Property Damage Only,0,0,0,0,0,0,7000,2,2,,POINT (-93.619931992177 41.625933597328)
2014810365,2014008209,07/31/2014,07-July,5-Thursday,16:29,1600 Hours,District 6 (East Central),IOWA CITY,JOHNSON,US 6,US 6 & S GILBERT ST,Collision with:  Vehicle in traffic,On Roadway,Head-on (front to front),Ran Stop Sign,None Indicated,,Daylight,Dry,Clear,None apparent,Intersection:  Other intersection (explain in narrative),Paved,,Property Damage Only,0,0,0,0,0,0,3000,2,2,,POINT (-91.532207794587 41.645497700193)
2014811721,2014-53166,07/31/2014,07-July,5-Thursday,13:36,1300 Hours,District 6 (East Central),DAVENPORT,SCOTT,,BEIDERBECKE DR & S MAIN ST,Collision with:  Vehicle in traffic,On Roadway,Rear-end (front to rear),Driver Distraction:  Manual operation of an electronic communication device,None Indicated,,Daylight,Dry,Clear,None apparent,Non-intersection:  Driveway access (within),Paved,,Property Damage Only,0,0,0,0,0,0,1500,2,2,,POINT (-90.575623615808 41.519464049826)
2014811438,201400002669,07/31/2014,07-July,5-Thursday,23:39,2300 Hours,District 6 (East Central),,LINN,,Co Rd D66/PARIS RD,Collision with:  Vehicle in traffic,On Roadway,Head-on (front to front),Crossed centerline (undivided),None Indicated,,Dark - roadway not lighted,Dry,Cloudy,None apparent,Non-intersection:  Non-junction/no special feature,Paved,,Major Injury,0,5,1,3,0,1,11500,2,5,,POINT (-91.605150092087 42.238446382893)
2014811098,2014044322,07/31/2014,07-July,5-Thursday,11:30,1100 Hours,District 5 (Southeast),,HENRY,,Co Rd X13/MARSH AVE,Non-collision events:  Overturn/rollover,Roadside,Non-collision (single vehicle),Ran off road - right,None Indicated,,Daylight,Dry,Clear,None apparent,Non-intersection:  Non-junction/no special feature,Unpaved,,Property Damage Only,0,0,0,0,0,0,10000,1,2,,POINT (-91.486962384761 40.948443646564)
2014810498,W14-076864,07/31/2014,07-July,5-Thursday,17:15,1700 Hours,District 2 (Northeast),WATERLOO,BLACK HAWK,,HARBIN DR,Collision with:  Parked motor vehicle,On Roadway,"Sideswipe, opposite direction",Improper Backing,None Indicated,,Daylight,Dry,Clear,None apparent,Intersection:  Other intersection (explain in narrative),Paved,,Property Damage Only,0,0,0,0,0,0,3000,2,1,,POINT (-92.39392955534 42.452782017658)
2014811122,W14-076782,07/31/2014,07-July,5-Thursday,15:50,1500 Hours,District 2 (Northeast),WATERLOO,BLACK HAWK,,E SAN MARNAN DR & LA PORTE RD,Collision with:  Vehicle in traffic,On Roadway,Rear-end (front to rear),Other (explain in narrative):  Other,None Indicated,,Daylight,Dry,Clear,None apparent,Intersection:  Four-way intersection,Paved,,Property Damage Only,0,0,0,0,0,0,9000,3,7,,POINT (-92.320889491492 42.46737634398)
2014810492,W14-076791,07/31/2014,07-July,5-Thursday,16:13,1600 Hours,District 2 (Northeast),WATERLOO,BLACK HAWK,,ANSBOROUGH AVE,Collision with:  Vehicle in traffic,On Roadway,"Angle, oncoming left turn",FTYROW:  Making left turn,None Indicated,,Daylight,Dry,Clear,None apparent,Intersection:  Other intersection (explain in narrative),Paved,,Property Damage Only,0,0,0,0,0,0,3000,2,2,,POINT (-92.376635843486 42.471214390354)
2014810350,2014-3619,07/31/2014,07-July,5-Thursday,10:00,1000 Hours,District 4 (Southwest),WAUKEE,DALLAS,,UNIVERSITY AVE,Collision with:  Vehicle in traffic,On Roadway,Broadside (front to side),FTYROW:  From driveway,None Indicated,,Daylight,Dry,Clear,None apparent,Non-intersection:  Driveway access (within),Paved,,Possible/Unknown,0,1,0,0,1,0,3000,2,2,,POINT (-93.815597333392 41.600446546891)
2014811030,20140022032,07/31/2014,07-July,5-Thursday,07:43,0700 Hours,District 1 (Central),DES MOINES,POLK,,FLEUR DR,Collision with:  Vehicle in traffic,On Roadway,Rear-end (front to rear),Followed too close,None Indicated,,Daylight,Dry,Clear,None apparent,Non-intersection:  Non-junction/no special feature,Paved,,Minor Injury,0,1,0,1,0,0,3500,2,3,,POINT (-93.64496204307 41.568131581661)
2014810377,201411108,07/31/2014,07-July,5-Thursday,16:51,1600 Hours,District 6 (East Central),CEDAR RAPIDS,LINN,IA 100,IA 100/COLLINS RD NE,Collision with:  Vehicle in traffic,On Roadway,Rear-end (front to rear),Followed too close,None Indicated,,Daylight,Dry,Cloudy,None apparent,Non-intersection:  Non-junction/no special feature,Paved,,Property Damage Only,0,0,0,0,0,0,12500,3,5,,POINT (-91.65314179221 42.028437004665)
2014811734,2014-53139,07/31/2014,07-July,5-Thursday,11:52,1100 Hours,District 6 (East Central),DAVENPORT,SCOTT,,E 53RD ST & ELMORE AVE,Collision with:  Vehicle in traffic,On Roadway,Rear-end (front to rear),Followed too close,None Indicated,,Daylight,Dry,Cloudy,None apparent,Intersection:  Four-way intersection,Paved,,Property Damage Only,0,0,0,0,0,0,3000,2,3,,POINT (-90.528562666574 41.574868587603)
2014850911,14-006090,07/31/2014,07-July,5-Thursday,20:31,2000 Hours,District 5 (Southeast),GRANDVIEW,LOUISA,,J AVE,Collision with fixed object:  Ditch,On Roadway,Non-collision (single vehicle),Driving too fast for conditions,None Indicated,,Dusk,Dry,Clear,None apparent,Intersection:  T-intersection,Unpaved,,Minor Injury,0,1,0,1,0,0,2000,1,2,,POINT (-91.18827720173 41.270223990756)
2014813042,2014-4363,07/31/2014,07-July,5-Thursday,18:00,1800 Hours,District 1 (Central),,HARDIN,,190TH ST & E AVE,Collision with:  Vehicle in traffic,On Roadway,Broadside (front to side),Other (explain in narrative):  Vision obstructed,None Indicated,,Daylight,"Mud, dirt",Clear,"Surface condition (e.g., wet, icy)",Intersection:  Four-way intersection,Unpaved,,Property Damage Only,0,0,0,0,0,0,12000,2,2,,POINT (-93.40491439569 42.426903437332)
2014810340,14-158,07/31/2014,07-July,5-Thursday,13:00,1300 Hours,District 2 (Northeast),WAVERLY,BREMER,IA 116,IA 116/4TH ST SW & 8TH AVE SW,Collision with:  Vehicle in traffic,On Roadway,Broadside (front to side),FTYROW:  Making left turn,None Indicated,,Daylight,Dry,Cloudy,None apparent,Intersection:  Four-way intersection,Paved,,Property Damage Only,0,0,0,0,0,0,4500,2,2,,POINT (-92.475630098975 42.717295438719)
2014811861,C14002373,07/31/2014,07-July,5-Thursday,19:30,1900 Hours,District 6 (East Central),CORALVILLE,JOHNSON,,QUARRY RD,Collision with:  Parked motor vehicle,On Roadway,"Sideswipe, same direction",Unknown,None Indicated,,Daylight,Dry,Cloudy,None apparent,Non-intersection:  Non-junction/no special feature,Paved,,Property Damage Only,0,0,0,0,0,0,1500,2,1,,POINT (-91.560288150576 41.680808536518)
2014810424,14-031990,07/31/2014,07-July,5-Thursday,11:33,1100 Hours,District 4 (Southwest),COUNCIL BLUFFS,POTTAWATTAMIE,IA 192,IA 192/N 16TH ST,Collision with:  Vehicle in traffic,On Roadway,"Sideswipe, same direction",Crossed centerline (undivided),None Indicated,,Daylight,Dry,Clear,None apparent,Non-intersection:  Non-junction/no special feature,Paved,,Property Damage Only,0,0,0,0,0,0,4000,2,2,,POINT (-95.867611266911 41.2623274887)
2014810632,14-1691,07/31/2014,07-July,5-Thursday,22:15,2200 Hours,District 1 (Central),URBANDALE,POLK,,86TH ST,Collision with:  Vehicle in traffic,On Roadway,Rear-end (front to rear),Unknown,None Indicated,,Dark - roadway lighted,Dry,Clear,None apparent,Intersection:  Intersection with ramp,Paved,,Property Damage Only,0,0,0,0,0,0,5000,2,2,,POINT (-93.736450198872 41.651402928731)
2014810581,20140022317,07/31/2014,07-July,5-Thursday,23:59,2300 Hours,District 1 (Central),DES MOINES,POLK,,48TH PL,Collision with:  Parked motor vehicle,On Roadway,Unknown,Unknown,None Indicated,,Dark - roadway not lighted,Dry,Clear,None apparent,Non-intersection:  Non-junction/no special feature,Paved,,Property Damage Only,0,0,0,0,0,0,2000,2,1,,POINT (-93.684805169897 41.630510376508)
2014811124,W14-076880,07/31/2014,07-July,5-Thursday,20:25,2000 Hours,District 2 (Northeast),WATERLOO,BLACK HAWK,I-380,I-380 & E SAN MARNAN DR,Collision with:  Vehicle in traffic,On Roadway,"Sideswipe, same direction",Other (explain in narrative):  Other,None Indicated,,Dusk,Dry,Clear,None apparent,Intersection:  Four-way intersection,Paved,,Property Damage Only,0,0,0,0,0,0,8000,2,3,,POINT (-92.319358740105 42.468321886872)
2014810755,14-24730,07/31/2014,07-July,5-Thursday,19:26,1900 Hours,District 3 (Northwest),SIOUX CITY,WOODBURY,,27TH ST & NEBRASKA ST,Collision with:  Vehicle in traffic,On Roadway,Broadside (front to side),FTYROW:  From stop sign,None Indicated,,Daylight,Dry,Cloudy,None apparent,Intersection:  Four-way intersection,Paved,,Property Damage Only,0,0,0,0,0,0,1600,2,2,,POINT (-96.403681710458 42.518135976637)
2014815559,14153,07/31/2014,07-July,5-Thursday,13:55,1300 Hours,District 5 (Southeast),PELLA,MARION,,UNION ST & MAIN ST,Collision with:  Vehicle in traffic,On Roadway,Broadside (front to side),FTYROW:  From stop sign,None Indicated,,Daylight,Dry,Cloudy,None apparent,Intersection:  Four-way intersection,Paved,,Property Damage Only,0,0,0,0,0,0,4500,2,2,,POINT (-92.916516961983 41.40405553914)
2014810787,14-8114,07/31/2014,07-July,5-Thursday,23:27,2300 Hours,District 3 (Northwest),,SAC,IA 39,IA 39/FOX AVE,Collision with fixed object:  Ditch,Outside trafficway,Non-collision (single vehicle),Ran off road - right,None Indicated,,Dark - roadway lighted,Dry,Clear,None apparent,Non-intersection:  Non-junction/no special feature,Paved,,Property Damage Only,0,0,0,0,0,0,10000,1,1,,POINT (-95.253249386209 42.21159786158)
2014810493,W14-076847,07/31/2014,07-July,5-Thursday,18:30,1800 Hours,District 2 (Northeast),WATERLOO,BLACK HAWK,,MOBILE ST,Collision with:  Vehicle in traffic,On Roadway,Rear-end (front to rear),Other (explain in narrative):  Other,None Indicated,,Daylight,Dry,Clear,None apparent,Non-intersection:  Non-junction/no special feature,Paved,,Property Damage Only,0,0,0,0,0,0,5000,2,1,,POINT (-92.322873228693 42.506770635823)
2014811585,PD1406567,07/31/2014,07-July,5-Thursday,09:33,0900 Hours,District 5 (Southeast),FAIRFIELD,JEFFERSON,,W WASHINGTON AVE & S 2ND ST,Collision with:  Vehicle in traffic,On Roadway,"Sideswipe, same direction",FTYROW:  From stop sign,None Indicated,,Daylight,Dry,Clear,None apparent,Intersection:  Four-way intersection,Paved,,Property Damage Only,0,0,0,0,0,0,5500,2,3,,POINT (-91.96506339765 41.005640600299)
2014812758,2014008229,07/31/2014,07-July,5-Thursday,22:30,2200 Hours,District 6 (East Central),IOWA CITY,JOHNSON,,CALIFORNIA AVE,Collision with:  Parked motor vehicle,On Roadway,Unknown,Unknown,None Indicated,,Dark - unknown roadway lighting,Unknown,Unknown,Unknown,Unknown,Paved,,Property Damage Only,0,0,0,0,0,0,2000,2,1,,POINT (-91.509304658111 41.63630411265)
2014811158,14-020731-01,07/31/2014,07-July,5-Thursday,18:29,1800 Hours,District 6 (East Central),,JOHNSON,,JOHNSON IOWA RD,Collision with:  Railway vehicle/train,On Roadway,Unknown,Other (explain in narrative):  Vision obstructed,None Indicated,,Daylight,Dry,Clear,None apparent,Non-intersection:  Railroad grade crossing,Unpaved,,Minor Injury,0,2,0,1,1,0,10000,2,5,,POINT (-91.832169351831 41.754228072544)
2014810427,14-032043,07/31/2014,07-July,5-Thursday,16:58,1600 Hours,District 4 (Southwest),COUNCIL BLUFFS,POTTAWATTAMIE,,W PIERCE ST & E PIERCE ST & S 1ST ST,Collision with:  Vehicle in traffic,On Roadway,Broadside (front to side),Ran Traffic Signal,None Indicated,,Daylight,Dry,Clear,None apparent,Intersection:  Four-way intersection,Paved,,Property Damage Only,0,0,0,0,0,0,1800,2,4,,POINT (-95.843114686118 41.262782405546)