Iowa DOT Case Number,Law Enforcement Case Number,Date of Crash,Month of Crash,Day of Week,Time of Crash,Hour,DOT District,City Name,County Name,Route with System,Location Description,First Harmful Event,Location of First Harmful Event,Manner of Crash/Collision,Major Cause,Drug or Alcohol ,Environmental Conditions,Light Conditions,Surface Conditions,Weather Conditions,Roadway Contribution,Roadway Type,Roadway Surface,Work Zone,Crash Severity,Number of Fatalities,Number of Injuries,Number of Major Injuries,Number of Minor Injuries,Number of Possible Injuries,Number of Unknown Injuries,Amount of Property Damage,Number of Vehicles Involved,Total Number of Occupants,Travel Direction,Location
2014810336,W14-076755,07/31/2014,07-July,5-Thursday,14:21,1400 Hours,District 2 (Northeast),WATERLOO,BLACK HAWK,,W DONALD ST,Collision with:  Vehicle in traffic,On Roadway,"Angle, oncoming left turn",FTYROW:  Making left turn,None Indicated,,Daylight,Dry,Clear,None apparent,Non-intersection:  Driveway access (within),Paved,,Property Damage Only,0,0,0,0,0,0,8000,2,3,,POINT (-92.339085500862 42.527605636422)
2014836017,14-05246,07/31/2014,07-July,5-Thursday,08:24,0800 Hours,District 2 (Northeast),OELWEIN,FAYETTE,,1ST ST SE,Collision with:  Vehicle in traffic,On Roadway,Rear-end (front to rear),FTYROW:  From parked position,None Indicated,,Daylight,Dry,Clear,None apparent,Non-intersection:  Alley,Paved,,Property Damage Only,0,0,0,0,0,0,3300,2,4,,POINT (-91.904599058031 42.677019639144)
2014810668,S79140257,07/31/2014,07-July,5-Thursday,14:30,1400 Hours,District 1 (Central),,POWESHIEK,I-80,I-80,Collision with fixed object:  Guardrail - face,Median,Non-collision (single vehicle),Ran off road - left,None Indicated,,Daylight,Dry,Cloudy,None apparent,Non-intersection:  Non-junction/no special feature,Paved,,Property Damage Only,0,0,0,0,0,0,5200,1,2,,POINT (-92.46784141708 41.695016970457)
2014809737,20140022023,07/31/2014,07-July,5-Thursday,02:03,0200 Hours,District 1 (Central),DES MOINES,POLK,US 69,US 69/E 14TH ST & ARTHUR AVE,Collision with fixed object:  Utility pole/light support,On Roadway,Non-collision (single vehicle),Ran off road - right,None Indicated,,Dark - roadway lighted,Dry,Clear,None apparent,Non-intersection:  Non-junction/no special feature,Paved,,Minor Injury,0,1,0,1,0,0,9300,1,1,,POINT (-93.600540414232 41.61772288997)
2014812877,14-24706,07/31/2014,07-July,5-Thursday,14:49,1400 Hours,District 3 (Northwest),SIOUX CITY,WOODBURY,,OUTER DR N & BUCKWALTER DR,Collision with:  Vehicle in traffic,On Roadway,Rear-end (front to rear),Lost Control,None Indicated,,Daylight,Wet,Clear,None apparent,Intersection:  T-intersection,Paved,,Possible/Unknown,0,2,0,0,2,0,800,2,2,,POINT (-96.385910975873 42.54111112418)
2014811031,20140022059,07/31/2014,07-July,5-Thursday,11:35,1100 Hours,District 1 (Central),DES MOINES,POLK,,CENTER ST & 2ND AVE,Collision with:  Vehicle in traffic,On Roadway,"Sideswipe, same direction",Made improper turn,None Indicated,,Daylight,Dry,Cloudy,None apparent,Intersection:  T-intersection,Paved,,Property Damage Only,0,0,0,0,0,0,4000,2,4,,POINT (-93.620298898387 41.59156006689)
2014810721,2014-16316,07/31/2014,07-July,5-Thursday,09:47,0900 Hours,District 5 (Southeast),INDIANOLA,WARREN,IA 92,IA 92/W 2ND AVE & S BUXTON ST,Collision with:  Vehicle in traffic,On Roadway,Broadside (front to side),Ran Traffic Signal,None Indicated,,Daylight,Dry,Clear,None apparent,Intersection:  Four-way intersection,Paved,,Property Damage Only,0,0,0,0,0,0,4500,2,2,,POINT (-93.562295780344 41.358322502271)
2014810441,14-2315,07/31/2014,07-July,5-Thursday,12:23,1200 Hours,District 1 (Central),FORT DODGE,WEBSTER,,13TH AVE S & S 24TH ST,Collision with:  Vehicle in traffic,On Roadway,Broadside (front to side),FTYROW:  At uncontrolled intersection,None Indicated,,Daylight,Dry,Clear,None apparent,Non-intersection:  Non-junction/no special feature,Paved,,Property Damage Only,0,0,0,0,0,0,4000,2,3,,POINT (-94.165134782721 42.490303066101)
2014810390,1400000665,07/31/2014,07-July,5-Thursday,18:04,1800 Hours,District 1 (Central),,MARSHALL,,Co Rd S62/HART AVE,Collision with fixed object:  Ditch,On Roadway,Non-collision (single vehicle),Swerving/Evasive Action,None Indicated,,Daylight,Dry,Cloudy,None apparent,Non-intersection:  Non-junction/no special feature,Paved,,Minor Injury,0,1,0,1,0,0,5000,1,1,,POINT (-93.097905235938 42.002198886502)
2014810750,14-24656,07/31/2014,07-July,5-Thursday,06:36,0600 Hours,District 3 (Northwest),SIOUX CITY,WOODBURY,,COURT ST,Collision with:  Parked motor vehicle,Outside trafficway,"Sideswipe, same direction",Unknown,None Indicated,,Unknown,Dry,Clear,None apparent,Non-intersection:  Non-junction/no special feature,Paved,,Property Damage Only,0,0,0,0,0,0,1500,2,777,,POINT (-96.396497495934 42.503717106208)
2014810754,14-24725,07/31/2014,07-July,5-Thursday,18:45,1800 Hours,District 3 (Northwest),SIOUX CITY,WOODBURY,,SUNNYBROOK DR & S LAKEPORT ST,Collision with:  Vehicle in traffic,On Roadway,Rear-end (front to rear),Other (explain in narrative):  Other,None Indicated,,Daylight,Dry,Clear,None apparent,Intersection:  T-intersection,Paved,,Property Damage Only,0,0,0,0,0,0,2500,2,7,,POINT (-96.345636078184 42.455482781936)
2014810347,142246,07/31/2014,07-July,5-Thursday,12:46,1200 Hours,District 3 (Northwest),,CRAWFORD,IA 141,IA 141/IOWA 141 & Co Rd L51/150TH ST,Collision with:  Vehicle in traffic,On Roadway,Broadside (front to side),FTYROW:  From stop sign,None Indicated,,Daylight,Wet,Rain,None apparent,Intersection:  Four-way intersection,Paved,,Property Damage Only,0,0,0,0,0,0,2500,2,2,,POINT (-95.575195220309 42.067636995415)
2014810396,14-003272,07/31/2014,07-July,5-Thursday,18:00,1800 Hours,District 1 (Central),ANKENY,POLK,,W 1ST ST & SW STATE ST & NW STATE ST,Collision with:  Vehicle in traffic,On Roadway,Head-on (front to front),Improper Backing,None Indicated,,Daylight,Dry,Cloudy,None apparent,Intersection:  Four-way intersection,Paved,,Property Damage Only,0,0,0,0,0,0,3000,2,4,,POINT (-93.621502529566 41.731857745616)
2014810376,201411082,07/31/2014,07-July,5-Thursday,09:57,0900 Hours,District 6 (East Central),CEDAR RAPIDS,LINN,,5TH AVE SE & 10TH ST SE,Collision with:  Vehicle in traffic,On Roadway,Broadside (front to side),Other (explain in narrative):  Other,None Indicated,,Daylight,Dry,Clear,None apparent,Intersection:  Four-way intersection,Paved,,Property Damage Only,0,0,0,0,0,0,3700,2,2,,POINT (-91.656351246187 41.98041648887)
2014810751,14-24684,07/31/2014,07-July,5-Thursday,11:51,1100 Hours,District 3 (Northwest),SIOUX CITY,WOODBURY,IA 12,IA 12/GORDON DR & STONE AVE,Collision with:  Vehicle in traffic,On Roadway,Broadside (front to side),Unknown,None Indicated,,Daylight,Dry,Cloudy,None apparent,Intersection:  Four-way intersection,Paved,,Property Damage Only,0,0,0,0,0,0,3500,2,3,,POINT (-96.352010500174 42.479212427748)
2014810807,2014044691,08/01/2014,08-August,6-Friday,17:54,1700 Hours,District 1 (Central),URBANDALE,POLK,I-35,I-35,Collision with:  Vehicle in traffic,On Roadway,Rear-end (front to rear),Improper Backing,None Indicated,,Daylight,Dry,Clear,None apparent,Non-intersection:  Non-junction/no special feature,Paved,,Possible/Unknown,0,2,0,0,2,0,13500,3,8,,POINT (-93.71464448192 41.65277455184)
2014811483,CL14002698,08/01/2014,08-August,6-Friday,10:17,1000 Hours,District 6 (East Central),CLINTON,CLINTON,,N 2ND ST,Collision with:  Parked motor vehicle,On Roadway,"Sideswipe, same direction",Other (explain in narrative):  Other,None Indicated,,Daylight,Dry,Clear,None apparent,Non-intersection:  Non-junction/no special feature,Paved,,Property Damage Only,0,0,0,0,0,0,2500,2,2,,POINT (-90.178968954681 41.875060253365)
2014810638,14-3694,08/01/2014,08-August,6-Friday,18:57,1800 Hours,District 4 (Southwest),WEST DES MOINES,DALLAS,,72ND ST & WOODLAND AVE,Collision with:  Vehicle in traffic,On Roadway,Broadside (front to side),FTYROW:  From stop sign,None Indicated,,Daylight,Dry,Cloudy,None apparent,Intersection:  Four-way intersection,Paved,,Possible/Unknown,0,1,0,0,0,1,2500,2,2,,POINT (-93.806186595861 41.584786353457)
2014811100,2014044448,08/01/2014,08-August,6-Friday,12:20,1200 Hours,District 5 (Southeast),,LOUISA,,Co Rd X37/COUNTY RD X 37,Collision with:  Animal,,,Animal,None Indicated,,,,,,,Paved,,Property Damage Only,0,0,0,0,0,0,2000,1,1,,POINT (-91.338488894901 41.247594202236)
2014811129,14-7916,08/01/2014,08-August,6-Friday,13:25,1300 Hours,District 3 (Northwest),CARROLL,CARROLL,US 30,US 30/6TH ST & GRANT RD,Collision with:  Vehicle in traffic,On Roadway,"Angle, oncoming left turn",Made improper turn,None Indicated,,Daylight,Dry,Clear,None apparent,Intersection:  Four-way intersection,Paved,,Property Damage Only,0,0,0,0,0,0,4500,2,3,,POINT (-94.859273222848 42.064003764891)
2014810690,2014-53578,08/01/2014,08-August,6-Friday,23:40,2300 Hours,District 6 (East Central),DAVENPORT,SCOTT,,E LOCUST ST & BRIDGE AVE,Collision with:  Vehicle in traffic,On Roadway,Rear-end (front to rear),Ran Traffic Signal,Alcohol (Statutory),,Dark - roadway lighted,Dry,Clear,None apparent,Intersection:  T-intersection,Paved,,Minor Injury,0,2,0,2,0,0,46000,2,2,,POINT (-90.557922476516 41.538290977573)
2014810655,14-032174,08/01/2014,08-August,6-Friday,12:39,1200 Hours,District 4 (Southwest),COUNCIL BLUFFS,POTTAWATTAMIE,,S 35TH ST,Collision with:  Vehicle in traffic,On Roadway,Rear-end (front to rear),Lost Control,None Indicated,,Daylight,Dry,Cloudy,None apparent,Intersection:  Four-way intersection,Paved,,Property Damage Only,0,0,0,0,0,0,3300,2,2,,POINT (-95.90206600597 41.261427430397)
2014810786,14-1460,08/01/2014,08-August,6-Friday,23:45,2300 Hours,District 1 (Central),POLK CITY,POLK,,W BROADWAY ST,Collision with fixed object:  Curb/island/raised median,Outside trafficway,Non-collision (single vehicle),"Operating vehicle in an reckless, erratic, careless, negligent manner",Refused,,Dark - roadway lighted,Dry,Clear,None apparent,Non-intersection:  Driveway access (within),Paved,,Property Damage Only,0,0,0,0,0,0,3000,1,1,,POINT (-93.713096407376 41.771424891243)
2014810413,14-3680,08/01/2014,08-August,6-Friday,07:26,0700 Hours,District 1 (Central),WEST DES MOINES,POLK,,VINE ST & 9TH ST,Collision with:  Vehicle in traffic,On Roadway,"Sideswipe, same direction",Other (explain in narrative):  Other,None Indicated,,Daylight,Dry,Clear,None apparent,Non-intersection:  Non-junction/no special feature,Paved,,Property Damage Only,0,0,0,0,0,0,4000,2,1,,POINT (-93.714399752966 41.577313839312)
2014811458,2014008243,08/01/2014,08-August,6-Friday,13:49,1300 Hours,District 6 (East Central),IOWA CITY,JOHNSON,,BAYARD ST & LEXINGTON AVE,Collision with:  Vehicle in traffic,On Roadway,Broadside (front to side),Other (explain in narrative):  Other,None Indicated,,Daylight,Dry,Clear,None apparent,Intersection:  T-intersection,Paved,,Property Damage Only,0,0,0,0,0,0,3000,2,2,,POINT (-91.548384651193 41.665716428675)
2014810586,20140022196,08/01/2014,08-August,6-Friday,17:30,1700 Hours,District 1 (Central),DES MOINES,POLK,,GRAND AVE & 14TH ST,Collision with:  Vehicle in traffic,On Roadway,Rear-end (front to rear),Other (explain in narrative):  Other,None Indicated,,Daylight,Dry,Clear,None apparent,Intersection:  T-intersection,Paved,,Property Damage Only,0,0,0,0,0,0,5000,2,2,,POINT (-93.635310541794 41.585632389343)
2014810605,20140022188,08/01/2014,08-August,6-Friday,16:15,1600 Hours,District 1 (Central),DES MOINES,POLK,,COURT AVE & WATER ST,Collision with:  Vehicle in traffic,On Roadway,"Angle, oncoming left turn",FTYROW:  Making left turn,None Indicated,,Daylight,Dry,Cloudy,None apparent,Intersection:  Four-way intersection,Paved,,Property Damage Only,0,0,0,0,0,0,4500,2,2,,POINT (-93.61798820162 41.585789854871)
2014810528,C14002383,08/01/2014,08-August,6-Friday,16:38,1600 Hours,District 6 (East Central),CORALVILLE,JOHNSON,US 6,US 6/2ND ST,Collision with:  Vehicle in traffic,On Roadway,"Sideswipe, same direction",FTYROW:  Other (explain in narrative),None Indicated,,Daylight,Dry,Cloudy,None apparent,Non-intersection:  Driveway access (within),Paved,,Property Damage Only,0,0,0,0,0,0,6500,2,4,,POINT (-91.577684722382 41.672639806909)
2014812503,01-14-34018,08/01/2014,08-August,6-Friday,11:46,1100 Hours,District 6 (East Central),DUBUQUE,DUBUQUE,,KERPER BLVD & FENGLER ST,Collision with:  Vehicle in traffic,On Roadway,"Sideswipe, same direction",Improper or erratic lane changing,None Indicated,,Daylight,Dry,Clear,None apparent,Non-intersection:  Driveway access (within),Paved,,Property Damage Only,0,0,0,0,0,0,3000,2,3,,POINT (-90.655933473734 42.518445776669)
2014811102,2014044684,08/01/2014,08-August,6-Friday,17:20,1700 Hours,District 5 (Southeast),,WASHINGTON,US 218,US 218,Collision with fixed object:  Ditch,On Roadway,Non-collision (single vehicle),Crossed centerline (undivided),None Indicated,,Daylight,Dry,Clear,None apparent,Non-intersection:  Non-junction/no special feature,Paved,,Property Damage Only,0,0,0,0,0,0,1650,1,1,,POINT (-91.529092324892 41.221678859282)
2014810472,14-26835,08/01/2014,08-August,6-Friday,07:21,0700 Hours,District 5 (Southeast),BURLINGTON,DES MOINES,,HEDGE AVE,Collision with:  Vehicle in traffic,On Roadway,Head-on (front to front),Unknown,None Indicated,,Daylight,Dry,Clear,None apparent,Non-intersection:  Non-junction/no special feature,Paved,,Property Damage Only,0,0,0,0,0,0,3000,2,1,,POINT (-91.106837248467 40.788110558669)
2014810409,20140022139,08/01/2014,08-August,6-Friday,07:45,0700 Hours,District 1 (Central),DES MOINES,POLK,,E GRAND AVE & HUBBELL AVE & E 18TH ST,Collision with:  Vehicle in traffic,On Roadway,"Angle, oncoming left turn",Ran Traffic Signal,None Indicated,,Daylight,Dry,Clear,None apparent,Intersection:  Other intersection (explain in narrative),Paved,,Property Damage Only,0,0,0,0,0,0,4500,2,2,,POINT (-93.58707682235 41.595643657691)
2014811398,14-005759,08/01/2014,08-August,6-Friday,13:06,1300 Hours,District 4 (Southwest),PERRY,DALLAS,,WARFORD ST & 11TH ST,Collision with:  Vehicle in traffic,On Roadway,Broadside (front to side),FTYROW:  From yield sign,None Indicated,,Daylight,Dry,Clear,None apparent,Intersection:  Four-way intersection,Paved,,Property Damage Only,0,0,0,0,0,0,3000,2,4,,POINT (-94.092814737439 41.839503967891)
2014811811,2014044646,08/01/2014,08-August,6-Friday,15:06,1500 Hours,District 4 (Southwest),WEST DES MOINES,DALLAS,I-80,I-80,Collision with:  Vehicle in traffic,On Roadway,Rear-end (front to rear),Crossed centerline (undivided),None Indicated,,Daylight,Dry,Clear,Other (explain in narrative),Non-intersection:  Crossover-related,Paved,,Property Damage Only,0,0,0,0,0,0,5000,3,5,,POINT (-93.855074685684 41.568472365382)
2014810563,14005361,08/01/2014,08-August,6-Friday,15:50,1500 Hours,District 3 (Northwest),,MONONA,,Co Rd K42/K42,Collision with:  Animal,,,Animal,None Indicated,,,,,,,Paved,,Property Damage Only,0,0,0,0,0,0,4000,1,1,,POINT (-96.216496333944 42.127823012868)
2014811792,14-14522,08/01/2014,08-August,6-Friday,01:55,0100 Hours,District 2 (Northeast),WAVERLY,BREMER,,5TH AVE SW,Collision with:  Parked motor vehicle,On Roadway,"Sideswipe, same direction",Other (explain in narrative):  Other,None Indicated,,Dark - roadway not lighted,Dry,Clear,Non-highway work,Non-intersection:  Non-junction/no special feature,Paved,,Property Damage Only,0,0,0,0,0,0,5000,2,1,,POINT (-92.47665016385 42.720893299884)
2014811669,20140022199,08/01/2014,08-August,6-Friday,17:49,1700 Hours,District 1 (Central),DES MOINES,POLK,,E HARTFORD AVE,Collision with:  Vehicle in traffic,On Roadway,Rear-end (front to rear),Followed too close,None Indicated,,Daylight,Dry,Cloudy,None apparent,Non-intersection:  Non-junction/no special feature,Paved,,Property Damage Only,0,0,0,0,0,0,1800,2,2,,POINT (-93.610855033817 41.56978602687)
2014810823,2014044572,08/01/2014,08-August,6-Friday,12:12,1200 Hours,District 3 (Northwest),,MONONA,I-29,I-29,Collision with fixed object:  Ditch,Shoulder,Non-collision (single vehicle),Ran off road - left,None Indicated,,Daylight,Dry,Clear,None apparent,"Interchange-related:  Off-ramp, diverge area",Paved,,Minor Injury,0,1,0,1,0,0,1800,1,1,,POINT (-96.129709626098 42.024802061479)
2014811450,201400037449,08/01/2014,08-August,6-Friday,20:56,2000 Hours,District 5 (Southeast),OTTUMWA,WAPELLO,,E MCLEAN ST & N WAPELLO ST,Collision with:  Vehicle in traffic,On Roadway,Head-on (front to front),Other (explain in narrative):  Other,None Indicated,,Dark - roadway not lighted,Dry,Clear,None apparent,Non-intersection:  Non-junction/no special feature,Paved,,Minor Injury,0,2,0,2,0,0,9000,2,4,,POINT (-92.412256664236 41.028417156308)
2014811673,14-1695,08/01/2014,08-August,6-Friday,11:01,1100 Hours,District 1 (Central),URBANDALE,POLK,US 6,US 6/HICKMAN RD,Collision with:  Vehicle in traffic,On Roadway,Rear-end (front to rear),Followed too close,None Indicated,,Daylight,Dry,Clear,None apparent,Non-intersection:  Non-junction/no special feature,Paved,,Property Damage Only,0,0,0,0,0,0,7500,3,3,,POINT (-93.789710915664 41.614975724746)
2014813975,2014044726,08/01/2014,08-August,6-Friday,22:30,2200 Hours,District 2 (Northeast),,FRANKLIN,,Co Rd S41/MALLARD AVE,Non-collision events:  Overturn/rollover,Shoulder,Non-collision (single vehicle),Lost Control,None Indicated,,Dark - roadway not lighted,Dry,Clear,None apparent,Non-intersection:  Non-junction/no special feature,Paved,,Property Damage Only,0,0,0,0,0,0,19500,1,1,,POINT (-93.261867306415 42.688162892922)
2014810919,2014044655,08/01/2014,08-August,6-Friday,15:25,1500 Hours,District 4 (Southwest),,CASS,I-80,I-80,Non-collision events:  Overturn/rollover,On Roadway,Non-collision (single vehicle),Swerving/Evasive Action,None Indicated,,Daylight,Dry,Clear,Work Zone (roadway-related),Non-intersection:  Non-junction/no special feature,Paved,Yes,Property Damage Only,0,0,0,0,0,0,3000,1,1,,POINT (-95.124214056882 41.497734516393)
2014810553,201411185,08/01/2014,08-August,6-Friday,22:54,2200 Hours,District 6 (East Central),CEDAR RAPIDS,LINN,,O AVE NW,Collision with:  Parked motor vehicle,On Roadway,Head-on (front to front),Crossed centerline (undivided),Alcohol (Statutory),,Dark - roadway lighted,Dry,Clear,None apparent,Non-intersection:  Non-junction/no special feature,Paved,,Property Damage Only,0,0,0,0,0,0,26000,3,1,,POINT (-91.687969242213 41.988996126812)
2014828327,14080022,08/01/2014,08-August,6-Friday,21:06,2100 Hours,District 5 (Southeast),,WAPELLO,US 63,US 63/US 63 SW RAMP,Collision with:  Animal,,,Animal,None Indicated,,,,,,,Paved,,Property Damage Only,0,0,0,0,0,0,1500,1,1,,POINT (-92.373709897812 41.049094923782)
2014810621,20140022135,08/01/2014,08-August,6-Friday,03:30,0300 Hours,District 1 (Central),DES MOINES,POLK,IA 163,IA 163/E UNIVERSITY AVE & E 15TH ST,Collision with:  Vehicle in traffic,On Roadway,"Sideswipe, same direction",Unknown,None Indicated,,Dark - roadway lighted,Dry,Clear,None apparent,Non-intersection:  Non-junction/no special feature,Paved,,Minor Injury,0,1,0,1,0,0,2000,2,2,,POINT (-93.597611793465 41.600831592202)
2014812167,20142780,08/01/2014,08-August,6-Friday,19:50,1900 Hours,District 1 (Central),,GRUNDY,,Co Rd D53/270TH ST,Non-collision events:  Other non-collision (explain in narrative),On Roadway,Non-collision (single vehicle),Ran off road - left,None Indicated,,Daylight,Dry,Clear,None apparent,Non-intersection:  Non-junction/no special feature,Paved,,Minor Injury,0,1,0,1,0,0,100,1,1,,POINT (-92.611698611951 42.311314011627)
2014810399,20140022155,08/01/2014,08-August,6-Friday,06:30,0600 Hours,District 1 (Central),DES MOINES,POLK,,SE 18TH CT,Collision with:  Parked motor vehicle,On Roadway,Broadside (front to side),Unknown,None Indicated,,Dark - roadway lighted,Dry,Clear,None apparent,Non-intersection:  Non-junction/no special feature,Paved,,Property Damage Only,0,0,0,0,0,0,3000,2,1,,POINT (-93.584585975662 41.56027577438)
2014810416,14-001749,08/01/2014,08-August,6-Friday,07:11,0700 Hours,District 1 (Central),ALTOONA,POLK,,ADVENTURELAND DR,Collision with:  Vehicle in traffic,On Roadway,Rear-end (front to rear),Crossed centerline (undivided),None Indicated,,Daylight,Dry,Clear,None apparent,Non-intersection:  Non-junction/no special feature,Paved,,Minor Injury,0,1,0,1,0,0,6000,2,2,,POINT (-93.484547947881 41.658514476415)
2014810494,W14-077100,08/01/2014,08-August,6-Friday,14:03,1400 Hours,District 2 (Northeast),WATERLOO,BLACK HAWK,,OSAGE RD & DUBUQUE RD,Collision with:  Vehicle in traffic,On Roadway,Broadside (front to side),FTYROW:  From stop sign,None Indicated,,Daylight,Dry,Clear,None apparent,Intersection:  Four-way intersection,Paved,,Possible/Unknown,0,1,0,0,1,0,10000,2,2,,POINT (-92.295342958111 42.483819924368)
2014810423,S14-002958,08/01/2014,08-August,6-Friday,02:36,0200 Hours,District 4 (Southwest),,POTTAWATTAMIE,I-80,I-80 & Co Rd G30/MAGNOLIA RD,Collision with fixed object:  Tree,On Roadway,Non-collision (single vehicle),Crossed centerline (undivided),None Indicated,,Dark - roadway lighted,Wet,Cloudy,None apparent,Non-intersection:  Other non-intersection (explain in narrative),Paved,,Possible/Unknown,0,1,0,0,1,0,10000,1,1,,POINT (-95.677201462132 41.376227521914)
2014810506,14-006713,08/01/2014,08-August,6-Friday,07:27,0700 Hours,District 6 (East Central),MANCHESTER,DELAWARE,,E MARION ST & S MADISON ST,Collision with:  Parked motor vehicle,Roadside,Unknown,Unknown,None Indicated,,Daylight,Dry,Clear,Unknown,Non-intersection:  Non-junction/no special feature,Paved,,Property Damage Only,0,0,0,0,0,0,1500,2,1,,POINT (-91.456632004489 42.482158788336)
2014820869,14-006613,08/01/2014,08-August,6-Friday,21:14,2100 Hours,District 4 (Southwest),,CASS,IA 83,IA 83/MARNE RD,Non-collision events:  Other non-collision (explain in narrative),On Roadway,Non-collision (single vehicle),"Operating vehicle in an reckless, erratic, careless, negligent manner",Refused,,Dusk,Dry,Clear,None apparent,Non-intersection:  Non-junction/no special feature,Paved,,Major Injury,0,2,1,0,1,0,500,1,2,,POINT (-95.120762403225 41.44700929917)
2014810522,14-013015,08/01/2014,08-August,6-Friday,16:56,1600 Hours,District 5 (Southeast),,HENRY,US 34,US 34,Collision with:  Animal,,,Animal,None Indicated,,,,,,,Paved,,Property Damage Only,0,0,0,0,0,0,6000,1,1,,POINT (-91.380634047844 40.905553943304)
2014810783,14-15591,08/01/2014,08-August,6-Friday,15:17,1500 Hours,District 6 (East Central),,SCOTT,I-80,I-80,Collision with:  Vehicle in traffic,On Roadway,Rear-end (front to rear),Followed too close,None Indicated,,Daylight,Dry,Clear,None apparent,Non-intersection:  Non-junction/no special feature,Paved,,Property Damage Only,0,0,0,0,0,0,3002,2,3,,POINT (-90.714602351718 41.603730014732)
2014810927,2014044602,08/01/2014,08-August,6-Friday,12:15,1200 Hours,District 6 (East Central),,BENTON,US 30,US 30/73 ST & Co Rd V66/21 AVE,Collision with:  Vehicle in traffic,On Roadway,"Sideswipe, same direction",FTYROW:  Making left turn,None Indicated,,Daylight,Dry,Cloudy,None apparent,Intersection:  Other intersection (explain in narrative),Paved,,Property Damage Only,0,0,0,0,0,0,7000,2,3,,POINT (-92.085332457741 41.963678041608)
2014810565,14004473,08/01/2014,08-August,6-Friday,17:06,1700 Hours,District 3 (Northwest),SHELDON,OBRIEN,,2ND AVE & W 8TH ST,Collision with:  Parked motor vehicle,On Roadway,"Sideswipe, same direction",Over correcting/over steering,None Indicated,,Daylight,Dry,Clear,None apparent,Non-intersection:  Driveway access (within),Paved,,Property Damage Only,0,0,0,0,0,0,1500,2,2,,POINT (-95.855768172965 43.182264341698)
2014828326,14080021,08/01/2014,08-August,6-Friday,18:50,1800 Hours,District 5 (Southeast),,WAPELLO,,Co Rd H21/ROCK BLUFF RD,Collision with:  Animal,,Non-collision (single vehicle),Animal,None Indicated,,,,,,,Unpaved,,Property Damage Only,0,0,0,0,0,0,3000,1,1,,POINT (-92.49555486468 41.058736811588)
2014810525,14-19813,08/01/2014,08-August,6-Friday,12:30,1200 Hours,District 1 (Central),,JASPER,,E 76TH ST N,Collision with:  Vehicle in traffic,On Roadway,"Sideswipe, opposite direction",Crossed centerline (undivided),None Indicated,,Daylight,"Mud, dirt",Clear,None apparent,Non-intersection:  Driveway access (within),Unpaved,,Property Damage Only,0,0,0,0,0,0,13400,2,2,,POINT (-92.960777197813 41.730685580312)
2014811143,01-14-34114,08/01/2014,08-August,6-Friday,17:34,1700 Hours,District 6 (East Central),DUBUQUE,DUBUQUE,US 52,US 52/KERRIGAN RD,Collision with:  Vehicle in traffic,On Roadway,Rear-end (front to rear),Lost Control,None Indicated,,Daylight,Dry,Clear,None apparent,Non-intersection:  Non-junction/no special feature,Paved,,Property Damage Only,0,0,0,0,0,0,1750,2,2,,POINT (-90.663147440572 42.495710957163)
2014810676,2014-14638,08/01/2014,08-August,6-Friday,15:24,1500 Hours,District 6 (East Central),BETTENDORF,SCOTT,US 67,US 67/STATE ST & DEVILS GLEN RD,Collision with:  Vehicle in traffic,On Roadway,"Angle, oncoming left turn",Ran Traffic Signal,None Indicated,,Daylight,Dry,Cloudy,None apparent,Intersection:  Four-way intersection,Paved,,Property Damage Only,0,0,0,0,0,0,6000,2,4,,POINT (-90.481387090603 41.529281020836)
2014811548,01-14-34103,08/01/2014,08-August,6-Friday,16:40,1600 Hours,District 6 (East Central),DUBUQUE,DUBUQUE,US 52,US 52/KERRIGAN RD,Collision with:  Vehicle in traffic,On Roadway,Rear-end (front to rear),Crossed centerline (undivided),None Indicated,,Daylight,Dry,Clear,None apparent,Non-intersection:  Non-junction/no special feature,Paved,,Property Damage Only,0,0,0,0,0,0,5000,2,3,,POINT (-90.662978702152 42.495014113059)
2014811735,2014-53426,08/01/2014,08-August,6-Friday,12:31,1200 Hours,District 6 (East Central),DAVENPORT,SCOTT,,EASTERN AVE,Collision with:  Vehicle in traffic,On Roadway,Broadside (front to side),Other (explain in narrative):  Other,None Indicated,,Daylight,Dry,Cloudy,None apparent,Non-intersection:  Non-junction/no special feature,Paved,,Property Damage Only,0,0,0,0,0,0,2700,2,3,,POINT (-90.551397800538 41.556489135181)
2014810521,14-1205,08/01/2014,08-August,6-Friday,16:20,1600 Hours,District 1 (Central),,GREENE,US 30,US 30/220TH,Collision with:  Animal,On Roadway,Non-collision (single vehicle),Animal,None Indicated,,Daylight,Dry,Clear,None apparent,Non-intersection:  Non-junction/no special feature,Paved,,Property Damage Only,0,0,0,0,0,0,3500,1,1,,POINT (-94.423991259468 42.034566799014)
2014810847,14-1124,08/01/2014,08-August,6-Friday,10:13,1000 Hours,District 3 (Northwest),SPIRIT LAKE,DICKINSON,US 71,US 71 & 30TH ST,Collision with:  Vehicle in traffic,On Roadway,"Angle, oncoming left turn",FTYROW:  Making left turn,None Indicated,,Daylight,Dry,Clear,None apparent,Intersection:  Four-way intersection,Paved,,Property Damage Only,0,0,0,0,0,0,6000,2,2,,POINT (-95.126507980958 43.413003248754)