Iowa DOT Case Number,Law Enforcement Case Number,Date of Crash,Month of Crash,Day of Week,Time of Crash,Hour,DOT District,City Name,County Name,Route with System,Location Description,First Harmful Event,Location of First Harmful Event,Manner of Crash/Collision,Major Cause,Drug or Alcohol ,Environmental Conditions,Light Conditions,Surface Conditions,Weather Conditions,Roadway Contribution,Roadway Type,Roadway Surface,Work Zone,Crash Severity,Number of Fatalities,Number of Injuries,Number of Major Injuries,Number of Minor Injuries,Number of Possible Injuries,Number of Unknown Injuries,Amount of Property Damage,Number of Vehicles Involved,Total Number of Occupants,Travel Direction,Location
2014810446,14-26850,08/01/2014,08-August,6-Friday,10:11,1000 Hours,District 5 (Southeast),BURLINGTON,DES MOINES,,CATHMAR ST & RANDALL LN,Collision with:  Vehicle in traffic,On Roadway,Head-on (front to front),Made improper turn,None Indicated,,Daylight,Dry,Cloudy,None apparent,Intersection:  T-intersection,Paved,,Property Damage Only,0,0,0,0,0,0,2000,2,5,,POINT (-91.135341753585 40.801609211299)
2014895492,067-14,08/01/2014,08-August,6-Friday,16:05,1600 Hours,District 4 (Southwest),,MADISON,,Co Rd G50/SAINT CHARLES RD & NORWOOD AVE,Collision with:  Vehicle in traffic,On Roadway,Rear-end (front to rear),Driving too fast for conditions,None Indicated,,Daylight,Dry,Clear,None apparent,Intersection:  T-intersection,Paved,,Major Injury,0,1,1,0,0,0,5500,2,2,,POINT (-93.98426744281 41.311485205087)
2014810641,14-3695,08/01/2014,08-August,6-Friday,19:10,1900 Hours,District 1 (Central),WEST DES MOINES,POLK,,GRAND AVE,Collision with:  Vehicle in traffic,On Roadway,Rear-end (front to rear),Followed too close,None Indicated,,Daylight,Dry,Clear,None apparent,Intersection:  Four-way intersection,Paved,,Property Damage Only,0,0,0,0,0,0,1900,2,2,,POINT (-93.703938354996 41.582719662791)
2014828205,14-064,08/01/2014,08-August,6-Friday,14:27,1400 Hours,District 3 (Northwest),SIOUX CENTER,SIOUX,US 75,US 75/MAIN AVE & 16TH ST SE,Collision with:  Vehicle in traffic,On Roadway,Broadside (front to side),Unknown,None Indicated,,Daylight,Dry,Cloudy,None apparent,Intersection:  Four-way intersection,Paved,,Property Damage Only,0,0,0,0,0,0,6000,2,2,,POINT (-96.175336899982 43.060392590136)
2014812794,,08/01/2014,08-August,6-Friday,14:30,1400 Hours,District 5 (Southeast),FORT MADISON,LEE,,20TH ST,Collision with:  Vehicle in traffic,On Roadway,Rear-end (front to rear),Followed too close,None Indicated,,Daylight,Dry,Clear,None apparent,Non-intersection:  Non-junction/no special feature,Paved,,Property Damage Only,0,0,0,0,0,0,2000,2,3,,POINT (-91.333540459582 40.627939813094)
2014810587,20140022197,08/01/2014,08-August,6-Friday,17:27,1700 Hours,District 1 (Central),DES MOINES,POLK,,KENYON AVE & SW 9TH ST,Collision with:  Vehicle in traffic,On Roadway,Rear-end (front to rear),Followed too close,None Indicated,,Daylight,Dry,Clear,Work Zone (roadway-related),Non-intersection:  Non-junction/no special feature,Paved,Yes,Possible/Unknown,0,1,0,0,1,0,3500,2,2,,POINT (-93.625745308721 41.535541243815)
2014811750,14-0425,08/01/2014,08-August,6-Friday,23:44,2300 Hours,District 1 (Central),,WEBSTER,,Co Rd P53/160TH ST,Collision with:  Vehicle in traffic,On Roadway,Rear-end (front to rear),Followed too close,None Indicated,,Dark - roadway lighted,Dry,Clear,None apparent,Intersection:  T-intersection,Paved,,Minor Injury,0,2,0,1,1,0,400,2,4,,POINT (-94.194240068524 42.557978241089)
2014811547,01-14-34044,08/01/2014,08-August,6-Friday,13:30,1300 Hours,District 6 (East Central),DUBUQUE,DUBUQUE,,WILBRICHT LN & ASBURY RD,Collision with:  Vehicle in traffic,On Roadway,Rear-end (front to rear),Lost Control,None Indicated,,Daylight,Dry,Clear,None apparent,Non-intersection:  Non-junction/no special feature,Paved,,Minor Injury,0,1,0,1,0,0,7500,2,2,,POINT (-90.701104149163 42.504610738983)
2014811419,14009319,08/01/2014,08-August,6-Friday,00:16,0000 Hours,District 2 (Northeast),,FAYETTE,,Co Rd W14/ROSE RD,Collision with:  Animal,,,Animal,None Indicated,,,,,,,Paved,,Property Damage Only,0,0,0,0,0,0,1500,1,1,,POINT (-91.933260381239 43.02378349726)
2014811012,14-018683,08/01/2014,08-August,6-Friday,21:15,2100 Hours,District 5 (Southeast),,MARION,IA 5,IA 5/IOWA 5,Collision with:  Animal,,,Animal,None Indicated,,,,,,,Paved,,Property Damage Only,0,0,0,0,0,0,3500,1,1,,POINT (-93.135764557584 41.317739277413)
2014810490,14010828,08/01/2014,08-August,6-Friday,11:12,1100 Hours,District 5 (Southeast),CENTERVILLE,APPANOOSE,IA 5,IA 5/S 18TH ST,Collision with:  Vehicle in traffic,On Roadway,Rear-end (front to rear),Followed too close,None Indicated,,Daylight,Dry,Clear,None apparent,Non-intersection:  Non-junction/no special feature,Paved,,Property Damage Only,0,0,0,0,0,0,4500,2,2,,POINT (-92.867930093983 40.726913711101)
2014817033,A14054,08/01/2014,08-August,6-Friday,15:31,1500 Hours,District 5 (Southeast),KNOXVILLE,MARION,IA 14,IA 14/LINCOLN ST & W BELL AVE,Collision with:  Vehicle in traffic,On Roadway,"Sideswipe, same direction",Improper or erratic lane changing,None Indicated,,Daylight,Dry,Clear,None apparent,Intersection:  Four-way intersection,Paved,,Property Damage Only,0,0,0,0,0,0,3500,2,3,,POINT (-93.109495713812 41.306264369993)
2014810773,14-26922,08/01/2014,08-August,6-Friday,19:42,1900 Hours,District 5 (Southeast),BURLINGTON,DES MOINES,,WEST AVE & WELLSHIRE DR & W ROOSEVELT FRONTAGE,Collision with:  Vehicle in traffic,On Roadway,"Sideswipe, same direction",Unknown,None Indicated,,Daylight,Dry,Cloudy,None apparent,Non-intersection:  Non-junction/no special feature,Paved,,Possible/Unknown,0,1,0,0,1,0,1000,2,3,,POINT (-91.1429615463 40.8004169935)
2014810552,201411156,08/01/2014,08-August,6-Friday,12:56,1200 Hours,District 6 (East Central),CEDAR RAPIDS,LINN,,50TH AVE SW & 50TH AVE DR SW & BOWLING ST SW,Collision with:  Vehicle in traffic,On Roadway,Broadside (front to side),FTYROW:  From stop sign,None Indicated,,Daylight,Dry,Cloudy,None apparent,Intersection:  Four-way intersection,Paved,,Minor Injury,0,2,0,2,0,0,14500,2,4,,POINT (-91.656887501043 41.929608254507)
2014810775,AP 14-0220,08/01/2014,08-August,6-Friday,09:20,0900 Hours,District 6 (East Central),ANAMOSA,JONES,,CEMETERY RD & ELM ST,Collision with:  Vehicle in traffic,On Roadway,Broadside (front to side),FTYROW:  From driveway,None Indicated,,Daylight,Dry,Cloudy,None apparent,Non-intersection:  Driveway access (within),Paved,,Possible/Unknown,0,1,0,0,1,0,4000,2,2,,POINT (-91.293687452073 42.104251323149)
2014810732,14-24810,08/01/2014,08-August,6-Friday,12:14,1200 Hours,District 3 (Northwest),SIOUX CITY,WOODBURY,,SINGING HILLS BLVD & SOUTHGATE DR,Collision with:  Vehicle in traffic,On Roadway,"Angle, oncoming left turn",FTYROW:  Making left turn,None Indicated,,Daylight,Dry,Clear,None apparent,Intersection:  Four-way intersection,Paved,,Property Damage Only,0,0,0,0,0,0,10000,2,6,,POINT (-96.368180703857 42.435534005545)
2014810411,20140022166,08/01/2014,08-August,6-Friday,12:01,1200 Hours,District 1 (Central),DES MOINES,POLK,,FLEUR DR,Collision with:  Vehicle in traffic,On Roadway,Rear-end (front to rear),Other (explain in narrative):  Other,None Indicated,,Daylight,Dry,Clear,Work Zone (roadway-related),Non-intersection:  Non-junction/no special feature,Paved,Yes,Property Damage Only,0,0,0,0,0,0,6500,3,4,,POINT (-93.644937424942 41.554800932943)
2014810774,14-26932,08/01/2014,08-August,6-Friday,21:10,2100 Hours,District 5 (Southeast),BURLINGTON,DES MOINES,US 61,US 61,Collision with:  Vehicle in traffic,On Roadway,"Angle, oncoming left turn",Separation of units,None Indicated,,Dark - roadway lighted,Wet,Cloudy,None apparent,Intersection:  Four-way intersection,Paved,,Property Damage Only,0,0,0,0,0,0,4000,2,4,,POINT (-91.141686844929 40.796820345866)
2014810611,20140022204,08/01/2014,08-August,6-Friday,18:44,1800 Hours,District 1 (Central),DES MOINES,POLK,,E UNIVERSITY AVE & E 12TH ST,Collision with:  Vehicle in traffic,On Roadway,Broadside (front to side),Ran Stop Sign,None Indicated,,Daylight,Dry,Clear,None apparent,Intersection:  Four-way intersection,Paved,,Minor Injury,0,1,0,1,0,0,12000,2,3,,POINT (-93.604783203267 41.60034372797)
2014810689,2014-53476,08/01/2014,08-August,6-Friday,16:59,1600 Hours,District 6 (East Central),DAVENPORT,SCOTT,,W 13TH ST & N LINCOLN AVE,Collision with:  Vehicle in traffic,On Roadway,Broadside (front to side),FTYROW:  From stop sign,None Indicated,,Daylight,Dry,Clear,None apparent,Intersection:  T-intersection,Paved,,Fatal,1,3,0,1,2,0,4000,2,4,,POINT (-90.613262464766 41.532878835561)
2014810779,CL14002707,08/01/2014,08-August,6-Friday,17:45,1700 Hours,District 6 (East Central),CLINTON,CLINTON,US 30,US 30/LINCOLN WAY & CENTRAL STEEL RD & MILL CREEK PKWY,Collision with:  Vehicle in traffic,On Roadway,Broadside (front to side),Ran Traffic Signal,None Indicated,,Daylight,Dry,Cloudy,None apparent,Intersection:  Four-way intersection,Paved,,Property Damage Only,0,0,0,0,0,0,12000,2,2,,POINT (-90.257553204529 41.81539278325)
2014810589,20140022211,08/01/2014,08-August,6-Friday,19:42,1900 Hours,District 1 (Central),DES MOINES,POLK,US 69,US 69/SE 14TH ST,Collision with:  Vehicle in traffic,On Roadway,Rear-end (front to rear),Followed too close,None Indicated,,Dusk,Dry,Cloudy,None apparent,Intersection:  T-intersection,Paved,,Possible/Unknown,0,2,0,0,2,0,2800,2,4,,POINT (-93.596892847354 41.57880358449)
2014811620,1400000669,08/01/2014,08-August,6-Friday,18:12,1800 Hours,District 1 (Central),,MARSHALL,,Co Rd T29/WALLACE AVE & 170TH ST,Collision with:  Vehicle in traffic,On Roadway,Broadside (front to side),FTYROW:  Other (explain in narrative),None Indicated,,Daylight,Dry,Clear,None apparent,Intersection:  Four-way intersection,Paved,,Property Damage Only,0,0,0,0,0,0,8000,2,3,,POINT (-92.82511704165 42.107457355817)
2014899607,NT-14-090,08/01/2014,08-August,6-Friday,09:00,0900 Hours,District 1 (Central),NEVADA,STORY,,K AVE,Collision with:  Vehicle in traffic,On Roadway,Rear-end (front to rear),FTYROW:  Other (explain in narrative),None Indicated,,Daylight,Dry,Clear,None apparent,Non-intersection:  Non-junction/no special feature,Paved,,Property Damage Only,0,0,0,0,0,0,3000,2,2,,POINT (-93.451590569449 42.02168031324)
2014810544,14-023616,08/01/2014,08-August,6-Friday,17:03,1700 Hours,District 5 (Southeast),,LEE,US 61,US 61,Collision with fixed object:  Ditch,Roadside,Non-collision (single vehicle),Ran off road - right,None Indicated,,Daylight,Wet,Rain,"Surface condition (e.g., wet, icy)",Intersection:  T-intersection,Paved,,Property Damage Only,0,0,0,0,0,0,2500,1,1,,POINT (-91.425553432418 40.582486976934)
2014811843,14013058,08/01/2014,08-August,6-Friday,09:40,0900 Hours,District 2 (Northeast),MASON CITY,CERRO GORDO,,6TH ST SW & S PIERCE AVE,Collision with:  Vehicle in traffic,On Roadway,Broadside (front to side),Ran Stop Sign,None Indicated,,Daylight,Dry,Clear,None apparent,Intersection:  Four-way intersection,Paved,,Property Damage Only,0,0,0,0,0,0,10000,2,2,,POINT (-93.221043145726 43.146506382034)
2014811424,14076974,08/01/2014,08-August,6-Friday,03:20,0300 Hours,District 2 (Northeast),CEDAR FALLS,BLACK HAWK,IA 27,IA 27,Collision with:  Animal,,,Animal,None Indicated,,,,,,,Paved,,Property Damage Only,0,0,0,0,0,0,4000,1,1,,POINT (-92.442140132654 42.520876961375)
2014810718,14-003544,08/01/2014,08-August,6-Friday,11:50,1100 Hours,District 1 (Central),AMES,STORY,,MORTENSON PKWY & UNIVERSITY BLVD,Collision with:  Vehicle in traffic,On Roadway,"Sideswipe, same direction",Improper or erratic lane changing,None Indicated,,Daylight,Dry,Clear,None apparent,Intersection:  T-intersection,Paved,,Property Damage Only,0,0,0,0,0,0,5999,2,3,,POINT (-93.639293967511 42.00835026469)
2014812791,2014-0170,08/01/2014,08-August,6-Friday,13:46,1300 Hours,District 5 (Southeast),CARLISLE,WARREN,IA 5,IA 5/IOWA 5 & 165TH PL & S GARFIELD ST,Collision with:  Vehicle in traffic,On Roadway,Broadside (front to side),FTYROW:  From stop sign,None Indicated,,Daylight,Dry,Clear,None apparent,Intersection:  Four-way intersection,Paved,,Property Damage Only,0,0,0,0,0,0,1600,2,4,,POINT (-93.484837319556 41.493454562812)
2014810531,C14002387,08/01/2014,08-August,6-Friday,18:31,1800 Hours,District 6 (East Central),CORALVILLE,JOHNSON,,12TH AVE & 5TH ST,Collision with:  Vehicle in traffic,On Roadway,"Sideswipe, same direction",Other (explain in narrative):  Other,None Indicated,,Daylight,Dry,Clear,None apparent,Non-intersection:  Non-junction/no special feature,Paved,,Property Damage Only,0,0,0,0,0,0,4000,2,2,,POINT (-91.580661572776 41.676027164012)
2014819566,2014044644,08/01/2014,08-August,6-Friday,15:28,1500 Hours,District 6 (East Central),,CLINTON,US 61,US 61,Collision with fixed object:  Bridge overhead structure,On Roadway,Non-collision (single vehicle),Swerving/Evasive Action,None Indicated,,Daylight,Dry,Clear,None apparent,Non-intersection:  Other non-intersection (explain in narrative),Paved,,Possible/Unknown,0,1,0,0,1,0,3500,1,1,,POINT (-90.567768619538 41.768501473304)
2014810776,14-077182,08/01/2014,08-August,6-Friday,17:47,1700 Hours,District 2 (Northeast),,BLACK HAWK,US 218,US 218 & Co Rd C57/W CEDAR-WAPSI RD,Collision with:  Vehicle in traffic,On Roadway,Broadside (front to side),FTYROW:  From stop sign,None Indicated,,Daylight,Dry,Clear,None apparent,Intersection:  T-intersection,Paved,,Minor Injury,0,1,0,1,0,0,55000,3,5,,POINT (-92.443579843538 42.613742112718)
2014810601,20140022233,08/01/2014,08-August,6-Friday,22:55,2200 Hours,District 1 (Central),DES MOINES,POLK,US 69,US 69/E 14TH ST,Collision with:  Vehicle in traffic,On Roadway,Rear-end (front to rear),"Operating vehicle in an reckless, erratic, careless, negligent manner",Alcohol (Statutory),,Dark - roadway lighted,Dry,Cloudy,None apparent,Non-intersection:  Non-junction/no special feature,Paved,,Property Damage Only,0,0,0,0,0,0,3000,2,4,,POINT (-93.600520851867 41.625964582348)
2014810897,14-000882,08/01/2014,08-August,6-Friday,18:24,1800 Hours,District 1 (Central),MCCALLSBURG,STORY,,FRUITT AVE & N 6TH ST,Collision with:  Vehicle in traffic,On Roadway,Broadside (front to side),FTYROW:  At uncontrolled intersection,None Indicated,,Daylight,Dry,Clear,None apparent,Intersection:  Other intersection (explain in narrative),Paved,,Property Damage Only,0,0,0,0,0,0,2500,2,2,,POINT (-93.388486747715 42.167618343849)
2014811101,2014044669,08/01/2014,08-August,6-Friday,16:20,1600 Hours,District 1 (Central),,HAMILTON,I-35,I-35 & Co Rd D59/350TH ST,Collision with:  Vehicle in traffic,On Roadway,Rear-end (front to rear),Ran off road - right,None Indicated,,Daylight,Dry,Clear,Work Zone (roadway-related),Non-intersection:  Non-junction/no special feature,Paved,Yes,Minor Injury,0,5,0,1,4,0,29000,3,5,,POINT (-93.570397579755 42.281868209231)
2014810583,20140022181,08/01/2014,08-August,6-Friday,14:20,1400 Hours,District 1 (Central),DES MOINES,POLK,US 69,US 69/SE 14TH ST & MAURY ST,Collision with:  Vehicle in traffic,On Roadway,"Angle, oncoming left turn",Ran Traffic Signal,None Indicated,,Daylight,Dry,Cloudy,None apparent,Intersection:  Four-way intersection,Paved,,Property Damage Only,0,0,0,0,0,0,4500,2,3,,POINT (-93.596819524233 41.581262948595)
2014811498,2014044467,08/01/2014,08-August,6-Friday,06:50,0600 Hours,District 1 (Central),,POLK,I-80,I-80,Collision with:  Other non-fixed object (explain in narrative),On Roadway,Non-collision (single vehicle),Cargo/equipment loss or shift,None Indicated,,Daylight,Dry,Clear,Debris,Non-intersection:  Non-junction/no special feature,Paved,,Major Injury,0,1,1,0,0,0,1800,3,3,,POINT (-93.554086090998 41.655290981046)
2014810548,201411153,08/01/2014,08-August,6-Friday,12:29,1200 Hours,District 6 (East Central),CEDAR RAPIDS,LINN,,41ST AVE DR SW,Collision with:  Vehicle in traffic,On Roadway,"Angle, oncoming left turn",Lost Control,None Indicated,,Daylight,Dry,Cloudy,None apparent,Non-intersection:  Non-junction/no special feature,Paved,,Possible/Unknown,0,1,0,0,1,0,4000,2,2,,POINT (-91.656187763653 41.937660885755)
2014810822,2014044542,08/01/2014,08-August,6-Friday,11:09,1100 Hours,District 2 (Northeast),POSTVILLE,ALLAMAKEE,IA 51,IA 51/LAWLER ST,Collision with fixed object:  Other fixed object (explain in narrative),Outside trafficway,Non-collision (single vehicle),Lost Control,None Indicated,,Daylight,Dry,Cloudy,None apparent,Non-intersection:  Other non-intersection (explain in narrative),Paved,,Minor Injury,0,2,0,2,0,0,1200,1,2,,POINT (-91.568368826081 43.08592260884)
2014810918,2014044534,08/01/2014,08-August,6-Friday,10:48,1000 Hours,District 1 (Central),,POWESHIEK,I-80,I-80,Collision with fixed object:  Traffic sign support,On Roadway,Non-collision (single vehicle),Swerving/Evasive Action,None Indicated,,Daylight,Dry,Clear,None apparent,Intersection:  Intersection with ramp,Paved,,Property Damage Only,0,0,0,0,0,0,2750,1,3,,POINT (-92.356501824196 41.697230657421)
2014811449,201400037345,08/01/2014,08-August,6-Friday,12:14,1200 Hours,District 5 (Southeast),OTTUMWA,WAPELLO,US 34,US 34,Collision with:  Vehicle in traffic,On Roadway,Rear-end (front to rear),Followed too close,None Indicated,,Daylight,Dry,Cloudy,None apparent,Non-intersection:  Non-junction/no special feature,Paved,,Property Damage Only,0,0,0,0,0,0,4500,3,4,,POINT (-92.436918331841 41.018352071019)
2014810414,14-3685,08/01/2014,08-August,6-Friday,12:45,1200 Hours,District 4 (Southwest),WEST DES MOINES,DALLAS,,VISTA DR & JORDAN CREEK PKWY,Collision with:  Vehicle in traffic,On Roadway,"Sideswipe, same direction",Over correcting/over steering,None Indicated,,Daylight,Dry,Clear,None apparent,Intersection:  T-intersection,Paved,,Property Damage Only,0,0,0,0,0,0,4400,2,3,,POINT (-93.809034476274 41.58899973632)
2014810650,14-001757,08/01/2014,08-August,6-Friday,15:05,1500 Hours,District 1 (Central),ALTOONA,POLK,US 6,US 6/FREDERICK M HUBBELL AVE & 34TH AVE SW & 34TH AVE NW,Collision with:  Vehicle in traffic,On Roadway,Rear-end (front to rear),FTYROW:  Making right turn on red signal,None Indicated,,Daylight,Dry,Clear,None apparent,Intersection:  T-intersection,Paved,,Property Damage Only,0,0,0,0,0,0,4500,2,4,,POINT (-93.503113628453 41.655066031256)
2014810633,14-1693,08/01/2014,08-August,6-Friday,09:20,0900 Hours,District 1 (Central),URBANDALE,POLK,,DOUGLAS AVE & 86TH ST,Collision with:  Vehicle in traffic,On Roadway,Broadside (front to side),Ran Traffic Signal,None Indicated,,Daylight,Dry,Clear,None apparent,Intersection:  Four-way intersection,Paved,,Property Damage Only,0,0,0,0,0,0,7000,2,3,,POINT (-93.73652168413 41.629208865355)
2014810735,14-24849,08/01/2014,08-August,6-Friday,18:51,1800 Hours,District 3 (Northwest),SIOUX CITY,WOODBURY,US 20,US 20/RAMP,Non-collision events:  Other non-collision (explain in narrative),On Roadway,Non-collision (single vehicle),Other (explain in narrative):  No improper action,None Indicated,,Daylight,Dry,Clear,Debris,Non-intersection:  Other non-intersection (explain in narrative),Paved,,Property Damage Only,0,0,0,0,0,0,1500,1,1,,POINT (-96.32609425447 42.460977653392)
2014813556,PD1406607,08/01/2014,08-August,6-Friday,14:56,1400 Hours,District 5 (Southeast),FAIRFIELD,JEFFERSON,,W GRIMES AVE & N 5TH ST,Collision with:  Vehicle in traffic,On Roadway,Broadside (front to side),FTYROW:  From yield sign,None Indicated,,Daylight,Dry,Clear,None apparent,Intersection:  Four-way intersection,Paved,,Property Damage Only,0,0,0,0,0,0,4500,2,4,,POINT (-91.969263221186 41.010074148965)
2014810588,20140022201,08/01/2014,08-August,6-Friday,18:11,1800 Hours,District 1 (Central),DES MOINES,POLK,US 6,US 6/EUCLID AVE & 6TH AVE,Collision with:  Vehicle in traffic,On Roadway,"Sideswipe, same direction",Other (explain in narrative):  Other,None Indicated,,Daylight,Dry,Clear,None apparent,Intersection:  Four-way intersection,Paved,,Property Damage Only,0,0,0,0,0,0,2650,2,2,,POINT (-93.624762711677 41.627681860805)
2014835385,1400802,08/01/2014,08-August,6-Friday,16:15,1600 Hours,District 1 (Central),TOLEDO,TAMA,,2ND AVE,Collision with:  Vehicle in traffic,On Roadway,Broadside (front to side),Driver Distraction:  Passenger,None Indicated,,Daylight,Dry,Clear,None apparent,Non-intersection:  Driveway access (within),Paved,,Property Damage Only,0,0,0,0,0,0,12800,2,3,,POINT (-92.584064082202 41.984896843616)
2014810546,14-23650,08/01/2014,08-August,6-Friday,21:04,2100 Hours,District 5 (Southeast),FORT MADISON,LEE,,Co Rd J48/180 ST,Collision with:  Animal,,,Animal,None Indicated,,,,,,,Paved,,Property Damage Only,0,0,0,0,0,0,3000,1,1,,POINT (-91.310690929779 40.696177945071)
2014811459,2014008248,08/01/2014,08-August,6-Friday,15:10,1500 Hours,District 6 (East Central),IOWA CITY,JOHNSON,,OLD HIGHWAY 218,Collision with:  Vehicle in traffic,On Roadway,Rear-end (front to rear),Followed too close,None Indicated,,Daylight,Dry,Cloudy,None apparent,Intersection:  T-intersection,Paved,,Possible/Unknown,0,1,0,0,1,0,6500,2,5,,POINT (-91.53968488161 41.644070789498)
2014824097,A390814-1813,08/01/2014,08-August,6-Friday,15:29,1500 Hours,District 4 (Southwest),,GUTHRIE,,Co Rd F65/WHITE POLE RD & Co Rd N54/FRONTIER RD,Collision with:  Vehicle in traffic,On Roadway,"Angle, oncoming left turn",FTYROW:  Making left turn,None Indicated,,Daylight,Dry,Cloudy,None apparent,Intersection:  T-intersection,Paved,,Possible/Unknown,0,1,0,0,1,0,8500,2,3,,POINT (-94.642794953852 41.516843814922)
2014810505,142254,08/01/2014,08-August,6-Friday,12:09,1200 Hours,District 3 (Northwest),DENISON,CRAWFORD,,INDUSTRIAL DR & AVE C,Collision with:  Vehicle in traffic,On Roadway,Rear-end (front to rear),Followed too close,None Indicated,,Daylight,Dry,Clear,None apparent,Non-intersection:  Non-junction/no special feature,Paved,,Property Damage Only,0,0,0,0,0,0,3000,2,2,,POINT (-95.36418254737 42.022450651974)
2014810687,2014-53360,08/01/2014,08-August,6-Friday,05:32,0500 Hours,District 6 (East Central),DAVENPORT,SCOTT,US 6,US 6/SPRUCE HILLS DR & ELMORE AVE,Collision with:  Vehicle in traffic,On Roadway,Broadside (front to side),Ran Traffic Signal,None Indicated,,Dawn,Dry,Clear,None apparent,Intersection:  Four-way intersection,Paved,,Property Damage Only,0,0,0,0,0,0,8000,2,2,,POINT (-90.527307818173 41.554946599302)
2014810756,14-24781,08/01/2014,08-August,6-Friday,05:10,0500 Hours,District 3 (Northwest),SIOUX CITY,WOODBURY,,1ST ST,Collision with:  Parked motor vehicle,On Roadway,Unknown,Lost Control,None Indicated,,Dark - roadway not lighted,Dry,Cloudy,None apparent,Non-intersection:  Non-junction/no special feature,Paved,,Property Damage Only,0,0,0,0,0,0,7000,2,1,,POINT (-96.374046450999 42.491081387981)
2014816376,,08/01/2014,08-August,6-Friday,21:03,2100 Hours,District 2 (Northeast),,WINNESHIEK,IA 139,IA 139/IOWA 139,Collision with:  Animal,On Roadway,Non-collision (single vehicle),Animal,None Indicated,,Dark - roadway not lighted,Dry,Cloudy,None apparent,Intersection:  Y-intersection,Paved,,Property Damage Only,0,0,0,0,0,0,4500,1,1,,POINT (-92.065629957111 43.392980231192)
2014812060,2014-53408,08/01/2014,08-August,6-Friday,10:35,1000 Hours,District 6 (East Central),DAVENPORT,SCOTT,,SCHMIT RD,Collision with:  Railway vehicle/train,On Roadway,Broadside (front to side),FTYROW:  Other (explain in narrative),None Indicated,,Daylight,Dry,Clear,None apparent,Non-intersection:  Railroad grade crossing,Paved,,Property Damage Only,0,0,0,0,0,0,5000,2,2,,POINT (-90.608120538016 41.514335731452)
2014811255,2014044539,08/01/2014,08-August,6-Friday,09:02,0900 Hours,District 2 (Northeast),,CHICKASAW,US 63,US 63 & MISSION AVE,Collision with:  Vehicle in traffic,On Roadway,Rear-end (front to rear),Crossed centerline (undivided),None Indicated,,Daylight,Dry,Cloudy,None apparent,Intersection:  Y-intersection,Paved,,Fatal,1,2,0,1,1,0,13000,4,4,,POINT (-92.298881083396 43.091794306744)
2014810582,20140022178,08/01/2014,08-August,6-Friday,13:44,1300 Hours,District 1 (Central),DES MOINES,POLK,,2ND AVE,Collision with:  Vehicle in traffic,On Roadway,"Sideswipe, same direction",Improper or erratic lane changing,None Indicated,,Daylight,Dry,Cloudy,None apparent,Intersection:  T-intersection,Paved,,Property Damage Only,0,0,0,0,0,0,2400,2,3,,POINT (-93.620299601296 41.590380114147)
2014810731,14-24804,08/01/2014,08-August,6-Friday,12:09,1200 Hours,District 3 (Northwest),SIOUX CITY,WOODBURY,,HAMILTON BLVD,Collision with:  Vehicle in traffic,On Roadway,Rear-end (front to rear),Followed too close,None Indicated,,Daylight,Dry,Clear,None apparent,Non-intersection:  Non-junction/no special feature,Paved,,Possible/Unknown,0,2,0,0,1,1,100,2,2,,POINT (-96.417675017236 42.52295961731)
2014835765,14-05280,08/01/2014,08-August,6-Friday,09:26,0900 Hours,District 2 (Northeast),OELWEIN,FAYETTE,,CHARLES ST W & 13TH AVE SW & 13TH AVE NW,Collision with:  Non-motorist (see non-motorist section - NOT a unit),On Roadway,Non-collision (single vehicle),Ran Stop Sign,None Indicated,,Daylight,Dry,Clear,None apparent,Intersection:  Four-way intersection,Paved,,Possible/Unknown,0,1,0,0,1,0,0,1,1,,POINT (-91.933123998946 42.678306506422)
2014811128,14-7903,08/01/2014,08-August,6-Friday,07:00,0700 Hours,District 3 (Northwest),CARROLL,CARROLL,,BLUFF ST,Collision with:  Parked motor vehicle,On Roadway,Head-on (front to front),Exceeded authorized speed,None Indicated,,Daylight,Dry,Clear,None apparent,Non-intersection:  Non-junction/no special feature,Paved,,Property Damage Only,0,0,0,0,0,0,7000,2,1,,POINT (-94.873889704593 42.06045172832)
2014811492,14C03563,08/01/2014,08-August,6-Friday,14:36,1400 Hours,District 4 (Southwest),CRESTON,UNION,,W ADAMS ST & S ELM ST & N ELM ST,Collision with:  Vehicle in traffic,On Roadway,Broadside (front to side),Other (explain in narrative):  Other,None Indicated,,Daylight,Dry,Cloudy,None apparent,Non-intersection:  Non-junction/no special feature,Paved,,Property Damage Only,0,0,0,0,0,0,4500,2,2,,POINT (-94.363850341312 41.057309721959)
2014811549,01-14-34123,08/01/2014,08-August,6-Friday,18:44,1800 Hours,District 6 (East Central),DUBUQUE,DUBUQUE,,E 25TH ST & WHITE ST,Collision with:  Vehicle in traffic,On Roadway,Broadside (front to side),Ran Stop Sign,None Indicated,,Daylight,Dry,Clear,None apparent,Intersection:  Four-way intersection,Paved,,Property Damage Only,0,0,0,0,0,0,4500,2,3,,POINT (-90.673120712971 42.517823665044)
2014810550,201411163,08/01/2014,08-August,6-Friday,15:04,1500 Hours,District 6 (East Central),CEDAR RAPIDS,LINN,,DIAGONAL DR SW & 1ST ST SW,Collision with:  Vehicle in traffic,On Roadway,Broadside (front to side),Ran Traffic Signal,None Indicated,,Daylight,Dry,Cloudy,None apparent,Intersection:  Four-way intersection,Paved,,Property Damage Only,0,0,0,0,0,0,7500,2,3,,POINT (-91.669325900466 41.970624522111)
2014810585,20140022194,08/01/2014,08-August,6-Friday,17:15,1700 Hours,District 1 (Central),DES MOINES,POLK,,GRAND AVE & 5TH AVE,Collision with:  Vehicle in traffic,On Roadway,Broadside (front to side),Ran Traffic Signal,None Indicated,,Daylight,Dry,Clear,None apparent,Intersection:  Four-way intersection,Paved,,Property Damage Only,0,0,0,0,0,0,4000,2,3,,POINT (-93.624032314023 41.588027035834)