Iowa DOT Case Number,Law Enforcement Case Number,Date of Crash,Month of Crash,Day of Week,Time of Crash,Hour,DOT District,City Name,County Name,Route with System,Location Description,First Harmful Event,Location of First Harmful Event,Manner of Crash/Collision,Major Cause,Drug or Alcohol ,Environmental Conditions,Light Conditions,Surface Conditions,Weather Conditions,Roadway Contribution,Roadway Type,Roadway Surface,Work Zone,Crash Severity,Number of Fatalities,Number of Injuries,Number of Major Injuries,Number of Minor Injuries,Number of Possible Injuries,Number of Unknown Injuries,Amount of Property Damage,Number of Vehicles Involved,Total Number of Occupants,Travel Direction,Location
2014812899,201402684,08/02/2014,08-August,7-Saturday,05:00,0500 Hours,District 6 (East Central),,LINN,,BOY SCOUTS RD,Collision with fixed object:  Ditch,On Roadway,Non-collision (single vehicle),Swerving/Evasive Action,None Indicated,,Dark - roadway not lighted,Dry,Cloudy,None apparent,Non-intersection:  Non-junction/no special feature,Paved,,Possible/Unknown,0,1,0,0,0,1,8000,1,1,,POINT (-91.453971161065 42.175780327473)
2014810737,14-24880,08/02/2014,08-August,7-Saturday,00:40,0000 Hours,District 3 (Northwest),SIOUX CITY,WOODBURY,,4TH AVE & S ALICE ST,Collision with fixed object:  Other fixed object (explain in narrative),Roadside,Non-collision (single vehicle),Ran off road - right,Refused,,Dark - roadway lighted,Dry,Clear,None apparent,Intersection:  Four-way intersection,Paved,,Property Damage Only,0,0,0,0,0,0,10000,1,2,,POINT (-96.369346510281 42.469500898912)
2014810671,S79140260,08/02/2014,08-August,7-Saturday,23:50,2300 Hours,District 1 (Central),MALCOM,POWESHIEK,,2ND ST & WEBSTER ST,Collision with fixed object:  Other fixed object (explain in narrative),On Roadway,Non-collision (single vehicle),Swerving/Evasive Action,None Indicated,,Dark - roadway not lighted,Dry,Cloudy,None apparent,Non-intersection:  Railroad grade crossing,Paved,,Property Damage Only,0,0,0,0,0,0,2000,1,1,,POINT (-92.558834037715 41.706093729765)
2014810568,14-5103,08/02/2014,08-August,7-Saturday,10:06,1000 Hours,District 1 (Central),GRIMES,POLK,IA 141,IA 141/IOWA 141 & S 19TH ST & SW 19TH ST,Collision with:  Vehicle in traffic,On Roadway,Rear-end (front to rear),Followed too close,None Indicated,,Daylight,Dry,Clear,None apparent,Intersection:  Four-way intersection,Paved,,Minor Injury,0,1,0,1,0,0,7000,2,2,,POINT (-93.774969827752 41.672928841584)
2014810851,14-5844,08/02/2014,08-August,7-Saturday,06:00,0600 Hours,District 3 (Northwest),IDA GROVE,IDA,,PARK LN,Collision with:  Parked motor vehicle,On Roadway,Broadside (front to side),Improper Backing,None Indicated,,Dawn,Dry,Clear,None apparent,Non-intersection:  Driveway access (within),Paved,,Property Damage Only,0,0,0,0,0,0,2000,2,1,,POINT (-95.470014494889 42.332290222201)
2014811781,14005126,08/02/2014,08-August,7-Saturday,16:09,1600 Hours,District 2 (Northeast),ALGONA,KOSSUTH,US 169,US 169/S PHILLIPS ST & E FAIR ST,Collision with:  Vehicle in traffic,On Roadway,"Sideswipe, same direction",Crossed centerline (undivided),None Indicated,,Daylight,Dry,Cloudy,None apparent,Non-intersection:  Non-junction/no special feature,Paved,,Property Damage Only,0,0,0,0,0,0,8000,2,2,,POINT (-94.227012727575 43.060583075484)
2014810695,2014-53748,08/02/2014,08-August,7-Saturday,18:20,1800 Hours,District 6 (East Central),DAVENPORT,SCOTT,,W 8TH ST & FILLMORE ST,Collision with:  Vehicle in traffic,On Roadway,Broadside (front to side),Ran Stop Sign,None Indicated,,Daylight,Dry,Clear,None apparent,Intersection:  Four-way intersection,Paved,,Property Damage Only,0,0,0,0,0,0,9500,2,3,,POINT (-90.594297168775 41.52779108246)
2014811013,14-018711,08/02/2014,08-August,7-Saturday,23:55,2300 Hours,District 5 (Southeast),,MARION,IA 163,IA 163/IOWA 163,Collision with:  Other non-fixed object (explain in narrative),On Roadway,Non-collision (single vehicle),Swerving/Evasive Action,None Indicated,,Dark - roadway lighted,Dry,Clear,None apparent,Non-intersection:  Non-junction/no special feature,Paved,,Property Damage Only,0,0,0,0,0,0,2500,2,5,,POINT (-92.879539117688 41.389961883258)
2014810910,S14-7622,08/02/2014,08-August,7-Saturday,22:51,2200 Hours,District 3 (Northwest),SMITHLAND,WOODBURY,,Co Rd D25/OLD HWY 141,Non-collision events:  Overturn/rollover,Roadside,Non-collision (single vehicle),Crossed centerline (undivided),None Indicated,,Dark - roadway not lighted,Dry,Cloudy,None apparent,Non-intersection:  Non-junction/no special feature,Paved,,Minor Injury,0,1,0,1,0,0,15100,1,1,,POINT (-95.942704942874 42.233839382037)
2014811120,,08/02/2014,08-August,7-Saturday,21:15,2100 Hours,District 2 (Northeast),,FAYETTE,,Co Rd W42/JUNIPER RD,Collision with:  Animal,On Roadway,Non-collision (single vehicle),Animal,None Indicated,,Dark - roadway not lighted,Dry,Clear,,Non-intersection:  Non-junction/no special feature,Paved,,Property Damage Only,0,0,0,0,0,0,2400,1,2,,POINT (-91.794549399093 43.006782877697)
2014810792,14006801,08/02/2014,08-August,7-Saturday,23:00,2300 Hours,District 6 (East Central),,DELAWARE,,FIREFLY RD,Collision with fixed object:  Culvert/pipe opening,Outside trafficway,Non-collision (single vehicle),Ran off road - right,None Indicated,,Dark - roadway not lighted,Dry,Clear,None apparent,Non-intersection:  Non-junction/no special feature,Unpaved,,Property Damage Only,0,0,0,0,0,0,2000,1,1,,POINT (-91.520707549069 42.561874759627)
2014850912,14-006143,08/02/2014,08-August,7-Saturday,19:51,1900 Hours,District 5 (Southeast),GRANDVIEW,LOUISA,,JEFFERSON ST,Collision with fixed object:  Other fixed object (explain in narrative),On Roadway,Non-collision (single vehicle),Ran Stop Sign,Alcohol (Statutory),,Dusk,Dry,Clear,None apparent,Intersection:  T-intersection,Paved,,Property Damage Only,0,0,0,0,0,0,3800,1,1,,POINT (-91.185668724743 41.276902282112)
2014811058,2014-53773,08/02/2014,08-August,7-Saturday,20:12,2000 Hours,District 6 (East Central),DAVENPORT,SCOTT,,W 3RD ST & N DIVISION ST,Collision with:  Vehicle in traffic,On Roadway,Broadside (front to side),FTYROW:  Making left turn,None Indicated,,Dusk,Dry,Clear,None apparent,Intersection:  Four-way intersection,Paved,,Property Damage Only,0,0,0,0,0,0,4000,2,7,,POINT (-90.601197615134 41.522360316753)
2014810852,SO1403136,08/02/2014,08-August,7-Saturday,13:06,1300 Hours,District 5 (Southeast),,JEFFERSON,,YARROW BLVD,Collision with:  Vehicle in traffic,On Roadway,"Sideswipe, opposite direction",Unknown,None Indicated,,Daylight,"Mud, dirt",Cloudy,None apparent,Non-intersection:  Non-junction/no special feature,Unpaved,,Minor Injury,0,1,0,1,0,0,4500,2,5,,POINT (-91.726766442521 41.086496112941)
2014810514,01-14-34240,08/02/2014,08-August,7-Saturday,16:00,1600 Hours,District 6 (East Central),DUBUQUE,DUBUQUE,,BRECHT LN & WINDSOR AVE,Non-collision events:  Other non-collision (explain in narrative),On Roadway,Non-collision (single vehicle),Swerving/Evasive Action,None Indicated,,Daylight,Dry,Clear,None apparent,Non-intersection:  Non-junction/no special feature,Paved,,Minor Injury,0,1,0,1,0,0,1000,1,1,,POINT (-90.669093111679 42.522361437937)
2014815233,01-14-34269,08/02/2014,08-August,7-Saturday,19:54,1900 Hours,District 6 (East Central),DUBUQUE,DUBUQUE,,COUSINS RD & SEIPPEL RD,Collision with:  Vehicle in traffic,On Roadway,Broadside (front to side),FTYROW:  From stop sign,None Indicated,,Daylight,Dry,Clear,None apparent,Intersection:  Four-way intersection,Paved,,Property Damage Only,0,0,0,0,0,0,13500,2,3,,POINT (-90.764773164935 42.477143989858)
2014810637,14-3705,08/02/2014,08-August,7-Saturday,13:57,1300 Hours,District 4 (Southwest),WEST DES MOINES,DALLAS,,JORDAN CREEK PKWY & WOODLAND AVE,Collision with:  Vehicle in traffic,On Roadway,Rear-end (front to rear),Driver Distraction:  Reaching for object(s)/fallen object(s),None Indicated,,Daylight,Dry,Cloudy,None apparent,Non-intersection:  Non-junction/no special feature,Paved,,Property Damage Only,0,0,0,0,0,0,5000,2,4,,POINT (-93.809124568224 41.584684649279)
2014811118,,08/02/2014,08-August,7-Saturday,10:45,1000 Hours,District 5 (Southeast),CHARITON,LUCAS,,ALBIA RD & S 5TH ST,Collision with:  Vehicle in traffic,On Roadway,Rear-end (front to rear),FTYROW:  Other (explain in narrative),None Indicated,,Daylight,Dry,Clear,None apparent,Intersection:  Four-way intersection,Paved,,Property Damage Only,0,0,0,0,0,0,4800,2,2,,POINT (-93.300285932947 41.009229101278)
2014810781,14-15727,08/02/2014,08-August,7-Saturday,22:04,2200 Hours,District 6 (East Central),,SCOTT,US 61,US 61,,On Roadway,Non-collision (single vehicle),Over correcting/over steering,None Indicated,,Dark - roadway not lighted,Dry,Clear,None apparent,Non-intersection:  Non-junction/no special feature,Paved,,Property Damage Only,0,0,0,0,0,0,1501,1,1,,POINT (-90.568259234341 41.759974071212)
2014811271,,08/02/2014,08-August,7-Saturday,14:48,1400 Hours,District 1 (Central),TOLEDO,TAMA,,BROADWAY ST,Collision with:  Vehicle in traffic,On Roadway,Rear-end (front to rear),Unknown,None Indicated,,Daylight,Dry,Clear,None apparent,Non-intersection:  Non-junction/no special feature,Paved,,Property Damage Only,0,0,0,0,0,0,4000,2,2,,POINT (-92.578437542743 41.983228100912)
2014810772,14-19902,08/02/2014,08-August,7-Saturday,04:20,0400 Hours,District 1 (Central),NEWTON,JASPER,,E 19TH ST N,Collision with:  Vehicle in traffic,On Roadway,Rear-end (front to rear),Other (explain in narrative):  Other,Alcohol (Statutory),,Dark - roadway lighted,Dry,Clear,None apparent,Non-intersection:  Non-junction/no special feature,Paved,,Property Damage Only,0,0,0,0,0,0,3000,2,1,,POINT (-93.029076107787 41.707774508782)
2014810592,20140022338,08/02/2014,08-August,7-Saturday,22:55,2200 Hours,District 1 (Central),DES MOINES,POLK,,E GRAND AVE & E 17TH ST,Collision with:  Non-motorist (see non-motorist section - NOT a unit),On Roadway,Non-collision (single vehicle),Other (explain in narrative):  Other,None Indicated,,Dark - roadway lighted,Dry,Clear,None apparent,Intersection:  Four-way intersection,Paved,,Minor Injury,0,1,0,1,0,0,200,1,2,,POINT (-93.589915035881 41.595034650986)
2014810646,14-0665,08/02/2014,08-August,7-Saturday,02:42,0200 Hours,District 1 (Central),WINDSOR HEIGHTS,POLK,US 6,US 6/HICKMAN RD & 68TH ST,Collision with:  Non-motorist (see non-motorist section - NOT a unit),On Roadway,Non-collision (single vehicle),Lost Control,Alcohol (Statutory),,Dark - roadway lighted,Dry,Clear,None apparent,Non-intersection:  Non-junction/no special feature,Paved,,Minor Injury,0,2,0,2,0,0,1100,1,1,,POINT (-93.709700828243 41.614858011769)
2014810630,20140022293,08/02/2014,08-August,7-Saturday,13:49,1300 Hours,District 1 (Central),DES MOINES,POLK,US 69,US 69/E 15TH ST & DES MOINES ST,Collision with:  Vehicle in traffic,On Roadway,"Angle, oncoming left turn",Made improper turn,None Indicated,,Daylight,Dry,Clear,None apparent,Intersection:  Other intersection (explain in narrative),Paved,,Property Damage Only,0,0,0,0,0,0,3000,2,6,,POINT (-93.595686136974 41.594995886169)
2014810579,20140022298,08/02/2014,08-August,7-Saturday,15:01,1500 Hours,District 1 (Central),DES MOINES,POLK,,ROLLINS AVE & 42ND ST,Collision with:  Vehicle in traffic,On Roadway,Rear-end (front to rear),Followed too close,None Indicated,,Daylight,Dry,Clear,None apparent,Non-intersection:  Non-junction/no special feature,Paved,,Property Damage Only,0,0,0,0,0,0,2700,2,2,,POINT (-93.674341868262 41.593003187599)
2014811151,02-14-11612,08/02/2014,08-August,7-Saturday,21:35,2100 Hours,District 6 (East Central),,DUBUQUE,US 52,US 52 & MASSEY STATION RD,Collision with:  Animal,,,Animal,None Indicated,,,,,,,Paved,,Property Damage Only,0,0,0,0,0,0,8000,1,1,,POINT (-90.623670207262 42.414427850845)
2014811764,20142791,08/02/2014,08-August,7-Saturday,10:05,1000 Hours,District 1 (Central),CONRAD,GRUNDY,,MAPLE AVE & MAIN ST,Collision with:  Vehicle in traffic,On Roadway,"Angle, oncoming left turn",Other (explain in narrative):  Other,None Indicated,,Daylight,Dry,Clear,None apparent,Intersection:  Four-way intersection,Paved,,Property Damage Only,0,0,0,0,0,0,7000,2,4,,POINT (-92.874604401642 42.226847928245)
2014810566,SO14001833,08/02/2014,08-August,7-Saturday,15:50,1500 Hours,District 3 (Northwest),,PLYMOUTH,IA 140,IA 140/IOWA 140 & Co Rd C38,Collision with:  Vehicle in traffic,On Roadway,Broadside (front to side),FTYROW:  From stop sign,None Indicated,,Daylight,Dry,Clear,None apparent,Intersection:  Four-way intersection,Paved,,Major Injury,0,3,1,0,2,0,51000,2,9,,POINT (-95.958105330805 42.749770683501)
2014812796,,08/02/2014,08-August,7-Saturday,02:13,0200 Hours,District 5 (Southeast),FORT MADISON,LEE,,15TH ST,Collision with fixed object:  Ditch,On Roadway,Non-collision (single vehicle),Ran off road - right,Alcohol (Statutory),,Dark - roadway not lighted,Wet,Clear,"Surface condition (e.g., wet, icy)",Non-intersection:  Non-junction/no special feature,Paved,,Minor Injury,0,1,0,1,0,0,1000,1,1,,POINT (-91.324493659261 40.636528841389)
2014810738,14-24881,08/02/2014,08-August,7-Saturday,00:41,0000 Hours,District 3 (Northwest),SIOUX CITY,WOODBURY,,S ALICE ST,Collision with:  Parked motor vehicle,On Roadway,Rear-end (front to rear),Other (explain in narrative):  Other,Refused,,Dark - roadway lighted,Dry,Clear,None apparent,Non-intersection:  Alley,Paved,,Property Damage Only,0,0,0,0,0,0,9000,2,2,,POINT (-96.369326359048 42.467313390311)
2014810694,2014-53715,08/02/2014,08-August,7-Saturday,14:29,1400 Hours,District 6 (East Central),DAVENPORT,SCOTT,,KIRKWOOD BLVD,Collision with fixed object:  Bridge overhead structure,On Roadway,Non-collision (single vehicle),Other (explain in narrative):  Other,None Indicated,,Daylight,Dry,Clear,None apparent,Non-intersection:  Other non-intersection (explain in narrative),Paved,,Property Damage Only,0,0,0,0,0,0,5000,1,1,,POINT (-90.547433237015 41.534816311708)
2014816802,02-14-11604,08/02/2014,08-August,7-Saturday,13:34,1300 Hours,District 6 (East Central),,DUBUQUE,,E PLEASANT GROVE RD & HARTBECKE RD,Collision with:  Vehicle in traffic,On Roadway,Broadside (front to side),Ran Stop Sign,Alcohol (Statutory),,Daylight,Dry,Clear,None apparent,Intersection:  Other intersection (explain in narrative),Paved,,Fatal,4,2,1,0,1,0,27000,2,7,,POINT (-90.97147377375 42.389711009633)
2014810526,14113882,08/02/2014,08-August,7-Saturday,13:53,1300 Hours,District 6 (East Central),,JOHNSON,,Co Rd F12/120TH ST & Co Rd W42/DERBY AVE,Collision with fixed object:  Ditch,Outside trafficway,Non-collision (single vehicle),Ran off road - left,None Indicated,,Daylight,Dry,Clear,None apparent,Intersection:  Four-way intersection,Paved,,Property Damage Only,0,0,0,0,0,0,2000,1,1,,POINT (-91.763545564159 41.847648475297)
2014810736,14-24875,08/02/2014,08-August,7-Saturday,00:40,0000 Hours,District 3 (Northwest),SIOUX CITY,WOODBURY,,4TH AVE,Collision with:  Parked motor vehicle,On Roadway,Rear-end (front to rear),Other (explain in narrative):  Other,Refused,,Dark - roadway lighted,Dry,Clear,None apparent,Non-intersection:  Non-junction/no special feature,Paved,,Property Damage Only,0,0,0,0,0,0,12500,2,1,,POINT (-96.368301608515 42.469747754976)
2014810580,20140022310,08/02/2014,08-August,7-Saturday,16:35,1600 Hours,District 1 (Central),DES MOINES,POLK,,61ST ST,Collision with:  Vehicle in traffic,On Roadway,"Sideswipe, same direction",FTYROW:  Other (explain in narrative),None Indicated,,Daylight,Dry,Clear,None apparent,Non-intersection:  Non-junction/no special feature,Paved,,Property Damage Only,0,0,0,0,0,0,5001,2,2,,POINT (-93.700966156843 41.626233634817)
2014813454,145753PD,08/02/2014,08-August,7-Saturday,12:18,1200 Hours,District 1 (Central),BOONE,BOONE,,16TH ST & STORY ST,Collision with:  Vehicle in traffic,On Roadway,Broadside (front to side),FTYROW:  From driveway,None Indicated,,Daylight,Dry,Clear,None apparent,Non-intersection:  Other non-intersection (explain in narrative),Paved,,Property Damage Only,0,0,0,0,0,0,2100,2,2,,POINT (-93.880102144826 42.072035565244)
2014810502,1408022791,08/02/2014,08-August,7-Saturday,21:35,2100 Hours,District 6 (East Central),GRAND MOUND,CLINTON,US 30,US 30 & EAST ST,Collision with:  Vehicle in traffic,On Roadway,Broadside (front to side),FTYROW:  From stop sign,None Indicated,,Dark - roadway lighted,Dry,Clear,None apparent,Intersection:  Four-way intersection,Paved,,Minor Injury,0,1,0,1,0,0,3000,2,3,,POINT (-90.645749638411 41.827594852843)
2014811268,,08/02/2014,08-August,7-Saturday,08:51,0800 Hours,District 2 (Northeast),ALGONA,KOSSUTH,,E MOUND ST,Collision with:  Parked motor vehicle,On Roadway,"Sideswipe, same direction",Driver Distraction:  Passenger,None Indicated,,Daylight,Dry,Clear,None apparent,Non-intersection:  Non-junction/no special feature,Paved,,Property Damage Only,0,0,0,0,0,0,3000,2,2,,POINT (-94.215460657306 43.081912761501)
2014811103,2014044868,08/02/2014,08-August,7-Saturday,22:39,2200 Hours,District 5 (Southeast),,DES MOINES,US 61,US 61 & Co Rd H28/260TH ST,Collision with:  Vehicle in traffic,On Roadway,"Angle, oncoming left turn",FTYROW:  From stop sign,None Indicated,,Dark - roadway not lighted,Dry,Clear,None apparent,Intersection:  Four-way intersection,Paved,,Major Injury,0,2,2,0,0,0,20000,2,2,,POINT (-91.175365955845 41.059517970096)
2014810693,2014-53711,08/02/2014,08-August,7-Saturday,14:05,1400 Hours,District 6 (East Central),DAVENPORT,SCOTT,,IA 461/BRADY ST & W 15TH ST,Collision with:  Vehicle in traffic,On Roadway,Broadside (front to side),Ran Traffic Signal,None Indicated,,Daylight,Dry,Clear,None apparent,Intersection:  Four-way intersection,Paved,,Possible/Unknown,0,2,0,0,2,0,6000,2,3,,POINT (-90.574039965014 41.534903666418)
2014810791,14-3971,08/02/2014,08-August,7-Saturday,21:11,2100 Hours,District 6 (East Central),HIAWATHA,LINN,I-380,I-380 & TOWER TERRACE RD,Collision with:  Animal,On Roadway,Non-collision (single vehicle),Animal,None Indicated,,Dark - roadway not lighted,Dry,Clear,None apparent,Non-intersection:  Non-junction/no special feature,Paved,,Property Damage Only,0,0,0,0,0,0,2000,1,2,,POINT (-91.699935629707 42.058814691183)
2014810619,20140022340,08/02/2014,08-August,7-Saturday,03:03,0300 Hours,District 1 (Central),DES MOINES,POLK,,MONDAMIN AVE & MLK JR PKWY,Collision with fixed object:  Curb/island/raised median,Roadside,Non-collision (single vehicle),Ran off road - left,Alcohol (Statutory),,Dark - roadway lighted,Dry,Cloudy,None apparent,Non-intersection:  Non-junction/no special feature,Paved,,Property Damage Only,0,0,0,0,0,0,4050,1,1,,POINT (-93.643861359024 41.608256027778)
2014810685,2014-53616,08/02/2014,08-August,7-Saturday,01:28,0100 Hours,District 6 (East Central),DAVENPORT,SCOTT,,W 14TH ST & GAINES ST,Collision with:  Vehicle in traffic,On Roadway,Broadside (front to side),FTYROW:  From stop sign,None Indicated,,Dark - roadway lighted,Dry,Clear,None apparent,Intersection:  Other intersection (explain in narrative),Paved,,Property Damage Only,0,0,0,0,0,0,4500,2,2,,POINT (-90.582845768028 41.534053462751)
2014811159,14-050802-01,08/02/2014,08-August,7-Saturday,00:01,0000 Hours,District 6 (East Central),,IOWA,,Co Rd F15/108TH ST/F15 BLVD & I AVE,Collision with fixed object:  Ditch,Shoulder,Non-collision (single vehicle),Lost Control,None Indicated,,Dark - roadway not lighted,Dry,Unknown,None apparent,Intersection:  Four-way intersection,Unpaved,,Possible/Unknown,0,1,0,0,1,0,13000,1,1,,POINT (-92.141901916895 41.846027891346)
2014811830,14018289,08/02/2014,08-August,7-Saturday,00:30,0000 Hours,District 2 (Northeast),,WORTH,,500TH ST,Non-collision events:  Overturn/rollover,On Roadway,Non-collision (single vehicle),Swerving/Evasive Action,None Indicated,,Dark - roadway not lighted,Dry,Unknown,None apparent,Non-intersection:  Non-junction/no special feature,Unpaved,,Possible/Unknown,0,1,0,0,1,0,5000,1,1,,POINT (-93.437817319238 43.488128104577)
2014810696,2014-53753,08/02/2014,08-August,7-Saturday,18:40,1800 Hours,District 6 (East Central),DAVENPORT,SCOTT,,IA 461/HARRISON ST & W 12TH ST,Collision with:  Vehicle in traffic,On Roadway,"Sideswipe, same direction",Improper or erratic lane changing,None Indicated,,Daylight,Dry,Clear,None apparent,Non-intersection:  Non-junction/no special feature,Paved,,Property Damage Only,0,0,0,0,0,0,4000,2,2,,POINT (-90.57721832556 41.531962569081)
2014810644,14-3710,08/02/2014,08-August,7-Saturday,18:30,1800 Hours,District 1 (Central),WEST DES MOINES,POLK,,S 50TH ST,Non-collision events:  Other non-collision (explain in narrative),On Roadway,Non-collision (single vehicle),Driving too fast for conditions,None Indicated,,Daylight,"Mud, dirt",Clear,"Surface condition (e.g., wet, icy)",Non-intersection:  Non-junction/no special feature,Unpaved,,Minor Injury,0,1,0,1,0,0,1500,1,1,,POINT (-93.764988803117 41.541031376394)
2014810636,14-3704,08/02/2014,08-August,7-Saturday,11:24,1100 Hours,District 4 (Southwest),WEST DES MOINES,DALLAS,,E P TRUE PKWY,Collision with:  Vehicle in traffic,On Roadway,"Sideswipe, same direction",FTYROW:  Other (explain in narrative),None Indicated,,Daylight,Dry,Clear,None apparent,Non-intersection:  Non-junction/no special feature,Paved,,Property Damage Only,0,0,0,0,0,0,5500,2,4,,POINT (-93.80420032887 41.573604286763)
2014810618,20140022303,08/02/2014,08-August,7-Saturday,15:40,1500 Hours,District 1 (Central),DES MOINES,POLK,,DOUGLAS AVE,Collision with:  Vehicle in traffic,On Roadway,"Sideswipe, same direction",FTYROW:  At uncontrolled intersection,None Indicated,,Daylight,Dry,Clear,None apparent,Non-intersection:  Non-junction/no special feature,Paved,,Property Damage Only,0,0,0,0,0,0,3000,2,4,,POINT (-93.698647632718 41.629418274008)
2014814055,1-14-000291,08/02/2014,08-August,7-Saturday,02:29,0200 Hours,District 4 (Southwest),,SHELBY,,RIVER AVE,Collision with fixed object:  Ditch,,,Swerving/Evasive Action,None Indicated,,,,,,,Unpaved,,Property Damage Only,0,0,0,0,0,0,4000,1,1,,POINT (-95.330781566544 41.563118080005)
2014810652,14-001773,08/02/2014,08-August,7-Saturday,22:25,2200 Hours,District 1 (Central),ALTOONA,POLK,I-80,I-80 & NE 72ND ST & 1ST AVE N,Collision with:  Vehicle in traffic,On Roadway,Rear-end (front to rear),Followed too close,None Indicated,,Dark - roadway lighted,Dry,Cloudy,None apparent,Interchange-related:  Off-ramp,Paved,,Property Damage Only,0,0,0,0,0,0,2000,2,3,,POINT (-93.464613146871 41.66560436037)
2014810835,,08/02/2014,08-August,7-Saturday,17:41,1700 Hours,District 4 (Southwest),,AUDUBON,,Co Rd F32/190 ST,,Shoulder,Non-collision (single vehicle),Crossed centerline (undivided),Drug,,Daylight,Dry,Clear,None apparent,Non-intersection:  Other non-intersection (explain in narrative),Paved,,Minor Injury,0,1,0,1,0,0,5000,1,1,,POINT (-94.840311575163 41.731625112404)
2014810824,2014044839,08/02/2014,08-August,7-Saturday,17:09,1700 Hours,District 5 (Southeast),,WAYNE,,Co Rd S60/IOWA HWY 55,Collision with:  Vehicle in traffic,On Roadway,Head-on (front to front),Crossed centerline (undivided),None Indicated,,Daylight,Dry,Clear,None apparent,Non-intersection:  Non-junction/no special feature,Paved,,Minor Injury,0,2,0,1,1,0,50000,2,2,,POINT (-93.125926735949 40.728316919409)
2014810495,W14-077496,08/02/2014,08-August,7-Saturday,17:57,1700 Hours,District 2 (Northeast),WATERLOO,BLACK HAWK,,JERSEY LN & CHAROLAIS DR,Collision with:  Parked motor vehicle,On Roadway,Head-on (front to front),Separation of units,None Indicated,,Daylight,Dry,Clear,None apparent,Non-intersection:  Non-junction/no special feature,Paved,,Property Damage Only,0,0,0,0,0,0,4000,2,1,,POINT (-92.331546132136 42.444419926653)
2014810609,20140022282,08/02/2014,08-August,7-Saturday,12:01,1200 Hours,District 1 (Central),DES MOINES,POLK,US 69,US 69/SE 14TH ST & E PARK AVE,Collision with:  Vehicle in traffic,On Roadway,"Angle, oncoming left turn",FTYROW:  Making left turn,None Indicated,,Daylight,Dry,Clear,None apparent,Non-intersection:  Driveway access (within),Paved,,Minor Injury,0,2,0,1,1,0,11000,2,4,,POINT (-93.596832563054 41.555312885367)
2014810622,20140022259,08/02/2014,08-August,7-Saturday,04:22,0400 Hours,District 1 (Central),DES MOINES,POLK,,UNIVERSITY AVE & KEOSAUQUA WAY,Collision with fixed object:  Concrete traffic barrier (median or right side),On Roadway,Non-collision (single vehicle),Unknown,None Indicated,,Dark - roadway lighted,Dry,"Blowing sand, soil, dirt",None apparent,Non-intersection:  Other non-intersection (explain in narrative),Paved,,Possible/Unknown,0,1,0,0,0,1,5000,1,1,,POINT (-93.638491461752 41.600413664399)
2014812016,14-07302,08/02/2014,08-August,7-Saturday,00:10,0000 Hours,District 5 (Southeast),MOUNT PLEASANT,HENRY,,W HENRY ST,Collision with fixed object:  Tree,Outside trafficway,Head-on (front to front),"Operating vehicle in an reckless, erratic, careless, negligent manner",Refused,,Dark - roadway lighted,Dry,Clear,None apparent,Non-intersection:  Driveway access (within),Paved,,Minor Injury,0,1,0,1,0,0,33000,2,1,,POINT (-91.567400083732 40.970135461406)
2014815824,K14-023723,08/02/2014,08-August,7-Saturday,09:08,0900 Hours,District 5 (Southeast),KEOKUK,LEE,,4TH ST N & CONCERT ST,Collision with:  Vehicle in traffic,On Roadway,Broadside (front to side),FTYROW:  From stop sign,None Indicated,,Daylight,Dry,Clear,None apparent,Intersection:  Four-way intersection,Paved,,Property Damage Only,0,0,0,0,0,0,3000,2,2,,POINT (-91.380353736083 40.396269485072)
2014811064,2014-53713,08/02/2014,08-August,7-Saturday,14:27,1400 Hours,District 6 (East Central),DAVENPORT,SCOTT,,W CENTRAL PARK AVE & N DIVISION ST,Collision with:  Vehicle in traffic,On Roadway,Broadside (front to side),Ran Traffic Signal,None Indicated,,Daylight,Dry,Clear,None apparent,Intersection:  Four-way intersection,Paved,,Property Damage Only,0,0,0,0,0,0,8500,2,2,,POINT (-90.600916797307 41.545519006161)
2014810961,14-044F,08/02/2014,08-August,7-Saturday,03:30,0300 Hours,District 3 (Northwest),MANSON,CALHOUN,IA 7,IA 7/190TH ST & PELLA AVE,Non-collision events:  Overturn/rollover,Outside trafficway,Non-collision (single vehicle),Swerving/Evasive Action,Alcohol (Statutory),,Dark - roadway not lighted,Dry,Clear,None apparent,Non-intersection:  Non-junction/no special feature,Paved,,Fatal,1,0,0,0,0,0,4500,1,1,,POINT (-94.618830681347 42.517274857823)
2014811569,14-1213,08/02/2014,08-August,7-Saturday,16:32,1600 Hours,District 1 (Central),,GREENE,US 30,US 30/220TH,Collision with:  Vehicle in traffic,On Roadway,Rear-end (front to rear),Driver Distraction:  Inattentive/lost in thought,None Indicated,,Daylight,Dry,Clear,None apparent,Non-intersection:  Non-junction/no special feature,Paved,,Minor Injury,0,2,0,2,0,0,45000,2,2,,POINT (-94.281304296234 42.03460045341)
2014811052,2014-53692,08/02/2014,08-August,7-Saturday,11:35,1100 Hours,District 6 (East Central),DAVENPORT,SCOTT,,W 6TH ST & TAYLOR ST,Collision with:  Parked motor vehicle,On Roadway,Unknown,Unknown,None Indicated,,Daylight,Dry,Clear,None apparent,Non-intersection:  Non-junction/no special feature,Paved,,Property Damage Only,0,0,0,0,0,0,1500,2,1,,POINT (-90.592494727993 41.525654842124)