Iowa DOT Case Number,Law Enforcement Case Number,Date of Crash,Month of Crash,Day of Week,Time of Crash,Hour,DOT District,City Name,County Name,Route with System,Location Description,First Harmful Event,Location of First Harmful Event,Manner of Crash/Collision,Major Cause,Drug or Alcohol ,Environmental Conditions,Light Conditions,Surface Conditions,Weather Conditions,Roadway Contribution,Roadway Type,Roadway Surface,Work Zone,Crash Severity,Number of Fatalities,Number of Injuries,Number of Major Injuries,Number of Minor Injuries,Number of Possible Injuries,Number of Unknown Injuries,Amount of Property Damage,Number of Vehicles Involved,Total Number of Occupants,Travel Direction,Location
2014811009,201411348,08/04/2014,08-August,2-Monday,15:12,1500 Hours,District 6 (East Central),CEDAR RAPIDS,LINN,,F AVE NW,Collision with:  Vehicle in traffic,On Roadway,Broadside (front to side),FTYROW:  From stop sign,None Indicated,,Daylight,Wet,Cloudy,None apparent,Intersection:  Four-way intersection,Paved,,Possible/Unknown,0,1,0,0,1,0,2600,2,2,,POINT (-91.67843427026 41.978970650901)
2014811287,14004809,08/04/2014,08-August,2-Monday,20:42,2000 Hours,District 2 (Northeast),,CERRO GORDO,,Co Rd B20/300TH ST & Co Rd S36/MALLARD AVE,Non-collision events:  Other non-collision (explain in narrative),On Roadway,Non-collision (single vehicle),Unknown,None Indicated,,Dark - roadway lighted,Other (explain in narrative),Clear,"Surface condition (e.g., wet, icy)",Intersection:  T-intersection,Paved,,Minor Injury,0,1,0,1,0,0,1000,1,1,,POINT (-93.260492630167 43.198074975293)
2014811021,14-0922,08/04/2014,08-August,2-Monday,06:25,0600 Hours,District 1 (Central),CLIVE,POLK,I-35,I-35 & UNIVERSITY AVE,Collision with:  Vehicle in traffic,On Roadway,"Angle, oncoming left turn",FTYROW:  Making left turn,None Indicated,,Daylight,Dry,Clear,None apparent,Intersection:  Four-way intersection,Paved,,Property Damage Only,0,0,0,0,0,0,1800,2,2,,POINT (-93.779225907295 41.600446628895)
2014815826,K14-023930,08/04/2014,08-August,2-Monday,11:03,1100 Hours,District 5 (Southeast),KEOKUK,LEE,,4TH ST N,Collision with:  Vehicle in traffic,On Roadway,Rear-end (front to rear),Ran off road - right,None Indicated,,Daylight,Dry,Clear,None apparent,Non-intersection:  Non-junction/no special feature,Paved,,Property Damage Only,0,0,0,0,0,0,3000,2,1,,POINT (-91.37778281247 40.397836967002)
2014813767,CL14002738,08/04/2014,08-August,2-Monday,00:00,0000 Hours,District 6 (East Central),CLINTON,CLINTON,,3RD AVE N,Collision with:  Parked motor vehicle,Shoulder,"Sideswipe, opposite direction",Ran off road - left,None Indicated,,Dark - roadway not lighted,Dry,Clear,None apparent,Non-intersection:  Non-junction/no special feature,Paved,,Property Damage Only,0,0,0,0,0,0,4500,3,1,,POINT (-90.196483175943 41.848463396089)
2014811505,2014045199,08/04/2014,08-August,2-Monday,13:20,1300 Hours,District 1 (Central),,JASPER,,Co Rd T12/HWY T-12 N,Collision with:  Vehicle in traffic,On Roadway,Rear-end (front to rear),Ran off road - right,None Indicated,,Daylight,Dry,Clear,None apparent,Non-intersection:  Non-junction/no special feature,Paved,,Major Injury,0,1,1,0,0,0,18000,2,2,,POINT (-92.999927859202 41.726332840381)
2014811006,C14002413,08/04/2014,08-August,2-Monday,10:30,1000 Hours,District 6 (East Central),CORALVILLE,JOHNSON,,1ST AVE,Collision with:  Vehicle in traffic,On Roadway,Rear-end (front to rear),Lost Control,None Indicated,,Daylight,Dry,Clear,None apparent,Intersection:  Four-way intersection,Paved,,Property Damage Only,0,0,0,0,0,0,8000,3,4,,POINT (-91.566047502963 41.668703294597)
2014811675,14-1713,08/04/2014,08-August,2-Monday,11:02,1100 Hours,District 1 (Central),URBANDALE,POLK,,DOUGLAS AVE,Non-collision events:  Other non-collision (explain in narrative),On Roadway,Non-collision (single vehicle),FTYROW:  Making right turn on red signal,None Indicated,,Daylight,Dry,Clear,None apparent,Intersection:  Shared use path or trail,Paved,,Possible/Unknown,0,1,0,0,1,0,1300,1,1,,POINT (-93.738154883166 41.629252431999)
2014811770,14-000903,08/04/2014,08-August,2-Monday,08:32,0800 Hours,District 1 (Central),JOHNSTON,POLK,,NW JOHNSTON DR,Collision with:  Vehicle in traffic,On Roadway,"Sideswipe, opposite direction",Crossed centerline (undivided),Alcohol (Statutory),,Daylight,Dry,Clear,None apparent,Non-intersection:  Non-junction/no special feature,Paved,,Property Damage Only,0,0,0,0,0,0,10500,2,3,,POINT (-93.694580224605 41.657590266801)
2014810874,20140022518,08/04/2014,08-August,2-Monday,16:11,1600 Hours,District 1 (Central),DES MOINES,POLK,,SW 42ND ST,Collision with:  Vehicle in traffic,On Roadway,Rear-end (front to rear),Followed too close,None Indicated,,Daylight,Dry,Clear,None apparent,Non-intersection:  Non-junction/no special feature,Paved,,Property Damage Only,0,0,0,0,0,0,2500,2,3,,POINT (-93.674300665505 41.554443336951)
2014812996,2014045072,08/04/2014,08-August,2-Monday,08:58,0800 Hours,District 6 (East Central),,JOHNSON,I-80,I-80,Collision with:  Vehicle in traffic,On Roadway,"Sideswipe, same direction",FTYROW:  Other (explain in narrative),None Indicated,,Daylight,Dry,Cloudy,None apparent,Interchange-related:  On-ramp merge area,Paved,,Property Damage Only,0,0,0,0,0,0,6200,3,4,,POINT (-91.448650429868 41.672807620209)
2014812878,14-25196,08/04/2014,08-August,2-Monday,15:05,1500 Hours,District 3 (Northwest),SIOUX CITY,WOODBURY,,SINGING HILLS BLVD & SOUTHGATE DR,Collision with:  Vehicle in traffic,On Roadway,Broadside (front to side),FTYROW:  From stop sign,None Indicated,,Daylight,Dry,Clear,None apparent,Intersection:  Four-way intersection,Paved,,Property Damage Only,0,0,0,0,0,0,15500,2,3,,POINT (-96.36816904889 42.43554335231)
2014810853,14114900,08/04/2014,08-August,2-Monday,13:18,1300 Hours,District 6 (East Central),,JOHNSON,IA 1,IA 1/IOWA 1,Collision with:  Vehicle in traffic,On Roadway,Rear-end (front to rear),Followed too close,Refused,,Daylight,Dry,Cloudy,Work Zone (roadway-related),Non-intersection:  Other non-intersection (explain in narrative),Paved,Yes,Possible/Unknown,0,7,0,0,7,0,33500,4,7,,POINT (-91.673353578519 41.601332186136)
2014811812,2014045123,08/04/2014,08-August,2-Monday,12:40,1200 Hours,District 4 (Southwest),,DALLAS,IA 141,IA 141/141ST ST,Collision with:  Vehicle in traffic,On Roadway,Rear-end (front to rear),Driver Distraction:  Passenger,None Indicated,,Daylight,Dry,Clear,None apparent,Non-intersection:  Non-junction/no special feature,Paved,,Property Damage Only,0,0,0,0,0,0,10000,2,3,,POINT (-94.197348201027 41.834417712208)
2014810842,W14-078144,08/04/2014,08-August,2-Monday,15:50,1500 Hours,District 2 (Northeast),WATERLOO,BLACK HAWK,US 218,US 218/SW RAMP CURV,Collision with fixed object:  Other fixed object (explain in narrative),On Roadway,Unknown,Cargo/equipment loss or shift,None Indicated,,Daylight,Dry,Clear,None apparent,Non-intersection:  Other non-intersection (explain in narrative),Paved,,Property Damage Only,0,0,0,0,0,0,5000,2,2,,POINT (-92.350043249827 42.497102594346)
2014811765,20142822,08/04/2014,08-August,2-Monday,16:15,1600 Hours,District 1 (Central),,GRUNDY,,N AVE,Collision with fixed object:  Ditch,On Roadway,Non-collision (single vehicle),Swerving/Evasive Action,None Indicated,,Daylight,"Mud, dirt",Cloudy,"Surface condition (e.g., wet, icy)",Non-intersection:  Non-junction/no special feature,Unpaved,,Property Damage Only,0,0,0,0,0,0,5500,1,1,,POINT (-92.768263441486 42.351148143504)
2014811160,14-050804-01,08/04/2014,08-August,2-Monday,07:45,0700 Hours,District 6 (East Central),,IOWA,,47TH AVE,Collision with fixed object:  Other fixed object (explain in narrative),Shoulder,Non-collision (single vehicle),Ran off road - right,None Indicated,,Daylight,Dry,Clear,None apparent,Non-intersection:  Non-junction/no special feature,Paved,,Property Damage Only,0,0,0,0,0,0,2240,1,1,,POINT (-91.867029274203 41.798548429978)
2014810889,14-032646,08/04/2014,08-August,2-Monday,15:34,1500 Hours,District 4 (Southwest),COUNCIL BLUFFS,POTTAWATTAMIE,,35TH AVE & S EXPRESSWAY,Collision with:  Vehicle in traffic,On Roadway,Rear-end (front to rear),Driver Distraction:  Reaching for object(s)/fallen object(s),None Indicated,,Daylight,Dry,Cloudy,None apparent,Non-intersection:  Non-junction/no special feature,Paved,,Possible/Unknown,0,1,0,0,1,0,2200,2,2,,POINT (-95.850755868102 41.223874869755)
2014810567,SO14001847,08/04/2014,08-August,2-Monday,05:55,0500 Hours,District 3 (Northwest),,PLYMOUTH,,Co Rd C16/130TH ST,Collision with:  Animal,,,Animal,None Indicated,,,,,,,Paved,,Property Damage Only,0,0,0,0,0,0,2500,1,1,,POINT (-96.091717435603 42.866005712762)
2014811453,2014007952,08/04/2014,08-August,2-Monday,11:58,1100 Hours,District 1 (Central),MARSHALLTOWN,MARSHALL,,W CHURCH ST & S 1ST ST,Collision with:  Vehicle in traffic,On Roadway,Broadside (front to side),FTYROW:  From parked position,None Indicated,,Daylight,Dry,Cloudy,None apparent,Non-intersection:  Non-junction/no special feature,Paved,,Property Damage Only,0,0,0,0,0,0,5000,2,3,,POINT (-92.914603824571 42.047917505275)
2014811166,201411346,08/04/2014,08-August,2-Monday,15:09,1500 Hours,District 6 (East Central),CEDAR RAPIDS,LINN,I-380,I-380,Collision with:  Vehicle in traffic,On Roadway,"Sideswipe, same direction",Improper or erratic lane changing,None Indicated,,Daylight,Wet,Rain,None apparent,Non-intersection:  Non-junction/no special feature,Paved,,Property Damage Only,0,0,0,0,0,0,5250,2,2,,POINT (-91.670933630422 41.947856776781)
2014810594,20140022455,08/04/2014,08-August,2-Monday,06:55,0600 Hours,District 1 (Central),DES MOINES,POLK,I-235,I-235 & PENNSYLVANIA AVE,Collision with:  Vehicle in traffic,On Roadway,Broadside (front to side),Ran Traffic Signal,None Indicated,,Daylight,Dry,Clear,None apparent,Intersection:  Intersection with ramp,Paved,,Minor Injury,0,1,0,1,0,0,3000,2,2,,POINT (-93.608700724736 41.59582844079)
2014811217,2014-54178,08/04/2014,08-August,2-Monday,12:33,1200 Hours,District 6 (East Central),DAVENPORT,SCOTT,,IOWA ST,Collision with:  Vehicle in traffic,On Roadway,Rear-end (front to rear),Lost Control,None Indicated,,Daylight,Dry,Clear,None apparent,Non-intersection:  Non-junction/no special feature,Paved,,Property Damage Only,0,0,0,0,0,0,1500,2,3,,POINT (-90.569673568806 41.521869198017)
2014811463,2014008331,08/04/2014,08-August,2-Monday,13:30,1300 Hours,District 6 (East Central),IOWA CITY,JOHNSON,,KESWICK DR,Collision with:  Parked motor vehicle,On Roadway,Broadside (front to side),Unknown,None Indicated,,Daylight,Dry,Clear,None apparent,Non-intersection:  Non-junction/no special feature,Paved,,Property Damage Only,0,0,0,0,0,0,3000,2,777,,POINT (-91.566998000483 41.652926110311)
2014811146,01-14-34578,08/04/2014,08-August,2-Monday,18:41,1800 Hours,District 6 (East Central),DUBUQUE,DUBUQUE,US 52,US 52/CENTRAL AVE & W 16TH ST & E 16TH ST,Collision with:  Vehicle in traffic,On Roadway,Broadside (front to side),Other (explain in narrative):  No improper action,None Indicated,,Daylight,Wet,Rain,None apparent,Intersection:  Four-way intersection,Paved,,Property Damage Only,0,0,0,0,0,0,2100,2,2,,POINT (-90.668629768179 42.507979711683)
2014811167,201411350,08/04/2014,08-August,2-Monday,16:02,1600 Hours,District 6 (East Central),CEDAR RAPIDS,LINN,,51ST ST NE & COUNCIL ST NE,Collision with:  Vehicle in traffic,On Roadway,"Angle, oncoming left turn",FTYROW:  Making left turn,None Indicated,,Daylight,Dry,Cloudy,None apparent,Intersection:  T-intersection,Paved,,Property Damage Only,0,0,0,0,0,0,4000,2,2,,POINT (-91.658319613752 42.02979457129)
2014811587,PD1406687,08/04/2014,08-August,2-Monday,14:28,1400 Hours,District 5 (Southeast),FAIRFIELD,JEFFERSON,IA 1,IA 1/W BURLINGTON AVE/N 2ND ST & S 2ND ST,Collision with:  Non-motorist (see non-motorist section - NOT a unit),On Roadway,Non-collision (single vehicle),FTYROW:  To pedestrian,None Indicated,,Daylight,Dry,Clear,None apparent,Intersection:  Four-way intersection,Paved,,Possible/Unknown,0,1,0,0,1,0,500,1,1,,POINT (-91.965035864264 41.006640244279)
2014811313,A14-051,08/04/2014,08-August,2-Monday,13:59,1300 Hours,District 4 (Southwest),WINTERSET,MADISON,,S 3RD ST,Collision with:  Parked motor vehicle,On Roadway,Rear-end (front to rear),Improper Backing,None Indicated,,Daylight,Dry,Cloudy,None apparent,Non-intersection:  Non-junction/no special feature,Paved,,Property Damage Only,0,0,0,0,0,0,2295,2,1,,POINT (-94.011015869827 41.329268466247)
2014812296,2014004578,08/04/2014,08-August,2-Monday,13:25,1300 Hours,District 6 (East Central),,BENTON,US 218,US 218/24 AVE,Collision with:  Vehicle in traffic,On Roadway,Rear-end (front to rear),Illegally Parked/Unattended,None Indicated,,Daylight,Dry,Clear,None apparent,Non-intersection:  Non-junction/no special feature,Paved,,Major Injury,0,1,1,0,0,0,8600,3,3,,POINT (-92.028857332134 42.106399152438)
2014811606,201411357,08/04/2014,08-August,2-Monday,18:00,1800 Hours,District 6 (East Central),CEDAR RAPIDS,LINN,,15TH AVE SW,Collision with:  Vehicle in traffic,On Roadway,"Sideswipe, same direction",Crossed centerline (undivided),Alcohol (Statutory),,Daylight,Dry,Cloudy,None apparent,Non-intersection:  Non-junction/no special feature,Paved,,Property Damage Only,0,0,0,0,0,0,6760,2,3,,POINT (-91.677403412352 41.962873248332)
2014810604,20140022500,08/04/2014,08-August,2-Monday,13:00,1300 Hours,District 1 (Central),DES MOINES,POLK,,19TH ST,Collision with:  Vehicle in traffic,On Roadway,"Sideswipe, same direction",Made improper turn,None Indicated,,Daylight,Dry,Clear,None apparent,Non-intersection:  Non-junction/no special feature,Paved,,Property Damage Only,0,0,0,0,0,0,6000,2,3,,POINT (-93.642580568895 41.601336641197)
2014811011,14018070,08/04/2014,08-August,2-Monday,19:21,1900 Hours,District 5 (Southeast),OSKALOOSA,MAHASKA,US 63,US 63/N MARKET ST & F AVE W & F AVE E,Collision with fixed object:  Utility pole/light support,On Roadway,Non-collision (single vehicle),"Operating vehicle in an reckless, erratic, careless, negligent manner",Alcohol (< Statutory),,Daylight,Dry,Cloudy,None apparent,Intersection:  Four-way intersection,Paved,,Property Damage Only,0,0,0,0,0,0,3000,1,1,,POINT (-92.645094792494 41.300770041687)
2014810954,W14-078130,08/04/2014,08-August,2-Monday,15:02,1500 Hours,District 2 (Northeast),WATERLOO,BLACK HAWK,,W RIDGEWAY AVE & ELMRIDGE RD,Collision with:  Vehicle in traffic,On Roadway,"Sideswipe, same direction",Made improper turn,None Indicated,,Daylight,Dry,Clear,None apparent,Intersection:  T-intersection,Paved,,Property Damage Only,0,0,0,0,0,0,1850,2,3,,POINT (-92.362822661454 42.469418308679)
2014810887,14-032608,08/04/2014,08-August,2-Monday,11:15,1100 Hours,District 4 (Southwest),COUNCIL BLUFFS,POTTAWATTAMIE,IA 92,IA 92/OMAHA BRIDGE RD,Collision with:  Vehicle in traffic,On Roadway,"Sideswipe, opposite direction",Unknown,None Indicated,,Daylight,Dry,Cloudy,None apparent,Intersection:  Four-way intersection,Paved,,Property Damage Only,0,0,0,0,0,0,2500,2,2,,POINT (-95.824511233994 41.226620616585)
2014810571,14-5130,08/04/2014,08-August,2-Monday,06:30,0600 Hours,District 4 (Southwest),GRIMES,DALLAS,,,Collision with fixed object:  Ditch,On Roadway,Non-collision (single vehicle),Swerving/Evasive Action,None Indicated,,Dark - roadway not lighted,Dry,Clear,None apparent,Non-intersection:  Non-junction/no special feature,,,Property Damage Only,0,0,0,0,0,0,5000,1,1,,POINT (-96.643700149993 40.233091251414)
2014810612,20140022489,08/04/2014,08-August,2-Monday,11:26,1100 Hours,District 5 (Southeast),DES MOINES,WARREN,IA 5,IA 5/IOWA 5 & FLEUR DR,Collision with fixed object:  Bridge pier or support,Shoulder,Non-collision (single vehicle),Ran off road - right,None Indicated,,Daylight,Dry,Clear,None apparent,Non-intersection:  Other non-intersection (explain in narrative),Paved,,Fatal,1,0,0,0,0,0,25500,1,1,,POINT (-93.644984047528 41.507602236132)
2014811085,14-25236,08/04/2014,08-August,2-Monday,21:31,2100 Hours,District 3 (Northwest),SIOUX CITY,WOODBURY,,S LAKEPORT ST & RAVINE PARK DR,Collision with:  Vehicle in traffic,On Roadway,Rear-end (front to rear),Followed too close,None Indicated,,Dark - roadway lighted,Dry,Cloudy,None apparent,Intersection:  T-intersection,Paved,,Property Damage Only,0,0,0,0,0,0,3000,2,3,,POINT (-96.345206567888 42.453127130059)
2014813450,14-5816PD,08/04/2014,08-August,2-Monday,18:45,1800 Hours,District 1 (Central),BOONE,BOONE,,W 2ND ST & S WEBSTER ST,Collision with:  Vehicle in traffic,On Roadway,Broadside (front to side),FTYROW:  At uncontrolled intersection,None Indicated,,Daylight,Dry,Cloudy,None apparent,Non-intersection:  Non-junction/no special feature,Paved,,Property Damage Only,0,0,0,0,0,0,2000,2,3,,POINT (-93.909401937492 42.058342478286)
2014810891,14-032663,08/04/2014,08-August,2-Monday,16:43,1600 Hours,District 4 (Southwest),COUNCIL BLUFFS,POTTAWATTAMIE,I-29,I-29,Collision with:  Vehicle in traffic,On Roadway,"Sideswipe, same direction",Crossed centerline (undivided),None Indicated,,Daylight,Dry,Clear,None apparent,Non-intersection:  Non-junction/no special feature,Paved,,Possible/Unknown,0,1,0,0,1,0,1600,2,2,,POINT (-95.836965573257 41.225242446328)
2014811621,1400000677,08/04/2014,08-August,2-Monday,11:20,1100 Hours,District 1 (Central),,MARSHALL,,Co Rd E27/GARWIN RD,Non-collision events:  Overturn/rollover,Shoulder,Non-collision (single vehicle),Crossed centerline (undivided),None Indicated,,Daylight,Dry,Clear,None apparent,Non-intersection:  Non-junction/no special feature,Paved,,Possible/Unknown,0,1,0,0,1,0,5000,1,1,,POINT (-92.792169116795 42.092919954521)
2014810876,20140022527,08/04/2014,08-August,2-Monday,17:29,1700 Hours,District 1 (Central),DES MOINES,POLK,,GRAND AVE,Collision with:  Vehicle in traffic,On Roadway,"Sideswipe, same direction",Other (explain in narrative):  Other,None Indicated,,Daylight,Dry,Cloudy,None apparent,Non-intersection:  Non-junction/no special feature,Paved,,Property Damage Only,0,0,0,0,0,0,2000,2,2,,POINT (-93.640099163186 41.584597016517)
2014810600,20140022432,08/04/2014,08-August,2-Monday,00:22,0000 Hours,District 1 (Central),DES MOINES,POLK,US 69,US 69/SE 14TH ST,Collision with fixed object:  Curb/island/raised median,Shoulder,Non-collision (single vehicle),Made improper turn,None Indicated,,Dark - roadway lighted,Dry,Clear,None apparent,Non-intersection:  Non-junction/no special feature,Paved,,Property Damage Only,0,0,0,0,0,0,7100,1,3,,POINT (-93.596830709852 41.538162956643)
2014810890,14-032648,08/04/2014,08-August,2-Monday,15:45,1500 Hours,District 4 (Southwest),COUNCIL BLUFFS,POTTAWATTAMIE,,COLLEGE RD,Collision with:  Vehicle in traffic,On Roadway,Rear-end (front to rear),Ran Stop Sign,None Indicated,,Daylight,Dry,Clear,None apparent,Intersection:  T-intersection,Paved,,Property Damage Only,0,0,0,0,0,0,3500,2,3,,POINT (-95.794127960895 41.278699093504)
2014812553,1408041451,08/04/2014,08-August,2-Monday,14:51,1400 Hours,District 6 (East Central),,JONES,,BUFFALO RD & 230 AVE,Collision with:  Vehicle in traffic,On Roadway,"Sideswipe, opposite direction",Crossed centerline (undivided),None Indicated,,Daylight,Dry,Cloudy,None apparent,Intersection:  T-intersection,Unpaved,,Property Damage Only,0,0,0,0,0,0,10000,2,5,,POINT (-91.331229739256 42.148852302148)
2014811751,14-0435,08/04/2014,08-August,2-Monday,22:59,2200 Hours,District 1 (Central),LEHIGH,WEBSTER,,HWY 50,Collision with fixed object:  Ditch,On Roadway,Non-collision (single vehicle),Ran off road - right,None Indicated,,Dark - roadway not lighted,Dry,Clear,None apparent,Non-intersection:  Non-junction/no special feature,Paved,,Possible/Unknown,0,1,0,0,1,0,1500,1,1,,POINT (-94.058560943783 42.359347227766)
2014811089,2014045225,08/04/2014,08-August,2-Monday,17:47,1700 Hours,District 4 (Southwest),,POTTAWATTAMIE,I-29,I-29,Non-collision events:  Overturn/rollover,Median,Non-collision (single vehicle),Exceeded authorized speed,None Indicated,,Daylight,Dry,Cloudy,None apparent,Non-intersection:  Non-junction/no special feature,Paved,,Major Injury,0,1,1,0,0,0,4000,1,1,,POINT (-95.899817718669 41.426856209803)
2014810893,14-032682,08/04/2014,08-August,2-Monday,17:45,1700 Hours,District 4 (Southwest),COUNCIL BLUFFS,POTTAWATTAMIE,I-29,I-29,Collision with:  Vehicle in traffic,On Roadway,"Sideswipe, same direction",FTYROW:  From yield sign,None Indicated,,Daylight,Dry,Cloudy,None apparent,Intersection:  Intersection with ramp,Paved,,Property Damage Only,0,0,0,0,0,0,1500,2,2,,POINT (-95.908382742599 41.266059252495)
2014811385,08-14-005,08/04/2014,08-August,2-Monday,18:29,1800 Hours,District 3 (Northwest),LE MARS,PLYMOUTH,US 75,US 75 & Co Rd C38,Collision with:  Vehicle in traffic,On Roadway,Broadside (front to side),FTYROW:  From stop sign,None Indicated,,Daylight,Dry,Clear,None apparent,Intersection:  Four-way intersection,Paved,,Possible/Unknown,0,2,0,0,2,0,18000,2,2,,POINT (-96.211168608239 42.749692600187)
2014812997,2014045264,08/04/2014,08-August,2-Monday,22:50,2200 Hours,District 5 (Southeast),,KEOKUK,IA 21,IA 21/IOWA 21,Collision with:  Non-motorist (see non-motorist section - NOT a unit),On Roadway,Non-collision (single vehicle),Other (explain in narrative):  No improper action,None Indicated,,Dark - roadway not lighted,Dry,Cloudy,None apparent,Non-intersection:  Non-junction/no special feature,Paved,,Possible/Unknown,0,1,0,0,1,0,300,1,1,,POINT (-92.35458279159 41.384566813323)
2014811308,14016409,08/04/2014,08-August,2-Monday,16:47,1600 Hours,District 6 (East Central),MARION,LINN,,MARION BLVD,Collision with:  Non-motorist (see non-motorist section - NOT a unit),Outside trafficway,Non-collision (single vehicle),FTYROW:  To pedestrian,None Indicated,,Daylight,Dry,Cloudy,None apparent,Non-intersection:  Non-junction/no special feature,Paved,,Possible/Unknown,0,1,0,0,1,0,0,1,2,,POINT (-91.613864947797 42.029806620673)
2014811588,PD1406696,08/04/2014,08-August,2-Monday,21:59,2100 Hours,District 5 (Southeast),FAIRFIELD,JEFFERSON,,E WASHINGTON AVE & S COURT ST,Collision with:  Vehicle in traffic,On Roadway,Broadside (front to side),Ran Stop Sign,None Indicated,,Dark - roadway lighted,Dry,Clear,None apparent,Intersection:  Four-way intersection,Paved,,Possible/Unknown,0,1,0,0,1,0,11000,2,3,,POINT (-91.962459183617 41.005644212029)
2014810883,14-3753,08/04/2014,08-August,2-Monday,17:15,1700 Hours,District 1 (Central),WEST DES MOINES,POLK,,WESTOWN PL,Collision with:  Vehicle in traffic,On Roadway,Rear-end (front to rear),Other (explain in narrative):  Other,None Indicated,,Daylight,Dry,Cloudy,None apparent,Non-intersection:  Non-junction/no special feature,Paved,,Property Damage Only,0,0,0,0,0,0,1500,2,2,,POINT (-93.752479405301 41.596409434036)
2014810882,14-3752,08/04/2014,08-August,2-Monday,17:17,1700 Hours,District 1 (Central),WEST DES MOINES,POLK,,MILLS CIVIC PKWY,Collision with:  Vehicle in traffic,On Roadway,Rear-end (front to rear),Followed too close,None Indicated,,Daylight,Dry,Clear,None apparent,Non-intersection:  Non-junction/no special feature,Paved,,Property Damage Only,0,0,0,0,0,0,1650,2,2,,POINT (-93.789269773981 41.55907097561)
2014810516,01-14-34505,08/04/2014,08-August,2-Monday,09:55,0900 Hours,District 6 (East Central),DUBUQUE,DUBUQUE,US 52,US 52/CENTRAL AVE & W 30TH ST & E 30TH ST,Collision with:  Vehicle in traffic,Unknown,Unknown,Lost Control,None Indicated,,Daylight,Dry,Cloudy,None apparent,Non-intersection:  Non-junction/no special feature,Paved,,Property Damage Only,0,0,0,0,0,0,4500,2,1,,POINT (-90.68088804454 42.525365456882)
2014812184,,08/04/2014,08-August,2-Monday,11:55,1100 Hours,District 5 (Southeast),INDIANOLA,WARREN,,N 1ST ST,Unknown,Unknown,Unknown,Other (explain in narrative):  No improper action,None Indicated,,Daylight,Dry,Clear,None apparent,Non-intersection:  Non-junction/no special feature,Paved,,Property Damage Only,0,0,0,0,0,0,4000,2,2,,POINT (-93.559589065483 41.360551570714)
2014814060,1-14-00294,08/04/2014,08-August,2-Monday,16:26,1600 Hours,District 4 (Southwest),,SHELBY,IA 173,IA 173/IOWA 173,Collision with:  Vehicle in traffic,On Roadway,Rear-end (front to rear),Followed too close,None Indicated,,Daylight,Dry,Clear,None apparent,Non-intersection:  Non-junction/no special feature,Paved,,Property Damage Only,0,0,0,0,0,0,5000,2,3,,POINT (-95.060193372933 41.571754669118)
2014810603,20140022497,08/04/2014,08-August,2-Monday,12:37,1200 Hours,District 1 (Central),DES MOINES,POLK,,SHERIDAN AVE & 34TH ST,Collision with:  Vehicle in traffic,On Roadway,Broadside (front to side),Ran Stop Sign,None Indicated,,Daylight,Dry,Clear,None apparent,Intersection:  Four-way intersection,Paved,,Property Damage Only,0,0,0,0,0,0,7000,2,5,,POINT (-93.663409477615 41.618602247002)
2014810872,20140022507,08/04/2014,08-August,2-Monday,14:24,1400 Hours,District 1 (Central),DES MOINES,POLK,,SW 8TH ST,Collision with:  Vehicle in traffic,On Roadway,"Sideswipe, same direction",FTYROW:  Other (explain in narrative),None Indicated,,Daylight,Dry,Cloudy,None apparent,Non-intersection:  Non-junction/no special feature,Paved,,Property Damage Only,0,0,0,0,0,0,2000,2,3,,POINT (-93.62472546647 41.579034028526)
2014810602,20140022456,08/04/2014,08-August,2-Monday,07:21,0700 Hours,District 1 (Central),DES MOINES,POLK,,34TH ST,Non-collision events:  Other non-collision (explain in narrative),Roadside,"Sideswipe, same direction",Unknown,None Indicated,,Daylight,Dry,"Blowing sand, soil, dirt",None apparent,Non-intersection:  Non-junction/no special feature,Paved,,Property Damage Only,0,0,0,0,0,0,2000,2,1,,POINT (-93.66232384848 41.587569626767)
2014810599,20140022488,08/04/2014,08-August,2-Monday,11:50,1100 Hours,District 1 (Central),DES MOINES,POLK,,CROCKER ST & KEOSAUQUA WAY,Collision with:  Vehicle in traffic,On Roadway,"Sideswipe, same direction",Made improper turn,None Indicated,,Daylight,Dry,Clear,None apparent,Intersection:  Four-way intersection,Paved,,Property Damage Only,0,0,0,0,0,0,3000,2,2,,POINT (-93.633119326349 41.593435746013)
2014811260,,08/04/2014,08-August,2-Monday,09:00,0900 Hours,District 3 (Northwest),ARMSTRONG,EMMET,IA 9,IA 9/4TH AVE S & IA 15/6TH ST & 6TH AVE S,Collision with fixed object:  Other fixed object (explain in narrative),On Roadway,Unknown,Unknown,None Indicated,,Daylight,Dry,Cloudy,None apparent,Intersection:  Four-way intersection,Paved,,Property Damage Only,0,0,0,0,0,0,11983,2,1,,POINT (-94.480260211184 43.392763224639)
2014811427,145588,08/04/2014,08-August,2-Monday,12:13,1200 Hours,District 4 (Southwest),WAUKEE,DALLAS,,Co Rd F64/ASHWORTH RD & Co Rd R22/UTE AVE,Collision with:  Vehicle in traffic,On Roadway,"Sideswipe, same direction",FTYROW:  From stop sign,None Indicated,,Daylight,Dry,Clear,None apparent,Intersection:  Four-way intersection,Paved,,Property Damage Only,0,0,0,0,0,0,4000,2,5,,POINT (-93.881737582508 41.576449530568)
2014811462,2014008325,08/04/2014,08-August,2-Monday,12:42,1200 Hours,District 6 (East Central),IOWA CITY,JOHNSON,IA 1,IA 1/DODGE ST & E WASHINGTON ST,Collision with:  Vehicle in traffic,On Roadway,Broadside (front to side),Ran Stop Sign,None Indicated,,Daylight,Dry,Clear,None apparent,Intersection:  Four-way intersection,Paved,,Property Damage Only,0,0,0,0,0,0,3000,2,2,,POINT (-91.52577634898 41.660033512757)