Iowa DOT Case Number,Law Enforcement Case Number,Date of Crash,Month of Crash,Day of Week,Time of Crash,Hour,DOT District,City Name,County Name,Route with System,Location Description,First Harmful Event,Location of First Harmful Event,Manner of Crash/Collision,Major Cause,Drug or Alcohol ,Environmental Conditions,Light Conditions,Surface Conditions,Weather Conditions,Roadway Contribution,Roadway Type,Roadway Surface,Work Zone,Crash Severity,Number of Fatalities,Number of Injuries,Number of Major Injuries,Number of Minor Injuries,Number of Possible Injuries,Number of Unknown Injuries,Amount of Property Damage,Number of Vehicles Involved,Total Number of Occupants,Travel Direction,Location
2014819381,1408-057,08/04/2014,08-August,2-Monday,07:45,0700 Hours,District 3 (Northwest),SIBLEY,OSCEOLA,,Co Rd A22/170TH ST & Co Rd L36/OLIVE AVE,Collision with:  Parked motor vehicle,On Roadway,"Sideswipe, same direction",Other (explain in narrative):  Other,None Indicated,,Daylight,Dry,Clear,Work Zone (roadway-related),Non-intersection:  Non-junction/no special feature,Paved,Yes,Property Damage Only,0,0,0,0,0,0,3100,2,2,,POINT (-95.761657032495 43.403913727257)
2014812775,2014045251,08/04/2014,08-August,2-Monday,18:30,1800 Hours,District 3 (Northwest),,MONONA,I-29,I-29,Collision with fixed object:  Guardrail - face,On Roadway,Non-collision (single vehicle),Swerving/Evasive Action,None Indicated,,Daylight,Dry,Clear,None apparent,Non-intersection:  Non-junction/no special feature,Paved,,Minor Injury,0,1,0,1,0,0,1501,1,1,,POINT (-96.210400057405 42.137647309879)
2014810875,20140022523,08/04/2014,08-August,2-Monday,17:24,1700 Hours,District 1 (Central),DES MOINES,POLK,,,Non-collision events:  Overturn/rollover,On Roadway,Non-collision (single vehicle),Exceeded authorized speed,None Indicated,,Daylight,Dry,Clear,None apparent,Non-intersection:  Non-junction/no special feature,,,Property Damage Only,0,0,0,0,0,0,10000,1,1,,POINT (-96.643700149993 40.233091251414)
2014810857,14016398,08/04/2014,08-August,2-Monday,13:52,1300 Hours,District 6 (East Central),MARION,LINN,,7TH AVE & 6TH ST,Collision with:  Vehicle in traffic,On Roadway,Rear-end (front to rear),Driver Distraction:  Reaching for object(s)/fallen object(s),None Indicated,,Daylight,Dry,Clear,None apparent,Non-intersection:  Non-junction/no special feature,Paved,,Property Damage Only,0,0,0,0,0,0,4000,2,2,,POINT (-91.603930482686 42.033333764581)
2014813188,AC-14-0046,08/04/2014,08-August,2-Monday,09:10,0900 Hours,District 6 (East Central),MONTICELLO,JONES,IA 38,IA 38/N CEDAR ST & W 3RD ST & E 3RD ST,Collision with:  Vehicle in traffic,On Roadway,Broadside (front to side),FTYROW:  From stop sign,None Indicated,,Daylight,Wet,Rain,None apparent,Intersection:  Four-way intersection,Paved,,Minor Injury,0,1,0,1,0,0,14500,2,2,,POINT (-91.19024194895 42.240330934865)
2014810572,14-5131,08/04/2014,08-August,2-Monday,06:49,0600 Hours,District 1 (Central),,POLK,I-35,I-35 & US 69/NE 14TH ST,Collision with:  Vehicle in traffic,On Roadway,Rear-end (front to rear),Other (explain in narrative):  Other,None Indicated,,Daylight,Dry,Clear,None apparent,Interchange-related:  Off-ramp,Paved,,Possible/Unknown,0,1,0,0,1,0,5500,2,2,,POINT (-93.600433856073 41.647636313063)
2014811145,01-14-34555,08/04/2014,08-August,2-Monday,16:00,1600 Hours,District 6 (East Central),DUBUQUE,DUBUQUE,,E 22ND ST & ELM ST & KNIEST ST,Collision with:  Vehicle in traffic,On Roadway,Broadside (front to side),Ran Stop Sign,None Indicated,,Daylight,Dry,Cloudy,None apparent,Intersection:  Four-way intersection,Paved,,Property Damage Only,0,0,0,0,0,0,6000,2,2,,POINT (-90.667842948913 42.514735606504)
2014811363,14-003581,08/04/2014,08-August,2-Monday,21:19,2100 Hours,District 1 (Central),AMES,STORY,,S KELLOGG AVE,Collision with:  Vehicle in traffic,On Roadway,Head-on (front to front),Improper Backing,None Indicated,,Dark - roadway lighted,Dry,Cloudy,None apparent,Non-intersection:  Non-junction/no special feature,Paved,,Property Damage Only,0,0,0,0,0,0,2600,3,1,,POINT (-93.613631776037 42.020892392809)
2014811478,201402719,08/04/2014,08-August,2-Monday,15:50,1500 Hours,District 6 (East Central),,LINN,,Co Rd D62/COGGON RD & QUALITY RIDGE RD,Collision with:  Animal,,,Animal,None Indicated,,,,,,,Paved,,Property Damage Only,0,0,0,0,0,0,5000,1,1,,POINT (-91.55837853867 42.28215036457)
2014810555,14016354,08/04/2014,08-August,2-Monday,01:11,0100 Hours,District 6 (East Central),MARION,LINN,,29TH AVE & 10TH ST,,On Roadway,Non-collision (single vehicle),Ran off road - right,Alcohol (Statutory),,Dark - roadway lighted,Dry,Clear,None apparent,Intersection:  Four-way intersection,Paved,,Property Damage Only,0,0,0,0,0,0,10000,1,1,,POINT (-91.599386066641 42.050480460011)
2014811008,C14002429,08/04/2014,08-August,2-Monday,18:30,1800 Hours,District 6 (East Central),CORALVILLE,JOHNSON,I-380,I-380,Collision with:  Vehicle in traffic,On Roadway,Unknown,Unknown,None Indicated,,Daylight,Wet,Rain,Unknown,Non-intersection:  Non-junction/no special feature,Paved,,Property Damage Only,0,0,0,0,0,0,2300,2,3,,POINT (-91.642089338536 41.702763265543)
2014811036,14-1723,08/04/2014,08-August,2-Monday,18:52,1800 Hours,District 1 (Central),URBANDALE,POLK,,DOUGLAS AVE & 86TH ST,Collision with:  Vehicle in traffic,On Roadway,Rear-end (front to rear),Other (explain in narrative):  Other,None Indicated,,Daylight,Dry,Clear,None apparent,Non-intersection:  Non-junction/no special feature,Paved,,Property Damage Only,0,0,0,0,0,0,6000,2,2,,POINT (-93.736545898174 41.629226724627)
2014810901,891405062,08/04/2014,08-August,2-Monday,15:32,1500 Hours,District 5 (Southeast),CANTRIL,VAN BUREN,,2ND ST & DIVISION ST,Collision with:  Vehicle in traffic,On Roadway,"Sideswipe, opposite direction",FTYROW:  From parked position,None Indicated,,Daylight,Dry,Clear,None apparent,Non-intersection:  Non-junction/no special feature,Paved,,Property Damage Only,0,0,0,0,0,0,2300,2,2,,POINT (-92.069714219595 40.644370563533)
2014810595,20140022457,08/04/2014,08-August,2-Monday,07:26,0700 Hours,District 1 (Central),DES MOINES,POLK,IA 163,IA 163/E UNIVERSITY AVE & E 26TH ST,Collision with:  Vehicle in traffic,On Roadway,Broadside (front to side),Ran Traffic Signal,None Indicated,,Daylight,Dry,Clear,None apparent,Intersection:  Four-way intersection,Paved,,Possible/Unknown,0,1,0,0,1,0,12300,3,3,,POINT (-93.56787282308 41.600477929558)
2014810593,20140022454,08/04/2014,08-August,2-Monday,07:10,0700 Hours,District 1 (Central),DES MOINES,POLK,I-235,I-235,Collision with:  Vehicle in traffic,On Roadway,"Sideswipe, same direction",Swerving/Evasive Action,None Indicated,,Daylight,Dry,Clear,None apparent,Non-intersection:  Non-junction/no special feature,Paved,,Property Damage Only,0,0,0,0,0,0,10000,2,3,,POINT (-93.580462291802 41.60333339923)
2014812061,2014-54241,08/04/2014,08-August,2-Monday,17:10,1700 Hours,District 6 (East Central),DAVENPORT,SCOTT,,IA 461/WELCOME WAY & W 53RD ST,Collision with:  Vehicle in traffic,On Roadway,Broadside (front to side),Ran Traffic Signal,None Indicated,,Daylight,Dry,Clear,None apparent,Intersection:  Four-way intersection,Paved,,Property Damage Only,0,0,0,0,0,0,4000,2,3,,POINT (-90.571669859064 41.57451772938)
2014820147,,08/04/2014,08-August,2-Monday,13:15,1300 Hours,District 2 (Northeast),CLEAR LAKE,CERRO GORDO,US 18,US 18 & 7TH AVE N & N 24TH ST,Collision with:  Vehicle in traffic,On Roadway,Broadside (front to side),Ran Traffic Signal,None Indicated,,Daylight,Dry,Clear,None apparent,Intersection:  Four-way intersection,Paved,,Possible/Unknown,0,1,0,0,1,0,12800,3,8,,POINT (-93.35941486197 43.145723165894)
2014811224,14009353,08/04/2014,08-August,2-Monday,17:21,1700 Hours,District 1 (Central),,TAMA,,Co Rd E66/HWY E66,Collision with fixed object:  Culvert/pipe opening,On Roadway,Non-collision (single vehicle),Ran off road - right,None Indicated,,Daylight,Dry,Cloudy,None apparent,Non-intersection:  Driveway access (within),Paved,,Property Damage Only,0,0,0,0,0,0,5000,1,1,,POINT (-92.307734731692 41.906240699908)
2014810839,W14-078128,08/04/2014,08-August,2-Monday,14:55,1400 Hours,District 2 (Northeast),WATERLOO,BLACK HAWK,,ARCHER AVE & NEVADA ST,Collision with:  Vehicle in traffic,On Roadway,"Angle, oncoming left turn",Made improper turn,None Indicated,,Daylight,Dry,Cloudy,None apparent,Intersection:  Four-way intersection,Paved,,Minor Injury,0,1,0,1,0,0,10500,2,5,,POINT (-92.314658464944 42.493294122726)
2014811502,2014045060,08/04/2014,08-August,2-Monday,08:10,0800 Hours,District 1 (Central),,POLK,I-80,I-80,,On Roadway,Non-collision (single vehicle),Other (explain in narrative):  No improper action,None Indicated,,Daylight,Dry,Clear,Debris,Non-intersection:  Non-junction/no special feature,Paved,,Major Injury,0,1,1,0,0,0,1500,1,1,,POINT (-93.551495175693 41.655672735101)
2014811429,14S01242,08/04/2014,08-August,2-Monday,22:12,2200 Hours,District 4 (Southwest),,UNION,,Co Rd P61/GRAND RIVER DR,Unknown,On Roadway,Non-collision (single vehicle),Ran off road - right,None Indicated,,Dark - roadway not lighted,Dry,Clear,None apparent,Non-intersection:  Non-junction/no special feature,Unpaved,,Possible/Unknown,0,1,0,0,1,0,4200,1,2,,POINT (-94.118989995017 41.126101518329)
2014810995,144473,08/04/2014,08-August,2-Monday,13:30,1300 Hours,District 1 (Central),,HARDIN,,Co Rd D15/CO HWY D15 & MM AVE,Collision with:  Vehicle in traffic,On Roadway,"Angle, oncoming left turn",FTYROW:  From stop sign,None Indicated,,Daylight,Dry,Clear,None apparent,Intersection:  Other intersection (explain in narrative),Paved,,Property Damage Only,0,0,0,0,0,0,5000,2,2,,POINT (-93.22773870995 42.521504146011)
2014810862,SO14001853,08/04/2014,08-August,2-Monday,17:04,1700 Hours,District 3 (Northwest),,PLYMOUTH,,Co Rd C12/110TH ST,Collision with:  Vehicle in traffic,On Roadway,Rear-end (front to rear),Driving too fast for conditions,None Indicated,,Daylight,Dry,Clear,None apparent,Non-intersection:  Driveway access (within),Unpaved,,Property Damage Only,0,0,0,0,0,0,8000,2,2,,POINT (-96.066402270488 42.895374887407)
2014811002,14-5904,08/04/2014,08-August,2-Monday,13:11,1300 Hours,District 3 (Northwest),,IDA,,Co Rd M15/JASPER AVE,Collision with:  Animal,,,Animal,None Indicated,,,,,,,Paved,,Property Damage Only,0,0,0,0,0,0,1500,1,1,,POINT (-95.478310817603 42.266921086772)
2014811005,14114911,08/04/2014,08-August,2-Monday,13:30,1300 Hours,District 6 (East Central),,JOHNSON,,Co Rd W66/DUBUQUE ST & WEST OVERLOOK DR,Non-collision events:  Overturn/rollover,On Roadway,Non-collision (single vehicle),Ran off road - right,None Indicated,,Daylight,Dry,Cloudy,None apparent,Non-intersection:  Non-junction/no special feature,Paved,,Minor Injury,0,1,0,1,0,0,500,1,1,,POINT (-91.554029743063 41.719378150816)
2014810871,20140022504,08/04/2014,08-August,2-Monday,13:58,1300 Hours,District 1 (Central),DES MOINES,POLK,,MTA LN & SW 9TH ST,Collision with:  Vehicle in traffic,On Roadway,Broadside (front to side),Ran Traffic Signal,None Indicated,,Daylight,Dry,Cloudy,None apparent,Intersection:  Four-way intersection,Paved,,Possible/Unknown,0,1,0,0,1,0,2000,2,5,,POINT (-93.624901341399 41.576123724923)
2014810597,20140022461,08/04/2014,08-August,2-Monday,08:04,0800 Hours,District 1 (Central),DES MOINES,POLK,,GRAND AVE,Collision with:  Vehicle in traffic,On Roadway,"Sideswipe, same direction",Swerving/Evasive Action,None Indicated,,Daylight,Dry,Clear,None apparent,Non-intersection:  Non-junction/no special feature,Paved,,Property Damage Only,0,0,0,0,0,0,1800,2,3,,POINT (-93.627444550167 41.587296891988)
2014811010,14016408,08/04/2014,08-August,2-Monday,16:18,1600 Hours,District 6 (East Central),MARION,LINN,,LINDALE DR,Collision with fixed object:  Utility pole/light support,Outside trafficway,Non-collision (single vehicle),Ran off road - right,None Indicated,,Daylight,Wet,Rain,None apparent,Non-intersection:  Non-junction/no special feature,Paved,,Minor Injury,0,1,0,1,0,0,11200,1,1,,POINT (-91.620838991421 42.034096606577)
2014811856,2014-1876,08/04/2014,08-August,2-Monday,16:00,1600 Hours,District 1 (Central),JEFFERSON,GREENE,,E LINCOLN WAY & S VINE ST & N VINE ST,Collision with:  Vehicle in traffic,On Roadway,Broadside (front to side),FTYROW:  From stop sign,None Indicated,,Daylight,Dry,Clear,None apparent,Intersection:  Four-way intersection,Paved,,Minor Injury,0,1,0,1,0,0,5000,2,2,,POINT (-94.376085130658 42.015274224733)
2014810653,14-0860,08/04/2014,08-August,2-Monday,11:33,1100 Hours,District 1 (Central),PLEASANT HILL,POLK,IA 163,IA 163/E UNIVERSITY AVE,Collision with:  Vehicle in traffic,On Roadway,Rear-end (front to rear),"Operating vehicle in an reckless, erratic, careless, negligent manner",None Indicated,,Daylight,Dry,Clear,None apparent,Non-intersection:  Non-junction/no special feature,Paved,,Property Damage Only,0,0,0,0,0,0,12600,2,3,,POINT (-93.50422630795 41.599054305703)
2014811437,2014-8250,08/04/2014,08-August,2-Monday,15:18,1500 Hours,District 3 (Northwest),,SAC,,Co Rd D59/370TH ST & OTTER AVE,Collision with:  Vehicle in traffic,On Roadway,Broadside (front to side),FTYROW:  From stop sign,None Indicated,,Daylight,Dry,Cloudy,None apparent,Intersection:  Four-way intersection,Paved,,Property Damage Only,0,0,0,0,0,0,2500,2,5,,POINT (-95.072133295655 42.253864805283)
2014811674,14-1710,08/04/2014,08-August,2-Monday,06:58,0600 Hours,District 1 (Central),URBANDALE,POLK,,DOUGLAS AVE & 100TH ST,Collision with:  Vehicle in traffic,On Roadway,Unknown,FTYROW:  Making right turn on red signal,None Indicated,,Daylight,Dry,Cloudy,None apparent,Non-intersection:  Non-junction/no special feature,Paved,,Property Damage Only,0,0,0,0,0,0,2500,2,2,,POINT (-93.755911916578 41.629371219884)
2014813285,14-1721,08/04/2014,08-August,2-Monday,16:54,1600 Hours,District 1 (Central),URBANDALE,POLK,,86TH ST,Collision with:  Vehicle in traffic,On Roadway,Rear-end (front to rear),Followed too close,None Indicated,,Daylight,Dry,Cloudy,None apparent,Non-intersection:  Non-junction/no special feature,Paved,,Property Damage Only,0,0,0,0,0,0,3200,2,3,,POINT (-93.736437056407 41.652357768495)
2014811083,14-25228,08/04/2014,08-August,2-Monday,20:50,2000 Hours,District 3 (Northwest),SIOUX CITY,WOODBURY,IA 376,IA 376/SINGING HILLS BLVD/S LEWIS BLVD,Collision with:  Vehicle in traffic,On Roadway,Rear-end (front to rear),Followed too close,None Indicated,,Dark - roadway lighted,Dry,Clear,None apparent,Intersection:  Four-way intersection,Paved,,Property Damage Only,0,0,0,0,0,0,11500,2,2,,POINT (-96.369856644689 42.435277586856)
2014812995,2014045039,08/04/2014,08-August,2-Monday,03:30,0300 Hours,District 6 (East Central),,CEDAR,I-80,I-80,Collision with fixed object:  Guardrail - face,On Roadway,Non-collision (single vehicle),Swerving/Evasive Action,None Indicated,,Dark - roadway not lighted,Dry,Clear,None apparent,Non-intersection:  Non-junction/no special feature,Paved,,Property Damage Only,0,0,0,0,0,0,5500,1,2,,POINT (-91.012072888472 41.633371807965)
2014810885,S14-003029,08/04/2014,08-August,2-Monday,15:35,1500 Hours,District 4 (Southwest),,POTTAWATTAMIE,,Co Rd G14/WESTGATE RD & TAMA LN,Collision with:  Vehicle in traffic,On Roadway,Rear-end (front to rear),Followed too close,None Indicated,,Daylight,Dry,"Blowing sand, soil, dirt",None apparent,Non-intersection:  Non-junction/no special feature,Unpaved,,Minor Injury,0,1,0,1,0,0,16500,2,2,,POINT (-95.67944302743 41.477289358569)
2014811941,2014008336,08/04/2014,08-August,2-Monday,16:15,1600 Hours,District 6 (East Central),IOWA CITY,JOHNSON,US 6,US 6 & S GILBERT ST,Collision with:  Vehicle in traffic,On Roadway,Rear-end (front to rear),Followed too close,None Indicated,,Daylight,Dry,Cloudy,None apparent,Non-intersection:  Non-junction/no special feature,Paved,,Property Damage Only,0,0,0,0,0,0,2700,2,3,,POINT (-91.532207385022 41.64551570819)
2014810881,14-3751,08/04/2014,08-August,2-Monday,17:00,1700 Hours,District 1 (Central),WEST DES MOINES,POLK,,GRAND AVE,Collision with:  Vehicle in traffic,On Roadway,Broadside (front to side),Ran Stop Sign,None Indicated,,Daylight,Dry,Cloudy,None apparent,Intersection:  Four-way intersection,Paved,,Property Damage Only,0,0,0,0,0,0,6000,2,4,,POINT (-93.708952677003 41.58269785965)
2014817559,032-076-14,08/04/2014,08-August,2-Monday,10:59,1000 Hours,District 3 (Northwest),ESTHERVILLE,EMMET,,N 8TH ST,Collision with:  Parked motor vehicle,On Roadway,Unknown,Unknown,None Indicated,,Daylight,Dry,Cloudy,None apparent,Non-intersection:  Non-junction/no special feature,Paved,,Property Damage Only,0,0,0,0,0,0,1568,2,1,,POINT (-94.834061317391 43.402618174944)
2014814443,2014045119,08/04/2014,08-August,2-Monday,12:00,1200 Hours,District 6 (East Central),,CLINTON,IA 136,IA 136/IOWA 136,Collision with:  Vehicle in traffic,On Roadway,Head-on (front to front),Ran off road - right,Alcohol (Statutory),,Daylight,Dry,Clear,None apparent,Non-intersection:  Non-junction/no special feature,Paved,,Major Injury,0,2,1,0,1,0,8000,2,2,,POINT (-90.519084634358 41.992337861158)
2014810886,14-032589,08/04/2014,08-August,2-Monday,09:32,0900 Hours,District 4 (Southwest),COUNCIL BLUFFS,POTTAWATTAMIE,,AVE G,Collision with:  Vehicle in traffic,On Roadway,Broadside (front to side),Unknown,None Indicated,,Daylight,Dry,Clear,None apparent,Intersection:  Four-way intersection,Paved,,Property Damage Only,0,0,0,0,0,0,2000,2,2,,POINT (-95.905440478758 41.268078965202)
2014810905,14-2373,08/04/2014,08-August,2-Monday,22:41,2200 Hours,District 1 (Central),FORT DODGE,WEBSTER,,MERIWEATHER DR,Non-collision events:  Other non-collision (explain in narrative),On Roadway,Non-collision (single vehicle),Lost Control,None Indicated,,Dark - roadway lighted,Dry,Cloudy,"Surface condition (e.g., wet, icy)",Non-intersection:  Non-junction/no special feature,Paved,,Possible/Unknown,0,1,0,0,1,0,1501,1,2,,POINT (-94.187732172357 42.498059154323)
2014819450,,08/04/2014,08-August,2-Monday,10:55,1000 Hours,District 6 (East Central),MAQUOKETA,JACKSON,,N MAIN ST,Collision with:  Vehicle in traffic,Shoulder,"Sideswipe, same direction",FTYROW:  From parked position,None Indicated,,Daylight,Dry,Clear,None apparent,Non-intersection:  Non-junction/no special feature,Paved,,Property Damage Only,0,0,0,0,0,0,4000,2,2,,POINT (-90.665513329089 42.070708533879)
2014811035,14-1722,08/04/2014,08-August,2-Monday,17:17,1700 Hours,District 1 (Central),URBANDALE,POLK,,AIRLINE AVE,Collision with:  Vehicle in traffic,On Roadway,Head-on (front to front),Other (explain in narrative):  Vision obstructed,None Indicated,,Daylight,Dry,Cloudy,None apparent,Non-intersection:  Non-junction/no special feature,Paved,,Property Damage Only,0,0,0,0,0,0,2000,2,3,,POINT (-93.733624950704 41.633136496928)
2014811867,1400000674,08/04/2014,08-August,2-Monday,05:00,0500 Hours,District 1 (Central),,MARSHALL,,180TH ST,Non-collision events:  Overturn/rollover,On Roadway,Non-collision (single vehicle),Ran off road - right,Drug/Alcohol (Statutory),,Dark - roadway not lighted,"Mud, dirt",Clear,None apparent,Non-intersection:  Non-junction/no special feature,Unpaved,,Possible/Unknown,0,2,0,0,2,0,5500,1,4,,POINT (-93.049348438256 42.092440063905)
2014813914,2014-54210,08/04/2014,08-August,2-Monday,15:22,1500 Hours,District 6 (East Central),DAVENPORT,SCOTT,,W CENTRAL PARK AVE & CLARK ST,Collision with:  Vehicle in traffic,On Roadway,"Angle, oncoming left turn",FTYROW:  Making left turn,None Indicated,,Daylight,Dry,Clear,None apparent,Intersection:  Four-way intersection,Paved,,Possible/Unknown,0,1,0,0,1,0,10000,2,3,,POINT (-90.620724893844 41.545435430379)
2014810960,080414-61,08/04/2014,08-August,2-Monday,07:23,0700 Hours,District 3 (Northwest),,BUENA VISTA,,610TH ST & 190TH AVE,Collision with:  Vehicle in traffic,On Roadway,Broadside (front to side),FTYROW:  At uncontrolled intersection,None Indicated,,Daylight,Dry,Clear,None apparent,Intersection:  Four-way intersection,Unpaved,,Major Injury,0,2,1,1,0,0,16500,2,2,,POINT (-95.033609180116 42.633441042433)
2014810724,14-2360,08/04/2014,08-August,2-Monday,07:28,0700 Hours,District 1 (Central),FORT DODGE,WEBSTER,,S 28TH ST,Collision with:  Parked motor vehicle,Shoulder,Unknown,Unknown,None Indicated,,Unknown,Dry,Unknown,None apparent,Non-intersection:  Non-junction/no special feature,Paved,,Property Damage Only,0,0,0,0,0,0,1500,2,1,,POINT (-94.159786156813 42.491915313502)
2014810841,W14-077993,08/04/2014,08-August,2-Monday,06:02,0600 Hours,District 2 (Northeast),WATERLOO,BLACK HAWK,,ANSBOROUGH AVE,Collision with fixed object:  Concrete traffic barrier (median or right side),Roadside,Non-collision (single vehicle),Crossed centerline (undivided),Alcohol (Statutory),,Daylight,Dry,Cloudy,None apparent,Non-intersection:  Other non-intersection (explain in narrative),Paved,,Property Damage Only,0,0,0,0,0,0,5000,1,1,,POINT (-92.373372361234 42.509336356358)
2014810866,20140022510,08/04/2014,08-August,2-Monday,14:46,1400 Hours,District 1 (Central),DES MOINES,POLK,,UNIVERSITY AVE & 19TH ST,Collision with:  Vehicle in traffic,On Roadway,Broadside (front to side),Ran Traffic Signal,None Indicated,,Daylight,Dry,Clear,None apparent,Intersection:  Four-way intersection,Paved,,Minor Injury,0,2,0,1,1,0,6000,3,3,,POINT (-93.642571097777 41.60038192787)
2014810903,14-0432,08/04/2014,08-August,2-Monday,06:40,0600 Hours,District 1 (Central),,WEBSTER,IA 175,IA 175/360TH ST,Collision with fixed object:  Ditch,On Roadway,Non-collision (single vehicle),Over correcting/over steering,None Indicated,,Daylight,Dry,Clear,None apparent,Non-intersection:  Non-junction/no special feature,Paved,,Possible/Unknown,0,1,0,0,1,0,10500,1,1,,POINT (-94.207877856496 42.267649322712)
2014816351,14011785,08/04/2014,08-August,2-Monday,17:47,1700 Hours,District 6 (East Central),,JACKSON,,Co Rd D61/BELLEVUE-CASCADE RD,Collision with:  Vehicle in traffic,On Roadway,"Sideswipe, same direction",Crossed centerline (undivided),None Indicated,,Daylight,Dry,Clear,None apparent,Non-intersection:  Non-junction/no special feature,Paved,,Possible/Unknown,0,1,0,0,1,0,5000,2,2,,POINT (-90.717656615464 42.243766776031)
2014810596,20140022459,08/04/2014,08-August,2-Monday,07:50,0700 Hours,District 1 (Central),DES MOINES,POLK,,MILTON AVE & DELAWARE AVE,Collision with:  Vehicle in traffic,On Roadway,Rear-end (front to rear),FTYROW:  Other (explain in narrative),None Indicated,,Daylight,Dry,Clear,None apparent,Intersection:  Four-way intersection,Paved,,Property Damage Only,0,0,0,0,0,0,4000,2,2,,POINT (-93.581287430907 41.616380700804)
2014810906,14-2370,08/04/2014,08-August,2-Monday,17:00,1700 Hours,District 1 (Central),FORT DODGE,WEBSTER,,DAKOTA ST,Collision with:  Vehicle in traffic,Shoulder,Broadside (front to side),Unknown,None Indicated,,Daylight,Dry,Cloudy,None apparent,Non-intersection:  Non-junction/no special feature,Paved,,Property Damage Only,0,0,0,0,0,0,1500,2,1,,POINT (-94.190618067767 42.510330993523)
2014811979,S0140312,08/04/2014,08-August,2-Monday,10:29,1000 Hours,District 4 (Southwest),CORNING,ADAMS,,ADAMS ST,Collision with:  Vehicle in traffic,On Roadway,Rear-end (front to rear),FTYROW:  From parked position,None Indicated,,Daylight,Dry,Clear,None apparent,Non-intersection:  Non-junction/no special feature,Paved,,Property Damage Only,0,0,0,0,0,0,1500,2,2,,POINT (-94.733132025315 40.988743773211)
2014811049,2014-54171,08/04/2014,08-August,2-Monday,12:19,1200 Hours,District 6 (East Central),DAVENPORT,SCOTT,,TREMONT AVE,Collision with:  Vehicle in traffic,On Roadway,Broadside (front to side),FTYROW:  From driveway,None Indicated,,Daylight,Dry,Clear,None apparent,Non-intersection:  Driveway access (within),Paved,,Property Damage Only,0,0,0,0,0,0,7500,2,2,,POINT (-90.560838224043 41.574549509404)
2014810873,20140022511,08/04/2014,08-August,2-Monday,15:19,1500 Hours,District 1 (Central),DES MOINES,POLK,US 69,US 69/E 15TH ST & DES MOINES ST,Collision with:  Vehicle in traffic,On Roadway,Broadside (front to side),FTYROW:  From stop sign,None Indicated,,Daylight,Dry,Clear,None apparent,Intersection:  Other intersection (explain in narrative),Paved,,Possible/Unknown,0,2,0,0,2,0,8000,2,4,,POINT (-93.595686136974 41.594995886169)
2014811113,14-5162,08/04/2014,08-August,2-Monday,08:41,0800 Hours,District 2 (Northeast),,KOSSUTH,,160 AVE & 390 ST,Collision with:  Vehicle in traffic,On Roadway,Broadside (front to side),FTYROW:  Other (explain in narrative),None Indicated,,Daylight,"Mud, dirt",Clear,None apparent,Intersection:  Four-way intersection,Unpaved,,Minor Injury,0,2,0,2,0,0,22000,2,2,,POINT (-94.148182498116 43.327669211658)
2014810990,P14-009026,08/04/2014,08-August,2-Monday,17:37,1700 Hours,District 1 (Central),WEBSTER CITY,HAMILTON,,LYNX AVE,Collision with:  Parked motor vehicle,On Roadway,Rear-end (front to rear),Other (explain in narrative):  Other,None Indicated,,Daylight,Dry,Clear,None apparent,Non-intersection:  Non-junction/no special feature,Paved,,Property Damage Only,0,0,0,0,0,0,9000,2,1,,POINT (-93.839229690909 42.46220008526)
2014811165,201411335,08/04/2014,08-August,2-Monday,12:01,1200 Hours,District 6 (East Central),CEDAR RAPIDS,LINN,,BLAIRS FERRY RD NE & COUNCIL ST NE,Collision with:  Vehicle in traffic,On Roadway,Rear-end (front to rear),Lost Control,None Indicated,,Daylight,Dry,Clear,None apparent,Intersection:  Four-way intersection,Paved,,Property Damage Only,0,0,0,0,0,0,7000,2,4,,POINT (-91.658349962054 42.035243771232)
2014811881,20140022512,08/04/2014,08-August,2-Monday,15:05,1500 Hours,District 1 (Central),DES MOINES,POLK,US 69,US 69/E 15TH ST,Collision with:  Vehicle in traffic,On Roadway,Rear-end (front to rear),Followed too close,None Indicated,,Daylight,Dry,Clear,None apparent,Non-intersection:  Non-junction/no special feature,Paved,,Property Damage Only,0,0,0,0,0,0,5100,3,3,,POINT (-93.595649147809 41.594887990854)
2014811602,14-23984,08/04/2014,08-August,2-Monday,21:21,2100 Hours,District 5 (Southeast),FORT MADISON,LEE,US 61,US 61,Collision with:  Animal,,,Animal,None Indicated,,,,,,,Paved,,Property Damage Only,0,0,0,0,0,0,5000,1,1,,POINT (-91.400843245681 40.625792752921)
2014812179,2014045278,08/04/2014,08-August,2-Monday,23:52,2300 Hours,District 3 (Northwest),,CHEROKEE,IA 3,IA 3/IOWA 3,Collision with:  Vehicle in traffic,On Roadway,Head-on (front to front),Crossed centerline (undivided),None Indicated,,Dark - roadway not lighted,Dry,Cloudy,None apparent,Non-intersection:  Non-junction/no special feature,Paved,,Fatal,1,1,0,0,1,0,47000,2,2,,POINT (-95.612384245995 42.793681594547)
2014810888,14-032625,08/04/2014,08-August,2-Monday,13:00,1300 Hours,District 4 (Southwest),COUNCIL BLUFFS,POTTAWATTAMIE,US 6,US 6/W BROADWAY,Collision with:  Vehicle in traffic,On Roadway,Rear-end (front to rear),Unknown,None Indicated,,Daylight,Dry,Cloudy,None apparent,Intersection:  Four-way intersection,Paved,,Property Damage Only,0,0,0,0,0,0,1500,2,2,,POINT (-95.875936221224 41.261912522887)