Iowa DOT Case Number,Law Enforcement Case Number,Date of Crash,Month of Crash,Day of Week,Time of Crash,Hour,DOT District,City Name,County Name,Route with System,Location Description,First Harmful Event,Location of First Harmful Event,Manner of Crash/Collision,Major Cause,Drug or Alcohol ,Environmental Conditions,Light Conditions,Surface Conditions,Weather Conditions,Roadway Contribution,Roadway Type,Roadway Surface,Work Zone,Crash Severity,Number of Fatalities,Number of Injuries,Number of Major Injuries,Number of Minor Injuries,Number of Possible Injuries,Number of Unknown Injuries,Amount of Property Damage,Number of Vehicles Involved,Total Number of Occupants,Travel Direction,Location
2014812272,201402717,08/04/2014,08-August,2-Monday,16:52,1600 Hours,District 6 (East Central),,LINN,,Co Rd E44/LAKESIDE RD/30TH ST DR & EAST POST RD,Collision with:  Vehicle in traffic,On Roadway,Head-on (front to front),Other (explain in narrative):  Other,None Indicated,,Daylight,Dry,Cloudy,None apparent,Non-intersection:  Non-junction/no special feature,Paved,,Property Damage Only,0,0,0,0,0,0,6500,2,3,,POINT (-91.599192855935 42.005914734023)
2014811506,2014045263,08/04/2014,08-August,2-Monday,23:50,2300 Hours,District 1 (Central),,POLK,I-35,I-35 & I-235,Collision with fixed object:  Concrete traffic barrier (median or right side),Median,Non-collision (single vehicle),Driving too fast for conditions,None Indicated,,Dark - roadway lighted,Wet,Rain,Work Zone (roadway-related),Interchange-related:  On-ramp merge area,Paved,Yes,Property Damage Only,0,0,0,0,0,0,3500,1,1,,POINT (-93.575684318724 41.647663853508)
2014811879,20140022442,08/04/2014,08-August,2-Monday,03:05,0300 Hours,District 1 (Central),DES MOINES,POLK,,UNIVERSITY AVE,Collision with fixed object:  Utility pole/light support,On Roadway,Non-collision (single vehicle),"Operating vehicle in an reckless, erratic, careless, negligent manner",Alcohol (Statutory),,Dark - roadway lighted,Dry,Clear,None apparent,Non-intersection:  Non-junction/no special feature,Paved,,Major Injury,0,1,1,0,0,0,10002,1,2,,POINT (-93.619099242297 41.600366606744)
2014811027,20140022623,08/05/2014,08-August,3-Tuesday,17:03,1700 Hours,District 1 (Central),DES MOINES,POLK,,DES MOINES ST & E 9TH ST,Collision with:  Vehicle in traffic,On Roadway,Broadside (front to side),FTYROW:  From stop sign,None Indicated,,Daylight,Dry,Cloudy,Work Zone (roadway-related),Intersection:  Four-way intersection,Paved,Yes,Minor Injury,0,2,0,1,1,0,6000,2,2,,POINT (-93.606404865217 41.59283215374)
2014812499,142314,08/05/2014,08-August,3-Tuesday,17:19,1700 Hours,District 3 (Northwest),,CRAWFORD,,F AVE,Collision with:  Vehicle in traffic,On Roadway,Broadside (front to side),FTYROW:  Other (explain in narrative),None Indicated,,Daylight,Dry,Clear,None apparent,Non-intersection:  Non-junction/no special feature,Unpaved,,Possible/Unknown,0,1,0,0,1,0,2700,2,4,,POINT (-95.575598329411 42.138807988137)
2014810879,14-3769,08/05/2014,08-August,3-Tuesday,08:35,0800 Hours,District 1 (Central),WEST DES MOINES,POLK,,ASHWORTH RD & 5TH ST,Collision with:  Vehicle in traffic,On Roadway,"Angle, oncoming left turn",Made improper turn,None Indicated,,Daylight,Dry,Cloudy,Other (explain in narrative),Intersection:  T-intersection,Paved,,Property Damage Only,0,0,0,0,0,0,2000,2,4,,POINT (-93.708445342712 41.584574493863)
2014810858,14016448,08/05/2014,08-August,3-Tuesday,02:30,0200 Hours,District 6 (East Central),MARION,LINN,,ALBURNETT RD & ISHAM DR,Collision with:  Animal,On Roadway,Non-collision (single vehicle),Animal,None Indicated,,Dark - roadway not lighted,Wet,Cloudy,None apparent,Non-intersection:  Non-junction/no special feature,Paved,,Property Damage Only,0,0,0,0,0,0,3000,1,1,,POINT (-91.613082196305 42.046359805221)
2014813167,2014045301,08/05/2014,08-August,3-Tuesday,07:50,0700 Hours,District 1 (Central),DES MOINES,POLK,I-235,I-235,Collision with:  Vehicle in traffic,On Roadway,Rear-end (front to rear),Driving too fast for conditions,None Indicated,,Daylight,Dry,Cloudy,None apparent,Non-intersection:  Non-junction/no special feature,Paved,,Possible/Unknown,0,1,0,0,1,0,9500,3,3,,POINT (-93.650861886061 41.594300444523)
2014811045,14-032811,08/05/2014,08-August,3-Tuesday,11:49,1100 Hours,District 4 (Southwest),COUNCIL BLUFFS,POTTAWATTAMIE,I-29,I-29,Collision with:  Vehicle in traffic,On Roadway,Rear-end (front to rear),Swerving/Evasive Action,None Indicated,,Daylight,Dry,Clear,Other (explain in narrative),Non-intersection:  Non-junction/no special feature,Paved,,Possible/Unknown,0,1,0,0,1,0,1100,2,2,,POINT (-95.899949553466 41.236263095046)
2014811366,14-003592,08/05/2014,08-August,3-Tuesday,15:26,1500 Hours,District 1 (Central),AMES,STORY,,E 13TH ST & MAXWELL AVE,Collision with:  Vehicle in traffic,On Roadway,Rear-end (front to rear),Followed too close,None Indicated,,Daylight,Dry,Cloudy,None apparent,Intersection:  Four-way intersection,Paved,,Property Damage Only,0,0,0,0,0,0,7400,2,2,,POINT (-93.606864658014 42.034537298821)
2014810908,14-2383,08/05/2014,08-August,3-Tuesday,13:25,1300 Hours,District 1 (Central),FORT DODGE,WEBSTER,,5TH AVE S,Collision with:  Vehicle in traffic,On Roadway,Rear-end (front to rear),Other (explain in narrative):  Other,None Indicated,,Daylight,Dry,Cloudy,None apparent,Intersection:  Four-way intersection,Paved,,Property Damage Only,0,0,0,0,0,0,1500,2,2,,POINT (-94.163693031651 42.501142591774)
2014812230,1400000680,08/05/2014,08-August,3-Tuesday,06:30,0600 Hours,District 1 (Central),,MARSHALL,,REED AVE,Non-collision events:  Overturn/rollover,On Roadway,Non-collision (single vehicle),Driving too fast for conditions,None Indicated,,Dawn,"Mud, dirt",Clear,None apparent,Non-intersection:  Non-junction/no special feature,Unpaved,,Possible/Unknown,0,1,0,0,1,0,5500,1,4,,POINT (-92.92300811398 42.082922958763)
2014811015,14-5188,08/05/2014,08-August,3-Tuesday,17:10,1700 Hours,District 1 (Central),,POLK,,NE 66TH AVE,Non-collision events:  Other non-collision (explain in narrative),On Roadway,Non-collision (single vehicle),Followed too close,None Indicated,,Daylight,Dry,Cloudy,None apparent,Non-intersection:  Non-junction/no special feature,Paved,,Minor Injury,0,1,0,1,0,0,2000,1,1,,POINT (-93.597987197581 41.680426044124)
2014811148,01-14-34720,08/05/2014,08-August,3-Tuesday,18:43,1800 Hours,District 6 (East Central),DUBUQUE,DUBUQUE,US 20,US 20/DODGE ST,Collision with:  Non-motorist (see non-motorist section - NOT a unit),Shoulder,Non-collision (single vehicle),FTYROW:  From driveway,None Indicated,,Daylight,Dry,Clear,None apparent,Non-intersection:  Driveway access (within),Paved,,Minor Injury,0,2,0,1,1,0,2000,1,1,,POINT (-90.742116875461 42.487758173734)
2014811197,20140022602,08/05/2014,08-August,3-Tuesday,13:15,1300 Hours,District 1 (Central),DES MOINES,POLK,,MLK JR PKWY & INGERSOLL AVE,Collision with:  Vehicle in traffic,On Roadway,Rear-end (front to rear),Lost Control,None Indicated,,Daylight,Dry,Clear,None apparent,Intersection:  Four-way intersection,Paved,,Possible/Unknown,0,1,0,0,1,0,4800,2,3,,POINT (-93.644777356589 41.585741818722)
2014811426,14080513RT01,08/05/2014,08-August,3-Tuesday,11:45,1100 Hours,District 5 (Southeast),OSCEOLA,CLARKE,I-35,I-35 & US 34/W MC LANE ST,Collision with:  Vehicle in traffic,On Roadway,Broadside (front to side),Other (explain in narrative):  Other,None Indicated,,Daylight,Dry,Cloudy,None apparent,Interchange-related:  Off-ramp,Paved,,Property Damage Only,0,0,0,0,0,0,3500,2,3,,POINT (-93.792210653383 41.027229131339)
2014814108,201403552,08/05/2014,08-August,3-Tuesday,09:30,0900 Hours,District 1 (Central),BOONE,BOONE,,7TH ST,Collision with:  Railway vehicle/train,On Roadway,Non-collision (single vehicle),Swerving/Evasive Action,None Indicated,,Daylight,Dry,Cloudy,None apparent,Non-intersection:  Railroad grade crossing,Unpaved,,Property Damage Only,0,0,0,0,0,0,8000,2,1,,POINT (-93.866212117446 42.062207130708)
2014812063,2014-54551,08/05/2014,08-August,3-Tuesday,17:17,1700 Hours,District 6 (East Central),DAVENPORT,SCOTT,,E LOCUST ST & PERSHING AVE,Collision with:  Vehicle in traffic,On Roadway,"Angle, oncoming left turn",FTYROW:  Making left turn,None Indicated,,Daylight,Dry,Clear,None apparent,Intersection:  Four-way intersection,Paved,,Property Damage Only,0,0,0,0,0,0,4000,2,3,,POINT (-90.571121300051 41.538264458297)
2014811692,14-032890,08/05/2014,08-August,3-Tuesday,20:06,2000 Hours,District 4 (Southwest),COUNCIL BLUFFS,POTTAWATTAMIE,,MILL ST & N 6TH ST,Collision with:  Non-motorist (see non-motorist section - NOT a unit),On Roadway,Non-collision (single vehicle),Other (explain in narrative):  No improper action,None Indicated,,Daylight,Dry,Clear,None apparent,Non-intersection:  Non-junction/no special feature,Paved,,Major Injury,0,1,1,0,0,0,1000,1,1,,POINT (-95.851258107172 41.263949825676)
2014811285,14-008102,08/05/2014,08-August,3-Tuesday,23:00,2300 Hours,District 3 (Northwest),,CARROLL,,NOBLE AVE,Non-collision events:  Overturn/rollover,Outside trafficway,Non-collision (single vehicle),Ran off road - right,None Indicated,,Dark - roadway not lighted,Dry,Cloudy,None apparent,Non-intersection:  Non-junction/no special feature,Unpaved,,Major Injury,0,2,1,0,1,0,4000,1,2,,POINT (-94.842065185951 41.952794079919)
2014811589,PD1406711,08/05/2014,08-August,3-Tuesday,13:25,1300 Hours,District 5 (Southeast),FAIRFIELD,JEFFERSON,,E BROADWAY AVE,Collision with:  Parked motor vehicle,On Roadway,"Sideswipe, same direction",Separation of units,None Indicated,,Daylight,Dry,Clear,None apparent,Non-intersection:  Non-junction/no special feature,Paved,,Property Damage Only,0,0,0,0,0,0,1600,2,1,,POINT (-91.963534275784 41.007608625018)
2014811004,14-20210,08/05/2014,08-August,3-Tuesday,04:00,0400 Hours,District 1 (Central),NEWTON,JASPER,I-80,I-80,Collision with:  Animal,On Roadway,Non-collision (single vehicle),Animal,None Indicated,,Dark - roadway not lighted,Dry,Clear,None apparent,Non-intersection:  Non-junction/no special feature,Paved,,Minor Injury,0,1,0,1,0,0,3200,1,1,,POINT (-93.103063981418 41.68108883115)
2014811404,14-032948,08/05/2014,08-August,3-Tuesday,17:31,1700 Hours,District 5 (Southeast),MUSCATINE,MUSCATINE,,FULLIAM AVE,Collision with:  Vehicle in traffic,On Roadway,Rear-end (front to rear),Improper Backing,None Indicated,,Daylight,Dry,Clear,None apparent,Non-intersection:  Non-junction/no special feature,Paved,,Property Damage Only,0,0,0,0,0,0,3000,2,3,,POINT (-91.076395952241 41.431174550348)
2014811040,14-3776,08/05/2014,08-August,3-Tuesday,12:00,1200 Hours,District 4 (Southwest),WEST DES MOINES,DALLAS,,WENDOVER RD,Collision with fixed object:  Ditch,Outside trafficway,Non-collision (single vehicle),Swerving/Evasive Action,None Indicated,,Daylight,Dry,Cloudy,"Surface condition (e.g., wet, icy)",Non-intersection:  Other non-intersection (explain in narrative),Unpaved,,Property Damage Only,0,0,0,0,0,0,2000,1,1,,POINT (-93.856953231063 41.563594476701)
2014811041,14-3781,08/05/2014,08-August,3-Tuesday,17:10,1700 Hours,District 4 (Southwest),WEST DES MOINES,DALLAS,,DAKOTA DR & 60TH ST,Collision with:  Vehicle in traffic,On Roadway,Rear-end (front to rear),Driving too fast for conditions,None Indicated,,Daylight,Dry,Clear,None apparent,Non-intersection:  Non-junction/no special feature,Paved,,Possible/Unknown,0,1,0,0,1,0,2700,3,3,,POINT (-93.790536719836 41.57840082031)
2014811490,S14-H0502,08/05/2014,08-August,3-Tuesday,21:30,2100 Hours,District 5 (Southeast),,CLARKE,,PACIFIC ST,Collision with:  Animal,,,Animal,None Indicated,,,,,,,Unpaved,,Property Damage Only,0,0,0,0,0,0,25000,1,1,,POINT (-93.625602230183 41.118379446356)
2014811170,201411409,08/05/2014,08-August,3-Tuesday,17:30,1700 Hours,District 6 (East Central),CEDAR RAPIDS,LINN,,MOUNT VERNON RD SE & 31ST ST SE,Collision with:  Vehicle in traffic,On Roadway,Rear-end (front to rear),Followed too close,None Indicated,,Daylight,Dry,Cloudy,None apparent,Non-intersection:  Non-junction/no special feature,Paved,,Possible/Unknown,0,2,0,0,2,0,11500,2,3,,POINT (-91.622678223985 41.976865121147)
2014812554,1408051843,08/05/2014,08-August,3-Tuesday,18:43,1800 Hours,District 6 (East Central),,JONES,,15 AVE,Collision with:  Animal,,,Animal,None Indicated,,,,,,,Unpaved,,Property Damage Only,0,0,0,0,0,0,6000,1,2,,POINT (-90.90262336871 42.137951937042)
2014811003,14-5931,08/05/2014,08-August,3-Tuesday,11:44,1100 Hours,District 3 (Northwest),IDA GROVE,IDA,,1ST ST & MAIN ST & MOOREHEAD AVE,Collision with:  Vehicle in traffic,On Roadway,Broadside (front to side),FTYROW:  From stop sign,None Indicated,,Daylight,Wet,Rain,None apparent,Intersection:  Four-way intersection,Paved,,Possible/Unknown,0,1,0,0,1,0,2100,2,2,,POINT (-95.471284041817 42.345797882307)
2014811168,201411382,08/05/2014,08-August,3-Tuesday,07:29,0700 Hours,District 6 (East Central),CEDAR RAPIDS,LINN,,BLAIRS FERRY RD NE,Collision with:  Vehicle in traffic,On Roadway,Broadside (front to side),FTYROW:  Making left turn,None Indicated,,Daylight,Dry,Clear,None apparent,Intersection:  T-intersection,Paved,,Possible/Unknown,0,1,0,0,1,0,8627,2,3,,POINT (-91.670476890504 42.034781479255)
2014811418,14006858,08/05/2014,08-August,3-Tuesday,09:43,0900 Hours,District 6 (East Central),,DELAWARE,US 20,US 20/SE RAMP,Non-collision events:  Overturn/rollover,On Roadway,Non-collision (single vehicle),Ran off road - right,None Indicated,,Daylight,Dry,Cloudy,None apparent,Interchange-related:  On-ramp,Paved,,Property Damage Only,0,0,0,0,0,0,21121,1,1,,POINT (-91.480549193303 42.462648013256)
2014811495,2014045477,08/05/2014,08-August,3-Tuesday,17:05,1700 Hours,District 6 (East Central),CEDAR RAPIDS,LINN,I-380,I-380,Collision with:  Vehicle in traffic,On Roadway,Rear-end (front to rear),Followed too close,None Indicated,,Daylight,Dry,Cloudy,None apparent,Non-intersection:  Non-junction/no special feature,Paved,,Possible/Unknown,0,1,0,0,1,0,5000,4,4,,POINT (-91.666777503815 42.01698700734)
2014811046,2014-14914,08/05/2014,08-August,3-Tuesday,17:23,1700 Hours,District 6 (East Central),BETTENDORF,SCOTT,I-74,I-74,Collision with:  Vehicle in traffic,On Roadway,Rear-end (front to rear),Driving too fast for conditions,None Indicated,,Daylight,Dry,Cloudy,None apparent,Non-intersection:  Other non-intersection (explain in narrative),Paved,,Property Damage Only,0,0,0,0,0,0,2500,2,3,,POINT (-90.513701421897 41.526733327976)
2014811467,2014008368,08/05/2014,08-August,3-Tuesday,16:03,1600 Hours,District 6 (East Central),IOWA CITY,JOHNSON,US 6,US 6/S RIVERSIDE DR & W BENTON ST,Collision with:  Vehicle in traffic,On Roadway,Broadside (front to side),FTYROW:  From driveway,None Indicated,,Daylight,Dry,Cloudy,None apparent,Non-intersection:  Driveway access (within),Paved,,Property Damage Only,0,0,0,0,0,0,1500,2,2,,POINT (-91.540203618127 41.650346166468)
2014811023,20140022595,08/05/2014,08-August,3-Tuesday,12:04,1200 Hours,District 1 (Central),DES MOINES,POLK,,GRAND AVE & 5TH AVE,Collision with:  Vehicle in traffic,On Roadway,"Sideswipe, same direction",Made improper turn,None Indicated,,Daylight,Dry,Cloudy,None apparent,Intersection:  Four-way intersection,Paved,,Possible/Unknown,0,1,0,0,1,0,4000,2,3,,POINT (-93.624032314023 41.588027035834)
2014811236,14-25346,08/05/2014,08-August,3-Tuesday,22:43,2200 Hours,District 3 (Northwest),SIOUX CITY,WOODBURY,,WESLEY PKWY & W 14TH ST & OMAHA ST,Collision with:  Vehicle in traffic,On Roadway,Broadside (front to side),FTYROW:  From stop sign,None Indicated,,Dark - roadway lighted,Wet,Rain,None apparent,Intersection:  Four-way intersection,Paved,,Possible/Unknown,0,1,0,0,1,0,3000,2,2,,POINT (-96.415693459483 42.504478595939)
2014811799,2014008359,08/05/2014,08-August,3-Tuesday,12:29,1200 Hours,District 6 (East Central),IOWA CITY,JOHNSON,,N CLINTON ST,Collision with:  Vehicle in traffic,On Roadway,Rear-end (front to rear),Followed too close,None Indicated,,Daylight,Dry,Cloudy,None apparent,Intersection:  Four-way intersection,Paved,,Property Damage Only,0,0,0,0,0,0,2500,2,2,,POINT (-91.534572585452 41.663541602419)
2014810907,14-2374,08/05/2014,08-August,3-Tuesday,00:00,0000 Hours,District 1 (Central),FORT DODGE,WEBSTER,,8TH AVE S,Collision with:  Parked motor vehicle,On Roadway,Unknown,Other (explain in narrative):  Other,None Indicated,,Dark - roadway not lighted,Dry,Cloudy,None apparent,Non-intersection:  Non-junction/no special feature,Paved,,Property Damage Only,0,0,0,0,0,0,2500,2,1,,POINT (-94.17013582792 42.497474698825)
2014812151,14007075,08/05/2014,08-August,3-Tuesday,13:06,1300 Hours,District 6 (East Central),WINTHROP,BUCHANAN,,220TH ST & 1ST ST,Collision with:  Vehicle in traffic,On Roadway,"Angle, oncoming left turn",FTYROW:  From stop sign,None Indicated,,Daylight,Dry,Clear,None apparent,Intersection:  Four-way intersection,Paved,,Possible/Unknown,0,2,0,0,1,1,5500,2,2,,POINT (-91.731827075691 42.468450943161)
2014811466,2014008367,08/05/2014,08-August,3-Tuesday,16:01,1600 Hours,District 6 (East Central),IOWA CITY,JOHNSON,IA 1,IA 1/IOWA 1 & RUPPERT RD,Non-collision events:  Other non-collision (explain in narrative),On Roadway,Non-collision (single vehicle),Made improper turn,None Indicated,,Daylight,Dry,Cloudy,None apparent,Non-intersection:  Non-junction/no special feature,Paved,,Property Damage Only,0,0,0,0,0,0,1500,1,1,,POINT (-91.549904001477 41.647253520304)
2014811007,C14002422,08/05/2014,08-August,3-Tuesday,12:25,1200 Hours,District 6 (East Central),CORALVILLE,JOHNSON,,1ST AVE,Collision with:  Animal,On Roadway,Non-collision (single vehicle),Animal,None Indicated,,Daylight,Dry,Cloudy,None apparent,Non-intersection:  Non-junction/no special feature,Paved,,Property Damage Only,0,0,0,0,0,0,2000,1,1,,POINT (-91.566051545494 41.691787874562)
2014811131,14-8081,08/05/2014,08-August,3-Tuesday,14:22,1400 Hours,District 3 (Northwest),CARROLL,CARROLL,,3RD ST,Collision with:  Vehicle in traffic,On Roadway,Broadside (front to side),Other (explain in narrative):  Vision obstructed,None Indicated,,Daylight,Dry,Clear,None apparent,Non-intersection:  Non-junction/no special feature,Paved,,Property Damage Only,0,0,0,0,0,0,1600,2,3,,POINT (-94.869356005383 42.062867267358)
2014811996,14-28100,08/05/2014,08-August,3-Tuesday,20:45,2000 Hours,District 5 (Southeast),,DES MOINES,,Co Rd J20/DMC 79,Collision with:  Animal,,,Animal,None Indicated,,,,,,,Paved,,Property Damage Only,0,0,0,0,0,0,4000,1,1,,POINT (-91.299723635675 40.827083590248)
2014811375,14-25349,08/05/2014,08-August,3-Tuesday,23:10,2300 Hours,District 3 (Northwest),SIOUX CITY,WOODBURY,IA 376,IA 376/SINGING HILLS BLVD,Non-collision events:  Other non-collision (explain in narrative),Roadside,Non-collision (single vehicle),Ran off road - left,Alcohol (Statutory),,Dark - roadway lighted,Wet,Rain,Work Zone (roadway-related),Intersection:  Four-way intersection,Paved,Yes,Property Damage Only,0,0,0,0,0,0,1600,1,1,,POINT (-96.375786897381 42.434337509354)
2014812941,14-003466,08/05/2014,08-August,3-Tuesday,12:04,1200 Hours,District 4 (Southwest),CARTER LAKE,POTTAWATTAMIE,,N 9TH ST,Collision with:  Vehicle in traffic,On Roadway,Rear-end (front to rear),Followed too close,None Indicated,,Daylight,Dry,Clear,None apparent,Non-intersection:  Non-junction/no special feature,Paved,,Property Damage Only,0,0,0,0,0,0,6000,2,3,,POINT (-95.918082505842 41.297020322886)
2014811020,14-003340,08/05/2014,08-August,3-Tuesday,09:15,0900 Hours,District 1 (Central),ANKENY,POLK,IA 415,IA 415/NW POLK CITY DR & NW 94TH AVE,Collision with:  Vehicle in traffic,On Roadway,Broadside (front to side),FTYROW:  From stop sign,None Indicated,,Daylight,Dry,Clear,None apparent,Intersection:  Four-way intersection,Paved,,Property Damage Only,0,0,0,0,0,0,15000,2,3,,POINT (-93.668300390394 41.73179324771)
2014828330,14080117,08/05/2014,08-August,3-Tuesday,10:02,1000 Hours,District 5 (Southeast),,WAPELLO,,Co Rd H25/DAHLONEGA RD & ANGLE RD,Collision with:  Vehicle in traffic,On Roadway,"Angle, oncoming left turn",FTYROW:  From stop sign,None Indicated,,Daylight,Dry,Clear,None apparent,Intersection:  T-intersection,Paved,,Possible/Unknown,0,1,0,0,1,0,11500,2,2,,POINT (-92.375920876305 41.050593253257)
2014811028,20140022641,08/05/2014,08-August,3-Tuesday,19:53,1900 Hours,District 1 (Central),DES MOINES,POLK,,E ARMY POST RD & SE 5TH ST,Collision with:  Vehicle in traffic,On Roadway,Broadside (front to side),Ran Traffic Signal,None Indicated,,Dusk,Dry,Clear,None apparent,Intersection:  Four-way intersection,Paved,,Minor Injury,0,1,0,1,0,0,5000,2,3,,POINT (-93.606442994277 41.52635808595)
2014811933,02093,08/05/2014,08-August,3-Tuesday,17:29,1700 Hours,District 6 (East Central),DYERSVILLE,DUBUQUE,,7TH AVE SE & 4TH ST SE,Collision with:  Vehicle in traffic,On Roadway,Broadside (front to side),FTYROW:  From stop sign,None Indicated,,Daylight,Dry,Clear,None apparent,Intersection:  Other intersection (explain in narrative),Paved,,Property Damage Only,0,0,0,0,0,0,2500,2,6,,POINT (-91.120219701929 42.479177842371)
2014810868,20140022598,08/05/2014,08-August,3-Tuesday,12:15,1200 Hours,District 1 (Central),DES MOINES,POLK,,SE 1ST ST & INDIANOLA AVE & INDIANOLA RD,Collision with:  Vehicle in traffic,On Roadway,"Sideswipe, same direction",FTYROW:  Making right turn on red signal,None Indicated,,Daylight,Dry,Clear,None apparent,Intersection:  Four-way intersection,Paved,,Property Damage Only,0,0,0,0,0,0,2250,2,3,,POINT (-93.61534117835 41.572347196007)
2014811507,2014045480,08/05/2014,08-August,3-Tuesday,17:20,1700 Hours,District 4 (Southwest),,DALLAS,,Co Rd F60/OLD HWY 6 SOUTH & STATE ST,Collision with:  Vehicle in traffic,On Roadway,Rear-end (front to rear),Unknown,None Indicated,,Daylight,Dry,Cloudy,None apparent,Non-intersection:  Non-junction/no special feature,Paved,,Possible/Unknown,0,2,0,0,2,0,11000,2,2,,POINT (-94.194505026034 41.579858277841)
2014810967,142316,08/05/2014,08-August,3-Tuesday,17:00,1700 Hours,District 3 (Northwest),DENISON,CRAWFORD,,2ND AVE S,Collision with:  Parked motor vehicle,On Roadway,Unknown,Unknown,None Indicated,,Daylight,Dry,Clear,None apparent,Non-intersection:  Non-junction/no special feature,Paved,,Property Damage Only,0,0,0,0,0,0,2000,2,1,,POINT (-95.364082820876 42.014545589352)
2014811365,14-003590,08/05/2014,08-August,3-Tuesday,15:01,1500 Hours,District 1 (Central),AMES,STORY,US 69,US 69/S DUFF AVE,Collision with:  Vehicle in traffic,On Roadway,Rear-end (front to rear),Exceeded authorized speed,None Indicated,,Daylight,Dry,Cloudy,None apparent,Non-intersection:  Non-junction/no special feature,Paved,,Property Damage Only,0,0,0,0,0,0,3500,2,2,,POINT (-93.610289770677 42.012444019438)
2014811018,14-003348,08/05/2014,08-August,3-Tuesday,14:41,1400 Hours,District 1 (Central),ANKENY,POLK,,E 1ST ST & NE SHERMAN DR,Collision with:  Vehicle in traffic,On Roadway,Rear-end (front to rear),Other (explain in narrative):  Other,None Indicated,,Daylight,Dry,Clear,None apparent,Non-intersection:  Non-junction/no special feature,Paved,,Property Damage Only,0,0,0,0,0,0,3500,2,3,,POINT (-93.596359705115 41.731855881848)
2014811032,20140022659,08/05/2014,08-August,3-Tuesday,22:00,2200 Hours,District 1 (Central),DES MOINES,POLK,I-235,I-235 & SCHOOL ST & 19TH ST,Collision with:  Vehicle in traffic,On Roadway,Broadside (front to side),Traveling wrong way or on wrong side of road,None Indicated,,Dark - roadway lighted,Dry,Clear,None apparent,Non-intersection:  Non-junction/no special feature,Paved,,Property Damage Only,0,0,0,0,0,0,1500,2,3,,POINT (-93.642568703947 41.595301861437)
2014810870,20140022568,08/05/2014,08-August,3-Tuesday,07:42,0700 Hours,District 1 (Central),DES MOINES,POLK,,E GRAND AVE,Collision with:  Vehicle in traffic,On Roadway,Broadside (front to side),FTYROW:  From driveway,None Indicated,,Daylight,Dry,Clear,None apparent,Non-intersection:  Driveway access (within),Paved,,Property Damage Only,0,0,0,0,0,0,4500,2,3,,POINT (-93.59501696557 41.593990539528)
2014811038,14-3784,08/05/2014,08-August,3-Tuesday,21:08,2100 Hours,District 4 (Southwest),WEST DES MOINES,DALLAS,,360TH ST,Collision with:  Vehicle in traffic,On Roadway,Non-collision (single vehicle),Animal,None Indicated,,Dark - roadway not lighted,Dry,Clear,None apparent,Non-intersection:  Non-junction/no special feature,Paved,,Property Damage Only,0,0,0,0,0,0,6000,1,1,,POINT (-93.855626113332 41.528440020141)
2014811907,2014-14903,08/05/2014,08-August,3-Tuesday,14:47,1400 Hours,District 6 (East Central),BETTENDORF,SCOTT,I-74,I-74 & KIMBERLY RD,Non-collision events:  Other non-collision (explain in narrative),On Roadway,Non-collision (single vehicle),Exceeded authorized speed,None Indicated,,Daylight,Dry,Cloudy,None apparent,Intersection:  Intersection with ramp,Paved,,Minor Injury,0,1,0,1,0,0,6000,1,1,,POINT (-90.513619533969 41.529496512061)
2014811403,14-032940,08/05/2014,08-August,3-Tuesday,16:18,1600 Hours,District 5 (Southeast),MUSCATINE,MUSCATINE,,W 2ND ST & E 2ND ST & IOWA AVE,Collision with:  Vehicle in traffic,On Roadway,Rear-end (front to rear),FTYROW:  From parked position,None Indicated,,Daylight,Dry,Clear,None apparent,Non-intersection:  Non-junction/no special feature,Paved,,Property Damage Only,0,0,0,0,0,0,3000,2,2,,POINT (-91.045683225425 41.421307576055)
2014812331,2014045346,08/05/2014,08-August,3-Tuesday,11:44,1100 Hours,District 2 (Northeast),CLEAR LAKE,CERRO GORDO,US 18,US 18,Collision with:  Vehicle in traffic,On Roadway,Head-on (front to front),Crossed centerline (undivided),None Indicated,,Daylight,Dry,Cloudy,None apparent,Non-intersection:  Non-junction/no special feature,Paved,,Major Injury,0,4,2,2,0,0,30000,2,4,,POINT (-93.416749031751 43.140585042954)
2014811022,14-0933,08/05/2014,08-August,3-Tuesday,13:45,1300 Hours,District 4 (Southwest),CLIVE,DALLAS,,W AVE & MEREDITH DR & 270TH ST,Collision with:  Vehicle in traffic,On Roadway,Broadside (front to side),FTYROW:  From stop sign,None Indicated,,Daylight,Dry,Cloudy,None apparent,Intersection:  Four-way intersection,Paved,,Minor Injury,0,3,0,1,2,0,16400,2,4,,POINT (-93.852875666462 41.643788618958)
2014810840,W14-078441,08/05/2014,08-August,3-Tuesday,12:38,1200 Hours,District 2 (Northeast),WATERLOO,BLACK HAWK,,BROADWAY ST,Collision with:  Vehicle in traffic,On Roadway,Rear-end (front to rear),Followed too close,None Indicated,,Daylight,Dry,Clear,None apparent,Non-intersection:  Other non-intersection (explain in narrative),Paved,,Property Damage Only,0,0,0,0,0,0,3250,2,2,,POINT (-92.361707129761 42.526500077714)
2014811318,2014080501,08/05/2014,08-August,3-Tuesday,11:13,1100 Hours,District 4 (Southwest),SHENANDOAH,PAGE,,W SHERIDAN AVE,Collision with:  Vehicle in traffic,On Roadway,Broadside (front to side),FTYROW:  Other (explain in narrative),None Indicated,,Daylight,Dry,Clear,None apparent,Unknown,Paved,,Property Damage Only,0,0,0,0,0,0,2000,2,6,,POINT (-95.384538371708 40.765856978185)