Iowa DOT Case Number,Law Enforcement Case Number,Date of Crash,Month of Crash,Day of Week,Time of Crash,Hour,DOT District,City Name,County Name,Route with System,Location Description,First Harmful Event,Location of First Harmful Event,Manner of Crash/Collision,Major Cause,Drug or Alcohol ,Environmental Conditions,Light Conditions,Surface Conditions,Weather Conditions,Roadway Contribution,Roadway Type,Roadway Surface,Work Zone,Crash Severity,Number of Fatalities,Number of Injuries,Number of Major Injuries,Number of Minor Injuries,Number of Possible Injuries,Number of Unknown Injuries,Amount of Property Damage,Number of Vehicles Involved,Total Number of Occupants,Travel Direction,Location
2014811232,14-25286,08/05/2014,08-August,3-Tuesday,13:32,1300 Hours,District 3 (Northwest),SIOUX CITY,WOODBURY,,3RD ST & DOUGLAS ST,Collision with:  Vehicle in traffic,On Roadway,Broadside (front to side),FTYROW:  From stop sign,None Indicated,,Daylight,Dry,Cloudy,None apparent,Intersection:  T-intersection,Paved,,Property Damage Only,0,0,0,0,0,0,2100,2,2,,POINT (-96.406397004926 42.493076808903)
2014811222,2014-54430,08/05/2014,08-August,3-Tuesday,09:36,0900 Hours,District 6 (East Central),DAVENPORT,SCOTT,,KIRKWOOD BLVD,Collision with fixed object:  Bridge overhead structure,On Roadway,Non-collision (single vehicle),Other (explain in narrative):  Other,None Indicated,,Daylight,Dry,Cloudy,None apparent,Non-intersection:  Non-junction/no special feature,Paved,,Possible/Unknown,0,1,0,0,1,0,4100,1,1,,POINT (-90.547220376762 41.534739716938)
2014810869,20140022570,08/05/2014,08-August,3-Tuesday,08:22,0800 Hours,District 1 (Central),DES MOINES,POLK,US 69,US 69/E 14TH ST & E WASHINGTON AVE,Collision with:  Vehicle in traffic,On Roadway,Broadside (front to side),Unknown,None Indicated,,Daylight,Dry,Cloudy,None apparent,Intersection:  Four-way intersection,Paved,,Possible/Unknown,0,1,0,0,1,0,8000,3,4,,POINT (-93.600555445 41.607697777957)
2014812097,S14-7723,08/05/2014,08-August,3-Tuesday,22:45,2200 Hours,District 3 (Northwest),SIOUX CITY,WOODBURY,IA 12,IA 12/GORDON DR,Collision with:  Vehicle in traffic,On Roadway,Broadside (front to side),Made improper turn,None Indicated,,Dark - roadway lighted,Wet,Rain,"Surface condition (e.g., wet, icy)",Intersection:  Four-way intersection,Paved,Yes,Property Damage Only,0,0,0,0,0,0,6000,2,3,,POINT (-96.39624161534 42.489785753686)
2014811162,SO1403201,08/05/2014,08-August,3-Tuesday,21:51,2100 Hours,District 5 (Southeast),,JEFFERSON,,Co Rd H33/BROOKVILLE RD,Collision with:  Animal,On Roadway,Non-collision (single vehicle),Animal,None Indicated,,Dark - roadway not lighted,Dry,Clear,None apparent,Non-intersection:  Non-junction/no special feature,Paved,,Major Injury,0,1,1,0,0,0,2000,1,1,,POINT (-92.032617882012 41.036467324964)
2014811402,14-032910,08/05/2014,08-August,3-Tuesday,12:03,1200 Hours,District 5 (Southeast),MUSCATINE,MUSCATINE,IA 38,IA 38/IOWA 38,Collision with:  Vehicle in traffic,On Roadway,Rear-end (front to rear),Other (explain in narrative):  Other,None Indicated,,Daylight,Dry,Cloudy,None apparent,Intersection:  Other intersection (explain in narrative),Paved,,Possible/Unknown,0,3,0,0,3,0,25000,3,4,,POINT (-91.033366738952 41.463826255053)
2014812062,2014-54538,08/05/2014,08-August,3-Tuesday,16:04,1600 Hours,District 6 (East Central),DAVENPORT,SCOTT,US 6,US 6/W KIMBERLY RD & N DIVISION ST,Collision with:  Vehicle in traffic,Outside trafficway,"Sideswipe, same direction",Other (explain in narrative):  Other,None Indicated,,Daylight,Dry,Clear,None apparent,Non-intersection:  Non-junction/no special feature,Paved,,Property Damage Only,0,0,0,0,0,0,3000,2,3,,POINT (-90.600667262592 41.560041134558)
2014813168,2014045373,08/05/2014,08-August,3-Tuesday,12:48,1200 Hours,District 2 (Northeast),WATERLOO,BLACK HAWK,US 63,US 63/SERGEANT RD,Collision with:  Vehicle in traffic,On Roadway,Broadside (front to side),Ran Traffic Signal,None Indicated,,Daylight,Dry,Cloudy,None apparent,Intersection:  Four-way intersection,Paved,,Minor Injury,0,1,0,1,0,0,15400,2,2,,POINT (-92.394217266816 42.469615556456)
2014810880,14-3777,08/05/2014,08-August,3-Tuesday,12:40,1200 Hours,District 1 (Central),WEST DES MOINES,POLK,,LOCUST ST & 4TH ST,Collision with:  Vehicle in traffic,On Roadway,Broadside (front to side),Ran Stop Sign,None Indicated,,Daylight,Dry,Cloudy,None apparent,Intersection:  Other intersection (explain in narrative),Paved,,Property Damage Only,0,0,0,0,0,0,2500,2,4,,POINT (-93.707517623817 41.575419838126)
2014812668,2014-54587,08/05/2014,08-August,3-Tuesday,20:32,2000 Hours,District 6 (East Central),DAVENPORT,SCOTT,,W CENTRAL PARK AVE & FAIRMOUNT ST,Collision with:  Vehicle in traffic,On Roadway,Rear-end (front to rear),Followed too close,None Indicated,,Dark - roadway lighted,Dry,Clear,None apparent,Non-intersection:  Non-junction/no special feature,Paved,,Property Damage Only,0,0,0,0,0,0,2000,2,4,,POINT (-90.629717391163 41.545405087049)
2014811044,14-032789,08/05/2014,08-August,3-Tuesday,08:50,0800 Hours,District 4 (Southwest),COUNCIL BLUFFS,POTTAWATTAMIE,,6TH AVE & S 18TH ST,Collision with:  Vehicle in traffic,On Roadway,Broadside (front to side),Ran Stop Sign,None Indicated,,Daylight,Dry,Clear,Work Zone (roadway-related),Intersection:  Four-way intersection,Paved,Yes,Property Damage Only,0,0,0,0,0,0,6000,2,3,,POINT (-95.870828557005 41.256212996352)
2014810958,14-163,08/05/2014,08-August,3-Tuesday,16:47,1600 Hours,District 2 (Northeast),WAVERLY,BREMER,IA 3,IA 3/BREMER AVE,Collision with:  Vehicle in traffic,On Roadway,"Sideswipe, same direction",FTYROW:  Other (explain in narrative),None Indicated,,Daylight,Dry,Cloudy,None apparent,Non-intersection:  Non-junction/no special feature,Paved,,Property Damage Only,0,0,0,0,0,0,2500,2,3,,POINT (-92.47267608151 42.725774062241)
2014811104,2014045313,08/05/2014,08-August,3-Tuesday,10:35,1000 Hours,District 4 (Southwest),,CASS,I-80,I-80,Non-collision events:  Other non-collision (explain in narrative),On Roadway,Non-collision (single vehicle),Ran off road - right,None Indicated,,Daylight,Dry,Cloudy,Debris,Non-intersection:  Non-junction/no special feature,Paved,,Property Damage Only,0,0,0,0,0,0,5000,1,2,,POINT (-94.898461592211 41.49731562426)
2014811147,01-14-34632,08/05/2014,08-August,3-Tuesday,08:21,0800 Hours,District 6 (East Central),DUBUQUE,DUBUQUE,,TANZANITE DR,Collision with:  Vehicle in traffic,On Roadway,"Angle, oncoming left turn",Ran Stop Sign,None Indicated,,Daylight,Dry,Cloudy,None apparent,Intersection:  T-intersection,Paved,,Property Damage Only,0,0,0,0,0,0,4000,2,2,,POINT (-90.682660040518 42.54427617874)
2014811269,,08/05/2014,08-August,3-Tuesday,07:45,0700 Hours,District 4 (Southwest),,AUDUBON,,Co Rd F58/LITTLEFIELD DR,Collision with fixed object:  Ditch,Gore,Non-collision (single vehicle),Lost Control,None Indicated,,Daylight,Wet,Rain,None apparent,Non-intersection:  Non-junction/no special feature,Paved,,Possible/Unknown,0,1,0,0,1,0,6050,1,1,,POINT (-94.845284741012 41.590996575079)
2014826621,14-018159,08/05/2014,08-August,3-Tuesday,18:40,1800 Hours,District 5 (Southeast),,MAHASKA,US 63,US 63,Collision with fixed object:  Other fixed object (explain in narrative),On Roadway,Non-collision (single vehicle),Swerving/Evasive Action,None Indicated,,Daylight,Dry,Clear,Other (explain in narrative),Non-intersection:  Non-junction/no special feature,Paved,,Property Damage Only,0,0,0,0,0,0,4100,1,1,,POINT (-92.656143573743 41.357624156449)
2014810955,W14-078439,08/05/2014,08-August,3-Tuesday,12:26,1200 Hours,District 2 (Northeast),WATERLOO,BLACK HAWK,US 218,US 218/SPECIAL CASE/SE RAMP & FLETCHER AVE,Collision with:  Vehicle in traffic,On Roadway,"Sideswipe, same direction",Made improper turn,None Indicated,,Daylight,Dry,Cloudy,None apparent,Intersection:  Four-way intersection,Paved,,Property Damage Only,0,0,0,0,0,0,4000,2,2,,POINT (-92.366508409472 42.503192672456)
2014811185,20140022627,08/05/2014,08-August,3-Tuesday,17:43,1700 Hours,District 1 (Central),DES MOINES,POLK,US 69,US 69/E 14TH ST & GUTHRIE AVE,Collision with:  Vehicle in traffic,On Roadway,"Angle, oncoming left turn",FTYROW:  Making left turn,None Indicated,,Daylight,Dry,Cloudy,None apparent,Intersection:  Four-way intersection,Paved,,Minor Injury,0,2,0,2,0,0,1700,2,2,,POINT (-93.600563022335 41.614984579287)
2014811033,20140022661,08/05/2014,08-August,3-Tuesday,22:07,2200 Hours,District 1 (Central),DES MOINES,POLK,,MLK JR PKWY,Collision with:  Vehicle in traffic,On Roadway,Head-on (front to front),Traveling wrong way or on wrong side of road,None Indicated,,Dark - roadway lighted,Dry,Clear,None apparent,Non-intersection:  Non-junction/no special feature,Paved,,Possible/Unknown,0,2,0,0,1,1,10000,2,2,,POINT (-93.644446052388 41.592237899814)
2014810854,14016449,08/05/2014,08-August,3-Tuesday,07:39,0700 Hours,District 6 (East Central),MARION,LINN,IA 100,IA 100/COLLINS RD SE & S 31ST ST,Collision with:  Vehicle in traffic,On Roadway,Broadside (front to side),FTYROW:  Making left turn,None Indicated,,Daylight,Dry,"Fog, smoke, smog",None apparent,Intersection:  Four-way intersection,Paved,,Possible/Unknown,0,3,0,0,3,0,12000,2,3,,POINT (-91.579129742354 42.017025118462)
2014811291,1408052421,08/05/2014,08-August,3-Tuesday,00:15,0000 Hours,District 6 (East Central),GRAND MOUND,CLINTON,,SMITH ST,Collision with:  Parked motor vehicle,On Roadway,Unknown,FTYROW:  Other (explain in narrative),None Indicated,,Dark - roadway lighted,Dry,Cloudy,None apparent,Non-intersection:  Non-junction/no special feature,Paved,,Property Damage Only,0,0,0,0,0,0,1500,2,777,,POINT (-90.647705248956 41.82384337533)
2014811203,14-1734,08/05/2014,08-August,3-Tuesday,17:32,1700 Hours,District 1 (Central),URBANDALE,POLK,I-35,I-35 & 86TH ST,Collision with fixed object:  Other fixed object (explain in narrative),Shoulder,Non-collision (single vehicle),"Operating vehicle in an reckless, erratic, careless, negligent manner",None Indicated,,Daylight,Dry,Cloudy,None apparent,Non-intersection:  Non-junction/no special feature,Paved,,Property Damage Only,0,0,0,0,0,0,10000,1,1,,POINT (-93.736459123365 41.652186492154)
2014811130,14-8077,08/05/2014,08-August,3-Tuesday,12:07,1200 Hours,District 3 (Northwest),CARROLL,CARROLL,US 30,US 30 & BOYLAN AVE,Collision with:  Vehicle in traffic,On Roadway,Broadside (front to side),FTYROW:  From driveway,None Indicated,,Daylight,Dry,Cloudy,None apparent,Non-intersection:  Driveway access (within),Paved,,Property Damage Only,0,0,0,0,0,0,7500,2,6,,POINT (-94.876591608773 42.070530380462)
2014812569,A14-053,08/05/2014,08-August,3-Tuesday,16:32,1600 Hours,District 4 (Southwest),WINTERSET,MADISON,,E BENTON ST,Collision with:  Vehicle in traffic,On Roadway,"Sideswipe, same direction",Made improper turn,None Indicated,,Daylight,Dry,Cloudy,None apparent,Non-intersection:  Non-junction/no special feature,Paved,,Property Damage Only,0,0,0,0,0,0,4600,2,3,,POINT (-94.00409641049 41.340129076907)
2014811436,2014-15973,08/05/2014,08-August,3-Tuesday,17:50,1700 Hours,District 6 (East Central),,SCOTT,I-80,I-80,Collision with:  Vehicle in traffic,On Roadway,"Sideswipe, same direction",Unknown,None Indicated,,Daylight,Dry,Cloudy,None apparent,Non-intersection:  Non-junction/no special feature,Paved,,Property Damage Only,0,0,0,0,0,0,1800,2,2,,POINT (-90.695427472595 41.60372531261)
2014811026,20140022612,08/05/2014,08-August,3-Tuesday,15:41,1500 Hours,District 1 (Central),DES MOINES,POLK,,MLK JR PKWY,Collision with:  Vehicle in traffic,On Roadway,Rear-end (front to rear),Followed too close,None Indicated,,Daylight,Dry,Cloudy,None apparent,Non-intersection:  Non-junction/no special feature,Paved,,Possible/Unknown,0,1,0,0,1,0,3600,2,3,,POINT (-93.643873097333 41.600987134236)
2014811169,201411402,08/05/2014,08-August,3-Tuesday,15:07,1500 Hours,District 6 (East Central),CEDAR RAPIDS,LINN,,32ND AVE SW & 6TH ST SW,Collision with:  Vehicle in traffic,On Roadway,Broadside (front to side),FTYROW:  From driveway,None Indicated,,Daylight,Dry,Cloudy,None apparent,Non-intersection:  Driveway access (within),Paved,,Property Damage Only,0,0,0,0,0,0,12500,2,3,,POINT (-91.676434673281 41.945542620814)
2014829745,A390814-1873,08/05/2014,08-August,3-Tuesday,21:27,2100 Hours,District 4 (Southwest),GUTHRIE CENTER,GUTHRIE,IA 44,IA 44/STATE ST,Non-collision events:  Other non-collision (explain in narrative),On Roadway,Non-collision (single vehicle),Lost Control,None Indicated,,Dusk,Dry,Clear,None apparent,Non-intersection:  Non-junction/no special feature,Paved,,Major Injury,0,1,1,0,0,0,0,1,1,,POINT (-94.482692625181 41.681036567103)
2014811813,2014045507,08/05/2014,08-August,3-Tuesday,21:10,2100 Hours,District 3 (Northwest),,MONONA,I-29,I-29,Collision with:  Vehicle in traffic,On Roadway,Rear-end (front to rear),Followed too close,None Indicated,,Dark - roadway not lighted,Wet,Rain,None apparent,Non-intersection:  Non-junction/no special feature,Paved,,Property Damage Only,0,0,0,0,0,0,6500,2,2,,POINT (-96.104035525816 41.916841954702)
2014811076,14-9030,08/05/2014,08-August,3-Tuesday,08:54,0800 Hours,District 3 (Northwest),,SIOUX,IA 60,IA 60/IOWA 60 & Co Rd L14/KINGBIRD AVE,Collision with:  Vehicle in traffic,On Roadway,Broadside (front to side),FTYROW:  From stop sign,None Indicated,,Daylight,Dry,Cloudy,None apparent,Intersection:  Four-way intersection,Paved,,Major Injury,0,1,1,0,0,0,8000,2,3,,POINT (-95.977836410976 43.009980310166)
2014811948,109-2014,08/05/2014,08-August,3-Tuesday,18:30,1800 Hours,District 4 (Southwest),,HARRISON,,EAST KELLY AVE,Collision with fixed object:  Guardrail - face,On Roadway,Non-collision (single vehicle),Lost Control,Alcohol (Statutory),,Daylight,Dry,Cloudy,None apparent,Non-intersection:  Other non-intersection (explain in narrative),Unpaved,,Property Damage Only,0,0,0,0,0,0,5500,1,2,,POINT (-96.010929055905 41.752279690143)
2014811414,14-4022,08/05/2014,08-August,3-Tuesday,12:10,1200 Hours,District 6 (East Central),HIAWATHA,LINN,,BOYSON RD,Collision with:  Vehicle in traffic,On Roadway,Rear-end (front to rear),Lost Control,None Indicated,,Daylight,Dry,Cloudy,None apparent,Non-intersection:  Non-junction/no special feature,Paved,,Property Damage Only,0,0,0,0,0,0,7150,3,4,,POINT (-91.682676088824 42.046603401155)
2014811235,14-25330,08/05/2014,08-August,3-Tuesday,19:43,1900 Hours,District 3 (Northwest),SIOUX CITY,WOODBURY,,TRANSIT AVE & S PAXTON ST,Collision with:  Vehicle in traffic,On Roadway,Broadside (front to side),FTYROW:  From stop sign,None Indicated,,Dusk,Dry,Clear,None apparent,Intersection:  Four-way intersection,Paved,,Minor Injury,0,4,0,2,2,0,20000,2,6,,POINT (-96.365761409306 42.470461784178)
2014811364,14-003585,08/05/2014,08-August,3-Tuesday,09:33,0900 Hours,District 1 (Central),AMES,STORY,,DUFF AVE,Collision with:  Vehicle in traffic,On Roadway,"Sideswipe, same direction",Improper or erratic lane changing,None Indicated,,Daylight,Dry,Cloudy,None apparent,Non-intersection:  Non-junction/no special feature,Paved,,Property Damage Only,0,0,0,0,0,0,4000,2,2,,POINT (-93.610626136143 42.032454846576)
2014812439,2014-54752,08/06/2014,08-August,4-Wednesday,13:17,1300 Hours,District 6 (East Central),DAVENPORT,SCOTT,,PERRY ST,Collision with:  Parked motor vehicle,On Roadway,Rear-end (front to rear),Lost Control,None Indicated,,Daylight,Dry,Cloudy,None apparent,Non-intersection:  Non-junction/no special feature,Paved,,Property Damage Only,0,0,0,0,0,0,6700,3,1,,POINT (-90.572605274792 41.529037218709)
2014811369,14-003610,08/06/2014,08-August,4-Wednesday,16:47,1600 Hours,District 1 (Central),AMES,STORY,,DUFF AVE,Collision with:  Vehicle in traffic,On Roadway,"Angle, oncoming left turn",FTYROW:  From driveway,None Indicated,,Daylight,Wet,Rain,None apparent,Non-intersection:  Driveway access (within),Paved,,Property Damage Only,0,0,0,0,0,0,2100,2,4,,POINT (-93.610423646738 42.023917695928)
2014811226,14-2396,08/06/2014,08-August,4-Wednesday,14:12,1400 Hours,District 1 (Central),FORT DODGE,WEBSTER,,5TH AVE S & S 31ST ST,Collision with:  Vehicle in traffic,On Roadway,Rear-end (front to rear),Followed too close,None Indicated,,Daylight,Wet,Rain,None apparent,Non-intersection:  Non-junction/no special feature,Paved,,Property Damage Only,0,0,0,0,0,0,3000,2,2,,POINT (-94.15190137699 42.501225705668)
2014811616,068-14,08/06/2014,08-August,4-Wednesday,17:45,1700 Hours,District 4 (Southwest),,MADISON,US 169,US 169,Collision with:  Animal,On Roadway,Non-collision (single vehicle),Animal,None Indicated,,Daylight,Wet,Rain,"Surface condition (e.g., wet, icy)",Non-intersection:  Non-junction/no special feature,Paved,,Possible/Unknown,0,1,0,0,1,0,5100,1,1,,POINT (-94.017166722972 41.44339272254)
2014811172,201411470,08/06/2014,08-August,4-Wednesday,17:18,1700 Hours,District 6 (East Central),CEDAR RAPIDS,LINN,,GRANDE AVE SE & 19TH ST SE,Collision with:  Vehicle in traffic,On Roadway,"Angle, oncoming left turn",Crossed centerline (undivided),None Indicated,,Daylight,Dry,Cloudy,None apparent,Intersection:  Four-way intersection,Paved,,Possible/Unknown,0,1,0,0,1,0,6000,2,3,,POINT (-91.642739558924 41.987614589233)
2014811581,14-013348,08/06/2014,08-August,4-Wednesday,21:14,2100 Hours,District 5 (Southeast),,HENRY,,Co Rd H18/140TH ST,Collision with fixed object:  Ditch,Roadside,Non-collision (single vehicle),Exceeded authorized speed,None Indicated,,Dark - roadway not lighted,"Mud, dirt",Cloudy,None apparent,Non-intersection:  Non-junction/no special feature,Unpaved,,Property Damage Only,0,0,0,0,0,0,3500,1,1,,POINT (-91.557883018325 41.105178538424)
2014811150,01-14-34905,08/06/2014,08-August,4-Wednesday,21:27,2100 Hours,District 6 (East Central),DUBUQUE,DUBUQUE,US 52,US 52/CENTRAL AVE & W 17TH ST & E 17TH ST,Collision with:  Vehicle in traffic,On Roadway,Broadside (front to side),Ran Traffic Signal,None Indicated,,Dark - roadway lighted,Dry,Clear,None apparent,Intersection:  Four-way intersection,Paved,,Property Damage Only,0,0,0,0,0,0,3000,2,2,,POINT (-90.669074311961 42.508790221038)
2014811773,14-000913,08/06/2014,08-August,4-Wednesday,22:04,2200 Hours,District 1 (Central),JOHNSTON,POLK,,MERLE HAY RD,Collision with:  Vehicle in traffic,On Roadway,Rear-end (front to rear),Driving too fast for conditions,None Indicated,,Dark - roadway lighted,Wet,Rain,"Surface condition (e.g., wet, icy)",Intersection:  Four-way intersection,Paved,,Property Damage Only,0,0,0,0,0,0,2500,2,4,,POINT (-93.697674795758 41.653869594078)
2014811213,14-032991,08/06/2014,08-August,4-Wednesday,15:56,1500 Hours,District 4 (Southwest),COUNCIL BLUFFS,POTTAWATTAMIE,,23RD AVE,Collision with:  Vehicle in traffic,On Roadway,Rear-end (front to rear),Unknown,None Indicated,,Daylight,Dry,Cloudy,None apparent,Non-intersection:  Non-junction/no special feature,Paved,,Property Damage Only,0,0,0,0,0,0,1500,2,2,,POINT (-95.868228790127 41.239354895626)
2014814398,14033212,08/06/2014,08-August,4-Wednesday,10:00,1000 Hours,District 5 (Southeast),,MUSCATINE,,195TH ST,Collision with:  Animal,On Roadway,Non-collision (single vehicle),Animal,None Indicated,,Daylight,Unknown,Unknown,None apparent,Non-intersection:  Driveway access (within),Unpaved,,Property Damage Only,0,0,0,0,0,0,5500,1,1,,POINT (-91.280683682587 41.460845541238)
2014814056,1-14-000297,08/06/2014,08-August,4-Wednesday,21:22,2100 Hours,District 4 (Southwest),,SHELBY,,400TH ST,Collision with fixed object:  Ditch,On Roadway,Non-collision (single vehicle),Ran off road - straight,None Indicated,,Dark - roadway not lighted,Wet,Rain,None apparent,Intersection:  T-intersection,Unpaved,,Minor Injury,0,1,0,1,0,0,8000,1,1,,POINT (-95.497433351109 41.549485120578)
2014811314,14-019243,08/06/2014,08-August,4-Wednesday,17:27,1700 Hours,District 5 (Southeast),,MARION,IA 92,IA 92/IOWA 92,Collision with:  Animal,,,Animal,None Indicated,,,,,,,Paved,,Property Damage Only,0,0,0,0,0,0,3000,1,1,,POINT (-93.019471407838 41.305125775245)
2014811163,201411452,08/06/2014,08-August,4-Wednesday,13:04,1300 Hours,District 6 (East Central),CEDAR RAPIDS,LINN,IA 100,IA 100/COLLINS RD NE & TWIXT TOWN RD NE,Collision with:  Vehicle in traffic,On Roadway,Rear-end (front to rear),Driver Distraction:  Manual operation of an electronic communication device,None Indicated,,Daylight,Dry,Clear,None apparent,Intersection:  Four-way intersection,Paved,,Property Damage Only,0,0,0,0,0,0,2000,2,2,,POINT (-91.623786519367 42.027386239401)
2014811772,14-000911,08/06/2014,08-August,4-Wednesday,12:33,1200 Hours,District 1 (Central),JOHNSTON,POLK,,NW 62ND AVE & MERLE HAY RD,Collision with:  Vehicle in traffic,On Roadway,Broadside (front to side),Ran Traffic Signal,None Indicated,,Daylight,Wet,Rain,None apparent,Intersection:  Four-way intersection,Paved,,Minor Injury,0,2,0,1,1,0,22000,2,2,,POINT (-93.697676733401 41.672964673915)
2014814251,,08/06/2014,08-August,4-Wednesday,14:34,1400 Hours,District 3 (Northwest),OKOBOJI,DICKINSON,US 71,US 71,Collision with:  Vehicle in traffic,On Roadway,Rear-end (front to rear),Followed too close,None Indicated,,Daylight,Wet,Rain,None apparent,Intersection:  Four-way intersection,Paved,,Possible/Unknown,0,1,0,0,1,0,4200,2,2,,POINT (-95.127963185378 43.378373378984)
2014812104,S14-7734,08/06/2014,08-August,4-Wednesday,01:30,0100 Hours,District 3 (Northwest),BRONSON,WOODBURY,,Co Rd D25/OLD HWY 141,Collision with fixed object:  Ditch,Shoulder,Non-collision (single vehicle),Swerving/Evasive Action,None Indicated,,Dark - roadway not lighted,Wet,Rain,Work Zone (roadway-related),Non-intersection:  Non-junction/no special feature,Paved,Yes,Property Damage Only,0,0,0,0,0,0,2000,1,1,,POINT (-96.209525977567 42.379011912862)
2014811471,2014008408,08/06/2014,08-August,4-Wednesday,13:57,1300 Hours,District 6 (East Central),IOWA CITY,JOHNSON,US 6,US 6 & KEOKUK ST,Collision with:  Vehicle in traffic,On Roadway,"Sideswipe, same direction",Improper or erratic lane changing,None Indicated,,Daylight,Dry,Cloudy,None apparent,Intersection:  Four-way intersection,Paved,,Property Damage Only,0,0,0,0,0,0,2500,2,2,,POINT (-91.524286651746 41.64321659578)
2014812806,,08/06/2014,08-August,4-Wednesday,15:40,1500 Hours,District 3 (Northwest),ARNOLDS PARK,DICKINSON,,,Collision with:  Vehicle in traffic,On Roadway,Rear-end (front to rear),Followed too close,None Indicated,,Daylight,Wet,Rain,None apparent,Non-intersection:  Non-junction/no special feature,,,Possible/Unknown,0,2,0,0,2,0,2000,2,3,,POINT (-96.643700149993 40.233091251414)
2014811857,P14-009092,08/06/2014,08-August,4-Wednesday,17:06,1700 Hours,District 1 (Central),WEBSTER CITY,HAMILTON,,OHIO ST & SUPERIOR ST,Collision with:  Vehicle in traffic,On Roadway,Broadside (front to side),FTYROW:  Other (explain in narrative),None Indicated,,Daylight,Wet,Rain,None apparent,Intersection:  Four-way intersection,Paved,,Property Damage Only,0,0,0,0,0,0,7000,2,2,,POINT (-93.815918633528 42.459810739614)
2014812297,2014004611,08/06/2014,08-August,4-Wednesday,04:30,0400 Hours,District 6 (East Central),URBANA,BENTON,I-380,I-380,Collision with fixed object:  Guardrail - face,Roadside,Non-collision (single vehicle),Ran off road - left,None Indicated,,Dark - roadway not lighted,Dry,Cloudy,None apparent,Non-intersection:  Non-junction/no special feature,Paved,,Possible/Unknown,0,1,0,0,1,0,2800,1,2,,POINT (-91.854021994011 42.220795414315)
2014811187,20140022737,08/06/2014,08-August,4-Wednesday,16:26,1600 Hours,District 1 (Central),DES MOINES,POLK,,ASCENSION ST & 6TH AVE,Collision with:  Vehicle in traffic,On Roadway,Rear-end (front to rear),"Operating vehicle in an reckless, erratic, careless, negligent manner",None Indicated,,Daylight,Wet,Rain,"Surface condition (e.g., wet, icy)",Non-intersection:  Non-junction/no special feature,Paved,,Property Damage Only,0,0,0,0,0,0,2600,3,3,,POINT (-93.625725241929 41.599339938213)
2014811183,14-003364,08/06/2014,08-August,4-Wednesday,16:58,1600 Hours,District 1 (Central),ANKENY,POLK,,NE 3RD ST,Collision with:  Parked motor vehicle,On Roadway,Rear-end (front to rear),Unknown,None Indicated,,Daylight,Wet,Rain,None apparent,Non-intersection:  Non-junction/no special feature,Paved,,Property Damage Only,0,0,0,0,0,0,2000,2,1,,POINT (-93.591556204298 41.733844243802)
2014811123,W14-078857,08/06/2014,08-August,4-Wednesday,17:17,1700 Hours,District 2 (Northeast),WATERLOO,BLACK HAWK,,E SAN MARNAN DR & LA PORTE RD,Collision with:  Parked motor vehicle,Outside trafficway,Rear-end (front to rear),"Operating vehicle in an reckless, erratic, careless, negligent manner",None Indicated,,Daylight,Dry,Cloudy,None apparent,Non-intersection:  Non-junction/no special feature,Paved,,Property Damage Only,0,0,0,0,0,0,1500,2,2,,POINT (-92.320901849908 42.467358405763)
2014811192,20140022676,08/06/2014,08-August,4-Wednesday,05:21,0500 Hours,District 1 (Central),DES MOINES,POLK,,2ND AVE,Collision with fixed object:  Curb/island/raised median,Shoulder,Non-collision (single vehicle),Ran off road - right,None Indicated,,Dark - roadway lighted,Wet,Rain,None apparent,Non-intersection:  Non-junction/no special feature,Paved,,Minor Injury,0,1,0,1,0,0,2700,1,1,,POINT (-93.619772299971 41.601732079975)
2014811190,20140022760,08/06/2014,08-August,4-Wednesday,19:55,1900 Hours,District 1 (Central),DES MOINES,POLK,I-235,I-235 & SCHOOL ST & 3RD ST,Collision with:  Vehicle in traffic,On Roadway,"Sideswipe, same direction",Unknown,None Indicated,,Daylight,Wet,Rain,None apparent,Intersection:  Intersection with ramp,Paved,,Property Damage Only,0,0,0,0,0,0,1600,2,3,,POINT (-93.621533478235 41.595183318334)
2014811827,2014045882,08/06/2014,08-August,4-Wednesday,20:27,2000 Hours,District 4 (Southwest),,MADISON,,330TH ST,Non-collision events:  Overturn/rollover,On Roadway,Non-collision (single vehicle),Downhill runaway,Refused,,Dark - roadway not lighted,"Mud, dirt",Cloudy,"Surface condition (e.g., wet, icy)",Non-intersection:  Non-junction/no special feature,Unpaved,,Property Damage Only,0,0,0,0,0,0,6000,1,1,,POINT (-93.796722535097 41.176315791201)
2014813853,14-045,08/06/2014,08-August,4-Wednesday,02:30,0200 Hours,District 3 (Northwest),JOLLEY,CALHOUN,,Co Rd D26/220TH ST & KINGSLEY AVE,Non-collision events:  Overturn/rollover,Outside trafficway,Non-collision (single vehicle),FTYROW:  Other (explain in narrative),None Indicated,,Dark - roadway not lighted,Wet,Rain,None apparent,Intersection:  T-intersection,Paved,,Property Damage Only,0,0,0,0,0,0,135000,1,2,,POINT (-94.708703544659 42.473814864439)
2014811470,2014008402,08/06/2014,08-August,4-Wednesday,10:53,1000 Hours,District 6 (East Central),IOWA CITY,JOHNSON,,W BENTON ST & MORMON TREK BLVD,Collision with:  Vehicle in traffic,On Roadway,Rear-end (front to rear),Followed too close,None Indicated,,Daylight,Wet,Rain,"Surface condition (e.g., wet, icy)",Intersection:  T-intersection,Paved,,Property Damage Only,0,0,0,0,0,0,2000,2,2,,POINT (-91.574060144133 41.649627365912)
2014811766,20142845,08/06/2014,08-August,4-Wednesday,13:45,1300 Hours,District 1 (Central),,GRUNDY,,Co Rd D15/150TH ST,Collision with:  Animal,,,Animal,None Indicated,,,,,,,Unpaved,,Property Damage Only,0,0,0,0,0,0,2000,1,1,,POINT (-92.781508786749 42.484553057402)