Iowa DOT Case Number,Law Enforcement Case Number,Date of Crash,Month of Crash,Day of Week,Time of Crash,Hour,DOT District,City Name,County Name,Route with System,Location Description,First Harmful Event,Location of First Harmful Event,Manner of Crash/Collision,Major Cause,Drug or Alcohol ,Environmental Conditions,Light Conditions,Surface Conditions,Weather Conditions,Roadway Contribution,Roadway Type,Roadway Surface,Work Zone,Crash Severity,Number of Fatalities,Number of Injuries,Number of Major Injuries,Number of Minor Injuries,Number of Possible Injuries,Number of Unknown Injuries,Amount of Property Damage,Number of Vehicles Involved,Total Number of Occupants,Travel Direction,Location
2014811409,14-20317,08/06/2014,08-August,4-Wednesday,04:04,0400 Hours,District 1 (Central),NEWTON,JASPER,,N 4TH AVE W & N 4TH AVE E & 1ST ST N,Collision with:  Vehicle in traffic,On Roadway,Broadside (front to side),FTYROW:  From stop sign,None Indicated,,Dark - roadway lighted,Wet,Rain,None apparent,Intersection:  Four-way intersection,Paved,,Property Damage Only,0,0,0,0,0,0,3000,2,2,,POINT (-93.053628261956 41.702388417011)
2014811413,14-27497,08/06/2014,08-August,4-Wednesday,13:22,1300 Hours,District 5 (Southeast),BURLINGTON,DES MOINES,US 34,US 34/SW RAMP & US 61,Collision with:  Vehicle in traffic,On Roadway,Broadside (front to side),Ran Traffic Signal,None Indicated,,Daylight,Dry,Cloudy,None apparent,Intersection:  Four-way intersection,Paved,,Property Damage Only,0,0,0,0,0,0,4500,2,3,,POINT (-91.141448396614 40.815985191853)
2014812975,2014045860,08/06/2014,08-August,4-Wednesday,17:20,1700 Hours,District 1 (Central),ANKENY,POLK,I-35,I-35 & I-80 & I-235,Collision with:  Vehicle in traffic,On Roadway,"Sideswipe, same direction",Lost Control,None Indicated,,Daylight,Wet,Rain,None apparent,Non-intersection:  Non-junction/no special feature,Paved,,Property Damage Only,0,0,0,0,0,0,2500,2,2,,POINT (-93.575663968447 41.6521225026)
2014811858,P14-009093,08/06/2014,08-August,4-Wednesday,17:31,1700 Hours,District 1 (Central),WEBSTER CITY,HAMILTON,,WATER ST & GROVE ST,Collision with:  Vehicle in traffic,On Roadway,Broadside (front to side),FTYROW:  At uncontrolled intersection,None Indicated,,Daylight,Wet,Cloudy,None apparent,Non-intersection:  Non-junction/no special feature,Paved,,Property Damage Only,0,0,0,0,0,0,2000,2,2,,POINT (-93.828755768403 42.465770570576)
2014811428,14C03649,08/06/2014,08-August,4-Wednesday,18:36,1800 Hours,District 4 (Southwest),CRESTON,UNION,IA 25,IA 25/S SUMNER AVE & LIVINGSTON AVE & NEW YORK AVE,Collision with:  Vehicle in traffic,On Roadway,Head-on (front to front),Crossed centerline (undivided),None Indicated,,Daylight,Dry,Cloudy,None apparent,Intersection:  Four-way intersection,Paved,,Minor Injury,0,2,0,2,0,0,6000,2,2,,POINT (-94.371628085432 41.050767814979)
2014811590,PD1406738,08/06/2014,08-August,4-Wednesday,10:20,1000 Hours,District 5 (Southeast),FAIRFIELD,JEFFERSON,,S 12TH ST,Collision with:  Vehicle in traffic,On Roadway,Rear-end (front to rear),Followed too close,None Indicated,,Daylight,Dry,Cloudy,None apparent,Non-intersection:  Non-junction/no special feature,Paved,,Property Damage Only,0,0,0,0,0,0,2000,2,2,,POINT (-91.977649245488 41.004545847821)
2014811149,01-14-34875,08/06/2014,08-August,4-Wednesday,18:37,1800 Hours,District 6 (East Central),DUBUQUE,DUBUQUE,US 20,US 20/DODGE ST,Collision with:  Vehicle in traffic,On Roadway,Rear-end (front to rear),Lost Control,None Indicated,,Daylight,Dry,Cloudy,None apparent,Non-intersection:  Non-junction/no special feature,Paved,,Property Damage Only,0,0,0,0,0,0,1650,2,4,,POINT (-90.716416129463 42.492201612306)
2014811538,14-006499,08/06/2014,08-August,4-Wednesday,05:30,0500 Hours,District 2 (Northeast),FARMERSBURG,CLAYTON,,Co Rd X28/GOLDEN AVE & 155TH ST,Collision with:  Animal,,,Animal,None Indicated,,,,,,,Paved,,Property Damage Only,0,0,0,0,0,0,2000,1,1,,POINT (-91.369565172405 43.001084683571)
2014853278,,08/06/2014,08-August,4-Wednesday,12:29,1200 Hours,District 6 (East Central),WALCOTT,SCOTT,I-80,I-80 & Co Rd Y40/60 AVE,Collision with:  Vehicle in traffic,On Roadway,Rear-end (front to rear),Driving too fast for conditions,None Indicated,,Daylight,Dry,Cloudy,None apparent,Interchange-related:  Off-ramp,Paved,,Property Damage Only,0,0,0,0,0,0,3000,2,3,,POINT (-90.783081920441 41.614978710959)
2014812332,2014045837,08/06/2014,08-August,4-Wednesday,15:45,1500 Hours,District 4 (Southwest),VILLISCA,MONTGOMERY,,S SIXTH AVE,Collision with:  Parked motor vehicle,On Roadway,Rear-end (front to rear),Improper Backing,None Indicated,,Daylight,Dry,Cloudy,None apparent,Non-intersection:  Non-junction/no special feature,Paved,,Property Damage Only,0,0,0,0,0,0,1500,2,1,,POINT (-94.977258206668 40.929201197039)
2014811171,201411444,08/06/2014,08-August,4-Wednesday,11:25,1100 Hours,District 6 (East Central),CEDAR RAPIDS,LINN,IA 922,IA 922/1ST AVE E & 1ST ST NE & 1ST ST SE,Collision with:  Vehicle in traffic,On Roadway,Rear-end (front to rear),Lost Control,None Indicated,,Daylight,Wet,Cloudy,"Surface condition (e.g., wet, icy)",Intersection:  Four-way intersection,Paved,,Property Damage Only,0,0,0,0,0,0,3800,2,3,,POINT (-91.669871328738 41.978052154999)
2014811196,20140022759,08/06/2014,08-August,4-Wednesday,19:38,1900 Hours,District 1 (Central),DES MOINES,POLK,,E GLENWOOD DR,Collision with:  Vehicle in traffic,On Roadway,"Sideswipe, opposite direction","Operating vehicle in an reckless, erratic, careless, negligent manner",None Indicated,,Daylight,Wet,Rain,None apparent,Non-intersection:  Non-junction/no special feature,Paved,,Property Damage Only,0,0,0,0,0,0,7500,2,2,,POINT (-93.595714762554 41.558948627208)
2014811229,14-2398,08/06/2014,08-August,4-Wednesday,16:38,1600 Hours,District 1 (Central),FORT DODGE,WEBSTER,,5TH AVE N & N 16TH ST,Collision with:  Parked motor vehicle,On Roadway,"Sideswipe, same direction",Unknown,None Indicated,,Daylight,Wet,Rain,None apparent,Non-intersection:  Non-junction/no special feature,Paved,,Property Damage Only,0,0,0,0,0,0,3000,2,1,,POINT (-94.176419689736 42.511333180055)
2014811430,14S01256,08/06/2014,08-August,4-Wednesday,17:16,1700 Hours,District 4 (Southwest),,UNION,IA 25,IA 25/IOWA 25,Collision with:  Vehicle in traffic,On Roadway,Rear-end (front to rear),Driver Distraction:  Reaching for object(s)/fallen object(s),None Indicated,,Daylight,Dry,Cloudy,None apparent,Intersection:  Other intersection (explain in narrative),Paved,,Possible/Unknown,0,1,0,0,1,0,2200,2,2,,POINT (-94.413974154718 41.087863304717)
2014814424,2014045556,08/06/2014,08-August,4-Wednesday,07:43,0700 Hours,District 1 (Central),DES MOINES,POLK,I-235,I-235 & US 6/E EUCLID AVE,Collision with fixed object:  Utility pole/light support,Roadside,Non-collision (single vehicle),Driving too fast for conditions,None Indicated,,Daylight,Wet,Rain,None apparent,Interchange-related:  On-ramp merge area,Paved,,Possible/Unknown,0,1,0,0,1,0,6000,1,1,,POINT (-93.574258587535 41.627747095515)
2014811794,14-078836,08/06/2014,08-August,4-Wednesday,15:58,1500 Hours,District 2 (Northeast),,BLACK HAWK,,MAIN RD,Non-collision events:  Overturn/rollover,On Roadway,Non-collision (single vehicle),Swerving/Evasive Action,None Indicated,,Daylight,"Mud, dirt",Cloudy,None apparent,Non-intersection:  Non-junction/no special feature,Unpaved,,Property Damage Only,0,0,0,0,0,0,15000,1,1,,POINT (-92.159254301044 42.299811209728)
2014811367,14-003600,08/06/2014,08-August,4-Wednesday,07:24,0700 Hours,District 1 (Central),AMES,STORY,,LINCOLN WAY & WELCH AVE & WELCH RD,Collision with fixed object:  Concrete traffic barrier (median or right side),On Roadway,Non-collision (single vehicle),Other (explain in narrative):  Other,None Indicated,,Daylight,Wet,Rain,Unknown,Non-intersection:  Non-junction/no special feature,Paved,Yes,Property Damage Only,0,0,0,0,0,0,2600,1,1,,POINT (-93.650164710823 42.022789804094)
2014811377,14-25381,08/06/2014,08-August,4-Wednesday,10:11,1000 Hours,District 3 (Northwest),SIOUX CITY,WOODBURY,,22ND ST,Collision with:  Vehicle in traffic,On Roadway,Rear-end (front to rear),Improper Backing,None Indicated,,Daylight,Wet,Rain,None apparent,Non-intersection:  Non-junction/no special feature,Paved,,Property Damage Only,0,0,0,0,0,0,3700,2,5,,POINT (-96.39214169156 42.512949790528)
2014811241,14-25834,08/06/2014,08-August,4-Wednesday,10:50,1000 Hours,District 3 (Northwest),SIOUX CITY,WOODBURY,,DACE AVE,Collision with:  Vehicle in traffic,On Roadway,Rear-end (front to rear),Lost Control,None Indicated,,Daylight,Wet,Rain,None apparent,Non-intersection:  Non-junction/no special feature,Paved,,Possible/Unknown,0,1,0,0,1,0,200,2,2,,POINT (-96.389665146971 42.488765063231)
2014811468,2014008391,08/06/2014,08-August,4-Wednesday,05:30,0500 Hours,District 6 (East Central),IOWA CITY,JOHNSON,I-80,I-80 & Co Rd W66/DUBUQUE ST,Collision with:  Animal,,,Animal,None Indicated,,,,,,,Paved,,Property Damage Only,0,0,0,0,0,0,6000,1,1,,POINT (-91.542093976352 41.688451098883)
2014811508,2014045538,08/06/2014,08-August,4-Wednesday,06:40,0600 Hours,District 1 (Central),,POLK,I-35,I-35,Collision with:  Vehicle in traffic,On Roadway,"Sideswipe, same direction",Driving too fast for conditions,None Indicated,,Daylight,Wet,Rain,"Surface condition (e.g., wet, icy)",Non-intersection:  Non-junction/no special feature,Paved,,Property Damage Only,0,0,0,0,0,0,9000,2,2,,POINT (-93.591080262218 41.650386942368)
2014811024,20140022682,08/06/2014,08-August,4-Wednesday,08:27,0800 Hours,District 1 (Central),DES MOINES,POLK,,E OVID AVE & CAMBRIDGE ST,Non-collision events:  Other non-collision (explain in narrative),On Roadway,Non-collision (single vehicle),Swerving/Evasive Action,None Indicated,,Daylight,Wet,Rain,Other (explain in narrative),Intersection:  Four-way intersection,Paved,,Minor Injury,0,1,0,1,0,0,1000,1,1,,POINT (-93.61630679162 41.625953090332)
2014811182,14-5209,08/06/2014,08-August,4-Wednesday,17:33,1700 Hours,District 1 (Central),DES MOINES,POLK,IA 415,IA 415/2ND AVE & SENECA AVE & E SENECA AVE,Collision with:  Vehicle in traffic,On Roadway,Broadside (front to side),Ran Stop Sign,None Indicated,,Daylight,Wet,Rain,None apparent,Intersection:  Four-way intersection,Paved,,Possible/Unknown,0,1,0,0,0,1,7000,2,2,,POINT (-93.619935660222 41.631328883168)
2014811176,14-005470,08/06/2014,08-August,4-Wednesday,16:40,1600 Hours,District 3 (Northwest),,MONONA,I-29,I-29,Collision with fixed object:  Ditch,Shoulder,Non-collision (single vehicle),Swerving/Evasive Action,None Indicated,,Daylight,Wet,Cloudy,None apparent,"Interchange-related:  Off-ramp, diverge area",Paved,,Possible/Unknown,0,1,0,0,1,0,4000,1,1,,POINT (-96.129546665552 42.025418864622)
2014812298,N14000406,08/06/2014,08-August,4-Wednesday,17:56,1700 Hours,District 6 (East Central),NORTH LIBERTY,JOHNSON,,PENN ST,Collision with:  Vehicle in traffic,On Roadway,Rear-end (front to rear),"Operating vehicle in an reckless, erratic, careless, negligent manner",None Indicated,,Daylight,Dry,Cloudy,None apparent,Non-intersection:  Non-junction/no special feature,Unpaved,,Property Damage Only,0,0,0,0,0,0,4050,3,7,,POINT (-91.603582806059 41.752127283741)
2014811194,20140022763,08/06/2014,08-August,4-Wednesday,17:00,1700 Hours,District 1 (Central),DES MOINES,POLK,I-235,I-235,Collision with:  Vehicle in traffic,On Roadway,Rear-end (front to rear),Driving too fast for conditions,None Indicated,,Daylight,Wet,Rain,None apparent,Non-intersection:  Non-junction/no special feature,Paved,,Possible/Unknown,0,1,0,0,1,0,1500,2,3,,POINT (-93.618370060198 41.595632724486)
2014820148,,08/06/2014,08-August,4-Wednesday,11:49,1100 Hours,District 2 (Northeast),CLEAR LAKE,CERRO GORDO,US 18,US 18,Collision with:  Vehicle in traffic,On Roadway,Rear-end (front to rear),Other (explain in narrative):  Other,None Indicated,,Daylight,Dry,Cloudy,None apparent,Non-intersection:  Non-junction/no special feature,Paved,,Property Damage Only,0,0,0,0,0,0,4500,2,3,,POINT (-93.387560181336 43.143100933201)
2014811221,2015-54785,08/06/2014,08-August,4-Wednesday,16:30,1600 Hours,District 6 (East Central),DAVENPORT,SCOTT,,IA 461/BRADY ST & E 29TH ST,Collision with:  Vehicle in traffic,On Roadway,"Sideswipe, same direction",Made improper turn,None Indicated,,Daylight,Dry,Clear,None apparent,Non-intersection:  Non-junction/no special feature,Paved,,Possible/Unknown,0,1,0,0,1,0,6000,2,3,,POINT (-90.57085593958 41.549192616062)
2014811523,W14-078839,08/06/2014,08-August,4-Wednesday,16:03,1600 Hours,District 2 (Northeast),WATERLOO,BLACK HAWK,,SUMNER ST & N BARCLAY ST,Collision with:  Vehicle in traffic,On Roadway,Broadside (front to side),FTYROW:  From stop sign,None Indicated,,Daylight,Dry,Cloudy,None apparent,Intersection:  Four-way intersection,Paved,,Property Damage Only,0,0,0,0,0,0,7000,2,2,,POINT (-92.327810589671 42.508312677913)
2014811188,20140022738,08/06/2014,08-August,4-Wednesday,16:51,1600 Hours,District 1 (Central),DES MOINES,POLK,,ARTHUR AVE,Collision with:  Vehicle in traffic,On Roadway,Broadside (front to side),FTYROW:  From driveway,None Indicated,,Daylight,Wet,Rain,None apparent,Non-intersection:  Driveway access (within),Paved,,Property Damage Only,0,0,0,0,0,0,3500,2,3,,POINT (-93.59806357302 41.617267426868)
2014811037,14-3788,08/06/2014,08-August,4-Wednesday,04:31,0400 Hours,District 1 (Central),WEST DES MOINES,POLK,,E P TRUE PKWY,Collision with fixed object:  Curb/island/raised median,On Roadway,Non-collision (single vehicle),Crossed centerline (undivided),None Indicated,,Dark - roadway lighted,Wet,Rain,Work Zone (roadway-related),Non-intersection:  Non-junction/no special feature,Paved,Yes,Minor Injury,0,1,0,1,0,0,6400,1,1,,POINT (-93.778743117672 41.574256914865)
2014811966,,08/06/2014,08-August,4-Wednesday,19:13,1900 Hours,District 3 (Northwest),MARCUS,CHEROKEE,,E AMHERST ST & S BEECH ST,Collision with:  Non-motorist (see non-motorist section - NOT a unit),On Roadway,Non-collision (single vehicle),Made improper turn,None Indicated,,Daylight,Wet,Rain,None apparent,Intersection:  Four-way intersection,Paved,,Minor Injury,0,1,0,1,0,0,100,1,1,,POINT (-95.801217887415 42.822189555757)
2014812064,2014-54771,08/06/2014,08-August,4-Wednesday,14:37,1400 Hours,District 6 (East Central),DAVENPORT,SCOTT,,W 63RD ST,Collision with fixed object:  Other fixed object (explain in narrative),On Roadway,Non-collision (single vehicle),Ran off road - right,None Indicated,,Daylight,Dry,Cloudy,None apparent,Non-intersection:  Non-junction/no special feature,Paved,,Property Damage Only,0,0,0,0,0,0,2150,1,2,,POINT (-90.612819596521 41.585944417335)
2014811479,201402738,08/06/2014,08-August,4-Wednesday,11:44,1100 Hours,District 6 (East Central),,LINN,,Co Rd E45/SECRIST RD,Collision with:  Vehicle in traffic,On Roadway,Head-on (front to front),Crossed centerline (undivided),None Indicated,,Daylight,Dry,Cloudy,None apparent,Non-intersection:  Non-junction/no special feature,Paved,,Minor Injury,0,2,0,1,1,0,16000,2,2,,POINT (-91.463730402594 42.014961948153)
2014811615,14016572,08/06/2014,08-August,4-Wednesday,21:32,2100 Hours,District 6 (East Central),MARION,LINN,,10TH AVE & 31ST ST,Collision with:  Vehicle in traffic,On Roadway,Broadside (front to side),FTYROW:  From stop sign,None Indicated,,Dark - roadway not lighted,Dry,Cloudy,None apparent,Intersection:  Four-way intersection,Paved,,Property Damage Only,0,0,0,0,0,0,2000,2,2,,POINT (-91.579178397446 42.035993058959)
2014814291,14-07459,08/06/2014,08-August,4-Wednesday,13:59,1300 Hours,District 5 (Southeast),MOUNT PLEASANT,HENRY,,E MAPLE LEAF DR & N CHERRY ST,Collision with:  Vehicle in traffic,On Roadway,Broadside (front to side),Ran Stop Sign,None Indicated,,Daylight,Dry,Clear,None apparent,Intersection:  Four-way intersection,Paved,,Property Damage Only,0,0,0,0,0,0,7000,2,3,,POINT (-91.540586568316 40.974005765215)
2014811240,14-25391,08/06/2014,08-August,4-Wednesday,11:26,1100 Hours,District 3 (Northwest),SIOUX CITY,WOODBURY,,S PALMETTO ST,Collision with:  Vehicle in traffic,On Roadway,"Sideswipe, same direction",Improper or erratic lane changing,None Indicated,,Daylight,Wet,Rain,None apparent,Non-intersection:  Non-junction/no special feature,Paved,,Property Damage Only,0,0,0,0,0,0,2724,2,2,,POINT (-96.345749557368 42.47540655574)
2014811211,14-0869,08/06/2014,08-August,4-Wednesday,17:51,1700 Hours,District 1 (Central),PLEASANT HILL,POLK,,MAPLE DR & N HICKORY BLVD,Collision with:  Vehicle in traffic,On Roadway,Head-on (front to front),FTYROW:  Other (explain in narrative),None Indicated,,Daylight,Wet,Rain,None apparent,Intersection:  Four-way intersection,Paved,,Property Damage Only,0,0,0,0,0,0,5000,2,2,,POINT (-93.517033268863 41.597970596257)
2014811297,02-14-11781,08/06/2014,08-August,4-Wednesday,20:50,2000 Hours,District 6 (East Central),,DUBUQUE,,BOY SCOUT RD,Collision with fixed object:  Tree,On Roadway,Non-collision (single vehicle),Equipment failure,None Indicated,,Dark - roadway not lighted,Dry,Cloudy,None apparent,Non-intersection:  Non-junction/no special feature,Paved,,Property Damage Only,0,0,0,0,0,0,2500,1,1,,POINT (-90.809271382517 42.569154850072)
2014811016,14-5197,08/06/2014,08-August,4-Wednesday,09:57,0900 Hours,District 1 (Central),DES MOINES,POLK,US 69,US 69/NE 14TH ST,Collision with:  Vehicle in traffic,On Roadway,Rear-end (front to rear),Unknown,None Indicated,,Daylight,Dry,Cloudy,None apparent,Non-intersection:  Non-junction/no special feature,Paved,,Possible/Unknown,0,1,0,0,1,0,8000,2,2,,POINT (-93.600545323592 41.660930288147)
2014811039,14-3797,08/06/2014,08-August,4-Wednesday,11:57,1100 Hours,District 1 (Central),WEST DES MOINES,POLK,,WOODLAND AVE & 50TH ST,Collision with:  Vehicle in traffic,On Roadway,Rear-end (front to rear),Improper Backing,None Indicated,,Daylight,Wet,Rain,None apparent,Intersection:  T-intersection,Paved,,Property Damage Only,0,0,0,0,0,0,3500,2,2,,POINT (-93.771058446561 41.587711462032)
2014811368,14-003604,08/06/2014,08-August,4-Wednesday,12:55,1200 Hours,District 1 (Central),AMES,STORY,US 30,US 30,Collision with:  Vehicle in traffic,On Roadway,Rear-end (front to rear),Followed too close,None Indicated,,Daylight,Wet,Rain,None apparent,Non-intersection:  Non-junction/no special feature,Paved,,Property Damage Only,0,0,0,0,0,0,8998,2,3,,POINT (-93.623117753515 42.00400796902)
2014811286,14-8116,08/06/2014,08-August,4-Wednesday,12:41,1200 Hours,District 3 (Northwest),CARROLL,CARROLL,US 30,US 30/6TH ST,Collision with:  Vehicle in traffic,On Roadway,Rear-end (front to rear),Lost Control,None Indicated,,Daylight,Wet,Rain,"Surface condition (e.g., wet, icy)",Non-intersection:  Driveway access (within),Paved,,Property Damage Only,0,0,0,0,0,0,4500,2,2,,POINT (-94.858971474118 42.06401766067)
2014810956,W14-078730,08/06/2014,08-August,4-Wednesday,06:57,0600 Hours,District 2 (Northeast),WATERLOO,BLACK HAWK,,RICKER ST & PEEK ST,Collision with:  Vehicle in traffic,On Roadway,Broadside (front to side),FTYROW:  At uncontrolled intersection,None Indicated,,Daylight,Dry,Cloudy,None apparent,Intersection:  Four-way intersection,Paved,,Property Damage Only,0,0,0,0,0,0,7000,2,2,,POINT (-92.326469957191 42.514140569068)
2014811954,,08/06/2014,08-August,4-Wednesday,17:40,1700 Hours,District 3 (Northwest),ARMSTRONG,EMMET,IA 15,IA 15/6TH ST & 2ND AVE,Collision with:  Vehicle in traffic,On Roadway,"Angle, oncoming left turn",FTYROW:  From stop sign,None Indicated,,Daylight,Dry,Cloudy,None apparent,Intersection:  Four-way intersection,Paved,,Property Damage Only,0,0,0,0,0,0,6832,2,3,,POINT (-94.480246488093 43.396257068002)
2014811660,20140022680,08/06/2014,08-August,4-Wednesday,08:01,0800 Hours,District 1 (Central),DES MOINES,POLK,,SW 9TH ST,Collision with:  Vehicle in traffic,Shoulder,Rear-end (front to rear),Followed too close,None Indicated,,Daylight,Wet,Rain,None apparent,Non-intersection:  Non-junction/no special feature,Paved,,Possible/Unknown,0,2,0,0,2,0,2800,2,2,,POINT (-93.624827289609 41.575907952258)
2014811469,2014008399,08/06/2014,08-August,4-Wednesday,09:42,0900 Hours,District 6 (East Central),IOWA CITY,JOHNSON,US 6,US 6 & BROADWAY ST,Collision with:  Vehicle in traffic,On Roadway,Rear-end (front to rear),Driving too fast for conditions,None Indicated,,Daylight,Wet,Rain,None apparent,Intersection:  T-intersection,Paved,,Property Damage Only,0,0,0,0,0,0,2000,2,3,,POINT (-91.520029707013 41.641918905941)
2014811161,14-050806-01,08/06/2014,08-August,4-Wednesday,06:40,0600 Hours,District 6 (East Central),,IOWA,IA 149,IA 149/290TH ST,Non-collision events:  Overturn/rollover,On Roadway,Non-collision (single vehicle),Swerving/Evasive Action,None Indicated,,Daylight,Wet,Rain,None apparent,Non-intersection:  Non-junction/no special feature,Paved,,Possible/Unknown,0,1,0,0,1,0,10000,1,2,,POINT (-92.044119505927 41.582945655371)
2014817152,2014-54742,08/06/2014,08-August,4-Wednesday,13:04,1300 Hours,District 6 (East Central),DAVENPORT,SCOTT,,E 53RD ST & ELMORE AVE,Collision with:  Vehicle in traffic,On Roadway,Rear-end (front to rear),Followed too close,None Indicated,,Daylight,Dry,Cloudy,None apparent,Intersection:  Four-way intersection,Paved,,Property Damage Only,0,0,0,0,0,0,2050,2,2,,POINT (-90.528526027775 41.574885813035)
2014812539,14116119,08/06/2014,08-August,4-Wednesday,17:41,1700 Hours,District 6 (East Central),,JOHNSON,IA 1,IA 1/IOWA 1,Collision with:  Other non-fixed object (explain in narrative),On Roadway,Non-collision (single vehicle),Other (explain in narrative):  No improper action,None Indicated,,Daylight,Dry,Cloudy,Work Zone (roadway-related),Non-intersection:  Non-junction/no special feature,Paved,Yes,Property Damage Only,0,0,0,0,0,0,1750,1,1,,POINT (-91.602604022365 41.624650527296)
2014811387,08-14-008,08/06/2014,08-August,4-Wednesday,14:15,1400 Hours,District 3 (Northwest),LE MARS,PLYMOUTH,,HAWKEYE AVE,Collision with:  Vehicle in traffic,On Roadway,"Angle, oncoming left turn",FTYROW:  From driveway,None Indicated,,Daylight,Wet,Rain,None apparent,Non-intersection:  Driveway access (within),Paved,,Property Damage Only,0,0,0,0,0,0,3500,2,4,,POINT (-96.182934347778 42.780709212364)
2014811415,14-4043,08/06/2014,08-August,4-Wednesday,12:04,1200 Hours,District 6 (East Central),HIAWATHA,LINN,,BLAIRS FERRY RD NE,Collision with:  Vehicle in traffic,On Roadway,Rear-end (front to rear),Other (explain in narrative):  Other,None Indicated,,Daylight,Dry,Clear,None apparent,Intersection:  Four-way intersection,Paved,,Property Damage Only,0,0,0,0,0,0,5500,3,3,,POINT (-91.668447403611 42.034775961234)
2014811473,2014008418,08/06/2014,08-August,4-Wednesday,17:08,1700 Hours,District 6 (East Central),IOWA CITY,JOHNSON,IA 1,IA 1/E BURLINGTON ST & S GILBERT ST,Collision with:  Non-motorist (see non-motorist section - NOT a unit),Outside trafficway,Non-collision (single vehicle),Other (explain in narrative):  No improper action,None Indicated,,Daylight,Dry,Cloudy,None apparent,Non-intersection:  Driveway access (within),Paved,,Possible/Unknown,0,1,0,0,1,0,1500,1,1,,POINT (-91.530174092462 41.657838131718)
2014811322,14-003363,08/06/2014,08-August,4-Wednesday,16:57,1600 Hours,District 1 (Central),ANKENY,POLK,US 69,US 69/S ANKENY BLVD & SW SOUTHLAWN DR & SE EAST LAWN DR,Collision with:  Vehicle in traffic,On Roadway,Rear-end (front to rear),Other (explain in narrative):  Other,None Indicated,,Daylight,Wet,Rain,None apparent,Non-intersection:  Non-junction/no special feature,Paved,,Property Damage Only,0,0,0,0,0,0,2000,2,3,,POINT (-93.600396893228 41.72507957918)
2014811132,14-8119,08/06/2014,08-August,4-Wednesday,14:00,1400 Hours,District 3 (Northwest),CARROLL,CARROLL,US 30,US 30/6TH ST & GRANT RD,Collision with:  Vehicle in traffic,On Roadway,Broadside (front to side),Ran Traffic Signal,None Indicated,,Daylight,Wet,Cloudy,None apparent,Intersection:  Four-way intersection,Paved,,Possible/Unknown,0,1,0,0,1,0,9000,2,4,,POINT (-94.859273486032 42.064012766744)
2014811814,2014045555,08/06/2014,08-August,4-Wednesday,07:30,0700 Hours,District 2 (Northeast),,CERRO GORDO,I-35,I-35,Collision with:  Animal,,,Animal,None Indicated,,,,,,,Paved,,Property Damage Only,0,0,0,0,0,0,3500,1,1,,POINT (-93.342523598014 43.058598365091)
2014812163,14078802,08/06/2014,08-August,4-Wednesday,13:54,1300 Hours,District 2 (Northeast),CEDAR FALLS,BLACK HAWK,IA 27,IA 27,Collision with:  Vehicle in traffic,On Roadway,Rear-end (front to rear),Other (explain in narrative):  Other,None Indicated,,Daylight,Dry,Rain,None apparent,Intersection:  Four-way intersection,Paved,,Property Damage Only,0,0,0,0,0,0,4250,3,3,,POINT (-92.452626737081 42.499448631934)
2014812669,2014-54782,08/06/2014,08-August,4-Wednesday,16:23,1600 Hours,District 6 (East Central),DAVENPORT,SCOTT,,W CENTRAL PARK AVE,Collision with:  Vehicle in traffic,On Roadway,Rear-end (front to rear),Followed too close,None Indicated,,Daylight,Dry,Clear,None apparent,Non-intersection:  Non-junction/no special feature,Paved,,Possible/Unknown,0,2,0,0,2,0,2200,2,8,,POINT (-90.612091470436 41.545481535833)
2014812065,2014-54819,08/06/2014,08-August,4-Wednesday,18:33,1800 Hours,District 6 (East Central),DAVENPORT,SCOTT,,E 53RD ST & CORPORATE PARK DR,Collision with:  Vehicle in traffic,On Roadway,Rear-end (front to rear),Followed too close,None Indicated,,Daylight,Dry,Clear,None apparent,Non-intersection:  Non-junction/no special feature,Paved,,Possible/Unknown,0,1,0,0,1,0,500,2,4,,POINT (-90.517167904561 41.574884131759)
2014811279,080614-99,08/06/2014,08-August,4-Wednesday,16:09,1600 Hours,District 3 (Northwest),STORM LAKE,BUENA VISTA,IA 7,IA 7/E LAKE SHORE DR,Collision with:  Vehicle in traffic,On Roadway,Broadside (front to side),FTYROW:  From driveway,None Indicated,,Daylight,Wet,Rain,None apparent,Non-intersection:  Driveway access (within),Paved,,Minor Injury,0,1,0,1,0,0,8600,2,2,,POINT (-95.179553076299 42.633718972337)
2014811455,2014008029,08/06/2014,08-August,4-Wednesday,19:20,1900 Hours,District 1 (Central),MARSHALLTOWN,MARSHALL,,W LINN ST & S 1ST ST,Collision with:  Vehicle in traffic,On Roadway,Unknown,FTYROW:  Making left turn,None Indicated,,Daylight,Dry,Cloudy,None apparent,Intersection:  Four-way intersection,Paved,,Property Damage Only,0,0,0,0,0,0,2400,2,4,,POINT (-92.914593381319 42.046692601877)
2014831680,14-005669,08/06/2014,08-August,4-Wednesday,16:32,1600 Hours,District 3 (Northwest),RUTHVEN,PALO ALTO,,CARR ST & BURNS ST,Collision with:  Vehicle in traffic,On Roadway,Broadside (front to side),Other (explain in narrative):  Other,None Indicated,,Daylight,Wet,Rain,None apparent,Intersection:  Four-way intersection,Paved,,Property Damage Only,0,0,0,0,0,0,8500,2,4,,POINT (-94.903892494771 43.13296654221)
2014811212,14-032955,08/06/2014,08-August,4-Wednesday,12:01,1200 Hours,District 4 (Southwest),COUNCIL BLUFFS,POTTAWATTAMIE,,VALLEY VIEW DR & GREENVIEW DR,Collision with:  Vehicle in traffic,On Roadway,Broadside (front to side),FTYROW:  From stop sign,None Indicated,,Daylight,Wet,Cloudy,None apparent,Intersection:  T-intersection,Paved,,Minor Injury,0,4,0,2,2,0,5000,2,6,,POINT (-95.816958121336 41.239630938139)