Iowa DOT Case Number,Law Enforcement Case Number,Date of Crash,Month of Crash,Day of Week,Time of Crash,Hour,DOT District,City Name,County Name,Route with System,Location Description,First Harmful Event,Location of First Harmful Event,Manner of Crash/Collision,Major Cause,Drug or Alcohol ,Environmental Conditions,Light Conditions,Surface Conditions,Weather Conditions,Roadway Contribution,Roadway Type,Roadway Surface,Work Zone,Crash Severity,Number of Fatalities,Number of Injuries,Number of Major Injuries,Number of Minor Injuries,Number of Possible Injuries,Number of Unknown Injuries,Amount of Property Damage,Number of Vehicles Involved,Total Number of Occupants,Travel Direction,Location
2014811512,,08/06/2014,08-August,4-Wednesday,21:15,2100 Hours,District 2 (Northeast),SUMNER,BREMER,,RAILROAD ST,Collision with:  Parked motor vehicle,Roadside,"Sideswipe, same direction",Improper Backing,None Indicated,,Dark - roadway lighted,Dry,Cloudy,None apparent,Non-intersection:  Driveway access (within),Paved,,Property Damage Only,0,0,0,0,0,0,3500,2,1,,POINT (-92.098976246166 42.85638955662)
2014811189,20140022743,08/06/2014,08-August,4-Wednesday,17:41,1700 Hours,District 1 (Central),DES MOINES,POLK,,GRAND AVE,Collision with:  Vehicle in traffic,On Roadway,Broadside (front to side),Made improper turn,None Indicated,,Daylight,Wet,Rain,"Surface condition (e.g., wet, icy)",Non-intersection:  Driveway access (within),Paved,,Property Damage Only,0,0,0,0,0,0,8000,2,3,,POINT (-93.661331661876 41.584395780548)
2014811301,C14002441,08/06/2014,08-August,4-Wednesday,11:40,1100 Hours,District 6 (East Central),CORALVILLE,JOHNSON,,1ST AVE & AUBURN HILLS DR & AUBURN EAST LN,Collision with:  Vehicle in traffic,On Roadway,Rear-end (front to rear),Other (explain in narrative):  Other,None Indicated,,Daylight,Wet,Rain,None apparent,Intersection:  Four-way intersection,Paved,,Property Damage Only,0,0,0,0,0,0,12500,2,5,,POINT (-91.564422648333 41.709916253091)
2014811472,2014008410,08/06/2014,08-August,4-Wednesday,15:03,1500 Hours,District 6 (East Central),IOWA CITY,JOHNSON,,LUCAS ST,Collision with:  Parked motor vehicle,On Roadway,"Sideswipe, same direction",Over correcting/over steering,None Indicated,,Daylight,Dry,Cloudy,None apparent,Non-intersection:  Non-junction/no special feature,Paved,,Property Damage Only,0,0,0,0,0,0,5600,2,1,,POINT (-91.524319961344 41.655961737387)
2014811360,14-14953,08/06/2014,08-August,4-Wednesday,04:57,0400 Hours,District 6 (East Central),BETTENDORF,SCOTT,I-74,I-74,,On Roadway,Non-collision (single vehicle),Swerving/Evasive Action,None Indicated,,Dark - roadway not lighted,Dry,Clear,None apparent,Interchange-related:  Off-ramp,Paved,,Property Damage Only,0,0,0,0,0,0,5100,1,1,,POINT (-90.517063382187 41.539414921383)
2014812961,2014045898,08/06/2014,08-August,4-Wednesday,23:20,2300 Hours,District 5 (Southeast),OSKALOOSA,MAHASKA,IA 163,IA 163/IOWA 163,Collision with:  Animal,,,Animal,None Indicated,,,,,,,Paved,,Property Damage Only,0,0,0,0,0,0,5000,1,1,,POINT (-92.683539907379 41.31174548658)
2014811853,14-1153,08/06/2014,08-August,4-Wednesday,12:50,1200 Hours,District 3 (Northwest),SPIRIT LAKE,DICKINSON,US 71,US 71,Collision with:  Vehicle in traffic,On Roadway,"Angle, oncoming left turn",FTYROW:  Making left turn,None Indicated,,Daylight,Wet,Rain,None apparent,Intersection:  Four-way intersection,Paved,,Minor Injury,0,3,0,2,1,0,14000,2,6,,POINT (-95.126462388066 43.413112146626)
2014811371,14003607,08/06/2014,08-August,4-Wednesday,15:35,1500 Hours,District 1 (Central),AMES,STORY,US 69,US 69/S DUFF AVE,Collision with:  Vehicle in traffic,On Roadway,Rear-end (front to rear),Followed too close,None Indicated,,Daylight,Wet,Rain,None apparent,Non-intersection:  Non-junction/no special feature,Paved,,Property Damage Only,0,0,0,0,0,0,2000,2,2,,POINT (-93.610323181717 42.020991092545)
2014811628,14-5211,08/06/2014,08-August,4-Wednesday,18:00,1800 Hours,District 1 (Central),DES MOINES,POLK,IA 415,IA 415/2ND AVE & Co Rd F46/NW 60TH AVE,Collision with:  Vehicle in traffic,On Roadway,"Sideswipe, same direction",FTYROW:  From stop sign,None Indicated,,Daylight,Wet,Rain,None apparent,Intersection:  T-intersection,Paved,,Property Damage Only,0,0,0,0,0,0,3000,2,2,,POINT (-93.620493755054 41.669480181688)
2014811340,20140022744,08/06/2014,08-August,4-Wednesday,16:52,1600 Hours,District 1 (Central),DES MOINES,POLK,I-235,I-235,Collision with:  Vehicle in traffic,On Roadway,Rear-end (front to rear),Driving too fast for conditions,None Indicated,,Daylight,Wet,Rain,None apparent,Non-intersection:  Non-junction/no special feature,Paved,,Property Damage Only,0,0,0,0,0,0,4300,2,2,,POINT (-93.631368034831 41.595949389199)
2014811372,14003608,08/06/2014,08-August,4-Wednesday,16:22,1600 Hours,District 1 (Central),AMES,STORY,US 69,US 69/LINCOLN WAY,Collision with:  Vehicle in traffic,On Roadway,Rear-end (front to rear),Driving too fast for conditions,None Indicated,,Daylight,Wet,Rain,None apparent,Non-intersection:  Non-junction/no special feature,Paved,,Possible/Unknown,0,1,0,0,1,0,6500,3,5,,POINT (-93.614472415797 42.022896363212)
2014811406,14-16062,08/06/2014,08-August,4-Wednesday,21:35,2100 Hours,District 6 (East Central),LONG GROVE,SCOTT,US 61,US 61/NW RAMP,Collision with:  Animal,,,Animal,None Indicated,,,,,,,Paved,,Property Damage Only,0,0,0,0,0,0,2000,1,1,,POINT (-90.566222695358 41.697995597776)
2014812152,14007120,08/06/2014,08-August,4-Wednesday,21:35,2100 Hours,District 6 (East Central),,BUCHANAN,,Co Rd C57/120TH ST,Collision with:  Animal,,,Animal,None Indicated,,,,,,,Paved,,Property Damage Only,0,0,0,0,0,0,5000,1,1,,POINT (-91.957058088753 42.613317939504)
2014811225,891405115,08/06/2014,08-August,4-Wednesday,16:47,1600 Hours,District 5 (Southeast),BIRMINGHAM,VAN BUREN,,LIBERTY ST,Collision with fixed object:  Other fixed object (explain in narrative),Outside trafficway,Non-collision (single vehicle),Ran off road - left,None Indicated,,Daylight,"Mud, dirt",Cloudy,None apparent,Non-intersection:  Non-junction/no special feature,Unpaved,,Property Damage Only,0,0,0,0,0,0,6000,1,1,,POINT (-91.949908630205 40.882245551624)
2014811239,14-25377,08/06/2014,08-August,4-Wednesday,09:16,0900 Hours,District 3 (Northwest),SIOUX CITY,WOODBURY,,8TH ST & 9TH ST & PIERCE ST,Collision with:  Vehicle in traffic,On Roadway,Broadside (front to side),Ran Traffic Signal,None Indicated,,Daylight,Wet,Rain,None apparent,Intersection:  Other intersection (explain in narrative),Paved,,Possible/Unknown,0,1,0,0,1,0,4500,2,4,,POINT (-96.404964508973 42.498513109759)
2014811186,20140022723,08/06/2014,08-August,4-Wednesday,15:37,1500 Hours,District 1 (Central),DES MOINES,POLK,,WOODLAND AVE & 35TH ST,Collision with:  Vehicle in traffic,On Roadway,Broadside (front to side),FTYROW:  From stop sign,None Indicated,,Daylight,Dry,Cloudy,None apparent,Intersection:  Four-way intersection,Paved,,Possible/Unknown,0,1,0,0,1,0,5500,2,2,,POINT (-93.664201343324 41.588144267111)
2014812797,,08/06/2014,08-August,4-Wednesday,13:42,1300 Hours,District 5 (Southeast),FORT MADISON,LEE,,AVE L,Collision with:  Vehicle in traffic,On Roadway,"Sideswipe, same direction",Improper or erratic lane changing,None Indicated,,Daylight,Dry,Clear,None apparent,Non-intersection:  Non-junction/no special feature,Paved,,Property Damage Only,0,0,0,0,0,0,2000,2,3,,POINT (-91.334171617652 40.627282312163)
2014812473,,08/06/2014,08-August,4-Wednesday,12:43,1200 Hours,District 4 (Southwest),,DALLAS,I-80,I-80,Collision with fixed object:  Guardrail - face,Shoulder,Non-collision (single vehicle),Followed too close,None Indicated,,Daylight,Wet,Cloudy,None apparent,Non-intersection:  Non-junction/no special feature,Paved,,Possible/Unknown,0,1,0,0,1,0,6739,1,2,,POINT (-94.192081878676 41.516554227018)
2014811785,2014008407,08/06/2014,08-August,4-Wednesday,13:44,1300 Hours,District 6 (East Central),IOWA CITY,JOHNSON,,J ST & BRADFORD ST & S 1ST AVE,Collision with:  Vehicle in traffic,On Roadway,"Sideswipe, same direction",FTYROW:  Other (explain in narrative),None Indicated,,Daylight,Dry,Cloudy,None apparent,Intersection:  Four-way intersection,Paved,,Property Damage Only,0,0,0,0,0,0,2000,2,3,,POINT (-91.50195337307 41.646305222207)
2014812959,2014045569,08/06/2014,08-August,4-Wednesday,08:12,0800 Hours,District 1 (Central),ALTOONA,POLK,I-80,I-80,Collision with fixed object:  Concrete traffic barrier (median or right side),Shoulder,Non-collision (single vehicle),Followed too close,None Indicated,,Daylight,Wet,Rain,Work Zone (roadway-related),Non-intersection:  Non-junction/no special feature,Paved,Yes,Property Damage Only,0,0,0,0,0,0,2500,1,1,,POINT (-93.504140842975 41.662042081357)
2014810957,W14-078754,08/06/2014,08-August,4-Wednesday,10:13,1000 Hours,District 2 (Northeast),WATERLOO,BLACK HAWK,,PINNACLE PL & W 4TH ST,Collision with:  Vehicle in traffic,On Roadway,Rear-end (front to rear),Other (explain in narrative):  Other,None Indicated,,Daylight,Dry,Cloudy,None apparent,Intersection:  T-intersection,Paved,,Property Damage Only,0,0,0,0,0,0,3500,2,2,,POINT (-92.384803222541 42.46824154905)
2014811178,14-5210,08/06/2014,08-August,4-Wednesday,17:47,1700 Hours,District 1 (Central),,POLK,IA 415,IA 415/2ND AVE,Collision with:  Vehicle in traffic,On Roadway,Rear-end (front to rear),Followed too close,Refused,,Daylight,Wet,Rain,None apparent,Intersection:  Four-way intersection,Paved,,Property Damage Only,0,0,0,0,0,0,3500,2,2,,POINT (-93.619994869328 41.637507488925)
2014811179,14-5215,08/06/2014,08-August,4-Wednesday,21:29,2100 Hours,District 1 (Central),,POLK,,NE 54TH AVE,Collision with:  Animal,On Roadway,Non-collision (single vehicle),Animal,None Indicated,,Dark - roadway not lighted,Dry,Clear,None apparent,Non-intersection:  Non-junction/no special feature,Paved,,Possible/Unknown,0,1,0,0,1,0,5000,1,1,,POINT (-93.411632458939 41.658726675746)
2014811218,2014-54757,08/06/2014,08-August,4-Wednesday,14:25,1400 Hours,District 6 (East Central),DAVENPORT,SCOTT,US 6,US 6/E KIMBERLY RD,Collision with:  Vehicle in traffic,On Roadway,Rear-end (front to rear),Followed too close,None Indicated,,Daylight,Dry,Cloudy,None apparent,Non-intersection:  Non-junction/no special feature,Paved,,Property Damage Only,0,0,0,0,0,0,4500,2,2,,POINT (-90.552390603408 41.556870540042)
2014816377,,08/06/2014,08-August,4-Wednesday,05:50,0500 Hours,District 2 (Northeast),,WINNESHIEK,,Co Rd W46/CENTENNIAL RD,Collision with:  Animal,On Roadway,Non-collision (single vehicle),Animal,None Indicated,,Dawn,Dry,"Fog, smoke, smog",None apparent,Non-intersection:  Non-junction/no special feature,Paved,,Property Damage Only,0,0,0,0,0,0,5000,1,1,,POINT (-91.679274981841 43.128588431689)
2014811193,20140022677,08/06/2014,08-August,4-Wednesday,05:47,0500 Hours,District 1 (Central),DES MOINES,POLK,I-235,I-235,Collision with fixed object:  Other fixed object (explain in narrative),On Roadway,Non-collision (single vehicle),Other (explain in narrative):  No improper action,None Indicated,,Dark - roadway lighted,Wet,Rain,"Surface condition (e.g., wet, icy)","Interchange-related:  Off-ramp, diverge area",Paved,,Property Damage Only,0,0,0,0,0,0,11000,1,1,,POINT (-93.634258057753 41.595771351142)
2014811195,20140022729,08/06/2014,08-August,4-Wednesday,16:09,1600 Hours,District 1 (Central),DES MOINES,POLK,,6TH AVE,Collision with:  Vehicle in traffic,On Roadway,Broadside (front to side),Exceeded authorized speed,None Indicated,,Daylight,Wet,Rain,None apparent,Non-intersection:  Non-junction/no special feature,Paved,,Possible/Unknown,0,2,0,0,2,0,7500,2,4,,POINT (-93.625740903225 41.600961155243)
2014811177,14-5203,08/06/2014,08-August,4-Wednesday,14:42,1400 Hours,District 1 (Central),BONDURANT,POLK,US 65,US 65/HUBBELL AVE & GRANT ST S,Collision with:  Vehicle in traffic,On Roadway,Broadside (front to side),FTYROW:  Making left turn,None Indicated,,Daylight,Wet,Rain,None apparent,Intersection:  Four-way intersection,Paved,,Property Damage Only,0,0,0,0,0,0,8000,2,2,,POINT (-93.46209256049 41.68770904144)
2014811173,201411446,08/06/2014,08-August,4-Wednesday,11:39,1100 Hours,District 6 (East Central),CEDAR RAPIDS,LINN,I-380,I-380 & WRIGHT BROTHERS BLVD SW,Collision with:  Vehicle in traffic,On Roadway,Rear-end (front to rear),Driving too fast for conditions,None Indicated,,Daylight,Wet,Rain,None apparent,Intersection:  Intersection with ramp,Paved,,Possible/Unknown,0,1,0,0,1,0,14500,3,4,,POINT (-91.673180776188 41.89066428159)
2014811324,14-0941,08/06/2014,08-August,4-Wednesday,17:38,1700 Hours,District 1 (Central),CLIVE,POLK,I-35,I-35,Collision with:  Vehicle in traffic,On Roadway,Rear-end (front to rear),Driving too fast for conditions,None Indicated,,Daylight,Wet,Rain,None apparent,"Interchange-related:  Off-ramp, diverge area",Paved,,Property Damage Only,0,0,0,0,0,0,4000,3,3,,POINT (-93.775900629666 41.614358200797)
2014811790,14033015,08/06/2014,08-August,4-Wednesday,07:40,0700 Hours,District 5 (Southeast),MUSCATINE,MUSCATINE,US 61,US 61/GRANDVIEW AVE,Collision with:  Vehicle in traffic,On Roadway,Broadside (front to side),FTYROW:  From driveway,None Indicated,,Daylight,Dry,Cloudy,None apparent,Non-intersection:  Driveway access (within),Paved,,Minor Injury,0,2,0,2,0,0,12700,2,4,,POINT (-91.127976592469 41.372039111599)
2014811208,14-3797,08/06/2014,08-August,4-Wednesday,15:43,1500 Hours,District 1 (Central),WEST DES MOINES,POLK,,WESTOWN PKWY,Collision with:  Vehicle in traffic,On Roadway,Rear-end (front to rear),Driver Distraction:  Manual operation of an electronic communication device,None Indicated,,Daylight,Wet,Rain,None apparent,Non-intersection:  Non-junction/no special feature,Paved,,Property Damage Only,0,0,0,0,0,0,1500,2,3,,POINT (-93.752505532869 41.594526756594)
2014811207,14-3799,08/06/2014,08-August,4-Wednesday,18:15,1800 Hours,District 1 (Central),WEST DES MOINES,POLK,,ASHWORTH RD & 42ND ST,Collision with:  Vehicle in traffic,On Roadway,Broadside (front to side),Ran Traffic Signal,None Indicated,,Daylight,Wet,Rain,None apparent,Intersection:  T-intersection,Paved,,Property Damage Only,0,0,0,0,0,0,4000,2,3,,POINT (-93.76135253042 41.584650640803)
2014811474,2014008422,08/06/2014,08-August,4-Wednesday,18:07,1800 Hours,District 6 (East Central),IOWA CITY,JOHNSON,IA 1,IA 1/N DODGE ST,Collision with:  Vehicle in traffic,On Roadway,"Sideswipe, same direction",Crossed centerline (undivided),None Indicated,,Daylight,Dry,Cloudy,None apparent,Non-intersection:  Non-junction/no special feature,Paved,,Property Damage Only,0,0,0,0,0,0,3500,2,3,,POINT (-91.503504390832 41.683559674416)
2014811494,C14078802,08/06/2014,08-August,4-Wednesday,13:58,1300 Hours,District 2 (Northeast),CEDAR FALLS,BLACK HAWK,IA 27,IA 27,Collision with:  Vehicle in traffic,On Roadway,Rear-end (front to rear),Other (explain in narrative):  Other,None Indicated,,Daylight,Dry,Cloudy,None apparent,Intersection:  Four-way intersection,Paved,,Minor Injury,0,1,0,1,0,0,8500,2,2,,POINT (-92.452739563797 42.499070925416)
2014811826,2014045716,08/06/2014,08-August,4-Wednesday,12:20,1200 Hours,District 6 (East Central),CEDAR RAPIDS,LINN,,16TH AVE SW & EDGEWOOD RD SW,Collision with:  Vehicle in traffic,On Roadway,Rear-end (front to rear),Crossed centerline (undivided),None Indicated,,Daylight,Dry,Cloudy,None apparent,Intersection:  Four-way intersection,Paved,,Property Damage Only,0,0,0,0,0,0,17500,4,7,,POINT (-91.716028919523 41.963581979591)
2014812159,CL14002765,08/06/2014,08-August,4-Wednesday,07:44,0700 Hours,District 6 (East Central),CLINTON,CLINTON,US 30,US 30/LINCOLN WAY & CENTRAL STEEL RD & MILL CREEK PKWY,Collision with:  Vehicle in traffic,On Roadway,"Angle, oncoming left turn",FTYROW:  Making left turn,None Indicated,,Daylight,Dry,Cloudy,Other (explain in narrative),Intersection:  Four-way intersection,Paved,,Property Damage Only,0,0,0,0,0,0,4500,2,2,,POINT (-90.257503947432 41.815418623848)
2014812976,2014045892,08/06/2014,08-August,4-Wednesday,19:17,1900 Hours,District 5 (Southeast),,MAHASKA,IA 163,IA 163/IOWA 163,Collision with:  Vehicle in traffic,On Roadway,Broadside (front to side),FTYROW:  From driveway,Alcohol (Statutory),,Daylight,Wet,Rain,None apparent,Non-intersection:  Driveway access (within),Paved,,Fatal,1,0,0,0,0,0,28000,2,2,,POINT (-92.706396067625 41.324642061095)
2014812960,2014045861,08/06/2014,08-August,4-Wednesday,17:50,1700 Hours,District 1 (Central),,POLK,I-80,I-80,Collision with:  Vehicle in traffic,On Roadway,Rear-end (front to rear),Other (explain in narrative):  Other,None Indicated,,Daylight,Wet,Rain,None apparent,Non-intersection:  Non-junction/no special feature,Paved,,Major Injury,0,2,2,0,0,0,10000,2,5,,POINT (-93.534701464239 41.6581479905)
2014811126,W14-078886,08/06/2014,08-August,4-Wednesday,18:35,1800 Hours,District 2 (Northeast),WATERLOO,BLACK HAWK,US 63,US 63/E MULLAN AVE & CONGER ST & NEWELL ST,Collision with:  Vehicle in traffic,On Roadway,Rear-end (front to rear),Made improper turn,None Indicated,,Daylight,Wet,Clear,Work Zone (roadway-related),Intersection:  Four-way intersection,Paved,Yes,Property Damage Only,0,0,0,0,0,0,5000,2,2,,POINT (-92.33670599667 42.513137588104)
2014811295,01-14-34790,08/06/2014,08-August,4-Wednesday,08:30,0800 Hours,District 6 (East Central),DUBUQUE,DUBUQUE,,LORAS BLVD & GRANDVIEW AVE N,Collision with:  Vehicle in traffic,On Roadway,Rear-end (front to rear),Lost Control,None Indicated,,Daylight,Dry,Cloudy,None apparent,Intersection:  Four-way intersection,Paved,,Property Damage Only,0,0,0,0,0,0,16700,4,5,,POINT (-90.688702088615 42.50032682115)
2014811303,C14002451,08/07/2014,08-August,5-Thursday,11:57,1100 Hours,District 6 (East Central),CORALVILLE,JOHNSON,,E 7TH ST & 1ST AVE,Collision with:  Vehicle in traffic,On Roadway,Rear-end (front to rear),Other (explain in narrative):  Other,None Indicated,,Daylight,Dry,Cloudy,None apparent,Intersection:  T-intersection,Paved,,Property Damage Only,0,0,0,0,0,0,12500,2,4,,POINT (-91.565940718361 41.678924734461)
2014835767,14-05444,08/07/2014,08-August,5-Thursday,13:39,1300 Hours,District 2 (Northeast),OELWEIN,FAYETTE,IA 150,IA 150/1ST AVE SE & 2ND ST SE,Collision with:  Vehicle in traffic,On Roadway,"Sideswipe, same direction",FTYROW:  Other (explain in narrative),None Indicated,,Daylight,Dry,Cloudy,None apparent,Non-intersection:  Non-junction/no special feature,Paved,,Property Damage Only,0,0,0,0,0,0,2000,2,3,,POINT (-91.912009832902 42.675478294376)
2014811277,W14-079198,08/07/2014,08-August,5-Thursday,14:20,1400 Hours,District 2 (Northeast),WATERLOO,BLACK HAWK,US 63,US 63/E MULLAN AVE,Collision with:  Vehicle in traffic,On Roadway,Rear-end (front to rear),Followed too close,None Indicated,,Daylight,Wet,Cloudy,"Surface condition (e.g., wet, icy)",Non-intersection:  Non-junction/no special feature,Paved,,Property Damage Only,0,0,0,0,0,0,2000,2,3,,POINT (-92.336689494843 42.51009352893)
2014811205,14-3808,08/07/2014,08-August,5-Thursday,12:20,1200 Hours,District 1 (Central),WEST DES MOINES,POLK,,22ND ST,Collision with:  Vehicle in traffic,On Roadway,Rear-end (front to rear),Driving too fast for conditions,None Indicated,,Daylight,Wet,Rain,"Surface condition (e.g., wet, icy)",Intersection:  Four-way intersection,Paved,,Property Damage Only,0,0,0,0,0,0,2700,2,2,,POINT (-93.736018005802 41.595471163723)
2014811311,14016599,08/07/2014,08-August,5-Thursday,14:13,1400 Hours,District 6 (East Central),MARION,LINN,US 151,US 151/DUBUQUE RD,Collision with:  Vehicle in traffic,On Roadway,"Sideswipe, same direction",Driver Distraction:  Passenger,None Indicated,,Daylight,Dry,Clear,None apparent,Non-intersection:  Non-junction/no special feature,Paved,,Property Damage Only,0,0,0,0,0,0,3100,2,3,,POINT (-91.54330543709 42.035642373292)
2014812937,CL14002783,08/07/2014,08-August,5-Thursday,12:00,1200 Hours,District 6 (East Central),CLINTON,CLINTON,,27TH AVE N & ROOSEVELT ST,Collision with fixed object:  Traffic sign support,Roadside,Non-collision (single vehicle),"Operating vehicle in an reckless, erratic, careless, negligent manner",Drug,,Daylight,Dry,Clear,None apparent,Intersection:  T-intersection,Paved,,Property Damage Only,0,0,0,0,0,0,1600,1,1,,POINT (-90.17727082737 41.876135197674)
2014811476,2014008442,08/07/2014,08-August,5-Thursday,12:05,1200 Hours,District 6 (East Central),IOWA CITY,JOHNSON,,W BENTON ST & MORMON TREK BLVD,Collision with:  Vehicle in traffic,On Roadway,"Sideswipe, opposite direction",Made improper turn,None Indicated,,Daylight,Dry,Cloudy,None apparent,Intersection:  T-intersection,Paved,,Property Damage Only,0,0,0,0,0,0,6100,2,3,,POINT (-91.574011924388 41.649635774052)
2014811551,01-14-35033,08/07/2014,08-August,5-Thursday,17:58,1700 Hours,District 6 (East Central),DUBUQUE,DUBUQUE,,KAUFMANN AVE,Collision with:  Vehicle in traffic,On Roadway,"Sideswipe, same direction",Lost Control,None Indicated,,Daylight,Dry,Cloudy,None apparent,Non-intersection:  Non-junction/no special feature,Paved,,Property Damage Only,0,0,0,0,0,0,5500,2,1,,POINT (-90.702162389114 42.514258557413)
2014811341,20140022823,08/07/2014,08-August,5-Thursday,13:47,1300 Hours,District 1 (Central),DES MOINES,POLK,,E PARK AVE & INDIANOLA AVE,Collision with:  Vehicle in traffic,On Roadway,Broadside (front to side),Ran Traffic Signal,None Indicated,,Daylight,Wet,Rain,None apparent,Intersection:  Four-way intersection,Paved,,Property Damage Only,0,0,0,0,0,0,4000,2,2,,POINT (-93.598727464958 41.555339064498)
2014816005,H14070712,08/07/2014,08-August,5-Thursday,07:00,0700 Hours,District 2 (Northeast),,FRANKLIN,,HEATHER AVE,Collision with:  Animal,,,Animal,None Indicated,,,,,,,Unpaved,,Property Damage Only,0,0,0,0,0,0,3000,1,1,,POINT (-93.360005626553 42.784120191501)
2014815053,14079170,08/07/2014,08-August,5-Thursday,12:12,1200 Hours,District 2 (Northeast),CEDAR FALLS,BLACK HAWK,,11TH ST,Non-collision events:  Other non-collision (explain in narrative),On Roadway,Non-collision (single vehicle),Exceeded authorized speed,None Indicated,,Daylight,Dry,Cloudy,None apparent,Non-intersection:  Non-junction/no special feature,Paved,,Possible/Unknown,0,1,0,0,1,0,2000,1,1,,POINT (-92.455269500158 42.528676108445)
2014811774,14-000914,08/07/2014,08-August,5-Thursday,12:13,1200 Hours,District 1 (Central),JOHNSTON,POLK,,MERLE HAY RD,Collision with:  Vehicle in traffic,On Roadway,Rear-end (front to rear),FTYROW:  Other (explain in narrative),None Indicated,,Daylight,Wet,Rain,None apparent,Non-intersection:  Non-junction/no special feature,Paved,,Property Damage Only,0,0,0,0,0,0,3000,2,4,,POINT (-93.697718404406 41.654571885423)
2014811220,2014-55022,08/07/2014,08-August,5-Thursday,10:14,1000 Hours,District 6 (East Central),DAVENPORT,SCOTT,,W CENTRAL PARK AVE & DITTMER ST,Collision with:  Vehicle in traffic,On Roadway,Broadside (front to side),FTYROW:  Making left turn,None Indicated,,Daylight,Dry,Cloudy,None apparent,Intersection:  T-intersection,Paved,,Possible/Unknown,0,1,0,0,1,0,3000,2,3,,POINT (-90.621672257883 41.545428020184)
2014811278,080714-200,08/07/2014,08-August,5-Thursday,18:00,1800 Hours,District 3 (Northwest),,BUENA VISTA,,200TH AVE & 640TH ST,Collision with:  Vehicle in traffic,On Roadway,Broadside (front to side),Ran Stop Sign,None Indicated,,Daylight,Wet,Rain,None apparent,Intersection:  Four-way intersection,Unpaved,,Possible/Unknown,0,4,0,0,4,0,10000,2,5,,POINT (-95.013103037111 42.589767774408)
2014811348,20140022866,08/07/2014,08-August,5-Thursday,19:15,1900 Hours,District 1 (Central),DES MOINES,POLK,,CAPITOL AVE & E 21ST ST,Collision with:  Vehicle in traffic,On Roadway,"Sideswipe, opposite direction",FTYROW:  Making left turn,None Indicated,,Daylight,Dry,Cloudy,None apparent,Intersection:  Four-way intersection,Paved,,Property Damage Only,0,0,0,0,0,0,2500,2,3,,POINT (-93.579973487441 41.594310609125)
2014811676,14-1742,08/07/2014,08-August,5-Thursday,13:45,1300 Hours,District 1 (Central),URBANDALE,POLK,,MADISON AVE,Collision with:  Parked motor vehicle,On Roadway,Broadside (front to side),Driving too fast for conditions,None Indicated,,Daylight,Wet,Rain,None apparent,Non-intersection:  Non-junction/no special feature,Paved,,Property Damage Only,0,0,0,0,0,0,16500,3,2,,POINT (-93.721555862798 41.630699891442)
2014811347,20140022860,08/07/2014,08-August,5-Thursday,18:30,1800 Hours,District 1 (Central),DES MOINES,POLK,,HUBBELL AVE,Collision with:  Vehicle in traffic,On Roadway,Rear-end (front to rear),Other (explain in narrative):  Other,None Indicated,,Daylight,Dry,Cloudy,None apparent,Non-intersection:  Non-junction/no special feature,Paved,,Possible/Unknown,0,1,0,0,1,0,5500,2,4,,POINT (-93.570623526553 41.607598040367)
2014811321,14-5231,08/07/2014,08-August,5-Thursday,12:34,1200 Hours,District 1 (Central),ANKENY,POLK,US 69,US 69/NE 14TH ST/N ANKENY BLVD & NE 118TH AVE & NE 54TH ST,Collision with:  Vehicle in traffic,On Roadway,Rear-end (front to rear),"Operating vehicle in an reckless, erratic, careless, negligent manner",None Indicated,,Daylight,Wet,Rain,None apparent,Intersection:  Four-way intersection,Paved,,Possible/Unknown,0,1,0,0,1,0,4500,2,3,,POINT (-93.600542184093 41.776806036376)
2014812879,14-25546,08/07/2014,08-August,5-Thursday,14:06,1400 Hours,District 3 (Northwest),SIOUX CITY,WOODBURY,,3RD ST & NEBRASKA ST,Collision with:  Vehicle in traffic,On Roadway,Broadside (front to side),Ran Traffic Signal,None Indicated,,Daylight,Wet,Rain,None apparent,Intersection:  Four-way intersection,Paved,,Possible/Unknown,0,2,0,0,2,0,1800,2,4,,POINT (-96.40345338025 42.493092327391)
2014814605,14079205,08/07/2014,08-August,5-Thursday,15:07,1500 Hours,District 2 (Northeast),CEDAR FALLS,BLACK HAWK,,N FRONTAGE RD & HOLIDAY RD,Non-collision events:  Other non-collision (explain in narrative),Shoulder,Non-collision (single vehicle),Ran off road - right,None Indicated,,Daylight,Dry,Clear,None apparent,Intersection:  Four-way intersection,Paved,,Property Damage Only,0,0,0,0,0,0,10000,1,2,,POINT (-92.43329611998 42.513385760503)
2014811294,142330,08/07/2014,08-August,5-Thursday,16:00,1600 Hours,District 3 (Northwest),DENISON,CRAWFORD,US 30,US 30 & US 59,Collision with:  Vehicle in traffic,On Roadway,Rear-end (front to rear),Followed too close,None Indicated,,Daylight,Wet,Cloudy,None apparent,Non-intersection:  Non-junction/no special feature,Paved,,Property Damage Only,0,0,0,0,0,0,2000,2,2,,POINT (-95.367219727001 42.004700563506)
2014814445,2014046036,08/07/2014,08-August,5-Thursday,13:50,1300 Hours,District 1 (Central),DES MOINES,POLK,I-35,I-35 & I-80,Non-collision events:  Other non-collision (explain in narrative),Shoulder,Non-collision (single vehicle),Driving too fast for conditions,None Indicated,,Daylight,Wet,Rain,"Surface condition (e.g., wet, icy)",Interchange-related:  On-ramp merge area,Paved,,Property Damage Only,0,0,0,0,0,0,2000,1,1,,POINT (-93.575388164724 41.652168918234)