Iowa DOT Case Number,Law Enforcement Case Number,Date of Crash,Month of Crash,Day of Week,Time of Crash,Hour,DOT District,City Name,County Name,Route with System,Location Description,First Harmful Event,Location of First Harmful Event,Manner of Crash/Collision,Major Cause,Drug or Alcohol ,Environmental Conditions,Light Conditions,Surface Conditions,Weather Conditions,Roadway Contribution,Roadway Type,Roadway Surface,Work Zone,Crash Severity,Number of Fatalities,Number of Injuries,Number of Major Injuries,Number of Minor Injuries,Number of Possible Injuries,Number of Unknown Injuries,Amount of Property Damage,Number of Vehicles Involved,Total Number of Occupants,Travel Direction,Location
2014812978,2014046019,08/07/2014,08-August,5-Thursday,13:08,1300 Hours,District 4 (Southwest),,POTTAWATTAMIE,I-80,I-80,Collision with:  Vehicle in traffic,On Roadway,"Sideswipe, same direction",Swerving/Evasive Action,None Indicated,,Daylight,Wet,Rain,None apparent,Non-intersection:  Non-junction/no special feature,Paved,,Property Damage Only,0,0,0,0,0,0,10500,2,3,,POINT (-95.486636320742 41.498941308394)
2014811353,14-3819,08/07/2014,08-August,5-Thursday,18:45,1800 Hours,District 1 (Central),WEST DES MOINES,POLK,,14TH ST,Collision with:  Parked motor vehicle,On Roadway,Broadside (front to side),Other (explain in narrative):  Other,None Indicated,,Daylight,Dry,Cloudy,None apparent,Non-intersection:  Non-junction/no special feature,Paved,,Property Damage Only,0,0,0,0,0,0,2000,2,1,,POINT (-93.722765674274 41.583143282317)
2014813203,,08/07/2014,08-August,5-Thursday,17:06,1700 Hours,District 1 (Central),TAMA,TAMA,US 63,US 63/HARDING ST,Collision with:  Non-motorist (see non-motorist section - NOT a unit),On Roadway,Non-collision (single vehicle),Other (explain in narrative):  No improper action,None Indicated,,Daylight,Dry,Clear,None apparent,Non-intersection:  Non-junction/no special feature,Paved,,Minor Injury,0,1,0,1,0,0,500,1,1,,POINT (-92.581664436658 41.977115366444)
2014811343,20140022826,08/07/2014,08-August,5-Thursday,13:28,1300 Hours,District 1 (Central),DES MOINES,POLK,,CAPITOL AVE & E 18TH ST,Collision with:  Vehicle in traffic,On Roadway,Broadside (front to side),FTYROW:  From stop sign,None Indicated,,Daylight,Wet,Rain,None apparent,Intersection:  Four-way intersection,Paved,,Property Damage Only,0,0,0,0,0,0,4500,2,3,,POINT (-93.587114041237 41.594454510967)
2014811381,14-25537,08/07/2014,08-August,5-Thursday,13:44,1300 Hours,District 3 (Northwest),SIOUX CITY,WOODBURY,,SERGEANT RD & S LAKEPORT ST,Collision with:  Vehicle in traffic,On Roadway,Rear-end (front to rear),Other (explain in narrative):  Other,None Indicated,,Daylight,Wet,Rain,None apparent,Intersection:  Four-way intersection,Paved,,Property Damage Only,0,0,0,0,0,0,3000,2,3,,POINT (-96.346453910235 42.447327751355)
2014813045,PD1406766,08/07/2014,08-August,5-Thursday,14:49,1400 Hours,District 5 (Southeast),FAIRFIELD,JEFFERSON,,N 6TH ST,Collision with:  Parked motor vehicle,On Roadway,"Sideswipe, same direction",Made improper turn,None Indicated,,Daylight,Wet,Rain,None apparent,Intersection:  Four-way intersection,Paved,,Property Damage Only,0,0,0,0,0,0,2200,2,1,,POINT (-91.970522608886 41.010148461948)
2014811695,14-033277,08/07/2014,08-August,5-Thursday,21:00,2100 Hours,District 4 (Southwest),COUNCIL BLUFFS,POTTAWATTAMIE,,4TH AVE,Unknown,Outside trafficway,Unknown,Unknown,None Indicated,,Unknown,Unknown,Unknown,Unknown,Non-intersection:  Non-junction/no special feature,Paved,,Property Damage Only,0,0,0,0,0,0,9000,2,1,,POINT (-95.865875615848 41.257849556059)
2014811724,2014-55095,08/07/2014,08-August,5-Thursday,17:08,1700 Hours,District 6 (East Central),DAVENPORT,SCOTT,,COLLEGE AVE,Collision with:  Non-motorist (see non-motorist section - NOT a unit),On Roadway,Non-collision (single vehicle),Other (explain in narrative):  Vision obstructed,None Indicated,,Daylight,Dry,Clear,None apparent,Non-intersection:  Non-junction/no special feature,Paved,,Minor Injury,0,1,0,1,0,0,500,1,2,,POINT (-90.556508313651 41.535099675948)
2014811378,14-25520,08/07/2014,08-August,5-Thursday,10:43,1000 Hours,District 3 (Northwest),SIOUX CITY,WOODBURY,,7TH ST & PIERCE ST,Collision with:  Vehicle in traffic,On Roadway,Broadside (front to side),Ran Traffic Signal,None Indicated,,Daylight,Wet,Rain,None apparent,Intersection:  Four-way intersection,Paved,,Property Damage Only,0,0,0,0,0,0,4900,2,2,,POINT (-96.404991439792 42.497440775612)
2014816341,14-11926,08/07/2014,08-August,5-Thursday,13:35,1300 Hours,District 6 (East Central),BELLEVUE,JACKSON,US 52,US 52/GREAT RIVER RD,Collision with fixed object:  Bridge pier or support,On Roadway,Non-collision (single vehicle),Ran off road - left,None Indicated,,Daylight,Dry,Clear,None apparent,Non-intersection:  Non-junction/no special feature,Paved,,Possible/Unknown,0,1,0,0,1,0,9000,1,1,,POINT (-90.395107409488 42.224310401646)
2014811775,14-000915,08/07/2014,08-August,5-Thursday,12:34,1200 Hours,District 1 (Central),JOHNSTON,POLK,,PIONEER PKWY & NW 62ND AVE,Collision with:  Vehicle in traffic,On Roadway,"Sideswipe, same direction",FTYROW:  From yield sign,None Indicated,,Daylight,Wet,Rain,None apparent,Intersection:  Other intersection (explain in narrative),Paved,,Property Damage Only,0,0,0,0,0,0,5000,2,2,,POINT (-93.712100755588 41.672605995104)
2014811517,,08/07/2014,08-August,5-Thursday,05:15,0500 Hours,District 4 (Southwest),,ADAIR,,Co Rd P33/HENRY A WALLACE RD,Collision with:  Animal,On Roadway,Non-collision (single vehicle),Animal,None Indicated,,Dark - roadway not lighted,Dry,"Fog, smoke, smog",,Non-intersection:  Non-junction/no special feature,Paved,,Property Damage Only,0,0,0,0,0,0,5210,1,1,,POINT (-94.357029517891 41.175175073455)
2014811275,14011129,08/07/2014,08-August,5-Thursday,11:11,1100 Hours,District 5 (Southeast),CENTERVILLE,APPANOOSE,,W JACKSON ST & N 12TH ST,Unknown,On Roadway,Rear-end (front to rear),Swerving/Evasive Action,None Indicated,,Daylight,Dry,Clear,None apparent,Non-intersection:  Non-junction/no special feature,Paved,,Property Damage Only,0,0,0,0,0,0,2000,2,2,,POINT (-92.875081808178 40.733588079301)
2014811623,14-005499,08/07/2014,08-August,5-Thursday,22:15,2200 Hours,District 3 (Northwest),,MONONA,I-29,I-29,Collision with:  Vehicle in traffic,On Roadway,Rear-end (front to rear),Other (explain in narrative):  Other,None Indicated,,Dark - roadway not lighted,Wet,Cloudy,None apparent,Non-intersection:  Non-junction/no special feature,Paved,,Property Damage Only,0,0,0,0,0,0,6000,2,4,,POINT (-96.135255979509 42.030260795808)
2014816378,,08/07/2014,08-August,5-Thursday,22:19,2200 Hours,District 2 (Northeast),,WINNESHIEK,IA 9,IA 9/IOWA 9,Collision with:  Animal,On Roadway,Non-collision (single vehicle),Animal,None Indicated,,Dark - roadway not lighted,Dry,Clear,None apparent,Non-intersection:  Non-junction/no special feature,Paved,,Property Damage Only,0,0,0,0,0,0,2000,1,2,,POINT (-92.051192610415 43.346461506759)
2014811292,142326,08/07/2014,08-August,5-Thursday,11:28,1100 Hours,District 3 (Northwest),DENISON,CRAWFORD,,S 11TH ST,Collision with:  Vehicle in traffic,On Roadway,Broadside (front to side),FTYROW:  From parked position,None Indicated,,Daylight,Wet,Rain,None apparent,Non-intersection:  Driveway access (within),Paved,,Property Damage Only,0,0,0,0,0,0,3700,2,2,,POINT (-95.358355959498 42.012186851085)
2014813169,2014045999,08/07/2014,08-August,5-Thursday,11:30,1100 Hours,District 1 (Central),DIKE,GRUNDY,US 20,US 20,Collision with:  Animal,On Roadway,Non-collision (single vehicle),Animal,None Indicated,,Daylight,Dry,Cloudy,None apparent,Non-intersection:  Non-junction/no special feature,Paved,,Property Damage Only,0,0,0,0,0,0,1500,1,2,,POINT (-92.623587680955 42.460142471313)
2014811276,W14-079194,08/07/2014,08-August,5-Thursday,13:59,1300 Hours,District 2 (Northeast),WATERLOO,BLACK HAWK,,E 9TH ST & FRANKLIN ST,Collision with:  Vehicle in traffic,On Roadway,"Angle, oncoming left turn",FTYROW:  Making left turn,None Indicated,,Daylight,Dry,Cloudy,None apparent,Intersection:  Four-way intersection,Paved,,Property Damage Only,0,0,0,0,0,0,7000,2,3,,POINT (-92.327857862525 42.497082697919)
2014811379,14-25521,08/07/2014,08-August,5-Thursday,11:09,1100 Hours,District 3 (Northwest),SIOUX CITY,WOODBURY,,13TH ST & NEBRASKA ST,Collision with:  Vehicle in traffic,On Roadway,"Sideswipe, same direction",FTYROW:  Making left turn,None Indicated,,Daylight,Wet,Rain,None apparent,Intersection:  Four-way intersection,Paved,,Possible/Unknown,0,3,0,0,3,0,3700,2,5,,POINT (-96.403559511844 42.504011604246)
2014811345,20140022853,08/07/2014,08-August,5-Thursday,17:35,1700 Hours,District 1 (Central),DES MOINES,POLK,US 69,US 69/E 14TH ST & E WALNUT ST,Collision with:  Vehicle in traffic,On Roadway,Rear-end (front to rear),Followed too close,None Indicated,,Daylight,Dry,Cloudy,None apparent,Non-intersection:  Non-junction/no special feature,Paved,,Property Damage Only,0,0,0,0,0,0,3500,2,3,,POINT (-93.597199960531 41.59130406768)
2014812977,2014046014,08/07/2014,08-August,5-Thursday,13:00,1300 Hours,District 6 (East Central),,CEDAR,I-80,I-80,Collision with:  Vehicle in traffic,On Roadway,"Sideswipe, same direction",FTYROW:  Other (explain in narrative),None Indicated,,Daylight,Dry,Clear,None apparent,Non-intersection:  Non-junction/no special feature,Paved,,Property Damage Only,0,0,0,0,0,0,1500,2,3,,POINT (-91.029045705914 41.634636899116)
2014811125,W14-079032,08/07/2014,08-August,5-Thursday,01:06,0100 Hours,District 2 (Northeast),WATERLOO,BLACK HAWK,,CONGER ST,Collision with:  Parked motor vehicle,On Roadway,Unknown,Driver Distraction:  Inattentive/lost in thought,None Indicated,,Dark - roadway not lighted,Dry,Clear,None apparent,Non-intersection:  Non-junction/no special feature,Paved,,Property Damage Only,0,0,0,0,0,0,10000,2,1,,POINT (-92.353891954011 42.512173083445)
2014811206,14-3812,08/07/2014,08-August,5-Thursday,13:21,1300 Hours,District 1 (Central),WEST DES MOINES,POLK,I-235,I-235,Collision with:  Vehicle in traffic,On Roadway,Rear-end (front to rear),Unknown,None Indicated,,Daylight,Wet,Rain,None apparent,Non-intersection:  Non-junction/no special feature,Paved,,Property Damage Only,0,0,0,0,0,0,8500,2,2,,POINT (-93.758766433476 41.592269831032)
2014811350,20140022820,08/07/2014,08-August,5-Thursday,12:13,1200 Hours,District 1 (Central),DES MOINES,POLK,,E PARK AVE,Collision with:  Vehicle in traffic,On Roadway,"Angle, oncoming left turn",FTYROW:  From driveway,None Indicated,,Daylight,Wet,Rain,None apparent,Non-intersection:  Driveway access (within),Paved,,Property Damage Only,0,0,0,0,0,0,4200,2,2,,POINT (-93.594182150261 41.555281575932)
2014812900,201402754,08/07/2014,08-August,5-Thursday,17:01,1700 Hours,District 6 (East Central),,LINN,US 151,US 151 & BERTRAM RD,Collision with:  Vehicle in traffic,On Roadway,Broadside (front to side),FTYROW:  From stop sign,None Indicated,,Daylight,Dry,Cloudy,None apparent,Intersection:  T-intersection,Paved,,Major Injury,0,3,1,1,1,0,16000,2,3,,POINT (-91.554783756034 41.958756047165)
2014811783,2014-16122,08/07/2014,08-August,5-Thursday,14:03,1400 Hours,District 6 (East Central),DAVENPORT,SCOTT,,W COLUMBIA AVE & FAIRMOUNT ST,Collision with:  Vehicle in traffic,On Roadway,Rear-end (front to rear),Other (explain in narrative):  Other,None Indicated,,Daylight,Dry,Cloudy,None apparent,Intersection:  T-intersection,Paved,,Possible/Unknown,0,2,0,0,2,0,1500,2,2,,POINT (-90.62969497878 41.546674533135)
2014811326,20140022801,08/07/2014,08-August,5-Thursday,09:18,0900 Hours,District 1 (Central),DES MOINES,POLK,,SW 3RD ST & W MLK JR PKWY,Collision with:  Vehicle in traffic,On Roadway,Broadside (front to side),Ran Traffic Signal,None Indicated,,Daylight,Wet,Rain,None apparent,Intersection:  Four-way intersection,Paved,,Possible/Unknown,0,1,0,0,1,0,6000,2,2,,POINT (-93.619297645289 41.582206927618)
2014811127,W14-079168,08/07/2014,08-August,5-Thursday,12:00,1200 Hours,District 2 (Northeast),WATERLOO,BLACK HAWK,,W SAN MARNAN DR & E SAN MARNAN DR & KIMBALL AVE,Collision with:  Vehicle in traffic,On Roadway,Rear-end (front to rear),Other (explain in narrative):  Other,None Indicated,,Daylight,Dry,Cloudy,Work Zone (roadway-related),Non-intersection:  Other non-intersection (explain in narrative),Paved,Yes,Major Injury,0,1,1,0,0,0,2000,2,4,,POINT (-92.356618857385 42.457531905325)
2014811496,2014046109,08/07/2014,08-August,5-Thursday,18:30,1800 Hours,District 4 (Southwest),,POTTAWATTAMIE,I-680,I-680,Non-collision events:  Overturn/rollover,On Roadway,Non-collision (single vehicle),Lost Control,None Indicated,,Daylight,Wet,Rain,"Surface condition (e.g., wet, icy)",Non-intersection:  Non-junction/no special feature,Paved,,Minor Injury,0,1,0,1,0,0,10000,1,1,,POINT (-95.738163145137 41.498988412838)
2014811906,14-15065,08/07/2014,08-August,5-Thursday,13:20,1300 Hours,District 6 (East Central),BETTENDORF,SCOTT,,23RD ST,Collision with:  Vehicle in traffic,On Roadway,"Sideswipe, same direction",Swerving/Evasive Action,None Indicated,,Daylight,Dry,Clear,None apparent,Non-intersection:  Non-junction/no special feature,Paved,,Property Damage Only,0,0,0,0,0,0,3000,2,3,,POINT (-90.498404113242 41.544260975024)
2014811330,20140022794,08/07/2014,08-August,5-Thursday,08:32,0800 Hours,District 1 (Central),DES MOINES,POLK,,E 30TH ST,Collision with:  Vehicle in traffic,On Roadway,"Angle, oncoming left turn",FTYROW:  Other (explain in narrative),None Indicated,,Daylight,Wet,Cloudy,None apparent,Non-intersection:  Non-junction/no special feature,Paved,,Property Damage Only,0,0,0,0,0,0,2000,2,2,,POINT (-93.558376871697 41.593048423024)
2014811181,14-5218,08/07/2014,08-August,5-Thursday,07:22,0700 Hours,District 1 (Central),GRIMES,POLK,I-35,I-35 & IA 141/IOWA 141,Collision with:  Vehicle in traffic,On Roadway,Rear-end (front to rear),Followed too close,None Indicated,,Daylight,Dry,Cloudy,None apparent,Intersection:  Four-way intersection,Paved,,Property Damage Only,0,0,0,0,0,0,3000,2,2,,POINT (-93.775051156974 41.650662735493)
2014812267,2014002748,08/07/2014,08-August,5-Thursday,09:10,0900 Hours,District 6 (East Central),,LINN,,PRAIRIE CHAPEL RD,Non-collision events:  Overturn/rollover,Roadside,Non-collision (single vehicle),Driving too fast for conditions,None Indicated,,Daylight,Dry,Cloudy,None apparent,Non-intersection:  Non-junction/no special feature,Unpaved,,Property Damage Only,0,0,0,0,0,0,5000,1,2,,POINT (-91.471934604131 42.107529512484)
2014811742,140801355,08/07/2014,08-August,5-Thursday,14:57,1400 Hours,District 1 (Central),AMES,STORY,,S MAPLE AVE,Collision with:  Non-motorist (see non-motorist section - NOT a unit),On Roadway,Non-collision (single vehicle),Unknown,None Indicated,,Daylight,Wet,Rain,None apparent,Non-intersection:  Non-junction/no special feature,Paved,,Minor Injury,0,1,0,1,0,0,200,1,2,,POINT (-93.625241708816 42.02236986329)
2014812361,14011533,08/07/2014,08-August,5-Thursday,03:10,0300 Hours,District 6 (East Central),,CEDAR,US 30,US 30 & TAYLOR AVE,Collision with:  Animal,,,Animal,None Indicated,,,,,,,Paved,,Property Damage Only,0,0,0,0,0,0,1500,1,1,,POINT (-90.995581086413 41.877870795329)
2014811309,14016602,08/07/2014,08-August,5-Thursday,14:59,1400 Hours,District 6 (East Central),MARION,LINN,,25TH AVE & 24TH ST,Collision with:  Vehicle in traffic,On Roadway,"Sideswipe, opposite direction",Driver Distraction:  Manual operation of an electronic communication device,None Indicated,,Daylight,Dry,Clear,None apparent,Non-intersection:  Non-junction/no special feature,Paved,,Property Damage Only,0,0,0,0,0,0,5500,2,2,,POINT (-91.587515055527 42.047416911314)
2014811357,14-033127,08/07/2014,08-August,5-Thursday,16:07,1600 Hours,District 4 (Southwest),COUNCIL BLUFFS,POTTAWATTAMIE,IA 192,IA 192/S 7TH ST,Collision with:  Parked motor vehicle,On Roadway,"Sideswipe, same direction",Unknown,None Indicated,,Daylight,Wet,Rain,None apparent,Non-intersection:  Non-junction/no special feature,Paved,,Property Damage Only,0,0,0,0,0,0,2100,2,5,,POINT (-95.85462071061 41.258120376947)
2014811931,E14-79088,08/07/2014,08-August,5-Thursday,07:05,0700 Hours,District 2 (Northeast),EVANSDALE,BLACK HAWK,,CENTRAL AVE & EVANS RD,Collision with:  Vehicle in traffic,On Roadway,Broadside (front to side),Ran Stop Sign,None Indicated,,Daylight,Dry,Clear,None apparent,Intersection:  Four-way intersection,Paved,,Minor Injury,0,3,0,2,1,0,10000,2,6,,POINT (-92.287734609821 42.469138379479)
2014811327,20140022816,08/07/2014,08-August,5-Thursday,11:58,1100 Hours,District 1 (Central),DES MOINES,POLK,,E GRAND AVE & E 6TH ST,Collision with:  Vehicle in traffic,On Roadway,Rear-end (front to rear),Followed too close,None Indicated,,Daylight,Wet,Rain,None apparent,Intersection:  Four-way intersection,Paved,,Property Damage Only,0,0,0,0,0,0,1500,2,2,,POINT (-93.610202117495 41.590893518014)
2014812067,2014-55148,08/07/2014,08-August,5-Thursday,21:11,2100 Hours,District 6 (East Central),DAVENPORT,SCOTT,US 67,US 67/E RIVER DR & FEDERAL ST,Collision with:  Vehicle in traffic,On Roadway,Rear-end (front to rear),Other (explain in narrative):  Other,None Indicated,,Dark - roadway lighted,Dry,Cloudy,None apparent,Intersection:  T-intersection,Paved,,Property Damage Only,0,0,0,0,0,0,1500,2,2,,POINT (-90.562520523375 41.524383624715)
2014811336,20140022876,08/07/2014,08-August,5-Thursday,21:45,2100 Hours,District 1 (Central),DES MOINES,POLK,,HUBBELL AVE,Collision with:  Vehicle in traffic,On Roadway,Rear-end (front to rear),Lost Control,None Indicated,,Dark - roadway lighted,Dry,Clear,None apparent,Non-intersection:  Railroad grade crossing,Paved,,Property Damage Only,0,0,0,0,0,0,3000,2,4,,POINT (-93.583043966812 41.598177201769)
2014811518,,08/07/2014,08-August,5-Thursday,21:23,2100 Hours,District 5 (Southeast),,HENRY,,Co Rd H46/OAKLAND MILLS RD,Collision with:  Animal,On Roadway,Non-collision (single vehicle),Animal,None Indicated,,Dark - roadway not lighted,Dry,Clear,,Non-intersection:  Non-junction/no special feature,Paved,,Property Damage Only,0,0,0,0,0,0,4500,1,1,,POINT (-91.58245469266 40.938622723894)
2014814063,AC14-049,08/07/2014,08-August,5-Thursday,17:25,1700 Hours,District 4 (Southwest),HARLAN,SHELBY,,DURANT ST & 6TH ST,Collision with:  Vehicle in traffic,On Roadway,Broadside (front to side),Ran Stop Sign,None Indicated,,Daylight,Wet,Rain,None apparent,Intersection:  Four-way intersection,Paved,,Property Damage Only,0,0,0,0,0,0,3500,2,2,,POINT (-95.317728811904 41.656787423114)
2014812154,CL14002784,08/07/2014,08-August,5-Thursday,15:03,1500 Hours,District 6 (East Central),CLINTON,CLINTON,,MANUFACTURING DR & S 21ST ST,Collision with:  Vehicle in traffic,On Roadway,Broadside (front to side),FTYROW:  From stop sign,None Indicated,,Daylight,Dry,Clear,None apparent,Intersection:  Four-way intersection,Paved,,Property Damage Only,0,0,0,0,0,0,5000,2,3,,POINT (-90.235673009245 41.826170177432)
2014812066,2014-55033,08/07/2014,08-August,5-Thursday,12:04,1200 Hours,District 6 (East Central),DAVENPORT,SCOTT,,W 16TH ST & WASHINGTON ST,Collision with:  Vehicle in traffic,On Roadway,Head-on (front to front),FTYROW:  From parked position,None Indicated,,Daylight,Dry,Cloudy,None apparent,Non-intersection:  Non-junction/no special feature,Paved,,Property Damage Only,0,0,0,0,0,0,3500,2,3,,POINT (-90.596204408792 41.535837706594)
2014815025,110-2014,08/07/2014,08-August,5-Thursday,10:06,1000 Hours,District 4 (Southwest),,HARRISON,,Co Rd F20/EASTON TRL,Collision with:  Vehicle in traffic,On Roadway,"Sideswipe, opposite direction",Crossed centerline (undivided),None Indicated,,Daylight,Wet,Rain,None apparent,Non-intersection:  Non-junction/no special feature,Paved,,Possible/Unknown,0,1,0,0,1,0,8500,2,2,,POINT (-95.972277757271 41.844946103722)
2014812153,14007143,08/07/2014,08-August,5-Thursday,14:51,1400 Hours,District 6 (East Central),,BUCHANAN,,150TH ST,Collision with:  Vehicle in traffic,On Roadway,Rear-end (front to rear),Followed too close,None Indicated,,Daylight,Dry,Clear,None apparent,Non-intersection:  Non-junction/no special feature,Unpaved,,Possible/Unknown,0,1,0,0,1,0,25500,2,4,,POINT (-91.873114764804 42.57065599601)
2014811728,HR2014-55088,08/07/2014,08-August,5-Thursday,16:50,1600 Hours,District 6 (East Central),DAVENPORT,SCOTT,US 6,US 6/W KIMBERLY RD & GAINES ST,Collision with:  Vehicle in traffic,On Roadway,Rear-end (front to rear),Unknown,None Indicated,,Daylight,Dry,Cloudy,None apparent,Intersection:  Four-way intersection,Paved,,Property Damage Only,0,0,0,0,0,0,5000,2,3,,POINT (-90.583145710156 41.560106288727)
2014811912,2014-16838,08/07/2014,08-August,5-Thursday,12:05,1200 Hours,District 5 (Southeast),,WARREN,IA 92,IA 92/IOWA 92,Collision with:  Animal,,,Animal,None Indicated,,,,,,,Paved,,Property Damage Only,0,0,0,0,0,0,3000,1,1,,POINT (-93.514940772138 41.359832226562)
2014811320,SO14001877,08/07/2014,08-August,5-Thursday,20:54,2000 Hours,District 3 (Northwest),,PLYMOUTH,IA 12,IA 12/IOWA 12,Collision with:  Animal,,,Animal,None Indicated,,,,,,,Paved,,Property Damage Only,0,0,0,0,0,0,2000,1,1,,POINT (-96.566855063507 42.684509253738)
2014812273,201402755,08/07/2014,08-August,5-Thursday,17:33,1700 Hours,District 6 (East Central),,LINN,US 151,US 151,Collision with:  Vehicle in traffic,On Roadway,Rear-end (front to rear),Followed too close,None Indicated,,Daylight,Dry,Cloudy,None apparent,Non-intersection:  Non-junction/no special feature,Paved,,Major Injury,0,2,1,0,1,0,20000,2,4,,POINT (-91.544370505989 41.937540404454)
2014814407,14-067,08/07/2014,08-August,5-Thursday,21:05,2100 Hours,District 3 (Northwest),SIOUX CENTER,SIOUX,,6TH ST NW,Collision with:  Vehicle in traffic,On Roadway,Unknown,Unknown,None Indicated,,Dark - roadway lighted,Wet,Cloudy,None apparent,Non-intersection:  Non-junction/no special feature,Unpaved,,Property Damage Only,0,0,0,0,0,0,1500,2,1,,POINT (-96.177716616356 43.083142680867)
2014811510,2014046022,08/07/2014,08-August,5-Thursday,13:01,1300 Hours,District 4 (Southwest),SHELBY,POTTAWATTAMIE,I-80,I-80,Non-collision events:  Overturn/rollover,On Roadway,Non-collision (single vehicle),Ran off road - left,None Indicated,,Daylight,Wet,Rain,None apparent,Non-intersection:  Non-junction/no special feature,Paved,,Property Damage Only,0,0,0,0,0,0,5000,1,1,,POINT (-95.486899657511 41.498935612272)
2014811210,14-001809,08/07/2014,08-August,5-Thursday,07:50,0700 Hours,District 1 (Central),ALTOONA,POLK,,15TH ST SE,Collision with:  Parked motor vehicle,On Roadway,Rear-end (front to rear),Improper Backing,None Indicated,,Daylight,Dry,Cloudy,None apparent,Non-intersection:  Driveway access (within),Paved,,Property Damage Only,0,0,0,0,0,0,2500,2,2,,POINT (-93.454864748816 41.637342785994)
2014811305,201411530,08/07/2014,08-August,5-Thursday,16:05,1600 Hours,District 6 (East Central),CEDAR RAPIDS,LINN,IA 922,IA 922/1ST AVE E & 30TH ST DR SE,Collision with:  Vehicle in traffic,On Roadway,Rear-end (front to rear),Driver Distraction:  Manual operation of an electronic communication device,None Indicated,,Daylight,Dry,Cloudy,None apparent,Non-intersection:  Non-junction/no special feature,Paved,,Possible/Unknown,0,1,0,0,1,0,10500,3,4,,POINT (-91.634883256638 42.007263446925)
2014811909,14-9096,08/07/2014,08-August,5-Thursday,16:07,1600 Hours,District 3 (Northwest),,SIOUX,US 18,US 18/US 75/320TH ST,Collision with:  Vehicle in traffic,On Roadway,Broadside (front to side),FTYROW:  From stop sign,None Indicated,,Daylight,Dry,Cloudy,None apparent,Intersection:  Four-way intersection,Paved,,Property Damage Only,0,0,0,0,0,0,13000,2,6,,POINT (-96.177291372855 43.185718621867)
2014814459,2014045921,08/07/2014,08-August,5-Thursday,07:20,0700 Hours,District 1 (Central),,POLK,I-80,I-80,Collision with:  Vehicle in traffic,On Roadway,Rear-end (front to rear),Followed too close,None Indicated,,Daylight,Dry,Clear,Work Zone (roadway-related),Non-intersection:  Non-junction/no special feature,Paved,Yes,Property Damage Only,0,0,0,0,0,0,6500,3,4,,POINT (-93.524840459871 41.659589549922)
2014811410,14-20468,08/07/2014,08-August,5-Thursday,21:26,2100 Hours,District 1 (Central),NEWTON,JASPER,US 6,US 6/1ST AVE E & E 7TH ST S,Collision with:  Vehicle in traffic,On Roadway,Broadside (front to side),FTYROW:  Making left turn,None Indicated,,Dark - roadway lighted,Dry,Clear,None apparent,Intersection:  T-intersection,Paved,,Major Injury,0,1,1,0,0,0,6000,2,5,,POINT (-93.045429287266 41.699410587159)
2014811803,14-4752,08/07/2014,08-August,5-Thursday,11:50,1100 Hours,District 3 (Northwest),CHEROKEE,CHEROKEE,US 59,US 59/N 2ND ST & HILLCREST ST,Collision with:  Vehicle in traffic,On Roadway,Rear-end (front to rear),Followed too close,None Indicated,,Daylight,Wet,Rain,None apparent,Non-intersection:  Non-junction/no special feature,Paved,,Property Damage Only,0,0,0,0,0,0,16000,3,3,,POINT (-95.551171642219 42.759043625826)
2014811296,01-14-35015,08/07/2014,08-August,5-Thursday,16:07,1600 Hours,District 6 (East Central),DUBUQUE,DUBUQUE,,E 8TH ST & WHITE ST,Collision with:  Vehicle in traffic,On Roadway,"Angle, oncoming left turn",Ran Stop Sign,None Indicated,,Daylight,Dry,Clear,None apparent,Intersection:  Four-way intersection,Paved,,Property Damage Only,0,0,0,0,0,0,2000,2,2,,POINT (-90.664127728766 42.501737431989)
2014811289,14-11912,08/07/2014,08-August,5-Thursday,15:36,1500 Hours,District 3 (Northwest),SPENCER,CLAY,,E 4TH ST & 1ST AVE E,Collision with:  Vehicle in traffic,On Roadway,Broadside (front to side),FTYROW:  From stop sign,None Indicated,,Daylight,Dry,Cloudy,None apparent,Intersection:  Four-way intersection,Paved,,Possible/Unknown,0,1,0,0,1,0,2500,2,2,,POINT (-95.14324499778 43.14138316428)
2014811198,20140022788,08/07/2014,08-August,5-Thursday,06:50,0600 Hours,District 1 (Central),DES MOINES,POLK,I-235,I-235,Collision with:  Vehicle in traffic,On Roadway,Rear-end (front to rear),Followed too close,None Indicated,,Daylight,Wet,Rain,None apparent,Interchange-related:  Off-ramp,Paved,,Property Damage Only,0,0,0,0,0,0,1500,2,4,,POINT (-93.641739711474 41.596405375129)
2014811227,14-2402,08/07/2014,08-August,5-Thursday,05:22,0500 Hours,District 1 (Central),FORT DODGE,WEBSTER,,5TH AVE S & S 15TH ST,Collision with:  Vehicle in traffic,On Roadway,Broadside (front to side),Ran Traffic Signal,None Indicated,,Dark - roadway lighted,Dry,Cloudy,None apparent,Intersection:  Four-way intersection,Paved,,Possible/Unknown,0,1,0,0,1,0,3500,2,2,,POINT (-94.17766271761 42.501035901242)
2014811344,20140022845,08/07/2014,08-August,5-Thursday,16:16,1600 Hours,District 1 (Central),DES MOINES,POLK,,YORK ST,Collision with fixed object:  Tree,Outside trafficway,Non-collision (single vehicle),Ran off road - left,None Indicated,,Daylight,Wet,Cloudy,None apparent,Non-intersection:  Non-junction/no special feature,Paved,,Property Damage Only,0,0,0,0,0,0,6600,1,1,,POINT (-93.601895829118 41.611167554994)