Iowa DOT Case Number,Law Enforcement Case Number,Date of Crash,Month of Crash,Day of Week,Time of Crash,Hour,DOT District,City Name,County Name,Route with System,Location Description,First Harmful Event,Location of First Harmful Event,Manner of Crash/Collision,Major Cause,Drug or Alcohol ,Environmental Conditions,Light Conditions,Surface Conditions,Weather Conditions,Roadway Contribution,Roadway Type,Roadway Surface,Work Zone,Crash Severity,Number of Fatalities,Number of Injuries,Number of Major Injuries,Number of Minor Injuries,Number of Possible Injuries,Number of Unknown Injuries,Amount of Property Damage,Number of Vehicles Involved,Total Number of Occupants,Travel Direction,Location
2014811204,14-3807,08/07/2014,08-August,5-Thursday,11:55,1100 Hours,District 1 (Central),WEST DES MOINES,POLK,,UNIVERSITY AVE,Collision with:  Vehicle in traffic,On Roadway,Rear-end (front to rear),Followed too close,None Indicated,,Daylight,Wet,Rain,Other (explain in narrative),Non-intersection:  Non-junction/no special feature,Paved,,Property Damage Only,0,0,0,0,0,0,8000,2,2,,POINT (-93.785885474229 41.600419311013)
2014815839,2014080701,08/07/2014,08-August,5-Thursday,11:12,1100 Hours,District 4 (Southwest),SHENANDOAH,PAGE,US 59,US 59/FREMONT ST & W THOMAS AVE,Collision with:  Vehicle in traffic,On Roadway,Broadside (front to side),FTYROW:  From stop sign,None Indicated,,Daylight,Dry,Clear,None apparent,Intersection:  T-intersection,Paved,,Property Damage Only,0,0,0,0,0,0,4500,2,6,,POINT (-95.385061930405 40.764927393475)
2014811199,20140022812,08/07/2014,08-August,5-Thursday,11:39,1100 Hours,District 1 (Central),DES MOINES,POLK,,GUTHRIE AVE & DELAWARE AVE,Collision with:  Vehicle in traffic,On Roadway,Rear-end (front to rear),Unknown,None Indicated,,Daylight,Wet,Rain,None apparent,Intersection:  Four-way intersection,Paved,,Property Damage Only,0,0,0,0,0,0,2500,2,3,,POINT (-93.581275461776 41.615047693651)
2014811370,14-003624,08/07/2014,08-August,5-Thursday,08:26,0800 Hours,District 1 (Central),AMES,STORY,US 30,US 30/SE RAMP CURV,Collision with:  Vehicle in traffic,On Roadway,Rear-end (front to rear),Other (explain in narrative):  Other,None Indicated,,Daylight,Dry,Cloudy,None apparent,Non-intersection:  Non-junction/no special feature,Paved,,Property Damage Only,0,0,0,0,0,0,3200,3,3,,POINT (-93.606380532731 42.005205416602)
2014811795,14-27615,08/07/2014,08-August,5-Thursday,12:39,1200 Hours,District 5 (Southeast),BURLINGTON,DES MOINES,US 61,US 61 & AGENCY ST,Collision with:  Vehicle in traffic,On Roadway,"Angle, oncoming left turn",Ran Traffic Signal,None Indicated,,Daylight,Wet,Rain,None apparent,Intersection:  Four-way intersection,Paved,,Property Damage Only,0,0,0,0,0,0,6000,2,3,,POINT (-91.141444514185 40.814850143055)
2014811310,14016603,08/07/2014,08-August,5-Thursday,15:34,1500 Hours,District 6 (East Central),MARION,LINN,,7TH AVE & 7TH ST,Collision with:  Non-motorist (see non-motorist section - NOT a unit),On Roadway,Non-collision (single vehicle),Other (explain in narrative):  No improper action,None Indicated,,Daylight,Dry,Cloudy,None apparent,Intersection:  Four-way intersection,Paved,,Possible/Unknown,0,1,0,0,1,0,300,1,1,,POINT (-91.602783126714 42.033319800987)
2014811288,14004854,08/07/2014,08-August,5-Thursday,08:44,0800 Hours,District 2 (Northeast),,CERRO GORDO,US 18,US 18/NW RAMP/NE RAMP & US 65,Collision with:  Vehicle in traffic,On Roadway,Rear-end (front to rear),Other (explain in narrative):  Other,None Indicated,,Daylight,Dry,Cloudy,None apparent,Interchange-related:  Off-ramp,Paved,,Property Damage Only,0,0,0,0,0,0,2500,2,2,,POINT (-93.20130610896 43.105615594002)
2014811346,20140022854,08/07/2014,08-August,5-Thursday,17:25,1700 Hours,District 1 (Central),DES MOINES,POLK,,MCKINLEY AVE,Collision with:  Vehicle in traffic,On Roadway,"Angle, oncoming left turn",FTYROW:  From driveway,None Indicated,,Daylight,Dry,Cloudy,None apparent,Non-intersection:  Driveway access (within),Paved,,Possible/Unknown,0,3,0,0,3,0,1000,2,5,,POINT (-93.643984839534 41.540980052611)
2014812193,14-164,08/07/2014,08-August,5-Thursday,12:20,1200 Hours,District 2 (Northeast),WAVERLY,BREMER,IA 116,IA 116/4TH ST SW,Collision with:  Vehicle in traffic,On Roadway,Rear-end (front to rear),Followed too close,None Indicated,,Daylight,Dry,Cloudy,None apparent,Intersection:  T-intersection,Paved,,Property Damage Only,0,0,0,0,0,0,4500,2,3,,POINT (-92.475489690612 42.713665574717)
2014830449,201411506,08/07/2014,08-August,5-Thursday,11:37,1100 Hours,District 6 (East Central),CEDAR RAPIDS,LINN,I-380,I-380 & WRIGHT BROTHERS BLVD SW,Collision with:  Vehicle in traffic,On Roadway,Broadside (front to side),Lost Control,None Indicated,,Daylight,Dry,Cloudy,None apparent,Non-intersection:  Non-junction/no special feature,Paved,,Major Injury,0,1,1,0,0,0,13910,3,4,,POINT (-91.673192454175 41.890682429475)
2014814540,20140025425,08/07/2014,08-August,5-Thursday,18:32,1800 Hours,District 1 (Central),DES MOINES,POLK,,PORTER AVE & FLEUR DR,Collision with:  Parked motor vehicle,Outside trafficway,Unknown,Unknown,None Indicated,,Daylight,Unknown,Unknown,Unknown,Non-intersection:  Non-junction/no special feature,Paved,,Property Damage Only,0,0,0,0,0,0,2000,2,1,,POINT (-93.64502814304 41.53376834427)
2014811511,SIOUX RAPIDS,08/07/2014,08-August,5-Thursday,19:13,1900 Hours,District 3 (Northwest),SIOUX RAPIDS,BUENA VISTA,US 71,US 71,Collision with:  Animal,,,Animal,None Indicated,,,,,,,Paved,,Property Damage Only,0,0,0,0,0,0,1500,1,1,,POINT (-95.15316199277 42.886321170265)
2014811509,2014045911,08/07/2014,08-August,5-Thursday,00:50,0000 Hours,District 2 (Northeast),,WORTH,I-35,I-35,Non-collision events:  Other non-collision (explain in narrative),Shoulder,Non-collision (single vehicle),Unknown,None Indicated,,Dark - roadway not lighted,Dry,Cloudy,None apparent,Non-intersection:  Non-junction/no special feature,Paved,,Property Damage Only,0,0,0,0,0,0,10000,1,1,,POINT (-93.348807316166 43.336673624843)
2014811603,14024292,08/07/2014,08-August,5-Thursday,13:29,1300 Hours,District 5 (Southeast),MONTROSE,LEE,US 61,US 61,Collision with:  Animal,,,Animal,None Indicated,,,,,,,Paved,,Property Damage Only,0,0,0,0,0,0,2500,1,1,,POINT (-91.427202471492 40.57211378483)
2014811670,20140022882,08/07/2014,08-August,5-Thursday,22:47,2200 Hours,District 1 (Central),DES MOINES,POLK,,EASTON BLVD & E 39TH ST,Collision with:  Parked motor vehicle,On Roadway,Rear-end (front to rear),Unknown,None Indicated,,Dark - roadway lighted,Dry,Clear,None apparent,Non-intersection:  Non-junction/no special feature,Paved,,Property Damage Only,0,0,0,0,0,0,3500,2,1,,POINT (-93.539650902932 41.615097502189)
2014811480,201402747,08/07/2014,08-August,5-Thursday,04:22,0400 Hours,District 6 (East Central),,LINN,US 151,US 151 & WEAKLAND LN,Collision with:  Animal,,,Animal,None Indicated,,,,,,,Paved,,Property Damage Only,0,0,0,0,0,0,4000,1,1,,POINT (-91.550147385495 41.983357113412)
2014811359,14-033180,08/07/2014,08-August,5-Thursday,19:00,1900 Hours,District 4 (Southwest),COUNCIL BLUFFS,POTTAWATTAMIE,,23RD AVE & BASS PRO DR & S 32ND ST,Collision with:  Vehicle in traffic,On Roadway,"Sideswipe, same direction",Improper or erratic lane changing,None Indicated,,Daylight,Wet,Clear,None apparent,Intersection:  Four-way intersection,Paved,,Property Damage Only,0,0,0,0,0,0,5000,2,3,,POINT (-95.894162216447 41.240299565226)
2014811831,,08/07/2014,08-August,5-Thursday,15:15,1500 Hours,District 6 (East Central),MARENGO,IOWA,US 6,US 6,Collision with:  Vehicle in traffic,On Roadway,Broadside (front to side),FTYROW:  From driveway,None Indicated,,Daylight,Dry,Clear,None apparent,Non-intersection:  Driveway access (within),Paved,,Minor Injury,0,1,0,1,0,0,11000,2,4,,POINT (-92.074068178426 41.789550665367)
2014813147,14-000912,08/07/2014,08-August,5-Thursday,14:50,1400 Hours,District 1 (Central),AMES,STORY,,190TH ST,Collision with:  Animal,,,Animal,None Indicated,,,,,,,Paved,,Property Damage Only,0,0,0,0,0,0,1500,1,1,,POINT (-93.656034524616 42.077930386726)
2014811356,14-033109,08/07/2014,08-August,5-Thursday,13:10,1300 Hours,District 4 (Southwest),COUNCIL BLUFFS,POTTAWATTAMIE,I-29,I-29,Collision with:  Vehicle in traffic,On Roadway,"Sideswipe, same direction",Crossed centerline (undivided),None Indicated,,Daylight,Wet,Rain,None apparent,Non-intersection:  Non-junction/no special feature,Paved,,Property Damage Only,0,0,0,0,0,0,1500,2,2,,POINT (-95.826177874747 41.214357959326)
2014812979,2014046053,08/07/2014,08-August,5-Thursday,14:15,1400 Hours,District 1 (Central),,POLK,I-35,I-35,Collision with fixed object:  Guardrail - face,Roadside,Non-collision (single vehicle),Swerving/Evasive Action,None Indicated,,Daylight,Wet,Rain,None apparent,Interchange-related:  On-ramp merge area,Paved,,Possible/Unknown,0,1,0,0,1,0,9500,1,1,,POINT (-93.579933652122 41.651488552226)
2014814314,001471,08/07/2014,08-August,5-Thursday,21:00,2100 Hours,District 2 (Northeast),,MITCHELL,,GLASS AVE,Non-collision events:  Overturn/rollover,Outside trafficway,Non-collision (single vehicle),Ran off road - right,None Indicated,,Dark - roadway not lighted,Dry,Unknown,None apparent,Non-intersection:  Non-junction/no special feature,Unpaved,,Minor Injury,0,2,0,2,0,0,8000,1,2,,POINT (-92.906431494474 43.351475444034)
2014811342,20140022824,08/07/2014,08-August,5-Thursday,13:40,1300 Hours,District 1 (Central),DES MOINES,POLK,,ARMY POST RD & FLEUR DR,Collision with:  Vehicle in traffic,On Roadway,Rear-end (front to rear),Followed too close,None Indicated,,Daylight,Wet,Rain,"Surface condition (e.g., wet, icy)",Non-intersection:  Non-junction/no special feature,Paved,,Possible/Unknown,0,1,0,0,1,0,1000,2,3,,POINT (-93.644963189545 41.526022398325)
2014812548,1408072033,08/07/2014,08-August,5-Thursday,20:30,2000 Hours,District 6 (East Central),,JONES,,Co Rd E45/CO RD E-45,Collision with:  Animal,,Non-collision (single vehicle),Animal,None Indicated,,,,,,,Paved,,Property Damage Only,0,0,0,0,0,0,4000,1,1,,POINT (-91.306257753734 42.019968828922)
2014811180,14-5217,08/07/2014,08-August,5-Thursday,07:05,0700 Hours,District 1 (Central),,POLK,,NE 38TH AVE,Collision with fixed object:  Ditch,Shoulder,Non-collision (single vehicle),Swerving/Evasive Action,None Indicated,,Dawn,Dry,Cloudy,None apparent,Non-intersection:  Non-junction/no special feature,Paved,,Property Damage Only,0,0,0,0,0,0,4000,1,1,,POINT (-93.410295709427 41.629773307445)
2014811315,14-010726,08/07/2014,08-August,5-Thursday,21:26,2100 Hours,District 4 (Southwest),GLENWOOD,MILLS,,N WALNUT ST,Collision with:  Vehicle in traffic,On Roadway,Rear-end (front to rear),Swerving/Evasive Action,None Indicated,,Dark - roadway lighted,Dry,Clear,None apparent,Non-intersection:  Non-junction/no special feature,Paved,,Possible/Unknown,0,1,0,0,1,0,2500,2,2,,POINT (-95.743506268976 41.051402449905)
2014811380,14-25535,08/07/2014,08-August,5-Thursday,13:27,1300 Hours,District 3 (Northwest),SIOUX CITY,WOODBURY,,12TH ST & PIERCE ST,Collision with:  Vehicle in traffic,On Roadway,"Sideswipe, same direction",FTYROW:  Making left turn,None Indicated,,Daylight,Wet,Cloudy,None apparent,Non-intersection:  Driveway access (within),Paved,,Property Damage Only,0,0,0,0,0,0,5500,2,2,,POINT (-96.405008443844 42.502905986602)
2014811328,20140022825,08/07/2014,08-August,5-Thursday,14:22,1400 Hours,District 1 (Central),DES MOINES,POLK,US 6,US 6/E EUCLID AVE & US 69/E 14TH ST,Collision with:  Vehicle in traffic,On Roadway,"Angle, oncoming left turn",FTYROW:  Making left turn,None Indicated,,Daylight,Wet,Rain,None apparent,Intersection:  Four-way intersection,Paved,,Possible/Unknown,0,2,0,0,2,0,8700,2,2,,POINT (-93.600513057949 41.627712019178)
2014813117,CL14002781,08/07/2014,08-August,5-Thursday,09:45,0900 Hours,District 6 (East Central),CLINTON,CLINTON,,19TH AVE N & N 3RD ST,Collision with:  Vehicle in traffic,On Roadway,"Angle, oncoming left turn",FTYROW:  Making left turn,None Indicated,,Daylight,Dry,Clear,None apparent,Intersection:  Four-way intersection,Paved,,Property Damage Only,0,0,0,0,0,0,5953,2,3,,POINT (-90.184601512673 41.866706236569)
2014811290,14-11916,08/07/2014,08-August,5-Thursday,16:38,1600 Hours,District 3 (Northwest),SPENCER,CLAY,US 18,US 18/N GRAND AVE & E 13TH ST,Collision with:  Vehicle in traffic,On Roadway,Broadside (front to side),Ran Stop Sign,None Indicated,,Daylight,Dry,Cloudy,None apparent,Intersection:  T-intersection,Paved,,Property Damage Only,0,0,0,0,0,0,2000,2,3,,POINT (-95.14534599679 43.150825449203)
2014811576,144547,08/07/2014,08-August,5-Thursday,17:20,1700 Hours,District 1 (Central),,HARDIN,,Co Rd S56/CO HWY S56,Collision with:  Vehicle in traffic,On Roadway,"Sideswipe, opposite direction",Crossed centerline (undivided),None Indicated,,Daylight,Dry,Cloudy,None apparent,Intersection:  Intersection with ramp,Paved,,Property Damage Only,0,0,0,0,0,0,1800,2,2,,POINT (-93.051614221976 42.454714925459)
2014811355,14-001814,08/07/2014,08-August,5-Thursday,16:20,1600 Hours,District 1 (Central),ALTOONA,POLK,,3RD ST SW & 3RD ST SE & 1ST AVE S,Collision with:  Vehicle in traffic,On Roadway,Rear-end (front to rear),Other (explain in narrative):  No improper action,None Indicated,,Daylight,Dry,Cloudy,None apparent,Non-intersection:  Non-junction/no special feature,Paved,,Property Damage Only,0,0,0,0,0,0,4000,2,5,,POINT (-93.464629057652 41.649436422713)
2014812440,2014-55027,08/07/2014,08-August,5-Thursday,11:17,1100 Hours,District 6 (East Central),DAVENPORT,SCOTT,,E LOCUST ST & EASTERN AVE,Collision with:  Vehicle in traffic,On Roadway,Rear-end (front to rear),Followed too close,None Indicated,,Daylight,Dry,Cloudy,None apparent,Non-intersection:  Non-junction/no special feature,Paved,,Property Damage Only,0,0,0,0,0,0,1700,2,2,,POINT (-90.551495064098 41.538352365265)
2014811740,14-003639,08/07/2014,08-August,5-Thursday,21:18,2100 Hours,District 1 (Central),AMES,STORY,US 30,US 30/SW RAMP CURV,Collision with:  Animal,,,Animal,None Indicated,,,,,,,Paved,,Property Damage Only,0,0,0,0,0,0,1500,1,1,,POINT (-93.612838914658 42.0037300612)
2014818126,2014045907,08/07/2014,08-August,5-Thursday,00:30,0000 Hours,District 1 (Central),DES MOINES,POLK,,E BROADWAY AVE & NE 46TH AVE,Collision with:  Vehicle in traffic,On Roadway,Rear-end (front to rear),Other (explain in narrative):  Other,None Indicated,,Dark - roadway lighted,Wet,Cloudy,None apparent,Intersection:  Four-way intersection,Paved,,Property Damage Only,0,0,0,0,0,0,3000,2,2,,POINT (-93.517198355115 41.644176892342)
2014811332,20140022800,08/07/2014,08-August,5-Thursday,09:19,0900 Hours,District 1 (Central),DES MOINES,POLK,IA 163,IA 163/E UNIVERSITY AVE & E 26TH ST,Collision with:  Vehicle in traffic,On Roadway,Broadside (front to side),Ran Traffic Signal,None Indicated,,Daylight,Wet,Cloudy,None apparent,Intersection:  Four-way intersection,Paved,,Property Damage Only,0,0,0,0,0,0,3000,2,2,,POINT (-93.56787282308 41.600477929558)
2014811776,14-000919,08/07/2014,08-August,5-Thursday,15:49,1500 Hours,District 1 (Central),JOHNSTON,POLK,,BRIGHTWATER DR,Collision with:  Vehicle in traffic,On Roadway,Broadside (front to side),Improper Backing,None Indicated,,Daylight,Wet,Rain,None apparent,Non-intersection:  Non-junction/no special feature,Paved,,Property Damage Only,0,0,0,0,0,0,2400,2,1,,POINT (-93.752483666056 41.70306279255)
2014817034,A14055,08/07/2014,08-August,5-Thursday,10:28,1000 Hours,District 5 (Southeast),KNOXVILLE,MARION,IA 14,IA 14/LINCOLN ST & W BELL AVE,Collision with:  Vehicle in traffic,On Roadway,"Angle, oncoming left turn",FTYROW:  Making left turn,None Indicated,,Daylight,Dry,Rain,None apparent,Intersection:  Four-way intersection,Paved,,Property Damage Only,0,0,0,0,0,0,4500,2,6,,POINT (-93.109495713812 41.306264369993)
2014811358,14-033133,08/07/2014,08-August,5-Thursday,17:10,1700 Hours,District 4 (Southwest),COUNCIL BLUFFS,POTTAWATTAMIE,,7TH AVE & S 35TH ST,Collision with:  Vehicle in traffic,On Roadway,Rear-end (front to rear),Followed too close,None Indicated,,Daylight,Dry,Clear,None apparent,Non-intersection:  Non-junction/no special feature,Paved,,Property Damage Only,0,0,0,0,0,0,2500,2,3,,POINT (-95.902030273503 41.255502179587)
2014815561,14158,08/07/2014,08-August,5-Thursday,16:24,1600 Hours,District 5 (Southeast),PELLA,MARION,,FRANKLIN ST,Collision with:  Parked motor vehicle,On Roadway,"Sideswipe, opposite direction",Improper Backing,None Indicated,,Daylight,Dry,Cloudy,None apparent,Non-intersection:  Non-junction/no special feature,Paved,,Property Damage Only,0,0,0,0,0,0,1500,2,1,,POINT (-92.918523561127 41.406705212004)
2014811299,14116710,08/07/2014,08-August,5-Thursday,19:52,1900 Hours,District 6 (East Central),,JOHNSON,US 6,US 6,Collision with fixed object:  Traffic sign support,Shoulder,Non-collision (single vehicle),"Operating vehicle in an reckless, erratic, careless, negligent manner",Alcohol (Statutory),,Dusk,Dry,Clear,None apparent,Non-intersection:  Non-junction/no special feature,Paved,,Property Damage Only,0,0,0,0,0,0,2250,1,1,,POINT (-91.454265939947 41.606268671397)
2014811484,CL14002779,08/07/2014,08-August,5-Thursday,23:47,2300 Hours,District 6 (East Central),CLINTON,CLINTON,,14TH AVE NW & 11TH ST NW,Collision with:  Parked motor vehicle,On Roadway,Rear-end (front to rear),Other (explain in narrative):  Other,Under Influence of Alcohol/Drugs/Medications,,Dark - roadway lighted,Dry,Clear,None apparent,Non-intersection:  Non-junction/no special feature,Paved,,Property Damage Only,0,0,0,0,0,0,1500,2,2,,POINT (-90.211348798177 41.861703735069)
2014811524,W14-079238,08/07/2014,08-August,5-Thursday,16:31,1600 Hours,District 2 (Northeast),WATERLOO,BLACK HAWK,IA 934,IA 934/UNIVERSITY AVE,Collision with:  Vehicle in traffic,On Roadway,"Angle, oncoming left turn",Ran Traffic Signal,None Indicated,,Daylight,Dry,Clear,None apparent,Intersection:  Four-way intersection,Paved,,Property Damage Only,0,0,0,0,0,0,6000,2,4,,POINT (-92.399992379717 42.50430947565)
2014811788,20141052,08/08/2014,08-August,6-Friday,08:20,0800 Hours,District 6 (East Central),MOUNT VERNON,LINN,US 30,US 30 & 10TH AVE SW,Collision with fixed object:  Traffic sign support,Roadside,Non-collision (single vehicle),"Operating vehicle in an reckless, erratic, careless, negligent manner",Alcohol (Statutory),,Daylight,Dry,Clear,None apparent,Intersection:  Other intersection (explain in narrative),Paved,,Property Damage Only,0,0,0,0,0,0,2200,1,1,,POINT (-91.429428060207 41.916364350977)
2014811693,14-033256,08/08/2014,08-August,6-Friday,11:40,1100 Hours,District 4 (Southwest),COUNCIL BLUFFS,POTTAWATTAMIE,,BIG LAKE RD,Collision with fixed object:  Bridge pier or support,On Roadway,Non-collision (single vehicle),Driver Distraction:  Manual operation of an electronic communication device,None Indicated,,Daylight,Dry,Cloudy,None apparent,Non-intersection:  Other non-intersection (explain in narrative),Paved,,Property Damage Only,0,0,0,0,0,0,25000,1,2,,POINT (-95.863798960822 41.28432585839)
2014812069,2014-55331,08/08/2014,08-August,6-Friday,15:30,1500 Hours,District 6 (East Central),DAVENPORT,SCOTT,,IA 461/BRADY ST & E 29TH ST,Collision with:  Vehicle in traffic,On Roadway,Broadside (front to side),FTYROW:  Making left turn,None Indicated,,Daylight,Dry,Clear,None apparent,Intersection:  Other intersection (explain in narrative),Paved,,Property Damage Only,0,0,0,0,0,0,8000,3,3,,POINT (-90.570681662889 41.549684283186)
2014811497,2014046168,08/08/2014,08-August,6-Friday,07:35,0700 Hours,District 6 (East Central),,JOHNSON,,Co Rd F12/120TH ST,Collision with:  Vehicle in traffic,On Roadway,Rear-end (front to rear),Other (explain in narrative):  Other,None Indicated,,Daylight,Dry,Clear,None apparent,Non-intersection:  Driveway access (within),Paved,,Property Damage Only,0,0,0,0,0,0,7000,2,2,,POINT (-91.572593953115 41.847271116065)
2014811491,14-11979,08/08/2014,08-August,6-Friday,11:23,1100 Hours,District 6 (East Central),MILES,JACKSON,,FERRY RD,Collision with:  Vehicle in traffic,On Roadway,Rear-end (front to rear),Other (explain in narrative):  Vision obstructed,None Indicated,,Daylight,Dry,Clear,None apparent,Non-intersection:  Driveway access (within),Paved,,Property Damage Only,0,0,0,0,0,0,3050,2,2,,POINT (-90.315773719902 42.046162290947)
2014811552,01-14-35126,08/08/2014,08-August,6-Friday,07:55,0700 Hours,District 6 (East Central),DUBUQUE,DUBUQUE,,E 16TH ST,Collision with:  Vehicle in traffic,On Roadway,Head-on (front to front),Traveling wrong way or on wrong side of road,None Indicated,,Daylight,Dry,Clear,None apparent,Non-intersection:  Non-junction/no special feature,Paved,,Property Damage Only,0,0,0,0,0,0,9500,2,2,,POINT (-90.65671720996 42.511482790418)
2014811632,14-0956,08/08/2014,08-August,6-Friday,20:46,2000 Hours,District 1 (Central),CLIVE,POLK,US 6,US 6/HICKMAN RD,Collision with:  Animal,On Roadway,Non-collision (single vehicle),Animal,None Indicated,,Dark - roadway lighted,Dry,Clear,None apparent,Non-intersection:  Non-junction/no special feature,Paved,,Property Damage Only,0,0,0,0,0,0,2500,1,4,,POINT (-93.796744008808 41.614945208714)
2014811849,14-11955,08/08/2014,08-August,6-Friday,15:18,1500 Hours,District 3 (Northwest),SPENCER,CLAY,US 18,US 18/S GRAND AVE/11TH ST SE & US 71/11TH ST SW & GRAND PLAZA DR,Collision with:  Vehicle in traffic,On Roadway,Rear-end (front to rear),Improper Backing,None Indicated,,Daylight,Dry,Clear,None apparent,Intersection:  Four-way intersection,Paved,,Property Damage Only,0,0,0,0,0,0,1550,2,2,,POINT (-95.143658751896 43.126482034735)
2014811694,14-033274,08/08/2014,08-August,6-Friday,13:39,1300 Hours,District 4 (Southwest),COUNCIL BLUFFS,POTTAWATTAMIE,,6TH AVE & S 8TH ST,Collision with:  Vehicle in traffic,On Roadway,Broadside (front to side),Ran Stop Sign,Alcohol (Statutory),,Daylight,Dry,Clear,None apparent,Intersection:  Four-way intersection,Paved,,Possible/Unknown,0,2,0,0,2,0,9000,2,3,,POINT (-95.856049328536 41.256121533112)
2014811725,2014-55248,08/08/2014,08-August,6-Friday,06:51,0600 Hours,District 6 (East Central),DAVENPORT,SCOTT,,IA 461/HARRISON ST & W 3RD ST,Collision with:  Vehicle in traffic,On Roadway,"Sideswipe, same direction",Other (explain in narrative):  Other,None Indicated,,Daylight,Dry,Cloudy,None apparent,Intersection:  Four-way intersection,Paved,,Property Damage Only,0,0,0,0,0,0,3000,2,3,,POINT (-90.577023210088 41.52242065269)
2014811333,20140022908,08/08/2014,08-August,6-Friday,08:03,0800 Hours,District 1 (Central),DES MOINES,POLK,IA 163,IA 163/E UNIVERSITY AVE,Collision with:  Vehicle in traffic,On Roadway,Rear-end (front to rear),Other (explain in narrative):  Other,None Indicated,,Daylight,Dry,Clear,None apparent,Non-intersection:  Non-junction/no special feature,Paved,,Possible/Unknown,0,1,0,0,1,0,2000,2,6,,POINT (-93.557145375968 41.600530416424)
2014811910,14-9136,08/08/2014,08-August,6-Friday,11:50,1100 Hours,District 3 (Northwest),,SIOUX,IA 60,IA 60/IOWA 60,Collision with:  Vehicle in traffic,On Roadway,"Sideswipe, same direction",Made improper turn,None Indicated,,Daylight,Dry,Cloudy,None apparent,Non-intersection:  Non-junction/no special feature,Paved,,Minor Injury,0,1,0,1,0,0,30000,2,2,,POINT (-95.899070026357 43.063733568158)
2014811525,W14-079604,08/08/2014,08-August,6-Friday,15:30,1500 Hours,District 2 (Northeast),WATERLOO,BLACK HAWK,,W PARKER ST & LINCOLN ST,Miscellaneous events:  Hit and run,On Roadway,Non-collision (single vehicle),FTYROW:  To pedestrian,None Indicated,,Daylight,Dry,Clear,None apparent,Intersection:  Four-way intersection,Paved,,Minor Injury,0,1,0,1,0,0,0,1,1,,POINT (-92.34144034192 42.516704172536)
2014811544,142344,08/08/2014,08-August,6-Friday,17:40,1700 Hours,District 3 (Northwest),DENISON,CRAWFORD,US 30,US 30/4TH AVE S & S 16TH ST,Collision with:  Vehicle in traffic,On Roadway,"Sideswipe, same direction",FTYROW:  Other (explain in narrative),None Indicated,,Daylight,Dry,Clear,None apparent,Non-intersection:  Non-junction/no special feature,Paved,,Property Damage Only,0,0,0,0,0,0,3500,2,3,,POINT (-95.349715775145 42.012355132384)
2014811705,14-15145,08/08/2014,08-August,6-Friday,13:12,1300 Hours,District 6 (East Central),BETTENDORF,SCOTT,,MIDDLE RD,Collision with:  Vehicle in traffic,On Roadway,"Angle, oncoming left turn",FTYROW:  Making left turn,None Indicated,,Daylight,Dry,Cloudy,None apparent,Intersection:  Four-way intersection,Paved,,Property Damage Only,0,0,0,0,0,0,6500,2,2,,POINT (-90.519361944781 41.539806799208)
2014811622,1400000691,08/08/2014,08-August,6-Friday,07:40,0700 Hours,District 1 (Central),ALBION,MARSHALL,IA 330,IA 330/MAIN ST,Collision with:  Vehicle in traffic,On Roadway,"Angle, oncoming left turn",FTYROW:  Making left turn,None Indicated,,Daylight,Dry,Clear,None apparent,Non-intersection:  Driveway access (within),Paved,,Property Damage Only,0,0,0,0,0,0,4000,2,3,,POINT (-92.990069591888 42.109598636354)
2014813511,14013524,08/08/2014,08-August,6-Friday,13:10,1300 Hours,District 2 (Northeast),MASON CITY,CERRO GORDO,IA 122,IA 122/4TH ST SW,Collision with:  Vehicle in traffic,On Roadway,"Sideswipe, same direction",Crossed centerline (undivided),None Indicated,,Daylight,Dry,Clear,None apparent,Non-intersection:  Non-junction/no special feature,Paved,,Property Damage Only,0,0,0,0,0,0,2500,2,3,,POINT (-93.26686074742 43.148299714268)
2014813148,14-000916,08/08/2014,08-August,6-Friday,14:28,1400 Hours,District 1 (Central),,STORY,,Co Rd E15/115TH ST & Co Rd R77/600TH AVE,Collision with:  Vehicle in traffic,On Roadway,"Angle, oncoming left turn",FTYROW:  Making left turn,None Indicated,,Daylight,Dry,Cloudy,None apparent,Intersection:  Other intersection (explain in narrative),Paved,,Major Injury,0,3,1,1,0,1,25000,2,3,,POINT (-93.501977479481 42.188063641569)
2014812246,20140022983,08/08/2014,08-August,6-Friday,19:30,1900 Hours,District 1 (Central),DES MOINES,POLK,,E ARMY POST RD,Collision with fixed object:  Other fixed object (explain in narrative),On Roadway,Non-collision (single vehicle),"Operating vehicle in an reckless, erratic, careless, negligent manner",Alcohol (Statutory),,Daylight,Dry,Clear,None apparent,Non-intersection:  Non-junction/no special feature,Paved,,Property Damage Only,0,0,0,0,0,0,5500,1,2,,POINT (-93.612963823467 41.526395572269)
2014811531,W14-079744,08/08/2014,08-August,6-Friday,23:45,2300 Hours,District 2 (Northeast),WATERLOO,BLACK HAWK,,W 7TH ST,Collision with:  Vehicle in traffic,Roadside,Rear-end (front to rear),Unknown,None Indicated,,Dark - roadway not lighted,Dry,Clear,None apparent,Non-intersection:  Other non-intersection (explain in narrative),Paved,,Property Damage Only,0,0,0,0,0,0,2000,2,1,,POINT (-92.343927249159 42.487269392338)
2014811752,14-0439,08/08/2014,08-August,6-Friday,02:50,0200 Hours,District 1 (Central),,WEBSTER,,Co Rd D46/290TH ST & Co Rd P73/UNION AVE,Collision with fixed object:  Ditch,Shoulder,Non-collision (single vehicle),Ran Stop Sign,None Indicated,,Dark - roadway lighted,Dry,Clear,None apparent,Intersection:  T-intersection,Paved,,Major Injury,0,1,1,0,0,0,2500,1,1,,POINT (-94.010198660623 42.368672456646)