Iowa DOT Case Number,Law Enforcement Case Number,Date of Crash,Month of Crash,Day of Week,Time of Crash,Hour,DOT District,City Name,County Name,Route with System,Location Description,First Harmful Event,Location of First Harmful Event,Manner of Crash/Collision,Major Cause,Drug or Alcohol ,Environmental Conditions,Light Conditions,Surface Conditions,Weather Conditions,Roadway Contribution,Roadway Type,Roadway Surface,Work Zone,Crash Severity,Number of Fatalities,Number of Injuries,Number of Major Injuries,Number of Minor Injuries,Number of Possible Injuries,Number of Unknown Injuries,Amount of Property Damage,Number of Vehicles Involved,Total Number of Occupants,Travel Direction,Location
2014812870,14-9154,08/08/2014,08-August,6-Friday,19:55,1900 Hours,District 3 (Northwest),,SIOUX,,LOG AVE & 480TH ST,Non-collision events:  Overturn/rollover,Shoulder,Non-collision (single vehicle),Driving too fast for conditions,None Indicated,,Dusk,"Mud, dirt",Cloudy,None apparent,Intersection:  Four-way intersection,Unpaved,,Minor Injury,0,1,0,1,0,0,50,1,1,,POINT (-95.898808476472 42.952861718505)
2014811824,2014046719,08/08/2014,08-August,6-Friday,20:00,2000 Hours,District 4 (Southwest),,POTTAWATTAMIE,I-80,I-80,Collision with:  Vehicle in traffic,On Roadway,Rear-end (front to rear),Other (explain in narrative):  Other,None Indicated,,Dark - roadway not lighted,Dry,Cloudy,None apparent,Non-intersection:  Non-junction/no special feature,Paved,,Property Damage Only,0,0,0,0,0,0,2000,2,4,,POINT (-95.586129394516 41.491450123502)
2014811680,14-3842,08/08/2014,08-August,6-Friday,16:45,1600 Hours,District 1 (Central),WEST DES MOINES,POLK,,35TH ST/VALLEY WEST DR,Collision with:  Vehicle in traffic,On Roadway,Rear-end (front to rear),Other (explain in narrative):  Other,None Indicated,,Daylight,Dry,Cloudy,None apparent,Non-intersection:  Driveway access (within),Paved,,Possible/Unknown,0,1,0,0,1,0,2000,2,3,,POINT (-93.751848243413 41.593720407798)
2014811927,201400038495,08/08/2014,08-August,6-Friday,00:55,0000 Hours,District 5 (Southeast),OTTUMWA,WAPELLO,,W FINLEY AVE,Collision with fixed object:  Utility pole/light support,Roadside,Non-collision (single vehicle),Exceeded authorized speed,Alcohol (Statutory),,Dark - roadway lighted,Dry,Clear,None apparent,Non-intersection:  Non-junction/no special feature,Paved,,Property Damage Only,0,0,0,0,0,0,45000,1,1,,POINT (-92.445164044259 41.002348519504)
2014811787,2014008489,08/08/2014,08-August,6-Friday,16:12,1600 Hours,District 6 (East Central),IOWA CITY,JOHNSON,,MORMON TREK BLVD & MELROSE AVE,Collision with:  Vehicle in traffic,On Roadway,Rear-end (front to rear),Other (explain in narrative):  Other,None Indicated,,Daylight,Dry,Cloudy,None apparent,Intersection:  Four-way intersection,Paved,,Possible/Unknown,0,1,0,0,1,0,2300,2,5,,POINT (-91.573898847626 41.656938952074)
2014811807,2014008488,08/08/2014,08-August,6-Friday,16:07,1600 Hours,District 6 (East Central),IOWA CITY,JOHNSON,US 6,US 6,Collision with:  Vehicle in traffic,On Roadway,Rear-end (front to rear),Followed too close,None Indicated,,Daylight,Dry,Cloudy,None apparent,Non-intersection:  Non-junction/no special feature,Paved,,Minor Injury,0,2,0,1,1,0,8000,2,2,,POINT (-91.51628869044 41.64116813388)
2014811625,14-5258,08/08/2014,08-August,6-Friday,20:39,2000 Hours,District 1 (Central),ANKENY,POLK,,NW 30TH ST,Collision with:  Parked motor vehicle,Roadside,"Sideswipe, opposite direction",Other (explain in narrative):  Other,None Indicated,,Dark - roadway not lighted,Dry,Clear,None apparent,Non-intersection:  Non-junction/no special feature,Paved,,Property Damage Only,0,0,0,0,0,0,5000,2,1,,POINT (-93.659625825629 41.725421364153)
2014811656,20140022988,08/08/2014,08-August,6-Friday,19:49,1900 Hours,District 1 (Central),DES MOINES,POLK,,CHAUTAUQUA PKWY & HICKMAN RD & PROSPECT RD,Collision with fixed object:  Curb/island/raised median,On Roadway,Non-collision (single vehicle),Swerving/Evasive Action,Alcohol (Statutory),,Daylight,Dry,Cloudy,None apparent,Non-intersection:  Non-junction/no special feature,Paved,,Property Damage Only,0,0,0,0,0,0,6000,1,2,,POINT (-93.631804144309 41.614826131906)
2014811306,201411557,08/08/2014,08-August,6-Friday,00:11,0000 Hours,District 6 (East Central),CEDAR RAPIDS,LINN,,DIAGONAL DR SW & 2ND ST SW,Collision with:  Vehicle in traffic,On Roadway,Broadside (front to side),FTYROW:  From stop sign,None Indicated,,Dark - roadway lighted,Dry,Cloudy,None apparent,Intersection:  Four-way intersection,Paved,,Property Damage Only,0,0,0,0,0,0,3500,2,2,,POINT (-91.670965181118 41.970724571288)
2014812068,2014-55255,08/08/2014,08-August,6-Friday,07:37,0700 Hours,District 6 (East Central),DAVENPORT,SCOTT,,RIPLEY ST,Collision with:  Vehicle in traffic,On Roadway,"Sideswipe, same direction",FTYROW:  From parked position,None Indicated,,Daylight,Dry,Clear,None apparent,Intersection:  Four-way intersection,Paved,,Property Damage Only,0,0,0,0,0,0,1500,2,3,,POINT (-90.578496550235 41.521154775271)
2014811800,CL14002790,08/08/2014,08-August,6-Friday,11:25,1100 Hours,District 6 (East Central),CLINTON,CLINTON,,N 4TH ST,Collision with:  Vehicle in traffic,On Roadway,"Sideswipe, same direction",Crossed centerline (undivided),Drug,,Daylight,Dry,Clear,None apparent,Non-intersection:  Non-junction/no special feature,Paved,,Property Damage Only,0,0,0,0,0,0,4000,2,2,,POINT (-90.192275345228 41.851863747808)
2014812532,80-14-000258,08/08/2014,08-August,6-Friday,04:36,0400 Hours,District 2 (Northeast),HUMBOLDT,HUMBOLDT,IA 3,IA 3/10TH AVE N,Collision with:  Vehicle in traffic,On Roadway,"Sideswipe, same direction",Other (explain in narrative):  Other,None Indicated,,Dark - roadway lighted,Dry,Clear,"Slippery, loose, or worn surface",Non-intersection:  Non-junction/no special feature,Paved,,Property Damage Only,0,0,0,0,0,0,3000,2,2,,POINT (-94.22642305521 42.73181321893)
2014819997,90-14-000261,08/08/2014,08-August,6-Friday,02:30,0200 Hours,District 2 (Northeast),,HUMBOLDT,,115TH ST & TEXAS AVE,Collision with fixed object:  Ditch,Outside trafficway,Non-collision (single vehicle),Swerving/Evasive Action,None Indicated,,Dark - roadway not lighted,Dry,Clear,None apparent,Intersection:  T-intersection,Unpaved,,Possible/Unknown,0,1,0,0,0,1,3150,1,1,,POINT (-94.080324181 42.884915324614)
2014811761,14-25656,08/08/2014,08-August,6-Friday,12:59,1200 Hours,District 3 (Northwest),SIOUX CITY,WOODBURY,,INDIAN HILLS DR & GLEN OAKS BLVD,Collision with:  Vehicle in traffic,On Roadway,Rear-end (front to rear),FTYROW:  From stop sign,None Indicated,,Daylight,Dry,Clear,None apparent,Intersection:  Four-way intersection,Paved,,Property Damage Only,0,0,0,0,0,0,2100,2,4,,POINT (-96.385419391699 42.534723499633)
2014812182,,08/08/2014,08-August,6-Friday,08:22,0800 Hours,District 2 (Northeast),,WINNEBAGO,,Co Rd R34/100TH AVE & 430TH ST,Non-collision events:  Other non-collision (explain in narrative),Unknown,Non-collision (single vehicle),Unknown,None Indicated,,Unknown,"Mud, dirt",Unknown,None apparent,Non-intersection:  Non-junction/no special feature,Paved,,Possible/Unknown,0,1,0,0,0,1,1500,1,1,,POINT (-93.773759938415 43.385787613977)
2014811786,2014008483,08/08/2014,08-August,6-Friday,14:15,1400 Hours,District 6 (East Central),IOWA CITY,JOHNSON,,E JEFFERSON ST & N GILBERT ST,Collision with:  Vehicle in traffic,On Roadway,Broadside (front to side),Ran Traffic Signal,None Indicated,,Daylight,Dry,Clear,None apparent,Intersection:  Four-way intersection,Paved,,Property Damage Only,0,0,0,0,0,0,8500,2,3,,POINT (-91.530129479362 41.662440063107)
2014815788,143332,08/08/2014,08-August,6-Friday,17:07,1700 Hours,District 1 (Central),ELDORA,HARDIN,,14TH AVE,Collision with:  Parked motor vehicle,Roadside,"Sideswipe, same direction",Other (explain in narrative):  Vision obstructed,None Indicated,,Daylight,Dry,Clear,None apparent,Non-intersection:  Non-junction/no special feature,Paved,,Property Damage Only,0,0,0,0,0,0,8500,2,1,,POINT (-93.105950750821 42.359700043074)
2014814425,2014046144,08/08/2014,08-August,6-Friday,02:03,0200 Hours,District 3 (Northwest),,DICKINSON,US 71,US 71,Collision with:  Vehicle in traffic,On Roadway,"Sideswipe, opposite direction",Crossed centerline (undivided),None Indicated,,Dark - roadway not lighted,Wet,Rain,None apparent,Non-intersection:  Non-junction/no special feature,Paved,,Major Injury,0,1,1,0,0,0,18000,2,2,,POINT (-95.047296926994 43.430521682402)
2014812980,2014046188,08/08/2014,08-August,6-Friday,08:30,0800 Hours,District 5 (Southeast),AINSWORTH,WASHINGTON,US 218,US 218/SW RAMP CURV/SW LOOP & IA 92,Non-collision events:  Overturn/rollover,Shoulder,Non-collision (single vehicle),Swerving/Evasive Action,None Indicated,,Daylight,Dry,Cloudy,None apparent,Intersection:  T-intersection,Paved,,Minor Injury,0,1,0,1,0,0,150000,1,1,,POINT (-91.535913280455 41.290753845605)
2014811641,20140022971,08/08/2014,08-August,6-Friday,17:49,1700 Hours,District 1 (Central),DES MOINES,POLK,,COTTAGE GROVE AVE & MLK JR PKWY & 19TH ST,Collision with:  Vehicle in traffic,On Roadway,Rear-end (front to rear),Followed too close,None Indicated,,Daylight,Dry,Clear,None apparent,Non-intersection:  Non-junction/no special feature,Paved,,Property Damage Only,0,0,0,0,0,0,5000,2,5,,POINT (-93.643237849053 41.593811926093)
2014812204,14-6027,08/08/2014,08-August,6-Friday,20:45,2000 Hours,District 3 (Northwest),,IDA,,300TH ST,Collision with:  Animal,,,Animal,None Indicated,,,,,,,Unpaved,,Property Damage Only,0,0,0,0,0,0,1500,1,1,,POINT (-95.48866927228 42.268875959918)
2014811757,14-2432,08/08/2014,08-August,6-Friday,23:20,2300 Hours,District 1 (Central),FORT DODGE,WEBSTER,,1ST AVE N & N 10TH ST,Collision with:  Vehicle in traffic,On Roadway,Broadside (front to side),Ran Traffic Signal,Alcohol (Statutory),,Dark - roadway lighted,Dry,Clear,None apparent,Intersection:  Four-way intersection,Paved,,Property Damage Only,0,0,0,0,0,0,3002,2,4,,POINT (-94.185055128109 42.506453170078)
2014811405,14-079459,08/08/2014,08-August,6-Friday,07:33,0700 Hours,District 2 (Northeast),EVANSDALE,BLACK HAWK,,TRAIL AVE & RIVER FOREST RD,Collision with:  Vehicle in traffic,On Roadway,"Sideswipe, same direction",Improper or erratic lane changing,None Indicated,,Daylight,Dry,Cloudy,None apparent,Intersection:  T-intersection,Paved,,Property Damage Only,0,0,0,0,0,0,3500,2,6,,POINT (-92.297771826862 42.464643345656)
2014816342,14-11966,08/08/2014,08-August,6-Friday,08:14,0800 Hours,District 6 (East Central),,CLINTON,US 67,US 67,Non-collision events:  Other non-collision (explain in narrative),On Roadway,Non-collision (single vehicle),Ran off road - right,None Indicated,,Daylight,Dry,Clear,None apparent,Non-intersection:  Non-junction/no special feature,Paved,,Property Damage Only,0,0,0,0,0,0,2500,1,1,,POINT (-90.181797163045 42.015814883229)
2014811599,14-024360,08/08/2014,08-August,6-Friday,01:00,0100 Hours,District 5 (Southeast),FRANKLIN,LEE,,Co Rd J56/200 ST,Collision with fixed object:  Ditch,On Roadway,Non-collision (single vehicle),Ran off road - right,None Indicated,,Dark - roadway not lighted,Wet,Unknown,None apparent,Non-intersection:  Non-junction/no special feature,Paved,,Property Damage Only,0,0,0,0,0,0,7100,1,1,,POINT (-91.5414227346 40.668038580347)
2014811741,14-003650,08/08/2014,08-August,6-Friday,16:25,1600 Hours,District 1 (Central),AMES,STORY,,AIRPORT RD & S RIVERSIDE DR,Non-collision events:  Overturn/rollover,On Roadway,Non-collision (single vehicle),Swerving/Evasive Action,None Indicated,,Daylight,Dry,Cloudy,None apparent,Non-intersection:  Non-junction/no special feature,Paved,,Possible/Unknown,0,1,0,0,1,0,2000,1,1,,POINT (-93.629645576135 42.001054207125)
2014811653,20140022965,08/08/2014,08-August,6-Friday,17:00,1700 Hours,District 1 (Central),DES MOINES,POLK,,PARK ST & 2ND AVE,Collision with:  Vehicle in traffic,On Roadway,"Sideswipe, same direction",Unknown,None Indicated,,Daylight,Dry,Cloudy,None apparent,Intersection:  T-intersection,Paved,,Property Damage Only,0,0,0,0,0,0,1500,2,2,,POINT (-93.620300549827 41.590479187782)
2014811539,1408082771,08/08/2014,08-August,6-Friday,11:26,1100 Hours,District 6 (East Central),WHEATLAND,CLINTON,US 30,US 30 & Co Rd Y4E/130 AVE & TORONTO ST S,Collision with:  Vehicle in traffic,On Roadway,Broadside (front to side),FTYROW:  From stop sign,None Indicated,,Daylight,Dry,Clear,None apparent,Intersection:  Four-way intersection,Paved,,Property Damage Only,0,0,0,0,0,0,13000,2,4,,POINT (-90.840294823654 41.82845634152)
2014811609,201411592,08/08/2014,08-August,6-Friday,13:33,1300 Hours,District 6 (East Central),CEDAR RAPIDS,LINN,,MT VERNON RD SE & 15TH ST SE,Collision with:  Vehicle in traffic,On Roadway,Broadside (front to side),Ran Stop Sign,None Indicated,,Daylight,Dry,Clear,None apparent,Intersection:  T-intersection,Paved,,Property Damage Only,0,0,0,0,0,0,2000,2,2,,POINT (-91.649534323296 41.97741840299)
2014811540,1408088021,08/08/2014,08-August,6-Friday,23:46,2300 Hours,District 6 (East Central),,CLINTON,,Co Rd Y68/285TH AVE,Non-collision events:  Other non-collision (explain in narrative),On Roadway,Non-collision (single vehicle),Crossed centerline (undivided),Alcohol (Statutory),,Dark - roadway not lighted,Dry,Clear,None apparent,Non-intersection:  Non-junction/no special feature,Paved,,Possible/Unknown,0,1,0,0,1,0,5000,1,1,,POINT (-90.536282853052 41.777700872613)
2014812293,1406330,08/08/2014,08-August,6-Friday,22:35,2200 Hours,District 5 (Southeast),WASHINGTON,WASHINGTON,,E 15TH ST & HIGHLAND AVE,Collision with:  Parked motor vehicle,On Roadway,"Sideswipe, same direction",Ran off road - right,None Indicated,,Dark - roadway lighted,Dry,Clear,None apparent,Non-intersection:  Non-junction/no special feature,Paved,,Property Damage Only,0,0,0,0,0,0,10000,2,1,,POINT (-91.683841237299 41.312960382391)
2014811868,1400000693,08/08/2014,08-August,6-Friday,12:21,1200 Hours,District 1 (Central),,MARSHALL,,160TH ST,Collision with fixed object:  Ditch,On Roadway,Non-collision (single vehicle),Ran off road - right,None Indicated,,Daylight,"Mud, dirt",Clear,None apparent,Non-intersection:  Non-junction/no special feature,Unpaved,,Property Damage Only,0,0,0,0,0,0,4000,1,1,,POINT (-93.013331945938 42.122495578522)
2014811762,14-25660,08/08/2014,08-August,6-Friday,13:27,1300 Hours,District 3 (Northwest),SIOUX CITY,WOODBURY,,W 7TH ST & 8TH ST & PEARL ST & GRANDVIEW BLVD,Collision with:  Vehicle in traffic,On Roadway,Broadside (front to side),Ran Stop Sign,None Indicated,,Daylight,Dry,Cloudy,None apparent,Intersection:  Four-way intersection,Paved,,Possible/Unknown,0,2,0,0,2,0,3500,2,2,,POINT (-96.407907897325 42.49848855359)
2014811760,14-25642,08/08/2014,08-August,6-Friday,11:12,1100 Hours,District 3 (Northwest),SIOUX CITY,WOODBURY,I-29,I-29,Collision with:  Vehicle in traffic,On Roadway,"Sideswipe, same direction",FTYROW:  Other (explain in narrative),None Indicated,,Daylight,Dry,Cloudy,None apparent,Non-intersection:  Non-junction/no special feature,Paved,,Property Damage Only,0,0,0,0,0,0,3000,2,2,,POINT (-96.381151459806 42.468279429817)
2014811553,01-14-35180,08/08/2014,08-August,6-Friday,13:12,1300 Hours,District 6 (East Central),DUBUQUE,DUBUQUE,,W 17TH ST & IOWA ST,Collision with:  Vehicle in traffic,On Roadway,Broadside (front to side),FTYROW:  From stop sign,None Indicated,,Daylight,Dry,Clear,None apparent,Intersection:  T-intersection,Paved,,Minor Injury,0,1,0,1,0,0,4000,2,2,,POINT (-90.670071143663 42.508495320318)
2014832890,14-05700,08/08/2014,08-August,6-Friday,08:50,0800 Hours,District 3 (Northwest),EMMETSBURG,PALO ALTO,US 18,US 18/9TH ST OR MAIN & CALL ST,Collision with:  Vehicle in traffic,On Roadway,Rear-end (front to rear),Followed too close,None Indicated,,Daylight,Dry,Cloudy,None apparent,Non-intersection:  Non-junction/no special feature,Paved,,Property Damage Only,0,0,0,0,0,0,2000,2,2,,POINT (-94.685180645197 43.111950195293)
2014813480,,08/08/2014,08-August,6-Friday,09:30,0900 Hours,District 1 (Central),GOWRIE,WEBSTER,,LINCOLN ST,Collision with:  Parked motor vehicle,Roadside,Unknown,Unknown,None Indicated,,Daylight,Dry,Unknown,None apparent,Non-intersection:  Non-junction/no special feature,Paved,,Property Damage Only,0,0,0,0,0,0,3600,2,1,,POINT (-94.295871196275 42.278864842083)
2014813512,14013529,08/08/2014,08-August,6-Friday,14:42,1400 Hours,District 2 (Northeast),MASON CITY,CERRO GORDO,,S BENJAMIN AVE & 18TH ST SW,Collision with:  Vehicle in traffic,On Roadway,Rear-end (front to rear),Other (explain in narrative):  Other,None Indicated,,Daylight,Dry,Clear,None apparent,Non-intersection:  Non-junction/no special feature,Paved,,Property Damage Only,0,0,0,0,0,0,1500,2,2,,POINT (-93.23083696999 43.134672660639)
2014811334,20140022916,08/08/2014,08-August,6-Friday,09:38,0900 Hours,District 1 (Central),DES MOINES,POLK,IA 163,IA 163/E UNIVERSITY AVE & E 32ND ST,Collision with:  Vehicle in traffic,On Roadway,"Sideswipe, same direction",Other (explain in narrative):  Other,None Indicated,,Daylight,Dry,Clear,None apparent,Intersection:  T-intersection,Paved,,Property Damage Only,0,0,0,0,0,0,6000,2,7,,POINT (-93.555297391095 41.600530349182)
2014812194,14-006566,08/08/2014,08-August,6-Friday,16:23,1600 Hours,District 2 (Northeast),,CLAYTON,,Co Rd X56/GREAT RIVER RD,Collision with:  Animal,,,Animal,None Indicated,,,,,,,Paved,,Property Damage Only,0,0,0,0,0,0,6000,1,1,,POINT (-91.172491395736 42.903502073633)
2014812274,201402764,08/08/2014,08-August,6-Friday,14:43,1400 Hours,District 6 (East Central),CENTER POINT,LINN,,IOWA ST & MAIN ST,Collision with:  Vehicle in traffic,On Roadway,Broadside (front to side),Ran Stop Sign,None Indicated,,Daylight,Dry,Cloudy,None apparent,Intersection:  Four-way intersection,Paved,,Property Damage Only,0,0,0,0,0,0,5000,2,3,,POINT (-91.78413244316 42.18931081524)
2014811630,14-003391,08/08/2014,08-August,6-Friday,16:06,1600 Hours,District 1 (Central),ANKENY,POLK,,NE 36TH ST & NE TRILEIN DR,Collision with:  Vehicle in traffic,On Roadway,Broadside (front to side),FTYROW:  From stop sign,None Indicated,,Daylight,Dry,Clear,None apparent,Intersection:  Four-way intersection,Paved,,Property Damage Only,0,0,0,0,0,0,9500,2,4,,POINT (-93.59377674767 41.760817791703)
2014811697,14-033312,08/08/2014,08-August,6-Friday,17:40,1700 Hours,District 4 (Southwest),COUNCIL BLUFFS,POTTAWATTAMIE,I-80,I-80,Collision with:  Animal,On Roadway,Non-collision (single vehicle),Animal,None Indicated,,Daylight,Dry,Clear,None apparent,Non-intersection:  Non-junction/no special feature,Paved,,Property Damage Only,0,0,0,0,0,0,4000,1,1,,POINT (-95.833328399169 41.231069157704)
2014815874,2014-55312,08/08/2014,08-August,6-Friday,14:02,1400 Hours,District 6 (East Central),DAVENPORT,SCOTT,,IA 461/WELCOME WAY & E 42ND ST,Collision with:  Vehicle in traffic,On Roadway,"Sideswipe, same direction",Made improper turn,None Indicated,,Daylight,Dry,Cloudy,None apparent,Intersection:  Other intersection (explain in narrative),Paved,,Property Damage Only,0,0,0,0,0,0,4000,2,4,,POINT (-90.569498930274 41.563646184151)
2014811649,20140023005,08/08/2014,08-August,6-Friday,23:18,2300 Hours,District 1 (Central),DES MOINES,POLK,,E GRAND AVE,Collision with:  Vehicle in traffic,On Roadway,Rear-end (front to rear),FTYROW:  From driveway,Refused,,Dark - roadway not lighted,Dry,Clear,None apparent,Non-intersection:  Driveway access (within),Paved,,Minor Injury,0,1,0,1,0,0,4000,2,3,,POINT (-93.564578210655 41.595585205326)
2014811374,14-2414,08/08/2014,08-August,6-Friday,03:15,0300 Hours,District 1 (Central),FORT DODGE,WEBSTER,,5TH AVE N & N 13TH ST,Non-collision events:  Other non-collision (explain in narrative),On Roadway,Non-collision (single vehicle),"Operating vehicle in an reckless, erratic, careless, negligent manner",Alcohol (Statutory),,Dark - roadway not lighted,Wet,Cloudy,"Surface condition (e.g., wet, icy)",Intersection:  Four-way intersection,Paved,,Minor Injury,0,1,0,1,0,0,200,1,1,,POINT (-94.181215039712 42.511301859922)
2014814460,2014046143,08/08/2014,08-August,6-Friday,03:01,0300 Hours,District 1 (Central),,JASPER,I-80,I-80,Collision with:  Animal,,,Animal,None Indicated,,,,,,,Paved,,Property Damage Only,0,0,0,0,0,0,1500,1,1,,POINT (-92.855585416715 41.695086467666)
2014811629,14-003394,08/08/2014,08-August,6-Friday,17:48,1700 Hours,District 1 (Central),ANKENY,POLK,,NE 36TH ST & NE DELAWARE AVE,Collision with:  Vehicle in traffic,On Roadway,Head-on (front to front),FTYROW:  Making left turn,None Indicated,,Daylight,Dry,Clear,None apparent,Intersection:  Four-way intersection,Paved,,Possible/Unknown,0,2,0,0,2,0,10000,2,4,,POINT (-93.581085665813 41.76084665093)
2014811554,01-14-35185,08/08/2014,08-August,6-Friday,13:35,1300 Hours,District 6 (East Central),DUBUQUE,DUBUQUE,IA 32,IA 32/IA32 NW ARTERIAL & PLAZA DR,Collision with:  Vehicle in traffic,On Roadway,"Angle, oncoming left turn",FTYROW:  Making left turn,None Indicated,,Daylight,Dry,Clear,None apparent,Intersection:  Four-way intersection,Paved,,Property Damage Only,0,0,0,0,0,0,8000,2,4,,POINT (-90.738556667319 42.520701197088)
2014812799,,08/08/2014,08-August,6-Friday,16:11,1600 Hours,District 2 (Northeast),CHARLES CITY,FLOYD,,N GRAND AVE,Collision with fixed object:  Curb/island/raised median,On Roadway,Rear-end (front to rear),Crossed centerline (undivided),None Indicated,,Daylight,Dry,Clear,None apparent,Non-intersection:  Non-junction/no special feature,Paved,,Property Damage Only,0,0,0,0,0,0,8000,2,3,,POINT (-92.672538960431 43.066539824161)
2014812802,,08/08/2014,08-August,6-Friday,10:15,1000 Hours,District 2 (Northeast),NEW HAMPTON,CHICKASAW,IA 24,IA 24/200TH,Collision with:  Vehicle in traffic,On Roadway,Rear-end (front to rear),Other (explain in narrative):  Other,None Indicated,,Daylight,Dry,Clear,None apparent,Non-intersection:  Driveway access (within),Paved,,Property Damage Only,0,0,0,0,0,0,6400,2,2,,POINT (-92.324257951205 43.06680523534)
2014811942,2014008471,08/08/2014,08-August,6-Friday,10:00,1000 Hours,District 6 (East Central),IOWA CITY,JOHNSON,,S 1ST AVE,Collision with:  Vehicle in traffic,On Roadway,Rear-end (front to rear),Followed too close,None Indicated,,Daylight,Dry,Cloudy,None apparent,Non-intersection:  Non-junction/no special feature,Paved,,Property Damage Only,0,0,0,0,0,0,4500,3,3,,POINT (-91.501995953125 41.652241294213)
2014820149,,08/08/2014,08-August,6-Friday,21:41,2100 Hours,District 2 (Northeast),CLEAR LAKE,CERRO GORDO,US 18,US 18 & 7TH AVE N & N 24TH ST,Non-collision events:  Other non-collision (explain in narrative),On Roadway,Non-collision (single vehicle),Lost Control,None Indicated,,Dark - roadway lighted,Dry,Clear,None apparent,Intersection:  Four-way intersection,Paved,,Minor Injury,0,1,0,1,0,0,0,1,2,,POINT (-93.35941486197 43.145723165894)
2014812319,14-194,08/08/2014,08-August,6-Friday,20:35,2000 Hours,District 4 (Southwest),,TAYLOR,,ROCKWOOD AVE,Collision with:  Animal,On Roadway,Non-collision (single vehicle),Animal,None Indicated,,Dark - roadway not lighted,Dry,Clear,None apparent,Non-intersection:  Non-junction/no special feature,Unpaved,,Possible/Unknown,0,1,0,0,1,0,15000,1,1,,POINT (-94.604632463418 40.687062874897)
2014811777,2014008502,08/08/2014,08-August,6-Friday,21:52,2100 Hours,District 6 (East Central),IOWA CITY,JOHNSON,IA 1,IA 1/IOWA 1 & KITTY LEE RD,Collision with:  Vehicle in traffic,On Roadway,Broadside (front to side),FTYROW:  Other (explain in narrative),None Indicated,,Dark - roadway not lighted,Dry,Cloudy,None apparent,Intersection:  T-intersection,Paved,,Possible/Unknown,0,1,0,0,1,0,4000,2,2,,POINT (-91.574673605078 41.629423484493)
2014811604,201411609,08/08/2014,08-August,6-Friday,18:40,1800 Hours,District 6 (East Central),CEDAR RAPIDS,LINN,,CENTER POINT RD NE,Collision with:  Vehicle in traffic,On Roadway,Broadside (front to side),Unknown,None Indicated,,Daylight,Dry,Clear,None apparent,Non-intersection:  Non-junction/no special feature,Paved,,Property Damage Only,0,0,0,0,0,0,2000,2,3,,POINT (-91.667024413856 42.024825422896)
2014814408,14-068,08/08/2014,08-August,6-Friday,19:10,1900 Hours,District 3 (Northwest),SIOUX CENTER,SIOUX,,FRONTAGE RD,Collision with:  Vehicle in traffic,On Roadway,"Sideswipe, opposite direction",FTYROW:  Making left turn,None Indicated,,Daylight,Dry,Cloudy,None apparent,Non-intersection:  Driveway access (within),Paved,,Property Damage Only,0,0,0,0,0,0,4000,2,2,,POINT (-96.17572276983 43.05906728201)
2014814480,W14-079597,08/08/2014,08-August,6-Friday,16:47,1600 Hours,District 2 (Northeast),WATERLOO,BLACK HAWK,,RIDGEMONT RD & ANSBOROUGH AVE,Collision with:  Vehicle in traffic,On Roadway,"Angle, oncoming left turn",FTYROW:  Making left turn,None Indicated,,Daylight,Dry,Clear,None apparent,Intersection:  Four-way intersection,Paved,,Property Damage Only,0,0,0,0,0,0,8000,2,2,,POINT (-92.376202475464 42.463403931409)
2014811607,201411577,08/08/2014,08-August,6-Friday,10:29,1000 Hours,District 6 (East Central),CEDAR RAPIDS,LINN,IA 922,IA 922/1ST AVE E,Collision with:  Vehicle in traffic,On Roadway,Rear-end (front to rear),FTYROW:  Other (explain in narrative),None Indicated,,Daylight,Dry,Clear,None apparent,Non-intersection:  Non-junction/no special feature,Paved,,Possible/Unknown,0,2,0,0,2,0,1000,2,7,,POINT (-91.635012181657 42.015352709047)
2014811804,14-4787,08/08/2014,08-August,6-Friday,11:20,1100 Hours,District 3 (Northwest),CHEROKEE,CHEROKEE,US 59,US 59 & VICTORY DR,Collision with:  Vehicle in traffic,On Roadway,"Sideswipe, same direction",Made improper turn,None Indicated,,Daylight,Dry,Clear,None apparent,Non-intersection:  Non-junction/no special feature,Paved,,Property Damage Only,0,0,0,0,0,0,9000,2,2,,POINT (-95.553348580784 42.76830599434)
2014812072,2014-55373,08/08/2014,08-August,6-Friday,18:59,1800 Hours,District 6 (East Central),DAVENPORT,SCOTT,,W CENTRAL PARK AVE & MARQUETTE ST,Collision with:  Vehicle in traffic,On Roadway,"Angle, oncoming left turn",FTYROW:  Making left turn,None Indicated,,Daylight,Dry,Clear,None apparent,Intersection:  Four-way intersection,Paved,,Property Damage Only,0,0,0,0,0,0,5000,2,3,,POINT (-90.591242232819 41.545514785252)
2014813207,,08/08/2014,08-August,6-Friday,10:45,1000 Hours,District 5 (Southeast),LEON,DECATUR,,NE 3RD ST & NE IDAHO ST,Collision with:  Vehicle in traffic,On Roadway,Broadside (front to side),Unknown,None Indicated,,,,,,,Paved,,Property Damage Only,0,0,0,0,0,0,3100,2,2,,POINT (-93.745918598229 40.74109180474)
2014814766,2014-55253,08/08/2014,08-August,6-Friday,06:26,0600 Hours,District 6 (East Central),DAVENPORT,SCOTT,,W 8TH ST,Collision with:  Parked motor vehicle,On Roadway,"Sideswipe, same direction",Unknown,None Indicated,,Dawn,Dry,Cloudy,None apparent,Non-intersection:  Non-junction/no special feature,Paved,,Property Damage Only,0,0,0,0,0,0,2000,2,1,,POINT (-90.596369339343 41.527825430339)