Iowa DOT Case Number,Law Enforcement Case Number,Date of Crash,Month of Crash,Day of Week,Time of Crash,Hour,DOT District,City Name,County Name,Route with System,Location Description,First Harmful Event,Location of First Harmful Event,Manner of Crash/Collision,Major Cause,Drug or Alcohol ,Environmental Conditions,Light Conditions,Surface Conditions,Weather Conditions,Roadway Contribution,Roadway Type,Roadway Surface,Work Zone,Crash Severity,Number of Fatalities,Number of Injuries,Number of Major Injuries,Number of Minor Injuries,Number of Possible Injuries,Number of Unknown Injuries,Amount of Property Damage,Number of Vehicles Involved,Total Number of Occupants,Travel Direction,Location
2014811756,14-2430,08/08/2014,08-August,6-Friday,20:20,2000 Hours,District 1 (Central),FORT DODGE,WEBSTER,,N 21ST ST,Collision with:  Parked motor vehicle,Roadside,Unknown,Unknown,None Indicated,,Daylight,Dry,Cloudy,None apparent,Non-intersection:  Non-junction/no special feature,Paved,,Property Damage Only,0,0,0,0,0,0,1500,2,1,,POINT (-94.169734275396 42.512491308642)
2014811913,2014-16959,08/08/2014,08-August,6-Friday,16:37,1600 Hours,District 5 (Southeast),,WARREN,US 65,US 65 & ELK HORN ST,Collision with:  Vehicle in traffic,On Roadway,Broadside (front to side),FTYROW:  From stop sign,None Indicated,,Daylight,Dry,Clear,None apparent,Intersection:  Other intersection (explain in narrative),Paved,,Property Damage Only,0,0,0,0,0,0,3000,2,6,,POINT (-93.558501222899 41.445795318464)
2014811838,080814-154,08/08/2014,08-August,6-Friday,13:48,1300 Hours,District 3 (Northwest),STORM LAKE,BUENA VISTA,,LAKE AVE & W 10TH ST & E 10TH ST,Collision with:  Vehicle in traffic,On Roadway,Rear-end (front to rear),Driver Distraction:  Manual operation of an electronic communication device,None Indicated,,Daylight,Dry,Cloudy,None apparent,Intersection:  Four-way intersection,Paved,,Possible/Unknown,0,2,0,0,2,0,11000,2,2,,POINT (-95.200824419019 42.651070176185)
2014812098,S14-7787,08/08/2014,08-August,6-Friday,01:50,0100 Hours,District 3 (Northwest),,WOODBURY,,LUTON TRL,Collision with fixed object:  Ditch,On Roadway,Non-collision (single vehicle),Over correcting/over steering,Under Influence of Alcohol/Drugs/Medications,,Dark - roadway not lighted,"Mud, dirt",Cloudy,None apparent,Non-intersection:  Non-junction/no special feature,Unpaved,,Property Damage Only,0,0,0,0,0,0,7000,1,1,,POINT (-96.225154083819 42.34077086774)
2014811613,14016699,08/08/2014,08-August,6-Friday,16:57,1600 Hours,District 6 (East Central),MARION,LINN,,7TH AVE,Collision with:  Non-motorist (see non-motorist section - NOT a unit),On Roadway,Non-collision (single vehicle),Other (explain in narrative):  No improper action,None Indicated,,Daylight,Dry,Cloudy,None apparent,Non-intersection:  Non-junction/no special feature,Paved,,Major Injury,0,2,1,0,1,0,1000,1,1,,POINT (-91.586305804374 42.033289122889)
2014812099,S14-7798,08/08/2014,08-August,6-Friday,11:04,1100 Hours,District 3 (Northwest),LAWTON,WOODBURY,,BIRCH ST,Collision with:  Vehicle in traffic,On Roadway,Rear-end (front to rear),Ran off road - right,None Indicated,,Daylight,Dry,Cloudy,None apparent,Non-intersection:  Non-junction/no special feature,Paved,,Possible/Unknown,0,1,0,0,1,0,16000,2,1,,POINT (-96.182791267061 42.47760336988)
2014812804,,08/08/2014,08-August,6-Friday,16:38,1600 Hours,District 2 (Northeast),BRITT,HANCOCK,,1ST AVE SE,,On Roadway,"Sideswipe, same direction",Ran off road - right,None Indicated,,Daylight,Dry,Clear,None apparent,Non-intersection:  Non-junction/no special feature,Paved,,Property Damage Only,0,0,0,0,0,0,4500,2,2,,POINT (-93.800620328641 43.096661378295)
2014811815,2014046276,08/08/2014,08-August,6-Friday,13:55,1300 Hours,District 1 (Central),,HAMILTON,I-35,I-35,Collision with:  Vehicle in traffic,On Roadway,"Sideswipe, same direction",Followed too close,None Indicated,,Daylight,Dry,Cloudy,Work Zone (roadway-related),Non-intersection:  Non-junction/no special feature,Paved,Yes,Property Damage Only,0,0,0,0,0,0,25000,2,2,,POINT (-93.57039489916 42.281571018443)
2014811655,20140022950,08/08/2014,08-August,6-Friday,14:45,1400 Hours,District 1 (Central),DES MOINES,POLK,US 69,US 69/SE 14TH ST & INDIANOLA AVE,Collision with:  Vehicle in traffic,On Roadway,Broadside (front to side),Ran Traffic Signal,None Indicated,,Daylight,Dry,Clear,None apparent,Intersection:  Four-way intersection,Paved,,Property Damage Only,0,0,0,0,0,0,4000,2,2,,POINT (-93.578606425268 41.512377958256)
2014811696,14-033310,08/08/2014,08-August,6-Friday,17:24,1700 Hours,District 4 (Southwest),COUNCIL BLUFFS,POTTAWATTAMIE,I-29,I-29,Collision with fixed object:  Concrete traffic barrier (median or right side),On Roadway,Non-collision (single vehicle),Lost Control,None Indicated,,Daylight,Dry,Clear,None apparent,Non-intersection:  Non-junction/no special feature,Paved,,Property Damage Only,0,0,0,0,0,0,3000,1,1,,POINT (-95.88925123032 41.232560457978)
2014817035,A14056,08/08/2014,08-August,6-Friday,12:52,1200 Hours,District 5 (Southeast),KNOXVILLE,MARION,,W JONES ST & MCKINLEY ST,Collision with:  Vehicle in traffic,On Roadway,Broadside (front to side),Other (explain in narrative):  No improper action,None Indicated,,Daylight,Dry,Cloudy,None apparent,Intersection:  Four-way intersection,Paved,,Possible/Unknown,0,1,0,0,1,0,6000,2,3,,POINT (-93.108650721737 41.322560178469)
2014811349,20140022958,08/08/2014,08-August,6-Friday,16:01,1600 Hours,District 1 (Central),DES MOINES,POLK,,LOGAN AVE & E 26TH ST,Collision with:  Parked motor vehicle,On Roadway,Rear-end (front to rear),Other (explain in narrative):  No improper action,None Indicated,,Daylight,Dry,Clear,None apparent,Non-intersection:  Non-junction/no special feature,Paved,,Property Damage Only,0,0,0,0,0,0,2000,2,1,,POINT (-93.568017732339 41.592370688805)
2014811819,2014046344,08/08/2014,08-August,6-Friday,19:30,1900 Hours,District 1 (Central),,JASPER,I-80,I-80,Collision with:  Other non-fixed object (explain in narrative),On Roadway,Non-collision (single vehicle),Unknown,None Indicated,,Dusk,Dry,Clear,Obstruction in roadway,Non-intersection:  Non-junction/no special feature,Paved,,Property Damage Only,0,0,0,0,0,0,3000,1,1,,POINT (-93.149207575508 41.683821403301)
2014812071,2014-55372,08/08/2014,08-August,6-Friday,18:50,1800 Hours,District 6 (East Central),DAVENPORT,SCOTT,US 67,US 67/W RIVER DR/E RIVER DR & IA 461/BRADY ST,Collision with:  Vehicle in traffic,On Roadway,Rear-end (front to rear),Followed too close,None Indicated,,Daylight,Dry,Cloudy,None apparent,Intersection:  Four-way intersection,Paved,,Property Damage Only,0,0,0,0,0,0,2500,2,4,,POINT (-90.574061659126 41.5202146519)
2014811611,201411600,08/08/2014,08-August,6-Friday,16:14,1600 Hours,District 6 (East Central),CEDAR RAPIDS,LINN,,2ND AVE SW & 7TH ST SW,Collision with:  Vehicle in traffic,On Roadway,Broadside (front to side),FTYROW:  From stop sign,None Indicated,,Daylight,Dry,Cloudy,None apparent,Intersection:  Four-way intersection,Paved,,Property Damage Only,0,0,0,0,0,0,8000,2,2,,POINT (-91.680140638356 41.972910931464)
2014811339,20140022910,08/08/2014,08-August,6-Friday,08:45,0800 Hours,District 1 (Central),DES MOINES,POLK,IA 28,IA 28/63RD ST,Collision with:  Vehicle in traffic,On Roadway,Rear-end (front to rear),Followed too close,None Indicated,,Daylight,Dry,Cloudy,None apparent,Intersection:  Intersection with ramp,Paved,,Property Damage Only,0,0,0,0,0,0,2500,2,2,,POINT (-93.703516526778 41.592486087437)
2014815060,C14079531,08/08/2014,08-August,6-Friday,13:06,1300 Hours,District 2 (Northeast),CEDAR FALLS,BLACK HAWK,IA 57,IA 57/1ST ST,Collision with:  Vehicle in traffic,On Roadway,"Angle, oncoming left turn",FTYROW:  Making left turn,None Indicated,,Daylight,Dry,Cloudy,None apparent,Non-intersection:  Driveway access (within),Paved,,Property Damage Only,0,0,0,0,0,0,6000,2,2,,POINT (-92.452754450925 42.537823015799)
2014811805,14-4791,08/08/2014,08-August,6-Friday,14:55,1400 Hours,District 3 (Northwest),CHEROKEE,CHEROKEE,US 59,US 59/S 2ND ST & W ELM ST & E ELM ST,Collision with:  Vehicle in traffic,On Roadway,Rear-end (front to rear),Followed too close,None Indicated,,Daylight,Dry,Clear,None apparent,Non-intersection:  Non-junction/no special feature,Paved,,Property Damage Only,0,0,0,0,0,0,3500,2,3,,POINT (-95.551378151091 42.747999178193)
2014811640,20140022962,08/08/2014,08-August,6-Friday,16:38,1600 Hours,District 1 (Central),DES MOINES,POLK,I-235,I-235 & E 6TH ST,Collision with:  Vehicle in traffic,On Roadway,Broadside (front to side),Ran Traffic Signal,None Indicated,,Daylight,Dry,Cloudy,None apparent,Intersection:  Intersection with ramp,Paved,,Possible/Unknown,0,1,0,0,1,0,17000,2,5,,POINT (-93.610836382164 41.594538086088)
2014811329,20140022890,08/08/2014,08-August,6-Friday,00:48,0000 Hours,District 1 (Central),DES MOINES,POLK,,SE 15TH CT,Collision with fixed object:  Curb/island/raised median,On Roadway,Non-collision (single vehicle),Ran off road - left,None Indicated,,Dark - roadway lighted,Dry,Cloudy,None apparent,Non-intersection:  Non-junction/no special feature,Paved,,Possible/Unknown,0,1,0,0,0,1,1500,1,4,,POINT (-93.593757758251 41.546906964988)
2014815560,14157,08/08/2014,08-August,6-Friday,20:32,2000 Hours,District 5 (Southeast),PELLA,MARION,,WASHINGTON ST & OLD HWY 163,Collision with:  Vehicle in traffic,On Roadway,Rear-end (front to rear),Driver Distraction:  Manual operation of an electronic communication device,None Indicated,,Dusk,Dry,Cloudy,None apparent,Intersection:  Other intersection (explain in narrative),Paved,,Property Damage Only,0,0,0,0,0,0,1500,2,2,,POINT (-92.944947561152 41.412620863615)
2014812070,2014-55335,08/08/2014,08-August,6-Friday,15:45,1500 Hours,District 6 (East Central),DAVENPORT,SCOTT,,N DIVISION ST & NORTHWEST BLVD & PROP W 61ST ST,Collision with:  Vehicle in traffic,On Roadway,Rear-end (front to rear),Followed too close,None Indicated,,Daylight,Dry,Clear,None apparent,Non-intersection:  Non-junction/no special feature,Paved,,Property Damage Only,0,0,0,0,0,0,4000,2,2,,POINT (-90.600224951976 41.583646640632)
2014814486,W14-079581,08/08/2014,08-August,6-Friday,16:04,1600 Hours,District 2 (Northeast),WATERLOO,BLACK HAWK,,CATARACT AVE,Collision with:  Parked motor vehicle,On Roadway,Broadside (front to side),Improper Backing,None Indicated,,Daylight,Dry,Clear,None apparent,Non-intersection:  Non-junction/no special feature,Paved,,Property Damage Only,0,0,0,0,0,0,1500,2,2,,POINT (-92.349267586042 42.467441909148)
2014811624,14-5256,08/08/2014,08-August,6-Friday,17:35,1700 Hours,District 1 (Central),DES MOINES,POLK,,E OAKHILL DR & E 56TH ST,Collision with:  Vehicle in traffic,On Roadway,Broadside (front to side),Unknown,None Indicated,,Daylight,Dry,Clear,None apparent,Non-intersection:  Non-junction/no special feature,Paved,,Possible/Unknown,0,1,0,0,1,0,5500,2,3,,POINT (-93.50326944097 41.621072190688)
2014811782,14005274,08/08/2014,08-August,6-Friday,11:29,1100 Hours,District 2 (Northeast),ALGONA,KOSSUTH,,E STATE ST,Collision with:  Vehicle in traffic,On Roadway,Rear-end (front to rear),FTYROW:  From driveway,None Indicated,,Daylight,Dry,Clear,None apparent,Non-intersection:  Driveway access (within),Paved,,Property Damage Only,0,0,0,0,0,0,2500,2,3,,POINT (-94.223126042374 43.068927155186)
2014811686,S14-003106,08/08/2014,08-August,6-Friday,19:10,1900 Hours,District 4 (Southwest),,POTTAWATTAMIE,,Co Rd G60/MCPHERSON AVE & Co Rd L43/235TH ST & PRESCOTT CIR,Collision with:  Vehicle in traffic,On Roadway,Rear-end (front to rear),Followed too close,None Indicated,,Daylight,Dry,Clear,None apparent,Non-intersection:  Alley,Paved,,Possible/Unknown,0,2,0,0,2,0,11000,2,3,,POINT (-95.736778093639 41.27139554585)
2014811522,14011236,08/08/2014,08-August,6-Friday,19:40,1900 Hours,District 5 (Southeast),CENTERVILLE,APPANOOSE,,W WASHINGTON ST,Collision with:  Parked motor vehicle,On Roadway,"Sideswipe, opposite direction",Lost Control,None Indicated,,Daylight,Wet,Cloudy,None apparent,Non-intersection:  Non-junction/no special feature,Paved,,Property Damage Only,0,0,0,0,0,0,3000,2,1,,POINT (-92.88173331911 40.735937336588)
2014811952,14-079687,08/08/2014,08-August,6-Friday,21:11,2100 Hours,District 2 (Northeast),,BLACK HAWK,I-380,I-380,Collision with:  Other non-fixed object (explain in narrative),On Roadway,Non-collision (single vehicle),Swerving/Evasive Action,None Indicated,,Dark - roadway not lighted,Dry,Clear,Debris,Non-intersection:  Non-junction/no special feature,Paved,,Property Damage Only,0,0,0,0,0,0,3000,1,1,,POINT (-92.077329152828 42.358756227952)
2014811816,2014046316,08/08/2014,08-August,6-Friday,17:18,1700 Hours,District 5 (Southeast),,WARREN,I-35,I-35,Collision with:  Vehicle in traffic,On Roadway,"Sideswipe, same direction",Crossed centerline (undivided),None Indicated,,Daylight,Dry,Cloudy,Work Zone (roadway-related),Non-intersection:  Non-junction/no special feature,Paved,Yes,Property Damage Only,0,0,0,0,0,0,7000,2,3,,POINT (-93.780124697946 41.490632776039)
2014811610,201411597,08/08/2014,08-August,6-Friday,15:07,1500 Hours,District 6 (East Central),CEDAR RAPIDS,LINN,,EAST POST RD & FOX MEADOW DR SE,Collision with fixed object:  Utility pole/light support,Outside trafficway,Non-collision (single vehicle),Crossed centerline (undivided),None Indicated,,Daylight,Dry,Cloudy,None apparent,Non-intersection:  Non-junction/no special feature,Paved,,Property Damage Only,0,0,0,0,0,0,5000,1,2,,POINT (-91.601326003291 41.991773708211)
2014811862,C14002465,08/08/2014,08-August,6-Friday,08:15,0800 Hours,District 6 (East Central),CORALVILLE,JOHNSON,,1ST AVE,Collision with:  Vehicle in traffic,On Roadway,Rear-end (front to rear),Followed too close,None Indicated,,Daylight,Dry,Clear,None apparent,Intersection:  Four-way intersection,Paved,,Property Damage Only,0,0,0,0,0,0,2000,2,2,,POINT (-91.565764819312 41.681435446976)
2014811817,2014046331,08/08/2014,08-August,6-Friday,18:38,1800 Hours,District 5 (Southeast),,WARREN,I-35,I-35,Collision with:  Vehicle in traffic,On Roadway,Rear-end (front to rear),Downhill runaway,None Indicated,,Daylight,Dry,Cloudy,None apparent,Non-intersection:  Non-junction/no special feature,Paved,,Property Damage Only,0,0,0,0,0,0,11000,2,2,,POINT (-93.778910755117 41.315985574047)
2014811555,01-14-35266,08/08/2014,08-August,6-Friday,23:25,2300 Hours,District 6 (East Central),DUBUQUE,DUBUQUE,,PLAZA DR,Collision with:  Vehicle in traffic,On Roadway,Broadside (front to side),Ran Stop Sign,None Indicated,,Dark - roadway lighted,Dry,Clear,None apparent,Intersection:  Four-way intersection,Paved,,Property Damage Only,0,0,0,0,0,0,2500,2,3,,POINT (-90.739663652305 42.522749223248)
2014811749,2014-16960,08/08/2014,08-August,6-Friday,16:50,1600 Hours,District 5 (Southeast),INDIANOLA,WARREN,US 65,US 65,Collision with:  Vehicle in traffic,On Roadway,Rear-end (front to rear),Driving too fast for conditions,None Indicated,,Daylight,Dry,Cloudy,Work Zone (roadway-related),Non-intersection:  Non-junction/no special feature,Paved,Yes,Minor Injury,0,2,0,1,1,0,8500,3,4,,POINT (-93.55871774354 41.387272338102)
2014811818,2014046340,08/08/2014,08-August,6-Friday,19:30,1900 Hours,District 6 (East Central),,JOHNSON,I-80,I-80 & Co Rd W38/BLACK HAWK AVE,Collision with fixed object:  Traffic sign support,Roadside,Non-collision (single vehicle),Ran off road - straight,Alcohol (Statutory),,Dusk,Dry,Cloudy,None apparent,Intersection:  Four-way intersection,Paved,,Property Damage Only,0,0,0,0,0,0,3500,1,1,,POINT (-91.803734849953 41.689401228953)
2014812205,14-140808-01,08/08/2014,08-August,6-Friday,09:52,0900 Hours,District 6 (East Central),,IOWA,IA 220,IA 220/220TH TRL & H ST,Collision with:  Vehicle in traffic,On Roadway,Rear-end (front to rear),Driver Distraction:  Manual operation of an electronic communication device,None Indicated,,Daylight,Dry,Cloudy,None apparent,Intersection:  T-intersection,Paved,,Property Damage Only,0,0,0,0,0,0,9000,2,3,,POINT (-91.895796850165 41.797837827099)
2014811307,14016666,08/08/2014,08-August,6-Friday,11:03,1100 Hours,District 6 (East Central),MARION,LINN,,10TH AVE,Collision with:  Vehicle in traffic,On Roadway,Broadside (front to side),Ran Traffic Signal,None Indicated,,Daylight,Dry,Clear,None apparent,Intersection:  Four-way intersection,Paved,,Minor Injury,0,2,0,1,1,0,17000,2,3,,POINT (-91.553257580103 42.035759265076)
2014812333,2014046288,08/08/2014,08-August,6-Friday,14:18,1400 Hours,District 4 (Southwest),SHELBY,POTTAWATTAMIE,I-80,I-80,Collision with fixed object:  Traffic sign support,Gore,Non-collision (single vehicle),Oversized Load/Vehicle,None Indicated,,Daylight,Dry,Cloudy,None apparent,"Interchange-related:  Off-ramp, diverge area",Paved,,Property Damage Only,0,0,0,0,0,0,4000,1,1,,POINT (-95.446589380415 41.498665859636)
2014811869,1400000694,08/08/2014,08-August,6-Friday,21:38,2100 Hours,District 1 (Central),MARSHALLTOWN,MARSHALL,US 30,US 30/240TH ST,Collision with:  Animal,,,Animal,None Indicated,,,,,,,Paved,,Property Damage Only,0,0,0,0,0,0,2000,1,1,,POINT (-93.034731430166 42.008314877157)
2014813455,145936PD,08/08/2014,08-August,6-Friday,15:30,1500 Hours,District 1 (Central),BOONE,BOONE,,10TH ST & GREENE ST,Collision with:  Vehicle in traffic,On Roadway,Broadside (front to side),Ran Stop Sign,None Indicated,,Daylight,Dry,Clear,None apparent,Intersection:  Four-way intersection,Paved,,Property Damage Only,0,0,0,0,0,0,2000,2,2,,POINT (-93.883401196186 42.065858812794)
2014811338,20140022931,08/08/2014,08-August,6-Friday,11:33,1100 Hours,District 1 (Central),DES MOINES,POLK,,16TH ST,Collision with:  Non-motorist (see non-motorist section - NOT a unit),On Roadway,Non-collision (single vehicle),Unknown,None Indicated,,Daylight,Dry,Clear,None apparent,Non-intersection:  Non-junction/no special feature,Paved,,Possible/Unknown,0,1,0,0,1,0,0,1,1,,POINT (-93.639030874186 41.610084423242)
2014853440,2014008095,08/08/2014,08-August,6-Friday,16:15,1600 Hours,District 1 (Central),MARSHALLTOWN,MARSHALL,,W CHURCH ST & S 9TH ST,Collision with:  Vehicle in traffic,On Roadway,Rear-end (front to rear),Followed too close,None Indicated,,Daylight,Dry,Clear,None apparent,Intersection:  Four-way intersection,Paved,,Property Damage Only,0,0,0,0,0,0,4000,2,4,,POINT (-92.927388499226 42.047899286092)
2014812299,N14000409,08/08/2014,08-August,6-Friday,17:11,1700 Hours,District 6 (East Central),NORTH LIBERTY,JOHNSON,,HWY 965 & N DUBUQUE ST,Collision with:  Vehicle in traffic,On Roadway,Rear-end (front to rear),Followed too close,None Indicated,,Daylight,Dry,Clear,None apparent,Intersection:  T-intersection,Paved,,Property Damage Only,0,0,0,0,0,0,1700,2,2,,POINT (-91.607535928436 41.757876539649)
2014811351,20140022920,08/08/2014,08-August,6-Friday,10:12,1000 Hours,District 1 (Central),DES MOINES,POLK,,MADISON AVE & LOWER BEAVER RD,Collision with:  Vehicle in traffic,On Roadway,Head-on (front to front),FTYROW:  Other (explain in narrative),None Indicated,,Daylight,Dry,Clear,None apparent,Intersection:  Four-way intersection,Paved,,Property Damage Only,0,0,0,0,0,0,4000,2,2,,POINT (-93.664327401887 41.633188583901)
2014820138,,08/08/2014,08-August,6-Friday,13:46,1300 Hours,District 2 (Northeast),CLEAR LAKE,CERRO GORDO,,1ST AVE N & N 8TH ST,Collision with:  Vehicle in traffic,On Roadway,Rear-end (front to rear),Other (explain in narrative):  Other,None Indicated,,Daylight,Dry,Cloudy,None apparent,Intersection:  Four-way intersection,Paved,,Property Damage Only,0,0,0,0,0,0,9500,2,4,,POINT (-93.378762525346 43.138285782127)
2014811533,W14-079498,08/08/2014,08-August,6-Friday,10:37,1000 Hours,District 2 (Northeast),WATERLOO,BLACK HAWK,US 63,US 63/E MULLAN AVE & CONGER ST & NEWELL ST,Collision with:  Vehicle in traffic,On Roadway,Broadside (front to side),Ran Traffic Signal,None Indicated,,Daylight,Dry,Clear,Work Zone (roadway-related),Intersection:  Four-way intersection,Paved,Yes,Possible/Unknown,0,1,0,0,1,0,4000,2,2,,POINT (-92.336644945344 42.513155245664)
2014811337,20140022917,08/08/2014,08-August,6-Friday,09:37,0900 Hours,District 1 (Central),DES MOINES,POLK,US 6,US 6/EUCLID AVE,Collision with:  Vehicle in traffic,On Roadway,Rear-end (front to rear),Driver Distraction:  Passenger,None Indicated,,Daylight,Dry,Cloudy,None apparent,Non-intersection:  Non-junction/no special feature,Paved,,Property Damage Only,0,0,0,0,0,0,2700,2,6,,POINT (-93.650381211723 41.627683885792)
2014811560,02-14-11882,08/08/2014,08-August,6-Friday,23:00,2300 Hours,District 6 (East Central),,DUBUQUE,,KEMP RD,Collision with fixed object:  Ditch,Roadside,Non-collision (single vehicle),Crossed centerline (undivided),None Indicated,,Dark - roadway not lighted,Dry,Unknown,None apparent,Non-intersection:  Non-junction/no special feature,Paved,,Property Damage Only,0,0,0,0,0,0,3000,1,1,,POINT (-90.651139667176 42.443613139834)
2014811659,20140022974,08/08/2014,08-August,6-Friday,18:46,1800 Hours,District 1 (Central),DES MOINES,POLK,,E 30TH ST,Collision with:  Vehicle in traffic,On Roadway,Rear-end (front to rear),Unknown,None Indicated,,Daylight,Dry,Cloudy,None apparent,Non-intersection:  Driveway access (within),Paved,,Property Damage Only,0,0,0,0,0,0,2000,2,5,,POINT (-93.558400928378 41.598623796498)
2014811984,W14-080062,08/09/2014,08-August,7-Saturday,21:35,2100 Hours,District 2 (Northeast),WATERLOO,BLACK HAWK,I-380,I-380 & E SAN MARNAN DR,Collision with:  Other non-fixed object (explain in narrative),On Roadway,Non-collision (single vehicle),Lost Control,Alcohol (Statutory),,Dark - roadway not lighted,Dry,Clear,None apparent,Intersection:  Four-way intersection,Paved,,Property Damage Only,0,0,0,0,0,0,2000,1,1,,POINT (-92.319419362126 42.468340257982)
2014812744,2014008538,08/09/2014,08-August,7-Saturday,19:00,1900 Hours,District 6 (East Central),IOWA CITY,JOHNSON,,HIGH ST,Collision with:  Parked motor vehicle,On Roadway,"Sideswipe, same direction",Other (explain in narrative):  Vision obstructed,None Indicated,,Daylight,Dry,Clear,None apparent,Non-intersection:  Non-junction/no special feature,Paved,,Property Damage Only,0,0,0,0,0,0,4000,2,1,,POINT (-91.508880862088 41.657806999399)
2014811612,201411638,08/09/2014,08-August,7-Saturday,07:46,0700 Hours,District 6 (East Central),CEDAR RAPIDS,LINN,,DIAGONAL DR SW & 3RD ST SW,Collision with:  Vehicle in traffic,On Roadway,Broadside (front to side),Ran Traffic Signal,None Indicated,,Daylight,Dry,Clear,None apparent,Intersection:  Four-way intersection,Paved,,Major Injury,0,2,2,0,0,0,21200,2,3,,POINT (-91.672650860653 41.97091519922)
2014811605,201411654,08/09/2014,08-August,7-Saturday,13:24,1300 Hours,District 6 (East Central),CEDAR RAPIDS,LINN,IA 100,IA 100/COLLINS RD NE,Collision with:  Non-motorist (see non-motorist section - NOT a unit),Outside trafficway,Non-collision (single vehicle),FTYROW:  To pedestrian,None Indicated,,Daylight,Dry,Clear,None apparent,Non-intersection:  Non-junction/no special feature,Paved,,Possible/Unknown,0,1,0,0,1,0,50,1,1,,POINT (-91.630287407327 42.027851286239)
2014811820,2014046478,08/09/2014,08-August,7-Saturday,14:59,1400 Hours,District 6 (East Central),,IOWA,I-80,I-80,Collision with fixed object:  Guardrail - face,On Roadway,Non-collision (single vehicle),Swerving/Evasive Action,None Indicated,,Daylight,Dry,Clear,None apparent,Non-intersection:  Non-junction/no special feature,Paved,,Property Damage Only,0,0,0,0,0,0,2000,1,2,,POINT (-91.871110877494 41.68726369715)
2014811689,S14-003120,08/09/2014,08-August,7-Saturday,14:48,1400 Hours,District 4 (Southwest),,POTTAWATTAMIE,,Co Rd L20/OLD LINCOLN HWY & Co Rd L36/COLDWATER AVE,,On Roadway,Non-collision (single vehicle),Ran off road - right,None Indicated,,Daylight,Dry,Cloudy,None apparent,Intersection:  T-intersection,Paved,,Minor Injury,0,1,0,1,0,0,2000,1,1,,POINT (-95.834164498551 41.409634636259)
2014812591,14-0959,08/09/2014,08-August,7-Saturday,12:11,1200 Hours,District 1 (Central),CLIVE,POLK,US 6,US 6/HICKMAN RD,Collision with:  Vehicle in traffic,On Roadway,Rear-end (front to rear),Followed too close,None Indicated,,Daylight,Dry,Cloudy,None apparent,Intersection:  Four-way intersection,Paved,,Property Damage Only,0,0,0,0,0,0,12900,3,4,,POINT (-93.780227977883 41.614896362952)
2014811894,20140023232,08/09/2014,08-August,7-Saturday,20:45,2000 Hours,District 1 (Central),DES MOINES,POLK,,SE 1ST ST & INDIANOLA AVE & INDIANOLA RD,Collision with:  Vehicle in traffic,On Roadway,"Angle, oncoming left turn",FTYROW:  Making left turn,None Indicated,,Dark - roadway lighted,Dry,Cloudy,None apparent,Intersection:  Four-way intersection,Paved,,Property Damage Only,0,0,0,0,0,0,1500,2,2,,POINT (-93.615341606554 41.572392230145)
2014812328,CL14002806,08/09/2014,08-August,7-Saturday,15:28,1500 Hours,District 6 (East Central),CLINTON,CLINTON,,8TH AVE S & S 5TH ST,Collision with:  Vehicle in traffic,On Roadway,Broadside (front to side),FTYROW:  From stop sign,None Indicated,,Daylight,Dry,Clear,None apparent,Intersection:  Four-way intersection,Paved,,Property Damage Only,0,0,0,0,0,0,6000,2,2,,POINT (-90.195708618074 41.837799721061)
2014811561,02-14-11902,08/09/2014,08-August,7-Saturday,19:50,1900 Hours,District 6 (East Central),DUBUQUE,DUBUQUE,,OLD HIGHWAY RD & SEIPPEL RD,Collision with:  Vehicle in traffic,On Roadway,Broadside (front to side),FTYROW:  From stop sign,None Indicated,,Daylight,Dry,Clear,None apparent,Intersection:  Four-way intersection,Paved,,Property Damage Only,0,0,0,0,0,0,3000,2,6,,POINT (-90.779616391249 42.481223876915)
2014811964,,08/09/2014,08-August,7-Saturday,10:55,1000 Hours,District 4 (Southwest),ADEL,DALLAS,,RAPIDS ST & N 15TH ST,Collision with:  Vehicle in traffic,On Roadway,Broadside (front to side),Other (explain in narrative):  Vision obstructed,None Indicated,,Daylight,Dry,Cloudy,None apparent,Intersection:  Four-way intersection,Paved,,Property Damage Only,0,0,0,0,0,0,2000,2,4,,POINT (-94.026525357228 41.619130672536)
2014812158,2014-004695,08/09/2014,08-August,7-Saturday,19:50,1900 Hours,District 6 (East Central),,BENTON,,29 AVE DR,Non-collision events:  Overturn/rollover,On Roadway,Non-collision (single vehicle),Swerving/Evasive Action,None Indicated,,Dusk,Dry,Clear,None apparent,Non-intersection:  Non-junction/no special feature,Unpaved,,Property Damage Only,0,0,0,0,0,0,7100,1,3,,POINT (-91.909792582551 42.168742896114)
2014811658,20140023128,08/09/2014,08-August,7-Saturday,20:34,2000 Hours,District 1 (Central),DES MOINES,POLK,,E HULL AVE,Collision with:  Vehicle in traffic,On Roadway,Head-on (front to front),Crossed centerline (undivided),None Indicated,,Dark - roadway lighted,Dry,Clear,None apparent,Non-intersection:  Non-junction/no special feature,Paved,,Possible/Unknown,0,2,0,0,1,1,3000,2,2,,POINT (-93.572397406456 41.622270989904)