Iowa DOT Case Number,Law Enforcement Case Number,Date of Crash,Month of Crash,Day of Week,Time of Crash,Hour,DOT District,City Name,County Name,Route with System,Location Description,First Harmful Event,Location of First Harmful Event,Manner of Crash/Collision,Major Cause,Drug or Alcohol ,Environmental Conditions,Light Conditions,Surface Conditions,Weather Conditions,Roadway Contribution,Roadway Type,Roadway Surface,Work Zone,Crash Severity,Number of Fatalities,Number of Injuries,Number of Major Injuries,Number of Minor Injuries,Number of Possible Injuries,Number of Unknown Injuries,Amount of Property Damage,Number of Vehicles Involved,Total Number of Occupants,Travel Direction,Location
2014811639,20140023112,08/09/2014,08-August,7-Saturday,17:55,1700 Hours,District 1 (Central),DES MOINES,POLK,,E 30TH ST,Collision with:  Vehicle in traffic,On Roadway,Rear-end (front to rear),Lost Control,None Indicated,,Daylight,Dry,Cloudy,None apparent,Non-intersection:  Non-junction/no special feature,Paved,,Possible/Unknown,0,1,0,0,1,0,1500,2,2,,POINT (-93.558398331686 41.596930446009)
2014812266,20140002776,08/09/2014,08-August,7-Saturday,20:52,2000 Hours,District 6 (East Central),,LINN,I-380,I-380,Collision with:  Animal,,,Animal,None Indicated,,,,,,,Paved,,Property Damage Only,0,0,0,0,0,0,2000,1,1,,POINT (-91.818367394339 42.194576963703)
2014811699,14-033494,08/09/2014,08-August,7-Saturday,19:36,1900 Hours,District 4 (Southwest),COUNCIL BLUFFS,POTTAWATTAMIE,I-29,I-29 & NEBRASKA AVE,Collision with:  Vehicle in traffic,On Roadway,"Angle, oncoming left turn",Ran Traffic Signal,None Indicated,,Dusk,Dry,Cloudy,None apparent,Intersection:  T-intersection,Paved,,Property Damage Only,0,0,0,0,0,0,3000,2,3,,POINT (-95.902892525134 41.243177790719)
2014812077,2014-55598,08/09/2014,08-August,7-Saturday,18:14,1800 Hours,District 6 (East Central),DAVENPORT,SCOTT,,IA 461/WELCOME WAY & W 50TH ST & E 50TH ST,Collision with:  Vehicle in traffic,On Roadway,Broadside (front to side),Unknown,None Indicated,,Daylight,Dry,Clear,None apparent,Non-intersection:  Non-junction/no special feature,Paved,,Property Damage Only,0,0,0,0,0,0,2000,2,3,,POINT (-90.571601701907 41.570895732133)
2014811532,W14-080081,08/09/2014,08-August,7-Saturday,22:33,2200 Hours,District 2 (Northeast),WATERLOO,BLACK HAWK,,E MITCHELL AVE & W 9TH ST,Collision with:  Vehicle in traffic,On Roadway,Broadside (front to side),Driver Distraction:  Passenger,None Indicated,,Dark - roadway lighted,Dry,Clear,None apparent,Intersection:  Four-way intersection,Paved,,Property Damage Only,0,0,0,0,0,0,1500,2,3,,POINT (-92.342517810916 42.476616394147)
2014812171,08-14-015,08/09/2014,08-August,7-Saturday,10:45,1000 Hours,District 3 (Northwest),LE MARS,PLYMOUTH,,2ND ST SE & 9TH AVE SE,Collision with:  Parked motor vehicle,On Roadway,"Sideswipe, same direction",Other (explain in narrative):  Other,None Indicated,,Daylight,Dry,Clear,None apparent,Non-intersection:  Non-junction/no special feature,Paved,,Property Damage Only,0,0,0,0,0,0,4500,2,2,,POINT (-96.153060758963 42.790603849296)
2014811993,14011706,08/09/2014,08-August,7-Saturday,18:57,1800 Hours,District 6 (East Central),,CEDAR,,Co Rd Y24/HOOVER HWY,Non-collision events:  Overturn/rollover,Shoulder,Non-collision (single vehicle),Driving too fast for conditions,Alcohol (Statutory),,Daylight,Dry,Clear,None apparent,Non-intersection:  Non-junction/no special feature,Paved,,Property Damage Only,0,0,0,0,0,0,5000,1,1,,POINT (-90.926501331891 41.905940984388)
2014812809,14011248,08/09/2014,08-August,7-Saturday,00:33,0000 Hours,District 5 (Southeast),MORAVIA,APPANOOSE,IA 5,IA 5/IOWA 5 & Co Rd J18/HWY J18,Non-collision events:  Other non-collision (explain in narrative),On Roadway,Non-collision (single vehicle),Made improper turn,None Indicated,,Dark - roadway lighted,Dry,Clear,None apparent,Intersection:  Four-way intersection,Paved,,Property Damage Only,0,0,0,0,0,0,4100,1,2,,POINT (-92.831145412695 40.892406540806)
2014811534,W14-079882,08/09/2014,08-August,7-Saturday,10:19,1000 Hours,District 2 (Northeast),WATERLOO,BLACK HAWK,,W COMMERCIAL ST & RIVER RD & W JEFFERSON ST,Collision with:  Non-motorist (see non-motorist section - NOT a unit),On Roadway,Non-collision (single vehicle),FTYROW:  From stop sign,None Indicated,,Daylight,Dry,Cloudy,None apparent,Intersection:  Four-way intersection,Paved,,Possible/Unknown,0,1,0,0,1,0,100,1,1,,POINT (-92.347490911526 42.500294165562)
2014811535,080914-84,08/09/2014,08-August,7-Saturday,10:00,1000 Hours,District 3 (Northwest),,BUENA VISTA,,Co Rd C49/590TH ST,Collision with:  Vehicle in traffic,On Roadway,Head-on (front to front),Crossed centerline (undivided),None Indicated,,Daylight,Dry,Clear,None apparent,Non-intersection:  Non-junction/no special feature,Paved,,Property Damage Only,0,0,0,0,0,0,45000,2,3,,POINT (-94.990287232512 42.661667991468)
2014811543,142357,08/09/2014,08-August,7-Saturday,21:00,2100 Hours,District 3 (Northwest),,CRAWFORD,US 59,US 59 & L AVE,Collision with:  Animal,,,Animal,None Indicated,,,,,,,Paved,,Property Damage Only,0,0,0,0,0,0,2500,1,1,,POINT (-95.406591156041 42.046217663698)
2014811530,W14-079977,08/09/2014,08-August,7-Saturday,16:48,1600 Hours,District 2 (Northeast),WATERLOO,BLACK HAWK,,CORNWALL AVE,Non-collision events:  Other non-collision (explain in narrative),On Roadway,Non-collision (single vehicle),Other (explain in narrative):  Other,None Indicated,,Daylight,Dry,Clear,None apparent,Non-intersection:  Non-junction/no special feature,Paved,,Possible/Unknown,0,1,0,0,1,0,0,1,1,,POINT (-92.335419798795 42.474819313719)
2014811617,069-14,08/09/2014,08-August,7-Saturday,02:00,0200 Hours,District 4 (Southwest),,MADISON,,Co Rd G4R/CUMMING RD & 143RD ST,Collision with fixed object:  Ditch,On Roadway,Non-collision (single vehicle),Swerving/Evasive Action,None Indicated,,Dark - roadway not lighted,Dry,Clear,None apparent,Non-intersection:  Non-junction/no special feature,Paved,,Property Damage Only,0,0,0,0,0,0,3000,1,1,,POINT (-93.886467147239 41.43879048629)
2014812076,2014-55567,08/09/2014,08-August,7-Saturday,16:16,1600 Hours,District 6 (East Central),DAVENPORT,SCOTT,,IA 461/WELCOME WAY & W 53RD ST,Collision with:  Vehicle in traffic,On Roadway,"Sideswipe, same direction",Made improper turn,Refused,,Daylight,Dry,Cloudy,None apparent,Intersection:  Other intersection (explain in narrative),Paved,,Property Damage Only,0,0,0,0,0,0,5500,2,3,,POINT (-90.571682181277 41.574508983311)
2014814214,14-514,08/09/2014,08-August,7-Saturday,20:33,2000 Hours,District 5 (Southeast),,WAYNE,IA 2,IA 2/IOWA 2,Collision with:  Vehicle in traffic,On Roadway,Rear-end (front to rear),Followed too close,Alcohol (Statutory),,Dark - roadway not lighted,Dry,Clear,None apparent,Non-intersection:  Non-junction/no special feature,Paved,,Major Injury,0,1,1,0,0,0,1500,2,2,,POINT (-93.345481766571 40.757047508265)
2014811753,14-0442,08/09/2014,08-August,7-Saturday,03:09,0300 Hours,District 1 (Central),MOORLAND,WEBSTER,,Co Rd D26/230TH ST & Co Rd D36/GRANT AVE,Collision with fixed object:  Ditch,Shoulder,Non-collision (single vehicle),Ran Stop Sign,Alcohol (Statutory),,Dark - roadway lighted,Dry,Clear,None apparent,Intersection:  T-intersection,Paved,,Property Damage Only,0,0,0,0,0,0,8000,1,1,,POINT (-94.286360759671 42.456099496962)
2014812692,14003671,08/09/2014,08-August,7-Saturday,22:04,2200 Hours,District 1 (Central),AMES,STORY,,S WALNUT ST,Collision with:  Parked motor vehicle,On Roadway,"Sideswipe, same direction",Lost Control,None Indicated,,Dark - roadway lighted,Dry,Clear,None apparent,Non-intersection:  Non-junction/no special feature,Paved,,Property Damage Only,0,0,0,0,0,0,11000,2,1,,POINT (-93.616877661012 42.018055934312)
2014812800,,08/09/2014,08-August,7-Saturday,21:34,2100 Hours,District 2 (Northeast),CHARLES CITY,FLOYD,,G ST,Collision with:  Parked motor vehicle,On Roadway,Broadside (front to side),Improper Backing,None Indicated,,Dark - unknown roadway lighting,Dry,Clear,None apparent,Non-intersection:  Non-junction/no special feature,Paved,,Property Damage Only,0,0,0,0,0,0,3000,2,1,,POINT (-92.662756915034 43.069807235107)
2014820587,2014-55535,08/09/2014,08-August,7-Saturday,11:54,1100 Hours,District 6 (East Central),DAVENPORT,SCOTT,,W 53RD ST & WARREN ST,Non-collision events:  Other non-collision (explain in narrative),On Roadway,Non-collision (single vehicle),Equipment failure,None Indicated,,Daylight,Dry,Clear,None apparent,Non-intersection:  Non-junction/no special feature,Paved,,Property Damage Only,0,0,0,0,0,0,3500,2,3,,POINT (-90.584802213085 41.574542313361)
2014811698,14-033461,08/09/2014,08-August,7-Saturday,15:30,1500 Hours,District 4 (Southwest),COUNCIL BLUFFS,POTTAWATTAMIE,,E MANAWA DR,Collision with fixed object:  Tree,On Roadway,Non-collision (single vehicle),Ran off road - right,None Indicated,,Daylight,Dry,Clear,None apparent,Non-intersection:  Non-junction/no special feature,Paved,,Property Damage Only,0,0,0,0,0,0,5000,1,2,,POINT (-95.838640775 41.203306501609)
2014812074,2014-55526,08/09/2014,08-August,7-Saturday,08:00,0800 Hours,District 6 (East Central),DAVENPORT,SCOTT,,E PLEASANT ST,Collision with:  Parked motor vehicle,On Roadway,Broadside (front to side),Improper Backing,None Indicated,,Daylight,Dry,Cloudy,None apparent,Non-intersection:  Non-junction/no special feature,Paved,,Property Damage Only,0,0,0,0,0,0,2500,2,1,,POINT (-90.543734229752 41.539438648683)
2014811537,14004909,08/09/2014,08-August,7-Saturday,01:01,0100 Hours,District 2 (Northeast),NORA SPRINGS,CERRO GORDO,,Co Rd B30/265TH ST,Collision with:  Animal,,,Animal,None Indicated,,,,,,,Paved,,Property Damage Only,0,0,0,0,0,0,2500,1,1,,POINT (-93.026244036711 43.147050061317)
2014811967,,08/09/2014,08-August,7-Saturday,18:28,1800 Hours,District 6 (East Central),CAMANCHE,CLINTON,,9TH ST,Collision with fixed object:  Other fixed object (explain in narrative),On Roadway,Non-collision (single vehicle),Swerving/Evasive Action,Alcohol (Statutory),,Daylight,Dry,Cloudy,None apparent,Non-intersection:  Non-junction/no special feature,Paved,,Property Damage Only,0,0,0,0,0,0,5500,1,1,,POINT (-90.278836454979 41.786414210064)
2014811595,14-024576,08/09/2014,08-August,7-Saturday,20:32,2000 Hours,District 5 (Southeast),,LEE,,Co Rd J62/255 ST,Collision with:  Animal,,,Animal,None Indicated,,,,,,,Paved,,Property Damage Only,0,0,0,0,0,0,3500,1,1,,POINT (-91.513641224705 40.589807004788)
2014811664,20140023080,08/09/2014,08-August,7-Saturday,12:30,1200 Hours,District 1 (Central),DES MOINES,POLK,,50TH ST,Collision with:  Vehicle in traffic,On Roadway,"Sideswipe, same direction",Lost Control,None Indicated,,Daylight,Dry,Cloudy,None apparent,Non-intersection:  Non-junction/no special feature,Paved,,Property Damage Only,0,0,0,0,0,0,1500,2,1,,POINT (-93.687620418379 41.619775026431)
2014909169,074-14,08/09/2014,08-August,7-Saturday,15:32,1500 Hours,District 4 (Southwest),,MADISON,,Co Rd G14/105TH ST,Collision with:  Animal,,,Animal,None Indicated,,,,,,,Paved,,Property Damage Only,0,0,0,0,0,0,2500,1,777,,POINT (-94.166363570996 41.496506696346)
2014814400,14033484,08/09/2014,08-August,7-Saturday,18:53,1800 Hours,District 5 (Southeast),,MUSCATINE,US 6,US 6,Non-collision events:  Overturn/rollover,On Roadway,Non-collision (single vehicle),Swerving/Evasive Action,Refused,,Daylight,Dry,Clear,None apparent,Non-intersection:  Non-junction/no special feature,Paved,,Possible/Unknown,0,1,0,0,1,0,7000,1,1,,POINT (-91.084583409608 41.566882047707)
2014811661,20140023046,08/09/2014,08-August,7-Saturday,08:34,0800 Hours,District 1 (Central),DES MOINES,POLK,,48TH PL & MADISON AVE,Collision with fixed object:  Utility pole/light support,Outside trafficway,Unknown,Swerving/Evasive Action,None Indicated,,Daylight,Dry,Clear,None apparent,Non-intersection:  Non-junction/no special feature,Paved,,Minor Injury,0,1,0,1,0,0,10900,2,1,,POINT (-93.684424353634 41.633097702549)
2014814446,2014046460,08/09/2014,08-August,7-Saturday,13:27,1300 Hours,District 1 (Central),ALTOONA,POLK,I-80,I-80,Collision with fixed object:  Concrete traffic barrier (median or right side),Shoulder,Non-collision (single vehicle),Swerving/Evasive Action,None Indicated,,Daylight,Dry,Clear,Work Zone (roadway-related),Interchange-related:  On-ramp,Paved,Yes,Minor Injury,0,1,0,1,0,0,5000,1,1,,POINT (-93.497016357322 41.661811902635)
2014811594,14-024502,08/09/2014,08-August,7-Saturday,05:19,0500 Hours,District 5 (Southeast),,LEE,IA 16,IA 16/IOWA 16,Collision with:  Animal,,,Animal,None Indicated,,,,,,,Paved,,Property Damage Only,0,0,0,0,0,0,1500,1,1,,POINT (-91.718684830006 40.813545324636)
2014814767,2014-55489,08/09/2014,08-August,7-Saturday,04:42,0400 Hours,District 6 (East Central),DAVENPORT,SCOTT,,,Collision with:  Parked motor vehicle,Outside trafficway,Broadside (front to side),Lost Control,None Indicated,,Dark - roadway lighted,Dry,Clear,None apparent,Non-intersection:  Non-junction/no special feature,,,Possible/Unknown,0,1,0,0,0,1,3000,3,1,,POINT (-96.643700149993 40.233091251414)
2014814399,14033469,08/09/2014,08-August,7-Saturday,17:12,1700 Hours,District 5 (Southeast),,MUSCATINE,,Co Rd Y26/VAIL AVE & NEW ERA RD,Non-collision events:  Overturn/rollover,On Roadway,Non-collision (single vehicle),Swerving/Evasive Action,None Indicated,,Daylight,Dry,Clear,None apparent,Intersection:  Y-intersection,Paved,,Minor Injury,0,1,0,1,0,0,2000,1,1,,POINT (-90.911098490369 41.46879443099)
2014826782,2014046552,08/09/2014,08-August,7-Saturday,23:00,2300 Hours,District 4 (Southwest),,CASS,I-80,I-80,Collision with:  Animal,,,Animal,None Indicated,,,,,,,Paved,,Property Damage Only,0,0,0,0,0,0,7000,1,1,,POINT (-94.853086837359 41.497101153975)
2014811643,20140023116,08/09/2014,08-August,7-Saturday,18:00,1800 Hours,District 1 (Central),DES MOINES,POLK,I-235,I-235 & DAY ST & 7TH ST,Collision with:  Vehicle in traffic,On Roadway,Broadside (front to side),Unknown,None Indicated,,Daylight,Dry,Clear,None apparent,Intersection:  Four-way intersection,Paved,,Property Damage Only,0,0,0,0,0,0,3000,2,2,,POINT (-93.626883423857 41.596262161577)
2014811780,14079911,08/09/2014,08-August,7-Saturday,12:12,1200 Hours,District 2 (Northeast),CEDAR FALLS,BLACK HAWK,,GREENHILL RD,Collision with:  Animal,On Roadway,Non-collision (single vehicle),Animal,None Indicated,,Daylight,Dry,Clear,None apparent,Non-intersection:  Non-junction/no special feature,Paved,,Property Damage Only,0,0,0,0,0,0,3500,1,1,,POINT (-92.420254007613 42.498100671896)
2014811938,14-006870,08/09/2014,08-August,7-Saturday,18:23,1800 Hours,District 4 (Southwest),ATLANTIC,CASS,US 6,US 6/7TH ST & ELM ST,Non-collision events:  Other non-collision (explain in narrative),On Roadway,Non-collision (single vehicle),Ran Stop Sign,None Indicated,,Daylight,Dry,Clear,None apparent,Intersection:  Other intersection (explain in narrative),Paved,,Major Injury,0,1,1,0,0,0,1000,2,5,,POINT (-95.01026094991 41.40395078963)
2014814093,2014-9449,08/09/2014,08-August,7-Saturday,12:50,1200 Hours,District 2 (Northeast),FOREST CITY,WINNEBAGO,,W M ST & N 10TH ST,Collision with:  Vehicle in traffic,On Roadway,Broadside (front to side),FTYROW:  At uncontrolled intersection,None Indicated,,Daylight,Dry,Cloudy,None apparent,Intersection:  Four-way intersection,Paved,,Property Damage Only,0,0,0,0,0,0,2700,2,3,,POINT (-93.644261739853 43.266803076404)
2014811556,01-14-35326,08/09/2014,08-August,7-Saturday,10:40,1000 Hours,District 6 (East Central),DUBUQUE,DUBUQUE,IA 946,IA 946/IOWA 946 & CHARTER ST,Collision with:  Vehicle in traffic,On Roadway,Rear-end (front to rear),Lost Control,None Indicated,,Daylight,Dry,Clear,None apparent,Non-intersection:  Non-junction/no special feature,Paved,,Property Damage Only,0,0,0,0,0,0,4000,2,3,,POINT (-90.665255994998 42.489081082397)
2014811976,SO140321,08/09/2014,08-August,7-Saturday,13:54,1300 Hours,District 4 (Southwest),,ADAMS,,CHESTNUT AVE,Collision with fixed object:  Utility pole/light support,On Roadway,Non-collision (single vehicle),Crossed centerline (undivided),None Indicated,,Daylight,Dry,Cloudy,None apparent,Non-intersection:  Non-junction/no special feature,Unpaved,,Fatal,1,0,0,0,0,0,20020,1,1,,POINT (-94.872370904774 41.019407215849)
2014812075,2014-55544,08/09/2014,08-August,7-Saturday,12:41,1200 Hours,District 6 (East Central),DAVENPORT,SCOTT,,IA 461/HARRISON ST & W 13TH ST,Collision with:  Vehicle in traffic,On Roadway,"Sideswipe, same direction",Improper or erratic lane changing,None Indicated,,Daylight,Dry,Clear,None apparent,Non-intersection:  Non-junction/no special feature,Paved,,Property Damage Only,0,0,0,0,0,0,4000,2,3,,POINT (-90.577216960323 41.53296225233)
2014813486,,08/09/2014,08-August,7-Saturday,13:28,1300 Hours,District 2 (Northeast),CHARLES CITY,FLOYD,US 18,US 18/S GRAND AVE/US HWY 18 & US 218,Collision with:  Vehicle in traffic,On Roadway,Broadside (front to side),FTYROW:  From stop sign,None Indicated,,Daylight,,Cloudy,,Intersection:  Five points or more,Paved,,Minor Injury,0,3,0,2,1,0,20000,2,3,,POINT (-92.672625392577 43.038750649241)
2014811797,145710,08/09/2014,08-August,7-Saturday,01:45,0100 Hours,District 4 (Southwest),,DALLAS,I-80,I-80,Collision with fixed object:  Guardrail - face,Shoulder,Non-collision (single vehicle),Ran off road - left,None Indicated,,Dark - roadway not lighted,Dry,Clear,None apparent,Non-intersection:  Non-junction/no special feature,Paved,,Property Damage Only,0,0,0,0,0,0,8000,1,1,,POINT (-93.905553247546 41.557907719473)
2014811957,,08/09/2014,08-August,7-Saturday,13:30,1300 Hours,District 5 (Southeast),,LUCAS,,Co Rd S23/200TH AVE,Non-collision events:  Overturn/rollover,Roadside,Non-collision (single vehicle),Swerving/Evasive Action,None Indicated,,Daylight,Wet,Cloudy,None apparent,Non-intersection:  Non-junction/no special feature,Paved,,Minor Injury,0,1,0,1,0,0,20000,1,1,,POINT (-93.365795096936 41.100886695372)
2014811755,14-2435,08/09/2014,08-August,7-Saturday,09:50,0900 Hours,District 1 (Central),FORT DODGE,WEBSTER,,1ST AVE S,Collision with:  Vehicle in traffic,On Roadway,Broadside (front to side),FTYROW:  From driveway,None Indicated,,Daylight,Dry,Cloudy,None apparent,Non-intersection:  Driveway access (within),Paved,,Property Damage Only,0,0,0,0,0,0,2000,2,3,,POINT (-94.157343131827 42.505268475112)
2014812326,201402770,08/09/2014,08-August,7-Saturday,16:22,1600 Hours,District 6 (East Central),,LINN,,OLD RIVER RD & KLOUDA RD,Collision with:  Vehicle in traffic,On Roadway,"Sideswipe, opposite direction",Crossed centerline (undivided),None Indicated,,Daylight,Dry,Clear,None apparent,Non-intersection:  Non-junction/no special feature,Unpaved,,Property Damage Only,0,0,0,0,0,0,8000,2,2,,POINT (-91.559581120415 41.915035954887)
2014811806,14-4823,08/09/2014,08-August,7-Saturday,12:47,1200 Hours,District 3 (Northwest),CHEROKEE,CHEROKEE,US 59,US 59/N 2ND ST & W BLUFF ST & E BLUFF ST,Collision with:  Vehicle in traffic,On Roadway,"Sideswipe, same direction",Unknown,None Indicated,,Daylight,Dry,Clear,None apparent,Non-intersection:  Non-junction/no special feature,Paved,,Property Damage Only,0,0,0,0,0,0,6500,2,4,,POINT (-95.551436812988 42.755084623929)
2014813468,,08/09/2014,08-August,7-Saturday,12:00,1200 Hours,District 3 (Northwest),COON RAPIDS,CARROLL,,RAILWAY ST,Collision with:  Parked motor vehicle,Roadside,"Sideswipe, same direction",Unknown,None Indicated,,Unknown,Unknown,Unknown,Unknown,Non-intersection:  Non-junction/no special feature,Paved,,Property Damage Only,0,0,0,0,0,0,1500,2,2,,POINT (-94.681074279037 41.871289421486)
2014814768,2014-55494,08/09/2014,08-August,7-Saturday,06:09,0600 Hours,District 6 (East Central),DAVENPORT,SCOTT,,MYRTLE ST & ASH ST,Collision with fixed object:  Utility pole/light support,On Roadway,Non-collision (single vehicle),Lost Control,None Indicated,,Daylight,Dry,Clear,None apparent,Intersection:  T-intersection,Paved,,Possible/Unknown,0,1,0,0,0,1,4000,1,1,,POINT (-90.588997038417 41.526572233561)
2014811681,14-0683,08/09/2014,08-August,7-Saturday,18:58,1800 Hours,District 1 (Central),WINDSOR HEIGHTS,POLK,IA 28,IA 28/63RD ST & UNIVERSITY AVE,Collision with:  Vehicle in traffic,On Roadway,Rear-end (front to rear),Unknown,None Indicated,,Daylight,Dry,Clear,None apparent,Intersection:  Four-way intersection,Paved,,Property Damage Only,0,0,0,0,0,0,6700,3,5,,POINT (-93.703602311396 41.6003848959)
2014826781,2014046416,08/09/2014,08-August,7-Saturday,03:12,0300 Hours,District 4 (Southwest),,MILLS,I-29,I-29,Collision with:  Vehicle in traffic,On Roadway,"Sideswipe, same direction",Improper or erratic lane changing,Alcohol (Statutory),,Dark - roadway not lighted,Dry,Clear,None apparent,Non-intersection:  Non-junction/no special feature,Paved,,Minor Injury,0,6,0,4,2,0,14000,2,4,,POINT (-95.822866026347 41.155365753332)
2014811642,20140023107,08/09/2014,08-August,7-Saturday,16:30,1600 Hours,District 1 (Central),DES MOINES,POLK,,DAY ST & 6TH AVE,Collision with:  Vehicle in traffic,On Roadway,"Sideswipe, same direction",Other (explain in narrative):  Other,None Indicated,,Daylight,Dry,Clear,None apparent,Non-intersection:  Driveway access (within),Paved,,Property Damage Only,0,0,0,0,0,0,3000,2,3,,POINT (-93.625682968357 41.596205649639)
2014817547,201403617,08/09/2014,08-August,7-Saturday,13:18,1300 Hours,District 1 (Central),,BOONE,,Co Rd E26/MARION ST/W 22ND ST & MONARCH DR,Collision with fixed object:  Ditch,Outside trafficway,Non-collision (single vehicle),Ran off road - straight,None Indicated,,Daylight,Dry,Clear,None apparent,Intersection:  T-intersection,Paved,,Property Damage Only,0,0,0,0,0,0,5500,1,1,,POINT (-93.902938636323 42.078135638161)
2014812559,201411683,08/09/2014,08-August,7-Saturday,21:00,2100 Hours,District 6 (East Central),CEDAR RAPIDS,LINN,,J ST SW,Collision with:  Parked motor vehicle,On Roadway,Rear-end (front to rear),Other (explain in narrative):  Other,Alcohol (Statutory),,Dark - roadway lighted,Dry,Clear,None apparent,Non-intersection:  Non-junction/no special feature,Paved,,Possible/Unknown,0,1,0,0,1,0,25000,2,1,,POINT (-91.667229157808 41.947309465214)
2014812682,14-003663,08/09/2014,08-August,7-Saturday,07:42,0700 Hours,District 1 (Central),AMES,STORY,,OAKLAND ST,Collision with:  Vehicle in traffic,On Roadway,Unknown,Unknown,None Indicated,,Unknown,Dry,Cloudy,None apparent,Non-intersection:  Non-junction/no special feature,Paved,,Property Damage Only,0,0,0,0,0,0,2000,2,1,,POINT (-93.664136853113 42.028284872464)
2014813298,14-0441,08/09/2014,08-August,7-Saturday,00:35,0000 Hours,District 1 (Central),,WEBSTER,US 20,US 20/NW RAMP CURV,Collision with fixed object:  Utility pole/light support,Shoulder,Non-collision (single vehicle),Swerving/Evasive Action,None Indicated,,Dark - roadway lighted,Dry,Clear,None apparent,Non-intersection:  Other non-intersection (explain in narrative),Paved,,Property Damage Only,0,0,0,0,0,0,2550,1,1,,POINT (-94.185255112922 42.446139634018)
2014814140,14004840,08/09/2014,08-August,7-Saturday,21:42,2100 Hours,District 3 (Northwest),CHEROKEE,CHEROKEE,,Co Rd L56/RIVER RD & 550TH ST,Collision with:  Animal,On Roadway,Non-collision (single vehicle),Animal,None Indicated,,Dark - roadway not lighted,Dry,Clear,None apparent,Non-intersection:  Non-junction/no special feature,Paved,,Property Damage Only,0,0,0,0,0,0,8000,1,3,,POINT (-95.574223641125 42.72227425147)
2014812107,14-25786,08/09/2014,08-August,7-Saturday,10:32,1000 Hours,District 3 (Northwest),SIOUX CITY,WOODBURY,,FLOYD BLVD & CENTRAL ST,Collision with:  Vehicle in traffic,On Roadway,Rear-end (front to rear),Driver Distraction:  Inattentive/lost in thought,None Indicated,,Daylight,Dry,Cloudy,None apparent,Non-intersection:  Non-junction/no special feature,Paved,,Property Damage Only,0,0,0,0,0,0,3000,2,3,,POINT (-96.361477295252 42.540066413075)
2014812116,14-26045,08/09/2014,08-August,7-Saturday,15:00,1500 Hours,District 3 (Northwest),SIOUX CITY,WOODBURY,,WESLEY PKWY & W 14TH ST & HAMILTON BLVD,Collision with:  Vehicle in traffic,On Roadway,Rear-end (front to rear),Followed too close,None Indicated,,Daylight,Dry,Clear,None apparent,Intersection:  Four-way intersection,Paved,,Possible/Unknown,0,1,0,0,1,0,400,2,2,,POINT (-96.416838287865 42.505164787603)
2014812108,14-25808,08/09/2014,08-August,7-Saturday,15:33,1500 Hours,District 3 (Northwest),SIOUX CITY,WOODBURY,,LA PLANTE AVE & METROPOLITAN ST,Collision with:  Vehicle in traffic,On Roadway,"Angle, oncoming left turn",Made improper turn,None Indicated,,Daylight,Dry,Cloudy,None apparent,Intersection:  Four-way intersection,Paved,,Property Damage Only,0,0,0,0,0,0,4500,2,5,,POINT (-96.482530619552 42.518762663023)
2014812363,1408098281,08/09/2014,08-August,7-Saturday,19:00,1900 Hours,District 6 (East Central),,CLINTON,,Co Rd Y32/118 AVE,Collision with:  Parked motor vehicle,Outside trafficway,Unknown,"Operating vehicle in an reckless, erratic, careless, negligent manner",None Indicated,,Daylight,"Mud, dirt",Cloudy,None apparent,Non-intersection:  Non-junction/no special feature,Paved,,Property Damage Only,0,0,0,0,0,0,2900,2,2,,POINT (-90.864377551628 41.910241635589)
2014811872,14004675,08/09/2014,08-August,7-Saturday,12:07,1200 Hours,District 3 (Northwest),SHELDON,OBRIEN,US 18,US 18/PARK ST & COUNTRY CLUB RD & NEST AVE,Collision with:  Vehicle in traffic,On Roadway,Broadside (front to side),FTYROW:  From stop sign,None Indicated,,Daylight,Dry,Cloudy,None apparent,Intersection:  Four-way intersection,Paved,,Possible/Unknown,0,1,0,0,1,0,3500,2,3,,POINT (-95.822228142433 43.186023610054)
2014812805,,08/09/2014,08-August,7-Saturday,16:14,1600 Hours,District 4 (Southwest),,ADAIR,I-80,I-80,,Shoulder,Non-collision (single vehicle),Ran off road - left,None Indicated,,Daylight,Dry,Clear,None apparent,Non-intersection:  Non-junction/no special feature,Paved,,Possible/Unknown,0,1,0,0,1,0,8214,1,2,,POINT (-94.686852735962 41.496732822443)
2014811687,S14-003114,08/09/2014,08-August,7-Saturday,03:15,0300 Hours,District 4 (Southwest),,POTTAWATTAMIE,,Co Rd L35/WABASH AVE,Non-collision events:  Overturn/rollover,On Roadway,Non-collision (single vehicle),Ran off road - right,Drug,,Dark - roadway not lighted,Dry,Cloudy,None apparent,Non-intersection:  Non-junction/no special feature,Paved,,Minor Injury,0,1,0,1,0,0,30000,1,1,,POINT (-95.802025532841 41.212967212978)
2014812165,14C03694,08/09/2014,08-August,7-Saturday,04:02,0400 Hours,District 4 (Southwest),CRESTON,UNION,,E ADAMS ST & S CHESTNUT ST,Collision with:  Other non-fixed object (explain in narrative),Roadside,Non-collision (single vehicle),Ran off road - left,None Indicated,,Dark - roadway lighted,Dry,Cloudy,None apparent,Non-intersection:  Non-junction/no special feature,Paved,,Property Damage Only,0,0,0,0,0,0,1500,1,1,,POINT (-94.351613674621 41.056571148731)
2014811557,01-14-35434,08/09/2014,08-August,7-Saturday,22:32,2200 Hours,District 6 (East Central),DUBUQUE,DUBUQUE,,PENNSYLVANIA AVE,Non-collision events:  Other non-collision (explain in narrative),On Roadway,Non-collision (single vehicle),Other (explain in narrative):  Other,None Indicated,,Dark - roadway lighted,Dry,Clear,None apparent,Non-intersection:  Non-junction/no special feature,Paved,,Property Damage Only,0,0,0,0,0,0,3500,1,2,,POINT (-90.722699671074 42.500449440248)