Iowa DOT Case Number,Law Enforcement Case Number,Date of Crash,Month of Crash,Day of Week,Time of Crash,Hour,DOT District,City Name,County Name,Route with System,Location Description,First Harmful Event,Location of First Harmful Event,Manner of Crash/Collision,Major Cause,Drug or Alcohol ,Environmental Conditions,Light Conditions,Surface Conditions,Weather Conditions,Roadway Contribution,Roadway Type,Roadway Surface,Work Zone,Crash Severity,Number of Fatalities,Number of Injuries,Number of Major Injuries,Number of Minor Injuries,Number of Possible Injuries,Number of Unknown Injuries,Amount of Property Damage,Number of Vehicles Involved,Total Number of Occupants,Travel Direction,Location
2014811666,20140023268,08/11/2014,08-August,2-Monday,07:15,0700 Hours,District 1 (Central),DES MOINES,POLK,,NW 50TH ST & NW MEREDITH DR,Collision with:  Parked motor vehicle,On Roadway,Rear-end (front to rear),Lost Control,None Indicated,,Daylight,Dry,Cloudy,None apparent,Intersection:  Four-way intersection,Paved,,Minor Injury,0,2,0,1,1,0,10000,3,2,,POINT (-93.686473208811 41.644020176097)
2014816595,1400000701,08/11/2014,08-August,2-Monday,17:15,1700 Hours,District 1 (Central),,MARSHALL,US 30,US 30/240TH ST & COPPOCK PARK RD,Collision with:  Vehicle in traffic,On Roadway,Rear-end (front to rear),Traveling wrong way or on wrong side of road,None Indicated,,Daylight,Dry,Cloudy,None apparent,Intersection:  Four-way intersection,Paved,,Property Damage Only,0,0,0,0,0,0,1500,2,2,,POINT (-92.847950633251 42.006940487355)
2014811865,C14002501,08/11/2014,08-August,2-Monday,16:45,1600 Hours,District 6 (East Central),CORALVILLE,JOHNSON,,CORAL RIDGE AVE,Collision with:  Vehicle in traffic,On Roadway,Rear-end (front to rear),Followed too close,None Indicated,,Daylight,Dry,Cloudy,None apparent,Intersection:  Four-way intersection,Paved,,Property Damage Only,0,0,0,0,0,0,7500,2,6,,POINT (-91.60844941211 41.696632437297)
2014812114,14-25997,08/11/2014,08-August,2-Monday,01:58,0100 Hours,District 3 (Northwest),SIOUX CITY,WOODBURY,,9TH ST & COURT ST,Collision with fixed object:  Curb/island/raised median,Roadside,Non-collision (single vehicle),Ran off road - right,None Indicated,,Dark - roadway lighted,Dry,Clear,None apparent,Intersection:  Four-way intersection,Paved,,Property Damage Only,0,0,0,0,0,0,6500,1,1,,POINT (-96.39642455608 42.499676259276)
2014811937,CL14002830,08/11/2014,08-August,2-Monday,16:10,1600 Hours,District 6 (East Central),CLINTON,CLINTON,,6TH AVE S & S 4TH ST,Collision with:  Vehicle in traffic,On Roadway,Broadside (front to side),FTYROW:  From stop sign,None Indicated,,Daylight,Dry,Clear,None apparent,Intersection:  Four-way intersection,Paved,,Possible/Unknown,0,1,0,0,1,0,5000,2,3,,POINT (-90.193250868802 41.84002709515)
2014811880,20140023389,08/11/2014,08-August,2-Monday,22:49,2200 Hours,District 1 (Central),DES MOINES,POLK,,E 4TH ST,Collision with fixed object:  Utility pole/light support,Shoulder,Non-collision (single vehicle),Lost Control,None Indicated,,Dark - roadway lighted,Dry,Clear,None apparent,Non-intersection:  Non-junction/no special feature,Paved,,Property Damage Only,0,0,0,0,0,0,12000,1,2,,POINT (-93.612759104735 41.589772028004)
2014813009,,08/11/2014,08-August,2-Monday,14:17,1400 Hours,District 6 (East Central),CEDAR RAPIDS,LINN,I-380,I-380 & US 30/LINCOLN FWY,Collision with:  Vehicle in traffic,On Roadway,"Sideswipe, same direction",Unknown,None Indicated,,Daylight,Dry,Cloudy,,Non-intersection:  Crossover-related,Paved,,Property Damage Only,0,0,0,0,0,0,4000,2,2,,POINT (-91.664277470011 41.926884441004)
2014814975,2014-55989,08/11/2014,08-August,2-Monday,11:53,1100 Hours,District 6 (East Central),DAVENPORT,SCOTT,,IA 461/HARRISON ST & W 16TH ST,Collision with:  Vehicle in traffic,On Roadway,Head-on (front to front),Unknown,None Indicated,,Daylight,Dry,Cloudy,None apparent,Intersection:  T-intersection,Paved,,Minor Injury,0,1,0,1,0,0,4500,2,3,,POINT (-90.577226734105 41.536231787045)
2014811855,01-14-35639,08/11/2014,08-August,2-Monday,11:40,1100 Hours,District 6 (East Central),DUBUQUE,DUBUQUE,,PENNSYLVANIA AVE,Collision with:  Vehicle in traffic,On Roadway,Rear-end (front to rear),Other (explain in narrative):  Other,None Indicated,,Daylight,Dry,Clear,None apparent,Intersection:  T-intersection,Paved,,Possible/Unknown,0,1,0,0,1,0,5000,2,3,,POINT (-90.732238433872 42.50051260638)
2014811928,201400039130,08/11/2014,08-August,2-Monday,18:58,1800 Hours,District 5 (Southeast),OTTUMWA,WAPELLO,,E 2ND ST & S JEFFERSON ST & N JEFFERSON ST,Collision with:  Vehicle in traffic,On Roadway,Broadside (front to side),FTYROW:  From stop sign,None Indicated,,Daylight,Dry,Clear,None apparent,Intersection:  Four-way intersection,Paved,,Property Damage Only,0,0,0,0,0,0,5000,2,2,,POINT (-92.408334920371 41.016037926974)
2014812387,14010918,08/11/2014,08-August,2-Monday,21:47,2100 Hours,District 4 (Southwest),,MILLS,,HILMAN RD,Collision with:  Vehicle in traffic,On Roadway,Rear-end (front to rear),Unknown,None Indicated,,Dark - roadway not lighted,Dry,Clear,None apparent,Non-intersection:  Non-junction/no special feature,Paved,,Possible/Unknown,0,1,0,0,1,0,10000,2,2,,POINT (-95.761402955763 41.046912667601)
2014811899,14-001849,08/11/2014,08-August,2-Monday,17:42,1700 Hours,District 1 (Central),ALTOONA,POLK,,8TH ST SW,Collision with:  Vehicle in traffic,On Roadway,Rear-end (front to rear),Followed too close,None Indicated,,Daylight,Dry,Clear,None apparent,Intersection:  Four-way intersection,Paved,,Property Damage Only,0,0,0,0,0,0,2500,2,5,,POINT (-93.507807789119 41.644137696509)
2014811908,2014-15388,08/11/2014,08-August,2-Monday,17:14,1700 Hours,District 6 (East Central),BETTENDORF,SCOTT,,MIDDLE RD,Collision with:  Vehicle in traffic,On Roadway,Rear-end (front to rear),Lost Control,None Indicated,,Daylight,Dry,Cloudy,None apparent,Non-intersection:  Non-junction/no special feature,Paved,,Property Damage Only,0,0,0,0,0,0,6550,4,4,,POINT (-90.522060528518 41.538514061123)
2014812169,08-14-013,08/11/2014,08-August,2-Monday,07:56,0700 Hours,District 3 (Northwest),LE MARS,PLYMOUTH,,4TH ST SW & 1ST AVE SW,Collision with:  Vehicle in traffic,On Roadway,"Angle, oncoming left turn",FTYROW:  Making left turn,None Indicated,,Daylight,Dry,Clear,None apparent,Intersection:  Four-way intersection,Paved,,Minor Injury,0,2,0,2,0,0,7000,2,6,,POINT (-96.167815772266 42.788179253641)
2014816011,2014046809,08/11/2014,08-August,2-Monday,11:06,1100 Hours,District 4 (Southwest),,HARRISON,I-29,I-29,Collision with fixed object:  Ditch,On Roadway,Non-collision (single vehicle),Crossed centerline (undivided),None Indicated,,Daylight,Dry,Clear,None apparent,Non-intersection:  Non-junction/no special feature,Paved,,Property Damage Only,0,0,0,0,0,0,30000,1,2,,POINT (-96.000822457393 41.630012612568)
2014812265,14080623,08/11/2014,08-August,2-Monday,15:57,1500 Hours,District 2 (Northeast),CEDAR FALLS,BLACK HAWK,,NORDIC DR,Collision with:  Vehicle in traffic,On Roadway,Rear-end (front to rear),Lost Control,None Indicated,,Daylight,Dry,Cloudy,None apparent,Intersection:  Four-way intersection,Paved,,Possible/Unknown,0,1,0,0,1,0,1200,2,3,,POINT (-92.447637903895 42.484123748459)
2014811950,2014008606,08/11/2014,08-August,2-Monday,19:55,1900 Hours,District 6 (East Central),IOWA CITY,JOHNSON,IA 1,IA 1/GOVERNOR ST & E JEFFERSON ST,Collision with:  Vehicle in traffic,On Roadway,"Angle, oncoming left turn",Made improper turn,None Indicated,,Dusk,Dry,Cloudy,None apparent,Intersection:  Four-way intersection,Paved,,Property Damage Only,0,0,0,0,0,0,4500,2,4,,POINT (-91.522756278123 41.662372537333)
2014811935,2014-3837,08/11/2014,08-August,2-Monday,19:12,1900 Hours,District 4 (Southwest),WAUKEE,DALLAS,,UNIVERSITY AVE & ALICES RD & GRAND PRAIRIE PKWY,Collision with:  Vehicle in traffic,On Roadway,Rear-end (front to rear),Followed too close,None Indicated,,Dusk,Dry,Clear,Work Zone (roadway-related),Intersection:  T-intersection,Paved,Yes,Property Damage Only,0,0,0,0,0,0,8000,3,4,,POINT (-93.853540267351 41.600414293346)
2014811626,14-5294,08/11/2014,08-August,2-Monday,08:00,0800 Hours,District 1 (Central),,POLK,,NE 51ST AVE & NE 12TH ST,Collision with:  Vehicle in traffic,On Roadway,Broadside (front to side),FTYROW:  From driveway,None Indicated,,Daylight,Dry,Clear,None apparent,Non-intersection:  Driveway access (within),Paved,,Property Damage Only,0,0,0,0,0,0,6000,2,6,,POINT (-93.603391321182 41.6531422146)
2014812829,0811146A,08/11/2014,08-August,2-Monday,17:35,1700 Hours,District 4 (Southwest),CLARINDA,PAGE,,TOLBERT AVE,Collision with:  Vehicle in traffic,On Roadway,Broadside (front to side),FTYROW:  Making left turn,None Indicated,,Daylight,Dry,Cloudy,None apparent,Non-intersection:  Driveway access (within),Paved,,Property Damage Only,0,0,0,0,0,0,18000,3,3,,POINT (-94.994322255977 40.729701841896)
2014812295,2014-004730,08/11/2014,08-August,2-Monday,16:50,1600 Hours,District 6 (East Central),,BENTON,,31 AVE,,On Roadway,Non-collision (single vehicle),Crossed centerline (undivided),None Indicated,,Daylight,Dry,Cloudy,None apparent,Non-intersection:  Non-junction/no special feature,Unpaved,,Major Injury,0,1,1,0,0,0,7500,1,1,,POINT (-91.8930913695 42.085716029037)
2014811848,12090-14,08/11/2014,08-August,2-Monday,08:01,0800 Hours,District 3 (Northwest),SPENCER,CLAY,,W 13TH ST & 13TH AVE W,Collision with:  Vehicle in traffic,On Roadway,Broadside (front to side),FTYROW:  At uncontrolled intersection,None Indicated,,Daylight,Dry,Clear,None apparent,Intersection:  Four-way intersection,Paved,,Property Damage Only,0,0,0,0,0,0,6000,2,4,,POINT (-95.163139019296 43.151102594501)
2014812028,14-003432,08/11/2014,08-August,2-Monday,12:10,1200 Hours,District 1 (Central),ANKENY,POLK,IA 160,IA 160/SW ORALABOR RD & SW SNYDER BLVD,Collision with:  Vehicle in traffic,On Roadway,Rear-end (front to rear),Other (explain in narrative):  Other,None Indicated,,Daylight,Dry,Cloudy,None apparent,Intersection:  T-intersection,Paved,,Property Damage Only,0,0,0,0,0,0,7000,2,2,,POINT (-93.607401892101 41.702903413493)
2014811990,081114-048,08/11/2014,08-August,2-Monday,08:44,0800 Hours,District 3 (Northwest),,BUENA VISTA,,Co Rd C49/590TH ST & Co Rd M53/200TH AVE,Collision with:  Animal,On Roadway,Non-collision (single vehicle),Animal,None Indicated,,Daylight,Dry,Clear,None apparent,Non-intersection:  Non-junction/no special feature,Paved,,Property Damage Only,0,0,0,0,0,0,1500,1,1,,POINT (-95.0136547027 42.661727728615)
2014811542,1408118161,08/11/2014,08-August,2-Monday,01:29,0100 Hours,District 6 (East Central),,CLINTON,,Co Rd F12/220 ST,Collision with:  Animal,On Roadway,Non-collision (single vehicle),Animal,None Indicated,,Dark - roadway not lighted,Dry,Clear,None apparent,Non-intersection:  Non-junction/no special feature,Paved,,Property Damage Only,0,0,0,0,0,0,17500,1,1,,POINT (-90.340323367861 41.859145553742)
2014811889,20140023368,08/11/2014,08-August,2-Monday,18:38,1800 Hours,District 1 (Central),DES MOINES,POLK,,BOYD ST & E 27TH ST,Collision with:  Vehicle in traffic,On Roadway,Broadside (front to side),Ran Stop Sign,None Indicated,,Daylight,Dry,Clear,None apparent,Intersection:  Four-way intersection,Paved,,Property Damage Only,0,0,0,0,0,0,7000,2,4,,POINT (-93.563722630048 41.621359093075)
2014811884,20140023345,08/11/2014,08-August,2-Monday,16:13,1600 Hours,District 1 (Central),DES MOINES,POLK,IA 28,IA 28/63RD ST,Collision with:  Vehicle in traffic,On Roadway,"Angle, oncoming left turn",Ran Traffic Signal,None Indicated,,Daylight,Dry,Cloudy,None apparent,Intersection:  Four-way intersection,Paved,,Property Damage Only,0,0,0,0,0,0,8000,2,4,,POINT (-93.703549715216 41.593332564104)
2014811917,14-2465,08/11/2014,08-August,2-Monday,23:35,2300 Hours,District 1 (Central),FORT DODGE,WEBSTER,,2ND AVE S & COUNTRY CLUB DR & A ST,Collision with:  Vehicle in traffic,On Roadway,Rear-end (front to rear),Crossed centerline (undivided),None Indicated,,Dark - roadway lighted,Dry,Clear,None apparent,Intersection:  Four-way intersection,Paved,,Property Damage Only,0,0,0,0,0,0,16000,2,2,,POINT (-94.208301371795 42.500698920997)
2014812958,2014008235,08/11/2014,08-August,2-Monday,19:27,1900 Hours,District 1 (Central),MARSHALLTOWN,MARSHALL,,N 1ST ST,Collision with:  Vehicle in traffic,On Roadway,"Sideswipe, same direction",FTYROW:  From parked position,None Indicated,,Daylight,Dry,Clear,None apparent,Non-intersection:  Non-junction/no special feature,Paved,,Property Damage Only,0,0,0,0,0,0,4000,2,3,,POINT (-92.914577304417 42.049673772003)
2014812084,2014-56100,08/11/2014,08-August,2-Monday,21:07,2100 Hours,District 6 (East Central),DAVENPORT,SCOTT,,W 53RD ST & NORTHWEST BLVD,Collision with:  Vehicle in traffic,On Roadway,"Angle, oncoming left turn",FTYROW:  Making left turn,None Indicated,,Dark - roadway lighted,Dry,Clear,None apparent,Intersection:  Four-way intersection,Paved,,Property Damage Only,0,0,0,0,0,0,7500,2,2,,POINT (-90.593833920114 41.574533641537)
2014812045,14-1772,08/11/2014,08-August,2-Monday,08:15,0800 Hours,District 1 (Central),URBANDALE,POLK,I-35,I-35,Collision with:  Vehicle in traffic,On Roadway,Rear-end (front to rear),Swerving/Evasive Action,None Indicated,,Daylight,Dry,Clear,None apparent,Non-intersection:  Non-junction/no special feature,Paved,,Minor Injury,0,1,0,1,0,0,11000,4,5,,POINT (-93.776837600355 41.615423726428)
2014811901,14-033713,08/11/2014,08-August,2-Monday,08:09,0800 Hours,District 4 (Southwest),COUNCIL BLUFFS,POTTAWATTAMIE,I-29,I-29,Collision with:  Vehicle in traffic,On Roadway,Rear-end (front to rear),Followed too close,None Indicated,,Daylight,Dry,Clear,None apparent,Non-intersection:  Non-junction/no special feature,Paved,,Property Damage Only,0,0,0,0,0,0,5000,2,2,,POINT (-95.891465040168 41.232711989211)
2014811883,20140023316,08/11/2014,08-August,2-Monday,14:10,1400 Hours,District 1 (Central),DES MOINES,POLK,IA 163,IA 163/E UNIVERSITY AVE & E 30TH ST,Collision with:  Vehicle in traffic,On Roadway,Head-on (front to front),FTYROW:  Making left turn,None Indicated,,Daylight,Dry,Clear,None apparent,Intersection:  Four-way intersection,Paved,,Property Damage Only,0,0,0,0,0,0,2000,2,5,,POINT (-93.558393158041 41.600506347462)
2014811834,W14-080685,08/11/2014,08-August,2-Monday,18:40,1800 Hours,District 2 (Northeast),WATERLOO,BLACK HAWK,I-380,I-380 & E SAN MARNAN DR,Collision with:  Vehicle in traffic,On Roadway,Rear-end (front to rear),Followed too close,None Indicated,,Daylight,Dry,Clear,None apparent,Intersection:  Four-way intersection,Paved,,Possible/Unknown,0,1,0,0,1,0,2000,2,4,,POINT (-92.319370805175 42.468330963837)
2014812079,2014-55972,08/11/2014,08-August,2-Monday,09:27,0900 Hours,District 6 (East Central),DAVENPORT,SCOTT,,W 46TH ST & NORTHWEST BLVD,Collision with:  Vehicle in traffic,On Roadway,Broadside (front to side),Ran Traffic Signal,None Indicated,,Daylight,Dry,Clear,None apparent,Intersection:  Four-way intersection,Paved,,Minor Injury,0,1,0,1,0,0,4500,2,2,,POINT (-90.584123267336 41.567016726203)
2014815483,,08/11/2014,08-August,2-Monday,19:55,1900 Hours,District 3 (Northwest),LAKE VIEW,SAC,,3RD ST & MCCLURE ST,Collision with:  Parked motor vehicle,On Roadway,Broadside (front to side),Unknown,None Indicated,,,,,,,Paved,,Property Damage Only,0,0,0,0,0,0,2500,2,1,,POINT (-95.049355686995 42.305867713749)
2014812081,2014-56019,08/11/2014,08-August,2-Monday,14:02,1400 Hours,District 6 (East Central),DAVENPORT,SCOTT,,IA 461/HARRISON ST & W 5TH ST,Collision with fixed object:  Bridge overhead structure,On Roadway,Non-collision (single vehicle),Driver Distraction:  Manual operation of an electronic communication device,None Indicated,,Daylight,Dry,Clear,None apparent,Non-intersection:  Other non-intersection (explain in narrative),Paved,,Property Damage Only,0,0,0,0,0,0,1600,1,1,,POINT (-90.577011080855 41.524672003176)
2014812082,2014-56040,08/11/2014,08-August,2-Monday,16:42,1600 Hours,District 6 (East Central),DAVENPORT,SCOTT,I-280,I-280 & IA 22/ROCKINGHAM RD,Collision with:  Vehicle in traffic,On Roadway,Rear-end (front to rear),Other (explain in narrative):  Other,None Indicated,,Daylight,Dry,Clear,None apparent,Interchange-related:  Off-ramp,Paved,,Property Damage Only,0,0,0,0,0,0,3000,2,2,,POINT (-90.649387872332 41.492850908839)
2014811885,20140023347,08/11/2014,08-August,2-Monday,16:23,1600 Hours,District 1 (Central),DES MOINES,POLK,,MADISON AVE,Collision with fixed object:  Utility pole/light support,On Roadway,Non-collision (single vehicle),Ran off road - right,None Indicated,,Daylight,Dry,Clear,None apparent,Non-intersection:  Non-junction/no special feature,Paved,,Property Damage Only,0,0,0,0,0,0,9000,1,2,,POINT (-93.652023012307 41.634547061885)
2014811851,1408112421,08/11/2014,08-August,2-Monday,11:45,1100 Hours,District 6 (East Central),,CLINTON,,Co Rd E63/190 ST,Non-collision events:  Other non-collision (explain in narrative),On Roadway,Non-collision (single vehicle),Lost Control,None Indicated,,Daylight,Dry,Cloudy,None apparent,Non-intersection:  Non-junction/no special feature,Paved,,Major Injury,0,1,1,0,0,0,2500,1,1,,POINT (-90.743871139796 41.901983136531)
2014812095,14-2470,08/11/2014,08-August,2-Monday,21:30,2100 Hours,District 1 (Central),FORT DODGE,WEBSTER,,N 7TH ST,Collision with:  Parked motor vehicle,On Roadway,"Sideswipe, same direction",Unknown,None Indicated,,Unknown,Dry,Unknown,None apparent,Non-intersection:  Non-junction/no special feature,Paved,,Property Damage Only,0,0,0,0,0,0,16000,2,1,,POINT (-94.193499167857 42.518451165219)
2014816596,1400000702,08/11/2014,08-August,2-Monday,20:40,2000 Hours,District 1 (Central),,MARSHALL,IA 14,IA 14/SANFORD AVE,Collision with:  Animal,,,Animal,None Indicated,,,,,,,Paved,,Property Damage Only,0,0,0,0,0,0,3500,1,1,,POINT (-92.90682429195 42.087585350287)
2014812340,2014046906,08/11/2014,08-August,2-Monday,18:15,1800 Hours,District 1 (Central),,POLK,I-35,I-35,Collision with fixed object:  Concrete traffic barrier (median or right side),On Roadway,Non-collision (single vehicle),Over correcting/over steering,Refused,,Daylight,Dry,Cloudy,None apparent,Non-intersection:  Non-junction/no special feature,Paved,,Possible/Unknown,0,1,0,0,1,0,12000,1,2,,POINT (-93.677722872814 41.651223777389)
2014813020,,08/12/2014,08-August,3-Tuesday,13:00,1300 Hours,District 6 (East Central),CLINTON,CLINTON,,,Collision with:  Vehicle in traffic,On Roadway,"Sideswipe, same direction",Unknown,None Indicated,,Daylight,Dry,Cloudy,,Non-intersection:  Other non-intersection (explain in narrative),,,Possible/Unknown,0,1,0,0,1,0,2900,2,4,,POINT (-96.643700149993 40.233091251414)
2014812001,02-14-12025,08/12/2014,08-August,3-Tuesday,18:04,1800 Hours,District 6 (East Central),DUBUQUE,DUBUQUE,US 61,US 61,Collision with:  Vehicle in traffic,On Roadway,Rear-end (front to rear),Ran off road - left,None Indicated,,Daylight,Dry,Clear,None apparent,Non-intersection:  Non-junction/no special feature,Paved,,Possible/Unknown,0,1,0,0,1,0,32000,2,2,,POINT (-90.694144960844 42.401504320264)
2014813220,14-1184,08/12/2014,08-August,3-Tuesday,14:08,1400 Hours,District 3 (Northwest),ORLEANS,DICKINSON,,140TH ST & 253RD AVE,Collision with:  Vehicle in traffic,On Roadway,"Angle, oncoming left turn",FTYROW:  Making left turn,None Indicated,,Daylight,Dry,Clear,None apparent,Intersection:  T-intersection,Paved,,Property Damage Only,0,0,0,0,0,0,7000,2,2,,POINT (-95.090970554836 43.446640753842)
2014811986,W14-081010,08/12/2014,08-August,3-Tuesday,16:10,1600 Hours,District 2 (Northeast),WATERLOO,BLACK HAWK,,DAWSON ST & BROADWAY ST,Collision with:  Vehicle in traffic,On Roadway,Broadside (front to side),Ran Stop Sign,None Indicated,,Daylight,Dry,Clear,None apparent,Intersection:  Four-way intersection,Paved,,Possible/Unknown,0,2,0,0,2,0,10000,2,2,,POINT (-92.345144485009 42.514050675749)
2014813013,,08/12/2014,08-August,3-Tuesday,07:45,0700 Hours,District 6 (East Central),CEDAR RAPIDS,LINN,,SCOTTY DR SW,Collision with:  Vehicle in traffic,On Roadway,Broadside (front to side),Unknown,None Indicated,,Daylight,Dry,Clear,,Non-intersection:  Non-junction/no special feature,Paved,,Property Damage Only,0,0,0,0,0,0,6500,2,2,,POINT (-91.71969713054 41.957570592061)
2014812314,2014-17269,08/12/2014,08-August,3-Tuesday,13:32,1300 Hours,District 5 (Southeast),,WARREN,IA 92,IA 92/IOWA 92 & Co Rd R57/HWY R57,Collision with:  Vehicle in traffic,On Roadway,Broadside (front to side),FTYROW:  From stop sign,None Indicated,,Daylight,Dry,Clear,None apparent,Intersection:  Four-way intersection,Paved,,Property Damage Only,0,0,0,0,0,0,5000,2,5,,POINT (-93.645164614155 41.35537464562)
2014812963,2014047163,08/12/2014,08-August,3-Tuesday,16:45,1600 Hours,District 1 (Central),CLIVE,POLK,US 6,US 6/HICKMAN RD,Collision with:  Vehicle in traffic,On Roadway,"Sideswipe, same direction",Followed too close,None Indicated,,Daylight,Dry,Clear,None apparent,Non-intersection:  Other non-intersection (explain in narrative),Paved,,Possible/Unknown,0,1,0,0,1,0,10000,2,2,,POINT (-93.776471177752 41.6148947778)
2014812277,14-010050,08/12/2014,08-August,3-Tuesday,06:23,0600 Hours,District 2 (Northeast),,FAYETTE,US 18,US 18/HARDING RD,Collision with:  Animal,On Roadway,Non-collision (single vehicle),Animal,None Indicated,,Dawn,Dry,Cloudy,None apparent,Non-intersection:  Non-junction/no special feature,Paved,,Property Damage Only,0,0,0,0,0,0,3500,1,1,,POINT (-91.692628720902 42.989202895322)
2014812694,2014-17293,08/12/2014,08-August,3-Tuesday,17:54,1700 Hours,District 5 (Southeast),INDIANOLA,WARREN,,W CLINTON AVE & N G ST,Collision with:  Vehicle in traffic,On Roadway,Broadside (front to side),Ran Stop Sign,None Indicated,,Daylight,Dry,Clear,None apparent,Intersection:  Four-way intersection,Paved,,Property Damage Only,0,0,0,0,0,0,4000,2,3,,POINT (-93.572766150507 41.363495285213)
2014812674,2014-56338,08/12/2014,08-August,3-Tuesday,20:30,2000 Hours,District 6 (East Central),DAVENPORT,SCOTT,,W 4TH ST & N DIVISION ST,Collision with:  Vehicle in traffic,On Roadway,Broadside (front to side),Ran Traffic Signal,None Indicated,,Daylight,Dry,Clear,None apparent,Intersection:  Four-way intersection,Paved,,Property Damage Only,0,0,0,0,0,0,3500,2,2,,POINT (-90.601193965728 41.523432008422)
2014812400,14-0967,08/12/2014,08-August,3-Tuesday,16:20,1600 Hours,District 1 (Central),CLIVE,POLK,US 6,US 6/HICKMAN RD & NW 108TH ST,Collision with:  Vehicle in traffic,On Roadway,Broadside (front to side),FTYROW:  From stop sign,None Indicated,,Daylight,Dry,Cloudy,None apparent,Intersection:  Other intersection (explain in narrative),Paved,,Property Damage Only,0,0,0,0,0,0,4500,2,2,,POINT (-93.765416050063 41.614824803372)
2014812087,2014-56213,08/12/2014,08-August,3-Tuesday,08:28,0800 Hours,District 6 (East Central),DAVENPORT,SCOTT,,IA 461/HARRISON ST & W 3RD ST,Collision with:  Vehicle in traffic,On Roadway,"Sideswipe, same direction",Made improper turn,None Indicated,,Daylight,Dry,Clear,None apparent,Intersection:  Four-way intersection,Paved,,Property Damage Only,0,0,0,0,0,0,3000,2,2,,POINT (-90.577035184698 41.522420904313)
2014812342,2014047185,08/12/2014,08-August,3-Tuesday,20:00,2000 Hours,District 4 (Southwest),,POTTAWATTAMIE,I-680,I-680,Collision with:  Animal,,,Animal,None Indicated,,,,,,,Paved,,Property Damage Only,0,0,0,0,0,0,1500,1,1,,POINT (-95.671225447665 41.498213034984)
2014812737,14-007326,08/12/2014,08-August,3-Tuesday,21:49,2100 Hours,District 6 (East Central),INDEPENDENCE,BUCHANAN,IA 150,IA 150/1ST ST E/5TH AVE NE & 5TH AVE SE,Collision with:  Vehicle in traffic,On Roadway,Rear-end (front to rear),Swerving/Evasive Action,None Indicated,,Dark - roadway lighted,Dry,Clear,None apparent,Non-intersection:  Non-junction/no special feature,Paved,,Property Damage Only,0,0,0,0,0,0,3000,2,3,,POINT (-91.889359818565 42.468717014393)
2014814099,2014008616,08/12/2014,08-August,3-Tuesday,05:23,0500 Hours,District 6 (East Central),IOWA CITY,JOHNSON,,N 1ST AVE,Non-collision events:  Other non-collision (explain in narrative),On Roadway,Non-collision (single vehicle),Over correcting/over steering,None Indicated,,Dawn,Dry,Clear,None apparent,Non-intersection:  Non-junction/no special feature,Paved,,Possible/Unknown,0,1,0,0,1,0,2650,1,1,,POINT (-91.50148852561 41.675679464107)
2014812089,2014-56239,08/12/2014,08-August,3-Tuesday,12:51,1200 Hours,District 6 (East Central),DAVENPORT,SCOTT,,E 53RD ST & TREMONT AVE,Collision with:  Vehicle in traffic,On Roadway,"Sideswipe, same direction",Improper or erratic lane changing,None Indicated,,Daylight,Dry,Clear,None apparent,Non-intersection:  Non-junction/no special feature,Paved,,Property Damage Only,0,0,0,0,0,0,3500,2,2,,POINT (-90.560822513385 41.574648245564)
2014812341,2014047164,08/12/2014,08-August,3-Tuesday,15:50,1500 Hours,District 4 (Southwest),,ADAIR,I-80,I-80,Collision with:  Vehicle in traffic,On Roadway,"Sideswipe, same direction",Driver Distraction:  Inattentive/lost in thought,None Indicated,,Daylight,Dry,Clear,None apparent,Non-intersection:  Non-junction/no special feature,Paved,,Property Damage Only,0,0,0,0,0,0,1800,2,4,,POINT (-94.55378897631 41.496743401974)
2014812155,081214172,08/12/2014,08-August,3-Tuesday,15:10,1500 Hours,District 5 (Southeast),OSCEOLA,CLARKE,,E WEBSTER ST & N PARK ST,Collision with:  Vehicle in traffic,On Roadway,Broadside (front to side),FTYROW:  From stop sign,None Indicated,,Daylight,Dry,Clear,None apparent,Intersection:  Four-way intersection,Paved,,Property Damage Only,0,0,0,0,0,0,6000,2,5,,POINT (-93.763791195973 41.036320952701)
2014812962,2014047052,08/12/2014,08-August,3-Tuesday,09:44,0900 Hours,District 3 (Northwest),,WOODBURY,I-29,I-29,Collision with:  Vehicle in traffic,On Roadway,Rear-end (front to rear),FTYROW:  Other (explain in narrative),None Indicated,,Daylight,Dry,Clear,Work Zone (roadway-related),Non-intersection:  Non-junction/no special feature,Paved,Yes,Property Damage Only,0,0,0,0,0,0,7500,2,3,,POINT (-96.314792455243 42.326694762242)
2014816014,2014047063,08/12/2014,08-August,3-Tuesday,10:18,1000 Hours,District 3 (Northwest),,SAC,US 71,US 71/KARR AVE,Collision with:  Vehicle in traffic,On Roadway,Broadside (front to side),Crossed centerline (undivided),None Indicated,,Daylight,Dry,Cloudy,None apparent,Non-intersection:  Non-junction/no special feature,Paved,,Fatal,1,0,0,0,0,0,140000,2,3,,POINT (-95.14842932528 42.351197659501)
2014812430,14-0914,08/12/2014,08-August,3-Tuesday,17:01,1700 Hours,District 1 (Central),PLEASANT HILL,POLK,US 65,US 65,Collision with:  Vehicle in traffic,On Roadway,Rear-end (front to rear),Followed too close,None Indicated,,Daylight,Dry,Clear,Work Zone (roadway-related),Non-intersection:  Other non-intersection (explain in narrative),Paved,Yes,Minor Injury,0,1,0,1,0,0,14000,2,2,,POINT (-93.511759403696 41.565288749943)