Iowa DOT Case Number,Law Enforcement Case Number,Date of Crash,Month of Crash,Day of Week,Time of Crash,Hour,DOT District,City Name,County Name,Route with System,Location Description,First Harmful Event,Location of First Harmful Event,Manner of Crash/Collision,Major Cause,Drug or Alcohol ,Environmental Conditions,Light Conditions,Surface Conditions,Weather Conditions,Roadway Contribution,Roadway Type,Roadway Surface,Work Zone,Crash Severity,Number of Fatalities,Number of Injuries,Number of Major Injuries,Number of Minor Injuries,Number of Possible Injuries,Number of Unknown Injuries,Amount of Property Damage,Number of Vehicles Involved,Total Number of Occupants,Travel Direction,Location
2014812278,14-010152,08/13/2014,08-August,4-Wednesday,20:52,2000 Hours,District 2 (Northeast),CLERMONT,FAYETTE,US 18,US 18/HARDING RD,Collision with:  Animal,,,Animal,None Indicated,,,,,,,Paved,,Property Damage Only,0,0,0,0,0,0,1500,1,1,,POINT (-91.704581191763 42.984872361509)
2014812778,2014047240,08/13/2014,08-August,4-Wednesday,02:55,0200 Hours,District 6 (East Central),,IOWA,I-80,I-80,Collision with fixed object:  Other fixed object (explain in narrative),Median,Non-collision (single vehicle),Crossed centerline (undivided),None Indicated,,Dark - roadway not lighted,Dry,Clear,None apparent,Non-intersection:  Non-junction/no special feature,Paved,,Property Damage Only,0,0,0,0,0,0,7000,1,1,,POINT (-92.048717024779 41.68725891391)
2014812227,072-14,08/13/2014,08-August,4-Wednesday,12:30,1200 Hours,District 4 (Southwest),,MADISON,,Co Rd P68/PAMMEL PARK RD,Collision with fixed object:  Ditch,Outside trafficway,Non-collision (single vehicle),Swerving/Evasive Action,None Indicated,,Daylight,Dry,Clear,None apparent,Non-intersection:  Non-junction/no special feature,Paved,,Major Injury,0,1,1,0,0,0,8000,1,1,,POINT (-94.056731660442 41.309041203129)
2014812954,14-010150,08/13/2014,08-August,4-Wednesday,20:30,2000 Hours,District 6 (East Central),,BUCHANAN,,100TH ST & NEON RD,Collision with fixed object:  Ditch,On Roadway,Non-collision (single vehicle),Swerving/Evasive Action,None Indicated,,Dark - roadway not lighted,"Mud, dirt",Clear,None apparent,Non-intersection:  Non-junction/no special feature,Unpaved,,Property Damage Only,0,0,0,0,0,0,5000,1,1,,POINT (-91.877041918076 42.643054258514)
2014812256,14-3944,08/13/2014,08-August,4-Wednesday,17:45,1700 Hours,District 4 (Southwest),WEST DES MOINES,DALLAS,,JORDAN CREEK PKWY & E P TRUE PKWY,Collision with:  Vehicle in traffic,On Roadway,Rear-end (front to rear),Driver Distraction:  Manual operation of an electronic communication device,None Indicated,,Daylight,Dry,Clear,None apparent,Intersection:  Four-way intersection,Paved,,Possible/Unknown,0,1,0,0,1,0,800,2,8,,POINT (-93.809235583981 41.573397820411)
2014812254,14-3939,08/13/2014,08-August,4-Wednesday,13:11,1300 Hours,District 1 (Central),WEST DES MOINES,POLK,,WESTOWN PL & 35TH ST/VALLEY WEST DR,Collision with:  Vehicle in traffic,On Roadway,Rear-end (front to rear),Followed too close,None Indicated,,Daylight,Dry,Clear,None apparent,Intersection:  Four-way intersection,Paved,,Minor Injury,0,1,0,1,0,0,2400,4,5,,POINT (-93.751903493306 41.596413202642)
2014812188,W14-081438,08/13/2014,08-August,4-Wednesday,21:12,2100 Hours,District 2 (Northeast),WATERLOO,BLACK HAWK,,WEBSTER ST & LINN ST,Collision with:  Vehicle in traffic,On Roadway,Broadside (front to side),FTYROW:  From yield sign,Alcohol (< Statutory),,Dark - roadway lighted,Dry,Clear,None apparent,Intersection:  Four-way intersection,Paved,,Property Damage Only,0,0,0,0,0,0,2000,2,3,,POINT (-92.331186279654 42.511358380272)
2014813417,201403694,08/13/2014,08-August,4-Wednesday,06:44,0600 Hours,District 1 (Central),,BOONE,,290TH ST & 500TH AVE,Collision with:  Vehicle in traffic,On Roadway,Broadside (front to side),FTYROW:  At uncontrolled intersection,None Indicated,,Daylight,Dry,Clear,None apparent,Intersection:  Four-way intersection,Unpaved,,Major Injury,0,2,1,1,0,0,21000,2,2,,POINT (-93.698124894812 41.936107530975)
2014812350,142927A,08/13/2014,08-August,4-Wednesday,15:15,1500 Hours,District 2 (Northeast),HAMPTON,FRANKLIN,IA 3,IA 3/CENTRAL AVE W & 3RD ST SW & 3RD ST NW,Collision with:  Vehicle in traffic,On Roadway,Broadside (front to side),FTYROW:  From stop sign,None Indicated,,Daylight,Dry,Clear,None apparent,Intersection:  Four-way intersection,Paved,,Property Damage Only,0,0,0,0,0,0,5500,2,3,,POINT (-93.211145256375 42.741769504484)
2014812317,CL14002858,08/13/2014,08-August,4-Wednesday,16:14,1600 Hours,District 6 (East Central),CLINTON,CLINTON,,32ND AVE N,Collision with:  Vehicle in traffic,On Roadway,Broadside (front to side),Improper Backing,None Indicated,,Daylight,Dry,Clear,None apparent,Non-intersection:  Non-junction/no special feature,Paved,,Property Damage Only,0,0,0,0,0,0,5000,2,2,,POINT (-90.18113835099 41.883542859082)
2014811982,W14-081286,08/13/2014,08-August,4-Wednesday,13:03,1300 Hours,District 2 (Northeast),WATERLOO,BLACK HAWK,,BALTIMORE ST,Collision with:  Parked motor vehicle,On Roadway,Unknown,Unknown,None Indicated,,Daylight,Dry,Clear,None apparent,Non-intersection:  Non-junction/no special feature,Paved,,Property Damage Only,0,0,0,0,0,0,1500,2,1,,POINT (-92.352047417861 42.488045062452)
2014812966,2014047332,08/13/2014,08-August,4-Wednesday,07:00,0700 Hours,District 3 (Northwest),,SAC,,Co Rd M35/CORY AVE,Collision with fixed object:  Ditch,On Roadway,Non-collision (single vehicle),Crossed centerline (undivided),None Indicated,,Daylight,Dry,Clear,None apparent,Non-intersection:  Non-junction/no special feature,Paved,,Possible/Unknown,0,1,0,0,1,0,4000,1,1,,POINT (-95.304056106216 42.211947948292)
2014812234,14004767,08/13/2014,08-August,4-Wednesday,14:11,1400 Hours,District 3 (Northwest),SHELDON,OBRIEN,US 18,US 18/PARK ST & COUNTRY CLUB RD & NEST AVE,Collision with:  Vehicle in traffic,On Roadway,Broadside (front to side),FTYROW:  From stop sign,None Indicated,,Daylight,Dry,Clear,None apparent,Intersection:  Four-way intersection,Paved,,Minor Injury,0,3,0,2,1,0,15500,2,3,,POINT (-95.822228142433 43.186023610054)
2014812779,2014047249,08/13/2014,08-August,4-Wednesday,07:23,0700 Hours,District 6 (East Central),,CEDAR,I-80,I-80 & IA 38/IOWA 38 & Co Rd X54/MOSCOW RD,Collision with:  Vehicle in traffic,On Roadway,"Angle, oncoming left turn",FTYROW:  Making left turn,None Indicated,,Daylight,Dry,Clear,None apparent,Intersection:  T-intersection,Paved,,Property Damage Only,0,0,0,0,0,0,6500,2,2,,POINT (-91.112509767363 41.643207472631)
2014832209,081314B,08/13/2014,08-August,4-Wednesday,19:00,1900 Hours,District 4 (Southwest),TABOR,FREMONT,,Co Rd J10/WAUBONSIE AVE,Non-collision events:  Overturn/rollover,On Roadway,Non-collision (single vehicle),Swerving/Evasive Action,None Indicated,,Daylight,Dry,Clear,None apparent,Non-intersection:  Other non-intersection (explain in narrative),Paved,,Property Damage Only,0,0,0,0,0,0,2500,1,2,,POINT (-95.703621703628 40.90123773155)
2014812289,2014-6272,08/13/2014,08-August,4-Wednesday,15:33,1500 Hours,District 6 (East Central),ELDRIDGE,SCOTT,,S 1ST ST,Unknown,On Roadway,"Angle, oncoming left turn",Other (explain in narrative):  Vision obstructed,None Indicated,,Daylight,Dry,Clear,None apparent,Non-intersection:  Non-junction/no special feature,Paved,,Property Damage Only,0,0,0,0,0,0,9500,2,2,,POINT (-90.582942533764 41.654236127277)
2014812496,14-12209,08/13/2014,08-August,4-Wednesday,16:42,1600 Hours,District 3 (Northwest),SPENCER,CLAY,US 18,US 18/N GRAND AVE & W 3RD ST & E 3RD ST,Collision with:  Vehicle in traffic,On Roadway,"Sideswipe, same direction",FTYROW:  Other (explain in narrative),None Indicated,,Daylight,Dry,Clear,None apparent,Non-intersection:  Non-junction/no special feature,Paved,,Property Damage Only,0,0,0,0,0,0,2500,2,2,,POINT (-95.14464937204 43.140402366569)
2014812237,14-5357,08/13/2014,08-August,4-Wednesday,19:30,1900 Hours,District 1 (Central),DES MOINES,POLK,,NE 51ST CT,Collision with fixed object:  Ditch,On Roadway,Non-collision (single vehicle),Driving too fast for conditions,None Indicated,,Daylight,Dry,Clear,None apparent,Non-intersection:  Non-junction/no special feature,Paved,,Possible/Unknown,0,1,0,0,1,0,2000,1,1,,POINT (-93.511841154002 41.618170049513)
2014814449,2014047345,08/13/2014,08-August,4-Wednesday,10:29,1000 Hours,District 1 (Central),URBANDALE,POLK,I-35,I-35,Collision with:  Vehicle in traffic,On Roadway,"Sideswipe, same direction",Driver Distraction:  Inattentive/lost in thought,None Indicated,,Daylight,Dry,Clear,None apparent,Non-intersection:  Non-junction/no special feature,Paved,,Property Damage Only,0,0,0,0,0,0,2300,2,3,,POINT (-93.776968956485 41.638364064072)
2014813097,2014-56442,08/13/2014,08-August,4-Wednesday,04:50,0400 Hours,District 6 (East Central),DAVENPORT,SCOTT,,E 6TH ST,Collision with fixed object:  Tree,On Roadway,Non-collision (single vehicle),Exceeded authorized speed,None Indicated,,Dark - roadway lighted,Dry,Clear,Work Zone (roadway-related),Intersection:  T-intersection,Paved,Yes,Property Damage Only,0,0,0,0,0,0,10100,1,3,,POINT (-90.566510228631 41.525693038992)
2014812456,14-26422,08/13/2014,08-August,4-Wednesday,23:45,2300 Hours,District 3 (Northwest),SIOUX CITY,WOODBURY,,JACKSON ST,Collision with:  Parked motor vehicle,Shoulder,Rear-end (front to rear),Lost Control,None Indicated,,Unknown,Dry,Clear,None apparent,Non-intersection:  Non-junction/no special feature,Paved,,Property Damage Only,0,0,0,0,0,0,2000,2,1,,POINT (-96.402355388298 42.525090827773)
2014812232,1400000699,08/13/2014,08-August,4-Wednesday,06:20,0600 Hours,District 1 (Central),,MARSHALL,,HIGHLAND ACRES RD,Collision with:  Vehicle in traffic,On Roadway,Rear-end (front to rear),Followed too close,None Indicated,,Daylight,Dry,Clear,None apparent,Non-intersection:  Non-junction/no special feature,Paved,,Property Damage Only,0,0,0,0,0,0,2600,2,2,,POINT (-92.960131521104 42.01571667325)
2014812157,14-034039,08/13/2014,08-August,4-Wednesday,10:38,1000 Hours,District 4 (Southwest),COUNCIL BLUFFS,POTTAWATTAMIE,US 6,US 6/W BROADWAY,Collision with:  Vehicle in traffic,On Roadway,"Sideswipe, same direction",Other (explain in narrative):  Other,None Indicated,,Daylight,Dry,Clear,None apparent,Non-intersection:  Non-junction/no special feature,Paved,,Property Damage Only,0,0,0,0,0,0,6100,2,3,,POINT (-95.905093571921 41.261873378953)
2014812212,C14002514,08/13/2014,08-August,4-Wednesday,13:01,1300 Hours,District 6 (East Central),CORALVILLE,JOHNSON,,12TH AVE,Collision with:  Vehicle in traffic,On Roadway,Broadside (front to side),Ran Stop Sign,None Indicated,,Daylight,Dry,Clear,None apparent,Intersection:  Four-way intersection,Paved,,Property Damage Only,0,0,0,0,0,0,5000,2,3,,POINT (-91.580390387831 41.681806209721)
2014812040,20140023552,08/13/2014,08-August,4-Wednesday,10:57,1000 Hours,District 1 (Central),DES MOINES,POLK,,MAURY ST,Collision with:  Vehicle in traffic,On Roadway,Rear-end (front to rear),Followed too close,None Indicated,,Daylight,Dry,Clear,None apparent,Non-intersection:  Non-junction/no special feature,Paved,,Property Damage Only,0,0,0,0,0,0,4000,2,5,,POINT (-93.576745940518 41.580842975074)
2014812508,01-14-36003,08/13/2014,08-August,4-Wednesday,13:57,1300 Hours,District 6 (East Central),DUBUQUE,DUBUQUE,,W 15TH ST & IOWA ST,Non-collision events:  Other non-collision (explain in narrative),On Roadway,Non-collision (single vehicle),Ran Stop Sign,None Indicated,,Daylight,Dry,Clear,None apparent,Intersection:  Four-way intersection,Paved,,Minor Injury,0,1,0,1,0,0,1000,1,1,,POINT (-90.669157386384 42.506882807967)
2014812789,813133814,08/13/2014,08-August,4-Wednesday,13:38,1300 Hours,District 4 (Southwest),MOUNT AYR,RINGGOLD,,W MADISON ST & E MADISON ST & S TAYLOR ST & N TAYLOR ST,Collision with:  Parked motor vehicle,Outside trafficway,Rear-end (front to rear),Equipment failure,None Indicated,,Daylight,Dry,Clear,None apparent,Non-intersection:  Non-junction/no special feature,Paved,,Property Damage Only,0,0,0,0,0,0,3100,2,2,,POINT (-94.237544186906 40.714751777417)
2014812228,14018709,08/13/2014,08-August,4-Wednesday,11:10,1100 Hours,District 5 (Southeast),OSKALOOSA,MAHASKA,IA 92,IA 92/A AVE W,Collision with:  Vehicle in traffic,On Roadway,"Sideswipe, same direction",Other (explain in narrative):  Other,None Indicated,,Daylight,Dry,Clear,None apparent,Intersection:  Four-way intersection,Paved,,Property Damage Only,0,0,0,0,0,0,1500,2,2,,POINT (-92.64516703054 41.296257382403)
2014812576,14004772,08/13/2014,08-August,4-Wednesday,19:00,1900 Hours,District 3 (Northwest),SHELDON,SIOUX,US 18,US 18/320TH ST,Collision with:  Other non-fixed object (explain in narrative),On Roadway,Non-collision (single vehicle),Swerving/Evasive Action,None Indicated,,Daylight,Dry,Clear,None apparent,Intersection:  Four-way intersection,Paved,,Property Damage Only,0,0,0,0,0,0,1500,2,2,,POINT (-95.862208771146 43.185803941722)
2014812302,14S01285,08/13/2014,08-August,4-Wednesday,12:55,1200 Hours,District 4 (Southwest),,UNION,,NUTHATCH AVE,Collision with:  Vehicle in traffic,On Roadway,Rear-end (front to rear),FTYROW:  From driveway,None Indicated,,Daylight,Dry,Clear,None apparent,Non-intersection:  Driveway access (within),Unpaved,,Property Damage Only,0,0,0,0,0,0,10500,2,2,,POINT (-94.214127972266 41.055102250569)
2014816533,2014047433,08/13/2014,08-August,4-Wednesday,17:20,1700 Hours,District 1 (Central),,POLK,I-35,I-35,Collision with:  Vehicle in traffic,On Roadway,"Sideswipe, same direction",Driving too fast for conditions,None Indicated,,Daylight,Dry,Clear,None apparent,Non-intersection:  Non-junction/no special feature,Paved,,Property Damage Only,0,0,0,0,0,0,3500,2,2,,POINT (-93.649043930364 41.649948154214)
2014812323,14-034125,08/13/2014,08-August,4-Wednesday,17:50,1700 Hours,District 4 (Southwest),COUNCIL BLUFFS,POTTAWATTAMIE,IA 192,IA 192/S EXPRESSWAY & 16TH AVE,Collision with:  Vehicle in traffic,On Roadway,Rear-end (front to rear),Followed too close,None Indicated,,Daylight,Dry,Clear,None apparent,Non-intersection:  Non-junction/no special feature,Paved,,Possible/Unknown,0,1,0,0,1,0,1500,2,3,,POINT (-95.853952948842 41.246626806237)
2014812049,14-3930,08/13/2014,08-August,4-Wednesday,07:42,0700 Hours,District 4 (Southwest),WEST DES MOINES,DALLAS,,POMMEL PL & 78TH PL,Collision with:  Vehicle in traffic,On Roadway,"Angle, oncoming left turn",Traveling wrong way or on wrong side of road,None Indicated,,Daylight,Dry,Clear,None apparent,Intersection:  T-intersection,Paved,,Property Damage Only,0,0,0,0,0,0,3000,2,3,,POINT (-93.814573480972 41.578187998886)
2014812704,14-26334,08/13/2014,08-August,4-Wednesday,16:45,1600 Hours,District 3 (Northwest),SIOUX CITY,WOODBURY,,W 1ST ST & S JOHN ST,Collision with:  Non-motorist (see non-motorist section - NOT a unit),On Roadway,Non-collision (single vehicle),Other (explain in narrative):  No improper action,None Indicated,,Daylight,Dry,Clear,None apparent,Non-intersection:  Alley,Paved,,Possible/Unknown,0,1,0,0,1,0,0,1,1,,POINT (-96.4354918656 42.496907669172)
2014813825,2014-004779,08/13/2014,08-August,4-Wednesday,20:52,2000 Hours,District 6 (East Central),,BENTON,US 30,US 30/73 ST,Collision with:  Animal,,,Animal,None Indicated,,,,,,,Paved,,Property Damage Only,0,0,0,0,0,0,1500,1,1,,POINT (-92.175065603539 41.963862547557)
2014812192,W14-081369,08/13/2014,08-August,4-Wednesday,17:41,1700 Hours,District 2 (Northeast),WATERLOO,BLACK HAWK,,W PARK LN & KIMBALL AVE,Collision with:  Vehicle in traffic,On Roadway,Rear-end (front to rear),Other (explain in narrative):  Other,None Indicated,,Daylight,Dry,Clear,None apparent,Intersection:  Four-way intersection,Paved,,Property Damage Only,0,0,0,0,0,0,3000,2,2,,POINT (-92.356897257823 42.465980991787)
2014817560,032-077-14,08/13/2014,08-August,4-Wednesday,11:23,1100 Hours,District 3 (Northwest),ESTHERVILLE,EMMET,IA 9,IA 9/CENTRAL AVE,Collision with:  Vehicle in traffic,On Roadway,"Sideswipe, same direction",FTYROW:  From parked position,None Indicated,,Daylight,Dry,Clear,None apparent,Intersection:  Four-way intersection,Paved,,Property Damage Only,0,0,0,0,0,0,4000,2,2,,POINT (-94.836437692481 43.401976747012)
2014812474,,08/13/2014,08-August,4-Wednesday,12:55,1200 Hours,District 4 (Southwest),,MONTGOMERY,US 34,US 34,Collision with:  Vehicle in traffic,On Roadway,"Sideswipe, opposite direction",Crossed centerline (undivided),None Indicated,,Daylight,Dry,Clear,None apparent,Non-intersection:  Non-junction/no special feature,Paved,,Minor Injury,0,1,0,1,0,0,500,3,4,,POINT (-95.081618645345 40.984417033464)
2014813044,14-013770,08/13/2014,08-August,4-Wednesday,21:28,2100 Hours,District 5 (Southeast),,HENRY,,BENTON AVE,Collision with fixed object:  Bridge pier or support,Roadside,Non-collision (single vehicle),Ran off road - right,None Indicated,,Dark - roadway not lighted,Dry,Cloudy,None apparent,Non-intersection:  Non-junction/no special feature,Paved,,Property Damage Only,0,0,0,0,0,0,5000,1,1,,POINT (-91.69789213242 40.986465424078)
2014812197,1408132791,08/13/2014,08-August,4-Wednesday,18:00,1800 Hours,District 6 (East Central),,CLINTON,,Co Rd Z30/350 AVE,Collision with:  Animal,,,Animal,None Indicated,,,,,,,Paved,,Property Damage Only,0,0,0,0,0,0,10000,1,1,,POINT (-90.413160354558 41.79123964616)
2014812301,08-14-026,08/13/2014,08-August,4-Wednesday,14:57,1400 Hours,District 3 (Northwest),LE MARS,PLYMOUTH,,HAWKEYE AVE & 6TH ST SW,Collision with:  Vehicle in traffic,On Roadway,Rear-end (front to rear),"Operating vehicle in an reckless, erratic, careless, negligent manner",None Indicated,,Daylight,Dry,Clear,None apparent,Intersection:  Five points or more,Paved,,Minor Injury,0,3,0,3,0,0,1500,2,3,,POINT (-96.175461104803 42.78587828712)
2014812259,14-3946,08/13/2014,08-August,4-Wednesday,18:41,1800 Hours,District 4 (Southwest),WEST DES MOINES,DALLAS,,BRIDGEWOOD BLVD,Collision with:  Vehicle in traffic,On Roadway,"Sideswipe, same direction",FTYROW:  From driveway,None Indicated,,Daylight,Dry,Clear,None apparent,Non-intersection:  Driveway access (within),Paved,,Minor Injury,0,1,0,1,0,0,700,2,3,,POINT (-93.811066938724 41.568295829195)
2014813015,,08/13/2014,08-August,4-Wednesday,09:40,0900 Hours,District 6 (East Central),CEDAR RAPIDS,LINN,,BOYSON RD NE & COUNCIL ST NE,Collision with:  Vehicle in traffic,On Roadway,Broadside (front to side),Unknown,None Indicated,,Daylight,Dry,Clear,,Intersection:  Four-way intersection,Paved,,Property Damage Only,0,0,0,0,0,0,5700,2,3,,POINT (-91.658214653314 42.046842360251)
2014812229,14018725,08/13/2014,08-August,4-Wednesday,14:57,1400 Hours,District 5 (Southeast),OSKALOOSA,MAHASKA,,HIGH AVE E,Collision with:  Parked motor vehicle,Outside trafficway,"Sideswipe, same direction",Other (explain in narrative):  Other,None Indicated,,Daylight,Dry,Cloudy,None apparent,Non-intersection:  Driveway access (within),Paved,,Property Damage Only,0,0,0,0,0,0,2200,2,2,,POINT (-92.644395721833 41.295327204217)
2014812248,20140023581,08/13/2014,08-August,4-Wednesday,14:51,1400 Hours,District 1 (Central),DES MOINES,POLK,,FLEUR DR,Collision with fixed object:  Curb/island/raised median,On Roadway,Head-on (front to front),Crossed centerline (undivided),Refused,,Daylight,Dry,Cloudy,None apparent,Non-intersection:  Non-junction/no special feature,Paved,,Possible/Unknown,0,1,0,0,1,0,8500,2,777,,POINT (-93.645033009102 41.542703582819)
2014812245,20140023627,08/13/2014,08-August,4-Wednesday,00:00,0000 Hours,District 1 (Central),DES MOINES,POLK,,FRAZIER AVE & SW 19TH ST,Collision with:  Parked motor vehicle,On Roadway,Unknown,Unknown,None Indicated,,Unknown,Dry,Clear,None apparent,Non-intersection:  Non-junction/no special feature,Paved,,Property Damage Only,0,0,0,0,0,0,1500,2,1,,POINT (-93.642015276155 41.537000820608)
2014812253,14-3936,08/13/2014,08-August,4-Wednesday,11:33,1100 Hours,District 1 (Central),WEST DES MOINES,POLK,,VINE ST & 7TH ST,Collision with:  Other non-fixed object (explain in narrative),On Roadway,Non-collision (single vehicle),Lost Control,None Indicated,,Daylight,Dry,Clear,Work Zone (roadway-related),Intersection:  Four-way intersection,Paved,Yes,Possible/Unknown,0,1,0,0,1,0,8500,1,1,,POINT (-93.711664557289 41.577294773749)
2014812238,14-003480,08/13/2014,08-August,4-Wednesday,18:27,1800 Hours,District 1 (Central),ANKENY,POLK,US 69,US 69/N ANKENY BLVD & NE 41TH ST,Collision with:  Vehicle in traffic,On Roadway,Broadside (front to side),FTYROW:  Other (explain in narrative),None Indicated,,Daylight,Dry,Clear,None apparent,Intersection:  T-intersection,Paved,,Property Damage Only,0,0,0,0,0,0,7500,2,2,,POINT (-93.600294695604 41.764458770706)
2014816534,2014047435,08/13/2014,08-August,4-Wednesday,16:00,1600 Hours,District 4 (Southwest),,DALLAS,US 169,US 169/N AVE,Non-collision events:  Overturn/rollover,On Roadway,Non-collision (single vehicle),Swerving/Evasive Action,None Indicated,,Daylight,Dry,Clear,None apparent,Non-intersection:  Non-junction/no special feature,Paved,,Property Damage Only,0,0,0,0,0,0,52757,1,1,,POINT (-94.027960881941 41.780306591243)
2014812605,20140023596,08/13/2014,08-August,4-Wednesday,16:54,1600 Hours,District 1 (Central),DES MOINES,POLK,US 69,US 69/SE 14TH ST,Collision with:  Vehicle in traffic,On Roadway,Broadside (front to side),FTYROW:  Making left turn,None Indicated,,Daylight,Dry,Clear,None apparent,Non-intersection:  Driveway access (within),Paved,,Property Damage Only,0,0,0,0,0,0,4841,2,3,,POINT (-93.59679469006 41.527723633615)
2014828331,14080265,08/13/2014,08-August,4-Wednesday,17:17,1700 Hours,District 5 (Southeast),,WAPELLO,,20TH AVE,Collision with:  Vehicle in traffic,On Roadway,"Sideswipe, opposite direction",Separation of units,None Indicated,,Daylight,"Mud, dirt","Fog, smoke, smog",None apparent,Non-intersection:  Non-junction/no special feature,Unpaved,,Property Damage Only,0,0,0,0,0,0,2000,2,2,,POINT (-92.198524137789 41.00162712984)
2014812124,14-26273,08/13/2014,08-August,4-Wednesday,08:01,0800 Hours,District 3 (Northwest),SIOUX CITY,WOODBURY,,W 3RD ST & HAMILTON BLVD,Collision with:  Vehicle in traffic,On Roadway,"Angle, oncoming left turn",FTYROW:  Making left turn,None Indicated,,Daylight,Dry,Clear,None apparent,Intersection:  Four-way intersection,Paved,,Property Damage Only,0,0,0,0,0,0,8100,2,2,,POINT (-96.42133746958 42.499303566384)
2014814426,2014047356,08/13/2014,08-August,4-Wednesday,12:00,1200 Hours,District 1 (Central),HUXLEY,STORY,I-35,I-35,Collision with:  Vehicle in traffic,On Roadway,"Sideswipe, same direction",Improper or erratic lane changing,None Indicated,,Daylight,Dry,Clear,None apparent,Non-intersection:  Non-junction/no special feature,Paved,,Property Damage Only,0,0,0,0,0,0,6500,2,2,,POINT (-93.571091845215 41.893955532812)
2014812780,2014047276,08/13/2014,08-August,4-Wednesday,08:52,0800 Hours,District 6 (East Central),,CEDAR,I-80,I-80,,On Roadway,Non-collision (single vehicle),Equipment failure,None Indicated,,Daylight,Dry,Clear,None apparent,Non-intersection:  Non-junction/no special feature,Paved,,Property Damage Only,0,0,0,0,0,0,7500,3,3,,POINT (-90.940935684928 41.633956425832)
2014812263,891405270,08/13/2014,08-August,4-Wednesday,08:20,0800 Hours,District 5 (Southeast),CANTRIL,VAN BUREN,,NORTH ST & DIVISION ST,Collision with:  Parked motor vehicle,On Roadway,Unknown,Other (explain in narrative):  Vision obstructed,None Indicated,,Daylight,Dry,Clear,None apparent,Non-intersection:  Non-junction/no special feature,Paved,,Property Damage Only,0,0,0,0,0,0,1500,2,3,,POINT (-92.069713413065 40.645280426268)
2014812470,CL14002862,08/13/2014,08-August,4-Wednesday,08:00,0800 Hours,District 6 (East Central),CLINTON,CLINTON,,7TH AVE S,Collision with:  Parked motor vehicle,On Roadway,Broadside (front to side),Improper Backing,None Indicated,,Daylight,Dry,Cloudy,None apparent,Non-intersection:  Non-junction/no special feature,Paved,,Property Damage Only,0,0,0,0,0,0,2000,2,1,,POINT (-90.222945913074 41.838705149158)
2014812316,CL14002855,08/13/2014,08-August,4-Wednesday,15:10,1500 Hours,District 6 (East Central),CLINTON,CLINTON,US 67,US 67/N 2ND ST & 11TH AVE N,Collision with:  Vehicle in traffic,On Roadway,Broadside (front to side),FTYROW:  From driveway,None Indicated,,Daylight,Dry,Clear,None apparent,Non-intersection:  Driveway access (within),Paved,,Property Damage Only,0,0,0,0,0,0,4000,2,3,,POINT (-90.185707218503 41.856061624568)
2014812451,S14-8015,08/13/2014,08-August,4-Wednesday,23:14,2300 Hours,District 3 (Northwest),,WOODBURY,,Co Rd D38/210TH ST,Collision with:  Vehicle in traffic,On Roadway,Rear-end (front to rear),FTYROW:  Other (explain in narrative),None Indicated,,Dark - roadway not lighted,Dry,Clear,None apparent,Non-intersection:  Non-junction/no special feature,Paved,,Possible/Unknown,0,1,0,0,1,0,5100,2,4,,POINT (-96.310155518317 42.401297687916)
2014812198,1408132811,08/13/2014,08-August,4-Wednesday,03:50,0300 Hours,District 6 (East Central),,CLINTON,US 67,US 67,Collision with:  Animal,,,Animal,None Indicated,,,,,,,Paved,,Property Damage Only,0,0,0,0,0,0,2500,1,1,,POINT (-90.199013776833 41.934718326313)
2014812250,20140023620,08/13/2014,08-August,4-Wednesday,20:40,2000 Hours,District 1 (Central),DES MOINES,POLK,IA 163,IA 163/E UNIVERSITY AVE & E 25TH ST,Collision with:  Vehicle in traffic,On Roadway,"Sideswipe, same direction",Unknown,None Indicated,,Dark - roadway lighted,Dry,Clear,None apparent,Intersection:  Four-way intersection,Paved,,Property Damage Only,0,0,0,0,0,0,1500,2,3,,POINT (-93.570704672653 41.600463906132)
2014812953,112-2014,08/13/2014,08-August,4-Wednesday,14:55,1400 Hours,District 4 (Southwest),,HARRISON,IA 44,IA 44/IOWA 44,Non-collision events:  Overturn/rollover,Shoulder,Non-collision (single vehicle),Crossed centerline (undivided),None Indicated,,Daylight,Dry,Clear,None apparent,Non-intersection:  Non-junction/no special feature,Paved,,Possible/Unknown,0,1,0,0,1,0,8000,1,1,,POINT (-95.696670651912 41.66648362127)
2014812043,20140023537,08/13/2014,08-August,4-Wednesday,07:40,0700 Hours,District 1 (Central),DES MOINES,POLK,IA 163,IA 163/E UNIVERSITY AVE,Collision with:  Vehicle in traffic,On Roadway,"Sideswipe, same direction",FTYROW:  Other (explain in narrative),None Indicated,,Daylight,Dry,Clear,None apparent,Non-intersection:  Non-junction/no special feature,Paved,,Property Damage Only,0,0,0,0,0,0,5500,2,2,,POINT (-93.554733727854 41.600569100027)
2014813734,1400972,08/13/2014,08-August,4-Wednesday,16:27,1600 Hours,District 1 (Central),,TAMA,,Co Rd E49/HWY E49 & C AVE,Non-collision events:  Other non-collision (explain in narrative),Shoulder,Non-collision (single vehicle),Ran off road - right,None Indicated,,Daylight,Dry,Clear,None apparent,Non-intersection:  Non-junction/no special feature,Paved,,Property Damage Only,0,0,0,0,0,0,16000,1,1,,POINT (-92.727854104088 41.978698843034)