Iowa DOT Case Number,Law Enforcement Case Number,Date of Crash,Month of Crash,Day of Week,Time of Crash,Hour,DOT District,City Name,County Name,Route with System,Location Description,First Harmful Event,Location of First Harmful Event,Manner of Crash/Collision,Major Cause,Drug or Alcohol ,Environmental Conditions,Light Conditions,Surface Conditions,Weather Conditions,Roadway Contribution,Roadway Type,Roadway Surface,Work Zone,Crash Severity,Number of Fatalities,Number of Injuries,Number of Major Injuries,Number of Minor Injuries,Number of Possible Injuries,Number of Unknown Injuries,Amount of Property Damage,Number of Vehicles Involved,Total Number of Occupants,Travel Direction,Location
2014812556,201412071,08/16/2014,08-August,7-Saturday,18:02,1800 Hours,District 6 (East Central),CEDAR RAPIDS,LINN,,ELAINE DR NW & 29TH ST NW,Collision with fixed object:  Tree,Roadside,Non-collision (single vehicle),Ran off road - straight,None Indicated,,Daylight,Dry,Cloudy,None apparent,Non-intersection:  Non-junction/no special feature,Paved,,Minor Injury,0,1,0,1,0,0,3100,1,1,,POINT (-91.709553362482 41.990249542462)
2014813106,S14-8115,08/16/2014,08-August,7-Saturday,08:30,0800 Hours,District 3 (Northwest),PIERSON,WOODBURY,,Co Rd L21/LEE AVE,Collision with:  Vehicle in traffic,On Roadway,Rear-end (front to rear),Driving too fast for conditions,None Indicated,,Daylight,Dry,"Fog, smoke, smog",None apparent,Intersection:  Four-way intersection,Paved,,Property Damage Only,0,0,0,0,0,0,4000,2,2,,POINT (-95.918061924203 42.482494521986)
2014812987,2014048023,08/16/2014,08-August,7-Saturday,12:48,1200 Hours,District 6 (East Central),,CLINTON,IA 136,IA 136/IOWA 136 & Co Rd Y70/290 AVE,Collision with fixed object:  Ditch,Shoulder,Non-collision (single vehicle),Ran off road - right,None Indicated,,Daylight,Dry,Clear,None apparent,Non-intersection:  Non-junction/no special feature,Paved,,Minor Injury,0,1,0,1,0,0,8000,1,1,,POINT (-90.529451691684 41.992723679857)
2014813460,146224PD,08/16/2014,08-August,7-Saturday,21:45,2100 Hours,District 1 (Central),BOONE,BOONE,,MAMIE EISENHOWER AVE & S MARSHALL ST,Collision with:  Vehicle in traffic,On Roadway,Broadside (front to side),Ran Stop Sign,None Indicated,,Dark - roadway lighted,Dry,Clear,None apparent,Unknown,Paved,,Property Damage Only,0,0,0,0,0,0,2500,2,2,,POINT (-93.878323502482 42.059638298379)
2014812745,145951,08/16/2014,08-August,7-Saturday,18:10,1800 Hours,District 4 (Southwest),,DALLAS,US 169,US 169/N AVE,Collision with fixed object:  Tree,Outside trafficway,Non-collision (single vehicle),Exceeded authorized speed,Refused,,Daylight,Dry,Clear,None apparent,Non-intersection:  Non-junction/no special feature,Paved,,Property Damage Only,0,0,0,0,0,0,8000,1,1,,POINT (-94.023096155974 41.661872735071)
2014812725,14-28777,08/16/2014,08-August,7-Saturday,06:48,0600 Hours,District 5 (Southeast),BURLINGTON,DES MOINES,,SUNNYSIDE AVE,Collision with:  Vehicle in traffic,Roadside,Rear-end (front to rear),Other (explain in narrative):  Other,None Indicated,,Dawn,Dry,Cloudy,None apparent,Non-intersection:  Non-junction/no special feature,Paved,,Possible/Unknown,0,1,0,0,1,0,8000,2,1,,POINT (-91.116050007933 40.829868505677)
2014812905,201402865,08/16/2014,08-August,7-Saturday,16:30,1600 Hours,District 6 (East Central),,LINN,,POOL RD,Collision with:  Vehicle in traffic,On Roadway,"Sideswipe, opposite direction",Driving too fast for conditions,None Indicated,,Daylight,"Mud, dirt",Cloudy,None apparent,Non-intersection:  Non-junction/no special feature,Unpaved,,Property Damage Only,0,0,0,0,0,0,15500,4,8,,POINT (-91.577970844356 42.262491827216)
2014812634,20140023919,08/16/2014,08-August,7-Saturday,14:20,1400 Hours,District 1 (Central),DES MOINES,POLK,IA 163,IA 163/E UNIVERSITY AVE & HUBBELL AVE,Collision with:  Vehicle in traffic,On Roadway,Broadside (front to side),Unknown,None Indicated,,Daylight,Dry,Cloudy,None apparent,Intersection:  Four-way intersection,Paved,,Property Damage Only,0,0,0,0,0,0,3500,2,4,,POINT (-93.578516809223 41.600487910739)
2014812884,14-26754,08/16/2014,08-August,7-Saturday,14:29,1400 Hours,District 3 (Northwest),SIOUX CITY,WOODBURY,,HAMILTON BLVD,Collision with:  Vehicle in traffic,On Roadway,"Sideswipe, same direction",Improper or erratic lane changing,None Indicated,,Daylight,Dry,Clear,None apparent,Non-intersection:  Non-junction/no special feature,Paved,,Property Damage Only,0,0,0,0,0,0,2100,2,4,,POINT (-96.416730596953 42.508769785099)
2014813544,32064-14,08/16/2014,08-August,7-Saturday,17:53,1700 Hours,District 3 (Northwest),,EMMET,,Co Rd N32/410 AVE,Non-collision events:  Overturn/rollover,On Roadway,Non-collision (single vehicle),Exceeded authorized speed,None Indicated,,Daylight,Dry,Clear,None apparent,Non-intersection:  Non-junction/no special feature,Paved,,Major Injury,0,1,1,0,0,0,12000,1,1,,POINT (-94.778276695437 43.418131307487)
2014812665,14-15758,08/16/2014,08-August,7-Saturday,09:14,0900 Hours,District 6 (East Central),BETTENDORF,SCOTT,,VALLEY DR,Collision with fixed object:  Guardrail - face,On Roadway,Non-collision (single vehicle),Ran off road - right,None Indicated,,Daylight,Dry,Cloudy,None apparent,Non-intersection:  Non-junction/no special feature,Paved,,Property Damage Only,0,0,0,0,0,0,8000,1,1,,POINT (-90.443079047199 41.559155586101)
2014812691,14-003771,08/16/2014,08-August,7-Saturday,16:04,1600 Hours,District 1 (Central),AMES,STORY,US 69,US 69/S DUFF AVE,Collision with:  Vehicle in traffic,On Roadway,Rear-end (front to rear),Followed too close,None Indicated,,Daylight,Dry,Clear,None apparent,Non-intersection:  Non-junction/no special feature,Paved,,Possible/Unknown,0,1,0,0,1,0,15000,3,5,,POINT (-93.610350047834 42.018748310668)
2014812498,142445,08/16/2014,08-August,7-Saturday,13:57,1300 Hours,District 3 (Northwest),DENISON,CRAWFORD,US 30,US 30,Collision with fixed object:  Ditch,On Roadway,Non-collision (single vehicle),Ran off road - straight,None Indicated,,Daylight,Dry,Clear,Non-highway work,Non-intersection:  Non-junction/no special feature,Paved,,Possible/Unknown,0,1,0,0,1,0,250,1,1,,POINT (-95.367582639459 42.005044302951)
2014813146,201400039884,08/16/2014,08-August,7-Saturday,15:41,1500 Hours,District 5 (Southeast),OTTUMWA,WAPELLO,IA 149,IA 149/WAPELLO ST VIADUCT,Collision with:  Vehicle in traffic,On Roadway,Rear-end (front to rear),Followed too close,None Indicated,,Daylight,Dry,Cloudy,None apparent,Non-intersection:  Other non-intersection (explain in narrative),Paved,,Property Damage Only,0,0,0,0,0,0,8000,2,3,,POINT (-92.419663199732 41.018068304914)
2014813523,14014097,08/16/2014,08-August,7-Saturday,14:39,1400 Hours,District 2 (Northeast),MASON CITY,CERRO GORDO,IA 122,IA 122/IOWA 122,Collision with:  Vehicle in traffic,On Roadway,Rear-end (front to rear),Followed too close,None Indicated,,Daylight,Dry,Clear,None apparent,Non-intersection:  Non-junction/no special feature,Paved,,Property Damage Only,0,0,0,0,0,0,2000,2,3,,POINT (-93.20882204931 43.147402809712)
2014909170,075-14,08/16/2014,08-August,7-Saturday,20:15,2000 Hours,District 4 (Southwest),,MADISON,US 169,US 169,Collision with:  Other non-fixed object (explain in narrative),On Roadway,Non-collision (single vehicle),Cargo/equipment loss or shift,None Indicated,,Daylight,Dry,Cloudy,None apparent,Non-intersection:  Non-junction/no special feature,Paved,,Property Damage Only,0,0,0,0,0,0,2500,2,3,,POINT (-94.042015975854 41.264128392358)
2014812711,14-4260,08/16/2014,08-August,7-Saturday,10:50,1000 Hours,District 6 (East Central),HIAWATHA,LINN,,CENTER POINT RD,Collision with:  Vehicle in traffic,On Roadway,"Angle, oncoming left turn",FTYROW:  Making left turn,None Indicated,,Daylight,Dry,Cloudy,None apparent,Intersection:  Other intersection (explain in narrative),Paved,,Possible/Unknown,0,1,0,0,1,0,9000,2,2,,POINT (-91.684757091224 42.048815812217)
2014812487,W14-082541,08/16/2014,08-August,7-Saturday,21:45,2100 Hours,District 2 (Northeast),WATERLOO,BLACK HAWK,US 63,US 63/LOGAN AVE & W DONALD ST & E DONALD ST,Collision with:  Vehicle in traffic,On Roadway,Broadside (front to side),Ran Traffic Signal,None Indicated,,Dark - roadway lighted,Dry,Clear,Work Zone (roadway-related),Intersection:  Four-way intersection,Paved,Yes,Property Damage Only,0,0,0,0,0,0,5500,2,7,,POINT (-92.337624499928 42.527597200017)
2014812614,20140023939,08/16/2014,08-August,7-Saturday,18:28,1800 Hours,District 1 (Central),DES MOINES,POLK,,E GRAND AVE & E 30TH ST,Collision with:  Non-motorist (see non-motorist section - NOT a unit),On Roadway,Non-collision (single vehicle),FTYROW:  To pedestrian,None Indicated,,Daylight,Dry,Cloudy,None apparent,Intersection:  Four-way intersection,Paved,,Minor Injury,0,2,0,2,0,0,100,1,4,,POINT (-93.558375542101 41.595678548098)
2014812872,14-9493,08/16/2014,08-August,7-Saturday,13:05,1300 Hours,District 3 (Northwest),,SIOUX,,Co Rd B46/420TH ST & IRONWOOD AVE,Collision with:  Vehicle in traffic,On Roadway,Broadside (front to side),FTYROW:  At uncontrolled intersection,None Indicated,,Daylight,"Mud, dirt",Cloudy,None apparent,Intersection:  Four-way intersection,Unpaved,,Major Injury,0,1,1,0,0,0,16500,2,4,,POINT (-96.076584477413 43.041230694954)
2014812755,S14-003224,08/16/2014,08-August,7-Saturday,13:10,1300 Hours,District 4 (Southwest),,POTTAWATTAMIE,,Co Rd G30/MAHOGANY RD & Co Rd L34/ROAD L34,Collision with:  Vehicle in traffic,On Roadway,"Sideswipe, same direction",Swerving/Evasive Action,None Indicated,,Daylight,Dry,Clear,None apparent,Intersection:  T-intersection,Paved,,Fatal,1,1,0,1,0,0,7500,2,3,,POINT (-95.761739487351 41.392384958313)
2014812638,20140023884,08/16/2014,08-August,7-Saturday,04:15,0400 Hours,District 1 (Central),DES MOINES,POLK,,MADISON AVE,Collision with:  Parked motor vehicle,On Roadway,"Sideswipe, same direction",Lost Control,None Indicated,,Dark - roadway lighted,Wet,Rain,None apparent,Non-intersection:  Non-junction/no special feature,Paved,,Property Damage Only,0,0,0,0,0,0,7300,3,777,,POINT (-93.654253847049 41.634318213849)
2014814462,2014048126,08/16/2014,08-August,7-Saturday,23:26,2300 Hours,District 5 (Southeast),,MARION,,Co Rd G58/PERRY ST & 30TH AVE,Collision with fixed object:  Tree,On Roadway,Non-collision (single vehicle),Ran Stop Sign,Refused,,Dark - roadway not lighted,Dry,"Fog, smoke, smog",None apparent,Intersection:  T-intersection,Unpaved,,Major Injury,0,3,1,2,0,0,4000,1,3,,POINT (-93.290310364319 41.277152538313)
2014827823,2014-57286,08/16/2014,08-August,7-Saturday,05:16,0500 Hours,District 6 (East Central),DAVENPORT,SCOTT,,IA 461/HARRISON ST & W LOCUST ST,Collision with:  Vehicle in traffic,On Roadway,"Sideswipe, opposite direction",Exceeded authorized speed,None Indicated,,Dark - roadway lighted,Wet,Cloudy,None apparent,Intersection:  Other intersection (explain in narrative),Paved,,Minor Injury,0,2,0,1,0,1,30300,3,3,,POINT (-90.577233957256 41.538285400634)
2014812896,20140002868,08/16/2014,08-August,7-Saturday,18:19,1800 Hours,District 6 (East Central),,LINN,,Co Rd E28/BURNET STATION RD,Collision with:  Vehicle in traffic,Gore,"Sideswipe, same direction",Driving too fast for conditions,None Indicated,,Daylight,"Mud, dirt",Cloudy,"Surface condition (e.g., wet, icy)",Non-intersection:  Non-junction/no special feature,Unpaved,,Possible/Unknown,0,1,0,0,1,0,8500,2,2,,POINT (-91.534174607774 42.152093557321)
2014812601,20140023942,08/16/2014,08-August,7-Saturday,19:21,1900 Hours,District 1 (Central),DES MOINES,POLK,US 69,US 69/SE 14TH ST & E RAILROAD AVE,Collision with:  Vehicle in traffic,On Roadway,Rear-end (front to rear),Lost Control,None Indicated,,Daylight,Dry,Clear,None apparent,Non-intersection:  Non-junction/no special feature,Paved,,Property Damage Only,0,0,0,0,0,0,13000,3,6,,POINT (-93.596881682013 41.578893714273)
2014812767,14007206,08/16/2014,08-August,7-Saturday,13:43,1300 Hours,District 6 (East Central),,DELAWARE,,Co Rd C60X/JET RD & 220TH AVE,Collision with:  Vehicle in traffic,On Roadway,Broadside (front to side),FTYROW:  From stop sign,None Indicated,,Daylight,Dry,Cloudy,None apparent,Intersection:  Four-way intersection,Paved,,Possible/Unknown,0,1,0,0,1,0,10000,2,7,,POINT (-91.370499017856 42.596623915579)
2014812667,2014-15795,08/16/2014,08-August,7-Saturday,20:37,2000 Hours,District 6 (East Central),BETTENDORF,SCOTT,,53RD AVE,Collision with:  Animal,On Roadway,Non-collision (single vehicle),Animal,None Indicated,,Dark - roadway not lighted,Dry,Cloudy,None apparent,Non-intersection:  Non-junction/no special feature,Paved,,Property Damage Only,0,0,0,0,0,0,2000,1,2,,POINT (-90.468799727307 41.575422966857)
2014812770,2014-17664,08/16/2014,08-August,7-Saturday,19:10,1900 Hours,District 5 (Southeast),DES MOINES,WARREN,,E CO LINE RD & DEMA DR,Collision with:  Vehicle in traffic,On Roadway,"Angle, oncoming left turn",Other (explain in narrative):  Vision obstructed,None Indicated,,Daylight,Dry,Clear,None apparent,Intersection:  T-intersection,Paved,,Property Damage Only,0,0,0,0,0,0,11000,3,5,,POINT (-93.609327997637 41.511913042596)
2014812988,2014048070,08/16/2014,08-August,7-Saturday,17:00,1700 Hours,District 2 (Northeast),ROCKWELL,CERRO GORDO,,W ELM ST,Collision with:  Vehicle in traffic,On Roadway,"Sideswipe, same direction",Swerving/Evasive Action,None Indicated,,Daylight,Dry,Clear,None apparent,Non-intersection:  Non-junction/no special feature,Paved,,Major Injury,0,1,1,0,0,0,2000,2,2,,POINT (-93.198098280664 42.987268298505)
2014820588,2014-57257,08/16/2014,08-August,7-Saturday,01:15,0100 Hours,District 6 (East Central),DAVENPORT,SCOTT,,TELEGRAPH RD & S ELSIE AVE,Collision with fixed object:  Utility pole/light support,On Roadway,Non-collision (single vehicle),Ran off road - right,Under Influence of Alcohol/Drugs/Medications,,Dark - roadway lighted,Dry,Cloudy,None apparent,Non-intersection:  Non-junction/no special feature,Paved,,Minor Injury,0,1,0,1,0,0,7044,1,2,,POINT (-90.625428821173 41.518126067267)
2014813144,201400039850,08/16/2014,08-August,7-Saturday,09:45,0900 Hours,District 5 (Southeast),OTTUMWA,WAPELLO,US 34,US 34,Collision with:  Vehicle in traffic,On Roadway,"Sideswipe, same direction",Improper or erratic lane changing,None Indicated,,Daylight,Dry,Cloudy,None apparent,Non-intersection:  Non-junction/no special feature,Paved,,Property Damage Only,0,0,0,0,0,0,2900,2,4,,POINT (-92.42150522143 41.014159018857)
2014812741,2014008852,08/17/2014,08-August,1-Sunday,15:59,1500 Hours,District 6 (East Central),IOWA CITY,JOHNSON,,E COURT ST & THIRD AVE,Collision with:  Vehicle in traffic,On Roadway,Rear-end (front to rear),Followed too close,None Indicated,,Daylight,Dry,Cloudy,None apparent,Non-intersection:  Non-junction/no special feature,Paved,,Possible/Unknown,0,2,0,0,2,0,5500,2,2,,POINT (-91.50489339494 41.656773443878)
2014812582,14-5430,08/17/2014,08-August,1-Sunday,15:31,1500 Hours,District 1 (Central),GRIMES,POLK,I-35,I-35 & IA 141/IOWA 141,Collision with:  Vehicle in traffic,On Roadway,Rear-end (front to rear),Followed too close,None Indicated,,Daylight,Dry,Cloudy,None apparent,Intersection:  Four-way intersection,Paved,,Property Damage Only,0,0,0,0,0,0,2000,2,2,,POINT (-93.775051156974 41.650662735493)
2014814104,14-000958,08/17/2014,08-August,1-Sunday,21:06,2100 Hours,District 1 (Central),,STORY,US 30,US 30,Collision with:  Vehicle in traffic,On Roadway,Rear-end (front to rear),Crossed centerline (undivided),Drug,,Dark - roadway not lighted,Dry,Clear,None apparent,Non-intersection:  Non-junction/no special feature,Paved,,Property Damage Only,0,0,0,0,0,0,21500,2,2,,POINT (-93.545695813646 42.00890543865)
2014812912,14082769,08/17/2014,08-August,1-Sunday,16:14,1600 Hours,District 2 (Northeast),CEDAR FALLS,BLACK HAWK,US 218,US 218,Non-collision events:  Overturn/rollover,Shoulder,Non-collision (single vehicle),Swerving/Evasive Action,None Indicated,,Daylight,Dry,Clear,None apparent,Non-intersection:  Non-junction/no special feature,Paved,,Minor Injury,0,1,0,1,0,0,10000,1,1,,POINT (-92.424587581088 42.553706302506)
2014813137,14002964,08/17/2014,08-August,1-Sunday,20:13,2000 Hours,District 5 (Southeast),,KEOKUK,IA 21,IA 21/IOWA 21,Collision with:  Vehicle in traffic,On Roadway,"Sideswipe, opposite direction",Crossed centerline (undivided),None Indicated,,Dusk,Dry,Clear,None apparent,Non-intersection:  Non-junction/no special feature,Paved,,Possible/Unknown,0,1,0,0,1,0,9500,2,3,,POINT (-92.354698278059 41.388611854998)
2014813524,14014168,08/17/2014,08-August,1-Sunday,14:04,1400 Hours,District 2 (Northeast),MASON CITY,CERRO GORDO,,19TH ST SW & S EISENHOWER AVE,Collision with:  Non-motorist (see non-motorist section - NOT a unit),On Roadway,Non-collision (single vehicle),Other (explain in narrative):  No improper action,None Indicated,,Daylight,Dry,Cloudy,None apparent,Intersection:  Four-way intersection,Paved,,Minor Injury,0,1,0,1,0,0,1225,1,2,,POINT (-93.260624866309 43.133672183085)
2014814097,14-006841,08/17/2014,08-August,1-Sunday,15:45,1500 Hours,District 2 (Northeast),MARQUETTE,CLAYTON,US 18,US 18/SW RAMP & IA 76/IOWA 76,Collision with:  Vehicle in traffic,On Roadway,Rear-end (front to rear),Unknown,None Indicated,,Daylight,Dry,Clear,None apparent,Interchange-related:  Off-ramp,Paved,,Property Damage Only,0,0,0,0,0,0,2000,2,8,,POINT (-91.178176240686 43.043419291551)
2014813487,,08/17/2014,08-August,1-Sunday,10:00,1000 Hours,District 6 (East Central),CEDAR RAPIDS,LINN,,14TH AVE SW & ROCKFORD RD SW,Collision with:  Vehicle in traffic,On Roadway,Head-on (front to front),Unknown,None Indicated,,Daylight,Dry,Clear,,Intersection:  Four-way intersection,Paved,,Property Damage Only,0,0,0,0,0,0,2000,2,2,,POINT (-91.689540771994 41.963579859585)
2014812819,14-006850,08/17/2014,08-August,1-Sunday,21:01,2100 Hours,District 2 (Northeast),GARNAVILLO,CLAYTON,IA 128,IA 128/IOWA 128 & IOWA AVE,Collision with:  Animal,,,Animal,None Indicated,,,,,,,Paved,,Property Damage Only,0,0,0,0,0,0,3000,1,1,,POINT (-91.289885862818 42.882704973892)
2014813035,14005104,08/17/2014,08-August,1-Sunday,16:00,1600 Hours,District 2 (Northeast),MESERVEY,CERRO GORDO,,OHIO ST & 2ND ST,Collision with:  Vehicle in traffic,On Roadway,Broadside (front to side),FTYROW:  At uncontrolled intersection,None Indicated,,Daylight,Dry,Clear,None apparent,Intersection:  Four-way intersection,Paved,,Property Damage Only,0,0,0,0,0,0,5000,2,3,,POINT (-93.476825009011 42.914657512827)
2014815234,01-14-36643,08/17/2014,08-August,1-Sunday,09:24,0900 Hours,District 6 (East Central),DUBUQUE,DUBUQUE,,E 17TH ST & JACKSON ST,Collision with:  Vehicle in traffic,On Roadway,Broadside (front to side),Ran Stop Sign,None Indicated,,Daylight,Dry,Cloudy,None apparent,Intersection:  Four-way intersection,Paved,,Possible/Unknown,0,1,0,0,1,0,4300,2,2,,POINT (-90.667128265196 42.509407983481)
2014813231,201412103,08/17/2014,08-August,1-Sunday,09:22,0900 Hours,District 6 (East Central),CEDAR RAPIDS,LINN,,29TH ST NE & EASTERN AVE NE,Collision with:  Vehicle in traffic,On Roadway,Broadside (front to side),FTYROW:  From stop sign,None Indicated,,Daylight,Dry,Cloudy,None apparent,Intersection:  Four-way intersection,Paved,,Minor Injury,0,6,0,5,1,0,10000,2,6,,POINT (-91.648038959512 42.006446480409)
2014812888,14-26912,08/17/2014,08-August,1-Sunday,17:12,1700 Hours,District 3 (Northwest),SIOUX CITY,WOODBURY,I-29,I-29,Collision with:  Vehicle in traffic,On Roadway,Rear-end (front to rear),Unknown,None Indicated,,Daylight,Dry,Cloudy,None apparent,Non-intersection:  Non-junction/no special feature,Paved,,Property Damage Only,0,0,0,0,0,0,7300,2,5,,POINT (-96.405183694287 42.489331023325)
2014812743,14-034705,08/17/2014,08-August,1-Sunday,13:00,1300 Hours,District 4 (Southwest),COUNCIL BLUFFS,POTTAWATTAMIE,US 275,US 275/OMAHA BRIDGE RD & DENMARK DR,Collision with:  Vehicle in traffic,On Roadway,Broadside (front to side),Ran Traffic Signal,None Indicated,,Daylight,Dry,Clear,None apparent,Intersection:  Four-way intersection,Paved,,Property Damage Only,0,0,0,0,0,0,6000,2,4,,POINT (-95.833867457981 41.219248463428)
2014812935,14-1572,08/17/2014,08-August,1-Sunday,08:00,0800 Hours,District 1 (Central),POLK CITY,POLK,,N BROADWAY ST W,Collision with:  Animal,On Roadway,Non-collision (single vehicle),Animal,None Indicated,,Daylight,Dry,Clear,None apparent,Non-intersection:  Non-junction/no special feature,Paved,,Minor Injury,0,3,0,3,0,0,12000,1,3,,POINT (-93.732658143258 41.789243609973)
2014813107,S14-8149,08/17/2014,08-August,1-Sunday,18:45,1800 Hours,District 3 (Northwest),,WOODBURY,,Co Rd D25/OLD HWY 141,Collision with fixed object:  Ditch,On Roadway,Non-collision (single vehicle),Ran off road - right,None Indicated,,Daylight,Dry,Cloudy,None apparent,Non-intersection:  Non-junction/no special feature,Paved,,Possible/Unknown,0,1,0,0,1,0,7000,1,1,,POINT (-95.994878538608 42.260106387566)
2014813429,1406716,08/17/2014,08-August,1-Sunday,22:30,2200 Hours,District 5 (Southeast),WASHINGTON,WASHINGTON,,NUTMEG AVE & S E AVE & W LINCOLN ST,Collision with fixed object:  Ditch,On Roadway,Non-collision (single vehicle),Swerving/Evasive Action,None Indicated,,Dark - roadway lighted,Dry,Clear,None apparent,Intersection:  T-intersection,Paved,,Property Damage Only,0,0,0,0,0,0,5000,1,1,,POINT (-91.697894442887 41.283341552684)
2014812631,20140024040,08/17/2014,08-August,1-Sunday,18:12,1800 Hours,District 1 (Central),DES MOINES,POLK,,E HULL AVE & CAMBRIDGE ST,Collision with:  Vehicle in traffic,On Roadway,"Angle, oncoming left turn",Crossed centerline (undivided),None Indicated,,Daylight,Dry,Clear,None apparent,Intersection:  T-intersection,Paved,,Property Damage Only,0,0,0,0,0,0,2000,2,4,,POINT (-93.61628363029 41.622260264079)
2014813004,2014048167,08/17/2014,08-August,1-Sunday,07:00,0700 Hours,District 4 (Southwest),,MILLS,I-29,I-29,Collision with fixed object:  Bridge overhead structure,On Roadway,Non-collision (single vehicle),Ran off road - right,Alcohol (Statutory),,Dawn,Dry,Clear,None apparent,Non-intersection:  Other non-intersection (explain in narrative),Paved,,Property Damage Only,0,0,0,0,0,0,8000,1,1,,POINT (-95.802785466226 40.990972047481)
2014812630,20140024027,08/17/2014,08-August,1-Sunday,15:50,1500 Hours,District 1 (Central),DES MOINES,POLK,,FRANKLIN AVE & MERLE HAY RD,Collision with:  Vehicle in traffic,On Roadway,Rear-end (front to rear),Followed too close,None Indicated,,Daylight,Dry,Cloudy,None apparent,Intersection:  Four-way intersection,Paved,,Minor Injury,0,1,0,1,0,0,1050,2,3,,POINT (-93.697755613972 41.611265207447)
2014812485,W14-082609,08/17/2014,08-August,1-Sunday,23:55,2300 Hours,District 2 (Northeast),WATERLOO,BLACK HAWK,,W 3RD ST & LOCUST ST,Collision with:  Parked motor vehicle,Outside trafficway,"Sideswipe, same direction",Ran off road - right,None Indicated,,Dark - roadway lighted,Dry,Clear,None apparent,Non-intersection:  Non-junction/no special feature,Paved,,Property Damage Only,0,0,0,0,0,0,3500,2,2,,POINT (-92.350446187328 42.489918219294)
2014812740,2014008842,08/17/2014,08-August,1-Sunday,11:22,1100 Hours,District 6 (East Central),IOWA CITY,JOHNSON,,PENKRIDGE DR,Collision with:  Parked motor vehicle,On Roadway,Unknown,Downhill runaway,None Indicated,,Daylight,Dry,Clear,None apparent,Non-intersection:  Non-junction/no special feature,Paved,,Property Damage Only,0,0,0,0,0,0,5000,2,0,,POINT (-91.562641323216 41.64740452557)
2014812544,C14002573,08/17/2014,08-August,1-Sunday,15:00,1500 Hours,District 6 (East Central),CORALVILLE,JOHNSON,US 6,US 6/2ND ST & IA 965/CORAL RIDGE AVE,Collision with:  Vehicle in traffic,On Roadway,Rear-end (front to rear),Followed too close,None Indicated,,Daylight,Dry,Cloudy,None apparent,Non-intersection:  Non-junction/no special feature,Paved,,Property Damage Only,0,0,0,0,0,0,5000,2,2,,POINT (-91.608925191887 41.688496013916)
2014812990,2014048220,08/17/2014,08-August,1-Sunday,17:15,1700 Hours,District 1 (Central),,POLK,I-35,I-35,Collision with:  Vehicle in traffic,On Roadway,Rear-end (front to rear),Swerving/Evasive Action,None Indicated,,Daylight,Dry,Cloudy,None apparent,"Interchange-related:  Off-ramp, diverge area",Paved,,Property Damage Only,0,0,0,0,0,0,7000,2,2,,POINT (-93.576141286185 41.655822052085)
2014813437,2014008454,08/17/2014,08-August,1-Sunday,20:56,2000 Hours,District 1 (Central),MARSHALLTOWN,MARSHALL,US 30,US 30/SE RAMP CURV,Collision with:  Animal,On Roadway,Non-collision (single vehicle),Animal,None Indicated,,Dark - roadway not lighted,Dry,Clear,None apparent,Interchange-related:  On-ramp,Paved,,Property Damage Only,0,0,0,0,0,0,2500,1,2,,POINT (-92.881082785659 42.002863549138)
2014812629,20140024018,08/17/2014,08-August,1-Sunday,13:50,1300 Hours,District 1 (Central),DES MOINES,POLK,US 69,US 69/SE 14TH ST & E PARK AVE,Collision with:  Vehicle in traffic,On Roadway,Rear-end (front to rear),Followed too close,Refused,,Daylight,Dry,Cloudy,None apparent,Intersection:  Four-way intersection,Paved,,Property Damage Only,0,0,0,0,0,0,10000,2,4,,POINT (-93.596832563054 41.555312885367)
2014812530,P14-009546,08/17/2014,08-August,1-Sunday,14:29,1400 Hours,District 1 (Central),WEBSTER CITY,HAMILTON,IA 17,IA 17/BRIGGS WOOD RD & VIRGINIA PKWY,Collision with:  Vehicle in traffic,On Roadway,"Sideswipe, opposite direction",Crossed centerline (undivided),None Indicated,,Daylight,Dry,Clear,None apparent,Non-intersection:  Non-junction/no special feature,Paved,,Property Damage Only,0,0,0,0,0,0,11000,2,1,,POINT (-93.805420632938 42.431201249815)
2014828332,14080355,08/17/2014,08-August,1-Sunday,14:50,1400 Hours,District 5 (Southeast),,WAPELLO,US 63,US 63/US 63 SW RAMP/US 63 SE RAMP & IA 149/IOWA 149,Collision with:  Vehicle in traffic,On Roadway,Rear-end (front to rear),Followed too close,None Indicated,,Daylight,Dry,Clear,None apparent,Interchange-related:  Off-ramp,Paved,,Property Damage Only,0,0,0,0,0,0,2100,2,5,,POINT (-92.410103525209 41.089697133136)
2014812681,2014-57592,08/17/2014,08-August,1-Sunday,17:09,1700 Hours,District 6 (East Central),DAVENPORT,SCOTT,,W LOCUST ST,Collision with:  Vehicle in traffic,On Roadway,Broadside (front to side),FTYROW:  Making left turn,None Indicated,,Daylight,Dry,Clear,None apparent,Intersection:  Four-way intersection,Paved,,Property Damage Only,0,0,0,0,0,0,2000,2,4,,POINT (-90.582856551225 41.538268692808)
2014812608,20140023962,08/17/2014,08-August,1-Sunday,00:44,0000 Hours,District 1 (Central),DES MOINES,POLK,,COLLEGE AVE & 47TH ST,Collision with:  Parked motor vehicle,On Roadway,"Sideswipe, same direction","Operating vehicle in an reckless, erratic, careless, negligent manner",Refused,,Dark - roadway lighted,Dry,Clear,None apparent,Non-intersection:  Non-junction/no special feature,Paved,,Property Damage Only,0,0,0,0,0,0,21900,3,1,,POINT (-93.681419268046 41.607670247503)
2014813225,SO1403381,08/17/2014,08-August,1-Sunday,05:34,0500 Hours,District 5 (Southeast),,JEFFERSON,US 34,US 34,Collision with fixed object:  Tree,On Roadway,Non-collision (single vehicle),Driving too fast for conditions,None Indicated,,Dawn,Dry,"Fog, smoke, smog",None apparent,Non-intersection:  Non-junction/no special feature,Paved,,Minor Injury,0,1,0,1,0,0,33266,1,2,,POINT (-92.164915937524 41.003955852505)