Iowa DOT Case Number,Law Enforcement Case Number,Date of Crash,Month of Crash,Day of Week,Time of Crash,Hour,DOT District,City Name,County Name,Route with System,Location Description,First Harmful Event,Location of First Harmful Event,Manner of Crash/Collision,Major Cause,Drug or Alcohol ,Environmental Conditions,Light Conditions,Surface Conditions,Weather Conditions,Roadway Contribution,Roadway Type,Roadway Surface,Work Zone,Crash Severity,Number of Fatalities,Number of Injuries,Number of Major Injuries,Number of Minor Injuries,Number of Possible Injuries,Number of Unknown Injuries,Amount of Property Damage,Number of Vehicles Involved,Total Number of Occupants,Travel Direction,Location
2014812886,14-26824,08/17/2014,08-August,1-Sunday,23:43,2300 Hours,District 3 (Northwest),SIOUX CITY,WOODBURY,,SINGING HILLS BLVD,Collision with fixed object:  Utility pole/light support,On Roadway,Non-collision (single vehicle),Swerving/Evasive Action,None Indicated,,Dark - roadway lighted,Dry,Cloudy,None apparent,Non-intersection:  Non-junction/no special feature,Paved,,Property Damage Only,0,0,0,0,0,0,4500,1,1,,POINT (-96.361198513748 42.437720192461)
2014813372,P14-009518,08/17/2014,08-August,1-Sunday,00:28,0000 Hours,District 1 (Central),WEBSTER CITY,HAMILTON,,WILLIAM ST,Collision with fixed object:  Utility pole/light support,Roadside,Non-collision (single vehicle),Ran off road - right,None Indicated,,Dark - roadway lighted,Dry,Clear,None apparent,Non-intersection:  Non-junction/no special feature,Paved,,Property Damage Only,0,0,0,0,0,0,8100,1,1,,POINT (-93.825858037083 42.473887739414)
2014844864,2014-002391,08/17/2014,08-August,1-Sunday,18:42,1800 Hours,District 2 (Northeast),,ALLAMAKEE,,DRY RIDGE DR,Collision with fixed object:  Ditch,,,Ran off road - right,None Indicated,,,,,,,Unpaved,,Property Damage Only,0,0,0,0,0,0,5000,1,1,,POINT (-91.265492682607 43.341340187441)
2014812751,14S01298,08/17/2014,08-August,1-Sunday,04:43,0400 Hours,District 4 (Southwest),CROMWELL,UNION,,CROMWELL RD & ADAMS AVE,Collision with fixed object:  Ditch,Roadside,Non-collision (single vehicle),Ran off road - left,Alcohol (Statutory),,Dark - roadway lighted,Dry,"Fog, smoke, smog",None apparent,Non-intersection:  Non-junction/no special feature,Paved,,Possible/Unknown,0,1,0,0,1,0,4200,1,1,,POINT (-94.464006940242 41.043559875992)
2014812523,01-14-36633,08/17/2014,08-August,1-Sunday,04:22,0400 Hours,District 6 (East Central),DUBUQUE,DUBUQUE,,ALTA VISTA ST,Collision with:  Parked motor vehicle,On Roadway,Rear-end (front to rear),Lost Control,Refused,,Dark - roadway lighted,Dry,Clear,None apparent,Non-intersection:  Non-junction/no special feature,Paved,,Property Damage Only,0,0,0,0,0,0,10000,3,1,,POINT (-90.684419388576 42.506561991586)
2014813780,14-16940,08/17/2014,08-August,1-Sunday,03:12,0300 Hours,District 6 (East Central),BUFFALO,SCOTT,,BUFFALO RD,Collision with fixed object:  Ditch,Shoulder,Non-collision (single vehicle),Ran off road - left,Refused,,Dark - roadway not lighted,Dry,Clear,None apparent,Non-intersection:  Non-junction/no special feature,Paved,,Property Damage Only,0,0,0,0,0,0,1700,1,2,,POINT (-90.688263291962 41.48094900267)
2014835768,14-05702,08/17/2014,08-August,1-Sunday,10:56,1000 Hours,District 2 (Northeast),OELWEIN,FAYETTE,IA 3,IA 3/FREDERICK AVE N,Collision with:  Vehicle in traffic,On Roadway,"Sideswipe, same direction",Other (explain in narrative):  Other,None Indicated,,Daylight,Dry,Cloudy,None apparent,Intersection:  T-intersection,Paved,,Property Damage Only,0,0,0,0,0,0,2250,2,2,,POINT (-91.913161701291 42.681513885448)
2014844863,2014-002389,08/17/2014,08-August,1-Sunday,14:56,1400 Hours,District 2 (Northeast),,ALLAMAKEE,,Co Rd X20/LYCURGUS RD,Collision with fixed object:  Ditch,On Roadway,Non-collision (single vehicle),Crossed centerline (undivided),None Indicated,,Daylight,Dry,Clear,None apparent,Non-intersection:  Non-junction/no special feature,Paved,,Property Damage Only,0,0,0,0,0,0,10000,1,1,,POINT (-91.411853225122 43.420939569476)
2014812718,14-034685,08/17/2014,08-August,1-Sunday,05:10,0500 Hours,District 4 (Southwest),COUNCIL BLUFFS,POTTAWATTAMIE,,AVE G & N 26TH ST,Collision with:  Parked motor vehicle,Shoulder,"Sideswipe, same direction",Driver Distraction:  Inattentive/lost in thought,None Indicated,,Dark - roadway not lighted,Dry,Clear,None apparent,Non-intersection:  Non-junction/no special feature,Paved,,Property Damage Only,0,0,0,0,0,0,8000,2,1,,POINT (-95.884276820933 41.268089188844)
2014812602,20140023979,08/17/2014,08-August,1-Sunday,05:41,0500 Hours,District 1 (Central),DES MOINES,POLK,,HICKMAN RD & 48TH ST,Collision with:  Non-motorist (see non-motorist section - NOT a unit),Outside trafficway,Non-collision (single vehicle),Ran off road - right,None Indicated,,Dark - roadway lighted,Dry,"Fog, smoke, smog",None apparent,Intersection:  Four-way intersection,Paved,,Minor Injury,0,1,0,1,0,0,0,1,1,,POINT (-93.682707565328 41.614895387767)
2014812816,14-006834,08/17/2014,08-August,1-Sunday,13:18,1300 Hours,District 2 (Northeast),,CLAYTON,US 18,US 18 & Co Rd X26/FALCON AVE,Collision with:  Vehicle in traffic,On Roadway,Broadside (front to side),FTYROW:  From stop sign,None Indicated,,Daylight,Dry,Cloudy,None apparent,Intersection:  Four-way intersection,Paved,,Property Damage Only,0,0,0,0,0,0,4000,2,7,,POINT (-91.390323223116 43.040549481079)
2014815784,EP14001529,08/17/2014,08-August,1-Sunday,07:57,0700 Hours,District 2 (Northeast),EAGLE GROVE,WRIGHT,,,Collision with:  Vehicle in traffic,On Roadway,Unknown,Unknown,None Indicated,,Daylight,Dry,Clear,None apparent,Non-intersection:  Non-junction/no special feature,,,Property Damage Only,0,0,0,0,0,0,3000,2,4,,POINT (-96.643700149993 40.233091251414)
2014813389,14-0992,08/17/2014,08-August,1-Sunday,14:30,1400 Hours,District 4 (Southwest),CLIVE,DALLAS,US 6,US 6/HICKMAN AVE & NW 156TH ST,Collision with:  Non-motorist (see non-motorist section - NOT a unit),On Roadway,Non-collision (single vehicle),Ran Traffic Signal,None Indicated,,Daylight,Dry,Cloudy,None apparent,Intersection:  Shared use path or trail,Paved,,Possible/Unknown,0,1,0,0,1,0,600,1,4,,POINT (-93.833637923348 41.61480968039)
2014813005,2014048196,08/17/2014,08-August,1-Sunday,15:02,1500 Hours,District 1 (Central),,HAMILTON,I-35,I-35,Collision with:  Vehicle in traffic,On Roadway,Rear-end (front to rear),Other (explain in narrative):  Other,None Indicated,,Daylight,Dry,Clear,Work Zone (roadway-related),Non-intersection:  Non-junction/no special feature,Paved,Yes,Property Damage Only,0,0,0,0,0,0,10000,2,3,,POINT (-93.570076537863 42.3417425829)
2014812989,2014048193,08/17/2014,08-August,1-Sunday,13:40,1300 Hours,District 6 (East Central),,CEDAR,I-80,I-80 & Co Rd X40/GARFIELD AVE,Non-collision events:  Other non-collision (explain in narrative),On Roadway,Non-collision (single vehicle),Lost Control,None Indicated,,Daylight,Dry,Clear,None apparent,Interchange-related:  On-ramp,Paved,,Possible/Unknown,0,1,0,0,1,0,6000,1,1,,POINT (-91.249572578388 41.664453303478)
2014812632,20140024047,08/17/2014,08-August,1-Sunday,19:53,1900 Hours,District 1 (Central),DES MOINES,POLK,IA 163,IA 163/E UNIVERSITY AVE & WILLIAMS ST,Collision with:  Vehicle in traffic,On Roadway,Broadside (front to side),Ran Traffic Signal,None Indicated,,Daylight,Dry,Clear,None apparent,Intersection:  Four-way intersection,Paved,,Possible/Unknown,0,1,0,0,1,0,15000,3,5,,POINT (-93.533362575861 41.600652218685)
2014813338,14-167,08/17/2014,08-August,1-Sunday,16:09,1600 Hours,District 2 (Northeast),WAVERLY,BREMER,IA 116,IA 116/4TH ST SW,Collision with:  Vehicle in traffic,On Roadway,Broadside (front to side),Ran Traffic Signal,None Indicated,,Daylight,Dry,Cloudy,None apparent,Non-intersection:  Driveway access (within),Paved,,Possible/Unknown,0,1,0,0,1,0,7000,2,4,,POINT (-92.475698753439 42.704787090394)
2014813951,2014002914,08/17/2014,08-August,1-Sunday,12:00,1200 Hours,District 6 (East Central),CEDAR RAPIDS,LINN,,3RD AVE SW,Collision with:  Parked motor vehicle,Outside trafficway,Unknown,Unknown,None Indicated,,Daylight,Dry,Cloudy,None apparent,Non-intersection:  Non-junction/no special feature,Paved,,Property Damage Only,0,0,0,0,0,0,2000,2,1,,POINT (-91.6701198672 41.975389128724)
2014813461,146257PD,08/17/2014,08-August,1-Sunday,19:10,1900 Hours,District 1 (Central),BOONE,BOONE,,5TH ST,Collision with:  Parked motor vehicle,On Roadway,Broadside (front to side),Improper Backing,None Indicated,,Daylight,Dry,Clear,None apparent,Non-intersection:  Non-junction/no special feature,Paved,,Property Damage Only,0,0,0,0,0,0,2000,2,1,,POINT (-93.882615912141 42.060650115708)
2014813334,2014008940,08/17/2014,08-August,1-Sunday,00:00,0000 Hours,District 6 (East Central),IOWA CITY,JOHNSON,,S CAPITOL ST,Collision with:  Parked motor vehicle,Outside trafficway,Unknown,Unknown,None Indicated,,Unknown,Unknown,Unknown,Unknown,Non-intersection:  Non-junction/no special feature,Paved,,Property Damage Only,0,0,0,0,0,0,3000,2,1,,POINT (-91.536268526735 41.6549526626)
2014813006,2014048203,08/17/2014,08-August,1-Sunday,15:42,1500 Hours,District 1 (Central),,HAMILTON,I-35,I-35,Collision with:  Vehicle in traffic,On Roadway,Rear-end (front to rear),Followed too close,None Indicated,,Daylight,Dry,Clear,Work Zone (roadway-related),Non-intersection:  Non-junction/no special feature,Paved,Yes,Property Damage Only,0,0,0,0,0,0,11000,3,8,,POINT (-93.570389824756 42.287731268217)
2014813136,14002958,08/17/2014,08-August,1-Sunday,05:30,0500 Hours,District 5 (Southeast),,KEOKUK,IA 21,IA 21/IOWA 21,Collision with:  Animal,,,Animal,None Indicated,,,,,,,Paved,,Property Damage Only,0,0,0,0,0,0,5000,1,1,,POINT (-92.330250116596 41.306989275062)
2014813671,2014-57499,08/17/2014,08-August,1-Sunday,03:24,0300 Hours,District 6 (East Central),DAVENPORT,SCOTT,,E 2ND ST,Collision with fixed object:  Curb/island/raised median,On Roadway,Non-collision (single vehicle),Lost Control,None Indicated,,Dark - roadway lighted,Dry,Clear,None apparent,Intersection:  T-intersection,Paved,,Property Damage Only,0,0,0,0,0,0,7000,1,2,,POINT (-90.568579480124 41.521323686529)
2014812524,01-14-36681,08/17/2014,08-August,1-Sunday,15:00,1500 Hours,District 6 (East Central),DUBUQUE,DUBUQUE,US 52,US 52/CENTRAL AVE & W 11TH ST & E 11TH ST,Collision with:  Vehicle in traffic,On Roadway,"Sideswipe, same direction",FTYROW:  Other (explain in narrative),None Indicated,,Daylight,Dry,Cloudy,None apparent,Intersection:  Four-way intersection,Paved,,Possible/Unknown,0,1,0,0,1,0,5000,2,7,,POINT (-90.666419710257 42.50391838382)
2014927523,,08/17/2014,08-August,1-Sunday,04:15,0400 Hours,District 3 (Northwest),SERGEANT BLUFF,WOODBURY,,FORSLING ST,Collision with:  Parked motor vehicle,On Roadway,Broadside (front to side),Improper Backing,None Indicated,,Unknown,Dry,Unknown,Non-highway work,Non-intersection:  Non-junction/no special feature,Paved,,Minor Injury,0,1,0,1,0,0,3000,2,2,,POINT (-96.349742456966 42.402055516448)
2014812728,145985,08/17/2014,08-August,1-Sunday,04:30,0400 Hours,District 4 (Southwest),,DALLAS,,SPORTSMANS CLUB RD,Non-collision events:  Overturn/rollover,On Roadway,Non-collision (single vehicle),Lost Control,None Indicated,,Dark - roadway not lighted,Dry,"Fog, smoke, smog",None apparent,Non-intersection:  Non-junction/no special feature,Unpaved,,Property Damage Only,0,0,0,0,0,0,10000,1,1,,POINT (-94.042228654625 41.672968600631)
2014813345,14-035345,08/17/2014,08-August,1-Sunday,17:00,1700 Hours,District 4 (Southwest),COUNCIL BLUFFS,POTTAWATTAMIE,I-29,I-29,Collision with:  Vehicle in traffic,On Roadway,"Sideswipe, same direction",Unknown,None Indicated,,Daylight,Unknown,Unknown,Work Zone (roadway-related),Interchange-related:  On-ramp merge area,Paved,Yes,Property Damage Only,0,0,0,0,0,0,1599,2,5,,POINT (-95.883634681766 41.232350119026)
2014813126,2014-17721,08/17/2014,08-August,1-Sunday,19:04,1900 Hours,District 5 (Southeast),,WARREN,IA 28,IA 28/IOWA 28 & Co Rd G6R/HARRISON ST & 40TH AVE,Collision with:  Vehicle in traffic,On Roadway,"Angle, oncoming left turn",Made improper turn,None Indicated,,Daylight,Dry,Clear,None apparent,Intersection:  Four-way intersection,Paved,,Minor Injury,0,1,0,1,0,0,3000,2,3,,POINT (-93.733257532409 41.398903014047)
2014812762,14-034749,08/17/2014,08-August,1-Sunday,19:19,1900 Hours,District 4 (Southwest),COUNCIL BLUFFS,POTTAWATTAMIE,,23RD AVE & S 13TH ST,Non-collision events:  Other non-collision (explain in narrative),On Roadway,Non-collision (single vehicle),Other (explain in narrative):  Other,None Indicated,,Daylight,Dry,Clear,None apparent,Non-intersection:  Non-junction/no special feature,Paved,,Property Damage Only,0,0,0,0,0,0,2500,1,1,,POINT (-95.863372762749 41.239358771995)
2014812746,14-28889,08/17/2014,08-August,1-Sunday,09:06,0900 Hours,District 5 (Southeast),BURLINGTON,DES MOINES,,REMEY AVE,Collision with:  Parked motor vehicle,On Roadway,Unknown,Improper Backing,None Indicated,,Daylight,Dry,Cloudy,None apparent,Non-intersection:  Non-junction/no special feature,Paved,,Property Damage Only,0,0,0,0,0,0,2000,2,1,,POINT (-91.100348748543 40.793714854293)
2014812722,4514-032,08/17/2014,08-August,1-Sunday,15:05,1500 Hours,District 2 (Northeast),,HOWARD,,Co Rd V58/WILLOW AVE,Collision with:  Parked motor vehicle,On Roadway,"Sideswipe, same direction",Illegally Parked/Unattended,Alcohol (Statutory),,Daylight,Dry,Cloudy,None apparent,Non-intersection:  Non-junction/no special feature,Paved,,Property Damage Only,0,0,0,0,0,0,8000,2,5,,POINT (-92.120606766418 43.273782430753)
2014814769,2014-57514,08/17/2014,08-August,1-Sunday,04:49,0400 Hours,District 6 (East Central),DAVENPORT,SCOTT,,E LOCUST ST & BRIDGE AVE,Collision with:  Vehicle in traffic,On Roadway,"Sideswipe, same direction",Crossed centerline (undivided),None Indicated,,Dark - roadway lighted,Dry,Clear,None apparent,Intersection:  Four-way intersection,Paved,,Property Damage Only,0,0,0,0,0,0,3500,2,3,,POINT (-90.55814971179 41.538304812984)
2014812581,14-5427,08/17/2014,08-August,1-Sunday,04:00,0400 Hours,District 1 (Central),,POLK,IA 141,IA 141/IOWA 141,Collision with:  Animal,,,Animal,None Indicated,,,,,,,Paved,,Property Damage Only,0,0,0,0,0,0,3000,1,1,,POINT (-93.776844402421 41.739865462999)
2014813174,2014048209,08/17/2014,08-August,1-Sunday,15:41,1500 Hours,District 1 (Central),,HAMILTON,I-35,I-35,Collision with:  Vehicle in traffic,On Roadway,Rear-end (front to rear),Other (explain in narrative):  Other,None Indicated,,Daylight,Dry,Clear,Work Zone (roadway-related),Non-intersection:  Non-junction/no special feature,Paved,Yes,Property Damage Only,0,0,0,0,0,0,8000,2,5,,POINT (-93.569406201882 42.31588037315)
2014812490,W14-082766,08/17/2014,08-August,1-Sunday,16:00,1600 Hours,District 2 (Northeast),WATERLOO,BLACK HAWK,,LOGAN AVE,Collision with:  Vehicle in traffic,On Roadway,Broadside (front to side),Improper Backing,None Indicated,,Daylight,Dry,Cloudy,None apparent,Non-intersection:  Non-junction/no special feature,Paved,,Property Damage Only,0,0,0,0,0,0,2500,2,1,,POINT (-92.337755560535 42.511729745573)
2014812719,14-034653,08/17/2014,08-August,1-Sunday,01:13,0100 Hours,District 4 (Southwest),COUNCIL BLUFFS,POTTAWATTAMIE,,9TH AVE,Collision with:  Parked motor vehicle,On Roadway,Rear-end (front to rear),"Operating vehicle in an reckless, erratic, careless, negligent manner",Alcohol (Statutory),,Dark - roadway lighted,Dry,Clear,None apparent,Non-intersection:  Non-junction/no special feature,Paved,,Property Damage Only,0,0,0,0,0,0,28000,3,1,,POINT (-95.898606337993 41.253643137306)
2014813100,2014-57480,08/17/2014,08-August,1-Sunday,00:45,0000 Hours,District 6 (East Central),DAVENPORT,SCOTT,,BEIDERBECKE DR & MARQUETTE ST,Collision with:  Vehicle in traffic,On Roadway,Rear-end (front to rear),Unknown,None Indicated,,Dark - roadway lighted,Dry,Clear,None apparent,Non-intersection:  Non-junction/no special feature,Paved,,Property Damage Only,0,0,0,0,0,0,2000,3,4,,POINT (-90.590871987548 41.517064720248)
2014812479,W14-082894,08/17/2014,08-August,1-Sunday,23:15,2300 Hours,District 2 (Northeast),WATERLOO,BLACK HAWK,,RUDI PL,Collision with:  Parked motor vehicle,Roadside,Unknown,Driver Distraction:  Reaching for object(s)/fallen object(s),None Indicated,,Dark - roadway not lighted,Dry,Clear,None apparent,Non-intersection:  Driveway access (within),Paved,,Property Damage Only,0,0,0,0,0,0,9000,2,1,,POINT (-92.344035332658 42.466439449085)
2014812742,2014008856,08/17/2014,08-August,1-Sunday,18:08,1800 Hours,District 6 (East Central),IOWA CITY,JOHNSON,IA 1,IA 1/E BURLINGTON ST & VAN BUREN ST,Collision with:  Vehicle in traffic,On Roadway,Broadside (front to side),FTYROW:  From stop sign,None Indicated,,Daylight,Dry,Clear,None apparent,Intersection:  Four-way intersection,Paved,,Property Damage Only,0,0,0,0,0,0,2000,2,2,,POINT (-91.528662077707 41.657782756001)
2014812820,1408172791,08/17/2014,08-August,1-Sunday,21:15,2100 Hours,District 6 (East Central),,CLINTON,,Co Rd F21/270 ST,Non-collision events:  Overturn/rollover,Roadside,Non-collision (single vehicle),Swerving/Evasive Action,None Indicated,,Dark - roadway not lighted,"Mud, dirt",Cloudy,None apparent,Non-intersection:  Non-junction/no special feature,Unpaved,,Major Injury,0,5,2,3,0,0,5000,1,5,,POINT (-90.59797706986 41.786194960734)
2014812488,W14-082734,08/17/2014,08-August,1-Sunday,11:43,1100 Hours,District 2 (Northeast),WATERLOO,BLACK HAWK,I-380,I-380 & US 218/WASHINGTON ST & E MITCHELL AVE,Collision with:  Vehicle in traffic,On Roadway,Rear-end (front to rear),Other (explain in narrative):  Other,None Indicated,,Daylight,Dry,Cloudy,None apparent,Non-intersection:  Other non-intersection (explain in narrative),Paved,,Possible/Unknown,0,1,0,0,1,0,4000,2,2,,POINT (-92.322128044791 42.476596678027)
2014812607,20140024001,08/17/2014,08-August,1-Sunday,11:40,1100 Hours,District 1 (Central),DES MOINES,POLK,,BROAD ST & E BROAD ST & S UNION ST,Collision with:  Vehicle in traffic,On Roadway,Rear-end (front to rear),Other (explain in narrative):  Other,None Indicated,,Daylight,Dry,Cloudy,None apparent,Intersection:  Other intersection (explain in narrative),Paved,,Minor Injury,0,1,0,1,0,0,10000,2,3,,POINT (-93.616104057154 41.559219491912)
2014812651,14-001894,08/17/2014,08-August,1-Sunday,10:06,1000 Hours,District 1 (Central),ALTOONA,POLK,,ADVENTURELAND DR,Collision with:  Vehicle in traffic,On Roadway,"Sideswipe, same direction",Other (explain in narrative):  Other,None Indicated,,Daylight,Dry,Cloudy,None apparent,Non-intersection:  Non-junction/no special feature,Paved,,Property Damage Only,0,0,0,0,0,0,2500,2,2,,POINT (-93.494480725912 41.658508203655)
2014813195,14-5539,08/17/2014,08-August,1-Sunday,03:29,0300 Hours,District 2 (Northeast),,KOSSUTH,,Co Rd P24/60 AVE,Non-collision events:  Overturn/rollover,Shoulder,Non-collision (single vehicle),"Operating vehicle in an reckless, erratic, careless, negligent manner",None Indicated,,Dark - roadway not lighted,"Mud, dirt",Clear,None apparent,Non-intersection:  Non-junction/no special feature,Unpaved,,Minor Injury,0,1,0,1,0,0,10000,1,1,,POINT (-94.344359036873 43.081074198043)
2014812491,W14-082767,08/17/2014,08-August,1-Sunday,16:10,1600 Hours,District 2 (Northeast),WATERLOO,BLACK HAWK,,LA PORTE RD,Collision with:  Vehicle in traffic,On Roadway,Rear-end (front to rear),Followed too close,None Indicated,,Daylight,Dry,Cloudy,None apparent,Non-intersection:  Non-junction/no special feature,Paved,,Possible/Unknown,0,5,0,0,3,2,4000,3,4,,POINT (-92.322714068874 42.470764342165)
2014813732,14-009916,08/17/2014,08-August,1-Sunday,11:40,1100 Hours,District 1 (Central),TAMA,TAMA,,305TH ST,Collision with:  Vehicle in traffic,On Roadway,Rear-end (front to rear),Crossed centerline (undivided),None Indicated,,Daylight,Dry,Clear,None apparent,Intersection:  T-intersection,Unpaved,,Property Damage Only,0,0,0,0,0,0,8000,2,9,,POINT (-92.467735106744 41.999970889873)
2014812610,20140024056,08/17/2014,08-August,1-Sunday,21:46,2100 Hours,District 1 (Central),DES MOINES,POLK,,SE 9TH ST & EAST MLK JR PKWY & W MLK JR PKWY,Collision with fixed object:  Other fixed object (explain in narrative),On Roadway,Non-collision (single vehicle),"Operating vehicle in an reckless, erratic, careless, negligent manner",Alcohol (Statutory),,Dark - roadway lighted,Dry,Clear,None apparent,Non-intersection:  Non-junction/no special feature,Paved,,Property Damage Only,0,0,0,0,0,0,15200,1,1,,POINT (-93.603139831283 41.583652921905)
2014815878,2014-57578,08/17/2014,08-August,1-Sunday,15:51,1500 Hours,District 6 (East Central),DAVENPORT,SCOTT,,E LOCUST ST & PERRY ST,Collision with:  Vehicle in traffic,On Roadway,Rear-end (front to rear),Followed too close,None Indicated,,Daylight,Dry,Clear,Work Zone (roadway-related),Non-intersection:  Non-junction/no special feature,Paved,Yes,Property Damage Only,0,0,0,0,0,0,2500,4,4,,POINT (-90.57275059968 41.538289872349)
2014820590,2014-57562,08/17/2014,08-August,1-Sunday,14:26,1400 Hours,District 6 (East Central),DAVENPORT,SCOTT,,IA 461/BRADY ST & E 36TH ST,Collision with:  Vehicle in traffic,On Roadway,"Sideswipe, opposite direction",Lost Control,None Indicated,,Daylight,Dry,Clear,None apparent,Intersection:  T-intersection,Paved,,Property Damage Only,0,0,0,0,0,0,3000,2,3,,POINT (-90.568657463682 41.556666456483)
2014812765,S14-082846,08/17/2014,08-August,1-Sunday,20:35,2000 Hours,District 2 (Northeast),,BLACK HAWK,,Co Rd C66/W DUNKERTON RD,Collision with:  Animal,,,Animal,None Indicated,,,,,,,Paved,,Property Damage Only,0,0,0,0,0,0,3000,1,1,,POINT (-92.383335332382 42.570593619124)
2014812658,GP20140652,08/17/2014,08-August,1-Sunday,09:20,0900 Hours,District 1 (Central),GRINNELL,POWESHIEK,US 6,US 6/6TH AVE & ANN ST,Collision with:  Vehicle in traffic,On Roadway,Rear-end (front to rear),Other (explain in narrative):  Other,None Indicated,,Daylight,Dry,Clear,None apparent,Intersection:  Other intersection (explain in narrative),Paved,,Property Damage Only,0,0,0,0,0,0,6000,2,2,,POINT (-92.710629478743 41.746153338395)
2014812628,20140024010,08/17/2014,08-August,1-Sunday,13:13,1300 Hours,District 1 (Central),DES MOINES,POLK,IA 163,IA 163/E UNIVERSITY AVE & E 30TH ST,Collision with:  Vehicle in traffic,On Roadway,Rear-end (front to rear),"Operating vehicle in an reckless, erratic, careless, negligent manner",None Indicated,,Daylight,Dry,Clear,None apparent,Non-intersection:  Non-junction/no special feature,Paved,,Property Damage Only,0,0,0,0,0,0,3500,2,6,,POINT (-93.558453621082 41.600560097132)
2014813757,14-5562,08/17/2014,08-August,1-Sunday,20:22,2000 Hours,District 2 (Northeast),ALGONA,KOSSUTH,,DIAGONAL ST & E COMMERCIAL ST & N ROAN ST,Collision with fixed object:  Utility pole/light support,Roadside,Non-collision (single vehicle),"Operating vehicle in an reckless, erratic, careless, negligent manner",None Indicated,,Dusk,Dry,Cloudy,None apparent,Intersection:  T-intersection,Paved,,Property Damage Only,0,0,0,0,0,0,3500,1,1,,POINT (-94.220471312368 43.075646095185)
2014812606,20140023995,08/17/2014,08-August,1-Sunday,10:23,1000 Hours,District 1 (Central),DES MOINES,POLK,,UNIVERSITY AVE & 46TH ST,Collision with:  Vehicle in traffic,On Roadway,"Sideswipe, same direction",Made improper turn,None Indicated,,Daylight,Dry,Cloudy,None apparent,Intersection:  Four-way intersection,Paved,,Property Damage Only,0,0,0,0,0,0,4400,2,2,,POINT (-93.680082326092 41.600355298359)
2014813053,14-0203045,08/17/2014,08-August,1-Sunday,11:55,1100 Hours,District 5 (Southeast),,MARION,IA 163,IA 163/IOWA 163,Collision with:  Animal,On Roadway,Non-collision (single vehicle),Animal,None Indicated,,Daylight,Dry,Clear,None apparent,Non-intersection:  Non-junction/no special feature,Paved,,Property Damage Only,0,0,0,0,0,0,6200,1,2,,POINT (-92.970631799821 41.424394188411)
2014812493,081714-134,08/17/2014,08-August,1-Sunday,10:01,1000 Hours,District 3 (Northwest),STORM LAKE,BUENA VISTA,IA 110,IA 110/IOWA 110 & W 5TH ST & VISTA DR,Collision with:  Vehicle in traffic,On Roadway,Broadside (front to side),FTYROW:  Making left turn,None Indicated,,Daylight,Dry,Clear,None apparent,Intersection:  T-intersection,Paved,,Property Damage Only,0,0,0,0,0,0,3250,2,3,,POINT (-95.230235043736 42.643179977912)
2014812760,14-034770,08/17/2014,08-August,1-Sunday,20:52,2000 Hours,District 4 (Southwest),COUNCIL BLUFFS,POTTAWATTAMIE,I-29,I-29,Collision with:  Vehicle in traffic,On Roadway,Rear-end (front to rear),Followed too close,None Indicated,,Dark - roadway lighted,Dry,Clear,None apparent,"Interchange-related:  Off-ramp, diverge area",Paved,,Possible/Unknown,0,1,0,0,1,0,6000,3,3,,POINT (-95.879652195821 41.231315062055)
2014812489,W14-082856,08/17/2014,08-August,1-Sunday,15:00,1500 Hours,District 2 (Northeast),WATERLOO,BLACK HAWK,,MULBERRY ST,Collision with:  Parked motor vehicle,Unknown,Unknown,Unknown,None Indicated,,Daylight,Dry,Clear,Unknown,Non-intersection:  Non-junction/no special feature,Paved,,Property Damage Only,0,0,0,0,0,0,1500,2,1,,POINT (-92.33244052825 42.498730531625)
2014813707,14-003779,08/17/2014,08-August,1-Sunday,12:40,1200 Hours,District 1 (Central),AMES,STORY,US 69,US 69/S DUFF AVE,Collision with:  Vehicle in traffic,On Roadway,Rear-end (front to rear),Followed too close,None Indicated,,Daylight,Dry,Clear,None apparent,Non-intersection:  Non-junction/no special feature,Paved,,Property Damage Only,0,0,0,0,0,0,1750,2,2,,POINT (-93.610333447866 42.015749205559)
2014813224,2014-4796,08/17/2014,08-August,1-Sunday,15:58,1500 Hours,District 1 (Central),,HARDIN,,Co Rd S56/CO HWY S56,Non-collision events:  Other non-collision (explain in narrative),On Roadway,Non-collision (single vehicle),Lost Control,None Indicated,,Daylight,Dry,Clear,None apparent,Non-intersection:  Non-junction/no special feature,Paved,,Major Injury,0,1,1,0,0,0,1000,1,1,,POINT (-93.046416719109 42.514516349303)
2014812828,14004860,08/17/2014,08-August,1-Sunday,13:06,1300 Hours,District 3 (Northwest),SHELDON,OBRIEN,,5TH ST & 8TH AVE,Collision with:  Parked motor vehicle,On Roadway,Broadside (front to side),Driver Distraction:  Passenger,None Indicated,,Daylight,Dry,Clear,None apparent,Non-intersection:  Driveway access (within),Paved,,Property Damage Only,0,0,0,0,0,0,1500,2,2,,POINT (-95.845803011387 43.184142585963)
2014812716,14-28951,08/17/2014,08-August,1-Sunday,17:58,1700 Hours,District 5 (Southeast),BURLINGTON,DES MOINES,,COLUMBIA ST & 8TH ST,Collision with:  Vehicle in traffic,On Roadway,Broadside (front to side),Ran Stop Sign,None Indicated,,Daylight,Dry,Cloudy,None apparent,Intersection:  Four-way intersection,Paved,,Possible/Unknown,0,2,0,0,2,0,4800,2,7,,POINT (-91.107877958581 40.812809074184)