Iowa DOT Case Number,Law Enforcement Case Number,Date of Crash,Month of Crash,Day of Week,Time of Crash,Hour,DOT District,City Name,County Name,Route with System,Location Description,First Harmful Event,Location of First Harmful Event,Manner of Crash/Collision,Major Cause,Drug or Alcohol ,Environmental Conditions,Light Conditions,Surface Conditions,Weather Conditions,Roadway Contribution,Roadway Type,Roadway Surface,Work Zone,Crash Severity,Number of Fatalities,Number of Injuries,Number of Major Injuries,Number of Minor Injuries,Number of Possible Injuries,Number of Unknown Injuries,Amount of Property Damage,Number of Vehicles Involved,Total Number of Occupants,Travel Direction,Location
2014812855,20140024129,08/18/2014,08-August,2-Monday,15:32,1500 Hours,District 1 (Central),DES MOINES,POLK,,E ARMY POST RD & SE 5TH ST,Collision with:  Vehicle in traffic,On Roadway,Broadside (front to side),Made improper turn,None Indicated,,Daylight,Dry,Clear,None apparent,Non-intersection:  Non-junction/no special feature,Paved,,Minor Injury,0,1,0,1,0,0,4000,2,2,,POINT (-93.606442994277 41.52635808595)
2014813058,14-003545,08/18/2014,08-August,2-Monday,12:46,1200 Hours,District 1 (Central),ANKENY,POLK,,SE DELAWARE AVE & SE 54TH ST,Collision with:  Vehicle in traffic,On Roadway,Broadside (front to side),Improper Backing,None Indicated,,Daylight,Dry,Clear,None apparent,Non-intersection:  Non-junction/no special feature,Paved,,Property Damage Only,0,0,0,0,0,0,2005,2,2,,POINT (-93.581274251701 41.688384001655)
2014812929,14-034892,08/18/2014,08-August,2-Monday,15:11,1500 Hours,District 4 (Southwest),COUNCIL BLUFFS,POTTAWATTAMIE,I-29,I-29,Collision with:  Vehicle in traffic,On Roadway,"Sideswipe, same direction",Ran off road - right,None Indicated,,Daylight,Dry,Clear,None apparent,Non-intersection:  Non-junction/no special feature,Paved,,Property Damage Only,0,0,0,0,0,0,3000,2,2,,POINT (-95.862855838874 41.2321665335)
2014816074,,08/18/2014,08-August,2-Monday,16:49,1600 Hours,District 5 (Southeast),FORT MADISON,LEE,,AVE L,Collision with:  Vehicle in traffic,On Roadway,Rear-end (front to rear),Driver Distraction:  Passenger,None Indicated,,Daylight,Dry,Cloudy,None apparent,Non-intersection:  Non-junction/no special feature,Paved,,Property Damage Only,0,0,0,0,0,0,3000,3,7,,POINT (-91.338620266393 40.627157238486)
2014813584,SC14-045,08/18/2014,08-August,2-Monday,13:12,1300 Hours,District 1 (Central),STATE CENTER,MARSHALL,US 30,US 30/240TH ST & DURHAM AVE & 3RD AVE SW,Collision with:  Vehicle in traffic,On Roadway,Broadside (front to side),FTYROW:  From yield sign,None Indicated,,Daylight,Dry,Clear,None apparent,Intersection:  Four-way intersection,Paved,,Property Damage Only,0,0,0,0,0,0,8000,2,3,,POINT (-93.165165848267 42.007678923286)
2014812889,14-26976,08/18/2014,08-August,2-Monday,07:21,0700 Hours,District 3 (Northwest),SIOUX CITY,WOODBURY,I-29,I-29,Collision with:  Animal,On Roadway,Non-collision (single vehicle),Animal,None Indicated,,Daylight,Dry,Clear,None apparent,Non-intersection:  Non-junction/no special feature,Paved,,Property Damage Only,0,0,0,0,0,0,2500,1,1,,POINT (-96.376553673953 42.453125417225)
2014813240,201412182,08/18/2014,08-August,2-Monday,19:00,1900 Hours,District 6 (East Central),CEDAR RAPIDS,LINN,I-380,I-380 & GLASS RD NE & MADISON ST NE,Collision with:  Vehicle in traffic,On Roadway,Rear-end (front to rear),Followed too close,None Indicated,,Daylight,Dry,Clear,None apparent,Intersection:  Intersection with ramp,Paved,,Possible/Unknown,0,1,0,0,1,0,4500,3,3,,POINT (-91.665701834324 42.011246443723)
2014812862,20140024123,08/18/2014,08-August,2-Monday,14:50,1400 Hours,District 1 (Central),DES MOINES,POLK,,HICKMAN RD & MLK JR PKWY,Collision with:  Vehicle in traffic,On Roadway,Rear-end (front to rear),Unknown,None Indicated,,Daylight,Dry,Cloudy,None apparent,Non-intersection:  Non-junction/no special feature,Paved,,Major Injury,0,1,1,0,0,0,300,3,5,,POINT (-93.646461472405 41.615050886462)
2014812478,W14-083035,08/18/2014,08-August,2-Monday,11:46,1100 Hours,District 2 (Northeast),WATERLOO,BLACK HAWK,,VINE ST,Collision with:  Vehicle in traffic,On Roadway,"Sideswipe, same direction",Other (explain in narrative):  Other,None Indicated,,Daylight,Dry,Clear,None apparent,Intersection:  Four-way intersection,Paved,,Property Damage Only,0,0,0,0,0,0,4000,2,3,,POINT (-92.323891597683 42.501499239494)
2014813008,AC14-035,08/18/2014,08-August,2-Monday,15:44,1500 Hours,District 1 (Central),STORY CITY,STORY,,Co Rd E15/115TH ST,Collision with:  Vehicle in traffic,On Roadway,Rear-end (front to rear),Other (explain in narrative):  Other,None Indicated,,Daylight,Dry,Clear,None apparent,"Interchange-related:  Off-ramp, diverge area",Paved,,Minor Injury,0,2,0,2,0,0,2500,2,2,,POINT (-93.574588489758 42.187740946151)
2014813190,AC-14-0049,08/18/2014,08-August,2-Monday,06:03,0600 Hours,District 6 (East Central),MONTICELLO,JONES,,S MAIN ST & S CEDAR ST & S HAVEN DR,Collision with:  Vehicle in traffic,On Roadway,Broadside (front to side),FTYROW:  From stop sign,None Indicated,,Daylight,Dry,"Fog, smoke, smog",None apparent,Intersection:  Four-way intersection,Paved,,Possible/Unknown,0,2,0,0,2,0,17000,2,2,,POINT (-91.188323485472 42.227746474377)
2014813577,14019163,08/18/2014,08-August,2-Monday,18:50,1800 Hours,District 5 (Southeast),OSKALOOSA,MAHASKA,US 63,US 63/S MARKET ST,Collision with:  Vehicle in traffic,On Roadway,"Sideswipe, same direction",Other (explain in narrative):  Other,None Indicated,,Daylight,Dry,Clear,None apparent,Non-intersection:  Non-junction/no special feature,Paved,,Property Damage Only,0,0,0,0,0,0,2500,2,2,,POINT (-92.644852119604 41.277241016849)
2014812859,20140024076,08/18/2014,08-August,2-Monday,04:14,0400 Hours,District 1 (Central),DES MOINES,POLK,,MLK JR PKWY,Collision with fixed object:  Utility pole/light support,On Roadway,Non-collision (single vehicle),Ran off road - right,None Indicated,,Dark - roadway lighted,Dry,Clear,None apparent,Non-intersection:  Non-junction/no special feature,Paved,,Possible/Unknown,0,1,0,0,1,0,8000,1,1,,POINT (-93.646997717402 41.617065483195)
2014813964,20142985,08/18/2014,08-August,2-Monday,12:52,1200 Hours,District 1 (Central),,GRUNDY,IA 14,IA 14/N AVE,Collision with:  Vehicle in traffic,On Roadway,"Sideswipe, opposite direction",Crossed centerline (undivided),None Indicated,,Daylight,Dry,Clear,None apparent,Non-intersection:  Non-junction/no special feature,Paved,,Property Damage Only,0,0,0,0,0,0,5000,2,2,,POINT (-92.768547410895 42.425925938965)
2014813916,2014-57805,08/18/2014,08-August,2-Monday,12:20,1200 Hours,District 6 (East Central),DAVENPORT,SCOTT,,IA 461/WELCOME WAY/HARRISON ST & NORTHWEST BLVD,Collision with:  Vehicle in traffic,On Roadway,Rear-end (front to rear),"Operating vehicle in an reckless, erratic, careless, negligent manner",Alcohol (Statutory),,Daylight,Dry,Clear,None apparent,Intersection:  Other intersection (explain in narrative),Paved,,Possible/Unknown,0,2,0,0,2,0,8000,2,2,,POINT (-90.577039051788 41.557302803043)
2014812822,14-007266,08/18/2014,08-August,2-Monday,16:54,1600 Hours,District 6 (East Central),MANCHESTER,DELAWARE,,S TAMA ST,Collision with:  Vehicle in traffic,On Roadway,Broadside (front to side),Improper Backing,None Indicated,,Daylight,Dry,Cloudy,None apparent,Non-intersection:  Non-junction/no special feature,Paved,,Property Damage Only,0,0,0,0,0,0,2000,2,2,,POINT (-91.455394762686 42.481511723203)
2014812890,14-26980,08/18/2014,08-August,2-Monday,07:43,0700 Hours,District 3 (Northwest),SIOUX CITY,WOODBURY,,SOUTHERN HILLS DR & S LAKEPORT ST,Collision with:  Vehicle in traffic,On Roadway,Rear-end (front to rear),Followed too close,None Indicated,,Daylight,Dry,Clear,None apparent,Non-intersection:  Non-junction/no special feature,Paved,,Property Damage Only,0,0,0,0,0,0,5000,2,3,,POINT (-96.347790173961 42.440463215792)
2014813239,201412177,08/18/2014,08-August,2-Monday,17:21,1700 Hours,District 6 (East Central),CEDAR RAPIDS,LINN,,4TH AVE SE & 5TH ST SE,Collision with:  Non-motorist (see non-motorist section - NOT a unit),On Roadway,Non-collision (single vehicle),Other (explain in narrative):  Vision obstructed,None Indicated,,Daylight,Dry,Clear,None apparent,Non-intersection:  Non-junction/no special feature,Paved,,Minor Injury,0,1,0,1,0,0,500,1,2,,POINT (-91.662701284172 41.978067915596)
2014812893,14-083079,08/18/2014,08-August,2-Monday,14:04,1400 Hours,District 2 (Northeast),EVANSDALE,BLACK HAWK,I-380,I-380,Collision with:  Vehicle in traffic,On Roadway,"Sideswipe, same direction",FTYROW:  Other (explain in narrative),None Indicated,,Daylight,Dry,Cloudy,None apparent,Interchange-related:  On-ramp merge area,Paved,,Property Damage Only,0,0,0,0,0,0,7500,2,2,,POINT (-92.249564224565 42.454755598014)
2014815235,01-14-36814,08/18/2014,08-August,2-Monday,12:33,1200 Hours,District 6 (East Central),DUBUQUE,DUBUQUE,US 20,US 20/DODGE ST & CENTURY DR,Collision with:  Vehicle in traffic,On Roadway,Broadside (front to side),Ran Traffic Signal,None Indicated,,Daylight,Dry,Cloudy,None apparent,Intersection:  Four-way intersection,Paved,,Property Damage Only,0,0,0,0,0,0,4200,2,3,,POINT (-90.723776679481 42.491897846044)
2014813330,14-012490,08/18/2014,08-August,2-Monday,12:11,1200 Hours,District 2 (Northeast),,FLOYD,US 218,US 218 & 270TH ST,Collision with:  Vehicle in traffic,On Roadway,Broadside (front to side),Ran Stop Sign,None Indicated,,Daylight,Dry,Clear,None apparent,Intersection:  Four-way intersection,Paved,,Property Damage Only,0,0,0,0,0,0,6500,2,3,,POINT (-92.557264067274 42.965304397762)
2014812867,14-15883,08/18/2014,08-August,2-Monday,07:44,0700 Hours,District 6 (East Central),BETTENDORF,SCOTT,,SUTTON PL & 18TH ST,Collision with:  Vehicle in traffic,On Roadway,"Angle, oncoming left turn",FTYROW:  Making left turn,None Indicated,,Daylight,Dry,Clear,None apparent,Intersection:  T-intersection,Paved,,Possible/Unknown,0,1,0,0,1,0,5000,2,3,,POINT (-90.504931452793 41.548473739238)
2014813233,201412143,08/18/2014,08-August,2-Monday,06:51,0600 Hours,District 6 (East Central),CEDAR RAPIDS,LINN,,1ST AVE W & WILEY BLVD NW,Collision with:  Vehicle in traffic,On Roadway,Rear-end (front to rear),FTYROW:  Other (explain in narrative),None Indicated,,Daylight,Dry,"Fog, smoke, smog",None apparent,Intersection:  Four-way intersection,Paved,,Minor Injury,0,1,0,1,0,0,9000,2,2,,POINT (-91.725810890338 41.967455686961)
2014813738,2014-17792,08/18/2014,08-August,2-Monday,15:13,1500 Hours,District 5 (Southeast),INDIANOLA,WARREN,IA 92,IA 92/E 2ND AVE,Collision with:  Vehicle in traffic,On Roadway,Rear-end (front to rear),Other (explain in narrative):  Other,None Indicated,,Daylight,Dry,Clear,None apparent,Non-intersection:  Non-junction/no special feature,Paved,,Property Damage Only,0,0,0,0,0,0,3000,2,3,,POINT (-93.558936327926 41.35832085323)
2014813031,081814-136,08/18/2014,08-August,2-Monday,17:05,1700 Hours,District 3 (Northwest),STORM LAKE,BUENA VISTA,,W 3RD ST & ONTARIO ST,Collision with:  Vehicle in traffic,On Roadway,Broadside (front to side),Made improper turn,None Indicated,,Daylight,Dry,Clear,None apparent,Non-intersection:  Non-junction/no special feature,Paved,,Property Damage Only,0,0,0,0,0,0,3000,2,2,,POINT (-95.204834833114 42.640970355844)
2014813674,2014-57860,08/18/2014,08-August,2-Monday,16:37,1600 Hours,District 6 (East Central),DAVENPORT,SCOTT,,W 76TH ST,Collision with:  Vehicle in traffic,On Roadway,"Angle, oncoming left turn",FTYROW:  From driveway,None Indicated,,Daylight,Dry,Cloudy,None apparent,Non-intersection:  Driveway access (within),Paved,,Property Damage Only,0,0,0,0,0,0,10500,3,4,,POINT (-90.573423019145 41.593675239673)
2014813329,14-004773,08/18/2014,08-August,2-Monday,12:05,1200 Hours,District 2 (Northeast),,HANCOCK,US 18,US 18,Collision with:  Vehicle in traffic,On Roadway,Rear-end (front to rear),Driver Distraction:  Manual operation of an electronic communication device,None Indicated,,Daylight,Dry,Clear,None apparent,Non-intersection:  Driveway access (within),Paved,,Property Damage Only,0,0,0,0,0,0,3700,2,2,,POINT (-93.701413926206 43.104723519979)
2014812947,S14-003246,08/18/2014,08-August,2-Monday,08:36,0800 Hours,District 4 (Southwest),,POTTAWATTAMIE,,ROSEWOOD RD & 515TH ST,Non-collision events:  Overturn/rollover,Shoulder,Non-collision (single vehicle),Lost Control,None Indicated,,Daylight,Dry,Clear,None apparent,Intersection:  T-intersection,Unpaved,,Property Damage Only,0,0,0,0,0,0,2000,1,1,,POINT (-95.20333295623 41.418283499769)
2014812731,14-034887,08/18/2014,08-August,2-Monday,14:23,1400 Hours,District 4 (Southwest),COUNCIL BLUFFS,POTTAWATTAMIE,,16TH AVE,Collision with:  Vehicle in traffic,On Roadway,Broadside (front to side),FTYROW:  From driveway,None Indicated,,Daylight,Dry,Clear,None apparent,Non-intersection:  Driveway access (within),Paved,,Property Damage Only,0,0,0,0,0,0,6000,2,2,,POINT (-95.862474109721 41.24664927489)
2014813101,2014-57794,08/18/2014,08-August,2-Monday,11:11,1100 Hours,District 6 (East Central),DAVENPORT,SCOTT,US 6,US 6/W KIMBERLY RD/E KIMBERLY RD & IA 461/WELCOME WAY,Collision with:  Vehicle in traffic,On Roadway,Rear-end (front to rear),Lost Control,None Indicated,,Daylight,Dry,Clear,None apparent,Intersection:  Four-way intersection,Paved,,Possible/Unknown,0,2,0,0,2,0,1000,2,3,,POINT (-90.570870542683 41.56032481452)
2014813390,14-0994,08/18/2014,08-August,2-Monday,03:00,0300 Hours,District 1 (Central),CLIVE,POLK,,NW 78TH ST,Collision with fixed object:  Ditch,Shoulder,Non-collision (single vehicle),Ran off road - right,None Indicated,,Dark - roadway lighted,Dry,Clear,None apparent,Non-intersection:  Non-junction/no special feature,Paved,,Property Damage Only,0,0,0,0,0,0,6100,1,1,,POINT (-93.724887197925 41.604422993283)
2014814496,1408182005,08/18/2014,08-August,2-Monday,20:05,2000 Hours,District 6 (East Central),,JONES,,Co Rd E28/RIDGE RD E-28 & FREEMONT RD,Collision with fixed object:  Ditch,On Roadway,Non-collision (single vehicle),Ran off road - right,Drug/Alcohol (Statutory),,Dusk,Dry,Cloudy,None apparent,Intersection:  Y-intersection,Paved,,Fatal,1,2,1,1,0,0,4000,1,3,,POINT (-91.352848756423 42.129558572957)
2014813069,20140024254,08/18/2014,08-August,2-Monday,15:30,1500 Hours,District 1 (Central),DES MOINES,POLK,,OVID AVE & 56TH ST,Collision with:  Vehicle in traffic,Outside trafficway,Unknown,Improper Backing,None Indicated,,Daylight,Dry,Cloudy,None apparent,Non-intersection:  Non-junction/no special feature,Paved,,Property Damage Only,0,0,0,0,0,0,2000,2,777,,POINT (-93.694362034445 41.624967675454)
2014815666,14-006244,08/18/2014,08-August,2-Monday,21:52,2100 Hours,District 4 (Southwest),PERRY,DALLAS,,DEWEY AVE,Collision with:  Parked motor vehicle,On Roadway,Broadside (front to side),Other (explain in narrative):  Other,None Indicated,,Dark - roadway lighted,Dry,Clear,None apparent,Non-intersection:  Non-junction/no special feature,Paved,,Property Damage Only,0,0,0,0,0,0,4500,2,1,,POINT (-94.102538078156 41.844625932131)
2014813007,2014048408,08/18/2014,08-August,2-Monday,16:55,1600 Hours,District 1 (Central),ANKENY,POLK,I-35,I-35,Collision with:  Vehicle in traffic,On Roadway,Rear-end (front to rear),Other (explain in narrative):  Other,None Indicated,,Daylight,Dry,Cloudy,None apparent,Non-intersection:  Non-junction/no special feature,Paved,,Possible/Unknown,0,1,0,0,1,0,8000,2,3,,POINT (-93.576604195439 41.722490310899)
2014812973,2014048323,08/18/2014,08-August,2-Monday,08:25,0800 Hours,District 5 (Southeast),,DECATUR,I-35,I-35,Collision with fixed object:  Ditch,Median,Non-collision (single vehicle),Ran off road - left,None Indicated,,Daylight,Dry,Cloudy,None apparent,Non-intersection:  Non-junction/no special feature,Paved,,Property Damage Only,0,0,0,0,0,0,8500,1,4,,POINT (-93.845203199705 40.693067585352)
2014813238,201412176,08/18/2014,08-August,2-Monday,16:34,1600 Hours,District 6 (East Central),CEDAR RAPIDS,LINN,I-380,I-380 & IA 922/1ST AVE,Collision with:  Vehicle in traffic,On Roadway,Broadside (front to side),Ran Traffic Signal,None Indicated,,Daylight,Dry,Clear,None apparent,Intersection:  Other intersection (explain in narrative),Paved,,Possible/Unknown,0,1,0,0,1,0,5000,2,3,,POINT (-91.676322968899 41.975424803187)
2014812913,14083187,08/18/2014,08-August,2-Monday,19:18,1900 Hours,District 2 (Northeast),CEDAR FALLS,BLACK HAWK,,E SEERLEY BLVD & VALLEY PARK DR,Collision with:  Vehicle in traffic,On Roadway,Broadside (front to side),Ran Stop Sign,None Indicated,,Daylight,Dry,Clear,None apparent,Intersection:  Four-way intersection,Paved,,Property Damage Only,0,0,0,0,0,0,2800,2,2,,POINT (-92.436816881526 42.515789657847)
2014813236,201412169,08/18/2014,08-August,2-Monday,14:14,1400 Hours,District 6 (East Central),CEDAR RAPIDS,LINN,,E AVE NW,Collision with fixed object:  Ditch,On Roadway,Non-collision (single vehicle),"Operating vehicle in an reckless, erratic, careless, negligent manner",None Indicated,,Daylight,Dry,Cloudy,None apparent,Non-intersection:  Non-junction/no special feature,Paved,,Major Injury,0,1,1,0,0,0,2500,1,1,,POINT (-91.758202324662 41.978627452112)
2014839024,14-031-AC-Y,08/18/2014,08-August,2-Monday,05:44,0500 Hours,District 3 (Northwest),MILFORD,DICKINSON,,13TH ST,Collision with:  Non-motorist (see non-motorist section - NOT a unit),On Roadway,Non-collision (single vehicle),FTYROW:  To pedestrian,None Indicated,,Dawn,Dry,"Fog, smoke, smog",None apparent,Non-intersection:  Non-junction/no special feature,Paved,,Minor Injury,0,1,0,1,0,0,50,1,1,,POINT (-95.145169167828 43.32789862155)
2014814493,261401437,08/18/2014,08-August,2-Monday,17:32,1700 Hours,District 5 (Southeast),BLOOMFIELD,DAVIS,US 63,US 63,Collision with:  Animal,,,Animal,None Indicated,,,,,,,Paved,,Property Damage Only,0,0,0,0,0,0,12000,1,1,,POINT (-92.39935015337 40.85532897933)
2014817166,2014-57843,08/18/2014,08-August,2-Monday,16:34,1600 Hours,District 6 (East Central),DAVENPORT,SCOTT,,W LOCUST ST & MYRTLE ST,Collision with:  Non-motorist (see non-motorist section - NOT a unit),On Roadway,Non-collision (single vehicle),Other (explain in narrative):  No improper action,None Indicated,,Daylight,Dry,Clear,None apparent,Non-intersection:  Non-junction/no special feature,Paved,,Major Injury,0,1,1,0,0,0,1500,1,1,,POINT (-90.588862779651 41.53825075213)
2014812891,14-27012,08/18/2014,08-August,2-Monday,12:36,1200 Hours,District 3 (Northwest),SIOUX CITY,WOODBURY,,14TH ST & PIERCE ST,Collision with:  Vehicle in traffic,On Roadway,Rear-end (front to rear),Followed too close,None Indicated,,Daylight,Dry,Clear,None apparent,Intersection:  Four-way intersection,Paved,,Minor Injury,0,2,0,1,1,0,2000,2,3,,POINT (-96.405010944036 42.504967936459)
2014813507,14-008569,08/18/2014,08-August,2-Monday,09:09,0900 Hours,District 3 (Northwest),,CARROLL,,Co Rd N18/IVY AVE,Collision with fixed object:  Ditch,Unknown,Non-collision (single vehicle),Ran off road - right,None Indicated,,Daylight,Dry,Clear,None apparent,Non-intersection:  Non-junction/no special feature,Unpaved,,Property Damage Only,0,0,0,0,0,0,2500,1,2,,POINT (-94.937529862884 41.931867879934)
2014826607,TC047-14,08/18/2014,08-August,2-Monday,07:15,0700 Hours,District 4 (Southwest),MISSOURI VALLEY,HARRISON,,W MICHIGAN ST & N 1ST ST,Collision with:  Vehicle in traffic,On Roadway,"Angle, oncoming left turn",FTYROW:  Other (explain in narrative),None Indicated,,Daylight,Dry,Clear,None apparent,Non-intersection:  Non-junction/no special feature,Paved,,Property Damage Only,0,0,0,0,0,0,3500,2,3,,POINT (-95.895344778563 41.559411827235)
2014812477,W14-083069,08/18/2014,08-August,2-Monday,13:17,1300 Hours,District 2 (Northeast),WATERLOO,BLACK HAWK,,W 7TH ST & RANDOLPH ST,Collision with:  Non-motorist (see non-motorist section - NOT a unit),On Roadway,Non-collision (single vehicle),Other (explain in narrative):  No improper action,None Indicated,,Daylight,Dry,Clear,None apparent,Intersection:  Four-way intersection,Paved,,Major Injury,0,1,1,0,0,0,100,1,1,,POINT (-92.341255052894 42.489136286184)
2014813366,,08/18/2014,08-August,2-Monday,14:30,1400 Hours,District 6 (East Central),CAMANCHE,CLINTON,US 67,US 67/WASHINGTON BLVD,Collision with:  Vehicle in traffic,On Roadway,Rear-end (front to rear),Other (explain in narrative):  Other,None Indicated,,Daylight,Dry,Clear,Work Zone (roadway-related),Intersection:  T-intersection,Paved,Yes,Property Damage Only,0,0,0,0,0,0,2000,2,2,,POINT (-90.248466783272 41.797623023599)
2014812972,2014048320,08/18/2014,08-August,2-Monday,09:10,0900 Hours,District 1 (Central),,WEBSTER,US 20,US 20/235TH ST,Collision with fixed object:  Traffic sign support,Median,Non-collision (single vehicle),Crossed centerline (undivided),None Indicated,,Daylight,Dry,Cloudy,None apparent,Non-intersection:  Non-junction/no special feature,Paved,,Possible/Unknown,0,1,0,0,1,0,9000,1,1,,POINT (-93.956399618651 42.449655706326)
2014813920,2014-17817,08/18/2014,08-August,2-Monday,19:34,1900 Hours,District 5 (Southeast),INDIANOLA,WARREN,US 65,US 65/N JEFFERSON WAY & E EUCLID AVE,Collision with:  Vehicle in traffic,On Roadway,Rear-end (front to rear),Lost Control,None Indicated,,Daylight,Dry,Clear,None apparent,Intersection:  Four-way intersection,Paved,,Possible/Unknown,0,1,0,0,1,0,3000,2,2,,POINT (-93.558353436223 41.365655881622)
2014813839,081814-1,08/18/2014,08-August,2-Monday,16:56,1600 Hours,District 6 (East Central),WILLIAMSBURG,IOWA,I-80,I-80 & IA 149/P AVE & HIGHLAND ST,Collision with:  Vehicle in traffic,On Roadway,"Sideswipe, same direction",Other (explain in narrative):  Other,None Indicated,,Daylight,Dry,Clear,None apparent,Intersection:  Intersection with ramp,Paved,,Property Damage Only,0,0,0,0,0,0,2200,2,5,,POINT (-92.008217867373 41.688411693759)
2014814253,,08/18/2014,08-August,2-Monday,12:37,1200 Hours,District 3 (Northwest),ARNOLDS PARK,DICKINSON,US 71,US 71/OKOBOJI GROVE RD & BROADWAY ST,Collision with:  Vehicle in traffic,On Roadway,Rear-end (front to rear),Followed too close,None Indicated,,Daylight,Dry,Clear,None apparent,Intersection:  Four-way intersection,Paved,,Property Damage Only,0,0,0,0,0,0,2700,3,5,,POINT (-95.128407104112 43.367776248255)
2014813952,201402898,08/18/2014,08-August,2-Monday,10:11,1000 Hours,District 6 (East Central),,LINN,,Co Rd E48/MT VERNON RD,Collision with:  Animal,,,Animal,None Indicated,,,,,,,Paved,,Property Damage Only,0,0,0,0,0,0,4500,1,1,,POINT (-91.582467750684 41.976564710224)
2014812948,14-29112,08/18/2014,08-August,2-Monday,19:07,1900 Hours,District 5 (Southeast),BURLINGTON,DES MOINES,US 34,US 34/SW RAMP & US 61,Collision with:  Vehicle in traffic,On Roadway,Broadside (front to side),Ran Traffic Signal,None Indicated,,Daylight,Dry,Clear,None apparent,Intersection:  Other intersection (explain in narrative),Paved,,Property Damage Only,0,0,0,0,0,0,4500,2,2,,POINT (-91.141399986606 40.816020444032)
2014813228,2014-12180,08/18/2014,08-August,2-Monday,18:39,1800 Hours,District 6 (East Central),CEDAR RAPIDS,LINN,,15TH AVE SW & 6TH ST SW,Collision with:  Vehicle in traffic,On Roadway,"Sideswipe, same direction",Traveling wrong way or on wrong side of road,None Indicated,,Daylight,Dry,Clear,None apparent,Intersection:  Four-way intersection,Paved,,Possible/Unknown,0,1,0,0,0,1,3000,3,4,,POINT (-91.677077857503 41.962860490331)
2014813361,2014048379,08/18/2014,08-August,2-Monday,14:10,1400 Hours,District 6 (East Central),,BENTON,US 151,US 151/32 AVE,Collision with:  Vehicle in traffic,On Roadway,Rear-end (front to rear),Other (explain in narrative):  Other,None Indicated,,Daylight,Dry,Clear,Work Zone (roadway-related),Non-intersection:  Non-junction/no special feature,Paved,Yes,Minor Injury,0,1,0,1,0,0,11000,2,2,,POINT (-91.870243250434 41.869751284122)
2014813032,081814-7,08/18/2014,08-August,2-Monday,00:42,0000 Hours,District 3 (Northwest),STORM LAKE,BUENA VISTA,,ONTARIO ST,Collision with:  Vehicle in traffic,On Roadway,Rear-end (front to rear),Driver Distraction:  Inattentive/lost in thought,None Indicated,,Dark - roadway not lighted,Dry,Clear,None apparent,Non-intersection:  Non-junction/no special feature,Paved,,Property Damage Only,0,0,0,0,0,0,15000,2,777,,POINT (-95.204774165571 42.64615845864)
2014813739,2014-17819,08/18/2014,08-August,2-Monday,19:47,1900 Hours,District 5 (Southeast),INDIANOLA,WARREN,US 65,US 65/N JEFFERSON WAY & E GIRARD AVE,Collision with:  Vehicle in traffic,On Roadway,Broadside (front to side),FTYROW:  From stop sign,None Indicated,,Daylight,Dry,Clear,None apparent,Intersection:  T-intersection,Paved,,Property Damage Only,0,0,0,0,0,0,6000,2,3,,POINT (-93.55836906792 41.367484350477)
2014812914,2014-17754,08/18/2014,08-August,2-Monday,05:45,0500 Hours,District 5 (Southeast),,WARREN,,Co Rd G64/ROOSEVELT ST,Non-collision events:  Overturn/rollover,On Roadway,Non-collision (single vehicle),Ran off road - right,None Indicated,,Dawn,Dry,"Fog, smoke, smog","Surface condition (e.g., wet, icy)",Non-intersection:  Non-junction/no special feature,Unpaved,,Possible/Unknown,0,1,0,0,1,0,5000,1,1,,POINT (-93.618736285418 41.234420151246)
2014812752,14S01305,08/18/2014,08-August,2-Monday,04:26,0400 Hours,District 4 (Southwest),,UNION,,Co Rd P43/LARK AVE,Collision with fixed object:  Guardrail - face,On Roadway,Non-collision (single vehicle),Other (explain in narrative):  No improper action,None Indicated,,Dark - roadway not lighted,Dry,Clear,None apparent,Non-intersection:  Non-junction/no special feature,Paved,,Possible/Unknown,0,1,0,0,0,1,9000,1,1,,POINT (-94.261060973511 41.053841508675)
2014813086,14-4059,08/19/2014,08-August,3-Tuesday,15:02,1500 Hours,District 1 (Central),WEST DES MOINES,POLK,I-35,I-35,Non-collision events:  Other non-collision (explain in narrative),On Roadway,Non-collision (single vehicle),Over correcting/over steering,None Indicated,,Daylight,Dry,Cloudy,Work Zone (roadway-related),"Interchange-related:  Off-ramp, diverge area",Paved,Yes,Property Damage Only,0,0,0,0,0,0,6000,1,1,,POINT (-93.773615516042 41.52952538603)
2014814606,14083575,08/19/2014,08-August,3-Tuesday,19:59,1900 Hours,District 2 (Northeast),CEDAR FALLS,BLACK HAWK,IA 57,IA 57/WEST 1ST ST,Collision with:  Vehicle in traffic,On Roadway,Rear-end (front to rear),Other (explain in narrative):  Other,None Indicated,,Dusk,Dry,Clear,None apparent,Non-intersection:  Non-junction/no special feature,Paved,,Property Damage Only,0,0,0,0,0,0,11000,2,2,,POINT (-92.466112762725 42.537904042347)
2014813257,14082044,08/19/2014,08-August,3-Tuesday,08:53,0800 Hours,District 4 (Southwest),CLARINDA,PAGE,,E GARFIELD ST & S 13TH ST,Collision with:  Vehicle in traffic,On Roadway,Broadside (front to side),FTYROW:  From stop sign,None Indicated,,Daylight,Dry,Clear,None apparent,Intersection:  Four-way intersection,Paved,,Property Damage Only,0,0,0,0,0,0,1600,2,2,,POINT (-95.033620107493 40.735060143542)