Iowa DOT Case Number,Law Enforcement Case Number,Date of Crash,Month of Crash,Day of Week,Time of Crash,Hour,DOT District,City Name,County Name,Route with System,Location Description,First Harmful Event,Location of First Harmful Event,Manner of Crash/Collision,Major Cause,Drug or Alcohol ,Environmental Conditions,Light Conditions,Surface Conditions,Weather Conditions,Roadway Contribution,Roadway Type,Roadway Surface,Work Zone,Crash Severity,Number of Fatalities,Number of Injuries,Number of Major Injuries,Number of Minor Injuries,Number of Possible Injuries,Number of Unknown Injuries,Amount of Property Damage,Number of Vehicles Involved,Total Number of Occupants,Travel Direction,Location
2014813552,14-14094,08/19/2014,08-August,3-Tuesday,10:21,1000 Hours,District 5 (Southeast),,HENRY,,Co Rd W75/LEXINGTON AVE,Collision with fixed object:  Ditch,Shoulder,Non-collision (single vehicle),Ran off road - right,None Indicated,,Daylight,"Mud, dirt",Clear,None apparent,Non-intersection:  Non-junction/no special feature,Unpaved,,Property Damage Only,0,0,0,0,0,0,4600,1,1,,POINT (-91.507120604957 40.883669210831)
2014813029,W14-083483,08/19/2014,08-August,3-Tuesday,14:30,1400 Hours,District 2 (Northeast),WATERLOO,BLACK HAWK,,FRANKLIN ST & LANE ST,Collision with:  Vehicle in traffic,On Roadway,Broadside (front to side),Ran Stop Sign,None Indicated,,Daylight,Dry,Clear,None apparent,Intersection:  Four-way intersection,Paved,,Property Damage Only,0,0,0,0,0,0,3500,2,2,,POINT (-92.32527091683 42.495464458226)
2014813114,14-27183,08/19/2014,08-August,3-Tuesday,17:56,1700 Hours,District 3 (Northwest),SIOUX CITY,WOODBURY,,1ST ST & S FAIRMOUNT ST,Collision with:  Vehicle in traffic,On Roadway,"Sideswipe, same direction",Made improper turn,None Indicated,,Daylight,Dry,Clear,None apparent,Intersection:  Four-way intersection,Paved,,Property Damage Only,0,0,0,0,0,0,2000,2,3,,POINT (-96.374495912923 42.49106813994)
2014813036,14005112,08/19/2014,08-August,3-Tuesday,08:00,0800 Hours,District 2 (Northeast),,CERRO GORDO,,Co Rd B55/170TH ST,Collision with fixed object:  Ditch,Roadside,Non-collision (single vehicle),Ran off road - right,None Indicated,,Daylight,Dry,Clear,None apparent,Non-intersection:  Non-junction/no special feature,Unpaved,,Possible/Unknown,0,1,0,0,1,0,7000,1,1,,POINT (-93.20538281713 43.008903694738)
2014812825,14017545,08/19/2014,08-August,3-Tuesday,11:26,1100 Hours,District 6 (East Central),MARION,LINN,,7TH AVE & 6TH ST,Collision with:  Vehicle in traffic,On Roadway,Rear-end (front to rear),Followed too close,None Indicated,,Daylight,Dry,Cloudy,None apparent,Intersection:  T-intersection,Paved,,Property Damage Only,0,0,0,0,0,0,5000,2,4,,POINT (-91.603905539412 42.033369485568)
2014813026,W14-083448,08/19/2014,08-August,3-Tuesday,12:20,1200 Hours,District 2 (Northeast),WATERLOO,BLACK HAWK,,ESTHER ST & E 4TH ST,Collision with:  Vehicle in traffic,On Roadway,Rear-end (front to rear),Unknown,None Indicated,,Daylight,Dry,Cloudy,None apparent,Intersection:  Four-way intersection,Paved,,Minor Injury,0,7,0,6,1,0,20000,4,11,,POINT (-92.332712592668 42.521210617396)
2014813362,2014048459,08/19/2014,08-August,3-Tuesday,06:00,0600 Hours,District 6 (East Central),,JOHNSON,I-80,I-80,Collision with:  Vehicle in traffic,On Roadway,Rear-end (front to rear),Followed too close,None Indicated,,Dawn,Dry,Clear,None apparent,Non-intersection:  Non-junction/no special feature,Paved,,Property Damage Only,0,0,0,0,0,0,7000,2,2,,POINT (-91.746483292413 41.693456535044)
2014813070,20140024290,08/19/2014,08-August,3-Tuesday,19:50,1900 Hours,District 1 (Central),DES MOINES,POLK,,LAUREL ST & 3RD ST,Collision with:  Vehicle in traffic,On Roadway,"Sideswipe, same direction",Other (explain in narrative):  Other,None Indicated,,Daylight,Dry,Clear,None apparent,Intersection:  Four-way intersection,Paved,,Property Damage Only,0,0,0,0,0,0,3000,2,4,,POINT (-93.619925931401 41.597723031219)
2014813268,14-1004,08/19/2014,08-August,3-Tuesday,11:57,1100 Hours,District 1 (Central),CLIVE,POLK,,SWANSON BLVD & UNIVERSITY BLVD & NW 86TH ST,Collision with:  Vehicle in traffic,On Roadway,Rear-end (front to rear),Followed too close,None Indicated,,Daylight,Dry,Clear,None apparent,Non-intersection:  Non-junction/no special feature,Paved,,Property Damage Only,0,0,0,0,0,0,3050,2,2,,POINT (-93.73631468507 41.605737479352)
2014813261,14-003560,08/19/2014,08-August,3-Tuesday,15:19,1500 Hours,District 1 (Central),ANKENY,POLK,,Co Rd R56/NW 16TH ST & SW MEADOW RIDGE DR,Collision with:  Vehicle in traffic,On Roadway,Rear-end (front to rear),Other (explain in narrative):  Other,None Indicated,,Daylight,Dry,Clear,None apparent,Intersection:  Four-way intersection,Paved,,Property Damage Only,0,0,0,0,0,0,3000,2,2,,POINT (-93.638862756434 41.697580774989)
2014813246,201412231,08/19/2014,08-August,3-Tuesday,18:11,1800 Hours,District 6 (East Central),CEDAR RAPIDS,LINN,,JOHNSON AVE NW & EDGEWOOD RD NW,Collision with:  Vehicle in traffic,On Roadway,Broadside (front to side),Ran Traffic Signal,None Indicated,,Daylight,Dry,Clear,None apparent,Intersection:  Four-way intersection,Paved,,Property Damage Only,0,0,0,0,0,0,10000,2,4,,POINT (-91.715979011597 41.974479253715)
2014813118,CL14002943,08/19/2014,08-August,3-Tuesday,07:56,0700 Hours,District 6 (East Central),CLINTON,CLINTON,,14TH AVE N & PERSHING BLVD,Collision with:  Vehicle in traffic,On Roadway,Broadside (front to side),FTYROW:  From stop sign,None Indicated,,Daylight,Dry,Cloudy,None apparent,Intersection:  Four-way intersection,Paved,,Possible/Unknown,0,1,0,0,1,0,5500,2,2,,POINT (-90.185711670598 41.860078270093)
2014813049,C14002593,08/19/2014,08-August,3-Tuesday,09:35,0900 Hours,District 6 (East Central),CORALVILLE,JOHNSON,US 6,US 6/2ND ST & 10TH AVE SW & 2ND ST SW,Collision with:  Vehicle in traffic,On Roadway,"Sideswipe, same direction",Unknown,None Indicated,,Daylight,Dry,Clear,None apparent,Non-intersection:  Non-junction/no special feature,Paved,,Property Damage Only,0,0,0,0,0,0,4500,2,2,,POINT (-91.580338335535 41.673789470789)
2014813119,CL14002947,08/19/2014,08-August,3-Tuesday,11:16,1100 Hours,District 6 (East Central),CLINTON,CLINTON,,3RD AVE S & S 3RD ST,Collision with:  Vehicle in traffic,On Roadway,Broadside (front to side),Ran Stop Sign,None Indicated,,Daylight,Dry,Cloudy,None apparent,Intersection:  Four-way intersection,Paved,,Property Damage Only,0,0,0,0,0,0,3000,2,2,,POINT (-90.19080111905 41.843443362354)
2014812933,14-035003,08/19/2014,08-August,3-Tuesday,07:55,0700 Hours,District 4 (Southwest),COUNCIL BLUFFS,POTTAWATTAMIE,,W PIERCE ST & GLEN AVE,Collision with:  Vehicle in traffic,On Roadway,Broadside (front to side),Unknown,None Indicated,,Daylight,Dry,Clear,None apparent,Non-intersection:  Non-junction/no special feature,Paved,,Property Damage Only,0,0,0,0,0,0,5500,2,2,,POINT (-95.846622041476 41.261092536883)
2014828333,14080401,08/19/2014,08-August,3-Tuesday,21:39,2100 Hours,District 5 (Southeast),,WAPELLO,,Co Rd H47/BLUEGRASS RD,Collision with:  Animal,,,Animal,None Indicated,,,,,,,Paved,,Property Damage Only,0,0,0,0,0,0,3000,1,1,,POINT (-92.611407149088 40.964131262255)
2014812817,14-006894,08/19/2014,08-August,3-Tuesday,13:34,1300 Hours,District 2 (Northeast),,CLAYTON,IA 13,IA 13/IOWA 13 & Co Rd B60/182ND ST,Collision with:  Vehicle in traffic,On Roadway,Rear-end (front to rear),Swerving/Evasive Action,None Indicated,,Daylight,Dry,Clear,None apparent,Intersection:  T-intersection,Paved,,Minor Injury,0,1,0,1,0,0,6500,2,3,,POINT (-91.334148674523 42.961016272872)
2014817292,,08/19/2014,08-August,3-Tuesday,10:40,1000 Hours,District 2 (Northeast),GUTTENBERG,CLAYTON,,RIVER PARK DR,Collision with:  Vehicle in traffic,On Roadway,Rear-end (front to rear),FTYROW:  From parked position,None Indicated,,Daylight,Dry,Clear,None apparent,Non-intersection:  Non-junction/no special feature,Paved,,Property Damage Only,0,0,0,0,0,0,17000,2,2,,POINT (-91.099442730363 42.790020517784)
2014813131,2014-17101,08/19/2014,08-August,3-Tuesday,16:23,1600 Hours,District 6 (East Central),LONG GROVE,SCOTT,US 61,US 61/NERAMP/SERAMP & 267 ST,Collision with:  Vehicle in traffic,On Roadway,Rear-end (front to rear),Followed too close,None Indicated,,Daylight,Dry,Clear,None apparent,Intersection:  Intersection with ramp,Paved,,Property Damage Only,0,0,0,0,0,0,4000,2,2,,POINT (-90.565062352083 41.69498995344)
2014813760,14083547,08/19/2014,08-August,3-Tuesday,18:24,1800 Hours,District 2 (Northeast),CEDAR FALLS,BLACK HAWK,,E VIKING RD & WALMART DR,Collision with:  Vehicle in traffic,On Roadway,"Sideswipe, same direction",Made improper turn,None Indicated,,Daylight,Dry,Clear,None apparent,Intersection:  T-intersection,Paved,,Possible/Unknown,0,3,0,0,3,0,9000,2,5,,POINT (-92.439900295558 42.484032161052)
2014813127,2014-17881,08/19/2014,08-August,3-Tuesday,14:20,1400 Hours,District 5 (Southeast),,WARREN,,Co Rd S23/HWY S23,Non-collision events:  Overturn/rollover,On Roadway,Non-collision (single vehicle),Swerving/Evasive Action,None Indicated,,Daylight,Dry,Clear,None apparent,Non-intersection:  Non-junction/no special feature,Paved,,Minor Injury,0,1,0,1,0,0,4000,1,1,,POINT (-93.437861533193 41.382787461977)
2014813677,2014-58121,08/19/2014,08-August,3-Tuesday,12:46,1200 Hours,District 6 (East Central),DAVENPORT,SCOTT,,NORTHWEST BLVD,Collision with:  Vehicle in traffic,On Roadway,Rear-end (front to rear),Lost Control,None Indicated,,Daylight,Dry,Clear,None apparent,Non-intersection:  Non-junction/no special feature,Paved,,Property Damage Only,0,0,0,0,0,0,4500,2,2,,POINT (-90.584730535924 41.567777019531)
2014812932,14-035000,08/19/2014,08-August,3-Tuesday,07:26,0700 Hours,District 4 (Southwest),COUNCIL BLUFFS,POTTAWATTAMIE,,AVE G VIADUCT & N 8TH ST,Collision with:  Vehicle in traffic,On Roadway,Broadside (front to side),Ran Traffic Signal,None Indicated,,Daylight,Dry,Clear,None apparent,Intersection:  Four-way intersection,Paved,,Possible/Unknown,0,1,0,0,1,0,4000,2,2,,POINT (-95.856017122091 41.267974694916)
2014813241,201412201,08/19/2014,08-August,3-Tuesday,08:48,0800 Hours,District 6 (East Central),CEDAR RAPIDS,LINN,IA 922,IA 922/1ST AVE E & 8TH ST SE & 8TH ST NE,Collision with:  Vehicle in traffic,On Roadway,Broadside (front to side),Ran Traffic Signal,None Indicated,,Daylight,Dry,Clear,None apparent,Intersection:  Four-way intersection,Paved,,Minor Injury,0,1,0,1,0,0,10000,2,3,,POINT (-91.662040617253 41.982527407866)
2014813066,20140024253,08/19/2014,08-August,3-Tuesday,15:44,1500 Hours,District 1 (Central),DES MOINES,POLK,,GARFIELD AVE & E 15TH ST,Collision with:  Vehicle in traffic,On Roadway,Broadside (front to side),Ran Stop Sign,None Indicated,,Daylight,Dry,Clear,None apparent,Intersection:  Four-way intersection,Paved,,Minor Injury,0,2,0,1,1,0,7500,2,2,,POINT (-93.597613755228 41.602344798292)
2014813549,14005797,08/19/2014,08-August,3-Tuesday,20:30,2000 Hours,District 1 (Central),,HAMILTON,,INKPADUTA AVE & 258TH ST,Non-collision events:  Overturn/rollover,On Roadway,Non-collision (single vehicle),Driving too fast for conditions,Refused,,Dark - roadway not lighted,Dry,Cloudy,None apparent,Intersection:  T-intersection,Unpaved,,Possible/Unknown,0,1,0,0,1,0,3650,1,1,,POINT (-93.81585269092 42.416303735636)
2014813243,201412222,08/19/2014,08-August,3-Tuesday,16:01,1600 Hours,District 6 (East Central),CEDAR RAPIDS,LINN,IA 922,IA 922/1ST AVE E & 7TH ST SE & 7TH ST NE,Collision with:  Vehicle in traffic,On Roadway,Rear-end (front to rear),Followed too close,None Indicated,,Daylight,Dry,Cloudy,None apparent,Intersection:  Four-way intersection,Paved,,Property Damage Only,0,0,0,0,0,0,6000,2,2,,POINT (-91.663139934962 41.981909766531)
2014815218,01-14-36942,08/19/2014,08-August,3-Tuesday,15:45,1500 Hours,District 6 (East Central),DUBUQUE,DUBUQUE,,FENGLER ST,Collision with:  Vehicle in traffic,On Roadway,"Angle, oncoming left turn",Crossed centerline (undivided),None Indicated,,Daylight,Dry,Clear,None apparent,Intersection:  Four-way intersection,Paved,,Minor Injury,0,2,0,2,0,0,36500,4,4,,POINT (-90.656053767044 42.518484259903)
2014812945,14-15812,08/19/2014,08-August,3-Tuesday,05:30,0500 Hours,District 2 (Northeast),,BREMER,IA 3,IA 3/IOWA 3,Collision with:  Animal,,,Animal,None Indicated,,,,,,,Paved,,Property Damage Only,0,0,0,0,0,0,1500,1,1,,POINT (-92.162272036753 42.714783739325)
2014813102,2014-58135,08/19/2014,08-August,3-Tuesday,13:09,1300 Hours,District 6 (East Central),DAVENPORT,SCOTT,,IA 461/BRADY ST & E 32ND ST,Collision with:  Vehicle in traffic,On Roadway,Broadside (front to side),Lost Control,None Indicated,,Daylight,Dry,Clear,None apparent,Intersection:  T-intersection,Paved,,Possible/Unknown,0,1,0,0,1,0,3000,2,3,,POINT (-90.569485437443 41.552811226282)
2014813260,14-003559,08/19/2014,08-August,3-Tuesday,15:15,1500 Hours,District 1 (Central),ANKENY,POLK,,SE DELAWARE AVE,Collision with:  Vehicle in traffic,On Roadway,"Angle, oncoming left turn",FTYROW:  Making left turn,None Indicated,,Daylight,Dry,Clear,None apparent,Intersection:  T-intersection,Paved,,Property Damage Only,0,0,0,0,0,0,9500,2,2,,POINT (-93.581258168219 41.695941038665)
2014813861,14-006901,08/19/2014,08-August,3-Tuesday,18:16,1800 Hours,District 2 (Northeast),CLAYTON,CLAYTON,,Co Rd B65/200TH ST,Collision with:  Vehicle in traffic,On Roadway,Rear-end (front to rear),Swerving/Evasive Action,None Indicated,,Daylight,Dry,Cloudy,None apparent,Non-intersection:  Non-junction/no special feature,Paved,,Possible/Unknown,0,2,0,0,2,0,5000,2,3,,POINT (-91.412003362329 42.935270438081)
2014813155,2014008907,08/19/2014,08-August,3-Tuesday,09:56,0900 Hours,District 6 (East Central),IOWA CITY,JOHNSON,,BOYRUM ST & HIGHLAND AVE,Collision with:  Vehicle in traffic,On Roadway,Rear-end (front to rear),Followed too close,None Indicated,,Daylight,Dry,Clear,None apparent,Non-intersection:  Non-junction/no special feature,Paved,,Property Damage Only,0,0,0,0,0,0,1500,2,2,,POINT (-91.528285975623 41.645816825519)
2014816764,01-14-36944,08/19/2014,08-August,3-Tuesday,17:26,1700 Hours,District 6 (East Central),DUBUQUE,DUBUQUE,IA 32,IA 32/IA32 NW ARTERIAL,Collision with:  Vehicle in traffic,On Roadway,Rear-end (front to rear),Lost Control,None Indicated,,Daylight,Dry,Clear,None apparent,Intersection:  Four-way intersection,Paved,,Property Damage Only,0,0,0,0,0,0,1500,2,2,,POINT (-90.740662091587 42.496734758684)
2014831845,1408191612,08/19/2014,08-August,3-Tuesday,16:12,1600 Hours,District 6 (East Central),,JONES,,VIOLET RD,Collision with fixed object:  Ditch,,,Equipment failure,None Indicated,,,,,,,Unpaved,,Property Damage Only,0,0,0,0,0,0,5000,1,5,,POINT (-91.306658214625 42.148077911653)
2014813680,2014-58240,08/19/2014,08-August,3-Tuesday,20:54,2000 Hours,District 6 (East Central),DAVENPORT,SCOTT,,FAIR AVE,Non-collision events:  Other non-collision (explain in narrative),On Roadway,Non-collision (single vehicle),"Operating vehicle in an reckless, erratic, careless, negligent manner",None Indicated,,Dark - roadway not lighted,Dry,Clear,None apparent,Non-intersection:  Non-junction/no special feature,Paved,,Minor Injury,0,2,0,2,0,0,2000,1,2,,POINT (-90.573237294212 41.548351292807)
2014815760,2014048477,08/19/2014,08-August,3-Tuesday,08:40,0800 Hours,District 1 (Central),,POLK,I-35,I-35,Non-collision events:  Overturn/rollover,Shoulder,Non-collision (single vehicle),Swerving/Evasive Action,None Indicated,,Daylight,Dry,Clear,None apparent,Non-intersection:  Non-junction/no special feature,Paved,,Possible/Unknown,0,1,0,0,1,0,4000,1,1,,POINT (-93.660830095555 41.650466460807)
2014813160,14-29238,08/19/2014,08-August,3-Tuesday,14:27,1400 Hours,District 5 (Southeast),BURLINGTON,DES MOINES,,COLUMBIA ST,Collision with:  Vehicle in traffic,On Roadway,Head-on (front to front),FTYROW:  Making left turn,None Indicated,,Daylight,Dry,Cloudy,None apparent,Non-intersection:  Driveway access (within),Paved,,Property Damage Only,0,0,0,0,0,0,5500,2,2,,POINT (-91.108750542702 40.812976518205)
2014813154,2014008904,08/19/2014,08-August,3-Tuesday,07:55,0700 Hours,District 6 (East Central),IOWA CITY,JOHNSON,,KIRKWOOD AVE & SUMMIT ST,Collision with:  Vehicle in traffic,On Roadway,"Sideswipe, opposite direction",Lost Control,None Indicated,,Daylight,Dry,Cloudy,None apparent,Intersection:  T-intersection,Paved,,Possible/Unknown,0,1,0,0,1,0,12600,3,6,,POINT (-91.520974278618 41.649442794292)
2014831591,20140819JP01,08/19/2014,08-August,3-Tuesday,09:00,0900 Hours,District 3 (Northwest),ORANGE CITY,SIOUX,,2ND ST NW,Collision with:  Vehicle in traffic,On Roadway,Broadside (front to side),Other (explain in narrative):  Vision obstructed,None Indicated,,Daylight,Dry,Clear,None apparent,Non-intersection:  Non-junction/no special feature,Paved,,Possible/Unknown,0,1,0,0,1,0,6000,2,1,,POINT (-96.062014765735 43.007216947591)
2014813559,PD1407193,08/19/2014,08-August,3-Tuesday,17:00,1700 Hours,District 5 (Southeast),FAIRFIELD,JEFFERSON,,E WASHINGTON AVE & S D ST,Collision with:  Parked motor vehicle,Roadside,Broadside (front to side),Other (explain in narrative):  Vision obstructed,None Indicated,,Daylight,Dry,Clear,None apparent,Non-intersection:  Non-junction/no special feature,Paved,,Property Damage Only,0,0,0,0,0,0,2250,2,1,,POINT (-91.958487684809 41.00563541709)
2014814427,2014048477,08/19/2014,08-August,3-Tuesday,08:20,0800 Hours,District 6 (East Central),,SCOTT,,60 AVE & 315 ST,Non-collision events:  Overturn/rollover,Shoulder,Non-collision (single vehicle),Ran off road - right,None Indicated,,Daylight,"Mud, dirt",Clear,None apparent,Unknown,Unpaved,,Major Injury,0,1,1,0,0,0,10000,1,1,,POINT (-90.782447784073 41.765291727767)
2014817039,A14060,08/19/2014,08-August,3-Tuesday,10:05,1000 Hours,District 5 (Southeast),KNOXVILLE,MARION,IA 14,IA 14/LINCOLN ST & W ROBINSON ST,Collision with:  Vehicle in traffic,On Roadway,"Angle, oncoming left turn",FTYROW:  Making left turn,None Indicated,,Daylight,Dry,Clear,Other (explain in narrative),Intersection:  Four-way intersection,Paved,,Possible/Unknown,0,1,0,0,1,0,2000,2,3,,POINT (-93.109527272728 41.317983418321)
2014813183,14-5599,08/19/2014,08-August,3-Tuesday,00:39,0000 Hours,District 2 (Northeast),,KOSSUTH,,115 AVE & 120 ST,Collision with fixed object:  Ditch,Shoulder,Non-collision (single vehicle),Ran off road - straight,None Indicated,,Dark - roadway not lighted,"Mud, dirt",Clear,Traffic control obscured,Intersection:  T-intersection,Unpaved,,Minor Injury,0,1,0,1,0,0,10000,1,1,,POINT (-94.23677305528 42.936903171732)
2014813435,14C03833,08/19/2014,08-August,3-Tuesday,13:04,1300 Hours,District 4 (Southwest),CRESTON,UNION,,LIVINGSTON AVE & LIVINGSTON ST,Collision with:  Parked motor vehicle,Outside trafficway,Rear-end (front to rear),FTYROW:  From parked position,None Indicated,,Daylight,Dry,Clear,None apparent,Non-intersection:  Driveway access (within),Paved,,Property Damage Only,0,0,0,0,0,0,3000,2,1,,POINT (-94.369515059148 41.051009136439)
2014813987,,08/19/2014,08-August,3-Tuesday,17:22,1700 Hours,District 6 (East Central),CEDAR RAPIDS,LINN,,MT VERNON RD SE & 15TH ST SE,Collision with:  Vehicle in traffic,On Roadway,Rear-end (front to rear),FTYROW:  Other (explain in narrative),None Indicated,,Daylight,Dry,Unknown,,Intersection:  T-intersection,Paved,,Property Damage Only,0,0,0,0,0,0,10000,3,3,,POINT (-91.65042709867 41.977437910003)
2014813546,081914B,08/19/2014,08-August,3-Tuesday,15:15,1500 Hours,District 4 (Southwest),HAMBURG,FREMONT,,R ST,Collision with fixed object:  Other fixed object (explain in narrative),Outside trafficway,Non-collision (single vehicle),"Operating vehicle in an reckless, erratic, careless, negligent manner",None Indicated,,Daylight,Dry,Clear,None apparent,Non-intersection:  Non-junction/no special feature,Paved,,Property Damage Only,0,0,0,0,0,0,60000,1,1,,POINT (-95.653787286017 40.614878016132)
2014813731,14-001035,08/19/2014,08-August,3-Tuesday,13:40,1300 Hours,District 1 (Central),AMES,STORY,,BISSELL RD,Collision with:  Vehicle in traffic,On Roadway,"Sideswipe, same direction",Other (explain in narrative):  Other,None Indicated,,Daylight,Dry,Cloudy,None apparent,Non-intersection:  Non-junction/no special feature,Paved,,Minor Injury,0,1,0,1,0,0,2500,2,4,,POINT (-93.651899760958 42.025914247896)
2014813267,14-1003,08/19/2014,08-August,3-Tuesday,07:30,0700 Hours,District 1 (Central),CLIVE,POLK,US 6,US 6/HICKMAN RD,Collision with:  Vehicle in traffic,On Roadway,Rear-end (front to rear),Other (explain in narrative):  Other,None Indicated,,Daylight,Dry,Cloudy,None apparent,Intersection:  Four-way intersection,Paved,,Property Damage Only,0,0,0,0,0,0,3500,2,2,,POINT (-93.77189816465 41.614889547303)
2014813294,14-16015,08/19/2014,08-August,3-Tuesday,18:41,1800 Hours,District 6 (East Central),BETTENDORF,SCOTT,,MIDDLE RD & DEVILS GLEN RD,Collision with:  Vehicle in traffic,On Roadway,"Angle, oncoming left turn",FTYROW:  Making left turn,None Indicated,,Daylight,Dry,Clear,None apparent,Intersection:  Four-way intersection,Paved,,Possible/Unknown,0,1,0,0,1,0,3700,2,3,,POINT (-90.48363896317 41.551566975965)
2014813452,14-6304PD,08/19/2014,08-August,3-Tuesday,16:50,1600 Hours,District 1 (Central),BOONE,BOONE,,18TH ST & BOONE ST,Collision with:  Vehicle in traffic,On Roadway,Broadside (front to side),FTYROW:  At uncontrolled intersection,None Indicated,,Daylight,Dry,Clear,None apparent,Intersection:  Four-way intersection,Paved,,Possible/Unknown,0,1,0,0,1,0,5500,2,2,,POINT (-93.881810277841 42.074048901393)
2014813068,20140024252,08/19/2014,08-August,3-Tuesday,15:22,1500 Hours,District 1 (Central),DES MOINES,POLK,I-235,I-235,Collision with:  Vehicle in traffic,On Roadway,Rear-end (front to rear),Followed too close,None Indicated,,Daylight,Dry,Clear,None apparent,Non-intersection:  Non-junction/no special feature,Paved,,Property Damage Only,0,0,0,0,0,0,5000,2,4,,POINT (-93.659212501895 41.593072918357)
2014813180,2014048625,08/19/2014,08-August,3-Tuesday,21:35,2100 Hours,District 1 (Central),ALTOONA,POLK,I-80,I-80,Collision with:  Vehicle in traffic,On Roadway,"Sideswipe, same direction",Crossed centerline (undivided),None Indicated,,Dark - roadway lighted,Dry,Clear,Work Zone (roadway-related),Non-intersection:  Non-junction/no special feature,Paved,Yes,Property Damage Only,0,0,0,0,0,0,2000,2,2,,POINT (-93.51609456337 41.660845119994)
2014813176,2014048491,08/19/2014,08-August,3-Tuesday,09:51,0900 Hours,District 4 (Southwest),,DALLAS,I-80,I-80 & Co Rd F60/ELDORADO AVE,Collision with:  Vehicle in traffic,On Roadway,Broadside (front to side),FTYROW:  From stop sign,None Indicated,,Daylight,Dry,Clear,None apparent,Intersection:  Intersection with ramp,Paved,,Minor Injury,0,2,0,1,1,0,13000,2,3,,POINT (-94.196239326659 41.512592925649)
2014813056,14-5469,08/19/2014,08-August,3-Tuesday,16:04,1600 Hours,District 1 (Central),,POLK,,NW 50TH PL,Collision with:  Vehicle in traffic,On Roadway,"Sideswipe, opposite direction",FTYROW:  From driveway,None Indicated,,Daylight,Dry,Clear,None apparent,Non-intersection:  Driveway access (within),Paved,,Property Damage Only,0,0,0,0,0,0,1500,2,2,,POINT (-93.620366992482 41.652520423593)
2014813357,2014048569,08/19/2014,08-August,3-Tuesday,14:32,1400 Hours,District 2 (Northeast),DECORAH,WINNESHIEK,IA 9,IA 9/IOWA 9 & RIDGEWOOD DR,Collision with:  Vehicle in traffic,On Roadway,Rear-end (front to rear),Unknown,None Indicated,,Daylight,Dry,Clear,None apparent,Intersection:  T-intersection,Paved,,Possible/Unknown,0,1,0,0,1,0,13000,2,4,,POINT (-91.773794974207 43.290670269304)
2014813164,2014-17073,08/19/2014,08-August,3-Tuesday,03:51,0300 Hours,District 6 (East Central),,SCOTT,,Co Rd Y40/60 AVE,Collision with:  Animal,,,Animal,None Indicated,,,,,,,Paved,,Property Damage Only,0,0,0,0,0,0,5000,1,1,,POINT (-90.782428096685 41.724294702293)
2014813710,14-003813,08/19/2014,08-August,3-Tuesday,18:42,1800 Hours,District 1 (Central),AMES,STORY,,24TH ST,Collision with:  Vehicle in traffic,On Roadway,Broadside (front to side),FTYROW:  Other (explain in narrative),None Indicated,,Daylight,Dry,Clear,None apparent,Non-intersection:  Non-junction/no special feature,Paved,,Property Damage Only,0,0,0,0,0,0,4500,2,2,,POINT (-93.621338192801 42.045727053463)
2014813274,20140024479,08/19/2014,08-August,3-Tuesday,12:00,1200 Hours,District 1 (Central),DES MOINES,POLK,,AURORA AVE,Collision with:  Parked motor vehicle,On Roadway,Broadside (front to side),Unknown,None Indicated,,Daylight,Unknown,Unknown,Unknown,Non-intersection:  Non-junction/no special feature,Paved,,Property Damage Only,0,0,0,0,0,0,2000,2,1,,POINT (-93.664649022227 41.636447320502)
2014813678,2014-58175,08/19/2014,08-August,3-Tuesday,15:11,1500 Hours,District 6 (East Central),DAVENPORT,SCOTT,,E 53RD ST,Collision with:  Vehicle in traffic,On Roadway,Rear-end (front to rear),Lost Control,None Indicated,,Daylight,Dry,Clear,None apparent,Non-intersection:  Non-junction/no special feature,Paved,,Property Damage Only,0,0,0,0,0,0,5000,3,5,,POINT (-90.550541152957 41.574717751262)
2014813024,W14-083386,08/19/2014,08-August,3-Tuesday,08:40,0800 Hours,District 2 (Northeast),WATERLOO,BLACK HAWK,,EASTON AVE & HAMMOND AVE,Collision with:  Vehicle in traffic,Outside trafficway,Rear-end (front to rear),Driver Distraction:  Manual operation of an electronic communication device,None Indicated,,Daylight,Dry,Clear,None apparent,Non-intersection:  Non-junction/no special feature,Paved,,Property Damage Only,0,0,0,0,0,0,2600,2,3,,POINT (-92.337409869792 42.472993638093)
2014813121,1406758,08/19/2014,08-August,3-Tuesday,10:32,1000 Hours,District 5 (Southeast),WASHINGTON,WASHINGTON,,W WASHINGTON ST,Collision with:  Vehicle in traffic,On Roadway,Rear-end (front to rear),FTYROW:  From parked position,None Indicated,,Daylight,Dry,Cloudy,None apparent,Non-intersection:  Non-junction/no special feature,Paved,,Property Damage Only,0,0,0,0,0,0,1550,2,2,,POINT (-91.691968995395 41.298415934132)
2014813247,201412238,08/19/2014,08-August,3-Tuesday,20:22,2000 Hours,District 6 (East Central),CEDAR RAPIDS,LINN,,Co Rd E70/WRIGHT BROTHER S BLVD,Collision with:  Vehicle in traffic,On Roadway,"Sideswipe, opposite direction",Made improper turn,None Indicated,,Dark - roadway not lighted,Dry,Clear,None apparent,Non-intersection:  Non-junction/no special feature,Paved,,Major Injury,0,1,1,0,0,0,14500,2,5,,POINT (-91.738081970341 41.891089682474)
2014813245,201412227,08/19/2014,08-August,3-Tuesday,17:08,1700 Hours,District 6 (East Central),CEDAR RAPIDS,LINN,,MOUNT VERNON RD SE,Collision with:  Vehicle in traffic,On Roadway,Broadside (front to side),FTYROW:  From driveway,None Indicated,,Daylight,Dry,Clear,None apparent,Non-intersection:  Driveway access (within),Paved,,Property Damage Only,0,0,0,0,0,0,2000,2,2,,POINT (-91.632574426255 41.976920397753)
2014816015,2014048592,08/19/2014,08-August,3-Tuesday,16:30,1600 Hours,District 3 (Northwest),,MONONA,I-29,I-29,Collision with:  Animal,,,Animal,None Indicated,,,,,,,Paved,,Property Damage Only,0,0,0,0,0,0,2000,1,1,,POINT (-96.240828602091 42.194737938525)