Iowa DOT Case Number,Law Enforcement Case Number,Date of Crash,Month of Crash,Day of Week,Time of Crash,Hour,DOT District,City Name,County Name,Route with System,Location Description,First Harmful Event,Location of First Harmful Event,Manner of Crash/Collision,Major Cause,Drug or Alcohol ,Environmental Conditions,Light Conditions,Surface Conditions,Weather Conditions,Roadway Contribution,Roadway Type,Roadway Surface,Work Zone,Crash Severity,Number of Fatalities,Number of Injuries,Number of Major Injuries,Number of Minor Injuries,Number of Possible Injuries,Number of Unknown Injuries,Amount of Property Damage,Number of Vehicles Involved,Total Number of Occupants,Travel Direction,Location
2014813129,2014008518,08/19/2014,08-August,3-Tuesday,16:40,1600 Hours,District 1 (Central),MARSHALLTOWN,MARSHALL,,W MAIN ST & S 4TH ST & N 4TH ST,Collision with:  Vehicle in traffic,On Roadway,Rear-end (front to rear),Followed too close,None Indicated,,Daylight,Dry,Clear,None apparent,Non-intersection:  Non-junction/no special feature,Paved,,Property Damage Only,0,0,0,0,0,0,4500,2,2,,POINT (-92.91931493831 42.049154816748)
2014813676,2014-58064,08/19/2014,08-August,3-Tuesday,08:34,0800 Hours,District 6 (East Central),DAVENPORT,SCOTT,,W 3RD ST & MARQUETTE ST,Collision with:  Vehicle in traffic,On Roadway,Broadside (front to side),Ran Traffic Signal,None Indicated,,Daylight,Dry,Cloudy,None apparent,Intersection:  Four-way intersection,Paved,,Possible/Unknown,0,2,0,0,2,0,7000,2,2,,POINT (-90.590879523785 41.522351660912)
2014813661,S79140273,08/19/2014,08-August,3-Tuesday,03:30,0300 Hours,District 1 (Central),,POWESHIEK,I-80,I-80,Collision with fixed object:  Guardrail - face,Outside trafficway,Non-collision (single vehicle),Equipment failure,None Indicated,,Dark - roadway not lighted,Dry,Cloudy,None apparent,Non-intersection:  Non-junction/no special feature,Paved,,Property Damage Only,0,0,0,0,0,0,5500,1,1,,POINT (-92.419064427971 41.696149832082)
2014813130,2014-17072,08/19/2014,08-August,3-Tuesday,02:38,0200 Hours,District 6 (East Central),WALCOTT,SCOTT,I-80,I-80,Non-collision events:  Overturn/rollover,Gore,Non-collision (single vehicle),Swerving/Evasive Action,None Indicated,,Dark - roadway lighted,Dry,Clear,None apparent,"Interchange-related:  Off-ramp, diverge area",Paved,,Minor Injury,0,1,0,1,0,0,20150,1,1,,POINT (-90.785673382933 41.616757921095)
2014813113,14-27151,08/19/2014,08-August,3-Tuesday,13:02,1300 Hours,District 3 (Northwest),SIOUX CITY,WOODBURY,,FOUR SEASONS DR & MORNINGSIDE AVE,Collision with:  Vehicle in traffic,On Roadway,Rear-end (front to rear),Followed too close,None Indicated,,Daylight,Dry,Clear,None apparent,Intersection:  T-intersection,Paved,,Property Damage Only,0,0,0,0,0,0,1500,2,2,,POINT (-96.324858576949 42.457393701865)
2014813057,14-5472,08/19/2014,08-August,3-Tuesday,16:50,1600 Hours,District 1 (Central),DES MOINES,POLK,,NE 50TH PL,Collision with fixed object:  Other fixed object (explain in narrative),Outside trafficway,Non-collision (single vehicle),"Operating vehicle in an reckless, erratic, careless, negligent manner",None Indicated,,Daylight,Dry,Clear,Non-highway work,Non-intersection:  Non-junction/no special feature,Paved,,Property Damage Only,0,0,0,0,0,0,4000,1,2,,POINT (-93.601209138253 41.652234918834)
2014812812,14011761,08/19/2014,08-August,3-Tuesday,11:45,1100 Hours,District 5 (Southeast),MOULTON,APPANOOSE,,E 2ND ST,Collision with:  Vehicle in traffic,On Roadway,Broadside (front to side),FTYROW:  From driveway,None Indicated,,Daylight,Dry,Clear,None apparent,Non-intersection:  Driveway access (within),Paved,,Property Damage Only,0,0,0,0,0,0,2000,2,2,,POINT (-92.675208029279 40.682939323941)
2014813826,2014-004934,08/19/2014,08-August,3-Tuesday,23:05,2300 Hours,District 6 (East Central),,BENTON,I-380,I-380,Collision with:  Vehicle in traffic,On Roadway,Rear-end (front to rear),Swerving/Evasive Action,None Indicated,,Dark - roadway not lighted,Dry,Clear,None apparent,Non-intersection:  Non-junction/no special feature,Paved,,Property Damage Only,0,0,0,0,0,0,6000,2,2,,POINT (-91.833779386257 42.205434024004)
2014814276,142489,08/19/2014,08-August,3-Tuesday,16:10,1600 Hours,District 3 (Northwest),,CRAWFORD,,Co Rd E16/D AVE,Collision with:  Vehicle in traffic,On Roadway,Head-on (front to front),Made improper turn,None Indicated,,Daylight,Dry,Clear,None apparent,Non-intersection:  Driveway access (within),Paved,,Possible/Unknown,0,1,0,0,1,0,22500,2,2,,POINT (-95.350417428799 42.167869974142)
2014815562,14160,08/19/2014,08-August,3-Tuesday,11:31,1100 Hours,District 5 (Southeast),PELLA,MARION,,COLUMBUS ST & MAIN ST,Collision with:  Parked motor vehicle,On Roadway,Rear-end (front to rear),"Operating vehicle in an reckless, erratic, careless, negligent manner",None Indicated,,Daylight,Dry,Clear,None apparent,Non-intersection:  Non-junction/no special feature,Paved,,Property Damage Only,0,0,0,0,0,0,14000,2,1,,POINT (-92.916414395353 41.409405977948)
2014826438,14-5889,08/19/2014,08-August,3-Tuesday,10:45,1000 Hours,District 6 (East Central),LE CLAIRE,SCOTT,I-80,I-80,Collision with:  Vehicle in traffic,On Roadway,"Sideswipe, same direction","Operating vehicle in an reckless, erratic, careless, negligent manner",None Indicated,,Daylight,Dry,Clear,None apparent,Interchange-related:  On-ramp merge area,Paved,,Property Damage Only,0,0,0,0,0,0,5300,2,2,,POINT (-90.368826080615 41.586470293435)
2014813158,2014008925,08/19/2014,08-August,3-Tuesday,17:42,1700 Hours,District 6 (East Central),IOWA CITY,JOHNSON,US 6,US 6 & LAKESIDE DR & INDUSTRIAL PARK RD,Collision with fixed object:  Other fixed object (explain in narrative),On Roadway,Non-collision (single vehicle),Swerving/Evasive Action,None Indicated,,Daylight,Dry,Clear,None apparent,Non-intersection:  Non-junction/no special feature,Paved,,Property Damage Only,0,0,0,0,0,0,18000,1,1,,POINT (-91.497512623508 41.635357950637)
2014813178,2014048604,08/19/2014,08-August,3-Tuesday,17:15,1700 Hours,District 5 (Southeast),WAPELLO,LOUISA,US 61,US 61/S BAXTER ST & WASHINGTON ST,Collision with:  Vehicle in traffic,On Roadway,Rear-end (front to rear),Followed too close,None Indicated,,Daylight,Dry,Clear,None apparent,Intersection:  T-intersection,Paved,,Possible/Unknown,0,1,0,0,1,0,9000,2,2,,POINT (-91.192804436619 41.177862355859)
2014813426,S14-H1901,08/19/2014,08-August,3-Tuesday,05:10,0500 Hours,District 5 (Southeast),,CLARKE,,Co Rd R25/LACELLE RD & IDAHO ST,Collision with:  Animal,On Roadway,Non-collision (single vehicle),Animal,None Indicated,,Dark - roadway not lighted,Dry,"Fog, smoke, smog",None apparent,Non-intersection:  Non-junction/no special feature,Paved,,Possible/Unknown,0,2,0,0,1,1,6800,1,2,,POINT (-93.864958297616 41.013374190487)
2014813123,14-035062,08/19/2014,08-August,3-Tuesday,16:15,1600 Hours,District 4 (Southwest),COUNCIL BLUFFS,POTTAWATTAMIE,US 6,US 6/W BROADWAY & S 21ST ST & N 21ST ST,Collision with:  Vehicle in traffic,On Roadway,Rear-end (front to rear),Followed too close,None Indicated,,Daylight,Dry,Clear,None apparent,Intersection:  Four-way intersection,Paved,,Possible/Unknown,0,2,0,0,2,0,2600,2,5,,POINT (-95.875315450485 41.261910027324)
2014813415,14-000964,08/19/2014,08-August,3-Tuesday,16:45,1600 Hours,District 1 (Central),JOHNSTON,POLK,,NW 86TH ST,Collision with:  Vehicle in traffic,On Roadway,Rear-end (front to rear),Other (explain in narrative):  Other,None Indicated,,Daylight,Dry,Clear,None apparent,Non-intersection:  Non-junction/no special feature,Paved,,Property Damage Only,0,0,0,0,0,0,7000,2,2,,POINT (-93.736450270693 41.657734936073)
2014826553,1406761,08/19/2014,08-August,3-Tuesday,14:43,1400 Hours,District 5 (Southeast),WASHINGTON,WASHINGTON,IA 92,IA 92/E WASHINGTON ST,Collision with:  Vehicle in traffic,On Roadway,Rear-end (front to rear),Driver Distraction:  Reaching for object(s)/fallen object(s),None Indicated,,Daylight,Dry,Clear,None apparent,Non-intersection:  Non-junction/no special feature,Paved,,Property Damage Only,0,0,0,0,0,0,6000,2,2,,POINT (-91.673508565327 41.298168627676)
2014813244,201412223,08/19/2014,08-August,3-Tuesday,15:50,1500 Hours,District 6 (East Central),CEDAR RAPIDS,LINN,,BLAIRS FERRY RD NE,Collision with:  Vehicle in traffic,On Roadway,Broadside (front to side),Unknown,None Indicated,,Daylight,Dry,Clear,None apparent,Intersection:  T-intersection,Paved,,Property Damage Only,0,0,0,0,0,0,5500,2,5,,POINT (-91.669414022433 42.034769161228)
2014813262,14-003561,08/19/2014,08-August,3-Tuesday,15:43,1500 Hours,District 1 (Central),ANKENY,POLK,IA 160,IA 160/SW ORALABOR RD,Collision with:  Vehicle in traffic,On Roadway,Rear-end (front to rear),Followed too close,None Indicated,,Daylight,Dry,Clear,None apparent,Non-intersection:  Non-junction/no special feature,Paved,,Property Damage Only,0,0,0,0,0,0,9500,3,3,,POINT (-93.613267675423 41.702962331841)
2014813971,N14000436,08/19/2014,08-August,3-Tuesday,17:25,1700 Hours,District 6 (East Central),NORTH LIBERTY,JOHNSON,,HWY 965,Collision with:  Vehicle in traffic,On Roadway,Rear-end (front to rear),Driver Distraction:  Passenger,None Indicated,,Daylight,Dry,Clear,None apparent,Non-intersection:  Non-junction/no special feature,Paved,,Property Damage Only,0,0,0,0,0,0,7000,2,3,,POINT (-91.607592851172 41.749122669283)
2014813318,2014008530,08/19/2014,08-August,3-Tuesday,21:46,2100 Hours,District 1 (Central),MARSHALLTOWN,MARSHALL,IA 14,IA 14/3RD AVE/N 3RD AVE & E MAIN ST,Collision with:  Non-motorist (see non-motorist section - NOT a unit),On Roadway,Non-collision (single vehicle),FTYROW:  Other (explain in narrative),None Indicated,,Dark - unknown roadway lighting,Dry,Clear,None apparent,Non-intersection:  Non-junction/no special feature,Paved,,Minor Injury,0,1,0,1,0,0,200,1,1,,POINT (-92.908028442356 42.049164341032)
2014813740,2014-17894,08/19/2014,08-August,3-Tuesday,16:56,1600 Hours,District 5 (Southeast),INDIANOLA,WARREN,,W ORCHARD AVE & APPLE DR & E ORCHARD AVE,Collision with:  Vehicle in traffic,On Roadway,Broadside (front to side),FTYROW:  From stop sign,None Indicated,,Daylight,Dry,Clear,None apparent,Intersection:  Four-way intersection,Paved,,Property Damage Only,0,0,0,0,0,0,5500,2,3,,POINT (-93.560691205788 41.376129364316)
2014813157,2014008922,08/19/2014,08-August,3-Tuesday,16:54,1600 Hours,District 6 (East Central),IOWA CITY,JOHNSON,,E BURLINGTON ST,Collision with:  Vehicle in traffic,On Roadway,Rear-end (front to rear),Followed too close,None Indicated,,Daylight,Dry,Clear,None apparent,Non-intersection:  Non-junction/no special feature,Paved,,Property Damage Only,0,0,0,0,0,0,3000,3,3,,POINT (-91.516638745019 41.657835345346)
2014813159,14-29193,08/19/2014,08-August,3-Tuesday,09:53,0900 Hours,District 5 (Southeast),BURLINGTON,DES MOINES,,5TH ST,Collision with:  Vehicle in traffic,On Roadway,Rear-end (front to rear),Improper Backing,None Indicated,,Daylight,Wet,Cloudy,None apparent,Non-intersection:  Railroad grade crossing,Paved,,Property Damage Only,0,0,0,0,0,0,3000,2,2,,POINT (-91.105485118944 40.808986515229)
2014813027,W14-083449,08/19/2014,08-August,3-Tuesday,12:10,1200 Hours,District 2 (Northeast),WATERLOO,BLACK HAWK,,E 5TH ST & FRANKLIN ST,Collision with:  Non-motorist (see non-motorist section - NOT a unit),On Roadway,Non-collision (single vehicle),Unknown,None Indicated,,Daylight,Dry,Clear,None apparent,Intersection:  Shared use path or trail,Paved,,Possible/Unknown,0,1,0,0,1,0,0,1,1,,POINT (-92.332038743264 42.49988994272)
2014812873,891405412,08/19/2014,08-August,3-Tuesday,05:50,0500 Hours,District 5 (Southeast),,VAN BUREN,IA 2,IA 2/IOWA 2,Non-collision events:  Overturn/rollover,Roadside,Non-collision (single vehicle),Swerving/Evasive Action,None Indicated,,Dark - roadway not lighted,Dry,Cloudy,None apparent,Non-intersection:  Non-junction/no special feature,Paved,,Property Damage Only,0,0,0,0,0,0,2800,1,1,,POINT (-92.036461104968 40.674519838866)
2014813579,14019235,08/19/2014,08-August,3-Tuesday,15:25,1500 Hours,District 5 (Southeast),OSKALOOSA,MAHASKA,IA 92,IA 92/A AVE W & N J ST,Collision with:  Vehicle in traffic,On Roadway,Rear-end (front to rear),Driver Distraction:  Passenger,None Indicated,,Daylight,Dry,Clear,None apparent,Non-intersection:  Non-junction/no special feature,Paved,,Property Damage Only,0,0,0,0,0,0,2000,2,3,,POINT (-92.656848503396 41.296211727457)
2014812895,14-21594,08/19/2014,08-August,3-Tuesday,11:17,1100 Hours,District 1 (Central),,JASPER,US 6,US 6/US 6 E,Collision with:  Vehicle in traffic,On Roadway,Head-on (front to front),Crossed centerline (undivided),None Indicated,,Daylight,Dry,Cloudy,None apparent,Non-intersection:  Non-junction/no special feature,Paved,,Major Injury,0,1,1,0,0,0,50000,2,2,,POINT (-92.961911921787 41.702781923954)
2014813788,14-034944,08/19/2014,08-August,3-Tuesday,04:40,0400 Hours,District 5 (Southeast),MUSCATINE,MUSCATINE,IA 38,IA 38/PARK AVE,Non-collision events:  Other non-collision (explain in narrative),On Roadway,Rear-end (front to rear),Driver Distraction:  Inattentive/lost in thought,None Indicated,,Dark - roadway not lighted,Dry,Clear,Work Zone (roadway-related),Non-intersection:  Non-junction/no special feature,Paved,Yes,Property Damage Only,0,0,0,0,0,0,6000,2,2,,POINT (-91.031561397735 41.460174611175)
2014813279,20140024284,08/19/2014,08-August,3-Tuesday,19:10,1900 Hours,District 1 (Central),DES MOINES,POLK,,SE 5TH ST & E MCKINLEY AVE,Collision with:  Vehicle in traffic,On Roadway,Rear-end (front to rear),Followed too close,None Indicated,,Daylight,Dry,Clear,None apparent,Non-intersection:  Driveway access (within),Paved,,Property Damage Only,0,0,0,0,0,0,2500,2,5,,POINT (-93.606495211593 41.540931684774)
2014813681,2014-58268,08/19/2014,08-August,3-Tuesday,23:12,2300 Hours,District 6 (East Central),DAVENPORT,SCOTT,,W 15TH ST & STURDEVANT ST,Collision with:  Vehicle in traffic,On Roadway,Head-on (front to front),Made improper turn,Alcohol (Statutory),,Dark - roadway lighted,Dry,Clear,None apparent,Intersection:  Four-way intersection,Paved,,Property Damage Only,0,0,0,0,0,0,2000,2,2,,POINT (-90.598761635634 41.534756351792)
2014813332,2014008908,08/19/2014,08-August,3-Tuesday,10:30,1000 Hours,District 6 (East Central),IOWA CITY,JOHNSON,IA 1,IA 1/IOWA 1,Collision with:  Vehicle in traffic,On Roadway,"Sideswipe, same direction",Crossed centerline (undivided),None Indicated,,Daylight,Dry,Clear,None apparent,Intersection:  Four-way intersection,Paved,,Major Injury,0,1,1,0,0,0,8500,2,2,,POINT (-91.555062516697 41.645327972378)
2014813333,2014008915,08/19/2014,08-August,3-Tuesday,14:29,1400 Hours,District 6 (East Central),IOWA CITY,JOHNSON,,SOUTHERLAND PL & BARRINGTON RD,Collision with:  Vehicle in traffic,On Roadway,Rear-end (front to rear),Followed too close,None Indicated,,Daylight,Dry,Cloudy,None apparent,Intersection:  T-intersection,Paved,,Property Damage Only,0,0,0,0,0,0,8300,2,35,,POINT (-91.464431756323 41.650718715079)
2014813028,W14-083462,08/19/2014,08-August,3-Tuesday,13:30,1300 Hours,District 2 (Northeast),WATERLOO,BLACK HAWK,,FRANKLIN ST & E 4TH ST,Collision with:  Vehicle in traffic,On Roadway,"Angle, oncoming left turn",FTYROW:  Making left turn,None Indicated,,Daylight,Dry,Clear,None apparent,Intersection:  Four-way intersection,Paved,,Property Damage Only,0,0,0,0,0,0,4000,2,4,,POINT (-92.333150883794 42.500598872539)
2014813843,,08/19/2014,08-August,3-Tuesday,19:00,1900 Hours,District 1 (Central),,WEBSTER,US 169,US 169/360TH ST,Collision with:  Animal,On Roadway,Broadside (front to side),Animal,None Indicated,,Daylight,Dry,Clear,,Non-intersection:  Non-junction/no special feature,Paved,,Property Damage Only,0,0,0,0,0,0,7500,1,1,,POINT (-94.108052650588 42.267846786364)
2014813023,W14-083509,08/19/2014,08-August,3-Tuesday,16:05,1600 Hours,District 2 (Northeast),WATERLOO,BLACK HAWK,,IDAHO ST & MARTIN LUTHER KING JR DR,Collision with:  Vehicle in traffic,On Roadway,"Angle, oncoming left turn",Made improper turn,None Indicated,,Daylight,Dry,Clear,None apparent,Intersection:  Four-way intersection,Paved,,Property Damage Only,0,0,0,0,0,0,5000,3,6,,POINT (-92.307845942068 42.504132216875)
2014813092,14-15988,08/19/2014,08-August,3-Tuesday,07:55,0700 Hours,District 6 (East Central),BETTENDORF,SCOTT,,MIDDLE RD & 14TH ST,Collision with:  Vehicle in traffic,On Roadway,Rear-end (front to rear),FTYROW:  From stop sign,None Indicated,,Daylight,Dry,Clear,None apparent,Intersection:  T-intersection,Paved,,Possible/Unknown,0,3,0,0,3,0,2000,2,3,,POINT (-90.51310693391 41.543184094972)
2014813059,14-003556,08/19/2014,08-August,3-Tuesday,08:27,0800 Hours,District 1 (Central),ANKENY,POLK,US 69,US 69/S ANKENY BLVD & SE MAGAZINE RD & SW MAGAZINE RD,Collision with:  Vehicle in traffic,On Roadway,Broadside (front to side),FTYROW:  Making left turn,None Indicated,,Daylight,Dry,Clear,None apparent,Intersection:  Four-way intersection,Paved,,Possible/Unknown,0,1,0,0,1,0,12000,2,2,,POINT (-93.600457277847 41.717360222518)
2014813055,14-5475,08/19/2014,08-August,3-Tuesday,20:04,2000 Hours,District 1 (Central),DES MOINES,POLK,,NE 23RD AVE & NE 44TH CT,Collision with:  Vehicle in traffic,On Roadway,Broadside (front to side),FTYROW:  From stop sign,None Indicated,,Dusk,Dry,Clear,None apparent,Intersection:  T-intersection,Paved,,Property Damage Only,0,0,0,0,0,0,2000,2,5,,POINT (-93.526076103953 41.615115388322)
2014814310,14017568,08/19/2014,08-August,3-Tuesday,17:15,1700 Hours,District 6 (East Central),MARION,LINN,,EDINBURGH AVE,Collision with:  Vehicle in traffic,On Roadway,"Sideswipe, same direction",Other (explain in narrative):  Other,None Indicated,,Daylight,Dry,Clear,None apparent,Intersection:  T-intersection,Paved,,Property Damage Only,0,0,0,0,0,0,1800,2,1,,POINT (-91.618281581457 42.048421929794)
2014813175,2014048485,08/19/2014,08-August,3-Tuesday,08:50,0800 Hours,District 1 (Central),ANKENY,POLK,I-35,I-35 & I-80,Collision with:  Vehicle in traffic,On Roadway,"Sideswipe, same direction",FTYROW:  From yield sign,None Indicated,,Daylight,Dry,Clear,None apparent,Interchange-related:  On-ramp merge area,Paved,,Property Damage Only,0,0,0,0,0,0,8000,2,2,,POINT (-93.573300844944 41.652431549462)
2014814770,2014-58116,08/19/2014,08-August,3-Tuesday,12:25,1200 Hours,District 6 (East Central),DAVENPORT,SCOTT,,W 13TH ST,Collision with:  Parked motor vehicle,On Roadway,Unknown,Unknown,None Indicated,,Daylight,Dry,Cloudy,None apparent,Non-intersection:  Non-junction/no special feature,Paved,,Property Damage Only,0,0,0,0,0,0,2000,2,1,,POINT (-90.594174566615 41.532715035682)
2014813037,14-012542,08/19/2014,08-August,3-Tuesday,16:38,1600 Hours,District 3 (Northwest),,CLAY,,Co Rd B17/300TH ST,Non-collision events:  Overturn/rollover,On Roadway,Non-collision (single vehicle),Swerving/Evasive Action,None Indicated,,Daylight,Dry,Unknown,Work Zone (roadway-related),Non-intersection:  Non-junction/no special feature,Paved,Yes,Fatal,1,0,0,0,0,0,3500,1,1,,POINT (-95.101321266057 43.212953829678)
2014813311,14083496,08/19/2014,08-August,3-Tuesday,15:08,1500 Hours,District 2 (Northeast),CEDAR FALLS,BLACK HAWK,,WATERLOO RD & 14TH ST & UTILITY PKWY,Collision with:  Vehicle in traffic,On Roadway,Broadside (front to side),FTYROW:  From stop sign,None Indicated,,Daylight,Dry,Clear,None apparent,Intersection:  Four-way intersection,Paved,,Property Damage Only,0,0,0,0,0,0,4000,2,4,,POINT (-92.442443371622 42.526480047215)
2014813842,,08/19/2014,08-August,3-Tuesday,18:00,1800 Hours,District 6 (East Central),CEDAR RAPIDS,LINN,IA 100,IA 100/COLLINS RD NE & NORTHLAND AVE NE,Collision with:  Vehicle in traffic,On Roadway,Broadside (front to side),Unknown,None Indicated,,Daylight,Dry,Clear,,Intersection:  Four-way intersection,Paved,,Property Damage Only,0,0,0,0,0,0,4000,2,3,,POINT (-91.631723935413 42.027895441796)
2014813165,14-035128,08/19/2014,08-August,3-Tuesday,23:40,2300 Hours,District 4 (Southwest),COUNCIL BLUFFS,POTTAWATTAMIE,,AVE D,Collision with:  Vehicle in traffic,On Roadway,Rear-end (front to rear),Lost Control,None Indicated,,Dark - roadway not lighted,Dry,Clear,None apparent,Non-intersection:  Non-junction/no special feature,Paved,,Property Damage Only,0,0,0,0,0,0,3000,3,1,,POINT (-95.905814374535 41.265475707322)
2014814241,,08/19/2014,08-August,3-Tuesday,07:15,0700 Hours,District 6 (East Central),CEDAR RAPIDS,LINN,IA 922,IA 922/1ST AVE E & 8TH ST SE & 8TH ST NE,Collision with:  Vehicle in traffic,On Roadway,Rear-end (front to rear),Unknown,None Indicated,,Daylight,Dry,Cloudy,,Intersection:  Four-way intersection,Paved,,Property Damage Only,0,0,0,0,0,0,4000,3,3,,POINT (-91.662040617253 41.982527407866)
2014814096,2014-9897,08/19/2014,08-August,3-Tuesday,16:00,1600 Hours,District 2 (Northeast),FOREST CITY,HANCOCK,US 69,US 69,Collision with:  Vehicle in traffic,On Roadway,"Angle, oncoming left turn",Made improper turn,None Indicated,,Daylight,Dry,Clear,None apparent,Non-intersection:  Driveway access (within),Paved,,Property Damage Only,0,0,0,0,0,0,6000,2,5,,POINT (-93.637178756322 43.249292690641)
2014813962,2014008903,08/19/2014,08-August,3-Tuesday,07:58,0700 Hours,District 6 (East Central),IOWA CITY,JOHNSON,I-80,I-80,Collision with:  Other non-fixed object (explain in narrative),On Roadway,Non-collision (single vehicle),Other (explain in narrative):  No improper action,None Indicated,,Daylight,Dry,Clear,Obstruction in roadway,Non-intersection:  Non-junction/no special feature,Paved,,Property Damage Only,0,0,0,0,0,0,5000,1,1,,POINT (-91.520936695127 41.687289033748)
2014831337,140819DH01,08/19/2014,08-August,3-Tuesday,09:00,0900 Hours,District 3 (Northwest),ORANGE CITY,SIOUX,,Co Rd B50/440TH ST,Collision with:  Vehicle in traffic,On Roadway,Broadside (front to side),FTYROW:  From driveway,None Indicated,,Daylight,Dry,Clear,None apparent,Non-intersection:  Driveway access (within),Paved,,Minor Injury,0,1,0,1,0,0,13000,2,5,,POINT (-96.04796335141 43.012103447163)
2014820150,,08/19/2014,08-August,3-Tuesday,14:05,1400 Hours,District 2 (Northeast),CLEAR LAKE,CERRO GORDO,,7TH AVE N & N 20TH ST,Collision with:  Vehicle in traffic,On Roadway,Broadside (front to side),FTYROW:  From stop sign,None Indicated,,Daylight,Dry,Cloudy,None apparent,Intersection:  Four-way intersection,Paved,,Major Injury,0,2,1,1,0,0,9000,2,4,,POINT (-93.364299443108 43.144050826465)
2014813242,201412208,08/19/2014,08-August,3-Tuesday,11:43,1100 Hours,District 6 (East Central),CEDAR RAPIDS,LINN,IA 922,IA 922/WILLIAMS BLVD,Collision with:  Vehicle in traffic,On Roadway,Rear-end (front to rear),Driver Distraction:  Manual operation of an electronic communication device,None Indicated,,Daylight,Dry,Cloudy,None apparent,Non-intersection:  Non-junction/no special feature,Paved,,Possible/Unknown,0,1,0,0,1,0,8750,3,3,,POINT (-91.701840567477 41.968186826091)
2014814339,20140025366,08/19/2014,08-August,3-Tuesday,15:00,1500 Hours,District 1 (Central),DES MOINES,POLK,,COLLEGE AVE,Collision with:  Parked motor vehicle,On Roadway,"Sideswipe, same direction",Unknown,None Indicated,,Daylight,Unknown,Unknown,Unknown,Non-intersection:  Alley,Paved,,Possible/Unknown,0,1,0,0,0,1,2300,2,1,,POINT (-93.643195866625 41.607710312884)
2014812861,20140024230,08/19/2014,08-August,3-Tuesday,11:15,1100 Hours,District 1 (Central),DES MOINES,POLK,,GUTHRIE AVE,Collision with:  Vehicle in traffic,On Roadway,Rear-end (front to rear),Followed too close,None Indicated,,Daylight,Dry,Clear,None apparent,Non-intersection:  Non-junction/no special feature,Paved,,Possible/Unknown,0,1,0,0,0,1,1600,2,2,,POINT (-93.581515584012 41.615055485692)
2014815118,14014269,08/19/2014,08-August,3-Tuesday,08:05,0800 Hours,District 2 (Northeast),MASON CITY,CERRO GORDO,US 65,US 65/S DELAWARE AVE/N DELAWARE AVE & E STATE ST,Collision with:  Vehicle in traffic,On Roadway,"Sideswipe, same direction",Made improper turn,None Indicated,,Daylight,Dry,Cloudy,None apparent,Non-intersection:  Non-junction/no special feature,Paved,,Property Damage Only,0,0,0,0,0,0,4000,2,3,,POINT (-93.199403705383 43.151804973281)
2014813034,14-012238,08/19/2014,08-August,3-Tuesday,06:00,0600 Hours,District 6 (East Central),STANWOOD,CEDAR,IA 38,IA 38/IOWA 38,Collision with:  Animal,,,Animal,None Indicated,,,,,,,Paved,,Property Damage Only,0,0,0,0,0,0,6000,1,1,,POINT (-91.132297968731 41.885769366118)
2014813054,14-020506,08/19/2014,08-August,3-Tuesday,12:36,1200 Hours,District 5 (Southeast),BUSSEY,MARION,,STORY DR,Collision with:  Vehicle in traffic,On Roadway,Head-on (front to front),Crossed centerline (undivided),None Indicated,,Daylight,"Mud, dirt",Clear,None apparent,Non-intersection:  Non-junction/no special feature,Unpaved,,Property Damage Only,0,0,0,0,0,0,5000,2,2,,POINT (-93.10414828812 41.218812356713)
2014813050,C14002595,08/19/2014,08-August,3-Tuesday,10:00,1000 Hours,District 6 (East Central),CORALVILLE,JOHNSON,I-80,I-80 & IA 965/CORAL RIDGE AVE,Non-collision events:  Overturn/rollover,On Roadway,Non-collision (single vehicle),Lost Control,None Indicated,,Daylight,Dry,Cloudy,None apparent,Interchange-related:  On-ramp,Paved,,Minor Injury,0,1,0,1,0,0,10000,1,1,,POINT (-91.608504972888 41.692940307539)
2014813436,14V08084,08/19/2014,08-August,3-Tuesday,11:36,1100 Hours,District 6 (East Central),VINTON,BENTON,US 218,US 218 & W 3RD ST,Collision with:  Vehicle in traffic,On Roadway,Broadside (front to side),FTYROW:  From stop sign,None Indicated,,Daylight,Dry,Clear,Other (explain in narrative),Intersection:  Four-way intersection,Paved,,Property Damage Only,0,0,0,0,0,0,5000,2,2,,POINT (-92.037516477924 42.168768842353)
2014813083,14-1833,08/19/2014,08-August,3-Tuesday,17:00,1700 Hours,District 1 (Central),URBANDALE,POLK,,DOUGLAS AVE & 109TH ST,Collision with:  Vehicle in traffic,On Roadway,"Angle, oncoming left turn",FTYROW:  Making left turn,None Indicated,,Daylight,Dry,Cloudy,None apparent,Intersection:  Four-way intersection,Paved,,Property Damage Only,0,0,0,0,0,0,1500,2,2,,POINT (-93.7679775689 41.629408335424)
2014813508,14-008608,08/19/2014,08-August,3-Tuesday,00:30,0000 Hours,District 3 (Northwest),,CARROLL,,KITTYHAWK AVE,Collision with fixed object:  Bridge overhead structure,Shoulder,Non-collision (single vehicle),Ran off road - right,None Indicated,,Dark - roadway not lighted,"Mud, dirt",Clear,None apparent,Non-intersection:  Other non-intersection (explain in narrative),Unpaved,,Property Damage Only,0,0,0,0,0,0,9000,1,2,,POINT (-94.897990383512 42.067827782384)
2014813112,14-27122,08/19/2014,08-August,3-Tuesday,09:10,0900 Hours,District 3 (Northwest),SIOUX CITY,WOODBURY,,6TH ST & JACKSON ST,Collision with:  Vehicle in traffic,On Roadway,"Sideswipe, same direction",Other (explain in narrative):  Other,None Indicated,,Daylight,Dry,Clear,None apparent,Non-intersection:  Non-junction/no special feature,Paved,,Property Damage Only,0,0,0,0,0,0,2000,2,2,,POINT (-96.40204736497 42.496330712529)