Iowa DOT Case Number,Law Enforcement Case Number,Date of Crash,Month of Crash,Day of Week,Time of Crash,Hour,DOT District,City Name,County Name,Route with System,Location Description,First Harmful Event,Location of First Harmful Event,Manner of Crash/Collision,Major Cause,Drug or Alcohol ,Environmental Conditions,Light Conditions,Surface Conditions,Weather Conditions,Roadway Contribution,Roadway Type,Roadway Surface,Work Zone,Crash Severity,Number of Fatalities,Number of Injuries,Number of Major Injuries,Number of Minor Injuries,Number of Possible Injuries,Number of Unknown Injuries,Amount of Property Damage,Number of Vehicles Involved,Total Number of Occupants,Travel Direction,Location
2014813089,14-0943,08/19/2014,08-August,3-Tuesday,15:15,1500 Hours,District 1 (Central),PLEASANT HILL,POLK,IA 163,IA 163/E UNIVERSITY AVE & COPPER CREEK DR,Collision with:  Vehicle in traffic,On Roadway,"Sideswipe, same direction",FTYROW:  Other (explain in narrative),None Indicated,,Daylight,Dry,Clear,None apparent,Non-intersection:  Non-junction/no special feature,Paved,,Property Damage Only,0,0,0,0,0,0,5000,2,3,,POINT (-93.524672470983 41.600385959858)
2014812876,14-2558,08/19/2014,08-August,3-Tuesday,13:08,1300 Hours,District 1 (Central),FORT DODGE,WEBSTER,,N 27TH ST,Collision with:  Vehicle in traffic,On Roadway,"Sideswipe, same direction",Followed too close,None Indicated,,Daylight,Dry,Clear,None apparent,Non-intersection:  Driveway access (within),Paved,,Possible/Unknown,0,1,0,0,1,0,4500,2,2,,POINT (-94.160738930822 42.506584984385)
2014813223,081914A,08/19/2014,08-August,3-Tuesday,11:15,1100 Hours,District 4 (Southwest),,FREMONT,IA 2,IA 2/IOWA 2,Collision with:  Vehicle in traffic,On Roadway,Rear-end (front to rear),Followed too close,None Indicated,,Daylight,Dry,Clear,None apparent,Non-intersection:  Non-junction/no special feature,Paved,,Possible/Unknown,0,1,0,0,1,0,3200,3,4,,POINT (-95.587118625842 40.750547000116)
2014813071,20140024328,08/20/2014,08-August,4-Wednesday,07:08,0700 Hours,District 1 (Central),DES MOINES,POLK,,E MCKINLEY AVE,Collision with:  Vehicle in traffic,On Roadway,Rear-end (front to rear),Followed too close,None Indicated,,Dawn,Wet,Rain,None apparent,Non-intersection:  Non-junction/no special feature,Paved,,Property Damage Only,0,0,0,0,0,0,10000,2,3,,POINT (-93.611578234103 41.540904764417)
2014813306,14-27301,08/20/2014,08-August,4-Wednesday,15:39,1500 Hours,District 3 (Northwest),SIOUX CITY,WOODBURY,,SERGEANT RD,Collision with:  Vehicle in traffic,On Roadway,"Angle, oncoming left turn",FTYROW:  Making left turn,None Indicated,,Daylight,Dry,Cloudy,None apparent,Intersection:  Four-way intersection,Paved,,Property Damage Only,0,0,0,0,0,0,6000,2,2,,POINT (-96.353726805994 42.449645234953)
2014813061,20140024336,08/20/2014,08-August,4-Wednesday,07:50,0700 Hours,District 1 (Central),DES MOINES,POLK,I-235,I-235 & E 9TH ST,Collision with:  Vehicle in traffic,On Roadway,Rear-end (front to rear),Followed too close,None Indicated,,Daylight,Wet,Rain,None apparent,Non-intersection:  Other non-intersection (explain in narrative),Paved,,Property Damage Only,0,0,0,0,0,0,3000,2,2,,POINT (-93.606461008283 41.594984590362)
2014813115,14-27243,08/20/2014,08-August,4-Wednesday,03:07,0300 Hours,District 3 (Northwest),SIOUX CITY,WOODBURY,I-29,I-29,Collision with fixed object:  Curb/island/raised median,Shoulder,Non-collision (single vehicle),Swerving/Evasive Action,None Indicated,,Dark - roadway not lighted,Dry,Cloudy,Work Zone (roadway-related),Non-intersection:  Non-junction/no special feature,Paved,Yes,Property Damage Only,0,0,0,0,0,0,12750,1,1,,POINT (-96.38376928619 42.475099551548)
2014813324,2014008966,08/20/2014,08-August,4-Wednesday,17:50,1700 Hours,District 6 (East Central),IOWA CITY,JOHNSON,IA 1,IA 1/E BURLINGTON ST & S DUBUQUE ST,Collision with:  Vehicle in traffic,On Roadway,Rear-end (front to rear),Followed too close,None Indicated,,Daylight,Dry,Cloudy,None apparent,Non-intersection:  Non-junction/no special feature,Paved,,Possible/Unknown,0,1,0,0,1,0,4500,2,4,,POINT (-91.533140348282 41.6578490126)
2014813073,20140024338,08/20/2014,08-August,4-Wednesday,08:15,0800 Hours,District 1 (Central),DES MOINES,POLK,I-235,I-235,Collision with:  Vehicle in traffic,On Roadway,Rear-end (front to rear),Other (explain in narrative):  Other,None Indicated,,Daylight,Wet,Rain,"Surface condition (e.g., wet, icy)",Non-intersection:  Non-junction/no special feature,Paved,,Property Damage Only,0,0,0,0,0,0,4000,2,2,,POINT (-93.649104490985 41.594940886579)
2014813382,14019305,08/20/2014,08-August,4-Wednesday,07:00,0700 Hours,District 5 (Southeast),OSKALOOSA,MAHASKA,US 63,US 63/N MARKET ST & GLENDALE RD,Collision with:  Vehicle in traffic,On Roadway,Head-on (front to front),Crossed centerline (undivided),None Indicated,,Daylight,Wet,Rain,None apparent,Intersection:  T-intersection,Paved,,Major Injury,0,2,1,1,0,0,15000,3,4,,POINT (-92.645688019965 41.312544978648)
2014813074,20140024354,08/20/2014,08-August,4-Wednesday,10:15,1000 Hours,District 1 (Central),DES MOINES,POLK,,MURPHY ST & SW 8TH ST,Collision with fixed object:  Tree,Shoulder,Non-collision (single vehicle),Ran off road - left,None Indicated,,Daylight,Wet,Rain,"Surface condition (e.g., wet, icy)",Non-intersection:  Non-junction/no special feature,Paved,,Property Damage Only,0,0,0,0,0,0,3000,1,1,,POINT (-93.624501133833 41.578161541503)
2014813248,201412259,08/20/2014,08-August,4-Wednesday,07:58,0700 Hours,District 6 (East Central),CEDAR RAPIDS,LINN,,BLAIRS FERRY RD NE & CRANE LN NE,Collision with:  Vehicle in traffic,On Roadway,Broadside (front to side),FTYROW:  Other (explain in narrative),None Indicated,,Daylight,Dry,Cloudy,None apparent,Intersection:  T-intersection,Paved,,Property Damage Only,0,0,0,0,0,0,24000,3,3,,POINT (-91.664179713523 42.034924504414)
2014813271,20140024324,08/20/2014,08-August,4-Wednesday,05:30,0500 Hours,District 1 (Central),DES MOINES,POLK,I-235,I-235,Collision with fixed object:  Concrete traffic barrier (median or right side),On Roadway,Non-collision (single vehicle),Driving too fast for conditions,None Indicated,,Dark - roadway lighted,Wet,Rain,"Surface condition (e.g., wet, icy)",Non-intersection:  Non-junction/no special feature,Paved,,Property Damage Only,0,0,0,0,0,0,8050,1,1,,POINT (-93.578816746972 41.611223022843)
2014814451,2014048879,08/20/2014,08-August,4-Wednesday,18:02,1800 Hours,District 4 (Southwest),,HARRISON,I-29,I-29,Collision with:  Vehicle in traffic,On Roadway,"Sideswipe, same direction",Crossed centerline (undivided),None Indicated,,Daylight,Dry,Clear,None apparent,Non-intersection:  Non-junction/no special feature,Paved,,Property Damage Only,0,0,0,0,0,0,2000,2,2,,POINT (-95.960278327742 41.598625755152)
2014813104,2014-58398,08/20/2014,08-August,4-Wednesday,10:36,1000 Hours,District 6 (East Central),DAVENPORT,SCOTT,,IA 461/HARRISON ST & W 5TH ST,Collision with fixed object:  Bridge overhead structure,On Roadway,Non-collision (single vehicle),Other (explain in narrative):  Disregarded Warning Sign,None Indicated,,Daylight,Dry,Clear,None apparent,Non-intersection:  Other non-intersection (explain in narrative),Paved,,Property Damage Only,0,0,0,0,0,0,2500,1,1,,POINT (-90.577011080855 41.524672003176)
2014813883,14-003576,08/20/2014,08-August,4-Wednesday,15:50,1500 Hours,District 1 (Central),ANKENY,POLK,IA 415,IA 415/SW STATE ST & SW POLK CITY DR,Collision with:  Vehicle in traffic,On Roadway,"Angle, oncoming left turn",FTYROW:  Other (explain in narrative),None Indicated,,Daylight,Dry,Clear,None apparent,Intersection:  Four-way intersection,Paved,,Property Damage Only,0,0,0,0,0,0,7500,2,2,,POINT (-93.621136299945 41.696326888821)
2014813103,2014-58397,08/20/2014,08-August,4-Wednesday,10:33,1000 Hours,District 6 (East Central),DAVENPORT,SCOTT,I-280,I-280 & IA 22/ROCKINGHAM RD,Collision with:  Vehicle in traffic,On Roadway,Broadside (front to side),Ran Stop Sign,None Indicated,,Daylight,Dry,Clear,None apparent,Intersection:  Intersection with ramp,Paved,,Property Damage Only,0,0,0,0,0,0,4000,2,5,,POINT (-90.649387872332 41.492850908839)
2014813093,14-16049,08/20/2014,08-August,4-Wednesday,06:50,0600 Hours,District 6 (East Central),BETTENDORF,SCOTT,I-74,I-74 & US 6/SPRUCE HILLS DR,Collision with:  Vehicle in traffic,On Roadway,Broadside (front to side),FTYROW:  Other (explain in narrative),None Indicated,,Daylight,Dry,Clear,None apparent,Intersection:  Intersection with ramp,Paved,,Property Damage Only,0,0,0,0,0,0,7500,2,2,,POINT (-90.519795486087 41.554802725122)
2014814239,AC-14-0050,08/20/2014,08-August,4-Wednesday,12:38,1200 Hours,District 6 (East Central),MONTICELLO,JONES,,N FARLEY ST,Collision with:  Parked motor vehicle,On Roadway,"Sideswipe, same direction",Other (explain in narrative):  Vision obstructed,None Indicated,,Daylight,Dry,Clear,None apparent,Non-intersection:  Driveway access (within),Paved,,Property Damage Only,0,0,0,0,0,0,2600,2,1,,POINT (-91.190457604378 42.238722290984)
2014813303,14-27259,08/20/2014,08-August,4-Wednesday,08:59,0800 Hours,District 3 (Northwest),SIOUX CITY,WOODBURY,,MEMORIAL DR,Non-collision events:  Other non-collision (explain in narrative),Shoulder,Non-collision (single vehicle),Ran off road - right,None Indicated,,Daylight,Dry,Cloudy,None apparent,Non-intersection:  Non-junction/no special feature,Paved,,Property Damage Only,0,0,0,0,0,0,3500,1,2,,POINT (-96.449877414942 42.551104814497)
2014813985,,08/20/2014,08-August,4-Wednesday,10:50,1000 Hours,District 4 (Southwest),AVOCA,POTTAWATTAMIE,US 59,US 59/S WALNUT ST/N WALNUT ST & IA 83/W HIGH ST,Collision with:  Vehicle in traffic,On Roadway,"Angle, oncoming left turn",FTYROW:  Making left turn,None Indicated,,Daylight,Dry,Clear,None apparent,Intersection:  Four-way intersection,Paved,,Property Damage Only,0,0,0,0,0,0,6000,2,2,,POINT (-95.337951945036 41.476573064441)
2014813215,14012336,08/20/2014,08-August,4-Wednesday,15:45,1500 Hours,District 6 (East Central),,CEDAR,,280TH & EUREKA AVE,Collision with:  Vehicle in traffic,On Roadway,"Sideswipe, opposite direction",FTYROW:  Other (explain in narrative),None Indicated,,Daylight,"Mud, dirt",Cloudy,None apparent,Intersection:  T-intersection,Unpaved,,Possible/Unknown,0,1,0,0,1,0,6500,2,3,,POINT (-91.288359609587 41.685194634222)
2014813284,20140024334,08/20/2014,08-August,4-Wednesday,08:15,0800 Hours,District 1 (Central),DES MOINES,POLK,I-235,I-235 & 31ST ST,Collision with:  Vehicle in traffic,On Roadway,Rear-end (front to rear),Followed too close,None Indicated,,Daylight,Wet,Rain,None apparent,Non-intersection:  Non-junction/no special feature,Paved,,Property Damage Only,0,0,0,0,0,0,2500,2,3,,POINT (-93.659320941239 41.593117332792)
2014813558,PD1407180,08/20/2014,08-August,4-Wednesday,18:16,1800 Hours,District 5 (Southeast),FAIRFIELD,JEFFERSON,,W BROADWAY AVE & N 9TH ST,Collision with:  Vehicle in traffic,On Roadway,Broadside (front to side),FTYROW:  From yield sign,None Indicated,,Daylight,Dry,Clear,None apparent,Intersection:  Four-way intersection,Paved,,Possible/Unknown,0,1,0,0,1,0,4000,2,3,,POINT (-91.974474042543 41.007634417397)
2014815764,2014048702,08/20/2014,08-August,4-Wednesday,11:35,1100 Hours,District 1 (Central),ANKENY,POLK,I-80,I-80,Non-collision events:  Overturn/rollover,Gore,Non-collision (single vehicle),Driving too fast for conditions,None Indicated,,Daylight,Wet,Cloudy,None apparent,Non-intersection:  Non-junction/no special feature,Paved,,Property Damage Only,0,0,0,0,0,0,2500,1,1,,POINT (-93.572809034327 41.652497052039)
2014813065,20140024322,08/20/2014,08-August,4-Wednesday,02:30,0200 Hours,District 1 (Central),DES MOINES,POLK,IA 28,IA 28/63RD ST,Collision with fixed object:  Curb/island/raised median,On Roadway,Non-collision (single vehicle),Crossed centerline (undivided),Alcohol (Statutory),,Dark - roadway lighted,Dry,Clear,Work Zone (roadway-related),Non-intersection:  Non-junction/no special feature,Paved,Yes,Minor Injury,0,1,0,1,0,0,1500,1,1,,POINT (-93.703382525716 41.585668433031)
2014814376,14-006280,08/20/2014,08-August,4-Wednesday,07:45,0700 Hours,District 4 (Southwest),PERRY,DALLAS,,LUCINDA ST & 14TH ST,Collision with:  Vehicle in traffic,On Roadway,Broadside (front to side),FTYROW:  From yield sign,None Indicated,,Daylight,Wet,Cloudy,None apparent,Intersection:  T-intersection,Paved,,Property Damage Only,0,0,0,0,0,0,2000,2,2,,POINT (-94.089732086076 41.840253797607)
2014815789,142990,08/20/2014,08-August,4-Wednesday,18:18,1800 Hours,District 2 (Northeast),HAMPTON,FRANKLIN,,,Collision with fixed object:  Other fixed object (explain in narrative),On Roadway,Non-collision (single vehicle),Ran off road - right,None Indicated,,Daylight,Dry,Clear,None apparent,Non-intersection:  Non-junction/no special feature,,,Property Damage Only,0,0,0,0,0,0,6500,1,1,,POINT (-96.643700149993 40.233091251414)
2014857479,2014004914,08/20/2014,08-August,4-Wednesday,07:55,0700 Hours,District 6 (East Central),,BENTON,,Co Rd V56/19 AVE,Collision with fixed object:  Ditch,Roadside,Non-collision (single vehicle),Ran off road - right,None Indicated,,Daylight,Dry,Clear,Unknown,Non-intersection:  Non-junction/no special feature,Unpaved,,Possible/Unknown,0,1,0,0,1,0,1500,1,1,,POINT (-92.124134889815 42.000322202174)
2014815763,2014048656,08/20/2014,08-August,4-Wednesday,07:35,0700 Hours,District 1 (Central),ANKENY,POLK,I-35,I-35,Collision with:  Vehicle in traffic,On Roadway,Rear-end (front to rear),Lost Control,None Indicated,,Daylight,Wet,Rain,"Surface condition (e.g., wet, icy)",Non-intersection:  Non-junction/no special feature,Paved,,Property Damage Only,0,0,0,0,0,0,4500,2,2,,POINT (-93.575893515872 41.690014355138)
2014813281,20140024392,08/20/2014,08-August,4-Wednesday,17:35,1700 Hours,District 1 (Central),DES MOINES,POLK,,FOREST AVE & 30TH ST,Collision with fixed object:  Concrete traffic barrier (median or right side),Outside trafficway,Non-collision (single vehicle),Ran Traffic Signal,None Indicated,,Daylight,Dry,Clear,None apparent,Intersection:  Four-way intersection,Paved,,Property Damage Only,0,0,0,0,0,0,3100,1,2,,POINT (-93.658435705919 41.604003136412)
2014813120,14015890,08/20/2014,08-August,4-Wednesday,10:55,1000 Hours,District 2 (Northeast),,BREMER,US 218,US 218,Collision with fixed object:  Traffic sign support,Roadside,Non-collision (single vehicle),Ran off road - left,Alcohol (Statutory),,Daylight,Wet,Cloudy,None apparent,Interchange-related:  Off-ramp,Paved,,Property Damage Only,0,0,0,0,0,0,5500,1,1,,POINT (-92.475747017584 42.690342429827)
2014819126,2014-036970,08/20/2014,08-August,4-Wednesday,17:54,1700 Hours,District 6 (East Central),DUBUQUE,DUBUQUE,US 52,US 52/CENTRAL AVE & W 23RD ST,Collision with:  Vehicle in traffic,On Roadway,Rear-end (front to rear),Lost Control,None Indicated,,Daylight,Dry,Cloudy,None apparent,Intersection:  T-intersection,Paved,,Property Damage Only,0,0,0,0,0,0,2250,2,2,,POINT (-90.672171729269 42.514859682975)
2014814135,,08/20/2014,08-August,4-Wednesday,22:30,2200 Hours,District 6 (East Central),CEDAR RAPIDS,LINN,,15TH AVE SW & L ST SW,Collision with:  Vehicle in traffic,On Roadway,Broadside (front to side),Unknown,None Indicated,,,Dry,Cloudy,,,Paved,,Possible/Unknown,0,1,0,0,1,0,0,2,2,,POINT (-91.671494440905 41.962678923002)
2014813321,2014008951,08/20/2014,08-August,4-Wednesday,14:33,1400 Hours,District 6 (East Central),IOWA CITY,JOHNSON,IA 1,IA 1/E BURLINGTON ST/GOVERNOR ST,Collision with:  Vehicle in traffic,Shoulder,"Sideswipe, same direction",FTYROW:  Other (explain in narrative),None Indicated,,Daylight,Dry,Cloudy,None apparent,Intersection:  Four-way intersection,Paved,,Property Damage Only,0,0,0,0,0,0,7000,2,3,,POINT (-91.522897469997 41.657771852574)
2014813278,20140024415,08/20/2014,08-August,4-Wednesday,21:30,2100 Hours,District 1 (Central),DES MOINES,POLK,,SCHOOL ST & 6TH AVE,Collision with:  Vehicle in traffic,On Roadway,"Sideswipe, same direction",Ran Traffic Signal,None Indicated,,Dark - roadway lighted,Dry,Clear,None apparent,Intersection:  Four-way intersection,Paved,,Property Damage Only,0,0,0,0,0,0,4000,2,2,,POINT (-93.625673487358 41.595223913044)
2014814450,2014048776,08/20/2014,08-August,4-Wednesday,13:25,1300 Hours,District 6 (East Central),CORALVILLE,JOHNSON,I-380,I-380,Collision with:  Vehicle in traffic,On Roadway,Rear-end (front to rear),Made improper turn,None Indicated,,Daylight,Dry,Cloudy,None apparent,Non-intersection:  Crossover-related,Paved,,Property Damage Only,0,0,0,0,0,0,7486,2,2,,POINT (-91.642095153129 41.707627026534)
2014814224,SA1406779,08/20/2014,08-August,4-Wednesday,06:28,0600 Hours,District 5 (Southeast),,WASHINGTON,,Co Rd W38/GINKGO AVE,,On Roadway,Non-collision (single vehicle),Over correcting/over steering,None Indicated,,Daylight,Dry,Cloudy,None apparent,Non-intersection:  Non-junction/no special feature,Paved,,Major Injury,0,1,1,0,0,0,2500,1,1,,POINT (-91.829688601331 41.436928524213)
2014815827,K14-025751,08/20/2014,08-August,4-Wednesday,15:34,1500 Hours,District 5 (Southeast),KEOKUK,LEE,,ROYAL RD,Collision with:  Vehicle in traffic,On Roadway,Broadside (front to side),FTYROW:  From stop sign,None Indicated,,Daylight,Dry,Clear,None apparent,Intersection:  T-intersection,Paved,,Minor Injury,0,1,0,1,0,0,5198,2,2,,POINT (-91.416736618125 40.430555747423)
2014813319,14-1587,08/20/2014,08-August,4-Wednesday,17:10,1700 Hours,District 1 (Central),POLK CITY,POLK,IA 415,IA 415/W BRIDGE RD/S 3RD ST,Collision with:  Vehicle in traffic,On Roadway,Broadside (front to side),FTYROW:  From stop sign,None Indicated,,Daylight,Dry,Cloudy,None apparent,Intersection:  T-intersection,Paved,,Property Damage Only,0,0,0,0,0,0,8000,2,2,,POINT (-93.717108246469 41.764338468204)
2014813310,14-035254,08/20/2014,08-August,4-Wednesday,17:15,1700 Hours,District 4 (Southwest),COUNCIL BLUFFS,POTTAWATTAMIE,,MADISON AVE,Collision with:  Vehicle in traffic,On Roadway,Broadside (front to side),FTYROW:  From stop sign,None Indicated,,Daylight,Dry,Clear,None apparent,Unknown,Paved,,Property Damage Only,0,0,0,0,0,0,3000,2,2,,POINT (-95.826128457008 41.243107680817)
2014815114,,08/20/2014,08-August,4-Wednesday,05:29,0500 Hours,District 1 (Central),,HARDIN,,A AVE & 140TH ST,Collision with:  Animal,On Roadway,Non-collision (single vehicle),Animal,None Indicated,,Dark - roadway not lighted,Dry,Clear,,Non-intersection:  Non-junction/no special feature,Unpaved,,Property Damage Only,0,0,0,0,0,0,2775,1,1,,POINT (-93.026738420441 42.499789027876)
2014813082,20140024335,08/20/2014,08-August,4-Wednesday,08:00,0800 Hours,District 1 (Central),DES MOINES,POLK,I-235,I-235,Collision with:  Vehicle in traffic,On Roadway,Rear-end (front to rear),Followed too close,None Indicated,,Daylight,Wet,Rain,None apparent,Non-intersection:  Non-junction/no special feature,Paved,,Possible/Unknown,0,1,0,0,1,0,600,2,2,,POINT (-93.575202867456 41.631336245808)
2014813259,14-5490,08/20/2014,08-August,4-Wednesday,14:40,1400 Hours,District 1 (Central),,POLK,,NW MADRID DR,Collision with fixed object:  Ditch,Outside trafficway,Non-collision (single vehicle),Ran off road - right,None Indicated,,Daylight,Dry,Cloudy,None apparent,Non-intersection:  Non-junction/no special feature,Paved,,Possible/Unknown,0,1,0,0,0,1,4500,1,1,,POINT (-93.759655032537 41.806775816972)
2014813128,1415901,08/20/2014,08-August,4-Wednesday,12:38,1200 Hours,District 2 (Northeast),,BREMER,,Co Rd V48/RENO AVE/130TH ST,Collision with fixed object:  Ditch,On Roadway,Non-collision (single vehicle),Ran off road - right,None Indicated,,Daylight,Dry,Cloudy,None apparent,Non-intersection:  Non-junction/no special feature,Paved,,Property Damage Only,0,0,0,0,0,0,2500,1,1,,POINT (-92.21082210529 42.862492215692)
2014813413,08-14-063,08/20/2014,08-August,4-Wednesday,13:57,1300 Hours,District 3 (Northwest),LE MARS,PLYMOUTH,,LAKE AVE & 21ST ST SW,Collision with:  Vehicle in traffic,On Roadway,Rear-end (front to rear),Other (explain in narrative):  Vision obstructed,None Indicated,,Daylight,Dry,Cloudy,None apparent,Non-intersection:  Non-junction/no special feature,Paved,,Property Damage Only,0,0,0,0,0,0,1700,2,2,,POINT (-96.195099769892 42.767223751618)
2014813335,14-034253,08/20/2014,08-August,4-Wednesday,17:00,1700 Hours,District 4 (Southwest),COUNCIL BLUFFS,POTTAWATTAMIE,I-29,I-29 & NEBRASKA AVE,Collision with:  Vehicle in traffic,On Roadway,Rear-end (front to rear),Followed too close,None Indicated,,Daylight,Dry,Clear,None apparent,Non-intersection:  Other non-intersection (explain in narrative),Paved,,Property Damage Only,0,0,0,0,0,0,7000,2,2,,POINT (-95.904754113577 41.242104082118)
2014813658,14-0946,08/20/2014,08-August,4-Wednesday,08:55,0800 Hours,District 1 (Central),PLEASANT HILL,POLK,US 65,US 65/SW RAMP/NW RAMP & IA 163/E UNIVERSITY AVE,Collision with:  Vehicle in traffic,On Roadway,Rear-end (front to rear),Driving too fast for conditions,None Indicated,,Daylight,Wet,Rain,None apparent,Intersection:  Intersection with ramp,Paved,,Property Damage Only,0,0,0,0,0,0,2550,2,2,,POINT (-93.4988726378 41.598816451155)
2014815224,01-14-036959,08/20/2014,08-August,4-Wednesday,07:23,0700 Hours,District 6 (East Central),DUBUQUE,DUBUQUE,,ROSEDALE AVE & ST AMBROSE ST,Collision with:  Vehicle in traffic,On Roadway,Head-on (front to front),Made improper turn,Alcohol (Statutory),,Daylight,Dry,Clear,None apparent,Intersection:  Four-way intersection,Paved,,Property Damage Only,0,0,0,0,0,0,7500,3,6,,POINT (-90.698207842841 42.503940218709)
2014813685,2014-58491,08/20/2014,08-August,4-Wednesday,17:44,1700 Hours,District 6 (East Central),DAVENPORT,SCOTT,I-74,I-74 & E 53RD ST,Collision with:  Vehicle in traffic,On Roadway,Rear-end (front to rear),Followed too close,None Indicated,,Daylight,Dry,Cloudy,None apparent,Interchange-related:  Off-ramp,Paved,,Property Damage Only,0,0,0,0,0,0,7000,2,2,,POINT (-90.520251225371 41.574860648392)
2014815765,2014048733,08/20/2014,08-August,4-Wednesday,13:00,1300 Hours,District 1 (Central),,POLK,I-35,I-35 & I-235,Collision with fixed object:  Bridge overhead structure,On Roadway,Non-collision (single vehicle),Other (explain in narrative):  No improper action,None Indicated,,Daylight,Wet,Cloudy,"Surface condition (e.g., wet, icy)",Non-intersection:  Other non-intersection (explain in narrative),Paved,,Property Damage Only,0,0,0,0,0,0,2500,1,1,,POINT (-93.575684318724 41.647663853508)
2014813323,2014008962,08/20/2014,08-August,4-Wednesday,16:48,1600 Hours,District 6 (East Central),IOWA CITY,JOHNSON,US 6,US 6/RIVERSIDE DR & N RIVERSIDE DR,Collision with:  Vehicle in traffic,On Roadway,Rear-end (front to rear),Followed too close,None Indicated,,Daylight,Dry,Cloudy,None apparent,Non-intersection:  Non-junction/no special feature,Paved,,Property Damage Only,0,0,0,0,0,0,2000,2,3,,POINT (-91.542019989264 41.662456434065)
2014813761,14083851,08/20/2014,08-August,4-Wednesday,17:11,1700 Hours,District 2 (Northeast),CEDAR FALLS,BLACK HAWK,,W RIDGEWAY AVE & HUDSON RD,Collision with:  Vehicle in traffic,On Roadway,Broadside (front to side),FTYROW:  From stop sign,None Indicated,,Daylight,Dry,Clear,None apparent,Intersection:  Four-way intersection,Paved,,Major Injury,0,2,1,1,0,0,30000,2,2,,POINT (-92.465647919645 42.46954755603)
2014813293,14-4080,08/20/2014,08-August,4-Wednesday,15:12,1500 Hours,District 1 (Central),WEST DES MOINES,POLK,,WESTOWN PKWY,Collision with:  Vehicle in traffic,On Roadway,"Sideswipe, same direction",FTYROW:  Other (explain in narrative),None Indicated,,Daylight,Dry,Cloudy,None apparent,Non-intersection:  Non-junction/no special feature,Paved,,Property Damage Only,0,0,0,0,0,0,1800,2,3,,POINT (-93.737715371004 41.597009524845)
2014813249,201412270,08/20/2014,08-August,4-Wednesday,12:05,1200 Hours,District 6 (East Central),CEDAR RAPIDS,LINN,,42ND ST NE,Collision with:  Vehicle in traffic,On Roadway,Rear-end (front to rear),Driving too fast for conditions,None Indicated,,Daylight,Wet,Cloudy,"Surface condition (e.g., wet, icy)",Intersection:  T-intersection,Paved,,Property Damage Only,0,0,0,0,0,0,8200,3,3,,POINT (-91.651061799763 42.021117419185)
2014813046,14123567,08/20/2014,08-August,4-Wednesday,12:35,1200 Hours,District 6 (East Central),,JOHNSON,,140TH ST,Non-collision events:  Overturn/rollover,Roadside,Non-collision (single vehicle),Driving too fast for conditions,None Indicated,,Daylight,Dry,Cloudy,None apparent,Non-intersection:  Non-junction/no special feature,Unpaved,,Possible/Unknown,0,1,0,0,1,0,6000,1,1,,POINT (-91.561458206795 41.832469410703)
2014813214,W14-083779,08/20/2014,08-August,4-Wednesday,13:05,1300 Hours,District 2 (Northeast),WATERLOO,BLACK HAWK,,LOCKE AVE & WISCONSIN ST,Collision with:  Vehicle in traffic,On Roadway,Broadside (front to side),Ran Stop Sign,None Indicated,,Daylight,Dry,Cloudy,None apparent,Intersection:  Four-way intersection,Paved,,Property Damage Only,0,0,0,0,0,0,5000,2,2,,POINT (-92.325120860246 42.472066378072)
2014813469,,08/20/2014,08-August,4-Wednesday,18:15,1800 Hours,District 5 (Southeast),,LUCAS,,Co Rd S23/200TH AVE,Collision with:  Animal,Roadside,Non-collision (single vehicle),Animal,None Indicated,,Daylight,Dry,Clear,None apparent,Non-intersection:  Non-junction/no special feature,Paved,,Possible/Unknown,0,1,0,0,1,0,3000,1,1,,POINT (-93.366248554813 41.122486531642)
2014813714,14-003827,08/20/2014,08-August,4-Wednesday,13:00,1300 Hours,District 1 (Central),AMES,STORY,US 69,US 69/GRAND AVE & 20TH ST,Collision with:  Vehicle in traffic,On Roadway,"Angle, oncoming left turn",FTYROW:  Making left turn,None Indicated,,Daylight,Wet,Rain,None apparent,Intersection:  Four-way intersection,Paved,,Minor Injury,0,1,0,1,0,0,9000,2,2,,POINT (-93.620469261365 42.042111123634)
2014813363,14005636,08/20/2014,08-August,4-Wednesday,09:17,0900 Hours,District 2 (Northeast),,KOSSUTH,,Co Rd B40/210 ST,Collision with fixed object:  Ditch,On Roadway,Non-collision (single vehicle),Ran off road - left,None Indicated,,Daylight,Dry,Cloudy,None apparent,Non-intersection:  Non-junction/no special feature,Paved,,Possible/Unknown,0,1,0,0,1,0,5150,1,1,,POINT (-94.29073992058 43.067184880624)
2014815908,2014-58548,08/20/2014,08-August,4-Wednesday,22:33,2200 Hours,District 6 (East Central),DAVENPORT,SCOTT,,N PINE ST,Collision with:  Vehicle in traffic,Shoulder,Rear-end (front to rear),Swerving/Evasive Action,None Indicated,,Dark - roadway not lighted,Dry,Cloudy,None apparent,Non-intersection:  Non-junction/no special feature,Paved,,Property Damage Only,0,0,0,0,0,0,9000,2,1,,POINT (-90.610900605058 41.563163401179)
2014813307,14-27345,08/20/2014,08-August,4-Wednesday,21:15,2100 Hours,District 3 (Northwest),SIOUX CITY,WOODBURY,,W 22ND ST & HAMILTON BLVD,Collision with:  Animal,,Non-collision (single vehicle),Animal,None Indicated,,,,,,,Paved,,Property Damage Only,0,0,0,0,0,0,1500,1,1,,POINT (-96.416780313516 42.513252519313)
2014813295,14-16110,08/20/2014,08-August,4-Wednesday,20:53,2000 Hours,District 6 (East Central),BETTENDORF,SCOTT,,TANGLEFOOT LN & UTICA RIDGE RD,Collision with:  Vehicle in traffic,On Roadway,Broadside (front to side),Ran Traffic Signal,None Indicated,,Dark - roadway lighted,Dry,Cloudy,Work Zone (roadway-related),Intersection:  Four-way intersection,Paved,Yes,Property Damage Only,0,0,0,0,0,0,6000,2,2,,POINT (-90.517377142268 41.560343441577)