Iowa DOT Case Number,Law Enforcement Case Number,Date of Crash,Month of Crash,Day of Week,Time of Crash,Hour,DOT District,City Name,County Name,Route with System,Location Description,First Harmful Event,Location of First Harmful Event,Manner of Crash/Collision,Major Cause,Drug or Alcohol ,Environmental Conditions,Light Conditions,Surface Conditions,Weather Conditions,Roadway Contribution,Roadway Type,Roadway Surface,Work Zone,Crash Severity,Number of Fatalities,Number of Injuries,Number of Major Injuries,Number of Minor Injuries,Number of Possible Injuries,Number of Unknown Injuries,Amount of Property Damage,Number of Vehicles Involved,Total Number of Occupants,Travel Direction,Location
2014813439,2014009019,08/21/2014,08-August,5-Thursday,16:59,1600 Hours,District 6 (East Central),IOWA CITY,JOHNSON,,MELROSE AVE & EMERALD ST & FINKBINE COMMUTER DR,Collision with:  Vehicle in traffic,On Roadway,Broadside (front to side),FTYROW:  From stop sign,None Indicated,,Daylight,Wet,Cloudy,None apparent,Intersection:  Four-way intersection,Paved,,Property Damage Only,0,0,0,0,0,0,6000,2,2,,POINT (-91.564534031411 41.655723519173)
2014816358,,08/21/2014,08-August,5-Thursday,22:00,2200 Hours,District 3 (Northwest),HINTON,PLYMOUTH,US 75,US 75/FLOYD AVE,Collision with:  Vehicle in traffic,On Roadway,Broadside (front to side),FTYROW:  Making left turn,None Indicated,,Daylight,Dry,Clear,None apparent,Intersection:  Four-way intersection,Paved,,Property Damage Only,0,0,0,0,0,0,35000,3,5,,POINT (-96.292207700906 42.625704246913)
2014813316,CL14002964,08/21/2014,08-August,5-Thursday,08:01,0800 Hours,District 6 (East Central),CLINTON,CLINTON,,5TH AVE S & S 4TH ST,Collision with:  Vehicle in traffic,On Roadway,Rear-end (front to rear),Lost Control,None Indicated,,Daylight,Wet,Rain,None apparent,Intersection:  Four-way intersection,Paved,,Possible/Unknown,0,1,0,0,1,0,4000,2,2,,POINT (-90.193250204812 41.841143786648)
2014813503,082114-202,08/21/2014,08-August,5-Thursday,16:32,1600 Hours,District 3 (Northwest),STORM LAKE,BUENA VISTA,IA 7,IA 7/W MILWAUKEE AVE & NORTHWESTERN DR,Collision with:  Vehicle in traffic,On Roadway,"Angle, oncoming left turn",FTYROW:  Making left turn,None Indicated,,Daylight,Dry,Clear,None apparent,Intersection:  Four-way intersection,Paved,,Property Damage Only,0,0,0,0,0,0,7000,2,7,,POINT (-95.220460605296 42.648890055783)
2014813414,08-14-067,08/21/2014,08-August,5-Thursday,15:51,1500 Hours,District 3 (Northwest),LE MARS,PLYMOUTH,IA 3,IA 3/PLYMOUTH ST,Collision with:  Vehicle in traffic,On Roadway,"Sideswipe, opposite direction",FTYROW:  Making left turn,None Indicated,,Daylight,Dry,Clear,None apparent,Intersection:  Four-way intersection,Paved,,Property Damage Only,0,0,0,0,0,0,1700,2,4,,POINT (-96.173958937314 42.793078424073)
2014813410,2014009020,08/21/2014,08-August,5-Thursday,17:40,1700 Hours,District 6 (East Central),IOWA CITY,JOHNSON,,S 1ST AVE,Collision with:  Vehicle in traffic,On Roadway,Rear-end (front to rear),Followed too close,None Indicated,,Daylight,Wet,Cloudy,None apparent,Non-intersection:  Non-junction/no special feature,Paved,,Property Damage Only,0,0,0,0,0,0,2000,2,4,,POINT (-91.501995757382 41.64654895966)
2014813833,2014-4048,08/21/2014,08-August,5-Thursday,17:01,1700 Hours,District 4 (Southwest),WAUKEE,DALLAS,US 6,US 6/HICKMAN AVE & WARRIOR LN & N WARRIOR LN,Collision with:  Vehicle in traffic,On Roadway,Broadside (front to side),Ran Traffic Signal,None Indicated,,Daylight,Dry,Clear,None apparent,Intersection:  Four-way intersection,Paved,,Property Damage Only,0,0,0,0,0,0,5000,2,2,,POINT (-93.872203531688 41.614937866734)
2014813509,14-008703,08/21/2014,08-August,5-Thursday,22:11,2200 Hours,District 3 (Northwest),,CARROLL,,Co Rd N33/NOBLE AVE,Collision with:  Animal,On Roadway,Non-collision (single vehicle),Animal,None Indicated,,Dark - roadway not lighted,Dry,Cloudy,None apparent,Non-intersection:  Non-junction/no special feature,Paved,,Property Damage Only,0,0,0,0,0,0,22100,2,2,,POINT (-94.841879182495 42.11490731557)
2014813432,2014008992,08/21/2014,08-August,5-Thursday,07:46,0700 Hours,District 6 (East Central),IOWA CITY,JOHNSON,IA 1,IA 1/GOVERNOR ST & MARKET ST,Collision with:  Vehicle in traffic,On Roadway,Broadside (front to side),Ran Traffic Signal,None Indicated,,Daylight,Dry,Cloudy,None apparent,Intersection:  Four-way intersection,Paved,,Property Damage Only,0,0,0,0,0,0,3500,2,3,,POINT (-91.522814601175 41.66349914318)
2014813317,CL14002973,08/21/2014,08-August,5-Thursday,15:13,1500 Hours,District 6 (East Central),CLINTON,CLINTON,,N 3RD ST,Collision with:  Vehicle in traffic,On Roadway,Rear-end (front to rear),Equipment failure,None Indicated,,Daylight,Wet,Rain,None apparent,Intersection:  Four-way intersection,Paved,,Property Damage Only,0,0,0,0,0,0,1500,2,3,,POINT (-90.187751281078 41.857795796483)
2014813543,14-1238,08/21/2014,08-August,5-Thursday,11:17,1100 Hours,District 3 (Northwest),SPIRIT LAKE,DICKINSON,US 71,US 71 & 22ND ST,Collision with:  Vehicle in traffic,On Roadway,Broadside (front to side),Other (explain in narrative):  Vision obstructed,None Indicated,,Daylight,Dry,Clear,Other (explain in narrative),Intersection:  Four-way intersection,Paved,,Possible/Unknown,0,1,0,0,1,0,3000,2,2,,POINT (-95.126404026072 43.419560154032)
2014813444,14-1595,08/21/2014,08-August,5-Thursday,16:00,1600 Hours,District 1 (Central),POLK CITY,POLK,IA 415,IA 415/W BRIDGE RD,Collision with:  Vehicle in traffic,On Roadway,"Sideswipe, opposite direction",FTYROW:  Making left turn,None Indicated,,Daylight,Dry,Clear,None apparent,Non-intersection:  Driveway access (within),Paved,,Property Damage Only,0,0,0,0,0,0,5500,2,3,,POINT (-93.717854174939 41.764342817114)
2014815308,2014049020,08/21/2014,08-August,5-Thursday,16:00,1600 Hours,District 1 (Central),DES MOINES,POLK,,E GRAND AVE,Collision with:  Vehicle in traffic,On Roadway,"Sideswipe, opposite direction",Other (explain in narrative):  Other,None Indicated,,Daylight,Dry,Clear,None apparent,Non-intersection:  Non-junction/no special feature,Paved,,Property Damage Only,0,0,0,0,0,0,3000,2,2,,POINT (-93.594262572072 41.594156571864)
2014813270,20140024473,08/21/2014,08-August,5-Thursday,11:53,1100 Hours,District 1 (Central),DES MOINES,POLK,US 69,US 69/SE 14TH ST,Collision with:  Vehicle in traffic,On Roadway,Rear-end (front to rear),Followed too close,None Indicated,,Daylight,Wet,Rain,"Surface condition (e.g., wet, icy)",Non-intersection:  Non-junction/no special feature,Paved,,Minor Injury,0,1,0,1,0,0,600,3,4,,POINT (-93.596845058553 41.546242454707)
2014813733,14-010100,08/21/2014,08-August,5-Thursday,16:36,1600 Hours,District 1 (Central),TRAER,TAMA,,8TH ST,Collision with:  Parked motor vehicle,On Roadway,"Sideswipe, opposite direction",Other (explain in narrative):  Vision obstructed,None Indicated,,Daylight,Dry,Clear,None apparent,Non-intersection:  Non-junction/no special feature,Paved,,Property Damage Only,0,0,0,0,0,0,3002,2,1,,POINT (-92.467415541928 42.18709704705)
2014815287,02-14-12381,08/21/2014,08-August,5-Thursday,12:10,1200 Hours,District 6 (East Central),,DUBUQUE,US 52,US 52,Collision with:  Vehicle in traffic,On Roadway,Rear-end (front to rear),Followed too close,None Indicated,,Daylight,Wet,Rain,"Surface condition (e.g., wet, icy)",Intersection:  T-intersection,Paved,,Property Damage Only,0,0,0,0,0,0,13100,2,2,,POINT (-90.59454210059 42.405463090878)
2014815292,1-14-036997,08/21/2014,08-August,5-Thursday,14:31,1400 Hours,District 6 (East Central),DUBUQUE,DUBUQUE,,KAUFMANN AVE & GRANDVIEW AVE N,Collision with:  Vehicle in traffic,On Roadway,Broadside (front to side),Ran Stop Sign,None Indicated,,Daylight,Wet,Cloudy,None apparent,Intersection:  Four-way intersection,Paved,,Property Damage Only,0,0,0,0,0,0,5500,2,2,,POINT (-90.694237496526 42.516593746479)
2014814130,2014009041,08/21/2014,08-August,5-Thursday,23:06,2300 Hours,District 6 (East Central),IOWA CITY,JOHNSON,I-80,I-80,Collision with:  Vehicle in traffic,On Roadway,Rear-end (front to rear),Followed too close,None Indicated,,Dark - roadway not lighted,Dry,Clear,None apparent,Non-intersection:  Non-junction/no special feature,Paved,,Possible/Unknown,0,2,0,0,2,0,7500,2,2,,POINT (-91.510153848979 41.686978600303)
2014813812,2014009017,08/21/2014,08-August,5-Thursday,16:29,1600 Hours,District 6 (East Central),IOWA CITY,JOHNSON,US 6,US 6 & ROCKY SHORE DR & HAWKINS DR,Collision with:  Vehicle in traffic,On Roadway,Rear-end (front to rear),Driving too fast for conditions,None Indicated,,Daylight,Wet,Rain,None apparent,Non-intersection:  Non-junction/no special feature,Paved,,Property Damage Only,0,0,0,0,0,0,3000,2,13,,POINT (-91.558036861959 41.665946032289)
2014813379,14017746,08/21/2014,08-August,5-Thursday,23:45,2300 Hours,District 6 (East Central),MARION,LINN,IA 100,IA 100/COLLINS RD SE,Collision with:  Animal,On Roadway,Non-collision (single vehicle),Animal,None Indicated,,Dark - roadway not lighted,Dry,Clear,None apparent,Non-intersection:  Non-junction/no special feature,Paved,,Property Damage Only,0,0,0,0,0,0,1500,1,2,,POINT (-91.608695560043 42.015919317069)
2014814371,20140002937,08/21/2014,08-August,5-Thursday,08:15,0800 Hours,District 6 (East Central),CENTER POINT,LINN,I-380,I-380,Collision with:  Vehicle in traffic,On Roadway,Rear-end (front to rear),Followed too close,None Indicated,,Daylight,Wet,Cloudy,None apparent,"Interchange-related:  Off-ramp, diverge area",Paved,,Property Damage Only,0,0,0,0,0,0,2300,2,3,,POINT (-91.781445264344 42.170324290019)
2014813689,2014-58630,08/21/2014,08-August,5-Thursday,07:41,0700 Hours,District 6 (East Central),DAVENPORT,SCOTT,,W LOCUST ST & N ELSIE AVE,Collision with:  Vehicle in traffic,On Roadway,Broadside (front to side),FTYROW:  From stop sign,None Indicated,,Daylight,Dry,Clear,None apparent,Intersection:  T-intersection,Paved,,Property Damage Only,0,0,0,0,0,0,3000,2,2,,POINT (-90.624935666137 41.538155253423)
2014815237,01-14-36999,08/21/2014,08-August,5-Thursday,14:51,1400 Hours,District 6 (East Central),DUBUQUE,DUBUQUE,,EAGLE ST,Collision with:  Parked motor vehicle,On Roadway,"Sideswipe, same direction",Lost Control,None Indicated,,Daylight,Wet,Cloudy,None apparent,Non-intersection:  Non-junction/no special feature,Paved,,Property Damage Only,0,0,0,0,0,0,2000,2,2,,POINT (-90.664903576772 42.521753801358)
2014814051,14-16168,08/21/2014,08-August,5-Thursday,15:53,1500 Hours,District 6 (East Central),BETTENDORF,SCOTT,I-74,I-74,Collision with:  Vehicle in traffic,On Roadway,Rear-end (front to rear),Other (explain in narrative):  No improper action,None Indicated,,Daylight,Dry,Clear,None apparent,Interchange-related:  On-ramp merge area,Paved,,Property Damage Only,0,0,0,0,0,0,1500,2,2,,POINT (-90.513432841842 41.524358841444)
2014813665,14-16164,08/21/2014,08-August,5-Thursday,15:07,1500 Hours,District 6 (East Central),BETTENDORF,SCOTT,,18TH ST,Collision with:  Non-motorist (see non-motorist section - NOT a unit),On Roadway,Non-collision (single vehicle),Other (explain in narrative):  No improper action,None Indicated,,Daylight,Wet,Rain,None apparent,Non-intersection:  Non-junction/no special feature,Paved,,Minor Injury,0,1,0,1,0,0,100,1,1,,POINT (-90.503500874743 41.549820640494)
2014813258,14-5502,08/21/2014,08-August,5-Thursday,07:41,0700 Hours,District 1 (Central),GRANGER,POLK,IA 17,IA 17 & Co Rd F31/NW 110TH AVE,Collision with:  Vehicle in traffic,On Roadway,Broadside (front to side),FTYROW:  From stop sign,None Indicated,,Daylight,Dry,Cloudy,None apparent,Intersection:  Four-way intersection,Paved,,Major Injury,0,2,2,0,0,0,13000,2,4,,POINT (-93.814669266355 41.761103102599)
2014813718,14-003849,08/21/2014,08-August,5-Thursday,16:22,1600 Hours,District 1 (Central),AMES,STORY,,GREENSBORO DR & STANGE RD,Collision with:  Vehicle in traffic,On Roadway,Broadside (front to side),FTYROW:  Making left turn,None Indicated,,Daylight,Dry,Cloudy,None apparent,Intersection:  Four-way intersection,Paved,,Possible/Unknown,0,2,0,0,2,0,3500,2,3,,POINT (-93.644845310884 42.043841111689)
2014813545,32065-14,08/21/2014,08-August,5-Thursday,14:07,1400 Hours,District 3 (Northwest),,EMMET,,Co Rd N22/340 AVE & 110TH ST & 360 AVE,Collision with:  Vehicle in traffic,On Roadway,Rear-end (front to rear),Followed too close,None Indicated,,Daylight,Dry,Clear,None apparent,Intersection:  Four-way intersection,Paved,,Property Damage Only,0,0,0,0,0,0,3500,2,2,,POINT (-94.914807371437 43.488210903417)
2014813394,20140024464,08/21/2014,08-August,5-Thursday,10:20,1000 Hours,District 1 (Central),DES MOINES,POLK,,E LELAND AVE,Collision with:  Parked motor vehicle,On Roadway,"Sideswipe, same direction",Ran off road - right,None Indicated,,Daylight,Dry,Cloudy,None apparent,Non-intersection:  Non-junction/no special feature,Paved,,Property Damage Only,0,0,0,0,0,0,8700,3,1,,POINT (-93.61047627912 41.52826431746)
2014813216,14-12620,08/21/2014,08-August,5-Thursday,06:28,0600 Hours,District 3 (Northwest),,CLAY,US 18,US 18 & Co Rd M38/190TH AVE,Collision with:  Animal,,,Animal,None Indicated,,,,,,,Paved,,Property Damage Only,0,0,0,0,0,0,3000,1,1,,POINT (-95.209724693718 43.183843355361)
2014813697,2014-58849,08/21/2014,08-August,5-Thursday,21:32,2100 Hours,District 6 (East Central),DAVENPORT,SCOTT,,W 15TH ST,Collision with:  Parked motor vehicle,On Roadway,Rear-end (front to rear),Other (explain in narrative):  Other,None Indicated,,Dark - roadway lighted,Dry,Cloudy,None apparent,Non-intersection:  Non-junction/no special feature,Paved,,Property Damage Only,0,0,0,0,0,0,21000,3,2,,POINT (-90.583847889055 41.535146298089)
2014815120,14014424,08/21/2014,08-August,5-Thursday,13:42,1300 Hours,District 2 (Northeast),MASON CITY,CERRO GORDO,IA 122,IA 122/4TH ST SW & INDIANHEAD DR,Collision with:  Vehicle in traffic,On Roadway,Rear-end (front to rear),Followed too close,None Indicated,,Daylight,Dry,Cloudy,None apparent,Non-intersection:  Non-junction/no special feature,Paved,,Property Damage Only,0,0,0,0,0,0,4000,2,2,,POINT (-93.265630813749 43.148275561657)
2014814025,1400000728,08/21/2014,08-August,5-Thursday,16:17,1600 Hours,District 1 (Central),,MARSHALL,IA 330,IA 330/160TH ST & PRAIRIE AVE,Non-collision events:  Other non-collision (explain in narrative),On Roadway,Broadside (front to side),FTYROW:  From stop sign,None Indicated,,Daylight,Dry,Clear,None apparent,Intersection:  Four-way intersection,Paved,,Property Damage Only,0,0,0,0,0,0,3540,2,6,,POINT (-92.937537637772 42.123127818473)
2014813409,14-035429,08/21/2014,08-August,5-Thursday,20:18,2000 Hours,District 4 (Southwest),COUNCIL BLUFFS,POTTAWATTAMIE,,2ND AVE & S 10TH ST,Collision with:  Vehicle in traffic,On Roadway,Broadside (front to side),Ran Stop Sign,None Indicated,,Dusk,Dry,Clear,None apparent,Intersection:  Four-way intersection,Paved,,Possible/Unknown,0,1,0,0,1,0,5000,2,3,,POINT (-95.857316402132 41.258629862745)
2014813388,14-003584,08/21/2014,08-August,5-Thursday,11:00,1100 Hours,District 1 (Central),ANKENY,POLK,I-35,I-35 & CORPORATE WOODS DR,Collision with:  Vehicle in traffic,On Roadway,Rear-end (front to rear),Followed too close,None Indicated,,Daylight,Wet,Cloudy,"Surface condition (e.g., wet, icy)",Non-intersection:  Non-junction/no special feature,Paved,,Property Damage Only,0,0,0,0,0,0,15000,3,4,,POINT (-93.576743884454 41.680282411905)
2014814452,2014049023,08/21/2014,08-August,5-Thursday,15:30,1500 Hours,District 5 (Southeast),,WASHINGTON,,170TH ST,Non-collision events:  Overturn/rollover,On Roadway,Non-collision (single vehicle),Ran off road - right,None Indicated,,Daylight,Dry,Cloudy,None apparent,Non-intersection:  Non-junction/no special feature,Unpaved,,Major Injury,0,2,2,0,0,0,3000,1,2,,POINT (-91.564892473694 41.413438259952)
2014813424,14-17263,08/21/2014,08-August,5-Thursday,13:33,1300 Hours,District 6 (East Central),DAVENPORT,SCOTT,,E 53RD ST & BELLE AVE,Collision with:  Vehicle in traffic,On Roadway,Rear-end (front to rear),Equipment failure,None Indicated,,Daylight,Wet,Cloudy,None apparent,Non-intersection:  Non-junction/no special feature,Paved,,Property Damage Only,0,0,0,0,0,0,4500,2,2,,POINT (-90.545538298393 41.574755102512)
2014813563,C14002618,08/21/2014,08-August,5-Thursday,07:47,0700 Hours,District 6 (East Central),CORALVILLE,JOHNSON,,6TH ST & 1ST AVE,Collision with:  Vehicle in traffic,On Roadway,Rear-end (front to rear),Followed too close,None Indicated,,Daylight,Dry,Cloudy,None apparent,Non-intersection:  Non-junction/no special feature,Paved,,Property Damage Only,0,0,0,0,0,0,1700,2,3,,POINT (-91.566018919603 41.676484857009)
2014813836,2014049050,08/21/2014,08-August,5-Thursday,19:24,1900 Hours,District 3 (Northwest),SANBORN,OBRIEN,US 18,US 18/320TH ST & US 59/SILVER AVE,Collision with:  Vehicle in traffic,On Roadway,Broadside (front to side),FTYROW:  From stop sign,None Indicated,,Daylight,Dry,Cloudy,None apparent,Intersection:  Four-way intersection,Paved,,Property Damage Only,0,0,0,0,0,0,5500,2,2,,POINT (-95.624189189502 43.185959679776)
2014813425,146103,08/21/2014,08-August,5-Thursday,17:00,1700 Hours,District 4 (Southwest),DE SOTO,DALLAS,US 169,US 169/GUTHRIE ST & WALNUT ST,Collision with:  Vehicle in traffic,On Roadway,Rear-end (front to rear),Followed too close,None Indicated,,Daylight,Dry,Clear,None apparent,Intersection:  T-intersection,Paved,,Minor Injury,0,2,0,1,1,0,10000,2,2,,POINT (-94.012605872541 41.529551761126)
2014815029,14-000967,08/21/2014,08-August,5-Thursday,00:04,0000 Hours,District 1 (Central),AMES,STORY,,23RD ST,Collision with fixed object:  Other fixed object (explain in narrative),On Roadway,Non-collision (single vehicle),"Operating vehicle in an reckless, erratic, careless, negligent manner",Refused,,Dark - roadway lighted,Dry,Clear,None apparent,Non-intersection:  Non-junction/no special feature,Paved,,Property Damage Only,0,0,0,0,0,0,3000,1,1,,POINT (-93.619589274273 42.044808833734)
2014813430,1406822,08/21/2014,08-August,5-Thursday,10:49,1000 Hours,District 5 (Southeast),WASHINGTON,WASHINGTON,IA 1,IA 1/W MADISON ST & IA 92,Collision with:  Vehicle in traffic,On Roadway,"Angle, oncoming left turn",FTYROW:  From stop sign,None Indicated,,Daylight,Dry,Cloudy,None apparent,Non-intersection:  Driveway access (within),Paved,,Property Damage Only,0,0,0,0,0,0,3000,2,2,,POINT (-91.707985461265 41.296624203463)
2014814269,W14-084161,08/21/2014,08-August,5-Thursday,14:50,1400 Hours,District 2 (Northeast),WATERLOO,BLACK HAWK,,BALTIMORE ST & EASLEY ST,Collision with:  Vehicle in traffic,On Roadway,Broadside (front to side),Unknown,None Indicated,,Daylight,Dry,Clear,None apparent,Intersection:  Other intersection (explain in narrative),Paved,,Property Damage Only,0,0,0,0,0,0,2300,2,2,,POINT (-92.349618826555 42.469938531968)
2014813717,14-003847,08/21/2014,08-August,5-Thursday,16:02,1600 Hours,District 1 (Central),AMES,STORY,US 69,US 69/GRAND AVE & 20TH ST,Collision with:  Vehicle in traffic,On Roadway,Rear-end (front to rear),Followed too close,None Indicated,,Daylight,Dry,Clear,None apparent,Intersection:  Four-way intersection,Paved,,Property Damage Only,0,0,0,0,0,0,3000,2,3,,POINT (-93.620481517799 42.042129070834)
2014813977,2014049022,08/21/2014,08-August,5-Thursday,15:32,1500 Hours,District 5 (Southeast),ALBIA,MONROE,IA 5,IA 5/IOWA 5,Collision with:  Vehicle in traffic,On Roadway,Broadside (front to side),FTYROW:  From driveway,None Indicated,,Daylight,Dry,Clear,None apparent,Non-intersection:  Driveway access (within),Paved,,Minor Injury,0,2,0,2,0,0,5000,2,3,,POINT (-92.808499519289 41.018433340659)
2014813320,14-543,08/21/2014,08-August,5-Thursday,06:15,0600 Hours,District 5 (Southeast),,WAYNE,IA 2,IA 2/IOWA 2,Collision with:  Vehicle in traffic,On Roadway,"Sideswipe, opposite direction",Crossed centerline (undivided),None Indicated,,Daylight,Dry,Cloudy,None apparent,Non-intersection:  Non-junction/no special feature,Paved,,Minor Injury,0,2,0,2,0,0,4500,2,7,,POINT (-93.52934205518 40.760990083091)
2014813331,14-035349,08/21/2014,08-August,5-Thursday,10:39,1000 Hours,District 4 (Southwest),COUNCIL BLUFFS,POTTAWATTAMIE,,AVE B & N 31ST ST,Collision with:  Vehicle in traffic,On Roadway,Broadside (front to side),FTYROW:  From stop sign,None Indicated,,Daylight,Dry,Clear,None apparent,Intersection:  Four-way intersection,Paved,,Property Damage Only,0,0,0,0,0,0,4400,2,4,,POINT (-95.894133659409 41.26369872011)
2014813466,14019722,08/21/2014,08-August,5-Thursday,05:12,0500 Hours,District 2 (Northeast),,WORTH,I-35,I-35,Non-collision events:  Overturn/rollover,On Roadway,Non-collision (single vehicle),Swerving/Evasive Action,None Indicated,,Dark - roadway lighted,Wet,Rain,"Surface condition (e.g., wet, icy)",Non-intersection:  Non-junction/no special feature,Paved,,Minor Injury,0,1,0,1,0,0,5000,1,1,,POINT (-93.34904004913 43.25879204215)
2014813976,2014048954,08/21/2014,08-August,5-Thursday,09:45,0900 Hours,District 6 (East Central),,SCOTT,I-80,I-80,Collision with:  Vehicle in traffic,On Roadway,Rear-end (front to rear),Ran off road - left,None Indicated,,Daylight,Dry,Clear,None apparent,Non-intersection:  Non-junction/no special feature,Paved,,Possible/Unknown,0,2,0,0,2,0,8500,3,7,,POINT (-90.712358447993 41.603730396017)
2014813393,20140024451,08/21/2014,08-August,5-Thursday,08:16,0800 Hours,District 1 (Central),DES MOINES,POLK,,15TH ST,Collision with:  Vehicle in traffic,On Roadway,Rear-end (front to rear),Followed too close,None Indicated,,Daylight,Dry,Cloudy,None apparent,Non-intersection:  Non-junction/no special feature,Paved,,Property Damage Only,0,0,0,0,0,0,5600,2,3,,POINT (-93.637133650295 41.585586272334)
2014814101,08-14-201,08/21/2014,08-August,5-Thursday,16:20,1600 Hours,District 3 (Northwest),LE MARS,PLYMOUTH,IA 3,IA 3/PLYMOUTH ST & CENTRAL AVE,Collision with:  Vehicle in traffic,On Roadway,Rear-end (front to rear),Other (explain in narrative):  Other,None Indicated,,Daylight,Dry,Clear,None apparent,Intersection:  Four-way intersection,Paved,,Property Damage Only,0,0,0,0,0,0,4000,2,3,,POINT (-96.166487307938 42.793051363853)
2014813273,20140024447,08/21/2014,08-August,5-Thursday,07:44,0700 Hours,District 1 (Central),DES MOINES,POLK,,AURORA AVE & 43RD ST,Collision with:  Vehicle in traffic,On Roadway,Head-on (front to front),Driver Distraction:  Manual operation of an electronic communication device,None Indicated,,Daylight,Dry,Cloudy,None apparent,Non-intersection:  Non-junction/no special feature,Paved,,Property Damage Only,0,0,0,0,0,0,5500,2,3,,POINT (-93.676738292605 41.63632273951)
2014813405,14-4107,08/21/2014,08-August,5-Thursday,17:14,1700 Hours,District 1 (Central),WEST DES MOINES,POLK,IA 5,IA 5/IOWA 5,Non-collision events:  Other non-collision (explain in narrative),On Roadway,Non-collision (single vehicle),Swerving/Evasive Action,None Indicated,,Daylight,Dry,Cloudy,None apparent,Non-intersection:  Non-junction/no special feature,Paved,,Property Damage Only,0,0,0,0,0,0,2000,1,1,,POINT (-93.762280322236 41.52273750845)
2014813692,2014-58688,08/21/2014,08-August,5-Thursday,11:08,1100 Hours,District 6 (East Central),DAVENPORT,SCOTT,,W 15TH ST CT & ZENITH CT,Collision with:  Vehicle in traffic,On Roadway,Unknown,Unknown,None Indicated,,Daylight,Dry,Cloudy,None apparent,Non-intersection:  Non-junction/no special feature,Paved,,Property Damage Only,0,0,0,0,0,0,2500,2,1,,POINT (-90.632105269337 41.534835703347)
2014813834,2014049036,08/21/2014,08-August,5-Thursday,17:00,1700 Hours,District 3 (Northwest),,CARROLL,,Co Rd E13/110TH ST & Co Rd N41/TIMBER AVE,Collision with fixed object:  Ditch,On Roadway,Non-collision (single vehicle),Swerving/Evasive Action,None Indicated,,Daylight,Dry,Clear,None apparent,Non-intersection:  Non-junction/no special feature,Paved,,Minor Injury,0,1,0,1,0,0,2500,1,1,,POINT (-94.726433795857 42.195415402026)
2014813397,20140024500,08/21/2014,08-August,5-Thursday,17:35,1700 Hours,District 1 (Central),DES MOINES,POLK,,UNIVERSITY AVE,Collision with:  Vehicle in traffic,On Roadway,"Sideswipe, same direction",Improper or erratic lane changing,None Indicated,,Daylight,Dry,Cloudy,None apparent,Non-intersection:  Non-junction/no special feature,Paved,,Property Damage Only,0,0,0,0,0,0,2300,2,2,,POINT (-93.642931431082 41.600415941578)
2014813751,14-27436,08/21/2014,08-August,5-Thursday,15:56,1500 Hours,District 3 (Northwest),SIOUX CITY,WOODBURY,I-29,I-29 & US 77,Collision with:  Vehicle in traffic,On Roadway,Rear-end (front to rear),Followed too close,None Indicated,,Daylight,Dry,Clear,None apparent,Non-intersection:  Other non-intersection (explain in narrative),Paved,,Property Damage Only,0,0,0,0,0,0,7500,3,6,,POINT (-96.412969271784 42.491548390549)
2014813752,14-27444,08/21/2014,08-August,5-Thursday,13:00,1300 Hours,District 3 (Northwest),SIOUX CITY,WOODBURY,,38TH ST & CHEYENNE BLVD,Collision with:  Vehicle in traffic,On Roadway,"Sideswipe, same direction",Unknown,None Indicated,,Daylight,Dry,Clear,None apparent,Intersection:  T-intersection,Paved,,Property Damage Only,0,0,0,0,0,0,2000,2,1,,POINT (-96.395290570655 42.535565678338)
2014813313,14-29483,08/21/2014,08-August,5-Thursday,13:19,1300 Hours,District 5 (Southeast),BURLINGTON,DES MOINES,,DIVISION ST & LEEBRICK ST,Collision with:  Vehicle in traffic,On Roadway,"Sideswipe, same direction",Crossed centerline (undivided),None Indicated,,Daylight,Dry,Cloudy,None apparent,Non-intersection:  Non-junction/no special feature,Paved,,Property Damage Only,0,0,0,0,0,0,4000,2,2,,POINT (-91.120340834692 40.807689230835)
2014813597,14-003589,08/21/2014,08-August,5-Thursday,22:18,2200 Hours,District 1 (Central),ANKENY,POLK,,SW 32ND ST,Collision with:  Vehicle in traffic,On Roadway,"Sideswipe, same direction",Driver Distraction:  Manual operation of an electronic communication device,None Indicated,,Dark - unknown roadway lighting,Dry,Clear,None apparent,Non-intersection:  Non-junction/no special feature,Paved,,Property Damage Only,0,0,0,0,0,0,4500,2,1,,POINT (-93.637995734704 41.697405449738)
2014813404,14-4105,08/21/2014,08-August,5-Thursday,16:57,1600 Hours,District 1 (Central),WEST DES MOINES,POLK,I-35,I-35 & I-80 & I-235,Collision with:  Vehicle in traffic,On Roadway,Rear-end (front to rear),Other (explain in narrative):  Other,None Indicated,,Daylight,Dry,Clear,None apparent,Non-intersection:  Non-junction/no special feature,Paved,,Property Damage Only,0,0,0,0,0,0,11600,5,5,,POINT (-93.777303087662 41.592209047302)
2014815255,1-14-036983,08/21/2014,08-August,5-Thursday,08:40,0800 Hours,District 6 (East Central),DUBUQUE,DUBUQUE,US 52,US 52/CENTRAL AVE & W 13TH ST & E 13TH ST,Collision with:  Vehicle in traffic,On Roadway,Rear-end (front to rear),Improper Backing,None Indicated,,Daylight,Wet,Cloudy,None apparent,Intersection:  T-intersection,Paved,,Property Damage Only,0,0,0,0,0,0,1500,2,2,,POINT (-90.667309033607 42.505530420091)
2014813408,14-2577,08/21/2014,08-August,5-Thursday,07:25,0700 Hours,District 1 (Central),FORT DODGE,WEBSTER,,9TH AVE S,Collision with:  Parked motor vehicle,On Roadway,Unknown,FTYROW:  From parked position,None Indicated,,Daylight,Wet,Cloudy,None apparent,Non-intersection:  Non-junction/no special feature,Paved,,Property Damage Only,0,0,0,0,0,0,2000,2,3,,POINT (-94.172815676664 42.495655166125)