Iowa DOT Case Number,Law Enforcement Case Number,Date of Crash,Month of Crash,Day of Week,Time of Crash,Hour,DOT District,City Name,County Name,Route with System,Location Description,First Harmful Event,Location of First Harmful Event,Manner of Crash/Collision,Major Cause,Drug or Alcohol ,Environmental Conditions,Light Conditions,Surface Conditions,Weather Conditions,Roadway Contribution,Roadway Type,Roadway Surface,Work Zone,Crash Severity,Number of Fatalities,Number of Injuries,Number of Major Injuries,Number of Minor Injuries,Number of Possible Injuries,Number of Unknown Injuries,Amount of Property Damage,Number of Vehicles Involved,Total Number of Occupants,Travel Direction,Location
2014814464,2014048972,08/21/2014,08-August,5-Thursday,12:00,1200 Hours,District 4 (Southwest),,CASS,I-80,I-80,Collision with:  Vehicle in traffic,On Roadway,"Sideswipe, opposite direction","Operating vehicle in an reckless, erratic, careless, negligent manner",None Indicated,,Daylight,Dry,Cloudy,Work Zone (roadway-related),Non-intersection:  Non-junction/no special feature,Paved,Yes,Property Damage Only,0,0,0,0,0,0,20000,2,2,,POINT (-95.154542217148 41.498304980955)
2014824088,390814-1999,08/21/2014,08-August,5-Thursday,06:26,0600 Hours,District 4 (Southwest),,GUTHRIE,,Co Rd P28/WAGON RD & 331ST ST,Collision with:  Animal,,,Animal,None Indicated,,,,,,,Paved,,Property Damage Only,0,0,0,0,0,0,3500,1,1,,POINT (-94.318290402694 41.530335587976)
2014815761,2014048946,08/21/2014,08-August,5-Thursday,09:33,0900 Hours,District 1 (Central),,STORY,I-35,I-35,Collision with:  Vehicle in traffic,On Roadway,Rear-end (front to rear),Followed too close,None Indicated,,Daylight,Wet,Rain,Work Zone (roadway-related),Non-intersection:  Non-junction/no special feature,Paved,Yes,Property Damage Only,0,0,0,0,0,0,6000,2,2,,POINT (-93.571222718299 41.87346440968)
2014815251,02-14-12387,08/21/2014,08-August,5-Thursday,20:25,2000 Hours,District 6 (East Central),,DUBUQUE,US 61,US 61,Collision with fixed object:  Utility pole/light support,Shoulder,Non-collision (single vehicle),Ran off road - right,None Indicated,,Dark - roadway not lighted,Dry,Cloudy,None apparent,Non-intersection:  Non-junction/no special feature,Paved,,Minor Injury,0,1,0,1,0,0,6000,1,1,,POINT (-90.694225010909 42.393680266012)
2014813694,2014-58716,08/21/2014,08-August,5-Thursday,13:23,1300 Hours,District 6 (East Central),DAVENPORT,SCOTT,US 6,US 6/E KIMBERLY RD,Collision with:  Vehicle in traffic,On Roadway,Rear-end (front to rear),Followed too close,None Indicated,,Daylight,Wet,Cloudy,"Surface condition (e.g., wet, icy)",Non-intersection:  Non-junction/no special feature,Paved,,Property Damage Only,0,0,0,0,0,0,4750,3,4,,POINT (-90.541431573086 41.556861766561)
2014813252,201412335,08/21/2014,08-August,5-Thursday,10:46,1000 Hours,District 6 (East Central),CEDAR RAPIDS,LINN,I-380,I-380,Collision with fixed object:  Guardrail - face,On Roadway,Non-collision (single vehicle),Driving too fast for conditions,None Indicated,,Daylight,Wet,Cloudy,"Surface condition (e.g., wet, icy)",Non-intersection:  Non-junction/no special feature,Paved,,Property Damage Only,0,0,0,0,0,0,3000,1,2,,POINT (-91.673410556075 42.029069369407)
2014814465,2014049021,08/21/2014,08-August,5-Thursday,15:47,1500 Hours,District 1 (Central),,POLK,I-235,I-235,Collision with:  Vehicle in traffic,On Roadway,"Sideswipe, same direction",Swerving/Evasive Action,None Indicated,,Daylight,Dry,Clear,None apparent,Non-intersection:  Non-junction/no special feature,Paved,,Property Damage Only,0,0,0,0,0,0,18358,2,2,,POINT (-93.575693803002 41.644682433284)
2014813416,14-000972,08/21/2014,08-August,5-Thursday,07:58,0700 Hours,District 1 (Central),JOHNSTON,POLK,,NW 86TH ST,Collision with:  Vehicle in traffic,On Roadway,"Angle, oncoming left turn",Other (explain in narrative):  Vision obstructed,None Indicated,,Daylight,Dry,Clear,None apparent,Non-intersection:  Non-junction/no special feature,Paved,,Property Damage Only,0,0,0,0,0,0,7000,2,2,,POINT (-93.73644520507 41.670993430321)
2014813253,201412337,08/21/2014,08-August,5-Thursday,11:06,1100 Hours,District 6 (East Central),CEDAR RAPIDS,LINN,I-380,I-380 & IA 100/COLLINS RD NE,Collision with:  Vehicle in traffic,On Roadway,Rear-end (front to rear),Lost Control,None Indicated,,Daylight,Wet,Cloudy,None apparent,Intersection:  Intersection with ramp,Paved,,Property Damage Only,0,0,0,0,0,0,14000,3,3,,POINT (-91.664507381479 42.028506783508)
2014814467,2014049029,08/21/2014,08-August,5-Thursday,16:00,1600 Hours,District 6 (East Central),CEDAR RAPIDS,LINN,I-380,I-380,Collision with:  Vehicle in traffic,On Roadway,Rear-end (front to rear),Other (explain in narrative):  Other,None Indicated,,Daylight,Wet,Rain,None apparent,Non-intersection:  Non-junction/no special feature,Paved,,Property Damage Only,0,0,0,0,0,0,3500,2,3,,POINT (-91.669888101968 41.871586261221)
2014813799,2014-18080,08/21/2014,08-August,5-Thursday,23:01,2300 Hours,District 5 (Southeast),,WARREN,,Co Rd G76/HWY G76 & 243RD AVE,Collision with:  Animal,,,Animal,None Indicated,,,,,,,Paved,,Property Damage Only,0,0,0,0,0,0,5000,1,1,,POINT (-93.342305010327 41.200461033256)
2014813399,20140024512,08/21/2014,08-August,5-Thursday,19:40,1900 Hours,District 1 (Central),DES MOINES,POLK,,EMMA AVE & SW 14TH ST,Collision with:  Vehicle in traffic,On Roadway,Broadside (front to side),FTYROW:  From stop sign,None Indicated,,Daylight,Dry,Clear,None apparent,Intersection:  Four-way intersection,Paved,,Possible/Unknown,0,1,0,0,1,0,3000,2,4,,POINT (-93.635446598942 41.543207322309)
2014813348,CL14002968,08/21/2014,08-August,5-Thursday,11:01,1100 Hours,District 6 (East Central),CLINTON,CLINTON,,15TH AVE S & S 14TH ST,Collision with:  Vehicle in traffic,On Roadway,Broadside (front to side),FTYROW:  From stop sign,None Indicated,,Daylight,Wet,Cloudy,None apparent,Intersection:  Four-way intersection,Paved,,Property Damage Only,0,0,0,0,0,0,3000,2,3,,POINT (-90.218662516707 41.830000944564)
2014814648,,08/21/2014,08-August,5-Thursday,15:20,1500 Hours,District 6 (East Central),CEDAR RAPIDS,LINN,I-380,I-380 & US 30/LINCOLN FWY,Collision with fixed object:  Concrete traffic barrier (median or right side),On Roadway,"Sideswipe, same direction",Unknown,None Indicated,,Daylight,Dry,Clear,,Non-intersection:  Other non-intersection (explain in narrative),Paved,,Minor Injury,0,1,0,1,0,0,3000,2,2,,POINT (-91.674260295769 41.927045187032)
2014813403,14-4099,08/21/2014,08-August,5-Thursday,14:51,1400 Hours,District 1 (Central),WEST DES MOINES,POLK,,GRAND AVE,Collision with:  Vehicle in traffic,On Roadway,Broadside (front to side),FTYROW:  From driveway,None Indicated,,Daylight,Dry,Clear,None apparent,Non-intersection:  Driveway access (within),Paved,,Property Damage Only,0,0,0,0,0,0,5000,2,2,,POINT (-93.726000967415 41.57852019935)
2014813790,14-035291,08/21/2014,08-August,5-Thursday,15:01,1500 Hours,District 5 (Southeast),MUSCATINE,MUSCATINE,,SYCAMORE ST,Collision with:  Vehicle in traffic,On Roadway,"Sideswipe, same direction",Lost Control,None Indicated,,Daylight,Wet,Rain,None apparent,Non-intersection:  Non-junction/no special feature,Paved,,Property Damage Only,0,0,0,0,0,0,3000,2,1,,POINT (-91.04889652015 41.426288913785)
2014815266,2014-36982,08/21/2014,08-August,5-Thursday,07:30,0700 Hours,District 6 (East Central),DUBUQUE,DUBUQUE,,KAUFMANN AVE,Collision with:  Vehicle in traffic,On Roadway,Broadside (front to side),Crossed centerline (undivided),None Indicated,,Daylight,Wet,Rain,None apparent,Non-intersection:  Driveway access (within),Paved,,Possible/Unknown,0,2,0,0,2,0,5000,2,3,,POINT (-90.671732521412 42.51324783112)
2014813443,2014009015,08/21/2014,08-August,5-Thursday,16:14,1600 Hours,District 6 (East Central),IOWA CITY,JOHNSON,US 218,US 218/NW RAMP CURV,Collision with:  Vehicle in traffic,On Roadway,Rear-end (front to rear),Driving too fast for conditions,None Indicated,,Daylight,Wet,Rain,None apparent,Non-intersection:  Non-junction/no special feature,Paved,,Possible/Unknown,0,1,0,0,1,0,8000,2,2,,POINT (-91.6005991684 41.657951711591)
2014813663,GP20140672,08/21/2014,08-August,5-Thursday,16:18,1600 Hours,District 1 (Central),GRINNELL,POWESHIEK,US 6,US 6/6TH AVE & SUMMER ST,Collision with:  Vehicle in traffic,On Roadway,"Sideswipe, same direction",FTYROW:  Other (explain in narrative),None Indicated,,Daylight,Dry,Clear,None apparent,Non-intersection:  Non-junction/no special feature,Paved,,Property Damage Only,0,0,0,0,0,0,3600,2,2,,POINT (-92.714670394662 41.746190463935)
2014813972,N14000439,08/21/2014,08-August,5-Thursday,09:01,0900 Hours,District 6 (East Central),NORTH LIBERTY,JOHNSON,,CHERRY ST,Collision with:  Vehicle in traffic,On Roadway,Rear-end (front to rear),Other (explain in narrative):  Other,None Indicated,,Daylight,Dry,Cloudy,None apparent,Non-intersection:  Non-junction/no special feature,Paved,,Property Damage Only,0,0,0,0,0,0,6000,2,2,,POINT (-91.606396628466 41.749378366056)
2014813369,W14-084192,08/21/2014,08-August,5-Thursday,16:25,1600 Hours,District 2 (Northeast),WATERLOO,BLACK HAWK,,BOSTON AVE,Unknown,On Roadway,Rear-end (front to rear),Ran off road - right,None Indicated,,Daylight,Dry,Clear,None apparent,Non-intersection:  Non-junction/no special feature,Paved,,Minor Injury,0,1,0,1,0,0,7000,2,1,,POINT (-92.333936045017 42.52293784039)
2014813374,14124256,08/21/2014,08-August,5-Thursday,16:12,1600 Hours,District 6 (East Central),SWISHER,JOHNSON,I-380,I-380,Collision with:  Vehicle in traffic,On Roadway,Rear-end (front to rear),Driving too fast for conditions,None Indicated,,Daylight,Wet,Rain,"Surface condition (e.g., wet, icy)",Non-intersection:  Non-junction/no special feature,Paved,,Property Damage Only,0,0,0,0,0,0,17500,2,2,,POINT (-91.668780393254 41.859927879115)
2014813949,2014009003,08/21/2014,08-August,5-Thursday,11:34,1100 Hours,District 6 (East Central),IOWA CITY,JOHNSON,,E WASHINGTON ST,Collision with:  Parked motor vehicle,On Roadway,"Sideswipe, same direction",Other (explain in narrative):  Other,None Indicated,,Daylight,Dry,Cloudy,None apparent,Non-intersection:  Non-junction/no special feature,Paved,,Property Damage Only,0,0,0,0,0,0,2500,2,2,,POINT (-91.535334375903 41.660137718547)
2014815035,14-012660,08/21/2014,08-August,5-Thursday,11:58,1100 Hours,District 2 (Northeast),CHARLES CITY,FLOYD,US 18,US 18/BRANTINGHAM ST,Collision with:  Vehicle in traffic,On Roadway,Rear-end (front to rear),Followed too close,None Indicated,,Daylight,Wet,Cloudy,None apparent,Non-intersection:  Non-junction/no special feature,Paved,,Possible/Unknown,0,1,0,0,1,0,10000,2,2,,POINT (-92.674212615994 43.065914252671)
2014813529,14014419,08/21/2014,08-August,5-Thursday,12:36,1200 Hours,District 2 (Northeast),MASON CITY,CERRO GORDO,US 65,US 65/S FEDERAL AVE & 7TH ST SW & 7TH ST SE,Collision with:  Vehicle in traffic,On Roadway,"Angle, oncoming left turn",FTYROW:  Making left turn,None Indicated,,Daylight,Dry,Clear,None apparent,Intersection:  Four-way intersection,Paved,,Property Damage Only,0,0,0,0,0,0,6000,2,4,,POINT (-93.201065251454 43.144661216287)
2014813762,14084211,08/21/2014,08-August,5-Thursday,17:27,1700 Hours,District 2 (Northeast),CEDAR FALLS,BLACK HAWK,,18TH ST & TREMONT ST,Collision with:  Vehicle in traffic,On Roadway,Rear-end (front to rear),Other (explain in narrative):  Other,None Indicated,,Daylight,Dry,Clear,None apparent,Intersection:  Four-way intersection,Paved,,Property Damage Only,0,0,0,0,0,0,9500,3,3,,POINT (-92.450857657439 42.522197891656)
2014813564,C14002622,08/21/2014,08-August,5-Thursday,15:05,1500 Hours,District 6 (East Central),CORALVILLE,JOHNSON,I-80,I-80,Collision with fixed object:  Traffic sign support,On Roadway,Non-collision (single vehicle),Lost Control,None Indicated,,Daylight,Wet,Rain,None apparent,Non-intersection:  Other non-intersection (explain in narrative),Paved,,Property Damage Only,0,0,0,0,0,0,2100,1,1,,POINT (-91.635831159644 41.694069586137)
2014813827,2014004962,08/21/2014,08-August,5-Thursday,07:20,0700 Hours,District 6 (East Central),,BENTON,,Co Rd E36/32 AVE & 65 ST,Non-collision events:  Overturn/rollover,Roadside,Non-collision (single vehicle),Made improper turn,None Indicated,,Dawn,Dry,Cloudy,None apparent,Intersection:  T-intersection,Paved,,Property Damage Only,0,0,0,0,0,0,50000,1,1,,POINT (-91.869009753999 42.080095396259)
2014813387,14-003582,08/21/2014,08-August,5-Thursday,07:05,0700 Hours,District 1 (Central),ANKENY,POLK,,NE DELAWARE AVE,Collision with:  Vehicle in traffic,On Roadway,Rear-end (front to rear),Other (explain in narrative):  Other,None Indicated,,Daylight,Dry,Clear,None apparent,Non-intersection:  Non-junction/no special feature,Paved,,Property Damage Only,0,0,0,0,0,0,5500,2,3,,POINT (-93.58107207428 41.7326637768)
2014813371,14007344,08/21/2014,08-August,5-Thursday,11:46,1100 Hours,District 6 (East Central),MANCHESTER,DELAWARE,,S WAYNE ST & N WAYNE ST,Unknown,Unknown,Unknown,Unknown,None Indicated,,Daylight,Unknown,Clear,Unknown,Unknown,Paved,,Property Damage Only,0,0,0,0,0,0,1500,2,1,,POINT (-91.452978236451 42.483793567128)
2014815275,01-14-000668,08/21/2014,08-August,5-Thursday,16:30,1600 Hours,District 6 (East Central),DUBUQUE,DUBUQUE,,E 22ND ST & ELM ST,Collision with:  Vehicle in traffic,On Roadway,"Sideswipe, opposite direction",FTYROW:  Making left turn,None Indicated,,Daylight,Dry,Cloudy,None apparent,Intersection:  Four-way intersection,Paved,,Property Damage Only,0,0,0,0,0,0,2000,2,3,,POINT (-90.667969602385 42.514603106973)
2014814431,2014048989,08/21/2014,08-August,5-Thursday,13:15,1300 Hours,District 1 (Central),,POWESHIEK,I-80,I-80,Collision with:  Vehicle in traffic,On Roadway,"Sideswipe, opposite direction",Crossed centerline (undivided),None Indicated,,Daylight,Wet,Cloudy,None apparent,Interchange-related:  Off-ramp,Paved,,Property Damage Only,0,0,0,0,0,0,15000,2,2,,POINT (-92.356706654229 41.697177761295)
2014814296,14-07936,08/21/2014,08-August,5-Thursday,10:52,1000 Hours,District 5 (Southeast),MOUNT PLEASANT,HENRY,,E WASHINGTON ST,Collision with:  Vehicle in traffic,On Roadway,Rear-end (front to rear),Followed too close,None Indicated,,Daylight,Dry,Clear,None apparent,Non-intersection:  Non-junction/no special feature,Paved,,Possible/Unknown,0,2,0,0,2,0,29000,2,2,,POINT (-91.537494693658 40.96385974555)
2014813445,14C03866,08/21/2014,08-August,5-Thursday,11:48,1100 Hours,District 4 (Southwest),CRESTON,UNION,,W HOWARD ST & N MAPLE ST,Collision with:  Vehicle in traffic,On Roadway,Broadside (front to side),FTYROW:  From stop sign,None Indicated,,Daylight,Dry,Clear,None apparent,Intersection:  Four-way intersection,Paved,,Minor Injury,0,1,0,1,0,0,6500,2,2,,POINT (-94.362736083834 41.060980068614)
2014813291,14-4092,08/21/2014,08-August,5-Thursday,10:26,1000 Hours,District 1 (Central),WEST DES MOINES,POLK,,ASHWORTH RD & 8TH ST,Collision with:  Vehicle in traffic,On Roadway,"Sideswipe, same direction",Unknown,None Indicated,,Daylight,Wet,Rain,None apparent,Intersection:  Four-way intersection,Paved,,Property Damage Only,0,0,0,0,0,0,4500,2,3,,POINT (-93.713028440482 41.584600203864)
2014813750,14-27433,08/21/2014,08-August,5-Thursday,15:26,1500 Hours,District 3 (Northwest),SIOUX CITY,WOODBURY,,CHAMBERS ST & 6TH ST,Collision with:  Vehicle in traffic,On Roadway,Rear-end (front to rear),Followed too close,None Indicated,,Daylight,Dry,Cloudy,None apparent,Intersection:  Four-way intersection,Paved,,Property Damage Only,0,0,0,0,0,0,1500,2,2,,POINT (-96.385909428053 42.496494012388)
2014813420,14-035355,08/21/2014,08-August,5-Thursday,06:37,0600 Hours,District 4 (Southwest),COUNCIL BLUFFS,POTTAWATTAMIE,,GOLD RUSH RD,Collision with:  Vehicle in traffic,On Roadway,"Sideswipe, opposite direction",Lost Control,None Indicated,,Daylight,Dry,Clear,None apparent,Non-intersection:  Non-junction/no special feature,Paved,,Property Damage Only,0,0,0,0,0,0,6995,2,777,,POINT (-95.896422376939 41.205568207403)
2014814370,201400002939,08/21/2014,08-August,5-Thursday,11:20,1100 Hours,District 6 (East Central),CENTER POINT,LINN,,NORTH CENTER POINT RD,Collision with:  Parked motor vehicle,On Roadway,Unknown,Other (explain in narrative):  Other,None Indicated,,Daylight,Dry,Cloudy,None apparent,Non-intersection:  Non-junction/no special feature,Paved,,Property Damage Only,0,0,0,0,0,0,4550,4,1,,POINT (-91.772434292475 42.181774139744)
2014813398,20140024505,08/21/2014,08-August,5-Thursday,18:20,1800 Hours,District 1 (Central),DES MOINES,POLK,I-235,I-235,Collision with fixed object:  Concrete traffic barrier (median or right side),On Roadway,Non-collision (single vehicle),Swerving/Evasive Action,None Indicated,,Daylight,Dry,Clear,None apparent,Non-intersection:  Non-junction/no special feature,Paved,,Property Damage Only,0,0,0,0,0,0,6000,1,1,,POINT (-93.595354492289 41.59677203097)
2014813695,2014-58802,08/21/2014,08-August,5-Thursday,17:21,1700 Hours,District 6 (East Central),DAVENPORT,SCOTT,US 6,US 6/E KIMBERLY RD & EASTERN AVE,Non-collision events:  Other non-collision (explain in narrative),On Roadway,Non-collision (single vehicle),FTYROW:  From driveway,None Indicated,,Daylight,Wet,Cloudy,None apparent,Non-intersection:  Driveway access (within),Paved,,Minor Injury,0,1,0,1,0,0,3000,2,2,,POINT (-90.551406468427 41.556894607627)
2014815257,1-14-36987,08/21/2014,08-August,5-Thursday,10:07,1000 Hours,District 6 (East Central),DUBUQUE,DUBUQUE,,LORAS BLVD & CORNELL ST,Collision with:  Vehicle in traffic,On Roadway,Broadside (front to side),Ran Stop Sign,None Indicated,,Daylight,Wet,Rain,None apparent,Intersection:  T-intersection,Paved,,Minor Injury,0,2,0,1,1,0,6500,2,2,,POINT (-90.673399831096 42.504726761477)
2014813690,2014-58651,08/21/2014,08-August,5-Thursday,08:45,0800 Hours,District 6 (East Central),BUFFALO,SCOTT,US 6,US 6/SPRUCE HILLS DR & ELMORE AVE,Collision with:  Vehicle in traffic,On Roadway,"Sideswipe, same direction",Made improper turn,None Indicated,,Daylight,Dry,Cloudy,None apparent,Non-intersection:  Non-junction/no special feature,Paved,,Possible/Unknown,0,1,0,0,1,0,7000,2,2,,POINT (-90.527307818173 41.554946599302)
2014813622,20140024609,08/22/2014,08-August,6-Friday,18:18,1800 Hours,District 1 (Central),DES MOINES,POLK,,UNIVERSITY AVE,Collision with:  Vehicle in traffic,On Roadway,Rear-end (front to rear),Followed too close,None Indicated,,Daylight,Dry,Cloudy,None apparent,Non-intersection:  Non-junction/no special feature,Paved,,Possible/Unknown,0,1,0,0,1,0,9000,2,2,,POINT (-93.660054413692 41.600336923092)
2014817045,2014049250,08/22/2014,08-August,6-Friday,16:25,1600 Hours,District 5 (Southeast),,MUSCATINE,,Co Rd F70/155TH ST,Non-collision events:  Overturn/rollover,Roadside,Non-collision (single vehicle),Ran off road - left,None Indicated,,Daylight,Dry,Cloudy,None apparent,Non-intersection:  Non-junction/no special feature,Unpaved,,Possible/Unknown,0,1,0,0,1,0,8500,1,1,,POINT (-91.299424039533 41.524425200239)
2014813621,20140024582,08/22/2014,08-August,6-Friday,14:15,1400 Hours,District 1 (Central),DES MOINES,POLK,,FOREST AVE & 6TH AVE,Collision with:  Vehicle in traffic,On Roadway,Rear-end (front to rear),Followed too close,None Indicated,,Daylight,Dry,Cloudy,None apparent,Intersection:  Four-way intersection,Paved,,Possible/Unknown,0,1,0,0,1,0,3500,2,4,,POINT (-93.625769880249 41.603960404647)
2014813776,14-035554,08/22/2014,08-August,6-Friday,20:25,2000 Hours,District 4 (Southwest),COUNCIL BLUFFS,POTTAWATTAMIE,,AVE B,Collision with:  Vehicle in traffic,On Roadway,"Sideswipe, opposite direction",Lost Control,None Indicated,,Dusk,Dry,Cloudy,None apparent,Non-intersection:  Non-junction/no special feature,Paved,,Property Damage Only,0,0,0,0,0,0,8000,3,1,,POINT (-95.900518327291 41.263673009683)
2014825496,14-006963,08/22/2014,08-August,6-Friday,20:45,2000 Hours,District 4 (Southwest),PERRY,DALLAS,,WILLIS AVE & 17TH ST,Collision with:  Vehicle in traffic,On Roadway,Rear-end (front to rear),Other (explain in narrative):  Other,None Indicated,,Dark - roadway lighted,Dry,Clear,None apparent,Non-intersection:  Non-junction/no special feature,Paved,,Property Damage Only,0,0,0,0,0,0,6200,2,7,,POINT (-94.084703125864 41.838446016486)
2014814143,14-014285,08/22/2014,08-August,6-Friday,04:22,0400 Hours,District 5 (Southeast),,HENRY,US 218,US 218 & 180TH ST,Non-collision events:  Overturn/rollover,On Roadway,Non-collision (single vehicle),Exceeded authorized speed,None Indicated,,Dark - roadway not lighted,Wet,Rain,None apparent,Non-intersection:  Non-junction/no special feature,Paved,,Minor Injury,0,1,0,1,0,0,5000,1,1,,POINT (-91.544478823589 41.046675973138)
2014813851,W14-084571,08/22/2014,08-August,6-Friday,15:56,1500 Hours,District 2 (Northeast),WATERLOO,BLACK HAWK,,E RIDGEWAY AVE,Collision with:  Vehicle in traffic,On Roadway,Rear-end (front to rear),Other (explain in narrative):  Other,Refused,,Daylight,Dry,Cloudy,None apparent,Non-intersection:  Non-junction/no special feature,Paved,,Property Damage Only,0,0,0,0,0,0,1500,3,7,,POINT (-92.346644677575 42.469345240428)
2014814923,14124906,08/22/2014,08-August,6-Friday,15:40,1500 Hours,District 6 (East Central),SWISHER,JOHNSON,,DIVISION ST & SUMMIT AVE,Collision with fixed object:  Utility pole/light support,On Roadway,Non-collision (single vehicle),Other (explain in narrative):  No improper action,None Indicated,,Daylight,Dry,Cloudy,None apparent,Intersection:  Four-way intersection,Paved,,Property Damage Only,0,0,0,0,0,0,3000,1,1,,POINT (-91.691706167994 41.847591077564)
2014821371,0822146A,08/22/2014,08-August,6-Friday,16:50,1600 Hours,District 4 (Southwest),CLARINDA,PAGE,US 71,US 71 & IA 2/IOWA 2 & T AVE,Collision with:  Vehicle in traffic,On Roadway,Broadside (front to side),FTYROW:  From stop sign,None Indicated,,Daylight,Dry,Cloudy,None apparent,Intersection:  Four-way intersection,Paved,,Property Damage Only,0,0,0,0,0,0,6500,2,6,,POINT (-95.007484304191 40.731104009637)
2014813666,14-16241,08/22/2014,08-August,6-Friday,16:26,1600 Hours,District 6 (East Central),BETTENDORF,SCOTT,,KIMBERLY RD & SHADY LN,Collision with:  Vehicle in traffic,On Roadway,Broadside (front to side),FTYROW:  From stop sign,None Indicated,,Daylight,Dry,Clear,None apparent,Non-intersection:  Driveway access (within),Paved,,Possible/Unknown,0,1,0,0,1,0,4000,2,3,,POINT (-90.522577068587 41.539741056177)
2014814672,PD1407237,08/22/2014,08-August,6-Friday,15:37,1500 Hours,District 5 (Southeast),FAIRFIELD,JEFFERSON,IA 1,IA 1/W BURLINGTON AVE/S MAIN ST & E BURLINGTON AVE & N MAIN ST,Collision with:  Parked motor vehicle,Roadside,Rear-end (front to rear),Made improper turn,None Indicated,,Daylight,Dry,Clear,None apparent,Non-intersection:  Non-junction/no special feature,Paved,,Property Damage Only,0,0,0,0,0,0,3741,2,1,,POINT (-91.963775422211 41.006637927238)
2014815238,01-14-37026,08/22/2014,08-August,6-Friday,17:06,1700 Hours,District 6 (East Central),DUBUQUE,DUBUQUE,,LORAS BLVD & MAIN ST,Collision with:  Vehicle in traffic,On Roadway,Broadside (front to side),Ran Traffic Signal,None Indicated,,Daylight,Dry,Clear,None apparent,Intersection:  Four-way intersection,Paved,,Property Damage Only,0,0,0,0,0,0,14000,2,2,,POINT (-90.669844423236 42.505753124734)
2014813603,20140024595,08/22/2014,08-August,6-Friday,15:50,1500 Hours,District 1 (Central),DES MOINES,POLK,US 6,US 6/E EUCLID AVE & US 69/E 14TH ST,Collision with:  Vehicle in traffic,On Roadway,Rear-end (front to rear),Ran off road - right,None Indicated,,Daylight,Dry,Clear,None apparent,Intersection:  Four-way intersection,Paved,,Possible/Unknown,0,2,0,0,1,1,2500,2,2,,POINT (-93.600525145499 41.627720962955)
2014813646,14-1855,08/22/2014,08-August,6-Friday,18:58,1800 Hours,District 1 (Central),URBANDALE,POLK,I-35,I-35,,On Roadway,Non-collision (single vehicle),"Operating vehicle in an reckless, erratic, careless, negligent manner",None Indicated,,Daylight,Dry,Cloudy,None apparent,Interchange-related:  Off-ramp,Paved,,Property Damage Only,0,0,0,0,0,0,10000,1,1,,POINT (-93.777133638674 41.618087847802)
2014813722,14-003874,08/22/2014,08-August,6-Friday,13:08,1300 Hours,District 1 (Central),AMES,STORY,US 69,US 69/S DUFF AVE,Collision with:  Vehicle in traffic,On Roadway,Rear-end (front to rear),Other (explain in narrative):  Other,None Indicated,,Daylight,Dry,Cloudy,None apparent,Non-intersection:  Non-junction/no special feature,Paved,,Possible/Unknown,0,1,0,0,1,0,1500,2,2,,POINT (-93.610064046481 42.007779800762)
2014815286,012014037020,08/22/2014,08-August,6-Friday,13:49,1300 Hours,District 6 (East Central),DUBUQUE,DUBUQUE,,KERPER BLVD & E 16TH ST,Collision with:  Vehicle in traffic,On Roadway,Broadside (front to side),FTYROW:  Making left turn,None Indicated,,Daylight,Dry,Cloudy,None apparent,Intersection:  Four-way intersection,Paved,,Possible/Unknown,0,1,0,0,1,0,2100,2,3,,POINT (-90.654046976536 42.512256609465)
2014813756,14-29652,08/22/2014,08-August,6-Friday,14:23,1400 Hours,District 5 (Southeast),BURLINGTON,DES MOINES,,JEFFERSON ST & 3RD ST,Collision with:  Parked motor vehicle,On Roadway,Rear-end (front to rear),Lost Control,None Indicated,,Daylight,Dry,Cloudy,None apparent,Non-intersection:  Non-junction/no special feature,Paved,,Property Damage Only,0,0,0,0,0,0,3000,2,1,,POINT (-91.102718844096 40.809958927805)
2014813531,14014517,08/22/2014,08-August,6-Friday,16:34,1600 Hours,District 2 (Northeast),MASON CITY,CERRO GORDO,IA 122,IA 122/4TH ST SW,Collision with:  Vehicle in traffic,On Roadway,Rear-end (front to rear),Followed too close,None Indicated,,Daylight,Dry,Clear,None apparent,Non-intersection:  Non-junction/no special feature,Paved,,Property Damage Only,0,0,0,0,0,0,1600,2,4,,POINT (-93.244404338016 43.148367895412)
2014813754,14-27517,08/22/2014,08-August,6-Friday,10:08,1000 Hours,District 3 (Northwest),SIOUX CITY,WOODBURY,I-29,I-29,Collision with:  Vehicle in traffic,On Roadway,Rear-end (front to rear),Followed too close,None Indicated,,Daylight,Dry,Clear,None apparent,Intersection:  Other intersection (explain in narrative),Paved,,Property Damage Only,0,0,0,0,0,0,2800,2,3,,POINT (-96.412346912667 42.491738028897)
2014814434,2014049258,08/22/2014,08-August,6-Friday,17:40,1700 Hours,District 1 (Central),ANKENY,POLK,I-35,I-35,Collision with:  Vehicle in traffic,On Roadway,Rear-end (front to rear),Followed too close,None Indicated,,Daylight,Dry,Clear,None apparent,Non-intersection:  Non-junction/no special feature,Paved,,Minor Injury,0,1,0,1,0,0,5000,2,2,,POINT (-93.577145710021 41.678190743454)
2014813979,2014049301,08/22/2014,08-August,6-Friday,23:15,2300 Hours,District 1 (Central),,JASPER,US 65,US 65/US 65 N,Collision with:  Animal,On Roadway,Non-collision (single vehicle),Animal,None Indicated,,Dark - roadway not lighted,Dry,Cloudy,None apparent,Non-intersection:  Non-junction/no special feature,Paved,,Property Damage Only,0,0,0,0,0,0,4000,1,1,,POINT (-93.31039325467 41.808435940057)