Iowa DOT Case Number,Law Enforcement Case Number,Date of Crash,Month of Crash,Day of Week,Time of Crash,Hour,DOT District,City Name,County Name,Route with System,Location Description,First Harmful Event,Location of First Harmful Event,Manner of Crash/Collision,Major Cause,Drug or Alcohol ,Environmental Conditions,Light Conditions,Surface Conditions,Weather Conditions,Roadway Contribution,Roadway Type,Roadway Surface,Work Zone,Crash Severity,Number of Fatalities,Number of Injuries,Number of Major Injuries,Number of Minor Injuries,Number of Possible Injuries,Number of Unknown Injuries,Amount of Property Damage,Number of Vehicles Involved,Total Number of Occupants,Travel Direction,Location
2014814494,261401459,08/22/2014,08-August,6-Friday,22:56,2200 Hours,District 5 (Southeast),,DAVIS,,125TH ST & OAK AVE,Collision with fixed object:  Ditch,Outside trafficway,Non-collision (single vehicle),Ran Stop Sign,None Indicated,,Dark - roadway not lighted,Dry,"Fog, smoke, smog",None apparent,Intersection:  T-intersection,Unpaved,,Property Damage Only,0,0,0,0,0,0,6000,1,1,,POINT (-92.361444052875 40.878736297959)
2014813536,14-012703,08/22/2014,08-August,6-Friday,17:05,1700 Hours,District 3 (Northwest),,CLAY,,Co Rd B24/350TH ST,Collision with:  Vehicle in traffic,On Roadway,"Sideswipe, opposite direction",Crossed centerline (undivided),None Indicated,,Daylight,Dry,Clear,None apparent,Non-intersection:  Non-junction/no special feature,Paved,,Minor Injury,0,1,0,1,0,0,1500,2,2,,POINT (-95.338466096755 43.141519921977)
2014819200,2014049282,08/22/2014,08-August,6-Friday,20:48,2000 Hours,District 1 (Central),,GRUNDY,US 20,US 20,Collision with:  Animal,,,Animal,None Indicated,,,,,,,Paved,,Property Damage Only,0,0,0,0,0,0,7000,1,1,,POINT (-92.681002257162 42.463648831193)
2014813773,2014008622,08/22/2014,08-August,6-Friday,08:00,0800 Hours,District 1 (Central),MARSHALLTOWN,MARSHALL,,S 6TH ST,Collision with:  Vehicle in traffic,On Roadway,Rear-end (front to rear),Followed too close,None Indicated,,Daylight,Dry,Clear,None apparent,Non-intersection:  Non-junction/no special feature,Paved,,Property Damage Only,0,0,0,0,0,0,2400,2,2,,POINT (-92.922214015666 42.030233942876)
2014813465,14-035506,08/22/2014,08-August,6-Friday,13:22,1300 Hours,District 4 (Southwest),COUNCIL BLUFFS,POTTAWATTAMIE,IA 192,IA 192/S EXPRESSWAY,Collision with:  Vehicle in traffic,On Roadway,Rear-end (front to rear),Equipment failure,None Indicated,,Daylight,Dry,Clear,None apparent,Non-intersection:  Non-junction/no special feature,Paved,,Minor Injury,0,2,0,1,1,0,3000,3,4,,POINT (-95.851382945261 41.235279442678)
2014813463,2014009059,08/22/2014,08-August,6-Friday,09:03,0900 Hours,District 6 (East Central),IOWA CITY,JOHNSON,US 6,US 6/S RIVERSIDE DR,Collision with:  Vehicle in traffic,On Roadway,"Sideswipe, same direction",Improper or erratic lane changing,None Indicated,,Daylight,Wet,Cloudy,None apparent,Non-intersection:  Non-junction/no special feature,Paved,,Property Damage Only,0,0,0,0,0,0,2000,2,3,,POINT (-91.54041000804 41.653438144272)
2014813699,2014-59061,08/22/2014,08-August,6-Friday,14:40,1400 Hours,District 6 (East Central),DAVENPORT,SCOTT,,W LOMBARD ST,Collision with:  Vehicle in traffic,On Roadway,Broadside (front to side),FTYROW:  Making left turn,None Indicated,,Daylight,Dry,Clear,None apparent,Intersection:  Four-way intersection,Paved,,Property Damage Only,0,0,0,0,0,0,8000,2,3,,POINT (-90.577987937866 41.541849817001)
2014813857,14-012474,08/22/2014,08-August,6-Friday,18:16,1800 Hours,District 6 (East Central),CLARENCE,CEDAR,US 30,US 30/LOMBARD ST,Collision with:  Vehicle in traffic,On Roadway,Rear-end (front to rear),Followed too close,None Indicated,,Daylight,Dry,Clear,None apparent,Non-intersection:  Non-junction/no special feature,Paved,,Property Damage Only,0,0,0,0,0,0,6300,3,6,,POINT (-91.053264065011 41.8887433372)
2014815227,01-14-037024,08/22/2014,08-August,6-Friday,16:00,1600 Hours,District 6 (East Central),DUBUQUE,DUBUQUE,,ASBURY RD,Collision with:  Vehicle in traffic,On Roadway,Broadside (front to side),FTYROW:  From driveway,None Indicated,,Daylight,Dry,Clear,None apparent,Non-intersection:  Driveway access (within),Paved,,Property Damage Only,0,0,0,0,0,0,2750,2,3,,POINT (-90.744061091482 42.515235498084)
2014813553,14-6391,08/22/2014,08-August,6-Friday,18:51,1800 Hours,District 3 (Northwest),,IDA,,Co Rd M15/KEYSTONE AVE,Collision with fixed object:  Ditch,On Roadway,Non-collision (single vehicle),Crossed centerline (undivided),None Indicated,,Daylight,Dry,Cloudy,None apparent,Non-intersection:  Non-junction/no special feature,Unpaved,,Property Damage Only,0,0,0,0,0,0,5000,1,1,,POINT (-95.465653147325 42.402940749305)
2014813572,201412422,08/22/2014,08-August,6-Friday,20:20,2000 Hours,District 6 (East Central),CEDAR RAPIDS,LINN,,5TH AVE SE & 6TH ST SE,Collision with:  Vehicle in traffic,On Roadway,Broadside (front to side),Unknown,None Indicated,,Dark - roadway lighted,Dry,Cloudy,None apparent,Intersection:  Four-way intersection,Paved,,Property Damage Only,0,0,0,0,0,0,4000,2,3,,POINT (-91.660774105104 41.977874324226)
2014813926,14-27593,08/22/2014,08-August,6-Friday,23:03,2300 Hours,District 3 (Northwest),SIOUX CITY,WOODBURY,,DODGE AVE,Collision with:  Parked motor vehicle,On Roadway,Rear-end (front to rear),Other (explain in narrative):  Other,None Indicated,,Dark - roadway lighted,Dry,Cloudy,None apparent,Non-intersection:  Non-junction/no special feature,Paved,,Property Damage Only,0,0,0,0,0,0,3250,3,1,,POINT (-96.370828204132 42.484855024463)
2014813494,W14-084489,08/22/2014,08-August,6-Friday,11:28,1100 Hours,District 2 (Northeast),WATERLOO,BLACK HAWK,,E ORANGE RD & CAMPUS VIEW DR,Collision with fixed object:  Ditch,Outside trafficway,Non-collision (single vehicle),Lost Control,None Indicated,,Daylight,Dry,Clear,None apparent,Intersection:  Four-way intersection,Paved,,Property Damage Only,0,0,0,0,0,0,1700,1,1,,POINT (-92.332177057722 42.428519142375)
2014831846,1408221317,08/22/2014,08-August,6-Friday,13:17,1300 Hours,District 6 (East Central),,JONES,,Co Rd E45/CO RD E-45,Collision with fixed object:  Utility pole/light support,On Roadway,Non-collision (single vehicle),Equipment failure,None Indicated,,Daylight,Dry,Cloudy,None apparent,Non-intersection:  Non-junction/no special feature,Paved,,Property Damage Only,0,0,0,0,0,0,2000,1,1,,POINT (-91.057178389442 42.012356511366)
2014814121,2014009075,08/22/2014,08-August,6-Friday,14:49,1400 Hours,District 6 (East Central),IOWA CITY,JOHNSON,,MANOR DR & EASTMOOR DR,Collision with:  Non-motorist (see non-motorist section - NOT a unit),On Roadway,Non-collision (single vehicle),Other (explain in narrative):  No improper action,None Indicated,,Daylight,Dry,Clear,None apparent,Intersection:  T-intersection,Paved,,Minor Injury,0,1,0,1,0,0,500,1,1,,POINT (-91.548738590918 41.672953397098)
2014813856,14-012470,08/22/2014,08-August,6-Friday,16:23,1600 Hours,District 6 (East Central),,CEDAR,US 30,US 30 & ADAMS AVE,Non-collision events:  Other non-collision (explain in narrative),On Roadway,Non-collision (single vehicle),Lost Control,None Indicated,,Daylight,Dry,Clear,"Surface condition (e.g., wet, icy)",Intersection:  Four-way intersection,Paved,,Major Injury,0,1,1,0,0,0,400,1,1,,POINT (-91.361620409308 41.91837075112)
2014813772,2014008615,08/22/2014,08-August,6-Friday,01:45,0100 Hours,District 1 (Central),MARSHALLTOWN,MARSHALL,,N 12TH AVE,Collision with:  Parked motor vehicle,On Roadway,Rear-end (front to rear),Other (explain in narrative):  Other,Refused,,Dark - roadway lighted,Dry,Cloudy,None apparent,Non-intersection:  Non-junction/no special feature,Paved,,Property Damage Only,0,0,0,0,0,0,13600,2,1,,POINT (-92.893615569048 42.054384713665)
2014817153,2014-59062,08/22/2014,08-August,6-Friday,15:28,1500 Hours,District 6 (East Central),DAVENPORT,SCOTT,US 67,US 67/W RIVER DR/WESTERN AVE & IA 461,Collision with:  Vehicle in traffic,On Roadway,Broadside (front to side),Lost Control,None Indicated,,Daylight,Dry,Clear,None apparent,Intersection:  Four-way intersection,Paved,,Property Damage Only,0,0,0,0,0,0,1650,2,3,,POINT (-90.581467873879 41.520208616092)
2014813724,14-003880,08/22/2014,08-August,6-Friday,17:44,1700 Hours,District 1 (Central),AMES,STORY,,ONTARIO ST,Collision with:  Vehicle in traffic,On Roadway,Rear-end (front to rear),Driving too fast for conditions,None Indicated,,Daylight,Dry,Clear,None apparent,Intersection:  Four-way intersection,Paved,,Property Damage Only,0,0,0,0,0,0,6900,3,3,,POINT (-93.675014667154 42.034544014966)
2014814348,14-16221,08/22/2014,08-August,6-Friday,09:56,0900 Hours,District 6 (East Central),BETTENDORF,SCOTT,,53RD AVE & DEVILS GLEN RD,Collision with:  Vehicle in traffic,On Roadway,"Angle, oncoming left turn",Made improper turn,None Indicated,,Daylight,Wet,Rain,None apparent,Intersection:  Four-way intersection,Paved,,Minor Injury,0,2,0,2,0,0,10000,2,2,,POINT (-90.483502758518 41.573917633353)
2014813625,20140024637,08/22/2014,08-August,6-Friday,21:22,2100 Hours,District 1 (Central),DES MOINES,POLK,,LOCUST ST,Collision with fixed object:  Other fixed object (explain in narrative),On Roadway,"Sideswipe, same direction","Operating vehicle in an reckless, erratic, careless, negligent manner",None Indicated,,Dark - roadway lighted,Dry,Clear,None apparent,Non-intersection:  Non-junction/no special feature,Paved,,Property Damage Only,0,0,0,0,0,0,17900,3,2,,POINT (-93.635504236647 41.584586477991)
2014813741,14-0466,08/22/2014,08-August,6-Friday,16:28,1600 Hours,District 1 (Central),FORT DODGE,WEBSTER,US 169,US 169 & IA 7/190TH ST & 3RD AVE NW,Collision with:  Vehicle in traffic,On Roadway,"Angle, oncoming left turn",FTYROW:  From stop sign,None Indicated,,Daylight,Dry,Clear,None apparent,Intersection:  Four-way intersection,Paved,,Property Damage Only,0,0,0,0,0,0,5000,2,2,,POINT (-94.22372917687 42.515457625408)
2014813823,S14-H22,08/22/2014,08-August,6-Friday,21:15,2100 Hours,District 5 (Southeast),,CLARKE,US 69,US 69,Collision with:  Animal,,,Animal,None Indicated,,,,,,,Paved,,Property Damage Only,0,0,0,0,0,0,1500,1,1,,POINT (-93.706989763268 41.103523009108)
2014813548,14-005835,08/22/2014,08-August,6-Friday,06:30,0600 Hours,District 1 (Central),,HAMILTON,,Co Rd R27/FENTON AVE,Collision with:  Animal,,,Animal,None Indicated,,,,,,,Paved,,Property Damage Only,0,0,0,0,0,0,2700,1,1,,POINT (-93.874052210688 42.235222278155)
2014813944,14-007632,08/22/2014,08-August,6-Friday,18:25,1800 Hours,District 6 (East Central),INDEPENDENCE,BUCHANAN,,1ST ST W,Collision with:  Vehicle in traffic,On Roadway,Rear-end (front to rear),Driver Distraction:  Manual operation of an electronic communication device,Alcohol (< Statutory),,Daylight,Dry,Cloudy,None apparent,Non-intersection:  Non-junction/no special feature,Paved,,Property Damage Only,0,0,0,0,0,0,3000,2,4,,POINT (-91.896099380205 42.468683065876)
2014813700,2014-59071,08/22/2014,08-August,6-Friday,16:10,1600 Hours,District 6 (East Central),DAVENPORT,SCOTT,,E 12TH ST & IOWA ST,Collision with:  Vehicle in traffic,On Roadway,Broadside (front to side),Ran Stop Sign,None Indicated,,Daylight,Dry,Clear,None apparent,Intersection:  Four-way intersection,Paved,,Property Damage Only,0,0,0,0,0,0,4500,2,2,,POINT (-90.56965475101 41.531974001089)
2014813595,14-003603,08/22/2014,08-August,6-Friday,17:18,1700 Hours,District 1 (Central),ANKENY,POLK,I-35,I-35,Collision with fixed object:  Guardrail - face,On Roadway,Non-collision (single vehicle),Lost Control,Alcohol (Statutory),,Daylight,Dry,Clear,None apparent,Non-intersection:  Non-junction/no special feature,Paved,,Property Damage Only,0,0,0,0,0,0,11798,1,1,,POINT (-93.5760788877 41.698669244019)
2014814110,14-6395PD,08/22/2014,08-August,6-Friday,18:29,1800 Hours,District 1 (Central),BOONE,BOONE,,6TH ST & GREENE ST,Collision with:  Vehicle in traffic,On Roadway,Broadside (front to side),Ran Stop Sign,None Indicated,,Daylight,Dry,Cloudy,None apparent,Intersection:  Four-way intersection,Paved,,Property Damage Only,0,0,0,0,0,0,8000,2,3,,POINT (-93.88336731362 42.061671071326)
2014813866,P14-009760,08/22/2014,08-August,6-Friday,16:28,1600 Hours,District 1 (Central),WEBSTER CITY,HAMILTON,,2ND ST,Collision with:  Vehicle in traffic,On Roadway,Broadside (front to side),FTYROW:  From driveway,None Indicated,,Daylight,Dry,Cloudy,None apparent,Non-intersection:  Driveway access (within),Paved,,Minor Injury,0,2,0,2,0,0,3500,2,3,,POINT (-93.836141075271 42.469571430766)
2014819465,SO140344,08/22/2014,08-August,6-Friday,12:22,1200 Hours,District 4 (Southwest),CORNING,ADAMS,,9TH ST & HULL ST,Collision with:  Parked motor vehicle,On Roadway,Broadside (front to side),FTYROW:  From driveway,None Indicated,,Daylight,Dry,Clear,None apparent,Non-intersection:  Driveway access (within),Paved,,Property Damage Only,0,0,0,0,0,0,2500,2,4,,POINT (-94.744056570503 40.990993019992)
2014813791,14-035398,08/22/2014,08-August,6-Friday,10:23,1000 Hours,District 5 (Southeast),MUSCATINE,MUSCATINE,US 61,US 61 & MULBERRY AVE,Collision with:  Vehicle in traffic,On Roadway,Broadside (front to side),FTYROW:  Making left turn,None Indicated,,Daylight,Dry,Clear,None apparent,Intersection:  Four-way intersection,Paved,,Possible/Unknown,0,1,0,0,1,0,14000,2,2,,POINT (-91.086008225144 41.449429815662)
2014813814,S14-003323,08/22/2014,08-August,6-Friday,00:01,0000 Hours,District 4 (Southwest),CRESCENT,POTTAWATTAMIE,,OLD LINCOLN HWY & MORMON BRIDGE RD,Unknown,Unknown,Unknown,Unknown,None Indicated,,Unknown,Unknown,Unknown,Unknown,Unknown,Paved,,Possible/Unknown,0,2,0,0,1,1,1200,2,2,,POINT (-95.858385129756 41.362337816688)
2014813626,20140024607,08/22/2014,08-August,6-Friday,05:55,0500 Hours,District 1 (Central),DES MOINES,POLK,,UNIVERSITY AVE & KEOSAUQUA WAY,Collision with:  Vehicle in traffic,On Roadway,Rear-end (front to rear),Lost Control,Under Influence of Alcohol/Drugs/Medications,,Daylight,Dry,Cloudy,None apparent,Non-intersection:  Non-junction/no special feature,Paved,,Possible/Unknown,0,2,0,0,2,0,9000,2,2,,POINT (-93.638491372908 41.600404657385)
2014813462,2014009057,08/22/2014,08-August,6-Friday,07:14,0700 Hours,District 6 (East Central),IOWA CITY,JOHNSON,I-80,I-80,Collision with:  Vehicle in traffic,On Roadway,Rear-end (front to rear),Crossed centerline (undivided),None Indicated,,Daylight,Wet,Rain,None apparent,Non-intersection:  Non-junction/no special feature,Paved,,Property Damage Only,0,0,0,0,0,0,4000,2,3,,POINT (-91.542165983576 41.686326403613)
2014813627,20140024606,08/22/2014,08-August,6-Friday,17:53,1700 Hours,District 5 (Southeast),DES MOINES,WARREN,IA 5,IA 5/SE RAMP/SW RAMP & SW 9TH ST,Collision with:  Vehicle in traffic,On Roadway,Rear-end (front to rear),Followed too close,None Indicated,,Daylight,Dry,Cloudy,None apparent,Intersection:  Four-way intersection,Paved,,Property Damage Only,0,0,0,0,0,0,4000,2,2,,POINT (-93.625734992131 41.497142914996)
2014817040,A14061,08/22/2014,08-August,6-Friday,12:35,1200 Hours,District 5 (Southeast),KNOXVILLE,MARION,,W MARION ST,Collision with:  Vehicle in traffic,On Roadway,Broadside (front to side),Ran Traffic Signal,None Indicated,,Daylight,Dry,Cloudy,None apparent,Intersection:  Four-way intersection,Paved,,Possible/Unknown,0,1,0,0,1,0,1100,2,2,,POINT (-93.099302661751 41.31987531003)
2014813859,14005200,08/22/2014,08-August,6-Friday,23:11,2300 Hours,District 2 (Northeast),MASON CITY,CERRO GORDO,,Co Rd S56/THRUSH AVE,Collision with fixed object:  Tree,On Roadway,Non-collision (single vehicle),Swerving/Evasive Action,None Indicated,,Dark - roadway not lighted,Dry,Clear,Debris,Non-intersection:  Non-junction/no special feature,Paved,,Property Damage Only,0,0,0,0,0,0,1500,1,3,,POINT (-93.122885604786 43.16721195664)
2014813759,14-035544,08/22/2014,08-August,6-Friday,17:23,1700 Hours,District 4 (Southwest),COUNCIL BLUFFS,POTTAWATTAMIE,I-29,I-29 & I-80,Collision with:  Vehicle in traffic,On Roadway,Rear-end (front to rear),Followed too close,None Indicated,,Daylight,Wet,Rain,None apparent,Non-intersection:  Non-junction/no special feature,Paved,,Property Damage Only,0,0,0,0,0,0,2500,2,2,,POINT (-95.834792420059 41.230438672025)
2014813947,2014009245,08/22/2014,08-August,6-Friday,21:15,2100 Hours,District 6 (East Central),IOWA CITY,JOHNSON,US 6,US 6 & S GILBERT ST,Collision with:  Vehicle in traffic,On Roadway,Unknown,Unknown,None Indicated,,Dark - roadway lighted,Unknown,Unknown,Unknown,Unknown,Paved,,Property Damage Only,0,0,0,0,0,0,1500,2,2,,POINT (-91.532220412346 41.645470840612)
2014814793,14-27516,08/22/2014,08-August,6-Friday,10:04,1000 Hours,District 3 (Northwest),SIOUX CITY,WOODBURY,,MORNINGSIDE AVE & S PATTERSON ST,Collision with:  Vehicle in traffic,On Roadway,Broadside (front to side),FTYROW:  From stop sign,None Indicated,,Daylight,Dry,Clear,None apparent,Intersection:  Four-way intersection,Paved,,Property Damage Only,0,0,0,0,0,0,9000,2,3,,POINT (-96.353695384139 42.470680803571)
2014813537,12684-14,08/22/2014,08-August,6-Friday,10:35,1000 Hours,District 3 (Northwest),SPENCER,CLAY,,3RD AVE E,Collision with:  Vehicle in traffic,On Roadway,Rear-end (front to rear),Lost Control,None Indicated,,Daylight,Dry,Cloudy,None apparent,Non-intersection:  Non-junction/no special feature,Paved,,Property Damage Only,0,0,0,0,0,0,9000,2,1,,POINT (-95.141342970866 43.153115561417)
2014815310,2014049269,08/22/2014,08-August,6-Friday,18:32,1800 Hours,District 6 (East Central),,JACKSON,,67 AVE,Non-collision events:  Overturn/rollover,On Roadway,Non-collision (single vehicle),Swerving/Evasive Action,Alcohol (< Statutory),,Daylight,Dry,Clear,None apparent,Non-intersection:  Non-junction/no special feature,Unpaved,,Fatal,1,0,0,0,0,0,2000,1,2,,POINT (-90.821420424526 42.098757826387)
2014813440,14-007611,08/22/2014,08-August,6-Friday,07:57,0700 Hours,District 6 (East Central),INDEPENDENCE,BUCHANAN,IA 150,IA 150/3RD AVE SE/1ST ST E & 3RD AVE NE,Collision with:  Vehicle in traffic,On Roadway,Rear-end (front to rear),Other (explain in narrative):  Other,None Indicated,,Daylight,Dry,Cloudy,None apparent,Intersection:  Four-way intersection,Paved,,Property Damage Only,0,0,0,0,0,0,2500,2,7,,POINT (-91.89176839462 42.468713312926)
2014813959,113-2014,08/22/2014,08-August,6-Friday,12:45,1200 Hours,District 4 (Southwest),,HARRISON,I-29,I-29,Collision with fixed object:  Ditch,On Roadway,Non-collision (single vehicle),Equipment failure,None Indicated,,Daylight,Dry,Clear,None apparent,Non-intersection:  Non-junction/no special feature,Paved,,Property Damage Only,0,0,0,0,0,0,7200,1,2,,POINT (-96.035367910172 41.669612558147)
2014813378,201412400,08/22/2014,08-August,6-Friday,10:59,1000 Hours,District 6 (East Central),CEDAR RAPIDS,LINN,,COUNCIL ST NE & BLAIRS FERRY RD NE,Collision with:  Vehicle in traffic,On Roadway,"Angle, oncoming left turn",FTYROW:  Making left turn,None Indicated,,Daylight,Dry,Cloudy,None apparent,Intersection:  Four-way intersection,Paved,,Minor Injury,0,1,0,1,0,0,12000,2,3,,POINT (-91.658410541315 42.035235473476)
2014813942,14-005687,08/22/2014,08-August,6-Friday,15:33,1500 Hours,District 2 (Northeast),ALGONA,KOSSUTH,US 169,US 169/S PHILLIPS ST & E CHUBB ST,Collision with:  Vehicle in traffic,On Roadway,Broadside (front to side),Unknown,None Indicated,,Daylight,Dry,Clear,None apparent,Non-intersection:  Non-junction/no special feature,Paved,,Possible/Unknown,0,1,0,0,0,1,6500,2,3,,POINT (-94.226975150104 43.062393453328)
2014814069,14-9736,08/22/2014,08-August,6-Friday,00:40,0000 Hours,District 3 (Northwest),,SIOUX,IA 60,IA 60/IOWA 60,Collision with:  Animal,,,Animal,None Indicated,,,,,,,Paved,,Property Damage Only,0,0,0,0,0,0,7500,1,1,,POINT (-96.029011622248 42.957303155751)
2014814009,201412417,08/22/2014,08-August,6-Friday,16:50,1600 Hours,District 6 (East Central),CEDAR RAPIDS,LINN,IA 100,IA 100/COLLINS RD SE,Collision with:  Vehicle in traffic,On Roadway,Rear-end (front to rear),Unknown,None Indicated,,Daylight,Dry,Cloudy,None apparent,Non-intersection:  Non-junction/no special feature,Paved,,Property Damage Only,0,0,0,0,0,0,8000,2,2,,POINT (-91.620883670322 42.025324963164)
2014814349,14-16235,08/22/2014,08-August,6-Friday,14:57,1400 Hours,District 6 (East Central),BETTENDORF,SCOTT,US 67,US 67/STATE ST,Collision with:  Vehicle in traffic,On Roadway,"Sideswipe, same direction",FTYROW:  From parked position,None Indicated,,Daylight,Dry,Clear,None apparent,Non-intersection:  Non-junction/no special feature,Paved,,Property Damage Only,0,0,0,0,0,0,2600,2,4,,POINT (-90.518308090584 41.525049628014)
2014813598,14-003601,08/22/2014,08-August,6-Friday,14:12,1400 Hours,District 1 (Central),ANKENY,POLK,,NE 36TH ST,Collision with:  Vehicle in traffic,On Roadway,Rear-end (front to rear),Followed too close,None Indicated,,Daylight,Dry,Clear,None apparent,Non-intersection:  Non-junction/no special feature,Paved,,Property Damage Only,0,0,0,0,0,0,3002,2,2,,POINT (-93.587184859226 41.760860677091)
2014813746,14-2597,08/22/2014,08-August,6-Friday,16:00,1600 Hours,District 1 (Central),FORT DODGE,WEBSTER,,S 25TH ST,Collision with:  Vehicle in traffic,On Roadway,Rear-end (front to rear),Followed too close,None Indicated,,Daylight,Dry,Cloudy,Ruts/holes/bumps,Non-intersection:  Non-junction/no special feature,Paved,,Property Damage Only,0,0,0,0,0,0,2500,2,4,,POINT (-94.163144748443 42.505705047171)
2014813900,20140024643,08/22/2014,08-August,6-Friday,23:14,2300 Hours,District 1 (Central),DES MOINES,POLK,I-235,I-235 & PENNSYLVANIA AVE,Collision with:  Vehicle in traffic,On Roadway,Broadside (front to side),Ran Traffic Signal,Alcohol (Statutory),,Dark - roadway lighted,Dry,Clear,None apparent,Intersection:  Four-way intersection,Paved,,Property Damage Only,0,0,0,0,0,0,9000,2,4,,POINT (-93.60817160257 41.594426111712)
2014813973,N14000441,08/22/2014,08-August,6-Friday,15:25,1500 Hours,District 6 (East Central),NORTH LIBERTY,JOHNSON,,SUNSET DR,Collision with:  Vehicle in traffic,On Roadway,Rear-end (front to rear),FTYROW:  From driveway,None Indicated,,Daylight,Dry,Cloudy,None apparent,Non-intersection:  Driveway access (within),Unpaved,,Property Damage Only,0,0,0,0,0,0,3800,2,2,,POINT (-91.631465844109 41.74633823444)
2014813489,14011914,08/22/2014,08-August,6-Friday,07:29,0700 Hours,District 5 (Southeast),,APPANOOSE,IA 5,IA 5/IOWA 5,Collision with:  Animal,On Roadway,Non-collision (single vehicle),Animal,None Indicated,,Daylight,Dry,Cloudy,None apparent,Non-intersection:  Non-junction/no special feature,Paved,,Property Damage Only,0,0,0,0,0,0,2500,1,1,,POINT (-92.86342879422 40.750799398822)
2014813418,CL14002981,08/22/2014,08-August,6-Friday,11:00,1100 Hours,District 6 (East Central),CLINTON,CLINTON,,7TH AVE S & S 5TH ST,Collision with:  Vehicle in traffic,On Roadway,Broadside (front to side),Unknown,None Indicated,,Daylight,Wet,Cloudy,"Surface condition (e.g., wet, icy)",Intersection:  Four-way intersection,Paved,,Property Damage Only,0,0,0,0,0,0,2000,2,3,,POINT (-90.195718849122 41.838943697527)
2014813922,S14-8329,08/22/2014,08-August,6-Friday,07:11,0700 Hours,District 3 (Northwest),,WOODBURY,,Co Rd K25/PORT NEAL RD & 235TH ST,Collision with fixed object:  Ditch,Outside trafficway,Non-collision (single vehicle),Ran Stop Sign,None Indicated,,Dawn,Dry,Clear,None apparent,Intersection:  T-intersection,Paved,,Possible/Unknown,0,1,0,0,1,0,7500,1,1,,POINT (-96.350611594543 42.366812942981)
2014813570,201412418,08/22/2014,08-August,6-Friday,16:43,1600 Hours,District 6 (East Central),CEDAR RAPIDS,LINN,IA 100,IA 100/COLLINS RD NE/COLLINS RD SE & IA 922/1ST AVE E,Collision with:  Vehicle in traffic,On Roadway,"Sideswipe, same direction",FTYROW:  Making right turn on red signal,None Indicated,,Daylight,Dry,Clear,None apparent,Non-intersection:  Non-junction/no special feature,Paved,,Property Damage Only,0,0,0,0,0,0,3500,2,3,,POINT (-91.621272839211 42.02576194308)
2014813495,W14-084497,08/22/2014,08-August,6-Friday,12:19,1200 Hours,District 2 (Northeast),WATERLOO,BLACK HAWK,,E SHAULIS RD & HAMMOND AVE,Collision with:  Vehicle in traffic,On Roadway,Broadside (front to side),FTYROW:  From stop sign,None Indicated,,Daylight,Dry,Clear,None apparent,Intersection:  Four-way intersection,Paved,,Property Damage Only,0,0,0,0,0,0,16000,2,2,,POINT (-92.337068442004 42.443092105446)
2014813446,14-035480,08/22/2014,08-August,6-Friday,09:55,0900 Hours,District 4 (Southwest),COUNCIL BLUFFS,POTTAWATTAMIE,,1ST AVE & S 8TH ST,Collision with:  Vehicle in traffic,On Roadway,Broadside (front to side),FTYROW:  From stop sign,None Indicated,,Daylight,Dry,Clear,None apparent,Intersection:  Four-way intersection,Paved,,Property Damage Only,0,0,0,0,0,0,2500,2,2,,POINT (-95.856003862845 41.260553789753)
2014813391,20140024533,08/22/2014,08-August,6-Friday,00:13,0000 Hours,District 1 (Central),DES MOINES,POLK,I-235,I-235,Non-collision events:  Other non-collision (explain in narrative),Shoulder,Non-collision (single vehicle),Over correcting/over steering,Refused,,Dark - roadway lighted,Dry,Cloudy,None apparent,Interchange-related:  Off-ramp,Paved,,Minor Injury,0,1,0,1,0,0,5000,1,1,,POINT (-93.675994676285 41.590417411626)
2014816766,01-14-37025,08/22/2014,08-August,6-Friday,16:30,1600 Hours,District 6 (East Central),DUBUQUE,DUBUQUE,US 20,US 20/DODGE ST & WACKER DR,Collision with:  Vehicle in traffic,On Roadway,Rear-end (front to rear),Lost Control,None Indicated,,Daylight,Dry,Cloudy,None apparent,Non-intersection:  Non-junction/no special feature,Paved,,Property Damage Only,0,0,0,0,0,0,2000,2,2,,POINT (-90.720484853451 42.492075528824)
2014814158,14-003602,08/22/2014,08-August,6-Friday,14:41,1400 Hours,District 1 (Central),ANKENY,POLK,I-35,I-35,Collision with:  Vehicle in traffic,On Roadway,Rear-end (front to rear),Followed too close,None Indicated,,Daylight,Wet,Cloudy,"Surface condition (e.g., wet, icy)",Non-intersection:  Non-junction/no special feature,Paved,,Property Damage Only,0,0,0,0,0,0,4000,2,2,,POINT (-93.574478324414 41.702478248037)
2014814637,80-14-269,08/22/2014,08-August,6-Friday,21:23,2100 Hours,District 2 (Northeast),HUMBOLDT,HUMBOLDT,US 169,US 169/13TH ST N,Collision with:  Animal,,,Animal,None Indicated,,,,,,,Paved,,Property Damage Only,0,0,0,0,0,0,1500,1,1,,POINT (-94.226874446018 42.722487842044)
2014813496,W14-084506,08/22/2014,08-August,6-Friday,12:55,1200 Hours,District 2 (Northeast),WATERLOO,BLACK HAWK,,DEVONSHIRE DR & ANSBOROUGH AVE,Collision with:  Vehicle in traffic,On Roadway,Rear-end (front to rear),Other (explain in narrative):  Other,None Indicated,,Daylight,Dry,Cloudy,None apparent,Intersection:  Four-way intersection,Paved,,Possible/Unknown,0,2,0,0,2,0,7800,3,3,,POINT (-92.376722368293 42.474754169195)
2014813886,14-003594,08/22/2014,08-August,6-Friday,07:49,0700 Hours,District 1 (Central),ANKENY,POLK,IA 160,IA 160/SW ORALABOR RD,Collision with:  Vehicle in traffic,On Roadway,Rear-end (front to rear),Driving too fast for conditions,None Indicated,,Daylight,Dry,Clear,None apparent,Non-intersection:  Non-junction/no special feature,Paved,,Minor Injury,0,1,0,1,0,0,2750,2,3,,POINT (-93.610611033532 41.702913427927)