Iowa DOT Case Number,Law Enforcement Case Number,Date of Crash,Month of Crash,Day of Week,Time of Crash,Hour,DOT District,City Name,County Name,Route with System,Location Description,First Harmful Event,Location of First Harmful Event,Manner of Crash/Collision,Major Cause,Drug or Alcohol ,Environmental Conditions,Light Conditions,Surface Conditions,Weather Conditions,Roadway Contribution,Roadway Type,Roadway Surface,Work Zone,Crash Severity,Number of Fatalities,Number of Injuries,Number of Major Injuries,Number of Minor Injuries,Number of Possible Injuries,Number of Unknown Injuries,Amount of Property Damage,Number of Vehicles Involved,Total Number of Occupants,Travel Direction,Location
2014814736,14-1863,08/23/2014,08-August,7-Saturday,13:45,1300 Hours,District 1 (Central),URBANDALE,POLK,,86TH ST & PLUM DR,Collision with:  Vehicle in traffic,On Roadway,"Angle, oncoming left turn",FTYROW:  Making left turn,None Indicated,,Daylight,Dry,Clear,None apparent,Intersection:  Four-way intersection,Paved,,Property Damage Only,0,0,0,0,0,0,10000,2,3,,POINT (-93.73647628478 41.648421402131)
2014813923,S14-8408,08/23/2014,08-August,7-Saturday,14:52,1400 Hours,District 3 (Northwest),LAWTON,WOODBURY,,MAPLE ST & LINDEN ST,Collision with:  Non-motorist (see non-motorist section - NOT a unit),On Roadway,Non-collision (single vehicle),Other (explain in narrative):  No improper action,None Indicated,,Daylight,Dry,Clear,None apparent,Intersection:  Four-way intersection,Paved,,Minor Injury,0,2,0,1,1,0,0,1,2,,POINT (-96.178942083648 42.478700817569)
2014813533,14014614,08/23/2014,08-August,7-Saturday,18:32,1800 Hours,District 2 (Northeast),MASON CITY,CERRO GORDO,,S TYLER AVE,Collision with:  Vehicle in traffic,On Roadway,"Sideswipe, same direction",FTYROW:  From parked position,None Indicated,,Daylight,Dry,Clear,None apparent,Non-intersection:  Non-junction/no special feature,Paved,,Property Damage Only,0,0,0,0,0,0,2000,2,4,,POINT (-93.214834306734 43.146968450826)
2014813631,20140024713,08/23/2014,08-August,7-Saturday,14:59,1400 Hours,District 1 (Central),DES MOINES,POLK,US 69,US 69/SE 14TH ST,Collision with:  Vehicle in traffic,On Roadway,Rear-end (front to rear),Unknown,None Indicated,,Daylight,Dry,Cloudy,None apparent,Non-intersection:  Driveway access (within),Paved,,Property Damage Only,0,0,0,0,0,0,9812,3,9,,POINT (-93.596833857033 41.538505219071)
2014813768,2014009207,08/23/2014,08-August,7-Saturday,22:33,2200 Hours,District 6 (East Central),IOWA CITY,JOHNSON,,DUBLIN DR,Collision with fixed object:  Other fixed object (explain in narrative),On Roadway,Non-collision (single vehicle),Made improper turn,None Indicated,,Dark - roadway lighted,Dry,Cloudy,None apparent,Intersection:  T-intersection,Paved,,Property Damage Only,0,0,0,0,0,0,6000,1,1,,POINT (-91.585237464957 41.653044015977)
2014813653,14-4177,08/23/2014,08-August,7-Saturday,23:34,2300 Hours,District 1 (Central),WEST DES MOINES,POLK,,ASHWORTH RD & 50TH ST,Collision with:  Vehicle in traffic,On Roadway,"Angle, oncoming left turn",Unknown,None Indicated,,Dark - roadway lighted,Dry,Clear,None apparent,Non-intersection:  Non-junction/no special feature,Paved,,Minor Injury,0,3,0,1,2,0,12500,2,6,,POINT (-93.770996842008 41.584550341025)
2014819399,2014-59214,08/23/2014,08-August,7-Saturday,03:06,0300 Hours,District 6 (East Central),DAVENPORT,SCOTT,,W 11TH ST & BROWN ST,Collision with:  Vehicle in traffic,On Roadway,"Sideswipe, opposite direction",Unknown,None Indicated,,Dark - roadway lighted,Dry,Clear,None apparent,Non-intersection:  Non-junction/no special feature,Paved,,Property Damage Only,0,0,0,0,0,0,2000,2,777,,POINT (-90.584387612936 41.530951644259)
2014813934,14-27701,08/23/2014,08-August,7-Saturday,22:50,2200 Hours,District 3 (Northwest),SIOUX CITY,WOODBURY,I-29,I-29,Collision with:  Vehicle in traffic,On Roadway,Rear-end (front to rear),Other (explain in narrative):  Other,Refused,,Dark - roadway not lighted,Dry,Clear,None apparent,Non-intersection:  Non-junction/no special feature,Paved,,Possible/Unknown,0,1,0,0,1,0,7000,2,5,,POINT (-96.409985000318 42.490367692297)
2014815480,,08/23/2014,08-August,7-Saturday,02:00,0200 Hours,District 1 (Central),DES MOINES,POLK,,E OVID AVE & E 8TH ST,Collision with:  Vehicle in traffic,On Roadway,Rear-end (front to rear),Unknown,None Indicated,,Dark - roadway lighted,Dry,Clear,,Non-intersection:  Non-junction/no special feature,Paved,,Property Damage Only,0,0,0,0,0,0,1896,2,2,,POINT (-93.608419149719 41.625887021413)
2014844876,ACSO-14-2463,08/23/2014,08-August,7-Saturday,22:11,2200 Hours,District 2 (Northeast),,ALLAMAKEE,,Co Rd X32/WATSON RD,Non-collision events:  Other non-collision (explain in narrative),Shoulder,Non-collision (single vehicle),Ran off road - right,None Indicated,,Dark - roadway not lighted,"Mud, dirt",Clear,None apparent,Non-intersection:  Non-junction/no special feature,Unpaved,,Property Damage Only,0,0,0,0,0,0,1700,1,1,,POINT (-91.322376457787 43.116059334618)
2014813555,14-050823-01,08/23/2014,08-August,7-Saturday,08:50,0800 Hours,District 6 (East Central),,IOWA,I-80,I-80,Non-collision events:  Other non-collision (explain in narrative),On Roadway,Non-collision (single vehicle),Lost Control,None Indicated,,Daylight,Wet,Rain,"Surface condition (e.g., wet, icy)","Interchange-related:  Off-ramp, diverge area",Paved,,Property Damage Only,0,0,0,0,0,0,2000,1,1,,POINT (-92.067990553563 41.687254714544)
2014835168,14-004891,08/23/2014,08-August,7-Saturday,03:00,0300 Hours,District 2 (Northeast),GARNER,HANCOCK,,300TH ST,Collision with fixed object:  Ditch,On Roadway,Non-collision (single vehicle),Over correcting/over steering,None Indicated,,Dark - roadway not lighted,Dry,Cloudy,None apparent,Non-intersection:  Non-junction/no special feature,Unpaved,,Minor Injury,0,1,0,1,0,0,2000,1,1,,POINT (-93.50281021346 43.198635348959)
2014813770,14-29804,08/23/2014,08-August,7-Saturday,00:00,0000 Hours,District 5 (Southeast),BURLINGTON,DES MOINES,,WASHINGTON ST,Collision with:  Parked motor vehicle,Outside trafficway,Broadside (front to side),Unknown,None Indicated,,Dark - unknown roadway lighting,Dry,Cloudy,None apparent,Non-intersection:  Driveway access (within),Paved,,Property Damage Only,0,0,0,0,0,0,1500,2,1,,POINT (-91.115235442021 40.812569226559)
2014813628,20140024704,08/23/2014,08-August,7-Saturday,14:00,1400 Hours,District 1 (Central),DES MOINES,POLK,,DAY ST & 6TH AVE,Collision with:  Vehicle in traffic,On Roadway,Broadside (front to side),Unknown,None Indicated,,Daylight,Dry,Clear,None apparent,Non-intersection:  Non-junction/no special feature,Paved,,Property Damage Only,0,0,0,0,0,0,12000,2,2,,POINT (-93.625682795095 41.596187636063)
2014813532,14014610,08/23/2014,08-August,7-Saturday,15:29,1500 Hours,District 2 (Northeast),MASON CITY,CERRO GORDO,,6TH ST SE & S ILLINOIS AVE,Collision with:  Vehicle in traffic,On Roadway,Broadside (front to side),FTYROW:  From driveway,None Indicated,,Daylight,Dry,Cloudy,None apparent,Non-intersection:  Driveway access (within),Paved,,Possible/Unknown,0,1,0,0,1,0,6000,2,3,,POINT (-93.171149477911 43.146168661469)
2014813467,,08/23/2014,08-August,7-Saturday,08:28,0800 Hours,District 2 (Northeast),WATERLOO,BLACK HAWK,,W DONALD ST,Collision with:  Vehicle in traffic,On Roadway,Broadside (front to side),Other (explain in narrative):  Vision obstructed,None Indicated,,Daylight,Wet,Rain,None apparent,Non-intersection:  Driveway access (within),Paved,,Property Damage Only,0,0,0,0,0,0,4800,2,3,,POINT (-92.339000465753 42.527587134424)
2014813769,2014009135,08/23/2014,08-August,7-Saturday,11:50,1100 Hours,District 6 (East Central),IOWA CITY,JOHNSON,,OLIVE ST,Collision with:  Vehicle in traffic,On Roadway,"Angle, oncoming left turn",Swerving/Evasive Action,None Indicated,,Daylight,Wet,Cloudy,None apparent,Intersection:  T-intersection,Paved,,Property Damage Only,0,0,0,0,0,0,3000,2,2,,POINT (-91.542807328272 41.653639696256)
2014814794,14-27653,08/23/2014,08-August,7-Saturday,13:17,1300 Hours,District 3 (Northwest),SIOUX CITY,WOODBURY,,RIDGE AVE & S NEWTON ST,Collision with fixed object:  Other fixed object (explain in narrative),On Roadway,Non-collision (single vehicle),Other (explain in narrative):  Other,None Indicated,,Daylight,Dry,Clear,None apparent,Intersection:  Four-way intersection,Paved,,Property Damage Only,0,0,0,0,0,0,1500,1,1,,POINT (-96.358885416593 42.477885362804)
2014813613,20140024678,08/23/2014,08-August,7-Saturday,09:53,0900 Hours,District 1 (Central),DES MOINES,POLK,US 69,US 69/E 14TH ST,Collision with:  Vehicle in traffic,On Roadway,Rear-end (front to rear),Driving too fast for conditions,None Indicated,,Daylight,Wet,Rain,None apparent,Non-intersection:  Non-junction/no special feature,Paved,,Possible/Unknown,0,1,0,0,1,0,1500,2,2,,POINT (-93.600526148873 41.627829044342)
2014813605,20140024683,08/23/2014,08-August,7-Saturday,09:32,0900 Hours,District 1 (Central),DES MOINES,POLK,,UNIVERSITY AVE,Collision with:  Vehicle in traffic,On Roadway,Rear-end (front to rear),Driving too fast for conditions,None Indicated,,Daylight,Wet,Cloudy,None apparent,Non-intersection:  Non-junction/no special feature,Paved,,Minor Injury,0,2,0,1,1,0,7500,2,6,,POINT (-93.68931056865 41.60039040966)
2014814621,2014009565,08/23/2014,08-August,7-Saturday,16:03,1600 Hours,District 6 (East Central),IOWA CITY,JOHNSON,,N GILBERT ST,Collision with:  Vehicle in traffic,On Roadway,"Angle, oncoming left turn",FTYROW:  Making left turn,None Indicated,,Daylight,Dry,Clear,None apparent,Non-intersection:  Driveway access (within),Paved,,Property Damage Only,0,0,0,0,0,0,5000,2,2,,POINT (-91.530131988312 41.663385813931)
2014813551,14-014370,08/23/2014,08-August,7-Saturday,17:09,1700 Hours,District 5 (Southeast),,HENRY,,Co Rd H46/OAKLAND MILLS RD & Co Rd W55/FRANKLIN AVE,Collision with:  Vehicle in traffic,On Roadway,Rear-end (front to rear),Traveling wrong way or on wrong side of road,Refused,,Daylight,Dry,Clear,None apparent,Intersection:  T-intersection,Paved,,Property Damage Only,0,0,0,0,0,0,12000,2,2,,POINT (-91.617050949839 40.93895284506)
2014813828,2014009160,08/23/2014,08-August,7-Saturday,21:24,2100 Hours,District 6 (East Central),IOWA CITY,JOHNSON,IA 1,IA 1/E BURLINGTON ST/DODGE ST,Collision with:  Vehicle in traffic,On Roadway,Rear-end (front to rear),Followed too close,None Indicated,,Dark - roadway lighted,Dry,Cloudy,None apparent,Non-intersection:  Non-junction/no special feature,Paved,,Possible/Unknown,0,1,0,0,1,0,3300,2,3,,POINT (-91.525779464337 41.657790847649)
2014813490,W14-084840,08/23/2014,08-August,7-Saturday,09:50,0900 Hours,District 2 (Northeast),WATERLOO,BLACK HAWK,,E PARK AVE & SYCAMORE ST,Collision with:  Vehicle in traffic,On Roadway,Broadside (front to side),Ran Traffic Signal,None Indicated,,Daylight,Wet,Rain,None apparent,Intersection:  Four-way intersection,Paved,,Possible/Unknown,0,1,0,0,1,0,6300,2,2,,POINT (-92.337037992821 42.499000376294)
2014813634,20140024733,08/23/2014,08-August,7-Saturday,18:33,1800 Hours,District 1 (Central),DES MOINES,POLK,,E ARMY POST RD & SE 5TH ST,Collision with:  Vehicle in traffic,On Roadway,Broadside (front to side),Unknown,None Indicated,,Daylight,Dry,Clear,None apparent,Intersection:  Four-way intersection,Paved,,Property Damage Only,0,0,0,0,0,0,3000,2,2,,POINT (-93.606442994277 41.52635808595)
2014813632,20140024724,08/23/2014,08-August,7-Saturday,17:10,1700 Hours,District 1 (Central),DES MOINES,POLK,,E DOUGLAS AVE & COLFAX AVE,Collision with:  Vehicle in traffic,On Roadway,Broadside (front to side),FTYROW:  From stop sign,None Indicated,,Daylight,Dry,Clear,None apparent,Intersection:  Four-way intersection,Paved,,Minor Injury,0,2,0,1,1,0,10000,2,3,,POINT (-93.551068803818 41.629598992496)
2014814372,14-000994,08/23/2014,08-August,7-Saturday,22:00,2200 Hours,District 1 (Central),URBANDALE,POLK,,NW 86TH ST,Collision with:  Vehicle in traffic,On Roadway,Rear-end (front to rear),Followed too close,None Indicated,,Dark - roadway lighted,Dry,Clear,None apparent,Intersection:  Intersection with ramp,Paved,,Property Damage Only,0,0,0,0,0,0,2500,2,2,,POINT (-93.736427503588 41.653627833503)
2014813948,2014009250,08/23/2014,08-August,7-Saturday,15:00,1500 Hours,District 6 (East Central),IOWA CITY,JOHNSON,,E WASHINGTON ST & S LINN ST,Collision with:  Vehicle in traffic,On Roadway,Unknown,Unknown,None Indicated,,Daylight,Unknown,Unknown,Unknown,Unknown,Paved,,Property Damage Only,0,0,0,0,0,0,1500,2,1,,POINT (-91.531647997897 41.660099681437)
2014813930,14-27673,08/23/2014,08-August,7-Saturday,16:42,1600 Hours,District 3 (Northwest),SIOUX CITY,WOODBURY,,WESLEY PKWY & W 14TH ST & OMAHA ST,Collision with:  Vehicle in traffic,On Roadway,Broadside (front to side),FTYROW:  From stop sign,Under Influence of Alcohol/Drugs/Medications,,Daylight,Dry,Clear,None apparent,Intersection:  Four-way intersection,Paved,,Possible/Unknown,0,2,0,0,2,0,3000,2,5,,POINT (-96.415692969317 42.504469606271)
2014813614,20140024693,08/23/2014,08-August,7-Saturday,12:29,1200 Hours,District 1 (Central),DES MOINES,POLK,,SE 5TH ST,Collision with:  Vehicle in traffic,On Roadway,Rear-end (front to rear),Followed too close,None Indicated,,Daylight,Dry,Cloudy,None apparent,Non-intersection:  Non-junction/no special feature,Paved,,Property Damage Only,0,0,0,0,0,0,10000,2,4,,POINT (-93.606514016768 41.541661179891)
2014813596,14-003614,08/23/2014,08-August,7-Saturday,12:00,1200 Hours,District 1 (Central),ANKENY,POLK,US 69,US 69/S ANKENY BLVD & SW 3RD ST & SE 3RD ST,Collision with:  Vehicle in traffic,On Roadway,Broadside (front to side),Ran Traffic Signal,None Indicated,,Daylight,Dry,Cloudy,None apparent,Intersection:  Four-way intersection,Paved,,Major Injury,0,1,1,0,0,0,8000,2,3,,POINT (-93.600367019754 41.729619283243)
2014813574,14017859,08/23/2014,08-August,7-Saturday,12:58,1200 Hours,District 6 (East Central),MARION,LINN,,MARION BLVD,Collision with:  Vehicle in traffic,On Roadway,Rear-end (front to rear),Followed too close,None Indicated,,Daylight,Dry,Cloudy,None apparent,Intersection:  Four-way intersection,Paved,,Property Damage Only,0,0,0,0,0,0,4000,2,2,,POINT (-91.617252778534 42.027884107231)
2014814435,2014049396,08/23/2014,08-August,7-Saturday,18:25,1800 Hours,District 4 (Southwest),,POTTAWATTAMIE,I-80,I-80,Collision with fixed object:  Ditch,Roadside,Non-collision (single vehicle),Swerving/Evasive Action,None Indicated,,Daylight,Dry,Clear,None apparent,Non-intersection:  Non-junction/no special feature,Paved,,Property Damage Only,0,0,0,0,0,0,2550,1,2,,POINT (-95.35953022493 41.497630795615)
2014813928,14-27625,08/23/2014,08-August,7-Saturday,04:39,0400 Hours,District 3 (Northwest),SIOUX CITY,WOODBURY,,W 4TH ST,Collision with:  Parked motor vehicle,On Roadway,Rear-end (front to rear),Lost Control,None Indicated,,Dark - roadway lighted,Wet,Clear,None apparent,Non-intersection:  Non-junction/no special feature,Paved,,Possible/Unknown,0,1,0,0,1,0,14000,4,777,,POINT (-96.432086876188 42.500278425317)
2014814900,W14-1786,08/23/2014,08-August,7-Saturday,17:36,1700 Hours,District 2 (Northeast),WAUKON,ALLAMAKEE,IA 9,IA 9/IOWA 9 & Co Rd X12/9TH ST SW & NORTH FORK HOLLOW RD,Collision with fixed object:  Utility pole/light support,On Roadway,Non-collision (single vehicle),Driver Distraction:  Manual operation of an electronic communication device,Alcohol (< Statutory),,Daylight,Dry,Clear,None apparent,Non-intersection:  Non-junction/no special feature,Paved,,Property Damage Only,0,0,0,0,0,0,8000,1,1,,POINT (-91.487961019225 43.240470157195)
2014813500,W14-084871,08/23/2014,08-August,7-Saturday,12:05,1200 Hours,District 2 (Northeast),WATERLOO,BLACK HAWK,,E RIDGEWAY AVE & W 9TH ST,Collision with fixed object:  Ditch,Shoulder,Non-collision (single vehicle),Ran off road - right,None Indicated,,Daylight,Wet,Cloudy,None apparent,Non-intersection:  Non-junction/no special feature,Paved,,Property Damage Only,0,0,0,0,0,0,1500,1,1,,POINT (-92.342629800402 42.469403335976)
2014817071,,08/23/2014,08-August,7-Saturday,15:20,1500 Hours,District 2 (Northeast),GARNER,HANCOCK,,Co Rd B36/E LYONS ST,Collision with:  Vehicle in traffic,On Roadway,Rear-end (front to rear),Driver Distraction:  Inattentive/lost in thought,None Indicated,,Daylight,Dry,Cloudy,None apparent,Non-intersection:  Non-junction/no special feature,Paved,,Property Damage Only,0,0,0,0,0,0,4500,2,2,,POINT (-93.598399527799 43.09046852843)
2014813654,14-4131,08/23/2014,08-August,7-Saturday,05:59,0500 Hours,District 1 (Central),WEST DES MOINES,POLK,,15TH ST,Collision with fixed object:  Other fixed object (explain in narrative),Outside trafficway,Non-collision (single vehicle),"Operating vehicle in an reckless, erratic, careless, negligent manner",None Indicated,,Dark - roadway lighted,Wet,Rain,None apparent,Non-intersection:  Non-junction/no special feature,Paved,,Property Damage Only,0,0,0,0,0,0,36500,1,4,,POINT (-93.723801258444 41.591009087418)
2014813651,14-4155,08/23/2014,08-August,7-Saturday,12:15,1200 Hours,District 1 (Central),WEST DES MOINES,POLK,I-35,I-35,Collision with:  Vehicle in traffic,On Roadway,Rear-end (front to rear),Other (explain in narrative):  Other,None Indicated,,Daylight,Dry,Clear,Work Zone (roadway-related),Interchange-related:  On-ramp,Paved,Yes,Property Damage Only,0,0,0,0,0,0,4500,2,3,,POINT (-93.77594007296 41.560539812148)
2014813811,201400041239,08/23/2014,08-August,7-Saturday,17:47,1700 Hours,District 5 (Southeast),OTTUMWA,WAPELLO,,E COURT ST & N ELM ST,Collision with fixed object:  Tree,Outside trafficway,Non-collision (single vehicle),Exceeded authorized speed,None Indicated,,Daylight,Dry,Clear,None apparent,Non-intersection:  Non-junction/no special feature,Paved,,Minor Injury,0,1,0,1,0,0,8000,1,1,,POINT (-92.397825767062 41.022082011628)
2014813612,20140024670,08/23/2014,08-August,7-Saturday,06:22,0600 Hours,District 1 (Central),DES MOINES,POLK,,CROCKER ST & 19TH ST & COTTAGE GROVE AVE,Collision with:  Vehicle in traffic,On Roadway,Broadside (front to side),Unknown,None Indicated,,Dark - roadway lighted,Wet,Rain,None apparent,Intersection:  Four-way intersection,Paved,,Possible/Unknown,0,1,0,0,1,0,8000,2,2,,POINT (-93.642478851039 41.593500916957)
2014813594,14-003621,08/23/2014,08-August,7-Saturday,18:00,1800 Hours,District 1 (Central),ANKENY,POLK,,W 1ST ST,Collision with:  Vehicle in traffic,On Roadway,Broadside (front to side),FTYROW:  From stop sign,None Indicated,,Daylight,Dry,Cloudy,None apparent,Intersection:  T-intersection,Paved,,Property Damage Only,0,0,0,0,0,0,6500,2,6,,POINT (-93.618087633691 41.731858150277)
2014813726,14-003898,08/23/2014,08-August,7-Saturday,16:30,1600 Hours,District 1 (Central),AMES,STORY,,WEST ST & CAMPUS AVE,Collision with:  Vehicle in traffic,On Roadway,Broadside (front to side),FTYROW:  From stop sign,None Indicated,,Daylight,Dry,Clear,None apparent,Intersection:  Four-way intersection,Paved,,Property Damage Only,0,0,0,0,0,0,1800,2,2,,POINT (-93.657039594902 42.025326533701)
2014813950,20140002990,08/24/2014,08-August,1-Sunday,20:45,2000 Hours,District 6 (East Central),,LINN,IA 13,IA 13/IOWA 13 & ROUND GROVE RD,Collision with:  Animal,,,Animal,None Indicated,,,,,,,Paved,,Property Damage Only,0,0,0,0,0,0,4000,1,1,,POINT (-91.549570040261 42.166924208324)
2014815123,14014689,08/24/2014,08-August,1-Sunday,22:28,2200 Hours,District 2 (Northeast),MASON CITY,CERRO GORDO,,12TH ST NE,Collision with:  Animal,,,Animal,None Indicated,,,,,,,Paved,,Property Damage Only,0,0,0,0,0,0,2000,1,1,,POINT (-93.156298733484 43.162641762189)
2014815909,2014-59413,08/24/2014,08-August,1-Sunday,02:20,0200 Hours,District 6 (East Central),DAVENPORT,SCOTT,,IA 461/BRADY ST & GEORGE WASHINGTON BLVD,Collision with fixed object:  Guardrail - face,Shoulder,Non-collision (single vehicle),Ran off road - left,Alcohol (Statutory),,Dark - roadway lighted,Dry,Clear,None apparent,Non-intersection:  Other non-intersection (explain in narrative),Paved,,Minor Injury,0,1,0,1,0,0,5600,1,1,,POINT (-90.569270813887 41.553419120889)
2014814010,201412496,08/24/2014,08-August,1-Sunday,11:45,1100 Hours,District 6 (East Central),CEDAR RAPIDS,LINN,IA 100,IA 100/COLLINS RD NE & COUNCIL ST NE,Collision with:  Vehicle in traffic,On Roadway,"Sideswipe, same direction",Improper or erratic lane changing,None Indicated,,Daylight,Dry,Clear,None apparent,Non-intersection:  Non-junction/no special feature,Paved,,Property Damage Only,0,0,0,0,0,0,1900,2,4,,POINT (-91.658310274215 42.028515558246)
2014813794,14-035785,08/24/2014,08-August,1-Sunday,16:44,1600 Hours,District 5 (Southeast),MUSCATINE,MUSCATINE,,GRANDVIEW AVE & WHITE ST,Collision with:  Vehicle in traffic,On Roadway,Broadside (front to side),FTYROW:  Other (explain in narrative),None Indicated,,Daylight,Dry,Clear,None apparent,Non-intersection:  Non-junction/no special feature,Paved,,Possible/Unknown,0,1,0,0,1,0,10000,2,2,,POINT (-91.064564920648 41.408035403626)
2014813937,14-27801,08/24/2014,08-August,1-Sunday,14:25,1400 Hours,District 3 (Northwest),SIOUX CITY,WOODBURY,,14TH ST & JACKSON ST,Collision with:  Vehicle in traffic,On Roadway,Rear-end (front to rear),Followed too close,None Indicated,,Daylight,Dry,Cloudy,None apparent,Intersection:  Four-way intersection,Paved,,Possible/Unknown,0,1,0,0,1,0,7000,2,2,,POINT (-96.402068709817 42.505019397814)
2014814129,14085359,08/24/2014,08-August,1-Sunday,18:18,1800 Hours,District 2 (Northeast),CEDAR FALLS,BLACK HAWK,,20TH ST & OLIVE ST,Collision with:  Vehicle in traffic,On Roadway,Broadside (front to side),FTYROW:  From yield sign,None Indicated,,Daylight,Dry,Clear,None apparent,Intersection:  Four-way intersection,Paved,,Minor Injury,0,1,0,1,0,0,8000,2,3,,POINT (-92.454701896929 42.519739649663)
2014814797,14-27788,08/24/2014,08-August,1-Sunday,03:00,0300 Hours,District 3 (Northwest),SIOUX CITY,WOODBURY,,S NEWTON ST,Collision with:  Parked motor vehicle,On Roadway,"Sideswipe, same direction",Unknown,None Indicated,,Dark - roadway not lighted,Dry,Clear,Unknown,Intersection:  Four-way intersection,Paved,,Property Damage Only,0,0,0,0,0,0,7500,2,1,,POINT (-96.358877844199 42.483423372658)
2014813560,14126057,08/24/2014,08-August,1-Sunday,02:12,0200 Hours,District 6 (East Central),,JOHNSON,,HWY 965 NW,Collision with:  Vehicle in traffic,On Roadway,Rear-end (front to rear),Followed too close,Alcohol (Statutory),,Dark - roadway not lighted,Dry,Clear,None apparent,Non-intersection:  Non-junction/no special feature,Paved,,Property Damage Only,0,0,0,0,0,0,10000,2,3,,POINT (-91.675443876596 41.854627978786)
2014813636,20140024795,08/24/2014,08-August,1-Sunday,11:25,1100 Hours,District 1 (Central),DES MOINES,POLK,I-235,I-235 & SCHOOL ST & MLK JR PKWY,Collision with:  Vehicle in traffic,On Roadway,Broadside (front to side),Ran Traffic Signal,None Indicated,,Daylight,Dry,Clear,None apparent,"Interchange-related:  Off-ramp, diverge area",Paved,,Property Damage Only,0,0,0,0,0,0,3500,2,3,,POINT (-93.644296808375 41.595328219122)
2014813822,14-22145,08/24/2014,08-August,1-Sunday,10:30,1000 Hours,District 1 (Central),,JASPER,,E 125TH ST N,Non-collision events:  Other non-collision (explain in narrative),Shoulder,Non-collision (single vehicle),Swerving/Evasive Action,None Indicated,,Daylight,Dry,Clear,None apparent,Non-intersection:  Non-junction/no special feature,Paved,,Minor Injury,0,1,0,1,0,0,7000,1,1,,POINT (-92.841109932763 41.726970578576)
2014815252,02-14-12441,08/24/2014,08-August,1-Sunday,13:08,1300 Hours,District 6 (East Central),ASBURY,DUBUQUE,,BROOK HOLOW DR & BROOK HILLS DR,Collision with:  Vehicle in traffic,On Roadway,Broadside (front to side),Animal,None Indicated,,Daylight,Dry,Clear,None apparent,Non-intersection:  Non-junction/no special feature,Paved,,Possible/Unknown,0,1,0,0,1,0,10000,2,2,,POINT (-90.758338596267 42.523431409052)
2014815115,,08/24/2014,08-August,1-Sunday,10:35,1000 Hours,District 6 (East Central),WYOMING,JONES,IA 64,IA 64/MAIN ST/ISABELL ST & IA 136,Collision with:  Other non-fixed object (explain in narrative),On Roadway,Non-collision (single vehicle),Unknown,None Indicated,,Daylight,Dry,Unknown,,Intersection:  T-intersection,Paved,,Property Damage Only,0,0,0,0,0,0,1927,2,2,,POINT (-90.995781079445 42.05890641941)
2014815289,02-14-12436,08/24/2014,08-August,1-Sunday,00:01,0000 Hours,District 6 (East Central),,DUBUQUE,,OLDE MASSEY RD,,On Roadway,Non-collision (single vehicle),Ran off road - left,None Indicated,,Dark - roadway not lighted,Dry,Cloudy,None apparent,Non-intersection:  Non-junction/no special feature,Paved,,Property Damage Only,0,0,0,0,0,0,2000,1,1,,POINT (-90.615115238939 42.440689602334)
2014813800,2014-18266,08/24/2014,08-August,1-Sunday,17:24,1700 Hours,District 5 (Southeast),DES MOINES,WARREN,,WARREN DR & GEPKE PKWY,Collision with:  Vehicle in traffic,On Roadway,Head-on (front to front),Crossed centerline (undivided),None Indicated,,Daylight,"Mud, dirt",Clear,Debris,Intersection:  T-intersection,Paved,,Property Damage Only,0,0,0,0,0,0,2000,2,1,,POINT (-93.614038991833 41.506996982122)
2014858026,201412497,08/24/2014,08-August,1-Sunday,11:47,1100 Hours,District 6 (East Central),CEDAR RAPIDS,LINN,,E AVE NW,Collision with:  Vehicle in traffic,On Roadway,Broadside (front to side),FTYROW:  From driveway,None Indicated,,Daylight,Dry,Clear,Other (explain in narrative),Non-intersection:  Driveway access (within),Paved,,Property Damage Only,0,0,0,0,0,0,4500,2,2,,POINT (-91.685743815779 41.978045855176)
2014814142,142560,08/24/2014,08-August,1-Sunday,09:00,0900 Hours,District 3 (Northwest),DENISON,CRAWFORD,,2ND AVE S & S 14TH ST,Collision with:  Parked motor vehicle,On Roadway,Unknown,FTYROW:  Other (explain in narrative),None Indicated,,Daylight,Dry,Clear,Unknown,Non-intersection:  Non-junction/no special feature,Paved,,Property Damage Only,0,0,0,0,0,0,3500,2,1,,POINT (-95.353878034909 42.014539280911)
2014815767,2014049587,08/24/2014,08-August,1-Sunday,22:04,2200 Hours,District 4 (Southwest),COUNCIL BLUFFS,POTTAWATTAMIE,I-29,I-29,Collision with fixed object:  Guardrail - face,Shoulder,Non-collision (single vehicle),Ran off road - right,Alcohol (Statutory),,Dark - roadway not lighted,Dry,Clear,None apparent,Non-intersection:  Other non-intersection (explain in narrative),Paved,,Minor Injury,0,1,0,1,0,0,14000,1,1,,POINT (-95.823702788057 41.180392303316)
2014813817,S14-003349,08/24/2014,08-August,1-Sunday,18:30,1800 Hours,District 4 (Southwest),,POTTAWATTAMIE,IA 92,IA 92/IOWA 92,Collision with fixed object:  Ditch,On Roadway,Non-collision (single vehicle),Ran off road - right,None Indicated,,Daylight,Dry,Clear,None apparent,Non-intersection:  Non-junction/no special feature,Paved,,Possible/Unknown,0,1,0,0,1,0,10000,1,1,,POINT (-95.703077093407 41.232608673503)
2014814866,14-026224,08/24/2014,08-August,1-Sunday,11:08,1100 Hours,District 5 (Southeast),,LEE,US 61,US 61 & BLUFF RD,Non-collision events:  Other non-collision (explain in narrative),Shoulder,Non-collision (single vehicle),Ran off road - left,None Indicated,,Daylight,Dry,Clear,None apparent,Non-intersection:  Other non-intersection (explain in narrative),Paved,,Possible/Unknown,0,1,0,0,1,0,3000,1,1,,POINT (-91.38124572469 40.632924456518)