Iowa DOT Case Number,Law Enforcement Case Number,Date of Crash,Month of Crash,Day of Week,Time of Crash,Hour,DOT District,City Name,County Name,Route with System,Location Description,First Harmful Event,Location of First Harmful Event,Manner of Crash/Collision,Major Cause,Drug or Alcohol ,Environmental Conditions,Light Conditions,Surface Conditions,Weather Conditions,Roadway Contribution,Roadway Type,Roadway Surface,Work Zone,Crash Severity,Number of Fatalities,Number of Injuries,Number of Major Injuries,Number of Minor Injuries,Number of Possible Injuries,Number of Unknown Injuries,Amount of Property Damage,Number of Vehicles Involved,Total Number of Occupants,Travel Direction,Location
2014814993,14-003943,08/26/2014,08-August,3-Tuesday,08:46,0800 Hours,District 1 (Central),AMES,STORY,,Co Rd R38/SOUTH DAKOTA AVE & S DAKOTA AVE,Collision with:  Vehicle in traffic,On Roadway,Broadside (front to side),Ran Traffic Signal,None Indicated,,Daylight,Dry,Cloudy,None apparent,Intersection:  Four-way intersection,Paved,,Property Damage Only,0,0,0,0,0,0,3500,2,2,,POINT (-93.678654815699 42.012177263825)
2014814049,14-0741,08/26/2014,08-August,3-Tuesday,19:12,1900 Hours,District 1 (Central),WINDSOR HEIGHTS,POLK,IA 28,IA 28/63RD ST & SCHOOL ST,Collision with:  Vehicle in traffic,On Roadway,"Sideswipe, same direction",Separation of units,None Indicated,,Daylight,Dry,Clear,None apparent,Non-intersection:  Non-junction/no special feature,Paved,,Property Damage Only,0,0,0,0,0,0,1700,2,2,,POINT (-93.703595913415 41.595376921439)
2014815435,201400041701,08/26/2014,08-August,3-Tuesday,07:41,0700 Hours,District 5 (Southeast),OTTUMWA,WAPELLO,IA 149,IA 149/IOWA 149,Collision with fixed object:  Utility pole/light support,On Roadway,Non-collision (single vehicle),Ran off road - right,None Indicated,,Daylight,Wet,Rain,None apparent,Intersection:  Four-way intersection,Paved,,Property Damage Only,0,0,0,0,0,0,4500,1,1,,POINT (-92.41325381448 41.029989650723)
2014814038,20140025037,08/26/2014,08-August,3-Tuesday,16:00,1600 Hours,District 1 (Central),DES MOINES,POLK,,FOREST AVE,Collision with:  Vehicle in traffic,On Roadway,Broadside (front to side),FTYROW:  Making left turn,None Indicated,,Daylight,Dry,Cloudy,None apparent,Non-intersection:  Alley,Paved,,Possible/Unknown,0,1,0,0,1,0,3000,2,4,,POINT (-93.644623711461 41.604063399018)
2014814439,2014049856,08/26/2014,08-August,3-Tuesday,07:29,0700 Hours,District 6 (East Central),,JOHNSON,I-380,I-380,Collision with:  Vehicle in traffic,On Roadway,Rear-end (front to rear),Swerving/Evasive Action,None Indicated,,Daylight,Wet,Rain,None apparent,Non-intersection:  Non-junction/no special feature,Paved,,Minor Injury,0,2,0,1,1,0,69000,2,2,,POINT (-91.652495990477 41.815515322469)
2014814353,2014-60004,08/26/2014,08-August,3-Tuesday,09:04,0900 Hours,District 6 (East Central),DAVENPORT,SCOTT,,W LOMBARD ST & N DIVISION ST,Collision with:  Vehicle in traffic,On Roadway,Broadside (front to side),FTYROW:  From stop sign,None Indicated,,Daylight,Wet,Rain,None apparent,Intersection:  Four-way intersection,Paved,,Minor Injury,0,2,0,1,1,0,5000,2,2,,POINT (-90.600980387205 41.541854718564)
2014815769,2014049925,08/26/2014,08-August,3-Tuesday,13:52,1300 Hours,District 5 (Southeast),,LEE,US 218,US 218,Collision with:  Vehicle in traffic,On Roadway,Rear-end (front to rear),Followed too close,None Indicated,,Daylight,Dry,Clear,Work Zone (roadway-related),Non-intersection:  Non-junction/no special feature,Paved,Yes,Minor Injury,0,1,0,1,0,0,5200,2,4,,POINT (-91.564204457611 40.776756445424)
2014813901,20140024986,08/26/2014,08-August,3-Tuesday,07:20,0700 Hours,District 1 (Central),DES MOINES,POLK,,ARMY POST RD,Collision with:  Vehicle in traffic,On Roadway,Rear-end (front to rear),Other (explain in narrative):  Other,None Indicated,,Daylight,Wet,Cloudy,None apparent,Non-intersection:  Non-junction/no special feature,Paved,,Major Injury,0,3,1,1,1,0,12000,3,4,,POINT (-93.656430005944 41.520895389487)
2014814054,14-16508,08/26/2014,08-August,3-Tuesday,08:08,0800 Hours,District 6 (East Central),BETTENDORF,SCOTT,,SPRUCE HILLS DR & WINDSOR DR,Non-collision events:  Other non-collision (explain in narrative),On Roadway,Non-collision (single vehicle),Other (explain in narrative):  No improper action,None Indicated,,Daylight,Dry,Cloudy,None apparent,Intersection:  T-intersection,Paved,,Possible/Unknown,0,1,0,0,1,0,0,1,1,,POINT (-90.506100198594 41.55268705492)
2014815502,,08/26/2014,08-August,3-Tuesday,07:05,0700 Hours,District 6 (East Central),CEDAR RAPIDS,LINN,,WILSON AVE SW & 6TH ST SW,Collision with:  Vehicle in traffic,On Roadway,Broadside (front to side),Unknown,None Indicated,,Dawn,Wet,Rain,,Intersection:  Four-way intersection,Paved,,Property Damage Only,0,0,0,0,0,0,2000,2,2,,POINT (-91.677145546413 41.956088403425)
2014813909,14-4217,08/26/2014,08-August,3-Tuesday,11:50,1100 Hours,District 1 (Central),WEST DES MOINES,POLK,,50TH ST,Collision with:  Vehicle in traffic,On Roadway,"Angle, oncoming left turn",FTYROW:  Making left turn,None Indicated,,Daylight,Dry,Clear,None apparent,Non-intersection:  Driveway access (within),Paved,,Property Damage Only,0,0,0,0,0,0,5000,2,4,,POINT (-93.770937372481 41.572490056949)
2014814227,2014008804,08/26/2014,08-August,3-Tuesday,05:57,0500 Hours,District 1 (Central),MARSHALLTOWN,MARSHALL,IA 14,IA 14/N 3RD AVE & E STATE ST,Collision with:  Vehicle in traffic,On Roadway,Broadside (front to side),FTYROW:  Other (explain in narrative),None Indicated,,Dark - roadway lighted,Wet,Rain,None apparent,Intersection:  Four-way intersection,Paved,,Property Damage Only,0,0,0,0,0,0,7000,2,2,,POINT (-92.907978286584 42.050425223285)
2014814030,15-5637,08/26/2014,08-August,3-Tuesday,16:03,1600 Hours,District 1 (Central),DES MOINES,POLK,,NE 22ND ST,Collision with:  Vehicle in traffic,On Roadway,"Angle, oncoming left turn",FTYROW:  From stop sign,None Indicated,,Daylight,Dry,Cloudy,None apparent,Intersection:  T-intersection,Paved,,Property Damage Only,0,0,0,0,0,0,4000,2,2,,POINT (-93.581311725013 41.652490393585)
2014815283,01-14-37130,08/26/2014,08-August,3-Tuesday,12:44,1200 Hours,District 6 (East Central),DUBUQUE,DUBUQUE,,JOHN F KENNEDY RD,Collision with:  Vehicle in traffic,On Roadway,Rear-end (front to rear),Followed too close,None Indicated,,Daylight,Dry,Clear,None apparent,Non-intersection:  Non-junction/no special feature,Paved,,Possible/Unknown,0,1,0,0,1,0,1750,3,3,,POINT (-90.72075294224 42.505795857089)
2014814085,14-28010,08/26/2014,08-August,3-Tuesday,16:19,1600 Hours,District 3 (Northwest),SIOUX CITY,WOODBURY,IA 77,US 77,Collision with:  Vehicle in traffic,On Roadway,Rear-end (front to rear),Followed too close,None Indicated,,Daylight,Dry,Clear,Work Zone (roadway-related),Non-intersection:  Other non-intersection (explain in narrative),Paved,Yes,Property Damage Only,0,0,0,0,0,0,1500,3,5,,POINT (-96.41353726102 42.489019205404)
2014814654,,08/26/2014,08-August,3-Tuesday,12:15,1200 Hours,District 4 (Southwest),,ADAIR,IA 92,IA 92/IOWA 92,Collision with:  Animal,On Roadway,Non-collision (single vehicle),Animal,None Indicated,,Daylight,Dry,Cloudy,,Non-intersection:  Non-junction/no special feature,Paved,,Property Damage Only,0,0,0,0,0,0,3200,1,1,,POINT (-94.480247331903 41.303535778233)
2014813956,14-016386,08/26/2014,08-August,3-Tuesday,05:30,0500 Hours,District 2 (Northeast),,BREMER,IA 188,IA 188/IOWA 188 & Co Rd V17/GARDEN AVE,Collision with:  Animal,,,Animal,None Indicated,,,,,,,Paved,,Property Damage Only,0,0,0,0,0,0,2000,1,1,,POINT (-92.436137993898 42.847524026455)
2014814037,20140025030,08/26/2014,08-August,3-Tuesday,14:43,1400 Hours,District 1 (Central),DES MOINES,POLK,,SW 9TH ST,Collision with:  Vehicle in traffic,On Roadway,"Sideswipe, same direction",FTYROW:  From parked position,None Indicated,,Daylight,Dry,Clear,None apparent,Non-intersection:  Non-junction/no special feature,Paved,,Property Damage Only,0,0,0,0,0,0,5200,2,3,,POINT (-93.625629994413 41.562131455136)
2014814028,14-5636,08/26/2014,08-August,3-Tuesday,15:56,1500 Hours,District 1 (Central),DES MOINES,POLK,IA 415,IA 415/2ND AVE,Collision with:  Vehicle in traffic,On Roadway,"Sideswipe, same direction",Swerving/Evasive Action,None Indicated,,Daylight,Dry,Clear,None apparent,Non-intersection:  Non-junction/no special feature,Paved,,Property Damage Only,0,0,0,0,0,0,4200,2,2,,POINT (-93.620511185672 41.666291564409)
2014816131,14-003951,08/26/2014,08-August,3-Tuesday,13:52,1300 Hours,District 1 (Central),AMES,STORY,,LINCOLN WAY & STANTON AVE,Collision with:  Vehicle in traffic,On Roadway,Rear-end (front to rear),Followed too close,None Indicated,,Daylight,Dry,Cloudy,None apparent,Non-intersection:  Non-junction/no special feature,Paved,,Possible/Unknown,0,1,0,0,0,1,8100,2,2,,POINT (-93.648522067529 42.022799096091)
2014816048,2014-001586,08/26/2014,08-August,3-Tuesday,20:39,2000 Hours,District 6 (East Central),ASBURY,DUBUQUE,,ASBURY RD & SEIPPEL RD,Collision with:  Vehicle in traffic,On Roadway,Broadside (front to side),FTYROW:  From stop sign,None Indicated,,Dark - roadway lighted,Dry,Clear,Other (explain in narrative),Intersection:  Four-way intersection,Paved,,Property Damage Only,0,0,0,0,0,0,2500,2,3,,POINT (-90.77980375006 42.510656779651)
2014814078,14-2625,08/26/2014,08-August,3-Tuesday,16:00,1600 Hours,District 1 (Central),FORT DODGE,WEBSTER,US 169,US 169 & IA 7/190TH ST & 3RD AVE NW,Collision with:  Vehicle in traffic,On Roadway,"Angle, oncoming left turn",Made improper turn,None Indicated,,Daylight,Dry,Cloudy,None apparent,Intersection:  Four-way intersection,Paved,,Property Damage Only,0,0,0,0,0,0,4500,2,5,,POINT (-94.22372917687 42.515457625408)
2014813860,14-007113,08/26/2014,08-August,3-Tuesday,08:12,0800 Hours,District 2 (Northeast),,CLAYTON,US 52,US 52,Collision with fixed object:  Ditch,Shoulder,Non-collision (single vehicle),Crossed centerline (undivided),None Indicated,,Daylight,Wet,Rain,None apparent,Non-intersection:  Non-junction/no special feature,Paved,,Possible/Unknown,0,1,0,0,1,0,4000,1,1,,POINT (-91.072333667354 42.719165589521)
2014815959,14-000987,08/26/2014,08-August,3-Tuesday,20:17,2000 Hours,District 1 (Central),,STORY,I-35,I-35,Collision with:  Animal,,,Animal,None Indicated,,,,,,,Paved,,Property Damage Only,0,0,0,0,0,0,5000,1,1,,POINT (-93.569777732328 41.940031585446)
2014814004,142590,08/26/2014,08-August,3-Tuesday,15:45,1500 Hours,District 3 (Northwest),DENISON,CRAWFORD,US 30,US 30/4TH AVE S & S 15TH ST,Collision with:  Vehicle in traffic,On Roadway,"Angle, oncoming left turn",FTYROW:  Making left turn,None Indicated,,Daylight,Dry,Clear,None apparent,Intersection:  Four-way intersection,Paved,,Possible/Unknown,0,2,0,0,2,0,11000,2,42,,POINT (-95.351915262613 42.012400121198)
2014814899,W-14-001802,08/26/2014,08-August,3-Tuesday,08:47,0800 Hours,District 2 (Northeast),WAUKON,ALLAMAKEE,IA 76,IA 76/W MAIN ST/9TH ST NW & 9TH ST SW,Collision with:  Vehicle in traffic,On Roadway,"Angle, oncoming left turn",FTYROW:  From stop sign,None Indicated,,Daylight,Dry,Clear,None apparent,Intersection:  Four-way intersection,Paved,,Property Damage Only,0,0,0,0,0,0,3600,2,2,,POINT (-91.48785161819 43.269283085377)
2014814133,1407015,08/26/2014,08-August,3-Tuesday,14:10,1400 Hours,District 5 (Southeast),WASHINGTON,WASHINGTON,,N MARION AVE,Collision with:  Vehicle in traffic,On Roadway,Head-on (front to front),FTYROW:  From parked position,None Indicated,,Daylight,Dry,Clear,None apparent,Non-intersection:  Non-junction/no special feature,Paved,,Property Damage Only,0,0,0,0,0,0,3500,2,2,,POINT (-91.692965918658 41.299931505321)
2014814159,14-003661,08/26/2014,08-August,3-Tuesday,21:07,2100 Hours,District 1 (Central),ANKENY,POLK,IA 160,IA 160/SE ORALABOR RD & SE DELAWARE AVE,Collision with:  Vehicle in traffic,On Roadway,Rear-end (front to rear),Followed too close,None Indicated,,Dark - roadway lighted,Dry,Clear,None apparent,Non-intersection:  Non-junction/no special feature,Paved,,Possible/Unknown,0,1,0,0,1,0,2000,2,2,,POINT (-93.581272792163 41.702903442953)
2014815461,14-8872,08/26/2014,08-August,3-Tuesday,10:26,1000 Hours,District 3 (Northwest),CARROLL,CARROLL,US 30,US 30/6TH ST & MAIN ST,Collision with:  Vehicle in traffic,On Roadway,"Angle, oncoming left turn",Made improper turn,None Indicated,,Daylight,Dry,Cloudy,None apparent,Intersection:  Four-way intersection,Paved,,Property Damage Only,0,0,0,0,0,0,2800,2,2,,POINT (-94.867272806535 42.065603012035)
2014814015,201412583,08/26/2014,08-August,3-Tuesday,07:43,0700 Hours,District 6 (East Central),CEDAR RAPIDS,LINN,,42ND ST NE & NORTH WILLOWBEND RD,Collision with:  Vehicle in traffic,On Roadway,Rear-end (front to rear),Lost Control,None Indicated,,Daylight,Dry,Clear,None apparent,Intersection:  T-intersection,Paved,,Property Damage Only,0,0,0,0,0,0,11500,2,3,,POINT (-91.712029773288 42.021898886554)
2014817042,A14063,08/26/2014,08-August,3-Tuesday,18:16,1800 Hours,District 5 (Southeast),KNOXVILLE,MARION,,E PLEASANT ST & N 4TH ST,Collision with fixed object:  Other fixed object (explain in narrative),Roadside,Non-collision (single vehicle),Unknown,None Indicated,,Daylight,Dry,Clear,None apparent,Intersection:  T-intersection,Paved,,Property Damage Only,0,0,0,0,0,0,5500,1,1,,POINT (-93.095289297319 41.320752452736)
2014814233,14-207,08/26/2014,08-August,3-Tuesday,18:43,1800 Hours,District 4 (Southwest),,TAYLOR,,Co Rd N26/DENVER AVE,Collision with:  Animal,On Roadway,Non-collision (single vehicle),Animal,None Indicated,,Daylight,"Mud, dirt",Clear,None apparent,Non-intersection:  Non-junction/no special feature,Unpaved,,Possible/Unknown,0,1,0,0,1,0,4300,1,2,,POINT (-94.871953982637 40.877246517296)
2014814039,20140025038,08/26/2014,08-August,3-Tuesday,15:53,1500 Hours,District 1 (Central),DES MOINES,POLK,US 69,US 69/SE 14TH ST & E EDISON AVE,Collision with:  Vehicle in traffic,On Roadway,"Sideswipe, same direction",Improper or erratic lane changing,None Indicated,,Daylight,Dry,Clear,None apparent,Non-intersection:  Non-junction/no special feature,Paved,,Minor Injury,0,1,0,1,0,0,3500,2,3,,POINT (-93.596887476304 41.571705878029)
2014814568,2014-60103,08/26/2014,08-August,3-Tuesday,15:59,1500 Hours,District 6 (East Central),DAVENPORT,SCOTT,,IA 461/WELCOME WAY & W 46TH ST & E 46TH ST,Collision with:  Vehicle in traffic,On Roadway,Rear-end (front to rear),Followed too close,Alcohol (Statutory),,Daylight,Dry,Cloudy,None apparent,Intersection:  Other intersection (explain in narrative),Paved,,Property Damage Only,0,0,0,0,0,0,2500,2,4,,POINT (-90.570270941351 41.567364126847)
2014814132,14-036102,08/26/2014,08-August,3-Tuesday,14:10,1400 Hours,District 4 (Southwest),COUNCIL BLUFFS,POTTAWATTAMIE,I-80,I-80,Collision with:  Parked motor vehicle,Shoulder,"Sideswipe, same direction",Ran off road - right,None Indicated,,Daylight,Dry,Clear,None apparent,Non-intersection:  Non-junction/no special feature,Paved,,Minor Injury,0,1,0,1,0,0,3000,2,2,,POINT (-95.805487567249 41.257933057777)
2014814751,S79140276,08/26/2014,08-August,3-Tuesday,07:30,0700 Hours,District 1 (Central),GRINNELL,POWESHIEK,,380TH AVE & 380TH ST,Collision with:  Vehicle in traffic,On Roadway,Rear-end (front to rear),Unknown,None Indicated,,Daylight,Wet,Rain,None apparent,Non-intersection:  Non-junction/no special feature,Unpaved,,Possible/Unknown,0,2,0,0,2,0,15000,2,4,,POINT (-92.748610799443 41.74616164924)
2014819239,,08/26/2014,08-August,3-Tuesday,09:00,0900 Hours,District 5 (Southeast),INDIANOLA,WARREN,,,Collision with:  Parked motor vehicle,On Roadway,Unknown,Unknown,None Indicated,,,,,,,,,Property Damage Only,0,0,0,0,0,0,2600,2,2,,POINT (-96.643700149993 40.233091251414)
2014814155,14-003650,08/26/2014,08-August,3-Tuesday,07:54,0700 Hours,District 1 (Central),ANKENY,POLK,IA 415,IA 415/SW STATE ST,Collision with:  Vehicle in traffic,On Roadway,Rear-end (front to rear),Followed too close,None Indicated,,Daylight,Wet,Rain,None apparent,Non-intersection:  Non-junction/no special feature,Paved,,Property Damage Only,0,0,0,0,0,0,4500,3,3,,POINT (-93.621558471949 41.702728638986)
2014814125,CL14003035,08/26/2014,08-August,3-Tuesday,20:40,2000 Hours,District 6 (East Central),CLINTON,CLINTON,,PERSHING BLVD,Collision with:  Parked motor vehicle,On Roadway,"Sideswipe, opposite direction",Unknown,None Indicated,,Dark - roadway not lighted,Dry,Clear,None apparent,Non-intersection:  Non-junction/no special feature,Paved,,Property Damage Only,0,0,0,0,0,0,5400,2,1,,POINT (-90.187551022144 41.854395744191)
2014814472,2014049805,08/26/2014,08-August,3-Tuesday,01:00,0100 Hours,District 1 (Central),,POLK,I-35,I-35,Collision with:  Animal,,,Animal,None Indicated,,,,,,,Paved,,Property Damage Only,0,0,0,0,0,0,6000,1,1,,POINT (-93.571163509215 41.851920356333)
2014816016,2014049967,08/26/2014,08-August,3-Tuesday,16:59,1600 Hours,District 6 (East Central),,BENTON,US 30,US 30/73 ST & 18 AVE,Non-collision events:  Overturn/rollover,On Roadway,Non-collision (single vehicle),Swerving/Evasive Action,None Indicated,,Daylight,Dry,Clear,None apparent,Non-intersection:  Non-junction/no special feature,Paved,,Fatal,1,0,0,0,0,0,5000,1,1,,POINT (-92.143413045596 41.963774843445)
2014814778,2014-60115,08/26/2014,08-August,3-Tuesday,16:29,1600 Hours,District 6 (East Central),DAVENPORT,SCOTT,US 67,US 67/E RIVER DR,Collision with:  Vehicle in traffic,On Roadway,"Sideswipe, same direction",FTYROW:  Other (explain in narrative),None Indicated,,Daylight,Dry,Clear,None apparent,Non-intersection:  Non-junction/no special feature,Paved,,Property Damage Only,0,0,0,0,0,0,1500,2,3,,POINT (-90.534710620361 41.527059805019)
2014814120,146526PD,08/26/2014,08-August,3-Tuesday,16:06,1600 Hours,District 1 (Central),BOONE,BOONE,,1ST ST,Collision with fixed object:  Tree,Roadside,Non-collision (single vehicle),Ran off road - left,None Indicated,,Daylight,Dry,Clear,None apparent,Non-intersection:  Non-junction/no special feature,Paved,,Property Damage Only,0,0,0,0,0,0,9500,1,1,,POINT (-93.863331510261 42.056554762961)
2014814045,14-1886,08/26/2014,08-August,3-Tuesday,15:21,1500 Hours,District 1 (Central),URBANDALE,POLK,,NW URBANDALE DR,Collision with:  Vehicle in traffic,On Roadway,"Sideswipe, same direction",Improper or erratic lane changing,None Indicated,,Daylight,Dry,Cloudy,None apparent,Non-intersection:  Non-junction/no special feature,Paved,,Property Damage Only,0,0,0,0,0,0,7253,2,3,,POINT (-93.768047499219 41.646422357016)
2014813905,14-4210,08/26/2014,08-August,3-Tuesday,07:10,0700 Hours,District 1 (Central),WEST DES MOINES,POLK,IA 28,IA 28/63RD ST,Collision with:  Vehicle in traffic,On Roadway,Rear-end (front to rear),Driving too fast for conditions,None Indicated,,Daylight,Wet,Rain,None apparent,Non-intersection:  Non-junction/no special feature,Paved,,Property Damage Only,0,0,0,0,0,0,4500,2,2,,POINT (-93.703444796976 41.58366844468)
2014816785,144519,08/26/2014,08-August,3-Tuesday,15:36,1500 Hours,District 1 (Central),IOWA FALLS,HARDIN,,NORTH ST,Non-collision events:  Other non-collision (explain in narrative),On Roadway,Non-collision (single vehicle),Unknown,None Indicated,,Daylight,Dry,Cloudy,None apparent,Non-intersection:  Non-junction/no special feature,Paved,,Possible/Unknown,0,1,0,0,1,0,0,1,3,,POINT (-93.26727560579 42.528596405717)
2014814422,2014009275,08/26/2014,08-August,3-Tuesday,09:55,0900 Hours,District 6 (East Central),IOWA CITY,JOHNSON,,E JEFFERSON ST & LUCAS ST,Non-collision events:  Other non-collision (explain in narrative),On Roadway,Non-collision (single vehicle),Unknown,None Indicated,,Daylight,Dry,Cloudy,Ruts/holes/bumps,Intersection:  Four-way intersection,Paved,,Minor Injury,0,1,0,1,0,0,500,1,1,,POINT (-91.524281429862 41.662383126221)
2014813880,SO14002028,08/26/2014,08-August,3-Tuesday,09:40,0900 Hours,District 3 (Northwest),,PLYMOUTH,,IMPALA AVE,Collision with fixed object:  Bridge overhead structure,On Roadway,Non-collision (single vehicle),Ran off road - right,None Indicated,,Daylight,"Mud, dirt",Cloudy,None apparent,Non-intersection:  Other non-intersection (explain in narrative),Unpaved,,Possible/Unknown,0,1,0,0,1,0,18500,1,1,,POINT (-96.311658709459 42.695107081143)
2014815126,14014804,08/26/2014,08-August,3-Tuesday,16:23,1600 Hours,District 2 (Northeast),MASON CITY,CERRO GORDO,IA 122,IA 122/IOWA 122/5TH ST SW & S MONROE AVE,Collision with:  Vehicle in traffic,On Roadway,"Sideswipe, same direction",FTYROW:  Other (explain in narrative),None Indicated,,Daylight,Dry,Cloudy,None apparent,Non-intersection:  Non-junction/no special feature,Paved,,Property Damage Only,0,0,0,0,0,0,4000,2,2,,POINT (-93.208649815567 43.147385113614)
2014814145,14127286,08/26/2014,08-August,3-Tuesday,08:22,0800 Hours,District 6 (East Central),,JOHNSON,,Co Rd W66/DUBUQUE ST,Non-collision events:  Overturn/rollover,On Roadway,Non-collision (single vehicle),Driving too fast for conditions,None Indicated,,Daylight,Wet,Rain,"Surface condition (e.g., wet, icy)",Non-intersection:  Driveway access (within),Paved,,Minor Injury,0,1,0,1,0,0,1200,1,1,,POINT (-91.54564355044 41.701033558665)
2014814995,14-003956,08/26/2014,08-August,3-Tuesday,16:46,1600 Hours,District 1 (Central),AMES,STORY,US 69,US 69/S DUFF AVE & CHESTNUT ST,Collision with:  Vehicle in traffic,On Roadway,Rear-end (front to rear),Followed too close,None Indicated,,Daylight,Dry,Cloudy,None apparent,Intersection:  Four-way intersection,Paved,,Property Damage Only,0,0,0,0,0,0,1800,3,4,,POINT (-93.610280559441 42.011480362801)
2014814042,20140025052,08/26/2014,08-August,3-Tuesday,17:50,1700 Hours,District 1 (Central),DES MOINES,POLK,I-235,I-235 & SCHOOL ST & 2ND AVE,Collision with:  Vehicle in traffic,On Roadway,"Sideswipe, same direction",Other (explain in narrative):  Other,None Indicated,,Daylight,Dry,Clear,None apparent,Non-intersection:  Non-junction/no special feature,Paved,,Property Damage Only,0,0,0,0,0,0,3000,2,3,,POINT (-93.619817725642 41.595192581113)
2014815674,14085945,08/26/2014,08-August,3-Tuesday,15:05,1500 Hours,District 2 (Northeast),CEDAR FALLS,BLACK HAWK,,HUDSON RD,Collision with:  Vehicle in traffic,On Roadway,Rear-end (front to rear),Followed too close,None Indicated,,Daylight,Dry,Clear,None apparent,Non-intersection:  Non-junction/no special feature,Paved,,Property Damage Only,0,0,0,0,0,0,1600,3,4,,POINT (-92.465375479664 42.484405990186)
2014814571,2014-60131,08/26/2014,08-August,3-Tuesday,17:34,1700 Hours,District 6 (East Central),DAVENPORT,SCOTT,,E 53RD ST & CORPORATE PARK DR,Collision with:  Vehicle in traffic,On Roadway,Broadside (front to side),FTYROW:  Other (explain in narrative),None Indicated,,Daylight,Dry,Clear,None apparent,Intersection:  Four-way intersection,Paved,,Property Damage Only,0,0,0,0,0,0,1600,2,2,,POINT (-90.517167904561 41.574884131759)
2014814230,2014009271,08/26/2014,08-August,3-Tuesday,07:45,0700 Hours,District 6 (East Central),IOWA CITY,JOHNSON,,ROCHESTER AVE & N 1ST AVE,Collision with:  Vehicle in traffic,On Roadway,Rear-end (front to rear),Followed too close,None Indicated,,Daylight,Wet,Rain,None apparent,Non-intersection:  Non-junction/no special feature,Paved,,Possible/Unknown,0,1,0,0,1,0,2700,2,2,,POINT (-91.502055215949 41.666265716561)
2014814260,,08/26/2014,08-August,3-Tuesday,08:59,0800 Hours,District 2 (Northeast),DENVER,BREMER,,FAYETTE ST,Collision with:  Vehicle in traffic,Median,Rear-end (front to rear),Other (explain in narrative):  Other,None Indicated,,Daylight,Wet,Cloudy,None apparent,Non-intersection:  Non-junction/no special feature,Paved,,Property Damage Only,0,0,0,0,0,0,2900,2,3,,POINT (-92.335636328733 42.671352223774)
2014814016,201412615,08/26/2014,08-August,3-Tuesday,21:38,2100 Hours,District 6 (East Central),CEDAR RAPIDS,LINN,I-380,I-380,Collision with:  Vehicle in traffic,On Roadway,Rear-end (front to rear),FTYROW:  Other (explain in narrative),None Indicated,,Dark - roadway not lighted,Dry,Clear,Work Zone (roadway-related),Interchange-related:  On-ramp merge area,Paved,Yes,Minor Injury,0,4,0,3,1,0,16000,3,6,,POINT (-91.669830610127 41.928371945415)
2014816132,14-003957,08/26/2014,08-August,3-Tuesday,17:03,1700 Hours,District 1 (Central),AMES,STORY,,DUFF AVE,Collision with:  Vehicle in traffic,On Roadway,Rear-end (front to rear),Followed too close,None Indicated,,Daylight,Dry,Clear,None apparent,Non-intersection:  Non-junction/no special feature,Paved,,Property Damage Only,0,0,0,0,0,0,2100,2,3,,POINT (-93.610361531178 42.023737894856)
2014814777,2014-60019,08/26/2014,08-August,3-Tuesday,10:51,1000 Hours,District 6 (East Central),DAVENPORT,SCOTT,,IA 461/W RIVER DR & S CONCORD ST,Collision with:  Vehicle in traffic,On Roadway,Rear-end (front to rear),Driving too fast for conditions,None Indicated,,Daylight,Wet,Rain,"Surface condition (e.g., wet, icy)",Intersection:  Four-way intersection,Paved,,Property Damage Only,0,0,0,0,0,0,3000,2,2,,POINT (-90.623787408773 41.501087903071)
2014815290,02-14-12474,08/26/2014,08-August,3-Tuesday,07:55,0700 Hours,District 6 (East Central),,DUBUQUE,,Co Rd Y17/GUN CLUB RD & GIRL SCOUT RD,Collision with:  Vehicle in traffic,On Roadway,Rear-end (front to rear),Lost Control,None Indicated,,Daylight,Wet,Cloudy,None apparent,Intersection:  T-intersection,Paved,,Property Damage Only,0,0,0,0,0,0,7000,2,4,,POINT (-90.957290557529 42.517822546013)
2014813997,W14-086007,08/26/2014,08-August,3-Tuesday,18:17,1800 Hours,District 2 (Northeast),WATERLOO,BLACK HAWK,,BERTCH AVE & BALTIMORE ST,Collision with:  Vehicle in traffic,On Roadway,Broadside (front to side),Ran Stop Sign,None Indicated,,Daylight,Dry,Clear,None apparent,Intersection:  Four-way intersection,Paved,,Possible/Unknown,0,1,0,0,1,0,2500,2,2,,POINT (-92.349982415062 42.482999098206)
2014814119,146515PD,08/26/2014,08-August,3-Tuesday,07:38,0700 Hours,District 1 (Central),BOONE,BOONE,US 30,US 30/220TH ST & SNEDDEN DR,Collision with:  Vehicle in traffic,On Roadway,Broadside (front to side),FTYROW:  From stop sign,None Indicated,,Daylight,Dry,Cloudy,None apparent,Intersection:  Four-way intersection,Paved,,Possible/Unknown,0,1,0,0,1,0,17500,2,3,,POINT (-93.85387614373 42.034550592245)
2014813941,14-036092,08/26/2014,08-August,3-Tuesday,12:30,1200 Hours,District 4 (Southwest),COUNCIL BLUFFS,POTTAWATTAMIE,IA 192,IA 192/S EXPRESSWAY/SE RAMP & 19TH AVE,Collision with:  Vehicle in traffic,On Roadway,Rear-end (front to rear),Other (explain in narrative):  Other,None Indicated,,Daylight,Dry,Cloudy,None apparent,Intersection:  Four-way intersection,Paved,,Property Damage Only,0,0,0,0,0,0,3017,2,2,,POINT (-95.853784998873 41.243866015561)
2014814040,20140025040,08/26/2014,08-August,3-Tuesday,16:15,1600 Hours,District 1 (Central),DES MOINES,POLK,,FLEUR DR,Collision with:  Vehicle in traffic,On Roadway,Rear-end (front to rear),Other (explain in narrative):  Other,None Indicated,,Daylight,Dry,Clear,None apparent,Non-intersection:  Non-junction/no special feature,Paved,,Property Damage Only,0,0,0,0,0,0,21500,3,3,,POINT (-93.644927807421 41.573130810929)