Iowa DOT Case Number,Law Enforcement Case Number,Date of Crash,Month of Crash,Day of Week,Time of Crash,Hour,DOT District,City Name,County Name,Route with System,Location Description,First Harmful Event,Location of First Harmful Event,Manner of Crash/Collision,Major Cause,Drug or Alcohol ,Environmental Conditions,Light Conditions,Surface Conditions,Weather Conditions,Roadway Contribution,Roadway Type,Roadway Surface,Work Zone,Crash Severity,Number of Fatalities,Number of Injuries,Number of Major Injuries,Number of Minor Injuries,Number of Possible Injuries,Number of Unknown Injuries,Amount of Property Damage,Number of Vehicles Involved,Total Number of Occupants,Travel Direction,Location
2014814994,14-003944,08/26/2014,08-August,3-Tuesday,08:40,0800 Hours,District 1 (Central),AMES,STORY,US 69,US 69/GRAND AVE & 16TH ST,Collision with:  Vehicle in traffic,On Roadway,Rear-end (front to rear),Followed too close,None Indicated,,Daylight,Wet,Cloudy,"Surface condition (e.g., wet, icy)",Non-intersection:  Non-junction/no special feature,Paved,,Possible/Unknown,0,2,0,0,1,1,6400,2,2,,POINT (-93.620420382032 42.038328637246)
2014814041,20140025048,08/26/2014,08-August,3-Tuesday,17:10,1700 Hours,District 1 (Central),DES MOINES,POLK,I-235,I-235,Collision with:  Vehicle in traffic,On Roadway,Rear-end (front to rear),FTYROW:  Other (explain in narrative),None Indicated,,Daylight,Dry,Cloudy,None apparent,Interchange-related:  On-ramp merge area,Paved,,Property Damage Only,0,0,0,0,0,0,1500,2,3,,POINT (-93.648506746717 41.595160434027)
2014814225,14C03953,08/26/2014,08-August,3-Tuesday,19:00,1900 Hours,District 4 (Southwest),CRESTON,UNION,IA 25,IA 25/N SUMNER AVE/S SUMNER AVE & W ADAMS ST,Collision with:  Vehicle in traffic,On Roadway,"Angle, oncoming left turn",FTYROW:  Making left turn,None Indicated,,Daylight,Dry,Clear,None apparent,Intersection:  Four-way intersection,Paved,,Property Damage Only,0,0,0,0,0,0,3500,2,3,,POINT (-94.372644313356 41.057295372346)
2014814254,,08/26/2014,08-August,3-Tuesday,17:11,1700 Hours,District 3 (Northwest),LAKE PARK,DICKINSON,,E 5TH ST,Collision with:  Parked motor vehicle,On Roadway,Rear-end (front to rear),Improper Backing,None Indicated,,Daylight,Dry,Clear,None apparent,Non-intersection:  Driveway access (within),Unpaved,,Property Damage Only,0,0,0,0,0,0,1900,2,1,,POINT (-95.315485720167 43.452955643408)
2014814046,14-1887,08/26/2014,08-August,3-Tuesday,15:40,1500 Hours,District 1 (Central),URBANDALE,POLK,,BUENA VISTA CT & 104TH ST,Collision with:  Vehicle in traffic,On Roadway,Rear-end (front to rear),Followed too close,None Indicated,,Daylight,Dry,Cloudy,None apparent,Intersection:  T-intersection,Paved,,Property Damage Only,0,0,0,0,0,0,1600,2,4,,POINT (-93.760605387495 41.621152748698)
2014814124,CL14003033,08/26/2014,08-August,3-Tuesday,19:05,1900 Hours,District 6 (East Central),CLINTON,CLINTON,,S 32ND ST,Collision with fixed object:  Traffic sign support,Shoulder,Non-collision (single vehicle),Ran off road - right,None Indicated,,Daylight,Dry,Cloudy,None apparent,Non-intersection:  Non-junction/no special feature,Paved,,Possible/Unknown,0,1,0,0,0,1,2000,1,1,,POINT (-90.262414578837 41.831259958892)
2014814059,1-14-000321,08/26/2014,08-August,3-Tuesday,16:30,1600 Hours,District 4 (Southwest),,SHELBY,,MULBERRY RD,Non-collision events:  Other non-collision (explain in narrative),On Roadway,Non-collision (single vehicle),Driving too fast for conditions,None Indicated,,Daylight,Dry,Clear,None apparent,Non-intersection:  Non-junction/no special feature,Unpaved,,Possible/Unknown,0,2,0,0,2,0,2500,1,2,,POINT (-95.307993628696 41.523598161362)
2014813882,14-5624,08/26/2014,08-August,3-Tuesday,06:30,0600 Hours,District 1 (Central),GRIMES,POLK,IA 141,IA 141/IOWA 141,Collision with:  Vehicle in traffic,On Roadway,Rear-end (front to rear),Followed too close,None Indicated,,Dawn,Wet,Rain,None apparent,Non-intersection:  Crossover-related,Paved,,Possible/Unknown,0,1,0,0,1,0,6000,2,3,,POINT (-93.774733459644 41.699294113669)
2014814490,1402266,08/26/2014,08-August,3-Tuesday,14:56,1400 Hours,District 5 (Southeast),BLOOMFIELD,DAVIS,,NORTH ST,Collision with:  Parked motor vehicle,On Roadway,"Sideswipe, same direction",Separation of units,None Indicated,,Daylight,Dry,Clear,None apparent,Non-intersection:  Non-junction/no special feature,Paved,,Property Damage Only,0,0,0,0,0,0,4600,4,1,,POINT (-92.415692731696 40.754698165901)
2014814920,14005946,08/26/2014,08-August,3-Tuesday,06:50,0600 Hours,District 1 (Central),WEBSTER CITY,HAMILTON,IA 17,IA 17/STAGE COACH RD/220TH ST & Co Rd D20,Collision with:  Railway vehicle/train,On Roadway,Broadside (front to side),FTYROW:  Other (explain in narrative),None Indicated,,Daylight,Wet,Rain,None apparent,Non-intersection:  Railroad grade crossing,Paved,,Minor Injury,0,1,0,1,0,0,7000,2,2,,POINT (-93.904249015925 42.472053254599)
2014814996,14-003958,08/26/2014,08-August,3-Tuesday,17:48,1700 Hours,District 1 (Central),AMES,STORY,US 30,US 30,Collision with:  Vehicle in traffic,On Roadway,Rear-end (front to rear),Followed too close,None Indicated,,Daylight,Dry,Cloudy,None apparent,Non-intersection:  Non-junction/no special feature,Paved,,Possible/Unknown,0,3,0,0,3,0,6500,2,3,,POINT (-93.621283702838 42.004153008473)
2014814187,2014-60017,08/26/2014,08-August,3-Tuesday,10:36,1000 Hours,District 6 (East Central),DAVENPORT,SCOTT,,IA 461/BRADY ST & W 3RD ST & E 3RD ST,Collision with:  Vehicle in traffic,On Roadway,"Sideswipe, same direction",FTYROW:  From parked position,None Indicated,,Daylight,Dry,Clear,None apparent,Non-intersection:  Non-junction/no special feature,Paved,,Property Damage Only,0,0,0,0,0,0,5000,2,2,,POINT (-90.574063088526 41.522421256536)
2014814026,SO14002033,08/26/2014,08-August,3-Tuesday,20:38,2000 Hours,District 3 (Northwest),,PLYMOUTH,IA 3,IA 3/IOWA 3 & PIONEER AVE,Collision with:  Animal,,,Animal,None Indicated,,,,,,,Paved,,Property Damage Only,0,0,0,0,0,0,2000,1,1,,POINT (-96.036817527003 42.808092555364)
2014814569,2014-60114,08/26/2014,08-August,3-Tuesday,16:20,1600 Hours,District 6 (East Central),DAVENPORT,SCOTT,,E CENTRAL PARK AVE & GRAND AVE,Collision with:  Vehicle in traffic,On Roadway,Rear-end (front to rear),Other (explain in narrative):  No improper action,None Indicated,,Daylight,Dry,Clear,None apparent,Intersection:  Four-way intersection,Paved,,Property Damage Only,0,0,0,0,0,0,1600,2,6,,POINT (-90.564647615413 41.545945012921)
2014814114,14-6516PD,08/26/2014,08-August,3-Tuesday,08:06,0800 Hours,District 1 (Central),BOONE,BOONE,,MAMIE EISENHOWER AVE & S BENTON ST,Collision with:  Vehicle in traffic,On Roadway,Rear-end (front to rear),Followed too close,None Indicated,,Daylight,Wet,Rain,None apparent,Intersection:  Four-way intersection,Paved,,Property Damage Only,0,0,0,0,0,0,6000,2,4,,POINT (-93.874963735878 42.059645949772)
2014814033,20140024978,08/26/2014,08-August,3-Tuesday,02:05,0200 Hours,District 1 (Central),DES MOINES,POLK,I-235,I-235,Collision with fixed object:  Concrete traffic barrier (median or right side),On Roadway,Non-collision (single vehicle),Unknown,Alcohol (Statutory),,Dark - unknown roadway lighting,Dry,Clear,None apparent,Non-intersection:  Non-junction/no special feature,Paved,,Property Damage Only,0,0,0,0,0,0,3000,1,1,,POINT (-93.69797665251 41.592799077929)
2014814002,1408268021,08/26/2014,08-August,3-Tuesday,23:10,2300 Hours,District 6 (East Central),,CLINTON,,Co Rd Y32/202 ST,Collision with:  Animal,On Roadway,Non-collision (single vehicle),Animal,None Indicated,,Dark - roadway not lighted,Dry,Clear,None apparent,Non-intersection:  Non-junction/no special feature,Paved,,Possible/Unknown,0,1,0,0,1,0,4000,1,1,,POINT (-90.854552718935 41.890037778987)
2014814079,14-2626,08/26/2014,08-August,3-Tuesday,16:15,1600 Hours,District 1 (Central),FORT DODGE,WEBSTER,,CENTRAL AVE,Collision with:  Parked motor vehicle,Outside trafficway,Broadside (front to side),Equipment failure,None Indicated,,Daylight,Dry,Clear,None apparent,Non-intersection:  Non-junction/no special feature,Paved,,Property Damage Only,0,0,0,0,0,0,1500,2,0,,POINT (-94.189732977188 42.504738643615)
2014813899,20140024985,08/26/2014,08-August,3-Tuesday,07:05,0700 Hours,District 1 (Central),DES MOINES,POLK,,GRAND AVE & 8TH ST,Collision with:  Vehicle in traffic,On Roadway,Broadside (front to side),Unknown,None Indicated,,Dawn,Wet,Cloudy,"Surface condition (e.g., wet, icy)",Intersection:  Other intersection (explain in narrative),Paved,,Property Damage Only,0,0,0,0,0,0,7500,2,2,,POINT (-93.627791759646 41.587222938451)
2014817877,14-013032,08/26/2014,08-August,3-Tuesday,23:10,2300 Hours,District 2 (Northeast),CHARLES CITY,FLOYD,US 18,US 18/NE RAMP & US 218,Collision with:  Animal,,,Animal,None Indicated,,,,,,,Paved,,Property Damage Only,0,0,0,0,0,0,2100,1,1,,POINT (-92.667076212752 43.038797676811)
2014814022,14018129,08/26/2014,08-August,3-Tuesday,13:16,1300 Hours,District 6 (East Central),MARION,LINN,,29TH AVE,Collision with:  Vehicle in traffic,On Roadway,Rear-end (front to rear),Followed too close,None Indicated,,Daylight,Dry,Clear,None apparent,Non-intersection:  Non-junction/no special feature,Paved,,Property Damage Only,0,0,0,0,0,0,7400,3,3,,POINT (-91.57944787887 42.050469533756)
2014814019,14018134,08/26/2014,08-August,3-Tuesday,15:48,1500 Hours,District 6 (East Central),MARION,LINN,,10TH ST,Collision with:  Vehicle in traffic,On Roadway,Rear-end (front to rear),Other (explain in narrative):  Other,None Indicated,,Daylight,Dry,Cloudy,None apparent,Non-intersection:  Non-junction/no special feature,Paved,,Property Damage Only,0,0,0,0,0,0,8000,2,2,,POINT (-91.599400768447 42.052561095722)
2014815768,2014049869,08/26/2014,08-August,3-Tuesday,10:54,1000 Hours,District 1 (Central),JOHNSTON,POLK,I-35,I-35 & IA 28/MERLE HAY RD,Collision with:  Vehicle in traffic,On Roadway,Rear-end (front to rear),Other (explain in narrative):  Other,None Indicated,,Daylight,Dry,Cloudy,None apparent,Interchange-related:  Off-ramp,Paved,,Property Damage Only,0,0,0,0,0,0,3000,2,2,,POINT (-93.69766303607 41.652779801801)
2014814027,14-5635,08/26/2014,08-August,3-Tuesday,15:33,1500 Hours,District 1 (Central),GRIMES,POLK,IA 141,IA 141/IOWA 141 & SE 37TH ST,Collision with:  Vehicle in traffic,On Roadway,Rear-end (front to rear),Other (explain in narrative):  Other,None Indicated,,Daylight,Dry,Clear,None apparent,Non-intersection:  Non-junction/no special feature,Paved,,Property Damage Only,0,0,0,0,0,0,8000,2,2,,POINT (-93.775013102497 41.658508187682)
2014813878,1408261-A,08/26/2014,08-August,3-Tuesday,08:00,0800 Hours,District 4 (Southwest),RED OAK,MONTGOMERY,US 34,US 34 & 4TH ST,Collision with:  Vehicle in traffic,On Roadway,Broadside (front to side),FTYROW:  From stop sign,None Indicated,,Daylight,Wet,Rain,"Surface condition (e.g., wet, icy)",Intersection:  Four-way intersection,Paved,,Minor Injury,0,2,0,2,0,0,11000,2,3,,POINT (-95.228092187321 41.025975676424)
2014814150,14-003898,08/26/2014,08-August,3-Tuesday,07:47,0700 Hours,District 3 (Northwest),,LYON,,Co Rd A42/240TH ST,Collision with:  Vehicle in traffic,On Roadway,Rear-end (front to rear),Followed too close,None Indicated,,Daylight,Dry,Cloudy,None apparent,Non-intersection:  Driveway access (within),Paved,,Major Injury,0,2,2,0,0,0,20000,2,18,,POINT (-96.395388809629 43.301789749247)
2014814180,14-001964,08/26/2014,08-August,3-Tuesday,10:34,1000 Hours,District 1 (Central),ALTOONA,POLK,,8TH ST SW & 36TH AVE SW,Collision with:  Vehicle in traffic,On Roadway,"Angle, oncoming left turn",FTYROW:  Making left turn,None Indicated,,Daylight,Dry,Cloudy,None apparent,Intersection:  Four-way intersection,Paved,,Possible/Unknown,0,2,0,0,2,0,10000,2,2,,POINT (-93.506138945854 41.644172078041)
2014814473,2014049910,08/26/2014,08-August,3-Tuesday,06:30,0600 Hours,District 6 (East Central),CORALVILLE,JOHNSON,I-80,I-80,Collision with fixed object:  Traffic sign support,Shoulder,Non-collision (single vehicle),Swerving/Evasive Action,None Indicated,,Daylight,Wet,Cloudy,None apparent,"Interchange-related:  Off-ramp, diverge area",Paved,,Property Damage Only,0,0,0,0,0,0,9000,1,1,,POINT (-91.583118765003 41.689423642538)
2014815253,02-14-12485,08/26/2014,08-August,3-Tuesday,18:01,1800 Hours,District 6 (East Central),,DUBUQUE,US 151,US 151 & RYAN RD & LARKIN RD,Collision with:  Vehicle in traffic,On Roadway,Rear-end (front to rear),Followed too close,None Indicated,,Daylight,Dry,Clear,None apparent,Intersection:  Four-way intersection,Paved,,Property Damage Only,0,0,0,0,0,0,4000,2,2,,POINT (-90.784085096921 42.375560252183)
2014814005,14-30320,08/26/2014,08-August,3-Tuesday,16:00,1600 Hours,District 5 (Southeast),WEST BURLINGTON,DES MOINES,,W AGENCY RD & S GEAR AVE,Collision with:  Vehicle in traffic,On Roadway,"Sideswipe, same direction",Crossed centerline (undivided),None Indicated,,Daylight,Dry,Clear,None apparent,Non-intersection:  Non-junction/no special feature,Paved,,Property Damage Only,0,0,0,0,0,0,4000,2,2,,POINT (-91.170198359354 40.811751789417)
2014815228,01-14-037134,08/26/2014,08-August,3-Tuesday,15:12,1500 Hours,District 6 (East Central),DUBUQUE,DUBUQUE,,LINCOLN ST,Collision with:  Non-motorist (see non-motorist section - NOT a unit),Outside trafficway,Non-collision (single vehicle),Other (explain in narrative):  No improper action,None Indicated,,Daylight,Dry,Clear,None apparent,Non-intersection:  Non-junction/no special feature,Paved,,Possible/Unknown,0,1,0,0,1,0,100,1,1,,POINT (-90.665196357688 42.515528176569)
2014813998,W14-085942,08/26/2014,08-August,3-Tuesday,15:00,1500 Hours,District 2 (Northeast),WATERLOO,BLACK HAWK,US 63,US 63/W 1ST ST & SYCAMORE ST,Collision with:  Vehicle in traffic,On Roadway,Broadside (front to side),Ran Traffic Signal,None Indicated,,Daylight,Dry,Clear,None apparent,Intersection:  Four-way intersection,Paved,,Minor Injury,0,2,0,2,0,0,8000,2,4,,POINT (-92.340192917332 42.501044895046)
2014814188,2014-60031,08/26/2014,08-August,3-Tuesday,11:41,1100 Hours,District 6 (East Central),DAVENPORT,SCOTT,,CLAY ST & WASHINGTON ST,Collision with:  Vehicle in traffic,On Roadway,"Angle, oncoming left turn",FTYROW:  Making left turn,None Indicated,,Daylight,Dry,Cloudy,None apparent,Non-intersection:  Driveway access (within),Paved,,Minor Injury,0,2,0,2,0,0,3300,2,2,,POINT (-90.59615501241 41.53781808759)
2014814029,14-5638,08/26/2014,08-August,3-Tuesday,17:05,1700 Hours,District 1 (Central),PLEASANT HILL,POLK,,Co Rd F70/SE VANDALIA DR,Collision with fixed object:  Guardrail - face,Shoulder,Non-collision (single vehicle),"Operating vehicle in an reckless, erratic, careless, negligent manner",Refused,,Daylight,Dry,Cloudy,None apparent,Non-intersection:  Non-junction/no special feature,Paved,,Property Damage Only,0,0,0,0,0,0,4000,1,1,,POINT (-93.49931131053 41.563866280244)
2014814659,W14-086066,08/26/2014,08-August,3-Tuesday,21:30,2100 Hours,District 2 (Northeast),WATERLOO,BLACK HAWK,,EASTON AVE & W 9TH ST,Collision with:  Vehicle in traffic,On Roadway,Broadside (front to side),FTYROW:  From stop sign,None Indicated,,Dark - roadway not lighted,Dry,Clear,None apparent,Intersection:  Four-way intersection,Paved,,Property Damage Only,0,0,0,0,0,0,3000,2,3,,POINT (-92.342433872381 42.473013566036)
2014815508,,08/26/2014,08-August,3-Tuesday,16:45,1600 Hours,District 1 (Central),WEST DES MOINES,POLK,,WESTOWN PKWY & 35TH ST/VALLEY WEST DR,Collision with:  Vehicle in traffic,On Roadway,Rear-end (front to rear),Unknown,None Indicated,,Daylight,Dry,Clear,,Non-intersection:  Non-junction/no special feature,Paved,,Property Damage Only,0,0,0,0,0,0,2275,2,3,,POINT (-93.751845756921 41.594540080136)
2014814231,2014009286,08/26/2014,08-August,3-Tuesday,15:16,1500 Hours,District 6 (East Central),IOWA CITY,JOHNSON,,N RIVERSIDE DR,Collision with:  Vehicle in traffic,On Roadway,Rear-end (front to rear),Improper Backing,None Indicated,,Daylight,Dry,Clear,None apparent,Non-intersection:  Non-junction/no special feature,Paved,,Property Damage Only,0,0,0,0,0,0,2000,2,2,,POINT (-91.540307474311 41.669676200208)
2014814896,,08/26/2014,08-August,3-Tuesday,20:51,2000 Hours,District 4 (Southwest),,MADISON,,ADAIR-MADISON LN,Collision with:  Animal,On Roadway,Non-collision (single vehicle),Animal,None Indicated,,Dark - roadway not lighted,"Mud, dirt",Clear,None apparent,Non-intersection:  Non-junction/no special feature,Unpaved,,Property Damage Only,0,0,0,0,0,0,2800,1,3,,POINT (-94.241572730149 41.278173526753)
2014815113,,08/26/2014,08-August,3-Tuesday,16:44,1600 Hours,District 6 (East Central),CEDAR RAPIDS,LINN,US 30,US 30/NE RAMP,Collision with:  Vehicle in traffic,On Roadway,Rear-end (front to rear),Unknown,None Indicated,,Daylight,Dry,Clear,,Non-intersection:  Other non-intersection (explain in narrative),Paved,,Possible/Unknown,0,2,0,0,2,0,23531,5,6,,POINT (-91.714224045992 41.939910712193)
2014814570,2014-60125,08/26/2014,08-August,3-Tuesday,17:12,1700 Hours,District 6 (East Central),DAVENPORT,SCOTT,,E 29TH ST & FARNAM ST,Collision with:  Vehicle in traffic,On Roadway,Broadside (front to side),Ran Stop Sign,None Indicated,,Daylight,Dry,Clear,None apparent,Intersection:  Four-way intersection,Paved,,Property Damage Only,0,0,0,0,0,0,2500,2,2,,POINT (-90.5670077716 41.549183264599)
2014814455,2014049950,08/26/2014,08-August,3-Tuesday,16:09,1600 Hours,District 1 (Central),AMES,STORY,I-35,I-35,Collision with:  Vehicle in traffic,On Roadway,"Sideswipe, same direction",FTYROW:  Other (explain in narrative),None Indicated,,Daylight,Dry,Clear,None apparent,Interchange-related:  On-ramp merge area,Paved,,Property Damage Only,0,0,0,0,0,0,6200,2,3,,POINT (-93.571176201535 42.008826512514)
2014814018,201412628,08/27/2014,08-August,4-Wednesday,08:37,0800 Hours,District 6 (East Central),CEDAR RAPIDS,LINN,,21ST AVE SW & MALLORY ST SW,Collision with:  Vehicle in traffic,On Roadway,Broadside (front to side),Made improper turn,None Indicated,,Daylight,Dry,Cloudy,None apparent,Intersection:  Four-way intersection,Paved,,Property Damage Only,0,0,0,0,0,0,9000,2,3,,POINT (-91.661207858593 41.957740953674)
2014814175,20140025177,08/27/2014,08-August,4-Wednesday,18:00,1800 Hours,District 1 (Central),DES MOINES,POLK,I-235,I-235 & SCHOOL ST & MLK JR PKWY,Collision with:  Vehicle in traffic,On Roadway,"Sideswipe, same direction",Improper or erratic lane changing,None Indicated,,Daylight,Dry,Clear,None apparent,Intersection:  Four-way intersection,Paved,,Property Damage Only,0,0,0,0,0,0,3000,2,3,,POINT (-93.644284721363 41.595319280291)
2014814193,14-2632,08/27/2014,08-August,4-Wednesday,17:05,1700 Hours,District 1 (Central),FORT DODGE,WEBSTER,,1ST AVE S,Collision with:  Vehicle in traffic,On Roadway,"Sideswipe, same direction",FTYROW:  From driveway,None Indicated,,Daylight,Dry,Cloudy,None apparent,Non-intersection:  Driveway access (within),Paved,,Property Damage Only,0,0,0,0,0,0,3600,2,4,,POINT (-94.158657383414 42.505255194514)
2014814380,2014009320,08/27/2014,08-August,4-Wednesday,13:59,1300 Hours,District 6 (East Central),IOWA CITY,JOHNSON,,E PRENTISS ST & S DUBUQUE ST,Collision with:  Vehicle in traffic,On Roadway,Broadside (front to side),FTYROW:  From stop sign,None Indicated,,Daylight,Dry,Cloudy,None apparent,Intersection:  Four-way intersection,Paved,,Property Damage Only,0,0,0,0,0,0,6500,2,2,,POINT (-91.533205992627 41.654427243881)
2014814360,14-28145,08/27/2014,08-August,4-Wednesday,15:31,1500 Hours,District 3 (Northwest),SIOUX CITY,WOODBURY,,GLENN AVE & S PATTERSON ST,Collision with:  Vehicle in traffic,On Roadway,Rear-end (front to rear),Other (explain in narrative):  Other,None Indicated,,Daylight,Dry,Cloudy,None apparent,Intersection:  Four-way intersection,Paved,,Property Damage Only,0,0,0,0,0,0,4000,2,2,,POINT (-96.353583365031 42.465398414208)
2014814148,14018208,08/27/2014,08-August,4-Wednesday,17:16,1700 Hours,District 6 (East Central),MARION,LINN,,6TH AVE & 19TH ST,Collision with:  Non-motorist (see non-motorist section - NOT a unit),On Roadway,Non-collision (single vehicle),FTYROW:  To pedestrian,None Indicated,,Daylight,Dry,Cloudy,None apparent,Non-intersection:  Non-junction/no special feature,Paved,,Minor Injury,0,1,0,1,0,0,0,1,1,,POINT (-91.591037851757 42.032356622378)
2014814593,14-001096,08/27/2014,08-August,4-Wednesday,08:35,0800 Hours,District 1 (Central),AMES,STORY,,MORTENSON RD,Collision with:  Vehicle in traffic,On Roadway,Rear-end (front to rear),Swerving/Evasive Action,None Indicated,,Daylight,Dry,Clear,None apparent,Non-intersection:  Non-junction/no special feature,Paved,,Property Damage Only,0,0,0,0,0,0,2500,2,2,,POINT (-93.660946895182 42.011875297934)
2014814998,14-003968,08/27/2014,08-August,4-Wednesday,14:21,1400 Hours,District 1 (Central),AMES,STORY,,LINCOLN WAY,Collision with:  Vehicle in traffic,On Roadway,Rear-end (front to rear),Followed too close,None Indicated,,Daylight,Dry,Cloudy,Work Zone (roadway-related),Non-intersection:  Non-junction/no special feature,Paved,Yes,Property Damage Only,0,0,0,0,0,0,3500,2,2,,POINT (-93.649126254739 42.022822701006)
2014814223,201403930,08/27/2014,08-August,4-Wednesday,12:43,1200 Hours,District 1 (Central),,BOONE,US 30,US 30/230TH ST & W AVE,Collision with:  Vehicle in traffic,On Roadway,Broadside (front to side),FTYROW:  From stop sign,None Indicated,,Daylight,Dry,Cloudy,None apparent,Intersection:  Four-way intersection,Paved,,Possible/Unknown,0,1,0,0,1,0,8000,2,2,,POINT (-93.73776434246 42.023061758907)
2014814421,2014-4163,08/27/2014,08-August,4-Wednesday,12:25,1200 Hours,District 4 (Southwest),WAUKEE,DALLAS,,Co Rd R22/UTE AVE & 300TH ST & 6TH ST & PROP UNIVERSITY AVE,Collision with:  Vehicle in traffic,On Roadway,Broadside (front to side),Other (explain in narrative):  Vision obstructed,None Indicated,,Daylight,Wet,Rain,None apparent,Non-intersection:  Non-junction/no special feature,Paved,,Possible/Unknown,0,1,0,0,1,0,4100,2,2,,POINT (-93.885435458118 41.600398238319)
2014814006,14-1358,08/27/2014,08-August,4-Wednesday,01:42,0100 Hours,District 1 (Central),,GREENE,,230TH,Collision with:  Animal,,,Animal,None Indicated,,,,,,,Unpaved,,Property Damage Only,0,0,0,0,0,0,10000,1,1,,POINT (-94.509701012064 42.022663681979)
2014814304,201412644,08/27/2014,08-August,4-Wednesday,15:17,1500 Hours,District 6 (East Central),CEDAR RAPIDS,LINN,IA 922,IA 922/1ST AVE E & 15TH ST SE & 15TH ST NE,Collision with:  Vehicle in traffic,On Roadway,Broadside (front to side),Ran Traffic Signal,None Indicated,,Daylight,Dry,Cloudy,None apparent,Intersection:  Four-way intersection,Paved,,Property Damage Only,0,0,0,0,0,0,3000,2,2,,POINT (-91.652314196774 41.98811468626)
2014814222,14-036261,08/27/2014,08-August,4-Wednesday,15:34,1500 Hours,District 4 (Southwest),COUNCIL BLUFFS,POTTAWATTAMIE,,AVE B & N 15TH ST,Collision with:  Vehicle in traffic,On Roadway,Broadside (front to side),Ran Stop Sign,None Indicated,,Daylight,Wet,Cloudy,None apparent,Intersection:  Four-way intersection,Paved,,Possible/Unknown,0,2,0,0,2,0,4500,2,3,,POINT (-95.865924457362 41.263603394077)
2014814358,14-28109,08/27/2014,08-August,4-Wednesday,11:43,1100 Hours,District 3 (Northwest),SIOUX CITY,WOODBURY,,18TH ST & PIERCE ST,Collision with:  Vehicle in traffic,On Roadway,Rear-end (front to rear),Improper Backing,None Indicated,,Daylight,Wet,Rain,None apparent,Intersection:  Four-way intersection,Paved,,Property Damage Only,0,0,0,0,0,0,3300,2,2,,POINT (-96.405080131964 42.509152956159)
2014817991,14-003677,08/27/2014,08-August,4-Wednesday,17:14,1700 Hours,District 1 (Central),ANKENY,POLK,US 69,US 69/S ANKENY BLVD,Collision with:  Vehicle in traffic,On Roadway,Rear-end (front to rear),Followed too close,None Indicated,,Daylight,Dry,Clear,None apparent,Non-intersection:  Non-junction/no special feature,Paved,,Property Damage Only,0,0,0,0,0,0,5500,2,2,,POINT (-93.600375521499 41.729240942999)
2014814289,P14-009947,08/27/2014,08-August,4-Wednesday,07:38,0700 Hours,District 1 (Central),WEBSTER CITY,HAMILTON,IA 17,IA 17/BRIGGS WOOD RD & CLOSZ DR,Collision with:  Vehicle in traffic,On Roadway,Head-on (front to front),Other (explain in narrative):  Vision obstructed,None Indicated,,Daylight,Dry,Cloudy,None apparent,Intersection:  Four-way intersection,Paved,,Possible/Unknown,0,1,0,0,1,0,5800,2,2,,POINT (-93.815416089076 42.445449950955)
2014814138,W14-086270,08/27/2014,08-August,4-Wednesday,13:15,1300 Hours,District 2 (Northeast),WATERLOO,BLACK HAWK,,INDEPENDENCE AVE & MOHAWK ST,Collision with:  Vehicle in traffic,On Roadway,Head-on (front to front),Crossed centerline (undivided),None Indicated,,Daylight,Dry,Clear,None apparent,Non-intersection:  Non-junction/no special feature,Paved,,Property Damage Only,0,0,0,0,0,0,10000,2,2,,POINT (-92.316550676371 42.498330675087)
2014815091,2014050111,08/27/2014,08-August,4-Wednesday,11:45,1100 Hours,District 2 (Northeast),CLEAR LAKE,CERRO GORDO,I-35,I-35,Non-collision events:  Other non-collision (explain in narrative),Shoulder,Non-collision (single vehicle),Other (explain in narrative):  No improper action,None Indicated,,Daylight,Dry,Cloudy,None apparent,Non-intersection:  Non-junction/no special feature,Paved,,Property Damage Only,0,0,0,0,0,0,16000,1,1,,POINT (-93.348864603506 43.204296047026)
2014814171,20140025142,08/27/2014,08-August,4-Wednesday,14:13,1400 Hours,District 1 (Central),DES MOINES,POLK,,SHERIDAN AVE,Collision with:  Vehicle in traffic,On Roadway,"Sideswipe, same direction",FTYROW:  From parked position,None Indicated,,Daylight,Dry,Cloudy,None apparent,Non-intersection:  Non-junction/no special feature,Paved,,Property Damage Only,0,0,0,0,0,0,4000,2,2,,POINT (-93.673677325495 41.619091971788)
2014815038,146557PD,08/27/2014,08-August,4-Wednesday,10:30,1000 Hours,District 1 (Central),BOONE,BOONE,US 30,US 30/220TH ST & S LINN ST,Collision with:  Vehicle in traffic,On Roadway,Broadside (front to side),FTYROW:  From yield sign,None Indicated,,Daylight,Dry,Cloudy,None apparent,Intersection:  Four-way intersection,Paved,,Property Damage Only,0,0,0,0,0,0,4500,2,2,,POINT (-93.873617985674 42.034645196798)
2014814642,S014-1052,08/27/2014,08-August,4-Wednesday,13:25,1300 Hours,District 2 (Northeast),,WRIGHT,,210TH ST,Non-collision events:  Overturn/rollover,On Roadway,Non-collision (single vehicle),Ran off road - right,None Indicated,,Daylight,Dry,Clear,None apparent,Non-intersection:  Non-junction/no special feature,Paved,,Possible/Unknown,0,1,0,0,1,0,5000,1,1,,POINT (-93.764863940908 42.74612817493)
2014814036,20140025115,08/27/2014,08-August,4-Wednesday,09:15,0900 Hours,District 1 (Central),DES MOINES,POLK,,LELAND AVE & SW 5TH ST,Collision with:  Vehicle in traffic,On Roadway,Broadside (front to side),Ran Stop Sign,None Indicated,,Daylight,Dry,Cloudy,None apparent,Intersection:  Four-way intersection,Paved,,Property Damage Only,0,0,0,0,0,0,2000,2,2,,POINT (-93.619945747629 41.52827671061)
2014816070,,08/27/2014,08-August,4-Wednesday,18:15,1800 Hours,District 6 (East Central),,BUCHANAN,,145TH ST,Collision with fixed object:  Mailbox,On Roadway,Non-collision (single vehicle),Other (explain in narrative):  Other,None Indicated,,,,,,,Unpaved,,Property Damage Only,0,0,0,0,0,0,4060,2,2,,POINT (-92.047465950223 42.576398784135)