Iowa DOT Case Number,Law Enforcement Case Number,Date of Crash,Month of Crash,Day of Week,Time of Crash,Hour,DOT District,City Name,County Name,Route with System,Location Description,First Harmful Event,Location of First Harmful Event,Manner of Crash/Collision,Major Cause,Drug or Alcohol ,Environmental Conditions,Light Conditions,Surface Conditions,Weather Conditions,Roadway Contribution,Roadway Type,Roadway Surface,Work Zone,Crash Severity,Number of Fatalities,Number of Injuries,Number of Major Injuries,Number of Minor Injuries,Number of Possible Injuries,Number of Unknown Injuries,Amount of Property Damage,Number of Vehicles Involved,Total Number of Occupants,Travel Direction,Location
2014814162,20140025136,08/27/2014,08-August,4-Wednesday,13:19,1300 Hours,District 1 (Central),DES MOINES,POLK,US 69,US 69/SE 14TH ST & E LACONA AVE,Collision with:  Vehicle in traffic,On Roadway,Broadside (front to side),Ran Stop Sign,None Indicated,,Daylight,Dry,Cloudy,None apparent,Intersection:  Four-way intersection,Paved,,Possible/Unknown,0,1,0,0,1,0,3500,2,4,,POINT (-93.596900629189 41.56401358518)
2014814107,14-036251,08/27/2014,08-August,4-Wednesday,12:30,1200 Hours,District 4 (Southwest),COUNCIL BLUFFS,POTTAWATTAMIE,US 6,US 6/W BROADWAY,Collision with:  Vehicle in traffic,On Roadway,Rear-end (front to rear),Lost Control,None Indicated,,Daylight,Wet,Rain,None apparent,Non-intersection:  Other non-intersection (explain in narrative),Paved,,Possible/Unknown,0,2,0,0,1,1,1800,2,3,,POINT (-95.856646141273 41.261870783229)
2014814176,20140025212,08/27/2014,08-August,4-Wednesday,23:28,2300 Hours,District 1 (Central),DES MOINES,POLK,US 6,US 6/E EUCLID AVE & US 69/E 14TH ST,Collision with:  Vehicle in traffic,On Roadway,Head-on (front to front),FTYROW:  Making left turn,None Indicated,,Dark - roadway lighted,Dry,Clear,None apparent,Intersection:  Four-way intersection,Paved,,Property Damage Only,0,0,0,0,0,0,10000,2,2,,POINT (-93.600501136519 41.627721089175)
2014815229,01-14-037173,08/27/2014,08-August,4-Wednesday,17:33,1700 Hours,District 6 (East Central),DUBUQUE,DUBUQUE,,BLUFF ST,Collision with:  Vehicle in traffic,On Roadway,Rear-end (front to rear),Followed too close,None Indicated,,Daylight,Dry,Clear,None apparent,Interchange-related:  On-ramp merge area,Paved,,Property Damage Only,0,0,0,0,0,0,3000,2,3,,POINT (-90.667516462534 42.492098858478)
2014814997,14-003966,08/27/2014,08-August,4-Wednesday,12:12,1200 Hours,District 1 (Central),AMES,STORY,,LINCOLN WAY & S HYLAND AVE,Collision with:  Non-motorist (see non-motorist section - NOT a unit),On Roadway,Non-collision (single vehicle),Other (explain in narrative):  No improper action,None Indicated,,Daylight,Dry,Cloudy,None apparent,Non-intersection:  Non-junction/no special feature,Paved,,Minor Injury,0,3,0,2,0,1,1000,1,1,,POINT (-93.655587566162 42.022731938951)
2014817049,2014050045,08/27/2014,08-August,4-Wednesday,09:56,0900 Hours,District 6 (East Central),SOLON,JOHNSON,IA 1,IA 1/S MARKET ST & E HAGANMAN LN,Collision with:  Vehicle in traffic,On Roadway,"Sideswipe, same direction",Swerving/Evasive Action,None Indicated,,Daylight,Dry,Cloudy,None apparent,Intersection:  Four-way intersection,Paved,,Property Damage Only,0,0,0,0,0,0,4500,2,3,,POINT (-91.490736223484 41.797904051838)
2014815242,01-14-37164,08/27/2014,08-August,4-Wednesday,14:13,1400 Hours,District 6 (East Central),DUBUQUE,DUBUQUE,,BROADWAY ST,Collision with fixed object:  Utility pole/light support,Shoulder,Non-collision (single vehicle),Ran off road - left,None Indicated,,Daylight,Dry,Cloudy,None apparent,Non-intersection:  Non-junction/no special feature,Paved,,Property Damage Only,0,0,0,0,0,0,7700,1,1,,POINT (-90.680802427704 42.521428452929)
2014815312,2014050011,08/27/2014,08-August,4-Wednesday,07:30,0700 Hours,District 1 (Central),,STORY,I-35,I-35,Collision with:  Vehicle in traffic,On Roadway,Rear-end (front to rear),Followed too close,None Indicated,,Daylight,Dry,Clear,Other (explain in narrative),Interchange-related:  On-ramp merge area,Paved,,Minor Injury,0,3,0,1,2,0,20600,5,6,,POINT (-93.571119754187 42.006566134363)
2014814035,20140025131,08/27/2014,08-August,4-Wednesday,12:52,1200 Hours,District 1 (Central),DES MOINES,POLK,,FOREST AVE & 19TH ST,Collision with:  Vehicle in traffic,On Roadway,Broadside (front to side),Ran Traffic Signal,None Indicated,,Daylight,Dry,Cloudy,None apparent,Intersection:  Four-way intersection,Paved,,Possible/Unknown,0,1,0,0,1,0,6000,2,3,,POINT (-93.642691286366 41.604029181822)
2014814178,14-4247,08/27/2014,08-August,4-Wednesday,16:53,1600 Hours,District 1 (Central),WEST DES MOINES,POLK,I-35,I-35,Collision with fixed object:  Concrete traffic barrier (median or right side),On Roadway,Non-collision (single vehicle),Swerving/Evasive Action,None Indicated,,Daylight,Dry,Clear,Work Zone (roadway-related),Non-intersection:  Non-junction/no special feature,Paved,Yes,Property Damage Only,0,0,0,0,0,0,10000,1,1,,POINT (-93.776644981795 41.560318879264)
2014814361,14-28151,08/27/2014,08-August,4-Wednesday,16:41,1600 Hours,District 3 (Northwest),SIOUX CITY,WOODBURY,IA 12,IA 12/GORDON DR & S MAPLE ST,Collision with:  Vehicle in traffic,On Roadway,Broadside (front to side),FTYROW:  Making left turn,None Indicated,,Daylight,Dry,Cloudy,None apparent,Intersection:  Four-way intersection,Paved,,Possible/Unknown,0,1,0,0,1,0,9000,2,3,,POINT (-96.339553523659 42.475776556205)
2014814359,14-28143,08/27/2014,08-August,4-Wednesday,15:30,1500 Hours,District 3 (Northwest),SIOUX CITY,WOODBURY,,FAIRMOUNT ST,Collision with:  Vehicle in traffic,On Roadway,Rear-end (front to rear),Followed too close,None Indicated,,Daylight,Dry,Cloudy,None apparent,Non-intersection:  Non-junction/no special feature,Paved,,Property Damage Only,0,0,0,0,0,0,2500,2,2,,POINT (-96.374455927382 42.491681624628)
2014814204,2014009340,08/27/2014,08-August,4-Wednesday,06:42,0600 Hours,District 6 (East Central),IOWA CITY,JOHNSON,,BURNS AVE & DAVIS ST,Collision with:  Vehicle in traffic,Roadside,Rear-end (front to rear),Unknown,None Indicated,,Daylight,Dry,Clear,None apparent,Non-intersection:  Non-junction/no special feature,Paved,,Property Damage Only,0,0,0,0,0,0,3000,2,2,,POINT (-91.517178483138 41.635352167364)
2014814219,2014009339,08/27/2014,08-August,4-Wednesday,21:48,2100 Hours,District 6 (East Central),IOWA CITY,JOHNSON,,W BENTON ST & OAKNOLL DR,Collision with:  Vehicle in traffic,On Roadway,Broadside (front to side),Ran Stop Sign,None Indicated,,Dark - roadway not lighted,Dry,Cloudy,None apparent,Intersection:  T-intersection,Paved,,Property Damage Only,0,0,0,0,0,0,6000,2,2,,POINT (-91.554611656612 41.650456225982)
2014814347,GP20140698,08/27/2014,08-August,4-Wednesday,21:07,2100 Hours,District 1 (Central),GRINNELL,POWESHIEK,IA 146,IA 146/WEST ST,Collision with:  Vehicle in traffic,On Roadway,Rear-end (front to rear),Other (explain in narrative):  Other,None Indicated,,Dark - roadway lighted,Dry,Cloudy,None apparent,Non-intersection:  Driveway access (within),Paved,,Property Damage Only,0,0,0,0,0,0,10000,2,5,,POINT (-92.727338811396 41.728198078557)
2014814274,14005295,08/27/2014,08-August,4-Wednesday,19:00,1900 Hours,District 2 (Northeast),,CERRO GORDO,,Co Rd B65/BALSAM AVE,Non-collision events:  Overturn/rollover,On Roadway,Non-collision (single vehicle),Driving too fast for conditions,None Indicated,,Daylight,Dry,Cloudy,None apparent,Non-intersection:  Non-junction/no special feature,Paved,,Minor Injury,0,1,0,1,0,0,2000,1,1,,POINT (-93.476884617799 42.936683946894)
2014814021,14018171,08/27/2014,08-August,4-Wednesday,08:24,0800 Hours,District 6 (East Central),MARION,LINN,,29TH AVE & INDIAN CREEK CIR,Collision with fixed object:  Utility pole/light support,On Roadway,Non-collision (single vehicle),Lost Control,None Indicated,,Daylight,Dry,Clear,None apparent,Non-intersection:  Non-junction/no special feature,Paved,,Property Damage Only,0,0,0,0,0,0,1800,1,2,,POINT (-91.598503980142 42.050478696718)
2014815241,01-14-37155,08/27/2014,08-August,4-Wednesday,10:04,1000 Hours,District 6 (East Central),DUBUQUE,DUBUQUE,,MONROE ST & BROADWAY ST,Collision with:  Vehicle in traffic,On Roadway,"Angle, oncoming left turn",FTYROW:  At uncontrolled intersection,None Indicated,,Daylight,Dry,Clear,None apparent,Intersection:  Other intersection (explain in narrative),Paved,,Property Damage Only,0,0,0,0,0,0,2400,2,2,,POINT (-90.680170485584 42.519425506964)
2014814781,14-010414,08/27/2014,08-August,4-Wednesday,20:47,2000 Hours,District 1 (Central),GLADBROOK,TAMA,,Co Rd T47/HWY T47,Collision with:  Animal,On Roadway,Non-collision (single vehicle),Animal,None Indicated,,Dark - roadway not lighted,Dry,Clear,None apparent,Non-intersection:  Non-junction/no special feature,Paved,,Property Damage Only,0,0,0,0,0,0,2000,1,1,,POINT (-92.708147380545 42.120224830347)
2014818941,14-4245,08/27/2014,08-August,4-Wednesday,15:20,1500 Hours,District 1 (Central),WEST DES MOINES,POLK,,BUFFALO RD,Collision with:  Vehicle in traffic,On Roadway,Rear-end (front to rear),Other (explain in narrative):  Other,None Indicated,,Daylight,Dry,Cloudy,None apparent,Non-intersection:  Non-junction/no special feature,Paved,,Property Damage Only,0,0,0,0,0,0,2600,3,7,,POINT (-93.722944767125 41.598121171225)
2014814172,20140025144,08/27/2014,08-August,4-Wednesday,14:43,1400 Hours,District 1 (Central),DES MOINES,POLK,,E 33RD ST,Collision with:  Non-motorist (see non-motorist section - NOT a unit),Outside trafficway,Non-collision (single vehicle),FTYROW:  Making left turn,None Indicated,,Daylight,Dry,Cloudy,None apparent,Non-intersection:  Driveway access (within),Paved,,Minor Injury,0,1,0,1,0,0,100,1,1,,POINT (-93.551542346026 41.627407971363)
2014814622,14-036254,08/27/2014,08-August,4-Wednesday,14:33,1400 Hours,District 4 (Southwest),COUNCIL BLUFFS,POTTAWATTAMIE,,BENNETT AVE & MADISON AVE & W BENNETT AVE,Collision with:  Vehicle in traffic,On Roadway,Broadside (front to side),Ran Traffic Signal,None Indicated,,Daylight,Wet,Rain,None apparent,Intersection:  Four-way intersection,Paved,,Property Damage Only,0,0,0,0,0,0,6000,2,2,,POINT (-95.827778723697 41.244850399505)
2014819342,1408-059,08/27/2014,08-August,4-Wednesday,22:40,2200 Hours,District 3 (Northwest),,OSCEOLA,,Co Rd A22/170TH ST & Co Rd L54/STARLING AVE,Collision with:  Animal,On Roadway,Non-collision (single vehicle),Animal,None Indicated,,Dark - roadway not lighted,Dry,Cloudy,None apparent,Intersection:  Four-way intersection,Paved,,Property Damage Only,0,0,0,0,0,0,1500,1,1,,POINT (-95.584643563272 43.402724007031)
2014816017,2014050038,08/27/2014,08-August,4-Wednesday,08:58,0800 Hours,District 1 (Central),,POWESHIEK,I-80,I-80,Collision with:  Vehicle in traffic,On Roadway,"Sideswipe, same direction",Improper or erratic lane changing,None Indicated,,Daylight,Dry,Cloudy,None apparent,Non-intersection:  Other non-intersection (explain in narrative),Paved,,Property Damage Only,0,0,0,0,0,0,1700,2,2,,POINT (-92.722331378075 41.695976668223)
2014814574,2014-60466,08/27/2014,08-August,4-Wednesday,20:15,2000 Hours,District 6 (East Central),DAVENPORT,SCOTT,US 6,US 6/SPRUCE HILLS DR & ELMORE AVE,Collision with:  Vehicle in traffic,On Roadway,"Sideswipe, same direction",Other (explain in narrative):  Other,None Indicated,,Dark - roadway lighted,Dry,Clear,None apparent,Non-intersection:  Non-junction/no special feature,Paved,,Property Damage Only,0,0,0,0,0,0,2500,2,3,,POINT (-90.527283170962 41.55496408114)
2014814894,,08/27/2014,08-August,4-Wednesday,09:09,0900 Hours,District 2 (Northeast),NEW HAMPTON,CHICKASAW,IA 24,IA 24/W MAIN ST,Collision with:  Parked motor vehicle,On Roadway,"Sideswipe, same direction",Swerving/Evasive Action,None Indicated,,Daylight,Dry,Clear,None apparent,Non-intersection:  Non-junction/no special feature,Paved,,Property Damage Only,0,0,0,0,0,0,3200,2,1,,POINT (-92.317291520579 43.059289781863)
2014814979,2014-60452,08/27/2014,08-August,4-Wednesday,19:02,1900 Hours,District 6 (East Central),DAVENPORT,SCOTT,,S CONCORD ST & BOIES AVE,Collision with:  Non-motorist (see non-motorist section - NOT a unit),On Roadway,Non-collision (single vehicle),Other (explain in narrative):  No improper action,None Indicated,,Daylight,Dry,Clear,None apparent,Intersection:  Four-way intersection,Paved,,Major Injury,0,1,1,0,0,0,1500,1,1,,POINT (-90.621700659221 41.511618363316)
2014814798,14-28118,08/27/2014,08-August,4-Wednesday,12:48,1200 Hours,District 3 (Northwest),SIOUX CITY,WOODBURY,,S YORK ST,Collision with:  Vehicle in traffic,On Roadway,"Angle, oncoming left turn",Made improper turn,None Indicated,,Daylight,Wet,Cloudy,None apparent,Non-intersection:  Non-junction/no special feature,Paved,,Property Damage Only,0,0,0,0,0,0,1900,2,2,,POINT (-96.372081359994 42.434374664024)
2014815411,2014-18524,08/27/2014,08-August,4-Wednesday,15:23,1500 Hours,District 5 (Southeast),INDIANOLA,WARREN,US 65,US 65/N JEFFERSON WAY & E KENTUCKY AVE,Collision with:  Vehicle in traffic,On Roadway,Broadside (front to side),FTYROW:  From stop sign,None Indicated,,Daylight,Dry,Clear,None apparent,Intersection:  Four-way intersection,Paved,,Possible/Unknown,0,1,0,0,1,0,5000,2,3,,POINT (-93.558449937114 41.371348220475)
2014814077,14-0470,08/27/2014,08-August,4-Wednesday,13:00,1300 Hours,District 1 (Central),,WEBSTER,,Co Rd P56/NELSON AVE,Collision with fixed object:  Ditch,On Roadway,Non-collision (single vehicle),Ran off road - left,Drug,,Daylight,Dry,Clear,None apparent,Non-intersection:  Non-junction/no special feature,Paved,,Minor Injury,0,2,0,2,0,0,5000,1,2,,POINT (-94.178157870589 42.569491815258)
2014814212,S14-003866,08/27/2014,08-August,4-Wednesday,05:12,0500 Hours,District 4 (Southwest),SHELBY,POTTAWATTAMIE,,EAST ST,Collision with:  Vehicle in traffic,On Roadway,Broadside (front to side),Swerving/Evasive Action,None Indicated,,Dark - roadway lighted,Wet,Rain,None apparent,Non-intersection:  Non-junction/no special feature,Paved,,Property Damage Only,0,0,0,0,0,0,3000,2,2,,POINT (-95.451089801828 41.502370697456)
2014831339,140827PM01,08/27/2014,08-August,4-Wednesday,18:20,1800 Hours,District 3 (Northwest),ORANGE CITY,SIOUX,IA 10,IA 10/8TH ST SW,Collision with:  Vehicle in traffic,On Roadway,Rear-end (front to rear),Followed too close,None Indicated,,Daylight,Dry,Cloudy,None apparent,Non-intersection:  Non-junction/no special feature,Paved,,Property Damage Only,0,0,0,0,0,0,1600,2,2,,POINT (-96.059472606401 42.997533471582)
2014814572,2014-60378,08/27/2014,08-August,4-Wednesday,14:00,1400 Hours,District 6 (East Central),DAVENPORT,SCOTT,,W 4TH ST & RIPLEY ST,Collision with:  Vehicle in traffic,On Roadway,"Sideswipe, same direction",Crossed centerline (undivided),None Indicated,,Daylight,Dry,Clear,None apparent,Non-intersection:  Non-junction/no special feature,Paved,,Property Damage Only,0,0,0,0,0,0,3000,2,2,,POINT (-90.578503389042 41.523541624014)
2014814196,14-036265,08/27/2014,08-August,4-Wednesday,15:55,1500 Hours,District 4 (Southwest),COUNCIL BLUFFS,POTTAWATTAMIE,IA 192,IA 192/SE RAMP & 16TH AVE & S 6TH ST,Collision with:  Vehicle in traffic,On Roadway,Rear-end (front to rear),Followed too close,None Indicated,,Daylight,Wet,Rain,None apparent,Non-intersection:  Non-junction/no special feature,Paved,,Property Damage Only,0,0,0,0,0,0,1500,2,3,,POINT (-95.853080427222 41.246594410291)
2014814487,1408272811,08/27/2014,08-August,4-Wednesday,21:00,2100 Hours,District 6 (East Central),,CLINTON,,Co Rd Y62/260 AVE/252 ST,Collision with fixed object:  Ditch,Outside trafficway,Non-collision (single vehicle),Ran Stop Sign,None Indicated,,Dark - roadway not lighted,Dry,Clear,None apparent,Intersection:  T-intersection,Paved,,Property Damage Only,0,0,0,0,0,0,3500,1,1,,POINT (-90.58759297722 41.811194280363)
2014814156,14-003668,08/27/2014,08-August,4-Wednesday,08:20,0800 Hours,District 1 (Central),ANKENY,POLK,I-35,I-35,Collision with:  Vehicle in traffic,On Roadway,"Sideswipe, same direction",FTYROW:  Other (explain in narrative),None Indicated,,Daylight,Dry,Cloudy,None apparent,Non-intersection:  Non-junction/no special feature,Paved,,Property Damage Only,0,0,0,0,0,0,4000,2,2,,POINT (-93.575650917543 41.657400762113)
2014816810,14002528,08/27/2014,08-August,4-Wednesday,07:35,0700 Hours,District 6 (East Central),DUBUQUE,DUBUQUE,,LORAS BLVD & LOCUST ST S,Collision with:  Vehicle in traffic,On Roadway,Broadside (front to side),Ran Traffic Signal,None Indicated,,Daylight,Dry,Clear,None apparent,Intersection:  Four-way intersection,Paved,,Property Damage Only,0,0,0,0,0,0,3000,2,3,,POINT (-90.670927001154 42.505441950543)
2014814200,2014009335,08/27/2014,08-August,4-Wednesday,18:36,1800 Hours,District 6 (East Central),IOWA CITY,JOHNSON,US 6,US 6 & VALLEY AVE,Collision with:  Vehicle in traffic,On Roadway,Rear-end (front to rear),Followed too close,None Indicated,,Daylight,Dry,Cloudy,None apparent,Non-intersection:  Non-junction/no special feature,Paved,,Property Damage Only,0,0,0,0,0,0,7500,2,5,,POINT (-91.552841606497 41.665151169673)
2014830247,AC-14-0051,08/27/2014,08-August,4-Wednesday,14:05,1400 Hours,District 6 (East Central),MONTICELLO,JONES,IA 38,IA 38/N CEDAR ST & W 5TH ST,Collision with fixed object:  Utility pole/light support,On Roadway,Non-collision (single vehicle),Other (explain in narrative):  Other,None Indicated,,Daylight,Dry,Cloudy,None apparent,Intersection:  T-intersection,Paved,,Minor Injury,0,1,0,1,0,0,6000,1,1,,POINT (-91.190952964621 42.242593616451)
2014814350,14-16607,08/27/2014,08-August,4-Wednesday,09:28,0900 Hours,District 6 (East Central),BETTENDORF,SCOTT,,SUMMIT HILLS DR & SPRUCE HILLS DR,Collision with:  Vehicle in traffic,On Roadway,Rear-end (front to rear),Lost Control,None Indicated,,Daylight,Dry,Cloudy,None apparent,Non-intersection:  Non-junction/no special feature,Paved,,Possible/Unknown,0,1,0,0,1,0,5000,2,2,,POINT (-90.51525637583 41.553416765333)
2014814086,14-036223,08/27/2014,08-August,4-Wednesday,06:40,0600 Hours,District 4 (Southwest),COUNCIL BLUFFS,POTTAWATTAMIE,,23RD AVE & S 7TH ST,Collision with:  Vehicle in traffic,On Roadway,Broadside (front to side),Ran Stop Sign,None Indicated,,Dawn,Dry,Cloudy,None apparent,Intersection:  Four-way intersection,Paved,,Property Damage Only,0,0,0,0,0,0,1700,2,3,,POINT (-95.854924066382 41.239334565917)
2014814207,14-30425,08/27/2014,08-August,4-Wednesday,09:54,0900 Hours,District 5 (Southeast),BURLINGTON,DES MOINES,,SUNNYSIDE AVE & DIAMOND DR,Collision with:  Vehicle in traffic,On Roadway,Rear-end (front to rear),Followed too close,None Indicated,,Daylight,Dry,Cloudy,None apparent,Intersection:  Four-way intersection,Paved,,Property Damage Only,0,0,0,0,0,0,3000,2,2,,POINT (-91.137269310439 40.833555073306)
2014816268,14020030,08/27/2014,08-August,4-Wednesday,19:52,1900 Hours,District 5 (Southeast),OSKALOOSA,MAHASKA,US 63,US 63/S MARKET ST,Collision with fixed object:  Utility pole/light support,Shoulder,Non-collision (single vehicle),Crossed centerline (undivided),Under Influence of Alcohol/Drugs/Medications,,Dark - roadway lighted,Dry,Clear,None apparent,Non-intersection:  Non-junction/no special feature,Paved,,Property Damage Only,0,0,0,0,0,0,6000,1,1,,POINT (-92.64559286511 41.283782945108)
2014816051,,08/27/2014,08-August,4-Wednesday,16:40,1600 Hours,District 2 (Northeast),,CERRO GORDO,US 65,US 65 & Co Rd B55/170TH ST,Collision with:  Vehicle in traffic,On Roadway,Rear-end (front to rear),Crossed centerline (undivided),None Indicated,,Daylight,Dry,Clear,None apparent,Intersection:  Four-way intersection,Paved,,Possible/Unknown,0,1,0,0,1,0,0,3,4,,POINT (-93.201787596947 43.008910090458)
2014814441,2014050108,08/27/2014,08-August,4-Wednesday,11:11,1100 Hours,District 6 (East Central),,JOHNSON,I-80,I-80,Collision with fixed object:  Tree,On Roadway,Non-collision (single vehicle),Ran off road - right,None Indicated,,Daylight,Dry,Cloudy,None apparent,Non-intersection:  Non-junction/no special feature,Paved,,Property Damage Only,0,0,0,0,0,0,3000,1,1,,POINT (-91.468991149956 41.680285872588)
2014814232,2014009338,08/27/2014,08-August,4-Wednesday,21:13,2100 Hours,District 6 (East Central),IOWA CITY,JOHNSON,US 6,US 6 & S SCOTT BLVD,Collision with:  Vehicle in traffic,On Roadway,"Sideswipe, same direction",Unknown,None Indicated,,Dark - roadway not lighted,Dry,Clear,None apparent,Non-intersection:  Non-junction/no special feature,Paved,,Property Damage Only,0,0,0,0,0,0,2000,2,2,,POINT (-91.483705783492 41.628700678488)
2014815462,14-8904,08/27/2014,08-August,4-Wednesday,07:00,0700 Hours,District 3 (Northwest),CARROLL,CARROLL,US 30,US 30 & HEIRES AVE,Collision with:  Vehicle in traffic,On Roadway,Broadside (front to side),FTYROW:  From stop sign,None Indicated,,Daylight,Wet,Cloudy,None apparent,Intersection:  Four-way intersection,Paved,,Property Damage Only,0,0,0,0,0,0,1500,2,2,,POINT (-94.882152375563 42.076275205063)
2014844865,2014-002499,08/27/2014,08-August,4-Wednesday,10:58,1000 Hours,District 2 (Northeast),,ALLAMAKEE,IA 9,IA 9/IOWA 9,Collision with fixed object:  Ditch,Shoulder,Non-collision (single vehicle),Crossed centerline (undivided),None Indicated,,Daylight,Dry,Clear,None apparent,Non-intersection:  Non-junction/no special feature,Paved,,Possible/Unknown,0,1,0,0,1,0,3500,1,1,,POINT (-91.330185011854 43.357619565314)
2014814181,14-16605,08/27/2014,08-August,4-Wednesday,08:45,0800 Hours,District 6 (East Central),BETTENDORF,SCOTT,,CENTRAL AVE & 31ST ST,Collision with fixed object:  Utility pole/light support,On Roadway,Non-collision (single vehicle),Ran off road - right,None Indicated,,Daylight,Dry,Clear,None apparent,Intersection:  T-intersection,Paved,,Possible/Unknown,0,2,0,0,2,0,4300,1,2,,POINT (-90.488992324075 41.531590945887)
2014815326,14-020306,08/27/2014,08-August,4-Wednesday,16:19,1600 Hours,District 2 (Northeast),NORTHWOOD,WORTH,,CO 105,Collision with:  Animal,On Roadway,Non-collision (single vehicle),Animal,None Indicated,,Daylight,Dry,Clear,None apparent,Non-intersection:  Driveway access (within),Paved,,Property Damage Only,0,0,0,0,0,0,2100,1,1,,POINT (-93.244541927084 43.444286344999)
2014814842,14C03964,08/27/2014,08-August,4-Wednesday,14:26,1400 Hours,District 4 (Southwest),CRESTON,UNION,IA 25,IA 25/S SUMNER AVE,Collision with:  Vehicle in traffic,On Roadway,Rear-end (front to rear),Followed too close,None Indicated,,Daylight,Wet,Rain,None apparent,Intersection:  Four-way intersection,Paved,,Property Damage Only,0,0,0,0,0,0,3500,2,4,,POINT (-94.371592361163 41.051912229656)
2014815243,01-14-37169,08/27/2014,08-August,4-Wednesday,16:19,1600 Hours,District 6 (East Central),DUBUQUE,DUBUQUE,US 20,US 20/DODGE ST,Collision with:  Vehicle in traffic,On Roadway,Rear-end (front to rear),Lost Control,None Indicated,,Daylight,Wet,Cloudy,None apparent,Non-intersection:  Non-junction/no special feature,Paved,,Property Damage Only,0,0,0,0,0,0,5000,3,3,,POINT (-90.666383683345 42.492129817094)
2014818127,2014050231,08/27/2014,08-August,4-Wednesday,17:14,1700 Hours,District 1 (Central),,POLK,I-35,I-35,Collision with:  Vehicle in traffic,On Roadway,Rear-end (front to rear),Swerving/Evasive Action,None Indicated,,Daylight,Dry,Clear,None apparent,Non-intersection:  Non-junction/no special feature,Paved,,Property Damage Only,0,0,0,0,0,0,3000,2,3,,POINT (-93.570419991576 41.79396467467)
2014814205,14-16458,08/27/2014,08-August,4-Wednesday,12:46,1200 Hours,District 2 (Northeast),,BREMER,US 63,US 63,Collision with:  Vehicle in traffic,On Roadway,Rear-end (front to rear),Ran off road - right,None Indicated,,Daylight,Dry,Cloudy,None apparent,Non-intersection:  Non-junction/no special feature,Paved,,Minor Injury,0,1,0,1,0,0,18000,2,2,,POINT (-92.337453013494 42.728925995197)
2014814275,14005300,08/27/2014,08-August,4-Wednesday,21:00,2100 Hours,District 2 (Northeast),,CERRO GORDO,,270TH ST,Collision with:  Animal,,,Animal,None Indicated,,,,,,,Unpaved,,Property Damage Only,0,0,0,0,0,0,4500,1,1,,POINT (-93.418645757256 43.155445110313)
2014816018,2014050070,08/27/2014,08-August,4-Wednesday,09:45,0900 Hours,District 6 (East Central),,CEDAR,,Co Rd F16/DELTA AVE,Non-collision events:  Overturn/rollover,On Roadway,Non-collision (single vehicle),Unknown,None Indicated,,Daylight,"Mud, dirt",Clear,"Shoulders (none, low, soft, high)",Non-intersection:  Non-junction/no special feature,Unpaved,,Property Damage Only,0,0,0,0,0,0,10000,1,1,,POINT (-91.302798161956 41.798099627732)
2014814271,W14-086339,08/27/2014,08-August,4-Wednesday,17:06,1700 Hours,District 2 (Northeast),WATERLOO,BLACK HAWK,US 218,US 218/WASHINGTON ST & W 11TH ST,Collision with:  Vehicle in traffic,On Roadway,"Sideswipe, same direction",Improper or erratic lane changing,None Indicated,,Daylight,Dry,Cloudy,None apparent,Intersection:  Other intersection (explain in narrative),Paved,,Property Damage Only,0,0,0,0,0,0,2800,2,2,,POINT (-92.334730244774 42.48823403622)
2014815026,117-2014,08/27/2014,08-August,4-Wednesday,08:05,0800 Hours,District 4 (Southwest),,HARRISON,,LIBERTY AVE,Collision with:  Vehicle in traffic,On Roadway,Rear-end (front to rear),Unknown,None Indicated,,Daylight,Unknown,Unknown,Unknown,Non-intersection:  Non-junction/no special feature,Paved,,Property Damage Only,0,0,0,0,0,0,3500,2,3,,POINT (-95.883530242756 41.570912381896)
2014814933,14-5646,08/27/2014,08-August,4-Wednesday,07:00,0700 Hours,District 1 (Central),GRIMES,POLK,,S JACOB ST & SW 19TH ST,Collision with:  Vehicle in traffic,On Roadway,"Angle, oncoming left turn",FTYROW:  From stop sign,None Indicated,,Daylight,Dry,Cloudy,None apparent,Intersection:  T-intersection,Paved,,Property Damage Only,0,0,0,0,0,0,5000,2,2,,POINT (-93.789217483205 41.672921957137)
2014815240,01-14-37150,08/27/2014,08-August,4-Wednesday,07:40,0700 Hours,District 6 (East Central),DUBUQUE,DUBUQUE,US 61,US 61 & LAKE ELEANOR RD,Collision with:  Vehicle in traffic,Shoulder,Broadside (front to side),FTYROW:  From stop sign,None Indicated,,Daylight,Dry,Clear,None apparent,Intersection:  Four-way intersection,Paved,,Property Damage Only,0,0,0,0,0,0,22500,2,2,,POINT (-90.680188025887 42.447527974819)
2014814498,1408270614,08/27/2014,08-August,4-Wednesday,06:14,0600 Hours,District 6 (East Central),,JONES,US 151,US 151/SW RAMP,Collision with:  Animal,,,Animal,None Indicated,,,,,,,Paved,,Property Damage Only,0,0,0,0,0,0,2000,1,1,,POINT (-91.267914871013 42.1020458629)
2014814354,2014-60314,08/27/2014,08-August,4-Wednesday,08:29,0800 Hours,District 6 (East Central),DAVENPORT,SCOTT,,FAIRMOUNT ST,Collision with fixed object:  Utility pole/light support,Shoulder,Non-collision (single vehicle),Crossed centerline (undivided),None Indicated,,Daylight,Dry,Cloudy,None apparent,Non-intersection:  Non-junction/no special feature,Paved,,Possible/Unknown,0,1,0,0,1,0,7000,1,1,,POINT (-90.629577845811 41.554471690601)