Iowa DOT Case Number,Law Enforcement Case Number,Date of Crash,Month of Crash,Day of Week,Time of Crash,Hour,DOT District,City Name,County Name,Route with System,Location Description,First Harmful Event,Location of First Harmful Event,Manner of Crash/Collision,Major Cause,Drug or Alcohol ,Environmental Conditions,Light Conditions,Surface Conditions,Weather Conditions,Roadway Contribution,Roadway Type,Roadway Surface,Work Zone,Crash Severity,Number of Fatalities,Number of Injuries,Number of Major Injuries,Number of Minor Injuries,Number of Possible Injuries,Number of Unknown Injuries,Amount of Property Damage,Number of Vehicles Involved,Total Number of Occupants,Travel Direction,Location
2014814753,14-16645,08/27/2014,08-August,4-Wednesday,17:30,1700 Hours,District 6 (East Central),BETTENDORF,SCOTT,I-74,I-74,Collision with:  Vehicle in traffic,On Roadway,Rear-end (front to rear),Other (explain in narrative):  Other,None Indicated,,Daylight,Dry,Cloudy,None apparent,Intersection:  Intersection with ramp,Paved,,Possible/Unknown,0,1,0,0,1,0,2500,2,6,,POINT (-90.517306525502 41.538699665543)
2014814442,2014050214,08/27/2014,08-August,4-Wednesday,14:54,1400 Hours,District 2 (Northeast),SHEFFIELD,FRANKLIN,US 65,US 65 & 240TH ST,Collision with:  Vehicle in traffic,On Roadway,Rear-end (front to rear),Crossed centerline (undivided),Drug,,Daylight,Dry,Clear,None apparent,Non-intersection:  Non-junction/no special feature,Paved,,Major Injury,0,4,1,3,0,0,69000,4,5,,POINT (-93.202238673054 42.876947434639)
2014814048,14-4232,08/27/2014,08-August,4-Wednesday,07:55,0700 Hours,District 1 (Central),WEST DES MOINES,POLK,IA 5,IA 5/IOWA 5,Collision with:  Vehicle in traffic,On Roadway,Rear-end (front to rear),Followed too close,None Indicated,,Daylight,Wet,Rain,None apparent,Non-intersection:  Non-junction/no special feature,Paved,,Property Damage Only,0,0,0,0,0,0,7500,2,2,,POINT (-93.759752219898 41.522808281785)
2014814179,14-4246,08/27/2014,08-August,4-Wednesday,16:00,1600 Hours,District 1 (Central),WEST DES MOINES,POLK,,UNIVERSITY AVE & 25TH ST,Collision with:  Non-motorist (see non-motorist section - NOT a unit),On Roadway,Non-collision (single vehicle),FTYROW:  Other (explain in narrative),None Indicated,,Daylight,Dry,Clear,None apparent,Intersection:  T-intersection,Paved,,Possible/Unknown,0,1,0,0,1,0,0,1,1,,POINT (-93.739206221832 41.6004226874)
2014814387,14086215,08/27/2014,08-August,4-Wednesday,09:20,0900 Hours,District 2 (Northeast),CEDAR FALLS,BLACK HAWK,IA 27,IA 27 & W VIKING RD & E VIKING RD,Collision with:  Vehicle in traffic,On Roadway,Broadside (front to side),Ran Traffic Signal,None Indicated,,Daylight,Dry,Clear,None apparent,Intersection:  Four-way intersection,Paved,,Possible/Unknown,0,1,0,0,1,0,2850,2,2,,POINT (-92.445728429588 42.484033476796)
2014814149,14018222,08/27/2014,08-August,4-Wednesday,21:20,2100 Hours,District 6 (East Central),MARION,LINN,,6TH AVE & 19TH ST,Collision with:  Vehicle in traffic,On Roadway,Broadside (front to side),FTYROW:  At uncontrolled intersection,None Indicated,,Dark - roadway lighted,Dry,Clear,None apparent,Intersection:  Four-way intersection,Paved,,Possible/Unknown,0,1,0,0,1,0,3000,2,3,,POINT (-91.591002614374 42.032311157761)
2014814208,14-30435,08/27/2014,08-August,4-Wednesday,10:32,1000 Hours,District 5 (Southeast),BURLINGTON,DES MOINES,,MAPLE ST & CENTRAL AVE,Collision with:  Vehicle in traffic,On Roadway,Broadside (front to side),Unknown,None Indicated,,Daylight,Dry,Cloudy,None apparent,Non-intersection:  Non-junction/no special feature,Paved,,Property Damage Only,0,0,0,0,0,0,4700,2,2,,POINT (-91.112559231185 40.804508505634)
2014814047,14-4242,08/27/2014,08-August,4-Wednesday,13:30,1300 Hours,District 1 (Central),WEST DES MOINES,POLK,,RAILROAD AVE,Collision with:  Vehicle in traffic,On Roadway,Rear-end (front to rear),Followed too close,None Indicated,,Daylight,Dry,Cloudy,None apparent,Non-intersection:  Non-junction/no special feature,Paved,,Property Damage Only,0,0,0,0,0,0,1600,2,2,,POINT (-93.703542354982 41.569445396524)
2014814209,14-30452,08/27/2014,08-August,4-Wednesday,13:05,1300 Hours,District 5 (Southeast),BURLINGTON,DES MOINES,,AGENCY ST,Collision with:  Vehicle in traffic,On Roadway,Rear-end (front to rear),Other (explain in narrative):  Other,None Indicated,,Daylight,Dry,Cloudy,None apparent,Non-intersection:  Non-junction/no special feature,Paved,,Possible/Unknown,0,1,0,0,1,0,1000,2,2,,POINT (-91.151296801864 40.814008610516)
2014814573,2014-60450,08/27/2014,08-August,4-Wednesday,18:24,1800 Hours,District 6 (East Central),DAVENPORT,SCOTT,,E 53RD ST & UTICA RIDGE RD,Collision with:  Vehicle in traffic,On Roadway,Rear-end (front to rear),Followed too close,None Indicated,,Daylight,Dry,Cloudy,None apparent,Intersection:  Four-way intersection,Paved,,Property Damage Only,0,0,0,0,0,0,2000,3,3,,POINT (-90.513376500316 41.574919231094)
2014815081,14007782,08/27/2014,08-August,4-Wednesday,15:20,1500 Hours,District 6 (East Central),BRANDON,BUCHANAN,,MAIN ST & BRANARD ST,Collision with:  Parked motor vehicle,On Roadway,"Sideswipe, same direction",Other (explain in narrative):  Other,None Indicated,,Daylight,Dry,Cloudy,None apparent,Intersection:  Four-way intersection,Paved,,Property Damage Only,0,0,0,0,0,0,42100,2,1,,POINT (-92.003422656658 42.314431454168)
2014814383,14-007767,08/27/2014,08-August,4-Wednesday,07:59,0700 Hours,District 6 (East Central),INDEPENDENCE,BUCHANAN,,1ST ST W & 1ST ST E,Collision with:  Vehicle in traffic,On Roadway,Rear-end (front to rear),Other (explain in narrative):  Other,None Indicated,,Daylight,Dry,Clear,None apparent,Non-intersection:  Other non-intersection (explain in narrative),Paved,,Property Damage Only,0,0,0,0,0,0,3000,2,5,,POINT (-91.894249943992 42.468710265864)
2014814173,20140025153,08/27/2014,08-August,4-Wednesday,15:55,1500 Hours,District 1 (Central),DES MOINES,POLK,,31ST ST,Collision with:  Vehicle in traffic,On Roadway,Rear-end (front to rear),Followed too close,None Indicated,,Daylight,Dry,Cloudy,None apparent,Non-intersection:  Non-junction/no special feature,Paved,,Property Damage Only,0,0,0,0,0,0,2000,2,2,,POINT (-93.659396466827 41.599358910341)
2014814174,20140025175,08/27/2014,08-August,4-Wednesday,17:34,1700 Hours,District 1 (Central),DES MOINES,POLK,,WATROUS AVE & SW 5TH ST,Collision with:  Vehicle in traffic,On Roadway,Rear-end (front to rear),Followed too close,None Indicated,,Daylight,Dry,Cloudy,None apparent,Non-intersection:  Non-junction/no special feature,Paved,,Property Damage Only,0,0,0,0,0,0,3500,2,2,,POINT (-93.620939172808 41.548177548578)
2014814194,14-2630,08/27/2014,08-August,4-Wednesday,09:00,0900 Hours,District 1 (Central),FORT DODGE,WEBSTER,,N 27TH ST,Collision with:  Vehicle in traffic,On Roadway,Broadside (front to side),Other (explain in narrative):  No improper action,None Indicated,,Daylight,Dry,Clear,None apparent,Non-intersection:  Non-junction/no special feature,Paved,,Possible/Unknown,0,1,0,0,0,1,4500,3,777,,POINT (-94.160781730201 42.5108712642)
2014818835,2014-60422,08/27/2014,08-August,4-Wednesday,16:45,1600 Hours,District 6 (East Central),DAVENPORT,SCOTT,,UTICA RIDGE RD,Collision with:  Vehicle in traffic,On Roadway,Broadside (front to side),FTYROW:  Making left turn,None Indicated,,Daylight,Dry,Clear,None apparent,Non-intersection:  Driveway access (within),Paved,,Property Damage Only,0,0,0,0,0,0,2000,2,2,,POINT (-90.514778890871 41.571815372843)
2014815422,2014-9183,08/27/2014,08-August,4-Wednesday,13:42,1300 Hours,District 3 (Northwest),,SAC,,OTTER AVE,Non-collision events:  Other non-collision (explain in narrative),On Roadway,Non-collision (single vehicle),Ran off road - left,None Indicated,,Daylight,"Mud, dirt",Cloudy,"Surface condition (e.g., wet, icy)",Non-intersection:  Non-junction/no special feature,Unpaved,,Possible/Unknown,0,1,0,0,1,0,3000,1,2,,POINT (-95.072207351823 42.216876977913)
2014814199,14-036286,08/27/2014,08-August,4-Wednesday,18:10,1800 Hours,District 4 (Southwest),COUNCIL BLUFFS,POTTAWATTAMIE,,AVE B & N 29TH ST,Collision with:  Vehicle in traffic,On Roadway,Broadside (front to side),Ran Stop Sign,None Indicated,,Daylight,Dry,Cloudy,None apparent,Intersection:  Four-way intersection,Paved,,Major Injury,0,3,1,1,1,0,26500,3,3,,POINT (-95.890744786379 41.263720886154)
2014814234,14-006871,08/27/2014,08-August,4-Wednesday,17:57,1700 Hours,District 5 (Southeast),COLUMBUS JUNCTION,LOUISA,,EAST ACCESS ST,Collision with:  Vehicle in traffic,On Roadway,Rear-end (front to rear),Improper Backing,None Indicated,,Daylight,Dry,Clear,None apparent,Intersection:  T-intersection,Paved,,Property Damage Only,0,0,0,0,0,0,4550,2,4,,POINT (-91.356612922245 41.27919090045)
2014814412,14086319,08/27/2014,08-August,4-Wednesday,16:14,1600 Hours,District 2 (Northeast),CEDAR FALLS,BLACK HAWK,,ENTERPRISE DR & W VIKING RD,Collision with:  Vehicle in traffic,On Roadway,Rear-end (front to rear),Other (explain in narrative):  Other,None Indicated,,Daylight,Dry,Clear,None apparent,Intersection:  Four-way intersection,Paved,,Minor Injury,0,2,0,1,1,0,9000,2,2,,POINT (-92.452225741064 42.484037696524)
2014814210,14-30455,08/27/2014,08-August,4-Wednesday,14:19,1400 Hours,District 5 (Southeast),BURLINGTON,DES MOINES,,VALLEY ST & 3RD ST,Collision with:  Vehicle in traffic,On Roadway,Broadside (front to side),FTYROW:  From parked position,None Indicated,,Daylight,Dry,Cloudy,None apparent,Non-intersection:  Non-junction/no special feature,Paved,,Property Damage Only,0,0,0,0,0,0,2200,2,2,,POINT (-91.102979183905 40.809143499848)
2014814017,201412621,08/27/2014,08-August,4-Wednesday,02:40,0200 Hours,District 6 (East Central),CEDAR RAPIDS,LINN,,BOYSON RD NE & C AVE NE,Collision with:  Vehicle in traffic,On Roadway,Broadside (front to side),Unknown,None Indicated,,Dark - roadway lighted,Wet,Cloudy,None apparent,Intersection:  Four-way intersection,Paved,,Property Damage Only,0,0,0,0,0,0,4004,2,2,,POINT (-91.638618260675 42.046719630671)
2014815343,,08/27/2014,08-August,4-Wednesday,07:40,0700 Hours,District 6 (East Central),BELLEVUE,JACKSON,IA 62,IA 62/STATE ST & S 2ND ST & N 2ND ST,Collision with:  Vehicle in traffic,On Roadway,"Angle, oncoming left turn",FTYROW:  Making left turn,None Indicated,,Dawn,Dry,Clear,None apparent,Non-intersection:  Railroad grade crossing,Paved,,Property Damage Only,0,0,0,0,0,0,6000,2,2,,POINT (-90.424275950185 42.25843359207)
2014814316,14-005998,08/27/2014,08-August,4-Wednesday,15:49,1500 Hours,District 3 (Northwest),MAPLETON,MONONA,IA 141,IA 141/N 4TH ST,Collision with:  Vehicle in traffic,On Roadway,"Sideswipe, same direction",Improper or erratic lane changing,None Indicated,,Daylight,Dry,Cloudy,None apparent,Non-intersection:  Non-junction/no special feature,Paved,,Property Damage Only,0,0,0,0,0,0,4450,2,3,,POINT (-95.793271609399 42.166572173874)
2014815503,,08/27/2014,08-August,4-Wednesday,13:20,1300 Hours,District 1 (Central),DES MOINES,POLK,,SE 5TH ST,Collision with:  Vehicle in traffic,On Roadway,Rear-end (front to rear),Unknown,None Indicated,,Daylight,Dry,Cloudy,,Intersection:  Four-way intersection,Paved,,Property Damage Only,0,0,0,0,0,0,1700,2,2,,POINT (-93.606511982084 41.547858228168)
2014815277,01-14-037159,08/27/2014,08-August,4-Wednesday,11:28,1100 Hours,District 6 (East Central),DUBUQUE,DUBUQUE,,BENNETT ST & GRANDVIEW AVE N,Collision with:  Vehicle in traffic,On Roadway,"Sideswipe, same direction",Other (explain in narrative):  Other,None Indicated,,Daylight,Dry,Clear,None apparent,Non-intersection:  Driveway access (within),Paved,,Property Damage Only,0,0,0,0,0,0,2000,2,3,,POINT (-90.687733032642 42.495912710898)
2014816786,144540,08/27/2014,08-August,4-Wednesday,16:59,1600 Hours,District 1 (Central),IOWA FALLS,HARDIN,,POLK ST & RIVER ST,Collision with:  Vehicle in traffic,On Roadway,Broadside (front to side),FTYROW:  From driveway,None Indicated,,Daylight,Dry,Clear,None apparent,Non-intersection:  Driveway access (within),Paved,,Property Damage Only,0,0,0,0,0,0,2500,2,5,,POINT (-93.267836445335 42.52592036443)
2014814034,20140025122,08/27/2014,08-August,4-Wednesday,11:25,1100 Hours,District 1 (Central),DES MOINES,POLK,,6TH AVE,Non-collision events:  Other non-collision (explain in narrative),On Roadway,Non-collision (single vehicle),"Operating vehicle in an reckless, erratic, careless, negligent manner",None Indicated,,Daylight,Dry,Cloudy,None apparent,Non-intersection:  Non-junction/no special feature,Paved,,Minor Injury,0,1,0,1,0,0,1500,1,1,,POINT (-93.624775754901 41.629032867369)
2014816299,14-28130,08/27/2014,08-August,4-Wednesday,13:49,1300 Hours,District 3 (Northwest),SIOUX CITY,WOODBURY,,28TH ST,Collision with:  Vehicle in traffic,On Roadway,Broadside (front to side),FTYROW:  Other (explain in narrative),None Indicated,,Daylight,Wet,Cloudy,None apparent,Intersection:  T-intersection,Paved,,Property Damage Only,0,0,0,0,0,0,1500,2,1,,POINT (-96.372913372424 42.519091747243)
2014816515,2014050227,08/27/2014,08-August,4-Wednesday,16:45,1600 Hours,District 4 (Southwest),,POTTAWATTAMIE,I-680,I-680,Collision with fixed object:  Guardrail - face,Shoulder,Non-collision (single vehicle),Ran off road - left,None Indicated,,Daylight,Dry,Cloudy,None apparent,Non-intersection:  Non-junction/no special feature,Paved,,Property Damage Only,0,0,0,0,0,0,7742,1,1,,POINT (-95.855618296763 41.493464183505)
2014814217,2014008885,08/27/2014,08-August,4-Wednesday,18:10,1800 Hours,District 1 (Central),MARSHALLTOWN,MARSHALL,,E INGLEDUE ST & S 3RD AVE,Collision with:  Vehicle in traffic,On Roadway,"Sideswipe, opposite direction",Crossed centerline (undivided),None Indicated,,Daylight,Dry,Cloudy,Non-highway work,Non-intersection:  Non-junction/no special feature,Paved,,Property Damage Only,0,0,0,0,0,0,5000,2,2,,POINT (-92.907424902674 42.03206031822)
2014815910,2014-60482,08/28/2014,08-August,5-Thursday,22:38,2200 Hours,District 6 (East Central),DAVENPORT,SCOTT,,E 9TH ST & FARNAM ST,Collision with fixed object:  Utility pole/light support,On Roadway,Non-collision (single vehicle),Driving too fast for conditions,None Indicated,,Dark - roadway lighted,Dry,Clear,None apparent,Non-intersection:  Non-junction/no special feature,Paved,,Property Damage Only,0,0,0,0,0,0,2500,1,1,,POINT (-90.566751915125 41.528517164189)
2014814475,14-006895,08/28/2014,08-August,5-Thursday,16:44,1600 Hours,District 5 (Southeast),COLUMBUS JUNCTION,LOUISA,,WALNUT ST,Collision with:  Vehicle in traffic,On Roadway,Broadside (front to side),FTYROW:  From stop sign,None Indicated,,Daylight,Wet,Rain,None apparent,Intersection:  Four-way intersection,Paved,,Possible/Unknown,0,1,0,0,1,0,3500,2,4,,POINT (-91.362142006219 41.280116403845)
2014814327,20140025318,08/28/2014,08-August,5-Thursday,23:35,2300 Hours,District 1 (Central),DES MOINES,POLK,,13TH ST,Collision with:  Parked motor vehicle,On Roadway,Rear-end (front to rear),Unknown,None Indicated,,Dark - roadway lighted,Wet,Rain,None apparent,Non-intersection:  Non-junction/no special feature,Paved,,Property Damage Only,0,0,0,0,0,0,2000,2,1,,POINT (-93.634153658223 41.601041159023)
2014814168,20140025266,08/28/2014,08-August,5-Thursday,12:50,1200 Hours,District 1 (Central),DES MOINES,POLK,,FLEUR DR,Collision with:  Vehicle in traffic,On Roadway,Rear-end (front to rear),Other (explain in narrative):  Other,None Indicated,,Daylight,Wet,Cloudy,"Surface condition (e.g., wet, icy)",Non-intersection:  Non-junction/no special feature,Paved,,Minor Injury,0,1,0,1,0,0,10000,3,6,,POINT (-93.644973957381 41.569329482107)
2014814215,14086526,08/28/2014,08-August,5-Thursday,07:18,0700 Hours,District 2 (Northeast),CEDAR FALLS,BLACK HAWK,,UNIVERSITY AVE & VALLEY PARK DR,Collision with:  Vehicle in traffic,On Roadway,"Angle, oncoming left turn",Ran Traffic Signal,None Indicated,,Daylight,Dry,Cloudy,None apparent,Intersection:  Four-way intersection,Paved,,Possible/Unknown,0,1,0,0,1,0,15000,2,7,,POINT (-92.436780276166 42.513087732289)
2014814499,1308281805,08/28/2014,08-August,5-Thursday,18:05,1800 Hours,District 6 (East Central),,JONES,,BUTTERFIELD RD,Collision with:  Animal,,,Animal,None Indicated,,,,,,,Unpaved,,Property Damage Only,0,0,0,0,0,0,4500,1,1,,POINT (-91.035188078693 42.280709162067)
2014814341,20140025316,08/28/2014,08-August,5-Thursday,23:32,2300 Hours,District 1 (Central),DES MOINES,POLK,,E LEACH AVE & SE 1ST ST,Collision with:  Vehicle in traffic,On Roadway,"Sideswipe, opposite direction",Crossed centerline (undivided),Alcohol (Statutory),,Dark - roadway lighted,Wet,Rain,None apparent,Intersection:  T-intersection,Paved,,Property Damage Only,0,0,0,0,0,0,15000,2,2,,POINT (-93.6149629374 41.546372173243)
2014814164,20140025236,08/28/2014,08-August,5-Thursday,08:55,0800 Hours,District 1 (Central),DES MOINES,POLK,,STANTON AVE & SW 31ST ST,Collision with:  Vehicle in traffic,On Roadway,Broadside (front to side),Ran Stop Sign,None Indicated,,Daylight,Wet,Rain,None apparent,Intersection:  Four-way intersection,Paved,,Minor Injury,0,1,0,1,0,0,36000,2,3,,POINT (-93.65949944904 41.544621148194)
2014814336,20140025283,08/28/2014,08-August,5-Thursday,16:25,1600 Hours,District 1 (Central),DES MOINES,POLK,I-235,I-235 & 5TH AVE,Collision with:  Vehicle in traffic,On Roadway,Broadside (front to side),Ran Traffic Signal,None Indicated,,Daylight,Dry,Cloudy,None apparent,Intersection:  Four-way intersection,Paved,,Minor Injury,0,2,0,2,0,0,13000,2,6,,POINT (-93.624647020145 41.595787943234)
2014820314,14-000995,08/28/2014,08-August,5-Thursday,06:30,0600 Hours,District 1 (Central),,STORY,I-35,I-35,Collision with:  Vehicle in traffic,Shoulder,Rear-end (front to rear),Other (explain in narrative):  Other,None Indicated,,Dawn,Wet,Rain,"Surface condition (e.g., wet, icy)",Non-intersection:  Other non-intersection (explain in narrative),Paved,,Property Damage Only,0,0,0,0,0,0,3000,2,3,,POINT (-93.570094629169 41.924142146839)
2014814356,14-2642,08/28/2014,08-August,5-Thursday,16:43,1600 Hours,District 1 (Central),FORT DODGE,WEBSTER,,2ND AVE S & S 16TH ST,Collision with:  Vehicle in traffic,On Roadway,Broadside (front to side),FTYROW:  From yield sign,None Indicated,,Daylight,Wet,Cloudy,None apparent,Intersection:  Four-way intersection,Paved,,Property Damage Only,0,0,0,0,0,0,3500,2,2,,POINT (-94.176272444205 42.504130132351)
2014815000,14-003987,08/28/2014,08-August,5-Thursday,09:39,0900 Hours,District 1 (Central),AMES,STORY,,LINCOLN WAY,Collision with:  Vehicle in traffic,On Roadway,Rear-end (front to rear),Followed too close,None Indicated,,Daylight,Wet,Rain,None apparent,Non-intersection:  Non-junction/no special feature,Paved,,Property Damage Only,0,0,0,0,0,0,4800,3,5,,POINT (-93.6663871817 42.022831865103)
2014814999,14-003983,08/28/2014,08-August,5-Thursday,04:47,0400 Hours,District 1 (Central),AMES,STORY,US 30,US 30,Collision with:  Animal,,,Animal,None Indicated,,,,,,,Paved,,Property Damage Only,0,0,0,0,0,0,2000,1,1,,POINT (-93.651580550887 42.006479860008)
2014816053,,08/28/2014,08-August,5-Thursday,14:00,1400 Hours,District 1 (Central),,JASPER,I-80,I-80,Collision with fixed object:  Guardrail - face,Median,Non-collision (single vehicle),Ran off road - left,None Indicated,,Daylight,Dry,Cloudy,None apparent,Non-intersection:  Non-junction/no special feature,Paved,,Property Damage Only,0,0,0,0,0,0,11828,1,1,,POINT (-93.263553744218 41.688588020479)
2014814882,1407091,08/28/2014,08-August,5-Thursday,12:08,1200 Hours,District 5 (Southeast),WASHINGTON,WASHINGTON,IA 92,IA 92/W MADISON ST,Collision with:  Vehicle in traffic,On Roadway,Broadside (front to side),Ran Traffic Signal,None Indicated,,Daylight,Wet,Rain,None apparent,Intersection:  Four-way intersection,Paved,,Minor Injury,0,2,0,1,0,1,6000,2,4,,POINT (-91.694288227348 41.296514670219)
2014814386,2014009358,08/28/2014,08-August,5-Thursday,12:38,1200 Hours,District 6 (East Central),IOWA CITY,JOHNSON,,E COURT ST & S 1ST AVE,Collision with:  Vehicle in traffic,On Roadway,Rear-end (front to rear),Followed too close,None Indicated,,Daylight,Wet,Rain,None apparent,Intersection:  Four-way intersection,Paved,,Property Damage Only,0,0,0,0,0,0,3000,2,4,,POINT (-91.501998834381 41.656780782721)
2014815830,K14-026716,08/28/2014,08-August,5-Thursday,15:05,1500 Hours,District 5 (Southeast),KEOKUK,LEE,US 61,US 61 & JOHNSON ST RD,Collision with:  Vehicle in traffic,On Roadway,Broadside (front to side),FTYROW:  From stop sign,None Indicated,,Daylight,Dry,Cloudy,None apparent,Intersection:  T-intersection,Paved,,Major Injury,0,2,2,0,0,0,7500,2,3,,POINT (-91.426344277192 40.410841011833)
2014814351,14-16676,08/28/2014,08-August,5-Thursday,02:45,0200 Hours,District 6 (East Central),BETTENDORF,SCOTT,I-80,I-80,Collision with:  Vehicle in traffic,On Roadway,Rear-end (front to rear),Unknown,None Indicated,,Dark - roadway lighted,Dry,Clear,None apparent,Intersection:  Other intersection (explain in narrative),Paved,,Property Damage Only,0,0,0,0,0,0,10000,2,3,,POINT (-90.470035381248 41.596912098067)
2014814366,14-28272,08/28/2014,08-August,5-Thursday,16:00,1600 Hours,District 3 (Northwest),SIOUX CITY,WOODBURY,,W 4TH ST,Collision with:  Parked motor vehicle,On Roadway,Unknown,Unknown,None Indicated,,Daylight,Dry,Clear,None apparent,Non-intersection:  Non-junction/no special feature,Paved,,Property Damage Only,0,0,0,0,0,0,1500,2,777,,POINT (-96.417095326433 42.498718923622)
2014816380,,08/28/2014,08-August,5-Thursday,22:38,2200 Hours,District 2 (Northeast),,WINNESHIEK,IA 139,IA 139/IOWA 139,Collision with fixed object:  Bridge pier or support,Outside trafficway,Non-collision (single vehicle),Swerving/Evasive Action,None Indicated,,Dark - roadway not lighted,Wet,Cloudy,None apparent,Non-intersection:  Non-junction/no special feature,Paved,,Possible/Unknown,0,1,0,0,1,0,2500,1,1,,POINT (-92.063255234561 43.396445505444)
2014814355,891405677,08/28/2014,08-August,5-Thursday,14:10,1400 Hours,District 5 (Southeast),KEOSAUQUA,VAN BUREN,IA 1,IA 1/MAIN ST,Collision with:  Vehicle in traffic,On Roadway,Head-on (front to front),Animal,None Indicated,,Daylight,Wet,Rain,None apparent,Non-intersection:  Non-junction/no special feature,Paved,,Property Damage Only,0,0,0,0,0,0,2000,2,2,,POINT (-91.96241643194 40.729397406199)
2014814521,14-003686,08/28/2014,08-August,5-Thursday,11:55,1100 Hours,District 1 (Central),ANKENY,POLK,US 69,US 69/S ANKENY BLVD,Collision with:  Vehicle in traffic,On Roadway,Rear-end (front to rear),Other (explain in narrative):  Other,None Indicated,,Daylight,Wet,Rain,None apparent,Non-intersection:  Driveway access (within),Paved,,Property Damage Only,0,0,0,0,0,0,4000,2,2,,POINT (-93.600363497549 41.729241006018)
2014814333,20140025275,08/28/2014,08-August,5-Thursday,14:30,1400 Hours,District 1 (Central),DES MOINES,POLK,,EUCLID AVE & 27TH ST,Collision with:  Parked motor vehicle,On Roadway,Head-on (front to front),Equipment failure,None Indicated,,Daylight,Dry,Clear,None apparent,Non-intersection:  Non-junction/no special feature,Paved,,Property Damage Only,0,0,0,0,0,0,7050,4,2,,POINT (-93.654043408025 41.627753179062)
2014814382,2014009354,08/28/2014,08-August,5-Thursday,12:03,1200 Hours,District 6 (East Central),IOWA CITY,JOHNSON,,MORMON TREK BLVD & MELROSE AVE,Collision with:  Vehicle in traffic,On Roadway,Broadside (front to side),FTYROW:  Other (explain in narrative),None Indicated,,Daylight,Wet,Rain,None apparent,Intersection:  Four-way intersection,Paved,,Property Damage Only,0,0,0,0,0,0,11300,3,4,,POINT (-91.573898847626 41.656938952074)
2014814381,2014009352,08/28/2014,08-August,5-Thursday,11:00,1100 Hours,District 6 (East Central),IOWA CITY,JOHNSON,US 6,US 6 & ROCKY SHORE DR & HAWKINS DR,Collision with:  Vehicle in traffic,On Roadway,Broadside (front to side),Ran Traffic Signal,None Indicated,,Daylight,Wet,Rain,"Surface condition (e.g., wet, icy)",Intersection:  Four-way intersection,Paved,,Property Damage Only,0,0,0,0,0,0,4050,2,3,,POINT (-91.558036861959 41.665946032289)
2014831341,140828DH01,08/28/2014,08-August,5-Thursday,07:20,0700 Hours,District 3 (Northwest),ORANGE CITY,SIOUX,,6TH ST SW & COLORADO AVE SW,Collision with:  Vehicle in traffic,On Roadway,Broadside (front to side),FTYROW:  At uncontrolled intersection,None Indicated,,Daylight,Wet,Rain,None apparent,Intersection:  Four-way intersection,Paved,,Property Damage Only,0,0,0,0,0,0,1500,2,2,,POINT (-96.061205675571 43.000071289069)
2014814576,2014-60636,08/28/2014,08-August,5-Thursday,15:15,1500 Hours,District 6 (East Central),DAVENPORT,SCOTT,,N DIVISION ST & NORTHWEST BLVD & PROP W 61ST ST,Collision with:  Vehicle in traffic,On Roadway,Rear-end (front to rear),Followed too close,None Indicated,,Daylight,Wet,Rain,None apparent,Non-intersection:  Non-junction/no special feature,Paved,,Property Damage Only,0,0,0,0,0,0,4000,2,2,,POINT (-90.600224951976 41.583646640632)
2014814308,201412719,08/28/2014,08-August,5-Thursday,19:47,1900 Hours,District 6 (East Central),CEDAR RAPIDS,LINN,,1ST AVE E,Collision with:  Vehicle in traffic,On Roadway,Rear-end (front to rear),Other (explain in narrative):  Other,Alcohol (Statutory),,Daylight,Dry,Clear,None apparent,Intersection:  Four-way intersection,Paved,,Minor Injury,0,1,0,1,0,0,4000,2,3,,POINT (-91.621247520374 42.025815677569)
2014815314,2014050399,08/28/2014,08-August,5-Thursday,13:35,1300 Hours,District 6 (East Central),,CEDAR,I-80,I-80,Collision with:  Other non-fixed object (explain in narrative),Shoulder,Non-collision (single vehicle),Ran off road - left,None Indicated,,Daylight,Wet,Rain,"Surface condition (e.g., wet, icy)",Non-intersection:  Non-junction/no special feature,Paved,Yes,Property Damage Only,0,0,0,0,0,0,5100,1,2,,POINT (-91.138650428506 41.645669391751)
2014814393,14-16567,08/28/2014,08-August,5-Thursday,22:05,2200 Hours,District 2 (Northeast),,BREMER,US 63,US 63,Collision with:  Animal,,,Animal,None Indicated,,,,,,,Paved,,Property Damage Only,0,0,0,0,0,0,4000,1,1,,POINT (-92.337341018507 42.789901060519)
2014814396,S14-086628,08/28/2014,08-August,5-Thursday,13:33,1300 Hours,District 2 (Northeast),WATERLOO,BLACK HAWK,,Co Rd D16/E DONALD ST & Co Rd V43/N ELK RUN RD,Collision with:  Vehicle in traffic,On Roadway,Broadside (front to side),FTYROW:  From stop sign,None Indicated,,Daylight,Dry,Cloudy,None apparent,Intersection:  Four-way intersection,Paved,,Minor Injury,0,1,0,1,0,0,20000,2,2,,POINT (-92.258449057832 42.527310328302)
2014814309,201412720,08/28/2014,08-August,5-Thursday,20:52,2000 Hours,District 6 (East Central),CEDAR RAPIDS,LINN,I-380,I-380,Collision with:  Vehicle in traffic,On Roadway,Rear-end (front to rear),Other (explain in narrative):  Other,None Indicated,,Dark - roadway lighted,Dry,Clear,Work Zone (roadway-related),Interchange-related:  On-ramp merge area,Paved,Yes,Possible/Unknown,0,1,0,0,1,0,13000,3,3,,POINT (-91.67418639146 41.978345251528)
2014814682,C14002700,08/28/2014,08-August,5-Thursday,12:50,1200 Hours,District 6 (East Central),CORALVILLE,JOHNSON,US 6,US 6/2ND ST,Collision with:  Vehicle in traffic,On Roadway,"Sideswipe, same direction",Made improper turn,None Indicated,,Daylight,Wet,Rain,None apparent,Intersection:  Four-way intersection,Paved,,Property Damage Only,0,0,0,0,0,0,5100,2,2,,POINT (-91.609115261994 41.688597390642)