Iowa DOT Case Number,Law Enforcement Case Number,Date of Crash,Month of Crash,Day of Week,Time of Crash,Hour,DOT District,City Name,County Name,Route with System,Location Description,First Harmful Event,Location of First Harmful Event,Manner of Crash/Collision,Major Cause,Drug or Alcohol ,Environmental Conditions,Light Conditions,Surface Conditions,Weather Conditions,Roadway Contribution,Roadway Type,Roadway Surface,Work Zone,Crash Severity,Number of Fatalities,Number of Injuries,Number of Major Injuries,Number of Minor Injuries,Number of Possible Injuries,Number of Unknown Injuries,Amount of Property Damage,Number of Vehicles Involved,Total Number of Occupants,Travel Direction,Location
2014814332,20140025270,08/28/2014,08-August,5-Thursday,13:15,1300 Hours,District 1 (Central),DES MOINES,POLK,US 69,US 69/SE 14TH ST,Collision with:  Vehicle in traffic,On Roadway,Rear-end (front to rear),Other (explain in narrative):  Other,None Indicated,,Daylight,Wet,Rain,None apparent,Intersection:  Four-way intersection,Paved,,Property Damage Only,0,0,0,0,0,0,2100,2,5,,POINT (-93.596825493448 41.537595520789)
2014815003,14-003993,08/28/2014,08-August,5-Thursday,15:24,1500 Hours,District 1 (Central),AMES,STORY,,CRESCENT CIR & 13TH ST,Collision with:  Vehicle in traffic,On Roadway,"Angle, oncoming left turn",FTYROW:  From stop sign,None Indicated,,Daylight,Dry,Cloudy,None apparent,Intersection:  T-intersection,Paved,,Property Damage Only,0,0,0,0,0,0,1600,2,3,,POINT (-93.628852580952 42.034554033794)
2014816099,14-1045,08/28/2014,08-August,5-Thursday,07:50,0700 Hours,District 1 (Central),CLIVE,POLK,,NW 86TH ST,Collision with:  Vehicle in traffic,On Roadway,Rear-end (front to rear),Other (explain in narrative):  Other,None Indicated,,Daylight,Wet,Rain,None apparent,Non-intersection:  Non-junction/no special feature,Paved,,Property Damage Only,0,0,0,0,0,0,3500,2,2,,POINT (-93.736359661156 41.608637508273)
2014815092,2014050450,08/28/2014,08-August,5-Thursday,16:15,1600 Hours,District 2 (Northeast),,WORTH,US 65,US 65/ORCHID,Collision with:  Vehicle in traffic,On Roadway,Head-on (front to front),Crossed centerline (undivided),None Indicated,,Daylight,Wet,Rain,None apparent,Non-intersection:  Non-junction/no special feature,Paved,,Major Injury,0,1,1,0,0,0,20000,2,2,,POINT (-93.210919523398 43.256572764498)
2014815128,14014900,08/28/2014,08-August,5-Thursday,06:11,0600 Hours,District 2 (Northeast),MASON CITY,CERRO GORDO,,19TH ST SW & S TAFT AVE,Collision with:  Vehicle in traffic,On Roadway,Rear-end (front to rear),Driver Distraction:  Inattentive/lost in thought,None Indicated,,Dawn,Dry,Clear,None apparent,Intersection:  Four-way intersection,Paved,,Property Damage Only,0,0,0,0,0,0,7700,3,3,,POINT (-93.240583952906 43.133806124399)
2014814290,14-14720,08/28/2014,08-August,5-Thursday,15:46,1500 Hours,District 5 (Southeast),,HENRY,,Co Rd W55/FRANKLIN AVE,Collision with:  Animal,,,Animal,None Indicated,,,,,,,Paved,,Property Damage Only,0,0,0,0,0,0,4000,1,1,,POINT (-91.612459660085 40.951724994684)
2014814392,2014009363,08/28/2014,08-August,5-Thursday,16:42,1600 Hours,District 6 (East Central),IOWA CITY,JOHNSON,,SYCAMORE ST,Collision with:  Vehicle in traffic,On Roadway,"Angle, oncoming left turn",Unknown,None Indicated,,Daylight,Wet,Cloudy,None apparent,Intersection:  T-intersection,Paved,,Property Damage Only,0,0,0,0,0,0,2500,2,4,,POINT (-91.511625516846 41.642404825395)
2014814800,14-28269,08/28/2014,08-August,5-Thursday,17:25,1700 Hours,District 3 (Northwest),SIOUX CITY,WOODBURY,,21ST ST & GRANDVIEW BLVD,Collision with fixed object:  Other fixed object (explain in narrative),On Roadway,Non-collision (single vehicle),Lost Control,None Indicated,,Daylight,Dry,Cloudy,None apparent,Non-intersection:  Non-junction/no special feature,Paved,,Property Damage Only,0,0,0,0,0,0,4000,1,4,,POINT (-96.408066313675 42.512143615185)
2014815504,,08/28/2014,08-August,5-Thursday,12:15,1200 Hours,District 6 (East Central),CEDAR RAPIDS,LINN,,KIRKWOOD BLVD SW & ROLLING RIDGE DR SW & TOWER RD SW,Collision with:  Vehicle in traffic,On Roadway,Broadside (front to side),Unknown,None Indicated,,Daylight,Dry,Clear,,Intersection:  Four-way intersection,Paved,,Property Damage Only,0,0,0,0,0,0,6000,3,5,,POINT (-91.656651839662 41.908647313698)
2014814165,20140025255,08/28/2014,08-August,5-Thursday,12:10,1200 Hours,District 1 (Central),DES MOINES,POLK,,WILLIAMS ST,Collision with fixed object:  Utility pole/light support,Shoulder,Non-collision (single vehicle),Swerving/Evasive Action,None Indicated,,Daylight,Wet,Rain,None apparent,Non-intersection:  Non-junction/no special feature,Paved,,Possible/Unknown,0,1,0,0,1,0,12000,1,1,,POINT (-93.533344556375 41.605750402901)
2014816516,2014050470,08/28/2014,08-August,5-Thursday,19:46,1900 Hours,District 6 (East Central),,JONES,,38 ST & 30 AVE,Collision with fixed object:  Ditch,On Roadway,Non-collision (single vehicle),Crossed centerline (undivided),None Indicated,,Dusk,Wet,Clear,None apparent,Non-intersection:  Non-junction/no special feature,Unpaved,,Minor Injury,0,1,0,1,0,0,2000,1,2,,POINT (-90.937238929471 41.986505072878)
2014814961,14-1899,08/28/2014,08-August,5-Thursday,09:29,0900 Hours,District 1 (Central),URBANDALE,POLK,I-35,I-35,Non-collision events:  Other non-collision (explain in narrative),On Roadway,Rear-end (front to rear),Driving too fast for conditions,None Indicated,,Daylight,Wet,Rain,None apparent,Non-intersection:  Other non-intersection (explain in narrative),Paved,,Property Damage Only,0,0,0,0,0,0,23500,6,8,,POINT (-93.770835214876 41.650601016158)
2014815050,14-4496,08/28/2014,08-August,5-Thursday,14:31,1400 Hours,District 6 (East Central),HIAWATHA,LINN,,ROBINS RD & CENTER POINT RD & EMMONS ST,Collision with:  Vehicle in traffic,On Roadway,Broadside (front to side),FTYROW:  Making left turn,None Indicated,,Daylight,Dry,Clear,None apparent,Intersection:  Four-way intersection,Paved,,Property Damage Only,0,0,0,0,0,0,5500,2,3,,POINT (-91.673449860109 42.038796691498)
2014815313,2014050356,08/28/2014,08-August,5-Thursday,12:37,1200 Hours,District 1 (Central),DES MOINES,POLK,I-35,I-35 & IA 415/2ND AVE,Collision with:  Vehicle in traffic,On Roadway,"Angle, oncoming left turn",Ran Traffic Signal,None Indicated,,Daylight,Wet,Rain,None apparent,Intersection:  Four-way intersection,Paved,,Possible/Unknown,0,2,0,0,2,0,8000,2,3,,POINT (-93.61999352053 41.648640355424)
2014814973,14-16687,08/28/2014,08-August,5-Thursday,09:23,0900 Hours,District 6 (East Central),BETTENDORF,SCOTT,US 67,US 67/RIVER DR/S GRANT ST & 6TH ST,Collision with fixed object:  Curb/island/raised median,Median,Non-collision (single vehicle),Crossed centerline (undivided),None Indicated,,Daylight,Dry,Clear,None apparent,Intersection:  T-intersection,Paved,,Major Injury,0,1,1,0,0,0,10300,1,1,,POINT (-90.524857577694 41.525524097695)
2014814335,20140025278,08/28/2014,08-August,5-Thursday,15:40,1500 Hours,District 1 (Central),DES MOINES,POLK,,FLEUR DR,Collision with:  Vehicle in traffic,On Roadway,Rear-end (front to rear),Followed too close,None Indicated,,Daylight,Dry,Cloudy,None apparent,Non-intersection:  Non-junction/no special feature,Paved,,Property Damage Only,0,0,0,0,0,0,6000,2,2,,POINT (-93.64487762205 41.576526832265)
2014814323,14-003691,08/28/2014,08-August,5-Thursday,16:00,1600 Hours,District 1 (Central),ANKENY,POLK,,W 1ST ST & SW STATE ST & NW STATE ST,Collision with:  Vehicle in traffic,On Roadway,"Angle, oncoming left turn",FTYROW:  Making left turn,None Indicated,,Daylight,Dry,Cloudy,None apparent,Intersection:  Four-way intersection,Paved,,Property Damage Only,0,0,0,0,0,0,3500,2,2,,POINT (-93.621502529566 41.731857745616)
2014815002,14-003992,08/28/2014,08-August,5-Thursday,14:20,1400 Hours,District 1 (Central),AMES,STORY,,MARIGOLD DR,Collision with:  Parked motor vehicle,On Roadway,"Sideswipe, opposite direction",Driver Distraction:  Reaching for object(s)/fallen object(s),None Indicated,,Daylight,Dry,Cloudy,None apparent,Non-intersection:  Non-junction/no special feature,Paved,,Property Damage Only,0,0,0,0,0,0,5200,2,1,,POINT (-93.67278366409 42.018885700138)
2014814344,14-4265,08/28/2014,08-August,5-Thursday,16:15,1600 Hours,District 1 (Central),WEST DES MOINES,POLK,,60TH ST & WESTOWN PKWY,Collision with:  Vehicle in traffic,On Roadway,Rear-end (front to rear),Followed too close,None Indicated,,Daylight,Dry,Cloudy,None apparent,Intersection:  Four-way intersection,Paved,,Possible/Unknown,0,1,0,0,1,0,1000,2,2,,POINT (-93.790681775499 41.595207284715)
2014818128,2014050316,08/28/2014,08-August,5-Thursday,09:50,0900 Hours,District 1 (Central),DES MOINES,POLK,I-35,I-35,Collision with:  Vehicle in traffic,On Roadway,"Sideswipe, same direction",Crossed centerline (undivided),None Indicated,,Daylight,Wet,Rain,None apparent,Non-intersection:  Non-junction/no special feature,Paved,,Property Damage Only,0,0,0,0,0,0,3000,2,2,,POINT (-93.686157436503 41.651606077877)
2014815772,2014050472,08/28/2014,08-August,5-Thursday,20:05,2000 Hours,District 4 (Southwest),,MILLS,I-29,I-29,Non-collision events:  Overturn/rollover,Shoulder,Non-collision (single vehicle),Equipment failure,None Indicated,,Dusk,Dry,Cloudy,None apparent,Non-intersection:  Non-junction/no special feature,Paved,,Property Damage Only,0,0,0,0,0,0,10000,1,1,,POINT (-95.81743298656 41.03482854994)
2014814886,CL14003058,08/28/2014,08-August,5-Thursday,16:03,1600 Hours,District 6 (East Central),CLINTON,CLINTON,,MANUFACTURING DR,Collision with:  Vehicle in traffic,On Roadway,Rear-end (front to rear),Driving too fast for conditions,None Indicated,,Daylight,Wet,Rain,"Surface condition (e.g., wet, icy)",Non-intersection:  Non-junction/no special feature,Paved,,Property Damage Only,0,0,0,0,0,0,4500,2,2,,POINT (-90.23137868056 41.829146643042)
2014814787,14-0472,08/28/2014,08-August,5-Thursday,22:00,2200 Hours,District 1 (Central),FORT DODGE,WEBSTER,,200TH ST & 5TH AVE S & OLD US 20 & S 42ND ST,Collision with:  Vehicle in traffic,On Roadway,Rear-end (front to rear),Driver Distraction:  Inattentive/lost in thought,None Indicated,,Dark - roadway lighted,Wet,Rain,None apparent,Intersection:  Four-way intersection,Paved,,Property Damage Only,0,0,0,0,0,0,5000,2,2,,POINT (-94.128838867413 42.501257085423)
2014816067,,08/28/2014,08-August,5-Thursday,05:50,0500 Hours,District 4 (Southwest),,GUTHRIE,IA 44,IA 44/IOWA 44,Collision with:  Animal,On Roadway,Non-collision (single vehicle),Animal,None Indicated,,Dark - roadway not lighted,Wet,Rain,,Non-intersection:  Non-junction/no special feature,Paved,,Property Damage Only,0,0,0,0,0,0,3000,1,1,,POINT (-94.402547610625 41.687834154017)
2014814362,14-28214,08/28/2014,08-August,5-Thursday,06:25,0600 Hours,District 3 (Northwest),SIOUX CITY,WOODBURY,,5TH ST & WATER ST,Collision with:  Vehicle in traffic,On Roadway,Broadside (front to side),Ran Stop Sign,None Indicated,,Dark - roadway lighted,Wet,Rain,None apparent,Intersection:  Four-way intersection,Paved,,Possible/Unknown,0,1,0,0,1,0,3700,2,3,,POINT (-96.409372918848 42.495221328313)
2014814345,14-4266,08/28/2014,08-August,5-Thursday,18:30,1800 Hours,District 1 (Central),WEST DES MOINES,POLK,,GRAND AVE & VINE ST,Collision with:  Vehicle in traffic,On Roadway,Rear-end (front to rear),Followed too close,None Indicated,,Daylight,Dry,Cloudy,None apparent,Intersection:  Four-way intersection,Paved,,Possible/Unknown,0,1,0,0,1,0,1700,2,2,,POINT (-93.727727390242 41.577365365163)
2014815031,14-001001,08/28/2014,08-August,5-Thursday,23:14,2300 Hours,District 1 (Central),,STORY,I-35,I-35,Collision with:  Vehicle in traffic,On Roadway,"Sideswipe, same direction",Swerving/Evasive Action,None Indicated,,Dark - roadway not lighted,Wet,Rain,None apparent,Non-intersection:  Other non-intersection (explain in narrative),Paved,,Property Damage Only,0,0,0,0,0,0,2000,2,3,,POINT (-93.570293525089 41.970831903286)
2014814917,082814A,08/28/2014,08-August,5-Thursday,13:31,1300 Hours,District 4 (Southwest),,FREMONT,I-29,I-29 & IA 2/IOWA 2,Collision with:  Vehicle in traffic,On Roadway,"Angle, oncoming left turn",FTYROW:  From stop sign,None Indicated,,Daylight,Dry,Clear,None apparent,Interchange-related:  Off-ramp,Paved,,Property Damage Only,0,0,0,0,0,0,10000,2,3,,POINT (-95.784258216817 40.689175726507)
2014815538,14-150828-01,08/28/2014,08-August,5-Thursday,16:44,1600 Hours,District 6 (East Central),PARNELL,IOWA,IA 149,IA 149/HATTER AVE/P AVE & Co Rd F52/F52 TRL,Collision with:  Vehicle in traffic,On Roadway,"Angle, oncoming left turn",Ran Stop Sign,None Indicated,,Daylight,Dry,Cloudy,None apparent,Intersection:  T-intersection,Paved,,Minor Injury,0,1,0,1,0,0,2000,2,2,,POINT (-92.004330292839 41.586643152662)
2014814220,14-036363,08/28/2014,08-August,5-Thursday,08:00,0800 Hours,District 4 (Southwest),COUNCIL BLUFFS,POTTAWATTAMIE,I-29,I-29,Collision with fixed object:  Concrete traffic barrier (median or right side),On Roadway,Non-collision (single vehicle),Lost Control,None Indicated,,Daylight,Wet,Rain,Work Zone (roadway-related),Non-intersection:  Other non-intersection (explain in narrative),Paved,Yes,Property Damage Only,0,0,0,0,0,0,4000,1,1,,POINT (-95.832200068235 41.220136121683)
2014814474,2014050428,08/28/2014,08-August,5-Thursday,15:07,1500 Hours,District 6 (East Central),,BENTON,US 151,US 151/32 AVE,Collision with:  Vehicle in traffic,On Roadway,"Sideswipe, opposite direction",Crossed centerline (undivided),None Indicated,,Daylight,Dry,Cloudy,None apparent,Non-intersection:  Non-junction/no special feature,Paved,,Property Damage Only,0,0,0,0,0,0,23500,2,2,,POINT (-91.869236681151 41.874217694512)
2014814163,20140025231,08/28/2014,08-August,5-Thursday,07:14,0700 Hours,District 1 (Central),DES MOINES,POLK,,SE 6TH ST & INDIANOLA AVE & SE 5TH ST,Collision with:  Vehicle in traffic,On Roadway,Broadside (front to side),Unknown,None Indicated,,Dawn,Wet,Rain,None apparent,Intersection:  Four-way intersection,Paved,,Possible/Unknown,0,1,0,0,1,0,2500,2,2,,POINT (-93.605763091755 41.560112114859)
2014814577,2014-60645,08/28/2014,08-August,5-Thursday,16:21,1600 Hours,District 6 (East Central),DAVENPORT,SCOTT,,IA 461/HARRISON ST & W 3RD ST,Collision with:  Vehicle in traffic,On Roadway,"Sideswipe, same direction",Made improper turn,None Indicated,,Daylight,Wet,Rain,None apparent,Non-intersection:  Non-junction/no special feature,Paved,,Property Damage Only,0,0,0,0,0,0,3500,2,3,,POINT (-90.577023210088 41.52242065269)
2014814782,14-010421,08/28/2014,08-August,5-Thursday,02:15,0200 Hours,District 1 (Central),,TAMA,US 63,US 63,Non-collision events:  Overturn/rollover,Shoulder,Non-collision (single vehicle),Ran off road - right,Alcohol (< Statutory),,Dark - roadway not lighted,Dry,Cloudy,None apparent,Non-intersection:  Non-junction/no special feature,Paved,,Minor Injury,0,1,0,1,0,0,2000,1,1,,POINT (-92.581150567302 42.083058069487)
2014814141,"13,031-14",08/28/2014,08-August,5-Thursday,08:00,0800 Hours,District 3 (Northwest),SPENCER,CLAY,,E 10TH ST & 6TH AVE E,Collision with:  Vehicle in traffic,On Roadway,Broadside (front to side),FTYROW:  At uncontrolled intersection,None Indicated,,Daylight,Wet,Rain,None apparent,Intersection:  Four-way intersection,Paved,,Minor Injury,0,2,0,2,0,0,8000,2,4,,POINT (-95.136875683072 43.148093601485)
2014815146,261401515,08/28/2014,08-August,5-Thursday,00:07,0000 Hours,District 5 (Southeast),BLOOMFIELD,DAVIS,,190TH ST,Collision with:  Animal,On Roadway,Non-collision (single vehicle),Animal,None Indicated,,Dark - roadway not lighted,"Mud, dirt",Clear,None apparent,Non-intersection:  Non-junction/no special feature,Unpaved,,Property Damage Only,0,0,0,0,0,0,6000,1,1,,POINT (-92.447921505376 40.783999454483)
2014815879,2014-60644,08/28/2014,08-August,5-Thursday,16:12,1600 Hours,District 6 (East Central),DAVENPORT,SCOTT,,E LOCUST ST,Collision with:  Vehicle in traffic,On Roadway,Rear-end (front to rear),Followed too close,None Indicated,,Daylight,Wet,Rain,None apparent,Non-intersection:  Non-junction/no special feature,Paved,,Property Damage Only,0,0,0,0,0,0,4500,3,3,,POINT (-90.558773221784 41.538300045783)
2014814272,W14-086657,08/28/2014,08-August,5-Thursday,15:10,1500 Hours,District 2 (Northeast),WATERLOO,BLACK HAWK,US 63,US 63/W 1ST ST & JEFFERSON ST,Collision with:  Vehicle in traffic,On Roadway,"Sideswipe, same direction",Made improper turn,None Indicated,,Daylight,Dry,Cloudy,None apparent,Intersection:  Four-way intersection,Paved,,Property Damage Only,0,0,0,0,0,0,3500,2,2,,POINT (-92.344967979553 42.497145745764)
2014815082,14007828,08/28/2014,08-August,5-Thursday,19:37,1900 Hours,District 6 (East Central),,BUCHANAN,,330TH ST,Collision with fixed object:  Ditch,Roadside,Non-collision (single vehicle),Ran off road - left,None Indicated,,Daylight,Dry,Cloudy,None apparent,Non-intersection:  Non-junction/no special feature,Unpaved,,Property Damage Only,0,0,0,0,0,0,10000,1,1,,POINT (-91.628421976476 42.311045134358)
2014814852,2014-4193,08/28/2014,08-August,5-Thursday,20:53,2000 Hours,District 4 (Southwest),WAUKEE,DALLAS,,SE BOBWHITE LN,Collision with:  Vehicle in traffic,On Roadway,Rear-end (front to rear),Improper Backing,None Indicated,,Dark - roadway lighted,Dry,Cloudy,None apparent,Non-intersection:  Non-junction/no special feature,Paved,,Property Damage Only,0,0,0,0,0,0,1750,2,1,,POINT (-93.863148159979 41.605521678143)
2014814895,,08/28/2014,08-August,5-Thursday,00:01,0000 Hours,District 4 (Southwest),,ADAIR,IA 92,IA 92/IOWA 92,Collision with:  Animal,On Roadway,Non-collision (single vehicle),Animal,None Indicated,,Dark - roadway not lighted,Wet,Rain,None apparent,Non-intersection:  Non-junction/no special feature,Paved,,Property Damage Only,0,0,0,0,0,0,4000,1,2,,POINT (-94.257162236377 41.315871807399)
2014826622,14-020143,08/28/2014,08-August,5-Thursday,23:08,2300 Hours,District 5 (Southeast),OSKALOOSA,MAHASKA,IA 92,IA 92/IOWA 92/A AVE W,Collision with fixed object:  Ditch,,,Unknown,None Indicated,,,,,,,Paved,,Property Damage Only,0,0,0,0,0,0,2500,1,1,,POINT (-92.679076672514 41.296131716814)
2014814411,2014009360,08/28/2014,08-August,5-Thursday,14:35,1400 Hours,District 6 (East Central),IOWA CITY,JOHNSON,,E COURT ST & 4TH AVE,Collision with:  Vehicle in traffic,On Roadway,Broadside (front to side),FTYROW:  From stop sign,None Indicated,,Daylight,Wet,Rain,None apparent,Intersection:  Four-way intersection,Paved,,Property Damage Only,0,0,0,0,0,0,3400,2,3,,POINT (-91.506334568124 41.656774171406)
2014814890,,08/28/2014,08-August,5-Thursday,17:14,1700 Hours,District 6 (East Central),DE WITT,CLINTON,,S 6TH AVE,Collision with:  Vehicle in traffic,Outside trafficway,"Sideswipe, same direction",Unknown,None Indicated,,Daylight,Wet,Rain,None apparent,Non-intersection:  Driveway access (within),Paved,,Property Damage Only,0,0,0,0,0,0,2500,2,6,,POINT (-90.539045451073 41.8102089175)
2014814318,14-5682,08/28/2014,08-August,5-Thursday,14:51,1400 Hours,District 1 (Central),DES MOINES,POLK,,E BROADWAY AVE,Collision with:  Vehicle in traffic,On Roadway,Rear-end (front to rear),Other (explain in narrative):  Other,None Indicated,,Daylight,Dry,Cloudy,None apparent,Non-intersection:  Non-junction/no special feature,Paved,,Property Damage Only,0,0,0,0,0,0,3700,2,2,,POINT (-93.513956309833 41.644191433989)
2014814322,14-003683,08/28/2014,08-August,5-Thursday,08:00,0800 Hours,District 1 (Central),ANKENY,POLK,,SW CHERRY ST,Collision with:  Vehicle in traffic,On Roadway,Broadside (front to side),FTYROW:  From yield sign,None Indicated,,Daylight,Wet,Rain,None apparent,Intersection:  Four-way intersection,Paved,,Property Damage Only,0,0,0,0,0,0,2000,2,4,,POINT (-93.608339736761 41.719516484765)
2014815677,CL14003057,08/28/2014,08-August,5-Thursday,16:05,1600 Hours,District 6 (East Central),CLINTON,CLINTON,,19TH AVE NW & MILL CREEK PKWY,Collision with:  Vehicle in traffic,On Roadway,Broadside (front to side),Ran Stop Sign,None Indicated,,Daylight,Wet,Rain,None apparent,Intersection:  Four-way intersection,Paved,,Property Damage Only,0,0,0,0,0,0,6000,2,3,,POINT (-90.210706030123 41.868172218051)
2014815400,14-0975,08/28/2014,08-August,5-Thursday,08:42,0800 Hours,District 1 (Central),PLEASANT HILL,POLK,US 65,US 65/SW RAMP/NW RAMP & IA 163/E UNIVERSITY AVE,Collision with:  Vehicle in traffic,On Roadway,Rear-end (front to rear),Driving too fast for conditions,None Indicated,,Daylight,Wet,Rain,None apparent,"Interchange-related:  Off-ramp, diverge area",Paved,,Property Damage Only,0,0,0,0,0,0,2700,2,2,,POINT (-93.4988726378 41.598816451155)
2014814166,20140025261,08/28/2014,08-August,5-Thursday,12:25,1200 Hours,District 1 (Central),DES MOINES,POLK,,GRAND AVE & 31ST ST,Collision with:  Vehicle in traffic,On Roadway,Broadside (front to side),FTYROW:  Making left turn,None Indicated,,Daylight,Wet,Rain,None apparent,Intersection:  T-intersection,Paved,,Possible/Unknown,0,2,0,0,2,0,9000,3,3,,POINT (-93.659376467477 41.584425024922)
2014909172,078-14,08/28/2014,08-August,5-Thursday,22:14,2200 Hours,District 4 (Southwest),,MADISON,US 169,US 169,Collision with fixed object:  Ditch,On Roadway,Non-collision (single vehicle),Swerving/Evasive Action,None Indicated,,Dark - roadway not lighted,Water (standing or moving),Rain,None apparent,Non-intersection:  Non-junction/no special feature,Paved,,Property Damage Only,0,0,0,0,0,0,20000,1,1,,POINT (-94.01696917037 41.443007152751)
2014814391,14-036455,08/28/2014,08-August,5-Thursday,17:06,1700 Hours,District 4 (Southwest),COUNCIL BLUFFS,POTTAWATTAMIE,,S 15TH ST,Collision with:  Parked motor vehicle,On Roadway,"Sideswipe, opposite direction",Unknown,None Indicated,,Daylight,Dry,Cloudy,None apparent,Non-intersection:  Non-junction/no special feature,Paved,,Property Damage Only,0,0,0,0,0,0,1500,2,1,,POINT (-95.866048916025 41.253080877945)
2014814320,14-5689,08/28/2014,08-August,5-Thursday,17:32,1700 Hours,District 1 (Central),GRIMES,POLK,IA 44,IA 44/1ST ST & RAILROAD ST,Collision with:  Vehicle in traffic,On Roadway,Rear-end (front to rear),Other (explain in narrative):  Other,None Indicated,,Daylight,Dry,Cloudy,None apparent,Non-intersection:  Non-junction/no special feature,Paved,,Possible/Unknown,0,2,0,0,2,0,8500,2,5,,POINT (-93.792710840745 41.688381065918)
2014815001,14-003988,08/28/2014,08-August,5-Thursday,10:00,1000 Hours,District 1 (Central),AMES,STORY,,6TH ST & E 6TH ST & DUFF AVE,Collision with:  Vehicle in traffic,On Roadway,Rear-end (front to rear),Driving too fast for conditions,None Indicated,,Daylight,Wet,Rain,None apparent,Non-intersection:  Non-junction/no special feature,Paved,,Property Damage Only,0,0,0,0,0,0,3000,2,3,,POINT (-93.610476925009 42.0269616342)
2014814195,14-2636,08/28/2014,08-August,5-Thursday,00:10,0000 Hours,District 1 (Central),FORT DODGE,WEBSTER,,N 8TH ST,Collision with:  Parked motor vehicle,On Roadway,Rear-end (front to rear),Other (explain in narrative):  No improper action,None Indicated,,Dark - roadway lighted,Dry,Clear,None apparent,Non-intersection:  Non-junction/no special feature,Paved,,Property Damage Only,0,0,0,0,0,0,5000,2,1,,POINT (-94.187933343664 42.506756579469)
2014815152,201412706,08/28/2014,08-August,5-Thursday,16:43,1600 Hours,District 6 (East Central),CEDAR RAPIDS,LINN,IA 922,IA 922/1ST AVE E & 19TH ST SE & 19TH ST NE,Collision with:  Vehicle in traffic,On Roadway,Rear-end (front to rear),Followed too close,None Indicated,,Daylight,Dry,Cloudy,None apparent,Intersection:  Four-way intersection,Paved,,Possible/Unknown,0,1,0,0,1,0,5500,2,3,,POINT (-91.644272978847 41.992721336289)
2014815880,2014-60654,08/28/2014,08-August,5-Thursday,17:45,1700 Hours,District 6 (East Central),DAVENPORT,SCOTT,,E LOCUST ST & MARLO AVE,Collision with:  Vehicle in traffic,On Roadway,Rear-end (front to rear),Followed too close,None Indicated,,Daylight,Wet,Rain,None apparent,Non-intersection:  Non-junction/no special feature,Paved,,Property Damage Only,0,0,0,0,0,0,3000,2,4,,POINT (-90.530117164342 41.538480341476)
2014819422,14007831,08/28/2014,08-August,5-Thursday,19:53,1900 Hours,District 6 (East Central),,BUCHANAN,IA 150,IA 150/JAMESTOWN AVE,Collision with fixed object:  Ditch,Roadside,Non-collision (single vehicle),Crossed centerline (undivided),None Indicated,,Daylight,Dry,Clear,None apparent,Non-intersection:  Non-junction/no special feature,Paved,,Minor Injury,0,1,0,1,0,0,6500,1,1,,POINT (-91.889340002336 42.341716002164)
2014818870,80-14-275,08/28/2014,08-August,5-Thursday,15:35,1500 Hours,District 2 (Northeast),HUMBOLDT,HUMBOLDT,US 169,US 169/13TH ST N,Collision with:  Vehicle in traffic,On Roadway,Rear-end (front to rear),Driving too fast for conditions,None Indicated,,Daylight,Wet,Cloudy,None apparent,Non-intersection:  Non-junction/no special feature,Paved,,Property Damage Only,0,0,0,0,0,0,2500,2,3,,POINT (-94.227164887946 42.735362382352)
2014814305,201412677,08/28/2014,08-August,5-Thursday,07:25,0700 Hours,District 6 (East Central),CEDAR RAPIDS,LINN,,12TH AVE SE,Collision with:  Vehicle in traffic,On Roadway,"Sideswipe, opposite direction",Crossed centerline (undivided),None Indicated,,Daylight,Dry,Cloudy,None apparent,Non-intersection:  Non-junction/no special feature,Paved,,Property Damage Only,0,0,0,0,0,0,9400,2,2,,POINT (-91.65863480485 41.969959699331)
2014815132,14014950,08/28/2014,08-August,5-Thursday,22:11,2200 Hours,District 2 (Northeast),MASON CITY,CERRO GORDO,,10TH ST NW,Collision with:  Vehicle in traffic,On Roadway,"Sideswipe, same direction",Other (explain in narrative):  Other,None Indicated,,Dark - roadway not lighted,Wet,Clear,None apparent,Non-intersection:  Non-junction/no special feature,Paved,,Property Damage Only,0,0,0,0,0,0,2500,2,1,,POINT (-93.216976050137 43.161408177214)
2014814578,2014-60647,08/28/2014,08-August,5-Thursday,16:48,1600 Hours,District 6 (East Central),DAVENPORT,SCOTT,US 6,US 6/E KIMBERLY RD,Collision with:  Vehicle in traffic,On Roadway,Rear-end (front to rear),Driving too fast for conditions,None Indicated,,Daylight,Wet,Rain,"Surface condition (e.g., wet, icy)",Non-intersection:  Non-junction/no special feature,Paved,,Property Damage Only,0,0,0,0,0,0,6000,2,2,,POINT (-90.563367266132 41.558643889769)
2014814363,14-28252,08/28/2014,08-August,5-Thursday,14:36,1400 Hours,District 3 (Northwest),SIOUX CITY,WOODBURY,,OUTER DR N,Collision with:  Vehicle in traffic,On Roadway,Rear-end (front to rear),Driver Distraction:  Reaching for object(s)/fallen object(s),None Indicated,,Daylight,Dry,Cloudy,None apparent,Non-intersection:  Non-junction/no special feature,Paved,,Property Damage Only,0,0,0,0,0,0,2000,2,2,,POINT (-96.373415842316 42.536104399246)
2014814960,14-1898,08/28/2014,08-August,5-Thursday,07:59,0700 Hours,District 1 (Central),URBANDALE,POLK,,142ND ST,Collision with:  Vehicle in traffic,On Roadway,"Sideswipe, same direction",FTYROW:  Other (explain in narrative),None Indicated,,Daylight,Wet,Rain,None apparent,Intersection:  Other intersection (explain in narrative),Paved,,Property Damage Only,0,0,0,0,0,0,3000,2,5,,POINT (-93.809216569341 41.629503718939)