Iowa DOT Case Number,Law Enforcement Case Number,Date of Crash,Month of Crash,Day of Week,Time of Crash,Hour,DOT District,City Name,County Name,Route with System,Location Description,First Harmful Event,Location of First Harmful Event,Manner of Crash/Collision,Major Cause,Drug or Alcohol ,Environmental Conditions,Light Conditions,Surface Conditions,Weather Conditions,Roadway Contribution,Roadway Type,Roadway Surface,Work Zone,Crash Severity,Number of Fatalities,Number of Injuries,Number of Major Injuries,Number of Minor Injuries,Number of Possible Injuries,Number of Unknown Injuries,Amount of Property Damage,Number of Vehicles Involved,Total Number of Occupants,Travel Direction,Location
2014815265,2014-037211,08/29/2014,08-August,6-Friday,04:01,0400 Hours,District 6 (East Central),DUBUQUE,DUBUQUE,US 20,US 20/DODGE ST/RAMP,,On Roadway,Non-collision (single vehicle),Traveling wrong way or on wrong side of road,Alcohol (Statutory),,Dark - roadway lighted,Dry,Cloudy,None apparent,Intersection:  Intersection with ramp,Paved,,Property Damage Only,0,0,0,0,0,0,1500,1,1,,POINT (-90.692394270254 42.490603562452)
2014814801,14-28349,08/29/2014,08-August,6-Friday,10:21,1000 Hours,District 3 (Northwest),SIOUX CITY,WOODBURY,,S LAKEPORT ST,Collision with:  Vehicle in traffic,On Roadway,"Sideswipe, same direction",FTYROW:  Other (explain in narrative),None Indicated,,Daylight,Wet,Rain,None apparent,"Interchange-related:  Off-ramp, diverge area",Paved,,Property Damage Only,0,0,0,0,0,0,1750,2,2,,POINT (-96.347654258814 42.441106515438)
2014814585,2014-60813,08/29/2014,08-August,6-Friday,12:10,1200 Hours,District 6 (East Central),DAVENPORT,SCOTT,,E 53RD ST,Collision with:  Vehicle in traffic,On Roadway,Rear-end (front to rear),Lost Control,None Indicated,,Daylight,Dry,Clear,None apparent,Non-intersection:  Non-junction/no special feature,Paved,,Possible/Unknown,0,1,0,0,0,1,6000,2,2,,POINT (-90.559683329095 41.574642072098)
2014927528,,08/29/2014,08-August,6-Friday,13:27,1300 Hours,District 3 (Northwest),SERGEANT BLUFF,WOODBURY,I-29,I-29,Collision with:  Vehicle in traffic,On Roadway,Rear-end (front to rear),Driving too fast for conditions,None Indicated,,Daylight,Wet,Rain,Work Zone (roadway-related),Non-intersection:  Other non-intersection (explain in narrative),Paved,Yes,Property Damage Only,0,0,0,0,0,0,3000,2,3,,POINT (-96.366711488481 42.400846507332)
2014815089,2014050651,08/29/2014,08-August,6-Friday,15:50,1500 Hours,District 5 (Southeast),,DECATUR,I-35,I-35,Collision with:  Vehicle in traffic,On Roadway,"Sideswipe, same direction",FTYROW:  From yield sign,None Indicated,,Daylight,Wet,Rain,Work Zone (roadway-related),Interchange-related:  Off-ramp,Paved,Yes,Property Damage Only,0,0,0,0,0,0,9000,2,3,,POINT (-93.84158461423 40.743136427126)
2014814482,W14-087110,08/29/2014,08-August,6-Friday,16:10,1600 Hours,District 2 (Northeast),WATERLOO,BLACK HAWK,US 218,US 218 & W 5TH ST,Collision with:  Vehicle in traffic,On Roadway,"Sideswipe, same direction",Other (explain in narrative):  Other,None Indicated,,Daylight,Dry,Clear,None apparent,Intersection:  Four-way intersection,Paved,,Property Damage Only,0,0,0,0,0,0,1500,2,2,,POINT (-92.340951723983 42.492529743585)
2014814829,2014009425,08/29/2014,08-August,6-Friday,18:37,1800 Hours,District 6 (East Central),IOWA CITY,JOHNSON,US 6,US 6/S RIVERSIDE DR & IA 1/IOWA 1 & OLD HIGHWAY 218,Collision with:  Vehicle in traffic,On Roadway,"Sideswipe, same direction",Made improper turn,None Indicated,,Daylight,Dry,Clear,None apparent,Non-intersection:  Non-junction/no special feature,Paved,,Property Damage Only,0,0,0,0,0,0,7000,2,3,,POINT (-91.540112615443 41.647462810121)
2014814667,142623,08/29/2014,08-August,6-Friday,12:18,1200 Hours,District 3 (Northwest),DENISON,CRAWFORD,,AVE C,Collision with:  Vehicle in traffic,Outside trafficway,Broadside (front to side),FTYROW:  From parked position,None Indicated,,Daylight,Wet,Rain,None apparent,Non-intersection:  Driveway access (within),Paved,,Property Damage Only,0,0,0,0,0,0,3500,2,2,,POINT (-95.368166334951 42.024025554492)
2014814302,14129174,08/29/2014,08-August,6-Friday,07:37,0700 Hours,District 6 (East Central),SOLON,JOHNSON,IA 1,IA 1/S MARKET ST & E 5TH ST,Collision with:  Vehicle in traffic,On Roadway,Broadside (front to side),Ran Stop Sign,None Indicated,,Daylight,Dry,Clear,None apparent,Intersection:  Four-way intersection,Paved,,Property Damage Only,0,0,0,0,0,0,11000,3,3,,POINT (-91.491672400265 41.802122445231)
2014814804,14-28360,08/29/2014,08-August,6-Friday,12:48,1200 Hours,District 3 (Northwest),SIOUX CITY,WOODBURY,,GLENN AVE & S PATTERSON ST,Collision with:  Vehicle in traffic,On Roadway,"Sideswipe, opposite direction",Other (explain in narrative):  Other,None Indicated,,Daylight,Wet,Rain,None apparent,Non-intersection:  Non-junction/no special feature,Paved,,Property Damage Only,0,0,0,0,0,0,4500,2,3,,POINT (-96.353607650917 42.465397702347)
2014814835,02357,08/29/2014,08-August,6-Friday,06:33,0600 Hours,District 6 (East Central),DYERSVILLE,DUBUQUE,,BELTLINE RD,Collision with:  Animal,,,Animal,None Indicated,,,,,,,Unpaved,,Property Damage Only,0,0,0,0,0,0,1500,1,1,,POINT (-91.140817763272 42.488582452152)
2014815437,201400042372,08/29/2014,08-August,6-Friday,07:57,0700 Hours,District 5 (Southeast),OTTUMWA,WAPELLO,,N WEBSTER ST,Collision with:  Vehicle in traffic,On Roadway,Broadside (front to side),FTYROW:  Other (explain in narrative),None Indicated,,Daylight,Dry,Clear,None apparent,Non-intersection:  Alley,Paved,,Property Damage Only,0,0,0,0,0,0,6000,2,2,,POINT (-92.430695038867 41.006259578405)
2014815268,14-087120,08/29/2014,08-August,6-Friday,16:28,1600 Hours,District 2 (Northeast),,BLACK HAWK,,Co Rd C66/W DUNKERTON RD & Co Rd V25/WAGNER RD,Collision with:  Vehicle in traffic,On Roadway,"Angle, oncoming left turn",FTYROW:  From stop sign,None Indicated,,Daylight,Dry,Cloudy,None apparent,Intersection:  Four-way intersection,Paved,,Property Damage Only,0,0,0,0,0,0,5000,2,3,,POINT (-92.376986941997 42.570640327605)
2014818252,14-006582,08/29/2014,08-August,6-Friday,16:00,1600 Hours,District 4 (Southwest),PERRY,DALLAS,,BATEMAN ST & 7TH ST,Collision with:  Vehicle in traffic,On Roadway,Broadside (front to side),Ran Stop Sign,None Indicated,,Daylight,Dry,Clear,None apparent,Intersection:  Four-way intersection,Paved,,Possible/Unknown,0,1,0,0,1,0,5000,2,3,,POINT (-94.098371509398 41.842576295621)
2014814921,145083,08/29/2014,08-August,6-Friday,23:30,2300 Hours,District 1 (Central),,HARDIN,US 20,US 20,Collision with:  Animal,,,Animal,None Indicated,,,,,,,Paved,,Property Damage Only,0,0,0,0,0,0,5000,1,1,,POINT (-93.104956795434 42.426408747415)
2014814525,14-1047,08/29/2014,08-August,6-Friday,07:30,0700 Hours,District 1 (Central),CLIVE,POLK,US 6,US 6/HICKMAN RD,Collision with:  Vehicle in traffic,On Roadway,Rear-end (front to rear),Followed too close,None Indicated,,Daylight,Dry,Cloudy,None apparent,Intersection:  Four-way intersection,Paved,,Property Damage Only,0,0,0,0,0,0,7500,2,2,,POINT (-93.792027094198 41.614950782715)
2014815407,2014-18707,08/29/2014,08-August,6-Friday,10:57,1000 Hours,District 5 (Southeast),INDIANOLA,WARREN,,N BUXTON ST & W ASHLAND AVE,Collision with fixed object:  Other fixed object (explain in narrative),On Roadway,Non-collision (single vehicle),Ran off road - right,None Indicated,,Daylight,Dry,Clear,None apparent,Intersection:  Four-way intersection,Paved,,Property Damage Only,0,0,0,0,0,0,1900,1,1,,POINT (-93.562297997071 41.361358059809)
2014815482,,08/29/2014,08-August,6-Friday,14:38,1400 Hours,District 2 (Northeast),,BUTLER,IA 188,IA 188/IOWA 188 & UNION AVE,Collision with:  Vehicle in traffic,On Roadway,Rear-end (front to rear),Lost Control,None Indicated,,Daylight,Dry,Clear,None apparent,Intersection:  Four-way intersection,Paved,,Possible/Unknown,0,2,0,0,2,0,12000,2,2,,POINT (-92.633214897984 42.847280334678)
2014815093,2014050577,08/29/2014,08-August,6-Friday,10:27,1000 Hours,District 3 (Northwest),POCAHONTAS,POCAHONTAS,IA 3,IA 3/ELM AVE & NE 4TH ST,Collision with:  Vehicle in traffic,On Roadway,"Angle, oncoming left turn",FTYROW:  Making left turn,None Indicated,,Daylight,Dry,Cloudy,None apparent,Intersection:  T-intersection,Paved,,Major Injury,0,1,1,0,0,0,25000,2,2,,POINT (-94.66198353417 42.732614610481)
2014818957,2014050717,08/29/2014,08-August,6-Friday,19:27,1900 Hours,District 2 (Northeast),,BLACK HAWK,US 218,US 218 & Co Rd C57/W CEDAR-WAPSI RD,Collision with:  Vehicle in traffic,On Roadway,Broadside (front to side),Ran Stop Sign,None Indicated,,Daylight,Wet,Cloudy,None apparent,Intersection:  Four-way intersection,Paved,,Minor Injury,0,3,0,2,1,0,25000,2,5,,POINT (-92.443579843538 42.613742112718)
2014814338,20140025346,08/29/2014,08-August,6-Friday,08:55,0800 Hours,District 1 (Central),DES MOINES,POLK,,BELL AVE,Collision with:  Vehicle in traffic,On Roadway,Broadside (front to side),FTYROW:  From driveway,None Indicated,,Daylight,Dry,Cloudy,None apparent,Non-intersection:  Driveway access (within),Paved,,Property Damage Only,0,0,0,0,0,0,1500,2,4,,POINT (-93.62343499796 41.562098342257)
2014814892,,08/29/2014,08-August,6-Friday,10:03,1000 Hours,District 6 (East Central),MARENGO,IOWA,IA 212,IA 212/WESTERN AVE/SOUTH ST,Collision with:  Vehicle in traffic,On Roadway,Broadside (front to side),Ran Stop Sign,None Indicated,,Daylight,Dry,Cloudy,None apparent,Intersection:  Four-way intersection,Paved,,Property Damage Only,0,0,0,0,0,0,1700,2,2,,POINT (-92.074334965556 41.796938440421)
2014814558,14-4279,08/29/2014,08-August,6-Friday,13:26,1300 Hours,District 1 (Central),WEST DES MOINES,POLK,,GILES ST & WESTERN HILLS DR & 35TH ST,Collision with:  Vehicle in traffic,On Roadway,Broadside (front to side),Ran Stop Sign,None Indicated,,Daylight,Dry,Cloudy,None apparent,Intersection:  Four-way intersection,Paved,,Property Damage Only,0,0,0,0,0,0,5700,2,2,,POINT (-93.751724754661 41.577904526541)
2014814321,14-5707,08/29/2014,08-August,6-Friday,12:10,1200 Hours,District 1 (Central),,POLK,,NE 70TH AVE & NE 16TH CT,Collision with:  Vehicle in traffic,On Roadway,"Angle, oncoming left turn",Made improper turn,None Indicated,,Daylight,Dry,Clear,None apparent,Intersection:  T-intersection,Paved,,Property Damage Only,0,0,0,0,0,0,4000,2,3,,POINT (-93.595357324744 41.688392973453)
2014814704,20140025332,08/29/2014,08-August,6-Friday,04:30,0400 Hours,District 1 (Central),DES MOINES,POLK,,MADISON AVE,,Outside trafficway,Non-collision (single vehicle),"Operating vehicle in an reckless, erratic, careless, negligent manner",Alcohol (Statutory),,Dark - roadway lighted,Wet,Clear,None apparent,Non-intersection:  Non-junction/no special feature,Paved,,Property Damage Only,0,0,0,0,0,0,1550,1,1,,POINT (-93.65735227485 41.633219676889)
2014814301,SO1403551,08/29/2014,08-August,6-Friday,01:56,0100 Hours,District 5 (Southeast),,JEFFERSON,US 34,US 34,Collision with:  Animal,,,Animal,None Indicated,,,,,,,Paved,,Property Damage Only,0,0,0,0,0,0,2500,1,1,,POINT (-92.112280577348 41.009733026841)
2014815013,14004001,08/29/2014,08-August,6-Friday,03:30,0300 Hours,District 1 (Central),AMES,STORY,,TRIPP ST,Collision with:  Parked motor vehicle,On Roadway,Broadside (front to side),Ran off road - right,Alcohol (Statutory),,Dark - roadway lighted,Wet,Rain,None apparent,Non-intersection:  Non-junction/no special feature,Paved,,Property Damage Only,0,0,0,0,0,0,2300,2,1,,POINT (-93.66692681128 42.020144773894)
2014814328,20140025326,08/29/2014,08-August,6-Friday,01:40,0100 Hours,District 1 (Central),DES MOINES,POLK,,DEAN AVE,Collision with:  Parked motor vehicle,Roadside,Rear-end (front to rear),Improper Backing,Alcohol (Statutory),,Dark - roadway lighted,Wet,Rain,None apparent,Non-intersection:  Non-junction/no special feature,Paved,,Property Damage Only,0,0,0,0,0,0,30500,2,1,,POINT (-93.555074600775 41.591335020947)
2014814532,20140025406,08/29/2014,08-August,6-Friday,16:08,1600 Hours,District 1 (Central),DES MOINES,POLK,,SW 9TH ST & VIRGINIA AVE,Collision with:  Vehicle in traffic,On Roadway,Rear-end (front to rear),FTYROW:  Other (explain in narrative),None Indicated,,Daylight,Wet,Rain,None apparent,Non-intersection:  Non-junction/no special feature,Paved,,Property Damage Only,0,0,0,0,0,0,2500,2,2,,POINT (-93.625699955432 41.558194887519)
2014814337,20140025339,08/29/2014,08-August,6-Friday,07:20,0700 Hours,District 1 (Central),DES MOINES,POLK,I-235,I-235,Collision with:  Vehicle in traffic,On Roadway,Rear-end (front to rear),Followed too close,None Indicated,,Daylight,Wet,Cloudy,None apparent,Non-intersection:  Non-junction/no special feature,Paved,,Possible/Unknown,0,1,0,0,1,0,2300,2,4,,POINT (-93.59604164536 41.597119753345)
2014814657,W14-087157,08/29/2014,08-August,6-Friday,18:38,1800 Hours,District 2 (Northeast),WATERLOO,BLACK HAWK,,E DALE ST & E 4TH ST,Collision with:  Vehicle in traffic,On Roadway,Rear-end (front to rear),Followed too close,None Indicated,,Daylight,Dry,Clear,None apparent,Intersection:  Four-way intersection,Paved,,Property Damage Only,0,0,0,0,0,0,2500,2,3,,POINT (-92.332713179335 42.525731527195)
2014816359,,08/29/2014,08-August,6-Friday,08:48,0800 Hours,District 3 (Northwest),ARNOLDS PARK,DICKINSON,,,Collision with:  Vehicle in traffic,On Roadway,Rear-end (front to rear),Followed too close,None Indicated,,Daylight,Dry,Cloudy,None apparent,Non-intersection:  Non-junction/no special feature,,,Property Damage Only,0,0,0,0,0,0,1700,2,4,,POINT (-96.643700149993 40.233091251414)
2014815095,2014050680,08/29/2014,08-August,6-Friday,16:50,1600 Hours,District 1 (Central),,HAMILTON,I-35,I-35,Collision with:  Vehicle in traffic,On Roadway,Rear-end (front to rear),Other (explain in narrative):  Disregarded Warning Sign,None Indicated,,Daylight,Dry,Cloudy,Work Zone (roadway-related),Non-intersection:  Non-junction/no special feature,Paved,Yes,Property Damage Only,0,0,0,0,0,0,2000,2,2,,POINT (-93.570454732213 42.296268789812)
2014814586,2014-60844,08/29/2014,08-August,6-Friday,14:49,1400 Hours,District 6 (East Central),DAVENPORT,SCOTT,,ELMORE AVE,Collision with:  Vehicle in traffic,On Roadway,Rear-end (front to rear),Improper Backing,None Indicated,,Daylight,Dry,Cloudy,None apparent,Non-intersection:  Driveway access (within),Paved,,Property Damage Only,0,0,0,0,0,0,3200,3,3,,POINT (-90.52487630777 41.568385748037)
2014814584,2014-60806,08/29/2014,08-August,6-Friday,10:47,1000 Hours,District 6 (East Central),DAVENPORT,SCOTT,,W LOCUST ST,Collision with:  Vehicle in traffic,On Roadway,Broadside (front to side),FTYROW:  Making left turn,None Indicated,,Daylight,Dry,Clear,None apparent,Non-intersection:  Driveway access (within),Paved,,Property Damage Only,0,0,0,0,0,0,2300,2,2,,POINT (-90.617022544196 41.53819860576)
2014814679,C14002708,08/29/2014,08-August,6-Friday,12:28,1200 Hours,District 6 (East Central),CORALVILLE,JOHNSON,US 6,US 6/2ND ST,Collision with:  Vehicle in traffic,On Roadway,Broadside (front to side),FTYROW:  From driveway,None Indicated,,Daylight,Dry,Clear,None apparent,Non-intersection:  Driveway access (within),Paved,,Property Damage Only,0,0,0,0,0,0,10000,2,2,,POINT (-91.602116373799 41.684972769022)
2014814845,N14000457,08/29/2014,08-August,6-Friday,16:53,1600 Hours,District 6 (East Central),NORTH LIBERTY,JOHNSON,,PENN ST & STEWART ST & N DUBUQUE ST,Collision with:  Vehicle in traffic,On Roadway,Broadside (front to side),FTYROW:  From stop sign,None Indicated,,Daylight,Dry,Cloudy,None apparent,Intersection:  Four-way intersection,Paved,,Possible/Unknown,0,1,0,0,1,0,2400,2,3,,POINT (-91.602151882024 41.752109881921)
2014816069,,08/29/2014,08-August,6-Friday,10:45,1000 Hours,District 6 (East Central),CEDAR RAPIDS,LINN,,B AVE NW & 18TH ST NW,Collision with:  Vehicle in traffic,On Roadway,"Sideswipe, opposite direction",Unknown,None Indicated,,Daylight,Dry,Clear,,Intersection:  Four-way intersection,Paved,,Property Damage Only,0,0,0,0,0,0,4000,2,2,,POINT (-91.696681025326 41.975009296808)
2014817167,2014-60934,08/29/2014,08-August,6-Friday,21:01,2100 Hours,District 6 (East Central),DAVENPORT,SCOTT,,KIRKWOOD BLVD & PERSHING AVE,Collision with:  Vehicle in traffic,On Roadway,Broadside (front to side),Ran Stop Sign,None Indicated,,Dark - roadway lighted,Wet,Cloudy,None apparent,Intersection:  Four-way intersection,Paved,,Possible/Unknown,0,1,0,0,1,0,11900,2,2,,POINT (-90.571163863128 41.536166864887)
2014814508,201412754,08/29/2014,08-August,6-Friday,13:22,1300 Hours,District 6 (East Central),CEDAR RAPIDS,LINN,,EDGEWOOD RD NW,Collision with:  Vehicle in traffic,On Roadway,Rear-end (front to rear),Followed too close,None Indicated,,Daylight,Dry,Cloudy,Work Zone (roadway-related),Non-intersection:  Non-junction/no special feature,Paved,Yes,Possible/Unknown,0,1,0,0,1,0,800,2,3,,POINT (-91.705249220556 42.010213342848)
2014816068,,08/29/2014,08-August,6-Friday,10:45,1000 Hours,District 6 (East Central),CEDAR RAPIDS,LINN,,10TH AVE SW & 2ND ST SW,Collision with:  Vehicle in traffic,On Roadway,"Angle, oncoming left turn",Unknown,None Indicated,,Daylight,Dry,,,Intersection:  T-intersection,Paved,,Property Damage Only,0,0,0,0,0,0,9000,2,2,,POINT (-91.669024476881 41.967711941908)
2014814536,20140025419,08/29/2014,08-August,6-Friday,17:32,1700 Hours,District 1 (Central),DES MOINES,POLK,,KIRKWOOD AVE & SW 9TH ST,Collision with:  Vehicle in traffic,On Roadway,Rear-end (front to rear),Followed too close,None Indicated,,Daylight,Wet,Cloudy,None apparent,Non-intersection:  Non-junction/no special feature,Paved,,Possible/Unknown,0,1,0,0,1,0,10500,4,6,,POINT (-93.623869674759 41.564897250955)
2014818824,145073,08/29/2014,08-August,6-Friday,16:55,1600 Hours,District 1 (Central),,HARDIN,,Co Rd D67/CO HWY D67 & Y AVE,Non-collision events:  Overturn/rollover,On Roadway,Non-collision (single vehicle),Lost Control,None Indicated,,Daylight,Wet,Rain,None apparent,Intersection:  Y-intersection,Paved,,Major Injury,0,1,1,0,0,0,2000,1,1,,POINT (-93.021231383684 42.229517326824)
2014815284,01-14-37213,08/29/2014,08-August,6-Friday,09:35,0900 Hours,District 6 (East Central),DUBUQUE,DUBUQUE,,W 12TH ST & IOWA ST,Collision with:  Vehicle in traffic,On Roadway,Broadside (front to side),Ran Traffic Signal,None Indicated,,Daylight,Dry,Cloudy,None apparent,Intersection:  Four-way intersection,Paved,,Property Damage Only,0,0,0,0,0,0,8000,2,3,,POINT (-90.66783631737 42.504442522474)
2014816743,01-14-037226,08/29/2014,08-August,6-Friday,16:10,1600 Hours,District 6 (East Central),DUBUQUE,DUBUQUE,,PENNSYLVANIA AVE & BRISTOL DR,Collision with:  Vehicle in traffic,On Roadway,Rear-end (front to rear),Lost Control,None Indicated,,Daylight,Dry,Clear,None apparent,Intersection:  T-intersection,Paved,,Possible/Unknown,0,1,0,0,1,0,5500,2,2,,POINT (-90.709250443231 42.500496454271)
2014814843,N14000455,08/29/2014,08-August,6-Friday,14:58,1400 Hours,District 6 (East Central),NORTH LIBERTY,JOHNSON,,PENN ST & MEADE DR,Collision with:  Vehicle in traffic,On Roadway,"Angle, oncoming left turn",FTYROW:  From stop sign,None Indicated,,Daylight,Dry,Cloudy,None apparent,Intersection:  T-intersection,Paved,,Property Damage Only,0,0,0,0,0,0,3500,2,2,,POINT (-91.608717309536 41.752189583084)
2014816191,C14002712,08/29/2014,08-August,6-Friday,15:08,1500 Hours,District 6 (East Central),CORALVILLE,JOHNSON,US 6,US 6/2ND ST,Collision with:  Vehicle in traffic,On Roadway,Rear-end (front to rear),Followed too close,None Indicated,,Daylight,Dry,Clear,None apparent,Non-intersection:  Non-junction/no special feature,Paved,,Property Damage Only,0,0,0,0,0,0,2500,2,5,,POINT (-91.598670985981 41.683174468365)
2014815403,2014-60926,08/29/2014,08-August,6-Friday,20:24,2000 Hours,District 6 (East Central),DAVENPORT,SCOTT,,N PINE ST,Collision with:  Vehicle in traffic,On Roadway,Broadside (front to side),FTYROW:  From driveway,None Indicated,,Dark - roadway not lighted,Wet,Rain,None apparent,Non-intersection:  Driveway access (within),Paved,,Property Damage Only,0,0,0,0,0,0,4000,2,4,,POINT (-90.610662365624 41.561168031566)
2014834301,,08/29/2014,08-August,6-Friday,15:30,1500 Hours,District 1 (Central),DES MOINES,POLK,,BENNETT AVE & MLK JR PKWY,Collision with:  Vehicle in traffic,On Roadway,Rear-end (front to rear),Unknown,None Indicated,,Daylight,Dry,Clear,,Intersection:  T-intersection,Paved,,Property Damage Only,0,0,0,0,0,0,6000,2,2,,POINT (-93.647392959126 41.618180150921)
2014815037,14-6630PD,08/29/2014,08-August,6-Friday,17:38,1700 Hours,District 1 (Central),BOONE,BOONE,,HAWKEYE DR & S MARSHALL ST,Collision with:  Vehicle in traffic,On Roadway,Rear-end (front to rear),Ran off road - right,None Indicated,,Daylight,Wet,Rain,None apparent,Intersection:  Four-way intersection,Paved,,Property Damage Only,0,0,0,0,0,0,1500,2,3,,POINT (-93.878330838574 42.037365216914)
2014815843,14-1050,08/29/2014,08-August,6-Friday,11:10,1100 Hours,District 1 (Central),CLIVE,POLK,US 6,US 6/HICKMAN RD,Collision with:  Animal,On Roadway,Non-collision (single vehicle),Animal,None Indicated,,Daylight,Dry,Cloudy,None apparent,Non-intersection:  Non-junction/no special feature,Paved,,Property Damage Only,0,0,0,0,0,0,4000,1,1,,POINT (-93.793119340637 41.614952259234)
2014814519,14-5713,08/29/2014,08-August,6-Friday,17:17,1700 Hours,District 1 (Central),,POLK,,NE 56TH ST & NE 62ND AVE,Collision with:  Vehicle in traffic,On Roadway,Rear-end (front to rear),Followed too close,None Indicated,,Daylight,Wet,Rain,None apparent,Intersection:  Four-way intersection,Paved,,Property Damage Only,0,0,0,0,0,0,2000,2,2,,POINT (-93.503097007644 41.672990342551)
2014819994,80-14-000278,08/29/2014,08-August,6-Friday,20:52,2000 Hours,District 2 (Northeast),HUMBOLDT,HUMBOLDT,,1ST AVE N,Collision with:  Non-motorist (see non-motorist section - NOT a unit),On Roadway,Non-collision (single vehicle),FTYROW:  To pedestrian,None Indicated,,Dark - roadway lighted,Wet,Rain,"Surface condition (e.g., wet, icy)",Non-intersection:  Non-junction/no special feature,Paved,,Possible/Unknown,0,1,0,0,1,0,0,1,1,,POINT (-94.217757582159 42.722206923756)
2014814609,146370,08/29/2014,08-August,6-Friday,17:35,1700 Hours,District 4 (Southwest),,DALLAS,US 6,US 6/N AVE & 302ND PL,Collision with:  Vehicle in traffic,On Roadway,Rear-end (front to rear),Followed too close,None Indicated,,Daylight,Dry,Cloudy,None apparent,Non-intersection:  Non-junction/no special feature,Paved,,Property Damage Only,0,0,0,0,0,0,6000,2,2,,POINT (-94.012770550868 41.596933050927)
2014814534,20140025416,08/29/2014,08-August,6-Friday,17:23,1700 Hours,District 1 (Central),DES MOINES,POLK,,E LALLY ST,Collision with:  Vehicle in traffic,On Roadway,"Sideswipe, same direction",Unknown,None Indicated,,Daylight,Wet,Rain,None apparent,Non-intersection:  Non-junction/no special feature,Paved,,Property Damage Only,0,0,0,0,0,0,3000,2,777,,POINT (-93.607027730962 41.527363823612)
2014814853,2014-4216,08/29/2014,08-August,6-Friday,20:18,2000 Hours,District 4 (Southwest),WAUKEE,DALLAS,,SE LA GRANT PARKWAY,Collision with:  Non-motorist (see non-motorist section - NOT a unit),On Roadway,Non-collision (single vehicle),Other (explain in narrative):  No improper action,None Indicated,,Dark - roadway lighted,Wet,Rain,None apparent,Intersection:  Four-way intersection,Paved,,Possible/Unknown,0,1,0,0,1,0,1000,1,2,,POINT (-93.866138658343 41.600311057801)
2014814805,14-28373,08/29/2014,08-August,6-Friday,15:20,1500 Hours,District 3 (Northwest),SIOUX CITY,WOODBURY,IA 12,IA 12/RIVERSIDE BLVD & WAR EAGLE DR & COUNCIL OAKS DR,Collision with:  Vehicle in traffic,On Roadway,"Angle, oncoming left turn",FTYROW:  Making left turn,None Indicated,,Daylight,Dry,Cloudy,None apparent,Intersection:  Four-way intersection,Paved,,Possible/Unknown,0,2,0,0,2,0,7000,2,2,,POINT (-96.467443033313 42.496655647071)
2014816136,14-004009,08/29/2014,08-August,6-Friday,14:36,1400 Hours,District 1 (Central),AMES,STORY,,30TH ST & ROY KEY AVE,Collision with:  Vehicle in traffic,On Roadway,Broadside (front to side),FTYROW:  From stop sign,None Indicated,,Daylight,Dry,Cloudy,None apparent,Intersection:  T-intersection,Paved,,Possible/Unknown,0,1,0,0,1,0,4200,2,2,,POINT (-93.623385014911 42.051155900431)
2014814416,14007560,08/29/2014,08-August,6-Friday,06:05,0600 Hours,District 6 (East Central),,DELAWARE,,Co Rd X21/197TH AVE,Non-collision events:  Overturn/rollover,On Roadway,Non-collision (single vehicle),Ran off road - right,None Indicated,,Dark - roadway not lighted,Dry,Clear,None apparent,Non-intersection:  Non-junction/no special feature,Paved,,Property Damage Only,0,0,0,0,0,0,3500,1,1,,POINT (-91.407940717196 42.43034061547)
2014814687,C14002710,08/29/2014,08-August,6-Friday,14:41,1400 Hours,District 6 (East Central),CORALVILLE,JOHNSON,US 6,US 6/2ND ST,Collision with:  Vehicle in traffic,On Roadway,Broadside (front to side),FTYROW:  From driveway,None Indicated,,Daylight,Dry,Cloudy,None apparent,Non-intersection:  Driveway access (within),Paved,,Possible/Unknown,0,1,0,0,1,0,10000,2,2,,POINT (-91.601391830218 41.684585665753)
2014816741,01-14-037222,08/29/2014,08-August,6-Friday,13:56,1300 Hours,District 6 (East Central),DUBUQUE,DUBUQUE,,GREEN ST & ASBURY RD,Collision with:  Vehicle in traffic,On Roadway,Rear-end (front to rear),Lost Control,None Indicated,,Daylight,Dry,Clear,None apparent,Non-intersection:  Non-junction/no special feature,Paved,,Possible/Unknown,0,1,0,0,0,1,4000,2,2,,POINT (-90.697665181784 42.502146277756)
2014814533,20140025414,08/29/2014,08-August,6-Friday,17:15,1700 Hours,District 1 (Central),DES MOINES,POLK,,COTTAGE GROVE AVE,Collision with:  Vehicle in traffic,On Roadway,"Angle, oncoming left turn",Traveling wrong way or on wrong side of road,None Indicated,,Daylight,Wet,Rain,None apparent,Non-intersection:  Non-junction/no special feature,Paved,,Property Damage Only,0,0,0,0,0,0,2500,2,3,,POINT (-93.655655856 41.59849759583)
2014815166,1400000746,08/29/2014,08-August,6-Friday,13:48,1300 Hours,District 1 (Central),,MARSHALL,US 30,US 30/NE RAMP CURV/NW RAMP CURV & IA 330/MARSHALLTOWN BLVD,Collision with:  Vehicle in traffic,On Roadway,Broadside (front to side),Crossed centerline (undivided),None Indicated,,Daylight,Dry,Clear,None apparent,Intersection:  Four-way intersection,Paved,,Minor Injury,0,2,0,2,0,0,15000,2,2,,POINT (-93.019129125797 42.009219202229)
2014834057,14-1895,08/29/2014,08-August,6-Friday,07:15,0700 Hours,District 2 (Northeast),WEST UNION,FAYETTE,IA 150,IA 150/IOWA 150 S,Collision with:  Vehicle in traffic,On Roadway,"Sideswipe, same direction",FTYROW:  Making left turn,None Indicated,,Daylight,Dry,Clear,Ruts/holes/bumps,Non-intersection:  Driveway access (within),Paved,,Possible/Unknown,0,1,0,0,1,0,5500,2,2,,POINT (-91.814329129393 42.962712052855)
2014816744,01-14-037230,08/29/2014,08-August,6-Friday,16:46,1600 Hours,District 6 (East Central),DUBUQUE,DUBUQUE,US 52,US 52/CENTRAL AVE,Collision with:  Parked motor vehicle,On Roadway,"Sideswipe, same direction",Driver Distraction:  Reaching for object(s)/fallen object(s),None Indicated,,Daylight,Dry,Clear,None apparent,Non-intersection:  Non-junction/no special feature,Paved,,Property Damage Only,0,0,0,0,0,0,6000,2,1,,POINT (-90.670619961998 42.512396731167)