Iowa DOT Case Number,Law Enforcement Case Number,Date of Crash,Month of Crash,Day of Week,Time of Crash,Hour,DOT District,City Name,County Name,Route with System,Location Description,First Harmful Event,Location of First Harmful Event,Manner of Crash/Collision,Major Cause,Drug or Alcohol ,Environmental Conditions,Light Conditions,Surface Conditions,Weather Conditions,Roadway Contribution,Roadway Type,Roadway Surface,Work Zone,Crash Severity,Number of Fatalities,Number of Injuries,Number of Major Injuries,Number of Minor Injuries,Number of Possible Injuries,Number of Unknown Injuries,Amount of Property Damage,Number of Vehicles Involved,Total Number of Occupants,Travel Direction,Location
2014830059,14-051,09/01/2014,09-September,2-Monday,18:05,1800 Hours,District 3 (Northwest),,CALHOUN,US 20,US 20/US20,Collision with:  Animal,,,Animal,None Indicated,,,,,,,Paved,,Property Damage Only,0,0,0,0,0,0,7500,1,1,,POINT (-94.42228862796 42.449522017832)
2014815106,2014051125,09/01/2014,09-September,2-Monday,16:39,1600 Hours,District 2 (Northeast),,HUMBOLDT,,Co Rd P59/PENN AVE,Collision with:  Vehicle in traffic,On Roadway,Rear-end (front to rear),Driving too fast for conditions,None Indicated,,Daylight,Dry,Clear,None apparent,Non-intersection:  Non-junction/no special feature,Paved,,Possible/Unknown,0,4,0,0,4,0,11500,2,5,,POINT (-94.149102611695 42.678384607455)
2014824089,390914-2076,09/01/2014,09-September,2-Monday,13:58,1300 Hours,District 4 (Southwest),PANORA,GUTHRIE,IA 44,IA 44/E MAIN ST,Collision with fixed object:  Mailbox,Roadside,Non-collision (single vehicle),"Operating vehicle in an reckless, erratic, careless, negligent manner",Alcohol (Statutory),,Daylight,Dry,Clear,None apparent,Non-intersection:  Non-junction/no special feature,Paved,,Property Damage Only,0,0,0,0,0,0,12150,1,1,,POINT (-94.355913376512 41.691789489736)
2014815963,14-001017,09/01/2014,09-September,2-Monday,19:37,1900 Hours,District 1 (Central),,STORY,,Co Rd E23/170TH ST,Collision with fixed object:  Ditch,On Roadway,Non-collision (single vehicle),Swerving/Evasive Action,None Indicated,,Daylight,Dry,Cloudy,None apparent,Non-intersection:  Non-junction/no special feature,Paved,,Minor Injury,0,2,0,1,1,0,15300,1,2,,POINT (-93.668840331396 42.10700136646)
2014814831,S14-003444,09/01/2014,09-September,2-Monday,21:15,2100 Hours,District 4 (Southwest),OAKLAND,POTTAWATTAMIE,,CLARK RD & S CHAUTAUQUA AVE,Collision with fixed object:  Utility pole/light support,On Roadway,Non-collision (single vehicle),Driving too fast for conditions,Alcohol (< Statutory),,Dark - unknown roadway lighting,Wet,Rain,None apparent,Non-intersection:  Non-junction/no special feature,Paved,,Possible/Unknown,0,1,0,0,1,0,14000,1,2,,POINT (-95.400093698724 41.30072615656)
2014814686,C14002756,09/01/2014,09-September,2-Monday,14:35,1400 Hours,District 6 (East Central),CORALVILLE,JOHNSON,US 6,US 6/2ND ST & 12TH AVE,Collision with:  Vehicle in traffic,On Roadway,Rear-end (front to rear),Other (explain in narrative):  Other,None Indicated,,Daylight,Dry,Cloudy,None apparent,Intersection:  T-intersection,Paved,,Property Damage Only,0,0,0,0,0,0,2000,2,6,,POINT (-91.581775912494 41.674518764256)
2014816364,,09/01/2014,09-September,2-Monday,09:00,0900 Hours,District 2 (Northeast),,ALLAMAKEE,,Co Rd X42/LANSING HARPERS RD,Collision with:  Animal,On Roadway,Non-collision (single vehicle),Animal,None Indicated,,Daylight,Wet,Rain,,Non-intersection:  Non-junction/no special feature,Paved,,Property Damage Only,0,0,0,0,0,0,3500,1,1,,POINT (-91.230508252771 43.26049429964)
2014814877,2014-18984,09/01/2014,09-September,2-Monday,19:10,1900 Hours,District 5 (Southeast),,WARREN,,Co Rd G50/MERRILL ST & Co Rd R57/HWY R57/80TH AVE,Collision with fixed object:  Ditch,On Roadway,Non-collision (single vehicle),Ran off road - straight,Alcohol (< Statutory),,Daylight,Dry,Clear,None apparent,Intersection:  T-intersection,Paved,,Property Damage Only,0,0,0,0,0,0,8000,1,1,,POINT (-93.655230290655 41.318386476034)
2014814627,146445,09/01/2014,09-September,2-Monday,00:28,0000 Hours,District 4 (Southwest),,DALLAS,I-80,I-80,Non-collision events:  Other non-collision (explain in narrative),Shoulder,Non-collision (single vehicle),Ran off road - right,None Indicated,,Dark - roadway not lighted,Wet,Rain,None apparent,Non-intersection:  Non-junction/no special feature,Paved,,Property Damage Only,0,0,0,0,0,0,100000,1,1,,POINT (-94.07786504949 41.518969564584)
2014815028,119-2014,09/01/2014,09-September,2-Monday,09:50,0900 Hours,District 4 (Southwest),,HARRISON,IA 127,IA 127/IOWA 127 & Co Rd L20/LOESS HILLS TRL,Collision with fixed object:  Ditch,On Roadway,Non-collision (single vehicle),Ran Stop Sign,None Indicated,,Daylight,Dry,Clear,None apparent,Intersection:  T-intersection,Paved,,Possible/Unknown,0,1,0,0,1,0,2000,1,1,,POINT (-95.947183514451 41.698269567864)
2014814616,14-036966,09/01/2014,09-September,2-Monday,02:06,0200 Hours,District 4 (Southwest),COUNCIL BLUFFS,POTTAWATTAMIE,,HYDE AVE & BENTON ST,Collision with fixed object:  Other fixed object (explain in narrative),Roadside,Rear-end (front to rear),"Operating vehicle in an reckless, erratic, careless, negligent manner",None Indicated,,Dark - roadway lighted,Dry,Clear,None apparent,Intersection:  Four-way intersection,Paved,,Property Damage Only,0,0,0,0,0,0,34000,3,2,,POINT (-95.845690667157 41.271247735245)
2014814656,W14-087984,09/01/2014,09-September,2-Monday,03:56,0300 Hours,District 2 (Northeast),WATERLOO,BLACK HAWK,,CEDAR BEND ST,Non-collision events:  Other non-collision (explain in narrative),On Roadway,Non-collision (single vehicle),Crossed centerline (undivided),Drug/Alcohol (Statutory),,Dark - roadway lighted,Dry,Clear,None apparent,Non-intersection:  Non-junction/no special feature,Paved,,Property Damage Only,0,0,0,0,0,0,15000,1,1,,POINT (-92.368803635722 42.523054144041)
2014815455,201400003116,09/01/2014,09-September,2-Monday,19:55,1900 Hours,District 6 (East Central),,LINN,,Co Rd E48/WEST MT VERNON RD,Collision with:  Animal,,,Animal,None Indicated,,,,,,,Paved,,Property Damage Only,0,0,0,0,0,0,2000,1,1,,POINT (-91.462171190669 41.95332865502)
2014816372,,09/01/2014,09-September,2-Monday,08:30,0800 Hours,District 4 (Southwest),GRANGER,DALLAS,,PARK RIDGE DR,Collision with:  Parked motor vehicle,Shoulder,"Sideswipe, same direction",Unknown,None Indicated,,Dark - roadway lighted,Dry,Clear,None apparent,Non-intersection:  Non-junction/no special feature,Paved,,Property Damage Only,0,0,0,0,0,0,4000,2,1,,POINT (-93.812172223469 41.751969723472)
2014814905,090114-205,09/01/2014,09-September,2-Monday,22:45,2200 Hours,District 3 (Northwest),STORM LAKE,BUENA VISTA,,LAKE AVE,Collision with:  Vehicle in traffic,On Roadway,"Sideswipe, same direction",Improper or erratic lane changing,None Indicated,,Dark - roadway lighted,Dry,Cloudy,None apparent,Non-intersection:  Non-junction/no special feature,Paved,,Property Damage Only,0,0,0,0,0,0,2300,2,3,,POINT (-95.200837854806 42.645225612841)
2014825667,2014-61413,09/01/2014,09-September,2-Monday,01:18,0100 Hours,District 6 (East Central),DAVENPORT,SCOTT,,W 3RD ST,Collision with:  Vehicle in traffic,On Roadway,Rear-end (front to rear),Unknown,None Indicated,,Dark - roadway not lighted,Dry,Cloudy,None apparent,Non-intersection:  Non-junction/no special feature,Paved,,Property Damage Only,0,0,0,0,0,0,9000,5,1,,POINT (-90.606041164015 41.522308191638)
2014814848,14-037040,09/01/2014,09-September,2-Monday,15:40,1500 Hours,District 4 (Southwest),COUNCIL BLUFFS,POTTAWATTAMIE,I-29,I-29,Collision with:  Vehicle in traffic,On Roadway,Rear-end (front to rear),Followed too close,None Indicated,,Daylight,Dry,Clear,None apparent,Non-intersection:  Non-junction/no special feature,Paved,,Possible/Unknown,0,1,0,0,1,0,4600,3,6,,POINT (-95.872139371391 41.232205350506)
2014814824,14-28765,09/01/2014,09-September,2-Monday,15:30,1500 Hours,District 3 (Northwest),SIOUX CITY,WOODBURY,,APPLEWOOD AVE,Collision with:  Vehicle in traffic,On Roadway,Broadside (front to side),Unknown,None Indicated,,Daylight,Unknown,Unknown,None apparent,Non-intersection:  Non-junction/no special feature,Paved,,Property Damage Only,0,0,0,0,0,0,2500,2,1,,POINT (-96.350264999129 42.46315438118)
2014814697,14-5745,09/01/2014,09-September,2-Monday,13:10,1300 Hours,District 1 (Central),,POLK,,Co Rd R38/NW SHELDAHL DR,Non-collision events:  Other non-collision (explain in narrative),On Roadway,Non-collision (single vehicle),FTYROW:  From driveway,None Indicated,,Daylight,Dry,Cloudy,None apparent,Non-intersection:  Driveway access (within),Paved,,Minor Injury,0,1,0,1,0,0,2000,2,3,,POINT (-93.708883815859 41.789861135245)
2014814628,146458,09/01/2014,09-September,2-Monday,11:20,1100 Hours,District 4 (Southwest),,DALLAS,I-80,I-80,Collision with fixed object:  Utility pole/light support,Shoulder,Non-collision (single vehicle),Ran off road - right,None Indicated,,Daylight,Dry,Clear,None apparent,Interchange-related:  On-ramp,Paved,,Property Damage Only,0,0,0,0,0,0,3000,1,1,,POINT (-94.07893657119 41.520706917436)
2014814785,14-010626,09/01/2014,09-September,2-Monday,18:45,1800 Hours,District 1 (Central),,TAMA,,295TH ST,Collision with fixed object:  Ditch,Outside trafficway,Non-collision (single vehicle),Ran off road - right,Refused,,Daylight,"Mud, dirt",Cloudy,"Surface condition (e.g., wet, icy)",Non-intersection:  Non-junction/no special feature,Unpaved,,Minor Injury,0,1,0,1,0,0,4000,1,2,,POINT (-92.642253086897 42.014589699554)
2014816021,2014051102,09/01/2014,09-September,2-Monday,15:39,1500 Hours,District 6 (East Central),CORALVILLE,JOHNSON,I-380,I-380,Collision with:  Animal,,,Animal,None Indicated,,,,,,,Paved,,Property Damage Only,0,0,0,0,0,0,5000,1,1,,POINT (-91.641897883991 41.701581107079)
2014814747,14-1939,09/01/2014,09-September,2-Monday,08:38,0800 Hours,District 1 (Central),URBANDALE,POLK,,GREENBELT DR,Collision with:  Parked motor vehicle,On Roadway,"Sideswipe, same direction",Swerving/Evasive Action,None Indicated,,Daylight,Dry,Cloudy,None apparent,Non-intersection:  Non-junction/no special feature,Paved,,Property Damage Only,0,0,0,0,0,0,3500,2,1,,POINT (-93.730134879021 41.639842025186)
2014814932,14-5793,09/01/2014,09-September,2-Monday,17:00,1700 Hours,District 1 (Central),,POLK,,Co Rd F52/NE 46TH AVE,Collision with:  Vehicle in traffic,On Roadway,"Sideswipe, opposite direction",Unknown,None Indicated,,Daylight,Unknown,Cloudy,None apparent,Non-intersection:  Non-junction/no special feature,Paved,,Property Damage Only,0,0,0,0,0,0,2500,2,2,,POINT (-93.584851234713 41.644158823739)
2014866160,2014-68-AC,09/01/2014,09-September,2-Monday,19:52,1900 Hours,District 3 (Northwest),SUPERIOR,DICKINSON,,327TH AVE,Non-collision events:  Overturn/rollover,On Roadway,Non-collision (single vehicle),Driving too fast for conditions,None Indicated,,Dusk,"Mud, dirt",Clear,None apparent,Non-intersection:  Non-junction/no special feature,Unpaved,,Possible/Unknown,0,1,0,0,1,0,5000,1,1,,POINT (-94.939294281506 43.435277294998)
2014815962,14-001016,09/01/2014,09-September,2-Monday,17:47,1700 Hours,District 1 (Central),,STORY,US 30,US 30,,On Roadway,Non-collision (single vehicle),Crossed centerline (undivided),None Indicated,,Daylight,Dry,Clear,None apparent,Non-intersection:  Other non-intersection (explain in narrative),Paved,,Property Damage Only,0,0,0,0,0,0,9000,1,3,,POINT (-93.374952468886 42.007599683139)
2014814722,20140025759,09/01/2014,09-September,2-Monday,17:13,1700 Hours,District 1 (Central),DES MOINES,POLK,,SCHOOL ST & 5TH AVE,Collision with:  Vehicle in traffic,On Roadway,Broadside (front to side),Ran Traffic Signal,None Indicated,,Daylight,Dry,Cloudy,None apparent,Intersection:  Four-way intersection,Paved,,Minor Injury,0,2,0,2,0,0,3500,2,2,,POINT (-93.62470084558 41.595148136935)
2014814721,20140025735,09/01/2014,09-September,2-Monday,14:14,1400 Hours,District 1 (Central),DES MOINES,POLK,,SW 3RD ST & W MLK JR PKWY,Collision with:  Vehicle in traffic,On Roadway,Broadside (front to side),Unknown,None Indicated,,Daylight,Dry,Cloudy,None apparent,Intersection:  Four-way intersection,Paved,,Property Damage Only,0,0,0,0,0,0,4500,2,2,,POINT (-93.61929773137 41.582215934299)
2014814779,14HPD0086,09/01/2014,09-September,2-Monday,19:27,1900 Hours,District 3 (Northwest),HAWARDEN,SIOUX,,16TH ST,Non-collision events:  Other non-collision (explain in narrative),On Roadway,Non-collision (single vehicle),Other (explain in narrative):  No improper action,None Indicated,,Daylight,Dry,Clear,None apparent,Non-intersection:  Alley,Paved,,Major Injury,0,1,1,0,0,0,50,1,2,,POINT (-96.482847879919 43.004040718313)
2014927532,,09/01/2014,09-September,2-Monday,17:00,1700 Hours,District 3 (Northwest),SERGEANT BLUFF,WOODBURY,,AIRVIEW DR,Collision with:  Parked motor vehicle,On Roadway,Broadside (front to side),Other (explain in narrative):  No improper action,None Indicated,,Daylight,Dry,Clear,None apparent,Non-intersection:  Non-junction/no special feature,Paved,,Minor Injury,0,1,0,1,0,0,2000,2,1,,POINT (-96.358831379515 42.399799262567)
2014818916,CL14003452,09/01/2014,09-September,2-Monday,18:00,1800 Hours,District 6 (East Central),CLINTON,CLINTON,,N 7TH ST,Collision with:  Parked motor vehicle,On Roadway,Unknown,FTYROW:  From driveway,None Indicated,,Daylight,Dry,Clear,None apparent,Non-intersection:  Driveway access (within),Paved,,Property Damage Only,0,0,0,0,0,0,4500,2,777,,POINT (-90.189231901397 41.868539826295)
2014815928,14-28716,09/01/2014,09-September,2-Monday,03:05,0300 Hours,District 3 (Northwest),SIOUX CITY,WOODBURY,,26TH ST & COURT ST,Collision with:  Parked motor vehicle,On Roadway,Rear-end (front to rear),Ran off road - right,None Indicated,,Dark - roadway lighted,Dry,Clear,None apparent,Intersection:  Four-way intersection,Paved,,Property Damage Only,0,0,0,0,0,0,7000,2,1,,POINT (-96.396042386078 42.516652027301)
2014859612,14-007938,09/01/2014,09-September,2-Monday,14:20,1400 Hours,District 6 (East Central),INDEPENDENCE,BUCHANAN,,1ST ST W & 6TH AVE SW & 6TH AVE NW,Collision with:  Vehicle in traffic,On Roadway,Broadside (front to side),Ran Stop Sign,None Indicated,,Daylight,Dry,Clear,None apparent,Intersection:  Four-way intersection,Paved,,Possible/Unknown,0,3,0,0,3,0,17000,2,3,,POINT (-91.90019960007 42.468632428399)
2014814789,14-2684,09/01/2014,09-September,2-Monday,21:30,2100 Hours,District 1 (Central),FORT DODGE,WEBSTER,,1ST AVE N & N 8TH ST,Collision with fixed object:  Utility pole/light support,Outside trafficway,Non-collision (single vehicle),Ran off road - left,None Indicated,,Dark - roadway lighted,Dry,Cloudy,None apparent,Non-intersection:  Non-junction/no special feature,Paved,,Possible/Unknown,0,1,0,0,1,0,4500,1,1,,POINT (-94.187701684232 42.506092558319)
2014814914,14-31111,09/01/2014,09-September,2-Monday,14:38,1400 Hours,District 5 (Southeast),,DES MOINES,,Co Rd X99/DMC 99,Collision with:  Vehicle in traffic,On Roadway,Rear-end (front to rear),Swerving/Evasive Action,None Indicated,,Daylight,Dry,Clear,None apparent,Non-intersection:  Driveway access (within),Paved,,Minor Injury,0,3,0,3,0,0,3000,2,3,,POINT (-91.048205599791 40.933229207045)
2014815259,14-001033,09/01/2014,09-September,2-Monday,15:03,1500 Hours,District 1 (Central),JOHNSTON,POLK,,CRESCENT CHASE & NW 86TH ST,Collision with:  Vehicle in traffic,On Roadway,Broadside (front to side),FTYROW:  From stop sign,None Indicated,,Daylight,Dry,Clear,None apparent,Intersection:  Four-way intersection,Paved,,Property Damage Only,0,0,0,0,0,0,9000,2,3,,POINT (-93.736464609534 41.670587987642)
2014814696,14-5749,09/01/2014,09-September,2-Monday,16:47,1600 Hours,District 1 (Central),,POLK,US 6,US 6/HUBBELL AVE/SPEC CASE/NW RAMP,Collision with:  Vehicle in traffic,On Roadway,"Angle, oncoming left turn",FTYROW:  Making left turn,None Indicated,,Daylight,Dry,Cloudy,None apparent,Intersection:  Intersection with ramp,Paved,,Property Damage Only,0,0,0,0,0,0,7000,2,3,,POINT (-93.51348480945 41.646814631733)
2014815565,14164,09/01/2014,09-September,2-Monday,18:50,1800 Hours,District 5 (Southeast),PELLA,MARION,,FRANKLIN ST & W 3RD ST,Collision with:  Vehicle in traffic,On Roadway,"Sideswipe, same direction",Other (explain in narrative):  Other,None Indicated,,Daylight,Dry,Cloudy,None apparent,Intersection:  Four-way intersection,Paved,,Property Damage Only,0,0,0,0,0,0,4000,2,4,,POINT (-92.923524596468 41.406717652263)
2014816047,14020701,09/01/2014,09-September,2-Monday,17:19,1700 Hours,District 2 (Northeast),,WORTH,,Co Rd S28/WHEELERWOOD RD & CO 105,Collision with:  Vehicle in traffic,On Roadway,Rear-end (front to rear),Other (explain in narrative):  Other,None Indicated,,Daylight,Dry,Cloudy,None apparent,Intersection:  Four-way intersection,Paved,,Property Damage Only,0,0,0,0,0,0,5500,2,3,,POINT (-93.355283394073 43.444401102075)
2014814930,1409011-A,09/01/2014,09-September,2-Monday,12:20,1200 Hours,District 4 (Southwest),RED OAK,MONTGOMERY,,4TH ST,Collision with fixed object:  Other fixed object (explain in narrative),On Roadway,Non-collision (single vehicle),Crossed centerline (undivided),None Indicated,,Daylight,Dry,Cloudy,None apparent,Non-intersection:  Non-junction/no special feature,Paved,,Property Damage Only,0,0,0,0,0,0,4500,1,2,,POINT (-95.228011337284 41.022167173343)
2014814702,20140025797,09/01/2014,09-September,2-Monday,23:09,2300 Hours,District 1 (Central),DES MOINES,POLK,US 6,US 6/E EUCLID AVE,Collision with:  Vehicle in traffic,On Roadway,"Angle, oncoming left turn",Ran Traffic Signal,None Indicated,,Dark - roadway lighted,Dry,Cloudy,None apparent,Intersection:  Four-way intersection,Paved,,Possible/Unknown,0,1,0,0,1,0,6000,2,3,,POINT (-93.568040062481 41.627750969659)
2014816071,,09/01/2014,09-September,2-Monday,21:00,2100 Hours,District 6 (East Central),CEDAR RAPIDS,LINN,,,Collision with:  Vehicle in traffic,On Roadway,Rear-end (front to rear),Unknown,None Indicated,,Dark - roadway not lighted,Dry,Clear,,Non-intersection:  Other non-intersection (explain in narrative),,,Possible/Unknown,0,2,0,0,2,0,26971,2,3,,POINT (-96.643700149993 40.233091251414)
2014815104,2014051049,09/01/2014,09-September,2-Monday,08:20,0800 Hours,District 5 (Southeast),,WARREN,IA 92,IA 92/IOWA 92,Collision with:  Vehicle in traffic,On Roadway,Rear-end (front to rear),Swerving/Evasive Action,Drug,,Daylight,Dry,Clear,None apparent,Non-intersection:  Non-junction/no special feature,Paved,,Major Injury,0,4,2,2,0,0,7000,2,5,,POINT (-93.664345618216 41.36180503393)
2014815323,2014051112,09/01/2014,09-September,2-Monday,15:55,1500 Hours,District 1 (Central),,JASPER,,W 148TH ST N,Non-collision events:  Overturn/rollover,Shoulder,Non-collision (single vehicle),Ran off road - left,None Indicated,,Daylight,"Mud, dirt",Clear,None apparent,Intersection:  Four-way intersection,Unpaved,,Property Damage Only,0,0,0,0,0,0,5500,1,2,,POINT (-93.348490067881 41.68954179376)
2014815116,W14-088051,09/01/2014,09-September,2-Monday,12:06,1200 Hours,District 2 (Northeast),WATERLOO,BLACK HAWK,I-380,I-380,Collision with:  Vehicle in traffic,On Roadway,Rear-end (front to rear),Followed too close,None Indicated,,Daylight,Dry,Clear,None apparent,Intersection:  Four-way intersection,Paved,,Property Damage Only,0,0,0,0,0,0,3000,2,3,,POINT (-92.322160814322 42.474687629402)
2014814861,2014009092,09/01/2014,09-September,2-Monday,15:30,1500 Hours,District 1 (Central),MARSHALLTOWN,MARSHALL,IA 14,IA 14/N 3RD AVE,Non-collision events:  Other non-collision (explain in narrative),On Roadway,Non-collision (single vehicle),Other (explain in narrative):  No improper action,None Indicated,,Daylight,Dry,Clear,None apparent,Non-intersection:  Non-junction/no special feature,Paved,,Minor Injury,0,1,0,1,0,0,2000,1,1,,POINT (-92.90802558468 42.051145788149)
2014814878,2014-18995,09/01/2014,09-September,2-Monday,20:40,2000 Hours,District 5 (Southeast),,WARREN,,Co Rd G48/MCKINLEY ST & Co Rd S31/230TH AVE,Collision with:  Animal,On Roadway,Non-collision (single vehicle),Animal,None Indicated,,Dusk,Dry,Cloudy,None apparent,Intersection:  Four-way intersection,Paved,,Property Damage Only,0,0,0,0,0,0,4100,1,2,,POINT (-93.36660192431 41.320451301398)
2014814551,20140025673,09/01/2014,09-September,2-Monday,00:15,0000 Hours,District 5 (Southeast),DES MOINES,WARREN,,SW 9TH ST & CO LINE RD,Collision with fixed object:  Utility pole/light support,On Roadway,Non-collision (single vehicle),Ran off road - right,Under Influence of Alcohol/Drugs/Medications,,Dark - roadway lighted,Wet,Rain,None apparent,Non-intersection:  Non-junction/no special feature,Paved,,Property Damage Only,0,0,0,0,0,0,4000,1,1,,POINT (-93.625650589212 41.51202356699)
2014815780,143095,09/01/2014,09-September,2-Monday,17:42,1700 Hours,District 2 (Northeast),HAMPTON,FRANKLIN,US 65,US 65/4TH ST NE & 19TH AVE NE,Collision with:  Vehicle in traffic,On Roadway,"Angle, oncoming left turn",FTYROW:  From stop sign,None Indicated,,Daylight,Dry,Clear,None apparent,Intersection:  Four-way intersection,Paved,,Property Damage Only,0,0,0,0,0,0,5000,2,3,,POINT (-93.202331271798 42.758994887274)
2014815322,2014051054,09/01/2014,09-September,2-Monday,09:27,0900 Hours,District 1 (Central),,GREENE,US 30,US 30/220TH & 222ND,Collision with:  Vehicle in traffic,On Roadway,Head-on (front to front),Crossed centerline (undivided),Drug,,Daylight,Dry,Clear,None apparent,Non-intersection:  Other non-intersection (explain in narrative),Paved,,Fatal,1,5,0,5,0,0,35000,2,6,,POINT (-94.217823360824 42.032940976536)
2014814786,14-010628,09/01/2014,09-September,2-Monday,19:57,1900 Hours,District 1 (Central),,TAMA,,Co Rd E29/HWY E29,Collision with:  Animal,,,Animal,None Indicated,,,,,,,Paved,,Property Damage Only,0,0,0,0,0,0,1500,1,1,,POINT (-92.555102446782 42.101126143239)
2014814720,20140025730,09/01/2014,09-September,2-Monday,13:49,1300 Hours,District 1 (Central),DES MOINES,POLK,,LINCOLN AVE & MLK JR PKWY,Collision with:  Vehicle in traffic,On Roadway,"Angle, oncoming left turn",FTYROW:  Making left turn,None Indicated,,Daylight,Dry,Cloudy,None apparent,Intersection:  Four-way intersection,Paved,,Possible/Unknown,0,2,0,0,2,0,5500,2,5,,POINT (-93.645711211921 41.613235647707)
2014814554,20140025687,09/01/2014,09-September,2-Monday,03:13,0300 Hours,District 1 (Central),DES MOINES,POLK,I-235,I-235,Collision with fixed object:  Traffic sign support,Roadside,Non-collision (single vehicle),Unknown,None Indicated,,Dark - roadway lighted,Wet,Clear,None apparent,Non-intersection:  Non-junction/no special feature,Paved,,Property Damage Only,0,0,0,0,0,0,7000,1,1,,POINT (-93.64152365086 41.596397574286)
2014816771,01-14-37356,09/02/2014,09-September,3-Tuesday,13:09,1300 Hours,District 6 (East Central),DUBUQUE,DUBUQUE,,E 22ND ST & WASHINGTON ST,Collision with:  Vehicle in traffic,On Roadway,"Angle, oncoming left turn",FTYROW:  Making left turn,None Indicated,,Daylight,Dry,Clear,None apparent,Intersection:  Four-way intersection,Paved,,Property Damage Only,0,0,0,0,0,0,4000,2,2,,POINT (-90.668832737846 42.514305495167)
2014814945,20140025902,09/02/2014,09-September,3-Tuesday,17:00,1700 Hours,District 1 (Central),DES MOINES,POLK,I-235,I-235 & EASTON BLVD,Collision with:  Vehicle in traffic,On Roadway,Rear-end (front to rear),Followed too close,None Indicated,,Daylight,Dry,Clear,None apparent,Intersection:  Intersection with ramp,Paved,,Property Damage Only,0,0,0,0,0,0,4000,2,2,,POINT (-93.578757014261 41.604539958224)
2014815021,14-28836,09/02/2014,09-September,3-Tuesday,07:37,0700 Hours,District 3 (Northwest),SIOUX CITY,WOODBURY,,7TH ST & COURT ST,Collision with:  Vehicle in traffic,On Roadway,Broadside (front to side),Ran Stop Sign,None Indicated,,Daylight,Dry,Clear,None apparent,Intersection:  Four-way intersection,Paved,,Property Damage Only,0,0,0,0,0,0,3000,2,3,,POINT (-96.396433037546 42.497586966896)
2014815693,14-1298,09/02/2014,09-September,3-Tuesday,17:00,1700 Hours,District 3 (Northwest),SPIRIT LAKE,DICKINSON,,40TH ST,Collision with fixed object:  Utility pole/light support,Roadside,Non-collision (single vehicle),Made improper turn,None Indicated,,Daylight,Dry,Clear,None apparent,Intersection:  T-intersection,Unpaved,,Property Damage Only,0,0,0,0,0,0,3500,1,1,,POINT (-95.117309288369 43.401747807509)
2014817474,A14-057,09/02/2014,09-September,3-Tuesday,08:14,0800 Hours,District 4 (Southwest),WINTERSET,MADISON,,E GREEN ST,Collision with:  Parked motor vehicle,On Roadway,Head-on (front to front),Crossed centerline (undivided),None Indicated,,Daylight,Dry,Clear,None apparent,Non-intersection:  Non-junction/no special feature,Paved,,Property Damage Only,0,0,0,0,0,0,15000,2,1,,POINT (-94.006237990511 41.336390262243)
2014815669,CL14003136,09/02/2014,09-September,3-Tuesday,11:55,1100 Hours,District 6 (East Central),CLINTON,CLINTON,,5TH AVE S,Collision with:  Vehicle in traffic,On Roadway,"Sideswipe, same direction",Improper or erratic lane changing,None Indicated,,Daylight,Dry,Clear,None apparent,Non-intersection:  Non-junction/no special feature,Paved,,Property Damage Only,0,0,0,0,0,0,5000,2,3,,POINT (-90.189273112374 41.841208558198)
2014815041,2014009622,09/02/2014,09-September,3-Tuesday,08:15,0800 Hours,District 6 (East Central),IOWA CITY,JOHNSON,,N 1ST AVE,Collision with:  Vehicle in traffic,On Roadway,Rear-end (front to rear),Followed too close,None Indicated,,Daylight,Dry,Clear,None apparent,Non-intersection:  Non-junction/no special feature,Paved,,Property Damage Only,0,0,0,0,0,0,7000,2,2,,POINT (-91.502049152411 41.665491049573)
2014815151,32066-14,09/02/2014,09-September,3-Tuesday,09:18,0900 Hours,District 3 (Northwest),WALLINGFORD,EMMET,,Co Rd A34/230 ST & 230TH ST,Non-collision events:  Overturn/rollover,On Roadway,Non-collision (single vehicle),Crossed centerline (undivided),None Indicated,,Daylight,Dry,Clear,None apparent,Intersection:  Other intersection (explain in narrative),Paved,,Minor Injury,0,1,0,1,0,0,11000,1,1,,POINT (-94.797578455575 43.313082963361)
2014815260,14-001038,09/02/2014,09-September,3-Tuesday,07:14,0700 Hours,District 1 (Central),JOHNSTON,POLK,,NW 70 AVE,Collision with:  Vehicle in traffic,On Roadway,Rear-end (front to rear),Other (explain in narrative):  Vision obstructed,None Indicated,,Daylight,Dry,Clear,None apparent,Non-intersection:  Non-junction/no special feature,Paved,,Possible/Unknown,0,1,0,0,1,0,2500,2,2,,POINT (-93.75457069139 41.68830455828)
2014814950,20140025910,09/02/2014,09-September,3-Tuesday,17:37,1700 Hours,District 1 (Central),DES MOINES,POLK,US 6,US 6/EUCLID AVE,Collision with:  Vehicle in traffic,On Roadway,Rear-end (front to rear),Followed too close,None Indicated,,Daylight,Dry,Clear,None apparent,Non-intersection:  Non-junction/no special feature,Paved,,Property Damage Only,0,0,0,0,0,0,2500,3,3,,POINT (-93.63236150387 41.627649317204)