Iowa DOT Case Number,Law Enforcement Case Number,Date of Crash,Month of Crash,Day of Week,Time of Crash,Hour,DOT District,City Name,County Name,Route with System,Location Description,First Harmful Event,Location of First Harmful Event,Manner of Crash/Collision,Major Cause,Drug or Alcohol ,Environmental Conditions,Light Conditions,Surface Conditions,Weather Conditions,Roadway Contribution,Roadway Type,Roadway Surface,Work Zone,Crash Severity,Number of Fatalities,Number of Injuries,Number of Major Injuries,Number of Minor Injuries,Number of Possible Injuries,Number of Unknown Injuries,Amount of Property Damage,Number of Vehicles Involved,Total Number of Occupants,Travel Direction,Location
2014815193,2014-61760,09/02/2014,09-September,3-Tuesday,14:25,1400 Hours,District 6 (East Central),DAVENPORT,SCOTT,,E 53RD ST,Collision with:  Vehicle in traffic,On Roadway,Rear-end (front to rear),Followed too close,None Indicated,,Daylight,Dry,Clear,None apparent,Non-intersection:  Non-junction/no special feature,Paved,,Property Damage Only,0,0,0,0,0,0,3500,2,3,,POINT (-90.548657592396 41.574731623197)
2014815344,W14-088585,09/02/2014,09-September,3-Tuesday,19:29,1900 Hours,District 2 (Northeast),WATERLOO,BLACK HAWK,,W 8TH ST & GRANT AVE,Collision with:  Vehicle in traffic,On Roadway,Rear-end (front to rear),"Operating vehicle in an reckless, erratic, careless, negligent manner",None Indicated,,Daylight,Dry,Clear,None apparent,Non-intersection:  Non-junction/no special feature,Paved,,Possible/Unknown,0,1,0,0,0,1,3000,2,1,,POINT (-92.342118395058 42.48687177204)
2014815178,14-1947,09/02/2014,09-September,3-Tuesday,14:54,1400 Hours,District 1 (Central),URBANDALE,POLK,US 6,US 6/HICKMAN RD & 128TH ST & NW 128TH ST,Collision with:  Vehicle in traffic,On Roadway,Rear-end (front to rear),Other (explain in narrative):  Other,None Indicated,,Daylight,Dry,Clear,None apparent,Intersection:  Four-way intersection,Paved,,Property Damage Only,0,0,0,0,0,0,2050,2,2,,POINT (-93.791594930749 41.614944751655)
2014816248,,09/02/2014,09-September,3-Tuesday,15:45,1500 Hours,District 1 (Central),ALTOONA,POLK,I-80,I-80 & NE 72ND ST & 1ST AVE N,Collision with:  Vehicle in traffic,Outside trafficway,Rear-end (front to rear),Unknown,None Indicated,,Daylight,Dry,Clear,,"Interchange-related:  Off-ramp, diverge area",Paved,,Minor Injury,0,1,0,1,0,0,7800,2,2,,POINT (-93.464577176441 41.665613512693)
2014815164,14-021844,09/02/2014,09-September,3-Tuesday,17:13,1700 Hours,District 5 (Southeast),,MARION,IA 92,IA 92/IOWA 92 & Co Rd T17/HWY T17,Collision with:  Vehicle in traffic,On Roadway,Broadside (front to side),Swerving/Evasive Action,None Indicated,,Daylight,Dry,Clear,None apparent,Intersection:  Four-way intersection,Paved,,Property Damage Only,0,0,0,0,0,0,10000,2,2,,POINT (-92.948154900361 41.306367824556)
2014814919,2014-2148,09/02/2014,09-September,3-Tuesday,16:33,1600 Hours,District 1 (Central),JEFFERSON,GREENE,IA 4,IA 4/N ELM ST & W CENTRAL AVE & E CENTRAL AVE,Collision with:  Vehicle in traffic,On Roadway,Broadside (front to side),FTYROW:  From stop sign,None Indicated,,Daylight,Dry,Cloudy,None apparent,Intersection:  Four-way intersection,Paved,,Property Damage Only,0,0,0,0,0,0,4800,2,1,,POINT (-94.377658025676 42.026035967256)
2014815057,2014009633,09/02/2014,09-September,3-Tuesday,12:25,1200 Hours,District 6 (East Central),IOWA CITY,JOHNSON,IA 1,IA 1/GOVERNOR ST & E JEFFERSON ST,Collision with:  Vehicle in traffic,On Roadway,"Sideswipe, same direction",Improper or erratic lane changing,None Indicated,,Daylight,Dry,Clear,None apparent,Non-intersection:  Non-junction/no special feature,Paved,,Possible/Unknown,0,1,0,0,1,0,6000,2,2,,POINT (-91.522767462103 41.662408708963)
2014815676,14088604,09/02/2014,09-September,3-Tuesday,20:10,2000 Hours,District 2 (Northeast),CEDAR FALLS,BLACK HAWK,IA 27,IA 27 & W RIDGEWAY AVE & E RIDGEWAY AVE,Collision with:  Vehicle in traffic,On Roadway,"Angle, oncoming left turn",Unknown,None Indicated,,Dark - roadway lighted,Dry,Cloudy,None apparent,Intersection:  Other intersection (explain in narrative),Paved,,Property Damage Only,0,0,0,0,0,0,8000,2,5,,POINT (-92.445832359254 42.469498490896)
2014814723,20140025837,09/02/2014,09-September,3-Tuesday,11:21,1100 Hours,District 1 (Central),DES MOINES,POLK,US 6,US 6/E EUCLID AVE,Collision with:  Vehicle in traffic,On Roadway,Rear-end (front to rear),Followed too close,None Indicated,,Daylight,Dry,Clear,None apparent,Non-intersection:  Non-junction/no special feature,Paved,,Property Damage Only,0,0,0,0,0,0,6000,2,3,,POINT (-93.605038861799 41.627706302418)
2014815137,14015286,09/02/2014,09-September,3-Tuesday,14:45,1400 Hours,District 2 (Northeast),MASON CITY,CERRO GORDO,IA 122,IA 122/4TH ST SW & CERRO GORDO & WINNEBAGO WAY,Collision with:  Vehicle in traffic,On Roadway,Rear-end (front to rear),Lost Control,None Indicated,,Daylight,Dry,Clear,None apparent,Intersection:  Four-way intersection,Paved,,Property Damage Only,0,0,0,0,0,0,1600,2,3,,POINT (-93.230285721084 43.148325143749)
2014816502,146757PD,09/02/2014,09-September,3-Tuesday,08:15,0800 Hours,District 1 (Central),BOONE,BOONE,,PARK AVE & S MARSHALL ST,Collision with:  Vehicle in traffic,On Roadway,Broadside (front to side),FTYROW:  From stop sign,None Indicated,,Daylight,Dry,Clear,None apparent,Intersection:  Four-way intersection,Paved,,Property Damage Only,0,0,0,0,0,0,8000,2,2,,POINT (-93.878514207518 42.048045509198)
2014815247,01-14-37358,09/02/2014,09-September,3-Tuesday,14:38,1400 Hours,District 6 (East Central),DUBUQUE,DUBUQUE,US 52,US 52/E 11TH ST & JACKSON ST,Collision with:  Vehicle in traffic,On Roadway,Broadside (front to side),FTYROW:  From stop sign,None Indicated,,Daylight,Dry,Clear,None apparent,Intersection:  Four-way intersection,Paved,,Property Damage Only,0,0,0,0,0,0,6500,2,2,,POINT (-90.664463977429 42.504472867456)
2014815020,14-2694,09/02/2014,09-September,3-Tuesday,15:00,1500 Hours,District 1 (Central),FORT DODGE,WEBSTER,,N 18TH ST,Collision with:  Parked motor vehicle,Outside trafficway,Rear-end (front to rear),Improper Backing,None Indicated,,Daylight,Dry,Clear,None apparent,Non-intersection:  Non-junction/no special feature,Paved,,Property Damage Only,0,0,0,0,0,0,2000,2,1,,POINT (-94.173637959732 42.511640880635)
2014815246,01-14-37349,09/02/2014,09-September,3-Tuesday,09:51,0900 Hours,District 6 (East Central),DUBUQUE,DUBUQUE,,HILLCREST RD,Collision with:  Vehicle in traffic,On Roadway,Broadside (front to side),FTYROW:  Other (explain in narrative),None Indicated,,Daylight,Wet,Clear,None apparent,Non-intersection:  Driveway access (within),Paved,,Possible/Unknown,0,1,0,0,1,0,2700,2,2,,POINT (-90.715613699903 42.505549397493)
2014814730,20140025851,09/02/2014,09-September,3-Tuesday,12:25,1200 Hours,District 1 (Central),DES MOINES,POLK,IA 163,IA 163/E UNIVERSITY AVE,Collision with:  Vehicle in traffic,On Roadway,Rear-end (front to rear),Followed too close,None Indicated,,Daylight,Dry,Cloudy,Work Zone (roadway-related),Non-intersection:  Non-junction/no special feature,Paved,Yes,Possible/Unknown,0,1,0,0,1,0,2000,2,2,,POINT (-93.570008788631 41.6004763658)
2014815024,09-14-007,09/02/2014,09-September,3-Tuesday,08:35,0800 Hours,District 3 (Northwest),LE MARS,PLYMOUTH,,7TH ST SE,Collision with:  Parked motor vehicle,On Roadway,Rear-end (front to rear),Other (explain in narrative):  Vision obstructed,None Indicated,,Daylight,Dry,Clear,None apparent,Non-intersection:  Non-junction/no special feature,Paved,,Property Damage Only,0,0,0,0,0,0,6000,2,1,,POINT (-96.162543554721 42.784759398807)
2014818190,14-28898,09/02/2014,09-September,3-Tuesday,14:15,1400 Hours,District 3 (Northwest),SIOUX CITY,WOODBURY,,W 8TH ST,Collision with:  Parked motor vehicle,On Roadway,Broadside (front to side),Improper Backing,None Indicated,,Daylight,Dry,Clear,None apparent,Non-intersection:  Non-junction/no special feature,Paved,,Property Damage Only,0,0,0,0,0,0,2000,2,1,,POINT (-96.413207566038 42.50195946014)
2014815192,2014-61697,09/02/2014,09-September,3-Tuesday,09:24,0900 Hours,District 6 (East Central),DAVENPORT,SCOTT,,HOOVER DR,Collision with:  Vehicle in traffic,On Roadway,Broadside (front to side),Made improper turn,None Indicated,,Daylight,Dry,Clear,None apparent,Non-intersection:  Non-junction/no special feature,Paved,,Possible/Unknown,0,2,0,0,2,0,3500,2,5,,POINT (-90.580731497689 41.585912771706)
2014814972,14-17042,09/02/2014,09-September,3-Tuesday,08:03,0800 Hours,District 6 (East Central),BETTENDORF,SCOTT,,SPRUCE HILLS DR & UTICA RIDGE RD,Collision with:  Vehicle in traffic,On Roadway,"Sideswipe, same direction",Swerving/Evasive Action,None Indicated,,Daylight,Dry,Clear,None apparent,Non-intersection:  Driveway access (within),Paved,,Property Damage Only,0,0,0,0,0,0,6500,2,2,,POINT (-90.517843396647 41.554742565866)
2014815819,14-015088,09/02/2014,09-September,3-Tuesday,14:35,1400 Hours,District 5 (Southeast),,HENRY,US 218,US 218,Collision with:  Vehicle in traffic,On Roadway,"Sideswipe, same direction",FTYROW:  Making left turn,None Indicated,,Daylight,Dry,Clear,None apparent,Non-intersection:  Driveway access (within),Paved,,Property Damage Only,0,0,0,0,0,0,2000,2,2,,POINT (-91.564856650745 40.848252964363)
2014814936,14-5778,09/02/2014,09-September,3-Tuesday,18:05,1800 Hours,District 1 (Central),BONDURANT,POLK,US 65,US 65/HUBBELL AVE & 32ND ST SW,Collision with:  Vehicle in traffic,On Roadway,Broadside (front to side),FTYROW:  From stop sign,None Indicated,,Daylight,Dry,Clear,None apparent,Intersection:  Four-way intersection,Paved,,Possible/Unknown,0,1,0,0,0,1,4000,2,3,,POINT (-93.480404688496 41.673114454136)
2014815072,146513,09/02/2014,09-September,3-Tuesday,20:30,2000 Hours,District 4 (Southwest),,DALLAS,IA 44,IA 44/240TH ST & SPORTSMANS CLUB RD & SPORTSMANS CLUB LN,Collision with:  Animal,,,Animal,None Indicated,,,,,,,Paved,,Property Damage Only,0,0,0,0,0,0,8000,1,1,,POINT (-94.047549550304 41.688466293439)
2014835769,14-06079,09/02/2014,09-September,3-Tuesday,11:45,1100 Hours,District 2 (Northeast),OELWEIN,FAYETTE,IA 3,IA 3/FREDERICK AVE N & 8TH ST NE,Collision with:  Vehicle in traffic,On Roadway,"Angle, oncoming left turn",Ran Stop Sign,None Indicated,,Daylight,Dry,Clear,None apparent,Intersection:  T-intersection,Paved,,Possible/Unknown,0,1,0,0,1,0,8000,2,2,,POINT (-91.913250510806 42.688322851651)
2014814865,14-013471,09/02/2014,09-September,3-Tuesday,07:31,0700 Hours,District 2 (Northeast),,FLOYD,IA 14,IA 14/7 MILE RD,Collision with:  Animal,,,Animal,None Indicated,,,,,,,Paved,,Property Damage Only,0,0,0,0,0,0,200000,1,1,,POINT (-92.707661915806 43.059493984508)
2014815972,14005470,09/03/2014,09-September,4-Wednesday,18:52,1800 Hours,District 2 (Northeast),PLYMOUTH,CERRO GORDO,,BRIDGE ST & COLLEGE AVE,Non-collision events:  Other non-collision (explain in narrative),On Roadway,Non-collision (single vehicle),Equipment failure,Alcohol (< Statutory),,Daylight,Dry,Clear,None apparent,Non-intersection:  Non-junction/no special feature,Paved,,Minor Injury,0,1,0,1,0,0,150,1,1,,POINT (-93.123960085603 43.248316679727)
2014815885,2014-62083,09/03/2014,09-September,4-Wednesday,17:30,1700 Hours,District 6 (East Central),DAVENPORT,SCOTT,,S CLARK ST,Collision with:  Non-motorist (see non-motorist section - NOT a unit),On Roadway,Non-collision (single vehicle),Other (explain in narrative):  No improper action,None Indicated,,Daylight,Dry,Clear,None apparent,Non-intersection:  Driveway access (within),Paved,,Minor Injury,0,1,0,1,0,0,1500,1,1,,POINT (-90.620451314506 41.514321470089)
2014831729,032-084-14,09/03/2014,09-September,4-Wednesday,13:30,1300 Hours,District 3 (Northwest),ESTHERVILLE,EMMET,,S 17TH ST,Collision with:  Vehicle in traffic,On Roadway,Unknown,FTYROW:  From parked position,None Indicated,,Daylight,Dry,Clear,"Surface condition (e.g., wet, icy)",Non-intersection:  Non-junction/no special feature,Paved,,Property Damage Only,0,0,0,0,0,0,2500,2,4,,POINT (-94.821780374244 43.400365393787)
2014814910,1409032711,09/03/2014,09-September,4-Wednesday,07:15,0700 Hours,District 6 (East Central),,CLINTON,IA 136,IA 136/IOWA 136,Collision with:  Animal,,,Animal,None Indicated,,,,,,,Paved,,Property Damage Only,0,0,0,0,0,0,1500,1,1,,POINT (-90.590238186747 42.005435929438)
2014816773,01-14-37435,09/03/2014,09-September,4-Wednesday,23:45,2300 Hours,District 6 (East Central),DUBUQUE,DUBUQUE,,W 17TH ST,Collision with:  Vehicle in traffic,On Roadway,Broadside (front to side),Improper Backing,None Indicated,,Dark - roadway not lighted,Dry,Clear,None apparent,Non-intersection:  Non-junction/no special feature,Paved,,Property Damage Only,0,0,0,0,0,0,1700,2,1,,POINT (-90.676185055883 42.506746436564)
2014815208,14-29028,09/03/2014,09-September,4-Wednesday,15:43,1500 Hours,District 3 (Northwest),SIOUX CITY,WOODBURY,IA 376,IA 376/SINGING HILLS BLVD & S YORK ST,Collision with:  Vehicle in traffic,On Roadway,"Angle, oncoming left turn",FTYROW:  Making left turn,None Indicated,,Daylight,Dry,Clear,None apparent,Intersection:  Four-way intersection,Paved,,Property Damage Only,0,0,0,0,0,0,4500,2,2,,POINT (-96.372374907982 42.434861269889)
2014815184,14-002032,09/03/2014,09-September,4-Wednesday,12:13,1200 Hours,District 1 (Central),ALTOONA,POLK,,8TH ST SW & 36TH AVE SW,Collision with:  Vehicle in traffic,On Roadway,Broadside (front to side),Ran Traffic Signal,None Indicated,,Daylight,Dry,Clear,None apparent,Intersection:  Other intersection (explain in narrative),Paved,,Minor Injury,0,1,0,1,0,0,10000,2,2,,POINT (-93.506090563266 41.644127255411)
2014818110,14-001031,09/03/2014,09-September,4-Wednesday,15:00,1500 Hours,District 1 (Central),,STORY,I-35,I-35,Collision with:  Vehicle in traffic,On Roadway,"Sideswipe, same direction",Crossed centerline (undivided),None Indicated,,Daylight,Dry,Clear,None apparent,Interchange-related:  On-ramp merge area,Paved,,Property Damage Only,0,0,0,0,0,0,3500,2,2,,POINT (-93.571158316931 42.006827133934)
2014815036,14-037391,09/03/2014,09-September,4-Wednesday,13:56,1300 Hours,District 4 (Southwest),COUNCIL BLUFFS,POTTAWATTAMIE,,E PIERCE ST & KIMBALL AVE,Collision with:  Vehicle in traffic,On Roadway,Broadside (front to side),FTYROW:  From stop sign,None Indicated,,Daylight,Dry,Cloudy,None apparent,Non-intersection:  Driveway access (within),Paved,,Property Damage Only,0,0,0,0,0,0,5000,2,2,,POINT (-95.837172034991 41.267225156786)
2014815196,2014-62023,09/03/2014,09-September,4-Wednesday,12:47,1200 Hours,District 6 (East Central),DAVENPORT,SCOTT,,W 12TH ST & RIPLEY ST,Collision with:  Vehicle in traffic,On Roadway,"Angle, oncoming left turn",Ran Stop Sign,None Indicated,,Daylight,Dry,Clear,None apparent,Intersection:  Four-way intersection,Paved,,Property Damage Only,0,0,0,0,0,0,5500,3,2,,POINT (-90.57848817623 41.531980323514)
2014817104,14-31436,09/03/2014,09-September,4-Wednesday,21:10,2100 Hours,District 5 (Southeast),,DES MOINES,US 61,US 61,Collision with:  Animal,,,Animal,None Indicated,,,,,,,Paved,,Property Damage Only,0,0,0,0,0,0,3000,1,1,,POINT (-91.169967865059 40.991920725393)
2014816188,CL14003147,09/03/2014,09-September,4-Wednesday,07:40,0700 Hours,District 6 (East Central),CLINTON,CLINTON,US 30,US 30/8TH AVE S/S 4TH ST & US 67,Collision with:  Vehicle in traffic,On Roadway,Rear-end (front to rear),Other (explain in narrative):  Vision obstructed,None Indicated,,Daylight,Dry,Clear,None apparent,Intersection:  Four-way intersection,Paved,,Property Damage Only,0,0,0,0,0,0,2400,2,4,,POINT (-90.193240952457 41.837775423813)
2014815195,2014-62019,09/03/2014,09-September,4-Wednesday,12:01,1200 Hours,District 6 (East Central),DAVENPORT,SCOTT,,COVENTRY CT,Collision with:  Vehicle in traffic,On Roadway,"Sideswipe, same direction",Other (explain in narrative):  Other,None Indicated,,Daylight,Dry,Clear,None apparent,Non-intersection:  Non-junction/no special feature,Paved,,Property Damage Only,0,0,0,0,0,0,1500,2,4,,POINT (-90.511883822584 41.568501443854)
2014815207,14-29025,09/03/2014,09-September,4-Wednesday,14:59,1400 Hours,District 3 (Northwest),SIOUX CITY,WOODBURY,,SUNNYBROOK DR,Collision with:  Vehicle in traffic,On Roadway,Broadside (front to side),FTYROW:  From stop sign,None Indicated,,Daylight,Dry,Cloudy,None apparent,Non-intersection:  Driveway access (within),Paved,,Property Damage Only,0,0,0,0,0,0,3500,2,3,,POINT (-96.332623663268 42.450648625762)
2014816365,,09/03/2014,09-September,4-Wednesday,08:59,0800 Hours,District 6 (East Central),CEDAR RAPIDS,LINN,I-380,I-380 & US 30/RAMP/LOOP & KIRKWOOD BLVD SW,Collision with:  Vehicle in traffic,On Roadway,Rear-end (front to rear),Unknown,None Indicated,,Daylight,Dry,Clear,,Interchange-related:  Off-ramp,Paved,,Property Damage Only,0,0,0,0,0,0,6337,2,2,,POINT (-91.656738346368 41.925220338077)
2014815492,,09/03/2014,09-September,4-Wednesday,06:45,0600 Hours,District 3 (Northwest),MANSON,CALHOUN,,12TH AVE,Collision with fixed object:  Tree,On Roadway,Non-collision (single vehicle),Other (explain in narrative):  No improper action,None Indicated,,Daylight,Dry,Clear,None apparent,Non-intersection:  Non-junction/no special feature,Paved,,Property Damage Only,0,0,0,0,0,0,5000,1,1,,POINT (-94.534689482413 42.531256712241)
2014824886,,09/03/2014,09-September,4-Wednesday,22:06,2200 Hours,District 2 (Northeast),,CLAYTON,,Co Rd X29/395TH ST/GLACIER RD,Non-collision events:  Overturn/rollover,On Roadway,Non-collision (single vehicle),Swerving/Evasive Action,None Indicated,,Dark - roadway not lighted,Dry,Clear,Ruts/holes/bumps,Non-intersection:  Non-junction/no special feature,Unpaved,,Property Damage Only,0,0,0,0,0,0,5000,1,1,,POINT (-91.376371927288 42.651126811943)
2014816146,14-004107,09/03/2014,09-September,4-Wednesday,09:40,0900 Hours,District 1 (Central),AMES,STORY,US 69,US 69/LINCOLN WAY/GRAND AVE,Collision with:  Vehicle in traffic,On Roadway,Broadside (front to side),Ran Traffic Signal,None Indicated,,Daylight,Dry,Clear,None apparent,Intersection:  Four-way intersection,Paved,,Major Injury,0,2,2,0,0,0,24000,2,3,,POINT (-93.620222147362 42.022910470838)
2014815163,14018772,09/03/2014,09-September,4-Wednesday,17:14,1700 Hours,District 6 (East Central),MARION,LINN,IA 100,IA 100/COLLINS RD SE & S 22ND ST,Collision with:  Vehicle in traffic,On Roadway,Rear-end (front to rear),Followed too close,None Indicated,,Daylight,Dry,Clear,None apparent,Intersection:  Four-way intersection,Paved,,Property Damage Only,0,0,0,0,0,0,1500,2,2,,POINT (-91.588881046324 42.015173040183)
2014815473,14-179,09/03/2014,09-September,4-Wednesday,17:19,1700 Hours,District 2 (Northeast),WAVERLY,BREMER,IA 116,IA 116/4TH ST SW,Collision with:  Vehicle in traffic,On Roadway,Rear-end (front to rear),Lost Control,None Indicated,,Daylight,Dry,Clear,None apparent,Non-intersection:  Non-junction/no special feature,Paved,,Property Damage Only,0,0,0,0,0,0,2500,3,3,,POINT (-92.475579175076 42.708839028873)
2014815298,14-9482,09/03/2014,09-September,4-Wednesday,09:00,0900 Hours,District 3 (Northwest),,SAC,,Co Rd D53/325TH ST & Co Rd N28/DAKOTA AVE,Collision with:  Non-motorist (see non-motorist section - NOT a unit),On Roadway,Non-collision (single vehicle),Unknown,None Indicated,,Daylight,"Mud, dirt",Cloudy,Work Zone (roadway-related),Intersection:  Other intersection (explain in narrative),Paved,Yes,Possible/Unknown,0,1,0,0,1,0,0,1,1,,POINT (-94.857932470286 42.318261892284)
2014822132,,09/03/2014,09-September,4-Wednesday,16:55,1600 Hours,District 2 (Northeast),CLEAR LAKE,CERRO GORDO,US 18,US 18 & N 10TH ST,Collision with:  Vehicle in traffic,On Roadway,Rear-end (front to rear),FTYROW:  Other (explain in narrative),None Indicated,,Daylight,Dry,Clear,None apparent,Non-intersection:  Non-junction/no special feature,Paved,,Property Damage Only,0,0,0,0,0,0,6400,2,4,,POINT (-93.376066968145 43.143868677304)
2014815158,201413013,09/03/2014,09-September,4-Wednesday,10:09,1000 Hours,District 6 (East Central),CEDAR RAPIDS,LINN,,8TH ST NE,Collision with:  Vehicle in traffic,On Roadway,"Sideswipe, same direction",Made improper turn,None Indicated,,Daylight,Dry,Clear,None apparent,Non-intersection:  Non-junction/no special feature,Paved,,Property Damage Only,0,0,0,0,0,0,8000,2,2,,POINT (-91.662371550271 41.982864503511)
2014814957,20140025982,09/03/2014,09-September,4-Wednesday,10:25,1000 Hours,District 1 (Central),DES MOINES,POLK,,EASTON BLVD,Collision with:  Vehicle in traffic,On Roadway,Broadside (front to side),FTYROW:  From stop sign,None Indicated,,Daylight,Dry,Clear,None apparent,Intersection:  Four-way intersection,Paved,,Possible/Unknown,0,2,0,0,2,0,7000,2,4,,POINT (-93.565223559501 41.609038851929)
2014816247,,09/03/2014,09-September,4-Wednesday,18:00,1800 Hours,District 6 (East Central),CEDAR RAPIDS,LINN,,DIAGONAL DR SW & 3RD ST SW,Collision with:  Vehicle in traffic,On Roadway,"Sideswipe, same direction",Unknown,None Indicated,,Daylight,Dry,Clear,,Intersection:  Four-way intersection,Paved,,Property Damage Only,0,0,0,0,0,0,4000,2,3,,POINT (-91.672650860653 41.97091519922)
2014815402,2014-61984,09/03/2014,09-September,4-Wednesday,08:55,0800 Hours,District 6 (East Central),DAVENPORT,SCOTT,I-80,I-80,Collision with:  Vehicle in traffic,On Roadway,"Sideswipe, same direction",Improper or erratic lane changing,None Indicated,,Daylight,Dry,Clear,None apparent,Interchange-related:  On-ramp merge area,Paved,,Property Damage Only,0,0,0,0,0,0,3500,2,3,,POINT (-90.571758960262 41.596459067535)
2014815183,14-002031,09/03/2014,09-September,4-Wednesday,11:15,1100 Hours,District 1 (Central),ALTOONA,POLK,,8TH ST SW,Collision with:  Vehicle in traffic,On Roadway,Rear-end (front to rear),Other (explain in narrative):  Other,None Indicated,,Daylight,Dry,Clear,None apparent,Non-intersection:  Non-junction/no special feature,Paved,,Property Damage Only,0,0,0,0,0,0,4500,3,4,,POINT (-93.504925897837 41.644141384893)
2014815206,14-29018,09/03/2014,09-September,4-Wednesday,14:20,1400 Hours,District 3 (Northwest),SIOUX CITY,WOODBURY,,BLUFF ST & WESLEY PKWY,Collision with:  Vehicle in traffic,On Roadway,Broadside (front to side),Ran Stop Sign,None Indicated,,Daylight,Dry,Cloudy,None apparent,Intersection:  Four-way intersection,Paved,,Property Damage Only,0,0,0,0,0,0,12000,2,2,,POINT (-96.409943843621 42.500796101655)
2014821152,2014-037386,09/03/2014,09-September,4-Wednesday,08:55,0800 Hours,District 6 (East Central),DUBUQUE,DUBUQUE,US 52,US 52/CENTRAL AVE & KAUFMANN AVE & E 22ND ST,Collision with:  Vehicle in traffic,On Roadway,"Sideswipe, same direction",Other (explain in narrative):  No improper action,None Indicated,,Daylight,Dry,Clear,None apparent,Intersection:  Four-way intersection,Paved,,Property Damage Only,0,0,0,0,0,0,5500,2,4,,POINT (-90.671285964303 42.513472887923)
2014815725,S14-I0301,09/03/2014,09-September,4-Wednesday,22:05,2200 Hours,District 5 (Southeast),,CLARKE,,Co Rd R15/130 AVE,Collision with:  Animal,On Roadway,Non-collision (single vehicle),Animal,None Indicated,,Dark - roadway not lighted,Dry,Clear,None apparent,Non-intersection:  Non-junction/no special feature,Paved,,Minor Injury,0,1,0,1,0,0,2000,1,1,,POINT (-93.976307799704 40.907693374263)
2014815222,14037400,09/03/2014,09-September,4-Wednesday,22:41,2200 Hours,District 5 (Southeast),MUSCATINE,MUSCATINE,,FLETCHER AVE,Collision with fixed object:  Tree,Shoulder,Non-collision (single vehicle),Swerving/Evasive Action,None Indicated,,Dark - roadway not lighted,Dry,Clear,None apparent,Non-intersection:  Non-junction/no special feature,Paved,,Possible/Unknown,0,2,0,0,2,0,20000,1,2,,POINT (-91.070631004046 41.416910082836)
2014815304,CL14003148,09/03/2014,09-September,4-Wednesday,07:51,0700 Hours,District 6 (East Central),CLINTON,CLINTON,US 30,US 30/S 3RD ST & 8TH AVE S,Collision with:  Vehicle in traffic,On Roadway,Rear-end (front to rear),Other (explain in narrative):  Other,None Indicated,,Daylight,Dry,Clear,None apparent,Non-intersection:  Non-junction/no special feature,Paved,,Property Damage Only,0,0,0,0,0,0,4000,2,2,,POINT (-90.190701900823 41.837731312918)
2014816145,14-004105,09/03/2014,09-September,4-Wednesday,07:54,0700 Hours,District 1 (Central),AMES,STORY,US 30,US 30/NE RAMP CURV/NW RAMP CURV & S DAYTON AVE,Collision with:  Vehicle in traffic,On Roadway,Rear-end (front to rear),FTYROW:  From stop sign,None Indicated,,Daylight,Dry,Clear,None apparent,Intersection:  Intersection with ramp,Paved,,Property Damage Only,0,0,0,0,0,0,3500,2,3,,POINT (-93.586512012095 42.007389180359)
2014815047,2014009689,09/03/2014,09-September,4-Wednesday,14:29,1400 Hours,District 6 (East Central),IOWA CITY,JOHNSON,,E BENTON ST & S CLINTON ST,Collision with:  Vehicle in traffic,On Roadway,"Sideswipe, same direction",Made improper turn,None Indicated,,Daylight,Dry,Clear,None apparent,Non-intersection:  Non-junction/no special feature,Paved,,Property Damage Only,0,0,0,0,0,0,1500,2,2,,POINT (-91.534746859381 41.651087340029)
2014815075,14C04073,09/03/2014,09-September,4-Wednesday,07:26,0700 Hours,District 4 (Southwest),CRESTON,UNION,,W SUMMIT ST & N LINCOLN ST,Collision with:  Vehicle in traffic,On Roadway,Rear-end (front to rear),Lost Control,None Indicated,,Daylight,Dry,Clear,None apparent,Non-intersection:  Non-junction/no special feature,Paved,,Minor Injury,0,1,0,1,0,0,9000,2,1,,POINT (-94.375728118313 41.061942640652)
2014816260,PD1407710,09/03/2014,09-September,4-Wednesday,14:05,1400 Hours,District 5 (Southeast),FAIRFIELD,JEFFERSON,,E BURLINGTON AVE,Collision with:  Vehicle in traffic,On Roadway,Rear-end (front to rear),Separation of units,None Indicated,,Daylight,Dry,Clear,None apparent,Non-intersection:  Non-junction/no special feature,Paved,,Property Damage Only,0,0,0,0,0,0,1950,2,2,,POINT (-91.963525457651 41.006653695096)
2014814954,20140025962,09/03/2014,09-September,4-Wednesday,08:25,0800 Hours,District 1 (Central),DES MOINES,POLK,,SHAWNEE AVE & 39TH PL,Collision with:  Vehicle in traffic,On Roadway,Broadside (front to side),Ran Stop Sign,None Indicated,,Daylight,Dry,Clear,None apparent,Intersection:  Four-way intersection,Paved,,Possible/Unknown,0,1,0,0,1,0,8500,2,7,,POINT (-93.671518158032 41.635425614974)
2014815862,14-1957,09/03/2014,09-September,4-Wednesday,17:16,1700 Hours,District 1 (Central),URBANDALE,POLK,,86TH ST,Collision with:  Vehicle in traffic,On Roadway,Rear-end (front to rear),Followed too close,None Indicated,,Daylight,Dry,Clear,None apparent,Intersection:  T-intersection,Paved,,Possible/Unknown,0,2,0,0,2,0,11700,4,4,,POINT (-93.736497543546 41.632361525309)
2014816725,80-14-284,09/03/2014,09-September,4-Wednesday,07:12,0700 Hours,District 2 (Northeast),HUMBOLDT,HUMBOLDT,,9TH ST N,Collision with:  Vehicle in traffic,On Roadway,Broadside (front to side),Unknown,None Indicated,,Daylight,Dry,Clear,None apparent,Non-intersection:  Non-junction/no special feature,Paved,,Property Damage Only,0,0,0,0,0,0,3500,2,1,,POINT (-94.221021775001 42.727350248909)
2014824081,390914-2091,09/03/2014,09-September,4-Wednesday,09:07,0900 Hours,District 4 (Southwest),BAGLEY,GUTHRIE,,2ND ST & 1ST AVE,Collision with:  Parked motor vehicle,Shoulder,Rear-end (front to rear),Improper Backing,None Indicated,,Daylight,Dry,Clear,None apparent,Non-intersection:  Non-junction/no special feature,Paved,,Property Damage Only,0,0,0,0,0,0,1550,2,2,,POINT (-94.430922369371 41.847227354385)