Iowa DOT Case Number,Law Enforcement Case Number,Date of Crash,Month of Crash,Day of Week,Time of Crash,Hour,DOT District,City Name,County Name,Route with System,Location Description,First Harmful Event,Location of First Harmful Event,Manner of Crash/Collision,Major Cause,Drug or Alcohol ,Environmental Conditions,Light Conditions,Surface Conditions,Weather Conditions,Roadway Contribution,Roadway Type,Roadway Surface,Work Zone,Crash Severity,Number of Fatalities,Number of Injuries,Number of Major Injuries,Number of Minor Injuries,Number of Possible Injuries,Number of Unknown Injuries,Amount of Property Damage,Number of Vehicles Involved,Total Number of Occupants,Travel Direction,Location
2014815142,14-13383,09/03/2014,09-September,4-Wednesday,08:19,0800 Hours,District 3 (Northwest),SPENCER,CLAY,,E 4TH ST,Collision with:  Vehicle in traffic,On Roadway,Rear-end (front to rear),Lost Control,None Indicated,,Daylight,Dry,Clear,None apparent,Non-intersection:  Non-junction/no special feature,Paved,,Possible/Unknown,0,1,0,0,0,1,3800,2,2,,POINT (-95.144179222633 43.141374657607)
2014816772,01-14-37414,09/03/2014,09-September,4-Wednesday,16:44,1600 Hours,District 6 (East Central),DUBUQUE,DUBUQUE,,,Collision with:  Vehicle in traffic,On Roadway,Broadside (front to side),FTYROW:  From driveway,None Indicated,,Daylight,Dry,Clear,None apparent,Non-intersection:  Driveway access (within),,,Property Damage Only,0,0,0,0,0,0,3800,2,2,,POINT (-96.643700149993 40.233091251414)
2014815198,14-2702,09/03/2014,09-September,4-Wednesday,10:00,1000 Hours,District 1 (Central),FORT DODGE,WEBSTER,,2ND AVE N & N 19TH ST,Collision with:  Vehicle in traffic,On Roadway,Rear-end (front to rear),Driver Distraction:  Reaching for object(s)/fallen object(s),None Indicated,,Daylight,Dry,Clear,None apparent,Non-intersection:  Non-junction/no special feature,Paved,,Property Damage Only,0,0,0,0,0,0,1600,2,2,,POINT (-94.172334503941 42.508331120954)
2014815441,201400043447,09/03/2014,09-September,4-Wednesday,20:22,2000 Hours,District 5 (Southeast),OTTUMWA,WAPELLO,,145TH AVE,Collision with:  Vehicle in traffic,On Roadway,Rear-end (front to rear),Followed too close,None Indicated,,Dark - roadway not lighted,Dry,Clear,None apparent,Non-intersection:  Non-junction/no special feature,Unpaved,,Minor Injury,0,1,0,1,0,0,2000,2,2,,POINT (-92.43580056806 41.103274811797)
2014815377,14-003763,09/03/2014,09-September,4-Wednesday,17:25,1700 Hours,District 1 (Central),ANKENY,POLK,IA 160,IA 160/SE ORALABOR RD,Collision with:  Vehicle in traffic,On Roadway,Rear-end (front to rear),Other (explain in narrative):  Other,None Indicated,,Daylight,Dry,Clear,None apparent,Non-intersection:  Non-junction/no special feature,Paved,,Property Damage Only,0,0,0,0,0,0,4000,2,4,,POINT (-93.59189709148 41.702858219924)
2014817118,14020683,09/03/2014,09-September,4-Wednesday,17:06,1700 Hours,District 5 (Southeast),OSKALOOSA,MAHASKA,,S 1ST ST,Collision with:  Vehicle in traffic,On Roadway,Rear-end (front to rear),FTYROW:  Other (explain in narrative),None Indicated,,Daylight,Dry,Clear,None apparent,Non-intersection:  Non-junction/no special feature,Paved,,Property Damage Only,0,0,0,0,0,0,2400,2,6,,POINT (-92.643790444069 41.290226941855)
2014815440,201400043320,09/03/2014,09-September,4-Wednesday,09:03,0900 Hours,District 5 (Southeast),OTTUMWA,WAPELLO,,JOSEPH AVE,Collision with:  Vehicle in traffic,On Roadway,"Angle, oncoming left turn",FTYROW:  Making left turn,None Indicated,,Daylight,Dry,Clear,None apparent,Intersection:  T-intersection,Paved,,Possible/Unknown,0,1,0,0,1,0,10000,3,4,,POINT (-92.410482963075 41.064557601432)
2014815174,20140025986,09/03/2014,09-September,4-Wednesday,11:17,1100 Hours,District 1 (Central),DES MOINES,POLK,,GRAND AVE & 9TH ST,Collision with:  Vehicle in traffic,On Roadway,Broadside (front to side),Ran Traffic Signal,None Indicated,,Daylight,Dry,Clear,None apparent,Intersection:  Four-way intersection,Paved,,Property Damage Only,0,0,0,0,0,0,2500,2,3,,POINT (-93.628988989566 41.586964192472)
2014815199,14-2706,09/03/2014,09-September,4-Wednesday,11:42,1100 Hours,District 1 (Central),FORT DODGE,WEBSTER,,6TH AVE N & N 15TH ST,Collision with:  Vehicle in traffic,On Roadway,Broadside (front to side),Ran Traffic Signal,None Indicated,,Daylight,Dry,Clear,None apparent,Intersection:  Four-way intersection,Paved,,Property Damage Only,0,0,0,0,0,0,5000,2,3,,POINT (-94.17796377439 42.511884676212)
2014815463,S14-088952,09/03/2014,09-September,4-Wednesday,20:30,2000 Hours,District 2 (Northeast),,BLACK HAWK,US 218,US 218,Collision with:  Animal,On Roadway,Non-collision (single vehicle),Animal,None Indicated,,Dark - roadway not lighted,Dry,Clear,None apparent,Non-intersection:  Non-junction/no special feature,Paved,,Property Damage Only,0,0,0,0,0,0,5000,2,3,,POINT (-92.239835174515 42.372215058889)
2014815472,14-178,09/03/2014,09-September,4-Wednesday,17:18,1700 Hours,District 2 (Northeast),WAVERLY,BREMER,,2ND AVE SW,Collision with:  Vehicle in traffic,On Roadway,"Sideswipe, same direction",Crossed centerline (undivided),None Indicated,,Daylight,Dry,Clear,None apparent,Non-intersection:  Non-junction/no special feature,Paved,,Possible/Unknown,0,1,0,0,1,0,4500,2,4,,POINT (-92.482415791912 42.723729215421)
2014815307,14-5443,09/03/2014,09-September,4-Wednesday,17:40,1700 Hours,District 3 (Northwest),CHEROKEE,CHEROKEE,,W WILLOW ST & N 5TH ST,Collision with:  Vehicle in traffic,On Roadway,Broadside (front to side),FTYROW:  From stop sign,None Indicated,,Daylight,Dry,Clear,None apparent,Intersection:  Four-way intersection,Paved,,Property Damage Only,0,0,0,0,0,0,1650,2,3,,POINT (-95.554513356975 42.750558638363)
2014815980,S14-003488,09/03/2014,09-September,4-Wednesday,03:00,0300 Hours,District 4 (Southwest),,POTTAWATTAMIE,US 6,US 6 & 250TH ST,Collision with fixed object:  Ditch,Shoulder,Non-collision (single vehicle),Ran off road - right,None Indicated,,Dark - roadway not lighted,Dry,Cloudy,None apparent,Non-intersection:  Non-junction/no special feature,Paved,,Property Damage Only,0,0,0,0,0,0,8000,1,1,,POINT (-95.708756923714 41.28285750483)
2014816026,2014051437,09/03/2014,09-September,4-Wednesday,05:29,0500 Hours,District 1 (Central),,POWESHIEK,I-80,I-80,Collision with fixed object:  Culvert/pipe opening,Outside trafficway,Non-collision (single vehicle),Ran off road - right,None Indicated,,Dark - roadway not lighted,Dry,Cloudy,None apparent,Non-intersection:  Non-junction/no special feature,Paved,,Major Injury,0,2,2,0,0,0,16000,1,2,,POINT (-92.488309331245 41.694740634873)
2014824098,A390914-2096,09/03/2014,09-September,4-Wednesday,13:49,1300 Hours,District 4 (Southwest),,GUTHRIE,IA 44,IA 44/IOWA 44,Non-collision events:  Overturn/rollover,Shoulder,Non-collision (single vehicle),"Operating vehicle in an reckless, erratic, careless, negligent manner",Alcohol (Statutory),,Daylight,Dry,Clear,None apparent,Non-intersection:  Non-junction/no special feature,Paved,,Property Damage Only,0,0,0,0,0,0,8000,1,1,,POINT (-94.336761821022 41.691923816664)
2014816727,90-14-286,09/03/2014,09-September,4-Wednesday,07:47,0700 Hours,District 2 (Northeast),,HUMBOLDT,,Co Rd C26/170TH ST & MICHIGAN AVE,Non-collision events:  Overturn/rollover,Roadside,Non-collision (single vehicle),Crossed centerline (undivided),None Indicated,,Daylight,Dry,Cloudy,None apparent,Non-intersection:  Non-junction/no special feature,Paved,,Minor Injury,0,1,0,1,0,0,5000,1,1,,POINT (-94.198458337011 42.803899542128)
2014816149,14-004124,09/04/2014,09-September,5-Thursday,15:36,1500 Hours,District 1 (Central),AMES,STORY,,24TH ST & NORTHWESTERN AVE,Collision with:  Vehicle in traffic,On Roadway,Broadside (front to side),FTYROW:  Other (explain in narrative),None Indicated,,Daylight,Dry,Cloudy,None apparent,Intersection:  Four-way intersection,Paved,,Possible/Unknown,0,2,0,0,2,0,5000,2,4,,POINT (-93.625880743022 42.045648331815)
2014816028,2014051692,09/04/2014,09-September,5-Thursday,12:50,1200 Hours,District 1 (Central),,POLK,I-80,I-80,Collision with:  Vehicle in traffic,On Roadway,Rear-end (front to rear),Unknown,None Indicated,,Daylight,Dry,Clear,None apparent,Non-intersection:  Non-junction/no special feature,Paved,,Property Damage Only,0,0,0,0,0,0,2750,2,3,,POINT (-93.384557237915 41.680419628932)
2014816055,,09/04/2014,09-September,5-Thursday,17:45,1700 Hours,District 5 (Southeast),FORT MADISON,LEE,,24TH ST,Collision with:  Vehicle in traffic,On Roadway,Broadside (front to side),FTYROW:  From parked position,None Indicated,,Daylight,Dry,Clear,None apparent,Non-intersection:  Non-junction/no special feature,Paved,,Property Damage Only,0,0,0,0,0,0,2000,2,3,,POINT (-91.339858803229 40.628706453583)
2014815162,14018808,09/04/2014,09-September,5-Thursday,07:27,0700 Hours,District 6 (East Central),MARION,LINN,,29TH AVE,Collision with:  Vehicle in traffic,On Roadway,Rear-end (front to rear),Followed too close,None Indicated,,Daylight,Dry,Clear,None apparent,Non-intersection:  Non-junction/no special feature,Paved,,Property Damage Only,0,0,0,0,0,0,6000,2,2,,POINT (-91.603979931147 42.050941722544)
2014816776,01-14-37448,09/04/2014,09-September,5-Thursday,16:55,1600 Hours,District 6 (East Central),DUBUQUE,DUBUQUE,,UNIVERSITY AVE,Collision with:  Vehicle in traffic,On Roadway,Rear-end (front to rear),Lost Control,None Indicated,,Daylight,Dry,Clear,None apparent,Non-intersection:  Non-junction/no special feature,Paved,,Possible/Unknown,0,1,0,0,1,0,3900,2,6,,POINT (-90.694684362341 42.499474807528)
2014816362,,09/04/2014,09-September,5-Thursday,21:45,2100 Hours,District 5 (Southeast),,WASHINGTON,US 218,US 218,Collision with:  Animal,On Roadway,Non-collision (single vehicle),Animal,None Indicated,,Dark - roadway not lighted,Dry,Clear,,Non-intersection:  Non-junction/no special feature,Paved,,Property Damage Only,0,0,0,0,0,0,9000,1,2,,POINT (-91.546958702319 41.315565046902)
2014815448,2014-19219,09/04/2014,09-September,5-Thursday,08:56,0800 Hours,District 5 (Southeast),,WARREN,,Co Rd R57/HWY R57 & HEMPSTEAD ST,Collision with:  Vehicle in traffic,On Roadway,"Sideswipe, same direction",Crossed centerline (undivided),None Indicated,,Daylight,Dry,Clear,None apparent,Intersection:  T-intersection,Paved,,Property Damage Only,0,0,0,0,0,0,2000,2,2,,POINT (-93.645072787401 41.392072038638)
2014815361,201413097,09/04/2014,09-September,5-Thursday,14:33,1400 Hours,District 6 (East Central),CEDAR RAPIDS,LINN,I-380,I-380 & US 30/RAMP/LOOP & KIRKWOOD BLVD SW,Collision with:  Vehicle in traffic,On Roadway,Rear-end (front to rear),Other (explain in narrative):  Other,None Indicated,,Daylight,Dry,Cloudy,None apparent,Intersection:  Four-way intersection,Paved,,Property Damage Only,0,0,0,0,0,0,8500,4,5,,POINT (-91.656738346368 41.925220338077)
2014819783,2014051766,09/04/2014,09-September,5-Thursday,18:45,1800 Hours,District 2 (Northeast),,FRANKLIN,I-35,I-35,Unknown,On Roadway,Non-collision (single vehicle),Unknown,None Indicated,,Dusk,Dry,Clear,None apparent,Non-intersection:  Non-junction/no special feature,Paved,,Property Damage Only,0,0,0,0,0,0,10500,1,1,,POINT (-93.40989948407 42.734026242872)
2014815175,20140026110,09/04/2014,09-September,5-Thursday,09:26,0900 Hours,District 1 (Central),DES MOINES,POLK,US 6,US 6/FREDERICK M HUBBELL AVE,Collision with:  Vehicle in traffic,On Roadway,"Sideswipe, opposite direction",FTYROW:  Making left turn,None Indicated,,Daylight,Dry,Clear,None apparent,Intersection:  Four-way intersection,Paved,,Property Damage Only,0,0,0,0,0,0,7500,2,4,,POINT (-93.544390796313 41.629234494878)
2014816150,14-004127,09/04/2014,09-September,5-Thursday,19:15,1900 Hours,District 1 (Central),AMES,STORY,,6TH ST & RIDGEWOOD AVE,Collision with:  Vehicle in traffic,On Roadway,"Angle, oncoming left turn",FTYROW:  From stop sign,None Indicated,,Dusk,Dry,Cloudy,None apparent,Intersection:  T-intersection,Paved,,Property Damage Only,0,0,0,0,0,0,2900,2,2,,POINT (-93.625393219457 42.026737225171)
2014827832,2014051604,09/04/2014,09-September,5-Thursday,03:24,0300 Hours,District 5 (Southeast),OTTUMWA,WAPELLO,IA 149,IA 149/IOWA 149,Collision with fixed object:  Curb/island/raised median,On Roadway,Non-collision (single vehicle),Crossed centerline (undivided),Refused,,Dark - roadway not lighted,Dry,Clear,None apparent,Non-intersection:  Non-junction/no special feature,Paved,,Major Injury,0,1,1,0,0,0,5000,1,1,,POINT (-92.411631746784 41.047835458604)
2014815807,W14-089260,09/04/2014,09-September,5-Thursday,16:59,1600 Hours,District 2 (Northeast),WATERLOO,BLACK HAWK,,SARATOGA DR & E RIDGEWAY AVE,Collision with:  Vehicle in traffic,On Roadway,Rear-end (front to rear),Unknown,None Indicated,,Daylight,Dry,Clear,None apparent,Non-intersection:  Non-junction/no special feature,Paved,,Property Damage Only,0,0,0,0,0,0,2750,3,3,,POINT (-92.344211274488 42.469394383724)
2014815349,W14-089160,09/04/2014,09-September,5-Thursday,10:46,1000 Hours,District 2 (Northeast),WATERLOO,BLACK HAWK,,E 4TH ST,Collision with fixed object:  Utility pole/light support,Roadside,Broadside (front to side),Lost Control,None Indicated,,Daylight,Dry,Clear,None apparent,Non-intersection:  Railroad grade crossing,Paved,,Major Injury,0,3,1,0,2,0,6600,2,5,,POINT (-92.332668443414 42.507053237747)
2014815886,2014-62329,09/04/2014,09-September,5-Thursday,14:30,1400 Hours,District 6 (East Central),DAVENPORT,SCOTT,,E LOCUST ST,Collision with:  Vehicle in traffic,On Roadway,Rear-end (front to rear),Followed too close,None Indicated,,Daylight,Dry,Clear,None apparent,Non-intersection:  Non-junction/no special feature,Paved,,Possible/Unknown,0,1,0,0,1,0,3000,3,6,,POINT (-90.573015118541 41.538268440002)
2014816063,,09/04/2014,09-September,5-Thursday,07:48,0700 Hours,District 4 (Southwest),AVOCA,POTTAWATTAMIE,,W HIGH ST & S ELM ST & N ELM ST,Collision with:  Vehicle in traffic,On Roadway,Broadside (front to side),FTYROW:  From stop sign,None Indicated,,Daylight,Dry,Clear,None apparent,Intersection:  Four-way intersection,Paved,,Property Damage Only,0,0,0,0,0,0,8500,2,3,,POINT (-95.339437481835 41.476587878003)
2014816539,2014051758,09/04/2014,09-September,5-Thursday,16:12,1600 Hours,District 2 (Northeast),,CLAYTON,,Co Rd X32/HICKORY AVE & 120TH ST,Collision with fixed object:  Ditch,Roadside,Non-collision (single vehicle),"Operating vehicle in an reckless, erratic, careless, negligent manner",None Indicated,,Daylight,"Mud, dirt",Clear,None apparent,Non-intersection:  Non-junction/no special feature,Unpaved,,Major Injury,0,5,5,0,0,0,2500,1,5,,POINT (-91.329971498592 43.051894945109)
2014815475,14005208,09/04/2014,09-September,5-Thursday,18:47,1800 Hours,District 6 (East Central),PEOSTA,DUBUQUE,,BURDS RD & BELO DR & PEOSTA COMMUNITY PKWY,Collision with fixed object:  Traffic sign support,Shoulder,Non-collision (single vehicle),Ran off road - right,None Indicated,,Daylight,Dry,Clear,None apparent,Intersection:  Four-way intersection,Paved,,Property Damage Only,0,0,0,0,0,0,2300,1,2,,POINT (-90.839097504375 42.447600612567)
2014815735,201400003170,09/04/2014,09-September,5-Thursday,18:30,1800 Hours,District 6 (East Central),,LINN,IA 13,IA 13/IOWA 13 & Co Rd D66/PARIS RD,Collision with:  Animal,,,Animal,None Indicated,,,,,,,Paved,,Property Damage Only,0,0,0,0,0,0,2000,1,1,,POINT (-91.52935473561 42.238391019695)
2014815981,S14-003509,09/04/2014,09-September,5-Thursday,19:00,1900 Hours,District 4 (Southwest),TREYNOR,POTTAWATTAMIE,,Co Rd G66/PIONEER TRL,Non-collision events:  Overturn/rollover,On Roadway,Non-collision (single vehicle),Swerving/Evasive Action,None Indicated,,Dusk,"Mud, dirt",Clear,Ruts/holes/bumps,Non-intersection:  Non-junction/no special feature,Unpaved,,Possible/Unknown,0,1,0,0,1,0,15000,1,1,,POINT (-95.679275585166 41.189087082542)
2014815984,S14-003525,09/04/2014,09-September,5-Thursday,17:15,1700 Hours,District 4 (Southwest),NEOLA,POTTAWATTAMIE,,OVERLAND TRL,Collision with:  Vehicle in traffic,On Roadway,Broadside (front to side),FTYROW:  From driveway,None Indicated,,Daylight,Unknown,Unknown,None apparent,Non-intersection:  Driveway access (within),Paved,,Property Damage Only,0,0,0,0,0,0,2500,2,2,,POINT (-95.798943912811 41.219013499347)
2014815517,W14-089321,09/04/2014,09-September,5-Thursday,19:56,1900 Hours,District 2 (Northeast),WATERLOO,BLACK HAWK,I-380,I-380,Collision with:  Vehicle in traffic,On Roadway,Rear-end (front to rear),Other (explain in narrative):  Other,None Indicated,,Dusk,Dry,Clear,Work Zone (roadway-related),Interchange-related:  On-ramp merge area,Paved,Yes,Property Damage Only,0,0,0,0,0,0,3000,2,2,,POINT (-92.316851555532 42.466208601816)
2014816007,I14041349,09/04/2014,09-September,5-Thursday,13:49,1300 Hours,District 2 (Northeast),,FRANKLIN,,HEATHER AVE,Collision with:  Animal,,,Animal,None Indicated,,,,,,,Unpaved,,Property Damage Only,0,0,0,0,0,0,2500,1,1,,POINT (-93.360158630195 42.89897365241)
2014816027,2014051659,09/04/2014,09-September,5-Thursday,09:39,0900 Hours,District 6 (East Central),,CEDAR,I-80,I-80,Collision with:  Vehicle in traffic,On Roadway,Rear-end (front to rear),Improper or erratic lane changing,None Indicated,,Daylight,Dry,Cloudy,None apparent,Non-intersection:  Non-junction/no special feature,Paved,,Minor Injury,0,1,0,1,0,0,2500,2,4,,POINT (-91.261874953001 41.663451170611)
2014815743,2014009216,09/04/2014,09-September,5-Thursday,18:36,1800 Hours,District 1 (Central),MARSHALLTOWN,MARSHALL,,W STATE ST & N 1ST ST,Collision with:  Non-motorist (see non-motorist section - NOT a unit),On Roadway,Non-collision (single vehicle),Exceeded authorized speed,None Indicated,,Daylight,Dry,Clear,None apparent,Non-intersection:  Non-junction/no special feature,Paved,,Possible/Unknown,0,1,0,0,1,0,0,1,2,,POINT (-92.914660904108 42.050412373316)
2014815394,20140026171,09/04/2014,09-September,5-Thursday,18:30,1800 Hours,District 1 (Central),DES MOINES,POLK,,STANTON AVE & FLEUR DR,Collision with:  Non-motorist (see non-motorist section - NOT a unit),On Roadway,Non-collision (single vehicle),FTYROW:  To pedestrian,None Indicated,,Daylight,Dry,Clear,None apparent,Non-intersection:  Non-junction/no special feature,Paved,,Minor Injury,0,1,0,1,0,0,0,1,1,,POINT (-93.645027919337 41.54460415433)
2014815214,2014009711,09/04/2014,09-September,5-Thursday,03:55,0300 Hours,District 6 (East Central),IOWA CITY,JOHNSON,I-80,I-80,Collision with fixed object:  Guardrail - face,On Roadway,Non-collision (single vehicle),Equipment failure,None Indicated,,Dark - roadway lighted,Wet,Rain,None apparent,Non-intersection:  Non-junction/no special feature,Paved,,Possible/Unknown,0,1,0,0,1,0,4000,1,1,,POINT (-91.545577350128 41.685838230971)
2014816777,01-14-37453,09/04/2014,09-September,5-Thursday,20:29,2000 Hours,District 6 (East Central),DUBUQUE,DUBUQUE,,GARFIELD AVE & SCHILLER ST,Collision with:  Parked motor vehicle,On Roadway,Broadside (front to side),Ran off road - right,None Indicated,,Daylight,Dry,Clear,None apparent,Non-intersection:  Non-junction/no special feature,Paved,,Property Damage Only,0,0,0,0,0,0,5050,3,777,,POINT (-90.660015352247 42.518015944259)
2014815505,,09/04/2014,09-September,5-Thursday,10:36,1000 Hours,District 2 (Northeast),GILMORE CITY,HUMBOLDT,IA 3,IA 3/E IOWA AVE/W IOWA AVE & S GILMORE ST & N GILMORE ST,Collision with:  Vehicle in traffic,On Roadway,"Sideswipe, same direction",Swerving/Evasive Action,None Indicated,,Daylight,Dry,Cloudy,None apparent,Intersection:  Four-way intersection,Paved,,Property Damage Only,0,0,0,0,0,0,3000,2,2,,POINT (-94.443175111323 42.732411558508)
2014815170,20140026074,09/04/2014,09-September,5-Thursday,01:30,0100 Hours,District 1 (Central),DES MOINES,POLK,,E RAILROAD AVE & SE 10TH ST,Non-collision events:  Other non-collision (explain in narrative),On Roadway,Non-collision (single vehicle),Unknown,None Indicated,,Dark - roadway lighted,Unknown,Clear,Unknown,Non-intersection:  Non-junction/no special feature,Paved,,Minor Injury,0,1,0,1,0,0,0,1,1,,POINT (-93.600012038814 41.57883238559)
2014815698,20140904EEP1,09/04/2014,09-September,5-Thursday,06:30,0600 Hours,District 5 (Southeast),OSCEOLA,CLARKE,,COLLEGE DR,Collision with fixed object:  Other fixed object (explain in narrative),Shoulder,Non-collision (single vehicle),Other (explain in narrative):  Other,None Indicated,,Daylight,Dry,Clear,None apparent,Non-intersection:  Driveway access (within),Paved,,Property Damage Only,0,0,0,0,0,0,5800,1,2,,POINT (-93.802942010344 41.024452444328)
2014815378,14-1076,09/04/2014,09-September,5-Thursday,08:20,0800 Hours,District 1 (Central),CLIVE,POLK,,UNIVERSITY AVE,Collision with:  Vehicle in traffic,On Roadway,"Sideswipe, same direction",Improper or erratic lane changing,None Indicated,,Daylight,Dry,Clear,None apparent,Non-intersection:  Non-junction/no special feature,Paved,,Property Damage Only,0,0,0,0,0,0,4500,2,2,,POINT (-93.780917852108 41.60044415533)
2014816272,14-022033,09/04/2014,09-September,5-Thursday,14:42,1400 Hours,District 5 (Southeast),,MARION,,Co Rd G40/HWY G40,Non-collision events:  Overturn/rollover,Shoulder,Non-collision (single vehicle),Unknown,None Indicated,,Daylight,Dry,Clear,Work Zone (roadway-related),Non-intersection:  Non-junction/no special feature,Paved,Yes,Property Damage Only,0,0,0,0,0,0,5000,1,1,,POINT (-93.149298777214 41.400214777378)
2014815356,201413107,09/04/2014,09-September,5-Thursday,17:30,1700 Hours,District 6 (East Central),CEDAR RAPIDS,LINN,I-380,I-380 & E AVE & 1ST ST NE & A AVE NE,Collision with:  Vehicle in traffic,On Roadway,Broadside (front to side),Ran Traffic Signal,None Indicated,,Daylight,Dry,Clear,None apparent,Intersection:  Other intersection (explain in narrative),Paved,,Property Damage Only,0,0,0,0,0,0,2000,2,3,,POINT (-91.671197407455 41.979292390269)
2014815392,20140026165,09/04/2014,09-September,5-Thursday,17:51,1700 Hours,District 1 (Central),DES MOINES,POLK,US 6,US 6/MERLE HAY RD/DOUGLAS AVE & IA 28,Collision with:  Vehicle in traffic,On Roadway,"Sideswipe, same direction",FTYROW:  Other (explain in narrative),None Indicated,,Daylight,Dry,Clear,None apparent,Non-intersection:  Non-junction/no special feature,Paved,,Property Damage Only,0,0,0,0,0,0,5000,2,3,,POINT (-93.697771212229 41.629414590539)
2014818065,201400043636,09/04/2014,09-September,5-Thursday,21:33,2100 Hours,District 5 (Southeast),OTTUMWA,WAPELLO,,E MAIN ST & S JEFFERSON ST,Non-collision events:  Other non-collision (explain in narrative),Roadside,Non-collision (single vehicle),Other (explain in narrative):  No improper action,None Indicated,,Dark - roadway lighted,Dry,Clear,None apparent,Intersection:  Four-way intersection,Paved,,Property Damage Only,0,0,0,0,0,0,1500,1,5,,POINT (-92.409197306884 41.015357731375)
2014815398,14-4386,09/04/2014,09-September,5-Thursday,16:53,1600 Hours,District 1 (Central),WEST DES MOINES,POLK,I-235,I-235,Collision with:  Vehicle in traffic,On Roadway,Rear-end (front to rear),Followed too close,None Indicated,,Daylight,Dry,Clear,None apparent,Non-intersection:  Non-junction/no special feature,Paved,,Property Damage Only,0,0,0,0,0,0,6000,2,2,,POINT (-93.724415909163 41.593401137335)
2014816242,,09/04/2014,09-September,5-Thursday,18:40,1800 Hours,District 4 (Southwest),,AUDUBON,,300 ST & MOCKINGBIRD AVE,Non-collision events:  Other non-collision (explain in narrative),On Roadway,Non-collision (single vehicle),Ran off road - left,None Indicated,,Daylight,"Mud, dirt",Cloudy,"Surface condition (e.g., wet, icy)",Non-intersection:  Non-junction/no special feature,Unpaved,,Property Damage Only,0,0,0,0,0,0,6000,1,1,,POINT (-94.854627996897 41.576651546395)
2014815371,14-5833,09/04/2014,09-September,5-Thursday,20:03,2000 Hours,District 1 (Central),GRIMES,POLK,,NW MAPLEWOOD DR,Collision with:  Other non-fixed object (explain in narrative),On Roadway,Rear-end (front to rear),Followed too close,None Indicated,,Dark - roadway lighted,Dry,Cloudy,None apparent,Non-intersection:  Non-junction/no special feature,Paved,,Property Damage Only,0,0,0,0,0,0,8700,3,3,,POINT (-93.805818862302 41.688253873597)
2014844599,,09/04/2014,09-September,5-Thursday,20:00,2000 Hours,District 2 (Northeast),,WINNESHIEK,,Co Rd W38/LOCUST RD,Collision with fixed object:  Ditch,On Roadway,Non-collision (single vehicle),Crossed centerline (undivided),Alcohol (Statutory),,Dark - roadway not lighted,Dry,Cloudy,None apparent,Non-intersection:  Non-junction/no special feature,Paved,,Property Damage Only,0,0,0,0,0,0,7000,1,2,,POINT (-91.743963819044 43.376266858026)
2014815355,201413081,09/04/2014,09-September,5-Thursday,10:49,1000 Hours,District 6 (East Central),CEDAR RAPIDS,LINN,I-380,I-380 & CENTER POINT RD NE,Collision with:  Vehicle in traffic,On Roadway,Broadside (front to side),Ran Traffic Signal,None Indicated,,Daylight,Wet,Cloudy,None apparent,Intersection:  Four-way intersection,Paved,,Property Damage Only,0,0,0,0,0,0,9000,2,2,,POINT (-91.66799829641 42.027934921354)
2014816460,S14-8926,09/04/2014,09-September,5-Thursday,19:59,1900 Hours,District 3 (Northwest),,WOODBURY,US 20,US 20 & Co Rd K39/CARROLL AVE,Collision with:  Animal,,,Animal,None Indicated,,,,,,,Paved,,Property Damage Only,0,0,0,0,0,0,5000,1,1,,POINT (-96.282600251843 42.475280578722)
2014815393,20140026167,09/04/2014,09-September,5-Thursday,19:00,1900 Hours,District 1 (Central),DES MOINES,POLK,US 69,US 69/JOHNSON CT & E COURT AVE,Collision with:  Vehicle in traffic,On Roadway,Broadside (front to side),Ran Traffic Signal,None Indicated,,Dusk,Dry,Clear,None apparent,Intersection:  Four-way intersection,Paved,,Possible/Unknown,0,1,0,0,1,0,6000,2,4,,POINT (-93.595277362961 41.589683726334)
2014815838,14-004082,09/04/2014,09-September,5-Thursday,15:00,1500 Hours,District 3 (Northwest),ROCK RAPIDS,LYON,,MILL POND RD,Collision with fixed object:  Mailbox,Roadside,Non-collision (single vehicle),Ran off road - right,None Indicated,,Daylight,Dry,Clear,None apparent,Non-intersection:  Non-junction/no special feature,Paved,,Property Damage Only,0,0,0,0,0,0,1600,1,1,,POINT (-96.163864047488 43.416038781766)
2014817525,14-027532,09/04/2014,09-September,5-Thursday,22:00,2200 Hours,District 5 (Southeast),,LEE,,260 AVE,Collision with:  Animal,,,Animal,None Indicated,,,,,,,Unpaved,,Property Damage Only,0,0,0,0,0,0,3500,1,1,,POINT (-91.410640863553 40.787732854618)
2014817076,,09/04/2014,09-September,5-Thursday,00:01,0000 Hours,District 6 (East Central),DE WITT,CLINTON,,6TH AVE,Collision with fixed object:  Other fixed object (explain in narrative),Outside trafficway,Non-collision (single vehicle),Other (explain in narrative):  Other,None Indicated,,Dark - unknown roadway lighting,Unknown,Clear,Unknown,Non-intersection:  Driveway access (within),Paved,,Property Damage Only,0,0,0,0,0,0,20000,1,1,,POINT (-90.538954992318 41.822941492746)
2014815379,14-1078,09/04/2014,09-September,5-Thursday,16:39,1600 Hours,District 1 (Central),CLIVE,POLK,I-35,I-35,Collision with:  Vehicle in traffic,On Roadway,Rear-end (front to rear),Followed too close,None Indicated,,Daylight,Dry,Clear,None apparent,"Interchange-related:  Off-ramp, diverge area",Paved,,Property Damage Only,0,0,0,0,0,0,6800,2,2,,POINT (-93.776853832979 41.612775506796)