Iowa DOT Case Number,Law Enforcement Case Number,Date of Crash,Month of Crash,Day of Week,Time of Crash,Hour,DOT District,City Name,County Name,Route with System,Location Description,First Harmful Event,Location of First Harmful Event,Manner of Crash/Collision,Major Cause,Drug or Alcohol ,Environmental Conditions,Light Conditions,Surface Conditions,Weather Conditions,Roadway Contribution,Roadway Type,Roadway Surface,Work Zone,Crash Severity,Number of Fatalities,Number of Injuries,Number of Major Injuries,Number of Minor Injuries,Number of Possible Injuries,Number of Unknown Injuries,Amount of Property Damage,Number of Vehicles Involved,Total Number of Occupants,Travel Direction,Location
2014816153,14-004164,09/06/2014,09-September,7-Saturday,08:51,0800 Hours,District 1 (Central),AMES,STORY,US 69,US 69/S DUFF AVE,Collision with:  Vehicle in traffic,On Roadway,"Sideswipe, same direction",Other (explain in narrative):  Other,None Indicated,,Daylight,Dry,Clear,None apparent,Non-intersection:  Other non-intersection (explain in narrative),Paved,,Possible/Unknown,0,1,0,0,1,0,3000,2,5,,POINT (-93.610335945856 42.016010383776)
2014815690,CL14003189,09/06/2014,09-September,7-Saturday,06:30,0600 Hours,District 6 (East Central),CLINTON,CLINTON,,BRIARCLIFF LN,Collision with:  Parked motor vehicle,On Roadway,Rear-end (front to rear),Unknown,None Indicated,,Unknown,Unknown,Unknown,Unknown,Non-intersection:  Non-junction/no special feature,Paved,,Property Damage Only,0,0,0,0,0,0,2000,2,1,,POINT (-90.211743197192 41.8332282254)
2014816669,14-0767,09/06/2014,09-September,7-Saturday,00:46,0000 Hours,District 1 (Central),WINDSOR HEIGHTS,POLK,,73RD ST,Collision with:  Vehicle in traffic,On Roadway,Broadside (front to side),FTYROW:  From stop sign,None Indicated,,Dark - roadway lighted,Dry,Clear,None apparent,Non-intersection:  Driveway access (within),Paved,,Property Damage Only,0,0,0,0,0,0,2000,2,2,,POINT (-93.717994429241 41.599692428723)
2014815596,20140026350,09/06/2014,09-September,7-Saturday,14:40,1400 Hours,District 1 (Central),DES MOINES,POLK,,UNIVERSITY AVE & 42ND ST,Collision with:  Vehicle in traffic,On Roadway,Rear-end (front to rear),FTYROW:  Other (explain in narrative),None Indicated,,Daylight,Dry,Clear,None apparent,Intersection:  Four-way intersection,Paved,,Property Damage Only,0,0,0,0,0,0,2500,2,2,,POINT (-93.674394378923 41.600352776407)
2014816203,14089949,09/06/2014,09-September,7-Saturday,15:59,1500 Hours,District 2 (Northeast),CEDAR FALLS,BLACK HAWK,,6TH ST & CLAY ST,Collision with:  Vehicle in traffic,On Roadway,Broadside (front to side),Ran Stop Sign,None Indicated,,Daylight,Dry,Clear,None apparent,Intersection:  Four-way intersection,Paved,,Property Damage Only,0,0,0,0,0,0,8000,2,3,,POINT (-92.448167379165 42.533226077713)
2014815688,RH-09062014,09/06/2014,09-September,7-Saturday,19:50,1900 Hours,District 5 (Southeast),OSCEOLA,CLARKE,US 69,US 69/N MAIN ST,Collision with:  Animal,,,Animal,None Indicated,,,,,,,Paved,,Property Damage Only,0,0,0,0,0,0,2000,1,1,,POINT (-93.764772575821 41.051213772525)
2014815722,N14000473,09/06/2014,09-September,7-Saturday,18:00,1800 Hours,District 6 (East Central),NORTH LIBERTY,JOHNSON,,HWY 965 & COMMUNITY DR,Collision with fixed object:  Traffic sign support,On Roadway,Non-collision (single vehicle),Swerving/Evasive Action,None Indicated,,Daylight,Dry,Clear,None apparent,Intersection:  Four-way intersection,Paved,,Property Damage Only,0,0,0,0,0,0,1600,1,1,,POINT (-91.607579532705 41.750851803981)
2014815731,2014-18439,09/06/2014,09-September,7-Saturday,12:02,1200 Hours,District 6 (East Central),PRINCETON,SCOTT,,CHESTNUT ST & 4TH ST,Collision with:  Parked motor vehicle,On Roadway,Broadside (front to side),FTYROW:  From driveway,None Indicated,,Daylight,Dry,Clear,None apparent,Non-intersection:  Driveway access (within),Paved,,Property Damage Only,0,0,0,0,0,0,2500,2,6,,POINT (-90.343684918587 41.671161546079)
2014815606,20140026335,09/06/2014,09-September,7-Saturday,11:57,1100 Hours,District 1 (Central),DES MOINES,POLK,,E PARK AVE & SE 4TH ST,Collision with:  Vehicle in traffic,On Roadway,Rear-end (front to rear),Exceeded authorized speed,None Indicated,,Daylight,Dry,Cloudy,None apparent,Non-intersection:  Other non-intersection (explain in narrative),Paved,,Property Damage Only,0,0,0,0,0,0,2700,2,3,,POINT (-93.609208469714 41.555383093788)
2014816462,S14-8980,09/06/2014,09-September,7-Saturday,01:04,0100 Hours,District 3 (Northwest),SIOUX CITY,WOODBURY,,CORRECTIONVILLE RD,Collision with:  Other non-fixed object (explain in narrative),Outside trafficway,Non-collision (single vehicle),Exceeded authorized speed,Alcohol (Statutory),,Dark - roadway not lighted,Dry,Clear,None apparent,Non-intersection:  Non-junction/no special feature,Paved,,Property Damage Only,0,0,0,0,0,0,6300,1,2,,POINT (-96.30509034751 42.496271534701)
2014815729,146638,09/06/2014,09-September,7-Saturday,18:51,1800 Hours,District 4 (Southwest),,DALLAS,IA 141,IA 141/IOWA 141,Collision with:  Vehicle in traffic,On Roadway,Rear-end (front to rear),FTYROW:  At uncontrolled intersection,None Indicated,,Daylight,Dry,Clear,None apparent,Non-intersection:  Crossover-related,Paved,,Minor Injury,0,1,0,1,0,0,16000,2,2,,POINT (-93.89884155762 41.803366189653)
2014815605,20140026332,09/06/2014,09-September,7-Saturday,11:20,1100 Hours,District 1 (Central),DES MOINES,POLK,US 6,US 6/FREDERICK M HUBBELL AVE,Collision with:  Vehicle in traffic,On Roadway,Rear-end (front to rear),Followed too close,None Indicated,,Daylight,Dry,Cloudy,None apparent,Non-intersection:  Other non-intersection (explain in narrative),Paved,,Possible/Unknown,0,1,0,0,1,0,4000,2,2,,POINT (-93.544331000001 41.629261800139)
2014817172,2014-62937,09/06/2014,09-September,7-Saturday,20:43,2000 Hours,District 6 (East Central),DAVENPORT,SCOTT,,NORTHWEST BLVD,Collision with:  Vehicle in traffic,On Roadway,Broadside (front to side),Unknown,None Indicated,,Dark - roadway not lighted,Dry,Clear,None apparent,Non-intersection:  Non-junction/no special feature,Paved,,Property Damage Only,0,0,0,0,0,0,6000,2,2,,POINT (-90.58359586677 41.566366183548)
2014815515,W14-089851,09/06/2014,09-September,7-Saturday,07:57,0700 Hours,District 2 (Northeast),WATERLOO,BLACK HAWK,,W RIDGEWAY AVE & PROSPECT BLVD,Collision with:  Vehicle in traffic,On Roadway,"Angle, oncoming left turn",Ran Stop Sign,None Indicated,,Daylight,Dry,Clear,None apparent,Intersection:  Four-way intersection,Paved,,Property Damage Only,0,0,0,0,0,0,6600,2,2,,POINT (-92.367068096522 42.469414813929)
2014815525,13626-14,09/06/2014,09-September,7-Saturday,11:05,1100 Hours,District 3 (Northwest),SPENCER,CLAY,US 18,US 18/N GRAND AVE & W 7TH ST & E 7TH ST,Collision with:  Vehicle in traffic,On Roadway,Rear-end (front to rear),"Operating vehicle in an reckless, erratic, careless, negligent manner",None Indicated,,Daylight,Dry,Cloudy,None apparent,Non-intersection:  Non-junction/no special feature,Paved,,Property Damage Only,0,0,0,0,0,0,2600,2,6,,POINT (-95.144814962179 43.143730906311)
2014815805,W14-089979,09/06/2014,09-September,7-Saturday,17:50,1700 Hours,District 2 (Northeast),WATERLOO,BLACK HAWK,US 63,US 63/E MULLAN AVE & CONGER ST & NEWELL ST,Collision with:  Vehicle in traffic,On Roadway,"Sideswipe, same direction",FTYROW:  Making right turn on red signal,None Indicated,,Daylight,Dry,Clear,Work Zone (roadway-related),Intersection:  Four-way intersection,Paved,Yes,Property Damage Only,0,0,0,0,0,0,2400,3,5,,POINT (-92.336717692757 42.513182684565)
2014815966,14-037789,09/06/2014,09-September,7-Saturday,02:45,0200 Hours,District 5 (Southeast),MUSCATINE,MUSCATINE,,E 8TH ST,Collision with:  Parked motor vehicle,Roadside,Rear-end (front to rear),Unknown,None Indicated,,Dark - unknown roadway lighting,Dry,Clear,None apparent,Non-intersection:  Non-junction/no special feature,Paved,,Property Damage Only,0,0,0,0,0,0,2500,3,1,,POINT (-91.045823326205 41.428605552993)
2014815717,14-17252,09/06/2014,09-September,7-Saturday,03:27,0300 Hours,District 2 (Northeast),,BREMER,,Co Rd V14/EUCLID AVE,Collision with:  Animal,,,Animal,None Indicated,,,,,,,Paved,,Property Damage Only,0,0,0,0,0,0,3000,1,1,,POINT (-92.465576263865 42.784456660616)
2014815514,W14-090080,09/06/2014,09-September,7-Saturday,21:10,2100 Hours,District 2 (Northeast),WATERLOO,BLACK HAWK,,HOWARD AVE & MINNESOTA ST,Collision with:  Parked motor vehicle,On Roadway,Rear-end (front to rear),Other (explain in narrative):  Other,Refused,,Dark - unknown roadway lighting,Dry,Clear,None apparent,Non-intersection:  Non-junction/no special feature,Paved,,Property Damage Only,0,0,0,0,0,0,8500,2,1,,POINT (-92.330032834947 42.471176597503)
2014815593,20140026323,09/06/2014,09-September,7-Saturday,09:44,0900 Hours,District 1 (Central),DES MOINES,POLK,US 69,US 69/SE 14TH ST & E ARMY POST RD,Collision with:  Vehicle in traffic,On Roadway,Rear-end (front to rear),Unknown,Drug,,Daylight,Dry,Clear,None apparent,Intersection:  Four-way intersection,Paved,,Possible/Unknown,0,2,0,0,2,0,14000,3,4,,POINT (-93.596805251732 41.526264386848)
2014823067,SA1407433,09/06/2014,09-September,7-Saturday,19:38,1900 Hours,District 5 (Southeast),,WASHINGTON,,Co Rd G20/170TH ST,Collision with fixed object:  Ditch,On Roadway,Non-collision (single vehicle),Ran off road - right,Alcohol (Statutory),,Dusk,Dry,Clear,None apparent,Non-intersection:  Non-junction/no special feature,Paved,,Major Injury,0,1,1,0,0,0,5000,1,1,,POINT (-91.732397645157 41.410028595631)
2014815597,20140026358,09/06/2014,09-September,7-Saturday,15:20,1500 Hours,District 1 (Central),DES MOINES,POLK,US 69,US 69/SE 14TH ST & E PARK AVE,Collision with:  Vehicle in traffic,On Roadway,Head-on (front to front),Other (explain in narrative):  Other,None Indicated,,Daylight,Dry,Clear,None apparent,Non-intersection:  Non-junction/no special feature,Paved,,Property Damage Only,0,0,0,0,0,0,3000,2,3,,POINT (-93.596784516572 41.555304127674)
2014815627,14-4440,09/06/2014,09-September,7-Saturday,21:49,2100 Hours,District 1 (Central),WEST DES MOINES,POLK,I-35,I-35,Collision with:  Vehicle in traffic,On Roadway,Rear-end (front to rear),Followed too close,None Indicated,,Dark - roadway lighted,Dry,Clear,Work Zone (roadway-related),Interchange-related:  On-ramp merge area,Paved,Yes,Property Damage Only,0,0,0,0,0,0,1800,2,3,,POINT (-93.775976586759 41.560584602622)
2014815545,14134449,09/06/2014,09-September,7-Saturday,09:25,0900 Hours,District 6 (East Central),,JOHNSON,IA 1,IA 1/IOWA 1 & Co Rd F52/BLACK DIAMOND RD,Collision with:  Vehicle in traffic,On Roadway,Rear-end (front to rear),Followed too close,None Indicated,,Daylight,Dry,Clear,None apparent,Non-intersection:  Non-junction/no special feature,Paved,,Property Damage Only,0,0,0,0,0,0,3000,2,4,,POINT (-91.637541127783 41.616981734347)
2014826625,14-020899,09/06/2014,09-September,7-Saturday,01:21,0100 Hours,District 5 (Southeast),,MAHASKA,,295TH ST & INDEPENDENCE AVE,Non-collision events:  Overturn/rollover,On Roadway,Non-collision (single vehicle),Ran off road - right,None Indicated,,Dark - roadway not lighted,Wet,Cloudy,"Surface condition (e.g., wet, icy)",Non-intersection:  Non-junction/no special feature,Unpaved,,Property Damage Only,0,0,0,0,0,0,6000,1,3,,POINT (-92.709308834654 41.223005504139)
2014815899,2014-62843,09/06/2014,09-September,7-Saturday,13:01,1300 Hours,District 6 (East Central),DAVENPORT,SCOTT,,IA 461/BRADY ST & W 4TH ST & E 4TH ST,Collision with:  Vehicle in traffic,On Roadway,"Sideswipe, same direction",Made improper turn,None Indicated,,Daylight,Dry,Clear,None apparent,Intersection:  Four-way intersection,Paved,,Property Damage Only,0,0,0,0,0,0,2100,2,4,,POINT (-90.574082267647 41.523511439559)
2014815571,14-005284,09/06/2014,09-September,7-Saturday,22:50,2200 Hours,District 3 (Northwest),,OBRIEN,,Co Rd B40/390TH ST,Collision with:  Animal,On Roadway,Non-collision (single vehicle),Animal,None Indicated,,Dark - roadway not lighted,Dry,Clear,None apparent,Non-intersection:  Non-junction/no special feature,Paved,,Minor Injury,0,1,0,1,0,0,3500,1,1,,POINT (-95.719144258373 43.084415354292)
2014815700,14-31805,09/06/2014,09-September,7-Saturday,04:00,0400 Hours,District 5 (Southeast),BURLINGTON,DES MOINES,,ASPEN DR,Collision with:  Vehicle in traffic,On Roadway,Rear-end (front to rear),Driver Distraction:  Reaching for object(s)/fallen object(s),None Indicated,,Dark - roadway lighted,Dry,Cloudy,None apparent,Non-intersection:  Non-junction/no special feature,Paved,,Property Damage Only,0,0,0,0,0,0,6000,2,1,,POINT (-91.133929829389 40.796578015596)
2014815922,2014-19393,09/06/2014,09-September,7-Saturday,11:15,1100 Hours,District 5 (Southeast),INDIANOLA,WARREN,,N 17TH ST,Collision with:  Non-motorist (see non-motorist section - NOT a unit),On Roadway,Non-collision (single vehicle),Other (explain in narrative):  No improper action,None Indicated,,Daylight,Dry,Clear,None apparent,Non-intersection:  Non-junction/no special feature,Paved,,Property Damage Only,0,0,0,0,0,0,1500,1,1,,POINT (-93.53728164571 41.363693447386)
2014815670,CL14003192,09/06/2014,09-September,7-Saturday,11:18,1100 Hours,District 6 (East Central),CLINTON,CLINTON,,VALLEY WEST CT & MANUFACTURING DR & VALLEY WEST DR,Collision with:  Vehicle in traffic,On Roadway,Head-on (front to front),Made improper turn,None Indicated,,Daylight,Dry,Clear,None apparent,Non-intersection:  Non-junction/no special feature,Paved,,Property Damage Only,0,0,0,0,0,0,5000,2,3,,POINT (-90.242702545106 41.820890766627)
2014817171,2014-62893,09/06/2014,09-September,7-Saturday,17:26,1700 Hours,District 6 (East Central),DAVENPORT,SCOTT,,W 3RD ST & N DIVISION ST,Non-collision events:  Other non-collision (explain in narrative),On Roadway,Non-collision (single vehicle),FTYROW:  Making left turn,None Indicated,,Daylight,Dry,Cloudy,None apparent,Intersection:  Four-way intersection,Paved,,Minor Injury,0,1,0,1,0,0,1500,2,3,,POINT (-90.601186970121 41.522324069453)
2014815592,20140026322,09/06/2014,09-September,7-Saturday,09:45,0900 Hours,District 1 (Central),DES MOINES,POLK,,E PAYTON AVE & INDIANOLA AVE,Collision with:  Vehicle in traffic,On Roadway,Rear-end (front to rear),Followed too close,None Indicated,,Daylight,Dry,Clear,None apparent,Non-intersection:  Non-junction/no special feature,Paved,,Possible/Unknown,0,1,0,0,0,1,7500,2,5,,POINT (-93.577455671554 41.529867036605)
2014815950,09-14-041,09/06/2014,09-September,7-Saturday,09:55,0900 Hours,District 3 (Northwest),LE MARS,PLYMOUTH,,4TH ST SW & 7TH AVE SW,Collision with:  Vehicle in traffic,On Roadway,Broadside (front to side),FTYROW:  At uncontrolled intersection,None Indicated,,Daylight,Dry,Clear,None apparent,Intersection:  Four-way intersection,Paved,,Property Damage Only,0,0,0,0,0,0,6000,2,5,,POINT (-96.176739556483 42.788165914195)
2014815915,2014-62745,09/06/2014,09-September,7-Saturday,02:13,0200 Hours,District 6 (East Central),DAVENPORT,SCOTT,,W LOCUST ST & GAINES ST,Collision with:  Vehicle in traffic,On Roadway,"Angle, oncoming left turn",FTYROW:  Making left turn,None Indicated,,Dark - roadway lighted,Dry,Cloudy,None apparent,Intersection:  Four-way intersection,Paved,,Possible/Unknown,0,1,0,0,1,0,5500,2,10,,POINT (-90.58275042785 41.538221428572)
2014816156,14-004173,09/06/2014,09-September,7-Saturday,18:31,1800 Hours,District 1 (Central),AMES,STORY,,LINCOLN WAY & MC DONALD DR & DOTSON DR,Collision with:  Vehicle in traffic,On Roadway,Rear-end (front to rear),Driving too fast for conditions,None Indicated,,Daylight,Dry,Clear,None apparent,Non-intersection:  Non-junction/no special feature,Paved,,Property Damage Only,0,0,0,0,0,0,4200,2,2,,POINT (-93.671412667408 42.022892644871)
2014817579,,09/06/2014,09-September,7-Saturday,15:43,1500 Hours,District 4 (Southwest),TABOR,FREMONT,US 275,US 275/MAIN ST & WAUBONSIE AVE,Collision with:  Vehicle in traffic,On Roadway,Broadside (front to side),Ran Stop Sign,None Indicated,,Daylight,Dry,Clear,"Surface condition (e.g., wet, icy)",Intersection:  Four-way intersection,Paved,Yes,Minor Injury,0,1,0,1,0,0,2500,2,2,,POINT (-95.671389475746 40.901457972665)
2014816693,2014-19416,09/06/2014,09-September,7-Saturday,18:33,1800 Hours,District 5 (Southeast),INDIANOLA,WARREN,US 65,US 65/N JEFFERSON WAY & E EUCLID AVE,Collision with:  Vehicle in traffic,On Roadway,Rear-end (front to rear),Lost Control,None Indicated,,Daylight,Dry,Clear,None apparent,Intersection:  Four-way intersection,Paved,,Property Damage Only,0,0,0,0,0,0,6000,2,6,,POINT (-93.558317645074 41.365665062889)
2014815679,14-037877,09/06/2014,09-September,7-Saturday,18:01,1800 Hours,District 5 (Southeast),MUSCATINE,MUSCATINE,,FULLIAM AVE,Collision with:  Parked motor vehicle,On Roadway,Rear-end (front to rear),Equipment failure,None Indicated,,Daylight,Dry,Clear,None apparent,Non-intersection:  Non-junction/no special feature,Paved,,Property Damage Only,0,0,0,0,0,0,6000,2,3,,POINT (-91.056492874651 41.430389583651)
2014818133,2014052035,09/06/2014,09-September,7-Saturday,13:45,1300 Hours,District 1 (Central),,JASPER,I-80,I-80,Collision with fixed object:  Guardrail - face,Median,Non-collision (single vehicle),Ran off road - left,None Indicated,,Daylight,Dry,Clear,None apparent,Non-intersection:  Non-junction/no special feature,Paved,,Property Damage Only,0,0,0,0,0,0,13000,1,1,,POINT (-92.855128732179 41.695094898931)
2014815680,14-037882,09/06/2014,09-September,7-Saturday,18:55,1800 Hours,District 5 (Southeast),MUSCATINE,MUSCATINE,,FULLIAM AVE,Collision with:  Vehicle in traffic,On Roadway,"Sideswipe, same direction",Other (explain in narrative):  Vision obstructed,None Indicated,,Dusk,Dry,Clear,None apparent,Non-intersection:  Non-junction/no special feature,Paved,,Property Damage Only,0,0,0,0,0,0,5500,2,1,,POINT (-91.056827801399 41.430395242642)
2014815646,14-2750,09/06/2014,09-September,7-Saturday,14:57,1400 Hours,District 1 (Central),FORT DODGE,WEBSTER,,N 20TH ST,Collision with:  Parked motor vehicle,Roadside,Unknown,Unknown,None Indicated,,Daylight,Dry,Clear,None apparent,Non-intersection:  Non-junction/no special feature,Paved,,Property Damage Only,0,0,0,0,0,0,1500,2,1,,POINT (-94.170599264082 42.515139154627)
2014815526,14-13679,09/06/2014,09-September,7-Saturday,22:29,2200 Hours,District 3 (Northwest),SPENCER,CLAY,US 18,US 18/N GRAND AVE,Collision with:  Vehicle in traffic,On Roadway,"Sideswipe, same direction",Other (explain in narrative):  Other,None Indicated,,Dark - roadway lighted,Dry,Clear,None apparent,Non-intersection:  Non-junction/no special feature,Paved,,Property Damage Only,0,0,0,0,0,0,6000,2,2,,POINT (-95.145231986859 43.148621501015)
2014816081,142717,09/06/2014,09-September,7-Saturday,09:24,0900 Hours,District 3 (Northwest),,CRAWFORD,US 30,US 30,Non-collision events:  Other non-collision (explain in narrative),On Roadway,Rear-end (front to rear),Followed too close,None Indicated,,Daylight,Dry,Clear,None apparent,Non-intersection:  Non-junction/no special feature,Paved,,Possible/Unknown,0,1,0,0,1,0,3000,2,3,,POINT (-95.208043273298 42.05397566626)
2014815779,2014052036,09/06/2014,09-September,7-Saturday,13:08,1300 Hours,District 1 (Central),,WEBSTER,,Co Rd D60/350TH ST & Co Rd P29/BAXTER AVE,Collision with:  Vehicle in traffic,On Roadway,Broadside (front to side),Crossed centerline (undivided),None Indicated,,Daylight,Dry,Clear,None apparent,Intersection:  Four-way intersection,Paved,,Minor Injury,0,1,0,1,0,0,2300,2,2,,POINT (-94.378980885932 42.281641968955)
2014815678,14-037846,09/06/2014,09-September,7-Saturday,12:18,1200 Hours,District 5 (Southeast),MUSCATINE,MUSCATINE,,E 5TH ST,Collision with:  Vehicle in traffic,On Roadway,Broadside (front to side),FTYROW:  At uncontrolled intersection,None Indicated,,Daylight,Dry,Clear,None apparent,Non-intersection:  Alley,Paved,,Property Damage Only,0,0,0,0,0,0,4500,2,5,,POINT (-91.032222864065 41.430769486399)
2014815750,2014009837,09/06/2014,09-September,7-Saturday,15:33,1500 Hours,District 6 (East Central),IOWA CITY,JOHNSON,,STEVENS DR & S GILBERT ST,Collision with:  Vehicle in traffic,On Roadway,Broadside (front to side),Ran Stop Sign,None Indicated,,Daylight,Dry,Clear,None apparent,Intersection:  Four-way intersection,Paved,,Property Damage Only,0,0,0,0,0,0,2000,2,3,,POINT (-91.533527269743 41.642911556177)
2014815918,14-10400,09/06/2014,09-September,7-Saturday,02:10,0200 Hours,District 3 (Northwest),,SIOUX,IA 10,IA 10/450TH ST,Non-collision events:  Overturn/rollover,Roadside,Non-collision (single vehicle),Crossed centerline (undivided),Alcohol (Statutory),,Dark - roadway not lighted,Dry,Clear,None apparent,Non-intersection:  Non-junction/no special feature,Paved,,Possible/Unknown,0,1,0,0,1,0,9075,1,1,,POINT (-96.145396249506 42.997174121474)
2014815598,20140026372,09/06/2014,09-September,7-Saturday,06:30,0600 Hours,District 1 (Central),DES MOINES,POLK,US 69,US 69/E 14TH ST & IA 163/E UNIVERSITY AVE,Collision with:  Vehicle in traffic,On Roadway,Rear-end (front to rear),Followed too close,None Indicated,,Daylight,Dry,Clear,None apparent,Non-intersection:  Non-junction/no special feature,Paved,,Property Damage Only,0,0,0,0,0,0,1500,2,3,,POINT (-93.600441639031 41.600600673698)
2014815951,09-14-046,09/06/2014,09-September,7-Saturday,14:40,1400 Hours,District 3 (Northwest),LE MARS,PLYMOUTH,IA 3,IA 3/PLYMOUTH ST & CENTRAL AVE,Collision with:  Vehicle in traffic,On Roadway,Broadside (front to side),FTYROW:  From parked position,None Indicated,,Daylight,Dry,Clear,None apparent,Non-intersection:  Non-junction/no special feature,Paved,,Property Damage Only,0,0,0,0,0,0,3500,2,4,,POINT (-96.166463348859 42.793061031702)
2014815551,14019014,09/06/2014,09-September,7-Saturday,20:59,2000 Hours,District 6 (East Central),MARION,LINN,IA 100,IA 100/COLLINS RD SE,Collision with:  Animal,On Roadway,Non-collision (single vehicle),Animal,None Indicated,,Dark - roadway not lighted,Dry,Clear,None apparent,Non-intersection:  Non-junction/no special feature,Paved,,Possible/Unknown,0,1,0,0,1,0,2000,1,2,,POINT (-91.571115415203 42.018952041782)
2014815987,S14-003542,09/06/2014,09-September,7-Saturday,15:00,1500 Hours,District 4 (Southwest),UNDERWOOD,POTTAWATTAMIE,,330TH ST & MAGNOLIA RD,Non-collision events:  Other non-collision (explain in narrative),On Roadway,Non-collision (single vehicle),Crossed centerline (undivided),None Indicated,,Daylight,Dry,Clear,None apparent,Non-intersection:  Non-junction/no special feature,Unpaved,,Major Injury,0,2,2,0,0,0,1000,1,2,,POINT (-95.555760822145 41.383430827269)
2014815898,2014-62805,09/06/2014,09-September,7-Saturday,08:44,0800 Hours,District 6 (East Central),DAVENPORT,SCOTT,,IA 461/HARRISON ST & W 12TH ST,Collision with:  Vehicle in traffic,On Roadway,Broadside (front to side),FTYROW:  From driveway,None Indicated,,Daylight,Dry,Cloudy,None apparent,Non-intersection:  Driveway access (within),Paved,,Property Damage Only,0,0,0,0,0,0,17000,2,2,,POINT (-90.57721832556 41.531962569081)
2014815682,14037842,09/06/2014,09-September,7-Saturday,11:48,1100 Hours,District 5 (Southeast),MUSCATINE,MUSCATINE,,FULLIAM AVE & WEST ACRE DR,Collision with:  Vehicle in traffic,On Roadway,Rear-end (front to rear),Followed too close,None Indicated,,Daylight,Dry,Cloudy,None apparent,Intersection:  T-intersection,Paved,,Possible/Unknown,0,1,0,0,1,0,4500,2,5,,POINT (-91.073848855026 41.431104898199)
2014815952,09-14-047,09/06/2014,09-September,7-Saturday,10:20,1000 Hours,District 3 (Northwest),LE MARS,PLYMOUTH,,1ST ST SE & 11TH AVE SE,Collision with:  Parked motor vehicle,On Roadway,"Sideswipe, same direction",Unknown,None Indicated,,Daylight,Dry,Unknown,None apparent,Non-intersection:  Non-junction/no special feature,Paved,,Property Damage Only,0,0,0,0,0,0,2500,2,1,,POINT (-96.149728118921 42.792388471655)
2014815625,14-4423,09/06/2014,09-September,7-Saturday,08:20,0800 Hours,District 1 (Central),WEST DES MOINES,POLK,,GILES ST & 28TH ST,Collision with:  Parked motor vehicle,On Roadway,Rear-end (front to rear),Other (explain in narrative):  Other,None Indicated,,Daylight,Dry,Clear,None apparent,Non-intersection:  Non-junction/no special feature,Paved,,Property Damage Only,0,0,0,0,0,0,3000,2,2,,POINT (-93.742620835345 41.577972696991)
2014815665,2014009846,09/06/2014,09-September,7-Saturday,18:41,1800 Hours,District 6 (East Central),IOWA CITY,JOHNSON,US 6,US 6 & KEOKUK ST,Collision with:  Vehicle in traffic,On Roadway,"Angle, oncoming left turn",Made improper turn,None Indicated,,Daylight,Dry,Clear,None apparent,Intersection:  Four-way intersection,Paved,,Property Damage Only,0,0,0,0,0,0,5500,2,2,,POINT (-91.524286651746 41.64321659578)
2014832317,14-027774,09/06/2014,09-September,7-Saturday,19:48,1900 Hours,District 5 (Southeast),,LEE,US 61,US 61,Collision with:  Animal,,,Animal,None Indicated,,,,,,,Paved,,Property Damage Only,0,0,0,0,0,0,2000,1,1,,POINT (-91.430971466656 40.556922847258)
2014816270,1420908,09/06/2014,09-September,7-Saturday,07:02,0700 Hours,District 5 (Southeast),OSKALOOSA,MAHASKA,,B AVE W,Collision with fixed object:  Utility pole/light support,On Roadway,Non-collision (single vehicle),Ran off road - right,None Indicated,,Daylight,Dry,Cloudy,None apparent,Non-intersection:  Alley,Paved,,Property Damage Only,0,0,0,0,0,0,14000,1,3,,POINT (-92.646846490297 41.297118283431)
2014816155,14-004169,09/06/2014,09-September,7-Saturday,16:15,1600 Hours,District 1 (Central),AMES,STORY,US 30,US 30/SE RAMP CURV,Collision with:  Vehicle in traffic,On Roadway,Rear-end (front to rear),Driving too fast for conditions,Alcohol (Statutory),,Daylight,Dry,Clear,None apparent,Non-intersection:  Non-junction/no special feature,Paved,,Possible/Unknown,0,1,0,0,1,0,2800,2,3,,POINT (-93.606380532731 42.005205416602)
2014815936,14-29359,09/06/2014,09-September,7-Saturday,02:00,0200 Hours,District 3 (Northwest),SIOUX CITY,WOODBURY,,S CASSELMAN ST,Collision with:  Parked motor vehicle,On Roadway,"Sideswipe, opposite direction",Unknown,None Indicated,,Dark - roadway not lighted,Dry,Clear,None apparent,Non-intersection:  Non-junction/no special feature,Paved,,Property Damage Only,0,0,0,0,0,0,2000,2,1,,POINT (-96.442684101585 42.496925708883)
2014815940,14-29397,09/06/2014,09-September,7-Saturday,16:10,1600 Hours,District 3 (Northwest),SIOUX CITY,WOODBURY,,W 7TH ST & PERRY ST & WESLEY PKWY,Collision with:  Vehicle in traffic,On Roadway,"Angle, oncoming left turn",FTYROW:  Making left turn,None Indicated,,Daylight,Dry,Clear,None apparent,Intersection:  Four-way intersection,Paved,,Property Damage Only,0,0,0,0,0,0,1800,2,4,,POINT (-96.409764904853 42.499072573129)