Iowa DOT Case Number,Law Enforcement Case Number,Date of Crash,Month of Crash,Day of Week,Time of Crash,Hour,DOT District,City Name,County Name,Route with System,Location Description,First Harmful Event,Location of First Harmful Event,Manner of Crash/Collision,Major Cause,Drug or Alcohol ,Environmental Conditions,Light Conditions,Surface Conditions,Weather Conditions,Roadway Contribution,Roadway Type,Roadway Surface,Work Zone,Crash Severity,Number of Fatalities,Number of Injuries,Number of Major Injuries,Number of Minor Injuries,Number of Possible Injuries,Number of Unknown Injuries,Amount of Property Damage,Number of Vehicles Involved,Total Number of Occupants,Travel Direction,Location
2014815730,146642,09/06/2014,09-September,7-Saturday,21:00,2100 Hours,District 4 (Southwest),,DALLAS,,XAVIER AVE,Collision with fixed object:  Utility pole/light support,Roadside,Non-collision (single vehicle),Driving too fast for conditions,None Indicated,,Dark - roadway not lighted,"Mud, dirt",Clear,None apparent,Non-intersection:  Other non-intersection (explain in narrative),Unpaved,,Property Damage Only,0,0,0,0,0,0,6000,1,2,,POINT (-93.821342455499 41.731593822641)
2014815599,20140026376,09/06/2014,09-September,7-Saturday,18:45,1800 Hours,District 1 (Central),DES MOINES,POLK,,CLEVELAND AVE,Collision with:  Parked motor vehicle,On Roadway,Rear-end (front to rear),Other (explain in narrative):  Vision obstructed,None Indicated,,Dusk,Dry,Clear,None apparent,Non-intersection:  Non-junction/no special feature,Paved,,Property Damage Only,0,0,0,0,0,0,3000,2,1,,POINT (-93.602583165311 41.605066063292)
2014815985,S14-003534,09/06/2014,09-September,7-Saturday,03:10,0300 Hours,District 4 (Southwest),,POTTAWATTAMIE,,Co Rd L20/OLD LINCOLN HWY & OAK VALLEY RD,Collision with fixed object:  Ditch,On Roadway,Non-collision (single vehicle),Crossed centerline (undivided),Drug,,Dark - roadway not lighted,Dry,"Fog, smoke, smog",None apparent,Non-intersection:  Non-junction/no special feature,Paved,,Minor Injury,0,2,0,2,0,0,35000,1,2,,POINT (-95.85477196905 41.34559489909)
2014820673,AC13-056,09/06/2014,09-September,7-Saturday,11:10,1100 Hours,District 4 (Southwest),HARLAN,SHELBY,,DURANT ST & 6TH ST,Collision with:  Vehicle in traffic,On Roadway,Broadside (front to side),FTYROW:  From stop sign,None Indicated,,Daylight,Dry,Unknown,None apparent,Intersection:  Four-way intersection,Paved,,Possible/Unknown,0,1,0,0,1,0,3500,2,3,,POINT (-95.317728811904 41.656787423114)
2014817718,14-004161,09/06/2014,09-September,7-Saturday,02:30,0200 Hours,District 1 (Central),AMES,STORY,,BRISTOL DR & KENT AVE,Collision with:  Parked motor vehicle,On Roadway,Rear-end (front to rear),Exceeded authorized speed,Refused,,Dark - roadway lighted,Dry,Clear,None apparent,Non-intersection:  Non-junction/no special feature,Paved,,Possible/Unknown,0,1,0,0,0,1,20000,2,1,,POINT (-93.640809880594 42.047475334196)
2014815699,14-31794,09/06/2014,09-September,7-Saturday,09:29,0900 Hours,District 5 (Southeast),BURLINGTON,DES MOINES,,WEST AVE,Collision with:  Vehicle in traffic,On Roadway,Rear-end (front to rear),Followed too close,None Indicated,,Daylight,Dry,Cloudy,None apparent,Intersection:  T-intersection,Paved,,Minor Injury,0,1,0,1,0,0,8000,2,2,,POINT (-91.13498553955 40.800360370026)
2014815916,2014-62777,09/06/2014,09-September,7-Saturday,03:58,0300 Hours,District 6 (East Central),DAVENPORT,SCOTT,,COLLEGE AVE,Collision with:  Vehicle in traffic,Outside trafficway,Unknown,Unknown,None Indicated,,Dark - roadway lighted,Dry,Cloudy,None apparent,Non-intersection:  Non-junction/no special feature,Paved,,Property Damage Only,0,0,0,0,0,0,1500,2,1,,POINT (-90.556454262313 41.530487249067)
2014817260,CL14003194,09/06/2014,09-September,7-Saturday,18:55,1800 Hours,District 6 (East Central),CLINTON,CLINTON,,28TH AVE N,Collision with fixed object:  Tree,Outside trafficway,Non-collision (single vehicle),Exceeded authorized speed,None Indicated,,Daylight,Dry,Clear,None apparent,Non-intersection:  Non-junction/no special feature,Paved,,Possible/Unknown,0,1,0,0,1,0,5000,1,1,,POINT (-90.189764112622 41.878387051348)
2014826658,,09/06/2014,09-September,7-Saturday,13:00,1300 Hours,District 2 (Northeast),,WINNESHIEK,IA 9,IA 9/IOWA 9,Collision with:  Vehicle in traffic,On Roadway,Broadside (front to side),"Operating vehicle in an reckless, erratic, careless, negligent manner",None Indicated,,Daylight,Dry,Cloudy,None apparent,Intersection:  T-intersection,Paved,,Property Damage Only,0,0,0,0,0,0,6000,2,3,,POINT (-91.709378180581 43.251467156865)
2014815673,14-037890,09/06/2014,09-September,7-Saturday,13:19,1300 Hours,District 4 (Southwest),COUNCIL BLUFFS,POTTAWATTAMIE,,W BROADWAY & S MAIN ST & N MAIN ST,Collision with:  Vehicle in traffic,On Roadway,Broadside (front to side),Unknown,None Indicated,,Daylight,Dry,Clear,None apparent,Non-intersection:  Non-junction/no special feature,Paved,,Property Damage Only,0,0,0,0,0,0,4000,2,3,,POINT (-95.849716107642 41.260880839383)
2014815957,14-17388,09/06/2014,09-September,7-Saturday,17:04,1700 Hours,District 6 (East Central),BETTENDORF,SCOTT,US 67,US 67/STATE ST & 18TH ST,Collision with:  Vehicle in traffic,On Roadway,"Angle, oncoming left turn",FTYROW:  Making left turn,None Indicated,,Daylight,Dry,Clear,None apparent,Intersection:  Four-way intersection,Paved,,Property Damage Only,0,0,0,0,0,0,7000,2,2,,POINT (-90.507273421711 41.525279163235)
2014815520,W14-089885,09/06/2014,09-September,7-Saturday,11:10,1100 Hours,District 2 (Northeast),WATERLOO,BLACK HAWK,IA 934,IA 934/UNIVERSITY AVE & MIDWAY DR,Collision with:  Vehicle in traffic,On Roadway,"Angle, oncoming left turn",FTYROW:  Making left turn,None Indicated,,Daylight,Dry,Clear,None apparent,Intersection:  Four-way intersection,Paved,,Property Damage Only,0,0,0,0,0,0,6000,2,3,,POINT (-92.406332503019 42.505711379428)
2014815697,14089847,09/06/2014,09-September,7-Saturday,07:45,0700 Hours,District 2 (Northeast),CEDAR FALLS,BLACK HAWK,,CRESCENT DR & MAGNOLIA DR,Collision with:  Vehicle in traffic,On Roadway,Broadside (front to side),Ran Stop Sign,None Indicated,,Daylight,Dry,Clear,None apparent,Intersection:  Four-way intersection,Paved,,Property Damage Only,0,0,0,0,0,0,12000,2,3,,POINT (-92.474737163499 42.53760167782)
2014815608,20140026388,09/06/2014,09-September,7-Saturday,22:15,2200 Hours,District 1 (Central),DES MOINES,POLK,,FRONTAGE RD & FRONTAGE RD CONN,Collision with fixed object:  Curb/island/raised median,Outside trafficway,Non-collision (single vehicle),Crossed centerline (undivided),None Indicated,,Dark - roadway lighted,Dry,Clear,None apparent,Intersection:  T-intersection,Paved,,Property Damage Only,0,0,0,0,0,0,1500,1,1,,POINT (-93.697351050251 41.648350183349)
2014816038,2014052049,09/06/2014,09-September,7-Saturday,15:59,1500 Hours,District 6 (East Central),IOWA CITY,JOHNSON,I-80,I-80,Collision with fixed object:  Guardrail - face,Shoulder,Non-collision (single vehicle),Swerving/Evasive Action,None Indicated,,Daylight,Dry,Clear,None apparent,Non-intersection:  Non-junction/no special feature,Paved,,Property Damage Only,0,0,0,0,0,0,5500,1,1,,POINT (-91.552468676252 41.685546965372)
2014815618,20140026302,09/06/2014,09-September,7-Saturday,01:23,0100 Hours,District 1 (Central),DES MOINES,POLK,IA 163,IA 163/E UNIVERSITY AVE & E 29TH ST,Collision with fixed object:  Curb/island/raised median,On Roadway,Broadside (front to side),Ran Stop Sign,None Indicated,,Dark - roadway lighted,Dry,Clear,None apparent,Intersection:  Four-way intersection,Paved,,Property Damage Only,0,0,0,0,0,0,2000,2,2,,POINT (-93.56115309523 41.600501916527)
2014816523,2014052099,09/06/2014,09-September,7-Saturday,21:08,2100 Hours,District 4 (Southwest),,POTTAWATTAMIE,,Co Rd G6L/HUNT AVE,Collision with fixed object:  Ditch,On Roadway,Head-on (front to front),Crossed centerline (undivided),Under Influence of Alcohol/Drugs/Medications,,Dark - roadway not lighted,"Mud, dirt",Clear,None apparent,Non-intersection:  Non-junction/no special feature,Unpaved,,Minor Injury,0,2,0,1,0,1,9400,2,6,,POINT (-95.748879721354 41.301737897278)
2014815897,2014-62737,09/06/2014,09-September,7-Saturday,00:18,0000 Hours,District 6 (East Central),DAVENPORT,SCOTT,,IA 461/BRADY ST & W LOCUST ST & E LOCUST ST,Collision with:  Vehicle in traffic,On Roadway,Rear-end (front to rear),Followed too close,None Indicated,,Dark - roadway lighted,Dry,Cloudy,None apparent,Non-intersection:  Non-junction/no special feature,Paved,,Possible/Unknown,0,1,0,0,1,0,200,2,3,,POINT (-90.573974005406 41.538270671347)
2014817119,14020926,09/06/2014,09-September,7-Saturday,14:46,1400 Hours,District 5 (Southeast),OSKALOOSA,MAHASKA,IA 92,IA 92/A AVE W & N L ST,Collision with:  Vehicle in traffic,On Roadway,Rear-end (front to rear),Followed too close,None Indicated,,Daylight,Dry,Cloudy,None apparent,Non-intersection:  Non-junction/no special feature,Paved,,Property Damage Only,0,0,0,0,0,0,4000,2,3,,POINT (-92.659201526915 41.296200702072)
2014815577,14-5865,09/06/2014,09-September,7-Saturday,19:45,1900 Hours,District 1 (Central),DES MOINES,POLK,IA 28,IA 28/MERLE HAY RD,Collision with:  Vehicle in traffic,On Roadway,Rear-end (front to rear),Other (explain in narrative):  Other,None Indicated,,Daylight,Dry,Clear,None apparent,Intersection:  Four-way intersection,Paved,,Property Damage Only,0,0,0,0,0,0,3000,2,2,,POINT (-93.697658772575 41.650158750766)
2014816463,S14-8999,09/06/2014,09-September,7-Saturday,16:22,1600 Hours,District 3 (Northwest),MOVILLE,WOODBURY,US 20,US 20,Non-collision events:  Overturn/rollover,On Roadway,Non-collision (single vehicle),Swerving/Evasive Action,None Indicated,,Daylight,Dry,Clear,None apparent,Non-intersection:  Non-junction/no special feature,Paved,,Major Injury,0,3,2,1,0,0,0,1,3,,POINT (-96.032130070801 42.482061306976)
2014816158,14-0497,09/06/2014,09-September,7-Saturday,21:58,2100 Hours,District 1 (Central),LEHIGH,WEBSTER,,Co Rd P6D/SAMSON AVE,Collision with:  Animal,On Roadway,Non-collision (single vehicle),Animal,None Indicated,,Dark - roadway not lighted,Dry,Clear,None apparent,Non-intersection:  Non-junction/no special feature,Paved,,Property Damage Only,0,0,0,0,0,0,18500,1,4,,POINT (-94.039687442723 42.391554060337)
2014815792,GP14-0139,09/06/2014,09-September,7-Saturday,15:56,1500 Hours,District 2 (Northeast),GOLDFIELD,WRIGHT,,WATER ST,Collision with:  Vehicle in traffic,Shoulder,Rear-end (front to rear),Other (explain in narrative):  No improper action,None Indicated,,Daylight,Dry,Clear,None apparent,Non-intersection:  Driveway access (within),Paved,,Property Damage Only,0,0,0,0,0,0,2000,2,1,,POINT (-93.917887161358 42.730397166366)
2014815904,2014-63834,09/06/2014,09-September,7-Saturday,11:46,1100 Hours,District 6 (East Central),DAVENPORT,SCOTT,US 6,US 6/W KIMBERLY RD,Collision with:  Vehicle in traffic,On Roadway,Rear-end (front to rear),Followed too close,None Indicated,,Daylight,Dry,Clear,None apparent,Non-intersection:  Non-junction/no special feature,Paved,,Property Damage Only,0,0,0,0,0,0,4200,2,4,,POINT (-90.613013377456 41.560172145218)
2014816752,01-14-037512,09/06/2014,09-September,7-Saturday,12:48,1200 Hours,District 6 (East Central),DUBUQUE,DUBUQUE,,E 16TH ST & ELM ST,Collision with:  Vehicle in traffic,On Roadway,Unknown,Disregarded RR Signal,None Indicated,,Daylight,Dry,Clear,None apparent,Non-intersection:  Railroad grade crossing,Paved,,Property Damage Only,0,0,0,0,0,0,2000,2,3,,POINT (-90.664678546166 42.509168954866)
2014815712,14-010266,09/06/2014,09-September,7-Saturday,10:12,1000 Hours,District 5 (Southeast),HUMESTON,WAYNE,,4TH ST,Collision with:  Parked motor vehicle,Shoulder,Rear-end (front to rear),Ran off road - right,None Indicated,,Daylight,Dry,Clear,None apparent,Non-intersection:  Non-junction/no special feature,Paved,,Property Damage Only,0,0,0,0,0,0,8000,3,1,,POINT (-93.49513182575 40.857460680143)
2014817408,20143238,09/06/2014,09-September,7-Saturday,12:36,1200 Hours,District 1 (Central),,GRUNDY,IA 175,IA 175/DIAGONAL RD,Collision with:  Vehicle in traffic,Shoulder,"Sideswipe, same direction",Swerving/Evasive Action,None Indicated,,Daylight,Dry,Clear,None apparent,Non-intersection:  Driveway access (within),Paved,,Major Injury,0,1,1,0,0,0,20000,2,2,,POINT (-92.640472777775 42.336120686118)
2014815553,14-022182,09/06/2014,09-September,7-Saturday,03:30,0300 Hours,District 5 (Southeast),,MARION,,SHAW ST & 80TH AVE,Collision with fixed object:  Ditch,Unknown,Non-collision (single vehicle),Ran off road - straight,None Indicated,,Dark - roadway not lighted,"Mud, dirt",Cloudy,None apparent,Intersection:  T-intersection,Unpaved,,Property Damage Only,0,0,0,0,0,0,2500,1,1,,POINT (-93.194527349108 41.226171694983)
2014816816,2014-037511,09/06/2014,09-September,7-Saturday,11:10,1100 Hours,District 6 (East Central),DUBUQUE,DUBUQUE,,W 3RD ST & BOOTH ST,Collision with:  Vehicle in traffic,On Roadway,Broadside (front to side),Ran Stop Sign,None Indicated,,Daylight,Dry,Clear,None apparent,Intersection:  Four-way intersection,Paved,,Property Damage Only,0,0,0,0,0,0,6000,2,2,,POINT (-90.682137714377 42.495520464518)
2014815687,2014009817,09/06/2014,09-September,7-Saturday,08:10,0800 Hours,District 6 (East Central),IOWA CITY,JOHNSON,,E COURT ST & S DUBUQUE ST,Collision with:  Vehicle in traffic,On Roadway,Broadside (front to side),Unknown,None Indicated,,Daylight,Dry,Clear,None apparent,Intersection:  Four-way intersection,Paved,,Property Damage Only,0,0,0,0,0,0,10000,2,2,,POINT (-91.533180555347 41.65660657973)
2014815647,14-2752,09/06/2014,09-September,7-Saturday,22:45,2200 Hours,District 1 (Central),FORT DODGE,WEBSTER,,N 7TH ST,Collision with:  Vehicle in traffic,Outside trafficway,Head-on (front to front),Other (explain in narrative):  Other,Alcohol (Statutory),,Dark - roadway lighted,Dry,Clear,None apparent,Non-intersection:  Non-junction/no special feature,Paved,,Property Damage Only,0,0,0,0,0,0,10500,3,1,,POINT (-94.188769883872 42.505297986216)
2014815572,14-5863,09/06/2014,09-September,7-Saturday,10:30,1000 Hours,District 1 (Central),,POLK,IA 17,IA 17,Collision with:  Other non-fixed object (explain in narrative),On Roadway,Non-collision (single vehicle),Other (explain in narrative):  No improper action,None Indicated,,Daylight,Dry,Clear,None apparent,Non-intersection:  Non-junction/no special feature,Paved,,Property Damage Only,0,0,0,0,0,0,6000,1,3,,POINT (-93.812007290717 41.797077540468)
2014816037,2014052006,09/06/2014,09-September,7-Saturday,09:25,0900 Hours,District 2 (Northeast),,FRANKLIN,I-35,I-35,Collision with:  Animal,On Roadway,Non-collision (single vehicle),Animal,None Indicated,,Daylight,Dry,Clear,None apparent,Non-intersection:  Non-junction/no special feature,Paved,,Property Damage Only,0,0,0,0,0,0,3000,1,2,,POINT (-93.437163059059 42.700578000066)
2014821343,PD1407829,09/06/2014,09-September,7-Saturday,14:28,1400 Hours,District 5 (Southeast),FAIRFIELD,JEFFERSON,,W BRIGGS AVE & E BRIGGS AVE & N MAIN ST,Collision with:  Vehicle in traffic,On Roadway,Broadside (front to side),Improper Backing,None Indicated,,Daylight,Dry,Clear,None apparent,Non-intersection:  Non-junction/no special feature,Paved,,Property Damage Only,0,0,0,0,0,0,3500,2,3,,POINT (-91.963744659404 41.008601398297)
2014817541,14027710,09/06/2014,09-September,7-Saturday,07:16,0700 Hours,District 5 (Southeast),,LEE,US 61,US 61,Collision with:  Animal,,,Animal,None Indicated,,,,,,,Paved,,Property Damage Only,0,0,0,0,0,0,1500,1,1,,POINT (-91.340550087114 40.670487455359)
2014815813,14-007487,09/06/2014,09-September,7-Saturday,17:55,1700 Hours,District 2 (Northeast),,CLAYTON,,Co Rd C17/CLAYTON RD & Co Rd X56/GREAT RIVER RD,Collision with:  Vehicle in traffic,On Roadway,"Sideswipe, same direction",Swerving/Evasive Action,None Indicated,,Daylight,Dry,Clear,None apparent,Intersection:  T-intersection,Paved,,Property Damage Only,0,0,0,0,0,0,2500,2,3,,POINT (-91.174551192012 42.903435893149)
2014816035,2014051979,09/06/2014,09-September,7-Saturday,00:55,0000 Hours,District 3 (Northwest),ALVORD,LYON,,Co Rd A34/210TH ST & MAIN ST,Collision with:  Animal,,,Animal,None Indicated,,,,,,,Paved,,Property Damage Only,0,0,0,0,0,0,2500,1,1,,POINT (-96.302610907427 43.345944222206)
2014815728,14-037859,09/06/2014,09-September,7-Saturday,08:17,0800 Hours,District 4 (Southwest),COUNCIL BLUFFS,POTTAWATTAMIE,,METRO DR,Collision with fixed object:  Utility pole/light support,On Roadway,Non-collision (single vehicle),Ran off road - straight,None Indicated,,Daylight,Dry,"Fog, smoke, smog",None apparent,Intersection:  Four-way intersection,Paved,,Property Damage Only,0,0,0,0,0,0,4000,1,1,,POINT (-95.836588730984 41.219838878716)
2014815708,SO14002097,09/06/2014,09-September,7-Saturday,15:54,1500 Hours,District 3 (Northwest),,PLYMOUTH,IA 12,IA 12/IOWA 12,Non-collision events:  Overturn/rollover,Roadside,Non-collision (single vehicle),Ran off road - right,Alcohol (< Statutory),,Daylight,Dry,Cloudy,None apparent,Non-intersection:  Non-junction/no special feature,Paved,,Major Injury,0,1,1,0,0,0,20000,1,1,,POINT (-96.545045073764 42.839481482676)
2014815607,20140026355,09/06/2014,09-September,7-Saturday,15:45,1500 Hours,District 1 (Central),DES MOINES,POLK,,NW 50TH ST & NW MEREDITH DR,Collision with:  Vehicle in traffic,Outside trafficway,"Sideswipe, opposite direction",Other (explain in narrative):  Other,None Indicated,,Daylight,Dry,Clear,None apparent,Non-intersection:  Non-junction/no special feature,Paved,,Property Damage Only,0,0,0,0,0,0,8000,2,1,,POINT (-93.686521333155 41.644028896351)
2014816541,2014052051,09/06/2014,09-September,7-Saturday,15:57,1500 Hours,District 1 (Central),AMES,STORY,US 30,US 30/SW LOOP,Collision with:  Vehicle in traffic,On Roadway,Rear-end (front to rear),Driver Distraction:  Manual operation of an electronic communication device,None Indicated,,Daylight,Dry,Clear,None apparent,Non-intersection:  Non-junction/no special feature,Paved,,Property Damage Only,0,0,0,0,0,0,2100,2,3,,POINT (-93.611509140475 42.004835959628)
2014816811,2014-012650,09/06/2014,09-September,7-Saturday,12:31,1200 Hours,District 6 (East Central),,DUBUQUE,US 52,US 52,Collision with:  Vehicle in traffic,On Roadway,"Angle, oncoming left turn",Lost Control,None Indicated,,Daylight,Dry,Cloudy,None apparent,Non-intersection:  Driveway access (within),Paved,,Property Damage Only,0,0,0,0,0,0,1600,2,2,,POINT (-90.943137714269 42.579976010412)
2014818959,2014052061,09/06/2014,09-September,7-Saturday,04:00,0400 Hours,District 1 (Central),,HARDIN,US 20,US 20 & H AVE,Non-collision events:  Overturn/rollover,On Roadway,Non-collision (single vehicle),Swerving/Evasive Action,None Indicated,,Dark - roadway not lighted,Dry,Unknown,None apparent,Non-intersection:  Non-junction/no special feature,Paved,,Minor Injury,0,1,0,1,0,0,7000,1,1,,POINT (-93.346659009739 42.448519594108)
2014850913,14-007206,09/06/2014,09-September,7-Saturday,10:30,1000 Hours,District 5 (Southeast),,LOUISA,US 61,US 61 & Co Rd G56/COUNTY RD G56,Collision with:  Vehicle in traffic,On Roadway,Rear-end (front to rear),Swerving/Evasive Action,None Indicated,,Daylight,Dry,Clear,None apparent,Intersection:  T-intersection,Paved,,Major Injury,0,3,1,2,0,0,11000,3,3,,POINT (-91.19661460328 41.229281842705)
2014816501,14134425,09/06/2014,09-September,7-Saturday,08:20,0800 Hours,District 6 (East Central),UNIVERSITY HEIGHTS,JOHNSON,,MELROSE AVE,Collision with:  Vehicle in traffic,On Roadway,Rear-end (front to rear),Driver Distraction:  Inattentive/lost in thought,None Indicated,,Daylight,Dry,Clear,None apparent,Non-intersection:  Non-junction/no special feature,Paved,,Property Damage Only,0,0,0,0,0,0,3000,2,5,,POINT (-91.557145820266 41.656360552674)
2014815633,14-002061,09/06/2014,09-September,7-Saturday,11:35,1100 Hours,District 1 (Central),ALTOONA,POLK,,8TH ST SW & 2ND AVE SW,Collision with:  Vehicle in traffic,On Roadway,"Angle, oncoming left turn",FTYROW:  Making left turn,None Indicated,,Daylight,Dry,Clear,None apparent,Non-intersection:  Driveway access (within),Paved,,Property Damage Only,0,0,0,0,0,0,3500,2,4,,POINT (-93.465815400192 41.644081351891)
2014816154,14-004168,09/06/2014,09-September,7-Saturday,12:08,1200 Hours,District 1 (Central),AMES,STORY,,N 2ND ST & N MAPLE AVE,Collision with:  Vehicle in traffic,On Roadway,Broadside (front to side),Ran Stop Sign,None Indicated,,Daylight,Dry,Clear,None apparent,Intersection:  Four-way intersection,Paved,,Property Damage Only,0,0,0,0,0,0,9500,2,3,,POINT (-93.625258120721 42.024044996722)
2014816256,14-31796,09/06/2014,09-September,7-Saturday,09:45,0900 Hours,District 5 (Southeast),MEDIAPOLIS,DES MOINES,,MEADOW ST,Collision with:  Vehicle in traffic,On Roadway,Broadside (front to side),Driving too fast for conditions,None Indicated,,Daylight,Dry,Clear,None apparent,Non-intersection:  Driveway access (within),Paved,,Minor Injury,0,2,0,1,1,0,3000,2,3,,POINT (-91.167843115828 41.006398193324)
2014826657,,09/06/2014,09-September,7-Saturday,17:00,1700 Hours,District 2 (Northeast),,WINNESHIEK,,TWIN SPRINGS RD,Collision with:  Vehicle in traffic,On Roadway,Head-on (front to front),Crossed centerline (undivided),None Indicated,,Daylight,Dry,Cloudy,None apparent,Non-intersection:  Non-junction/no special feature,Unpaved,,Minor Injury,0,3,0,3,0,0,6000,2,3,,POINT (-91.822033530112 43.294301843159)
2014815999,I14062123,09/06/2014,09-September,7-Saturday,21:20,2100 Hours,District 2 (Northeast),,FRANKLIN,,NETTLE AVE & 2ND ST,Collision with fixed object:  Ditch,Shoulder,Non-collision (single vehicle),Ran off road - straight,None Indicated,,Dark - roadway not lighted,Dry,Clear,Non-highway work,Intersection:  T-intersection,Unpaved,,Property Damage Only,0,0,0,0,0,0,1500,1,1,,POINT (-93.24318430425 42.633368863803)
2014815640,14-17369,09/06/2014,09-September,7-Saturday,07:51,0700 Hours,District 6 (East Central),BETTENDORF,SCOTT,,MISSISSIPPI BLVD & 14TH ST,Collision with:  Vehicle in traffic,On Roadway,Broadside (front to side),FTYROW:  From stop sign,None Indicated,,Daylight,Dry,Clear,None apparent,Intersection:  Four-way intersection,Paved,,Possible/Unknown,0,2,0,0,2,0,10000,2,2,,POINT (-90.512994425176 41.52829414712)
2014816540,2014052047,09/06/2014,09-September,7-Saturday,15:48,1500 Hours,District 1 (Central),AMES,STORY,US 30,US 30 & US 69/S DUFF AVE,Collision with:  Vehicle in traffic,On Roadway,Rear-end (front to rear),Driving too fast for conditions,None Indicated,,Daylight,Dry,Clear,None apparent,Non-intersection:  Other non-intersection (explain in narrative),Paved,,Possible/Unknown,0,1,0,0,0,1,8000,2,2,,POINT (-93.610024867471 42.004942929788)
2014815795,14012766,09/07/2014,09-September,1-Sunday,18:00,1800 Hours,District 5 (Southeast),,APPANOOSE,,163RD AVE,Non-collision events:  Overturn/rollover,Shoulder,Non-collision (single vehicle),Crossed centerline (undivided),None Indicated,,Daylight,Dry,Clear,None apparent,Intersection:  T-intersection,Unpaved,,Possible/Unknown,0,1,0,0,1,0,1500,1,1,,POINT (-92.978004004806 40.781228096799)
2014817409,20143248,09/07/2014,09-September,1-Sunday,05:16,0500 Hours,District 1 (Central),,GRUNDY,,Co Rd S75/B AVE,Non-collision events:  Overturn/rollover,Outside trafficway,Non-collision (single vehicle),Ran off road - left,None Indicated,,Dark - roadway not lighted,Dry,Clear,None apparent,Non-intersection:  Non-junction/no special feature,Paved,,Property Damage Only,0,0,0,0,0,0,3000,1,1,,POINT (-93.0021233968 42.309476698137)
2014816428,20140026400,09/07/2014,09-September,1-Sunday,01:51,0100 Hours,District 1 (Central),DES MOINES,POLK,,DIXON ST,Collision with:  Vehicle in traffic,On Roadway,"Sideswipe, opposite direction",Crossed centerline (undivided),Alcohol (Statutory),,Dark - roadway lighted,Dry,Clear,None apparent,Non-intersection:  Non-junction/no special feature,Paved,,Property Damage Only,0,0,0,0,0,0,11000,2,777,,POINT (-93.58913635214 41.607045291881)
2014815978,2014-4388,09/07/2014,09-September,1-Sunday,18:20,1800 Hours,District 4 (Southwest),WAUKEE,DALLAS,US 6,US 6/HICKMAN AVE & CAREFREE LN,Collision with:  Non-motorist (see non-motorist section - NOT a unit),On Roadway,Non-collision (single vehicle),FTYROW:  To pedestrian,None Indicated,,Daylight,Dry,Clear,None apparent,Non-intersection:  Non-junction/no special feature,Paved,,Minor Injury,0,2,0,2,0,0,1000,1,2,,POINT (-93.869142971402 41.614943032469)
2014816753,01-14-037537,09/07/2014,09-September,1-Sunday,04:00,0400 Hours,District 6 (East Central),DUBUQUE,DUBUQUE,,ENGLISH LN,Collision with:  Parked motor vehicle,On Roadway,Rear-end (front to rear),Improper Backing,None Indicated,,Dark - roadway lighted,Dry,Clear,None apparent,Non-intersection:  Non-junction/no special feature,Paved,,Property Damage Only,0,0,0,0,0,0,6500,2,1,,POINT (-90.673877740981 42.482322451112)
2014815944,14-29536,09/07/2014,09-September,1-Sunday,14:30,1400 Hours,District 3 (Northwest),SIOUX CITY,WOODBURY,,S PALMETTO ST,Collision with:  Vehicle in traffic,On Roadway,Rear-end (front to rear),FTYROW:  From driveway,None Indicated,,Daylight,Dry,Clear,None apparent,Non-intersection:  Driveway access (within),Paved,,Property Damage Only,0,0,0,0,0,0,3500,2,2,,POINT (-96.34502515635 42.464099993094)
2014818148,2014052140,09/07/2014,09-September,1-Sunday,10:40,1000 Hours,District 2 (Northeast),,CLAYTON,US 18,US 18 & Co Rd X26/FALCON AVE,Collision with:  Vehicle in traffic,On Roadway,Broadside (front to side),FTYROW:  From stop sign,None Indicated,,Daylight,Dry,Clear,None apparent,Intersection:  Four-way intersection,Paved,,Property Damage Only,0,0,0,0,0,0,7500,2,3,,POINT (-91.390323223116 43.040549481079)
2014815575,14-5879,09/07/2014,09-September,1-Sunday,17:48,1700 Hours,District 1 (Central),,POLK,,NW MORNINGSTAR DR & NW 45TH PL,Collision with:  Vehicle in traffic,On Roadway,Broadside (front to side),FTYROW:  Other (explain in narrative),None Indicated,,Daylight,Dry,Clear,None apparent,Non-intersection:  Non-junction/no special feature,Paved,,Property Damage Only,0,0,0,0,0,0,6400,2,4,,POINT (-93.637527397941 41.642653758739)
2014815834,14019069,09/07/2014,09-September,1-Sunday,20:28,2000 Hours,District 6 (East Central),MARION,LINN,,5TH AVE,Collision with:  Non-motorist (see non-motorist section - NOT a unit),On Roadway,Non-collision (single vehicle),Other (explain in narrative):  Other,None Indicated,,Dark - roadway lighted,Dry,Clear,None apparent,Non-intersection:  Non-junction/no special feature,Paved,,Possible/Unknown,0,1,0,0,1,0,0,1,1,,POINT (-91.585741865373 42.031480908181)
2014816543,2014052229,09/07/2014,09-September,1-Sunday,16:56,1600 Hours,District 2 (Northeast),,WRIGHT,,Co Rd R33/HANCOCK AVE & 240TH ST,Collision with:  Railway vehicle/train,On Roadway,Broadside (front to side),Crossed centerline (undivided),Drug,,Daylight,Dry,Clear,None apparent,Non-intersection:  Railroad grade crossing,Paved,,Fatal,1,0,0,0,0,0,10000,2,3,,POINT (-93.833654354455 42.702403921032)
2014815644,14-0500,09/07/2014,09-September,1-Sunday,22:00,2200 Hours,District 1 (Central),,WEBSTER,IA 144,IA 144/INDIANA AVE,Collision with:  Animal,,,Animal,None Indicated,,,,,,,Paved,,Property Damage Only,0,0,0,0,0,0,3500,1,1,,POINT (-94.242453642776 42.209902157688)