Iowa DOT Case Number,Law Enforcement Case Number,Date of Crash,Month of Crash,Day of Week,Time of Crash,Hour,DOT District,City Name,County Name,Route with System,Location Description,First Harmful Event,Location of First Harmful Event,Manner of Crash/Collision,Major Cause,Drug or Alcohol ,Environmental Conditions,Light Conditions,Surface Conditions,Weather Conditions,Roadway Contribution,Roadway Type,Roadway Surface,Work Zone,Crash Severity,Number of Fatalities,Number of Injuries,Number of Major Injuries,Number of Minor Injuries,Number of Possible Injuries,Number of Unknown Injuries,Amount of Property Damage,Number of Vehicles Involved,Total Number of Occupants,Travel Direction,Location
2014816164,14-29682,09/08/2014,09-September,2-Monday,17:51,1700 Hours,District 3 (Northwest),SIOUX CITY,WOODBURY,,25TH ST & COURT ST,Collision with:  Vehicle in traffic,On Roadway,"Angle, oncoming left turn",FTYROW:  Making left turn,None Indicated,,Daylight,Dry,Clear,None apparent,Intersection:  Four-way intersection,Paved,,Property Damage Only,0,0,0,0,0,0,3000,2,2,,POINT (-96.39605441279 42.515751223062)
2014815797,W14-090556,09/08/2014,09-September,2-Monday,23:00,2300 Hours,District 2 (Northeast),WATERLOO,BLACK HAWK,,GLENNY AVE,Collision with:  Parked motor vehicle,On Roadway,"Sideswipe, same direction",Unknown,None Indicated,,Dark - unknown roadway lighting,Dry,Cloudy,None apparent,Non-intersection:  Other non-intersection (explain in narrative),Paved,,Property Damage Only,0,0,0,0,0,0,1500,2,1,,POINT (-92.331393127393 42.479379877113)
2014815926,14-2773,09/08/2014,09-September,2-Monday,21:35,2100 Hours,District 1 (Central),FORT DODGE,WEBSTER,,N 22ND ST,Collision with:  Parked motor vehicle,On Roadway,Rear-end (front to rear),Other (explain in narrative):  Vision obstructed,None Indicated,,Dark - roadway not lighted,Dry,Clear,None apparent,Non-intersection:  Non-junction/no special feature,Paved,,Property Damage Only,0,0,0,0,0,0,7000,2,1,,POINT (-94.16813037579 42.513300171572)
2014816780,01-14-37561,09/08/2014,09-September,2-Monday,09:02,0900 Hours,District 6 (East Central),DUBUQUE,DUBUQUE,,KEHL CT & ROCKDALE RD,Collision with:  Vehicle in traffic,On Roadway,Rear-end (front to rear),Lost Control,None Indicated,,Daylight,Dry,Clear,None apparent,Intersection:  Y-intersection,Paved,,Property Damage Only,0,0,0,0,0,0,3300,2,2,,POINT (-90.668558158998 42.477162364044)
2014816598,1400000791,09/08/2014,09-September,2-Monday,20:15,2000 Hours,District 1 (Central),,MARSHALL,IA 330,IA 330/MARSHALLTOWN BLVD,Collision with:  Animal,,,Animal,None Indicated,,,,,,,Paved,,Property Damage Only,0,0,0,0,0,0,4000,1,1,,POINT (-93.128207742879 41.932952426811)
2014815992,2014009917,09/08/2014,09-September,2-Monday,07:35,0700 Hours,District 6 (East Central),IOWA CITY,JOHNSON,,CHURCH ST & N GILBERT ST,Collision with:  Non-motorist (see non-motorist section - NOT a unit),On Roadway,Non-collision (single vehicle),FTYROW:  From stop sign,None Indicated,,Daylight,Dry,Clear,None apparent,Intersection:  Four-way intersection,Paved,,Possible/Unknown,0,1,0,0,1,0,1300,1,2,,POINT (-91.530075552463 41.667978583122)
2014816199,14C04159,09/08/2014,09-September,2-Monday,16:00,1600 Hours,District 4 (Southwest),CRESTON,UNION,,N WALNUT ST,Collision with:  Vehicle in traffic,On Roadway,Rear-end (front to rear),Other (explain in narrative):  Other,None Indicated,,Daylight,Dry,Cloudy,None apparent,Non-intersection:  Non-junction/no special feature,Paved,,Property Damage Only,0,0,0,0,0,0,4000,2,2,,POINT (-94.360278823088 41.070521323778)
2014815854,20140026544,09/08/2014,09-September,2-Monday,16:53,1600 Hours,District 1 (Central),DES MOINES,POLK,,WOODLAND AVE & MLK JR PKWY,Collision with:  Vehicle in traffic,On Roadway,"Sideswipe, same direction",Crossed centerline (undivided),None Indicated,,Daylight,Wet,Rain,None apparent,Intersection:  Four-way intersection,Paved,,Property Damage Only,0,0,0,0,0,0,11000,2,2,,POINT (-93.644704502254 41.588066097642)
2014817527,14-027939,09/08/2014,09-September,2-Monday,06:46,0600 Hours,District 5 (Southeast),,LEE,US 61,US 61,Collision with:  Animal,,,Animal,None Indicated,,,,,,,Paved,,Property Damage Only,0,0,0,0,0,0,1500,1,1,,POINT (-91.421734944932 40.608703182498)
2014815859,20140026574,09/08/2014,09-September,2-Monday,20:13,2000 Hours,District 1 (Central),DES MOINES,POLK,,PROSPECT RD,Collision with fixed object:  Other fixed object (explain in narrative),Shoulder,Non-collision (single vehicle),Ran off road - right,None Indicated,,Dark - roadway not lighted,Dry,Clear,None apparent,Non-intersection:  Non-junction/no special feature,Paved,,Property Damage Only,0,0,0,0,0,0,2101,1,2,,POINT (-93.647123267697 41.620019137611)
2014816577,14-032014,09/08/2014,09-September,2-Monday,07:29,0700 Hours,District 5 (Southeast),WEST BURLINGTON,DES MOINES,,MT PLEASANT ST,Collision with:  Animal,On Roadway,Non-collision (single vehicle),Animal,None Indicated,,Dawn,Dry,Clear,None apparent,Non-intersection:  Non-junction/no special feature,Paved,,Property Damage Only,0,0,0,0,0,0,3000,1,2,,POINT (-91.175741531583 40.826225129492)
2014816483,14-001063,09/08/2014,09-September,2-Monday,06:19,0600 Hours,District 1 (Central),,STORY,,Co Rd R38/500TH AVE,Collision with:  Animal,,,Animal,None Indicated,,,,,,,Paved,,Property Damage Only,0,0,0,0,0,0,1970,1,1,,POINT (-93.698676801105 42.063871749517)
2014816339,201403226,09/08/2014,09-September,2-Monday,14:35,1400 Hours,District 6 (East Central),CEDAR RAPIDS,LINN,,WALFORD RD,Collision with:  Vehicle in traffic,On Roadway,Rear-end (front to rear),Followed too close,None Indicated,,Daylight,Dry,Cloudy,None apparent,Non-intersection:  Non-junction/no special feature,Unpaved,,Property Damage Only,0,0,0,0,0,0,6500,2,2,,POINT (-91.675637155305 41.876201044227)
2014817884,2014-63345,09/08/2014,09-September,2-Monday,16:04,1600 Hours,District 6 (East Central),DAVENPORT,SCOTT,,W LOCUST ST & N HOWELL ST,Collision with:  Vehicle in traffic,On Roadway,Rear-end (front to rear),Followed too close,None Indicated,,Daylight,Dry,Cloudy,None apparent,Intersection:  Four-way intersection,Paved,,Property Damage Only,0,0,0,0,0,0,2500,2,2,,POINT (-90.604639001003 41.53822038082)
2014816236,14000422,09/08/2014,09-September,2-Monday,16:17,1600 Hours,District 5 (Southeast),ALBIA,MONROE,IA 5,IA 5/S MAIN ST & 5TH AVE W,Collision with:  Vehicle in traffic,On Roadway,Broadside (front to side),FTYROW:  From driveway,None Indicated,,Daylight,Dry,Clear,None apparent,Non-intersection:  Driveway access (within),Paved,,Property Damage Only,0,0,0,0,0,0,3000,2,4,,POINT (-92.807073636239 41.022043250058)
2014816010,CL14003210,09/08/2014,09-September,2-Monday,15:11,1500 Hours,District 6 (East Central),CLINTON,CLINTON,,8TH AVE S & S 10TH ST,Collision with:  Vehicle in traffic,On Roadway,Rear-end (front to rear),Other (explain in narrative):  Other,None Indicated,,Daylight,Dry,Cloudy,None apparent,Non-intersection:  Non-junction/no special feature,Paved,,Property Damage Only,0,0,0,0,0,0,3000,2,777,,POINT (-90.208933509439 41.837473679157)
2014819004,14169,09/08/2014,09-September,2-Monday,18:30,1800 Hours,District 5 (Southeast),PELLA,MARION,,INDEPENDENCE ST & W 2ND ST,Collision with:  Vehicle in traffic,On Roadway,Broadside (front to side),FTYROW:  Making left turn,None Indicated,,Daylight,Wet,Cloudy,None apparent,Non-intersection:  Driveway access (within),Paved,,Property Damage Only,0,0,0,0,0,0,14000,2,3,,POINT (-92.921818409315 41.402798197577)
2014815870,14-002082,09/08/2014,09-September,2-Monday,13:45,1300 Hours,District 1 (Central),ALTOONA,POLK,US 6,US 6/HUBBELL AVE/NE RAMP/SPEC CASE/FREDERICK M HUBBELL AVE,Collision with:  Vehicle in traffic,On Roadway,"Angle, oncoming left turn",FTYROW:  Making left turn,None Indicated,,Daylight,Dry,Cloudy,None apparent,Intersection:  Intersection with ramp,Paved,,Property Damage Only,0,0,0,0,0,0,5000,2,2,,POINT (-93.511897504309 41.648055694988)
2014815681,14-038171,09/08/2014,09-September,2-Monday,07:39,0700 Hours,District 4 (Southwest),COUNCIL BLUFFS,POTTAWATTAMIE,,LOCUST LDG,Collision with:  Vehicle in traffic,On Roadway,Rear-end (front to rear),Lost Control,None Indicated,,Daylight,Dry,Clear,None apparent,Non-intersection:  Non-junction/no special feature,Paved,,Property Damage Only,0,0,0,0,0,0,8500,2,3,,POINT (-95.834545493017 41.274936310203)
2014816190,2014009391,09/08/2014,09-September,2-Monday,14:30,1400 Hours,District 1 (Central),MARSHALLTOWN,MARSHALL,IA 14,IA 14/3RD AVE,Collision with:  Vehicle in traffic,On Roadway,"Sideswipe, same direction",Swerving/Evasive Action,None Indicated,,Daylight,Dry,Clear,None apparent,Non-intersection:  Non-junction/no special feature,Paved,,Property Damage Only,0,0,0,0,0,0,1600,2,3,,POINT (-92.908017462877 42.048398773285)
2014852942,,09/08/2014,09-September,2-Monday,14:28,1400 Hours,District 6 (East Central),WALCOTT,SCOTT,I-80,I-80 & Co Rd Y40/60 AVE,Collision with:  Vehicle in traffic,On Roadway,Rear-end (front to rear),Followed too close,None Indicated,,,,,,,Paved,,Property Damage Only,0,0,0,0,0,0,8000,2,2,,POINT (-90.783081920441 41.614978710959)
2014815855,20140026545,09/08/2014,09-September,2-Monday,17:37,1700 Hours,District 1 (Central),DES MOINES,POLK,,MCKINLEY AVE,Collision with:  Vehicle in traffic,On Roadway,"Angle, oncoming left turn",Unknown,None Indicated,,Daylight,Wet,Rain,None apparent,Non-intersection:  Non-junction/no special feature,Paved,,Possible/Unknown,0,1,0,0,0,1,12000,2,4,,POINT (-93.644344395931 41.540969031349)
2014818134,2014052410,09/08/2014,09-September,2-Monday,16:44,1600 Hours,District 1 (Central),,WEBSTER,IA 175,IA 175/360TH ST & Co Rd P29/BAXTER AVE,Collision with:  Vehicle in traffic,On Roadway,Broadside (front to side),Ran Stop Sign,None Indicated,,Daylight,Dry,Cloudy,None apparent,Intersection:  Four-way intersection,Paved,,Minor Injury,0,2,0,1,1,0,22200,2,2,,POINT (-94.379062722342 42.267042286015)
2014833408,14-080908-01,09/08/2014,09-September,2-Monday,06:50,0600 Hours,District 6 (East Central),,IOWA,US 6,US 6,Collision with:  Animal,,,Animal,None Indicated,,,,,,,Paved,,Property Damage Only,0,0,0,0,0,0,4000,1,1,,POINT (-91.865103793737 41.760313514325)
2014819098,14-009311,09/08/2014,09-September,2-Monday,06:50,0600 Hours,District 3 (Northwest),ARCADIA,CARROLL,,DIVISION ST & CENTER ST,Collision with:  Vehicle in traffic,On Roadway,"Sideswipe, same direction",Exceeded authorized speed,None Indicated,,Daylight,Dry,Clear,None apparent,Intersection:  Four-way intersection,Paved,,Major Injury,0,2,1,1,0,0,20000,2,3,,POINT (-95.043210269039 42.086182122334)
2014815523,14-13773,09/08/2014,09-September,2-Monday,07:56,0700 Hours,District 3 (Northwest),,CLAY,US 18,US 18,Collision with:  Animal,,,Animal,None Indicated,,,,,,,Paved,,Property Damage Only,0,0,0,0,0,0,2000,1,1,,POINT (-95.119706208918 43.124911458206)
2014815842,14-003847,09/08/2014,09-September,2-Monday,15:55,1500 Hours,District 1 (Central),ANKENY,POLK,,W 1ST ST & SW SCHOOL ST & NW SCHOOL ST,Collision with:  Vehicle in traffic,On Roadway,"Angle, oncoming left turn",FTYROW:  Making left turn,None Indicated,,Daylight,Wet,Rain,None apparent,Intersection:  T-intersection,Paved,,Property Damage Only,0,0,0,0,0,0,6000,2,3,,POINT (-93.603225835225 41.731883090002)
2014815902,2014-63248,09/08/2014,09-September,2-Monday,07:40,0700 Hours,District 6 (East Central),DAVENPORT,SCOTT,,W PLEASANT ST,Collision with:  Vehicle in traffic,On Roadway,Broadside (front to side),FTYROW:  Making left turn,None Indicated,,Daylight,Dry,Clear,None apparent,Non-intersection:  Alley,Paved,,Property Damage Only,0,0,0,0,0,0,3000,2,2,,POINT (-90.601787930649 41.539466856651)
2014820595,2014-63357,09/08/2014,09-September,2-Monday,17:06,1700 Hours,District 6 (East Central),DAVENPORT,SCOTT,,W RUSHOLME ST & N LINCOLN AVE,Collision with:  Parked motor vehicle,On Roadway,"Sideswipe, same direction",Unknown,None Indicated,,Daylight,Dry,Cloudy,None apparent,Non-intersection:  Non-junction/no special feature,Paved,,Property Damage Only,0,0,0,0,0,0,1500,2,1,,POINT (-90.61305023942 41.542232119155)
2014816093,14-5886,09/08/2014,09-September,2-Monday,23:50,2300 Hours,District 1 (Central),JOHNSTON,POLK,,PAINT FACILITY RD & MEPS DR,Collision with:  Animal,On Roadway,Non-collision (single vehicle),Animal,None Indicated,,Dark - roadway not lighted,Dry,Clear,None apparent,Non-intersection:  Non-junction/no special feature,Paved,,Property Damage Only,0,0,0,0,0,0,2500,1,1,,POINT (-93.718847754201 41.695955383595)
2014816452,14-004212,09/08/2014,09-September,2-Monday,17:17,1700 Hours,District 1 (Central),AMES,STORY,,AIRPORT RD,Collision with:  Vehicle in traffic,On Roadway,"Angle, oncoming left turn",FTYROW:  Making left turn,None Indicated,,Daylight,Dry,Cloudy,None apparent,Non-intersection:  Driveway access (within),Paved,,Property Damage Only,0,0,0,0,0,0,6500,2,2,,POINT (-93.612185905136 42.00111262209)
2014815856,20140026547,09/08/2014,09-September,2-Monday,07:00,0700 Hours,District 1 (Central),DES MOINES,POLK,IA 163,IA 163/E UNIVERSITY AVE & MC CORMICK ST,Collision with:  Vehicle in traffic,On Roadway,"Sideswipe, same direction",Unknown,None Indicated,,Daylight,Dry,Cloudy,None apparent,Intersection:  T-intersection,Paved,,Property Damage Only,0,0,0,0,0,0,2000,2,4,,POINT (-93.59388023541 41.600877950882)
2014816597,1400000790,09/08/2014,09-September,2-Monday,08:30,0800 Hours,District 1 (Central),,MARSHALL,,Co Rd S52/COOPER AVE,Collision with:  Animal,,,Animal,None Indicated,,,,,,,Paved,,Property Damage Only,0,0,0,0,0,0,1500,1,1,,POINT (-93.183859213622 41.944540554458)
2014815649,14-2770,09/08/2014,09-September,2-Monday,15:00,1500 Hours,District 1 (Central),FORT DODGE,WEBSTER,,5TH AVE S,Collision with:  Vehicle in traffic,On Roadway,Rear-end (front to rear),Other (explain in narrative):  Other,None Indicated,,Daylight,Dry,Clear,None apparent,Non-intersection:  Non-junction/no special feature,Paved,,Possible/Unknown,0,1,0,0,1,0,3500,3,3,,POINT (-94.182407926636 42.500969025185)
2014819464,SO140369,09/08/2014,09-September,2-Monday,15:12,1500 Hours,District 4 (Southwest),,ADAMS,,240TH ST,Collision with:  Vehicle in traffic,On Roadway,Rear-end (front to rear),Followed too close,None Indicated,,Daylight,Dry,Cloudy,None apparent,Intersection:  Four-way intersection,Unpaved,,Possible/Unknown,0,1,0,0,1,0,30000,2,2,,POINT (-94.470877879909 40.957204484492)
2014815866,14-4470,09/08/2014,09-September,2-Monday,20:08,2000 Hours,District 4 (Southwest),WEST DES MOINES,DALLAS,,UNIVERSITY AVE & 60TH ST & NW 128TH ST,Collision with:  Vehicle in traffic,On Roadway,"Angle, oncoming left turn",FTYROW:  Making left turn,None Indicated,,Dark - roadway lighted,Dry,Cloudy,None apparent,Intersection:  Four-way intersection,Paved,,Possible/Unknown,0,2,0,0,2,0,9000,2,2,,POINT (-93.794237520002 41.600433970365)
2014818484,,09/08/2014,09-September,2-Monday,11:48,1100 Hours,District 4 (Southwest),PANORA,GUTHRIE,IA 4,IA 4/NE 3RD ST & IA 44/E MAIN ST & SE 3RD ST,Collision with:  Vehicle in traffic,On Roadway,Rear-end (front to rear),Followed too close,None Indicated,,Daylight,Dry,Clear,None apparent,Intersection:  Four-way intersection,Paved,,Property Damage Only,0,0,0,0,0,0,2700,2,2,,POINT (-94.361319650523 41.691734575168)
2014815590,20140026515,09/08/2014,09-September,2-Monday,12:30,1200 Hours,District 1 (Central),DES MOINES,POLK,,CLARK ST & 19TH ST,Collision with:  Vehicle in traffic,On Roadway,"Sideswipe, same direction",Improper or erratic lane changing,None Indicated,,Daylight,Dry,Cloudy,Non-highway work,Non-intersection:  Non-junction/no special feature,Paved,,Property Damage Only,0,0,0,0,0,0,3000,2,10,,POINT (-93.642637698334 41.605884969195)
2014820352,144795,09/08/2014,09-September,2-Monday,17:58,1700 Hours,District 1 (Central),IOWA FALLS,HARDIN,,RIVER RD,Collision with:  Vehicle in traffic,On Roadway,Rear-end (front to rear),Unknown,None Indicated,,Daylight,Dry,Cloudy,None apparent,Non-intersection:  Non-junction/no special feature,Paved,,Property Damage Only,0,0,0,0,0,0,2700,2,4,,POINT (-93.295781340724 42.523798317058)
2014819468,SO140370,09/08/2014,09-September,2-Monday,18:40,1800 Hours,District 4 (Southwest),CORNING,ADAMS,US 34,US 34 & LOOMIS AVE & LOOMIS ST,Collision with:  Vehicle in traffic,On Roadway,"Angle, oncoming left turn",FTYROW:  From stop sign,None Indicated,,Daylight,Dry,Cloudy,None apparent,Intersection:  Four-way intersection,Paved,,Property Damage Only,0,0,0,0,0,0,20000,2,4,,POINT (-94.740777074389 40.979755989447)
2014816196,14007873,09/08/2014,09-September,2-Monday,18:44,1800 Hours,District 6 (East Central),,DELAWARE,,,Non-collision events:  Overturn/rollover,On Roadway,Non-collision (single vehicle),Ran off road - left,None Indicated,,Daylight,Dry,Clear,None apparent,Non-intersection:  Non-junction/no special feature,,,Property Damage Only,0,0,0,0,0,0,5000,1,1,,POINT (-96.643700149993 40.233091251414)
2014816547,14021221,09/08/2014,09-September,2-Monday,08:14,0800 Hours,District 2 (Northeast),,WORTH,IA 9,IA 9/IOWA 9 & Co Rd S56/THRUSH AVE,Collision with:  Vehicle in traffic,On Roadway,Rear-end (front to rear),Ran off road - right,None Indicated,,Daylight,Dry,Cloudy,None apparent,Intersection:  T-intersection,Paved,,Possible/Unknown,0,2,0,0,2,0,15000,2,3,,POINT (-93.125881910083 43.284270223209)
2014815626,14-4462,09/08/2014,09-September,2-Monday,11:30,1100 Hours,District 4 (Southwest),WEST DES MOINES,DALLAS,,JORDAN CREEK PKWY,Collision with:  Vehicle in traffic,On Roadway,Rear-end (front to rear),Followed too close,None Indicated,,Daylight,Dry,Clear,None apparent,Non-intersection:  Non-junction/no special feature,Paved,,Property Damage Only,0,0,0,0,0,0,4000,2,3,,POINT (-93.809223062162 41.57431664454)
2014817937,2014052284,09/08/2014,09-September,2-Monday,08:55,0800 Hours,District 5 (Southeast),,MAHASKA,US 63,US 63 & 290TH ST,Collision with:  Vehicle in traffic,On Roadway,Rear-end (front to rear),FTYROW:  Other (explain in narrative),None Indicated,,Daylight,Dry,Clear,None apparent,Non-intersection:  Crossover-related,Paved,,Possible/Unknown,0,1,0,0,1,0,11000,2,3,,POINT (-92.640707020177 41.233990644359)
2014816576,14-032012,09/08/2014,09-September,2-Monday,06:51,0600 Hours,District 5 (Southeast),WEST BURLINGTON,DES MOINES,,MT PLEASANT ST & N GEAR AVE,Non-collision events:  Other non-collision (explain in narrative),On Roadway,Non-collision (single vehicle),Swerving/Evasive Action,None Indicated,,Dawn,Dry,Clear,None apparent,Intersection:  T-intersection,Paved,,Minor Injury,0,1,0,1,0,0,1100,2,2,,POINT (-91.170252983099 40.826156201313)
2014817177,2014-63374,09/08/2014,09-September,2-Monday,18:25,1800 Hours,District 6 (East Central),DAVENPORT,SCOTT,I-80,I-80 & IA 130/NEW LIBERTY RD,Collision with:  Vehicle in traffic,On Roadway,"Sideswipe, same direction",FTYROW:  Other (explain in narrative),None Indicated,,Dusk,Dry,Cloudy,None apparent,Intersection:  Intersection with ramp,Paved,,Property Damage Only,0,0,0,0,0,0,1500,2,2,,POINT (-90.621122864403 41.601238312785)
2014815865,14-4466,09/08/2014,09-September,2-Monday,16:10,1600 Hours,District 1 (Central),WEST DES MOINES,POLK,,8TH ST,Collision with:  Vehicle in traffic,On Roadway,Rear-end (front to rear),Followed too close,None Indicated,,Daylight,Wet,Rain,None apparent,Non-intersection:  Non-junction/no special feature,Paved,,Property Damage Only,0,0,0,0,0,0,5600,3,7,,POINT (-93.713030343046 41.581501702844)
2014818528,14-003846,09/08/2014,09-September,2-Monday,15:15,1500 Hours,District 1 (Central),ANKENY,POLK,I-35,I-35,Non-collision events:  Other non-collision (explain in narrative),On Roadway,Non-collision (single vehicle),Swerving/Evasive Action,None Indicated,,Daylight,Wet,Rain,Debris,Non-intersection:  Non-junction/no special feature,Paved,,Property Damage Only,0,0,0,0,0,0,6000,1,1,,POINT (-93.576627008066 41.723697141569)
2014815751,2014009916,09/08/2014,09-September,2-Monday,07:23,0700 Hours,District 6 (East Central),IOWA CITY,JOHNSON,,W BENTON ST & GREENWOOD DR,Collision with:  Vehicle in traffic,On Roadway,"Angle, oncoming left turn",FTYROW:  Making left turn,None Indicated,,Daylight,Dry,Clear,None apparent,Intersection:  T-intersection,Paved,,Minor Injury,0,1,0,1,0,0,5000,2,2,,POINT (-91.550361751348 41.650402694895)
2014816001,2014009933,09/08/2014,09-September,2-Monday,16:35,1600 Hours,District 6 (East Central),IOWA CITY,JOHNSON,,MELROSE AVE & UNIVERSITY OF IOWA,Collision with:  Vehicle in traffic,On Roadway,Rear-end (front to rear),Followed too close,None Indicated,,Daylight,Dry,Cloudy,None apparent,Non-intersection:  Non-junction/no special feature,Paved,,Property Damage Only,0,0,0,0,0,0,7000,3,3,,POINT (-91.5479108913 41.656865707985)
2014816881,AP 14-0284,09/08/2014,09-September,2-Monday,17:16,1700 Hours,District 6 (East Central),ANAMOSA,JONES,,HICKORY ST,Collision with:  Vehicle in traffic,On Roadway,Rear-end (front to rear),Swerving/Evasive Action,None Indicated,,Daylight,Dry,Clear,None apparent,Intersection:  Four-way intersection,Paved,,Possible/Unknown,0,1,0,0,1,0,1500,2,4,,POINT (-91.292328663024 42.106212444655)
2014816508,14-17499,09/08/2014,09-September,2-Monday,07:57,0700 Hours,District 6 (East Central),BETTENDORF,SCOTT,I-74,I-74 & MIDDLE RD,Collision with:  Vehicle in traffic,On Roadway,Rear-end (front to rear),FTYROW:  From yield sign,None Indicated,,Daylight,Dry,Clear,None apparent,Intersection:  Intersection with ramp,Paved,,Property Damage Only,0,0,0,0,0,0,3300,2,2,,POINT (-90.517176841114 41.541461815282)
2014816525,2014052389,09/08/2014,09-September,2-Monday,14:55,1400 Hours,District 6 (East Central),DAVENPORT,SCOTT,IA 130,IA 130/NEW LIBERTY RD & W RIDGE DR,Collision with:  Vehicle in traffic,On Roadway,"Sideswipe, same direction",Crossed centerline (undivided),None Indicated,,Daylight,Dry,Cloudy,None apparent,Intersection:  T-intersection,Paved,,Property Damage Only,0,0,0,0,0,0,3800,2,2,,POINT (-90.631838372006 41.608439592859)
2014816106,20140026551,09/08/2014,09-September,2-Monday,17:26,1700 Hours,District 1 (Central),DES MOINES,POLK,,PARK ST & 2ND AVE,Collision with:  Vehicle in traffic,On Roadway,"Sideswipe, same direction",Improper or erratic lane changing,None Indicated,,Daylight,Wet,Rain,None apparent,Non-intersection:  Non-junction/no special feature,Paved,,Property Damage Only,0,0,0,0,0,0,4000,2,2,,POINT (-93.62033654166 41.590478994237)
2014816812,2014-012677,09/08/2014,09-September,2-Monday,09:40,0900 Hours,District 6 (East Central),,DUBUQUE,,HILKEN HILL RD,Collision with fixed object:  Tree,Shoulder,Non-collision (single vehicle),Lost Control,None Indicated,,Daylight,"Mud, dirt",Clear,None apparent,Non-intersection:  Non-junction/no special feature,Unpaved,,Property Damage Only,0,0,0,0,0,0,4000,1,2,,POINT (-90.586989940865 42.414498685552)
2014816549,,09/08/2014,09-September,2-Monday,17:05,1700 Hours,District 1 (Central),DES MOINES,POLK,,FLEUR DR,Collision with:  Vehicle in traffic,On Roadway,Rear-end (front to rear),Unknown,None Indicated,,Daylight,Wet,Cloudy,,Non-intersection:  Other non-intersection (explain in narrative),Paved,,Property Damage Only,0,0,0,0,0,0,2000,2,2,,POINT (-93.641330553094 41.582950834737)
2014815967,14-038089,09/08/2014,09-September,2-Monday,01:22,0100 Hours,District 5 (Southeast),MUSCATINE,MUSCATINE,,SPRUCE ST,Collision with:  Vehicle in traffic,Roadside,Head-on (front to front),Lost Control,None Indicated,,Dark - unknown roadway lighting,Dry,Clear,None apparent,Non-intersection:  Non-junction/no special feature,Paved,,Minor Injury,0,1,0,1,0,0,7000,3,1,,POINT (-91.051742389999 41.420761877968)
2014815851,20140026530,09/08/2014,09-September,2-Monday,15:00,1500 Hours,District 1 (Central),DES MOINES,POLK,US 69,US 69/E 14TH ST & GARFIELD AVE,Collision with:  Vehicle in traffic,On Roadway,Rear-end (front to rear),Followed too close,None Indicated,,Daylight,Wet,Rain,None apparent,Non-intersection:  Non-junction/no special feature,Paved,,Possible/Unknown,0,1,0,0,1,0,6000,3,5,,POINT (-93.600505669216 41.602329728558)
2014815925,14-2771,09/08/2014,09-September,2-Monday,15:54,1500 Hours,District 1 (Central),FORT DODGE,WEBSTER,,5TH AVE S & S 16TH ST,Collision with:  Vehicle in traffic,On Roadway,Broadside (front to side),Ran Stop Sign,None Indicated,,Daylight,Dry,Clear,None apparent,Intersection:  Four-way intersection,Paved,,Property Damage Only,0,0,0,0,0,0,6000,2,2,,POINT (-94.176263386492 42.501050272959)
2014815858,20140026550,09/08/2014,09-September,2-Monday,16:54,1600 Hours,District 1 (Central),DES MOINES,POLK,IA 415,IA 415/2ND AVE,Collision with:  Vehicle in traffic,On Roadway,Broadside (front to side),FTYROW:  From driveway,None Indicated,,Daylight,Wet,Rain,None apparent,Non-intersection:  Driveway access (within),Paved,,Property Damage Only,0,0,0,0,0,0,3800,3,3,,POINT (-93.619884901905 41.628536929273)
2014816012,2014,09/08/2014,09-September,2-Monday,17:45,1700 Hours,District 5 (Southeast),,WARREN,I-35,I-35,Collision with fixed object:  Guardrail - face,Median,Non-collision (single vehicle),Driving too fast for conditions,None Indicated,,Daylight,Wet,Rain,"Surface condition (e.g., wet, icy)",Non-intersection:  Other non-intersection (explain in narrative),Paved,,Property Damage Only,0,0,0,0,0,0,5500,1,1,,POINT (-93.779938615528 41.290955351424)
2014815850,20140026529,09/08/2014,09-September,2-Monday,14:49,1400 Hours,District 1 (Central),DES MOINES,POLK,,UNIVERSITY AVE & 47TH ST,Collision with fixed object:  Traffic sign support,Shoulder,Non-collision (single vehicle),Swerving/Evasive Action,None Indicated,,Daylight,Wet,Rain,"Surface condition (e.g., wet, icy)",Non-intersection:  Non-junction/no special feature,Paved,,Property Damage Only,0,0,0,0,0,0,1600,1,1,,POINT (-93.681330324749 41.600356915827)
2014816409,201413289,09/08/2014,09-September,2-Monday,08:20,0800 Hours,District 6 (East Central),CEDAR RAPIDS,LINN,,FRANKLIN AVE NE & 27TH ST NE,Collision with:  Vehicle in traffic,On Roadway,Broadside (front to side),FTYROW:  From stop sign,None Indicated,,Daylight,Dry,Clear,None apparent,Intersection:  Four-way intersection,Paved,,Property Damage Only,0,0,0,0,0,0,8000,2,5,,POINT (-91.641509234328 42.004595117945)
2014815756,14-038162,09/08/2014,09-September,2-Monday,02:58,0200 Hours,District 4 (Southwest),COUNCIL BLUFFS,POTTAWATTAMIE,,N 9TH ST,Collision with:  Parked motor vehicle,On Roadway,Rear-end (front to rear),Exceeded authorized speed,None Indicated,,Dark - roadway lighted,Dry,Clear,None apparent,Non-intersection:  Non-junction/no special feature,Paved,,Property Damage Only,0,0,0,0,0,0,3000,2,777,,POINT (-95.857402956538 41.267453936894)
2014818836,2014-63340,09/08/2014,09-September,2-Monday,15:47,1500 Hours,District 6 (East Central),DAVENPORT,SCOTT,,E 13TH ST & LE CLAIRE ST,Collision with:  Vehicle in traffic,On Roadway,Broadside (front to side),Ran Stop Sign,None Indicated,,Daylight,Dry,Clear,None apparent,Intersection:  Four-way intersection,Paved,,Possible/Unknown,0,1,0,0,1,0,2000,2,2,,POINT (-90.568225349035 41.533015529974)