Iowa DOT Case Number,Law Enforcement Case Number,Date of Crash,Month of Crash,Day of Week,Time of Crash,Hour,DOT District,City Name,County Name,Route with System,Location Description,First Harmful Event,Location of First Harmful Event,Manner of Crash/Collision,Major Cause,Drug or Alcohol ,Environmental Conditions,Light Conditions,Surface Conditions,Weather Conditions,Roadway Contribution,Roadway Type,Roadway Surface,Work Zone,Crash Severity,Number of Fatalities,Number of Injuries,Number of Major Injuries,Number of Minor Injuries,Number of Possible Injuries,Number of Unknown Injuries,Amount of Property Damage,Number of Vehicles Involved,Total Number of Occupants,Travel Direction,Location
2014815900,2014-63244,09/08/2014,09-September,2-Monday,07:26,0700 Hours,District 6 (East Central),DAVENPORT,SCOTT,,W 41ST ST & MARQUETTE ST,Collision with:  Vehicle in traffic,On Roadway,"Sideswipe, same direction",FTYROW:  Other (explain in narrative),None Indicated,,Daylight,Dry,Clear,None apparent,Non-intersection:  Non-junction/no special feature,Paved,,Property Damage Only,0,0,0,0,0,0,3000,2,2,,POINT (-90.591048257264 41.563001148726)
2014815846,20140026494,09/08/2014,09-September,2-Monday,09:35,0900 Hours,District 1 (Central),DES MOINES,POLK,,E UNIVERSITY AVE & E 12TH ST,Collision with:  Vehicle in traffic,Shoulder,"Sideswipe, same direction",FTYROW:  Making left turn,None Indicated,,Daylight,Dry,Cloudy,None apparent,Intersection:  Four-way intersection,Paved,,Property Damage Only,0,0,0,0,0,0,1700,2,2,,POINT (-93.604711628088 41.600389141522)
2014816490,2014-4395,09/08/2014,09-September,2-Monday,07:52,0700 Hours,District 4 (Southwest),WAUKEE,DALLAS,US 6,US 6/HICKMAN AVE,Collision with:  Vehicle in traffic,On Roadway,Rear-end (front to rear),Other (explain in narrative):  Other,None Indicated,,Daylight,Dry,Cloudy,None apparent,Non-intersection:  Non-junction/no special feature,Paved,,Possible/Unknown,0,1,0,0,1,0,9000,2,2,,POINT (-93.857501133205 41.614985429452)
2014815923,2014-19563,09/08/2014,09-September,2-Monday,16:50,1600 Hours,District 5 (Southeast),INDIANOLA,WARREN,IA 92,IA 92/E 2ND AVE & S 1ST ST,Collision with:  Vehicle in traffic,On Roadway,Broadside (front to side),FTYROW:  From stop sign,None Indicated,,Daylight,Dry,Cloudy,None apparent,Intersection:  Four-way intersection,Paved,,Property Damage Only,0,0,0,0,0,0,2000,2,3,,POINT (-93.559557822931 41.358299817323)
2014815901,2014-63247,09/08/2014,09-September,2-Monday,07:44,0700 Hours,District 6 (East Central),DAVENPORT,SCOTT,,E LOCUST ST & ADAMS ST,Collision with:  Vehicle in traffic,On Roadway,Rear-end (front to rear),Followed too close,None Indicated,,Daylight,Dry,Clear,None apparent,Intersection:  T-intersection,Paved,,Possible/Unknown,0,1,0,0,1,0,2750,3,3,,POINT (-90.552299593604 41.538315463702)
2014816163,14-29658,09/08/2014,09-September,2-Monday,14:38,1400 Hours,District 3 (Northwest),SIOUX CITY,WOODBURY,IA 376,IA 376/NE RAMP & TRANSIT AVE & VINE AVE,Collision with:  Vehicle in traffic,On Roadway,Rear-end (front to rear),Followed too close,None Indicated,,Daylight,Dry,Clear,None apparent,Intersection:  Four-way intersection,Paved,,Property Damage Only,0,0,0,0,0,0,3000,2,2,,POINT (-96.379249724598 42.477457161817)
2014815801,W14-090714,09/08/2014,09-September,2-Monday,18:24,1800 Hours,District 2 (Northeast),WATERLOO,BLACK HAWK,,BISMARK AVE & KIRKWOOD AVE,Collision with:  Vehicle in traffic,On Roadway,Broadside (front to side),Ran Stop Sign,None Indicated,,Daylight,Dry,Clear,None apparent,Intersection:  Four-way intersection,Paved,,Property Damage Only,0,0,0,0,0,0,10000,2,2,,POINT (-92.374545868892 42.502732492428)
2014816719,14090696,09/08/2014,09-September,2-Monday,17:40,1700 Hours,District 2 (Northeast),CEDAR FALLS,BLACK HAWK,,18TH ST & HUDSON RD & W 18TH ST,Collision with:  Vehicle in traffic,On Roadway,"Angle, oncoming left turn",FTYROW:  Making left turn,None Indicated,,Daylight,Dry,Cloudy,None apparent,Intersection:  Four-way intersection,Paved,,Property Damage Only,0,0,0,0,0,0,10000,2,2,,POINT (-92.465564437297 42.522231397753)
2014815798,W14-090771,09/08/2014,09-September,2-Monday,22:20,2200 Hours,District 2 (Northeast),WATERLOO,BLACK HAWK,,E MITCHELL AVE & W 9TH ST,Collision with:  Vehicle in traffic,On Roadway,Broadside (front to side),Unknown,None Indicated,,Dark - roadway not lighted,Wet,Cloudy,None apparent,Intersection:  Four-way intersection,Paved,,Property Damage Only,0,0,0,0,0,0,2000,2,3,,POINT (-92.342493480069 42.476616255044)
2014816226,147052PD,09/08/2014,09-September,2-Monday,12:28,1200 Hours,District 1 (Central),BOONE,BOONE,,W 2ND ST & S MAIN ST,Collision with:  Vehicle in traffic,On Roadway,Broadside (front to side),FTYROW:  At uncontrolled intersection,None Indicated,,Daylight,Wet,Rain,None apparent,Intersection:  Four-way intersection,Paved,,Property Damage Only,0,0,0,0,0,0,6000,2,2,,POINT (-93.906851904201 42.058344644792)
2014815589,20140026510,09/08/2014,09-September,2-Monday,12:00,1200 Hours,District 1 (Central),DES MOINES,POLK,I-235,I-235 & 31ST ST,Collision with:  Vehicle in traffic,On Roadway,Rear-end (front to rear),Other (explain in narrative):  Other,None Indicated,,Daylight,Dry,Cloudy,None apparent,Non-intersection:  Non-junction/no special feature,Paved,,Property Damage Only,0,0,0,0,0,0,3600,2,3,,POINT (-93.659368931802 41.59311705724)
2014816445,GP20140743,09/08/2014,09-September,2-Monday,17:30,1700 Hours,District 1 (Central),GRINNELL,POWESHIEK,IA 146,IA 146/WEST ST & PINDER AVE,Collision with:  Vehicle in traffic,On Roadway,Rear-end (front to rear),Unknown,None Indicated,,Daylight,Wet,Rain,None apparent,Non-intersection:  Non-junction/no special feature,Paved,,Property Damage Only,0,0,0,0,0,0,4500,2,4,,POINT (-92.727277372964 41.717137223683)
2014815588,20140026496,09/08/2014,09-September,2-Monday,10:00,1000 Hours,District 1 (Central),DES MOINES,POLK,,SCOTT AVE & SE 9TH ST,Collision with:  Vehicle in traffic,On Roadway,Broadside (front to side),Ran Stop Sign,None Indicated,,Daylight,Dry,Cloudy,None apparent,Intersection:  Four-way intersection,Paved,,Possible/Unknown,0,1,0,0,1,0,13000,2,2,,POINT (-93.602732818372 41.582457090389)
2014815814,1409082621,09/08/2014,09-September,2-Monday,20:10,2000 Hours,District 6 (East Central),,CLINTON,US 67,US 67 & 463 AVE,Collision with:  Animal,,,Animal,None Indicated,,,,,,,Paved,,Property Damage Only,0,0,0,0,0,0,2500,1,1,,POINT (-90.193399403348 41.914786785279)
2014816860,2014009929,09/08/2014,09-September,2-Monday,15:55,1500 Hours,District 6 (East Central),IOWA CITY,JOHNSON,,DODGE ST,Collision with:  Vehicle in traffic,On Roadway,"Angle, oncoming left turn",FTYROW:  From driveway,None Indicated,,Daylight,Dry,Cloudy,None apparent,Non-intersection:  Driveway access (within),Paved,,Property Damage Only,0,0,0,0,0,0,3500,2,2,,POINT (-91.525838229316 41.653108035322)
2014815586,20140026484,09/08/2014,09-September,2-Monday,06:30,0600 Hours,District 5 (Southeast),DES MOINES,WARREN,IA 5,IA 5/IOWA 5,Non-collision events:  Other non-collision (explain in narrative),On Roadway,Non-collision (single vehicle),Other (explain in narrative):  No improper action,None Indicated,,Dawn,Dry,Clear,None apparent,Non-intersection:  Non-junction/no special feature,Paved,,Property Damage Only,0,0,0,0,0,0,6000,1,1,,POINT (-93.606301745922 41.49838193094)
2014817938,2014052320,09/08/2014,09-September,2-Monday,12:05,1200 Hours,District 1 (Central),,STORY,I-35,I-35,Collision with:  Vehicle in traffic,On Roadway,"Sideswipe, same direction",FTYROW:  Other (explain in narrative),None Indicated,,Daylight,Dry,Cloudy,None apparent,Interchange-related:  On-ramp merge area,Paved,,Property Damage Only,0,0,0,0,0,0,6000,2,3,,POINT (-93.571176201535 42.008826512514)
2014815808,W14-090644,09/08/2014,09-September,2-Monday,14:50,1400 Hours,District 2 (Northeast),WATERLOO,BLACK HAWK,,MULBERRY ST & VINTON ST,Collision with:  Vehicle in traffic,On Roadway,Broadside (front to side),FTYROW:  From stop sign,None Indicated,,Daylight,Wet,Rain,None apparent,Intersection:  Four-way intersection,Paved,,Property Damage Only,0,0,0,0,0,0,5000,2,2,,POINT (-92.3208406341 42.494393613707)
2014815706,146683,09/08/2014,09-September,2-Monday,07:20,0700 Hours,District 4 (Southwest),,DALLAS,,Co Rd F60/OLD HWY 6,Collision with:  Animal,,,Animal,None Indicated,,,,,,,Paved,,Property Damage Only,0,0,0,0,0,0,6000,1,1,,POINT (-94.099912214434 41.597906715244)
2014815949,2014009933,09/08/2014,09-September,2-Monday,17:21,1700 Hours,District 6 (East Central),IOWA CITY,JOHNSON,,W BENTON ST & MORMON TREK BLVD,Collision with:  Vehicle in traffic,On Roadway,Rear-end (front to rear),Followed too close,None Indicated,,Daylight,Wet,Rain,None apparent,Non-intersection:  Non-junction/no special feature,Paved,,Minor Injury,0,2,0,2,0,0,4000,2,3,,POINT (-91.574060144133 41.649627365912)
2014816086,201413296,09/08/2014,09-September,2-Monday,11:00,1100 Hours,District 6 (East Central),CEDAR RAPIDS,LINN,,15TH ST SE,Collision with fixed object:  Utility pole/light support,Shoulder,Non-collision (single vehicle),Ran off road - right,None Indicated,,Daylight,Dry,Cloudy,None apparent,Non-intersection:  Non-junction/no special feature,Paved,,Property Damage Only,0,0,0,0,0,0,6575,1,2,,POINT (-91.650421775344 41.977690026797)
2014815993,2014009921,09/08/2014,09-September,2-Monday,09:53,0900 Hours,District 6 (East Central),IOWA CITY,JOHNSON,,IOWA AVE,Collision with fixed object:  Other fixed object (explain in narrative),On Roadway,Non-collision (single vehicle),Other (explain in narrative):  Other,None Indicated,,Daylight,Dry,Cloudy,None apparent,Non-intersection:  Non-junction/no special feature,Paved,,Possible/Unknown,0,1,0,0,1,0,3000,1,1,,POINT (-91.530912357494 41.661288191046)
2014821029,S79140296,09/08/2014,09-September,2-Monday,04:30,0400 Hours,District 1 (Central),,POWESHIEK,,370TH AVE,Collision with fixed object:  Ditch,On Roadway,Non-collision (single vehicle),Ran off road - right,None Indicated,,Dark - roadway not lighted,"Mud, dirt",Unknown,None apparent,Non-intersection:  Non-junction/no special feature,Unpaved,,Property Damage Only,0,0,0,0,0,0,10150,1,2,,POINT (-92.44370893524 41.760690161114)
2014816239,,09/08/2014,09-September,2-Monday,17:12,1700 Hours,District 6 (East Central),MARENGO,IOWA,IA 212,IA 212/WESTERN AVE/SOUTH ST,Collision with:  Vehicle in traffic,On Roadway,Broadside (front to side),FTYROW:  From stop sign,None Indicated,,Daylight,Wet,Rain,None apparent,Intersection:  Four-way intersection,Paved,,Property Damage Only,0,0,0,0,0,0,2000,2,2,,POINT (-92.074334965556 41.796938440421)
2014816677,14-004214,09/08/2014,09-September,2-Monday,17:23,1700 Hours,District 1 (Central),AMES,STORY,,LINCOLN WAY & S HYLAND AVE,Collision with:  Vehicle in traffic,On Roadway,"Angle, oncoming left turn",FTYROW:  Making left turn,None Indicated,,Daylight,Dry,Clear,None apparent,Intersection:  Four-way intersection,Paved,,Property Damage Only,0,0,0,0,0,0,2000,2,2,,POINT (-93.655563594461 42.022750089173)
2014815799,W14-090643,09/08/2014,09-September,2-Monday,14:53,1400 Hours,District 2 (Northeast),WATERLOO,BLACK HAWK,,BALTIMORE ST,Collision with:  Vehicle in traffic,On Roadway,Broadside (front to side),FTYROW:  From driveway,None Indicated,,Daylight,Wet,Rain,None apparent,Non-intersection:  Other non-intersection (explain in narrative),Paved,,Property Damage Only,0,0,0,0,0,0,3500,2,2,,POINT (-92.349614581162 42.471523540464)
2014816544,2014052326,09/08/2014,09-September,2-Monday,12:53,1200 Hours,District 2 (Northeast),HARPERS FERRY,ALLAMAKEE,,RHOMBERG AVE,Non-collision events:  Other non-collision (explain in narrative),On Roadway,Non-collision (single vehicle),Crossed centerline (undivided),None Indicated,,Daylight,Dry,Clear,None apparent,Non-intersection:  Non-junction/no special feature,Paved,,Possible/Unknown,0,1,0,0,1,0,1500,1,1,,POINT (-91.157851440699 43.200097795021)
2014816675,14-004208,09/08/2014,09-September,2-Monday,15:52,1500 Hours,District 1 (Central),AMES,STORY,US 69,US 69/S DUFF AVE,Collision with:  Vehicle in traffic,On Roadway,Rear-end (front to rear),Driving too fast for conditions,None Indicated,,Daylight,Wet,Rain,None apparent,"Interchange-related:  Off-ramp, diverge area",Paved,,Property Damage Only,0,0,0,0,0,0,2500,2,5,,POINT (-93.610029053642 42.006645155386)
2014817051,2014052538,09/09/2014,09-September,3-Tuesday,10:46,1000 Hours,District 5 (Southeast),,WARREN,I-35,I-35,Collision with fixed object:  Bridge overhead structure,On Roadway,Non-collision (single vehicle),Swerving/Evasive Action,None Indicated,,Daylight,Dry,Cloudy,None apparent,Non-intersection:  Other non-intersection (explain in narrative),Paved,,Property Damage Only,0,0,0,0,0,0,320000,2,2,,POINT (-93.780118246245 41.485102294045)
2014816209,14-17576,09/09/2014,09-September,3-Tuesday,07:50,0700 Hours,District 6 (East Central),BETTENDORF,SCOTT,I-74,I-74,Collision with:  Vehicle in traffic,On Roadway,Rear-end (front to rear),Driving too fast for conditions,None Indicated,,Daylight,Wet,Rain,None apparent,Non-intersection:  Other non-intersection (explain in narrative),Paved,,Property Damage Only,0,0,0,0,0,0,8500,2,3,,POINT (-90.513245176525 41.521436715785)
2014817337,1-14-000336,09/09/2014,09-September,3-Tuesday,07:23,0700 Hours,District 4 (Southwest),,SHELBY,,2300TH ST,Collision with:  Other non-fixed object (explain in narrative),On Roadway,Head-on (front to front),Crossed centerline (undivided),None Indicated,,Daylight,"Mud, dirt",Clear,None apparent,Non-intersection:  Non-junction/no special feature,Unpaved,,Possible/Unknown,0,2,0,0,2,0,10000,2,3,,POINT (-95.384080002808 41.835480979957)
2014816251,W14-091056,09/09/2014,09-September,3-Tuesday,19:37,1900 Hours,District 2 (Northeast),WATERLOO,BLACK HAWK,,COLUMBUS DR & W 9TH ST,Collision with:  Vehicle in traffic,On Roadway,Rear-end (front to rear),Driving too fast for conditions,None Indicated,,Dark - roadway lighted,Wet,Rain,"Surface condition (e.g., wet, icy)",Non-intersection:  Non-junction/no special feature,Paved,,Possible/Unknown,0,2,0,0,2,0,3000,2,2,,POINT (-92.343815141792 42.465393506445)
2014816195,14-038420,09/09/2014,09-September,3-Tuesday,15:46,1500 Hours,District 4 (Southwest),COUNCIL BLUFFS,POTTAWATTAMIE,,AVE G,Collision with:  Vehicle in traffic,On Roadway,Rear-end (front to rear),Followed too close,None Indicated,,Daylight,Water (standing or moving),Rain,Unknown,Non-intersection:  Non-junction/no special feature,Paved,,Property Damage Only,0,0,0,0,0,0,2500,2,2,,POINT (-95.879036348726 41.268085368567)
2014817528,14-028049,09/09/2014,09-September,3-Tuesday,01:31,0100 Hours,District 5 (Southeast),,LEE,,VALLEY RD,Collision with:  Animal,On Roadway,Non-collision (single vehicle),Animal,None Indicated,,Dark - roadway not lighted,Dry,Cloudy,None apparent,Non-intersection:  Non-junction/no special feature,Unpaved,,Property Damage Only,0,0,0,0,0,0,4000,1,1,,POINT (-91.444879944466 40.386894643632)
2014815869,14-4481,09/09/2014,09-September,3-Tuesday,13:45,1300 Hours,District 1 (Central),WEST DES MOINES,POLK,I-235,I-235,Collision with:  Vehicle in traffic,On Roadway,Rear-end (front to rear),Followed too close,None Indicated,,Daylight,Dry,Cloudy,None apparent,Non-intersection:  Non-junction/no special feature,Paved,,Property Damage Only,0,0,0,0,0,0,2000,2,2,,POINT (-93.724307425982 41.593356784585)
2014817181,2014-63481,09/09/2014,09-September,3-Tuesday,08:49,0800 Hours,District 6 (East Central),DAVENPORT,SCOTT,,IOWA ST,Collision with:  Vehicle in traffic,On Roadway,Rear-end (front to rear),Unknown,None Indicated,,Daylight,Wet,Cloudy,None apparent,Non-intersection:  Alley,Paved,,Property Damage Only,0,0,0,0,0,0,1500,2,3,,POINT (-90.569632542612 41.538647280263)
2014816385,W14-090963,09/09/2014,09-September,3-Tuesday,15:12,1500 Hours,District 2 (Northeast),WATERLOO,BLACK HAWK,,E SAN MARNAN DR & HAWKEYE RD,Collision with:  Vehicle in traffic,On Roadway,"Sideswipe, same direction",Improper or erratic lane changing,None Indicated,,Daylight,Dry,Cloudy,None apparent,Non-intersection:  Non-junction/no special feature,Paved,,Minor Injury,0,1,0,1,0,0,700,2,2,,POINT (-92.346709333368 42.457277723043)
2014816113,20140026679,09/09/2014,09-September,3-Tuesday,18:35,1800 Hours,District 1 (Central),DES MOINES,POLK,,HICKMAN RD & MLK JR PKWY,Collision with:  Vehicle in traffic,On Roadway,Broadside (front to side),Unknown,None Indicated,,Daylight,Wet,Rain,None apparent,Intersection:  Four-way intersection,Paved,,Possible/Unknown,0,1,0,0,1,0,4500,2,2,,POINT (-93.646461472405 41.615050886462)
2014816856,14-17612,09/09/2014,09-September,3-Tuesday,18:34,1800 Hours,District 6 (East Central),BETTENDORF,SCOTT,,TANGLEFOOT LN & DEVILS GLEN RD,Collision with:  Vehicle in traffic,On Roadway,Broadside (front to side),Ran Traffic Signal,None Indicated,,Daylight,Wet,Rain,None apparent,Intersection:  Four-way intersection,Paved,,Property Damage Only,0,0,0,0,0,0,9500,2,2,,POINT (-90.48351243526 41.560696603271)
2014816527,2014052645,09/09/2014,09-September,3-Tuesday,15:25,1500 Hours,District 4 (Southwest),,ADAIR,I-80,I-80,Non-collision events:  Overturn/rollover,Median,Non-collision (single vehicle),Ran off road - left,None Indicated,,Daylight,Wet,Rain,None apparent,Non-intersection:  Non-junction/no special feature,Paved,,Property Damage Only,0,0,0,0,0,0,19500,1,2,,POINT (-94.360294357744 41.493277414401)
2014816403,14015791,09/09/2014,09-September,3-Tuesday,17:10,1700 Hours,District 2 (Northeast),MASON CITY,CERRO GORDO,US 65,US 65/4TH ST SW,Collision with:  Vehicle in traffic,On Roadway,Broadside (front to side),FTYROW:  From stop sign,None Indicated,,Daylight,Dry,Cloudy,None apparent,Intersection:  T-intersection,Paved,,Property Damage Only,0,0,0,0,0,0,1800,2,2,,POINT (-93.201543945927 43.14812724315)
2014816781,01-14-37608,09/09/2014,09-September,3-Tuesday,14:57,1400 Hours,District 6 (East Central),DUBUQUE,DUBUQUE,IA 32,IA 32/IA32 NW ARTERIAL,Collision with:  Vehicle in traffic,On Roadway,Rear-end (front to rear),Lost Control,None Indicated,,Daylight,Dry,Cloudy,None apparent,Non-intersection:  Non-junction/no special feature,Paved,,Property Damage Only,0,0,0,0,0,0,3800,2,2,,POINT (-90.740777134491 42.501311699204)
2014816464,S14-9103,09/09/2014,09-September,3-Tuesday,13:12,1300 Hours,District 3 (Northwest),ANTHON,WOODBURY,,E STATE ST & N CAULEY ST,Collision with:  Vehicle in traffic,On Roadway,Broadside (front to side),Ran Stop Sign,None Indicated,,Daylight,Dry,Cloudy,None apparent,Intersection:  Four-way intersection,Paved,,Minor Injury,0,1,0,1,0,0,9000,2,2,,POINT (-95.863832280841 42.390302015458)
2014816127,14-4487,09/09/2014,09-September,3-Tuesday,16:20,1600 Hours,District 1 (Central),WEST DES MOINES,POLK,,MILLS CIVIC PKWY,Collision with:  Vehicle in traffic,On Roadway,Rear-end (front to rear),Unknown,None Indicated,,Daylight,Wet,Rain,None apparent,Non-intersection:  Non-junction/no special feature,Paved,,Property Damage Only,0,0,0,0,0,0,1800,2,3,,POINT (-93.787626985946 41.559082239956)
2014816165,14-29717,09/09/2014,09-September,3-Tuesday,00:28,0000 Hours,District 3 (Northwest),SIOUX CITY,WOODBURY,,STONE PARK BLVD,Collision with:  Parked motor vehicle,On Roadway,Rear-end (front to rear),Lost Control,Alcohol (Statutory),,Dark - roadway lighted,Dry,Cloudy,None apparent,Non-intersection:  Non-junction/no special feature,Paved,,Property Damage Only,0,0,0,0,0,0,8000,2,3,,POINT (-96.412704119632 42.523774258144)
2014816087,201413331,09/09/2014,09-September,3-Tuesday,07:59,0700 Hours,District 6 (East Central),CEDAR RAPIDS,LINN,,29TH ST NE & PRAIRIE DR NE,Collision with:  Vehicle in traffic,On Roadway,Rear-end (front to rear),Lost Control,None Indicated,,Daylight,Wet,Cloudy,None apparent,Intersection:  Four-way intersection,Paved,,Property Damage Only,0,0,0,0,0,0,6000,2,4,,POINT (-91.652962298036 42.00661244607)
2014817920,2014052682,09/09/2014,09-September,3-Tuesday,20:52,2000 Hours,District 6 (East Central),,IOWA,I-80,I-80,Collision with fixed object:  Ditch,Outside trafficway,Non-collision (single vehicle),Ran off road - right,None Indicated,,Dark - roadway not lighted,Wet,Rain,None apparent,Non-intersection:  Non-junction/no special feature,Paved,,Property Damage Only,0,0,0,0,0,0,4000,1,1,,POINT (-92.14670200517 41.69579230314)
2014816170,14-29756,09/09/2014,09-September,3-Tuesday,13:05,1300 Hours,District 3 (Northwest),SIOUX CITY,WOODBURY,,8TH ST & NEBRASKA ST,Collision with:  Vehicle in traffic,On Roadway,Broadside (front to side),FTYROW:  From stop sign,None Indicated,,Daylight,Dry,Cloudy,None apparent,Intersection:  Four-way intersection,Paved,,Property Damage Only,0,0,0,0,0,0,5700,3,3,,POINT (-96.403505693528 42.498538483325)
2014816009,CL14003218,09/09/2014,09-September,3-Tuesday,06:47,0600 Hours,District 6 (East Central),CLINTON,CLINTON,US 30,US 30/LINCOLN WAY & CENTRAL STEEL RD & MILL CREEK PKWY,Collision with:  Vehicle in traffic,On Roadway,"Angle, oncoming left turn",FTYROW:  Making left turn,None Indicated,,Daylight,Wet,Rain,None apparent,Intersection:  Four-way intersection,Paved,,Property Damage Only,0,0,0,0,0,0,5000,2,2,,POINT (-90.257516742271 41.815400917598)
2014816112,20140026674,09/09/2014,09-September,3-Tuesday,17:50,1700 Hours,District 1 (Central),DES MOINES,POLK,,FLEUR DR,Collision with:  Vehicle in traffic,On Roadway,"Angle, oncoming left turn",FTYROW:  From driveway,None Indicated,,Daylight,Wet,Rain,None apparent,Non-intersection:  Driveway access (within),Paved,,Property Damage Only,0,0,0,0,0,0,7000,2,3,,POINT (-93.64500816069 41.547441569309)
2014816526,2014052490,09/09/2014,09-September,3-Tuesday,07:34,0700 Hours,District 6 (East Central),CORALVILLE,JOHNSON,I-80,I-80,Non-collision events:  Other non-collision (explain in narrative),On Roadway,"Sideswipe, same direction",Swerving/Evasive Action,None Indicated,,Daylight,Wet,Rain,None apparent,Non-intersection:  Non-junction/no special feature,Paved,,Property Damage Only,0,0,0,0,0,0,9600,2,2,,POINT (-91.533970451028 41.687429046299)
2014816083,142754,09/09/2014,09-September,3-Tuesday,15:00,1500 Hours,District 3 (Northwest),DENISON,CRAWFORD,IA 39,IA 39/IOWA 39 & AVE C,Collision with:  Vehicle in traffic,On Roadway,Unknown,Unknown,None Indicated,,Daylight,Wet,Rain,None apparent,Non-intersection:  Non-junction/no special feature,Paved,,Property Damage Only,0,0,0,0,0,0,1500,2,2,,POINT (-95.367283343219 42.023665534968)
2014816340,02543,09/09/2014,09-September,3-Tuesday,16:43,1600 Hours,District 6 (East Central),DYERSVILLE,DUBUQUE,,6TH AVE NW & 3RD ST NW,Collision with:  Parked motor vehicle,On Roadway,Broadside (front to side),Illegally Parked/Unattended,None Indicated,,Daylight,Dry,Cloudy,None apparent,Non-intersection:  Non-junction/no special feature,Paved,,Property Damage Only,0,0,0,0,0,0,3000,2,1,,POINT (-91.126624733226 42.489990255596)
2014816278,14-003865,09/09/2014,09-September,3-Tuesday,17:40,1700 Hours,District 1 (Central),ANKENY,POLK,,SW STATE ST,Collision with:  Vehicle in traffic,On Roadway,Rear-end (front to rear),Driver Distraction:  Inattentive/lost in thought,None Indicated,,Dusk,Wet,Rain,None apparent,Intersection:  Four-way intersection,Paved,,Property Damage Only,0,0,0,0,0,0,1500,2,2,,POINT (-93.621539727073 41.703278173058)
2014816173,14-29785,09/09/2014,09-September,3-Tuesday,16:13,1600 Hours,District 3 (Northwest),SIOUX CITY,WOODBURY,,W 19TH ST & GEORGE ST,Collision with:  Vehicle in traffic,On Roadway,"Angle, oncoming left turn",Ran Stop Sign,None Indicated,,Daylight,Dry,Cloudy,None apparent,Intersection:  Four-way intersection,Paved,,Property Damage Only,0,0,0,0,0,0,3000,2,2,,POINT (-96.427142297538 42.510439517278)
2014816852,C14002878,09/09/2014,09-September,3-Tuesday,22:15,2200 Hours,District 6 (East Central),CORALVILLE,JOHNSON,I-80,I-80,Collision with:  Vehicle in traffic,On Roadway,"Sideswipe, same direction",Improper or erratic lane changing,None Indicated,,Dark - roadway not lighted,Wet,Rain,None apparent,Non-intersection:  Non-junction/no special feature,Paved,,Property Damage Only,0,0,0,0,0,0,14000,2,4,,POINT (-91.634395217148 41.694349756258)
2014816800,01-14-37614,09/09/2014,09-September,3-Tuesday,19:02,1900 Hours,District 6 (East Central),DUBUQUE,DUBUQUE,,PRINCE ST,Collision with:  Parked motor vehicle,On Roadway,"Sideswipe, same direction",Swerving/Evasive Action,None Indicated,,Daylight,Wet,Rain,None apparent,Non-intersection:  Non-junction/no special feature,Paved,,Property Damage Only,0,0,0,0,0,0,1500,2,1,,POINT (-90.667897406537 42.515889380108)
2014818253,14-006896,09/09/2014,09-September,3-Tuesday,12:22,1200 Hours,District 4 (Southwest),PERRY,DALLAS,IA 144,IA 144/1ST AVE & WILLIS AVE,Collision with:  Vehicle in traffic,On Roadway,Rear-end (front to rear),Followed too close,None Indicated,,Daylight,Dry,Cloudy,None apparent,Intersection:  Four-way intersection,Paved,,Property Damage Only,0,0,0,0,0,0,1600,2,3,,POINT (-94.106576356263 41.838516558652)
2014816182,2014009950,09/09/2014,09-September,3-Tuesday,08:05,0800 Hours,District 6 (East Central),IOWA CITY,JOHNSON,,N DUBUQUE ST,Collision with:  Vehicle in traffic,On Roadway,Rear-end (front to rear),Followed too close,None Indicated,,Daylight,Wet,Rain,None apparent,Non-intersection:  Non-junction/no special feature,Paved,,Possible/Unknown,0,1,0,0,1,0,4000,2,2,,POINT (-91.532698214747 41.672560554606)
2014817919,2014052621,09/09/2014,09-September,3-Tuesday,14:00,1400 Hours,District 6 (East Central),,BENTON,US 151,US 151/32 AVE,Collision with:  Vehicle in traffic,On Roadway,Rear-end (front to rear),Followed too close,None Indicated,,Daylight,Dry,Cloudy,Work Zone (roadway-related),Non-intersection:  Non-junction/no special feature,Paved,Yes,Minor Injury,0,1,0,1,0,0,3000,2,2,,POINT (-91.870262426815 41.870715187728)
2014816528,2014052654,09/09/2014,09-September,3-Tuesday,16:45,1600 Hours,District 6 (East Central),CORALVILLE,JOHNSON,I-80,I-80,Non-collision events:  Other non-collision (explain in narrative),Shoulder,Rear-end (front to rear),Ran off road - left,None Indicated,,Daylight,Water (standing or moving),Rain,"Surface condition (e.g., wet, icy)",Non-intersection:  Non-junction/no special feature,Paved,,Property Damage Only,0,0,0,0,0,0,23000,2,3,,POINT (-91.626380194746 41.694335282432)
2014816206,14-9722,09/09/2014,09-September,3-Tuesday,07:40,0700 Hours,District 3 (Northwest),,SAC,US 20,US 20 & Co Rd M50/NEEDHAM AVE,Collision with:  Vehicle in traffic,On Roadway,Broadside (front to side),Swerving/Evasive Action,None Indicated,,Daylight,Dry,"Fog, smoke, smog",None apparent,Intersection:  Four-way intersection,Paved,,Property Damage Only,0,0,0,0,0,0,30000,2,2,,POINT (-95.089245194604 42.469876250212)