Iowa DOT Case Number,Law Enforcement Case Number,Date of Crash,Month of Crash,Day of Week,Time of Crash,Hour,DOT District,City Name,County Name,Route with System,Location Description,First Harmful Event,Location of First Harmful Event,Manner of Crash/Collision,Major Cause,Drug or Alcohol ,Environmental Conditions,Light Conditions,Surface Conditions,Weather Conditions,Roadway Contribution,Roadway Type,Roadway Surface,Work Zone,Crash Severity,Number of Fatalities,Number of Injuries,Number of Major Injuries,Number of Minor Injuries,Number of Possible Injuries,Number of Unknown Injuries,Amount of Property Damage,Number of Vehicles Involved,Total Number of Occupants,Travel Direction,Location
2014817521,14-9369,09/10/2014,09-September,4-Wednesday,09:26,0900 Hours,District 3 (Northwest),CARROLL,CARROLL,US 30,US 30/6TH ST & MAIN ST,Collision with:  Vehicle in traffic,On Roadway,Broadside (front to side),FTYROW:  Making left turn,None Indicated,,Daylight,Dry,Cloudy,None apparent,Non-intersection:  Non-junction/no special feature,Paved,,Property Damage Only,0,0,0,0,0,0,3500,2,3,,POINT (-94.867224483708 42.065603797615)
2014816330,S14-003601,09/10/2014,09-September,4-Wednesday,15:20,1500 Hours,District 4 (Southwest),COUNCIL BLUFFS,POTTAWATTAMIE,IA 92,IA 92/IOWA 92 & STONEYBROOK DR,Collision with:  Vehicle in traffic,On Roadway,Rear-end (front to rear),Improper or erratic lane changing,None Indicated,,Daylight,Dry,Cloudy,None apparent,Intersection:  Other intersection (explain in narrative),Paved,,Possible/Unknown,0,2,0,0,2,0,29500,4,6,,POINT (-95.762108497326 41.23257574488)
2014816255,142764,09/10/2014,09-September,4-Wednesday,13:14,1300 Hours,District 3 (Northwest),DENISON,CRAWFORD,US 30,US 30/4TH AVE S & US 59,Collision with:  Vehicle in traffic,Shoulder,Broadside (front to side),Ran Stop Sign,None Indicated,,Daylight,Dry,Cloudy,None apparent,Intersection:  Other intersection (explain in narrative),Paved,,Property Damage Only,0,0,0,0,0,0,5000,2,2,,POINT (-95.365363672944 42.012285740739)
2014816288,20140026770,09/10/2014,09-September,4-Wednesday,16:23,1600 Hours,District 1 (Central),DES MOINES,POLK,,E GRAND AVE & PENNSYLVANIA AVE,Collision with:  Vehicle in traffic,On Roadway,Broadside (front to side),Ran Traffic Signal,None Indicated,,Daylight,Dry,Cloudy,None apparent,Intersection:  Four-way intersection,Paved,,Property Damage Only,0,0,0,0,0,0,3000,2,2,,POINT (-93.608058452888 41.591319209692)
2014816284,20140026755,09/10/2014,09-September,4-Wednesday,14:15,1400 Hours,District 1 (Central),DES MOINES,POLK,US 69,US 69/E 14TH ST,Collision with:  Vehicle in traffic,On Roadway,Rear-end (front to rear),Followed too close,None Indicated,,Daylight,Dry,Cloudy,None apparent,Non-intersection:  Non-junction/no special feature,Paved,,Possible/Unknown,0,1,0,0,1,0,7000,2,2,,POINT (-93.600572598196 41.610841208381)
2014816316,14-23911,09/10/2014,09-September,4-Wednesday,01:00,0100 Hours,District 1 (Central),,JASPER,,Co Rd T38/HWY T-38 N,Non-collision events:  Other non-collision (explain in narrative),Roadside,Non-collision (single vehicle),Driving too fast for conditions,None Indicated,,Dark - roadway not lighted,Wet,Rain,"Surface condition (e.g., wet, icy)",Non-intersection:  Non-junction/no special feature,Paved,,Possible/Unknown,0,1,0,0,1,0,1500,1,1,,POINT (-92.785555416919 41.750505882585)
2014816103,20140029719,09/10/2014,09-September,4-Wednesday,07:30,0700 Hours,District 1 (Central),DES MOINES,POLK,,E UNIVERSITY AVE,Collision with:  Vehicle in traffic,On Roadway,Rear-end (front to rear),Followed too close,None Indicated,,Daylight,Dry,Cloudy,None apparent,Non-intersection:  Non-junction/no special feature,Paved,,Property Damage Only,0,0,0,0,0,0,6000,2,2,,POINT (-93.604927447459 41.600369990943)
2014816874,2014009453,09/10/2014,09-September,4-Wednesday,15:00,1500 Hours,District 1 (Central),MARSHALLTOWN,MARSHALL,,W CHURCH ST & S 14TH ST,Non-collision events:  Other non-collision (explain in narrative),Outside trafficway,Non-collision (single vehicle),Other (explain in narrative):  No improper action,None Indicated,,Daylight,Dry,Clear,None apparent,Non-intersection:  Non-junction/no special feature,Paved,,Property Damage Only,0,0,0,0,0,0,1600,1,1,,POINT (-92.937333479387 42.047878126467)
2014826659,,09/10/2014,09-September,4-Wednesday,22:54,2200 Hours,District 2 (Northeast),,WINNESHIEK,,Co Rd W34/NORTH WINN RD,Non-collision events:  Overturn/rollover,On Roadway,Non-collision (single vehicle),Exceeded authorized speed,Under Influence of Alcohol/Drugs/Medications,,Dark - roadway not lighted,,Clear,None apparent,Non-intersection:  Non-junction/no special feature,Paved,,Property Damage Only,0,0,0,0,0,0,8000,1,3,,POINT (-91.809593180402 43.450255110241)
2014816876,SO14-1108,09/10/2014,09-September,4-Wednesday,22:00,2200 Hours,District 2 (Northeast),,WRIGHT,,255TH ST,Non-collision events:  Other non-collision (explain in narrative),On Roadway,Non-collision (single vehicle),Swerving/Evasive Action,None Indicated,,Dark - roadway not lighted,"Mud, dirt",Cloudy,"Shoulders (none, low, soft, high)",Non-intersection:  Non-junction/no special feature,Unpaved,,Possible/Unknown,0,1,0,0,1,0,500,1,4,,POINT (-93.926408101274 42.680771515671)
2014816282,20140026809,09/10/2014,09-September,4-Wednesday,23:20,2300 Hours,District 1 (Central),DES MOINES,POLK,,29TH ST,Collision with:  Parked motor vehicle,On Roadway,Head-on (front to front),Lost Control,Alcohol (Statutory),,Dark - roadway lighted,Dry,Clear,None apparent,Non-intersection:  Driveway access (within),Paved,,Property Damage Only,0,0,0,0,0,0,7000,2,1,,POINT (-93.656876332231 41.595788460689)
2014816089,201413377,09/10/2014,09-September,4-Wednesday,08:26,0800 Hours,District 6 (East Central),CEDAR RAPIDS,LINN,,15TH AVE SW & C ST SW,Collision with:  Vehicle in traffic,On Roadway,"Angle, oncoming left turn",FTYROW:  Making left turn,None Indicated,,Daylight,Wet,Cloudy,None apparent,Intersection:  Four-way intersection,Paved,,Minor Injury,0,2,0,2,0,0,44000,2,3,,POINT (-91.662919536293 41.964749920099)
2014816624,20140026951,09/10/2014,09-September,4-Wednesday,15:00,1500 Hours,District 1 (Central),DES MOINES,POLK,,GEORGE FLAGG PKWY & FLEUR DR,Collision with:  Vehicle in traffic,On Roadway,Rear-end (front to rear),Followed too close,None Indicated,,Daylight,Dry,Clear,None apparent,Non-intersection:  Non-junction/no special feature,Paved,,Possible/Unknown,0,1,0,0,1,0,3000,2,3,,POINT (-93.644955154923 41.568645034852)
2014816119,20140026749,09/10/2014,09-September,4-Wednesday,13:24,1300 Hours,District 1 (Central),DES MOINES,POLK,,SCOTT AVE & SE 12TH ST,Collision with:  Vehicle in traffic,On Roadway,"Sideswipe, same direction",Made improper turn,None Indicated,,Daylight,Dry,Cloudy,None apparent,Intersection:  Four-way intersection,Paved,,Property Damage Only,0,0,0,0,0,0,1800,2,5,,POINT (-93.598673674602 41.583288952045)
2014816078,W14-091218,09/10/2014,09-September,4-Wednesday,10:50,1000 Hours,District 2 (Northeast),WATERLOO,BLACK HAWK,,E ORANGE RD & CAMPUS VIEW DR,Collision with:  Vehicle in traffic,On Roadway,Broadside (front to side),FTYROW:  From stop sign,None Indicated,,Daylight,Dry,Cloudy,None apparent,Intersection:  Four-way intersection,Paved,,Property Damage Only,0,0,0,0,0,0,3000,2,2,,POINT (-92.332177057722 42.428519142375)
2014816280,20140026800,09/10/2014,09-September,4-Wednesday,22:04,2200 Hours,District 1 (Central),DES MOINES,POLK,,E HULL AVE,Collision with fixed object:  Other fixed object (explain in narrative),Outside trafficway,Non-collision (single vehicle),Exceeded authorized speed,None Indicated,,Dark - roadway lighted,Dry,Cloudy,None apparent,Non-intersection:  Non-junction/no special feature,Paved,,Minor Injury,0,1,0,1,0,0,21400,1,1,,POINT (-93.54116407292 41.622377230693)
2014816679,14-004243,09/10/2014,09-September,4-Wednesday,13:16,1300 Hours,District 1 (Central),AMES,STORY,US 69,US 69/S DUFF AVE/LINCOLN WAY,Collision with:  Vehicle in traffic,On Roadway,"Angle, oncoming left turn",FTYROW:  From driveway,None Indicated,,Daylight,Dry,Cloudy,None apparent,Non-intersection:  Driveway access (within),Paved,,Property Damage Only,0,0,0,0,0,0,2000,2,2,,POINT (-93.610329191514 42.022882442555)
2014821957,,09/10/2014,09-September,4-Wednesday,23:19,2300 Hours,District 5 (Southeast),FORT MADISON,LEE,,AVE D,Collision with:  Parked motor vehicle,Shoulder,"Sideswipe, same direction",Improper Backing,None Indicated,,Dark - roadway lighted,Dry,Clear,None apparent,Non-intersection:  Non-junction/no special feature,Paved,,Property Damage Only,0,0,0,0,0,0,2000,2,1,,POINT (-91.303392183897 40.633959617159)
2014816943,1400000788,09/10/2014,09-September,4-Wednesday,07:32,0700 Hours,District 1 (Central),,MARSHALL,IA 330,IA 330/MARSH AVE,Collision with fixed object:  Ditch,On Roadway,Non-collision (single vehicle),Driving too fast for conditions,None Indicated,,Daylight,Wet,Cloudy,None apparent,Non-intersection:  Non-junction/no special feature,Paved,,Property Damage Only,0,0,0,0,0,0,8000,1,1,,POINT (-93.00064097756 42.101313082435)
2014817531,14-028245,09/10/2014,09-September,4-Wednesday,20:55,2000 Hours,District 5 (Southeast),,LEE,,Co Rd W62/ARGYLE RD & 350 ST,Collision with:  Animal,,,Animal,None Indicated,,,,,,,Paved,,Property Damage Only,0,0,0,0,0,0,2000,1,1,,POINT (-91.488423473955 40.451649716806)
2014816318,14-038626,09/10/2014,09-September,4-Wednesday,19:40,1900 Hours,District 4 (Southwest),COUNCIL BLUFFS,POTTAWATTAMIE,,S 9TH ST,Collision with:  Parked motor vehicle,On Roadway,"Sideswipe, same direction",Lost Control,None Indicated,,Dusk,Dry,Clear,None apparent,Non-intersection:  Non-junction/no special feature,Paved,,Property Damage Only,0,0,0,0,0,0,1600,2,1,,POINT (-95.857513790813 41.257409100742)
2014816120,20140026752,09/10/2014,09-September,4-Wednesday,13:40,1300 Hours,District 1 (Central),DES MOINES,POLK,,LOCUST ST & 12TH ST,Collision with:  Vehicle in traffic,On Roadway,"Sideswipe, same direction",FTYROW:  From parked position,None Indicated,,Daylight,Dry,Cloudy,None apparent,Non-intersection:  Non-junction/no special feature,Paved,,Property Damage Only,0,0,0,0,0,0,1500,2,3,,POINT (-93.632271831343 41.585279843381)
2014816470,201401008,09/10/2014,09-September,4-Wednesday,21:23,2100 Hours,District 6 (East Central),IOWA CITY,JOHNSON,,E COLLEGE ST & LUCAS ST,Collision with:  Vehicle in traffic,On Roadway,Rear-end (front to rear),Followed too close,None Indicated,,Dark - roadway not lighted,Dry,Cloudy,None apparent,Intersection:  Four-way intersection,Paved,,Possible/Unknown,0,1,0,0,1,0,800,2,2,,POINT (-91.524312150448 41.658933897303)
2014816292,20140026793,09/10/2014,09-September,4-Wednesday,18:54,1800 Hours,District 1 (Central),DES MOINES,POLK,,COURT AVE,Collision with:  Vehicle in traffic,On Roadway,Broadside (front to side),FTYROW:  From parked position,None Indicated,,Daylight,Dry,Cloudy,None apparent,Non-intersection:  Non-junction/no special feature,Paved,,Property Damage Only,0,0,0,0,0,0,2000,2,3,,POINT (-93.622274830126 41.584920051389)
2014816281,20140026807,09/10/2014,09-September,4-Wednesday,23:14,2300 Hours,District 1 (Central),DES MOINES,POLK,,2ND AVE,Collision with:  Other non-fixed object (explain in narrative),On Roadway,Non-collision (single vehicle),Unknown,None Indicated,,Dark - roadway lighted,Dry,Clear,Work Zone (roadway-related),Non-intersection:  Non-junction/no special feature,Paved,Yes,Property Damage Only,0,0,0,0,0,0,3000,1,1,,POINT (-93.619952031008 41.625519158456)
2014816080,14-013897,09/10/2014,09-September,4-Wednesday,07:02,0700 Hours,District 3 (Northwest),,CLAY,US 71,US 71,Collision with:  Vehicle in traffic,On Roadway,"Sideswipe, same direction",Swerving/Evasive Action,None Indicated,,Daylight,Dry,Clear,None apparent,Non-intersection:  Non-junction/no special feature,Paved,,Minor Injury,0,1,0,1,0,0,5000,2,2,,POINT (-95.149563862832 43.242284693217)
2014816354,C14002880,09/10/2014,09-September,4-Wednesday,11:00,1100 Hours,District 6 (East Central),CORALVILLE,JOHNSON,,FOREVERGREEN RD & CORAL RIDGE AVE & HWY 965,Collision with:  Vehicle in traffic,On Roadway,Rear-end (front to rear),Followed too close,None Indicated,,Daylight,Dry,Cloudy,None apparent,Intersection:  Four-way intersection,Paved,,Property Damage Only,0,0,0,0,0,0,2000,2,2,,POINT (-91.607819344617 41.723050799214)
2014816301,14-29912,09/10/2014,09-September,4-Wednesday,16:59,1600 Hours,District 3 (Northwest),SIOUX CITY,WOODBURY,,27TH ST & PIERCE ST,Collision with:  Vehicle in traffic,On Roadway,"Sideswipe, same direction",Made improper turn,None Indicated,,Daylight,Dry,Cloudy,None apparent,Intersection:  Four-way intersection,Paved,,Property Damage Only,0,0,0,0,0,0,3000,2,3,,POINT (-96.405179394051 42.518145459387)
2014817158,2014-63865,09/10/2014,09-September,4-Wednesday,18:51,1800 Hours,District 6 (East Central),DAVENPORT,SCOTT,,RIPLEY ST,Collision with:  Vehicle in traffic,Shoulder,Unknown,Other (explain in narrative):  Other,None Indicated,,Daylight,Dry,Clear,None apparent,Non-intersection:  Non-junction/no special feature,Paved,,Property Damage Only,0,0,0,0,0,0,1500,2,1,,POINT (-90.57744373941 41.572784286689)
2014817338,1-14-000342,09/10/2014,09-September,4-Wednesday,17:17,1700 Hours,District 4 (Southwest),HARLAN,SHELBY,IA 44,IA 44/CHATBURN AVE & MAPLE RD,Collision with:  Vehicle in traffic,On Roadway,"Sideswipe, same direction",Other (explain in narrative):  Other,None Indicated,,Daylight,Dry,Cloudy,None apparent,Intersection:  Other intersection (explain in narrative),Paved,,Property Damage Only,0,0,0,0,0,0,3500,2,2,,POINT (-95.310351025349 41.645588032252)
2014816310,14-038596,09/10/2014,09-September,4-Wednesday,16:20,1600 Hours,District 4 (Southwest),COUNCIL BLUFFS,POTTAWATTAMIE,I-29,I-29,Collision with:  Vehicle in traffic,On Roadway,Rear-end (front to rear),Followed too close,None Indicated,,Daylight,Dry,Clear,None apparent,Non-intersection:  Non-junction/no special feature,Paved,,Property Damage Only,0,0,0,0,0,0,10800,2,2,,POINT (-95.864002269896 41.232192039029)
2014817193,2014-63843,09/10/2014,09-September,4-Wednesday,17:06,1700 Hours,District 6 (East Central),DAVENPORT,SCOTT,,E 53RD ST & AMESBURY DR,Collision with:  Vehicle in traffic,On Roadway,Rear-end (front to rear),Improper Backing,None Indicated,,Daylight,Dry,Cloudy,None apparent,Non-intersection:  Non-junction/no special feature,Paved,,Property Damage Only,0,0,0,0,0,0,2500,2,2,,POINT (-90.509451545131 41.57499634266)
2014816312,4514-035,09/10/2014,09-September,4-Wednesday,18:00,1800 Hours,District 2 (Northeast),,HOWARD,IA 9,IA 9/IOWA 9,Collision with:  Vehicle in traffic,On Roadway,Rear-end (front to rear),Other (explain in narrative):  Other,None Indicated,,Daylight,Wet,Cloudy,None apparent,Non-intersection:  Non-junction/no special feature,Paved,,Property Damage Only,0,0,0,0,0,0,2200,2,2,,POINT (-92.080824405814 43.371276660525)
2014816289,20140026778,09/10/2014,09-September,4-Wednesday,17:35,1700 Hours,District 1 (Central),DES MOINES,POLK,,GRAND AVE,Collision with:  Vehicle in traffic,On Roadway,Broadside (front to side),FTYROW:  Making left turn,None Indicated,,Daylight,Dry,Cloudy,None apparent,Non-intersection:  Driveway access (within),Paved,,Property Damage Only,0,0,0,0,0,0,3000,2,2,,POINT (-93.660096422441 41.584438908311)
2014816090,201413391,09/10/2014,09-September,4-Wednesday,12:10,1200 Hours,District 6 (East Central),CEDAR RAPIDS,LINN,,MEIERS CT NW,Collision with:  Vehicle in traffic,On Roadway,Rear-end (front to rear),FTYROW:  Other (explain in narrative),None Indicated,,Daylight,Dry,Cloudy,None apparent,Non-intersection:  Non-junction/no special feature,Paved,,Property Damage Only,0,0,0,0,0,0,5025,2,2,,POINT (-91.695214440644 42.001318449805)
2014817418,,09/10/2014,09-September,4-Wednesday,07:30,0700 Hours,District 6 (East Central),CEDAR RAPIDS,LINN,,ELLIS RD NW & 26TH ST NW,Collision with:  Vehicle in traffic,On Roadway,Rear-end (front to rear),Unknown,None Indicated,,Dawn,Wet,Rain,,Non-intersection:  Non-junction/no special feature,Paved,,Possible/Unknown,0,1,0,0,1,0,5700,3,3,,POINT (-91.70678370907 42.004808783455)
2014816565,W14-091271,09/10/2014,09-September,4-Wednesday,14:32,1400 Hours,District 2 (Northeast),WATERLOO,BLACK HAWK,,BAYARD ST & W 4TH ST,Collision with:  Vehicle in traffic,On Roadway,"Angle, oncoming left turn",FTYROW:  Making left turn,None Indicated,,Daylight,Dry,Cloudy,None apparent,Intersection:  Four-way intersection,Paved,,Property Damage Only,0,0,0,0,0,0,4000,2,2,,POINT (-92.354617429684 42.48542985464)
2014816510,2014052752,09/10/2014,09-September,4-Wednesday,10:53,1000 Hours,District 6 (East Central),,JOHNSON,IA 1,IA 1/IOWA 1,Collision with:  Vehicle in traffic,On Roadway,Rear-end (front to rear),Followed too close,None Indicated,,Daylight,Dry,Cloudy,Work Zone (roadway-related),Non-intersection:  Non-junction/no special feature,Paved,Yes,Possible/Unknown,0,2,0,0,2,0,20500,3,4,,POINT (-91.713040805648 41.541913405051)
2014817194,2014-63848,09/10/2014,09-September,4-Wednesday,17:41,1700 Hours,District 6 (East Central),DAVENPORT,SCOTT,I-280,I-280 & US 6/W KIMBERLY RD,Collision with:  Vehicle in traffic,On Roadway,Rear-end (front to rear),Other (explain in narrative):  Other,None Indicated,,Daylight,Dry,Cloudy,None apparent,Interchange-related:  On-ramp merge area,Paved,,Property Damage Only,0,0,0,0,0,0,2500,2,2,,POINT (-90.673951758769 41.590611558012)
2014817087,14015838,09/10/2014,09-September,4-Wednesday,14:35,1400 Hours,District 2 (Northeast),MASON CITY,CERRO GORDO,,16TH ST SW & S HARDING AVE,Collision with:  Vehicle in traffic,On Roadway,Broadside (front to side),FTYROW:  At uncontrolled intersection,None Indicated,,Daylight,Wet,Cloudy,None apparent,Non-intersection:  Non-junction/no special feature,Paved,,Property Damage Only,0,0,0,0,0,0,4000,2,2,,POINT (-93.243083080377 43.137708956844)
2014816546,2014052712,09/10/2014,09-September,4-Wednesday,07:40,0700 Hours,District 6 (East Central),CEDAR RAPIDS,LINN,I-380,I-380,Collision with:  Vehicle in traffic,On Roadway,Rear-end (front to rear),Driving too fast for conditions,None Indicated,,Daylight,Wet,Cloudy,None apparent,Interchange-related:  On-ramp merge area,Paved,,Property Damage Only,0,0,0,0,0,0,8500,3,6,,POINT (-91.669044204289 41.935450954943)
2014816210,14-17642,09/10/2014,09-September,4-Wednesday,08:51,0800 Hours,District 6 (East Central),BETTENDORF,SCOTT,US 67,US 67/GRANT ST & 18TH ST,Collision with:  Vehicle in traffic,On Roadway,Rear-end (front to rear),Lost Control,None Indicated,,Daylight,Wet,Cloudy,None apparent,Intersection:  Four-way intersection,Paved,,Property Damage Only,0,0,0,0,0,0,12000,2,2,,POINT (-90.507270638057 41.526287815226)
2014816285,20140026761,09/10/2014,09-September,4-Wednesday,15:19,1500 Hours,District 1 (Central),DES MOINES,POLK,,FLEUR DR,Collision with:  Vehicle in traffic,On Roadway,Rear-end (front to rear),Lost Control,None Indicated,,Daylight,Dry,Cloudy,None apparent,Non-intersection:  Non-junction/no special feature,Paved,,Property Damage Only,0,0,0,0,0,0,3600,3,4,,POINT (-93.644926754708 41.57543667744)
2014817086,14015833,09/10/2014,09-September,4-Wednesday,13:22,1300 Hours,District 2 (Northeast),MASON CITY,CERRO GORDO,IA 122,IA 122/4TH ST SW & CERRO GORDO & WINNEBAGO WAY,Collision with:  Vehicle in traffic,On Roadway,Rear-end (front to rear),Other (explain in narrative):  Other,None Indicated,,Daylight,Dry,Cloudy,None apparent,Non-intersection:  Non-junction/no special feature,Paved,,Property Damage Only,0,0,0,0,0,0,3000,2,3,,POINT (-93.230310385296 43.148343102799)
2014816293,20140026741,09/10/2014,09-September,4-Wednesday,12:27,1200 Hours,District 1 (Central),DES MOINES,POLK,,UNIVERSITY AVE,Collision with fixed object:  Utility pole/light support,On Roadway,Non-collision (single vehicle),Crossed centerline (undivided),None Indicated,,Daylight,Dry,Cloudy,None apparent,Intersection:  Four-way intersection,Paved,,Possible/Unknown,0,1,0,0,1,0,2200,2,4,,POINT (-93.625245974488 41.600657602052)
2014817191,2014-63809,09/10/2014,09-September,4-Wednesday,13:26,1300 Hours,District 6 (East Central),DAVENPORT,SCOTT,I-74,I-74 & E 53RD ST,Collision with:  Vehicle in traffic,On Roadway,Rear-end (front to rear),Lost Control,None Indicated,,Daylight,Dry,Cloudy,None apparent,Intersection:  Intersection with ramp,Paved,,Property Damage Only,0,0,0,0,0,0,2000,2,2,,POINT (-90.520251225371 41.574860648392)
2014816287,20140026766,09/10/2014,09-September,4-Wednesday,15:45,1500 Hours,District 1 (Central),DES MOINES,POLK,,EASTON BLVD,Collision with:  Vehicle in traffic,On Roadway,Broadside (front to side),FTYROW:  From driveway,None Indicated,,Daylight,Dry,Clear,None apparent,Non-intersection:  Driveway access (within),Paved,,Property Damage Only,0,0,0,0,0,0,5500,2,5,,POINT (-93.553067186881 41.611980290626)
2014817192,2014-63826,09/10/2014,09-September,4-Wednesday,14:16,1400 Hours,District 6 (East Central),DAVENPORT,SCOTT,,E RUSHOLME ST & CAREY AVE,Collision with:  Vehicle in traffic,On Roadway,Broadside (front to side),FTYROW:  From stop sign,None Indicated,,Daylight,Dry,Clear,None apparent,Intersection:  Four-way intersection,Paved,,Property Damage Only,0,0,0,0,0,0,4000,2,3,,POINT (-90.559848968575 41.542844099185)
2014824112,K14-028184,09/10/2014,09-September,4-Wednesday,09:05,0900 Hours,District 5 (Southeast),KEOKUK,LEE,,13TH ST N & CONCERT ST,Collision with:  Other non-fixed object (explain in narrative),On Roadway,Broadside (front to side),Ran Stop Sign,None Indicated,,Daylight,Dry,Cloudy,None apparent,Intersection:  Four-way intersection,Paved,,Minor Injury,0,1,0,1,0,0,8000,2,2,,POINT (-91.387760790267 40.403363697087)
2014817190,2014-63803,09/10/2014,09-September,4-Wednesday,12:58,1200 Hours,District 6 (East Central),DAVENPORT,SCOTT,,E 53RD ST & ELMORE CIR,Collision with:  Vehicle in traffic,On Roadway,Broadside (front to side),Ran Traffic Signal,None Indicated,,Daylight,Dry,Cloudy,None apparent,Intersection:  Four-way intersection,Paved,,Possible/Unknown,0,1,0,0,1,0,2000,2,2,,POINT (-90.531045423282 41.57486792232)
2014816125,14-4502,09/10/2014,09-September,4-Wednesday,08:49,0800 Hours,District 1 (Central),WEST DES MOINES,POLK,,RAILROAD AVE,Collision with:  Vehicle in traffic,On Roadway,Rear-end (front to rear),Improper Backing,None Indicated,,Daylight,Dry,Cloudy,None apparent,Non-intersection:  Driveway access (within),Paved,,Property Damage Only,0,0,0,0,0,0,1600,2,2,,POINT (-93.731539584468 41.570774887312)
2014816456,2014-19704,09/10/2014,09-September,4-Wednesday,16:55,1600 Hours,District 5 (Southeast),INDIANOLA,WARREN,US 65,US 65/N JEFFERSON WAY & E HILLCREST AVE & W HILLCREST AVE,Collision with:  Vehicle in traffic,On Roadway,"Angle, oncoming left turn",FTYROW:  Making left turn,None Indicated,,Daylight,Dry,Cloudy,Work Zone (roadway-related),Intersection:  Four-way intersection,Paved,Yes,Property Damage Only,0,0,0,0,0,0,3500,2,2,,POINT (-93.558634152608 41.380300875811)
2014817238,20140910EEP1,09/10/2014,09-September,4-Wednesday,17:15,1700 Hours,District 5 (Southeast),OSCEOLA,CLARKE,US 69,US 69/N MAIN ST,Collision with:  Vehicle in traffic,On Roadway,Rear-end (front to rear),"Operating vehicle in an reckless, erratic, careless, negligent manner",None Indicated,,Daylight,Dry,Cloudy,None apparent,Non-intersection:  Railroad grade crossing,Paved,,Property Damage Only,0,0,0,0,0,0,1500,2,2,,POINT (-93.76566636171 41.03695709091)
2014834577,123-2014,09/10/2014,09-September,4-Wednesday,07:33,0700 Hours,District 4 (Southwest),,HARRISON,,Co Rd L20/LOESS HILLS TRL,Collision with fixed object:  Ditch,On Roadway,Non-collision (single vehicle),FTYROW:  From driveway,None Indicated,,Daylight,Dry,Cloudy,None apparent,Non-intersection:  Driveway access (within),Paved,,Property Damage Only,0,0,0,0,0,0,3500,2,2,,POINT (-95.887149087013 41.517533045745)
2014816944,1400000789,09/10/2014,09-September,4-Wednesday,08:26,0800 Hours,District 1 (Central),,MARSHALL,IA 330,IA 330/MARSH AVE,Collision with:  Vehicle in traffic,On Roadway,Rear-end (front to rear),Unknown,None Indicated,,Daylight,Wet,Cloudy,None apparent,Non-intersection:  Non-junction/no special feature,Paved,,Minor Injury,0,2,0,1,1,0,1500,2,3,,POINT (-93.00064097756 42.101313082435)
2014817277,14-9367,09/10/2014,09-September,4-Wednesday,08:35,0800 Hours,District 3 (Northwest),CARROLL,CARROLL,US 30,US 30/6TH ST & CARROLL ST,Collision with:  Vehicle in traffic,On Roadway,Broadside (front to side),Ran Traffic Signal,None Indicated,,Daylight,Dry,Cloudy,None apparent,Intersection:  Four-way intersection,Paved,,Property Damage Only,0,0,0,0,0,0,1500,2,2,,POINT (-94.870124798021 42.066412133253)
2014816291,20140026782,09/10/2014,09-September,4-Wednesday,17:40,1700 Hours,District 1 (Central),DES MOINES,POLK,,MEREDITH DR & FRONTAGE RD,Collision with:  Vehicle in traffic,On Roadway,Rear-end (front to rear),Followed too close,None Indicated,,Daylight,Dry,Cloudy,None apparent,Intersection:  Four-way intersection,Paved,,Property Damage Only,0,0,0,0,0,0,2800,2,4,,POINT (-93.698036188378 41.643959545592)
2014817013,14005637,09/10/2014,09-September,4-Wednesday,16:18,1600 Hours,District 2 (Northeast),,CERRO GORDO,,Co Rd S14/BALSAM AVE,Collision with fixed object:  Ditch,On Roadway,Non-collision (single vehicle),Ran off road - right,None Indicated,,Daylight,Dry,Cloudy,None apparent,Non-intersection:  Non-junction/no special feature,Paved,,Major Injury,0,1,1,0,0,0,22000,1,1,,POINT (-93.477870421761 43.160381848818)
2014816353,2014-4442,09/10/2014,09-September,4-Wednesday,10:07,1000 Hours,District 4 (Southwest),WAUKEE,DALLAS,US 6,US 6/HICKMAN AVE,Collision with:  Vehicle in traffic,On Roadway,"Angle, oncoming left turn",FTYROW:  Making left turn,None Indicated,,Daylight,Dry,Cloudy,None apparent,Non-intersection:  Driveway access (within),Paved,,Possible/Unknown,0,1,0,0,1,0,9000,2,2,,POINT (-93.844238491645 41.61499352483)
2014816304,14-29936,09/10/2014,09-September,4-Wednesday,18:30,1800 Hours,District 3 (Northwest),SIOUX CITY,WOODBURY,,SUMMIT ST,Collision with:  Parked motor vehicle,On Roadway,"Sideswipe, opposite direction",Lost Control,None Indicated,,Unknown,Dry,Clear,None apparent,Intersection:  Four-way intersection,Paved,,Property Damage Only,0,0,0,0,0,0,1500,2,1,,POINT (-96.40955050226 42.510118435415)
2014816532,2014052691,09/10/2014,09-September,4-Wednesday,05:20,0500 Hours,District 6 (East Central),,JOHNSON,I-380,I-380,Collision with fixed object:  Guardrail - face,Median,Non-collision (single vehicle),Ran off road - left,None Indicated,,Dark - roadway not lighted,Wet,Rain,None apparent,Interchange-related:  On-ramp merge area,Paved,,Property Damage Only,0,0,0,0,0,0,42500,1,1,,POINT (-91.642294125809 41.747277326074)