Iowa DOT Case Number,Law Enforcement Case Number,Date of Crash,Month of Crash,Day of Week,Time of Crash,Hour,DOT District,City Name,County Name,Route with System,Location Description,First Harmful Event,Location of First Harmful Event,Manner of Crash/Collision,Major Cause,Drug or Alcohol ,Environmental Conditions,Light Conditions,Surface Conditions,Weather Conditions,Roadway Contribution,Roadway Type,Roadway Surface,Work Zone,Crash Severity,Number of Fatalities,Number of Injuries,Number of Major Injuries,Number of Minor Injuries,Number of Possible Injuries,Number of Unknown Injuries,Amount of Property Damage,Number of Vehicles Involved,Total Number of Occupants,Travel Direction,Location
2014816736,14-17732,09/11/2014,09-September,5-Thursday,16:29,1600 Hours,District 6 (East Central),BETTENDORF,SCOTT,US 67,US 67/STATE ST & 13TH ST,Collision with:  Vehicle in traffic,On Roadway,Broadside (front to side),Ran Traffic Signal,None Indicated,,Daylight,Dry,Cloudy,None apparent,Intersection:  T-intersection,Paved,,Property Damage Only,0,0,0,0,0,0,7913,2,2,,POINT (-90.514852479916 41.525155088404)
2014817335,14-002101,09/11/2014,09-September,5-Thursday,20:33,2000 Hours,District 1 (Central),ALTOONA,POLK,,13TH ST SE & 7TH AVE SE,Collision with:  Vehicle in traffic,On Roadway,Broadside (front to side),Ran Stop Sign,None Indicated,,Dark - roadway lighted,Dry,Cloudy,None apparent,Intersection:  Four-way intersection,Paved,,Property Damage Only,0,0,0,0,0,0,5000,2,2,,POINT (-93.456705620761 41.639587287414)
2014818093,201400044821,09/11/2014,09-September,5-Thursday,15:26,1500 Hours,District 5 (Southeast),OTTUMWA,WAPELLO,,ANNA ST & N JEFFERSON ST,Collision with:  Parked motor vehicle,On Roadway,"Sideswipe, same direction",Illegally Parked/Unattended,None Indicated,,Daylight,Dry,Cloudy,None apparent,Non-intersection:  Non-junction/no special feature,Paved,,Property Damage Only,0,0,0,0,0,0,3500,2,16,,POINT (-92.40415679317 41.0190791725)
2014817032,2014005483,09/11/2014,09-September,5-Thursday,06:50,0600 Hours,District 6 (East Central),,BENTON,,Co Rd D62/51 ST,Collision with:  Animal,On Roadway,Non-collision (single vehicle),Animal,None Indicated,,Dawn,Dry,Cloudy,None apparent,Non-intersection:  Non-junction/no special feature,Paved,,Property Damage Only,0,0,0,0,0,0,3500,1,1,,POINT (-91.875740296824 42.283953996582)
2014816468,14-30043,09/11/2014,09-September,5-Thursday,19:55,1900 Hours,District 3 (Northwest),SIOUX CITY,WOODBURY,IA 12,IA 12/GORDON DR,Collision with:  Vehicle in traffic,On Roadway,Rear-end (front to rear),Followed too close,None Indicated,,Dark - roadway lighted,Dry,Clear,None apparent,Non-intersection:  Non-junction/no special feature,Paved,,Property Damage Only,0,0,0,0,0,0,14000,2,2,,POINT (-96.374298428324 42.489885366236)
2014816405,"13,983-14",09/11/2014,09-September,5-Thursday,17:08,1700 Hours,District 3 (Northwest),SPENCER,CLAY,US 18,US 18/S GRAND AVE & 8TH ST SW,Collision with:  Vehicle in traffic,On Roadway,Rear-end (front to rear),Driver Distraction:  Passenger,None Indicated,,Daylight,Dry,Cloudy,None apparent,Intersection:  Four-way intersection,Paved,,Property Damage Only,0,0,0,0,0,0,1700,2,3,,POINT (-95.143907684583 43.130088159463)
2014816734,14-012197,09/11/2014,09-September,5-Thursday,09:41,0900 Hours,District 2 (Northeast),,FAYETTE,US 18,US 18/230TH ST,Collision with:  Animal,,,Animal,None Indicated,,,,,,,Paved,,Property Damage Only,0,0,0,0,0,0,3500,1,1,,POINT (-92.051131838713 42.964857154192)
2014816283,20140026813,09/11/2014,09-September,5-Thursday,01:44,0100 Hours,District 5 (Southeast),DES MOINES,WARREN,,CO LINE RD,Collision with fixed object:  Utility pole/light support,On Roadway,Non-collision (single vehicle),Exceeded authorized speed,None Indicated,,Dark - roadway not lighted,Dry,Clear,None apparent,Non-intersection:  Non-junction/no special feature,Paved,,Minor Injury,0,2,0,2,0,0,12500,1,2,,POINT (-93.637442794877 41.512066899069)
2014817121,14-022646,09/11/2014,09-September,5-Thursday,18:47,1800 Hours,District 5 (Southeast),,MARION,,Co Rd G76/HWY G76,Non-collision events:  Other non-collision (explain in narrative),Shoulder,Non-collision (single vehicle),Ran off road - right,Alcohol (< Statutory),,Dusk,Wet,Rain,None apparent,Non-intersection:  Non-junction/no special feature,Paved,,Minor Injury,0,1,0,1,0,0,7000,1,1,,POINT (-93.174516621165 41.211953277956)
2014824113,K14-028298,09/11/2014,09-September,5-Thursday,09:41,0900 Hours,District 5 (Southeast),KEOKUK,LEE,,17TH ST S & RIDGE ST,,On Roadway,Non-collision (single vehicle),Ran off road - straight,None Indicated,,Daylight,Dry,Clear,None apparent,Intersection:  T-intersection,Paved,,Major Injury,0,1,1,0,0,0,20000,1,1,,POINT (-91.401445270443 40.400238572552)
2014816495,2014010029,09/11/2014,09-September,5-Thursday,13:38,1300 Hours,District 6 (East Central),IOWA CITY,JOHNSON,IA 1,IA 1/GOVERNOR ST & E WASHINGTON ST,Collision with:  Vehicle in traffic,On Roadway,"Sideswipe, same direction",Other (explain in narrative):  Other,None Indicated,,Daylight,Dry,Clear,None apparent,Non-intersection:  Non-junction/no special feature,Paved,,Property Damage Only,0,0,0,0,0,0,4000,2,3,,POINT (-91.52289528343 41.659969496201)
2014816265,201413439,09/11/2014,09-September,5-Thursday,09:18,0900 Hours,District 6 (East Central),CEDAR RAPIDS,LINN,,5TH AVE SE & 10TH ST SE,Collision with:  Vehicle in traffic,On Roadway,Head-on (front to front),FTYROW:  Making left turn,None Indicated,,Daylight,Dry,Cloudy,Non-highway work,Intersection:  Four-way intersection,Paved,,Property Damage Only,0,0,0,0,0,0,2500,2,2,,POINT (-91.656351246187 41.98041648887)
2014816975,14-10646,09/11/2014,09-September,5-Thursday,22:18,2200 Hours,District 3 (Northwest),,SIOUX,,Co Rd B30/360TH ST & GOLDFINCH AVE,Non-collision events:  Overturn/rollover,Outside trafficway,Non-collision (single vehicle),Ran off road - right,None Indicated,,Dark - roadway not lighted,Wet,Rain,Debris,Non-intersection:  Non-junction/no special feature,Paved,,Property Damage Only,0,0,0,0,0,0,5000,1,1,,POINT (-96.215311121956 43.127579539697)
2014818136,2014052980,09/11/2014,09-September,5-Thursday,17:00,1700 Hours,District 1 (Central),ALTOONA,POLK,I-80,I-80 & NE 72ND ST & 1ST AVE N,Collision with:  Vehicle in traffic,On Roadway,Rear-end (front to rear),Separation of units,None Indicated,,Daylight,Dry,Cloudy,None apparent,"Interchange-related:  Off-ramp, diverge area",Paved,,Property Damage Only,0,0,0,0,0,0,4000,2,2,,POINT (-93.464577176441 41.665613512693)
2014816421,14-5980,09/11/2014,09-September,5-Thursday,17:28,1700 Hours,District 1 (Central),GRIMES,POLK,IA 44,IA 44/1ST ST,Collision with:  Vehicle in traffic,On Roadway,Rear-end (front to rear),Followed too close,None Indicated,,Daylight,Dry,Cloudy,None apparent,Non-intersection:  Non-junction/no special feature,Paved,,Property Damage Only,0,0,0,0,0,0,3000,2,2,,POINT (-93.796147275571 41.688366318456)
2014816324,14-038722,09/11/2014,09-September,5-Thursday,11:30,1100 Hours,District 4 (Southwest),COUNCIL BLUFFS,POTTAWATTAMIE,US 6,US 6/W BROADWAY,Collision with:  Vehicle in traffic,On Roadway,Rear-end (front to rear),Followed too close,None Indicated,,Daylight,Dry,Cloudy,None apparent,Non-intersection:  Non-junction/no special feature,Paved,,Property Damage Only,0,0,0,0,0,0,3850,2,2,,POINT (-95.867997735486 41.261885550157)
2014816581,14-6805,09/11/2014,09-September,5-Thursday,17:05,1700 Hours,District 3 (Northwest),,IDA,,Co Rd M25/MARKET AVE,Non-collision events:  Other non-collision (explain in narrative),On Roadway,Non-collision (single vehicle),Ran off road - right,None Indicated,,Daylight,Dry,Cloudy,None apparent,Non-intersection:  Non-junction/no special feature,Paved,,Possible/Unknown,0,1,0,0,1,0,3000,1,1,,POINT (-95.42022655346 42.395165200266)
2014816479,14-32508,09/11/2014,09-September,5-Thursday,20:14,2000 Hours,District 5 (Southeast),BURLINGTON,DES MOINES,,JACKSON ST & SUMMER ST,Collision with:  Vehicle in traffic,On Roadway,Rear-end (front to rear),Driver Distraction:  Manual operation of an electronic communication device,None Indicated,,Dark - roadway lighted,Dry,Clear,None apparent,Non-intersection:  Non-junction/no special feature,Paved,,Property Damage Only,0,0,0,0,0,0,3200,2,2,,POINT (-91.115942078518 40.790106235736)
2014816407,1409112791,09/11/2014,09-September,5-Thursday,20:05,2000 Hours,District 6 (East Central),,CLINTON,,150 ST,Collision with:  Animal,,,Animal,None Indicated,,,,,,,Unpaved,,Property Damage Only,0,0,0,0,0,0,1500,1,777,,POINT (-90.266582709653 41.960870373332)
2014816426,20140026892,09/11/2014,09-September,5-Thursday,18:48,1800 Hours,District 1 (Central),DES MOINES,POLK,,EVERGREEN AVE,Collision with:  Other non-fixed object (explain in narrative),On Roadway,Non-collision (single vehicle),Ran off road - right,None Indicated,,Dark - roadway lighted,Dry,Clear,None apparent,Non-intersection:  Non-junction/no special feature,Paved,,Property Damage Only,0,0,0,0,0,0,4100,1,1,,POINT (-93.595180404221 41.551682495932)
2014816348,14-13845,09/11/2014,09-September,5-Thursday,08:52,0800 Hours,District 6 (East Central),MAQUOKETA,JACKSON,,W SUMMIT ST & S 4TH ST,Collision with:  Vehicle in traffic,On Roadway,Rear-end (front to rear),Unknown,None Indicated,,Daylight,Dry,Cloudy,None apparent,Non-intersection:  Non-junction/no special feature,Paved,,Property Damage Only,0,0,0,0,0,0,8000,2,1,,POINT (-90.669064607259 42.061856019036)
2014816507,14-001713,09/11/2014,09-September,5-Thursday,18:43,1800 Hours,District 2 (Northeast),SAINT ANSGAR,MITCHELL,US 218,US 218/E 4TH ST & S SUMMER ST & N SUMMER ST,Collision with:  Vehicle in traffic,On Roadway,Rear-end (front to rear),FTYROW:  Other (explain in narrative),None Indicated,,Daylight,Dry,Cloudy,None apparent,Intersection:  Four-way intersection,Paved,,Property Damage Only,0,0,0,0,0,0,2700,2,2,,POINT (-92.912414196966 43.378484717433)
2014816578,14-032610,09/12/2014,09-September,6-Friday,16:08,1600 Hours,District 5 (Southeast),WEST BURLINGTON,DES MOINES,,NW BURLINGTON AVE & MT PLEASANT ST,Collision with:  Vehicle in traffic,On Roadway,Broadside (front to side),Unknown,None Indicated,,Daylight,Wet,Rain,None apparent,Intersection:  Four-way intersection,Paved,,Property Damage Only,0,0,0,0,0,0,2000,2,2,,POINT (-91.151036051928 40.825957820742)
2014819127,2014-037714,09/12/2014,09-September,6-Friday,16:00,1600 Hours,District 6 (East Central),DUBUQUE,DUBUQUE,,PENNSYLVANIA AVE,Collision with:  Vehicle in traffic,On Roadway,Rear-end (front to rear),Lost Control,None Indicated,,Daylight,Dry,Cloudy,None apparent,Non-intersection:  Non-junction/no special feature,Paved,,Possible/Unknown,0,2,0,0,0,2,14000,3,4,,POINT (-90.739845584169 42.501158244478)
2014818094,201400044967,09/12/2014,09-September,6-Friday,12:41,1200 Hours,District 5 (Southeast),OTTUMWA,WAPELLO,,LEWIS ST & S WEBSTER ST,Collision with:  Vehicle in traffic,On Roadway,Broadside (front to side),Driving too fast for conditions,None Indicated,,Daylight,Wet,Rain,None apparent,Intersection:  Four-way intersection,Paved,,Minor Injury,0,1,0,1,0,0,5200,2,3,,POINT (-92.431237239357 40.987453172275)
2014816618,20140026982,09/12/2014,09-September,6-Friday,15:00,1500 Hours,District 1 (Central),DES MOINES,POLK,,HUBBELL AVE & E 33RD ST,Collision with:  Vehicle in traffic,On Roadway,"Angle, oncoming left turn",FTYROW:  Making left turn,None Indicated,,Daylight,Dry,Cloudy,None apparent,Intersection:  Four-way intersection,Paved,,Property Damage Only,0,0,0,0,0,0,9500,2,2,,POINT (-93.551525918759 41.625480507439)
2014816703,14-30183,09/12/2014,09-September,6-Friday,20:53,2000 Hours,District 3 (Northwest),SIOUX CITY,WOODBURY,,45TH ST & TYLER ST,Collision with:  Parked motor vehicle,On Roadway,"Sideswipe, same direction",Driving too fast for conditions,None Indicated,,Dark - roadway lighted,Dry,Cloudy,None apparent,Non-intersection:  Non-junction/no special feature,Paved,,Property Damage Only,0,0,0,0,0,0,2000,2,1,,POINT (-96.360242906745 42.546558859934)
2014816889,14-188,09/12/2014,09-September,6-Friday,12:29,1200 Hours,District 2 (Northeast),WAVERLY,BREMER,IA 3,IA 3/BREMER AVE & 5TH ST NE,Collision with:  Vehicle in traffic,On Roadway,Rear-end (front to rear),Other (explain in narrative):  Other,None Indicated,,Daylight,Wet,Rain,None apparent,Non-intersection:  Non-junction/no special feature,Paved,,Property Damage Only,0,0,0,0,0,0,6500,2,3,,POINT (-92.464394156297 42.725834692334)
2014827943,2014053162,09/12/2014,09-September,6-Friday,17:50,1700 Hours,District 1 (Central),,POLK,I-80,I-80 & NE 38TH ST,Collision with:  Vehicle in traffic,On Roadway,Rear-end (front to rear),Followed too close,None Indicated,,Daylight,Dry,Clear,Work Zone (roadway-related),Non-intersection:  Non-junction/no special feature,Paved,Yes,Property Damage Only,0,0,0,0,0,0,1700,2,2,,POINT (-93.543242375546 41.656882966434)
2014816859,14-32666,09/12/2014,09-September,6-Friday,22:49,2200 Hours,District 5 (Southeast),BURLINGTON,DES MOINES,,OAK ST,Collision with:  Vehicle in traffic,On Roadway,Rear-end (front to rear),Other (explain in narrative):  Other,None Indicated,,Dark - roadway not lighted,Dry,Cloudy,None apparent,Non-intersection:  Non-junction/no special feature,Paved,,Property Damage Only,0,0,0,0,0,0,4000,2,2,,POINT (-91.113393407701 40.823600694155)
2014816877,SO14-1116,09/12/2014,09-September,6-Friday,22:05,2200 Hours,District 2 (Northeast),,WRIGHT,IA 3,IA 3/IOWA 3,Non-collision events:  Other non-collision (explain in narrative),On Roadway,Non-collision (single vehicle),Swerving/Evasive Action,None Indicated,,Dark - roadway not lighted,Dry,Clear,None apparent,Non-intersection:  Non-junction/no special feature,Paved,,Possible/Unknown,0,1,0,0,1,0,6000,1,1,,POINT (-93.864523992562 42.731667936115)
2014816383,W14-091855,09/12/2014,09-September,6-Friday,12:09,1200 Hours,District 2 (Northeast),WATERLOO,BLACK HAWK,,W PARKER ST,Collision with:  Vehicle in traffic,On Roadway,Unknown,Disregarded RR Signal,None Indicated,,Daylight,Wet,Rain,None apparent,Non-intersection:  Railroad grade crossing,Paved,,Property Damage Only,0,0,0,0,0,0,3400,2,2,,POINT (-92.346370651932 42.516705381686)
2014816672,14-1026,09/12/2014,09-September,6-Friday,22:02,2200 Hours,District 1 (Central),PLEASANT HILL,POLK,IA 163,IA 163/E UNIVERSITY AVE & N HICKORY BLVD,Collision with:  Vehicle in traffic,On Roadway,Broadside (front to side),Crossed centerline (undivided),None Indicated,,Dark - roadway lighted,Dry,Cloudy,None apparent,Non-intersection:  Non-junction/no special feature,Paved,,Possible/Unknown,0,1,0,0,1,0,8000,2,3,,POINT (-93.517020054017 41.599321744304)
2014816864,2014010073,09/12/2014,09-September,6-Friday,13:59,1300 Hours,District 6 (East Central),IOWA CITY,JOHNSON,IA 1,IA 1/DODGE ST,Collision with:  Vehicle in traffic,On Roadway,"Sideswipe, same direction",Made improper turn,None Indicated,,Daylight,Wet,Rain,None apparent,Intersection:  Four-way intersection,Paved,,Property Damage Only,0,0,0,0,0,0,5000,2,2,,POINT (-91.525678796454 41.667994312507)
2014816665,14-2027,09/12/2014,09-September,6-Friday,08:27,0800 Hours,District 1 (Central),URBANDALE,POLK,,DOUGLAS AVE,Collision with:  Vehicle in traffic,On Roadway,Rear-end (front to rear),Driving too fast for conditions,None Indicated,,Daylight,Wet,Rain,"Surface condition (e.g., wet, icy)",Non-intersection:  Non-junction/no special feature,Paved,,Property Damage Only,0,0,0,0,0,0,9500,3,6,,POINT (-93.706978793109 41.629376344712)
2014816439,20140026957,09/12/2014,09-September,6-Friday,12:30,1200 Hours,District 1 (Central),DES MOINES,POLK,,HUBBELL AVE & HUBBELL AVE CONN,Collision with:  Vehicle in traffic,On Roadway,"Angle, oncoming left turn",Unknown,None Indicated,,Daylight,Wet,Rain,None apparent,Intersection:  Y-intersection,Paved,,Property Damage Only,0,0,0,0,0,0,3000,2,3,,POINT (-93.586611656887 41.595952277908)
2014816381,W14-091852,09/12/2014,09-September,6-Friday,11:58,1100 Hours,District 2 (Northeast),WATERLOO,BLACK HAWK,,E ORANGE RD & DUBLIN DR,Collision with:  Vehicle in traffic,On Roadway,Rear-end (front to rear),Other (explain in narrative):  Other,None Indicated,,Daylight,Wet,Rain,None apparent,Intersection:  T-intersection,Paved,,Property Damage Only,0,0,0,0,0,0,6000,2,2,,POINT (-92.329223103296 42.428510900604)
2014817924,2014053202,09/12/2014,09-September,6-Friday,23:10,2300 Hours,District 1 (Central),,POWESHIEK,I-80,I-80,Collision with fixed object:  Other fixed object (explain in narrative),Shoulder,Non-collision (single vehicle),Swerving/Evasive Action,None Indicated,,Dark - roadway not lighted,Dry,Clear,None apparent,Non-intersection:  Non-junction/no special feature,Paved,,Property Damage Only,0,0,0,0,0,0,18422,1,3,,POINT (-92.458046293897 41.695124317469)
2014816584,201413517,09/12/2014,09-September,6-Friday,10:11,1000 Hours,District 6 (East Central),CEDAR RAPIDS,LINN,I-380,I-380,Collision with:  Vehicle in traffic,On Roadway,Rear-end (front to rear),Swerving/Evasive Action,None Indicated,,Daylight,Wet,Rain,Obstruction in roadway,Non-intersection:  Other non-intersection (explain in narrative),Paved,Yes,Minor Injury,0,5,0,3,2,0,65800,7,9,,POINT (-91.662143398244 41.986266274122)
2014817197,2014-64247,09/12/2014,09-September,6-Friday,07:41,0700 Hours,District 6 (East Central),DAVENPORT,SCOTT,,W 16TH ST & N CLARK ST,Collision with:  Vehicle in traffic,On Roadway,Rear-end (front to rear),Followed too close,None Indicated,,Daylight,Dry,Clear,None apparent,Non-intersection:  Non-junction/no special feature,Paved,,Property Damage Only,0,0,0,0,0,0,3000,2,2,,POINT (-90.622774245766 41.534985330934)
2014816824,2014-037713,09/12/2014,09-September,6-Friday,15:51,1500 Hours,District 6 (East Central),DUBUQUE,DUBUQUE,,JOHN F KENNEDY RD,Collision with:  Vehicle in traffic,On Roadway,"Angle, oncoming left turn",FTYROW:  Making left turn,None Indicated,,Daylight,Dry,Cloudy,None apparent,Non-intersection:  Driveway access (within),Paved,,Property Damage Only,0,0,0,0,0,0,3030,2,3,,POINT (-90.721266710153 42.50070010663)
2014816435,20140026927,09/12/2014,09-September,6-Friday,07:59,0700 Hours,District 1 (Central),DES MOINES,POLK,,ADAMS AVE & MLK JR PKWY,Collision with fixed object:  Utility pole/light support,Roadside,Non-collision (single vehicle),Crossed centerline (undivided),None Indicated,,Daylight,Wet,Rain,"Surface condition (e.g., wet, icy)",Non-intersection:  Non-junction/no special feature,Paved,,Property Damage Only,0,0,0,0,0,0,5000,1,1,,POINT (-93.648677679924 41.621811815571)
2014816697,14-30086,09/12/2014,09-September,6-Friday,06:38,0600 Hours,District 3 (Northwest),SIOUX CITY,WOODBURY,IA 376,IA 376/SINGING HILLS BLVD,Collision with:  Vehicle in traffic,On Roadway,Rear-end (front to rear),Followed too close,None Indicated,,Daylight,Wet,Rain,None apparent,Non-intersection:  Non-junction/no special feature,Paved,,Property Damage Only,0,0,0,0,0,0,3500,2,2,,POINT (-96.375735452594 42.434284998417)
2014816480,14-32550,09/12/2014,09-September,6-Friday,04:19,0400 Hours,District 5 (Southeast),BURLINGTON,DES MOINES,US 61,US 61,Collision with:  Animal,On Roadway,Non-collision (single vehicle),Animal,None Indicated,,Dark - roadway not lighted,Dry,Clear,None apparent,Non-intersection:  Non-junction/no special feature,Paved,,Possible/Unknown,0,1,0,0,0,1,3500,1,1,,POINT (-91.141818598002 40.7912466031)
2014816611,14-003916,09/12/2014,09-September,6-Friday,08:05,0800 Hours,District 1 (Central),ANKENY,POLK,US 69,US 69/N ANKENY BLVD & NW 9TH ST & NE 9TH ST,Collision with:  Vehicle in traffic,On Roadway,Rear-end (front to rear),Other (explain in narrative):  Other,None Indicated,,Daylight,Wet,Rain,"Surface condition (e.g., wet, icy)",Intersection:  Four-way intersection,Paved,,Property Damage Only,0,0,0,0,0,0,5500,2,2,,POINT (-93.600331153483 41.738680542033)
2014822130,,09/12/2014,09-September,6-Friday,16:17,1600 Hours,District 2 (Northeast),CLEAR LAKE,CERRO GORDO,IA 122,IA 122/IOWA 122,Collision with:  Vehicle in traffic,On Roadway,Rear-end (front to rear),Other (explain in narrative):  Other,None Indicated,,Daylight,Wet,Cloudy,None apparent,Non-intersection:  Non-junction/no special feature,Paved,,Property Damage Only,0,0,0,0,0,0,2000,2,2,,POINT (-93.353910444948 43.146586780638)
2014816622,20140027009,09/12/2014,09-September,6-Friday,17:30,1700 Hours,District 1 (Central),DES MOINES,POLK,,DOUGLAS AVE,Collision with:  Vehicle in traffic,On Roadway,Rear-end (front to rear),Followed too close,None Indicated,,Daylight,Wet,Rain,None apparent,Non-intersection:  Non-junction/no special feature,Paved,,Property Damage Only,0,0,0,0,0,0,2500,2,5,,POINT (-93.700100070484 41.629400430769)
2014816586,201413530,09/12/2014,09-September,6-Friday,16:09,1600 Hours,District 6 (East Central),CEDAR RAPIDS,LINN,,42ND ST NE & CENTER POINT RD NE,Collision with:  Vehicle in traffic,On Roadway,"Angle, oncoming left turn",FTYROW:  Making left turn,None Indicated,,Daylight,Dry,Cloudy,None apparent,Intersection:  Four-way intersection,Paved,,Property Damage Only,0,0,0,0,0,0,15000,3,4,,POINT (-91.665427026271 42.02150151925)
2014819736,14-038735,09/12/2014,09-September,6-Friday,05:48,0500 Hours,District 5 (Southeast),,MUSCATINE,US 6,US 6,Collision with fixed object:  Ditch,,,Crossed centerline (undivided),None Indicated,,,,,,,Paved,,Property Damage Only,0,0,0,0,0,0,4000,1,1,,POINT (-91.355159770633 41.587617967903)
2014816835,2014-37707,09/12/2014,09-September,6-Friday,13:10,1300 Hours,District 6 (East Central),DUBUQUE,DUBUQUE,,CENTER GROVE DR & CEDAR CROSS RD,Collision with:  Vehicle in traffic,On Roadway,Broadside (front to side),FTYROW:  From stop sign,None Indicated,,Daylight,Wet,Rain,None apparent,Intersection:  T-intersection,Paved,,Property Damage Only,0,0,0,0,0,0,2000,2,3,,POINT (-90.71498222055 42.491146418895)
2014817211,S14-9262,09/12/2014,09-September,6-Friday,19:25,1900 Hours,District 3 (Northwest),,WOODBURY,,BENTON AVE & 300TH ST,Non-collision events:  Other non-collision (explain in narrative),Roadside,Non-collision (single vehicle),Other (explain in narrative):  Vision obstructed,None Indicated,,Daylight,Other (explain in narrative),Cloudy,None apparent,Intersection:  T-intersection,Unpaved,,Minor Injury,0,1,0,1,0,0,2000,1,2,,POINT (-96.309166734396 42.271946381232)
2014820146,,09/12/2014,09-September,6-Friday,18:03,1800 Hours,District 1 (Central),TAMA,TAMA,US 63,US 63/13TH ST/HARDING ST,Collision with:  Vehicle in traffic,On Roadway,Rear-end (front to rear),Other (explain in narrative):  Other,None Indicated,,Daylight,Dry,Clear,None apparent,Intersection:  Four-way intersection,Paved,,Property Damage Only,0,0,0,0,0,0,1652,2,2,,POINT (-92.581739657942 41.971153217424)
2014817066,14-6343,09/12/2014,09-September,6-Friday,18:33,1800 Hours,District 2 (Northeast),,KOSSUTH,US 18,US 18,Collision with:  Vehicle in traffic,On Roadway,Rear-end (front to rear),Lost Control,None Indicated,,Daylight,Wet,Cloudy,Work Zone (roadway-related),Non-intersection:  Non-junction/no special feature,Paved,Yes,Minor Injury,0,7,0,4,3,0,13000,4,7,,POINT (-94.337486280161 43.083072764347)
2014817255,201403275,09/12/2014,09-September,6-Friday,06:25,0600 Hours,District 6 (East Central),,LINN,I-380,I-380,Collision with:  Animal,,,Animal,None Indicated,,,,,,,Paved,,Property Damage Only,0,0,0,0,0,0,4500,1,1,,POINT (-91.701082980761 42.090268710835)
2014817126,14012284,09/12/2014,09-September,6-Friday,17:04,1700 Hours,District 4 (Southwest),,MILLS,,HILMAN RD,Collision with:  Vehicle in traffic,Roadside,"Angle, oncoming left turn",FTYROW:  From driveway,None Indicated,,Daylight,Dry,Cloudy,None apparent,Non-intersection:  Driveway access (within),Paved,,Property Damage Only,0,0,0,0,0,0,1700,2,3,,POINT (-95.763273881564 41.025954185184)
2014816801,01-14-37695,09/12/2014,09-September,6-Friday,08:22,0800 Hours,District 6 (East Central),DUBUQUE,DUBUQUE,US 20,US 20/DODGE ST & OLD HIGHWAY RD,Collision with:  Vehicle in traffic,On Roadway,Rear-end (front to rear),Lost Control,None Indicated,,Daylight,Wet,Rain,None apparent,Non-intersection:  Non-junction/no special feature,Paved,,Property Damage Only,0,0,0,0,0,0,1500,2,4,,POINT (-90.746925394761 42.486673158244)
2014816890,14-189,09/12/2014,09-September,6-Friday,16:32,1600 Hours,District 2 (Northeast),WAVERLY,BREMER,IA 116,IA 116/4TH ST SW & 13TH AVE SW,Collision with:  Vehicle in traffic,On Roadway,"Angle, oncoming left turn",Crossed centerline (undivided),None Indicated,,Daylight,Dry,Cloudy,Work Zone (roadway-related),Intersection:  Four-way intersection,Paved,Yes,Property Damage Only,0,0,0,0,0,0,5750,2,3,,POINT (-92.475534055349 42.711297328131)
2014817908,2014053053,09/12/2014,09-September,6-Friday,10:40,1000 Hours,District 6 (East Central),,SCOTT,US 61,US 61/140 ST & FRONTAGE RD,Collision with:  Vehicle in traffic,On Roadway,Broadside (front to side),FTYROW:  From stop sign,None Indicated,,Daylight,Dry,Cloudy,None apparent,Intersection:  Four-way intersection,Paved,,Major Injury,0,1,1,0,0,0,20000,2,2,,POINT (-90.684155461323 41.508507434014)
2014816904,2014053046,09/12/2014,09-September,6-Friday,09:51,0900 Hours,District 1 (Central),,JASPER,I-80,I-80,Collision with fixed object:  Other fixed object (explain in narrative),Shoulder,Non-collision (single vehicle),Ran off road - left,None Indicated,,Daylight,Wet,Rain,None apparent,Non-intersection:  Non-junction/no special feature,Paved,,Property Damage Only,0,0,0,0,0,0,13200,1,2,,POINT (-93.118996448454 41.681460747376)
2014816841,2014-18876,09/12/2014,09-September,6-Friday,15:11,1500 Hours,District 6 (East Central),,SCOTT,US 61,US 61/140 ST & Co Rd Y48/110 AVE,Collision with:  Vehicle in traffic,On Roadway,Rear-end (front to rear),Followed too close,None Indicated,,Daylight,Wet,Rain,None apparent,Intersection:  Four-way intersection,Paved,,Property Damage Only,0,0,0,0,0,0,2500,2,3,,POINT (-90.688337943601 41.50848354221)
2014816617,20140026971,09/12/2014,09-September,6-Friday,13:55,1300 Hours,District 1 (Central),DES MOINES,POLK,US 6,US 6/FREDERICK M HUBBELL AVE & E DOUGLAS AVE,Collision with:  Vehicle in traffic,On Roadway,Broadside (front to side),FTYROW:  From stop sign,None Indicated,,Daylight,Dry,Cloudy,None apparent,Intersection:  Four-way intersection,Paved,,Property Damage Only,0,0,0,0,0,0,3200,2,2,,POINT (-93.543685543154 41.629598120802)
2014816433,20140026923,09/12/2014,09-September,6-Friday,07:19,0700 Hours,District 1 (Central),DES MOINES,POLK,,SW 9TH ST,Collision with:  Vehicle in traffic,On Roadway,Rear-end (front to rear),Other (explain in narrative):  Other,None Indicated,,Daylight,Wet,Rain,"Surface condition (e.g., wet, icy)",Intersection:  Four-way intersection,Paved,,Property Damage Only,0,0,0,0,0,0,2150,2,2,,POINT (-93.625804231062 41.555329999081)
2014816863,2014010071,09/12/2014,09-September,6-Friday,12:53,1200 Hours,District 6 (East Central),IOWA CITY,JOHNSON,,S LINN ST,Collision with:  Vehicle in traffic,On Roadway,"Sideswipe, same direction",Traveling wrong way or on wrong side of road,None Indicated,,Daylight,Wet,Rain,None apparent,Non-intersection:  Non-junction/no special feature,Paved,,Property Damage Only,0,0,0,0,0,0,1700,2,2,,POINT (-91.531674042662 41.65842473967)