Iowa DOT Case Number,Law Enforcement Case Number,Date of Crash,Month of Crash,Day of Week,Time of Crash,Hour,DOT District,City Name,County Name,Route with System,Location Description,First Harmful Event,Location of First Harmful Event,Manner of Crash/Collision,Major Cause,Drug or Alcohol ,Environmental Conditions,Light Conditions,Surface Conditions,Weather Conditions,Roadway Contribution,Roadway Type,Roadway Surface,Work Zone,Crash Severity,Number of Fatalities,Number of Injuries,Number of Major Injuries,Number of Minor Injuries,Number of Possible Injuries,Number of Unknown Injuries,Amount of Property Damage,Number of Vehicles Involved,Total Number of Occupants,Travel Direction,Location
2014816484,14-038857,09/12/2014,09-September,6-Friday,10:40,1000 Hours,District 4 (Southwest),COUNCIL BLUFFS,POTTAWATTAMIE,,5TH AVE & S 20TH ST,Collision with:  Vehicle in traffic,On Roadway,Broadside (front to side),FTYROW:  From stop sign,None Indicated,,Daylight,Wet,Cloudy,None apparent,Intersection:  Four-way intersection,Paved,,Property Damage Only,0,0,0,0,0,0,4000,2,2,,POINT (-95.873458577861 41.257129025116)
2014816930,1409128111,09/12/2014,09-September,6-Friday,15:55,1500 Hours,District 6 (East Central),LOW MOOR,CLINTON,,3RD ST & 3RD AVE,Collision with:  Vehicle in traffic,On Roadway,"Angle, oncoming left turn",Ran Stop Sign,None Indicated,,Daylight,Wet,Rain,None apparent,Intersection:  Four-way intersection,Paved,,Property Damage Only,0,0,0,0,0,0,1500,2,2,,POINT (-90.354904886367 41.801151578983)
2014816862,2014010068,09/12/2014,09-September,6-Friday,12:00,1200 Hours,District 6 (East Central),IOWA CITY,JOHNSON,IA 1,IA 1/E BURLINGTON ST & S DUBUQUE ST,Collision with:  Vehicle in traffic,On Roadway,Rear-end (front to rear),Followed too close,None Indicated,,Daylight,Wet,Rain,None apparent,Intersection:  Four-way intersection,Paved,,Property Damage Only,0,0,0,0,0,0,6000,2,4,,POINT (-91.533128546373 41.657839855481)
2014816827,2014-037726,09/12/2014,09-September,6-Friday,22:14,2200 Hours,District 6 (East Central),DUBUQUE,DUBUQUE,,W 2ND ST & MAIN ST,Collision with:  Vehicle in traffic,On Roadway,Broadside (front to side),Lost Control,Alcohol (Statutory),,Dark - roadway lighted,Dry,Cloudy,None apparent,Non-intersection:  Non-junction/no special feature,Paved,,Property Damage Only,0,0,0,0,0,0,7500,3,1,,POINT (-90.664490780507 42.495909453722)
2014816434,20140026925,09/12/2014,09-September,6-Friday,07:22,0700 Hours,District 1 (Central),DES MOINES,POLK,,HUBBELL AVE & E 22ND ST,Collision with:  Vehicle in traffic,On Roadway,"Angle, oncoming left turn",FTYROW:  Making left turn,None Indicated,,Daylight,Wet,Rain,None apparent,Intersection:  T-intersection,Paved,,Possible/Unknown,0,1,0,0,1,0,7000,3,3,,POINT (-93.577574643509 41.601141169957)
2014816723,14-038918,09/12/2014,09-September,6-Friday,18:46,1800 Hours,District 4 (Southwest),COUNCIL BLUFFS,POTTAWATTAMIE,,N 1ST ST,Collision with:  Vehicle in traffic,On Roadway,"Angle, oncoming left turn",FTYROW:  From parked position,Alcohol (< Statutory),,Daylight,Dry,Cloudy,None apparent,Non-intersection:  Alley,Paved,,Property Damage Only,0,0,0,0,0,0,2100,2,2,,POINT (-95.84425165752 41.26395214683)
2014816900,14-32557,09/12/2014,09-September,6-Friday,08:09,0800 Hours,District 5 (Southeast),BURLINGTON,DES MOINES,,W ROOSEVELT FRONTAGE,Collision with:  Vehicle in traffic,On Roadway,"Sideswipe, opposite direction",Other (explain in narrative):  Other,None Indicated,,Daylight,Dry,Cloudy,None apparent,Non-intersection:  Non-junction/no special feature,Paved,,Property Damage Only,0,0,0,0,0,0,4000,2,21,,POINT (-91.141969438658 40.806661469636)
2014816826,2014-037723,09/12/2014,09-September,6-Friday,20:19,2000 Hours,District 6 (East Central),DUBUQUE,DUBUQUE,US 52,US 52/KERRIGAN RD & W 5TH ST & E 5TH ST,Collision with:  Vehicle in traffic,On Roadway,Broadside (front to side),FTYROW:  From stop sign,None Indicated,,Dark - roadway not lighted,Dry,Cloudy,None apparent,Intersection:  Four-way intersection,Paved,,Property Damage Only,0,0,0,0,0,0,3001,2,4,,POINT (-90.66247460878 42.499398373872)
2014816685,14-004275,09/12/2014,09-September,6-Friday,16:35,1600 Hours,District 1 (Central),AMES,STORY,,MORTENSON PKWY & UNIVERSITY BLVD,Collision with:  Vehicle in traffic,On Roadway,"Sideswipe, same direction",Made improper turn,None Indicated,,Daylight,Dry,Cloudy,None apparent,Intersection:  T-intersection,Paved,,Property Damage Only,0,0,0,0,0,0,3000,2,2,,POINT (-93.639294057972 42.008359270775)
2014816418,14-6001,09/12/2014,09-September,6-Friday,12:26,1200 Hours,District 1 (Central),,POLK,IA 415,IA 415/2ND AVE & NW 50TH PL,Collision with:  Vehicle in traffic,On Roadway,Rear-end (front to rear),Other (explain in narrative):  Other,None Indicated,,Daylight,Wet,Rain,None apparent,Non-intersection:  Non-junction/no special feature,Paved,,Property Damage Only,0,0,0,0,0,0,8100,3,7,,POINT (-93.619994975127 41.652549451921)
2014816601,14-6013,09/12/2014,09-September,6-Friday,17:27,1700 Hours,District 1 (Central),GRIMES,POLK,IA 141,IA 141/IOWA 141,Collision with:  Vehicle in traffic,On Roadway,Rear-end (front to rear),Followed too close,None Indicated,,Daylight,Dry,Clear,None apparent,Non-intersection:  Non-junction/no special feature,Paved,,Property Damage Only,0,0,0,0,0,0,8000,2,2,,POINT (-93.774475832769 41.692846803404)
2014816566,091214-92,09/12/2014,09-September,6-Friday,06:30,0600 Hours,District 3 (Northwest),,BUENA VISTA,,Co Rd C29/500TH ST & Co Rd M31/50TH AVE,Collision with:  Animal,,,Animal,None Indicated,,,,,,,Paved,,Property Damage Only,0,0,0,0,0,0,1800,1,1,,POINT (-95.308945550114 42.792308564294)
2014816437,20140026946,09/12/2014,09-September,6-Friday,10:26,1000 Hours,District 1 (Central),DES MOINES,POLK,US 6,US 6/E EUCLID AVE & AMHERST ST,Collision with:  Vehicle in traffic,On Roadway,Rear-end (front to rear),FTYROW:  Other (explain in narrative),None Indicated,,Daylight,Wet,Rain,None apparent,Intersection:  Four-way intersection,Paved,,Property Damage Only,0,0,0,0,0,0,5300,2,2,,POINT (-93.611497527728 41.627708154046)
2014816843,C14002913,09/12/2014,09-September,6-Friday,13:00,1300 Hours,District 6 (East Central),CORALVILLE,JOHNSON,US 6,US 6/2ND ST,Collision with:  Vehicle in traffic,On Roadway,Broadside (front to side),FTYROW:  From driveway,None Indicated,,Daylight,Dry,Cloudy,None apparent,Non-intersection:  Driveway access (within),Paved,,Property Damage Only,0,0,0,0,0,0,10000,2,2,,POINT (-91.590033259599 41.678727504528)
2014817517,14-003279,09/12/2014,09-September,6-Friday,20:30,2000 Hours,District 5 (Southeast),HARPER,KEOKUK,,260TH AVE,Collision with fixed object:  Ditch,Outside trafficway,Non-collision (single vehicle),Ran off road - straight,None Indicated,,Dark - roadway not lighted,"Mud, dirt",Clear,None apparent,Non-intersection:  Non-junction/no special feature,Unpaved,,Minor Injury,0,1,0,1,0,0,2000,1,2,,POINT (-92.102911663781 41.404290730871)
2014816438,20140026948,09/12/2014,09-September,6-Friday,09:14,0900 Hours,District 1 (Central),DES MOINES,POLK,I-235,I-235 & US 69/E 15TH ST & LYON ST,Collision with:  Vehicle in traffic,On Roadway,"Sideswipe, same direction",Made improper turn,None Indicated,,Daylight,Dry,Cloudy,None apparent,Non-intersection:  Non-junction/no special feature,Paved,,Property Damage Only,0,0,0,0,0,0,3000,2,4,,POINT (-93.596103775181 41.596047569039)
2014818962,2014053057,09/12/2014,09-September,6-Friday,10:45,1000 Hours,District 2 (Northeast),,BUTLER,IA 57,IA 57/IOWA 57,Collision with:  Vehicle in traffic,On Roadway,Rear-end (front to rear),Followed too close,None Indicated,,Daylight,Wet,Rain,Work Zone (roadway-related),Non-intersection:  Other non-intersection (explain in narrative),Paved,Yes,Property Damage Only,0,0,0,0,0,0,13000,2,2,,POINT (-92.67562295235 42.565462813424)
2014816559,W14-091917,09/12/2014,09-September,6-Friday,16:19,1600 Hours,District 2 (Northeast),WATERLOO,BLACK HAWK,US 218,US 218 & W 9TH ST,Collision with:  Vehicle in traffic,On Roadway,Broadside (front to side),Ran Traffic Signal,None Indicated,,Daylight,Dry,Cloudy,None apparent,Intersection:  Four-way intersection,Paved,,Possible/Unknown,0,1,0,0,1,0,5500,2,5,,POINT (-92.33689384019 42.489606457277)
2014816664,20140026968,09/12/2014,09-September,6-Friday,12:49,1200 Hours,District 1 (Central),DES MOINES,POLK,IA 28,IA 28/IOWA 5 & ARMY POST RD,Collision with:  Vehicle in traffic,On Roadway,Rear-end (front to rear),Followed too close,None Indicated,,Daylight,Dry,Cloudy,None apparent,Intersection:  T-intersection,Paved,,Property Damage Only,0,0,0,0,0,0,1800,2,2,,POINT (-93.685243130938 41.516430810809)
2014816432,20140026920,09/12/2014,09-September,6-Friday,06:55,0600 Hours,District 1 (Central),DES MOINES,POLK,IA 163,IA 163/E UNIVERSITY AVE,Collision with:  Vehicle in traffic,On Roadway,Rear-end (front to rear),Lost Control,None Indicated,,Daylight,Wet,Rain,None apparent,Non-intersection:  Non-junction/no special feature,Paved,,Property Damage Only,0,0,0,0,0,0,3000,2,2,,POINT (-93.551241591349 41.600549867901)
2014816865,2014010081,09/12/2014,09-September,6-Friday,17:57,1700 Hours,District 6 (East Central),IOWA CITY,JOHNSON,,S GILBERT ST,Collision with:  Vehicle in traffic,On Roadway,"Sideswipe, same direction",FTYROW:  Other (explain in narrative),None Indicated,,Daylight,Dry,Cloudy,None apparent,Non-intersection:  Non-junction/no special feature,Paved,,Property Damage Only,0,0,0,0,0,0,6000,2,4,,POINT (-91.530154454414 41.657117332965)
2014817460,201413520,09/12/2014,09-September,6-Friday,11:13,1100 Hours,District 6 (East Central),CEDAR RAPIDS,LINN,,WILEY BLVD NW & JOHNSON AVE NW,Collision with:  Vehicle in traffic,On Roadway,"Angle, oncoming left turn",Driving too fast for conditions,None Indicated,,Daylight,Wet,Rain,None apparent,Intersection:  Four-way intersection,Paved,,Possible/Unknown,0,1,0,0,1,0,25000,2,2,,POINT (-91.725783415073 41.971256115197)
2014820703,2014-70-AC,09/12/2014,09-September,6-Friday,06:50,0600 Hours,District 3 (Northwest),,DICKINSON,,Co Rd N16/320TH AVE,Collision with:  Animal,,,Animal,None Indicated,,,,,,,Paved,,Property Damage Only,0,0,0,0,0,0,12000,1,1,,POINT (-94.954690521646 43.492064842901)
2014817421,,09/12/2014,09-September,6-Friday,07:35,0700 Hours,District 6 (East Central),CEDAR RAPIDS,LINN,,WILEY BLVD NW & JOHNSON AVE NW,Collision with:  Vehicle in traffic,On Roadway,"Sideswipe, same direction",Unknown,None Indicated,,Daylight,Dry,Cloudy,,Intersection:  Four-way intersection,Paved,,Property Damage Only,0,0,0,0,0,0,1500,2,3,,POINT (-91.725771708565 41.971237971471)
2014816623,20140027010,09/12/2014,09-September,6-Friday,20:13,2000 Hours,District 1 (Central),DES MOINES,POLK,,TAYLOR ST,Collision with:  Parked motor vehicle,On Roadway,"Sideswipe, same direction",Unknown,None Indicated,,Dark - roadway lighted,Wet,Clear,None apparent,Non-intersection:  Non-junction/no special feature,Paved,,Property Damage Only,0,0,0,0,0,0,2000,2,777,,POINT (-93.621829512714 41.571015240723)
2014816419,14-5991,09/12/2014,09-September,6-Friday,07:07,0700 Hours,District 1 (Central),PLEASANT HILL,POLK,,SE 32TH AVE,Collision with:  Animal,,Non-collision (single vehicle),Animal,None Indicated,,,,,,,Paved,,Property Damage Only,0,0,0,0,0,0,3500,1,1,,POINT (-93.45542463709 41.55136616147)
2014817420,,09/12/2014,09-September,6-Friday,13:45,1300 Hours,District 6 (East Central),CEDAR RAPIDS,LINN,,BLAIRS FERRY RD NE,Collision with:  Vehicle in traffic,On Roadway,"Sideswipe, same direction",Unknown,None Indicated,,Daylight,Wet,Rain,,Interchange-related:  On-ramp,Paved,,Property Damage Only,0,0,0,0,0,0,2000,2,4,,POINT (-91.674705896127 42.034749338246)
2014817695,20140027019,09/12/2014,09-September,6-Friday,22:20,2200 Hours,District 1 (Central),DES MOINES,POLK,,LOCUST ST,Collision with:  Vehicle in traffic,On Roadway,"Sideswipe, same direction",Made improper turn,None Indicated,,Dark - roadway lighted,Dry,Cloudy,None apparent,Intersection:  T-intersection,Paved,,Property Damage Only,0,0,0,0,0,0,1800,2,2,,POINT (-93.622502646587 41.587404820484)
2014816836,2014-37710,09/12/2014,09-September,6-Friday,15:28,1500 Hours,District 6 (East Central),DUBUQUE,DUBUQUE,US 52,US 52/WHITE ST & E 10TH ST,Collision with:  Vehicle in traffic,On Roadway,Broadside (front to side),FTYROW:  From stop sign,None Indicated,,Daylight,Wet,Rain,None apparent,Intersection:  Four-way intersection,Paved,,Property Damage Only,0,0,0,0,0,0,2500,2,6,,POINT (-90.664979810749 42.50336673734)
2014816686,14-004276,09/12/2014,09-September,6-Friday,16:56,1600 Hours,District 1 (Central),AMES,STORY,,LINCOLN WAY & N OAK AVE,Collision with:  Vehicle in traffic,On Roadway,Broadside (front to side),FTYROW:  From stop sign,None Indicated,,Daylight,Dry,Cloudy,None apparent,Intersection:  Four-way intersection,Paved,,Property Damage Only,0,0,0,0,0,0,2500,2,2,,POINT (-93.623664387461 42.022882812393)
2014816715,201404282,09/12/2014,09-September,6-Friday,20:36,2000 Hours,District 1 (Central),OGDEN,BOONE,,EAGLE AVE & 310TH ST,Collision with:  Vehicle in traffic,On Roadway,Broadside (front to side),FTYROW:  At uncontrolled intersection,None Indicated,,Dark - roadway not lighted,"Mud, dirt",Cloudy,None apparent,Intersection:  Four-way intersection,Unpaved,,Property Damage Only,0,0,0,0,0,0,2000,2,2,,POINT (-94.072306461024 41.906734087846)
2014826660,,09/12/2014,09-September,6-Friday,17:13,1700 Hours,District 2 (Northeast),,WINNESHIEK,,Co Rd W42/CO RD W42,Collision with:  Animal,On Roadway,Non-collision (single vehicle),Animal,None Indicated,,Daylight,Wet,Rain,None apparent,Non-intersection:  Non-junction/no special feature,Paved,,Property Damage Only,0,0,0,0,0,0,3000,1,1,,POINT (-91.761486407214 43.187020984031)
2014816620,20140026987,09/12/2014,09-September,6-Friday,16:20,1600 Hours,District 1 (Central),DES MOINES,POLK,,FRANKLIN AVE & 44TH ST,Collision with:  Vehicle in traffic,On Roadway,Broadside (front to side),Ran Traffic Signal,None Indicated,,Daylight,Dry,Cloudy,None apparent,Intersection:  Four-way intersection,Paved,,Property Damage Only,0,0,0,0,0,0,5500,2,2,,POINT (-93.677832373067 41.611249299019)
2014816384,W14-091876,09/12/2014,09-September,6-Friday,13:48,1300 Hours,District 2 (Northeast),WATERLOO,BLACK HAWK,US 218,US 218/WASHINGTON ST,Collision with:  Vehicle in traffic,On Roadway,Rear-end (front to rear),Other (explain in narrative):  Other,None Indicated,,Daylight,Wet,Rain,None apparent,Non-intersection:  Other non-intersection (explain in narrative),Paved,,Property Damage Only,0,0,0,0,0,0,2000,2,2,,POINT (-92.327867009081 42.483727091137)
2014817200,2014-64362,09/12/2014,09-September,6-Friday,16:39,1600 Hours,District 6 (East Central),DAVENPORT,SCOTT,,IA 461/W RIVER DR & FAIRMOUNT ST,Collision with:  Vehicle in traffic,On Roadway,Rear-end (front to rear),Followed too close,None Indicated,,Daylight,Wet,Rain,None apparent,Non-intersection:  Non-junction/no special feature,Paved,,Possible/Unknown,0,1,0,0,1,0,6500,2,2,,POINT (-90.630471009369 41.501126798561)
2014826440,14-6423,09/12/2014,09-September,6-Friday,12:56,1200 Hours,District 6 (East Central),LE CLAIRE,SCOTT,I-80,I-80,Collision with:  Vehicle in traffic,On Roadway,"Sideswipe, same direction",Improper or erratic lane changing,None Indicated,,Daylight,Dry,Unknown,None apparent,Non-intersection:  Other non-intersection (explain in narrative),Paved,,Property Damage Only,0,0,0,0,0,0,4200,2,3,,POINT (-90.369006503602 41.586753616628)
2014817052,2014053025,09/12/2014,09-September,6-Friday,07:43,0700 Hours,District 1 (Central),ANKENY,POLK,I-35,I-35,Collision with:  Vehicle in traffic,On Roadway,Rear-end (front to rear),Other (explain in narrative):  Other,None Indicated,,Daylight,Wet,Rain,None apparent,Non-intersection:  Non-junction/no special feature,Paved,,Possible/Unknown,0,1,0,0,1,0,12000,2,4,,POINT (-93.5756029522 41.746354960806)
2014816436,20140026938,09/12/2014,09-September,6-Friday,09:27,0900 Hours,District 1 (Central),DES MOINES,POLK,US 6,US 6/DOUGLAS AVE & 50TH ST,Collision with:  Non-motorist (see non-motorist section - NOT a unit),On Roadway,Non-collision (single vehicle),Other (explain in narrative):  No improper action,None Indicated,,Daylight,Wet,Rain,Other (explain in narrative),Non-intersection:  Non-junction/no special feature,Paved,,Property Damage Only,0,0,0,0,0,0,1500,1,1,,POINT (-93.687783128385 41.629438757324)
2014821031,S79140302,09/12/2014,09-September,6-Friday,21:30,2100 Hours,District 1 (Central),,POWESHIEK,,Co Rd F29/OLD 6 RD,Collision with fixed object:  Other fixed object (explain in narrative),Outside trafficway,Non-collision (single vehicle),Ran off road - right,None Indicated,,Dark - roadway not lighted,Wet,Rain,None apparent,Intersection:  Y-intersection,Paved,,Property Damage Only,0,0,0,0,0,0,4000,1,1,,POINT (-92.590314298292 41.732420878894)
2014817287,,09/12/2014,09-September,6-Friday,16:08,1600 Hours,District 3 (Northwest),LAKE CITY,CALHOUN,IA 175,IA 175/MAIN ST & LLOYD ST,Collision with:  Vehicle in traffic,On Roadway,Rear-end (front to rear),Swerving/Evasive Action,None Indicated,,Daylight,Dry,Cloudy,None apparent,Intersection:  Four-way intersection,Paved,,Possible/Unknown,0,2,0,0,2,0,10000,2,2,,POINT (-94.743951317282 42.267314580461)
2014818096,201400045013,09/12/2014,09-September,6-Friday,16:29,1600 Hours,District 5 (Southeast),OTTUMWA,WAPELLO,,W FINLEY AVE & S FERRY ST & N FERRY ST,Collision with:  Vehicle in traffic,On Roadway,Rear-end (front to rear),Followed too close,None Indicated,,Daylight,Dry,Clear,None apparent,Intersection:  Four-way intersection,Paved,,Property Damage Only,0,0,0,0,0,0,2500,2,4,,POINT (-92.433668576498 41.002013361008)
2014816797,14-4544,09/12/2014,09-September,6-Friday,16:15,1600 Hours,District 4 (Southwest),WEST DES MOINES,DALLAS,,S 64TH ST & MILLS CIVIC PKWY,Collision with:  Vehicle in traffic,On Roadway,Broadside (front to side),FTYROW:  Making left turn,None Indicated,,Daylight,Dry,Cloudy,None apparent,Intersection:  Four-way intersection,Paved,,Property Damage Only,0,0,0,0,0,0,14000,2,2,,POINT (-93.796627551865 41.561560278879)
2014816756,01-14-037715,09/12/2014,09-September,6-Friday,16:55,1600 Hours,District 6 (East Central),DUBUQUE,DUBUQUE,IA 32,IA 32/IA32 NW ARTERIAL,Collision with:  Vehicle in traffic,On Roadway,Rear-end (front to rear),Lost Control,None Indicated,,Daylight,Dry,Cloudy,None apparent,Non-intersection:  Non-junction/no special feature,Paved,,Property Damage Only,0,0,0,0,0,0,3000,2,2,,POINT (-90.740770627949 42.500140887029)
2014822117,,09/12/2014,09-September,6-Friday,20:00,2000 Hours,District 5 (Southeast),,WASHINGTON,US 218,US 218,Collision with:  Animal,On Roadway,Non-collision (single vehicle),Animal,None Indicated,,Dark - roadway not lighted,Dry,Clear,,Non-intersection:  Non-junction/no special feature,Paved,,Property Damage Only,0,0,0,0,0,0,11900,1,4,,POINT (-91.551519953555 41.495028694499)
2014816599,OP14006393,09/12/2014,09-September,6-Friday,17:05,1700 Hours,District 3 (Northwest),ONAWA,MONONA,IA 175,IA 175/IOWA AVE & 11TH ST,Collision with:  Vehicle in traffic,On Roadway,Rear-end (front to rear),Followed too close,None Indicated,,Daylight,Dry,Cloudy,None apparent,Non-intersection:  Driveway access (within),Paved,,Property Damage Only,0,0,0,0,0,0,6000,2,4,,POINT (-96.098691346546 42.026725072159)
2014816823,2014-037711,09/12/2014,09-September,6-Friday,15:22,1500 Hours,District 6 (East Central),DUBUQUE,DUBUQUE,IA 32,IA 32/IA32 NW ARTERIAL,Collision with:  Vehicle in traffic,On Roadway,Rear-end (front to rear),Lost Control,None Indicated,,Daylight,Wet,Rain,None apparent,Non-intersection:  Non-junction/no special feature,Paved,,Property Damage Only,0,0,0,0,0,0,2250,2,2,,POINT (-90.740724047584 42.497717553985)
2014816886,14-001113,09/12/2014,09-September,6-Friday,17:12,1700 Hours,District 1 (Central),JOHNSTON,POLK,,NW 86TH ST & NW 54TH AVE,Collision with:  Vehicle in traffic,On Roadway,Rear-end (front to rear),Driving too fast for conditions,None Indicated,,Daylight,Dry,Cloudy,None apparent,Intersection:  Four-way intersection,Paved,,Possible/Unknown,0,2,0,0,2,0,3600,3,3,,POINT (-93.736445135967 41.658338445805)
2014818963,2014053151,09/12/2014,09-September,6-Friday,17:18,1700 Hours,District 1 (Central),,POWESHIEK,IA 21,IA 21/IOWA 21,Collision with:  Vehicle in traffic,On Roadway,Rear-end (front to rear),Followed too close,None Indicated,,Daylight,Dry,Cloudy,None apparent,Non-intersection:  Driveway access (within),Paved,,Possible/Unknown,0,1,0,0,1,0,6500,2,2,,POINT (-92.357794928318 41.697715265455)
2014817053,2014053159,09/12/2014,09-September,6-Friday,17:00,1700 Hours,District 1 (Central),,HAMILTON,I-35,I-35 & IA 175/330TH ST,Collision with:  Vehicle in traffic,On Roadway,Rear-end (front to rear),Swerving/Evasive Action,None Indicated,,Daylight,Wet,Cloudy,Work Zone (roadway-related),Non-intersection:  Non-junction/no special feature,Paved,Yes,Property Damage Only,0,0,0,0,0,0,3000,2,6,,POINT (-93.569381924777 42.310494826891)
2014816478,2014010076,09/12/2014,09-September,6-Friday,15:47,1500 Hours,District 6 (East Central),IOWA CITY,JOHNSON,,ROCHESTER AVE & N SCOTT BLVD,Collision with:  Vehicle in traffic,On Roadway,Rear-end (front to rear),Driver Distraction:  Manual operation of an electronic communication device,None Indicated,,Daylight,Dry,Cloudy,None apparent,Intersection:  Four-way intersection,Paved,,Property Damage Only,0,0,0,0,0,0,4000,2,2,,POINT (-91.483547562345 41.668725016249)
2014817308,14019374,09/12/2014,09-September,6-Friday,20:34,2000 Hours,District 6 (East Central),MARION,LINN,,MARION BLVD,Collision with:  Vehicle in traffic,On Roadway,Rear-end (front to rear),Followed too close,None Indicated,,Dark - roadway lighted,Dry,Clear,None apparent,Non-intersection:  Non-junction/no special feature,Paved,,Property Damage Only,0,0,0,0,0,0,8000,2,3,,POINT (-91.61528384128 42.028995166971)
2014820597,2014-64343,09/12/2014,09-September,6-Friday,14:33,1400 Hours,District 6 (East Central),DAVENPORT,SCOTT,,E LOCUST ST & ESPLANADE AVE,Collision with:  Vehicle in traffic,On Roadway,Rear-end (front to rear),Followed too close,None Indicated,,Daylight,Wet,Rain,None apparent,Non-intersection:  Non-junction/no special feature,Paved,,Possible/Unknown,0,1,0,0,1,0,4000,2,3,,POINT (-90.55561973981 41.538323081962)
2014818097,201400045028,09/12/2014,09-September,6-Friday,17:59,1700 Hours,District 5 (Southeast),OTTUMWA,WAPELLO,IA 149,IA 149/IOWA 149 & W WOODLAND AVE & N MCLEAN ST,Collision with:  Vehicle in traffic,On Roadway,Broadside (front to side),Ran Traffic Signal,None Indicated,,Daylight,Dry,Cloudy,None apparent,Intersection:  Four-way intersection,Paved,,Property Damage Only,0,0,0,0,0,0,5000,2,2,,POINT (-92.413142141337 41.029169342456)
2014816698,14-30087,09/12/2014,09-September,6-Friday,06:10,0600 Hours,District 3 (Northwest),SIOUX CITY,WOODBURY,,JACKSON ST,Collision with:  Parked motor vehicle,On Roadway,Rear-end (front to rear),Unknown,None Indicated,,Dark - roadway not lighted,Wet,Rain,None apparent,Non-intersection:  Non-junction/no special feature,Paved,,Property Damage Only,0,0,0,0,0,0,2500,3,1,,POINT (-96.402235959077 42.513703739459)
2014817859,2014009512,09/12/2014,09-September,6-Friday,12:12,1200 Hours,District 1 (Central),MARSHALLTOWN,MARSHALL,,WESTWOOD DR & S CENTER ST,Collision with:  Vehicle in traffic,On Roadway,Rear-end (front to rear),Other (explain in narrative):  Other,None Indicated,,Daylight,Wet,Rain,None apparent,Intersection:  T-intersection,Paved,,Property Damage Only,0,0,0,0,0,0,2100,3,3,,POINT (-92.912707166506 42.021067368642)
2014817089,14015979,09/12/2014,09-September,6-Friday,15:00,1500 Hours,District 2 (Northeast),MASON CITY,CERRO GORDO,,4TH ST SW & S PRESIDENT AVE & S WASHINGTON AVE,Collision with:  Vehicle in traffic,On Roadway,Broadside (front to side),Ran Stop Sign,None Indicated,,Daylight,Wet,Rain,None apparent,Intersection:  Four-way intersection,Paved,,Property Damage Only,0,0,0,0,0,0,3000,2,4,,POINT (-93.203523893899 43.148105729031)
2014819048,14-30133,09/12/2014,09-September,6-Friday,12:46,1200 Hours,District 3 (Northwest),SIOUX CITY,WOODBURY,,W 19TH ST & HAMILTON BLVD,Collision with:  Vehicle in traffic,On Roadway,Rear-end (front to rear),Unknown,None Indicated,,Daylight,Dry,Cloudy,None apparent,Intersection:  Four-way intersection,Paved,,Minor Injury,0,1,0,1,0,0,2500,3,6,,POINT (-96.41676788328 42.510569563411)
2014816696,14-30084,09/12/2014,09-September,6-Friday,00:52,0000 Hours,District 3 (Northwest),SIOUX CITY,WOODBURY,I-29,I-29,Collision with:  Vehicle in traffic,On Roadway,Rear-end (front to rear),Other (explain in narrative):  Other,None Indicated,,Dark - roadway lighted,Wet,Rain,Work Zone (roadway-related),Non-intersection:  Non-junction/no special feature,Paved,Yes,Possible/Unknown,0,1,0,0,1,0,4500,2,2,,POINT (-96.428438308677 42.491860535057)
2014816564,W14-091968,09/12/2014,09-September,6-Friday,18:22,1800 Hours,District 2 (Northeast),WATERLOO,BLACK HAWK,,ESTHER ST & SHERMAN AVE,Collision with:  Vehicle in traffic,On Roadway,Broadside (front to side),FTYROW:  From yield sign,None Indicated,,Daylight,Wet,Cloudy,None apparent,Intersection:  Four-way intersection,Paved,,Possible/Unknown,0,1,0,0,1,0,1250,2,3,,POINT (-92.335232559482 42.521225262914)
2014816832,2014-37700,09/12/2014,09-September,6-Friday,10:43,1000 Hours,District 6 (East Central),DUBUQUE,DUBUQUE,US 20,US 20/DODGE ST & SEIPPEL RD & PROP RD,Collision with:  Vehicle in traffic,On Roadway,Rear-end (front to rear),Lost Control,None Indicated,,Daylight,Wet,Rain,None apparent,Intersection:  T-intersection,Paved,,Possible/Unknown,0,1,0,0,1,0,13000,2,2,,POINT (-90.760432012464 42.476410822978)
2014816614,14-1092,09/12/2014,09-September,6-Friday,01:49,0100 Hours,District 1 (Central),CLIVE,POLK,,NW 128TH ST,Non-collision events:  Other non-collision (explain in narrative),On Roadway,Non-collision (single vehicle),Exceeded authorized speed,Alcohol (< Statutory),,Dark - roadway lighted,Dry,Cloudy,None apparent,Non-intersection:  Non-junction/no special feature,Paved,,Property Damage Only,0,0,0,0,0,0,2000,1,1,,POINT (-93.792973180182 41.612818567208)
2014816619,20140026983,09/12/2014,09-September,6-Friday,15:40,1500 Hours,District 1 (Central),DES MOINES,POLK,,WOODLAND AVE & 19TH ST,Collision with:  Vehicle in traffic,On Roadway,Broadside (front to side),FTYROW:  From stop sign,None Indicated,,Daylight,Dry,Cloudy,None apparent,Intersection:  Four-way intersection,Paved,,Property Damage Only,0,0,0,0,0,0,4000,2,2,,POINT (-93.642472989284 41.588069582126)
2014816718,14-24111,09/12/2014,09-September,6-Friday,08:10,0800 Hours,District 1 (Central),NEWTON,JASPER,,S 6TH AVE E & E 10TH ST S,Collision with:  Vehicle in traffic,On Roadway,Broadside (front to side),FTYROW:  At uncontrolled intersection,None Indicated,,Daylight,Wet,Rain,None apparent,Intersection:  Four-way intersection,Paved,,Possible/Unknown,0,2,0,0,2,0,6000,2,6,,POINT (-93.041075598716 41.694611417503)