Iowa DOT Case Number,Law Enforcement Case Number,Date of Crash,Month of Crash,Day of Week,Time of Crash,Hour,DOT District,City Name,County Name,Route with System,Location Description,First Harmful Event,Location of First Harmful Event,Manner of Crash/Collision,Major Cause,Drug or Alcohol ,Environmental Conditions,Light Conditions,Surface Conditions,Weather Conditions,Roadway Contribution,Roadway Type,Roadway Surface,Work Zone,Crash Severity,Number of Fatalities,Number of Injuries,Number of Major Injuries,Number of Minor Injuries,Number of Possible Injuries,Number of Unknown Injuries,Amount of Property Damage,Number of Vehicles Involved,Total Number of Occupants,Travel Direction,Location
2014817395,2014-012736,09/12/2014,09-September,6-Friday,01:22,0100 Hours,District 6 (East Central),,DUBUQUE,,OLDE MASSEY RD & MINES OF SPAIN RD,Collision with:  Animal,,,Animal,None Indicated,,,,,,,Paved,,Property Damage Only,0,0,0,0,0,0,5000,1,1,,POINT (-90.634040138164 42.444702120856)
2014816649,20140026973,09/12/2014,09-September,6-Friday,13:59,1300 Hours,District 1 (Central),DES MOINES,POLK,,GRANDVIEW AVE & E 25TH ST,Collision with:  Vehicle in traffic,On Roadway,Broadside (front to side),Ran Stop Sign,None Indicated,,Daylight,Wet,Cloudy,"Surface condition (e.g., wet, icy)",Intersection:  T-intersection,Paved,,Minor Injury,0,1,0,1,0,0,10400,2,5,,POINT (-93.570820919052 41.620459372322)
2014816935,PD1408032,09/12/2014,09-September,6-Friday,11:06,1100 Hours,District 5 (Southeast),FAIRFIELD,JEFFERSON,,PLEASANT PLAIN RD,Non-collision events:  Other non-collision (explain in narrative),Shoulder,Non-collision (single vehicle),Driver Distraction:  Manual operation of an electronic communication device,None Indicated,,Daylight,Wet,Rain,None apparent,Non-intersection:  Non-junction/no special feature,Paved,,Property Damage Only,0,0,0,0,0,0,3500,1,1,,POINT (-91.950972400747 41.018385656283)
2014818191,14-30146,09/12/2014,09-September,6-Friday,14:24,1400 Hours,District 3 (Northwest),SIOUX CITY,WOODBURY,,27TH ST,Collision with:  Vehicle in traffic,On Roadway,Rear-end (front to rear),Followed too close,None Indicated,,Daylight,Dry,Clear,None apparent,Non-intersection:  Non-junction/no special feature,Paved,,Property Damage Only,0,0,0,0,0,0,7000,2,2,,POINT (-96.404679677676 42.51813331063)
2014835381,14-0347,09/12/2014,09-September,6-Friday,20:28,2000 Hours,District 5 (Southeast),,DECATUR,I-35,I-35,Collision with:  Animal,On Roadway,Non-collision (single vehicle),Animal,None Indicated,,Dark - roadway not lighted,Dry,Clear,None apparent,Non-intersection:  Non-junction/no special feature,Paved,,Property Damage Only,0,0,0,0,0,0,3000,1,3,,POINT (-93.801056864145 40.884397297123)
2014817240,2014-037712,09/12/2014,09-September,6-Friday,15:31,1500 Hours,District 6 (East Central),DUBUQUE,DUBUQUE,,PENNSYLVANIA AVE & BIES DR,Collision with:  Vehicle in traffic,On Roadway,"Angle, oncoming left turn",FTYROW:  From stop sign,None Indicated,,Daylight,Wet,Rain,None apparent,Intersection:  Four-way intersection,Paved,,Property Damage Only,0,0,0,0,0,0,1500,2,2,,POINT (-90.726337097903 42.500485676095)
2014816645,20140026962,09/12/2014,09-September,6-Friday,12:52,1200 Hours,District 1 (Central),DES MOINES,POLK,US 6,US 6/EUCLID AVE,Collision with:  Vehicle in traffic,On Roadway,Broadside (front to side),Driving too fast for conditions,None Indicated,,Daylight,Wet,Cloudy,"Surface condition (e.g., wet, icy)",Non-intersection:  Driveway access (within),Paved,,Possible/Unknown,0,1,0,0,1,0,8000,2,2,,POINT (-93.648881224782 41.627746404942)
2014816700,14-30089,09/12/2014,09-September,6-Friday,07:57,0700 Hours,District 3 (Northwest),SIOUX CITY,WOODBURY,,41ST ST & OUTER DR N & DIVISION ST,Collision with:  Vehicle in traffic,On Roadway,Broadside (front to side),Driving too fast for conditions,None Indicated,,Daylight,Wet,Rain,None apparent,Intersection:  Four-way intersection,Paved,,Property Damage Only,0,0,0,0,0,0,4000,2,4,,POINT (-96.380916849521 42.540628435375)
2014818137,2014053037,09/12/2014,09-September,6-Friday,08:25,0800 Hours,District 1 (Central),,POLK,I-80,I-80,Non-collision events:  Other non-collision (explain in narrative),On Roadway,"Sideswipe, same direction",Swerving/Evasive Action,None Indicated,,Daylight,Wet,Rain,Other (explain in narrative),Non-intersection:  Non-junction/no special feature,Paved,,Minor Injury,0,3,0,1,2,0,13000,3,5,,POINT (-93.539475780792 41.657441136606)
2014817344,14-004271,09/12/2014,09-September,6-Friday,14:48,1400 Hours,District 1 (Central),AMES,STORY,,LINCOLN WAY,Collision with:  Vehicle in traffic,On Roadway,"Angle, oncoming left turn",FTYROW:  Making left turn,None Indicated,,Daylight,Dry,Cloudy,None apparent,Non-intersection:  Driveway access (within),Paved,,Property Damage Only,0,0,0,0,0,0,5000,2,2,,POINT (-93.666338869294 42.022832146553)
2014816896,C14002914,09/12/2014,09-September,6-Friday,15:30,1500 Hours,District 6 (East Central),CORALVILLE,JOHNSON,US 6,US 6/2ND ST,Collision with:  Vehicle in traffic,On Roadway,Broadside (front to side),FTYROW:  From driveway,None Indicated,,Daylight,Dry,Cloudy,None apparent,Non-intersection:  Driveway access (within),Paved,,Property Damage Only,0,0,0,0,0,0,16000,2,2,,POINT (-91.593395853178 41.680443988698)
2014818975,EP14-1744,09/12/2014,09-September,6-Friday,16:07,1600 Hours,District 2 (Northeast),EAGLE GROVE,WRIGHT,,2ND ST NW,Collision with:  Vehicle in traffic,On Roadway,Broadside (front to side),FTYROW:  Other (explain in narrative),None Indicated,,Daylight,Dry,Clear,None apparent,Non-intersection:  Non-junction/no special feature,Paved,,Property Damage Only,0,0,0,0,0,0,3000,2,2,,POINT (-93.903825189179 42.666272953344)
2014858721,146798,09/12/2014,09-September,6-Friday,05:20,0500 Hours,District 4 (Southwest),,DALLAS,I-80,I-80,Collision with fixed object:  Bridge overhead structure,On Roadway,Non-collision (single vehicle),Ran off road - right,None Indicated,,Dark - roadway not lighted,Wet,Rain,None apparent,Non-intersection:  Other non-intersection (explain in narrative),Paved,,Possible/Unknown,0,1,0,0,1,0,10000,1,1,,POINT (-93.984406027571 41.543298472673)
2014817023,C14091824,09/12/2014,09-September,6-Friday,08:46,0800 Hours,District 2 (Northeast),CEDAR FALLS,BLACK HAWK,,UNIVERSITY AVE & S MAIN ST,Collision with:  Vehicle in traffic,On Roadway,Rear-end (front to rear),Other (explain in narrative):  Other,None Indicated,,Daylight,Wet,Rain,None apparent,Intersection:  Four-way intersection,Paved,,Minor Injury,0,3,0,2,1,0,18000,5,5,,POINT (-92.445849133585 42.513086915073)
2014817256,201403277,09/12/2014,09-September,6-Friday,11:01,1100 Hours,District 6 (East Central),CEDAR RAPIDS,LINN,,EAST POST RD,Collision with:  Vehicle in traffic,On Roadway,Rear-end (front to rear),Swerving/Evasive Action,None Indicated,,Daylight,Wet,Rain,Work Zone (roadway-related),Non-intersection:  Non-junction/no special feature,Paved,Yes,Possible/Unknown,0,2,0,0,2,0,7000,2,3,,POINT (-91.600517893459 41.997248749105)
2014816796,14-038949,09/12/2014,09-September,6-Friday,21:40,2100 Hours,District 4 (Southwest),COUNCIL BLUFFS,POTTAWATTAMIE,,AVE E & N 10TH ST,Non-collision events:  Other non-collision (explain in narrative),On Roadway,Non-collision (single vehicle),"Operating vehicle in an reckless, erratic, careless, negligent manner",None Indicated,,Dark - roadway lighted,Dry,Clear,None apparent,Intersection:  T-intersection,Paved,,Property Damage Only,0,0,0,0,0,0,1500,1,2,,POINT (-95.858873053027 41.266129504261)
2014817532,14-02863,09/12/2014,09-September,6-Friday,03:30,0300 Hours,District 5 (Southeast),,LEE,IA 16,IA 16/IOWA 16,Collision with:  Animal,,,Animal,None Indicated,,,,,,,Paved,,Property Damage Only,0,0,0,0,0,0,6000,1,1,,POINT (-91.342868732399 40.744972933771)
2014818095,201400045012,09/12/2014,09-September,6-Friday,14:24,1400 Hours,District 5 (Southeast),OTTUMWA,WAPELLO,IA 149,IA 149/WAPELLO ST & W 4TH ST,Collision with:  Vehicle in traffic,On Roadway,"Angle, oncoming left turn",FTYROW:  Making left turn,None Indicated,,Daylight,Dry,Rain,None apparent,Intersection:  Four-way intersection,Paved,,Property Damage Only,0,0,0,0,0,0,2000,2,2,,POINT (-92.414262819275 41.022175723682)
2014817291,,09/12/2014,09-September,6-Friday,15:15,1500 Hours,District 4 (Southwest),ADEL,DALLAS,US 6,US 6/HWY 169,Collision with:  Vehicle in traffic,On Roadway,Broadside (front to side),FTYROW:  From stop sign,None Indicated,,Daylight,Dry,Cloudy,None apparent,Intersection:  T-intersection,Paved,,Property Damage Only,0,0,0,0,0,0,2500,2,2,,POINT (-94.016402353391 41.609682104262)
2014817257,201403278,09/12/2014,09-September,6-Friday,14:49,1400 Hours,District 6 (East Central),,LINN,,Co Rd E34/COUNTY HOME RD,Collision with:  Vehicle in traffic,On Roadway,"Sideswipe, same direction",Swerving/Evasive Action,None Indicated,,Daylight,Wet,Rain,None apparent,Non-intersection:  Non-junction/no special feature,Paved,,Property Damage Only,0,0,0,0,0,0,9000,2,2,,POINT (-91.581378968327 42.093993694056)
2014819099,14-009450,09/12/2014,09-September,6-Friday,16:09,1600 Hours,District 3 (Northwest),BREDA,CARROLL,,MAIN ST,Collision with:  Vehicle in traffic,On Roadway,"Angle, oncoming left turn",FTYROW:  From parked position,None Indicated,,Daylight,Dry,Cloudy,None apparent,Non-intersection:  Non-junction/no special feature,Paved,,Property Damage Only,0,0,0,0,0,0,2550,2,2,,POINT (-94.976425252826 42.18154504862)
2014816940,14-004222,09/12/2014,09-September,6-Friday,23:15,2300 Hours,District 3 (Northwest),,LYON,,IRONWOOD AVE,Collision with fixed object:  Ditch,Shoulder,Non-collision (single vehicle),Ran off road - left,None Indicated,,Dark - roadway not lighted,"Mud, dirt",Clear,None apparent,Non-intersection:  Non-junction/no special feature,Unpaved,,Minor Injury,0,2,0,2,0,0,3000,1,3,,POINT (-96.078935688266 43.294845499876)
2014816683,14-004270,09/12/2014,09-September,6-Friday,14:17,1400 Hours,District 1 (Central),AMES,STORY,,MAIN ST,Collision with:  Vehicle in traffic,On Roadway,Rear-end (front to rear),Driving too fast for conditions,None Indicated,,Daylight,Dry,Cloudy,None apparent,Non-intersection:  Non-junction/no special feature,Paved,,Property Damage Only,0,0,0,0,0,0,2100,2,2,,POINT (-93.612875192133 42.02512051934)
2014817276,14-17761,09/12/2014,09-September,6-Friday,18:30,1800 Hours,District 2 (Northeast),,BREMER,,Co Rd C33/190TH ST,Collision with:  Other non-fixed object (explain in narrative),On Roadway,Non-collision (single vehicle),Lost Control,None Indicated,,Daylight,Dry,Cloudy,Work Zone (roadway-related),Non-intersection:  Other non-intersection (explain in narrative),Paved,Yes,Property Damage Only,0,0,0,0,0,0,3700,1,2,,POINT (-92.504663579877 42.773618783205)
2014817415,A14066,09/12/2014,09-September,6-Friday,11:07,1100 Hours,District 5 (Southeast),KNOXVILLE,MARION,IA 14,IA 14/LINCOLN ST & W LARSON ST,Collision with:  Vehicle in traffic,On Roadway,"Angle, oncoming left turn",FTYROW:  Making left turn,None Indicated,,Daylight,Wet,Rain,Other (explain in narrative),Intersection:  Four-way intersection,Paved,,Possible/Unknown,0,2,0,0,2,0,4000,2,2,,POINT (-93.109497000626 41.328450429968)
2014817127,14-003913,09/12/2014,09-September,6-Friday,07:35,0700 Hours,District 1 (Central),ANKENY,POLK,I-35,I-35,Collision with:  Vehicle in traffic,On Roadway,Rear-end (front to rear),Driving too fast for conditions,None Indicated,,Daylight,Wet,Rain,None apparent,Non-intersection:  Non-junction/no special feature,Paved,,Property Damage Only,0,0,0,0,0,0,6500,2,3,,POINT (-93.574600216546 41.748548683956)
2014820704,2014-71-AC,09/12/2014,09-September,6-Friday,20:55,2000 Hours,District 3 (Northwest),WEST OKOBOJI,DICKINSON,IA 86,IA 86/IOWA 86,Collision with:  Animal,,,Animal,None Indicated,,,,,,,Paved,,Property Damage Only,0,0,0,0,0,0,3000,1,1,,POINT (-95.179849858087 43.351959055704)
2014824678,2014053149,09/12/2014,09-September,6-Friday,16:44,1600 Hours,District 5 (Southeast),,MAHASKA,IA 163,IA 163/IOWA 163 & OLD HWY 163 & JEWELL AVE,Collision with:  Vehicle in traffic,On Roadway,Broadside (front to side),FTYROW:  From yield sign,None Indicated,,Daylight,Dry,Clear,None apparent,Intersection:  Four-way intersection,Paved,,Property Damage Only,0,0,0,0,0,0,18000,3,3,,POINT (-92.688295434095 41.314109479286)
2014816867,2014010088,09/12/2014,09-September,6-Friday,19:46,1900 Hours,District 6 (East Central),IOWA CITY,JOHNSON,US 6,US 6/S RIVERSIDE DR & MYRTLE AVE,Collision with:  Vehicle in traffic,On Roadway,Rear-end (front to rear),Exceeded authorized speed,None Indicated,,Dark - roadway lighted,Dry,Clear,None apparent,Non-intersection:  Non-junction/no special feature,Paved,,Property Damage Only,0,0,0,0,0,0,25000,2,2,,POINT (-91.540464955269 41.653664012495)
2014816612,14-1094,09/12/2014,09-September,6-Friday,12:00,1200 Hours,District 1 (Central),CLIVE,POLK,,NW 100TH ST,Collision with:  Vehicle in traffic,On Roadway,Broadside (front to side),FTYROW:  From driveway,None Indicated,,Daylight,Wet,Rain,None apparent,Non-intersection:  Driveway access (within),Paved,,Property Damage Only,0,0,0,0,0,0,5500,2,2,,POINT (-93.752019526985 41.601240304981)
2014824412,2014-64534,09/12/2014,09-September,6-Friday,22:00,2200 Hours,District 6 (East Central),DAVENPORT,SCOTT,,W 54TH ST & LINWOOD AVE,Unknown,Unknown,Unknown,Unknown,None Indicated,,Dark - unknown roadway lighting,Dry,Cloudy,Unknown,Unknown,Paved,,Property Damage Only,0,0,0,0,0,0,2500,2,1,,POINT (-90.613037217576 41.576131981048)
2014816925,W14-091898,09/12/2014,09-September,6-Friday,15:15,1500 Hours,District 2 (Northeast),WATERLOO,BLACK HAWK,US 63,US 63/E MULLAN AVE,Collision with:  Vehicle in traffic,On Roadway,Rear-end (front to rear),Other (explain in narrative):  Other,None Indicated,,Daylight,Wet,Cloudy,None apparent,Non-intersection:  Non-junction/no special feature,Paved,,Property Damage Only,0,0,0,0,0,0,3500,2,2,,POINT (-92.336661152187 42.51047160859)
2014816976,14-10656,09/12/2014,09-September,6-Friday,12:13,1200 Hours,District 3 (Northwest),,SIOUX,IA 10,IA 10/460TH ST,Collision with fixed object:  Ditch,Roadside,Non-collision (single vehicle),Ran off road - right,None Indicated,,Daylight,Dry,Cloudy,None apparent,Non-intersection:  Non-junction/no special feature,Paved,,Major Injury,0,1,1,0,0,0,8500,1,40,,POINT (-95.90305475535 42.982144076525)
2014816869,14-038953,09/12/2014,09-September,6-Friday,22:07,2200 Hours,District 4 (Southwest),COUNCIL BLUFFS,POTTAWATTAMIE,I-29,I-29,Collision with fixed object:  Traffic sign support,On Roadway,Non-collision (single vehicle),Swerving/Evasive Action,None Indicated,,Dark - roadway lighted,Dry,Cloudy,None apparent,Non-intersection:  Non-junction/no special feature,Paved,,Property Damage Only,0,0,0,0,0,0,1500,1,1,,POINT (-95.899106192552 41.236617584677)
2014816585,201413529,09/12/2014,09-September,6-Friday,15:44,1500 Hours,District 6 (East Central),CEDAR RAPIDS,LINN,IA 100,IA 100/COLLINS RD NE,Collision with:  Vehicle in traffic,On Roadway,Rear-end (front to rear),Other (explain in narrative):  Other,None Indicated,,Daylight,Wet,Cloudy,None apparent,Non-intersection:  Non-junction/no special feature,Paved,,Property Damage Only,0,0,0,0,0,0,4000,2,4,,POINT (-91.639244763204 42.02811995914)
2014816791,2014010095,09/12/2014,09-September,6-Friday,21:45,2100 Hours,District 6 (East Central),IOWA CITY,JOHNSON,US 6,US 6/RIVERSIDE DR,Collision with:  Vehicle in traffic,On Roadway,Broadside (front to side),Ran Traffic Signal,None Indicated,,Dark - roadway lighted,Dry,Clear,None apparent,Intersection:  Other intersection (explain in narrative),Paved,,Property Damage Only,0,0,0,0,0,0,9000,2,2,,POINT (-91.542055381246 41.66195249984)
2014816694,2014-19852,09/12/2014,09-September,6-Friday,18:10,1800 Hours,District 5 (Southeast),INDIANOLA,WARREN,US 65,US 65/N JEFFERSON WAY,Collision with:  Vehicle in traffic,On Roadway,"Sideswipe, same direction",FTYROW:  Other (explain in narrative),None Indicated,,Daylight,Dry,Cloudy,None apparent,Non-intersection:  Non-junction/no special feature,Paved,,Property Damage Only,0,0,0,0,0,0,4000,2,3,,POINT (-93.558358196463 41.362016782956)
2014817939,2014053164,09/12/2014,09-September,6-Friday,17:50,1700 Hours,District 4 (Southwest),,CASS,IA 92,IA 92/RICHLAND RD & 640TH ST,Collision with:  Vehicle in traffic,On Roadway,Rear-end (front to rear),Followed too close,None Indicated,,Daylight,Dry,Clear,None apparent,Non-intersection:  Non-junction/no special feature,Paved,,Major Injury,0,2,1,0,1,0,29800,3,5,,POINT (-94.965355557675 41.258984093389)
2014817812,14-6342,09/12/2014,09-September,6-Friday,18:07,1800 Hours,District 2 (Northeast),ALGONA,KOSSUTH,,E LUCAS ST,Non-collision events:  Other non-collision (explain in narrative),Outside trafficway,Broadside (front to side),Swerving/Evasive Action,None Indicated,,Daylight,Dry,Cloudy,None apparent,Non-intersection:  Driveway access (within),Paved,,Property Damage Only,0,0,0,0,0,0,1600,2,1,,POINT (-94.223627574694 43.071911399983)
2014817302,14013677,09/12/2014,09-September,6-Friday,19:57,1900 Hours,District 6 (East Central),,CEDAR,US 30,US 30,Collision with:  Animal,,,Animal,None Indicated,,,,,,,Paved,,Property Damage Only,0,0,0,0,0,0,2000,1,1,,POINT (-91.350513959654 41.918382825695)
2014816615,14-1102,09/12/2014,09-September,6-Friday,22:50,2200 Hours,District 4 (Southwest),CLIVE,DALLAS,,NW 142ND ST & TIMBERLINE DR,Collision with:  Vehicle in traffic,On Roadway,Rear-end (front to rear),Followed too close,None Indicated,,Dark - roadway lighted,Dry,Clear,None apparent,Non-intersection:  Non-junction/no special feature,Paved,,Property Damage Only,0,0,0,0,0,0,3000,2,3,,POINT (-93.814276252879 41.607040161181)
2014816588,201413533,09/12/2014,09-September,6-Friday,17:21,1700 Hours,District 6 (East Central),CEDAR RAPIDS,LINN,IA 100,IA 100/COLLINS RD NE,Collision with:  Vehicle in traffic,On Roadway,Rear-end (front to rear),Followed too close,None Indicated,,Daylight,Dry,Clear,None apparent,Non-intersection:  Non-junction/no special feature,Paved,,Property Damage Only,0,0,0,0,0,0,3500,4,4,,POINT (-91.63208603914 42.027908763484)
2014816561,W14-091874,09/12/2014,09-September,6-Friday,13:27,1300 Hours,District 2 (Northeast),WATERLOO,BLACK HAWK,US 218,US 218/WASHINGTON ST,Collision with:  Vehicle in traffic,On Roadway,Rear-end (front to rear),Followed too close,None Indicated,,Daylight,Wet,Rain,Unknown,Non-intersection:  Non-junction/no special feature,Paved,,Property Damage Only,0,0,0,0,0,0,4500,3,5,,POINT (-92.326802345906 42.48316247938)
2014817198,2014-64353,09/12/2014,09-September,6-Friday,16:34,1600 Hours,District 6 (East Central),DAVENPORT,SCOTT,,W 6TH ST & WASHINGTON ST,Collision with:  Vehicle in traffic,On Roadway,Broadside (front to side),Made improper turn,None Indicated,,Daylight,Wet,Rain,None apparent,Non-intersection:  Driveway access (within),Paved,,Property Damage Only,0,0,0,0,0,0,4000,2,3,,POINT (-90.59706007768 41.525678326946)
2014816720,CL14003259,09/12/2014,09-September,6-Friday,16:33,1600 Hours,District 6 (East Central),CLINTON,CLINTON,,S 25TH ST & VIRGINIA AVE,Collision with:  Vehicle in traffic,On Roadway,Broadside (front to side),Other (explain in narrative):  No improper action,None Indicated,,Daylight,Wet,Rain,None apparent,Non-intersection:  Non-junction/no special feature,Paved,,Possible/Unknown,0,2,0,0,2,0,3000,2,2,,POINT (-90.244313965026 41.816444585357)
2014825831,2014053174,09/12/2014,09-September,6-Friday,19:50,1900 Hours,District 5 (Southeast),,MONROE,US 34,US 34,Collision with:  Animal,,,Animal,None Indicated,,,,,,,Paved,,Property Damage Only,0,0,0,0,0,0,6000,1,1,,POINT (-92.763201682144 41.016970927203)
2014821965,,09/12/2014,09-September,6-Friday,22:36,2200 Hours,District 2 (Northeast),CLEAR LAKE,CERRO GORDO,IA 122,IA 122/IOWA 122,Collision with:  Vehicle in traffic,On Roadway,Rear-end (front to rear),Followed too close,None Indicated,,Dark - roadway lighted,Dry,Cloudy,None apparent,Non-intersection:  Non-junction/no special feature,Paved,,Property Damage Only,0,0,0,0,0,0,4500,2,3,,POINT (-93.355090087427 43.146421038488)
2014818983,W14-091807,09/12/2014,09-September,6-Friday,07:17,0700 Hours,District 2 (Northeast),WATERLOO,BLACK HAWK,,W COMMERCIAL ST,Collision with:  Vehicle in traffic,On Roadway,Broadside (front to side),Ran Stop Sign,None Indicated,,Daylight,Wet,Rain,None apparent,Intersection:  Four-way intersection,Paved,,Property Damage Only,0,0,0,0,0,0,8000,2,2,,POINT (-92.347382039037 42.500230504833)
2014816477,14-4542,09/12/2014,09-September,6-Friday,12:30,1200 Hours,District 1 (Central),WEST DES MOINES,POLK,I-35,I-35,Non-collision events:  Jackknife,On Roadway,Non-collision (single vehicle),Driving too fast for conditions,None Indicated,,Daylight,Wet,Rain,"Surface condition (e.g., wet, icy)",Interchange-related:  On-ramp,Paved,,Property Damage Only,0,0,0,0,0,0,5000,1,1,,POINT (-93.779549465279 41.594427624777)
2014816714,146882,09/12/2014,09-September,6-Friday,22:55,2200 Hours,District 4 (Southwest),,DALLAS,US 6,US 6/N AVE & 302ND PL,Collision with fixed object:  Utility pole/light support,On Roadway,Non-collision (single vehicle),Swerving/Evasive Action,None Indicated,,Dark - roadway not lighted,Dry,Clear,None apparent,Non-intersection:  Non-junction/no special feature,Paved,,Property Damage Only,0,0,0,0,0,0,3500,1,4,,POINT (-94.012770550868 41.596933050927)
2014816562,W14-091784,09/12/2014,09-September,6-Friday,02:44,0200 Hours,District 2 (Northeast),WATERLOO,BLACK HAWK,,ANSBOROUGH AVE,Collision with fixed object:  Other fixed object (explain in narrative),On Roadway,Non-collision (single vehicle),Swerving/Evasive Action,Alcohol (Statutory),,Dark - roadway lighted,Dry,Clear,None apparent,Non-intersection:  Other non-intersection (explain in narrative),Paved,,Property Damage Only,0,0,0,0,0,0,7000,1,1,,POINT (-92.370000843701 42.509317871183)
2014840781,,09/12/2014,09-September,6-Friday,15:48,1500 Hours,District 4 (Southwest),COUNCIL BLUFFS,POTTAWATTAMIE,,AVE I & N 25TH ST,Collision with:  Vehicle in traffic,On Roadway,Rear-end (front to rear),Followed too close,None Indicated,,Daylight,Dry,Cloudy,None apparent,Non-intersection:  Non-junction/no special feature,Paved,,Property Damage Only,0,0,0,0,0,0,2813,2,3,,POINT (-95.881778492311 41.26990803424)
2014816702,14-30115,09/12/2014,09-September,6-Friday,10:59,1000 Hours,District 3 (Northwest),SIOUX CITY,WOODBURY,IA 376,IA 376/SINGING HILLS BLVD/S LEWIS BLVD,Collision with:  Vehicle in traffic,On Roadway,"Sideswipe, same direction",Made improper turn,None Indicated,,Daylight,Dry,Cloudy,None apparent,Intersection:  Four-way intersection,Paved,,Property Damage Only,0,0,0,0,0,0,3900,2,3,,POINT (-96.369856644689 42.435277586856)
2014820326,14-007960,09/12/2014,09-September,6-Friday,04:10,0400 Hours,District 6 (East Central),,DELAWARE,IA 13,IA 13/IOWA 13,Collision with:  Animal,,,Animal,None Indicated,,,,,,,Paved,,Property Damage Only,0,0,0,0,0,0,5000,1,1,,POINT (-91.480702005042 42.371755313472)
2014816382,W14-091854,09/12/2014,09-September,6-Friday,12:01,1200 Hours,District 2 (Northeast),WATERLOO,BLACK HAWK,,NORTHEY ST,Collision with:  Vehicle in traffic,On Roadway,"Sideswipe, opposite direction",FTYROW:  From driveway,None Indicated,,Daylight,Wet,Rain,None apparent,Non-intersection:  Driveway access (within),Paved,,Property Damage Only,0,0,0,0,0,0,3500,2,2,,POINT (-92.363869205879 42.525809648801)
2014816607,14-003924,09/12/2014,09-September,6-Friday,15:40,1500 Hours,District 1 (Central),ANKENY,POLK,,W 1ST ST & NW ASH DR & SW CHERRY ST,Collision with:  Vehicle in traffic,On Roadway,"Angle, oncoming left turn",FTYROW:  Making left turn,None Indicated,,Daylight,Dry,Cloudy,None apparent,Intersection:  Four-way intersection,Paved,,Minor Injury,0,1,0,1,0,0,9000,2,3,,POINT (-93.607230154004 41.731907034617)
2014816579,P14-010547,09/12/2014,09-September,6-Friday,17:31,1700 Hours,District 1 (Central),WEBSTER CITY,HAMILTON,,CEDAR ST,Collision with:  Vehicle in traffic,On Roadway,Broadside (front to side),Improper Backing,None Indicated,,Daylight,Dry,Clear,None apparent,Non-intersection:  Non-junction/no special feature,Paved,,Property Damage Only,0,0,0,0,0,0,2000,2,1,,POINT (-93.825434232278 42.462003076633)
2014816602,14-6016,09/12/2014,09-September,6-Friday,23:16,2300 Hours,District 1 (Central),,POLK,,Co Rd F52/NE 46TH AVE,Collision with fixed object:  Other fixed object (explain in narrative),Shoulder,Non-collision (single vehicle),Disregarded RR Signal,Under Influence of Alcohol/Drugs/Medications,,Dark - roadway not lighted,Dry,Clear,None apparent,Non-intersection:  Railroad grade crossing,Paved,,Property Damage Only,0,0,0,0,0,0,1500,1,3,,POINT (-93.588693446638 41.644121195932)
2014816977,14-10671,09/12/2014,09-September,6-Friday,18:35,1800 Hours,District 3 (Northwest),,SIOUX,,Co Rd B20/340TH ST & DOVE AVE,Collision with:  Vehicle in traffic,On Roadway,Broadside (front to side),FTYROW:  At uncontrolled intersection,None Indicated,,Daylight,"Mud, dirt",Cloudy,None apparent,Non-intersection:  Non-junction/no special feature,Unpaved,,Possible/Unknown,0,2,0,0,2,0,2500,2,3,,POINT (-96.333158930673 43.156455546435)
2014818378,14-30189,09/12/2014,09-September,6-Friday,20:50,2000 Hours,District 3 (Northwest),SIOUX CITY,WOODBURY,,GEORGE ST,Collision with:  Parked motor vehicle,On Roadway,Unknown,Unknown,None Indicated,,Dark - roadway lighted,Dry,Clear,None apparent,Non-intersection:  Non-junction/no special feature,Paved,,Property Damage Only,0,0,0,0,0,0,1500,2,1,,POINT (-96.426930611159 42.504565949205)
2014817921,2014053038,09/12/2014,09-September,6-Friday,08:06,0800 Hours,District 1 (Central),,POWESHIEK,,450TH AVE & 55TH ST,Collision with:  Vehicle in traffic,On Roadway,"Angle, oncoming left turn",FTYROW:  From stop sign,None Indicated,,Daylight,"Mud, dirt",Rain,None apparent,Intersection:  T-intersection,Unpaved,,Minor Injury,0,2,0,1,1,0,18000,2,5,,POINT (-92.678839718838 41.645162001685)
2014816476,CL14003253,09/12/2014,09-September,6-Friday,10:01,1000 Hours,District 6 (East Central),CLINTON,CLINTON,,VALLEY WEST CT & MANUFACTURING DR & VALLEY WEST DR,Collision with:  Vehicle in traffic,On Roadway,Head-on (front to front),FTYROW:  Making left turn,None Indicated,,Daylight,Dry,Cloudy,None apparent,Intersection:  Four-way intersection,Paved,,Possible/Unknown,0,1,0,0,1,0,3000,2,2,,POINT (-90.242702545106 41.820890766627)
2014816833,2014-37705,09/12/2014,09-September,6-Friday,12:33,1200 Hours,District 6 (East Central),DUBUQUE,DUBUQUE,,BELLEVUE RD,Collision with:  Vehicle in traffic,On Roadway,Broadside (front to side),FTYROW:  From driveway,None Indicated,,Daylight,Wet,Rain,None apparent,Non-intersection:  Driveway access (within),Paved,,Property Damage Only,0,0,0,0,0,0,3100,2,3,,POINT (-90.674597342839 42.459940980023)