Iowa DOT Case Number,Law Enforcement Case Number,Date of Crash,Month of Crash,Day of Week,Time of Crash,Hour,DOT District,City Name,County Name,Route with System,Location Description,First Harmful Event,Location of First Harmful Event,Manner of Crash/Collision,Major Cause,Drug or Alcohol ,Environmental Conditions,Light Conditions,Surface Conditions,Weather Conditions,Roadway Contribution,Roadway Type,Roadway Surface,Work Zone,Crash Severity,Number of Fatalities,Number of Injuries,Number of Major Injuries,Number of Minor Injuries,Number of Possible Injuries,Number of Unknown Injuries,Amount of Property Damage,Number of Vehicles Involved,Total Number of Occupants,Travel Direction,Location
2014817055,2014053268,09/13/2014,09-September,7-Saturday,15:26,1500 Hours,District 6 (East Central),,JOHNSON,I-380,I-380,Collision with fixed object:  Guardrail - face,Shoulder,Non-collision (single vehicle),Swerving/Evasive Action,None Indicated,,Daylight,Dry,Clear,None apparent,Non-intersection:  Non-junction/no special feature,Paved,,Possible/Unknown,0,1,0,0,1,0,6000,1,2,,POINT (-91.642269785642 41.749573765575)
2014816737,14-4802,09/13/2014,09-September,7-Saturday,19:30,1900 Hours,District 6 (East Central),HIAWATHA,LINN,,ROBINS RD,Collision with:  Animal,,,Animal,None Indicated,,,,,,,Paved,,Property Damage Only,0,0,0,0,0,0,2000,1,1,,POINT (-91.67285990154 42.054370841425)
2014816899,C14002923,09/13/2014,09-September,7-Saturday,19:21,1900 Hours,District 6 (East Central),CORALVILLE,JOHNSON,US 6,US 6/2ND ST,Collision with:  Vehicle in traffic,On Roadway,Broadside (front to side),FTYROW:  Making left turn,None Indicated,,Dusk,Dry,Clear,None apparent,Non-intersection:  Driveway access (within),Paved,,Property Damage Only,0,0,0,0,0,0,3000,2,6,,POINT (-91.563217027408 41.667965404983)
2014824742,1409-065,09/13/2014,09-September,7-Saturday,02:15,0200 Hours,District 3 (Northwest),SIBLEY,OSCEOLA,,3RD AVE,Collision with:  Parked motor vehicle,On Roadway,Rear-end (front to rear),Unknown,None Indicated,,Dark - roadway not lighted,Dry,Clear,Unknown,Non-intersection:  Non-junction/no special feature,Paved,,Property Damage Only,0,0,0,0,0,0,13500,2,1,,POINT (-95.75020021356 43.401254769901)
2014819403,2014-64487,09/13/2014,09-September,7-Saturday,05:55,0500 Hours,District 6 (East Central),DAVENPORT,SCOTT,,W 61ST ST & WESTERN AVE,Non-collision events:  Other non-collision (explain in narrative),On Roadway,Non-collision (single vehicle),Ran off road - straight,None Indicated,,Dark - roadway lighted,Dry,Clear,None apparent,Intersection:  T-intersection,Paved,,Property Damage Only,0,0,0,0,0,0,3500,1,1,,POINT (-90.580967202931 41.583134771602)
2014818112,14-001077,09/13/2014,09-September,7-Saturday,23:28,2300 Hours,District 1 (Central),AMES,STORY,,Co Rd E41/LINCOLN HWY,Collision with:  Animal,,,Animal,None Indicated,,,,,,,Paved,,Property Damage Only,0,0,0,0,0,0,3000,1,1,,POINT (-93.540079474557 42.023081370451)
2014816660,20140027082,09/13/2014,09-September,7-Saturday,17:43,1700 Hours,District 1 (Central),DES MOINES,POLK,I-235,I-235 & 3RD ST,Collision with:  Vehicle in traffic,On Roadway,Rear-end (front to rear),Other (explain in narrative):  Vision obstructed,None Indicated,,Daylight,Dry,"Fog, smoke, smog",Other (explain in narrative),Non-intersection:  Other non-intersection (explain in narrative),Paved,,Minor Injury,0,2,0,1,1,0,6000,2,2,,POINT (-93.621551179717 41.595777700952)
2014816659,20140027081,09/13/2014,09-September,7-Saturday,17:43,1700 Hours,District 1 (Central),DES MOINES,POLK,I-235,I-235 & 3RD ST,Unknown,On Roadway,Non-collision (single vehicle),Unknown,None Indicated,,Daylight,Dry,Cloudy,Unknown,Non-intersection:  Other non-intersection (explain in narrative),Paved,,Property Damage Only,0,0,0,0,0,0,11000,1,1,,POINT (-93.621540131158 41.595876840117)
2014817024,C14092185,09/13/2014,09-September,7-Saturday,09:21,0900 Hours,District 2 (Northeast),CEDAR FALLS,BLACK HAWK,,RAINBOW DR & PARK DR,Collision with:  Vehicle in traffic,On Roadway,Rear-end (front to rear),Followed too close,None Indicated,,Daylight,Dry,Clear,None apparent,Intersection:  T-intersection,Paved,,Property Damage Only,0,0,0,0,0,0,5000,2,5,,POINT (-92.425872735053 42.521129832667)
2014816704,14-30233,09/13/2014,09-September,7-Saturday,10:59,1000 Hours,District 3 (Northwest),SIOUX CITY,WOODBURY,,KINGS HWY & HAMILTON BLVD,Collision with:  Parked motor vehicle,On Roadway,"Sideswipe, same direction",Illegally Parked/Unattended,None Indicated,,Daylight,Dry,Clear,None apparent,Non-intersection:  Non-junction/no special feature,Paved,,Property Damage Only,0,0,0,0,0,0,2000,2,777,,POINT (-96.405599423888 42.549594478685)
2014819321,2014-64627,09/13/2014,09-September,7-Saturday,23:17,2300 Hours,District 6 (East Central),DAVENPORT,SCOTT,,W 54TH ST,Collision with:  Vehicle in traffic,On Roadway,Rear-end (front to rear),Lost Control,Alcohol (Statutory),,Dark - roadway lighted,Dry,Cloudy,None apparent,Non-intersection:  Non-junction/no special feature,Paved,,Property Damage Only,0,0,0,0,0,0,11000,2,2,,POINT (-90.611049989994 41.575703409964)
2014820693,2014-5385,09/13/2014,09-September,7-Saturday,09:39,0900 Hours,District 1 (Central),,GRUNDY,,Co Rd S75/B AVE,Non-collision events:  Overturn/rollover,On Roadway,Non-collision (single vehicle),Crossed centerline (undivided),None Indicated,,Daylight,Dry,Clear,None apparent,Non-intersection:  Non-junction/no special feature,Paved,,Possible/Unknown,0,1,0,0,1,0,5000,1,1,,POINT (-93.002013361959 42.283394743275)
2014818556,2014-19885,09/13/2014,09-September,7-Saturday,01:36,0100 Hours,District 5 (Southeast),INDIANOLA,WARREN,,E IOWA AVE,Collision with:  Parked motor vehicle,On Roadway,Rear-end (front to rear),Unknown,None Indicated,,Dark - roadway lighted,Dry,Clear,None apparent,Non-intersection:  Non-junction/no special feature,Paved,,Property Damage Only,0,0,0,0,0,0,4000,2,777,,POINT (-93.548433746939 41.369018383944)
2014836857,14008009,09/13/2014,09-September,7-Saturday,14:05,1400 Hours,District 6 (East Central),MANCHESTER,DELAWARE,,W UNION ST & N RIVER ST,Collision with fixed object:  Tree,Outside trafficway,Non-collision (single vehicle),"Operating vehicle in an reckless, erratic, careless, negligent manner",None Indicated,,Daylight,Dry,Cloudy,None apparent,Non-intersection:  Non-junction/no special feature,Paved,,Property Damage Only,0,0,0,0,0,0,3500,1,1,,POINT (-91.462121009138 42.48754589913)
2014819595,2014053256,09/13/2014,09-September,7-Saturday,07:55,0700 Hours,District 6 (East Central),BELLEVUE,JACKSON,US 52,US 52/GREAT RIVER RD,Collision with:  Vehicle in traffic,On Roadway,Head-on (front to front),Crossed centerline (undivided),None Indicated,,Daylight,Dry,Clear,None apparent,Non-intersection:  Non-junction/no special feature,Paved,,Major Injury,0,3,1,0,2,0,18000,2,3,,POINT (-90.455350422726 42.303515157819)
2014817097,14014061,09/13/2014,09-September,7-Saturday,06:00,0600 Hours,District 3 (Northwest),,CLAY,,Co Rd M54/280TH AVE,Collision with:  Animal,,,Animal,None Indicated,,,,,,,Paved,,Property Damage Only,0,0,0,0,0,0,10000,1,1,,POINT (-95.033051228408 43.098525521482)
2014816662,20140027098,09/13/2014,09-September,7-Saturday,21:00,2100 Hours,District 1 (Central),DES MOINES,POLK,US 69,US 69/E 14TH ST,Collision with:  Vehicle in traffic,On Roadway,"Sideswipe, same direction",Improper or erratic lane changing,None Indicated,,Dark - roadway lighted,Dry,Clear,None apparent,Non-intersection:  Non-junction/no special feature,Paved,,Property Damage Only,0,0,0,0,0,0,5000,2,2,,POINT (-93.598541479603 41.594954034945)
2014816850,14-32751,09/13/2014,09-September,7-Saturday,20:42,2000 Hours,District 5 (Southeast),BURLINGTON,DES MOINES,,DIVISION ST & CENTRAL AVE,Collision with:  Vehicle in traffic,On Roadway,Broadside (front to side),Ran Traffic Signal,None Indicated,,Dark - roadway lighted,Dry,Clear,None apparent,Intersection:  Four-way intersection,Paved,,Property Damage Only,0,0,0,0,0,0,8500,2,2,,POINT (-91.112873566413 40.807639362772)
2014816589,201413578,09/13/2014,09-September,7-Saturday,14:40,1400 Hours,District 6 (East Central),CEDAR RAPIDS,LINN,,BEVER AVE SE & 34TH ST SE,Collision with fixed object:  Traffic sign support,Outside trafficway,Non-collision (single vehicle),Ran off road - right,None Indicated,,Daylight,Dry,Clear,None apparent,Non-intersection:  Non-junction/no special feature,Paved,,Property Damage Only,0,0,0,0,0,0,1501,1,2,,POINT (-91.61853889309 41.984092562957)
2014818871,90-14-309,09/13/2014,09-September,7-Saturday,21:40,2100 Hours,District 2 (Northeast),,HUMBOLDT,,Co Rd C44/230TH ST,Non-collision events:  Overturn/rollover,Outside trafficway,Non-collision (single vehicle),"Operating vehicle in an reckless, erratic, careless, negligent manner",Alcohol (Statutory),,Dark - roadway not lighted,Dry,Clear,None apparent,Non-intersection:  Non-junction/no special feature,Paved,,Possible/Unknown,0,1,0,0,1,0,5025,1,1,,POINT (-94.185283850881 42.717189429171)
2014816661,20140027085,09/13/2014,09-September,7-Saturday,17:54,1700 Hours,District 1 (Central),DES MOINES,POLK,,INGERSOLL AVE,Collision with:  Vehicle in traffic,On Roadway,Rear-end (front to rear),Followed too close,None Indicated,,Daylight,Dry,Cloudy,None apparent,Non-intersection:  Non-junction/no special feature,Paved,,Possible/Unknown,0,1,0,0,1,0,2100,2,2,,POINT (-93.658433609252 41.58608776246)
2014817424,,09/13/2014,09-September,7-Saturday,21:00,2100 Hours,District 6 (East Central),IOWA CITY,JOHNSON,,IOWA AVE,Collision with fixed object:  Bridge overhead structure,On Roadway,Non-collision (single vehicle),Unknown,None Indicated,,Dark - roadway lighted,Dry,Clear,,Non-intersection:  Other non-intersection (explain in narrative),Paved,,Property Damage Only,0,0,0,0,0,0,2500,1,5,,POINT (-91.539656940299 41.661255538244)
2014816591,201413601,09/13/2014,09-September,7-Saturday,22:00,2200 Hours,District 6 (East Central),CEDAR RAPIDS,LINN,,29TH AVE SW & HUXLEY LN SW,Collision with:  Vehicle in traffic,On Roadway,Rear-end (front to rear),Ran off road - right,None Indicated,,Dark - roadway lighted,Dry,Clear,None apparent,Non-intersection:  Non-junction/no special feature,Paved,,Property Damage Only,0,0,0,0,0,0,7000,2,1,,POINT (-91.709959949928 41.949175604765)
2014816788,14-039042,09/13/2014,09-September,7-Saturday,15:09,1500 Hours,District 4 (Southwest),COUNCIL BLUFFS,POTTAWATTAMIE,,5TH AVE & S 34TH ST,Collision with:  Vehicle in traffic,On Roadway,Broadside (front to side),FTYROW:  From stop sign,None Indicated,,Daylight,Dry,Clear,None apparent,Intersection:  Four-way intersection,Paved,,Possible/Unknown,0,1,0,0,1,0,8000,2,2,,POINT (-95.899378336449 41.257334285839)
2014816740,SO14002154,09/13/2014,09-September,7-Saturday,11:56,1100 Hours,District 3 (Northwest),,PLYMOUTH,,IRIS AVE & 190TH ST,Collision with:  Vehicle in traffic,On Roadway,Broadside (front to side),FTYROW:  At uncontrolled intersection,None Indicated,,Daylight,Dry,Clear,None apparent,Intersection:  Four-way intersection,Unpaved,,Possible/Unknown,0,2,0,0,2,0,5500,2,2,,POINT (-96.292767749821 42.778690080244)
2014816574,142787,09/13/2014,09-September,7-Saturday,10:45,1000 Hours,District 3 (Northwest),DENISON,CRAWFORD,US 30,US 30/4TH AVE S,Collision with:  Vehicle in traffic,Outside trafficway,Broadside (front to side),FTYROW:  From parked position,None Indicated,,Daylight,Dry,Clear,None apparent,Non-intersection:  Driveway access (within),Paved,,Property Damage Only,0,0,0,0,0,0,7000,2,3,,POINT (-95.350790722009 42.012360129289)
2014816873,14-17862,09/13/2014,09-September,7-Saturday,13:44,1300 Hours,District 6 (East Central),BETTENDORF,SCOTT,,HAWTHORNE DR,Collision with:  Vehicle in traffic,On Roadway,Rear-end (front to rear),Other (explain in narrative):  Other,None Indicated,,Daylight,Dry,Clear,None apparent,Non-intersection:  Non-junction/no special feature,Paved,,Property Damage Only,0,0,0,0,0,0,3400,2,5,,POINT (-90.519460520959 41.55258894128)
2014816839,14-4554,09/13/2014,09-September,7-Saturday,07:45,0700 Hours,District 1 (Central),WEST DES MOINES,POLK,,WESTOWN PKWY & 50TH ST,Collision with:  Vehicle in traffic,On Roadway,Broadside (front to side),Ran Traffic Signal,None Indicated,,Daylight,Dry,Clear,None apparent,Intersection:  Four-way intersection,Paved,,Property Damage Only,0,0,0,0,0,0,13603,2,2,,POINT (-93.771222079856 41.59541153151)
2014816936,PD1408085,09/13/2014,09-September,7-Saturday,16:17,1600 Hours,District 5 (Southeast),FAIRFIELD,JEFFERSON,,W WASHINGTON AVE & S 6TH ST,Collision with:  Vehicle in traffic,On Roadway,Broadside (front to side),FTYROW:  From stop sign,None Indicated,,Daylight,Dry,Clear,None apparent,Intersection:  Four-way intersection,Paved,,Property Damage Only,0,0,0,0,0,0,4000,2,2,,POINT (-91.970485277598 41.005671141369)
2014816842,2014-18928,09/13/2014,09-September,7-Saturday,03:42,0300 Hours,District 6 (East Central),,SCOTT,US 61,US 61,Collision with:  Other non-fixed object (explain in narrative),On Roadway,Non-collision (single vehicle),Other (explain in narrative):  No improper action,None Indicated,,Dark - roadway not lighted,Dry,"Fog, smoke, smog",Debris,Non-intersection:  Other non-intersection (explain in narrative),Paved,,Property Damage Only,0,0,0,0,0,0,1501,1,2,,POINT (-90.562784796615 41.613660254109)
2014817830,S14-092192,09/13/2014,09-September,7-Saturday,09:59,0900 Hours,District 2 (Northeast),CEDAR FALLS,BLACK HAWK,IA 57,IA 57/IOWA 57,Collision with:  Vehicle in traffic,Shoulder,Non-collision (single vehicle),Animal,None Indicated,,Daylight,Dry,Clear,None apparent,Non-intersection:  Non-junction/no special feature,Paved,,Minor Injury,0,1,0,1,0,0,5200,1,1,,POINT (-92.505705038939 42.542242335128)
2014816831,2014-0386,09/13/2014,09-September,7-Saturday,00:07,0000 Hours,District 5 (Southeast),NORWALK,WARREN,,HAWTHORN DR,Collision with:  Parked motor vehicle,On Roadway,Rear-end (front to rear),Other (explain in narrative):  Vision obstructed,None Indicated,,Dark - roadway lighted,Dry,"Fog, smoke, smog",None apparent,Non-intersection:  Non-junction/no special feature,Paved,,Property Damage Only,0,0,0,0,0,0,4000,2,1,,POINT (-93.685141100557 41.496525142627)
2014818432,14-014275,09/13/2014,09-September,7-Saturday,10:51,1000 Hours,District 2 (Northeast),CHARLES CITY,FLOYD,US 18,US 18/4TH AVE & F ST,Collision with fixed object:  Utility pole/light support,Shoulder,Non-collision (single vehicle),Made improper turn,None Indicated,,Daylight,Dry,Clear,None apparent,Intersection:  Four-way intersection,Paved,,Property Damage Only,0,0,0,0,0,0,3600,1,1,,POINT (-92.664691422536 43.066427050149)
2014817879,14-014250,09/13/2014,09-September,7-Saturday,12:59,1200 Hours,District 2 (Northeast),NORA SPRINGS,FLOYD,,RED BALL RD,Collision with:  Animal,,,Animal,None Indicated,,,,,,,Unpaved,,Property Damage Only,0,0,0,0,0,0,3000,1,1,,POINT (-92.994371119042 43.107521467841)
2014816853,CL14003265,09/13/2014,09-September,7-Saturday,09:22,0900 Hours,District 6 (East Central),CLINTON,CLINTON,,30TH AVE N,Collision with:  Parked motor vehicle,On Roadway,"Sideswipe, same direction",Unknown,None Indicated,,Daylight,Dry,Cloudy,None apparent,Non-intersection:  Non-junction/no special feature,Paved,,Property Damage Only,0,0,0,0,0,0,1500,2,777,,POINT (-90.185293214902 41.881411444769)
2014816792,2014010131,09/13/2014,09-September,7-Saturday,07:03,0700 Hours,District 6 (East Central),IOWA CITY,JOHNSON,,MELROSE AVE,Collision with:  Vehicle in traffic,On Roadway,Rear-end (front to rear),Followed too close,None Indicated,,Daylight,Dry,Clear,None apparent,Non-intersection:  Non-junction/no special feature,Paved,,Property Damage Only,0,0,0,0,0,0,2000,2,3,,POINT (-91.545473765348 41.656825879612)
2014818086,14008317,09/13/2014,09-September,7-Saturday,03:56,0300 Hours,District 6 (East Central),,BUCHANAN,I-380,I-380,Non-collision events:  Overturn/rollover,On Roadway,Non-collision (single vehicle),Ran off road - right,Alcohol (Statutory),,Dark - roadway not lighted,Dry,Clear,None apparent,Non-intersection:  Non-junction/no special feature,Paved,,Minor Injury,0,1,0,1,0,0,3000,1,1,,POINT (-92.002729342469 42.330672304651)
2014817860,2014009548,09/13/2014,09-September,7-Saturday,11:43,1100 Hours,District 1 (Central),MARSHALLTOWN,MARSHALL,,W NEVADA ST & S 3RD ST,Collision with:  Vehicle in traffic,On Roadway,Broadside (front to side),FTYROW:  From stop sign,None Indicated,,Daylight,Dry,Clear,None apparent,Intersection:  Four-way intersection,Paved,,Minor Injury,0,2,0,2,0,0,8000,2,3,,POINT (-92.91784701305 42.044245182343)
2014817638,14019559,09/13/2014,09-September,7-Saturday,12:00,1200 Hours,District 6 (East Central),MARION,LINN,,MARION BLVD,Collision with:  Vehicle in traffic,On Roadway,Rear-end (front to rear),Followed too close,None Indicated,,Daylight,Unknown,Unknown,Unknown,Intersection:  Four-way intersection,Paved,,Property Damage Only,0,0,0,0,0,0,4500,2,2,,POINT (-91.612933014231 42.030443817408)
2014816846,14-039069,09/13/2014,09-September,7-Saturday,17:24,1700 Hours,District 4 (Southwest),COUNCIL BLUFFS,POTTAWATTAMIE,,AVE C,Collision with:  Vehicle in traffic,On Roadway,"Sideswipe, opposite direction",Over correcting/over steering,Alcohol (Statutory),,Daylight,Dry,Clear,None apparent,Non-intersection:  Non-junction/no special feature,Paved,,Property Damage Only,0,0,0,0,0,0,1800,2,1,,POINT (-95.891081776894 41.264595036269)
2014817354,14-001259,09/13/2014,09-September,7-Saturday,12:40,1200 Hours,District 1 (Central),AMES,STORY,,IOWA STATE UNIVERSITY,Collision with:  Vehicle in traffic,On Roadway,Unknown,FTYROW:  From parked position,None Indicated,,Daylight,Dry,Cloudy,None apparent,Non-intersection:  Driveway access (within),Paved,,Property Damage Only,0,0,0,0,0,0,1700,2,3,,POINT (-93.650148797864 42.029526804695)
2014816638,20140027074,09/13/2014,09-September,7-Saturday,16:57,1600 Hours,District 1 (Central),DES MOINES,POLK,,E GRAND AVE & PENNSYLVANIA AVE,Collision with:  Vehicle in traffic,On Roadway,Broadside (front to side),Ran Traffic Signal,None Indicated,,Daylight,Dry,Cloudy,None apparent,Intersection:  Four-way intersection,Paved,,Property Damage Only,0,0,0,0,0,0,6000,2,8,,POINT (-93.608046708022 41.591346294415)
2014816931,1409132711,09/13/2014,09-September,7-Saturday,10:45,1000 Hours,District 6 (East Central),,CLINTON,,100 ST,Collision with:  Vehicle in traffic,On Roadway,Head-on (front to front),Crossed centerline (undivided),None Indicated,,Daylight,Dry,Clear,None apparent,Non-intersection:  Non-junction/no special feature,Unpaved,,Possible/Unknown,0,1,0,0,1,0,16000,2,2,,POINT (-90.265419663864 42.033400642147)
2014816572,14-14087,09/13/2014,09-September,7-Saturday,15:20,1500 Hours,District 3 (Northwest),SPENCER,CLAY,US 18,US 18/HIGHWAY BLVD & W 18TH ST & E 18TH ST,Collision with:  Vehicle in traffic,On Roadway,"Angle, oncoming left turn",FTYROW:  Making left turn,None Indicated,,Daylight,Dry,Clear,None apparent,Intersection:  Four-way intersection,Paved,,Property Damage Only,0,0,0,0,0,0,6000,2,3,,POINT (-95.146266442071 43.155688581581)
2014817288,,09/13/2014,09-September,7-Saturday,10:49,1000 Hours,District 4 (Southwest),,MONTGOMERY,US 34,US 34,Collision with fixed object:  Ditch,On Roadway,Non-collision (single vehicle),Other (explain in narrative):  No improper action,None Indicated,,Daylight,Dry,Cloudy,None apparent,Non-intersection:  Non-junction/no special feature,Paved,,Property Damage Only,0,0,0,0,0,0,2500,1,1,,POINT (-95.261246231201 41.026500617925)
2014816688,14-004296,09/13/2014,09-September,7-Saturday,21:55,2100 Hours,District 1 (Central),AMES,STORY,,LINCOLN WAY & STANTON AVE,Collision with:  Vehicle in traffic,On Roadway,Rear-end (front to rear),Improper Backing,None Indicated,,Dark - roadway lighted,Dry,Cloudy,None apparent,Intersection:  T-intersection,Paved,,Property Damage Only,0,0,0,0,0,0,4600,2,2,,POINT (-93.648522067529 42.022799096091)
2014816583,14001963,09/13/2014,09-September,7-Saturday,10:20,1000 Hours,District 6 (East Central),IOWA CITY,JOHNSON,US 6,US 6 & ROCKY SHORE DR & HAWKINS DR,Collision with:  Vehicle in traffic,On Roadway,Rear-end (front to rear),Followed too close,None Indicated,,Daylight,Dry,Clear,None apparent,Non-intersection:  Non-junction/no special feature,Paved,,Property Damage Only,0,0,0,0,0,0,4000,2,2,,POINT (-91.558036861959 41.665946032289)
2014816848,2014010176,09/13/2014,09-September,7-Saturday,20:00,2000 Hours,District 6 (East Central),IOWA CITY,JOHNSON,US 6,US 6/S RIVERSIDE DR,Collision with:  Vehicle in traffic,On Roadway,Rear-end (front to rear),Followed too close,None Indicated,,Dark - roadway lighted,Dry,Cloudy,None apparent,Non-intersection:  Non-junction/no special feature,Paved,,Property Damage Only,0,0,0,0,0,0,7000,2,2,,POINT (-91.54043158043 41.653546500448)
2014816604,14-6028,09/13/2014,09-September,7-Saturday,19:47,1900 Hours,District 1 (Central),,POLK,,Co Rd F38/NE 78TH AVE & NE 56TH ST,Collision with:  Vehicle in traffic,On Roadway,Broadside (front to side),Ran Stop Sign,None Indicated,,Dark - roadway lighted,Dry,Clear,None apparent,Intersection:  Four-way intersection,Paved,,Possible/Unknown,0,3,0,0,3,0,4000,2,3,,POINT (-93.503077570819 41.702885052718)
2014817161,2014-64623,09/13/2014,09-September,7-Saturday,22:45,2200 Hours,District 6 (East Central),DAVENPORT,SCOTT,,E 32ND ST & JERSEY RIDGE RD,Collision with:  Vehicle in traffic,On Roadway,"Angle, oncoming left turn",Lost Control,Alcohol (Statutory),,Dark - roadway lighted,Dry,Clear,None apparent,Intersection:  Four-way intersection,Paved,,Property Damage Only,0,0,0,0,0,0,3500,2,2,,POINT (-90.54169054932 41.552877488614)
2014817202,2014-64521,09/13/2014,09-September,7-Saturday,10:47,1000 Hours,District 6 (East Central),DAVENPORT,SCOTT,,JERSEY RIDGE RD,Collision with:  Vehicle in traffic,On Roadway,Rear-end (front to rear),Unknown,None Indicated,,Daylight,Dry,Clear,None apparent,Non-intersection:  Non-junction/no special feature,Paved,,Possible/Unknown,0,1,0,0,1,0,14000,3,4,,POINT (-90.541818154063 41.541919467157)
2014816706,14-30264,09/13/2014,09-September,7-Saturday,16:56,1600 Hours,District 3 (Northwest),SIOUX CITY,WOODBURY,US 20,US 20 & S LAKEPORT ST,Collision with:  Vehicle in traffic,On Roadway,Rear-end (front to rear),Driver Distraction:  Reaching for object(s)/fallen object(s),None Indicated,,Daylight,Dry,Clear,None apparent,Non-intersection:  Other non-intersection (explain in narrative),Paved,,Property Damage Only,0,0,0,0,0,0,6000,2,3,,POINT (-96.347173663438 42.443722890396)
2014816687,14-004287,09/13/2014,09-September,7-Saturday,08:53,0800 Hours,District 1 (Central),AMES,STORY,US 69,US 69/GRAND AVE,Collision with:  Vehicle in traffic,On Roadway,"Sideswipe, same direction",Improper or erratic lane changing,None Indicated,,Daylight,Dry,Clear,None apparent,Non-intersection:  Non-junction/no special feature,Paved,,Property Damage Only,0,0,0,0,0,0,1500,2,2,,POINT (-93.620449828942 42.04259758163)
2014817941,2014053289,09/13/2014,09-September,7-Saturday,20:15,2000 Hours,District 2 (Northeast),,CERRO GORDO,US 65,US 65,Collision with:  Animal,,,Animal,None Indicated,,,,,,,Paved,,Property Damage Only,0,0,0,0,0,0,1500,1,1,,POINT (-93.210219524486 43.192721499629)
2014816567,091314-164,09/13/2014,09-September,7-Saturday,17:40,1700 Hours,District 3 (Northwest),,BUENA VISTA,,Co Rd M27/20TH AVE,Non-collision events:  Overturn/rollover,Outside trafficway,Non-collision (single vehicle),Ran off road - right,None Indicated,,Daylight,Dry,Clear,None apparent,Non-intersection:  Non-junction/no special feature,Paved,,Minor Injury,0,2,0,2,0,0,5000,1,2,,POINT (-95.368115084268 42.827983228462)
2014817201,2014-64501,09/13/2014,09-September,7-Saturday,08:11,0800 Hours,District 6 (East Central),DAVENPORT,SCOTT,,W 36TH ST,Collision with:  Vehicle in traffic,On Roadway,Rear-end (front to rear),FTYROW:  From driveway,None Indicated,,Daylight,Dry,Clear,None apparent,Non-intersection:  Driveway access (within),Paved,,Property Damage Only,0,0,0,0,0,0,2400,2,2,,POINT (-90.603981172558 41.556354604173)
2014817151,2014-64582,09/13/2014,09-September,7-Saturday,18:54,1800 Hours,District 6 (East Central),DAVENPORT,SCOTT,,W CENTRAL PARK AVE,Collision with:  Vehicle in traffic,On Roadway,Broadside (front to side),Ran Traffic Signal,None Indicated,,Dusk,Dry,Clear,None apparent,Intersection:  Four-way intersection,Paved,,Property Damage Only,0,0,0,0,0,0,5000,2,2,,POINT (-90.610676582743 41.545488155685)
2014817203,2014-64639,09/13/2014,09-September,7-Saturday,23:54,2300 Hours,District 6 (East Central),DAVENPORT,SCOTT,,ARLINGTON AVE,Collision with:  Parked motor vehicle,On Roadway,"Sideswipe, opposite direction",Ran off road - left,Refused,,Dark - roadway not lighted,Dry,Clear,None apparent,Non-intersection:  Non-junction/no special feature,Paved,,Property Damage Only,0,0,0,0,0,0,6000,2,1,,POINT (-90.562232986824 41.545119270947)
2014818964,2014053262,09/13/2014,09-September,7-Saturday,04:30,0400 Hours,District 2 (Northeast),,BREMER,US 218,US 218,Collision with:  Animal,On Roadway,Non-collision (single vehicle),Animal,None Indicated,,Dark - roadway not lighted,Dry,Clear,None apparent,Non-intersection:  Non-junction/no special feature,Paved,,Minor Injury,0,1,0,1,0,0,12000,1,1,,POINT (-92.475747017584 42.690342429827)
2014816716,C14002924,09/13/2014,09-September,7-Saturday,19:10,1900 Hours,District 6 (East Central),CORALVILLE,JOHNSON,US 6,US 6/2ND ST,Collision with:  Vehicle in traffic,On Roadway,Rear-end (front to rear),Other (explain in narrative):  Other,None Indicated,,Dusk,Dry,Clear,None apparent,Non-intersection:  Non-junction/no special feature,Paved,,Property Damage Only,0,0,0,0,0,0,4500,2,4,,POINT (-91.605490852606 41.686725072582)
2014816587,201413565,09/13/2014,09-September,7-Saturday,07:50,0700 Hours,District 6 (East Central),CEDAR RAPIDS,LINN,,1ST AVE W,Collision with:  Vehicle in traffic,On Roadway,"Sideswipe, same direction",Other (explain in narrative):  Vision obstructed,None Indicated,,Daylight,Dry,Clear,None apparent,Non-intersection:  Non-junction/no special feature,Paved,,Property Damage Only,0,0,0,0,0,0,7000,2,1,,POINT (-91.767733757948 41.971957295873)
2014816738,14001075,09/13/2014,09-September,7-Saturday,15:05,1500 Hours,District 1 (Central),,STORY,IA 210,IA 210/IOWA 210 & Co Rd S14/620TH AVE,Collision with:  Animal,,,Animal,None Indicated,,,,,,,Paved,,Property Damage Only,0,0,0,0,0,0,2800,1,1,,POINT (-93.463446479636 41.877678729797)
2014816893,14-24237,09/13/2014,09-September,7-Saturday,16:23,1600 Hours,District 1 (Central),NEWTON,JASPER,,E 12TH ST N,Collision with:  Vehicle in traffic,On Roadway,Rear-end (front to rear),FTYROW:  From driveway,None Indicated,,Daylight,Dry,Clear,None apparent,Non-intersection:  Driveway access (within),Paved,,Possible/Unknown,0,3,0,0,3,0,4000,2,5,,POINT (-93.0386525369 41.702061165435)