Iowa DOT Case Number,Law Enforcement Case Number,Date of Crash,Month of Crash,Day of Week,Time of Crash,Hour,DOT District,City Name,County Name,Route with System,Location Description,First Harmful Event,Location of First Harmful Event,Manner of Crash/Collision,Major Cause,Drug or Alcohol ,Environmental Conditions,Light Conditions,Surface Conditions,Weather Conditions,Roadway Contribution,Roadway Type,Roadway Surface,Work Zone,Crash Severity,Number of Fatalities,Number of Injuries,Number of Major Injuries,Number of Minor Injuries,Number of Possible Injuries,Number of Unknown Injuries,Amount of Property Damage,Number of Vehicles Involved,Total Number of Occupants,Travel Direction,Location
2014832006,1409151237,09/15/2014,09-September,2-Monday,12:37,1200 Hours,District 6 (East Central),,JONES,,Co Rd E28/RIDGE RD E-28,Non-collision events:  Overturn/rollover,On Roadway,Non-collision (single vehicle),Exceeded authorized speed,None Indicated,,Daylight,Dry,Cloudy,None apparent,Non-intersection:  Non-junction/no special feature,Paved,,Property Damage Only,0,0,0,0,0,0,32500,1,1,,POINT (-91.35718317263 42.129440607139)
2014828950,,09/15/2014,09-September,2-Monday,15:56,1500 Hours,District 6 (East Central),DUBUQUE,DUBUQUE,,LORAS BLVD & BLUFF ST,Collision with:  Vehicle in traffic,On Roadway,Rear-end (front to rear),Exceeded authorized speed,None Indicated,,Daylight,Wet,Cloudy,None apparent,Non-intersection:  Non-junction/no special feature,Paved,,Property Damage Only,0,0,0,0,0,0,3519,2,3,,POINT (-90.671714354445 42.505214815483)
2014817813,201403323,09/15/2014,09-September,2-Monday,13:42,1300 Hours,District 6 (East Central),,LINN,IA 1,IA 1/IOWA 1 & PITLIK DR & CEDAR RIVER RD,Collision with:  Vehicle in traffic,On Roadway,"Angle, oncoming left turn",FTYROW:  Making left turn,None Indicated,,Daylight,Dry,Clear,None apparent,Intersection:  Four-way intersection,Paved,,Property Damage Only,0,0,0,0,0,0,11000,2,3,,POINT (-91.463353412278 41.883985877933)
2014816641,20140027229,09/15/2014,09-September,2-Monday,07:44,0700 Hours,District 1 (Central),DES MOINES,POLK,I-235,I-235,Collision with:  Vehicle in traffic,On Roadway,Rear-end (front to rear),Unknown,None Indicated,,Daylight,Dry,Cloudy,None apparent,Non-intersection:  Non-junction/no special feature,Paved,,Property Damage Only,0,0,0,0,0,0,2000,3,3,,POINT (-93.695107475489 41.592654331377)
2014817236,14-092932,09/15/2014,09-September,2-Monday,16:35,1600 Hours,District 2 (Northeast),EVANSDALE,BLACK HAWK,I-380,I-380 & EVANSDALE DR,Collision with:  Vehicle in traffic,On Roadway,Rear-end (front to rear),Other (explain in narrative):  Other,None Indicated,,Daylight,Wet,Cloudy,None apparent,Intersection:  T-intersection,Paved,,Property Damage Only,0,0,0,0,0,0,4000,2,4,,POINT (-92.252925002762 42.458496980962)
2014817294,,09/15/2014,09-September,2-Monday,12:51,1200 Hours,District 3 (Northwest),SANBORN,OBRIEN,,W 6TH ST & OBRIEN ST,Collision with:  Vehicle in traffic,On Roadway,Broadside (front to side),FTYROW:  At uncontrolled intersection,None Indicated,,Daylight,Dry,Cloudy,None apparent,Intersection:  Four-way intersection,Paved,,Property Damage Only,0,0,0,0,0,0,5000,2,2,,POINT (-95.657209504285 43.185530160443)
2014817429,,09/15/2014,09-September,2-Monday,13:20,1300 Hours,District 6 (East Central),CEDAR RAPIDS,LINN,,CENTER POINT RD NE,Collision with:  Vehicle in traffic,On Roadway,"Sideswipe, same direction",Unknown,None Indicated,,Daylight,Dry,Clear,,Non-intersection:  Non-junction/no special feature,Paved,,Property Damage Only,0,0,0,0,0,0,2500,2,2,,POINT (-91.666921184921 42.02456303945)
2014816963,20140027309,09/15/2014,09-September,2-Monday,15:16,1500 Hours,District 1 (Central),DES MOINES,POLK,,E UNIVERSITY AVE & PENNSYLVANIA AVE,Collision with:  Vehicle in traffic,On Roadway,Rear-end (front to rear),"Operating vehicle in an reckless, erratic, careless, negligent manner",None Indicated,,Daylight,Dry,Cloudy,None apparent,Intersection:  Four-way intersection,Paved,,Minor Injury,0,2,0,1,0,1,1000,2,3,,POINT (-93.608863712164 41.600403254745)
2014817805,14008393,09/15/2014,09-September,2-Monday,20:27,2000 Hours,District 6 (East Central),,BUCHANAN,US 20,US 20,Collision with:  Animal,,,Animal,None Indicated,,,,,,,Paved,,Property Damage Only,0,0,0,0,0,0,3500,1,1,,POINT (-91.95487179419 42.44631430999)
2014817144,14-2052,09/15/2014,09-September,2-Monday,18:19,1800 Hours,District 4 (Southwest),URBANDALE,DALLAS,,156TH ST,Collision with:  Vehicle in traffic,On Roadway,Broadside (front to side),Ran Stop Sign,None Indicated,,Daylight,Dry,Clear,None apparent,Intersection:  Four-way intersection,Unpaved,,Major Injury,0,2,1,1,0,0,15000,2,2,,POINT (-93.833746113768 41.67257152434)
2014817031,2014-005589,09/15/2014,09-September,2-Monday,08:00,0800 Hours,District 6 (East Central),VAN HORNE,BENTON,,3RD ST,Collision with:  Vehicle in traffic,On Roadway,Broadside (front to side),FTYROW:  At uncontrolled intersection,None Indicated,,Daylight,Dry,Clear,None apparent,Non-intersection:  Non-junction/no special feature,Paved,,Property Damage Only,0,0,0,0,0,0,14000,2,2,,POINT (-92.088411584159 42.009239736747)
2014817241,2014-037795,09/15/2014,09-September,2-Monday,13:40,1300 Hours,District 6 (East Central),DUBUQUE,DUBUQUE,US 20,US 20/DODGE ST,Collision with:  Vehicle in traffic,On Roadway,Rear-end (front to rear),Lost Control,None Indicated,,Daylight,Wet,Rain,"Surface condition (e.g., wet, icy)",Non-intersection:  Non-junction/no special feature,Paved,,Possible/Unknown,0,1,0,0,1,0,10000,2,2,,POINT (-90.756577414186 42.481468420681)
2014817440,,09/15/2014,09-September,2-Monday,07:20,0700 Hours,District 4 (Southwest),,AUDUBON,,EAGLE AVE,Collision with:  Animal,On Roadway,Non-collision (single vehicle),Animal,None Indicated,,Dawn,Dry,Cloudy,None apparent,Non-intersection:  Non-junction/no special feature,Unpaved,,Property Damage Only,0,0,0,0,0,0,5000,1,1,,POINT (-95.015070904089 41.724225112264)
2014816787,2014-037778,09/15/2014,09-September,2-Monday,07:25,0700 Hours,District 6 (East Central),DUBUQUE,DUBUQUE,US 52,US 52/CENTRAL AVE & W 17TH ST & E 17TH ST,Collision with:  Vehicle in traffic,On Roadway,Broadside (front to side),Ran Traffic Signal,None Indicated,,Daylight,Dry,Clear,None apparent,Intersection:  Four-way intersection,Paved,,Possible/Unknown,0,2,0,0,2,0,9000,2,5,,POINT (-90.669074311961 42.508790221038)
2014818301,14-14207,09/15/2014,09-September,2-Monday,16:20,1600 Hours,District 3 (Northwest),SPENCER,CLAY,,Co Rd B24/350TH ST & 36TH AVE W,Collision with:  Vehicle in traffic,On Roadway,"Sideswipe, same direction",Crossed centerline (undivided),None Indicated,,Daylight,Dry,Clear,None apparent,Non-intersection:  Non-junction/no special feature,Paved,,Minor Injury,0,1,0,1,0,0,600,2,2,,POINT (-95.195879444481 43.141555261144)
2014818029,128-2014,09/15/2014,09-September,2-Monday,03:00,0300 Hours,District 4 (Southwest),,HARRISON,IA 127,IA 127/IOWA 127,Collision with fixed object:  Ditch,Shoulder,Non-collision (single vehicle),Swerving/Evasive Action,None Indicated,,Dark - roadway not lighted,Dry,Cloudy,None apparent,Non-intersection:  Non-junction/no special feature,Paved,,Property Damage Only,0,0,0,0,0,0,2500,1,1,,POINT (-95.889162538686 41.696520041682)
2014817018,14-17990,09/15/2014,09-September,2-Monday,07:53,0700 Hours,District 6 (East Central),BETTENDORF,SCOTT,,SPRUCE HILLS DR & WOODLAND LN,Collision with:  Vehicle in traffic,On Roadway,"Angle, oncoming left turn",FTYROW:  From stop sign,None Indicated,,Daylight,Wet,Cloudy,None apparent,Intersection:  T-intersection,Paved,,Possible/Unknown,0,1,0,0,1,0,14000,2,3,,POINT (-90.512593825023 41.553125000733)
2014817267,2014009620,09/15/2014,09-September,2-Monday,08:40,0800 Hours,District 1 (Central),MARSHALLTOWN,MARSHALL,IA 14,IA 14/S CENTER ST & W SOUTHRIDGE RD & E SOUTHRIDGE RD,Collision with:  Vehicle in traffic,On Roadway,Rear-end (front to rear),Followed too close,None Indicated,,Daylight,Dry,Clear,None apparent,Intersection:  Four-way intersection,Paved,,Property Damage Only,0,0,0,0,0,0,5200,2,2,,POINT (-92.912337044597 42.017923770067)
2014817804,14008392,09/15/2014,09-September,2-Monday,19:57,1900 Hours,District 6 (East Central),,BUCHANAN,,Co Rd V71/FREEMAN AVE,Collision with:  Animal,,,Animal,None Indicated,,,,,,,Paved,,Property Damage Only,0,0,0,0,0,0,1500,1,1,,POINT (-91.987259879011 42.30608533223)
2014817008,14-039348,09/15/2014,09-September,2-Monday,15:52,1500 Hours,District 4 (Southwest),COUNCIL BLUFFS,POTTAWATTAMIE,,NASH BLVD,Collision with:  Vehicle in traffic,On Roadway,Unknown,"Operating vehicle in an reckless, erratic, careless, negligent manner",None Indicated,,Daylight,Dry,Cloudy,None apparent,Non-intersection:  Non-junction/no special feature,Paved,,Property Damage Only,0,0,0,0,0,0,2300,2,4,,POINT (-95.871052109972 41.280371404252)
2014816880,14008053,09/15/2014,09-September,2-Monday,10:15,1000 Hours,District 6 (East Central),MANCHESTER,DELAWARE,IA 13,IA 13/IOWA 13,Collision with:  Animal,,,Animal,None Indicated,,,,,,,Paved,,Property Damage Only,0,0,0,0,0,0,4000,1,1,,POINT (-91.480752983222 42.438623587049)
2014816640,20140027221,09/15/2014,09-September,2-Monday,05:54,0500 Hours,District 1 (Central),DES MOINES,POLK,,E ARMY POST RD & SE 5TH ST,Collision with:  Non-motorist (see non-motorist section - NOT a unit),On Roadway,Non-collision (single vehicle),Other (explain in narrative):  No improper action,None Indicated,,Dark - roadway lighted,Wet,Cloudy,None apparent,Intersection:  Four-way intersection,Paved,,Fatal,1,0,0,0,0,0,500,1,1,,POINT (-93.606418854794 41.52634019821)
2014816961,20140027304,09/15/2014,09-September,2-Monday,17:49,1700 Hours,District 1 (Central),DES MOINES,POLK,US 69,US 69/SE 14TH ST,Collision with:  Vehicle in traffic,On Roadway,"Angle, oncoming left turn",Other (explain in narrative):  Vision obstructed,None Indicated,,Daylight,Dry,Clear,None apparent,Non-intersection:  Non-junction/no special feature,Paved,,Property Damage Only,0,0,0,0,0,0,10000,2,4,,POINT (-93.59680593106 41.527642508734)
2014816959,20140027285,09/15/2014,09-September,2-Monday,14:26,1400 Hours,District 1 (Central),DES MOINES,POLK,,HOLCOMB AVE & BEAVER AVE,Collision with:  Vehicle in traffic,On Roadway,Rear-end (front to rear),Driver Distraction:  Passenger,None Indicated,,Daylight,Dry,Cloudy,None apparent,Intersection:  T-intersection,Paved,,Possible/Unknown,0,1,0,0,1,0,7600,3,4,,POINT (-93.673076478469 41.616717591205)
2014817945,2014053518,09/15/2014,09-September,2-Monday,15:17,1500 Hours,District 2 (Northeast),,HOWARD,IA 9,IA 9/IOWA 9,Collision with fixed object:  Tree,Shoulder,Non-collision (single vehicle),Crossed centerline (undivided),None Indicated,,Daylight,Dry,Clear,None apparent,Non-intersection:  Non-junction/no special feature,Paved,,Possible/Unknown,0,1,0,0,1,0,10000,1,1,,POINT (-92.403747575569 43.371228116171)
2014816962,20140027307,09/15/2014,09-September,2-Monday,17:30,1700 Hours,District 1 (Central),DES MOINES,POLK,US 69,US 69/E 15TH ST & CAPITOL AVE,Collision with:  Vehicle in traffic,On Roadway,Broadside (front to side),Ran Stop Sign,None Indicated,,Daylight,Dry,Cloudy,None apparent,Intersection:  Four-way intersection,Paved,,Property Damage Only,0,0,0,0,0,0,1700,2,8,,POINT (-93.594983540268 41.592963886851)
2014831847,1409150855,09/15/2014,09-September,2-Monday,08:55,0800 Hours,District 6 (East Central),,JONES,IA 38,IA 38/IOWA 38,Collision with:  Animal,,,Animal,None Indicated,,,,,,,Paved,,Property Damage Only,0,0,0,0,0,0,2500,1,1,,POINT (-91.140934788781 42.207427244106)
2014818388,14-010422,09/15/2014,09-September,2-Monday,19:21,1900 Hours,District 5 (Southeast),,WAYNE,,110TH,Non-collision events:  Other non-collision (explain in narrative),On Roadway,Non-collision (single vehicle),Crossed centerline (undivided),None Indicated,,Daylight,"Mud, dirt",Clear,None apparent,Non-intersection:  Other non-intersection (explain in narrative),Unpaved,,Possible/Unknown,0,1,0,0,1,0,12500,1,1,,POINT (-93.365322257637 40.812704286789)
2014816960,20140027286,09/15/2014,09-September,2-Monday,14:45,1400 Hours,District 1 (Central),DES MOINES,POLK,,31ST ST,Collision with:  Vehicle in traffic,On Roadway,Rear-end (front to rear),Other (explain in narrative):  Other,None Indicated,,Daylight,Dry,Cloudy,None apparent,Non-intersection:  Non-junction/no special feature,Paved,,Property Damage Only,0,0,0,0,0,0,3000,2,2,,POINT (-93.65936487063 41.599791438456)
2014817103,14-008075,09/15/2014,09-September,2-Monday,22:46,2200 Hours,District 6 (East Central),MANCHESTER,DELAWARE,IA 13,IA 13/W MAIN ST,Non-collision events:  Overturn/rollover,On Roadway,Non-collision (single vehicle),Swerving/Evasive Action,None Indicated,,Dark - roadway lighted,Dry,Clear,None apparent,Non-intersection:  Other non-intersection (explain in narrative),Paved,,Minor Injury,0,1,0,1,0,0,10000,1,1,,POINT (-91.4636577248 42.483919240321)
2014817425,,09/15/2014,09-September,2-Monday,06:45,0600 Hours,District 5 (Southeast),,WARREN,,Co Rd R45/HWY R45,Collision with:  Animal,On Roadway,Non-collision (single vehicle),Animal,None Indicated,,Dawn,Wet,Rain,,Non-intersection:  Non-junction/no special feature,Paved,,Property Damage Only,0,0,0,0,0,0,6370,1,1,,POINT (-93.731564830406 41.333257609232)
2014816969,20140027227,09/15/2014,09-September,2-Monday,07:54,0700 Hours,District 1 (Central),DES MOINES,POLK,,GARFIELD AVE & E 12TH ST,Collision with:  Parked motor vehicle,Roadside,"Sideswipe, same direction",Other (explain in narrative):  Other,None Indicated,,Daylight,Dry,Clear,None apparent,Non-intersection:  Non-junction/no special feature,Paved,,Property Damage Only,0,0,0,0,0,0,2500,2,1,,POINT (-93.604825452697 41.602298076603)
2014817015,2014-4541,09/15/2014,09-September,2-Monday,17:03,1700 Hours,District 4 (Southwest),WAUKEE,DALLAS,,ALICES RD & SE OLSON DR,Collision with:  Vehicle in traffic,On Roadway,Rear-end (front to rear),Swerving/Evasive Action,None Indicated,,Daylight,Dry,Cloudy,None apparent,Non-intersection:  Non-junction/no special feature,Paved,,Property Damage Only,0,0,0,0,0,0,16000,3,4,,POINT (-93.8529248808 41.606534729649)
2014816989,14-2869,09/15/2014,09-September,2-Monday,16:10,1600 Hours,District 1 (Central),FORT DODGE,WEBSTER,,1ST AVE N & N 16TH ST,Collision with:  Vehicle in traffic,On Roadway,Broadside (front to side),FTYROW:  From stop sign,None Indicated,,Daylight,Dry,Clear,None apparent,Non-intersection:  Driveway access (within),Paved,,Property Damage Only,0,0,0,0,0,0,7000,2,5,,POINT (-94.17631970172 42.507299654229)
2014817293,,09/15/2014,09-September,2-Monday,20:45,2000 Hours,District 4 (Southwest),,MONTGOMERY,,M AVE,Collision with:  Animal,On Roadway,Non-collision (single vehicle),Animal,None Indicated,,Dark - roadway lighted,Dry,Clear,None apparent,Non-intersection:  Non-junction/no special feature,Unpaved,,Property Damage Only,0,0,0,0,0,0,6300,1,1,,POINT (-95.137148325376 40.938642719429)
2014817044,14-24384,09/15/2014,09-September,2-Monday,13:50,1300 Hours,District 1 (Central),NEWTON,JASPER,,W 5TH ST S,Collision with:  Vehicle in traffic,On Roadway,Broadside (front to side),FTYROW:  From driveway,None Indicated,,Daylight,Dry,Clear,Other (explain in narrative),Non-intersection:  Driveway access (within),Paved,,Property Damage Only,0,0,0,0,0,0,3300,2,2,,POINT (-93.05915103623 41.695936594233)
2014819742,14039247,09/15/2014,09-September,2-Monday,17:32,1700 Hours,District 5 (Southeast),,MUSCATINE,IA 70,IA 70/IOWA 70 & Co Rd F70/155TH ST,Collision with:  Vehicle in traffic,On Roadway,Rear-end (front to rear),Followed too close,None Indicated,,Daylight,Dry,Clear,None apparent,Intersection:  Four-way intersection,Paved,,Property Damage Only,0,0,0,0,0,0,2300,2,2,,POINT (-91.251839835368 41.524531146046)
2014818886,14-0516,09/15/2014,09-September,2-Monday,22:20,2200 Hours,District 1 (Central),,WEBSTER,US 169,US 169,Collision with:  Animal,On Roadway,Non-collision (single vehicle),Animal,None Indicated,,Dark - roadway not lighted,Dry,Clear,None apparent,Non-intersection:  Non-junction/no special feature,Paved,,Possible/Unknown,0,1,0,0,1,0,2000,1,1,,POINT (-94.227392033321 42.632193866877)
2014817006,14-039001,09/15/2014,09-September,2-Monday,00:00,0000 Hours,District 4 (Southwest),COUNCIL BLUFFS,POTTAWATTAMIE,,HARRISON ST,Collision with:  Parked motor vehicle,Shoulder,Unknown,Unknown,None Indicated,,Dark - roadway lighted,Unknown,Unknown,Unknown,Non-intersection:  Non-junction/no special feature,Paved,,Property Damage Only,0,0,0,0,0,0,1500,2,777,,POINT (-95.84907036019 41.276766028129)
2014816947,1409151-A,09/15/2014,09-September,2-Monday,15:38,1500 Hours,District 4 (Southwest),RED OAK,MONTGOMERY,,ELM ST & 5TH ST,Collision with:  Vehicle in traffic,On Roadway,Broadside (front to side),Other (explain in narrative):  No improper action,None Indicated,,Daylight,Dry,Clear,None apparent,Intersection:  Four-way intersection,Paved,,Possible/Unknown,0,2,0,0,0,2,11000,2,6,,POINT (-95.226742302463 41.014859804109)
2014817092,14016150,09/15/2014,09-September,2-Monday,13:49,1300 Hours,District 2 (Northeast),MASON CITY,CERRO GORDO,US 65,US 65/S FEDERAL AVE,Collision with:  Vehicle in traffic,On Roadway,"Sideswipe, same direction",Improper or erratic lane changing,None Indicated,,Daylight,Dry,Cloudy,None apparent,Non-intersection:  Non-junction/no special feature,Paved,,Property Damage Only,0,0,0,0,0,0,4000,2,3,,POINT (-93.201073249334 43.14710151896)
2014817449,14013814,09/15/2014,09-September,2-Monday,03:26,0300 Hours,District 6 (East Central),,CEDAR,IA 38,IA 38/IOWA 38 & 306TH,Non-collision events:  Overturn/rollover,Shoulder,Non-collision (single vehicle),Swerving/Evasive Action,None Indicated,,Dark - roadway not lighted,Dry,Cloudy,None apparent,Intersection:  Four-way intersection,Paved,,Minor Injury,0,1,0,1,0,0,5000,1,5,,POINT (-91.11674866465 41.64814061291)
2014816573,14-14183,09/15/2014,09-September,2-Monday,07:21,0700 Hours,District 3 (Northwest),SPENCER,CLAY,US 18,US 18/S GRAND AVE & 4TH ST SW & 4TH ST SE,Collision with:  Vehicle in traffic,On Roadway,"Angle, oncoming left turn",FTYROW:  Making left turn,None Indicated,,Daylight,Wet,Rain,None apparent,Intersection:  Four-way intersection,Paved,,Minor Injury,0,1,0,1,0,0,26000,2,2,,POINT (-95.144196323749 43.134125751977)
2014818079,2014010287,09/15/2014,09-September,2-Monday,22:17,2200 Hours,District 6 (East Central),IOWA CITY,JOHNSON,US 6,US 6/S RIVERSIDE DR,Collision with:  Vehicle in traffic,On Roadway,Rear-end (front to rear),Followed too close,None Indicated,,Unknown,Dry,Cloudy,None apparent,Non-intersection:  Non-junction/no special feature,Paved,,Possible/Unknown,0,1,0,0,1,0,4000,2,2,,POINT (-91.540389656662 41.653275761466)
2014817573,,09/15/2014,09-September,2-Monday,14:45,1400 Hours,District 2 (Northeast),ACKLEY,FRANKLIN,,,Collision with:  Vehicle in traffic,On Roadway,"Sideswipe, same direction",Unknown,None Indicated,,Daylight,Dry,Cloudy,,,,,Property Damage Only,0,0,0,0,0,0,3500,2,2,,POINT (-96.643700149993 40.233091251414)
2014816888,14-039278,09/15/2014,09-September,2-Monday,08:30,0800 Hours,District 4 (Southwest),COUNCIL BLUFFS,POTTAWATTAMIE,,N 17TH ST & AVE C,Collision with:  Vehicle in traffic,On Roadway,Broadside (front to side),Unknown,None Indicated,,Daylight,Dry,Cloudy,None apparent,Intersection:  Four-way intersection,Paved,,Property Damage Only,0,0,0,0,0,0,3000,2,3,,POINT (-95.869078947066 41.264497448108)
2014817205,2014-64932,09/15/2014,09-September,2-Monday,10:00,1000 Hours,District 6 (East Central),DAVENPORT,SCOTT,,IA 461/BRADY ST & E 42ND ST,Collision with:  Vehicle in traffic,On Roadway,"Sideswipe, same direction",FTYROW:  Other (explain in narrative),None Indicated,,Daylight,Dry,Clear,None apparent,Non-intersection:  Non-junction/no special feature,Paved,,Property Damage Only,0,0,0,0,0,0,4000,2,2,,POINT (-90.567771787537 41.563654674464)
2014818114,14-001081,09/15/2014,09-September,2-Monday,07:35,0700 Hours,District 1 (Central),,STORY,US 69,US 69 & IA 210/IOWA 210,Collision with:  Vehicle in traffic,On Roadway,Rear-end (front to rear),Driving too fast for conditions,None Indicated,,Daylight,Dry,Clear,None apparent,Intersection:  Four-way intersection,Paved,,Property Damage Only,0,0,0,0,0,0,4000,2,2,,POINT (-93.600401657848 41.877746920098)
2014816978,14-10800,09/15/2014,09-September,2-Monday,06:50,0600 Hours,District 3 (Northwest),,SIOUX,IA 10,IA 10/460TH ST & Co Rd L22/LOG AVE,Collision with:  Animal,,,Animal,None Indicated,,,,,,,Paved,,Property Damage Only,0,0,0,0,0,0,2000,1,1,,POINT (-95.89915310462 42.98210798553)
2014816642,20140027231,09/15/2014,09-September,2-Monday,08:15,0800 Hours,District 1 (Central),DES MOINES,POLK,I-235,I-235,Collision with:  Vehicle in traffic,On Roadway,Rear-end (front to rear),Followed too close,None Indicated,,Daylight,Dry,Cloudy,None apparent,Non-intersection:  Non-junction/no special feature,Paved,,Property Damage Only,0,0,0,0,0,0,3500,2,3,,POINT (-93.649044229188 41.594914204789)
2014818782,14-004318,09/15/2014,09-September,2-Monday,13:20,1300 Hours,District 1 (Central),AMES,STORY,US 69,US 69/LINCOLN WAY & S SHERMAN AVE,Collision with:  Vehicle in traffic,On Roadway,"Angle, oncoming left turn",FTYROW:  Making left turn,None Indicated,,Daylight,Dry,Cloudy,None apparent,Intersection:  Four-way intersection,Paved,,Possible/Unknown,0,2,0,0,0,2,9500,2,3,,POINT (-93.612129126063 42.022899877498)
2014817128,14-003966,09/15/2014,09-September,2-Monday,03:00,0300 Hours,District 1 (Central),ANKENY,POLK,,SW SOUTHLAWN DR,Collision with:  Parked motor vehicle,On Roadway,Broadside (front to side),Unknown,None Indicated,,Dark - roadway lighted,Dry,Clear,None apparent,Non-intersection:  Non-junction/no special feature,Paved,,Property Damage Only,0,0,0,0,0,0,2000,2,1,,POINT (-93.601971750572 41.725062332464)
2014817235,14-008390,09/15/2014,09-September,2-Monday,17:49,1700 Hours,District 6 (East Central),INDEPENDENCE,BUCHANAN,IA 150,IA 150/5TH AVE NE,Collision with:  Vehicle in traffic,On Roadway,"Angle, oncoming left turn",Made improper turn,None Indicated,,Daylight,Dry,Clear,None apparent,Non-intersection:  Non-junction/no special feature,Paved,,Property Damage Only,0,0,0,0,0,0,2000,2,3,,POINT (-91.889356315562 42.468915107237)
2014817019,14-92885,09/15/2014,09-September,2-Monday,13:32,1300 Hours,District 2 (Northeast),,BLACK HAWK,,Co Rd C57/W CEDAR-WAPSI RD & Co Rd V14/WAVERLY RD,Collision with:  Vehicle in traffic,On Roadway,Broadside (front to side),FTYROW:  From stop sign,None Indicated,,Daylight,Dry,Clear,None apparent,Intersection:  Four-way intersection,Paved,,Property Damage Only,0,0,0,0,0,0,11000,2,2,,POINT (-92.455614082807 42.613718876107)
2014817888,2014-65061,09/15/2014,09-September,2-Monday,18:49,1800 Hours,District 6 (East Central),DAVENPORT,SCOTT,,E 39TH ST & ELMORE AVE,Collision with:  Vehicle in traffic,On Roadway,Rear-end (front to rear),Lost Control,None Indicated,,Dark - roadway lighted,Dry,Clear,None apparent,Non-intersection:  Non-junction/no special feature,Paved,,Minor Injury,0,1,0,1,0,0,2050,2,2,,POINT (-90.527115236332 41.5603102363)
2014817364,2014-64989,09/15/2014,09-September,2-Monday,14:27,1400 Hours,District 6 (East Central),DAVENPORT,SCOTT,,IA 461/BRADY ST,Collision with fixed object:  Utility pole/light support,Shoulder,Non-collision (single vehicle),Other (explain in narrative):  Other,None Indicated,,Daylight,Dry,Cloudy,None apparent,Non-intersection:  Non-junction/no special feature,Paved,,Property Damage Only,0,0,0,0,0,0,4200,1,1,,POINT (-90.574028719073 41.537128013157)
2014817007,14-039346,09/15/2014,09-September,2-Monday,16:00,1600 Hours,District 4 (Southwest),COUNCIL BLUFFS,POTTAWATTAMIE,,AVE N & N 25TH ST,Collision with:  Vehicle in traffic,On Roadway,"Sideswipe, same direction","Operating vehicle in an reckless, erratic, careless, negligent manner",None Indicated,,Daylight,Dry,Clear,None apparent,Intersection:  Four-way intersection,Paved,,Property Damage Only,0,0,0,0,0,0,2500,2,8,,POINT (-95.881668456369 41.274188791215)
2014817777,14-014049,09/15/2014,09-September,2-Monday,22:38,2200 Hours,District 6 (East Central),,JACKSON,,LEISURE LAKE RD,Collision with:  Other non-fixed object (explain in narrative),On Roadway,Non-collision (single vehicle),Swerving/Evasive Action,Alcohol (< Statutory),,Dark - roadway lighted,Dry,Clear,None apparent,Non-intersection:  Non-junction/no special feature,Unpaved,,Property Damage Only,0,0,0,0,0,0,18200,1,1,,POINT (-90.770169661323 42.2373345565)
2014817009,2014010282,09/15/2014,09-September,2-Monday,15:09,1500 Hours,District 6 (East Central),IOWA CITY,JOHNSON,,HIGHLAND AVE & RIDGE ST,Collision with:  Vehicle in traffic,On Roadway,Rear-end (front to rear),Followed too close,None Indicated,,Daylight,Dry,Clear,None apparent,Non-intersection:  Non-junction/no special feature,Paved,,Property Damage Only,0,0,0,0,0,0,3000,2,2,,POINT (-91.518692224454 41.645792643158)
2014817463,201413669,09/15/2014,09-September,2-Monday,10:03,1000 Hours,District 6 (East Central),CEDAR RAPIDS,LINN,,BOWLING ST SW,Collision with:  Vehicle in traffic,On Roadway,Rear-end (front to rear),Other (explain in narrative):  Other,None Indicated,,Daylight,Dry,Clear,None apparent,Non-intersection:  Non-junction/no special feature,Paved,,Property Damage Only,0,0,0,0,0,0,6000,2,1,,POINT (-91.657220114539 41.948822998919)
2014817093,14016155,09/15/2014,09-September,2-Monday,15:00,1500 Hours,District 2 (Northeast),MASON CITY,CERRO GORDO,IA 122,IA 122/4TH ST SW & FRONTAGE RD N,Collision with:  Vehicle in traffic,On Roadway,Rear-end (front to rear),Other (explain in narrative):  Other,None Indicated,,Daylight,Dry,Cloudy,None apparent,Non-intersection:  Non-junction/no special feature,Paved,,Property Damage Only,0,0,0,0,0,0,3500,2,2,,POINT (-93.255607842888 43.148307396716)
2014817349,14-004315,09/15/2014,09-September,2-Monday,08:02,0800 Hours,District 1 (Central),AMES,STORY,,MORTENSON RD,Collision with:  Vehicle in traffic,On Roadway,Rear-end (front to rear),Followed too close,None Indicated,,Daylight,Dry,Cloudy,None apparent,Non-intersection:  Non-junction/no special feature,Paved,,Property Damage Only,0,0,0,0,0,0,4500,2,2,,POINT (-93.662638119546 42.011919585978)
2014818084,201404324,09/15/2014,09-September,2-Monday,06:35,0600 Hours,District 1 (Central),,BOONE,US 30,US 30/220TH ST,Collision with:  Animal,,,Animal,None Indicated,,,,,,,Paved,,Property Damage Only,0,0,0,0,0,0,2500,1,1,,POINT (-93.944070022052 42.034303464554)
2014816806,14-039307,09/15/2014,09-September,2-Monday,11:35,1100 Hours,District 4 (Southwest),COUNCIL BLUFFS,POTTAWATTAMIE,US 6,US 6/W BROADWAY & S 28TH ST & N 28TH ST,Collision with:  Vehicle in traffic,On Roadway,Rear-end (front to rear),Swerving/Evasive Action,None Indicated,,Daylight,Dry,Clear,None apparent,Intersection:  Four-way intersection,Paved,,Possible/Unknown,0,1,0,0,1,0,7000,2,2,,POINT (-95.889079278379 41.261952455643)