Iowa DOT Case Number,Law Enforcement Case Number,Date of Crash,Month of Crash,Day of Week,Time of Crash,Hour,DOT District,City Name,County Name,Route with System,Location Description,First Harmful Event,Location of First Harmful Event,Manner of Crash/Collision,Major Cause,Drug or Alcohol ,Environmental Conditions,Light Conditions,Surface Conditions,Weather Conditions,Roadway Contribution,Roadway Type,Roadway Surface,Work Zone,Crash Severity,Number of Fatalities,Number of Injuries,Number of Major Injuries,Number of Minor Injuries,Number of Possible Injuries,Number of Unknown Injuries,Amount of Property Damage,Number of Vehicles Involved,Total Number of Occupants,Travel Direction,Location
2014909176,083-14,09/16/2014,09-September,3-Tuesday,00:40,0000 Hours,District 4 (Southwest),,MADISON,IA 92,IA 92/IOWA 92,Collision with fixed object:  Ditch,On Roadway,Non-collision (single vehicle),Ran off road - right,Under Influence of Alcohol/Drugs/Medications,,Dark - roadway not lighted,Dry,Clear,None apparent,Non-intersection:  Non-junction/no special feature,Paved,,Major Injury,0,1,1,0,0,0,10000,1,1,,POINT (-94.162640649052 41.330277628458)
2014821161,2014-03784,09/16/2014,09-September,3-Tuesday,15:47,1500 Hours,District 6 (East Central),DUBUQUE,DUBUQUE,US 52,US 52/CENTRAL AVE,Collision with:  Vehicle in traffic,On Roadway,Head-on (front to front),Crossed centerline (undivided),None Indicated,,Daylight,Dry,Clear,None apparent,Non-intersection:  Driveway access (within),Paved,,Property Damage Only,0,0,0,0,0,0,4000,2,4,,POINT (-90.683212815302 42.52801500433)
2014817125,14-012474,09/16/2014,09-September,3-Tuesday,17:00,1700 Hours,District 4 (Southwest),,MILLS,,KEYS AVE & JABBER RD,Collision with fixed object:  Bridge overhead structure,On Roadway,Non-collision (single vehicle),Ran off road - right,None Indicated,,Daylight,Dry,Cloudy,None apparent,Non-intersection:  Non-junction/no special feature,Unpaved,,Possible/Unknown,0,1,0,0,1,0,5000,1,3,,POINT (-95.602031509971 41.008894876825)
2014817149,14-002138,09/16/2014,09-September,3-Tuesday,06:05,0600 Hours,District 1 (Central),ALTOONA,POLK,,CAMELOT CT,Collision with:  Parked motor vehicle,On Roadway,Broadside (front to side),Improper Backing,None Indicated,,Dark - roadway lighted,Dry,"Fog, smoke, smog",None apparent,Non-intersection:  Non-junction/no special feature,Paved,,Property Damage Only,0,0,0,0,0,0,4000,2,1,,POINT (-93.489348337181 41.645307633437)
2014816967,20140027361,09/16/2014,09-September,3-Tuesday,07:20,0700 Hours,District 1 (Central),DES MOINES,POLK,I-235,I-235 & 5TH AVE,Collision with:  Vehicle in traffic,On Roadway,Unknown,Unknown,None Indicated,,Daylight,Dry,Clear,None apparent,Non-intersection:  Non-junction/no special feature,Paved,,Minor Injury,0,6,0,6,0,0,19500,6,7,,POINT (-93.624647020145 41.595787943234)
2014817629,201413754,09/16/2014,09-September,3-Tuesday,13:15,1300 Hours,District 6 (East Central),CEDAR RAPIDS,LINN,IA 100,IA 100/COLLINS RD NE,Collision with:  Vehicle in traffic,On Roadway,Rear-end (front to rear),Other (explain in narrative):  No improper action,None Indicated,,Daylight,Dry,Clear,None apparent,Interchange-related:  Off-ramp,Paved,,Property Damage Only,0,0,0,0,0,0,4000,2,3,,POINT (-91.665451634541 42.02840969154)
2014816995,14-4610,09/16/2014,09-September,3-Tuesday,13:43,1300 Hours,District 1 (Central),WEST DES MOINES,POLK,,UNIVERSITY AVE & 31ST ST,Collision with:  Vehicle in traffic,On Roadway,"Angle, oncoming left turn",Made improper turn,None Indicated,,Daylight,Dry,Clear,None apparent,Intersection:  T-intersection,Paved,,Minor Injury,0,2,0,2,0,0,5500,2,2,,POINT (-93.747174550906 41.600461247247)
2014817085,W14-093198,09/16/2014,09-September,3-Tuesday,14:44,1400 Hours,District 2 (Northeast),WATERLOO,BLACK HAWK,,E RIDGEWAY AVE & RANDOLPH ST,Collision with:  Vehicle in traffic,On Roadway,Rear-end (front to rear),Driver Distraction:  Reaching for object(s)/fallen object(s),None Indicated,,Daylight,Dry,Clear,Work Zone (roadway-related),Intersection:  T-intersection,Paved,Yes,Property Damage Only,0,0,0,0,0,0,7500,3,3,,POINT (-92.338932122735 42.469373062953)
2014817208,2014-65237,09/16/2014,09-September,3-Tuesday,07:19,0700 Hours,District 6 (East Central),DAVENPORT,SCOTT,,W LOMBARD ST,Collision with:  Parked motor vehicle,On Roadway,Rear-end (front to rear),Driver Distraction:  Manual operation of an electronic communication device,None Indicated,,Daylight,Dry,Clear,None apparent,Non-intersection:  Non-junction/no special feature,Paved,,Property Damage Only,0,0,0,0,0,0,5500,2,1,,POINT (-90.626984673735 41.541782143571)
2014817232,14-039559,09/16/2014,09-September,3-Tuesday,17:12,1700 Hours,District 4 (Southwest),COUNCIL BLUFFS,POTTAWATTAMIE,,23RD AVE & S 16TH ST,Collision with:  Vehicle in traffic,On Roadway,Broadside (front to side),FTYROW:  From stop sign,None Indicated,,Daylight,Dry,Clear,None apparent,Intersection:  Four-way intersection,Paved,,Possible/Unknown,0,1,0,0,1,0,10000,2,5,,POINT (-95.867680924164 41.239377558908)
2014819443,,09/16/2014,09-September,3-Tuesday,11:36,1100 Hours,District 5 (Southeast),CHARITON,LUCAS,,OSAGE AVE & GREEN AVE & N 11TH ST,Collision with fixed object:  Utility pole/light support,Outside trafficway,Non-collision (single vehicle),Ran off road - left,None Indicated,,Daylight,Dry,Clear,None apparent,Intersection:  Y-intersection,Paved,,Minor Injury,0,1,0,1,0,0,3000,1,1,,POINT (-93.309859144722 41.019410052848)
2014817249,2014010334,09/16/2014,09-September,3-Tuesday,18:00,1800 Hours,District 6 (East Central),IOWA CITY,JOHNSON,I-80,I-80 & IA 1/N DODGE ST,Collision with:  Vehicle in traffic,On Roadway,"Angle, oncoming left turn",Made improper turn,None Indicated,,Daylight,Dry,Clear,None apparent,Intersection:  Four-way intersection,Paved,,Property Damage Only,0,0,0,0,0,0,2500,2,2,,POINT (-91.499405288382 41.686748663879)
2014819598,2014053603,09/16/2014,09-September,3-Tuesday,07:55,0700 Hours,District 6 (East Central),,CEDAR,I-80,I-80,Collision with:  Vehicle in traffic,On Roadway,Rear-end (front to rear),Swerving/Evasive Action,None Indicated,,Daylight,Dry,Clear,Work Zone (roadway-related),Non-intersection:  Non-junction/no special feature,Paved,Yes,Property Damage Only,0,0,0,0,0,0,8000,2,4,,POINT (-91.051287724786 41.639951875646)
2014817261,CL14003302,09/16/2014,09-September,3-Tuesday,15:30,1500 Hours,District 6 (East Central),CLINTON,CLINTON,,S BLUFF BLVD,Collision with:  Vehicle in traffic,On Roadway,"Angle, oncoming left turn",FTYROW:  From stop sign,None Indicated,,Daylight,Dry,Clear,None apparent,Intersection:  Four-way intersection,Paved,,Possible/Unknown,0,1,0,0,1,0,5500,2,2,,POINT (-90.216318350262 41.837409874016)
2014817719,14-004326,09/16/2014,09-September,3-Tuesday,07:28,0700 Hours,District 1 (Central),AMES,STORY,,Co Rd R38/SOUTH DAKOTA AVE & MORTENSON RD & S DAKOTA AVE,Collision with:  Vehicle in traffic,On Roadway,Rear-end (front to rear),Driver Distraction:  Manual operation of an electronic communication device,None Indicated,,Daylight,Dry,Clear,None apparent,Intersection:  Four-way intersection,Paved,,Property Damage Only,0,0,0,0,0,0,3800,2,2,,POINT (-93.678678585099 42.012141097471)
2014816937,14140426,09/16/2014,09-September,3-Tuesday,02:42,0200 Hours,District 6 (East Central),,JOHNSON,I-80,I-80,Collision with fixed object:  Guardrail - face,On Roadway,Non-collision (single vehicle),Ran off road - right,None Indicated,,Dark - roadway not lighted,Dry,Clear,None apparent,Non-intersection:  Non-junction/no special feature,Paved,,Property Damage Only,0,0,0,0,0,0,110000,1,1,,POINT (-91.395462421571 41.666808264574)
2014817793,C14002958,09/16/2014,09-September,3-Tuesday,13:59,1300 Hours,District 6 (East Central),CORALVILLE,JOHNSON,,HEARTLAND DR & HEARTLAND PL,Collision with:  Vehicle in traffic,On Roadway,"Sideswipe, same direction",FTYROW:  Other (explain in narrative),None Indicated,,Daylight,Dry,Cloudy,Work Zone (roadway-related),Intersection:  Four-way intersection,Paved,Yes,Property Damage Only,0,0,0,0,0,0,3000,2,2,,POINT (-91.609998993916 41.700569165753)
2014816958,20140027397,09/16/2014,09-September,3-Tuesday,13:50,1300 Hours,District 1 (Central),DES MOINES,POLK,,E ARMY POST RD & SE 19TH ST,Collision with:  Vehicle in traffic,On Roadway,Rear-end (front to rear),Unknown,None Indicated,,Daylight,Dry,Clear,None apparent,Non-intersection:  Non-junction/no special feature,Paved,,Possible/Unknown,0,1,0,0,1,0,12000,2,2,,POINT (-93.585238741741 41.526278793771)
2014909177,084-14,09/16/2014,09-September,3-Tuesday,07:40,0700 Hours,District 4 (Southwest),TRURO,MADISON,,E NORTH ST,Collision with:  Vehicle in traffic,On Roadway,Rear-end (front to rear),Other (explain in narrative):  Vision obstructed,None Indicated,,Daylight,Dry,Clear,None apparent,Non-intersection:  Non-junction/no special feature,Paved,,Property Damage Only,0,0,0,0,0,0,4500,3,7,,POINT (-93.843375247062 41.209898001153)
2014817228,14-24531,09/16/2014,09-September,3-Tuesday,21:56,2100 Hours,District 1 (Central),,JASPER,I-80,I-80,Collision with:  Parked motor vehicle,Outside trafficway,Rear-end (front to rear),Other (explain in narrative):  No improper action,None Indicated,,Dark - roadway lighted,Dry,Clear,None apparent,Interchange-related:  Off-ramp,Paved,,Property Damage Only,0,0,0,0,0,0,5000,2,3,,POINT (-92.770560243539 41.695434558907)
2014817446,W14-093224,09/16/2014,09-September,3-Tuesday,16:05,1600 Hours,District 2 (Northeast),WATERLOO,BLACK HAWK,,CONGER ST & COLUMBIA ST,Collision with:  Vehicle in traffic,On Roadway,Rear-end (front to rear),Followed too close,None Indicated,,Daylight,Dry,Clear,None apparent,Intersection:  Four-way intersection,Paved,,Property Damage Only,0,0,0,0,0,0,3500,2,2,,POINT (-92.342681041226 42.512154358623)
2014816968,20140027388,09/16/2014,09-September,3-Tuesday,11:30,1100 Hours,District 1 (Central),DES MOINES,POLK,,SW 9TH ST,Collision with:  Vehicle in traffic,On Roadway,"Angle, oncoming left turn",FTYROW:  Making left turn,None Indicated,,Daylight,Dry,Clear,None apparent,Non-intersection:  Driveway access (within),Paved,,Property Damage Only,0,0,0,0,0,0,5000,2,2,,POINT (-93.62570143197 41.558348003761)
2014817912,2014053644,09/16/2014,09-September,3-Tuesday,12:57,1200 Hours,District 4 (Southwest),,POTTAWATTAMIE,I-80,I-80,Collision with:  Vehicle in traffic,On Roadway,"Sideswipe, same direction",Crossed centerline (undivided),None Indicated,,Daylight,Dry,Clear,Debris,Non-intersection:  Non-junction/no special feature,Paved,,Property Damage Only,0,0,0,0,0,0,3700,2,4,,POINT (-95.547096007043 41.497968699792)
2014817100,1409162811,09/16/2014,09-September,3-Tuesday,05:00,0500 Hours,District 6 (East Central),,CLINTON,,Co Rd Y34/140 AVE,Collision with fixed object:  Ditch,Outside trafficway,Non-collision (single vehicle),Lost Control,None Indicated,,Dark - roadway not lighted,Dry,Clear,None apparent,Non-intersection:  Non-junction/no special feature,Unpaved,,Property Damage Only,0,0,0,0,0,0,3500,1,1,,POINT (-90.820647387595 41.980342281839)
2014817300,W14-093240,09/16/2014,09-September,3-Tuesday,16:53,1600 Hours,District 2 (Northeast),WATERLOO,BLACK HAWK,,EASTON AVE & RANDOLPH ST,Collision with:  Vehicle in traffic,On Roadway,Broadside (front to side),FTYROW:  From stop sign,None Indicated,,Daylight,Dry,Clear,None apparent,Intersection:  Four-way intersection,Paved,,Property Damage Only,0,0,0,0,0,0,2800,2,4,,POINT (-92.339003219808 42.473020850768)
2014817351,14-004337,09/16/2014,09-September,3-Tuesday,18:14,1800 Hours,District 1 (Central),AMES,STORY,,LINCOLN WAY & CAMPUS AVE,Collision with:  Vehicle in traffic,On Roadway,"Angle, oncoming left turn",FTYROW:  Making left turn,None Indicated,,Daylight,Dry,Clear,None apparent,Intersection:  T-intersection,Paved,,Property Damage Only,0,0,0,0,0,0,3000,2,2,,POINT (-93.657049124141 42.022732587388)
2014817433,,09/16/2014,09-September,3-Tuesday,07:42,0700 Hours,District 4 (Southwest),ADEL,DALLAS,US 6,US 6 & Co Rd R16/R AVE,Collision with:  Vehicle in traffic,On Roadway,Broadside (front to side),FTYROW:  From stop sign,None Indicated,,Daylight,Dry,"Fog, smoke, smog",None apparent,Intersection:  T-intersection,Paved,,Property Damage Only,0,0,0,0,0,0,5000,2,2,,POINT (-93.95533995588 41.614628287948)
2014817445,W14-093268,09/16/2014,09-September,3-Tuesday,00:01,0000 Hours,District 2 (Northeast),WATERLOO,BLACK HAWK,,IRVING ST,Non-collision events:  Other non-collision (explain in narrative),On Roadway,"Sideswipe, same direction","Operating vehicle in an reckless, erratic, careless, negligent manner",None Indicated,,Unknown,Dry,Clear,None apparent,Non-intersection:  Non-junction/no special feature,Paved,,Property Damage Only,0,0,0,0,0,0,1500,2,1,,POINT (-92.32654784207 42.498948218722)
2014818442,2014-65243,09/16/2014,09-September,3-Tuesday,07:32,0700 Hours,District 6 (East Central),DAVENPORT,SCOTT,,TELEGRAPH RD & WAVERLY RD,Collision with:  Vehicle in traffic,On Roadway,Broadside (front to side),Followed too close,None Indicated,,Daylight,Dry,Clear,None apparent,Intersection:  Other intersection (explain in narrative),Paved,,Possible/Unknown,0,1,0,0,1,0,3000,3,5,,POINT (-90.614566234743 41.523169926587)
2014817214,14-4854,09/16/2014,09-September,3-Tuesday,12:40,1200 Hours,District 6 (East Central),HIAWATHA,LINN,,BLAIRS FERRY RD,Collision with:  Vehicle in traffic,On Roadway,Rear-end (front to rear),Driving too fast for conditions,None Indicated,,Daylight,Dry,Clear,None apparent,Non-intersection:  Other non-intersection (explain in narrative),Paved,,Property Damage Only,0,0,0,0,0,0,3500,2,2,,POINT (-91.676675181523 42.034745043959)
2014817210,2014-65276,09/16/2014,09-September,3-Tuesday,10:39,1000 Hours,District 6 (East Central),DAVENPORT,SCOTT,,W 16TH ST,Collision with:  Vehicle in traffic,On Roadway,"Sideswipe, opposite direction",FTYROW:  From parked position,None Indicated,,Daylight,Dry,Clear,None apparent,Non-intersection:  Non-junction/no special feature,Paved,,Property Damage Only,0,0,0,0,0,0,3000,2,2,,POINT (-90.57803123125 41.536194704517)
2014816994,14-4609,09/16/2014,09-September,3-Tuesday,13:17,1300 Hours,District 1 (Central),WEST DES MOINES,POLK,,RAILROAD AVE & 6TH ST,Non-collision events:  Overturn/rollover,On Roadway,Non-collision (single vehicle),Lost Control,None Indicated,,Daylight,Dry,Clear,None apparent,Non-intersection:  Non-junction/no special feature,Paved,,Possible/Unknown,0,1,0,0,1,0,4500,1,1,,POINT (-93.710284558815 41.569584090062)
2014819052,14-30532,09/16/2014,09-September,3-Tuesday,09:46,0900 Hours,District 3 (Northwest),SIOUX CITY,WOODBURY,,MILITARY RD & WEST ST,Collision with:  Parked motor vehicle,On Roadway,Broadside (front to side),Ran Stop Sign,Alcohol (Statutory),,Daylight,Dry,Clear,None apparent,Intersection:  Four-way intersection,Paved,,Property Damage Only,0,0,0,0,0,0,6000,2,1,,POINT (-96.430484562782 42.513689055411)
2014817095,14016223,09/16/2014,09-September,3-Tuesday,15:00,1500 Hours,District 2 (Northeast),MASON CITY,CERRO GORDO,,FRONTAGE RD N,Collision with:  Vehicle in traffic,On Roadway,Rear-end (front to rear),Other (explain in narrative):  Other,None Indicated,,Daylight,Dry,Clear,None apparent,Non-intersection:  Other non-intersection (explain in narrative),Paved,,Possible/Unknown,0,1,0,0,1,0,1700,2,3,,POINT (-93.246274532408 43.148580001204)
2014817246,2014010321,09/16/2014,09-September,3-Tuesday,15:32,1500 Hours,District 6 (East Central),IOWA CITY,JOHNSON,,MELROSE AVE,Collision with:  Vehicle in traffic,On Roadway,"Sideswipe, same direction",Made improper turn,None Indicated,,Daylight,Dry,Clear,None apparent,Non-intersection:  Non-junction/no special feature,Paved,,Possible/Unknown,0,1,0,0,1,0,9500,2,5,,POINT (-91.581679013537 41.657044244738)
2014817207,2014-65236,09/16/2014,09-September,3-Tuesday,07:12,0700 Hours,District 6 (East Central),DAVENPORT,SCOTT,,W CENTRAL PARK AVE,Collision with:  Vehicle in traffic,On Roadway,Rear-end (front to rear),Followed too close,None Indicated,,Daylight,Dry,Clear,None apparent,Non-intersection:  Non-junction/no special feature,Paved,,Property Damage Only,0,0,0,0,0,0,4000,3,3,,POINT (-90.601433237012 41.545493758662)
2014817313,14-003991,09/16/2014,09-September,3-Tuesday,17:35,1700 Hours,District 1 (Central),ANKENY,POLK,,NE DELAWARE AVE,Collision with:  Vehicle in traffic,On Roadway,Rear-end (front to rear),Other (explain in narrative):  Other,None Indicated,,Daylight,Dry,Clear,None apparent,Non-intersection:  Non-junction/no special feature,Paved,,Property Damage Only,0,0,0,0,0,0,20500,4,4,,POINT (-93.581047707276 41.743301198921)
2014817209,2014-65245,09/16/2014,09-September,3-Tuesday,07:39,0700 Hours,District 6 (East Central),DAVENPORT,SCOTT,,E GARFIELD ST & ARLINGTON AVE,Collision with:  Vehicle in traffic,On Roadway,Broadside (front to side),FTYROW:  From stop sign,None Indicated,,Daylight,Dry,Clear,None apparent,Intersection:  Four-way intersection,Paved,,Property Damage Only,0,0,0,0,0,0,6000,2,3,,POINT (-90.562211788357 41.548235031562)
2014821157,2014-037819,09/16/2014,09-September,3-Tuesday,08:49,0800 Hours,District 6 (East Central),DUBUQUE,DUBUQUE,,JOHN F KENNEDY RD & WACKER DR CONN,Collision with:  Vehicle in traffic,On Roadway,"Sideswipe, same direction",Improper or erratic lane changing,None Indicated,,Daylight,Dry,Clear,None apparent,Intersection:  Y-intersection,Paved,,Property Damage Only,0,0,0,0,0,0,10000,2,5,,POINT (-90.720040906194 42.495920942593)
2014817102,142816,09/16/2014,09-September,3-Tuesday,17:35,1700 Hours,District 3 (Northwest),DENISON,CRAWFORD,US 30,US 30/4TH AVE S & S 10TH ST,Collision with:  Vehicle in traffic,On Roadway,"Angle, oncoming left turn",Other (explain in narrative):  Other,None Indicated,,Daylight,Dry,Clear,None apparent,Non-intersection:  Non-junction/no special feature,Paved,,Property Damage Only,0,0,0,0,0,0,15000,2,3,,POINT (-95.359812958459 42.012400049097)
2014817212,S14-9360,09/16/2014,09-September,3-Tuesday,01:03,0100 Hours,District 3 (Northwest),,WOODBURY,US 20,US 20,Collision with fixed object:  Ditch,On Roadway,Non-collision (single vehicle),Ran off road - right,None Indicated,,Dark - roadway not lighted,Dry,Clear,None apparent,Non-intersection:  Non-junction/no special feature,Paved,,Major Injury,0,4,1,3,0,0,7007,1,4,,POINT (-96.12089613007 42.474867823074)
2014816974,20140027364,09/16/2014,09-September,3-Tuesday,08:35,0800 Hours,District 1 (Central),DES MOINES,POLK,,8TH ST,Collision with fixed object:  Curb/island/raised median,Shoulder,Non-collision (single vehicle),Crossed centerline (undivided),Alcohol (Statutory),,Daylight,Dry,Clear,None apparent,Non-intersection:  Non-junction/no special feature,Paved,,Property Damage Only,0,0,0,0,0,0,13500,1,2,,POINT (-93.627366281483 41.623812602875)
2014817412,GP20140761,09/16/2014,09-September,3-Tuesday,07:35,0700 Hours,District 1 (Central),GRINNELL,POWESHIEK,,2ND AVE,Collision with:  Parked motor vehicle,On Roadway,Rear-end (front to rear),Other (explain in narrative):  Vision obstructed,None Indicated,,Dawn,Dry,Clear,None apparent,Non-intersection:  Non-junction/no special feature,Paved,,Property Damage Only,0,0,0,0,0,0,7400,2,1,,POINT (-92.73214592818 41.74034191382)
2014819455,,09/16/2014,09-September,3-Tuesday,16:00,1600 Hours,District 6 (East Central),MAQUOKETA,JACKSON,,Co Rd Y53/200 AVE & 22 ST,Collision with:  Vehicle in traffic,On Roadway,Rear-end (front to rear),Unknown,None Indicated,,Daylight,,Clear,,,Paved,,Minor Injury,0,2,0,2,0,0,10000,2,2,,POINT (-90.665405702879 42.052541660197)
2014820042,14-039350,09/16/2014,09-September,3-Tuesday,12:47,1200 Hours,District 5 (Southeast),MUSCATINE,MUSCATINE,IA 22,IA 22/PARK AVE & CLEVELAND ST,Collision with:  Vehicle in traffic,On Roadway,"Angle, oncoming left turn",Ran Traffic Signal,None Indicated,,Daylight,Dry,Clear,None apparent,Intersection:  Other intersection (explain in narrative),Paved,,Minor Injury,0,2,0,2,0,0,2000,2,3,,POINT (-91.03019654407 41.451864930776)
2014817441,14013242,09/16/2014,09-September,3-Tuesday,14:05,1400 Hours,District 5 (Southeast),,APPANOOSE,,Co Rd J46/HWY J46,Non-collision events:  Other non-collision (explain in narrative),On Roadway,Non-collision (single vehicle),Crossed centerline (undivided),None Indicated,,Daylight,Dry,Clear,None apparent,Non-intersection:  Non-junction/no special feature,Paved,,Property Damage Only,0,0,0,0,0,0,2000,1,1,,POINT (-92.884939912111 40.696374449462)
2014821156,2014-037815,09/16/2014,09-September,3-Tuesday,07:22,0700 Hours,District 6 (East Central),DUBUQUE,DUBUQUE,,W LOCUST ST,Collision with:  Vehicle in traffic,On Roadway,"Angle, oncoming left turn",FTYROW:  Making left turn,None Indicated,,Daylight,Dry,Clear,None apparent,Non-intersection:  Driveway access (within),Paved,,Property Damage Only,0,0,0,0,0,0,14000,2,2,,POINT (-90.692329693423 42.507243931327)
2014817265,14-2881,09/16/2014,09-September,3-Tuesday,16:18,1600 Hours,District 1 (Central),FORT DODGE,WEBSTER,,2ND AVE S & S 4TH ST,Collision with fixed object:  Utility pole/light support,Outside trafficway,Non-collision (single vehicle),Ran off road - right,None Indicated,,Daylight,Dry,Clear,None apparent,Intersection:  Other intersection (explain in narrative),Paved,,Property Damage Only,0,0,0,0,0,0,5200,1,1,,POINT (-94.19223107391 42.502335174149)
2014816993,14-4603,09/16/2014,09-September,3-Tuesday,07:45,0700 Hours,District 1 (Central),WEST DES MOINES,POLK,,MILLS CIVIC PKWY,Collision with:  Vehicle in traffic,On Roadway,Rear-end (front to rear),Followed too close,None Indicated,,Daylight,Dry,Clear,None apparent,Non-intersection:  Non-junction/no special feature,Paved,,Property Damage Only,0,0,0,0,0,0,7000,2,2,,POINT (-93.790253377676 41.559091242065)
2014822478,2014053636,09/16/2014,09-September,3-Tuesday,12:40,1200 Hours,District 1 (Central),DES MOINES,POLK,,STATE CAPITOL COMPLEX,Collision with:  Parked motor vehicle,Unknown,"Sideswipe, opposite direction",Unknown,None Indicated,,Daylight,Dry,Clear,None apparent,Non-intersection:  Driveway access (within),Paved,,Property Damage Only,0,0,0,0,0,0,2500,2,1,,POINT (-93.598207319904 41.592550839022)
2014817099,14-007762,09/16/2014,09-September,3-Tuesday,16:00,1600 Hours,District 2 (Northeast),STRAWBERRY POINT,CLAYTON,,BUFFALO ST,Collision with:  Vehicle in traffic,On Roadway,Rear-end (front to rear),Other (explain in narrative):  No improper action,None Indicated,,Daylight,Dry,Clear,None apparent,Non-intersection:  Non-junction/no special feature,Paved,,Property Damage Only,0,0,0,0,0,0,1500,2,1,,POINT (-91.538962240054 42.68207047125)
2014817359,14-30569,09/16/2014,09-September,3-Tuesday,15:06,1500 Hours,District 3 (Northwest),SIOUX CITY,WOODBURY,,W EDMUNDS AVE & HARRIS ST,Collision with:  Vehicle in traffic,On Roadway,"Sideswipe, opposite direction",Crossed centerline (undivided),None Indicated,,Daylight,Dry,Clear,None apparent,Non-intersection:  Non-junction/no special feature,Unpaved,,Minor Injury,0,1,0,1,0,0,2500,2,4,,POINT (-96.449976328326 42.506719099521)
2014817362,14-30607,09/16/2014,09-September,3-Tuesday,20:27,2000 Hours,District 3 (Northwest),SIOUX CITY,WOODBURY,,W 4TH ST,Collision with:  Parked motor vehicle,On Roadway,"Sideswipe, same direction",Lost Control,None Indicated,,Dark - roadway lighted,Dry,Clear,None apparent,Non-intersection:  Non-junction/no special feature,Paved,,Property Damage Only,0,0,0,0,0,0,4000,2,1,,POINT (-96.430777774103 42.500371693607)
2014817094,14016208,09/16/2014,09-September,3-Tuesday,15:54,1500 Hours,District 2 (Northeast),MASON CITY,CERRO GORDO,,12TH ST NW & N MADISON AVE,Collision with:  Vehicle in traffic,On Roadway,Rear-end (front to rear),Followed too close,None Indicated,,Daylight,Dry,Clear,None apparent,Non-intersection:  Non-junction/no special feature,Paved,,Property Damage Only,0,0,0,0,0,0,1700,2,3,,POINT (-93.207767202161 43.162748979585)
2014909178,085-14,09/16/2014,09-September,3-Tuesday,21:30,2100 Hours,District 4 (Southwest),,MADISON,,NORWOOD AVE,Collision with fixed object:  Ditch,On Roadway,Non-collision (single vehicle),Ran off road - right,None Indicated,,Dark - roadway not lighted,"Mud, dirt",Clear,None apparent,Non-intersection:  Non-junction/no special feature,Unpaved,,Possible/Unknown,0,1,0,0,1,0,5000,1,1,,POINT (-93.984126553579 41.325150888895)
2014817855,14093264,09/16/2014,09-September,3-Tuesday,18:18,1800 Hours,District 2 (Northeast),CEDAR FALLS,BLACK HAWK,,UNIVERSITY AVE & ROWND ST,Collision with:  Vehicle in traffic,On Roadway,"Angle, oncoming left turn",FTYROW:  Making left turn,None Indicated,,Daylight,Dry,Clear,None apparent,Intersection:  Four-way intersection,Paved,,Property Damage Only,0,0,0,0,0,0,3000,2,2,,POINT (-92.420986095089 42.509766926663)
2014817336,14-002139,09/16/2014,09-September,3-Tuesday,07:35,0700 Hours,District 1 (Central),ALTOONA,POLK,,ADVENTURELAND DR,Collision with:  Vehicle in traffic,On Roadway,Rear-end (front to rear),Other (explain in narrative):  Other,None Indicated,,Daylight,Dry,Clear,None apparent,Non-intersection:  Non-junction/no special feature,Paved,,Property Damage Only,0,0,0,0,0,0,4000,2,4,,POINT (-93.464655396301 41.663127220236)
2014817295,,09/16/2014,09-September,3-Tuesday,07:50,0700 Hours,District 1 (Central),DYSART,TAMA,,TILFORD ST,Collision with:  Parked motor vehicle,On Roadway,"Sideswipe, same direction","Operating vehicle in an reckless, erratic, careless, negligent manner",None Indicated,,Daylight,Dry,Clear,None apparent,Non-intersection:  Non-junction/no special feature,Paved,,Minor Injury,0,1,0,1,0,0,6000,2,2,,POINT (-92.309124361386 42.168078201716)
2014818474,2014053606,09/16/2014,09-September,3-Tuesday,07:25,0700 Hours,District 1 (Central),,POLK,I-35,I-35,Collision with:  Vehicle in traffic,On Roadway,Rear-end (front to rear),Followed too close,None Indicated,,Daylight,Dry,Clear,None apparent,Non-intersection:  Non-junction/no special feature,Paved,,Property Damage Only,0,0,0,0,0,0,4000,2,2,,POINT (-93.607452644938 41.6495269668)
2014817358,14-30548,09/16/2014,09-September,3-Tuesday,12:35,1200 Hours,District 3 (Northwest),SIOUX CITY,WOODBURY,,S YORK ST,Collision with:  Vehicle in traffic,On Roadway,"Sideswipe, same direction",FTYROW:  From driveway,None Indicated,,Daylight,Dry,Clear,None apparent,Non-intersection:  Driveway access (within),Paved,,Property Damage Only,0,0,0,0,0,0,8000,2,2,,POINT (-96.37199109586 42.434278271272)
2014817116,14140832,09/16/2014,09-September,3-Tuesday,18:14,1800 Hours,District 6 (East Central),HILLS,JOHNSON,US 218,US 218,Collision with:  Vehicle in traffic,On Roadway,"Sideswipe, same direction",Equipment failure,None Indicated,,Daylight,Dry,Clear,None apparent,Non-intersection:  Non-junction/no special feature,Paved,,Property Damage Only,0,0,0,0,0,0,4500,2,2,,POINT (-91.549610328489 41.603584303803)
2014821237,14-080,09/16/2014,09-September,3-Tuesday,07:40,0700 Hours,District 3 (Northwest),SIOUX CENTER,SIOUX,,9TH ST NE,Collision with:  Parked motor vehicle,On Roadway,Rear-end (front to rear),Other (explain in narrative):  Vision obstructed,None Indicated,,Daylight,Dry,Other (explain in narrative),None apparent,Non-intersection:  Non-junction/no special feature,Paved,,Property Damage Only,0,0,0,0,0,0,3500,2,1,,POINT (-96.167049234759 43.086383017464)