Iowa DOT Case Number,Law Enforcement Case Number,Date of Crash,Month of Crash,Day of Week,Time of Crash,Hour,DOT District,City Name,County Name,Route with System,Location Description,First Harmful Event,Location of First Harmful Event,Manner of Crash/Collision,Major Cause,Drug or Alcohol ,Environmental Conditions,Light Conditions,Surface Conditions,Weather Conditions,Roadway Contribution,Roadway Type,Roadway Surface,Work Zone,Crash Severity,Number of Fatalities,Number of Injuries,Number of Major Injuries,Number of Minor Injuries,Number of Possible Injuries,Number of Unknown Injuries,Amount of Property Damage,Number of Vehicles Involved,Total Number of Occupants,Travel Direction,Location
2014817357,14-30517,09/16/2014,09-September,3-Tuesday,07:22,0700 Hours,District 3 (Northwest),SIOUX CITY,WOODBURY,,JACKSON ST,Collision with:  Vehicle in traffic,On Roadway,Broadside (front to side),FTYROW:  From driveway,None Indicated,,Daylight,Dry,Clear,None apparent,Non-intersection:  Driveway access (within),Paved,,Minor Injury,0,2,0,2,0,0,8000,2,5,,POINT (-96.402338126541 42.52410085186)
2014817953,2014053605,09/16/2014,09-September,3-Tuesday,07:50,0700 Hours,District 1 (Central),DES MOINES,POLK,I-35,I-35,Collision with:  Vehicle in traffic,On Roadway,Rear-end (front to rear),Swerving/Evasive Action,None Indicated,,Daylight,Dry,Clear,None apparent,Non-intersection:  Non-junction/no special feature,Paved,,Property Damage Only,0,0,0,0,0,0,3500,2,3,,POINT (-93.629752837742 41.649479008004)
2014819202,2014053671,09/16/2014,09-September,3-Tuesday,13:15,1300 Hours,District 5 (Southeast),OSCEOLA,CLARKE,I-35,I-35,Non-collision events:  Overturn/rollover,On Roadway,Non-collision (single vehicle),Lost Control,None Indicated,,Daylight,Dry,Cloudy,None apparent,Interchange-related:  Off-ramp,Paved,,Major Injury,0,1,1,0,0,0,20000,1,1,,POINT (-93.794603940426 41.025447072519)
2014816934,14-6950,09/16/2014,09-September,3-Tuesday,07:43,0700 Hours,District 3 (Northwest),,IDA,,Co Rd D37/210TH ST & Co Rd L67/EAGLE AVE,Collision with:  Vehicle in traffic,On Roadway,Broadside (front to side),FTYROW:  From stop sign,None Indicated,,Daylight,Dry,Clear,None apparent,Intersection:  Four-way intersection,Paved,,Possible/Unknown,0,1,0,0,1,0,5250,2,2,,POINT (-95.573584527395 42.399315378721)
2014817117,14002028,09/16/2014,09-September,3-Tuesday,20:25,2000 Hours,District 6 (East Central),IOWA CITY,JOHNSON,,BYINGTON RD,Collision with:  Vehicle in traffic,On Roadway,Rear-end (front to rear),Lost Control,None Indicated,,Dark - roadway not lighted,Dry,Clear,None apparent,Non-intersection:  Non-junction/no special feature,Paved,,Property Damage Only,0,0,0,0,0,0,1600,2,1,,POINT (-91.543645229338 41.658559059637)
2014817115,SO1403914,09/16/2014,09-September,3-Tuesday,23:34,2300 Hours,District 5 (Southeast),,JEFFERSON,,SPRUCE AVE,Collision with:  Animal,,,Animal,None Indicated,,,,,,,Unpaved,,Property Damage Only,0,0,0,0,0,0,3000,1,1,,POINT (-91.832938362692 41.050273904515)
2014817468,201413773,09/16/2014,09-September,3-Tuesday,17:17,1700 Hours,District 6 (East Central),CEDAR RAPIDS,LINN,,F AVE NW & 9TH ST NW,Collision with:  Vehicle in traffic,On Roadway,Broadside (front to side),Ran Stop Sign,None Indicated,,Daylight,Dry,Clear,None apparent,Intersection:  Four-way intersection,Paved,,Property Damage Only,0,0,0,0,0,0,4000,2,2,,POINT (-91.684805939857 41.979043835244)
2014817314,14-003992,09/16/2014,09-September,3-Tuesday,18:53,1800 Hours,District 1 (Central),ANKENY,POLK,US 69,US 69/S ANKENY BLVD/N ANKENY BLVD & W 1ST ST & E 1ST ST,Collision with:  Vehicle in traffic,On Roadway,"Angle, oncoming left turn",FTYROW:  Making left turn,None Indicated,,Daylight,Dry,Clear,None apparent,Intersection:  Four-way intersection,Paved,,Property Damage Only,0,0,0,0,0,0,5480,2,2,,POINT (-93.600375962325 41.731870994936)
2014818240,02610,09/16/2014,09-September,3-Tuesday,17:22,1700 Hours,District 6 (East Central),DYERSVILLE,DELAWARE,US 20,US 20 & 221ST ST & 7TH ST SW,Collision with:  Vehicle in traffic,On Roadway,Broadside (front to side),FTYROW:  From stop sign,None Indicated,,Daylight,Dry,Clear,None apparent,Intersection:  Other intersection (explain in narrative),Paved,,Property Damage Only,0,0,0,0,0,0,9000,2,3,,POINT (-91.13419329446 42.47115721858)
2014817577,,09/16/2014,09-September,3-Tuesday,07:20,0700 Hours,District 2 (Northeast),APLINGTON,BUTLER,IA 57,IA 57/PARRIOTT ST & 6TH ST,Collision with fixed object:  Utility pole/light support,Shoulder,Non-collision (single vehicle),Ran off road - right,None Indicated,,Daylight,Dry,Clear,None apparent,Intersection:  T-intersection,Paved,,Property Damage Only,0,0,0,0,0,0,2500,1,1,,POINT (-92.878777982447 42.584013434061)
2014817131,20140027455,09/16/2014,09-September,3-Tuesday,22:05,2200 Hours,District 1 (Central),DES MOINES,POLK,,FRANKLIN AVE & 2ND AVE,Collision with:  Vehicle in traffic,On Roadway,Head-on (front to front),FTYROW:  Making left turn,None Indicated,,Dark - roadway lighted,Dry,Clear,None apparent,Intersection:  T-intersection,Paved,,Minor Injury,0,2,0,1,0,1,7000,2,4,,POINT (-93.619815671217 41.611279502774)
2014818239,RJT09161401,09/16/2014,09-September,3-Tuesday,12:30,1200 Hours,District 5 (Southeast),OSCEOLA,CLARKE,,W JEFFERSON ST & S JACKSON ST & N JACKSON ST,Collision with:  Vehicle in traffic,On Roadway,Broadside (front to side),Ran Stop Sign,None Indicated,,Daylight,Dry,Cloudy,None apparent,Intersection:  Four-way intersection,Paved,,Possible/Unknown,0,1,0,0,1,0,15500,3,2,,POINT (-93.769468270046 41.033454655264)
2014817377,2014-18086,09/16/2014,09-September,3-Tuesday,17:20,1700 Hours,District 6 (East Central),BETTENDORF,SCOTT,US 67,US 67/STATE ST & GEORGE THUENEN DR & 17TH ST,Collision with:  Vehicle in traffic,On Roadway,Rear-end (front to rear),Other (explain in narrative):  Other,None Indicated,,Daylight,Dry,Clear,Work Zone (roadway-related),Intersection:  Four-way intersection,Paved,Yes,Property Damage Only,0,0,0,0,0,0,4000,2,4,,POINT (-90.508556440628 41.525261950439)
2014817361,14-30589,09/16/2014,09-September,3-Tuesday,18:16,1800 Hours,District 3 (Northwest),SIOUX CITY,WOODBURY,,S PAXTON ST & BUSHNELL AVE,Collision with:  Parked motor vehicle,On Roadway,"Sideswipe, same direction",Lost Control,None Indicated,,Unknown,Dry,Clear,None apparent,Intersection:  Four-way intersection,Paved,,Property Damage Only,0,0,0,0,0,0,3500,2,777,,POINT (-96.365823908671 42.463463417402)
2014817373,14093315,09/16/2014,09-September,3-Tuesday,20:46,2000 Hours,District 2 (Northeast),CEDAR FALLS,BLACK HAWK,IA 57,IA 57/1ST ST & N MAIN ST,Collision with:  Vehicle in traffic,On Roadway,Broadside (front to side),Ran Traffic Signal,None Indicated,,Dark - roadway lighted,Dry,Clear,None apparent,Unknown,Paved,,Possible/Unknown,0,2,0,0,0,2,7000,2,2,,POINT (-92.445483842636 42.5378781208)
2014819749,2014003340,09/16/2014,09-September,3-Tuesday,17:15,1700 Hours,District 6 (East Central),,LINN,US 151,US 151 & BERTRAM RD,Collision with:  Vehicle in traffic,On Roadway,Broadside (front to side),FTYROW:  From stop sign,None Indicated,,Daylight,Dry,Clear,"Surface condition (e.g., wet, icy)",Intersection:  Four-way intersection,Paved,,Major Injury,0,2,2,0,0,0,24000,2,3,,POINT (-91.554795819465 41.958756199255)
2014816939,14019582,09/16/2014,09-September,3-Tuesday,07:48,0700 Hours,District 6 (East Central),MARION,LINN,,GRAND AVE & S 22ND ST,Collision with:  Vehicle in traffic,On Roadway,Broadside (front to side),FTYROW:  Other (explain in narrative),None Indicated,,Daylight,Dry,Clear,None apparent,Intersection:  Four-way intersection,Paved,,Possible/Unknown,0,1,0,0,1,0,4000,2,3,,POINT (-91.588838415829 42.020378186517)
2014817098,14-007747,09/16/2014,09-September,3-Tuesday,06:33,0600 Hours,District 2 (Northeast),,CLAYTON,IA 3,IA 3/IOWA 3,Collision with:  Animal,,,Animal,None Indicated,,,,,,,Paved,,Property Damage Only,0,0,0,0,0,0,6000,1,1,,POINT (-91.59110733303 42.687892905637)
2014817222,14-33001,09/16/2014,09-September,3-Tuesday,09:36,0900 Hours,District 5 (Southeast),BURLINGTON,DES MOINES,,LINCOLN ST,Collision with:  Vehicle in traffic,On Roadway,"Sideswipe, opposite direction",FTYROW:  Other (explain in narrative),None Indicated,,Daylight,Dry,Clear,None apparent,Non-intersection:  Non-junction/no special feature,Paved,,Property Damage Only,0,0,0,0,0,0,1500,2,1,,POINT (-91.114784415816 40.826821207556)
2014817466,201413734,09/16/2014,09-September,3-Tuesday,07:48,0700 Hours,District 6 (East Central),CEDAR RAPIDS,LINN,I-380,I-380,Collision with:  Vehicle in traffic,On Roadway,Rear-end (front to rear),Unknown,None Indicated,,Daylight,Dry,Clear,None apparent,Non-intersection:  Non-junction/no special feature,Paved,,Minor Injury,0,1,0,1,0,0,22000,7,7,,POINT (-91.670047711394 41.942883940173)
2014817234,2014010325,09/16/2014,09-September,3-Tuesday,16:53,1600 Hours,District 6 (East Central),IOWA CITY,JOHNSON,,E WASHINGTON ST & S CLINTON ST,Collision with:  Vehicle in traffic,On Roadway,"Sideswipe, same direction",Made improper turn,None Indicated,,Daylight,Dry,Clear,None apparent,Intersection:  Four-way intersection,Paved,,Property Damage Only,0,0,0,0,0,0,2500,2,3,,POINT (-91.534626774413 41.660092669444)
2014821159,2014-037837,09/16/2014,09-September,3-Tuesday,17:21,1700 Hours,District 6 (East Central),DUBUQUE,DUBUQUE,,PENNSYLVANIA AVE & SHARON DR,Collision with:  Vehicle in traffic,On Roadway,Rear-end (front to rear),Lost Control,None Indicated,,Daylight,Dry,Clear,None apparent,Non-intersection:  Non-junction/no special feature,Paved,,Property Damage Only,0,0,0,0,0,0,12000,3,6,,POINT (-90.728806753806 42.500507653668)
2014817514,14-001124,09/16/2014,09-September,3-Tuesday,07:27,0700 Hours,District 1 (Central),JOHNSTON,POLK,,NW 62ND AVE,Collision with:  Vehicle in traffic,On Roadway,Rear-end (front to rear),FTYROW:  Other (explain in narrative),None Indicated,,Daylight,Dry,Clear,None apparent,Intersection:  Four-way intersection,Paved,,Possible/Unknown,0,1,0,0,0,1,22000,3,3,,POINT (-93.748024235758 41.672945248777)
2014817360,14-30574,09/16/2014,09-September,3-Tuesday,15:59,1500 Hours,District 3 (Northwest),SIOUX CITY,WOODBURY,IA 12,IA 12/GORDON DR,Collision with:  Vehicle in traffic,On Roadway,Rear-end (front to rear),Other (explain in narrative):  Other,None Indicated,,Daylight,Dry,Clear,Work Zone (roadway-related),Non-intersection:  Other non-intersection (explain in narrative),Paved,Yes,Property Damage Only,0,0,0,0,0,0,2000,3,3,,POINT (-96.39624161534 42.489785753686)
2014817582,,09/16/2014,09-September,3-Tuesday,07:34,0700 Hours,District 4 (Southwest),GREENFIELD,ADAIR,,SE NOBLE ST,Collision with:  Parked motor vehicle,On Roadway,Rear-end (front to rear),Illegally Parked/Unattended,None Indicated,,Daylight,Dry,Clear,None apparent,Non-intersection:  Non-junction/no special feature,Paved,,Property Damage Only,0,0,0,0,0,0,6100,3,1,,POINT (-94.455459547614 41.300212940322)
2014817594,W14-093209,09/16/2014,09-September,3-Tuesday,15:15,1500 Hours,District 2 (Northeast),WATERLOO,BLACK HAWK,,E 5TH ST & FRANKLIN ST,Collision with:  Non-motorist (see non-motorist section - NOT a unit),On Roadway,Non-collision (single vehicle),FTYROW:  To pedestrian,None Indicated,,Daylight,Dry,Clear,None apparent,Intersection:  Four-way intersection,Paved,,Major Injury,0,1,1,0,0,0,0,1,1,,POINT (-92.332074868317 42.499926176457)
2014825498,14-007102,09/16/2014,09-September,3-Tuesday,19:49,1900 Hours,District 4 (Southwest),PERRY,DALLAS,,12TH ST,Collision with:  Vehicle in traffic,On Roadway,Rear-end (front to rear),"Operating vehicle in an reckless, erratic, careless, negligent manner",None Indicated,,Dark - roadway lighted,Dry,Clear,None apparent,Non-intersection:  Non-junction/no special feature,Paved,,Property Damage Only,0,0,0,0,0,0,5000,2,2,,POINT (-94.0920459119 41.838205303305)
2014816950,14-6072,09/16/2014,09-September,3-Tuesday,07:15,0700 Hours,District 1 (Central),GRIMES,POLK,,S 11TH ST,Collision with:  Vehicle in traffic,On Roadway,Rear-end (front to rear),Followed too close,None Indicated,,Daylight,Dry,Clear,None apparent,Non-intersection:  Non-junction/no special feature,Paved,,Property Damage Only,0,0,0,0,0,0,14000,3,3,,POINT (-93.774888943736 41.680207106357)
2014817138,20140027419,09/16/2014,09-September,3-Tuesday,15:00,1500 Hours,District 1 (Central),DES MOINES,POLK,,DELAWARE AVE,Collision with:  Vehicle in traffic,On Roadway,Rear-end (front to rear),Followed too close,None Indicated,,Daylight,Dry,Clear,None apparent,Non-intersection:  Non-junction/no special feature,Paved,,Possible/Unknown,0,1,0,0,1,0,3500,2,2,,POINT (-93.581309207259 41.632170218261)
2014817068,EP14-1773,09/16/2014,09-September,3-Tuesday,08:46,0800 Hours,District 2 (Northeast),EAGLE GROVE,WRIGHT,IA 17,IA 17/COMMERCIAL AVE,Collision with:  Vehicle in traffic,On Roadway,Rear-end (front to rear),Improper Backing,None Indicated,,Daylight,Dry,Clear,Work Zone (roadway-related),Non-intersection:  Railroad grade crossing,Paved,Yes,Property Damage Only,0,0,0,0,0,0,2500,2,3,,POINT (-93.904416231184 42.655695794242)
2014816996,14093131,09/16/2014,09-September,3-Tuesday,10:06,1000 Hours,District 2 (Northeast),CEDAR FALLS,BLACK HAWK,,UNIVERSITY AVE & VALLEY PARK DR,Collision with:  Vehicle in traffic,On Roadway,Broadside (front to side),Unknown,None Indicated,,Daylight,Dry,Clear,None apparent,Intersection:  Four-way intersection,Paved,,Property Damage Only,0,0,0,0,0,0,1500,2,3,,POINT (-92.436768184775 42.513078667064)
2014816997,14093149,09/16/2014,09-September,3-Tuesday,11:24,1100 Hours,District 2 (Northeast),CEDAR FALLS,BLACK HAWK,IA 57,IA 57/1ST ST,Non-collision events:  Other non-collision (explain in narrative),Outside trafficway,Non-collision (single vehicle),Other (explain in narrative):  Other,None Indicated,,Daylight,Dry,Clear,None apparent,Non-intersection:  Non-junction/no special feature,Paved,,Major Injury,0,1,1,0,0,0,1500,1,1,,POINT (-92.462959076251 42.537862288219)
2014817971,,09/16/2014,09-September,3-Tuesday,09:30,0900 Hours,District 6 (East Central),CEDAR RAPIDS,LINN,,HIGH POINT DR SW & AMHURST DR SW,Collision with:  Vehicle in traffic,On Roadway,Rear-end (front to rear),Unknown,None Indicated,,Daylight,Dry,Clear,,Intersection:  T-intersection,Paved,,Property Damage Only,0,0,0,0,0,0,3200,2,2,,POINT (-91.757519551304 41.966560382125)
2014817581,,09/17/2014,09-September,4-Wednesday,12:17,1200 Hours,District 6 (East Central),BELLEVUE,JACKSON,US 52,US 52/1ST ST & PARK ST,Collision with:  Non-motorist (see non-motorist section - NOT a unit),On Roadway,Non-collision (single vehicle),FTYROW:  To pedestrian,None Indicated,,Daylight,Dry,Clear,None apparent,Non-intersection:  Non-junction/no special feature,Paved,,Minor Injury,0,1,0,1,0,0,0,1,1,,POINT (-90.423771418188 42.260403436112)
2014817327,20140027584,09/17/2014,09-September,4-Wednesday,21:18,2100 Hours,District 1 (Central),DES MOINES,POLK,,UNIVERSITY AVE & 19TH ST,Collision with:  Vehicle in traffic,On Roadway,Broadside (front to side),Ran Traffic Signal,None Indicated,,Dark - roadway lighted,Dry,Clear,None apparent,Intersection:  Four-way intersection,Paved,,Possible/Unknown,0,1,0,0,1,0,4000,2,6,,POINT (-93.642583007686 41.600372854012)
2014820323,14-223,09/17/2014,09-September,4-Wednesday,12:28,1200 Hours,District 4 (Southwest),,TAYLOR,,110TH ST,Collision with fixed object:  Culvert/pipe opening,Roadside,Non-collision (single vehicle),Ran off road - left,None Indicated,,Daylight,"Mud, dirt",Clear,Work Zone (roadway-related),Non-intersection:  Non-junction/no special feature,Unpaved,Yes,Property Damage Only,0,0,0,0,0,0,7500,1,3,,POINT (-94.71444506122 40.885416031107)
2014822191,14-08958,09/17/2014,09-September,4-Wednesday,12:16,1200 Hours,District 5 (Southeast),MOUNT PLEASANT,HENRY,,N CHERRY ST,Collision with:  Vehicle in traffic,On Roadway,Rear-end (front to rear),Other (explain in narrative):  Vision obstructed,None Indicated,,Daylight,Dry,Cloudy,None apparent,Intersection:  T-intersection,Paved,,Property Damage Only,0,0,0,0,0,0,9700,2,1,,POINT (-91.540605595577 40.973681721595)
2014817568,14-194,09/17/2014,09-September,4-Wednesday,14:34,1400 Hours,District 2 (Northeast),WAVERLY,BREMER,IA 3,IA 3/BREMER AVE,Collision with:  Vehicle in traffic,On Roadway,Rear-end (front to rear),Other (explain in narrative):  Other,None Indicated,,Daylight,Dry,Clear,None apparent,Non-intersection:  Non-junction/no special feature,Paved,,Property Damage Only,0,0,0,0,0,0,3500,2,4,,POINT (-92.468657298327 42.725800515457)
2014817456,14-6987,09/17/2014,09-September,4-Wednesday,12:42,1200 Hours,District 3 (Northwest),,IDA,US 20,US 20 & DODGE AVE,Collision with:  Vehicle in traffic,On Roadway,"Sideswipe, opposite direction",Other (explain in narrative):  No improper action,None Indicated,,Daylight,Dry,Clear,None apparent,Non-intersection:  Non-junction/no special feature,Paved,,Possible/Unknown,0,1,0,0,1,0,5000,2,2,,POINT (-95.584073710414 42.474812558163)
2014819119,2014-012814,09/17/2014,09-September,4-Wednesday,06:40,0600 Hours,District 6 (East Central),SAGEVILLE,DUBUQUE,IA 32,IA 32,Collision with:  Animal,,,Animal,None Indicated,,,,,,,Paved,,Property Damage Only,0,0,0,0,0,0,3000,1,1,,POINT (-90.69528708341 42.539028803558)
2014817401,14-33210,09/17/2014,09-September,4-Wednesday,18:34,1800 Hours,District 5 (Southeast),BURLINGTON,DES MOINES,US 61,US 61 & W ROOSEVELT FRONTAGE CONN,Collision with:  Vehicle in traffic,On Roadway,Broadside (front to side),FTYROW:  From stop sign,None Indicated,,Daylight,Dry,Cloudy,None apparent,Intersection:  Four-way intersection,Paved,,Property Damage Only,0,0,0,0,0,0,9000,2,3,,POINT (-91.141392768934 40.82307345346)
2014817742,14-30714,09/17/2014,09-September,4-Wednesday,14:56,1400 Hours,District 3 (Northwest),SIOUX CITY,WOODBURY,,TRANSIT AVE & S GLASS ST,Collision with:  Vehicle in traffic,On Roadway,Rear-end (front to rear),Followed too close,None Indicated,,Daylight,Dry,Clear,None apparent,Intersection:  Four-way intersection,Paved,,Property Damage Only,0,0,0,0,0,0,2000,2,2,,POINT (-96.362281553355 42.470437970842)
2014818225,14-012584,09/17/2014,09-September,4-Wednesday,22:58,2200 Hours,District 2 (Northeast),,FAYETTE,,D AVE,Collision with:  Animal,On Roadway,Non-collision (single vehicle),Animal,None Indicated,,Dark - roadway not lighted,Dry,Clear,None apparent,Non-intersection:  Non-junction/no special feature,Unpaved,,Minor Injury,0,1,0,1,0,0,2000,1,1,,POINT (-91.665489169791 42.723526446921)
2014817724,14-004356,09/17/2014,09-September,4-Wednesday,12:42,1200 Hours,District 1 (Central),AMES,STORY,,DAWES DR,Non-collision events:  Other non-collision (explain in narrative),Shoulder,Non-collision (single vehicle),Ran off road - left,None Indicated,,Daylight,Dry,Clear,None apparent,Non-intersection:  Non-junction/no special feature,Paved,,Possible/Unknown,0,1,0,0,0,1,3300,1,1,,POINT (-93.623784920396 42.062384862163)
2014817370,2104-65655,09/17/2014,09-September,4-Wednesday,17:04,1700 Hours,District 6 (East Central),DAVENPORT,SCOTT,,IA 461/HARRISON ST,Collision with:  Vehicle in traffic,On Roadway,Rear-end (front to rear),Other (explain in narrative):  Other,None Indicated,,Daylight,Dry,Clear,None apparent,Non-intersection:  Non-junction/no special feature,Paved,,Minor Injury,0,1,0,1,0,0,8772,2,2,,POINT (-90.576946313222 41.555292422849)
2014820355,144947,09/17/2014,09-September,4-Wednesday,12:30,1200 Hours,District 1 (Central),IOWA FALLS,HARDIN,US 65,US 65/OAK ST & BROOKS RD & RIVERSIDE DR,Collision with:  Vehicle in traffic,On Roadway,Broadside (front to side),Ran Traffic Signal,None Indicated,,Daylight,Dry,Clear,None apparent,Intersection:  Four-way intersection,Paved,,Property Damage Only,0,0,0,0,0,0,5000,2,4,,POINT (-93.262412699047 42.507110695636)
2014823230,2014-65859,09/17/2014,09-September,4-Wednesday,21:00,2100 Hours,District 6 (East Central),DAVENPORT,SCOTT,,COLLEGE AVE,Collision with:  Parked motor vehicle,On Roadway,Rear-end (front to rear),Lost Control,None Indicated,,Dark - roadway lighted,Dry,Clear,None apparent,Non-intersection:  Non-junction/no special feature,Paved,,Property Damage Only,0,0,0,0,0,0,3000,2,1,,POINT (-90.556434714747 41.53036975021)
2014818234,14-093619,09/17/2014,09-September,4-Wednesday,16:39,1600 Hours,District 2 (Northeast),JANESVILLE,BLACK HAWK,US 218,US 218 & Co Rd C57/W CEDAR-WAPSI RD,Collision with:  Vehicle in traffic,On Roadway,Broadside (front to side),Ran Stop Sign,None Indicated,,Daylight,Dry,Clear,None apparent,Intersection:  Four-way intersection,Paved,,Minor Injury,0,1,0,1,0,0,10000,2,2,,POINT (-92.443579843538 42.613742112718)
2014817147,14-0812,09/17/2014,09-September,4-Wednesday,18:12,1800 Hours,District 1 (Central),WINDSOR HEIGHTS,POLK,IA 28,IA 28/63RD ST & FRANKLIN AVE,Collision with:  Vehicle in traffic,On Roadway,Broadside (front to side),Ran Stop Sign,None Indicated,,Daylight,Dry,Clear,None apparent,Intersection:  Four-way intersection,Paved,,Minor Injury,0,1,0,1,0,0,10000,2,4,,POINT (-93.703744433161 41.611255722731)
2014817439,,09/17/2014,09-September,4-Wednesday,00:51,0000 Hours,District 5 (Southeast),,LUCAS,US 34,US 34,Collision with:  Vehicle in traffic,Roadside,"Sideswipe, opposite direction",Ran off road - right,None Indicated,,Dark - roadway not lighted,Dry,Clear,None apparent,Non-intersection:  Non-junction/no special feature,Paved,,Minor Injury,0,2,0,2,0,0,10000,2,2,,POINT (-93.431461250616 41.032080844437)
2014817567,14-008432,09/17/2014,09-September,4-Wednesday,15:21,1500 Hours,District 6 (East Central),INDEPENDENCE,BUCHANAN,,1ST ST W,Collision with:  Vehicle in traffic,On Roadway,Broadside (front to side),FTYROW:  From driveway,None Indicated,,Daylight,Dry,Clear,None apparent,Non-intersection:  Driveway access (within),Paved,,Property Damage Only,0,0,0,0,0,0,2500,2,2,,POINT (-91.906648052469 42.468550035581)
2014817873,14-028921,09/17/2014,09-September,4-Wednesday,13:50,1300 Hours,District 5 (Southeast),MONTROSE,LEE,US 61,US 61 & US 218,Collision with:  Vehicle in traffic,On Roadway,Rear-end (front to rear),FTYROW:  From parked position,None Indicated,,Daylight,Dry,Clear,None apparent,Intersection:  Other intersection (explain in narrative),Paved,,Property Damage Only,0,0,0,0,0,0,2500,2,2,,POINT (-91.441695849929 40.512593345003)
2014818125,001,09/17/2014,09-September,4-Wednesday,07:00,0700 Hours,District 2 (Northeast),,BLACK HAWK,,Co Rd C57/E CEDAR-WAPSI RD,Collision with:  Animal,,,Animal,None Indicated,,,,,,,Paved,,Property Damage Only,0,0,0,0,0,0,2000,1,1,,POINT (-92.156073180986 42.613380883349)
2014819053,14-30661,09/17/2014,09-September,4-Wednesday,09:07,0900 Hours,District 3 (Northwest),SIOUX CITY,WOODBURY,,DACE AVE,Collision with:  Vehicle in traffic,On Roadway,Rear-end (front to rear),Followed too close,None Indicated,,Daylight,Dry,Clear,None apparent,Non-intersection:  Railroad grade crossing,Paved,,Property Damage Only,0,0,0,0,0,0,2000,2,2,,POINT (-96.389640852865 42.488765782908)
2014828342,14090389,09/17/2014,09-September,4-Wednesday,06:49,0600 Hours,District 5 (Southeast),,WAPELLO,,EDDYVILLE RD,Collision with:  Animal,,,Animal,None Indicated,,,,,,,Paved,,Property Damage Only,0,0,0,0,0,0,4000,1,1,,POINT (-92.449310343902 41.047039778486)
2014817973,,09/17/2014,09-September,4-Wednesday,18:30,1800 Hours,District 6 (East Central),CEDAR RAPIDS,LINN,IA 922,IA 922/WILLIAMS BLVD & WILEY BLVD SW,Collision with:  Vehicle in traffic,On Roadway,Rear-end (front to rear),Unknown,None Indicated,,Dusk,Dry,Clear,,Intersection:  Four-way intersection,Paved,,Property Damage Only,0,0,0,0,0,0,9000,2,5,,POINT (-91.724693712145 41.952069201514)
2014817375,14-18172,09/17/2014,09-September,4-Wednesday,17:29,1700 Hours,District 6 (East Central),BETTENDORF,SCOTT,I-74,I-74,Collision with:  Vehicle in traffic,On Roadway,Rear-end (front to rear),Driving too fast for conditions,None Indicated,,Daylight,Dry,Clear,None apparent,Non-intersection:  Other non-intersection (explain in narrative),Paved,,Property Damage Only,0,0,0,0,0,0,3000,2,2,,POINT (-90.513200059538 41.520111800907)
2014817371,2014-19200,09/17/2014,09-September,4-Wednesday,20:23,2000 Hours,District 6 (East Central),,SCOTT,,Co Rd Y52/115 AVE & RIVER CAMP RD,Collision with:  Animal,,,Animal,None Indicated,,,,,,,Paved,,Property Damage Only,0,0,0,0,0,0,2000,1,1,,POINT (-90.675108127515 41.734646080802)
2014819724,14-014554,09/17/2014,09-September,4-Wednesday,17:34,1700 Hours,District 2 (Northeast),CHARLES CITY,FLOYD,,RIVERSIDE DR,Collision with:  Vehicle in traffic,On Roadway,Broadside (front to side),FTYROW:  From parked position,None Indicated,,Daylight,Dry,Clear,None apparent,Non-intersection:  Non-junction/no special feature,Paved,,Property Damage Only,0,0,0,0,0,0,3000,2,2,,POINT (-92.67864472949 43.066223948089)
2014817552,2014-19188,09/17/2014,09-September,4-Wednesday,15:50,1500 Hours,District 6 (East Central),RIVERDALE,SCOTT,US 67,US 67/STATE ST,Collision with:  Vehicle in traffic,On Roadway,Rear-end (front to rear),Followed too close,None Indicated,,Daylight,Dry,Clear,None apparent,Non-intersection:  Non-junction/no special feature,Paved,,Property Damage Only,0,0,0,0,0,0,3000,3,5,,POINT (-90.461270960296 41.541348198463)
2014818511,201413815,09/17/2014,09-September,4-Wednesday,16:41,1600 Hours,District 6 (East Central),CEDAR RAPIDS,LINN,,MILLER AVE SW,Collision with:  Vehicle in traffic,On Roadway,Head-on (front to front),Exceeded authorized speed,None Indicated,,Daylight,Dry,Clear,None apparent,Non-intersection:  Driveway access (within),Paved,,Fatal,1,0,0,0,0,0,8000,2,2,,POINT (-91.660020575157 41.924556185476)
2014817367,2014-65707,09/17/2014,09-September,4-Wednesday,21:45,2100 Hours,District 6 (East Central),DAVENPORT,SCOTT,,N PINE ST & NORTHWEST BLVD,Collision with:  Vehicle in traffic,On Roadway,"Angle, oncoming left turn",FTYROW:  Making left turn,None Indicated,,Dark - roadway lighted,Dry,Clear,None apparent,Intersection:  T-intersection,Paved,,Property Damage Only,0,0,0,0,0,0,3500,2,2,,POINT (-90.609325209849 41.587015578982)
2014817380,14-4630,09/17/2014,09-September,4-Wednesday,15:20,1500 Hours,District 1 (Central),WEST DES MOINES,POLK,,35TH ST/VALLEY WEST DR,Collision with:  Vehicle in traffic,On Roadway,Rear-end (front to rear),Improper Backing,None Indicated,,Daylight,Dry,Clear,None apparent,Intersection:  Four-way intersection,Paved,,Property Damage Only,0,0,0,0,0,0,1500,2,2,,POINT (-93.751897302589 41.594845987848)
2014819485,201414347,09/17/2014,09-September,4-Wednesday,04:20,0400 Hours,District 6 (East Central),CEDAR RAPIDS,LINN,I-380,I-380,Non-collision events:  Other non-collision (explain in narrative),Shoulder,Non-collision (single vehicle),Ran off road - left,None Indicated,,Dark - roadway not lighted,Dry,Clear,None apparent,Non-intersection:  Other non-intersection (explain in narrative),Paved,,Property Damage Only,0,0,0,0,0,0,8000,1,3,,POINT (-91.669736325403 41.94103400204)