Iowa DOT Case Number,Law Enforcement Case Number,Date of Crash,Month of Crash,Day of Week,Time of Crash,Hour,DOT District,City Name,County Name,Route with System,Location Description,First Harmful Event,Location of First Harmful Event,Manner of Crash/Collision,Major Cause,Drug or Alcohol ,Environmental Conditions,Light Conditions,Surface Conditions,Weather Conditions,Roadway Contribution,Roadway Type,Roadway Surface,Work Zone,Crash Severity,Number of Fatalities,Number of Injuries,Number of Major Injuries,Number of Minor Injuries,Number of Possible Injuries,Number of Unknown Injuries,Amount of Property Damage,Number of Vehicles Involved,Total Number of Occupants,Travel Direction,Location
2014817954,2014054026,09/18/2014,09-September,5-Thursday,07:40,0700 Hours,District 4 (Southwest),,FREMONT,I-29,I-29,Non-collision events:  Overturn/rollover,Median,Non-collision (single vehicle),Equipment failure,None Indicated,,Daylight,Dry,Cloudy,None apparent,Non-intersection:  Non-junction/no special feature,Paved,,Property Damage Only,0,0,0,0,0,0,3500,1,1,,POINT (-95.817656386006 40.751873450546)
2014817470,2014138066,09/18/2014,09-September,5-Thursday,19:03,1900 Hours,District 6 (East Central),CEDAR RAPIDS,LINN,,16TH AVE SW,Collision with:  Vehicle in traffic,On Roadway,"Sideswipe, same direction",Other (explain in narrative):  Vision obstructed,None Indicated,,Dusk,Dry,Clear,None apparent,Non-intersection:  Non-junction/no special feature,Paved,,Property Damage Only,0,0,0,0,0,0,2000,2,6,,POINT (-91.700409100634 41.962613634069)
2014819108,01-14-037888,09/18/2014,09-September,5-Thursday,11:47,1100 Hours,District 6 (East Central),DUBUQUE,DUBUQUE,US 52,US 52/CENTRAL AVE & W 15TH ST & E 15TH ST,Collision with:  Vehicle in traffic,On Roadway,Broadside (front to side),FTYROW:  From stop sign,None Indicated,,Daylight,Dry,Clear,None apparent,Intersection:  Other intersection (explain in narrative),Paved,,Property Damage Only,0,0,0,0,0,0,6000,2,4,,POINT (-90.66819773137 42.507160447911)
2014817797,146997,09/18/2014,09-September,5-Thursday,21:05,2100 Hours,District 4 (Southwest),DALLAS CENTER,DALLAS,US 169,US 169/N AVE,Collision with:  Animal,,,Animal,None Indicated,,,,,,,Paved,,Property Damage Only,0,0,0,0,0,0,4000,1,1,,POINT (-94.024720484258 41.698399669121)
2014817322,20140027616,09/18/2014,09-September,5-Thursday,08:37,0800 Hours,District 5 (Southeast),DES MOINES,WARREN,IA 5,IA 5/NE RAMP/NW RAMP & FLEUR DR,Collision with:  Vehicle in traffic,On Roadway,Rear-end (front to rear),Other (explain in narrative):  No improper action,None Indicated,,Daylight,Dry,"Fog, smoke, smog",None apparent,Intersection:  Four-way intersection,Paved,,Property Damage Only,0,0,0,0,0,0,3500,2,2,,POINT (-93.644940495339 41.509250828058)
2014817519,14-19268,09/18/2014,09-September,5-Thursday,22:25,2200 Hours,District 6 (East Central),,SCOTT,US 61,US 61/140 ST,Collision with:  Animal,,,Animal,None Indicated,,,,,,,Paved,,Property Damage Only,0,0,0,0,0,0,3500,1,1,,POINT (-90.710044290983 41.508954034051)
2014818303,14-14372,09/18/2014,09-September,5-Thursday,08:09,0800 Hours,District 3 (Northwest),SPENCER,CLAY,,W 9TH ST & 6TH AVE W,Collision with:  Vehicle in traffic,On Roadway,Broadside (front to side),FTYROW:  From yield sign,None Indicated,,Daylight,Dry,Clear,None apparent,Intersection:  Four-way intersection,Paved,,Property Damage Only,0,0,0,0,0,0,3200,2,4,,POINT (-95.153593806414 43.146501382395)
2014817815,14-24700,09/18/2014,09-September,5-Thursday,14:10,1400 Hours,District 1 (Central),NEWTON,JASPER,US 6,US 6/1ST AVE E,Collision with:  Vehicle in traffic,On Roadway,Broadside (front to side),Unknown,None Indicated,,Daylight,Dry,Clear,None apparent,Non-intersection:  Non-junction/no special feature,Paved,,Property Damage Only,0,0,0,0,0,0,2400,2,2,,POINT (-93.032882020273 41.699153655741)
2014817500,14-001290,09/18/2014,09-September,5-Thursday,17:40,1700 Hours,District 1 (Central),AMES,STORY,,MORTENSON RD,Collision with:  Vehicle in traffic,On Roadway,Rear-end (front to rear),Followed too close,None Indicated,,Daylight,Dry,Clear,None apparent,Non-intersection:  Non-junction/no special feature,Paved,,Property Damage Only,0,0,0,0,0,0,5000,2,2,,POINT (-93.656212757735 42.011875439284)
2014821033,S79140306,09/18/2014,09-September,5-Thursday,07:45,0700 Hours,District 1 (Central),BROOKLYN,POWESHIEK,,BRADY ST & RAMSEY ST,Collision with:  Vehicle in traffic,On Roadway,Broadside (front to side),Other (explain in narrative):  Vision obstructed,None Indicated,,Daylight,Dry,Clear,None apparent,Intersection:  Four-way intersection,Paved,,Minor Injury,0,2,0,1,1,0,6500,2,17,,POINT (-92.452720926405 41.723660521917)
2014831788,2014054027,09/18/2014,09-September,5-Thursday,08:40,0800 Hours,District 5 (Southeast),,LEE,US 61,US 61 & US 218,Collision with:  Vehicle in traffic,On Roadway,Broadside (front to side),Swerving/Evasive Action,None Indicated,,Daylight,Dry,Clear,None apparent,Intersection:  T-intersection,Paved,,Fatal,1,2,0,1,1,0,8000,2,3,,POINT (-91.441695849929 40.512593345003)
2014818284,14016370,09/18/2014,09-September,5-Thursday,18:50,1800 Hours,District 2 (Northeast),MASON CITY,CERRO GORDO,IA 122,IA 122/4TH ST SW & S POLK AVE,Collision with:  Vehicle in traffic,On Roadway,Rear-end (front to rear),Other (explain in narrative):  Vision obstructed,None Indicated,,Dusk,Dry,Clear,None apparent,Non-intersection:  Non-junction/no special feature,Paved,,Property Damage Only,0,0,0,0,0,0,3500,2,9,,POINT (-93.216105753464 43.148316783262)
2014819167,2014-65791,09/18/2014,09-September,5-Thursday,02:32,0200 Hours,District 6 (East Central),DAVENPORT,SCOTT,,E 13TH ST & TREMONT AVE,Collision with fixed object:  Other fixed object (explain in narrative),Outside trafficway,Non-collision (single vehicle),Unknown,None Indicated,,Dark - roadway lighted,Dry,Clear,None apparent,Non-intersection:  Non-junction/no special feature,Paved,,Property Damage Only,0,0,0,0,0,0,5000,1,1,,POINT (-90.561051017956 41.532872514451)
2014817450,14013963,09/18/2014,09-September,5-Thursday,10:45,1000 Hours,District 6 (East Central),,CEDAR,,MONROE AVE & 138TH,Collision with:  Railway vehicle/train,On Roadway,Broadside (front to side),Disregarded RR Signal,None Indicated,,Daylight,"Mud, dirt",Clear,None apparent,Non-intersection:  Railroad grade crossing,Unpaved,,Property Damage Only,0,0,0,0,0,0,12000,2,3,,POINT (-91.13228354163 41.892055539272)
2014817546,2014010413,09/18/2014,09-September,5-Thursday,12:09,1200 Hours,District 6 (East Central),IOWA CITY,JOHNSON,,WEST SIDE DR,Collision with:  Vehicle in traffic,On Roadway,"Sideswipe, same direction",FTYROW:  From driveway,None Indicated,,Daylight,Dry,Clear,None apparent,Non-intersection:  Driveway access (within),Paved,,Property Damage Only,0,0,0,0,0,0,4500,2,3,,POINT (-91.565763871859 41.639265278083)
2014817390,14-4643,09/18/2014,09-September,5-Thursday,04:15,0400 Hours,District 1 (Central),WEST DES MOINES,POLK,IA 5,IA 5/IOWA 5/NW RAMP,Non-collision events:  Other non-collision (explain in narrative),On Roadway,Non-collision (single vehicle),Other (explain in narrative):  No improper action,None Indicated,,Dark - roadway not lighted,Dry,Clear,Obstruction in roadway,Non-intersection:  Non-junction/no special feature,Paved,,Property Damage Only,0,0,0,0,0,0,1500,1,1,,POINT (-93.754801763054 41.522768822967)
2014817503,2014-20254,09/18/2014,09-September,5-Thursday,05:17,0500 Hours,District 5 (Southeast),,WARREN,,Co Rd S23/HWY S23,Collision with:  Animal,On Roadway,Non-collision (single vehicle),Animal,None Indicated,,Dark - roadway not lighted,Dry,"Fog, smoke, smog",None apparent,Non-intersection:  Non-junction/no special feature,Paved,,Possible/Unknown,0,1,0,0,1,0,6000,1,1,,POINT (-93.442536718139 41.269596930314)
2014817988,14680784,09/18/2014,09-September,5-Thursday,07:21,0700 Hours,District 5 (Southeast),,WAPELLO,,Co Rd T61/MONROE WAPELLO RD,Collision with fixed object:  Utility pole/light support,Shoulder,Non-collision (single vehicle),Driving too fast for conditions,None Indicated,,Daylight,Dry,"Fog, smoke, smog",None apparent,Non-intersection:  Railroad grade crossing,Paved,,Property Damage Only,0,0,0,0,0,0,70000,1,1,,POINT (-92.639969153727 41.092067941662)
2014817575,,09/18/2014,09-September,5-Thursday,11:59,1100 Hours,District 4 (Southwest),AUDUBON,AUDUBON,US 71,US 71/MARKET ST & CHICAGO ST,Collision with:  Vehicle in traffic,On Roadway,Broadside (front to side),FTYROW:  From stop sign,None Indicated,,Daylight,Dry,Clear,None apparent,Intersection:  T-intersection,Paved,,Minor Injury,0,2,0,1,1,0,5000,2,4,,POINT (-94.933157419038 41.718787932198)
2014817929,2014054163,09/18/2014,09-September,5-Thursday,21:35,2100 Hours,District 6 (East Central),,JOHNSON,,ROHRET RD,Collision with:  Vehicle in traffic,On Roadway,Head-on (front to front),Swerving/Evasive Action,None Indicated,,Dark - roadway not lighted,Dry,Clear,None apparent,Non-intersection:  Non-junction/no special feature,Paved,,Possible/Unknown,0,1,0,0,1,0,5500,2,3,,POINT (-91.617318736502 41.635988082406)
2014817950,2014054122,09/18/2014,09-September,5-Thursday,17:26,1700 Hours,District 2 (Northeast),SWALEDALE,CERRO GORDO,I-35,I-35,Collision with:  Animal,,,Animal,None Indicated,,,,,,,Paved,,Property Damage Only,0,0,0,0,0,0,5000,1,1,,POINT (-93.343874187398 42.981583149402)
2014817443,W14-093813,09/18/2014,09-September,5-Thursday,08:07,0800 Hours,District 2 (Northeast),WATERLOO,BLACK HAWK,,E ORANGE RD & CAMPUS VIEW DR,Collision with:  Vehicle in traffic,Shoulder,Rear-end (front to rear),Followed too close,None Indicated,,Daylight,Dry,Clear,None apparent,Intersection:  Four-way intersection,Paved,,Property Damage Only,0,0,0,0,0,0,2000,2,2,,POINT (-92.332237644641 42.42853750653)
2014817866,14-19267,09/18/2014,09-September,5-Thursday,22:02,2200 Hours,District 6 (East Central),,SCOTT,,100 AVE,Collision with fixed object:  Mailbox,Shoulder,Non-collision (single vehicle),Ran off road - right,None Indicated,,Dark - roadway not lighted,Dry,Clear,None apparent,Non-intersection:  Non-junction/no special feature,Paved,,Possible/Unknown,0,1,0,0,1,0,2040,1,1,,POINT (-90.707601741901 41.489550243197)
2014817787,14039701,09/18/2014,09-September,5-Thursday,15:14,1500 Hours,District 5 (Southeast),MUSCATINE,MUSCATINE,,MULBERRY AVE,Collision with:  Vehicle in traffic,On Roadway,Broadside (front to side),FTYROW:  At uncontrolled intersection,None Indicated,,Daylight,Dry,Cloudy,None apparent,Non-intersection:  Alley,Paved,,Property Damage Only,0,0,0,0,0,0,6500,2,3,,POINT (-91.046557906214 41.428852212124)
2014829368,2014-66013,09/18/2014,09-September,5-Thursday,20:00,2000 Hours,District 6 (East Central),DAVENPORT,SCOTT,,IA 461/BRADY ST & E 13TH ST,Collision with:  Vehicle in traffic,On Roadway,Broadside (front to side),Followed too close,None Indicated,,Dark - roadway lighted,Dry,Clear,None apparent,Intersection:  Shared use path or trail,Paved,,Possible/Unknown,0,1,0,0,1,0,2000,2,2,,POINT (-90.574037412743 41.533048291633)
2014828343,14090420,09/18/2014,09-September,5-Thursday,17:50,1700 Hours,District 5 (Southeast),,WAPELLO,US 63,US 63/US 63 SW RAMP/US 63 SE RAMP & IA 149/IOWA 149,Collision with:  Vehicle in traffic,On Roadway,"Sideswipe, same direction",FTYROW:  From stop sign,None Indicated,,Daylight,Dry,Clear,None apparent,Interchange-related:  Off-ramp,Paved,,Property Damage Only,0,0,0,0,0,0,1500,2,2,,POINT (-92.410103525209 41.089697133136)
2014817479,20140027707,09/18/2014,09-September,5-Thursday,22:35,2200 Hours,District 1 (Central),DES MOINES,POLK,IA 163,IA 163/E UNIVERSITY AVE & E 25TH ST,Collision with:  Vehicle in traffic,On Roadway,Broadside (front to side),Other (explain in narrative):  Other,None Indicated,,Dark - roadway lighted,Dry,Cloudy,None apparent,Non-intersection:  Non-junction/no special feature,Paved,,Property Damage Only,0,0,0,0,0,0,15000,2,2,,POINT (-93.5706925944 41.600454958574)
2014818024,S14-9459,09/18/2014,09-September,5-Thursday,21:32,2100 Hours,District 3 (Northwest),SLOAN,WOODBURY,,Co Rd K45/K45/OLD HWY 75 & 100TH ST,Collision with:  Vehicle in traffic,On Roadway,"Angle, oncoming left turn",Crossed centerline (undivided),None Indicated,,Dark - roadway not lighted,Dry,Cloudy,Non-highway work,Intersection:  Four-way intersection,Paved,,Fatal,1,1,0,1,0,0,22000,2,2,,POINT (-96.215244732481 42.214386998284)
2014817747,14-30873,09/18/2014,09-September,5-Thursday,16:42,1600 Hours,District 3 (Northwest),SIOUX CITY,WOODBURY,IA 12,IA 12/GORDON DR,Collision with:  Vehicle in traffic,On Roadway,Rear-end (front to rear),Followed too close,None Indicated,,Daylight,Dry,Clear,Work Zone (roadway-related),Non-intersection:  Other non-intersection (explain in narrative),Paved,Yes,Property Damage Only,0,0,0,0,0,0,2000,2,4,,POINT (-96.395851936006 42.4897793054)
2014818414,14094077,09/18/2014,09-September,5-Thursday,21:08,2100 Hours,District 2 (Northeast),CEDAR FALLS,BLACK HAWK,IA 57,IA 57/WEST 1ST ST,Collision with:  Animal,On Roadway,Non-collision (single vehicle),Animal,None Indicated,,Dark - roadway not lighted,Dry,Clear,None apparent,Non-intersection:  Non-junction/no special feature,Paved,,Property Damage Only,0,0,0,0,0,0,5000,1,2,,POINT (-92.491529841979 42.542153295039)
2014817593,W14-094000,09/18/2014,09-September,5-Thursday,18:15,1800 Hours,District 2 (Northeast),WATERLOO,BLACK HAWK,,E 6TH ST & MARTIN LUTHER KING JR DR & WALNUT ST,Collision with:  Vehicle in traffic,On Roadway,"Sideswipe, same direction",Made improper turn,None Indicated,,Daylight,Dry,Clear,None apparent,Intersection:  Four-way intersection,Paved,,Property Damage Only,0,0,0,0,0,0,3000,2,2,,POINT (-92.329994151582 42.499887012782)
2014817605,091814J,09/18/2014,09-September,5-Thursday,20:55,2000 Hours,District 4 (Southwest),,FREMONT,,Co Rd J26/200 ST,Collision with:  Vehicle in traffic,On Roadway,"Sideswipe, same direction",Other (explain in narrative):  Other,None Indicated,,Dark - roadway lighted,Dry,Clear,None apparent,Non-intersection:  Non-junction/no special feature,Unpaved,,Property Damage Only,0,0,0,0,0,0,2000,2,2,,POINT (-95.82533173732 40.758314807802)
2014819288,14V09088,09/18/2014,09-September,5-Thursday,20:55,2000 Hours,District 6 (East Central),VINTON,BENTON,,W 13TH ST,Non-collision events:  Other non-collision (explain in narrative),Shoulder,Non-collision (single vehicle),"Operating vehicle in an reckless, erratic, careless, negligent manner",None Indicated,,Dark - roadway lighted,Dry,Clear,None apparent,Non-intersection:  Non-junction/no special feature,Paved,,Property Damage Only,0,0,0,0,0,0,3595,1,1,,POINT (-92.028483201133 42.159389210501)
2014828345,14090424,09/18/2014,09-September,5-Thursday,19:45,1900 Hours,District 5 (Southeast),,WAPELLO,US 34,US 34,Collision with:  Animal,,,Animal,None Indicated,,,,,,,Paved,,Property Damage Only,0,0,0,0,0,0,4000,1,1,,POINT (-92.589368517151 41.011068806048)
2014817735,2014-20292,09/18/2014,09-September,5-Thursday,16:10,1600 Hours,District 5 (Southeast),INDIANOLA,WARREN,US 65,US 65/N JEFFERSON WAY & E EUCLID AVE,Collision with:  Vehicle in traffic,On Roadway,Rear-end (front to rear),Lost Control,None Indicated,,Daylight,Dry,Clear,None apparent,Intersection:  Four-way intersection,Paved,,Property Damage Only,0,0,0,0,0,0,1700,2,2,,POINT (-93.558341403492 41.365646932444)
2014817489,20140027633,09/18/2014,09-September,5-Thursday,07:00,0700 Hours,District 1 (Central),DES MOINES,POLK,,HICKMAN RD & ARLINGTON AVE & 6TH AVE,Collision with:  Non-motorist (see non-motorist section - NOT a unit),On Roadway,Non-collision (single vehicle),FTYROW:  Making left turn,None Indicated,,Daylight,Dry,Clear,None apparent,Intersection:  Four-way intersection,Paved,,Minor Injury,0,1,0,1,0,0,0,1,1,,POINT (-93.625568104196 41.612887657151)
2014817498,14-0815,09/18/2014,09-September,5-Thursday,17:16,1700 Hours,District 1 (Central),WINDSOR HEIGHTS,POLK,I-235,I-235 & 73RD ST,Collision with:  Vehicle in traffic,On Roadway,Rear-end (front to rear),Driving too fast for conditions,None Indicated,,Daylight,Dry,Clear,None apparent,Non-intersection:  Non-junction/no special feature,Paved,,Property Damage Only,0,0,0,0,0,0,2000,2,2,,POINT (-93.717099869724 41.594762058039)
2014817376,14-2902,09/18/2014,09-September,5-Thursday,11:16,1100 Hours,District 1 (Central),FORT DODGE,WEBSTER,,1ST AVE S & S 25TH ST,Non-collision events:  Other non-collision (explain in narrative),Shoulder,Non-collision (single vehicle),Ran off road - right,None Indicated,,Daylight,Dry,Clear,Work Zone (roadway-related),Non-intersection:  Non-junction/no special feature,Paved,Yes,Property Damage Only,0,0,0,0,0,0,1500,1,1,,POINT (-94.163136067955 42.505236837867)
2014818285,14016374,09/18/2014,09-September,5-Thursday,19:32,1900 Hours,District 2 (Northeast),MASON CITY,CERRO GORDO,US 65,US 65/N FEDERAL AVE & 12TH ST NW & 12TH PL,Collision with:  Non-motorist (see non-motorist section - NOT a unit),On Roadway,Non-collision (single vehicle),Unknown,None Indicated,,Daylight,Dry,Cloudy,None apparent,Intersection:  Other intersection (explain in narrative),Paved,,Minor Injury,0,1,0,1,0,0,0,1,1,,POINT (-93.201062884505 43.162697924265)
2014817545,2014010402,09/18/2014,09-September,5-Thursday,09:24,0900 Hours,District 6 (East Central),IOWA CITY,JOHNSON,,MELROSE AVE & EVASHEVSKI DR,Collision with:  Vehicle in traffic,On Roadway,Rear-end (front to rear),Followed too close,None Indicated,,Daylight,Dry,Clear,None apparent,Intersection:  T-intersection,Paved,,Property Damage Only,0,0,0,0,0,0,9000,2,2,,POINT (-91.551777611152 41.656887480747)
2014817444,W14-093905,09/18/2014,09-September,5-Thursday,14:03,1400 Hours,District 2 (Northeast),WATERLOO,BLACK HAWK,,E SAN MARNAN DR & FLAMMANG DR,Collision with:  Vehicle in traffic,On Roadway,Rear-end (front to rear),Followed too close,None Indicated,,Daylight,Dry,Clear,None apparent,Intersection:  Four-way intersection,Paved,,Property Damage Only,0,0,0,0,0,0,3000,2,2,,POINT (-92.331202792463 42.460691582629)
2014817475,S14-005533,09/18/2014,09-September,5-Thursday,21:37,2100 Hours,District 3 (Northwest),,OBRIEN,,WHITE AVE,Collision with fixed object:  Ditch,On Roadway,Non-collision (single vehicle),Swerving/Evasive Action,None Indicated,,Dark - roadway not lighted,"Mud, dirt",Clear,None apparent,Non-intersection:  Non-junction/no special feature,Unpaved,,Minor Injury,0,1,0,1,0,0,5250,1,1,,POINT (-95.447140133114 43.121795600661)
2014818658,091814E,09/18/2014,09-September,5-Thursday,09:46,0900 Hours,District 4 (Southwest),,FREMONT,I-29,I-29,Collision with:  Vehicle in traffic,On Roadway,"Sideswipe, same direction",Crossed centerline (undivided),None Indicated,,Daylight,Dry,Clear,None apparent,Non-intersection:  Non-junction/no special feature,Paved,,Possible/Unknown,0,1,0,0,1,0,1500,2,2,,POINT (-95.806393784991 40.837389966921)
2014817668,14-1115,09/18/2014,09-September,5-Thursday,07:40,0700 Hours,District 1 (Central),CLIVE,POLK,,71ST ST & LAKE POINTE DR & UNIVERSITY AVE,Collision with:  Vehicle in traffic,On Roadway,Broadside (front to side),FTYROW:  From stop sign,None Indicated,,Dawn,Dry,"Fog, smoke, smog",None apparent,Intersection:  Other intersection (explain in narrative),Paved,,Property Damage Only,0,0,0,0,0,0,5500,2,2,,POINT (-93.804833666365 41.600459355891)
2014817452,142839,09/18/2014,09-September,5-Thursday,16:09,1600 Hours,District 3 (Northwest),DENISON,CRAWFORD,,S 14TH ST,Collision with:  Non-motorist (see non-motorist section - NOT a unit),On Roadway,Non-collision (single vehicle),Other (explain in narrative):  No improper action,None Indicated,,Daylight,Dry,Clear,None apparent,Non-intersection:  Non-junction/no special feature,Paved,,Minor Injury,0,1,0,1,0,0,0,1,1,,POINT (-95.353858475823 42.012045064553)
2014821307,2014-65893,09/18/2014,09-September,5-Thursday,07:30,0700 Hours,District 6 (East Central),DAVENPORT,SCOTT,,IA 461/BRADY ST & KIRKWOOD BLVD,Collision with:  Non-motorist (see non-motorist section - NOT a unit),On Roadway,Non-collision (single vehicle),Other (explain in narrative):  No improper action,None Indicated,,Daylight,Dry,Clear,None apparent,Non-intersection:  Non-junction/no special feature,Paved,,Possible/Unknown,0,1,0,0,1,0,0,1,1,,POINT (-90.574029463664 41.536146330226)
2014817524,66-001764,09/18/2014,09-September,5-Thursday,10:56,1000 Hours,District 2 (Northeast),,MITCHELL,IA 9,IA 9/IOWA 9,Non-collision events:  Overturn/rollover,Shoulder,Non-collision (single vehicle),Ran off road - right,None Indicated,,Daylight,Dry,Clear,None apparent,Non-intersection:  Non-junction/no special feature,Paved,,Possible/Unknown,0,1,0,0,1,0,4500,1,1,,POINT (-92.893099830051 43.284136458633)
2014823512,14-070918-01,09/18/2014,09-September,5-Thursday,05:45,0500 Hours,District 6 (East Central),,IOWA,,Co Rd F67/335TH ST,Collision with:  Animal,,,Animal,None Indicated,,,,,,,Paved,,Property Damage Only,0,0,0,0,0,0,3000,1,1,,POINT (-92.036260148044 41.517667770829)
2014818413,14094064,09/18/2014,09-September,5-Thursday,20:56,2000 Hours,District 2 (Northeast),CEDAR FALLS,BLACK HAWK,,8TH ST & ELLEN ST,Collision with:  Vehicle in traffic,On Roadway,"Angle, oncoming left turn",Ran Stop Sign,None Indicated,,Dark - roadway lighted,Dry,Clear,None apparent,Non-intersection:  Driveway access (within),Paved,,Property Damage Only,0,0,0,0,0,0,1800,2,2,,POINT (-92.463050309196 42.531477610486)
2014828344,14090421,09/18/2014,09-September,5-Thursday,18:00,1800 Hours,District 5 (Southeast),,WAPELLO,,Co Rd H21/POWER PLANT RD,Non-collision events:  Other non-collision (explain in narrative),Outside trafficway,Rear-end (front to rear),Separation of units,None Indicated,,Daylight,Dry,Clear,None apparent,Non-intersection:  Non-junction/no special feature,Paved,,Property Damage Only,0,0,0,0,0,0,1500,2,2,,POINT (-92.560075246927 41.093610230386)
2014827944,2014054012,09/18/2014,09-September,5-Thursday,05:50,0500 Hours,District 1 (Central),PILOT MOUND,BOONE,,Co Rd E18/130TH ST & Co Rd P70/H AVE,Collision with:  Vehicle in traffic,On Roadway,Broadside (front to side),Ran Stop Sign,None Indicated,,Dark - unknown roadway lighting,Dry,"Fog, smoke, smog",None apparent,Intersection:  Four-way intersection,Paved,,Fatal,1,1,1,0,0,0,9000,2,2,,POINT (-94.02802928472 42.166570051297)
2014817597,W14-093945,09/18/2014,09-September,5-Thursday,15:53,1500 Hours,District 2 (Northeast),WATERLOO,BLACK HAWK,,W DONALD ST,Collision with:  Vehicle in traffic,On Roadway,Rear-end (front to rear),Followed too close,None Indicated,,Daylight,Dry,Clear,None apparent,Non-intersection:  Non-junction/no special feature,Paved,,Property Damage Only,0,0,0,0,0,0,2000,2,2,,POINT (-92.355729613535 42.527619368052)
2014819055,14-30828,09/18/2014,09-September,5-Thursday,11:25,1100 Hours,District 3 (Northwest),SIOUX CITY,WOODBURY,,4TH ST & PIERCE ST,Collision with:  Vehicle in traffic,On Roadway,Broadside (front to side),Ran Traffic Signal,None Indicated,,Daylight,Dry,Clear,None apparent,Intersection:  Four-way intersection,Paved,,Property Damage Only,0,0,0,0,0,0,3000,2,3,,POINT (-96.40492206544 42.494147199329)
2014817485,20140027671,09/18/2014,09-September,5-Thursday,16:29,1600 Hours,District 1 (Central),DES MOINES,POLK,US 69,US 69/SE 14TH ST,Collision with:  Vehicle in traffic,On Roadway,Rear-end (front to rear),Followed too close,None Indicated,,Daylight,Dry,Clear,None apparent,Non-intersection:  Non-junction/no special feature,Paved,,Property Damage Only,0,0,0,0,0,0,3500,2,3,,POINT (-93.596899828139 41.569138738367)
2014817574,,09/18/2014,09-September,5-Thursday,13:50,1300 Hours,District 5 (Southeast),NEW LONDON,HENRY,,E MAIN ST,Collision with:  Parked motor vehicle,Roadside,Rear-end (front to rear),Other (explain in narrative):  Other,None Indicated,,Daylight,Dry,Clear,None apparent,Non-intersection:  Non-junction/no special feature,Paved,,Property Damage Only,0,0,0,0,0,0,3000,2,1,,POINT (-91.398720269095 40.925560794777)
2014817548,201404363,09/18/2014,09-September,5-Thursday,06:20,0600 Hours,District 1 (Central),,BOONE,US 169,US 169/D AVE & Co Rd E26/170TH ST,Collision with:  Vehicle in traffic,On Roadway,Broadside (front to side),Ran Stop Sign,None Indicated,,Dark - roadway not lighted,Dry,"Fog, smoke, smog",None apparent,Intersection:  Four-way intersection,Paved,,Major Injury,0,2,1,0,1,0,9000,2,2,,POINT (-94.10595043436 42.107115331568)
2014817506,14-4654,09/18/2014,09-September,5-Thursday,17:20,1700 Hours,District 1 (Central),WEST DES MOINES,POLK,,UNIVERSITY AVE,Collision with:  Vehicle in traffic,On Roadway,Rear-end (front to rear),Followed too close,None Indicated,,Daylight,Dry,Clear,None apparent,Non-intersection:  Non-junction/no special feature,Paved,,Property Damage Only,0,0,0,0,0,0,2000,2,2,,POINT (-93.781241711656 41.600432947804)
2014819131,2014-037911,09/18/2014,09-September,5-Thursday,22:53,2200 Hours,District 6 (East Central),DUBUQUE,DUBUQUE,US 20,US 20/DODGE ST & DEVON DR,Collision with:  Vehicle in traffic,On Roadway,"Angle, oncoming left turn",Ran Traffic Signal,None Indicated,,Dark - roadway lighted,Dry,Clear,None apparent,Intersection:  Four-way intersection,Paved,,Property Damage Only,0,0,0,0,0,0,15000,2,2,,POINT (-90.701368712985 42.491414367402)
2014817306,14141673,09/18/2014,09-September,5-Thursday,08:30,0800 Hours,District 6 (East Central),,JOHNSON,,Co Rd F44/HERBERT HOOVER HWY,Collision with:  Vehicle in traffic,On Roadway,"Sideswipe, same direction",Followed too close,None Indicated,,Daylight,Dry,Clear,None apparent,Non-intersection:  Non-junction/no special feature,Paved,,Property Damage Only,0,0,0,0,0,0,3000,2,2,,POINT (-91.467816884007 41.671038251871)
2014817748,14-30899,09/18/2014,09-September,5-Thursday,19:52,1900 Hours,District 3 (Northwest),SIOUX CITY,WOODBURY,,W 19TH ST & HAMILTON BLVD,Collision with:  Vehicle in traffic,On Roadway,Rear-end (front to rear),Other (explain in narrative):  Other,None Indicated,,Dark - roadway lighted,Dry,Clear,None apparent,Intersection:  Four-way intersection,Paved,,Major Injury,0,3,1,0,2,0,2000,3,7,,POINT (-96.41678150549 42.510596170058)
2014817305,SO1403936,09/18/2014,09-September,5-Thursday,07:03,0700 Hours,District 5 (Southeast),MAHARISHI VEDIC CITY,JEFFERSON,,JASMINE AVE,Collision with:  Animal,,,Animal,None Indicated,,,,,,,Paved,,Property Damage Only,0,0,0,0,0,0,1500,1,1,,POINT (-91.99215029392 41.059532239449)
2014817472,201413835,09/18/2014,09-September,5-Thursday,09:35,0900 Hours,District 6 (East Central),CEDAR RAPIDS,LINN,,15TH AVE SW,Collision with fixed object:  Utility pole/light support,On Roadway,Non-collision (single vehicle),Swerving/Evasive Action,None Indicated,,Daylight,Dry,Clear,None apparent,Non-intersection:  Non-junction/no special feature,Paved,,Major Injury,0,1,1,0,0,0,7500,1,1,,POINT (-91.687159868047 41.962579955041)