Iowa DOT Case Number,Law Enforcement Case Number,Date of Crash,Month of Crash,Day of Week,Time of Crash,Hour,DOT District,City Name,County Name,Route with System,Location Description,First Harmful Event,Location of First Harmful Event,Manner of Crash/Collision,Major Cause,Drug or Alcohol ,Environmental Conditions,Light Conditions,Surface Conditions,Weather Conditions,Roadway Contribution,Roadway Type,Roadway Surface,Work Zone,Crash Severity,Number of Fatalities,Number of Injuries,Number of Major Injuries,Number of Minor Injuries,Number of Possible Injuries,Number of Unknown Injuries,Amount of Property Damage,Number of Vehicles Involved,Total Number of Occupants,Travel Direction,Location
2014817667,14-004058,09/20/2014,09-September,7-Saturday,11:55,1100 Hours,District 1 (Central),ANKENY,POLK,US 69,US 69/S ANKENY BLVD,Collision with:  Vehicle in traffic,On Roadway,Rear-end (front to rear),Followed too close,None Indicated,,Daylight,Wet,Cloudy,"Surface condition (e.g., wet, icy)",Non-intersection:  Non-junction/no special feature,Paved,,Property Damage Only,0,0,0,0,0,0,12000,3,5,,POINT (-93.600360531312 41.730213781836)
2014817898,2014-66577,09/20/2014,09-September,7-Saturday,18:01,1800 Hours,District 6 (East Central),DAVENPORT,SCOTT,US 6,US 6/E KIMBERLY RD,Collision with:  Vehicle in traffic,On Roadway,Rear-end (front to rear),Followed too close,None Indicated,,Daylight,Dry,Clear,None apparent,Intersection:  Four-way intersection,Paved,,Property Damage Only,0,0,0,0,0,0,3500,2,8,,POINT (-90.551298300487 41.556901308371)
2014817733,891406191,09/20/2014,09-September,7-Saturday,05:20,0500 Hours,District 5 (Southeast),,VAN BUREN,,Co Rd W30/SPRUCE AVE,Collision with fixed object:  Utility pole/light support,On Roadway,Non-collision (single vehicle),Ran off road - left,None Indicated,,Dark - roadway not lighted,Dry,Clear,None apparent,Non-intersection:  Non-junction/no special feature,Unpaved,,Property Damage Only,0,0,0,0,0,0,11000,1,1,,POINT (-91.833784720543 40.804992339601)
2014818104,201400046487,09/20/2014,09-September,7-Saturday,20:48,2000 Hours,District 5 (Southeast),OTTUMWA,WAPELLO,,W WOODLAND AVE & N WAPELLO ST,Collision with:  Vehicle in traffic,On Roadway,Broadside (front to side),FTYROW:  From stop sign,None Indicated,,Dark - roadway lighted,Dry,Clear,None apparent,Intersection:  Four-way intersection,Paved,,Possible/Unknown,0,1,0,0,1,0,20000,2,3,,POINT (-92.412224622812 41.029344829605)
2014820246,2014-66421,09/20/2014,09-September,7-Saturday,00:13,0000 Hours,District 6 (East Central),DAVENPORT,SCOTT,,IA 461/WELCOME WAY,Collision with:  Vehicle in traffic,On Roadway,"Sideswipe, same direction",Crossed centerline (undivided),None Indicated,,Dark - roadway lighted,Dry,Clear,None apparent,Non-intersection:  Non-junction/no special feature,Paved,,Property Damage Only,0,0,0,0,0,0,2500,2,3,,POINT (-90.576233694911 41.55799732454)
2014821682,2014-66602,09/20/2014,09-September,7-Saturday,21:18,2100 Hours,District 6 (East Central),DAVENPORT,SCOTT,,IA 461/BRADY ST & E 29TH ST,Collision with:  Parked motor vehicle,On Roadway,Unknown,Improper Backing,None Indicated,,Dark - roadway not lighted,Dry,Clear,None apparent,Non-intersection:  Non-junction/no special feature,Paved,,Property Damage Only,0,0,0,0,0,0,2000,2,2,,POINT (-90.570681662889 41.549684283186)
2014817842,S14-003731,09/20/2014,09-September,7-Saturday,00:26,0000 Hours,District 4 (Southwest),,POTTAWATTAMIE,,260TH ST & GREENVIEW RD,Collision with fixed object:  Bridge overhead structure,On Roadway,Non-collision (single vehicle),Swerving/Evasive Action,Alcohol (< Statutory),,Dark - roadway not lighted,Dry,Cloudy,None apparent,Non-intersection:  Non-junction/no special feature,Unpaved,,Property Damage Only,0,0,0,0,0,0,5000,1,1,,POINT (-95.689608455621 41.239616155473)
2014824743,1409-066,09/20/2014,09-September,7-Saturday,14:25,1400 Hours,District 3 (Northwest),,OSCEOLA,,Co Rd A18/120TH ST & Co Rd L54/SORREL AVE,Collision with:  Vehicle in traffic,On Roadway,Broadside (front to side),Ran Stop Sign,None Indicated,,Daylight,Dry,Clear,None apparent,Intersection:  Four-way intersection,Unpaved,,Minor Injury,0,1,0,1,0,0,18000,2,2,,POINT (-95.604349729231 43.476072415788)
2014818072,14-001148,09/20/2014,09-September,7-Saturday,11:18,1100 Hours,District 1 (Central),JOHNSTON,POLK,,NW 103RD ST,Collision with:  Vehicle in traffic,On Roadway,"Sideswipe, same direction",Other (explain in narrative):  Other,None Indicated,,Daylight,Dry,Cloudy,None apparent,Non-intersection:  Non-junction/no special feature,Paved,,Property Damage Only,0,0,0,0,0,0,7000,2,1,,POINT (-93.760573563755 41.668476432255)
2014822192,14-09044,09/20/2014,09-September,7-Saturday,00:11,0000 Hours,District 5 (Southeast),MOUNT PLEASANT,HENRY,,E MONROE ST & S IRIS ST & N IRIS ST,Collision with fixed object:  Utility pole/light support,Outside trafficway,Non-collision (single vehicle),Equipment failure,None Indicated,,Dark - roadway lighted,Dry,Clear,None apparent,Intersection:  T-intersection,Paved,,Property Damage Only,0,0,0,0,0,0,2500,1,2,,POINT (-91.525503893076 40.964950072111)
2014817587,W14-094689,09/20/2014,09-September,7-Saturday,14:35,1400 Hours,District 2 (Northeast),WATERLOO,BLACK HAWK,I-380,I-380 & US 218/WASHINGTON ST & E MITCHELL AVE,Collision with:  Vehicle in traffic,On Roadway,"Sideswipe, same direction",Followed too close,None Indicated,,Daylight,Dry,Clear,None apparent,Non-intersection:  Non-junction/no special feature,Paved,,Possible/Unknown,0,2,0,0,2,0,2000,2,3,,POINT (-92.32212794775 42.476605683429)
2014817851,14-2934,09/20/2014,09-September,7-Saturday,09:55,0900 Hours,District 1 (Central),FORT DODGE,WEBSTER,,6TH AVE N & N 15TH ST,Collision with:  Vehicle in traffic,Shoulder,Broadside (front to side),Ran Traffic Signal,None Indicated,,Daylight,Wet,Rain,None apparent,Intersection:  Four-way intersection,Paved,,Property Damage Only,0,0,0,0,0,0,10000,2,2,,POINT (-94.17796377439 42.511884676212)
2014817774,14-4681,09/20/2014,09-September,7-Saturday,18:03,1800 Hours,District 4 (Southwest),WEST DES MOINES,DALLAS,,JORDAN CREEK PKWY,Collision with:  Vehicle in traffic,On Roadway,Rear-end (front to rear),Driving too fast for conditions,None Indicated,,Daylight,Dry,Clear,None apparent,Intersection:  Four-way intersection,Paved,,Possible/Unknown,0,1,0,0,1,0,5000,3,4,,POINT (-93.808893821728 41.599836384583)
2014818263,,09/20/2014,09-September,7-Saturday,19:59,1900 Hours,District 5 (Southeast),,WASHINGTON,US 218,US 218,Collision with:  Animal,On Roadway,Non-collision (single vehicle),Animal,None Indicated,,Dark - roadway not lighted,Dry,Clear,,Non-intersection:  Non-junction/no special feature,Paved,,Property Damage Only,0,0,0,0,0,0,3612,1,3,,POINT (-91.537814001869 41.260179799583)
2014817696,20140027862,09/20/2014,09-September,7-Saturday,07:58,0700 Hours,District 1 (Central),DES MOINES,POLK,I-235,I-235 & SCHOOL ST & 19TH ST,Collision with:  Vehicle in traffic,On Roadway,Broadside (front to side),Ran Traffic Signal,None Indicated,,Daylight,Wet,Rain,None apparent,Intersection:  Four-way intersection,Paved,,Possible/Unknown,0,3,0,0,3,0,7500,2,4,,POINT (-93.642568793868 41.595310869164)
2014817794,CL14003338,09/20/2014,09-September,7-Saturday,15:00,1500 Hours,District 6 (East Central),CLINTON,CLINTON,,25TH AVE S,Collision with:  Parked motor vehicle,On Roadway,"Sideswipe, same direction",Unknown,None Indicated,,Daylight,Unknown,Unknown,None apparent,Non-intersection:  Non-junction/no special feature,Paved,,Property Damage Only,0,0,0,0,0,0,2000,2,1,,POINT (-90.218912218644 41.820343821409)
2014817623,201413974,09/20/2014,09-September,7-Saturday,18:10,1800 Hours,District 6 (East Central),CEDAR RAPIDS,LINN,,JACOLYN DR SW & JACOLYN DR NW & JOHNSON AVE NW,Collision with:  Vehicle in traffic,On Roadway,Broadside (front to side),FTYROW:  From stop sign,None Indicated,,Daylight,Dry,Clear,None apparent,Intersection:  Four-way intersection,Paved,,Minor Injury,0,1,0,1,0,0,12000,2,3,,POINT (-91.731839961013 41.968927462995)
2014817759,14-31113,09/20/2014,09-September,7-Saturday,12:00,1200 Hours,District 3 (Northwest),SIOUX CITY,WOODBURY,,S NICOLET ST,Collision with:  Vehicle in traffic,On Roadway,Broadside (front to side),FTYROW:  From driveway,None Indicated,,Daylight,Dry,Clear,None apparent,Non-intersection:  Driveway access (within),Paved,,Property Damage Only,0,0,0,0,0,0,3500,2,2,,POINT (-96.351255856136 42.468501101116)
2014817603,14-33535,09/20/2014,09-September,7-Saturday,08:30,0800 Hours,District 5 (Southeast),,DES MOINES,US 34,US 34,Non-collision events:  Other non-collision (explain in narrative),On Roadway,Non-collision (single vehicle),Ran off road - left,None Indicated,,Daylight,Dry,Cloudy,None apparent,Non-intersection:  Non-junction/no special feature,Paved,,Major Injury,0,1,1,0,0,0,1000,1,1,,POINT (-91.21077938771 40.835187343426)
2014818139,2014054382,09/20/2014,09-September,7-Saturday,02:38,0200 Hours,District 1 (Central),,JASPER,I-80,I-80,Collision with fixed object:  Guardrail - face,Median,Non-collision (single vehicle),Ran off road - left,None Indicated,,Dark - roadway not lighted,Dry,Cloudy,None apparent,Non-intersection:  Non-junction/no special feature,Paved,,Property Damage Only,0,0,0,0,0,0,25598,1,1,,POINT (-93.195589997317 41.696677087875)
2014817757,14-31092,09/20/2014,09-September,7-Saturday,05:05,0500 Hours,District 3 (Northwest),SIOUX CITY,WOODBURY,,SEGER AVE & S CORAL ST,Collision with fixed object:  Tree,On Roadway,"Sideswipe, opposite direction",Ran Stop Sign,None Indicated,,Dark - roadway lighted,Dry,Clear,None apparent,Intersection:  Four-way intersection,Paved,,Property Damage Only,0,0,0,0,0,0,4000,2,3,,POINT (-96.363357209685 42.459871056211)
2014817850,14-2932,09/20/2014,09-September,7-Saturday,09:13,0900 Hours,District 1 (Central),FORT DODGE,WEBSTER,,S 17TH ST,Collision with:  Vehicle in traffic,On Roadway,Rear-end (front to rear),Lost Control,None Indicated,,Daylight,Wet,Rain,None apparent,Non-intersection:  Non-junction/no special feature,Paved,,Property Damage Only,0,0,0,0,0,0,8500,2,1,,POINT (-94.174780367424 42.494644411486)
2014818841,2014-66558,09/20/2014,09-September,7-Saturday,16:50,1600 Hours,District 6 (East Central),DAVENPORT,SCOTT,,FEDERAL ST & CHARLOTTE ST,Collision with:  Vehicle in traffic,On Roadway,"Angle, oncoming left turn",FTYROW:  Making left turn,None Indicated,,Daylight,Dry,Clear,None apparent,Non-intersection:  Alley,Paved,,Property Damage Only,0,0,0,0,0,0,7500,2,3,,POINT (-90.56583118692 41.52526436491)
2014817846,CL14003330,09/20/2014,09-September,7-Saturday,08:45,0800 Hours,District 6 (East Central),CLINTON,CLINTON,,S 23RD ST,Collision with:  Parked motor vehicle,On Roadway,"Sideswipe, same direction",Driver Distraction:  Manual operation of an electronic communication device,None Indicated,,Daylight,Dry,Cloudy,None apparent,Non-intersection:  Non-junction/no special feature,Paved,,Property Damage Only,0,0,0,0,0,0,2500,2,1,,POINT (-90.240532436005 41.83216787431)
2014818310,14-020920-01,09/20/2014,09-September,7-Saturday,12:40,1200 Hours,District 6 (East Central),,IOWA,US 151,US 151/42ND AVE,Collision with:  Animal,,,Animal,None Indicated,,,,,,,Paved,,Property Damage Only,0,0,0,0,0,0,4500,1,1,,POINT (-91.864011431594 41.777911067368)
2014819134,2014-037947,09/20/2014,09-September,7-Saturday,06:35,0600 Hours,District 6 (East Central),DUBUQUE,DUBUQUE,IA 32,IA 32/IA32 NW ARTERIAL,Collision with:  Vehicle in traffic,On Roadway,Rear-end (front to rear),Lost Control,Alcohol (Statutory),,Dawn,Dry,Cloudy,None apparent,Intersection:  Four-way intersection,Paved,,Minor Injury,0,2,0,1,1,0,200,2,3,,POINT (-90.739158930045 42.488807481317)
2014817865,CL14003331,09/20/2014,09-September,7-Saturday,09:00,0900 Hours,District 6 (East Central),CLINTON,CLINTON,,BUELL AVE & N 3RD ST,Collision with:  Vehicle in traffic,On Roadway,Broadside (front to side),FTYROW:  From stop sign,None Indicated,,Daylight,Dry,Cloudy,None apparent,Intersection:  Four-way intersection,Paved,,Possible/Unknown,0,1,0,0,1,0,6500,2,2,,POINT (-90.183751789441 41.872611117933)
2014817916,2014054445,09/20/2014,09-September,7-Saturday,14:05,1400 Hours,District 6 (East Central),,JOHNSON,I-380,I-380,Collision with:  Vehicle in traffic,On Roadway,Rear-end (front to rear),Followed too close,None Indicated,,Daylight,Wet,Cloudy,Work Zone (roadway-related),Non-intersection:  Non-junction/no special feature,Paved,Yes,Minor Injury,0,1,0,1,0,0,25000,2,4,,POINT (-91.658264863344 41.825805434472)
2014818030,14-014706,09/20/2014,09-September,7-Saturday,07:19,0700 Hours,District 2 (Northeast),,FLOYD,,GILBERT ST,Collision with:  Animal,,,Animal,None Indicated,,,,,,,Paved,,Property Damage Only,0,0,0,0,0,0,2000,1,1,,POINT (-92.700446789333 43.078475819798)
2014818610,147422PD,09/20/2014,09-September,7-Saturday,15:48,1500 Hours,District 1 (Central),BOONE,BOONE,US 30,US 30/220TH ST & CROWN FLAIR DR 220TH CONN & SE MARSHALL 220TH CONN,Collision with:  Vehicle in traffic,On Roadway,Broadside (front to side),Ran Stop Sign,None Indicated,,Daylight,Dry,Clear,None apparent,Intersection:  Four-way intersection,Paved,,Possible/Unknown,0,1,0,0,1,0,16000,2,3,,POINT (-93.86401202905 42.034537783036)
2014818141,2014054423,09/20/2014,09-September,7-Saturday,11:11,1100 Hours,District 1 (Central),,JASPER,I-80,I-80,Collision with:  Vehicle in traffic,On Roadway,"Sideswipe, same direction",Improper or erratic lane changing,None Indicated,,Daylight,Dry,Cloudy,None apparent,Non-intersection:  Non-junction/no special feature,Paved,,Property Damage Only,0,0,0,0,0,0,38048,2,2,,POINT (-93.176341111365 41.689214289298)
2014817712,14-2082,09/20/2014,09-September,7-Saturday,13:18,1300 Hours,District 1 (Central),URBANDALE,POLK,,DOUGLAS AVE & 68TH ST,Collision with:  Other non-fixed object (explain in narrative),On Roadway,Non-collision (single vehicle),Ran off road - right,None Indicated,,Daylight,Dry,Clear,None apparent,Non-intersection:  Non-junction/no special feature,Paved,,Property Damage Only,0,0,0,0,0,0,8500,1,2,,POINT (-93.709800022867 41.629376972974)
2014817869,14-25030,09/20/2014,09-September,7-Saturday,20:54,2000 Hours,District 1 (Central),NEWTON,JASPER,IA 14,IA 14/IOWA 14 N,Non-collision events:  Other non-collision (explain in narrative),On Roadway,Non-collision (single vehicle),Lost Control,None Indicated,,Dark - roadway not lighted,Dry,Clear,None apparent,Non-intersection:  Non-junction/no special feature,Paved,,Minor Injury,0,1,0,1,0,0,900,1,1,,POINT (-93.066692901307 41.714126870588)
2014817978,W14-094821,09/20/2014,09-September,7-Saturday,21:32,2100 Hours,District 2 (Northeast),WATERLOO,BLACK HAWK,IA 934,IA 934/UNIVERSITY AVE & FRONTAGE RD,Collision with:  Vehicle in traffic,On Roadway,Broadside (front to side),Ran Traffic Signal,None Indicated,,Dark - roadway lighted,Wet,Rain,None apparent,Intersection:  Four-way intersection,Paved,,Property Damage Only,0,0,0,0,0,0,6000,2,2,,POINT (-92.389154354957 42.501136203272)
2014819631,14.0354,09/21/2014,09-September,1-Sunday,21:00,2100 Hours,District 5 (Southeast),PLEASANTON,DECATUR,,260TH ST,Collision with fixed object:  Ditch,,,Ran off road - left,None Indicated,,,,,,,Unpaved,,Property Damage Only,0,0,0,0,0,0,5000,1,1,,POINT (-93.745569915489 40.66207069618)
2014818059,14-040139,09/21/2014,09-September,1-Sunday,03:48,0300 Hours,District 5 (Southeast),MUSCATINE,MUSCATINE,,MAIN ST,Collision with:  Vehicle in traffic,Roadside,"Sideswipe, opposite direction",Lost Control,None Indicated,,Dark - roadway lighted,Dry,Clear,None apparent,Non-intersection:  Non-junction/no special feature,Paved,,Property Damage Only,0,0,0,0,0,0,2600,3,777,,POINT (-91.05882298738 41.41765712379)
2014817652,14-6212,09/21/2014,09-September,1-Sunday,11:05,1100 Hours,District 1 (Central),,POLK,US 65,US 65/SE RAMP,Collision with:  Vehicle in traffic,On Roadway,Rear-end (front to rear),Followed too close,None Indicated,,Daylight,Dry,Clear,Other (explain in narrative),Non-intersection:  Non-junction/no special feature,Paved,Yes,Property Damage Only,0,0,0,0,0,0,4000,2,5,,POINT (-93.520686542334 41.514978675008)
2014817762,14-31229,09/21/2014,09-September,1-Sunday,02:23,0200 Hours,District 3 (Northwest),SIOUX CITY,WOODBURY,,ORLEANS AVE,Collision with fixed object:  Utility pole/light support,Roadside,Non-collision (single vehicle),Ran off road - right,Alcohol (Statutory),,Dark - roadway lighted,Dry,Clear,None apparent,Non-intersection:  Non-junction/no special feature,Paved,,Minor Injury,0,1,0,1,0,0,13000,1,1,,POINT (-96.356993231464 42.471394560879)
2014817959,14-0502,09/21/2014,09-September,1-Sunday,12:48,1200 Hours,District 4 (Southwest),STUART,ADAIR,I-80,I-80 & S DIVISION ST,Collision with:  Vehicle in traffic,On Roadway,Rear-end (front to rear),Crossed centerline (undivided),None Indicated,,Daylight,Dry,Clear,None apparent,Interchange-related:  Off-ramp,Paved,,Possible/Unknown,0,3,0,0,3,0,1000,2,5,,POINT (-94.318498181964 41.495106282066)
2014818115,14-001102,09/21/2014,09-September,1-Sunday,17:11,1700 Hours,District 1 (Central),,STORY,,520TH AVE,Collision with fixed object:  Ditch,On Roadway,Non-collision (single vehicle),Crossed centerline (undivided),None Indicated,,Daylight,Dry,Clear,None apparent,Non-intersection:  Non-junction/no special feature,Unpaved,,Possible/Unknown,0,1,0,0,1,0,4500,1,1,,POINT (-93.658981025069 41.882100246717)
2014817810,14-4689,09/21/2014,09-September,1-Sunday,10:30,1000 Hours,District 4 (Southwest),WEST DES MOINES,DALLAS,I-80,I-80 & JORDAN CREEK PKWY,Collision with:  Vehicle in traffic,On Roadway,Rear-end (front to rear),Followed too close,None Indicated,,Daylight,Dry,Clear,None apparent,Intersection:  Four-way intersection,Paved,,Property Damage Only,0,0,0,0,0,0,3000,2,4,,POINT (-93.809013442289 41.590197842721)
2014818276,W14-094893,09/21/2014,09-September,1-Sunday,00:01,0000 Hours,District 2 (Northeast),WATERLOO,BLACK HAWK,,W 3RD ST & JEFFERSON ST,Collision with:  Parked motor vehicle,On Roadway,Rear-end (front to rear),Driver Distraction:  Manual operation of an electronic communication device,Refused,,Dark - roadway lighted,Dry,Clear,None apparent,Intersection:  Four-way intersection,Paved,,Property Damage Only,0,0,0,0,0,0,6000,2,1,,POINT (-92.342864980376 42.495755813128)
2014818221,14-008363,09/21/2014,09-September,1-Sunday,14:10,1400 Hours,District 4 (Southwest),ATLANTIC,CASS,,PALM ST,Collision with:  Parked motor vehicle,On Roadway,Broadside (front to side),Improper Backing,None Indicated,,Daylight,Dry,Cloudy,None apparent,Non-intersection:  Non-junction/no special feature,Paved,,Property Damage Only,0,0,0,0,0,0,1900,2,1,,POINT (-95.022721440971 41.380656630707)
2014819248,14-33678,09/21/2014,09-September,1-Sunday,02:00,0200 Hours,District 5 (Southeast),MEDIAPOLIS,DES MOINES,,Co Rd H38/MEDIAPOLIS RD,Non-collision events:  Overturn/rollover,Outside trafficway,Non-collision (single vehicle),Ran off road - right,None Indicated,,Dark - roadway not lighted,Dry,Cloudy,None apparent,Non-intersection:  Non-junction/no special feature,Paved,,Major Injury,0,1,1,0,0,0,15000,1,1,,POINT (-91.05227286862 41.015455780294)
2014819180,14-005475,09/21/2014,09-September,1-Sunday,09:59,0900 Hours,District 2 (Northeast),CORWITH,HANCOCK,,1ST ST & ELM ST,Collision with:  Vehicle in traffic,On Roadway,Broadside (front to side),FTYROW:  From stop sign,None Indicated,,Daylight,Dry,Clear,None apparent,Intersection:  Four-way intersection,Paved,,Property Damage Only,0,0,0,0,0,0,8500,2,2,,POINT (-93.957332108184 42.992747301833)
2014817899,2014-66729,09/21/2014,09-September,1-Sunday,08:41,0800 Hours,District 6 (East Central),DAVENPORT,SCOTT,,IA 461/BRADY ST & E 29TH ST,Collision with:  Vehicle in traffic,On Roadway,Broadside (front to side),FTYROW:  Making right turn on red signal,None Indicated,,Daylight,Dry,Clear,None apparent,Non-intersection:  Non-junction/no special feature,Paved,,Property Damage Only,0,0,0,0,0,0,4000,2,2,,POINT (-90.570659052046 41.549647779543)
2014817689,20140028034,09/21/2014,09-September,1-Sunday,21:10,2100 Hours,District 1 (Central),DES MOINES,POLK,,E ARMY POST RD & SE 5TH ST,Collision with:  Vehicle in traffic,On Roadway,Broadside (front to side),Unknown,None Indicated,,Dark - roadway lighted,Dry,Clear,None apparent,Intersection:  Four-way intersection,Paved,,Possible/Unknown,0,3,0,0,3,0,10000,2,6,,POINT (-93.606431092588 41.526367155413)
2014817734,891406222,09/21/2014,09-September,1-Sunday,16:50,1600 Hours,District 5 (Southeast),,VAN BUREN,IA 81,IA 81/IOWA 81 & WILLOW AVE,Collision with:  Vehicle in traffic,On Roadway,Rear-end (front to rear),FTYROW:  Other (explain in narrative),None Indicated,,Daylight,Dry,Clear,None apparent,Intersection:  T-intersection,Paved,,Property Damage Only,0,0,0,0,0,0,3500,2,3,,POINT (-91.750533077444 40.637484225056)
2014818313,14-060921-01,09/21/2014,09-September,1-Sunday,16:55,1600 Hours,District 6 (East Central),,IOWA,,Co Rd F52/F52 TRL & Co Rd V44/D AVE,Collision with:  Vehicle in traffic,On Roadway,Broadside (front to side),FTYROW:  From stop sign,None Indicated,,Daylight,Dry,Cloudy,None apparent,Intersection:  Four-way intersection,Paved,,Property Damage Only,0,0,0,0,0,0,6000,2,4,,POINT (-92.239488389938 41.575351735947)
2014818034,14-25071,09/21/2014,09-September,1-Sunday,07:41,0700 Hours,District 1 (Central),KELLOGG,JASPER,US 6,US 6/US 6 E,Non-collision events:  Overturn/rollover,Shoulder,Non-collision (single vehicle),Crossed centerline (undivided),Alcohol (Statutory),,Dark - roadway not lighted,Dry,Clear,None apparent,Non-intersection:  Non-junction/no special feature,Paved,,Minor Injury,0,1,0,1,0,0,10200,1,1,,POINT (-92.921792722574 41.702716589604)
2014819170,2014012867,09/21/2014,09-September,1-Sunday,13:07,1300 Hours,District 6 (East Central),,DUBUQUE,US 61,US 61 & Co Rd D53/HIGGINSPORT RD/HAXBYLANE RD,Collision with:  Vehicle in traffic,On Roadway,Broadside (front to side),FTYROW:  Making left turn,None Indicated,,Daylight,Dry,Cloudy,None apparent,Non-intersection:  Crossover-related,Paved,,Property Damage Only,0,0,0,0,0,0,1800,2,2,,POINT (-90.694602033587 42.338565739662)
2014818426,20143467,09/21/2014,09-September,1-Sunday,20:20,2000 Hours,District 1 (Central),,GRUNDY,US 20,US 20,Collision with:  Animal,,,Animal,None Indicated,,,,,,,Paved,,Property Damage Only,0,0,0,0,0,0,6000,1,1,,POINT (-92.570011207756 42.463655438302)
2014818227,14-012826,09/21/2014,09-September,1-Sunday,06:17,0600 Hours,District 2 (Northeast),,FAYETTE,IA 3,IA 3/35TH ST,Collision with:  Animal,,,Animal,None Indicated,,,,,,,Paved,,Property Damage Only,0,0,0,0,0,0,2500,1,1,,POINT (-91.84450939496 42.679959331733)
2014818607,14-7459PD,09/21/2014,09-September,1-Sunday,17:58,1700 Hours,District 1 (Central),BOONE,BOONE,,W MAMIE EISENHOWER AVE & WEBSTER ST,Collision with:  Non-motorist (see non-motorist section - NOT a unit),On Roadway,Non-collision (single vehicle),Other (explain in narrative):  No improper action,None Indicated,,Daylight,Dry,Cloudy,None apparent,Intersection:  Four-way intersection,Paved,,Possible/Unknown,0,1,0,0,1,0,0,1,3,,POINT (-93.909427900578 42.059314969789)
2014817838,14008232,09/21/2014,09-September,1-Sunday,04:49,0400 Hours,District 6 (East Central),,DELAWARE,,Co Rd X47/300TH AVE,Non-collision events:  Overturn/rollover,Roadside,Non-collision (single vehicle),Ran off road - left,Alcohol (Statutory),,Dark - roadway not lighted,Wet,Clear,None apparent,Non-intersection:  Non-junction/no special feature,Paved,,Minor Injury,0,1,0,1,0,0,9000,1,1,,POINT (-91.212958591242 42.585548207956)
2014820235,A14068,09/21/2014,09-September,1-Sunday,13:38,1300 Hours,District 5 (Southeast),KNOXVILLE,MARION,IA 14,IA 14/LINCOLN ST & W ROBINSON ST,Collision with:  Vehicle in traffic,On Roadway,"Angle, oncoming left turn",FTYROW:  Making left turn,None Indicated,,Daylight,Dry,Cloudy,Other (explain in narrative),Intersection:  Four-way intersection,Paved,,Minor Injury,0,2,0,1,1,0,7000,3,4,,POINT (-93.109527272728 41.317983418321)
2014818163,142885,09/21/2014,09-September,1-Sunday,15:52,1500 Hours,District 3 (Northwest),ASPINWALL,CRAWFORD,IA 141,IA 141/IOWA 141,Non-collision events:  Other non-collision (explain in narrative),On Roadway,Rear-end (front to rear),Driver Distraction:  Inattentive/lost in thought,None Indicated,,Daylight,Dry,Clear,None apparent,Non-intersection:  Non-junction/no special feature,Paved,,Possible/Unknown,0,1,0,0,1,0,5000,2,4,,POINT (-95.132473610294 41.906922882394)
2014818118,14-196,09/21/2014,09-September,1-Sunday,11:40,1100 Hours,District 2 (Northeast),WAVERLY,BREMER,,7TH AVE SE,Collision with:  Animal,On Roadway,Non-collision (single vehicle),Animal,None Indicated,,Daylight,Dry,Cloudy,None apparent,Non-intersection:  Non-junction/no special feature,Paved,,Property Damage Only,0,0,0,0,0,0,1500,1,1,,POINT (-92.470430291638 42.718397202942)
2014817677,20140027956,09/21/2014,09-September,1-Sunday,07:13,0700 Hours,District 1 (Central),DES MOINES,POLK,,ARMY POST RD & CHAFFEE RD & S UNION ST,Collision with:  Vehicle in traffic,On Roadway,"Sideswipe, same direction",Ran Traffic Signal,None Indicated,,Daylight,Dry,Clear,None apparent,Intersection:  Four-way intersection,Paved,,Property Damage Only,0,0,0,0,0,0,4500,2,2,,POINT (-93.616080155612 41.526387927166)
2014836624,2014-193,09/21/2014,09-September,1-Sunday,00:15,0000 Hours,District 4 (Southwest),GRANGER,DALLAS,,TWIN EAGLES DR & JUNIPER PL,Collision with:  Other non-fixed object (explain in narrative),Shoulder,Non-collision (single vehicle),"Operating vehicle in an reckless, erratic, careless, negligent manner",None Indicated,,Dark - roadway lighted,Dry,Clear,None apparent,Intersection:  Other intersection (explain in narrative),Paved,,Property Damage Only,0,0,0,0,0,0,6500,1,2,,POINT (-93.812916812462 41.754738598143)
2014827833,2014054603,09/21/2014,09-September,1-Sunday,17:00,1700 Hours,District 5 (Southeast),OSKALOOSA,MAHASKA,IA 163,IA 163/IOWA 163,Collision with:  Animal,On Roadway,Non-collision (single vehicle),Animal,None Indicated,,Daylight,Dry,Cloudy,None apparent,Non-intersection:  Non-junction/no special feature,Paved,,Possible/Unknown,0,1,0,0,1,0,5000,1,1,,POINT (-92.666028474151 41.278448382564)
2014818265,,09/21/2014,09-September,1-Sunday,17:50,1700 Hours,District 6 (East Central),CEDAR RAPIDS,LINN,,WILSON AVE SW & EDGEWOOD RD SW,Collision with:  Vehicle in traffic,On Roadway,Rear-end (front to rear),Unknown,None Indicated,,Daylight,Dry,Clear,,Intersection:  Four-way intersection,Paved,,Property Damage Only,0,0,0,0,0,0,3000,2,2,,POINT (-91.716267883224 41.956487540699)
2014817716,14-002183,09/21/2014,09-September,1-Sunday,07:15,0700 Hours,District 1 (Central),ALTOONA,POLK,,8TH ST SW & 28TH AVE SW,Collision with:  Vehicle in traffic,On Roadway,Rear-end (front to rear),Other (explain in narrative):  Vision obstructed,Alcohol (Statutory),,Dawn,Dry,Clear,None apparent,Non-intersection:  Non-junction/no special feature,Paved,,Possible/Unknown,0,1,0,0,1,0,4000,2,4,,POINT (-93.498069074925 41.644108249342)