Iowa DOT Case Number,Law Enforcement Case Number,Date of Crash,Month of Crash,Day of Week,Time of Crash,Hour,DOT District,City Name,County Name,Route with System,Location Description,First Harmful Event,Location of First Harmful Event,Manner of Crash/Collision,Major Cause,Drug or Alcohol ,Environmental Conditions,Light Conditions,Surface Conditions,Weather Conditions,Roadway Contribution,Roadway Type,Roadway Surface,Work Zone,Crash Severity,Number of Fatalities,Number of Injuries,Number of Major Injuries,Number of Minor Injuries,Number of Possible Injuries,Number of Unknown Injuries,Amount of Property Damage,Number of Vehicles Involved,Total Number of Occupants,Travel Direction,Location
2014818447,2014-66679,09/21/2014,09-September,1-Sunday,02:03,0200 Hours,District 6 (East Central),DAVENPORT,SCOTT,,W LOCUST ST & RIPLEY ST,Collision with:  Vehicle in traffic,On Roadway,Broadside (front to side),FTYROW:  From stop sign,Alcohol (Statutory),,Dark - roadway lighted,Dry,Cloudy,None apparent,Intersection:  Four-way intersection,Paved,,Minor Injury,0,1,0,1,0,0,3000,2,6,,POINT (-90.578492962252 41.538275907649)
2014818073,14-001151,09/21/2014,09-September,1-Sunday,10:23,1000 Hours,District 1 (Central),JOHNSTON,POLK,,NW 57TH AVE & MERLE HAY RD,Collision with:  Vehicle in traffic,On Roadway,"Angle, oncoming left turn",FTYROW:  From stop sign,None Indicated,,Daylight,Dry,Clear,None apparent,Intersection:  T-intersection,Paved,,Property Damage Only,0,0,0,0,0,0,3000,2,2,,POINT (-93.697662794288 41.66388559054)
2014818522,1400000830,09/21/2014,09-September,1-Sunday,14:07,1400 Hours,District 1 (Central),MARSHALLTOWN,MARSHALL,,270TH ST,Collision with fixed object:  Ditch,Shoulder,Non-collision (single vehicle),Ran off road - right,None Indicated,,Daylight,Dry,Clear,None apparent,Non-intersection:  Non-junction/no special feature,Unpaved,,Property Damage Only,0,0,0,0,0,0,16000,1,1,,POINT (-92.808869255215 41.963658984544)
2014817767,14-31315,09/21/2014,09-September,1-Sunday,18:30,1800 Hours,District 3 (Northwest),SIOUX CITY,WOODBURY,I-29,I-29 & US 77,Collision with:  Vehicle in traffic,On Roadway,Rear-end (front to rear),Followed too close,Refused,,Daylight,Dry,Clear,None apparent,Non-intersection:  Other non-intersection (explain in narrative),Paved,,Minor Injury,0,2,0,1,1,0,6500,4,10,,POINT (-96.413094973962 42.491175458378)
2014818379,14-31328,09/21/2014,09-September,1-Sunday,18:43,1800 Hours,District 3 (Northwest),SIOUX CITY,WOODBURY,,22ND ST & DOUGLAS ST,Collision with fixed object:  Tree,Outside trafficway,Non-collision (single vehicle),Ran Stop Sign,None Indicated,,Dusk,Dry,Clear,None apparent,Intersection:  T-intersection,Paved,,Property Damage Only,0,0,0,0,0,0,6000,1,3,,POINT (-96.406640072041 42.513221581666)
2014818756,20140027971,09/21/2014,09-September,1-Sunday,09:26,0900 Hours,District 1 (Central),DES MOINES,POLK,,58TH ST,Collision with:  Parked motor vehicle,On Roadway,Unknown,Unknown,None Indicated,,Daylight,Dry,Clear,None apparent,Non-intersection:  Non-junction/no special feature,Paved,,Property Damage Only,0,0,0,0,0,0,2000,2,1,,POINT (-93.697298546732 41.600026985582)
2014818318,201414010,09/21/2014,09-September,1-Sunday,04:45,0400 Hours,District 6 (East Central),CEDAR RAPIDS,LINN,I-380,I-380,Non-collision events:  Other non-collision (explain in narrative),On Roadway,Non-collision (single vehicle),Ran off road - left,None Indicated,,Dark - roadway not lighted,Dry,Clear,None apparent,Non-intersection:  Non-junction/no special feature,Paved,,Minor Injury,0,1,0,1,0,0,3500,1,2,,POINT (-91.670933890866 41.950747862383)
2014818222,14-008367,09/21/2014,09-September,1-Sunday,17:10,1700 Hours,District 4 (Southwest),ATLANTIC,CASS,,10TH ST & PLUM ST,Collision with:  Vehicle in traffic,On Roadway,Broadside (front to side),FTYROW:  From stop sign,None Indicated,,Daylight,Dry,Cloudy,None apparent,Unknown,Paved,,Possible/Unknown,0,2,0,0,2,0,11500,2,2,,POINT (-94.996409628937 41.40087750604)
2014817809,14-4687,09/21/2014,09-September,1-Sunday,07:18,0700 Hours,District 1 (Central),WEST DES MOINES,POLK,I-235,I-235,Collision with fixed object:  Utility pole/light support,On Roadway,Non-collision (single vehicle),Swerving/Evasive Action,None Indicated,,Daylight,Dry,Clear,None apparent,Non-intersection:  Non-junction/no special feature,Paved,,Major Injury,0,2,1,0,0,1,14130,1,3,,POINT (-93.718728002036 41.593346763755)
2014818085,14-018429,09/21/2014,09-September,1-Sunday,21:30,2100 Hours,District 2 (Northeast),,BREMER,IA 93,IA 93/IOWA 93,Collision with:  Animal,,,Animal,None Indicated,,,,,,,Paved,,Property Damage Only,0,0,0,0,0,0,2500,1,1,,POINT (-92.213900884083 42.847528652512)
2014818291,14016591,09/21/2014,09-September,1-Sunday,16:17,1600 Hours,District 2 (Northeast),MASON CITY,CERRO GORDO,IA 122,IA 122/4TH ST SW & S PIERCE AVE,Collision with:  Vehicle in traffic,On Roadway,"Angle, oncoming left turn",FTYROW:  Making left turn,None Indicated,,Daylight,Dry,Cloudy,None apparent,Intersection:  Four-way intersection,Paved,,Property Damage Only,0,0,0,0,0,0,4000,2,2,,POINT (-93.221000636391 43.148361463045)
2014818598,147080,09/21/2014,09-September,1-Sunday,23:35,2300 Hours,District 4 (Southwest),,DALLAS,US 6,US 6/N AVE,Non-collision events:  Other non-collision (explain in narrative),On Roadway,Non-collision (single vehicle),Exceeded authorized speed,None Indicated,,Dark - roadway not lighted,Dry,Clear,None apparent,Non-intersection:  Other non-intersection (explain in narrative),Paved,,Possible/Unknown,0,1,0,0,1,0,5000,1,1,,POINT (-94.012547611428 41.554250060402)
2014818319,201414039,09/21/2014,09-September,1-Sunday,22:19,2200 Hours,District 6 (East Central),CEDAR RAPIDS,LINN,,NORTHWOOD DR NE,Collision with fixed object:  Curb/island/raised median,Outside trafficway,Non-collision (single vehicle),Exceeded authorized speed,None Indicated,,Dark - roadway lighted,Dry,Clear,None apparent,Intersection:  T-intersection,Paved,,Property Damage Only,0,0,0,0,0,0,3300,1,1,,POINT (-91.675307762966 42.014491943117)
2014818572,130-2014,09/21/2014,09-September,1-Sunday,04:30,0400 Hours,District 4 (Southwest),,HARRISON,,Co Rd F20L/EASTON TRL,Collision with fixed object:  Tree,,,Unknown,None Indicated,,,,,,,Paved,,Property Damage Only,0,0,0,0,0,0,1500,1,1,,POINT (-95.771200876839 41.768358324516)
2014817967,,09/21/2014,09-September,1-Sunday,16:27,1600 Hours,District 4 (Southwest),EXIRA,AUDUBON,,KILWORTH ST,Non-collision events:  Overturn/rollover,On Roadway,Non-collision (single vehicle),Driving too fast for conditions,None Indicated,,Daylight,Dry,Clear,None apparent,Non-intersection:  Non-junction/no special feature,Paved,,Possible/Unknown,0,1,0,0,1,0,1600,1,1,,POINT (-94.875145145163 41.591368920909)
2014817769,14-31327,09/21/2014,09-September,1-Sunday,19:33,1900 Hours,District 3 (Northwest),SIOUX CITY,WOODBURY,IA 12,IA 12/SIOUX RIVER RD,Collision with:  Vehicle in traffic,On Roadway,Head-on (front to front),Crossed centerline (undivided),None Indicated,,Dusk,Dry,Clear,None apparent,Non-intersection:  Non-junction/no special feature,Paved,,Minor Injury,0,5,0,5,0,0,3000,2,4,,POINT (-96.47510518732 42.533233292001)
2014832008,1409210206,09/21/2014,09-September,1-Sunday,02:06,0200 Hours,District 6 (East Central),MONTICELLO,JONES,US 151,US 151,Collision with fixed object:  Culvert/pipe opening,Shoulder,Non-collision (single vehicle),Ran off road - right,Under Influence of Alcohol/Drugs/Medications,,Dark - roadway not lighted,Dry,Cloudy,None apparent,Non-intersection:  Non-junction/no special feature,Paved,,Possible/Unknown,0,1,0,0,1,0,21000,1,3,,POINT (-91.235545925833 42.158074405817)
2014818627,,09/21/2014,09-September,1-Sunday,04:15,0400 Hours,District 2 (Northeast),,WINNEBAGO,IA 9,IA 9/350TH ST,Non-collision events:  Overturn/rollover,On Roadway,Non-collision (single vehicle),Crossed centerline (undivided),None Indicated,,Dark - roadway not lighted,Dry,Clear,None apparent,Non-intersection:  Non-junction/no special feature,Paved,,Property Damage Only,0,0,0,0,0,0,8000,1,2,,POINT (-93.595091809628 43.270104007166)
2014819541,14-008248,09/21/2014,09-September,1-Sunday,18:29,1800 Hours,District 6 (East Central),MANCHESTER,DELAWARE,,E MAIN ST & IOWA ST,Collision with:  Vehicle in traffic,Roadside,Rear-end (front to rear),Other (explain in narrative):  Vision obstructed,None Indicated,,Dusk,Dry,Clear,None apparent,Non-intersection:  Non-junction/no special feature,Paved,,Property Damage Only,0,0,0,0,0,0,8000,2,1,,POINT (-91.448433702525 42.484047318283)
2014818062,14-4943,09/21/2014,09-September,1-Sunday,10:25,1000 Hours,District 6 (East Central),HIAWATHA,LINN,,TOWER TERRACE RD & CENTER POINT RD,Collision with:  Vehicle in traffic,On Roadway,Broadside (front to side),FTYROW:  From stop sign,None Indicated,,Daylight,Dry,Cloudy,None apparent,Intersection:  Four-way intersection,Paved,,Property Damage Only,0,0,0,0,0,0,8000,2,2,,POINT (-91.692249542919 42.058799405702)
2014817666,14-004083,09/21/2014,09-September,1-Sunday,19:45,1900 Hours,District 1 (Central),ANKENY,POLK,,NW 13TH ST,Collision with:  Parked motor vehicle,On Roadway,Unknown,Other (explain in narrative):  No improper action,None Indicated,,Dark - roadway not lighted,Dry,Clear,None apparent,Non-intersection:  Driveway access (within),Paved,,Property Damage Only,0,0,0,0,0,0,1600,2,1,,POINT (-93.647013394598 41.74217407336)
2014818831,14-16222,09/21/2014,09-September,1-Sunday,22:25,2200 Hours,District 5 (Southeast),,DES MOINES,,Co Rd X30/DES MOINES-HENRY AVE,Collision with:  Animal,,,Animal,None Indicated,,,,,,,Unpaved,,Property Damage Only,0,0,0,0,0,0,4000,1,1,,POINT (-91.371816089839 40.903475049283)
2014817826,14-040447,09/21/2014,09-September,1-Sunday,22:38,2200 Hours,District 4 (Southwest),COUNCIL BLUFFS,POTTAWATTAMIE,,MID AMERICA DR & 27TH AVE & S 24TH ST,Collision with:  Vehicle in traffic,On Roadway,Rear-end (front to rear),Followed too close,None Indicated,,Dark - roadway lighted,Dry,Clear,None apparent,Non-intersection:  Non-junction/no special feature,Paved,,Possible/Unknown,0,1,0,0,1,0,6000,3,9,,POINT (-95.879176963792 41.235163667051)
2014821502,14-014799,09/21/2014,09-September,1-Sunday,16:15,1600 Hours,District 2 (Northeast),CHARLES CITY,FLOYD,,13TH AVE,Collision with:  Vehicle in traffic,On Roadway,Rear-end (front to rear),Lost Control,None Indicated,,Daylight,Dry,Clear,None apparent,Non-intersection:  Non-junction/no special feature,Paved,,Property Damage Only,0,0,0,0,0,0,3000,2,2,,POINT (-92.670258262162 43.075006950677)
2014818621,2014054539,09/21/2014,09-September,1-Sunday,04:00,0400 Hours,District 4 (Southwest),SHELBY,POTTAWATTAMIE,I-80,I-80,Collision with:  Animal,,,Animal,None Indicated,,,,,,,Paved,,Property Damage Only,0,0,0,0,0,0,4500,1,1,,POINT (-95.453014898489 41.498781095885)
2014818009,20140027960,09/21/2014,09-September,1-Sunday,07:15,0700 Hours,District 1 (Central),DES MOINES,POLK,,LELAND AVE & FLEUR DR,Collision with:  Parked motor vehicle,Outside trafficway,"Angle, oncoming left turn",Other (explain in narrative):  Other,None Indicated,,Daylight,Dry,Clear,None apparent,Non-intersection:  Non-junction/no special feature,Paved,,Property Damage Only,0,0,0,0,0,0,4000,2,1,,POINT (-93.64497472991 41.528391264912)
2014818408,AP14-0298,09/21/2014,09-September,1-Sunday,07:41,0700 Hours,District 6 (East Central),ANAMOSA,JONES,,PLUM ST,Collision with:  Parked motor vehicle,On Roadway,Rear-end (front to rear),Separation of units,None Indicated,,Daylight,Dry,Clear,None apparent,Non-intersection:  Non-junction/no special feature,Paved,,Property Damage Only,0,0,0,0,0,0,5500,2,777,,POINT (-91.279036435316 42.112939484324)
2014818576,14-0529,09/21/2014,09-September,1-Sunday,06:15,0600 Hours,District 1 (Central),,WEBSTER,,220TH ST & HAYES AVE,Collision with:  Animal,On Roadway,Non-collision (single vehicle),Animal,None Indicated,,Dawn,"Mud, dirt",Clear,None apparent,Intersection:  T-intersection,Unpaved,,Property Damage Only,0,0,0,0,0,0,25000,1,1,,POINT (-94.262327916066 42.472982315678)
2014817686,20140027992,09/21/2014,09-September,1-Sunday,13:11,1300 Hours,District 5 (Southeast),DES MOINES,WARREN,IA 5,IA 5/IOWA 5,Collision with:  Other non-fixed object (explain in narrative),On Roadway,Rear-end (front to rear),Other (explain in narrative):  No improper action,None Indicated,,Daylight,Dry,Clear,Debris,Non-intersection:  Non-junction/no special feature,Paved,,Possible/Unknown,0,1,0,0,1,0,11000,3,4,,POINT (-93.588533383765 41.503617447213)
2014817766,14-31303,09/21/2014,09-September,1-Sunday,16:51,1600 Hours,District 3 (Northwest),SIOUX CITY,WOODBURY,,VAN BUREN ST,Collision with:  Parked motor vehicle,On Roadway,Rear-end (front to rear),Lost Control,Drug,,Daylight,Dry,Cloudy,None apparent,Non-intersection:  Non-junction/no special feature,Paved,,Property Damage Only,0,0,0,0,0,0,13500,4,777,,POINT (-96.364045446731 42.539819880982)
2014818060,14-040221,09/21/2014,09-September,1-Sunday,19:45,1900 Hours,District 5 (Southeast),MUSCATINE,MUSCATINE,,LAKE PARK BLVD & ISETT AVE,Collision with:  Vehicle in traffic,On Roadway,Broadside (front to side),FTYROW:  From stop sign,None Indicated,,Dark - roadway lighted,Dry,Clear,None apparent,Intersection:  T-intersection,Paved,,Property Damage Only,0,0,0,0,0,0,3500,2,2,,POINT (-91.041877869445 41.443606976431)
2014818078,2014-19452,09/21/2014,09-September,1-Sunday,19:33,1900 Hours,District 6 (East Central),,SCOTT,,Co Rd F41/270 ST,Collision with:  Animal,,,Animal,None Indicated,,,,,,,Paved,,Property Damage Only,0,0,0,0,0,0,1500,1,1,,POINT (-90.524244681475 41.698710511279)
2014817768,14-31316,09/21/2014,09-September,1-Sunday,18:39,1800 Hours,District 3 (Northwest),SIOUX CITY,WOODBURY,,W 28TH ST & CENTER ST,Collision with:  Vehicle in traffic,On Roadway,"Angle, oncoming left turn",FTYROW:  Making left turn,None Indicated,,Daylight,Dry,Clear,None apparent,Intersection:  Four-way intersection,Paved,,Possible/Unknown,0,2,0,0,2,0,10000,2,2,,POINT (-96.421235650842 42.518837267801)
2014818194,14-31243,09/21/2014,09-September,1-Sunday,05:00,0500 Hours,District 3 (Northwest),SIOUX CITY,WOODBURY,,JENNINGS ST,Collision with:  Other non-fixed object (explain in narrative),On Roadway,Non-collision (single vehicle),Over correcting/over steering,None Indicated,,Dark - roadway lighted,Dry,Clear,None apparent,Non-intersection:  Non-junction/no special feature,Paved,,Possible/Unknown,0,2,0,0,2,0,9000,2,1,,POINT (-96.399381352281 42.498102754204)
2014817993,14-1133,09/21/2014,09-September,1-Sunday,09:13,0900 Hours,District 1 (Central),CLIVE,POLK,,NW 84TH ST,Collision with:  Other non-fixed object (explain in narrative),On Roadway,Non-collision (single vehicle),Swerving/Evasive Action,None Indicated,,Daylight,Dry,Clear,None apparent,Non-intersection:  Non-junction/no special feature,Paved,,Property Damage Only,0,0,0,0,0,0,13500,1,1,,POINT (-93.732681633013 41.60495904987)
2014817608,PD1408356,09/21/2014,09-September,1-Sunday,19:37,1900 Hours,District 5 (Southeast),FAIRFIELD,JEFFERSON,,W BURLINGTON AVE & S 9TH ST,Collision with:  Vehicle in traffic,On Roadway,Rear-end (front to rear),Other (explain in narrative):  Other,None Indicated,,Dusk,Dry,Clear,None apparent,Intersection:  T-intersection,Paved,,Possible/Unknown,0,1,0,0,1,0,1500,2,6,,POINT (-91.974254963051 41.006425393364)
2014819093,S14-003743,09/21/2014,09-September,1-Sunday,07:01,0700 Hours,District 4 (Southwest),,POTTAWATTAMIE,,Co Rd L35/WABASH AVE,Collision with fixed object:  Ditch,On Roadway,Non-collision (single vehicle),Crossed centerline (undivided),None Indicated,,Unknown,Unknown,Unknown,Unknown,Non-intersection:  Non-junction/no special feature,Paved,,Property Damage Only,0,0,0,0,0,0,3500,1,1,,POINT (-95.804408848158 41.21375576067)
2014819178,201404407,09/21/2014,09-September,1-Sunday,10:07,1000 Hours,District 1 (Central),,BOONE,US 30,US 30/220TH ST & US 169/D AVE,Collision with:  Vehicle in traffic,On Roadway,"Angle, oncoming left turn",FTYROW:  From stop sign,None Indicated,,Daylight,Dry,Clear,None apparent,Intersection:  Four-way intersection,Paved,,Property Damage Only,0,0,0,0,0,0,18000,2,3,,POINT (-94.105985118538 42.034613625438)
2014818845,2014-66849,09/21/2014,09-September,1-Sunday,20:12,2000 Hours,District 6 (East Central),DAVENPORT,SCOTT,,W LOCUST ST & UTAH AVE,Non-collision events:  Other non-collision (explain in narrative),On Roadway,Non-collision (single vehicle),Other (explain in narrative):  No improper action,None Indicated,,Dark - roadway not lighted,Dry,Cloudy,None apparent,Intersection:  Four-way intersection,Paved,,Property Damage Only,0,0,0,0,0,0,3500,1,2,,POINT (-90.668494850902 41.538218538525)
2014818699,S14-005625,09/21/2014,09-September,1-Sunday,15:00,1500 Hours,District 3 (Northwest),,OBRIEN,,POLK AVE,Collision with fixed object:  Ditch,On Roadway,Non-collision (single vehicle),Swerving/Evasive Action,None Indicated,,Daylight,"Mud, dirt",Clear,"Surface condition (e.g., wet, icy)",Non-intersection:  Non-junction/no special feature,Unpaved,,Property Damage Only,0,0,0,0,0,0,9100,1,1,,POINT (-95.703319360011 42.979286727296)
2014818469,4514-037,09/21/2014,09-September,1-Sunday,05:55,0500 Hours,District 2 (Northeast),,HOWARD,,Co Rd V58/WILLOW AVE,Collision with:  Animal,,,Animal,None Indicated,,,,,,,Paved,,Property Damage Only,0,0,0,0,0,0,3000,1,1,,POINT (-92.12028785735 43.388191206705)
2014818088,14008555,09/21/2014,09-September,1-Sunday,16:51,1600 Hours,District 6 (East Central),,BUCHANAN,,Co Rd V65/BENSON-SHADY GROVE AVE,Non-collision events:  Other non-collision (explain in narrative),Shoulder,Non-collision (single vehicle),Crossed centerline (undivided),None Indicated,,Daylight,Dry,Clear,None apparent,Non-intersection:  Non-junction/no special feature,Paved,,Property Damage Only,0,0,0,0,0,0,8250,1,2,,POINT (-92.056076770468 42.373497118751)
2014817843,14-040446,09/21/2014,09-September,1-Sunday,22:35,2200 Hours,District 4 (Southwest),COUNCIL BLUFFS,POTTAWATTAMIE,,LOCUST LDG,Collision with:  Vehicle in traffic,On Roadway,"Sideswipe, same direction",Unknown,None Indicated,,Dark - roadway not lighted,Dry,Clear,None apparent,Non-intersection:  Non-junction/no special feature,Paved,,Property Damage Only,0,0,0,0,0,0,3000,2,1,,POINT (-95.834163098235 41.274927718582)
2014818844,2014-66835,09/21/2014,09-September,1-Sunday,19:54,1900 Hours,District 6 (East Central),DAVENPORT,SCOTT,,WASHINGTON ST,Collision with fixed object:  Utility pole/light support,On Roadway,Non-collision (single vehicle),Lost Control,Refused,,Dark - roadway not lighted,Dry,Clear,None apparent,Non-intersection:  Non-junction/no special feature,Paved,,Property Damage Only,0,0,0,0,0,0,4000,1,1,,POINT (-90.596180016006 41.541349127559)
2014817795,14-040397,09/21/2014,09-September,1-Sunday,15:29,1500 Hours,District 4 (Southwest),COUNCIL BLUFFS,POTTAWATTAMIE,US 6,US 6/KANESVILLE BLVD & S 1ST ST & HARRISON ST,Collision with:  Vehicle in traffic,On Roadway,Broadside (front to side),Ran Traffic Signal,None Indicated,,Daylight,Dry,Clear,None apparent,Intersection:  Four-way intersection,Paved,,Property Damage Only,0,0,0,0,0,0,24500,2,2,,POINT (-95.844048146124 41.265037941473)
2014818448,2014-66704,09/21/2014,09-September,1-Sunday,03:00,0300 Hours,District 6 (East Central),DAVENPORT,SCOTT,,NORTHWEST BLVD,Non-collision events:  Overturn/rollover,On Roadway,Non-collision (single vehicle),Unknown,None Indicated,,Dark - roadway lighted,Dry,Cloudy,None apparent,Non-intersection:  Non-junction/no special feature,Paved,,Major Injury,0,2,2,0,0,0,15000,1,2,,POINT (-90.613269653377 41.594239627434)
2014818785,14-004427,09/21/2014,09-September,1-Sunday,14:48,1400 Hours,District 1 (Central),AMES,STORY,,LINCOLN WAY,Collision with:  Vehicle in traffic,On Roadway,Rear-end (front to rear),Followed too close,None Indicated,,Daylight,Dry,Cloudy,None apparent,Non-intersection:  Non-junction/no special feature,Paved,,Property Damage Only,0,0,0,0,0,0,2500,2,3,,POINT (-93.621297032804 42.022895651646)
2014826662,,09/21/2014,09-September,1-Sunday,20:42,2000 Hours,District 2 (Northeast),,WINNESHIEK,US 52,US 52,Collision with:  Animal,On Roadway,Non-collision (single vehicle),Animal,None Indicated,,Dark - roadway not lighted,Dry,Clear,None apparent,Non-intersection:  Non-junction/no special feature,Paved,,Property Damage Only,0,0,0,0,0,0,2500,1,0,,POINT (-91.804510087712 43.36440877416)
2014818843,2014-66829,09/21/2014,09-September,1-Sunday,19:36,1900 Hours,District 6 (East Central),DAVENPORT,SCOTT,,W 53RD ST,Collision with:  Vehicle in traffic,On Roadway,Rear-end (front to rear),Followed too close,None Indicated,,Dark - roadway lighted,Dry,Clear,None apparent,Non-intersection:  Non-junction/no special feature,Paved,,Property Damage Only,0,0,0,0,0,0,4000,2,4,,POINT (-90.6012473997 41.574499498518)
2014818512,201414030,09/21/2014,09-September,1-Sunday,16:27,1600 Hours,District 6 (East Central),CEDAR RAPIDS,LINN,,MILLER AVE SW,Collision with:  Vehicle in traffic,On Roadway,Broadside (front to side),FTYROW:  From driveway,None Indicated,,Daylight,Dry,Cloudy,None apparent,Non-intersection:  Driveway access (within),Paved,,Property Damage Only,0,0,0,0,0,0,6000,2,3,,POINT (-91.657718220618 41.924502270846)
2014818954,14095122,09/21/2014,09-September,1-Sunday,18:41,1800 Hours,District 2 (Northeast),CEDAR FALLS,BLACK HAWK,US 218,US 218/NE RAMP,Non-collision events:  Overturn/rollover,On Roadway,Non-collision (single vehicle),Crossed centerline (undivided),None Indicated,,Dusk,Dry,Clear,None apparent,Non-intersection:  Non-junction/no special feature,Paved,,Possible/Unknown,0,1,0,0,1,0,1000,1,1,,POINT (-92.426147642886 42.564241845224)
2014818166,SO1403994,09/21/2014,09-September,1-Sunday,22:44,2200 Hours,District 5 (Southeast),,JEFFERSON,,JUNIPER AVE,Non-collision events:  Overturn/rollover,On Roadway,Non-collision (single vehicle),Swerving/Evasive Action,None Indicated,,Dark - roadway not lighted,Dry,Clear,"Shoulders (none, low, soft, high)",Non-intersection:  Non-junction/no special feature,Unpaved,,Property Damage Only,0,0,0,0,0,0,5000,1,3,,POINT (-91.99759304445 40.975327724647)
2014818290,14016564,09/21/2014,09-September,1-Sunday,06:00,0600 Hours,District 2 (Northeast),MASON CITY,CERRO GORDO,,14TH ST NW & N ADAMS AVE,Non-collision events:  Other non-collision (explain in narrative),On Roadway,"Sideswipe, same direction",Unknown,None Indicated,,Dark - roadway lighted,Dry,Clear,None apparent,Non-intersection:  Non-junction/no special feature,Paved,,Property Damage Only,0,0,0,0,0,0,5800,3,1,,POINT (-93.205054648026 43.164545834811)
2014817822,14-2955,09/21/2014,09-September,1-Sunday,16:45,1600 Hours,District 1 (Central),FORT DODGE,WEBSTER,,CENTRAL AVE & S 20TH ST & N 20TH ST,Collision with:  Vehicle in traffic,On Roadway,Broadside (front to side),Ran Stop Sign,None Indicated,,Daylight,Dry,Cloudy,None apparent,Intersection:  Four-way intersection,Paved,,Property Damage Only,0,0,0,0,0,0,6000,2,3,,POINT (-94.170846500368 42.506211983442)
2014826663,,09/21/2014,09-September,1-Sunday,15:50,1500 Hours,District 2 (Northeast),,WINNESHIEK,,Co Rd A38/CANOE RIDGE RD & Co Rd A6W/RIVER RD,Non-collision events:  Other non-collision (explain in narrative),On Roadway,Non-collision (single vehicle),Ran off road - left,None Indicated,,Daylight,"Mud, dirt",Cloudy,None apparent,Intersection:  T-intersection,Paved,,Property Damage Only,0,0,0,0,0,0,8000,1,2,,POINT (-91.653871059851 43.354756830127)
2014829746,A390914-2207,09/21/2014,09-September,1-Sunday,19:55,1900 Hours,District 4 (Southwest),,GUTHRIE,,Co Rd F32/190TH RD,Collision with:  Animal,,Non-collision (single vehicle),Animal,None Indicated,,,,,,,Paved,,Property Damage Only,0,0,0,0,0,0,2500,1,1,,POINT (-94.661625911037 41.732025030051)
2014818920,S14-I2103,09/21/2014,09-September,1-Sunday,20:08,2000 Hours,District 5 (Southeast),,CLARKE,,240 AVE,Non-collision events:  Overturn/rollover,On Roadway,Non-collision (single vehicle),Swerving/Evasive Action,None Indicated,,Dark - roadway not lighted,"Mud, dirt",Clear,None apparent,Non-intersection:  Non-junction/no special feature,Unpaved,,Possible/Unknown,0,4,0,0,4,0,8000,1,4,,POINT (-93.750429811035 41.067621621487)
2014819786,2014054618,09/21/2014,09-September,1-Sunday,20:15,2000 Hours,District 1 (Central),,GRUNDY,US 20,US 20,Collision with:  Vehicle in traffic,On Roadway,Rear-end (front to rear),Followed too close,None Indicated,,Dark - roadway not lighted,Dry,Cloudy,None apparent,Non-intersection:  Non-junction/no special feature,Paved,,Property Damage Only,0,0,0,0,0,0,3500,2,6,,POINT (-92.569865373546 42.463636878938)
2014817763,14-31252,09/21/2014,09-September,1-Sunday,08:06,0800 Hours,District 3 (Northwest),SIOUX CITY,WOODBURY,,WESLEY PKWY & W 14TH ST & OMAHA ST,Collision with:  Vehicle in traffic,On Roadway,Broadside (front to side),FTYROW:  From stop sign,None Indicated,,Daylight,Dry,Clear,None apparent,Intersection:  Four-way intersection,Paved,,Minor Injury,0,2,0,2,0,0,15000,2,2,,POINT (-96.41568130887 42.504478958907)
2014817701,20140028008,09/21/2014,09-September,1-Sunday,16:54,1600 Hours,District 5 (Southeast),DES MOINES,WARREN,IA 5,IA 5/IOWA 5 & FLEUR DR,Collision with:  Vehicle in traffic,On Roadway,"Angle, oncoming left turn",Made improper turn,None Indicated,,Daylight,Dry,Clear,"Surface condition (e.g., wet, icy)",Intersection:  Four-way intersection,Paved,,Possible/Unknown,0,1,0,0,1,0,5000,2,3,,POINT (-93.644984047528 41.507602236132)
2014817818,14-040366,09/21/2014,09-September,1-Sunday,02:26,0200 Hours,District 4 (Southwest),COUNCIL BLUFFS,POTTAWATTAMIE,,N 8TH ST,Non-collision events:  Other non-collision (explain in narrative),On Roadway,Non-collision (single vehicle),Swerving/Evasive Action,None Indicated,,Dark - roadway not lighted,Dry,Clear,None apparent,Non-intersection:  Non-junction/no special feature,Paved,,Property Damage Only,0,0,0,0,0,0,8000,1,1,,POINT (-95.859074391556 41.287415473818)
2014819009,14092050,09/21/2014,09-September,1-Sunday,03:00,0300 Hours,District 4 (Southwest),CLARINDA,PAGE,,W WASHINGTON ST & N 19TH ST,Collision with fixed object:  Utility pole/light support,Outside trafficway,Non-collision (single vehicle),Made improper turn,None Indicated,,Dark - roadway lighted,Dry,Clear,None apparent,Intersection:  Four-way intersection,Paved,,Property Damage Only,0,0,0,0,0,0,1500,1,1,,POINT (-95.042229609662 40.739330898201)
2014818090,2014-20563,09/21/2014,09-September,1-Sunday,06:00,0600 Hours,District 5 (Southeast),DES MOINES,WARREN,US 65,US 65,Collision with:  Animal,,,Animal,None Indicated,,,,,,,Paved,,Property Damage Only,0,0,0,0,0,0,2500,1,1,,POINT (-93.566761844386 41.48846824961)
2014820546,2014054751,09/21/2014,09-September,1-Sunday,00:30,0000 Hours,District 6 (East Central),,LINN,I-380,I-380,Collision with fixed object:  Guardrail - face,Median,Non-collision (single vehicle),Ran off road - left,None Indicated,,Dark - roadway not lighted,Dry,Unknown,None apparent,Non-intersection:  Other non-intersection (explain in narrative),Paved,,Minor Injury,0,1,0,1,0,0,13071,1,1,,POINT (-91.820707576396 42.195735824545)