Iowa DOT Case Number,Law Enforcement Case Number,Date of Crash,Month of Crash,Day of Week,Time of Crash,Hour,DOT District,City Name,County Name,Route with System,Location Description,First Harmful Event,Location of First Harmful Event,Manner of Crash/Collision,Major Cause,Drug or Alcohol ,Environmental Conditions,Light Conditions,Surface Conditions,Weather Conditions,Roadway Contribution,Roadway Type,Roadway Surface,Work Zone,Crash Severity,Number of Fatalities,Number of Injuries,Number of Major Injuries,Number of Minor Injuries,Number of Possible Injuries,Number of Unknown Injuries,Amount of Property Damage,Number of Vehicles Involved,Total Number of Occupants,Travel Direction,Location
2014818015,20140028110,09/22/2014,09-September,2-Monday,14:13,1400 Hours,District 1 (Central),DES MOINES,POLK,,BANCROFT ST & SW 9TH ST,Collision with:  Vehicle in traffic,On Roadway,Rear-end (front to rear),Followed too close,None Indicated,,Daylight,Dry,Clear,None apparent,Intersection:  T-intersection,Paved,,Possible/Unknown,0,2,0,0,2,0,1000,2,3,,POINT (-93.622826176633 41.569883935968)
2014818229,14-012885,09/22/2014,09-September,2-Monday,16:08,1600 Hours,District 2 (Northeast),ARLINGTON,FAYETTE,,J AVE,Collision with fixed object:  Ditch,Roadside,Non-collision (single vehicle),Lost Control,None Indicated,,Daylight,Dry,Clear,None apparent,Non-intersection:  Non-junction/no special feature,Unpaved,,Minor Injury,0,1,0,1,0,0,1500,1,1,,POINT (-91.784471818702 42.753767311704)
2014818323,201414094,09/22/2014,09-September,2-Monday,18:10,1800 Hours,District 6 (East Central),CEDAR RAPIDS,LINN,IA 922,IA 922/1ST AVE E & 7TH ST SE & 7TH ST NE,Collision with:  Vehicle in traffic,On Roadway,Broadside (front to side),Ran Traffic Signal,None Indicated,,Daylight,Dry,Cloudy,None apparent,Intersection:  Four-way intersection,Paved,,Property Damage Only,0,0,0,0,0,0,3500,2,3,,POINT (-91.663139934962 41.981909766531)
2014819227,,09/22/2014,09-September,2-Monday,13:00,1300 Hours,District 4 (Southwest),WOODBINE,HARRISON,US 30,US 30 & BUS BROWN DR,Collision with:  Railway vehicle/train,On Roadway,Non-collision (single vehicle),Unknown,None Indicated,,Daylight,Dry,Clear,None apparent,Non-intersection:  Railroad grade crossing,Paved,,Minor Injury,0,1,0,1,0,0,0,2,2,,POINT (-95.696330079455 41.744276189346)
2014818628,,09/22/2014,09-September,2-Monday,13:40,1300 Hours,District 2 (Northeast),GUTTENBERG,CLAYTON,US 52,US 52,Collision with:  Vehicle in traffic,On Roadway,Rear-end (front to rear),"Operating vehicle in an reckless, erratic, careless, negligent manner",None Indicated,,Daylight,Dry,Clear,None apparent,Intersection:  T-intersection,Paved,,Property Damage Only,0,0,0,0,0,0,5300,2,2,,POINT (-91.100504874123 42.776080332308)
2014818051,14-10291,09/22/2014,09-September,2-Monday,15:30,1500 Hours,District 3 (Northwest),,SAC,US 71,US 71/KARR AVE,Collision with fixed object:  Ditch,On Roadway,Non-collision (single vehicle),Crossed centerline (undivided),None Indicated,,Daylight,Dry,Clear,None apparent,Non-intersection:  Non-junction/no special feature,Paved,,Property Damage Only,0,0,0,0,0,0,5000,1,1,,POINT (-95.148328298251 42.322210724008)
2014817876,14029436,09/22/2014,09-September,2-Monday,06:36,0600 Hours,District 5 (Southeast),,LEE,,BUS US 61,Collision with:  Animal,,,Animal,None Indicated,,,,,,,Paved,,Property Damage Only,0,0,0,0,0,0,1500,1,1,,POINT (-91.29275497844 40.646765593707)
2014818789,14-004444,09/22/2014,09-September,2-Monday,18:06,1800 Hours,District 1 (Central),AMES,STORY,,S 16TH ST,Collision with:  Vehicle in traffic,On Roadway,Rear-end (front to rear),Followed too close,None Indicated,,Daylight,Dry,Cloudy,None apparent,Non-intersection:  Non-junction/no special feature,Paved,,Possible/Unknown,0,1,0,0,1,0,1600,2,2,,POINT (-93.616735897809 42.008383616807)
2014818615,S14-095477,09/22/2014,09-September,2-Monday,21:03,2100 Hours,District 2 (Northeast),,BLACK HAWK,,Co Rd V37/DYSART RD,Non-collision events:  Other non-collision (explain in narrative),On Roadway,Non-collision (single vehicle),Other (explain in narrative):  Other,None Indicated,,Dark - roadway lighted,Other (explain in narrative),Cloudy,Work Zone (roadway-related),Non-intersection:  Other non-intersection (explain in narrative),Paved,Yes,Minor Injury,0,1,0,1,0,0,5000,1,1,,POINT (-92.298662411828 42.377156067478)
2014818040,14-2969,09/22/2014,09-September,2-Monday,17:45,1700 Hours,District 1 (Central),FORT DODGE,WEBSTER,,5TH AVE S & S 16TH ST,Collision with:  Vehicle in traffic,On Roadway,"Sideswipe, same direction",Other (explain in narrative):  Other,None Indicated,,Dusk,Dry,Cloudy,None apparent,Non-intersection:  Non-junction/no special feature,Paved,,Property Damage Only,0,0,0,0,0,0,3500,2,3,,POINT (-94.176275386322 42.50104114375)
2014818157,W14-095359,09/22/2014,09-September,2-Monday,09:00,0900 Hours,District 2 (Northeast),WATERLOO,BLACK HAWK,,WELLINGTON ST,Collision with:  Parked motor vehicle,On Roadway,"Sideswipe, same direction",Other (explain in narrative):  Other,None Indicated,,Daylight,Dry,Clear,None apparent,Non-intersection:  Non-junction/no special feature,Paved,,Property Damage Only,0,0,0,0,0,0,6000,2,1,,POINT (-92.348489088163 42.492068512757)
2014818124,CL14003361,09/22/2014,09-September,2-Monday,10:21,1000 Hours,District 6 (East Central),CLINTON,CLINTON,,HARRISON DR & S 14TH ST,Collision with:  Vehicle in traffic,On Roadway,Broadside (front to side),FTYROW:  From stop sign,None Indicated,,Daylight,Dry,Clear,None apparent,Intersection:  Four-way intersection,Paved,,Property Damage Only,0,0,0,0,0,0,5000,2,3,,POINT (-90.218620671923 41.827631418505)
2014818002,20140028157,09/22/2014,09-September,2-Monday,19:30,1900 Hours,District 1 (Central),DES MOINES,POLK,US 6,US 6/HICKMAN RD & IA 28/63RD ST,Non-collision events:  Other non-collision (explain in narrative),On Roadway,Non-collision (single vehicle),Other (explain in narrative):  No improper action,None Indicated,,Dark - roadway lighted,Dry,Clear,None apparent,Non-intersection:  Non-junction/no special feature,Paved,,Possible/Unknown,0,1,0,0,1,0,10322,1,1,,POINT (-93.703735879874 41.614885674837)
2014819301,147471PD,09/22/2014,09-September,2-Monday,12:16,1200 Hours,District 1 (Central),BOONE,BOONE,,8TH ST,Collision with:  Parked motor vehicle,On Roadway,Rear-end (front to rear),Swerving/Evasive Action,None Indicated,,Daylight,Dry,Clear,Other (explain in narrative),Non-intersection:  Non-junction/no special feature,Paved,,Property Damage Only,0,0,0,0,0,0,9500,3,1,,POINT (-93.8861154807 42.063739382574)
2014818068,CL14003369,09/22/2014,09-September,2-Monday,16:08,1600 Hours,District 6 (East Central),CLINTON,CLINTON,,HARRISON DR & S 19TH ST,Collision with:  Vehicle in traffic,On Roadway,Broadside (front to side),FTYROW:  From stop sign,None Indicated,,Daylight,Dry,Clear,None apparent,Intersection:  Four-way intersection,Paved,,Property Damage Only,0,0,0,0,0,0,6000,2,2,,POINT (-90.231158605937 41.821126203687)
2014819169,2014-66919,09/22/2014,09-September,2-Monday,01:56,0100 Hours,District 6 (East Central),DAVENPORT,SCOTT,,WARREN ST,Collision with:  Parked motor vehicle,On Roadway,Rear-end (front to rear),Unknown,None Indicated,,Dark - roadway lighted,Dry,Clear,None apparent,Non-intersection:  Non-junction/no special feature,Paved,,Property Damage Only,0,0,0,0,0,0,2500,2,1,,POINT (-90.585660397504 41.540876442974)
2014818268,,09/22/2014,09-September,2-Monday,19:08,1900 Hours,District 4 (Southwest),,MONTGOMERY,,Co Rd H16/130 ST & F AVE,,Roadside,Non-collision (single vehicle),Swerving/Evasive Action,None Indicated,,Daylight,"Mud, dirt",Clear,None apparent,Non-intersection:  Non-junction/no special feature,Unpaved,,Possible/Unknown,0,1,0,0,1,0,7000,1,1,,POINT (-95.270110805774 41.116523852898)
2014817849,14095269,09/22/2014,09-September,2-Monday,07:45,0700 Hours,District 2 (Northeast),CEDAR FALLS,BLACK HAWK,,UNIVERSITY AVE & PANTHER LN,Collision with:  Vehicle in traffic,On Roadway,Broadside (front to side),FTYROW:  From stop sign,None Indicated,,Daylight,Dry,Clear,None apparent,Intersection:  Four-way intersection,Paved,,Property Damage Only,0,0,0,0,0,0,7000,2,2,,POINT (-92.46146080325 42.509559010259)
2014818048,2014010624,09/22/2014,09-September,2-Monday,21:19,2100 Hours,District 6 (East Central),IOWA CITY,JOHNSON,IA 1,IA 1/E BURLINGTON ST & JOHNSON ST,Collision with:  Vehicle in traffic,On Roadway,"Sideswipe, same direction",FTYROW:  From stop sign,None Indicated,,Dark - roadway lighted,Dry,Clear,None apparent,Intersection:  Four-way intersection,Paved,,Property Damage Only,0,0,0,0,0,0,6000,2,3,,POINT (-91.527268284321 41.65780993653)
2014817998,20140028129,09/22/2014,09-September,2-Monday,16:10,1600 Hours,District 1 (Central),DES MOINES,POLK,US 69,US 69/SE 14TH ST,Collision with:  Vehicle in traffic,On Roadway,Rear-end (front to rear),Swerving/Evasive Action,None Indicated,,Daylight,Dry,Cloudy,None apparent,Non-intersection:  Non-junction/no special feature,Paved,,Minor Injury,0,2,0,1,1,0,6500,2,2,,POINT (-93.596801742688 41.52979528714)
2014818013,20140028063,09/22/2014,09-September,2-Monday,07:23,0700 Hours,District 1 (Central),DES MOINES,POLK,I-235,I-235,Non-collision events:  Other non-collision (explain in narrative),On Roadway,Non-collision (single vehicle),Other (explain in narrative):  No improper action,None Indicated,,Dawn,Dry,Clear,Debris,Non-intersection:  Non-junction/no special feature,Paved,,Property Damage Only,0,0,0,0,0,0,1500,1,2,,POINT (-93.646352281373 41.595694986051)
2014819112,14-012882,09/22/2014,09-September,2-Monday,16:16,1600 Hours,District 6 (East Central),,DUBUQUE,,E PLEASANT GROVE RD,Collision with:  Vehicle in traffic,On Roadway,Rear-end (front to rear),Followed too close,None Indicated,,Daylight,Dry,Clear,None apparent,Non-intersection:  Non-junction/no special feature,Paved,,Property Damage Only,0,0,0,0,0,0,5400,2,3,,POINT (-90.912294490495 42.389476688585)
2014817780,14-040496,09/22/2014,09-September,2-Monday,07:35,0700 Hours,District 4 (Southwest),COUNCIL BLUFFS,POTTAWATTAMIE,,9TH AVE,Collision with:  Vehicle in traffic,On Roadway,Rear-end (front to rear),Other (explain in narrative):  Vision obstructed,None Indicated,,Daylight,Dry,Clear,None apparent,Non-intersection:  Non-junction/no special feature,Paved,,Property Damage Only,0,0,0,0,0,0,3400,2,3,,POINT (-95.864668688907 41.253448489934)
2014817957,14-040283,09/22/2014,09-September,2-Monday,08:00,0800 Hours,District 5 (Southeast),WEST LIBERTY,MUSCATINE,US 6,US 6/COLUMBUS ST & ELM ST,Collision with:  Vehicle in traffic,On Roadway,Broadside (front to side),FTYROW:  From stop sign,None Indicated,,Daylight,Dry,Clear,None apparent,Intersection:  Four-way intersection,Paved,,Property Damage Only,0,0,0,0,0,0,9000,2,2,,POINT (-91.267031171992 41.582648269307)
2014819136,2014-037991,09/22/2014,09-September,2-Monday,07:37,0700 Hours,District 6 (East Central),DUBUQUE,DUBUQUE,,WESTMORE ST,Collision with:  Vehicle in traffic,On Roadway,Head-on (front to front),Illegally Parked/Unattended,None Indicated,,Daylight,Dry,Clear,None apparent,Non-intersection:  Non-junction/no special feature,Paved,,Property Damage Only,0,0,0,0,0,0,6000,2,777,,POINT (-90.712892606181 42.515418860637)
2014817848,14-4699,09/22/2014,09-September,2-Monday,07:45,0700 Hours,District 1 (Central),WEST DES MOINES,POLK,IA 5,IA 5/IOWA 5,Collision with:  Vehicle in traffic,On Roadway,Rear-end (front to rear),Followed too close,None Indicated,,Daylight,Dry,Clear,None apparent,Non-intersection:  Non-junction/no special feature,Paved,,Property Damage Only,0,0,0,0,0,0,11500,2,2,,POINT (-93.760243164225 41.52276900851)
2014817985,14-008265,09/22/2014,09-September,2-Monday,07:23,0700 Hours,District 6 (East Central),MANCHESTER,DELAWARE,IA 13,IA 13/N FRANKLIN ST & QUAKER MILL DR,Collision with:  Vehicle in traffic,On Roadway,Rear-end (front to rear),Followed too close,None Indicated,,Daylight,Dry,Clear,None apparent,Non-intersection:  Non-junction/no special feature,Paved,,Property Damage Only,0,0,0,0,0,0,5500,2,2,,POINT (-91.457942174087 42.50212383307)
2014818105,201400046706,09/22/2014,09-September,2-Monday,07:51,0700 Hours,District 5 (Southeast),OTTUMWA,WAPELLO,,HILL AVE & N GREEN ST,Collision with:  Vehicle in traffic,On Roadway,Broadside (front to side),FTYROW:  From stop sign,None Indicated,,Daylight,Dry,Cloudy,None apparent,Intersection:  Four-way intersection,Paved,,Property Damage Only,0,0,0,0,0,0,1500,2,2,,POINT (-92.404437708037 41.04466368743)
2014818453,2014-67064,09/22/2014,09-September,2-Monday,16:18,1600 Hours,District 6 (East Central),DAVENPORT,SCOTT,,IA 461/HARRISON ST & W LOCUST ST,Collision with:  Vehicle in traffic,On Roadway,Unknown,FTYROW:  Making right turn on red signal,None Indicated,,Daylight,Dry,Clear,None apparent,Intersection:  Other intersection (explain in narrative),Paved,,Property Damage Only,0,0,0,0,0,0,4000,2,5,,POINT (-90.577233957256 41.538285400634)
2014818160,092214-144,09/22/2014,09-September,2-Monday,17:51,1700 Hours,District 3 (Northwest),STORM LAKE,BUENA VISTA,,LAKE AVE & W 9TH ST & E 9TH ST,Collision with:  Vehicle in traffic,On Roadway,Broadside (front to side),FTYROW:  From stop sign,None Indicated,,Daylight,Dry,Clear,None apparent,Intersection:  Four-way intersection,Paved,,Minor Injury,0,3,0,2,1,0,22200,2,3,,POINT (-95.200820807432 42.649584406098)
2014817683,20140028065,09/22/2014,09-September,2-Monday,07:39,0700 Hours,District 1 (Central),DES MOINES,POLK,US 6,US 6/DOUGLAS AVE & 57TH ST,Collision with:  Vehicle in traffic,On Roadway,Rear-end (front to rear),Followed too close,None Indicated,,Daylight,Dry,Clear,None apparent,Non-intersection:  Non-junction/no special feature,Paved,,Possible/Unknown,0,1,0,0,1,0,5500,3,3,,POINT (-93.696198534334 41.62941511961)
2014817685,20140028077,09/22/2014,09-September,2-Monday,09:30,0900 Hours,District 1 (Central),DES MOINES,POLK,,E PORTER AVE & SE 4TH ST,Collision with:  Vehicle in traffic,On Roadway,"Angle, oncoming left turn",FTYROW:  Making left turn,None Indicated,,Daylight,Dry,Clear,None apparent,Intersection:  T-intersection,Paved,,Property Damage Only,0,0,0,0,0,0,2500,2,2,,POINT (-93.608956380527 41.53363174586)
2014818156,W14-095426,09/22/2014,09-September,2-Monday,17:45,1700 Hours,District 2 (Northeast),WATERLOO,BLACK HAWK,,OLESON RD & BETHEL ST,Collision with:  Vehicle in traffic,On Roadway,Broadside (front to side),FTYROW:  From stop sign,None Indicated,,Daylight,Dry,Clear,None apparent,Intersection:  T-intersection,Paved,,Property Damage Only,0,0,0,0,0,0,3000,2,2,,POINT (-92.331307118533 42.468031983955)
2014817999,20140028132,09/22/2014,09-September,2-Monday,16:55,1600 Hours,District 1 (Central),DES MOINES,POLK,,6TH AVE,Collision with:  Vehicle in traffic,On Roadway,Rear-end (front to rear),Followed too close,None Indicated,,Daylight,Dry,Cloudy,None apparent,Non-intersection:  Non-junction/no special feature,Paved,,Property Damage Only,0,0,0,0,0,0,2700,2,2,,POINT (-93.625745524204 41.602681511073)
2014818020,14-11100,09/22/2014,09-September,2-Monday,07:10,0700 Hours,District 3 (Northwest),,SIOUX,,Co Rd B20/340TH ST & INDIAN AVE,Collision with:  Vehicle in traffic,On Roadway,Broadside (front to side),FTYROW:  At uncontrolled intersection,None Indicated,,Dawn,"Mud, dirt",Clear,None apparent,Non-intersection:  Non-junction/no special feature,Unpaved,,Minor Injury,0,1,0,1,0,0,13000,2,2,,POINT (-96.098104721558 43.157143941299)
2014817996,20140028108,09/22/2014,09-September,2-Monday,14:00,1400 Hours,District 1 (Central),DES MOINES,POLK,I-235,I-235,Collision with:  Vehicle in traffic,On Roadway,Rear-end (front to rear),Followed too close,None Indicated,,Daylight,Dry,Clear,None apparent,Non-intersection:  Non-junction/no special feature,Paved,,Possible/Unknown,0,1,0,0,1,0,6000,3,4,,POINT (-93.619357714644 41.596023726784)
2014818419,14095475,09/22/2014,09-September,2-Monday,21:01,2100 Hours,District 2 (Northeast),CEDAR FALLS,BLACK HAWK,,31ST ST & HUDSON RD & UNIVERSITY OF NORTHERN IA,Collision with:  Vehicle in traffic,On Roadway,Rear-end (front to rear),Other (explain in narrative):  Other,None Indicated,,Dark - roadway lighted,Dry,Clear,None apparent,Intersection:  Four-way intersection,Paved,,Property Damage Only,0,0,0,0,0,0,5000,2,2,,POINT (-92.465550216337 42.509614177378)
2014818044,14-18490,09/22/2014,09-September,2-Monday,08:45,0800 Hours,District 6 (East Central),BETTENDORF,SCOTT,,BROOKSIDE DR & 18TH ST,Collision with:  Vehicle in traffic,On Roadway,"Angle, oncoming left turn",FTYROW:  From stop sign,None Indicated,,Daylight,Dry,Clear,None apparent,Intersection:  T-intersection,Paved,,Property Damage Only,0,0,0,0,0,0,2000,2,2,,POINT (-90.498691088347 41.558578277473)
2014817788,1407956,09/22/2014,09-September,2-Monday,08:01,0800 Hours,District 5 (Southeast),WASHINGTON,WASHINGTON,IA 92,IA 92/E WASHINGTON ST,Collision with:  Vehicle in traffic,On Roadway,"Sideswipe, same direction",Other (explain in narrative):  Vision obstructed,None Indicated,,Daylight,Dry,Clear,None apparent,Non-intersection:  Non-junction/no special feature,Paved,,Property Damage Only,0,0,0,0,0,0,2000,2,1,,POINT (-91.689151390924 41.29835685707)
2014818049,2014010617,09/22/2014,09-September,2-Monday,18:07,1800 Hours,District 6 (East Central),IOWA CITY,JOHNSON,,E COURT ST & S 7TH AVE,Collision with:  Vehicle in traffic,On Roadway,Broadside (front to side),Other (explain in narrative):  Vision obstructed,None Indicated,,Daylight,Dry,Clear,None apparent,Intersection:  Four-way intersection,Paved,,Property Damage Only,0,0,0,0,0,0,4000,2,3,,POINT (-91.511583615019 41.656743201197)
2014818294,14016668,09/22/2014,09-September,2-Monday,18:26,1800 Hours,District 2 (Northeast),MASON CITY,CERRO GORDO,,S TAFT AVE,Collision with:  Animal,On Roadway,Non-collision (single vehicle),Animal,None Indicated,,Dusk,Dry,Clear,None apparent,Non-intersection:  Non-junction/no special feature,Unpaved,,Property Damage Only,0,0,0,0,0,0,2500,1,1,,POINT (-93.240568543251 43.126737326583)
2014818293,14016624,09/22/2014,09-September,2-Monday,08:02,0800 Hours,District 2 (Northeast),MASON CITY,CERRO GORDO,,6TH ST SE & S KENTUCKY AVE,Collision with:  Vehicle in traffic,On Roadway,Head-on (front to front),FTYROW:  Making left turn,None Indicated,,Daylight,Dry,Clear,None apparent,Intersection:  Four-way intersection,Paved,,Property Damage Only,0,0,0,0,0,0,4000,2,8,,POINT (-93.181061754343 43.146234449968)
2014819232,,09/22/2014,09-September,2-Monday,04:09,0400 Hours,District 4 (Southwest),,MONTGOMERY,,S AVE & 240 ST,Non-collision events:  Overturn/rollover,Outside trafficway,Non-collision (single vehicle),Exceeded authorized speed,None Indicated,,Dark - roadway not lighted,"Mud, dirt",Clear,None apparent,Intersection:  T-intersection,Unpaved,,Property Damage Only,0,0,0,0,0,0,3200,1,2,,POINT (-95.023574513707 40.958680695888)
2014818155,,09/22/2014,09-September,2-Monday,19:57,1900 Hours,District 2 (Northeast),BRITT,HANCOCK,,,Collision with:  Parked motor vehicle,On Roadway,"Sideswipe, same direction",Ran off road - right,None Indicated,,Dark - unknown roadway lighting,Dry,Clear,None apparent,Non-intersection:  Non-junction/no special feature,,,Property Damage Only,0,0,0,0,0,0,4000,2,1,,POINT (-96.643700149993 40.233091251414)
2014818011,20140028114,09/22/2014,09-September,2-Monday,14:32,1400 Hours,District 1 (Central),DES MOINES,POLK,,CAMBRIDGE ST,Collision with:  Non-motorist (see non-motorist section - NOT a unit),On Roadway,Non-collision (single vehicle),Other (explain in narrative):  No improper action,None Indicated,,Daylight,Dry,Clear,None apparent,Non-intersection:  Non-junction/no special feature,Paved,,Major Injury,0,1,1,0,0,0,100,1,2,,POINT (-93.616308425521 41.627385224705)
2014823870,,09/22/2014,09-September,2-Monday,17:13,1700 Hours,District 2 (Northeast),DECORAH,WINNESHIEK,,STATE ST & E DAY SPRING LN,Collision with:  Vehicle in traffic,On Roadway,Rear-end (front to rear),Followed too close,None Indicated,,Daylight,Dry,Clear,None apparent,Non-intersection:  Non-junction/no special feature,Paved,,Possible/Unknown,0,1,0,0,1,0,7500,3,4,,POINT (-91.784783512838 43.304636468811)
2014818106,14-2971,09/22/2014,09-September,2-Monday,20:50,2000 Hours,District 1 (Central),FORT DODGE,WEBSTER,,AVE G,Collision with:  Vehicle in traffic,On Roadway,Broadside (front to side),Other (explain in narrative):  No improper action,None Indicated,,Dark - roadway lighted,Dry,Clear,None apparent,Non-intersection:  Non-junction/no special feature,Paved,,Property Damage Only,0,0,0,0,0,0,2100,2,1,,POINT (-94.20193703335 42.495020210698)
2014818697,14-005619,09/22/2014,09-September,2-Monday,11:20,1100 Hours,District 3 (Northwest),,OBRIEN,,Co Rd B40/400TH ST & YELLOW AVE,Collision with:  Vehicle in traffic,On Roadway,"Angle, oncoming left turn",FTYROW:  From stop sign,None Indicated,,Daylight,Dry,Clear,None apparent,Intersection:  Four-way intersection,Paved,,Property Damage Only,0,0,0,0,0,0,3500,2,2,,POINT (-95.417839238394 43.068518544468)
2014818462,201403414,09/22/2014,09-September,2-Monday,08:54,0800 Hours,District 6 (East Central),COGGON,LINN,IA 13,IA 13/IOWA 13 & 6TH AVE,Collision with:  Vehicle in traffic,On Roadway,"Sideswipe, same direction",FTYROW:  Making left turn,None Indicated,,Daylight,Dry,Clear,None apparent,Non-intersection:  Driveway access (within),Paved,,Possible/Unknown,0,1,0,0,1,0,6700,2,3,,POINT (-91.525225482779 42.275172417376)
2014818461,201400003412,09/22/2014,09-September,2-Monday,07:41,0700 Hours,District 6 (East Central),,LINN,IA 1,IA 1/IOWA 1,Collision with:  Animal,,,Animal,None Indicated,,,,,,,Paved,,Property Damage Only,0,0,0,0,0,0,4000,1,1,,POINT (-91.491743055974 41.861170527424)
2014818501,14-006665,09/22/2014,09-September,2-Monday,15:16,1500 Hours,District 1 (Central),,HAMILTON,,VAIL AVE & 360TH ST,Collision with:  Vehicle in traffic,On Roadway,Broadside (front to side),FTYROW:  At uncontrolled intersection,None Indicated,,Daylight,Dry,Cloudy,None apparent,Intersection:  Four-way intersection,Unpaved,,Possible/Unknown,0,2,0,0,2,0,27500,2,2,,POINT (-93.56017850157 42.267382584712)
2014817783,14-040501,09/22/2014,09-September,2-Monday,07:50,0700 Hours,District 4 (Southwest),COUNCIL BLUFFS,POTTAWATTAMIE,I-80,I-80,Collision with:  Vehicle in traffic,On Roadway,Rear-end (front to rear),Other (explain in narrative):  Vision obstructed,None Indicated,,Dawn,Dry,Clear,None apparent,Non-intersection:  Other non-intersection (explain in narrative),Paved,,Possible/Unknown,0,2,0,0,2,0,8000,2,5,,POINT (-95.834640215828 41.230505466223)
2014818322,201414072,09/22/2014,09-September,2-Monday,13:12,1300 Hours,District 6 (East Central),CEDAR RAPIDS,LINN,,NORTHLAND AVE NE,Collision with:  Vehicle in traffic,On Roadway,Broadside (front to side),FTYROW:  From driveway,None Indicated,,Daylight,Dry,Clear,None apparent,Non-intersection:  Driveway access (within),Paved,,Property Damage Only,0,0,0,0,0,0,13000,2,3,,POINT (-91.631712837514 42.028976071218)
2014818031,14-014822,09/22/2014,09-September,2-Monday,11:15,1100 Hours,District 2 (Northeast),,FLOYD,US 218,US 218,Collision with:  Vehicle in traffic,On Roadway,"Sideswipe, same direction",Crossed centerline (undivided),None Indicated,,Daylight,Dry,Clear,None apparent,Non-intersection:  Non-junction/no special feature,Paved,,Property Damage Only,0,0,0,0,0,0,9000,2,2,,POINT (-92.648402932828 43.021749340497)
2014817987,14019979,09/22/2014,09-September,2-Monday,17:19,1700 Hours,District 6 (East Central),MARION,LINN,,W 8TH AVE,Collision with:  Vehicle in traffic,On Roadway,Rear-end (front to rear),Followed too close,None Indicated,,Daylight,Dry,Clear,None apparent,Non-intersection:  Non-junction/no special feature,Paved,,Property Damage Only,0,0,0,0,0,0,10000,2,4,,POINT (-91.616613735007 42.034514079436)
2014819645,14016626,09/22/2014,09-September,2-Monday,08:43,0800 Hours,District 2 (Northeast),MASON CITY,CERRO GORDO,,28TH ST SW,Collision with:  Parked motor vehicle,On Roadway,"Sideswipe, same direction",Other (explain in narrative):  Vision obstructed,None Indicated,,Daylight,Dry,Clear,None apparent,Non-intersection:  Non-junction/no special feature,Paved,,Property Damage Only,0,0,0,0,0,0,6200,2,1,,POINT (-93.208882834734 43.125520860985)
2014819140,2014-038021,09/22/2014,09-September,2-Monday,23:37,2300 Hours,District 6 (East Central),DUBUQUE,DUBUQUE,US 52,US 52/CENTRAL AVE,Collision with:  Animal,On Roadway,Non-collision (single vehicle),Animal,None Indicated,,Dark - roadway not lighted,Dry,Clear,None apparent,Non-intersection:  Non-junction/no special feature,Paved,,Property Damage Only,0,0,0,0,0,0,3000,1,2,,POINT (-90.687694227555 42.534256106485)
2014817779,14-040495,09/22/2014,09-September,2-Monday,07:33,0700 Hours,District 4 (Southwest),COUNCIL BLUFFS,POTTAWATTAMIE,I-480,I-480,Collision with:  Vehicle in traffic,On Roadway,Rear-end (front to rear),Lost Control,None Indicated,,Daylight,Dry,Clear,None apparent,Non-intersection:  Non-junction/no special feature,Paved,,Possible/Unknown,0,1,0,0,1,0,12000,2,2,,POINT (-95.915893303162 41.260753546884)
2014818271,,09/22/2014,09-September,2-Monday,16:20,1600 Hours,District 6 (East Central),CEDAR RAPIDS,LINN,IA 100,IA 100/COLLINS RD NE & F AVE NE,Collision with:  Vehicle in traffic,On Roadway,Rear-end (front to rear),Unknown,None Indicated,,Daylight,Dry,Clear,,Non-intersection:  Non-junction/no special feature,Paved,,Property Damage Only,0,0,0,0,0,0,2500,2,2,,POINT (-91.643445904277 42.028241746377)
2014818091,2014-20670,09/22/2014,09-September,2-Monday,17:52,1700 Hours,District 5 (Southeast),,WARREN,,HARDING ST,Collision with:  Vehicle in traffic,On Roadway,"Sideswipe, opposite direction",Crossed centerline (undivided),None Indicated,,Daylight,"Mud, dirt",Clear,None apparent,Non-intersection:  Non-junction/no special feature,Unpaved,,Property Damage Only,0,0,0,0,0,0,6000,2,2,,POINT (-93.577775276928 41.402617185651)
2014817589,W14-095268,09/22/2014,09-September,2-Monday,07:45,0700 Hours,District 2 (Northeast),WATERLOO,BLACK HAWK,,E 11TH ST & LAFAYETTE ST,Collision with:  Vehicle in traffic,On Roadway,"Sideswipe, same direction",FTYROW:  Other (explain in narrative),None Indicated,,Daylight,Dry,Clear,None apparent,Intersection:  Four-way intersection,Paved,,Property Damage Only,0,0,0,0,0,0,2800,2,2,,POINT (-92.327608364573 42.494244396644)
2014818296,14005845,09/22/2014,09-September,2-Monday,17:26,1700 Hours,District 3 (Northwest),,CHEROKEE,US 59,US 59 & IA 31/IOWA 31 & Co Rd C63/610TH ST,Collision with:  Vehicle in traffic,On Roadway,"Sideswipe, same direction",Traveling wrong way or on wrong side of road,None Indicated,,Daylight,Dry,Clear,None apparent,Intersection:  Other intersection (explain in narrative),Paved,,Fatal,1,2,2,0,0,0,75000,2,3,,POINT (-95.555297631066 42.63396444197)