Iowa DOT Case Number,Law Enforcement Case Number,Date of Crash,Month of Crash,Day of Week,Time of Crash,Hour,DOT District,City Name,County Name,Route with System,Location Description,First Harmful Event,Location of First Harmful Event,Manner of Crash/Collision,Major Cause,Drug or Alcohol ,Environmental Conditions,Light Conditions,Surface Conditions,Weather Conditions,Roadway Contribution,Roadway Type,Roadway Surface,Work Zone,Crash Severity,Number of Fatalities,Number of Injuries,Number of Major Injuries,Number of Minor Injuries,Number of Possible Injuries,Number of Unknown Injuries,Amount of Property Damage,Number of Vehicles Involved,Total Number of Occupants,Travel Direction,Location
2014818043,14-18487,09/22/2014,09-September,2-Monday,07:06,0700 Hours,District 6 (East Central),BETTENDORF,SCOTT,,ECHODALE & PARKDALE DR,Collision with:  Vehicle in traffic,On Roadway,"Angle, oncoming left turn",Other (explain in narrative):  Vision obstructed,None Indicated,,Daylight,Dry,Clear,None apparent,Non-intersection:  Driveway access (within),Paved,,Property Damage Only,0,0,0,0,0,0,4000,2,3,,POINT (-90.502328431296 41.559404915871)
2014819139,2014-038011,09/22/2014,09-September,2-Monday,17:19,1700 Hours,District 6 (East Central),DUBUQUE,DUBUQUE,,ST ANNE DR & BRISTOL DR,Collision with:  Vehicle in traffic,On Roadway,"Angle, oncoming left turn",Made improper turn,None Indicated,,Daylight,Dry,Clear,None apparent,Intersection:  T-intersection,Paved,,Property Damage Only,0,0,0,0,0,0,4000,2,3,,POINT (-90.709721782972 42.503585671079)
2014817784,14-040504,09/22/2014,09-September,2-Monday,08:27,0800 Hours,District 4 (Southwest),COUNCIL BLUFFS,POTTAWATTAMIE,I-29,I-29 & IA 92/OMAHA BRIDGE RD,Collision with:  Vehicle in traffic,On Roadway,Rear-end (front to rear),Followed too close,None Indicated,,Daylight,Dry,Clear,Work Zone (roadway-related),Non-intersection:  Non-junction/no special feature,Paved,Yes,Property Damage Only,0,0,0,0,0,0,5500,2,2,,POINT (-95.831167784789 41.221368386758)
2014818504,P14-010948,09/22/2014,09-September,2-Monday,15:53,1500 Hours,District 1 (Central),WEBSTER CITY,HAMILTON,,WALNUT ST & BEACH ST,Collision with:  Vehicle in traffic,On Roadway,Broadside (front to side),FTYROW:  From stop sign,None Indicated,,Daylight,Dry,Clear,None apparent,Intersection:  Four-way intersection,Paved,,Major Injury,0,1,1,0,0,0,11000,2,3,,POINT (-93.835460100296 42.464100842891)
2014818251,2014-19500,09/22/2014,09-September,2-Monday,21:50,2100 Hours,District 6 (East Central),DIXON,SCOTT,,DAVENPORT ST & WALCOTT ST,Collision with fixed object:  Ditch,On Roadway,Non-collision (single vehicle),Equipment failure,None Indicated,,Dark - roadway lighted,Dry,Clear,None apparent,Intersection:  T-intersection,Paved,,Property Damage Only,0,0,0,0,0,0,2000,1,1,,POINT (-90.782391147002 41.742837977435)
2014818238,GP20140780,09/22/2014,09-September,2-Monday,07:59,0700 Hours,District 1 (Central),GRINNELL,POWESHIEK,,9TH AVE & ELM ST,Collision with:  Vehicle in traffic,On Roadway,Broadside (front to side),FTYROW:  At uncontrolled intersection,None Indicated,,Daylight,Dry,Clear,None apparent,Intersection:  Four-way intersection,Paved,,Property Damage Only,0,0,0,0,0,0,10000,2,4,,POINT (-92.716371292467 41.750500046659)
2014819633,,09/22/2014,09-September,2-Monday,18:59,1800 Hours,District 2 (Northeast),,BUTLER,,QUAIL AVE,Non-collision events:  Overturn/rollover,On Roadway,Non-collision (single vehicle),Driving too fast for conditions,None Indicated,,Dusk,"Mud, dirt",Cloudy,"Surface condition (e.g., wet, icy)",Non-intersection:  Non-junction/no special feature,Unpaved,,Minor Injury,0,3,0,2,1,0,7500,1,3,,POINT (-92.712420151617 42.773716573721)
2014818021,14-11133,09/22/2014,09-September,2-Monday,19:30,1900 Hours,District 3 (Northwest),,SIOUX,,Co Rd K64/JACKSON AVE,Collision with:  Vehicle in traffic,On Roadway,Rear-end (front to rear),Followed too close,None Indicated,,Dusk,Dry,Clear,None apparent,Non-intersection:  Driveway access (within),Paved,,Property Damage Only,0,0,0,0,0,0,5000,2,2,,POINT (-96.056871398648 43.052132185343)
2014818196,14-31430,09/22/2014,09-September,2-Monday,16:43,1600 Hours,District 3 (Northwest),SIOUX CITY,WOODBURY,I-29,I-29 & IA 376/SINGING HILLS BLVD,Collision with:  Vehicle in traffic,On Roadway,Rear-end (front to rear),Other (explain in narrative):  Other,None Indicated,,Daylight,Dry,Clear,None apparent,Intersection:  Intersection with ramp,Paved,,Property Damage Only,0,0,0,0,0,0,4500,2,2,,POINT (-96.374038191035 42.434596157911)
2014818966,2014054825,09/22/2014,09-September,2-Monday,23:25,2300 Hours,District 2 (Northeast),,CERRO GORDO,I-35,I-35,Collision with:  Animal,On Roadway,Non-collision (single vehicle),Animal,None Indicated,,Dark - roadway not lighted,Dry,Clear,None apparent,Non-intersection:  Other non-intersection (explain in narrative),Paved,,Property Damage Only,0,0,0,0,0,0,7000,1,1,,POINT (-93.34889362275 43.200748081765)
2014818014,20140028103,09/22/2014,09-September,2-Monday,11:55,1100 Hours,District 1 (Central),DES MOINES,POLK,,WATSON POWELL JR WAY & 5TH AVE,Collision with:  Vehicle in traffic,On Roadway,"Sideswipe, same direction","Operating vehicle in an reckless, erratic, careless, negligent manner",None Indicated,,Daylight,Dry,Clear,None apparent,Intersection:  Four-way intersection,Paved,,Property Damage Only,0,0,0,0,0,0,1500,2,2,,POINT (-93.624383328631 41.589592391233)
2014823871,,09/23/2014,09-September,3-Tuesday,18:15,1800 Hours,District 2 (Northeast),DECORAH,WINNESHIEK,IA 9,IA 9/IOWA 9 & OLD STAGE RD & TROUT RUN RD,Collision with:  Vehicle in traffic,On Roadway,Rear-end (front to rear),Followed too close,None Indicated,,Dusk,Dry,Clear,None apparent,Intersection:  Four-way intersection,Paved,,Property Damage Only,0,0,0,0,0,0,2600,2,4,,POINT (-91.755449155537 43.288428081059)
2014821216,2014054984,09/23/2014,09-September,3-Tuesday,15:30,1500 Hours,District 1 (Central),GRINNELL,POWESHIEK,,370TH AVE & JEWEL DR,Collision with:  Vehicle in traffic,On Roadway,Head-on (front to front),Traveling wrong way or on wrong side of road,None Indicated,,Daylight,Dry,Cloudy,None apparent,Non-intersection:  Non-junction/no special feature,Paved,,Property Damage Only,0,0,0,0,0,0,14000,2,2,,POINT (-92.703984111366 41.760646754572)
2014819035,14-11166,09/23/2014,09-September,3-Tuesday,18:18,1800 Hours,District 3 (Northwest),,SIOUX,US 18,US 18/320TH ST,Collision with:  Vehicle in traffic,On Roadway,Head-on (front to front),Crossed centerline (undivided),None Indicated,,Daylight,Wet,Rain,None apparent,Non-intersection:  Non-junction/no special feature,Paved,,Possible/Unknown,0,2,0,0,2,0,46000,2,2,,POINT (-96.171252908901 43.185778280365)
2014818857,SA1408006,09/23/2014,09-September,3-Tuesday,17:37,1700 Hours,District 5 (Southeast),,WASHINGTON,IA 92,IA 92,Collision with:  Vehicle in traffic,On Roadway,Rear-end (front to rear),Crossed centerline (undivided),None Indicated,,Dusk,Dry,Clear,Other (explain in narrative),Non-intersection:  Non-junction/no special feature,Paved,,Major Injury,0,2,1,1,0,0,20000,2,4,,POINT (-91.495119108921 41.293290193907)
2014822603,14-004460,09/23/2014,09-September,3-Tuesday,13:37,1300 Hours,District 1 (Central),AMES,STORY,US 69,US 69/GRAND AVE,Collision with:  Vehicle in traffic,On Roadway,"Sideswipe, same direction",FTYROW:  Other (explain in narrative),None Indicated,,Daylight,Dry,Cloudy,None apparent,Non-intersection:  Non-junction/no special feature,Paved,,Property Damage Only,0,0,0,0,0,0,3000,2,2,,POINT (-93.62028491703 42.029367842773)
2014818022,14-11139,09/23/2014,09-September,3-Tuesday,00:05,0000 Hours,District 3 (Northwest),,SIOUX,,Co Rd K42/GARFIELD AVE,Collision with:  Animal,On Roadway,Non-collision (single vehicle),Animal,None Indicated,,Dark - roadway not lighted,Dry,Clear,None apparent,Non-intersection:  Non-junction/no special feature,Paved,,Property Damage Only,0,0,0,0,0,0,4100,1,1,,POINT (-96.23531725524 43.148885561282)
2014818297,14005854,09/23/2014,09-September,3-Tuesday,10:10,1000 Hours,District 3 (Northwest),,CHEROKEE,IA 3,IA 3/IOWA 3,Non-collision events:  Other non-collision (explain in narrative),On Roadway,Non-collision (single vehicle),Swerving/Evasive Action,None Indicated,,Daylight,Wet,Cloudy,None apparent,Non-intersection:  Non-junction/no special feature,Paved,,Minor Injury,0,1,0,1,0,0,150,1,1,,POINT (-95.64896085961 42.798981942)
2014819405,2014-67233,09/23/2014,09-September,3-Tuesday,07:35,0700 Hours,District 6 (East Central),DAVENPORT,SCOTT,,E 53RD ST & UTICA RIDGE RD,Collision with:  Vehicle in traffic,On Roadway,"Sideswipe, same direction",Ran Traffic Signal,None Indicated,,Daylight,Dry,Clear,None apparent,Intersection:  Four-way intersection,Paved,,Property Damage Only,0,0,0,0,0,0,2500,2,2,,POINT (-90.513351495642 41.574945708672)
2014818390,14-040514,09/23/2014,09-September,3-Tuesday,07:00,0700 Hours,District 5 (Southeast),MUSCATINE,MUSCATINE,,51ST ST,Collision with:  Parked motor vehicle,Roadside,Rear-end (front to rear),Other (explain in narrative):  Vision obstructed,None Indicated,,Dawn,Dry,Clear,None apparent,Non-intersection:  Non-junction/no special feature,Paved,,Property Damage Only,0,0,0,0,0,0,3000,2,1,,POINT (-91.129628910304 41.369039622527)
2014818326,201414145,09/23/2014,09-September,3-Tuesday,17:00,1700 Hours,District 6 (East Central),CEDAR RAPIDS,LINN,IA 922,IA 922/1ST AVE E & 25TH ST DR SE,Collision with:  Vehicle in traffic,On Roadway,"Angle, oncoming left turn",FTYROW:  Making left turn,None Indicated,,Daylight,Dry,Cloudy,None apparent,Intersection:  T-intersection,Paved,,Property Damage Only,0,0,0,0,0,0,8000,2,6,,POINT (-91.635652410039 42.00122029932)
2014818201,14-31503,09/23/2014,09-September,3-Tuesday,09:07,0900 Hours,District 3 (Northwest),SIOUX CITY,WOODBURY,,7TH ST & DOUGLAS ST,Collision with:  Vehicle in traffic,On Roadway,"Sideswipe, same direction",Other (explain in narrative):  Other,None Indicated,,Daylight,Dry,Clear,None apparent,Intersection:  Four-way intersection,Paved,,Property Damage Only,0,0,0,0,0,0,10000,2,2,,POINT (-96.406475991318 42.497441631017)
2014818455,2014-67236,09/23/2014,09-September,3-Tuesday,07:42,0700 Hours,District 6 (East Central),DAVENPORT,SCOTT,,W 7TH ST & N DIVISION ST,Collision with:  Vehicle in traffic,On Roadway,Rear-end (front to rear),Other (explain in narrative):  Vision obstructed,None Indicated,,Daylight,Dry,Clear,Non-highway work,Intersection:  Four-way intersection,Paved,,Property Damage Only,0,0,0,0,0,0,6000,2,2,,POINT (-90.601168376027 41.526718827153)
2014818652,14-014702,09/23/2014,09-September,3-Tuesday,16:31,1600 Hours,District 3 (Northwest),SPENCER,CLAY,,5TH AVE E,Collision with:  Vehicle in traffic,On Roadway,Rear-end (front to rear),Improper Backing,None Indicated,,Daylight,Dry,Clear,None apparent,Non-intersection:  Non-junction/no special feature,Paved,,Property Damage Only,0,0,0,0,0,0,1500,2,2,,POINT (-95.138598068847 43.153049865519)
2014818006,20140028207,09/23/2014,09-September,3-Tuesday,09:38,0900 Hours,District 1 (Central),DES MOINES,POLK,I-235,I-235 & SCHOOL ST & 19TH ST,Collision with:  Vehicle in traffic,On Roadway,Rear-end (front to rear),Followed too close,None Indicated,,Daylight,Dry,Clear,None apparent,Intersection:  Four-way intersection,Paved,,Property Damage Only,0,0,0,0,0,0,6500,2,2,,POINT (-93.642568703947 41.595301861437)
2014818456,2014-67240,09/23/2014,09-September,3-Tuesday,08:20,0800 Hours,District 6 (East Central),DAVENPORT,SCOTT,,W 17TH ST & N DIVISION ST,Collision with:  Vehicle in traffic,On Roadway,Rear-end (front to rear),Followed too close,None Indicated,,Daylight,Dry,Clear,None apparent,Intersection:  Four-way intersection,Paved,,Possible/Unknown,0,1,0,0,1,0,6000,2,7,,POINT (-90.601152096803 41.536886755167)
2014818325,201414139,09/23/2014,09-September,3-Tuesday,16:20,1600 Hours,District 6 (East Central),CEDAR RAPIDS,LINN,,COTTAGE GROVE AVE SE,Collision with:  Vehicle in traffic,On Roadway,Rear-end (front to rear),Lost Control,None Indicated,,Daylight,Dry,Clear,None apparent,Non-intersection:  Non-junction/no special feature,Paved,,Property Damage Only,0,0,0,0,0,0,5000,2,2,,POINT (-91.638536962692 41.995616547111)
2014818032,14-040628,09/23/2014,09-September,3-Tuesday,07:26,0700 Hours,District 4 (Southwest),COUNCIL BLUFFS,POTTAWATTAMIE,,30TH AVE,Collision with:  Vehicle in traffic,On Roadway,Rear-end (front to rear),Followed too close,None Indicated,,Daylight,Dry,Cloudy,None apparent,Interchange-related:  On-ramp merge area,Paved,,Property Damage Only,0,0,0,0,0,0,3000,2,3,,POINT (-95.851230301843 41.230671951855)
2014817986,14020037,09/23/2014,09-September,3-Tuesday,12:51,1200 Hours,District 6 (East Central),MARION,LINN,,7TH AVE,Collision with:  Vehicle in traffic,On Roadway,Rear-end (front to rear),Followed too close,None Indicated,,Daylight,Dry,Cloudy,None apparent,Intersection:  Four-way intersection,Paved,,Minor Injury,0,2,0,1,1,0,2100,2,5,,POINT (-91.596428428831 42.033332318046)
2014818005,20140028197,09/23/2014,09-September,3-Tuesday,08:45,0800 Hours,District 1 (Central),DES MOINES,POLK,US 6,US 6/E EUCLID AVE & US 69/E 14TH ST,Collision with:  Vehicle in traffic,On Roadway,"Sideswipe, opposite direction",FTYROW:  Making left turn,None Indicated,,Daylight,Dry,Clear,None apparent,Intersection:  Four-way intersection,Paved,,Property Damage Only,0,0,0,0,0,0,2000,2,3,,POINT (-93.600537149732 41.627720899837)
2014818496,14014703,09/23/2014,09-September,3-Tuesday,16:48,1600 Hours,District 3 (Northwest),,CLAY,US 18,US 18,Collision with:  Vehicle in traffic,On Roadway,Broadside (front to side),Made improper turn,None Indicated,,Daylight,Dry,Cloudy,None apparent,Non-intersection:  Non-junction/no special feature,Paved,,Property Damage Only,0,0,0,0,0,0,16000,2,6,,POINT (-95.110513918689 43.126783296646)
2014818790,14-004454,09/23/2014,09-September,3-Tuesday,07:15,0700 Hours,District 1 (Central),AMES,STORY,US 69,US 69/LINCOLN WAY & CLARK AVE & S WALNUT ST,Collision with:  Vehicle in traffic,On Roadway,Broadside (front to side),Ran Traffic Signal,None Indicated,,Daylight,Dry,Clear,None apparent,Intersection:  Four-way intersection,Paved,,Property Damage Only,0,0,0,0,0,0,18998,2,2,,POINT (-93.616876268892 42.022910487938)
2014818230,14-012951,09/23/2014,09-September,3-Tuesday,19:16,1900 Hours,District 2 (Northeast),SUMNER,FAYETTE,,Co Rd V68/W AVE & 165TH ST,Collision with:  Animal,,,Animal,None Indicated,,,,,,,Paved,,Property Damage Only,0,0,0,0,0,0,6000,1,1,,POINT (-92.042776759801 42.869405269287)
2014818812,201400046984,09/23/2014,09-September,3-Tuesday,20:26,2000 Hours,District 5 (Southeast),OTTUMWA,WAPELLO,US 34,US 34 & N QUINCY AVE,Collision with:  Vehicle in traffic,On Roadway,Head-on (front to front),FTYROW:  Making left turn,None Indicated,,Dark - roadway lighted,Dry,Clear,None apparent,Intersection:  Four-way intersection,Paved,,Property Damage Only,0,0,0,0,0,0,3000,2,2,,POINT (-92.438524131273 41.018332880247)
2014818203,14-31551,09/23/2014,09-September,3-Tuesday,16:13,1600 Hours,District 3 (Northwest),SIOUX CITY,WOODBURY,,ORLEANS AVE,Collision with fixed object:  Tree,On Roadway,Non-collision (single vehicle),Ran off road - left,Alcohol (Statutory),,Daylight,Dry,Cloudy,None apparent,Non-intersection:  Non-junction/no special feature,Paved,,Minor Injury,0,1,0,1,0,0,500,1,1,,POINT (-96.36896599556 42.471475085137)
2014818180,14-004112,09/23/2014,09-September,3-Tuesday,16:20,1600 Hours,District 1 (Central),ANKENY,POLK,,NW 9TH ST,Collision with:  Vehicle in traffic,On Roadway,"Angle, oncoming left turn",FTYROW:  Making left turn,None Indicated,,Daylight,Dry,Clear,None apparent,Non-intersection:  Driveway access (within),Paved,,Property Damage Only,0,0,0,0,0,0,4000,2,4,,POINT (-93.60134125155 41.7386752598)
2014818650,092314-68,09/23/2014,09-September,3-Tuesday,07:59,0700 Hours,District 3 (Northwest),STORM LAKE,BUENA VISTA,,ONEIDA ST,Collision with:  Vehicle in traffic,On Roadway,"Sideswipe, opposite direction",Other (explain in narrative):  Other,None Indicated,,Daylight,Dry,Clear,None apparent,Non-intersection:  Non-junction/no special feature,Paved,,Property Damage Only,0,0,0,0,0,0,1800,2,4,,POINT (-95.195446655446 42.647661427593)
2014818981,14-6618,09/23/2014,09-September,3-Tuesday,17:00,1700 Hours,District 2 (Northeast),BURT,KOSSUTH,,Co Rd B19/120 AVE,Non-collision events:  Overturn/rollover,Shoulder,Non-collision (single vehicle),Driving too fast for conditions,None Indicated,,Daylight,Wet,Rain,"Surface condition (e.g., wet, icy)",Non-intersection:  Non-junction/no special feature,Paved,,Minor Injury,0,1,0,1,0,0,8300,1,1,,POINT (-94.226476862004 43.205376074949)
2014818199,14-31497,09/23/2014,09-September,3-Tuesday,07:49,0700 Hours,District 3 (Northwest),SIOUX CITY,WOODBURY,I-29,I-29,Collision with:  Vehicle in traffic,On Roadway,"Sideswipe, same direction",FTYROW:  Other (explain in narrative),None Indicated,,Daylight,Wet,Rain,None apparent,Non-intersection:  Non-junction/no special feature,Paved,,Possible/Unknown,0,1,0,0,1,0,14700,3,5,,POINT (-96.407566008431 42.489512260002)
2014818952,CL14003386,09/23/2014,09-September,3-Tuesday,13:35,1300 Hours,District 6 (East Central),CLINTON,CLINTON,,9TH AVE N & N 3RD ST,Collision with:  Vehicle in traffic,On Roadway,Broadside (front to side),FTYROW:  From stop sign,None Indicated,,Daylight,Dry,Clear,None apparent,Intersection:  Four-way intersection,Paved,,Property Damage Only,0,0,0,0,0,0,2000,2,2,,POINT (-90.188954501593 41.853979845289)
2014818082,14-4716,09/23/2014,09-September,3-Tuesday,08:17,0800 Hours,District 1 (Central),WEST DES MOINES,POLK,,VISTA DR & 60TH ST,Collision with:  Vehicle in traffic,On Roadway,"Angle, oncoming left turn",FTYROW:  Making left turn,None Indicated,,Daylight,Dry,Clear,None apparent,Intersection:  Four-way intersection,Paved,,Property Damage Only,0,0,0,0,0,0,4500,2,7,,POINT (-93.790577422547 41.58960552102)
2014819141,2014-038032,09/23/2014,09-September,3-Tuesday,12:03,1200 Hours,District 6 (East Central),DUBUQUE,DUBUQUE,,LOWELL ST,Collision with:  Vehicle in traffic,On Roadway,"Sideswipe, opposite direction",Crossed centerline (undivided),None Indicated,,Daylight,Dry,Clear,None apparent,Non-intersection:  Non-junction/no special feature,Paved,,Property Damage Only,0,0,0,0,0,0,5000,2,2,,POINT (-90.673775710578 42.511326209787)
2014819056,14-31496,09/23/2014,09-September,3-Tuesday,07:33,0700 Hours,District 3 (Northwest),SIOUX CITY,WOODBURY,,OUTER DR N & GLEN OAKS BLVD,Collision with:  Vehicle in traffic,On Roadway,Rear-end (front to rear),Followed too close,None Indicated,,Dawn,Wet,Rain,None apparent,Intersection:  T-intersection,Paved,,Possible/Unknown,0,2,0,0,2,0,1200,2,8,,POINT (-96.389789092988 42.540996338349)
2014818327,201414158,09/23/2014,09-September,3-Tuesday,23:10,2300 Hours,District 6 (East Central),CEDAR RAPIDS,LINN,US 30,US 30/LINCOLN FWY,Collision with:  Vehicle in traffic,On Roadway,Unknown,FTYROW:  Other (explain in narrative),None Indicated,,Dark - roadway not lighted,Dry,Clear,Work Zone (roadway-related),Non-intersection:  Other non-intersection (explain in narrative),Paved,Yes,Possible/Unknown,0,1,0,0,1,0,15000,2,2,,POINT (-91.683513150998 41.929862627008)
2014818177,14-6264,09/23/2014,09-September,3-Tuesday,15:38,1500 Hours,District 1 (Central),BONDURANT,POLK,,GRANT ST N,Collision with:  Vehicle in traffic,On Roadway,Rear-end (front to rear),Followed too close,None Indicated,,Daylight,Dry,Cloudy,None apparent,Non-intersection:  Non-junction/no special feature,Paved,,Property Damage Only,0,0,0,0,0,0,3500,2,2,,POINT (-93.463294578048 41.704511472035)
2014818176,14-6280,09/23/2014,09-September,3-Tuesday,23:00,2300 Hours,District 1 (Central),,POLK,,NE 17TH ST & NE 51ST AVE,Collision with:  Parked motor vehicle,Outside trafficway,Unknown,Other (explain in narrative):  Other,None Indicated,,Unknown,Dry,Clear,None apparent,Non-intersection:  Driveway access (within),Paved,,Property Damage Only,0,0,0,0,0,0,1500,2,1,,POINT (-93.592703243905 41.653197825369)
2014818704,14092051,09/23/2014,09-September,3-Tuesday,01:04,0100 Hours,District 4 (Southwest),CLARINDA,PAGE,,S 15TH ST,Collision with:  Vehicle in traffic,Outside trafficway,Broadside (front to side),"Operating vehicle in an reckless, erratic, careless, negligent manner",None Indicated,,Dark - roadway not lighted,Dry,Clear,None apparent,Non-intersection:  Non-junction/no special feature,Paved,,Property Damage Only,0,0,0,0,0,0,2000,2,2,,POINT (-95.036480178 40.735261916264)
2014817992,14-004101,09/23/2014,09-September,3-Tuesday,00:56,0000 Hours,District 1 (Central),ANKENY,POLK,,NW BOULDER RIDGE LN,Miscellaneous events:  Fire/explosion,Roadside,Non-collision (single vehicle),Other (explain in narrative):  No improper action,None Indicated,,Dark - roadway lighted,Dry,Clear,None apparent,Non-intersection:  Non-junction/no special feature,Unpaved,,Property Damage Only,0,0,0,0,0,0,4000,1,0,,POINT (-93.642854598917 41.748430263187)
2014818912,C1495626,09/23/2014,09-September,3-Tuesday,09:43,0900 Hours,District 2 (Northeast),CEDAR FALLS,BLACK HAWK,,21ST ST & COLLEGE ST,Collision with:  Vehicle in traffic,On Roadway,"Angle, oncoming left turn",FTYROW:  From stop sign,None Indicated,,Daylight,Dry,Clear,None apparent,Unknown,Paved,,Property Damage Only,0,0,0,0,0,0,3000,2,4,,POINT (-92.455768671549 42.518862151401)
2014818846,2014-67317,09/23/2014,09-September,3-Tuesday,17:10,1700 Hours,District 6 (East Central),DAVENPORT,SCOTT,,IA 461/BRADY ST & E 32ND ST,Collision with:  Vehicle in traffic,On Roadway,Broadside (front to side),FTYROW:  At uncontrolled intersection,None Indicated,,Daylight,Dry,Clear,None apparent,Intersection:  Other intersection (explain in narrative),Paved,,Possible/Unknown,0,1,0,0,1,0,14000,2,4,,POINT (-90.569486449575 41.552784228807)
2014819392,201404456,09/23/2014,09-September,3-Tuesday,16:02,1600 Hours,District 1 (Central),OGDEN,BOONE,,230TH ST,Collision with:  Vehicle in traffic,On Roadway,Non-collision (single vehicle),Animal,None Indicated,,Daylight,Dry,Clear,None apparent,Non-intersection:  Non-junction/no special feature,Unpaved,,Possible/Unknown,0,1,0,0,1,0,10000,1,2,,POINT (-94.019089079838 42.022700982417)
2014818623,2014054928,09/23/2014,09-September,3-Tuesday,13:00,1300 Hours,District 4 (Southwest),,MILLS,,221ST ST,Collision with:  Vehicle in traffic,On Roadway,"Sideswipe, same direction",Unknown,None Indicated,,Daylight,Dry,Cloudy,None apparent,Non-intersection:  Driveway access (within),Paved,,Property Damage Only,0,0,0,0,0,0,5000,2,2,,POINT (-95.755360048495 41.030683184549)
2014818175,14-6255,09/23/2014,09-September,3-Tuesday,07:21,0700 Hours,District 1 (Central),ELKHART,POLK,,MAPLE ST,Collision with:  Other non-fixed object (explain in narrative),On Roadway,Non-collision (single vehicle),Other (explain in narrative):  Vision obstructed,None Indicated,,Dawn,Dry,Clear,None apparent,Intersection:  T-intersection,Paved,,Possible/Unknown,0,1,0,0,1,0,3000,1,1,,POINT (-93.517313194618 41.791928330266)
2014818259,2014009991,09/23/2014,09-September,3-Tuesday,18:55,1800 Hours,District 1 (Central),MARSHALLTOWN,MARSHALL,,S 18TH ST,Collision with:  Vehicle in traffic,On Roadway,Rear-end (front to rear),Driver Distraction:  Passenger,None Indicated,,Dusk,Dry,Clear,None apparent,Non-intersection:  Crossover-related,Paved,,Possible/Unknown,0,1,0,0,1,0,12000,2,3,,POINT (-92.883771279789 42.01185494311)
2014818371,14-2108,09/23/2014,09-September,3-Tuesday,15:00,1500 Hours,District 1 (Central),URBANDALE,POLK,I-35,I-35,Collision with:  Vehicle in traffic,On Roadway,"Sideswipe, same direction",Improper or erratic lane changing,None Indicated,,Daylight,Dry,Cloudy,None apparent,Interchange-related:  On-ramp merge area,Paved,,Property Damage Only,0,0,0,0,0,0,4000,2,2,,POINT (-93.72755068902 41.652414361103)
2014818152,14-6606,09/23/2014,09-September,3-Tuesday,11:04,1100 Hours,District 2 (Northeast),FENTON,KOSSUTH,IA 15,IA 15/20 AVE & Co Rd B19/310 ST,Collision with:  Vehicle in traffic,On Roadway,Broadside (front to side),FTYROW:  Other (explain in narrative),None Indicated,,Daylight,Dry,Clear,None apparent,Intersection:  Four-way intersection,Paved,,Possible/Unknown,0,1,0,0,1,0,4500,2,3,,POINT (-94.423373427007 43.212487232977)
2014818324,201414130,09/23/2014,09-September,3-Tuesday,13:56,1300 Hours,District 6 (East Central),CEDAR RAPIDS,LINN,,9TH AVE SE & 7TH ST SE,Collision with:  Vehicle in traffic,On Roadway,Broadside (front to side),Ran Stop Sign,None Indicated,,Daylight,Dry,Clear,None apparent,Intersection:  Four-way intersection,Paved,,Possible/Unknown,0,2,0,0,2,0,5000,2,2,,POINT (-91.656267974921 41.975191779965)
2014818210,14-4726,09/23/2014,09-September,3-Tuesday,16:57,1600 Hours,District 4 (Southwest),WEST DES MOINES,DALLAS,,BOONEVILLE RD & S JORDAN CREEK PKWY,Collision with:  Vehicle in traffic,On Roadway,Broadside (front to side),Unknown,None Indicated,,Daylight,"Mud, dirt",Cloudy,"Surface condition (e.g., wet, icy)",Intersection:  Other intersection (explain in narrative),Paved,,Minor Injury,0,1,0,1,0,0,16500,2,2,,POINT (-93.807924647873 41.543268769358)
2014818247,14-4735,09/23/2014,09-September,3-Tuesday,22:16,2200 Hours,District 1 (Central),WEST DES MOINES,POLK,I-35,I-35,Collision with:  Animal,On Roadway,Non-collision (single vehicle),Animal,None Indicated,,Dark - roadway not lighted,Dry,Clear,None apparent,Non-intersection:  Non-junction/no special feature,Paved,,Property Damage Only,0,0,0,0,0,0,1500,1,1,,POINT (-93.773567985484 41.525535467623)
2014818233,SO14002253,09/23/2014,09-September,3-Tuesday,17:12,1700 Hours,District 3 (Northwest),,PLYMOUTH,,Co Rd K42/K42 & 220TH ST,Collision with:  Vehicle in traffic,On Roadway,Broadside (front to side),FTYROW:  From driveway,None Indicated,,Daylight,Wet,Rain,None apparent,Non-intersection:  Driveway access (within),Paved,,Minor Injury,0,2,0,1,1,0,7500,2,5,,POINT (-96.25274194162 42.735155739083)
2014850982,14007739,09/23/2014,09-September,3-Tuesday,04:39,0400 Hours,District 5 (Southeast),,LOUISA,IA 92,IA 92/IOWA 92,Collision with:  Animal,On Roadway,Non-collision (single vehicle),Animal,None Indicated,,,,,,,Paved,,Property Damage Only,0,0,0,0,0,0,3500,1,1,,POINT (-91.405037067663 41.281385368787)
2014819238,,09/23/2014,09-September,3-Tuesday,16:50,1600 Hours,District 6 (East Central),CEDAR RAPIDS,LINN,,5TH AVE SW & 6TH ST SW,Collision with:  Vehicle in traffic,On Roadway,Rear-end (front to rear),Unknown,None Indicated,,Daylight,Dry,Clear,,Intersection:  Four-way intersection,Paved,,Property Damage Only,0,0,0,0,0,0,2200,2,2,,POINT (-91.677170440324 41.970634133163)
2014818149,2014054857,09/23/2014,09-September,3-Tuesday,07:50,0700 Hours,District 1 (Central),ALTOONA,POLK,I-80,I-80,Collision with:  Vehicle in traffic,On Roadway,"Sideswipe, same direction",Improper or erratic lane changing,None Indicated,,Daylight,Dry,Cloudy,Work Zone (roadway-related),Non-intersection:  Non-junction/no special feature,Paved,Yes,Property Damage Only,0,0,0,0,0,0,4200,2,4,,POINT (-93.490313254661 41.6617055847)