Iowa DOT Case Number,Law Enforcement Case Number,Date of Crash,Month of Crash,Day of Week,Time of Crash,Hour,DOT District,City Name,County Name,Route with System,Location Description,First Harmful Event,Location of First Harmful Event,Manner of Crash/Collision,Major Cause,Drug or Alcohol ,Environmental Conditions,Light Conditions,Surface Conditions,Weather Conditions,Roadway Contribution,Roadway Type,Roadway Surface,Work Zone,Crash Severity,Number of Fatalities,Number of Injuries,Number of Major Injuries,Number of Minor Injuries,Number of Possible Injuries,Number of Unknown Injuries,Amount of Property Damage,Number of Vehicles Involved,Total Number of Occupants,Travel Direction,Location
2014825536,2014054852,09/23/2014,09-September,3-Tuesday,07:29,0700 Hours,District 6 (East Central),DAVENPORT,SCOTT,,IA 461/HARRISON ST & W 5TH ST,Collision with:  Non-motorist (see non-motorist section - NOT a unit),On Roadway,Non-collision (single vehicle),Other (explain in narrative):  Vision obstructed,None Indicated,,Daylight,Dry,Clear,None apparent,Non-intersection:  Non-junction/no special feature,Paved,,Possible/Unknown,0,1,0,0,1,0,0,1,1,,POINT (-90.577011080855 41.524672003176)
2014818675,14002103,09/23/2014,09-September,3-Tuesday,19:48,1900 Hours,District 6 (East Central),IOWA CITY,JOHNSON,IA 1,IA 1/IOWA 1 & SUNSET ST,Collision with fixed object:  Utility pole/light support,Outside trafficway,Non-collision (single vehicle),Ran off road - right,None Indicated,,Dark - roadway lighted,Dry,Clear,None apparent,Non-intersection:  Non-junction/no special feature,Paved,,Property Damage Only,0,0,0,0,0,0,10000,1,1,,POINT (-91.558545451286 41.642066182759)
2014819648,14016718,09/23/2014,09-September,3-Tuesday,16:44,1600 Hours,District 2 (Northeast),MASON CITY,CERRO GORDO,US 65,US 65/S DELAWARE AVE,Collision with:  Vehicle in traffic,On Roadway,"Sideswipe, same direction",Crossed centerline (undivided),None Indicated,,Daylight,Dry,Clear,None apparent,Non-intersection:  Non-junction/no special feature,Paved,,Property Damage Only,0,0,0,0,0,0,2300,2,2,,POINT (-93.199371497838 43.149463767976)
2014818336,14-006644,09/23/2014,09-September,3-Tuesday,19:50,1900 Hours,District 3 (Northwest),SOLDIER,MONONA,IA 37,IA 37/IOWA 37 & 280TH ST,Collision with:  Animal,On Roadway,Non-collision (single vehicle),Animal,None Indicated,,Dark - roadway not lighted,Dry,Cloudy,None apparent,Non-intersection:  Non-junction/no special feature,Paved,,Possible/Unknown,0,1,0,0,0,1,5500,1,1,,POINT (-95.753612856528 41.950166034545)
2014821356,14-004378,09/23/2014,09-September,3-Tuesday,14:30,1400 Hours,District 3 (Northwest),,LYON,IA 9,IA 9/IOWA 9,Collision with:  Vehicle in traffic,On Roadway,"Sideswipe, same direction",FTYROW:  Other (explain in narrative),None Indicated,,Daylight,Wet,Rain,None apparent,Non-intersection:  Non-junction/no special feature,Paved,,Property Damage Only,0,0,0,0,0,0,2000,2,3,,POINT (-96.49955233115 43.474413218505)
2014818420,S14-I2301CF,09/23/2014,09-September,3-Tuesday,18:57,1800 Hours,District 5 (Southeast),,CLARKE,US 69,US 69,Collision with:  Animal,,,Animal,None Indicated,,,,,,,Paved,,Property Damage Only,0,0,0,0,0,0,1500,1,1,,POINT (-93.767676222076 40.916946015642)
2014817983,142906,09/23/2014,09-September,3-Tuesday,03:23,0300 Hours,District 3 (Northwest),,CRAWFORD,US 30,US 30,,,,Swerving/Evasive Action,None Indicated,,,,,,,Paved,,Property Damage Only,0,0,0,0,0,0,8000,1,1,,POINT (-95.421502406247 41.974028558767)
2014835369,14-00918,09/23/2014,09-September,3-Tuesday,19:29,1900 Hours,District 1 (Central),TAMA,TAMA,US 63,US 63/HARDING ST,Collision with:  Vehicle in traffic,On Roadway,Rear-end (front to rear),FTYROW:  Making left turn,None Indicated,,Dark - roadway not lighted,Dry,Clear,None apparent,Non-intersection:  Driveway access (within),Paved,,Minor Injury,0,1,0,1,0,0,11500,2,2,,POINT (-92.581682695747 41.976169732431)
2014818061,14-040385,09/23/2014,09-September,3-Tuesday,00:12,0000 Hours,District 5 (Southeast),MUSCATINE,MUSCATINE,,Co Rd F70/155TH ST,Collision with:  Animal,On Roadway,Non-collision (single vehicle),Animal,None Indicated,,Dark - roadway not lighted,Dry,Clear,None apparent,Non-intersection:  Non-junction/no special feature,Paved,,Property Damage Only,0,0,0,0,0,0,8000,1,1,,POINT (-91.082963591001 41.508473109953)
2014818119,14-2979,09/23/2014,09-September,3-Tuesday,12:40,1200 Hours,District 1 (Central),FORT DODGE,WEBSTER,,2ND AVE N & N 27TH ST,Collision with:  Vehicle in traffic,On Roadway,"Angle, oncoming left turn",FTYROW:  From stop sign,None Indicated,,Daylight,Dry,Cloudy,None apparent,Intersection:  Four-way intersection,Paved,,Property Damage Only,0,0,0,0,0,0,3800,2,2,,POINT (-94.160724406681 42.508431299729)
2014818250,14-19522,09/23/2014,09-September,3-Tuesday,06:24,0600 Hours,District 6 (East Central),,SCOTT,,Co Rd Y68/SCOTT PK RD,Collision with:  Animal,,,Animal,None Indicated,,,,,,,Paved,,Property Damage Only,0,0,0,0,0,0,3000,1,1,,POINT (-90.534877859763 41.761928091345)
2014819142,2014-038047,09/23/2014,09-September,3-Tuesday,19:14,1900 Hours,District 6 (East Central),DUBUQUE,DUBUQUE,,CEDAR CROSS RD,Collision with:  Vehicle in traffic,On Roadway,Broadside (front to side),Ran Stop Sign,None Indicated,,Dark - roadway not lighted,Dry,Clear,None apparent,Intersection:  T-intersection,Paved,,Possible/Unknown,0,1,0,0,1,0,5500,2,3,,POINT (-90.714653692884 42.492148454104)
2014820236,A14069,09/23/2014,09-September,3-Tuesday,15:49,1500 Hours,District 5 (Southeast),KNOXVILLE,MARION,,E MONTGOMERY ST & S 3RD ST,Collision with:  Vehicle in traffic,On Roadway,Rear-end (front to rear),Unknown,None Indicated,,Daylight,Dry,Cloudy,None apparent,Non-intersection:  Non-junction/no special feature,Paved,,Possible/Unknown,0,2,0,0,0,2,1500,2,4,,POINT (-93.096442935029 41.317112365943)
2014818404,2014-4688,09/23/2014,09-September,3-Tuesday,14:40,1400 Hours,District 4 (Southwest),WAUKEE,DALLAS,,PARK RD & ASHWORTH DR,Collision with:  Vehicle in traffic,On Roadway,Broadside (front to side),FTYROW:  From stop sign,None Indicated,,Daylight,Dry,Cloudy,None apparent,Intersection:  Four-way intersection,Paved,,Property Damage Only,0,0,0,0,0,0,2200,2,2,,POINT (-93.866171899961 41.602796786312)
2014818624,2014054975,09/23/2014,09-September,3-Tuesday,15:39,1500 Hours,District 4 (Southwest),,MILLS,US 34,US 34,Non-collision events:  Overturn/rollover,On Roadway,Non-collision (single vehicle),"Operating vehicle in an reckless, erratic, careless, negligent manner",None Indicated,,Daylight,Dry,Cloudy,None apparent,Non-intersection:  Non-junction/no special feature,Paved,,Minor Injury,0,1,0,1,0,0,6100,1,1,,POINT (-95.66520980458 41.030552953247)
2014818185,20140028249,09/23/2014,09-September,3-Tuesday,15:05,1500 Hours,District 1 (Central),DES MOINES,POLK,US 69,US 69/E 14TH ST & IA 163/E UNIVERSITY AVE,Collision with:  Non-motorist (see non-motorist section - NOT a unit),On Roadway,Non-collision (single vehicle),Unknown,None Indicated,,Daylight,Dry,Cloudy,None apparent,Non-intersection:  Non-junction/no special feature,Paved,,Minor Injury,0,1,0,1,0,0,0,1,1,,POINT (-93.600441639031 41.600600673698)
2014818179,14-004110,09/23/2014,09-September,3-Tuesday,15:12,1500 Hours,District 1 (Central),ANKENY,POLK,,NE DELAWARE AVE,Collision with:  Vehicle in traffic,On Roadway,Rear-end (front to rear),Other (explain in narrative):  Other,None Indicated,,Daylight,Dry,Cloudy,None apparent,Non-intersection:  Non-junction/no special feature,Paved,,Possible/Unknown,0,1,0,0,1,0,7000,2,2,,POINT (-93.581057756841 41.735077734135)
2014819603,2014054837,09/23/2014,09-September,3-Tuesday,03:20,0300 Hours,District 6 (East Central),,CEDAR,I-80,I-80,Collision with:  Vehicle in traffic,On Roadway,Rear-end (front to rear),Ran off road - left,None Indicated,,Dark - roadway not lighted,Dry,Clear,None apparent,Non-intersection:  Non-junction/no special feature,Paved,,Possible/Unknown,0,1,0,0,0,1,10000,2,2,,POINT (-90.998420567579 41.633450039346)
2014818182,14-004118,09/23/2014,09-September,3-Tuesday,17:15,1700 Hours,District 1 (Central),ANKENY,POLK,,SE GRANT DR,Collision with:  Vehicle in traffic,On Roadway,"Sideswipe, same direction",Other (explain in narrative):  Other,None Indicated,,Daylight,Dry,Clear,None apparent,Non-intersection:  Non-junction/no special feature,Paved,,Property Damage Only,0,0,0,0,0,0,3000,2,2,,POINT (-93.597622103474 41.698099871885)
2014818257,147130,09/23/2014,09-September,3-Tuesday,16:30,1600 Hours,District 4 (Southwest),DEXTER,DALLAS,,STATE ST & GRANT ST,Collision with:  Vehicle in traffic,On Roadway,Rear-end (front to rear),Other (explain in narrative):  Other,None Indicated,,Daylight,Dry,Clear,None apparent,Intersection:  T-intersection,Paved,,Possible/Unknown,0,1,0,0,1,0,3000,2,2,,POINT (-94.220907542467 41.51803520983)
2014818262,2014055005,09/23/2014,09-September,3-Tuesday,21:07,2100 Hours,District 1 (Central),,POLK,I-35,I-35,Collision with:  Other non-fixed object (explain in narrative),On Roadway,Non-collision (single vehicle),Other (explain in narrative):  No improper action,None Indicated,,Dark - roadway lighted,Dry,Clear,None apparent,Non-intersection:  Non-junction/no special feature,Paved,,Property Damage Only,0,0,0,0,0,0,6200,1,2,,POINT (-93.686313642706 41.651614152682)
2014824099,A390914-2223,09/23/2014,09-September,3-Tuesday,02:10,0200 Hours,District 4 (Southwest),,GUTHRIE,IA 25,IA 25/IOWA 25,Collision with:  Animal,On Roadway,Non-collision (single vehicle),Animal,Alcohol (Statutory),,Dark - roadway not lighted,Dry,Clear,None apparent,Non-intersection:  Non-junction/no special feature,Paved,,Possible/Unknown,0,1,0,0,1,0,8000,1,1,,POINT (-94.490569508005 41.565151004233)
2014818008,20140028230,09/23/2014,09-September,3-Tuesday,11:24,1100 Hours,District 1 (Central),DES MOINES,POLK,,LOCUST ST & 12TH ST,Collision with:  Vehicle in traffic,On Roadway,Broadside (front to side),Unknown,None Indicated,,Daylight,Dry,Clear,None apparent,Intersection:  Four-way intersection,Paved,,Property Damage Only,0,0,0,0,0,0,2000,2,3,,POINT (-93.632307732693 41.585270638224)
2014818004,20140028191,09/23/2014,09-September,3-Tuesday,07:34,0700 Hours,District 1 (Central),DES MOINES,POLK,,EASTON BLVD & E 38TH ST,Collision with:  Vehicle in traffic,On Roadway,"Angle, oncoming left turn",FTYROW:  Making left turn,None Indicated,,Daylight,Dry,Cloudy,None apparent,Intersection:  Four-way intersection,Paved,,Property Damage Only,0,0,0,0,0,0,3200,2,2,,POINT (-93.541895226125 41.615077938676)
2014818045,14-2977,09/23/2014,09-September,3-Tuesday,08:20,0800 Hours,District 1 (Central),FORT DODGE,WEBSTER,,5TH AVE S,Collision with:  Vehicle in traffic,On Roadway,Rear-end (front to rear),Other (explain in narrative):  Other,None Indicated,,Daylight,Dry,Cloudy,None apparent,Non-intersection:  Non-junction/no special feature,Paved,,Property Damage Only,0,0,0,0,0,0,1750,2,2,,POINT (-94.181909036531 42.500974172294)
2014818209,2014-20742,09/23/2014,09-September,3-Tuesday,18:43,1800 Hours,District 5 (Southeast),,WARREN,US 65,US 65,Collision with:  Vehicle in traffic,On Roadway,Rear-end (front to rear),Swerving/Evasive Action,None Indicated,,Dusk,Dry,Clear,None apparent,Intersection:  Other intersection (explain in narrative),Paved,,Property Damage Only,0,0,0,0,0,0,8000,2,6,,POINT (-93.563165143824 41.285761412228)
2014820071,14029649,09/23/2014,09-September,3-Tuesday,22:18,2200 Hours,District 5 (Southeast),,LEE,,243 AVE,Collision with:  Animal,,,Animal,None Indicated,,,,,,,Paved,,Property Damage Only,0,0,0,0,0,0,4000,1,2,,POINT (-91.448050040107 40.461717695007)
2014818354,20140028245,09/23/2014,09-September,3-Tuesday,14:55,1400 Hours,District 1 (Central),DES MOINES,POLK,US 69,US 69/E 14TH ST & E FLEMING AVE,Collision with:  Vehicle in traffic,On Roadway,Broadside (front to side),FTYROW:  From stop sign,None Indicated,,Daylight,Dry,Clear,None apparent,Intersection:  T-intersection,Paved,,Property Damage Only,0,0,0,0,0,0,2000,2,3,,POINT (-93.60048307315 41.632242793743)
2014818164,142908,09/23/2014,09-September,3-Tuesday,12:46,1200 Hours,District 3 (Northwest),DENISON,CRAWFORD,,5TH AVE S,Collision with:  Vehicle in traffic,On Roadway,Head-on (front to front),Improper Backing,None Indicated,,Daylight,Wet,Rain,None apparent,Non-intersection:  Other non-intersection (explain in narrative),Paved,,Property Damage Only,0,0,0,0,0,0,3500,2,2,,POINT (-95.352059651569 42.011730728687)
2014819424,14008610,09/23/2014,09-September,3-Tuesday,17:20,1700 Hours,District 6 (East Central),,BUCHANAN,IA 150,IA 150/JAMESTOWN AVE,Collision with:  Vehicle in traffic,On Roadway,"Sideswipe, same direction",Unknown,None Indicated,,Daylight,Dry,Clear,None apparent,Non-intersection:  Non-junction/no special feature,Paved,,Property Damage Only,0,0,0,0,0,0,8000,2,7,,POINT (-91.890038971577 42.536941961396)
2014822194,14-09196,09/23/2014,09-September,3-Tuesday,22:00,2200 Hours,District 5 (Southeast),MOUNT PLEASANT,HENRY,,W MONROE ST & S JEFFERSON ST & N JEFFERSON ST,Collision with:  Parked motor vehicle,On Roadway,Rear-end (front to rear),Unknown,None Indicated,,Dark - roadway lighted,Dry,Clear,None apparent,Non-intersection:  Non-junction/no special feature,Paved,,Property Damage Only,0,0,0,0,0,0,2500,2,1,,POINT (-91.554592546033 40.966687695125)
2014818560,2014-20711,09/23/2014,09-September,3-Tuesday,11:12,1100 Hours,District 5 (Southeast),INDIANOLA,WARREN,US 65,US 65/N JEFFERSON WAY & E CLINTON AVE,Collision with:  Vehicle in traffic,On Roadway,"Angle, oncoming left turn",FTYROW:  Making left turn,None Indicated,,Daylight,Dry,Cloudy,None apparent,Intersection:  Four-way intersection,Paved,,Property Damage Only,0,0,0,0,0,0,6000,2,2,,POINT (-93.558333879338 41.36336804313)
2014818188,14-2103,09/23/2014,09-September,3-Tuesday,06:15,0600 Hours,District 1 (Central),URBANDALE,POLK,,109TH ST,Collision with:  Vehicle in traffic,On Roadway,"Angle, oncoming left turn",FTYROW:  Making left turn,None Indicated,,Dawn,Dry,Cloudy,None apparent,Non-intersection:  Driveway access (within),Paved,,Property Damage Only,0,0,0,0,0,0,3900,2,2,,POINT (-93.767953754022 41.633470718893)
2014818967,2014054842,09/23/2014,09-September,3-Tuesday,06:47,0600 Hours,District 2 (Northeast),EVANSDALE,BLACK HAWK,I-380,I-380,Collision with:  Vehicle in traffic,On Roadway,"Sideswipe, same direction",Crossed centerline (undivided),None Indicated,,Daylight,Dry,Clear,None apparent,Non-intersection:  Non-junction/no special feature,Paved,,Property Damage Only,0,0,0,0,0,0,4000,2,4,,POINT (-92.260753641721 42.459862598535)
2014818412,S14-003782,09/23/2014,09-September,3-Tuesday,17:20,1700 Hours,District 4 (Southwest),,POTTAWATTAMIE,,Co Rd L29/MUDHOLLOW RD,Collision with fixed object:  Utility pole/light support,Outside trafficway,Non-collision (single vehicle),Ran off road - right,None Indicated,,Daylight,Dry,Cloudy,None apparent,Non-intersection:  Non-junction/no special feature,Paved,,Possible/Unknown,0,1,0,0,1,0,65500,1,1,,POINT (-95.808679129998 41.349828058219)
2014818123,2014-0407,09/23/2014,09-September,3-Tuesday,05:12,0500 Hours,District 5 (Southeast),NORWALK,WARREN,,SHADY LANE DR,Collision with:  Parked motor vehicle,On Roadway,Head-on (front to front),Driver Distraction:  Reaching for object(s)/fallen object(s),None Indicated,,Dark - roadway lighted,Dry,Clear,None apparent,Non-intersection:  Non-junction/no special feature,Paved,,Property Damage Only,0,0,0,0,0,0,6000,2,1,,POINT (-93.663666300722 41.479555024065)
2014818261,2014055001,09/23/2014,09-September,3-Tuesday,20:25,2000 Hours,District 1 (Central),,STORY,I-35,I-35,Collision with:  Animal,,,Animal,None Indicated,,,,,,,Paved,,Property Damage Only,0,0,0,0,0,0,6000,1,1,,POINT (-93.570143867649 41.966230238665)
2014821224,2014054996,09/23/2014,09-September,3-Tuesday,17:35,1700 Hours,District 1 (Central),,JASPER,,E 140TH ST N,Collision with fixed object:  Ditch,Roadside,Non-collision (single vehicle),Ran off road - left,Alcohol (Statutory),,Daylight,Dry,Clear,None apparent,Non-intersection:  Non-junction/no special feature,Unpaved,,Minor Injury,0,1,0,1,0,0,5000,1,1,,POINT (-92.805043150914 41.717826886688)
2014820689,145619,09/23/2014,09-September,3-Tuesday,19:30,1900 Hours,District 1 (Central),,HARDIN,,Co Rd S41/CO HWY S41,Collision with:  Animal,,,Animal,None Indicated,,,,,,,Paved,,Property Damage Only,0,0,0,0,0,0,2000,1,1,,POINT (-93.271777112256 42.538996543087)
2014818161,092314-60,09/23/2014,09-September,3-Tuesday,05:50,0500 Hours,District 3 (Northwest),STORM LAKE,BUENA VISTA,,E 5TH ST & ERIE ST,Collision with:  Vehicle in traffic,On Roadway,Broadside (front to side),FTYROW:  From stop sign,None Indicated,,Dark - unknown roadway lighting,Dry,Clear,None apparent,Intersection:  Four-way intersection,Paved,,Property Damage Only,0,0,0,0,0,0,2500,2,2,,POINT (-95.199675345783 42.644428487638)
2014818076,CL14003375,09/23/2014,09-September,3-Tuesday,07:28,0700 Hours,District 6 (East Central),CLINTON,CLINTON,,7TH AVE N,Collision with:  Vehicle in traffic,On Roadway,Rear-end (front to rear),Followed too close,None Indicated,,Daylight,Dry,Clear,None apparent,Non-intersection:  Non-junction/no special feature,Paved,,Possible/Unknown,0,1,0,0,1,0,9000,3,4,,POINT (-90.193380353067 41.851935805046)
2014818007,20140028226,09/23/2014,09-September,3-Tuesday,11:55,1100 Hours,District 1 (Central),DES MOINES,POLK,US 69,US 69/E 14TH ST & E OVID AVE,Collision with:  Vehicle in traffic,On Roadway,"Angle, oncoming left turn",Made improper turn,None Indicated,,Daylight,Dry,Clear,None apparent,Non-intersection:  Non-junction/no special feature,Paved,,Possible/Unknown,0,1,0,0,1,0,9800,2,4,,POINT (-93.600544190839 41.6258924039)
2014818353,20140028190,09/23/2014,09-September,3-Tuesday,07:29,0700 Hours,District 1 (Central),DES MOINES,POLK,IA 163,IA 163/E UNIVERSITY AVE & E 26TH ST,Collision with:  Vehicle in traffic,On Roadway,Broadside (front to side),Unknown,None Indicated,,Daylight,Dry,Cloudy,None apparent,Intersection:  Four-way intersection,Paved,,Property Damage Only,0,0,0,0,0,0,2000,2,3,,POINT (-93.567836825228 41.600478107086)
2014820386,,09/23/2014,09-September,3-Tuesday,17:20,1700 Hours,District 4 (Southwest),PACIFIC JUNCTION,MILLS,,Co Rd L31/195TH ST,Collision with:  Vehicle in traffic,On Roadway,Rear-end (front to rear),Unknown,None Indicated,,Daylight,Dry,Clear,,Non-intersection:  Non-junction/no special feature,Paved,,Minor Injury,0,1,0,1,0,0,0,2,9,,POINT (-95.818689823068 41.106571551134)
2014818574,14-008420,09/23/2014,09-September,3-Tuesday,18:10,1800 Hours,District 4 (Southwest),MARNE,CASS,I-80,I-80,Collision with fixed object:  Culvert/pipe opening,On Roadway,Non-collision (single vehicle),Ran off road - right,None Indicated,,Daylight,Dry,Clear,None apparent,Non-intersection:  Non-junction/no special feature,Paved,,Property Damage Only,0,0,0,0,0,0,9000,1,1,,POINT (-95.058067306726 41.49681207649)
2014818047,C14003047,09/23/2014,09-September,3-Tuesday,07:00,0700 Hours,District 6 (East Central),CORALVILLE,JOHNSON,,CORAL RIDGE AVE,Collision with:  Vehicle in traffic,On Roadway,Rear-end (front to rear),Followed too close,Under Influence of Alcohol/Drugs/Medications,,Daylight,Dry,Clear,None apparent,Intersection:  Four-way intersection,Paved,,Property Damage Only,0,0,0,0,0,0,3500,2,2,,POINT (-91.608460283567 41.696128186829)
2014819192,14-1390,09/23/2014,09-September,3-Tuesday,16:05,1600 Hours,District 3 (Northwest),SPIRIT LAKE,DICKINSON,US 71,US 71 & 252ND AVE,Collision with:  Vehicle in traffic,On Roadway,"Sideswipe, same direction",FTYROW:  Making left turn,None Indicated,,Daylight,Wet,Rain,None apparent,Intersection:  Four-way intersection,Paved,,Property Damage Only,0,0,0,0,0,0,1500,2,2,,POINT (-95.089615606018 43.430260130925)
2014818211,14-4728,09/23/2014,09-September,3-Tuesday,17:01,1700 Hours,District 1 (Central),WEST DES MOINES,POLK,,GRAND AVE & 13TH ST,Collision with:  Vehicle in traffic,On Roadway,"Angle, oncoming left turn",FTYROW:  Making left turn,None Indicated,,Daylight,Dry,Clear,None apparent,Intersection:  Four-way intersection,Paved,,Property Damage Only,0,0,0,0,0,0,6000,2,2,,POINT (-93.721068600216 41.580487796154)
2014818120,14-33966,09/23/2014,09-September,3-Tuesday,11:43,1100 Hours,District 5 (Southeast),BURLINGTON,DES MOINES,US 34,US 34/SE RAMP & US 61,Collision with:  Vehicle in traffic,On Roadway,"Angle, oncoming left turn",Ran Traffic Signal,None Indicated,,Daylight,Dry,Clear,None apparent,Intersection:  Intersection with ramp,Paved,,Possible/Unknown,0,1,0,0,1,0,10000,2,3,,POINT (-91.141416184128 40.816714306904)
2014818186,20140028258,09/23/2014,09-September,3-Tuesday,16:22,1600 Hours,District 1 (Central),DES MOINES,POLK,,LOCUST ST & FLEUR DR,Collision with:  Vehicle in traffic,On Roadway,"Sideswipe, same direction","Operating vehicle in an reckless, erratic, careless, negligent manner",None Indicated,,Daylight,Dry,Clear,None apparent,Non-intersection:  Non-junction/no special feature,Paved,,Property Damage Only,0,0,0,0,0,0,3000,2,2,,POINT (-93.640855167542 41.583403846887)
2014827835,2014054861,09/23/2014,09-September,3-Tuesday,08:04,0800 Hours,District 6 (East Central),SHUEYVILLE,JOHNSON,I-380,I-380,Collision with:  Vehicle in traffic,On Roadway,Rear-end (front to rear),Swerving/Evasive Action,None Indicated,,Daylight,Dry,Clear,None apparent,Non-intersection:  Non-junction/no special feature,Paved,,Property Damage Only,0,0,0,0,0,0,7000,2,2,,POINT (-91.663728964201 41.836938322189)
2014821276,2014-67242,09/23/2014,09-September,3-Tuesday,08:24,0800 Hours,District 6 (East Central),DAVENPORT,SCOTT,,JERSEY RIDGE RD,Collision with:  Non-motorist (see non-motorist section - NOT a unit),On Roadway,Non-collision (single vehicle),FTYROW:  Making left turn,None Indicated,,Daylight,Dry,Clear,None apparent,Intersection:  Four-way intersection,Paved,,Possible/Unknown,0,1,0,0,1,0,600,1,2,,POINT (-90.541786610486 41.541486486944)
2014818202,14-31531,09/23/2014,09-September,3-Tuesday,13:10,1300 Hours,District 3 (Northwest),SIOUX CITY,WOODBURY,,CENTER ST,Collision with:  Vehicle in traffic,On Roadway,"Angle, oncoming left turn",FTYROW:  Making left turn,None Indicated,,Daylight,Wet,Cloudy,None apparent,Non-intersection:  Driveway access (within),Paved,,Possible/Unknown,0,1,0,0,1,0,1700,2,4,,POINT (-96.421114095355 42.507918503725)
2014818792,14-004466,09/23/2014,09-September,3-Tuesday,19:17,1900 Hours,District 1 (Central),AMES,STORY,,LINCOLN WAY,Collision with:  Vehicle in traffic,On Roadway,Rear-end (front to rear),Followed too close,None Indicated,,Dark - roadway lighted,Dry,Cloudy,None apparent,Non-intersection:  Non-junction/no special feature,Paved,,Property Damage Only,0,0,0,0,0,0,3300,2,2,,POINT (-93.658728090431 42.022731971117)
2014827946,2014054992,09/23/2014,09-September,3-Tuesday,18:09,1800 Hours,District 4 (Southwest),WAUKEE,DALLAS,,Co Rd F64/ASHWORTH RD & Co Rd R22/UTE AVE,Collision with:  Vehicle in traffic,On Roadway,Broadside (front to side),Ran Stop Sign,None Indicated,,Daylight,Dry,Cloudy,None apparent,Intersection:  Four-way intersection,Paved,,Major Injury,0,2,1,1,0,0,20000,2,3,,POINT (-93.881737582508 41.576449530568)
2014819109,01-14-038042,09/23/2014,09-September,3-Tuesday,17:19,1700 Hours,District 6 (East Central),DUBUQUE,DUBUQUE,,PENNSYLVANIA AVE & JOHN F KENNEDY RD,Collision with:  Vehicle in traffic,On Roadway,Rear-end (front to rear),Lost Control,None Indicated,,Daylight,Dry,Cloudy,None apparent,Non-intersection:  Non-junction/no special feature,Paved,,Possible/Unknown,0,1,0,0,1,0,16000,3,9,,POINT (-90.72122754702 42.500438174146)
2014818151,14-6600,09/23/2014,09-September,3-Tuesday,07:45,0700 Hours,District 2 (Northeast),BURT,KOSSUTH,,WALNUT ST & GRAND AVE,Collision with:  Parked motor vehicle,Shoulder,Rear-end (front to rear),Ran off road - right,None Indicated,,Dawn,Dry,Clear,None apparent,Non-intersection:  Non-junction/no special feature,Paved,,Property Damage Only,0,0,0,0,0,0,7000,2,1,,POINT (-94.219599964621 43.197552532501)
2014818039,CL14003373,09/23/2014,09-September,3-Tuesday,03:08,0300 Hours,District 6 (East Central),CLINTON,CLINTON,,15TH AVE S,Collision with:  Vehicle in traffic,On Roadway,Rear-end (front to rear),Unknown,None Indicated,,Dark - roadway lighted,Dry,Clear,None apparent,Non-intersection:  Non-junction/no special feature,Paved,,Possible/Unknown,0,1,0,0,1,0,6000,4,777,,POINT (-90.212096458128 41.830084797806)
2014819204,2014054979,09/23/2014,09-September,3-Tuesday,16:15,1600 Hours,District 2 (Northeast),,CLAYTON,,Co Rd X56/GREAT RIVER RD,Collision with fixed object:  Ditch,Shoulder,Non-collision (single vehicle),Swerving/Evasive Action,None Indicated,,Daylight,Dry,Clear,None apparent,Non-intersection:  Driveway access (within),Paved,,Property Damage Only,0,0,0,0,0,0,3000,1,1,,POINT (-91.145973254111 42.885074746807)
2014818355,20140028285,09/23/2014,09-September,3-Tuesday,21:45,2100 Hours,District 1 (Central),DES MOINES,POLK,I-235,I-235,Collision with fixed object:  Concrete traffic barrier (median or right side),On Roadway,Non-collision (single vehicle),Lost Control,Refused,,Dark - roadway lighted,Dry,Clear,None apparent,Interchange-related:  Off-ramp,Paved,,Property Damage Only,0,0,0,0,0,0,3000,1,1,,POINT (-93.656887487712 41.59333842906)
2014818198,14-31495,09/23/2014,09-September,3-Tuesday,07:07,0700 Hours,District 3 (Northwest),SIOUX CITY,WOODBURY,,OUTER DR N,Collision with:  Non-motorist (see non-motorist section - NOT a unit),On Roadway,Non-collision (single vehicle),Other (explain in narrative):  No improper action,None Indicated,,Dark - roadway lighted,Wet,Rain,None apparent,Intersection:  T-intersection,Paved,,Minor Injury,0,2,0,2,0,0,1900,1,1,,POINT (-96.390164501483 42.540958206704)
2014818212,14-4730,09/23/2014,09-September,3-Tuesday,17:15,1700 Hours,District 1 (Central),WEST DES MOINES,POLK,,MILLS CIVIC PKWY & S 50TH ST,Collision with:  Vehicle in traffic,On Roadway,Broadside (front to side),FTYROW:  Making left turn,None Indicated,,Daylight,Dry,Clear,None apparent,Intersection:  Four-way intersection,Paved,,Possible/Unknown,0,1,0,0,1,0,5200,3,3,,POINT (-93.770875499803 41.559213782206)
2014818514,201414157,09/23/2014,09-September,3-Tuesday,22:43,2200 Hours,District 6 (East Central),CEDAR RAPIDS,LINN,,STONY POINT RD SW,Collision with fixed object:  Guardrail - face,Shoulder,Non-collision (single vehicle),Swerving/Evasive Action,None Indicated,,Dark - roadway not lighted,Dry,Clear,None apparent,Non-intersection:  Non-junction/no special feature,Paved,,Possible/Unknown,0,1,0,0,1,0,1500,1,1,,POINT (-91.755593802174 41.948931805244)
2014818003,20140028189,09/23/2014,09-September,3-Tuesday,07:13,0700 Hours,District 1 (Central),DES MOINES,POLK,,UNIVERSITY AVE & 2ND AVE,Collision with:  Vehicle in traffic,On Roadway,"Angle, oncoming left turn",FTYROW:  Making left turn,None Indicated,,Daylight,Dry,Clear,None apparent,Intersection:  Four-way intersection,Paved,,Minor Injury,0,2,0,1,1,0,9500,2,2,,POINT (-93.619746770592 41.60031808164)