Iowa DOT Case Number,Law Enforcement Case Number,Date of Crash,Month of Crash,Day of Week,Time of Crash,Hour,DOT District,City Name,County Name,Route with System,Location Description,First Harmful Event,Location of First Harmful Event,Manner of Crash/Collision,Major Cause,Drug or Alcohol ,Environmental Conditions,Light Conditions,Surface Conditions,Weather Conditions,Roadway Contribution,Roadway Type,Roadway Surface,Work Zone,Crash Severity,Number of Fatalities,Number of Injuries,Number of Major Injuries,Number of Minor Injuries,Number of Possible Injuries,Number of Unknown Injuries,Amount of Property Damage,Number of Vehicles Involved,Total Number of Occupants,Travel Direction,Location
2014819669,14-7137,09/23/2014,09-September,3-Tuesday,17:07,1700 Hours,District 3 (Northwest),GALVA,IDA,,1ST ST,Collision with fixed object:  Utility pole/light support,Roadside,Non-collision (single vehicle),Other (explain in narrative):  Other,None Indicated,,Daylight,Wet,Clear,None apparent,Non-intersection:  Alley,Paved,,Property Damage Only,0,0,0,0,0,0,6000,1,1,,POINT (-95.418927787166 42.507631937767)
2014818121,14-33971,09/23/2014,09-September,3-Tuesday,12:16,1200 Hours,District 5 (Southeast),BURLINGTON,DES MOINES,,CENTRAL AVE,Non-collision events:  Other non-collision (explain in narrative),On Roadway,Non-collision (single vehicle),Swerving/Evasive Action,None Indicated,,Daylight,Dry,Clear,Work Zone (roadway-related),Non-intersection:  Other non-intersection (explain in narrative),Paved,Yes,Property Damage Only,0,0,0,0,0,0,2000,1,1,,POINT (-91.11114663752 40.812934713674)
2014818187,20140028266,09/23/2014,09-September,3-Tuesday,17:21,1700 Hours,District 1 (Central),DES MOINES,POLK,,INGERSOLL AVE & 15TH ST,Collision with:  Vehicle in traffic,On Roadway,Broadside (front to side),Ran Traffic Signal,None Indicated,,Daylight,Dry,Cloudy,None apparent,Intersection:  Four-way intersection,Paved,,Property Damage Only,0,0,0,0,0,0,8500,2,2,,POINT (-93.63709177425 41.586208004911)
2014820758,14-19537,09/23/2014,09-September,3-Tuesday,11:34,1100 Hours,District 6 (East Central),RIVERDALE,SCOTT,US 67,US 67/STATE ST & SCOTT COMM COL AREA IX,Collision with:  Vehicle in traffic,On Roadway,"Sideswipe, same direction",FTYROW:  Making left turn,None Indicated,,Daylight,Dry,Clear,None apparent,Non-intersection:  Driveway access (within),Paved,,Property Damage Only,0,0,0,0,0,0,4000,2,2,,POINT (-90.459581097329 41.542562732105)
2014909181,088-14,09/23/2014,09-September,3-Tuesday,22:32,2200 Hours,District 4 (Southwest),,MADISON,,Co Rd P57/EARLHAM RD & 160TH ST,Collision with:  Animal,,,Animal,None Indicated,,,,,,,Paved,,Property Damage Only,0,0,0,0,0,0,2000,1,777,,POINT (-94.12729433917 41.416938466705)
2014818200,14-31499,09/23/2014,09-September,3-Tuesday,07:49,0700 Hours,District 3 (Northwest),SIOUX CITY,WOODBURY,,FLOYD BLVD,Collision with:  Vehicle in traffic,On Roadway,"Angle, oncoming left turn",Made improper turn,None Indicated,,Dawn,Wet,Rain,None apparent,Non-intersection:  Driveway access (within),Paved,,Property Damage Only,0,0,0,0,0,0,8000,2,2,,POINT (-96.369771822323 42.534455864013)
2014818847,2014-67342,09/23/2014,09-September,3-Tuesday,19:19,1900 Hours,District 6 (East Central),DAVENPORT,SCOTT,,IA 461/WELCOME WAY/HARRISON ST & NORTHWEST BLVD,Collision with:  Vehicle in traffic,On Roadway,Rear-end (front to rear),Other (explain in narrative):  Other,None Indicated,,Dark - roadway lighted,Dry,Clear,None apparent,Intersection:  T-intersection,Paved,,Possible/Unknown,0,1,0,0,1,0,1500,2,2,,POINT (-90.577039051788 41.557302803043)
2014818791,14-004463,09/23/2014,09-September,3-Tuesday,17:41,1700 Hours,District 1 (Central),AMES,STORY,,LINCOLN WAY & S HYLAND AVE,Collision with:  Vehicle in traffic,On Roadway,"Angle, oncoming left turn",FTYROW:  Making left turn,None Indicated,,Daylight,Dry,Cloudy,None apparent,Intersection:  Four-way intersection,Paved,,Property Damage Only,0,0,0,0,0,0,4500,2,4,,POINT (-93.655587566162 42.022731938951)
2014818075,14-040660,09/23/2014,09-September,3-Tuesday,13:35,1300 Hours,District 4 (Southwest),COUNCIL BLUFFS,POTTAWATTAMIE,US 6,US 6/W BROADWAY & S 35TH ST & N 35TH ST,Collision with:  Vehicle in traffic,On Roadway,Rear-end (front to rear),Followed too close,None Indicated,,Daylight,Dry,Cloudy,None apparent,Intersection:  Four-way intersection,Paved,,Possible/Unknown,0,1,0,0,1,0,4700,2,2,,POINT (-95.902074013732 41.261877544148)
2014821275,2014-67234,09/23/2014,09-September,3-Tuesday,07:18,0700 Hours,District 6 (East Central),DAVENPORT,SCOTT,,GRAND AVE,Collision with:  Vehicle in traffic,On Roadway,Broadside (front to side),Ran Traffic Signal,None Indicated,,Daylight,Dry,Clear,None apparent,Intersection:  Four-way intersection,Paved,,Property Damage Only,0,0,0,0,0,0,6000,2,3,,POINT (-90.564897149028 41.538339897308)
2014818720,14-1145,09/23/2014,09-September,3-Tuesday,07:49,0700 Hours,District 4 (Southwest),CLIVE,DALLAS,US 6,US 6/HICKMAN AVE & BERKSHIRE PKWY & SE WACO PL,Collision with:  Vehicle in traffic,On Roadway,"Angle, oncoming left turn",FTYROW:  Making left turn,None Indicated,,Daylight,Dry,Cloudy,None apparent,Intersection:  Four-way intersection,Paved,,Property Damage Only,0,0,0,0,0,0,7200,2,3,,POINT (-93.845390619939 41.61498505725)
2014818235,14-2980,09/23/2014,09-September,3-Tuesday,12:45,1200 Hours,District 1 (Central),FORT DODGE,WEBSTER,,5TH AVE S & S 25TH ST,Collision with:  Vehicle in traffic,On Roadway,Rear-end (front to rear),FTYROW:  Making right turn on red signal,None Indicated,,Daylight,Dry,Cloudy,None apparent,Non-intersection:  Non-junction/no special feature,Paved,,Property Damage Only,0,0,0,0,0,0,2000,2,2,,POINT (-94.163108959495 42.501148521867)
2014818486,,09/23/2014,09-September,3-Tuesday,19:30,1900 Hours,District 4 (Southwest),,MONTGOMERY,,Co Rd H34/200 ST,Collision with fixed object:  Ditch,Outside trafficway,Non-collision (single vehicle),Crossed centerline (undivided),None Indicated,,,Dry,Clear,None apparent,Non-intersection:  Non-junction/no special feature,Paved,,Minor Injury,0,1,0,1,0,0,8500,1,1,,POINT (-95.200516150047 41.016147347417)
2014818551,14-2104,09/23/2014,09-September,3-Tuesday,12:45,1200 Hours,District 1 (Central),URBANDALE,POLK,,100TH ST,Collision with:  Vehicle in traffic,On Roadway,"Sideswipe, same direction",FTYROW:  From driveway,None Indicated,,Daylight,Dry,Cloudy,None apparent,Non-intersection:  Driveway access (within),Paved,,Property Damage Only,0,0,0,0,0,0,6500,2,2,,POINT (-93.755904321143 41.630776386001)
2014821451,2014054936,09/23/2014,09-September,3-Tuesday,14:10,1400 Hours,District 2 (Northeast),CLEAR LAKE,CERRO GORDO,I-35,I-35,Collision with fixed object:  Ditch,On Roadway,Non-collision (single vehicle),Swerving/Evasive Action,None Indicated,,Daylight,Dry,Cloudy,None apparent,Non-intersection:  Non-junction/no special feature,Paved,,Possible/Unknown,0,1,0,0,1,0,1800,1,1,,POINT (-93.355646447454 43.15541514646)
2014818215,09-14-226,09/23/2014,09-September,3-Tuesday,17:00,1700 Hours,District 3 (Northwest),LE MARS,PLYMOUTH,IA 3,IA 3/PLYMOUTH ST & IA 404/5TH AVE NW & 5TH AVE SW,Collision with:  Vehicle in traffic,On Roadway,"Sideswipe, same direction",Other (explain in narrative):  Other,None Indicated,,Daylight,Dry,Cloudy,None apparent,Non-intersection:  Non-junction/no special feature,Paved,,Property Damage Only,0,0,0,0,0,0,1600,2,6,,POINT (-96.173799761595 42.793073835782)
2014822537,,09/24/2014,09-September,4-Wednesday,15:46,1500 Hours,District 6 (East Central),MAQUOKETA,JACKSON,,W SUMMIT ST & E SUMMIT ST & S MAIN ST,Collision with:  Vehicle in traffic,On Roadway,"Angle, oncoming left turn",Crossed centerline (undivided),None Indicated,,Daylight,,Clear,,,Paved,,Property Damage Only,0,0,0,0,0,0,3500,2,2,,POINT (-90.66549580471 42.061954552589)
2014818595,14-007319,09/24/2014,09-September,4-Wednesday,16:17,1600 Hours,District 4 (Southwest),PERRY,DALLAS,,OTLEY AVE & 8TH ST,Collision with:  Vehicle in traffic,On Roadway,Broadside (front to side),FTYROW:  From stop sign,None Indicated,,Daylight,Dry,Cloudy,None apparent,Intersection:  Other intersection (explain in narrative),Paved,,Possible/Unknown,0,1,0,0,1,0,10000,2,2,,POINT (-94.096885481333 41.837375598651)
2014818361,20140028312,09/24/2014,09-September,4-Wednesday,09:55,0900 Hours,District 1 (Central),DES MOINES,POLK,,50TH ST,Collision with:  Vehicle in traffic,On Roadway,Broadside (front to side),FTYROW:  From driveway,None Indicated,,Daylight,Wet,Cloudy,None apparent,Non-intersection:  Driveway access (within),Paved,,Property Damage Only,0,0,0,0,0,0,4300,2,3,,POINT (-93.687754677707 41.630150494064)
2014821325,,09/24/2014,09-September,4-Wednesday,17:31,1700 Hours,District 2 (Northeast),GARNER,HANCOCK,,E 8TH ST & MABEN AVE,Collision with:  Vehicle in traffic,On Roadway,Broadside (front to side),FTYROW:  At uncontrolled intersection,None Indicated,,Daylight,Dry,Clear,None apparent,,Paved,,Property Damage Only,0,0,0,0,0,0,7000,2,4,,POINT (-93.600756375604 43.097786174191)
2014818440,14-2987,09/24/2014,09-September,4-Wednesday,02:25,0200 Hours,District 1 (Central),FORT DODGE,WEBSTER,,N 18TH ST,Collision with fixed object:  Utility pole/light support,Shoulder,Non-collision (single vehicle),Unknown,None Indicated,,Dark - roadway lighted,Wet,Rain,None apparent,Non-intersection:  Non-junction/no special feature,Paved,,Property Damage Only,0,0,0,0,0,0,5500,1,1,,POINT (-94.173731292624 42.514026432841)
2014818407,2014-4722,09/24/2014,09-September,4-Wednesday,19:41,1900 Hours,District 4 (Southwest),WAUKEE,DALLAS,,NORTHVIEW DR & 2ND ST,Collision with:  Non-motorist (see non-motorist section - NOT a unit),On Roadway,Non-collision (single vehicle),Unknown,None Indicated,,Dark - roadway lighted,Dry,Cloudy,None apparent,Non-intersection:  Non-junction/no special feature,Paved,,Possible/Unknown,0,2,0,0,2,0,0,1,1,,POINT (-93.878063708759 41.607192137982)
2014818437,SO14002259,09/24/2014,09-September,4-Wednesday,14:40,1400 Hours,District 3 (Northwest),,PLYMOUTH,US 75,US 75 & LONE TREE RD,Collision with:  Vehicle in traffic,On Roadway,"Sideswipe, same direction",Made improper turn,None Indicated,,Daylight,Dry,Cloudy,None apparent,Non-intersection:  Crossover-related,Paved,,Property Damage Only,0,0,0,0,0,0,3500,2,2,,POINT (-96.305258916508 42.59377648961)
2014819849,1400000838,09/24/2014,09-September,4-Wednesday,09:15,0900 Hours,District 1 (Central),MARSHALLTOWN,MARSHALL,US 30,US 30/240TH ST/SW RAMP CURV/NW RAMP CURV,Collision with:  Vehicle in traffic,On Roadway,"Sideswipe, same direction",Unknown,None Indicated,,Daylight,Wet,Rain,None apparent,Interchange-related:  On-ramp merge area,Paved,,Property Damage Only,0,0,0,0,0,0,2500,2,3,,POINT (-92.887989571318 42.003014602141)
2014818364,20140028333,09/24/2014,09-September,4-Wednesday,12:37,1200 Hours,District 1 (Central),DES MOINES,POLK,IA 28,IA 28/MERLE HAY RD & AURORA AVE,Collision with:  Vehicle in traffic,On Roadway,"Sideswipe, opposite direction",Crossed centerline (undivided),None Indicated,,Daylight,Wet,Rain,None apparent,Non-intersection:  Non-junction/no special feature,Paved,,Property Damage Only,0,0,0,0,0,0,4300,3,4,,POINT (-93.69772983841 41.636710645654)
2014818168,201414174,09/24/2014,09-September,4-Wednesday,11:00,1100 Hours,District 6 (East Central),CEDAR RAPIDS,LINN,,MT VERNON RD SE & 15TH ST SE,Collision with:  Vehicle in traffic,On Roadway,"Angle, oncoming left turn",FTYROW:  Making left turn,None Indicated,,Daylight,Dry,Cloudy,None apparent,Intersection:  T-intersection,Paved,,Property Damage Only,0,0,0,0,0,0,4000,2,3,,POINT (-91.65042709867 41.977437910003)
2014818405,2014-4701,09/24/2014,09-September,4-Wednesday,07:58,0700 Hours,District 4 (Southwest),WAUKEE,DALLAS,,UNIVERSITY AVE,Collision with:  Vehicle in traffic,On Roadway,Rear-end (front to rear),Driving too fast for conditions,None Indicated,,Daylight,Wet,Unknown,None apparent,Non-intersection:  Non-junction/no special feature,Paved,,Property Damage Only,0,0,0,0,0,0,2700,2,2,,POINT (-93.848692352434 41.600414156006)
2014819114,14-12906,09/24/2014,09-September,4-Wednesday,20:38,2000 Hours,District 6 (East Central),,DUBUQUE,US 52,US 52 & MASSEY STATION RD,Collision with:  Animal,,,Animal,None Indicated,,,,,,,Paved,,Property Damage Only,0,0,0,0,0,0,2000,1,1,,POINT (-90.623670207262 42.414427850845)
2014820000,90-14-000324,09/24/2014,09-September,4-Wednesday,16:30,1600 Hours,District 2 (Northeast),,HUMBOLDT,IA 3,IA 3/220TH ST,Collision with:  Animal,,,Animal,None Indicated,,,,,,,Paved,,Property Damage Only,0,0,0,0,0,0,3000,1,1,,POINT (-94.260261179025 42.731878085567)
2014818424,201404473,09/24/2014,09-September,4-Wednesday,07:10,0700 Hours,District 1 (Central),,STORY,,Co Rd R38/500TH AVE,Collision with:  Animal,,,Animal,None Indicated,,,,,,,Paved,,Property Damage Only,0,0,0,0,0,0,6000,1,1,,POINT (-93.698707078664 42.110705162492)
2014818278,W14-096064,09/24/2014,09-September,4-Wednesday,18:00,1800 Hours,District 2 (Northeast),WATERLOO,BLACK HAWK,,W 9TH ST,Collision with:  Vehicle in traffic,On Roadway,Broadside (front to side),FTYROW:  Other (explain in narrative),None Indicated,,Daylight,Wet,Rain,None apparent,Non-intersection:  Alley,Paved,,Property Damage Only,0,0,0,0,0,0,14000,2,2,,POINT (-92.337655264374 42.488944427152)
2014819037,14-11217,09/24/2014,09-September,4-Wednesday,22:00,2200 Hours,District 3 (Northwest),,SIOUX,,FIG AVE,Non-collision events:  Overturn/rollover,Outside trafficway,Non-collision (single vehicle),Ran off road - right,None Indicated,,Dark - roadway not lighted,"Mud, dirt",Clear,None apparent,Non-intersection:  Non-junction/no special feature,Unpaved,,Minor Injury,0,2,0,2,0,0,10150,1,2,,POINT (-96.273150622043 42.960381298401)
2014818344,20140028352,09/24/2014,09-September,4-Wednesday,15:00,1500 Hours,District 1 (Central),DES MOINES,POLK,,E PARK AVE & INDIANOLA AVE,Collision with:  Vehicle in traffic,On Roadway,Broadside (front to side),Ran Traffic Signal,None Indicated,,Daylight,Dry,Cloudy,None apparent,Intersection:  Four-way intersection,Paved,,Possible/Unknown,0,2,0,0,2,0,4000,2,4,,POINT (-93.598799659705 41.555365710107)
2014818382,14-31669,09/24/2014,09-September,4-Wednesday,13:44,1300 Hours,District 3 (Northwest),SIOUX CITY,WOODBURY,,FLOYD BLVD & OUTER DR N,Collision with:  Vehicle in traffic,On Roadway,Rear-end (front to rear),Lost Control,None Indicated,,Daylight,Dry,Clear,None apparent,Intersection:  Four-way intersection,Paved,,Property Damage Only,0,0,0,0,0,0,2600,2,2,,POINT (-96.37021977537 42.53395643406)
2014818360,20140028311,09/24/2014,09-September,4-Wednesday,09:55,0900 Hours,District 1 (Central),DES MOINES,POLK,,SW 8TH ST,Collision with fixed object:  Tree,Roadside,Broadside (front to side),Driving too fast for conditions,None Indicated,,Daylight,Wet,Rain,"Surface condition (e.g., wet, icy)",Non-intersection:  Non-junction/no special feature,Paved,,Property Damage Only,0,0,0,0,0,0,8000,2,777,,POINT (-93.6246769638 41.578980247407)
2014819122,2014-012908,09/24/2014,09-September,4-Wednesday,23:02,2300 Hours,District 6 (East Central),,DUBUQUE,,Co Rd Y17/NORTH CASCADE RD,Collision with:  Animal,,,Animal,None Indicated,,,,,,,Paved,,Property Damage Only,0,0,0,0,0,0,4000,1,1,,POINT (-90.973203202273 42.333303701324)
2014821292,14-14442,09/24/2014,09-September,4-Wednesday,13:15,1300 Hours,District 6 (East Central),MAQUOKETA,JACKSON,,184 AVE,Collision with fixed object:  Ditch,On Roadway,Non-collision (single vehicle),Swerving/Evasive Action,None Indicated,,Daylight,Dry,Cloudy,None apparent,Non-intersection:  Non-junction/no special feature,Unpaved,,Property Damage Only,0,0,0,0,0,0,8000,1,1,,POINT (-90.684611747254 42.048076796198)
2014818640,,09/24/2014,09-September,4-Wednesday,22:45,2200 Hours,District 5 (Southeast),OTTUMWA,WAPELLO,US 34,US 34 & US 63,Collision with fixed object:  Utility pole/light support,Roadside,Non-collision (single vehicle),Unknown,None Indicated,,Dark - roadway lighted,Dry,Clear,,Intersection:  Other intersection (explain in narrative),Paved,,Property Damage Only,0,0,0,0,0,0,5000,1,3,,POINT (-92.404582598118 41.000848866813)
2014818582,2014-0409,09/24/2014,09-September,4-Wednesday,11:50,1100 Hours,District 5 (Southeast),NORWALK,WARREN,IA 28,IA 28/IOWA 28 & COLONIAL PKWY,Collision with:  Vehicle in traffic,On Roadway,Rear-end (front to rear),Other (explain in narrative):  Other,None Indicated,,Daylight,Wet,Rain,None apparent,Intersection:  Four-way intersection,Paved,,Possible/Unknown,0,1,0,0,1,0,2750,2,4,,POINT (-93.674115203755 41.491546160582)
2014818350,20140028354,09/24/2014,09-September,4-Wednesday,15:33,1500 Hours,District 1 (Central),DES MOINES,POLK,,DOUGLAS AVE & 62ND ST,Non-collision events:  Other non-collision (explain in narrative),On Roadway,Non-collision (single vehicle),Unknown,None Indicated,,Daylight,Dry,Cloudy,None apparent,Non-intersection:  Non-junction/no special feature,Paved,,Minor Injury,0,1,0,1,0,0,1500,1,1,,POINT (-93.70257337139 41.629421369402)
2014819193,14-197,09/24/2014,09-September,4-Wednesday,13:35,1300 Hours,District 2 (Northeast),WAVERLY,BREMER,IA 3,IA 3/BREMER AVE,Collision with:  Parked motor vehicle,Shoulder,Rear-end (front to rear),Unknown,None Indicated,,Daylight,Dry,Cloudy,None apparent,Non-intersection:  Non-junction/no special feature,Paved,,Possible/Unknown,0,1,0,0,0,1,1500,2,1,,POINT (-92.472590659856 42.725764662618)
2014819743,14040644,09/24/2014,09-September,4-Wednesday,15:07,1500 Hours,District 5 (Southeast),,MUSCATINE,US 61,US 61,Collision with:  Vehicle in traffic,On Roadway,Rear-end (front to rear),Exceeded authorized speed,None Indicated,,Daylight,Dry,Clear,None apparent,Non-intersection:  Other non-intersection (explain in narrative),Paved,,Minor Injury,0,2,0,1,1,0,306699,2,2,,POINT (-91.160230919087 41.348483547942)
2014818464,201403437,09/24/2014,09-September,4-Wednesday,04:45,0400 Hours,District 6 (East Central),,LINN,,Co Rd E44/SQUAW RIDGE RD & HAGGIS WAY,Collision with:  Animal,,,Animal,None Indicated,,,,,,,Paved,,Property Damage Only,0,0,0,0,0,0,1500,1,1,,POINT (-91.564670385744 41.995653230571)
2014818990,14-007991,09/24/2014,09-September,4-Wednesday,11:39,1100 Hours,District 2 (Northeast),,CLAYTON,US 18,US 18 & Co Rd X26/FALCON AVE,Collision with:  Vehicle in traffic,On Roadway,Broadside (front to side),FTYROW:  From stop sign,None Indicated,,Daylight,Dry,Cloudy,None apparent,Intersection:  Four-way intersection,Paved,,Property Damage Only,0,0,0,0,0,0,9000,2,2,,POINT (-91.390323223116 43.040549481079)
2014818367,20140028332,09/24/2014,09-September,4-Wednesday,12:43,1200 Hours,District 1 (Central),DES MOINES,POLK,,EASTON BLVD & E 23RD ST,Collision with:  Vehicle in traffic,On Roadway,Rear-end (front to rear),Followed too close,None Indicated,,Daylight,Wet,Rain,None apparent,Intersection:  T-intersection,Paved,,Property Damage Only,0,0,0,0,0,0,8000,2,2,,POINT (-93.575024418854 41.605846724189)
2014821328,,09/24/2014,09-September,4-Wednesday,17:14,1700 Hours,District 6 (East Central),DAVENPORT,SCOTT,,HEATHERTON DR & HEATHERTON CT,Collision with:  Non-motorist (see non-motorist section - NOT a unit),On Roadway,Non-collision (single vehicle),Other (explain in narrative):  No improper action,None Indicated,,Daylight,Dry,Clear,None apparent,Intersection:  T-intersection,Paved,,Major Injury,0,1,1,0,0,0,250,1,1,,POINT (-90.62601776377 41.549858964658)
2014818411,2014010009,09/24/2014,09-September,4-Wednesday,15:18,1500 Hours,District 1 (Central),MARSHALLTOWN,MARSHALL,,E OLIVE ST & S 18TH ST & S 18TH AVE,Collision with:  Vehicle in traffic,On Roadway,Broadside (front to side),Ran Stop Sign,None Indicated,,Daylight,Wet,Cloudy,None apparent,Intersection:  Four-way intersection,Paved,,Minor Injury,0,2,0,2,0,0,13500,3,3,,POINT (-92.883886106693 42.028400245604)
2014821327,,09/24/2014,09-September,4-Wednesday,15:51,1500 Hours,District 6 (East Central),DAVENPORT,SCOTT,,MAIN ST,Collision with:  Non-motorist (see non-motorist section - NOT a unit),Outside trafficway,Non-collision (single vehicle),Other (explain in narrative):  No improper action,None Indicated,,Daylight,Dry,Clear,None apparent,Non-intersection:  Alley,Paved,,Major Injury,0,1,1,0,0,0,0,1,1,,POINT (-90.575555103907 41.522903060559)
2014818308,142919,09/24/2014,09-September,4-Wednesday,08:11,0800 Hours,District 3 (Northwest),DENISON,CRAWFORD,,BROADWAY,Collision with:  Vehicle in traffic,On Roadway,Broadside (front to side),FTYROW:  From parked position,None Indicated,,Daylight,Wet,Cloudy,None apparent,Non-intersection:  Non-junction/no special feature,Paved,,Property Damage Only,0,0,0,0,0,0,3000,2,2,,POINT (-95.350891533555 42.016734903205)
2014818178,14-6277,09/24/2014,09-September,4-Wednesday,07:20,0700 Hours,District 1 (Central),,POLK,,Co Rd R6F/NW 66TH AVE & NW TONI DR,Collision with:  Vehicle in traffic,On Roadway,Rear-end (front to rear),Driving too fast for conditions,None Indicated,,Dawn,Wet,Rain,None apparent,Intersection:  T-intersection,Paved,,Minor Injury,0,2,0,1,1,0,8000,2,2,,POINT (-93.66339539266 41.680436395388)
2014818616,2014-4702,09/24/2014,09-September,4-Wednesday,08:00,0800 Hours,District 4 (Southwest),WAUKEE,DALLAS,,SE LA GRANT PARKWAY & SE BOOTH AVE,Collision with:  Vehicle in traffic,On Roadway,Rear-end (front to rear),Followed too close,None Indicated,,Daylight,Wet,Rain,None apparent,Intersection:  T-intersection,Paved,,Property Damage Only,0,0,0,0,0,0,1500,2,8,,POINT (-93.866187480116 41.597680595029)
2014818232,14-4750,09/24/2014,09-September,4-Wednesday,12:10,1200 Hours,District 1 (Central),WEST DES MOINES,POLK,I-235,I-235,Collision with fixed object:  Curb/island/raised median,Shoulder,Non-collision (single vehicle),Lost Control,None Indicated,,Daylight,Wet,Rain,"Surface condition (e.g., wet, icy)",Non-intersection:  Non-junction/no special feature,Paved,,Minor Injury,0,1,0,1,0,0,1200,1,1,,POINT (-93.723143550621 41.59335510379)
2014818337,1409241-A,09/24/2014,09-September,4-Wednesday,19:13,1900 Hours,District 4 (Southwest),RED OAK,MONTGOMERY,,WALNUT ST & 2ND ST,Collision with:  Vehicle in traffic,On Roadway,Broadside (front to side),FTYROW:  At uncontrolled intersection,None Indicated,,Dusk,Dry,Clear,Non-highway work,Non-intersection:  Non-junction/no special feature,Paved,,Property Damage Only,0,0,0,0,0,0,6500,2,3,,POINT (-95.230336980917 41.018483245229)
2014818562,2014-20791,09/24/2014,09-September,4-Wednesday,09:03,0900 Hours,District 5 (Southeast),INDIANOLA,WARREN,US 65,US 65/N JEFFERSON WAY & E EUCLID AVE,Collision with:  Vehicle in traffic,On Roadway,Rear-end (front to rear),Improper or erratic lane changing,None Indicated,,Daylight,Wet,Rain,None apparent,Non-intersection:  Non-junction/no special feature,Paved,,Property Damage Only,0,0,0,0,0,0,4250,2,2,,POINT (-93.558353436223 41.365655881622)
2014818465,14-040847,09/24/2014,09-September,4-Wednesday,19:42,1900 Hours,District 4 (Southwest),COUNCIL BLUFFS,POTTAWATTAMIE,,23RD AVE & S 7TH ST,Collision with:  Vehicle in traffic,On Roadway,Broadside (front to side),Ran Stop Sign,None Indicated,,Dark - roadway lighted,Dry,Clear,None apparent,Intersection:  Four-way intersection,Paved,,Property Damage Only,0,0,0,0,0,0,9000,2,2,,POINT (-95.854921715311 41.239280585316)
2014818482,14000462,09/24/2014,09-September,4-Wednesday,18:36,1800 Hours,District 5 (Southeast),ALBIA,MONROE,IA 5,IA 5/S MAIN ST & WASHINGTON AVE W & WASHINGTON AVE E,Collision with:  Vehicle in traffic,On Roadway,Rear-end (front to rear),Other (explain in narrative):  Other,None Indicated,,Daylight,Dry,Cloudy,None apparent,Non-intersection:  Non-junction/no special feature,Paved,,Property Damage Only,0,0,0,0,0,0,4000,2,2,,POINT (-92.807097149574 41.026214084157)
2014818329,201414177,09/24/2014,09-September,4-Wednesday,11:20,1100 Hours,District 6 (East Central),CEDAR RAPIDS,LINN,,WILEY BLVD SW & 33RD AVE SW & EDGEWOOD RD SW,Collision with:  Vehicle in traffic,On Roadway,Broadside (front to side),Ran Traffic Signal,None Indicated,,Daylight,Dry,Cloudy,None apparent,Intersection:  Four-way intersection,Paved,,Minor Injury,0,1,0,1,0,0,15000,2,4,,POINT (-91.715967147726 41.945622337465)
2014818348,20140028347,09/24/2014,09-September,4-Wednesday,14:13,1400 Hours,District 1 (Central),DES MOINES,POLK,,E HULL AVE,Collision with:  Vehicle in traffic,On Roadway,"Sideswipe, same direction","Operating vehicle in an reckless, erratic, careless, negligent manner",None Indicated,,Daylight,Dry,Cloudy,None apparent,Non-intersection:  Driveway access (within),Paved,,Property Damage Only,0,0,0,0,0,0,8000,2,2,,POINT (-93.605480309403 41.622281643991)
2014818275,W14-096002,09/24/2014,09-September,4-Wednesday,14:30,1400 Hours,District 2 (Northeast),WATERLOO,BLACK HAWK,,W MITCHELL AVE & E MITCHELL AVE & KIMBALL AVE,Collision with:  Vehicle in traffic,On Roadway,"Angle, oncoming left turn",Driving too fast for conditions,None Indicated,,Daylight,Wet,Rain,None apparent,Intersection:  Four-way intersection,Paved,,Property Damage Only,0,0,0,0,0,0,3000,3,3,,POINT (-92.357092220312 42.476645040424)
2014818428,20143502,09/24/2014,09-September,4-Wednesday,05:55,0500 Hours,District 1 (Central),,GRUNDY,IA 14,IA 14/N AVE & Co Rd D35/215TH ST,Collision with:  Vehicle in traffic,On Roadway,Rear-end (front to rear),Driver Distraction:  Inattentive/lost in thought,None Indicated,,Dark - roadway lighted,Dry,Cloudy,None apparent,Intersection:  T-intersection,Paved,,Minor Injury,0,1,0,1,0,0,14000,2,2,,POINT (-92.768371938389 42.39102726822)
2014818167,14145242,09/24/2014,09-September,4-Wednesday,12:33,1200 Hours,District 6 (East Central),TIFFIN,JOHNSON,US 6,US 6 & DEER VIEW AVE,Collision with:  Vehicle in traffic,On Roadway,Broadside (front to side),FTYROW:  From stop sign,None Indicated,,Daylight,Dry,Cloudy,None apparent,Intersection:  T-intersection,Paved,,Property Damage Only,0,0,0,0,0,0,7000,2,2,,POINT (-91.67613522188 41.708168385124)
2014819247,142921,09/24/2014,09-September,4-Wednesday,15:00,1500 Hours,District 3 (Northwest),,CRAWFORD,,DUNLAP ST,Collision with fixed object:  Ditch,Shoulder,Non-collision (single vehicle),Driving too fast for conditions,None Indicated,,Daylight,"Mud, dirt",Clear,"Surface condition (e.g., wet, icy)",Non-intersection:  Non-junction/no special feature,Unpaved,,Minor Injury,0,1,0,1,0,0,5000,1,1,,POINT (-95.576486422968 41.88265726326)
2014819003,14022447,09/24/2014,09-September,4-Wednesday,17:14,1700 Hours,District 5 (Southeast),OSKALOOSA,MAHASKA,,HIGH AVE W & S D ST & N D ST,Collision with:  Vehicle in traffic,On Roadway,Broadside (front to side),Ran Stop Sign,None Indicated,,Daylight,Dry,Cloudy,None apparent,Intersection:  Four-way intersection,Paved,,Property Damage Only,0,0,0,0,0,0,2200,2,2,,POINT (-92.649806381577 41.295307759876)
2014818347,20140028342,09/24/2014,09-September,4-Wednesday,13:50,1300 Hours,District 1 (Central),DES MOINES,POLK,,E HARTFORD AVE,Collision with:  Parked motor vehicle,On Roadway,Broadside (front to side),Improper Backing,None Indicated,,Daylight,Wet,Cloudy,None apparent,Non-intersection:  Non-junction/no special feature,Paved,,Property Damage Only,0,0,0,0,0,0,1500,2,1,,POINT (-93.608923642796 41.569751236504)