Iowa DOT Case Number,Law Enforcement Case Number,Date of Crash,Month of Crash,Day of Week,Time of Crash,Hour,DOT District,City Name,County Name,Route with System,Location Description,First Harmful Event,Location of First Harmful Event,Manner of Crash/Collision,Major Cause,Drug or Alcohol ,Environmental Conditions,Light Conditions,Surface Conditions,Weather Conditions,Roadway Contribution,Roadway Type,Roadway Surface,Work Zone,Crash Severity,Number of Fatalities,Number of Injuries,Number of Major Injuries,Number of Minor Injuries,Number of Possible Injuries,Number of Unknown Injuries,Amount of Property Damage,Number of Vehicles Involved,Total Number of Occupants,Travel Direction,Location
2014818491,W14-096291,09/25/2014,09-September,5-Thursday,14:52,1400 Hours,District 2 (Northeast),WATERLOO,BLACK HAWK,,W 5TH ST & SOUTH ST,Collision with:  Vehicle in traffic,On Roadway,Broadside (front to side),FTYROW:  From stop sign,None Indicated,,Daylight,Dry,Clear,None apparent,Intersection:  Four-way intersection,Paved,,Property Damage Only,0,0,0,0,0,0,2500,2,4,,POINT (-92.342424833847 42.491304405274)
2014818599,147196,09/25/2014,09-September,5-Thursday,18:44,1800 Hours,District 4 (Southwest),,DALLAS,,J CT,Collision with:  Vehicle in traffic,On Roadway,"Sideswipe, opposite direction",Other (explain in narrative):  Vision obstructed,None Indicated,,Daylight,"Mud, dirt",Clear,None apparent,Non-intersection:  Non-junction/no special feature,Unpaved,,Property Damage Only,0,0,0,0,0,0,3000,2,2,,POINT (-94.108897615803 41.531861052225)
2014819205,2014055174,09/25/2014,09-September,5-Thursday,01:23,0100 Hours,District 5 (Southeast),,WARREN,I-35,I-35,Collision with fixed object:  Concrete traffic barrier (median or right side),Shoulder,Non-collision (single vehicle),Swerving/Evasive Action,None Indicated,,Dark - roadway not lighted,Dry,Clear,Work Zone (roadway-related),Non-intersection:  Non-junction/no special feature,Paved,Yes,Property Damage Only,0,0,0,0,0,0,3500,1,1,,POINT (-93.78025881361 41.51079031458)
2014818690,14022526,09/25/2014,09-September,5-Thursday,14:39,1400 Hours,District 5 (Southeast),OSKALOOSA,MAHASKA,US 63,US 63/S MARKET ST & 8TH AVE W,Collision with:  Vehicle in traffic,On Roadway,Rear-end (front to rear),Unknown,None Indicated,,Daylight,Dry,Cloudy,None apparent,Non-intersection:  Non-junction/no special feature,Paved,,Possible/Unknown,0,1,0,0,1,0,4500,2,2,,POINT (-92.645032553551 41.28801486887)
2014828347,14090578,09/25/2014,09-September,5-Thursday,06:39,0600 Hours,District 5 (Southeast),,WAPELLO,,Co Rd T61/MONROE WAPELLO RD,Collision with:  Animal,,Non-collision (single vehicle),Animal,None Indicated,,,,,,,Paved,,Property Damage Only,0,0,0,0,0,0,2000,1,1,,POINT (-92.637399764773 40.970188419682)
2014819302,147564PD,09/25/2014,09-September,5-Thursday,14:24,1400 Hours,District 1 (Central),BOONE,BOONE,,PARK AVE & S STORY ST,Collision with:  Vehicle in traffic,On Roadway,"Angle, oncoming left turn",FTYROW:  Making left turn,None Indicated,,Daylight,Dry,Clear,None apparent,Intersection:  Four-way intersection,Paved,,Major Injury,0,2,1,1,0,0,10000,2,2,,POINT (-93.879916138068 42.048061788254)
2014818548,20140028453,09/25/2014,09-September,5-Thursday,16:48,1600 Hours,District 1 (Central),DES MOINES,POLK,US 69,US 69/E 14TH ST & ARTHUR AVE,Collision with:  Vehicle in traffic,On Roadway,"Sideswipe, same direction",Followed too close,None Indicated,,Daylight,Dry,Clear,None apparent,Non-intersection:  Non-junction/no special feature,Paved,,Property Damage Only,0,0,0,0,0,0,1700,2,5,,POINT (-93.600560324761 41.617281432287)
2014822530,,09/25/2014,09-September,5-Thursday,11:30,1100 Hours,District 5 (Southeast),MUSCATINE,MUSCATINE,,,Non-collision events:  Other non-collision (explain in narrative),Outside trafficway,Non-collision (single vehicle),Unknown,None Indicated,,Daylight,Dry,Other (explain in narrative),,Non-intersection:  Driveway access (within),,,Property Damage Only,0,0,0,0,0,0,8000,1,2,,POINT (-96.643700149993 40.233091251414)
2014818643,W14-096340,09/25/2014,09-September,5-Thursday,16:15,1600 Hours,District 2 (Northeast),WATERLOO,BLACK HAWK,,E 3RD ST & SYCAMORE ST,Collision with:  Parked motor vehicle,Outside trafficway,"Sideswipe, same direction",Unknown,None Indicated,,Daylight,Dry,Clear,None apparent,Non-intersection:  Other non-intersection (explain in narrative),Paved,,Property Damage Only,0,0,0,0,0,0,1500,2,1,,POINT (-92.338101970626 42.499663952113)
2014824116,K14-029834,09/25/2014,09-September,5-Thursday,17:23,1700 Hours,District 5 (Southeast),KEOKUK,LEE,US 61,US 61,Collision with:  Vehicle in traffic,On Roadway,Broadside (front to side),FTYROW:  From stop sign,None Indicated,,Daylight,Dry,Cloudy,None apparent,Intersection:  Four-way intersection,Paved,,Minor Injury,0,2,0,1,1,0,19029,2,2,,POINT (-91.425766736776 40.436624749735)
2014819146,2014-038110,09/25/2014,09-September,5-Thursday,19:35,1900 Hours,District 6 (East Central),DUBUQUE,DUBUQUE,US 61,US 61 & DIGITAL DR,Collision with:  Animal,,,Animal,None Indicated,,,,,,,Paved,,Property Damage Only,0,0,0,0,0,0,5000,1,1,,POINT (-90.680035656613 42.442103700278)
2014819194,14-198,09/25/2014,09-September,5-Thursday,17:03,1700 Hours,District 2 (Northeast),WAVERLY,BREMER,IA 116,IA 116/4TH ST SW & 13TH AVE SW,Collision with:  Vehicle in traffic,On Roadway,Broadside (front to side),FTYROW:  Other (explain in narrative),None Indicated,,Daylight,Dry,Clear,Work Zone (roadway-related),Intersection:  T-intersection,Paved,Yes,Property Damage Only,0,0,0,0,0,0,4000,2,2,,POINT (-92.475534055349 42.711297328131)
2014818807,14-31788,09/25/2014,09-September,5-Thursday,08:51,0800 Hours,District 3 (Northwest),SIOUX CITY,WOODBURY,,W 4TH ST & 6TH ST & WESLEY PKWY,Collision with:  Vehicle in traffic,On Roadway,"Sideswipe, same direction",Unknown,None Indicated,,Daylight,Dry,Clear,None apparent,Intersection:  Four-way intersection,Paved,,Property Damage Only,0,0,0,0,0,0,2500,2,3,,POINT (-96.410793647454 42.496286556762)
2014819206,2014055351,09/25/2014,09-September,5-Thursday,18:54,1800 Hours,District 3 (Northwest),,CALHOUN,,Co Rd D26/TWIN LAKES RD,Collision with fixed object:  Mailbox,Roadside,Non-collision (single vehicle),Ran off road - left,None Indicated,,Dusk,Dry,Clear,None apparent,Non-intersection:  Non-junction/no special feature,Paved,,Major Injury,0,2,1,0,1,0,8400,1,2,,POINT (-94.643719104482 42.470118605447)
2014819471,W14-096328,09/25/2014,09-September,5-Thursday,16:30,1600 Hours,District 2 (Northeast),WATERLOO,BLACK HAWK,US 63,US 63/E MULLAN AVE & SYCAMORE ST,Collision with:  Vehicle in traffic,On Roadway,Rear-end (front to rear),Other (explain in narrative):  Other,None Indicated,,Daylight,Dry,Cloudy,None apparent,Intersection:  Four-way intersection,Paved,,Property Damage Only,0,0,0,0,0,0,2000,2,3,,POINT (-92.341244605263 42.501726381182)
2014821225,2014055433,09/25/2014,09-September,5-Thursday,21:00,2100 Hours,District 5 (Southeast),,HENRY,US 218,US 218,Collision with fixed object:  Ditch,Shoulder,Non-collision (single vehicle),Ran off road - right,None Indicated,,Dark - roadway not lighted,Dry,Clear,None apparent,Non-intersection:  Other non-intersection (explain in narrative),Paved,,Possible/Unknown,0,1,0,0,1,0,10000,1,1,,POINT (-91.542438194397 40.919558388062)
2014818584,2014-20924,09/25/2014,09-September,5-Thursday,15:32,1500 Hours,District 5 (Southeast),,WARREN,,118TH AVE,Collision with:  Vehicle in traffic,On Roadway,Head-on (front to front),FTYROW:  From driveway,None Indicated,,Daylight,"Mud, dirt",Clear,None apparent,Non-intersection:  Driveway access (within),Unpaved,,Property Damage Only,0,0,0,0,0,0,8100,2,7,,POINT (-93.582376691369 41.328362308273)
2014821165,2014-038101,09/25/2014,09-September,5-Thursday,15:32,1500 Hours,District 6 (East Central),DUBUQUE,DUBUQUE,US 20,US 20/DODGE ST,Collision with:  Vehicle in traffic,On Roadway,Rear-end (front to rear),Lost Control,None Indicated,,Daylight,Dry,Clear,None apparent,Non-intersection:  Non-junction/no special feature,Paved,,Property Damage Only,0,0,0,0,0,0,1500,2,3,,POINT (-90.740791432751 42.488074241243)
2014818795,14-004490,09/25/2014,09-September,5-Thursday,15:23,1500 Hours,District 1 (Central),AMES,STORY,US 69,US 69/GRAND AVE & 16TH ST,Collision with:  Vehicle in traffic,On Roadway,"Angle, oncoming left turn",FTYROW:  Making left turn,None Indicated,,Daylight,Dry,Clear,None apparent,Intersection:  Four-way intersection,Paved,,Property Damage Only,0,0,0,0,0,0,3500,2,2,,POINT (-93.620420382032 42.038328637246)
2014832962,14-008459,09/25/2014,09-September,5-Thursday,08:01,0800 Hours,District 4 (Southwest),ATLANTIC,CASS,,14TH ST & HAZEL ST,Collision with:  Vehicle in traffic,On Roadway,"Sideswipe, same direction",FTYROW:  From parked position,None Indicated,,Daylight,Dry,Clear,None apparent,Intersection:  T-intersection,Paved,,Property Damage Only,0,0,0,0,0,0,5000,2,2,,POINT (-95.004759846728 41.396616106359)
2014818567,14-3011,09/25/2014,09-September,5-Thursday,17:20,1700 Hours,District 1 (Central),FORT DODGE,WEBSTER,,N 15TH ST,Collision with:  Parked motor vehicle,Outside trafficway,Head-on (front to front),Other (explain in narrative):  Other,None Indicated,,Daylight,Dry,Clear,None apparent,Non-intersection:  Driveway access (within),Paved,,Property Damage Only,0,0,0,0,0,0,1500,2,1,,POINT (-94.177889549338 42.508580349171)
2014819419,14-013087,09/25/2014,09-September,5-Thursday,19:54,1900 Hours,District 2 (Northeast),ARLINGTON,FAYETTE,IA 187,IA 187/90TH ST & I AVE,Collision with:  Animal,,,Animal,None Indicated,,,,,,,Paved,,Property Damage Only,0,0,0,0,0,0,1500,1,1,,POINT (-91.764772331448 42.759364931934)
2014827947,2014055321,09/25/2014,09-September,5-Thursday,15:27,1500 Hours,District 1 (Central),,HARDIN,US 20,US 20,Collision with fixed object:  Ditch,Shoulder,Non-collision (single vehicle),Exceeded authorized speed,None Indicated,,Daylight,Dry,Clear,None apparent,Non-intersection:  Non-junction/no special feature,Paved,,Fatal,1,1,1,0,0,0,7000,1,2,,POINT (-93.064571326116 42.44764768896)
2014818585,2014-20935,09/25/2014,09-September,5-Thursday,16:54,1600 Hours,District 5 (Southeast),,WARREN,,Co Rd R45/HWY R45,Collision with fixed object:  Ditch,On Roadway,Non-collision (single vehicle),Ran off road - left,None Indicated,,Daylight,Dry,Clear,None apparent,Non-intersection:  Non-junction/no special feature,Paved,,Property Damage Only,0,0,0,0,0,0,5500,1,1,,POINT (-93.731314190897 41.287320155228)
2014818387,14-040944,09/25/2014,09-September,5-Thursday,11:04,1100 Hours,District 4 (Southwest),COUNCIL BLUFFS,POTTAWATTAMIE,,RUE ST & MADISON AVE,Collision with:  Vehicle in traffic,On Roadway,Broadside (front to side),Ran Traffic Signal,None Indicated,,Daylight,Dry,Clear,None apparent,Intersection:  Four-way intersection,Paved,,Property Damage Only,0,0,0,0,0,0,5000,2,2,,POINT (-95.82175335507 41.241539874807)
2014818544,20140028440,09/25/2014,09-September,5-Thursday,13:40,1300 Hours,District 1 (Central),DES MOINES,POLK,,6TH AVE,Collision with:  Vehicle in traffic,On Roadway,"Sideswipe, same direction",Crossed centerline (undivided),None Indicated,,Daylight,Dry,Clear,None apparent,Non-intersection:  Non-junction/no special feature,Paved,,Property Damage Only,0,0,0,0,0,0,4000,2,2,,POINT (-93.625654694782 41.592035451758)
2014818534,14-1156,09/25/2014,09-September,5-Thursday,10:46,1000 Hours,District 1 (Central),CLIVE,POLK,US 6,US 6/HICKMAN RD,Collision with fixed object:  Curb/island/raised median,On Roadway,Non-collision (single vehicle),"Operating vehicle in an reckless, erratic, careless, negligent manner",None Indicated,,Daylight,Dry,Cloudy,None apparent,Non-intersection:  Non-junction/no special feature,Paved,,Property Damage Only,0,0,0,0,0,0,1500,1,1,,POINT (-93.784429159537 41.614921815338)
2014818644,W14-096412,09/25/2014,09-September,5-Thursday,20:20,2000 Hours,District 2 (Northeast),WATERLOO,BLACK HAWK,,FLAMMANG DR,Collision with:  Vehicle in traffic,On Roadway,Broadside (front to side),FTYROW:  From driveway,None Indicated,,Dark - roadway lighted,Dry,Clear,None apparent,Non-intersection:  Driveway access (within),Paved,,Property Damage Only,0,0,0,0,0,0,6500,2,2,,POINT (-92.330200352871 42.460028298817)
2014818549,20140028459,09/25/2014,09-September,5-Thursday,17:15,1700 Hours,District 1 (Central),DES MOINES,POLK,I-235,I-235,Collision with:  Vehicle in traffic,On Roadway,Rear-end (front to rear),Followed too close,None Indicated,,Daylight,Dry,Cloudy,None apparent,Non-intersection:  Non-junction/no special feature,Paved,,Property Damage Only,0,0,0,0,0,0,4200,2,2,,POINT (-93.629147282556 41.595853476305)
2014819226,,09/25/2014,09-September,5-Thursday,09:10,0900 Hours,District 3 (Northwest),MANSON,CALHOUN,IA 7,IA 7/1ST AVE & 8TH ST,Collision with:  Vehicle in traffic,On Roadway,Rear-end (front to rear),Other (explain in narrative):  Vision obstructed,None Indicated,,Daylight,Dry,Cloudy,None apparent,Intersection:  Four-way intersection,Paved,,Property Damage Only,0,0,0,0,0,0,2500,2,2,,POINT (-94.54024100893 42.516854376651)
2014818532,14-004145,09/25/2014,09-September,5-Thursday,16:45,1600 Hours,District 1 (Central),ANKENY,POLK,,NE 36TH ST & NE DELAWARE AVE,Collision with:  Vehicle in traffic,On Roadway,"Sideswipe, same direction",FTYROW:  Other (explain in narrative),None Indicated,,Daylight,Dry,Clear,None apparent,Non-intersection:  Non-junction/no special feature,Paved,,Property Damage Only,0,0,0,0,0,0,3000,2,3,,POINT (-93.581085665813 41.76084665093)
2014827113,14-004138,09/25/2014,09-September,5-Thursday,14:18,1400 Hours,District 1 (Central),ANKENY,POLK,US 69,US 69/S ANKENY BLVD & SW 3RD ST & SE 3RD ST,Collision with:  Vehicle in traffic,On Roadway,Broadside (front to side),Ran Traffic Signal,None Indicated,,Daylight,Dry,Cloudy,None apparent,Intersection:  Four-way intersection,Paved,,Property Damage Only,0,0,0,0,0,0,3500,2,2,,POINT (-93.600367019754 41.729619283243)
2014818907,14-18662,09/25/2014,09-September,5-Thursday,17:38,1700 Hours,District 6 (East Central),BETTENDORF,SCOTT,,SPRUCE HILLS DR,Collision with:  Vehicle in traffic,On Roadway,Broadside (front to side),FTYROW:  From stop sign,None Indicated,,Daylight,Dry,Clear,None apparent,Non-intersection:  Driveway access (within),Paved,,Property Damage Only,0,0,0,0,0,0,4000,2,4,,POINT (-90.501224105503 41.549167733133)
2014818575,14-040937,09/25/2014,09-September,5-Thursday,10:35,1000 Hours,District 4 (Southwest),COUNCIL BLUFFS,POTTAWATTAMIE,,N 21ST ST,Collision with:  Vehicle in traffic,On Roadway,Rear-end (front to rear),Improper Backing,None Indicated,,Daylight,Dry,Clear,None apparent,Non-intersection:  Non-junction/no special feature,Paved,,Property Damage Only,0,0,0,0,0,0,2500,2,2,,POINT (-95.874835448357 41.272999807475)
2014819637,,09/25/2014,09-September,5-Thursday,18:19,1800 Hours,District 3 (Northwest),SANBORN,OBRIEN,US 18,US 18/320TH ST/W 7TH ST & REDWOOD AVE,Collision with:  Vehicle in traffic,On Roadway,Rear-end (front to rear),Driving too fast for conditions,None Indicated,,Daylight,Dry,Cloudy,None apparent,Intersection:  Four-way intersection,Paved,,Minor Injury,0,1,0,1,0,0,17000,2,4,,POINT (-95.663654742086 43.186037483883)
2014818855,2014-67925,09/25/2014,09-September,5-Thursday,20:43,2000 Hours,District 6 (East Central),DAVENPORT,SCOTT,,E 53RD ST & UTICA RIDGE RD,Collision with:  Vehicle in traffic,On Roadway,"Angle, oncoming left turn",FTYROW:  Making left turn,None Indicated,,Dark - roadway lighted,Dry,Cloudy,None apparent,Intersection:  Four-way intersection,Paved,,Minor Injury,0,2,0,1,1,0,16000,2,3,,POINT (-90.513437455701 41.574893532006)
2014821509,14-9896,09/25/2014,09-September,5-Thursday,19:57,1900 Hours,District 3 (Northwest),CARROLL,CARROLL,US 30,US 30/6TH ST & WEST ST,Non-collision events:  Other non-collision (explain in narrative),On Roadway,Non-collision (single vehicle),Ran off road - right,None Indicated,,Dark - roadway lighted,Dry,Clear,None apparent,Intersection:  Four-way intersection,Paved,,Possible/Unknown,0,1,0,0,0,1,8000,1,1,,POINT (-94.871549364095 42.066767158559)
2014818721,20140028462,09/25/2014,09-September,5-Thursday,16:55,1600 Hours,District 1 (Central),DES MOINES,POLK,,SCHOOL ST & 17TH ST,Non-collision events:  Other non-collision (explain in narrative),Outside trafficway,Non-collision (single vehicle),Made improper turn,None Indicated,,Daylight,Dry,Clear,None apparent,Non-intersection:  Non-junction/no special feature,Paved,,Property Damage Only,0,0,0,0,0,0,3200,1,1,,POINT (-93.640108441323 41.595252536231)
2014819144,2014-038096,09/25/2014,09-September,5-Thursday,13:45,1300 Hours,District 6 (East Central),DUBUQUE,DUBUQUE,,PENNSYLVANIA AVE,Collision with:  Vehicle in traffic,On Roadway,Broadside (front to side),Other (explain in narrative):  Other,None Indicated,,Daylight,Dry,Clear,None apparent,Non-intersection:  Driveway access (within),Paved,,Minor Injury,0,2,0,2,0,0,4500,2,4,,POINT (-90.720154117838 42.500506868227)
2014818806,2014-20933,09/25/2014,09-September,5-Thursday,16:33,1600 Hours,District 5 (Southeast),INDIANOLA,WARREN,US 65,US 65 & HAYES ST,Collision with:  Vehicle in traffic,On Roadway,Rear-end (front to rear),Swerving/Evasive Action,None Indicated,,Daylight,Dry,Clear,None apparent,Intersection:  Four-way intersection,Paved,,Minor Injury,0,1,0,1,0,0,6000,2,2,,POINT (-93.558675261626 41.394883941551)
2014818591,S14-003809,09/25/2014,09-September,5-Thursday,19:20,1900 Hours,District 4 (Southwest),NEOLA,POTTAWATTAMIE,,JUNIPER RD & 290TH ST,Non-collision events:  Overturn/rollover,Median,Non-collision (single vehicle),Crossed centerline (undivided),None Indicated,,Daylight,Dry,Clear,None apparent,Intersection:  Y-intersection,Unpaved,,Property Damage Only,0,0,0,0,0,0,4000,1,3,,POINT (-95.631098040028 41.353757769206)
2014818546,20140028468,09/25/2014,09-September,5-Thursday,18:16,1800 Hours,District 1 (Central),DES MOINES,POLK,,E UNIVERSITY AVE & PENNSYLVANIA AVE,Collision with:  Vehicle in traffic,On Roadway,Broadside (front to side),Other (explain in narrative):  Other,None Indicated,,Daylight,Dry,Cloudy,None apparent,Non-intersection:  Non-junction/no special feature,Paved,,Property Damage Only,0,0,0,0,0,0,4000,2,3,,POINT (-93.608863543303 41.600385242357)
2014820690,145657,09/25/2014,09-September,5-Thursday,22:11,2200 Hours,District 1 (Central),,HARDIN,IA 57,IA 57/IOWA 57,Collision with:  Animal,,,Animal,None Indicated,,,,,,,Paved,,Property Damage Only,0,0,0,0,0,0,4000,1,1,,POINT (-93.200678602497 42.557010612114)
2014818592,14-040987,09/25/2014,09-September,5-Thursday,15:58,1500 Hours,District 4 (Southwest),COUNCIL BLUFFS,POTTAWATTAMIE,,23RD AVE & S 16TH ST,Collision with:  Vehicle in traffic,On Roadway,Rear-end (front to rear),Followed too close,None Indicated,,Daylight,Dry,Clear,None apparent,Non-intersection:  Non-junction/no special feature,Paved,,Property Damage Only,0,0,0,0,0,0,4200,2,2,,POINT (-95.867694024431 41.239404251904)
2014821290,14-014498,09/25/2014,09-September,5-Thursday,19:43,1900 Hours,District 6 (East Central),,JACKSON,,Co Rd D53/CENTERVILLE RD,Collision with:  Vehicle in traffic,On Roadway,"Sideswipe, opposite direction",Crossed centerline (undivided),Alcohol (Statutory),,Dark - roadway lighted,"Mud, dirt",Clear,None apparent,Non-intersection:  Non-junction/no special feature,Unpaved,,Property Damage Only,0,0,0,0,0,0,74000,2,2,,POINT (-90.627333560459 42.348188377578)
2014821166,2014-038105,09/25/2014,09-September,5-Thursday,16:45,1600 Hours,District 6 (East Central),DUBUQUE,DUBUQUE,,KAUFMANN AVE,Non-collision events:  Other non-collision (explain in narrative),On Roadway,Non-collision (single vehicle),FTYROW:  From driveway,None Indicated,,Daylight,Dry,Clear,None apparent,Non-intersection:  Driveway access (within),Paved,,Possible/Unknown,0,1,0,0,1,0,2500,2,2,,POINT (-90.671681530072 42.513309829635)
2014818527,14-6332,09/25/2014,09-September,5-Thursday,18:47,1800 Hours,District 1 (Central),DES MOINES,POLK,IA 415,IA 415/2ND AVE & NW 47TH PL & NW 48TH PL,Collision with:  Vehicle in traffic,On Roadway,"Angle, oncoming left turn",FTYROW:  Making left turn,None Indicated,,Dusk,Dry,Cloudy,None apparent,Intersection:  Four-way intersection,Paved,,Property Damage Only,0,0,0,0,0,0,10500,2,3,,POINT (-93.619989293238 41.646947031848)
2014818578,14-0537,09/25/2014,09-September,5-Thursday,19:17,1900 Hours,District 1 (Central),,WEBSTER,US 169,US 169/LAINSON AVE/NE RAMP CURV,Non-collision events:  Other non-collision (explain in narrative),On Roadway,Non-collision (single vehicle),Ran off road - left,None Indicated,,Dark - roadway lighted,"Mud, dirt",Cloudy,Debris,Intersection:  T-intersection,Paved,,Minor Injury,0,1,0,1,0,0,1800,1,1,,POINT (-94.184344002776 42.268381119096)
2014818772,14-0839,09/25/2014,09-September,5-Thursday,12:58,1200 Hours,District 1 (Central),WINDSOR HEIGHTS,POLK,,UNIVERSITY AVE & 73RD ST,Collision with:  Vehicle in traffic,On Roadway,Rear-end (front to rear),Followed too close,None Indicated,,Daylight,Dry,Clear,Work Zone (roadway-related),Intersection:  Four-way intersection,Paved,Yes,Possible/Unknown,0,1,0,0,1,0,5000,2,2,,POINT (-93.718025914137 41.600367772793)
2014819315,GP20140789,09/25/2014,09-September,5-Thursday,08:30,0800 Hours,District 1 (Central),GRINNELL,POWESHIEK,US 6,US 6/6TH AVE & IA 146/WEST ST,Collision with:  Vehicle in traffic,On Roadway,"Angle, oncoming left turn",FTYROW:  Making left turn,None Indicated,,Daylight,Dry,Cloudy,None apparent,Non-intersection:  Driveway access (within),Paved,,Property Damage Only,0,0,0,0,0,0,12000,2,2,,POINT (-92.727383067011 41.746167287574)
2014818580,14005993,09/25/2014,09-September,5-Thursday,15:51,1500 Hours,District 2 (Northeast),,CERRO GORDO,,Co Rd B35/255TH ST & Co Rd S34/LARK AVE,Collision with:  Vehicle in traffic,On Roadway,Broadside (front to side),FTYROW:  From stop sign,None Indicated,,Daylight,Dry,Cloudy,None apparent,Intersection:  Four-way intersection,Paved,,Property Damage Only,0,0,0,0,0,0,10000,2,3,,POINT (-93.280371658217 43.133769579992)
2014818545,20140028466,09/25/2014,09-September,5-Thursday,18:00,1800 Hours,District 1 (Central),DES MOINES,POLK,,56TH ST,Collision with:  Vehicle in traffic,On Roadway,"Angle, oncoming left turn",Ran Traffic Signal,None Indicated,,Daylight,Dry,Cloudy,None apparent,Intersection:  T-intersection,Paved,,Property Damage Only,0,0,0,0,0,0,3000,2,2,,POINT (-93.69374312131 41.592977824569)
2014818646,W14-096360,09/25/2014,09-September,5-Thursday,18:02,1800 Hours,District 2 (Northeast),WATERLOO,BLACK HAWK,,FLAMMANG DR,Collision with:  Vehicle in traffic,On Roadway,Broadside (front to side),Ran Stop Sign,None Indicated,,Daylight,Dry,Clear,None apparent,Intersection:  Four-way intersection,Paved,,Property Damage Only,0,0,0,0,0,0,9000,2,3,,POINT (-92.326576111266 42.460007063447)
2014818438,14-040956,09/25/2014,09-September,5-Thursday,12:22,1200 Hours,District 4 (Southwest),COUNCIL BLUFFS,POTTAWATTAMIE,I-29,I-29,Collision with fixed object:  Other fixed object (explain in narrative),On Roadway,Non-collision (single vehicle),Ran off road - left,None Indicated,,Daylight,Dry,Clear,None apparent,Non-intersection:  Non-junction/no special feature,Paved,,Fatal,1,0,0,0,0,0,17000,1,1,,POINT (-95.848142358954 41.232090387116)
2014818596,14-4771,09/25/2014,09-September,5-Thursday,17:05,1700 Hours,District 4 (Southwest),WEST DES MOINES,DALLAS,,WESTOWN PKWY & JORDAN CREEK PKWY,Collision with:  Vehicle in traffic,On Roadway,Rear-end (front to rear),Other (explain in narrative):  Other,None Indicated,,Daylight,Dry,Clear,None apparent,Non-intersection:  Non-junction/no special feature,Paved,,Possible/Unknown,0,1,0,0,1,0,5000,2,3,,POINT (-93.808918498516 41.597007952807)
2014818719,14-1155,09/25/2014,09-September,5-Thursday,08:20,0800 Hours,District 4 (Southwest),CLIVE,DALLAS,,SHERIDAN AVE,Collision with:  Vehicle in traffic,On Roadway,"Sideswipe, same direction",Made improper turn,None Indicated,,Daylight,Dry,Clear,None apparent,Intersection:  T-intersection,Paved,,Property Damage Only,0,0,0,0,0,0,2500,2,3,,POINT (-93.842404183264 41.616997563492)
2014818342,20140028405,09/25/2014,09-September,5-Thursday,08:00,0800 Hours,District 1 (Central),DES MOINES,POLK,I-235,I-235,Collision with:  Vehicle in traffic,On Roadway,"Sideswipe, same direction",Unknown,None Indicated,,Daylight,Dry,Cloudy,None apparent,Non-intersection:  Non-junction/no special feature,Paved,,Property Damage Only,0,0,0,0,0,0,3000,2,2,,POINT (-93.664984820745 41.593174783594)
2014818386,14-040911,09/25/2014,09-September,5-Thursday,08:21,0800 Hours,District 4 (Southwest),COUNCIL BLUFFS,POTTAWATTAMIE,,S 1ST ST,Collision with:  Vehicle in traffic,On Roadway,Rear-end (front to rear),Followed too close,None Indicated,,Daylight,Dry,Clear,None apparent,Non-intersection:  Driveway access (within),Paved,,Property Damage Only,0,0,0,0,0,0,1600,2,2,,POINT (-95.842272495799 41.261803509199)
2014819058,14-31829,09/25/2014,09-September,5-Thursday,12:34,1200 Hours,District 3 (Northwest),SIOUX CITY,WOODBURY,,S MULBERRY ST,Collision with:  Parked motor vehicle,On Roadway,Broadside (front to side),Improper Backing,None Indicated,,Daylight,Dry,Clear,None apparent,Non-intersection:  Non-junction/no special feature,Paved,,Property Damage Only,0,0,0,0,0,0,2500,2,2,,POINT (-96.357338866287 42.462623000089)
2014818543,20140028438,09/25/2014,09-September,5-Thursday,13:15,1300 Hours,District 1 (Central),DES MOINES,POLK,,E SHERIDAN AVE & E 9TH ST,Collision with:  Vehicle in traffic,On Roadway,Unknown,Other (explain in narrative):  Other,None Indicated,,Daylight,Dry,Cloudy,None apparent,Non-intersection:  Non-junction/no special feature,Paved,,Possible/Unknown,0,1,0,0,1,0,7000,2,2,,POINT (-93.606550516306 41.618637091786)
2014818566,14-3010,09/25/2014,09-September,5-Thursday,17:30,1700 Hours,District 1 (Central),FORT DODGE,WEBSTER,,5TH AVE S & S 16TH ST,Collision with:  Vehicle in traffic,On Roadway,Broadside (front to side),FTYROW:  From stop sign,None Indicated,,Daylight,Dry,Clear,None apparent,Intersection:  Four-way intersection,Paved,,Property Damage Only,0,0,0,0,0,0,6000,2,3,,POINT (-94.17623854356 42.50102351108)
2014819352,14-034198,09/25/2014,09-September,5-Thursday,03:35,0300 Hours,District 5 (Southeast),WEST BURLINGTON,DES MOINES,US 34,US 34/SE LOOP,Collision with fixed object:  Traffic sign support,Outside trafficway,Non-collision (single vehicle),Traveling wrong way or on wrong side of road,None Indicated,,Dark - roadway not lighted,Dry,Cloudy,None apparent,Interchange-related:  On-ramp merge area,Paved,,Minor Injury,0,1,0,1,0,0,5100,1,1,,POINT (-91.187820717317 40.82465001657)
2014819231,,09/25/2014,09-September,5-Thursday,11:19,1100 Hours,District 4 (Southwest),,AUDUBON,US 71,US 71 & Co Rd F32/190 ST,Collision with:  Vehicle in traffic,On Roadway,"Angle, oncoming left turn",FTYROW:  Making left turn,None Indicated,,Daylight,Dry,Cloudy,None apparent,Intersection:  Four-way intersection,Paved,,Property Damage Only,0,0,0,0,0,0,12000,2,3,,POINT (-94.937392416918 41.731307676804)