Iowa DOT Case Number,Law Enforcement Case Number,Date of Crash,Month of Crash,Day of Week,Time of Crash,Hour,DOT District,City Name,County Name,Route with System,Location Description,First Harmful Event,Location of First Harmful Event,Manner of Crash/Collision,Major Cause,Drug or Alcohol ,Environmental Conditions,Light Conditions,Surface Conditions,Weather Conditions,Roadway Contribution,Roadway Type,Roadway Surface,Work Zone,Crash Severity,Number of Fatalities,Number of Injuries,Number of Major Injuries,Number of Minor Injuries,Number of Possible Injuries,Number of Unknown Injuries,Amount of Property Damage,Number of Vehicles Involved,Total Number of Occupants,Travel Direction,Location
2014819604,2014055250,09/25/2014,09-September,5-Thursday,07:00,0700 Hours,District 6 (East Central),,CEDAR,I-80,I-80,Collision with:  Parked motor vehicle,Outside trafficway,Unknown,Unknown,None Indicated,,Unknown,Dry,Cloudy,None apparent,Non-intersection:  Non-junction/no special feature,Paved,,Property Damage Only,0,0,0,0,0,0,2000,2,3,,POINT (-91.087304064682 41.644519949329)
2014819347,2014-005859,09/25/2014,09-September,5-Thursday,18:09,1800 Hours,District 6 (East Central),,BENTON,,Co Rd E68/78 ST,Non-collision events:  Overturn/rollover,On Roadway,Non-collision (single vehicle),Swerving/Evasive Action,None Indicated,,Daylight,Dry,Clear,None apparent,Non-intersection:  Non-junction/no special feature,Unpaved,,Property Damage Only,0,0,0,0,0,0,2000,1,1,,POINT (-92.056791201422 41.89170913622)
2014821929,32068-14,09/25/2014,09-September,5-Thursday,09:05,0900 Hours,District 3 (Northwest),,EMMET,IA 4,IA 4/IOWA 4 & 240 ST,Collision with fixed object:  Ditch,On Roadway,Non-collision (single vehicle),Ran off road - right,None Indicated,,Daylight,Dry,Clear,None apparent,Non-intersection:  Non-junction/no special feature,Paved,,Property Damage Only,0,0,0,0,0,0,3500,1,1,,POINT (-94.790360903471 43.298672198871)
2014821308,2014-67791,09/25/2014,09-September,5-Thursday,11:57,1100 Hours,District 6 (East Central),DAVENPORT,SCOTT,,IA 461/HARRISON ST & W LOCUST ST,Collision with:  Vehicle in traffic,On Roadway,Rear-end (front to rear),Lost Control,None Indicated,,Daylight,Dry,Clear,None apparent,Intersection:  Four-way intersection,Paved,,Possible/Unknown,0,1,0,0,1,0,3000,2,4,,POINT (-90.577256904765 41.538312903219)
2014818994,PD1408479,09/25/2014,09-September,5-Thursday,20:56,2000 Hours,District 5 (Southeast),FAIRFIELD,JEFFERSON,,W BURLINGTON AVE & S 12TH ST & N 12TH ST,Collision with:  Vehicle in traffic,On Roadway,Rear-end (front to rear),Other (explain in narrative):  Other,None Indicated,,Dark - roadway lighted,Dry,Clear,None apparent,Intersection:  Four-way intersection,Paved,,Possible/Unknown,0,1,0,0,1,0,1250,2,3,,POINT (-91.977667291294 41.006455710634)
2014818571,14-3018,09/25/2014,09-September,5-Thursday,22:50,2200 Hours,District 1 (Central),FORT DODGE,WEBSTER,,5TH AVE S,Collision with:  Vehicle in traffic,On Roadway,Broadside (front to side),FTYROW:  Making left turn,None Indicated,,Dark - roadway lighted,Dry,Cloudy,None apparent,Non-intersection:  Driveway access (within),Paved,,Property Damage Only,0,0,0,0,0,0,4000,2,5,,POINT (-94.144830467849 42.501233524733)
2014824115,K14-029797,09/25/2014,09-September,5-Thursday,10:57,1000 Hours,District 5 (Southeast),KEOKUK,LEE,,15TH ST S & JOHNSON ST,Collision with:  Vehicle in traffic,On Roadway,Broadside (front to side),Ran Stop Sign,None Indicated,,Daylight,Wet,Rain,None apparent,Intersection:  Four-way intersection,Paved,,Possible/Unknown,0,2,0,0,2,0,2500,2,2,,POINT (-91.392589353362 40.402989516559)
2014818338,14-6305,09/25/2014,09-September,5-Thursday,07:31,0700 Hours,District 1 (Central),,POLK,,NE 56TH ST,Collision with:  Vehicle in traffic,On Roadway,"Sideswipe, same direction",FTYROW:  Other (explain in narrative),None Indicated,,Daylight,Dry,Cloudy,None apparent,Non-intersection:  Non-junction/no special feature,Paved,,Possible/Unknown,0,1,0,0,0,1,9000,2,2,,POINT (-93.503094783775 41.671161902792)
2014819409,2014-67831,09/25/2014,09-September,5-Thursday,14:53,1400 Hours,District 6 (East Central),DAVENPORT,SCOTT,,W LOCUST ST & FAIRMOUNT ST,Collision with:  Vehicle in traffic,On Roadway,Rear-end (front to rear),Followed too close,None Indicated,,Daylight,Dry,Clear,None apparent,Intersection:  Four-way intersection,Paved,,Property Damage Only,0,0,0,0,0,0,1500,2,3,,POINT (-90.629851634029 41.538121640299)
2014818529,14-004131,09/25/2014,09-September,5-Thursday,08:20,0800 Hours,District 1 (Central),ANKENY,POLK,,SW MAGAZINE RD & SW CHERRY ST,Collision with:  Vehicle in traffic,On Roadway,Broadside (front to side),FTYROW:  From stop sign,None Indicated,,Daylight,Dry,Cloudy,None apparent,Intersection:  T-intersection,Paved,,Property Damage Only,0,0,0,0,0,0,8000,2,2,,POINT (-93.608331118234 41.717327816708)
2014822947,14-015028,09/25/2014,09-September,5-Thursday,15:52,1500 Hours,District 2 (Northeast),CHARLES CITY,FLOYD,,CLARK ST,Collision with:  Vehicle in traffic,On Roadway,Rear-end (front to rear),Other (explain in narrative):  No improper action,None Indicated,,Daylight,Dry,Clear,None apparent,Non-intersection:  Non-junction/no special feature,Paved,,Possible/Unknown,0,1,0,0,1,0,1300,2,3,,POINT (-92.657705758485 43.057104222535)
2014820154,,09/25/2014,09-September,5-Thursday,15:00,1500 Hours,District 6 (East Central),DE WITT,CLINTON,US 30,US 30/RAMP,Collision with fixed object:  Ditch,Median,Non-collision (single vehicle),Swerving/Evasive Action,Alcohol (Statutory),,Daylight,Dry,Clear,None apparent,Interchange-related:  On-ramp,Paved,,Minor Injury,0,1,0,1,0,0,5000,1,1,,POINT (-90.564317037701 41.808190137893)
2014818533,14-1152,09/25/2014,09-September,5-Thursday,00:01,0000 Hours,District 1 (Central),URBANDALE,POLK,,PRAIRIE AVE & 86TH ST,Collision with:  Vehicle in traffic,On Roadway,Rear-end (front to rear),Other (explain in narrative):  Other,Alcohol (Statutory),,Dark - roadway lighted,Dry,Cloudy,None apparent,Non-intersection:  Non-junction/no special feature,Paved,,Property Damage Only,0,0,0,0,0,0,8600,3,1,,POINT (-93.736518049524 41.63416282595)
2014818797,14-004499,09/25/2014,09-September,5-Thursday,19:30,1900 Hours,District 1 (Central),AMES,STORY,,UNIVERSITY BLVD,Collision with:  Vehicle in traffic,On Roadway,Rear-end (front to rear),Followed too close,None Indicated,,Dark - roadway lighted,Dry,Cloudy,None apparent,Non-intersection:  Non-junction/no special feature,Paved,,Possible/Unknown,0,2,0,0,2,0,2500,3,4,,POINT (-93.639434515136 42.004296513621)
2014818794,14-004488,09/25/2014,09-September,5-Thursday,13:40,1300 Hours,District 1 (Central),AMES,STORY,US 30,US 30,Non-collision events:  Overturn/rollover,On Roadway,Non-collision (single vehicle),Ran off road - right,None Indicated,,Daylight,Dry,Clear,None apparent,Non-intersection:  Non-junction/no special feature,Paved,,Minor Injury,0,1,0,1,0,0,9999,1,1,,POINT (-93.593625072525 42.006118710774)
2014818552,14-2120,09/25/2014,09-September,5-Thursday,08:52,0800 Hours,District 1 (Central),URBANDALE,POLK,,PRAIRIE AVE,Collision with:  Vehicle in traffic,On Roadway,"Angle, oncoming left turn",Made improper turn,None Indicated,,Daylight,Dry,Clear,None apparent,Non-intersection:  Non-junction/no special feature,Paved,,Property Damage Only,0,0,0,0,0,0,3000,2,4,,POINT (-93.715886609525 41.63479756845)
2014820705,2014-72-AC,09/25/2014,09-September,5-Thursday,22:22,2200 Hours,District 3 (Northwest),,DICKINSON,US 71,US 71,Non-collision events:  Other non-collision (explain in narrative),On Roadway,Non-collision (single vehicle),Exceeded authorized speed,None Indicated,,Dark - roadway not lighted,Dry,Clear,None apparent,Non-intersection:  Non-junction/no special feature,Paved,,Major Injury,0,1,1,0,0,0,3000,1,1,,POINT (-95.150154046227 43.292292346592)
2014818601,14-4770,09/25/2014,09-September,5-Thursday,17:18,1700 Hours,District 1 (Central),WEST DES MOINES,POLK,,E P TRUE PKWY & S 29TH ST,Collision with:  Vehicle in traffic,On Roadway,Rear-end (front to rear),Driver Distraction:  Manual operation of an electronic communication device,None Indicated,,Daylight,Dry,Cloudy,None apparent,Intersection:  T-intersection,Paved,,Possible/Unknown,0,1,0,0,1,0,8500,2,4,,POINT (-93.742855009745 41.570143887444)
2014819966,14-19670,09/25/2014,09-September,5-Thursday,11:25,1100 Hours,District 6 (East Central),,SCOTT,US 61,US 61/140 ST & Co Rd Y48/110 AVE,Collision with:  Vehicle in traffic,On Roadway,Broadside (front to side),Ran Traffic Signal,None Indicated,,Daylight,Dry,Clear,None apparent,Intersection:  Four-way intersection,Paved,,Minor Injury,0,1,0,1,0,0,55000,2,3,,POINT (-90.688337943601 41.50848354221)
2014818521,14-023742,09/25/2014,09-September,5-Thursday,08:00,0800 Hours,District 5 (Southeast),,MARION,IA 14,IA 14/IOWA 14 & Co Rd G76/HWY G76,Collision with:  Vehicle in traffic,On Roadway,Broadside (front to side),FTYROW:  From stop sign,None Indicated,,Daylight,Dry,Cloudy,None apparent,Intersection:  Four-way intersection,Paved,,Minor Injury,0,1,0,1,0,0,12000,2,2,,POINT (-93.141231710759 41.204594406864)
2014819233,,09/25/2014,09-September,5-Thursday,13:15,1300 Hours,District 6 (East Central),CEDAR RAPIDS,LINN,IA 922,IA 922/1ST AVE E,Collision with:  Vehicle in traffic,Outside trafficway,Broadside (front to side),Unknown,None Indicated,,Daylight,Dry,Clear,,Non-intersection:  Driveway access (within),Paved,,Property Damage Only,0,0,0,0,0,0,3710,2,3,,POINT (-91.626752767507 42.023143753155)
2014818617,2014-4738,09/25/2014,09-September,5-Thursday,15:37,1500 Hours,District 4 (Southwest),WAUKEE,DALLAS,,WARRIOR LN & LAUREL ST,Collision with:  Vehicle in traffic,On Roadway,Broadside (front to side),Ran Stop Sign,None Indicated,,Daylight,Dry,Cloudy,None apparent,Intersection:  Four-way intersection,Paved,,Possible/Unknown,0,1,0,0,1,0,13700,2,2,,POINT (-93.87220933422 41.613586749733)
2014818600,14-041029,09/25/2014,09-September,5-Thursday,20:03,2000 Hours,District 4 (Southwest),COUNCIL BLUFFS,POTTAWATTAMIE,I-29,I-29,Collision with:  Vehicle in traffic,On Roadway,"Sideswipe, same direction",Unknown,None Indicated,,Dark - roadway not lighted,Dry,Clear,None apparent,Non-intersection:  Other non-intersection (explain in narrative),Paved,,Property Damage Only,0,0,0,0,0,0,7000,2,4,,POINT (-95.835556118553 41.229339083813)
2014818808,14-31851,09/25/2014,09-September,5-Thursday,15:14,1500 Hours,District 3 (Northwest),SIOUX CITY,WOODBURY,,COOK DR & HAMILTON BLVD & W 28TH ST,Collision with:  Vehicle in traffic,On Roadway,Rear-end (front to rear),Followed too close,None Indicated,,Daylight,Dry,Clear,None apparent,Intersection:  Four-way intersection,Paved,,Property Damage Only,0,0,0,0,0,0,4700,2,3,,POINT (-96.417642350764 42.518791534897)
2014818569,CL14003415,09/25/2014,09-September,5-Thursday,16:14,1600 Hours,District 6 (East Central),CLINTON,CLINTON,US 67,US 67/MAIN AVE/N 3RD ST & IA 136,Collision with:  Vehicle in traffic,On Roadway,"Angle, oncoming left turn",FTYROW:  Making left turn,None Indicated,,Daylight,Dry,Cloudy,None apparent,Intersection:  Four-way intersection,Paved,,Possible/Unknown,0,1,0,0,1,0,9000,2,3,,POINT (-90.183474308473 41.873441834159)
2014819916,14-002218,09/25/2014,09-September,5-Thursday,18:00,1800 Hours,District 1 (Central),ALTOONA,POLK,,8TH ST SW & 34TH AVE SW,Collision with:  Vehicle in traffic,On Roadway,Rear-end (front to rear),FTYROW:  Other (explain in narrative),None Indicated,,Daylight,Dry,Cloudy,None apparent,Intersection:  Four-way intersection,Paved,,Property Damage Only,0,0,0,0,0,0,2000,2,6,,POINT (-93.50312454925 41.644122262055)
2014818638,,09/25/2014,09-September,5-Thursday,07:15,0700 Hours,District 6 (East Central),CEDAR RAPIDS,LINN,US 30,US 30/LINCOLN FWY & EAST RD SW,Collision with:  Vehicle in traffic,On Roadway,"Sideswipe, same direction",Unknown,None Indicated,,Daylight,Dry,Cloudy,,Intersection:  T-intersection,Paved,,Property Damage Only,0,0,0,0,0,0,4481,2,2,,POINT (-91.624571537488 41.926442624519)
2014818594,14-5902,09/25/2014,09-September,5-Thursday,16:05,1600 Hours,District 3 (Northwest),CHEROKEE,CHEROKEE,,E RIDGEVIEW DR & E INDIAN ST,Collision with:  Vehicle in traffic,On Roadway,Unknown,FTYROW:  From stop sign,None Indicated,,Daylight,Dry,Clear,None apparent,Unknown,Paved,,Property Damage Only,0,0,0,0,0,0,4200,2,5,,POINT (-95.548165804381 42.764117233675)
2014819567,2014055347,09/25/2014,09-September,5-Thursday,19:50,1900 Hours,District 6 (East Central),,DELAWARE,US 20,US 20,Collision with:  Animal,,,Animal,None Indicated,,,,,,,Paved,,Property Damage Only,0,0,0,0,0,0,5000,1,1,,POINT (-91.568757101258 42.464125843324)
2014819770,2014-20891,09/25/2014,09-September,5-Thursday,07:36,0700 Hours,District 5 (Southeast),NORWALK,WARREN,US 65,US 65 & 160TH AVE,Collision with:  Vehicle in traffic,On Roadway,"Angle, oncoming left turn",FTYROW:  Making left turn,None Indicated,,Daylight,Dry,Cloudy,None apparent,Intersection:  Other intersection (explain in narrative),Paved,,Major Injury,0,1,1,0,0,0,18000,2,4,,POINT (-93.500778548759 41.207429568385)
2014820011,2014-038106,09/25/2014,09-September,5-Thursday,17:02,1700 Hours,District 6 (East Central),DUBUQUE,DUBUQUE,,KNOB HILL DR & FREMONT AVE,Collision with:  Vehicle in traffic,On Roadway,Rear-end (front to rear),Lost Control,None Indicated,,Daylight,Dry,Clear,None apparent,Non-intersection:  Non-junction/no special feature,Paved,,Minor Injury,0,1,0,1,0,0,8000,2,3,,POINT (-90.70155540619 42.476019123156)
2014818630,,09/25/2014,09-September,5-Thursday,11:37,1100 Hours,District 6 (East Central),CAMANCHE,CLINTON,,WASHINGTON BLVD,Collision with:  Vehicle in traffic,On Roadway,Rear-end (front to rear),Followed too close,None Indicated,,Daylight,Dry,"Blowing sand, soil, dirt",None apparent,Non-intersection:  Non-junction/no special feature,Paved,,Property Damage Only,0,0,0,0,0,0,28500,3,3,,POINT (-90.251289902433 41.791269509608)
2014820043,14012829,09/25/2014,09-September,5-Thursday,13:18,1300 Hours,District 4 (Southwest),,MILLS,,Co Rd L45/LEVI RD,Collision with fixed object:  Ditch,On Roadway,Non-collision (single vehicle),Crossed centerline (undivided),None Indicated,,Daylight,Dry,Clear,None apparent,Non-intersection:  Non-junction/no special feature,Paved,,Possible/Unknown,0,1,0,0,1,0,3000,1,2,,POINT (-95.737294351345 40.978172092008)
2014819234,,09/25/2014,09-September,5-Thursday,20:30,2000 Hours,District 6 (East Central),,JOHNSON,,,Collision with:  Animal,On Roadway,Non-collision (single vehicle),Animal,None Indicated,,Dark - roadway not lighted,Dry,Clear,,Non-intersection:  Non-junction/no special feature,,,Property Damage Only,0,0,0,0,0,0,4000,1,2,,POINT (-96.643700149993 40.233091251414)
2014818439,14-040972,09/25/2014,09-September,5-Thursday,13:45,1300 Hours,District 4 (Southwest),COUNCIL BLUFFS,POTTAWATTAMIE,US 6,US 6/W BROADWAY & N 18TH ST,Collision with:  Vehicle in traffic,On Roadway,"Angle, oncoming left turn",Unknown,None Indicated,,Daylight,Dry,Clear,None apparent,Non-intersection:  Driveway access (within),Paved,,Property Damage Only,0,0,0,0,0,0,5000,2,2,,POINT (-95.870801161241 41.261851650412)
2014818968,2014055277,09/25/2014,09-September,5-Thursday,13:00,1300 Hours,District 1 (Central),DES MOINES,POLK,IA 415,IA 415/2ND AVE,Collision with:  Vehicle in traffic,On Roadway,Rear-end (front to rear),Other (explain in narrative):  Other,None Indicated,,Daylight,Dry,Clear,None apparent,Non-intersection:  Non-junction/no special feature,Paved,,Property Damage Only,0,0,0,0,0,0,2500,2,2,,POINT (-93.620310597214 41.66041098802)
2014818933,SO14-1172,09/26/2014,09-September,6-Friday,08:21,0800 Hours,District 2 (Northeast),,WRIGHT,,Co Rd R27/FRANKLIN AVE,Collision with fixed object:  Ditch,On Roadway,Non-collision (single vehicle),Ran off road - right,None Indicated,,Daylight,Dry,Clear,None apparent,Non-intersection:  Non-junction/no special feature,Paved,,Property Damage Only,0,0,0,0,0,0,2600,1,1,,POINT (-93.873007765648 42.590829008587)
2014835370,14-00919,09/26/2014,09-September,6-Friday,16:54,1600 Hours,District 1 (Central),TOLEDO,TAMA,US 30,US 30 & BROADWAY ST,Collision with:  Vehicle in traffic,On Roadway,Broadside (front to side),FTYROW:  From stop sign,None Indicated,,Daylight,Dry,Clear,None apparent,Intersection:  Other intersection (explain in narrative),Paved,,Property Damage Only,0,0,0,0,0,0,10000,2,3,,POINT (-92.578443365577 41.982345467837)
2014820875,2014-038130,09/26/2014,09-September,6-Friday,10:29,1000 Hours,District 6 (East Central),DUBUQUE,DUBUQUE,US 52,US 52/CENTRAL AVE & E 20TH ST,Collision with:  Vehicle in traffic,On Roadway,Rear-end (front to rear),Ran Traffic Signal,None Indicated,,Daylight,Dry,Clear,None apparent,Intersection:  T-intersection,Paved,,Property Damage Only,0,0,0,0,0,0,1800,2,2,,POINT (-90.66993233246 42.511248090284)
2014821168,2014-038153,09/26/2014,09-September,6-Friday,18:25,1800 Hours,District 6 (East Central),DUBUQUE,DUBUQUE,US 61,US 61,Collision with:  Vehicle in traffic,On Roadway,"Sideswipe, same direction",Improper or erratic lane changing,None Indicated,,Daylight,Dry,Clear,None apparent,Non-intersection:  Other non-intersection (explain in narrative),Paved,,Property Damage Only,0,0,0,0,0,0,2500,2,5,,POINT (-90.677780854527 42.454755479889)
2014818931,14096735,09/26/2014,09-September,6-Friday,18:09,1800 Hours,District 2 (Northeast),CEDAR FALLS,BLACK HAWK,,S FRONTAGE RD & VALLEY PARK DR,Collision with:  Vehicle in traffic,On Roadway,"Angle, oncoming left turn",FTYROW:  Making left turn,None Indicated,,Daylight,Dry,Cloudy,None apparent,Intersection:  Other intersection (explain in narrative),Paved,,Property Damage Only,0,0,0,0,0,0,1600,2,7,,POINT (-92.436819462318 42.512790732844)
2014821167,2014-038151,09/26/2014,09-September,6-Friday,17:55,1700 Hours,District 6 (East Central),DUBUQUE,DUBUQUE,,E 15TH ST,Collision with:  Vehicle in traffic,On Roadway,Rear-end (front to rear),Followed too close,None Indicated,,Daylight,Dry,Cloudy,None apparent,Non-intersection:  Railroad grade crossing,Paved,,Possible/Unknown,0,1,0,0,0,1,3000,2,2,,POINT (-90.663287191526 42.508618278277)
2014818490,W14-096585,09/26/2014,09-September,6-Friday,10:34,1000 Hours,District 2 (Northeast),WATERLOO,BLACK HAWK,,SAGER AVE & DOREEN AVE,Collision with:  Vehicle in traffic,On Roadway,Broadside (front to side),FTYROW:  From yield sign,None Indicated,,Daylight,Dry,Clear,None apparent,Intersection:  Four-way intersection,Paved,,Minor Injury,0,2,0,2,0,0,14817,2,2,,POINT (-92.384898865383 42.496979763724)
2014819992,14-18731,09/26/2014,09-September,6-Friday,13:24,1300 Hours,District 6 (East Central),BETTENDORF,SCOTT,,MIDDLE RD & FOREST GROVE DR,Collision with:  Vehicle in traffic,On Roadway,Broadside (front to side),FTYROW:  From stop sign,None Indicated,,Daylight,Dry,Clear,None apparent,Intersection:  Four-way intersection,Paved,,Property Damage Only,0,0,0,0,0,0,3500,2,5,,POINT (-90.459529761103 41.590069706455)
2014825990,201414333,09/26/2014,09-September,6-Friday,21:44,2100 Hours,District 6 (East Central),CEDAR RAPIDS,LINN,,C ST SW,Collision with fixed object:  Ditch,Shoulder,Non-collision (single vehicle),Ran off road - right,Alcohol (Statutory),,Dark - roadway not lighted,Dry,Clear,None apparent,Non-intersection:  Non-junction/no special feature,Paved,,Major Injury,0,1,1,0,0,0,5000,1,1,,POINT (-91.641454212517 41.950970176006)
2014819627,14-007013,09/26/2014,09-September,6-Friday,10:00,1000 Hours,District 3 (Northwest),EMMETSBURG,PALO ALTO,,GRAND AVE,Collision with:  Vehicle in traffic,On Roadway,Broadside (front to side),FTYROW:  From driveway,None Indicated,,Daylight,Dry,Clear,None apparent,Non-intersection:  Driveway access (within),Paved,,Property Damage Only,0,0,0,0,0,0,5300,2,2,,POINT (-94.676271277144 43.108848420848)
2014884721,2014055459,09/26/2014,09-September,6-Friday,12:18,1200 Hours,District 1 (Central),,POLK,I-80,I-80,Collision with fixed object:  Concrete traffic barrier (median or right side),Median,Non-collision (single vehicle),Swerving/Evasive Action,None Indicated,,Daylight,Dry,Cloudy,None apparent,Non-intersection:  Non-junction/no special feature,Paved,,Possible/Unknown,0,1,0,0,1,0,10500,1,1,,POINT (-93.547224850531 41.656296625038)
2014818937,14-008383,09/26/2014,09-September,6-Friday,09:14,0900 Hours,District 6 (East Central),MANCHESTER,DELAWARE,,E MAIN ST & S TAMA ST & N TAMA ST,Collision with:  Vehicle in traffic,On Roadway,"Sideswipe, same direction",Made improper turn,None Indicated,,Daylight,Dry,Clear,None apparent,Intersection:  Four-way intersection,Paved,,Property Damage Only,0,0,0,0,0,0,5500,2,2,,POINT (-91.45545547903 42.483989086725)
2014818895,N140000519,09/26/2014,09-September,6-Friday,17:34,1700 Hours,District 6 (East Central),NORTH LIBERTY,JOHNSON,,PENN ST & STEWART ST & N DUBUQUE ST,Collision with:  Vehicle in traffic,On Roadway,Rear-end (front to rear),Unknown,None Indicated,,Daylight,Dry,Clear,None apparent,Intersection:  Four-way intersection,Paved,,Possible/Unknown,0,1,0,0,1,0,1400,2,3,,POINT (-91.602151882024 41.752109881921)
2014821277,2014-68046,09/26/2014,09-September,6-Friday,08:08,0800 Hours,District 6 (East Central),DAVENPORT,SCOTT,,W 16TH ST & MAIN ST,Collision with:  Vehicle in traffic,On Roadway,Broadside (front to side),FTYROW:  From stop sign,None Indicated,,Daylight,Dry,Clear,None apparent,Intersection:  Four-way intersection,Paved,,Property Damage Only,0,0,0,0,0,0,2000,2,3,,POINT (-90.575537722629 41.535880944743)
2014818729,20140028543,09/26/2014,09-September,6-Friday,14:57,1400 Hours,District 1 (Central),DES MOINES,POLK,,50TH ST,Collision with:  Vehicle in traffic,On Roadway,Rear-end (front to rear),Followed too close,None Indicated,,Daylight,Dry,Clear,None apparent,Non-intersection:  Non-junction/no special feature,Paved,,Possible/Unknown,0,1,0,0,1,0,2500,3,4,,POINT (-93.687705933233 41.628952831089)
2014818860,S14-003823,09/26/2014,09-September,6-Friday,20:12,2000 Hours,District 4 (Southwest),,POTTAWATTAMIE,,Co Rd M47/500TH ST & COTTONWOOD RD,Collision with:  Animal,,,Animal,None Indicated,,,,,,,Paved,,Property Damage Only,0,0,0,0,0,0,7000,1,1,,POINT (-95.232167174408 41.245381671733)
2014818688,14020251,09/26/2014,09-September,6-Friday,17:48,1700 Hours,District 6 (East Central),MARION,LINN,,7TH AVE & 7TH ST,Collision with:  Vehicle in traffic,On Roadway,"Angle, oncoming left turn",FTYROW:  Making left turn,None Indicated,,Daylight,Dry,Cloudy,None apparent,Intersection:  Four-way intersection,Paved,,Property Damage Only,0,0,0,0,0,0,11000,2,2,,POINT (-91.602783126714 42.033319800987)
2014909182,089-14,09/26/2014,09-September,6-Friday,17:39,1700 Hours,District 4 (Southwest),,MADISON,,Co Rd P69/CARVER RD,Collision with fixed object:  Ditch,On Roadway,Non-collision (single vehicle),Ran off road - right,None Indicated,,Daylight,"Mud, dirt",Clear,None apparent,Non-intersection:  Non-junction/no special feature,Unpaved,,Property Damage Only,0,0,0,0,0,0,5500,1,1,,POINT (-94.037256421946 41.305831514557)
2014818829,14-4795,09/26/2014,09-September,6-Friday,21:11,2100 Hours,District 1 (Central),WEST DES MOINES,POLK,,NW 90TH ST & UNIVERSITY AVE & 28TH ST,Collision with:  Vehicle in traffic,On Roadway,Rear-end (front to rear),Followed too close,None Indicated,,Dark - roadway lighted,Dry,Clear,None apparent,Intersection:  Four-way intersection,Paved,,Possible/Unknown,0,2,0,0,2,0,5500,2,3,,POINT (-93.742350563829 41.600456469852)
2014818586,2014-20978,09/26/2014,09-September,6-Friday,03:30,0300 Hours,District 5 (Southeast),,WARREN,IA 92,IA 92/IOWA 92,Collision with:  Animal,,,Animal,None Indicated,,,,,,,Paved,,Property Damage Only,0,0,0,0,0,0,5000,1,1,,POINT (-93.664537908891 41.361903006558)
2014819568,2014055599,09/26/2014,09-September,6-Friday,10:25,1000 Hours,District 3 (Northwest),,MONONA,I-29,I-29,Collision with:  Animal,,Non-collision (single vehicle),Animal,None Indicated,,,,,,,Paved,,Property Damage Only,0,0,0,0,0,0,2500,1,1,,POINT (-96.164565140774 42.066142696647)
2014819605,2014055579,09/26/2014,09-September,6-Friday,19:11,1900 Hours,District 6 (East Central),,SCOTT,IA 130,IA 130/NEW LIBERTY RD,Collision with fixed object:  Ditch,Shoulder,Non-collision (single vehicle),Ran off road - right,None Indicated,,Dusk,Dry,Clear,None apparent,Non-intersection:  Non-junction/no special feature,Paved,,Major Injury,0,2,1,1,0,0,10000,1,2,,POINT (-90.843076671 41.693810228096)
2014820272,2014-68086,09/26/2014,09-September,6-Friday,10:48,1000 Hours,District 6 (East Central),DAVENPORT,SCOTT,I-280,I-280 & US 61/140 ST,Collision with:  Vehicle in traffic,On Roadway,Rear-end (front to rear),Lost Control,None Indicated,,Daylight,Dry,Clear,None apparent,Interchange-related:  Off-ramp,Paved,,Property Damage Only,0,0,0,0,0,0,2000,2,2,,POINT (-90.674249946375 41.509082006429)
2014818938,14-008388,09/26/2014,09-September,6-Friday,12:55,1200 Hours,District 6 (East Central),MANCHESTER,DELAWARE,,S MADISON ST,Collision with:  Vehicle in traffic,On Roadway,Rear-end (front to rear),Improper Backing,None Indicated,,Daylight,Dry,Clear,None apparent,Non-intersection:  Alley,Paved,,Property Damage Only,0,0,0,0,0,0,3000,2,2,,POINT (-91.456671339761 42.483528171775)
2014835161,14005573,09/26/2014,09-September,6-Friday,06:46,0600 Hours,District 2 (Northeast),FOREST CITY,HANCOCK,,320TH ST,Collision with:  Vehicle in traffic,On Roadway,"Sideswipe, opposite direction",Crossed centerline (undivided),None Indicated,,Dawn,"Mud, dirt",Clear,None apparent,Non-intersection:  Non-junction/no special feature,Unpaved,,Property Damage Only,0,0,0,0,0,0,5500,2,4,,POINT (-93.644978955562 43.227349599341)
2014819065,14-32019,09/26/2014,09-September,6-Friday,18:02,1800 Hours,District 3 (Northwest),SIOUX CITY,WOODBURY,,HAMILTON BLVD,Collision with:  Vehicle in traffic,On Roadway,Rear-end (front to rear),Followed too close,None Indicated,,Daylight,Dry,Clear,None apparent,Non-intersection:  Non-junction/no special feature,Paved,,Possible/Unknown,0,2,0,0,2,0,1300,2,3,,POINT (-96.407492377166 42.54298291777)
2014820393,,09/26/2014,09-September,6-Friday,02:00,0200 Hours,District 5 (Southeast),,VAN BUREN,,Co Rd J40/RTE J40,Collision with fixed object:  Guardrail - face,On Roadway,Non-collision (single vehicle),Unknown,None Indicated,,Dark - roadway not lighted,"Mud, dirt","Fog, smoke, smog",,Non-intersection:  Non-junction/no special feature,Paved,,Property Damage Only,0,0,0,0,0,0,5000,1,1,,POINT (-92.004591638222 40.736110798686)
2014819039,14-001338,09/26/2014,09-September,6-Friday,06:45,0600 Hours,District 1 (Central),AMES,STORY,,MORTENSON RD & STATE AVE,Collision with:  Vehicle in traffic,On Roadway,"Angle, oncoming left turn",Ran Stop Sign,None Indicated,,Dawn,Dry,Clear,None apparent,Intersection:  Four-way intersection,Paved,,Property Damage Only,0,0,0,0,0,0,4500,2,2,,POINT (-93.658954327834 42.011886753909)