Iowa DOT Case Number,Law Enforcement Case Number,Date of Crash,Month of Crash,Day of Week,Time of Crash,Hour,DOT District,City Name,County Name,Route with System,Location Description,First Harmful Event,Location of First Harmful Event,Manner of Crash/Collision,Major Cause,Drug or Alcohol ,Environmental Conditions,Light Conditions,Surface Conditions,Weather Conditions,Roadway Contribution,Roadway Type,Roadway Surface,Work Zone,Crash Severity,Number of Fatalities,Number of Injuries,Number of Major Injuries,Number of Minor Injuries,Number of Possible Injuries,Number of Unknown Injuries,Amount of Property Damage,Number of Vehicles Involved,Total Number of Occupants,Travel Direction,Location
2014818773,14-0842,09/26/2014,09-September,6-Friday,15:59,1500 Hours,District 1 (Central),WINDSOR HEIGHTS,POLK,I-235,I-235,Collision with:  Vehicle in traffic,On Roadway,Rear-end (front to rear),Followed too close,None Indicated,,Daylight,Dry,Clear,None apparent,Non-intersection:  Other non-intersection (explain in narrative),Paved,,Property Damage Only,0,0,0,0,0,0,8000,2,2,,POINT (-93.712032690553 41.593334381851)
2014818540,20140028529,09/26/2014,09-September,6-Friday,12:53,1200 Hours,District 1 (Central),DES MOINES,POLK,US 6,US 6/DOUGLAS AVE & BEAVER AVE,Collision with:  Vehicle in traffic,On Roadway,Head-on (front to front),FTYROW:  Making left turn,None Indicated,,Daylight,Dry,Cloudy,None apparent,Intersection:  Four-way intersection,Paved,,Property Damage Only,0,0,0,0,0,0,14500,3,3,,POINT (-93.678023017243 41.629451704409)
2014818830,14-010695,09/26/2014,09-September,6-Friday,17:17,1700 Hours,District 5 (Southeast),CORYDON,WAYNE,IA 2,IA 2/JEFFERSON ST & FRANKLIN ST,Collision with fixed object:  Utility pole/light support,Outside trafficway,Non-collision (single vehicle),Other (explain in narrative):  No improper action,None Indicated,,Daylight,Dry,Clear,None apparent,Intersection:  Four-way intersection,Paved,,Property Damage Only,0,0,0,0,0,0,2000,1,2,,POINT (-93.31888599611 40.75718711789)
2014825027,14-1518,09/26/2014,09-September,6-Friday,18:38,1800 Hours,District 1 (Central),,GREENE,IA 25,IA 25/E AVE & Co Rd E63/330TH,Collision with:  Vehicle in traffic,On Roadway,"Angle, oncoming left turn",Crossed centerline (undivided),None Indicated,,Daylight,Unknown,Cloudy,None apparent,Intersection:  Four-way intersection,Paved,,Minor Injury,0,2,0,2,0,0,25500,3,5,,POINT (-94.551631504709 41.877668941848)
2014820634,14016893,09/26/2014,09-September,6-Friday,13:01,1300 Hours,District 2 (Northeast),MASON CITY,CERRO GORDO,IA 122,IA 122/4TH ST SW & S GROVER AVE,Collision with:  Vehicle in traffic,On Roadway,Rear-end (front to rear),Other (explain in narrative):  Other,None Indicated,,Daylight,Dry,Clear,None apparent,Non-intersection:  Non-junction/no special feature,Paved,,Property Damage Only,0,0,0,0,0,0,3000,2,2,,POINT (-93.233729527104 43.148399203597)
2014819209,2014055529,09/26/2014,09-September,6-Friday,14:33,1400 Hours,District 6 (East Central),,IOWA,I-80,I-80,Collision with:  Vehicle in traffic,On Roadway,"Sideswipe, same direction",Equipment failure,None Indicated,,Daylight,Dry,Clear,None apparent,Non-intersection:  Non-junction/no special feature,Paved,,Property Damage Only,0,0,0,0,0,0,10500,2,2,,POINT (-91.948370597546 41.687384220617)
2014818776,14-002226,09/26/2014,09-September,6-Friday,22:15,2200 Hours,District 1 (Central),ALTOONA,POLK,,8TH ST SW & 28TH AVE SW,Collision with:  Vehicle in traffic,On Roadway,Broadside (front to side),FTYROW:  Making right turn on red signal,Alcohol (Statutory),,Dark - roadway lighted,Dry,Clear,None apparent,Non-intersection:  Non-junction/no special feature,Paved,,Property Damage Only,0,0,0,0,0,0,3000,2,2,,POINT (-93.498069352909 41.644144276747)
2014819182,2014010775,09/26/2014,09-September,6-Friday,17:46,1700 Hours,District 6 (East Central),IOWA CITY,JOHNSON,,CARROLL ST,Collision with:  Vehicle in traffic,On Roadway,Rear-end (front to rear),Unknown,None Indicated,,Daylight,Dry,Clear,None apparent,Non-intersection:  Non-junction/no special feature,Paved,,Property Damage Only,0,0,0,0,0,0,2000,2,1,,POINT (-91.525040569316 41.646486761928)
2014818819,14-4790,09/26/2014,09-September,6-Friday,16:49,1600 Hours,District 1 (Central),WEST DES MOINES,POLK,,GRAND AVE,Collision with:  Vehicle in traffic,On Roadway,Broadside (front to side),Made improper turn,None Indicated,,Daylight,Dry,Clear,Work Zone (roadway-related),Non-intersection:  Non-junction/no special feature,Paved,Yes,Minor Injury,0,1,0,1,0,0,4500,2,2,,POINT (-93.782647237332 41.540939567842)
2014818876,CL14003419,09/26/2014,09-September,6-Friday,06:40,0600 Hours,District 6 (East Central),CLINTON,CLINTON,US 30,US 30/LINCOLN WAY,Collision with:  Animal,,,Animal,None Indicated,,,,,,,Paved,,Property Damage Only,0,0,0,0,0,0,1500,1,1,,POINT (-90.251083627123 41.815508202795)
2014819324,2014-68144,09/26/2014,09-September,6-Friday,15:35,1500 Hours,District 6 (East Central),DAVENPORT,SCOTT,,W LOCUST ST & WARREN ST,Collision with:  Vehicle in traffic,On Roadway,"Angle, oncoming left turn",FTYROW:  Making left turn,None Indicated,,Daylight,Dry,Clear,None apparent,Intersection:  Four-way intersection,Paved,,Property Damage Only,0,0,0,0,0,0,4000,2,2,,POINT (-90.585721249808 41.538274866874)
2014818611,2014010762,09/26/2014,09-September,6-Friday,12:24,1200 Hours,District 6 (East Central),IOWA CITY,JOHNSON,IA 1,IA 1/IOWA 1,Collision with:  Vehicle in traffic,On Roadway,"Sideswipe, same direction",Improper or erratic lane changing,None Indicated,,Daylight,Dry,Clear,None apparent,Non-intersection:  Non-junction/no special feature,Paved,,Property Damage Only,0,0,0,0,0,0,5000,2,5,,POINT (-91.543282688064 41.647467009616)
2014818774,14-0843,09/26/2014,09-September,6-Friday,16:03,1600 Hours,District 1 (Central),WINDSOR HEIGHTS,POLK,I-235,I-235,Collision with:  Vehicle in traffic,On Roadway,Rear-end (front to rear),Driving too fast for conditions,None Indicated,,Daylight,Dry,Clear,None apparent,Non-intersection:  Non-junction/no special feature,Paved,,Property Damage Only,0,0,0,0,0,0,3300,3,4,,POINT (-93.706656436959 41.593250459902)
2014819061,14-31995,09/26/2014,09-September,6-Friday,15:01,1500 Hours,District 3 (Northwest),SIOUX CITY,WOODBURY,,W 22ND ST & HAMILTON BLVD,Collision with:  Vehicle in traffic,On Roadway,Broadside (front to side),Ran Traffic Signal,None Indicated,,Daylight,Dry,Cloudy,None apparent,Intersection:  Four-way intersection,Paved,,Possible/Unknown,0,3,0,0,3,0,8000,2,4,,POINT (-96.41679246469 42.51325215638)
2014819325,2014-68203,09/26/2014,09-September,6-Friday,18:43,1800 Hours,District 6 (East Central),DAVENPORT,SCOTT,,IA 461/BRADY ST,Collision with:  Vehicle in traffic,On Roadway,Rear-end (front to rear),Other (explain in narrative):  Other,None Indicated,,Dark - roadway lighted,Dry,Clear,None apparent,Non-intersection:  Non-junction/no special feature,Paved,,Property Damage Only,0,0,0,0,0,0,9000,3,4,,POINT (-90.568339198886 41.559397661947)
2014819060,14-31986,09/26/2014,09-September,6-Friday,13:15,1300 Hours,District 3 (Northwest),SIOUX CITY,WOODBURY,,GLENN AVE & S ALICE ST,Collision with:  Vehicle in traffic,On Roadway,Rear-end (front to rear),Followed too close,None Indicated,,Daylight,Dry,Clear,None apparent,Intersection:  Four-way intersection,Paved,,Possible/Unknown,0,2,0,0,2,0,900,2,3,,POINT (-96.36943729308 42.465302112857)
2014818948,14-041178,09/26/2014,09-September,6-Friday,20:16,2000 Hours,District 4 (Southwest),COUNCIL BLUFFS,POTTAWATTAMIE,,BLUFF ST,Collision with:  Non-motorist (see non-motorist section - NOT a unit),On Roadway,Non-collision (single vehicle),Other (explain in narrative):  No improper action,None Indicated,,Dark - roadway lighted,Dry,Clear,None apparent,Non-intersection:  Non-junction/no special feature,Paved,,Minor Injury,0,1,0,1,0,0,5,1,1,,POINT (-95.848205364924 41.258801756125)
2014818930,14096681,09/26/2014,09-September,6-Friday,15:52,1500 Hours,District 2 (Northeast),CEDAR FALLS,BLACK HAWK,,12TH ST & WALNUT ST,Collision with:  Vehicle in traffic,On Roadway,Broadside (front to side),FTYROW:  From stop sign,None Indicated,,Daylight,Dry,Cloudy,None apparent,Intersection:  Four-way intersection,Paved,,Property Damage Only,0,0,0,0,0,0,4000,2,2,,POINT (-92.453427620461 42.527658688909)
2014818798,14-004512,09/26/2014,09-September,6-Friday,11:00,1100 Hours,District 1 (Central),AMES,STORY,,LINCOLN WAY & BORNE AVE,Collision with:  Vehicle in traffic,On Roadway,Rear-end (front to rear),Followed too close,None Indicated,,Daylight,Dry,Clear,None apparent,Non-intersection:  Non-junction/no special feature,Paved,,Possible/Unknown,0,1,0,0,0,1,2600,2,2,,POINT (-93.605424772767 42.022845369102)
2014818647,W14-096564,09/26/2014,09-September,6-Friday,09:10,0900 Hours,District 2 (Northeast),WATERLOO,BLACK HAWK,,E SAN MARNAN DR & LOWES BLVD,Collision with:  Vehicle in traffic,On Roadway,"Sideswipe, same direction",Other (explain in narrative):  Other,None Indicated,,Daylight,Dry,Clear,Work Zone (roadway-related),Non-intersection:  Non-junction/no special feature,Paved,Yes,Property Damage Only,0,0,0,0,0,0,2350,2,2,,POINT (-92.349250413668 42.457355219454)
2014818604,14-19717,09/26/2014,09-September,6-Friday,03:51,0300 Hours,District 6 (East Central),DAVENPORT,SCOTT,I-80,I-80,Collision with:  Animal,,,Animal,None Indicated,,,,,,,Paved,,Property Damage Only,0,0,0,0,0,0,6200,1,1,,POINT (-90.546554430377 41.595428304947)
2014819062,14-32009,09/26/2014,09-September,6-Friday,16:59,1600 Hours,District 3 (Northwest),SIOUX CITY,WOODBURY,,13TH ST & DOUGLAS ST,Collision with:  Vehicle in traffic,On Roadway,Broadside (front to side),FTYROW:  From stop sign,None Indicated,,Daylight,Dry,Clear,None apparent,Intersection:  Four-way intersection,Paved,,Possible/Unknown,0,1,0,0,1,0,5500,2,3,,POINT (-96.406540098263 42.5039949801)
2014819208,2014055525,09/26/2014,09-September,6-Friday,14:58,1400 Hours,District 1 (Central),GRIMES,POLK,IA 141,IA 141/IOWA 141,Collision with:  Vehicle in traffic,On Roadway,Rear-end (front to rear),Swerving/Evasive Action,None Indicated,,Daylight,Dry,Cloudy,Work Zone (roadway-related),Non-intersection:  Non-junction/no special feature,Paved,Yes,Property Damage Only,0,0,0,0,0,0,11500,3,3,,POINT (-93.774805387928 41.680252704843)
2014818651,092614-75,09/26/2014,09-September,6-Friday,09:58,0900 Hours,District 3 (Northwest),STORM LAKE,BUENA VISTA,,LAKE AVE & W 10TH ST & E 10TH ST,Collision with:  Vehicle in traffic,On Roadway,Broadside (front to side),Other (explain in narrative):  Other,None Indicated,,Daylight,Dry,Clear,None apparent,Intersection:  Four-way intersection,Paved,,Possible/Unknown,0,1,0,0,1,0,3000,2,3,,POINT (-95.200824419019 42.651070176185)
2014818537,20140028519,09/26/2014,09-September,6-Friday,11:30,1100 Hours,District 1 (Central),DES MOINES,POLK,US 69,US 69/E 14TH ST,Collision with:  Vehicle in traffic,On Roadway,"Sideswipe, same direction",Other (explain in narrative):  Other,None Indicated,,Daylight,Dry,Clear,None apparent,Non-intersection:  Non-junction/no special feature,Paved,,Property Damage Only,0,0,0,0,0,0,6000,2,3,,POINT (-93.600535760914 41.60686921577)
2014818713,14-004166,09/26/2014,09-September,6-Friday,15:40,1500 Hours,District 1 (Central),ANKENY,POLK,US 69,US 69/S ANKENY BLVD & SW SOUTHLAWN DR & SE EAST LAWN DR,Collision with:  Vehicle in traffic,On Roadway,"Angle, oncoming left turn",FTYROW:  Making left turn,None Indicated,,Daylight,Dry,Clear,None apparent,Intersection:  Four-way intersection,Paved,,Property Damage Only,0,0,0,0,0,0,12500,2,2,,POINT (-93.600408832759 41.725070509367)
2014819059,14-31968,09/26/2014,09-September,6-Friday,11:23,1100 Hours,District 3 (Northwest),SIOUX CITY,WOODBURY,IA 376,IA 376/LEWIS BLVD & OUTER DR N,Collision with:  Vehicle in traffic,On Roadway,Rear-end (front to rear),Other (explain in narrative):  Other,None Indicated,,Daylight,Dry,Clear,None apparent,Intersection:  Four-way intersection,Paved,,Possible/Unknown,0,2,0,0,2,0,1750,2,2,,POINT (-96.361331559722 42.52986862369)
2014818715,14-004155,09/26/2014,09-September,6-Friday,08:35,0800 Hours,District 1 (Central),ANKENY,POLK,,SE SHURFINE DR & SE DELAWARE AVE,Collision with:  Vehicle in traffic,On Roadway,Broadside (front to side),Ran Traffic Signal,None Indicated,,Daylight,Dry,Clear,None apparent,Intersection:  Four-way intersection,Paved,,Property Damage Only,0,0,0,0,0,0,7000,2,2,,POINT (-93.581176954139 41.712280290912)
2014819767,14-001190,09/26/2014,09-September,6-Friday,23:55,2300 Hours,District 1 (Central),JOHNSTON,POLK,,NW 86TH ST,Collision with:  Vehicle in traffic,On Roadway,Rear-end (front to rear),Swerving/Evasive Action,None Indicated,,Dark - roadway not lighted,Dry,Clear,None apparent,Non-intersection:  Non-junction/no special feature,Paved,,Property Damage Only,0,0,0,0,0,0,2500,2,3,,POINT (-93.73646193882 41.677730628839)
2014820315,14-001122,09/26/2014,09-September,6-Friday,10:22,1000 Hours,District 1 (Central),,STORY,US 69,US 69,Collision with:  Vehicle in traffic,On Roadway,Rear-end (front to rear),Followed too close,None Indicated,,Daylight,Dry,Clear,None apparent,Intersection:  T-intersection,Paved,,Property Damage Only,0,0,0,0,0,0,5500,2,4,,POINT (-93.610159811584 41.981146711373)
2014820378,,09/26/2014,09-September,6-Friday,15:57,1500 Hours,District 6 (East Central),BELLEVUE,JACKSON,US 52,US 52/1ST ST,Collision with:  Parked motor vehicle,Roadside,"Sideswipe, same direction",Unknown,None Indicated,,Daylight,Dry,Clear,None apparent,Non-intersection:  Non-junction/no special feature,Paved,,Property Damage Only,0,0,0,0,0,0,8000,2,2,,POINT (-90.423329825281 42.25933988063)
2014818753,20140028586,09/26/2014,09-September,6-Friday,21:30,2100 Hours,District 1 (Central),DES MOINES,POLK,,GRAND AVE & 5TH AVE,Collision with:  Vehicle in traffic,On Roadway,"Angle, oncoming left turn",FTYROW:  Making left turn,None Indicated,,Dark - roadway lighted,Dry,Clear,None apparent,Non-intersection:  Driveway access (within),Paved,,Property Damage Only,0,0,0,0,0,0,2100,2,2,,POINT (-93.624080128583 41.588008761636)
2014818547,20140028520,09/26/2014,09-September,6-Friday,11:40,1100 Hours,District 1 (Central),DES MOINES,POLK,,PARK AVE & E PARK AVE & S UNION ST,Collision with:  Vehicle in traffic,On Roadway,Broadside (front to side),Unknown,None Indicated,,Daylight,Dry,Clear,None apparent,Non-intersection:  Non-junction/no special feature,Paved,,Property Damage Only,0,0,0,0,0,0,4000,2,2,,POINT (-93.61612774483 41.555400270252)
2014819038,14-11297,09/26/2014,09-September,6-Friday,20:48,2000 Hours,District 3 (Northwest),,SIOUX,IA 60,IA 60/IOWA 60,Collision with:  Animal,,,Animal,None Indicated,,,,,,,Paved,,Property Damage Only,0,0,0,0,0,0,5000,1,1,,POINT (-96.078322844127 42.911208352985)
2014818908,14-18743,09/26/2014,09-September,6-Friday,16:06,1600 Hours,District 6 (East Central),BETTENDORF,SCOTT,I-74,I-74 & MIDDLE RD,Collision with:  Vehicle in traffic,On Roadway,Rear-end (front to rear),Other (explain in narrative):  Other,None Indicated,,Daylight,Dry,Clear,None apparent,Non-intersection:  Other non-intersection (explain in narrative),Paved,,Property Damage Only,0,0,0,0,0,0,4000,2,2,,POINT (-90.51784292292 41.540971846977)
2014818874,2014010766,09/26/2014,09-September,6-Friday,14:41,1400 Hours,District 6 (East Central),IOWA CITY,JOHNSON,,S 1ST AVE,Collision with:  Vehicle in traffic,On Roadway,Rear-end (front to rear),Followed too close,None Indicated,,Daylight,Dry,Cloudy,None apparent,Non-intersection:  Non-junction/no special feature,Paved,,Property Damage Only,0,0,0,0,0,0,1500,2,2,,POINT (-91.501983336466 41.646566811258)
2014819746,201400003459,09/26/2014,09-September,6-Friday,07:30,0700 Hours,District 6 (East Central),,LINN,I-380,I-380,Collision with:  Animal,,Non-collision (single vehicle),Animal,None Indicated,,,,,,,Paved,,Property Damage Only,0,0,0,0,0,0,2000,1,1,,POINT (-91.706375943348 42.108269009176)
2014826627,14-022653,09/26/2014,09-September,6-Friday,21:00,2100 Hours,District 5 (Southeast),,MAHASKA,,135TH ST,Collision with fixed object:  Ditch,Roadside,Non-collision (single vehicle),Driving too fast for conditions,None Indicated,,Dark - roadway lighted,Dry,Clear,None apparent,Non-intersection:  Other non-intersection (explain in narrative),Unpaved,,Property Damage Only,0,0,0,0,0,0,8000,1,4,,POINT (-92.645706889302 41.458891705679)
2014819744,14040936,09/26/2014,09-September,6-Friday,16:43,1600 Hours,District 5 (Southeast),,MUSCATINE,,BURLINGTON RD,Collision with:  Vehicle in traffic,On Roadway,"Sideswipe, same direction",FTYROW:  Making left turn,Alcohol (< Statutory),,Daylight,Dry,Clear,None apparent,Non-intersection:  Driveway access (within),Paved,,Property Damage Only,0,0,0,0,0,0,5000,2,4,,POINT (-91.110078519043 41.416565276431)
2014822632,14-083,09/26/2014,09-September,6-Friday,19:02,1900 Hours,District 3 (Northwest),SIOUX CENTER,SIOUX,,7TH ST NE & 4TH AVE SE & 4TH AVE NE,Collision with:  Vehicle in traffic,On Roadway,Broadside (front to side),Ran Stop Sign,None Indicated,,Daylight,Dry,Clear,None apparent,Intersection:  Four-way intersection,Paved,,Possible/Unknown,0,3,0,0,3,0,17000,2,3,,POINT (-96.169954892117 43.084366618961)
2014819064,14-32013,09/26/2014,09-September,6-Friday,17:14,1700 Hours,District 3 (Northwest),SIOUX CITY,WOODBURY,,W 4TH ST & ROSS ST,Collision with:  Vehicle in traffic,On Roadway,Broadside (front to side),FTYROW:  From stop sign,None Indicated,,Daylight,Dry,Clear,None apparent,Intersection:  Four-way intersection,Paved,,Property Damage Only,0,0,0,0,0,0,4000,2,2,,POINT (-96.428404351551 42.500361761884)
2014819151,2014-038143,09/26/2014,09-September,6-Friday,15:17,1500 Hours,District 6 (East Central),DUBUQUE,DUBUQUE,US 52,US 52/WHITE ST & E 14TH ST,Non-collision events:  Other non-collision (explain in narrative),On Roadway,Non-collision (single vehicle),Lost Control,None Indicated,,Daylight,Dry,Clear,None apparent,Non-intersection:  Non-junction/no special feature,Paved,,Property Damage Only,0,0,0,0,0,0,3000,1,1,,POINT (-90.666756067482 42.506653814789)
2014818684,201414323,09/26/2014,09-September,6-Friday,20:20,2000 Hours,District 6 (East Central),CEDAR RAPIDS,LINN,,16TH AVE SW,Collision with:  Vehicle in traffic,On Roadway,Broadside (front to side),Ran Stop Sign,None Indicated,,Dark - roadway lighted,Dry,Clear,None apparent,Intersection:  T-intersection,Paved,,Property Damage Only,0,0,0,0,0,0,10200,2,3,,POINT (-91.671574778836 41.961716161528)
2014818679,201414302,09/26/2014,09-September,6-Friday,12:55,1200 Hours,District 6 (East Central),CEDAR RAPIDS,LINN,,J AVE NE & CENTER POINT RD NE,Collision with:  Vehicle in traffic,On Roadway,"Sideswipe, same direction",Made improper turn,None Indicated,,Daylight,Dry,Clear,None apparent,Non-intersection:  Non-junction/no special feature,Paved,,Property Damage Only,0,0,0,0,0,0,8000,2,2,,POINT (-91.662685289511 41.999593080553)
2014822128,,09/26/2014,09-September,6-Friday,16:40,1600 Hours,District 2 (Northeast),CLEAR LAKE,CERRO GORDO,,S 8TH ST,Collision with:  Vehicle in traffic,On Roadway,Rear-end (front to rear),Other (explain in narrative):  Other,None Indicated,,Daylight,Dry,Clear,None apparent,Non-intersection:  Non-junction/no special feature,Paved,,Minor Injury,0,1,0,1,0,0,7000,2,3,,POINT (-93.378713696992 43.12838058982)
2014819040,14-001342,09/26/2014,09-September,6-Friday,15:20,1500 Hours,District 1 (Central),AMES,STORY,,IOWA STATE UNIVERSITY,Collision with:  Non-motorist (see non-motorist section - NOT a unit),Outside trafficway,Non-collision (single vehicle),Other (explain in narrative):  No improper action,None Indicated,,Daylight,Dry,Cloudy,None apparent,Non-intersection:  Non-junction/no special feature,Paved,,Possible/Unknown,0,1,0,0,1,0,1000,1,2,,POINT (-93.642898864413 42.032945101535)
2014825833,2014055508,09/26/2014,09-September,6-Friday,13:50,1300 Hours,District 5 (Southeast),,HENRY,IA 78,IA 78/IOWA 78,Collision with fixed object:  Ditch,On Roadway,Non-collision (single vehicle),Swerving/Evasive Action,None Indicated,,Daylight,Dry,Clear,None apparent,Non-intersection:  Non-junction/no special feature,Paved,,Property Damage Only,0,0,0,0,0,0,7000,1,1,,POINT (-91.482921576842 41.118952174105)
2014821608,201414284,09/26/2014,09-September,6-Friday,06:20,0600 Hours,District 6 (East Central),CEDAR RAPIDS,LINN,,MILLER RD & BLAIRS FERRY RD,Collision with:  Vehicle in traffic,On Roadway,Broadside (front to side),FTYROW:  From stop sign,None Indicated,,Dawn,Dry,Clear,None apparent,Intersection:  Four-way intersection,Paved,,Property Damage Only,0,0,0,0,0,0,10000,2,2,,POINT (-91.703602170105 42.034818217529)
2014818727,20140028566,09/26/2014,09-September,6-Friday,17:09,1700 Hours,District 1 (Central),DES MOINES,POLK,IA 163,IA 163/E UNIVERSITY AVE & E 35TH ST,Collision with:  Vehicle in traffic,On Roadway,Rear-end (front to rear),Unknown,None Indicated,,Daylight,Dry,Clear,None apparent,Non-intersection:  Non-junction/no special feature,Paved,,Property Damage Only,0,0,0,0,0,0,2200,2,2,,POINT (-93.54856602638 41.600598694599)
2014818800,14-004523,09/26/2014,09-September,6-Friday,17:05,1700 Hours,District 1 (Central),AMES,STORY,,LINCOLN WAY & WELCH AVE & WELCH RD,Collision with:  Vehicle in traffic,On Roadway,Rear-end (front to rear),Other (explain in narrative):  Other,None Indicated,,Daylight,Dry,Clear,None apparent,Intersection:  Four-way intersection,Paved,,Property Damage Only,0,0,0,0,0,0,3300,2,2,,POINT (-93.650152632031 42.022789872112)
2014818525,14-6338,09/26/2014,09-September,6-Friday,07:55,0700 Hours,District 1 (Central),ALLEMAN,POLK,,NE134TH AVE,Collision with fixed object:  Ditch,On Roadway,Non-collision (single vehicle),Ran off road - right,None Indicated,,Daylight,Dry,Cloudy,None apparent,Non-intersection:  Other non-intersection (explain in narrative),Paved,,Property Damage Only,0,0,0,0,0,0,5000,1,1,,POINT (-93.613693762195 41.805810931025)
2014818667,14-7180,09/26/2014,09-September,6-Friday,08:17,0800 Hours,District 3 (Northwest),,IDA,,INDIAN AVE,Non-collision events:  Overturn/rollover,On Roadway,Non-collision (single vehicle),Ran off road - left,None Indicated,,Daylight,Dry,Clear,Ruts/holes/bumps,Non-intersection:  Non-junction/no special feature,Unpaved,,Property Damage Only,0,0,0,0,0,0,2400,1,1,,POINT (-95.485729186787 42.498295162824)
2014819041,14-001345,09/26/2014,09-September,6-Friday,22:39,2200 Hours,District 1 (Central),AMES,STORY,,HABER RD & UNIVERSITY BLVD,Collision with:  Vehicle in traffic,On Roadway,Rear-end (front to rear),Other (explain in narrative):  Other,None Indicated,,Dark - roadway lighted,Dry,Clear,None apparent,Non-intersection:  Non-junction/no special feature,Paved,,Possible/Unknown,0,1,0,0,1,0,10000,2,2,,POINT (-93.638785456584 42.029941864399)
2014818723,20140028547,09/26/2014,09-September,6-Friday,15:20,1500 Hours,District 1 (Central),DES MOINES,POLK,,GRAND AVE & 8TH ST,Collision with:  Vehicle in traffic,On Roadway,"Sideswipe, same direction",FTYROW:  From parked position,None Indicated,,Daylight,Dry,Cloudy,None apparent,Non-intersection:  Non-junction/no special feature,Paved,,Property Damage Only,0,0,0,0,0,0,6000,2,3,,POINT (-93.627815752749 41.587222808037)
2014820273,2014-68098,09/26/2014,09-September,6-Friday,12:14,1200 Hours,District 6 (East Central),DAVENPORT,SCOTT,I-74,I-74 & E 53RD ST,Collision with:  Vehicle in traffic,On Roadway,Rear-end (front to rear),Followed too close,None Indicated,,Daylight,Dry,Clear,None apparent,Interchange-related:  Off-ramp,Paved,,Property Damage Only,0,0,0,0,0,0,3000,2,2,,POINT (-90.524077897699 41.574844095225)
2014818682,201414310,09/26/2014,09-September,6-Friday,15:30,1500 Hours,District 6 (East Central),CEDAR RAPIDS,LINN,,WILSON AVE SW & HICKORY DR SW,Collision with:  Vehicle in traffic,On Roadway,Rear-end (front to rear),Followed too close,None Indicated,,Daylight,Dry,Clear,None apparent,Intersection:  T-intersection,Paved,,Property Damage Only,0,0,0,0,0,0,6000,2,3,,POINT (-91.707979932876 41.95641257105)
2014819576,14-015098,09/26/2014,09-September,6-Friday,16:26,1600 Hours,District 2 (Northeast),,FLOYD,,230TH ST,Collision with fixed object:  Tree,On Roadway,Non-collision (single vehicle),Ran off road - right,None Indicated,,Daylight,Dry,Clear,None apparent,Non-intersection:  Non-junction/no special feature,Unpaved,,Property Damage Only,0,0,0,0,0,0,3000,1,1,,POINT (-92.64154403793 43.023565093047)
2014818539,20140028528,09/26/2014,09-September,6-Friday,12:30,1200 Hours,District 1 (Central),DES MOINES,POLK,US 69,US 69/SE 14TH ST,Collision with:  Vehicle in traffic,On Roadway,"Angle, oncoming left turn",FTYROW:  Making left turn,None Indicated,,Daylight,Dry,Cloudy,None apparent,Non-intersection:  Driveway access (within),Paved,,Possible/Unknown,0,1,0,0,1,0,3500,2,4,,POINT (-93.596835523273 41.554331074369)
2014819063,14-32010,09/26/2014,09-September,6-Friday,17:07,1700 Hours,District 3 (Northwest),SIOUX CITY,WOODBURY,,FLOYD BLVD & JEFFERSON ST,Collision with:  Vehicle in traffic,On Roadway,Rear-end (front to rear),Other (explain in narrative):  Other,None Indicated,,Daylight,Dry,Clear,None apparent,Intersection:  Four-way intersection,Paved,,Property Damage Only,0,0,0,0,0,0,7500,3,4,,POINT (-96.367337648886 42.536283370024)
2014818779,14-1086,09/26/2014,09-September,6-Friday,07:00,0700 Hours,District 1 (Central),PLEASANT HILL,POLK,IA 163,IA 163/E UNIVERSITY AVE & NE 56TH ST,Collision with:  Vehicle in traffic,On Roadway,"Angle, oncoming left turn",FTYROW:  Making left turn,None Indicated,,Daylight,Dry,Clear,None apparent,Intersection:  Four-way intersection,Paved,,Property Damage Only,0,0,0,0,0,0,9000,2,3,,POINT (-93.503229881972 41.598995620266)
2014818799,14-004518,09/26/2014,09-September,6-Friday,15:34,1500 Hours,District 1 (Central),AMES,STORY,,Co Rd R38/SOUTH DAKOTA AVE & MORTENSON RD,Collision with:  Vehicle in traffic,On Roadway,Rear-end (front to rear),Made improper turn,None Indicated,,Daylight,Dry,Clear,None apparent,Non-intersection:  Non-junction/no special feature,Paved,,Property Damage Only,0,0,0,0,0,0,2000,2,2,,POINT (-93.678641686934 42.012078268896)
2014819249,14-34354,09/26/2014,09-September,6-Friday,02:00,0200 Hours,District 5 (Southeast),,DES MOINES,,FALCON RD & 172ND ST,Collision with fixed object:  Ditch,On Roadway,Non-collision (single vehicle),Swerving/Evasive Action,None Indicated,,Dark - roadway not lighted,"Mud, dirt",Clear,None apparent,Non-intersection:  Non-junction/no special feature,Unpaved,,Property Damage Only,0,0,0,0,0,0,3000,1,1,,POINT (-91.080451489926 40.932455593041)
2014818700,14005741,09/26/2014,09-September,6-Friday,20:34,2000 Hours,District 3 (Northwest),SHELDON,OBRIEN,US 18,US 18/PARK ST & SERVICE RD & 24TH AVE,Collision with:  Vehicle in traffic,On Roadway,Rear-end (front to rear),Other (explain in narrative):  Other,None Indicated,,Dark - roadway lighted,Dry,Clear,None apparent,Intersection:  Four-way intersection,Paved,,Property Damage Only,0,0,0,0,0,0,6500,2,2,,POINT (-95.826522228775 43.186016564779)