Iowa DOT Case Number,Law Enforcement Case Number,Date of Crash,Month of Crash,Day of Week,Time of Crash,Hour,DOT District,City Name,County Name,Route with System,Location Description,First Harmful Event,Location of First Harmful Event,Manner of Crash/Collision,Major Cause,Drug or Alcohol ,Environmental Conditions,Light Conditions,Surface Conditions,Weather Conditions,Roadway Contribution,Roadway Type,Roadway Surface,Work Zone,Crash Severity,Number of Fatalities,Number of Injuries,Number of Major Injuries,Number of Minor Injuries,Number of Possible Injuries,Number of Unknown Injuries,Amount of Property Damage,Number of Vehicles Involved,Total Number of Occupants,Travel Direction,Location
2014818536,20140028501,09/26/2014,09-September,6-Friday,07:44,0700 Hours,District 1 (Central),DES MOINES,POLK,IA 163,IA 163/E UNIVERSITY AVE & E 17TH ST,Collision with:  Vehicle in traffic,On Roadway,Broadside (front to side),FTYROW:  From stop sign,None Indicated,,Daylight,Dry,Clear,None apparent,Intersection:  Four-way intersection,Paved,,Property Damage Only,0,0,0,0,0,0,4800,2,2,,POINT (-93.591444113348 41.600863486774)
2014818872,14-34373,09/26/2014,09-September,6-Friday,11:07,1100 Hours,District 5 (Southeast),BURLINGTON,DES MOINES,,WEST AVE & LEEBRICK ST,Collision with:  Vehicle in traffic,On Roadway,Broadside (front to side),FTYROW:  From stop sign,None Indicated,,Daylight,Dry,Clear,None apparent,Intersection:  Four-way intersection,Paved,,Property Damage Only,0,0,0,0,0,0,6000,2,6,,POINT (-91.121357162419 40.800238298564)
2014818687,14020242,09/26/2014,09-September,6-Friday,16:47,1600 Hours,District 6 (East Central),MARION,LINN,,MARION BLVD,Collision with:  Vehicle in traffic,On Roadway,Rear-end (front to rear),Other (explain in narrative):  Other,None Indicated,,Daylight,Dry,Cloudy,None apparent,Non-intersection:  Non-junction/no special feature,Paved,,Property Damage Only,0,0,0,0,0,0,2500,2,2,,POINT (-91.613864947797 42.029806620673)
2014821315,,09/26/2014,09-September,6-Friday,10:34,1000 Hours,District 2 (Northeast),,WINNEBAGO,US 69,US 69/170TH AVE & IA 9/420TH ST & Co Rd A34,Collision with:  Vehicle in traffic,On Roadway,"Sideswipe, same direction",FTYROW:  Other (explain in narrative),None Indicated,,Daylight,Dry,Clear,None apparent,Intersection:  Four-way intersection,Paved,,Property Damage Only,0,0,0,0,0,0,3300,2,2,,POINT (-93.636651728601 43.371226462931)
2014819396,14-001187,09/26/2014,09-September,6-Friday,10:01,1000 Hours,District 1 (Central),JOHNSTON,POLK,,PIONEER PKWY & GREENDALE RD,Collision with:  Vehicle in traffic,On Roadway,"Sideswipe, same direction",FTYROW:  Other (explain in narrative),None Indicated,,Daylight,Dry,Clear,None apparent,Non-intersection:  Non-junction/no special feature,Paved,,Property Damage Only,0,0,0,0,0,0,5000,2,2,,POINT (-93.699876130949 41.661962624303)
2014818914,C14003095,09/26/2014,09-September,6-Friday,15:55,1500 Hours,District 6 (East Central),CORALVILLE,JOHNSON,US 6,US 6/2ND ST,Collision with:  Vehicle in traffic,On Roadway,Broadside (front to side),Ran Traffic Signal,None Indicated,,Daylight,Dry,Clear,None apparent,Intersection:  Four-way intersection,Paved,,Major Injury,0,2,1,0,0,1,7000,2,2,,POINT (-91.579280349987 41.673281018315)
2014818927,2014010777,09/26/2014,09-September,6-Friday,18:49,1800 Hours,District 6 (East Central),IOWA CITY,JOHNSON,,N CLINTON ST & E MARKET ST,Collision with:  Non-motorist (see non-motorist section - NOT a unit),On Roadway,Non-collision (single vehicle),Unknown,None Indicated,,Dusk,Dry,Cloudy,None apparent,Non-intersection:  Non-junction/no special feature,Paved,,Minor Injury,0,2,0,2,0,0,500,1,2,,POINT (-91.534583164125 41.663604785983)
2014818691,14022589,09/26/2014,09-September,6-Friday,09:41,0900 Hours,District 5 (Southeast),OSKALOOSA,MAHASKA,US 63,US 63/S MARKET ST & 2ND AVE W & 2ND AVE E,Collision with:  Vehicle in traffic,On Roadway,"Angle, oncoming left turn",FTYROW:  Making left turn,None Indicated,,Daylight,Dry,Clear,None apparent,Intersection:  Four-way intersection,Paved,,Possible/Unknown,0,1,0,0,1,0,3500,2,3,,POINT (-92.645110258047 41.293509842426)
2014818708,14-6347,09/26/2014,09-September,6-Friday,15:43,1500 Hours,District 1 (Central),,POLK,IA 141,IA 141/IOWA 141 & Co Rd F4R/NW 121ST ST,Collision with:  Vehicle in traffic,On Roadway,"Sideswipe, opposite direction",FTYROW:  From stop sign,None Indicated,,Daylight,Dry,Clear,None apparent,Unknown,Paved,,Property Damage Only,0,0,0,0,0,0,2500,2,2,,POINT (-93.785115295536 41.74358316806)
2014818535,20140028492,09/26/2014,09-September,6-Friday,02:20,0200 Hours,District 1 (Central),DES MOINES,POLK,US 69,US 69/SE 14TH ST & E KENYON AVE,Collision with:  Vehicle in traffic,On Roadway,Broadside (front to side),Ran Stop Sign,None Indicated,,Dark - roadway lighted,Dry,Clear,None apparent,Intersection:  Four-way intersection,Paved,,Property Damage Only,0,0,0,0,0,0,5000,2,2,,POINT (-93.596817277344 41.535397774219)
2014818728,20140028534,09/26/2014,09-September,6-Friday,14:03,1400 Hours,District 1 (Central),DES MOINES,POLK,US 6,US 6/MERLE HAY RD,Collision with:  Vehicle in traffic,On Roadway,Rear-end (front to rear),Followed too close,None Indicated,,Daylight,Dry,Clear,None apparent,Non-intersection:  Non-junction/no special feature,Paved,,Possible/Unknown,0,1,0,0,1,0,6170,2,2,,POINT (-93.697758701392 41.617119865064)
2014819018,20140028570,09/26/2014,09-September,6-Friday,17:13,1700 Hours,District 1 (Central),DES MOINES,POLK,I-235,I-235,Collision with:  Vehicle in traffic,On Roadway,Rear-end (front to rear),Driving too fast for conditions,None Indicated,,Daylight,Dry,Clear,None apparent,"Interchange-related:  Off-ramp, diverge area",Paved,,Property Damage Only,0,0,0,0,0,0,3000,3,6,,POINT (-93.5875982493 41.598892608368)
2014818953,14-3032,09/26/2014,09-September,6-Friday,17:00,1700 Hours,District 1 (Central),FORT DODGE,WEBSTER,,AVE M W,Collision with:  Parked motor vehicle,On Roadway,Head-on (front to front),Improper Backing,None Indicated,,Daylight,Dry,Cloudy,None apparent,Non-intersection:  Non-junction/no special feature,Paved,,Property Damage Only,0,0,0,0,0,0,2000,2,1,,POINT (-94.21006425194 42.488612669364)
2014819148,2014-038132,09/26/2014,09-September,6-Friday,11:05,1100 Hours,District 6 (East Central),DUBUQUE,DUBUQUE,,KANE ST & MARYVILLE DR,Collision with:  Vehicle in traffic,On Roadway,Head-on (front to front),FTYROW:  Making left turn,None Indicated,,Daylight,Dry,Clear,None apparent,Non-intersection:  Driveway access (within),Paved,,Property Damage Only,0,0,0,0,0,0,3000,2,4,,POINT (-90.705446945933 42.517638322059)
2014820371,,09/26/2014,09-September,6-Friday,05:40,0500 Hours,District 5 (Southeast),,HENRY,,PERKINS RD,Collision with:  Animal,On Roadway,Non-collision (single vehicle),Animal,None Indicated,,Dark - roadway not lighted,Dry,Clear,,Non-intersection:  Non-junction/no special feature,Unpaved,,Property Damage Only,0,0,0,0,0,0,3000,1,1,,POINT (-91.401518705966 40.843384423455)
2014819777,14-040859,09/26/2014,09-September,6-Friday,06:18,0600 Hours,District 5 (Southeast),,MUSCATINE,US 6,US 6,Collision with fixed object:  Utility pole/light support,On Roadway,Non-collision (single vehicle),Lost Control,None Indicated,,Dark - roadway not lighted,Dry,Cloudy,None apparent,Intersection:  T-intersection,Paved,,Property Damage Only,0,0,0,0,0,0,11000,1,1,,POINT (-91.346442081367 41.587456859921)
2014837042,14090619,09/26/2014,09-September,6-Friday,20:57,2000 Hours,District 5 (Southeast),ELDON,WAPELLO,,Co Rd V47/WASHINGTON RD/25TH ST,Collision with fixed object:  Ditch,On Roadway,Non-collision (single vehicle),Swerving/Evasive Action,Alcohol (Statutory),,Dark - roadway not lighted,Dry,Clear,Ruts/holes/bumps,Non-intersection:  Non-junction/no special feature,Unpaved,,Possible/Unknown,0,1,0,0,1,0,2000,1,1,,POINT (-92.202995792159 40.917593818089)
2014818766,14-2141,09/26/2014,09-September,6-Friday,16:29,1600 Hours,District 1 (Central),URBANDALE,POLK,I-35,I-35,Collision with:  Vehicle in traffic,On Roadway,Rear-end (front to rear),Followed too close,None Indicated,,Daylight,Dry,Clear,None apparent,Non-intersection:  Non-junction/no special feature,Paved,,Property Damage Only,0,0,0,0,0,0,3000,2,2,,POINT (-93.772257409061 41.650024019986)
2014818823,14005929,09/26/2014,09-September,6-Friday,15:24,1500 Hours,District 3 (Northwest),CHEROKEE,CHEROKEE,,W ELM ST & S 6TH ST,Collision with:  Vehicle in traffic,On Roadway,Broadside (front to side),FTYROW:  At uncontrolled intersection,None Indicated,,Daylight,Dry,Clear,None apparent,Intersection:  Four-way intersection,Paved,,Property Damage Only,0,0,0,0,0,0,3500,2,3,,POINT (-95.556623701563 42.7480982404)
2014820065,14-30097,09/27/2014,09-September,7-Saturday,17:23,1700 Hours,District 5 (Southeast),FORT MADISON,LEE,US 61,US 61,Collision with:  Animal,,,Animal,None Indicated,,,,,,,Paved,,Property Damage Only,0,0,0,0,0,0,3500,1,1,,POINT (-91.243092133343 40.698690872235)
2014818971,2014055656,09/27/2014,09-September,7-Saturday,11:45,1100 Hours,District 6 (East Central),,BENTON,,28 AVE,Non-collision events:  Overturn/rollover,Roadside,Non-collision (single vehicle),Swerving/Evasive Action,None Indicated,,Daylight,"Mud, dirt",Clear,None apparent,Non-intersection:  Non-junction/no special feature,Unpaved,,Possible/Unknown,0,2,0,0,2,0,8000,1,2,,POINT (-91.950200613373 41.973113550197)
2014819066,14-32129,09/27/2014,09-September,7-Saturday,13:00,1300 Hours,District 3 (Northwest),SIOUX CITY,WOODBURY,,13TH ST & VIRGINIA ST,Collision with:  Vehicle in traffic,On Roadway,Broadside (front to side),Ran Stop Sign,None Indicated,,Daylight,Dry,Clear,None apparent,Intersection:  Four-way intersection,Paved,,Property Damage Only,0,0,0,0,0,0,7000,2,3,,POINT (-96.397974963055 42.504033439086)
2014818891,14-25810,09/27/2014,09-September,7-Saturday,22:52,2200 Hours,District 1 (Central),NEWTON,JASPER,IA 14,IA 14/IOWA 14 S,Collision with:  Animal,,,Animal,None Indicated,,,,,,,Paved,,Property Damage Only,0,0,0,0,0,0,5000,1,2,,POINT (-93.076574594214 41.673912799853)
2014819486,201414352,09/27/2014,09-September,7-Saturday,06:38,0600 Hours,District 6 (East Central),CEDAR RAPIDS,LINN,I-380,I-380,Collision with fixed object:  Utility pole/light support,On Roadway,Non-collision (single vehicle),Driving too fast for conditions,None Indicated,,Dawn,Dry,Clear,None apparent,Interchange-related:  On-ramp merge area,Paved,,Property Damage Only,0,0,0,0,0,0,4000,1,1,,POINT (-91.66979576861 41.979942632904)
2014818677,201414394,09/27/2014,09-September,7-Saturday,20:20,2000 Hours,District 6 (East Central),CEDAR RAPIDS,LINN,,BLAIRS FERRY RD,Collision with:  Vehicle in traffic,On Roadway,Broadside (front to side),Ran Traffic Signal,None Indicated,,Dark - roadway lighted,Dry,Cloudy,None apparent,Intersection:  Four-way intersection,Paved,,Property Damage Only,0,0,0,0,0,0,30200,3,4,,POINT (-91.675407171456 42.034721408859)
2014821703,2014-21122,09/27/2014,09-September,7-Saturday,13:50,1300 Hours,District 5 (Southeast),,WARREN,,85TH AVE,Collision with:  Vehicle in traffic,On Roadway,"Sideswipe, opposite direction",Crossed centerline (undivided),None Indicated,,Daylight,"Mud, dirt",Cloudy,"Surface condition (e.g., wet, icy)",Non-intersection:  Non-junction/no special feature,Unpaved,,Possible/Unknown,0,1,0,0,1,0,5500,2,2,,POINT (-93.644850293727 41.182725021817)
2014819348,2014-005914,09/27/2014,09-September,7-Saturday,22:55,2200 Hours,District 6 (East Central),,BENTON,US 30,US 30/73 ST,Collision with:  Animal,,,Animal,None Indicated,,,,,,,Paved,,Property Damage Only,0,0,0,0,0,0,5000,1,1,,POINT (-91.927784885298 41.963206314832)
2014820281,2014-68403,09/27/2014,09-September,7-Saturday,16:19,1600 Hours,District 6 (East Central),DAVENPORT,SCOTT,,W 16TH ST,Collision with:  Vehicle in traffic,On Roadway,"Sideswipe, same direction",FTYROW:  From parked position,None Indicated,,Daylight,Dry,Clear,None apparent,Non-intersection:  Non-junction/no special feature,Paved,,Property Damage Only,0,0,0,0,0,0,5679,2,3,,POINT (-90.584241877405 41.536154293089)
2014821778,2014055661,09/27/2014,09-September,7-Saturday,13:15,1300 Hours,District 1 (Central),DES MOINES,POLK,US 69,US 69/E 14TH ST,Collision with:  Vehicle in traffic,On Roadway,Rear-end (front to rear),FTYROW:  Other (explain in narrative),None Indicated,,Daylight,Dry,Cloudy,None apparent,Non-intersection:  Other non-intersection (explain in narrative),Paved,,Property Damage Only,0,0,0,0,0,0,4500,2,2,,POINT (-93.599293370147 41.597111855817)
2014818751,20140028676,09/27/2014,09-September,7-Saturday,15:44,1500 Hours,District 1 (Central),DES MOINES,POLK,I-235,I-235 & DAY ST & 7TH ST,Collision with fixed object:  Concrete traffic barrier (median or right side),Outside trafficway,Non-collision (single vehicle),Ran off road - straight,Refused,,Daylight,Dry,Clear,None apparent,Intersection:  Four-way intersection,Paved,,Property Damage Only,0,0,0,0,0,0,4000,1,1,,POINT (-93.626883423857 41.596262161577)
2014819213,2014055689,09/27/2014,09-September,7-Saturday,15:15,1500 Hours,District 3 (Northwest),,SAC,IA 110,IA 110/DEAN AVE & Co Rd D15/190TH ST,Collision with fixed object:  Ditch,Shoulder,Non-collision (single vehicle),Swerving/Evasive Action,None Indicated,,Daylight,Dry,Clear,None apparent,Non-intersection:  Non-junction/no special feature,Paved,,Major Injury,0,1,1,0,0,0,19000,1,1,,POINT (-95.289057485731 42.518153514763)
2014818716,14-004190,09/27/2014,09-September,7-Saturday,16:59,1600 Hours,District 1 (Central),ANKENY,POLK,IA 160,IA 160/SE ORALABOR RD,Collision with:  Vehicle in traffic,On Roadway,"Sideswipe, same direction",Other (explain in narrative):  Other,None Indicated,,Daylight,Dry,Clear,None apparent,Non-intersection:  Non-junction/no special feature,Paved,,Possible/Unknown,0,1,0,0,1,0,5000,2,5,,POINT (-93.586861326462 41.702875039486)
2014818659,14-006794,09/27/2014,09-September,7-Saturday,14:52,1400 Hours,District 1 (Central),,HAMILTON,US 69,US 69/LITTLE WALL LAKE RD & Co Rd D65/380TH ST,Collision with:  Vehicle in traffic,On Roadway,Rear-end (front to rear),Ran off road - right,None Indicated,,Daylight,Dry,Cloudy,None apparent,Intersection:  Other intersection (explain in narrative),Paved,,Possible/Unknown,0,2,0,0,2,0,18000,2,4,,POINT (-93.624035802226 42.238287043709)
2014820506,2014-0565,09/27/2014,09-September,7-Saturday,04:12,0400 Hours,District 5 (Southeast),,WARREN,,Co Rd R63/HWY R63,Collision with fixed object:  Ditch,On Roadway,Non-collision (single vehicle),Ran off road - left,Alcohol (Statutory),,Dark - roadway not lighted,Dry,Cloudy,None apparent,Non-intersection:  Non-junction/no special feature,Paved,,Property Damage Only,0,0,0,0,0,0,5000,1,1,,POINT (-93.606807702939 41.331541907656)
2014818827,201404535,09/27/2014,09-September,7-Saturday,14:52,1400 Hours,District 1 (Central),,BOONE,,330TH ST,Non-collision events:  Overturn/rollover,On Roadway,Non-collision (single vehicle),Ran off road - left,None Indicated,,Daylight,Dry,Cloudy,None apparent,Non-intersection:  Non-junction/no special feature,Unpaved,,Property Damage Only,0,0,0,0,0,0,10000,1,3,,POINT (-94.017313498616 41.877782649203)
2014819487,201414395,09/27/2014,09-September,7-Saturday,21:00,2100 Hours,District 6 (East Central),CEDAR RAPIDS,LINN,IA 922,IA 922/1ST AVE E & 10TH ST SE & 10TH ST NE,Collision with:  Vehicle in traffic,On Roadway,"Angle, oncoming left turn",FTYROW:  Making left turn,None Indicated,,Dark - roadway lighted,Dry,Clear,None apparent,Intersection:  Four-way intersection,Paved,,Possible/Unknown,0,1,0,0,1,0,2000,2,4,,POINT (-91.659841160485 41.983798675724)
2014819176,201404534,09/27/2014,09-September,7-Saturday,14:15,1400 Hours,District 1 (Central),BOONE,BOONE,,MANGO AVE & WEST 2ND ST EXT,Collision with fixed object:  Utility pole/light support,On Roadway,Non-collision (single vehicle),"Operating vehicle in an reckless, erratic, careless, negligent manner",Alcohol (Statutory),,Daylight,Dry,Cloudy,None apparent,Non-intersection:  Non-junction/no special feature,Unpaved,,Property Damage Only,0,0,0,0,0,0,2300,1,1,,POINT (-93.921523578818 42.058326841785)
2014818901,20141056,09/27/2014,09-September,7-Saturday,18:54,1800 Hours,District 6 (East Central),MOUNT VERNON,LINN,US 30,US 30 & IA 1/S 1ST AVE,Collision with fixed object:  Curb/island/raised median,On Roadway,Broadside (front to side),Crossed centerline (undivided),None Indicated,,Dusk,Dry,Clear,None apparent,Intersection:  Four-way intersection,Paved,,Minor Injury,0,2,0,1,1,0,16000,2,3,,POINT (-91.423068003357 41.916088029638)
2014819764,14-25796,09/27/2014,09-September,7-Saturday,21:28,2100 Hours,District 1 (Central),LYNNVILLE,JASPER,,Co Rd T38/HWY T-38 S,Collision with:  Animal,On Roadway,Non-collision (single vehicle),Animal,None Indicated,,Dark - roadway not lighted,Dry,Clear,None apparent,Non-intersection:  Non-junction/no special feature,Paved,,Property Damage Only,0,0,0,0,0,0,5000,1,1,,POINT (-92.790810324468 41.606202744659)
2014819544,09-14-060,09/27/2014,09-September,7-Saturday,20:55,2000 Hours,District 3 (Northwest),LE MARS,PLYMOUTH,,CENTRAL AVE,Collision with:  Vehicle in traffic,On Roadway,Rear-end (front to rear),FTYROW:  From parked position,Alcohol (Statutory),,Dark - roadway lighted,Dry,Clear,None apparent,Non-intersection:  Non-junction/no special feature,Paved,,Property Damage Only,0,0,0,0,0,0,3500,2,3,,POINT (-96.166523837098 42.793527582779)
2014819418,SO14002295,09/27/2014,09-September,7-Saturday,23:30,2300 Hours,District 3 (Northwest),,PLYMOUTH,,OTTER AVE,Collision with:  Animal,On Roadway,Non-collision (single vehicle),Animal,None Indicated,,Dark - roadway not lighted,"Mud, dirt",Clear,None apparent,Non-intersection:  Non-junction/no special feature,Unpaved,,Possible/Unknown,0,1,0,0,1,0,2500,1,1,,POINT (-96.075536058383 42.824868883945)
2014818743,20140028681,09/27/2014,09-September,7-Saturday,17:28,1700 Hours,District 1 (Central),DES MOINES,POLK,US 69,US 69/E 14TH ST & DEAN AVE,Collision with:  Vehicle in traffic,On Roadway,Rear-end (front to rear),Followed too close,None Indicated,,Daylight,Dry,Clear,None apparent,Non-intersection:  Non-junction/no special feature,Paved,,Minor Injury,0,2,0,2,0,0,2200,3,5,,POINT (-93.596989278625 41.590575574914)
2014818817,CL14003442,09/27/2014,09-September,7-Saturday,17:00,1700 Hours,District 6 (East Central),CLINTON,CLINTON,,7TH AVE S & S 9TH ST,Collision with:  Vehicle in traffic,On Roadway,Broadside (front to side),FTYROW:  From stop sign,None Indicated,,Daylight,Dry,Clear,None apparent,Intersection:  Four-way intersection,Paved,,Minor Injury,0,1,0,1,0,0,3000,2,3,,POINT (-90.207161472318 41.838898505769)
2014819728,14-18818,09/27/2014,09-September,7-Saturday,13:51,1300 Hours,District 6 (East Central),BETTENDORF,SCOTT,I-74,I-74,Collision with:  Vehicle in traffic,On Roadway,Rear-end (front to rear),Swerving/Evasive Action,None Indicated,,Daylight,Dry,Clear,Other (explain in narrative),Non-intersection:  Other non-intersection (explain in narrative),Paved,,Possible/Unknown,0,1,0,0,1,0,3000,2,3,,POINT (-90.513219616985 41.519914083369)
2014823231,2014-68376,09/27/2014,09-September,7-Saturday,12:55,1200 Hours,District 6 (East Central),DAVENPORT,SCOTT,I-74,I-74 & E 53RD ST,Collision with:  Vehicle in traffic,On Roadway,Rear-end (front to rear),Followed too close,None Indicated,,Daylight,Dry,Clear,None apparent,Non-intersection:  Non-junction/no special feature,Paved,,Property Damage Only,0,0,0,0,0,0,1800,2,2,,POINT (-90.524041946448 41.574843319999)
2014819289,14-041310,09/27/2014,09-September,7-Saturday,19:11,1900 Hours,District 4 (Southwest),COUNCIL BLUFFS,POTTAWATTAMIE,,STORY ST & BLUFF ST,Collision with:  Vehicle in traffic,On Roadway,Broadside (front to side),FTYROW:  From stop sign,None Indicated,,Dusk,Dry,Clear,None apparent,Intersection:  Four-way intersection,Paved,,Minor Injury,0,2,0,2,0,0,3000,2,4,,POINT (-95.849100190366 41.255501281412)
2014819153,2014-038174,09/27/2014,09-September,7-Saturday,10:41,1000 Hours,District 6 (East Central),DUBUQUE,DUBUQUE,IA 32,IA 32/IA32 NW ARTERIAL & ASBURY RD,Collision with:  Vehicle in traffic,On Roadway,Broadside (front to side),FTYROW:  Making right turn on red signal,None Indicated,,Daylight,Dry,Clear,None apparent,Intersection:  Four-way intersection,Paved,,Property Damage Only,0,0,0,0,0,0,3250,2,2,,POINT (-90.740882409654 42.515280913526)
2014820277,2014-68372,09/27/2014,09-September,7-Saturday,12:09,1200 Hours,District 6 (East Central),DAVENPORT,SCOTT,,E 34TH ST & COLLEGE AVE,Collision with:  Vehicle in traffic,On Roadway,"Sideswipe, same direction",FTYROW:  From parked position,None Indicated,,Daylight,Dry,Clear,None apparent,Intersection:  T-intersection,Paved,,Property Damage Only,0,0,0,0,0,0,4500,2,3,,POINT (-90.555776066635 41.553898441912)
2014818746,20140028635,09/27/2014,09-September,7-Saturday,09:21,0900 Hours,District 1 (Central),DES MOINES,POLK,US 69,US 69/SE 14TH ST,Collision with:  Vehicle in traffic,On Roadway,Rear-end (front to rear),Followed too close,None Indicated,,Daylight,Dry,Cloudy,None apparent,Non-intersection:  Non-junction/no special feature,Paved,,Minor Injury,0,1,0,1,0,0,4700,2,4,,POINT (-93.596820548986 41.554006888637)
2014818712,14-6365,09/27/2014,09-September,7-Saturday,17:37,1700 Hours,District 1 (Central),DES MOINES,POLK,,NW MORNINGSTAR DR,Collision with:  Vehicle in traffic,On Roadway,"Sideswipe, same direction",Followed too close,None Indicated,,Daylight,Dry,Cloudy,None apparent,Non-intersection:  Non-junction/no special feature,Paved,,Property Damage Only,0,0,0,0,0,0,7300,2,5,,POINT (-93.638100259257 41.643515267916)
2014818883,14-34525,09/27/2014,09-September,7-Saturday,18:14,1800 Hours,District 5 (Southeast),BURLINGTON,DES MOINES,,HIGH ST & 6TH ST,Collision with fixed object:  Tree,Roadside,Non-collision (single vehicle),Other (explain in narrative):  Other,None Indicated,,Daylight,Dry,Clear,None apparent,Non-intersection:  Non-junction/no special feature,Paved,,Property Damage Only,0,0,0,0,0,0,32000,1,1,,POINT (-91.104933858517 40.814192980751)
2014820549,2014055666,09/27/2014,09-September,7-Saturday,14:10,1400 Hours,District 1 (Central),DES MOINES,POLK,I-35,I-35 & I-235,Collision with:  Vehicle in traffic,On Roadway,Rear-end (front to rear),Driving too fast for conditions,None Indicated,,Daylight,Dry,Clear,Work Zone (roadway-related),Non-intersection:  Other non-intersection (explain in narrative),Paved,Yes,Property Damage Only,0,0,0,0,0,0,4500,2,2,,POINT (-93.770608147924 41.592218088682)
2014818889,14-0545,09/27/2014,09-September,7-Saturday,13:00,1300 Hours,District 1 (Central),,WEBSTER,,DOLLIVER PARK AVE,Collision with fixed object:  Ditch,On Roadway,Non-collision (single vehicle),Ran off road - straight,None Indicated,,Daylight,Dry,Clear,None apparent,Non-intersection:  Non-junction/no special feature,Paved,,Minor Injury,0,1,0,1,0,0,1000,1,1,,POINT (-94.083759468812 42.401817854308)
2014821683,2014-68154,09/27/2014,09-September,7-Saturday,16:17,1600 Hours,District 6 (East Central),DAVENPORT,SCOTT,,E 53RD ST,Collision with:  Vehicle in traffic,On Roadway,Rear-end (front to rear),Followed too close,None Indicated,,Daylight,Dry,Cloudy,Work Zone (roadway-related),Non-intersection:  Non-junction/no special feature,Paved,Yes,Property Damage Only,0,0,0,0,0,0,2250,2,2,,POINT (-90.552208998306 41.574699253446)
2014820282,2014-68428,09/27/2014,09-September,7-Saturday,18:24,1800 Hours,District 6 (East Central),DAVENPORT,SCOTT,,WASHINGTON ST,Collision with:  Vehicle in traffic,On Roadway,Broadside (front to side),Ran Stop Sign,None Indicated,,Dusk,Dry,Clear,None apparent,Intersection:  Four-way intersection,Paved,,Property Damage Only,0,0,0,0,0,0,6500,2,4,,POINT (-90.596308041272 41.533687337368)
2014818951,CL14003444,09/27/2014,09-September,7-Saturday,18:04,1800 Hours,District 6 (East Central),CLINTON,CLINTON,,2ND AVE S & MILL CREEK PKWY,Collision with fixed object:  Other fixed object (explain in narrative),On Roadway,Non-collision (single vehicle),Ran off road - left,None Indicated,,Daylight,Dry,Cloudy,None apparent,Non-intersection:  Non-junction/no special feature,Paved,,Possible/Unknown,0,2,0,0,2,0,3000,1,2,,POINT (-90.236481963965 41.844579411595)
2014818685,14020288,09/27/2014,09-September,7-Saturday,08:14,0800 Hours,District 6 (East Central),MARION,LINN,,7TH AVE,Collision with:  Vehicle in traffic,On Roadway,Rear-end (front to rear),Improper Backing,None Indicated,,Daylight,Dry,Clear,None apparent,Non-intersection:  Non-junction/no special feature,Paved,,Property Damage Only,0,0,0,0,0,0,1800,2,4,,POINT (-91.599714473709 42.033327429896)
2014818748,20140028652,09/27/2014,09-September,7-Saturday,12:00,1200 Hours,District 1 (Central),DES MOINES,POLK,IA 28,IA 28/MERLE HAY RD & AURORA AVE,Collision with:  Vehicle in traffic,On Roadway,Rear-end (front to rear),Followed too close,None Indicated,,Daylight,Unknown,Cloudy,Unknown,Intersection:  Four-way intersection,Paved,,Property Damage Only,0,0,0,0,0,0,7000,2,2,,POINT (-93.69772983841 41.636710645654)
2014819542,CL14003445,09/27/2014,09-September,7-Saturday,22:03,2200 Hours,District 6 (East Central),CLINTON,CLINTON,,PERSHING BLVD,Collision with:  Parked motor vehicle,On Roadway,Broadside (front to side),Driver Distraction:  Manual operation of an electronic communication device,None Indicated,,Dark - roadway not lighted,Dry,Cloudy,None apparent,Non-intersection:  Non-junction/no special feature,Paved,,Property Damage Only,0,0,0,0,0,0,4000,2,1,,POINT (-90.18457819508 41.863121404241)
2014821169,2014-038181,09/27/2014,09-September,7-Saturday,15:20,1500 Hours,District 6 (East Central),DUBUQUE,DUBUQUE,,WHITE ST,Collision with:  Parked motor vehicle,On Roadway,Rear-end (front to rear),Lost Control,None Indicated,,Daylight,Dry,Clear,None apparent,Non-intersection:  Driveway access (within),Paved,,Property Damage Only,0,0,0,0,0,0,1500,2,3,,POINT (-90.68186820881 42.527501517262)
2014818821,14-3039,09/27/2014,09-September,7-Saturday,11:47,1100 Hours,District 1 (Central),FORT DODGE,WEBSTER,US 169,US 169 & IA 7/190TH ST & 3RD AVE NW,Collision with:  Vehicle in traffic,On Roadway,"Angle, oncoming left turn",FTYROW:  From stop sign,None Indicated,,Daylight,Dry,Clear,None apparent,Intersection:  Four-way intersection,Paved,,Property Damage Only,0,0,0,0,0,0,4000,2,3,,POINT (-94.223705187069 42.515475893769)
2014818982,14013787,09/27/2014,09-September,7-Saturday,11:01,1100 Hours,District 5 (Southeast),CENTERVILLE,APPANOOSE,IA 5,IA 5/N 18TH ST & E STATE ST,Collision with:  Vehicle in traffic,On Roadway,Broadside (front to side),FTYROW:  From stop sign,None Indicated,,Daylight,Dry,Clear,None apparent,Intersection:  Four-way intersection,Paved,,Minor Injury,0,2,0,2,0,0,3500,2,4,,POINT (-92.867974845266 40.73422879312)