Iowa DOT Case Number,Law Enforcement Case Number,Date of Crash,Month of Crash,Day of Week,Time of Crash,Hour,DOT District,City Name,County Name,Route with System,Location Description,First Harmful Event,Location of First Harmful Event,Manner of Crash/Collision,Major Cause,Drug or Alcohol ,Environmental Conditions,Light Conditions,Surface Conditions,Weather Conditions,Roadway Contribution,Roadway Type,Roadway Surface,Work Zone,Crash Severity,Number of Fatalities,Number of Injuries,Number of Major Injuries,Number of Minor Injuries,Number of Possible Injuries,Number of Unknown Injuries,Amount of Property Damage,Number of Vehicles Involved,Total Number of Occupants,Travel Direction,Location
2014819091,20143555,09/27/2014,09-September,7-Saturday,10:30,1000 Hours,District 1 (Central),,GRUNDY,IA 14,IA 14/G AVE/240TH ST & IA 175,Non-collision events:  Other non-collision (explain in narrative),Median,Non-collision (single vehicle),Other (explain in narrative):  No improper action,None Indicated,,Daylight,Dry,Clear,None apparent,Intersection:  Four-way intersection,Paved,,Property Damage Only,0,0,0,0,0,0,2050,1,1,,POINT (-92.905363316236 42.353964044451)
2014818861,14-041298,09/27/2014,09-September,7-Saturday,17:58,1700 Hours,District 4 (Southwest),COUNCIL BLUFFS,POTTAWATTAMIE,US 275,US 275/VETERANS MEMORIAL HWY & GIFFORD RD & S 24TH ST,Collision with:  Vehicle in traffic,On Roadway,Rear-end (front to rear),Followed too close,None Indicated,,Daylight,Dry,Clear,None apparent,Non-intersection:  Non-junction/no special feature,Paved,,Minor Injury,0,1,0,1,0,0,5000,2,2,,POINT (-95.878840262782 41.218798508832)
2014818921,S14-I2701,09/27/2014,09-September,7-Saturday,10:20,1000 Hours,District 5 (Southeast),,CLARKE,US 69,US 69,Collision with fixed object:  Ditch,On Roadway,Non-collision (single vehicle),Driving too fast for conditions,None Indicated,,Daylight,Wet,Cloudy,"Surface condition (e.g., wet, icy)",Non-intersection:  Non-junction/no special feature,Paved,,Possible/Unknown,0,1,0,0,1,0,10000,1,1,,POINT (-93.731181206885 41.092112040058)
2014819152,2014-038170,09/27/2014,09-September,7-Saturday,01:20,0100 Hours,District 6 (East Central),DUBUQUE,DUBUQUE,,PLEASANT ST & STAFFORD ST,Collision with fixed object:  Other fixed object (explain in narrative),On Roadway,Non-collision (single vehicle),Ran off road - right,Alcohol (Statutory),,Dark - roadway not lighted,Dry,Clear,None apparent,Non-intersection:  Alley,Paved,,Property Damage Only,0,0,0,0,0,0,2000,1,1,,POINT (-90.667298442335 42.52119024777)
2014829081,2014055701,09/27/2014,09-September,7-Saturday,16:10,1600 Hours,District 5 (Southeast),,WASHINGTON,US 218,US 218/SW RAMP CURV/SW LOOP & IA 92,Collision with:  Vehicle in traffic,On Roadway,Rear-end (front to rear),Swerving/Evasive Action,Alcohol (Statutory),,Daylight,Dry,Clear,None apparent,Intersection:  Four-way intersection,Paved,,Property Damage Only,0,0,0,0,0,0,10000,2,3,,POINT (-91.535913280455 41.290753845605)
2014820278,2014-68379,09/27/2014,09-September,7-Saturday,13:29,1300 Hours,District 6 (East Central),DAVENPORT,SCOTT,,W 13TH ST & WAVERLY RD,Collision with:  Vehicle in traffic,On Roadway,Broadside (front to side),FTYROW:  From stop sign,None Indicated,,Daylight,Dry,Clear,None apparent,Intersection:  T-intersection,Paved,,Property Damage Only,0,0,0,0,0,0,7000,2,2,,POINT (-90.62882953393 41.534272813733)
2014819069,14-32181,09/27/2014,09-September,7-Saturday,22:44,2200 Hours,District 3 (Northwest),SIOUX CITY,WOODBURY,,PAUL AVE,Collision with:  Parked motor vehicle,On Roadway,Rear-end (front to rear),Swerving/Evasive Action,None Indicated,,Dark - roadway lighted,Dry,Clear,None apparent,Non-intersection:  Non-junction/no special feature,Paved,,Property Damage Only,0,0,0,0,0,0,2100,3,1,,POINT (-96.475565320578 42.515201529947)
2014819326,2014-68420,09/27/2014,09-September,7-Saturday,17:32,1700 Hours,District 6 (East Central),DAVENPORT,SCOTT,,IA 461/HARRISON ST & W 35TH ST,Collision with:  Vehicle in traffic,On Roadway,"Sideswipe, same direction",Improper or erratic lane changing,None Indicated,,Daylight,Dry,Clear,None apparent,Non-intersection:  Non-junction/no special feature,Paved,,Property Damage Only,0,0,0,0,0,0,3000,2,5,,POINT (-90.577050652474 41.555708916647)
2014822142,,09/27/2014,09-September,7-Saturday,12:15,1200 Hours,District 2 (Northeast),CLEAR LAKE,CERRO GORDO,,1ST AVE S & S 8TH ST,Collision with:  Vehicle in traffic,On Roadway,Broadside (front to side),FTYROW:  From stop sign,None Indicated,,Daylight,Dry,Clear,None apparent,Intersection:  Four-way intersection,Paved,,Possible/Unknown,0,1,0,0,1,0,4500,2,2,,POINT (-93.378750742638 43.136376790195)
2014819212,2014055641,09/27/2014,09-September,7-Saturday,10:00,1000 Hours,District 1 (Central),WEST DES MOINES,POLK,I-35,I-35 & I-80,Collision with:  Vehicle in traffic,On Roadway,Rear-end (front to rear),Followed too close,None Indicated,,Daylight,Dry,Cloudy,Work Zone (roadway-related),Non-intersection:  Non-junction/no special feature,Paved,Yes,Property Damage Only,0,0,0,0,0,0,5000,2,2,,POINT (-93.778754763297 41.592199223529)
2014819632,,09/27/2014,09-September,7-Saturday,16:45,1600 Hours,District 3 (Northwest),AKRON,PLYMOUTH,IA 12,IA 12/IOWA 12 & N 8TH ST,Collision with:  Vehicle in traffic,On Roadway,"Angle, oncoming left turn",Crossed centerline (undivided),None Indicated,,Daylight,Dry,Clear,None apparent,Intersection:  T-intersection,Paved,,Minor Injury,0,2,0,1,1,0,4000,2,3,,POINT (-96.551920031303 42.833487567434)
2014821610,14180,09/27/2014,09-September,7-Saturday,22:15,2200 Hours,District 5 (Southeast),PELLA,MARION,,E INDEPENDENCE ST & E 15TH ST,Collision with:  Parked motor vehicle,On Roadway,"Sideswipe, same direction",Lost Control,Under Influence of Alcohol/Drugs/Medications,,Dark - roadway lighted,Dry,Clear,None apparent,Non-intersection:  Non-junction/no special feature,Paved,,Property Damage Only,0,0,0,0,0,0,1500,2,1,,POINT (-92.89639569585 41.402949260753)
2014818862,14-4798,09/27/2014,09-September,7-Saturday,10:54,1000 Hours,District 1 (Central),WEST DES MOINES,POLK,,NW 100TH ST & UNIVERSITY AVE & 35TH ST/VALLEY WEST DR,Collision with:  Vehicle in traffic,On Roadway,"Angle, oncoming left turn",Made improper turn,None Indicated,,Daylight,Dry,Clear,None apparent,Intersection:  Four-way intersection,Paved,,Minor Injury,0,2,0,2,0,0,3600,4,8,,POINT (-93.751962120124 41.600430032258)
2014818803,14-004548,09/27/2014,09-September,7-Saturday,12:05,1200 Hours,District 1 (Central),AMES,STORY,,GRAND AVE,Collision with:  Vehicle in traffic,On Roadway,Rear-end (front to rear),Followed too close,None Indicated,,Daylight,Dry,Clear,None apparent,Non-intersection:  Non-junction/no special feature,Paved,,Possible/Unknown,0,1,0,0,1,0,3199,3,5,,POINT (-93.620277986663 42.021198919427)
2014820741,I14271346,09/27/2014,09-September,7-Saturday,13:46,1300 Hours,District 2 (Northeast),,FRANKLIN,,LARK AVE,Collision with fixed object:  Guardrail - face,On Roadway,Non-collision (single vehicle),Ran off road - left,None Indicated,,Daylight,"Mud, dirt",Cloudy,None apparent,Non-intersection:  Other non-intersection (explain in narrative),Unpaved,,Property Damage Only,0,0,0,0,0,0,11000,1,1,,POINT (-93.281346272179 42.676544530928)
2014818865,14-4809,09/27/2014,09-September,7-Saturday,16:30,1600 Hours,District 1 (Central),WEST DES MOINES,POLK,I-235,I-235,Collision with:  Vehicle in traffic,On Roadway,Rear-end (front to rear),Followed too close,None Indicated,,Daylight,Dry,Cloudy,Work Zone (roadway-related),Non-intersection:  Non-junction/no special feature,Paved,Yes,Property Damage Only,0,0,0,0,0,0,4000,2,3,,POINT (-93.763961295789 41.59223542758)
2014819250,14-34535,09/27/2014,09-September,7-Saturday,20:12,2000 Hours,District 5 (Southeast),,DES MOINES,,Co Rd X99/DMC 99,Collision with:  Animal,,,Animal,None Indicated,,,,,,,Paved,,Property Damage Only,0,0,0,0,0,0,2500,1,1,,POINT (-91.034198348959 40.985000754787)
2014821402,1-14-000377,09/27/2014,09-September,7-Saturday,21:50,2100 Hours,District 4 (Southwest),,SHELBY,,Co Rd M36/ROAD M36,Collision with fixed object:  Ditch,On Roadway,Non-collision (single vehicle),Crossed centerline (undivided),None Indicated,,Dark - roadway not lighted,"Mud, dirt",Clear,None apparent,Non-intersection:  Non-junction/no special feature,Paved,,Possible/Unknown,0,3,0,0,3,0,10000,1,3,,POINT (-95.305419630262 41.69212373494)
2014818681,201414339,09/27/2014,09-September,7-Saturday,00:48,0000 Hours,District 6 (East Central),CEDAR RAPIDS,LINN,,WILSON AVE SW & J ST SW,Collision with:  Vehicle in traffic,On Roadway,Rear-end (front to rear),Other (explain in narrative):  Other,Alcohol (Statutory),,Dark - roadway lighted,Dry,Clear,None apparent,Intersection:  Four-way intersection,Paved,,Property Damage Only,0,0,0,0,0,0,11000,2,3,,POINT (-91.667350998399 41.95593908857)
2014818826,2014010818,09/27/2014,09-September,7-Saturday,12:56,1200 Hours,District 6 (East Central),IOWA CITY,JOHNSON,,N 1ST AVE,Collision with:  Vehicle in traffic,On Roadway,"Sideswipe, same direction",Unknown,None Indicated,,Daylight,Dry,Clear,None apparent,Non-intersection:  Driveway access (within),Paved,,Property Damage Only,0,0,0,0,0,0,4500,2,4,,POINT (-91.502075157179 41.665923716204)
2014818733,20140028672,09/27/2014,09-September,7-Saturday,15:31,1500 Hours,District 1 (Central),DES MOINES,POLK,US 69,US 69/E 15TH ST & DES MOINES ST,Collision with:  Vehicle in traffic,On Roadway,"Sideswipe, same direction",Other (explain in narrative):  Other,None Indicated,,Daylight,Dry,Clear,None apparent,Non-intersection:  Non-junction/no special feature,Paved,,Property Damage Only,0,0,0,0,0,0,1500,2,2,,POINT (-93.595746376852 41.595022596209)
2014820128,2014-0220,09/27/2014,09-September,7-Saturday,16:05,1600 Hours,District 5 (Southeast),CARLISLE,WARREN,IA 5,IA 5/IOWA 5 & Co Rd G16/SCOTCH RIDGE RD,Collision with:  Vehicle in traffic,On Roadway,"Angle, oncoming left turn",FTYROW:  Making left turn,None Indicated,,Daylight,Dry,Clear,None apparent,Intersection:  Four-way intersection,Paved,,Property Damage Only,0,0,0,0,0,0,2500,2,3,,POINT (-93.497850756463 41.498542206049)
2014819079,2014-19781,09/27/2014,09-September,7-Saturday,16:46,1600 Hours,District 6 (East Central),,SCOTT,IA 130,IA 130/NEW LIBERTY RD & Co Rd Y40/60 AVE,Collision with:  Vehicle in traffic,On Roadway,Broadside (front to side),FTYROW:  From stop sign,None Indicated,,Daylight,Dry,Clear,None apparent,Intersection:  Four-way intersection,Paved,,Property Damage Only,0,0,0,0,0,0,4000,2,4,,POINT (-90.782768942747 41.668218692464)
2014819588,SA408144,09/27/2014,09-September,7-Saturday,15:21,1500 Hours,District 5 (Southeast),,WASHINGTON,IA 78,IA 78,Collision with:  Vehicle in traffic,On Roadway,"Sideswipe, same direction",Made improper turn,None Indicated,,Daylight,Dry,Clear,None apparent,Non-intersection:  Driveway access (within),Paved,,Property Damage Only,0,0,0,0,0,0,4000,2,4,,POINT (-91.802064651894 41.162725747668)
2014820920,14-060927-01,09/27/2014,09-September,7-Saturday,07:40,0700 Hours,District 6 (East Central),,IOWA,IA 21,IA 21/B AVE,Collision with:  Animal,,,Animal,None Indicated,,,,,,,Paved,,Property Damage Only,0,0,0,0,0,0,3000,1,1,,POINT (-92.278888481322 41.757639252557)
2014818755,20140028625,09/27/2014,09-September,7-Saturday,04:36,0400 Hours,District 1 (Central),DES MOINES,POLK,,E WALNUT ST,Collision with:  Parked motor vehicle,On Roadway,"Sideswipe, opposite direction",Lost Control,None Indicated,,Dark - roadway lighted,Dry,Clear,None apparent,Non-intersection:  Non-junction/no special feature,Paved,,Property Damage Only,0,0,0,0,0,0,6000,2,1,,POINT (-93.593020130326 41.592127348874)
2014818995,SO1404080,09/27/2014,09-September,7-Saturday,12:17,1200 Hours,District 5 (Southeast),,JEFFERSON,US 34,US 34,Collision with fixed object:  Traffic sign support,On Roadway,Non-collision (single vehicle),Ran off road - right,None Indicated,,Daylight,Dry,Clear,None apparent,Non-intersection:  Non-junction/no special feature,Paved,,Possible/Unknown,0,1,0,0,0,1,1600,1,2,,POINT (-91.767901303855 40.987559329183)
2014819044,S14-9839,09/27/2014,09-September,7-Saturday,20:49,2000 Hours,District 3 (Northwest),,WOODBURY,,Co Rd D22/160TH ST & POCAHONTAS AVE,Collision with fixed object:  Ditch,Outside trafficway,Non-collision (single vehicle),Crossed centerline (undivided),None Indicated,,Dark - roadway not lighted,Dry,Clear,None apparent,Non-intersection:  Non-junction/no special feature,Paved,,Possible/Unknown,0,1,0,0,1,0,10200,1,1,,POINT (-95.767376818204 42.465658588797)
2014818929,2014010835,09/27/2014,09-September,7-Saturday,18:50,1800 Hours,District 6 (East Central),IOWA CITY,JOHNSON,I-80,I-80 & IA 1/N DODGE ST,Collision with fixed object:  Traffic sign support,Roadside,Non-collision (single vehicle),Crossed centerline (undivided),Refused,,Dusk,Dry,Clear,None apparent,Intersection:  Four-way intersection,Paved,,Minor Injury,0,1,0,1,0,0,2750,1,1,,POINT (-91.500360943085 41.685437140257)
2014818744,20140028688,09/27/2014,09-September,7-Saturday,18:47,1800 Hours,District 1 (Central),DES MOINES,POLK,IA 415,IA 415/2ND AVE & MADISON AVE,Collision with:  Vehicle in traffic,On Roadway,Rear-end (front to rear),Driver Distraction:  Manual operation of an electronic communication device,None Indicated,,Dark - roadway lighted,Dry,Clear,None apparent,Intersection:  Four-way intersection,Paved,,Possible/Unknown,0,1,0,0,1,0,1000,2,4,,POINT (-93.620001200407 41.633156988479)
2014819606,2014055651,09/27/2014,09-September,7-Saturday,11:40,1100 Hours,District 5 (Southeast),,CLARKE,I-35,I-35,Collision with fixed object:  Ditch,Roadside,Non-collision (single vehicle),Unknown,None Indicated,,Daylight,"Mud, dirt",Clear,"Shoulders (none, low, soft, high)",Interchange-related:  On-ramp,Paved,,Property Damage Only,0,0,0,0,0,0,3200,1,1,,POINT (-93.780256462001 41.069567426433)
2014818888,14-0542,09/27/2014,09-September,7-Saturday,00:20,0000 Hours,District 1 (Central),,WEBSTER,US 20,US 20,Collision with:  Animal,,,Animal,None Indicated,,,,,,,Paved,,Property Damage Only,0,0,0,0,0,0,2500,1,1,,POINT (-94.338195748552 42.449337033128)
2014818718,14-004181,09/27/2014,09-September,7-Saturday,00:15,0000 Hours,District 1 (Central),ANKENY,POLK,I-35,I-35,Collision with fixed object:  Other fixed object (explain in narrative),Shoulder,Non-collision (single vehicle),Ran off road - right,Alcohol (Statutory),,Dark - roadway not lighted,Dry,Clear,None apparent,Non-intersection:  Non-junction/no special feature,Paved,,Property Damage Only,0,0,0,0,0,0,7500,1,1,,POINT (-93.575830351417 41.688321336199)
2014818770,14-2151,09/27/2014,09-September,7-Saturday,14:02,1400 Hours,District 1 (Central),URBANDALE,POLK,,AURORA AVE & 70TH ST,Collision with:  Vehicle in traffic,On Roadway,Broadside (front to side),Ran Stop Sign,None Indicated,,Daylight,Dry,Cloudy,None apparent,Intersection:  Four-way intersection,Paved,,Property Damage Only,0,0,0,0,0,0,3500,2,3,,POINT (-93.7122688092 41.636621474751)
2014819850,1400000845,09/27/2014,09-September,7-Saturday,01:08,0100 Hours,District 1 (Central),,MARSHALL,,Co Rd S52/EASTMAN AVE/MAIN ST RD,Collision with fixed object:  Ditch,Shoulder,Non-collision (single vehicle),Exceeded authorized speed,None Indicated,,Dark - roadway not lighted,Dry,Clear,None apparent,Intersection:  T-intersection,Paved,,Possible/Unknown,0,1,0,0,0,1,7000,1,1,,POINT (-93.165561575778 42.048505359099)
2014819778,14-041108,09/27/2014,09-September,7-Saturday,21:27,2100 Hours,District 5 (Southeast),,MUSCATINE,,N ISETT AVE,Collision with fixed object:  Mailbox,On Roadway,Non-collision (single vehicle),Exceeded authorized speed,Alcohol (Statutory),,Dark - roadway not lighted,"Mud, dirt",Clear,None apparent,Non-intersection:  Non-junction/no special feature,Unpaved,,Minor Injury,0,2,0,1,1,0,10100,1,2,,POINT (-91.058792069951 41.501375467974)
2014818676,201414364,09/27/2014,09-September,7-Saturday,09:57,0900 Hours,District 6 (East Central),CEDAR RAPIDS,LINN,,M AVE NW & 8TH ST NW,Collision with:  Other non-fixed object (explain in narrative),On Roadway,Non-collision (single vehicle),Lost Control,Under Influence of Alcohol/Drugs/Medications,,Daylight,Dry,Clear,None apparent,Non-intersection:  Non-junction/no special feature,Paved,,Property Damage Only,0,0,0,0,0,0,5000,1,1,,POINT (-91.683343086283 41.986772602061)
2014818777,14-002232,09/27/2014,09-September,7-Saturday,15:03,1500 Hours,District 1 (Central),ALTOONA,POLK,,8TH ST SE,Collision with:  Vehicle in traffic,On Roadway,Rear-end (front to rear),Followed too close,None Indicated,,Daylight,Dry,Clear,None apparent,Non-intersection:  Non-junction/no special feature,Paved,,Property Damage Only,0,0,0,0,0,0,4000,2,2,,POINT (-93.464038009606 41.644052511487)
2014818694,1409271-A,09/27/2014,09-September,7-Saturday,07:35,0700 Hours,District 4 (Southwest),RED OAK,MONTGOMERY,,MARKET ST,Collision with:  Parked motor vehicle,Outside trafficway,"Sideswipe, opposite direction",Unknown,None Indicated,,Daylight,Dry,Cloudy,None apparent,Non-intersection:  Other non-intersection (explain in narrative),Paved,,Property Damage Only,0,0,0,0,0,0,2150,2,1,,POINT (-95.232320030007 41.005366296019)
2014818863,14-4801,09/27/2014,09-September,7-Saturday,12:14,1200 Hours,District 1 (Central),WEST DES MOINES,POLK,,UNIVERSITY AVE,Collision with:  Vehicle in traffic,On Roadway,Rear-end (front to rear),Other (explain in narrative):  Other,None Indicated,,Daylight,Dry,Clear,None apparent,Intersection:  T-intersection,Paved,,Property Damage Only,0,0,0,0,0,0,2000,2,2,,POINT (-93.748554427659 41.600452271392)
2014818899,14-041251,09/27/2014,09-September,7-Saturday,10:06,1000 Hours,District 4 (Southwest),COUNCIL BLUFFS,POTTAWATTAMIE,,E PIERCE ST,Collision with:  Vehicle in traffic,Gore,Rear-end (front to rear),Improper Backing,None Indicated,,Daylight,Dry,Clear,None apparent,Intersection:  Other intersection (explain in narrative),Paved,,Property Damage Only,0,0,0,0,0,0,1600,2,2,,POINT (-95.83958090493 41.264968169485)
2014820145,,09/27/2014,09-September,7-Saturday,18:48,1800 Hours,District 4 (Southwest),CASEY,ADAIR,,105TH ST,Non-collision events:  Overturn/rollover,On Roadway,Non-collision (single vehicle),Swerving/Evasive Action,Under Influence of Alcohol/Drugs/Medications,,Daylight,"Mud, dirt",Clear,None apparent,Non-intersection:  Non-junction/no special feature,Unpaved,,Major Injury,0,1,1,0,0,0,9000,1,2,,POINT (-94.530189504028 41.5003744611)
2014818896,14-4799,09/27/2014,09-September,7-Saturday,11:30,1100 Hours,District 4 (Southwest),WEST DES MOINES,DALLAS,,JORDAN CREEK PKWY & CODY DR,Collision with:  Vehicle in traffic,On Roadway,Broadside (front to side),FTYROW:  From stop sign,None Indicated,,Daylight,Dry,Cloudy,None apparent,Intersection:  Four-way intersection,Paved,,Minor Injury,0,2,0,1,1,0,12500,2,2,,POINT (-93.809206114591 41.576802758857)
2014819412,2014-68332,09/27/2014,09-September,7-Saturday,07:38,0700 Hours,District 6 (East Central),DAVENPORT,SCOTT,,E 53RD ST & JERSEY RIDGE RD,Collision with:  Vehicle in traffic,On Roadway,Broadside (front to side),Ran Traffic Signal,None Indicated,,Daylight,Dry,Clear,None apparent,Intersection:  Four-way intersection,Paved,,Minor Injury,0,2,0,1,1,0,6000,2,4,,POINT (-90.541615387236 41.574779319312)
2014819317,131-2014,09/27/2014,09-September,7-Saturday,11:20,1100 Hours,District 4 (Southwest),,HARRISON,I-29,I-29,Non-collision events:  Other non-collision (explain in narrative),On Roadway,Non-collision (single vehicle),Other (explain in narrative):  No improper action,None Indicated,,Daylight,Dry,Clear,Debris,Non-intersection:  Non-junction/no special feature,Paved,,Property Damage Only,0,0,0,0,0,0,1700,1,2,,POINT (-96.04288111021 41.698790238181)
2014818950,14-041288,09/27/2014,09-September,7-Saturday,16:49,1600 Hours,District 4 (Southwest),COUNCIL BLUFFS,POTTAWATTAMIE,,S 21ST ST,Collision with:  Vehicle in traffic,On Roadway,Rear-end (front to rear),Followed too close,None Indicated,,Daylight,Dry,Clear,None apparent,Intersection:  Four-way intersection,Paved,,Possible/Unknown,0,1,0,0,1,0,1250,2,2,,POINT (-95.875335741541 41.261828463253)
2014821453,2014055680,09/27/2014,09-September,7-Saturday,14:50,1400 Hours,District 1 (Central),JEWELL,HAMILTON,I-35,I-35,Collision with fixed object:  Guardrail - face,Shoulder,Non-collision (single vehicle),Swerving/Evasive Action,None Indicated,,Daylight,Dry,Cloudy,None apparent,Non-intersection:  Non-junction/no special feature,Paved,,Property Damage Only,0,0,0,0,0,0,8000,1,2,,POINT (-93.570287133688 42.29920562967)
2014819707,14-004541,09/27/2014,09-September,7-Saturday,07:53,0700 Hours,District 1 (Central),AMES,STORY,,LINCOLN WAY & HICKORY DR & BEEDLE DR,Collision with:  Vehicle in traffic,On Roadway,"Angle, oncoming left turn",Ran Traffic Signal,None Indicated,,Daylight,Dry,Cloudy,None apparent,Intersection:  Four-way intersection,Paved,,Possible/Unknown,0,1,0,0,1,0,5000,2,3,,POINT (-93.673249031854 42.022926920483)
2014818925,CL14003438,09/27/2014,09-September,7-Saturday,14:25,1400 Hours,District 6 (East Central),CLINTON,CLINTON,,18TH AVE N,Collision with:  Vehicle in traffic,On Roadway,Broadside (front to side),Improper Backing,None Indicated,,Daylight,Dry,Clear,None apparent,Non-intersection:  Non-junction/no special feature,Paved,,Property Damage Only,0,0,0,0,0,0,6500,2,1,,POINT (-90.186215021041 41.865629105571)
2014819426,14008739,09/27/2014,09-September,7-Saturday,22:43,2200 Hours,District 6 (East Central),,BUCHANAN,US 20,US 20,Collision with:  Animal,,,Animal,None Indicated,,,,,,,Paved,,Property Damage Only,0,0,0,0,0,0,2000,1,1,,POINT (-91.987482247123 42.450236382508)
2014818879,14-041339,09/27/2014,09-September,7-Saturday,22:08,2200 Hours,District 4 (Southwest),COUNCIL BLUFFS,POTTAWATTAMIE,US 275,US 275/OMAHA BRIDGE RD,Collision with:  Vehicle in traffic,On Roadway,Head-on (front to front),Other (explain in narrative):  Other,None Indicated,,Dark - roadway not lighted,Dry,Clear,None apparent,Non-intersection:  Other non-intersection (explain in narrative),Paved,,Property Damage Only,0,0,0,0,0,0,3000,2,3,,POINT (-95.832564140328 41.220280269441)
2014818885,14-041264,09/27/2014,09-September,7-Saturday,11:50,1100 Hours,District 4 (Southwest),COUNCIL BLUFFS,POTTAWATTAMIE,,MCKENSIE AVE,Collision with:  Vehicle in traffic,On Roadway,Unknown,Unknown,None Indicated,,Daylight,Dry,Cloudy,None apparent,Non-intersection:  Non-junction/no special feature,Paved,,Property Damage Only,0,0,0,0,0,0,2900,2,1,,POINT (-95.818016460528 41.280331942184)
2014819653,14016971,09/27/2014,09-September,7-Saturday,11:57,1100 Hours,District 2 (Northeast),MASON CITY,CERRO GORDO,US 65,US 65/S FEDERAL AVE & IA 122/5TH ST SE/5TH ST SW,Collision with:  Vehicle in traffic,On Roadway,"Sideswipe, same direction",Unknown,None Indicated,,Daylight,Dry,Clear,None apparent,Non-intersection:  Non-junction/no special feature,Paved,,Property Damage Only,0,0,0,0,0,0,3500,2,2,,POINT (-93.201048859827 43.147164595842)
2014818670,14146862,09/27/2014,09-September,7-Saturday,00:45,0000 Hours,District 6 (East Central),SWISHER,JOHNSON,,LINN JOHNSON RD,Collision with fixed object:  Bridge overhead structure,On Roadway,Non-collision (single vehicle),Traveling wrong way or on wrong side of road,Under Influence of Alcohol/Drugs/Medications,,Dark - roadway not lighted,Dry,Clear,Unknown,Non-intersection:  Non-junction/no special feature,Unpaved,,Property Damage Only,0,0,0,0,0,0,3100,1,1,,POINT (-91.723123713183 41.862004074289)
2014820279,2014-68381,09/27/2014,09-September,7-Saturday,13:07,1300 Hours,District 6 (East Central),DAVENPORT,SCOTT,,ELM ST & EASTERN AVE,Collision with:  Vehicle in traffic,On Roadway,Rear-end (front to rear),Lost Control,None Indicated,,Daylight,Dry,Clear,None apparent,Intersection:  Four-way intersection,Paved,,Property Damage Only,0,0,0,0,0,0,2500,2,3,,POINT (-90.551472349073 41.541495109447)
2014818820,14-041262,09/27/2014,09-September,7-Saturday,11:30,1100 Hours,District 4 (Southwest),COUNCIL BLUFFS,POTTAWATTAMIE,IA 92,IA 92/OMAHA BRIDGE RD,Collision with:  Vehicle in traffic,On Roadway,Rear-end (front to rear),Followed too close,None Indicated,,Daylight,Dry,Clear,None apparent,Intersection:  Four-way intersection,Paved,,Property Damage Only,0,0,0,0,0,0,5500,3,9,,POINT (-95.832363516768 41.220330239767)
2014818897,2014010815,09/27/2014,09-September,7-Saturday,10:54,1000 Hours,District 6 (East Central),IOWA CITY,JOHNSON,,H ST & S 1ST AVE,Collision with:  Vehicle in traffic,On Roadway,Rear-end (front to rear),Followed too close,None Indicated,,Daylight,Dry,Clear,None apparent,Intersection:  T-intersection,Paved,,Property Damage Only,0,0,0,0,0,0,3800,2,3,,POINT (-91.501974913098 41.648485163057)
2014819251,14-34557,09/27/2014,09-September,7-Saturday,22:06,2200 Hours,District 5 (Southeast),,DES MOINES,US 34,US 34 & Co Rd X30/DES MOINES-HENRY AVE & OLD HWY 34,Collision with fixed object:  Traffic sign support,Shoulder,Non-collision (single vehicle),Ran off road - straight,None Indicated,,Dark - roadway not lighted,Dry,Clear,None apparent,Intersection:  Other intersection (explain in narrative),Paved,,Possible/Unknown,0,1,0,0,1,0,4000,1,1,,POINT (-91.371802874992 40.90546560094)
2014819714,2014-21138,09/27/2014,09-September,7-Saturday,16:13,1600 Hours,District 5 (Southeast),INDIANOLA,WARREN,US 65,US 65/N JEFFERSON WAY,Collision with:  Vehicle in traffic,On Roadway,Broadside (front to side),FTYROW:  From driveway,None Indicated,,Daylight,Dry,Clear,None apparent,Non-intersection:  Non-junction/no special feature,Paved,,Property Damage Only,0,0,0,0,0,0,4000,2,3,,POINT (-93.558375845843 41.368276987253)
2014829926,032-091-14,09/27/2014,09-September,7-Saturday,17:32,1700 Hours,District 3 (Northwest),ESTHERVILLE,EMMET,IA 4,IA 4/N 9TH ST & 18TH AVE N,Non-collision events:  Other non-collision (explain in narrative),On Roadway,Broadside (front to side),Other (explain in narrative):  Other,None Indicated,,Daylight,Dry,Clear,None apparent,Intersection:  T-intersection,Paved,,Major Injury,0,1,1,0,0,0,4000,2,3,,POINT (-94.827675041951 43.41734324045)
2014818745,20140028693,09/27/2014,09-September,7-Saturday,20:08,2000 Hours,District 1 (Central),DES MOINES,POLK,,31ST ST,Collision with:  Vehicle in traffic,On Roadway,Head-on (front to front),Driver Distraction:  Inattentive/lost in thought,None Indicated,,Dark - roadway lighted,Dry,Clear,None apparent,Non-intersection:  Non-junction/no special feature,Paved,,Possible/Unknown,0,2,0,0,2,0,5000,2,2,,POINT (-93.659341517937 41.589244102583)
2014818742,20140028677,09/27/2014,09-September,7-Saturday,16:27,1600 Hours,District 1 (Central),DES MOINES,POLK,,SW 9TH ST,Collision with:  Vehicle in traffic,On Roadway,Rear-end (front to rear),Followed too close,None Indicated,,Daylight,Dry,Clear,None apparent,Non-intersection:  Non-junction/no special feature,Paved,,Possible/Unknown,0,1,0,0,1,0,3000,2,2,,POINT (-93.625732832985 41.530515218779)