Iowa DOT Case Number,Law Enforcement Case Number,Date of Crash,Month of Crash,Day of Week,Time of Crash,Hour,DOT District,City Name,County Name,Route with System,Location Description,First Harmful Event,Location of First Harmful Event,Manner of Crash/Collision,Major Cause,Drug or Alcohol ,Environmental Conditions,Light Conditions,Surface Conditions,Weather Conditions,Roadway Contribution,Roadway Type,Roadway Surface,Work Zone,Crash Severity,Number of Fatalities,Number of Injuries,Number of Major Injuries,Number of Minor Injuries,Number of Possible Injuries,Number of Unknown Injuries,Amount of Property Damage,Number of Vehicles Involved,Total Number of Occupants,Travel Direction,Location
2014820158,,09/27/2014,09-September,7-Saturday,04:00,0400 Hours,District 1 (Central),MADRID,BOONE,IA 210,IA 210/W NORTH ST/N LOCUST ST,Collision with fixed object:  Other fixed object (explain in narrative),Outside trafficway,Non-collision (single vehicle),"Operating vehicle in an reckless, erratic, careless, negligent manner",None Indicated,,Dark - roadway lighted,Dry,Clear,None apparent,Intersection:  T-intersection,Paved,,Property Damage Only,0,0,0,0,0,0,9000,1,1,,POINT (-93.825539643423 41.877934373153)
2014819214,2014055750,09/27/2014,09-September,7-Saturday,23:18,2300 Hours,District 1 (Central),AMES,STORY,US 30,US 30,Collision with:  Vehicle in traffic,On Roadway,Rear-end (front to rear),Followed too close,None Indicated,,Dark - roadway lighted,Dry,Clear,None apparent,Non-intersection:  Non-junction/no special feature,Paved,,Possible/Unknown,0,1,0,0,0,1,8500,3,5,,POINT (-93.592900976888 42.006167486065)
2014818752,20140028703,09/27/2014,09-September,7-Saturday,22:36,2200 Hours,District 1 (Central),DES MOINES,POLK,US 69,US 69/SE 14TH ST & INDIANOLA AVE,Collision with:  Vehicle in traffic,On Roadway,"Sideswipe, same direction",Made improper turn,None Indicated,,Dark - roadway lighted,Dry,Cloudy,None apparent,Intersection:  Four-way intersection,Paved,,Possible/Unknown,0,1,0,0,1,0,1800,2,4,,POINT (-93.596826574121 41.553358331362)
2014819488,201414409,09/27/2014,09-September,7-Saturday,23:35,2300 Hours,District 6 (East Central),CEDAR RAPIDS,LINN,,KENT DR NE,Collision with:  Vehicle in traffic,On Roadway,"Sideswipe, same direction",Exceeded authorized speed,None Indicated,,Dark - roadway not lighted,Dry,Clear,None apparent,Non-intersection:  Non-junction/no special feature,Paved,,Property Damage Only,0,0,0,0,0,0,6600,2,1,,POINT (-91.62892625571 42.046216968671)
2014818663,P14-011163,09/27/2014,09-September,7-Saturday,16:17,1600 Hours,District 1 (Central),WEBSTER CITY,HAMILTON,,FUNK ST,Collision with:  Vehicle in traffic,On Roadway,"Sideswipe, opposite direction",Improper Backing,None Indicated,,Daylight,Dry,Clear,None apparent,Non-intersection:  Non-junction/no special feature,Paved,,Property Damage Only,0,0,0,0,0,0,3500,2,1,,POINT (-93.830990408251 42.469185617219)
2014818747,20140028638,09/27/2014,09-September,7-Saturday,09:41,0900 Hours,District 1 (Central),DES MOINES,POLK,,HICKMAN RD & BEAVER AVE,Collision with:  Vehicle in traffic,On Roadway,"Angle, oncoming left turn",FTYROW:  Making left turn,None Indicated,,Daylight,Dry,Cloudy,None apparent,Intersection:  Four-way intersection,Paved,,Property Damage Only,0,0,0,0,0,0,2500,2,2,,POINT (-93.673045279777 41.614871298743)
2014820381,,09/27/2014,09-September,7-Saturday,16:10,1600 Hours,District 2 (Northeast),GUTTENBERG,CLAYTON,US 52,US 52,Collision with:  Vehicle in traffic,On Roadway,Rear-end (front to rear),Driver Distraction:  Manual operation of an electronic communication device,None Indicated,,Daylight,Dry,Clear,None apparent,Non-intersection:  Driveway access (within),Paved,,Property Damage Only,0,0,0,0,0,0,7500,2,3,,POINT (-91.100478501473 42.780141171496)
2014819970,201403483,09/27/2014,09-September,7-Saturday,19:20,1900 Hours,District 6 (East Central),,LINN,,Co Rd W56/C AVE EXT,Non-collision events:  Other non-collision (explain in narrative),On Roadway,Non-collision (single vehicle),Lost Control,None Indicated,,Dark - roadway not lighted,Dry,Cloudy,None apparent,Non-intersection:  Non-junction/no special feature,Paved,,Minor Injury,0,1,0,1,0,0,3000,1,1,,POINT (-91.648427428793 42.091840051479)
2014822958,20140010105,09/27/2014,09-September,7-Saturday,09:53,0900 Hours,District 1 (Central),MARSHALLTOWN,MARSHALL,IA 14,IA 14/S CENTER ST & W SOUTH ST & E SOUTH ST,Collision with:  Vehicle in traffic,On Roadway,Broadside (front to side),FTYROW:  From stop sign,None Indicated,,Daylight,Dry,Cloudy,None apparent,Intersection:  Four-way intersection,Paved,,Property Damage Only,0,0,0,0,0,0,6000,2,3,,POINT (-92.912712721755 42.034667372394)
2014819067,14-32147,09/27/2014,09-September,7-Saturday,16:46,1600 Hours,District 3 (Northwest),SIOUX CITY,WOODBURY,,5TH ST & WESLEY PKWY & W 3RD ST,Collision with:  Vehicle in traffic,On Roadway,"Angle, oncoming left turn",Ran Traffic Signal,None Indicated,,Daylight,Dry,Clear,None apparent,Intersection:  Four-way intersection,Paved,,Property Damage Only,0,0,0,0,0,0,4000,2,2,,POINT (-96.410625624565 42.495211025862)
2014819417,SO14002290,09/27/2014,09-September,7-Saturday,14:50,1400 Hours,District 3 (Northwest),,PLYMOUTH,,Co Rd C44/250TH ST & Co Rd K49/MAHOGANY AVE,Collision with:  Vehicle in traffic,On Roadway,Broadside (front to side),FTYROW:  From stop sign,None Indicated,,Daylight,Dry,Cloudy,None apparent,Intersection:  Four-way intersection,Paved,,Major Injury,0,1,1,0,0,0,2000,2,2,,POINT (-96.155203846223 42.69247777133)
2014818717,14-004191,09/27/2014,09-September,7-Saturday,16:50,1600 Hours,District 1 (Central),ANKENY,POLK,,SW ORDNANCE RD & SW CHERRY ST,Collision with:  Vehicle in traffic,On Roadway,Broadside (front to side),FTYROW:  From stop sign,None Indicated,,Daylight,Dry,Clear,None apparent,Intersection:  Four-way intersection,Paved,,Possible/Unknown,0,1,0,0,1,0,7000,2,3,,POINT (-93.60730385983 41.724412789465)
2014819221,2014055609,09/27/2014,09-September,7-Saturday,01:25,0100 Hours,District 1 (Central),,STORY,I-35,I-35,Collision with:  Animal,,,Animal,None Indicated,,,,,,,Paved,,Property Damage Only,0,0,0,0,0,0,3000,1,1,,POINT (-93.570084974907 41.924412397816)
2014818707,14-6367,09/27/2014,09-September,7-Saturday,18:40,1800 Hours,District 1 (Central),GRIMES,POLK,IA 141,IA 141/IOWA 141,Collision with:  Vehicle in traffic,On Roadway,"Sideswipe, same direction",Crossed centerline (undivided),None Indicated,,Daylight,Dry,Clear,None apparent,Non-intersection:  Non-junction/no special feature,Paved,,Property Damage Only,0,0,0,0,0,0,2200,2,2,,POINT (-93.774557847899 41.694674681934)
2014818705,14-6362,09/27/2014,09-September,7-Saturday,13:28,1300 Hours,District 1 (Central),GRIMES,POLK,IA 44,IA 44/1ST ST,Non-collision events:  Other non-collision (explain in narrative),Outside trafficway,Non-collision (single vehicle),Swerving/Evasive Action,None Indicated,,Daylight,Dry,Cloudy,None apparent,Non-intersection:  Non-junction/no special feature,Paved,,Major Injury,0,1,1,0,0,0,0,1,1,,POINT (-93.795318233219 41.688372058094)
2014819748,20140003480,09/27/2014,09-September,7-Saturday,15:15,1500 Hours,District 6 (East Central),,LINN,,HINDMAN RD,Non-collision events:  Overturn/rollover,Shoulder,Non-collision (single vehicle),Driving too fast for conditions,None Indicated,,Daylight,"Mud, dirt",Clear,None apparent,Non-intersection:  Non-junction/no special feature,Unpaved,,Possible/Unknown,0,1,0,0,1,0,5000,1,1,,POINT (-91.52057786302 42.020671341525)
2014818805,14-011837,09/27/2014,09-September,7-Saturday,16:22,1600 Hours,District 1 (Central),GLADBROOK,TAMA,US 63,US 63 & IA 96/IOWA 96,Collision with:  Vehicle in traffic,On Roadway,Rear-end (front to rear),Other (explain in narrative):  Other,None Indicated,,Daylight,Dry,Clear,None apparent,Intersection:  T-intersection,Paved,,Property Damage Only,0,0,0,0,0,0,3000,2,2,,POINT (-92.581845035647 42.17423280066)
2014818935,CL14003433,09/27/2014,09-September,7-Saturday,11:50,1100 Hours,District 6 (East Central),CLINTON,CLINTON,US 67,US 67/N 2ND ST & 5TH AVE N,Collision with:  Vehicle in traffic,On Roadway,Head-on (front to front),FTYROW:  Making left turn,None Indicated,,Daylight,Dry,Clear,None apparent,Intersection:  Four-way intersection,Paved,,Possible/Unknown,0,2,0,0,2,0,8000,2,3,,POINT (-90.187824920563 41.848972021731)
2014820316,14-001127,09/27/2014,09-September,7-Saturday,14:50,1400 Hours,District 1 (Central),,STORY,I-35,I-35 & US 30,Collision with:  Vehicle in traffic,On Roadway,"Sideswipe, same direction",FTYROW:  Other (explain in narrative),None Indicated,,Daylight,Dry,Cloudy,None apparent,Non-intersection:  Other non-intersection (explain in narrative),Paved,,Property Damage Only,0,0,0,0,0,0,7500,2,3,,POINT (-93.571154055637 42.007700795816)
2014832009,1409270450,09/27/2014,09-September,7-Saturday,04:50,0400 Hours,District 6 (East Central),ANAMOSA,JONES,,CEMETERY RD & WALWORTH AVE,Collision with fixed object:  Curb/island/raised median,On Roadway,Non-collision (single vehicle),Crossed centerline (undivided),Alcohol (Statutory),,Dark - roadway lighted,Dry,Cloudy,None apparent,Intersection:  T-intersection,Paved,,Property Damage Only,0,0,0,0,0,0,2200,1,1,,POINT (-91.291312428498 42.102621893927)
2014818769,14-2148,09/27/2014,09-September,7-Saturday,07:40,0700 Hours,District 1 (Central),URBANDALE,POLK,I-35,I-35,Collision with fixed object:  Concrete traffic barrier (median or right side),Median,Non-collision (single vehicle),Ran off road - left,None Indicated,,Daylight,Wet,Rain,None apparent,Non-intersection:  Non-junction/no special feature,Paved,,Major Injury,0,1,1,0,0,0,4000,1,1,,POINT (-93.770081382287 41.650831246411)
2014818970,2014055616,09/27/2014,09-September,7-Saturday,04:27,0400 Hours,District 6 (East Central),,BENTON,US 30,US 30/73 ST & Co Rd W14/27 AVE,Non-collision events:  Overturn/rollover,Shoulder,Non-collision (single vehicle),Ran off road - right,None Indicated,,Dark - roadway not lighted,Dry,Clear,None apparent,Non-intersection:  Non-junction/no special feature,Paved,,Property Damage Only,0,0,0,0,0,0,5000,1,1,,POINT (-91.970309326987 41.963307408749)
2014819564,14-25777,09/27/2014,09-September,7-Saturday,19:18,1900 Hours,District 1 (Central),NEWTON,JASPER,,S 60TH AVE W,Collision with:  Animal,On Roadway,Non-collision (single vehicle),Animal,None Indicated,,Dark - roadway not lighted,Dry,Clear,None apparent,Non-intersection:  Non-junction/no special feature,Paved,,Property Damage Only,0,0,0,0,0,0,3000,1,1,,POINT (-93.074866194174 41.630291987394)
2014819068,14-32160,09/27/2014,09-September,7-Saturday,19:02,1900 Hours,District 3 (Northwest),SIOUX CITY,WOODBURY,,27TH ST & CHEYENNE BLVD & DUPONT ST,Collision with:  Animal,,,Animal,None Indicated,,,,,,,Paved,,Property Damage Only,0,0,0,0,0,0,4000,1,1,,POINT (-96.388679054583 42.517563588541)
2014818732,20140028627,09/27/2014,09-September,7-Saturday,06:39,0600 Hours,District 1 (Central),DES MOINES,POLK,I-235,I-235,Collision with:  Vehicle in traffic,On Roadway,"Sideswipe, same direction",Driving too fast for conditions,None Indicated,,Dark - roadway lighted,Wet,Rain,"Surface condition (e.g., wet, icy)",Non-intersection:  Non-junction/no special feature,Paved,,Possible/Unknown,0,1,0,0,1,0,6000,2,2,,POINT (-93.663184874674 41.593158160078)
2014818833,14-16585,09/27/2014,09-September,7-Saturday,15:03,1500 Hours,District 5 (Southeast),,HENRY,,Co Rd H28/170TH ST & Co Rd W66/OASIS AVE,Collision with fixed object:  Ditch,On Roadway,Non-collision (single vehicle),Ran off road - straight,None Indicated,,Daylight,Dry,Clear,None apparent,Intersection:  Four-way intersection,Paved,,Minor Injury,0,3,0,3,0,0,7000,1,3,,POINT (-91.438193649576 41.060192064687)
2014818928,2014010797,09/27/2014,09-September,7-Saturday,01:07,0100 Hours,District 6 (East Central),IOWA CITY,JOHNSON,,LAKESIDE DR,Collision with:  Vehicle in traffic,On Roadway,"Angle, oncoming left turn",FTYROW:  Making left turn,None Indicated,,Dark - roadway lighted,Dry,Clear,None apparent,Non-intersection:  Driveway access (within),Paved,,Property Damage Only,0,0,0,0,0,0,4500,2,2,,POINT (-91.497647785844 41.635224613717)
2014819154,2014-038175,09/27/2014,09-September,7-Saturday,12:21,1200 Hours,District 6 (East Central),DUBUQUE,DUBUQUE,US 20,US 20/DODGE ST,Non-collision events:  Other non-collision (explain in narrative),On Roadway,Non-collision (single vehicle),Swerving/Evasive Action,None Indicated,,Daylight,Dry,Clear,None apparent,Non-intersection:  Non-junction/no special feature,Paved,,Minor Injury,0,1,0,1,0,0,0,1,1,,POINT (-90.700181090728 42.491282467738)
2014821297,14-600,09/27/2014,09-September,7-Saturday,16:56,1600 Hours,District 6 (East Central),,JACKSON,,Co Rd Z34/435 AVE & 133 ST,Collision with:  Vehicle in traffic,On Roadway,Broadside (front to side),FTYROW:  From stop sign,None Indicated,,Daylight,Dry,Cloudy,None apparent,Intersection:  T-intersection,Paved,,Property Damage Only,0,0,0,0,0,0,4800,2,3,,POINT (-90.385885229323 42.149751546216)
2014818902,14-041338,09/27/2014,09-September,7-Saturday,22:11,2200 Hours,District 4 (Southwest),COUNCIL BLUFFS,POTTAWATTAMIE,,HARRAHS BLVD,Unknown,Outside trafficway,"Sideswipe, opposite direction",Other (explain in narrative):  Other,Alcohol (Statutory),,Dark - roadway lighted,Dry,Clear,None apparent,Non-intersection:  Non-junction/no special feature,Paved,,Property Damage Only,0,0,0,0,0,0,2000,3,1,,POINT (-95.915810938768 41.252199650633)
2014820706,2014-73-AC,09/27/2014,09-September,7-Saturday,20:10,2000 Hours,District 3 (Northwest),WAHPETON,DICKINSON,IA 86,IA 86/IOWA 86 & EDGEWOOD DR,Collision with:  Animal,,,Animal,None Indicated,,,,,,,Paved,,Property Damage Only,0,0,0,0,0,0,2500,1,1,,POINT (-95.180076661317 43.365181814153)
2014818864,14-4804,09/27/2014,09-September,7-Saturday,13:50,1300 Hours,District 1 (Central),WEST DES MOINES,POLK,I-235,I-235,Collision with:  Vehicle in traffic,On Roadway,Rear-end (front to rear),Followed too close,None Indicated,,Daylight,Dry,Cloudy,None apparent,Non-intersection:  Non-junction/no special feature,Paved,,Minor Injury,0,1,0,1,0,0,6000,2,2,,POINT (-93.75992996833 41.592244131879)
2014819092,SA1408145,09/27/2014,09-September,7-Saturday,15:50,1500 Hours,District 5 (Southeast),,WASHINGTON,,WILLOW AVE,Collision with fixed object:  Ditch,On Roadway,Non-collision (single vehicle),Over correcting/over steering,None Indicated,,Daylight,"Mud, dirt",Clear,None apparent,Non-intersection:  Non-junction/no special feature,Unpaved,,Property Damage Only,0,0,0,0,0,0,5000,1,3,,POINT (-91.522823060722 41.359573802628)
2014818922,14-041289,09/27/2014,09-September,7-Saturday,17:00,1700 Hours,District 4 (Southwest),COUNCIL BLUFFS,POTTAWATTAMIE,I-29,I-29,Non-collision events:  Overturn/rollover,On Roadway,Non-collision (single vehicle),Unknown,None Indicated,,Daylight,Dry,Clear,None apparent,Non-intersection:  Non-junction/no special feature,Paved,,Property Damage Only,0,0,0,0,0,0,5000,1,1,,POINT (-95.901403394827 41.238919335299)
2014818911,14003454,09/27/2014,09-September,7-Saturday,20:00,2000 Hours,District 5 (Southeast),,KEOKUK,,150TH ST,Collision with fixed object:  Ditch,On Roadway,Non-collision (single vehicle),Ran off road - right,None Indicated,,Dark - roadway not lighted,Dry,Clear,None apparent,Non-intersection:  Non-junction/no special feature,Unpaved,,Property Damage Only,0,0,0,0,0,0,7000,1,1,,POINT (-92.144059344635 41.438553283737)
2014819416,SO14002289,09/27/2014,09-September,7-Saturday,13:11,1300 Hours,District 3 (Northwest),,PLYMOUTH,,LYNX AVE & 260TH ST,Collision with:  Vehicle in traffic,On Roadway,Broadside (front to side),FTYROW:  At uncontrolled intersection,None Indicated,,Daylight,Dry,Clear,None apparent,Intersection:  Four-way intersection,Unpaved,,Property Damage Only,0,0,0,0,0,0,30200,2,2,,POINT (-96.174632352472 42.678028531845)
2014818758,20140028750,09/28/2014,09-September,1-Sunday,11:15,1100 Hours,District 1 (Central),DES MOINES,POLK,US 69,US 69/SE 14TH ST & E LACONA AVE,Collision with:  Vehicle in traffic,On Roadway,Rear-end (front to rear),Driver Distraction:  Manual operation of an electronic communication device,None Indicated,,Daylight,Dry,Clear,None apparent,Non-intersection:  Non-junction/no special feature,Paved,,Possible/Unknown,0,2,0,0,2,0,11000,2,2,,POINT (-93.596937270751 41.564085453793)
2014819327,2014-68645,09/28/2014,09-September,1-Sunday,16:20,1600 Hours,District 6 (East Central),DAVENPORT,SCOTT,,W 7TH ST & TAYLOR ST,Collision with:  Vehicle in traffic,On Roadway,Broadside (front to side),Ran Stop Sign,None Indicated,,Daylight,Dry,Clear,None apparent,Intersection:  Four-way intersection,Paved,,Property Damage Only,0,0,0,0,0,0,6000,2,4,,POINT (-90.592502574552 41.526735779734)
2014819223,2014055894,09/28/2014,09-September,1-Sunday,22:20,2200 Hours,District 1 (Central),,JASPER,I-80,I-80,Non-collision events:  Overturn/rollover,Shoulder,Non-collision (single vehicle),Ran off road - right,None Indicated,,Dark - roadway not lighted,Dry,Clear,None apparent,Non-intersection:  Non-junction/no special feature,Paved,,Minor Injury,0,1,0,1,0,0,5000,1,1,,POINT (-92.83508329924 41.695175967858)
2014819491,201414456,09/28/2014,09-September,1-Sunday,16:07,1600 Hours,District 6 (East Central),CEDAR RAPIDS,LINN,I-380,I-380 & IA 922/1ST AVE/1ST AVE W & 3RD ST SW & 3RD ST NW,Collision with:  Vehicle in traffic,On Roadway,Broadside (front to side),Ran Traffic Signal,None Indicated,,Daylight,Dry,Clear,None apparent,Intersection:  Four-way intersection,Paved,,Minor Injury,0,2,0,1,1,0,12000,2,2,,POINT (-91.675702708089 41.975651816104)
2014820707,2014-74-AC,09/28/2014,09-September,1-Sunday,19:10,1900 Hours,District 3 (Northwest),TERRIL,DICKINSON,,230TH ST,Collision with fixed object:  Ditch,On Roadway,Non-collision (single vehicle),Driving too fast for conditions,None Indicated,,Daylight,"Mud, dirt",Cloudy,None apparent,Non-intersection:  Non-junction/no special feature,Unpaved,,Property Damage Only,0,0,0,0,0,0,5200,1,1,,POINT (-94.916965365004 43.312998635069)
2014820204,14-11383,09/28/2014,09-September,1-Sunday,16:40,1600 Hours,District 3 (Northwest),,SIOUX,,Co Rd B46/420TH ST & JAY AVE,Non-collision events:  Overturn/rollover,Shoulder,Non-collision (single vehicle),Driving too fast for conditions,Alcohol (Statutory),,Daylight,"Mud, dirt",Cloudy,None apparent,Non-intersection:  Non-junction/no special feature,Unpaved,,Property Damage Only,0,0,0,0,0,0,2000,1,1,,POINT (-96.036971581696 43.041245242811)
2014818972,2014055759,09/28/2014,09-September,1-Sunday,01:20,0100 Hours,District 1 (Central),,POWESHIEK,I-80,I-80,Collision with:  Animal,On Roadway,Non-collision (single vehicle),Animal,None Indicated,,Dark - roadway not lighted,Dry,Clear,None apparent,Non-intersection:  Non-junction/no special feature,Paved,,Property Damage Only,0,0,0,0,0,0,11028,1,2,,POINT (-92.643087827623 41.695802923775)
2014819156,2014-038208,09/28/2014,09-September,1-Sunday,15:06,1500 Hours,District 6 (East Central),DUBUQUE,DUBUQUE,US 52,US 52/CENTRAL AVE & W 15TH ST & E 15TH ST,Collision with:  Non-motorist (see non-motorist section - NOT a unit),On Roadway,Non-collision (single vehicle),FTYROW:  Making left turn,None Indicated,,Daylight,Dry,Clear,None apparent,Intersection:  Four-way intersection,Paved,,Minor Injury,0,1,0,1,0,0,500,1,2,,POINT (-90.668173407665 42.507159952363)
2014821035,S79140319,09/28/2014,09-September,1-Sunday,10:29,1000 Hours,District 1 (Central),,POWESHIEK,,350TH AVE,Non-collision events:  Overturn/rollover,Outside trafficway,Non-collision (single vehicle),Ran off road - left,None Indicated,,Daylight,"Mud, dirt",Clear,None apparent,Non-intersection:  Non-junction/no special feature,Unpaved,,Possible/Unknown,0,1,0,0,1,0,2750,1,1,,POINT (-92.50282569117 41.789927637611)
2014821806,,09/28/2014,09-September,1-Sunday,09:15,0900 Hours,District 5 (Southeast),WAPELLO,LOUISA,US 61,US 61/S BAXTER ST,Collision with:  Vehicle in traffic,On Roadway,Rear-end (front to rear),Ran Traffic Signal,None Indicated,,Daylight,Unknown,Unknown,Unknown,Unknown,Paved,,Possible/Unknown,0,2,0,0,2,0,5500,2,6,,POINT (-91.18756860511 41.171456893399)
2014818709,13-6377,09/28/2014,09-September,1-Sunday,11:28,1100 Hours,District 1 (Central),BONDURANT,POLK,US 65,US 65/HUBBELL AVE & GRANT ST S,Collision with:  Vehicle in traffic,On Roadway,Rear-end (front to rear),Other (explain in narrative):  Other,None Indicated,,Daylight,Dry,Clear,None apparent,Intersection:  Four-way intersection,Paved,,Possible/Unknown,0,3,0,0,3,0,2500,2,5,,POINT (-93.462044626386 41.687727248095)
2014822195,14-09341,09/28/2014,09-September,1-Sunday,18:07,1800 Hours,District 5 (Southeast),MOUNT PLEASANT,HENRY,,E HENRY ST,Collision with fixed object:  Utility pole/light support,On Roadway,Non-collision (single vehicle),Exceeded authorized speed,None Indicated,,Daylight,Dry,Clear,None apparent,Intersection:  Four-way intersection,Paved,,Possible/Unknown,0,1,0,0,1,0,7000,1,1,,POINT (-91.548841670733 40.968272888812)
2014819070,14-32192,09/28/2014,09-September,1-Sunday,00:33,0000 Hours,District 3 (Northwest),SIOUX CITY,WOODBURY,,3RD ST & PIERCE ST,Collision with:  Vehicle in traffic,On Roadway,Rear-end (front to rear),Followed too close,Alcohol (Statutory),,Dark - roadway lighted,Dry,Clear,None apparent,Intersection:  Four-way intersection,Paved,,Minor Injury,0,1,0,1,0,0,7000,2,3,,POINT (-96.404913045546 42.493084939081)
2014819539,2014010183,09/28/2014,09-September,1-Sunday,18:45,1800 Hours,District 1 (Central),MARSHALLTOWN,MARSHALL,,W GRANT ST,Collision with:  Parked motor vehicle,On Roadway,Unknown,Improper Backing,None Indicated,,Daylight,Dry,Clear,None apparent,Non-intersection:  Non-junction/no special feature,Paved,,Property Damage Only,0,0,0,0,0,0,2400,2,1,,POINT (-92.916616269031 42.052161089366)
2014819175,147269,09/28/2014,09-September,1-Sunday,08:00,0800 Hours,District 4 (Southwest),,DALLAS,I-80,I-80,Collision with fixed object:  Ditch,On Roadway,Non-collision (single vehicle),Swerving/Evasive Action,None Indicated,,Daylight,Dry,Clear,None apparent,Non-intersection:  Non-junction/no special feature,Paved,,Minor Injury,0,1,0,1,0,0,4000,1,1,,POINT (-93.872765630109 41.564015969891)
2014818759,20140028752,09/28/2014,09-September,1-Sunday,12:22,1200 Hours,District 1 (Central),DES MOINES,POLK,US 6,US 6/E EUCLID AVE,Collision with:  Vehicle in traffic,On Roadway,Rear-end (front to rear),Followed too close,None Indicated,,Daylight,Dry,Clear,None apparent,Non-intersection:  Non-junction/no special feature,Paved,,Property Damage Only,0,0,0,0,0,0,6000,2,3,,POINT (-93.553585865255 41.627722408026)
2014818710,14-6375,09/28/2014,09-September,1-Sunday,07:49,0700 Hours,District 1 (Central),,POLK,,Co Rd F38/NE 78TH AVE & NE 56TH ST,Collision with:  Vehicle in traffic,On Roadway,Broadside (front to side),FTYROW:  From stop sign,None Indicated,,Daylight,Dry,Clear,None apparent,Intersection:  Four-way intersection,Paved,,Fatal,1,1,1,0,0,0,28000,2,2,,POINT (-93.503077570819 41.702885052718)
2014819490,201414450,09/28/2014,09-September,1-Sunday,13:16,1300 Hours,District 6 (East Central),CEDAR RAPIDS,LINN,,32ND ST NE & C AVE NE,Collision with:  Vehicle in traffic,On Roadway,"Angle, oncoming left turn",FTYROW:  From stop sign,None Indicated,,Daylight,Dry,Clear,None apparent,Intersection:  T-intersection,Paved,,Property Damage Only,0,0,0,0,0,0,1501,2,3,,POINT (-91.63840222856 42.009863062495)
2014818763,20140028782,09/28/2014,09-September,1-Sunday,17:07,1700 Hours,District 1 (Central),DES MOINES,POLK,,E LOCUST ST & E 5TH ST,Collision with:  Vehicle in traffic,On Roadway,"Angle, oncoming left turn",FTYROW:  Making left turn,None Indicated,,Daylight,Dry,Cloudy,None apparent,Intersection:  Four-way intersection,Paved,,Property Damage Only,0,0,0,0,0,0,1500,2,2,,POINT (-93.611186695503 41.589699332129)
2014818917,CL14003454,09/28/2014,09-September,1-Sunday,21:27,2100 Hours,District 6 (East Central),CLINTON,CLINTON,,N 18TH ST,Collision with:  Animal,On Roadway,Non-collision (single vehicle),Animal,None Indicated,,Dark - roadway not lighted,Dry,Clear,None apparent,Non-intersection:  Non-junction/no special feature,Paved,,Possible/Unknown,0,1,0,0,1,0,8000,1,2,,POINT (-90.228375591859 41.850732977565)
2014819215,2014055755,09/28/2014,09-September,1-Sunday,00:20,0000 Hours,District 4 (Southwest),,POTTAWATTAMIE,I-80,I-80,Collision with:  Vehicle in traffic,On Roadway,"Sideswipe, opposite direction",Crossed centerline (undivided),None Indicated,,Dark - roadway not lighted,Dry,Clear,None apparent,Non-intersection:  Non-junction/no special feature,Paved,,Minor Injury,0,3,0,2,1,0,8500,2,3,,POINT (-95.486899657511 41.498935612272)
2014819015,14-004197,09/28/2014,09-September,1-Sunday,14:25,1400 Hours,District 1 (Central),ANKENY,POLK,,NE MICHAEL DR,Collision with:  Vehicle in traffic,On Roadway,Broadside (front to side),Improper Backing,None Indicated,,Daylight,Dry,Clear,None apparent,Non-intersection:  Non-junction/no special feature,Paved,,Property Damage Only,0,0,0,0,0,0,2250,2,3,,POINT (-93.585130080895 41.770382533974)
2014818711,14-6379,09/28/2014,09-September,1-Sunday,14:31,1400 Hours,District 1 (Central),,POLK,,NE 94TH AVE & NE 64TH ST,Collision with:  Vehicle in traffic,On Roadway,"Sideswipe, same direction",Other (explain in narrative):  Other,None Indicated,,Daylight,Dry,Clear,None apparent,Intersection:  Other intersection (explain in narrative),Paved,,Property Damage Only,0,0,0,0,0,0,5000,2,4,,POINT (-93.483643030653 41.731755098682)
2014819414,2014-68554,09/28/2014,09-September,1-Sunday,03:08,0300 Hours,District 6 (East Central),DAVENPORT,SCOTT,,W 9TH ST & GAINES ST,Collision with:  Vehicle in traffic,On Roadway,Broadside (front to side),Made improper turn,None Indicated,,Dark - roadway lighted,Dry,Clear,None apparent,Non-intersection:  Non-junction/no special feature,Paved,,Property Damage Only,0,0,0,0,0,0,3000,2,4,,POINT (-90.582859195057 41.528866045026)
2014818890,14-0548,09/28/2014,09-September,1-Sunday,00:52,0000 Hours,District 1 (Central),FORT DODGE,WEBSTER,,Co Rd P56/NELSON AVE,Collision with fixed object:  Ditch,Shoulder,Non-collision (single vehicle),Ran off road - right,None Indicated,,Dark - roadway not lighted,Dry,Clear,None apparent,Non-intersection:  Non-junction/no special feature,Paved,,Property Damage Only,0,0,0,0,0,0,4500,1,1,,POINT (-94.178243218761 42.542302953604)
2014819229,,09/28/2014,09-September,1-Sunday,22:23,2200 Hours,District 5 (Southeast),,LUCAS,,Co Rd H32/340TH AVE,,On Roadway,Non-collision (single vehicle),Equipment failure,None Indicated,,Unknown,"Mud, dirt",Clear,Unknown,Non-intersection:  Non-junction/no special feature,Unpaved,,Property Damage Only,0,0,0,0,0,0,3000,1,1,,POINT (-93.102967001321 41.066298740694)
2014819011,14-004199,09/28/2014,09-September,1-Sunday,16:17,1600 Hours,District 1 (Central),ANKENY,POLK,,SE MAGAZINE RD & SE DELAWARE AVE,Collision with:  Vehicle in traffic,On Roadway,Rear-end (front to rear),Other (explain in narrative):  Other,None Indicated,,Daylight,Dry,Clear,None apparent,Intersection:  Four-way intersection,Paved,,Property Damage Only,0,0,0,0,0,0,1500,2,3,,POINT (-93.581186816743 41.717378238645)