Iowa DOT Case Number,Law Enforcement Case Number,Date of Crash,Month of Crash,Day of Week,Time of Crash,Hour,DOT District,City Name,County Name,Route with System,Location Description,First Harmful Event,Location of First Harmful Event,Manner of Crash/Collision,Major Cause,Drug or Alcohol ,Environmental Conditions,Light Conditions,Surface Conditions,Weather Conditions,Roadway Contribution,Roadway Type,Roadway Surface,Work Zone,Crash Severity,Number of Fatalities,Number of Injuries,Number of Major Injuries,Number of Minor Injuries,Number of Possible Injuries,Number of Unknown Injuries,Amount of Property Damage,Number of Vehicles Involved,Total Number of Occupants,Travel Direction,Location
2014818665,P14-011186,09/28/2014,09-September,1-Sunday,08:57,0800 Hours,District 1 (Central),WEBSTER CITY,HAMILTON,,DIVISION ST & PROSPECT ST,Collision with:  Vehicle in traffic,On Roadway,Broadside (front to side),FTYROW:  From stop sign,None Indicated,,Daylight,Dry,Clear,None apparent,Intersection:  Four-way intersection,Paved,,Property Damage Only,0,0,0,0,0,0,2000,2,2,,POINT (-93.823707118063 42.467572112246)
2014818678,201414434,09/28/2014,09-September,1-Sunday,08:49,0800 Hours,District 6 (East Central),CEDAR RAPIDS,LINN,,MOUNT VERNON RD SE & 39TH ST SE,Collision with:  Vehicle in traffic,On Roadway,Rear-end (front to rear),Lost Control,None Indicated,,Daylight,Dry,Clear,None apparent,Non-intersection:  Non-junction/no special feature,Paved,,Possible/Unknown,0,1,0,0,1,0,13000,2,2,,POINT (-91.612781278786 41.976845007444)
2014819621,201400047806,09/28/2014,09-September,1-Sunday,12:03,1200 Hours,District 5 (Southeast),OTTUMWA,WAPELLO,US 34,US 34,Collision with:  Vehicle in traffic,On Roadway,Rear-end (front to rear),Followed too close,None Indicated,,Daylight,Dry,Clear,None apparent,Non-intersection:  Non-junction/no special feature,Paved,,Possible/Unknown,0,1,0,0,1,0,4000,2,4,,POINT (-92.435669554053 41.018345964219)
2014819008,14-005783,09/28/2014,09-September,1-Sunday,06:10,0600 Hours,District 3 (Northwest),,OBRIEN,,Co Rd B40/390TH ST,Collision with fixed object:  Ditch,Roadside,Non-collision (single vehicle),Ran off road - left,None Indicated,,Dark - roadway not lighted,Dry,Clear,None apparent,Non-intersection:  Non-junction/no special feature,Paved,,Property Damage Only,0,0,0,0,0,0,4000,1,1,,POINT (-95.7216619361 43.084400479497)
2014819751,201403495,09/28/2014,09-September,1-Sunday,13:55,1300 Hours,District 6 (East Central),,LINN,,Co Rd E16/CEDAR RIDGE RD,Non-collision events:  Other non-collision (explain in narrative),On Roadway,Non-collision (single vehicle),Driving too fast for conditions,None Indicated,,Daylight,"Mud, dirt",Clear,None apparent,Non-intersection:  Non-junction/no special feature,Unpaved,,Possible/Unknown,0,2,0,0,2,0,6000,1,4,,POINT (-91.822508378875 42.182893501128)
2014819682,14-024067,09/28/2014,09-September,1-Sunday,16:18,1600 Hours,District 5 (Southeast),,MARION,,Co Rd G28/HWY G28 & AMSTERDAM DR,Non-collision events:  Other non-collision (explain in narrative),Shoulder,Non-collision (single vehicle),Swerving/Evasive Action,None Indicated,,Daylight,Dry,Clear,None apparent,Non-intersection:  Non-junction/no special feature,Paved,,Possible/Unknown,0,2,0,0,2,0,1600,2,2,,POINT (-93.015435172096 41.412236664563)
2014819224,2014055899,09/28/2014,09-September,1-Sunday,23:57,2300 Hours,District 4 (Southwest),,DALLAS,,ZOOK SPUR RD,Collision with:  Animal,,,Animal,None Indicated,,,,,,,Unpaved,,Property Damage Only,0,0,0,0,0,0,2500,1,1,,POINT (-93.818064332303 41.82756781886)
2014818673,14147473,09/28/2014,09-September,1-Sunday,10:08,1000 Hours,District 6 (East Central),,JOHNSON,,Co Rd F12/120TH ST & L RD,Collision with fixed object:  Ditch,Roadside,Non-collision (single vehicle),Ran off road - right,None Indicated,,Daylight,Dry,Clear,None apparent,Intersection:  Four-way intersection,Paved,,Minor Injury,0,1,0,1,0,0,2500,1,1,,POINT (-91.71943753092 41.847480340948)
2014820049,2014010178,09/28/2014,09-September,1-Sunday,17:30,1700 Hours,District 1 (Central),MARSHALLTOWN,MARSHALL,IA 14,IA 14/N 3RD AVE & E STATE ST,Collision with:  Vehicle in traffic,On Roadway,Broadside (front to side),FTYROW:  Making left turn,None Indicated,,Daylight,Dry,Clear,None apparent,Intersection:  Four-way intersection,Paved,,Property Damage Only,0,0,0,0,0,0,10000,2,2,,POINT (-92.908014578341 42.050398233122)
2014819686,14-1170,09/28/2014,09-September,1-Sunday,16:33,1600 Hours,District 1 (Central),CLIVE,POLK,,UNIVERSITY AVE,Collision with:  Vehicle in traffic,On Roadway,"Angle, oncoming left turn",FTYROW:  From stop sign,None Indicated,,Daylight,Dry,Clear,None apparent,Intersection:  Four-way intersection,Paved,,Property Damage Only,0,0,0,0,0,0,4000,2,4,,POINT (-93.760350299192 41.600455925782)
2014820359,145194,09/28/2014,09-September,1-Sunday,02:48,0200 Hours,District 1 (Central),IOWA FALLS,HARDIN,,INDIANA AVE,Collision with:  Vehicle in traffic,On Roadway,Broadside (front to side),Lost Control,None Indicated,,Dark - roadway lighted,Dry,Clear,None apparent,Non-intersection:  Non-junction/no special feature,Paved,,Property Damage Only,0,0,0,0,0,0,7000,2,777,,POINT (-93.282105470316 42.520365551757)
2014818923,14-34635,09/28/2014,09-September,1-Sunday,15:24,1500 Hours,District 5 (Southeast),BURLINGTON,DES MOINES,,DIVISION ST & CENTRAL AVE,Collision with:  Vehicle in traffic,On Roadway,"Sideswipe, same direction",Improper or erratic lane changing,None Indicated,,Daylight,Dry,Clear,None apparent,Non-intersection:  Non-junction/no special feature,Paved,,Property Damage Only,0,0,0,0,0,0,3000,2,5,,POINT (-91.112884905555 40.807657563591)
2014819075,14-32284,09/28/2014,09-September,1-Sunday,21:00,2100 Hours,District 3 (Northwest),SIOUX CITY,WOODBURY,I-29,I-29,Collision with:  Vehicle in traffic,On Roadway,Broadside (front to side),Ran Traffic Signal,None Indicated,,Dark - roadway lighted,Dry,Clear,None apparent,Intersection:  Four-way intersection,Paved,,Possible/Unknown,0,1,0,0,1,0,15000,3,3,,POINT (-96.412524632578 42.491426577938)
2014819252,14-34639,09/28/2014,09-September,1-Sunday,16:25,1600 Hours,District 5 (Southeast),,DES MOINES,,Co Rd X99/DMC 99,Collision with fixed object:  Ditch,Roadside,Non-collision (single vehicle),Swerving/Evasive Action,None Indicated,,Daylight,Dry,Clear,None apparent,Non-intersection:  Non-junction/no special feature,Paved,,Minor Injury,0,1,0,1,0,0,5000,1,1,,POINT (-91.045660675982 41.029134251341)
2014819560,14041167,09/28/2014,09-September,1-Sunday,10:41,1000 Hours,District 5 (Southeast),,MUSCATINE,,Co Rd Y26/VAIL AVE & NEW ERA RD,Collision with fixed object:  Ditch,Shoulder,Non-collision (single vehicle),Ran off road - left,None Indicated,,Daylight,Dry,Clear,None apparent,Non-intersection:  Non-junction/no special feature,Unpaved,,Possible/Unknown,0,1,0,0,1,0,8000,1,2,,POINT (-90.911118319758 41.467804047642)
2014818761,20140028765,09/28/2014,09-September,1-Sunday,15:01,1500 Hours,District 1 (Central),DES MOINES,POLK,,AURORA AVE,Collision with:  Vehicle in traffic,On Roadway,Broadside (front to side),Other (explain in narrative):  Other,None Indicated,,Daylight,Dry,Clear,None apparent,Non-intersection:  Non-junction/no special feature,Paved,,Possible/Unknown,0,1,0,0,1,0,3800,2,3,,POINT (-93.696781285113 41.636707392031)
2014820372,,09/28/2014,09-September,1-Sunday,20:00,2000 Hours,District 6 (East Central),,CLINTON,US 30,US 30,Collision with:  Animal,On Roadway,Non-collision (single vehicle),Animal,None Indicated,,Dark - roadway not lighted,Dry,Clear,,Non-intersection:  Non-junction/no special feature,Paved,,Property Damage Only,0,0,0,0,0,0,7000,1,2,,POINT (-90.88219169804 41.839639005476)
2014820921,14-060928-01,09/28/2014,09-September,1-Sunday,16:45,1600 Hours,District 6 (East Central),,IOWA,,MM AVE,Collision with fixed object:  Tree,On Roadway,Non-collision (single vehicle),Ran off road - right,None Indicated,,Daylight,"Mud, dirt",Cloudy,None apparent,Non-intersection:  Non-junction/no special feature,Unpaved,,Major Injury,0,1,1,0,0,0,4000,1,1,,POINT (-92.052391198992 41.581708090794)
2014819124,2014-012985,09/28/2014,09-September,1-Sunday,14:23,1400 Hours,District 6 (East Central),,DUBUQUE,US 20,US 20,Non-collision events:  Other non-collision (explain in narrative),On Roadway,Non-collision (single vehicle),Over correcting/over steering,None Indicated,,Daylight,Dry,Clear,None apparent,Non-intersection:  Non-junction/no special feature,Paved,,Property Damage Only,0,0,0,0,0,0,2000,1,1,,POINT (-90.811428103508 42.440105249818)
2014819033,14-2155,09/28/2014,09-September,1-Sunday,14:54,1400 Hours,District 1 (Central),URBANDALE,POLK,,MEREDITH DR & 72ND ST,Collision with:  Vehicle in traffic,On Roadway,"Angle, oncoming left turn",FTYROW:  Making left turn,None Indicated,,Daylight,Dry,Clear,None apparent,Intersection:  Four-way intersection,Paved,,Possible/Unknown,0,2,0,0,2,0,10000,2,3,,POINT (-93.717019401313 41.643842695167)
2014818936,14-001133,09/28/2014,09-September,1-Sunday,05:55,0500 Hours,District 1 (Central),HUXLEY,STORY,I-35,I-35,Collision with:  Animal,,,Animal,None Indicated,,,,,,,Paved,,Property Damage Only,0,0,0,0,0,0,8000,1,1,,POINT (-93.570931781826 41.903053174966)
2014818740,20140028726,09/28/2014,09-September,1-Sunday,03:24,0300 Hours,District 1 (Central),DES MOINES,POLK,,SW 3RD ST & SW 2ND ST,Collision with:  Non-motorist (see non-motorist section - NOT a unit),On Roadway,Non-collision (single vehicle),Unknown,Alcohol (Statutory),,Dark - roadway lighted,Dry,Clear,None apparent,Non-intersection:  Non-junction/no special feature,Paved,,Major Injury,0,1,1,0,0,0,1600,1,1,,POINT (-93.618090786328 41.578934777364)
2014818881,14-041398,09/28/2014,09-September,1-Sunday,10:20,1000 Hours,District 4 (Southwest),COUNCIL BLUFFS,POTTAWATTAMIE,,6TH AVE & S 25TH ST,Collision with:  Vehicle in traffic,On Roadway,Broadside (front to side),FTYROW:  From stop sign,None Indicated,,Daylight,Dry,Clear,None apparent,Intersection:  Four-way intersection,Paved,,Property Damage Only,0,0,0,0,0,0,3500,2,3,,POINT (-95.881955353612 41.256295044332)
2014819293,H14-97482,09/28/2014,09-September,1-Sunday,20:00,2000 Hours,District 2 (Northeast),HUDSON,BLACK HAWK,,W SHAULIS RD & METZ RD,Non-collision events:  Overturn/rollover,On Roadway,Non-collision (single vehicle),"Operating vehicle in an reckless, erratic, careless, negligent manner",None Indicated,,Dark - roadway not lighted,"Mud, dirt",Clear,None apparent,Intersection:  T-intersection,Unpaved,,Minor Injury,0,3,0,1,2,0,7000,1,4,,POINT (-92.456243825177 42.442944893058)
2014818903,14-041460,09/28/2014,09-September,1-Sunday,19:29,1900 Hours,District 4 (Southwest),COUNCIL BLUFFS,POTTAWATTAMIE,,S 24TH ST,Collision with:  Vehicle in traffic,On Roadway,Rear-end (front to rear),Improper Backing,None Indicated,,Dark - roadway lighted,Dry,Clear,None apparent,Non-intersection:  Other non-intersection (explain in narrative),Paved,,Property Damage Only,0,0,0,0,0,0,2500,2,4,,POINT (-95.879229962979 41.232838698886)
2014818949,14-041453,09/28/2014,09-September,1-Sunday,16:35,1600 Hours,District 4 (Southwest),COUNCIL BLUFFS,POTTAWATTAMIE,I-29,I-29,Collision with:  Vehicle in traffic,On Roadway,Rear-end (front to rear),Unknown,None Indicated,,Daylight,Dry,Clear,None apparent,Interchange-related:  Off-ramp,Paved,,Possible/Unknown,0,1,0,0,1,0,0,2,2,,POINT (-95.851633142282 41.230607930464)
2014818993,1409282771,09/28/2014,09-September,1-Sunday,12:50,1200 Hours,District 6 (East Central),,CLINTON,US 30,US 30,Collision with fixed object:  Traffic sign support,Shoulder,Non-collision (single vehicle),Swerving/Evasive Action,None Indicated,,Daylight,Dry,Clear,None apparent,Non-intersection:  Non-junction/no special feature,Paved,,Property Damage Only,0,0,0,0,0,0,2000,1,1,,POINT (-90.382657909943 41.815674802139)
2014818771,14-2158,09/28/2014,09-September,1-Sunday,19:15,1900 Hours,District 1 (Central),URBANDALE,POLK,,MEREDITH DR &  NW URBANDALE DR,Collision with:  Vehicle in traffic,On Roadway,Rear-end (front to rear),Other (explain in narrative):  Other,None Indicated,,Dusk,Dry,Clear,None apparent,Intersection:  Four-way intersection,Paved,,Property Damage Only,0,0,0,0,0,0,2000,2,2,,POINT (-93.765796906908 41.643969420491)
2014818701,14005789,09/28/2014,09-September,1-Sunday,17:39,1700 Hours,District 3 (Northwest),SHELDON,OBRIEN,US 18,US 18/PARK ST & PLEASANT DR,Collision with:  Vehicle in traffic,On Roadway,Rear-end (front to rear),FTYROW:  Other (explain in narrative),None Indicated,,Daylight,Dry,Clear,None apparent,Intersection:  T-intersection,Paved,,Property Damage Only,0,0,0,0,0,0,9000,2,4,,POINT (-95.857989776731 43.185837464277)
2014831055,,09/28/2014,09-September,1-Sunday,02:04,0200 Hours,District 6 (East Central),DAVENPORT,SCOTT,,IA 461/BRADY ST & W 12TH ST,Collision with:  Vehicle in traffic,On Roadway,Broadside (front to side),Exceeded authorized speed,Drug/Alcohol (Statutory),,Dark - roadway lighted,Dry,Clear,None apparent,Intersection:  Four-way intersection,Paved,,Fatal,2,2,1,1,0,0,15000,2,4,,POINT (-90.574031223665 41.531931365313)
2014818695,1409281-A,09/28/2014,09-September,1-Sunday,20:02,2000 Hours,District 4 (Southwest),RED OAK,MONTGOMERY,,LINDEN ST & 4TH ST,Collision with:  Vehicle in traffic,On Roadway,Broadside (front to side),FTYROW:  From yield sign,None Indicated,,Dark - roadway lighted,Dry,Clear,None apparent,Intersection:  T-intersection,Paved,,Property Damage Only,0,0,0,0,0,0,3500,2,2,,POINT (-95.22794097382 41.017610865919)
2014821374,0928148A,09/28/2014,09-September,1-Sunday,01:00,0100 Hours,District 4 (Southwest),,PAGE,,Co Rd J53/280 ST,Collision with fixed object:  Ditch,Shoulder,Non-collision (single vehicle),Ran off road - right,None Indicated,,Dark - roadway not lighted,Dry,Cloudy,None apparent,Non-intersection:  Non-junction/no special feature,Paved,,Property Damage Only,0,0,0,0,0,0,9500,1,1,,POINT (-94.983604911072 40.636699712749)
2014818940,14-008752,09/28/2014,09-September,1-Sunday,11:00,1100 Hours,District 6 (East Central),INDEPENDENCE,BUCHANAN,,4TH ST NE & 3RD AVE NE,Collision with:  Parked motor vehicle,On Roadway,Rear-end (front to rear),Other (explain in narrative):  Other,None Indicated,,Daylight,Dry,Clear,None apparent,Non-intersection:  Non-junction/no special feature,Paved,,Property Damage Only,0,0,0,0,0,0,3000,2,1,,POINT (-91.891806668443 42.471370387554)
2014818973,2015055882,09/28/2014,09-September,1-Sunday,21:00,2100 Hours,District 6 (East Central),SWISHER,JOHNSON,I-380,I-380,Collision with:  Animal,,,Animal,None Indicated,,,,,,,Paved,,Property Damage Only,0,0,0,0,0,0,10000,1,1,,POINT (-91.663229906852 41.835455423608)
2014819217,2014055893,09/28/2014,09-September,1-Sunday,22:35,2200 Hours,District 1 (Central),,HARDIN,US 20,US 20/NE RAMP,Collision with:  Animal,,,Animal,None Indicated,,,,,,,Paved,,Property Damage Only,0,0,0,0,0,0,6000,1,1,,POINT (-93.381786379929 42.447822590126)
2014818668,14147554,09/28/2014,09-September,1-Sunday,14:06,1400 Hours,District 6 (East Central),,JOHNSON,I-80,I-80,Collision with:  Vehicle in traffic,On Roadway,Rear-end (front to rear),Followed too close,None Indicated,,Daylight,Dry,Clear,None apparent,Non-intersection:  Non-junction/no special feature,Paved,,Property Damage Only,0,0,0,0,0,0,3500,2,5,,POINT (-91.438255452612 41.668992038538)
2014818878,2014010857,09/28/2014,09-September,1-Sunday,10:35,1000 Hours,District 6 (East Central),IOWA CITY,JOHNSON,,MUSCATINE AVE & S SCOTT BLVD,Collision with:  Vehicle in traffic,On Roadway,Broadside (front to side),Ran Stop Sign,None Indicated,,Daylight,Dry,Cloudy,None apparent,Intersection:  Four-way intersection,Paved,,Minor Injury,0,1,0,1,0,0,11000,2,3,,POINT (-91.482851352661 41.649774461647)
2014820543,2014010164,09/28/2014,09-September,1-Sunday,12:04,1200 Hours,District 1 (Central),MARSHALLTOWN,MARSHALL,,S 18TH AVE,Collision with fixed object:  Utility pole/light support,Shoulder,Non-collision (single vehicle),Crossed centerline (undivided),None Indicated,,Daylight,Dry,Cloudy,None apparent,Intersection:  Four-way intersection,Paved,,Property Damage Only,0,0,0,0,0,0,7500,1,1,,POINT (-92.883884494172 42.049196495095)
2014819420,14-013348,09/28/2014,09-September,1-Sunday,10:47,1000 Hours,District 2 (Northeast),WEST UNION,FAYETTE,US 18,US 18/BRADFORD ST,Collision with:  Vehicle in traffic,On Roadway,Rear-end (front to rear),FTYROW:  Other (explain in narrative),None Indicated,,Daylight,Dry,Clear,None apparent,Non-intersection:  Non-junction/no special feature,Paved,,Minor Injury,0,1,0,1,0,0,10220,2,3,,POINT (-91.823780379955 42.964106295053)
2014818762,20140028772,09/28/2014,09-September,1-Sunday,15:09,1500 Hours,District 1 (Central),DES MOINES,POLK,US 6,US 6/EUCLID AVE & 4TH ST,Collision with:  Vehicle in traffic,On Roadway,Rear-end (front to rear),Driver Distraction:  Manual operation of an electronic communication device,None Indicated,,Daylight,Dry,Clear,None apparent,Non-intersection:  Non-junction/no special feature,Paved,,Property Damage Only,0,0,0,0,0,0,5000,2,2,,POINT (-93.622301832787 41.627695209481)
2014832010,1409280254,09/28/2014,09-September,1-Sunday,02:54,0200 Hours,District 6 (East Central),ANAMOSA,JONES,,Co Rd E28/RIDGE RD E-28,Non-collision events:  Overturn/rollover,On Roadway,Non-collision (single vehicle),Crossed centerline (undivided),Alcohol (Statutory),,Dark - roadway not lighted,Dry,Clear,None apparent,Non-intersection:  Non-junction/no special feature,Paved,,Property Damage Only,0,0,0,0,0,0,3000,1,2,,POINT (-91.351755179826 42.129272682315)
2014819071,14-32215,09/28/2014,09-September,1-Sunday,02:33,0200 Hours,District 3 (Northwest),SIOUX CITY,WOODBURY,,SUMMIT ST,Collision with:  Parked motor vehicle,On Roadway,"Sideswipe, same direction",Other (explain in narrative):  Other,Alcohol (Statutory),,Dark - roadway lighted,Dry,Clear,None apparent,Non-intersection:  Non-junction/no special feature,Paved,,Property Damage Only,0,0,0,0,0,0,10000,2,1,,POINT (-96.409606600904 42.510702053714)
2014818741,20140028732,09/28/2014,09-September,1-Sunday,04:01,0400 Hours,District 1 (Central),DES MOINES,POLK,,E WASHINGTON AVE & WAYNE ST,Non-collision events:  Other non-collision (explain in narrative),On Roadway,Non-collision (single vehicle),Ran off road - straight,None Indicated,,Dark - roadway lighted,Dry,Clear,None apparent,Intersection:  Other intersection (explain in narrative),Paved,,Minor Injury,0,4,0,1,0,3,15000,1,5,,POINT (-93.58363386562 41.60771287186)
2014818660,14-006835,09/28/2014,09-September,1-Sunday,14:43,1400 Hours,District 1 (Central),,HAMILTON,US 20,US 20,Collision with:  Vehicle in traffic,On Roadway,"Sideswipe, same direction",Crossed centerline (undivided),None Indicated,,Daylight,Dry,Cloudy,"Shoulders (none, low, soft, high)",Non-intersection:  Non-junction/no special feature,Paved,,Property Damage Only,0,0,0,0,0,0,3000,2,4,,POINT (-93.558095174419 42.448774856953)
2014818734,20140028797,09/28/2014,09-September,1-Sunday,21:07,2100 Hours,District 1 (Central),DES MOINES,POLK,US 6,US 6/MERLE HAY RD/DOUGLAS AVE & IA 28,Collision with:  Vehicle in traffic,On Roadway,"Sideswipe, opposite direction",FTYROW:  Making left turn,None Indicated,,Dark - roadway lighted,Dry,Clear,None apparent,Intersection:  Four-way intersection,Paved,,Property Damage Only,0,0,0,0,0,0,2000,2,4,,POINT (-93.697771212229 41.629414590539)
2014819835,14147607,09/28/2014,09-September,1-Sunday,16:14,1600 Hours,District 6 (East Central),,JOHNSON,,Co Rd W66/SAND RD,Collision with:  Non-motorist (see non-motorist section - NOT a unit),On Roadway,Non-collision (single vehicle),Other (explain in narrative):  No improper action,None Indicated,,Daylight,Dry,Clear,None apparent,Non-intersection:  Non-junction/no special feature,Paved,,Major Injury,0,3,1,2,0,0,3000,1,2,,POINT (-91.516089050513 41.602760129008)
2014819222,2014055819,09/28/2014,09-September,1-Sunday,14:53,1400 Hours,District 1 (Central),,WEBSTER,US 20,US 20/235TH ST,Collision with:  Vehicle in traffic,On Roadway,Rear-end (front to rear),Driver Distraction:  Passenger,None Indicated,,Daylight,Dry,Clear,None apparent,Non-intersection:  Non-junction/no special feature,Paved,,Minor Injury,0,2,0,2,0,0,17000,2,5,,POINT (-94.110354658625 42.449807620171)
2014818757,20140028741,09/28/2014,09-September,1-Sunday,05:00,0500 Hours,District 1 (Central),DES MOINES,POLK,,E SENECA AVE,Collision with:  Parked motor vehicle,On Roadway,"Sideswipe, same direction",Swerving/Evasive Action,None Indicated,,Dark - roadway lighted,Dry,"Fog, smoke, smog",None apparent,Non-intersection:  Non-junction/no special feature,Paved,,Property Damage Only,0,0,0,0,0,0,6000,2,777,,POINT (-93.602359501043 41.631332256309)
2014819774,14-007472,09/28/2014,09-September,1-Sunday,19:45,1900 Hours,District 4 (Southwest),PERRY,DALLAS,IA 144,IA 144/1ST AVE,Collision with:  Vehicle in traffic,On Roadway,Head-on (front to front),Crossed centerline (undivided),Alcohol (Statutory),,Dark - roadway lighted,Dry,Clear,None apparent,Intersection:  Four-way intersection,Paved,,Property Damage Only,0,0,0,0,0,0,5500,2,3,,POINT (-94.106586524271 41.84539760108)
2014818866,14-008556,09/28/2014,09-September,1-Sunday,11:25,1100 Hours,District 4 (Southwest),,CASS,,Co Rd N28/690TH ST & HAMBURG RD,Non-collision events:  Overturn/rollover,On Roadway,Non-collision (single vehicle),Ran off road - right,None Indicated,,Daylight,Dry,Cloudy,None apparent,Intersection:  Four-way intersection,Paved,,Property Damage Only,0,0,0,0,0,0,10000,1,3,,POINT (-94.872267038169 41.400119033581)
2014820922,14-060928-02,09/28/2014,09-September,1-Sunday,20:10,2000 Hours,District 6 (East Central),,IOWA,,250TH ST & F AVE,Non-collision events:  Overturn/rollover,On Roadway,Non-collision (single vehicle),Lost Control,Alcohol (Statutory),,Dark - roadway lighted,"Mud, dirt",Cloudy,None apparent,Non-intersection:  Non-junction/no special feature,Unpaved,,Minor Injury,0,2,0,1,1,0,3000,1,2,,POINT (-92.202386308505 41.644608715959)
2014819278,14-32265,09/28/2014,09-September,1-Sunday,16:29,1600 Hours,District 3 (Northwest),SIOUX CITY,WOODBURY,,JOHN ST,Collision with:  Vehicle in traffic,On Roadway,"Sideswipe, same direction",Lost Control,None Indicated,,Daylight,Dry,Clear,None apparent,Non-intersection:  Non-junction/no special feature,Paved,,Property Damage Only,0,0,0,0,0,0,4000,2,777,,POINT (-96.435236872676 42.509350465075)
2014819675,201414422,09/28/2014,09-September,1-Sunday,03:26,0300 Hours,District 6 (East Central),CEDAR RAPIDS,LINN,I-380,I-380,Collision with fixed object:  Other fixed object (explain in narrative),On Roadway,Non-collision (single vehicle),Ran off road - right,None Indicated,,Dark - roadway lighted,Dry,Clear,None apparent,Non-intersection:  Non-junction/no special feature,Paved,,Property Damage Only,0,0,0,0,0,0,4500,1,1,,POINT (-91.668234781299 41.980708092144)
2014819032,14-2154,09/28/2014,09-September,1-Sunday,14:05,1400 Hours,District 1 (Central),URBANDALE,POLK,,86TH ST & PLUM DR,Collision with:  Vehicle in traffic,On Roadway,"Angle, oncoming left turn",FTYROW:  Making left turn,None Indicated,,Daylight,Dry,Clear,None apparent,Intersection:  Four-way intersection,Paved,,Possible/Unknown,0,3,0,0,3,0,14000,2,4,,POINT (-93.736464071645 41.648403464606)
2014905528,A14070,09/28/2014,09-September,1-Sunday,09:57,0900 Hours,District 5 (Southeast),KNOXVILLE,MARION,,W ROCK ISLAND ST & N GRANT ST,Unknown,On Roadway,Unknown,Unknown,None Indicated,,Daylight,Unknown,Unknown,Unknown,Non-intersection:  Driveway access (within),Paved,,Possible/Unknown,0,2,0,0,0,2,3400,2,2,,POINT (-93.105381202806 41.325328591029)
2014820201,14-2165,09/28/2014,09-September,1-Sunday,19:00,1900 Hours,District 1 (Central),URBANDALE,POLK,,142ND ST,Collision with fixed object:  Bridge overhead structure,On Roadway,Non-collision (single vehicle),Crossed centerline (undivided),None Indicated,,Unknown,Dry,Clear,None apparent,Non-intersection:  Other non-intersection (explain in narrative),Paved,,Property Damage Only,0,0,0,0,0,0,1500,1,1,,POINT (-93.813903827599 41.626101953644)
2014819489,201414449,09/28/2014,09-September,1-Sunday,13:23,1300 Hours,District 6 (East Central),CEDAR RAPIDS,LINN,,16TH AVE SW & JACOLYN DR SW,Collision with:  Vehicle in traffic,On Roadway,Broadside (front to side),Unknown,None Indicated,,Daylight,Dry,Clear,None apparent,Non-intersection:  Non-junction/no special feature,Paved,,Property Damage Only,0,0,0,0,0,0,3000,2,3,,POINT (-91.730639107447 41.963762482309)
2014819155,2014-038197,09/28/2014,09-September,1-Sunday,01:30,0100 Hours,District 6 (East Central),DUBUQUE,DUBUQUE,,KANE ST,Collision with fixed object:  Utility pole/light support,On Roadway,Non-collision (single vehicle),Ran off road - left,Refused,,Dark - roadway lighted,Dry,Clear,None apparent,Non-intersection:  Non-junction/no special feature,Paved,,Property Damage Only,0,0,0,0,0,0,9500,1,1,,POINT (-90.686310660815 42.519954935924)
2014821752,02734,09/28/2014,09-September,1-Sunday,10:40,1000 Hours,District 6 (East Central),DYERSVILLE,DELAWARE,,Co Rd X49/332ND AVE,Collision with:  Animal,,,Animal,None Indicated,,,,,,,Paved,,Property Damage Only,0,0,0,0,0,0,1500,1,1,,POINT (-91.144124161683 42.482107082935)
2014823580,2014-005962,09/28/2014,09-September,1-Sunday,13:50,1300 Hours,District 6 (East Central),,BENTON,,Co Rd W26/32 AVE,Collision with:  Vehicle in traffic,On Roadway,"Angle, oncoming left turn",Ran Stop Sign,None Indicated,,Daylight,Dry,Cloudy,None apparent,Non-intersection:  Driveway access (within),Paved,,Property Damage Only,0,0,0,0,0,0,8000,3,4,,POINT (-91.86913713066 42.061345381517)
2014819072,14-32241,09/28/2014,09-September,1-Sunday,11:50,1100 Hours,District 3 (Northwest),SIOUX CITY,WOODBURY,,W 2ND ST,Collision with:  Vehicle in traffic,On Roadway,Broadside (front to side),FTYROW:  Other (explain in narrative),None Indicated,,Daylight,Dry,Cloudy,None apparent,Non-intersection:  Alley,Paved,,Property Damage Only,0,0,0,0,0,0,7300,3,5,,POINT (-96.418011394201 42.496773621941)
2014818655,14-008119,09/28/2014,09-September,1-Sunday,02:16,0200 Hours,District 2 (Northeast),FARMERSBURG,CLAYTON,IA 13,IA 13/IOWA 13,Collision with fixed object:  Ditch,On Roadway,Non-collision (single vehicle),Crossed centerline (undivided),None Indicated,,Dark - roadway not lighted,Dry,Clear,None apparent,Non-intersection:  Non-junction/no special feature,Paved,,Minor Injury,0,1,0,1,0,0,10000,1,1,,POINT (-91.337860125204 42.943384639073)
2014819708,14-004572,09/28/2014,09-September,1-Sunday,12:00,1200 Hours,District 1 (Central),AMES,STORY,,LINCOLN WAY & S HYLAND AVE,Collision with:  Vehicle in traffic,On Roadway,Rear-end (front to rear),Driver Distraction:  Passenger,None Indicated,,Daylight,Dry,Clear,None apparent,Intersection:  Four-way intersection,Paved,,Property Damage Only,0,0,0,0,0,0,2750,2,5,,POINT (-93.655563687123 42.02275909442)