Iowa DOT Case Number,Law Enforcement Case Number,Date of Crash,Month of Crash,Day of Week,Time of Crash,Hour,DOT District,City Name,County Name,Route with System,Location Description,First Harmful Event,Location of First Harmful Event,Manner of Crash/Collision,Major Cause,Drug or Alcohol ,Environmental Conditions,Light Conditions,Surface Conditions,Weather Conditions,Roadway Contribution,Roadway Type,Roadway Surface,Work Zone,Crash Severity,Number of Fatalities,Number of Injuries,Number of Major Injuries,Number of Minor Injuries,Number of Possible Injuries,Number of Unknown Injuries,Amount of Property Damage,Number of Vehicles Involved,Total Number of Occupants,Travel Direction,Location
2014819123,2014-012971,09/28/2014,09-September,1-Sunday,06:20,0600 Hours,District 6 (East Central),,DUBUQUE,US 52,US 52,Collision with:  Animal,,,Animal,None Indicated,,,,,,,Paved,,Property Damage Only,0,0,0,0,0,0,3000,1,1,,POINT (-90.726769214752 42.562062866878)
2014819463,SO140401,09/28/2014,09-September,1-Sunday,08:52,0800 Hours,District 4 (Southwest),CORNING,ADAMS,,Co Rd N28/183RD ST,Collision with fixed object:  Tree,Gore,Non-collision (single vehicle),Ran off road - right,None Indicated,,Daylight,Dry,Clear,None apparent,Non-intersection:  Non-junction/no special feature,Paved,,Minor Injury,0,1,0,1,0,0,20000,1,1,,POINT (-94.805252455891 41.042690979576)
2014818657,14-008126,09/28/2014,09-September,1-Sunday,08:17,0800 Hours,District 2 (Northeast),,CLAYTON,,KEYSTONE RD,Collision with fixed object:  Tree,On Roadway,Non-collision (single vehicle),Driving too fast for conditions,None Indicated,,Unknown,"Mud, dirt",Clear,None apparent,Non-intersection:  Non-junction/no special feature,Unpaved,,Property Damage Only,0,0,0,0,0,0,5000,1,1,,POINT (-91.225383621779 43.002433262741)
2014821373,0928146A,09/28/2014,09-September,1-Sunday,15:43,1500 Hours,District 4 (Southwest),CLARINDA,PAGE,US 71,US 71,Collision with:  Other non-fixed object (explain in narrative),,,Animal,None Indicated,,,,,,,Paved,,Property Damage Only,0,0,0,0,0,0,7000,1,1,,POINT (-95.038656902743 40.698336442293)
2014819492,201414464,09/28/2014,09-September,1-Sunday,18:50,1800 Hours,District 6 (East Central),CEDAR RAPIDS,LINN,I-380,I-380 & 42ND ST NE,Collision with fixed object:  Guardrail - face,Median,Non-collision (single vehicle),Crossed centerline (undivided),Refused,,Daylight,Dry,Clear,None apparent,Non-intersection:  Other non-intersection (explain in narrative),Paved,,Minor Injury,0,1,0,1,0,0,16640,1,1,,POINT (-91.66859062469 42.021547270201)
2014819773,14-007458,09/28/2014,09-September,1-Sunday,14:32,1400 Hours,District 4 (Southwest),PERRY,DALLAS,,NORTH ST & W 4TH ST,Collision with:  Parked motor vehicle,On Roadway,Head-on (front to front),Other (explain in narrative):  Other,Alcohol (Statutory),,Daylight,Dry,Clear,None apparent,Non-intersection:  Non-junction/no special feature,Paved,,Property Damage Only,0,0,0,0,0,0,4000,2,1,,POINT (-94.110674671385 41.845673371352)
2014818739,20140028709,09/28/2014,09-September,1-Sunday,23:31,2300 Hours,District 1 (Central),DES MOINES,POLK,,MLK JR PKWY,Collision with:  Vehicle in traffic,On Roadway,Rear-end (front to rear),Followed too close,Alcohol (Statutory),,Dark - roadway lighted,Dry,Clear,None apparent,Intersection:  Four-way intersection,Paved,,Property Damage Only,0,0,0,0,0,0,6000,2,3,,POINT (-93.643849360294 41.605842160793)
2014818909,2014-18875,09/28/2014,09-September,1-Sunday,15:35,1500 Hours,District 6 (East Central),BETTENDORF,SCOTT,US 67,US 67/GRANT ST & 14TH ST,Collision with:  Vehicle in traffic,On Roadway,Broadside (front to side),Ran Traffic Signal,None Indicated,,Daylight,Dry,Cloudy,None apparent,Intersection:  Four-way intersection,Paved,,Possible/Unknown,0,2,0,0,2,0,7500,2,2,,POINT (-90.51302583605 41.526223360076)
2014819216,2014055791,09/28/2014,09-September,1-Sunday,10:46,1000 Hours,District 2 (Northeast),,WINNESHIEK,,Co Rd B32/CO RD B32 & 227TH AVE,Collision with fixed object:  Ditch,Roadside,Non-collision (single vehicle),Ran off road - right,None Indicated,,Daylight,Dry,Clear,None apparent,Intersection:  T-intersection,Paved,,Major Injury,0,1,1,0,0,0,5000,1,1,,POINT (-91.846089926534 43.125556976532)
2014819328,2014-68697,09/28/2014,09-September,1-Sunday,20:38,2000 Hours,District 6 (East Central),DAVENPORT,SCOTT,,E 53RD ST & EASTERN AVE,Collision with:  Vehicle in traffic,On Roadway,"Sideswipe, same direction",Made improper turn,None Indicated,,Dark - roadway lighted,Dry,Clear,Work Zone (roadway-related),Non-intersection:  Non-junction/no special feature,Paved,Yes,Property Damage Only,0,0,0,0,0,0,6000,2,2,,POINT (-90.551320806069 41.574716355054)
2014818737,20140028769,09/28/2014,09-September,1-Sunday,14:59,1400 Hours,District 1 (Central),DES MOINES,POLK,,E HULL AVE & 2ND AVE,Collision with:  Vehicle in traffic,On Roadway,Broadside (front to side),Lost Control,Alcohol (Statutory),,Daylight,Dry,Clear,None apparent,Intersection:  T-intersection,Paved,,Property Damage Only,0,0,0,0,0,0,2500,2,3,,POINT (-93.619956723807 41.622249521044)
2014836089,14-06730,09/29/2014,09-September,2-Monday,04:50,0400 Hours,District 2 (Northeast),OELWEIN,FAYETTE,,CHARLES ST W,Collision with:  Animal,,,Animal,None Indicated,,,,,,,Paved,,Property Damage Only,0,0,0,0,0,0,3500,1,1,,POINT (-91.920382149451 42.678295177701)
2014819280,14-32377,09/29/2014,09-September,2-Monday,14:08,1400 Hours,District 3 (Northwest),SIOUX CITY,WOODBURY,,HIAWATHA TRL & CHEYENNE BLVD,Collision with:  Vehicle in traffic,On Roadway,Rear-end (front to rear),Other (explain in narrative):  Other,None Indicated,,Daylight,Dry,Cloudy,None apparent,Intersection:  T-intersection,Paved,,Possible/Unknown,0,1,0,0,1,0,1700,3,7,,POINT (-96.394866113382 42.539189052062)
2014829456,2014-7330,09/29/2014,09-September,2-Monday,11:15,1100 Hours,District 6 (East Central),ELDRIDGE,SCOTT,,LECLAIRE RD & S 6TH AVE & N 6TH AVE,Collision with:  Vehicle in traffic,On Roadway,Rear-end (front to rear),Followed too close,None Indicated,,Daylight,Dry,Clear,None apparent,Intersection:  Four-way intersection,Paved,,Property Damage Only,0,0,0,0,0,0,3200,2,3,,POINT (-90.576055710176 41.65471245011)
2014819186,14-041620,09/29/2014,09-September,2-Monday,21:05,2100 Hours,District 4 (Southwest),COUNCIL BLUFFS,POTTAWATTAMIE,,2ND AVE & S 25TH ST,Collision with:  Non-motorist (see non-motorist section - NOT a unit),On Roadway,Non-collision (single vehicle),Other (explain in narrative):  Other,None Indicated,,Dark - roadway lighted,Dry,Clear,None apparent,Non-intersection:  Non-junction/no special feature,Paved,,Possible/Unknown,0,1,0,0,1,0,0,1,1,,POINT (-95.881882005271 41.259782333351)
2014819819,"15,035-14",09/29/2014,09-September,2-Monday,21:02,2100 Hours,District 3 (Northwest),SPENCER,CLAY,,W 4TH ST,Collision with:  Vehicle in traffic,On Roadway,"Sideswipe, same direction",Other (explain in narrative):  Vision obstructed,None Indicated,,Dark - roadway lighted,Dry,Clear,None apparent,Non-intersection:  Non-junction/no special feature,Paved,,Property Damage Only,0,0,0,0,0,0,3000,2,1,,POINT (-95.156410476076 43.141621927563)
2014819179,201404566,09/29/2014,09-September,2-Monday,11:30,1100 Hours,District 1 (Central),,BOONE,IA 17,IA 17/T AVE,Collision with:  Vehicle in traffic,On Roadway,Head-on (front to front),Swerving/Evasive Action,None Indicated,,Daylight,Dry,Cloudy,None apparent,Non-intersection:  Non-junction/no special feature,Paved,,Possible/Unknown,0,1,0,0,1,0,14000,2,2,,POINT (-93.795873452813 42.084782312354)
2014819610,2014055947,09/29/2014,09-September,2-Monday,09:05,0900 Hours,District 5 (Southeast),DES MOINES,WARREN,,E CO LINE RD,Collision with fixed object:  Ditch,On Roadway,Non-collision (single vehicle),Exceeded authorized speed,None Indicated,,Daylight,Dry,Clear,None apparent,Non-intersection:  Driveway access (within),Paved,,Fatal,1,0,0,0,0,0,30500,1,1,,POINT (-93.588151858012 41.511771081161)
2014819184,2014010891,09/29/2014,09-September,2-Monday,16:28,1600 Hours,District 6 (East Central),IOWA CITY,JOHNSON,,J ST & BRADFORD ST & S 1ST AVE,Collision with:  Vehicle in traffic,On Roadway,Rear-end (front to rear),Driving too fast for conditions,None Indicated,,Daylight,Dry,Cloudy,None apparent,Intersection:  Four-way intersection,Paved,,Property Damage Only,0,0,0,0,0,0,4500,2,3,,POINT (-91.501977381512 41.646305535224)
2014819318,132-2014,09/29/2014,09-September,2-Monday,20:10,2000 Hours,District 4 (Southwest),,HARRISON,US 30,US 30,Collision with:  Animal,,,Animal,None Indicated,,,,,,,Paved,,Property Damage Only,0,0,0,0,0,0,4000,1,1,,POINT (-95.849887518954 41.577380595351)
2014821403,1-14-000378,09/29/2014,09-September,2-Monday,07:40,0700 Hours,District 4 (Southwest),,SHELBY,US 59,US 59,Collision with:  Animal,,,Animal,None Indicated,,,,,,,Paved,,Property Damage Only,0,0,0,0,0,0,4000,1,1,,POINT (-95.344326084124 41.784298371793)
2014819190,2014-2403,09/29/2014,09-September,2-Monday,15:56,1500 Hours,District 1 (Central),JEFFERSON,GREENE,,E WASHINGTON ST & N VINE ST,Collision with:  Vehicle in traffic,On Roadway,Broadside (front to side),FTYROW:  From stop sign,None Indicated,,Daylight,Dry,Clear,None apparent,Intersection:  Four-way intersection,Paved,,Property Damage Only,0,0,0,0,0,0,3000,2,2,,POINT (-94.376103498309 42.017246398724)
2014818816,4514-038,09/29/2014,09-September,2-Monday,10:52,1000 Hours,District 2 (Northeast),,HOWARD,,TIMBER AVE,Collision with:  Vehicle in traffic,On Roadway,"Sideswipe, same direction",Crossed centerline (undivided),None Indicated,,Daylight,Dry,Clear,None apparent,Intersection:  Four-way intersection,Unpaved,,Property Damage Only,0,0,0,0,0,0,5200,2,2,,POINT (-92.180699894111 43.212825957959)
2014819078,14-32347,09/29/2014,09-September,2-Monday,10:00,1000 Hours,District 3 (Northwest),SIOUX CITY,WOODBURY,,DOUGLAS ST & 6TH ST,Collision with:  Vehicle in traffic,On Roadway,Broadside (front to side),FTYROW:  From parked position,None Indicated,,Daylight,Dry,Clear,None apparent,Non-intersection:  Non-junction/no special feature,Paved,,Property Damage Only,0,0,0,0,0,0,2200,2,2,,POINT (-96.406428053397 42.496335506691)
2014819545,09-14-322,09/29/2014,09-September,2-Monday,11:44,1100 Hours,District 3 (Northwest),LE MARS,PLYMOUTH,,HAWKEYE AVE & 12TH ST SW,Collision with fixed object:  Concrete traffic barrier (median or right side),Shoulder,Non-collision (single vehicle),Other (explain in narrative):  Vision obstructed,None Indicated,,Daylight,Dry,Clear,None apparent,Non-intersection:  Railroad grade crossing,Paved,,Property Damage Only,0,0,0,0,0,0,50200,1,1,,POINT (-96.185258727055 42.779077763338)
2014819329,2014-68873,09/29/2014,09-September,2-Monday,16:27,1600 Hours,District 6 (East Central),DAVENPORT,SCOTT,US 6,US 6/W KIMBERLY RD/E KIMBERLY RD & IA 461/WELCOME WAY,Collision with:  Vehicle in traffic,On Roadway,"Sideswipe, same direction",Unknown,None Indicated,,Daylight,Dry,Clear,None apparent,Non-intersection:  Non-junction/no special feature,Paved,,Property Damage Only,0,0,0,0,0,0,4000,2,3,,POINT (-90.570930788018 41.560317081912)
2014820009,2014-012998,09/29/2014,09-September,2-Monday,07:08,0700 Hours,District 6 (East Central),,DUBUQUE,US 20,US 20,Collision with:  Animal,,,Animal,None Indicated,,,,,,,Paved,,Property Damage Only,0,0,0,0,0,0,4000,1,1,,POINT (-90.97804877216 42.440681255745)
2014820027,201413018,09/29/2014,09-September,2-Monday,12:00,1200 Hours,District 6 (East Central),,DUBUQUE,US 52,US 52,Collision with fixed object:  Ditch,Outside trafficway,Non-collision (single vehicle),Lost Control,None Indicated,,Daylight,Dry,Cloudy,None apparent,Non-intersection:  Non-junction/no special feature,Paved,,Possible/Unknown,0,1,0,0,0,1,7000,1,1,,POINT (-90.793087398184 42.565836403148)
2014819089,2014010902,09/29/2014,09-September,2-Monday,20:33,2000 Hours,District 6 (East Central),IOWA CITY,JOHNSON,,MORMON TREK BLVD,Collision with:  Vehicle in traffic,On Roadway,"Sideswipe, same direction",Improper or erratic lane changing,None Indicated,,Dark - roadway lighted,Dry,Cloudy,None apparent,Non-intersection:  Non-junction/no special feature,Paved,,Property Damage Only,0,0,0,0,0,0,4000,2,3,,POINT (-91.573927231964 41.656741154186)
2014819197,CL14003465,09/29/2014,09-September,2-Monday,15:24,1500 Hours,District 6 (East Central),CLINTON,CLINTON,,25TH AVE N,Collision with fixed object:  Utility pole/light support,On Roadway,Non-collision (single vehicle),Equipment failure,None Indicated,,Daylight,Dry,Clear,None apparent,Non-intersection:  Non-junction/no special feature,Paved,,Possible/Unknown,0,1,0,0,1,0,1500,1,1,,POINT (-90.18001112705 41.874104252303)
2014819497,201414499,09/29/2014,09-September,2-Monday,13:31,1300 Hours,District 6 (East Central),CEDAR RAPIDS,LINN,,15TH AVE SW & 2ND ST SW,Collision with:  Vehicle in traffic,On Roadway,Broadside (front to side),FTYROW:  From stop sign,None Indicated,,Daylight,Dry,Clear,None apparent,Intersection:  Four-way intersection,Paved,,Property Damage Only,0,0,0,0,0,0,6000,2,2,,POINT (-91.666090943991 41.963129627317)
2014819287,2014-21325,09/29/2014,09-September,2-Monday,19:39,1900 Hours,District 5 (Southeast),NORWALK,WARREN,IA 28,IA 28/IOWA 28,Collision with:  Animal,On Roadway,Non-collision (single vehicle),Animal,None Indicated,,Dark - roadway lighted,Dry,Clear,None apparent,Non-intersection:  Non-junction/no special feature,Paved,,Minor Injury,0,1,0,1,0,0,1000,1,1,,POINT (-93.683699327006 41.45738751709)
2014819747,201400003512,09/29/2014,09-September,2-Monday,12:27,1200 Hours,District 6 (East Central),MARION,LINN,IA 100,IA 100/COLLINS RD SE & E POST RD,Collision with:  Vehicle in traffic,On Roadway,Rear-end (front to rear),Ran Traffic Signal,None Indicated,,Daylight,Dry,Clear,None apparent,Intersection:  Four-way intersection,Paved,,Property Damage Only,0,0,0,0,0,0,4000,2,2,,POINT (-91.599347790101 42.015364302084)
2014824744,1409-067,09/29/2014,09-September,2-Monday,14:49,1400 Hours,District 3 (Northwest),,OSCEOLA,,TYLER AVE,Non-collision events:  Overturn/rollover,On Roadway,Non-collision (single vehicle),Swerving/Evasive Action,None Indicated,,Daylight,"Mud, dirt",Cloudy,"Surface condition (e.g., wet, icy)",Non-intersection:  Non-junction/no special feature,Unpaved,,Minor Injury,0,1,0,1,0,0,6000,1,1,,POINT (-95.52463574647 43.494968684005)
2014818986,W14-097815,09/29/2014,09-September,2-Monday,20:36,2000 Hours,District 2 (Northeast),WATERLOO,BLACK HAWK,,W RIDGEWAY AVE & GREYHOUND DR,Collision with:  Animal,On Roadway,Non-collision (single vehicle),Animal,None Indicated,,Dark - roadway not lighted,Dry,Clear,None apparent,Non-intersection:  Non-junction/no special feature,Paved,,Property Damage Only,0,0,0,0,0,0,3000,1,1,,POINT (-92.405047242693 42.469240003809)
2014818906,14-4842,09/29/2014,09-September,2-Monday,12:10,1200 Hours,District 4 (Southwest),WEST DES MOINES,DALLAS,,S 64TH ST & MILLS CIVIC PKWY,Collision with:  Vehicle in traffic,On Roadway,Rear-end (front to rear),Followed too close,None Indicated,,Daylight,Dry,Cloudy,None apparent,Intersection:  Four-way intersection,Paved,,Property Damage Only,0,0,0,0,0,0,5500,2,3,,POINT (-93.796627551865 41.561560278879)
2014819676,201414528,09/29/2014,09-September,2-Monday,19:29,1900 Hours,District 6 (East Central),CEDAR RAPIDS,LINN,IA 100,IA 100/COLLINS RD NE,Collision with:  Vehicle in traffic,On Roadway,Broadside (front to side),Ran Traffic Signal,None Indicated,,Dark - roadway lighted,Dry,Cloudy,None apparent,Intersection:  Four-way intersection,Paved,,Property Damage Only,0,0,0,0,0,0,7500,2,4,,POINT (-91.634524734314 42.027973831927)
2014819076,14-32325,09/29/2014,09-September,2-Monday,05:49,0500 Hours,District 3 (Northwest),SIOUX CITY,WOODBURY,,OUTER DR N,Collision with:  Non-motorist (see non-motorist section - NOT a unit),On Roadway,Non-collision (single vehicle),Unknown,None Indicated,,Dark - roadway lighted,Wet,Rain,None apparent,Intersection:  Four-way intersection,Paved,,Possible/Unknown,0,1,0,0,1,0,0,1,1,,POINT (-96.374540399382 42.53686364362)
2014819798,,09/29/2014,09-September,2-Monday,15:21,1500 Hours,District 1 (Central),GOWRIE,WEBSTER,,RIDDLE ST,Collision with:  Parked motor vehicle,On Roadway,Rear-end (front to rear),Other (explain in narrative):  Vision obstructed,None Indicated,,Daylight,Dry,Clear,None apparent,Non-intersection:  Non-junction/no special feature,Paved,,Property Damage Only,0,0,0,0,0,0,3000,2,2,,POINT (-94.294674804709 42.280256275231)
2014819019,20140028930,09/29/2014,09-September,2-Monday,22:45,2200 Hours,District 1 (Central),DES MOINES,POLK,,47TH ST,Collision with fixed object:  Utility pole/light support,Roadside,Non-collision (single vehicle),Ran off road - left,None Indicated,,Dark - roadway lighted,Dry,Clear,None apparent,Non-intersection:  Non-junction/no special feature,Paved,,Property Damage Only,0,0,0,0,0,0,3500,1,2,,POINT (-93.681745213819 41.635203285228)
2014822525,143953,09/29/2014,09-September,2-Monday,15:38,1500 Hours,District 1 (Central),,HARDIN,,235TH ST,Collision with fixed object:  Ditch,Outside trafficway,Non-collision (single vehicle),Exceeded authorized speed,None Indicated,,Daylight,Dry,Clear,None apparent,Non-intersection:  Non-junction/no special feature,Unpaved,,Property Damage Only,0,0,0,0,0,0,8000,1,2,,POINT (-93.078805244733 42.355606123654)
2014820088,14097778,09/29/2014,09-September,2-Monday,19:25,1900 Hours,District 2 (Northeast),CEDAR FALLS,BLACK HAWK,,DUNKERTON RD,Non-collision events:  Other non-collision (explain in narrative),On Roadway,Non-collision (single vehicle),Ran off road - left,None Indicated,,Daylight,Dry,Clear,Other (explain in narrative),Non-intersection:  Non-junction/no special feature,Paved,,Possible/Unknown,0,1,0,0,1,0,200000,1,1,,POINT (-92.420985951448 42.570411822113)
2014819198,CL14003467,09/29/2014,09-September,2-Monday,16:10,1600 Hours,District 6 (East Central),CLINTON,CLINTON,US 30,US 30/8TH AVE S/S 4TH ST & US 67,Collision with:  Parked motor vehicle,On Roadway,Rear-end (front to rear),FTYROW:  From parked position,None Indicated,,Daylight,Dry,Clear,None apparent,Non-intersection:  Non-junction/no special feature,Paved,,Property Damage Only,0,0,0,0,0,0,4500,2,2,,POINT (-90.193240952457 41.837775423813)
2014819305,147692PD,09/29/2014,09-September,2-Monday,10:00,1000 Hours,District 1 (Central),BOONE,BOONE,US 30,US 30/220TH ST & S LINN ST,Collision with:  Vehicle in traffic,On Roadway,Rear-end (front to rear),Followed too close,None Indicated,,Daylight,Dry,Cloudy,Work Zone (roadway-related),Intersection:  Four-way intersection,Paved,Yes,Property Damage Only,0,0,0,0,0,0,7000,2,2,,POINT (-93.873678138931 42.034626725805)
2014819030,20140028886,09/29/2014,09-September,2-Monday,15:41,1500 Hours,District 1 (Central),DES MOINES,POLK,,CROCKER ST & 19TH ST & COTTAGE GROVE AVE,Collision with:  Vehicle in traffic,On Roadway,Rear-end (front to rear),Driver Distraction:  Inattentive/lost in thought,None Indicated,,Daylight,Dry,Cloudy,None apparent,Intersection:  Four-way intersection,Paved,,Property Damage Only,0,0,0,0,0,0,4500,2,2,,POINT (-93.642514665768 41.593482702523)
2014819159,2014-038239,09/29/2014,09-September,2-Monday,13:09,1300 Hours,District 6 (East Central),DUBUQUE,DUBUQUE,US 20,US 20/DODGE ST & WACKER DR,Collision with:  Vehicle in traffic,On Roadway,Rear-end (front to rear),Lost Control,None Indicated,,Daylight,Dry,Clear,None apparent,Non-intersection:  Non-junction/no special feature,Paved,,Property Damage Only,0,0,0,0,0,0,1750,2,4,,POINT (-90.720484853451 42.492075528824)
2014819094,S14-003859,09/29/2014,09-September,2-Monday,15:26,1500 Hours,District 4 (Southwest),,POTTAWATTAMIE,,Co Rd M37/450TH ST & HICKORY RD,Collision with:  Vehicle in traffic,On Roadway,Rear-end (front to rear),Followed too close,None Indicated,,Daylight,Dry,"Blowing sand, soil, dirt",None apparent,Intersection:  T-intersection,Unpaved,,Possible/Unknown,0,1,0,0,0,1,6000,2,2,,POINT (-95.327708819467 41.303546439502)
2014820623,,09/29/2014,09-September,2-Monday,10:02,1000 Hours,District 6 (East Central),,JACKSON,US 52,US 52/GREAT RIVER RD,Collision with:  Vehicle in traffic,On Roadway,"Sideswipe, opposite direction",Crossed centerline (undivided),None Indicated,,Daylight,Dry,Clear,None apparent,Non-intersection:  Non-junction/no special feature,Paved,,Property Damage Only,0,0,0,0,0,0,11500,2,3,,POINT (-90.398956032532 42.227954928999)
2014820286,2014-68863,09/29/2014,09-September,2-Monday,15:20,1500 Hours,District 6 (East Central),DAVENPORT,SCOTT,,IA 461/HARRISON ST,Collision with:  Vehicle in traffic,On Roadway,"Sideswipe, same direction",Other (explain in narrative):  Other,None Indicated,,Daylight,Dry,Clear,None apparent,Non-intersection:  Non-junction/no special feature,Paved,,Property Damage Only,0,0,0,0,0,0,4500,2,2,,POINT (-90.577178655261 41.533988176429)
2014819496,201414489,09/29/2014,09-September,2-Monday,11:33,1100 Hours,District 6 (East Central),CEDAR RAPIDS,LINN,,BLAIRS FERRY RD NE & COUNCIL ST NE,Collision with:  Vehicle in traffic,On Roadway,Broadside (front to side),FTYROW:  From driveway,None Indicated,,Daylight,Dry,Clear,None apparent,Non-intersection:  Driveway access (within),Paved,,Possible/Unknown,0,1,0,0,1,0,9000,2,4,,POINT (-91.658361471718 42.035270925027)
2014819608,2014055926,09/29/2014,09-September,2-Monday,06:40,0600 Hours,District 3 (Northwest),,CALHOUN,,Co Rd N41/JENNINGS AVE & 280TH ST,Collision with:  Vehicle in traffic,On Roadway,Broadside (front to side),Ran Stop Sign,None Indicated,,Dawn,Dry,Cloudy,None apparent,Intersection:  Four-way intersection,Paved,,Major Injury,0,1,1,0,0,0,8000,2,2,,POINT (-94.727788235869 42.38435505304)
2014819477,20141450,09/29/2014,09-September,2-Monday,13:45,1300 Hours,District 6 (East Central),CEDAR RAPIDS,LINN,,BLAIRS FERRY RD NE,Collision with:  Vehicle in traffic,On Roadway,"Angle, oncoming left turn",FTYROW:  Making left turn,None Indicated,,Daylight,Dry,Clear,None apparent,Intersection:  T-intersection,Paved,,Property Damage Only,0,0,0,0,0,0,4000,2,2,,POINT (-91.66914792997 42.03478408801)
2014819187,C14003122,09/29/2014,09-September,2-Monday,20:36,2000 Hours,District 6 (East Central),CORALVILLE,JOHNSON,,CORAL RIDGE AVE,Collision with:  Vehicle in traffic,On Roadway,Rear-end (front to rear),Followed too close,None Indicated,,Dark - roadway not lighted,Dry,Cloudy,None apparent,Non-intersection:  Non-junction/no special feature,Paved,,Possible/Unknown,0,3,0,0,3,0,12000,3,3,,POINT (-91.60838476018 41.69963093005)
2014819172,14-4851,09/29/2014,09-September,2-Monday,22:07,2200 Hours,District 4 (Southwest),WEST DES MOINES,DALLAS,,S JORDAN CREEK PKWY,Collision with fixed object:  Ditch,On Roadway,Non-collision (single vehicle),Swerving/Evasive Action,None Indicated,,Dark - roadway lighted,Dry,Clear,None apparent,Non-intersection:  Non-junction/no special feature,Paved,,Possible/Unknown,0,1,0,0,1,0,5000,1,1,,POINT (-93.809550274492 41.554408332772)
2014819253,SO1404120,09/29/2014,09-September,2-Monday,18:24,1800 Hours,District 5 (Southeast),,JEFFERSON,,227TH ST,Non-collision events:  Overturn/rollover,On Roadway,Non-collision (single vehicle),Over correcting/over steering,None Indicated,,Daylight,Dry,Clear,None apparent,Non-intersection:  Non-junction/no special feature,Unpaved,,Property Damage Only,0,0,0,0,0,0,4500,1,3,,POINT (-91.967821159231 40.980550906406)
2014818910,14-016669,09/29/2014,09-September,2-Monday,07:04,0700 Hours,District 5 (Southeast),,HENRY,US 34,US 34/SE RAMP,Collision with fixed object:  Utility pole/light support,Shoulder,Non-collision (single vehicle),Improper Backing,None Indicated,,Daylight,Dry,Clear,None apparent,Interchange-related:  On-ramp merge area,Paved,,Property Damage Only,0,0,0,0,0,0,9920,1,3,,POINT (-91.414160563065 40.913100148141)
2014819000,14020434,09/29/2014,09-September,2-Monday,11:30,1100 Hours,District 6 (East Central),MARION,LINN,,29TH AVE,Collision with fixed object:  Traffic sign support,Shoulder,Non-collision (single vehicle),Ran off road - right,None Indicated,,Daylight,Dry,Cloudy,None apparent,Non-intersection:  Non-junction/no special feature,Paved,,Property Damage Only,0,0,0,0,0,0,4100,1,1,,POINT (-91.552942745929 42.050165373665)
2014819025,20140028823,09/29/2014,09-September,2-Monday,03:30,0300 Hours,District 1 (Central),DES MOINES,POLK,,SAYLOR RD,Collision with fixed object:  Utility pole/light support,Median,Non-collision (single vehicle),Exceeded authorized speed,None Indicated,,Dark - roadway lighted,Dry,Cloudy,None apparent,Non-intersection:  Non-junction/no special feature,Paved,,Minor Injury,0,1,0,1,0,0,6500,1,1,,POINT (-93.610898473582 41.611300211982)
2014818674,14147931,09/29/2014,09-September,2-Monday,08:36,0800 Hours,District 6 (East Central),IOWA CITY,JOHNSON,,TAFT AVE,Non-collision events:  Overturn/rollover,Roadside,Non-collision (single vehicle),Ran off road - left,None Indicated,,Daylight,Dry,Clear,None apparent,Non-intersection:  Driveway access (within),Unpaved,,Property Damage Only,0,0,0,0,0,0,28500,1,1,,POINT (-91.46308285676 41.655429268927)
2014819291,2014010212,09/29/2014,09-September,2-Monday,14:18,1400 Hours,District 1 (Central),MARSHALLTOWN,MARSHALL,,E MARION ST & N 8TH AVE,Collision with:  Vehicle in traffic,On Roadway,Broadside (front to side),Other (explain in narrative):  Other,None Indicated,,Daylight,Dry,Clear,None apparent,Intersection:  T-intersection,Paved,,Property Damage Only,0,0,0,0,0,0,1500,2,2,,POINT (-92.899969071138 42.056434918918)
2014820103,14-007496,09/29/2014,09-September,2-Monday,08:00,0800 Hours,District 4 (Southwest),PERRY,DALLAS,,BATEMAN ST,Unknown,On Roadway,"Sideswipe, same direction",Unknown,None Indicated,,Unknown,Dry,Unknown,None apparent,Non-intersection:  Non-junction/no special feature,Paved,,Property Damage Only,0,0,0,0,0,0,2000,2,1,,POINT (-94.098793163276 41.842581268265)
2014819460,,09/29/2014,09-September,2-Monday,11:50,1100 Hours,District 6 (East Central),CEDAR RAPIDS,LINN,,,Collision with:  Vehicle in traffic,On Roadway,Broadside (front to side),Unknown,None Indicated,,Daylight,Dry,Clear,,Non-intersection:  Other non-intersection (explain in narrative),,,Property Damage Only,0,0,0,0,0,0,9800,2,2,,POINT (-96.643700149993 40.233091251414)
2014819389,2014-4814,09/29/2014,09-September,2-Monday,15:16,1500 Hours,District 4 (Southwest),WAUKEE,DALLAS,,PARK RD & ASHWORTH DR,Collision with:  Vehicle in traffic,Shoulder,Broadside (front to side),FTYROW:  From stop sign,None Indicated,,Daylight,Dry,Cloudy,None apparent,Intersection:  Four-way intersection,Paved,,Possible/Unknown,0,2,0,0,2,0,10000,2,3,,POINT (-93.8661479014 41.602796966302)
2014818905,14-3066,09/29/2014,09-September,2-Monday,13:18,1300 Hours,District 1 (Central),FORT DODGE,WEBSTER,,S 21ST ST,Collision with:  Vehicle in traffic,On Roadway,Rear-end (front to rear),Followed too close,None Indicated,,Daylight,Dry,Cloudy,None apparent,Non-intersection:  Non-junction/no special feature,Paved,,Property Damage Only,0,0,0,0,0,0,3000,2,2,,POINT (-94.169447556896 42.503641631289)