Iowa DOT Case Number,Law Enforcement Case Number,Date of Crash,Month of Crash,Day of Week,Time of Crash,Hour,DOT District,City Name,County Name,Route with System,Location Description,First Harmful Event,Location of First Harmful Event,Manner of Crash/Collision,Major Cause,Drug or Alcohol ,Environmental Conditions,Light Conditions,Surface Conditions,Weather Conditions,Roadway Contribution,Roadway Type,Roadway Surface,Work Zone,Crash Severity,Number of Fatalities,Number of Injuries,Number of Major Injuries,Number of Minor Injuries,Number of Possible Injuries,Number of Unknown Injuries,Amount of Property Damage,Number of Vehicles Involved,Total Number of Occupants,Travel Direction,Location
2014821359,14-004493,09/29/2014,09-September,2-Monday,11:55,1100 Hours,District 3 (Northwest),LARCHWOOD,LYON,IA 9,IA 9/IOWA 9/HOLDER ST & CHERRY AVE,Collision with:  Vehicle in traffic,On Roadway,Rear-end (front to rear),Followed too close,None Indicated,,Daylight,Dry,Clear,None apparent,Intersection:  Four-way intersection,Paved,,Property Damage Only,0,0,0,0,0,0,7000,2,4,,POINT (-96.446866527921 43.45451519086)
2014819083,14-041377,09/29/2014,09-September,2-Monday,18:11,1800 Hours,District 5 (Southeast),MUSCATINE,MUSCATINE,,FULLIAM AVE & HOUSER ST,Collision with:  Vehicle in traffic,On Roadway,Rear-end (front to rear),Other (explain in narrative):  Other,None Indicated,,Daylight,Dry,Clear,None apparent,Intersection:  Four-way intersection,Paved,,Minor Injury,0,1,0,1,0,0,1000,2,2,,POINT (-91.079314410502 41.431232333739)
2014819495,201414487,09/29/2014,09-September,2-Monday,10:59,1000 Hours,District 6 (East Central),CEDAR RAPIDS,LINN,,6TH ST SW,Collision with:  Vehicle in traffic,On Roadway,Rear-end (front to rear),Followed too close,None Indicated,,Daylight,Dry,Clear,None apparent,Non-intersection:  Driveway access (within),Paved,,Property Damage Only,0,0,0,0,0,0,6000,2,2,,POINT (-91.677076225241 41.962356109822)
2014839070,TC5214,09/29/2014,09-September,2-Monday,18:30,1800 Hours,District 4 (Southwest),MISSOURI VALLEY,HARRISON,US 30,US 30/E ERIE ST,Collision with:  Vehicle in traffic,On Roadway,Head-on (front to front),Crossed centerline (undivided),None Indicated,,Daylight,Dry,Clear,None apparent,Non-intersection:  Alley,Paved,,Property Damage Only,0,0,0,0,0,0,10000,2,4,,POINT (-95.889849451593 41.55637107469)
2014819013,14-004213,09/29/2014,09-September,2-Monday,19:32,1900 Hours,District 1 (Central),ANKENY,POLK,,SW 19TH ST,Collision with:  Vehicle in traffic,On Roadway,Rear-end (front to rear),Other (explain in narrative):  Other,None Indicated,,Dark - roadway lighted,Dry,Cloudy,None apparent,Non-intersection:  Non-junction/no special feature,Paved,,Property Damage Only,0,0,0,0,0,0,7200,2,0,,POINT (-93.628605195006 41.711742411203)
2014819160,2014-038240,09/29/2014,09-September,2-Monday,13:56,1300 Hours,District 6 (East Central),DUBUQUE,DUBUQUE,,CARTER RD,Collision with:  Vehicle in traffic,On Roadway,Rear-end (front to rear),Lost Control,None Indicated,,Daylight,Dry,Clear,None apparent,Non-intersection:  Non-junction/no special feature,Paved,,Property Damage Only,0,0,0,0,0,0,5000,2,2,,POINT (-90.717255411666 42.501907988584)
2014820285,2014-68833,09/29/2014,09-September,2-Monday,13:08,1300 Hours,District 6 (East Central),DAVENPORT,SCOTT,,,Collision with:  Vehicle in traffic,Outside trafficway,Broadside (front to side),"Operating vehicle in an reckless, erratic, careless, negligent manner",None Indicated,,Daylight,Dry,Clear,Non-highway work,Non-intersection:  Non-junction/no special feature,,,Property Damage Only,0,0,0,0,0,0,3200,2,2,,POINT (-96.643700149993 40.233091251414)
2014821337,092914-78,09/29/2014,09-September,2-Monday,10:40,1000 Hours,District 3 (Northwest),STORM LAKE,BUENA VISTA,,570TH ST,Collision with:  Vehicle in traffic,On Roadway,Head-on (front to front),Unknown,None Indicated,,Daylight,Dry,Clear,None apparent,Non-intersection:  Non-junction/no special feature,Unpaved,,Fatal,2,4,3,1,0,0,23000,2,6,,POINT (-95.086005454869 42.690815798766)
2014819029,20140028881,09/29/2014,09-September,2-Monday,15:26,1500 Hours,District 1 (Central),DES MOINES,POLK,US 6,US 6/E EUCLID AVE & US 69/E 14TH ST,Collision with:  Vehicle in traffic,On Roadway,Broadside (front to side),Ran Traffic Signal,None Indicated,,Daylight,Dry,Clear,None apparent,Intersection:  Four-way intersection,Paved,,Property Damage Only,0,0,0,0,0,0,4000,2,4,,POINT (-93.600489467291 41.627757178217)
2014819181,14-34740,09/29/2014,09-September,2-Monday,14:02,1400 Hours,District 5 (Southeast),BURLINGTON,DES MOINES,,WASHINGTON ST & CENTRAL AVE,Collision with:  Vehicle in traffic,On Roadway,Rear-end (front to rear),Other (explain in narrative):  Other,None Indicated,,Daylight,Dry,Clear,Work Zone (roadway-related),Non-intersection:  Other non-intersection (explain in narrative),Paved,Yes,Property Damage Only,0,0,0,0,0,0,2500,2,2,,POINT (-91.111265551354 40.81250428452)
2014819082,14-041353,09/29/2014,09-September,2-Monday,16:24,1600 Hours,District 5 (Southeast),MUSCATINE,MUSCATINE,,HOUSER ST & HARMONY LN,Collision with:  Vehicle in traffic,On Roadway,Rear-end (front to rear),Followed too close,None Indicated,,Daylight,Dry,Clear,None apparent,Non-intersection:  Non-junction/no special feature,Paved,,Property Damage Only,0,0,0,0,0,0,2300,2,4,,POINT (-91.079346383384 41.432989218043)
2014818984,W14-097583,09/29/2014,09-September,2-Monday,07:58,0700 Hours,District 2 (Northeast),WATERLOO,BLACK HAWK,IA 21,IA 21/HAWKEYE RD & W ORANGE RD & E ORANGE RD,Collision with:  Vehicle in traffic,On Roadway,Rear-end (front to rear),Followed too close,None Indicated,,Daylight,Dry,Clear,None apparent,Intersection:  Four-way intersection,Paved,,Property Damage Only,0,0,0,0,0,0,9000,2,2,,POINT (-92.346861949904 42.428540713389)
2014819316,GP20140802,09/29/2014,09-September,2-Monday,15:58,1500 Hours,District 1 (Central),GRINNELL,POWESHIEK,,4TH AVE,Collision with:  Vehicle in traffic,On Roadway,Rear-end (front to rear),FTYROW:  From parked position,None Indicated,,Daylight,Dry,Clear,None apparent,Non-intersection:  Non-junction/no special feature,Paved,,Property Damage Only,0,0,0,0,0,0,1750,2,2,,POINT (-92.725663615133 41.743244908762)
2014819185,2014010222,09/29/2014,09-September,2-Monday,18:53,1800 Hours,District 1 (Central),MARSHALLTOWN,MARSHALL,,SUMMIT ST,Collision with:  Parked motor vehicle,Shoulder,Rear-end (front to rear),Improper Backing,None Indicated,,Dusk,Dry,Cloudy,None apparent,Non-intersection:  Non-junction/no special feature,Paved,,Property Damage Only,0,0,0,0,0,0,4500,2,2,,POINT (-92.920204590084 42.05280310739)
2014818904,14-3063,09/29/2014,09-September,2-Monday,04:24,0400 Hours,District 1 (Central),FORT DODGE,WEBSTER,,S 12TH ST,Collision with fixed object:  Tree,Outside trafficway,Non-collision (single vehicle),Ran off road - right,Refused,,Dark - roadway not lighted,Dry,Cloudy,None apparent,Non-intersection:  Non-junction/no special feature,Paved,,Property Damage Only,0,0,0,0,0,0,3000,1,1,,POINT (-94.182625611831 42.498958506004)
2014819161,2014-038242,09/29/2014,09-September,2-Monday,14:31,1400 Hours,District 6 (East Central),DUBUQUE,DUBUQUE,,ROSEDALE AVE & W LOCUST ST,Collision with:  Vehicle in traffic,On Roadway,"Sideswipe, same direction",Ran Stop Sign,None Indicated,,Daylight,Dry,Clear,None apparent,Intersection:  T-intersection,Paved,,Property Damage Only,0,0,0,0,0,0,1500,2,3,,POINT (-90.686260808808 42.509102652954)
2014819034,14-002248,09/29/2014,09-September,2-Monday,08:05,0800 Hours,District 1 (Central),ALTOONA,POLK,,34TH AVE SW,Collision with:  Vehicle in traffic,On Roadway,Rear-end (front to rear),Driver Distraction:  Manual operation of an electronic communication device,None Indicated,,Daylight,Dry,Clear,None apparent,Intersection:  Four-way intersection,Paved,,Property Damage Only,0,0,0,0,0,0,1700,2,2,,POINT (-93.503171808943 41.64402297577)
2014819609,2014055935,09/29/2014,09-September,2-Monday,09:10,0900 Hours,District 6 (East Central),,LINN,US 151,US 151/DUBUQUE RD,Collision with:  Vehicle in traffic,On Roadway,Rear-end (front to rear),FTYROW:  Other (explain in narrative),None Indicated,,Daylight,Dry,Clear,None apparent,Non-intersection:  Non-junction/no special feature,Paved,,Possible/Unknown,0,1,0,0,1,0,7500,2,2,,POINT (-91.367763691676 42.069799916855)
2014826455,2014-6840,09/29/2014,09-September,2-Monday,15:20,1500 Hours,District 6 (East Central),LE CLAIRE,SCOTT,,JONES ST & FRONT ST,Collision with:  Parked motor vehicle,On Roadway,"Sideswipe, opposite direction",Swerving/Evasive Action,None Indicated,,Daylight,Dry,Clear,None apparent,Non-intersection:  Alley,Paved,,Property Damage Only,0,0,0,0,0,0,2100,2,1,,POINT (-90.343208516524 41.59861546371)
2014819554,2014010906,09/29/2014,09-September,2-Monday,23:11,2300 Hours,District 6 (East Central),IOWA CITY,JOHNSON,,HEINZ RD,Collision with:  Parked motor vehicle,On Roadway,"Sideswipe, same direction",Other (explain in narrative):  No improper action,None Indicated,,Dark - roadway not lighted,Dry,Clear,None apparent,Non-intersection:  Driveway access (within),Paved,,Property Damage Only,0,0,0,0,0,0,1500,2,2,,POINT (-91.489651301077 41.633705726677)
2014819042,14-011917,09/29/2014,09-September,2-Monday,15:15,1500 Hours,District 6 (East Central),,BENTON,,Co Rd V37/V37,Collision with:  Vehicle in traffic,On Roadway,Rear-end (front to rear),Exceeded authorized speed,None Indicated,,Daylight,Dry,Clear,None apparent,Non-intersection:  Non-junction/no special feature,Paved,,Minor Injury,0,1,0,1,0,0,8000,2,4,,POINT (-92.298763240937 42.292697701897)
2014821170,2014-038226,09/29/2014,09-September,2-Monday,07:35,0700 Hours,District 6 (East Central),DUBUQUE,DUBUQUE,,PENNSYLVANIA AVE & DONOVAN DR,Collision with:  Vehicle in traffic,On Roadway,Broadside (front to side),Ran Stop Sign,None Indicated,,Dawn,Dry,Clear,None apparent,Intersection:  T-intersection,Paved,,Possible/Unknown,0,1,0,0,1,0,7000,3,5,,POINT (-90.738583895861 42.501385489265)
2014819330,2014-68966,09/29/2014,09-September,2-Monday,22:46,2200 Hours,District 6 (East Central),DAVENPORT,SCOTT,,E LOCUST ST & GRAND AVE,Collision with:  Vehicle in traffic,On Roadway,"Angle, oncoming left turn",FTYROW:  Making left turn,None Indicated,,Dark - roadway lighted,Dry,Clear,None apparent,Intersection:  Four-way intersection,Paved,,Property Damage Only,0,0,0,0,0,0,8000,2,3,,POINT (-90.564899174954 41.538285902547)
2014819476,201414493,09/29/2014,09-September,2-Monday,12:39,1200 Hours,District 6 (East Central),CEDAR RAPIDS,LINN,,F AVE NW & EDGEWOOD RD NW,Collision with:  Vehicle in traffic,On Roadway,Broadside (front to side),Ran Traffic Signal,None Indicated,,Daylight,Dry,Cloudy,None apparent,Intersection:  Four-way intersection,Paved,,Property Damage Only,0,0,0,0,0,0,5000,2,2,,POINT (-91.715903047361 41.98006241005)
2014819311,2014010904,09/29/2014,09-September,2-Monday,21:25,2100 Hours,District 6 (East Central),IOWA CITY,JOHNSON,US 6,US 6/RIVERSIDE DR & N RIVERSIDE DR,Collision with:  Vehicle in traffic,On Roadway,Rear-end (front to rear),Followed too close,None Indicated,,Dark - roadway lighted,Dry,Cloudy,None apparent,Intersection:  Other intersection (explain in narrative),Paved,,Property Damage Only,0,0,0,0,0,0,16000,3,4,,POINT (-91.542067816423 41.662466048072)
2014819282,14-32383,09/29/2014,09-September,2-Monday,15:38,1500 Hours,District 3 (Northwest),SIOUX CITY,WOODBURY,,6TH ST & IOWA ST,Collision with:  Vehicle in traffic,On Roadway,"Angle, oncoming left turn",FTYROW:  From stop sign,None Indicated,,Daylight,Dry,Cloudy,None apparent,Intersection:  Four-way intersection,Paved,,Property Damage Only,0,0,0,0,0,0,2300,2,2,,POINT (-96.394970709216 42.496423742931)
2014819310,2014010894,09/29/2014,09-September,2-Monday,19:54,1900 Hours,District 6 (East Central),IOWA CITY,JOHNSON,IA 1,IA 1/IOWA 1 & HUDSON AVE,Collision with:  Vehicle in traffic,On Roadway,Rear-end (front to rear),Followed too close,None Indicated,,Daylight,Dry,Cloudy,None apparent,Intersection:  T-intersection,Paved,,Property Damage Only,0,0,0,0,0,0,2000,2,4,,POINT (-91.545396948521 41.647430741105)
2014819111,012014038225,09/29/2014,09-September,2-Monday,19:25,1900 Hours,District 6 (East Central),DUBUQUE,DUBUQUE,,ROOSEVELT ST,Collision with fixed object:  Ditch,On Roadway,Non-collision (single vehicle),"Operating vehicle in an reckless, erratic, careless, negligent manner",Alcohol (Statutory),,Dusk,Dry,Cloudy,None apparent,Non-intersection:  Non-junction/no special feature,Paved,,Property Damage Only,0,0,0,0,0,0,5000,1,2,,POINT (-90.660852497223 42.537006953477)
2014818811,14-041563,09/29/2014,09-September,2-Monday,13:57,1300 Hours,District 4 (Southwest),COUNCIL BLUFFS,POTTAWATTAMIE,,E PIERCE ST & KIMBALL AVE,Collision with:  Vehicle in traffic,On Roadway,"Angle, oncoming left turn",Unknown,None Indicated,,Daylight,Dry,Cloudy,None apparent,Intersection:  Four-way intersection,Paved,,Property Damage Only,0,0,0,0,0,0,2000,2,3,,POINT (-95.8372078075 41.267224274859)
2014819753,201403508,09/29/2014,09-September,2-Monday,08:00,0800 Hours,District 6 (East Central),FAIRFAX,LINN,,S FRONT ST & NICKOLET ST,Collision with:  Parked motor vehicle,Roadside,Broadside (front to side),Improper Backing,None Indicated,,Daylight,Dry,Clear,None apparent,Non-intersection:  Driveway access (within),Paved,,Property Damage Only,0,0,0,0,0,0,4750,2,1,,POINT (-91.782211059484 41.92344951688)
2014819195,14-200,09/29/2014,09-September,2-Monday,09:00,0900 Hours,District 2 (Northeast),WAVERLY,BREMER,IA 3,IA 3/BREMER AVE & 11TH ST NW,Collision with:  Vehicle in traffic,On Roadway,Broadside (front to side),FTYROW:  From driveway,None Indicated,,Daylight,Dry,Clear,None apparent,Non-intersection:  Driveway access (within),Paved,,Property Damage Only,0,0,0,0,0,0,1500,2,2,,POINT (-92.48428065038 42.725673808793)
2014820284,2014-68823,09/29/2014,09-September,2-Monday,12:19,1200 Hours,District 6 (East Central),DAVENPORT,SCOTT,,ROCKINGHAM RD & W 2ND ST & FILLMORE ST,Collision with:  Vehicle in traffic,On Roadway,"Angle, oncoming left turn",FTYROW:  Making left turn,None Indicated,,Daylight,Dry,Clear,None apparent,Intersection:  T-intersection,Paved,,Possible/Unknown,0,1,0,0,1,0,2000,2,2,,POINT (-90.594334063616 41.521298210778)
2014819752,201403507,09/29/2014,09-September,2-Monday,07:40,0700 Hours,District 6 (East Central),,LINN,,Co Rd E36/BLAIRS FERRY RD & OAK GROVE RD,Collision with:  Vehicle in traffic,On Roadway,Rear-end (front to rear),Other (explain in narrative):  Other,None Indicated,,Daylight,Dry,Clear,None apparent,Intersection:  T-intersection,Paved,,Property Damage Only,0,0,0,0,0,0,3500,2,2,,POINT (-91.735771049871 42.05628802184)
2014820126,14-014583,09/29/2014,09-September,2-Monday,22:30,2200 Hours,District 6 (East Central),TIPTON,CEDAR,,,Collision with:  Parked motor vehicle,On Roadway,Unknown,Unknown,None Indicated,,Dark - roadway not lighted,Dry,Clear,None apparent,Non-intersection:  Non-junction/no special feature,,,Property Damage Only,0,0,0,0,0,0,1600,2,2,,POINT (-96.643700149993 40.233091251414)
2014819162,2014-038243,09/29/2014,09-September,2-Monday,14:47,1400 Hours,District 6 (East Central),DUBUQUE,DUBUQUE,,LOMBARD ST,Collision with:  Vehicle in traffic,On Roadway,"Sideswipe, opposite direction",Other (explain in narrative):  Other,None Indicated,,Daylight,Dry,Clear,None apparent,Non-intersection:  Non-junction/no special feature,Paved,,Property Damage Only,0,0,0,0,0,0,5000,2,2,,POINT (-90.688500063077 42.491938870831)
2014819010,14-6405,09/29/2014,09-September,2-Monday,13:25,1300 Hours,District 1 (Central),GRIMES,POLK,,MERCANTILE CIR & SE GATEWAY DR,Collision with:  Vehicle in traffic,On Roadway,Rear-end (front to rear),Followed too close,None Indicated,,Daylight,Dry,Cloudy,None apparent,Non-intersection:  Non-junction/no special feature,Paved,,Property Damage Only,0,0,0,0,0,0,3000,2,2,,POINT (-93.777604006281 41.679188983455)
2014820033,14097696,09/29/2014,09-September,2-Monday,15:00,1500 Hours,District 2 (Northeast),CEDAR FALLS,BLACK HAWK,,19TH ST,Collision with:  Vehicle in traffic,On Roadway,Broadside (front to side),Improper Backing,None Indicated,,Daylight,Dry,Clear,None apparent,Non-intersection:  Non-junction/no special feature,Paved,,Property Damage Only,0,0,0,0,0,0,2200,2,2,,POINT (-92.464049584068 42.521413799795)
2014819027,20140028829,09/29/2014,09-September,2-Monday,08:20,0800 Hours,District 1 (Central),DES MOINES,POLK,,E 42ND ST,Collision with:  Vehicle in traffic,On Roadway,Rear-end (front to rear),Followed too close,None Indicated,,Daylight,Dry,Cloudy,None apparent,Non-intersection:  Non-junction/no special feature,Paved,,Possible/Unknown,0,1,0,0,1,0,6000,2,16,,POINT (-93.532061881783 41.620528202822)
2014819814,14006006,09/29/2014,09-September,2-Monday,22:30,2200 Hours,District 3 (Northwest),,CHEROKEE,US 59,US 59 & 640TH ST,Collision with:  Animal,,,Animal,None Indicated,,,,,,,Paved,,Property Damage Only,0,0,0,0,0,0,5000,1,1,,POINT (-95.545304119714 42.59074717521)
2014819308,2014-21268,09/29/2014,09-September,2-Monday,06:33,0600 Hours,District 5 (Southeast),,WARREN,,140TH AVE,Collision with:  Animal,On Roadway,Non-collision (single vehicle),Animal,None Indicated,,Dawn,"Mud, dirt",Clear,None apparent,Non-intersection:  Non-junction/no special feature,Unpaved,,Property Damage Only,0,0,0,0,0,0,5000,1,1,,POINT (-93.539253847464 41.315808538686)
2014820287,2014-68883,09/29/2014,09-September,2-Monday,17:14,1700 Hours,District 6 (East Central),DAVENPORT,SCOTT,,IA 461/BRADY ST,Collision with:  Vehicle in traffic,On Roadway,"Sideswipe, same direction",Improper or erratic lane changing,None Indicated,,Daylight,Dry,Clear,None apparent,Non-intersection:  Non-junction/no special feature,Paved,,Property Damage Only,0,0,0,0,0,0,2000,2,2,,POINT (-90.57406907034 41.521619812166)
2014819446,,09/29/2014,09-September,2-Monday,17:20,1700 Hours,District 4 (Southwest),DUNLAP,HARRISON,US 30,US 30,Collision with:  Vehicle in traffic,On Roadway,Rear-end (front to rear),Followed too close,None Indicated,,Daylight,Dry,Clear,None apparent,Intersection:  Other intersection (explain in narrative),Paved,,Property Damage Only,0,0,0,0,0,0,5500,2,2,,POINT (-95.599055798372 41.861488955477)
2014819513,20140028900,09/29/2014,09-September,2-Monday,17:20,1700 Hours,District 1 (Central),DES MOINES,POLK,,UNIVERSITY AVE & 7TH ST,Collision with:  Vehicle in traffic,On Roadway,Broadside (front to side),Improper Backing,None Indicated,,Daylight,Dry,Cloudy,None apparent,Intersection:  Four-way intersection,Paved,,Property Damage Only,0,0,0,0,0,0,3500,2,3,,POINT (-93.626951353471 41.600801437246)
2014819279,14-32369,09/29/2014,09-September,2-Monday,13:03,1300 Hours,District 3 (Northwest),SIOUX CITY,WOODBURY,,10TH ST & COURT ST,Collision with:  Vehicle in traffic,On Roadway,"Angle, oncoming left turn",Made improper turn,None Indicated,,Daylight,Dry,Clear,None apparent,Intersection:  Four-way intersection,Paved,,Property Damage Only,0,0,0,0,0,0,9000,2,3,,POINT (-96.396471837153 42.500773403436)
2014819087,2014010895,09/29/2014,09-September,2-Monday,17:19,1700 Hours,District 6 (East Central),IOWA CITY,JOHNSON,IA 1,IA 1/IOWA 1,Collision with:  Vehicle in traffic,On Roadway,Rear-end (front to rear),Other (explain in narrative):  Other,None Indicated,,Daylight,Dry,Clear,None apparent,Non-intersection:  Non-junction/no special feature,Paved,,Possible/Unknown,0,1,0,0,1,0,5000,2,2,,POINT (-91.563701471233 41.636978789889)
2014821171,2014-038254,09/29/2014,09-September,2-Monday,20:02,2000 Hours,District 6 (East Central),DUBUQUE,DUBUQUE,,ASBURY RD,Collision with:  Animal,,,Animal,None Indicated,,,,,,,Paved,,Property Damage Only,0,0,0,0,0,0,2000,1,1,,POINT (-90.730433958406 42.515065360985)
2014819199,S14-97587,09/29/2014,09-September,2-Monday,08:00,0800 Hours,District 2 (Northeast),,BLACK HAWK,,FOULK RD & E QUARRY RD,Collision with:  Vehicle in traffic,On Roadway,Broadside (front to side),FTYROW:  At uncontrolled intersection,None Indicated,,Daylight,"Mud, dirt",Clear,"Surface condition (e.g., wet, icy)",Intersection:  Four-way intersection,Unpaved,,Major Injury,0,2,1,1,0,0,20600,2,2,,POINT (-92.279206944061 42.35561006841)
2014818997,14148294,09/29/2014,09-September,2-Monday,20:14,2000 Hours,District 6 (East Central),TIFFIN,JOHNSON,I-80,I-80 & IRELAND AVE,Collision with fixed object:  Tree,On Roadway,Non-collision (single vehicle),Ran off road - right,None Indicated,,Dark - roadway not lighted,Dry,Clear,None apparent,Intersection:  Four-way intersection,Paved,,Property Damage Only,0,0,0,0,0,0,7500,1,1,,POINT (-91.666525602151 41.693916502415)
2014818736,20140028821,09/29/2014,09-September,2-Monday,01:57,0100 Hours,District 1 (Central),DES MOINES,POLK,IA 28,IA 28/IOWA 5 & ARMY POST RD,Collision with fixed object:  Ditch,On Roadway,Non-collision (single vehicle),Ran off road - straight,Refused,,Dark - roadway lighted,Dry,Clear,None apparent,Intersection:  T-intersection,Paved,,Property Damage Only,0,0,0,0,0,0,10000,1,3,,POINT (-93.68523133781 41.516448896284)
2014819478,201414521,09/29/2014,09-September,2-Monday,18:08,1800 Hours,District 6 (East Central),CEDAR RAPIDS,LINN,,BEVER AVE SE & 20TH ST SE,Collision with:  Vehicle in traffic,On Roadway,Broadside (front to side),FTYROW:  From stop sign,None Indicated,,Daylight,Wet,Rain,None apparent,Intersection:  Four-way intersection,Paved,,Property Damage Only,0,0,0,0,0,0,4000,2,2,,POINT (-91.640441102713 41.984435140922)
2014820085,14097658,09/29/2014,09-September,2-Monday,12:42,1200 Hours,District 2 (Northeast),CEDAR FALLS,BLACK HAWK,,UNIVERSITY AVE & CEDAR HEIGHTS DR,Collision with:  Vehicle in traffic,On Roadway,"Angle, oncoming left turn",FTYROW:  Making left turn,None Indicated,,Daylight,Dry,Clear,None apparent,Intersection:  Four-way intersection,Paved,,Possible/Unknown,0,1,0,0,1,0,2000,2,3,,POINT (-92.411215919042 42.506727212958)
2014819081,14-041318,09/29/2014,09-September,2-Monday,11:44,1100 Hours,District 5 (Southeast),MUSCATINE,MUSCATINE,,E 5TH ST & POPLAR ST,Collision with:  Vehicle in traffic,On Roadway,"Sideswipe, same direction",Ran Stop Sign,None Indicated,,Daylight,Dry,Clear,None apparent,Intersection:  Four-way intersection,Paved,,Property Damage Only,0,0,0,0,0,0,3000,2,2,,POINT (-91.039545567409 41.428435662856)
2014819267,20140028916,09/29/2014,09-September,2-Monday,18:40,1800 Hours,District 1 (Central),DES MOINES,POLK,US 6,US 6/MERLE HAY RD/DOUGLAS AVE & IA 28,Collision with:  Vehicle in traffic,On Roadway,Rear-end (front to rear),Followed too close,None Indicated,,Daylight,Dry,Clear,None apparent,Non-intersection:  Non-junction/no special feature,Paved,,Property Damage Only,0,0,0,0,0,0,3300,2,3,,POINT (-93.697783119398 41.629405511347)
2014819494,201414482,09/29/2014,09-September,2-Monday,07:51,0700 Hours,District 6 (East Central),CEDAR RAPIDS,LINN,I-380,I-380 & IA 922/1ST AVE W & L ST SW & 3RD ST NW,Collision with:  Vehicle in traffic,On Roadway,"Angle, oncoming left turn",Made improper turn,None Indicated,,Daylight,Dry,Clear,None apparent,Non-intersection:  Non-junction/no special feature,Paved,,Property Damage Only,0,0,0,0,0,0,10000,2,2,,POINT (-91.676967358255 41.975198064592)
2014819225,2014056006,09/29/2014,09-September,2-Monday,17:06,1700 Hours,District 1 (Central),,WEBSTER,,Co Rd P59/PARAGON AVE,Collision with fixed object:  Other fixed object (explain in narrative),Shoulder,Non-collision (single vehicle),Crossed centerline (undivided),None Indicated,,Daylight,Dry,Cloudy,None apparent,Non-intersection:  Non-junction/no special feature,Paved,,Property Damage Only,0,0,0,0,0,0,4000,1,2,,POINT (-94.148724069719 42.568944181998)
2014819281,14-32382,09/29/2014,09-September,2-Monday,15:37,1500 Hours,District 3 (Northwest),SIOUX CITY,WOODBURY,,27TH ST & CHEYENNE BLVD & DUPONT ST,Collision with:  Vehicle in traffic,On Roadway,Rear-end (front to rear),Other (explain in narrative):  Other,None Indicated,,Daylight,Dry,Clear,None apparent,Intersection:  Four-way intersection,Paved,,Possible/Unknown,0,1,0,0,1,0,6500,2,4,,POINT (-96.38865328998 42.517537338069)
2014819002,14020417,09/29/2014,09-September,2-Monday,07:44,0700 Hours,District 6 (East Central),MARION,LINN,US 151,US 151,Collision with:  Vehicle in traffic,On Roadway,Rear-end (front to rear),Followed too close,None Indicated,,Daylight,Dry,Clear,None apparent,Non-intersection:  Non-junction/no special feature,Paved,,Property Damage Only,0,0,0,0,0,0,2500,2,2,,POINT (-91.550256283743 42.020572760217)
2014820058,14-030379,09/29/2014,09-September,2-Monday,22:29,2200 Hours,District 5 (Southeast),,LEE,,Co Rd X38/330 AVE,Non-collision events:  Other non-collision (explain in narrative),On Roadway,Non-collision (single vehicle),Ran off road - right,Alcohol (< Statutory),,Dark - roadway not lighted,Dry,Clear,None apparent,Non-intersection:  Non-junction/no special feature,Paved,,Property Damage Only,0,0,0,0,0,0,1500,1,1,,POINT (-91.286733095837 40.696293215228)
2014819298,14-0550,09/29/2014,09-September,2-Monday,16:40,1600 Hours,District 1 (Central),,WEBSTER,,Co Rd P71/VINCENT AVE & 180TH ST,Collision with:  Vehicle in traffic,On Roadway,Broadside (front to side),Ran Stop Sign,None Indicated,,Daylight,Dry,Clear,None apparent,Intersection:  Four-way intersection,Paved,,Possible/Unknown,0,5,0,0,5,0,20200,2,5,,POINT (-94.02040584206 42.530074603417)
2014824237,2014-5734,09/29/2014,09-September,2-Monday,07:34,0700 Hours,District 1 (Central),,HARDIN,US 20,US 20/NW RAMP/SPECIAL CASE,Non-collision events:  Overturn/rollover,On Roadway,Non-collision (single vehicle),Lost Control,None Indicated,,Daylight,Dry,Clear,None apparent,Interchange-related:  On-ramp,Paved,,Major Injury,0,1,1,0,0,0,75000,1,1,,POINT (-93.262157270237 42.448861080366)
2014821700,C14003118,09/29/2014,09-September,2-Monday,02:03,0200 Hours,District 6 (East Central),CORALVILLE,JOHNSON,I-80,I-80,Collision with:  Animal,On Roadway,Non-collision (single vehicle),Animal,None Indicated,,Dark - roadway not lighted,Dry,Clear,None apparent,Non-intersection:  Non-junction/no special feature,Paved,,Property Damage Only,0,0,0,0,0,0,1800,1,1,,POINT (-91.59041868532 41.691341813745)
2014819759,201403506,09/29/2014,09-September,2-Monday,06:47,0600 Hours,District 6 (East Central),,LINN,,Co Rd W6E/ELY RD,Collision with:  Animal,,Non-collision (single vehicle),Animal,None Indicated,,,,,,,Paved,,Property Damage Only,0,0,0,0,0,0,6500,1,1,,POINT (-91.598448420464 41.886768187711)
2014819158,2014-038228,09/29/2014,09-September,2-Monday,09:29,0900 Hours,District 6 (East Central),DUBUQUE,DUBUQUE,,HILLCREST RD & CARTER RD,Collision with:  Vehicle in traffic,On Roadway,Rear-end (front to rear),Lost Control,None Indicated,,Daylight,Dry,Clear,None apparent,Intersection:  Four-way intersection,Paved,,Possible/Unknown,0,1,0,0,1,0,2250,2,2,,POINT (-90.714907985639 42.50554432634)