Iowa DOT Case Number,Law Enforcement Case Number,Date of Crash,Month of Crash,Day of Week,Time of Crash,Hour,DOT District,City Name,County Name,Route with System,Location Description,First Harmful Event,Location of First Harmful Event,Manner of Crash/Collision,Major Cause,Drug or Alcohol ,Environmental Conditions,Light Conditions,Surface Conditions,Weather Conditions,Roadway Contribution,Roadway Type,Roadway Surface,Work Zone,Crash Severity,Number of Fatalities,Number of Injuries,Number of Major Injuries,Number of Minor Injuries,Number of Possible Injuries,Number of Unknown Injuries,Amount of Property Damage,Number of Vehicles Involved,Total Number of Occupants,Travel Direction,Location
2014819615,14-041896,10/01/2014,10-October,4-Wednesday,18:10,1800 Hours,District 4 (Southwest),COUNCIL BLUFFS,POTTAWATTAMIE,I-80,I-80 & US 6/KANESVILLE BLVD,Collision with:  Vehicle in traffic,On Roadway,Rear-end (front to rear),Followed too close,None Indicated,,Daylight,Dry,Clear,None apparent,Intersection:  Intersection with ramp,Paved,,Property Damage Only,0,0,0,0,0,0,3600,2,2,,POINT (-95.782941599359 41.280114072144)
2014819507,14-6449,10/01/2014,10-October,4-Wednesday,14:42,1400 Hours,District 1 (Central),GRIMES,POLK,IA 141,IA 141/IOWA 141 & NE 18TH ST,Collision with:  Other non-fixed object (explain in narrative),On Roadway,Broadside (front to side),Ran Stop Sign,None Indicated,,Daylight,Dry,Cloudy,None apparent,Unknown,Paved,,Possible/Unknown,0,1,0,0,1,0,13000,2,2,,POINT (-93.774680128215 41.702861262259)
2014820007,14-6032,10/01/2014,10-October,4-Wednesday,14:22,1400 Hours,District 3 (Northwest),CHEROKEE,CHEROKEE,US 59,US 59/N 2ND ST & W CEDAR ST & E CEDAR ST,Collision with:  Vehicle in traffic,On Roadway,"Angle, oncoming left turn",FTYROW:  From stop sign,None Indicated,,Daylight,Dry,Clear,None apparent,Intersection:  Four-way intersection,Paved,,Possible/Unknown,0,1,0,0,1,0,4500,2,2,,POINT (-95.551208084175 42.751595872148)
2014820013,2014-038315,10/01/2014,10-October,4-Wednesday,16:27,1600 Hours,District 6 (East Central),DUBUQUE,DUBUQUE,,E 21ST ST & JACKSON ST,Collision with:  Vehicle in traffic,On Roadway,Broadside (front to side),FTYROW:  From stop sign,None Indicated,,Daylight,Dry,Clear,None apparent,Intersection:  Four-way intersection,Paved,,Minor Injury,0,1,0,1,0,0,1500,2,2,,POINT (-90.668987591972 42.512759752524)
2014819534,14-32562,10/01/2014,10-October,4-Wednesday,08:07,0800 Hours,District 3 (Northwest),SIOUX CITY,WOODBURY,,13TH ST & COURT ST,Collision with:  Vehicle in traffic,On Roadway,Broadside (front to side),FTYROW:  From stop sign,None Indicated,,Daylight,Dry,Cloudy,None apparent,Intersection:  Four-way intersection,Paved,,Property Damage Only,0,0,0,0,0,0,7500,2,3,,POINT (-96.396505322192 42.504086058484)
2014820398,100114-130,10/01/2014,10-October,4-Wednesday,14:19,1400 Hours,District 3 (Northwest),STORM LAKE,BUENA VISTA,IA 7,IA 7/MILWAUKEE AVE & ONEIDA ST,Collision with fixed object:  Utility pole/light support,Outside trafficway,Non-collision (single vehicle),Made improper turn,None Indicated,,Daylight,Dry,Clear,None apparent,Intersection:  Four-way intersection,Paved,,Property Damage Only,0,0,0,0,0,0,1500,1,1,,POINT (-95.195440005802 42.647472447401)
2014819514,20140029101,10/01/2014,10-October,4-Wednesday,13:24,1300 Hours,District 1 (Central),DES MOINES,POLK,,GARFIELD AVE & E 32ND ST,Collision with:  Vehicle in traffic,On Roadway,Broadside (front to side),Crossed centerline (undivided),None Indicated,,Daylight,Dry,Cloudy,None apparent,Intersection:  Four-way intersection,Paved,,Possible/Unknown,0,1,0,0,1,0,1500,2,2,,POINT (-93.555309098142 41.60329551677)
2014819716,S14-10038,10/01/2014,10-October,4-Wednesday,18:08,1800 Hours,District 3 (Northwest),,WOODBURY,US 20,US 20,Collision with:  Vehicle in traffic,On Roadway,Rear-end (front to rear),Followed too close,None Indicated,,Daylight,Wet,Rain,Work Zone (roadway-related),Interchange-related:  On-ramp merge area,Paved,Yes,Property Damage Only,0,0,0,0,0,0,2800,2,3,,POINT (-96.323727365859 42.469789833288)
2014819558,14-041691,10/01/2014,10-October,4-Wednesday,17:08,1700 Hours,District 5 (Southeast),,MUSCATINE,US 6,US 6 & Co Rd X54/MOSCOW AVE,Collision with:  Vehicle in traffic,On Roadway,Rear-end (front to rear),Followed too close,None Indicated,,Daylight,Dry,Cloudy,None apparent,Intersection:  Four-way intersection,Paved,,Property Damage Only,0,0,0,0,0,0,8000,2,2,,POINT (-91.082329585136 41.566853475103)
2014819825,143010,10/01/2014,10-October,4-Wednesday,19:00,1900 Hours,District 3 (Northwest),DENISON,CRAWFORD,US 30,US 30/4TH AVE S & S 12TH ST,Collision with:  Vehicle in traffic,On Roadway,Rear-end (front to rear),FTYROW:  Other (explain in narrative),None Indicated,,Dark - unknown roadway lighting,Dry,Clear,None apparent,Non-intersection:  Non-junction/no special feature,Paved,,Property Damage Only,0,0,0,0,0,0,3500,2,2,,POINT (-95.356865993061 42.012388581001)
2014821456,2014056221,10/01/2014,10-October,4-Wednesday,03:21,0300 Hours,District 1 (Central),WEST DES MOINES,POLK,I-35,I-35,Collision with:  Vehicle in traffic,On Roadway,"Sideswipe, same direction",Unknown,None Indicated,,Dark - roadway not lighted,Wet,Rain,Work Zone (roadway-related),Non-intersection:  Non-junction/no special feature,Paved,Yes,Property Damage Only,0,0,0,0,0,0,2500,2,5,,POINT (-93.773615516042 41.52952538603)
2014820297,2014-69365,10/01/2014,10-October,4-Wednesday,15:15,1500 Hours,District 6 (East Central),DAVENPORT,SCOTT,,W 11TH ST & GAINES ST,Non-collision events:  Overturn/rollover,On Roadway,Broadside (front to side),FTYROW:  From stop sign,None Indicated,,Daylight,Dry,Cloudy,Unknown,Intersection:  Four-way intersection,Paved,,Property Damage Only,0,0,0,0,0,0,2500,2,4,,POINT (-90.582889220414 41.530956167387)
2014819766,S14-003885,10/01/2014,10-October,4-Wednesday,03:15,0300 Hours,District 4 (Southwest),,POTTAWATTAMIE,,Co Rd G18/TAMARACK RD,Collision with fixed object:  Ditch,Outside trafficway,Non-collision (single vehicle),Swerving/Evasive Action,None Indicated,,Dark - roadway not lighted,Wet,Rain,None apparent,Non-intersection:  Non-junction/no special feature,Paved,,Possible/Unknown,0,1,0,0,1,0,4500,1,2,,POINT (-95.392323360898 41.476607313808)
2014819551,2014010970,10/01/2014,10-October,4-Wednesday,18:54,1800 Hours,District 6 (East Central),IOWA CITY,JOHNSON,,W BENTON ST,Collision with:  Vehicle in traffic,On Roadway,Rear-end (front to rear),Followed too close,None Indicated,,Dark - roadway lighted,Dry,Clear,Unknown,Non-intersection:  Non-junction/no special feature,Paved,,Property Damage Only,0,0,0,0,0,0,4500,3,3,,POINT (-91.555199518536 41.65048163196)
2014819531,14-2178,10/01/2014,10-October,4-Wednesday,10:10,1000 Hours,District 1 (Central),URBANDALE,POLK,,86TH ST,Collision with:  Vehicle in traffic,On Roadway,Broadside (front to side),Ran Traffic Signal,None Indicated,,Daylight,Wet,Cloudy,None apparent,Non-intersection:  Driveway access (within),Paved,,Property Damage Only,0,0,0,0,0,0,6000,2,2,,POINT (-93.736548553526 41.630514731187)
2014820127,14014649,10/01/2014,10-October,4-Wednesday,08:02,0800 Hours,District 6 (East Central),TIPTON,CEDAR,IA 38,IA 38/CEDAR ST,Collision with:  Vehicle in traffic,On Roadway,Rear-end (front to rear),Lost Control,None Indicated,,Daylight,Dry,Clear,None apparent,Non-intersection:  Non-junction/no special feature,Paved,,Possible/Unknown,0,1,0,0,1,0,7100,3,3,,POINT (-91.128408635296 41.774062739521)
2014820374,,10/01/2014,10-October,4-Wednesday,13:00,1300 Hours,District 6 (East Central),CEDAR RAPIDS,LINN,,C ST RD SW,Collision with:  Vehicle in traffic,On Roadway,"Angle, oncoming left turn",Unknown,None Indicated,,Daylight,Dry,Cloudy,,Non-intersection:  Driveway access (within),Paved,,Property Damage Only,0,0,0,0,0,0,2750,2,2,,POINT (-91.637601574363 41.934154447719)
2014822641,2014-69315,10/01/2014,10-October,4-Wednesday,10:24,1000 Hours,District 6 (East Central),DAVENPORT,SCOTT,I-80,I-80 & IA 130/NEW LIBERTY RD,Collision with:  Vehicle in traffic,On Roadway,"Angle, oncoming left turn",Ran Traffic Signal,None Indicated,,Daylight,Dry,Cloudy,None apparent,Intersection:  Four-way intersection,Paved,,Property Damage Only,0,0,0,0,0,0,35000,2,2,,POINT (-90.617830845392 41.598747398221)
2014822382,145790,10/01/2014,10-October,4-Wednesday,19:42,1900 Hours,District 1 (Central),,HARDIN,,Co Rd S62/CO HWY S62,Collision with:  Animal,,,Animal,None Indicated,,,,,,,Paved,,Property Damage Only,0,0,0,0,0,0,2500,1,1,,POINT (-93.086854502784 42.30175254381)
2014820766,,10/01/2014,10-October,4-Wednesday,13:59,1300 Hours,District 2 (Northeast),NEW HAMPTON,CHICKASAW,IA 24,IA 24/N LINN AVE/W MAIN ST & S LINN AVE,Collision with:  Vehicle in traffic,On Roadway,"Angle, oncoming left turn",FTYROW:  Making left turn,None Indicated,,Daylight,Dry,Clear,None apparent,Intersection:  Four-way intersection,Paved,,Property Damage Only,0,0,0,0,0,0,5300,2,2,,POINT (-92.31784420378 43.059284072832)
2014819532,14-0861,10/01/2014,10-October,4-Wednesday,17:08,1700 Hours,District 1 (Central),WINDSOR HEIGHTS,POLK,I-235,I-235 & CENTER ST & 73RD ST,Collision with:  Vehicle in traffic,On Roadway,"Angle, oncoming left turn",FTYROW:  Making left turn,None Indicated,,Daylight,Dry,Clear,None apparent,Intersection:  Four-way intersection,Paved,,Minor Injury,0,2,0,1,1,0,30000,2,2,,POINT (-93.713456149095 41.591848372945)
2014820397,100114-053,10/01/2014,10-October,4-Wednesday,07:54,0700 Hours,District 3 (Northwest),STORM LAKE,BUENA VISTA,,ONEIDA ST,Collision with:  Vehicle in traffic,On Roadway,Broadside (front to side),FTYROW:  From stop sign,None Indicated,,Daylight,Wet,Cloudy,None apparent,Intersection:  T-intersection,Paved,,Property Damage Only,0,0,0,0,0,0,4000,2,2,,POINT (-95.195662605859 42.651025191456)
2014909183,091-14,10/01/2014,10-October,4-Wednesday,15:40,1500 Hours,District 4 (Southwest),,MADISON,,Co Rd R35/BEVINGTON PARK RD,Collision with:  Vehicle in traffic,Roadside,Unknown,FTYROW:  From driveway,None Indicated,,Daylight,Dry,Clear,None apparent,Non-intersection:  Driveway access (within),Paved,,Property Damage Only,0,0,0,0,0,0,4500,2,2,,POINT (-93.808747056504 41.29596298569)
2014819344,2014010955,10/01/2014,10-October,4-Wednesday,11:45,1100 Hours,District 6 (East Central),IOWA CITY,JOHNSON,,LUCAS ST,Collision with:  Vehicle in traffic,On Roadway,Rear-end (front to rear),FTYROW:  Other (explain in narrative),None Indicated,,Daylight,Wet,Rain,None apparent,Non-intersection:  Alley,Paved,,Property Damage Only,0,0,0,0,0,0,4000,2,2,,POINT (-91.524265184616 41.66309445859)
2014820552,2014056371,10/01/2014,10-October,4-Wednesday,18:25,1800 Hours,District 1 (Central),,POLK,I-35,I-35,Collision with:  Vehicle in traffic,On Roadway,"Sideswipe, same direction",Crossed centerline (undivided),None Indicated,,Dusk,Dry,Clear,None apparent,Non-intersection:  Non-junction/no special feature,Paved,,Property Damage Only,0,0,0,0,0,0,3000,2,3,,POINT (-93.605568003704 41.649608968637)
2014819270,20140029096,10/01/2014,10-October,4-Wednesday,12:32,1200 Hours,District 1 (Central),DES MOINES,POLK,,HICKMAN RD & MLK JR PKWY,Collision with:  Vehicle in traffic,On Roadway,Rear-end (front to rear),Followed too close,None Indicated,,Daylight,Dry,Cloudy,None apparent,Intersection:  Four-way intersection,Paved,,Property Damage Only,0,0,0,0,0,0,3600,2,2,,POINT (-93.646461472405 41.615050886462)
2014819533,891406456,10/01/2014,10-October,4-Wednesday,16:28,1600 Hours,District 5 (Southeast),MILTON,VAN BUREN,IA 2,IA 2/IOWA 2 & SUNRISE LN,Collision with:  Vehicle in traffic,On Roadway,Rear-end (front to rear),FTYROW:  Other (explain in narrative),None Indicated,,Daylight,Dry,Cloudy,None apparent,Intersection:  Four-way intersection,Paved,,Minor Injury,0,3,0,1,2,0,11000,2,5,,POINT (-92.154615744477 40.667121517529)
2014820538,14-35128,10/02/2014,10-October,5-Thursday,12:25,1200 Hours,District 5 (Southeast),WEST BURLINGTON,DES MOINES,,SE COMM COLL BURLINGTON,Collision with:  Vehicle in traffic,On Roadway,"Angle, oncoming left turn",FTYROW:  From driveway,None Indicated,,Daylight,Dry,Clear,None apparent,Non-intersection:  Driveway access (within),Paved,,Property Damage Only,0,0,0,0,0,0,3500,2,2,,POINT (-91.172301493413 40.815469347517)
2014819690,20140029210,10/02/2014,10-October,5-Thursday,14:00,1400 Hours,District 1 (Central),DES MOINES,POLK,US 6,US 6/DOUGLAS AVE & 38TH ST,Collision with:  Vehicle in traffic,On Roadway,Rear-end (front to rear),Followed too close,None Indicated,,Daylight,Wet,Rain,"Surface condition (e.g., wet, icy)",Intersection:  Four-way intersection,Paved,,Property Damage Only,0,0,0,0,0,0,11000,3,3,,POINT (-93.66840759662 41.62952603126)
2014819698,20140029266,10/02/2014,10-October,5-Thursday,23:23,2300 Hours,District 1 (Central),DES MOINES,POLK,,55TH ST,Collision with:  Parked motor vehicle,On Roadway,"Sideswipe, same direction",Exceeded authorized speed,None Indicated,,Dark - roadway lighted,Dry,Clear,None apparent,Non-intersection:  Non-junction/no special feature,Paved,,Possible/Unknown,0,1,0,0,0,1,15000,2,1,,POINT (-93.693768854674 41.634581908727)
2014824669,261401776,10/02/2014,10-October,5-Thursday,16:13,1600 Hours,District 5 (Southeast),,DAVIS,US 63,US 63,Collision with:  Vehicle in traffic,On Roadway,Rear-end (front to rear),Followed too close,None Indicated,,Daylight,Dry,Clear,None apparent,Non-intersection:  Other non-intersection (explain in narrative),Paved,,Possible/Unknown,0,1,0,0,1,0,9000,2,3,,POINT (-92.409451658299 40.885496125242)
2014821048,14041770,10/02/2014,10-October,5-Thursday,07:01,0700 Hours,District 5 (Southeast),MUSCATINE,MUSCATINE,US 61,US 61,Collision with:  Vehicle in traffic,On Roadway,"Angle, oncoming left turn",FTYROW:  At uncontrolled intersection,None Indicated,,Dawn,Dry,Cloudy,None apparent,Non-intersection:  Driveway access (within),Paved,,Major Injury,0,1,1,0,0,0,20000,2,2,,POINT (-91.021565166329 41.457373059914)
2014819756,14-042034,10/02/2014,10-October,5-Thursday,16:55,1600 Hours,District 4 (Southwest),COUNCIL BLUFFS,POTTAWATTAMIE,US 6,US 6/W BROADWAY & S 19TH ST & N 19TH ST,Collision with:  Vehicle in traffic,On Roadway,Broadside (front to side),FTYROW:  From stop sign,None Indicated,,Daylight,Dry,Cloudy,None apparent,Intersection:  Four-way intersection,Paved,,Possible/Unknown,0,1,0,0,1,0,4500,2,2,,POINT (-95.872187354812 41.261889099171)
2014819771,S14-98712,10/02/2014,10-October,5-Thursday,06:40,0600 Hours,District 2 (Northeast),RAYMOND,BLACK HAWK,,S 3RD ST & OLD US 20,Collision with:  Vehicle in traffic,On Roadway,Broadside (front to side),FTYROW:  Other (explain in narrative),None Indicated,,Dawn,Dry,Clear,None apparent,Non-intersection:  Non-junction/no special feature,Paved,,Property Damage Only,0,0,0,0,0,0,4000,2,3,,POINT (-92.21973671389 42.464156683527)
2014819670,14-7341,10/02/2014,10-October,5-Thursday,17:51,1700 Hours,District 3 (Northwest),,IDA,,270TH ST,Collision with fixed object:  Ditch,On Roadway,Non-collision (single vehicle),Driving too fast for conditions,None Indicated,,Daylight,"Mud, dirt",Clear,None apparent,Non-intersection:  Non-junction/no special feature,Unpaved,,Property Damage Only,0,0,0,0,0,0,1500,1,2,,POINT (-95.453923051178 42.312373830795)
2014826321,,10/02/2014,10-October,5-Thursday,16:25,1600 Hours,District 2 (Northeast),HAMPTON,FRANKLIN,US 65,US 65/4TH ST SE & 1ST AVE SE,Collision with:  Vehicle in traffic,On Roadway,Broadside (front to side),FTYROW:  From stop sign,None Indicated,,Daylight,Wet,Rain,None apparent,Intersection:  Other intersection (explain in narrative),Paved,,Property Damage Only,0,0,0,0,0,0,2220,2,2,,POINT (-93.20248024827 42.740938634318)
2014819954,14-32731,10/02/2014,10-October,5-Thursday,16:15,1600 Hours,District 3 (Northwest),SIOUX CITY,WOODBURY,,MILITARY RD,Collision with:  Parked motor vehicle,On Roadway,Rear-end (front to rear),Ran off road - right,None Indicated,,Daylight,Dry,Clear,None apparent,Non-intersection:  Non-junction/no special feature,Paved,,Property Damage Only,0,0,0,0,0,0,3500,2,1,,POINT (-96.476451673874 42.521522713255)
2014820554,2014056505,10/02/2014,10-October,5-Thursday,16:00,1600 Hours,District 3 (Northwest),SPENCER,CLAY,US 18,US 18/365 ST PROPOSED US18 & US 71/11TH AVE SW/11TH ST SW,Collision with:  Vehicle in traffic,On Roadway,Rear-end (front to rear),Followed too close,None Indicated,,Daylight,Wet,Rain,None apparent,Intersection:  Four-way intersection,Paved,,Property Damage Only,0,0,0,0,0,0,4500,2,4,,POINT (-95.160653703198 43.126639475091)
2014820026,2014038346,10/02/2014,10-October,5-Thursday,17:59,1700 Hours,District 6 (East Central),DUBUQUE,DUBUQUE,,WACKER DR,Collision with:  Vehicle in traffic,On Roadway,"Angle, oncoming left turn",FTYROW:  Making left turn,None Indicated,,Daylight,Wet,Cloudy,None apparent,Non-intersection:  Driveway access (within),Paved,,Property Damage Only,0,0,0,0,0,0,1500,2,2,,POINT (-90.720431744085 42.494541911912)
2014820229,147787PD,10/02/2014,10-October,5-Thursday,07:45,0700 Hours,District 1 (Central),BOONE,BOONE,,MAMIE EISENHOWER AVE & S CARROLL ST,Collision with:  Vehicle in traffic,On Roadway,Rear-end (front to rear),Swerving/Evasive Action,None Indicated,,Daylight,Dry,Cloudy,None apparent,Intersection:  Four-way intersection,Paved,,Minor Injury,0,1,0,1,0,0,5500,2,2,,POINT (-93.885030693174 42.059604783049)
2014819760,14-042044,10/02/2014,10-October,5-Thursday,18:21,1800 Hours,District 4 (Southwest),COUNCIL BLUFFS,POTTAWATTAMIE,I-80,I-80,Collision with:  Animal,On Roadway,Non-collision (single vehicle),Animal,None Indicated,,Daylight,Dry,Cloudy,None apparent,Non-intersection:  Non-junction/no special feature,Paved,,Property Damage Only,0,0,0,0,0,0,3000,1,1,,POINT (-95.802836998194 41.261257985529)
2014820714,2014-0416,10/02/2014,10-October,5-Thursday,18:00,1800 Hours,District 5 (Southeast),NORWALK,WARREN,,NORTH AVE,Collision with:  Vehicle in traffic,On Roadway,Unknown,Improper Backing,None Indicated,,Daylight,Dry,Cloudy,Work Zone (roadway-related),Non-intersection:  Non-junction/no special feature,Paved,Yes,Property Damage Only,0,0,0,0,0,0,3000,2,3,,POINT (-93.685804946457 41.475407850532)
2014822196,14-09458,10/02/2014,10-October,5-Thursday,05:30,0500 Hours,District 5 (Southeast),MOUNT PLEASANT,HENRY,,S ADAMS PL,Collision with fixed object:  Mailbox,Outside trafficway,Non-collision (single vehicle),Improper Backing,None Indicated,,Dark - roadway lighted,Wet,"Fog, smoke, smog",None apparent,Non-intersection:  Driveway access (within),Unpaved,,Property Damage Only,0,0,0,0,0,0,1750,1,1,,POINT (-91.551942156259 40.958547330689)
2014819559,14-4905,10/02/2014,10-October,5-Thursday,14:22,1400 Hours,District 1 (Central),WEST DES MOINES,POLK,IA 5,IA 5/IOWA 5,Collision with fixed object:  Guardrail - face,On Roadway,Non-collision (single vehicle),Driving too fast for conditions,None Indicated,,Daylight,Wet,Rain,None apparent,Non-intersection:  Other non-intersection (explain in narrative),Paved,,Possible/Unknown,0,1,0,0,1,0,6000,1,1,,POINT (-93.722796898748 41.521362121574)
2014819701,20140029258,10/02/2014,10-October,5-Thursday,22:15,2200 Hours,District 1 (Central),DES MOINES,POLK,,E DOUGLAS AVE & COLFAX AVE,Collision with:  Vehicle in traffic,On Roadway,Head-on (front to front),Crossed centerline (undivided),Alcohol (Statutory),,Dark - roadway lighted,Dry,Cloudy,None apparent,Non-intersection:  Non-junction/no special feature,Paved,,Property Damage Only,0,0,0,0,0,0,2500,2,2,,POINT (-93.551032405699 41.62955413022)
2014819626,2014010990,10/02/2014,10-October,5-Thursday,11:50,1100 Hours,District 6 (East Central),IOWA CITY,JOHNSON,US 6,US 6/S RIVERSIDE DR,Collision with:  Vehicle in traffic,On Roadway,Rear-end (front to rear),Followed too close,None Indicated,,Daylight,Dry,Cloudy,None apparent,Non-intersection:  Non-junction/no special feature,Paved,,Property Damage Only,0,0,0,0,0,0,2800,3,3,,POINT (-91.540320671618 41.653139781968)
2014820151,,10/02/2014,10-October,5-Thursday,22:50,2200 Hours,District 5 (Southeast),,MARION,,Co Rd G76/HWY G76 & 30TH AVE,Collision with:  Animal,On Roadway,Non-collision (single vehicle),Animal,None Indicated,,,,,,,Paved,,Property Damage Only,0,0,0,0,0,0,5000,1,1,,POINT (-93.289973003721 41.211675397352)
2014819525,20140029200,10/02/2014,10-October,5-Thursday,12:30,1200 Hours,District 1 (Central),DES MOINES,POLK,US 6,US 6/EUCLID AVE & 16TH ST,Collision with:  Vehicle in traffic,On Roadway,"Sideswipe, same direction",FTYROW:  From stop sign,None Indicated,,Daylight,Wet,Rain,None apparent,Intersection:  T-intersection,Paved,,Property Damage Only,0,0,0,0,0,0,10000,2,4,,POINT (-93.63926448112 41.62766518019)
2014819677,201414709,10/02/2014,10-October,5-Thursday,15:58,1500 Hours,District 6 (East Central),CEDAR RAPIDS,LINN,I-380,I-380,Collision with fixed object:  Guardrail - face,On Roadway,Non-collision (single vehicle),Swerving/Evasive Action,None Indicated,,Daylight,Wet,Cloudy,None apparent,Non-intersection:  Non-junction/no special feature,Paved,,Possible/Unknown,0,1,0,0,1,0,23591,1,2,,POINT (-91.670930336299 41.950918944015)
2014819590,14-1922,10/02/2014,10-October,5-Thursday,06:47,0600 Hours,District 1 (Central),POLK CITY,POLK,IA 415,IA 415/NW POLK CITY DR,Collision with:  Animal,On Roadway,Non-collision (single vehicle),Animal,None Indicated,,Dawn,Dry,Cloudy,None apparent,Non-intersection:  Non-junction/no special feature,Paved,,Property Damage Only,0,0,0,0,0,0,2500,1,1,,POINT (-93.715934537026 41.759400967366)
2014820338,201400048624,10/02/2014,10-October,5-Thursday,15:18,1500 Hours,District 5 (Southeast),OTTUMWA,WAPELLO,,E MARY ST,Collision with:  Vehicle in traffic,On Roadway,Rear-end (front to rear),Followed too close,None Indicated,,Daylight,Wet,Rain,None apparent,Non-intersection:  Non-junction/no special feature,Paved,,Possible/Unknown,0,2,0,0,2,0,1500,2,6,,POINT (-92.419046649166 40.9948331443)
2014819571,2014056414,10/02/2014,10-October,5-Thursday,07:32,0700 Hours,District 3 (Northwest),,DICKINSON,US 71,US 71/OKOBOJI AVE & 230TH ST,Collision with:  Animal,,,Animal,None Indicated,,,,,,,Paved,,Property Damage Only,0,0,0,0,0,0,3500,1,1,,POINT (-95.150247267817 43.313468534062)
2014819620,14-042009,10/02/2014,10-October,5-Thursday,13:40,1300 Hours,District 4 (Southwest),COUNCIL BLUFFS,POTTAWATTAMIE,,E BROADWAY & FRANK ST,Collision with:  Vehicle in traffic,On Roadway,Broadside (front to side),Ran Traffic Signal,None Indicated,,Daylight,Wet,Rain,None apparent,Intersection:  Four-way intersection,Paved,,Property Damage Only,0,0,0,0,0,0,11000,2,4,,POINT (-95.839439832038 41.266394656698)
2014819528,20140029163,10/02/2014,10-October,5-Thursday,02:50,0200 Hours,District 1 (Central),DES MOINES,POLK,,59TH ST,Collision with:  Parked motor vehicle,Shoulder,"Sideswipe, same direction",Unknown,None Indicated,,Dark - roadway lighted,Wet,"Fog, smoke, smog",None apparent,Non-intersection:  Non-junction/no special feature,Paved,,Property Damage Only,0,0,0,0,0,0,15000,2,1,,POINT (-93.699374026783 41.62664865436)
2014820638,14017313,10/02/2014,10-October,5-Thursday,12:43,1200 Hours,District 2 (Northeast),MASON CITY,CERRO GORDO,,S EISENHOWER AVE & 9TH ST SW,Collision with:  Vehicle in traffic,On Roadway,Broadside (front to side),FTYROW:  From stop sign,None Indicated,,Daylight,Wet,Rain,None apparent,Intersection:  Four-way intersection,Paved,,Minor Injury,0,2,0,2,0,0,5900,2,3,,POINT (-93.260589904709 43.142812202304)
2014819683,1410021-A,10/02/2014,10-October,5-Thursday,11:24,1100 Hours,District 4 (Southwest),RED OAK,MONTGOMERY,,SUMMIT ST,Collision with:  Vehicle in traffic,On Roadway,Broadside (front to side),Improper Backing,None Indicated,,Daylight,Wet,Rain,None apparent,Non-intersection:  Non-junction/no special feature,Paved,,Property Damage Only,0,0,0,0,0,0,4000,2,6,,POINT (-95.22315572989 41.016415267759)
2014819642,W14-098902,10/02/2014,10-October,5-Thursday,17:02,1700 Hours,District 2 (Northeast),WATERLOO,BLACK HAWK,,E RIDGEWAY AVE,Collision with:  Vehicle in traffic,On Roadway,Rear-end (front to rear),Lost Control,None Indicated,,Daylight,Wet,Rain,None apparent,Non-intersection:  Non-junction/no special feature,Paved,,Property Damage Only,0,0,0,0,0,0,6000,2,2,,POINT (-92.341340727851 42.469368917462)
2014819520,20140029175,10/02/2014,10-October,5-Thursday,08:10,0800 Hours,District 1 (Central),DES MOINES,POLK,,GRAND AVE,Collision with:  Parked motor vehicle,On Roadway,"Sideswipe, same direction",Unknown,None Indicated,,Daylight,Dry,Cloudy,None apparent,Non-intersection:  Non-junction/no special feature,Paved,,Property Damage Only,0,0,0,0,0,0,4000,2,2,,POINT (-93.628378378616 41.587093632848)
2014820553,2014056402,10/02/2014,10-October,5-Thursday,06:15,0600 Hours,District 4 (Southwest),,POTTAWATTAMIE,I-80,I-80,Collision with:  Animal,,,Animal,None Indicated,,,,,,,Paved,,Property Damage Only,0,0,0,0,0,0,2000,1,1,,POINT (-95.5174494479 41.500206957882)
2014819795,14-042025,10/02/2014,10-October,5-Thursday,10:15,1000 Hours,District 4 (Southwest),COUNCIL BLUFFS,POTTAWATTAMIE,,2ND AVE,Collision with:  Vehicle in traffic,On Roadway,"Angle, oncoming left turn",Made improper turn,None Indicated,,Daylight,Wet,Cloudy,None apparent,Non-intersection:  Non-junction/no special feature,Paved,,Possible/Unknown,0,1,0,0,1,0,2500,2,3,,POINT (-95.88497382457 41.25979490019)
2014820230,147798PD,10/02/2014,10-October,5-Thursday,15:46,1500 Hours,District 1 (Central),BOONE,BOONE,,6TH ST & CARROLL ST,Collision with:  Vehicle in traffic,On Roadway,"Sideswipe, opposite direction",Crossed centerline (undivided),None Indicated,,Daylight,Wet,Rain,None apparent,Intersection:  Four-way intersection,Paved,,Property Damage Only,0,0,0,0,0,0,4300,2,2,,POINT (-93.885023203021 42.061676325274)
2014820742,J14020656,10/02/2014,10-October,5-Thursday,06:56,0600 Hours,District 2 (Northeast),,FRANKLIN,,VINE AVE,Collision with:  Animal,On Roadway,Non-collision (single vehicle),Animal,None Indicated,,Dawn,Wet,"Fog, smoke, smog",None apparent,Non-intersection:  Non-junction/no special feature,Unpaved,,Property Damage Only,0,0,0,0,0,0,6500,1,1,,POINT (-93.084399103482 42.90339031344)
2014819796,14-19189,10/02/2014,10-October,5-Thursday,14:58,1400 Hours,District 6 (East Central),BETTENDORF,SCOTT,,MIDDLE RD & FAIRMEADOWS DR,Collision with:  Vehicle in traffic,On Roadway,Rear-end (front to rear),Driving too fast for conditions,None Indicated,,Daylight,Wet,Rain,None apparent,Non-intersection:  Non-junction/no special feature,Paved,,Property Damage Only,0,0,0,0,0,0,7500,2,2,,POINT (-90.504018116621 41.545103548101)
2014819703,14-2200,10/02/2014,10-October,5-Thursday,11:45,1100 Hours,District 1 (Central),URBANDALE,POLK,,MEREDITH DR & 86TH ST,Collision with:  Vehicle in traffic,On Roadway,Rear-end (front to rear),Driving too fast for conditions,None Indicated,,Daylight,Wet,Rain,None apparent,Intersection:  Four-way intersection,Paved,,Property Damage Only,0,0,0,0,0,0,1700,2,2,,POINT (-93.736472310791 41.643854809244)