Iowa DOT Case Number,Law Enforcement Case Number,Date of Crash,Month of Crash,Day of Week,Time of Crash,Hour,DOT District,City Name,County Name,Route with System,Location Description,First Harmful Event,Location of First Harmful Event,Manner of Crash/Collision,Major Cause,Drug or Alcohol ,Environmental Conditions,Light Conditions,Surface Conditions,Weather Conditions,Roadway Contribution,Roadway Type,Roadway Surface,Work Zone,Crash Severity,Number of Fatalities,Number of Injuries,Number of Major Injuries,Number of Minor Injuries,Number of Possible Injuries,Number of Unknown Injuries,Amount of Property Damage,Number of Vehicles Involved,Total Number of Occupants,Travel Direction,Location
2014820252,CL14003509,10/02/2014,10-October,5-Thursday,15:25,1500 Hours,District 6 (East Central),CLINTON,CLINTON,,3RD AVE N & N 4TH ST,Collision with:  Vehicle in traffic,On Roadway,Broadside (front to side),FTYROW:  From stop sign,None Indicated,,Daylight,Dry,Cloudy,None apparent,Intersection:  Four-way intersection,Paved,,Property Damage Only,0,0,0,0,0,0,6200,2,3,,POINT (-90.193299661515 41.847998340101)
2014819979,2014056498,10/02/2014,10-October,5-Thursday,15:19,1500 Hours,District 6 (East Central),,SCOTT,US 67,US 67/GREAT RIVER RD,Collision with fixed object:  Utility pole/light support,Roadside,Non-collision (single vehicle),Lost Control,None Indicated,,Daylight,Wet,Clear,None apparent,Non-intersection:  Driveway access (within),Paved,,Property Damage Only,0,0,0,0,0,0,4000,1,1,,POINT (-90.347882102671 41.635054125748)
2014822422,14-010132,10/02/2014,10-October,5-Thursday,20:20,2000 Hours,District 3 (Northwest),,CARROLL,,Co Rd M64/ASPEN AVE,Collision with fixed object:  Ditch,Gore,Non-collision (single vehicle),Ran off road - right,Alcohol (Statutory),,Dark - roadway not lighted,Dry,Cloudy,None apparent,Non-intersection:  Non-junction/no special feature,Paved,,Possible/Unknown,0,1,0,0,1,0,16200,1,1,,POINT (-95.091139371656 42.182608573297)
2014819530,20140029161,10/02/2014,10-October,5-Thursday,02:24,0200 Hours,District 1 (Central),DES MOINES,POLK,,SW 12TH ST,Collision with:  Parked motor vehicle,On Roadway,Head-on (front to front),Exceeded authorized speed,None Indicated,,Dark - roadway lighted,Dry,"Fog, smoke, smog",None apparent,Non-intersection:  Non-junction/no special feature,Paved,,Property Damage Only,0,0,0,0,0,0,12500,3,1,,POINT (-93.630552023081 41.53056095275)
2014820055,14-013133,10/02/2014,10-October,5-Thursday,23:39,2300 Hours,District 4 (Southwest),,MILLS,,Co Rd H40/NOYES AVE & 290TH ST,Collision with:  Animal,,,Animal,None Indicated,,,,,,,Paved,,Property Damage Only,0,0,0,0,0,0,4000,1,1,,POINT (-95.632898202659 40.9739492168)
2014819955,14-32749,10/02/2014,10-October,5-Thursday,18:46,1800 Hours,District 3 (Northwest),SIOUX CITY,WOODBURY,I-29,I-29,Collision with:  Vehicle in traffic,On Roadway,"Sideswipe, same direction",FTYROW:  Other (explain in narrative),None Indicated,,Dark - roadway lighted,Dry,Clear,None apparent,Interchange-related:  On-ramp merge area,Paved,,Property Damage Only,0,0,0,0,0,0,1700,2,2,,POINT (-96.374469346169 42.436060201001)
2014819527,20140029204,10/02/2014,10-October,5-Thursday,12:50,1200 Hours,District 1 (Central),DES MOINES,POLK,,CORNING AVE & 6TH AVE,Collision with:  Vehicle in traffic,On Roadway,Broadside (front to side),FTYROW:  From stop sign,None Indicated,,Daylight,Wet,Rain,None apparent,Intersection:  Four-way intersection,Paved,,Property Damage Only,0,0,0,0,0,0,6500,2,3,,POINT (-93.624787612191 41.621556833586)
2014820366,,10/02/2014,10-October,5-Thursday,06:15,0600 Hours,District 2 (Northeast),JANESVILLE,BREMER,,MAPLE ST,Collision with:  Animal,On Roadway,Non-collision (single vehicle),Animal,None Indicated,,,,,,,Paved,,Property Damage Only,0,0,0,0,0,0,2000,1,1,,POINT (-92.470431461154 42.647838652691)
2014819950,14-32710,10/02/2014,10-October,5-Thursday,13:33,1300 Hours,District 3 (Northwest),SIOUX CITY,WOODBURY,I-29,I-29 & US 77,Collision with:  Vehicle in traffic,On Roadway,Rear-end (front to rear),Driving too fast for conditions,None Indicated,,Daylight,Wet,Rain,None apparent,Non-intersection:  Other non-intersection (explain in narrative),Paved,,Property Damage Only,0,0,0,0,0,0,1500,2,2,,POINT (-96.413109567745 42.491220045896)
2014820535,14- 35151,10/02/2014,10-October,5-Thursday,15:27,1500 Hours,District 5 (Southeast),WEST BURLINGTON,DES MOINES,,W WHEELER ST & S RAMSEY ST,Collision with:  Vehicle in traffic,On Roadway,Broadside (front to side),Ran Stop Sign,None Indicated,,Daylight,Wet,Rain,None apparent,Intersection:  Four-way intersection,Paved,,Property Damage Only,0,0,0,0,0,0,3500,2,2,,POINT (-91.159054430369 40.825023164123)
2014819692,20140029221,10/02/2014,10-October,5-Thursday,16:22,1600 Hours,District 1 (Central),DES MOINES,POLK,,DOUGLAS AVE & 6TH AVE,Collision with:  Vehicle in traffic,On Roadway,Broadside (front to side),Ran Stop Sign,None Indicated,,Daylight,Wet,Rain,None apparent,Intersection:  Four-way intersection,Paved,,Property Damage Only,0,0,0,0,0,0,3000,2,2,,POINT (-93.62478045154 41.629519231089)
2014819696,20140029235,10/02/2014,10-October,5-Thursday,17:39,1700 Hours,District 1 (Central),DES MOINES,POLK,,E 25TH ST,Collision with:  Vehicle in traffic,On Roadway,"Sideswipe, same direction",FTYROW:  Other (explain in narrative),None Indicated,,Dusk,Wet,Cloudy,None apparent,Non-intersection:  Non-junction/no special feature,Paved,,Property Damage Only,0,0,0,0,0,0,3500,2,2,,POINT (-93.570726705609 41.605687995254)
2014821753,02758,10/02/2014,10-October,5-Thursday,15:10,1500 Hours,District 6 (East Central),DYERSVILLE,DUBUQUE,IA 136,IA 136/11TH ST SE & 9TH ST SE,Collision with:  Vehicle in traffic,On Roadway,Rear-end (front to rear),Followed too close,None Indicated,,Daylight,Wet,Rain,None apparent,Non-intersection:  Non-junction/no special feature,Paved,,Property Damage Only,0,0,0,0,0,0,2000,2,2,,POINT (-91.113919247288 42.480749318954)
2014828349,14100039,10/02/2014,10-October,5-Thursday,19:57,1900 Hours,District 5 (Southeast),,WAPELLO,US 63,US 63,Collision with:  Animal,,,Animal,None Indicated,,,,,,,Paved,,Property Damage Only,0,0,0,0,0,0,5000,1,1,,POINT (-92.372453525711 41.04481825524)
2014820231,147799PD,10/02/2014,10-October,5-Thursday,15:48,1500 Hours,District 1 (Central),BOONE,BOONE,,MARSHALL ST,Collision with:  Parked motor vehicle,Roadside,Broadside (front to side),Improper Backing,None Indicated,,Daylight,Wet,Rain,None apparent,Non-intersection:  Non-junction/no special feature,Paved,,Property Damage Only,0,0,0,0,0,0,2000,2,1,,POINT (-93.878409436243 42.070256250638)
2014820300,2014-69597,10/02/2014,10-October,5-Thursday,15:35,1500 Hours,District 6 (East Central),DAVENPORT,SCOTT,,E HIGH ST & EASTERN AVE,Collision with:  Vehicle in traffic,On Roadway,Broadside (front to side),FTYROW:  From stop sign,None Indicated,,Daylight,Wet,Rain,None apparent,Intersection:  T-intersection,Paved,,Property Damage Only,0,0,0,0,0,0,2000,2,4,,POINT (-90.551493907764 41.540288714257)
2014820061,14-030613,10/02/2014,10-October,5-Thursday,05:32,0500 Hours,District 5 (Southeast),,LEE,US 61,US 61 & 180 ST,Collision with:  Vehicle in traffic,On Roadway,Broadside (front to side),FTYROW:  Making left turn,None Indicated,,Dark - roadway lighted,Wet,"Fog, smoke, smog",None apparent,Non-intersection:  Crossover-related,Paved,,Minor Injury,0,3,0,1,2,0,18000,2,3,,POINT (-91.244734710835 40.69653591287)
2014819738,14-3116,10/02/2014,10-October,5-Thursday,15:40,1500 Hours,District 1 (Central),FORT DODGE,WEBSTER,,10TH AVE N & N 24TH PL,Collision with:  Vehicle in traffic,On Roadway,"Angle, oncoming left turn",Other (explain in narrative):  Other,None Indicated,,Daylight,Wet,Rain,None apparent,Non-intersection:  Non-junction/no special feature,Paved,,Property Damage Only,0,0,0,0,0,0,3000,2,4,,POINT (-94.163645374453 42.515633249254)
2014819526,20140029202,10/02/2014,10-October,5-Thursday,12:24,1200 Hours,District 1 (Central),DES MOINES,POLK,,WALL AVE & SW 9TH ST,Collision with:  Vehicle in traffic,On Roadway,Broadside (front to side),Other (explain in narrative):  Other,None Indicated,,Daylight,Wet,Rain,"Surface condition (e.g., wet, icy)",Intersection:  T-intersection,Paved,,Property Damage Only,0,0,0,0,0,0,5000,2,2,,POINT (-93.625746720558 41.531956316843)
2014819630,10710,10/02/2014,10-October,5-Thursday,14:20,1400 Hours,District 3 (Northwest),SAC CITY,SAC,,PARK AVE,Collision with:  Vehicle in traffic,On Roadway,"Sideswipe, same direction",FTYROW:  From driveway,None Indicated,,Daylight,Dry,Cloudy,None apparent,Non-intersection:  Driveway access (within),Paved,,Property Damage Only,0,0,0,0,0,0,1600,2,2,,POINT (-94.977571158018 42.420121774448)
2014819519,20140029174,10/02/2014,10-October,5-Thursday,07:50,0700 Hours,District 1 (Central),DES MOINES,POLK,US 69,US 69/E 15TH ST,Collision with:  Vehicle in traffic,On Roadway,Rear-end (front to rear),Lost Control,None Indicated,,Daylight,Wet,Cloudy,None apparent,Intersection:  Four-way intersection,Paved,,Property Damage Only,0,0,0,0,0,0,6500,2,3,,POINT (-93.594443567465 41.591651620647)
2014819956,14-32750,10/02/2014,10-October,5-Thursday,18:15,1800 Hours,District 3 (Northwest),SIOUX CITY,WOODBURY,,,Collision with:  Vehicle in traffic,Outside trafficway,Broadside (front to side),FTYROW:  At uncontrolled intersection,None Indicated,,Daylight,Dry,Clear,None apparent,Non-intersection:  Alley,,,Property Damage Only,0,0,0,0,0,0,2700,2,2,,POINT (-96.643700149993 40.233091251414)
2014820394,W14-098946,10/02/2014,10-October,5-Thursday,19:25,1900 Hours,District 2 (Northeast),WATERLOO,BLACK HAWK,,W PARK AVE & WASHINGTON ST,Collision with:  Vehicle in traffic,On Roadway,Rear-end (front to rear),Unknown,None Indicated,,Dark - roadway lighted,Wet,Cloudy,None apparent,Intersection:  Other intersection (explain in narrative),Paved,,Property Damage Only,0,0,0,0,0,0,1700,2,4,,POINT (-92.342746399907 42.49429618862)
2014819987,2014010997,10/02/2014,10-October,5-Thursday,14:03,1400 Hours,District 6 (East Central),IOWA CITY,JOHNSON,,MELROSE AVE,Collision with:  Vehicle in traffic,On Roadway,Rear-end (front to rear),Followed too close,None Indicated,,Daylight,Wet,Rain,None apparent,Intersection:  Shared use path or trail,Paved,,Property Damage Only,0,0,0,0,0,0,1500,2,2,,POINT (-91.547383007709 41.656841022639)
2014820661,14-004251,10/02/2014,10-October,5-Thursday,12:40,1200 Hours,District 1 (Central),ANKENY,POLK,,SW HIGHPOINT DR,Collision with:  Vehicle in traffic,On Roadway,Broadside (front to side),Ran Traffic Signal,None Indicated,,Daylight,Dry,Clear,None apparent,Intersection:  Four-way intersection,Paved,,Property Damage Only,0,0,0,0,0,0,3000,2,2,,POINT (-93.61260581379 41.702875790655)
2014819693,20140029223,10/02/2014,10-October,5-Thursday,16:31,1600 Hours,District 1 (Central),DES MOINES,POLK,,REDHEAD RD & DEAN AVE,Collision with:  Vehicle in traffic,On Roadway,"Angle, oncoming left turn",Ran Stop Sign,None Indicated,,Daylight,Wet,Cloudy,None apparent,Intersection:  T-intersection,Paved,,Property Damage Only,0,0,0,0,0,0,6500,2,4,,POINT (-93.587937634723 41.591333792807)
2014821085,2014011323,10/02/2014,10-October,5-Thursday,11:00,1100 Hours,District 6 (East Central),IOWA CITY,JOHNSON,,RICHMOND LN,Collision with:  Parked motor vehicle,On Roadway,Broadside (front to side),Improper Backing,None Indicated,,Daylight,Unknown,Unknown,None apparent,Non-intersection:  Non-junction/no special feature,Paved,,Property Damage Only,0,0,0,0,0,0,2469,2,1,,POINT (-91.487451579485 41.640494993635)
2014819919,14-004630,10/02/2014,10-October,5-Thursday,12:16,1200 Hours,District 1 (Central),AMES,STORY,,UNIVERSITY BLVD & S 4TH ST,Collision with:  Vehicle in traffic,On Roadway,"Angle, oncoming left turn",FTYROW:  Making right turn on red signal,None Indicated,,Daylight,Wet,Cloudy,None apparent,Intersection:  Four-way intersection,Paved,,Property Damage Only,0,0,0,0,0,0,2700,2,7,,POINT (-93.632308345142 42.016323764423)
2014820298,2014-69541,10/02/2014,10-October,5-Thursday,09:24,0900 Hours,District 6 (East Central),DAVENPORT,SCOTT,,TELEGRAPH RD,Collision with:  Parked motor vehicle,On Roadway,Head-on (front to front),Crossed centerline (undivided),None Indicated,,Daylight,Dry,Cloudy,None apparent,Non-intersection:  Non-junction/no special feature,Paved,,Possible/Unknown,0,1,0,0,1,0,8500,2,1,,POINT (-90.627714815348 41.517876056106)
2014819561,CL14003504,10/02/2014,10-October,5-Thursday,10:50,1000 Hours,District 6 (East Central),CLINTON,CLINTON,US 30,US 30/LIBERTY AVE & 23RD PL,Collision with fixed object:  Utility pole/light support,Shoulder,Non-collision (single vehicle),Unknown,None Indicated,,Daylight,Dry,Clear,None apparent,Non-intersection:  Non-junction/no special feature,Paved,,Possible/Unknown,0,1,0,0,1,0,8000,1,1,,POINT (-90.210513892409 41.822166318592)
2014823613,2014-038327,10/02/2014,10-October,5-Thursday,07:44,0700 Hours,District 6 (East Central),DUBUQUE,DUBUQUE,,W LOCUST ST,Collision with:  Vehicle in traffic,On Roadway,"Angle, oncoming left turn",FTYROW:  From driveway,None Indicated,,Daylight,Dry,Cloudy,None apparent,Non-intersection:  Driveway access (within),Paved,,Property Damage Only,0,0,0,0,0,0,3000,2,2,,POINT (-90.692883604261 42.507074985451)
2014820263,14-10123,10/02/2014,10-October,5-Thursday,13:45,1300 Hours,District 3 (Northwest),CARROLL,CARROLL,US 30,US 30/6TH ST & BELLA VISTA DR,Collision with:  Vehicle in traffic,On Roadway,"Angle, oncoming left turn",FTYROW:  Making left turn,None Indicated,,Daylight,Wet,Rain,None apparent,Intersection:  Four-way intersection,Paved,,Property Damage Only,0,0,0,0,0,0,9000,2,3,,POINT (-94.846734415964 42.064233298913)
2014820555,2014056509,10/02/2014,10-October,5-Thursday,16:04,1600 Hours,District 6 (East Central),,CEDAR,I-80,I-80,Collision with:  Vehicle in traffic,On Roadway,"Sideswipe, same direction",FTYROW:  Other (explain in narrative),None Indicated,,Daylight,Wet,Rain,None apparent,Interchange-related:  On-ramp merge area,Paved,,Property Damage Only,0,0,0,0,0,0,12000,2,2,,POINT (-91.329754407184 41.664178685977)
2014819685,14-004249,10/02/2014,10-October,5-Thursday,11:25,1100 Hours,District 1 (Central),ANKENY,POLK,US 69,US 69/S ANKENY BLVD & SW 3RD ST & SE 3RD ST,Collision with:  Vehicle in traffic,On Roadway,Rear-end (front to rear),Followed too close,None Indicated,,Daylight,Wet,Rain,None apparent,Non-intersection:  Non-junction/no special feature,Paved,,Property Damage Only,0,0,0,0,0,0,6000,2,2,,POINT (-93.600367019754 41.729619283243)
2014822476,CL14003501,10/02/2014,10-October,5-Thursday,09:35,0900 Hours,District 6 (East Central),CLINTON,CLINTON,,15TH AVE N & PERSHING BLVD,Collision with:  Vehicle in traffic,On Roadway,Broadside (front to side),Ran Stop Sign,None Indicated,,Daylight,Dry,Clear,None apparent,Intersection:  Four-way intersection,Paved,,Minor Injury,0,1,0,1,0,0,1600,2,4,,POINT (-90.185234421964 41.861345372448)
2014828348,14100024,10/02/2014,10-October,5-Thursday,11:32,1100 Hours,District 5 (Southeast),,WAPELLO,,73RD ST,Collision with fixed object:  Guardrail - face,On Roadway,Non-collision (single vehicle),Driving too fast for conditions,None Indicated,,Daylight,Wet,Rain,"Surface condition (e.g., wet, icy)",Non-intersection:  Other non-intersection (explain in narrative),Paved,,Property Damage Only,0,0,0,0,0,0,2000,1,1,,POINT (-92.364658574676 41.007851261542)
2014819920,14-004631,10/02/2014,10-October,5-Thursday,13:39,1300 Hours,District 1 (Central),AMES,STORY,,13TH ST & E 13TH ST & DUFF AVE,Collision with:  Vehicle in traffic,On Roadway,"Sideswipe, same direction",Improper or erratic lane changing,None Indicated,,Daylight,Wet,Rain,None apparent,Intersection:  Four-way intersection,Paved,,Property Damage Only,0,0,0,0,0,0,3000,2,2,,POINT (-93.610682377889 42.034544069544)
2014819695,20140029232,10/02/2014,10-October,5-Thursday,16:51,1600 Hours,District 1 (Central),DES MOINES,POLK,,THORNTON AVE & SW 28TH ST,Collision with:  Vehicle in traffic,On Roadway,"Sideswipe, opposite direction",Unknown,None Indicated,,Daylight,Wet,Rain,None apparent,Non-intersection:  Non-junction/no special feature,Paved,,Property Damage Only,0,0,0,0,0,0,1600,2,2,,POINT (-93.654050570315 41.552389545542)
2014821130,14030666,10/02/2014,10-October,5-Thursday,16:51,1600 Hours,District 5 (Southeast),,LEE,US 61,US 61 & Co Rd X50/GREEN BAY RD & 165 ST,Collision with:  Vehicle in traffic,On Roadway,Rear-end (front to rear),Followed too close,None Indicated,,Daylight,Wet,Cloudy,None apparent,Intersection:  T-intersection,Paved,,Property Damage Only,0,0,0,0,0,0,3000,2,2,,POINT (-91.227714873842 40.717534799239)
2014820087,14098789,10/02/2014,10-October,5-Thursday,11:19,1100 Hours,District 2 (Northeast),CEDAR FALLS,BLACK HAWK,,UNIVERSITY AVE,Collision with:  Vehicle in traffic,On Roadway,Unknown,Unknown,None Indicated,,Daylight,Dry,Cloudy,None apparent,Non-intersection:  Non-junction/no special feature,Paved,,Property Damage Only,0,0,0,0,0,0,1700,2,2,,POINT (-92.439081024787 42.513081005911)
2014826643,14023231,10/02/2014,10-October,5-Thursday,17:29,1700 Hours,District 5 (Southeast),,MAHASKA,IA 92,IA 92/IOWA 92 & 248TH ST,Collision with:  Vehicle in traffic,On Roadway,Rear-end (front to rear),FTYROW:  Other (explain in narrative),None Indicated,,Daylight,Wet,Cloudy,None apparent,Non-intersection:  Non-junction/no special feature,Paved,,Possible/Unknown,0,1,0,0,1,0,1700,2,2,,POINT (-92.54619800345 41.299864173298)
2014820299,2014-69559,10/02/2014,10-October,5-Thursday,15:57,1500 Hours,District 6 (East Central),DAVENPORT,SCOTT,,W GARFIELD ST & N DIVISION ST,Collision with:  Vehicle in traffic,On Roadway,"Sideswipe, same direction",Other (explain in narrative):  Other,None Indicated,,Daylight,Wet,Rain,None apparent,Intersection:  Other intersection (explain in narrative),Paved,,Property Damage Only,0,0,0,0,0,0,1500,2,3,,POINT (-90.60087649812 41.548229096439)
2014820039,14-26287,10/02/2014,10-October,5-Thursday,18:50,1800 Hours,District 1 (Central),NEWTON,JASPER,US 6,US 6/1ST AVE W & W 9TH ST S & W 9TH ST N,Collision with:  Vehicle in traffic,On Roadway,Rear-end (front to rear),Followed too close,None Indicated,,Dark - roadway lighted,Wet,Cloudy,None apparent,Non-intersection:  Non-junction/no special feature,Paved,,Property Damage Only,0,0,0,0,0,0,4000,2,2,,POINT (-93.063925541384 41.699455830218)
2014820208,S14-10113,10/02/2014,10-October,5-Thursday,23:12,2300 Hours,District 3 (Northwest),,WOODBURY,US 20,US 20,Collision with:  Animal,,,Animal,None Indicated,,,,,,,Paved,,Property Damage Only,0,0,0,0,0,0,1600,1,1,,POINT (-95.792466237721 42.482294117565)
2014819794,W-14-2161,10/02/2014,10-October,5-Thursday,07:47,0700 Hours,District 2 (Northeast),WAUKON,ALLAMAKEE,,Co Rd A52/OLD HIGHWAY 9 & 13TH ST NW,Collision with:  Vehicle in traffic,On Roadway,"Sideswipe, same direction",Equipment failure,None Indicated,,Daylight,Dry,Cloudy,None apparent,Intersection:  T-intersection,Paved,,Property Damage Only,0,0,0,0,0,0,8500,2,2,,POINT (-91.493667213423 43.269305804803)
2014826644,14023235,10/02/2014,10-October,5-Thursday,17:58,1700 Hours,District 5 (Southeast),,MAHASKA,IA 163,IA 163/IOWA 163,Collision with:  Vehicle in traffic,On Roadway,Rear-end (front to rear),FTYROW:  Other (explain in narrative),None Indicated,,Daylight,Wet,Cloudy,None apparent,Non-intersection:  Non-junction/no special feature,Paved,,Property Damage Only,0,0,0,0,0,0,8200,2,2,,POINT (-92.690572093674 41.315223572005)
2014819921,14-004638,10/02/2014,10-October,5-Thursday,16:02,1600 Hours,District 1 (Central),AMES,STORY,,LINCOLN WAY & DES MOINES AVE,Collision with:  Vehicle in traffic,On Roadway,"Sideswipe, same direction",Other (explain in narrative):  Other,None Indicated,,Daylight,Wet,Cloudy,None apparent,Non-intersection:  Non-junction/no special feature,Paved,,Possible/Unknown,0,1,0,0,1,0,2000,2,3,,POINT (-93.609725272945 42.022885650933)
2014820302,2014-69610,10/02/2014,10-October,5-Thursday,17:11,1700 Hours,District 6 (East Central),DAVENPORT,SCOTT,,W 6TH ST & MAIN ST,Collision with:  Vehicle in traffic,On Roadway,Broadside (front to side),"Operating vehicle in an reckless, erratic, careless, negligent manner",None Indicated,,Daylight,Wet,Rain,"Surface condition (e.g., wet, icy)",Intersection:  Four-way intersection,Paved,,Possible/Unknown,0,1,0,0,1,0,8000,2,4,,POINT (-90.575581959065 41.525713631983)
2014820003,S14-098864,10/02/2014,10-October,5-Thursday,15:46,1500 Hours,District 2 (Northeast),,BLACK HAWK,IA 281,IA 281/INDEPENDENCE AVE & Co Rd V49/N RAYMOND RD,Collision with:  Vehicle in traffic,On Roadway,Rear-end (front to rear),Lost Control,None Indicated,,Daylight,Wet,Rain,None apparent,Intersection:  Other intersection (explain in narrative),Paved,,Property Damage Only,0,0,0,0,0,0,3000,2,2,,POINT (-92.219667993108 42.498081194196)
2014821051,2014-69585,10/02/2014,10-October,5-Thursday,14:53,1400 Hours,District 6 (East Central),DAVENPORT,SCOTT,US 6,US 6/W KIMBERLY RD,Collision with:  Vehicle in traffic,On Roadway,Broadside (front to side),Ran Traffic Signal,None Indicated,,Daylight,Wet,Rain,None apparent,Intersection:  Four-way intersection,Paved,,Possible/Unknown,0,2,0,0,2,0,7500,3,3,,POINT (-90.572658854627 41.560281544286)
2014821492,14-001146,10/02/2014,10-October,5-Thursday,15:41,1500 Hours,District 1 (Central),,STORY,US 69,US 69 & 306TH LN,Collision with:  Vehicle in traffic,On Roadway,Rear-end (front to rear),Followed too close,None Indicated,,Daylight,Wet,Rain,None apparent,Intersection:  T-intersection,Paved,,Minor Injury,0,4,0,4,0,0,9949,2,4,,POINT (-93.610350773763 41.911352801197)
2014821103,20143608,10/02/2014,10-October,5-Thursday,11:00,1100 Hours,District 1 (Central),,GRUNDY,,Co Rd T19/F AVE,Collision with fixed object:  Ditch,On Roadway,Non-collision (single vehicle),Crossed centerline (undivided),None Indicated,,Daylight,Wet,Rain,None apparent,Non-intersection:  Non-junction/no special feature,Paved,,Property Damage Only,0,0,0,0,0,0,6000,1,1,,POINT (-92.92539311036 42.450424437597)
2014820125,14000478,10/02/2014,10-October,5-Thursday,14:51,1400 Hours,District 5 (Southeast),ALBIA,MONROE,,16TH AVE E,Collision with:  Vehicle in traffic,On Roadway,Broadside (front to side),FTYROW:  From driveway,None Indicated,,Daylight,Wet,Cloudy,None apparent,Non-intersection:  Driveway access (within),Paved,,Property Damage Only,0,0,0,0,0,0,3000,2,2,,POINT (-92.805433963562 41.013365594319)
2014819681,14023209,10/02/2014,10-October,5-Thursday,12:47,1200 Hours,District 5 (Southeast),OSKALOOSA,MAHASKA,IA 23,IA 23/17TH ST & 9TH AVE E,Collision with:  Vehicle in traffic,On Roadway,Broadside (front to side),FTYROW:  From stop sign,None Indicated,,Daylight,Wet,Rain,None apparent,Intersection:  Four-way intersection,Paved,,Possible/Unknown,0,2,0,0,2,0,9000,2,2,,POINT (-92.623708095986 41.287172473784)
2014819986,C14003144,10/02/2014,10-October,5-Thursday,17:20,1700 Hours,District 6 (East Central),CORALVILLE,JOHNSON,,E GRANT VIEW DR & 1ST AVE,Collision with:  Vehicle in traffic,On Roadway,Rear-end (front to rear),Driving too fast for conditions,None Indicated,,Daylight,Wet,Rain,None apparent,Non-intersection:  Non-junction/no special feature,Paved,,Possible/Unknown,0,2,0,0,2,0,10000,2,2,,POINT (-91.562726544747 41.703500220745)
2014819846,14-024431,10/02/2014,10-October,5-Thursday,18:42,1800 Hours,District 5 (Southeast),,MARION,,Co Rd G71/HWY G71,Non-collision events:  Overturn/rollover,On Roadway,Non-collision (single vehicle),Made improper turn,None Indicated,,Dark - roadway not lighted,Wet,Rain,Other (explain in narrative),Intersection:  T-intersection,Paved,,Possible/Unknown,0,2,0,0,1,1,5000,2,2,,POINT (-92.872532586357 41.204520385395)
2014819718,S14-10068,10/02/2014,10-October,5-Thursday,10:34,1000 Hours,District 3 (Northwest),SIOUX CITY,WOODBURY,US 20,US 20/SW RAMP,Collision with:  Vehicle in traffic,Outside trafficway,Rear-end (front to rear),Followed too close,None Indicated,,Daylight,Wet,Rain,Work Zone (roadway-related),Interchange-related:  On-ramp merge area,Paved,Yes,Possible/Unknown,0,1,0,0,1,0,15000,2,2,,POINT (-96.324156466029 42.471920463212)
2014821717,14-1001-2020,10/02/2014,10-October,5-Thursday,04:51,0400 Hours,District 5 (Southeast),OSCEOLA,CLARKE,,E CLAY ST,Collision with:  Parked motor vehicle,On Roadway,"Sideswipe, same direction",Driver Distraction:  Inattentive/lost in thought,None Indicated,,Dark - roadway not lighted,Dry,"Fog, smoke, smog",None apparent,Non-intersection:  Non-junction/no special feature,Paved,,Possible/Unknown,0,1,0,0,0,1,3000,2,1,,POINT (-93.759013507998 41.037775792229)
2014819971,201403549,10/02/2014,10-October,5-Thursday,16:02,1600 Hours,District 6 (East Central),CEDAR RAPIDS,LINN,,COTTAGE GROVE AVE SE,Collision with:  Vehicle in traffic,On Roadway,Rear-end (front to rear),Followed too close,None Indicated,,Daylight,Wet,Rain,None apparent,Non-intersection:  Non-junction/no special feature,Paved,,Possible/Unknown,0,1,0,0,1,0,4000,2,3,,POINT (-91.607674994042 41.995156249342)
2014819678,201414713,10/02/2014,10-October,5-Thursday,16:32,1600 Hours,District 6 (East Central),CEDAR RAPIDS,LINN,IA 922,IA 922/1ST AVE W,Collision with:  Vehicle in traffic,On Roadway,Rear-end (front to rear),Other (explain in narrative):  Other,None Indicated,,Daylight,Wet,Cloudy,None apparent,Intersection:  Four-way intersection,Paved,,Possible/Unknown,0,1,0,0,1,0,500,2,4,,POINT (-91.696125974592 41.970860022577)
2014820086,14098731,10/02/2014,10-October,5-Thursday,08:20,0800 Hours,District 2 (Northeast),CEDAR FALLS,BLACK HAWK,,18TH ST & MAIN ST,Collision with:  Vehicle in traffic,On Roadway,"Angle, oncoming left turn",FTYROW:  Making left turn,None Indicated,,Daylight,Dry,Cloudy,None apparent,Intersection:  Four-way intersection,Paved,,Property Damage Only,0,0,0,0,0,0,3500,2,2,,POINT (-92.445756665322 42.522173334279)
2014824090,391014-2298,10/02/2014,10-October,5-Thursday,08:15,0800 Hours,District 4 (Southwest),,GUTHRIE,,Co Rd F65/WHITE POLE RD & Co Rd N54/FRONTIER RD,Collision with fixed object:  Ditch,Roadside,Non-collision (single vehicle),Ran off road - straight,None Indicated,,Daylight,Wet,Rain,None apparent,Intersection:  T-intersection,Paved,,Property Damage Only,0,0,0,0,0,0,5000,1,2,,POINT (-94.642794953852 41.516843814922)
2014819732,2014011008,10/02/2014,10-October,5-Thursday,18:21,1800 Hours,District 6 (East Central),IOWA CITY,JOHNSON,US 6,US 6 & FAIR MEADOWS BLVD,Collision with:  Vehicle in traffic,On Roadway,"Angle, oncoming left turn",FTYROW:  Making left turn,None Indicated,,Dark - roadway lighted,Wet,Cloudy,None apparent,Intersection:  Other intersection (explain in narrative),Paved,,Property Damage Only,0,0,0,0,0,0,3000,2,4,,POINT (-91.503039969937 41.63878964253)