Iowa DOT Case Number,Law Enforcement Case Number,Date of Crash,Month of Crash,Day of Week,Time of Crash,Hour,DOT District,City Name,County Name,Route with System,Location Description,First Harmful Event,Location of First Harmful Event,Manner of Crash/Collision,Major Cause,Drug or Alcohol ,Environmental Conditions,Light Conditions,Surface Conditions,Weather Conditions,Roadway Contribution,Roadway Type,Roadway Surface,Work Zone,Crash Severity,Number of Fatalities,Number of Injuries,Number of Major Injuries,Number of Minor Injuries,Number of Possible Injuries,Number of Unknown Injuries,Amount of Property Damage,Number of Vehicles Involved,Total Number of Occupants,Travel Direction,Location
2014819503,201414682,10/02/2014,10-October,5-Thursday,07:44,0700 Hours,District 6 (East Central),CEDAR RAPIDS,LINN,,RICHMAR CT NW & HARBET AVE NW,Collision with:  Non-motorist (see non-motorist section - NOT a unit),Outside trafficway,Non-collision (single vehicle),Ran off road - right,None Indicated,,Daylight,Dry,Cloudy,None apparent,Non-intersection:  Non-junction/no special feature,Paved,,Minor Injury,0,1,0,1,0,0,0,1,2,,POINT (-91.734927228953 41.96904258669)
2014819702,20140029260,10/02/2014,10-October,5-Thursday,22:38,2200 Hours,District 1 (Central),DES MOINES,POLK,,E 42ND ST,Collision with:  Vehicle in traffic,On Roadway,"Sideswipe, same direction","Operating vehicle in an reckless, erratic, careless, negligent manner",Alcohol (Statutory),,Dark - roadway lighted,Dry,Clear,None apparent,Non-intersection:  Non-junction/no special feature,Paved,,Possible/Unknown,0,1,0,0,1,0,32000,3,1,,POINT (-93.532123780781 41.629517114356)
2014820324,201404617,10/02/2014,10-October,5-Thursday,23:15,2300 Hours,District 1 (Central),,BOONE,US 30,US 30/230TH ST,Collision with:  Animal,,,Animal,None Indicated,,,,,,,Paved,,Property Damage Only,0,0,0,0,0,0,3500,1,1,,POINT (-93.778666390767 42.023277919464)
2014819822,14-008245,10/02/2014,10-October,5-Thursday,11:53,1100 Hours,District 2 (Northeast),FARMERSBURG,CLAYTON,US 18,US 18 & US 52 & HAWK AVE,Collision with:  Vehicle in traffic,On Roadway,"Angle, oncoming left turn",FTYROW:  Making left turn,None Indicated,,Daylight,Dry,Clear,None apparent,Intersection:  Four-way intersection,Paved,,Property Damage Only,0,0,0,0,0,0,4000,2,2,,POINT (-91.309361215917 43.004299195819)
2014819639,W14-099055,10/03/2014,10-October,6-Friday,07:36,0700 Hours,District 2 (Northeast),WATERLOO,BLACK HAWK,US 218,US 218/WASHINGTON ST,Collision with:  Vehicle in traffic,On Roadway,Rear-end (front to rear),Followed too close,None Indicated,,Daylight,Dry,Cloudy,None apparent,Non-intersection:  Non-junction/no special feature,Paved,,Property Damage Only,0,0,0,0,0,0,4000,2,3,,POINT (-92.322154140019 42.477560459348)
2014820719,SO14-1210,10/03/2014,10-October,6-Friday,16:45,1600 Hours,District 2 (Northeast),,WRIGHT,,TAYLOR AVE,Non-collision events:  Overturn/rollover,On Roadway,Non-collision (single vehicle),Driving too fast for conditions,None Indicated,,Daylight,"Mud, dirt",Cloudy,None apparent,Non-intersection:  Non-junction/no special feature,Unpaved,,Possible/Unknown,0,2,0,0,2,0,5100,1,2,,POINT (-93.602244172452 42.894372032878)
2014820529,1402754,10/03/2014,10-October,6-Friday,18:18,1800 Hours,District 5 (Southeast),BLOOMFIELD,DAVIS,,CHESTNUT ST & RAILROAD ST,Collision with:  Vehicle in traffic,On Roadway,Broadside (front to side),FTYROW:  From stop sign,None Indicated,,Daylight,Dry,Cloudy,None apparent,Intersection:  Four-way intersection,Paved,,Possible/Unknown,0,1,0,0,1,0,4000,2,2,,POINT (-92.424499725606 40.748616597147)
2014820606,2014-69932,10/03/2014,10-October,6-Friday,20:30,2000 Hours,District 6 (East Central),DAVENPORT,SCOTT,,W 30TH ST,Collision with:  Vehicle in traffic,On Roadway,"Sideswipe, opposite direction",Unknown,None Indicated,,Dark - roadway not lighted,Dry,Clear,None apparent,Non-intersection:  Non-junction/no special feature,Paved,,Property Damage Only,0,0,0,0,0,0,4000,2,1,,POINT (-90.576075883328 41.550671802602)
2014819908,14-2203,10/03/2014,10-October,6-Friday,08:12,0800 Hours,District 1 (Central),URBANDALE,POLK,,NW URBANDALE DR & AURORA AVE,Collision with:  Vehicle in traffic,On Roadway,Broadside (front to side),Ran Traffic Signal,None Indicated,,Daylight,Dry,Clear,None apparent,Intersection:  Four-way intersection,Paved,,Property Damage Only,0,0,0,0,0,0,6000,2,3,,POINT (-93.763456587251 41.640003835011)
2014820329,14-0555,10/03/2014,10-October,6-Friday,22:20,2200 Hours,District 1 (Central),FORT DODGE,WEBSTER,,Co Rd P59/QUAIL AVE,Collision with:  Animal,,,Animal,None Indicated,,,,,,,Paved,,Property Damage Only,0,0,0,0,0,0,2500,1,1,,POINT (-94.1287741727 42.489541265864)
2014821294,14-14894,10/03/2014,10-October,6-Friday,14:50,1400 Hours,District 6 (East Central),,JACKSON,,253 AVE,Collision with fixed object:  Ditch,On Roadway,Non-collision (single vehicle),"Operating vehicle in an reckless, erratic, careless, negligent manner",None Indicated,,Daylight,"Mud, dirt",Cloudy,None apparent,Non-intersection:  Non-junction/no special feature,Unpaved,,Property Damage Only,0,0,0,0,0,0,6100,1,1,,POINT (-90.593037652773 42.367266939364)
2014820090,2014011059,10/03/2014,10-October,6-Friday,21:29,2100 Hours,District 6 (East Central),IOWA CITY,JOHNSON,US 6,US 6/RIVERSIDE DR,Collision with:  Vehicle in traffic,On Roadway,Rear-end (front to rear),Unknown,None Indicated,,Dark - unknown roadway lighting,Dry,Cloudy,None apparent,Non-intersection:  Non-junction/no special feature,Paved,,Possible/Unknown,0,1,0,0,1,0,500,2,2,,POINT (-91.542055381246 41.66195249984)
2014819660,14-015208,10/03/2014,10-October,6-Friday,06:15,0600 Hours,District 3 (Northwest),SPENCER,CLAY,,360TH ST,Collision with:  Animal,,Non-collision (single vehicle),Animal,None Indicated,,,,,,,Paved,,Property Damage Only,0,0,0,0,0,0,1500,1,1,,POINT (-95.18248420276 43.125531636026)
2014820450,14023313,10/03/2014,10-October,6-Friday,13:39,1300 Hours,District 5 (Southeast),OSKALOOSA,MAHASKA,,8TH AVE E & S 8TH ST,Collision with:  Vehicle in traffic,On Roadway,Broadside (front to side),Other (explain in narrative):  Vision obstructed,None Indicated,,Daylight,Dry,Cloudy,None apparent,Intersection:  Four-way intersection,Paved,,Property Damage Only,0,0,0,0,0,0,6000,2,2,,POINT (-92.635072534379 41.288010749842)
2014820016,2014-038376,10/03/2014,10-October,6-Friday,16:05,1600 Hours,District 6 (East Central),DUBUQUE,DUBUQUE,US 52,US 52/CENTRAL AVE,Collision with:  Vehicle in traffic,On Roadway,"Sideswipe, same direction",Other (explain in narrative):  Other,None Indicated,,Daylight,Dry,Cloudy,None apparent,Non-intersection:  Non-junction/no special feature,Paved,,Property Damage Only,0,0,0,0,0,0,2500,2,2,,POINT (-90.671434725292 42.513728058077)
2014819843,14020802,10/03/2014,10-October,6-Friday,18:05,1800 Hours,District 6 (East Central),MARION,LINN,,NEWCASTLE RD & EAST ROBINS RD,Collision with:  Vehicle in traffic,On Roadway,Broadside (front to side),FTYROW:  Making left turn,None Indicated,,Dusk,Dry,Cloudy,None apparent,Intersection:  Four-way intersection,Paved,,Minor Injury,0,2,0,2,0,0,14000,2,3,,POINT (-91.62194068542 42.053554497639)
2014819807,W14-099204,10/03/2014,10-October,6-Friday,16:30,1600 Hours,District 2 (Northeast),WATERLOO,BLACK HAWK,,N BARCLAY ST,Collision with:  Parked motor vehicle,On Roadway,Unknown,Unknown,None Indicated,,Daylight,Dry,Clear,Unknown,Non-intersection:  Non-junction/no special feature,Paved,,Property Damage Only,0,0,0,0,0,0,1500,2,1,,POINT (-92.327855039951 42.517796050749)
2014819838,201414753,10/03/2014,10-October,6-Friday,14:28,1400 Hours,District 6 (East Central),CEDAR RAPIDS,LINN,,WASHINGTON AVE SE,Collision with:  Parked motor vehicle,On Roadway,"Sideswipe, same direction",Swerving/Evasive Action,None Indicated,,Daylight,Dry,Cloudy,None apparent,Non-intersection:  Non-junction/no special feature,Paved,,Property Damage Only,0,0,0,0,0,0,2200,2,1,,POINT (-91.64010586014 41.985439888919)
2014820340,201400048842,10/03/2014,10-October,6-Friday,19:20,1900 Hours,District 5 (Southeast),OTTUMWA,WAPELLO,,E FINLEY AVE,Collision with:  Parked motor vehicle,On Roadway,Rear-end (front to rear),Other (explain in narrative):  Other,None Indicated,,Dark - roadway lighted,Dry,Clear,None apparent,Non-intersection:  Non-junction/no special feature,Paved,,Property Damage Only,0,0,0,0,0,0,20000,2,1,,POINT (-92.419292201112 41.002076955286)
2014820558,2014056751,10/03/2014,10-October,6-Friday,14:35,1400 Hours,District 6 (East Central),,DUBUQUE,IA 136,IA 136/IOWA 136 & ROCKVILLE RD,Collision with:  Vehicle in traffic,On Roadway,Broadside (front to side),FTYROW:  From stop sign,None Indicated,,Daylight,Dry,Cloudy,None apparent,Intersection:  Four-way intersection,Paved,,Property Damage Only,0,0,0,0,0,0,9000,2,3,,POINT (-91.117022152404 42.422291520419)
2014819959,14-32803,10/03/2014,10-October,6-Friday,06:44,0600 Hours,District 3 (Northwest),SIOUX CITY,WOODBURY,US 20,US 20,Collision with:  Vehicle in traffic,On Roadway,Rear-end (front to rear),Other (explain in narrative):  Other,None Indicated,,Dawn,Dry,Clear,Work Zone (roadway-related),Non-intersection:  Non-junction/no special feature,Paved,Yes,Property Damage Only,0,0,0,0,0,0,5500,2,4,,POINT (-96.341567435876 42.443922661302)
2014820109,2014011051,10/03/2014,10-October,6-Friday,17:25,1700 Hours,District 6 (East Central),IOWA CITY,JOHNSON,,CAE DR & ROHRET RD & MORMON TREK BLVD,Collision with:  Vehicle in traffic,On Roadway,"Angle, oncoming left turn",FTYROW:  Making left turn,None Indicated,,Daylight,Dry,Cloudy,None apparent,Intersection:  Four-way intersection,Paved,,Property Damage Only,0,0,0,0,0,0,5500,2,3,,POINT (-91.574134324224 41.64571929463)
2014819891,20140029332,10/03/2014,10-October,6-Friday,18:20,1800 Hours,District 1 (Central),DES MOINES,POLK,,FLEUR DR,Collision with:  Vehicle in traffic,On Roadway,Rear-end (front to rear),Followed too close,None Indicated,,Daylight,Dry,Clear,None apparent,Non-intersection:  Non-junction/no special feature,Paved,,Property Damage Only,0,0,0,0,0,0,6000,2,2,,POINT (-93.644946105991 41.526716060151)
2014821192,2104-038380,10/03/2014,10-October,6-Friday,17:15,1700 Hours,District 6 (East Central),DUBUQUE,DUBUQUE,US 20,US 20/DODGE ST,Collision with:  Vehicle in traffic,On Roadway,Rear-end (front to rear),Lost Control,None Indicated,,Dusk,Dry,Cloudy,None apparent,Non-intersection:  Non-junction/no special feature,Paved,,Possible/Unknown,0,2,0,0,2,0,8000,3,5,,POINT (-90.713187040761 42.492326304369)
2014821944,14014771,10/03/2014,10-October,6-Friday,16:05,1600 Hours,District 6 (East Central),TIPTON,CEDAR,,4TH ST & LYNN ST,Collision with:  Vehicle in traffic,On Roadway,Broadside (front to side),FTYROW:  From stop sign,None Indicated,,Daylight,Dry,Clear,None apparent,Intersection:  Four-way intersection,Paved,,Property Damage Only,0,0,0,0,0,0,5500,2,3,,POINT (-91.129784113134 41.768960459944)
2014819761,14-1928,10/03/2014,10-October,6-Friday,10:14,1000 Hours,District 1 (Central),POLK CITY,POLK,,SANDPIPER CT,Collision with:  Vehicle in traffic,On Roadway,"Angle, oncoming left turn",FTYROW:  Making left turn,Alcohol (Statutory),,Daylight,Dry,Cloudy,None apparent,Non-intersection:  Driveway access (within),Paved,,Minor Injury,0,1,0,1,0,0,6000,2,2,,POINT (-93.717864078663 41.763072774434)
2014820205,14-11575,10/03/2014,10-October,6-Friday,19:45,1900 Hours,District 3 (Northwest),,SIOUX,US 18,US 18/320TH ST,Collision with:  Vehicle in traffic,On Roadway,Rear-end (front to rear),Followed too close,None Indicated,,Dark - roadway lighted,Dry,Clear,None apparent,Non-intersection:  Non-junction/no special feature,Paved,,Minor Injury,0,1,0,1,0,0,14000,2,2,,POINT (-95.924444988862 43.186029531131)
2014819808,W14-099247,10/03/2014,10-October,6-Friday,19:36,1900 Hours,District 2 (Northeast),WATERLOO,BLACK HAWK,,OREGON ST,Collision with:  Vehicle in traffic,On Roadway,Rear-end (front to rear),Driver Distraction:  Reaching for object(s)/fallen object(s),None Indicated,,Dark - roadway not lighted,Dry,Clear,None apparent,Intersection:  Four-way intersection,Paved,,Possible/Unknown,0,1,0,0,1,0,5000,2,1,,POINT (-92.332624811185 42.477964129753)
2014820053,14-042223,10/03/2014,10-October,6-Friday,22:59,2200 Hours,District 4 (Southwest),COUNCIL BLUFFS,POTTAWATTAMIE,,S 35TH ST,Non-collision events:  Other non-collision (explain in narrative),On Roadway,Non-collision (single vehicle),Swerving/Evasive Action,None Indicated,,Dark - roadway lighted,Dry,Clear,None apparent,Non-intersection:  Driveway access (within),Paved,,Property Damage Only,0,0,0,0,0,0,3000,1,2,,POINT (-95.90208984993 41.261426829474)
2014820559,2014056775,10/03/2014,10-October,6-Friday,16:50,1600 Hours,District 6 (East Central),,IOWA,,Co Rd V66/M AVE & 225TH ST,Collision with:  Vehicle in traffic,On Roadway,Rear-end (front to rear),FTYROW:  Other (explain in narrative),None Indicated,,Daylight,Dry,Cloudy,None apparent,Intersection:  T-intersection,Paved,,Property Damage Only,0,0,0,0,0,0,10000,2,3,,POINT (-92.066237343019 41.680530248845)
2014820015,2014-038364,10/03/2014,10-October,6-Friday,10:36,1000 Hours,District 6 (East Central),DUBUQUE,DUBUQUE,,GRANDVIEW AVE N,Collision with:  Vehicle in traffic,On Roadway,Broadside (front to side),Ran Traffic Signal,None Indicated,,Daylight,Dry,Cloudy,None apparent,Intersection:  Four-way intersection,Paved,,Property Damage Only,0,0,0,0,0,0,3500,2,3,,POINT (-90.686710917743 42.492280973329)
2014820748,2014056706,10/03/2014,10-October,6-Friday,12:00,1200 Hours,District 6 (East Central),,JACKSON,US 61,US 61 & Co Rd D57/300 ST,Collision with:  Vehicle in traffic,On Roadway,Broadside (front to side),FTYROW:  From yield sign,None Indicated,,Daylight,Dry,Cloudy,None apparent,Intersection:  Other intersection (explain in narrative),Paved,,Property Damage Only,0,0,0,0,0,0,10000,2,2,,POINT (-90.681976779195 42.294652562708)
2014820122,14-35280,10/03/2014,10-October,6-Friday,16:59,1600 Hours,District 5 (Southeast),BURLINGTON,DES MOINES,,FRANKLIN ST & WELLS ST,Collision with:  Vehicle in traffic,On Roadway,Broadside (front to side),Other (explain in narrative):  No improper action,None Indicated,,Daylight,Dry,Cloudy,None apparent,Non-intersection:  Non-junction/no special feature,Paved,,Property Damage Only,0,0,0,0,0,0,4500,2,6,,POINT (-91.111043004478 40.81909435427)
2014819782,2014011026,10/03/2014,10-October,6-Friday,07:32,0700 Hours,District 6 (East Central),IOWA CITY,JOHNSON,,MELROSE AVE & HAWKEYE PARK RD,Collision with:  Vehicle in traffic,On Roadway,"Angle, oncoming left turn",Ran Traffic Signal,None Indicated,,Daylight,Dry,Cloudy,None apparent,Intersection:  Four-way intersection,Paved,,Minor Injury,0,3,0,3,0,0,35000,2,3,,POINT (-91.583204267797 41.657045044783)
2014821172,2014-038368,10/03/2014,10-October,6-Friday,12:35,1200 Hours,District 6 (East Central),DUBUQUE,DUBUQUE,US 20,US 20/DODGE ST & IA 32/IA32 NW ARTERIAL,Collision with:  Vehicle in traffic,On Roadway,"Sideswipe, same direction",Lost Control,None Indicated,,Daylight,Dry,Cloudy,None apparent,Intersection:  Other intersection (explain in narrative),Paved,,Property Damage Only,0,0,0,0,0,0,2500,2,2,,POINT (-90.738998434049 42.488534155587)
2014820077,14-3127,10/03/2014,10-October,6-Friday,17:55,1700 Hours,District 1 (Central),FORT DODGE,WEBSTER,,5TH AVE S,Collision with:  Vehicle in traffic,On Roadway,"Sideswipe, same direction",Unknown,None Indicated,,Daylight,Dry,Clear,None apparent,Non-intersection:  Driveway access (within),Paved,,Property Damage Only,0,0,0,0,0,0,9000,2,2,,POINT (-94.155332817475 42.501191161966)
2014820622,,10/03/2014,10-October,6-Friday,14:19,1400 Hours,District 4 (Southwest),AUDUBON,AUDUBON,,BROADWAY ST,Collision with fixed object:  Other fixed object (explain in narrative),Outside trafficway,Non-collision (single vehicle),Other (explain in narrative):  Other,None Indicated,,Daylight,Dry,Cloudy,None apparent,Non-intersection:  Non-junction/no special feature,Paved,,Possible/Unknown,0,1,0,0,1,0,14000,1,1,,POINT (-94.924659042287 41.546138235943)
2014836368,,10/03/2014,10-October,6-Friday,16:21,1600 Hours,District 2 (Northeast),DECORAH,WINNESHIEK,,RIDGEWOOD DR & MONTGOMERY ST,Collision with:  Vehicle in traffic,On Roadway,Rear-end (front to rear),FTYROW:  Other (explain in narrative),None Indicated,,Daylight,Dry,Cloudy,None apparent,Non-intersection:  Non-junction/no special feature,Paved,,Property Damage Only,0,0,0,0,0,0,4500,2,7,,POINT (-91.773298410469 43.297589403113)
2014820052,201403564,10/03/2014,10-October,6-Friday,11:05,1100 Hours,District 6 (East Central),,LINN,,Co Rd E34/COUNTY HOME RD,Collision with:  Vehicle in traffic,On Roadway,"Sideswipe, same direction",Other (explain in narrative):  Other,None Indicated,,Daylight,Dry,Cloudy,None apparent,Non-intersection:  Non-junction/no special feature,Paved,,Property Damage Only,0,0,0,0,0,0,9000,2,2,,POINT (-91.646536930745 42.094879894726)
2014821457,2014056813,10/03/2014,10-October,6-Friday,21:50,2100 Hours,District 5 (Southeast),,WARREN,I-35,I-35,Collision with:  Animal,,,Animal,None Indicated,,,,,,,Paved,,Property Damage Only,0,0,0,0,0,0,4500,1,1,,POINT (-93.780540651811 41.429442602205)
2014820130,AC14-038,10/03/2014,10-October,6-Friday,16:40,1600 Hours,District 1 (Central),STORY CITY,STORY,,EDGEBROOK DR,Collision with fixed object:  Utility pole/light support,Outside trafficway,Non-collision (single vehicle),Equipment failure,None Indicated,,Daylight,Dry,Cloudy,None apparent,Non-intersection:  Non-junction/no special feature,Paved,,Possible/Unknown,0,1,0,0,1,0,4200,1,1,,POINT (-93.582538054755 42.19358198212)
2014820640,14017356,10/03/2014,10-October,6-Friday,11:33,1100 Hours,District 2 (Northeast),MASON CITY,CERRO GORDO,,3RD ST NW,Collision with:  Vehicle in traffic,On Roadway,"Sideswipe, same direction",Other (explain in narrative):  Other,None Indicated,,Daylight,Dry,Cloudy,None apparent,Non-intersection:  Alley,Paved,,Property Damage Only,0,0,0,0,0,0,3000,2,1,,POINT (-93.203594367564 43.154517055167)
2014821948,,10/03/2014,10-October,6-Friday,15:06,1500 Hours,District 5 (Southeast),FORT MADISON,LEE,,38TH ST,Collision with:  Vehicle in traffic,On Roadway,Broadside (front to side),FTYROW:  From driveway,None Indicated,,Daylight,Wet,Cloudy,None apparent,Non-intersection:  Driveway access (within),Paved,,Minor Injury,0,1,0,1,0,0,2000,2,5,,POINT (-91.361776538189 40.6244793619)
2014819792,GP20140811,10/03/2014,10-October,6-Friday,09:10,0900 Hours,District 1 (Central),GRINNELL,POWESHIEK,,1ST AVE,Collision with fixed object:  Utility pole/light support,On Roadway,Non-collision (single vehicle),Driver Distraction:  Reaching for object(s)/fallen object(s),None Indicated,,Daylight,Dry,Cloudy,None apparent,Non-intersection:  Non-junction/no special feature,Paved,,Property Damage Only,0,0,0,0,0,0,16000,1,2,,POINT (-92.720318775714 41.738872604961)
2014819982,14-19242,10/03/2014,10-October,6-Friday,17:38,1700 Hours,District 2 (Northeast),,BREMER,,Co Rd V14/EUCLID AVE,Collision with:  Animal,,,Animal,None Indicated,,,,,,,Paved,,Property Damage Only,0,0,0,0,0,0,2500,1,1,,POINT (-92.465611071942 42.763348127158)
2014820641,14017385,10/03/2014,10-October,6-Friday,19:16,1900 Hours,District 2 (Northeast),MASON CITY,CERRO GORDO,IA 122,IA 122/4TH ST SW,Collision with:  Vehicle in traffic,On Roadway,Rear-end (front to rear),Followed too close,None Indicated,,Dark - roadway lighted,Dry,Clear,None apparent,Non-intersection:  Non-junction/no special feature,Paved,,Property Damage Only,0,0,0,0,0,0,1500,2,3,,POINT (-93.221554024163 43.148351388468)
2014820308,2014-69855,10/03/2014,10-October,6-Friday,14:28,1400 Hours,District 6 (East Central),DAVENPORT,SCOTT,,IA 461/HARRISON ST & W LOCUST ST,Collision with:  Vehicle in traffic,On Roadway,"Sideswipe, same direction",Made improper turn,None Indicated,,Daylight,Dry,Cloudy,None apparent,Non-intersection:  Non-junction/no special feature,Paved,,Possible/Unknown,0,1,0,0,1,0,5000,2,4,,POINT (-90.577233957256 41.538285400634)
2014820112,147426,10/03/2014,10-October,6-Friday,07:05,0700 Hours,District 4 (Southwest),,DALLAS,,Co Rd F60/OLD HWY 6 & H AVE,Collision with:  Animal,On Roadway,Non-collision (single vehicle),Animal,None Indicated,,Daylight,Dry,Clear,None apparent,Non-intersection:  Non-junction/no special feature,Paved,,Property Damage Only,0,0,0,0,0,0,7000,1,2,,POINT (-94.151026316259 41.597091039959)
2014820448,14023300,10/03/2014,10-October,6-Friday,11:50,1100 Hours,District 5 (Southeast),OSKALOOSA,MAHASKA,US 63,US 63/S MARKET ST,Collision with:  Vehicle in traffic,On Roadway,Rear-end (front to rear),Other (explain in narrative):  Other,None Indicated,,Daylight,Dry,Cloudy,None apparent,Non-intersection:  Non-junction/no special feature,Paved,,Property Damage Only,0,0,0,0,0,0,12000,2,2,,POINT (-92.645291319803 41.279926689165)
2014819972,CL14003518,10/03/2014,10-October,6-Friday,11:55,1100 Hours,District 6 (East Central),CLINTON,CLINTON,,13TH AVE N,Collision with:  Vehicle in traffic,On Roadway,Rear-end (front to rear),Other (explain in narrative):  Other,None Indicated,,Daylight,Dry,Cloudy,None apparent,Non-intersection:  Non-junction/no special feature,Paved,,Possible/Unknown,0,2,0,0,2,0,600,2,4,,POINT (-90.202969630223 41.859365470173)
2014821217,2014056758,10/03/2014,10-October,6-Friday,14:50,1400 Hours,District 5 (Southeast),,MAHASKA,IA 163,IA 163/IOWA 163 & OLD HWY 163 & JEWELL AVE,Non-collision events:  Overturn/rollover,On Roadway,Non-collision (single vehicle),Ran off road - right,None Indicated,,Daylight,Dry,Cloudy,None apparent,Non-intersection:  Non-junction/no special feature,Paved,,Property Damage Only,0,0,0,0,0,0,5000,1,1,,POINT (-92.688295434095 41.314109479286)
2014820400,100314-135,10/03/2014,10-October,6-Friday,14:58,1400 Hours,District 3 (Northwest),STORM LAKE,BUENA VISTA,,E 6TH ST & CAYUGA ST,Collision with:  Vehicle in traffic,On Roadway,Broadside (front to side),FTYROW:  From stop sign,None Indicated,,Daylight,Dry,Cloudy,None apparent,Intersection:  Four-way intersection,Paved,,Property Damage Only,0,0,0,0,0,0,4500,2,2,,POINT (-95.19834561656 42.645462595239)
2014820250,2014-69848,10/03/2014,10-October,6-Friday,13:59,1300 Hours,District 6 (East Central),DAVENPORT,SCOTT,,W 3RD ST,Collision with:  Vehicle in traffic,On Roadway,"Sideswipe, same direction",Over correcting/over steering,None Indicated,,Daylight,Dry,Cloudy,None apparent,Non-intersection:  Non-junction/no special feature,Paved,,Property Damage Only,0,0,0,0,0,0,3500,2,4,,POINT (-90.576039597634 41.522444944503)
2014820062,14-030727,10/03/2014,10-October,6-Friday,05:19,0500 Hours,District 5 (Southeast),FORT MADISON,LEE,,BUS US 61,Collision with:  Animal,,,Animal,None Indicated,,,,,,,Paved,,Property Damage Only,0,0,0,0,0,0,2000,1,1,,POINT (-91.276003247753 40.650642385607)
2014819640,W14-099111,10/03/2014,10-October,6-Friday,10:48,1000 Hours,District 2 (Northeast),WATERLOO,BLACK HAWK,,OSAGE RD & DUBUQUE RD,Collision with:  Vehicle in traffic,On Roadway,Broadside (front to side),FTYROW:  From stop sign,None Indicated,,Daylight,Dry,Cloudy,None apparent,Intersection:  Four-way intersection,Paved,,Property Damage Only,0,0,0,0,0,0,8000,2,3,,POINT (-92.295355022643 42.483829004336)
2014821510,14001149,10/03/2014,10-October,6-Friday,16:46,1600 Hours,District 1 (Central),,STORY,IA 210,IA 210/IOWA 210,Collision with:  Vehicle in traffic,On Roadway,Rear-end (front to rear),Other (explain in narrative):  No improper action,None Indicated,,Daylight,Dry,Clear,None apparent,Non-intersection:  Non-junction/no special feature,Paved,,Property Damage Only,0,0,0,0,0,0,4000,2,2,,POINT (-93.599003655787 41.877745213253)
2014820174,1400000865,10/03/2014,10-October,6-Friday,16:41,1600 Hours,District 1 (Central),,MARSHALL,,LURAY RD,Non-collision events:  Overturn/rollover,,,Ran off road - right,None Indicated,,,,,,,Unpaved,,Property Damage Only,0,0,0,0,0,0,7500,1,1,,POINT (-92.979378513272 41.993358206594)
2014820106,14-042176,10/03/2014,10-October,6-Friday,16:31,1600 Hours,District 4 (Southwest),COUNCIL BLUFFS,POTTAWATTAMIE,,VALLEY VIEW DR & LONGVIEW LOOP,Collision with:  Vehicle in traffic,On Roadway,Rear-end (front to rear),Followed too close,None Indicated,,Daylight,Dry,Cloudy,None apparent,Non-intersection:  Non-junction/no special feature,Paved,,Property Damage Only,0,0,0,0,0,0,4500,2,2,,POINT (-95.818105096242 41.230506359371)
2014820063,14-030812,10/03/2014,10-October,6-Friday,19:00,1900 Hours,District 5 (Southeast),FORT MADISON,LEE,,BUS US 61,Collision with:  Animal,,,Animal,None Indicated,,,,,,,Paved,,Property Damage Only,0,0,0,0,0,0,1500,1,1,,POINT (-91.272308097136 40.661838324942)
2014820111,14-4919,10/03/2014,10-October,6-Friday,06:33,0600 Hours,District 1 (Central),WEST DES MOINES,POLK,,GRAND AVE,Collision with:  Vehicle in traffic,On Roadway,Rear-end (front to rear),"Operating vehicle in an reckless, erratic, careless, negligent manner",Alcohol (Statutory),,Daylight,Dry,Cloudy,None apparent,Non-intersection:  Non-junction/no special feature,Paved,,Possible/Unknown,0,1,0,0,0,1,7550,3,3,,POINT (-93.731639088898 41.571089508561)
2014821412,14-004695,10/03/2014,10-October,6-Friday,06:00,0600 Hours,District 1 (Central),AMES,STORY,,,Collision with fixed object:  Other fixed object (explain in narrative),Outside trafficway,Non-collision (single vehicle),Made improper turn,None Indicated,,Daylight,Dry,Clear,None apparent,Non-intersection:  Alley,,,Property Damage Only,0,0,0,0,0,0,7000,1,1,,POINT (-96.643700149993 40.233091251414)
2014820046,201400003566,10/03/2014,10-October,6-Friday,12:00,1200 Hours,District 6 (East Central),,LINN,,Co Rd E28/BURNET STATION RD,Collision with:  Vehicle in traffic,On Roadway,Head-on (front to front),Crossed centerline (undivided),None Indicated,,Daylight,Dry,Cloudy,None apparent,Non-intersection:  Non-junction/no special feature,Paved,,Property Damage Only,0,0,0,0,0,0,8000,2,2,,POINT (-91.584726239455 42.15279143296)
2014820110,14-35275,10/03/2014,10-October,6-Friday,16:43,1600 Hours,District 5 (Southeast),BURLINGTON,DES MOINES,,OSBORN ST,Collision with:  Vehicle in traffic,On Roadway,Broadside (front to side),FTYROW:  From driveway,None Indicated,,Daylight,Dry,Cloudy,None apparent,Non-intersection:  Driveway access (within),Paved,,Property Damage Only,0,0,0,0,0,0,5000,2,3,,POINT (-91.112616536604 40.825488628107)
2014835409,2014-001519,10/03/2014,10-October,6-Friday,16:20,1600 Hours,District 6 (East Central),BELLE PLAINE,BENTON,IA 21,IA 21/7TH AVE,Collision with:  Vehicle in traffic,On Roadway,Broadside (front to side),Crossed centerline (undivided),None Indicated,,Daylight,Dry,Clear,None apparent,Non-intersection:  Railroad grade crossing,Paved,,Property Damage Only,0,0,0,0,0,0,6000,2,4,,POINT (-92.278217172129 41.895728216757)
2014820107,14-042179,10/03/2014,10-October,6-Friday,16:40,1600 Hours,District 4 (Southwest),COUNCIL BLUFFS,POTTAWATTAMIE,I-80,I-80,Collision with:  Vehicle in traffic,On Roadway,"Sideswipe, same direction",Improper or erratic lane changing,None Indicated,,Daylight,Dry,Cloudy,None apparent,Non-intersection:  Non-junction/no special feature,Paved,,Property Damage Only,0,0,0,0,0,0,2000,2,2,,POINT (-95.803958484842 41.259852676364)