Iowa DOT Case Number,Law Enforcement Case Number,Date of Crash,Month of Crash,Day of Week,Time of Crash,Hour,DOT District,City Name,County Name,Route with System,Location Description,First Harmful Event,Location of First Harmful Event,Manner of Crash/Collision,Major Cause,Drug or Alcohol ,Environmental Conditions,Light Conditions,Surface Conditions,Weather Conditions,Roadway Contribution,Roadway Type,Roadway Surface,Work Zone,Crash Severity,Number of Fatalities,Number of Injuries,Number of Major Injuries,Number of Minor Injuries,Number of Possible Injuries,Number of Unknown Injuries,Amount of Property Damage,Number of Vehicles Involved,Total Number of Occupants,Travel Direction,Location
2014827051,2014-038410,10/04/2014,10-October,7-Saturday,03:00,0300 Hours,District 6 (East Central),DUBUQUE,DUBUQUE,,LINCOLN ST,Collision with:  Vehicle in traffic,On Roadway,Rear-end (front to rear),Ran off road - right,None Indicated,,Dark - roadway lighted,Dry,Clear,None apparent,Non-intersection:  Non-junction/no special feature,Paved,,Possible/Unknown,0,1,0,0,0,1,7000,2,1,,POINT (-90.66417903099 42.516696120995)
2014819940,14-32940,10/04/2014,10-October,7-Saturday,14:00,1400 Hours,District 3 (Northwest),SIOUX CITY,WOODBURY,,S LAKEPORT ST,Collision with:  Vehicle in traffic,On Roadway,Rear-end (front to rear),Followed too close,None Indicated,,Daylight,Dry,Clear,None apparent,Non-intersection:  Other non-intersection (explain in narrative),Paved,,Property Damage Only,0,0,0,0,0,0,8500,2,5,,POINT (-96.347034862093 42.444312245617)
2014820121,14-042279,10/04/2014,10-October,7-Saturday,11:37,1100 Hours,District 4 (Southwest),COUNCIL BLUFFS,POTTAWATTAMIE,I-29,I-29,Collision with:  Vehicle in traffic,On Roadway,Rear-end (front to rear),Lost Control,None Indicated,,Daylight,Dry,Cloudy,None apparent,Non-intersection:  Non-junction/no special feature,Paved,,Property Damage Only,0,0,0,0,0,0,6000,2,7,,POINT (-95.894464200402 41.233086893262)
2014819818,14-15293,10/04/2014,10-October,7-Saturday,17:24,1700 Hours,District 3 (Northwest),SPENCER,CLAY,US 71,US 71/11TH ST SW,Collision with:  Vehicle in traffic,On Roadway,Rear-end (front to rear),Followed too close,None Indicated,,Daylight,Dry,Clear,None apparent,Non-intersection:  Non-junction/no special feature,Paved,,Possible/Unknown,0,1,0,0,1,0,4000,2,5,,POINT (-95.143745063959 43.126489421005)
2014820050,2014010437,10/04/2014,10-October,7-Saturday,20:26,2000 Hours,District 1 (Central),MARSHALLTOWN,MARSHALL,,S 2ND ST,Collision with:  Parked motor vehicle,On Roadway,Rear-end (front to rear),Unknown,None Indicated,,Dark - roadway lighted,Dry,Clear,None apparent,Non-intersection:  Non-junction/no special feature,Paved,,Property Damage Only,0,0,0,0,0,0,5500,3,6,,POINT (-92.916227097941 42.044838448055)
2014852436,14-5183,10/04/2014,10-October,7-Saturday,08:15,0800 Hours,District 6 (East Central),HIAWATHA,LINN,,WILLMAN ST & CENTER POINT RD,Collision with:  Vehicle in traffic,On Roadway,Broadside (front to side),FTYROW:  From stop sign,None Indicated,,Daylight,Dry,Unknown,None apparent,Intersection:  Four-way intersection,Paved,,Property Damage Only,0,0,0,0,0,0,5000,2,2,,POINT (-91.671226767744 42.037059766321)
2014819898,20140029380,10/04/2014,10-October,7-Saturday,00:01,0000 Hours,District 1 (Central),DES MOINES,POLK,,11TH ST,Collision with:  Parked motor vehicle,On Roadway,Unknown,Unknown,None Indicated,,Unknown,Dry,Cloudy,None apparent,Non-intersection:  Non-junction/no special feature,Paved,,Property Damage Only,0,0,0,0,0,0,2000,2,1,,POINT (-93.632026200459 41.635109108768)
2014820210,S14-10187,10/04/2014,10-October,7-Saturday,23:33,2300 Hours,District 3 (Northwest),,WOODBURY,,Co Rd K25/PORT NEAL RD,Collision with:  Animal,,,Animal,None Indicated,,,,,,,Paved,,Property Damage Only,0,0,0,0,0,0,4000,1,2,,POINT (-96.347582161668 42.301554467829)
2014820082,14-4942,10/04/2014,10-October,7-Saturday,12:45,1200 Hours,District 1 (Central),WEST DES MOINES,POLK,,WESTOWN PKWY,Collision with:  Vehicle in traffic,On Roadway,Broadside (front to side),FTYROW:  Other (explain in narrative),None Indicated,,Daylight,Dry,Clear,None apparent,Intersection:  T-intersection,Paved,,Property Damage Only,0,0,0,0,0,0,8000,2,2,,POINT (-93.772913894188 41.595409175855)
2014820629,W14-099463,10/04/2014,10-October,7-Saturday,17:07,1700 Hours,District 2 (Northeast),WATERLOO,BLACK HAWK,,LA PORTE RD,Collision with:  Vehicle in traffic,On Roadway,"Sideswipe, same direction",Improper or erratic lane changing,None Indicated,,Daylight,Dry,Cloudy,None apparent,Non-intersection:  Other non-intersection (explain in narrative),Paved,,Property Damage Only,0,0,0,0,0,0,3250,2,3,,POINT (-92.321274435829 42.467774882126)
2014820642,14017422,10/04/2014,10-October,7-Saturday,09:02,0900 Hours,District 2 (Northeast),MASON CITY,CERRO GORDO,,2ND ST NE,Collision with:  Parked motor vehicle,On Roadway,"Sideswipe, opposite direction",Improper Backing,None Indicated,,Daylight,Dry,Cloudy,None apparent,Non-intersection:  Non-junction/no special feature,Paved,,Property Damage Only,0,0,0,0,0,0,3000,2,2,,POINT (-93.176704713572 43.153526185659)
2014819924,14-004671,10/04/2014,10-October,7-Saturday,09:30,0900 Hours,District 1 (Central),AMES,STORY,,,Collision with:  Vehicle in traffic,On Roadway,Broadside (front to side),"Operating vehicle in an reckless, erratic, careless, negligent manner",None Indicated,,Daylight,Dry,Cloudy,None apparent,Non-intersection:  Non-junction/no special feature,,,Property Damage Only,0,0,0,0,0,0,2400,3,1,,POINT (-96.643700149993 40.233091251414)
2014820037,14-4943,10/04/2014,10-October,7-Saturday,13:45,1300 Hours,District 1 (Central),WEST DES MOINES,POLK,I-235,I-235,Collision with:  Vehicle in traffic,On Roadway,Rear-end (front to rear),Followed too close,None Indicated,,Daylight,Dry,Clear,Work Zone (roadway-related),Non-intersection:  Non-junction/no special feature,Paved,Yes,Possible/Unknown,0,1,0,0,1,0,11500,3,6,,POINT (-93.763973293441 41.592235348437)
2014819830,P14-011422,10/04/2014,10-October,7-Saturday,17:39,1700 Hours,District 1 (Central),WEBSTER CITY,HAMILTON,,CEDAR ST,Collision with:  Vehicle in traffic,On Roadway,Broadside (front to side),Improper Backing,None Indicated,,Daylight,Dry,Clear,None apparent,Non-intersection:  Non-junction/no special feature,Paved,,Property Damage Only,0,0,0,0,0,0,1500,2,1,,POINT (-93.820337006371 42.461931601896)
2014819816,14-15296,10/04/2014,10-October,7-Saturday,17:44,1700 Hours,District 3 (Northwest),,CLAY,,Co Rd M54/290TH AVE & 470TH ST,Collision with fixed object:  Ditch,Outside trafficway,Non-collision (single vehicle),Ran off road - right,Under Influence of Alcohol/Drugs/Medications,,Daylight,Dry,Clear,None apparent,Non-intersection:  Non-junction/no special feature,Paved,,Property Damage Only,0,0,0,0,0,0,2500,1,1,,POINT (-95.01280525853 42.968001022506)
2014820310,2014-70074,10/04/2014,10-October,7-Saturday,11:35,1100 Hours,District 6 (East Central),DAVENPORT,SCOTT,,W LOCUST ST & FAIRMOUNT ST,Collision with:  Vehicle in traffic,On Roadway,"Angle, oncoming left turn",FTYROW:  Other (explain in narrative),None Indicated,,Daylight,Dry,Clear,None apparent,Non-intersection:  Non-junction/no special feature,Paved,,Property Damage Only,0,0,0,0,0,0,3000,2,2,,POINT (-90.629851634029 41.538121640299)
2014819847,14-024625,10/04/2014,10-October,7-Saturday,20:18,2000 Hours,District 5 (Southeast),,MARION,,198TH PL & RED ROCK RESERVOIR,Collision with:  Animal,,,Animal,None Indicated,,,,,,,Paved,,Property Damage Only,0,0,0,0,0,0,2000,1,1,,POINT (-92.966067537948 41.364330122056)
2014820403,14-35429,10/04/2014,10-October,7-Saturday,18:13,1800 Hours,District 5 (Southeast),,DES MOINES,,130TH ST,Collision with fixed object:  Other fixed object (explain in narrative),Outside trafficway,Non-collision (single vehicle),Ran off road - right,None Indicated,,Daylight,"Mud, dirt",Clear,None apparent,Non-intersection:  Non-junction/no special feature,Unpaved,,Property Damage Only,0,0,0,0,0,0,6500,1,1,,POINT (-91.263314810288 40.871247176743)
2014821111,2014-70008,10/04/2014,10-October,7-Saturday,02:11,0200 Hours,District 6 (East Central),DAVENPORT,SCOTT,,W LOCUST ST,Collision with fixed object:  Other fixed object (explain in narrative),Roadside,Non-collision (single vehicle),Ran off road - right,Refused,,Dark - roadway lighted,Dry,Clear,None apparent,Non-intersection:  Non-junction/no special feature,Paved,,Property Damage Only,0,0,0,0,0,0,6000,1,1,,POINT (-90.596773835624 41.538263336666)
2014819880,20140029423,10/04/2014,10-October,7-Saturday,21:58,2100 Hours,District 1 (Central),DES MOINES,POLK,,GRAND AVE,Collision with:  Parked motor vehicle,On Roadway,"Sideswipe, same direction",Made improper turn,None Indicated,,Dark - roadway lighted,Dry,Clear,None apparent,Non-intersection:  Non-junction/no special feature,Paved,,Property Damage Only,0,0,0,0,0,0,6000,2,1,,POINT (-93.637656975429 41.58512400143)
2014819896,20140029370,10/04/2014,10-October,7-Saturday,06:48,0600 Hours,District 1 (Central),DES MOINES,POLK,US 6,US 6/DOUGLAS AVE,Collision with fixed object:  Utility pole/light support,Shoulder,Non-collision (single vehicle),Ran off road - right,None Indicated,,Dark - roadway lighted,Dry,Cloudy,None apparent,Non-intersection:  Non-junction/no special feature,Paved,,Property Damage Only,0,0,0,0,0,0,2800,1,1,,POINT (-93.686606883088 41.62946380397)
2014820507,2014011080,10/04/2014,10-October,7-Saturday,10:39,1000 Hours,District 6 (East Central),IOWA CITY,JOHNSON,,SANDUSKY AVE,Collision with:  Parked motor vehicle,On Roadway,"Sideswipe, same direction",Unknown,None Indicated,,Daylight,Dry,Unknown,None apparent,Non-intersection:  Non-junction/no special feature,Paved,,Property Damage Only,0,0,0,0,0,0,1800,2,1,,POINT (-91.517836863148 41.637008918501)
2014819988,147487,10/04/2014,10-October,7-Saturday,23:05,2300 Hours,District 4 (Southwest),DE SOTO,DALLAS,I-80,I-80,Collision with:  Vehicle in traffic,On Roadway,Rear-end (front to rear),Followed too close,Alcohol (Statutory),,Dark - roadway not lighted,Dry,Clear,None apparent,Interchange-related:  Off-ramp,Paved,,Major Injury,0,2,1,1,0,0,8000,2,4,,POINT (-94.010558763105 41.541270157849)
2014834973,,10/04/2014,10-October,7-Saturday,12:00,1200 Hours,District 4 (Southwest),,DALLAS,I-80,I-80,Collision with fixed object:  Guardrail - face,Unknown,Non-collision (single vehicle),Unknown,None Indicated,,,,,,,Paved,,Property Damage Only,0,0,0,0,0,0,4383,1,1,,POINT (-93.994364378302 41.542212985383)
2014820565,2014056929,10/04/2014,10-October,7-Saturday,21:40,2100 Hours,District 5 (Southeast),,MAHASKA,IA 163,IA 163/IOWA 163,Collision with:  Animal,,,Animal,None Indicated,,,,,,,Paved,,Property Damage Only,0,0,0,0,0,0,5000,1,1,,POINT (-92.82515126854 41.385667517936)
2014819870,20140029398,10/04/2014,10-October,7-Saturday,14:34,1400 Hours,District 1 (Central),DES MOINES,POLK,,EVERGREEN AVE & SE 22ND ST,Collision with:  Vehicle in traffic,On Roadway,Broadside (front to side),FTYROW:  From stop sign,None Indicated,,Daylight,Dry,Clear,None apparent,Intersection:  Four-way intersection,Paved,,Property Damage Only,0,0,0,0,0,0,2000,2,3,,POINT (-93.577520009883 41.550574575893)
2014821653,2014-21704,10/04/2014,10-October,7-Saturday,14:27,1400 Hours,District 5 (Southeast),INDIANOLA,WARREN,US 65,US 65/N JEFFERSON WAY & E KENTUCKY AVE,Collision with:  Vehicle in traffic,On Roadway,Broadside (front to side),FTYROW:  From stop sign,None Indicated,,Daylight,Dry,Clear,None apparent,Intersection:  Four-way intersection,Paved,,Possible/Unknown,0,3,0,0,3,0,9500,3,7,,POINT (-93.558414219986 41.37136640857)
2014820322,14013679,10/04/2014,10-October,7-Saturday,19:56,1900 Hours,District 2 (Northeast),,FAYETTE,,FOX RD,Collision with fixed object:  Ditch,On Roadway,Non-collision (single vehicle),Ran off road - right,None Indicated,,Dark - roadway not lighted,"Mud, dirt",Cloudy,None apparent,Non-intersection:  Non-junction/no special feature,Unpaved,,Property Damage Only,0,0,0,0,0,0,3000,1,3,,POINT (-91.712564741847 42.833092040448)
2014819941,14-32974,10/04/2014,10-October,7-Saturday,20:35,2000 Hours,District 3 (Northwest),SIOUX CITY,WOODBURY,,GLENN AVE & S ROYCE ST,Collision with fixed object:  Utility pole/light support,On Roadway,Non-collision (single vehicle),Exceeded authorized speed,Alcohol (Statutory),,Dark - roadway lighted,Dry,Clear,None apparent,Non-intersection:  Non-junction/no special feature,Paved,,Major Injury,0,2,1,1,0,0,12000,1,2,,POINT (-96.354786470404 42.465381175142)
2014819897,20140029376,10/04/2014,10-October,7-Saturday,09:15,0900 Hours,District 1 (Central),DES MOINES,POLK,US 69,US 69/SE 14TH ST & KING AVE,Collision with:  Vehicle in traffic,On Roadway,Rear-end (front to rear),Followed too close,None Indicated,,Daylight,Dry,Clear,None apparent,Non-intersection:  Non-junction/no special feature,Paved,,Property Damage Only,0,0,0,0,0,0,4700,3,3,,POINT (-93.596961255073 41.560176162089)
2014822495,14-008932,10/04/2014,10-October,7-Saturday,20:17,2000 Hours,District 6 (East Central),,BUCHANAN,,Co Rd D22/220TH ST,Collision with:  Animal,On Roadway,Non-collision (single vehicle),Animal,None Indicated,,Dark - roadway not lighted,Dry,Clear,None apparent,Non-intersection:  Non-junction/no special feature,Paved,,Property Damage Only,0,0,0,0,0,0,10000,1,1,,POINT (-91.683043877225 42.468702232014)
2014820503,14-2888,10/04/2014,10-October,7-Saturday,22:09,2200 Hours,District 2 (Northeast),OSAGE,MITCHELL,,PLEASANT ST,Collision with:  Parked motor vehicle,On Roadway,"Sideswipe, same direction",Driver Distraction:  Reaching for object(s)/fallen object(s),Alcohol (Statutory),,Dark - roadway lighted,Dry,Clear,None apparent,Non-intersection:  Non-junction/no special feature,Paved,,Property Damage Only,0,0,0,0,0,0,6000,2,1,,POINT (-92.817056862803 43.282086110424)
2014819861,14-004285,10/04/2014,10-October,7-Saturday,09:50,0900 Hours,District 1 (Central),ANKENY,POLK,US 69,US 69/S ANKENY BLVD/N ANKENY BLVD & W 1ST ST & E 1ST ST,Collision with:  Vehicle in traffic,On Roadway,"Angle, oncoming left turn",FTYROW:  Making left turn,None Indicated,,Daylight,Dry,Clear,None apparent,Intersection:  Four-way intersection,Paved,,Property Damage Only,0,0,0,0,0,0,2500,2,5,,POINT (-93.600375962325 41.731870994936)
2014819882,20140029433,10/04/2014,10-October,7-Saturday,23:59,2300 Hours,District 1 (Central),DES MOINES,POLK,,CENTER ST & 2ND AVE,Collision with:  Vehicle in traffic,On Roadway,"Angle, oncoming left turn",Made improper turn,None Indicated,,Dark - roadway lighted,Dry,Clear,None apparent,Non-intersection:  Non-junction/no special feature,Paved,,Property Damage Only,0,0,0,0,0,0,1601,2,5,,POINT (-93.620274989726 41.591569202672)
2014820023,2014-21687,10/04/2014,10-October,7-Saturday,07:25,0700 Hours,District 5 (Southeast),,WARREN,,Co Rd G24/HWY G24,Collision with:  Animal,,,Animal,None Indicated,,,,,,,Paved,,Property Damage Only,0,0,0,0,0,0,3500,1,1,,POINT (-93.565393413674 41.438519629571)
2014820442,14-006985,10/04/2014,10-October,7-Saturday,23:44,2300 Hours,District 1 (Central),,HAMILTON,IA 17,IA 17/BRIGGS WOOD RD,Collision with:  Animal,,,Animal,None Indicated,,,,,,,Paved,,Property Damage Only,0,0,0,0,0,0,3500,1,1,,POINT (-93.79698624579 42.407412509483)
2014819974,2014011090,10/04/2014,10-October,7-Saturday,14:12,1400 Hours,District 6 (East Central),IOWA CITY,JOHNSON,,E DAVENPORT ST & N GILBERT ST,Collision with:  Vehicle in traffic,On Roadway,Broadside (front to side),FTYROW:  From stop sign,None Indicated,,Daylight,Dry,Cloudy,None apparent,Intersection:  Four-way intersection,Paved,,Possible/Unknown,0,1,0,0,1,0,4500,2,2,,POINT (-91.530089306837 41.665790096446)
2014820124,20141057,10/04/2014,10-October,7-Saturday,10:06,1000 Hours,District 6 (East Central),MOUNT VERNON,LINN,,1ST ST & A AVE SE & A AVE NE,Collision with fixed object:  Traffic sign support,Shoulder,Non-collision (single vehicle),Other (explain in narrative):  Other,None Indicated,,Daylight,Dry,Cloudy,None apparent,Intersection:  Four-way intersection,Paved,,Property Damage Only,0,0,0,0,0,0,2750,1,1,,POINT (-91.415971041209 41.921718406979)
2014820782,201414792,10/04/2014,10-October,7-Saturday,05:00,0500 Hours,District 6 (East Central),CEDAR RAPIDS,LINN,US 30,US 30/LINCOLN FWY,Collision with fixed object:  Bridge overhead structure,Shoulder,Non-collision (single vehicle),Ran off road - right,Refused,,Dark - unknown roadway lighting,Dry,Cloudy,None apparent,Non-intersection:  Other non-intersection (explain in narrative),Paved,,Property Damage Only,0,0,0,0,0,0,3000,1,1,,POINT (-91.683106132585 41.929713853613)
2014819871,20140029403,10/04/2014,10-October,7-Saturday,17:33,1700 Hours,District 1 (Central),DES MOINES,POLK,,MULBERRY ST & 10TH ST,Collision with:  Vehicle in traffic,On Roadway,"Angle, oncoming left turn",FTYROW:  Making left turn,None Indicated,,Daylight,Dry,Clear,None apparent,Intersection:  Four-way intersection,Paved,,Property Damage Only,0,0,0,0,0,0,11000,2,3,,POINT (-93.629187633261 41.583945675254)
2014820081,14-3139,10/04/2014,10-October,7-Saturday,14:00,1400 Hours,District 1 (Central),FORT DODGE,WEBSTER,,1ST AVE N & N 14TH ST,Collision with:  Parked motor vehicle,On Roadway,Unknown,Unknown,None Indicated,,Daylight,Dry,Clear,Unknown,Non-intersection:  Non-junction/no special feature,Paved,,Property Damage Only,0,0,0,0,0,0,1500,2,1,,POINT (-94.179495381131 42.507239993669)
2014821497,14-013657,10/04/2014,10-October,7-Saturday,12:28,1200 Hours,District 2 (Northeast),FAIRBANK,FAYETTE,IA 281,IA 281/100TH ST & UNICORN RD & DILLON AVE,Collision with fixed object:  Ditch,On Roadway,Non-collision (single vehicle),Ran off road - right,None Indicated,,Daylight,Dry,Clear,Unknown,Non-intersection:  Non-junction/no special feature,Paved,,Property Damage Only,0,0,0,0,0,0,4300,1,1,,POINT (-92.012868919976 42.64223400375)
2014819981,2014056856,10/04/2014,10-October,7-Saturday,09:30,0900 Hours,District 5 (Southeast),,DECATUR,,Co Rd R18/ELK CHAPEL RD,Non-collision events:  Overturn/rollover,Shoulder,Non-collision (single vehicle),Crossed centerline (undivided),None Indicated,,Daylight,Dry,Cloudy,None apparent,Non-intersection:  Non-junction/no special feature,Paved,,Property Damage Only,0,0,0,0,0,0,22500,1,1,,POINT (-93.957592352053 40.70132466779)
2014820020,2014-038425,10/04/2014,10-October,7-Saturday,16:50,1600 Hours,District 6 (East Central),DUBUQUE,DUBUQUE,,BEVERLY ST,Collision with:  Parked motor vehicle,On Roadway,"Sideswipe, same direction",Lost Control,Refused,,Daylight,Dry,Cloudy,None apparent,Non-intersection:  Non-junction/no special feature,Paved,,Property Damage Only,0,0,0,0,0,0,3500,2,1,,POINT (-90.704274326483 42.496803742634)
2014819809,W14-099312,10/04/2014,10-October,7-Saturday,00:09,0000 Hours,District 2 (Northeast),WATERLOO,BLACK HAWK,,CONGER ST & FAIRVIEW AVE,Collision with:  Vehicle in traffic,On Roadway,Broadside (front to side),Ran Stop Sign,Alcohol (< Statutory),,Dark - roadway lighted,Dry,Clear,None apparent,Intersection:  Four-way intersection,Paved,,Possible/Unknown,0,1,0,0,1,0,14300,3,2,,POINT (-92.347611368239 42.512119490763)
2014820327,14-008624,10/04/2014,10-October,7-Saturday,02:21,0200 Hours,District 6 (East Central),,DELAWARE,,Co Rd C64/160TH ST & 310TH AVE,Collision with fixed object:  Ditch,On Roadway,Non-collision (single vehicle),Swerving/Evasive Action,None Indicated,,Dark - roadway not lighted,Dry,Clear,None apparent,Non-intersection:  Non-junction/no special feature,Paved,,Property Damage Only,0,0,0,0,0,0,3500,1,1,,POINT (-91.193594917328 42.555130472854)
2014819872,20140029419,10/04/2014,10-October,7-Saturday,20:00,2000 Hours,District 1 (Central),DES MOINES,POLK,,PAYTON AVE,Collision with:  Parked motor vehicle,On Roadway,Rear-end (front to rear),Unknown,None Indicated,,Dark - roadway not lighted,Dry,Clear,None apparent,Non-intersection:  Non-junction/no special feature,Paved,,Property Damage Only,0,0,0,0,0,0,2500,2,1,,POINT (-93.624350424218 41.530108394668)
2014820562,2014056883,10/04/2014,10-October,7-Saturday,12:05,1200 Hours,District 5 (Southeast),,KEOKUK,IA 149,IA 149/IOWA 149,Collision with:  Vehicle in traffic,On Roadway,Broadside (front to side),FTYROW:  From driveway,None Indicated,,Daylight,Dry,Clear,None apparent,Non-intersection:  Driveway access (within),Paved,,Property Damage Only,0,0,0,0,0,0,7500,2,4,,POINT (-92.41024129576 41.172751302697)
2014820018,2014-038414,10/04/2014,10-October,7-Saturday,09:50,0900 Hours,District 6 (East Central),DUBUQUE,DUBUQUE,,HOLLIDAY DR,Collision with:  Vehicle in traffic,On Roadway,Rear-end (front to rear),Lost Control,None Indicated,,Daylight,Dry,Cloudy,None apparent,Non-intersection:  Non-junction/no special feature,Paved,,Property Damage Only,0,0,0,0,0,0,6500,2,2,,POINT (-90.742709245422 42.514578500129)
2014822642,2014-70069,10/04/2014,10-October,7-Saturday,10:37,1000 Hours,District 6 (East Central),DAVENPORT,SCOTT,,HICKORY GROVE RD,Non-collision events:  Other non-collision (explain in narrative),On Roadway,Non-collision (single vehicle),Equipment failure,None Indicated,,Daylight,Dry,Cloudy,None apparent,Non-intersection:  Non-junction/no special feature,Paved,,Minor Injury,0,1,0,1,0,0,2000,1,1,,POINT (-90.605299976066 41.541422431868)
2014819907,20140029377,10/04/2014,10-October,7-Saturday,09:20,0900 Hours,District 1 (Central),DES MOINES,POLK,,E THORNTON AVE & SE 5TH ST,Collision with:  Vehicle in traffic,On Roadway,Broadside (front to side),FTYROW:  From stop sign,None Indicated,,Daylight,Dry,Clear,None apparent,Intersection:  Four-way intersection,Paved,,Minor Injury,0,1,0,1,0,0,8000,2,2,,POINT (-93.606517298268 41.550992745887)
2014821355,14-004563,10/04/2014,10-October,7-Saturday,22:50,2200 Hours,District 3 (Northwest),DOON,LYON,,HUBBARD AVE,Collision with:  Vehicle in traffic,On Roadway,Broadside (front to side),FTYROW:  At uncontrolled intersection,None Indicated,,Dark - roadway lighted,Dry,Cloudy,None apparent,Non-intersection:  Alley,Paved,,Possible/Unknown,0,1,0,0,1,0,3000,2,5,,POINT (-96.232880636994 43.278753914437)
2014820561,2014056874,10/04/2014,10-October,7-Saturday,12:00,1200 Hours,District 4 (Southwest),NEOLA,POTTAWATTAMIE,I-80,I-80,Collision with:  Animal,,,Animal,None Indicated,,,,,,,Paved,,Property Damage Only,0,0,0,0,0,0,10000,1,1,,POINT (-95.686601005824 41.365515858609)
2014820157,,10/04/2014,10-October,7-Saturday,09:05,0900 Hours,District 4 (Southwest),AUDUBON,AUDUBON,,SOUTH ST & 2ND AVE,Collision with:  Vehicle in traffic,On Roadway,Broadside (front to side),FTYROW:  From stop sign,None Indicated,,Daylight,Dry,Clear,None apparent,Intersection:  Four-way intersection,Paved,,Minor Injury,0,2,0,1,1,0,7000,2,3,,POINT (-94.924714162801 41.719848377148)
2014819856,14-6523,10/04/2014,10-October,7-Saturday,13:11,1300 Hours,District 1 (Central),,POLK,,Co Rd F52/NE 46TH AVE & NE 34TH ST,Collision with:  Vehicle in traffic,On Roadway,Rear-end (front to rear),Other (explain in narrative):  Other,None Indicated,,Daylight,Dry,Cloudy,None apparent,Non-intersection:  Non-junction/no special feature,Paved,,Property Damage Only,0,0,0,0,0,0,4500,2,2,,POINT (-93.550314801806 41.643987086367)
2014820311,2014-70126,10/04/2014,10-October,7-Saturday,17:27,1700 Hours,District 6 (East Central),DAVENPORT,SCOTT,,W LOCUST ST & WISCONSIN AVE,Collision with:  Vehicle in traffic,On Roadway,Broadside (front to side),FTYROW:  From stop sign,None Indicated,,Daylight,Dry,Cloudy,None apparent,Intersection:  Other intersection (explain in narrative),Paved,,Possible/Unknown,0,1,0,0,1,0,5500,2,3,,POINT (-90.649231577308 41.538213437656)
2014820029,14-042262,10/04/2014,10-October,7-Saturday,07:00,0700 Hours,District 4 (Southwest),COUNCIL BLUFFS,POTTAWATTAMIE,,GLENVIEW DR,Collision with:  Parked motor vehicle,On Roadway,Rear-end (front to rear),Unknown,None Indicated,,Dawn,Dry,Cloudy,None apparent,Non-intersection:  Non-junction/no special feature,Paved,,Property Damage Only,0,0,0,0,0,0,2500,2,1,,POINT (-95.912073360518 41.268793860111)
2014819826,143047,10/04/2014,10-October,7-Saturday,23:35,2300 Hours,District 3 (Northwest),,CRAWFORD,US 30,US 30 & Co Rd M38/ROCKY RUN,Collision with:  Animal,,,Animal,None Indicated,,,,,,,Paved,,Property Damage Only,0,0,0,0,0,0,8500,1,1,,POINT (-95.270858297403 42.029289131402)
2014820784,201414848,10/04/2014,10-October,7-Saturday,21:23,2100 Hours,District 6 (East Central),CEDAR RAPIDS,LINN,,20TH AVE SW,Collision with:  Parked motor vehicle,On Roadway,Head-on (front to front),Lost Control,None Indicated,,Dark - roadway lighted,Dry,Clear,None apparent,Non-intersection:  Non-junction/no special feature,Paved,,Possible/Unknown,0,1,0,0,1,0,18000,3,1,,POINT (-91.720900247973 41.960159860392)
2014821310,2014-70112,10/04/2014,10-October,7-Saturday,16:14,1600 Hours,District 6 (East Central),DAVENPORT,SCOTT,,E LOCUST ST & WALLING CT,Collision with:  Parked motor vehicle,On Roadway,"Sideswipe, same direction",Lost Control,None Indicated,,Daylight,Dry,Cloudy,None apparent,Non-intersection:  Non-junction/no special feature,Paved,,Property Damage Only,0,0,0,0,0,0,1500,2,1,,POINT (-90.565799184438 41.53825993568)
2014820488,14-004675,10/04/2014,10-October,7-Saturday,17:33,1700 Hours,District 1 (Central),AMES,STORY,,LINCOLN WAY & S DAKOTA AVE & N DAKOTA AVE,Collision with:  Vehicle in traffic,On Roadway,"Sideswipe, opposite direction",FTYROW:  Making left turn,None Indicated,,Daylight,Dry,Cloudy,None apparent,Intersection:  Four-way intersection,Paved,,Possible/Unknown,0,1,0,0,1,0,5000,2,4,,POINT (-93.678745386878 42.02296660311)
2014819938,14-32933,10/04/2014,10-October,7-Saturday,12:03,1200 Hours,District 3 (Northwest),SIOUX CITY,WOODBURY,IA 12,IA 12/RIVERSIDE BLVD & WAR EAGLE DR & COUNCIL OAKS DR,Collision with:  Vehicle in traffic,On Roadway,"Angle, oncoming left turn",Made improper turn,None Indicated,,Daylight,Dry,Cloudy,None apparent,Intersection:  Four-way intersection,Paved,,Property Damage Only,0,0,0,0,0,0,2500,2,4,,POINT (-96.467429394079 42.496629045817)
2014821054,2014-70127,10/04/2014,10-October,7-Saturday,17:38,1700 Hours,District 6 (East Central),DAVENPORT,SCOTT,US 6,US 6/E KIMBERLY RD & IA 461/BRADY ST,Collision with:  Vehicle in traffic,On Roadway,Rear-end (front to rear),Lost Control,None Indicated,,Daylight,Dry,Clear,None apparent,Non-intersection:  Non-junction/no special feature,Paved,,Possible/Unknown,0,1,0,0,1,0,0,2,5,,POINT (-90.568210265625 41.560277558189)
2014819925,14-012107,10/04/2014,10-October,7-Saturday,01:58,0100 Hours,District 1 (Central),GLADBROOK,TAMA,,2ND ST,Collision with:  Parked motor vehicle,On Roadway,Rear-end (front to rear),Crossed centerline (undivided),Alcohol (Statutory),,Dark - roadway lighted,Dry,Cloudy,None apparent,Non-intersection:  Non-junction/no special feature,Paved,,Property Damage Only,0,0,0,0,0,0,3500,2,777,,POINT (-92.717210690351 42.187687553909)