Iowa DOT Case Number,Law Enforcement Case Number,Date of Crash,Month of Crash,Day of Week,Time of Crash,Hour,DOT District,City Name,County Name,Route with System,Location Description,First Harmful Event,Location of First Harmful Event,Manner of Crash/Collision,Major Cause,Drug or Alcohol ,Environmental Conditions,Light Conditions,Surface Conditions,Weather Conditions,Roadway Contribution,Roadway Type,Roadway Surface,Work Zone,Crash Severity,Number of Fatalities,Number of Injuries,Number of Major Injuries,Number of Minor Injuries,Number of Possible Injuries,Number of Unknown Injuries,Amount of Property Damage,Number of Vehicles Involved,Total Number of Occupants,Travel Direction,Location
2014820794,201414955,10/07/2014,10-October,3-Tuesday,12:09,1200 Hours,District 6 (East Central),CEDAR RAPIDS,LINN,,5TH AVE SE & 7TH ST SE,Collision with:  Vehicle in traffic,On Roadway,Broadside (front to side),FTYROW:  From stop sign,None Indicated,,Daylight,Dry,Cloudy,None apparent,Intersection:  Four-way intersection,Paved,,Property Damage Only,0,0,0,0,0,0,1500,2,2,,POINT (-91.659698024926 41.978537246952)
2014820482,14-002308,10/07/2014,10-October,3-Tuesday,17:01,1700 Hours,District 1 (Central),ALTOONA,POLK,,8TH ST SW & 34TH AVE SW,Collision with:  Vehicle in traffic,On Roadway,"Sideswipe, opposite direction",FTYROW:  Making left turn,None Indicated,,Daylight,Dry,Cloudy,None apparent,Intersection:  Four-way intersection,Paved,,Property Damage Only,0,0,0,0,0,0,6000,2,3,,POINT (-93.503172649474 41.644131058924)
2014830484,,10/07/2014,10-October,3-Tuesday,11:26,1100 Hours,District 2 (Northeast),CLEAR LAKE,CERRO GORDO,,N 24TH ST,Collision with:  Vehicle in traffic,On Roadway,"Sideswipe, same direction",Improper or erratic lane changing,None Indicated,,Daylight,Dry,Clear,None apparent,Non-intersection:  Non-junction/no special feature,Paved,,Property Damage Only,0,0,0,0,0,0,3500,2,2,,POINT (-93.359427582272 43.145795165895)
2014820576,14-20377,10/07/2014,10-October,3-Tuesday,15:47,1500 Hours,District 6 (East Central),,SCOTT,US 61,US 61/140 ST & Co Rd Y48/110 AVE,Collision with:  Vehicle in traffic,On Roadway,Rear-end (front to rear),Followed too close,None Indicated,,Daylight,Dry,Clear,None apparent,Intersection:  Four-way intersection,Paved,,Possible/Unknown,0,1,0,0,1,0,3500,2,2,,POINT (-90.688337943601 41.50848354221)
2014820793,201414949,10/07/2014,10-October,3-Tuesday,08:03,0800 Hours,District 6 (East Central),CEDAR RAPIDS,LINN,,MOUNT VERNON RD SE & MEMORIAL DR SE,Collision with:  Vehicle in traffic,On Roadway,Rear-end (front to rear),Lost Control,None Indicated,,Daylight,Dry,Clear,None apparent,Non-intersection:  Non-junction/no special feature,Paved,,Property Damage Only,0,0,0,0,0,0,9400,3,3,,POINT (-91.628216728636 41.976940452732)
2014821127,14-031224,10/07/2014,10-October,3-Tuesday,19:10,1900 Hours,District 5 (Southeast),,LEE,,340 ST,Collision with:  Animal,,,Animal,None Indicated,,,,,,,Unpaved,,Property Damage Only,0,0,0,0,0,0,2500,1,1,,POINT (-91.529354274482 40.466843816878)
2014821578,,10/07/2014,10-October,3-Tuesday,15:50,1500 Hours,District 6 (East Central),CEDAR RAPIDS,LINN,,5TH AVE SE & 7TH ST SE,Collision with:  Vehicle in traffic,On Roadway,Unknown,Unknown,None Indicated,,Daylight,Dry,Clear,,Intersection:  Four-way intersection,Paved,,Property Damage Only,0,0,0,0,0,0,2200,2,4,,POINT (-91.659674645373 41.97850094775)
2014820447,14021062,10/07/2014,10-October,3-Tuesday,08:04,0800 Hours,District 6 (East Central),MARION,LINN,,Co Rd W58/ALBURNETT RD,Collision with:  Vehicle in traffic,On Roadway,Rear-end (front to rear),Followed too close,None Indicated,,Daylight,Dry,Clear,None apparent,Non-intersection:  Driveway access (within),Paved,,Possible/Unknown,0,1,0,0,1,0,9000,2,3,,POINT (-91.619032916056 42.069514727395)
2014820497,891406612,10/07/2014,10-October,3-Tuesday,07:30,0700 Hours,District 5 (Southeast),,VAN BUREN,,Co Rd V56/RTE V56,Collision with fixed object:  Bridge overhead structure,On Roadway,Non-collision (single vehicle),Crossed centerline (undivided),None Indicated,,Daylight,Wet,Cloudy,"Surface condition (e.g., wet, icy)",Non-intersection:  Non-junction/no special feature,Paved,,Minor Injury,0,1,0,1,0,0,8500,1,2,,POINT (-92.145642884106 40.692540765868)
2014822150,,10/07/2014,10-October,3-Tuesday,18:15,1800 Hours,District 2 (Northeast),,ALLAMAKEE,,Co Rd X42/LANSING HARPERS RD,Collision with:  Animal,On Roadway,Non-collision (single vehicle),Animal,None Indicated,,Dusk,Wet,Rain,,Non-intersection:  Non-junction/no special feature,Paved,,Property Damage Only,0,0,0,0,0,0,1500,1,2,,POINT (-91.228525431785 43.276608489206)
2014820264,14-5002,10/07/2014,10-October,3-Tuesday,12:46,1200 Hours,District 1 (Central),WEST DES MOINES,POLK,,RAILROAD AVE & 8TH ST,Collision with:  Vehicle in traffic,On Roadway,"Sideswipe, same direction",FTYROW:  Other (explain in narrative),None Indicated,,Daylight,Dry,Clear,None apparent,Non-intersection:  Non-junction/no special feature,Paved,,Property Damage Only,0,0,0,0,0,0,15000,2,2,,POINT (-93.713044010217 41.569657083008)
2014820647,14017666,10/07/2014,10-October,3-Tuesday,19:19,1900 Hours,District 2 (Northeast),MASON CITY,CERRO GORDO,,43RD ST SW,Collision with:  Vehicle in traffic,On Roadway,Rear-end (front to rear),FTYROW:  From parked position,None Indicated,,Dark - roadway lighted,Dry,Clear,None apparent,Non-intersection:  Non-junction/no special feature,Paved,,Property Damage Only,0,0,0,0,0,0,3000,2,3,,POINT (-93.23071516778 43.112079636014)
2014820670,14-2243,10/07/2014,10-October,3-Tuesday,17:17,1700 Hours,District 1 (Central),URBANDALE,POLK,,MEREDITH DR,Collision with:  Vehicle in traffic,On Roadway,Rear-end (front to rear),Followed too close,None Indicated,,Daylight,Dry,Clear,None apparent,Non-intersection:  Non-junction/no special feature,Paved,,Property Damage Only,0,0,0,0,0,0,2800,3,3,,POINT (-93.770864478665 41.643989588992)
2014820478,14-2241,10/07/2014,10-October,3-Tuesday,08:40,0800 Hours,District 1 (Central),URBANDALE,POLK,,86TH ST,Collision with:  Vehicle in traffic,On Roadway,Rear-end (front to rear),Followed too close,None Indicated,,Daylight,Dry,Clear,None apparent,Intersection:  Four-way intersection,Paved,,Property Damage Only,0,0,0,0,0,0,14000,2,2,,POINT (-93.736548553526 41.630514731187)
2014820790,2014149086,10/07/2014,10-October,3-Tuesday,16:40,1600 Hours,District 6 (East Central),CEDAR RAPIDS,LINN,,MARION BLVD & TAMA ST SE,Collision with:  Vehicle in traffic,On Roadway,Broadside (front to side),FTYROW:  From stop sign,None Indicated,,Daylight,Dry,Cloudy,None apparent,Intersection:  T-intersection,Paved,,Minor Injury,0,3,0,3,0,0,10000,2,4,,POINT (-91.619256706987 42.026827472811)
2014822969,14042496,10/07/2014,10-October,3-Tuesday,08:30,0800 Hours,District 5 (Southeast),,MUSCATINE,,112TH ST,Collision with fixed object:  Culvert/pipe opening,Shoulder,Non-collision (single vehicle),Ran off road - right,None Indicated,,Daylight,Dry,Other (explain in narrative),None apparent,Non-intersection:  Non-junction/no special feature,Paved,,Property Damage Only,0,0,0,0,0,0,2100,1,1,,POINT (-91.076849905225 41.574093398633)
2014821063,2014-70769,10/07/2014,10-October,3-Tuesday,19:18,1900 Hours,District 6 (East Central),DAVENPORT,SCOTT,US 6,US 6/E KIMBERLY RD & IA 461/BRADY ST,Collision with:  Vehicle in traffic,On Roadway,"Sideswipe, same direction",Improper or erratic lane changing,None Indicated,,Dark - roadway lighted,Dry,Clear,None apparent,Non-intersection:  Non-junction/no special feature,Paved,,Possible/Unknown,0,2,0,0,2,0,3500,2,3,,POINT (-90.568210265625 41.560277558189)
2014820509,2014011212,10/07/2014,10-October,3-Tuesday,13:26,1300 Hours,District 6 (East Central),IOWA CITY,JOHNSON,,MORMON TREK BLVD & MELROSE AVE,Collision with:  Vehicle in traffic,On Roadway,Head-on (front to front),Ran Traffic Signal,None Indicated,,Daylight,Dry,Cloudy,None apparent,Intersection:  Four-way intersection,Paved,,Property Damage Only,0,0,0,0,0,0,6000,2,2,,POINT (-91.573898847626 41.656938952074)
2014821493,14-001160,10/07/2014,10-October,3-Tuesday,15:35,1500 Hours,District 1 (Central),,STORY,,GRANT AVE,Collision with fixed object:  Ditch,On Roadway,Non-collision (single vehicle),Swerving/Evasive Action,None Indicated,,Daylight,Dry,Clear,"Surface condition (e.g., wet, icy)",Non-intersection:  Non-junction/no special feature,Unpaved,,Possible/Unknown,0,1,0,0,1,0,5000,1,1,,POINT (-93.640004258355 42.083974190722)
2014820717,1408484,10/07/2014,10-October,3-Tuesday,18:17,1800 Hours,District 5 (Southeast),WASHINGTON,WASHINGTON,IA 1,IA 1/W MADISON ST & IA 92,Collision with:  Vehicle in traffic,On Roadway,"Angle, oncoming left turn",Made improper turn,None Indicated,,Dusk,Dry,Clear,None apparent,Intersection:  T-intersection,Paved,,Property Damage Only,0,0,0,0,0,0,2500,2,2,,POINT (-91.707985461265 41.296624203463)
2014820226,14-042729,10/07/2014,10-October,3-Tuesday,07:00,0700 Hours,District 4 (Southwest),COUNCIL BLUFFS,POTTAWATTAMIE,,AVE B,Collision with:  Parked motor vehicle,On Roadway,Rear-end (front to rear),Swerving/Evasive Action,Drug,,Dawn,Dry,Cloudy,None apparent,Non-intersection:  Non-junction/no special feature,Paved,,Possible/Unknown,0,1,0,0,1,0,7000,2,777,,POINT (-95.882808114385 41.26373992529)
2014820752,2014057189,10/07/2014,10-October,3-Tuesday,02:58,0200 Hours,District 6 (East Central),,JOHNSON,I-380,I-380,Non-collision events:  Overturn/rollover,Shoulder,Non-collision (single vehicle),Ran off road - left,None Indicated,,Dark - roadway not lighted,Dry,Clear,None apparent,Non-intersection:  Non-junction/no special feature,Paved,,Property Damage Only,0,0,0,0,0,0,10000,1,1,,POINT (-91.654714519468 41.819387180498)
2014823796,GP20140826,10/07/2014,10-October,3-Tuesday,15:18,1500 Hours,District 1 (Central),GRINNELL,POWESHIEK,IA 146,IA 146/WEST ST & WASHINGTON AVE,Collision with:  Non-motorist (see non-motorist section - NOT a unit),On Roadway,Non-collision (single vehicle),Other (explain in narrative):  No improper action,None Indicated,,Daylight,Dry,Clear,None apparent,Intersection:  Four-way intersection,Paved,,Minor Injury,0,1,0,1,0,0,300,1,1,,POINT (-92.727329950504 41.735980172438)
2014820479,14-0881,10/07/2014,10-October,3-Tuesday,07:45,0700 Hours,District 1 (Central),WINDSOR HEIGHTS,POLK,I-235,I-235,Collision with:  Vehicle in traffic,On Roadway,Rear-end (front to rear),Other (explain in narrative):  Vision obstructed,None Indicated,,Dawn,Dry,Clear,None apparent,Non-intersection:  Non-junction/no special feature,Paved,,Property Damage Only,0,0,0,0,0,0,1800,2,2,,POINT (-93.718283987339 41.593340531797)
2014820379,,10/07/2014,10-October,3-Tuesday,06:20,0600 Hours,District 5 (Southeast),,LUCAS,US 34,US 34,Collision with:  Animal,On Roadway,Non-collision (single vehicle),Animal,None Indicated,,Dark - roadway not lighted,Dry,Clear,None apparent,Non-intersection:  Non-junction/no special feature,Paved,,Property Damage Only,0,0,0,0,0,0,15000,1,1,,POINT (-93.150379888475 41.000946310841)
2014821062,2014-70764,10/07/2014,10-October,3-Tuesday,18:43,1800 Hours,District 6 (East Central),DAVENPORT,SCOTT,US 67,US 67/E RIVER DR,Collision with:  Vehicle in traffic,On Roadway,"Sideswipe, same direction",FTYROW:  Other (explain in narrative),None Indicated,,Dark - roadway lighted,Dry,Cloudy,None apparent,Non-intersection:  Non-junction/no special feature,Paved,,Possible/Unknown,0,1,0,0,1,0,2250,2,2,,POINT (-90.555378122396 41.527555296071)
2014821064,2014-70789,10/07/2014,10-October,3-Tuesday,20:56,2000 Hours,District 6 (East Central),DAVENPORT,SCOTT,,IA 461/WELCOME WAY & W 37TH ST & MAIN ST,Collision with:  Vehicle in traffic,On Roadway,Rear-end (front to rear),Other (explain in narrative):  Other,None Indicated,,Dark - roadway lighted,Dry,Cloudy,None apparent,Intersection:  Four-way intersection,Paved,,Property Damage Only,0,0,0,0,0,0,1500,2,4,,POINT (-90.574882896623 41.558527223219)
2014820575,14-5010,10/07/2014,10-October,3-Tuesday,17:24,1700 Hours,District 1 (Central),WEST DES MOINES,POLK,,ASHWORTH RD & 39TH ST,Collision with:  Vehicle in traffic,On Roadway,"Angle, oncoming left turn",FTYROW:  Making left turn,None Indicated,,Daylight,Dry,Clear,None apparent,Intersection:  Four-way intersection,Paved,,Property Damage Only,0,0,0,0,0,0,4000,2,5,,POINT (-93.756530359827 41.584700487976)
2014820572,2014057203,10/07/2014,10-October,3-Tuesday,07:16,0700 Hours,District 3 (Northwest),LARCHWOOD,LYON,IA 9,IA 9/IOWA 9/HOLDER ST & CHERRY AVE,Non-collision events:  Other non-collision (explain in narrative),Shoulder,Non-collision (single vehicle),FTYROW:  From stop sign,None Indicated,,Dawn,Dry,Clear,None apparent,Intersection:  Four-way intersection,Paved,,Minor Injury,0,1,0,1,0,0,12000,2,2,,POINT (-96.446866527921 43.45451519086)
2014823056,14-015776,10/07/2014,10-October,3-Tuesday,17:49,1700 Hours,District 2 (Northeast),CHARLES CITY,FLOYD,,9TH AVE,Collision with:  Parked motor vehicle,On Roadway,"Sideswipe, same direction",Lost Control,None Indicated,,Daylight,Dry,Clear,None apparent,Non-intersection:  Non-junction/no special feature,Paved,,Minor Injury,0,1,0,1,0,0,1500,2,1,,POINT (-92.661939844552 43.070975470097)
2014820498,14-33244,10/07/2014,10-October,3-Tuesday,10:44,1000 Hours,District 3 (Northwest),SIOUX CITY,WOODBURY,,STONE PARK BLVD & DOUGLAS ST,Collision with:  Vehicle in traffic,On Roadway,Broadside (front to side),FTYROW:  From stop sign,None Indicated,,Daylight,Dry,Clear,None apparent,Intersection:  Four-way intersection,Paved,,Possible/Unknown,0,2,0,0,2,0,6000,2,2,,POINT (-96.406665205016 42.519055722219)
2014820170,1410072711,10/07/2014,10-October,3-Tuesday,07:35,0700 Hours,District 6 (East Central),,CLINTON,,210 ST,Collision with fixed object:  Ditch,On Roadway,Non-collision (single vehicle),Crossed centerline (undivided),None Indicated,,Daylight,Dry,Clear,None apparent,Non-intersection:  Non-junction/no special feature,Unpaved,,Possible/Unknown,0,3,0,0,3,0,10000,1,3,,POINT (-90.344963470608 41.873644267251)
2014820365,14-01004,10/07/2014,10-October,3-Tuesday,07:57,0700 Hours,District 1 (Central),TOLEDO,TAMA,,BUSINESS US 30 & BROADWAY ST,Collision with:  Vehicle in traffic,On Roadway,Broadside (front to side),FTYROW:  From stop sign,None Indicated,,Daylight,Dry,Clear,None apparent,Intersection:  Four-way intersection,Paved,,Property Damage Only,0,0,0,0,0,0,9000,2,2,,POINT (-92.578434760728 41.985479756743)
2014820619,14-6989,10/07/2014,10-October,3-Tuesday,13:19,1300 Hours,District 2 (Northeast),ALGONA,KOSSUTH,US 18,US 18 & 100 AVE,Collision with:  Vehicle in traffic,On Roadway,Rear-end (front to rear),Crossed centerline (undivided),None Indicated,,Daylight,Dry,Clear,None apparent,Non-intersection:  Non-junction/no special feature,Paved,,Minor Injury,0,1,0,1,0,0,8000,2,2,,POINT (-94.266290644442 43.082883325178)
2014820744,J14071921,10/07/2014,10-October,3-Tuesday,19:21,1900 Hours,District 2 (Northeast),,FRANKLIN,US 65,US 65,Collision with:  Animal,,,Animal,None Indicated,,,,,,,Paved,,Property Damage Only,0,0,0,0,0,0,1500,1,1,,POINT (-93.202227418893 42.84349273945)
2014820631,100714-201,10/07/2014,10-October,3-Tuesday,20:47,2000 Hours,District 3 (Northwest),ALTA,BUENA VISTA,,Co Rd C49/590TH ST,Collision with:  Animal,,,Animal,None Indicated,,,,,,,Paved,,Property Damage Only,0,0,0,0,0,0,4000,1,1,,POINT (-95.065034854767 42.661740198159)
2014820874,2014-013131,10/07/2014,10-October,3-Tuesday,20:31,2000 Hours,District 6 (East Central),CASCADE,DUBUQUE,US 151,US 151,Collision with:  Animal,,,Animal,None Indicated,,,,,,,Paved,,Property Damage Only,0,0,0,0,0,0,4500,1,1,,POINT (-90.928092820463 42.317628897417)
2014821414,14-004716,10/07/2014,10-October,3-Tuesday,16:04,1600 Hours,District 1 (Central),AMES,STORY,,LINCOLN WAY,Collision with:  Vehicle in traffic,On Roadway,"Sideswipe, same direction",Driving too fast for conditions,None Indicated,,Daylight,Dry,Clear,None apparent,Non-intersection:  Non-junction/no special feature,Paved,,Property Damage Only,0,0,0,0,0,0,2500,2,3,,POINT (-93.667546879648 42.022843140291)
2014820465,20140029730,10/07/2014,10-October,3-Tuesday,16:35,1600 Hours,District 1 (Central),DES MOINES,POLK,US 69,US 69/E 14TH ST,Collision with:  Vehicle in traffic,On Roadway,Rear-end (front to rear),Followed too close,None Indicated,,Daylight,Dry,Clear,None apparent,Non-intersection:  Non-junction/no special feature,Paved,,Possible/Unknown,0,1,0,0,1,0,2400,3,5,,POINT (-93.59817113563 41.593830055952)
2014820467,20140029736,10/07/2014,10-October,3-Tuesday,17:49,1700 Hours,District 1 (Central),DES MOINES,POLK,,AURORA AVE & 50TH ST,Collision with:  Vehicle in traffic,On Roadway,Broadside (front to side),FTYROW:  From stop sign,None Indicated,,Dusk,Dry,Clear,None apparent,Intersection:  Four-way intersection,Paved,,Property Damage Only,0,0,0,0,0,0,3400,2,3,,POINT (-93.687836579896 41.636725236117)
2014820775,PD1408881,10/07/2014,10-October,3-Tuesday,09:38,0900 Hours,District 5 (Southeast),FAIRFIELD,JEFFERSON,,N MAIN ST,Collision with:  Vehicle in traffic,On Roadway,Head-on (front to front),FTYROW:  From parked position,None Indicated,,Daylight,Dry,Clear,None apparent,Non-intersection:  Non-junction/no special feature,Paved,,Property Damage Only,0,0,0,0,0,0,2000,2,3,,POINT (-91.963770095606 41.007736857354)
2014821125,14-008797,10/07/2014,10-October,3-Tuesday,14:41,1400 Hours,District 4 (Southwest),ATLANTIC,CASS,,6TH ST & WALNUT ST,Collision with:  Vehicle in traffic,On Roadway,"Angle, oncoming left turn",FTYROW:  From stop sign,None Indicated,,Daylight,Dry,Clear,None apparent,Intersection:  Four-way intersection,Paved,,Property Damage Only,0,0,0,0,0,0,3700,2,2,,POINT (-95.011596409845 41.404972241912)
2014820466,20140029731,10/07/2014,10-October,3-Tuesday,15:31,1500 Hours,District 1 (Central),DES MOINES,POLK,I-235,I-235 & 7TH ST,Collision with:  Vehicle in traffic,On Roadway,Rear-end (front to rear),Followed too close,None Indicated,,Daylight,Dry,Clear,None apparent,Interchange-related:  On-ramp merge area,Paved,,Property Damage Only,0,0,0,0,0,0,3500,3,3,,POINT (-93.626878978881 41.595802816851)
2014820776,PD1408888,10/07/2014,10-October,3-Tuesday,12:12,1200 Hours,District 5 (Southeast),FAIRFIELD,JEFFERSON,,E WASHINGTON AVE & S COURT ST,Collision with:  Non-motorist (see non-motorist section - NOT a unit),On Roadway,Non-collision (single vehicle),Separation of units,None Indicated,,Daylight,Dry,Clear,None apparent,Intersection:  Four-way intersection,Paved,,Minor Injury,0,1,0,1,0,0,1500,1,1,,POINT (-91.962459183617 41.005644212029)
2014820457,20140029707,10/07/2014,10-October,3-Tuesday,09:30,0900 Hours,District 1 (Central),DES MOINES,POLK,,SW 3RD ST,Collision with:  Other non-fixed object (explain in narrative),On Roadway,Non-collision (single vehicle),Other (explain in narrative):  Other,None Indicated,,Daylight,Dry,Cloudy,None apparent,Non-intersection:  Other non-intersection (explain in narrative),Paved,,Minor Injury,0,2,0,1,1,0,150,2,3,,POINT (-93.617758244652 41.578026831272)
2014820196,20140029656,10/07/2014,10-October,3-Tuesday,06:10,0600 Hours,District 1 (Central),DES MOINES,POLK,,12TH ST,Collision with:  Vehicle in traffic,On Roadway,Head-on (front to front),Traveling wrong way or on wrong side of road,None Indicated,,Dark - roadway lighted,Dry,Cloudy,None apparent,Non-intersection:  Non-junction/no special feature,Paved,,Possible/Unknown,0,1,0,0,1,0,4500,2,2,,POINT (-93.634475426044 41.632654669947)
2014821466,2014057309,10/07/2014,10-October,3-Tuesday,19:28,1900 Hours,District 1 (Central),,HAMILTON,US 69,US 69/LITTLE WALL LAKE RD,Non-collision events:  Other non-collision (explain in narrative),Roadside,Non-collision (single vehicle),Swerving/Evasive Action,None Indicated,,Dark - roadway not lighted,Dry,Clear,None apparent,Non-intersection:  Non-junction/no special feature,Paved,,Possible/Unknown,0,1,0,0,1,0,2000,1,1,,POINT (-93.643222045733 42.268144725132)
2014820477,14-2240,10/07/2014,10-October,3-Tuesday,08:09,0800 Hours,District 1 (Central),URBANDALE,POLK,,114TH ST,Collision with:  Vehicle in traffic,On Roadway,Rear-end (front to rear),Other (explain in narrative):  Other,None Indicated,,Daylight,Dry,Clear,None apparent,Non-intersection:  Non-junction/no special feature,Paved,,Property Damage Only,0,0,0,0,0,0,6500,2,2,,POINT (-93.775118837664 41.63927726847)
2014821230,2014057340,10/08/2014,10-October,4-Wednesday,06:40,0600 Hours,District 4 (Southwest),,POTTAWATTAMIE,I-80,I-80,Collision with:  Vehicle in traffic,On Roadway,"Sideswipe, same direction",Crossed centerline (undivided),None Indicated,,Dark - roadway not lighted,Dry,Cloudy,None apparent,Non-intersection:  Non-junction/no special feature,Paved,,Property Damage Only,0,0,0,0,0,0,3800,2,2,,POINT (-95.745052062653 41.328344154284)
2014821067,2014-70862,10/08/2014,10-October,4-Wednesday,07:57,0700 Hours,District 6 (East Central),DAVENPORT,SCOTT,,IA 461/BRADY ST & W 12TH ST,Collision with:  Vehicle in traffic,On Roadway,Broadside (front to side),FTYROW:  From stop sign,None Indicated,,Daylight,Dry,Clear,None apparent,Intersection:  Four-way intersection,Paved,,Property Damage Only,0,0,0,0,0,0,11000,3,4,,POINT (-90.574031223665 41.531931365313)
2014820612,201404705,10/08/2014,10-October,4-Wednesday,06:50,0600 Hours,District 1 (Central),,BOONE,,G AVE & 320TH ST,Collision with:  Vehicle in traffic,On Roadway,Broadside (front to side),FTYROW:  At uncontrolled intersection,None Indicated,,Dawn,Dry,Clear,None apparent,Intersection:  Four-way intersection,Unpaved,,Property Damage Only,0,0,0,0,0,0,7500,2,3,,POINT (-94.047990632204 41.892169662641)
2014821329,,10/08/2014,10-October,4-Wednesday,18:05,1800 Hours,District 1 (Central),DES MOINES,POLK,US 6,US 6/DOUGLAS AVE/EUCLID AVE & MLK JR PKWY,Collision with:  Vehicle in traffic,On Roadway,Broadside (front to side),Ran Traffic Signal,None Indicated,,Dusk,Dry,Cloudy,None apparent,Intersection:  Four-way intersection,Paved,,Possible/Unknown,0,1,0,0,1,0,5800,2,2,,POINT (-93.651426123348 41.627732011638)
2014820523,14-26794,10/08/2014,10-October,4-Wednesday,05:26,0500 Hours,District 1 (Central),NEWTON,JASPER,,LIBERTY AVE,Collision with:  Animal,,,Animal,None Indicated,,,,,,,Paved,,Property Damage Only,0,0,0,0,0,0,5000,1,1,,POINT (-92.994821829984 41.677838299964)
2014822710,14-042647,10/08/2014,10-October,4-Wednesday,16:45,1600 Hours,District 5 (Southeast),WEST LIBERTY,MUSCATINE,US 6,US 6/COLUMBUS ST & ELM ST,Collision with:  Vehicle in traffic,On Roadway,Head-on (front to front),Crossed centerline (undivided),Refused,,Daylight,Dry,Clear,None apparent,Non-intersection:  Driveway access (within),Paved,,Major Injury,0,2,1,1,0,0,13000,2,4,,POINT (-91.267031171992 41.582648269307)
2014820728,201403640,10/08/2014,10-October,4-Wednesday,19:35,1900 Hours,District 6 (East Central),,LINN,US 151,US 151 & IA 100/COLLINS RD SE & SECRIST RD,Collision with:  Animal,,,Animal,None Indicated,,,,,,,Paved,,Property Damage Only,0,0,0,0,0,0,4500,1,1,,POINT (-91.550211048314 42.019905720092)
2014820527,14-042940,10/08/2014,10-October,4-Wednesday,14:28,1400 Hours,District 4 (Southwest),COUNCIL BLUFFS,POTTAWATTAMIE,,4TH AVE & S 31ST ST,Collision with:  Vehicle in traffic,On Roadway,Broadside (front to side),FTYROW:  At uncontrolled intersection,None Indicated,,Daylight,Dry,Clear,None apparent,Intersection:  Four-way intersection,Paved,,Property Damage Only,0,0,0,0,0,0,6500,2,2,,POINT (-95.894157844414 41.258033139523)
2014820753,2014057365,10/08/2014,10-October,4-Wednesday,09:45,0900 Hours,District 4 (Southwest),AVOCA,POTTAWATTAMIE,I-80,I-80,Collision with:  Animal,,,Animal,None Indicated,,,,,,,Paved,,Property Damage Only,0,0,0,0,0,0,3000,1,1,,POINT (-95.34326144289 41.497621328709)
2014821364,1400000877,10/08/2014,10-October,4-Wednesday,16:15,1600 Hours,District 1 (Central),MARSHALLTOWN,MARSHALL,,Co Rd T29/WALLACE AVE & 170TH ST,Collision with:  Vehicle in traffic,On Roadway,"Sideswipe, opposite direction",FTYROW:  Making left turn,None Indicated,,Daylight,Dry,Clear,None apparent,Intersection:  Four-way intersection,Paved,,Property Damage Only,0,0,0,0,0,0,6000,2,2,,POINT (-92.82511704165 42.107457355817)
2014821273,S14-J0801,10/08/2014,10-October,4-Wednesday,08:00,0800 Hours,District 5 (Southeast),,CLARKE,US 34,US 34 & 297 AVE,Non-collision events:  Overturn/rollover,On Roadway,Non-collision (single vehicle),Animal,None Indicated,,Daylight,Dry,Clear,None apparent,Non-intersection:  Non-junction/no special feature,Paved,,Possible/Unknown,0,1,0,0,0,1,2500,1,1,,POINT (-93.638579563417 41.030389726564)
2014821295,14-15132,10/08/2014,10-October,4-Wednesday,07:50,0700 Hours,District 6 (East Central),,JACKSON,,MAQUOKETA CAVES,Collision with fixed object:  Tree,Shoulder,Non-collision (single vehicle),Swerving/Evasive Action,None Indicated,,Dark - unknown roadway lighting,Dry,Clear,None apparent,Non-intersection:  Non-junction/no special feature,Paved,,Minor Injury,0,1,0,1,0,0,6000,1,1,,POINT (-90.765804176927 42.119491004957)
2014820681,14-33329,10/08/2014,10-October,4-Wednesday,08:13,0800 Hours,District 3 (Northwest),SIOUX CITY,WOODBURY,,SEGER AVE,Collision with:  Vehicle in traffic,On Roadway,Head-on (front to front),Crossed centerline (undivided),None Indicated,,Daylight,Dry,Clear,None apparent,Non-intersection:  Non-junction/no special feature,Paved,,Possible/Unknown,0,1,0,0,1,0,4000,2,2,,POINT (-96.352492221745 42.460225736362)
2014821095,14-007715,10/08/2014,10-October,4-Wednesday,14:26,1400 Hours,District 4 (Southwest),PERRY,DALLAS,,MCKINLEY ST,Collision with:  Vehicle in traffic,On Roadway,Broadside (front to side),FTYROW:  Making left turn,None Indicated,,Daylight,Dry,Clear,None apparent,Non-intersection:  Driveway access (within),Paved,,Property Damage Only,0,0,0,0,0,0,2300,2,3,,POINT (-94.080681597407 41.842095629358)
2014820879,2014-038536,10/08/2014,10-October,4-Wednesday,16:11,1600 Hours,District 6 (East Central),DUBUQUE,DUBUQUE,,RADFORD RD,Collision with:  Vehicle in traffic,On Roadway,Rear-end (front to rear),Lost Control,None Indicated,,Daylight,Dry,Clear,None apparent,Non-intersection:  Driveway access (within),Paved,,Property Damage Only,0,0,0,0,0,0,7000,2,3,,POINT (-90.749874109202 42.502499343582)
2014820683,14-33341,10/08/2014,10-October,4-Wednesday,03:00,0300 Hours,District 3 (Northwest),SIOUX CITY,WOODBURY,,S CLINTON ST,Collision with:  Vehicle in traffic,On Roadway,Rear-end (front to rear),Other (explain in narrative):  Other,None Indicated,,Dark - roadway lighted,Dry,Clear,None apparent,Non-intersection:  Non-junction/no special feature,Paved,,Property Damage Only,0,0,0,0,0,0,1600,2,1,,POINT (-96.348298547266 42.471658180092)
2014820881,2014038521,10/08/2014,10-October,4-Wednesday,08:40,0800 Hours,District 6 (East Central),DUBUQUE,DUBUQUE,,HILL ST,Non-collision events:  Overturn/rollover,On Roadway,"Sideswipe, same direction",Ran off road - right,None Indicated,,Daylight,Dry,Clear,None apparent,Non-intersection:  Non-junction/no special feature,Paved,,Possible/Unknown,0,1,0,0,1,0,17000,2,1,,POINT (-90.672769256975 42.498761501911)