Iowa DOT Case Number,Law Enforcement Case Number,Date of Crash,Month of Crash,Day of Week,Time of Crash,Hour,DOT District,City Name,County Name,Route with System,Location Description,First Harmful Event,Location of First Harmful Event,Manner of Crash/Collision,Major Cause,Drug or Alcohol ,Environmental Conditions,Light Conditions,Surface Conditions,Weather Conditions,Roadway Contribution,Roadway Type,Roadway Surface,Work Zone,Crash Severity,Number of Fatalities,Number of Injuries,Number of Major Injuries,Number of Minor Injuries,Number of Possible Injuries,Number of Unknown Injuries,Amount of Property Damage,Number of Vehicles Involved,Total Number of Occupants,Travel Direction,Location
2014820663,20140029827,10/08/2014,10-October,4-Wednesday,13:47,1300 Hours,District 1 (Central),DES MOINES,POLK,,CARPENTER AVE & CUMMINS PKWY,Collision with:  Vehicle in traffic,On Roadway,Rear-end (front to rear),Other (explain in narrative):  No improper action,None Indicated,,Daylight,Dry,Clear,None apparent,Non-intersection:  Non-junction/no special feature,Paved,,Property Damage Only,0,0,0,0,0,0,8500,2,2,,POINT (-93.701501891911 41.602559462557)
2014820686,14-1610,10/08/2014,10-October,4-Wednesday,16:09,1600 Hours,District 1 (Central),,GREENE,IA 4,IA 4/140TH ST & Co Rd P29/N AVE,Non-collision events:  Other non-collision (explain in narrative),On Roadway,Non-collision (single vehicle),Other (explain in narrative):  Other,None Indicated,,Daylight,Dry,Cloudy,None apparent,Intersection:  Other intersection (explain in narrative),Paved,,Property Damage Only,0,0,0,0,0,0,3000,2,4,,POINT (-94.37814159881 42.149487975324)
2014820530,2014011250,10/08/2014,10-October,4-Wednesday,12:05,1200 Hours,District 6 (East Central),,JOHNSON,US 218,US 218,Non-collision events:  Overturn/rollover,On Roadway,Non-collision (single vehicle),Over correcting/over steering,None Indicated,,Daylight,Dry,Clear,None apparent,Non-intersection:  Non-junction/no special feature,Paved,,Minor Injury,0,1,0,1,0,0,8000,1,1,,POINT (-91.610204063552 41.665922274859)
2014821779,2014057344,10/08/2014,10-October,4-Wednesday,00:20,0000 Hours,District 1 (Central),ANKENY,POLK,I-35,I-35 & I-80,Collision with fixed object:  Ditch,Gore,Non-collision (single vehicle),FTYROW:  Other (explain in narrative),None Indicated,,Dark - roadway lighted,Dry,Clear,None apparent,Intersection:  Intersection with ramp,Paved,,Property Damage Only,0,0,0,0,0,0,2000,1,2,,POINT (-93.572269267126 41.652571798031)
2014822152,,10/08/2014,10-October,4-Wednesday,06:45,0600 Hours,District 6 (East Central),CEDAR RAPIDS,LINN,,,Collision with:  Vehicle in traffic,On Roadway,Rear-end (front to rear),Unknown,None Indicated,,Daylight,Dry,Clear,,Non-intersection:  Non-junction/no special feature,,,Property Damage Only,0,0,0,0,0,0,3000,2,3,,POINT (-96.643700149993 40.233091251414)
2014820474,20140029781,10/08/2014,10-October,4-Wednesday,07:56,0700 Hours,District 1 (Central),DES MOINES,POLK,I-235,I-235,Collision with:  Vehicle in traffic,On Roadway,"Sideswipe, same direction",Other (explain in narrative):  Other,None Indicated,,Daylight,Dry,Clear,None apparent,Non-intersection:  Non-junction/no special feature,Paved,,Property Damage Only,0,0,0,0,0,0,4000,2,2,,POINT (-93.607697674917 41.59506813119)
2014820471,20140029784,10/08/2014,10-October,4-Wednesday,08:11,0800 Hours,District 1 (Central),DES MOINES,POLK,I-235,I-235,Collision with:  Vehicle in traffic,On Roadway,Rear-end (front to rear),Followed too close,None Indicated,,Daylight,Dry,Clear,None apparent,Non-intersection:  Non-junction/no special feature,Paved,,Property Damage Only,0,0,0,0,0,0,5000,2,2,,POINT (-93.576557225228 41.61895356329)
2014821088,14-035987,10/08/2014,10-October,4-Wednesday,16:32,1600 Hours,District 5 (Southeast),WEST BURLINGTON,DES MOINES,,S GEAR AVE,Collision with:  Vehicle in traffic,On Roadway,Head-on (front to front),FTYROW:  Making left turn,None Indicated,,Daylight,Dry,Cloudy,None apparent,Intersection:  T-intersection,Paved,,Property Damage Only,0,0,0,0,0,0,3500,2,3,,POINT (-91.169881545315 40.823276807835)
2014820733,14-5027,10/08/2014,10-October,4-Wednesday,15:42,1500 Hours,District 1 (Central),WEST DES MOINES,POLK,,UNIVERSITY AVE,Collision with:  Vehicle in traffic,On Roadway,Rear-end (front to rear),Other (explain in narrative):  Other,None Indicated,,Daylight,Dry,Clear,None apparent,Non-intersection:  Non-junction/no special feature,Paved,,Possible/Unknown,0,1,0,0,1,0,5500,2,3,,POINT (-93.753762165975 41.600436259434)
2014820672,14-002319,10/08/2014,10-October,4-Wednesday,16:23,1600 Hours,District 1 (Central),ALTOONA,POLK,I-80,I-80,Collision with:  Vehicle in traffic,On Roadway,Rear-end (front to rear),Followed too close,None Indicated,,Daylight,Dry,Cloudy,None apparent,Interchange-related:  Off-ramp,Paved,,Property Damage Only,0,0,0,0,0,0,4000,2,2,,POINT (-93.464877208468 41.665576270552)
2014820626,W14-100713,10/08/2014,10-October,4-Wednesday,13:28,1300 Hours,District 2 (Northeast),WATERLOO,BLACK HAWK,,EASTON AVE & HAMMOND AVE,Collision with:  Vehicle in traffic,On Roadway,"Angle, oncoming left turn",FTYROW:  Making left turn,None Indicated,,Daylight,Dry,Clear,None apparent,Intersection:  Four-way intersection,Paved,,Property Damage Only,0,0,0,0,0,0,4000,2,2,,POINT (-92.337433628771 42.473047810255)
2014824287,,10/08/2014,10-October,4-Wednesday,14:55,1400 Hours,District 3 (Northwest),,CLAY,,Co Rd B24/350TH ST,Collision with fixed object:  Ditch,On Roadway,Non-collision (single vehicle),Exceeded authorized speed,None Indicated,,Daylight,Dry,Clear,None apparent,Non-intersection:  Railroad grade crossing,Paved,,Fatal,1,0,0,0,0,0,4000,1,1,,POINT (-95.101465151664 43.141834309986)
2014820470,20140029780,10/08/2014,10-October,4-Wednesday,07:53,0700 Hours,District 1 (Central),DES MOINES,POLK,,GRAND AVE,Collision with:  Vehicle in traffic,On Roadway,"Sideswipe, same direction",Swerving/Evasive Action,None Indicated,,Daylight,Dry,Clear,None apparent,Non-intersection:  Non-junction/no special feature,Paved,,Property Damage Only,0,0,0,0,0,0,4500,2,2,,POINT (-93.628833381551 41.587001071588)
2014820625,W14-100771,10/08/2014,10-October,4-Wednesday,16:03,1600 Hours,District 2 (Northeast),WATERLOO,BLACK HAWK,,E SAN MARNAN DR & SEARS ST,Collision with:  Vehicle in traffic,On Roadway,Broadside (front to side),Ran Traffic Signal,None Indicated,,Daylight,Dry,Clear,None apparent,Intersection:  Four-way intersection,Paved,,Property Damage Only,0,0,0,0,0,0,3000,2,3,,POINT (-92.323523313637 42.465653785408)
2014820777,14002233,10/08/2014,10-October,4-Wednesday,09:20,0900 Hours,District 6 (East Central),IOWA CITY,JOHNSON,,EVASHEVSKI DR,Collision with:  Vehicle in traffic,On Roadway,"Sideswipe, same direction",Improper Backing,None Indicated,,Daylight,Dry,Clear,None apparent,Non-intersection:  Non-junction/no special feature,Paved,,Property Damage Only,0,0,0,0,0,0,4000,2,3,,POINT (-91.551854192755 41.657221700358)
2014821870,S14-10322,10/08/2014,10-October,4-Wednesday,06:09,0600 Hours,District 3 (Northwest),SERGEANT BLUFF,WOODBURY,,235TH ST,Collision with fixed object:  Ditch,On Roadway,Non-collision (single vehicle),Swerving/Evasive Action,None Indicated,,Dark - roadway not lighted,"Mud, dirt",Clear,"Shoulders (none, low, soft, high)",Non-intersection:  Non-junction/no special feature,Unpaved,,Property Damage Only,0,0,0,0,0,0,10000,1,1,,POINT (-96.352235400839 42.36652229818)
2014820671,14-2249,10/08/2014,10-October,4-Wednesday,15:33,1500 Hours,District 1 (Central),URBANDALE,POLK,I-35,I-35,Collision with:  Vehicle in traffic,On Roadway,Rear-end (front to rear),Other (explain in narrative):  No improper action,None Indicated,,Daylight,Dry,Clear,None apparent,Non-intersection:  Non-junction/no special feature,Paved,,Property Damage Only,0,0,0,0,0,0,1550,2,2,,POINT (-93.765980439795 41.651354040529)
2014820771,14-35985,10/08/2014,10-October,4-Wednesday,15:55,1500 Hours,District 5 (Southeast),,DES MOINES,,Co Rd H40/PLEASANT GROVE RD & IOWA CITY RD,Collision with:  Vehicle in traffic,On Roadway,"Sideswipe, same direction",Driver Distraction:  Manual operation of an electronic communication device,None Indicated,,Daylight,Dry,Clear,None apparent,Intersection:  Four-way intersection,Paved,,Property Damage Only,0,0,0,0,0,0,5500,2,2,,POINT (-91.192084246431 40.972173788099)
2014820730,14-26813,10/08/2014,10-October,4-Wednesday,10:40,1000 Hours,District 1 (Central),NEWTON,JASPER,US 6,US 6/US 6/IOWA 14 & S 12TH AVE W,Collision with:  Vehicle in traffic,On Roadway,"Sideswipe, same direction",FTYROW:  Making right turn on red signal,None Indicated,,Daylight,Dry,Clear,None apparent,Intersection:  Four-way intersection,Paved,,Possible/Unknown,0,1,0,0,1,0,6000,2,2,,POINT (-93.077432840055 41.688341709471)
2014821419,14-004731,10/08/2014,10-October,4-Wednesday,14:44,1400 Hours,District 1 (Central),AMES,STORY,,LINCOLN WAY,Non-collision events:  Other non-collision (explain in narrative),On Roadway,Non-collision (single vehicle),Lost Control,None Indicated,,Daylight,"Mud, dirt",Clear,"Surface condition (e.g., wet, icy)",Non-intersection:  Non-junction/no special feature,Paved,,Possible/Unknown,0,1,0,0,1,0,2000,1,1,,POINT (-93.646021410317 42.022768164849)
2014821421,14-004733,10/08/2014,10-October,4-Wednesday,17:53,1700 Hours,District 1 (Central),AMES,STORY,,LINCOLN WAY,Collision with:  Vehicle in traffic,On Roadway,Rear-end (front to rear),Driving too fast for conditions,None Indicated,,Daylight,Dry,Clear,None apparent,Non-intersection:  Non-junction/no special feature,Paved,,Property Damage Only,0,0,0,0,0,0,2500,2,2,,POINT (-93.657411471334 42.022730513346)
2014820665,20140029846,10/08/2014,10-October,4-Wednesday,17:00,1700 Hours,District 1 (Central),DES MOINES,POLK,,E WATROUS AVE & INDIANOLA AVE,Collision with:  Vehicle in traffic,On Roadway,"Angle, oncoming left turn",Ran Traffic Signal,None Indicated,,Daylight,Dry,Clear,None apparent,Intersection:  Four-way intersection,Paved,,Property Damage Only,0,0,0,0,0,0,2000,2,2,,POINT (-93.591768011838 41.54828633441)
2014821066,2014-70859,10/08/2014,10-October,4-Wednesday,07:25,0700 Hours,District 6 (East Central),DAVENPORT,SCOTT,I-280,I-280,Collision with:  Vehicle in traffic,On Roadway,"Sideswipe, same direction","Operating vehicle in an reckless, erratic, careless, negligent manner",None Indicated,,Daylight,Dry,Clear,None apparent,Non-intersection:  Other non-intersection (explain in narrative),Paved,,Minor Injury,0,1,0,1,0,0,5750,2,2,,POINT (-90.63281872654 41.479433436319)
2014821595,14015004,10/08/2014,10-October,4-Wednesday,06:30,0600 Hours,District 6 (East Central),,CEDAR,,Co Rd X40/GARFIELD AVE,Collision with:  Animal,,,Animal,None Indicated,,,,,,,Paved,,Property Damage Only,0,0,0,0,0,0,2000,1,1,,POINT (-91.249422622123 41.706764350947)
2014822477,W-14-2198,10/08/2014,10-October,4-Wednesday,08:33,0800 Hours,District 2 (Northeast),WAUKON,ALLAMAKEE,IA 76,IA 76/W MAIN ST/9TH ST NW & 9TH ST SW,Collision with:  Vehicle in traffic,On Roadway,Broadside (front to side),FTYROW:  From stop sign,None Indicated,,Daylight,Dry,Clear,None apparent,Intersection:  Four-way intersection,Paved,,Property Damage Only,0,0,0,0,0,0,4000,2,2,,POINT (-91.48785161819 43.269283085377)
2014822366,2014010569,10/08/2014,10-October,4-Wednesday,00:25,0000 Hours,District 1 (Central),MARSHALLTOWN,MARSHALL,,S 12TH ST,Collision with fixed object:  Ditch,On Roadway,Non-collision (single vehicle),Ran off road - right,None Indicated,,Dark - roadway lighted,Dry,Clear,None apparent,Non-intersection:  Non-junction/no special feature,Paved,,Property Damage Only,0,0,0,0,0,0,5500,1,1,,POINT (-92.934148548181 42.031151078554)
2014820456,20140029767,10/08/2014,10-October,4-Wednesday,00:15,0000 Hours,District 1 (Central),DES MOINES,POLK,,E SHERIDAN AVE & E 9TH ST,Collision with fixed object:  Utility pole/light support,Roadside,Non-collision (single vehicle),Downhill runaway,None Indicated,,Dark - roadway lighted,Dry,Clear,None apparent,Non-intersection:  Non-junction/no special feature,Paved,,Property Damage Only,0,0,0,0,0,0,3500,1,1,,POINT (-93.606526595046 41.618646224961)
2014820685,14-33365,10/08/2014,10-October,4-Wednesday,17:10,1700 Hours,District 3 (Northwest),SIOUX CITY,WOODBURY,I-29,I-29,Collision with:  Vehicle in traffic,On Roadway,Rear-end (front to rear),Followed too close,None Indicated,,Daylight,Dry,Clear,Work Zone (roadway-related),Non-intersection:  Non-junction/no special feature,Paved,Yes,Property Damage Only,0,0,0,0,0,0,3000,2,2,,POINT (-96.366063676162 42.408492452559)
2014820660,14-6620,10/08/2014,10-October,4-Wednesday,17:33,1700 Hours,District 1 (Central),,POLK,US 69,US 69/N 14TH ST & Co Rd R6F/NE 66TH AVE,Collision with:  Vehicle in traffic,On Roadway,Rear-end (front to rear),Other (explain in narrative):  Other,None Indicated,,Daylight,Dry,Cloudy,None apparent,Intersection:  Four-way intersection,Paved,,Property Damage Only,0,0,0,0,0,0,2000,2,2,,POINT (-93.600582251357 41.680412513096)
2014820526,14-5019,10/08/2014,10-October,4-Wednesday,08:03,0800 Hours,District 1 (Central),WEST DES MOINES,POLK,,E P TRUE PKWY & MILLS CIVIC PKWY & 35TH ST,Collision with:  Vehicle in traffic,On Roadway,Rear-end (front to rear),Other (explain in narrative):  Other,None Indicated,,Daylight,Dry,Clear,None apparent,Non-intersection:  Driveway access (within),Paved,,Property Damage Only,0,0,0,0,0,0,3000,2,2,,POINT (-93.75194667265 41.570147838891)
2014820861,2014011257,10/08/2014,10-October,4-Wednesday,16:15,1600 Hours,District 6 (East Central),IOWA CITY,JOHNSON,,S 1ST AVE,Collision with:  Vehicle in traffic,On Roadway,Broadside (front to side),FTYROW:  Other (explain in narrative),None Indicated,,Daylight,Dry,Clear,None apparent,Non-intersection:  Non-junction/no special feature,Paved,,Property Damage Only,0,0,0,0,0,0,2500,2,3,,POINT (-91.501990688997 41.649359033818)
2014821416,14-004726,10/08/2014,10-October,4-Wednesday,10:21,1000 Hours,District 1 (Central),AMES,STORY,US 69,US 69/S DUFF AVE/LINCOLN WAY,Collision with:  Vehicle in traffic,On Roadway,"Sideswipe, same direction",FTYROW:  Other (explain in narrative),None Indicated,,Daylight,Dry,Clear,None apparent,Intersection:  Four-way intersection,Paved,,Property Damage Only,0,0,0,0,0,0,7000,2,2,,POINT (-93.610365512309 42.02289125554)
2014820796,201415062,10/08/2014,10-October,4-Wednesday,16:57,1600 Hours,District 6 (East Central),CEDAR RAPIDS,LINN,,BLAIRS FERRY RD,Collision with:  Vehicle in traffic,On Roadway,Broadside (front to side),FTYROW:  Making left turn,None Indicated,,Daylight,Dry,Clear,None apparent,Intersection:  T-intersection,Paved,,Property Damage Only,0,0,0,0,0,0,10000,2,3,,POINT (-91.699618016258 42.034692083447)
2014821417,14-004729,10/08/2014,10-October,4-Wednesday,13:35,1300 Hours,District 1 (Central),AMES,STORY,US 69,US 69/GRAND AVE & 15TH ST,Collision with:  Vehicle in traffic,On Roadway,Rear-end (front to rear),Followed too close,None Indicated,,Daylight,Dry,Clear,None apparent,Non-intersection:  Non-junction/no special feature,Paved,,Property Damage Only,0,0,0,0,0,0,3500,2,3,,POINT (-93.620419935726 42.037040702315)
2014823505,14-021008-01,10/08/2014,10-October,4-Wednesday,19:45,1900 Hours,District 6 (East Central),,IOWA,,160TH ST,Collision with:  Animal,On Roadway,Non-collision (single vehicle),Animal,None Indicated,,Dark - roadway not lighted,Dry,Clear,None apparent,Non-intersection:  Non-junction/no special feature,Unpaved,,Property Damage Only,0,0,0,0,0,0,2000,1,1,,POINT (-92.016304571853 41.774317306497)
2014820804,14005992,10/08/2014,10-October,4-Wednesday,14:42,1400 Hours,District 3 (Northwest),SHELDON,OBRIEN,US 18,US 18/PARK ST,Collision with:  Vehicle in traffic,On Roadway,"Angle, oncoming left turn",FTYROW:  From stop sign,None Indicated,,Daylight,Dry,Cloudy,None apparent,Non-intersection:  Driveway access (within),Paved,,Property Damage Only,0,0,0,0,0,0,4000,2,3,,POINT (-95.832133502219 43.186021753491)
2014821738,201400003645,10/08/2014,10-October,4-Wednesday,22:25,2200 Hours,District 6 (East Central),WALKER,LINN,,GRANT ST & MILL ST,Collision with:  Parked motor vehicle,Outside trafficway,Head-on (front to front),Exceeded authorized speed,Alcohol (Statutory),,Dark - roadway lighted,Wet,Rain,None apparent,Intersection:  Four-way intersection,Paved,,Minor Injury,0,1,0,1,0,0,7000,2,1,,POINT (-91.783660908777 42.28392385753)
2014820666,20140029856,10/08/2014,10-October,4-Wednesday,07:00,0700 Hours,District 1 (Central),DES MOINES,POLK,US 69,US 69/SE 14TH ST,Collision with:  Vehicle in traffic,On Roadway,"Sideswipe, same direction","Operating vehicle in an reckless, erratic, careless, negligent manner",None Indicated,,Daylight,Dry,Cloudy,None apparent,Non-intersection:  Other non-intersection (explain in narrative),Paved,,Property Damage Only,0,0,0,0,0,0,1600,2,2,,POINT (-93.596823543183 41.586910482745)
2014820734,14-5029,10/08/2014,10-October,4-Wednesday,16:16,1600 Hours,District 1 (Central),WEST DES MOINES,POLK,,WESTOWN PKWY,Collision with:  Vehicle in traffic,On Roadway,"Angle, oncoming left turn",FTYROW:  Making left turn,None Indicated,,Daylight,Dry,Clear,None apparent,Non-intersection:  Driveway access (within),Paved,,Possible/Unknown,0,1,0,0,1,0,4300,2,4,,POINT (-93.753201510652 41.594531205154)
2014822703,1008000014,10/08/2014,10-October,4-Wednesday,00:00,0000 Hours,District 4 (Southwest),,RINGGOLD,US 169,US 169 & 240TH ST,Collision with:  Animal,Outside trafficway,Non-collision (single vehicle),Animal,None Indicated,,Dark - roadway not lighted,Dry,Clear,None apparent,Non-intersection:  Non-junction/no special feature,Paved,,Possible/Unknown,0,1,0,0,0,1,3000,1,1,,POINT (-94.280616764299 40.696940819876)
2014821087,14-035951,10/08/2014,10-October,4-Wednesday,12:41,1200 Hours,District 5 (Southeast),WEST BURLINGTON,DES MOINES,US 34,US 34/SE RAMP/SE LOOP & MT PLEASANT ST,Collision with:  Vehicle in traffic,On Roadway,Rear-end (front to rear),Improper Backing,None Indicated,,Daylight,Dry,Clear,None apparent,Intersection:  Other intersection (explain in narrative),Paved,,Property Damage Only,0,0,0,0,0,0,1500,2,2,,POINT (-91.186303823902 40.826355679495)
2014820679,14-001451,10/08/2014,10-October,4-Wednesday,17:13,1700 Hours,District 1 (Central),AMES,STORY,,OSBORN DR & SIXTH ST & IOWA STATE UNIVERSITY & WALLACE RD,Collision with:  Vehicle in traffic,On Roadway,"Sideswipe, same direction",FTYROW:  Other (explain in narrative),None Indicated,,Daylight,Dry,Clear,None apparent,Intersection:  Four-way intersection,Paved,,Property Damage Only,0,0,0,0,0,0,3000,2,2,,POINT (-93.641517119097 42.028890874766)
2014820475,20140029809,10/08/2014,10-October,4-Wednesday,11:12,1100 Hours,District 1 (Central),DES MOINES,POLK,,MLK JR PKWY & INGERSOLL AVE,Collision with:  Vehicle in traffic,On Roadway,Rear-end (front to rear),Unknown,None Indicated,,Daylight,Dry,Clear,None apparent,Intersection:  Four-way intersection,Paved,,Possible/Unknown,0,1,0,0,1,0,200,2,2,,POINT (-93.64477726669 41.585732812516)
2014821357,14-004633,10/08/2014,10-October,4-Wednesday,18:00,1800 Hours,District 3 (Northwest),,LYON,,ELMWOOD AVE,Non-collision events:  Overturn/rollover,Roadside,Non-collision (single vehicle),Exceeded authorized speed,None Indicated,,Dusk,"Mud, dirt",Clear,None apparent,Non-intersection:  Non-junction/no special feature,Unpaved,,Property Damage Only,0,0,0,0,0,0,7000,1,1,,POINT (-96.293740258918 43.384897985728)
2014820664,20140029842,10/08/2014,10-October,4-Wednesday,16:10,1600 Hours,District 1 (Central),DES MOINES,POLK,US 6,US 6/EUCLID AVE & 16TH ST,Collision with:  Vehicle in traffic,On Roadway,"Angle, oncoming left turn",FTYROW:  Making left turn,None Indicated,,Daylight,Dry,Cloudy,None apparent,Intersection:  Four-way intersection,Paved,,Possible/Unknown,0,4,0,0,4,0,13800,2,5,,POINT (-93.639240472679 41.62766531299)
2014821932,2014-21975,10/08/2014,10-October,4-Wednesday,14:25,1400 Hours,District 5 (Southeast),NORWALK,WARREN,,CLARKE ST,Collision with:  Vehicle in traffic,On Roadway,"Sideswipe, opposite direction",Improper Backing,None Indicated,,Daylight,Dry,Clear,None apparent,Non-intersection:  Non-junction/no special feature,Unpaved,,Property Damage Only,0,0,0,0,0,0,4000,2,2,,POINT (-93.715509849492 41.475641246222)
2014821316,,10/08/2014,10-October,4-Wednesday,00:57,0000 Hours,District 4 (Southwest),,ADAIR,I-80,I-80,Collision with:  Animal,On Roadway,Non-collision (single vehicle),Animal,None Indicated,,Dark - roadway lighted,Dry,Clear,None apparent,Non-intersection:  Non-junction/no special feature,Paved,,Property Damage Only,0,0,0,0,0,0,2000,1,1,,POINT (-94.515559280013 41.496199788732)
2014820709,14-042982,10/08/2014,10-October,4-Wednesday,18:50,1800 Hours,District 4 (Southwest),COUNCIL BLUFFS,POTTAWATTAMIE,,BONHAM AVE & BONHAM CIR,Collision with:  Vehicle in traffic,On Roadway,Rear-end (front to rear),Followed too close,None Indicated,,Dark - unknown roadway lighting,Wet,Rain,None apparent,Non-intersection:  Non-junction/no special feature,Paved,,Property Damage Only,0,0,0,0,0,0,3500,2,2,,POINT (-95.825277823042 41.259358103592)
2014820525,14-5018,10/08/2014,10-October,4-Wednesday,07:20,0700 Hours,District 4 (Southwest),WEST DES MOINES,DALLAS,,UNIVERSITY AVE & MAPLELEAF LN & 94TH ST,Collision with:  Vehicle in traffic,On Roadway,Rear-end (front to rear),Lost Control,None Indicated,,Daylight,Dry,Clear,None apparent,Intersection:  Four-way intersection,Paved,,Property Damage Only,0,0,0,0,0,0,7000,2,2,,POINT (-93.83735257987 41.600416246622)
2014821420,14-004732,10/08/2014,10-October,4-Wednesday,16:43,1600 Hours,District 1 (Central),AMES,STORY,US 30,US 30/SW RAMP CURV & US 69/S DUFF AVE,Collision with:  Vehicle in traffic,On Roadway,Broadside (front to side),FTYROW:  From stop sign,None Indicated,,Daylight,Dry,Cloudy,None apparent,"Interchange-related:  Off-ramp, diverge area",Paved,,Property Damage Only,0,0,0,0,0,0,3000,2,2,,POINT (-93.610027078157 42.002646232535)
2014821314,,10/08/2014,10-October,4-Wednesday,15:28,1500 Hours,District 4 (Southwest),,AUDUBON,,Co Rd F32/180 ST & GOLDFINCH AVE,Non-collision events:  Overturn/rollover,Shoulder,Non-collision (single vehicle),Swerving/Evasive Action,None Indicated,,Daylight,"Mud, dirt",Cloudy,None apparent,Non-intersection:  Non-junction/no special feature,Paved,,Possible/Unknown,0,4,0,0,4,0,10000,1,4,,POINT (-94.976497841776 41.745979445664)
2014820577,2014011232,10/08/2014,10-October,4-Wednesday,00:41,0000 Hours,District 6 (East Central),IOWA CITY,JOHNSON,,N DUBUQUE ST,Collision with:  Vehicle in traffic,On Roadway,"Sideswipe, same direction",Made improper turn,None Indicated,,Dark - roadway lighted,Dry,Clear,None apparent,Non-intersection:  Non-junction/no special feature,Paved,,Property Damage Only,0,0,0,0,0,0,5000,2,2,,POINT (-91.533094766889 41.664090179786)
2014821094,S14-J0804,10/08/2014,10-October,4-Wednesday,23:19,2300 Hours,District 5 (Southeast),OSCEOLA,CLARKE,I-35,I-35,Collision with:  Animal,On Roadway,Non-collision (single vehicle),Animal,None Indicated,,Dark - roadway lighted,Dry,Clear,None apparent,Non-intersection:  Non-junction/no special feature,Paved,,Property Damage Only,0,0,0,0,0,0,4000,1,1,,POINT (-93.786051806198 41.047467374617)
2014821174,2014-038517,10/08/2014,10-October,4-Wednesday,06:06,0600 Hours,District 6 (East Central),DUBUQUE,DUBUQUE,,MT CARMEL ST & GRANDVIEW AVE S,Collision with:  Other non-fixed object (explain in narrative),On Roadway,Non-collision (single vehicle),Swerving/Evasive Action,None Indicated,,Dark - roadway lighted,Dry,Clear,None apparent,Non-intersection:  Non-junction/no special feature,Paved,,Property Damage Only,0,0,0,0,0,0,13500,1,1,,POINT (-90.661295818893 42.478788360916)
2014821604,P14-011569,10/08/2014,10-October,4-Wednesday,17:38,1700 Hours,District 1 (Central),WEBSTER CITY,HAMILTON,,1ST ST & PROSPECT ST,Collision with:  Vehicle in traffic,On Roadway,Broadside (front to side),FTYROW:  From stop sign,None Indicated,,Daylight,Dry,Cloudy,None apparent,Intersection:  Four-way intersection,Paved,,Property Damage Only,0,0,0,0,0,0,1500,2,2,,POINT (-93.823695425277 42.468535820598)
2014826224,2014057518,10/09/2014,10-October,5-Thursday,10:30,1000 Hours,District 4 (Southwest),,POTTAWATTAMIE,I-29,I-29,Collision with:  Vehicle in traffic,On Roadway,Rear-end (front to rear),Exceeded authorized speed,None Indicated,,Daylight,Dry,Clear,Work Zone (roadway-related),Non-intersection:  Non-junction/no special feature,Paved,Yes,Property Damage Only,0,0,0,0,0,0,15200,2,2,,POINT (-95.899652375813 41.459678599907)
2014821397,14-2256,10/09/2014,10-October,5-Thursday,13:18,1300 Hours,District 1 (Central),URBANDALE,POLK,,DOUGLAS AVE & 100TH ST,Collision with:  Vehicle in traffic,On Roadway,"Angle, oncoming left turn",Ran Traffic Signal,None Indicated,,Daylight,Dry,Clear,None apparent,Intersection:  Four-way intersection,Paved,,Property Damage Only,0,0,0,0,0,0,6500,2,2,,POINT (-93.755923815528 41.629362134122)
2014821534,14101022,10/09/2014,10-October,5-Thursday,12:08,1200 Hours,District 2 (Northeast),CEDAR FALLS,BLACK HAWK,,TUCSON DR,Collision with:  Vehicle in traffic,On Roadway,Rear-end (front to rear),Lost Control,None Indicated,,Daylight,Dry,Clear,None apparent,Non-intersection:  Non-junction/no special feature,Paved,,Property Damage Only,0,0,0,0,0,0,3000,2,1,,POINT (-92.439848984014 42.511598801365)
2014821231,2014057500,10/09/2014,10-October,5-Thursday,07:11,0700 Hours,District 1 (Central),WEST DES MOINES,POLK,I-35,I-35,Collision with:  Vehicle in traffic,On Roadway,Rear-end (front to rear),Driving too fast for conditions,None Indicated,,Dawn,Wet,Cloudy,None apparent,Non-intersection:  Non-junction/no special feature,Paved,,Property Damage Only,0,0,0,0,0,0,9500,3,3,,POINT (-93.77697250885 41.599660239173)
2014820656,14021237,10/09/2014,10-October,5-Thursday,13:04,1300 Hours,District 6 (East Central),MARION,LINN,,LINDALE DR,Collision with fixed object:  Tree,Shoulder,Non-collision (single vehicle),Ran off road - right,None Indicated,,Daylight,Dry,Clear,None apparent,Non-intersection:  Non-junction/no special feature,Paved,,Possible/Unknown,0,1,0,0,1,0,2500,1,1,,POINT (-91.624331039666 42.03182389122)
2014821894,136-2014,10/09/2014,10-October,5-Thursday,20:50,2000 Hours,District 4 (Southwest),,HARRISON,US 30,US 30,Collision with:  Animal,,,Animal,None Indicated,,,,,,,Paved,,Property Damage Only,0,0,0,0,0,0,1500,1,1,,POINT (-95.875396327921 41.565712662669)
2014821946,AC14-039,10/09/2014,10-October,5-Thursday,15:30,1500 Hours,District 1 (Central),STORY CITY,STORY,,BROAD ST & HILLCREST DR,Collision with:  Vehicle in traffic,On Roadway,"Sideswipe, same direction",FTYROW:  From stop sign,None Indicated,,Daylight,Dry,Clear,None apparent,Intersection:  Four-way intersection,Paved,,Property Damage Only,0,0,0,0,0,0,4000,2,2,,POINT (-93.589018218515 42.187118378811)