Iowa DOT Case Number,Law Enforcement Case Number,Date of Crash,Month of Crash,Day of Week,Time of Crash,Hour,DOT District,City Name,County Name,Route with System,Location Description,First Harmful Event,Location of First Harmful Event,Manner of Crash/Collision,Major Cause,Drug or Alcohol ,Environmental Conditions,Light Conditions,Surface Conditions,Weather Conditions,Roadway Contribution,Roadway Type,Roadway Surface,Work Zone,Crash Severity,Number of Fatalities,Number of Injuries,Number of Major Injuries,Number of Minor Injuries,Number of Possible Injuries,Number of Unknown Injuries,Amount of Property Damage,Number of Vehicles Involved,Total Number of Occupants,Travel Direction,Location
2014820956,14-6674,10/10/2014,10-October,6-Friday,22:42,2200 Hours,District 1 (Central),GRIMES,POLK,IA 44,IA 44/1ST ST & S JAMES ST & N JAMES ST,Collision with:  Vehicle in traffic,On Roadway,Broadside (front to side),Ran Traffic Signal,None Indicated,,Dark - roadway lighted,Dry,Clear,None apparent,Intersection:  Four-way intersection,Paved,,Property Damage Only,0,0,0,0,0,0,6000,2,2,,POINT (-93.794561280309 41.688377294502)
2014822497,14009105,10/10/2014,10-October,6-Friday,03:51,0300 Hours,District 6 (East Central),,BUCHANAN,US 20,US 20,Non-collision events:  Other non-collision (explain in narrative),On Roadway,Non-collision (single vehicle),Ran off road - right,None Indicated,,Dark - roadway not lighted,Dry,Clear,None apparent,Non-intersection:  Non-junction/no special feature,Paved,,Property Damage Only,0,0,0,0,0,0,20049,1,1,,POINT (-91.783600790082 42.461996690595)
2014821142,14-11069,10/10/2014,10-October,6-Friday,18:00,1800 Hours,District 3 (Northwest),,SAC,,VOSS AVE & 360TH ST,Collision with:  Vehicle in traffic,On Roadway,Rear-end (front to rear),Ran Stop Sign,None Indicated,,Daylight,"Mud, dirt",Clear,None apparent,Intersection:  Four-way intersection,Unpaved,,Property Damage Only,0,0,0,0,0,0,6000,2,2,,POINT (-94.936205692189 42.267723281643)
2014820994,20140030060,10/10/2014,10-October,6-Friday,16:11,1600 Hours,District 1 (Central),DES MOINES,POLK,US 6,US 6/E EUCLID AVE & DELAWARE AVE,Collision with:  Vehicle in traffic,On Roadway,Rear-end (front to rear),Followed too close,None Indicated,,Daylight,Dry,Clear,None apparent,Non-intersection:  Non-junction/no special feature,Paved,,Property Damage Only,0,0,0,0,0,0,6500,3,3,,POINT (-93.581329662797 41.627765596999)
2014820998,20140030071,10/10/2014,10-October,6-Friday,16:50,1600 Hours,District 1 (Central),DES MOINES,POLK,I-235,I-235,Collision with:  Vehicle in traffic,On Roadway,Rear-end (front to rear),Other (explain in narrative):  Other,None Indicated,,Daylight,Dry,Clear,None apparent,Non-intersection:  Non-junction/no special feature,Paved,,Property Damage Only,0,0,0,0,0,0,3000,3,3,,POINT (-93.681034870896 41.591657686268)
2014822994,2014057965,10/10/2014,10-October,6-Friday,22:42,2200 Hours,District 1 (Central),,MARSHALL,IA 14,IA 14/REED AVE,Collision with fixed object:  Ditch,On Roadway,Non-collision (single vehicle),Crossed centerline (undivided),Drug/Alcohol (Statutory),,Dark - roadway not lighted,Dry,Clear,None apparent,Non-intersection:  Other non-intersection (explain in narrative),Paved,,Fatal,1,0,0,0,0,0,8500,1,1,,POINT (-92.91694259533 41.931399764589)
2014820844,2014-20585,10/10/2014,10-October,6-Friday,06:45,0600 Hours,District 6 (East Central),,SCOTT,US 67,US 67/GREAT RIVER RD,Collision with:  Animal,,,Animal,None Indicated,,,,,,,Paved,,Property Damage Only,0,0,0,0,0,0,2500,1,1,,POINT (-90.396292440533 41.582097564432)
2014821020,14-2266,10/10/2014,10-October,6-Friday,12:32,1200 Hours,District 1 (Central),URBANDALE,POLK,IA 141,IA 141/IOWA 141,Collision with:  Vehicle in traffic,On Roadway,Rear-end (front to rear),Followed too close,None Indicated,,Daylight,Dry,Clear,None apparent,Non-intersection:  Non-junction/no special feature,Paved,,Property Damage Only,0,0,0,0,0,0,6500,2,5,,POINT (-93.774840974576 41.650159753693)
2014822137,,10/10/2014,10-October,6-Friday,19:33,1900 Hours,District 5 (Southeast),FORT MADISON,LEE,,18TH ST & AVE E,Collision with:  Vehicle in traffic,On Roadway,Broadside (front to side),Ran Stop Sign,None Indicated,,Dark - roadway lighted,Dry,Clear,None apparent,Intersection:  Four-way intersection,Paved,,Property Damage Only,0,0,0,0,0,0,2000,2,2,,POINT (-91.330122138003 40.633214287235)
2014821242,14101285,10/10/2014,10-October,6-Friday,08:06,0800 Hours,District 2 (Northeast),CEDAR FALLS,BLACK HAWK,,HUDSON RD & TECHNOLOGY PKWY,Collision with:  Vehicle in traffic,On Roadway,"Sideswipe, same direction",Improper or erratic lane changing,None Indicated,,Daylight,Dry,Clear,None apparent,Non-intersection:  Non-junction/no special feature,Paved,,Property Damage Only,0,0,0,0,0,0,3500,2,3,,POINT (-92.465611684369 42.473807172955)
2014821259,14-19809,10/10/2014,10-October,6-Friday,19:21,1900 Hours,District 6 (East Central),BETTENDORF,SCOTT,I-74,I-74 & MIDDLE RD,Collision with:  Vehicle in traffic,On Roadway,Rear-end (front to rear),Driving too fast for conditions,None Indicated,,Dark - roadway lighted,Dry,Clear,None apparent,Non-intersection:  Other non-intersection (explain in narrative),Paved,,Possible/Unknown,0,1,0,0,1,0,3500,2,2,,POINT (-90.517831633118 41.540953591068)
2014821598,14-36145,10/10/2014,10-October,6-Friday,05:33,0500 Hours,District 5 (Southeast),,DES MOINES,US 61,US 61,Collision with:  Animal,,,Animal,None Indicated,,,,,,,Paved,,Property Damage Only,0,0,0,0,0,0,1500,1,1,,POINT (-91.173215897658 40.734547764025)
2014822359,14-017361,10/10/2014,10-October,6-Friday,06:51,0600 Hours,District 5 (Southeast),,HENRY,,235TH ST,Collision with:  Animal,,,Animal,None Indicated,,,,,,,Paved,,Property Damage Only,0,0,0,0,0,0,1500,1,1,,POINT (-91.625281616127 40.967084000441)
2014820767,W14-101274,10/10/2014,10-October,6-Friday,06:35,0600 Hours,District 2 (Northeast),WATERLOO,BLACK HAWK,,CONGER ST,Collision with:  Vehicle in traffic,On Roadway,Broadside (front to side),FTYROW:  At uncontrolled intersection,None Indicated,,Dark - roadway lighted,Dry,Clear,None apparent,Non-intersection:  Alley,Paved,,Property Damage Only,0,0,0,0,0,0,2500,2,2,,POINT (-92.346405588312 42.512184666304)
2014820996,20140030066,10/10/2014,10-October,6-Friday,16:45,1600 Hours,District 1 (Central),DES MOINES,POLK,,FILMORE ST & PENNSYLVANIA AVE,Collision with:  Vehicle in traffic,On Roadway,Broadside (front to side),Unknown,None Indicated,,Daylight,Dry,Cloudy,None apparent,Intersection:  Four-way intersection,Paved,,Minor Injury,0,1,0,1,0,0,3000,2,2,,POINT (-93.608987235995 41.599501877992)
2014821177,2014-038616,10/10/2014,10-October,6-Friday,22:55,2200 Hours,District 6 (East Central),DUBUQUE,DUBUQUE,,W 5TH ST,Collision with:  Parked motor vehicle,Shoulder,"Sideswipe, same direction",Lost Control,Alcohol (Statutory),,Dark - roadway lighted,Dry,Clear,None apparent,Non-intersection:  Non-junction/no special feature,Paved,,Property Damage Only,0,0,0,0,0,0,3000,2,1,,POINT (-90.676088212307 42.496550563513)
2014821038,14-001462,10/10/2014,10-October,6-Friday,17:03,1700 Hours,District 1 (Central),AMES,STORY,,WOI RD & IOWA STATE UNIVERSITY & PAMMEL DR,Collision with:  Vehicle in traffic,On Roadway,Rear-end (front to rear),Other (explain in narrative):  Other,None Indicated,,Daylight,Dry,Cloudy,None apparent,Intersection:  Four-way intersection,Paved,,Property Damage Only,0,0,0,0,0,0,5000,2,2,,POINT (-93.650291770019 42.030516716532)
2014821781,2014057902,10/10/2014,10-October,6-Friday,14:55,1400 Hours,District 1 (Central),ANKENY,POLK,I-35,I-35,Collision with:  Vehicle in traffic,On Roadway,Rear-end (front to rear),Other (explain in narrative):  Other,None Indicated,,Daylight,Dry,Cloudy,None apparent,Non-intersection:  Non-junction/no special feature,Paved,,Property Damage Only,0,0,0,0,0,0,7000,2,3,,POINT (-93.575638950074 41.660102967067)
2014821873,S14-10442,10/10/2014,10-October,6-Friday,15:52,1500 Hours,District 3 (Northwest),SERGEANT BLUFF,WOODBURY,I-29,I-29 & 1ST ST,Collision with:  Vehicle in traffic,On Roadway,Rear-end (front to rear),Crossed centerline (undivided),None Indicated,,Daylight,Dry,Clear,Work Zone (roadway-related),Non-intersection:  Non-junction/no special feature,Paved,Yes,Property Damage Only,0,0,0,0,0,0,2000,3,4,,POINT (-96.366692240818 42.400486888722)
2014826554,2014-038589,10/10/2014,10-October,6-Friday,08:20,0800 Hours,District 6 (East Central),DUBUQUE,DUBUQUE,,BELLEVUE RD & ROCKDALE RD,Collision with:  Vehicle in traffic,On Roadway,Rear-end (front to rear),Lost Control,None Indicated,,Daylight,Dry,Clear,None apparent,Non-intersection:  Non-junction/no special feature,Paved,,Property Damage Only,0,0,0,0,0,0,4500,2,2,,POINT (-90.677268297251 42.461381978041)
2014820995,20140030063,10/10/2014,10-October,6-Friday,16:35,1600 Hours,District 1 (Central),DES MOINES,POLK,,KINGMAN BLVD & 35TH ST,Collision with:  Vehicle in traffic,On Roadway,Broadside (front to side),FTYROW:  Making left turn,None Indicated,,Daylight,Dry,Cloudy,None apparent,Intersection:  Four-way intersection,Paved,,Possible/Unknown,0,1,0,0,1,0,4300,3,4,,POINT (-93.664191414358 41.596539067458)
2014823018,2014057901,10/10/2014,10-October,6-Friday,16:05,1600 Hours,District 2 (Northeast),,HOWARD,,70TH ST,Non-collision events:  Overturn/rollover,On Roadway,Non-collision (single vehicle),Swerving/Evasive Action,None Indicated,,Daylight,"Mud, dirt",Clear,None apparent,Non-intersection:  Other non-intersection (explain in narrative),Unpaved,,Major Injury,0,1,1,0,0,0,4000,1,1,,POINT (-92.436337095959 43.414821815146)
2014821235,2014057699,10/10/2014,10-October,6-Friday,08:00,0800 Hours,District 5 (Southeast),,WARREN,,Co Rd G24/HWY G24,Collision with:  Animal,,,Animal,None Indicated,,,,,,,Paved,,Property Damage Only,0,0,0,0,0,0,1500,1,1,,POINT (-93.628371438929 41.438922484788)
2014822138,,10/10/2014,10-October,6-Friday,12:20,1200 Hours,District 6 (East Central),DE WITT,CLINTON,,11TH ST & 11TH AVE,Collision with:  Vehicle in traffic,On Roadway,Rear-end (front to rear),FTYROW:  From parked position,None Indicated,,Daylight,Dry,Clear,None apparent,Intersection:  Four-way intersection,Paved,,Property Damage Only,0,0,0,0,0,0,5000,2,4,,POINT (-90.546279378342 41.825989209443)
2014821358,14-004662,10/10/2014,10-October,6-Friday,16:00,1600 Hours,District 3 (Northwest),DOON,LYON,,GERE AVE,Collision with:  Vehicle in traffic,On Roadway,Rear-end (front to rear),Followed too close,None Indicated,,Daylight,Dry,Clear,None apparent,Non-intersection:  Driveway access (within),Paved,,Possible/Unknown,0,1,0,0,1,0,3000,2,3,,POINT (-96.236014179916 43.276495308045)
2014821685,2014-71347,10/10/2014,10-October,6-Friday,11:31,1100 Hours,District 6 (East Central),DAVENPORT,SCOTT,,IA 461/BRADY ST & W 2ND ST & E 2ND ST,Collision with:  Vehicle in traffic,On Roadway,Broadside (front to side),FTYROW:  Other (explain in narrative),None Indicated,,Daylight,Dry,Clear,None apparent,Intersection:  Four-way intersection,Paved,,Property Damage Only,0,0,0,0,0,0,3000,2,3,,POINT (-90.574068193629 41.521322581014)
2014825095,TC5514,10/10/2014,10-October,6-Friday,23:45,2300 Hours,District 4 (Southwest),MISSOURI VALLEY,HARRISON,,SUMMIT ST & N 4TH ST,Collision with fixed object:  Other fixed object (explain in narrative),Outside trafficway,Non-collision (single vehicle),"Operating vehicle in an reckless, erratic, careless, negligent manner",Under Influence of Alcohol/Drugs/Medications,,Dark - roadway lighted,Dry,Clear,None apparent,Intersection:  T-intersection,Paved,,Property Damage Only,0,0,0,0,0,0,17500,1,1,,POINT (-95.891151793294 41.56379525196)
2014821895,137-2014,10/10/2014,10-October,6-Friday,16:03,1600 Hours,District 4 (Southwest),,HARRISON,US 30,US 30,Collision with:  Vehicle in traffic,On Roadway,Rear-end (front to rear),Crossed centerline (undivided),None Indicated,,Daylight,Dry,Clear,None apparent,Non-intersection:  Non-junction/no special feature,Paved,,Minor Injury,0,3,0,1,2,0,26500,3,3,,POINT (-95.702968172679 41.711608677016)
2014821754,02829,10/10/2014,10-October,6-Friday,05:42,0500 Hours,District 6 (East Central),DYERSVILLE,DUBUQUE,,3RD AVE SE,Collision with:  Vehicle in traffic,Roadside,"Sideswipe, same direction",Made improper turn,None Indicated,,Dark - roadway not lighted,Dry,Clear,None apparent,Non-intersection:  Non-junction/no special feature,Paved,,Property Damage Only,0,0,0,0,0,0,7500,2,1,,POINT (-91.114767462742 42.482888570176)
2014821023,14-002330,10/10/2014,10-October,6-Friday,15:17,1500 Hours,District 1 (Central),ALTOONA,POLK,US 6,US 6/FREDERICK M HUBBELL AVE,Collision with:  Vehicle in traffic,On Roadway,Rear-end (front to rear),Lost Control,None Indicated,,Daylight,Dry,Cloudy,None apparent,Intersection:  T-intersection,Paved,,Possible/Unknown,0,3,0,0,3,0,24000,4,4,,POINT (-93.503197274182 41.65501162077)
2014821000,20140030080,10/10/2014,10-October,6-Friday,17:20,1700 Hours,District 1 (Central),DES MOINES,POLK,,PARK AVE,Collision with:  Vehicle in traffic,On Roadway,"Angle, oncoming left turn",Unknown,None Indicated,,Daylight,Dry,Cloudy,None apparent,Non-intersection:  Non-junction/no special feature,Paved,,Property Damage Only,0,0,0,0,0,0,2500,2,4,,POINT (-93.65234258806 41.555443714835)
2014822110,S14-J1001,10/10/2014,10-October,6-Friday,15:20,1500 Hours,District 5 (Southeast),,CLARKE,,205 AVE,Collision with:  Vehicle in traffic,On Roadway,"Sideswipe, same direction",Crossed centerline (undivided),None Indicated,,Daylight,"Mud, dirt",Clear,None apparent,Non-intersection:  Driveway access (within),Unpaved,,Property Damage Only,0,0,0,0,0,0,3500,2,4,,POINT (-93.815938377936 40.998066546837)
2014832341,2014-038617,10/10/2014,10-October,6-Friday,23:50,2300 Hours,District 6 (East Central),DUBUQUE,DUBUQUE,,LIEBE ST & JACKSON ST,Collision with:  Parked motor vehicle,On Roadway,Rear-end (front to rear),Lost Control,None Indicated,,Dark - roadway lighted,Dry,Clear,None apparent,Non-intersection:  Non-junction/no special feature,Paved,,Property Damage Only,0,0,0,0,0,0,6000,2,1,,POINT (-90.680799282725 42.52743485255)
2014821680,147686,10/10/2014,10-October,6-Friday,17:35,1700 Hours,District 4 (Southwest),DE SOTO,DALLAS,I-80,I-80,Collision with:  Vehicle in traffic,On Roadway,"Sideswipe, same direction",Other (explain in narrative):  No improper action,None Indicated,,Daylight,Dry,Cloudy,None apparent,Interchange-related:  On-ramp merge area,Paved,,Property Damage Only,0,0,0,0,0,0,4000,2,2,,POINT (-94.008076683008 41.540472287105)
2014821199,14-043238,10/10/2014,10-October,6-Friday,14:35,1400 Hours,District 4 (Southwest),COUNCIL BLUFFS,POTTAWATTAMIE,US 6,US 6/KANESVILLE BLVD & WASHINGTON AVE & N MAIN ST,Collision with:  Vehicle in traffic,On Roadway,Rear-end (front to rear),Followed too close,None Indicated,,Daylight,Dry,Clear,None apparent,Intersection:  Four-way intersection,Paved,,Property Damage Only,0,0,0,0,0,0,1500,3,4,,POINT (-95.849927502877 41.262721906472)
2014821080,2014-71428,10/10/2014,10-October,6-Friday,18:15,1800 Hours,District 6 (East Central),DAVENPORT,SCOTT,,E LOCUST ST & IOWA ST,Collision with:  Vehicle in traffic,On Roadway,Rear-end (front to rear),Other (explain in narrative):  Other,None Indicated,,Dark - roadway lighted,Dry,Clear,None apparent,Non-intersection:  Non-junction/no special feature,Paved,,Property Damage Only,0,0,0,0,0,0,4000,2,2,,POINT (-90.569658678399 41.538269563264)
2014821614,14188,10/10/2014,10-October,6-Friday,21:30,2100 Hours,District 5 (Southeast),PELLA,MARION,IA 163,IA 163/IOWA 163,Collision with:  Animal,,,Animal,None Indicated,,,,,,,Paved,,Property Damage Only,0,0,0,0,0,0,7000,1,1,,POINT (-92.939464061312 41.403376313283)
2014826645,14023926,10/10/2014,10-October,6-Friday,15:42,1500 Hours,District 5 (Southeast),NEW SHARON,MAHASKA,US 63,US 63/MAIN ST,Collision with:  Vehicle in traffic,On Roadway,Rear-end (front to rear),FTYROW:  Other (explain in narrative),None Indicated,,Daylight,Dry,Cloudy,None apparent,Non-intersection:  Non-junction/no special feature,Paved,,Property Damage Only,0,0,0,0,0,0,1700,2,3,,POINT (-92.65148064083 41.46962825608)
2014822459,2014-71438,10/10/2014,10-October,6-Friday,19:17,1900 Hours,District 6 (East Central),DAVENPORT,SCOTT,,BROADLAWN AVE,Collision with:  Vehicle in traffic,On Roadway,Broadside (front to side),Lost Control,None Indicated,,Dark - roadway lighted,Dry,Clear,None apparent,Non-intersection:  Non-junction/no special feature,Paved,,Property Damage Only,0,0,0,0,0,0,2000,2,777,,POINT (-90.524150196628 41.537469327267)
2014828425,,10/10/2014,10-October,6-Friday,16:38,1600 Hours,District 5 (Southeast),,WAPELLO,US 63,US 63,Non-collision events:  Overturn/rollover,Shoulder,Non-collision (single vehicle),Over correcting/over steering,None Indicated,,Daylight,Dry,Clear,None apparent,Non-intersection:  Non-junction/no special feature,Paved,,Major Injury,0,1,1,0,0,0,5000,1,1,,POINT (-92.374055142789 41.056609540205)
2014821213,14-043254,10/10/2014,10-October,6-Friday,16:45,1600 Hours,District 4 (Southwest),COUNCIL BLUFFS,POTTAWATTAMIE,IA 192,IA 192/S 6TH ST & W BROADWAY & BROADWAY KANESVILLE CONN,Collision with:  Vehicle in traffic,On Roadway,Broadside (front to side),Ran Traffic Signal,None Indicated,,Daylight,Dry,Clear,None apparent,Intersection:  Four-way intersection,Paved,,Property Damage Only,0,0,0,0,0,0,2000,2,3,,POINT (-95.852010592603 41.261220258195)
2014821123,2014011328,10/10/2014,10-October,6-Friday,12:51,1200 Hours,District 6 (East Central),IOWA CITY,JOHNSON,,MUSCATINE AVE & WILLIAMS ST,Collision with:  Vehicle in traffic,On Roadway,"Angle, oncoming left turn",FTYROW:  From stop sign,None Indicated,,Daylight,Dry,Clear,None apparent,Intersection:  T-intersection,Paved,,Property Damage Only,0,0,0,0,0,0,7000,2,2,,POINT (-91.498742885042 41.649595864586)
2014821077,2014-71382,10/10/2014,10-October,6-Friday,14:40,1400 Hours,District 6 (East Central),DAVENPORT,SCOTT,,E 53RD ST,Collision with:  Vehicle in traffic,On Roadway,Rear-end (front to rear),Other (explain in narrative):  Other,None Indicated,,Daylight,Dry,Cloudy,None apparent,Non-intersection:  Railroad grade crossing,Paved,,Property Damage Only,0,0,0,0,0,0,6300,3,4,,POINT (-90.558169921144 41.574699985597)
2014821335,101014-167,10/10/2014,10-October,6-Friday,19:30,1900 Hours,District 3 (Northwest),,BUENA VISTA,IA 10,IA 10/460TH ST,Collision with:  Animal,,,Animal,None Indicated,,,,,,,Paved,,Property Damage Only,0,0,0,0,0,0,1500,1,1,,POINT (-94.971500410882 42.850972940008)
2014820989,20140030038,10/10/2014,10-October,6-Friday,13:55,1300 Hours,District 1 (Central),DES MOINES,POLK,IA 163,IA 163/E UNIVERSITY AVE,Collision with fixed object:  Curb/island/raised median,On Roadway,Non-collision (single vehicle),Lost Control,None Indicated,,Daylight,Dry,Clear,None apparent,Non-intersection:  Non-junction/no special feature,Paved,,Major Injury,0,1,1,0,0,0,6200,1,1,,POINT (-93.566048919008 41.600486923044)
2014822018,14-004761,10/10/2014,10-October,6-Friday,17:25,1700 Hours,District 1 (Central),AMES,STORY,,HYLAND AVE,Collision with:  Non-motorist (see non-motorist section - NOT a unit),On Roadway,Non-collision (single vehicle),Other (explain in narrative):  Vision obstructed,None Indicated,,Daylight,Dry,Cloudy,None apparent,Non-intersection:  Driveway access (within),Paved,,Minor Injury,0,1,0,1,0,0,0,1,1,,POINT (-93.655682657978 42.026108858407)
2014821874,S14-10448,10/10/2014,10-October,6-Friday,19:28,1900 Hours,District 3 (Northwest),,WOODBURY,US 20,US 20,Collision with:  Animal,,,Animal,None Indicated,,,,,,,Paved,,Property Damage Only,0,0,0,0,0,0,1600,1,1,,POINT (-96.124788250999 42.474860727025)
2014820896,W14-101444,10/10/2014,10-October,6-Friday,16:45,1600 Hours,District 2 (Northeast),WATERLOO,BLACK HAWK,,ROOSEVELT ST & GILBERT ST,Collision with:  Vehicle in traffic,On Roadway,Broadside (front to side),Other (explain in narrative):  Vision obstructed,None Indicated,,Daylight,Dry,Clear,None apparent,Intersection:  Four-way intersection,Paved,,Property Damage Only,0,0,0,0,0,0,4000,2,3,,POINT (-92.294997238869 42.487519198991)
2014821041,891406690,10/10/2014,10-October,6-Friday,13:41,1300 Hours,District 5 (Southeast),,VAN BUREN,IA 2,IA 2/IOWA 2,Collision with fixed object:  Ditch,On Roadway,Non-collision (single vehicle),Ran off road - left,None Indicated,,Daylight,Dry,Clear,None apparent,Non-intersection:  Non-junction/no special feature,Paved,,Property Damage Only,0,0,0,0,0,0,1500,1,1,,POINT (-92.021138686335 40.674508054927)
2014821271,14-008802,10/10/2014,10-October,6-Friday,07:05,0700 Hours,District 6 (East Central),MANCHESTER,DELAWARE,IA 13,IA 13/IOWA 13 & WINSLOW DR & W WINSLOW DR,Collision with:  Vehicle in traffic,On Roadway,Broadside (front to side),FTYROW:  From stop sign,None Indicated,,Daylight,Dry,Clear,None apparent,Intersection:  Y-intersection,Paved,,Property Damage Only,0,0,0,0,0,0,3000,2,2,,POINT (-91.457932866328 42.503987864723)
2014820997,20140030068,10/10/2014,10-October,6-Friday,16:58,1600 Hours,District 1 (Central),DES MOINES,POLK,US 6,US 6/E EUCLID AVE,Collision with:  Vehicle in traffic,On Roadway,"Angle, oncoming left turn",FTYROW:  Making left turn,None Indicated,,Daylight,Dry,Clear,None apparent,Non-intersection:  Driveway access (within),Paved,,Property Damage Only,0,0,0,0,0,0,11000,2,2,,POINT (-93.579420882641 41.627766226905)
2014821218,2014057684,10/10/2014,10-October,6-Friday,06:00,0600 Hours,District 1 (Central),,POWESHIEK,I-80,I-80,Collision with:  Animal,,,Animal,None Indicated,,,,,,,Paved,,Property Damage Only,0,0,0,0,0,0,5000,1,1,,POINT (-92.429904428216 41.696141068109)
2014821079,2014-71419,10/10/2014,10-October,6-Friday,16:39,1600 Hours,District 6 (East Central),DAVENPORT,SCOTT,,E 53RD ST,Collision with:  Vehicle in traffic,On Roadway,Rear-end (front to rear),Followed too close,None Indicated,,Daylight,Dry,Clear,None apparent,Non-intersection:  Non-junction/no special feature,Paved,,Property Damage Only,0,0,0,0,0,0,2000,2,2,,POINT (-90.532101391147 41.574854580353)
2014821432,14-33551,10/10/2014,10-October,6-Friday,13:05,1300 Hours,District 3 (Northwest),SIOUX CITY,WOODBURY,,S LAKEPORT ST & GLENN AVE,Collision with:  Vehicle in traffic,On Roadway,Rear-end (front to rear),Lost Control,None Indicated,,Daylight,Dry,Clear,None apparent,Intersection:  Four-way intersection,Paved,,Property Damage Only,0,0,0,0,0,0,9500,2,2,,POINT (-96.346402085506 42.465518494611)
2014821269,14-19796,10/10/2014,10-October,6-Friday,17:37,1700 Hours,District 6 (East Central),BETTENDORF,SCOTT,,LINDENWOOD DR & 18TH ST,Collision with fixed object:  Tree,Outside trafficway,Non-collision (single vehicle),Ran off road - right,Under Influence of Alcohol/Drugs/Medications,,Daylight,Dry,Cloudy,None apparent,Non-intersection:  Non-junction/no special feature,Paved,,Possible/Unknown,0,1,0,0,1,0,2000,1,1,,POINT (-90.499026490438 41.573193812838)
2014820889,2014-038593,10/10/2014,10-October,6-Friday,11:31,1100 Hours,District 6 (East Central),DUBUQUE,DUBUQUE,,UNIVERSITY AVE & FINLEY ST,Collision with:  Vehicle in traffic,On Roadway,"Angle, oncoming left turn",FTYROW:  Making left turn,None Indicated,,Daylight,Dry,Clear,None apparent,Intersection:  Four-way intersection,Paved,,Property Damage Only,0,0,0,0,0,0,4000,2,2,,POINT (-90.697788656275 42.499113995848)
2014821911,14-008891,10/10/2014,10-October,6-Friday,22:20,2200 Hours,District 4 (Southwest),,CASS,IA 83,IA 83/WHITE POLE RD,Collision with:  Vehicle in traffic,On Roadway,"Sideswipe, opposite direction",FTYROW:  Other (explain in narrative),None Indicated,,Dark - roadway not lighted,Dry,Clear,None apparent,Non-intersection:  Non-junction/no special feature,Paved,,Possible/Unknown,0,2,0,0,2,0,9000,2,3,,POINT (-94.895812773838 41.40355232635)
2014821249,C14003230,10/10/2014,10-October,6-Friday,17:42,1700 Hours,District 6 (East Central),CORALVILLE,JOHNSON,I-80,I-80 & 1ST AVE,Collision with:  Vehicle in traffic,On Roadway,Rear-end (front to rear),Other (explain in narrative):  Other,None Indicated,,Daylight,Dry,Clear,None apparent,Intersection:  Intersection with ramp,Paved,,Possible/Unknown,0,1,0,0,1,0,3000,2,2,,POINT (-91.564397145252 41.686750414709)
2014820978,20140030010,10/10/2014,10-October,6-Friday,07:41,0700 Hours,District 1 (Central),DES MOINES,POLK,I-235,I-235,Collision with:  Vehicle in traffic,On Roadway,Rear-end (front to rear),FTYROW:  Other (explain in narrative),None Indicated,,Dawn,Dry,Clear,None apparent,Non-intersection:  Non-junction/no special feature,Paved,,Possible/Unknown,0,1,0,0,1,0,5000,2,2,,POINT (-93.648087980676 41.595279889521)
2014820806,14-6648,10/10/2014,10-October,6-Friday,06:40,0600 Hours,District 1 (Central),GRIMES,POLK,IA 141,IA 141/IOWA 141,Collision with:  Vehicle in traffic,On Roadway,"Sideswipe, same direction",FTYROW:  Other (explain in narrative),None Indicated,,Dark - roadway not lighted,Dry,Cloudy,None apparent,Non-intersection:  Crossover-related,Paved,,Property Damage Only,0,0,0,0,0,0,5500,2,4,,POINT (-93.783704925179 41.743313580233)
2014821742,201403664,10/10/2014,10-October,6-Friday,13:05,1300 Hours,District 6 (East Central),COGGON,LINN,IA 13,IA 13/IOWA 13 & 6TH AVE,Collision with:  Vehicle in traffic,On Roadway,"Sideswipe, opposite direction",Crossed centerline (undivided),None Indicated,,Daylight,Dry,Clear,None apparent,Intersection:  Other intersection (explain in narrative),Paved,,Property Damage Only,0,0,0,0,0,0,10000,2,5,,POINT (-91.525225482779 42.275172417376)
2014821339,101014-200,10/10/2014,10-October,6-Friday,22:05,2200 Hours,District 3 (Northwest),,BUENA VISTA,,80TH AVE,Non-collision events:  Overturn/rollover,Outside trafficway,Non-collision (single vehicle),Ran off road - right,Alcohol (< Statutory),,Dark - roadway not lighted,"Mud, dirt",Clear,None apparent,Non-intersection:  Non-junction/no special feature,Unpaved,,Possible/Unknown,0,2,0,0,2,0,4500,1,2,,POINT (-95.249117128783 42.562232773003)
2014821205,14-5078,10/10/2014,10-October,6-Friday,18:28,1800 Hours,District 1 (Central),WEST DES MOINES,POLK,,E P TRUE PKWY & S 41ST ST,Collision with:  Vehicle in traffic,On Roadway,"Angle, oncoming left turn",Lost Control,None Indicated,,Dusk,Dry,Clear,None apparent,Intersection:  T-intersection,Paved,,Property Damage Only,0,0,0,0,0,0,2100,2,6,,POINT (-93.759565472412 41.570358969324)
2014820913,143110,10/10/2014,10-October,6-Friday,15:05,1500 Hours,District 3 (Northwest),DENISON,CRAWFORD,US 59,US 59 & IA 39/IOWA 39,Collision with:  Vehicle in traffic,On Roadway,"Angle, oncoming left turn",Ran Stop Sign,None Indicated,,Daylight,Dry,Clear,None apparent,Intersection:  Four-way intersection,Paved,,Property Damage Only,0,0,0,0,0,0,2000,2,2,,POINT (-95.369226711051 42.021031739711)
2014909185,094-14,10/10/2014,10-October,6-Friday,07:38,0700 Hours,District 4 (Southwest),,MADISON,,NORTH RIVER SCHOOL ST,Collision with fixed object:  Ditch,Outside trafficway,Non-collision (single vehicle),Swerving/Evasive Action,None Indicated,,Daylight,"Mud, dirt",Cloudy,Other (explain in narrative),Non-intersection:  Non-junction/no special feature,Unpaved,,Major Injury,0,1,1,0,0,0,6000,1,2,,POINT (-94.036412009419 41.402525554303)