Iowa DOT Case Number,Law Enforcement Case Number,Date of Crash,Month of Crash,Day of Week,Time of Crash,Hour,DOT District,City Name,County Name,Route with System,Location Description,First Harmful Event,Location of First Harmful Event,Manner of Crash/Collision,Major Cause,Drug or Alcohol ,Environmental Conditions,Light Conditions,Surface Conditions,Weather Conditions,Roadway Contribution,Roadway Type,Roadway Surface,Work Zone,Crash Severity,Number of Fatalities,Number of Injuries,Number of Major Injuries,Number of Minor Injuries,Number of Possible Injuries,Number of Unknown Injuries,Amount of Property Damage,Number of Vehicles Involved,Total Number of Occupants,Travel Direction,Location
2014820988,20140030036,10/10/2014,10-October,6-Friday,13:01,1300 Hours,District 1 (Central),DES MOINES,POLK,,BANCROFT ST & SW 9TH ST,Collision with:  Vehicle in traffic,On Roadway,Rear-end (front to rear),Followed too close,None Indicated,,Daylight,Dry,Clear,None apparent,Non-intersection:  Non-junction/no special feature,Paved,,Property Damage Only,0,0,0,0,0,0,3000,2,3,,POINT (-93.622742221637 41.56988439128)
2014821194,S14-004030,10/10/2014,10-October,6-Friday,07:00,0700 Hours,District 4 (Southwest),,POTTAWATTAMIE,,Co Rd G36/JUNIPER RD,Non-collision events:  Other non-collision (explain in narrative),Gore,Non-collision (single vehicle),Ran off road - right,None Indicated,,Dark - roadway not lighted,Dry,Clear,None apparent,Non-intersection:  Non-junction/no special feature,Paved,,Property Damage Only,0,0,0,0,0,0,4500,1,1,,POINT (-95.767687017139 41.34708429066)
2014820964,14-004382,10/10/2014,10-October,6-Friday,07:15,0700 Hours,District 1 (Central),ANKENY,POLK,,SE DELAWARE AVE,Collision with fixed object:  Other fixed object (explain in narrative),On Roadway,Non-collision (single vehicle),Unknown,None Indicated,,Dawn,Dry,Clear,None apparent,Non-intersection:  Non-junction/no special feature,Paved,,Property Damage Only,0,0,0,0,0,0,3000,1,1,,POINT (-93.581194841483 41.710262617012)
2014821897,139-2014,10/10/2014,10-October,6-Friday,06:46,0600 Hours,District 4 (Southwest),,HARRISON,,Co Rd L20/LOESS HILLS TRL,Collision with:  Animal,,,Animal,None Indicated,,,,,,,Paved,,Property Damage Only,0,0,0,0,0,0,6500,1,1,,POINT (-95.898155419249 41.576947600001)
2014823480,2014057925,10/10/2014,10-October,6-Friday,17:47,1700 Hours,District 6 (East Central),,JOHNSON,US 6,US 6,Collision with fixed object:  Ditch,Roadside,Non-collision (single vehicle),Ran off road - right,None Indicated,,Daylight,Dry,Cloudy,None apparent,Non-intersection:  Non-junction/no special feature,Paved,,Possible/Unknown,0,1,0,0,1,0,8000,1,1,,POINT (-91.726064446744 41.716091417386)
2014821436,14-33594,10/10/2014,10-October,6-Friday,19:12,1900 Hours,District 3 (Northwest),SIOUX CITY,WOODBURY,,11TH ST & COURT ST,Collision with:  Vehicle in traffic,On Roadway,Broadside (front to side),Ran Stop Sign,None Indicated,,Dark - roadway lighted,Dry,Clear,None apparent,Intersection:  Four-way intersection,Paved,,Property Damage Only,0,0,0,0,0,0,2000,2,2,,POINT (-96.396470035469 42.501862997985)
2014820894,W14-101537,10/10/2014,10-October,6-Friday,21:22,2100 Hours,District 2 (Northeast),WATERLOO,BLACK HAWK,,BYRON AVE & W 9TH ST,Collision with:  Vehicle in traffic,On Roadway,"Sideswipe, opposite direction",Other (explain in narrative):  Other,None Indicated,,Dark - roadway lighted,Dry,Clear,None apparent,Intersection:  Four-way intersection,Paved,,Property Damage Only,0,0,0,0,0,0,3000,2,2,,POINT (-92.342832341887 42.480274577454)
2014821139,14-0569,10/10/2014,10-October,6-Friday,16:50,1600 Hours,District 1 (Central),,WEBSTER,,Co Rd D20/OLD HWY 20 & 220TH ST,Collision with:  Vehicle in traffic,On Roadway,Rear-end (front to rear),Followed too close,None Indicated,,Daylight,Dry,Clear,None apparent,Non-intersection:  Non-junction/no special feature,Paved,,Property Damage Only,0,0,0,0,0,0,11000,3,9,,POINT (-94.232201844938 42.472076409719)
2014823921,14189,10/10/2014,10-October,6-Friday,21:59,2100 Hours,District 5 (Southeast),PELLA,MARION,,UNION ST & MAIN ST,Collision with fixed object:  Other fixed object (explain in narrative),Outside trafficway,Non-collision (single vehicle),Lost Control,Alcohol (Statutory),,Dark - roadway lighted,Dry,Clear,None apparent,Non-intersection:  Non-junction/no special feature,Paved,,Property Damage Only,0,0,0,0,0,0,5550,1,2,,POINT (-92.916492999602 41.404082543542)
2014821144,14-5307,10/10/2014,10-October,6-Friday,18:39,1800 Hours,District 6 (East Central),HIAWATHA,LINN,,10TH AVE,Collision with:  Vehicle in traffic,On Roadway,Rear-end (front to rear),Followed too close,None Indicated,,Dark - unknown roadway lighting,Dry,Clear,None apparent,Non-intersection:  Non-junction/no special feature,Paved,,Property Damage Only,0,0,0,0,0,0,2000,2,5,,POINT (-91.682974554414 42.03507869393)
2014821143,14-26977,10/10/2014,10-October,6-Friday,09:10,0900 Hours,District 1 (Central),,JASPER,,Co Rd S74/HWY S-74 S & S 76TH AVE E,Collision with fixed object:  Ditch,Roadside,Non-collision (single vehicle),Driving too fast for conditions,None Indicated,,Daylight,Dry,Cloudy,None apparent,Non-intersection:  Non-junction/no special feature,Paved,,Possible/Unknown,0,1,0,0,1,0,7000,1,1,,POINT (-93.036456075968 41.600847797593)
2014820993,20140030056,10/10/2014,10-October,6-Friday,15:44,1500 Hours,District 1 (Central),DES MOINES,POLK,,HICKMAN RD,Collision with:  Vehicle in traffic,On Roadway,"Sideswipe, same direction",FTYROW:  From parked position,None Indicated,,Daylight,Dry,Cloudy,None apparent,Non-intersection:  Non-junction/no special feature,Paved,,Property Damage Only,0,0,0,0,0,0,2000,2,4,,POINT (-93.692717512167 41.614880541083)
2014820971,20140030106,10/10/2014,10-October,6-Friday,23:15,2300 Hours,District 1 (Central),DES MOINES,POLK,,E 29TH ST,Collision with:  Vehicle in traffic,On Roadway,"Sideswipe, opposite direction",Lost Control,None Indicated,,Dark - roadway not lighted,Dry,Clear,None apparent,Non-intersection:  Non-junction/no special feature,Paved,,Property Damage Only,0,0,0,0,0,0,3000,2,1,,POINT (-93.560914980819 41.591018442251)
2014821298,C14003231,10/10/2014,10-October,6-Friday,19:10,1900 Hours,District 6 (East Central),CORALVILLE,JOHNSON,,23RD AVE,Collision with:  Vehicle in traffic,On Roadway,Broadside (front to side),FTYROW:  From driveway,None Indicated,,Dark - roadway lighted,Dry,Clear,None apparent,Non-intersection:  Driveway access (within),Paved,,Possible/Unknown,0,1,0,0,1,0,6000,2,4,,POINT (-91.597639906008 41.684179662936)
2014820972,20140030025,10/10/2014,10-October,6-Friday,11:41,1100 Hours,District 1 (Central),DES MOINES,POLK,I-235,I-235 & 31ST ST,Collision with:  Vehicle in traffic,On Roadway,Rear-end (front to rear),Improper Backing,None Indicated,,Daylight,Dry,Cloudy,None apparent,Non-intersection:  Non-junction/no special feature,Paved,,Property Damage Only,0,0,0,0,0,0,1600,2,3,,POINT (-93.659364440225 41.592675729298)
2014821674,14-008821,10/10/2014,10-October,6-Friday,14:14,1400 Hours,District 6 (East Central),MANCHESTER,DELAWARE,,E BUTLER ST,Collision with:  Parked motor vehicle,On Roadway,Head-on (front to front),Improper Backing,None Indicated,,Daylight,Dry,Clear,None apparent,Non-intersection:  Non-junction/no special feature,Paved,,Property Damage Only,0,0,0,0,0,0,1500,2,2,,POINT (-91.447890060036 42.485859088308)
2014821135,201404756,10/10/2014,10-October,6-Friday,19:22,1900 Hours,District 1 (Central),,BOONE,US 30,US 30/220TH ST,Collision with:  Animal,,,Animal,None Indicated,,,,,,,Paved,,Property Damage Only,0,0,0,0,0,0,10000,1,1,,POINT (-93.948750997493 42.033868579549)
2014821673,14-008805,10/10/2014,10-October,6-Friday,08:15,0800 Hours,District 6 (East Central),MANCHESTER,DELAWARE,,SEELEY ST & N 2ND ST,Collision with:  Other non-fixed object (explain in narrative),Outside trafficway,Non-collision (single vehicle),Unknown,None Indicated,,Daylight,Dry,Clear,None apparent,Non-intersection:  Non-junction/no special feature,Paved,,Possible/Unknown,0,1,0,0,0,1,5200,1,1,,POINT (-91.459166012419 42.493918191447)
2014823051,14-036-AC-F,10/10/2014,10-October,6-Friday,15:29,1500 Hours,District 3 (Northwest),MILFORD,DICKINSON,US 71,US 71/OKOBOJI AVE & 6TH ST,Collision with:  Vehicle in traffic,On Roadway,"Angle, oncoming left turn",FTYROW:  Making left turn,None Indicated,,Daylight,Dry,Clear,None apparent,Intersection:  Four-way intersection,Paved,,Property Damage Only,0,0,0,0,0,0,6300,3,5,,POINT (-95.149972237701 43.320704085292)
2014820871,14-0566,10/10/2014,10-October,6-Friday,06:50,0600 Hours,District 1 (Central),,WEBSTER,US 169,US 169 & 175TH ST,Collision with:  Animal,,,Animal,None Indicated,,,,,,,Paved,,Property Damage Only,0,0,0,0,0,0,5000,1,1,,POINT (-94.227287073961 42.536771985207)
2014851433,2014-7661,10/10/2014,10-October,6-Friday,22:20,2200 Hours,District 6 (East Central),ELDRIDGE,SCOTT,US 61,US 61 & BLACKHAWK TRL,Non-collision events:  Other non-collision (explain in narrative),On Roadway,Non-collision (single vehicle),Swerving/Evasive Action,Alcohol (Statutory),,Dark - roadway not lighted,Dry,Clear,None apparent,Non-intersection:  Non-junction/no special feature,Paved,,Possible/Unknown,0,1,0,0,1,0,4000,1,2,,POINT (-90.567844738935 41.625592745961)
2014823238,2014-72791,10/10/2014,10-October,6-Friday,23:00,2300 Hours,District 6 (East Central),DAVENPORT,SCOTT,,W 35TH ST & HILLANDALE RD,Collision with:  Vehicle in traffic,On Roadway,"Angle, oncoming left turn",Unknown,None Indicated,,Dark - roadway lighted,Dry,Unknown,None apparent,Intersection:  Four-way intersection,Paved,,Property Damage Only,0,0,0,0,0,0,3000,2,2,,POINT (-90.619988216089 41.55636298673)
2014821496,14-001171,10/10/2014,10-October,6-Friday,05:19,0500 Hours,District 1 (Central),,STORY,US 30,US 30,Collision with:  Animal,,,Animal,None Indicated,,,,,,,Paved,,Property Damage Only,0,0,0,0,0,0,3000,1,1,,POINT (-93.403707343748 42.007853414812)
2014821110,2014-20589,10/10/2014,10-October,6-Friday,08:19,0800 Hours,District 6 (East Central),RIVERDALE,SCOTT,,QUAIL RIDGE RD & BELMONT RD,Collision with:  Vehicle in traffic,On Roadway,Rear-end (front to rear),Followed too close,None Indicated,,Daylight,Dry,Clear,None apparent,Non-intersection:  Non-junction/no special feature,Paved,,Possible/Unknown,0,1,0,0,1,0,3800,2,2,,POINT (-90.469832509161 41.553578446495)
2014821974,14017854,10/10/2014,10-October,6-Friday,19:33,1900 Hours,District 2 (Northeast),MASON CITY,CERRO GORDO,IA 122,IA 122/4TH ST SW & S TAFT AVE,Collision with:  Vehicle in traffic,On Roadway,"Angle, oncoming left turn",Made improper turn,None Indicated,,Dark - roadway lighted,Dry,Cloudy,None apparent,Intersection:  Four-way intersection,Paved,,Property Damage Only,0,0,0,0,0,0,3000,2,4,,POINT (-93.240604050959 43.148339930608)
2014821042,14-33604,10/10/2014,10-October,6-Friday,21:02,2100 Hours,District 3 (Northwest),SIOUX CITY,WOODBURY,,W 21ST ST & MYRTLE ST,Collision with:  Vehicle in traffic,On Roadway,"Sideswipe, same direction",Made improper turn,None Indicated,,Dark - roadway lighted,Dry,Clear,None apparent,Intersection:  Four-way intersection,Paved,,Property Damage Only,0,0,0,0,0,0,3000,2,7,,POINT (-96.422643119641 42.512293982646)
2014820832,14-3219,10/10/2014,10-October,6-Friday,13:15,1300 Hours,District 1 (Central),FORT DODGE,WEBSTER,,1ST AVE S & S 12TH ST,Collision with:  Vehicle in traffic,On Roadway,"Sideswipe, opposite direction",Made improper turn,None Indicated,,Daylight,Dry,Clear,None apparent,Non-intersection:  Non-junction/no special feature,Paved,,Property Damage Only,0,0,0,0,0,0,2000,2,2,,POINT (-94.182649561051 42.504748927129)
2014821092,14-26971,10/10/2014,10-October,6-Friday,07:15,0700 Hours,District 1 (Central),NEWTON,JASPER,,N 2ND AVE E & E 15TH ST N,Collision with:  Parked motor vehicle,On Roadway,"Sideswipe, opposite direction",Unknown,None Indicated,,Unknown,Dry,Clear,None apparent,Non-intersection:  Non-junction/no special feature,Paved,,Property Damage Only,0,0,0,0,0,0,2000,2,1,,POINT (-93.033315622441 41.700981980134)
2014821198,SO14002403,10/10/2014,10-October,6-Friday,14:00,1400 Hours,District 3 (Northwest),,PLYMOUTH,IA 3,IA 3/IOWA 3 & Co Rd K22 & 180TH ST,Collision with:  Vehicle in traffic,On Roadway,Rear-end (front to rear),Improper Backing,None Indicated,,Daylight,Dry,Cloudy,Work Zone (roadway-related),Intersection:  Four-way intersection,Paved,Yes,Property Damage Only,0,0,0,0,0,0,5250,2,2,,POINT (-96.370479815815 42.793255603265)
2014821530,14-36257,10/10/2014,10-October,6-Friday,02:30,0200 Hours,District 5 (Southeast),BURLINGTON,DES MOINES,,SYCAMORE ST & 8TH ST,Collision with fixed object:  Utility pole/light support,Shoulder,Non-collision (single vehicle),Exceeded authorized speed,Alcohol (< Statutory),,Dark - roadway not lighted,Dry,Clear,None apparent,Non-intersection:  Non-junction/no special feature,Paved,,Possible/Unknown,0,1,0,0,1,0,7500,1,1,,POINT (-91.105447275549 40.822398511527)
2014827527,1410-069,10/10/2014,10-October,6-Friday,21:48,2100 Hours,District 3 (Northwest),,OSCEOLA,,Co Rd L36/OLIVE AVE/230TH ST,Non-collision events:  Overturn/rollover,Roadside,Non-collision (single vehicle),Driving too fast for conditions,None Indicated,,Dark - roadway not lighted,Dry,Clear,None apparent,Intersection:  Four-way intersection,Paved,,Property Damage Only,0,0,0,0,0,0,12500,1,1,,POINT (-95.762389372735 43.316206953765)
2014820888,14-5297,10/10/2014,10-October,6-Friday,05:55,0500 Hours,District 6 (East Central),HIAWATHA,LINN,,TOWER TERRACE RD & STAMY RD,Collision with:  Animal,On Roadway,Non-collision (single vehicle),Animal,None Indicated,,Dark - roadway not lighted,Dry,Clear,None apparent,Non-intersection:  Non-junction/no special feature,Paved,,Minor Injury,0,1,0,1,0,0,1000,1,1,,POINT (-91.685071689096 42.058753403942)
2014820883,14-5069,10/10/2014,10-October,6-Friday,11:03,1100 Hours,District 4 (Southwest),WEST DES MOINES,DALLAS,,JORDAN CREEK PKWY,Collision with:  Vehicle in traffic,On Roadway,Rear-end (front to rear),Swerving/Evasive Action,None Indicated,,Daylight,Dry,Cloudy,None apparent,Intersection:  Four-way intersection,Paved,,Possible/Unknown,0,2,0,0,2,0,1000,2,6,,POINT (-93.809124385103 41.58274809918)
2014821369,OP14007144,10/10/2014,10-October,6-Friday,21:04,2100 Hours,District 3 (Northwest),ONAWA,MONONA,,14TH ST,Collision with:  Vehicle in traffic,On Roadway,Rear-end (front to rear),Other (explain in narrative):  Vision obstructed,None Indicated,,Dark - roadway not lighted,Dry,Cloudy,None apparent,Non-intersection:  Driveway access (within),Paved,,Property Damage Only,0,0,0,0,0,0,3250,2,1,,POINT (-96.102422297093 42.032657700944)
2014821571,,10/10/2014,10-October,6-Friday,02:25,0200 Hours,District 6 (East Central),CAMANCHE,CLINTON,,9TH AVE,Collision with fixed object:  Ditch,On Roadway,Non-collision (single vehicle),Ran off road - right,None Indicated,,Dark - roadway not lighted,Dry,Unknown,None apparent,Non-intersection:  Non-junction/no special feature,Paved,,Property Damage Only,0,0,0,0,0,0,7000,1,1,,POINT (-90.275796555272 41.799940931076)
2014820773,SO1404285,10/10/2014,10-October,6-Friday,07:00,0700 Hours,District 5 (Southeast),,JEFFERSON,,Co Rd H33/BROOKVILLE RD,Collision with:  Animal,,,Animal,None Indicated,,,,,,,Paved,,Property Damage Only,0,0,0,0,0,0,3000,1,1,,POINT (-92.004962767323 41.014819827797)
2014820833,14-5067,10/10/2014,10-October,6-Friday,09:12,0900 Hours,District 1 (Central),WEST DES MOINES,POLK,,MILLS CIVIC PKWY & S 60TH ST,Collision with:  Vehicle in traffic,On Roadway,Broadside (front to side),Unknown,None Indicated,,Daylight,Dry,Cloudy,None apparent,Intersection:  Four-way intersection,Paved,,Possible/Unknown,0,2,0,0,2,0,30000,2,2,,POINT (-93.790540835827 41.559062243867)
2014821261,14-27014,10/10/2014,10-October,6-Friday,15:47,1500 Hours,District 1 (Central),NEWTON,JASPER,,S 8TH AVE E & S 7TH AVE E & E 20TH ST S & E 21ST ST S,Collision with:  Vehicle in traffic,On Roadway,Broadside (front to side),FTYROW:  From stop sign,None Indicated,,Daylight,Dry,Clear,None apparent,Intersection:  Four-way intersection,Paved,,Property Damage Only,0,0,0,0,0,0,2300,2,4,,POINT (-93.027855902937 41.693417432274)
2014820939,14021332,10/10/2014,10-October,6-Friday,15:57,1500 Hours,District 6 (East Central),MARION,LINN,,BOYSON RD & ALBURNETT RD,Collision with:  Vehicle in traffic,On Roadway,"Angle, oncoming left turn",FTYROW:  Making left turn,None Indicated,,Daylight,Dry,Cloudy,None apparent,Intersection:  Four-way intersection,Paved,,Possible/Unknown,0,1,0,0,1,0,5000,2,2,,POINT (-91.610409629373 42.04368862264)
2014821076,2014-71298,10/10/2014,10-October,6-Friday,03:39,0300 Hours,District 6 (East Central),DAVENPORT,SCOTT,,W 15TH ST,Collision with:  Vehicle in traffic,On Roadway,Rear-end (front to rear),Other (explain in narrative):  Other,Alcohol (Statutory),,Dark - roadway lighted,Dry,Clear,None apparent,Non-intersection:  Non-junction/no special feature,Paved,,Property Damage Only,0,0,0,0,0,0,11000,3,1,,POINT (-90.590406789746 41.535085853368)
2014821435,14-33581,10/10/2014,10-October,6-Friday,17:22,1700 Hours,District 3 (Northwest),SIOUX CITY,WOODBURY,,INDIAN HILLS DR,Collision with:  Vehicle in traffic,On Roadway,Rear-end (front to rear),Driving too fast for conditions,None Indicated,,Daylight,Dry,Clear,None apparent,Non-intersection:  Non-junction/no special feature,Paved,,Property Damage Only,0,0,0,0,0,0,1500,2,2,,POINT (-96.382241876625 42.534052055197)
2014821583,,10/10/2014,10-October,6-Friday,19:20,1900 Hours,District 5 (Southeast),LAMONI,DECATUR,US 69,US 69/E MAIN ST & S CEDAR ST,Collision with:  Non-motorist (see non-motorist section - NOT a unit),On Roadway,Non-collision (single vehicle),FTYROW:  Making left turn,None Indicated,,Dark - roadway lighted,Dry,Cloudy,None apparent,Non-intersection:  Driveway access (within),Paved,,Major Injury,0,1,1,0,0,0,0,1,1,,POINT (-93.925375540384 40.623663139568)
2014821272,14008826,10/10/2014,10-October,6-Friday,19:31,1900 Hours,District 6 (East Central),MANCHESTER,DELAWARE,IA 13,IA 13/IOWA 13,Collision with:  Animal,,,Animal,None Indicated,,,,,,,Paved,,Property Damage Only,0,0,0,0,0,0,2500,1,1,,POINT (-91.479479699707 42.476682629815)
2014821686,2014-71458,10/10/2014,10-October,6-Friday,21:28,2100 Hours,District 6 (East Central),DAVENPORT,SCOTT,,E 35TH CT & ELMORE AVE,Collision with:  Vehicle in traffic,On Roadway,"Angle, oncoming left turn",FTYROW:  Making left turn,None Indicated,,Dark - roadway lighted,Dry,Clear,None apparent,Intersection:  Four-way intersection,Paved,,Possible/Unknown,0,1,0,0,1,0,12500,2,2,,POINT (-90.527264920093 41.556071468874)
2014821096,2014011336,10/10/2014,10-October,6-Friday,16:14,1600 Hours,District 6 (East Central),IOWA CITY,JOHNSON,IA 1,IA 1/GOVERNOR ST & FAIRCHILD ST,Collision with:  Vehicle in traffic,On Roadway,"Sideswipe, same direction",Made improper turn,None Indicated,,Daylight,Dry,Cloudy,None apparent,Intersection:  Four-way intersection,Paved,,Property Damage Only,0,0,0,0,0,0,3600,2,4,,POINT (-91.522775282881 41.666795141509)
2014823922,14190,10/10/2014,10-October,6-Friday,07:59,0700 Hours,District 5 (Southeast),PELLA,MARION,,UNIVERSITY ST & E 3RD ST,Collision with:  Vehicle in traffic,On Roadway,Broadside (front to side),FTYROW:  From stop sign,None Indicated,,Daylight,Dry,Cloudy,None apparent,Intersection:  Four-way intersection,Paved,,Possible/Unknown,0,2,0,0,2,0,12000,2,2,,POINT (-92.911318113058 41.400097310366)
2014825094,TC5414,10/10/2014,10-October,6-Friday,16:05,1600 Hours,District 4 (Southwest),MISSOURI VALLEY,HARRISON,US 30,US 30/W ERIE ST & S WEST ST & N WEST ST,Collision with:  Vehicle in traffic,On Roadway,Broadside (front to side),Other (explain in narrative):  Other,None Indicated,,Daylight,Dry,Clear,None apparent,Intersection:  Four-way intersection,Paved,,Property Damage Only,0,0,0,0,0,0,23000,2,5,,POINT (-95.896118769504 41.556339296395)
2014821814,,10/10/2014,10-October,6-Friday,15:00,1500 Hours,District 6 (East Central),CEDAR RAPIDS,LINN,,EDGEWOOD RD SW,Collision with:  Vehicle in traffic,On Roadway,"Angle, oncoming left turn",Unknown,None Indicated,,Daylight,Dry,Clear,,Non-intersection:  Other non-intersection (explain in narrative),Paved,,Property Damage Only,0,0,0,0,0,0,4500,2,2,,POINT (-91.716037237047 41.963167774771)
2014821312,2014010664,10/10/2014,10-October,6-Friday,19:31,1900 Hours,District 1 (Central),MARSHALLTOWN,MARSHALL,US 30,US 30/NE RAMP CURV,Collision with:  Vehicle in traffic,On Roadway,Rear-end (front to rear),Other (explain in narrative):  Other,None Indicated,,Dark - roadway lighted,Dry,Clear,None apparent,Interchange-related:  Off-ramp,Paved,,Property Damage Only,0,0,0,0,0,0,2200,2,3,,POINT (-92.912282916497 42.004575874299)
2014821251,14006298,10/10/2014,10-October,6-Friday,06:15,0600 Hours,District 2 (Northeast),,CERRO GORDO,,Co Rd B20/300TH ST,Collision with:  Animal,,,Animal,None Indicated,,,,,,,Paved,,Property Damage Only,0,0,0,0,0,0,5000,1,1,,POINT (-93.288890914869 43.198727172139)
2014821568,,10/10/2014,10-October,6-Friday,06:54,0600 Hours,District 5 (Southeast),,LUCAS,,Co Rd S23/200TH AVE,Collision with:  Animal,On Roadway,Non-collision (single vehicle),Animal,None Indicated,,Dawn,Dry,Cloudy,None apparent,Non-intersection:  Non-junction/no special feature,Paved,,Property Damage Only,0,0,0,0,0,0,3500,1,1,,POINT (-93.361358992472 41.108458447252)
2014820937,201415155,10/10/2014,10-October,6-Friday,08:50,0800 Hours,District 6 (East Central),CEDAR RAPIDS,LINN,I-380,I-380 & 42ND ST NE,Collision with:  Vehicle in traffic,On Roadway,Broadside (front to side),Ran off road - right,None Indicated,,Daylight,Dry,Clear,None apparent,Intersection:  Intersection with ramp,Paved,,Possible/Unknown,0,1,0,0,1,0,9500,3,3,,POINT (-91.669279117778 42.021546249051)
2014820992,20140030055,10/10/2014,10-October,6-Friday,15:21,1500 Hours,District 1 (Central),DES MOINES,POLK,,HIGH ST & 24TH ST,Collision with:  Vehicle in traffic,On Roadway,"Sideswipe, same direction",Followed too close,None Indicated,,Daylight,Dry,Clear,None apparent,Non-intersection:  Non-junction/no special feature,Paved,,Property Damage Only,0,0,0,0,0,0,2900,2,3,,POINT (-93.649637648562 41.587083561006)
2014821584,,10/10/2014,10-October,6-Friday,14:40,1400 Hours,District 4 (Southwest),ADEL,DALLAS,,COTTAGE ST & S 4TH ST,Collision with fixed object:  Utility pole/light support,On Roadway,Non-collision (single vehicle),Ran off road - right,None Indicated,,Daylight,Dry,Cloudy,None apparent,Non-intersection:  Non-junction/no special feature,Paved,,Property Damage Only,0,0,0,0,0,0,4400,1,2,,POINT (-94.012044290045 41.613422477596)
2014821219,14-3221,10/10/2014,10-October,6-Friday,15:15,1500 Hours,District 1 (Central),FORT DODGE,WEBSTER,,KENYON RD & FT MUSEUM RD,Collision with:  Vehicle in traffic,On Roadway,"Sideswipe, same direction",Unknown,None Indicated,,Daylight,Dry,Clear,None apparent,Non-intersection:  Non-junction/no special feature,Paved,,Property Damage Only,0,0,0,0,0,0,1500,2,2,,POINT (-94.198367899075 42.487186593865)
2014820914,143113,10/10/2014,10-October,6-Friday,15:35,1500 Hours,District 3 (Northwest),DENISON,CRAWFORD,,S 11TH ST,Collision with:  Vehicle in traffic,On Roadway,Rear-end (front to rear),FTYROW:  Other (explain in narrative),None Indicated,,Daylight,Dry,Clear,None apparent,Non-intersection:  Non-junction/no special feature,Paved,,Possible/Unknown,0,1,0,0,1,0,500,2,2,,POINT (-95.358396816831 42.012312094074)
2014820959,14-6672,10/10/2014,10-October,6-Friday,21:25,2100 Hours,District 1 (Central),,POLK,I-80,I-80,Collision with fixed object:  Tree,On Roadway,Non-collision (single vehicle),Other (explain in narrative):  Other,None Indicated,,Dark - roadway lighted,Dry,Clear,None apparent,Interchange-related:  On-ramp,Paved,,Property Damage Only,0,0,0,0,0,0,4200,1,2,,POINT (-93.526143596042 41.660322180078)
2014821021,14-2269,10/10/2014,10-October,6-Friday,16:19,1600 Hours,District 1 (Central),URBANDALE,POLK,,86TH ST,Collision with:  Vehicle in traffic,On Roadway,Rear-end (front to rear),Followed too close,None Indicated,,Daylight,Dry,Cloudy,None apparent,Non-intersection:  Non-junction/no special feature,Paved,,Property Damage Only,0,0,0,0,0,0,3000,2,2,,POINT (-93.736448057266 41.649106124455)
2014826540,14-086,10/10/2014,10-October,6-Friday,10:00,1000 Hours,District 3 (Northwest),SIOUX CENTER,SIOUX,US 75,US 75/MAIN AVE & 12TH ST SW,Collision with:  Vehicle in traffic,On Roadway,Rear-end (front to rear),Followed too close,None Indicated,,Daylight,Dry,Cloudy,None apparent,Non-intersection:  Driveway access (within),Paved,,Property Damage Only,0,0,0,0,0,0,2000,2,2,,POINT (-96.175389031239 43.06663094264)
2014821289,2014011340,10/10/2014,10-October,6-Friday,17:00,1700 Hours,District 6 (East Central),IOWA CITY,JOHNSON,IA 1,IA 1/DODGE ST & E BLOOMINGTON ST,Collision with:  Vehicle in traffic,On Roadway,Rear-end (front to rear),Followed too close,None Indicated,,Daylight,Dry,Clear,None apparent,Non-intersection:  Non-junction/no special feature,Paved,,Property Damage Only,0,0,0,0,0,0,5000,2,2,,POINT (-91.52571981883 41.66461727275)
2014821137,14-3224,10/10/2014,10-October,6-Friday,16:45,1600 Hours,District 1 (Central),FORT DODGE,WEBSTER,,KENYON RD,Collision with:  Vehicle in traffic,On Roadway,Rear-end (front to rear),Other (explain in narrative):  No improper action,None Indicated,,Daylight,Dry,Clear,None apparent,Non-intersection:  Non-junction/no special feature,Paved,,Property Damage Only,0,0,0,0,0,0,3500,2,3,,POINT (-94.190681389023 42.491220228636)
2014821282,14-1623,10/10/2014,10-October,6-Friday,06:41,0600 Hours,District 1 (Central),,GREENE,IA 4,IA 4/NEOLA AVE,Collision with:  Animal,On Roadway,Non-collision (single vehicle),Animal,None Indicated,,Dark - roadway not lighted,Dry,Clear,None apparent,Non-intersection:  Non-junction/no special feature,Paved,,Property Damage Only,0,0,0,0,0,0,5500,1,1,,POINT (-94.367266747727 41.867826434344)
2014820955,14-6663,10/10/2014,10-October,6-Friday,15:14,1500 Hours,District 1 (Central),,POLK,IA 415,IA 415/2ND AVE & NW 50TH PL,Collision with:  Vehicle in traffic,On Roadway,"Sideswipe, same direction",Other (explain in narrative):  Other,None Indicated,,Daylight,Dry,Cloudy,None apparent,Non-intersection:  Non-junction/no special feature,Paved,,Property Damage Only,0,0,0,0,0,0,3000,2,2,,POINT (-93.619994975127 41.652549451921)
2014820926,14-171010-01,10/10/2014,10-October,6-Friday,06:48,0600 Hours,District 6 (East Central),,IOWA,US 6,US 6,Collision with:  Animal,,,Animal,None Indicated,,,,,,,Paved,,Property Damage Only,0,0,0,0,0,0,6000,1,1,,POINT (-91.974475799804 41.774645046313)