Iowa DOT Case Number,Law Enforcement Case Number,Date of Crash,Month of Crash,Day of Week,Time of Crash,Hour,DOT District,City Name,County Name,Route with System,Location Description,First Harmful Event,Location of First Harmful Event,Manner of Crash/Collision,Major Cause,Drug or Alcohol ,Environmental Conditions,Light Conditions,Surface Conditions,Weather Conditions,Roadway Contribution,Roadway Type,Roadway Surface,Work Zone,Crash Severity,Number of Fatalities,Number of Injuries,Number of Major Injuries,Number of Minor Injuries,Number of Possible Injuries,Number of Unknown Injuries,Amount of Property Damage,Number of Vehicles Involved,Total Number of Occupants,Travel Direction,Location
2014823116,A14-066,10/11/2014,10-October,7-Saturday,07:15,0700 Hours,District 4 (Southwest),WINTERSET,MADISON,,W JEFFERSON ST,Collision with:  Parked motor vehicle,On Roadway,Rear-end (front to rear),Other (explain in narrative):  Vision obstructed,None Indicated,,Dawn,Dry,Cloudy,None apparent,Non-intersection:  Non-junction/no special feature,Paved,,Possible/Unknown,0,1,0,0,1,0,6000,2,1,,POINT (-94.031595009191 41.335427145818)
2014821305,14019839,10/11/2014,10-October,7-Saturday,19:45,1900 Hours,District 2 (Northeast),,BREMER,US 63,US 63,Collision with:  Animal,,,Animal,None Indicated,,,,,,,Paved,,Property Damage Only,0,0,0,0,0,0,3000,1,1,,POINT (-92.337285850315 42.781318612864)
2014823589,2014057984,10/11/2014,10-October,7-Saturday,07:59,0700 Hours,District 6 (East Central),IOWA CITY,JOHNSON,I-80,I-80,Collision with fixed object:  Guardrail - face,On Roadway,Non-collision (single vehicle),Ran off road - right,None Indicated,,Dawn,Dry,Clear,None apparent,Non-intersection:  Non-junction/no special feature,Paved,,Property Damage Only,0,0,0,0,0,0,12631,1,2,,POINT (-91.513132191812 41.687044198755)
2014821287,2014011402,10/11/2014,10-October,7-Saturday,13:36,1300 Hours,District 6 (East Central),IOWA CITY,JOHNSON,US 6,US 6/RIVERSIDE DR/S RIVERSIDE DR,Collision with:  Vehicle in traffic,On Roadway,Broadside (front to side),Ran Traffic Signal,None Indicated,,Daylight,Dry,Clear,None apparent,Intersection:  Four-way intersection,Paved,,Property Damage Only,0,0,0,0,0,0,8000,2,6,,POINT (-91.542188252857 41.661386752725)
2014821017,20140030157,10/11/2014,10-October,7-Saturday,12:53,1200 Hours,District 1 (Central),DES MOINES,POLK,,SW 7TH ST & SW 6TH AVE & W MLK JR PKWY,Collision with:  Vehicle in traffic,On Roadway,"Sideswipe, same direction",Made improper turn,None Indicated,,Daylight,Dry,Clear,None apparent,Intersection:  Four-way intersection,Paved,,Property Damage Only,0,0,0,0,0,0,4500,2,2,,POINT (-93.62429402127 41.581567412846)
2014821896,138-2014,10/11/2014,10-October,7-Saturday,19:30,1900 Hours,District 4 (Southwest),,HARRISON,,Co Rd F50/270TH ST & Co Rd L20/LOESS HILLS TRL,Collision with:  Animal,,,Animal,None Indicated,,,,,,,Paved,,Property Damage Only,0,0,0,0,0,0,6000,1,1,,POINT (-95.895413563507 41.61755238686)
2014821730,2014-71593,10/11/2014,10-October,7-Saturday,12:04,1200 Hours,District 6 (East Central),DAVENPORT,SCOTT,,W 18TH ST,Collision with fixed object:  Other fixed object (explain in narrative),On Roadway,Non-collision (single vehicle),Ran off road - right,None Indicated,,Daylight,Dry,Clear,None apparent,Non-intersection:  Non-junction/no special feature,Paved,,Property Damage Only,0,0,0,0,0,0,2500,1,2,,POINT (-90.57787505797 41.53748833645)
2014821470,2014058097,10/11/2014,10-October,7-Saturday,23:45,2300 Hours,District 4 (Southwest),,MADISON,IA 92,IA 92/IOWA 92 & WILDROSE AVE & WILDROSE LN,Collision with:  Animal,,,Animal,None Indicated,,,,,,,Paved,,Property Damage Only,0,0,0,0,0,0,1500,1,1,,POINT (-93.827954337275 41.348953324622)
2014823591,2014058026,10/11/2014,10-October,7-Saturday,15:40,1500 Hours,District 6 (East Central),IOWA CITY,JOHNSON,,FOSTER RD & N DUBUQUE ST & B'JAYSVILLE LN,Collision with:  Vehicle in traffic,On Roadway,Rear-end (front to rear),Followed too close,None Indicated,,Daylight,Dry,Clear,None apparent,Intersection:  Four-way intersection,Paved,,Property Damage Only,0,0,0,0,0,0,6000,2,4,,POINT (-91.535316076232 41.681078384973)
2014821902,140-2014,10/11/2014,10-October,7-Saturday,08:15,0800 Hours,District 4 (Southwest),,HARRISON,,Co Rd F20/EASTON TRL,Non-collision events:  Other non-collision (explain in narrative),On Roadway,Non-collision (single vehicle),Lost Control,None Indicated,,Daylight,Dry,Clear,None apparent,Non-intersection:  Non-junction/no special feature,Paved,,Minor Injury,0,1,0,1,0,0,3800,1,1,,POINT (-96.006226020648 41.827401538492)
2014821688,2014-71652,10/11/2014,10-October,7-Saturday,18:59,1800 Hours,District 6 (East Central),DAVENPORT,SCOTT,,E 53RD ST & UTICA RIDGE RD,Collision with:  Vehicle in traffic,On Roadway,"Angle, oncoming left turn",FTYROW:  Making left turn,None Indicated,,Dark - roadway lighted,Dry,Clear,None apparent,Intersection:  Four-way intersection,Paved,,Property Damage Only,0,0,0,0,0,0,30000,2,2,,POINT (-90.513376500316 41.574919231094)
2014821469,2014057987,10/11/2014,10-October,7-Saturday,08:30,0800 Hours,District 6 (East Central),CORALVILLE,JOHNSON,US 218,US 218,Collision with:  Vehicle in traffic,On Roadway,Rear-end (front to rear),Lost Control,None Indicated,,Daylight,Dry,Clear,None apparent,Interchange-related:  On-ramp merge area,Paved,,Property Damage Only,0,0,0,0,0,0,6500,2,2,,POINT (-91.637175657013 41.692428279414)
2014822729,14-008574,10/11/2014,10-October,7-Saturday,16:51,1600 Hours,District 2 (Northeast),,CLAYTON,,Co Rd X16/GUNDER RD,Collision with:  Vehicle in traffic,On Roadway,"Angle, oncoming left turn",Other (explain in narrative):  No improper action,None Indicated,,Daylight,Dry,Clear,None apparent,Non-intersection:  Non-junction/no special feature,Paved,,Property Damage Only,0,0,0,0,0,0,3000,2,2,,POINT (-91.413270945292 42.897350099192)
2014823678,147733,10/11/2014,10-October,7-Saturday,23:30,2300 Hours,District 4 (Southwest),,DALLAS,,Co Rd R22/U AVE & 250TH ST,Collision with fixed object:  Ditch,On Roadway,Non-collision (single vehicle),Swerving/Evasive Action,None Indicated,,Dark - roadway not lighted,Dry,Clear,None apparent,Non-intersection:  Non-junction/no special feature,Paved,,Property Damage Only,0,0,0,0,0,0,1500,1,2,,POINT (-93.891737775866 41.672865763409)
2014821188,2014-22183,10/11/2014,10-October,7-Saturday,09:00,0900 Hours,District 5 (Southeast),,WARREN,IA 92,IA 92/IOWA 92 & Co Rd S23/HWY S23,Collision with:  Vehicle in traffic,On Roadway,Rear-end (front to rear),FTYROW:  From stop sign,None Indicated,,Daylight,Dry,Clear,None apparent,Intersection:  T-intersection,Paved,,Property Damage Only,0,0,0,0,0,0,3500,2,3,,POINT (-93.438772105451 41.372353178137)
2014821303,14006347,10/11/2014,10-October,7-Saturday,15:45,1500 Hours,District 2 (Northeast),,CERRO GORDO,,285TH ST,Collision with fixed object:  Ditch,On Roadway,Non-collision (single vehicle),Ran off road - left,None Indicated,,Daylight,Dry,Clear,"Surface condition (e.g., wet, icy)",Non-intersection:  Non-junction/no special feature,Unpaved,,Possible/Unknown,0,1,0,0,1,0,5000,1,1,,POINT (-93.403338838739 43.176958563815)
2014821812,,10/11/2014,10-October,7-Saturday,02:15,0200 Hours,District 3 (Northwest),LAKE CITY,CALHOUN,,JEFFERSON ST,Collision with:  Parked motor vehicle,On Roadway,Rear-end (front to rear),"Operating vehicle in an reckless, erratic, careless, negligent manner",Alcohol (Statutory),,Dark - roadway lighted,Dry,Clear,None apparent,Non-intersection:  Non-junction/no special feature,Paved,,Property Damage Only,0,0,0,0,0,0,6500,3,1,,POINT (-94.735160638798 42.266430290924)
2014821081,2014-71639,10/11/2014,10-October,7-Saturday,17:19,1700 Hours,District 6 (East Central),DAVENPORT,SCOTT,US 6,US 6/W KIMBERLY RD & N PINE ST,Collision with:  Vehicle in traffic,On Roadway,Broadside (front to side),FTYROW:  Making right turn on red signal,None Indicated,,Daylight,Dry,Clear,None apparent,Non-intersection:  Non-junction/no special feature,Paved,,Property Damage Only,0,0,0,0,0,0,3000,2,3,,POINT (-90.610293119347 41.560124617184)
2014821179,2014-038636,10/11/2014,10-October,7-Saturday,14:12,1400 Hours,District 6 (East Central),DUBUQUE,DUBUQUE,,HOLLIDAY DR,Collision with:  Vehicle in traffic,On Roadway,Rear-end (front to rear),Lost Control,None Indicated,,Daylight,Dry,Clear,None apparent,Non-intersection:  Non-junction/no special feature,Paved,,Minor Injury,0,1,0,1,0,0,10500,2,3,,POINT (-90.742709393442 42.514236303805)
2014821443,14-33683,10/11/2014,10-October,7-Saturday,14:54,1400 Hours,District 3 (Northwest),SIOUX CITY,WOODBURY,,14TH ST,Collision with:  Parked motor vehicle,On Roadway,"Sideswipe, same direction",Lost Control,Alcohol (Statutory),,Daylight,Dry,Clear,None apparent,Non-intersection:  Non-junction/no special feature,Paved,,Property Damage Only,0,0,0,0,0,0,6000,2,2,,POINT (-96.397258743578 42.504964148626)
2014821783,2014058057,10/11/2014,10-October,7-Saturday,18:16,1800 Hours,District 1 (Central),AMES,STORY,US 30,US 30,Collision with:  Vehicle in traffic,On Roadway,Rear-end (front to rear),Followed too close,Alcohol (Statutory),,Daylight,Dry,Clear,None apparent,"Interchange-related:  Off-ramp, diverge area",Paved,,Property Damage Only,0,0,0,0,0,0,10000,2,2,,POINT (-93.577719254506 42.007235624428)
2014829943,2014-71659,10/11/2014,10-October,7-Saturday,19:42,1900 Hours,District 6 (East Central),DAVENPORT,SCOTT,,W 16TH ST & WASHINGTON ST,Collision with:  Parked motor vehicle,On Roadway,Rear-end (front to rear),Other (explain in narrative):  Other,Under Influence of Alcohol/Drugs/Medications,,Dark - roadway lighted,Dry,Clear,None apparent,Non-intersection:  Non-junction/no special feature,Paved,,Possible/Unknown,0,1,0,0,0,1,2500,2,2,,POINT (-90.596252318753 41.535838708425)
2014821558,SA1408625,10/11/2014,10-October,7-Saturday,05:09,0500 Hours,District 5 (Southeast),WASHINGTON,WASHINGTON,,NUTMEG AVE & 230TH ST,Collision with fixed object:  Ditch,On Roadway,Non-collision (single vehicle),Ran off road - left,None Indicated,,Dark - roadway not lighted,Dry,Clear,None apparent,Intersection:  T-intersection,Unpaved,,Property Damage Only,0,0,0,0,0,0,4000,1,2,,POINT (-91.697597555839 41.323475430164)
2014823019,2014057980,10/11/2014,10-October,7-Saturday,06:30,0600 Hours,District 6 (East Central),,BUCHANAN,I-380,I-380,Collision with:  Animal,On Roadway,Non-collision (single vehicle),Animal,None Indicated,,Dark - roadway lighted,Dry,Clear,None apparent,Non-intersection:  Non-junction/no special feature,Paved,,Property Damage Only,0,0,0,0,0,0,2800,1,1,,POINT (-91.984489358769 42.317669616325)
2014822867,14-014033,10/11/2014,10-October,7-Saturday,00:36,0000 Hours,District 2 (Northeast),,FAYETTE,US 18,US 18/HARDING RD,Collision with:  Animal,,,Animal,None Indicated,,,,,,,Paved,,Property Damage Only,0,0,0,0,0,0,1500,1,1,,POINT (-91.75770798203 42.987055263201)
2014822424,14-010394,10/11/2014,10-October,7-Saturday,11:30,1100 Hours,District 3 (Northwest),,CARROLL,US 71,US 71 & Co Rd E37/220TH ST,Collision with:  Vehicle in traffic,On Roadway,Broadside (front to side),FTYROW:  From stop sign,None Indicated,,Daylight,Dry,Clear,None apparent,Intersection:  Four-way intersection,Paved,,Minor Injury,0,1,0,1,0,0,18000,2,2,,POINT (-94.878706220674 42.035254986805)
2014823588,2014057983,10/11/2014,10-October,7-Saturday,07:15,0700 Hours,District 6 (East Central),,BENTON,,Co Rd W26/32 AVE & 59 ST,Collision with:  Animal,,Non-collision (single vehicle),Animal,None Indicated,,,,,,,Paved,,Property Damage Only,0,0,0,0,0,0,2000,1,1,,POINT (-91.872660471359 42.167456352675)
2014822027,14-33706,10/11/2014,10-October,7-Saturday,22:27,2200 Hours,District 3 (Northwest),SIOUX CITY,WOODBURY,,4TH ST,Collision with:  Vehicle in traffic,On Roadway,Broadside (front to side),Unknown,None Indicated,,Dark - roadway lighted,Dry,Clear,None apparent,Non-intersection:  Non-junction/no special feature,Paved,,Possible/Unknown,0,1,0,0,0,1,3000,2,5,,POINT (-96.397139144396 42.494225351114)
2014820929,2014-15228,10/11/2014,10-October,7-Saturday,14:51,1400 Hours,District 6 (East Central),CEDAR RAPIDS,LINN,I-380,I-380,Collision with:  Vehicle in traffic,On Roadway,Rear-end (front to rear),Followed too close,None Indicated,,Daylight,Dry,Clear,None apparent,Intersection:  Four-way intersection,Paved,,Property Damage Only,0,0,0,0,0,0,3500,2,4,,POINT (-91.669013897646 41.889904535552)
2014821039,14-012427,10/11/2014,10-October,7-Saturday,17:36,1700 Hours,District 1 (Central),TOLEDO,TAMA,,H AVE,Collision with:  Vehicle in traffic,On Roadway,"Sideswipe, opposite direction",Crossed centerline (undivided),None Indicated,,Daylight,"Mud, dirt",Clear,"Surface condition (e.g., wet, icy)",Non-intersection:  Non-junction/no special feature,Unpaved,,Property Damage Only,0,0,0,0,0,0,5500,2,2,,POINT (-92.634832581565 42.017565539264)
2014821268,14-19853,10/11/2014,10-October,7-Saturday,10:35,1000 Hours,District 6 (East Central),BETTENDORF,SCOTT,US 67,US 67/GRANT ST & 18TH ST,Collision with:  Vehicle in traffic,On Roadway,Broadside (front to side),Ran Traffic Signal,Refused,,Daylight,Dry,Clear,None apparent,Intersection:  Four-way intersection,Paved,,Possible/Unknown,0,1,0,0,1,0,13000,2,3,,POINT (-90.507259354296 41.526269558855)
2014821441,14-33655,10/11/2014,10-October,7-Saturday,12:23,1200 Hours,District 3 (Northwest),SIOUX CITY,WOODBURY,,W 4TH ST & 6TH ST & WESLEY PKWY,Collision with:  Vehicle in traffic,On Roadway,Broadside (front to side),Ran Traffic Signal,Alcohol (Statutory),,Daylight,Dry,Clear,None apparent,Intersection:  Four-way intersection,Paved,,Possible/Unknown,0,2,0,0,2,0,8000,2,9,,POINT (-96.410805796428 42.496286194939)
2014821439,14-33639,10/11/2014,10-October,7-Saturday,08:56,0800 Hours,District 3 (Northwest),SIOUX CITY,WOODBURY,,GLENN AVE,Collision with:  Vehicle in traffic,On Roadway,"Sideswipe, opposite direction",Crossed centerline (undivided),None Indicated,,Daylight,Dry,Clear,None apparent,Non-intersection:  Non-junction/no special feature,Paved,,Possible/Unknown,0,1,0,0,1,0,9000,2,2,,POINT (-96.359658631727 42.465292334524)
2014824035,14-243,10/11/2014,10-October,7-Saturday,15:21,1500 Hours,District 4 (Southwest),,RINGGOLD,IA 25,IA 25/IOWA 25,Non-collision events:  Overturn/rollover,On Roadway,Non-collision (single vehicle),Ran off road - right,None Indicated,,Daylight,Dry,Clear,None apparent,Non-intersection:  Non-junction/no special feature,Paved,,Possible/Unknown,0,1,0,0,0,1,4500,1,1,,POINT (-94.470927476974 40.89357184104)
2014822481,2014058063,10/11/2014,10-October,7-Saturday,19:10,1900 Hours,District 4 (Southwest),COUNCIL BLUFFS,POTTAWATTAMIE,US 6,US 6/KANESVILLE BLVD,Collision with:  Animal,,,Animal,None Indicated,,,,,,,Paved,,Property Damage Only,0,0,0,0,0,0,1500,1,1,,POINT (-95.800886494393 41.279561463175)
2014821149,2014-013190,10/11/2014,10-October,7-Saturday,14:34,1400 Hours,District 6 (East Central),,DUBUQUE,US 52,US 52,Non-collision events:  Overturn/rollover,Shoulder,Non-collision (single vehicle),Crossed centerline (undivided),None Indicated,,Daylight,Dry,Clear,None apparent,Non-intersection:  Non-junction/no special feature,Paved,,Major Injury,0,2,2,0,0,0,2500,1,2,,POINT (-90.57287562363 42.383744645209)
2014826463,A14075,10/11/2014,10-October,7-Saturday,11:53,1100 Hours,District 5 (Southeast),KNOXVILLE,MARION,IA 14,IA 14/LINCOLN ST,Collision with:  Vehicle in traffic,On Roadway,Broadside (front to side),FTYROW:  From driveway,None Indicated,,Daylight,Dry,Cloudy,None apparent,Non-intersection:  Driveway access (within),Paved,,Possible/Unknown,0,1,0,0,1,0,2500,2,3,,POINT (-93.109485847907 41.307507448692)
2014821014,20140030142,10/11/2014,10-October,7-Saturday,11:06,1100 Hours,District 1 (Central),DES MOINES,POLK,,E 30TH ST,Collision with:  Vehicle in traffic,On Roadway,Broadside (front to side),Ran Stop Sign,None Indicated,,Daylight,Dry,Clear,None apparent,Intersection:  Four-way intersection,Paved,,Property Damage Only,0,0,0,0,0,0,5000,2,2,,POINT (-93.558409852332 41.602442824484)
2014822126,,10/11/2014,10-October,7-Saturday,00:30,0000 Hours,District 6 (East Central),,CLINTON,US 30,US 30,Collision with fixed object:  Other fixed object (explain in narrative),On Roadway,Non-collision (single vehicle),Unknown,None Indicated,,Dark - roadway not lighted,Dry,"Fog, smoke, smog",,Non-intersection:  Other non-intersection (explain in narrative),Paved,,Property Damage Only,0,0,0,0,0,0,12000,1,1,,POINT (-90.784256656276 41.829423937377)
2014821296,14-15314,10/11/2014,10-October,7-Saturday,14:15,1400 Hours,District 6 (East Central),PRESTON,JACKSON,,357 AVE,Non-collision events:  Overturn/rollover,On Roadway,Non-collision (single vehicle),Ran off road - left,None Indicated,,Daylight,"Mud, dirt",Clear,Ruts/holes/bumps,Non-intersection:  Non-junction/no special feature,Unpaved,,Possible/Unknown,0,1,0,0,1,0,3500,1,1,,POINT (-90.482892870218 42.03518226659)
2014826344,,10/11/2014,10-October,7-Saturday,00:46,0000 Hours,District 2 (Northeast),,WINNESHIEK,,155TH AVE,Collision with fixed object:  Ditch,Outside trafficway,Non-collision (single vehicle),Crossed centerline (undivided),Alcohol (Statutory),,Dark - roadway not lighted,"Mud, dirt",Cloudy,None apparent,Non-intersection:  Non-junction/no special feature,Unpaved,,Property Damage Only,0,0,0,0,0,0,4500,1,1,,POINT (-91.698857502246 43.30237651311)
2014821265,14-043358,10/11/2014,10-October,7-Saturday,14:10,1400 Hours,District 4 (Southwest),COUNCIL BLUFFS,POTTAWATTAMIE,,W PIERCE ST & PARK AVE,Collision with:  Vehicle in traffic,On Roadway,Broadside (front to side),FTYROW:  From stop sign,None Indicated,,Daylight,Dry,Clear,None apparent,Intersection:  Four-way intersection,Paved,,Property Damage Only,0,0,0,0,0,0,3500,2,2,,POINT (-95.845604294232 41.261568034913)
2014821687,2014-71574,10/11/2014,10-October,7-Saturday,10:28,1000 Hours,District 6 (East Central),DAVENPORT,SCOTT,US 67,US 67/W RIVER DR & MAIN ST,Collision with:  Vehicle in traffic,On Roadway,Broadside (front to side),Ran Traffic Signal,None Indicated,,Daylight,Dry,Clear,None apparent,Intersection:  T-intersection,Paved,,Property Damage Only,0,0,0,0,0,0,3000,2,4,,POINT (-90.575571772955 41.520210489688)
2014820933,201415218,10/11/2014,10-October,7-Saturday,09:47,0900 Hours,District 6 (East Central),CEDAR RAPIDS,LINN,US 30,US 30/SPECIAL CASE,Non-collision events:  Overturn/rollover,On Roadway,Non-collision (single vehicle),Lost Control,None Indicated,,Daylight,Dry,Clear,None apparent,Intersection:  Four-way intersection,Paved,,Property Damage Only,0,0,0,0,0,0,50000,1,1,,POINT (-91.676393227103 41.929465531034)
2014821243,2014011387,10/11/2014,10-October,7-Saturday,13:42,1300 Hours,District 6 (East Central),IOWA CITY,JOHNSON,,ORCHARD ST,Collision with:  Non-motorist (see non-motorist section - NOT a unit),Outside trafficway,Non-collision (single vehicle),FTYROW:  Making left turn,None Indicated,,Daylight,Dry,Clear,None apparent,Intersection:  Other intersection (explain in narrative),Paved,,Minor Injury,0,1,0,1,0,0,1600,1,1,,POINT (-91.542279591623 41.647751516163)
2014827114,14-004407,10/11/2014,10-October,7-Saturday,14:45,1400 Hours,District 1 (Central),ANKENY,POLK,,NE 97TH PL & NE FRISK DR & NE CHAMBERS PKWY,Collision with:  Vehicle in traffic,On Roadway,Broadside (front to side),FTYROW:  From driveway,None Indicated,,Daylight,Dry,Clear,None apparent,Non-intersection:  Driveway access (within),Paved,,Property Damage Only,0,0,0,0,0,0,3000,2,2,,POINT (-93.570444479763 41.738328409544)
2014825096,TC5614,10/11/2014,10-October,7-Saturday,19:53,1900 Hours,District 4 (Southwest),MISSOURI VALLEY,HARRISON,US 30,US 30,Collision with fixed object:  Curb/island/raised median,Median,Non-collision (single vehicle),Ran off road - left,None Indicated,,Dark - roadway lighted,Dry,Clear,None apparent,Non-intersection:  Non-junction/no special feature,Paved,,Possible/Unknown,0,1,0,0,1,0,5000,1,2,,POINT (-95.913051973151 41.550012304987)
2014821180,2014-038640,10/11/2014,10-October,7-Saturday,14:31,1400 Hours,District 6 (East Central),DUBUQUE,DUBUQUE,,JOHN F KENNEDY RD,Collision with:  Vehicle in traffic,On Roadway,Rear-end (front to rear),Lost Control,None Indicated,,Daylight,Dry,Clear,None apparent,Non-intersection:  Non-junction/no special feature,Paved,,Property Damage Only,0,0,0,0,0,0,6000,2,3,,POINT (-90.717824648796 42.494625079869)
2014821301,14-36356,10/11/2014,10-October,7-Saturday,22:20,2200 Hours,District 5 (Southeast),BURLINGTON,DES MOINES,,DIVISION ST & CENTRAL AVE,Collision with:  Vehicle in traffic,On Roadway,Rear-end (front to rear),Followed too close,None Indicated,,Dark - roadway lighted,Dry,Clear,None apparent,Intersection:  Four-way intersection,Paved,,Property Damage Only,0,0,0,0,0,0,4000,2,2,,POINT (-91.112884905555 40.807657563591)
2014823020,2014058000,10/11/2014,10-October,7-Saturday,11:10,1100 Hours,District 1 (Central),AMES,STORY,,UNIVERSITY BLVD,Collision with:  Vehicle in traffic,On Roadway,Rear-end (front to rear),Followed too close,None Indicated,,Daylight,Dry,Clear,None apparent,Non-intersection:  Non-junction/no special feature,Paved,,Property Damage Only,0,0,0,0,0,0,2500,2,2,,POINT (-93.63438369907 42.011259616936)
2014821204,14-5102,10/11/2014,10-October,7-Saturday,22:35,2200 Hours,District 4 (Southwest),WEST DES MOINES,DALLAS,I-80,I-80 & JORDAN CREEK PKWY,Collision with:  Vehicle in traffic,On Roadway,"Sideswipe, same direction",Unknown,None Indicated,,Dark - roadway lighted,Dry,Clear,None apparent,Intersection:  Intersection with ramp,Paved,,Property Damage Only,0,0,0,0,0,0,3500,2,4,,POINT (-93.808980368993 41.593314566958)
2014820932,201415208,10/11/2014,10-October,7-Saturday,01:47,0100 Hours,District 6 (East Central),CEDAR RAPIDS,LINN,I-380,I-380,Collision with fixed object:  Concrete traffic barrier (median or right side),On Roadway,Non-collision (single vehicle),Ran off road - left,Alcohol (Statutory),,Dark - roadway lighted,Dry,Cloudy,None apparent,Non-intersection:  Other non-intersection (explain in narrative),Paved,,Property Damage Only,0,0,0,0,0,0,8050,1,1,,POINT (-91.675336031061 41.97761999735)
2014822065,14031621,10/11/2014,10-October,7-Saturday,16:25,1600 Hours,District 5 (Southeast),,LEE,,TURNER AVE & 7TH ST,Collision with:  Vehicle in traffic,On Roadway,Broadside (front to side),FTYROW:  At uncontrolled intersection,None Indicated,,Daylight,"Mud, dirt",Cloudy,None apparent,Non-intersection:  Non-junction/no special feature,Unpaved,,Property Damage Only,0,0,0,0,0,0,4000,2,2,,POINT (-91.337047211272 40.743790198148)
2014821299,147709,10/11/2014,10-October,7-Saturday,12:30,1200 Hours,District 4 (Southwest),,DALLAS,,Co Rd F60/OLD HWY 6 SOUTH & BEAR CREEK RD,Collision with:  Vehicle in traffic,On Roadway,Broadside (front to side),FTYROW:  From stop sign,None Indicated,,Daylight,Dry,Clear,None apparent,Intersection:  Four-way intersection,Paved,,Property Damage Only,0,0,0,0,0,0,10500,2,2,,POINT (-94.194385357749 41.539498607133)
2014822360,14-017419,10/11/2014,10-October,7-Saturday,05:57,0500 Hours,District 5 (Southeast),,HENRY,US 218,US 218,Collision with:  Animal,,,Animal,None Indicated,,,,,,,Paved,,Property Damage Only,0,0,0,0,0,0,3000,1,1,,POINT (-91.557496105645 40.892795910591)
2014821500,14-014098,10/11/2014,10-October,7-Saturday,19:50,1900 Hours,District 2 (Northeast),MAYNARD,FAYETTE,,P AVE,Collision with:  Animal,,,Animal,None Indicated,,,,,,,Unpaved,,Property Damage Only,0,0,0,0,0,0,3500,1,1,,POINT (-91.903185054191 42.805827865847)
2014821507,14-10406,10/11/2014,10-October,7-Saturday,15:45,1500 Hours,District 3 (Northwest),CARROLL,CARROLL,,GRANT RD,Collision with fixed object:  Tree,On Roadway,Non-collision (single vehicle),Lost Control,None Indicated,,Daylight,Dry,Clear,None apparent,Non-intersection:  Non-junction/no special feature,Paved,,Possible/Unknown,0,1,0,0,1,0,3000,1,1,,POINT (-94.859269834426 42.06595813753)
2014821260,2014-19876,10/11/2014,10-October,7-Saturday,19:26,1900 Hours,District 6 (East Central),BETTENDORF,SCOTT,,SPRUCE HILLS DR,Collision with:  Vehicle in traffic,On Roadway,Rear-end (front to rear),Swerving/Evasive Action,None Indicated,,Dark - roadway lighted,Dry,Clear,None apparent,Non-intersection:  Driveway access (within),Paved,,Property Damage Only,0,0,0,0,0,0,6000,2,2,,POINT (-90.500810388128 41.549014635766)
2014821721,10112014141,10/11/2014,10-October,7-Saturday,14:00,1400 Hours,District 5 (Southeast),OSCEOLA,CLARKE,US 34,US 34/W MC LANE ST & WARREN AVE,Non-collision events:  Other non-collision (explain in narrative),On Roadway,Head-on (front to front),FTYROW:  Making left turn,None Indicated,,Daylight,Dry,Clear,None apparent,Intersection:  Four-way intersection,Paved,,Minor Injury,0,1,0,1,0,0,18000,2,2,,POINT (-93.788687117502 41.02800997525)
2014821247,14-5093,10/11/2014,10-October,7-Saturday,14:25,1400 Hours,District 4 (Southwest),WEST DES MOINES,DALLAS,,BRIDGEWOOD BLVD & 81ST ST,Collision with:  Vehicle in traffic,On Roadway,Broadside (front to side),FTYROW:  From stop sign,None Indicated,,Daylight,Dry,Clear,None apparent,Intersection:  Four-way intersection,Paved,,Property Damage Only,0,0,0,0,0,0,3700,2,4,,POINT (-93.818805062447 41.567511396724)
2014821016,20140030152,10/11/2014,10-October,7-Saturday,12:23,1200 Hours,District 1 (Central),DES MOINES,POLK,,HICKMAN RD & 24TH ST,Collision with:  Vehicle in traffic,On Roadway,"Sideswipe, same direction",FTYROW:  Other (explain in narrative),None Indicated,,Daylight,Dry,Clear,None apparent,Non-intersection:  Non-junction/no special feature,Paved,,Property Damage Only,0,0,0,0,0,0,3200,2,2,,POINT (-93.650001847856 41.615012908816)
2014836090,14-07097,10/11/2014,10-October,7-Saturday,16:05,1600 Hours,District 2 (Northeast),OELWEIN,FAYETTE,,CHARLES ST W & CHARLES ST E & FREDERICK AVE S & FREDERICK AVE N,Collision with:  Vehicle in traffic,On Roadway,Broadside (front to side),FTYROW:  From stop sign,None Indicated,,Daylight,Dry,Clear,None apparent,Intersection:  Four-way intersection,Paved,,Property Damage Only,0,0,0,0,0,0,2500,2,2,,POINT (-91.913385432461 42.678481167651)
2014823233,2014-71679,10/11/2014,10-October,7-Saturday,21:55,2100 Hours,District 6 (East Central),DAVENPORT,SCOTT,,E 53RD ST & ELMORE AVE,Collision with:  Vehicle in traffic,On Roadway,"Sideswipe, opposite direction",Crossed centerline (undivided),None Indicated,,Dark - roadway lighted,Dry,Clear,None apparent,Intersection:  Four-way intersection,Paved,,Possible/Unknown,0,1,0,0,0,1,9500,2,3,,POINT (-90.528586977681 41.574860104089)
2014820934,201415227,10/11/2014,10-October,7-Saturday,15:06,1500 Hours,District 6 (East Central),CEDAR RAPIDS,LINN,,WILEY BLVD SW,Collision with:  Vehicle in traffic,On Roadway,Broadside (front to side),FTYROW:  From stop sign,None Indicated,,Daylight,Dry,Clear,None apparent,Non-intersection:  Driveway access (within),Paved,,Possible/Unknown,0,3,0,0,3,0,20000,2,5,,POINT (-91.725176797314 41.952650983437)