Iowa DOT Case Number,Law Enforcement Case Number,Date of Crash,Month of Crash,Day of Week,Time of Crash,Hour,DOT District,City Name,County Name,Route with System,Location Description,First Harmful Event,Location of First Harmful Event,Manner of Crash/Collision,Major Cause,Drug or Alcohol ,Environmental Conditions,Light Conditions,Surface Conditions,Weather Conditions,Roadway Contribution,Roadway Type,Roadway Surface,Work Zone,Crash Severity,Number of Fatalities,Number of Injuries,Number of Major Injuries,Number of Minor Injuries,Number of Possible Injuries,Number of Unknown Injuries,Amount of Property Damage,Number of Vehicles Involved,Total Number of Occupants,Travel Direction,Location
2014821128,14-043601,10/13/2014,10-October,2-Monday,12:48,1200 Hours,District 4 (Southwest),COUNCIL BLUFFS,POTTAWATTAMIE,I-480,I-480,Collision with fixed object:  Curb/island/raised median,Shoulder,Non-collision (single vehicle),Over correcting/over steering,None Indicated,,Daylight,Wet,Rain,Ruts/holes/bumps,Non-intersection:  Non-junction/no special feature,Paved,,Possible/Unknown,0,1,0,0,1,0,1500,1,1,,POINT (-95.910907750376 41.261906527757)
2014822079,14-008887,10/13/2014,10-October,2-Monday,18:14,1800 Hours,District 6 (East Central),,DELAWARE,,Co Rd C64/WOODVIEW DR,Collision with:  Animal,,,Animal,None Indicated,,,,,,,Paved,,Property Damage Only,0,0,0,0,0,0,6000,1,1,,POINT (-91.539155534102 42.571089986461)
2014822971,14043222,10/13/2014,10-October,2-Monday,04:57,0400 Hours,District 5 (Southeast),,MUSCATINE,,Co Rd X61/STEWART RD,Collision with:  Animal,,,Animal,None Indicated,,,,,,,Paved,,Property Damage Only,0,0,0,0,0,0,4000,1,1,,POINT (-91.074931832109 41.388367033981)
2014821979,14018019,10/13/2014,10-October,2-Monday,14:35,1400 Hours,District 2 (Northeast),MASON CITY,CERRO GORDO,US 65,US 65/S FEDERAL AVE & 19TH ST SE & 19TH ST SW,Collision with:  Vehicle in traffic,On Roadway,Rear-end (front to rear),Other (explain in narrative):  Other,None Indicated,,Daylight,Wet,Cloudy,None apparent,Non-intersection:  Non-junction/no special feature,Paved,,Property Damage Only,0,0,0,0,0,0,3000,2,3,,POINT (-93.201090527553 43.133612200796)
2014821786,2014058206,10/13/2014,10-October,2-Monday,08:10,0800 Hours,District 5 (Southeast),,WARREN,US 65,US 65,Collision with:  Vehicle in traffic,On Roadway,Rear-end (front to rear),Ran off road - right,Alcohol (Statutory),,Daylight,Wet,Rain,None apparent,Non-intersection:  Non-junction/no special feature,Paved,,Minor Injury,0,1,0,1,0,0,12500,2,3,,POINT (-93.55879346157 41.4058906014)
2014822709,14-043273,10/13/2014,10-October,2-Monday,15:08,1500 Hours,District 5 (Southeast),WEST LIBERTY,MUSCATINE,,7TH ST,Collision with:  Non-motorist (see non-motorist section - NOT a unit),On Roadway,Non-collision (single vehicle),Other (explain in narrative):  No improper action,None Indicated,,Daylight,Wet,Rain,None apparent,Non-intersection:  Non-junction/no special feature,Paved,,Minor Injury,0,1,0,1,0,0,0,1,1,,POINT (-91.262155862411 41.574333413176)
2014822730,14-36524,10/13/2014,10-October,2-Monday,12:53,1200 Hours,District 5 (Southeast),,DES MOINES,,DMC HWY 34,Collision with:  Non-motorist (see non-motorist section - NOT a unit),On Roadway,Non-collision (single vehicle),Unknown,None Indicated,,Daylight,Wet,Rain,"Surface condition (e.g., wet, icy)",Non-intersection:  Non-junction/no special feature,Paved,,Minor Injury,0,1,0,1,0,0,1500,1,1,,POINT (-91.308905927857 40.862394464626)
2014821394,20140030397,10/13/2014,10-October,2-Monday,17:45,1700 Hours,District 1 (Central),DES MOINES,POLK,,HICKMAN RD & BEAVER AVE,Collision with:  Vehicle in traffic,On Roadway,Head-on (front to front),FTYROW:  Making left turn,None Indicated,,Dark - roadway lighted,Wet,Rain,None apparent,Intersection:  Four-way intersection,Paved,,Property Damage Only,0,0,0,0,0,0,6500,2,2,,POINT (-93.673057562509 41.614898248546)
2014821771,2014-038698,10/13/2014,10-October,2-Monday,12:22,1200 Hours,District 6 (East Central),DUBUQUE,DUBUQUE,US 52,US 52/CENTRAL AVE & E 20TH ST,Collision with:  Vehicle in traffic,On Roadway,"Angle, oncoming left turn",Made improper turn,None Indicated,,Daylight,Wet,Rain,None apparent,Non-intersection:  Non-junction/no special feature,Paved,,Property Damage Only,0,0,0,0,0,0,3000,2,2,,POINT (-90.669944829597 42.511239338439)
2014824203,2014058197,10/13/2014,10-October,2-Monday,05:47,0500 Hours,District 1 (Central),,HAMILTON,I-35,I-35 & Co Rd D20/190TH ST,Collision with fixed object:  Other fixed object (explain in narrative),Outside trafficway,Non-collision (single vehicle),Exceeded authorized speed,None Indicated,,Dawn,Dry,Clear,None apparent,Interchange-related:  Off-ramp,Paved,,Property Damage Only,0,0,0,0,0,0,3000,1,4,,POINT (-93.570063091093 42.514665937495)
2014821592,W14-102417,10/13/2014,10-October,2-Monday,19:48,1900 Hours,District 2 (Northeast),WATERLOO,BLACK HAWK,,TOWER PARK DR & E TOWER PARK DR & KIMBALL AVE,Collision with:  Vehicle in traffic,On Roadway,Broadside (front to side),Other (explain in narrative):  Other,None Indicated,,Dark - roadway lighted,Wet,Rain,None apparent,Intersection:  Four-way intersection,Paved,,Property Damage Only,0,0,0,0,0,0,2800,2,3,,POINT (-92.356581642877 42.456414965515)
2014821391,20140030387,10/13/2014,10-October,2-Monday,17:00,1700 Hours,District 1 (Central),DES MOINES,POLK,,MLK JR PKWY & INGERSOLL AVE,Collision with:  Vehicle in traffic,On Roadway,Broadside (front to side),FTYROW:  From stop sign,None Indicated,,Daylight,Wet,Rain,None apparent,Intersection:  Four-way intersection,Paved,,Property Damage Only,0,0,0,0,0,0,5000,2,2,,POINT (-93.644717463259 41.585751162426)
2014821480,14-19986,10/13/2014,10-October,2-Monday,11:33,1100 Hours,District 6 (East Central),BETTENDORF,SCOTT,,QUEENS CT & 18TH ST,Collision with:  Vehicle in traffic,On Roadway,Rear-end (front to rear),Swerving/Evasive Action,None Indicated,,Daylight,Wet,Rain,None apparent,Intersection:  T-intersection,Paved,,Property Damage Only,0,0,0,0,0,0,5500,2,2,,POINT (-90.498484306948 41.564869189867)
2014821009,20140030332,10/13/2014,10-October,2-Monday,09:10,0900 Hours,District 1 (Central),DES MOINES,POLK,,UNIVERSITY AVE & 2ND AVE,Collision with:  Vehicle in traffic,On Roadway,Rear-end (front to rear),Other (explain in narrative):  Other,None Indicated,,Daylight,Wet,Rain,"Surface condition (e.g., wet, icy)",Intersection:  Four-way intersection,Paved,,Property Damage Only,0,0,0,0,0,0,4500,2,2,,POINT (-93.619746770592 41.60031808164)
2014821675,14-009167,10/13/2014,10-October,2-Monday,08:14,0800 Hours,District 6 (East Central),INDEPENDENCE,BUCHANAN,,1ST ST E & 14TH AVE SE & 14TH AVE NE,Collision with fixed object:  Utility pole/light support,Outside trafficway,Non-collision (single vehicle),Ran off road - right,None Indicated,,Daylight,Wet,Cloudy,None apparent,Non-intersection:  Non-junction/no special feature,Paved,,Minor Injury,0,1,0,1,0,0,5900,1,1,,POINT (-91.87710922756 42.468786760877)
2014821478,C14003256,10/13/2014,10-October,2-Monday,12:00,1200 Hours,District 6 (East Central),CORALVILLE,JOHNSON,US 6,US 6/2ND ST,Collision with:  Vehicle in traffic,On Roadway,"Sideswipe, same direction",FTYROW:  Other (explain in narrative),None Indicated,,Daylight,Wet,Rain,None apparent,Non-intersection:  Non-junction/no special feature,Paved,,Property Damage Only,0,0,0,0,0,0,2000,2,3,,POINT (-91.565311164053 41.668865233028)
2014821762,14102354,10/13/2014,10-October,2-Monday,16:14,1600 Hours,District 2 (Northeast),CEDAR FALLS,BLACK HAWK,,NORDIC DR,Collision with:  Vehicle in traffic,On Roadway,"Angle, oncoming left turn",Ran Stop Sign,None Indicated,,Daylight,Wet,Rain,None apparent,Intersection:  Four-way intersection,Paved,,Property Damage Only,0,0,0,0,0,0,5000,2,2,,POINT (-92.447671838541 42.47888249467)
2014821515,14-036551,10/13/2014,10-October,2-Monday,15:55,1500 Hours,District 5 (Southeast),WEST BURLINGTON,DES MOINES,,AGENCY ST,Collision with:  Vehicle in traffic,On Roadway,Rear-end (front to rear),Followed too close,None Indicated,,Daylight,Wet,Rain,"Surface condition (e.g., wet, icy)",Non-intersection:  Non-junction/no special feature,Paved,,Property Damage Only,0,0,0,0,0,0,1500,3,4,,POINT (-91.145609747306 40.814719013949)
2014821802,,10/13/2014,10-October,2-Monday,13:25,1300 Hours,District 3 (Northwest),LAKE CITY,CALHOUN,,MONROE ST & EARL ST,Collision with:  Vehicle in traffic,On Roadway,Broadside (front to side),FTYROW:  From stop sign,None Indicated,,Daylight,Wet,Rain,None apparent,Intersection:  Four-way intersection,Paved,,Property Damage Only,0,0,0,0,0,0,4100,2,2,,POINT (-94.741064938803 42.265530260358)
2014822500,2014058280,10/13/2014,10-October,2-Monday,14:17,1400 Hours,District 5 (Southeast),,WAPELLO,US 34,US 34,Collision with fixed object:  Ditch,On Roadway,Non-collision (single vehicle),Driving too fast for conditions,None Indicated,,Daylight,Wet,Rain,None apparent,Non-intersection:  Non-junction/no special feature,Paved,,Property Damage Only,0,0,0,0,0,0,2500,1,1,,POINT (-92.222062847689 40.99493321346)
2014822019,14-004820,10/13/2014,10-October,2-Monday,13:54,1300 Hours,District 1 (Central),AMES,STORY,US 69,US 69/LINCOLN WAY,Collision with:  Vehicle in traffic,On Roadway,Broadside (front to side),FTYROW:  Making left turn,None Indicated,,Daylight,Wet,Rain,None apparent,Non-intersection:  Driveway access (within),Paved,,Possible/Unknown,0,2,0,0,0,2,3600,3,3,,POINT (-93.613035263764 42.022922061262)
2014821661,14-33891,10/13/2014,10-October,2-Monday,14:42,1400 Hours,District 3 (Northwest),SIOUX CITY,WOODBURY,I-29,I-29 & WESLEY PKWY,Collision with:  Vehicle in traffic,On Roadway,Rear-end (front to rear),Other (explain in narrative):  Other,None Indicated,,Daylight,Dry,Cloudy,None apparent,Intersection:  Four-way intersection,Paved,,Property Damage Only,0,0,0,0,0,0,3000,2,4,,POINT (-96.41170074797 42.493279044157)
2014823596,2014058313,10/13/2014,10-October,2-Monday,19:04,1900 Hours,District 6 (East Central),,JOHNSON,,HAWKEYE WMA 3,Collision with fixed object:  Ditch,Roadside,Non-collision (single vehicle),Ran off road - right,None Indicated,,Dark - roadway not lighted,"Mud, dirt",Rain,None apparent,Non-intersection:  Non-junction/no special feature,Unpaved,,Minor Injury,0,1,0,1,0,0,5000,1,1,,POINT (-91.768346869112 41.771241919451)
2014821761,SO14002431,10/13/2014,10-October,2-Monday,22:34,2200 Hours,District 3 (Northwest),,PLYMOUTH,,Co Rd C38/C38,Non-collision events:  Overturn/rollover,On Roadway,Non-collision (single vehicle),Ran off road - left,None Indicated,,Dark - roadway not lighted,Dry,Cloudy,None apparent,Non-intersection:  Other non-intersection (explain in narrative),Paved,,Major Injury,0,1,1,0,0,0,5000,1,1,,POINT (-96.120414940324 42.749682523357)
2014830466,201415360,10/13/2014,10-October,2-Monday,21:29,2100 Hours,District 6 (East Central),CEDAR RAPIDS,LINN,I-380,I-380,Non-collision events:  Overturn/rollover,On Roadway,Non-collision (single vehicle),Lost Control,None Indicated,,Dark - roadway not lighted,Wet,Rain,None apparent,Non-intersection:  Non-junction/no special feature,Paved,,Property Damage Only,0,0,0,0,0,0,10000,1,1,,POINT (-91.671868115719 41.909220630437)
2014821629,20140030391,10/13/2014,10-October,2-Monday,17:21,1700 Hours,District 1 (Central),DES MOINES,POLK,US 69,US 69/E 14TH ST,Collision with:  Non-motorist (see non-motorist section - NOT a unit),On Roadway,Non-collision (single vehicle),Other (explain in narrative):  No improper action,None Indicated,,Daylight,Wet,Rain,None apparent,Intersection:  T-intersection,Paved,,Minor Injury,0,1,0,1,0,0,3000,1,1,,POINT (-93.60052927081 41.611345839179)
2014821590,W14-102358,10/13/2014,10-October,2-Monday,16:20,1600 Hours,District 2 (Northeast),WATERLOO,BLACK HAWK,,E 3RD ST & LAFAYETTE ST,Collision with:  Vehicle in traffic,On Roadway,Broadside (front to side),Ran Stop Sign,None Indicated,,Daylight,Wet,Rain,None apparent,Intersection:  Four-way intersection,Paved,,Possible/Unknown,0,1,0,0,1,0,4500,2,2,,POINT (-92.337169187209 42.500406044535)
2014821522,2014-038711,10/13/2014,10-October,2-Monday,18:16,1800 Hours,District 6 (East Central),DUBUQUE,DUBUQUE,,HILLCREST RD & JOHN F KENNEDY RD,Collision with:  Vehicle in traffic,On Roadway,"Angle, oncoming left turn",FTYROW:  Making left turn,None Indicated,,Dark - roadway lighted,Wet,Rain,None apparent,Intersection:  Four-way intersection,Paved,,Property Damage Only,0,0,0,0,0,0,1750,2,3,,POINT (-90.72042180252 42.506869895931)
2014821531,14-36554,10/13/2014,10-October,2-Monday,16:04,1600 Hours,District 5 (Southeast),BURLINGTON,DES MOINES,,DIVISION ST & CENTRAL AVE,Collision with:  Vehicle in traffic,On Roadway,Rear-end (front to rear),Other (explain in narrative):  No improper action,None Indicated,,Daylight,Wet,Cloudy,None apparent,Intersection:  Four-way intersection,Paved,,Possible/Unknown,0,2,0,0,2,0,5500,2,3,,POINT (-91.1128725455 40.807675376364)
2014824083,G39101314A,10/13/2014,10-October,2-Monday,09:25,0900 Hours,District 4 (Southwest),GUTHRIE CENTER,GUTHRIE,IA 25,IA 25/N 5TH ST,Non-collision events:  Other non-collision (explain in narrative),On Roadway,Rear-end (front to rear),FTYROW:  From driveway,None Indicated,,Daylight,Wet,Rain,None apparent,Non-intersection:  Driveway access (within),Paved,,Property Damage Only,0,0,0,0,0,0,3000,2,2,,POINT (-94.502372472747 41.67743041053)
2014821546,14-3260,10/13/2014,10-October,2-Monday,15:35,1500 Hours,District 1 (Central),FORT DODGE,WEBSTER,,6TH AVE N & N 18TH ST,Collision with:  Non-motorist (see non-motorist section - NOT a unit),On Roadway,Non-collision (single vehicle),FTYROW:  To pedestrian,None Indicated,,Daylight,Wet,Rain,None apparent,Intersection:  Four-way intersection,Paved,,Minor Injury,0,1,0,1,0,0,0,1,1,,POINT (-94.173631349569 42.511938136924)
2014821606,14-7566,10/13/2014,10-October,2-Monday,09:35,0900 Hours,District 3 (Northwest),,IDA,US 20,US 20,Non-collision events:  Other non-collision (explain in narrative),Shoulder,Non-collision (single vehicle),Swerving/Evasive Action,None Indicated,,Daylight,Dry,Cloudy,Ruts/holes/bumps,Non-intersection:  Non-junction/no special feature,Paved,,Property Damage Only,0,0,0,0,0,0,2500,1,1,,POINT (-95.618436559141 42.474770571797)
2014821702,14-009185,10/13/2014,10-October,2-Monday,16:46,1600 Hours,District 6 (East Central),INDEPENDENCE,BUCHANAN,,1ST ST W,Collision with:  Vehicle in traffic,On Roadway,Rear-end (front to rear),Driving too fast for conditions,None Indicated,,Daylight,Wet,Rain,None apparent,Non-intersection:  Non-junction/no special feature,Paved,,Property Damage Only,0,0,0,0,0,0,4200,2,2,,POINT (-91.900479486344 42.468626108158)
2014821659,14-33870,10/13/2014,10-October,2-Monday,11:55,1100 Hours,District 3 (Northwest),SIOUX CITY,WOODBURY,,5TH ST & WATER ST,Collision with:  Vehicle in traffic,On Roadway,"Sideswipe, same direction",FTYROW:  Other (explain in narrative),None Indicated,,Daylight,Dry,Cloudy,None apparent,Intersection:  Four-way intersection,Paved,,Property Damage Only,0,0,0,0,0,0,3000,2,2,,POINT (-96.409372918848 42.495221328313)
2014821727,2014011496,10/13/2014,10-October,2-Monday,07:54,0700 Hours,District 6 (East Central),IOWA CITY,JOHNSON,,S 1ST AVE,Collision with:  Non-motorist (see non-motorist section - NOT a unit),On Roadway,Non-collision (single vehicle),Other (explain in narrative):  No improper action,None Indicated,,Daylight,Wet,Cloudy,None apparent,Non-intersection:  Non-junction/no special feature,Paved,,Possible/Unknown,0,1,0,0,1,0,0,1,1,,POINT (-91.502000431541 41.651529811253)
2014821274,14-36498,10/13/2014,10-October,2-Monday,06:57,0600 Hours,District 5 (Southeast),WEST BURLINGTON,DES MOINES,US 34,US 34/SE RAMP/SE LOOP & S GEAR AVE & SE COMM COLL BURLINGTON,Collision with:  Vehicle in traffic,On Roadway,Head-on (front to front),FTYROW:  From stop sign,None Indicated,,Dawn,Dry,Rain,None apparent,Intersection:  Four-way intersection,Paved,,Property Damage Only,0,0,0,0,0,0,5000,2,2,,POINT (-91.170123819038 40.815326724543)
2014821352,14021560,10/13/2014,10-October,2-Monday,10:09,1000 Hours,District 6 (East Central),MARION,LINN,,LINDALE DR,Collision with fixed object:  Traffic sign support,Shoulder,Non-collision (single vehicle),Swerving/Evasive Action,None Indicated,,Daylight,Wet,Rain,None apparent,Intersection:  Four-way intersection,Paved,,Property Damage Only,0,0,0,0,0,0,3800,1,1,,POINT (-91.619993747683 42.034635831604)
2014822355,2014058199,10/13/2014,10-October,2-Monday,06:55,0600 Hours,District 2 (Northeast),,ALLAMAKEE,,Co Rd A52/OLD HIGHWAY 9,Collision with:  Animal,On Roadway,Non-collision (single vehicle),Animal,None Indicated,,Dark - roadway not lighted,Wet,Rain,None apparent,Non-intersection:  Non-junction/no special feature,Paved,,Property Damage Only,0,0,0,0,0,0,3500,1,3,,POINT (-91.530719187369 43.26936460824)
2014821132,2014-038688,10/13/2014,10-October,2-Monday,07:15,0700 Hours,District 6 (East Central),DUBUQUE,DUBUQUE,,CHERRY ST & ASBURY RD,Collision with:  Vehicle in traffic,On Roadway,Broadside (front to side),FTYROW:  From stop sign,None Indicated,,Dawn,Wet,Cloudy,None apparent,Intersection:  Four-way intersection,Paved,,Property Damage Only,0,0,0,0,0,0,4000,2,2,,POINT (-90.697014297968 42.500980522416)
2014821393,20140030394,10/13/2014,10-October,2-Monday,17:54,1700 Hours,District 1 (Central),DES MOINES,POLK,,INDIANOLA AVE,Collision with:  Vehicle in traffic,On Roadway,"Angle, oncoming left turn",Unknown,None Indicated,,Dusk,Wet,Rain,None apparent,Non-intersection:  Non-junction/no special feature,Paved,,Property Damage Only,0,0,0,0,0,0,6000,2,4,,POINT (-93.598617718521 41.555141475143)
2014821347,201415339,10/13/2014,10-October,2-Monday,12:20,1200 Hours,District 6 (East Central),CEDAR RAPIDS,LINN,IA 922,IA 922/1ST AVE E & 29TH ST DR SE & 29TH ST NE,Collision with:  Vehicle in traffic,On Roadway,Rear-end (front to rear),Driving too fast for conditions,None Indicated,,Daylight,Wet,Cloudy,"Surface condition (e.g., wet, icy)",Intersection:  Four-way intersection,Paved,,Property Damage Only,0,0,0,0,0,0,10400,3,3,,POINT (-91.634847345406 42.006119209874)
2014821725,14-20001,10/13/2014,10-October,2-Monday,16:22,1600 Hours,District 6 (East Central),BETTENDORF,SCOTT,I-74,I-74 & US 67/STATE ST & 14TH ST,Collision with:  Vehicle in traffic,On Roadway,Rear-end (front to rear),Swerving/Evasive Action,None Indicated,,Daylight,Wet,Rain,None apparent,Interchange-related:  Off-ramp,Paved,,Minor Injury,0,1,0,1,0,0,8800,3,4,,POINT (-90.513078152607 41.525170747955)
2014822070,14-036589,10/13/2014,10-October,2-Monday,19:30,1900 Hours,District 5 (Southeast),WEST BURLINGTON,DES MOINES,,WASHINGTON RD & W AGENCY RD,Collision with:  Vehicle in traffic,On Roadway,Broadside (front to side),Crossed centerline (undivided),Alcohol (Statutory),,Dark - roadway not lighted,Wet,Rain,"Surface condition (e.g., wet, icy)",Intersection:  Other intersection (explain in narrative),Paved,,Property Damage Only,0,0,0,0,0,0,4000,2,5,,POINT (-91.179849756448 40.811724339034)
2014821475,14-042606,10/13/2014,10-October,2-Monday,14:04,1400 Hours,District 4 (Southwest),COUNCIL BLUFFS,POTTAWATTAMIE,,W PIERCE ST & PARK AVE,Collision with:  Vehicle in traffic,On Roadway,Broadside (front to side),FTYROW:  From stop sign,None Indicated,,Daylight,Wet,Rain,None apparent,Non-intersection:  Non-junction/no special feature,Paved,,Possible/Unknown,0,1,0,0,1,0,8000,2,2,,POINT (-95.845580839018 41.261577621158)
2014821776,2014-22315,10/13/2014,10-October,2-Monday,07:30,0700 Hours,District 5 (Southeast),,WARREN,,Co Rd R45/HWY R45,Collision with fixed object:  Ditch,On Roadway,Non-collision (single vehicle),Swerving/Evasive Action,None Indicated,,Dawn,Wet,"Fog, smoke, smog",None apparent,Non-intersection:  Non-junction/no special feature,Paved,,Possible/Unknown,0,1,0,0,1,0,2000,1,1,,POINT (-93.731480857869 41.330024406625)
2014821046,14-017529,10/13/2014,10-October,2-Monday,06:34,0600 Hours,District 5 (Southeast),,HENRY,,Co Rd H28/170TH ST,Collision with:  Animal,,,Animal,None Indicated,,,,,,,Paved,,Property Damage Only,0,0,0,0,0,0,1500,1,1,,POINT (-91.578221249203 41.061644810072)
2014822134,,10/13/2014,10-October,2-Monday,09:55,0900 Hours,District 3 (Northwest),ROCKWELL CITY,CALHOUN,,MAIN ST,Collision with:  Vehicle in traffic,On Roadway,"Sideswipe, same direction",Improper Backing,None Indicated,,Daylight,Dry,Clear,None apparent,Intersection:  Other intersection (explain in narrative),Paved,,Property Damage Only,0,0,0,0,0,0,4000,2,2,,POINT (-94.633600077912 42.395768564525)
2014821449,14-043646,10/13/2014,10-October,2-Monday,18:02,1800 Hours,District 4 (Southwest),COUNCIL BLUFFS,POTTAWATTAMIE,US 6,US 6/KANESVILLE BLVD & N BROADWAY,Collision with:  Vehicle in traffic,On Roadway,"Angle, oncoming left turn",Other (explain in narrative):  Other,None Indicated,,Dusk,Wet,Cloudy,None apparent,Intersection:  Four-way intersection,Paved,,Property Damage Only,0,0,0,0,0,0,3000,2,4,,POINT (-95.836662188987 41.268957947011)
2014823204,GP20140845,10/13/2014,10-October,2-Monday,16:20,1600 Hours,District 1 (Central),GRINNELL,POWESHIEK,IA 146,IA 146/WEST ST,Collision with:  Vehicle in traffic,On Roadway,"Sideswipe, same direction",Other (explain in narrative):  Vision obstructed,None Indicated,,Daylight,Wet,Rain,None apparent,Non-intersection:  Non-junction/no special feature,Paved,,Property Damage Only,0,0,0,0,0,0,2400,2,3,,POINT (-92.727346660673 41.734872342399)
2014823493,201458293,10/13/2014,10-October,2-Monday,15:40,1500 Hours,District 6 (East Central),,JOHNSON,I-380,I-380,Collision with:  Vehicle in traffic,On Roadway,Rear-end (front to rear),Lost Control,None Indicated,,Daylight,Wet,Rain,"Surface condition (e.g., wet, icy)",Non-intersection:  Non-junction/no special feature,Paved,,Minor Injury,0,1,0,1,0,0,7000,2,3,,POINT (-91.667739290576 41.849720305731)
2014821370,1410131-A,10/13/2014,10-October,2-Monday,17:02,1700 Hours,District 4 (Southwest),RED OAK,MONTGOMERY,,WASHINGTON ST & 3RD ST,Collision with:  Vehicle in traffic,On Roadway,Broadside (front to side),FTYROW:  From stop sign,None Indicated,,Dusk,Wet,Rain,None apparent,Intersection:  Four-way intersection,Paved,,Property Damage Only,0,0,0,0,0,0,5500,2,2,,POINT (-95.229150765578 41.007994730515)
2014821395,20140030409,10/13/2014,10-October,2-Monday,20:05,2000 Hours,District 1 (Central),DES MOINES,POLK,US 6,US 6/FREDERICK M HUBBELL AVE & E 42ND ST,Collision with:  Vehicle in traffic,On Roadway,Broadside (front to side),Separation of units,None Indicated,,Dark - roadway lighted,Wet,Rain,None apparent,Non-intersection:  Non-junction/no special feature,Paved,,Property Damage Only,0,0,0,0,0,0,3500,2,2,,POINT (-93.532078552493 41.635696262182)
2014820953,14-6701,10/13/2014,10-October,2-Monday,06:54,0600 Hours,District 1 (Central),GRIMES,POLK,IA 44,IA 44/NW 70 AVE,Collision with:  Vehicle in traffic,On Roadway,Rear-end (front to rear),Other (explain in narrative):  Other,None Indicated,,Dark - roadway not lighted,Wet,Rain,None apparent,Non-intersection:  Non-junction/no special feature,Paved,,Possible/Unknown,0,1,0,0,1,0,17000,3,3,,POINT (-93.807009591698 41.688344596472)
2014821535,14102310,10/13/2014,10-October,2-Monday,12:50,1200 Hours,District 2 (Northeast),CEDAR FALLS,BLACK HAWK,IA 57,IA 57/WEST 1ST ST & MAGNOLIA DR & OAK PARK BLVD,Collision with:  Vehicle in traffic,On Roadway,Broadside (front to side),FTYROW:  Making right turn on red signal,None Indicated,,Daylight,Wet,Rain,None apparent,Intersection:  Four-way intersection,Paved,,Property Damage Only,0,0,0,0,0,0,1700,2,4,,POINT (-92.473837038312 42.540380336847)
2014822164,W14-102304,10/13/2014,10-October,2-Monday,12:43,1200 Hours,District 2 (Northeast),WATERLOO,BLACK HAWK,,LA PORTE RD,Collision with:  Vehicle in traffic,On Roadway,Rear-end (front to rear),Lost Control,None Indicated,,Daylight,Wet,Rain,None apparent,Non-intersection:  Non-junction/no special feature,Paved,,Property Damage Only,0,0,0,0,0,0,5639,2,3,,POINT (-92.322724301561 42.475456458996)
2014821763,14-3262,10/13/2014,10-October,2-Monday,17:20,1700 Hours,District 1 (Central),FORT DODGE,WEBSTER,,5TH AVE S,Collision with:  Vehicle in traffic,On Roadway,Rear-end (front to rear),Unknown,None Indicated,,Dusk,Wet,Rain,None apparent,Non-intersection:  Non-junction/no special feature,Paved,,Property Damage Only,0,0,0,0,0,0,3000,2,2,,POINT (-94.166004648428 42.501101083091)
2014820980,20140030341,10/13/2014,10-October,2-Monday,10:06,1000 Hours,District 1 (Central),DES MOINES,POLK,,E ARMY POST RD & INDIANOLA AVE,Collision with:  Vehicle in traffic,On Roadway,"Sideswipe, opposite direction",Unknown,None Indicated,,Daylight,Wet,Rain,None apparent,Intersection:  Four-way intersection,Paved,,Possible/Unknown,0,1,0,0,1,0,12500,2,2,,POINT (-93.577435060855 41.526201146678)
2014821554,2014011514,10/13/2014,10-October,2-Monday,16:05,1600 Hours,District 6 (East Central),IOWA CITY,JOHNSON,US 6,US 6,Collision with:  Vehicle in traffic,On Roadway,Rear-end (front to rear),Followed too close,None Indicated,,Daylight,Wet,Rain,None apparent,Non-intersection:  Non-junction/no special feature,Paved,,Property Damage Only,0,0,0,0,0,0,5000,2,4,,POINT (-91.528579784055 41.644514590936)
2014821986,14155904,10/13/2014,10-October,2-Monday,16:06,1600 Hours,District 6 (East Central),,JOHNSON,I-380,I-380,Collision with:  Vehicle in traffic,On Roadway,Rear-end (front to rear),Crossed centerline (undivided),None Indicated,,Daylight,Wet,Rain,"Surface condition (e.g., wet, icy)",Interchange-related:  On-ramp merge area,Paved,,Property Damage Only,0,0,0,0,0,0,3000,2,5,,POINT (-91.667988530847 41.851641609572)
2014821544,2014011516,10/13/2014,10-October,2-Monday,15:30,1500 Hours,District 6 (East Central),IOWA CITY,JOHNSON,,W BENTON ST,Collision with:  Vehicle in traffic,On Roadway,Rear-end (front to rear),Followed too close,None Indicated,,Daylight,Wet,Rain,None apparent,Non-intersection:  Non-junction/no special feature,Paved,,Possible/Unknown,0,1,0,0,1,0,1000,2,2,,POINT (-91.560243602178 41.650463872399)
2014821448,14-043618,10/13/2014,10-October,2-Monday,15:24,1500 Hours,District 4 (Southwest),COUNCIL BLUFFS,POTTAWATTAMIE,US 6,US 6/W BROADWAY & S 21ST ST & N 21ST ST,Collision with:  Vehicle in traffic,On Roadway,Rear-end (front to rear),Followed too close,None Indicated,,Daylight,Wet,Cloudy,None apparent,Intersection:  Four-way intersection,Paved,,Property Damage Only,0,0,0,0,0,0,3500,2,2,,POINT (-95.87533890022 41.261900434527)
2014821388,20140030364,10/13/2014,10-October,2-Monday,14:23,1400 Hours,District 1 (Central),DES MOINES,POLK,I-235,I-235 & SCHOOL ST & MLK JR PKWY,Collision with:  Vehicle in traffic,On Roadway,Broadside (front to side),Ran Traffic Signal,None Indicated,,Daylight,Wet,Rain,None apparent,Intersection:  Four-way intersection,Paved,,Possible/Unknown,0,1,0,0,1,0,13000,2,4,,POINT (-93.644296629633 41.595310205318)
2014821975,14018013,10/13/2014,10-October,2-Monday,13:59,1300 Hours,District 2 (Northeast),MASON CITY,CERRO GORDO,,9TH ST NW & N MONROE AVE,Collision with:  Vehicle in traffic,On Roadway,Broadside (front to side),Ran Stop Sign,None Indicated,,Daylight,Wet,Cloudy,None apparent,Intersection:  Four-way intersection,Paved,,Possible/Unknown,0,1,0,0,1,0,2000,2,3,,POINT (-93.208569825262 43.160028060287)