Iowa DOT Case Number,Law Enforcement Case Number,Date of Crash,Month of Crash,Day of Week,Time of Crash,Hour,DOT District,City Name,County Name,Route with System,Location Description,First Harmful Event,Location of First Harmful Event,Manner of Crash/Collision,Major Cause,Drug or Alcohol ,Environmental Conditions,Light Conditions,Surface Conditions,Weather Conditions,Roadway Contribution,Roadway Type,Roadway Surface,Work Zone,Crash Severity,Number of Fatalities,Number of Injuries,Number of Major Injuries,Number of Minor Injuries,Number of Possible Injuries,Number of Unknown Injuries,Amount of Property Damage,Number of Vehicles Involved,Total Number of Occupants,Travel Direction,Location
2014821389,20140030375,10/13/2014,10-October,2-Monday,15:15,1500 Hours,District 1 (Central),DES MOINES,POLK,,E OVID AVE & COLUMBIA ST,Collision with:  Vehicle in traffic,On Roadway,Broadside (front to side),Other (explain in narrative):  Vision obstructed,None Indicated,,Daylight,Wet,Rain,None apparent,Intersection:  Four-way intersection,Paved,,Property Damage Only,0,0,0,0,0,0,3000,2,2,,POINT (-93.613905652537 41.625929909144)
2014821520,2014-038707,10/13/2014,10-October,2-Monday,16:05,1600 Hours,District 6 (East Central),DUBUQUE,DUBUQUE,IA 32,IA 32/IA32 NW ARTERIAL,Collision with:  Vehicle in traffic,On Roadway,Rear-end (front to rear),Lost Control,None Indicated,,Daylight,Wet,Rain,None apparent,Non-intersection:  Non-junction/no special feature,Paved,,Property Damage Only,0,0,0,0,0,0,2000,2,5,,POINT (-90.740732175406 42.498843372269)
2014822085,14008884,10/13/2014,10-October,2-Monday,15:49,1500 Hours,District 6 (East Central),,DELAWARE,,WILLOW RD,Non-collision events:  Overturn/rollover,On Roadway,Non-collision (single vehicle),Ran off road - right,None Indicated,,Daylight,"Mud, dirt",Rain,"Shoulders (none, low, soft, high)",Non-intersection:  Non-junction/no special feature,Unpaved,,Property Damage Only,0,0,0,0,0,0,25000,1,2,,POINT (-91.18051540621 42.317671825439)
2014821396,20140030413,10/13/2014,10-October,2-Monday,20:10,2000 Hours,District 1 (Central),DES MOINES,POLK,,HOLCOMB AVE & 6TH AVE,Collision with:  Vehicle in traffic,On Roadway,"Angle, oncoming left turn",FTYROW:  Making left turn,None Indicated,,Dark - roadway lighted,Wet,Rain,None apparent,Intersection:  Four-way intersection,Paved,,Property Damage Only,0,0,0,0,0,0,3000,2,2,,POINT (-93.624777719966 41.6168010838)
2014822155,W14-102277,10/13/2014,10-October,2-Monday,10:47,1000 Hours,District 2 (Northeast),WATERLOO,BLACK HAWK,,E SAN MARNAN DR & HAWKEYE RD,Collision with:  Vehicle in traffic,On Roadway,Broadside (front to side),Ran Traffic Signal,None Indicated,,Daylight,Wet,Rain,None apparent,Intersection:  Four-way intersection,Paved,,Property Damage Only,0,0,0,0,0,0,7000,2,2,,POINT (-92.346782394945 42.457269133543)
2014821350,14021605,10/13/2014,10-October,2-Monday,19:57,1900 Hours,District 6 (East Central),MARION,LINN,,LINDALE DR,Collision with:  Vehicle in traffic,On Roadway,Broadside (front to side),FTYROW:  From stop sign,None Indicated,,Dark - roadway not lighted,Wet,Rain,None apparent,Intersection:  Four-way intersection,Paved,,Minor Injury,0,1,0,1,0,0,12500,2,4,,POINT (-91.624655726586 42.031332433119)
2014821832,201415343,10/13/2014,10-October,2-Monday,15:12,1500 Hours,District 6 (East Central),CEDAR RAPIDS,LINN,,6TH ST SW,Collision with:  Vehicle in traffic,On Roadway,Rear-end (front to rear),Driving too fast for conditions,None Indicated,,Daylight,Wet,Rain,None apparent,Intersection:  Four-way intersection,Paved,,Property Damage Only,0,0,0,0,0,0,8500,3,3,,POINT (-91.676342207241 41.913847622714)
2014820927,14155855,10/13/2014,10-October,2-Monday,14:38,1400 Hours,District 6 (East Central),TIFFIN,JOHNSON,US 6,US 6 & JASPER AVE,Collision with:  Vehicle in traffic,On Roadway,Rear-end (front to rear),Followed too close,None Indicated,,Daylight,Wet,Rain,None apparent,Intersection:  Four-way intersection,Paved,,Property Damage Only,0,0,0,0,0,0,9000,2,2,,POINT (-91.647068675924 41.706028438903)
2014821541,C14003262,10/13/2014,10-October,2-Monday,16:10,1600 Hours,District 6 (East Central),CORALVILLE,JOHNSON,US 6,US 6/2ND ST,Collision with:  Vehicle in traffic,On Roadway,Rear-end (front to rear),Followed too close,None Indicated,,Daylight,Wet,Rain,"Surface condition (e.g., wet, icy)",Non-intersection:  Non-junction/no special feature,Paved,,Property Damage Only,0,0,0,0,0,0,3000,2,4,,POINT (-91.601676802978 41.684742249701)
2014822080,14-008890,10/13/2014,10-October,2-Monday,20:59,2000 Hours,District 6 (East Central),,DELAWARE,US 20,US 20,Collision with:  Animal,,,Animal,None Indicated,,,,,,,Paved,,Property Damage Only,0,0,0,0,0,0,3000,1,1,,POINT (-91.58968470954 42.464358285835)
2014821833,201415346,10/13/2014,10-October,2-Monday,16:15,1600 Hours,District 6 (East Central),CEDAR RAPIDS,LINN,,BLAIRS FERRY RD NE,Collision with:  Vehicle in traffic,On Roadway,"Angle, oncoming left turn",Unknown,None Indicated,,Daylight,Wet,Rain,None apparent,Intersection:  T-intersection,Paved,,Property Damage Only,0,0,0,0,0,0,4500,2,3,,POINT (-91.672326144112 42.034739843979)
2014820954,14-6702,10/13/2014,10-October,2-Monday,07:18,0700 Hours,District 1 (Central),PLEASANT HILL,POLK,,Co Rd S14/NE 64TH ST,Collision with:  Vehicle in traffic,On Roadway,"Sideswipe, opposite direction",Crossed centerline (undivided),None Indicated,,Dark - roadway not lighted,Wet,"Fog, smoke, smog",None apparent,Non-intersection:  Non-junction/no special feature,Paved,,Property Damage Only,0,0,0,0,0,0,10000,2,2,,POINT (-93.481917300877 41.59237652024)
2014821660,14-33884,10/13/2014,10-October,2-Monday,14:36,1400 Hours,District 3 (Northwest),SIOUX CITY,WOODBURY,I-29,I-29 & WESLEY PKWY,Collision with:  Vehicle in traffic,On Roadway,"Sideswipe, same direction",Made improper turn,None Indicated,,Daylight,Dry,Cloudy,None apparent,Intersection:  T-intersection,Paved,,Property Damage Only,0,0,0,0,0,0,4000,2,2,,POINT (-96.411678409609 42.493315728053)
2014821351,14021585,10/13/2014,10-October,2-Monday,15:42,1500 Hours,District 6 (East Central),MARION,LINN,,7TH AVE,Collision with:  Vehicle in traffic,On Roadway,Rear-end (front to rear),Followed too close,None Indicated,,Daylight,Wet,Rain,None apparent,Non-intersection:  Non-junction/no special feature,Paved,,Property Damage Only,0,0,0,0,0,0,3000,2,3,,POINT (-91.591270989905 42.033287135931)
2014833410,14-081013-01,10/13/2014,10-October,2-Monday,06:00,0600 Hours,District 6 (East Central),,IOWA,,Co Rd V77/P AVE,Collision with:  Animal,,,Animal,None Indicated,,,,,,,Paved,,Property Damage Only,0,0,0,0,0,0,2500,1,1,,POINT (-92.006621840624 41.749158813403)
2014823520,14-016140,10/13/2014,10-October,2-Monday,07:02,0700 Hours,District 2 (Northeast),,FLOYD,US 218,US 218,Collision with:  Animal,,,Animal,None Indicated,,,,,,,Paved,,Property Damage Only,0,0,0,0,0,0,6000,1,1,,POINT (-92.649989177014 43.027697528713)
2014821482,14-206,10/13/2014,10-October,2-Monday,08:28,0800 Hours,District 2 (Northeast),WAVERLY,BREMER,,4TH AVE SW & IOWA ST,Collision with:  Vehicle in traffic,On Roadway,Broadside (front to side),FTYROW:  From stop sign,None Indicated,,Daylight,Wet,Rain,None apparent,Intersection:  T-intersection,Paved,,Property Damage Only,0,0,0,0,0,0,5000,2,2,,POINT (-92.485962103701 42.721736958972)
2014844094,CP14-1005,10/13/2014,10-October,2-Monday,16:30,1600 Hours,District 2 (Northeast),CLARION,WRIGHT,IA 3,IA 3/CENTRAL AVE & 2ND ST NE,Collision with:  Vehicle in traffic,Roadside,"Sideswipe, same direction",FTYROW:  Other (explain in narrative),None Indicated,,Daylight,Wet,Rain,None apparent,Non-intersection:  Non-junction/no special feature,Paved,,Property Damage Only,0,0,0,0,0,0,3000,2,2,,POINT (-93.730128775485 42.731703033629)
2014821524,C14003260,10/13/2014,10-October,2-Monday,15:45,1500 Hours,District 6 (East Central),CORALVILLE,JOHNSON,I-80,I-80 & IA 965/CORAL RIDGE AVE,Collision with:  Vehicle in traffic,On Roadway,"Sideswipe, same direction",FTYROW:  At uncontrolled intersection,None Indicated,,Daylight,Wet,Rain,None apparent,Intersection:  Intersection with ramp,Paved,,Property Damage Only,0,0,0,0,0,0,6000,2,3,,POINT (-91.608504972888 41.692940307539)
2014821708,14-19996,10/13/2014,10-October,2-Monday,15:05,1500 Hours,District 6 (East Central),BETTENDORF,SCOTT,,SPRUCE HILLS DR,Collision with:  Vehicle in traffic,On Roadway,Head-on (front to front),Crossed centerline (undivided),None Indicated,,Daylight,Wet,Rain,None apparent,Non-intersection:  Non-junction/no special feature,Paved,,Possible/Unknown,0,1,0,0,1,0,5000,2,3,,POINT (-90.514560251666 41.553122514683)
2014821553,2014011513,10/13/2014,10-October,2-Monday,15:27,1500 Hours,District 6 (East Central),IOWA CITY,JOHNSON,,OLD HIGHWAY 218 & MCCOLLISTER BLVD & MORMON TREK BLVD,Collision with:  Vehicle in traffic,On Roadway,"Angle, oncoming left turn",FTYROW:  Making left turn,None Indicated,,Daylight,Wet,Rain,None apparent,Intersection:  Four-way intersection,Paved,,Property Damage Only,0,0,0,0,0,0,4000,2,3,,POINT (-91.542313079964 41.63135039817)
2014821045,14-33840,10/13/2014,10-October,2-Monday,06:23,0600 Hours,District 3 (Northwest),SIOUX CITY,WOODBURY,,GLENN AVE & S GLASS ST,Collision with:  Vehicle in traffic,On Roadway,"Angle, oncoming left turn",Made improper turn,None Indicated,,Dark - roadway lighted,Wet,Rain,None apparent,Non-intersection:  Non-junction/no special feature,Paved,,Property Damage Only,0,0,0,0,0,0,2200,2,3,,POINT (-96.362262000849 42.465305955278)
2014821540,14-3263,10/13/2014,10-October,2-Monday,06:10,0600 Hours,District 1 (Central),FORT DODGE,WEBSTER,,3RD AVE NW,Collision with:  Vehicle in traffic,On Roadway,Rear-end (front to rear),Followed too close,None Indicated,,Dark - roadway lighted,Wet,Rain,None apparent,Non-intersection:  Non-junction/no special feature,Paved,,Property Damage Only,0,0,0,0,0,0,3010,2,2,,POINT (-94.217836285088 42.515403333553)
2014821348,201415344,10/13/2014,10-October,2-Monday,15:11,1500 Hours,District 6 (East Central),CEDAR RAPIDS,LINN,IA 922,IA 922/1ST AVE W & 1ST ST NW & 1ST ST SW,Collision with:  Vehicle in traffic,On Roadway,Rear-end (front to rear),Followed too close,None Indicated,,Daylight,Wet,Rain,None apparent,Intersection:  Four-way intersection,Paved,,Possible/Unknown,0,1,0,0,1,0,5000,2,4,,POINT (-91.673063630598 41.976612047302)
2014822156,W14-102390,10/13/2014,10-October,2-Monday,17:54,1700 Hours,District 2 (Northeast),WATERLOO,BLACK HAWK,US 20,US 20/NE RAMP,Collision with:  Vehicle in traffic,On Roadway,Rear-end (front to rear),Other (explain in narrative):  Other,None Indicated,,Dusk,Wet,Rain,None apparent,Interchange-related:  Off-ramp,Paved,,Property Damage Only,0,0,0,0,0,0,6000,2,2,,POINT (-92.346696718888 42.454981147693)
2014831919,2014058275,10/13/2014,10-October,2-Monday,13:38,1300 Hours,District 6 (East Central),CORALVILLE,JOHNSON,I-380,I-380,Collision with:  Vehicle in traffic,On Roadway,Rear-end (front to rear),Followed too close,None Indicated,,Daylight,Wet,Rain,None apparent,Interchange-related:  On-ramp merge area,Paved,,Property Damage Only,0,0,0,0,0,0,7000,3,4,,POINT (-91.639074133201 41.695855370716)
2014821485,14-5372,10/13/2014,10-October,2-Monday,16:15,1600 Hours,District 6 (East Central),HIAWATHA,LINN,,BOYSON RD,Collision with:  Vehicle in traffic,On Roadway,Rear-end (front to rear),Other (explain in narrative):  Other,None Indicated,,Daylight,Wet,Rain,None apparent,Intersection:  Four-way intersection,Paved,,Property Damage Only,0,0,0,0,0,0,13000,3,3,,POINT (-91.675378480074 42.047735253438)
2014822095,14-19997,10/13/2014,10-October,2-Monday,15:11,1500 Hours,District 6 (East Central),BETTENDORF,SCOTT,,SUMMIT HILLS DR & SPRUCE HILLS DR,Collision with:  Vehicle in traffic,On Roadway,"Sideswipe, same direction",Other (explain in narrative):  Other,None Indicated,,Daylight,Wet,Rain,None apparent,Non-intersection:  Non-junction/no special feature,Paved,,Property Damage Only,0,0,0,0,0,0,4300,2,3,,POINT (-90.515256720154 41.553407765307)
2014821904,2014-72032,10/13/2014,10-October,2-Monday,17:56,1700 Hours,District 6 (East Central),DAVENPORT,SCOTT,,E 2ND ST & PERSHING AVE,Collision with:  Vehicle in traffic,On Roadway,Rear-end (front to rear),Driving too fast for conditions,None Indicated,,Daylight,Wet,Cloudy,"Surface condition (e.g., wet, icy)",Non-intersection:  Non-junction/no special feature,Paved,,Property Damage Only,0,0,0,0,0,0,3000,2,2,,POINT (-90.571144721825 41.521305871278)
2014831848,1410130555,10/13/2014,10-October,2-Monday,05:55,0500 Hours,District 6 (East Central),,JONES,IA 136,IA 136/IOWA 136,Collision with:  Animal,,,Animal,None Indicated,,,,,,,Paved,,Property Damage Only,0,0,0,0,0,0,5000,1,1,,POINT (-91.014799834066 42.066766118196)
2014822485,2014058315,10/13/2014,10-October,2-Monday,19:45,1900 Hours,District 4 (Southwest),,POTTAWATTAMIE,,145TH ST,Collision with:  Animal,,,Animal,None Indicated,,,,,,,Unpaved,,Property Damage Only,0,0,0,0,0,0,3800,1,1,,POINT (-95.901089415984 41.361889759382)
2014821089,14-043572,10/13/2014,10-October,2-Monday,08:00,0800 Hours,District 4 (Southwest),COUNCIL BLUFFS,POTTAWATTAMIE,,9TH AVE & S 35TH ST,Collision with:  Vehicle in traffic,On Roadway,Rear-end (front to rear),Driving too fast for conditions,None Indicated,,Dawn,Wet,Rain,None apparent,Intersection:  Four-way intersection,Paved,,Possible/Unknown,0,1,0,0,1,0,200,2,2,,POINT (-95.90197282276 41.253666340979)
2014821556,2014011524,10/13/2014,10-October,2-Monday,19:15,1900 Hours,District 6 (East Central),IOWA CITY,JOHNSON,,E JEFFERSON ST,Collision with:  Vehicle in traffic,On Roadway,Rear-end (front to rear),Followed too close,None Indicated,,Dark - roadway lighted,Wet,Rain,None apparent,Non-intersection:  Non-junction/no special feature,Paved,,Property Damage Only,0,0,0,0,0,0,3000,2,4,,POINT (-91.532279026542 41.662458530456)
2014821547,CL14003631,10/13/2014,10-October,2-Monday,12:30,1200 Hours,District 6 (East Central),CLINTON,CLINTON,US 67,US 67/N 2ND ST,Collision with:  Vehicle in traffic,On Roadway,Rear-end (front to rear),Followed too close,None Indicated,,Daylight,Wet,Rain,None apparent,Non-intersection:  Non-junction/no special feature,Paved,,Possible/Unknown,0,1,0,0,1,0,2200,2,3,,POINT (-90.182918563073 41.864152352114)
2014821429,14-004819,10/13/2014,10-October,2-Monday,13:09,1300 Hours,District 1 (Central),AMES,STORY,,LINCOLN WAY & CAMPUS AVE,Collision with:  Vehicle in traffic,On Roadway,Rear-end (front to rear),Driving too fast for conditions,None Indicated,,Daylight,Wet,Rain,None apparent,Intersection:  T-intersection,Paved,,Property Damage Only,0,0,0,0,0,0,23000,3,3,,POINT (-93.657060831749 42.022696495055)
2014821380,20140030358,10/13/2014,10-October,2-Monday,12:45,1200 Hours,District 1 (Central),DES MOINES,POLK,,SW 9TH ST,Collision with fixed object:  Curb/island/raised median,On Roadway,Non-collision (single vehicle),Swerving/Evasive Action,None Indicated,,Daylight,Wet,Rain,"Surface condition (e.g., wet, icy)",Non-intersection:  Non-junction/no special feature,Paved,,Property Damage Only,0,0,0,0,0,0,2200,1,1,,POINT (-93.625808053169 41.555726298992)
2014821789,2014058277,10/13/2014,10-October,2-Monday,14:15,1400 Hours,District 5 (Southeast),,WARREN,I-35,I-35,Collision with fixed object:  Concrete traffic barrier (median or right side),On Roadway,Non-collision (single vehicle),Ran off road - right,None Indicated,,Daylight,Wet,Rain,Work Zone (roadway-related),Non-intersection:  Non-junction/no special feature,Paved,Yes,Property Damage Only,0,0,0,0,0,0,2000,1,1,,POINT (-93.780242613348 41.505449072917)
2014821980,14018036,10/13/2014,10-October,2-Monday,18:13,1800 Hours,District 2 (Northeast),MASON CITY,CERRO GORDO,,S KENTUCKY AVE,Collision with:  Vehicle in traffic,On Roadway,Rear-end (front to rear),Other (explain in narrative):  Other,None Indicated,,Daylight,Wet,Rain,None apparent,Non-intersection:  Non-junction/no special feature,Paved,,Property Damage Only,0,0,0,0,0,0,12000,2,2,,POINT (-93.181066086356 43.147702234467)
2014831849,1410131525,10/13/2014,10-October,2-Monday,15:25,1500 Hours,District 6 (East Central),,JONES,,FOREST CHAPEL RD,Non-collision events:  Overturn/rollover,On Roadway,Non-collision (single vehicle),Swerving/Evasive Action,None Indicated,,Daylight,"Mud, dirt",Rain,Ruts/holes/bumps,Non-intersection:  Non-junction/no special feature,Unpaved,,Possible/Unknown,0,1,0,0,1,0,5000,1,1,,POINT (-91.279309471284 42.050504159273)
2014821399,14-2286,10/13/2014,10-October,2-Monday,12:50,1200 Hours,District 1 (Central),URBANDALE,POLK,,DOUGLAS AVE & 104TH ST,Collision with:  Vehicle in traffic,On Roadway,Rear-end (front to rear),Driving too fast for conditions,None Indicated,,Daylight,Wet,Rain,None apparent,Intersection:  Four-way intersection,Paved,,Minor Injury,0,2,0,2,0,0,7500,2,4,,POINT (-93.76070203809 41.629375648836)
2014820979,20140030318,10/13/2014,10-October,2-Monday,07:50,0700 Hours,District 1 (Central),DES MOINES,POLK,I-235,I-235,Collision with:  Vehicle in traffic,On Roadway,Rear-end (front to rear),Lost Control,None Indicated,,Daylight,Wet,Rain,None apparent,Non-intersection:  Non-junction/no special feature,Paved,,Property Damage Only,0,0,0,0,0,0,3500,2,2,,POINT (-93.575465977221 41.625822523359)
2014822139,,10/13/2014,10-October,2-Monday,08:30,0800 Hours,District 6 (East Central),DE WITT,CLINTON,,S 6TH AVE & INDUSTRIAL ST,Collision with:  Vehicle in traffic,On Roadway,"Sideswipe, opposite direction",FTYROW:  Making left turn,None Indicated,,Daylight,Dry,,None apparent,Non-intersection:  Alley,Paved,,Property Damage Only,0,0,0,0,0,0,5000,2,5,,POINT (-90.53903407793 41.810505873172)
2014821713,C14003263,10/13/2014,10-October,2-Monday,17:09,1700 Hours,District 6 (East Central),CORALVILLE,JOHNSON,US 6,US 6/2ND ST & CAMP CARDINAL BLVD & 22ND AVE,Collision with:  Vehicle in traffic,On Roadway,"Sideswipe, same direction",Swerving/Evasive Action,None Indicated,,Daylight,Wet,Rain,"Surface condition (e.g., wet, icy)",Intersection:  Four-way intersection,Paved,,Property Damage Only,0,0,0,0,0,0,4500,2,2,,POINT (-91.595795483899 41.681698268838)
2014821918,GP20140844,10/13/2014,10-October,2-Monday,15:15,1500 Hours,District 1 (Central),GRINNELL,POWESHIEK,US 6,US 6/6TH AVE & IA 146/WEST ST,Collision with:  Vehicle in traffic,On Roadway,Rear-end (front to rear),Driving too fast for conditions,None Indicated,,Daylight,Water (standing or moving),Rain,"Surface condition (e.g., wet, icy)",Intersection:  Four-way intersection,Paved,,Property Damage Only,0,0,0,0,0,0,6000,2,2,,POINT (-92.727383067011 41.746167287574)
2014821585,,10/13/2014,10-October,2-Monday,09:56,0900 Hours,District 2 (Northeast),JANESVILLE,BLACK HAWK,,7TH ST & PINE ST,Non-collision events:  Overturn/rollover,On Roadway,Non-collision (single vehicle),Driving too fast for conditions,None Indicated,,Daylight,Wet,Rain,None apparent,Intersection:  Y-intersection,Paved,,Property Damage Only,0,0,0,0,0,0,10100,1,1,,POINT (-92.458441567444 42.641991987309)
2014822122,,10/13/2014,10-October,2-Monday,07:50,0700 Hours,District 6 (East Central),CEDAR RAPIDS,LINN,,33RD AVE SW & 6TH ST SW,Collision with fixed object:  Traffic sign support,On Roadway,"Angle, oncoming left turn",Unknown,None Indicated,,Daylight,Wet,Rain,,Non-intersection:  Non-junction/no special feature,Paved,,Possible/Unknown,0,1,0,0,1,0,0,2,2,,POINT (-91.676233363813 41.943027487181)
2014822999,2014058331,10/13/2014,10-October,2-Monday,22:35,2200 Hours,District 1 (Central),,STORY,I-35,I-35,Non-collision events:  Overturn/rollover,,,Ran off road - right,None Indicated,,,,,,,Paved,,Property Damage Only,0,0,0,0,0,0,5000,1,1,,POINT (-93.571196189925 41.874545359378)
2014821787,2014058247,10/13/2014,10-October,2-Monday,12:07,1200 Hours,District 1 (Central),ANKENY,POLK,I-35,I-35,Non-collision events:  Jackknife,Gore,Non-collision (single vehicle),Driving too fast for conditions,None Indicated,,Daylight,Wet,Rain,None apparent,Interchange-related:  On-ramp,Paved,,Property Damage Only,0,0,0,0,0,0,2500,1,1,,POINT (-93.575666917706 41.656499966847)
2014821346,201415338,10/13/2014,10-October,2-Monday,12:24,1200 Hours,District 6 (East Central),CEDAR RAPIDS,LINN,,29TH ST NE,Collision with:  Vehicle in traffic,On Roadway,Broadside (front to side),Other (explain in narrative):  No improper action,None Indicated,,Daylight,Wet,Rain,None apparent,Non-intersection:  Driveway access (within),Paved,,Property Damage Only,0,0,0,0,0,0,10000,2,2,,POINT (-91.635414557712 42.006134960653)
2014821304,14006383,10/13/2014,10-October,2-Monday,06:48,0600 Hours,District 2 (Northeast),,CERRO GORDO,,Co Rd S28/GROUSE AVE,Collision with:  Animal,,,Animal,None Indicated,,,,,,,Paved,,Property Damage Only,0,0,0,0,0,0,3000,1,1,,POINT (-93.378911846681 43.166443411613)
2014821101,14-043592,10/13/2014,10-October,2-Monday,11:29,1100 Hours,District 4 (Southwest),COUNCIL BLUFFS,POTTAWATTAMIE,,9TH AVE & S 7TH ST,Collision with:  Vehicle in traffic,On Roadway,Broadside (front to side),FTYROW:  From stop sign,None Indicated,,Daylight,Wet,Rain,None apparent,Intersection:  Four-way intersection,Paved,,Possible/Unknown,0,1,0,0,1,0,600,2,2,,POINT (-95.854760243363 41.253379567486)
2014822706,10132014-2,10/13/2014,10-October,2-Monday,12:40,1200 Hours,District 6 (East Central),WILLIAMSBURG,IOWA,IA 149,IA 149/HIGHLAND ST & HAWKEYE DR,Collision with:  Vehicle in traffic,On Roadway,Rear-end (front to rear),Driving too fast for conditions,None Indicated,,Daylight,Wet,Rain,None apparent,Non-intersection:  Non-junction/no special feature,Paved,,Property Damage Only,0,0,0,0,0,0,2750,2,2,,POINT (-92.007741527788 41.681093894117)
2014821521,2014-038710,10/13/2014,10-October,2-Monday,18:23,1800 Hours,District 6 (East Central),DUBUQUE,DUBUQUE,IA 32,IA 32/IA32 NW ARTERIAL,Collision with:  Animal,On Roadway,Non-collision (single vehicle),Animal,None Indicated,,Dark - roadway not lighted,Wet,Rain,None apparent,Non-intersection:  Non-junction/no special feature,Paved,,Property Damage Only,0,0,0,0,0,0,4000,2,4,,POINT (-90.7336640565 42.522351510916)
2014826342,,10/13/2014,10-October,2-Monday,13:47,1300 Hours,District 2 (Northeast),,WINNESHIEK,US 52,US 52,Collision with:  Animal,On Roadway,Non-collision (single vehicle),Animal,None Indicated,,Daylight,Wet,Rain,None apparent,Non-intersection:  Non-junction/no special feature,Paved,,Property Damage Only,0,0,0,0,0,0,4000,1,2,,POINT (-91.854504589553 43.243035577157)
2014821398,14-2284,10/13/2014,10-October,2-Monday,06:30,0600 Hours,District 1 (Central),URBANDALE,POLK,,73RD ST,Collision with:  Vehicle in traffic,On Roadway,Broadside (front to side),FTYROW:  From stop sign,None Indicated,,Dark - roadway lighted,Wet,Rain,None apparent,Intersection:  T-intersection,Paved,,Possible/Unknown,0,1,0,0,1,0,11500,2,5,,POINT (-93.718504094324 41.6294039614)
2014821770,2014-013215,10/13/2014,10-October,2-Monday,09:33,0900 Hours,District 6 (East Central),,DUBUQUE,US 151,US 151,Collision with:  Vehicle in traffic,On Roadway,Rear-end (front to rear),Followed too close,None Indicated,,Daylight,Dry,Cloudy,None apparent,Non-intersection:  Non-junction/no special feature,Paved,,Possible/Unknown,0,1,0,0,1,0,1000,2,7,,POINT (-90.923893508473 42.318390434947)
2014823433,14-27267,10/13/2014,10-October,2-Monday,16:00,1600 Hours,District 1 (Central),,JASPER,,Co Rd F48/HWY F-48 W,Collision with:  Vehicle in traffic,On Roadway,Rear-end (front to rear),Followed too close,None Indicated,,Daylight,Wet,Rain,None apparent,Non-intersection:  Non-junction/no special feature,Paved,,Minor Injury,0,1,0,1,0,0,10000,2,2,,POINT (-93.177890274825 41.693229090153)
2014821651,14012493,10/13/2014,10-October,2-Monday,12:26,1200 Hours,District 1 (Central),,TAMA,US 30,US 30,Collision with fixed object:  Ditch,Roadside,Non-collision (single vehicle),Driving too fast for conditions,None Indicated,,Daylight,Wet,Rain,None apparent,Non-intersection:  Non-junction/no special feature,Paved,,Property Damage Only,0,0,0,0,0,0,7000,1,2,,POINT (-92.729975646917 42.005093395222)
2014822346,S79140334,10/13/2014,10-October,2-Monday,18:15,1800 Hours,District 1 (Central),GRINNELL,POWESHIEK,IA 146,IA 146/WEST ST & 10TH AVE,Collision with:  Vehicle in traffic,On Roadway,Broadside (front to side),FTYROW:  From stop sign,None Indicated,,Dusk,Wet,Rain,None apparent,Intersection:  Four-way intersection,Paved,,Property Damage Only,0,0,0,0,0,0,6200,2,3,,POINT (-92.727382505564 41.751985840941)
2014822502,2014058287,10/13/2014,10-October,2-Monday,15:00,1500 Hours,District 2 (Northeast),,WRIGHT,I-35,I-35,Collision with:  Other non-fixed object (explain in narrative),On Roadway,Non-collision (single vehicle),Equipment failure,None Indicated,,Daylight,Wet,Rain,Debris,Non-intersection:  Non-junction/no special feature,Paved,,Property Damage Only,0,0,0,0,0,0,5000,2,4,,POINT (-93.507971017767 42.606735611738)
2014821545,2014011523,10/13/2014,10-October,2-Monday,19:15,1900 Hours,District 6 (East Central),IOWA CITY,JOHNSON,,IOWA AVE,Collision with:  Vehicle in traffic,Outside trafficway,"Sideswipe, same direction",FTYROW:  From parked position,None Indicated,,Dark - unknown roadway lighting,Wet,Rain,None apparent,Non-intersection:  Non-junction/no special feature,Paved,,Property Damage Only,0,0,0,0,0,0,2000,2,5,,POINT (-91.532510145345 41.661272578006)
2014820982,20140030357,10/13/2014,10-October,2-Monday,12:21,1200 Hours,District 1 (Central),DES MOINES,POLK,,AURORA AVE & LOWER BEAVER RD,Collision with:  Vehicle in traffic,On Roadway,Broadside (front to side),FTYROW:  From stop sign,None Indicated,,Daylight,Wet,Rain,None apparent,Intersection:  Four-way intersection,Paved,,Property Damage Only,0,0,0,0,0,0,4000,2,2,,POINT (-93.66576537745 41.636422844925)
2014821731,2014-71988,10/13/2014,10-October,2-Monday,12:14,1200 Hours,District 6 (East Central),DAVENPORT,SCOTT,,E 12TH ST & SPRING ST,Collision with:  Parked motor vehicle,On Roadway,"Sideswipe, same direction","Operating vehicle in an reckless, erratic, careless, negligent manner",None Indicated,,Daylight,Dry,Clear,None apparent,Non-intersection:  Non-junction/no special feature,Paved,,Property Damage Only,0,0,0,0,0,0,3200,2,1,,POINT (-90.54918732811 41.532169824533)
2014820910,14-008616,10/13/2014,10-October,2-Monday,06:45,0600 Hours,District 2 (Northeast),,CLAYTON,,Co Rd X3C/GRANDVIEW RD,Collision with:  Animal,,,Animal,None Indicated,,,,,,,Paved,,Property Damage Only,0,0,0,0,0,0,2500,1,1,,POINT (-91.402788137752 42.817527627435)
2014821557,2014011526,10/13/2014,10-October,2-Monday,21:44,2100 Hours,District 6 (East Central),IOWA CITY,JOHNSON,,KIRKWOOD AVE & DODGE ST,Collision with fixed object:  Curb/island/raised median,On Roadway,Non-collision (single vehicle),Ran Stop Sign,Alcohol (Statutory),,Dark - roadway lighted,Wet,Rain,None apparent,Intersection:  T-intersection,Paved,,Property Damage Only,0,0,0,0,0,0,3000,1,1,,POINT (-91.526137476755 41.649464094305)