Iowa DOT Case Number,Law Enforcement Case Number,Date of Crash,Month of Crash,Day of Week,Time of Crash,Hour,DOT District,City Name,County Name,Route with System,Location Description,First Harmful Event,Location of First Harmful Event,Manner of Crash/Collision,Major Cause,Drug or Alcohol ,Environmental Conditions,Light Conditions,Surface Conditions,Weather Conditions,Roadway Contribution,Roadway Type,Roadway Surface,Work Zone,Crash Severity,Number of Fatalities,Number of Injuries,Number of Major Injuries,Number of Minor Injuries,Number of Possible Injuries,Number of Unknown Injuries,Amount of Property Damage,Number of Vehicles Involved,Total Number of Occupants,Travel Direction,Location
2014822020,14-004822,10/13/2014,10-October,2-Monday,15:24,1500 Hours,District 1 (Central),AMES,STORY,,TOP-O-HOLLOW RD,Collision with:  Vehicle in traffic,Roadside,Rear-end (front to rear),Swerving/Evasive Action,None Indicated,,Daylight,Wet,Rain,None apparent,Non-intersection:  Non-junction/no special feature,Paved,,Property Damage Only,0,0,0,0,0,0,5000,2,1,,POINT (-93.62784931017 42.056589520725)
2014821479,14-5122,10/13/2014,10-October,2-Monday,16:03,1600 Hours,District 1 (Central),WEST DES MOINES,POLK,,ASHWORTH RD & 41ST ST,Collision with:  Vehicle in traffic,On Roadway,Head-on (front to front),FTYROW:  Making left turn,None Indicated,,Daylight,Wet,Rain,None apparent,Intersection:  Four-way intersection,Paved,,Major Injury,0,3,1,0,2,0,9000,2,3,,POINT (-93.75954124577 41.58467162882)
2014821777,20140058289,10/13/2014,10-October,2-Monday,15:28,1500 Hours,District 1 (Central),,HAMILTON,US 20,US 20,Collision with:  Vehicle in traffic,On Roadway,"Sideswipe, same direction",Equipment failure,None Indicated,,Daylight,Wet,Cloudy,None apparent,Non-intersection:  Non-junction/no special feature,Paved,,Possible/Unknown,0,2,0,0,2,0,4000,2,3,,POINT (-93.630075296951 42.448996176551)
2014821939,148105PD,10/13/2014,10-October,2-Monday,12:51,1200 Hours,District 1 (Central),BOONE,BOONE,US 30,US 30/220TH ST & CROWN FLAIR DR 220TH CONN & SE MARSHALL 220TH CONN,Collision with:  Vehicle in traffic,On Roadway,Broadside (front to side),Ran Stop Sign,None Indicated,,Daylight,Wet,Rain,None apparent,Intersection:  Four-way intersection,Paved,,Property Damage Only,0,0,0,0,0,0,11000,2,2,,POINT (-93.86401202905 42.034537783036)
2014822048,2014-11972,10/13/2014,10-October,2-Monday,16:34,1600 Hours,District 2 (Northeast),FOREST CITY,WINNEBAGO,,W J ST & E J ST & S CLARK ST & N CLARK ST,Collision with:  Vehicle in traffic,On Roadway,Broadside (front to side),FTYROW:  From stop sign,None Indicated,,Daylight,Wet,Rain,None apparent,Intersection:  Four-way intersection,Paved,,Property Damage Only,0,0,0,0,0,0,2000,2,3,,POINT (-93.638361958285 43.263504437709)
2014822400,201400050473,10/13/2014,10-October,2-Monday,12:47,1200 Hours,District 5 (Southeast),OTTUMWA,WAPELLO,IA 149,IA 149/KITTERMAN AVE/WAPELLO ST & W 4TH ST,Collision with:  Vehicle in traffic,On Roadway,Rear-end (front to rear),Followed too close,None Indicated,,Daylight,Wet,Rain,None apparent,Intersection:  Four-way intersection,Paved,,Possible/Unknown,0,1,0,0,1,0,300,2,2,,POINT (-92.414262180506 41.02224778636)
2014822998,2014058314,10/13/2014,10-October,2-Monday,19:30,1900 Hours,District 1 (Central),ALTOONA,POLK,US 65,US 65,Collision with:  Vehicle in traffic,On Roadway,"Sideswipe, same direction",Separation of units,None Indicated,,Dark - roadway lighted,Wet,Rain,Work Zone (roadway-related),Intersection:  Four-way intersection,Paved,Yes,Property Damage Only,0,0,0,0,0,0,2000,2,3,,POINT (-93.491999906847 41.663950167223)
2014821795,14-36564,10/13/2014,10-October,2-Monday,16:52,1600 Hours,District 5 (Southeast),BURLINGTON,DES MOINES,,DIVISION ST & 9TH ST,Collision with:  Vehicle in traffic,On Roadway,Broadside (front to side),Ran Stop Sign,None Indicated,,Daylight,Wet,Cloudy,None apparent,Intersection:  Four-way intersection,Paved,,Possible/Unknown,0,1,0,0,1,0,2500,2,2,,POINT (-91.110753776466 40.80755962185)
2014831993,14-008975,10/13/2014,10-October,2-Monday,12:03,1200 Hours,District 4 (Southwest),ATLANTIC,CASS,US 6,US 6/7TH ST & OLIVE ST,Collision with:  Vehicle in traffic,On Roadway,"Angle, oncoming left turn",Other (explain in narrative):  Other,None Indicated,,Daylight,Wet,Rain,None apparent,Non-intersection:  Non-junction/no special feature,Paved,,Property Damage Only,0,0,0,0,0,0,4350,2,3,,POINT (-95.003285397386 41.403910373001)
2014821334,W14-102300,10/13/2014,10-October,2-Monday,12:25,1200 Hours,District 2 (Northeast),WATERLOO,BLACK HAWK,,OSAGE RD & DUBUQUE RD,Collision with:  Vehicle in traffic,On Roadway,Broadside (front to side),FTYROW:  Making left turn,None Indicated,,Daylight,Wet,Rain,None apparent,Intersection:  Four-way intersection,Paved,,Property Damage Only,0,0,0,0,0,0,5000,2,2,,POINT (-92.295391723965 42.483811218004)
2014822060,14-031862,10/13/2014,10-October,2-Monday,20:51,2000 Hours,District 5 (Southeast),FORT MADISON,LEE,US 61,US 61,Collision with:  Animal,,,Animal,None Indicated,,,,,,,Paved,,Property Damage Only,0,0,0,0,0,0,8000,1,1,,POINT (-91.215606277401 40.724077192297)
2014821821,14-36493,10/13/2014,10-October,2-Monday,05:44,0500 Hours,District 5 (Southeast),,DES MOINES,,Co Rd H38/MEDIAPOLIS RD & Co Rd X31/DANVILLE RD,Collision with fixed object:  Ditch,On Roadway,Non-collision (single vehicle),Ran Stop Sign,None Indicated,,Dark - roadway not lighted,Wet,"Fog, smoke, smog","Surface condition (e.g., wet, icy)",Intersection:  T-intersection,Paved,,Possible/Unknown,0,1,0,0,1,0,6000,1,1,,POINT (-91.313820533814 41.001942982232)
2014821379,20140030338,10/13/2014,10-October,2-Monday,09:46,0900 Hours,District 1 (Central),DES MOINES,POLK,,MLK JR PKWY & FLEUR DR,Collision with:  Vehicle in traffic,On Roadway,Broadside (front to side),Ran Traffic Signal,None Indicated,,Daylight,Wet,Rain,None apparent,Intersection:  T-intersection,Paved,,Property Damage Only,0,0,0,0,0,0,2500,2,2,,POINT (-93.644816872827 41.580067027276)
2014821390,20140030378,10/13/2014,10-October,2-Monday,15:50,1500 Hours,District 1 (Central),DES MOINES,POLK,,CARPENTER AVE & 21ST ST,Collision with:  Vehicle in traffic,On Roadway,Broadside (front to side),Unknown,None Indicated,,Daylight,Wet,Rain,None apparent,Intersection:  T-intersection,Paved,,Minor Injury,0,1,0,1,0,0,2800,2,5,,POINT (-93.645301665357 41.60224914336)
2014826290,20140,10/13/2014,10-October,2-Monday,12:20,1200 Hours,District 5 (Southeast),,MAHASKA,US 63,US 63,Collision with:  Vehicle in traffic,On Roadway,Rear-end (front to rear),Driving too fast for conditions,None Indicated,,Daylight,Wet,Rain,None apparent,Non-intersection:  Non-junction/no special feature,Paved,,Property Damage Only,0,0,0,0,0,0,3000,2,2,,POINT (-92.640746765037 41.228910339408)
2014822157,W14-102430,10/13/2014,10-October,2-Monday,21:03,2100 Hours,District 2 (Northeast),WATERLOO,BLACK HAWK,,,Collision with:  Parked motor vehicle,On Roadway,"Sideswipe, same direction",Other (explain in narrative):  Other,None Indicated,,Dark - roadway lighted,Wet,Rain,None apparent,Non-intersection:  Non-junction/no special feature,,,Property Damage Only,0,0,0,0,0,0,5000,2,1,,POINT (-96.643700149993 40.233091251414)
2014821747,14-043275,10/13/2014,10-October,2-Monday,15:21,1500 Hours,District 5 (Southeast),MUSCATINE,MUSCATINE,,E 5TH ST & WALNUT ST,Collision with:  Vehicle in traffic,On Roadway,Broadside (front to side),FTYROW:  From stop sign,None Indicated,,Daylight,Wet,Rain,None apparent,Intersection:  Four-way intersection,Paved,,Property Damage Only,0,0,0,0,0,0,6500,2,2,,POINT (-91.044828601591 41.42546325046)
2014821536,201404803,10/13/2014,10-October,2-Monday,07:03,0700 Hours,District 1 (Central),,BOONE,,Co Rd P70/H AVE,Collision with:  Animal,,,Animal,None Indicated,,,,,,,Paved,,Property Damage Only,0,0,0,0,0,0,3000,1,1,,POINT (-94.027820049213 42.113984143115)
2014821987,14155936,10/13/2014,10-October,2-Monday,17:40,1700 Hours,District 6 (East Central),,JOHNSON,I-380,I-380,Collision with:  Vehicle in traffic,On Roadway,Rear-end (front to rear),Followed too close,None Indicated,,Daylight,Wet,Rain,"Surface condition (e.g., wet, icy)",Non-intersection:  Non-junction/no special feature,Paved,,Property Damage Only,0,0,0,0,0,0,3000,2,3,,POINT (-91.652333518458 41.815225202854)
2014824562,20140030368,10/13/2014,10-October,2-Monday,14:45,1400 Hours,District 1 (Central),DES MOINES,POLK,US 69,US 69/SE 14TH ST & MAURY ST,Collision with:  Vehicle in traffic,On Roadway,Rear-end (front to rear),Driving too fast for conditions,None Indicated,,Daylight,Wet,Rain,"Surface condition (e.g., wet, icy)",Intersection:  Four-way intersection,Paved,,Property Damage Only,0,0,0,0,0,0,3000,2,3,,POINT (-93.596867424874 41.581253693225)
2014821010,20140030333,10/13/2014,10-October,2-Monday,08:39,0800 Hours,District 1 (Central),DES MOINES,POLK,,GRAND AVE & 56TH ST,Collision with:  Vehicle in traffic,On Roadway,Broadside (front to side),Ran Traffic Signal,None Indicated,,Daylight,Wet,Rain,None apparent,Intersection:  Four-way intersection,Paved,,Property Damage Only,0,0,0,0,0,0,7500,2,2,,POINT (-93.693802499276 41.58283531817)
2014821098,14017531,10/13/2014,10-October,2-Monday,06:59,0600 Hours,District 5 (Southeast),,HENRY,,IOWA AVE,Collision with:  Animal,,,Animal,None Indicated,,,,,,,Paved,,Property Damage Only,0,0,0,0,0,0,6500,1,1,,POINT (-91.553908164556 40.920180243476)
2014823595,2014058306,10/13/2014,10-October,2-Monday,17:45,1700 Hours,District 6 (East Central),,JOHNSON,IA 1,IA 1/IOWA 1,Collision with fixed object:  Utility pole/light support,Roadside,Non-collision (single vehicle),Swerving/Evasive Action,None Indicated,,Dusk,Wet,Rain,None apparent,Non-intersection:  Non-junction/no special feature,Paved,,Property Damage Only,0,0,0,0,0,0,8000,1,1,,POINT (-91.633516555251 41.618294008928)
2014821552,2014011511,10/13/2014,10-October,2-Monday,13:43,1300 Hours,District 6 (East Central),IOWA CITY,JOHNSON,I-80,I-80,Collision with:  Vehicle in traffic,On Roadway,"Sideswipe, same direction",Driving too fast for conditions,None Indicated,,Daylight,Wet,Rain,None apparent,Non-intersection:  Non-junction/no special feature,Paved,,Property Damage Only,0,0,0,0,0,0,4500,2,3,,POINT (-91.546263854571 41.685765858355)
2014822667,14-008891,10/13/2014,10-October,2-Monday,21:05,2100 Hours,District 6 (East Central),,DELAWARE,,150TH AVE,Collision with fixed object:  Ditch,On Roadway,Non-collision (single vehicle),Ran off road - right,None Indicated,,Dark - roadway not lighted,"Mud, dirt",Rain,None apparent,Non-intersection:  Non-junction/no special feature,Unpaved,,Property Damage Only,0,0,0,0,0,0,4000,1,1,,POINT (-91.510346578279 42.546259999896)
2014821886,14013520,10/13/2014,10-October,2-Monday,18:32,1800 Hours,District 4 (Southwest),,MILLS,,HILMAN RD,Non-collision events:  Other non-collision (explain in narrative),Outside trafficway,Non-collision (single vehicle),Ran off road - right,None Indicated,,Dark - roadway not lighted,Dry,Clear,Other (explain in narrative),Non-intersection:  Non-junction/no special feature,Paved,,Property Damage Only,0,0,0,0,0,0,10000,2,2,,POINT (-95.762801992997 41.046798050898)
2014821377,14-6726,10/13/2014,10-October,2-Monday,16:31,1600 Hours,District 1 (Central),,POLK,US 69,US 69/NE 14TH ST,Collision with:  Vehicle in traffic,On Roadway,Rear-end (front to rear),Other (explain in narrative):  Other,None Indicated,,Daylight,Wet,Cloudy,None apparent,Non-intersection:  Non-junction/no special feature,Paved,,Property Damage Only,0,0,0,0,0,0,5500,2,2,,POINT (-93.600531264935 41.659417161404)
2014821650,14-004821,10/13/2014,10-October,2-Monday,15:13,1500 Hours,District 1 (Central),AMES,STORY,US 69,US 69/GRAND AVE & 13TH ST,Collision with:  Vehicle in traffic,On Roadway,Rear-end (front to rear),Followed too close,None Indicated,,Daylight,Wet,Rain,None apparent,Intersection:  Four-way intersection,Paved,,Property Damage Only,0,0,0,0,0,0,2400,2,7,,POINT (-93.620407752775 42.034545952594)
2014822363,201400003716,10/13/2014,10-October,2-Monday,21:37,2100 Hours,District 6 (East Central),CEDAR RAPIDS,LINN,I-380,I-380 & IA 922/1ST AVE W & L ST SW & 3RD ST NW,Collision with fixed object:  Traffic sign support,On Roadway,Non-collision (single vehicle),Lost Control,None Indicated,,Dark - roadway lighted,Wet,Rain,None apparent,"Interchange-related:  Off-ramp, diverge area",Paved,,Property Damage Only,0,0,0,0,0,0,2050,1,1,,POINT (-91.676991118851 41.975216351076)
2014821363,14-025322,10/13/2014,10-October,2-Monday,11:36,1100 Hours,District 5 (Southeast),,MARION,,Co Rd S45/HWY 181 & PRATT ST,Collision with:  Other non-fixed object (explain in narrative),On Roadway,Non-collision (single vehicle),Cargo/equipment loss or shift,None Indicated,,Daylight,Wet,Rain,None apparent,Non-intersection:  Non-junction/no special feature,Paved,,Minor Injury,0,1,0,1,0,0,5000,2,4,,POINT (-93.237311950785 41.258916070774)
2014821528,14-043631,10/13/2014,10-October,2-Monday,16:45,1600 Hours,District 4 (Southwest),COUNCIL BLUFFS,POTTAWATTAMIE,,MADISON AVE,Collision with:  Vehicle in traffic,On Roadway,Rear-end (front to rear),Followed too close,None Indicated,,Daylight,Wet,Clear,None apparent,Non-intersection:  Non-junction/no special feature,Paved,,Property Damage Only,0,0,0,0,0,0,3500,2,2,,POINT (-95.82618921993 41.243133207644)
2014823594,2014058292,10/13/2014,10-October,2-Monday,16:25,1600 Hours,District 6 (East Central),CEDAR RAPIDS,LINN,I-380,I-380,Collision with:  Vehicle in traffic,On Roadway,Rear-end (front to rear),Followed too close,None Indicated,,Daylight,Wet,Rain,None apparent,Non-intersection:  Non-junction/no special feature,Paved,,Property Damage Only,0,0,0,0,0,0,7000,2,2,,POINT (-91.669561691789 41.868150963562)
2014821345,201415319,10/13/2014,10-October,2-Monday,07:04,0700 Hours,District 6 (East Central),CEDAR RAPIDS,LINN,IA 922,IA 922/1ST AVE E & 10TH ST SE & 10TH ST NE,Collision with:  Vehicle in traffic,On Roadway,"Angle, oncoming left turn",FTYROW:  Making left turn,None Indicated,,Dark - roadway lighted,Wet,Rain,None apparent,Intersection:  Four-way intersection,Paved,,Property Damage Only,0,0,0,0,0,0,8300,2,2,,POINT (-91.659816457915 41.983825405616)
2014821400,14-2287,10/13/2014,10-October,2-Monday,16:49,1600 Hours,District 1 (Central),URBANDALE,POLK,,86TH ST,Collision with:  Vehicle in traffic,On Roadway,Rear-end (front to rear),Followed too close,Alcohol (Statutory),,Daylight,Wet,Rain,None apparent,Non-intersection:  Non-junction/no special feature,Paved,,Property Damage Only,0,0,0,0,0,0,7000,3,4,,POINT (-93.736489603248 41.63693721053)
2014821559,C14003261,10/13/2014,10-October,2-Monday,16:03,1600 Hours,District 6 (East Central),CORALVILLE,JOHNSON,I-80,I-80 & IA 965/CORAL RIDGE AVE,Collision with:  Vehicle in traffic,On Roadway,Rear-end (front to rear),Driving too fast for conditions,None Indicated,,Daylight,Wet,Rain,None apparent,Non-intersection:  Non-junction/no special feature,Paved,,Property Damage Only,0,0,0,0,0,0,11500,5,6,,POINT (-91.608504972888 41.692940307539)
2014821532,2014-20834,10/13/2014,10-October,2-Monday,18:23,1800 Hours,District 6 (East Central),,SCOTT,,Co Rd Y48/110 AVE & 145 ST,Collision with:  Animal,,,Animal,None Indicated,,,,,,,Paved,,Property Damage Only,0,0,0,0,0,0,4000,1,2,,POINT (-90.688192532655 41.516271267219)
2014820981,20140030353,10/13/2014,10-October,2-Monday,11:29,1100 Hours,District 1 (Central),DES MOINES,POLK,,MERLE HAY RD,Collision with:  Vehicle in traffic,On Roadway,Rear-end (front to rear),Followed too close,None Indicated,,Daylight,Wet,Rain,None apparent,Non-intersection:  Non-junction/no special feature,Paved,,Property Damage Only,0,0,0,0,0,0,7000,2,2,,POINT (-93.697748174799 41.611688591294)
2014909188,097-14,10/13/2014,10-October,2-Monday,06:42,0600 Hours,District 4 (Southwest),,MADISON,,NORTH RIVER SCHOOL ST,Non-collision events:  Overturn/rollover,Outside trafficway,Non-collision (single vehicle),Driving too fast for conditions,None Indicated,,Dark - roadway not lighted,Wet,Rain,None apparent,Non-intersection:  Non-junction/no special feature,Unpaved,,Property Damage Only,0,0,0,0,0,0,2500,1,1,,POINT (-94.046999464312 41.398799703961)
2014821712,2014-20000,10/13/2014,10-October,2-Monday,16:21,1600 Hours,District 6 (East Central),BETTENDORF,SCOTT,US 67,US 67/GRANT ST & 17TH ST,Collision with:  Vehicle in traffic,On Roadway,"Angle, oncoming left turn",Made improper turn,None Indicated,,Daylight,Water (standing or moving),Rain,None apparent,Non-intersection:  Non-junction/no special feature,Paved,,Property Damage Only,0,0,0,0,0,0,12500,2,5,,POINT (-90.508553677253 41.526270603925)
2014822414,14-15416,10/13/2014,10-October,2-Monday,14:45,1400 Hours,District 6 (East Central),,JACKSON,,380 AVE,Collision with fixed object:  Ditch,On Roadway,Non-collision (single vehicle),Swerving/Evasive Action,None Indicated,,Daylight,"Mud, dirt",Rain,"Shoulders (none, low, soft, high)",Non-intersection:  Non-junction/no special feature,Unpaved,,Property Damage Only,0,0,0,0,0,0,6200,1,1,,POINT (-90.442927061169 42.342168582351)
2014821788,2014058261,10/13/2014,10-October,2-Monday,12:50,1200 Hours,District 1 (Central),,WEBSTER,US 169,US 169 & 175TH ST,Collision with:  Vehicle in traffic,On Roadway,Rear-end (front to rear),FTYROW:  Other (explain in narrative),None Indicated,,Daylight,Wet,Cloudy,None apparent,Intersection:  T-intersection,Paved,,Possible/Unknown,0,1,0,0,1,0,7000,3,5,,POINT (-94.227287073961 42.536771985207)
2014821551,2014011504,10/13/2014,10-October,2-Monday,11:05,1100 Hours,District 6 (East Central),IOWA CITY,JOHNSON,I-80,I-80,Collision with fixed object:  Concrete traffic barrier (median or right side),On Roadway,Non-collision (single vehicle),Swerving/Evasive Action,None Indicated,,Daylight,Wet,Rain,None apparent,Non-intersection:  Non-junction/no special feature,Paved,,Possible/Unknown,0,1,0,0,1,0,10000,1,3,,POINT (-91.532334955764 41.687489229702)
2014821992,14024156,10/13/2014,10-October,2-Monday,20:51,2000 Hours,District 5 (Southeast),OSKALOOSA,MAHASKA,IA 92,IA 92/A AVE W & N G ST,Collision with fixed object:  Utility pole/light support,Shoulder,Non-collision (single vehicle),Ran off road - right,None Indicated,,Dark - roadway lighted,Wet,Rain,None apparent,Non-intersection:  Non-junction/no special feature,Paved,,Property Damage Only,0,0,0,0,0,0,1500,1,2,,POINT (-92.653324985616 41.296219185091)
2014820958,14-6718,10/13/2014,10-October,2-Monday,12:13,1200 Hours,District 1 (Central),GRIMES,POLK,IA 141,IA 141/IOWA 141 & SE 37TH ST,Collision with:  Vehicle in traffic,On Roadway,Rear-end (front to rear),Other (explain in narrative):  Other,None Indicated,,Daylight,Wet,Rain,None apparent,Intersection:  Four-way intersection,Paved,,Property Damage Only,0,0,0,0,0,0,1500,2,2,,POINT (-93.775013102497 41.658508187682)
2014821539,14-5371,10/13/2014,10-October,2-Monday,15:40,1500 Hours,District 6 (East Central),HIAWATHA,LINN,,BOYSON RD & ROBINS RD,Collision with:  Vehicle in traffic,On Roadway,Rear-end (front to rear),Improper Backing,None Indicated,,Daylight,Wet,Rain,None apparent,Non-intersection:  Non-junction/no special feature,Paved,,Property Damage Only,0,0,0,0,0,0,2000,2,3,,POINT (-91.672928196857 42.04760787346)
2014821602,14-007158,10/13/2014,10-October,2-Monday,06:00,0600 Hours,District 1 (Central),,HAMILTON,IA 17,IA 17/220TH ST/STAGE COACH RD & Co Rd D20,Collision with fixed object:  Other fixed object (explain in narrative),Outside trafficway,Non-collision (single vehicle),Ran Stop Sign,None Indicated,,Dark - roadway lighted,Dry,"Fog, smoke, smog",None apparent,Intersection:  T-intersection,Paved,,Property Damage Only,0,0,0,0,0,0,7700,1,1,,POINT (-93.912167068606 42.471963491663)
2014821108,14-3257,10/13/2014,10-October,2-Monday,11:30,1100 Hours,District 1 (Central),FORT DODGE,WEBSTER,,ELMHURST AVE,Collision with:  Vehicle in traffic,Shoulder,Head-on (front to front),Other (explain in narrative):  Other,None Indicated,,Daylight,Wet,Rain,None apparent,Non-intersection:  Non-junction/no special feature,Paved,,Property Damage Only,0,0,0,0,0,0,4000,2,1,,POINT (-94.16415230192 42.517366198922)
2014822499,2014058249,10/13/2014,10-October,2-Monday,11:52,1100 Hours,District 5 (Southeast),,MAHASKA,US 63,US 63 & 293RD ST,Collision with:  Vehicle in traffic,On Roadway,Rear-end (front to rear),Other (explain in narrative):  Other,None Indicated,,Daylight,Wet,Rain,None apparent,Non-intersection:  Non-junction/no special feature,Paved,,Property Damage Only,0,0,0,0,0,0,6000,2,2,,POINT (-92.640762641255 41.230369661799)
2014822232,1400000892,10/13/2014,10-October,2-Monday,12:07,1200 Hours,District 1 (Central),,MARSHALL,US 30,US 30/NE RAMP CURV/NW RAMP CURV & IA 330/MARSHALLTOWN BLVD,Collision with fixed object:  Traffic sign support,On Roadway,Broadside (front to side),FTYROW:  From stop sign,None Indicated,,Daylight,Wet,Rain,None apparent,Intersection:  Intersection with ramp,Paved,,Property Damage Only,0,0,0,0,0,0,2400,2,2,,POINT (-93.019129125797 42.009219202229)
2014821526,CL14003630,10/13/2014,10-October,2-Monday,12:33,1200 Hours,District 6 (East Central),CLINTON,CLINTON,,14TH AVE N & N 3RD ST,Collision with:  Vehicle in traffic,On Roadway,Broadside (front to side),Ran Stop Sign,None Indicated,,Daylight,Wet,Rain,None apparent,Intersection:  Four-way intersection,Paved,,Property Damage Only,0,0,0,0,0,0,10500,2,2,,POINT (-90.186918404536 41.860305981184)
2014821392,20140030393,10/13/2014,10-October,2-Monday,17:33,1700 Hours,District 1 (Central),DES MOINES,POLK,US 6,US 6/E EUCLID AVE & US 69/E 14TH ST,Collision with:  Vehicle in traffic,On Roadway,"Angle, oncoming left turn",FTYROW:  Making left turn,None Indicated,,Daylight,Wet,Rain,None apparent,Intersection:  Four-way intersection,Paved,,Property Damage Only,0,0,0,0,0,0,3500,2,3,,POINT (-93.600501388182 41.627748109434)
2014821668,14-33993,10/14/2014,10-October,3-Tuesday,15:38,1500 Hours,District 3 (Northwest),SIOUX CITY,WOODBURY,,W 7TH ST & MAIN ST,Collision with:  Vehicle in traffic,On Roadway,"Sideswipe, same direction",FTYROW:  From parked position,None Indicated,,Daylight,Dry,Clear,None apparent,Non-intersection:  Non-junction/no special feature,Paved,,Property Damage Only,0,0,0,0,0,0,6800,2,3,,POINT (-96.414737195632 42.501445608155)
2014821523,2014-038723,10/14/2014,10-October,3-Tuesday,06:14,0600 Hours,District 6 (East Central),DUBUQUE,DUBUQUE,US 20,US 20/DODGE ST & BLUFF ST,Collision with fixed object:  Utility pole/light support,Shoulder,Non-collision (single vehicle),Ran off road - right,None Indicated,,Dark - roadway lighted,Wet,Rain,"Surface condition (e.g., wet, icy)",Interchange-related:  On-ramp merge area,Paved,,Property Damage Only,0,0,0,0,0,0,2257,1,1,,POINT (-90.668233379979 42.491798271077)
2014823022,2014058414,10/14/2014,10-October,3-Tuesday,10:05,1000 Hours,District 1 (Central),ANKENY,POLK,,DMACC BLVD,Collision with:  Vehicle in traffic,On Roadway,Broadside (front to side),FTYROW:  From stop sign,None Indicated,,Daylight,Dry,Cloudy,None apparent,Intersection:  T-intersection,Paved,,Property Damage Only,0,0,0,0,0,0,5000,2,2,,POINT (-93.613943675236 41.704534960199)
2014821903,2014-22375,10/14/2014,10-October,3-Tuesday,07:15,0700 Hours,District 5 (Southeast),NORWALK,WARREN,,Co Rd R63/93RD AVE,Collision with:  Animal,,,Animal,None Indicated,,,,,,,Paved,,Property Damage Only,0,0,0,0,0,0,2500,1,1,,POINT (-93.630509351443 41.471815023154)
2014821773,2014-038731,10/14/2014,10-October,3-Tuesday,12:37,1200 Hours,District 6 (East Central),DUBUQUE,DUBUQUE,,BROADWAY ST,Collision with fixed object:  Traffic sign support,On Roadway,Non-collision (single vehicle),Ran off road - left,None Indicated,,Daylight,Wet,Rain,None apparent,Non-intersection:  Non-junction/no special feature,Paved,,Property Damage Only,0,0,0,0,0,0,3500,1,1,,POINT (-90.676583730991 42.518650401064)
2014821865,14-2298,10/14/2014,10-October,3-Tuesday,22:00,2200 Hours,District 1 (Central),URBANDALE,POLK,,AIRLINE AVE & 81ST ST,Collision with:  Vehicle in traffic,On Roadway,Broadside (front to side),Ran Stop Sign,None Indicated,,Dark - roadway lighted,Dry,Clear,None apparent,Intersection:  Four-way intersection,Paved,,Minor Injury,0,1,0,1,0,0,10000,2,2,,POINT (-93.729217478939 41.633020426801)
2014821664,14-33965,10/14/2014,10-October,3-Tuesday,08:19,0800 Hours,District 3 (Northwest),SIOUX CITY,WOODBURY,,W 7TH ST & PERRY ST & WESLEY PKWY,Collision with:  Vehicle in traffic,On Roadway,Rear-end (front to rear),Followed too close,None Indicated,,Daylight,Dry,Clear,None apparent,Intersection:  Four-way intersection,Paved,,Possible/Unknown,0,1,0,0,1,0,1250,2,2,,POINT (-96.409751778828 42.499054955254)
2014829747,A391014-2410,10/14/2014,10-October,3-Tuesday,18:35,1800 Hours,District 4 (Southwest),,GUTHRIE,,Co Rd F65/WHITE POLE RD & 350TH ST,Collision with fixed object:  Traffic sign support,Roadside,Non-collision (single vehicle),Ran off road - left,None Indicated,,Dark - unknown roadway lighting,Dry,Clear,None apparent,Non-intersection:  Non-junction/no special feature,Paved,,Property Damage Only,0,0,0,0,0,0,2750,1,1,,POINT (-94.275155225055 41.503710518001)
2014821618,14-6750,10/14/2014,10-October,3-Tuesday,15:37,1500 Hours,District 1 (Central),GRIMES,POLK,IA 44,IA 44/NW 70 AVE & NW 142ND ST,Collision with:  Other non-fixed object (explain in narrative),On Roadway,Rear-end (front to rear),Followed too close,None Indicated,,Daylight,Dry,Cloudy,None apparent,Non-intersection:  Non-junction/no special feature,Paved,,Property Damage Only,0,0,0,0,0,0,4500,2,3,,POINT (-93.81438854229 41.688427647845)
2014824682,2014058416,10/14/2014,10-October,3-Tuesday,09:43,0900 Hours,District 5 (Southeast),,HENRY,US 34,US 34 & US 218,Non-collision events:  Overturn/rollover,Shoulder,Non-collision (single vehicle),Ran off road - right,None Indicated,,Daylight,Wet,Rain,None apparent,Interchange-related:  On-ramp merge area,Paved,,Possible/Unknown,0,1,0,0,1,0,5000,1,1,,POINT (-91.529965083376 40.988283348995)
2014822543,,10/14/2014,10-October,3-Tuesday,07:50,0700 Hours,District 6 (East Central),CEDAR RAPIDS,LINN,I-380,I-380,Collision with:  Vehicle in traffic,On Roadway,"Sideswipe, same direction",Unknown,None Indicated,,Daylight,Wet,Rain,,Non-intersection:  Non-junction/no special feature,Paved,,Property Damage Only,0,0,0,0,0,0,2500,2,3,,POINT (-91.670390081695 41.878761324434)
2014821489,2014011536,10/14/2014,10-October,3-Tuesday,13:33,1300 Hours,District 6 (East Central),IOWA CITY,JOHNSON,,KIRKWOOD AVE & GILBERT CT,Collision with:  Vehicle in traffic,On Roadway,Broadside (front to side),FTYROW:  From stop sign,None Indicated,,Daylight,Wet,Rain,None apparent,Intersection:  Four-way intersection,Paved,,Property Damage Only,0,0,0,0,0,0,3000,2,3,,POINT (-91.52978865796 41.649438807138)