Iowa DOT Case Number,Law Enforcement Case Number,Date of Crash,Month of Crash,Day of Week,Time of Crash,Hour,DOT District,City Name,County Name,Route with System,Location Description,First Harmful Event,Location of First Harmful Event,Manner of Crash/Collision,Major Cause,Drug or Alcohol ,Environmental Conditions,Light Conditions,Surface Conditions,Weather Conditions,Roadway Contribution,Roadway Type,Roadway Surface,Work Zone,Crash Severity,Number of Fatalities,Number of Injuries,Number of Major Injuries,Number of Minor Injuries,Number of Possible Injuries,Number of Unknown Injuries,Amount of Property Damage,Number of Vehicles Involved,Total Number of Occupants,Travel Direction,Location
2014821698,14-5137,10/14/2014,10-October,3-Tuesday,15:35,1500 Hours,District 1 (Central),WEST DES MOINES,POLK,,GRAND AVE & RAILROAD AVE & E P TRUE PKWY,Collision with:  Vehicle in traffic,On Roadway,Rear-end (front to rear),Other (explain in narrative):  Other,Alcohol (Statutory),,Daylight,Dry,Clear,None apparent,Non-intersection:  Non-junction/no special feature,Paved,,Property Damage Only,0,0,0,0,0,0,2300,2,2,,POINT (-93.731745099848 41.570917696353)
2014927698,,10/14/2014,10-October,3-Tuesday,20:20,2000 Hours,District 3 (Northwest),SERGEANT BLUFF,WOODBURY,,4TH ST,Collision with:  Parked motor vehicle,On Roadway,Unknown,Unknown,None Indicated,,Dark - roadway not lighted,Dry,Clear,None apparent,Non-intersection:  Non-junction/no special feature,Paved,,Property Damage Only,0,0,0,0,0,0,3500,2,1,,POINT (-96.361132140735 42.403522695217)
2014821506,14-043739,10/14/2014,10-October,3-Tuesday,13:02,1300 Hours,District 4 (Southwest),COUNCIL BLUFFS,POTTAWATTAMIE,IA 192,IA 192/S EXPRESSWAY & SERVICE ROAD E,Collision with:  Vehicle in traffic,On Roadway,Rear-end (front to rear),Followed too close,None Indicated,,Daylight,Dry,Clear,None apparent,Non-intersection:  Non-junction/no special feature,Paved,,Minor Injury,0,1,0,1,0,0,800,2,2,,POINT (-95.851338369981 41.231236676894)
2014823234,2014-72162,10/14/2014,10-October,3-Tuesday,11:27,1100 Hours,District 6 (East Central),DAVENPORT,SCOTT,US 6,US 6/W KIMBERLY RD & N PINE ST,Collision with:  Vehicle in traffic,On Roadway,"Angle, oncoming left turn",FTYROW:  Making left turn,None Indicated,,Daylight,Wet,Rain,None apparent,Intersection:  Four-way intersection,Paved,,Property Damage Only,0,0,0,0,0,0,10000,2,2,,POINT (-90.610293119347 41.560124617184)
2014821790,2014058509,10/14/2014,10-October,3-Tuesday,19:25,1900 Hours,District 1 (Central),FORT DODGE,WEBSTER,US 169,US 169,Collision with:  Animal,,,Animal,None Indicated,,,,,,,Paved,,Property Damage Only,0,0,0,0,0,0,2000,1,1,,POINT (-94.222901619815 42.512971888191)
2014823598,2014058410,10/14/2014,10-October,3-Tuesday,09:55,0900 Hours,District 6 (East Central),NORTH LIBERTY,JOHNSON,I-380,I-380,Collision with fixed object:  Guardrail - face,Median,Non-collision (single vehicle),Ran off road - left,None Indicated,,Daylight,Wet,Rain,None apparent,Non-intersection:  Non-junction/no special feature,Paved,,Possible/Unknown,0,1,0,0,1,0,12500,1,1,,POINT (-91.642221390995 41.751869919632)
2014821607,14156314,10/14/2014,10-October,3-Tuesday,15:49,1500 Hours,District 6 (East Central),SWISHER,JOHNSON,I-380,I-380,Collision with:  Vehicle in traffic,Shoulder,"Sideswipe, same direction",Lost Control,None Indicated,,Daylight,Wet,Rain,None apparent,Non-intersection:  Non-junction/no special feature,Paved,,Property Damage Only,0,0,0,0,0,0,2000,2,2,,POINT (-91.664603677868 41.839470357453)
2014821672,14-34043,10/14/2014,10-October,3-Tuesday,20:50,2000 Hours,District 3 (Northwest),SIOUX CITY,WOODBURY,I-29,I-29 & IA 376/SINGING HILLS BLVD,Collision with:  Vehicle in traffic,On Roadway,Rear-end (front to rear),Followed too close,None Indicated,,Dark - roadway lighted,Dry,Clear,None apparent,Intersection:  Intersection with ramp,Paved,,Property Damage Only,0,0,0,0,0,0,6000,3,3,,POINT (-96.374050327387 42.43459580019)
2014821960,,10/14/2014,10-October,3-Tuesday,17:45,1700 Hours,District 2 (Northeast),NASHUA,CHICKASAW,IA 346,IA 346/SAMPLE ST & GREELEY ST & CHESTNUT ST,Collision with:  Vehicle in traffic,On Roadway,Rear-end (front to rear),Followed too close,None Indicated,,Daylight,Wet,Rain,None apparent,Intersection:  Four-way intersection,Paved,,Property Damage Only,0,0,0,0,0,0,2000,2,3,,POINT (-92.54005619378 42.954403371234)
2014821838,201415393,10/14/2014,10-October,3-Tuesday,16:15,1600 Hours,District 6 (East Central),CEDAR RAPIDS,LINN,,C ST SW,Collision with fixed object:  Tree,On Roadway,Non-collision (single vehicle),Driving too fast for conditions,Alcohol (Statutory),,Daylight,Wet,Rain,None apparent,Non-intersection:  Non-junction/no special feature,Paved,,Possible/Unknown,0,1,0,0,1,0,9500,1,2,,POINT (-91.642580977553 41.9513167452)
2014821383,20140030436,10/14/2014,10-October,3-Tuesday,07:42,0700 Hours,District 1 (Central),DES MOINES,POLK,,GRAND AVE,Collision with:  Vehicle in traffic,On Roadway,"Angle, oncoming left turn",FTYROW:  Making left turn,None Indicated,,Dawn,Wet,Rain,None apparent,Intersection:  T-intersection,Paved,,Property Damage Only,0,0,0,0,0,0,3500,2,5,,POINT (-93.690324385226 41.582919306153)
2014831346,141014BJ01,10/14/2014,10-October,3-Tuesday,18:40,1800 Hours,District 3 (Northwest),ORANGE CITY,SIOUX,,2ND ST NE & DOVER AVE NE,Collision with:  Vehicle in traffic,On Roadway,Broadside (front to side),FTYROW:  At uncontrolled intersection,None Indicated,,Dark - roadway lighted,Dry,Clear,None apparent,Intersection:  Four-way intersection,Paved,,Property Damage Only,0,0,0,0,0,0,9000,2,2,,POINT (-96.052576883002 43.007154141866)
2014824082,A391014-2405,10/14/2014,10-October,3-Tuesday,11:23,1100 Hours,District 4 (Southwest),,GUTHRIE,IA 25,IA 25/IOWA 25,Collision with fixed object:  Ditch,Roadside,Non-collision (single vehicle),Ran off road - right,None Indicated,,Daylight,Dry,Severe winds,None apparent,Non-intersection:  Non-junction/no special feature,Paved,,Major Injury,0,1,1,0,0,0,25000,1,1,,POINT (-94.500835519121 41.634019496232)
2014821616,1400000900,10/14/2014,10-October,3-Tuesday,18:10,1800 Hours,District 1 (Central),,MARSHALL,IA 14,IA 14/REED AVE,Collision with:  Animal,,,Animal,None Indicated,,,,,,,Paved,,Property Damage Only,0,0,0,0,0,0,2500,1,1,,POINT (-92.916823381032 41.976721588787)
2014821766,2014010810,10/14/2014,10-October,3-Tuesday,16:35,1600 Hours,District 1 (Central),MARSHALLTOWN,MARSHALL,IA 14,IA 14/N 3RD AVE & E STATE ST,Collision with:  Vehicle in traffic,On Roadway,"Angle, oncoming left turn",FTYROW:  Making left turn,None Indicated,,Daylight,Wet,Rain,None apparent,Intersection:  Four-way intersection,Paved,,Property Damage Only,0,0,0,0,0,0,5800,2,6,,POINT (-92.908026702072 42.050371222987)
2014821538,14-043729,10/14/2014,10-October,3-Tuesday,11:56,1100 Hours,District 4 (Southwest),COUNCIL BLUFFS,POTTAWATTAMIE,,23RD AVE & S 23RD ST,Collision with:  Vehicle in traffic,On Roadway,"Sideswipe, same direction",Followed too close,None Indicated,,Daylight,Dry,Clear,None apparent,Non-intersection:  Non-junction/no special feature,Paved,,Property Damage Only,0,0,0,0,0,0,2500,2,2,,POINT (-95.877622957312 41.239444541033)
2014821635,20140030523,10/14/2014,10-October,3-Tuesday,22:19,2200 Hours,District 1 (Central),DES MOINES,POLK,IA 415,IA 415/2ND AVE,Collision with:  Vehicle in traffic,On Roadway,Head-on (front to front),Traveling wrong way or on wrong side of road,Alcohol (Statutory),,Dark - roadway lighted,Dry,Cloudy,None apparent,Non-intersection:  Non-junction/no special feature,Paved,,Property Damage Only,0,0,0,0,0,0,4000,2,2,,POINT (-93.61995123162 41.640471084626)
2014821617,14-6749,10/14/2014,10-October,3-Tuesday,16:00,1600 Hours,District 1 (Central),GRIMES,POLK,IA 44,IA 44/NW 70 AVE & NW 142ND ST,Collision with:  Vehicle in traffic,On Roadway,Rear-end (front to rear),Followed too close,None Indicated,,Daylight,Dry,Cloudy,None apparent,Non-intersection:  Non-junction/no special feature,Paved,,Property Damage Only,0,0,0,0,0,0,5500,2,2,,POINT (-93.814412686152 41.688436484112)
2014821791,2014058511,10/14/2014,10-October,3-Tuesday,20:02,2000 Hours,District 3 (Northwest),,SAC,US 71,US 71/330TH ST & ROLLAND AVE,Collision with:  Animal,,,Animal,None Indicated,,,,,,,Paved,,Property Damage Only,0,0,0,0,0,0,3000,1,1,,POINT (-94.994049630673 42.311021765686)
2014822062,14-31927,10/14/2014,10-October,3-Tuesday,16:05,1600 Hours,District 5 (Southeast),FORT MADISON,LEE,,Co Rd X38/330 AVE & CRABTREE LN,Collision with:  Animal,,,Animal,None Indicated,,,,,,,Paved,,Property Damage Only,0,0,0,0,0,0,3500,1,1,,POINT (-91.296090774982 40.648598496814)
2014821749,14-043407,10/14/2014,10-October,3-Tuesday,13:36,1300 Hours,District 5 (Southeast),MUSCATINE,MUSCATINE,,E 8TH ST & SPRING ST,Collision with:  Vehicle in traffic,On Roadway,Rear-end (front to rear),Driving too fast for conditions,None Indicated,,Daylight,Wet,Rain,None apparent,Non-intersection:  Non-junction/no special feature,Paved,,Possible/Unknown,0,2,0,0,2,0,2750,2,3,,POINT (-91.042974087134 41.43023238757)
2014822296,14-2296,10/14/2014,10-October,3-Tuesday,21:23,2100 Hours,District 1 (Central),URBANDALE,POLK,,BAYBERRY CT,Collision with fixed object:  Other fixed object (explain in narrative),On Roadway,Non-collision (single vehicle),Exceeded authorized speed,None Indicated,,Dark - roadway lighted,Dry,Clear,None apparent,Non-intersection:  Non-junction/no special feature,Paved,,Property Damage Only,0,0,0,0,0,0,2400,1,1,,POINT (-93.75160280387 41.633569788239)
2014821835,201415377,10/14/2014,10-October,3-Tuesday,11:00,1100 Hours,District 6 (East Central),CEDAR RAPIDS,LINN,IA 922,IA 922/1ST AVE W & 10TH ST SW & 10TH ST NW,Collision with:  Vehicle in traffic,On Roadway,Rear-end (front to rear),Driving too fast for conditions,None Indicated,,Daylight,Wet,Cloudy,"Surface condition (e.g., wet, icy)",Intersection:  Four-way intersection,Paved,,Property Damage Only,0,0,0,0,0,0,5000,2,2,,POINT (-91.684517760157 41.972519862207)
2014822090,S14-004121,10/15/2014,10-October,4-Wednesday,20:27,2000 Hours,District 4 (Southwest),,POTTAWATTAMIE,,Co Rd L66/340TH ST & SETTER AVE,Collision with:  Animal,,,Animal,None Indicated,,,,,,,Paved,,Property Damage Only,0,0,0,0,0,0,3000,1,1,,POINT (-95.536258229544 41.455391957108)
2014822932,14-002369,10/15/2014,10-October,4-Wednesday,16:06,1600 Hours,District 1 (Central),ALTOONA,POLK,,8TH ST SW,Collision with:  Vehicle in traffic,On Roadway,Broadside (front to side),FTYROW:  Making left turn,None Indicated,,Daylight,Dry,Clear,None apparent,Non-intersection:  Driveway access (within),Paved,,Property Damage Only,0,0,0,0,0,0,6000,2,4,,POINT (-93.478339757518 41.644083957758)
2014821640,20140030563,10/15/2014,10-October,4-Wednesday,10:00,1000 Hours,District 1 (Central),DES MOINES,POLK,I-235,I-235 & CENTER ST & 42ND ST,Collision with:  Vehicle in traffic,On Roadway,Broadside (front to side),Other (explain in narrative):  No improper action,None Indicated,,Daylight,Dry,Clear,None apparent,Intersection:  Four-way intersection,Paved,,Property Damage Only,0,0,0,0,0,0,13000,2,2,,POINT (-93.6743892952 41.591795939703)
2014822091,4514-040,10/15/2014,10-October,4-Wednesday,14:42,1400 Hours,District 2 (Northeast),,HOWARD,,115TH ST & BIRCH AVE,Collision with:  Vehicle in traffic,On Roadway,Broadside (front to side),FTYROW:  At uncontrolled intersection,None Indicated,,Daylight,"Mud, dirt",Clear,None apparent,Intersection:  Four-way intersection,Unpaved,,Major Injury,0,2,1,0,1,0,11000,2,2,,POINT (-92.5253748638 43.349421359889)
2014821928,14-210,10/15/2014,10-October,4-Wednesday,15:25,1500 Hours,District 2 (Northeast),WAVERLY,BREMER,IA 116,IA 116/4TH ST SW,Collision with:  Vehicle in traffic,On Roadway,"Angle, oncoming left turn",FTYROW:  Making left turn,None Indicated,,Daylight,Dry,Clear,None apparent,Non-intersection:  Driveway access (within),Paved,,Property Damage Only,0,0,0,0,0,0,3300,2,2,,POINT (-92.475672452587 42.725319532441)
2014823513,14-071015-01,10/15/2014,10-October,4-Wednesday,06:05,0600 Hours,District 6 (East Central),,IOWA,US 6,US 6,Collision with:  Vehicle in traffic,On Roadway,Rear-end (front to rear),Followed too close,None Indicated,,Dark - roadway not lighted,Dry,Cloudy,None apparent,Non-intersection:  Non-junction/no special feature,Paved,,Property Damage Only,0,0,0,0,0,0,2000,2,3,,POINT (-92.025458036132 41.788022706498)
2014824919,14024317,10/15/2014,10-October,4-Wednesday,19:24,1900 Hours,District 5 (Southeast),OSKALOOSA,MAHASKA,US 63,US 63/N MARKET ST & IA 92/A AVE W/A AVE E,Collision with:  Vehicle in traffic,On Roadway,"Angle, oncoming left turn",Ran Traffic Signal,None Indicated,,Dark - roadway lighted,Dry,Clear,None apparent,Intersection:  Four-way intersection,Paved,,Possible/Unknown,0,1,0,0,1,0,7500,2,2,,POINT (-92.645095465242 41.296239146548)
2014822843,141-2014,10/15/2014,10-October,4-Wednesday,19:00,1900 Hours,District 4 (Southwest),,HARRISON,,Co Rd F66/335TH ST,Collision with:  Parked motor vehicle,Roadside,Unknown,Improper Backing,None Indicated,,Dark - unknown roadway lighting,Dry,Clear,None apparent,Non-intersection:  Non-junction/no special feature,Paved,,Property Damage Only,0,0,0,0,0,0,1500,2,1,,POINT (-95.756044239169 41.520905281979)
2014822165,W14-102937,10/15/2014,10-October,4-Wednesday,13:25,1300 Hours,District 2 (Northeast),WATERLOO,BLACK HAWK,,E RIDGEWAY AVE & W 9TH ST,Collision with:  Vehicle in traffic,On Roadway,Broadside (front to side),Unknown,None Indicated,,Daylight,Dry,Clear,None apparent,Non-intersection:  Driveway access (within),Paved,,Property Damage Only,0,0,0,0,0,0,1500,2,2,,POINT (-92.342630083326 42.469376320302)
2014821916,201404837,10/15/2014,10-October,4-Wednesday,20:13,2000 Hours,District 1 (Central),,BOONE,,Co Rd R21/NATURE RD,Collision with fixed object:  Guardrail - face,Shoulder,Non-collision (single vehicle),Swerving/Evasive Action,None Indicated,,Dark - roadway not lighted,Dry,Clear,None apparent,Non-intersection:  Non-junction/no special feature,Paved,,Property Damage Only,0,0,0,0,0,0,8000,1,1,,POINT (-93.900143212289 42.144615663485)
2014822331,14-007902,10/15/2014,10-October,4-Wednesday,09:04,0900 Hours,District 4 (Southwest),PERRY,DALLAS,,ESTELLA ST,Collision with:  Parked motor vehicle,On Roadway,"Sideswipe, same direction",Other (explain in narrative):  Other,None Indicated,,Daylight,Dry,Clear,None apparent,Non-intersection:  Non-junction/no special feature,Paved,,Property Damage Only,0,0,0,0,0,0,13000,2,2,,POINT (-94.090635461503 41.835291515127)
2014821678,14-5152,10/15/2014,10-October,4-Wednesday,08:00,0800 Hours,District 4 (Southwest),WEST DES MOINES,DALLAS,,OFFICE PLAZA DR,Collision with:  Vehicle in traffic,On Roadway,Broadside (front to side),FTYROW:  At uncontrolled intersection,None Indicated,,Daylight,Dry,Clear,None apparent,Intersection:  T-intersection,Paved,,Property Damage Only,0,0,0,0,0,0,8000,2,2,,POINT (-93.806121774485 41.587290812821)
2014821707,SO14002437,10/15/2014,10-October,4-Wednesday,01:05,0100 Hours,District 3 (Northwest),,PLYMOUTH,,NATURE AVE,Non-collision events:  Overturn/rollover,On Roadway,Non-collision (single vehicle),Ran off road - left,None Indicated,,Dark - roadway not lighted,Dry,Clear,None apparent,Non-intersection:  Other non-intersection (explain in narrative),Unpaved,,Minor Injury,0,1,0,1,0,0,8500,1,2,,POINT (-96.115199559972 42.824732102865)
2014821622,14-6761,10/15/2014,10-October,4-Wednesday,00:45,0000 Hours,District 1 (Central),DES MOINES,POLK,,NE 23RD AVE,Collision with fixed object:  Other fixed object (explain in narrative),On Roadway,Non-collision (single vehicle),Ran off road - right,Refused,,Dark - roadway lighted,Dry,Clear,None apparent,Non-intersection:  Non-junction/no special feature,Paved,,Possible/Unknown,0,1,0,0,0,1,5500,1,1,,POINT (-93.524707784026 41.615112634943)
2014822111,S14-J1502,10/15/2014,10-October,4-Wednesday,20:45,2000 Hours,District 5 (Southeast),MURRAY,CLARKE,,MAPLE ST & 4TH ST,Collision with:  Vehicle in traffic,On Roadway,Broadside (front to side),Other (explain in narrative):  Other,None Indicated,,Dark - roadway lighted,Dry,Clear,None apparent,Intersection:  Four-way intersection,Paved,,Property Damage Only,0,0,0,0,0,0,2800,2,2,,POINT (-93.950813550002 41.040847984579)
2014822868,14-211,10/15/2014,10-October,4-Wednesday,07:59,0700 Hours,District 2 (Northeast),WAVERLY,BREMER,IA 3,IA 3/BREMER AVE & 12TH ST NW,Collision with:  Vehicle in traffic,On Roadway,Rear-end (front to rear),Unknown,None Indicated,,Daylight,Dry,Clear,None apparent,Non-intersection:  Non-junction/no special feature,Paved,,Property Damage Only,0,0,0,0,0,0,3000,2,2,,POINT (-92.484671573229 42.725666562811)
2014821887,20141015EEP1,10/15/2014,10-October,4-Wednesday,21:00,2100 Hours,District 5 (Southeast),OSCEOLA,CLARKE,US 69,US 69/S MAIN ST & W JEFFERSON ST & E JEFFERSON ST,Collision with:  Vehicle in traffic,On Roadway,Rear-end (front to rear),"Operating vehicle in an reckless, erratic, careless, negligent manner",Alcohol (Statutory),,Dark - roadway lighted,Dry,Clear,None apparent,Intersection:  Four-way intersection,Paved,,Property Damage Only,0,0,0,0,0,0,11000,2,4,,POINT (-93.76567365722 41.033479926749)
2014821860,20140030645,10/15/2014,10-October,4-Wednesday,18:10,1800 Hours,District 1 (Central),DES MOINES,POLK,I-235,I-235 & US 69/E 15TH ST,Collision with:  Vehicle in traffic,On Roadway,Rear-end (front to rear),Followed too close,None Indicated,,Daylight,Dry,Cloudy,None apparent,Non-intersection:  Non-junction/no special feature,Paved,,Property Damage Only,0,0,0,0,0,0,6000,2,7,,POINT (-93.59634880242 41.59659574025)
2014821636,20140030535,10/15/2014,10-October,4-Wednesday,06:52,0600 Hours,District 1 (Central),DES MOINES,POLK,I-235,I-235 & US 69/E 14TH ST & MAPLE ST,Collision with:  Vehicle in traffic,On Roadway,Broadside (front to side),Ran Traffic Signal,None Indicated,,Dawn,Dry,Clear,None apparent,Intersection:  Four-way intersection,Paved,,Property Damage Only,0,0,0,0,0,0,1500,2,3,,POINT (-93.599096727157 41.596608476202)
2014821879,14-34107,10/15/2014,10-October,4-Wednesday,11:37,1100 Hours,District 3 (Northwest),SIOUX CITY,WOODBURY,,FLOYD BLVD,Collision with:  Vehicle in traffic,On Roadway,"Sideswipe, same direction",Other (explain in narrative):  Other,None Indicated,,Daylight,Dry,Clear,None apparent,Non-intersection:  Non-junction/no special feature,Paved,,Property Damage Only,0,0,0,0,0,0,2200,2,2,,POINT (-96.393358708647 42.487548085296)
2014822746,14024290,10/15/2014,10-October,4-Wednesday,14:33,1400 Hours,District 5 (Southeast),OSKALOOSA,MAHASKA,US 63,US 63/N MARKET ST & F AVE W & F AVE E,Collision with:  Vehicle in traffic,On Roadway,Rear-end (front to rear),Followed too close,None Indicated,,Daylight,Dry,Clear,None apparent,Intersection:  Four-way intersection,Paved,,Property Damage Only,0,0,0,0,0,0,3000,2,2,,POINT (-92.645070902473 41.300769968785)
2014825338,,10/15/2014,10-October,4-Wednesday,22:59,2200 Hours,District 2 (Northeast),CLEAR LAKE,CERRO GORDO,,4TH AVE S & S 40TH ST,Collision with:  Non-motorist (see non-motorist section - NOT a unit),On Roadway,Non-collision (single vehicle),Unknown,None Indicated,,Dark - roadway not lighted,Dry,Clear,,,Paved,,Possible/Unknown,0,1,0,0,1,0,200,1,1,,POINT (-93.339634730865 43.133654043676)
2014829353,14-C3191015A,10/15/2014,10-October,4-Wednesday,19:00,1900 Hours,District 2 (Northeast),STRAWBERRY POINT,CLAYTON,IA 3,IA 3/IOWA 3,Collision with:  Animal,,,Animal,None Indicated,,,,,,,Paved,,Property Damage Only,0,0,0,0,0,0,3000,1,1,,POINT (-91.552338219336 42.686860076742)
2014821912,14-043472,10/15/2014,10-October,4-Wednesday,00:37,0000 Hours,District 5 (Southeast),MUSCATINE,MUSCATINE,US 61,US 61 & UNIVERSITY DR,Collision with:  Vehicle in traffic,On Roadway,Rear-end (front to rear),"Operating vehicle in an reckless, erratic, careless, negligent manner",None Indicated,,Dark - roadway lighted,Dry,Cloudy,None apparent,Non-intersection:  Non-junction/no special feature,Paved,,Property Damage Only,0,0,0,0,0,0,7500,2,2,,POINT (-91.017552642405 41.459393541724)
2014822599,14-1182,10/15/2014,10-October,4-Wednesday,20:08,2000 Hours,District 1 (Central),PLEASANT HILL,POLK,IA 163,IA 163/NE UNIVERSITY AVE,Collision with:  Animal,,,Animal,None Indicated,,,,,,,Paved,,Property Damage Only,0,0,0,0,0,0,5000,1,1,,POINT (-93.437734217933 41.600524664875)
2014821885,2014011576,10/15/2014,10-October,4-Wednesday,17:06,1700 Hours,District 6 (East Central),IOWA CITY,JOHNSON,,MUSCATINE AVE,Collision with:  Vehicle in traffic,On Roadway,Rear-end (front to rear),Followed too close,None Indicated,,Daylight,Dry,Cloudy,None apparent,Intersection:  Shared use path or trail,Paved,,Property Damage Only,0,0,0,0,0,0,2500,2,2,,POINT (-91.507498043757 41.651637370108)
2014834355,14102854,10/15/2014,10-October,4-Wednesday,08:08,0800 Hours,District 2 (Northeast),CEDAR FALLS,BLACK HAWK,IA 57,IA 57/WEST 1ST ST & UNION RD & N UNION RD,Collision with:  Vehicle in traffic,On Roadway,Broadside (front to side),Other (explain in narrative):  Other,None Indicated,,Daylight,Dry,Clear,None apparent,Non-intersection:  Non-junction/no special feature,Paved,,Possible/Unknown,0,1,0,0,1,0,1100,2,2,,POINT (-92.495110370215 42.542151116441)
2014821945,14015387,10/15/2014,10-October,4-Wednesday,16:05,1600 Hours,District 6 (East Central),TIPTON,CEDAR,,SOUTH ST & LYNN ST,Collision with:  Vehicle in traffic,On Roadway,"Sideswipe, same direction",Swerving/Evasive Action,None Indicated,,Daylight,Dry,Clear,Ruts/holes/bumps,Non-intersection:  Non-junction/no special feature,Paved,,Property Damage Only,0,0,0,0,0,0,4500,2,3,,POINT (-91.129786528883 41.76473645792)
2014822096,14102919,10/15/2014,10-October,4-Wednesday,12:46,1200 Hours,District 2 (Northeast),CEDAR FALLS,BLACK HAWK,,18TH ST,Collision with:  Vehicle in traffic,On Roadway,Broadside (front to side),FTYROW:  From driveway,None Indicated,,Daylight,Dry,Clear,None apparent,Non-intersection:  Driveway access (within),Paved,,Property Damage Only,0,0,0,0,0,0,1500,2,2,,POINT (-92.464724414904 42.522227477211)
2014823614,2014-038769,10/15/2014,10-October,4-Wednesday,18:00,1800 Hours,District 6 (East Central),DUBUQUE,DUBUQUE,,PRINCE ST,Collision with:  Vehicle in traffic,On Roadway,Head-on (front to front),Crossed centerline (undivided),None Indicated,,Daylight,Dry,Clear,None apparent,Non-intersection:  Non-junction/no special feature,Paved,,Property Damage Only,0,0,0,0,0,0,2000,2,2,,POINT (-90.668945823388 42.516829251783)
2014822376,201403737,10/15/2014,10-October,4-Wednesday,11:49,1100 Hours,District 6 (East Central),,LINN,IA 13,IA 13/IOWA 13 & VALLEY FARM RD,Collision with:  Vehicle in traffic,On Roadway,Rear-end (front to rear),Other (explain in narrative):  Other,None Indicated,,Daylight,Dry,Cloudy,None apparent,Intersection:  Four-way intersection,Paved,,Property Damage Only,0,0,0,0,0,0,12500,2,2,,POINT (-91.52944241455 42.215823063729)
2014821840,201415417,10/15/2014,10-October,4-Wednesday,07:35,0700 Hours,District 6 (East Central),CEDAR RAPIDS,LINN,,BOYSON RD NE & C AVE NE,Collision with:  Vehicle in traffic,On Roadway,"Sideswipe, same direction",Crossed centerline (undivided),None Indicated,,Daylight,Dry,Clear,None apparent,Non-intersection:  Non-junction/no special feature,Paved,,Possible/Unknown,0,2,0,0,0,2,3000,2,2,,POINT (-91.638594677159 42.046692330706)
2014823190,14-006161,10/15/2014,10-October,4-Wednesday,23:22,2300 Hours,District 3 (Northwest),,OBRIEN,,Co Rd L26/MCKINLEY AVE,Collision with:  Animal,,,Animal,None Indicated,,,,,,,Paved,,Property Damage Only,0,0,0,0,0,0,1600,1,1,,POINT (-95.861327117792 43.15166448738)
2014829694,1402856,10/15/2014,10-October,4-Wednesday,09:11,0900 Hours,District 5 (Southeast),BLOOMFIELD,DAVIS,,COLUMBIA ST,Collision with fixed object:  Other fixed object (explain in narrative),Outside trafficway,Non-collision (single vehicle),Other (explain in narrative):  Other,None Indicated,,Daylight,"Mud, dirt",Clear,Unknown,Non-intersection:  Alley,Paved,,Property Damage Only,0,0,0,0,0,0,3000,1,1,,POINT (-92.416394544913 40.750305540671)
2014822418,01-201438774,10/15/2014,10-October,4-Wednesday,19:11,1900 Hours,District 6 (East Central),DUBUQUE,DUBUQUE,IA 32,IA 32/IA32 NW ARTERIAL,Collision with:  Animal,,,Animal,None Indicated,,,,,,,Paved,,Property Damage Only,0,0,0,0,0,0,3000,1,3,,POINT (-90.728366471317 42.524083634628)
2014822805,14-12057,10/15/2014,10-October,4-Wednesday,16:28,1600 Hours,District 3 (Northwest),,SIOUX,US 18,US 18/310TH ST/US 75,Collision with:  Vehicle in traffic,On Roadway,Broadside (front to side),FTYROW:  From stop sign,None Indicated,,Daylight,Dry,Clear,None apparent,Intersection:  Four-way intersection,Paved,,Possible/Unknown,0,1,0,0,1,0,15000,2,2,,POINT (-96.17735307117 43.200177165856)
2014822572,14-025532,10/15/2014,10-October,4-Wednesday,20:30,2000 Hours,District 5 (Southeast),,MARION,,Co Rd G76/HWY G76,Collision with:  Animal,,,Animal,None Indicated,,,,,,,Paved,,Property Damage Only,0,0,0,0,0,0,4000,1,1,,POINT (-93.133025645599 41.204568146805)
2014821639,20140030546,10/15/2014,10-October,4-Wednesday,08:09,0800 Hours,District 1 (Central),DES MOINES,POLK,,LOCUST ST,Collision with:  Vehicle in traffic,On Roadway,Rear-end (front to rear),Followed too close,None Indicated,,Daylight,Dry,Clear,None apparent,Non-intersection:  Non-junction/no special feature,Paved,,Property Damage Only,0,0,0,0,0,0,2100,2,2,,POINT (-93.631134540837 41.585529287633)
2014821756,14-043897,10/15/2014,10-October,4-Wednesday,14:55,1400 Hours,District 4 (Southwest),COUNCIL BLUFFS,POTTAWATTAMIE,IA 192,IA 192/S 7TH ST & WILLOW AVE,Collision with:  Vehicle in traffic,On Roadway,Rear-end (front to rear),Other (explain in narrative):  Other,None Indicated,,Daylight,Dry,Clear,None apparent,Intersection:  Four-way intersection,Paved,,Property Damage Only,0,0,0,0,0,0,3000,2,3,,POINT (-95.854382956423 41.258963868296)
2014831097,PD14-10822,10/15/2014,10-October,4-Wednesday,06:07,0600 Hours,District 1 (Central),MARSHALLTOWN,MARSHALL,,S 12TH ST,Non-collision events:  Other non-collision (explain in narrative),On Roadway,Non-collision (single vehicle),Swerving/Evasive Action,None Indicated,,Dark - roadway not lighted,Dry,Cloudy,None apparent,Non-intersection:  Non-junction/no special feature,Paved,,Property Damage Only,0,0,0,0,0,0,5000,1,1,,POINT (-92.931805051183 42.008407954704)
2014821906,2014011584,10/15/2014,10-October,4-Wednesday,19:45,1900 Hours,District 6 (East Central),IOWA CITY,JOHNSON,,JOHNSON ST,Collision with:  Parked motor vehicle,Shoulder,Unknown,Unknown,None Indicated,,Unknown,Unknown,Unknown,Unknown,Non-intersection:  Non-junction/no special feature,Paved,,Property Damage Only,0,0,0,0,0,0,1500,2,1,,POINT (-91.527282129134 41.656675250791)
2014824395,2014058693,10/15/2014,10-October,4-Wednesday,21:20,2100 Hours,District 5 (Southeast),,MAHASKA,IA 163,IA 163/IOWA 163,Collision with:  Animal,,,Animal,None Indicated,,,,,,,Paved,,Property Damage Only,0,0,0,0,0,0,2000,1,1,,POINT (-92.674821360581 41.301596488338)