Iowa DOT Case Number,Law Enforcement Case Number,Date of Crash,Month of Crash,Day of Week,Time of Crash,Hour,DOT District,City Name,County Name,Route with System,Location Description,First Harmful Event,Location of First Harmful Event,Manner of Crash/Collision,Major Cause,Drug or Alcohol ,Environmental Conditions,Light Conditions,Surface Conditions,Weather Conditions,Roadway Contribution,Roadway Type,Roadway Surface,Work Zone,Crash Severity,Number of Fatalities,Number of Injuries,Number of Major Injuries,Number of Minor Injuries,Number of Possible Injuries,Number of Unknown Injuries,Amount of Property Damage,Number of Vehicles Involved,Total Number of Occupants,Travel Direction,Location
2014821981,14018202,10/16/2014,10-October,5-Thursday,17:10,1700 Hours,District 2 (Northeast),MASON CITY,CERRO GORDO,US 65,US 65/N DELAWARE AVE,Collision with:  Vehicle in traffic,On Roadway,"Sideswipe, same direction",Made improper turn,None Indicated,,Daylight,Dry,Cloudy,None apparent,Non-intersection:  Driveway access (within),Paved,,Property Damage Only,0,0,0,0,0,0,9000,2,3,,POINT (-93.199453340806 43.155721993882)
2014822009,20140030746,10/16/2014,10-October,5-Thursday,16:22,1600 Hours,District 1 (Central),DES MOINES,POLK,,CENTER ST & 2ND AVE,Collision with:  Vehicle in traffic,On Roadway,"Sideswipe, same direction",Made improper turn,None Indicated,,Daylight,Dry,Cloudy,None apparent,Non-intersection:  Non-junction/no special feature,Paved,,Property Damage Only,0,0,0,0,0,0,3500,2,2,,POINT (-93.620286643053 41.591533111016)
2014823484,2014058858,10/16/2014,10-October,5-Thursday,17:15,1700 Hours,District 6 (East Central),,JOHNSON,I-380,I-380,Collision with:  Vehicle in traffic,On Roadway,Rear-end (front to rear),Followed too close,None Indicated,,Daylight,Dry,Clear,None apparent,Non-intersection:  Non-junction/no special feature,Paved,,Property Damage Only,0,0,0,0,0,0,7250,2,2,,POINT (-91.657788960206 41.82495324691)
2014821853,20140030682,10/16/2014,10-October,5-Thursday,08:15,0800 Hours,District 1 (Central),DES MOINES,POLK,US 69,US 69/E 14TH ST & E HULL AVE,Collision with:  Vehicle in traffic,On Roadway,Rear-end (front to rear),Unknown,None Indicated,,Daylight,Dry,Clear,None apparent,Intersection:  Four-way intersection,Paved,,Property Damage Only,0,0,0,0,0,0,3500,2,14,,POINT (-93.600594367429 41.622244225552)
2014822845,142-2014,10/16/2014,10-October,5-Thursday,22:10,2200 Hours,District 4 (Southwest),,HARRISON,US 30,US 30,Collision with fixed object:  Ditch,,,Crossed centerline (undivided),None Indicated,,,,,,,Paved,,Property Damage Only,0,0,0,0,0,0,2000,1,1,,POINT (-95.835375428542 41.592734646436)
2014821861,20140030660,10/16/2014,10-October,5-Thursday,01:04,0100 Hours,District 1 (Central),DES MOINES,POLK,,E JACKSON AVE,Collision with fixed object:  Tree,On Roadway,Non-collision (single vehicle),Swerving/Evasive Action,None Indicated,,Dark - roadway lighted,Dry,Clear,None apparent,Non-intersection:  Non-junction/no special feature,Paved,,Minor Injury,0,2,0,2,0,0,10100,1,2,,POINT (-93.612154493701 41.575300578452)
2014824038,14-12095,10/16/2014,10-October,5-Thursday,17:40,1700 Hours,District 3 (Northwest),,SIOUX,IA 10,IA 10/450TH ST,Collision with:  Vehicle in traffic,On Roadway,"Sideswipe, same direction",Other (explain in narrative):  Other,None Indicated,,Daylight,Dry,Clear,None apparent,Non-intersection:  Driveway access (within),Paved,,Minor Injury,0,1,0,1,0,0,14000,2,3,,POINT (-96.444336178716 42.996752851546)
2014824258,201400050976,10/16/2014,10-October,5-Thursday,16:32,1600 Hours,District 5 (Southeast),OTTUMWA,WAPELLO,,E VINE ST,Collision with:  Vehicle in traffic,On Roadway,Head-on (front to front),FTYROW:  Making left turn,None Indicated,,Daylight,Dry,Clear,None apparent,Non-intersection:  Driveway access (within),Paved,,Property Damage Only,0,0,0,0,0,0,3500,2,3,,POINT (-92.41457040454 41.004899652286)
2014822967,14-43608,10/16/2014,10-October,5-Thursday,01:30,0100 Hours,District 5 (Southeast),,MUSCATINE,IA 22,IA 22/IOWA 22 & WILD CAT DEN RD,Collision with fixed object:  Ditch,On Roadway,Non-collision (single vehicle),Crossed centerline (undivided),None Indicated,,Dark - roadway not lighted,Dry,Unknown,None apparent,Intersection:  T-intersection,Paved,,Property Damage Only,0,0,0,0,0,0,2500,1,1,,POINT (-90.863429986366 41.455228046215)
2014822369,2014010887,10/16/2014,10-October,5-Thursday,12:31,1200 Hours,District 1 (Central),MARSHALLTOWN,MARSHALL,,W NEVADA ST & S 3RD ST,Collision with:  Vehicle in traffic,On Roadway,Rear-end (front to rear),FTYROW:  From driveway,None Indicated,,Daylight,Dry,Cloudy,None apparent,Non-intersection:  Driveway access (within),Paved,,Property Damage Only,0,0,0,0,0,0,2500,2,2,,POINT (-92.91784701305 42.044245182343)
2014836092,14-07209,10/16/2014,10-October,5-Thursday,17:12,1700 Hours,District 2 (Northeast),OELWEIN,FAYETTE,IA 150,IA 150/PALACE RD & 7TH ST SE,Collision with:  Vehicle in traffic,On Roadway,Head-on (front to front),FTYROW:  Making left turn,None Indicated,,Daylight,Dry,Clear,None apparent,Intersection:  Four-way intersection,Paved,,Property Damage Only,0,0,0,0,0,0,6000,2,2,,POINT (-91.910796541442 42.669478123799)
2014821994,1410161-A,10/16/2014,10-October,5-Thursday,21:44,2100 Hours,District 4 (Southwest),RED OAK,MONTGOMERY,IA 48,IA 48/BROADWAY ST,Collision with:  Vehicle in traffic,On Roadway,Rear-end (front to rear),Unknown,None Indicated,,Dark - roadway lighted,Dry,Clear,None apparent,Non-intersection:  Non-junction/no special feature,Paved,,Possible/Unknown,0,1,0,0,0,1,3000,2,2,,POINT (-95.232745434172 41.016554078073)
2014822102,2014010903,10/16/2014,10-October,5-Thursday,18:45,1800 Hours,District 1 (Central),MARSHALLTOWN,MARSHALL,IA 14,IA 14/REED AVE & COLLEGE DR,Collision with:  Vehicle in traffic,On Roadway,"Sideswipe, same direction",FTYROW:  From stop sign,None Indicated,,Dark - unknown roadway lighting,"Mud, dirt",Clear,None apparent,Intersection:  Four-way intersection,Paved,,Property Damage Only,0,0,0,0,0,0,4100,2,2,,POINT (-92.912443788617 42.001738899561)
2014822082,14-0585,10/16/2014,10-October,5-Thursday,18:20,1800 Hours,District 1 (Central),,WEBSTER,,OAK AVE & 320TH ST,Collision with:  Vehicle in traffic,On Roadway,Broadside (front to side),Ran Stop Sign,None Indicated,,Dusk,Dry,Clear,None apparent,Intersection:  Four-way intersection,Unpaved,,Minor Injury,0,3,0,1,2,0,15000,2,3,,POINT (-94.125823027149 42.324735936599)
2014823507,14-031016-01,10/16/2014,10-October,5-Thursday,19:30,1900 Hours,District 6 (East Central),,IOWA,US 151,US 151/42ND AVE,Collision with:  Animal,,,Animal,None Indicated,,,,,,,Paved,,Property Damage Only,0,0,0,0,0,0,1500,1,1,,POINT (-91.873023469898 41.824645961958)
2014821842,14021776,10/16/2014,10-October,5-Thursday,21:30,2100 Hours,District 6 (East Central),MARION,LINN,,MEADOWVIEW DR,Collision with:  Parked motor vehicle,On Roadway,"Sideswipe, same direction",Other (explain in narrative):  Other,None Indicated,,Dark - roadway lighted,Dry,Clear,None apparent,Non-intersection:  Non-junction/no special feature,Paved,,Property Damage Only,0,0,0,0,0,0,3500,2,1,,POINT (-91.59613229675 42.018792460333)
2014821820,W14-103226,10/16/2014,10-October,5-Thursday,10:23,1000 Hours,District 2 (Northeast),WATERLOO,BLACK HAWK,,ESTHER ST & BOSTON AVE,Collision with:  Vehicle in traffic,On Roadway,Broadside (front to side),FTYROW:  From yield sign,None Indicated,,Daylight,Dry,Clear,None apparent,Intersection:  Four-way intersection,Paved,,Property Damage Only,0,0,0,0,0,0,2600,2,2,,POINT (-92.333990741144 42.521227058349)
2014822072,14-36918,10/16/2014,10-October,5-Thursday,08:30,0800 Hours,District 5 (Southeast),WEST BURLINGTON,DES MOINES,,S RAMSEY ST,Collision with:  Vehicle in traffic,On Roadway,"Sideswipe, opposite direction",Other (explain in narrative):  Vision obstructed,None Indicated,,Daylight,Dry,Clear,None apparent,Intersection:  Other intersection (explain in narrative),Paved,,Property Damage Only,0,0,0,0,0,0,2500,2,2,,POINT (-91.159274407413 40.816640381581)
2014822645,2014-72592,10/16/2014,10-October,5-Thursday,12:30,1200 Hours,District 6 (East Central),DAVENPORT,SCOTT,US 6,US 6/W KIMBERLY RD,Collision with:  Vehicle in traffic,On Roadway,"Sideswipe, same direction",FTYROW:  From stop sign,None Indicated,,Daylight,Dry,Clear,None apparent,Intersection:  T-intersection,Paved,,Property Damage Only,0,0,0,0,0,0,2000,2,2,,POINT (-90.587450534151 41.560106677244)
2014821917,201404842,10/16/2014,10-October,5-Thursday,03:45,0300 Hours,District 1 (Central),BOONE,BOONE,US 30,US 30/230TH ST,Collision with:  Animal,,,Animal,None Indicated,,,,,,,Paved,,Property Damage Only,0,0,0,0,0,0,4000,1,1,,POINT (-93.72315847065 42.021785714581)
2014822441,2014-038792,10/16/2014,10-October,5-Thursday,11:26,1100 Hours,District 6 (East Central),DUBUQUE,DUBUQUE,,KEHL CT & ROCKDALE RD,Collision with fixed object:  Traffic sign support,Median,Non-collision (single vehicle),Crossed centerline (undivided),None Indicated,,Daylight,Dry,Clear,None apparent,Non-intersection:  Non-junction/no special feature,Paved,,Property Damage Only,0,0,0,0,0,0,2500,1,1,,POINT (-90.668558158998 42.477162364044)
2014822981,2014-038785,10/16/2014,10-October,5-Thursday,08:08,0800 Hours,District 6 (East Central),DUBUQUE,DUBUQUE,US 20,US 20/DODGE ST,Collision with:  Vehicle in traffic,On Roadway,Rear-end (front to rear),Lost Control,None Indicated,,Daylight,Dry,"Fog, smoke, smog",None apparent,Non-intersection:  Non-junction/no special feature,Paved,,Property Damage Only,0,0,0,0,0,0,10000,2,2,,POINT (-90.718084896483 42.492153819451)
2014822087,2014011606,10/16/2014,10-October,5-Thursday,08:02,0800 Hours,District 6 (East Central),IOWA CITY,JOHNSON,,N GILBERT ST,Collision with:  Parked motor vehicle,Roadside,Head-on (front to front),Crossed centerline (undivided),None Indicated,,Daylight,Dry,Clear,None apparent,Non-intersection:  Non-junction/no special feature,Paved,,Property Damage Only,0,0,0,0,0,0,2500,2,1,,POINT (-91.530100213373 41.66636667326)
2014822504,2014058871,10/16/2014,10-October,5-Thursday,20:00,2000 Hours,District 5 (Southeast),,WAPELLO,IA 149,IA 149/IOWA 149 & Co Rd V5H/HIGHLAND CENTER RD/150TH ST,Collision with:  Animal,,,Animal,None Indicated,,,,,,,Paved,,Property Damage Only,0,0,0,0,0,0,1500,1,1,,POINT (-92.410141954172 41.097381175507)
2014822109,CL14003671,10/16/2014,10-October,5-Thursday,23:33,2300 Hours,District 6 (East Central),CLINTON,CLINTON,US 67,US 67/N 3RD ST & 29TH AVE N,Collision with:  Parked motor vehicle,Shoulder,"Sideswipe, same direction",Ran off road - right,Alcohol (Statutory),,Dark - roadway lighted,Dry,Clear,None apparent,Non-intersection:  Non-junction/no special feature,Paved,,Possible/Unknown,0,1,0,0,1,0,12200,2,1,,POINT (-90.181248308532 41.879673128563)
2014822099,14-21006,10/16/2014,10-October,5-Thursday,06:40,0600 Hours,District 6 (East Central),BLUE GRASS,SCOTT,US 61,US 61,Collision with:  Animal,On Roadway,Non-collision (single vehicle),Animal,None Indicated,,Dark - roadway lighted,Dry,"Fog, smoke, smog",None apparent,Non-intersection:  Non-junction/no special feature,Paved,,Property Damage Only,0,0,0,0,0,0,7000,1,1,,POINT (-90.749608974051 41.509285060571)
2014822643,2014-72559,10/16/2014,10-October,5-Thursday,09:15,0900 Hours,District 6 (East Central),DAVENPORT,SCOTT,US 6,US 6/W KIMBERLY RD/E KIMBERLY RD & IA 461/WELCOME WAY,Collision with:  Vehicle in traffic,On Roadway,"Sideswipe, same direction",Other (explain in narrative):  Other,None Indicated,,Daylight,Dry,"Fog, smoke, smog",None apparent,Intersection:  Four-way intersection,Paved,,Property Damage Only,0,0,0,0,0,0,5500,2,2,,POINT (-90.570942433126 41.560326333711)
2014822460,2014-72656,10/16/2014,10-October,5-Thursday,17:07,1700 Hours,District 6 (East Central),DAVENPORT,SCOTT,,E LOCUST ST,Collision with:  Vehicle in traffic,On Roadway,"Angle, oncoming left turn",FTYROW:  Making left turn,None Indicated,,Daylight,Dry,Clear,None apparent,Intersection:  T-intersection,Paved,,Property Damage Only,0,0,0,0,0,0,8000,2,3,,POINT (-90.567550278596 41.538233964683)
2014822356,S14-6166,10/16/2014,10-October,5-Thursday,06:45,0600 Hours,District 3 (Northwest),,OBRIEN,,Co Rd M18/WHITE AVE,Collision with fixed object:  Ditch,On Roadway,Non-collision (single vehicle),Crossed centerline (undivided),None Indicated,,Dawn,Dry,Clear,None apparent,Non-intersection:  Non-junction/no special feature,Paved,,Minor Injury,0,1,0,1,0,0,1500,1,1,,POINT (-95.44758087179 43.233502217861)
2014822610,14-004879,10/16/2014,10-October,5-Thursday,17:37,1700 Hours,District 1 (Central),AMES,STORY,,DUFF AVE,Collision with:  Vehicle in traffic,On Roadway,Rear-end (front to rear),Followed too close,None Indicated,,Daylight,Dry,Clear,None apparent,Non-intersection:  Non-junction/no special feature,Paved,,Property Damage Only,0,0,0,0,0,0,5000,2,2,,POINT (-93.610433209439 42.024917375359)
2014821995,14006171,10/16/2014,10-October,5-Thursday,10:22,1000 Hours,District 3 (Northwest),SHELDON,OBRIEN,US 18,US 18/PARK ST,Collision with:  Vehicle in traffic,On Roadway,Rear-end (front to rear),Lost Control,None Indicated,,Daylight,Dry,Clear,None apparent,Non-intersection:  Non-junction/no special feature,Paved,,Possible/Unknown,0,1,0,0,1,0,1500,2,4,,POINT (-95.833142596935 43.186023761964)
2014821993,14-025631,10/16/2014,10-October,5-Thursday,21:55,2100 Hours,District 5 (Southeast),,MARION,IA 92,IA 92/IOWA 92 & Co Rd G40/25TH PL,Collision with:  Animal,,,Animal,None Indicated,,,,,,,Paved,,Property Damage Only,0,0,0,0,0,0,6000,1,2,,POINT (-93.30040067541 41.37094200004)
2014822556,14-008686,10/16/2014,10-October,5-Thursday,06:55,0600 Hours,District 2 (Northeast),,CLAYTON,,Co Rd B45/PLEASANT RIDGE RD & JUNIPER AVE,Collision with:  Animal,,,Animal,None Indicated,,,,,,,Paved,,Property Damage Only,0,0,0,0,0,0,5000,1,1,,POINT (-91.246488544226 43.05923640317)
2014822644,2014-72578,10/16/2014,10-October,5-Thursday,11:42,1100 Hours,District 6 (East Central),DAVENPORT,SCOTT,US 6,US 6/E KIMBERLY RD & IA 461/BRADY ST,Collision with:  Vehicle in traffic,On Roadway,Broadside (front to side),Ran Traffic Signal,None Indicated,,Daylight,Dry,Clear,None apparent,Intersection:  Four-way intersection,Paved,,Property Damage Only,0,0,0,0,0,0,5500,2,2,,POINT (-90.568173645466 41.56029479531)
2014821919,2014011618,10/16/2014,10-October,5-Thursday,10:33,1000 Hours,District 6 (East Central),IOWA CITY,JOHNSON,IA 1,IA 1/IOWA 1 & MORMON TREK BLVD,Collision with:  Vehicle in traffic,On Roadway,Rear-end (front to rear),Ran Traffic Signal,None Indicated,,Daylight,Dry,Clear,None apparent,Intersection:  Four-way intersection,Paved,,Property Damage Only,0,0,0,0,0,0,1800,2,2,,POINT (-91.564644281735 41.636152926902)
2014822030,14-044037,10/16/2014,10-October,5-Thursday,14:40,1400 Hours,District 4 (Southwest),COUNCIL BLUFFS,POTTAWATTAMIE,,AVE G,Collision with:  Vehicle in traffic,On Roadway,"Sideswipe, same direction",Other (explain in narrative):  Other,None Indicated,,Daylight,Dry,Cloudy,None apparent,Non-intersection:  Non-junction/no special feature,Paved,,Possible/Unknown,0,1,0,0,1,0,1500,2,3,,POINT (-95.903411882298 41.268094158483)
2014822081,14-0584,10/16/2014,10-October,5-Thursday,04:45,0400 Hours,District 1 (Central),,WEBSTER,US 20,US 20/235TH ST,Collision with:  Animal,,,Animal,None Indicated,,,,,,,Paved,,Property Damage Only,0,0,0,0,0,0,5000,1,1,,POINT (-94.110354658625 42.449807620171)
2014823556,14009245,10/16/2014,10-October,5-Thursday,10:35,1000 Hours,District 6 (East Central),,BUCHANAN,I-380,I-380,Collision with:  Vehicle in traffic,On Roadway,"Sideswipe, same direction",FTYROW:  Other (explain in narrative),None Indicated,,Daylight,Dry,Clear,None apparent,Non-intersection:  Non-junction/no special feature,Paved,,Property Damage Only,0,0,0,0,0,0,5200,3,3,,POINT (-92.047783357532 42.347617387337)
2014821852,20140030680,10/16/2014,10-October,5-Thursday,07:31,0700 Hours,District 1 (Central),DES MOINES,POLK,,CHAMBERLAIN DR & 42ND ST,Collision with:  Vehicle in traffic,On Roadway,"Sideswipe, same direction",FTYROW:  From stop sign,None Indicated,,Daylight,Dry,Clear,None apparent,Intersection:  T-intersection,Paved,,Property Damage Only,0,0,0,0,0,0,1500,2,2,,POINT (-93.674396515588 41.593642380806)
2014822544,,10/16/2014,10-October,5-Thursday,03:30,0300 Hours,District 2 (Northeast),,HOWARD,IA 9,IA 9/IOWA 9,Collision with:  Animal,On Roadway,Non-collision (single vehicle),Animal,None Indicated,,Dark - roadway not lighted,Dry,Clear,,Non-intersection:  Non-junction/no special feature,Paved,,Property Damage Only,0,0,0,0,0,0,2500,1,1,,POINT (-92.51575817662 43.363986360122)
2014822031,14-36957,10/16/2014,10-October,5-Thursday,14:30,1400 Hours,District 5 (Southeast),BURLINGTON,DES MOINES,,LOCUST ST & CENTRAL AVE,Collision with:  Vehicle in traffic,On Roadway,Broadside (front to side),Unknown,None Indicated,,Daylight,Dry,Clear,None apparent,Intersection:  Four-way intersection,Paved,,Property Damage Only,0,0,0,0,0,0,12000,2,2,,POINT (-91.110794515356 40.798183145418)
2014823562,2014-21018,10/16/2014,10-October,5-Thursday,12:40,1200 Hours,District 6 (East Central),LONG GROVE,SCOTT,,Co Rd F41/267 ST,Collision with:  Vehicle in traffic,On Roadway,Broadside (front to side),FTYROW:  Making left turn,None Indicated,,Daylight,Dry,Clear,None apparent,Intersection:  T-intersection,Paved,,Property Damage Only,0,0,0,0,0,0,10000,2,2,,POINT (-90.575420243674 41.694992920804)
2014823636,2014-72655,10/16/2014,10-October,5-Thursday,16:10,1600 Hours,District 6 (East Central),DAVENPORT,SCOTT,,E 2ND ST & IOWA ST,Collision with:  Non-motorist (see non-motorist section - NOT a unit),On Roadway,Non-collision (single vehicle),Other (explain in narrative):  No improper action,None Indicated,,Daylight,Dry,Cloudy,None apparent,Non-intersection:  Non-junction/no special feature,Paved,,Possible/Unknown,0,1,0,0,1,0,1700,1,1,,POINT (-90.569670508268 41.521310735389)
2014824523,14194,10/16/2014,10-October,5-Thursday,09:37,0900 Hours,District 5 (Southeast),PELLA,MARION,,FRANKLIN ST & MAIN ST,Collision with:  Vehicle in traffic,On Roadway,Broadside (front to side),Ran Traffic Signal,None Indicated,,Daylight,Dry,Clear,None apparent,Intersection:  Four-way intersection,Paved,,Property Damage Only,0,0,0,0,0,0,4500,2,3,,POINT (-92.916477691389 41.406694737458)
2014822419,10-14-158,10/16/2014,10-October,5-Thursday,12:50,1200 Hours,District 3 (Northwest),LE MARS,PLYMOUTH,IA 3,IA 3/PLYMOUTH ST & IA 404/5TH AVE NW & 5TH AVE SW,Collision with:  Vehicle in traffic,On Roadway,Rear-end (front to rear),Followed too close,None Indicated,,Daylight,Dry,Clear,None apparent,Non-intersection:  Non-junction/no special feature,Paved,,Property Damage Only,0,0,0,0,0,0,2000,2,3,,POINT (-96.173812890338 42.793091480011)
2014822034,14-5191,10/16/2014,10-October,5-Thursday,17:13,1700 Hours,District 4 (Southwest),WEST DES MOINES,DALLAS,,STAGECOACH DR & MILLS CIVIC PKWY,Collision with:  Vehicle in traffic,On Roadway,"Angle, oncoming left turn",Ran Traffic Signal,None Indicated,,Daylight,Dry,Cloudy,None apparent,Intersection:  Four-way intersection,Paved,,Possible/Unknown,0,1,0,0,1,0,4000,2,2,,POINT (-93.794256905826 41.559919345932)
2014822086,14008940,10/16/2014,10-October,5-Thursday,08:00,0800 Hours,District 6 (East Central),,DELAWARE,,195TH ST,Collision with:  Vehicle in traffic,On Roadway,Broadside (front to side),FTYROW:  From driveway,None Indicated,,Daylight,Dry,Clear,None apparent,Non-intersection:  Driveway access (within),Paved,,Property Damage Only,0,0,0,0,0,0,6500,2,3,,POINT (-91.458011382834 42.505745009547)
2014823777,14-044063,10/16/2014,10-October,5-Thursday,17:50,1700 Hours,District 4 (Southwest),COUNCIL BLUFFS,POTTAWATTAMIE,,10TH AVE,Collision with:  Parked motor vehicle,On Roadway,Broadside (front to side),Improper Backing,None Indicated,,Daylight,Dry,Cloudy,None apparent,Non-intersection:  Non-junction/no special feature,Paved,,Property Damage Only,0,0,0,0,0,0,1800,2,1,,POINT (-95.900560493941 41.252765301388)
2014821848,20140030673,10/16/2014,10-October,5-Thursday,07:13,0700 Hours,District 1 (Central),DES MOINES,POLK,US 69,US 69/E 14TH ST,Collision with:  Vehicle in traffic,On Roadway,Rear-end (front to rear),Driver Distraction:  Passenger,None Indicated,,Daylight,Dry,Clear,None apparent,Non-intersection:  Non-junction/no special feature,Paved,,Property Damage Only,0,0,0,0,0,0,2400,2,4,,POINT (-93.600505465253 41.608778905326)
2014821920,20141059,10/16/2014,10-October,5-Thursday,04:16,0400 Hours,District 6 (East Central),MOUNT VERNON,LINN,,1ST ST,Collision with:  Vehicle in traffic,On Roadway,"Sideswipe, same direction",Illegally Parked/Unattended,None Indicated,,Dark - roadway lighted,Dry,Cloudy,None apparent,Non-intersection:  Non-junction/no special feature,Paved,,Minor Injury,0,1,0,1,0,0,11000,2,1,,POINT (-91.426566800465 41.927790343725)
2014821849,20140030674,10/16/2014,10-October,5-Thursday,07:20,0700 Hours,District 1 (Central),DES MOINES,POLK,US 69,US 69/SE 14TH ST,Collision with:  Vehicle in traffic,On Roadway,Broadside (front to side),Other (explain in narrative):  Vision obstructed,None Indicated,,Daylight,Dry,Clear,None apparent,Non-intersection:  Non-junction/no special feature,Paved,,Property Damage Only,0,0,0,0,0,0,3000,2,2,,POINT (-93.596832871199 41.554042853559)
2014822045,201403766,10/16/2014,10-October,5-Thursday,16:39,1600 Hours,District 6 (East Central),,LINN,,Co Rd E44/ELLIS RD & Co Rd W30/LINN BENTON RD,Non-collision events:  Other non-collision (explain in narrative),On Roadway,Non-collision (single vehicle),Lost Control,None Indicated,,Daylight,"Mud, dirt",Clear,None apparent,Non-intersection:  Non-junction/no special feature,Paved,,Minor Injury,0,1,0,1,0,0,350,1,1,,POINT (-91.834522451011 42.000520919106)
2014822608,14-004875,10/16/2014,10-October,5-Thursday,15:22,1500 Hours,District 1 (Central),AMES,STORY,,STANTON AVE,Collision with:  Vehicle in traffic,On Roadway,Broadside (front to side),Improper Backing,None Indicated,,Daylight,Dry,Cloudy,None apparent,Non-intersection:  Non-junction/no special feature,Paved,,Property Damage Only,0,0,0,0,0,0,3000,2,3,,POINT (-93.648478508221 42.019701081655)
2014822116,2014-0415,10/16/2014,10-October,5-Thursday,18:59,1800 Hours,District 4 (Southwest),VAN METER,DALLAS,,RICHLAND DR,Collision with:  Animal,On Roadway,Non-collision (single vehicle),Animal,None Indicated,,Dark - roadway not lighted,Dry,Clear,None apparent,Non-intersection:  Non-junction/no special feature,Paved,,Property Damage Only,0,0,0,0,0,0,2000,1,2,,POINT (-93.947596552691 41.525043771619)
2014822315,891406853,10/16/2014,10-October,5-Thursday,23:01,2300 Hours,District 5 (Southeast),,VAN BUREN,IA 2,IA 2/IOWA 2 & TEAL AVE,Collision with:  Animal,On Roadway,Non-collision (single vehicle),Animal,None Indicated,,Dark - roadway not lighted,Dry,Clear,None apparent,Non-intersection:  Non-junction/no special feature,Paved,,Property Damage Only,0,0,0,0,0,0,2000,1,2,,POINT (-91.81347473802 40.675155000547)
2014821883,14-34204,10/16/2014,10-October,5-Thursday,07:37,0700 Hours,District 3 (Northwest),SIOUX CITY,WOODBURY,,W 19TH ST & ROSS ST,Collision with:  Vehicle in traffic,On Roadway,"Angle, oncoming left turn",FTYROW:  Making left turn,None Indicated,,Daylight,Dry,Clear,None apparent,Intersection:  Four-way intersection,Paved,,Possible/Unknown,0,3,0,0,3,0,7000,2,4,,POINT (-96.428565401313 42.510423914576)
2014822490,2014058743,10/16/2014,10-October,5-Thursday,07:45,0700 Hours,District 4 (Southwest),COUNCIL BLUFFS,POTTAWATTAMIE,I-29,I-29,Collision with:  Vehicle in traffic,On Roadway,Rear-end (front to rear),Followed too close,None Indicated,,Daylight,Dry,Clear,Work Zone (roadway-related),Non-intersection:  Non-junction/no special feature,Paved,Yes,Property Damage Only,0,0,0,0,0,0,10000,2,2,,POINT (-95.872616459362 41.232202445593)
2014822092,14-044038,10/16/2014,10-October,5-Thursday,15:09,1500 Hours,District 4 (Southwest),COUNCIL BLUFFS,POTTAWATTAMIE,,W PIERCE ST & E PIERCE ST & S 1ST ST,Collision with:  Vehicle in traffic,On Roadway,Broadside (front to side),Ran Traffic Signal,None Indicated,,Daylight,Dry,Clear,None apparent,Intersection:  Four-way intersection,Paved,,Property Damage Only,0,0,0,0,0,0,12000,2,2,,POINT (-95.843114686118 41.262782405546)
2014823026,2014058733,10/16/2014,10-October,5-Thursday,07:30,0700 Hours,District 1 (Central),ANKENY,POLK,I-35,I-35,Collision with:  Vehicle in traffic,On Roadway,Rear-end (front to rear),Followed too close,None Indicated,,Daylight,Dry,Clear,None apparent,Non-intersection:  Non-junction/no special feature,Paved,,Property Damage Only,0,0,0,0,0,0,2100,2,3,,POINT (-93.576056822943 41.69754346948)
2014823153,14-2306,10/16/2014,10-October,5-Thursday,13:28,1300 Hours,District 1 (Central),URBANDALE,POLK,,DOUGLAS AVE,Collision with:  Vehicle in traffic,On Roadway,"Sideswipe, same direction",FTYROW:  Making right turn on red signal,None Indicated,,Daylight,Dry,Clear,None apparent,Non-intersection:  Non-junction/no special feature,Paved,,Property Damage Only,0,0,0,0,0,0,3000,2,2,,POINT (-93.736317918331 41.629237191102)
2014822061,14-032143,10/16/2014,10-October,5-Thursday,19:44,1900 Hours,District 5 (Southeast),,LEE,US 61,US 61,Collision with:  Animal,,,Animal,None Indicated,,,,,,,Paved,,Property Damage Only,0,0,0,0,0,0,4500,1,1,,POINT (-91.427364223063 40.571260191606)
2014822545,,10/16/2014,10-October,5-Thursday,07:15,0700 Hours,District 3 (Northwest),,CHEROKEE,IA 3,IA 3/IOWA 3,Collision with:  Animal,On Roadway,Non-collision (single vehicle),Animal,None Indicated,,Dawn,Dry,Clear,,Non-intersection:  Non-junction/no special feature,Paved,,Property Damage Only,0,0,0,0,0,0,3000,1,1,,POINT (-95.485845282426 42.74871184553)
2014822051,14-044090,10/16/2014,10-October,5-Thursday,23:24,2300 Hours,District 4 (Southwest),COUNCIL BLUFFS,POTTAWATTAMIE,,23RD AVE,Collision with:  Animal,,,Animal,None Indicated,,,,,,,Paved,,Property Damage Only,0,0,0,0,0,0,1500,1,1,,POINT (-95.878123143036 41.23942302396)
2014822564,143184,10/16/2014,10-October,5-Thursday,13:15,1300 Hours,District 3 (Northwest),,CRAWFORD,,6 MILE RD,Collision with fixed object:  Ditch,On Roadway,Non-collision (single vehicle),Ran off road - left,None Indicated,,Daylight,Dry,Clear,None apparent,Non-intersection:  Non-junction/no special feature,Unpaved,,Property Damage Only,0,0,0,0,0,0,25000,1,1,,POINT (-95.501750781902 42.088039327216)
2014821824,SO1404388,10/16/2014,10-October,5-Thursday,07:44,0700 Hours,District 5 (Southeast),,JEFFERSON,,185TH ST,Collision with:  Vehicle in traffic,On Roadway,Broadside (front to side),FTYROW:  From driveway,None Indicated,,Daylight,Dry,Clear,None apparent,Non-intersection:  Driveway access (within),Paved,,Minor Injury,0,2,0,2,0,0,4000,2,2,,POINT (-91.966190348547 41.039277570791)
2014827836,2014058737,10/16/2014,10-October,5-Thursday,07:10,0700 Hours,District 5 (Southeast),,WAPELLO,US 34,US 34,Collision with:  Animal,,,Animal,None Indicated,,,,,,,Paved,,Property Damage Only,0,0,0,0,0,0,8000,1,1,,POINT (-92.281819994843 41.003572466284)