Iowa DOT Case Number,Law Enforcement Case Number,Date of Crash,Month of Crash,Day of Week,Time of Crash,Hour,DOT District,City Name,County Name,Route with System,Location Description,First Harmful Event,Location of First Harmful Event,Manner of Crash/Collision,Major Cause,Drug or Alcohol ,Environmental Conditions,Light Conditions,Surface Conditions,Weather Conditions,Roadway Contribution,Roadway Type,Roadway Surface,Work Zone,Crash Severity,Number of Fatalities,Number of Injuries,Number of Major Injuries,Number of Minor Injuries,Number of Possible Injuries,Number of Unknown Injuries,Amount of Property Damage,Number of Vehicles Involved,Total Number of Occupants,Travel Direction,Location
2014822415,14-15605,10/17/2014,10-October,6-Friday,19:31,1900 Hours,District 6 (East Central),,JACKSON,IA 64,IA 64/HWY 64,Collision with:  Animal,On Roadway,Non-collision (single vehicle),Animal,None Indicated,,Dark - roadway not lighted,Dry,Cloudy,None apparent,Non-intersection:  Non-junction/no special feature,Paved,,Property Damage Only,0,0,0,0,0,0,4500,1,1,,POINT (-90.557401889536 42.041214875533)
2014824416,2014-72878,10/17/2014,10-October,6-Friday,18:06,1800 Hours,District 6 (East Central),DAVENPORT,SCOTT,US 6,US 6/W KIMBERLY RD,Collision with:  Vehicle in traffic,On Roadway,"Sideswipe, same direction",Improper or erratic lane changing,None Indicated,,Dark - roadway lighted,Dry,Clear,None apparent,Non-intersection:  Non-junction/no special feature,Paved,,Property Damage Only,0,0,0,0,0,0,1500,2,3,,POINT (-90.601829843996 41.560056395903)
2014822303,14-0922,10/17/2014,10-October,6-Friday,13:44,1300 Hours,District 1 (Central),URBANDALE,POLK,,FRONTAGE RD & 70TH ST,Collision with:  Vehicle in traffic,On Roadway,Rear-end (front to rear),Other (explain in narrative):  Other,None Indicated,,Daylight,Dry,Cloudy,Non-highway work,Non-intersection:  Non-junction/no special feature,Paved,,Property Damage Only,0,0,0,0,0,0,1800,2,4,,POINT (-93.712858959133 41.614991593318)
2014826646,14024423,10/17/2014,10-October,6-Friday,07:50,0700 Hours,District 5 (Southeast),,MAHASKA,US 63,US 63 & 135TH ST,Collision with:  Vehicle in traffic,On Roadway,Rear-end (front to rear),Followed too close,None Indicated,,Daylight,Dry,Clear,None apparent,Intersection:  T-intersection,Paved,,Minor Injury,0,1,0,1,0,0,17500,2,2,,POINT (-92.65150220774 41.458891392982)
2014827949,2014059076,10/17/2014,10-October,6-Friday,17:22,1700 Hours,District 1 (Central),,STORY,I-35,I-35 & US 30,Collision with:  Vehicle in traffic,On Roadway,Rear-end (front to rear),Ran off road - left,None Indicated,,Daylight,Dry,Clear,None apparent,Non-intersection:  Other non-intersection (explain in narrative),Paved,,Property Damage Only,0,0,0,0,0,0,19520,3,5,,POINT (-93.571154055637 42.007700795816)
2014850535,,10/17/2014,10-October,6-Friday,23:17,2300 Hours,District 2 (Northeast),DUNKERTON,BLACK HAWK,,DUNKERTON ST,Collision with:  Parked motor vehicle,On Roadway,Broadside (front to side),"Operating vehicle in an reckless, erratic, careless, negligent manner",Alcohol (Statutory),,Dark - roadway lighted,Dry,Cloudy,None apparent,Non-intersection:  Non-junction/no special feature,Paved,,Property Damage Only,0,0,0,0,0,0,3590,2,1,,POINT (-92.160948106223 42.569919389934)
2014822244,14-6833,10/17/2014,10-October,6-Friday,16:32,1600 Hours,District 1 (Central),,POLK,US 65,US 65/SW RAMP/NW RAMP & SE 64TH AVE,Collision with:  Vehicle in traffic,On Roadway,Rear-end (front to rear),Other (explain in narrative):  Other,None Indicated,,Daylight,Dry,Cloudy,None apparent,Intersection:  Intersection with ramp,Paved,,Property Damage Only,0,0,0,0,0,0,4000,2,3,,POINT (-93.521162642855 41.525028750747)
2014824705,90-14-000356,10/17/2014,10-October,6-Friday,22:30,2200 Hours,District 2 (Northeast),DAKOTA CITY,HUMBOLDT,,2ND AVE N,Collision with:  Parked motor vehicle,Shoulder,Unknown,Unknown,None Indicated,,Dark - roadway not lighted,Unknown,Unknown,Unknown,Non-intersection:  Non-junction/no special feature,Paved,,Property Damage Only,0,0,0,0,0,0,2000,2,1,,POINT (-94.199453699294 42.723696868484)
2014822261,20140030862,10/17/2014,10-October,6-Friday,16:16,1600 Hours,District 1 (Central),DES MOINES,POLK,,FRANKLIN AVE & 48TH ST,Collision with:  Vehicle in traffic,On Roadway,Broadside (front to side),FTYROW:  From stop sign,None Indicated,,Daylight,Dry,Cloudy,None apparent,Intersection:  Four-way intersection,Paved,,Property Damage Only,0,0,0,0,0,0,2200,2,7,,POINT (-93.682681294098 41.611265641159)
2014822461,2014-72776,10/17/2014,10-October,6-Friday,07:48,0700 Hours,District 6 (East Central),DAVENPORT,SCOTT,,JERSEY RIDGE RD,Collision with:  Vehicle in traffic,On Roadway,Rear-end (front to rear),Followed too close,None Indicated,,Daylight,Dry,Cloudy,None apparent,Non-intersection:  Non-junction/no special feature,Paved,,Property Damage Only,0,0,0,0,0,0,6500,3,3,,POINT (-90.541563969331 41.574237838974)
2014821985,SO1404403,10/17/2014,10-October,6-Friday,06:02,0600 Hours,District 5 (Southeast),,JEFFERSON,,Co Rd V63/PACKWOOD RD,Collision with:  Animal,,,Animal,None Indicated,,,,,,,Paved,,Property Damage Only,0,0,0,0,0,0,6000,1,1,,POINT (-92.082175444265 41.088128072267)
2014822057,14-3309,10/17/2014,10-October,6-Friday,14:40,1400 Hours,District 1 (Central),FORT DODGE,WEBSTER,,1ST AVE S & S 25TH ST,Collision with:  Vehicle in traffic,On Roadway,"Sideswipe, same direction",Other (explain in narrative):  Other,None Indicated,,Daylight,Dry,Cloudy,None apparent,Intersection:  Four-way intersection,Paved,,Property Damage Only,0,0,0,0,0,0,3600,2,2,,POINT (-94.163136067955 42.505236837867)
2014827184,,10/17/2014,10-October,6-Friday,21:21,2100 Hours,District 2 (Northeast),DECORAH,WINNESHIEK,,S MILL ST,Collision with:  Non-motorist (see non-motorist section - NOT a unit),On Roadway,Non-collision (single vehicle),Other (explain in narrative):  No improper action,None Indicated,,Dark - roadway lighted,Dry,Clear,Other (explain in narrative),Non-intersection:  Non-junction/no special feature,Paved,,Minor Injury,0,1,0,1,0,0,100,1,1,,POINT (-91.792166403958 43.298537596449)
2014823864,,10/17/2014,10-October,6-Friday,10:45,1000 Hours,District 6 (East Central),DE WITT,CLINTON,,5TH ST & 7TH AVE,Collision with:  Parked motor vehicle,On Roadway,"Sideswipe, same direction",Other (explain in narrative):  No improper action,None Indicated,,Daylight,Dry,,None apparent,Non-intersection:  Non-junction/no special feature,Paved,,Property Damage Only,0,0,0,0,0,0,2000,2,15,,POINT (-90.540476902554 41.820299322581)
2014823029,2014058909,10/17/2014,10-October,6-Friday,07:50,0700 Hours,District 4 (Southwest),,MILLS,I-29,I-29,Non-collision events:  Other non-collision (explain in narrative),On Roadway,Non-collision (single vehicle),Swerving/Evasive Action,None Indicated,,Dawn,Dry,Clear,None apparent,Non-intersection:  Non-junction/no special feature,Paved,,Possible/Unknown,0,1,0,0,1,0,2000,1,1,,POINT (-95.821086526494 41.130272153265)
2014824011,1400000935,10/17/2014,10-October,6-Friday,21:15,2100 Hours,District 1 (Central),,MARSHALL,IA 330,IA 330/MARSHALLTOWN BLVD,Collision with:  Animal,,,Animal,None Indicated,,,,,,,Paved,,Property Damage Only,0,0,0,0,0,0,2500,1,1,,POINT (-93.11047490213 41.94600364099)
2014822406,201400051024,10/17/2014,10-October,6-Friday,00:05,0000 Hours,District 5 (Southeast),OTTUMWA,WAPELLO,,N COURT ST,Collision with:  Parked motor vehicle,On Roadway,Rear-end (front to rear),Other (explain in narrative):  Other,None Indicated,,Dark - roadway lighted,Dry,Clear,None apparent,Non-intersection:  Non-junction/no special feature,Paved,,Property Damage Only,0,0,0,0,0,0,4500,2,1,,POINT (-92.409075288652 41.03167083757)
2014823028,2014058898,10/17/2014,10-October,6-Friday,06:30,0600 Hours,District 1 (Central),ANKENY,POLK,I-35,I-35,Collision with:  Vehicle in traffic,On Roadway,Rear-end (front to rear),Followed too close,None Indicated,,Dark - roadway not lighted,Dry,Clear,Work Zone (roadway-related),Non-intersection:  Non-junction/no special feature,Paved,Yes,Property Damage Only,0,0,0,0,0,0,7000,2,4,,POINT (-93.569720560129 41.765262952317)
2014822463,2014-72803,10/17/2014,10-October,6-Friday,11:49,1100 Hours,District 6 (East Central),DAVENPORT,SCOTT,US 6,US 6/W KIMBERLY RD & HILLANDALE RD,Collision with:  Vehicle in traffic,On Roadway,"Angle, oncoming left turn",Ran Traffic Signal,None Indicated,,Daylight,Dry,Cloudy,None apparent,Intersection:  Four-way intersection,Paved,,Property Damage Only,0,0,0,0,0,0,8000,2,4,,POINT (-90.619845494497 41.560250803008)
2014823508,14-031017-01,10/17/2014,10-October,6-Friday,18:30,1800 Hours,District 6 (East Central),,IOWA,,Co Rd F52/F52 TRL,Collision with:  Animal,,,Animal,None Indicated,,,,,,,Paved,,Property Damage Only,0,0,0,0,0,0,1500,1,1,,POINT (-91.952709117144 41.593903598844)
2014822377,201403785,10/17/2014,10-October,6-Friday,21:35,2100 Hours,District 6 (East Central),,LINN,US 30,US 30 & KNAPP RD,Collision with:  Animal,,,Animal,None Indicated,,,,,,,Paved,,Property Damage Only,0,0,0,0,0,0,1500,1,1,,POINT (-91.525976354072 41.925966568125)
2014824269,14-004890,10/17/2014,10-October,6-Friday,18:52,1800 Hours,District 4 (Southwest),CARTER LAKE,POTTAWATTAMIE,,AVE Q,Collision with:  Parked motor vehicle,On Roadway,Rear-end (front to rear),Ran off road - right,None Indicated,,Dark - unknown roadway lighting,Dry,Clear,None apparent,Non-intersection:  Non-junction/no special feature,Paved,,Property Damage Only,0,0,0,0,0,0,7000,2,777,,POINT (-95.90965258231 41.297585131868)
2014824668,1402856,10/17/2014,10-October,6-Friday,09:11,0900 Hours,District 5 (Southeast),BLOOMFIELD,DAVIS,US 63,US 63/WASHINGTON ST,Collision with:  Vehicle in traffic,On Roadway,"Sideswipe, same direction",Made improper turn,None Indicated,,Daylight,Dry,Clear,None apparent,Non-intersection:  Other non-intersection (explain in narrative),Paved,,Property Damage Only,0,0,0,0,0,0,4000,2,4,,POINT (-92.413693686327 40.750309868734)
2014822241,14-6835,10/17/2014,10-October,6-Friday,16:52,1600 Hours,District 1 (Central),,POLK,,NW 118TH AVE & NW 44TH ST,Collision with:  Vehicle in traffic,On Roadway,"Angle, oncoming left turn",FTYROW:  Making left turn,None Indicated,,Daylight,Dry,Cloudy,None apparent,Intersection:  Four-way intersection,Paved,,Possible/Unknown,0,1,0,0,1,0,26000,3,5,,POINT (-93.678454169098 41.776840708461)
2014822601,14-1191,10/17/2014,10-October,6-Friday,07:01,0700 Hours,District 1 (Central),PLEASANT HILL,POLK,US 65,US 65/NE RAMP,Collision with:  Animal,,,Animal,None Indicated,,,,,,,Paved,,Property Damage Only,0,0,0,0,0,0,1500,1,1,,POINT (-93.495771256361 41.599667541477)
2014822639,147882,10/17/2014,10-October,6-Friday,09:53,0900 Hours,District 4 (Southwest),,DALLAS,,Co Rd R16/R AVE & 303RD PL,Collision with:  Vehicle in traffic,On Roadway,Rear-end (front to rear),FTYROW:  Making left turn,None Indicated,,Daylight,Dry,Clear,None apparent,Intersection:  T-intersection,Paved,,Major Injury,0,2,1,0,1,0,25000,2,2,,POINT (-93.954708982593 41.597069612347)
2014822712,,10/17/2014,10-October,6-Friday,21:50,2100 Hours,District 5 (Southeast),LEON,DECATUR,IA 2,IA 2/E 1ST ST & SE MILL ST & NE MILL ST,Collision with:  Vehicle in traffic,On Roadway,Broadside (front to side),FTYROW:  From stop sign,None Indicated,,Dark - roadway not lighted,Dry,Clear,None apparent,Intersection:  Four-way intersection,Paved,,Property Damage Only,0,0,0,0,0,0,9000,2,5,,POINT (-93.743911183212 40.739510249704)
2014822234,14680826,10/17/2014,10-October,6-Friday,23:40,2300 Hours,District 5 (Southeast),,MONROE,,Co Rd H32/170TH ST,Collision with fixed object:  Ditch,On Roadway,Non-collision (single vehicle),Crossed centerline (undivided),None Indicated,,Dark - roadway not lighted,"Mud, dirt",Clear,None apparent,Non-intersection:  Non-junction/no special feature,Unpaved,,Possible/Unknown,0,1,0,0,1,0,4500,1,1,,POINT (-92.91488403873 41.058962665575)
2014822015,20140030839,10/17/2014,10-October,6-Friday,12:10,1200 Hours,District 1 (Central),DES MOINES,POLK,US 69,US 69/E 14TH ST & E WASHINGTON AVE,Collision with:  Vehicle in traffic,On Roadway,Rear-end (front to rear),Swerving/Evasive Action,None Indicated,,Daylight,Dry,Cloudy,Work Zone (roadway-related),Non-intersection:  Non-junction/no special feature,Paved,Yes,Property Damage Only,0,0,0,0,0,0,2500,2,2,,POINT (-93.600519777212 41.607733992156)
2014822457,2014011661,10/17/2014,10-October,6-Friday,08:11,0800 Hours,District 6 (East Central),IOWA CITY,JOHNSON,IA 1,IA 1/E BURLINGTON ST & JOHNSON ST,Collision with:  Vehicle in traffic,On Roadway,Broadside (front to side),FTYROW:  From stop sign,None Indicated,,Daylight,Dry,Clear,None apparent,Intersection:  Four-way intersection,Paved,,Property Damage Only,0,0,0,0,0,0,5500,2,2,,POINT (-91.527256482951 41.657800777762)
2014823805,14-032299,10/17/2014,10-October,6-Friday,22:30,2200 Hours,District 5 (Southeast),,LEE,,255 AVE,Collision with:  Animal,,,Animal,None Indicated,,,,,,,Unpaved,,Property Damage Only,0,0,0,0,0,0,4000,1,1,,POINT (-91.420203505974 40.783306117643)
2014822357,14-5210,10/17/2014,10-October,6-Friday,15:25,1500 Hours,District 1 (Central),WEST DES MOINES,POLK,,MILLS CIVIC PKWY & S 51ST ST,Collision with:  Vehicle in traffic,On Roadway,"Angle, oncoming left turn",FTYROW:  Making left turn,None Indicated,,Daylight,Dry,Cloudy,None apparent,Intersection:  Four-way intersection,Paved,,Property Damage Only,0,0,0,0,0,0,8500,2,2,,POINT (-93.772781891069 41.559182971085)
2014824189,14-10634,10/17/2014,10-October,6-Friday,14:44,1400 Hours,District 3 (Northwest),CARROLL,CARROLL,US 30,US 30 & HEIRES AVE,Collision with:  Vehicle in traffic,On Roadway,Broadside (front to side),FTYROW:  From stop sign,None Indicated,,Daylight,Dry,Clear,None apparent,Intersection:  T-intersection,Paved,,Possible/Unknown,0,1,0,0,1,0,5000,2,4,,POINT (-94.882213586452 42.076301220118)
2014822364,201400003779,10/17/2014,10-October,6-Friday,15:44,1500 Hours,District 6 (East Central),,LINN,,Co Rd W58/N ALBURNETT RD,Collision with fixed object:  Ditch,Roadside,Non-collision (single vehicle),"Operating vehicle in an reckless, erratic, careless, negligent manner",None Indicated,,Daylight,Dry,Cloudy,None apparent,Non-intersection:  Non-junction/no special feature,Paved,,Minor Injury,0,4,0,4,0,0,2000,1,4,,POINT (-91.61901027887 42.116815284551)
2014822671,14-27649,10/17/2014,10-October,6-Friday,16:15,1600 Hours,District 1 (Central),NEWTON,JASPER,I-80,I-80 & Co Rd T14/IOWA SPEEDWAY DR,Collision with fixed object:  Bridge pier or support,On Roadway,Non-collision (single vehicle),Other (explain in narrative):  Other,None Indicated,,Daylight,Dry,Cloudy,None apparent,Non-intersection:  Other non-intersection (explain in narrative),Paved,,Property Damage Only,0,0,0,0,0,0,7000,1,1,,POINT (-92.999915892811 41.682585195756)
2014822732,14-37137,10/17/2014,10-October,6-Friday,16:25,1600 Hours,District 5 (Southeast),,DES MOINES,,Co Rd X27/220TH AVE & PLEASANT GROVE RD,Collision with:  Vehicle in traffic,On Roadway,Broadside (front to side),FTYROW:  At uncontrolled intersection,None Indicated,,Daylight,"Mud, dirt",Clear,None apparent,Intersection:  Four-way intersection,Unpaved,,Property Damage Only,0,0,0,0,0,0,5000,2,3,,POINT (-91.353095827667 40.972704370969)
2014823804,14-032189,10/17/2014,10-October,6-Friday,06:22,0600 Hours,District 5 (Southeast),,LEE,US 61,US 61,Collision with:  Animal,,,Animal,None Indicated,,,,,,,Paved,,Property Damage Only,0,0,0,0,0,0,1500,1,1,,POINT (-91.441798463698 40.511729915258)
2014830060,14-057,10/17/2014,10-October,6-Friday,15:37,1500 Hours,District 3 (Northwest),MANSON,CALHOUN,IA 7,IA 7/190TH ST & VAN BUREN AVE,Collision with fixed object:  Ditch,Roadside,Non-collision (single vehicle),Ran off road - left,None Indicated,,Daylight,Dry,Clear,None apparent,Non-intersection:  Non-junction/no special feature,Paved,,Property Damage Only,0,0,0,0,0,0,4000,1,2,,POINT (-94.501371978479 42.516874988954)
2014822321,14-34373,10/17/2014,10-October,6-Friday,12:36,1200 Hours,District 3 (Northwest),SIOUX CITY,WOODBURY,,27TH ST & PIERCE ST,Collision with:  Vehicle in traffic,On Roadway,Rear-end (front to rear),Other (explain in narrative):  Other,None Indicated,,Daylight,Dry,Cloudy,None apparent,Non-intersection:  Non-junction/no special feature,Paved,,Property Damage Only,0,0,0,0,0,0,2400,2,3,,POINT (-96.405179394051 42.518145459387)
2014822229,1400000904,10/17/2014,10-October,6-Friday,07:15,0700 Hours,District 1 (Central),,MARSHALL,IA 14,IA 14/SANFORD AVE,Collision with:  Animal,,,Animal,None Indicated,,,,,,,Paved,,Property Damage Only,0,0,0,0,0,0,1500,1,1,,POINT (-92.903564668524 42.100227808719)
2014821982,1410172791,10/17/2014,10-October,6-Friday,06:05,0600 Hours,District 6 (East Central),,CLINTON,US 61,US 61,Collision with:  Animal,,,Animal,None Indicated,,,,,,,Paved,,Property Damage Only,0,0,0,0,0,0,2000,1,1,,POINT (-90.654902550024 41.98328862346)
2014831028,,10/17/2014,10-October,6-Friday,14:36,1400 Hours,District 2 (Northeast),CLEAR LAKE,CERRO GORDO,,7TH AVE N & N 4TH ST,Collision with:  Vehicle in traffic,On Roadway,Broadside (front to side),FTYROW:  From stop sign,None Indicated,,Daylight,Dry,Clear,None apparent,Intersection:  Four-way intersection,Paved,,Property Damage Only,0,0,0,0,0,0,2000,2,4,,POINT (-93.385001372133 43.140984426168)
2014822262,20140030890,10/17/2014,10-October,6-Friday,19:23,1900 Hours,District 1 (Central),DES MOINES,POLK,US 69,US 69/E 14TH ST & FREMONT ST,Collision with:  Vehicle in traffic,On Roadway,Rear-end (front to rear),Lost Control,None Indicated,,Dark - roadway lighted,Dry,Clear,None apparent,Intersection:  T-intersection,Paved,,Possible/Unknown,0,2,0,0,2,0,3000,2,5,,POINT (-93.60026555246 41.599727890961)
2014822781,14-34410,10/17/2014,10-October,6-Friday,17:16,1700 Hours,District 3 (Northwest),SIOUX CITY,WOODBURY,IA 12,IA 12/GORDON DR & S CLEVELAND ST,Collision with:  Vehicle in traffic,On Roadway,Rear-end (front to rear),Followed too close,None Indicated,,Daylight,Dry,Clear,None apparent,Intersection:  T-intersection,Paved,,Property Damage Only,0,0,0,0,0,0,8000,2,2,,POINT (-96.350971958009 42.478216312106)
2014822054,14-5204,10/17/2014,10-October,6-Friday,12:50,1200 Hours,District 1 (Central),WEST DES MOINES,POLK,,MILLS CIVIC PKWY,Collision with:  Vehicle in traffic,On Roadway,Rear-end (front to rear),Followed too close,None Indicated,,Daylight,Dry,Cloudy,None apparent,Non-intersection:  Non-junction/no special feature,Paved,,Property Damage Only,0,0,0,0,0,0,5000,2,4,,POINT (-93.788814001235 41.559065095223)
2014824450,14-2028,10/18/2014,10-October,7-Saturday,23:30,2300 Hours,District 1 (Central),POLK CITY,POLK,,PINE RIDGE DR,Collision with fixed object:  Curb/island/raised median,Median,Non-collision (single vehicle),Lost Control,Alcohol (Statutory),,Dark - roadway lighted,Dry,Clear,None apparent,Intersection:  T-intersection,Paved,,Property Damage Only,0,0,0,0,0,0,1500,1,1,,POINT (-93.716897726866 41.761637694359)
2014823004,2014059111,10/18/2014,10-October,7-Saturday,01:19,0100 Hours,District 1 (Central),,POLK,I-35,I-35,Collision with:  Vehicle in traffic,On Roadway,Rear-end (front to rear),Exceeded authorized speed,None Indicated,,Dark - roadway lighted,Dry,Clear,None apparent,Non-intersection:  Non-junction/no special feature,Paved,,Possible/Unknown,0,1,0,0,1,0,18500,2,3,,POINT (-93.629788950174 41.649487817248)
2014822348,14-20350,10/18/2014,10-October,7-Saturday,14:29,1400 Hours,District 6 (East Central),BETTENDORF,SCOTT,US 67,US 67/STATE ST & GEORGE THUENEN DR & 17TH ST,Collision with:  Vehicle in traffic,On Roadway,Broadside (front to side),Unknown,None Indicated,,Daylight,Dry,Cloudy,None apparent,Intersection:  Other intersection (explain in narrative),Paved,,Possible/Unknown,0,2,0,0,2,0,5200,2,3,,POINT (-90.508556440628 41.525261950439)
2014822295,20140030986,10/18/2014,10-October,7-Saturday,21:12,2100 Hours,District 1 (Central),DES MOINES,POLK,US 69,US 69/JOHNSON CT & BUCHANAN ST,Collision with:  Vehicle in traffic,On Roadway,"Sideswipe, same direction",Unknown,None Indicated,,Dark - roadway lighted,Dry,Cloudy,None apparent,Intersection:  Four-way intersection,Paved,,Property Damage Only,0,0,0,0,0,0,2500,2,3,,POINT (-93.599165047695 41.598805886668)
2014822163,W14-104088,10/18/2014,10-October,7-Saturday,17:25,1700 Hours,District 2 (Northeast),WATERLOO,BLACK HAWK,,LAFAYETTE ST & INDIANA ST,Collision with fixed object:  Traffic sign support,On Roadway,Non-collision (single vehicle),Other (explain in narrative):  Other,None Indicated,,Daylight,Dry,Clear,None apparent,Intersection:  Four-way intersection,Paved,,Minor Injury,0,1,0,1,0,0,15500,1,3,,POINT (-92.310586133209 42.48846958733)
2014822558,1410182791,10/18/2014,10-October,7-Saturday,13:45,1300 Hours,District 6 (East Central),,CLINTON,,Co Rd Y70/290 AVE,Collision with:  Vehicle in traffic,On Roadway,Rear-end (front to rear),Improper Backing,None Indicated,,Daylight,Dry,Cloudy,None apparent,Non-intersection:  Non-junction/no special feature,Paved,,Property Damage Only,0,0,0,0,0,0,3500,2,2,,POINT (-90.529371777579 41.862659160465)
2014823898,,10/18/2014,10-October,7-Saturday,19:10,1900 Hours,District 5 (Southeast),,DECATUR,I-35,I-35,Collision with:  Animal,On Roadway,Non-collision (single vehicle),Animal,None Indicated,,Dark - roadway not lighted,Dry,Clear,,Non-intersection:  Non-junction/no special feature,Paved,,Property Damage Only,0,0,0,0,0,0,1500,1,2,,POINT (-93.844180476738 40.717992724236)
2014822864,14002474,10/18/2014,10-October,7-Saturday,21:20,2100 Hours,District 3 (Northwest),,PLYMOUTH,IA 60,IA 60/IOWA 60,Collision with:  Animal,,,Animal,None Indicated,,,,,,,Paved,,Property Damage Only,0,0,0,0,0,0,3500,1,1,,POINT (-96.15054809588 42.840061814603)
2014822330,14-044254,10/18/2014,10-October,7-Saturday,01:45,0100 Hours,District 4 (Southwest),COUNCIL BLUFFS,POTTAWATTAMIE,,23RD AVE,Non-collision events:  Other non-collision (explain in narrative),On Roadway,Non-collision (single vehicle),Ran off road - right,None Indicated,,Dark - roadway lighted,Dry,Clear,None apparent,Non-intersection:  Non-junction/no special feature,Paved,,Property Damage Only,0,0,0,0,0,0,7500,1,2,,POINT (-95.886602662509 41.240147244725)
2014822387,SO14-1275,10/18/2014,10-October,7-Saturday,23:30,2300 Hours,District 2 (Northeast),,WRIGHT,US 69,US 69,Collision with:  Animal,,,Animal,None Indicated,,,,,,,Paved,,Property Damage Only,0,0,0,0,0,0,3000,1,1,,POINT (-93.617243318743 42.751296516832)
2014822527,,10/18/2014,10-October,7-Saturday,14:06,1400 Hours,District 4 (Southwest),,AUDUBON,,Co Rd F65/320 ST,Collision with:  Vehicle in traffic,On Roadway,Rear-end (front to rear),Driving too fast for conditions,None Indicated,,Daylight,Dry,"Blowing sand, soil, dirt",None apparent,Intersection:  T-intersection,Unpaved,,Minor Injury,0,1,0,1,0,0,14000,2,2,,POINT (-94.984014926961 41.544507631305)
2014822465,2014-73037,10/18/2014,10-October,7-Saturday,12:50,1200 Hours,District 6 (East Central),DAVENPORT,SCOTT,,IA 461/BRADY ST & E 38TH ST,Collision with:  Vehicle in traffic,On Roadway,Rear-end (front to rear),Improper or erratic lane changing,None Indicated,,Daylight,Dry,Cloudy,None apparent,Non-intersection:  Non-junction/no special feature,Paved,,Possible/Unknown,0,2,0,0,2,0,3250,2,4,,POINT (-90.56849884119 41.558338286437)
2014822231,1400000911,10/18/2014,10-October,7-Saturday,18:40,1800 Hours,District 1 (Central),STATE CENTER,MARSHALL,,160TH ST,Collision with:  Animal,,,Animal,None Indicated,,,,,,,Paved,,Property Damage Only,0,0,0,0,0,0,1500,1,1,,POINT (-92.883180639152 42.123319521543)
2014822237,14-6850,10/18/2014,10-October,7-Saturday,15:58,1500 Hours,District 1 (Central),,POLK,IA 17,IA 17 & NW 122ND AVE,Collision with:  Vehicle in traffic,On Roadway,Broadside (front to side),FTYROW:  From stop sign,None Indicated,,Daylight,Dry,Clear,None apparent,Intersection:  Four-way intersection,Paved,,Possible/Unknown,0,1,0,0,1,0,13000,2,2,,POINT (-93.811362767579 41.784148194381)
2014822235,14680828,10/18/2014,10-October,7-Saturday,16:53,1600 Hours,District 5 (Southeast),,MONROE,,Co Rd H27/730TH AVE,Collision with:  Vehicle in traffic,On Roadway,Head-on (front to front),Traveling wrong way or on wrong side of road,None Indicated,,Daylight,Dry,Clear,None apparent,Intersection:  Y-intersection,Unpaved,,Property Damage Only,0,0,0,0,0,0,14500,2,4,,POINT (-92.65894650877 41.067182268911)
2014822335,14-20316,10/18/2014,10-October,7-Saturday,20:04,2000 Hours,District 2 (Northeast),,BREMER,,Co Rd V56/VIKING AVE,Collision with:  Animal,,,Animal,None Indicated,,,,,,,Paved,,Property Damage Only,0,0,0,0,0,0,2500,1,1,,POINT (-92.140831851432 42.807326365055)
2014823063,14104034,10/18/2014,10-October,7-Saturday,13:37,1300 Hours,District 2 (Northeast),CEDAR FALLS,BLACK HAWK,IA 27,IA 27,Collision with:  Vehicle in traffic,On Roadway,Rear-end (front to rear),Followed too close,None Indicated,,Daylight,Dry,Clear,None apparent,Non-intersection:  Non-junction/no special feature,Paved,,Property Damage Only,0,0,0,0,0,0,4500,3,6,,POINT (-92.445744812995 42.484934142904)
2014822215,201415618,10/18/2014,10-October,7-Saturday,14:21,1400 Hours,District 6 (East Central),CEDAR RAPIDS,LINN,,HAMILTON ST SW & 12TH AVE SW,Collision with:  Non-motorist (see non-motorist section - NOT a unit),On Roadway,Non-collision (single vehicle),Other (explain in narrative):  No improper action,None Indicated,,Daylight,Dry,Clear,None apparent,Non-intersection:  Non-junction/no special feature,Paved,,Possible/Unknown,0,1,0,0,1,0,0,1,1,,POINT (-91.663131194713 41.963284331719)
2014822242,14-6841,10/18/2014,10-October,7-Saturday,00:45,0000 Hours,District 1 (Central),DES MOINES,POLK,,NE 43RD AVE,Collision with:  Parked motor vehicle,Shoulder,Head-on (front to front),Exceeded authorized speed,Under Influence of Alcohol/Drugs/Medications,,Dark - roadway not lighted,Dry,Cloudy,None apparent,Non-intersection:  Non-junction/no special feature,Paved,,Minor Injury,0,1,0,1,0,0,15000,2,1,,POINT (-93.603147813825 41.63862394143)
2014825470,14043950,10/18/2014,10-October,7-Saturday,14:10,1400 Hours,District 5 (Southeast),MUSCATINE,MUSCATINE,,,Collision with fixed object:  Utility pole/light support,On Roadway,Non-collision (single vehicle),Swerving/Evasive Action,None Indicated,,Daylight,Dry,Clear,None apparent,Non-intersection:  Non-junction/no special feature,,,Property Damage Only,0,0,0,0,0,0,2720,1,3,,POINT (-96.643700149993 40.233091251414)
2014822216,201415623,10/18/2014,10-October,7-Saturday,16:20,1600 Hours,District 6 (East Central),CEDAR RAPIDS,LINN,,BOYSON RD NE & C AVE NE,Collision with:  Vehicle in traffic,On Roadway,"Angle, oncoming left turn",FTYROW:  Making left turn,None Indicated,,Daylight,Dry,Clear,None apparent,Intersection:  Four-way intersection,Paved,,Property Damage Only,0,0,0,0,0,0,6500,2,2,,POINT (-91.638618260675 42.046719630671)
2014822833,14-5237,10/18/2014,10-October,7-Saturday,20:30,2000 Hours,District 1 (Central),WEST DES MOINES,POLK,I-35,I-35 & MILLS CIVIC PKWY,Collision with:  Vehicle in traffic,On Roadway,Rear-end (front to rear),Other (explain in narrative):  Other,Alcohol (Statutory),,Dark - roadway lighted,Dry,Clear,None apparent,Intersection:  Four-way intersection,Paved,,Property Damage Only,0,0,0,0,0,0,5000,2,5,,POINT (-93.77838167789 41.559136192312)