Iowa DOT Case Number,Law Enforcement Case Number,Date of Crash,Month of Crash,Day of Week,Time of Crash,Hour,DOT District,City Name,County Name,Route with System,Location Description,First Harmful Event,Location of First Harmful Event,Manner of Crash/Collision,Major Cause,Drug or Alcohol ,Environmental Conditions,Light Conditions,Surface Conditions,Weather Conditions,Roadway Contribution,Roadway Type,Roadway Surface,Work Zone,Crash Severity,Number of Fatalities,Number of Injuries,Number of Major Injuries,Number of Minor Injuries,Number of Possible Injuries,Number of Unknown Injuries,Amount of Property Damage,Number of Vehicles Involved,Total Number of Occupants,Travel Direction,Location
2014823212,201403811,10/20/2014,10-October,2-Monday,06:40,0600 Hours,District 6 (East Central),,LINN,IA 13,IA 13/IOWA 13,Collision with:  Animal,,,Animal,None Indicated,,,,,,,Paved,,Property Damage Only,0,0,0,0,0,0,4500,1,1,,POINT (-91.544559779987 42.18374718241)
2014822623,14-104711,10/20/2014,10-October,2-Monday,16:24,1600 Hours,District 2 (Northeast),,BLACK HAWK,US 63,US 63/LOGAN AVE & Co Rd C66/E DUNKERTON RD,Collision with:  Vehicle in traffic,On Roadway,Broadside (front to side),FTYROW:  From stop sign,None Indicated,,Daylight,Dry,Clear,None apparent,Intersection:  Four-way intersection,Paved,,Minor Injury,0,1,0,1,0,0,10200,2,2,,POINT (-92.337390229026 42.570481226639)
2014822853,C14104641,10/20/2014,10-October,2-Monday,12:08,1200 Hours,District 2 (Northeast),CEDAR FALLS,BLACK HAWK,,UNIVERSITY AVE & TUCSON DR,Collision with:  Vehicle in traffic,On Roadway,Broadside (front to side),Ran Traffic Signal,None Indicated,,Daylight,Dry,Clear,None apparent,Intersection:  Four-way intersection,Paved,,Possible/Unknown,0,1,0,0,1,0,10000,2,3,,POINT (-92.439811450402 42.513075572037)
2014822957,2014-22800,10/20/2014,10-October,2-Monday,07:36,0700 Hours,District 5 (Southeast),,WARREN,US 65,US 65,Collision with:  Animal,,,Animal,None Indicated,,,,,,,Paved,,Property Damage Only,0,0,0,0,0,0,6000,1,1,,POINT (-93.558480644001 41.32318422562)
2014822693,14-27898,10/20/2014,10-October,2-Monday,15:45,1500 Hours,District 1 (Central),NEWTON,JASPER,,S 5TH AVE E & E 12TH ST S,Collision with:  Vehicle in traffic,On Roadway,"Angle, oncoming left turn",FTYROW:  Making left turn,None Indicated,,Daylight,Dry,Clear,None apparent,Intersection:  Four-way intersection,Paved,,Property Damage Only,0,0,0,0,0,0,3500,2,3,,POINT (-93.0386365872 41.695494963669)
2014822844,14104591,10/20/2014,10-October,2-Monday,08:58,0800 Hours,District 2 (Northeast),CEDAR FALLS,BLACK HAWK,,UNIVERSITY AVE & WATERLOO RD,Collision with:  Vehicle in traffic,On Roadway,Broadside (front to side),Ran Traffic Signal,None Indicated,,Daylight,Dry,Clear,None apparent,Intersection:  Four-way intersection,Paved,,Property Damage Only,0,0,0,0,0,0,13600,2,4,,POINT (-92.426908790187 42.513002769379)
2014822797,14-34722,10/20/2014,10-October,2-Monday,15:30,1500 Hours,District 3 (Northwest),SIOUX CITY,WOODBURY,,HAMILTON BLVD,Collision with:  Vehicle in traffic,On Roadway,Rear-end (front to rear),Improper or erratic lane changing,None Indicated,,Daylight,Dry,Clear,None apparent,Non-intersection:  Non-junction/no special feature,Paved,,Possible/Unknown,0,1,0,0,1,0,7000,2,1,,POINT (-96.422573434405 42.497870926995)
2014822727,14-016028,10/20/2014,10-October,2-Monday,07:55,0700 Hours,District 3 (Northwest),SPENCER,CLAY,,E 10TH ST & 5TH AVE E,Collision with:  Vehicle in traffic,On Roadway,"Angle, oncoming left turn",FTYROW:  At uncontrolled intersection,None Indicated,,Daylight,Dry,Clear,None apparent,Intersection:  Four-way intersection,Paved,,Property Damage Only,0,0,0,0,0,0,3000,2,3,,POINT (-95.138300344547 43.14803995975)
2014826337,,10/20/2014,10-October,2-Monday,19:30,1900 Hours,District 2 (Northeast),,WINNESHIEK,,Co Rd W34/NORTH WINN RD,Collision with:  Animal,On Roadway,Non-collision (single vehicle),Animal,None Indicated,,Dark - roadway not lighted,Dry,Cloudy,None apparent,Non-intersection:  Non-junction/no special feature,Paved,,Property Damage Only,0,0,0,0,0,0,2500,1,1,,POINT (-91.809593003861 43.450264113941)
2014823486,2014059448,10/20/2014,10-October,2-Monday,14:10,1400 Hours,District 6 (East Central),,JOHNSON,IA 1,IA 1/IOWA 1 & HAZELWOOD AVE,Non-collision events:  Overturn/rollover,On Roadway,Non-collision (single vehicle),Ran off road - left,None Indicated,,Daylight,"Mud, dirt",Clear,None apparent,Intersection:  Four-way intersection,Paved,,Possible/Unknown,0,1,0,0,1,0,5000,1,2,,POINT (-91.694667929498 41.593451871248)
2014822408,201400051479,10/20/2014,10-October,2-Monday,06:49,0600 Hours,District 5 (Southeast),OTTUMWA,WAPELLO,,PENNSYLVANIA AVE,Collision with:  Vehicle in traffic,On Roadway,"Angle, oncoming left turn",FTYROW:  From stop sign,None Indicated,,Dawn,Dry,Cloudy,None apparent,Intersection:  T-intersection,Paved,,Property Damage Only,0,0,0,0,0,0,1800,2,2,,POINT (-92.390020713259 41.027499896606)
2014823558,14009376,10/20/2014,10-October,2-Monday,21:51,2100 Hours,District 6 (East Central),,BUCHANAN,I-380,I-380,Collision with:  Animal,,,Animal,None Indicated,,,,,,,Paved,,Property Damage Only,0,0,0,0,0,0,6000,1,1,,POINT (-92.015363071746 42.335437604897)
2014823266,,10/20/2014,10-October,2-Monday,05:30,0500 Hours,District 5 (Southeast),FAIRFIELD,JEFFERSON,,JASMINE AVE,Collision with:  Animal,On Roadway,Non-collision (single vehicle),Animal,None Indicated,,Dark - roadway not lighted,Dry,Clear,,Non-intersection:  Non-junction/no special feature,Paved,,Property Damage Only,0,0,0,0,0,0,7000,1,1,,POINT (-91.992074410286 41.041893979696)
2014822293,20140031151,10/20/2014,10-October,2-Monday,12:47,1200 Hours,District 1 (Central),DES MOINES,POLK,,E LOCUST ST & E 6TH ST,Collision with:  Vehicle in traffic,On Roadway,Rear-end (front to rear),"Operating vehicle in an reckless, erratic, careless, negligent manner",None Indicated,,Daylight,Dry,Clear,None apparent,Intersection:  Four-way intersection,Paved,,Property Damage Only,0,0,0,0,0,0,1500,2,2,,POINT (-93.609833291742 41.58994971478)
2014822551,W14-104668,10/20/2014,10-October,2-Monday,13:40,1300 Hours,District 2 (Northeast),WATERLOO,BLACK HAWK,US 63,US 63/SE RAMP CURV,Collision with:  Vehicle in traffic,On Roadway,Head-on (front to front),FTYROW:  Other (explain in narrative),None Indicated,,Daylight,Dry,Clear,None apparent,Intersection:  Four-way intersection,Paved,,Possible/Unknown,0,2,0,0,2,0,6000,2,3,,POINT (-92.341951027916 42.492391393421)
2014823042,2014059510,10/20/2014,10-October,2-Monday,23:40,2300 Hours,District 4 (Southwest),,DALLAS,I-80,I-80,,On Roadway,Non-collision (single vehicle),Swerving/Evasive Action,None Indicated,,Dark - roadway not lighted,Dry,Clear,Debris,Non-intersection:  Non-junction/no special feature,Paved,,Property Damage Only,0,0,0,0,0,0,3500,1,1,,POINT (-94.031966726621 41.536495347622)
2014822657,14-044642,10/20/2014,10-October,2-Monday,16:40,1600 Hours,District 4 (Southwest),COUNCIL BLUFFS,POTTAWATTAMIE,IA 192,IA 192/N 16TH ST & AVE A,Collision with:  Vehicle in traffic,On Roadway,Broadside (front to side),Traveling wrong way or on wrong side of road,None Indicated,,Daylight,Dry,Clear,None apparent,Intersection:  Four-way intersection,Paved,,Property Damage Only,0,0,0,0,0,0,2250,2,4,,POINT (-95.867534002139 41.262743706858)
2014822550,W14-104677,10/20/2014,10-October,2-Monday,14:00,1400 Hours,District 2 (Northeast),WATERLOO,BLACK HAWK,,HAMMOND AVE & FRONTAGE RD,Collision with:  Vehicle in traffic,On Roadway,Broadside (front to side),FTYROW:  From stop sign,None Indicated,,Daylight,Dry,Clear,None apparent,Intersection:  Four-way intersection,Paved,,Property Damage Only,0,0,0,0,0,0,2000,2,2,,POINT (-92.336924268532 42.457914987017)
2014824122,K14-032537,10/20/2014,10-October,2-Monday,09:28,0900 Hours,District 5 (Southeast),KEOKUK,LEE,,MIDDLE RD,Collision with:  Vehicle in traffic,On Roadway,Head-on (front to front),Crossed centerline (undivided),None Indicated,,Daylight,Dry,Clear,None apparent,Non-intersection:  Non-junction/no special feature,Paved,,Minor Injury,0,2,0,2,0,0,13500,2,3,,POINT (-91.390945527953 40.424506170332)
2014822576,14-6899,10/20/2014,10-October,2-Monday,14:28,1400 Hours,District 1 (Central),,POLK,,NE 38TH ST,Collision with:  Vehicle in traffic,On Roadway,Broadside (front to side),Crossed centerline (undivided),None Indicated,,Daylight,Dry,Clear,None apparent,Intersection:  T-intersection,Paved,,Property Damage Only,0,0,0,0,0,0,2000,2,3,,POINT (-93.541696664109 41.703159857935)
2014822204,14159420,10/20/2014,10-October,2-Monday,11:35,1100 Hours,District 6 (East Central),,JOHNSON,,OSAGE ST & SIOUX AVE,Non-collision events:  Overturn/rollover,On Roadway,Non-collision (single vehicle),Swerving/Evasive Action,None Indicated,,Daylight,"Mud, dirt",Clear,None apparent,Non-intersection:  Non-junction/no special feature,Unpaved,,Property Damage Only,0,0,0,0,0,0,5000,1,2,,POINT (-91.482888367585 41.613387192183)
2014822586,20140031171,10/20/2014,10-October,2-Monday,15:32,1500 Hours,District 1 (Central),DES MOINES,POLK,US 69,US 69/E 14TH ST & E MADISON AVE,Collision with:  Vehicle in traffic,On Roadway,Broadside (front to side),Ran Traffic Signal,None Indicated,,Daylight,Dry,Clear,None apparent,Intersection:  Four-way intersection,Paved,,Property Damage Only,0,0,0,0,0,0,6000,2,4,,POINT (-93.600539537521 41.633152224164)
2014822292,20140031135,10/20/2014,10-October,2-Monday,10:45,1000 Hours,District 1 (Central),DES MOINES,POLK,,E COURT AVE & E 2ND ST,Collision with:  Vehicle in traffic,On Roadway,Broadside (front to side),FTYROW:  From stop sign,None Indicated,,Daylight,Dry,Clear,None apparent,Intersection:  Four-way intersection,Paved,,Minor Injury,0,2,0,1,1,0,10000,2,2,,POINT (-93.614240539804 41.586575554433)
2014823096,201415715,10/20/2014,10-October,2-Monday,11:44,1100 Hours,District 6 (East Central),CEDAR RAPIDS,LINN,,EDGEWOOD RD NE,Collision with:  Vehicle in traffic,On Roadway,Rear-end (front to rear),Lost Control,None Indicated,,Daylight,Dry,Clear,None apparent,Intersection:  Other intersection (explain in narrative),Paved,,Property Damage Only,0,0,0,0,0,0,8000,2,3,,POINT (-91.702151117878 42.027758830965)
2014824816,14-016573,10/20/2014,10-October,2-Monday,20:52,2000 Hours,District 2 (Northeast),CHARLES CITY,FLOYD,US 218,US 218,Collision with:  Animal,,,Animal,None Indicated,,,,,,,Paved,,Property Damage Only,0,0,0,0,0,0,2500,1,1,,POINT (-92.595134713824 42.992378887842)
2014824396,2014059344,10/20/2014,10-October,2-Monday,06:42,0600 Hours,District 6 (East Central),,IOWA,I-80,I-80,Collision with:  Vehicle in traffic,On Roadway,Rear-end (front to rear),Ran off road - right,None Indicated,,Dark - roadway not lighted,Dry,Clear,None apparent,Non-intersection:  Non-junction/no special feature,Paved,,Minor Injury,0,1,0,1,0,0,16500,2,2,,POINT (-92.192797455175 41.696089301834)
2014823878,,10/20/2014,10-October,2-Monday,15:04,1500 Hours,District 2 (Northeast),,BUTLER,,Co Rd T24/GRAND AVE,Non-collision events:  Overturn/rollover,Roadside,Non-collision (single vehicle),Crossed centerline (undivided),None Indicated,,Daylight,Dry,Clear,None apparent,Non-intersection:  Non-junction/no special feature,Paved,,Property Damage Only,0,0,0,0,0,0,3000,1,2,,POINT (-92.903703515907 42.75563900669)
2014824121,K14-032526,10/20/2014,10-October,2-Monday,07:51,0700 Hours,District 5 (Southeast),KEOKUK,LEE,US 218,US 218/MAIN ST & 13TH ST S & 13TH ST N,Collision with:  Vehicle in traffic,On Roadway,Broadside (front to side),Ran Traffic Signal,None Indicated,,Daylight,Dry,Clear,None apparent,Intersection:  Four-way intersection,Paved,,Possible/Unknown,0,1,0,0,1,0,3000,2,4,,POINT (-91.389877416595 40.402068932753)
2014823015,14-009365,10/20/2014,10-October,2-Monday,16:32,1600 Hours,District 6 (East Central),INDEPENDENCE,BUCHANAN,IA 150,IA 150/3RD AVE SE,Collision with:  Vehicle in traffic,On Roadway,Rear-end (front to rear),Driver Distraction:  Manual operation of an electronic communication device,None Indicated,,Daylight,Dry,Clear,None apparent,Non-intersection:  Non-junction/no special feature,Paved,,Possible/Unknown,0,3,0,0,3,0,11300,4,4,,POINT (-91.890269774016 42.454388615696)
2014823041,2014059495,10/20/2014,10-October,2-Monday,19:40,1900 Hours,District 1 (Central),,WEBSTER,US 20,US 20,Collision with:  Animal,,,Animal,None Indicated,,,,,,,Paved,,Property Damage Only,0,0,0,0,0,0,5000,1,1,,POINT (-94.337964758612 42.449339730786)
2014822291,20140031129,10/20/2014,10-October,2-Monday,09:18,0900 Hours,District 1 (Central),DES MOINES,POLK,IA 28,IA 28/63RD ST & GRAND AVE,Collision with:  Vehicle in traffic,On Roadway,"Sideswipe, same direction",FTYROW:  Other (explain in narrative),None Indicated,,Daylight,Dry,Clear,None apparent,Intersection:  Four-way intersection,Paved,,Property Damage Only,0,0,0,0,0,0,1500,2,2,,POINT (-93.703458035404 41.582677567388)
2014822587,20140031181,10/20/2014,10-October,2-Monday,17:08,1700 Hours,District 1 (Central),DES MOINES,POLK,US 69,US 69/SE 14TH ST,Collision with:  Vehicle in traffic,On Roadway,Rear-end (front to rear),Followed too close,None Indicated,,Daylight,Dry,Clear,None apparent,Non-intersection:  Non-junction/no special feature,Paved,,Property Damage Only,0,0,0,0,0,0,2000,2,2,,POINT (-93.596820818727 41.534479007396)
2014823038,2014059347,10/20/2014,10-October,2-Monday,06:55,0600 Hours,District 4 (Southwest),,ADAIR,I-80,I-80,Collision with:  Animal,,,Animal,None Indicated,,,,,,,Paved,,Property Damage Only,0,0,0,0,0,0,5000,1,1,,POINT (-94.495981487486 41.496104875565)
2014822814,14-3353,10/20/2014,10-October,2-Monday,17:30,1700 Hours,District 1 (Central),FORT DODGE,WEBSTER,,5TH AVE S & S 17TH ST,Collision with:  Vehicle in traffic,On Roadway,"Sideswipe, same direction",Unknown,None Indicated,,Daylight,Dry,Clear,None apparent,Intersection:  Four-way intersection,Paved,,Property Damage Only,0,0,0,0,0,0,5100,2,2,,POINT (-94.174924726757 42.50105500048)
2014823759,201403814,10/20/2014,10-October,2-Monday,09:07,0900 Hours,District 6 (East Central),,LINN,,Co Rd E70/WRIGHT BROTHER S BLVD & C STREET RD SW & C ST RD SW,Collision with:  Vehicle in traffic,On Roadway,Broadside (front to side),FTYROW:  From stop sign,None Indicated,,Daylight,Dry,Clear,None apparent,Intersection:  Four-way intersection,Paved,,Property Damage Only,0,0,0,0,0,0,10500,2,2,,POINT (-91.637053408498 41.890205095332)
2014822728,14-016055,10/20/2014,10-October,2-Monday,16:27,1600 Hours,District 3 (Northwest),SPENCER,CLAY,,FRONTAGE RD & 4TH AVE SW,Collision with:  Vehicle in traffic,On Roadway,"Angle, oncoming left turn",FTYROW:  From stop sign,None Indicated,,Daylight,Dry,Clear,None apparent,Intersection:  Four-way intersection,Paved,,Property Damage Only,0,0,0,0,0,0,3000,2,2,,POINT (-95.150747066995 43.127042303949)
2014822630,147995,10/20/2014,10-October,2-Monday,16:45,1600 Hours,District 4 (Southwest),REDFIELD,DALLAS,,THOMAS ST,Collision with fixed object:  Other fixed object (explain in narrative),Outside trafficway,Non-collision (single vehicle),Other (explain in narrative):  No improper action,None Indicated,,Daylight,Dry,Clear,None apparent,Non-intersection:  Non-junction/no special feature,Paved,,Property Damage Only,0,0,0,0,0,0,6500,1,1,,POINT (-94.197030706559 41.590604478193)
2014822584,20140031161,10/20/2014,10-October,2-Monday,14:19,1400 Hours,District 1 (Central),DES MOINES,POLK,US 69,US 69/SE 14TH ST & INDIANOLA AVE,Collision with:  Vehicle in traffic,On Roadway,Broadside (front to side),Made improper turn,None Indicated,,Daylight,Dry,Clear,None apparent,Non-intersection:  Non-junction/no special feature,Paved,,Property Damage Only,0,0,0,0,0,0,6000,2,2,,POINT (-93.596802013552 41.553295406544)
2014822570,14022174,10/20/2014,10-October,2-Monday,15:55,1500 Hours,District 6 (East Central),MARION,LINN,,10TH ST,Collision with:  Vehicle in traffic,On Roadway,Rear-end (front to rear),Other (explain in narrative):  Other,None Indicated,,Daylight,Dry,Cloudy,None apparent,Non-intersection:  Non-junction/no special feature,Paved,,Property Damage Only,0,0,0,0,0,0,3000,3,5,,POINT (-91.599389453964 42.051426164008)
2014823509,14-031020-01,10/20/2014,10-October,2-Monday,17:35,1700 Hours,District 6 (East Central),,IOWA,,235TH ST,Non-collision events:  Overturn/rollover,On Roadway,Non-collision (single vehicle),Ran off road - left,None Indicated,,Daylight,"Mud, dirt",Clear,None apparent,Non-intersection:  Non-junction/no special feature,Unpaved,,Property Damage Only,0,0,0,0,0,0,5000,1,1,,POINT (-92.05162040073 41.666287522181)
2014822652,2014-73394,10/20/2014,10-October,2-Monday,07:18,0700 Hours,District 6 (East Central),DAVENPORT,SCOTT,,W 46TH ST & MARQUETTE ST,Collision with:  Parked motor vehicle,On Roadway,"Sideswipe, same direction",Other (explain in narrative):  Vision obstructed,None Indicated,,Daylight,Dry,Clear,None apparent,Non-intersection:  Non-junction/no special feature,Paved,,Property Damage Only,0,0,0,0,0,0,6000,2,1,,POINT (-90.59093725743 41.567601085289)
2014823807,14-032521,10/20/2014,10-October,2-Monday,05:03,0500 Hours,District 5 (Southeast),,LEE,,Co Rd J48/180 ST,Collision with:  Animal,,,Animal,None Indicated,,,,,,,Paved,,Property Damage Only,0,0,0,0,0,0,1500,1,1,,POINT (-91.324003409085 40.696272938252)
2014822428,14-044580,10/20/2014,10-October,2-Monday,09:36,0900 Hours,District 4 (Southwest),COUNCIL BLUFFS,POTTAWATTAMIE,,AVE G & N 31ST ST,Collision with:  Vehicle in traffic,On Roadway,Broadside (front to side),FTYROW:  At uncontrolled intersection,None Indicated,,Daylight,Dry,Clear,None apparent,Intersection:  Four-way intersection,Paved,,Property Damage Only,0,0,0,0,0,0,3200,2,5,,POINT (-95.89417346733 41.268110811869)
2014823566,2014059413,10/20/2014,10-October,2-Monday,10:53,1000 Hours,District 6 (East Central),,BENTON,US 30,US 30/73 ST,Non-collision events:  Other non-collision (explain in narrative),Shoulder,Non-collision (single vehicle),Ran off road - left,None Indicated,,Daylight,Dry,Clear,None apparent,Intersection:  Four-way intersection,Paved,,Major Injury,0,1,1,0,0,0,44000,1,1,,POINT (-91.852639611588 41.963920896359)
2014822563,1410202711,10/20/2014,10-October,2-Monday,09:15,0900 Hours,District 6 (East Central),,CLINTON,,245 ST,Collision with fixed object:  Ditch,On Roadway,Non-collision (single vehicle),Followed too close,None Indicated,,Daylight,Dry,Clear,None apparent,Non-intersection:  Non-junction/no special feature,Paved,,Property Damage Only,0,0,0,0,0,0,3000,1,1,,POINT (-90.747740897166 41.822030824922)
2014822472,14-044550,10/20/2014,10-October,2-Monday,02:55,0200 Hours,District 4 (Southwest),COUNCIL BLUFFS,POTTAWATTAMIE,I-29,I-29,Collision with fixed object:  Concrete traffic barrier (median or right side),On Roadway,Non-collision (single vehicle),Ran off road - right,None Indicated,,Dark - roadway lighted,Dry,Clear,Work Zone (roadway-related),Non-intersection:  Other non-intersection (explain in narrative),Paved,Yes,Property Damage Only,0,0,0,0,0,0,2500,1,2,,POINT (-95.893875885592 41.233002622121)
2014822158,W14-104601,10/20/2014,10-October,2-Monday,09:32,0900 Hours,District 2 (Northeast),WATERLOO,BLACK HAWK,US 218,US 218/WASHINGTON ST,Collision with:  Vehicle in traffic,On Roadway,Rear-end (front to rear),Other (explain in narrative):  Other,None Indicated,,Daylight,Dry,Clear,None apparent,Non-intersection:  Non-junction/no special feature,Paved,,Possible/Unknown,0,1,0,0,1,0,2500,3,3,,POINT (-92.33260362808 42.486825765061)
2014822453,14-044617,10/20/2014,10-October,2-Monday,13:50,1300 Hours,District 4 (Southwest),COUNCIL BLUFFS,POTTAWATTAMIE,IA 192,IA 192/S EXPRESSWAY,Collision with:  Vehicle in traffic,On Roadway,Rear-end (front to rear),Followed too close,None Indicated,,Daylight,Dry,Clear,None apparent,Non-intersection:  Non-junction/no special feature,Paved,,Possible/Unknown,0,1,0,0,1,0,1600,2,4,,POINT (-95.851310412769 41.230868107396)
2014833741,1410-073,10/20/2014,10-October,2-Monday,20:00,2000 Hours,District 3 (Northwest),,OSCEOLA,,PIERCE AVE,Collision with:  Parked motor vehicle,On Roadway,Head-on (front to front),Illegally Parked/Unattended,None Indicated,,Dark - roadway not lighted,"Mud, dirt",Cloudy,None apparent,Non-intersection:  Non-junction/no special feature,Unpaved,,Property Damage Only,0,0,0,0,0,0,11000,2,1,,POINT (-95.72266905697 43.430591314612)
2014822682,20143826,10/20/2014,10-October,2-Monday,00:09,0000 Hours,District 1 (Central),,GRUNDY,IA 175,IA 175/DIAGONAL RD,Collision with:  Animal,,,Animal,None Indicated,,,,,,,Paved,,Property Damage Only,0,0,0,0,0,0,3000,1,1,,POINT (-92.725558441952 42.357340138556)
2014822982,2014-038914,10/20/2014,10-October,2-Monday,17:05,1700 Hours,District 6 (East Central),DUBUQUE,DUBUQUE,,IOWA ST,Collision with:  Vehicle in traffic,On Roadway,Rear-end (front to rear),Lost Control,None Indicated,,Daylight,Dry,Clear,None apparent,Non-intersection:  Non-junction/no special feature,Paved,,Property Damage Only,0,0,0,0,0,0,4000,2,2,,POINT (-90.666349450413 42.501881773989)
2014822659,2014011082,10/20/2014,10-October,2-Monday,15:35,1500 Hours,District 1 (Central),MARSHALLTOWN,MARSHALL,,RAINBOW DR & E OLIVE ST,Collision with:  Vehicle in traffic,On Roadway,Broadside (front to side),FTYROW:  Making left turn,None Indicated,,Daylight,Dry,Clear,None apparent,Non-intersection:  Driveway access (within),Paved,,Property Damage Only,0,0,0,0,0,0,3000,2,6,,POINT (-92.905267927258 42.028365844658)
2014822879,,10/20/2014,10-October,2-Monday,14:55,1400 Hours,District 6 (East Central),CEDAR RAPIDS,LINN,,A AVE NE,Collision with:  Vehicle in traffic,On Roadway,Broadside (front to side),Unknown,None Indicated,,Daylight,Dry,Clear,,Non-intersection:  Driveway access (within),Paved,,Property Damage Only,0,0,0,0,0,0,3000,2,4,,POINT (-91.660544875705 41.984779583654)
2014823600,2014059492,10/20/2014,10-October,2-Monday,18:40,1800 Hours,District 1 (Central),,POWESHIEK,I-80,I-80,Collision with:  Vehicle in traffic,On Roadway,"Sideswipe, same direction",FTYROW:  Other (explain in narrative),None Indicated,,Dark - unknown roadway lighting,Dry,Clear,None apparent,Non-intersection:  Non-junction/no special feature,Paved,,Property Damage Only,0,0,0,0,0,0,2000,2,2,,POINT (-92.719976602796 41.6958178337)
2014823050,14-001294,10/20/2014,10-October,2-Monday,12:00,1200 Hours,District 1 (Central),JOHNSTON,POLK,,NW 57TH AVE & MERLE HAY RD,Collision with:  Vehicle in traffic,On Roadway,Broadside (front to side),Unknown,None Indicated,,Daylight,Dry,Clear,None apparent,Intersection:  T-intersection,Paved,,Property Damage Only,0,0,0,0,0,0,2300,2,2,,POINT (-93.697650881078 41.663894669371)
2014822827,14009069,10/20/2014,10-October,2-Monday,05:15,0500 Hours,District 6 (East Central),,DELAWARE,US 20,US 20,Collision with:  Animal,,,Animal,None Indicated,,,,,,,Paved,,Property Damage Only,0,0,0,0,0,0,3000,1,1,,POINT (-91.298135726889 42.471025862221)
2014822679,2014011787,10/20/2014,10-October,2-Monday,17:05,1700 Hours,District 6 (East Central),IOWA CITY,JOHNSON,IA 1,IA 1/DODGE ST,Collision with:  Vehicle in traffic,On Roadway,Rear-end (front to rear),Followed too close,None Indicated,,Daylight,Dry,Clear,None apparent,Non-intersection:  Non-junction/no special feature,Paved,,Property Damage Only,0,0,0,0,0,0,2000,2,3,,POINT (-91.521868346869 41.674934662936)
2014823040,2014059481,10/20/2014,10-October,2-Monday,17:00,1700 Hours,District 1 (Central),,POLK,I-80,I-80,Collision with:  Vehicle in traffic,On Roadway,Rear-end (front to rear),Followed too close,None Indicated,,Daylight,Dry,Cloudy,None apparent,Non-intersection:  Non-junction/no special feature,Paved,,Property Damage Only,0,0,0,0,0,0,4500,2,2,,POINT (-93.546769012006 41.656361843891)
2014825936,14-044595,10/20/2014,10-October,2-Monday,10:58,1000 Hours,District 4 (Southwest),COUNCIL BLUFFS,POTTAWATTAMIE,US 6,US 6/W BROADWAY,Collision with:  Vehicle in traffic,On Roadway,Broadside (front to side),Ran Stop Sign,None Indicated,,Daylight,Dry,Clear,None apparent,Intersection:  Four-way intersection,Paved,,Property Damage Only,0,0,0,0,0,0,2500,2,2,,POINT (-95.860463816749 41.261829958125)
2014823322,14-6910,10/20/2014,10-October,2-Monday,17:34,1700 Hours,District 1 (Central),,POLK,,Co Rd F22/NE 126TH AVE & NE 29TH ST,Collision with:  Vehicle in traffic,On Roadway,Broadside (front to side),Ran Stop Sign,None Indicated,,Daylight,Dry,Clear,None apparent,Intersection:  Four-way intersection,Paved,,Major Injury,0,3,1,1,1,0,43000,3,4,,POINT (-93.560575645836 41.791320058263)
2014822627,14-3354,10/20/2014,10-October,2-Monday,20:02,2000 Hours,District 1 (Central),FORT DODGE,WEBSTER,,5TH AVE S & S 29TH ST,Collision with:  Vehicle in traffic,On Roadway,"Angle, oncoming left turn",Crossed centerline (undivided),None Indicated,,Dark - roadway lighted,Dry,Clear,None apparent,Intersection:  Four-way intersection,Paved,,Possible/Unknown,0,1,0,0,1,0,5000,2,3,,POINT (-94.158217180965 42.501189062375)
2014822678,2014011785,10/20/2014,10-October,2-Monday,16:45,1600 Hours,District 6 (East Central),IOWA CITY,JOHNSON,IA 1,IA 1/E BURLINGTON ST & S CAPITOL ST,Collision with:  Vehicle in traffic,On Roadway,"Sideswipe, same direction",Ran Traffic Signal,None Indicated,,Daylight,Dry,Clear,None apparent,Intersection:  Four-way intersection,Paved,,Property Damage Only,0,0,0,0,0,0,1500,2,2,,POINT (-91.536190245453 41.657878895089)
2014823073,,10/20/2014,10-October,2-Monday,18:00,1800 Hours,District 6 (East Central),CEDAR RAPIDS,LINN,,LINDALE DR,Collision with:  Vehicle in traffic,On Roadway,Head-on (front to front),Unknown,None Indicated,,Dusk,Dry,Clear,,Intersection:  T-intersection,Paved,,Property Damage Only,0,0,0,0,0,0,2500,2,3,,POINT (-91.627275508714 42.028040457744)
2014822597,14-2338,10/20/2014,10-October,2-Monday,17:00,1700 Hours,District 1 (Central),URBANDALE,POLK,,MEREDITH DR,Collision with:  Vehicle in traffic,On Roadway,Broadside (front to side),FTYROW:  From driveway,None Indicated,,Daylight,Dry,Clear,None apparent,Non-intersection:  Driveway access (within),Paved,,Property Damage Only,0,0,0,0,0,0,4250,2,2,,POINT (-93.734971025492 41.643828389437)
2014829200,155-14,10/20/2014,10-October,2-Monday,13:11,1300 Hours,District 3 (Northwest),ROCK VALLEY,SIOUX,,18TH PL,Collision with:  Vehicle in traffic,On Roadway,Broadside (front to side),FTYROW:  From driveway,None Indicated,,Daylight,Dry,Clear,None apparent,Non-intersection:  Driveway access (within),Paved,,Property Damage Only,0,0,0,0,0,0,4000,2,2,,POINT (-96.290729190415 43.197428081106)
2014822869,14-213,10/20/2014,10-October,2-Monday,13:20,1300 Hours,District 2 (Northeast),WAVERLY,BREMER,IA 116,IA 116/4TH ST SW & 29TH AVE SW,Collision with:  Vehicle in traffic,On Roadway,Rear-end (front to rear),Followed too close,None Indicated,,Daylight,Dry,Clear,None apparent,Intersection:  Four-way intersection,Paved,,Possible/Unknown,0,1,0,0,1,0,8000,2,2,,POINT (-92.475723900114 42.700347479404)