Iowa DOT Case Number,Law Enforcement Case Number,Date of Crash,Month of Crash,Day of Week,Time of Crash,Hour,DOT District,City Name,County Name,Route with System,Location Description,First Harmful Event,Location of First Harmful Event,Manner of Crash/Collision,Major Cause,Drug or Alcohol ,Environmental Conditions,Light Conditions,Surface Conditions,Weather Conditions,Roadway Contribution,Roadway Type,Roadway Surface,Work Zone,Crash Severity,Number of Fatalities,Number of Injuries,Number of Major Injuries,Number of Minor Injuries,Number of Possible Injuries,Number of Unknown Injuries,Amount of Property Damage,Number of Vehicles Involved,Total Number of Occupants,Travel Direction,Location
2014822585,20140031170,10/20/2014,10-October,2-Monday,15:12,1500 Hours,District 1 (Central),DES MOINES,POLK,US 69,US 69/SE 14TH ST & E HARTFORD AVE,Collision with:  Vehicle in traffic,On Roadway,"Angle, oncoming left turn",Ran Traffic Signal,None Indicated,,Daylight,Dry,Clear,None apparent,Intersection:  Four-way intersection,Paved,,Property Damage Only,0,0,0,0,0,0,3500,2,4,,POINT (-93.596953440314 41.569750955511)
2014823685,S79140338,10/20/2014,10-October,2-Monday,07:55,0700 Hours,District 1 (Central),,POWESHIEK,,Co Rd F46/EWART RD,Collision with:  Animal,On Roadway,Non-collision (single vehicle),Animal,None Indicated,,Daylight,Dry,Clear,None apparent,Non-intersection:  Non-junction/no special feature,Paved,,Property Damage Only,0,0,0,0,0,0,4000,1,3,,POINT (-92.716109823722 41.659617570238)
2014822796,14-34721,10/20/2014,10-October,2-Monday,15:35,1500 Hours,District 3 (Northwest),SIOUX CITY,WOODBURY,,W 7TH ST & WESLEY PKWY,Collision with:  Vehicle in traffic,On Roadway,Rear-end (front to rear),Followed too close,None Indicated,,Daylight,Dry,Cloudy,None apparent,Intersection:  Four-way intersection,Paved,,Property Damage Only,0,0,0,0,0,0,1701,2,2,,POINT (-96.40977901011 42.499108169844)
2014822392,14-044563,10/20/2014,10-October,2-Monday,05:54,0500 Hours,District 4 (Southwest),COUNCIL BLUFFS,POTTAWATTAMIE,I-80,I-80,Non-collision events:  Other non-collision (explain in narrative),On Roadway,Non-collision (single vehicle),Swerving/Evasive Action,None Indicated,,Dark - roadway not lighted,Dry,Clear,None apparent,Non-intersection:  Non-junction/no special feature,Paved,,Possible/Unknown,0,1,0,0,1,0,11500,1,1,,POINT (-95.837493949215 41.229183232752)
2014822880,,10/20/2014,10-October,2-Monday,10:44,1000 Hours,District 6 (East Central),CEDAR RAPIDS,LINN,,BLAIRS FERRY RD NE & CRANE LN NE,Collision with:  Vehicle in traffic,On Roadway,Rear-end (front to rear),Unknown,None Indicated,,Daylight,Dry,Clear,,Non-intersection:  Non-junction/no special feature,Paved,,Property Damage Only,0,0,0,0,0,0,5000,2,2,,POINT (-91.664154991752 42.034951235633)
2014822281,20140031092,10/20/2014,10-October,2-Monday,23:55,2300 Hours,District 1 (Central),DES MOINES,POLK,,SHAWNEE AVE & 8TH ST,Collision with:  Vehicle in traffic,On Roadway,Broadside (front to side),Equipment failure,None Indicated,,Dark - roadway lighted,Dry,Clear,None apparent,Non-intersection:  Non-junction/no special feature,Paved,,Possible/Unknown,0,1,0,0,1,0,20000,2,4,,POINT (-93.627222105833 41.634946271607)
2014822887,W14-104785,10/20/2014,10-October,2-Monday,15:45,1500 Hours,District 2 (Northeast),WATERLOO,BLACK HAWK,,FOWLER ST,Collision with:  Other non-fixed object (explain in narrative),Outside trafficway,Non-collision (single vehicle),Ran off road - left,None Indicated,,Daylight,Dry,Clear,Unknown,Non-intersection:  Other non-intersection (explain in narrative),Paved,,Property Damage Only,0,0,0,0,0,0,22000,1,1,,POINT (-92.315126020375 42.496169778002)
2014823169,14-004957,10/20/2014,10-October,2-Monday,20:42,2000 Hours,District 1 (Central),AMES,STORY,,LINDEN DR,Collision with:  Parked motor vehicle,On Roadway,"Sideswipe, same direction",Driver Distraction:  Manual operation of an electronic communication device,None Indicated,,Dark - roadway lighted,Dry,Clear,None apparent,Non-intersection:  Non-junction/no special feature,Paved,,Possible/Unknown,0,1,0,0,1,0,4000,2,1,,POINT (-93.604916788185 42.036790214552)
2014823037,2014059343,10/20/2014,10-October,2-Monday,06:55,0600 Hours,District 4 (Southwest),,ADAIR,I-80,I-80,Collision with:  Animal,,,Animal,None Indicated,,,,,,,Paved,,Property Damage Only,0,0,0,0,0,0,5000,1,1,,POINT (-94.495885674143 41.496106121528)
2014822274,20140031142,10/20/2014,10-October,2-Monday,00:30,0000 Hours,District 1 (Central),DES MOINES,POLK,,PLEASANTVIEW DR & SW 13TH PL,Collision with:  Parked motor vehicle,On Roadway,Unknown,Unknown,None Indicated,,Unknown,Unknown,Unknown,None apparent,Intersection:  T-intersection,Paved,,Property Damage Only,0,0,0,0,0,0,3000,2,777,,POINT (-93.634145000193 41.557238885893)
2014822677,2014011782,10/20/2014,10-October,2-Monday,15:30,1500 Hours,District 6 (East Central),IOWA CITY,JOHNSON,,S CLINTON ST,Collision with:  Vehicle in traffic,On Roadway,Broadside (front to side),Other (explain in narrative):  No improper action,None Indicated,,Daylight,Dry,Clear,None apparent,Non-intersection:  Non-junction/no special feature,Paved,,Property Damage Only,0,0,0,0,0,0,2001,2,2,,POINT (-91.534643540525 41.656174901249)
2014822689,14-37486,10/20/2014,10-October,2-Monday,11:39,1100 Hours,District 5 (Southeast),BURLINGTON,DES MOINES,US 61,US 61 & MT PLEASANT ST,Collision with:  Vehicle in traffic,On Roadway,Rear-end (front to rear),Other (explain in narrative):  Other,None Indicated,,Daylight,Dry,Clear,None apparent,Non-intersection:  Non-junction/no special feature,Paved,,Property Damage Only,0,0,0,0,0,0,1500,3,4,,POINT (-91.141337518479 40.825901016189)
2014822651,2014-73353,10/20/2014,10-October,2-Monday,00:24,0000 Hours,District 6 (East Central),DAVENPORT,SCOTT,,CHRISTIE ST,Collision with:  Parked motor vehicle,On Roadway,Unknown,Unknown,None Indicated,,Dark - roadway lighted,Dry,Clear,None apparent,Non-intersection:  Non-junction/no special feature,Paved,,Property Damage Only,0,0,0,0,0,0,1500,2,1,,POINT (-90.545165960295 41.537082547314)
2014823095,201415699,10/20/2014,10-October,2-Monday,08:40,0800 Hours,District 6 (East Central),CEDAR RAPIDS,LINN,,DIAGONAL DR SW & 2ND ST SW,Collision with:  Vehicle in traffic,On Roadway,Broadside (front to side),FTYROW:  From stop sign,None Indicated,,Daylight,Dry,Clear,None apparent,Intersection:  Four-way intersection,Paved,,Property Damage Only,0,0,0,0,0,0,7000,2,2,,POINT (-91.671001378553 41.970724990754)
2014823167,14-004949,10/20/2014,10-October,2-Monday,16:17,1600 Hours,District 1 (Central),AMES,STORY,,13TH ST,Collision with:  Vehicle in traffic,On Roadway,Rear-end (front to rear),Driver Distraction:  Manual operation of an electronic communication device,None Indicated,,Daylight,Dry,Cloudy,None apparent,Non-intersection:  Non-junction/no special feature,Paved,,Property Damage Only,0,0,0,0,0,0,1500,2,2,,POINT (-93.611056702971 42.034524063641)
2014824245,14-044185,10/20/2014,10-October,2-Monday,14:44,1400 Hours,District 5 (Southeast),MUSCATINE,MUSCATINE,IA 38,IA 38/PARK AVE,Collision with:  Vehicle in traffic,On Roadway,Rear-end (front to rear),Followed too close,None Indicated,,Daylight,Dry,Clear,Work Zone (roadway-related),Non-intersection:  Non-junction/no special feature,Paved,Yes,Possible/Unknown,0,1,0,0,1,0,7000,2,2,,POINT (-91.030896208001 41.458812194865)
2014822596,14-2329,10/20/2014,10-October,2-Monday,02:31,0200 Hours,District 1 (Central),URBANDALE,POLK,I-35,I-35,Collision with fixed object:  Concrete traffic barrier (median or right side),Median,Non-collision (single vehicle),Ran off road - left,None Indicated,,Dark - roadway lighted,Dry,Cloudy,None apparent,Non-intersection:  Non-junction/no special feature,Paved,,Possible/Unknown,0,1,0,0,1,0,8000,1,1,,POINT (-93.699253772932 41.652175663979)
2014823787,14-001219,10/20/2014,10-October,2-Monday,19:01,1900 Hours,District 1 (Central),,STORY,I-35,I-35,Collision with:  Vehicle in traffic,On Roadway,Rear-end (front to rear),Crossed centerline (undivided),None Indicated,,Dark - roadway lighted,Dry,Clear,None apparent,Interchange-related:  On-ramp merge area,Paved,,Possible/Unknown,0,1,0,0,1,0,5500,2,2,,POINT (-93.57108189817 42.002333214756)
2014823094,201415695,10/20/2014,10-October,2-Monday,07:40,0700 Hours,District 6 (East Central),CEDAR RAPIDS,LINN,IA 922,IA 922/1ST AVE E & 24TH ST NE,Collision with:  Vehicle in traffic,On Roadway,Rear-end (front to rear),Lost Control,None Indicated,,Daylight,Dry,Clear,None apparent,Intersection:  Other intersection (explain in narrative),Paved,,Property Damage Only,0,0,0,0,0,0,8500,2,2,,POINT (-91.636173111599 42.000019631175)
2014822202,SO1404443,10/20/2014,10-October,2-Monday,00:05,0000 Hours,District 5 (Southeast),,JEFFERSON,IA 1,IA 1/IOWA 1,Collision with:  Animal,,,Animal,None Indicated,,,,,,,Paved,,Property Damage Only,0,0,0,0,0,0,2500,1,1,,POINT (-91.948791891177 40.930293949309)
2014822818,S14-104574,10/20/2014,10-October,2-Monday,06:19,0600 Hours,District 2 (Northeast),,BLACK HAWK,,Co Rd C66/E DUNKERTON RD,Collision with fixed object:  Ditch,On Roadway,Non-collision (single vehicle),Swerving/Evasive Action,None Indicated,,Dark - roadway not lighted,Dry,Clear,None apparent,Non-intersection:  Non-junction/no special feature,Paved,,Minor Injury,0,1,0,1,0,0,8200,1,1,,POINT (-92.214260066556 42.570315399811)
2014822432,14-20468,10/20/2014,10-October,2-Monday,12:08,1200 Hours,District 6 (East Central),BETTENDORF,SCOTT,I-74,I-74,Collision with:  Other non-fixed object (explain in narrative),On Roadway,Rear-end (front to rear),Swerving/Evasive Action,None Indicated,,Daylight,Dry,Clear,Obstruction in roadway,Interchange-related:  Off-ramp,Paved,,Possible/Unknown,0,1,0,0,1,0,3200,2,2,,POINT (-90.513372117301 41.523754100828)
2014824684,2014059373,10/20/2014,10-October,2-Monday,09:46,0900 Hours,District 1 (Central),DES MOINES,POLK,US 69,US 69/E 15TH ST & E GRAND AVE,Collision with:  Vehicle in traffic,On Roadway,Rear-end (front to rear),Followed too close,None Indicated,,Daylight,Dry,Clear,None apparent,Intersection:  Four-way intersection,Paved,,Possible/Unknown,0,1,0,0,1,0,2000,2,7,,POINT (-93.59528059346 41.593953145691)
2014822273,20140031130,10/20/2014,10-October,2-Monday,00:00,0000 Hours,District 1 (Central),DES MOINES,POLK,,WOODLAND AVE & 28TH ST,Collision with:  Parked motor vehicle,Roadside,"Sideswipe, same direction",Unknown,None Indicated,,Dark - unknown roadway lighting,Dry,Clear,Unknown,Non-intersection:  Non-junction/no special feature,Paved,,Property Damage Only,0,0,0,0,0,0,2000,2,1,,POINT (-93.654542216451 41.588037533199)
2014822628,14-5270,10/20/2014,10-October,2-Monday,14:45,1400 Hours,District 1 (Central),WEST DES MOINES,POLK,,LOCUST ST & 10TH ST,Collision with:  Vehicle in traffic,On Roadway,Broadside (front to side),Ran Stop Sign,None Indicated,,Daylight,Dry,Clear,None apparent,Intersection:  Four-way intersection,Paved,,Property Damage Only,0,0,0,0,0,0,7000,2,2,,POINT (-93.715807236026 41.575503636822)
2014822447,2014011777,10/20/2014,10-October,2-Monday,12:35,1200 Hours,District 6 (East Central),IOWA CITY,JOHNSON,,S LINN ST,Collision with:  Non-motorist (see non-motorist section - NOT a unit),On Roadway,Non-collision (single vehicle),Made improper turn,None Indicated,,Daylight,Dry,Clear,None apparent,Non-intersection:  Non-junction/no special feature,Paved,,Minor Injury,0,1,0,1,0,0,1,1,1,,POINT (-91.531658904432 41.659091052439)
2014822881,,10/20/2014,10-October,2-Monday,10:45,1000 Hours,District 6 (East Central),HIAWATHA,LINN,,BLAIRS FERRY RD NE,Collision with:  Vehicle in traffic,On Roadway,Rear-end (front to rear),Unknown,None Indicated,,Daylight,Dry,Clear,,Non-intersection:  Non-junction/no special feature,Paved,,Possible/Unknown,0,1,0,0,1,0,4600,2,2,,POINT (-91.666380742231 42.034815008101)
2014822754,14-004540,10/20/2014,10-October,2-Monday,14:10,1400 Hours,District 1 (Central),ANKENY,POLK,I-35,I-35,Non-collision events:  Other non-collision (explain in narrative),On Roadway,Non-collision (single vehicle),Unknown,None Indicated,,Daylight,Dry,Clear,None apparent,Non-intersection:  Non-junction/no special feature,Paved,,Property Damage Only,0,0,0,0,0,0,1500,2,3,,POINT (-93.571743016874 41.754570611285)
2014823303,14002362,10/20/2014,10-October,2-Monday,10:40,1000 Hours,District 6 (East Central),IOWA CITY,JOHNSON,,UNIVERSITY OF IOWA,Collision with:  Vehicle in traffic,On Roadway,Rear-end (front to rear),Other (explain in narrative):  Vision obstructed,None Indicated,,Daylight,Dry,Clear,None apparent,Non-intersection:  Non-junction/no special feature,Paved,,Property Damage Only,0,0,0,0,0,0,3000,2,1,,POINT (-91.548719915684 41.660415624147)
2014822282,20140031108,10/20/2014,10-October,2-Monday,05:00,0500 Hours,District 1 (Central),DES MOINES,POLK,,CLARK ST,Collision with:  Parked motor vehicle,On Roadway,"Sideswipe, same direction",Unknown,None Indicated,,Unknown,Dry,Unknown,None apparent,Non-intersection:  Non-junction/no special feature,Paved,,Property Damage Only,0,0,0,0,0,0,1500,2,1,,POINT (-93.620387787942 41.605854070059)
2014822227,14-025893,10/20/2014,10-October,2-Monday,00:11,0000 Hours,District 5 (Southeast),,MARION,IA 163,IA 163/IOWA 163 & Co Rd G18/BALDWIN ST/160TH PL,Collision with:  Animal,,,Animal,None Indicated,,,,,,,Paved,,Property Damage Only,0,0,0,0,0,0,2500,1,1,,POINT (-93.038882326107 41.46446591803)
2014823264,,10/20/2014,10-October,2-Monday,15:28,1500 Hours,District 6 (East Central),CEDAR RAPIDS,LINN,,JOHNSON AVE NW & B AVE NW & 19TH ST NW,Collision with:  Vehicle in traffic,On Roadway,Rear-end (front to rear),Unknown,None Indicated,,Daylight,Dry,Clear,,Intersection:  Y-intersection,Paved,,Possible/Unknown,0,2,0,0,2,0,1601,2,4,,POINT (-91.698526008882 41.974498849667)
2014822776,20140031160,10/20/2014,10-October,2-Monday,13:55,1300 Hours,District 1 (Central),DES MOINES,POLK,,ARMY POST RD & SW 9TH ST,Collision with:  Vehicle in traffic,On Roadway,"Angle, oncoming left turn",FTYROW:  Making left turn,None Indicated,,Daylight,Dry,Clear,None apparent,Intersection:  Four-way intersection,Paved,,Property Damage Only,0,0,0,0,0,0,7500,2,3,,POINT (-93.625717923377 41.526480009209)
2014822588,20140031182,10/20/2014,10-October,2-Monday,15:49,1500 Hours,District 1 (Central),DES MOINES,POLK,US 6,US 6/E EUCLID AVE & 1ST ST,Collision with:  Vehicle in traffic,On Roadway,Broadside (front to side),FTYROW:  From stop sign,None Indicated,,Daylight,Dry,Clear,Work Zone (roadway-related),Intersection:  Four-way intersection,Paved,Yes,Possible/Unknown,0,1,0,0,1,0,2800,2,2,,POINT (-93.618736210835 41.627678428048)
2014822420,14-0044615,10/20/2014,10-October,2-Monday,13:30,1300 Hours,District 4 (Southwest),COUNCIL BLUFFS,POTTAWATTAMIE,,S 31ST ST,Collision with:  Vehicle in traffic,Outside trafficway,Rear-end (front to rear),Improper Backing,None Indicated,,Daylight,Dry,Clear,None apparent,Non-intersection:  Non-junction/no special feature,Paved,,Property Damage Only,0,0,0,0,0,0,2300,2,2,,POINT (-95.8941439645 41.261230731445)
2014822660,CL14003733,10/20/2014,10-October,2-Monday,16:30,1600 Hours,District 6 (East Central),CLINTON,CLINTON,,S 6TH ST,Collision with:  Vehicle in traffic,On Roadway,"Sideswipe, same direction",Unknown,None Indicated,,Daylight,Dry,Cloudy,None apparent,Non-intersection:  Non-junction/no special feature,Paved,,Property Damage Only,0,0,0,0,0,0,1500,2,1,,POINT (-90.198901153496 41.839426666817)
2014823166,14-004939,10/20/2014,10-October,2-Monday,08:36,0800 Hours,District 1 (Central),AMES,STORY,,24TH ST & STANGE RD & GEORGE W CARVER AVE,Collision with:  Vehicle in traffic,On Roadway,"Angle, oncoming left turn",FTYROW:  Making left turn,None Indicated,,Daylight,Dry,Clear,None apparent,Intersection:  Four-way intersection,Paved,,Property Damage Only,0,0,0,0,0,0,3200,2,2,,POINT (-93.644861340085 42.045426171167)
2014822602,14-1206,10/20/2014,10-October,2-Monday,14:28,1400 Hours,District 1 (Central),PLEASANT HILL,POLK,IA 163,IA 163/E UNIVERSITY AVE & NE 56TH ST,Collision with:  Vehicle in traffic,On Roadway,Rear-end (front to rear),Other (explain in narrative):  Other,None Indicated,,Daylight,Dry,Clear,None apparent,Intersection:  Four-way intersection,Paved,,Property Damage Only,0,0,0,0,0,0,4100,2,2,,POINT (-93.503253740193 41.598977501279)
2014824334,14-001540,10/20/2014,10-October,2-Monday,12:12,1200 Hours,District 1 (Central),AMES,STORY,,HABER RD & UNIVERSITY BLVD,Collision with:  Non-motorist (see non-motorist section - NOT a unit),On Roadway,Non-collision (single vehicle),FTYROW:  To pedestrian,None Indicated,,Daylight,Dry,Clear,None apparent,Non-intersection:  Non-junction/no special feature,Paved,,Possible/Unknown,0,2,0,0,2,0,0,1,1,,POINT (-93.638785547044 42.029950869845)
2014823265,,10/20/2014,10-October,2-Monday,08:27,0800 Hours,District 6 (East Central),CEDAR RAPIDS,LINN,,58TH AVE SW & 4TH ST CT SW & 4TH ST SW,Collision with:  Vehicle in traffic,On Roadway,"Angle, oncoming left turn",Unknown,None Indicated,,Daylight,Dry,Clear,,Intersection:  T-intersection,Paved,,Property Damage Only,0,0,0,0,0,0,4000,2,2,,POINT (-91.67239112175 41.921799803186)
2014822747,14024746,10/21/2014,10-October,3-Tuesday,08:24,0800 Hours,District 5 (Southeast),OSKALOOSA,MAHASKA,,S 3RD ST,Collision with:  Parked motor vehicle,On Roadway,Head-on (front to front),Unknown,None Indicated,,Daylight,Dry,Clear,None apparent,Non-intersection:  Non-junction/no special feature,Paved,,Possible/Unknown,0,2,0,0,2,0,13500,3,2,,POINT (-92.641440953736 41.293993898999)
2014823808,14-032698,10/21/2014,10-October,3-Tuesday,18:57,1800 Hours,District 5 (Southeast),,LEE,IA 27,IA 27/IOWA 27,Collision with:  Animal,,,Animal,None Indicated,,,,,,,Paved,,Property Damage Only,0,0,0,0,0,0,4000,1,1,,POINT (-91.565136810084 40.552307413278)
2014822800,14-34844,10/21/2014,10-October,3-Tuesday,11:28,1100 Hours,District 3 (Northwest),SIOUX CITY,WOODBURY,,BLVD OF CHAMPIONS,Collision with:  Parked motor vehicle,Shoulder,"Sideswipe, same direction",Other (explain in narrative):  Other,None Indicated,,Daylight,Dry,Clear,None apparent,Non-intersection:  Non-junction/no special feature,Paved,,Property Damage Only,0,0,0,0,0,0,5000,2,2,,POINT (-96.378494283889 42.421840350375)
2014822592,20140031237,10/21/2014,10-October,3-Tuesday,07:40,0700 Hours,District 1 (Central),DES MOINES,POLK,IA 28,IA 28/63RD ST,Collision with:  Vehicle in traffic,On Roadway,Rear-end (front to rear),Followed too close,None Indicated,,Dawn,Dry,Clear,None apparent,Non-intersection:  Non-junction/no special feature,Paved,,Property Damage Only,0,0,0,0,0,0,3500,2,2,,POINT (-93.703457904362 41.555025268796)
2014823295,14-7758,10/21/2014,10-October,3-Tuesday,05:45,0500 Hours,District 3 (Northwest),,IDA,IA 175,IA 175/IOWA 175,Collision with:  Animal,,,Animal,None Indicated,,,,,,,Paved,,Property Damage Only,0,0,0,0,0,0,2000,1,1,,POINT (-95.412277777993 42.334807891935)
2014823523,14-016623,10/21/2014,10-October,3-Tuesday,19:32,1900 Hours,District 2 (Northeast),MARBLE ROCK,FLOYD,,Co Rd T24/FOOTHILL AVE,Collision with:  Animal,,,Animal,None Indicated,,,,,,,Unpaved,,Property Damage Only,0,0,0,0,0,0,3500,1,1,,POINT (-92.92559775287 43.024444432731)
2014823189,32078-14,10/21/2014,10-October,3-Tuesday,19:31,1900 Hours,District 3 (Northwest),,EMMET,,Co Rd N26/375 AVE,Collision with:  Animal,,,Animal,None Indicated,,,,,,,Paved,,Property Damage Only,0,0,0,0,0,0,3000,1,1,,POINT (-94.84675086515 43.426004821626)
2014822724,W14-104962,10/21/2014,10-October,3-Tuesday,12:50,1200 Hours,District 2 (Northeast),WATERLOO,BLACK HAWK,,W 6TH ST & BLUFF ST,Collision with:  Vehicle in traffic,On Roadway,Broadside (front to side),Ran Traffic Signal,None Indicated,,Daylight,Dry,Clear,None apparent,Intersection:  Four-way intersection,Paved,,Property Damage Only,0,0,0,0,0,0,5000,2,2,,POINT (-92.339458161882 42.492223953412)
2014823248,2014-73773,10/21/2014,10-October,3-Tuesday,17:25,1700 Hours,District 6 (East Central),DAVENPORT,SCOTT,,W 36TH ST & N DIVISION ST,Collision with:  Vehicle in traffic,On Roadway,Rear-end (front to rear),Followed too close,None Indicated,,Daylight,Dry,Clear,None apparent,Non-intersection:  Non-junction/no special feature,Paved,,Property Damage Only,0,0,0,0,0,0,1500,2,4,,POINT (-90.600706957549 41.556376358363)
2014824249,14044367,10/21/2014,10-October,3-Tuesday,23:58,2300 Hours,District 5 (Southeast),MUSCATINE,MUSCATINE,US 61,US 61/GRANDVIEW AVE & 33RD ST,Collision with:  Animal,On Roadway,Non-collision (single vehicle),Animal,None Indicated,,Dark - roadway not lighted,Dry,Cloudy,None apparent,Non-intersection:  Non-junction/no special feature,Paved,,Property Damage Only,0,0,0,0,0,0,6500,1,1,,POINT (-91.100325192426 41.385825900065)
2014822766,20140031289,10/21/2014,10-October,3-Tuesday,14:55,1400 Hours,District 1 (Central),DES MOINES,POLK,,HICKMAN RD,Collision with:  Vehicle in traffic,Roadside,"Sideswipe, same direction",Unknown,None Indicated,,Daylight,Dry,Cloudy,None apparent,Non-intersection:  Non-junction/no special feature,Paved,,Possible/Unknown,0,1,0,0,1,0,10000,2,2,,POINT (-93.697086435426 41.614881152259)
2014830002,14-016085,10/21/2014,10-October,3-Tuesday,08:18,0800 Hours,District 3 (Northwest),SPENCER,CLAY,,W 5TH ST & 4TH AVE W,Collision with fixed object:  Utility pole/light support,On Roadway,Non-collision (single vehicle),Other (explain in narrative):  Other,None Indicated,,Dark - roadway lighted,Dry,Clear,None apparent,Non-intersection:  Non-junction/no special feature,Paved,,Property Damage Only,0,0,0,0,0,0,3000,1,1,,POINT (-95.150431801315 43.142598925134)
2014822972,14044324,10/21/2014,10-October,3-Tuesday,17:20,1700 Hours,District 5 (Southeast),,MUSCATINE,,Co Rd X54/N MULBERRY RD,Collision with:  Vehicle in traffic,On Roadway,"Angle, oncoming left turn",FTYROW:  Making left turn,None Indicated,,Daylight,Dry,Clear,None apparent,Intersection:  T-intersection,Paved,,Possible/Unknown,0,1,0,0,1,0,30000,2,3,,POINT (-91.089153818899 41.454012597745)
2014831027,,10/21/2014,10-October,3-Tuesday,14:10,1400 Hours,District 2 (Northeast),CLEAR LAKE,CERRO GORDO,,7TH AVE N & N 8TH ST,Collision with:  Vehicle in traffic,On Roadway,"Angle, oncoming left turn",FTYROW:  Making left turn,None Indicated,,Daylight,Dry,Clear,None apparent,Intersection:  Four-way intersection,Paved,,Property Damage Only,0,0,0,0,0,0,9000,2,3,,POINT (-93.378766737299 43.140960210265)
2014823131,14-1259,10/21/2014,10-October,3-Tuesday,17:41,1700 Hours,District 1 (Central),CLIVE,POLK,US 6,US 6/HICKMAN RD,Collision with:  Vehicle in traffic,On Roadway,Rear-end (front to rear),Followed too close,None Indicated,,Daylight,Dry,Clear,None apparent,Non-intersection:  Non-junction/no special feature,Paved,,Property Damage Only,0,0,0,0,0,0,5100,3,7,,POINT (-93.738315111059 41.614884961594)
2014823118,14024788,10/21/2014,10-October,3-Tuesday,16:18,1600 Hours,District 5 (Southeast),OSKALOOSA,MAHASKA,IA 92,IA 92/A AVE W,Collision with:  Vehicle in traffic,On Roadway,"Angle, oncoming left turn",FTYROW:  Making left turn,None Indicated,,Daylight,Dry,Clear,None apparent,Non-intersection:  Driveway access (within),Paved,,Property Damage Only,0,0,0,0,0,0,5800,2,2,,POINT (-92.669270256272 41.296212054131)
2014823043,2014059577,10/21/2014,10-October,3-Tuesday,06:55,0600 Hours,District 4 (Southwest),,CASS,US 71,US 71/630TH ST,Collision with:  Animal,,,Animal,None Indicated,,,,,,,Paved,,Property Damage Only,0,0,0,0,0,0,4300,1,1,,POINT (-94.984387150457 41.349736885065)
2014824161,2014-22893,10/21/2014,10-October,3-Tuesday,13:04,1300 Hours,District 5 (Southeast),INDIANOLA,WARREN,,W KENTUCKY AVE,Collision with:  Parked motor vehicle,On Roadway,Rear-end (front to rear),"Operating vehicle in an reckless, erratic, careless, negligent manner",None Indicated,,Daylight,Dry,Clear,None apparent,Non-intersection:  Non-junction/no special feature,Paved,,Possible/Unknown,0,1,0,0,1,0,8094,2,1,,POINT (-93.56411849518 41.371419655756)
2014823601,2014059617,10/21/2014,10-October,3-Tuesday,11:36,1100 Hours,District 5 (Southeast),,DECATUR,,230TH ST & PLEASANTON RD,Collision with:  Vehicle in traffic,On Roadway,Rear-end (front to rear),Followed too close,None Indicated,,Daylight,Dry,Clear,None apparent,Intersection:  Y-intersection,Unpaved,,Minor Injury,0,1,0,1,0,0,6500,2,2,,POINT (-93.73403312161 40.710376757285)
2014822984,2014-038939,10/21/2014,10-October,3-Tuesday,15:00,1500 Hours,District 6 (East Central),DUBUQUE,DUBUQUE,,GREEN ST,Collision with fixed object:  Curb/island/raised median,On Roadway,Non-collision (single vehicle),"Operating vehicle in an reckless, erratic, careless, negligent manner",None Indicated,,Daylight,Dry,Clear,None apparent,Non-intersection:  Non-junction/no special feature,Paved,,Property Damage Only,0,0,0,0,0,0,1500,1,3,,POINT (-90.701936836542 42.500818234345)
2014824528,14201,10/21/2014,10-October,3-Tuesday,14:10,1400 Hours,District 5 (Southeast),PELLA,MARION,,INDEPENDENCE ST & MAIN ST,Collision with:  Vehicle in traffic,On Roadway,Rear-end (front to rear),Unknown,None Indicated,,Daylight,Dry,Clear,None apparent,Non-intersection:  Non-junction/no special feature,Paved,,Property Damage Only,0,0,0,0,0,0,2300,2,3,,POINT (-92.916530539232 41.402794483484)
2014823536,14003661,10/21/2014,10-October,3-Tuesday,07:45,0700 Hours,District 5 (Southeast),KINROSS,KEOKUK,,320TH AVE & GROVE ST,Collision with:  Vehicle in traffic,On Roadway,Broadside (front to side),Ran Stop Sign,None Indicated,,Daylight,Dry,Clear,None apparent,Intersection:  Four-way intersection,Paved,,Property Damage Only,0,0,0,0,0,0,6500,2,3,,POINT (-91.984886388995 41.459894314599)
2014823535,14003660,10/21/2014,10-October,3-Tuesday,07:07,0700 Hours,District 5 (Southeast),,KEOKUK,,Co Rd W15/323RD AVE,Non-collision events:  Overturn/rollover,On Roadway,Non-collision (single vehicle),Crossed centerline (undivided),Refused,,Daylight,Dry,Clear,None apparent,Non-intersection:  Non-junction/no special feature,Paved,,Minor Injury,0,1,0,1,0,0,10250,1,1,,POINT (-91.978600268792 41.237344230791)
2014823253,CL14003744,10/21/2014,10-October,3-Tuesday,15:24,1500 Hours,District 6 (East Central),CLINTON,CLINTON,,S BLUFF BLVD & S 14TH ST,Collision with:  Vehicle in traffic,On Roadway,"Sideswipe, same direction",Ran Traffic Signal,None Indicated,,Daylight,Dry,Clear,None apparent,Intersection:  T-intersection,Paved,,Property Damage Only,0,0,0,0,0,0,2200,2,2,,POINT (-90.218712569936 41.836072028024)
2014823165,14--004965,10/21/2014,10-October,3-Tuesday,14:10,1400 Hours,District 1 (Central),AMES,STORY,,LINCOLN WAY & S RUSSELL AVE & N RUSSELL AVE,Collision with:  Vehicle in traffic,On Roadway,Rear-end (front to rear),Followed too close,None Indicated,,Daylight,Dry,Clear,None apparent,Non-intersection:  Non-junction/no special feature,Paved,,Minor Injury,0,1,0,1,0,0,15999,2,2,,POINT (-93.6283627694 42.022848181583)