Iowa DOT Case Number,Law Enforcement Case Number,Date of Crash,Month of Crash,Day of Week,Time of Crash,Hour,DOT District,City Name,County Name,Route with System,Location Description,First Harmful Event,Location of First Harmful Event,Manner of Crash/Collision,Major Cause,Drug or Alcohol ,Environmental Conditions,Light Conditions,Surface Conditions,Weather Conditions,Roadway Contribution,Roadway Type,Roadway Surface,Work Zone,Crash Severity,Number of Fatalities,Number of Injuries,Number of Major Injuries,Number of Minor Injuries,Number of Possible Injuries,Number of Unknown Injuries,Amount of Property Damage,Number of Vehicles Involved,Total Number of Occupants,Travel Direction,Location
2014822841,14-044327,10/21/2014,10-October,3-Tuesday,17:44,1700 Hours,District 5 (Southeast),MUSCATINE,MUSCATINE,,LUCAS ST,Collision with:  Vehicle in traffic,On Roadway,Head-on (front to front),Crossed centerline (undivided),None Indicated,,Daylight,Dry,Clear,None apparent,Non-intersection:  Non-junction/no special feature,Paved,,Minor Injury,0,1,0,1,0,0,7500,2,3,,POINT (-91.062394132758 41.419888011751)
2014823789,14-001226,10/21/2014,10-October,3-Tuesday,19:05,1900 Hours,District 1 (Central),,STORY,US 30,US 30 & 680TH AVE,Collision with:  Animal,,,Animal,None Indicated,,,,,,,Paved,,Property Damage Only,0,0,0,0,0,0,4800,1,1,,POINT (-93.347495480328 42.008361582779)
2014822696,14-044742,10/21/2014,10-October,3-Tuesday,08:30,0800 Hours,District 4 (Southwest),COUNCIL BLUFFS,POTTAWATTAMIE,I-29,I-29 & US 275/OMAHA BRIDGE RD & IA 92,Collision with:  Vehicle in traffic,On Roadway,Rear-end (front to rear),Other (explain in narrative):  Other,None Indicated,,Daylight,Dry,Clear,Work Zone (roadway-related),Non-intersection:  Other non-intersection (explain in narrative),Paved,Yes,Possible/Unknown,0,1,0,0,1,0,10800,3,5,,POINT (-95.832446538011 41.220319189605)
2014824191,14-10777,10/21/2014,10-October,3-Tuesday,08:04,0800 Hours,District 3 (Northwest),CARROLL,CARROLL,US 71,US 71 & 18TH ST,Collision with:  Vehicle in traffic,On Roadway,Rear-end (front to rear),Followed too close,None Indicated,,Daylight,Dry,Clear,None apparent,Non-intersection:  Non-junction/no special feature,Paved,,Property Damage Only,0,0,0,0,0,0,10500,3,3,,POINT (-94.878508063865 42.078541417556)
2014822859,CL14003749,10/21/2014,10-October,3-Tuesday,21:32,2100 Hours,District 6 (East Central),CLINTON,CLINTON,,GARFIELD ST,Collision with:  Vehicle in traffic,On Roadway,"Sideswipe, same direction","Operating vehicle in an reckless, erratic, careless, negligent manner",Alcohol (Statutory),,Dark - roadway lighted,Dry,Clear,None apparent,Non-intersection:  Non-junction/no special feature,Paved,,Property Damage Only,0,0,0,0,0,0,16200,2,1,,POINT (-90.176016087509 41.875897196242)
2014822803,14-34878,10/21/2014,10-October,3-Tuesday,16:43,1600 Hours,District 3 (Northwest),SIOUX CITY,WOODBURY,,OUTER DR N & TERMINAL DR,Collision with:  Vehicle in traffic,On Roadway,Rear-end (front to rear),Improper Backing,None Indicated,,Daylight,Dry,Clear,None apparent,Intersection:  T-intersection,Paved,,Property Damage Only,0,0,0,0,0,0,1700,2,3,,POINT (-96.365253530545 42.530581798596)
2014822695,14-044740,10/21/2014,10-October,3-Tuesday,08:14,0800 Hours,District 4 (Southwest),COUNCIL BLUFFS,POTTAWATTAMIE,,5TH AVE & S 16TH ST,Collision with:  Vehicle in traffic,On Roadway,Broadside (front to side),Lost Control,None Indicated,,Daylight,Dry,Clear,None apparent,Intersection:  Four-way intersection,Paved,,Minor Injury,0,1,0,1,0,0,3000,2,3,,POINT (-95.867584731418 41.257086457232)
2014824205,2014059668,10/21/2014,10-October,3-Tuesday,17:00,1700 Hours,District 2 (Northeast),,FAYETTE,,Co Rd C50/40TH ST & Co Rd W13/T AVE,Collision with:  Vehicle in traffic,On Roadway,Broadside (front to side),FTYROW:  From stop sign,None Indicated,,Daylight,Dry,Clear,None apparent,Intersection:  Four-way intersection,Paved,,Possible/Unknown,0,3,0,0,3,0,7000,2,4,,POINT (-91.9820765861 42.685893357712)
2014824411,2014-12276,10/21/2014,10-October,3-Tuesday,16:56,1600 Hours,District 2 (Northeast),FOREST CITY,WINNEBAGO,,W L ST & N 8TH ST,Collision with:  Vehicle in traffic,On Roadway,Broadside (front to side),FTYROW:  From yield sign,None Indicated,,Daylight,Dry,Clear,None apparent,Intersection:  Four-way intersection,Paved,,Property Damage Only,0,0,0,0,0,0,15000,2,2,,POINT (-93.641908855618 43.265690724265)
2014823539,10-14-182,10/21/2014,10-October,3-Tuesday,08:10,0800 Hours,District 3 (Northwest),LE MARS,PLYMOUTH,IA 3,IA 3/IOWA 3/PLYMOUTH ST & 16TH AVE NW,Collision with:  Vehicle in traffic,On Roadway,Broadside (front to side),FTYROW:  From stop sign,None Indicated,,Dawn,Dry,Clear,None apparent,Intersection:  T-intersection,Paved,,Property Damage Only,0,0,0,0,0,0,4500,2,3,,POINT (-96.189566486586 42.793211604632)
2014825034,2014-21376,10/21/2014,10-October,3-Tuesday,07:59,0700 Hours,District 6 (East Central),DAVENPORT,SCOTT,US 61,US 61/SW RAMP,Collision with fixed object:  Guardrail - face,Shoulder,Non-collision (single vehicle),Ran off road - right,None Indicated,,Daylight,Dry,Clear,None apparent,Interchange-related:  Off-ramp,Paved,,Property Damage Only,0,0,0,0,0,0,6525,1,2,,POINT (-90.564862391391 41.608201452735)
2014824671,261401922,10/21/2014,10-October,3-Tuesday,12:57,1200 Hours,District 5 (Southeast),BLOOMFIELD,DAVIS,US 63,US 63,Collision with:  Vehicle in traffic,On Roadway,Rear-end (front to rear),Separation of units,None Indicated,,Daylight,Dry,Clear,Work Zone (roadway-related),Non-intersection:  Non-junction/no special feature,Paved,Yes,Minor Injury,0,2,0,2,0,0,13500,2,2,,POINT (-92.404098495877 40.767575147422)
2014822655,14-044744,10/21/2014,10-October,3-Tuesday,08:45,0800 Hours,District 4 (Southwest),COUNCIL BLUFFS,POTTAWATTAMIE,,E PIERCE ST & NICHOLAS ST,Collision with:  Vehicle in traffic,On Roadway,Broadside (front to side),FTYROW:  From stop sign,None Indicated,,Daylight,Dry,Clear,None apparent,Intersection:  Four-way intersection,Paved,,Property Damage Only,0,0,0,0,0,0,2750,2,2,,POINT (-95.837848654911 41.266587027666)
2014829944,2014-73724,10/21/2014,10-October,3-Tuesday,07:10,0700 Hours,District 6 (East Central),DAVENPORT,SCOTT,,IA 461/HARRISON ST & W LOCUST ST,Collision with:  Vehicle in traffic,On Roadway,Rear-end (front to rear),Other (explain in narrative):  Other,None Indicated,,Daylight,Dry,Clear,None apparent,Intersection:  Four-way intersection,Paved,,Property Damage Only,0,0,0,0,0,0,3500,2,3,,POINT (-90.577198024645 41.538284642216)
2014822983,2014-038933,10/21/2014,10-October,3-Tuesday,11:12,1100 Hours,District 6 (East Central),DUBUQUE,DUBUQUE,US 52,US 52/WHITE ST & E 20TH ST,Collision with:  Vehicle in traffic,On Roadway,Broadside (front to side),Ran Traffic Signal,None Indicated,,Daylight,Dry,Cloudy,None apparent,Intersection:  Other intersection (explain in narrative),Paved,,Property Damage Only,0,0,0,0,0,0,8500,2,2,,POINT (-90.669354337519 42.511407429549)
2014822739,14022260,10/21/2014,10-October,3-Tuesday,17:31,1700 Hours,District 6 (East Central),MARION,LINN,,7TH AVE & 2ND ST & MARION BLVD,Collision with fixed object:  Curb/island/raised median,On Roadway,Non-collision (single vehicle),Lost Control,None Indicated,,Daylight,Dry,Clear,None apparent,Non-intersection:  Non-junction/no special feature,Paved,,Property Damage Only,0,0,0,0,0,0,1600,1,1,,POINT (-91.609230225959 42.032947797105)
2014822811,2014-73656,10/21/2014,10-October,3-Tuesday,07:53,0700 Hours,District 6 (East Central),DAVENPORT,SCOTT,US 67,US 67/E RIVER DR,Collision with:  Vehicle in traffic,On Roadway,Rear-end (front to rear),Followed too close,None Indicated,,Dawn,Dry,Clear,None apparent,Non-intersection:  Non-junction/no special feature,Paved,,Property Damage Only,0,0,0,0,0,0,11000,3,7,,POINT (-90.553856655703 41.527856162422)
2014823760,201403821,10/21/2014,10-October,3-Tuesday,07:13,0700 Hours,District 6 (East Central),,LINN,,ALDERMAN RD,Collision with:  Animal,,,Animal,None Indicated,,,,,,,Unpaved,,Property Damage Only,0,0,0,0,0,0,3000,1,1,,POINT (-91.423586793032 42.115070949349)
2014822836,CL14003748,10/21/2014,10-October,3-Tuesday,18:04,1800 Hours,District 6 (East Central),CLINTON,CLINTON,US 30,US 30/CAMANCHE AVE & 23RD PL,Collision with:  Vehicle in traffic,On Roadway,"Angle, oncoming left turn",Unknown,None Indicated,,Daylight,Dry,Cloudy,None apparent,Non-intersection:  Non-junction/no special feature,Paved,,Possible/Unknown,0,2,0,0,2,0,3000,2,3,,POINT (-90.21134740936 41.822934049876)
2014822816,14-3358,10/21/2014,10-October,3-Tuesday,15:00,1500 Hours,District 1 (Central),FORT DODGE,WEBSTER,,TOWER DR,Collision with:  Vehicle in traffic,On Roadway,Rear-end (front to rear),Other (explain in narrative):  Other,None Indicated,,Daylight,Dry,Clear,None apparent,Non-intersection:  Non-junction/no special feature,Paved,,Possible/Unknown,0,1,0,0,1,0,18500,3,6,,POINT (-94.202444575444 42.486576529386)
2014823072,,10/21/2014,10-October,3-Tuesday,20:00,2000 Hours,District 2 (Northeast),JANESVILLE,BREMER,,MAPLE ST,Collision with fixed object:  Ditch,On Roadway,Non-collision (single vehicle),Swerving/Evasive Action,None Indicated,,,,,,,Paved,,Property Damage Only,0,0,0,0,0,0,3000,1,1,,POINT (-92.470432194202 42.644875808591)
2014822912,14-1261,10/21/2014,10-October,3-Tuesday,19:02,1900 Hours,District 4 (Southwest),CLIVE,DALLAS,US 6,US 6/HICKMAN AVE & NW 149TH ST,Collision with:  Animal,On Roadway,Non-collision (single vehicle),Animal,None Indicated,,Unknown,Dry,Clear,Work Zone (roadway-related),Non-intersection:  Non-junction/no special feature,Paved,,Property Damage Only,0,0,0,0,0,0,4000,1,1,,POINT (-93.823495398243 41.614774699083)
2014823062,14014980,10/21/2014,10-October,3-Tuesday,23:32,2300 Hours,District 5 (Southeast),CENTERVILLE,APPANOOSE,IA 5,IA 5/IOWA 5 & ST JOSEPHS DR,Collision with:  Animal,,,Animal,None Indicated,,,,,,,Paved,,Property Damage Only,0,0,0,0,0,0,4500,1,1,,POINT (-92.858938306692 40.756829773988)
2014823474,2014011810,10/21/2014,10-October,3-Tuesday,14:21,1400 Hours,District 6 (East Central),IOWA CITY,JOHNSON,,E JEFFERSON ST & JOHNSON ST,Collision with:  Vehicle in traffic,On Roadway,Broadside (front to side),Made improper turn,None Indicated,,Daylight,Dry,Clear,None apparent,Non-intersection:  Non-junction/no special feature,Paved,,Possible/Unknown,0,1,0,0,1,0,600,2,2,,POINT (-91.527211250284 41.662420713464)
2014822801,14-34851,10/21/2014,10-October,3-Tuesday,13:20,1300 Hours,District 3 (Northwest),SIOUX CITY,WOODBURY,US 75,US 75,Collision with:  Vehicle in traffic,On Roadway,Rear-end (front to rear),FTYROW:  Other (explain in narrative),None Indicated,,Daylight,Dry,Clear,Work Zone (roadway-related),Interchange-related:  On-ramp merge area,Paved,Yes,Possible/Unknown,0,1,0,0,1,0,50000,2,2,,POINT (-96.340762910209 42.546867942195)
2014822812,2014-73725,10/21/2014,10-October,3-Tuesday,13:38,1300 Hours,District 6 (East Central),DAVENPORT,SCOTT,,W HIGH ST & MARQUETTE ST,Non-collision events:  Other non-collision (explain in narrative),On Roadway,Non-collision (single vehicle),Swerving/Evasive Action,None Indicated,,Daylight,Dry,Clear,None apparent,Non-intersection:  Non-junction/no special feature,Paved,,Possible/Unknown,0,1,0,0,1,0,1000,1,1,,POINT (-90.59134980805 41.540680595008)
2014823227,14-009239,10/21/2014,10-October,3-Tuesday,13:27,1300 Hours,District 4 (Southwest),ATLANTIC,CASS,US 6,US 6/7TH ST,Collision with:  Vehicle in traffic,On Roadway,Rear-end (front to rear),Followed too close,None Indicated,,Daylight,Dry,Clear,None apparent,Intersection:  Four-way intersection,Paved,,Property Damage Only,0,0,0,0,0,0,18000,2,2,,POINT (-94.985399481713 41.403860229006)
2014824014,02946,10/21/2014,10-October,3-Tuesday,02:59,0200 Hours,District 6 (East Central),DYERSVILLE,DUBUQUE,US 20,US 20,Collision with:  Animal,,,Animal,None Indicated,,,,,,,Paved,,Property Damage Only,0,0,0,0,0,0,3000,1,1,,POINT (-91.121418515309 42.469606662877)
2014822591,20140031236,10/21/2014,10-October,3-Tuesday,07:25,0700 Hours,District 1 (Central),DES MOINES,POLK,,GRAY ST & SW 9TH ST,Collision with:  Non-motorist (see non-motorist section - NOT a unit),On Roadway,Non-collision (single vehicle),FTYROW:  To pedestrian,None Indicated,,Daylight,Dry,Clear,"Surface condition (e.g., wet, icy)",Intersection:  Other intersection (explain in narrative),Paved,,Minor Injury,0,2,0,1,0,1,0,1,1,,POINT (-93.623192188571 41.566783447338)
2014822579,20140031245,10/21/2014,10-October,3-Tuesday,08:00,0800 Hours,District 1 (Central),DES MOINES,POLK,,SE 3RD ST,Collision with:  Parked motor vehicle,On Roadway,Rear-end (front to rear),Driver Distraction:  Manual operation of an electronic communication device,None Indicated,,Daylight,Dry,Clear,None apparent,Non-intersection:  Non-junction/no special feature,Paved,,Property Damage Only,0,0,0,0,0,0,2100,2,1,,POINT (-93.611317547768 41.533592196777)
2014822662,14-5286,10/21/2014,10-October,3-Tuesday,14:13,1400 Hours,District 1 (Central),WEST DES MOINES,POLK,I-35,I-35,Collision with:  Vehicle in traffic,On Roadway,Rear-end (front to rear),Followed too close,None Indicated,,Daylight,Dry,Clear,Work Zone (roadway-related),Non-intersection:  Non-junction/no special feature,Paved,Yes,Property Damage Only,0,0,0,0,0,0,5000,2,2,,POINT (-93.774897696067 41.519446575625)
2014822847,148336PD,10/21/2014,10-October,3-Tuesday,14:10,1400 Hours,District 1 (Central),BOONE,BOONE,,18TH ST & TAMA ST,Collision with:  Vehicle in traffic,On Roadway,Broadside (front to side),FTYROW:  From stop sign,None Indicated,,Daylight,Dry,Clear,None apparent,Intersection:  Four-way intersection,Paved,,Property Damage Only,0,0,0,0,0,0,3000,2,2,,POINT (-93.876745563221 42.074078701904)
2014823885,,10/21/2014,10-October,3-Tuesday,15:45,1500 Hours,District 6 (East Central),MARION,LINN,,EAST ROBINS RD & PRINCETON DR NE,Collision with:  Vehicle in traffic,Median,Rear-end (front to rear),Unknown,None Indicated,,Daylight,Dry,Clear,,Intersection:  T-intersection,Paved,,Property Damage Only,0,0,0,0,0,0,6000,2,2,,POINT (-91.63157960514 42.056578886593)
2014822690,CL14003735,10/21/2014,10-October,3-Tuesday,07:37,0700 Hours,District 6 (East Central),CLINTON,CLINTON,,S BLUFF BLVD & 7TH AVE S,Collision with:  Vehicle in traffic,On Roadway,Rear-end (front to rear),Other (explain in narrative):  Other,None Indicated,,Daylight,Dry,Clear,None apparent,Intersection:  Four-way intersection,Paved,,Property Damage Only,0,0,0,0,0,0,6000,2,2,,POINT (-90.213638356238 41.838947862867)
2014823567,2014059685,10/21/2014,10-October,3-Tuesday,19:45,1900 Hours,District 4 (Southwest),,MADISON,IA 92,IA 92/IOWA 92 & WILDROSE AVE & WILDROSE LN,Collision with:  Animal,,,Animal,None Indicated,,,,,,,Paved,,Property Damage Only,0,0,0,0,0,0,3000,1,1,,POINT (-93.827954337275 41.348953324622)
2014823061,14-37630,10/21/2014,10-October,3-Tuesday,15:18,1500 Hours,District 5 (Southeast),WEST BURLINGTON,DES MOINES,,S GEAR AVE,Collision with:  Vehicle in traffic,On Roadway,"Sideswipe, same direction",FTYROW:  Other (explain in narrative),None Indicated,,Daylight,Dry,Clear,None apparent,Non-intersection:  Non-junction/no special feature,Paved,,Property Damage Only,0,0,0,0,0,0,1500,2,2,,POINT (-91.170015818319 40.820549562482)
2014822769,20140031300,10/21/2014,10-October,3-Tuesday,16:18,1600 Hours,District 1 (Central),DES MOINES,POLK,,DOTUR RIVER ST & ILLINOIS ST,Collision with:  Vehicle in traffic,On Roadway,Broadside (front to side),FTYROW:  Making left turn,None Indicated,,Daylight,Dry,Clear,None apparent,Intersection:  T-intersection,Paved,,Possible/Unknown,0,1,0,0,1,0,7500,2,3,,POINT (-93.616224569788 41.599661471268)
2014822825,2014011820,10/21/2014,10-October,3-Tuesday,18:20,1800 Hours,District 6 (East Central),IOWA CITY,JOHNSON,,MORMON TREK BLVD & CAMERON WAY,Collision with:  Vehicle in traffic,On Roadway,"Angle, oncoming left turn",FTYROW:  Making left turn,None Indicated,,Dusk,Dry,Clear,None apparent,Intersection:  Four-way intersection,Paved,,Property Damage Only,0,0,0,0,0,0,14000,2,2,,POINT (-91.574040261564 41.65161764152)
2014822636,14-017985,10/21/2014,10-October,3-Tuesday,06:10,0600 Hours,District 5 (Southeast),,HENRY,US 34,US 34,Collision with:  Animal,,,Animal,None Indicated,,,,,,,Paved,,Property Damage Only,0,0,0,0,0,0,3000,1,1,,POINT (-91.670063828855 40.975797586304)
2014827188,,10/21/2014,10-October,3-Tuesday,19:51,1900 Hours,District 2 (Northeast),DECORAH,WINNESHIEK,,E BROADWAY ST,Collision with:  Parked motor vehicle,On Roadway,Rear-end (front to rear),Other (explain in narrative):  Vision obstructed,None Indicated,,Dark - roadway not lighted,Dry,Clear,None apparent,Non-intersection:  Non-junction/no special feature,Paved,,Property Damage Only,0,0,0,0,0,0,3000,2,1,,POINT (-91.784212738309 43.302343262512)
2014827954,2014059586,10/21/2014,10-October,3-Tuesday,08:15,0800 Hours,District 1 (Central),,JASPER,IA 163,IA 163/IOWA 163 W & S 96TH AVE W,Collision with:  Vehicle in traffic,On Roadway,Rear-end (front to rear),Other (explain in narrative):  No improper action,None Indicated,,Daylight,Dry,Clear,None apparent,Intersection:  Four-way intersection,Paved,,Property Damage Only,0,0,0,0,0,0,17000,2,2,,POINT (-93.159442963618 41.566163918966)
2014822810,14C04767,10/21/2014,10-October,3-Tuesday,16:33,1600 Hours,District 4 (Southwest),CRESTON,UNION,IA 25,IA 25/N SUMNER AVE/S SUMNER AVE & W ADAMS ST,Collision with:  Vehicle in traffic,On Roadway,"Sideswipe, same direction",FTYROW:  Making right turn on red signal,None Indicated,,Daylight,Dry,Clear,None apparent,Intersection:  Four-way intersection,Paved,,Property Damage Only,0,0,0,0,0,0,9000,2,2,,POINT (-94.372644313356 41.057295372346)
2014822595,20140031230,10/21/2014,10-October,3-Tuesday,04:45,0400 Hours,District 1 (Central),DES MOINES,POLK,,12TH ST,Collision with:  Parked motor vehicle,On Roadway,Rear-end (front to rear),Lost Control,None Indicated,,Dark - roadway lighted,Dry,Clear,None apparent,Non-intersection:  Non-junction/no special feature,Paved,,Minor Injury,0,1,0,1,0,0,6500,2,1,,POINT (-93.631741061016 41.583751527267)
2014822959,2014011132,10/21/2014,10-October,3-Tuesday,17:36,1700 Hours,District 1 (Central),MARSHALLTOWN,MARSHALL,IA 14,IA 14/S CENTER ST/E ANSON ST & W ANSON ST,Collision with:  Vehicle in traffic,On Roadway,"Angle, oncoming left turn",Ran Traffic Signal,None Indicated,,Daylight,Dry,Clear,None apparent,Intersection:  Four-way intersection,Paved,,Possible/Unknown,0,1,0,0,1,0,5200,2,2,,POINT (-92.912780431506 42.03816198838)
2014822990,2014-38940,10/21/2014,10-October,3-Tuesday,16:51,1600 Hours,District 6 (East Central),DUBUQUE,DUBUQUE,US 52,US 52/CENTRAL AVE & W 23RD ST,Collision with:  Vehicle in traffic,On Roadway,Rear-end (front to rear),Lost Control,None Indicated,,Daylight,Dry,Clear,None apparent,Non-intersection:  Non-junction/no special feature,Paved,,Possible/Unknown,0,1,0,0,1,0,2500,2,3,,POINT (-90.672137243597 42.5148049509)
2014823516,C140104972,10/21/2014,10-October,3-Tuesday,13:23,1300 Hours,District 2 (Northeast),CEDAR FALLS,BLACK HAWK,,UNIVERSITY AVE & S MAIN ST,Collision with:  Vehicle in traffic,On Roadway,"Sideswipe, same direction",Made improper turn,None Indicated,,Daylight,Dry,Clear,None apparent,Intersection:  Four-way intersection,Paved,,Property Damage Only,0,0,0,0,0,0,3000,2,2,,POINT (-92.445849053523 42.51309592047)
2014823009,2014059513,10/21/2014,10-October,3-Tuesday,00:30,0000 Hours,District 4 (Southwest),,ADAIR,I-80,I-80,Collision with:  Animal,,,Animal,None Indicated,,,,,,,Paved,,Property Damage Only,0,0,0,0,0,0,1500,1,1,,POINT (-94.466998485839 41.495973873913)
2014822581,20140031264,10/21/2014,10-October,3-Tuesday,11:30,1100 Hours,District 1 (Central),DES MOINES,POLK,US 69,US 69/E 14TH ST & IA 163/E UNIVERSITY AVE,Collision with:  Vehicle in traffic,On Roadway,Rear-end (front to rear),Other (explain in narrative):  Other,None Indicated,,Daylight,Dry,Clear,None apparent,Intersection:  Four-way intersection,Paved,,Minor Injury,0,1,0,1,0,0,3000,2,3,,POINT (-93.600381642597 41.600600986936)
2014822686,14-044780,10/21/2014,10-October,3-Tuesday,13:00,1300 Hours,District 4 (Southwest),COUNCIL BLUFFS,POTTAWATTAMIE,,8TH AVE & S 24TH ST,Collision with:  Vehicle in traffic,On Roadway,Broadside (front to side),Unknown,None Indicated,,Daylight,Dry,Clear,None apparent,Non-intersection:  Non-junction/no special feature,Paved,,Property Damage Only,0,0,0,0,0,0,5500,2,2,,POINT (-95.879557934139 41.254427722147)
2014822956,2014-0449,10/21/2014,10-October,3-Tuesday,21:41,2100 Hours,District 5 (Southeast),NORWALK,WARREN,IA 28,IA 28/IOWA 28 & COLUMBINE DR,Collision with:  Animal,On Roadway,Head-on (front to front),Animal,None Indicated,,Dark - roadway not lighted,Dry,Clear,None apparent,Non-intersection:  Non-junction/no special feature,Paved,,Property Damage Only,0,0,0,0,0,0,6500,2,2,,POINT (-93.674158602961 41.506128852224)
2014822854,14014946,10/21/2014,10-October,3-Tuesday,07:13,0700 Hours,District 5 (Southeast),,APPANOOSE,,270TH AVE,Collision with:  Animal,,,Animal,None Indicated,,,,,,,Unpaved,,Property Damage Only,0,0,0,0,0,0,5000,1,1,,POINT (-92.772988707644 40.871623416564)
2014822989,2014-13335,10/21/2014,10-October,3-Tuesday,03:45,0300 Hours,District 6 (East Central),,DUBUQUE,,HUMKE RD,Collision with:  Animal,,,Animal,None Indicated,,,,,,,Paved,,Property Damage Only,0,0,0,0,0,0,2000,1,1,,POINT (-90.835528567505 42.490479762481)
2014822774,20140031320,10/21/2014,10-October,3-Tuesday,19:08,1900 Hours,District 1 (Central),DES MOINES,POLK,,31ST ST,Collision with:  Non-motorist (see non-motorist section - NOT a unit),On Roadway,Non-collision (single vehicle),Other (explain in narrative):  No improper action,None Indicated,,Dark - roadway lighted,Dry,Clear,None apparent,Non-intersection:  Non-junction/no special feature,Paved,,Minor Injury,0,1,0,1,0,0,100,1,2,,POINT (-93.659366062605 41.599908526176)
2014822661,14-5285,10/21/2014,10-October,3-Tuesday,13:35,1300 Hours,District 1 (Central),WEST DES MOINES,POLK,,WESTOWN PKWY & 42ND ST,Collision with:  Vehicle in traffic,On Roadway,Broadside (front to side),Ran Traffic Signal,None Indicated,,Daylight,Dry,Clear,None apparent,Intersection:  Four-way intersection,Paved,,Property Damage Only,0,0,0,0,0,0,4500,2,2,,POINT (-93.761588150682 41.59551178368)
2014822813,2014-73731,10/21/2014,10-October,3-Tuesday,14:13,1400 Hours,District 6 (East Central),DAVENPORT,SCOTT,,E 53RD ST & CORPORATE PARK DR,Collision with:  Vehicle in traffic,On Roadway,"Angle, oncoming left turn",FTYROW:  Making left turn,None Indicated,,Daylight,Dry,Clear,None apparent,Intersection:  Four-way intersection,Paved,,Property Damage Only,0,0,0,0,0,0,8000,2,2,,POINT (-90.517167904561 41.574884131759)
2014823059,14-37587,10/21/2014,10-October,3-Tuesday,10:59,1000 Hours,District 5 (Southeast),WEST BURLINGTON,DES MOINES,,W AGENCY RD,Collision with:  Vehicle in traffic,On Roadway,"Sideswipe, same direction",Other (explain in narrative):  Other,None Indicated,,Daylight,Dry,Cloudy,None apparent,Non-intersection:  Driveway access (within),Paved,,Property Damage Only,0,0,0,0,0,0,3000,2,2,,POINT (-91.160707741157 40.812825905411)
2014823283,14-008862,10/21/2014,10-October,3-Tuesday,11:02,1100 Hours,District 2 (Northeast),,CLAYTON,,Co Rd C43/OSTERDOCK RD,Collision with fixed object:  Ditch,Shoulder,Non-collision (single vehicle),Ran off road - right,None Indicated,,Daylight,Dry,Clear,None apparent,Non-intersection:  Non-junction/no special feature,Paved,,Possible/Unknown,0,1,0,0,1,0,15000,1,1,,POINT (-91.146566839067 42.740337686707)
2014822738,14022255,10/21/2014,10-October,3-Tuesday,16:42,1600 Hours,District 6 (East Central),MARION,LINN,,31ST ST,Collision with:  Vehicle in traffic,On Roadway,Rear-end (front to rear),Other (explain in narrative):  Other,None Indicated,,Daylight,Dry,Clear,None apparent,Non-intersection:  Non-junction/no special feature,Paved,,Possible/Unknown,0,2,0,0,2,0,3000,2,2,,POINT (-91.579164573451 42.031732897654)
2014824278,,10/21/2014,10-October,3-Tuesday,21:03,2100 Hours,District 3 (Northwest),,PLYMOUTH,,Co Rd L14/L14,Collision with:  Animal,,Non-collision (single vehicle),Animal,None Indicated,,,,,,,Paved,,Possible/Unknown,0,1,0,0,0,1,3000,1,1,,POINT (-95.957709157527 42.570147512034)
2014822767,20140031296,10/21/2014,10-October,3-Tuesday,16:13,1600 Hours,District 1 (Central),DES MOINES,POLK,US 6,US 6/EUCLID AVE & 4TH ST,Collision with:  Vehicle in traffic,On Roadway,"Angle, oncoming left turn",FTYROW:  Making left turn,None Indicated,,Daylight,Dry,Clear,None apparent,Non-intersection:  Driveway access (within),Paved,,Property Damage Only,0,0,0,0,0,0,4500,2,3,,POINT (-93.622301832787 41.627695209481)
2014823010,2014059612,10/21/2014,10-October,3-Tuesday,10:20,1000 Hours,District 2 (Northeast),,WORTH,I-35,I-35,Collision with:  Vehicle in traffic,On Roadway,"Sideswipe, same direction",Unknown,None Indicated,,Daylight,Dry,Clear,None apparent,Non-intersection:  Non-junction/no special feature,Paved,,Property Damage Only,0,0,0,0,0,0,3000,2,2,,POINT (-93.349453769806 43.391292983366)
2014824242,14-12298,10/21/2014,10-October,3-Tuesday,08:15,0800 Hours,District 3 (Northwest),,SIOUX,,DOGWOOD AVE,Collision with:  Vehicle in traffic,On Roadway,Broadside (front to side),FTYROW:  At uncontrolled intersection,None Indicated,,Daylight,"Mud, dirt",Clear,None apparent,Intersection:  Four-way intersection,Unpaved,,Minor Injury,0,3,0,1,2,0,15500,2,3,,POINT (-96.351715453168 42.909276240246)
2014837043,14100449,10/21/2014,10-October,3-Tuesday,08:46,0800 Hours,District 5 (Southeast),,WAPELLO,,Co Rd J12/RIVER RD,Collision with fixed object:  Ditch,Outside trafficway,Non-collision (single vehicle),Ran off road - right,None Indicated,,Daylight,Dry,Clear,None apparent,Non-intersection:  Non-junction/no special feature,Unpaved,,Fatal,1,0,0,0,0,0,1500,1,1,,POINT (-92.231977844197 40.918105777587)
2014823210,20140003828,10/21/2014,10-October,3-Tuesday,18:46,1800 Hours,District 6 (East Central),,LINN,,Co Rd E36/BLAIRS FERRY RD & ANTLER DR & WAY SIDE CIR,Collision with:  Vehicle in traffic,On Roadway,Rear-end (front to rear),Followed too close,None Indicated,,Dark - roadway not lighted,Dry,Cloudy,None apparent,Non-intersection:  Non-junction/no special feature,Paved,,Property Damage Only,0,0,0,0,0,0,10000,2,2,,POINT (-91.727517251853 42.041138163077)
2014822911,14-1258,10/21/2014,10-October,3-Tuesday,17:21,1700 Hours,District 1 (Central),CLIVE,POLK,,NW 92ND ST & UNIVERSITY AVE,Collision with:  Vehicle in traffic,On Roadway,Broadside (front to side),FTYROW:  Making left turn,None Indicated,,Daylight,Dry,Clear,None apparent,Intersection:  T-intersection,Paved,,Possible/Unknown,0,2,0,0,2,0,5000,2,3,,POINT (-93.745314612242 41.600464314491)
2014823016,14S01671,10/21/2014,10-October,3-Tuesday,18:15,1800 Hours,District 4 (Southwest),,UNION,,THAYER LAKE RD,Collision with:  Vehicle in traffic,On Roadway,Rear-end (front to rear),"Operating vehicle in an reckless, erratic, careless, negligent manner",None Indicated,,Daylight,Dry,Clear,None apparent,Non-intersection:  Non-junction/no special feature,Unpaved,,Possible/Unknown,0,1,0,0,0,1,3000,2,3,,POINT (-94.05245076759 41.024975321485)