Iowa DOT Case Number,Law Enforcement Case Number,Date of Crash,Month of Crash,Day of Week,Time of Crash,Hour,DOT District,City Name,County Name,Route with System,Location Description,First Harmful Event,Location of First Harmful Event,Manner of Crash/Collision,Major Cause,Drug or Alcohol ,Environmental Conditions,Light Conditions,Surface Conditions,Weather Conditions,Roadway Contribution,Roadway Type,Roadway Surface,Work Zone,Crash Severity,Number of Fatalities,Number of Injuries,Number of Major Injuries,Number of Minor Injuries,Number of Possible Injuries,Number of Unknown Injuries,Amount of Property Damage,Number of Vehicles Involved,Total Number of Occupants,Travel Direction,Location
2014822930,14-2345,10/21/2014,10-October,3-Tuesday,07:54,0700 Hours,District 1 (Central),URBANDALE,POLK,,MEREDITH DR & 72ND ST,Collision with:  Vehicle in traffic,On Roadway,"Angle, oncoming left turn",FTYROW:  Making left turn,None Indicated,,Daylight,Dry,Clear,None apparent,Intersection:  Four-way intersection,Paved,,Property Damage Only,0,0,0,0,0,0,4000,2,3,,POINT (-93.717007394364 41.643842770151)
2014823679,14-014688,10/21/2014,10-October,3-Tuesday,19:25,1900 Hours,District 2 (Northeast),WAUCOMA,FAYETTE,,Co Rd B44/WHITE TAIL RD,Collision with:  Animal,,,Animal,None Indicated,,,,,,,Paved,,Property Damage Only,0,0,0,0,0,0,6000,1,1,,POINT (-92.069885600207 43.05716814136)
2014822571,14022211,10/21/2014,10-October,3-Tuesday,08:26,0800 Hours,District 6 (East Central),MARION,LINN,US 151,US 151,Collision with:  Vehicle in traffic,On Roadway,Rear-end (front to rear),Followed too close,None Indicated,,Daylight,Dry,Clear,None apparent,Non-intersection:  Non-junction/no special feature,Paved,,Property Damage Only,0,0,0,0,0,0,9000,2,2,,POINT (-91.550263548554 42.033541953055)
2014822840,13009253,10/21/2014,10-October,3-Tuesday,21:24,2100 Hours,District 4 (Southwest),,CASS,,CHICAGO RD,Non-collision events:  Overturn/rollover,On Roadway,Non-collision (single vehicle),Exceeded authorized speed,Alcohol (Statutory),,Dark - roadway not lighted,"Mud, dirt",Clear,None apparent,Non-intersection:  Non-junction/no special feature,Unpaved,,Property Damage Only,0,0,0,0,0,0,4000,1,2,,POINT (-95.029817776971 41.475680030055)
2014824892,,10/21/2014,10-October,3-Tuesday,18:35,1800 Hours,District 2 (Northeast),,WINNESHIEK,,Co Rd A52/OLD STAGE RD,Collision with:  Animal,On Roadway,Non-collision (single vehicle),Animal,None Indicated,,Dusk,Dry,Clear,,Non-intersection:  Non-junction/no special feature,Paved,,Minor Injury,0,1,0,1,0,0,7300,1,3,,POINT (-91.716527531106 43.294057943157)
2014822580,20140031250,10/21/2014,10-October,3-Tuesday,08:55,0800 Hours,District 1 (Central),DES MOINES,POLK,,GRAND AVE & 10TH ST,Collision with:  Vehicle in traffic,On Roadway,"Sideswipe, same direction",Made improper turn,None Indicated,,Daylight,Dry,Clear,None apparent,Intersection:  Other intersection (explain in narrative),Paved,,Property Damage Only,0,0,0,0,0,0,3000,2,2,,POINT (-93.630234109167 41.58669616258)
2014823097,201415791,10/21/2014,10-October,3-Tuesday,14:55,1400 Hours,District 6 (East Central),CEDAR RAPIDS,LINN,,SALLY DR NE & WESTCHESTER DR NE & 42ND ST NE,Collision with:  Vehicle in traffic,On Roadway,Broadside (front to side),FTYROW:  Making left turn,None Indicated,,Daylight,Dry,Clear,None apparent,Intersection:  Four-way intersection,Paved,,Property Damage Only,0,0,0,0,0,0,8000,2,4,,POINT (-91.686970239844 42.021732002363)
2014826226,2014059625,10/21/2014,10-October,3-Tuesday,11:17,1100 Hours,District 1 (Central),,GREENE,US 30,US 30/220TH,Collision with:  Vehicle in traffic,On Roadway,Head-on (front to front),Crossed centerline (undivided),Drug,,Daylight,Dry,Clear,None apparent,Non-intersection:  Non-junction/no special feature,Paved,,Fatal,1,1,1,0,0,0,10000,2,3,,POINT (-94.179685185314 42.034276006945)
2014823176,2014-22875,10/21/2014,10-October,3-Tuesday,09:46,0900 Hours,District 5 (Southeast),INDIANOLA,WARREN,IA 92,IA 92/W 2ND AVE & Y ST,Collision with:  Vehicle in traffic,On Roadway,Rear-end (front to rear),Other (explain in narrative):  Other,None Indicated,,Daylight,Dry,Clear,None apparent,Non-intersection:  Non-junction/no special feature,Paved,,Property Damage Only,0,0,0,0,0,0,10000,2,3,,POINT (-93.596756059875 41.356266379419)
2014822735,14159801,10/21/2014,10-October,3-Tuesday,06:55,0600 Hours,District 6 (East Central),CORALVILLE,JOHNSON,US 218,US 218,Collision with:  Vehicle in traffic,On Roadway,"Sideswipe, same direction",Swerving/Evasive Action,None Indicated,,Dawn,Dry,Clear,None apparent,Interchange-related:  On-ramp merge area,Paved,,Property Damage Only,0,0,0,0,0,0,3500,2,2,,POINT (-91.637997657158 41.693906143073)
2014823170,14-004961,10/21/2014,10-October,3-Tuesday,06:51,0600 Hours,District 1 (Central),AMES,STORY,US 30,US 30,Collision with:  Animal,On Roadway,Non-collision (single vehicle),Animal,None Indicated,,Dark - roadway not lighted,Dry,Clear,None apparent,Non-intersection:  Non-junction/no special feature,Paved,,Property Damage Only,0,0,0,0,0,0,12000,2,2,,POINT (-93.654712081606 42.006858332056)
2014824192,14-10778,10/21/2014,10-October,3-Tuesday,08:04,0800 Hours,District 3 (Northwest),CARROLL,CARROLL,,MAHOGANY AVE & CLARK ST,Collision with:  Vehicle in traffic,On Roadway,Broadside (front to side),FTYROW:  From stop sign,None Indicated,,Daylight,Dry,Clear,None apparent,Intersection:  Four-way intersection,Paved,,Property Damage Only,0,0,0,0,0,0,8500,2,5,,POINT (-94.859418056448 42.051987304878)
2014823126,14-004561,10/21/2014,10-October,3-Tuesday,17:38,1700 Hours,District 1 (Central),ANKENY,POLK,,SE DELAWARE AVE,Collision with:  Vehicle in traffic,Outside trafficway,"Sideswipe, same direction",Other (explain in narrative):  Other,None Indicated,,Dusk,Dry,Clear,None apparent,Non-intersection:  Non-junction/no special feature,Paved,,Property Damage Only,0,0,0,0,0,0,4000,2,1,,POINT (-93.581221826043 41.707920642785)
2014822890,102114-160,10/21/2014,10-October,3-Tuesday,13:50,1300 Hours,District 3 (Northwest),,BUENA VISTA,US 71,US 71/130TH AVE,Collision with:  Vehicle in traffic,On Roadway,"Sideswipe, same direction",Crossed centerline (undivided),None Indicated,,Daylight,Dry,Clear,None apparent,Non-intersection:  Non-junction/no special feature,Paved,,Property Damage Only,0,0,0,0,0,0,5000,2,2,,POINT (-95.151216442211 42.840199034553)
2014822979,2014-038296,10/21/2014,10-October,3-Tuesday,06:48,0600 Hours,District 6 (East Central),DUBUQUE,DUBUQUE,IA 32,IA 32/IA32 NW ARTERIAL,Collision with:  Animal,On Roadway,Non-collision (single vehicle),Animal,None Indicated,,Dark - roadway not lighted,Dry,Clear,None apparent,Non-intersection:  Non-junction/no special feature,Paved,,Property Damage Only,0,0,0,0,0,0,10000,1,2,,POINT (-90.740205289709 42.49218709422)
2014822822,2014-21377,10/21/2014,10-October,3-Tuesday,08:08,0800 Hours,District 6 (East Central),,SCOTT,US 61,US 61/140 ST & COONHUNTER S RD,Collision with:  Vehicle in traffic,On Roadway,Rear-end (front to rear),Followed too close,None Indicated,,Daylight,Dry,Clear,None apparent,Intersection:  T-intersection,Paved,,Minor Injury,0,1,0,1,0,0,7500,2,3,,POINT (-90.739084650151 41.509060535244)
2014826336,,10/21/2014,10-October,3-Tuesday,14:26,1400 Hours,District 2 (Northeast),,WINNESHIEK,,187TH ST & 227TH AVE,Collision with fixed object:  Tree,Shoulder,Non-collision (single vehicle),Ran off road - right,None Indicated,,Daylight,"Mud, dirt",Clear,None apparent,Intersection:  T-intersection,Unpaved,,Property Damage Only,0,0,0,0,0,0,10000,1,1,,POINT (-91.849316007878 43.208504813712)
2014822773,20140031313,10/21/2014,10-October,3-Tuesday,17:28,1700 Hours,District 1 (Central),DES MOINES,POLK,,INDIANA AVE & 6TH AVE,Collision with:  Vehicle in traffic,On Roadway,"Angle, oncoming left turn",FTYROW:  From stop sign,None Indicated,,Dusk,Dry,Clear,None apparent,Intersection:  Four-way intersection,Paved,,Property Damage Only,0,0,0,0,0,0,1800,2,3,,POINT (-93.625765172111 41.602231041291)
2014823133,14-1256,10/21/2014,10-October,3-Tuesday,10:40,1000 Hours,District 1 (Central),CLIVE,POLK,US 6,US 6/HICKMAN RD & NW 100TH ST,Collision with:  Vehicle in traffic,On Roadway,Rear-end (front to rear),Unknown,None Indicated,,Daylight,Dry,Cloudy,Work Zone (roadway-related),Intersection:  Four-way intersection,Paved,Yes,Property Damage Only,0,0,0,0,0,0,7000,2,2,,POINT (-93.755921869103 41.614806562585)
2014824417,2014-73799,10/21/2014,10-October,3-Tuesday,19:19,1900 Hours,District 6 (East Central),DAVENPORT,SCOTT,,W 4TH ST & GAINES ST,Collision with:  Vehicle in traffic,On Roadway,"Angle, oncoming left turn",FTYROW:  Making left turn,None Indicated,,Dark - roadway lighted,Dry,Clear,None apparent,Intersection:  Other intersection (explain in narrative),Paved,,Property Damage Only,0,0,0,0,0,0,1500,2,3,,POINT (-90.582962457993 41.523518397837)
2014822768,20140031297,10/21/2014,10-October,3-Tuesday,15:51,1500 Hours,District 1 (Central),DES MOINES,POLK,I-235,I-235,Collision with:  Vehicle in traffic,On Roadway,Rear-end (front to rear),Followed too close,None Indicated,,Daylight,Dry,Cloudy,None apparent,Non-intersection:  Non-junction/no special feature,Paved,,Possible/Unknown,0,1,0,0,1,0,9200,3,3,,POINT (-93.690869718097 41.59243667929)
2014822828,S14-004211,10/21/2014,10-October,3-Tuesday,11:35,1100 Hours,District 4 (Southwest),,POTTAWATTAMIE,,Co Rd G36/JUNIPER RD & Co Rd L34/ROAD L34,Collision with:  Vehicle in traffic,On Roadway,Broadside (front to side),Ran Stop Sign,None Indicated,,Daylight,Dry,Clear,None apparent,Intersection:  Four-way intersection,Paved,,Property Damage Only,0,0,0,0,0,0,8000,2,4,,POINT (-95.764238824825 41.347221262125)
2014822770,20140031306,10/21/2014,10-October,3-Tuesday,16:55,1600 Hours,District 1 (Central),DES MOINES,POLK,I-235,I-235,Collision with:  Vehicle in traffic,On Roadway,Rear-end (front to rear),Followed too close,None Indicated,,Daylight,Dry,Clear,None apparent,Non-intersection:  Non-junction/no special feature,Paved,,Property Damage Only,0,0,0,0,0,0,5000,2,3,,POINT (-93.660332702829 41.593498837185)
2014822799,14-34811,10/21/2014,10-October,3-Tuesday,05:32,0500 Hours,District 3 (Northwest),SIOUX CITY,WOODBURY,,W 7TH ST & PERRY ST & WESLEY PKWY,Collision with:  Vehicle in traffic,On Roadway,"Angle, oncoming left turn",FTYROW:  Making left turn,None Indicated,,Dark - roadway lighted,Dry,Clear,None apparent,Intersection:  Four-way intersection,Paved,,Possible/Unknown,0,1,0,0,1,0,6000,2,7,,POINT (-96.409751778828 42.499054955254)
2014822873,14-011402,10/21/2014,10-October,3-Tuesday,20:52,2000 Hours,District 5 (Southeast),,WAYNE,IA 14,IA 14/IOWA 14,Collision with:  Animal,On Roadway,Non-collision (single vehicle),Animal,None Indicated,,Dark - roadway not lighted,Dry,Clear,None apparent,Non-intersection:  Non-junction/no special feature,Paved,,Property Damage Only,0,0,0,0,0,0,10000,1,1,,POINT (-93.317377049597 40.835916886232)
2014826465,A14077,10/21/2014,10-October,3-Tuesday,07:58,0700 Hours,District 5 (Southeast),KNOXVILLE,MARION,,E SOUTH ST & S 4TH ST,Collision with:  Parked motor vehicle,On Roadway,"Sideswipe, same direction",Crossed centerline (undivided),None Indicated,,Daylight,Dry,Clear,None apparent,Intersection:  Four-way intersection,Paved,,Possible/Unknown,0,1,0,0,1,0,2700,2,1,,POINT (-93.095269307827 41.315230725598)
2014828361,14100448,10/21/2014,10-October,3-Tuesday,06:41,0600 Hours,District 5 (Southeast),,WAPELLO,,Co Rd H41/BLUEGRASS RD,Collision with:  Animal,,,Animal,None Indicated,,,,,,,Paved,,Property Damage Only,0,0,0,0,0,0,5000,1,1,,POINT (-92.5703410919 40.987217790868)
2014822699,S14-104929,10/21/2014,10-October,3-Tuesday,10:33,1000 Hours,District 2 (Northeast),,BLACK HAWK,,Co Rd V49/S RAYMOND RD,Non-collision events:  Overturn/rollover,On Roadway,Non-collision (single vehicle),Swerving/Evasive Action,None Indicated,,Daylight,Dry,Clear,None apparent,Non-intersection:  Non-junction/no special feature,Paved,,Minor Injury,0,1,0,1,0,0,10000,1,1,,POINT (-92.219566780756 42.456293405299)
2014822863,14-044801,10/21/2014,10-October,3-Tuesday,15:51,1500 Hours,District 4 (Southwest),COUNCIL BLUFFS,POTTAWATTAMIE,,AVE B & N 19TH ST,Non-collision events:  Other non-collision (explain in narrative),On Roadway,Non-collision (single vehicle),Other (explain in narrative):  No improper action,None Indicated,,Daylight,Dry,Clear,None apparent,Intersection:  Four-way intersection,Paved,,Minor Injury,0,1,0,1,0,0,2000,1,1,,POINT (-95.872121209342 41.263646986842)
2014823950,14-2344,10/21/2014,10-October,3-Tuesday,06:38,0600 Hours,District 1 (Central),URBANDALE,POLK,I-35,I-35,Collision with:  Vehicle in traffic,On Roadway,Unknown,Unknown,None Indicated,,Dawn,Dry,Cloudy,None apparent,Interchange-related:  Off-ramp,Paved,,Property Damage Only,0,0,0,0,0,0,3000,2,3,,POINT (-93.773652652688 41.649203996411)
2014822875,2014-6195,10/21/2014,10-October,3-Tuesday,08:10,0800 Hours,District 1 (Central),,HARDIN,,CO HWY D15,Collision with:  Vehicle in traffic,On Roadway,"Sideswipe, same direction",Ran off road - left,None Indicated,,Daylight,Dry,Clear,None apparent,Non-intersection:  Driveway access (within),Paved,,Property Damage Only,0,0,0,0,0,0,7000,2,2,,POINT (-93.06040567355 42.52908128618)
2014822826,14009121,10/21/2014,10-October,3-Tuesday,16:30,1600 Hours,District 6 (East Central),MANCHESTER,DELAWARE,IA 13,IA 13/W MAIN ST/N FRANKLIN ST & E MAIN ST & S FRANKLIN ST,Collision with:  Parked motor vehicle,Roadside,Rear-end (front to rear),Over correcting/over steering,None Indicated,,Daylight,Dry,Clear,None apparent,Intersection:  Four-way intersection,Paved,,Property Damage Only,0,0,0,0,0,0,3000,2,1,,POINT (-91.457901557435 42.48396799736)
2014823686,S79140340,10/21/2014,10-October,3-Tuesday,06:43,0600 Hours,District 1 (Central),,POWESHIEK,IA 146,IA 146/IOWA 146,Collision with:  Animal,On Roadway,Non-collision (single vehicle),Animal,None Indicated,,Dawn,Dry,Clear,None apparent,Non-intersection:  Non-junction/no special feature,Paved,,Minor Injury,0,1,0,1,0,0,10000,1,1,,POINT (-92.727381571294 41.797669395953)
2014823798,14-011387,10/21/2014,10-October,3-Tuesday,13:30,1300 Hours,District 5 (Southeast),CORYDON,WAYNE,IA 2,IA 2/JEFFERSON ST & DEKALB ST,Collision with:  Vehicle in traffic,On Roadway,"Angle, oncoming left turn",FTYROW:  Making left turn,None Indicated,,Daylight,Dry,Clear,None apparent,Intersection:  Four-way intersection,Paved,,Property Damage Only,0,0,0,0,0,0,11400,3,3,,POINT (-93.320390717532 40.757218985309)
2014822802,14-34863,10/21/2014,10-October,3-Tuesday,15:37,1500 Hours,District 3 (Northwest),SIOUX CITY,WOODBURY,,26TH ST & COURT ST,Collision with:  Vehicle in traffic,On Roadway,Rear-end (front to rear),Other (explain in narrative):  Other,None Indicated,,Daylight,Dry,Clear,None apparent,Intersection:  Four-way intersection,Paved,,Possible/Unknown,0,1,0,0,1,0,1500,2,3,,POINT (-96.396044335242 42.516687987432)
2014822974,148022,10/21/2014,10-October,3-Tuesday,18:36,1800 Hours,District 4 (Southwest),,DALLAS,US 6,US 6,Collision with:  Animal,,,Animal,None Indicated,,,,,,,Paved,,Property Damage Only,0,0,0,0,0,0,4000,1,1,,POINT (-93.912143356788 41.614627887469)
2014823247,2014-73753,10/21/2014,10-October,3-Tuesday,09:00,0900 Hours,District 6 (East Central),DAVENPORT,SCOTT,,E 10TH ST,Collision with:  Vehicle in traffic,On Roadway,Rear-end (front to rear),Improper Backing,None Indicated,,Daylight,Dry,Clear,None apparent,Non-intersection:  Non-junction/no special feature,Paved,,Property Damage Only,0,0,0,0,0,0,6000,2,2,,POINT (-90.558578306995 41.530100081352)
2014822771,20140031308,10/21/2014,10-October,3-Tuesday,16:56,1600 Hours,District 1 (Central),DES MOINES,POLK,,MLK JR PKWY & INGERSOLL AVE,Collision with:  Vehicle in traffic,On Roadway,Head-on (front to front),FTYROW:  Making left turn,None Indicated,,Daylight,Dry,Cloudy,None apparent,Intersection:  Four-way intersection,Paved,,Property Damage Only,0,0,0,0,0,0,5000,2,2,,POINT (-93.644777356589 41.585741818722)
2014822722,W14-105006,10/21/2014,10-October,3-Tuesday,15:28,1500 Hours,District 2 (Northeast),WATERLOO,BLACK HAWK,,KINGSLEY AVE,Collision with:  Parked motor vehicle,On Roadway,Rear-end (front to rear),Other (explain in narrative):  Other,None Indicated,,Daylight,Dry,Clear,None apparent,Non-intersection:  Non-junction/no special feature,Paved,,Property Damage Only,0,0,0,0,0,0,2500,2,3,,POINT (-92.35708168496 42.484804290084)
2014825023,J14211330,10/21/2014,10-October,3-Tuesday,13:20,1300 Hours,District 2 (Northeast),,FRANKLIN,,LARK AVE,Collision with fixed object:  Ditch,,,Ran off road - left,None Indicated,,,,,,,Unpaved,,Property Damage Only,0,0,0,0,0,0,30000,1,1,,POINT (-93.281181758873 42.813131122511)
2014823300,14159753,10/21/2014,10-October,3-Tuesday,01:45,0100 Hours,District 6 (East Central),TIFFIN,JOHNSON,I-80,I-80,Collision with:  Parked motor vehicle,Outside trafficway,"Sideswipe, same direction",Other (explain in narrative):  Other,None Indicated,,Dark - roadway lighted,Dry,Clear,None apparent,Interchange-related:  On-ramp,Paved,,Property Damage Only,0,0,0,0,0,0,3000,2,3,,POINT (-91.679460725975 41.694264036636)
2014823124,14-004584,10/21/2014,10-October,3-Tuesday,18:15,1800 Hours,District 1 (Central),ANKENY,POLK,US 69,US 69/S ANKENY BLVD & SE MAGAZINE RD & SW MAGAZINE RD,Collision with:  Non-motorist (see non-motorist section - NOT a unit),On Roadway,Non-collision (single vehicle),FTYROW:  To pedestrian,None Indicated,,Dusk,Dry,Cloudy,None apparent,Intersection:  Four-way intersection,Paved,,Minor Injury,0,1,0,1,0,0,600,1,1,,POINT (-93.600457277847 41.717360222518)
2014822860,14-044842,10/21/2014,10-October,3-Tuesday,21:18,2100 Hours,District 4 (Southwest),COUNCIL BLUFFS,POTTAWATTAMIE,US 6,US 6/KANESVILLE BLVD & N 2ND ST,Non-collision events:  Other non-collision (explain in narrative),On Roadway,Non-collision (single vehicle),FTYROW:  To pedestrian,None Indicated,,Dark - roadway lighted,Dry,Clear,None apparent,Non-intersection:  Non-junction/no special feature,Paved,,Minor Injury,0,1,0,1,0,0,0,1,1,,POINT (-95.847062838274 41.263819563939)
2014823171,14-004963,10/21/2014,10-October,3-Tuesday,09:01,0900 Hours,District 1 (Central),AMES,STORY,,SE 16TH ST & S DAYTON AVE,Collision with:  Vehicle in traffic,On Roadway,"Angle, oncoming left turn",Ran Traffic Signal,None Indicated,,Daylight,Dry,Clear,None apparent,Intersection:  Four-way intersection,Paved,,Minor Injury,0,1,0,1,0,0,16998,2,2,,POINT (-93.586628717421 42.008262224218)
2014823494,C14003342,10/21/2014,10-October,3-Tuesday,01:13,0100 Hours,District 6 (East Central),CORALVILLE,JOHNSON,US 6,US 6,Collision with:  Animal,On Roadway,Non-collision (single vehicle),Animal,None Indicated,,Dark - roadway not lighted,Dry,Clear,None apparent,Non-intersection:  Non-junction/no special feature,Paved,,Property Damage Only,0,0,0,0,0,0,3500,1,1,,POINT (-91.635992149107 41.703510669821)
2014823880,,10/21/2014,10-October,3-Tuesday,11:55,1100 Hours,District 4 (Southwest),,ADAIR,,Co Rd N77/KENT AVE,Non-collision events:  Overturn/rollover,Roadside,Non-collision (single vehicle),Crossed centerline (undivided),Alcohol (Statutory),,Daylight,Dry,Clear,None apparent,Non-intersection:  Non-junction/no special feature,Unpaved,,Possible/Unknown,0,1,0,0,1,0,5150,1,2,,POINT (-94.509363074119 41.454803576234)
2014823172,14-004969,10/21/2014,10-October,3-Tuesday,18:45,1800 Hours,District 1 (Central),AMES,STORY,,MORTENSON RD,Collision with:  Vehicle in traffic,On Roadway,Rear-end (front to rear),Driving too fast for conditions,None Indicated,,Dark - roadway lighted,Dry,Clear,None apparent,Intersection:  Four-way intersection,Paved,,Property Damage Only,0,0,0,0,0,0,4000,2,3,,POINT (-93.678895573403 42.012103786768)
2014822582,20140031265,10/21/2014,10-October,3-Tuesday,10:00,1000 Hours,District 1 (Central),DES MOINES,POLK,,UNIVERSITY AVE,Non-collision events:  Other non-collision (explain in narrative),On Roadway,"Sideswipe, opposite direction",Swerving/Evasive Action,None Indicated,,Daylight,Dry,Clear,None apparent,Non-intersection:  Non-junction/no special feature,Paved,,Property Damage Only,0,0,0,0,0,0,11000,4,777,,POINT (-93.6526387607 41.600361244681)
2014823802,14014977,10/21/2014,10-October,3-Tuesday,20:00,2000 Hours,District 5 (Southeast),,APPANOOSE,,Co Rd J46/HWY J46,Collision with:  Animal,On Roadway,Non-collision (single vehicle),Animal,None Indicated,,Dark - roadway not lighted,Dry,Cloudy,None apparent,Non-intersection:  Non-junction/no special feature,Paved,,Property Damage Only,0,0,0,0,0,0,2500,1,1,,POINT (-93.024389030449 40.681393645354)
2014823809,14-032721,10/21/2014,10-October,3-Tuesday,22:07,2200 Hours,District 5 (Southeast),,LEE,,Co Rd J40/CO RD 103,Collision with:  Vehicle in traffic,On Roadway,Rear-end (front to rear),Swerving/Evasive Action,None Indicated,,Dark - roadway not lighted,Dry,Clear,None apparent,Non-intersection:  Non-junction/no special feature,Paved,,Possible/Unknown,0,2,0,0,2,0,6500,2,3,,POINT (-91.402180353239 40.706029528961)
2014823540,10-14-195,10/21/2014,10-October,3-Tuesday,14:45,1400 Hours,District 3 (Northwest),LE MARS,PLYMOUTH,,5TH AVE SW,Collision with:  Vehicle in traffic,On Roadway,Rear-end (front to rear),Followed too close,None Indicated,,Daylight,Dry,Clear,None apparent,Non-intersection:  Non-junction/no special feature,Paved,,Property Damage Only,0,0,0,0,0,0,10000,2,4,,POINT (-96.173746261283 42.788681201699)
2014822757,14-004553,10/21/2014,10-October,3-Tuesday,08:20,0800 Hours,District 1 (Central),ANKENY,POLK,,NW 18TH ST,Collision with:  Vehicle in traffic,On Roadway,Rear-end (front to rear),Other (explain in narrative):  Other,None Indicated,,Daylight,Dry,Clear,None apparent,Non-intersection:  Non-junction/no special feature,Paved,,Property Damage Only,0,0,0,0,0,0,4700,2,3,,POINT (-93.618335105717 41.746376132216)
2014822723,W14-105050,10/21/2014,10-October,3-Tuesday,18:12,1800 Hours,District 2 (Northeast),WATERLOO,BLACK HAWK,US 63,US 63/SE RAMP CURV & W 6TH ST,Collision with:  Vehicle in traffic,On Roadway,Rear-end (front to rear),Followed too close,None Indicated,,Dusk,Dry,Clear,None apparent,Intersection:  Four-way intersection,Paved,,Property Damage Only,0,0,0,0,0,0,4500,2,2,,POINT (-92.340489558758 42.49134732054)
2014822809,146214,10/22/2014,10-October,4-Wednesday,06:25,0600 Hours,District 1 (Central),,HARDIN,US 20,US 20,Collision with:  Animal,,,Animal,None Indicated,,,,,,,Paved,,Property Damage Only,0,0,0,0,0,0,7000,1,1,,POINT (-93.371498083654 42.447712302171)
2014822936,14-35008,10/22/2014,10-October,4-Wednesday,17:09,1700 Hours,District 3 (Northwest),SIOUX CITY,WOODBURY,IA 376,IA 376/S LEWIS BLVD & LINCOLN WAY,Collision with:  Vehicle in traffic,On Roadway,Rear-end (front to rear),Other (explain in narrative):  Other,None Indicated,,Daylight,Wet,Rain,None apparent,Intersection:  T-intersection,Paved,,Possible/Unknown,0,1,0,0,1,0,7000,2,5,,POINT (-96.3761132319 42.459180456451)
2014823068,14-044951,10/22/2014,10-October,4-Wednesday,14:40,1400 Hours,District 4 (Southwest),COUNCIL BLUFFS,POTTAWATTAMIE,,AVE G & N 34TH ST,Collision with:  Vehicle in traffic,On Roadway,Broadside (front to side),FTYROW:  From stop sign,None Indicated,,Daylight,Dry,Cloudy,None apparent,Intersection:  Four-way intersection,Paved,,Property Damage Only,0,0,0,0,0,0,2000,2,4,,POINT (-95.899378131409 41.268114842723)
2014826309,,10/22/2014,10-October,4-Wednesday,09:08,0900 Hours,District 5 (Southeast),FORT MADISON,LEE,,15TH ST & AVE G,Collision with:  Vehicle in traffic,On Roadway,Broadside (front to side),Unknown,None Indicated,,Daylight,Dry,Clear,None apparent,Non-intersection:  Non-junction/no special feature,Paved,,Possible/Unknown,0,1,0,0,0,1,1000,2,2,,POINT (-91.324582599841 40.631080159031)
2014822823,2014011847,10/22/2014,10-October,4-Wednesday,14:20,1400 Hours,District 6 (East Central),IOWA CITY,JOHNSON,IA 1,IA 1/E BURLINGTON ST & S CLINTON ST,Collision with:  Vehicle in traffic,On Roadway,Rear-end (front to rear),Other (explain in narrative):  Other,None Indicated,,Daylight,Dry,Clear,None apparent,Intersection:  Four-way intersection,Paved,,Property Damage Only,0,0,0,0,0,0,1550,2,2,,POINT (-91.534616555425 41.657894865756)
2014822762,20140031383,10/22/2014,10-October,4-Wednesday,10:23,1000 Hours,District 1 (Central),DES MOINES,POLK,,UNIVERSITY AVE & 35TH ST,Collision with:  Vehicle in traffic,On Roadway,Rear-end (front to rear),Lost Control,None Indicated,,Daylight,Dry,Cloudy,None apparent,Non-intersection:  Non-junction/no special feature,Paved,,Property Damage Only,0,0,0,0,0,0,4500,2,3,,POINT (-93.664182389545 41.600340170339)
2014823893,,10/22/2014,10-October,4-Wednesday,12:15,1200 Hours,District 6 (East Central),DAVENPORT,SCOTT,,IA 461/BRADY ST & E 35TH ST,Collision with:  Vehicle in traffic,Outside trafficway,"Sideswipe, same direction",Unknown,None Indicated,,Daylight,Dry,Clear,,Non-intersection:  Driveway access (within),Paved,,Property Damage Only,0,0,0,0,0,0,2000,2,2,,POINT (-90.568957647614 41.554736435218)
2014822938,14-35011,10/22/2014,10-October,4-Wednesday,17:22,1700 Hours,District 3 (Northwest),SIOUX CITY,WOODBURY,,W 3RD ST & SIOUX ST,Collision with:  Vehicle in traffic,On Roadway,"Sideswipe, same direction",FTYROW:  From parked position,None Indicated,,Daylight,Wet,Cloudy,None apparent,Non-intersection:  Non-junction/no special feature,Paved,,Property Damage Only,0,0,0,0,0,0,5000,2,2,,POINT (-96.416506692519 42.497295778178)
2014822902,14-004567,10/22/2014,10-October,4-Wednesday,07:21,0700 Hours,District 1 (Central),ANKENY,POLK,,SE 90TH ST,Collision with:  Animal,,,Animal,None Indicated,,,,,,,Paved,,Property Damage Only,0,0,0,0,0,0,1500,1,1,,POINT (-93.570965302506 41.65858605591)
2014826542,14-089,10/22/2014,10-October,4-Wednesday,18:03,1800 Hours,District 3 (Northwest),SIOUX CENTER,SIOUX,US 75,US 75/N MAIN AVE,Collision with:  Vehicle in traffic,On Roadway,Rear-end (front to rear),Followed too close,None Indicated,,Daylight,Wet,Rain,None apparent,Non-intersection:  Non-junction/no special feature,Paved,,Property Damage Only,0,0,0,0,0,0,7500,2,3,,POINT (-96.175715195774 43.084584914868)
2014822919,20140031420,10/22/2014,10-October,4-Wednesday,16:00,1600 Hours,District 1 (Central),DES MOINES,POLK,,SAYLOR RD,Collision with:  Vehicle in traffic,On Roadway,"Angle, oncoming left turn",Other (explain in narrative):  Other,None Indicated,,Daylight,Dry,Clear,None apparent,Intersection:  Four-way intersection,Paved,,Property Damage Only,0,0,0,0,0,0,5000,2,2,,POINT (-93.611586284063 41.612962889773)
2014823886,,10/22/2014,10-October,4-Wednesday,09:37,0900 Hours,District 6 (East Central),CEDAR RAPIDS,LINN,,BLAIRS FERRY RD,Collision with:  Vehicle in traffic,On Roadway,"Sideswipe, same direction",Unknown,None Indicated,,Daylight,Dry,Clear,,Non-intersection:  Non-junction/no special feature,Paved,,Property Damage Only,0,0,0,0,0,0,4700,2,2,,POINT (-91.701682834295 42.034742480824)