Iowa DOT Case Number,Law Enforcement Case Number,Date of Crash,Month of Crash,Day of Week,Time of Crash,Hour,DOT District,City Name,County Name,Route with System,Location Description,First Harmful Event,Location of First Harmful Event,Manner of Crash/Collision,Major Cause,Drug or Alcohol ,Environmental Conditions,Light Conditions,Surface Conditions,Weather Conditions,Roadway Contribution,Roadway Type,Roadway Surface,Work Zone,Crash Severity,Number of Fatalities,Number of Injuries,Number of Major Injuries,Number of Minor Injuries,Number of Possible Injuries,Number of Unknown Injuries,Amount of Property Damage,Number of Vehicles Involved,Total Number of Occupants,Travel Direction,Location
2014825003,2014-73915,10/22/2014,10-October,4-Wednesday,09:37,0900 Hours,District 6 (East Central),DAVENPORT,SCOTT,US 61,US 61/HARRISON ST,Collision with fixed object:  Concrete traffic barrier (median or right side),On Roadway,Non-collision (single vehicle),Other (explain in narrative):  Vision obstructed,None Indicated,,Daylight,Dry,Clear,None apparent,Non-intersection:  Alley,Paved,,Possible/Unknown,0,1,0,0,1,0,500,1,2,,POINT (-96.643700149993 40.233091251414)
2014823053,14-28065,10/22/2014,10-October,4-Wednesday,12:27,1200 Hours,District 1 (Central),,JASPER,,N 99TH AVE W,Non-collision events:  Overturn/rollover,On Roadway,Non-collision (single vehicle),Ran off road - right,None Indicated,,Daylight,"Mud, dirt",Clear,"Surface condition (e.g., wet, icy)",Non-intersection:  Non-junction/no special feature,Unpaved,,Fatal,1,0,0,0,0,0,250,1,1,,POINT (-93.299307383376 41.834666532716)
2014823971,14006634,10/22/2014,10-October,4-Wednesday,17:34,1700 Hours,District 2 (Northeast),,CERRO GORDO,US 65,US 65 & Co Rd B20/300TH ST,Collision with fixed object:  Utility pole/light support,Shoulder,Non-collision (single vehicle),Exceeded authorized speed,Under Influence of Alcohol/Drugs/Medications,,Daylight,Dry,Cloudy,None apparent,Intersection:  T-intersection,Paved,,Property Damage Only,0,0,0,0,0,0,4100,1,1,,POINT (-93.209869803271 43.191227347916)
2014831294,2014059707,10/22/2014,10-October,4-Wednesday,03:30,0300 Hours,District 1 (Central),,POLK,I-35,I-35,Collision with:  Animal,Roadside,Non-collision (single vehicle),Animal,None Indicated,,Dark - roadway not lighted,Dry,Clear,None apparent,Non-intersection:  Non-junction/no special feature,Paved,,Property Damage Only,0,0,0,0,0,0,2000,1,1,,POINT (-93.571135702787 41.852857207333)
2014823607,14-105407,10/22/2014,10-October,4-Wednesday,20:52,2000 Hours,District 2 (Northeast),EVANSDALE,BLACK HAWK,,AYERS AVE,Collision with fixed object:  Other fixed object (explain in narrative),Outside trafficway,Non-collision (single vehicle),"Operating vehicle in an reckless, erratic, careless, negligent manner",None Indicated,,Dark - roadway lighted,Dry,Cloudy,None apparent,Non-intersection:  Non-junction/no special feature,Paved,,Property Damage Only,0,0,0,0,0,0,2000,1,1,,POINT (-92.290912073915 42.467834219558)
2014823680,14-014734,10/22/2014,10-October,4-Wednesday,19:36,1900 Hours,District 2 (Northeast),MAYNARD,FAYETTE,IA 150,IA 150/P AVE,Collision with:  Animal,,Non-collision (single vehicle),Animal,None Indicated,,,,,,,Paved,,Property Damage Only,0,0,0,0,0,0,1500,1,1,,POINT (-91.90262371954 42.753150441208)
2014822736,14160332,10/22/2014,10-October,4-Wednesday,06:54,0600 Hours,District 6 (East Central),CEDAR RAPIDS,LINN,I-380,I-380,Collision with:  Vehicle in traffic,On Roadway,Rear-end (front to rear),Followed too close,None Indicated,,Dark - roadway not lighted,Dry,Clear,None apparent,Interchange-related:  Off-ramp,Paved,,Property Damage Only,0,0,0,0,0,0,8000,2,2,,POINT (-91.669275186009 41.889511274624)
2014822858,CL14003752,10/22/2014,10-October,4-Wednesday,03:37,0300 Hours,District 6 (East Central),CLINTON,CLINTON,US 30,US 30,Non-collision events:  Overturn/rollover,On Roadway,Non-collision (single vehicle),Swerving/Evasive Action,None Indicated,,Dark - roadway not lighted,Dry,Clear,None apparent,Non-intersection:  Non-junction/no special feature,Paved,,Possible/Unknown,0,1,0,0,1,0,1500,1,1,,POINT (-90.328080008767 41.815552141442)
2014823285,1410202621,10/22/2014,10-October,4-Wednesday,19:08,1900 Hours,District 6 (East Central),,CLINTON,US 30,US 30 & 330 AVE,Collision with:  Vehicle in traffic,On Roadway,Broadside (front to side),FTYROW:  From stop sign,None Indicated,,Dark - roadway not lighted,Dry,Clear,None apparent,Intersection:  Four-way intersection,Paved,,Property Damage Only,0,0,0,0,0,0,10200,2,3,,POINT (-90.451812832007 41.815249411013)
2014822920,20140031447,10/22/2014,10-October,4-Wednesday,20:28,2000 Hours,District 1 (Central),DES MOINES,POLK,US 69,US 69/E 14TH ST & E MADISON AVE,Collision with:  Vehicle in traffic,On Roadway,Rear-end (front to rear),"Operating vehicle in an reckless, erratic, careless, negligent manner",Refused,,Dark - roadway lighted,Dry,Clear,None apparent,Intersection:  Four-way intersection,Paved,,Property Damage Only,0,0,0,0,0,0,6000,2,2,,POINT (-93.600527699432 41.633170299949)
2014822904,14-004571,10/22/2014,10-October,4-Wednesday,09:15,0900 Hours,District 1 (Central),ANKENY,POLK,US 69,US 69/N ANKNEY BLVD/N ANKENY BLVD & NE 36TH ST & NW 36TH ST,Collision with:  Vehicle in traffic,On Roadway,Rear-end (front to rear),Unknown,None Indicated,,Daylight,Dry,Cloudy,None apparent,Non-intersection:  Non-junction/no special feature,Paved,,Property Damage Only,0,0,0,0,0,0,2500,2,2,,POINT (-93.600248751808 41.760820189172)
2014822944,2014011858,10/22/2014,10-October,4-Wednesday,17:21,1700 Hours,District 6 (East Central),IOWA CITY,JOHNSON,IA 1,IA 1/N DODGE ST & NORTHGATE DR,Collision with:  Vehicle in traffic,On Roadway,Rear-end (front to rear),"Operating vehicle in an reckless, erratic, careless, negligent manner",None Indicated,,Daylight,Dry,Clear,None apparent,Non-intersection:  Non-junction/no special feature,Paved,,Minor Injury,0,1,0,1,0,0,21000,4,4,,POINT (-91.496569990086 41.691377119537)
2014823615,2014-038954,10/22/2014,10-October,4-Wednesday,08:08,0800 Hours,District 6 (East Central),DUBUQUE,DUBUQUE,,MC POLAND ST & PENNSYLVANIA AVE,Collision with:  Vehicle in traffic,On Roadway,Head-on (front to front),Crossed centerline (undivided),None Indicated,,Daylight,Dry,Clear,None apparent,Intersection:  T-intersection,Paved,,Property Damage Only,0,0,0,0,0,0,6000,2,4,,POINT (-90.703044194913 42.500156047212)
2014822953,14-37787,10/22/2014,10-October,4-Wednesday,15:38,1500 Hours,District 5 (Southeast),BURLINGTON,DES MOINES,US 61,US 61 & MASON RD,Collision with:  Vehicle in traffic,On Roadway,Broadside (front to side),FTYROW:  Making left turn,None Indicated,,Daylight,Dry,Clear,None apparent,Intersection:  Four-way intersection,Paved,,Property Damage Only,0,0,0,0,0,0,3500,2,3,,POINT (-91.141700200115 40.796766514429)
2014822903,14-004570,10/22/2014,10-October,4-Wednesday,08:58,0800 Hours,District 1 (Central),ANKENY,POLK,IA 415,IA 415/SW ORALABOR RD,Collision with:  Vehicle in traffic,On Roadway,Rear-end (front to rear),Followed too close,None Indicated,,Daylight,Dry,Clear,None apparent,Non-intersection:  Non-junction/no special feature,Paved,,Property Damage Only,0,0,0,0,0,0,5000,2,3,,POINT (-93.62483205369 41.7031882625)
2014823085,14018574,10/22/2014,10-October,4-Wednesday,15:44,1500 Hours,District 2 (Northeast),MASON CITY,CERRO GORDO,IA 122,IA 122/4TH ST SE,Collision with:  Vehicle in traffic,On Roadway,Rear-end (front to rear),Other (explain in narrative):  Other,None Indicated,,Daylight,Dry,Cloudy,None apparent,Non-intersection:  Non-junction/no special feature,Paved,,Possible/Unknown,0,1,0,0,1,0,6400,5,6,,POINT (-93.179161061427 43.148110450535)
2014822899,14-6964,10/22/2014,10-October,4-Wednesday,15:32,1500 Hours,District 1 (Central),GRIMES,POLK,,N JAMES ST,Collision with:  Vehicle in traffic,On Roadway,Rear-end (front to rear),Followed too close,None Indicated,,Daylight,Dry,Cloudy,None apparent,Non-intersection:  Non-junction/no special feature,Paved,,Property Damage Only,0,0,0,0,0,0,7000,2,3,,POINT (-93.794601601977 41.694582874458)
2014823571,S7514002505,10/22/2014,10-October,4-Wednesday,15:55,1500 Hours,District 3 (Northwest),,PLYMOUTH,,JUNIPER AVE,Collision with fixed object:  Ditch,On Roadway,Non-collision (single vehicle),Ran off road - right,None Indicated,,Daylight,"Mud, dirt",Cloudy,None apparent,Non-intersection:  Non-junction/no special feature,Unpaved,,Property Damage Only,0,0,0,0,0,0,110000,1,1,,POINT (-96.253403837255 42.897645765773)
2014823222,W-14-2297,10/22/2014,10-October,4-Wednesday,15:16,1500 Hours,District 2 (Northeast),WAUKON,ALLAMAKEE,IA 9,IA 9/ALLAMAKEE ST,Collision with:  Parked motor vehicle,Roadside,"Sideswipe, same direction",Other (explain in narrative):  Other,None Indicated,,Daylight,Dry,Clear,None apparent,Non-intersection:  Non-junction/no special feature,Paved,,Property Damage Only,0,0,0,0,0,0,2000,2,2,,POINT (-91.475548945853 43.269975180208)
2014822943,2014011857,10/22/2014,10-October,4-Wednesday,17:36,1700 Hours,District 6 (East Central),IOWA CITY,JOHNSON,I-80,I-80 & IA 1/N DODGE ST,Collision with:  Vehicle in traffic,On Roadway,Rear-end (front to rear),Followed too close,None Indicated,,Daylight,Dry,Clear,None apparent,Intersection:  Four-way intersection,Paved,,Property Damage Only,0,0,0,0,0,0,13500,4,5,,POINT (-91.498607216078 41.68799919053)
2014822861,14-3370,10/22/2014,10-October,4-Wednesday,07:50,0700 Hours,District 1 (Central),FORT DODGE,WEBSTER,,2ND AVE S & S 4TH ST,Collision with:  Vehicle in traffic,On Roadway,Rear-end (front to rear),Other (explain in narrative):  Other,None Indicated,,Dawn,Dry,Cloudy,None apparent,Intersection:  Four-way intersection,Paved,,Property Damage Only,0,0,0,0,0,0,11600,3,3,,POINT (-94.192230902826 42.502326171242)
2014823173,14004979,10/22/2014,10-October,4-Wednesday,15:38,1500 Hours,District 1 (Central),AMES,STORY,,6TH ST & E 6TH ST & DUFF AVE,Collision with:  Vehicle in traffic,On Roadway,Rear-end (front to rear),Other (explain in narrative):  Other,None Indicated,,Daylight,Dry,Cloudy,None apparent,Intersection:  Four-way intersection,Paved,,Possible/Unknown,0,1,0,0,1,0,500,2,2,,POINT (-93.610476925009 42.0269616342)
2014824358,14-001300,10/22/2014,10-October,4-Wednesday,14:00,1400 Hours,District 1 (Central),JOHNSTON,POLK,,MERLE HAY RD,Collision with:  Vehicle in traffic,On Roadway,"Sideswipe, same direction",FTYROW:  Making right turn on red signal,None Indicated,,Daylight,Dry,Clear,None apparent,Intersection:  Four-way intersection,Paved,,Property Damage Only,0,0,0,0,0,0,8000,2,3,,POINT (-93.697633272257 41.654473323969)
2014822862,14-3374,10/22/2014,10-October,4-Wednesday,12:17,1200 Hours,District 1 (Central),FORT DODGE,WEBSTER,,1ST AVE S & S 17TH ST,Collision with:  Vehicle in traffic,On Roadway,Broadside (front to side),FTYROW:  From stop sign,None Indicated,,Daylight,Dry,Clear,None apparent,Intersection:  Four-way intersection,Paved,,Property Damage Only,0,0,0,0,0,0,9000,3,2,,POINT (-94.174952266723 42.505125297374)
2014823872,,10/22/2014,10-October,4-Wednesday,16:32,1600 Hours,District 4 (Southwest),,ADAIR,IA 92,IA 92/IOWA 92/RICHLAND RD & ADAIR-CASS AVE,,Outside trafficway,Non-collision (single vehicle),FTYROW:  Other (explain in narrative),None Indicated,,Daylight,Other (explain in narrative),Cloudy,None apparent,Intersection:  T-intersection,Paved,,Minor Injury,0,2,0,2,0,0,12000,2,3,,POINT (-94.700419125835 41.258699505077)
2014823254,,10/22/2014,10-October,4-Wednesday,08:06,0800 Hours,District 5 (Southeast),FORT MADISON,LEE,,AVE E & 20TH ST,Collision with:  Vehicle in traffic,On Roadway,Broadside (front to side),Ran Stop Sign,None Indicated,,Daylight,Dry,Clear,None apparent,Intersection:  Four-way intersection,Paved,,Property Damage Only,0,0,0,0,0,0,2000,2,3,,POINT (-91.333444023392 40.633244269623)
2014836498,032-100-14,10/22/2014,10-October,4-Wednesday,02:15,0200 Hours,District 3 (Northwest),ESTHERVILLE,EMMET,,21ST AVE N & DAN BUR DR,Collision with:  Parked motor vehicle,On Roadway,Rear-end (front to rear),Lost Control,Alcohol (Statutory),,Dark - roadway lighted,Dry,Clear,None apparent,Intersection:  Other intersection (explain in narrative),Paved,,Property Damage Only,0,0,0,0,0,0,12100,2,1,,POINT (-94.826671379684 43.420114558025)
2014823545,2014-21454,10/22/2014,10-October,4-Wednesday,17:12,1700 Hours,District 6 (East Central),,SCOTT,US 61,US 61,Collision with fixed object:  Ditch,Shoulder,Non-collision (single vehicle),Swerving/Evasive Action,None Indicated,,Daylight,Dry,Clear,None apparent,Non-intersection:  Non-junction/no special feature,Paved,,Minor Injury,0,1,0,1,0,0,3000,1,1,,POINT (-90.741480333764 41.50908061003)
2014823011,2014059846,10/22/2014,10-October,4-Wednesday,18:18,1800 Hours,District 4 (Southwest),ATLANTIC,CASS,US 6,US 6/7TH ST & 10TH ST,Collision with:  Vehicle in traffic,On Roadway,Broadside (front to side),FTYROW:  From stop sign,None Indicated,,Daylight,Dry,Clear,None apparent,Intersection:  T-intersection,Paved,,Fatal,1,1,0,1,0,0,14000,2,3,,POINT (-95.028318583938 41.401445085714)
2014823469,14-009288,10/22/2014,10-October,4-Wednesday,20:22,2000 Hours,District 4 (Southwest),,CASS,I-80,I-80,Collision with:  Animal,On Roadway,Non-collision (single vehicle),Animal,None Indicated,,Dark - roadway not lighted,Dry,Clear,None apparent,Non-intersection:  Non-junction/no special feature,Paved,,Property Damage Only,0,0,0,0,0,0,12000,1,4,,POINT (-95.135599044035 41.49858638159)
2014829212,,10/22/2014,10-October,4-Wednesday,12:47,1200 Hours,District 5 (Southeast),CHARITON,LUCAS,,LINDEN AVE,Collision with:  Vehicle in traffic,On Roadway,Broadside (front to side),FTYROW:  Other (explain in narrative),None Indicated,,Daylight,Dry,Clear,Obstruction in roadway,Non-intersection:  Non-junction/no special feature,Paved,,Property Damage Only,0,0,0,0,0,0,1600,2,4,,POINT (-93.304455067159 41.013316897647)
2014822752,14-6945,10/22/2014,10-October,4-Wednesday,08:46,0800 Hours,District 1 (Central),DES MOINES,POLK,US 69,US 69/NE 14TH ST,Collision with:  Vehicle in traffic,On Roadway,Rear-end (front to rear),Lost Control,None Indicated,,Daylight,Dry,Clear,None apparent,Non-intersection:  Non-junction/no special feature,Paved,,Property Damage Only,0,0,0,0,0,0,2800,2,3,,POINT (-93.600527840894 41.65646283496)
2014823657,2014059781,10/22/2014,10-October,4-Wednesday,13:08,1300 Hours,District 3 (Northwest),,CALHOUN,,Co Rd D15/190TH ST,Collision with fixed object:  Ditch,Outside trafficway,Non-collision (single vehicle),Ran off road - right,None Indicated,,Daylight,Dry,Clear,None apparent,Non-intersection:  Non-junction/no special feature,Paved,,Major Injury,0,1,1,0,0,0,6000,1,1,,POINT (-94.681535255566 42.516803986284)
2014823220,CL14003754,10/22/2014,10-October,4-Wednesday,10:44,1000 Hours,District 6 (East Central),CLINTON,CLINTON,,S 7TH ST,Collision with fixed object:  Curb/island/raised median,On Roadway,Non-collision (single vehicle),Exceeded authorized speed,None Indicated,,Daylight,Dry,Clear,None apparent,Non-intersection:  Non-junction/no special feature,Paved,,Property Damage Only,0,0,0,0,0,0,9500,1,2,,POINT (-90.201856355278 41.837661584834)
2014822761,20140031380,10/22/2014,10-October,4-Wednesday,10:30,1000 Hours,District 1 (Central),DES MOINES,POLK,US 69,US 69/E 15TH ST & DES MOINES ST,Collision with:  Vehicle in traffic,On Roadway,Rear-end (front to rear),Made improper turn,None Indicated,,Daylight,Dry,Clear,None apparent,Non-intersection:  Non-junction/no special feature,Paved,,Minor Injury,0,1,0,1,0,0,1600,3,4,,POINT (-93.595710216158 41.595004768881)
2014822963,14-3380,10/22/2014,10-October,4-Wednesday,17:12,1700 Hours,District 1 (Central),FORT DODGE,WEBSTER,,KENYON RD & FT MUSEUM RD,Collision with:  Vehicle in traffic,On Roadway,Rear-end (front to rear),Driver Distraction:  Manual operation of an electronic communication device,None Indicated,,Daylight,Dry,Clear,None apparent,Non-intersection:  Driveway access (within),Paved,,Possible/Unknown,0,1,0,0,1,0,3000,2,2,,POINT (-94.198403707786 42.487150196277)
2014822778,14-0944,10/22/2014,10-October,4-Wednesday,06:50,0600 Hours,District 1 (Central),WINDSOR HEIGHTS,POLK,I-235,I-235,Collision with:  Vehicle in traffic,On Roadway,Rear-end (front to rear),Other (explain in narrative):  Other,None Indicated,,Dark - roadway lighted,Dry,Clear,None apparent,Interchange-related:  Off-ramp,Paved,,Property Damage Only,0,0,0,0,0,0,3000,2,2,,POINT (-93.703854317781 41.592655157633)
2014822992,14-21456,10/22/2014,10-October,4-Wednesday,17:55,1700 Hours,District 6 (East Central),,SCOTT,,Co Rd F33/300 ST,Collision with:  Vehicle in traffic,On Roadway,"Angle, oncoming left turn",Other (explain in narrative):  Other,None Indicated,,Daylight,Dry,Clear,None apparent,Non-intersection:  Non-junction/no special feature,Paved,,Property Damage Only,0,0,0,0,0,0,95000,2,2,,POINT (-90.472351646964 41.742655669097)
2014840790,,10/22/2014,10-October,4-Wednesday,08:00,0800 Hours,District 4 (Southwest),,UNION,,,Collision with fixed object:  Other fixed object (explain in narrative),,,Unknown,None Indicated,,,,,,,,,Property Damage Only,0,0,0,0,0,0,1970,1,1,,POINT (-96.643700149993 40.233091251414)
2014823255,,10/22/2014,10-October,4-Wednesday,17:50,1700 Hours,District 1 (Central),COLFAX,JASPER,,W SPRING ST & MADISON ST,Collision with:  Vehicle in traffic,On Roadway,Broadside (front to side),FTYROW:  From stop sign,None Indicated,,Daylight,Dry,Clear,None apparent,Intersection:  Four-way intersection,Paved,,Property Damage Only,0,0,0,0,0,0,6000,2,2,,POINT (-93.251578662514 41.674491632146)
2014824167,14-20669,10/22/2014,10-October,4-Wednesday,17:37,1700 Hours,District 6 (East Central),BETTENDORF,SCOTT,US 67,US 67/RIVER DR/S GRANT ST & 6TH ST,Collision with:  Vehicle in traffic,On Roadway,"Angle, oncoming left turn",Ran Traffic Signal,None Indicated,,Daylight,Dry,Clear,None apparent,Intersection:  T-intersection,Paved,,Minor Injury,0,3,0,1,2,0,17000,2,5,,POINT (-90.524857577694 41.525524097695)
2014823249,2014-73903,10/22/2014,10-October,4-Wednesday,08:20,0800 Hours,District 6 (East Central),DAVENPORT,SCOTT,,E 53RD ST & UTICA RIDGE RD,Collision with:  Vehicle in traffic,On Roadway,Rear-end (front to rear),Followed too close,None Indicated,,Daylight,Dry,Clear,None apparent,Non-intersection:  Non-junction/no special feature,Paved,,Property Damage Only,0,0,0,0,0,0,5000,2,2,,POINT (-90.513376500316 41.574919231094)
2014822948,14-044997,10/22/2014,10-October,4-Wednesday,19:23,1900 Hours,District 4 (Southwest),COUNCIL BLUFFS,POTTAWATTAMIE,,23RD AVE & MID AMERICA DR,Collision with:  Vehicle in traffic,On Roadway,Rear-end (front to rear),Followed too close,None Indicated,,Dark - roadway lighted,Wet,Rain,None apparent,Non-intersection:  Non-junction/no special feature,Paved,,Possible/Unknown,0,2,0,0,2,0,4000,2,4,,POINT (-95.896635323273 41.240372420658)
2014823177,S14-10929,10/22/2014,10-October,4-Wednesday,15:06,1500 Hours,District 3 (Northwest),SIOUX CITY,WOODBURY,,MAYHEW AVE,Collision with:  Vehicle in traffic,On Roadway,Rear-end (front to rear),Followed too close,None Indicated,,Daylight,Dry,Cloudy,None apparent,Non-intersection:  Non-junction/no special feature,Paved,,Property Damage Only,0,0,0,0,0,0,4500,2,3,,POINT (-96.342950756972 42.451410110609)
2014822941,2014011849,10/22/2014,10-October,4-Wednesday,15:16,1500 Hours,District 6 (East Central),IOWA CITY,JOHNSON,US 6,US 6 & S 1ST AVE,Collision with:  Vehicle in traffic,On Roadway,Rear-end (front to rear),Followed too close,None Indicated,,Daylight,Dry,Clear,None apparent,Intersection:  T-intersection,Paved,,Property Damage Only,0,0,0,0,0,0,1600,2,3,,POINT (-91.507436598767 41.640774297233)
2014822977,14-20646,10/22/2014,10-October,4-Wednesday,12:28,1200 Hours,District 6 (East Central),BETTENDORF,SCOTT,I-74,I-74,Collision with:  Vehicle in traffic,On Roadway,Rear-end (front to rear),Other (explain in narrative):  Vision obstructed,None Indicated,,Daylight,Dry,Clear,None apparent,Non-intersection:  Other non-intersection (explain in narrative),Paved,,Property Damage Only,0,0,0,0,0,0,1600,2,2,,POINT (-90.513271010231 41.522013682023)
2014822763,20140031403,10/22/2014,10-October,4-Wednesday,13:18,1300 Hours,District 1 (Central),DES MOINES,POLK,,42ND ST,Collision with:  Vehicle in traffic,On Roadway,Rear-end (front to rear),Followed too close,None Indicated,,Daylight,Dry,Cloudy,None apparent,Non-intersection:  Non-junction/no special feature,Paved,,Property Damage Only,0,0,0,0,0,0,9500,2,2,,POINT (-93.67438227271 41.595732141866)
2014822915,20140031448,10/22/2014,10-October,4-Wednesday,21:19,2100 Hours,District 1 (Central),DES MOINES,POLK,US 69,US 69/SE 14TH ST & PIONEER RD,Collision with fixed object:  Utility pole/light support,On Roadway,Non-collision (single vehicle),Exceeded authorized speed,None Indicated,,Dark - roadway lighted,Dry,Clear,None apparent,Non-intersection:  Non-junction/no special feature,Paved,,Minor Injury,0,2,0,2,0,0,70500,1,2,,POINT (-93.596919613668 41.566076156055)
2014824067,14015766,10/22/2014,10-October,4-Wednesday,16:54,1600 Hours,District 6 (East Central),,CEDAR,,PLUM AVE,Collision with fixed object:  Ditch,On Roadway,Non-collision (single vehicle),Ran off road - right,None Indicated,,Daylight,Dry,Clear,None apparent,Non-intersection:  Non-junction/no special feature,Unpaved,,Possible/Unknown,0,1,0,0,1,0,4000,1,2,,POINT (-91.064273830091 41.874195227434)
2014826335,,10/22/2014,10-October,4-Wednesday,00:00,0000 Hours,District 2 (Northeast),,WINNESHIEK,,220TH ST,Collision with:  Animal,On Roadway,Non-collision (single vehicle),Animal,None Indicated,,Dark - roadway not lighted,Dry,Cloudy,None apparent,Non-intersection:  Non-junction/no special feature,Unpaved,,Possible/Unknown,0,1,0,0,1,0,12000,1,1,,POINT (-92.015204444314 43.255436591581)
2014823560,14009406,10/22/2014,10-October,4-Wednesday,07:27,0700 Hours,District 6 (East Central),,BUCHANAN,US 20,US 20,Collision with:  Animal,,,Animal,None Indicated,,,,,,,Paved,,Property Damage Only,0,0,0,0,0,0,8000,1,1,,POINT (-91.914151876769 42.44822324283)
2014823901,W14-105306,10/22/2014,10-October,4-Wednesday,14:30,1400 Hours,District 2 (Northeast),WATERLOO,BLACK HAWK,,W 6TH ST,Collision with:  Animal,Shoulder,Non-collision (single vehicle),Animal,None Indicated,,Daylight,Dry,Clear,None apparent,Intersection:  Four-way intersection,Paved,,Property Damage Only,0,0,0,0,0,0,1500,1,1,,POINT (-92.347170612562 42.47258134579)
2014822949,14-045005,10/22/2014,10-October,4-Wednesday,20:33,2000 Hours,District 4 (Southwest),COUNCIL BLUFFS,POTTAWATTAMIE,US 6,US 6/W BROADWAY & IA 192/N 16TH ST & S 16TH ST,Collision with:  Vehicle in traffic,On Roadway,Rear-end (front to rear),Followed too close,None Indicated,,Dark - roadway lighted,Dry,Clear,None apparent,Intersection:  Four-way intersection,Paved,,Major Injury,0,1,1,0,0,0,3000,2,4,,POINT (-95.86755462272 41.261851565092)
2014831296,2014059863,10/22/2014,10-October,4-Wednesday,21:21,2100 Hours,District 1 (Central),,STORY,I-35,I-35,Collision with:  Animal,On Roadway,Non-collision (single vehicle),Animal,None Indicated,,Dark - roadway not lighted,Dry,Clear,None apparent,Non-intersection:  Non-junction/no special feature,Paved,,Minor Injury,0,1,0,1,0,0,5000,1,2,,POINT (-93.554104238786 42.12742694215)
2014822855,14-044870,10/22/2014,10-October,4-Wednesday,02:18,0200 Hours,District 4 (Southwest),COUNCIL BLUFFS,POTTAWATTAMIE,I-29,I-29,Collision with fixed object:  Concrete traffic barrier (median or right side),On Roadway,Non-collision (single vehicle),Ran off road - left,Drug/Alcohol (Statutory),,Dark - roadway lighted,Dry,Clear,None apparent,Non-intersection:  Non-junction/no special feature,Paved,,Property Damage Only,0,0,0,0,0,0,2000,1,1,,POINT (-95.897093235986 41.235884740001)
2014823877,,10/22/2014,10-October,4-Wednesday,21:35,2100 Hours,District 6 (East Central),DE WITT,CLINTON,,11TH ST,Collision with:  Animal,On Roadway,Non-collision (single vehicle),Animal,None Indicated,,Dark - roadway lighted,Dry,,None apparent,Non-intersection:  Non-junction/no special feature,Paved,,Property Damage Only,0,0,0,0,0,0,5000,1,1,,POINT (-90.56614720595 41.825655641944)
2014824921,14680834,10/22/2014,10-October,4-Wednesday,19:31,1900 Hours,District 5 (Southeast),,MONROE,IA 5,IA 5/IOWA 5 & 631ST LN,Collision with:  Animal,,,Animal,None Indicated,,,,,,,Paved,,Property Damage Only,0,0,0,0,0,0,3500,1,1,,POINT (-92.847550914211 41.068090571785)
2014823337,14-1264,10/22/2014,10-October,4-Wednesday,11:45,1100 Hours,District 1 (Central),CLIVE,POLK,,UNIVERSITY AVE,Collision with:  Vehicle in traffic,On Roadway,"Angle, oncoming left turn",FTYROW:  Making left turn,None Indicated,,Daylight,Dry,Cloudy,None apparent,Non-intersection:  Driveway access (within),Paved,,Possible/Unknown,0,2,0,0,2,0,7500,2,2,,POINT (-93.757950414045 41.600462765494)
2014823134,14-1263,10/22/2014,10-October,4-Wednesday,11:43,1100 Hours,District 1 (Central),CLIVE,POLK,US 6,US 6/HICKMAN RD,Collision with:  Vehicle in traffic,On Roadway,Rear-end (front to rear),Swerving/Evasive Action,None Indicated,,Daylight,Dry,Cloudy,None apparent,Non-intersection:  Non-junction/no special feature,Paved,,Property Damage Only,0,0,0,0,0,0,6500,2,2,,POINT (-93.752897891697 41.614862435976)
2014824762,14-071022-01,10/22/2014,10-October,4-Wednesday,05:40,0500 Hours,District 6 (East Central),,IOWA,US 6,US 6 & SS AVE,Collision with:  Animal,,,Animal,None Indicated,,,,,,,Paved,,Property Damage Only,0,0,0,0,0,0,4000,1,1,,POINT (-91.943235277658 41.771290576703)
2014822751,14-6941,10/22/2014,10-October,4-Wednesday,07:16,0700 Hours,District 1 (Central),POLK CITY,POLK,,N JAMES ST,Collision with:  Vehicle in traffic,Shoulder,Rear-end (front to rear),Ran off road - right,None Indicated,,Dawn,Dry,Clear,None apparent,Non-intersection:  Non-junction/no special feature,Paved,,Property Damage Only,0,0,0,0,0,0,5000,2,1,,POINT (-93.794610127303 41.703085461717)
2014823076,W14-105181,10/22/2014,10-October,4-Wednesday,07:18,0700 Hours,District 2 (Northeast),WATERLOO,BLACK HAWK,,E MITCHELL AVE & W 9TH ST,Collision with:  Vehicle in traffic,On Roadway,Rear-end (front to rear),Other (explain in narrative):  Other,None Indicated,,Daylight,Dry,Clear,None apparent,Non-intersection:  Non-junction/no special feature,Paved,,Possible/Unknown,0,1,0,0,1,0,5400,3,3,,POINT (-92.342480937993 42.47665220665)
2014823813,14-03927,10/22/2014,10-October,4-Wednesday,22:00,2200 Hours,District 5 (Southeast),,LEE,,BUS US 61,Collision with:  Animal,,,Animal,None Indicated,,,,,,,Paved,,Property Damage Only,0,0,0,0,0,0,3000,1,1,,POINT (-91.297108443265 40.642064563084)
2014822917,20140031411,10/22/2014,10-October,4-Wednesday,14:16,1400 Hours,District 1 (Central),DES MOINES,POLK,,EUCLID AVE & 30TH ST,Collision with:  Vehicle in traffic,On Roadway,Rear-end (front to rear),Followed too close,None Indicated,,Daylight,Dry,Clear,None apparent,Intersection:  T-intersection,Paved,,Property Damage Only,0,0,0,0,0,0,2000,3,3,,POINT (-93.658766568195 41.628266638885)