Iowa DOT Case Number,Law Enforcement Case Number,Date of Crash,Month of Crash,Day of Week,Time of Crash,Hour,DOT District,City Name,County Name,Route with System,Location Description,First Harmful Event,Location of First Harmful Event,Manner of Crash/Collision,Major Cause,Drug or Alcohol ,Environmental Conditions,Light Conditions,Surface Conditions,Weather Conditions,Roadway Contribution,Roadway Type,Roadway Surface,Work Zone,Crash Severity,Number of Fatalities,Number of Injuries,Number of Major Injuries,Number of Minor Injuries,Number of Possible Injuries,Number of Unknown Injuries,Amount of Property Damage,Number of Vehicles Involved,Total Number of Occupants,Travel Direction,Location
2014823158,14-1220,10/22/2014,10-October,4-Wednesday,16:56,1600 Hours,District 1 (Central),PLEASANT HILL,POLK,,FAIRVIEW DR,Collision with:  Vehicle in traffic,On Roadway,Rear-end (front to rear),"Operating vehicle in an reckless, erratic, careless, negligent manner",None Indicated,,Daylight,Dry,Cloudy,None apparent,Non-intersection:  Non-junction/no special feature,Paved,,Minor Injury,0,2,0,1,1,0,3000,2,3,,POINT (-93.522754063425 41.590171459964)
2014822964,14-044406,10/22/2014,10-October,4-Wednesday,08:38,0800 Hours,District 5 (Southeast),,MUSCATINE,,LINDLE AVE,Non-collision events:  Overturn/rollover,On Roadway,Non-collision (single vehicle),Ran off road - right,Alcohol (Statutory),,Daylight,"Mud, dirt",Clear,None apparent,Non-intersection:  Non-junction/no special feature,Unpaved,,Minor Injury,0,2,0,2,0,0,5000,1,2,,POINT (-91.110331322099 41.469719310846)
2014823098,201415835,10/22/2014,10-October,4-Wednesday,13:53,1300 Hours,District 6 (East Central),CEDAR RAPIDS,LINN,IA 922,IA 922/1ST AVE E & 6TH ST SE & 6TH ST NE,Collision with:  Vehicle in traffic,On Roadway,Broadside (front to side),FTYROW:  From stop sign,None Indicated,,Daylight,Dry,Clear,None apparent,Intersection:  Other intersection (explain in narrative),Paved,,Property Damage Only,0,0,0,0,0,0,5000,2,2,,POINT (-91.664276189755 41.981256519364)
2014822888,W14-105319,10/22/2014,10-October,4-Wednesday,15:52,1500 Hours,District 2 (Northeast),WATERLOO,BLACK HAWK,US 63,US 63/W 1ST ST & SYCAMORE ST,Collision with:  Vehicle in traffic,On Roadway,"Sideswipe, same direction",Made improper turn,None Indicated,,Daylight,Dry,Clear,None apparent,Intersection:  Four-way intersection,Paved,,Property Damage Only,0,0,0,0,0,0,3000,2,4,,POINT (-92.34021754204 42.501018019151)
2014826037,2014059738,10/22/2014,10-October,4-Wednesday,09:13,0900 Hours,District 5 (Southeast),MAHARISHI VEDIC CITY,JEFFERSON,,HEMLOCK AVE,Non-collision events:  Overturn/rollover,On Roadway,Non-collision (single vehicle),Driving too fast for conditions,None Indicated,,Daylight,Dry,Clear,None apparent,Non-intersection:  Non-junction/no special feature,Unpaved,,Possible/Unknown,0,1,0,0,0,1,1500,1,2,,POINT (-92.044886206299 41.050261809326)
2014823135,14-1265,10/22/2014,10-October,4-Wednesday,17:12,1700 Hours,District 1 (Central),CLIVE,POLK,I-35,I-35 & US 6/HICKMAN RD,Collision with:  Vehicle in traffic,On Roadway,Rear-end (front to rear),Lost Control,None Indicated,,Daylight,Dry,Clear,None apparent,Non-intersection:  Other non-intersection (explain in narrative),Paved,,Possible/Unknown,0,1,0,0,1,0,200,2,2,,POINT (-93.775726975844 41.614890795075)
2014824073,14-37768,10/22/2014,10-October,4-Wednesday,13:45,1300 Hours,District 5 (Southeast),,DES MOINES,US 34,US 34,Collision with fixed object:  Ditch,On Roadway,Non-collision (single vehicle),Crossed centerline (undivided),None Indicated,,Daylight,Dry,Clear,None apparent,Non-intersection:  Non-junction/no special feature,Paved,,Property Damage Only,0,0,0,0,0,0,7000,1,1,,POINT (-91.280406238922 40.828445651323)
2014831295,2014059820,10/22/2014,10-October,4-Wednesday,16:37,1600 Hours,District 1 (Central),,STORY,I-35,I-35,Collision with:  Vehicle in traffic,On Roadway,Rear-end (front to rear),Swerving/Evasive Action,None Indicated,,Daylight,Dry,Cloudy,None apparent,Non-intersection:  Non-junction/no special feature,Paved,,Property Damage Only,0,0,0,0,0,0,2000,2,2,,POINT (-93.571203910384 41.874058953092)
2014822910,14-1262,10/22/2014,10-October,4-Wednesday,08:45,0800 Hours,District 1 (Central),CLIVE,POLK,,COUNTRY CLUB BLVD,Collision with:  Vehicle in traffic,On Roadway,Broadside (front to side),Made improper turn,None Indicated,,Daylight,Dry,Cloudy,None apparent,Non-intersection:  Non-junction/no special feature,Paved,,Property Damage Only,0,0,0,0,0,0,2300,2,2,,POINT (-93.800853524349 41.600766374551)
2014822942,2014011855,10/22/2014,10-October,4-Wednesday,17:10,1700 Hours,District 6 (East Central),IOWA CITY,JOHNSON,,KIRKWOOD AVE & GILBERT CT,Collision with:  Vehicle in traffic,On Roadway,Broadside (front to side),FTYROW:  From stop sign,None Indicated,,Daylight,Dry,Clear,None apparent,Intersection:  Four-way intersection,Paved,,Property Damage Only,0,0,0,0,0,0,7000,2,5,,POINT (-91.529789067524 41.649420799013)
2014823199,14-20589,10/22/2014,10-October,4-Wednesday,15:31,1500 Hours,District 2 (Northeast),,BREMER,,Co Rd C33/190TH ST,Unknown,On Roadway,Non-collision (single vehicle),Ran off road - right,None Indicated,,Daylight,Dry,Clear,None apparent,Non-intersection:  Non-junction/no special feature,Paved,,Fatal,1,0,0,0,0,0,25700,1,1,,POINT (-92.347307599602 42.773460428803)
2014822934,14-34986,10/22/2014,10-October,4-Wednesday,14:27,1400 Hours,District 3 (Northwest),SIOUX CITY,WOODBURY,I-29,I-29 & IA 376/SINGING HILLS BLVD,Collision with:  Vehicle in traffic,On Roadway,Broadside (front to side),Ran Traffic Signal,None Indicated,,Daylight,Dry,Clear,None apparent,Intersection:  Four-way intersection,Paved,,Possible/Unknown,0,1,0,0,1,0,10000,2,2,,POINT (-96.376014111814 42.434267777488)
2014822819,14-044942,10/22/2014,10-October,4-Wednesday,13:52,1300 Hours,District 4 (Southwest),COUNCIL BLUFFS,POTTAWATTAMIE,,S 21ST ST,Collision with:  Parked motor vehicle,On Roadway,"Sideswipe, same direction",Lost Control,None Indicated,,Daylight,Dry,Cloudy,None apparent,Non-intersection:  Non-junction/no special feature,Paved,,Property Damage Only,0,0,0,0,0,0,4100,3,1,,POINT (-95.87484283599 41.234002149071)
2014823014,13-3375,10/22/2014,10-October,4-Wednesday,13:41,1300 Hours,District 1 (Central),FORT DODGE,WEBSTER,,20TH AVE N & N 15TH ST,Collision with:  Vehicle in traffic,On Roadway,"Angle, oncoming left turn",Other (explain in narrative):  Other,None Indicated,,Daylight,Dry,Clear,None apparent,Intersection:  Four-way intersection,Paved,,Possible/Unknown,0,2,0,0,2,0,3000,2,6,,POINT (-94.178029188474 42.526383150129)
2014909193,102-14,10/22/2014,10-October,4-Wednesday,04:30,0400 Hours,District 4 (Southwest),,MADISON,,Co Rd P53/PITZER RD,Collision with:  Animal,On Roadway,Non-collision (single vehicle),Animal,None Indicated,,Dark - roadway not lighted,Dry,Clear,None apparent,Non-intersection:  Non-junction/no special feature,Paved,,Property Damage Only,0,0,0,0,0,0,4000,1,1,,POINT (-94.184447446655 41.397421758873)
2014822830,14-5298,10/22/2014,10-October,4-Wednesday,10:47,1000 Hours,District 1 (Central),WEST DES MOINES,POLK,,UNIVERSITY AVE,Collision with:  Vehicle in traffic,On Roadway,Rear-end (front to rear),Driver Distraction:  Passenger,None Indicated,,Daylight,Dry,Cloudy,None apparent,Intersection:  Four-way intersection,Paved,,Property Damage Only,0,0,0,0,0,0,4000,2,4,,POINT (-93.779417889287 41.600445326717)
2014826491,14009481,10/22/2014,10-October,4-Wednesday,17:00,1700 Hours,District 6 (East Central),,BUCHANAN,,Co Rd V62/BAXTER AVE,Collision with:  Animal,,,Animal,None Indicated,,,,,,,Paved,,Property Damage Only,0,0,0,0,0,0,2500,1,1,,POINT (-92.057365846321 42.597869050282)
2014823602,2014059783,10/22/2014,10-October,4-Wednesday,12:25,1200 Hours,District 4 (Southwest),,RINGGOLD,,130TH AVE & 110TH ST,Non-collision events:  Overturn/rollover,Roadside,Non-collision (single vehicle),Other (explain in narrative):  Other,None Indicated,,Daylight,"Mud, dirt",Cloudy,"Shoulders (none, low, soft, high)",Non-intersection:  Non-junction/no special feature,Unpaved,,Minor Injury,0,1,0,1,0,0,20000,1,1,,POINT (-94.41518195947 40.885198401945)
2014823175,14012859,10/22/2014,10-October,4-Wednesday,15:52,1500 Hours,District 1 (Central),,TAMA,,Co Rd E49/HWY E49,Non-collision events:  Overturn/rollover,On Roadway,Non-collision (single vehicle),Equipment failure,None Indicated,,Daylight,Dry,Clear,None apparent,Non-intersection:  Other non-intersection (explain in narrative),Paved,,Property Damage Only,0,0,0,0,0,0,5000,1,2,,POINT (-92.621586170991 41.964032073719)
2014824833,20143860,10/22/2014,10-October,4-Wednesday,14:00,1400 Hours,District 1 (Central),WHITTEN,GRUNDY,,Co Rd S75/B AVE,Collision with fixed object:  Ditch,Shoulder,Non-collision (single vehicle),Crossed centerline (undivided),None Indicated,,Daylight,Dry,Cloudy,None apparent,Non-intersection:  Driveway access (within),Paved,,Property Damage Only,0,0,0,0,0,0,5000,1,8,,POINT (-93.001915724992 42.263346860629)
2014823335,14-004585,10/22/2014,10-October,4-Wednesday,17:38,1700 Hours,District 1 (Central),ANKENY,POLK,US 69,US 69/N ANKENY BLVD,Collision with:  Vehicle in traffic,On Roadway,Rear-end (front to rear),Other (explain in narrative):  Other,None Indicated,,Daylight,Dry,Clear,None apparent,Intersection:  Other intersection (explain in narrative),Paved,,Property Damage Only,0,0,0,0,0,0,2500,2,2,,POINT (-93.600351350216 41.734393092059)
2014822937,14-35010,10/22/2014,10-October,4-Wednesday,17:10,1700 Hours,District 3 (Northwest),SIOUX CITY,WOODBURY,,HAMILTON BLVD,Collision with:  Vehicle in traffic,On Roadway,Rear-end (front to rear),Driver Distraction:  Manual operation of an electronic communication device,None Indicated,,Dusk,Wet,Rain,None apparent,Non-intersection:  Non-junction/no special feature,Paved,,Property Damage Only,0,0,0,0,0,0,8000,2,2,,POINT (-96.417389826253 42.523310301067)
2014822892,14022327,10/22/2014,10-October,4-Wednesday,14:58,1400 Hours,District 6 (East Central),MARION,LINN,,10TH AVE & 31ST ST,Collision with:  Vehicle in traffic,On Roadway,"Angle, oncoming left turn",FTYROW:  Making left turn,None Indicated,,Daylight,Dry,Clear,None apparent,Intersection:  Four-way intersection,Paved,,Property Damage Only,0,0,0,0,0,0,13000,2,3,,POINT (-91.579189673526 42.036029223958)
2014823887,,10/22/2014,10-October,4-Wednesday,08:00,0800 Hours,District 5 (Southeast),,WASHINGTON,,Co Rd G36/220TH ST & Co Rd W61/RIVERSIDE RD & ORANGE AVE,Collision with:  Animal,On Roadway,Non-collision (single vehicle),Animal,None Indicated,,Daylight,Dry,Clear,,Non-intersection:  Non-junction/no special feature,Paved,,Possible/Unknown,0,1,0,0,1,0,17525,1,1,,POINT (-91.677421234994 41.337413981614)
2014823065,14105265,10/22/2014,10-October,4-Wednesday,13:16,1300 Hours,District 2 (Northeast),CEDAR FALLS,BLACK HAWK,,UNIVERSITY AVE & S MAIN ST,Collision with:  Vehicle in traffic,On Roadway,Rear-end (front to rear),Followed too close,None Indicated,,Daylight,Dry,Clear,None apparent,Non-intersection:  Non-junction/no special feature,Paved,,Property Damage Only,0,0,0,0,0,0,6000,3,5,,POINT (-92.445788111836 42.513104630836)
2014822962,14-044979,10/22/2014,10-October,4-Wednesday,17:35,1700 Hours,District 4 (Southwest),COUNCIL BLUFFS,POTTAWATTAMIE,I-29,I-29,Collision with:  Vehicle in traffic,On Roadway,Rear-end (front to rear),Followed too close,None Indicated,,Daylight,Dry,Clear,None apparent,Non-intersection:  Non-junction/no special feature,Paved,,Possible/Unknown,0,1,0,0,1,0,2500,2,3,,POINT (-95.860612611177 41.232159283379)
2014822842,14020559,10/22/2014,10-October,4-Wednesday,06:47,0600 Hours,District 2 (Northeast),,BREMER,IA 3,IA 3/IOWA 3,Collision with:  Animal,,,Animal,None Indicated,,,,,,,Paved,,Property Damage Only,0,0,0,0,0,0,2500,1,1,,POINT (-92.166765943381 42.714798510581)
2014823475,2014011848,10/22/2014,10-October,4-Wednesday,14:17,1400 Hours,District 6 (East Central),IOWA CITY,JOHNSON,US 6,US 6 & FAIR MEADOWS BLVD,Collision with:  Non-motorist (see non-motorist section - NOT a unit),On Roadway,Non-collision (single vehicle),FTYROW:  Making left turn,None Indicated,,Daylight,Dry,Clear,None apparent,Intersection:  Four-way intersection,Paved,,Minor Injury,0,1,0,1,0,0,150,1,1,,POINT (-91.503039969937 41.63878964253)
2014822804,14-34936,10/22/2014,10-October,4-Wednesday,05:12,0500 Hours,District 3 (Northwest),SIOUX CITY,WOODBURY,I-29,I-29,Collision with:  Animal,,,Animal,None Indicated,,,,,,,Paved,,Property Damage Only,0,0,0,0,0,0,3500,1,1,,POINT (-96.466660613524 42.493068567561)
2014822991,14-20673,10/22/2014,10-October,4-Wednesday,20:31,2000 Hours,District 6 (East Central),BETTENDORF,SCOTT,US 67,US 67/STATE ST & 18TH ST,Collision with:  Vehicle in traffic,On Roadway,Rear-end (front to rear),Swerving/Evasive Action,Refused,,Dark - roadway lighted,Dry,Clear,None apparent,Intersection:  T-intersection,Paved,,Property Damage Only,0,0,0,0,0,0,3600,2,3,,POINT (-90.507273421711 41.525279163235)
2014823216,CL14003758,10/22/2014,10-October,4-Wednesday,16:55,1600 Hours,District 6 (East Central),CLINTON,CLINTON,,22ND AVE N & N 3RD ST,Collision with:  Vehicle in traffic,On Roadway,Broadside (front to side),FTYROW:  From stop sign,None Indicated,,Daylight,Dry,Clear,None apparent,Intersection:  Four-way intersection,Paved,,Property Damage Only,0,0,0,0,0,0,5000,2,2,,POINT (-90.183724120072 41.870223936141)
2014823215,CL14003753,10/22/2014,10-October,4-Wednesday,06:08,0600 Hours,District 6 (East Central),CLINTON,CLINTON,,MANUFACTURING DR,Collision with:  Animal,On Roadway,Non-collision (single vehicle),Animal,None Indicated,,Dark - roadway not lighted,Dry,Clear,None apparent,Non-intersection:  Non-junction/no special feature,Paved,,Property Damage Only,0,0,0,0,0,0,6000,2,2,,POINT (-90.239244984172 41.823743539091)
2014823200,14-20604,10/22/2014,10-October,4-Wednesday,18:46,1800 Hours,District 2 (Northeast),,BREMER,IA 3,IA 3/IOWA 3,Collision with:  Animal,,,Animal,None Indicated,,,,,,,Paved,,Property Damage Only,0,0,0,0,0,0,3500,1,1,,POINT (-92.393936901852 42.714974123855)
2014822931,14-2349,10/22/2014,10-October,4-Wednesday,08:40,0800 Hours,District 1 (Central),URBANDALE,POLK,,NEW YORK AVE & 86TH ST,Collision with:  Vehicle in traffic,On Roadway,Rear-end (front to rear),Other (explain in narrative):  Other,None Indicated,,Daylight,Dry,Clear,None apparent,Non-intersection:  Non-junction/no special feature,Paved,,Property Damage Only,0,0,0,0,0,0,4000,2,2,,POINT (-93.73645868364 41.620508342572)
2014823334,14-004583,10/22/2014,10-October,4-Wednesday,17:01,1700 Hours,District 1 (Central),ANKENY,POLK,I-35,I-35,Collision with:  Vehicle in traffic,On Roadway,Rear-end (front to rear),Followed too close,None Indicated,,Daylight,Dry,Clear,None apparent,"Interchange-related:  Off-ramp, diverge area",Paved,,Possible/Unknown,0,1,0,0,1,0,1500,2,2,,POINT (-93.574359984648 41.702686002143)
2014823616,2014-038961,10/22/2014,10-October,4-Wednesday,13:00,1300 Hours,District 6 (East Central),DUBUQUE,DUBUQUE,,E 27TH ST,Collision with:  Parked motor vehicle,On Roadway,Rear-end (front to rear),Unknown,None Indicated,,Daylight,Dry,Clear,None apparent,Non-intersection:  Non-junction/no special feature,Paved,,Property Damage Only,0,0,0,0,0,0,2500,2,1,,POINT (-90.675599801072 42.52154812151)
2014823761,201403833,10/22/2014,10-October,4-Wednesday,07:33,0700 Hours,District 6 (East Central),,LINN,,Co Rd E44/LAKESIDE RD/30TH ST DR & EAST POST RD,Collision with:  Vehicle in traffic,On Roadway,Rear-end (front to rear),Followed too close,None Indicated,,Dawn,Dry,Clear,None apparent,Intersection:  Four-way intersection,Paved,,Property Damage Only,0,0,0,0,0,0,6000,2,4,,POINT (-91.599192855935 42.005914734023)
2014824331,1-14-000410,10/22/2014,10-October,4-Wednesday,15:52,1500 Hours,District 4 (Southwest),,SHELBY,,Co Rd F58/STREET F58,Collision with:  Vehicle in traffic,On Roadway,Rear-end (front to rear),Followed too close,None Indicated,,Daylight,Dry,Clear,None apparent,Non-intersection:  Non-junction/no special feature,Paved,,Property Damage Only,0,0,0,0,0,0,2500,2,2,,POINT (-95.047969529603 41.591796724551)
2014823559,14009403,10/22/2014,10-October,4-Wednesday,02:01,0200 Hours,District 6 (East Central),,BUCHANAN,,Co Rd C57/120TH ST,Non-collision events:  Overturn/rollover,Outside trafficway,Non-collision (single vehicle),Crossed centerline (undivided),Alcohol (Statutory),,Dark - roadway not lighted,Dry,Clear,None apparent,Non-intersection:  Non-junction/no special feature,Paved,,Minor Injury,0,1,0,1,0,0,5400,1,1,,POINT (-91.94392152662 42.613638865567)
2014822829,14-5295,10/22/2014,10-October,4-Wednesday,06:55,0600 Hours,District 1 (Central),WEST DES MOINES,POLK,,ASHWORTH RD & PRAIRIE VIEW DR,Collision with:  Non-motorist (see non-motorist section - NOT a unit),On Roadway,Non-collision (single vehicle),FTYROW:  To pedestrian,None Indicated,,Dark - unknown roadway lighting,Dry,Clear,None apparent,Intersection:  Four-way intersection,Paved,,Possible/Unknown,0,1,0,0,1,0,0,1,25,,POINT (-93.779873700413 41.584481462293)
2014822955,14C04778,10/22/2014,10-October,4-Wednesday,15:51,1500 Hours,District 4 (Southwest),CRESTON,UNION,,E MILLS ST & N BIRCH ST,Collision with:  Vehicle in traffic,On Roadway,Broadside (front to side),Ran Stop Sign,None Indicated,,Daylight,Dry,Cloudy,None apparent,Intersection:  Four-way intersection,Paved,,Possible/Unknown,0,1,0,0,1,0,10000,2,4,,POINT (-94.359067667755 41.059681236579)
2014822749,14680833,10/22/2014,10-October,4-Wednesday,08:10,0800 Hours,District 5 (Southeast),,MONROE,US 34,US 34,Collision with:  Animal,,,Animal,None Indicated,,,,,,,Paved,,Property Damage Only,0,0,0,0,0,0,2000,1,1,,POINT (-92.669867492273 41.015894624446)
2014822852,20143853,10/22/2014,10-October,4-Wednesday,06:55,0600 Hours,District 1 (Central),,GRUNDY,IA 175,IA 175/260TH ST,Collision with:  Animal,,,Animal,None Indicated,,,,,,,Paved,,Property Damage Only,0,0,0,0,0,0,4000,1,1,,POINT (-92.614012879701 42.325758677608)
2014822950,14-37829,10/22/2014,10-October,4-Wednesday,20:16,2000 Hours,District 5 (Southeast),BURLINGTON,DES MOINES,US 61,US 61,Collision with:  Animal,On Roadway,Non-collision (single vehicle),Animal,None Indicated,,Dark - roadway lighted,Dry,Clear,None apparent,Non-intersection:  Non-junction/no special feature,Paved,,Property Damage Only,0,0,0,0,0,0,2500,1,2,,POINT (-91.141812160562 40.792327442684)
2014822737,14160340,10/22/2014,10-October,4-Wednesday,07:49,0700 Hours,District 6 (East Central),,JOHNSON,I-380,I-380,Collision with:  Parked motor vehicle,Shoulder,Rear-end (front to rear),Followed too close,None Indicated,,Daylight,Dry,Clear,None apparent,Non-intersection:  Other non-intersection (explain in narrative),Paved,,Possible/Unknown,0,1,0,0,1,0,15000,2,2,,POINT (-91.646435750193 41.800853231164)
2014831348,141022PM01,10/22/2014,10-October,4-Wednesday,19:20,1900 Hours,District 3 (Northwest),ORANGE CITY,SIOUX,IA 10,IA 10/8TH ST SE & LINCOLN AVE SE & LINCOLN PL SE,Collision with:  Vehicle in traffic,On Roadway,"Angle, oncoming left turn",FTYROW:  Making left turn,None Indicated,,Dark - roadway lighted,Wet,Rain,None apparent,Intersection:  Four-way intersection,Paved,,Property Damage Only,0,0,0,0,0,0,2200,2,3,,POINT (-96.046369653791 42.997496112406)
2014823881,,10/22/2014,10-October,4-Wednesday,12:37,1200 Hours,District 5 (Southeast),CHARITON,LUCAS,IA 14,IA 14/S 7TH ST/N 7TH ST & COURT AVE & S 6TH ST,Collision with:  Vehicle in traffic,On Roadway,Broadside (front to side),Unknown,None Indicated,,Daylight,Dry,Clear,None apparent,Intersection:  Four-way intersection,Paved,,Property Damage Only,0,0,0,0,0,0,6000,2,3,,POINT (-93.303484997953 41.014436472485)
2014823524,14-016666,10/22/2014,10-October,4-Wednesday,19:29,1900 Hours,District 2 (Northeast),,FLOYD,US 218,US 218,Collision with:  Animal,,,Animal,None Indicated,,,,,,,Paved,,Property Damage Only,0,0,0,0,0,0,4000,1,1,,POINT (-92.73234737637 43.14657793787)
2014822905,14-004573,10/22/2014,10-October,4-Wednesday,09:21,0900 Hours,District 1 (Central),ANKENY,POLK,,NW 18TH ST,Collision with:  Vehicle in traffic,On Roadway,Rear-end (front to rear),Followed too close,None Indicated,,Daylight,Dry,Cloudy,None apparent,Non-intersection:  Non-junction/no special feature,Paved,,Property Damage Only,0,0,0,0,0,0,3500,2,3,,POINT (-93.618274974424 41.746376455386)
2014823799,14-011452,10/22/2014,10-October,4-Wednesday,19:29,1900 Hours,District 5 (Southeast),,WAYNE,,Co Rd S34/140TH,Collision with:  Animal,On Roadway,Non-collision (single vehicle),Animal,None Indicated,,Dark - roadway not lighted,"Mud, dirt",Clear,None apparent,Non-intersection:  Non-junction/no special feature,Unpaved,,Property Damage Only,0,0,0,0,0,0,10000,1,1,,POINT (-93.307584979854 40.736840299011)
2014823174,14-001556,10/22/2014,10-October,4-Wednesday,01:30,0100 Hours,District 1 (Central),AMES,STORY,,STATE AVE,Collision with:  Animal,On Roadway,Non-collision (single vehicle),Animal,None Indicated,,Dark - roadway not lighted,Dry,Clear,Unknown,Non-intersection:  Non-junction/no special feature,Paved,,Possible/Unknown,0,1,0,0,0,1,5000,1,1,,POINT (-93.658890010347 42.005654562255)
2014823048,C14003361,10/22/2014,10-October,4-Wednesday,18:37,1800 Hours,District 6 (East Central),CORALVILLE,JOHNSON,,E 9TH ST & E 2ND AVE,Collision with:  Vehicle in traffic,On Roadway,"Sideswipe, same direction",Improper or erratic lane changing,None Indicated,,Dark - roadway lighted,Dry,Clear,None apparent,Intersection:  T-intersection,Paved,,Property Damage Only,0,0,0,0,0,0,4000,2,2,,POINT (-91.56303086331 41.681734543446)
2014822874,14-044886,10/22/2014,10-October,4-Wednesday,07:33,0700 Hours,District 4 (Southwest),COUNCIL BLUFFS,POTTAWATTAMIE,US 6,US 6/KANESVILLE BLVD & RAILROAD HWY & RAILROAD AVE,Collision with:  Vehicle in traffic,On Roadway,"Angle, oncoming left turn",FTYROW:  Making left turn,None Indicated,,Dawn,Dry,Cloudy,None apparent,Intersection:  Four-way intersection,Paved,,Property Damage Only,0,0,0,0,0,0,8000,2,3,,POINT (-95.807722388041 41.279439849553)
2014822742,14022297,10/22/2014,10-October,4-Wednesday,06:24,0600 Hours,District 6 (East Central),MARION,LINN,US 151,US 151 & LINN AIRE AVE,Collision with:  Vehicle in traffic,On Roadway,Rear-end (front to rear),Followed too close,None Indicated,,Daylight,Dry,Clear,None apparent,Intersection:  Four-way intersection,Paved,,Property Damage Only,0,0,0,0,0,0,5500,2,3,,POINT (-91.550261691511 42.030966124106)
2014823080,W14-105301,10/22/2014,10-October,4-Wednesday,14:44,1400 Hours,District 2 (Northeast),WATERLOO,BLACK HAWK,,FRONTAGE RD,Collision with fixed object:  Mailbox,Roadside,Non-collision (single vehicle),Ran off road - right,None Indicated,,Daylight,Dry,Clear,None apparent,Non-intersection:  Non-junction/no special feature,Paved,,Possible/Unknown,0,1,0,0,1,0,4150,1,1,,POINT (-92.349526397772 42.457717022387)
2014823191,14-006312,10/22/2014,10-October,4-Wednesday,23:30,2300 Hours,District 3 (Northwest),,OBRIEN,,Co Rd B40/390TH ST,Collision with fixed object:  Ditch,On Roadway,Non-collision (single vehicle),Ran off road - right,None Indicated,,Dark - roadway not lighted,"Mud, dirt",Rain,"Surface condition (e.g., wet, icy)",Non-intersection:  Non-junction/no special feature,Paved,,Possible/Unknown,0,1,0,0,1,0,4520,1,1,,POINT (-95.577393025076 43.084438521803)
2014823120,14-007430,10/22/2014,10-October,4-Wednesday,13:45,1300 Hours,District 3 (Northwest),MAPLETON,MONONA,IA 141,IA 141,Non-collision events:  Overturn/rollover,On Roadway,Non-collision (single vehicle),Ran off road - straight,None Indicated,,Daylight,Dry,Cloudy,None apparent,Non-intersection:  Non-junction/no special feature,Paved,,Major Injury,0,1,1,0,0,0,50500,1,1,,POINT (-95.762403154508 42.13735027)
2014822985,2014-038964,10/22/2014,10-October,4-Wednesday,14:34,1400 Hours,District 6 (East Central),DUBUQUE,DUBUQUE,,JOHN F KENNEDY RD,Collision with:  Vehicle in traffic,On Roadway,"Angle, oncoming left turn",FTYROW:  From driveway,None Indicated,,Daylight,Dry,Clear,None apparent,Non-intersection:  Driveway access (within),Paved,,Possible/Unknown,0,1,0,0,1,0,6000,2,2,,POINT (-90.716214204267 42.49373748543)
2014822764,20140031359,10/22/2014,10-October,4-Wednesday,06:50,0600 Hours,District 1 (Central),DES MOINES,POLK,,STANTON AVE & FLEUR DR,Collision with:  Vehicle in traffic,On Roadway,Rear-end (front to rear),Driver Distraction:  Manual operation of an electronic communication device,None Indicated,,Dark - roadway lighted,Dry,Clear,None apparent,Intersection:  Four-way intersection,Paved,,Property Damage Only,0,0,0,0,0,0,8700,3,3,,POINT (-93.645027919337 41.54460415433)
2014822960,2014011843,10/22/2014,10-October,4-Wednesday,11:30,1100 Hours,District 6 (East Central),IOWA CITY,JOHNSON,,VAN BUREN ST,Collision with:  Vehicle in traffic,On Roadway,Broadside (front to side),FTYROW:  From driveway,None Indicated,,Daylight,Dry,Clear,None apparent,Non-intersection:  Driveway access (within),Paved,,Minor Injury,0,1,0,1,0,0,3500,2,2,,POINT (-91.52876655456 41.654775803338)
2014822821,14-5299,10/22/2014,10-October,4-Wednesday,11:50,1100 Hours,District 1 (Central),WEST DES MOINES,POLK,,NW 118TH ST & UNIVERSITY AVE,Collision with:  Vehicle in traffic,On Roadway,Rear-end (front to rear),Swerving/Evasive Action,None Indicated,,Daylight,Dry,Cloudy,None apparent,Intersection:  Four-way intersection,Paved,,Property Damage Only,0,0,0,0,0,0,6000,2,2,,POINT (-93.781613783831 41.600439424671)
2014822986,2014-038966,10/22/2014,10-October,4-Wednesday,14:42,1400 Hours,District 6 (East Central),DUBUQUE,DUBUQUE,IA 32,IA 32/IA32 NW ARTERIAL,Collision with:  Vehicle in traffic,On Roadway,"Angle, oncoming left turn",FTYROW:  Making left turn,None Indicated,,Daylight,Dry,Clear,None apparent,Intersection:  Four-way intersection,Paved,,Property Damage Only,0,0,0,0,0,0,2900,2,2,,POINT (-90.738420904593 42.520752548511)
2014822988,2014-038978,10/22/2014,10-October,4-Wednesday,18:10,1800 Hours,District 6 (East Central),DUBUQUE,DUBUQUE,,PENNSYLVANIA AVE & BIES DR,Collision with:  Vehicle in traffic,On Roadway,"Angle, oncoming left turn",Unknown,None Indicated,,Dusk,Dry,Cloudy,None apparent,Intersection:  T-intersection,Paved,,Property Damage Only,0,0,0,0,0,0,6000,2,2,,POINT (-90.726337097903 42.500485676095)
2014822933,14-34938,10/22/2014,10-October,4-Wednesday,05:57,0500 Hours,District 3 (Northwest),SIOUX CITY,WOODBURY,,7TH ST & JACKSON ST,Collision with:  Vehicle in traffic,On Roadway,Broadside (front to side),Ran Stop Sign,None Indicated,,Dark - roadway lighted,Dry,Clear,None apparent,Intersection:  Four-way intersection,Paved,,Property Damage Only,0,0,0,0,0,0,10500,2,2,,POINT (-96.402020871676 42.497412036575)
2014822945,2014011863,10/22/2014,10-October,4-Wednesday,20:06,2000 Hours,District 6 (East Central),IOWA CITY,JOHNSON,IA 1,IA 1/N DODGE ST/IOWA 1,Collision with:  Animal,,,Animal,None Indicated,,,,,,,Paved,,Property Damage Only,0,0,0,0,0,0,5000,1,1,,POINT (-91.495439269723 41.692974534043)