Iowa DOT Case Number,Law Enforcement Case Number,Date of Crash,Month of Crash,Day of Week,Time of Crash,Hour,DOT District,City Name,County Name,Route with System,Location Description,First Harmful Event,Location of First Harmful Event,Manner of Crash/Collision,Major Cause,Drug or Alcohol ,Environmental Conditions,Light Conditions,Surface Conditions,Weather Conditions,Roadway Contribution,Roadway Type,Roadway Surface,Work Zone,Crash Severity,Number of Fatalities,Number of Injuries,Number of Major Injuries,Number of Minor Injuries,Number of Possible Injuries,Number of Unknown Injuries,Amount of Property Damage,Number of Vehicles Involved,Total Number of Occupants,Travel Direction,Location
2014824061,AC14-040,10/23/2014,10-October,5-Thursday,15:30,1500 Hours,District 1 (Central),STORY CITY,STORY,,LINN ST & LAFAYETTE AVE,Collision with:  Non-motorist (see non-motorist section - NOT a unit),On Roadway,Non-collision (single vehicle),FTYROW:  To pedestrian,None Indicated,,Daylight,Dry,Clear,None apparent,Non-intersection:  Non-junction/no special feature,Paved,,Major Injury,0,1,1,0,0,0,0,1,1,,POINT (-93.592540264719 42.181714455906)
2014823013,S14-105533,10/23/2014,10-October,5-Thursday,09:24,0900 Hours,District 2 (Northeast),,BLACK HAWK,US 63,US 63/HUDSON RD,Collision with:  Vehicle in traffic,On Roadway,"Angle, oncoming left turn",FTYROW:  Making left turn,None Indicated,,Daylight,Wet,Rain,None apparent,Non-intersection:  Driveway access (within),Paved,,Property Damage Only,0,0,0,0,0,0,4500,2,2,,POINT (-92.456015132544 42.339969053119)
2014823100,201415867,10/23/2014,10-October,5-Thursday,07:44,0700 Hours,District 6 (East Central),CEDAR RAPIDS,LINN,,GLASS RD NE & REDBUD RD NE,Collision with:  Vehicle in traffic,On Roadway,Broadside (front to side),FTYROW:  From stop sign,None Indicated,,Daylight,Wet,Cloudy,None apparent,Intersection:  T-intersection,Paved,,Property Damage Only,0,0,0,0,0,0,9300,2,2,,POINT (-91.667926098923 42.012299010701)
2014824039,14-12382,10/23/2014,10-October,5-Thursday,07:20,0700 Hours,District 3 (Northwest),,SIOUX,,Co Rd B46/420TH ST & Co Rd K22/COOLIDGE AVE,Collision with:  Vehicle in traffic,On Roadway,"Angle, oncoming left turn",FTYROW:  From stop sign,None Indicated,,Dawn,Wet,"Fog, smoke, smog",None apparent,Intersection:  Four-way intersection,Paved,,Property Damage Only,0,0,0,0,0,0,6000,2,2,,POINT (-96.391789232213 43.040669507762)
2014822961,20143871,10/23/2014,10-October,5-Thursday,06:30,0600 Hours,District 1 (Central),,GRUNDY,US 20,US 20,Collision with:  Animal,,,Animal,None Indicated,,,,,,,Paved,,Property Damage Only,0,0,0,0,0,0,10000,1,1,,POINT (-92.760821505765 42.462870541769)
2014824453,SO14-1307,10/23/2014,10-October,5-Thursday,16:09,1600 Hours,District 2 (Northeast),,WRIGHT,,Co Rd C20/130TH ST,Collision with:  Vehicle in traffic,On Roadway,Rear-end (front to rear),Exceeded authorized speed,None Indicated,,Daylight,Dry,Clear,None apparent,Non-intersection:  Non-junction/no special feature,Paved,,Possible/Unknown,0,1,0,0,1,0,11500,2,2,,POINT (-93.595001426534 42.863332805062)
2014824359,14-001302,10/23/2014,10-October,5-Thursday,13:00,1300 Hours,District 1 (Central),JOHNSTON,POLK,,MERLE HAY RD,Collision with fixed object:  Utility pole/light support,Shoulder,Non-collision (single vehicle),Ran off road - right,None Indicated,,Daylight,Dry,Clear,None apparent,Non-intersection:  Non-junction/no special feature,Paved,,Possible/Unknown,0,1,0,0,0,1,13000,1,1,,POINT (-93.69764631932 41.661246604439)
2014823157,14-002429,10/23/2014,10-October,5-Thursday,18:17,1800 Hours,District 1 (Central),ALTOONA,POLK,,8TH ST SW & 8TH ST SE & 1ST AVE S,Non-collision events:  Other non-collision (explain in narrative),On Roadway,Non-collision (single vehicle),Other (explain in narrative):  No improper action,None Indicated,,Dusk,Dry,Clear,None apparent,Intersection:  Four-way intersection,Paved,,Possible/Unknown,0,1,0,0,1,0,1100,1,1,,POINT (-93.464614311986 41.644041177161)
2014822946,2014011891,10/23/2014,10-October,5-Thursday,12:13,1200 Hours,District 6 (East Central),IOWA CITY,JOHNSON,,E COURT ST & S LINN ST,Collision with:  Vehicle in traffic,On Roadway,Broadside (front to side),Ran Stop Sign,None Indicated,,Daylight,Wet,Cloudy,None apparent,Intersection:  Four-way intersection,Paved,,Property Damage Only,0,0,0,0,0,0,4500,2,2,,POINT (-91.531727370273 41.656606035714)
2014823271,W14-105608,10/23/2014,10-October,5-Thursday,15:22,1500 Hours,District 2 (Northeast),WATERLOO,BLACK HAWK,,KIMBALL AVE,Collision with:  Vehicle in traffic,On Roadway,Head-on (front to front),Unknown,None Indicated,,Daylight,Dry,Clear,Work Zone (roadway-related),Non-intersection:  Other non-intersection (explain in narrative),Paved,Yes,Property Damage Only,0,0,0,0,0,0,5000,2,2,,POINT (-92.356660390206 42.460603148748)
2014823409,14-35131,10/23/2014,10-October,5-Thursday,17:49,1700 Hours,District 3 (Northwest),SIOUX CITY,WOODBURY,,8TH ST,Collision with:  Vehicle in traffic,On Roadway,Broadside (front to side),Ran Stop Sign,None Indicated,,Daylight,Dry,Clear,None apparent,Intersection:  Four-way intersection,Paved,,Property Damage Only,0,0,0,0,0,0,3000,2,6,,POINT (-96.403371082218 42.498524476467)
2014824397,2014059893,10/23/2014,10-October,5-Thursday,07:15,0700 Hours,District 5 (Southeast),OSKALOOSA,MAHASKA,US 63,US 63,Collision with:  Vehicle in traffic,On Roadway,"Sideswipe, same direction",Improper or erratic lane changing,None Indicated,,Daylight,Dry,Cloudy,None apparent,Non-intersection:  Non-junction/no special feature,Paved,,Property Damage Only,0,0,0,0,0,0,5500,2,2,,POINT (-92.640681271475 41.238692658535)
2014823791,14-001232,10/23/2014,10-October,5-Thursday,21:45,2100 Hours,District 1 (Central),,STORY,US 30,US 30,Collision with:  Animal,,,Animal,None Indicated,,,,,,,Paved,,Property Damage Only,0,0,0,0,0,0,6000,1,1,,POINT (-93.275228640373 42.007819056116)
2014824008,1400000920,10/23/2014,10-October,5-Thursday,00:15,0000 Hours,District 1 (Central),,MARSHALL,US 30,US 30/240TH ST & IOWA AVE W,Collision with:  Animal,,,Animal,None Indicated,,,,,,,Paved,,Property Damage Only,0,0,0,0,0,0,5000,1,1,,POINT (-92.983975047952 42.007139140832)
2014825172,14-5004,10/23/2014,10-October,5-Thursday,23:42,2300 Hours,District 1 (Central),AMES,STORY,US 30,US 30/NW RAMP CURV,Collision with:  Animal,On Roadway,Non-collision (single vehicle),Animal,None Indicated,,Dark - roadway lighted,Dry,"Fog, smoke, smog",None apparent,Non-intersection:  Non-junction/no special feature,Paved,,Property Damage Only,0,0,0,0,0,0,2500,1,1,,POINT (-93.589280645672 42.006429307008)
2014823488,2014059881,10/23/2014,10-October,5-Thursday,04:05,0400 Hours,District 6 (East Central),,JOHNSON,I-80,I-80,Collision with:  Animal,,,Animal,None Indicated,,,,,,,Paved,,Property Damage Only,0,0,0,0,0,0,1500,1,1,,POINT (-91.679460725975 41.694264036636)
2014822924,20140031473,10/23/2014,10-October,5-Thursday,08:15,0800 Hours,District 1 (Central),DES MOINES,POLK,,PARK AVE & SW 23RD ST,Collision with:  Vehicle in traffic,On Roadway,Rear-end (front to rear),Followed too close,None Indicated,,Daylight,Wet,Rain,None apparent,Non-intersection:  Non-junction/no special feature,Paved,,Minor Injury,0,1,0,1,0,0,7000,2,2,,POINT (-93.648589362214 41.555455939881)
2014823639,2014-74189,10/23/2014,10-October,5-Thursday,15:52,1500 Hours,District 6 (East Central),DAVENPORT,SCOTT,,W 15TH ST,Collision with:  Vehicle in traffic,On Roadway,Broadside (front to side),Improper Backing,None Indicated,,Daylight,Dry,Cloudy,None apparent,Non-intersection:  Non-junction/no special feature,Paved,,Possible/Unknown,0,1,0,0,1,0,2500,2,3,,POINT (-90.60136136905 41.534792624555)
2014823103,201415905,10/23/2014,10-October,5-Thursday,18:52,1800 Hours,District 6 (East Central),CEDAR RAPIDS,LINN,,WILSON AVE SW & LAUREN DR SW,Collision with:  Vehicle in traffic,On Roadway,Rear-end (front to rear),Unknown,None Indicated,,Dark - roadway lighted,Dry,Clear,None apparent,Non-intersection:  Non-junction/no special feature,Paved,,Possible/Unknown,0,1,0,0,1,0,400,2,4,,POINT (-91.652114569468 41.955797220764)
2014823572,14-38014,10/23/2014,10-October,5-Thursday,21:00,2100 Hours,District 5 (Southeast),BURLINGTON,DES MOINES,,ANGULAR ST,Collision with:  Vehicle in traffic,On Roadway,"Sideswipe, same direction",Driver Distraction:  Passenger,None Indicated,,Dark - roadway lighted,Dry,Clear,None apparent,Non-intersection:  Non-junction/no special feature,Paved,,Property Damage Only,0,0,0,0,0,0,1500,2,3,,POINT (-91.103936103504 40.803015905157)
2014823155,14-2364,10/23/2014,10-October,5-Thursday,17:27,1700 Hours,District 1 (Central),URBANDALE,POLK,I-35,I-35,Collision with:  Vehicle in traffic,On Roadway,"Sideswipe, same direction",Followed too close,None Indicated,,Daylight,Dry,Clear,None apparent,Non-intersection:  Non-junction/no special feature,Paved,,Property Damage Only,0,0,0,0,0,0,20000,2,2,,POINT (-93.777045448166 41.643731798736)
2014823197,14-5327,10/23/2014,10-October,5-Thursday,21:19,2100 Hours,District 1 (Central),WEST DES MOINES,POLK,,5TH ST,Collision with fixed object:  Utility pole/light support,On Roadway,Non-collision (single vehicle),"Operating vehicle in an reckless, erratic, careless, negligent manner",None Indicated,,Dark - roadway not lighted,"Mud, dirt",Clear,Ruts/holes/bumps,Non-intersection:  Alley,Paved,,Property Damage Only,0,0,0,0,0,0,5000,1,3,,POINT (-93.708909881465 41.57659121144)
2014823194,14-5321,10/23/2014,10-October,5-Thursday,16:20,1600 Hours,District 1 (Central),WEST DES MOINES,POLK,,35TH ST/VALLEY WEST DR,Collision with:  Vehicle in traffic,On Roadway,Rear-end (front to rear),Followed too close,None Indicated,,Daylight,Dry,Clear,None apparent,Non-intersection:  Non-junction/no special feature,Paved,,Possible/Unknown,0,1,0,0,1,0,600,3,5,,POINT (-93.751831647285 41.593324198234)
2014823291,14-007399,10/23/2014,10-October,5-Thursday,19:55,1900 Hours,District 1 (Central),,HAMILTON,IA 17,IA 17/BRIGGS WOOD RD,Collision with:  Animal,,,Animal,None Indicated,,,,,,,Paved,,Property Damage Only,0,0,0,0,0,0,4000,1,1,,POINT (-93.796015508238 42.393108789414)
2014823121,14-7000,10/23/2014,10-October,5-Thursday,19:05,1900 Hours,District 1 (Central),RUNNELLS,POLK,IA 163,IA 163/NE UNIVERSITY AVE,Collision with:  Vehicle in traffic,On Roadway,"Sideswipe, same direction",Ran off road - left,None Indicated,,Dark - roadway not lighted,Dry,Clear,None apparent,Non-intersection:  Non-junction/no special feature,Paved,,Property Damage Only,0,0,0,0,0,0,2001,2,5,,POINT (-93.408871655999 41.600090498758)
2014844642,2014059899,10/23/2014,10-October,5-Thursday,08:10,0800 Hours,District 1 (Central),DES MOINES,POLK,I-35,I-35 & IA 415/2ND AVE,Collision with:  Vehicle in traffic,On Roadway,Rear-end (front to rear),Followed too close,None Indicated,,Dawn,Wet,Rain,None apparent,Non-intersection:  Other non-intersection (explain in narrative),Paved,,Property Damage Only,0,0,0,0,0,0,3000,2,2,,POINT (-93.61998962932 41.649487048255)
2014823229,148085,10/23/2014,10-October,5-Thursday,12:14,1200 Hours,District 4 (Southwest),,DALLAS,I-80,I-80 & Co Rd P58/L AVE,Collision with fixed object:  Traffic sign support,On Roadway,Non-collision (single vehicle),Ran Stop Sign,None Indicated,,Daylight,Dry,Clear,None apparent,Interchange-related:  Off-ramp,Paved,,Minor Injury,0,1,0,1,0,0,10500,1,1,,POINT (-94.078808645681 41.520942304719)
2014823276,102314-34,10/23/2014,10-October,5-Thursday,04:26,0400 Hours,District 3 (Northwest),,BUENA VISTA,IA 110,IA 110/630TH ST,Collision with:  Parked motor vehicle,On Roadway,Head-on (front to front),Illegally Parked/Unattended,None Indicated,,Dark - roadway not lighted,Wet,Cloudy,None apparent,Non-intersection:  Non-junction/no special feature,Paved,,Minor Injury,0,2,0,2,0,0,10000,2,2,,POINT (-95.277028673431 42.604491670522)
2014823873,,10/23/2014,10-October,5-Thursday,22:28,2200 Hours,District 4 (Southwest),,ADAIR,,YORK AVE,Collision with:  Animal,On Roadway,Non-collision (single vehicle),Animal,None Indicated,,Dark - roadway lighted,Wet,Clear,None apparent,Non-intersection:  Non-junction/no special feature,Unpaved,,Property Damage Only,0,0,0,0,0,0,8000,1,2,,POINT (-94.260671170255 41.409834539164)
2014822975,14-0600,10/23/2014,10-October,5-Thursday,01:30,0100 Hours,District 1 (Central),,WEBSTER,,Co Rd P59/PARAGON AVE,Non-collision events:  Overturn/rollover,On Roadway,Non-collision (single vehicle),Swerving/Evasive Action,None Indicated,,Dark - roadway not lighted,Wet,Clear,None apparent,Non-intersection:  Non-junction/no special feature,Paved,,Property Damage Only,0,0,0,0,0,0,15000,1,1,,POINT (-94.149414965958 42.62909445066)
2014823145,20140031534,10/23/2014,10-October,5-Thursday,15:58,1500 Hours,District 1 (Central),DES MOINES,POLK,,HOLCOMB AVE & 2ND AVE,Collision with:  Vehicle in traffic,On Roadway,"Sideswipe, same direction",Unknown,None Indicated,,Daylight,Dry,Clear,None apparent,Intersection:  Four-way intersection,Paved,,Property Damage Only,0,0,0,0,0,0,1600,2,3,,POINT (-93.619935800584 41.616304878232)
2014823150,20140031553,10/23/2014,10-October,5-Thursday,19:28,1900 Hours,District 1 (Central),DES MOINES,POLK,US 6,US 6/E EUCLID AVE & E 29TH ST,Collision with:  Vehicle in traffic,On Roadway,"Angle, oncoming left turn",FTYROW:  Making left turn,None Indicated,,Dark - roadway lighted,Dry,Clear,None apparent,Intersection:  Four-way intersection,Paved,,Minor Injury,0,2,0,2,0,0,5000,2,4,,POINT (-93.561220451876 41.627658365907)
2014825557,,10/23/2014,10-October,5-Thursday,07:03,0700 Hours,District 6 (East Central),,DUBUQUE,US 151,US 151,Collision with:  Animal,On Roadway,Non-collision (single vehicle),Animal,None Indicated,,Dark - roadway not lighted,Dry,Cloudy,None apparent,Non-intersection:  Non-junction/no special feature,Paved,,Property Damage Only,0,0,0,0,0,0,4000,1,1,,POINT (-91.030267618124 42.299671778688)
2014823658,2014059889,10/23/2014,10-October,5-Thursday,07:20,0700 Hours,District 1 (Central),,JASPER,IA 163,IA 163/IOWA 163 W & Co Rd F62/HWY F-62 W,Collision with:  Vehicle in traffic,On Roadway,Rear-end (front to rear),Swerving/Evasive Action,None Indicated,,Dawn,Wet,Cloudy,None apparent,Intersection:  T-intersection,Paved,,Property Damage Only,0,0,0,0,0,0,2600,2,2,,POINT (-93.180361663308 41.579770114377)
2014824207,2014060064,10/23/2014,10-October,5-Thursday,13:57,1300 Hours,District 4 (Southwest),,MADISON,I-80,I-80,Collision with fixed object:  Guardrail - face,Roadside,Non-collision (single vehicle),Ran off road - left,None Indicated,,Daylight,Dry,Clear,None apparent,Non-intersection:  Non-junction/no special feature,Paved,,Possible/Unknown,0,1,0,0,1,0,7881,1,3,,POINT (-94.236441734077 41.493603869231)
2014826038,2014059888,10/23/2014,10-October,5-Thursday,07:15,0700 Hours,District 1 (Central),AMES,STORY,US 30,US 30,Collision with:  Vehicle in traffic,On Roadway,"Sideswipe, same direction",Swerving/Evasive Action,None Indicated,,Dark - roadway not lighted,Wet,Rain,None apparent,Non-intersection:  Other non-intersection (explain in narrative),Paved,,Possible/Unknown,0,1,0,0,1,0,7000,2,2,,POINT (-93.587651558248 42.006554744248)
2014822895,14-026142,10/23/2014,10-October,5-Thursday,00:09,0000 Hours,District 5 (Southeast),,MARION,IA 14,IA 14/IOWA 14,Collision with:  Animal,,,Animal,None Indicated,,,,,,,Paved,,Property Damage Only,0,0,0,0,0,0,5000,1,1,,POINT (-93.100802004466 41.447548228974)
2014823159,14-1227,10/23/2014,10-October,5-Thursday,16:41,1600 Hours,District 1 (Central),PLEASANT HILL,POLK,,Co Rd S14/SE 68TH ST,Collision with:  Vehicle in traffic,On Roadway,Rear-end (front to rear),Other (explain in narrative):  Other,None Indicated,,Daylight,Dry,Clear,None apparent,Non-intersection:  Non-junction/no special feature,Paved,,Possible/Unknown,0,1,0,0,1,0,2300,2,5,,POINT (-93.472018639536 41.575907233242)
2014824206,2014059974,10/23/2014,10-October,5-Thursday,11:06,1100 Hours,District 4 (Southwest),,POTTAWATTAMIE,I-29,I-29,Collision with:  Vehicle in traffic,On Roadway,Rear-end (front to rear),Crossed centerline (undivided),None Indicated,,Daylight,Dry,Cloudy,None apparent,Non-intersection:  Crossover-related,Paved,,Minor Injury,0,1,0,1,0,0,12000,2,5,,POINT (-95.891117982548 41.341066366884)
2014823141,20140031524,10/23/2014,10-October,5-Thursday,14:55,1400 Hours,District 1 (Central),DES MOINES,POLK,,URBANDALE AVE & 48TH PL,Collision with:  Vehicle in traffic,On Roadway,"Angle, oncoming left turn",Other (explain in narrative):  Other,None Indicated,,Daylight,Dry,Cloudy,None apparent,Non-intersection:  Non-junction/no special feature,Paved,,Property Damage Only,0,0,0,0,0,0,4500,2,3,,POINT (-93.684020738443 41.622174398456)
2014850961,14-008579,10/23/2014,10-October,5-Thursday,19:44,1900 Hours,District 5 (Southeast),,LOUISA,US 61,US 61,Collision with:  Animal,,,Animal,None Indicated,,,,,,,Paved,,Property Damage Only,0,0,0,0,0,0,5000,1,1,,POINT (-91.200791808832 41.317473901611)
2014823306,14022420,10/23/2014,10-October,5-Thursday,20:46,2000 Hours,District 6 (East Central),MARION,LINN,,7TH AVE,Collision with:  Vehicle in traffic,On Roadway,Rear-end (front to rear),Other (explain in narrative):  Other,None Indicated,,Dark - roadway lighted,Dry,Clear,None apparent,Non-intersection:  Non-junction/no special feature,Paved,,Property Damage Only,0,0,0,0,0,0,6500,3,3,,POINT (-91.580165717426 42.03342947172)
2014823634,2014-13381,10/23/2014,10-October,5-Thursday,20:18,2000 Hours,District 6 (East Central),HOLY CROSS,DUBUQUE,,Co Rd Y13/HOLY CROSS RD,Collision with:  Animal,,,Animal,None Indicated,,,,,,,Paved,,Property Damage Only,0,0,0,0,0,0,6000,1,1,,POINT (-90.986461400496 42.591182948836)
2014824162,2014-23014,10/23/2014,10-October,5-Thursday,07:21,0700 Hours,District 5 (Southeast),INDIANOLA,WARREN,IA 92,IA 92/E 2ND AVE & S 9TH ST,Collision with:  Vehicle in traffic,On Roadway,Broadside (front to side),FTYROW:  From driveway,None Indicated,,Dawn,Dry,Cloudy,None apparent,Non-intersection:  Driveway access (within),Paved,,Property Damage Only,0,0,0,0,0,0,5500,2,2,,POINT (-93.547504880491 41.358060539264)
2014823154,14-2357,10/23/2014,10-October,5-Thursday,08:15,0800 Hours,District 1 (Central),WINDSOR HEIGHTS,POLK,US 6,US 6/HICKMAN RD,Collision with:  Vehicle in traffic,On Roadway,Rear-end (front to rear),Followed too close,None Indicated,,Daylight,Wet,Rain,None apparent,Intersection:  Four-way intersection,Paved,,Property Damage Only,0,0,0,0,0,0,2100,2,2,,POINT (-93.719097144153 41.614709546752)
2014822921,20140031465,10/23/2014,10-October,5-Thursday,07:15,0700 Hours,District 1 (Central),DES MOINES,POLK,,2ND AVE,Collision with:  Vehicle in traffic,On Roadway,"Sideswipe, same direction",Improper or erratic lane changing,None Indicated,,Dawn,Wet,Rain,"Surface condition (e.g., wet, icy)",Non-intersection:  Non-junction/no special feature,Paved,,Property Damage Only,0,0,0,0,0,0,3000,2,4,,POINT (-93.619000423215 41.585000777977)
2014823228,148074,10/23/2014,10-October,5-Thursday,06:35,0600 Hours,District 4 (Southwest),,DALLAS,IA 44,IA 44/240TH ST & Co Rd P58/K AVE,Collision with:  Vehicle in traffic,On Roadway,Broadside (front to side),FTYROW:  From stop sign,None Indicated,,Dark - roadway lighted,Wet,Rain,None apparent,Intersection:  Four-way intersection,Paved,,Minor Injury,0,2,0,1,1,0,10000,2,4,,POINT (-94.086252197763 41.688404202115)
2014822897,14-6976,10/23/2014,10-October,5-Thursday,07:45,0700 Hours,District 1 (Central),,POLK,US 69,US 69/NE 14TH ST,Collision with:  Vehicle in traffic,On Roadway,Rear-end (front to rear),Followed too close,None Indicated,,Daylight,Wet,Rain,None apparent,Non-intersection:  Non-junction/no special feature,Paved,,Property Damage Only,0,0,0,0,0,0,2400,2,2,,POINT (-93.600525240901 41.658768678934)
2014909194,103-14,10/23/2014,10-October,5-Thursday,16:45,1600 Hours,District 4 (Southwest),,MADISON,,NORTH RIVER TRL,Collision with:  Vehicle in traffic,On Roadway,Broadside (front to side),FTYROW:  Other (explain in narrative),None Indicated,,Daylight,Dry,Clear,None apparent,Non-intersection:  Non-junction/no special feature,Unpaved,,Property Damage Only,0,0,0,0,0,0,6500,2,2,,POINT (-93.989296606962 41.389627325168)
2014823790,14-001230,10/23/2014,10-October,5-Thursday,17:00,1700 Hours,District 1 (Central),,STORY,,Co Rd R63/180TH ST,Collision with fixed object:  Ditch,On Roadway,Non-collision (single vehicle),Driving too fast for conditions,None Indicated,,Daylight,"Mud, dirt",Clear,None apparent,Non-intersection:  Non-junction/no special feature,Unpaved,,Minor Injury,0,2,0,2,0,0,2000,1,3,,POINT (-93.593073078511 42.092233090094)
2014824068,14015806,10/23/2014,10-October,5-Thursday,18:14,1800 Hours,District 6 (East Central),,CEDAR,,Co Rd X54/MOSCOW RD,Collision with fixed object:  Ditch,On Roadway,Non-collision (single vehicle),Unknown,None Indicated,,Dusk,Wet,Clear,None apparent,Non-intersection:  Non-junction/no special feature,Paved,,Possible/Unknown,0,1,0,0,1,0,3000,1,1,,POINT (-91.102322086891 41.6041128495)
2014824074,14-37854,10/23/2014,10-October,5-Thursday,02:07,0200 Hours,District 5 (Southeast),,DES MOINES,US 34,US 34,Collision with fixed object:  Ditch,On Roadway,Non-collision (single vehicle),Downhill runaway,Alcohol (Statutory),,Dark - roadway not lighted,Dry,Clear,None apparent,Non-intersection:  Non-junction/no special feature,Paved,,Possible/Unknown,0,1,0,0,1,0,1500,1,1,,POINT (-91.330199236092 40.877207449214)
2014834246,1416179,10/23/2014,10-October,5-Thursday,06:54,0600 Hours,District 3 (Northwest),SPENCER,CLAY,,Co Rd M50/240TH AVE & E 8TH ST,Collision with fixed object:  Ditch,On Roadway,Non-collision (single vehicle),Ran Stop Sign,None Indicated,,Dark - roadway not lighted,Dry,"Fog, smoke, smog",None apparent,Intersection:  T-intersection,Paved,,Possible/Unknown,0,1,0,0,1,0,10000,1,1,,POINT (-95.111526690771 43.146565428389)
2014823296,14-7811,10/23/2014,10-October,5-Thursday,15:05,1500 Hours,District 3 (Northwest),IDA GROVE,IDA,,WARREN ST,Collision with:  Vehicle in traffic,On Roadway,Broadside (front to side),FTYROW:  From driveway,None Indicated,,Daylight,Dry,Clear,None apparent,Non-intersection:  Driveway access (within),Paved,,Property Damage Only,0,0,0,0,0,0,3000,2,30,,POINT (-95.479437414295 42.345684793436)
2014823104,201415906,10/23/2014,10-October,5-Thursday,19:06,1900 Hours,District 6 (East Central),CEDAR RAPIDS,LINN,,42ND ST NE & EDGEWOOD RD NE,Collision with:  Vehicle in traffic,On Roadway,Head-on (front to front),FTYROW:  Making left turn,None Indicated,,Dark - roadway lighted,Dry,Clear,None apparent,Intersection:  Four-way intersection,Paved,,Possible/Unknown,0,1,0,0,1,0,10000,2,2,,POINT (-91.702297613338 42.021744222714)
2014823256,,10/23/2014,10-October,5-Thursday,13:08,1300 Hours,District 4 (Southwest),AUDUBON,AUDUBON,US 71,US 71/MARKET ST,Collision with:  Vehicle in traffic,On Roadway,"Angle, oncoming left turn",FTYROW:  Making left turn,None Indicated,,Daylight,Dry,Clear,None apparent,Non-intersection:  Driveway access (within),Paved,,Property Damage Only,0,0,0,0,0,0,2000,2,2,,POINT (-94.937243882372 41.726365614014)
2014823147,20140031543,10/23/2014,10-October,5-Thursday,17:50,1700 Hours,District 1 (Central),DES MOINES,POLK,,URBANDALE AVE,Collision with:  Vehicle in traffic,On Roadway,Broadside (front to side),FTYROW:  From driveway,None Indicated,,Daylight,Dry,Cloudy,None apparent,Non-intersection:  Driveway access (within),Paved,,Property Damage Only,0,0,0,0,0,0,3500,2,2,,POINT (-93.7031425356 41.622140091681)
2014823146,20140031541,10/23/2014,10-October,5-Thursday,17:39,1700 Hours,District 1 (Central),DES MOINES,POLK,,COTTAGE GROVE AVE & MLK JR PKWY,Collision with:  Vehicle in traffic,On Roadway,"Sideswipe, same direction",Made improper turn,None Indicated,,Daylight,Dry,Clear,None apparent,Non-intersection:  Non-junction/no special feature,Paved,,Property Damage Only,0,0,0,0,0,0,2500,2,2,,POINT (-93.644347304609 41.594373170067)
2014829152,14-10133,10/23/2014,10-October,5-Thursday,12:45,1200 Hours,District 5 (Southeast),MOUNT PLEASANT,HENRY,,E WEBSTER ST & S LOCUST ST,Collision with:  Vehicle in traffic,On Roadway,Rear-end (front to rear),Other (explain in narrative):  Other,None Indicated,,Daylight,Dry,Clear,None apparent,Intersection:  Four-way intersection,Paved,,Property Damage Only,0,0,0,0,0,0,8000,2,1,,POINT (-91.549504169474 40.960813691207)
2014823874,,10/23/2014,10-October,5-Thursday,02:35,0200 Hours,District 4 (Southwest),,ADAIR,I-80,I-80,,Outside trafficway,Non-collision (single vehicle),Ran off road - right,None Indicated,,Dark - roadway lighted,Wet,Rain,None apparent,Non-intersection:  Non-junction/no special feature,Paved,,Property Damage Only,0,0,0,0,0,0,2200,1,2,,POINT (-94.284877047014 41.493036887793)
2014823214,2014011887,10/23/2014,10-October,5-Thursday,09:28,0900 Hours,District 6 (East Central),IOWA CITY,JOHNSON,,E BENTON ST & S CLINTON ST,Collision with:  Vehicle in traffic,On Roadway,"Sideswipe, same direction",Made improper turn,None Indicated,,Daylight,Wet,Cloudy,None apparent,Intersection:  Other intersection (explain in narrative),Paved,,Property Damage Only,0,0,0,0,0,0,4200,2,2,,POINT (-91.534758048302 41.651123509791)
2014823223,148105,10/23/2014,10-October,5-Thursday,19:11,1900 Hours,District 4 (Southwest),,DALLAS,,Co Rd P58/J AVE,Collision with:  Animal,,,Animal,None Indicated,,,,,,,Paved,,Property Damage Only,0,0,0,0,0,0,2500,1,1,,POINT (-94.106373978743 41.823270088393)
2014823149,20140031551,10/23/2014,10-October,5-Thursday,18:44,1800 Hours,District 1 (Central),DES MOINES,POLK,,GRAND AVE & 36TH ST,Collision with:  Vehicle in traffic,On Roadway,Broadside (front to side),FTYROW:  From driveway,None Indicated,,Dark - roadway lighted,Dry,Cloudy,None apparent,Non-intersection:  Driveway access (within),Paved,,Possible/Unknown,0,1,0,0,1,0,5500,2,4,,POINT (-93.665375480971 41.584480536673)
2014822923,20140031471,10/23/2014,10-October,5-Thursday,07:45,0700 Hours,District 1 (Central),DES MOINES,POLK,US 69,US 69/SE 14TH ST & INDIANOLA AVE,Collision with:  Vehicle in traffic,On Roadway,"Angle, oncoming left turn",Crossed centerline (undivided),None Indicated,,Dawn,Wet,Rain,None apparent,Non-intersection:  Non-junction/no special feature,Paved,,Property Damage Only,0,0,0,0,0,0,2500,2,2,,POINT (-93.596826574121 41.553358331362)
2014823144,20140031533,10/23/2014,10-October,5-Thursday,15:56,1500 Hours,District 1 (Central),DES MOINES,POLK,,WOODLAND AVE & 22ND ST,Collision with:  Vehicle in traffic,On Roadway,"Angle, oncoming left turn",Made improper turn,None Indicated,,Daylight,Dry,Clear,None apparent,Non-intersection:  Non-junction/no special feature,Paved,,Property Damage Only,0,0,0,0,0,0,5000,2,2,,POINT (-93.647296100728 41.588078556831)