Iowa DOT Case Number,Law Enforcement Case Number,Date of Crash,Month of Crash,Day of Week,Time of Crash,Hour,DOT District,City Name,County Name,Route with System,Location Description,First Harmful Event,Location of First Harmful Event,Manner of Crash/Collision,Major Cause,Drug or Alcohol ,Environmental Conditions,Light Conditions,Surface Conditions,Weather Conditions,Roadway Contribution,Roadway Type,Roadway Surface,Work Zone,Crash Severity,Number of Fatalities,Number of Injuries,Number of Major Injuries,Number of Minor Injuries,Number of Possible Injuries,Number of Unknown Injuries,Amount of Property Damage,Number of Vehicles Involved,Total Number of Occupants,Travel Direction,Location
2014823357,20140031589,10/24/2014,10-October,6-Friday,04:52,0400 Hours,District 5 (Southeast),DES MOINES,WARREN,IA 5,IA 5/IOWA 5,Collision with:  Vehicle in traffic,On Roadway,Head-on (front to front),Traveling wrong way or on wrong side of road,None Indicated,,Dark - roadway not lighted,Wet,"Fog, smoke, smog",None apparent,Non-intersection:  Non-junction/no special feature,Paved,,Possible/Unknown,0,2,0,0,2,0,20000,2,2,,POINT (-93.620439130209 41.498360581047)
2014832051,,10/24/2014,10-October,6-Friday,07:40,0700 Hours,District 2 (Northeast),,WINNESHIEK,,Co Rd A38/CANOE RIDGE RD & Co Rd W38/LOCUST RD & MEADOWLARK RD,Collision with:  Vehicle in traffic,On Roadway,Broadside (front to side),FTYROW:  From stop sign,None Indicated,,Dawn,Wet,"Fog, smoke, smog",None apparent,Intersection:  Four-way intersection,Paved,,Minor Injury,0,2,0,2,0,0,20000,2,2,,POINT (-91.759601633299 43.355781490122)
2014825175,14005012,10/24/2014,10-October,6-Friday,12:50,1200 Hours,District 1 (Central),AMES,STORY,,MAIN ST & DUFF AVE,Collision with:  Vehicle in traffic,On Roadway,"Sideswipe, same direction",FTYROW:  Other (explain in narrative),None Indicated,,Daylight,Dry,Cloudy,None apparent,Non-intersection:  Non-junction/no special feature,Paved,,Property Damage Only,0,0,0,0,0,0,3500,2,2,,POINT (-93.610423457036 42.025160605041)
2014825542,2014060331,10/24/2014,10-October,6-Friday,23:12,2300 Hours,District 4 (Southwest),,ADAIR,I-80,I-80,Non-collision events:  Overturn/rollover,Shoulder,Non-collision (single vehicle),Swerving/Evasive Action,None Indicated,,Dark - roadway not lighted,Dry,Clear,None apparent,Non-intersection:  Non-junction/no special feature,Paved,,Minor Injury,0,1,0,1,0,0,20000,1,2,,POINT (-94.575893079891 41.496766851315)
2014823393,14-0953,10/24/2014,10-October,6-Friday,10:38,1000 Hours,District 1 (Central),WINDSOR HEIGHTS,POLK,I-235,I-235,Collision with:  Vehicle in traffic,On Roadway,Rear-end (front to rear),Equipment failure,None Indicated,,Daylight,Wet,Cloudy,None apparent,Non-intersection:  Other non-intersection (explain in narrative),Paved,,Minor Injury,0,1,0,1,0,0,11000,2,3,,POINT (-93.71431245179 41.593338254385)
2014826691,14018707,10/24/2014,10-October,6-Friday,18:07,1800 Hours,District 2 (Northeast),MASON CITY,CERRO GORDO,,N EISENHOWER AVE,Collision with:  Vehicle in traffic,On Roadway,Rear-end (front to rear),Other (explain in narrative):  Other,None Indicated,,Daylight,Dry,Cloudy,None apparent,Non-intersection:  Non-junction/no special feature,Paved,,Property Damage Only,0,0,0,0,0,0,2500,2,4,,POINT (-93.260598226073 43.153455915925)
2014921732,2014060155,10/24/2014,10-October,6-Friday,05:10,0500 Hours,District 5 (Southeast),,MUSCATINE,IA 38,IA 38/IOWA 38,Collision with:  Vehicle in traffic,On Roadway,"Sideswipe, opposite direction",Crossed centerline (undivided),None Indicated,,Dark - roadway not lighted,Dry,"Fog, smoke, smog",None apparent,Non-intersection:  Non-junction/no special feature,Paved,,Major Injury,0,4,3,1,0,0,45000,3,4,,POINT (-91.039318634777 41.502323990912)
2014823328,14-004607,10/24/2014,10-October,6-Friday,06:32,0600 Hours,District 1 (Central),ANKENY,POLK,,SE CREEKVIEW DR,Collision with:  Vehicle in traffic,On Roadway,"Angle, oncoming left turn",Crossed centerline (undivided),None Indicated,,Dark - roadway lighted,Wet,"Fog, smoke, smog",None apparent,Intersection:  Other intersection (explain in narrative),Paved,,Property Damage Only,0,0,0,0,0,0,3200,2,3,,POINT (-93.57179428402 41.703401348992)
2014832294,14044654,10/24/2014,10-October,6-Friday,03:00,0300 Hours,District 5 (Southeast),MUSCATINE,MUSCATINE,IA 22,IA 22/IOWA 22,Collision with fixed object:  Guardrail - face,Shoulder,Non-collision (single vehicle),Swerving/Evasive Action,None Indicated,,Dark - roadway not lighted,Wet,"Fog, smoke, smog",None apparent,Non-intersection:  Other non-intersection (explain in narrative),Paved,,Possible/Unknown,0,1,0,0,1,0,1600,1,1,,POINT (-90.978997020592 41.444824837594)
2014823345,20140031640,10/24/2014,10-October,6-Friday,14:07,1400 Hours,District 1 (Central),DES MOINES,POLK,,31ST ST,Collision with:  Vehicle in traffic,On Roadway,Rear-end (front to rear),Followed too close,None Indicated,,Daylight,Dry,Cloudy,None apparent,Non-intersection:  Non-junction/no special feature,Paved,,Property Damage Only,0,0,0,0,0,0,7500,2,2,,POINT (-93.659345995814 41.599116005123)
2014823355,20140031581,10/24/2014,10-October,6-Friday,02:49,0200 Hours,District 1 (Central),DES MOINES,POLK,,UNIVERSITY AVE & MLK JR PKWY,Collision with:  Vehicle in traffic,On Roadway,Rear-end (front to rear),"Operating vehicle in an reckless, erratic, careless, negligent manner",Refused,,Dark - roadway lighted,Dry,"Fog, smoke, smog",None apparent,Intersection:  Four-way intersection,Paved,,Property Damage Only,0,0,0,0,0,0,5500,3,3,,POINT (-93.643819639241 41.600437992525)
2014823438,201405035,10/24/2014,10-October,6-Friday,18:16,1800 Hours,District 1 (Central),,BOONE,US 30,US 30/220TH ST & US 169/D AVE,Collision with:  Vehicle in traffic,On Roadway,"Angle, oncoming left turn",FTYROW:  From stop sign,None Indicated,,Daylight,Dry,Clear,None apparent,Intersection:  Four-way intersection,Paved,,Property Damage Only,0,0,0,0,0,0,9500,2,5,,POINT (-94.105985118538 42.034613625438)
2014825298,2014060309,10/24/2014,10-October,6-Friday,19:39,1900 Hours,District 6 (East Central),IOWA CITY,JOHNSON,I-80,I-80 & Co Rd W66/DUBUQUE ST & N DUBUQUE ST,Collision with fixed object:  Guardrail - face,Shoulder,Non-collision (single vehicle),Ran off road - right,None Indicated,,Dark - roadway lighted,Wet,Rain,None apparent,Non-intersection:  Other non-intersection (explain in narrative),Paved,,Minor Injury,0,1,0,1,0,0,105426,1,1,,POINT (-91.53988696199 41.686684759455)
2014828552,2014-006608,10/24/2014,10-October,6-Friday,19:15,1900 Hours,District 6 (East Central),,BENTON,US 218,US 218/58 ST,Collision with:  Animal,,,Animal,None Indicated,,,,,,,Paved,,Property Damage Only,0,0,0,0,0,0,3000,1,1,,POINT (-92.051933115218 42.181083379055)
2014823633,2014-03940,10/24/2014,10-October,6-Friday,17:31,1700 Hours,District 6 (East Central),DUBUQUE,DUBUQUE,US 20,US 20/DODGE ST & WACKER DR,Collision with:  Vehicle in traffic,On Roadway,Rear-end (front to rear),Lost Control,None Indicated,,Daylight,Dry,Clear,None apparent,Non-intersection:  Non-junction/no special feature,Paved,,Property Damage Only,0,0,0,0,0,0,8000,3,3,,POINT (-90.720484853451 42.492075528824)
2014824834,20143888,10/24/2014,10-October,6-Friday,02:30,0200 Hours,District 1 (Central),,GRUNDY,,Co Rd D19/160TH ST,Collision with:  Vehicle in traffic,On Roadway,Head-on (front to front),Crossed centerline (undivided),Refused,,Dark - roadway not lighted,Dry,"Fog, smoke, smog",None apparent,Non-intersection:  Non-junction/no special feature,Paved,,Minor Injury,0,2,0,1,1,0,12000,2,2,,POINT (-92.542940892836 42.469602657747)
2014824293,14015844,10/24/2014,10-October,6-Friday,15:03,1500 Hours,District 6 (East Central),,CEDAR,US 30,US 30,Collision with:  Vehicle in traffic,On Roadway,Rear-end (front to rear),Followed too close,None Indicated,,Daylight,Dry,Clear,None apparent,Non-intersection:  Driveway access (within),Paved,,Property Damage Only,0,0,0,0,0,0,3500,2,6,,POINT (-91.097346687852 41.888581792634)
2014823549,14-5347,10/24/2014,10-October,6-Friday,18:05,1800 Hours,District 1 (Central),WEST DES MOINES,POLK,,22ND ST,Collision with:  Vehicle in traffic,On Roadway,Rear-end (front to rear),Followed too close,None Indicated,,Daylight,Dry,Cloudy,None apparent,Non-intersection:  Non-junction/no special feature,Paved,,Property Damage Only,0,0,0,0,0,0,2500,3,3,,POINT (-93.736070294961 41.595849131176)
2014823389,14-2368,10/24/2014,10-October,6-Friday,09:30,0900 Hours,District 1 (Central),URBANDALE,POLK,,OAK BROOK DR & 128TH ST,Collision with:  Vehicle in traffic,On Roadway,"Sideswipe, same direction",FTYROW:  Other (explain in narrative),None Indicated,,Daylight,Dry,Cloudy,None apparent,Intersection:  T-intersection,Paved,,Property Damage Only,0,0,0,0,0,0,11000,2,2,,POINT (-93.789786624935 41.621181141093)
2014824581,20140031696,10/24/2014,10-October,6-Friday,22:58,2200 Hours,District 1 (Central),DES MOINES,POLK,,HICKMAN RD & 30TH ST,Collision with fixed object:  Curb/island/raised median,On Roadway,Non-collision (single vehicle),Exceeded authorized speed,Alcohol (Statutory),,Dark - roadway lighted,Dry,Clear,None apparent,Intersection:  Four-way intersection,Paved,,Minor Injury,0,1,0,1,0,0,1200,1,3,,POINT (-93.65853526353 41.614973348884)
2014823551,14-11688,10/24/2014,10-October,6-Friday,17:00,1700 Hours,District 3 (Northwest),SAC CITY,SAC,,S 10TH ST,Collision with:  Parked motor vehicle,On Roadway,"Sideswipe, same direction",Other (explain in narrative):  Other,None Indicated,,Daylight,Dry,Clear,None apparent,Non-intersection:  Non-junction/no special feature,Paved,,Property Damage Only,0,0,0,0,0,0,5000,2,1,,POINT (-94.996133157923 42.415981597868)
2014823683,14-5394,10/24/2014,10-October,6-Friday,08:19,0800 Hours,District 1 (Central),WEST DES MOINES,POLK,,ELM ST,Collision with:  Parked motor vehicle,On Roadway,Unknown,Unknown,None Indicated,,Unknown,Unknown,Unknown,None apparent,Non-intersection:  Non-junction/no special feature,Paved,,Property Damage Only,0,0,0,0,0,0,2000,2,1,,POINT (-93.765695433034 41.574497670798)
2014823178,S2014-10993,10/24/2014,10-October,6-Friday,07:05,0700 Hours,District 3 (Northwest),,WOODBURY,US 20,US 20,Collision with:  Vehicle in traffic,On Roadway,Rear-end (front to rear),Followed too close,None Indicated,,Dark - roadway not lighted,Dry,Clear,None apparent,Non-intersection:  Non-junction/no special feature,Paved,,Property Damage Only,0,0,0,0,0,0,6500,2,2,,POINT (-96.251441359943 42.475143162996)
2014823577,14015102,10/24/2014,10-October,6-Friday,07:11,0700 Hours,District 5 (Southeast),,APPANOOSE,,270TH AVE,Collision with:  Animal,,,Animal,None Indicated,,,,,,,Unpaved,,Property Damage Only,0,0,0,0,0,0,2000,1,1,,POINT (-92.772973240429 40.872677373121)
2014823550,14-3401,10/24/2014,10-October,6-Friday,21:27,2100 Hours,District 1 (Central),FORT DODGE,WEBSTER,,CENTRAL AVE & CENTRAL AVE CONNECTOR & S 12TH ST & N 12TH ST,Collision with:  Vehicle in traffic,On Roadway,Rear-end (front to rear),Followed too close,None Indicated,,Dark - roadway lighted,Dry,Clear,None apparent,Non-intersection:  Non-junction/no special feature,Paved,,Property Damage Only,0,0,0,0,0,0,3500,2,3,,POINT (-94.182716737876 42.505729854759)
2014823349,20140031668,10/24/2014,10-October,6-Friday,17:30,1700 Hours,District 1 (Central),DES MOINES,POLK,I-235,I-235 & MLK JR PKWY,Collision with:  Vehicle in traffic,On Roadway,"Sideswipe, same direction",FTYROW:  Other (explain in narrative),None Indicated,,Daylight,Dry,Cloudy,Unknown,Intersection:  Intersection with ramp,Paved,,Property Damage Only,0,0,0,0,0,0,1500,2,2,,POINT (-93.644223837237 41.596436518268)
2014823896,,10/24/2014,10-October,6-Friday,17:05,1700 Hours,District 6 (East Central),CEDAR RAPIDS,LINN,IA 100,IA 100/COLLINS RD NE & F AVE NE,Collision with:  Vehicle in traffic,On Roadway,Rear-end (front to rear),Unknown,None Indicated,,Daylight,Dry,Clear,,Intersection:  Four-way intersection,Paved,,Property Damage Only,0,0,0,0,0,0,3250,2,2,,POINT (-91.643445904277 42.028241746377)
2014826040,2014060320,10/24/2014,10-October,6-Friday,22:18,2200 Hours,District 4 (Southwest),,ADAIR,I-80,I-80,Collision with:  Vehicle in traffic,On Roadway,Rear-end (front to rear),Swerving/Evasive Action,Refused,,Dark - roadway not lighted,Dry,Clear,None apparent,Non-intersection:  Non-junction/no special feature,Paved,,Possible/Unknown,0,1,0,0,1,0,16000,2,4,,POINT (-94.303433070045 41.493008212746)
2014831298,2014060304,10/24/2014,10-October,6-Friday,20:33,2000 Hours,District 1 (Central),,POLK,I-80,I-80,Collision with:  Vehicle in traffic,On Roadway,"Sideswipe, same direction",FTYROW:  From yield sign,None Indicated,,Dark - roadway lighted,Dry,"Fog, smoke, smog",None apparent,Interchange-related:  On-ramp merge area,Paved,,Possible/Unknown,0,1,0,0,1,0,3000,2,3,,POINT (-93.388209815057 41.680434371657)
2014823320,14-7030,10/24/2014,10-October,6-Friday,18:05,1800 Hours,District 1 (Central),,POLK,IA 415,IA 415/NW 35TH ST,Collision with:  Animal,,,Animal,None Indicated,,,,,,,Paved,,Property Damage Only,0,0,0,0,0,0,7000,1,1,,POINT (-93.663043011714 41.715151687602)
2014823418,14-35223,10/24/2014,10-October,6-Friday,11:38,1100 Hours,District 3 (Northwest),SIOUX CITY,WOODBURY,I-29,I-29,Collision with:  Vehicle in traffic,On Roadway,Rear-end (front to rear),Followed too close,None Indicated,,Daylight,Dry,Clear,Work Zone (roadway-related),Non-intersection:  Non-junction/no special feature,Paved,Yes,Property Damage Only,0,0,0,0,0,0,4400,2,2,,POINT (-96.391718287022 42.484211006841)
2014823461,14009195,10/24/2014,10-October,6-Friday,12:15,1200 Hours,District 6 (East Central),GREELEY,DELAWARE,IA 38,IA 38/FRONT ST,Non-collision events:  Overturn/rollover,On Roadway,Non-collision (single vehicle),Lost Control,None Indicated,,Daylight,Dry,Cloudy,None apparent,Non-intersection:  Non-junction/no special feature,Paved,,Property Damage Only,0,0,0,0,0,0,35000,1,1,,POINT (-91.341537085273 42.588400558387)
2014823646,2014-74465,10/24/2014,10-October,6-Friday,18:47,1800 Hours,District 6 (East Central),DAVENPORT,SCOTT,,STONE BROOK LN & LOMAR ST,Collision with:  Vehicle in traffic,On Roadway,"Sideswipe, same direction",Unknown,None Indicated,,Dark - roadway lighted,Dry,Clear,None apparent,Non-intersection:  Non-junction/no special feature,Paved,,Possible/Unknown,0,1,0,0,1,0,4500,2,2,,POINT (-90.562662897903 41.629319608086)
2014825140,14-005017,10/24/2014,10-October,6-Friday,15:34,1500 Hours,District 1 (Central),AMES,STORY,US 30,US 30/NE RAMP CURV & UNIVERSITY BLVD,Collision with:  Vehicle in traffic,On Roadway,Rear-end (front to rear),Followed too close,None Indicated,,Daylight,Dry,Cloudy,None apparent,Intersection:  Intersection with ramp,Paved,,Property Damage Only,0,0,0,0,0,0,11500,3,5,,POINT (-93.639416316908 42.004891049374)
2014824770,14105971,10/24/2014,10-October,6-Friday,14:19,1400 Hours,District 2 (Northeast),CEDAR FALLS,BLACK HAWK,IA 27,IA 27,Collision with:  Vehicle in traffic,On Roadway,Rear-end (front to rear),Driving too fast for conditions,None Indicated,,Daylight,Wet,Rain,None apparent,Non-intersection:  Non-junction/no special feature,Paved,,Property Damage Only,0,0,0,0,0,0,2000,2,2,,POINT (-92.450141200559 42.49004363153)
2014823660,2014060295,10/24/2014,10-October,6-Friday,19:25,1900 Hours,District 1 (Central),,WEBSTER,,Co Rd D14/170TH ST & Co Rd P59/PARAGON AVE,Collision with:  Animal,,Non-collision (single vehicle),Animal,None Indicated,,,,,,,Paved,,Property Damage Only,0,0,0,0,0,0,3000,1,1,,POINT (-94.148717232012 42.544665066112)
2014823179,14-045257,10/24/2014,10-October,6-Friday,07:54,0700 Hours,District 4 (Southwest),COUNCIL BLUFFS,POTTAWATTAMIE,,W BROADWAY & S MAIN ST & N MAIN ST,Collision with:  Vehicle in traffic,On Roadway,"Sideswipe, same direction",Crossed centerline (undivided),None Indicated,,Daylight,Dry,Clear,None apparent,Non-intersection:  Non-junction/no special feature,Paved,,Property Damage Only,0,0,0,0,0,0,2000,2,3,,POINT (-95.849702618652 41.260845148299)
2014824174,14-215,10/24/2014,10-October,6-Friday,16:19,1600 Hours,District 2 (Northeast),WAVERLY,BREMER,IA 116,IA 116/4TH ST SW,Collision with:  Vehicle in traffic,On Roadway,Rear-end (front to rear),Lost Control,None Indicated,,Daylight,Wet,Cloudy,None apparent,Intersection:  T-intersection,Paved,,Property Damage Only,0,0,0,0,0,0,4000,2,3,,POINT (-92.475487718428 42.713899709083)
2014823546,2014-21587,10/24/2014,10-October,6-Friday,14:08,1400 Hours,District 6 (East Central),WALCOTT,SCOTT,,Co Rd Y40/70 AVE,Collision with:  Vehicle in traffic,On Roadway,"Sideswipe, opposite direction",Crossed centerline (undivided),None Indicated,,Daylight,Dry,Clear,None apparent,Non-intersection:  Non-junction/no special feature,Paved,,Minor Injury,0,1,0,1,0,0,11000,2,2,,POINT (-90.765039750865 41.573721759159)
2014823347,20140031660,10/24/2014,10-October,6-Friday,17:00,1700 Hours,District 1 (Central),DES MOINES,POLK,US 69,US 69/PROPOSED E 15TH & E COURT AVE & E 15TH ST,Collision with:  Vehicle in traffic,On Roadway,Rear-end (front to rear),Followed too close,None Indicated,,Daylight,Dry,Clear,None apparent,Non-intersection:  Non-junction/no special feature,Paved,,Possible/Unknown,0,1,0,0,1,0,200,2,3,,POINT (-93.594365485766 41.589679436957)
2014823575,2014011941,10/24/2014,10-October,6-Friday,20:19,2000 Hours,District 6 (East Central),IOWA CITY,JOHNSON,I-80,I-80,Collision with:  Vehicle in traffic,On Roadway,Rear-end (front to rear),Followed too close,None Indicated,,Dark - roadway not lighted,Wet,Clear,None apparent,Non-intersection:  Non-junction/no special feature,Paved,,Property Damage Only,0,0,0,0,0,0,1500,2,8,,POINT (-91.542611017008 41.685773627105)
2014823645,2014-74418,10/24/2014,10-October,6-Friday,14:11,1400 Hours,District 6 (East Central),DAVENPORT,SCOTT,,W 38TH PL & N LINCOLN AVE,Collision with:  Vehicle in traffic,On Roadway,"Sideswipe, same direction",Lost Control,None Indicated,,Daylight,Dry,Clear,None apparent,Non-intersection:  Non-junction/no special feature,Paved,,Property Damage Only,0,0,0,0,0,0,4000,2,1,,POINT (-90.611335799445 41.559488826842)
2014823421,14-35291,10/24/2014,10-October,6-Friday,22:14,2200 Hours,District 3 (Northwest),SIOUX CITY,WOODBURY,,27TH ST & CLARK ST,Collision with:  Vehicle in traffic,On Roadway,Rear-end (front to rear),Lost Control,None Indicated,,Dark - roadway lighted,Dry,Clear,None apparent,Intersection:  Four-way intersection,Paved,,Possible/Unknown,0,3,0,0,3,0,8500,2,3,,POINT (-96.391111991624 42.517536561731)
2014823627,2014-039041,10/24/2014,10-October,6-Friday,19:21,1900 Hours,District 6 (East Central),DUBUQUE,DUBUQUE,,UNIVERSITY AVE & GRANDVIEW AVE N,Collision with:  Vehicle in traffic,On Roadway,Broadside (front to side),Ran Stop Sign,None Indicated,,Dark - roadway lighted,Dry,Clear,None apparent,Intersection:  Four-way intersection,Paved,,Property Damage Only,0,0,0,0,0,0,4000,2,6,,POINT (-90.688118383802 42.498333891322)
2014823626,2014-039039,10/24/2014,10-October,6-Friday,17:25,1700 Hours,District 6 (East Central),DUBUQUE,DUBUQUE,,DAYKIN CT & JOHN F KENNEDY RD,Collision with:  Vehicle in traffic,On Roadway,Rear-end (front to rear),Lost Control,None Indicated,,Dusk,Dry,Cloudy,None apparent,Intersection:  T-intersection,Paved,,Property Damage Only,0,0,0,0,0,0,4000,2,3,,POINT (-90.715498065391 42.493353989843)
2014834212,14-016226,10/24/2014,10-October,6-Friday,07:15,0700 Hours,District 3 (Northwest),DICKENS,CLAY,US 18,US 18,Collision with:  Animal,,,Animal,None Indicated,,,,,,,Paved,,Property Damage Only,0,0,0,0,0,0,4000,1,1,,POINT (-95.087698334514 43.127175015276)
2014823188,14-045266,10/24/2014,10-October,6-Friday,09:05,0900 Hours,District 4 (Southwest),COUNCIL BLUFFS,POTTAWATTAMIE,US 6,US 6/KANESVILLE BLVD & N BROADWAY,Collision with:  Vehicle in traffic,On Roadway,Rear-end (front to rear),Followed too close,None Indicated,,Daylight,Dry,Clear,None apparent,Non-intersection:  Non-junction/no special feature,Paved,,Property Damage Only,0,0,0,0,0,0,2500,2,2,,POINT (-95.836684869472 41.268930368099)
2014830470,201415965,10/24/2014,10-October,6-Friday,18:52,1800 Hours,District 6 (East Central),CEDAR RAPIDS,LINN,,MT VERNON RD SE & 15TH ST SE,Collision with fixed object:  Curb/island/raised median,Median,Non-collision (single vehicle),Ran off road - left,Refused,,Dark - roadway not lighted,Dry,Clear,None apparent,Intersection:  Other intersection (explain in narrative),Paved,,Possible/Unknown,0,1,0,0,1,0,2800,2,2,,POINT (-91.650403534895 41.97741061371)
2014823543,14015112,10/24/2014,10-October,6-Friday,13:12,1300 Hours,District 5 (Southeast),CENTERVILLE,APPANOOSE,,E ONEAL ST,Collision with:  Vehicle in traffic,On Roadway,"Sideswipe, same direction",Other (explain in narrative):  Other,None Indicated,,Daylight,Dry,Clear,None apparent,Non-intersection:  Driveway access (within),Paved,,Property Damage Only,0,0,0,0,0,0,2500,2,3,,POINT (-92.856249747862 40.717990181821)
2014823309,14025060,10/24/2014,10-October,6-Friday,16:21,1600 Hours,District 5 (Southeast),OSKALOOSA,MAHASKA,IA 92,IA 92/A AVE W & GATEWAY DR & CORNERSTONE DR,Collision with:  Vehicle in traffic,On Roadway,"Angle, oncoming left turn",Ran Traffic Signal,None Indicated,,Daylight,Dry,Cloudy,None apparent,Intersection:  Four-way intersection,Paved,,Property Damage Only,0,0,0,0,0,0,6500,2,4,,POINT (-92.669592876123 41.296185956506)
2014823330,14-004618,10/24/2014,10-October,6-Friday,19:32,1900 Hours,District 1 (Central),ANKENY,POLK,IA 415,IA 415/SW ORALABOR RD & SW IRVINEDALE DR,Collision with:  Vehicle in traffic,On Roadway,Rear-end (front to rear),Other (explain in narrative):  Other,None Indicated,,Dark - roadway lighted,Dry,Cloudy,None apparent,Intersection:  Four-way intersection,Paved,,Minor Injury,0,1,0,1,0,0,4500,2,4,,POINT (-93.637416099282 41.703209221347)
2014823604,2014060168,10/24/2014,10-October,6-Friday,07:30,0700 Hours,District 6 (East Central),,BENTON,US 30,US 30/73 ST & Co Rd W26/32 AVE,Collision with:  Vehicle in traffic,Median,"Sideswipe, same direction",Lost Control,None Indicated,,Daylight,Wet,"Fog, smoke, smog",None apparent,Non-intersection:  Crossover-related,Paved,,Property Damage Only,0,0,0,0,0,0,10000,2,7,,POINT (-91.872656354245 41.963434719527)
2014823855,201400052297,10/24/2014,10-October,6-Friday,21:10,2100 Hours,District 5 (Southeast),OTTUMWA,WAPELLO,,S SCHUYLER ST,Collision with:  Parked motor vehicle,On Roadway,"Sideswipe, opposite direction",Ran off road - right,None Indicated,,Dark - roadway not lighted,Dry,Clear,None apparent,Non-intersection:  Non-junction/no special feature,Paved,,Property Damage Only,0,0,0,0,0,0,2000,2,2,,POINT (-92.426158155758 40.996012805051)
2014823122,14-7015,10/24/2014,10-October,6-Friday,10:15,1000 Hours,District 1 (Central),GRIMES,POLK,IA 141,IA 141/IOWA 141,Collision with:  Vehicle in traffic,On Roadway,Rear-end (front to rear),Other (explain in narrative):  Other,None Indicated,,Daylight,Wet,"Fog, smoke, smog",None apparent,Intersection:  Four-way intersection,Paved,,Property Damage Only,0,0,0,0,0,0,3000,2,3,,POINT (-93.774973284717 41.673217044)
2014823114,201415930,10/24/2014,10-October,6-Friday,09:10,0900 Hours,District 6 (East Central),CEDAR RAPIDS,LINN,,16TH AVE SW & 3RD ST SW,Collision with:  Vehicle in traffic,On Roadway,"Sideswipe, same direction",Made improper turn,None Indicated,,Daylight,Wet,Cloudy,None apparent,Intersection:  Four-way intersection,Paved,,Property Damage Only,0,0,0,0,0,0,8500,2,3,,POINT (-91.670091064539 41.961689973974)
2014832296,14044746,10/24/2014,10-October,6-Friday,19:44,1900 Hours,District 5 (Southeast),,MUSCATINE,IA 22,IA 22/IOWA 22,Collision with fixed object:  Other fixed object (explain in narrative),Shoulder,Non-collision (single vehicle),Ran off road - right,None Indicated,,Dark - roadway not lighted,Dry,"Fog, smoke, smog",None apparent,Non-intersection:  Non-junction/no special feature,Paved,,Property Damage Only,0,0,0,0,0,0,2000,1,1,,POINT (-91.34411707976 41.489635116723)
2014823346,20140031659,10/24/2014,10-October,6-Friday,16:48,1600 Hours,District 1 (Central),DES MOINES,POLK,,E ARMY POST RD & SE 16TH CT,Collision with:  Vehicle in traffic,On Roadway,Rear-end (front to rear),Unknown,None Indicated,,Daylight,Dry,Clear,None apparent,Non-intersection:  Non-junction/no special feature,Paved,,Possible/Unknown,0,2,0,0,2,0,11400,3,4,,POINT (-93.590272940837 41.526280087995)
2014825665,14-21567,10/24/2014,10-October,6-Friday,06:41,0600 Hours,District 6 (East Central),,SCOTT,,JERSEY RIDGE RD,Collision with:  Animal,On Roadway,Non-collision (single vehicle),Animal,None Indicated,,Dark - roadway not lighted,Wet,Rain,None apparent,Non-intersection:  Non-junction/no special feature,Paved,,Possible/Unknown,0,1,0,0,1,0,3000,1,2,,POINT (-90.539481296289 41.609804212701)
2014824835,20143893,10/24/2014,10-October,6-Friday,09:45,0900 Hours,District 1 (Central),,GRUNDY,,Co Rd T55/U AVE,Collision with:  Vehicle in traffic,On Roadway,Rear-end (front to rear),Followed too close,None Indicated,,Daylight,Dry,"Fog, smoke, smog",None apparent,Non-intersection:  Non-junction/no special feature,Paved,,Property Damage Only,0,0,0,0,0,0,4000,2,2,,POINT (-92.632870802784 42.495016402441)
2014823305,14022525,10/24/2014,10-October,6-Friday,07:25,0700 Hours,District 6 (East Central),MARION,LINN,,SALEM CIR,Collision with:  Parked motor vehicle,On Roadway,"Sideswipe, same direction",Unknown,None Indicated,,Dark - roadway lighted,Dry,"Fog, smoke, smog",None apparent,Non-intersection:  Non-junction/no special feature,Paved,,Property Damage Only,0,0,0,0,0,0,1500,2,1,,POINT (-91.573921258908 42.047960278453)
2014824209,2014060251,10/24/2014,10-October,6-Friday,13:50,1300 Hours,District 2 (Northeast),CLEAR LAKE,CERRO GORDO,I-35,I-35,Non-collision events:  Overturn/rollover,On Roadway,Non-collision (single vehicle),Swerving/Evasive Action,None Indicated,,Daylight,Dry,Cloudy,None apparent,Non-intersection:  Other non-intersection (explain in narrative),Paved,,Property Damage Only,0,0,0,0,0,0,4000,1,2,,POINT (-93.356027936466 43.136377710439)
2014823548,14-045344,10/24/2014,10-October,6-Friday,18:47,1800 Hours,District 4 (Southwest),COUNCIL BLUFFS,POTTAWATTAMIE,,AVE C,Collision with:  Parked motor vehicle,On Roadway,"Sideswipe, same direction",Swerving/Evasive Action,None Indicated,,Dusk,Dry,Clear,None apparent,Non-intersection:  Non-junction/no special feature,Paved,,Property Damage Only,0,0,0,0,0,0,4500,3,1,,POINT (-95.875610415812 41.264550516443)
2014823369,20140031648,10/24/2014,10-October,6-Friday,15:31,1500 Hours,District 1 (Central),DES MOINES,POLK,,E UNIVERSITY AVE & PENNSYLVANIA AVE,Collision with:  Vehicle in traffic,On Roadway,"Sideswipe, same direction",FTYROW:  Other (explain in narrative),None Indicated,,Daylight,Dry,Cloudy,None apparent,Intersection:  Four-way intersection,Paved,,Possible/Unknown,0,1,0,0,1,0,5500,2,3,,POINT (-93.60881571556 41.600403510179)