Iowa DOT Case Number,Law Enforcement Case Number,Date of Crash,Month of Crash,Day of Week,Time of Crash,Hour,DOT District,City Name,County Name,Route with System,Location Description,First Harmful Event,Location of First Harmful Event,Manner of Crash/Collision,Major Cause,Drug or Alcohol ,Environmental Conditions,Light Conditions,Surface Conditions,Weather Conditions,Roadway Contribution,Roadway Type,Roadway Surface,Work Zone,Crash Severity,Number of Fatalities,Number of Injuries,Number of Major Injuries,Number of Minor Injuries,Number of Possible Injuries,Number of Unknown Injuries,Amount of Property Damage,Number of Vehicles Involved,Total Number of Occupants,Travel Direction,Location
2014823332,14-004611,10/24/2014,10-October,6-Friday,12:12,1200 Hours,District 1 (Central),ANKENY,POLK,US 69,US 69/S ANKENY BLVD & SE MAGAZINE RD & SW MAGAZINE RD,Collision with:  Vehicle in traffic,On Roadway,"Sideswipe, same direction",Unknown,None Indicated,,Daylight,Dry,Cloudy,None apparent,Non-intersection:  Non-junction/no special feature,Paved,,Property Damage Only,0,0,0,0,0,0,2000,2,2,,POINT (-93.600457277847 41.717360222518)
2014823803,14015113,10/24/2014,10-October,6-Friday,14:14,1400 Hours,District 5 (Southeast),,APPANOOSE,,Co Rd T61/HWY T61,Collision with fixed object:  Ditch,Outside trafficway,Non-collision (single vehicle),Swerving/Evasive Action,None Indicated,,Daylight,Dry,Clear,None apparent,Non-intersection:  Non-junction/no special feature,Paved,,Possible/Unknown,0,1,0,0,1,0,2500,1,1,,POINT (-92.684014434321 40.827632901703)
2014823491,2014060345,10/25/2014,10-October,7-Saturday,06:45,0600 Hours,District 1 (Central),,POWESHIEK,I-80,I-80,Collision with:  Animal,,,Animal,None Indicated,,,,,,,Paved,,Property Damage Only,0,0,0,0,0,0,4000,1,1,,POINT (-92.662581202948 41.695654645625)
2014825143,14-005042,10/25/2014,10-October,7-Saturday,21:18,2100 Hours,District 1 (Central),AMES,STORY,US 69,US 69/GRAND AVE & 13TH ST,Collision with:  Vehicle in traffic,On Roadway,"Angle, oncoming left turn",FTYROW:  Making left turn,None Indicated,,Dark - roadway lighted,Dry,Clear,None apparent,Intersection:  Four-way intersection,Paved,,Possible/Unknown,0,1,0,0,1,0,7500,2,4,,POINT (-93.620395496879 42.034528005687)
2014823479,14-5374,10/25/2014,10-October,7-Saturday,21:59,2100 Hours,District 1 (Central),WEST DES MOINES,POLK,I-35,I-35,Collision with:  Vehicle in traffic,On Roadway,Rear-end (front to rear),Unknown,None Indicated,,Dark - roadway lighted,Dry,Clear,None apparent,Non-intersection:  Non-junction/no special feature,Paved,,Property Damage Only,0,0,0,0,0,0,2500,2,4,,POINT (-93.7770146755 41.598173766199)
2014823655,201405056,10/25/2014,10-October,7-Saturday,17:00,1700 Hours,District 1 (Central),,BOONE,,J AVE,Collision with fixed object:  Bridge overhead structure,On Roadway,Non-collision (single vehicle),Driving too fast for conditions,Refused,,Daylight,Dry,Clear,None apparent,Non-intersection:  Other non-intersection (explain in narrative),Unpaved,,Minor Injury,0,1,0,1,0,0,5000,1,1,,POINT (-93.989096897955 42.053053971712)
2014830471,201416023,10/25/2014,10-October,7-Saturday,19:35,1900 Hours,District 6 (East Central),CEDAR RAPIDS,LINN,,CENTER POINT RD NE,Collision with:  Vehicle in traffic,On Roadway,Broadside (front to side),Ran Traffic Signal,None Indicated,,Dark - roadway lighted,Dry,Clear,None apparent,Intersection:  Four-way intersection,Paved,,Property Damage Only,0,0,0,0,0,0,2000,2,2,,POINT (-91.667991152221 42.02827708005)
2014831299,2014060356,10/25/2014,10-October,7-Saturday,07:20,0700 Hours,District 3 (Northwest),,CRAWFORD,IA 141,IA 141/IOWA 141,Collision with:  Animal,,,Animal,None Indicated,,,,,,,Paved,,Property Damage Only,0,0,0,0,0,0,2500,1,1,,POINT (-95.624324448902 42.062912101566)
2014823342,20140031797,10/25/2014,10-October,7-Saturday,22:53,2200 Hours,District 1 (Central),DES MOINES,POLK,IA 163,IA 163/E UNIVERSITY AVE & E 30TH ST,Collision with:  Vehicle in traffic,On Roadway,Rear-end (front to rear),FTYROW:  Other (explain in narrative),None Indicated,,Dark - roadway lighted,Dry,Clear,None apparent,Intersection:  Four-way intersection,Paved,,Property Damage Only,0,0,0,0,0,0,4000,2,3,,POINT (-93.558393312663 41.600524361461)
2014827056,2014-039072,10/25/2014,10-October,7-Saturday,14:54,1400 Hours,District 6 (East Central),DUBUQUE,DUBUQUE,US 20,US 20/DODGE ST,Collision with:  Vehicle in traffic,On Roadway,"Sideswipe, same direction",FTYROW:  Other (explain in narrative),None Indicated,,Daylight,Dry,Clear,None apparent,Non-intersection:  Other non-intersection (explain in narrative),Paved,,Property Damage Only,0,0,0,0,0,0,3000,2,3,,POINT (-90.661060063211 42.491643020168)
2014826694,14018792,10/25/2014,10-October,7-Saturday,23:44,2300 Hours,District 2 (Northeast),MASON CITY,CERRO GORDO,US 65,US 65/5TH ST NE,Non-collision events:  Other non-collision (explain in narrative),Outside trafficway,Non-collision (single vehicle),Ran off road - right,Alcohol (Statutory),,Dark - roadway lighted,Dry,Clear,None apparent,Non-intersection:  Non-junction/no special feature,Paved,,Property Damage Only,0,0,0,0,0,0,9000,1,1,,POINT (-93.1997506155 43.156360818675)
2014823585,2014-006644,10/25/2014,10-October,7-Saturday,20:11,2000 Hours,District 6 (East Central),,BENTON,US 218,US 218/24 AVE & 61 ST,Collision with fixed object:  Ditch,Roadside,Non-collision (single vehicle),Crossed centerline (undivided),None Indicated,,Dark - roadway not lighted,Dry,Clear,None apparent,Intersection:  T-intersection,Paved,,Possible/Unknown,0,1,0,0,1,0,5200,1,1,,POINT (-92.028180556491 42.14119392186)
2014823828,2014060444,10/25/2014,10-October,7-Saturday,19:18,1900 Hours,District 5 (Southeast),,WARREN,I-35,I-35,Collision with:  Animal,,,Animal,None Indicated,,,,,,,Paved,,Property Damage Only,0,0,0,0,0,0,10000,1,1,,POINT (-93.780266151903 41.401512265457)
2014824868,102514G,10/25/2014,10-October,7-Saturday,19:45,1900 Hours,District 4 (Southwest),,FREMONT,IA 2,IA 2/IOWA 2,Collision with fixed object:  Culvert/pipe opening,Roadside,Non-collision (single vehicle),Crossed centerline (undivided),None Indicated,,Dark - roadway not lighted,Dry,Clear,None apparent,Non-intersection:  Non-junction/no special feature,Paved,,Major Injury,0,1,1,0,0,0,10000,1,1,,POINT (-95.693343055035 40.684993005089)
2014825518,20140502,10/25/2014,10-October,7-Saturday,13:40,1300 Hours,District 1 (Central),,BOONE,,Co Rd E41/216TH DR,Collision with:  Animal,,,Animal,None Indicated,,,,,,,Paved,,Property Damage Only,0,0,0,0,0,0,2000,1,1,,POINT (-93.940048570918 42.03932606461)
2014823458,14-28307,10/25/2014,10-October,7-Saturday,01:14,0100 Hours,District 1 (Central),NEWTON,JASPER,,N 2ND AVE W,Unknown,On Roadway,Non-collision (single vehicle),Exceeded authorized speed,Refused,,Dark - roadway lighted,Wet,"Fog, smoke, smog",None apparent,Non-intersection:  Non-junction/no special feature,Paved,,Possible/Unknown,0,1,0,0,1,0,10500,1,5,,POINT (-93.05963590442 41.70043991425)
2014823476,14-5370,10/25/2014,10-October,7-Saturday,16:30,1600 Hours,District 1 (Central),WEST DES MOINES,POLK,I-235,I-235,Collision with:  Vehicle in traffic,On Roadway,Rear-end (front to rear),Followed too close,None Indicated,,Daylight,Dry,Clear,Work Zone (roadway-related),Non-intersection:  Non-junction/no special feature,Paved,Yes,Property Damage Only,0,0,0,0,0,0,6000,3,4,,POINT (-93.765868556647 41.592195716307)
2014824175,14-216,10/25/2014,10-October,7-Saturday,23:19,2300 Hours,District 2 (Northeast),WAVERLY,BREMER,,7TH AVE SW & 2ND ST SW,Collision with:  Vehicle in traffic,Unknown,Unknown,Other (explain in narrative):  Other,None Indicated,,Dark - unknown roadway lighting,Dry,Clear,Unknown,Non-intersection:  Non-junction/no special feature,Paved,,Property Damage Only,0,0,0,0,0,0,2000,2,1,,POINT (-92.473075078462 42.719039785313)
2014830472,201416029,10/25/2014,10-October,7-Saturday,21:30,2100 Hours,District 6 (East Central),CEDAR RAPIDS,LINN,I-380,I-380 & IA 922/1ST AVE/1ST AVE W & 3RD ST SW & 3RD ST NW,Collision with:  Vehicle in traffic,On Roadway,"Sideswipe, opposite direction",FTYROW:  Making left turn,None Indicated,,Dark - roadway lighted,Dry,Clear,None apparent,Intersection:  Four-way intersection,Paved,,Property Damage Only,0,0,0,0,0,0,2500,2,2,,POINT (-91.675666507914 41.975651398307)
2014825839,201460453,10/25/2014,10-October,7-Saturday,20:30,2000 Hours,District 1 (Central),ANKENY,POLK,I-80,I-80,Non-collision events:  Other non-collision (explain in narrative),On Roadway,Non-collision (single vehicle),Swerving/Evasive Action,None Indicated,,Dark - roadway not lighted,Dry,Clear,Debris,Non-intersection:  Non-junction/no special feature,Paved,,Property Damage Only,0,0,0,0,0,0,3000,1,4,,POINT (-93.567688066979 41.653306081152)
2014824171,14-001237,10/25/2014,10-October,7-Saturday,22:47,2200 Hours,District 1 (Central),,STORY,I-35,I-35,Collision with:  Animal,,,Animal,None Indicated,,,,,,,Paved,,Property Damage Only,0,0,0,0,0,0,6000,1,1,,POINT (-93.569938971814 42.156818317535)
2014824212,2014060480,10/25/2014,10-October,7-Saturday,23:39,2300 Hours,District 2 (Northeast),LAKE MILLS,WINNEBAGO,I-80,I-80 & Co Rd R74/225TH AVE,Collision with fixed object:  Tree,Outside trafficway,Non-collision (single vehicle),Ran off road - left,Alcohol (Statutory),,Dark - roadway not lighted,Dry,Clear,None apparent,Non-intersection:  Non-junction/no special feature,Paved,,Fatal,1,0,0,0,0,0,5500,1,1,,POINT (-93.805593746154 41.592104362203)
2014823649,2014-74681,10/25/2014,10-October,7-Saturday,20:45,2000 Hours,District 6 (East Central),DAVENPORT,SCOTT,,NORTHWEST BLVD,Collision with fixed object:  Curb/island/raised median,On Roadway,Non-collision (single vehicle),Ran off road - left,None Indicated,,Dark - roadway lighted,Dry,Clear,None apparent,Non-intersection:  Non-junction/no special feature,Paved,,Possible/Unknown,0,1,0,0,1,0,2000,1,2,,POINT (-90.579001347617 41.560946712318)
2014823429,14-045485,10/25/2014,10-October,7-Saturday,19:01,1900 Hours,District 4 (Southwest),COUNCIL BLUFFS,POTTAWATTAMIE,I-29,I-29 & S 24TH ST,Collision with:  Vehicle in traffic,On Roadway,Rear-end (front to rear),Followed too close,None Indicated,,Dark - unknown roadway lighting,Dry,Clear,None apparent,Non-intersection:  Non-junction/no special feature,Paved,,Property Damage Only,0,0,0,0,0,0,1600,2,4,,POINT (-95.879251558389 41.232243738265)
2014823373,20140031861,10/25/2014,10-October,7-Saturday,20:15,2000 Hours,District 1 (Central),DES MOINES,POLK,,LOCUST ST,Collision with:  Parked motor vehicle,On Roadway,"Sideswipe, same direction",Unknown,None Indicated,,Dark - roadway lighted,Dry,Clear,None apparent,Non-intersection:  Non-junction/no special feature,Paved,,Property Damage Only,0,0,0,0,0,0,1500,2,1,,POINT (-93.630308011814 41.585659923858)
2014823553,14-1529,10/25/2014,10-October,7-Saturday,09:00,0900 Hours,District 3 (Northwest),SPIRIT LAKE,DICKINSON,,24TH ST & CHICAGO AVE,Collision with:  Vehicle in traffic,On Roadway,Broadside (front to side),FTYROW:  From yield sign,None Indicated,,Daylight,Dry,Clear,None apparent,Intersection:  Four-way intersection,Paved,,Property Damage Only,0,0,0,0,0,0,4000,2,2,,POINT (-95.09405727011 43.41754612121)
2014823554,14-1530,10/25/2014,10-October,7-Saturday,13:00,1300 Hours,District 3 (Northwest),SPIRIT LAKE,DICKINSON,,LAKE ST & GARY AVE,Collision with:  Vehicle in traffic,On Roadway,"Sideswipe, same direction",Made improper turn,None Indicated,,Daylight,Dry,Clear,None apparent,Non-intersection:  Non-junction/no special feature,Paved,,Possible/Unknown,0,1,0,0,1,0,6500,2,2,,POINT (-95.100721581384 43.423447572548)
2014824279,,10/25/2014,10-October,7-Saturday,17:45,1700 Hours,District 2 (Northeast),NEW HAMPTON,CHICKASAW,,W MAIN ST & S BROADWAY AVE & N BROADWAY AVE,Collision with:  Vehicle in traffic,On Roadway,Broadside (front to side),Ran Stop Sign,Alcohol (Statutory),,Daylight,Dry,Clear,None apparent,Intersection:  Four-way intersection,Paved,,Property Damage Only,0,0,0,0,0,0,16000,2,3,,POINT (-92.319109104508 43.059282600208)
2014828553,2014-006647,10/25/2014,10-October,7-Saturday,20:39,2000 Hours,District 6 (East Central),,BENTON,,Co Rd E22/61 ST,Collision with:  Animal,,Non-collision (single vehicle),Animal,None Indicated,,,,,,,Paved,,Property Damage Only,0,0,0,0,0,0,1500,1,1,,POINT (-92.059952010706 42.144917071979)
2014823527,14-045433,10/25/2014,10-October,7-Saturday,12:57,1200 Hours,District 4 (Southwest),COUNCIL BLUFFS,POTTAWATTAMIE,,VALLEY VIEW DR,Collision with:  Vehicle in traffic,On Roadway,Rear-end (front to rear),Lost Control,None Indicated,,Daylight,Dry,Cloudy,None apparent,Non-intersection:  Non-junction/no special feature,Paved,,Property Damage Only,0,0,0,0,0,0,7000,3,3,,POINT (-95.817129830372 41.240572408139)
2014833067,S14-106482,10/25/2014,10-October,7-Saturday,20:29,2000 Hours,District 2 (Northeast),,BLACK HAWK,US 218,US 218,Collision with:  Vehicle in traffic,On Roadway,Head-on (front to front),Crossed centerline (undivided),Drug,,Dark - roadway not lighted,Dry,Clear,None apparent,Non-intersection:  Non-junction/no special feature,Paved,,Fatal,1,2,1,1,0,0,14000,2,3,,POINT (-92.277820700588 42.422551860721)
2014823423,14-35410,10/25/2014,10-October,7-Saturday,17:10,1700 Hours,District 3 (Northwest),SIOUX CITY,WOODBURY,,27TH ST & JACKSON ST,Collision with:  Vehicle in traffic,On Roadway,Broadside (front to side),Ran Traffic Signal,None Indicated,,Daylight,Dry,Clear,None apparent,Intersection:  Four-way intersection,Paved,,Possible/Unknown,0,3,0,0,3,0,10000,2,5,,POINT (-96.402296327796 42.518177162831)
2014823319,14-7045,10/25/2014,10-October,7-Saturday,19:12,1900 Hours,District 1 (Central),PLEASANT HILL,POLK,,SE 80TH ST,Collision with:  Parked motor vehicle,Roadside,Rear-end (front to rear),Ran off road - right,None Indicated,,Dark - roadway not lighted,Dry,Clear,None apparent,Non-intersection:  Non-junction/no special feature,Paved,,Property Damage Only,0,0,0,0,0,0,5000,2,2,,POINT (-93.443198142248 41.576544359539)
2014824988,14-12474,10/25/2014,10-October,7-Saturday,10:58,1000 Hours,District 3 (Northwest),,SIOUX,US 18,US 18/US 75/320TH ST,Collision with:  Vehicle in traffic,On Roadway,"Angle, oncoming left turn",FTYROW:  From stop sign,None Indicated,,Daylight,Dry,Clear,None apparent,Intersection:  Four-way intersection,Paved,,Property Damage Only,0,0,0,0,0,0,10000,2,5,,POINT (-96.177291372855 43.185718621867)
2014823689,14-0606,10/25/2014,10-October,7-Saturday,18:15,1800 Hours,District 1 (Central),,WEBSTER,,Co Rd P29/BAXTER AVE & 380TH ST,Non-collision events:  Overturn/rollover,Shoulder,Non-collision (single vehicle),Ran off road - right,None Indicated,,Dusk,Dry,Clear,None apparent,Non-intersection:  Non-junction/no special feature,Paved,,Possible/Unknown,0,1,0,0,1,0,2500,1,1,,POINT (-94.378818118389 42.238009834339)
2014827191,,10/25/2014,10-October,7-Saturday,17:44,1700 Hours,District 2 (Northeast),DECORAH,WINNESHIEK,,VALLEY DR & OHIO ST,Collision with:  Vehicle in traffic,On Roadway,"Angle, oncoming left turn",Made improper turn,None Indicated,,Daylight,Dry,Clear,None apparent,Intersection:  T-intersection,Paved,,Property Damage Only,0,0,0,0,0,0,4500,2,8,,POINT (-91.802840250977 43.303692340295)
2014823362,20140031760,10/25/2014,10-October,7-Saturday,15:48,1500 Hours,District 1 (Central),DES MOINES,POLK,,24TH ST,Collision with:  Vehicle in traffic,On Roadway,"Sideswipe, same direction",FTYROW:  From parked position,None Indicated,,Daylight,Dry,Clear,None apparent,Non-intersection:  Non-junction/no special feature,Paved,,Minor Injury,0,2,0,2,0,0,6500,2,3,,POINT (-93.649714201104 41.599504108448)
2014823361,20140031752,10/25/2014,10-October,7-Saturday,14:45,1400 Hours,District 1 (Central),DES MOINES,POLK,,UNIVERSITY AVE & MLK JR PKWY,Collision with:  Vehicle in traffic,On Roadway,Broadside (front to side),Ran Traffic Signal,None Indicated,,Daylight,Dry,Clear,None apparent,Intersection:  Four-way intersection,Paved,,Property Damage Only,0,0,0,0,0,0,14500,2,5,,POINT (-93.643783372704 41.600411174845)
2014823444,C14003400,10/25/2014,10-October,7-Saturday,12:20,1200 Hours,District 6 (East Central),CORALVILLE,JOHNSON,US 6,US 6/2ND ST & 10TH AVE,Collision with:  Vehicle in traffic,On Roadway,Rear-end (front to rear),Followed too close,None Indicated,,Daylight,Dry,Clear,None apparent,Non-intersection:  Non-junction/no special feature,Paved,,Property Damage Only,0,0,0,0,0,0,6000,2,2,,POINT (-91.578685211171 41.673030473409)
2014835157,14-006106,10/25/2014,10-October,7-Saturday,00:36,0000 Hours,District 2 (Northeast),,HANCOCK,,Co Rd R44/NASH AVE,Collision with fixed object:  Ditch,On Roadway,Non-collision (single vehicle),Lost Control,None Indicated,,Dark - roadway not lighted,Dry,Unknown,None apparent,Non-intersection:  Non-junction/no special feature,Paved,,Possible/Unknown,0,1,0,0,0,1,2000,1,1,,POINT (-93.714525846631 43.039086512555)
2014823609,2014-013413,10/25/2014,10-October,7-Saturday,00:20,0000 Hours,District 6 (East Central),,DUBUQUE,US 20,US 20,Collision with:  Animal,,Non-collision (single vehicle),Animal,None Indicated,,,,,,,Paved,,Property Damage Only,0,0,0,0,0,0,3500,1,1,,POINT (-90.794748842273 42.439713386372)
2014823321,14-7038,10/25/2014,10-October,7-Saturday,22:00,2200 Hours,District 1 (Central),BONDURANT,POLK,,NE 78TH AVE & NE 96TH ST,Collision with fixed object:  Ditch,Outside trafficway,Non-collision (single vehicle),Driving too fast for conditions,None Indicated,,Dark - roadway not lighted,Dry,"Fog, smoke, smog",None apparent,Intersection:  T-intersection,Paved,,Possible/Unknown,0,1,0,0,0,1,5000,1,1,,POINT (-93.406433188929 41.702862167753)
2014823668,14-5595,10/25/2014,10-October,7-Saturday,14:10,1400 Hours,District 6 (East Central),HIAWATHA,LINN,I-380,I-380 & BLAIRS FERRY RD NE,Collision with:  Vehicle in traffic,On Roadway,Rear-end (front to rear),Other (explain in narrative):  Vision obstructed,None Indicated,,Daylight,Dry,Clear,None apparent,Non-intersection:  Alley,Paved,,Property Damage Only,0,0,0,0,0,0,2000,2,4,,POINT (-91.675321877565 42.034756449393)
2014824487,W14-106232,10/25/2014,10-October,7-Saturday,02:00,0200 Hours,District 2 (Northeast),WATERLOO,BLACK HAWK,,E LONE TREE RD,Collision with fixed object:  Tree,On Roadway,Non-collision (single vehicle),Over correcting/over steering,Alcohol (Statutory),,Dark - roadway lighted,Wet,Rain,"Surface condition (e.g., wet, icy)",Intersection:  T-intersection,Paved,,Major Injury,0,2,2,0,0,0,25000,1,2,,POINT (-92.41635622833 42.561238507012)
2014827132,201416026,10/25/2014,10-October,7-Saturday,20:37,2000 Hours,District 6 (East Central),CEDAR RAPIDS,LINN,,E AVE NW,Collision with:  Parked motor vehicle,On Roadway,Rear-end (front to rear),Other (explain in narrative):  Other,None Indicated,,Dark - roadway lighted,Dry,Clear,None apparent,Non-intersection:  Non-junction/no special feature,Paved,,Property Damage Only,0,0,0,0,0,0,28000,3,1,,POINT (-91.707781021618 41.978196989489)
2014824211,2014060439,10/25/2014,10-October,7-Saturday,18:26,1800 Hours,District 5 (Southeast),,HENRY,IA 78,IA 78/IOWA 78,Non-collision events:  Other non-collision (explain in narrative),Shoulder,Non-collision (single vehicle),Swerving/Evasive Action,None Indicated,,Dusk,Dry,Clear,None apparent,Non-intersection:  Non-junction/no special feature,Paved,,Major Injury,0,2,1,1,0,0,20000,1,2,,POINT (-91.439460752794 41.118812922199)
2014825004,2014-74676,10/25/2014,10-October,7-Saturday,20:02,2000 Hours,District 6 (East Central),DAVENPORT,SCOTT,,W LOCUST ST & HICKORY GROVE RD & N DIVISION ST,Collision with:  Vehicle in traffic,On Roadway,Broadside (front to side),FTYROW:  Other (explain in narrative),None Indicated,,Dark - roadway lighted,Dry,Clear,None apparent,Non-intersection:  Non-junction/no special feature,Paved,,Property Damage Only,0,0,0,0,0,0,7000,2,6,,POINT (-90.601077565245 41.53825417734)
2014825519,2014060341,10/25/2014,10-October,7-Saturday,02:41,0200 Hours,District 4 (Southwest),WEST DES MOINES,DALLAS,I-80,I-80,Collision with fixed object:  Tree,Outside trafficway,Non-collision (single vehicle),Ran off road - right,None Indicated,,Dark - roadway not lighted,Dry,Clear,None apparent,Non-intersection:  Non-junction/no special feature,Paved,,Property Damage Only,0,0,0,0,0,0,2500,1,1,,POINT (-93.815891665429 41.58856396758)
2014823713,14006527,10/25/2014,10-October,7-Saturday,05:00,0500 Hours,District 3 (Northwest),,CHEROKEE,,Co Rd C38/530TH ST,Collision with:  Animal,On Roadway,Non-collision (single vehicle),Animal,None Indicated,,Dark - roadway not lighted,Dry,Clear,None apparent,Non-intersection:  Non-junction/no special feature,Paved,,Property Damage Only,0,0,0,0,0,0,7000,1,1,,POINT (-95.808800336782 42.749741923814)
2014823570,CL14003789,10/25/2014,10-October,7-Saturday,14:14,1400 Hours,District 6 (East Central),CLINTON,CLINTON,,MANUFACTURING DR & S 19TH ST,Collision with:  Vehicle in traffic,On Roadway,Rear-end (front to rear),Followed too close,None Indicated,,Daylight,Dry,Clear,None apparent,Non-intersection:  Non-junction/no special feature,Paved,,Possible/Unknown,0,1,0,0,1,0,3000,2,5,,POINT (-90.230748931071 41.829509692336)
2014823605,14106344,10/25/2014,10-October,7-Saturday,14:03,1400 Hours,District 2 (Northeast),CEDAR FALLS,BLACK HAWK,IA 27,IA 27 & W RIDGEWAY AVE & E RIDGEWAY AVE,Collision with:  Vehicle in traffic,On Roadway,Rear-end (front to rear),Followed too close,None Indicated,,Daylight,Dry,Clear,None apparent,Non-intersection:  Non-junction/no special feature,Paved,,Property Damage Only,0,0,0,0,0,0,3000,2,3,,POINT (-92.445844681467 42.469480539124)
2014824825,14016835,10/25/2014,10-October,7-Saturday,14:00,1400 Hours,District 2 (Northeast),CHARLES CITY,FLOYD,,Co Rd T64/SHADOW AVE,Collision with:  Vehicle in traffic,On Roadway,Rear-end (front to rear),Crossed centerline (undivided),None Indicated,,Daylight,Dry,Cloudy,None apparent,Non-intersection:  Non-junction/no special feature,Paved,,Minor Injury,0,1,0,1,0,0,1501,2,3,,POINT (-92.672532263648 43.083946396194)
2014825287,148482PD,10/25/2014,10-October,7-Saturday,12:38,1200 Hours,District 1 (Central),BOONE,BOONE,US 30,US 30/220TH ST & S LINN ST,Collision with:  Vehicle in traffic,On Roadway,Rear-end (front to rear),FTYROW:  From stop sign,None Indicated,,Daylight,Dry,Cloudy,None apparent,Intersection:  Four-way intersection,Paved,,Property Damage Only,0,0,0,0,0,0,1700,2,2,,POINT (-93.8736661824 42.034635823865)
2014823359,20140031713,10/25/2014,10-October,7-Saturday,02:08,0200 Hours,District 1 (Central),DES MOINES,POLK,,FOREST AVE & 19TH ST,Collision with:  Vehicle in traffic,On Roadway,Broadside (front to side),Ran Traffic Signal,None Indicated,,Dark - roadway lighted,Dry,Clear,None apparent,Intersection:  Four-way intersection,Paved,,Property Damage Only,0,0,0,0,0,0,2000,2,2,,POINT (-93.642667555369 41.604056336644)
2014832017,1410251856,10/25/2014,10-October,7-Saturday,18:55,1800 Hours,District 6 (East Central),,JONES,US 151,US 151,Collision with:  Animal,,,Animal,None Indicated,,,,,,,Paved,,Property Damage Only,0,0,0,0,0,0,7000,1,1,,POINT (-91.267544476599 42.088999446897)
2014824049,2014-74621,10/25/2014,10-October,7-Saturday,13:49,1300 Hours,District 6 (East Central),DAVENPORT,SCOTT,,ELMORE AVE,Collision with:  Vehicle in traffic,On Roadway,Broadside (front to side),Other (explain in narrative):  Other,None Indicated,,Daylight,Dry,Clear,None apparent,Non-intersection:  Non-junction/no special feature,Paved,,Property Damage Only,0,0,0,0,0,0,9000,3,2,,POINT (-90.528552516667 41.573562452434)
2014824760,14-031025-01,10/25/2014,10-October,7-Saturday,20:15,2000 Hours,District 6 (East Central),,IOWA,,N AVE,Non-collision events:  Overturn/rollover,Shoulder,Non-collision (single vehicle),Ran off road - right,None Indicated,,Dark - roadway not lighted,"Mud, dirt",Cloudy,"Shoulders (none, low, soft, high)",Non-intersection:  Non-junction/no special feature,Unpaved,,Property Damage Only,0,0,0,0,0,0,5000,1,1,,POINT (-92.045685892763 41.601216178479)
2014823477,14-5371,10/25/2014,10-October,7-Saturday,18:50,1800 Hours,District 1 (Central),WEST DES MOINES,POLK,,KINGMAN AVE & 22ND ST,Collision with:  Vehicle in traffic,On Roadway,"Angle, oncoming left turn",FTYROW:  Making left turn,None Indicated,,Dark - roadway lighted,Dry,Clear,None apparent,Intersection:  Four-way intersection,Paved,,Minor Injury,0,1,0,1,0,0,9000,2,3,,POINT (-93.736054511381 41.595515964827)
2014823857,201400052358,10/25/2014,10-October,7-Saturday,11:18,1100 Hours,District 5 (Southeast),OTTUMWA,WAPELLO,US 34,US 34 & VENTURE WAY,Collision with:  Vehicle in traffic,On Roadway,Rear-end (front to rear),Other (explain in narrative):  Other,None Indicated,,Daylight,Dry,Cloudy,None apparent,Intersection:  T-intersection,Paved,,Property Damage Only,0,0,0,0,0,0,3000,2,3,,POINT (-92.452282368816 41.0172190123)
2014823395,14-002442,10/25/2014,10-October,7-Saturday,01:55,0100 Hours,District 1 (Central),ALTOONA,POLK,,8TH ST SW & 28TH AVE SW,Collision with:  Vehicle in traffic,On Roadway,Unknown,Unknown,Alcohol (Statutory),,Dark - roadway lighted,Dry,Clear,None apparent,Intersection:  Four-way intersection,Paved,,Property Damage Only,0,0,0,0,0,0,5000,2,2,,POINT (-93.498117036427 41.644099035358)
2014823447,CL14003792,10/25/2014,10-October,7-Saturday,14:20,1400 Hours,District 6 (East Central),CLINTON,CLINTON,,S 5TH ST,Unknown,On Roadway,Non-collision (single vehicle),Exceeded authorized speed,None Indicated,,Daylight,Dry,Clear,None apparent,Non-intersection:  Alley,Paved,,Possible/Unknown,0,1,0,0,0,1,2000,1,1,,POINT (-90.19574174893 41.841727023142)
2014823365,20140031766,10/25/2014,10-October,7-Saturday,16:35,1600 Hours,District 1 (Central),DES MOINES,POLK,,COLLEGE AVE & 19TH ST,Collision with:  Vehicle in traffic,On Roadway,Broadside (front to side),FTYROW:  From stop sign,None Indicated,,Daylight,Dry,Clear,None apparent,Intersection:  Four-way intersection,Paved,,Major Injury,0,1,1,0,0,0,16000,2,4,,POINT (-93.642643841889 41.607713399883)
2014823904,W14-106404,10/25/2014,10-October,7-Saturday,15:59,1500 Hours,District 2 (Northeast),WATERLOO,BLACK HAWK,,PINE ST & E 4TH ST,Collision with:  Vehicle in traffic,On Roadway,Rear-end (front to rear),Followed too close,None Indicated,,Daylight,Dry,Clear,None apparent,Intersection:  T-intersection,Paved,,Property Damage Only,0,0,0,0,0,0,2200,2,2,,POINT (-92.332753521282 42.50363152263)
2014827144,201416020,10/25/2014,10-October,7-Saturday,17:33,1700 Hours,District 6 (East Central),CEDAR RAPIDS,LINN,IA 922,IA 922/1ST AVE E & 13TH ST SE & COLLEGE DR NE,Collision with:  Vehicle in traffic,On Roadway,Rear-end (front to rear),Followed too close,None Indicated,,Daylight,Dry,Clear,None apparent,Intersection:  Four-way intersection,Paved,,Property Damage Only,0,0,0,0,0,0,2000,2,4,,POINT (-91.655577018921 41.98623458299)