Iowa DOT Case Number,Law Enforcement Case Number,Date of Crash,Month of Crash,Day of Week,Time of Crash,Hour,DOT District,City Name,County Name,Route with System,Location Description,First Harmful Event,Location of First Harmful Event,Manner of Crash/Collision,Major Cause,Drug or Alcohol ,Environmental Conditions,Light Conditions,Surface Conditions,Weather Conditions,Roadway Contribution,Roadway Type,Roadway Surface,Work Zone,Crash Severity,Number of Fatalities,Number of Injuries,Number of Major Injuries,Number of Minor Injuries,Number of Possible Injuries,Number of Unknown Injuries,Amount of Property Damage,Number of Vehicles Involved,Total Number of Occupants,Travel Direction,Location
2014823301,J14000865,10/25/2014,10-October,7-Saturday,18:14,1800 Hours,District 6 (East Central),,JOHNSON,,COU FALLS RD,Collision with fixed object:  Ditch,Shoulder,Non-collision (single vehicle),Swerving/Evasive Action,Alcohol (Statutory),,Dusk,Dry,Clear,None apparent,Non-intersection:  Non-junction/no special feature,Paved,,Major Injury,0,1,1,0,0,0,4000,1,1,,POINT (-91.683987234374 41.826904653873)
2014823674,14-5357,10/25/2014,10-October,7-Saturday,08:00,0800 Hours,District 1 (Central),WEST DES MOINES,POLK,,E P TRUE PKWY,Collision with:  Vehicle in traffic,On Roadway,Rear-end (front to rear),Other (explain in narrative):  Vision obstructed,None Indicated,,Daylight,Dry,Clear,None apparent,Non-intersection:  Non-junction/no special feature,Paved,,Possible/Unknown,0,2,0,0,2,0,4000,2,5,,POINT (-93.733818174571 41.571805208799)
2014833782,145-2014,10/25/2014,10-October,7-Saturday,04:35,0400 Hours,District 4 (Southwest),,HARRISON,,Co Rd F32/194TH ST,Collision with fixed object:  Ditch,Roadside,Non-collision (single vehicle),Ran off road - right,Alcohol (Statutory),,Dark - roadway not lighted,Dry,Clear,None apparent,Non-intersection:  Non-junction/no special feature,Paved,,Minor Injury,0,1,0,1,0,0,2000,1,1,,POINT (-95.782076111727 41.725506646941)
2014823396,14-002445,10/25/2014,10-October,7-Saturday,12:50,1200 Hours,District 1 (Central),ALTOONA,POLK,,8TH ST SW,Collision with:  Vehicle in traffic,On Roadway,Rear-end (front to rear),Followed too close,None Indicated,,Daylight,Dry,Clear,None apparent,Non-intersection:  Non-junction/no special feature,Paved,,Minor Injury,0,4,0,4,0,0,15000,2,5,,POINT (-93.497865153965 41.644136153881)
2014823544,14-21653,10/25/2014,10-October,7-Saturday,06:06,0600 Hours,District 6 (East Central),,SCOTT,US 67,US 67/GREAT RIVER RD,Collision with:  Animal,On Roadway,Non-collision (single vehicle),Animal,None Indicated,,Dark - roadway not lighted,Dry,"Fog, smoke, smog",None apparent,Non-intersection:  Non-junction/no special feature,Paved,,Property Damage Only,0,0,0,0,0,0,6500,2,2,,POINT (-90.359824986689 41.721454115879)
2014823696,2014011973,10/25/2014,10-October,7-Saturday,12:25,1200 Hours,District 6 (East Central),IOWA CITY,JOHNSON,,W BENTON ST,Collision with:  Vehicle in traffic,On Roadway,"Sideswipe, same direction",FTYROW:  Other (explain in narrative),None Indicated,,Daylight,Dry,Clear,None apparent,Non-intersection:  Non-junction/no special feature,Paved,,Property Damage Only,0,0,0,0,0,0,1500,2,2,,POINT (-91.54067202835 41.650343108141)
2014823386,20140031733,10/25/2014,10-October,7-Saturday,10:55,1000 Hours,District 1 (Central),DES MOINES,POLK,,UNIVERSITY AVE & 2ND AVE,Collision with:  Vehicle in traffic,On Roadway,"Angle, oncoming left turn",FTYROW:  Making left turn,None Indicated,,Daylight,Dry,Cloudy,None apparent,Intersection:  Four-way intersection,Paved,,Possible/Unknown,0,1,0,0,1,0,6500,2,2,,POINT (-93.619758338916 41.600272982923)
2014823367,20140031769,10/25/2014,10-October,7-Saturday,16:40,1600 Hours,District 1 (Central),DES MOINES,POLK,,PARK ST & KEOSAUQUA WAY & 8TH PL,Collision with:  Vehicle in traffic,On Roadway,Rear-end (front to rear),Unknown,None Indicated,,Daylight,Dry,Clear,Unknown,Intersection:  Four-way intersection,Paved,,Property Damage Only,0,0,0,0,0,0,1500,2,6,,POINT (-93.62865169203 41.590532906433)
2014823280,102514-193,10/25/2014,10-October,7-Saturday,17:40,1700 Hours,District 3 (Northwest),,BUENA VISTA,,610TH ST,Collision with fixed object:  Traffic sign support,On Roadway,Non-collision (single vehicle),Driving too fast for conditions,None Indicated,,Daylight,"Mud, dirt",Clear,None apparent,Non-intersection:  Non-junction/no special feature,Unpaved,,Property Damage Only,0,0,0,0,0,0,15500,1,1,,POINT (-95.149914367534 42.634693504167)
2014823681,14-014911,10/25/2014,10-October,7-Saturday,09:25,0900 Hours,District 2 (Northeast),,FAYETTE,,MAJOR RD,Collision with:  Vehicle in traffic,On Roadway,Head-on (front to front),Crossed centerline (undivided),None Indicated,,Daylight,"Mud, dirt",Cloudy,None apparent,Non-intersection:  Non-junction/no special feature,Unpaved,,Property Damage Only,0,0,0,0,0,0,6000,2,3,,POINT (-91.865276339464 43.058554876071)
2014824817,14-016819,10/25/2014,10-October,7-Saturday,03:40,0300 Hours,District 2 (Northeast),,FLOYD,,INDIGO AVE,Collision with fixed object:  Ditch,Roadside,Non-collision (single vehicle),Ran off road - straight,Under Influence of Alcohol/Drugs/Medications,,Dark - roadway lighted,"Mud, dirt",Clear,None apparent,Non-intersection:  Non-junction/no special feature,Unpaved,,Minor Injury,0,3,0,3,0,0,5100,1,3,,POINT (-92.873183606134 42.979688106405)
2014823304,14022533,10/25/2014,10-October,7-Saturday,09:59,0900 Hours,District 6 (East Central),MARION,LINN,,TIMBER CREEK DR & BOYSON RD,Collision with fixed object:  Curb/island/raised median,On Roadway,Non-collision (single vehicle),Crossed centerline (undivided),None Indicated,,Daylight,Dry,Clear,None apparent,Non-intersection:  Non-junction/no special feature,Paved,,Property Damage Only,0,0,0,0,0,0,4000,1,1,,POINT (-91.619989233087 42.043777204066)
2014823748,S14-11042,10/25/2014,10-October,7-Saturday,04:11,0400 Hours,District 3 (Northwest),PIERSON,WOODBURY,,Co Rd L25/MINNESOTA AVE & FRONT ST,Non-collision events:  Overturn/rollover,On Roadway,Non-collision (single vehicle),Exceeded authorized speed,None Indicated,,Dark - roadway lighted,Dry,Clear,None apparent,Non-intersection:  Non-junction/no special feature,Paved,,Property Damage Only,0,0,0,0,0,0,40000,1,1,,POINT (-95.859662680606 42.540032061325)
2014823387,20140031741,10/25/2014,10-October,7-Saturday,13:48,1300 Hours,District 1 (Central),DES MOINES,POLK,,UNIVERSITY AVE & 31ST ST,Collision with:  Vehicle in traffic,On Roadway,Rear-end (front to rear),Other (explain in narrative):  Other,None Indicated,,Daylight,Dry,Clear,None apparent,Intersection:  Four-way intersection,Paved,,Property Damage Only,0,0,0,0,0,0,3500,2,2,,POINT (-93.659382737156 41.600367798219)
2014823424,14-35413,10/25/2014,10-October,7-Saturday,17:38,1700 Hours,District 3 (Northwest),SIOUX CITY,WOODBURY,IA 12,IA 12/GORDON DR & S MARTHA ST,Collision with:  Vehicle in traffic,On Roadway,Rear-end (front to rear),Driver Distraction:  Manual operation of an electronic communication device,None Indicated,,Daylight,Dry,Clear,None apparent,Intersection:  Four-way intersection,Paved,,Property Damage Only,0,0,0,0,0,0,13500,3,4,,POINT (-96.361530700163 42.486389037317)
2014823364,20140031762,10/25/2014,10-October,7-Saturday,15:47,1500 Hours,District 1 (Central),DES MOINES,POLK,US 69,US 69/JOHNSON CT & BUCHANAN ST,Collision with:  Vehicle in traffic,On Roadway,"Sideswipe, same direction",Made improper turn,None Indicated,,Daylight,Dry,Clear,None apparent,Intersection:  T-intersection,Paved,,Possible/Unknown,0,1,0,0,1,0,3500,2,4,,POINT (-93.59917737979 41.598841850836)
2014829590,201416006,10/25/2014,10-October,7-Saturday,12:00,1200 Hours,District 6 (East Central),CEDAR RAPIDS,LINN,IA 100,IA 100/COLLINS RD NE,Collision with:  Vehicle in traffic,On Roadway,Broadside (front to side),Ran Traffic Signal,None Indicated,,Daylight,Dry,Clear,None apparent,Intersection:  Four-way intersection,Paved,,Property Damage Only,0,0,0,0,0,0,2000,2,7,,POINT (-91.635188753454 42.027990736818)
2014827957,2014060391,10/25/2014,10-October,7-Saturday,11:52,1100 Hours,District 1 (Central),,JASPER,I-80,I-80,Collision with fixed object:  Ditch,Roadside,Non-collision (single vehicle),Swerving/Evasive Action,None Indicated,,Daylight,Dry,Clear,None apparent,Non-intersection:  Non-junction/no special feature,Paved,,Property Damage Only,0,0,0,0,0,0,4500,1,1,,POINT (-92.823750661006 41.695213189988)
2014823528,14-5360,10/25/2014,10-October,7-Saturday,10:50,1000 Hours,District 4 (Southwest),WEST DES MOINES,DALLAS,I-80,I-80,Collision with:  Vehicle in traffic,On Roadway,Rear-end (front to rear),Followed too close,None Indicated,,Daylight,Dry,Clear,None apparent,Non-intersection:  Non-junction/no special feature,Paved,,Minor Injury,0,2,0,2,0,0,13200,3,11,,POINT (-93.794052289636 41.592175648453)
2014824076,14-38161,10/25/2014,10-October,7-Saturday,06:35,0600 Hours,District 5 (Southeast),,DES MOINES,,Co Rd X31/DANVILLE RD,Collision with:  Animal,,,Animal,None Indicated,,,,,,,Paved,,Property Damage Only,0,0,0,0,0,0,1500,1,1,,POINT (-91.314406476734 40.931312883218)
2014823339,14-1285,10/25/2014,10-October,7-Saturday,11:45,1100 Hours,District 1 (Central),CLIVE,POLK,I-35,I-35,Collision with:  Vehicle in traffic,On Roadway,Rear-end (front to rear),Followed too close,None Indicated,,Daylight,Dry,Clear,None apparent,Non-intersection:  Non-junction/no special feature,Paved,,Property Damage Only,0,0,0,0,0,0,1500,2,4,,POINT (-93.776853832979 41.612775506796)
2014824725,2014060328,10/25/2014,10-October,7-Saturday,23:14,2300 Hours,District 4 (Southwest),,POTTAWATTAMIE,I-80,I-80,Collision with:  Animal,,,Animal,None Indicated,,,,,,,Paved,,Property Damage Only,0,0,0,0,0,0,10000,1,1,,POINT (-95.536189155117 41.499056474333)
2014824023,102514D,10/25/2014,10-October,7-Saturday,08:25,0800 Hours,District 4 (Southwest),HAMBURG,FREMONT,,Q ST,Collision with:  Vehicle in traffic,On Roadway,Rear-end (front to rear),Lost Control,None Indicated,,Daylight,Dry,Clear,None apparent,Non-intersection:  Non-junction/no special feature,Paved,,Property Damage Only,0,0,0,0,0,0,7000,2,1,,POINT (-95.654749668226 40.614108273472)
2014823517,C14106248,10/25/2014,10-October,7-Saturday,06:17,0600 Hours,District 2 (Northeast),CEDAR FALLS,BLACK HAWK,IA 57,IA 57/1ST ST & FRANKLIN ST & CENTER ST,Collision with:  Vehicle in traffic,On Roadway,Broadside (front to side),Ran Traffic Signal,None Indicated,,Dark - roadway lighted,Wet,Clear,None apparent,Intersection:  Four-way intersection,Paved,,Possible/Unknown,0,3,0,0,3,0,8000,2,3,,POINT (-92.449527402409 42.53781656479)
2014835387,14026297,10/25/2014,10-October,7-Saturday,00:25,0000 Hours,District 5 (Southeast),PLEASANTVILLE,MARION,IA 5,IA 5/IOWA 5,Collision with:  Animal,,Non-collision (single vehicle),Animal,None Indicated,,,,,,,Paved,,Property Damage Only,0,0,0,0,0,0,1500,1,1,,POINT (-93.261889623374 41.357173301922)
2014824050,2014-74709,10/25/2014,10-October,7-Saturday,23:12,2300 Hours,District 6 (East Central),DAVENPORT,SCOTT,,IA 461/WELCOME WAY & E 42ND ST,Collision with fixed object:  Curb/island/raised median,Roadside,Non-collision (single vehicle),Exceeded authorized speed,None Indicated,,Dark - roadway lighted,Dry,Clear,None apparent,Non-intersection:  Non-junction/no special feature,Paved,,Minor Injury,0,1,0,1,0,0,8500,1,1,,POINT (-90.569498930274 41.563646184151)
2014823307,14022584,10/25/2014,10-October,7-Saturday,20:03,2000 Hours,District 6 (East Central),MARION,LINN,US 151,US 151,Non-collision events:  Other non-collision (explain in narrative),On Roadway,Non-collision (single vehicle),Other (explain in narrative):  No improper action,None Indicated,,Dark - roadway not lighted,Dry,Clear,None apparent,Non-intersection:  Non-junction/no special feature,Paved,,Property Damage Only,0,0,0,0,0,0,3000,1,2,,POINT (-91.550282757274 42.028444622332)
2014823466,32080-14,10/25/2014,10-October,7-Saturday,19:30,1900 Hours,District 3 (Northwest),,EMMET,,Co Rd N26/370 AVE,Collision with:  Animal,,,Animal,None Indicated,,,,,,,Paved,,Property Damage Only,0,0,0,0,0,0,1500,1,1,,POINT (-94.856553624867 43.259050972145)
2014823270,W14-106387,10/25/2014,10-October,7-Saturday,16:10,1600 Hours,District 2 (Northeast),WATERLOO,BLACK HAWK,,W 5TH ST & GRANT AVE & W 4TH ST,Collision with:  Vehicle in traffic,On Roadway,"Sideswipe, same direction","Operating vehicle in an reckless, erratic, careless, negligent manner",None Indicated,,Daylight,Dry,Clear,None apparent,Non-intersection:  Non-junction/no special feature,Paved,,Property Damage Only,0,0,0,0,0,0,3000,2,6,,POINT (-92.346297745517 42.489822586405)
2014823366,20140031768,10/25/2014,10-October,7-Saturday,16:59,1600 Hours,District 1 (Central),DES MOINES,POLK,,COTTAGE GROVE AVE & MLK JR PKWY,Collision with:  Vehicle in traffic,On Roadway,Broadside (front to side),Ran Traffic Signal,None Indicated,,Daylight,Dry,Clear,None apparent,Intersection:  Four-way intersection,Paved,,Possible/Unknown,0,1,0,0,1,0,2500,2,4,,POINT (-93.644347304609 41.594373170067)
2014823569,2014060351,10/25/2014,10-October,7-Saturday,04:30,0400 Hours,District 2 (Northeast),,CLAYTON,,100TH ST,Collision with fixed object:  Ditch,Outside trafficway,Non-collision (single vehicle),Ran off road - left,Alcohol (Statutory),,Dark - roadway not lighted,"Mud, dirt",Clear,None apparent,Non-intersection:  Non-junction/no special feature,Unpaved,,Minor Injury,0,1,0,1,0,0,5500,1,1,,POINT (-91.391786032291 43.081343550885)
2014823531,14-5364,10/25/2014,10-October,7-Saturday,13:16,1300 Hours,District 1 (Central),WEST DES MOINES,POLK,I-35,I-35,Collision with:  Vehicle in traffic,On Roadway,Rear-end (front to rear),Followed too close,None Indicated,,Daylight,Dry,Clear,Debris,Non-intersection:  Non-junction/no special feature,Paved,,Possible/Unknown,0,1,0,0,1,0,2000,2,3,,POINT (-93.776884144001 41.606299137815)
2014823859,201400052407,10/25/2014,10-October,7-Saturday,17:56,1700 Hours,District 5 (Southeast),OTTUMWA,WAPELLO,,E 2ND ST & S CHERRY ST & N CHERRY ST,Collision with:  Vehicle in traffic,On Roadway,Broadside (front to side),FTYROW:  From stop sign,None Indicated,,Daylight,Dry,Clear,None apparent,Intersection:  Four-way intersection,Paved,,Property Damage Only,0,0,0,0,0,0,6000,2,2,,POINT (-92.40172231105 41.012094257193)
2014824780,90-14-369,10/25/2014,10-October,7-Saturday,07:05,0700 Hours,District 2 (Northeast),,HUMBOLDT,,Co Rd P56/LONE TREE RD,Collision with fixed object:  Ditch,On Roadway,Non-collision (single vehicle),Driving too fast for conditions,None Indicated,,Dawn,Dry,Clear,None apparent,Non-intersection:  Non-junction/no special feature,Unpaved,,Major Injury,0,1,1,0,0,0,4500,1,1,,POINT (-94.177894527802 42.660306355408)
2014823502,2014011985,10/25/2014,10-October,7-Saturday,20:03,2000 Hours,District 6 (East Central),IOWA CITY,JOHNSON,,E COURT ST & S GILBERT ST,Collision with:  Vehicle in traffic,On Roadway,Rear-end (front to rear),Followed too close,None Indicated,,Dark - roadway lighted,Dry,Clear,None apparent,Intersection:  Four-way intersection,Paved,,Possible/Unknown,0,1,0,0,1,0,5250,3,5,,POINT (-91.530190548789 41.656586389356)
2014823746,14-2381,10/25/2014,10-October,7-Saturday,12:24,1200 Hours,District 1 (Central),URBANDALE,POLK,,URBANDALE AVE & 64TH ST,Collision with:  Vehicle in traffic,On Roadway,"Sideswipe, opposite direction",Improper Backing,None Indicated,,Daylight,Dry,Clear,None apparent,Intersection:  T-intersection,Paved,,Property Damage Only,0,0,0,0,0,0,4000,2,2,,POINT (-93.705003206234 41.622146709001)
2014823610,2014-013425,10/25/2014,10-October,7-Saturday,18:17,1800 Hours,District 6 (East Central),,DUBUQUE,US 52,US 52,Collision with:  Animal,,,Animal,None Indicated,,,,,,,Paved,,Property Damage Only,0,0,0,0,0,0,6000,1,1,,POINT (-90.665475739019 42.456675658421)
2014825504,14-026430,10/25/2014,10-October,7-Saturday,15:25,1500 Hours,District 5 (Southeast),,MARION,,195TH PL,Collision with fixed object:  Ditch,On Roadway,Non-collision (single vehicle),Swerving/Evasive Action,None Indicated,,Daylight,"Mud, dirt",Clear,None apparent,Non-intersection:  Non-junction/no special feature,Unpaved,,Possible/Unknown,0,1,0,0,1,0,7500,1,1,,POINT (-92.975494283301 41.318987738899)
2014823758,2014003876,10/25/2014,10-October,7-Saturday,20:11,2000 Hours,District 6 (East Central),,LINN,,Co Rd W56/C AVE EXT,Collision with:  Animal,,,Animal,None Indicated,,,,,,,Paved,,Property Damage Only,0,0,0,0,0,0,2000,1,1,,POINT (-91.64317941103 42.082771841297)
2014830249,AC-14-0054,10/25/2014,10-October,7-Saturday,18:27,1800 Hours,District 6 (East Central),MONTICELLO,JONES,IA 38,IA 38/IOWA 38 & RIVER RD,Collision with:  Animal,,,Animal,None Indicated,,,,,,,Paved,,Property Damage Only,0,0,0,0,0,0,5000,1,777,,POINT (-91.193294419232 42.262047110836)
2014823647,2014-74639,10/25/2014,10-October,7-Saturday,15:54,1500 Hours,District 6 (East Central),DAVENPORT,SCOTT,,E 53RD ST & E 52ND ST,Collision with:  Vehicle in traffic,On Roadway,Rear-end (front to rear),FTYROW:  Other (explain in narrative),None Indicated,,Daylight,Dry,Clear,None apparent,Non-intersection:  Non-junction/no special feature,Paved,,Property Damage Only,0,0,0,0,0,0,4000,2,3,,POINT (-90.556407216463 41.574689534482)
2014824040,14-12477,10/25/2014,10-October,7-Saturday,11:50,1100 Hours,District 3 (Northwest),,SIOUX,,Co Rd B40/400TH ST & IBEX AVE,Collision with:  Animal,On Roadway,Non-collision (single vehicle),Animal,None Indicated,,Daylight,Dry,Clear,None apparent,Non-intersection:  Non-junction/no special feature,Paved,,Minor Injury,0,1,0,1,0,0,15000,2,2,,POINT (-96.115914161449 43.070032182908)
2014823695,2014011965,10/25/2014,10-October,7-Saturday,07:59,0700 Hours,District 6 (East Central),IOWA CITY,JOHNSON,IA 1,IA 1/DODGE ST & E MARKET ST,Collision with:  Vehicle in traffic,On Roadway,"Sideswipe, same direction",Other (explain in narrative):  Other,None Indicated,,Daylight,Wet,Clear,None apparent,Intersection:  Four-way intersection,Paved,,Property Damage Only,0,0,0,0,0,0,2550,3,4,,POINT (-91.525781315361 41.66350121291)
2014823275,W14-106368,10/25/2014,10-October,7-Saturday,15:00,1500 Hours,District 2 (Northeast),WATERLOO,BLACK HAWK,,APPLEWOOD DR,Collision with:  Vehicle in traffic,Roadside,Unknown,Unknown,None Indicated,,Daylight,Unknown,Unknown,Unknown,Non-intersection:  Other non-intersection (explain in narrative),Paved,,Property Damage Only,0,0,0,0,0,0,1500,2,1,,POINT (-92.302249053482 42.43058335158)
2014825142,14-005031,10/25/2014,10-October,7-Saturday,06:45,0600 Hours,District 1 (Central),AMES,STORY,,LINCOLN WAY & MC DONALD DR & DOTSON DR,Collision with fixed object:  Curb/island/raised median,Median,Non-collision (single vehicle),Driver Distraction:  Inattentive/lost in thought,None Indicated,,Dawn,Dry,Clear,None apparent,Non-intersection:  Non-junction/no special feature,Paved,,Property Damage Only,0,0,0,0,0,0,2000,1,1,,POINT (-93.671412667408 42.022892644871)
2014825299,2014060465,10/25/2014,10-October,7-Saturday,21:45,2100 Hours,District 2 (Northeast),,BLACK HAWK,IA 281,IA 281/N CANFIELD RD,Collision with:  Animal,,,Animal,None Indicated,,,,,,,Paved,,Property Damage Only,0,0,0,0,0,0,1750,1,1,,POINT (-92.160475342584 42.611513040964)
2014827187,,10/25/2014,10-October,7-Saturday,10:34,1000 Hours,District 2 (Northeast),DECORAH,WINNESHIEK,,MONTGOMERY ST,Collision with:  Animal,On Roadway,Non-collision (single vehicle),Animal,None Indicated,,Daylight,Dry,Clear,None apparent,Non-intersection:  Non-junction/no special feature,Paved,,Property Damage Only,0,0,0,0,0,0,2000,1,1,,POINT (-91.770445306531 43.29356977469)
2014823977,14006716,10/25/2014,10-October,7-Saturday,22:29,2200 Hours,District 2 (Northeast),NORA SPRINGS,CERRO GORDO,US 18,US 18,Collision with:  Animal,,,Animal,None Indicated,,,,,,,Paved,,Property Damage Only,0,0,0,0,0,0,1500,1,1,,POINT (-93.06588752415 43.119091957987)
2014823510,14-045409,10/25/2014,10-October,7-Saturday,07:56,0700 Hours,District 4 (Southwest),COUNCIL BLUFFS,POTTAWATTAMIE,US 6,US 6/W BROADWAY & S 8TH ST & N 8TH ST,Collision with:  Vehicle in traffic,On Roadway,Head-on (front to front),Ran Traffic Signal,None Indicated,,Daylight,Dry,Clear,None apparent,Intersection:  Four-way intersection,Paved,,Minor Injury,0,1,0,1,0,0,11000,2,2,,POINT (-95.856061526849 41.261876292036)
2014823673,14-5352,10/25/2014,10-October,7-Saturday,00:51,0000 Hours,District 4 (Southwest),WEST DES MOINES,DALLAS,,88TH ST & OXFORD DR,Collision with fixed object:  Curb/island/raised median,Roadside,Non-collision (single vehicle),"Operating vehicle in an reckless, erratic, careless, negligent manner",Alcohol (Statutory),,Dark - roadway lighted,Dry,Clear,None apparent,Intersection:  T-intersection,Paved,,Property Damage Only,0,0,0,0,0,0,7500,1,1,,POINT (-93.828332709267 41.584773042666)
2014823341,20140031719,10/25/2014,10-October,7-Saturday,05:20,0500 Hours,District 1 (Central),DES MOINES,POLK,,E ROSE AVE,Collision with:  Parked motor vehicle,On Roadway,Rear-end (front to rear),FTYROW:  From parked position,None Indicated,,Dark - roadway lighted,Dry,Clear,None apparent,Non-intersection:  Non-junction/no special feature,Paved,,Property Damage Only,0,0,0,0,0,0,1500,2,3,,POINT (-93.599795329032 41.54892029326)
2014823511,14-061025-01,10/25/2014,10-October,7-Saturday,06:45,0600 Hours,District 6 (East Central),,IOWA,IA 220,IA 220/220TH TRL & Co Rd F15/F15 BLVD,Collision with fixed object:  Ditch,On Roadway,Non-collision (single vehicle),Ran Stop Sign,None Indicated,,Dark - roadway not lighted,Dry,Cloudy,None apparent,Intersection:  T-intersection,Paved,,Possible/Unknown,0,1,0,0,1,0,5500,1,1,,POINT (-91.962519959722 41.804989787781)
2014823846,14-20876,10/25/2014,10-October,7-Saturday,23:13,2300 Hours,District 6 (East Central),BETTENDORF,SCOTT,,53RD AVE & DEVILS GLEN RD,Collision with:  Vehicle in traffic,On Roadway,"Angle, oncoming left turn",Made improper turn,None Indicated,,Dark - roadway lighted,Dry,Cloudy,None apparent,Intersection:  Four-way intersection,Paved,,Property Damage Only,0,0,0,0,0,0,2000,2,2,,POINT (-90.483502409253 41.573926632168)
2014825836,2014060449,10/25/2014,10-October,7-Saturday,20:30,2000 Hours,District 1 (Central),,POLK,I-80,I-80,Non-collision events:  Other non-collision (explain in narrative),On Roadway,Non-collision (single vehicle),Other (explain in narrative):  No improper action,None Indicated,,Dark - roadway not lighted,Dry,Clear,Debris,Non-intersection:  Non-junction/no special feature,Paved,,Property Damage Only,0,0,0,0,0,0,2000,1,1,,POINT (-93.559015943745 41.654564550842)
2014823749,S14-11047,10/25/2014,10-October,7-Saturday,11:49,1100 Hours,District 3 (Northwest),SIOUX CITY,WOODBURY,US 20,US 20/NE RAMP/NE LOOP,Collision with:  Vehicle in traffic,On Roadway,"Sideswipe, same direction",Followed too close,None Indicated,,Daylight,Dry,Clear,None apparent,Intersection:  Intersection with ramp,Paved,,Property Damage Only,0,0,0,0,0,0,2800,2,3,,POINT (-96.32105256028 42.475324223602)
2014827189,,10/25/2014,10-October,7-Saturday,18:27,1800 Hours,District 2 (Northeast),DECORAH,WINNESHIEK,,FIFTH AVE,Collision with:  Parked motor vehicle,On Roadway,Head-on (front to front),Unknown,None Indicated,,Dusk,Dry,Clear,None apparent,Non-intersection:  Other non-intersection (explain in narrative),Paved,,Property Damage Only,0,0,0,0,0,0,5500,2,1,,POINT (-91.804474184722 43.305879514339)
2014830473,201416031,10/25/2014,10-October,7-Saturday,23:30,2300 Hours,District 6 (East Central),CEDAR RAPIDS,LINN,,18TH AVE SW,Collision with:  Parked motor vehicle,On Roadway,Head-on (front to front),Crossed centerline (undivided),Alcohol (Statutory),,Dark - roadway not lighted,Dry,Clear,None apparent,Non-intersection:  Non-junction/no special feature,Paved,,Possible/Unknown,0,1,0,0,1,0,15100,3,2,,POINT (-91.684733904673 41.960840953516)
2014823687,14-045486,10/25/2014,10-October,7-Saturday,19:00,1900 Hours,District 4 (Southwest),COUNCIL BLUFFS,POTTAWATTAMIE,IA 92,IA 92/OMAHA BRIDGE RD & HARRY LANGDON BLVD,Collision with:  Vehicle in traffic,On Roadway,Rear-end (front to rear),Followed too close,None Indicated,,Dark - roadway lighted,Dry,Clear,None apparent,Non-intersection:  Non-junction/no special feature,Paved,,Property Damage Only,0,0,0,0,0,0,2500,2,2,,POINT (-95.824478582883 41.226693469951)
2014823862,14000524,10/25/2014,10-October,7-Saturday,19:54,1900 Hours,District 5 (Southeast),ALBIA,MONROE,US 34,US 34 & S FLORENCE ST,Collision with:  Vehicle in traffic,On Roadway,Rear-end (front to rear),Followed too close,None Indicated,,Dark - roadway lighted,Dry,Clear,None apparent,Intersection:  Four-way intersection,Paved,,Property Damage Only,0,0,0,0,0,0,5300,2,6,,POINT (-92.80440516832 41.015399708031)
2014823327,14-004633,10/25/2014,10-October,7-Saturday,14:05,1400 Hours,District 1 (Central),ANKENY,POLK,IA 415,IA 415/SW ORALABOR RD,Collision with:  Non-motorist (see non-motorist section - NOT a unit),On Roadway,Non-collision (single vehicle),Swerving/Evasive Action,None Indicated,,Daylight,Dry,Clear,None apparent,Non-intersection:  Non-junction/no special feature,Paved,,Fatal,1,0,0,0,0,0,1500,1,1,,POINT (-93.624447292475 41.703172339103)
2014823532,14-5365,10/25/2014,10-October,7-Saturday,13:45,1300 Hours,District 1 (Central),WEST DES MOINES,POLK,,UNIVERSITY AVE,Collision with:  Vehicle in traffic,On Roadway,Rear-end (front to rear),Followed too close,None Indicated,,Daylight,Dry,Clear,None apparent,Intersection:  T-intersection,Paved,,Property Damage Only,0,0,0,0,0,0,3300,2,6,,POINT (-93.755106463761 41.600463465378)
2014823698,2014-0246,10/25/2014,10-October,7-Saturday,15:25,1500 Hours,District 5 (Southeast),CARLISLE,WARREN,,SCOTCH RIDGE RD,Collision with:  Vehicle in traffic,On Roadway,Broadside (front to side),Ran Traffic Signal,None Indicated,,Daylight,Dry,Clear,None apparent,Intersection:  Four-way intersection,Paved,,Property Damage Only,0,0,0,0,0,0,3000,2,3,,POINT (-93.497827209127 41.498596352645)
2014827531,1410-074,10/25/2014,10-October,7-Saturday,18:20,1800 Hours,District 3 (Northwest),,OSCEOLA,IA 9,IA 9/IOWA 9,Collision with:  Vehicle in traffic,On Roadway,Rear-end (front to rear),Followed too close,None Indicated,,Dusk,Dry,Clear,None apparent,Non-intersection:  Non-junction/no special feature,Paved,,Possible/Unknown,0,1,0,0,0,1,8000,2,3,,POINT (-95.666192104438 43.432742336696)
2014823856,201400052353,10/25/2014,10-October,7-Saturday,10:19,1000 Hours,District 5 (Southeast),OTTUMWA,WAPELLO,,E 2ND ST & S ASH ST & N ASH ST,Collision with:  Vehicle in traffic,On Roadway,Broadside (front to side),FTYROW:  Other (explain in narrative),None Indicated,,Daylight,Dry,Clear,None apparent,Intersection:  Other intersection (explain in narrative),Paved,,Possible/Unknown,0,1,0,0,1,0,4000,2,3,,POINT (-92.400354496066 41.012114173362)
2014823829,2014060455,10/25/2014,10-October,7-Saturday,21:15,2100 Hours,District 1 (Central),WEST DES MOINES,POLK,IA 5,IA 5/IOWA 5,Collision with:  Animal,,,Animal,None Indicated,,,,,,,Paved,,Property Damage Only,0,0,0,0,0,0,4000,1,1,,POINT (-93.718837092726 41.51985569425)