Iowa DOT Case Number,Law Enforcement Case Number,Date of Crash,Month of Crash,Day of Week,Time of Crash,Hour,DOT District,City Name,County Name,Route with System,Location Description,First Harmful Event,Location of First Harmful Event,Manner of Crash/Collision,Major Cause,Drug or Alcohol ,Environmental Conditions,Light Conditions,Surface Conditions,Weather Conditions,Roadway Contribution,Roadway Type,Roadway Surface,Work Zone,Crash Severity,Number of Fatalities,Number of Injuries,Number of Major Injuries,Number of Minor Injuries,Number of Possible Injuries,Number of Unknown Injuries,Amount of Property Damage,Number of Vehicles Involved,Total Number of Occupants,Travel Direction,Location
2014824004,201405053,10/25/2014,10-October,7-Saturday,14:47,1400 Hours,District 1 (Central),,BOONE,,Co Rd E18/130TH ST & Co Rd R21/NATURE RD,Collision with:  Vehicle in traffic,On Roadway,Rear-end (front to rear),"Operating vehicle in an reckless, erratic, careless, negligent manner",None Indicated,,Daylight,Dry,Cloudy,None apparent,Intersection:  Four-way intersection,Paved,,Property Damage Only,0,0,0,0,0,0,3500,2,3,,POINT (-93.917100214913 42.16655582523)
2014824273,S14-004266,10/25/2014,10-October,7-Saturday,01:30,0100 Hours,District 4 (Southwest),,POTTAWATTAMIE,,Co Rd G18/TAMARACK RD,Collision with fixed object:  Ditch,Shoulder,Non-collision (single vehicle),Ran off road - left,None Indicated,,Dark - roadway not lighted,Dry,Clear,None apparent,Non-intersection:  Non-junction/no special feature,Paved,,Possible/Unknown,0,1,0,0,1,0,15000,1,1,,POINT (-95.466921929382 41.476967092509)
2014823895,,10/25/2014,10-October,7-Saturday,10:30,1000 Hours,District 2 (Northeast),ELKADER,CLAYTON,,HIGH ST NE,Collision with:  Other non-fixed object (explain in narrative),Outside trafficway,Head-on (front to front),Unknown,None Indicated,,Daylight,Dry,Cloudy,,Non-intersection:  Other non-intersection (explain in narrative),Paved,,Property Damage Only,0,0,0,0,0,0,1637,2,2,,POINT (-91.403232433173 42.855859439126)
2014824208,2014060155,10/25/2014,10-October,7-Saturday,05:10,0500 Hours,District 5 (Southeast),,MUSCATINE,IA 38,IA 38/IOWA 38,Collision with:  Vehicle in traffic,On Roadway,"Sideswipe, opposite direction",Crossed centerline (undivided),None Indicated,,Dark - roadway not lighted,Dry,"Fog, smoke, smog",None apparent,Non-intersection:  Non-junction/no special feature,Paved,,Major Injury,0,4,3,1,0,0,45000,3,4,,POINT (-91.039318634777 41.502323990912)
2014824481,,10/25/2014,10-October,7-Saturday,05:00,0500 Hours,District 6 (East Central),CEDAR RAPIDS,LINN,,58TH AVE SW & 4TH ST CT SW & 4TH ST SW,Collision with:  Vehicle in traffic,On Roadway,Rear-end (front to rear),Unknown,Under Influence of Alcohol/Drugs/Medications,,Dark - roadway lighted,Dry,Clear,,Non-intersection:  Non-junction/no special feature,Paved,,Property Damage Only,0,0,0,0,0,0,1500,2,5,,POINT (-91.67239112175 41.921799803186)
2014823648,2014-74653,10/25/2014,10-October,7-Saturday,17:11,1700 Hours,District 6 (East Central),DAVENPORT,SCOTT,,W LOCUST ST & N CLARK ST,Collision with:  Vehicle in traffic,On Roadway,Broadside (front to side),FTYROW:  From driveway,None Indicated,,Dark - roadway lighted,Dry,Clear,None apparent,Non-intersection:  Driveway access (within),Paved,,Minor Injury,0,1,0,1,0,0,4000,2,4,,POINT (-90.622681475961 41.538171694924)
2014823286,1410258021,10/25/2014,10-October,7-Saturday,04:00,0400 Hours,District 6 (East Central),,CLINTON,,Co Rd Z2E/160 ST,Collision with:  Animal,,,Animal,None Indicated,,,,,,,Paved,,Property Damage Only,0,0,0,0,0,0,7000,1,1,,POINT (-90.499418515362 41.94579221432)
2014823879,,10/25/2014,10-October,7-Saturday,01:12,0100 Hours,District 5 (Southeast),,HENRY,,Co Rd X23/RACINE AVE,Collision with:  Animal,On Roadway,Non-collision (single vehicle),Animal,None Indicated,,Dark - roadway not lighted,Dry,"Fog, smoke, smog",None apparent,Non-intersection:  Non-junction/no special feature,Paved,,Property Damage Only,0,0,0,0,0,0,2000,1,1,,POINT (-91.388503533177 40.954027280823)
2014823630,2014-039066,10/25/2014,10-October,7-Saturday,12:09,1200 Hours,District 6 (East Central),DUBUQUE,DUBUQUE,US 52,US 52/WHITE ST & E 20TH ST,Collision with:  Vehicle in traffic,On Roadway,"Sideswipe, same direction",Made improper turn,None Indicated,,Daylight,Dry,Clear,None apparent,Intersection:  Four-way intersection,Paved,,Property Damage Only,0,0,0,0,0,0,4000,2,5,,POINT (-90.669354337519 42.511407429549)
2014826692,14018737,10/25/2014,10-October,7-Saturday,03:23,0300 Hours,District 2 (Northeast),MASON CITY,CERRO GORDO,,N DELAWARE AVE,Non-collision events:  Other non-collision (explain in narrative),Shoulder,Non-collision (single vehicle),Ran off road - left,Alcohol (Statutory),,Dark - roadway not lighted,Dry,Clear,None apparent,Non-intersection:  Non-junction/no special feature,Paved,,Possible/Unknown,0,1,0,0,0,1,6000,1,1,,POINT (-93.19945770572 43.160845738039)
2014823958,14-35385,10/25/2014,10-October,7-Saturday,13:41,1300 Hours,District 3 (Northwest),SIOUX CITY,WOODBURY,,DALE ST,Collision with:  Parked motor vehicle,On Roadway,"Sideswipe, same direction",Driving too fast for conditions,None Indicated,,Daylight,Dry,Clear,None apparent,Non-intersection:  Non-junction/no special feature,Paved,,Property Damage Only,0,0,0,0,0,0,3000,2,2,,POINT (-96.398546267231 42.505592262569)
2014824764,14-151025-01,10/25/2014,10-October,7-Saturday,15:39,1500 Hours,District 6 (East Central),,IOWA,,Co Rd F34/190TH ST,Collision with:  Vehicle in traffic,On Roadway,"Angle, oncoming left turn",FTYROW:  Making left turn,None Indicated,,Daylight,Dry,Clear,None apparent,Intersection:  Intersection with ramp,Unpaved,,Property Damage Only,0,0,0,0,0,0,6500,2,4,,POINT (-92.007118172439 41.730996144441)
2014823690,14S01694,10/25/2014,10-October,7-Saturday,14:43,1400 Hours,District 4 (Southwest),AFTON,UNION,US 34,US 34 & US 169/DOUGLAS ST & THREE MILE CREEK DR,Collision with:  Vehicle in traffic,On Roadway,"Angle, oncoming left turn",FTYROW:  Making left turn,None Indicated,,Daylight,Dry,Clear,None apparent,Intersection:  Four-way intersection,Paved,,Property Damage Only,0,0,0,0,0,0,6000,2,2,,POINT (-94.196946476902 41.034203534359)
2014823858,201400052393,10/25/2014,10-October,7-Saturday,15:12,1500 Hours,District 5 (Southeast),OTTUMWA,WAPELLO,US 34,US 34,Non-collision events:  Overturn/rollover,On Roadway,Non-collision (single vehicle),Exceeded authorized speed,None Indicated,,Daylight,Dry,Clear,None apparent,Non-intersection:  Non-junction/no special feature,Paved,,Possible/Unknown,0,1,0,0,1,0,102000,1,1,,POINT (-92.388101785374 41.011203013744)
2014823399,14-012994,10/25/2014,10-October,7-Saturday,01:38,0100 Hours,District 1 (Central),,MARSHALL,IA 96,IA 96/120TH ST,Collision with:  Animal,,,Animal,None Indicated,,,,,,,Paved,,Property Damage Only,0,0,0,0,0,0,3000,1,1,,POINT (-92.779431876759 42.181258412735)
2014823282,102514-91,10/25/2014,10-October,7-Saturday,06:50,0600 Hours,District 3 (Northwest),,BUENA VISTA,IA 7,IA 7/630TH ST,Collision with:  Animal,,,Animal,None Indicated,,,,,,,Paved,,Property Damage Only,0,0,0,0,0,0,3500,1,1,,POINT (-95.036143719333 42.604570326743)
2014823279,102514-157,10/25/2014,10-October,7-Saturday,08:30,0800 Hours,District 3 (Northwest),LAKESIDE,BUENA VISTA,,DAPHNE ST,Collision with:  Parked motor vehicle,On Roadway,Unknown,Improper Backing,None Indicated,,Daylight,Dry,Clear,None apparent,Non-intersection:  Non-junction/no special feature,Paved,,Property Damage Only,0,0,0,0,0,0,5000,2,1,,POINT (-95.173485984587 42.617084739596)
2014823363,20140031761,10/25/2014,10-October,7-Saturday,15:45,1500 Hours,District 1 (Central),DES MOINES,POLK,US 6,US 6/EUCLID AVE & 3RD ST,Collision with:  Vehicle in traffic,On Roadway,Broadside (front to side),Other (explain in narrative):  No improper action,None Indicated,,Daylight,Dry,Clear,None apparent,Non-intersection:  Non-junction/no special feature,Paved,,Possible/Unknown,0,1,0,0,1,0,4500,2,2,,POINT (-93.621101057082 41.62766567446)
2014824524,14202,10/25/2014,10-October,7-Saturday,09:33,0900 Hours,District 5 (Southeast),PELLA,MARION,,OSKALOOSA ST & CLARK ST,Collision with:  Vehicle in traffic,On Roadway,Rear-end (front to rear),Swerving/Evasive Action,None Indicated,,Daylight,Dry,Clear,None apparent,Intersection:  Four-way intersection,Paved,,Property Damage Only,0,0,0,0,0,0,2200,2,3,,POINT (-92.912145853235 41.3983955066)
2014823533,2014011974,10/25/2014,10-October,7-Saturday,13:47,1300 Hours,District 6 (East Central),IOWA CITY,JOHNSON,IA 1,IA 1/E BURLINGTON ST & S GILBERT ST,Collision with:  Vehicle in traffic,On Roadway,Rear-end (front to rear),Followed too close,None Indicated,,Daylight,Dry,Clear,None apparent,Intersection:  Four-way intersection,Paved,,Property Damage Only,0,0,0,0,0,0,2000,2,3,,POINT (-91.53016208659 41.657837978929)
2014823762,201403869,10/25/2014,10-October,7-Saturday,13:00,1300 Hours,District 6 (East Central),LISBON,LINN,US 30,US 30/W US 30 & S WASHINGTON ST,Collision with:  Vehicle in traffic,On Roadway,Broadside (front to side),FTYROW:  From stop sign,None Indicated,,Daylight,Dry,Clear,None apparent,Intersection:  Four-way intersection,Paved,,Minor Injury,0,2,0,2,0,0,10500,2,4,,POINT (-91.385521006373 41.917889785642)
2014827837,2014060409,10/25/2014,10-October,7-Saturday,14:37,1400 Hours,District 5 (Southeast),MOUNT PLEASANT,HENRY,US 34,US 34/US 34 SE RAMP/US 34 SW RAMP & IA 438/OLD HWY 218 & GRAND AVE,Collision with:  Vehicle in traffic,On Roadway,Broadside (front to side),Ran Stop Sign,None Indicated,,Daylight,Dry,Clear,None apparent,Intersection:  Intersection with ramp,Paved,,Major Injury,0,2,1,1,0,0,18000,2,6,,POINT (-91.54291297134 40.987646067271)
2014825973,C14003401,10/25/2014,10-October,7-Saturday,13:13,1300 Hours,District 6 (East Central),CORALVILLE,JOHNSON,I-80,I-80 & IA 965/CORAL RIDGE AVE & COMMERCE DR,Collision with:  Vehicle in traffic,On Roadway,"Sideswipe, same direction",Other (explain in narrative):  Other,None Indicated,,Daylight,Dry,Cloudy,Non-highway work,Intersection:  Intersection with ramp,Paved,,Property Damage Only,0,0,0,0,0,0,4500,2,6,,POINT (-91.608463777811 41.695966106141)
2014823281,102514-247,10/25/2014,10-October,7-Saturday,10:20,1000 Hours,District 3 (Northwest),,BUENA VISTA,IA 10,IA 10/460TH ST,Collision with:  Animal,,,Animal,None Indicated,,,,,,,Paved,,Property Damage Only,0,0,0,0,0,0,3000,1,1,,POINT (-95.041333700808 42.85097339464)
2014823392,14-2384,10/25/2014,10-October,7-Saturday,16:37,1600 Hours,District 1 (Central),URBANDALE,POLK,IA 28,IA 28/MERLE HAY RD,Collision with:  Vehicle in traffic,On Roadway,Rear-end (front to rear),Driver Distraction:  Manual operation of an electronic communication device,None Indicated,,Daylight,Dry,Clear,None apparent,Non-intersection:  Non-junction/no special feature,Paved,,Property Damage Only,0,0,0,0,0,0,3500,3,5,,POINT (-93.697682825978 41.637917890742)
2014823611,2014-013427,10/25/2014,10-October,7-Saturday,19:30,1900 Hours,District 6 (East Central),,DUBUQUE,US 52,US 52,Collision with:  Animal,,,Animal,None Indicated,,,,,,,Paved,,Property Damage Only,0,0,0,0,0,0,3000,1,1,,POINT (-90.623074935203 42.414100316829)
2014824250,2014-23201,10/25/2014,10-October,7-Saturday,15:10,1500 Hours,District 5 (Southeast),,WARREN,,Co Rd R63/100TH AVE,Collision with fixed object:  Mailbox,Roadside,Non-collision (single vehicle),Ran off road - right,None Indicated,,Daylight,Dry,Clear,None apparent,Non-intersection:  Non-junction/no special feature,Paved,,Possible/Unknown,0,1,0,0,1,0,3050,1,2,,POINT (-93.613848711723 41.400475751402)
2014823308,14022596,10/25/2014,10-October,7-Saturday,22:49,2200 Hours,District 6 (East Central),MARION,LINN,IA 100,IA 100/COLLINS RD SE,Collision with:  Animal,On Roadway,Non-collision (single vehicle),Animal,None Indicated,,Dark - roadway not lighted,Dry,Clear,None apparent,Non-intersection:  Non-junction/no special feature,Paved,,Property Damage Only,0,0,0,0,0,0,3000,1,2,,POINT (-91.566866075765 42.019934785128)
2014824048,2014-74603,10/25/2014,10-October,7-Saturday,10:49,1000 Hours,District 6 (East Central),DAVENPORT,SCOTT,US 67,US 67/E RIVER DR,Collision with:  Vehicle in traffic,On Roadway,Rear-end (front to rear),Followed too close,None Indicated,,Daylight,Dry,Clear,None apparent,Intersection:  Four-way intersection,Paved,,Property Damage Only,0,0,0,0,0,0,2000,2,2,,POINT (-90.546691348898 41.53002708971)
2014823503,2014011986,10/25/2014,10-October,7-Saturday,21:29,2100 Hours,District 6 (East Central),IOWA CITY,JOHNSON,,E COURT ST & CLARK ST,Collision with:  Parked motor vehicle,On Roadway,Head-on (front to front),Driver Distraction:  Reaching for object(s)/fallen object(s),Alcohol (Statutory),,Dark - roadway not lighted,Dry,Clear,Non-highway work,Non-intersection:  Non-junction/no special feature,Paved,,Property Damage Only,0,0,0,0,0,0,4500,2,1,,POINT (-91.519870894798 41.656724143964)
2014823318,14-7049,10/25/2014,10-October,7-Saturday,21:12,2100 Hours,District 1 (Central),,POLK,,NW 142ND ST,Collision with fixed object:  Ditch,On Roadway,Non-collision (single vehicle),Driving too fast for conditions,None Indicated,,Dark - roadway not lighted,Dry,Clear,None apparent,Non-intersection:  Non-junction/no special feature,Unpaved,,Possible/Unknown,0,1,0,0,1,0,5500,1,2,,POINT (-93.814531229881 41.715925099904)
2014823661,2014060377,10/25/2014,10-October,7-Saturday,06:00,0600 Hours,District 3 (Northwest),,SIOUX,IA 60,IA 60/IOWA 60,Collision with:  Animal,,Non-collision (single vehicle),Animal,None Indicated,,,,,,,Paved,,Property Damage Only,0,0,0,0,0,0,4000,1,1,,POINT (-95.872268792595 43.153163922015)
2014823343,20140031803,10/25/2014,10-October,7-Saturday,23:37,2300 Hours,District 1 (Central),DES MOINES,POLK,,DES MOINES ST & E 6TH ST,Collision with:  Vehicle in traffic,On Roadway,Broadside (front to side),Ran Stop Sign,None Indicated,,Dark - roadway lighted,Dry,Cloudy,None apparent,Intersection:  Four-way intersection,Paved,,Property Damage Only,0,0,0,0,0,0,18000,2,4,,POINT (-93.610596053204 41.591954282488)
2014823827,2014060339,10/25/2014,10-October,7-Saturday,02:16,0200 Hours,District 5 (Southeast),,CLARKE,I-35,I-35,Non-collision events:  Overturn/rollover,Shoulder,Non-collision (single vehicle),Ran off road - right,None Indicated,,Dark - roadway not lighted,Dry,Clear,None apparent,Non-intersection:  Non-junction/no special feature,Paved,,Property Damage Only,0,0,0,0,0,0,100000,1,1,,POINT (-93.781751671724 41.118398538533)
2014823529,14-5362,10/25/2014,10-October,7-Saturday,12:36,1200 Hours,District 1 (Central),WEST DES MOINES,POLK,I-235,I-235,Collision with:  Vehicle in traffic,On Roadway,Rear-end (front to rear),Followed too close,None Indicated,,Daylight,Dry,Clear,Work Zone (roadway-related),Non-intersection:  Non-junction/no special feature,Paved,Yes,Property Damage Only,0,0,0,0,0,0,17500,5,10,,POINT (-93.76393730107 41.592235587494)
2014823478,14-5373,10/25/2014,10-October,7-Saturday,20:36,2000 Hours,District 4 (Southwest),WEST DES MOINES,DALLAS,,JORDAN CREEK PKWY & MILLS CIVIC PKWY & S JORDAN CREEK PKWY,Collision with:  Vehicle in traffic,On Roadway,Head-on (front to front),Ran Traffic Signal,None Indicated,,Dark - roadway lighted,Dry,Cloudy,None apparent,Intersection:  Four-way intersection,Paved,,Property Damage Only,0,0,0,0,0,0,8000,2,4,,POINT (-93.809357087366 41.561030024355)
2014823677,14-5353,10/25/2014,10-October,7-Saturday,03:40,0300 Hours,District 1 (Central),WEST DES MOINES,POLK,,32ND ST,Collision with:  Parked motor vehicle,On Roadway,"Sideswipe, same direction",Unknown,None Indicated,,Dark - roadway lighted,Dry,Clear,None apparent,Non-intersection:  Non-junction/no special feature,Paved,,Property Damage Only,0,0,0,0,0,0,1500,2,1,,POINT (-93.747262598291 41.580005278905)
2014823422,14-35400,10/25/2014,10-October,7-Saturday,15:55,1500 Hours,District 3 (Northwest),SIOUX CITY,WOODBURY,,TRANSIT AVE & MORNINGSIDE AVE & S ST AUBIN ST,Collision with:  Vehicle in traffic,On Roadway,"Angle, oncoming left turn",FTYROW:  Making left turn,None Indicated,,Daylight,Dry,Clear,None apparent,Intersection:  Four-way intersection,Paved,,Property Damage Only,0,0,0,0,0,0,3000,2,2,,POINT (-96.356035184592 42.470765317637)
2014823298,14162457,10/25/2014,10-October,7-Saturday,21:59,2100 Hours,District 6 (East Central),TIFFIN,JOHNSON,I-80,I-80,Collision with:  Animal,On Roadway,Non-collision (single vehicle),Animal,None Indicated,,Dark - roadway not lighted,Dry,Clear,None apparent,Non-intersection:  Non-junction/no special feature,Paved,,Property Damage Only,0,0,0,0,0,0,4000,1,4,,POINT (-91.651920888314 41.694115369694)
2014825475,1025201417,10/25/2014,10-October,7-Saturday,22:30,2200 Hours,District 5 (Southeast),OSCEOLA,CLARKE,I-35,I-35,Collision with:  Animal,,,Animal,None Indicated,,,,,,,Paved,,Property Damage Only,0,0,0,0,0,0,10000,1,1,,POINT (-93.785488853007 41.048155824803)
2014824210,2014060371,10/25/2014,10-October,7-Saturday,08:35,0800 Hours,District 4 (Southwest),,DALLAS,,Co Rd R16/R AVE & 300TH ST,Collision with:  Vehicle in traffic,On Roadway,"Sideswipe, same direction",Crossed centerline (undivided),None Indicated,,Daylight,Dry,Clear,None apparent,Intersection:  T-intersection,Paved,,Major Injury,0,2,1,0,1,0,8000,2,3,,POINT (-93.954768504201 41.600293676804)
2014825503,14-026379,10/25/2014,10-October,7-Saturday,19:44,1900 Hours,District 5 (Southeast),PELLA,MARION,,Co Rd T15/HWY T15,Collision with:  Animal,,,Animal,None Indicated,,,,,,,Paved,,Property Damage Only,0,0,0,0,0,0,1500,1,1,,POINT (-92.962474746698 41.395315297946)
2014825692,EP14-2014,10/25/2014,10-October,7-Saturday,08:47,0800 Hours,District 2 (Northeast),EAGLE GROVE,WRIGHT,,,Collision with:  Vehicle in traffic,On Roadway,Broadside (front to side),FTYROW:  From parked position,None Indicated,,Daylight,Dry,Clear,None apparent,Non-intersection:  Alley,,,Property Damage Only,0,0,0,0,0,0,2300,2,2,,POINT (-96.643700149993 40.233091251414)
2014823427,14-35545,10/26/2014,10-October,1-Sunday,19:31,1900 Hours,District 3 (Northwest),SIOUX CITY,WOODBURY,,W HIGHLAND AVE,Collision with:  Parked motor vehicle,On Roadway,Head-on (front to front),Crossed centerline (undivided),None Indicated,,Dark - roadway lighted,Dry,Clear,None apparent,Non-intersection:  Non-junction/no special feature,Paved,,Property Damage Only,0,0,0,0,0,0,8000,2,1,,POINT (-96.442169966867 42.495761587699)
2014823999,2014-039103,10/26/2014,10-October,1-Sunday,20:06,2000 Hours,District 6 (East Central),DUBUQUE,DUBUQUE,,CUSHING ST,Collision with:  Parked motor vehicle,On Roadway,"Sideswipe, same direction",Lost Control,None Indicated,,Dark - roadway not lighted,Dry,Clear,None apparent,Non-intersection:  Non-junction/no special feature,Paved,,Property Damage Only,0,0,0,0,0,0,5500,2,1,,POINT (-90.676674506671 42.514230688567)
2014826333,,10/26/2014,10-October,1-Sunday,23:10,2300 Hours,District 2 (Northeast),,WINNESHIEK,IA 9,IA 9/IOWA 9,Collision with:  Animal,On Roadway,Non-collision (single vehicle),Animal,None Indicated,,Dark - roadway not lighted,Dry,Cloudy,None apparent,Non-intersection:  Non-junction/no special feature,Paved,,Property Damage Only,0,0,0,0,0,0,1800,1,1,,POINT (-91.717560682504 43.260725820951)
2014823631,2014-039087,10/26/2014,10-October,1-Sunday,00:18,0000 Hours,District 6 (East Central),DUBUQUE,DUBUQUE,,E 29TH ST & PINARD ST,Collision with:  Vehicle in traffic,Outside trafficway,"Sideswipe, opposite direction",Lost Control,Alcohol (Statutory),,Dark - roadway not lighted,Dry,Clear,None apparent,Intersection:  Four-way intersection,Paved,,Property Damage Only,0,0,0,0,0,0,6000,2,3,,POINT (-90.675706901477 42.525881792033)
2014824184,201403891,10/26/2014,10-October,1-Sunday,23:55,2300 Hours,District 6 (East Central),CEDAR RAPIDS,LINN,US 151,US 151,Collision with:  Animal,,,Animal,None Indicated,,,,,,,Paved,,Property Damage Only,0,0,0,0,0,0,5000,1,1,,POINT (-91.550121002964 41.983455850205)
2014825144,14-005046,10/26/2014,10-October,1-Sunday,09:10,0900 Hours,District 1 (Central),AMES,STORY,US 30,US 30,Collision with:  Animal,On Roadway,Non-collision (single vehicle),Animal,None Indicated,,Daylight,Dry,Clear,None apparent,Non-intersection:  Non-junction/no special feature,Paved,,Property Damage Only,0,0,0,0,0,0,9999,1,1,,POINT (-93.602917123226 42.005448825999)
2014843244,1026147A,10/26/2014,10-October,1-Sunday,22:39,2200 Hours,District 4 (Southwest),,PAGE,,A AVE,Collision with fixed object:  Ditch,,,Swerving/Evasive Action,None Indicated,,,,,,,Unpaved,,Property Damage Only,0,0,0,0,0,0,2500,1,1,,POINT (-95.366121283241 40.779017830639)
2014824231,146304,10/26/2014,10-October,1-Sunday,03:18,0300 Hours,District 1 (Central),,HARDIN,US 20,US 20,Collision with fixed object:  Ditch,On Roadway,Non-collision (single vehicle),Swerving/Evasive Action,None Indicated,,Dark - roadway not lighted,Dry,Clear,None apparent,Non-intersection:  Non-junction/no special feature,Paved,,Property Damage Only,0,0,0,0,0,0,10000,1,1,,POINT (-93.348446619335 42.44852318024)
2014823754,201400003883,10/26/2014,10-October,1-Sunday,14:10,1400 Hours,District 6 (East Central),,LINN,US 151,US 151,Collision with:  Other non-fixed object (explain in narrative),On Roadway,Rear-end (front to rear),Followed too close,None Indicated,,Daylight,Dry,Cloudy,Debris,Non-intersection:  Non-junction/no special feature,Paved,,Property Damage Only,0,0,0,0,0,0,5000,2,5,,POINT (-91.550146094819 42.012663804276)
2014823669,14-5609,10/26/2014,10-October,1-Sunday,09:50,0900 Hours,District 6 (East Central),HIAWATHA,LINN,I-380,I-380,Collision with:  Animal,,,Animal,None Indicated,,,,,,,Paved,,Property Damage Only,0,0,0,0,0,0,5000,1,1,,POINT (-91.699789434712 42.057687242333)
2014823757,20140003889,10/26/2014,10-October,1-Sunday,20:00,2000 Hours,District 6 (East Central),,LINN,IA 13,IA 13/IOWA 13,Collision with:  Animal,,,Animal,None Indicated,,,,,,,Paved,,Property Damage Only,0,0,0,0,0,0,2500,1,1,,POINT (-91.55024180454 42.090803538378)
2014823377,20140031889,10/26/2014,10-October,1-Sunday,20:22,2000 Hours,District 1 (Central),DES MOINES,POLK,I-235,I-235 & 35TH ST,Collision with:  Vehicle in traffic,On Roadway,Rear-end (front to rear),Followed too close,None Indicated,,Dark - roadway lighted,Dry,Clear,None apparent,Non-intersection:  Other non-intersection (explain in narrative),Paved,,Possible/Unknown,0,2,0,0,2,0,9000,2,2,,POINT (-93.664192596473 41.593143335449)
2014825260,14-38357,10/26/2014,10-October,1-Sunday,20:08,2000 Hours,District 5 (Southeast),BURLINGTON,DES MOINES,,3RD ST,Collision with:  Vehicle in traffic,On Roadway,Rear-end (front to rear),FTYROW:  From parked position,None Indicated,,Dark - roadway lighted,Dry,Cloudy,None apparent,Non-intersection:  Non-junction/no special feature,Paved,,Possible/Unknown,0,2,0,0,1,1,2500,2,3,,POINT (-91.102460293888 40.810711330784)
2014829155,14-10210,10/26/2014,10-October,1-Sunday,00:24,0000 Hours,District 5 (Southeast),MOUNT PLEASANT,HENRY,,E MONROE ST,Collision with:  Vehicle in traffic,On Roadway,Rear-end (front to rear),"Operating vehicle in an reckless, erratic, careless, negligent manner",None Indicated,,Dark - roadway not lighted,Dry,Clear,None apparent,Non-intersection:  Non-junction/no special feature,Paved,,Property Damage Only,0,0,0,0,0,0,12000,2,1,,POINT (-91.534258194843 40.965124778074)
2014825543,2014060496,10/26/2014,10-October,1-Sunday,07:30,0700 Hours,District 6 (East Central),,CEDAR,,Co Rd X54/MOSCOW RD,Collision with:  Animal,,,Animal,None Indicated,,,,,,,Paved,,Property Damage Only,0,0,0,0,0,0,2000,1,1,,POINT (-91.106478580863 41.638821080729)
2014823376,20140031882,10/26/2014,10-October,1-Sunday,19:36,1900 Hours,District 1 (Central),DES MOINES,POLK,US 6,US 6/DOUGLAS AVE,Collision with:  Vehicle in traffic,On Roadway,Rear-end (front to rear),Other (explain in narrative):  Other,None Indicated,,Dark - roadway lighted,Dry,Cloudy,None apparent,Non-intersection:  Non-junction/no special feature,Paved,,Property Damage Only,0,0,0,0,0,0,3500,2,2,,POINT (-93.678659539198 41.629474969975)
2014823315,14-7066,10/26/2014,10-October,1-Sunday,15:16,1500 Hours,District 1 (Central),,POLK,US 69,US 69/NE 14TH ST & Co Rd F22/NE 126TH AVE,Collision with:  Vehicle in traffic,On Roadway,Broadside (front to side),Ran Stop Sign,None Indicated,,Daylight,Dry,Clear,None apparent,Intersection:  Four-way intersection,Paved,,Possible/Unknown,0,1,0,0,1,0,10000,2,4,,POINT (-93.600376137789 41.791254054423)
2014823664,2014060602,10/26/2014,10-October,1-Sunday,23:00,2300 Hours,District 2 (Northeast),MCGREGOR,CLAYTON,IA 76,IA 76/RIVER ST,Collision with:  Animal,,Non-collision (single vehicle),Animal,None Indicated,,,,,,,Paved,,Property Damage Only,0,0,0,0,0,0,5000,1,1,,POINT (-91.173713736712 43.028310273838)
2014823771,N14000575,10/26/2014,10-October,1-Sunday,17:12,1700 Hours,District 6 (East Central),NORTH LIBERTY,JOHNSON,,PENN ST,Collision with:  Vehicle in traffic,On Roadway,"Angle, oncoming left turn",FTYROW:  Making left turn,None Indicated,,Daylight,Dry,Clear,None apparent,Non-intersection:  Driveway access (within),Paved,,Fatal,1,3,1,2,0,0,28500,3,6,,POINT (-91.611482585413 41.752241053453)
2014824879,14000539,10/26/2014,10-October,1-Sunday,17:56,1700 Hours,District 5 (Southeast),ALBIA,MONROE,US 34,US 34 & IA 5/IOWA 5,Collision with:  Vehicle in traffic,On Roadway,Broadside (front to side),FTYROW:  From stop sign,None Indicated,,Daylight,Dry,Clear,None apparent,Intersection:  Four-way intersection,Paved,,Possible/Unknown,0,1,0,0,0,1,2000,2,6,,POINT (-92.809091046541 41.015407563817)
2014826334,,10/26/2014,10-October,1-Sunday,21:25,2100 Hours,District 2 (Northeast),,WINNESHIEK,US 52,US 52,Collision with:  Animal,On Roadway,Non-collision (single vehicle),Animal,None Indicated,,Dark - roadway not lighted,Dry,Cloudy,None apparent,Non-intersection:  Non-junction/no special feature,Paved,,Property Damage Only,0,0,0,0,0,0,4500,1,3,,POINT (-91.871119974688 43.498583620687)
2014828524,14-10225,10/26/2014,10-October,1-Sunday,16:23,1600 Hours,District 5 (Southeast),MOUNT PLEASANT,HENRY,,,Collision with:  Vehicle in traffic,On Roadway,"Sideswipe, same direction",FTYROW:  From driveway,None Indicated,,Daylight,Dry,Clear,None apparent,Non-intersection:  Driveway access (within),,,Property Damage Only,0,0,0,0,0,0,2500,2,3,,POINT (-96.643700149993 40.233091251414)
2014824521,14025182,10/26/2014,10-October,1-Sunday,01:07,0100 Hours,District 5 (Southeast),OSKALOOSA,MAHASKA,,9TH AVE E,Collision with fixed object:  Curb/island/raised median,On Roadway,Non-collision (single vehicle),Made improper turn,Alcohol (< Statutory),,Dark - roadway lighted,Dry,Clear,None apparent,Intersection:  Four-way intersection,Paved,,Property Damage Only,0,0,0,0,0,0,2000,1,2,,POINT (-92.639700244731 41.286926380029)
2014909195,104-14,10/26/2014,10-October,1-Sunday,15:50,1500 Hours,District 4 (Southwest),,MADISON,,Co Rd G4R/CUMMING RD & Co Rd R16/QUAIL RIDGE AVE,Collision with fixed object:  Ditch,On Roadway,Non-collision (single vehicle),Ran off road - straight,None Indicated,,Daylight,Dry,Clear,None apparent,Non-intersection:  Non-junction/no special feature,Paved,,Minor Injury,0,1,0,1,0,0,2000,1,1,,POINT (-93.913082993811 41.419621687647)