Iowa DOT Case Number,Law Enforcement Case Number,Date of Crash,Month of Crash,Day of Week,Time of Crash,Hour,DOT District,City Name,County Name,Route with System,Location Description,First Harmful Event,Location of First Harmful Event,Manner of Crash/Collision,Major Cause,Drug or Alcohol ,Environmental Conditions,Light Conditions,Surface Conditions,Weather Conditions,Roadway Contribution,Roadway Type,Roadway Surface,Work Zone,Crash Severity,Number of Fatalities,Number of Injuries,Number of Major Injuries,Number of Minor Injuries,Number of Possible Injuries,Number of Unknown Injuries,Amount of Property Damage,Number of Vehicles Involved,Total Number of Occupants,Travel Direction,Location
2014824215,2014060592,10/26/2014,10-October,1-Sunday,21:15,2100 Hours,District 1 (Central),ANKENY,POLK,I-35,I-35 & I-80 & I-235,Collision with:  Non-motorist (see non-motorist section - NOT a unit),On Roadway,Non-collision (single vehicle),Swerving/Evasive Action,None Indicated,,Dark - roadway lighted,Dry,Cloudy,None apparent,Non-intersection:  Other non-intersection (explain in narrative),Paved,,Major Injury,0,1,1,0,0,0,3000,1,1,,POINT (-93.575663968447 41.6521225026)
2014824673,261401951,10/26/2014,10-October,1-Sunday,14:32,1400 Hours,District 5 (Southeast),BLOOMFIELD,DAVIS,,KRESS AVE,Collision with:  Animal,On Roadway,Non-collision (single vehicle),Animal,None Indicated,,Daylight,"Mud, dirt",Clear,None apparent,Non-intersection:  Non-junction/no special feature,Unpaved,,Property Damage Only,0,0,0,0,0,0,8000,1,1,,POINT (-92.447887390349 40.863904272965)
2014826317,,10/26/2014,10-October,1-Sunday,12:30,1200 Hours,District 1 (Central),MONROE,JASPER,IA 14,IA 14/S MONROE ST/IOWA 14 & COUNTY LINE RD,Collision with fixed object:  Traffic sign support,On Roadway,Non-collision (single vehicle),Crossed centerline (undivided),None Indicated,,Daylight,Dry,Clear,None apparent,Intersection:  Other intersection (explain in narrative),Paved,,Property Damage Only,0,0,0,0,0,0,2150,1,1,,POINT (-93.101027984703 41.508294523663)
2014824727,2014060520,10/26/2014,10-October,1-Sunday,12:20,1200 Hours,District 4 (Southwest),,CASS,IA 48,IA 48/550TH ST,Collision with:  Animal,,,Animal,None Indicated,,,,,,,Paved,,Property Damage Only,0,0,0,0,0,0,3500,1,1,,POINT (-95.13725070556 41.224251559395)
2014823792,14-001240,10/26/2014,10-October,1-Sunday,19:43,1900 Hours,District 1 (Central),,STORY,US 30,US 30 & 720TH AVE,Collision with:  Animal,,,Animal,None Indicated,,,,,,,Paved,,Property Damage Only,0,0,0,0,0,0,2000,1,1,,POINT (-93.27066373479 42.007793883623)
2014823651,2014-74794,10/26/2014,10-October,1-Sunday,10:02,1000 Hours,District 6 (East Central),DAVENPORT,SCOTT,,W GARFIELD ST & WESTERN AVE,Collision with:  Vehicle in traffic,On Roadway,Rear-end (front to rear),Other (explain in narrative):  Other,None Indicated,,Daylight,Dry,Clear,None apparent,Non-intersection:  Non-junction/no special feature,Paved,,Property Damage Only,0,0,0,0,0,0,2000,2,3,,POINT (-90.580947113098 41.548648931142)
2014823632,2014-039095,10/26/2014,10-October,1-Sunday,14:35,1400 Hours,District 6 (East Central),DUBUQUE,DUBUQUE,,CHERRY ST & ASBURY RD,Collision with:  Vehicle in traffic,On Roadway,Broadside (front to side),Ran Stop Sign,None Indicated,,Daylight,Dry,Clear,None apparent,Intersection:  Four-way intersection,Paved,,Property Damage Only,0,0,0,0,0,0,2500,2,2,,POINT (-90.697014297968 42.500980522416)
2014824028,SO14002551,10/26/2014,10-October,1-Sunday,09:38,0900 Hours,District 3 (Northwest),,PLYMOUTH,,Co Rd L12/QUARTZ AVE,Non-collision events:  Overturn/rollover,On Roadway,Non-collision (single vehicle),Ran Stop Sign,None Indicated,,Daylight,Dry,Clear,None apparent,Intersection:  Four-way intersection,Paved,,Minor Injury,0,3,0,3,0,0,4200,1,3,,POINT (-95.996477634114 42.853989191069)
2014824077,14-38353,10/26/2014,10-October,1-Sunday,19:49,1900 Hours,District 5 (Southeast),,DES MOINES,,Co Rd H38/MEDIAPOLIS RD,Collision with:  Animal,On Roadway,Non-collision (single vehicle),Animal,None Indicated,,Dark - roadway not lighted,Dry,Clear,None apparent,Non-intersection:  Non-junction/no special feature,Paved,,Property Damage Only,0,0,0,0,0,0,5500,1,1,,POINT (-91.255427726016 41.001533177947)
2014823269,W14-106691,10/26/2014,10-October,1-Sunday,09:07,0900 Hours,District 2 (Northeast),WATERLOO,BLACK HAWK,,SKYVIEW RD,Collision with fixed object:  Tree,Shoulder,Non-collision (single vehicle),Ran off road - right,None Indicated,,Daylight,Dry,Cloudy,None apparent,Non-intersection:  Non-junction/no special feature,Paved,,Possible/Unknown,0,1,0,0,1,0,1000,1,1,,POINT (-92.27841399988 42.49689912634)
2014824223,4514-045,10/26/2014,10-October,1-Sunday,18:37,1800 Hours,District 2 (Northeast),,HOWARD,IA 9,IA 9/IOWA 9,Collision with:  Animal,,,Animal,None Indicated,,,,,,,Paved,,Property Damage Only,0,0,0,0,0,0,1500,1,1,,POINT (-92.267346216613 43.370948884999)
2014829660,14009543,10/26/2014,10-October,1-Sunday,10:46,1000 Hours,District 2 (Northeast),JESUP,BLACK HAWK,,Co Rd D22/DUBUQUE RD,Collision with fixed object:  Ditch,Shoulder,Non-collision (single vehicle),Crossed centerline (undivided),Drug,,Daylight,Dry,Cloudy,None apparent,Non-intersection:  Non-junction/no special feature,Paved,,Minor Injury,0,1,0,1,0,0,4000,1,1,,POINT (-92.075844895163 42.468211088616)
2014824529,14204,10/26/2014,10-October,1-Sunday,13:00,1300 Hours,District 5 (Southeast),PELLA,MARION,,JACKSON ST,Collision with:  Parked motor vehicle,On Roadway,Broadside (front to side),Unknown,None Indicated,,Daylight,Unknown,Clear,Unknown,Non-intersection:  Non-junction/no special feature,Paved,,Property Damage Only,0,0,0,0,0,0,3000,2,1,,POINT (-92.906528040887 41.41183942936)
2014823716,14162694,10/26/2014,10-October,1-Sunday,09:15,0900 Hours,District 6 (East Central),,JOHNSON,,180TH ST & MEHAFFEY BRIDGE RD,Collision with fixed object:  Ditch,Roadside,Non-collision (single vehicle),Swerving/Evasive Action,None Indicated,,Daylight,Dry,Clear,None apparent,Non-intersection:  Non-junction/no special feature,Paved,,Property Damage Only,0,0,0,0,0,0,15500,1,1,,POINT (-91.535867137053 41.802883476769)
2014825837,2014060586,10/26/2014,10-October,1-Sunday,20:55,2000 Hours,District 1 (Central),ANKENY,POLK,I-35,I-35,Collision with:  Animal,On Roadway,Non-collision (single vehicle),Animal,None Indicated,,Dark - roadway not lighted,Dry,Clear,None apparent,Non-intersection:  Non-junction/no special feature,Paved,,Property Damage Only,0,0,0,0,0,0,4000,1,3,,POINT (-93.577007739349 41.678884984427)
2014823706,W14-106853,10/26/2014,10-October,1-Sunday,20:30,2000 Hours,District 2 (Northeast),WATERLOO,BLACK HAWK,,CATARACT AVE,Collision with:  Parked motor vehicle,On Roadway,Unknown,Unknown,None Indicated,,Dark - roadway not lighted,Dry,Clear,None apparent,Non-intersection:  Non-junction/no special feature,Paved,,Property Damage Only,0,0,0,0,0,0,2000,2,1,,POINT (-92.347003992168 42.465204584214)
2014823830,2014060488,10/26/2014,10-October,1-Sunday,03:50,0300 Hours,District 5 (Southeast),,DECATUR,I-35,I-35,Collision with:  Animal,,,Animal,None Indicated,,,,,,,Paved,,Property Damage Only,0,0,0,0,0,0,6000,1,1,,POINT (-93.803180908244 40.860780753045)
2014823371,20140031852,10/26/2014,10-October,1-Sunday,13:21,1300 Hours,District 1 (Central),DES MOINES,POLK,IA 28,IA 28/63RD ST & WASHINGTON AVE,Collision with:  Vehicle in traffic,On Roadway,Rear-end (front to rear),Followed too close,None Indicated,,Daylight,Dry,Clear,None apparent,Non-intersection:  Non-junction/no special feature,Paved,,Possible/Unknown,0,1,0,0,1,0,2500,2,3,,POINT (-93.7037840755 41.609381982792)
2014832018,1410261935,10/26/2014,10-October,1-Sunday,19:30,1900 Hours,District 6 (East Central),,JONES,,Co Rd D65/RICHLAND RD,Collision with:  Animal,,,Animal,None Indicated,,,,,,,Paved,,Property Damage Only,0,0,0,0,0,0,4000,1,1,,POINT (-91.14865671388 42.248690874751)
2014823437,14-28450,10/26/2014,10-October,1-Sunday,17:14,1700 Hours,District 1 (Central),NEWTON,JASPER,,E 8TH ST S,Collision with:  Vehicle in traffic,On Roadway,Rear-end (front to rear),Other (explain in narrative):  Vision obstructed,None Indicated,,Dusk,Dry,Clear,None apparent,Non-intersection:  Non-junction/no special feature,Paved,,Property Damage Only,0,0,0,0,0,0,1700,2,1,,POINT (-93.043528138703 41.69606967284)
2014823400,14-013095,10/26/2014,10-October,1-Sunday,19:40,1900 Hours,District 1 (Central),,TAMA,US 63,US 63,Collision with:  Animal,,,Animal,None Indicated,,,,,,,Paved,,Property Damage Only,0,0,0,0,0,0,6000,1,1,,POINT (-92.581408190359 42.075133274324)
2014823354,20140031846,10/26/2014,10-October,1-Sunday,12:34,1200 Hours,District 1 (Central),DES MOINES,POLK,US 6,US 6/E EUCLID AVE & YORK ST,Collision with:  Vehicle in traffic,On Roadway,Broadside (front to side),Driving too fast for conditions,Alcohol (Statutory),,Daylight,Dry,Cloudy,None apparent,Intersection:  T-intersection,Paved,,Possible/Unknown,0,1,0,0,1,0,11000,3,8,,POINT (-93.602205921693 41.627730185005)
2014823978,14006734,10/26/2014,10-October,1-Sunday,15:04,1500 Hours,District 2 (Northeast),,CERRO GORDO,US 65,US 65,Non-collision events:  Overturn/rollover,On Roadway,Non-collision (single vehicle),Ran off road - right,None Indicated,,Daylight,Dry,Cloudy,None apparent,Non-intersection:  Non-junction/no special feature,Paved,,Minor Injury,0,2,0,2,0,0,10000,1,2,,POINT (-93.210525007602 43.238609124031)
2014823849,14-28488,10/26/2014,10-October,1-Sunday,22:33,2200 Hours,District 1 (Central),PRAIRIE CITY,JASPER,IA 163,IA 163/IOWA 163 W,Collision with:  Animal,,,Animal,None Indicated,,,,,,,Paved,,Property Damage Only,0,0,0,0,0,0,5000,1,1,,POINT (-93.272786255212 41.601277562581)
2014823841,14-38267,10/26/2014,10-October,1-Sunday,00:12,0000 Hours,District 5 (Southeast),BURLINGTON,DES MOINES,US 34,US 34,Collision with:  Animal,,,Animal,None Indicated,,,,,,,Paved,,Property Damage Only,0,0,0,0,0,0,1500,1,1,,POINT (-91.138018421708 40.817803499067)
2014823496,148195,10/26/2014,10-October,1-Sunday,01:30,0100 Hours,District 4 (Southwest),,DALLAS,US 169,US 169/N AVE,Collision with:  Animal,,,Animal,None Indicated,,,,,,,Paved,,Property Damage Only,0,0,0,0,0,0,3000,1,2,,POINT (-94.023124753032 41.678850707438)
2014874926,SA1409043,10/26/2014,10-October,1-Sunday,10:31,1000 Hours,District 5 (Southeast),,WASHINGTON,IA 92,IA 92,Non-collision events:  Overturn/rollover,Shoulder,Non-collision (single vehicle),Swerving/Evasive Action,None Indicated,,Daylight,Dry,Clear,None apparent,Non-intersection:  Non-junction/no special feature,Paved,,Major Injury,0,1,1,0,0,0,10000,1,1,,POINT (-91.895728889829 41.336995612418)
2014825145,14-005048,10/26/2014,10-October,1-Sunday,12:12,1200 Hours,District 1 (Central),AMES,STORY,US 69,US 69/GRAND AVE,Collision with:  Vehicle in traffic,On Roadway,Rear-end (front to rear),Followed too close,None Indicated,,Daylight,Dry,Clear,None apparent,Non-intersection:  Non-junction/no special feature,Paved,,Property Damage Only,0,0,0,0,0,0,2500,3,5,,POINT (-93.620386306485 42.034825271237)
2014826567,1026145A,10/26/2014,10-October,1-Sunday,10:26,1000 Hours,District 4 (Southwest),,PAGE,,Co Rd J31/185 ST,Collision with:  Animal,On Roadway,Non-collision (single vehicle),Animal,None Indicated,,Daylight,Dry,Clear,None apparent,Non-intersection:  Non-junction/no special feature,Paved,,Possible/Unknown,0,1,0,0,1,0,3000,1,1,,POINT (-94.959881244949 40.778249707281)
2014823425,14-35458,10/26/2014,10-October,1-Sunday,01:35,0100 Hours,District 3 (Northwest),SIOUX CITY,WOODBURY,I-29,I-29,Collision with fixed object:  Guardrail - face,Shoulder,Non-collision (single vehicle),Ran off road - right,Alcohol (Statutory),,Dark - roadway lighted,Dry,Clear,None apparent,Interchange-related:  Off-ramp,Paved,,Property Damage Only,0,0,0,0,0,0,6000,1,1,,POINT (-96.395603823009 42.486770159348)
2014824454,SO14-1324,10/26/2014,10-October,1-Sunday,18:50,1800 Hours,District 2 (Northeast),,WRIGHT,US 69,US 69,Collision with:  Animal,,,Animal,None Indicated,,,,,,,Paved,,Property Damage Only,0,0,0,0,0,0,3000,1,1,,POINT (-93.616549176105 42.905408315765)
2014824895,,10/26/2014,10-October,1-Sunday,12:25,1200 Hours,District 5 (Southeast),,HENRY,,BENTON AVE,Collision with:  Animal,On Roadway,Non-collision (single vehicle),Animal,None Indicated,,Dark - roadway not lighted,"Mud, dirt",Cloudy,,Non-intersection:  Non-junction/no special feature,Unpaved,,Property Damage Only,0,0,0,0,0,0,2357,1,1,,POINT (-91.69839530576 40.878555133905)
2014823453,14-045554,10/26/2014,10-October,1-Sunday,03:02,0300 Hours,District 4 (Southwest),COUNCIL BLUFFS,POTTAWATTAMIE,I-80,I-80,Collision with:  Other non-fixed object (explain in narrative),On Roadway,Broadside (front to side),Traveling wrong way or on wrong side of road,None Indicated,,Dark - roadway not lighted,Dry,Clear,Work Zone (roadway-related),Non-intersection:  Non-junction/no special feature,Paved,Yes,Minor Injury,0,1,0,1,0,0,20000,2,1,,POINT (-95.81627787011 41.246015128657)
2014825146,14-005056,10/26/2014,10-October,1-Sunday,20:37,2000 Hours,District 1 (Central),AMES,STORY,I-35,I-35,Collision with fixed object:  Ditch,On Roadway,Non-collision (single vehicle),Over correcting/over steering,None Indicated,,Dark - roadway not lighted,Dry,Clear,None apparent,Interchange-related:  On-ramp,Paved,,Possible/Unknown,0,1,0,0,1,0,5300,1,1,,POINT (-93.571855682971 42.005139426472)
2014823793,14-20867,10/26/2014,10-October,1-Sunday,14:35,1400 Hours,District 2 (Northeast),,BREMER,US 218,US 218,Collision with fixed object:  Ditch,On Roadway,Non-collision (single vehicle),Swerving/Evasive Action,None Indicated,,Daylight,Dry,Clear,None apparent,Non-intersection:  Non-junction/no special feature,Paved,,Property Damage Only,0,0,0,0,0,0,20000,1,1,,POINT (-92.546693499114 42.888556856)
2014824420,2014-74976,10/26/2014,10-October,1-Sunday,21:49,2100 Hours,District 6 (East Central),DAVENPORT,SCOTT,,E 60TH ST & JERSEY RIDGE RD & LORTON AVE,Collision with fixed object:  Utility pole/light support,On Roadway,Non-collision (single vehicle),Swerving/Evasive Action,None Indicated,,Dark - roadway lighted,Dry,Clear,None apparent,Non-intersection:  Non-junction/no special feature,Paved,,Property Damage Only,0,0,0,0,0,0,2500,1,1,,POINT (-90.539766969757 41.582079916438)
2014825452,2014-23254,10/26/2014,10-October,1-Sunday,03:37,0300 Hours,District 5 (Southeast),,WARREN,US 65,US 65,Collision with:  Animal,,,Animal,None Indicated,,,,,,,Paved,,Property Damage Only,0,0,0,0,0,0,5000,1,1,,POINT (-93.558714101792 41.428743089508)
2014823463,14009291,10/26/2014,10-October,1-Sunday,20:38,2000 Hours,District 6 (East Central),,DELAWARE,US 20,US 20,Collision with:  Animal,,,Animal,None Indicated,,,,,,,Paved,,Property Damage Only,0,0,0,0,0,0,7500,1,1,,POINT (-91.522988079556 42.464085417924)
2014824041,14-12515,10/26/2014,10-October,1-Sunday,07:33,0700 Hours,District 3 (Northwest),,SIOUX,,Co Rd K30/ELMWOOD AVE & 380TH ST,Collision with fixed object:  Ditch,On Roadway,Non-collision (single vehicle),Swerving/Evasive Action,None Indicated,,Dawn,Dry,Clear,None apparent,Non-intersection:  Non-junction/no special feature,Paved,,Property Damage Only,0,0,0,0,0,0,15000,1,1,,POINT (-96.293918315495 43.098635683805)
2014823374,20140031866,10/26/2014,10-October,1-Sunday,16:30,1600 Hours,District 1 (Central),DES MOINES,POLK,,FOREST AVE & MLK JR PKWY,Collision with:  Vehicle in traffic,On Roadway,Broadside (front to side),Ran Traffic Signal,None Indicated,,Daylight,Dry,Clear,None apparent,Intersection:  Four-way intersection,Paved,,Property Damage Only,0,0,0,0,0,0,4500,2,5,,POINT (-93.643867719703 41.604067636187)
2014823751,S14-11095,10/26/2014,10-October,1-Sunday,22:00,2200 Hours,District 3 (Northwest),,WOODBURY,IA 141,IA 141/IOWA 141,Non-collision events:  Other non-collision (explain in narrative),Shoulder,Non-collision (single vehicle),Followed too close,None Indicated,,Dark - roadway not lighted,Dry,Clear,None apparent,Non-intersection:  Non-junction/no special feature,Paved,,Property Damage Only,0,0,0,0,0,0,1600,1,1,,POINT (-95.951248484874 42.233592670258)
2014823654,2014-74824,10/26/2014,10-October,1-Sunday,15:19,1500 Hours,District 6 (East Central),DAVENPORT,SCOTT,,IA 461/HARRISON ST & W LOCUST ST,Collision with:  Vehicle in traffic,On Roadway,"Sideswipe, same direction",Improper or erratic lane changing,None Indicated,,Daylight,Dry,Clear,None apparent,Non-intersection:  Non-junction/no special feature,Paved,,Property Damage Only,0,0,0,0,0,0,19000,2,3,,POINT (-90.577220971593 41.53831214603)
2014823750,S14-11085,10/26/2014,10-October,1-Sunday,19:08,1900 Hours,District 3 (Northwest),BRONSON,WOODBURY,,Co Rd D25/OLD HWY 141,Collision with:  Animal,,,Animal,None Indicated,,,,,,,Paved,,Property Damage Only,0,0,0,0,0,0,3000,1,1,,POINT (-96.187996409224 42.377893302618)
2014823378,20140031830,10/26/2014,10-October,1-Sunday,09:20,0900 Hours,District 1 (Central),DES MOINES,POLK,,E GRAND AVE & E 30TH ST,Collision with:  Vehicle in traffic,On Roadway,Rear-end (front to rear),"Operating vehicle in an reckless, erratic, careless, negligent manner",None Indicated,,Daylight,Dry,Cloudy,None apparent,Intersection:  Four-way intersection,Paved,,Possible/Unknown,0,2,0,0,2,0,2800,2,8,,POINT (-93.558411226889 41.595642345994)
2014823612,2014-013435,10/26/2014,10-October,1-Sunday,14:41,1400 Hours,District 6 (East Central),,DUBUQUE,,Co Rd C61/S WAUPETON RD,Collision with:  Vehicle in traffic,On Roadway,Head-on (front to front),Crossed centerline (undivided),None Indicated,,Daylight,Dry,Clear,None apparent,Non-intersection:  Non-junction/no special feature,Paved,,Property Damage Only,0,0,0,0,0,0,10000,2,2,,POINT (-90.871190814154 42.652035460185)
2014823446,14-045611,10/26/2014,10-October,1-Sunday,13:52,1300 Hours,District 4 (Southwest),COUNCIL BLUFFS,POTTAWATTAMIE,US 6,US 6/KANESVILLE BLVD & NORTH AVE,Collision with:  Vehicle in traffic,On Roadway,Rear-end (front to rear),Other (explain in narrative):  Other,None Indicated,,Daylight,Dry,Clear,None apparent,Non-intersection:  Non-junction/no special feature,Paved,,Property Damage Only,0,0,0,0,0,0,1600,2,2,,POINT (-95.830997202465 41.271286045668)
2014823812,14-033260,10/26/2014,10-October,1-Sunday,05:58,0500 Hours,District 5 (Southeast),,LEE,,BUS US 61,Collision with:  Animal,,,Animal,None Indicated,,,,,,,Paved,,Property Damage Only,0,0,0,0,0,0,1500,1,1,,POINT (-91.296396924267 40.643071991252)
2014823710,14015960,10/26/2014,10-October,1-Sunday,19:00,1900 Hours,District 6 (East Central),,CEDAR,,Co Rd F28/210TH,Collision with:  Vehicle in traffic,On Roadway,"Sideswipe, opposite direction",Unknown,None Indicated,,Dark - roadway not lighted,Dry,Clear,None apparent,Non-intersection:  Other non-intersection (explain in narrative),Paved,,Property Damage Only,0,0,0,0,0,0,2500,2,4,,POINT (-91.312682020611 41.787923759594)
2014824065,W14-106637,10/26/2014,10-October,1-Sunday,02:58,0200 Hours,District 2 (Northeast),WATERLOO,BLACK HAWK,,BERKSHIRE RD & W 4TH ST,Non-collision events:  Other non-collision (explain in narrative),On Roadway,Non-collision (single vehicle),Ran off road - left,None Indicated,,Dark - roadway lighted,Dry,Clear,None apparent,Non-intersection:  Non-junction/no special feature,Paved,,Minor Injury,0,2,0,2,0,0,6100,1,2,,POINT (-92.37447797054 42.474129542078)
2014829591,201416063,10/26/2014,10-October,1-Sunday,14:50,1400 Hours,District 6 (East Central),CEDAR RAPIDS,LINN,,COLDSTREAM AVE NE & 29TH ST NE & CENTER POINT RD NE,Collision with:  Vehicle in traffic,On Roadway,Broadside (front to side),Unknown,None Indicated,,Daylight,Dry,Clear,None apparent,Non-intersection:  Non-junction/no special feature,Paved,,Possible/Unknown,0,1,0,0,1,0,6000,2,2,,POINT (-91.662856981008 42.006962317353)
2014823574,C14003414,10/26/2014,10-October,1-Sunday,17:10,1700 Hours,District 6 (East Central),CORALVILLE,JOHNSON,IA 965,IA 965/CORAL RIDGE AVE,Collision with:  Animal,On Roadway,Non-collision (single vehicle),Animal,None Indicated,,Daylight,Dry,Cloudy,None apparent,Non-intersection:  Non-junction/no special feature,Paved,,Property Damage Only,0,0,0,0,0,0,2500,1,5,,POINT (-91.608504542483 41.694075164363)
2014823816,14-20852,10/26/2014,10-October,1-Sunday,05:50,0500 Hours,District 2 (Northeast),,BREMER,US 218,US 218,Collision with:  Animal,,,Animal,None Indicated,,,,,,,Paved,,Property Damage Only,0,0,0,0,0,0,6000,1,1,,POINT (-92.534214808162 42.751589402618)
2014823650,2014-74788,10/26/2014,10-October,1-Sunday,08:33,0800 Hours,District 6 (East Central),DAVENPORT,SCOTT,US 67,US 67/GAINES ST,Collision with fixed object:  Curb/island/raised median,On Roadway,Non-collision (single vehicle),Lost Control,None Indicated,,Daylight,Dry,Clear,None apparent,Non-intersection:  Other non-intersection (explain in narrative),Paved,,Property Damage Only,0,0,0,0,0,0,4000,1,1,,POINT (-90.583647304438 41.519930222855)
2014823653,2014-74806,10/26/2014,10-October,1-Sunday,12:06,1200 Hours,District 6 (East Central),DAVENPORT,SCOTT,,E 46TH ST & ELMORE AVE,Collision with:  Vehicle in traffic,On Roadway,"Angle, oncoming left turn",FTYROW:  Making left turn,None Indicated,,Daylight,Dry,Clear,None apparent,Intersection:  T-intersection,Paved,,Property Damage Only,0,0,0,0,0,0,5000,2,4,,POINT (-90.524655259373 41.567579423493)
2014823292,14-007456,10/26/2014,10-October,1-Sunday,19:11,1900 Hours,District 1 (Central),,HAMILTON,US 69,US 69/LITTLE WALL LAKE RD,Collision with:  Animal,,,Animal,None Indicated,,,,,,,Paved,,Property Damage Only,0,0,0,0,0,0,4000,1,1,,POINT (-93.637037896151 42.550372351978)
2014825288,148525PD,10/26/2014,10-October,1-Sunday,19:05,1900 Hours,District 1 (Central),BOONE,BOONE,US 30,US 30/220TH ST,Collision with:  Animal,,Non-collision (single vehicle),Animal,None Indicated,,,,,,,Paved,,Property Damage Only,0,0,0,0,0,0,3000,1,1,,POINT (-93.897733354877 42.034747311451)
2014823331,14-004640,10/26/2014,10-October,1-Sunday,12:05,1200 Hours,District 1 (Central),ANKENY,POLK,,SE HAYES DR,Collision with:  Parked motor vehicle,On Roadway,Broadside (front to side),Unknown,None Indicated,,Daylight,Dry,Clear,None apparent,Non-intersection:  Driveway access (within),Paved,,Property Damage Only,0,0,0,0,0,0,2300,2,4,,POINT (-93.584824868081 41.716882406556)
2014823822,14033340,10/26/2014,10-October,1-Sunday,22:15,2200 Hours,District 5 (Southeast),,LEE,US 61,US 61,Collision with:  Animal,,,Animal,None Indicated,,,,,,,Paved,,Property Damage Only,0,0,0,0,0,0,3000,1,1,,POINT (-91.221355940986 40.72203105664)
2014823297,SO1404548,10/26/2014,10-October,1-Sunday,06:34,0600 Hours,District 5 (Southeast),,JEFFERSON,US 34,US 34 & SMOKETREE AVE,Collision with:  Animal,,,Animal,None Indicated,,,,,,,Paved,,Property Damage Only,0,0,0,0,0,0,5000,1,1,,POINT (-91.823833549103 40.998917178803)
2014824052,2014-74991,10/26/2014,10-October,1-Sunday,20:30,2000 Hours,District 6 (East Central),DAVENPORT,SCOTT,,W 5TH ST & MAIN ST,Collision with fixed object:  Bridge overhead structure,On Roadway,Non-collision (single vehicle),Other (explain in narrative):  Other,None Indicated,,Dark - roadway lighted,Dry,Clear,None apparent,Non-intersection:  Other non-intersection (explain in narrative),Paved,,Property Damage Only,0,0,0,0,0,0,5000,1,4,,POINT (-90.575573385476 41.524659700061)
2014823372,20140031859,10/26/2014,10-October,1-Sunday,14:58,1400 Hours,District 1 (Central),DES MOINES,POLK,,HICKMAN RD,Collision with:  Vehicle in traffic,On Roadway,"Sideswipe, same direction",Made improper turn,None Indicated,,Daylight,Dry,Clear,None apparent,Non-intersection:  Non-junction/no special feature,Paved,,Property Damage Only,0,0,0,0,0,0,4000,2,2,,POINT (-93.64689345053 41.615039450292)
2014824037,14-255,10/26/2014,10-October,1-Sunday,14:34,1400 Hours,District 4 (Southwest),BEDFORD,TAYLOR,,JEFFERSON ST,Collision with:  Vehicle in traffic,On Roadway,Broadside (front to side),Unknown,None Indicated,,Daylight,Dry,Clear,None apparent,Non-intersection:  Non-junction/no special feature,Paved,,Property Damage Only,0,0,0,0,0,0,3002,2,4,,POINT (-94.721780288022 40.66793508134)
2014824155,14-2394,10/26/2014,10-October,1-Sunday,14:23,1400 Hours,District 1 (Central),URBANDALE,POLK,IA 28,IA 28/MERLE HAY RD,Collision with:  Vehicle in traffic,On Roadway,Rear-end (front to rear),Followed too close,None Indicated,,Daylight,Dry,Clear,None apparent,Non-intersection:  Non-junction/no special feature,Paved,,Minor Injury,0,1,0,1,0,0,3500,2,5,,POINT (-93.697701266549 41.649645086789)
2014823462,14009268,10/26/2014,10-October,1-Sunday,07:27,0700 Hours,District 6 (East Central),,DELAWARE,,Co Rd W69/145TH AVE,Collision with:  Animal,,,Animal,None Indicated,,,,,,,Paved,,Property Damage Only,0,0,0,0,0,0,4000,1,1,,POINT (-91.519529309108 42.490589429698)
2014824818,14-016889,10/26/2014,10-October,1-Sunday,19:39,1900 Hours,District 2 (Northeast),CHARLES CITY,FLOYD,US 218,US 218,Collision with:  Animal,,,Animal,None Indicated,,,,,,,Paved,,Property Damage Only,0,0,0,0,0,0,10000,1,1,,POINT (-92.649908231036 43.024662583292)
2014826332,,10/26/2014,10-October,1-Sunday,07:10,0700 Hours,District 2 (Northeast),,WINNESHIEK,IA 139,IA 139/IOWA 139,Collision with:  Animal,On Roadway,Non-collision (single vehicle),Animal,None Indicated,,Dawn,Dry,Clear,None apparent,Non-intersection:  Non-junction/no special feature,Paved,,Property Damage Only,0,0,0,0,0,0,3000,1,2,,POINT (-92.056892395673 43.427710404643)
2014823959,14-35530,10/26/2014,10-October,1-Sunday,17:20,1700 Hours,District 3 (Northwest),SIOUX CITY,WOODBURY,,SERGEANT RD & S LAKEPORT ST,Collision with:  Vehicle in traffic,On Roadway,Rear-end (front to rear),Lost Control,None Indicated,,Daylight,Dry,Clear,None apparent,Non-intersection:  Non-junction/no special feature,Paved,,Possible/Unknown,0,1,0,0,1,0,2200,2,4,,POINT (-96.346442249789 42.447337096361)
2014823445,14-045596,10/26/2014,10-October,1-Sunday,12:10,1200 Hours,District 4 (Southwest),COUNCIL BLUFFS,POTTAWATTAMIE,I-29,I-29 & 9TH AVE,Collision with:  Vehicle in traffic,On Roadway,Broadside (front to side),Ran Traffic Signal,None Indicated,,Daylight,Dry,Cloudy,None apparent,Intersection:  Four-way intersection,Paved,,Property Damage Only,0,0,0,0,0,0,1500,2,2,,POINT (-95.906339064346 41.253628167378)
2014823985,14-009504,10/26/2014,10-October,1-Sunday,07:59,0700 Hours,District 6 (East Central),INDEPENDENCE,BUCHANAN,,6TH AVE SE,Collision with:  Parked motor vehicle,On Roadway,Rear-end (front to rear),Unknown,None Indicated,,Unknown,Wet,Unknown,None apparent,Non-intersection:  Non-junction/no special feature,Paved,,Property Damage Only,0,0,0,0,0,0,1500,2,1,,POINT (-91.887862669019 42.467396657951)
2014824726,2014060482,10/26/2014,10-October,1-Sunday,01:35,0100 Hours,District 4 (Southwest),,POTTAWATTAMIE,IA 92,IA 92/IOWA 92 & 310TH ST,Collision with:  Vehicle in traffic,On Roadway,Head-on (front to front),Crossed centerline (undivided),Alcohol (Statutory),,Dark - roadway not lighted,Dry,Clear,None apparent,Non-intersection:  Non-junction/no special feature,Paved,,Minor Injury,0,2,0,2,0,0,8000,2,3,,POINT (-95.594759589625 41.232652396209)