Iowa DOT Case Number,Law Enforcement Case Number,Date of Crash,Month of Crash,Day of Week,Time of Crash,Hour,DOT District,City Name,County Name,Route with System,Location Description,First Harmful Event,Location of First Harmful Event,Manner of Crash/Collision,Major Cause,Drug or Alcohol ,Environmental Conditions,Light Conditions,Surface Conditions,Weather Conditions,Roadway Contribution,Roadway Type,Roadway Surface,Work Zone,Crash Severity,Number of Fatalities,Number of Injuries,Number of Major Injuries,Number of Minor Injuries,Number of Possible Injuries,Number of Unknown Injuries,Amount of Property Damage,Number of Vehicles Involved,Total Number of Occupants,Travel Direction,Location
2014824188,201403930,10/28/2014,10-October,3-Tuesday,22:15,2200 Hours,District 6 (East Central),,LINN,,Co Rd E36/BLAIRS FERRY RD,Collision with:  Animal,,,Animal,None Indicated,,,,,,,Paved,,Property Damage Only,0,0,0,0,0,0,1500,1,1,,POINT (-91.739875885235 42.0650513131)
2014824361,2014-0455,10/28/2014,10-October,3-Tuesday,15:32,1500 Hours,District 5 (Southeast),NORWALK,WARREN,,NORTH AVE & CHERRY ST & CHERRY PKWY,Collision with:  Vehicle in traffic,On Roadway,"Angle, oncoming left turn",FTYROW:  Making left turn,None Indicated,,Daylight,Dry,Clear,None apparent,Intersection:  Four-way intersection,Paved,,Property Damage Only,0,0,0,0,0,0,3650,2,2,,POINT (-93.673982187404 41.475243540393)
2014825152,14-005079,10/28/2014,10-October,3-Tuesday,13:23,1300 Hours,District 1 (Central),AMES,STORY,,LINCOLN WAY,Collision with:  Vehicle in traffic,On Roadway,Rear-end (front to rear),Followed too close,None Indicated,,Daylight,Dry,Cloudy,Work Zone (roadway-related),Non-intersection:  Non-junction/no special feature,Paved,Yes,Possible/Unknown,0,2,0,0,0,2,12000,2,3,,POINT (-93.659597816338 42.022735983147)
2014824220,2014060949,10/28/2014,10-October,3-Tuesday,21:20,2100 Hours,District 5 (Southeast),ALBIA,MONROE,US 34,US 34,Collision with:  Animal,On Roadway,Non-collision (single vehicle),Animal,None Indicated,,Dark - roadway not lighted,Dry,Clear,None apparent,Non-intersection:  Non-junction/no special feature,Paved,,Possible/Unknown,0,1,0,0,1,0,5000,1,1,,POINT (-92.794105505481 41.015462844664)
2014823720,14-7113,10/28/2014,10-October,3-Tuesday,07:00,0700 Hours,District 1 (Central),DES MOINES,POLK,US 65,US 65,Collision with:  Animal,,,Animal,None Indicated,,,,,,,Paved,,Property Damage Only,0,0,0,0,0,0,7000,1,1,,POINT (-93.507035785161 41.639097077842)
2014823956,14-1258,10/28/2014,10-October,3-Tuesday,12:08,1200 Hours,District 1 (Central),PLEASANT HILL,POLK,IA 163,IA 163/NE UNIVERSITY AVE & NE 80TH ST,Collision with:  Vehicle in traffic,On Roadway,Broadside (front to side),Ran Traffic Signal,None Indicated,,Daylight,Dry,Cloudy,None apparent,Intersection:  Four-way intersection,Paved,,Property Damage Only,0,0,0,0,0,0,12000,2,2,,POINT (-93.44407007116 41.600509374532)
2014825546,2014060895,10/28/2014,10-October,3-Tuesday,14:28,1400 Hours,District 6 (East Central),,IOWA,I-80,I-80,Collision with fixed object:  Guardrail - face,Median,Non-collision (single vehicle),Ran off road - left,None Indicated,,Daylight,Dry,Clear,None apparent,Non-intersection:  Non-junction/no special feature,Paved,,Property Damage Only,0,0,0,0,0,0,18000,1,1,,POINT (-91.838259609814 41.687269537597)
2014825506,14-026656,10/28/2014,10-October,3-Tuesday,19:14,1900 Hours,District 5 (Southeast),,MARION,,PRATT DR,Collision with:  Animal,,,Animal,None Indicated,,,,,,,Unpaved,,Property Damage Only,0,0,0,0,0,0,1500,1,1,,POINT (-93.061944306037 41.261080656119)
2014825300,2014060806,10/28/2014,10-October,3-Tuesday,08:28,0800 Hours,District 6 (East Central),DYERSVILLE,DELAWARE,US 20,US 20,Collision with:  Vehicle in traffic,On Roadway,Rear-end (front to rear),Ran off road - left,None Indicated,,Daylight,Dry,Clear,None apparent,Non-intersection:  Non-junction/no special feature,Paved,,Property Damage Only,0,0,0,0,0,0,11300,2,2,,POINT (-91.137246661732 42.471152866554)
2014826227,2014060804,10/28/2014,10-October,3-Tuesday,07:36,0700 Hours,District 3 (Northwest),SALIX,WOODBURY,I-29,I-29,Collision with:  Vehicle in traffic,On Roadway,Head-on (front to front),Other (explain in narrative):  Other,None Indicated,,Dawn,Dry,Clear,Work Zone (roadway-related),Non-intersection:  Other non-intersection (explain in narrative),Paved,Yes,Possible/Unknown,0,1,0,0,1,0,43000,4,1,,POINT (-96.318666864832 42.329986358109)
2014823997,2014-013466,10/28/2014,10-October,3-Tuesday,17:06,1700 Hours,District 6 (East Central),,DUBUQUE,US 20,US 20 & THUNDER HILLS RD,Collision with:  Vehicle in traffic,On Roadway,Rear-end (front to rear),Lost Control,None Indicated,,Daylight,Dry,Cloudy,None apparent,Non-intersection:  Non-junction/no special feature,Paved,,Property Damage Only,0,0,0,0,0,0,10000,2,2,,POINT (-90.821062458708 42.44030688829)
2014825021,H14281914,10/28/2014,10-October,3-Tuesday,19:15,1900 Hours,District 2 (Northeast),,FRANKLIN,US 65,US 65,Collision with:  Animal,,,Animal,None Indicated,,,,,,,Paved,,Property Damage Only,0,0,0,0,0,0,6500,1,1,,POINT (-93.202259297474 42.778194637451)
2014824915,14163913,10/28/2014,10-October,3-Tuesday,19:16,1900 Hours,District 6 (East Central),,JOHNSON,US 6,US 6 & VINCENT AVE,Collision with:  Vehicle in traffic,On Roadway,"Sideswipe, opposite direction","Operating vehicle in an reckless, erratic, careless, negligent manner",Refused,,Dark - roadway not lighted,Dry,Clear,None apparent,Non-intersection:  Non-junction/no special feature,Paved,,Property Damage Only,0,0,0,0,0,0,3000,2,2,,POINT (-91.414916786746 41.605759774456)
2014824371,14-20987,10/28/2014,10-October,3-Tuesday,15:18,1500 Hours,District 2 (Northeast),READLYN,BREMER,IA 3,IA 3/IOWA 3 & QUARTER AVE,Collision with:  Vehicle in traffic,On Roadway,"Sideswipe, opposite direction",FTYROW:  Making left turn,None Indicated,,Daylight,Dry,Clear,None apparent,Intersection:  T-intersection,Paved,,Minor Injury,0,1,0,1,0,0,6000,2,2,,POINT (-92.228594448555 42.714970470018)
2014824409,146337,10/28/2014,10-October,3-Tuesday,05:23,0500 Hours,District 1 (Central),,HARDIN,US 20,US 20,Collision with:  Animal,,,Animal,None Indicated,,,,,,,Paved,,Property Damage Only,0,0,0,0,0,0,8000,1,1,,POINT (-93.189588449068 42.426435108975)
2014825852,201416158,10/28/2014,10-October,3-Tuesday,17:27,1700 Hours,District 6 (East Central),CEDAR RAPIDS,LINN,I-380,I-380,Collision with:  Vehicle in traffic,On Roadway,Rear-end (front to rear),Lost Control,None Indicated,,Dusk,Dry,Cloudy,None apparent,Interchange-related:  Off-ramp,Paved,,Property Damage Only,0,0,0,0,0,0,4500,2,2,,POINT (-91.668601692989 41.980478181392)
2014831759,14-001254,10/28/2014,10-October,3-Tuesday,07:24,0700 Hours,District 1 (Central),,STORY,US 69,US 69,Collision with:  Animal,,,Animal,None Indicated,,,,,,,Paved,,Property Damage Only,0,0,0,0,0,0,3000,1,1,,POINT (-93.620421262583 42.137688058432)
2014824662,14009608,10/28/2014,10-October,3-Tuesday,08:55,0800 Hours,District 6 (East Central),,BUCHANAN,,278TH ST,Non-collision events:  Overturn/rollover,On Roadway,Non-collision (single vehicle),Driving too fast for conditions,None Indicated,,Daylight,"Mud, dirt",Clear,None apparent,Non-intersection:  Non-junction/no special feature,Unpaved,,Possible/Unknown,0,1,0,0,1,0,6000,1,1,,POINT (-91.805486293354 42.389414855289)
2014824016,14-28652,10/28/2014,10-October,3-Tuesday,15:45,1500 Hours,District 1 (Central),,JASPER,,Co Rd T22/HWY T-22 S,Collision with:  Animal,On Roadway,Non-collision (single vehicle),Animal,None Indicated,,Daylight,Dry,Clear,None apparent,Non-intersection:  Non-junction/no special feature,Paved,,Property Damage Only,0,0,0,0,0,0,3000,1,1,,POINT (-92.902769685818 41.620907701132)
2014824700,14-107568,10/28/2014,10-October,3-Tuesday,23:02,2300 Hours,District 2 (Northeast),HUDSON,BLACK HAWK,,WATTERS RD,Collision with fixed object:  Tree,,,Swerving/Evasive Action,None Indicated,,,,,,,Paved,,Property Damage Only,0,0,0,0,0,0,3000,1,1,,POINT (-92.467836213813 42.40648011948)
2014823728,20140032087,10/28/2014,10-October,3-Tuesday,11:50,1100 Hours,District 1 (Central),DES MOINES,POLK,,TUTTLE ST,Collision with:  Vehicle in traffic,On Roadway,"Sideswipe, same direction",Made improper turn,None Indicated,,Daylight,Dry,Clear,None apparent,Intersection:  Four-way intersection,Paved,,Property Damage Only,0,0,0,0,0,0,5000,2,2,,POINT (-93.626072154246 41.579359971239)
2014823909,1410282511,10/28/2014,10-October,3-Tuesday,19:00,1900 Hours,District 6 (East Central),,CLINTON,IA 136,IA 136/IOWA 136,Collision with fixed object:  Ditch,On Roadway,Non-collision (single vehicle),Ran off road - right,None Indicated,,Dark - roadway not lighted,Dry,Clear,None apparent,Non-intersection:  Non-junction/no special feature,Paved,,Property Damage Only,0,0,0,0,0,0,5050,1,1,,POINT (-90.520894291688 41.992989372368)
2014824632,14-3108,10/28/2014,10-October,3-Tuesday,14:56,1400 Hours,District 2 (Northeast),OSAGE,MITCHELL,,MECHANIC ST,Collision with:  Railway vehicle/train,On Roadway,Unknown,FTYROW:  Other (explain in narrative),None Indicated,,Daylight,Dry,Cloudy,None apparent,Non-intersection:  Railroad grade crossing,Paved,,Property Damage Only,0,0,0,0,0,0,40000,2,3,,POINT (-92.820607428743 43.285972733707)
2014825195,2014-013467,10/28/2014,10-October,3-Tuesday,19:45,1900 Hours,District 6 (East Central),,DUBUQUE,,Co Rd D41/MONASTERY RD & Co Rd Y21/SUNDOWN RD,Collision with:  Animal,,Non-collision (single vehicle),Animal,None Indicated,,,,,,,Paved,,Property Damage Only,0,0,0,0,0,0,2000,1,1,,POINT (-90.84923052052 42.396649487581)
2014824003,2014012076,10/28/2014,10-October,3-Tuesday,08:51,0800 Hours,District 6 (East Central),IOWA CITY,JOHNSON,,FRIENDSHIP ST & S 1ST AVE,Collision with:  Vehicle in traffic,On Roadway,Broadside (front to side),Made improper turn,None Indicated,,Daylight,Dry,Clear,None apparent,Intersection:  Four-way intersection,Paved,,Minor Injury,0,1,0,1,0,0,875,2,4,,POINT (-91.501994410785 41.653862507659)
2014823903,W14-107465,10/28/2014,10-October,3-Tuesday,16:41,1600 Hours,District 2 (Northeast),WATERLOO,BLACK HAWK,,W RIDGEWAY AVE & HILLCREST RD,Collision with:  Vehicle in traffic,On Roadway,"Angle, oncoming left turn",FTYROW:  Making left turn,None Indicated,,Daylight,Dry,Cloudy,None apparent,Intersection:  Four-way intersection,Paved,,Property Damage Only,0,0,0,0,0,0,13000,2,2,,POINT (-92.361508789809 42.469429008899)
2014824043,14-12599,10/28/2014,10-October,3-Tuesday,15:45,1500 Hours,District 3 (Northwest),BOYDEN,SIOUX,,PLEASANT ST & MAIN ST,Collision with:  Vehicle in traffic,On Roadway,Broadside (front to side),FTYROW:  From stop sign,None Indicated,,Daylight,Dry,Cloudy,None apparent,Intersection:  Four-way intersection,Paved,,Property Damage Only,0,0,0,0,0,0,7000,2,5,,POINT (-96.005933295652 43.191911266801)
2014823745,20140032056,10/28/2014,10-October,3-Tuesday,07:42,0700 Hours,District 1 (Central),DES MOINES,POLK,I-235,I-235,Collision with:  Vehicle in traffic,On Roadway,"Sideswipe, same direction",Unknown,None Indicated,,Dawn,Dry,Clear,None apparent,Non-intersection:  Non-junction/no special feature,Paved,,Property Damage Only,0,0,0,0,0,0,4000,2,2,,POINT (-93.577728670804 41.614372015826)
2014824056,2014-75328,10/28/2014,10-October,3-Tuesday,07:33,0700 Hours,District 6 (East Central),DAVENPORT,SCOTT,,W 3RD ST & MARQUETTE ST,Collision with:  Vehicle in traffic,On Roadway,Rear-end (front to rear),Followed too close,None Indicated,,Daylight,Dry,Clear,None apparent,Intersection:  Four-way intersection,Paved,,Property Damage Only,0,0,0,0,0,0,2000,2,2,,POINT (-90.590879523785 41.522351660912)
2014823938,20140032099,10/28/2014,10-October,3-Tuesday,13:40,1300 Hours,District 1 (Central),DES MOINES,POLK,,E SHERIDAN AVE,Collision with:  Vehicle in traffic,On Roadway,"Sideswipe, same direction",Made improper turn,None Indicated,,Daylight,Dry,Cloudy,None apparent,Non-intersection:  Driveway access (within),Paved,,Property Damage Only,0,0,0,0,0,0,4000,2,4,,POINT (-93.606154597454 41.61865719446)
2014824393,14014191,10/28/2014,10-October,3-Tuesday,20:00,2000 Hours,District 4 (Southwest),,MILLS,US 34,US 34,Collision with:  Other non-fixed object (explain in narrative),On Roadway,Non-collision (single vehicle),Equipment failure,None Indicated,,Dark - roadway not lighted,Dry,Clear,None apparent,Non-intersection:  Non-junction/no special feature,Paved,,Property Damage Only,0,0,0,0,0,0,5500,2,2,,POINT (-95.7849780539 41.047650915493)
2014823990,14-38576,10/28/2014,10-October,3-Tuesday,02:07,0200 Hours,District 5 (Southeast),BURLINGTON,DES MOINES,,MT PLEASANT ST,Collision with fixed object:  Utility pole/light support,Roadside,Non-collision (single vehicle),Ran off road - right,Alcohol (Statutory),,Dark - roadway lighted,Dry,Cloudy,None apparent,Non-intersection:  Non-junction/no special feature,Paved,,Property Damage Only,0,0,0,0,0,0,7500,1,1,,POINT (-91.13345456666 40.82537736519)
2014824017,2014-23443,10/28/2014,10-October,3-Tuesday,19:07,1900 Hours,District 5 (Southeast),,WARREN,,Co Rd R63/98TH AVE & FULTON ST,Collision with:  Animal,,,Animal,None Indicated,,,,,,,Paved,,Property Damage Only,0,0,0,0,0,0,3500,1,1,,POINT (-93.621073590598 41.424261882869)
2014824032,14-5433,10/28/2014,10-October,3-Tuesday,20:13,2000 Hours,District 1 (Central),WEST DES MOINES,POLK,,E P TRUE PKWY,Collision with:  Animal,On Roadway,Non-collision (single vehicle),Animal,None Indicated,,Dark - roadway lighted,Dry,Clear,None apparent,Non-intersection:  Non-junction/no special feature,Paved,,Property Damage Only,0,0,0,0,0,0,2000,1,1,,POINT (-93.733444741538 41.571663475593)
2014823967,14-35764,10/28/2014,10-October,3-Tuesday,16:51,1600 Hours,District 3 (Northwest),SIOUX CITY,WOODBURY,,W 4TH ST & ROSS ST,Collision with:  Vehicle in traffic,On Roadway,Broadside (front to side),FTYROW:  From stop sign,None Indicated,,Daylight,Dry,Cloudy,None apparent,Intersection:  Four-way intersection,Paved,,Property Damage Only,0,0,0,0,0,0,5000,2,3,,POINT (-96.428345082145 42.50039055091)
2014823968,14-35773,10/28/2014,10-October,3-Tuesday,17:44,1700 Hours,District 3 (Northwest),SIOUX CITY,WOODBURY,,11TH ST,Collision with:  Vehicle in traffic,On Roadway,"Sideswipe, same direction",Improper or erratic lane changing,None Indicated,,Dusk,Dry,Clear,None apparent,Non-intersection:  Non-junction/no special feature,Paved,,Property Damage Only,0,0,0,0,0,0,1600,2,5,,POINT (-96.378916921378 42.50176114609)
2014823767,14C04888,10/28/2014,10-October,3-Tuesday,13:38,1300 Hours,District 4 (Southwest),CRESTON,UNION,,N CHERRY ST,Collision with:  Vehicle in traffic,On Roadway,Broadside (front to side),FTYROW:  From driveway,None Indicated,,Daylight,Dry,Clear,None apparent,Non-intersection:  Driveway access (within),Paved,,Property Damage Only,0,0,0,0,0,0,3000,2,3,,POINT (-94.356743773703 41.069364971292)
2014824291,102814-135,10/28/2014,10-October,3-Tuesday,19:39,1900 Hours,District 3 (Northwest),,BUENA VISTA,IA 3,IA 3/530TH ST & Co Rd M36/70TH AVE,Collision with:  Animal,On Roadway,Non-collision (single vehicle),Animal,None Indicated,,Dark - roadway not lighted,Dry,Cloudy,None apparent,Intersection:  Four-way intersection,Paved,,Property Damage Only,0,0,0,0,0,0,1500,1,4,,POINT (-95.269735199335 42.748842810435)
2014824064,W14-107507,10/28/2014,10-October,3-Tuesday,18:32,1800 Hours,District 2 (Northeast),WATERLOO,BLACK HAWK,,W SAN MARNAN DR & E SAN MARNAN DR & KIMBALL AVE,Collision with:  Vehicle in traffic,On Roadway,"Angle, oncoming left turn",FTYROW:  Making left turn,None Indicated,,Dark - roadway lighted,Dry,Clear,Work Zone (roadway-related),Intersection:  Four-way intersection,Paved,Yes,Possible/Unknown,0,4,0,0,4,0,12000,3,6,,POINT (-92.356643272651 42.457523036342)
2014823766,14-3449,10/28/2014,10-October,3-Tuesday,11:30,1100 Hours,District 1 (Central),FORT DODGE,WEBSTER,,N 15TH ST,Collision with:  Vehicle in traffic,On Roadway,Broadside (front to side),FTYROW:  From driveway,None Indicated,,Daylight,Dry,Cloudy,None apparent,Non-intersection:  Driveway access (within),Paved,,Property Damage Only,0,0,0,0,0,0,8000,2,4,,POINT (-94.178020904368 42.511685963211)
2014824900,,10/28/2014,10-October,3-Tuesday,13:30,1300 Hours,District 6 (East Central),IOWA CITY,JOHNSON,,LOWER MUSCATINE RD & S 1ST AVE,Collision with:  Vehicle in traffic,On Roadway,Rear-end (front to rear),Unknown,None Indicated,,Daylight,Dry,Clear,,Intersection:  Four-way intersection,Paved,,Property Damage Only,0,0,0,0,0,0,2200,2,2,,POINT (-91.506485724021 41.64191482286)
2014823995,2014-013462,10/28/2014,10-October,3-Tuesday,09:46,0900 Hours,District 6 (East Central),,DUBUQUE,US 151,US 151/NW RAMP,Non-collision events:  Overturn/rollover,On Roadway,Non-collision (single vehicle),Crossed centerline (undivided),None Indicated,,Daylight,Dry,Clear,None apparent,Non-intersection:  Non-junction/no special feature,Paved,,Property Damage Only,0,0,0,0,0,0,10000,1,1,,POINT (-91.025198839593 42.306203744628)
2014823952,14-2416,10/28/2014,10-October,3-Tuesday,07:07,0700 Hours,District 1 (Central),URBANDALE,POLK,I-35,I-35 & DOUGLAS AVE,Collision with:  Vehicle in traffic,On Roadway,"Sideswipe, same direction",Other (explain in narrative):  Other,None Indicated,,Dawn,Dry,Clear,None apparent,Non-intersection:  Non-junction/no special feature,Paved,,Property Damage Only,0,0,0,0,0,0,3000,2,2,,POINT (-93.775097045411 41.629441613781)
2014824001,2014-039140,10/28/2014,10-October,3-Tuesday,15:16,1500 Hours,District 6 (East Central),DUBUQUE,DUBUQUE,,KAUFMANN AVE,Collision with:  Parked motor vehicle,On Roadway,Broadside (front to side),FTYROW:  From driveway,None Indicated,,Daylight,Dry,Cloudy,None apparent,Non-intersection:  Driveway access (within),Paved,,Property Damage Only,0,0,0,0,0,0,5000,2,1,,POINT (-90.711101231498 42.51447355138)
2014823933,20140032094,10/28/2014,10-October,3-Tuesday,13:12,1300 Hours,District 1 (Central),DES MOINES,POLK,IA 28,IA 28/MERLE HAY RD & NW MEREDITH DR,Collision with:  Vehicle in traffic,On Roadway,"Angle, oncoming left turn",FTYROW:  Making left turn,None Indicated,,Daylight,Dry,Cloudy,None apparent,Intersection:  Four-way intersection,Paved,,Property Damage Only,0,0,0,0,0,0,3700,2,3,,POINT (-93.697699600309 41.643925559359)
2014823768,14-20966,10/28/2014,10-October,3-Tuesday,07:30,0700 Hours,District 2 (Northeast),,BREMER,,Co Rd V14/EASTON AVE,Non-collision events:  Overturn/rollover,On Roadway,Non-collision (single vehicle),Crossed centerline (undivided),None Indicated,,Dawn,Dry,Clear,None apparent,Non-intersection:  Non-junction/no special feature,Paved,,Property Damage Only,0,0,0,0,0,0,3000,1,1,,POINT (-92.475626217107 42.871278510984)
2014825048,32081-14,10/28/2014,10-October,3-Tuesday,21:00,2100 Hours,District 3 (Northwest),,EMMET,IA 4,IA 4/IOWA 4,Collision with:  Animal,On Roadway,Non-collision (single vehicle),Animal,None Indicated,,Dark - roadway not lighted,Dry,Clear,None apparent,Non-intersection:  Non-junction/no special feature,Paved,,Property Damage Only,0,0,0,0,0,0,3600,1,1,,POINT (-94.79719363954 43.345198363918)
2014823916,14025409,10/28/2014,10-October,3-Tuesday,16:18,1600 Hours,District 5 (Southeast),OSKALOOSA,MAHASKA,IA 92,IA 92/A AVE W,Collision with:  Vehicle in traffic,On Roadway,Rear-end (front to rear),Other (explain in narrative):  Other,None Indicated,,Daylight,Dry,Clear,None apparent,Intersection:  Four-way intersection,Paved,,Possible/Unknown,0,1,0,0,1,0,200,2,2,,POINT (-92.645226944733 41.296221536414)
2014823778,14-045894,10/28/2014,10-October,3-Tuesday,07:30,0700 Hours,District 4 (Southwest),COUNCIL BLUFFS,POTTAWATTAMIE,I-29,I-29,Collision with:  Animal,,,Animal,None Indicated,,,,,,,Paved,,Property Damage Only,0,0,0,0,0,0,1500,1,1,,POINT (-95.906364399644 41.253123173924)
2014827827,2014-75321,10/28/2014,10-October,3-Tuesday,06:55,0600 Hours,District 6 (East Central),DAVENPORT,SCOTT,,W 4TH ST & N DIVISION ST,Collision with:  Vehicle in traffic,On Roadway,Broadside (front to side),Ran Traffic Signal,None Indicated,,Dark - roadway lighted,Dry,Cloudy,None apparent,Intersection:  Four-way intersection,Paved,,Property Damage Only,0,0,0,0,0,0,4000,2,3,,POINT (-90.601193965728 41.523432008422)
2014824123,14022824,10/28/2014,10-October,3-Tuesday,10:24,1000 Hours,District 6 (East Central),MARION,LINN,,7TH AVE & 10TH ST,Collision with:  Vehicle in traffic,On Roadway,"Sideswipe, same direction",Improper or erratic lane changing,None Indicated,,Daylight,Dry,Cloudy,None apparent,Non-intersection:  Non-junction/no special feature,Paved,,Property Damage Only,0,0,0,0,0,0,3000,2,2,,POINT (-91.599292357625 42.033295258827)
2014824243,14107334,10/28/2014,10-October,3-Tuesday,09:33,0900 Hours,District 2 (Northeast),CEDAR FALLS,BLACK HAWK,,22ND ST & MERNER AVE,Collision with:  Vehicle in traffic,On Roadway,"Sideswipe, same direction",Other (explain in narrative):  Other,None Indicated,,Daylight,Dry,Cloudy,None apparent,Non-intersection:  Non-junction/no special feature,Paved,,Property Damage Only,0,0,0,0,0,0,4500,2,2,,POINT (-92.458857367787 42.517859120148)
2014823932,20140032119,10/28/2014,10-October,3-Tuesday,15:05,1500 Hours,District 1 (Central),DES MOINES,POLK,,FOREST AVE & 34TH ST,Collision with:  Vehicle in traffic,On Roadway,Broadside (front to side),Other (explain in narrative):  Other,None Indicated,,Daylight,Dry,Clear,None apparent,Non-intersection:  Non-junction/no special feature,Paved,,Property Damage Only,0,0,0,0,0,0,2500,2,3,,POINT (-93.663283627956 41.603975268589)
2014824465,2014060909,10/28/2014,10-October,3-Tuesday,15:25,1500 Hours,District 5 (Southeast),,CLARKE,I-35,I-35,Collision with fixed object:  Ditch,Roadside,Non-collision (single vehicle),Ran off road - right,None Indicated,,Daylight,Dry,Severe winds,None apparent,Non-intersection:  Non-junction/no special feature,Paved,,Possible/Unknown,0,1,0,0,1,0,2500,1,1,,POINT (-93.783829439223 41.128842625685)
2014909196,105-14,10/28/2014,10-October,3-Tuesday,08:34,0800 Hours,District 4 (Southwest),,MADISON,,Co Rd R21/E COURT AVE,Collision with:  Animal,,,Animal,None Indicated,,,,,,,Paved,,Property Damage Only,0,0,0,0,0,0,5000,1,777,,POINT (-93.99317011462 41.33446807484)
2014823939,20140032122,10/28/2014,10-October,3-Tuesday,15:53,1500 Hours,District 1 (Central),DES MOINES,POLK,,EASTON BLVD & E 35TH ST,Collision with:  Vehicle in traffic,On Roadway,Broadside (front to side),FTYROW:  From stop sign,None Indicated,,Daylight,Dry,Cloudy,None apparent,Intersection:  T-intersection,Paved,,Possible/Unknown,0,1,0,0,1,0,2000,2,4,,POINT (-93.547917501854 41.61330199152)
2014824031,14-5429,10/28/2014,10-October,3-Tuesday,17:21,1700 Hours,District 1 (Central),WEST DES MOINES,POLK,,ASHWORTH RD & PRAIRIE VIEW DR,Collision with:  Vehicle in traffic,On Roadway,"Angle, oncoming left turn",FTYROW:  Making left turn,None Indicated,,Daylight,Dry,Clear,None apparent,Intersection:  Four-way intersection,Paved,,Property Damage Only,0,0,0,0,0,0,7000,2,2,,POINT (-93.779897800416 41.584490306255)
2014824218,2014060800,10/28/2014,10-October,3-Tuesday,07:46,0700 Hours,District 5 (Southeast),,LUCAS,IA 14,IA 14,Collision with:  Animal,,,Animal,None Indicated,,,,,,,Paved,,Property Damage Only,0,0,0,0,0,0,2000,1,1,,POINT (-93.307580120912 40.956439553228)
2014824458,C14003432,10/28/2014,10-October,3-Tuesday,11:30,1100 Hours,District 6 (East Central),CORALVILLE,JOHNSON,,1ST AVE,Collision with:  Vehicle in traffic,On Roadway,"Sideswipe, same direction",FTYROW:  Other (explain in narrative),None Indicated,,Daylight,Dry,Clear,None apparent,Non-intersection:  Non-junction/no special feature,Paved,,Property Damage Only,0,0,0,0,0,0,3000,2,2,,POINT (-91.565459506157 41.670299175906)
2014823703,W14-107413,10/28/2014,10-October,3-Tuesday,12:59,1200 Hours,District 2 (Northeast),WATERLOO,BLACK HAWK,,E RIDGEWAY AVE & BALTIMORE ST,Collision with:  Vehicle in traffic,On Roadway,Broadside (front to side),Unknown,None Indicated,,Daylight,Dry,Cloudy,None apparent,Intersection:  Four-way intersection,Paved,,Property Damage Only,0,0,0,0,0,0,4000,2,2,,POINT (-92.3496001864 42.469389066984)
2014825054,148-2014,10/28/2014,10-October,3-Tuesday,02:25,0200 Hours,District 4 (Southwest),,HARRISON,I-29,I-29,Non-collision events:  Overturn/rollover,Outside trafficway,Non-collision (single vehicle),Swerving/Evasive Action,None Indicated,,Dark - roadway not lighted,Dry,Clear,None apparent,Non-intersection:  Non-junction/no special feature,Paved,,Property Damage Only,0,0,0,0,0,0,10300,1,1,,POINT (-96.046381826884 41.722526348066)
2014830062,14-059,10/28/2014,10-October,3-Tuesday,07:00,0700 Hours,District 3 (Northwest),ROCKWELL CITY,CALHOUN,IA 4,IA 4/NORRIDGE AVE,Collision with:  Animal,,,Animal,None Indicated,,,,,,,Paved,,Property Damage Only,0,0,0,0,0,0,4000,1,1,,POINT (-94.649071426934 42.315620913282)
2014824058,14-3456,10/28/2014,10-October,3-Tuesday,18:20,1800 Hours,District 1 (Central),FORT DODGE,WEBSTER,,S 24TH ST,Collision with:  Vehicle in traffic,On Roadway,Rear-end (front to rear),FTYROW:  From driveway,None Indicated,,Dusk,Dry,Cloudy,None apparent,Non-intersection:  Driveway access (within),Paved,,Property Damage Only,0,0,0,0,0,0,4501,2,5,,POINT (-94.165204949342 42.493427338531)
2014824022,10-14-268,10/28/2014,10-October,3-Tuesday,10:00,1000 Hours,District 3 (Northwest),LE MARS,PLYMOUTH,,12TH ST SW & STADIUM DR,Collision with:  Vehicle in traffic,On Roadway,Broadside (front to side),Improper Backing,None Indicated,,Daylight,Dry,Clear,None apparent,Non-intersection:  Driveway access (within),Paved,,Property Damage Only,0,0,0,0,0,0,2050,2,2,,POINT (-96.173397869665 42.778759071466)
2014845539,CP14-1063,10/28/2014,10-October,3-Tuesday,16:00,1600 Hours,District 2 (Northeast),CLARION,WRIGHT,,WILLOW DR,Collision with:  Vehicle in traffic,Outside trafficway,Broadside (front to side),"Operating vehicle in an reckless, erratic, careless, negligent manner",None Indicated,,Daylight,Dry,Cloudy,None apparent,Non-intersection:  Non-junction/no special feature,Paved,,Property Damage Only,0,0,0,0,0,0,2300,2,4,,POINT (-93.718944198633 42.736357565443)
2014823986,14-107571,10/28/2014,10-October,3-Tuesday,23:10,2300 Hours,District 2 (Northeast),EVANSDALE,BLACK HAWK,,DUBUQUE RD,Collision with:  Animal,,,Animal,None Indicated,,,,,,,Paved,,Property Damage Only,0,0,0,0,0,0,2000,1,1,,POINT (-92.277318412179 42.477898915706)
2014823773,14-6588,10/28/2014,10-October,3-Tuesday,08:06,0800 Hours,District 3 (Northwest),CHEROKEE,CHEROKEE,,E MAIN ST,Collision with:  Vehicle in traffic,On Roadway,Broadside (front to side),FTYROW:  From parked position,None Indicated,,Daylight,Dry,Clear,None apparent,Non-intersection:  Non-junction/no special feature,Paved,,Property Damage Only,0,0,0,0,0,0,6000,2,2,,POINT (-95.549906522167 42.749652831963)