Iowa DOT Case Number,Law Enforcement Case Number,Date of Crash,Month of Crash,Day of Week,Time of Crash,Hour,DOT District,City Name,County Name,Route with System,Location Description,First Harmful Event,Location of First Harmful Event,Manner of Crash/Collision,Major Cause,Drug or Alcohol ,Environmental Conditions,Light Conditions,Surface Conditions,Weather Conditions,Roadway Contribution,Roadway Type,Roadway Surface,Work Zone,Crash Severity,Number of Fatalities,Number of Injuries,Number of Major Injuries,Number of Minor Injuries,Number of Possible Injuries,Number of Unknown Injuries,Amount of Property Damage,Number of Vehicles Involved,Total Number of Occupants,Travel Direction,Location
2014826331,,10/28/2014,10-October,3-Tuesday,06:30,0600 Hours,District 2 (Northeast),,WINNESHIEK,IA 9,IA 9/IOWA 9,Collision with:  Animal,On Roadway,Non-collision (single vehicle),Animal,None Indicated,,Dark - roadway not lighted,Dry,Cloudy,None apparent,Non-intersection:  Non-junction/no special feature,Paved,,Property Damage Only,0,0,0,0,0,0,10000,1,1,,POINT (-91.935083084555 43.284064603817)
2014824221,2014061121,10/29/2014,10-October,4-Wednesday,23:25,2300 Hours,District 1 (Central),,POLK,I-80,I-80,Collision with fixed object:  Guardrail - face,On Roadway,Non-collision (single vehicle),Ran off road - left,None Indicated,,Dark - roadway not lighted,Dry,Clear,None apparent,Non-intersection:  Non-junction/no special feature,Paved,,Property Damage Only,0,0,0,0,0,0,12700,1,1,,POINT (-93.395527095833 41.680481479804)
2014825158,14-005100,10/29/2014,10-October,4-Wednesday,00:00,0000 Hours,District 1 (Central),AMES,STORY,,MORNINGSIDE ST,Collision with:  Parked motor vehicle,Shoulder,Rear-end (front to rear),Other (explain in narrative):  Other,None Indicated,,Unknown,Dry,Unknown,None apparent,Non-intersection:  Non-junction/no special feature,Paved,,Property Damage Only,0,0,0,0,0,0,1500,2,1,,POINT (-93.661793092953 42.017778739202)
2014823911,14162457,10/29/2014,10-October,4-Wednesday,03:42,0300 Hours,District 6 (East Central),TIFFIN,JOHNSON,I-80,I-80,Collision with:  Animal,On Roadway,Non-collision (single vehicle),Animal,None Indicated,,Dark - roadway not lighted,Dry,Cloudy,None apparent,Non-intersection:  Non-junction/no special feature,Paved,,Property Damage Only,0,0,0,0,0,0,5000,1,1,,POINT (-91.673923865084 41.694119210367)
2014825423,14-38811,10/29/2014,10-October,4-Wednesday,18:54,1800 Hours,District 5 (Southeast),,DES MOINES,US 34,US 34,Collision with:  Vehicle in traffic,On Roadway,Rear-end (front to rear),Unknown,None Indicated,,Dark - roadway not lighted,Dry,Clear,Debris,Non-intersection:  Non-junction/no special feature,Paved,,Major Injury,0,2,1,1,0,0,12140,2,3,,POINT (-91.328001044219 40.849485331398)
2014824298,14-38780,10/29/2014,10-October,4-Wednesday,04:45,0400 Hours,District 5 (Southeast),,DES MOINES,US 61,US 61,Collision with:  Animal,On Roadway,Non-collision (single vehicle),Animal,None Indicated,,Dark - roadway not lighted,Dry,Clear,None apparent,Non-intersection:  Non-junction/no special feature,Paved,,Property Damage Only,0,0,0,0,0,0,2500,1,1,,POINT (-91.165830457547 40.736556482257)
2014828940,,10/29/2014,10-October,4-Wednesday,18:00,1800 Hours,District 4 (Southwest),GLENWOOD,MILLS,,Co Rd L45/GASTON AVE/245TH ST,Collision with:  Animal,On Roadway,Non-collision (single vehicle),Animal,None Indicated,,Dawn,,Cloudy,,Non-intersection:  Non-junction/no special feature,Paved,,Property Damage Only,0,0,0,0,0,0,30000,1,2,,POINT (-95.718634740232 41.073221168879)
2014823981,14006811,10/29/2014,10-October,4-Wednesday,07:30,0700 Hours,District 2 (Northeast),,CERRO GORDO,,Co Rd B20/300TH ST,Collision with:  Animal,,,Animal,None Indicated,,,,,,,Paved,,Property Damage Only,0,0,0,0,0,0,3800,1,1,,POINT (-93.270255502484 43.198619629787)
2014824370,14-0618,10/29/2014,10-October,4-Wednesday,12:15,1200 Hours,District 1 (Central),,WEBSTER,,Co Rd D54/330TH ST,Non-collision events:  Overturn/rollover,On Roadway,Non-collision (single vehicle),Swerving/Evasive Action,None Indicated,,Daylight,Dry,Clear,None apparent,Non-intersection:  Non-junction/no special feature,Paved,,Possible/Unknown,0,1,0,0,1,0,50000,1,1,,POINT (-93.971545282321 42.310575550146)
2014824125,14022894,10/29/2014,10-October,4-Wednesday,13:30,1300 Hours,District 6 (East Central),MARION,LINN,US 151,US 151 & LINN AIRE AVE,Collision with:  Vehicle in traffic,On Roadway,Rear-end (front to rear),Other (explain in narrative):  Other,None Indicated,,Daylight,Dry,Clear,None apparent,Intersection:  Four-way intersection,Paved,,Property Damage Only,0,0,0,0,0,0,8000,2,4,,POINT (-91.550273973166 42.030957273557)
2014825854,201416225,10/29/2014,10-October,4-Wednesday,20:36,2000 Hours,District 6 (East Central),CEDAR RAPIDS,LINN,I-380,I-380 & US 30/LINCOLN FWY,Collision with:  Vehicle in traffic,On Roadway,Rear-end (front to rear),Followed too close,None Indicated,,Dark - roadway lighted,Dry,Clear,None apparent,Non-intersection:  Other non-intersection (explain in narrative),Paved,,Possible/Unknown,0,2,0,0,2,0,21000,3,3,,POINT (-91.669943823949 41.926986253773)
2014824443,14-21154,10/29/2014,10-October,4-Wednesday,20:13,2000 Hours,District 6 (East Central),BETTENDORF,SCOTT,I-74,I-74,Collision with:  Vehicle in traffic,On Roadway,"Sideswipe, same direction","Operating vehicle in an reckless, erratic, careless, negligent manner",None Indicated,,Dark - roadway lighted,Dry,Clear,None apparent,Non-intersection:  Non-junction/no special feature,Paved,,Property Damage Only,0,0,0,0,0,0,2000,2,4,,POINT (-90.518141386309 41.542257196796)
2014825637,14-38774,10/29/2014,10-October,4-Wednesday,14:24,1400 Hours,District 5 (Southeast),WEST BURLINGTON,DES MOINES,,W AGENCY RD,Collision with:  Vehicle in traffic,On Roadway,Head-on (front to front),Crossed centerline (undivided),None Indicated,,Daylight,Dry,Cloudy,None apparent,Non-intersection:  Non-junction/no special feature,Paved,,Minor Injury,0,1,0,1,0,0,10000,2,2,,POINT (-91.163146594232 40.812522473212)
2014824147,20140032261,10/29/2014,10-October,4-Wednesday,16:41,1600 Hours,District 1 (Central),DES MOINES,POLK,,12TH ST,Collision with:  Vehicle in traffic,On Roadway,"Sideswipe, same direction",Other (explain in narrative):  Vision obstructed,None Indicated,,Daylight,Dry,Clear,None apparent,Non-intersection:  Non-junction/no special feature,Paved,,Property Damage Only,0,0,0,0,0,0,2000,2,3,,POINT (-93.630247319073 41.581886216052)
2014824224,14-12654,10/29/2014,10-October,4-Wednesday,16:00,1600 Hours,District 3 (Northwest),HULL,SIOUX,US 18,US 18/BLACK FOREST RD & Co Rd K52/HICKORY AVE & DIVISION ST,Collision with:  Vehicle in traffic,On Roadway,Rear-end (front to rear),Improper Backing,None Indicated,,Daylight,Dry,Clear,None apparent,Intersection:  Four-way intersection,Paved,,Property Damage Only,0,0,0,0,0,0,7100,2,2,,POINT (-96.137574350651 43.185762356012)
2014823943,20140032209,10/29/2014,10-October,4-Wednesday,10:20,1000 Hours,District 1 (Central),DES MOINES,POLK,,MLK JR PKWY & FLEUR DR,Collision with:  Parked motor vehicle,On Roadway,Broadside (front to side),Ran off road - straight,None Indicated,,Daylight,Dry,Cloudy,None apparent,Intersection:  T-intersection,Paved,,Property Damage Only,0,0,0,0,0,0,10200,2,1,,POINT (-93.644852770337 41.580057818504)
2014825272,201403932,10/29/2014,10-October,4-Wednesday,06:52,0600 Hours,District 6 (East Central),,LINN,US 151,US 151/DUBUQUE RD,Collision with:  Animal,,,Animal,None Indicated,,,,,,,Paved,,Property Damage Only,0,0,0,0,0,0,6000,1,1,,POINT (-91.4464143957 42.049078749023)
2014824852,14-009489,10/29/2014,10-October,4-Wednesday,19:26,1900 Hours,District 4 (Southwest),ATLANTIC,CASS,,OAK ST,Collision with:  Vehicle in traffic,On Roadway,"Sideswipe, opposite direction",Improper Backing,None Indicated,,Dark - roadway lighted,Dry,Clear,None apparent,Non-intersection:  Non-junction/no special feature,Paved,,Property Damage Only,0,0,0,0,0,0,1600,2,1,,POINT (-95.00652974386 41.394270467424)
2014823925,14-7134,10/29/2014,10-October,4-Wednesday,07:28,0700 Hours,District 1 (Central),GRIMES,POLK,IA 141,IA 141/IOWA 141,Collision with:  Animal,Shoulder,Non-collision (single vehicle),Animal,None Indicated,,Dawn,Dry,Cloudy,None apparent,Non-intersection:  Non-junction/no special feature,Paved,,Property Damage Only,0,0,0,0,0,0,5000,1,1,,POINT (-93.774811244742 41.717785022721)
2014824390,2014-039162,10/29/2014,10-October,4-Wednesday,13:10,1300 Hours,District 6 (East Central),DUBUQUE,DUBUQUE,,W 5TH ST & NEVADA ST,Collision with:  Vehicle in traffic,On Roadway,Broadside (front to side),FTYROW:  From stop sign,None Indicated,,Daylight,Dry,Cloudy,None apparent,Intersection:  Four-way intersection,Paved,,Possible/Unknown,0,1,0,0,1,0,7000,2,2,,POINT (-90.680570366928 42.497100674923)
2014825994,201416191,10/29/2014,10-October,4-Wednesday,08:54,0800 Hours,District 6 (East Central),CEDAR RAPIDS,LINN,,BLAIRS FERRY RD NE & C AVE NE,Collision with:  Vehicle in traffic,On Roadway,Rear-end (front to rear),Lost Control,None Indicated,,Daylight,Dry,Clear,None apparent,Intersection:  Four-way intersection,Paved,,Property Damage Only,0,0,0,0,0,0,9500,2,2,,POINT (-91.638523454523 42.034749084538)
2014824027,2014012122,10/29/2014,10-October,4-Wednesday,13:35,1300 Hours,District 6 (East Central),IOWA CITY,JOHNSON,US 6,US 6,Collision with:  Vehicle in traffic,On Roadway,Rear-end (front to rear),Followed too close,None Indicated,,Daylight,Dry,Clear,None apparent,Non-intersection:  Non-junction/no special feature,Paved,,Possible/Unknown,0,2,0,0,2,0,13000,3,4,,POINT (-91.537605668833 41.646809462813)
2014823926,14-7140,10/29/2014,10-October,4-Wednesday,12:10,1200 Hours,District 1 (Central),,POLK,,NE OAKHILL DR & NE 56TH ST,Collision with:  Vehicle in traffic,On Roadway,Broadside (front to side),FTYROW:  From stop sign,None Indicated,,Daylight,Dry,Clear,None apparent,Intersection:  Four-way intersection,Paved,,Property Damage Only,0,0,0,0,0,0,4500,2,2,,POINT (-93.503265715903 41.617505346625)
2014823980,14006808,10/29/2014,10-October,4-Wednesday,07:26,0700 Hours,District 2 (Northeast),,CERRO GORDO,,Co Rd S56/THRUSH AVE,Collision with:  Animal,,,Animal,None Indicated,,,,,,,Paved,,Property Damage Only,0,0,0,0,0,0,1800,1,1,,POINT (-93.122443206989 43.081152667125)
2014825995,201416196,10/29/2014,10-October,4-Wednesday,11:07,1100 Hours,District 6 (East Central),CEDAR RAPIDS,LINN,,8TH AVE SE & 6TH ST SE,Collision with:  Vehicle in traffic,On Roadway,Head-on (front to front),Improper Backing,None Indicated,,Daylight,Dry,Clear,None apparent,Intersection:  Four-way intersection,Paved,,Property Damage Only,0,0,0,0,0,0,1825,2,2,,POINT (-91.658219002867 41.975394733024)
2014824786,2014-75621,10/29/2014,10-October,4-Wednesday,10:38,1000 Hours,District 6 (East Central),DAVENPORT,SCOTT,,IA 461/HARRISON ST & W 2ND ST,Collision with:  Vehicle in traffic,On Roadway,"Sideswipe, same direction",Other (explain in narrative):  Other,None Indicated,,Daylight,Dry,Clear,None apparent,Intersection:  T-intersection,Paved,,Property Damage Only,0,0,0,0,0,0,3000,2,3,,POINT (-90.577003979448 41.521330468944)
2014824430,2014-75692,10/29/2014,10-October,4-Wednesday,16:40,1600 Hours,District 6 (East Central),DAVENPORT,SCOTT,,E LOCUST ST & EASTMERE DR,Collision with:  Vehicle in traffic,On Roadway,Rear-end (front to rear),Driver Distraction:  Passenger,None Indicated,,Daylight,Dry,Clear,None apparent,Non-intersection:  Non-junction/no special feature,Paved,,Property Damage Only,0,0,0,0,0,0,3000,2,3,,POINT (-90.525645855936 41.538483232739)
2014824270,14-21110,10/29/2014,10-October,4-Wednesday,07:24,0700 Hours,District 6 (East Central),BETTENDORF,SCOTT,US 67,US 67/GRANT ST,Collision with:  Vehicle in traffic,On Roadway,"Sideswipe, same direction",Improper or erratic lane changing,None Indicated,,Dawn,Dry,Cloudy,None apparent,Non-intersection:  Non-junction/no special feature,Paved,,Property Damage Only,0,0,0,0,0,0,6500,2,3,,POINT (-90.51560285718 41.526216051115)
2014824229,SO14002575,10/29/2014,10-October,4-Wednesday,17:14,1700 Hours,District 3 (Northwest),,PLYMOUTH,IA 3,IA 3/IOWA 3 & POLK AVE,Collision with:  Vehicle in traffic,On Roadway,Rear-end (front to rear),Driver Distraction:  Reaching for object(s)/fallen object(s),None Indicated,,Daylight,Dry,Clear,"Surface condition (e.g., wet, icy)",Intersection:  Four-way intersection,Paved,,Property Damage Only,0,0,0,0,0,0,3500,2,2,,POINT (-96.016999967546 42.808220690064)
2014824240,C14003451,10/29/2014,10-October,4-Wednesday,18:38,1800 Hours,District 6 (East Central),CORALVILLE,JOHNSON,I-80,I-80 & IA 965/CORAL RIDGE AVE & COMMERCE DR,Collision with:  Vehicle in traffic,On Roadway,Rear-end (front to rear),FTYROW:  Other (explain in narrative),None Indicated,,Dark - roadway lighted,Dry,Clear,None apparent,Non-intersection:  Non-junction/no special feature,Paved,,Property Damage Only,0,0,0,0,0,0,5000,2,2,,POINT (-91.608475403718 41.695984259699)
2014824169,148312,10/29/2014,10-October,4-Wednesday,16:30,1600 Hours,District 4 (Southwest),,DALLAS,,140TH ST & UPLAND AVE,Collision with fixed object:  Ditch,On Roadway,Non-collision (single vehicle),Exceeded authorized speed,None Indicated,,Daylight,"Mud, dirt",Clear,None apparent,Non-intersection:  Non-junction/no special feature,Unpaved,,Property Damage Only,0,0,0,0,0,0,4000,1,2,,POINT (-93.883207257911 41.835092434592)
2014824604,2014-23472,10/29/2014,10-October,4-Wednesday,07:00,0700 Hours,District 5 (Southeast),INDIANOLA,WARREN,,E 16TH AVE,Collision with:  Vehicle in traffic,On Roadway,Rear-end (front to rear),Improper Backing,None Indicated,,Dawn,Dry,Clear,None apparent,Non-intersection:  Non-junction/no special feature,Paved,,Property Damage Only,0,0,0,0,0,0,3500,2,1,,POINT (-93.556286629541 41.340579640709)
2014824196,14-11084,10/29/2014,10-October,4-Wednesday,16:48,1600 Hours,District 3 (Northwest),CARROLL,CARROLL,,7TH ST & MAIN ST,Collision with:  Vehicle in traffic,On Roadway,Broadside (front to side),Ran Stop Sign,None Indicated,,Daylight,Dry,Clear,None apparent,Intersection:  Four-way intersection,Paved,,Minor Injury,0,2,0,1,1,0,9000,2,3,,POINT (-94.86673666956 42.066692464089)
2014824265,148321,10/29/2014,10-October,4-Wednesday,23:00,2300 Hours,District 4 (Southwest),,DALLAS,I-80,I-80,Collision with:  Animal,,,Animal,None Indicated,,,,,,,Paved,,Property Damage Only,0,0,0,0,0,0,4500,1,1,,POINT (-93.996183692634 41.542017093037)
2014824713,14-015154,10/29/2014,10-October,4-Wednesday,07:21,0700 Hours,District 2 (Northeast),,FAYETTE,,Co Rd C24/KORNHILL RD & 128TH ST,Collision with:  Animal,,,Animal,None Indicated,,,,,,,Paved,,Property Damage Only,0,0,0,0,0,0,4000,1,1,,POINT (-91.708296151489 42.815979123595)
2014831686,14-007909,10/29/2014,10-October,4-Wednesday,19:29,1900 Hours,District 3 (Northwest),EMMETSBURG,PALO ALTO,,Co Rd N48/NORTH HURON RD,Collision with:  Animal,,,Animal,None Indicated,,,,,,,Paved,,Property Damage Only,0,0,0,0,0,0,1500,1,1,,POINT (-94.651538528365 43.147486868191)
2014823934,20140032188,10/29/2014,10-October,4-Wednesday,07:00,0700 Hours,District 1 (Central),DES MOINES,POLK,,MLK JR PKWY,Collision with:  Vehicle in traffic,On Roadway,"Sideswipe, same direction",Improper or erratic lane changing,None Indicated,,Dark - roadway lighted,Dry,Cloudy,None apparent,Non-intersection:  Non-junction/no special feature,Paved,,Property Damage Only,0,0,0,0,0,0,3500,2,2,,POINT (-93.651411036098 41.627425852857)
2014824531,14206,10/29/2014,10-October,4-Wednesday,16:21,1600 Hours,District 5 (Southeast),PELLA,MARION,,MAPLE ST & HAZEL ST,Collision with:  Non-motorist (see non-motorist section - NOT a unit),On Roadway,Non-collision (single vehicle),Unknown,None Indicated,,Daylight,Dry,Clear,None apparent,Intersection:  Four-way intersection,Paved,,Minor Injury,0,1,0,1,0,0,0,1,1,,POINT (-92.909559546287 41.417354495195)
2014824783,14-3478,10/29/2014,10-October,4-Wednesday,20:24,2000 Hours,District 1 (Central),FORT DODGE,WEBSTER,,E KENYON RD & 5TH AVE S & S 12TH ST,Collision with:  Vehicle in traffic,On Roadway,Rear-end (front to rear),Unknown,None Indicated,,Dark - roadway lighted,Dry,Clear,None apparent,Intersection:  Four-way intersection,Paved,,Property Damage Only,0,0,0,0,0,0,1500,2,2,,POINT (-94.182662946959 42.500939376631)
2014824283,,10/29/2014,10-October,4-Wednesday,14:03,1400 Hours,District 1 (Central),MADRID,BOONE,,N UNION ST & E 22ND ST,Collision with:  Vehicle in traffic,On Roadway,Rear-end (front to rear),Followed too close,None Indicated,,Daylight,Dry,Clear,None apparent,Intersection:  Four-way intersection,Paved,,Property Damage Only,0,0,0,0,0,0,2500,2,4,,POINT (-93.819174512686 41.879673224893)
2014824227,14-046094,10/29/2014,10-October,4-Wednesday,17:52,1700 Hours,District 4 (Southwest),COUNCIL BLUFFS,POTTAWATTAMIE,US 6,US 6/KANESVILLE BLVD & FRANK ST,Collision with:  Vehicle in traffic,On Roadway,Broadside (front to side),Ran Traffic Signal,None Indicated,,Daylight,Dry,Clear,None apparent,Intersection:  Four-way intersection,Paved,,Possible/Unknown,0,1,0,0,1,0,7000,2,2,,POINT (-95.840248659017 41.266879046714)
2014824165,14-35888,10/29/2014,10-October,4-Wednesday,18:15,1800 Hours,District 3 (Northwest),SIOUX CITY,WOODBURY,,12TH ST & DOUGLAS ST,Collision with:  Vehicle in traffic,On Roadway,"Angle, oncoming left turn",FTYROW:  Making left turn,None Indicated,,Daylight,Dry,Clear,None apparent,Intersection:  Four-way intersection,Paved,,Property Damage Only,0,0,0,0,0,0,3000,2,3,,POINT (-96.406494101826 42.502924816467)
2014824428,2014-75620,10/29/2014,10-October,4-Wednesday,10:20,1000 Hours,District 6 (East Central),DAVENPORT,SCOTT,I-80,I-80,Collision with:  Vehicle in traffic,On Roadway,"Sideswipe, same direction",Lost Control,None Indicated,,Daylight,Dry,Clear,None apparent,Non-intersection:  Non-junction/no special feature,Paved,,Property Damage Only,0,0,0,0,0,0,8000,2,2,,POINT (-90.538840395158 41.596046878127)
2014824696,14107741,10/29/2014,10-October,4-Wednesday,15:13,1500 Hours,District 2 (Northeast),CEDAR FALLS,BLACK HAWK,,RAINBOW DR & PARK DR,Collision with:  Vehicle in traffic,On Roadway,Rear-end (front to rear),Followed too close,None Indicated,,Daylight,Dry,Clear,None apparent,Non-intersection:  Non-junction/no special feature,Paved,,Property Damage Only,0,0,0,0,0,0,3000,2,2,,POINT (-92.425836295814 42.521120644551)
2014824282,,10/29/2014,10-October,4-Wednesday,06:35,0600 Hours,District 4 (Southwest),,AUDUBON,IA 44,IA 44/IOWA 44,Collision with:  Animal,,Non-collision (single vehicle),Animal,None Indicated,,,,,,,Paved,,Property Damage Only,0,0,0,0,0,0,10000,1,1,,POINT (-94.992777298429 41.650904673526)
2014824620,RJT10291401,10/29/2014,10-October,4-Wednesday,07:50,0700 Hours,District 5 (Southeast),OSCEOLA,CLARKE,US 34,US 34/W MC LANE ST,Collision with:  Vehicle in traffic,On Roadway,Broadside (front to side),Other (explain in narrative):  Vision obstructed,None Indicated,,Daylight,Dry,Clear,None apparent,Interchange-related:  Off-ramp,Paved,,Property Damage Only,0,0,0,0,0,0,3500,2,2,,POINT (-93.792139396207 41.02723862863)
2014824614,14033603,10/29/2014,10-October,4-Wednesday,12:48,1200 Hours,District 5 (Southeast),,LEE,US 218,US 218 & Co Rd J40/CO RD 103/160 ST,Collision with:  Vehicle in traffic,On Roadway,Broadside (front to side),FTYROW:  From stop sign,None Indicated,,Daylight,Dry,Cloudy,None apparent,Intersection:  Four-way intersection,Paved,,Property Damage Only,0,0,0,0,0,0,5500,2,2,,POINT (-91.563505660532 40.726112629569)
2014824297,143319,10/29/2014,10-October,4-Wednesday,17:30,1700 Hours,District 3 (Northwest),DENISON,CRAWFORD,US 30,US 30/4TH AVE S & S 16TH ST,Collision with:  Vehicle in traffic,On Roadway,Unknown,FTYROW:  Other (explain in narrative),None Indicated,,Daylight,Dry,Clear,None apparent,Non-intersection:  Non-junction/no special feature,Paved,,Possible/Unknown,0,2,0,0,1,1,22000,5,11,,POINT (-95.349715775145 42.012355132384)
2014825077,143627,10/29/2014,10-October,4-Wednesday,18:52,1800 Hours,District 2 (Northeast),HAMPTON,FRANKLIN,IA 3,IA 3/CENTRAL AVE E,Collision with:  Animal,On Roadway,Non-collision (single vehicle),Animal,None Indicated,,Dark - roadway not lighted,Dry,Cloudy,None apparent,Non-intersection:  Non-junction/no special feature,Paved,,Property Damage Only,0,0,0,0,0,0,1500,1,1,,POINT (-93.190473237004 42.741841771104)
2014824299,14-38810,10/29/2014,10-October,4-Wednesday,18:53,1800 Hours,District 5 (Southeast),,DES MOINES,US 34,US 34,Collision with:  Animal,On Roadway,Non-collision (single vehicle),Animal,None Indicated,,Dark - roadway not lighted,Dry,Clear,None apparent,Non-intersection:  Non-junction/no special feature,Paved,,Minor Injury,0,1,0,1,0,0,3000,1,1,,POINT (-91.328095592689 40.86035023677)
2014824753,14-046376,10/29/2014,10-October,4-Wednesday,20:30,2000 Hours,District 4 (Southwest),COUNCIL BLUFFS,POTTAWATTAMIE,US 6,US 6/W BROADWAY & S 35TH ST & N 35TH ST,Collision with:  Vehicle in traffic,On Roadway,Rear-end (front to rear),Unknown,None Indicated,,Dark - roadway lighted,Dry,Clear,None apparent,Intersection:  Four-way intersection,Paved,,Property Damage Only,0,0,0,0,0,0,1500,2,2,,POINT (-95.902050965343 41.261896138281)
2014824124,14022907,10/29/2014,10-October,4-Wednesday,16:19,1600 Hours,District 6 (East Central),MARION,LINN,,6TH AVE & 11TH ST,Collision with:  Non-motorist (see non-motorist section - NOT a unit),On Roadway,Non-collision (single vehicle),FTYROW:  To pedestrian,None Indicated,,Daylight,Dry,Clear,None apparent,Intersection:  T-intersection,Paved,,Minor Injury,0,1,0,1,0,0,0,1,1,,POINT (-91.598080647963 42.032361817249)
2014825551,2014061120,10/29/2014,10-October,4-Wednesday,23:15,2300 Hours,District 6 (East Central),,SCOTT,I-80,I-80,Collision with:  Animal,,,Animal,None Indicated,,,,,,,Paved,,Property Damage Only,0,0,0,0,0,0,16000,1,1,,POINT (-90.827358249073 41.629559309958)
2014824514,PD1409688,10/29/2014,10-October,4-Wednesday,09:35,0900 Hours,District 5 (Southeast),FAIRFIELD,JEFFERSON,IA 1,IA 1/S MAIN ST & W FILLMORE AVE & E FILLMORE AVE,Collision with:  Vehicle in traffic,On Roadway,Broadside (front to side),FTYROW:  From stop sign,None Indicated,,Daylight,Dry,Clear,None apparent,Intersection:  Four-way intersection,Paved,,Property Damage Only,0,0,0,0,0,0,2800,2,4,,POINT (-91.963127699836 40.995615282243)
2014824181,14-5446,10/29/2014,10-October,4-Wednesday,15:25,1500 Hours,District 1 (Central),WEST DES MOINES,POLK,,16TH ST,Collision with:  Vehicle in traffic,On Roadway,"Angle, oncoming left turn",Unknown,None Indicated,,Daylight,Dry,Clear,None apparent,Non-intersection:  Non-junction/no special feature,Paved,,Property Damage Only,0,0,0,0,0,0,8000,2,2,,POINT (-93.725461312076 41.590323081172)
2014824352,14-35905,10/29/2014,10-October,4-Wednesday,20:30,2000 Hours,District 3 (Northwest),SIOUX CITY,WOODBURY,I-29,I-29,Collision with:  Vehicle in traffic,On Roadway,"Sideswipe, same direction",Swerving/Evasive Action,None Indicated,,Dark - roadway not lighted,Dry,Clear,None apparent,Non-intersection:  Non-junction/no special feature,Paved,,Possible/Unknown,0,1,0,0,1,0,20000,2,2,,POINT (-96.350382259861 42.37003431422)
2014824888,,10/29/2014,10-October,4-Wednesday,13:11,1300 Hours,District 2 (Northeast),NORA SPRINGS,FLOYD,,W CONGRESS ST & RIVERVIEW DR,Collision with:  Vehicle in traffic,On Roadway,"Angle, oncoming left turn",Crossed centerline (undivided),None Indicated,,Daylight,Dry,Clear,None apparent,Intersection:  T-intersection,Paved,,Property Damage Only,0,0,0,0,0,0,8000,2,2,,POINT (-93.020561934835 43.145844573181)
2014824257,2014-75693,10/29/2014,10-October,4-Wednesday,16:50,1600 Hours,District 6 (East Central),DAVENPORT,SCOTT,US 6,US 6/E KIMBERLY RD,Collision with:  Vehicle in traffic,On Roadway,Rear-end (front to rear),Lost Control,None Indicated,,Daylight,Dry,Clear,None apparent,Non-intersection:  Non-junction/no special feature,Paved,,Possible/Unknown,0,3,0,0,3,0,9000,3,4,,POINT (-90.55643089702 41.556884469552)
2014824142,20140032226,10/29/2014,10-October,4-Wednesday,01:30,0100 Hours,District 1 (Central),DES MOINES,POLK,,BOULDER ST,Collision with fixed object:  Utility pole/light support,Shoulder,Non-collision (single vehicle),Lost Control,None Indicated,,Dark - roadway lighted,Unknown,Unknown,None apparent,Non-intersection:  Non-junction/no special feature,Paved,,Major Injury,0,1,1,0,0,0,2000,1,2,,POINT (-93.625325366066 41.556656676946)
2014828212,14-098,10/29/2014,10-October,4-Wednesday,14:45,1400 Hours,District 3 (Northwest),SIOUX CENTER,SIOUX,,3RD ST NE & 4TH AVE SE,Collision with:  Vehicle in traffic,On Roadway,Broadside (front to side),FTYROW:  From stop sign,None Indicated,,Daylight,Dry,Clear,None apparent,Intersection:  T-intersection,Paved,,Minor Injury,0,2,0,2,0,0,10000,2,2,,POINT (-96.16983328291 43.079867980277)
2014824995,2014-5373,10/29/2014,10-October,4-Wednesday,20:58,2000 Hours,District 4 (Southwest),WEST DES MOINES,DALLAS,,UNIVERSITY AVE & MAPLELEAF LN & 94TH ST,Collision with:  Vehicle in traffic,On Roadway,"Sideswipe, opposite direction",Unknown,None Indicated,,Dark - roadway lighted,Dry,Clear,None apparent,Non-intersection:  Non-junction/no special feature,Paved,,Possible/Unknown,0,1,0,0,1,0,9000,2,3,,POINT (-93.83735257987 41.600416246622)
2014828656,A391014-2520,10/29/2014,10-October,4-Wednesday,14:26,1400 Hours,District 4 (Southwest),,GUTHRIE,IA 141,IA 141/IOWA 141 & OAK AVE,Collision with fixed object:  Ditch,On Roadway,Non-collision (single vehicle),Swerving/Evasive Action,None Indicated,,Daylight,Dry,Clear,None apparent,Intersection:  Four-way intersection,Paved,,Major Injury,0,1,1,0,0,0,4000,1,1,,POINT (-94.47352492402 41.849219441947)
2014824127,14-007586,10/29/2014,10-October,4-Wednesday,06:30,0600 Hours,District 3 (Northwest),,MONONA,IA 141,IA 141,Collision with:  Animal,On Roadway,Non-collision (single vehicle),Animal,None Indicated,,Dark - roadway not lighted,Dry,Clear,None apparent,Non-intersection:  Non-junction/no special feature,Paved,,Property Damage Only,0,0,0,0,0,0,2000,1,1,,POINT (-95.714841566126 42.12463598056)
2014824765,14-151029-01,10/29/2014,10-October,4-Wednesday,18:45,1800 Hours,District 6 (East Central),,IOWA,US 6,US 6,Collision with:  Animal,,,Animal,None Indicated,,,,,,,Paved,,Property Damage Only,0,0,0,0,0,0,1500,1,1,,POINT (-91.893209674164 41.765613548692)
2014824138,14-004677,10/29/2014,10-October,4-Wednesday,07:15,0700 Hours,District 1 (Central),ANKENY,POLK,IA 415,IA 415/SW ORALABOR RD & SW WHITE BIRCH DR,Collision with:  Vehicle in traffic,On Roadway,"Angle, oncoming left turn",FTYROW:  Making left turn,None Indicated,,Dawn,Dry,Clear,None apparent,Intersection:  Four-way intersection,Paved,,Property Damage Only,0,0,0,0,0,0,7000,2,2,,POINT (-93.627116233021 41.703247876906)
2014824510,14-38787,10/29/2014,10-October,4-Wednesday,15:53,1500 Hours,District 5 (Southeast),,DES MOINES,,EAGLE RD,Collision with:  Vehicle in traffic,On Roadway,"Angle, oncoming left turn",Crossed centerline (undivided),None Indicated,,Daylight,"Mud, dirt","Blowing sand, soil, dirt",None apparent,Non-intersection:  Driveway access (within),Unpaved,,Property Damage Only,0,0,0,0,0,0,6000,2,4,,POINT (-91.00410551561 40.950561188916)