Iowa DOT Case Number,Law Enforcement Case Number,Date of Crash,Month of Crash,Day of Week,Time of Crash,Hour,DOT District,City Name,County Name,Route with System,Location Description,First Harmful Event,Location of First Harmful Event,Manner of Crash/Collision,Major Cause,Drug or Alcohol ,Environmental Conditions,Light Conditions,Surface Conditions,Weather Conditions,Roadway Contribution,Roadway Type,Roadway Surface,Work Zone,Crash Severity,Number of Fatalities,Number of Injuries,Number of Major Injuries,Number of Minor Injuries,Number of Possible Injuries,Number of Unknown Injuries,Amount of Property Damage,Number of Vehicles Involved,Total Number of Occupants,Travel Direction,Location
2014825654,S14-J3005,10/30/2014,10-October,5-Thursday,22:09,2200 Hours,District 5 (Southeast),OSCEOLA,CLARKE,I-35,I-35,Collision with fixed object:  Ditch,On Roadway,Non-collision (single vehicle),Ran off road - right,None Indicated,,Dark - roadway lighted,Dry,Clear,None apparent,Non-intersection:  Non-junction/no special feature,Paved,,Possible/Unknown,0,1,0,0,1,0,2000,1,1,,POINT (-93.796298152968 41.012049360858)
2014824925,14680847,10/30/2014,10-October,5-Thursday,17:00,1700 Hours,District 5 (Southeast),,MONROE,US 34,US 34 & Co Rd H35/196TH ST & Co Rd T7H/623RD AVE,Collision with:  Vehicle in traffic,On Roadway,Broadside (front to side),FTYROW:  From stop sign,None Indicated,,Daylight,Dry,Clear,None apparent,Intersection:  Four-way intersection,Paved,,Property Damage Only,0,0,0,0,0,0,19000,2,4,,POINT (-92.85002197043 41.017747165962)
2014824316,20140032356,10/30/2014,10-October,5-Thursday,13:45,1300 Hours,District 1 (Central),DES MOINES,POLK,,6TH AVE,Collision with:  Vehicle in traffic,On Roadway,"Sideswipe, same direction",FTYROW:  Other (explain in narrative),None Indicated,,Daylight,Dry,Clear,None apparent,Non-intersection:  Non-junction/no special feature,Paved,,Property Damage Only,0,0,0,0,0,0,4000,2,2,,POINT (-93.625788525883 41.608373841766)
2014825509,14-026732,10/30/2014,10-October,5-Thursday,00:10,0000 Hours,District 5 (Southeast),,MARION,,Co Rd G44/HWY G44,Collision with:  Animal,,,Animal,None Indicated,,,,,,,Paved,,Property Damage Only,0,0,0,0,0,0,5000,1,1,,POINT (-93.080093253073 41.342265452008)
2014824152,20140032311,10/30/2014,10-October,5-Thursday,08:12,0800 Hours,District 1 (Central),DES MOINES,POLK,,INDIANA AVE & 2ND AVE,Collision with:  Vehicle in traffic,On Roadway,"Angle, oncoming left turn",FTYROW:  From stop sign,None Indicated,,Daylight,Wet,Cloudy,None apparent,Intersection:  Four-way intersection,Paved,,Property Damage Only,0,0,0,0,0,0,9000,2,2,,POINT (-93.61974104098 41.6022276453)
2014824758,2014-22131,10/30/2014,10-October,5-Thursday,07:24,0700 Hours,District 6 (East Central),,SCOTT,I-80,I-80,Collision with:  Animal,,,Animal,None Indicated,,,,,,,Paved,,Property Damage Only,0,0,0,0,0,0,3500,1,1,,POINT (-90.409871080821 41.597687993907)
2014824132,14-7168,10/30/2014,10-October,5-Thursday,07:47,0700 Hours,District 1 (Central),GRIMES,POLK,IA 141,IA 141/IOWA 141,Collision with:  Vehicle in traffic,On Roadway,"Sideswipe, same direction",Unknown,None Indicated,,Daylight,Wet,Clear,None apparent,Non-intersection:  Non-junction/no special feature,Paved,,Property Damage Only,0,0,0,0,0,0,2500,2,2,,POINT (-93.775024919745 41.657490305715)
2014824288,W14-108047,10/30/2014,10-October,5-Thursday,14:39,1400 Hours,District 2 (Northeast),WATERLOO,BLACK HAWK,,E RIDGEWAY AVE & BALTIMORE ST,Collision with:  Vehicle in traffic,On Roadway,Broadside (front to side),Unknown,None Indicated,,Daylight,Dry,Cloudy,None apparent,Intersection:  Four-way intersection,Paved,,Property Damage Only,0,0,0,0,0,0,5250,2,2,,POINT (-92.349612350173 42.469389136958)
2014824310,14-004696,10/30/2014,10-October,5-Thursday,06:20,0600 Hours,District 1 (Central),ANKENY,POLK,IA 160,IA 160/SE ORALABOR RD & SE PEACHTREE DR,Collision with:  Animal,,,Animal,None Indicated,,,,,,,Paved,,Property Damage Only,0,0,0,0,0,0,5000,1,1,,POINT (-93.594012648094 41.702883331787)
2014831716,2014061208,10/30/2014,10-October,5-Thursday,13:35,1300 Hours,District 1 (Central),,POLK,IA 415,IA 415/2ND AVE & NW 47TH PL & NW 48TH PL,Collision with:  Vehicle in traffic,On Roadway,Broadside (front to side),Ran Traffic Signal,None Indicated,,Daylight,Dry,Clear,None apparent,Intersection:  Four-way intersection,Paved,,Property Damage Only,0,0,0,0,0,0,8000,2,3,,POINT (-93.619989293238 41.646947031848)
2014824402,2014061131,10/30/2014,10-October,5-Thursday,06:50,0600 Hours,District 5 (Southeast),OSCEOLA,CLARKE,I-35,I-35,Collision with:  Animal,,,Animal,None Indicated,,,,,,,Paved,,Property Damage Only,0,0,0,0,0,0,12000,1,1,,POINT (-93.792734963789 41.039206252963)
2014824373,14-28835,10/30/2014,10-October,5-Thursday,20:37,2000 Hours,District 1 (Central),BAXTER,JASPER,IA 330,IA 330/IOWA 330 N,Collision with:  Animal,On Roadway,Non-collision (single vehicle),Animal,None Indicated,,Dark - roadway not lighted,Dry,Cloudy,None apparent,Non-intersection:  Non-junction/no special feature,Paved,,Property Damage Only,0,0,0,0,0,0,5000,1,2,,POINT (-93.250246628282 41.851356601532)
2014824306,14023009,10/30/2014,10-October,5-Thursday,17:06,1700 Hours,District 6 (East Central),MARION,LINN,IA 100,IA 100/COLLINS RD SE & E POST RD,Collision with:  Vehicle in traffic,On Roadway,Broadside (front to side),FTYROW:  Other (explain in narrative),None Indicated,,Dusk,Dry,Clear,None apparent,Intersection:  Five points or more,Paved,,Property Damage Only,0,0,0,0,0,0,6500,2,2,,POINT (-91.599347790101 42.015364302084)
2014824592,14-2438,10/30/2014,10-October,5-Thursday,17:30,1700 Hours,District 1 (Central),URBANDALE,POLK,,86TH ST,Collision with:  Vehicle in traffic,On Roadway,Broadside (front to side),FTYROW:  From stop sign,None Indicated,,Dusk,Dry,Clear,None apparent,Non-intersection:  Driveway access (within),Paved,,Property Damage Only,0,0,0,0,0,0,10000,2,2,,POINT (-93.736474120132 41.616590121622)
2014824532,14-007611,10/30/2014,10-October,5-Thursday,07:35,0700 Hours,District 3 (Northwest),TURIN,MONONA,IA 37,IA 37/IOWA 37 & 235TH ST,Collision with:  Animal,On Roadway,Non-collision (single vehicle),Animal,None Indicated,,Dawn,Dry,Clear,None apparent,Non-intersection:  Non-junction/no special feature,Paved,,Possible/Unknown,0,1,0,0,0,1,3500,1,1,,POINT (-95.94981837561 42.013162714964)
2014824330,14-002484,10/30/2014,10-October,5-Thursday,23:30,2300 Hours,District 1 (Central),ALTOONA,POLK,I-80,I-80,Collision with:  Other non-fixed object (explain in narrative),On Roadway,Non-collision (single vehicle),Other (explain in narrative):  No improper action,None Indicated,,Dark - roadway not lighted,Dry,Severe winds,Work Zone (roadway-related),Non-intersection:  Non-junction/no special feature,Paved,Yes,Property Damage Only,0,0,0,0,0,0,2600,1,1,,POINT (-93.485557622123 41.661815844779)
2014825036,2014-23564,10/30/2014,10-October,5-Thursday,07:38,0700 Hours,District 5 (Southeast),INDIANOLA,WARREN,US 69,US 69,Collision with:  Animal,,,Animal,None Indicated,,,,,,,Paved,,Property Damage Only,0,0,0,0,0,0,2500,1,1,,POINT (-93.582345074332 41.244221273228)
2014825274,201403953,10/30/2014,10-October,5-Thursday,20:20,2000 Hours,District 6 (East Central),,LINN,US 151,US 151,Collision with:  Animal,,Non-collision (single vehicle),Animal,None Indicated,,,,,,,Paved,,Property Damage Only,0,0,0,0,0,0,3500,1,1,,POINT (-91.550593685439 41.951966408941)
2014825737,14680845,10/30/2014,10-October,5-Thursday,13:00,1300 Hours,District 5 (Southeast),,MONROE,US 34,US 34,Collision with:  Animal,,,Animal,None Indicated,,,,,,,Paved,,Property Damage Only,0,0,0,0,0,0,1800,1,1,,POINT (-92.66386150509 41.015877266079)
2014824761,14-031030-01,10/30/2014,10-October,5-Thursday,18:42,1800 Hours,District 6 (East Central),,IOWA,IA 149,IA 149/M AVE,Collision with:  Animal,,,Animal,None Indicated,,,,,,,Paved,,Property Damage Only,0,0,0,0,0,0,1500,1,1,,POINT (-92.065075331842 41.557303349947)
2014825343,,10/30/2014,10-October,5-Thursday,18:40,1800 Hours,District 5 (Southeast),,HENRY,,OLD HIGHWAY 34,Collision with:  Animal,On Roadway,Non-collision (single vehicle),Animal,None Indicated,,Dark - roadway not lighted,Dry,Clear,,Non-intersection:  Non-junction/no special feature,Paved,,Property Damage Only,0,0,0,0,0,0,1984,1,1,,POINT (-91.614030826341 40.980551213124)
2014824845,14-001267,10/30/2014,10-October,5-Thursday,21:49,2100 Hours,District 1 (Central),,STORY,US 30,US 30,Collision with:  Vehicle in traffic,On Roadway,Broadside (front to side),FTYROW:  Making left turn,None Indicated,,Dark - roadway lighted,Dry,Clear,None apparent,Intersection:  Four-way intersection,Paved,,Minor Injury,0,4,0,4,0,0,10638,2,5,,POINT (-93.554257276968 42.008828391854)
2014824605,2014-23563,10/30/2014,10-October,5-Thursday,07:35,0700 Hours,District 5 (Southeast),INDIANOLA,WARREN,IA 92,IA 92/W 2ND AVE,Collision with:  Vehicle in traffic,On Roadway,Rear-end (front to rear),Followed too close,None Indicated,,Daylight,Dry,Cloudy,None apparent,Non-intersection:  Driveway access (within),Paved,,Possible/Unknown,0,1,0,0,1,0,6000,2,3,,POINT (-93.596540553027 41.356231466065)
2014825520,2014061249,10/30/2014,10-October,5-Thursday,17:25,1700 Hours,District 6 (East Central),,JOHNSON,I-380,I-380,Collision with:  Vehicle in traffic,On Roadway,Rear-end (front to rear),Followed too close,None Indicated,,Daylight,Dry,Cloudy,None apparent,Non-intersection:  Non-junction/no special feature,Paved,,Property Damage Only,0,0,0,0,0,0,24600,2,2,,POINT (-91.646769355564 41.794723598615)
2014836093,14-07497,10/30/2014,10-October,5-Thursday,20:23,2000 Hours,District 2 (Northeast),OELWEIN,FAYETTE,,3RD AVE NW,Collision with:  Vehicle in traffic,On Roadway,Rear-end (front to rear),Other (explain in narrative):  Other,None Indicated,,Dark - roadway lighted,Dry,Cloudy,None apparent,Non-intersection:  Non-junction/no special feature,Paved,,Property Damage Only,0,0,0,0,0,0,25500,2,1,,POINT (-91.918134503637 42.680516330107)
2014824391,2014-039202,10/30/2014,10-October,5-Thursday,15:49,1500 Hours,District 6 (East Central),DUBUQUE,DUBUQUE,,JOHN F KENNEDY RD,Collision with:  Vehicle in traffic,On Roadway,Broadside (front to side),FTYROW:  From driveway,None Indicated,,Daylight,Dry,Cloudy,None apparent,Non-intersection:  Driveway access (within),Paved,,Possible/Unknown,0,4,0,0,4,0,17000,2,13,,POINT (-90.721262197736 42.501159284165)
2014829477,14-2437,10/30/2014,10-October,5-Thursday,16:30,1600 Hours,District 1 (Central),URBANDALE,POLK,,86TH ST & PLUM DR,Collision with:  Vehicle in traffic,On Roadway,Broadside (front to side),Exceeded authorized speed,None Indicated,,Daylight,Dry,Clear,None apparent,Intersection:  T-intersection,Paved,,Minor Injury,0,2,0,1,0,1,9098,2,2,,POINT (-93.736476079156 41.648403387982)
2014824403,2014061259,10/30/2014,10-October,5-Thursday,18:50,1800 Hours,District 5 (Southeast),,MONROE,IA 5,IA 5/IOWA 5,Collision with:  Animal,On Roadway,Non-collision (single vehicle),Animal,None Indicated,,Dark - roadway not lighted,Dry,Clear,None apparent,Non-intersection:  Non-junction/no special feature,Paved,,Property Damage Only,0,0,0,0,0,0,7000,1,2,,POINT (-92.821611660138 40.967954164675)
2014832286,14-045477,10/30/2014,10-October,5-Thursday,06:45,0600 Hours,District 5 (Southeast),,MUSCATINE,,Co Rd F70/155TH ST,Collision with:  Animal,On Roadway,Non-collision (single vehicle),Animal,None Indicated,,Dark - roadway not lighted,Dry,Cloudy,None apparent,Non-intersection:  Non-junction/no special feature,Paved,,Major Injury,0,1,1,0,0,0,5000,1,1,,POINT (-91.135708107668 41.511844381218)
2014824385,14-013503,10/30/2014,10-October,5-Thursday,23:15,2300 Hours,District 6 (East Central),DUBUQUE,DUBUQUE,US 61,US 61,Collision with:  Animal,,,Animal,None Indicated,,,,,,,Paved,,Property Damage Only,0,0,0,0,0,0,3000,1,1,,POINT (-90.694837716888 42.413441350327)
2014825477,14-009514,10/30/2014,10-October,5-Thursday,16:45,1600 Hours,District 4 (Southwest),GRISWOLD,CASS,,540TH ST,Collision with fixed object:  Ditch,On Roadway,Non-collision (single vehicle),Driving too fast for conditions,None Indicated,,Daylight,Dry,Clear,None apparent,Non-intersection:  Driveway access (within),Unpaved,,Minor Injury,0,1,0,1,0,0,4000,1,3,,POINT (-95.147531660826 41.213603012479)
2014825005,2014-75915,10/30/2014,10-October,5-Thursday,16:56,1600 Hours,District 6 (East Central),DAVENPORT,SCOTT,,E 53RD ST,Collision with:  Vehicle in traffic,On Roadway,Rear-end (front to rear),Followed too close,None Indicated,,Daylight,Dry,Clear,None apparent,Non-intersection:  Non-junction/no special feature,Paved,,Possible/Unknown,0,2,0,0,2,0,8000,3,5,,POINT (-90.521451687451 41.574832509595)
2014827102,14-001268,10/30/2014,10-October,5-Thursday,21:49,2100 Hours,District 1 (Central),,STORY,,,Non-collision events:  Other non-collision (explain in narrative),On Roadway,Non-collision (single vehicle),Swerving/Evasive Action,None Indicated,,Dark - roadway not lighted,"Mud, dirt",Cloudy,None apparent,Non-intersection:  Non-junction/no special feature,,,Possible/Unknown,0,1,0,0,0,1,8500,1,1,,POINT (-96.643700149993 40.233091251414)
2014858881,,10/30/2014,10-October,5-Thursday,19:24,1900 Hours,District 4 (Southwest),,PAGE,US 71,US 71,Collision with:  Animal,On Roadway,Non-collision (single vehicle),Animal,None Indicated,,Dark - roadway not lighted,Dry,Clear,None apparent,Non-intersection:  Non-junction/no special feature,Paved,,Possible/Unknown,0,1,0,0,1,0,4000,1,1,,POINT (-94.997358419636 40.753213788941)
2014827958,2014061193,10/30/2014,10-October,5-Thursday,11:15,1100 Hours,District 1 (Central),,JASPER,IA 330,IA 330/IOWA 330 N,Non-collision events:  Overturn/rollover,On Roadway,Non-collision (single vehicle),Swerving/Evasive Action,None Indicated,,Daylight,Dry,Clear,None apparent,Non-intersection:  Non-junction/no special feature,Paved,,Property Damage Only,0,0,0,0,0,0,3000,1,1,,POINT (-93.300785626865 41.81599130764)
2014824733,2014061267,10/30/2014,10-October,5-Thursday,08:30,0800 Hours,District 2 (Northeast),PLYMOUTH,CERRO GORDO,I-35,I-35,Collision with:  Animal,,,Animal,None Indicated,,,,,,,Paved,,Property Damage Only,0,0,0,0,0,0,10000,1,1,,POINT (-93.350857631981 42.930610830869)
2014824173,14-001261,10/30/2014,10-October,5-Thursday,07:18,0700 Hours,District 1 (Central),,STORY,US 30,US 30,Collision with:  Animal,,,Animal,None Indicated,,,,,,,Paved,,Property Damage Only,0,0,0,0,0,0,10000,1,1,,POINT (-93.404890896615 42.007867260128)
2014824314,20140032312,10/30/2014,10-October,5-Thursday,08:29,0800 Hours,District 1 (Central),DES MOINES,POLK,,FRANKLIN AVE & MLK JR PKWY,Collision with:  Vehicle in traffic,On Roadway,Broadside (front to side),FTYROW:  From stop sign,None Indicated,,Daylight,Dry,Clear,None apparent,Intersection:  T-intersection,Paved,,Property Damage Only,0,0,0,0,0,0,3500,2,3,,POINT (-93.645020550345 41.611375032826)
2014824635,14009388,10/30/2014,10-October,5-Thursday,15:43,1500 Hours,District 6 (East Central),,DELAWARE,,210TH AVE,Non-collision events:  Overturn/rollover,On Roadway,Non-collision (single vehicle),Swerving/Evasive Action,None Indicated,,Daylight,"Mud, dirt",Clear,None apparent,Non-intersection:  Non-junction/no special feature,Unpaved,,Minor Injury,0,4,0,2,2,0,20000,1,4,,POINT (-91.391151391498 42.522971875842)
2014824244,14-001260,10/30/2014,10-October,5-Thursday,05:15,0500 Hours,District 1 (Central),,STORY,US 69,US 69,Unknown,On Roadway,Non-collision (single vehicle),FTYROW:  Other (explain in narrative),None Indicated,,Dark - unknown roadway lighting,Dry,Clear,None apparent,Non-intersection:  Non-junction/no special feature,Paved,,Major Injury,0,1,1,0,0,0,1100,1,1,,POINT (-93.600399964748 41.874990845646)
2014828554,2014-006800,10/30/2014,10-October,5-Thursday,19:47,1900 Hours,District 6 (East Central),,BENTON,,11 AVE DR,Collision with fixed object:  Ditch,On Roadway,Non-collision (single vehicle),Swerving/Evasive Action,None Indicated,,Dark - roadway not lighted,Dry,Clear,None apparent,Non-intersection:  Non-junction/no special feature,Unpaved,,Property Damage Only,0,0,0,0,0,0,2000,1,1,,POINT (-92.26935526827 41.938147856316)
2014824151,20140032303,10/30/2014,10-October,5-Thursday,07:57,0700 Hours,District 1 (Central),DES MOINES,POLK,,HICKMAN RD & 57TH ST,Collision with:  Vehicle in traffic,On Roadway,"Sideswipe, same direction",Crossed centerline (undivided),None Indicated,,Daylight,Dry,Clear,None apparent,Non-intersection:  Non-junction/no special feature,Paved,,Possible/Unknown,0,1,0,0,0,1,9300,2,3,,POINT (-93.696090194793 41.614878182428)
2014824433,2014-75886,10/30/2014,10-October,5-Thursday,14:26,1400 Hours,District 6 (East Central),DAVENPORT,SCOTT,,E CENTRAL PARK AVE & LE CLAIRE ST,Collision with fixed object:  Traffic sign support,Outside trafficway,Non-collision (single vehicle),Ran off road - right,None Indicated,,Daylight,Wet,Cloudy,Other (explain in narrative),Intersection:  Four-way intersection,Paved,,Property Damage Only,0,0,0,0,0,0,1600,1,2,,POINT (-90.568445308539 41.546016419893)
2014824471,14-018548,10/30/2014,10-October,5-Thursday,20:40,2000 Hours,District 5 (Southeast),,HENRY,US 34,US 34,Collision with:  Animal,,,Animal,None Indicated,,,,,,,Paved,,Property Damage Only,0,0,0,0,0,0,15000,1,1,,POINT (-91.42927294402 40.927287248537)
2014824263,2014012158,10/30/2014,10-October,5-Thursday,08:28,0800 Hours,District 6 (East Central),IOWA CITY,JOHNSON,,CAMP CARDINAL BLVD,Collision with:  Animal,On Roadway,Non-collision (single vehicle),Animal,None Indicated,,Daylight,Dry,Cloudy,None apparent,Non-intersection:  Non-junction/no special feature,Paved,,Property Damage Only,0,0,0,0,0,0,1500,1,1,,POINT (-91.602506855845 41.66526149512)
2014824128,1410301-A,10/30/2014,10-October,5-Thursday,15:33,1500 Hours,District 4 (Southwest),RED OAK,MONTGOMERY,,COOLBAUGH ST & 3RD ST,Collision with:  Vehicle in traffic,On Roadway,Broadside (front to side),Ran Stop Sign,None Indicated,,Daylight,Dry,Clear,None apparent,Intersection:  Other intersection (explain in narrative),Paved,,Possible/Unknown,0,1,0,0,1,0,3200,2,3,,POINT (-95.229134192469 41.008913792298)
2014824447,14-5468,10/30/2014,10-October,5-Thursday,16:10,1600 Hours,District 1 (Central),WEST DES MOINES,POLK,,OFFICE PARK RD & 8TH ST,Collision with:  Vehicle in traffic,On Roadway,"Angle, oncoming left turn",FTYROW:  Making left turn,None Indicated,,Daylight,Dry,Clear,None apparent,Intersection:  Four-way intersection,Paved,,Property Damage Only,0,0,0,0,0,0,8000,2,3,,POINT (-93.713247534212 41.590336452747)
2014825159,14-005112,10/30/2014,10-October,5-Thursday,17:44,1700 Hours,District 1 (Central),AMES,STORY,,LINCOLN WAY & ELM AVE,Collision with:  Vehicle in traffic,On Roadway,Rear-end (front to rear),Followed too close,None Indicated,,Dusk,Dry,Clear,None apparent,Intersection:  T-intersection,Paved,,Property Damage Only,0,0,0,0,0,0,1500,2,2,,POINT (-93.622118360761 42.022891203404)
2014824542,14-004700,10/30/2014,10-October,5-Thursday,16:00,1600 Hours,District 1 (Central),ANKENY,POLK,,NW 18TH ST,Collision with:  Vehicle in traffic,On Roadway,Rear-end (front to rear),Other (explain in narrative):  Other,None Indicated,,Daylight,Dry,Clear,None apparent,Non-intersection:  Non-junction/no special feature,Paved,,Property Damage Only,0,0,0,0,0,0,2500,2,2,,POINT (-93.611143235998 41.746405602151)
2014824066,W14-107964,10/30/2014,10-October,5-Thursday,08:46,0800 Hours,District 2 (Northeast),WATERLOO,BLACK HAWK,US 218,US 218/1ST INNERLEG/2ND INNERLEG & AIRPORT BLVD,Collision with:  Vehicle in traffic,On Roadway,Rear-end (front to rear),Other (explain in narrative):  Other,None Indicated,,Daylight,Dry,Cloudy,None apparent,Intersection:  Four-way intersection,Paved,,Property Damage Only,0,0,0,0,0,0,3500,2,2,,POINT (-92.394348350981 42.537988504374)
2014824315,20140032344,10/30/2014,10-October,5-Thursday,12:06,1200 Hours,District 1 (Central),DES MOINES,POLK,,LYON ST,Collision with:  Vehicle in traffic,On Roadway,Head-on (front to front),Traveling wrong way or on wrong side of road,None Indicated,,Daylight,Dry,Clear,None apparent,Non-intersection:  Non-junction/no special feature,Paved,,Property Damage Only,0,0,0,0,0,0,5000,2,2,,POINT (-93.607145343699 41.593746985092)
2014824305,14022998,10/30/2014,10-October,5-Thursday,14:39,1400 Hours,District 6 (East Central),MARION,LINN,IA 100,IA 100/COLLINS RD SE & E POST RD,Collision with:  Vehicle in traffic,On Roadway,"Angle, oncoming left turn",Ran Traffic Signal,None Indicated,,Daylight,Dry,Clear,None apparent,Intersection:  Four-way intersection,Paved,,Minor Injury,0,1,0,1,0,0,13000,2,2,,POINT (-91.599347790101 42.015364302084)
2014824843,14-001263,10/30/2014,10-October,5-Thursday,10:48,1000 Hours,District 1 (Central),GILBERT,STORY,,MAIN ST,Collision with:  Vehicle in traffic,On Roadway,Rear-end (front to rear),Improper Backing,None Indicated,,Daylight,Dry,Clear,None apparent,Non-intersection:  Non-junction/no special feature,Paved,,Property Damage Only,0,0,0,0,0,0,1500,2,777,,POINT (-93.649489491803 42.107103520562)
2014824150,20140032299,10/30/2014,10-October,5-Thursday,07:46,0700 Hours,District 1 (Central),DES MOINES,POLK,IA 28,IA 28/63RD ST,Collision with:  Vehicle in traffic,On Roadway,Rear-end (front to rear),Driving too fast for conditions,None Indicated,,Daylight,Wet,Cloudy,None apparent,Non-intersection:  Non-junction/no special feature,Paved,,Property Damage Only,0,0,0,0,0,0,7500,2,2,,POINT (-93.703425735759 41.581912149404)
2014824442,14-5471,10/30/2014,10-October,5-Thursday,15:57,1500 Hours,District 1 (Central),WEST DES MOINES,POLK,,COLT DR,Collision with fixed object:  Utility pole/light support,Outside trafficway,Non-collision (single vehicle),Exceeded authorized speed,Refused,,Daylight,Dry,Clear,None apparent,Non-intersection:  Non-junction/no special feature,Paved,,Property Damage Only,0,0,0,0,0,0,11000,1,1,,POINT (-93.782724320621 41.582111206337)
2014826018,14003747,10/30/2014,10-October,5-Thursday,16:37,1600 Hours,District 5 (Southeast),,KEOKUK,,Co Rd G67/300TH ST & Co Rd W15/323RD AVE,Collision with:  Vehicle in traffic,On Roadway,"Angle, oncoming left turn",Other (explain in narrative):  Other,None Indicated,,Daylight,Dry,Clear,None apparent,Intersection:  Four-way intersection,Paved,,Property Damage Only,0,0,0,0,0,0,3000,2,2,,POINT (-91.978242403317 41.222009969778)
2014824252,2014-23560,10/30/2014,10-October,5-Thursday,06:23,0600 Hours,District 5 (Southeast),ACKWORTH,WARREN,IA 92,IA 92/IOWA 92,Collision with:  Animal,On Roadway,Non-collision (single vehicle),Animal,None Indicated,,Dark - roadway lighted,Dry,Clear,None apparent,Non-intersection:  Non-junction/no special feature,Paved,,Possible/Unknown,0,1,0,0,1,0,6000,1,1,,POINT (-93.47834072415 41.365818110977)
2014825273,201403948,10/30/2014,10-October,5-Thursday,08:59,0800 Hours,District 6 (East Central),,LINN,I-380,I-380,Collision with:  Animal,,Non-collision (single vehicle),Animal,None Indicated,,,,,,,Paved,,Property Damage Only,0,0,0,0,0,0,4500,1,1,,POINT (-91.766775901316 42.163259769903)
2014824406,4514-046,10/30/2014,10-October,5-Thursday,15:55,1500 Hours,District 2 (Northeast),,HOWARD,US 63,US 63,Non-collision events:  Other non-collision (explain in narrative),Shoulder,Non-collision (single vehicle),Crossed centerline (undivided),None Indicated,,Daylight,Dry,Cloudy,None apparent,Non-intersection:  Non-junction/no special feature,Paved,,Property Damage Only,0,0,0,0,0,0,4000,2,4,,POINT (-92.298179820688 43.380542911754)
2014824448,14-5470,10/30/2014,10-October,5-Thursday,15:57,1500 Hours,District 1 (Central),WEST DES MOINES,POLK,,55TH ST,Collision with:  Vehicle in traffic,On Roadway,"Sideswipe, same direction",Exceeded authorized speed,Refused,,Daylight,Dry,Clear,None apparent,Non-intersection:  Non-junction/no special feature,Paved,,Property Damage Only,0,0,0,0,0,0,10200,2,1,,POINT (-93.78233184061 41.582393101345)
2014824538,14-004705,10/30/2014,10-October,5-Thursday,21:36,2100 Hours,District 1 (Central),ANKENY,POLK,I-35,I-35 & IA 160/SE ORALABOR RD & NE 78TH AVE,Collision with:  Vehicle in traffic,On Roadway,"Sideswipe, same direction",Crossed centerline (undivided),None Indicated,,Dark - roadway lighted,Dry,Clear,None apparent,Intersection:  Four-way intersection,Paved,,Property Damage Only,0,0,0,0,0,0,4000,2,3,,POINT (-93.574265520642 41.702875622816)
2014824500,14016181,10/30/2014,10-October,5-Thursday,15:35,1500 Hours,District 6 (East Central),,CEDAR,I-80,I-80,Collision with fixed object:  Guardrail - face,Roadside,Non-collision (single vehicle),Ran off road - left,None Indicated,,Daylight,Dry,Cloudy,None apparent,Non-intersection:  Non-junction/no special feature,Paved,,Property Damage Only,0,0,0,0,0,0,6000,1,1,,POINT (-91.262451487865 41.663450883482)
2014825202,2014-039208,10/30/2014,10-October,5-Thursday,18:49,1800 Hours,District 6 (East Central),DUBUQUE,DUBUQUE,US 61,US 61,Collision with:  Animal,,,Animal,None Indicated,,,,,,,Paved,,Property Damage Only,0,0,0,0,0,0,2000,1,1,,POINT (-90.693427894278 42.422724499015)
2014824389,2014-013502,10/30/2014,10-October,5-Thursday,23:21,2300 Hours,District 6 (East Central),DUBUQUE,DUBUQUE,IA 32,IA 32,Collision with:  Animal,,,Animal,None Indicated,,,,,,,Paved,,Property Damage Only,0,0,0,0,0,0,2000,1,1,,POINT (-90.705665221096 42.531627779087)
2014826807,201416240,10/30/2014,10-October,5-Thursday,07:40,0700 Hours,District 6 (East Central),CEDAR RAPIDS,LINN,,GLEN ELM DR NE & 42ND ST NE,Collision with:  Vehicle in traffic,On Roadway,Rear-end (front to rear),Lost Control,None Indicated,,Daylight,Dry,Clear,None apparent,Non-intersection:  Non-junction/no special feature,Paved,,Property Damage Only,0,0,0,0,0,0,8500,3,4,,POINT (-91.684615488685 42.021705038685)
2014828261,S79140353,10/30/2014,10-October,5-Thursday,18:49,1800 Hours,District 1 (Central),,POWESHIEK,,Co Rd V18/V18 RD,Collision with:  Animal,,Non-collision (single vehicle),Animal,None Indicated,,,,,,,Paved,,Property Damage Only,0,0,0,0,0,0,3100,1,1,,POINT (-92.449079414262 41.688299332498)
2014824730,2014061128,10/30/2014,10-October,5-Thursday,05:40,0500 Hours,District 4 (Southwest),,CASS,I-80,I-80,Collision with:  Animal,,,Animal,None Indicated,,,,,,,Paved,,Property Damage Only,0,0,0,0,0,0,13000,1,1,,POINT (-94.737477929267 41.496627494378)
2014824321,20140032396,10/30/2014,10-October,5-Thursday,23:46,2300 Hours,District 1 (Central),DES MOINES,POLK,,UNIVERSITY AVE,Collision with fixed object:  Other fixed object (explain in narrative),Outside trafficway,Non-collision (single vehicle),Made improper turn,Alcohol (Statutory),,Dark - roadway lighted,Dry,Clear,None apparent,Non-intersection:  Non-junction/no special feature,Paved,,Property Damage Only,0,0,0,0,0,0,31000,1,1,,POINT (-93.629842044762 41.600668543424)
2014824379,14-22166,10/30/2014,10-October,5-Thursday,17:50,1700 Hours,District 6 (East Central),DAVENPORT,SCOTT,,Co Rd F55/210 ST,Non-collision events:  Other non-collision (explain in narrative),Shoulder,Non-collision (single vehicle),Ran off road - right,None Indicated,,Dusk,Dry,Clear,None apparent,Non-intersection:  Non-junction/no special feature,Paved,,Minor Injury,0,1,0,1,0,0,1501,1,3,,POINT (-90.544926233925 41.611154551765)