Iowa DOT Case Number,Law Enforcement Case Number,Date of Crash,Month of Crash,Day of Week,Time of Crash,Hour,DOT District,City Name,County Name,Route with System,Location Description,First Harmful Event,Location of First Harmful Event,Manner of Crash/Collision,Major Cause,Drug or Alcohol ,Environmental Conditions,Light Conditions,Surface Conditions,Weather Conditions,Roadway Contribution,Roadway Type,Roadway Surface,Work Zone,Crash Severity,Number of Fatalities,Number of Injuries,Number of Major Injuries,Number of Minor Injuries,Number of Possible Injuries,Number of Unknown Injuries,Amount of Property Damage,Number of Vehicles Involved,Total Number of Occupants,Travel Direction,Location
2014828629,14-12730,10/31/2014,10-October,6-Friday,08:26,0800 Hours,District 3 (Northwest),HULL,SIOUX,,5TH ST & CHESTNUT ST,Collision with:  Vehicle in traffic,On Roadway,"Angle, oncoming left turn",FTYROW:  Other (explain in narrative),None Indicated,,Daylight,Dry,Clear,None apparent,Intersection:  T-intersection,Paved,,Property Damage Only,0,0,0,0,0,0,4200,2,3,,POINT (-96.127729973111 43.192731092824)
2014826967,14-006354,10/31/2014,10-October,6-Friday,17:06,1700 Hours,District 2 (Northeast),PARKERSBURG,BUTLER,,WEMPLE ST & N JOHNSON ST,Collision with fixed object:  Other fixed object (explain in narrative),On Roadway,Non-collision (single vehicle),Ran off road - straight,None Indicated,,Daylight,Dry,Cloudy,None apparent,Non-intersection:  Non-junction/no special feature,Paved,,Possible/Unknown,0,1,0,0,1,0,2500,1,3,,POINT (-92.781094943789 42.575258954766)
2014827983,,10/31/2014,10-October,6-Friday,16:15,1600 Hours,District 4 (Southwest),,MILLS,US 34,US 34,Collision with:  Animal,On Roadway,Non-collision (single vehicle),Animal,None Indicated,,Daylight,Dry,Clear,,Non-intersection:  Non-junction/no special feature,Paved,,Property Damage Only,0,0,0,0,0,0,11000,1,1,,POINT (-95.767471650653 41.043254371088)
2014826099,2014061420,10/31/2014,10-October,6-Friday,19:46,1900 Hours,District 6 (East Central),,CEDAR,I-80,I-80,Collision with:  Animal,,Non-collision (single vehicle),Animal,None Indicated,,,,,,,Paved,,Property Damage Only,0,0,0,0,0,0,2000,1,1,,POINT (-91.063563187805 41.642194896349)
2014824308,14-7192,10/31/2014,10-October,6-Friday,07:21,0700 Hours,District 1 (Central),GRIMES,POLK,,S JAMES ST,Collision with:  Vehicle in traffic,On Roadway,Rear-end (front to rear),Other (explain in narrative):  Other,None Indicated,,Dawn,Dry,Clear,None apparent,Non-intersection:  Non-junction/no special feature,Paved,,Property Damage Only,0,0,0,0,0,0,3000,2,2,,POINT (-93.794416601872 41.658051456906)
2014825292,148674PD,10/31/2014,10-October,6-Friday,12:54,1200 Hours,District 1 (Central),BOONE,BOONE,,PARK AVE & S STORY ST,Collision with:  Vehicle in traffic,On Roadway,"Sideswipe, opposite direction",FTYROW:  Making left turn,None Indicated,,Daylight,Dry,Cloudy,None apparent,Intersection:  Four-way intersection,Paved,,Possible/Unknown,0,1,0,0,1,0,7000,2,2,,POINT (-93.879904304359 42.048079892571)
2014824788,2014-76033,10/31/2014,10-October,6-Friday,08:02,0800 Hours,District 6 (East Central),DAVENPORT,SCOTT,,ROCKINGHAM RD & S DIVISION ST,Collision with:  Vehicle in traffic,On Roadway,Broadside (front to side),FTYROW:  From stop sign,None Indicated,,Daylight,Dry,Clear,None apparent,Intersection:  T-intersection,Paved,,Property Damage Only,0,0,0,0,0,0,6000,2,3,,POINT (-90.601754724671 41.519282729412)
2014824503,"16,617-14",10/31/2014,10-October,6-Friday,18:29,1800 Hours,District 3 (Northwest),SPENCER,CLAY,US 18,US 18/S GRAND AVE,Collision with:  Vehicle in traffic,On Roadway,Broadside (front to side),FTYROW:  From driveway,None Indicated,,Dusk,Dry,Cloudy,None apparent,Non-intersection:  Driveway access (within),Paved,,Property Damage Only,0,0,0,0,0,0,4000,2,3,,POINT (-95.143842481064 43.129981327719)
2014824485,W14-108434,10/31/2014,10-October,6-Friday,17:08,1700 Hours,District 2 (Northeast),WATERLOO,BLACK HAWK,,JANNEY AVE & ENGLEWOOD AVE,Collision with:  Vehicle in traffic,On Roadway,Broadside (front to side),FTYROW:  At uncontrolled intersection,None Indicated,,Daylight,Dry,Clear,None apparent,Intersection:  Four-way intersection,Paved,,Property Damage Only,0,0,0,0,0,0,6000,2,2,,POINT (-92.37078795575 42.497587604408)
2014824854,14-013318,10/31/2014,10-October,6-Friday,17:36,1700 Hours,District 1 (Central),,TAMA,,F AVE,Collision with:  Animal,,,Animal,None Indicated,,,,,,,Unpaved,,Property Damage Only,0,0,0,0,0,0,1501,1,1,,POINT (-92.669334174055 42.109437871135)
2014825065,14-257,10/31/2014,10-October,6-Friday,21:15,2100 Hours,District 4 (Southwest),,TAYLOR,,Co Rd J20/130TH ST,Collision with:  Animal,,,Animal,None Indicated,,,,,,,Paved,,Property Damage Only,0,0,0,0,0,0,1500,1,1,,POINT (-94.809034367616 40.856830317249)
2014826816,201416338,10/31/2014,10-October,6-Friday,20:14,2000 Hours,District 6 (East Central),CEDAR RAPIDS,LINN,,BLAIRS FERRY RD NE,Collision with:  Animal,On Roadway,Non-collision (single vehicle),Animal,None Indicated,,Dark - roadway lighted,Dry,Clear,None apparent,Non-intersection:  Non-junction/no special feature,Paved,,Property Damage Only,0,0,0,0,0,0,5000,1,1,,POINT (-91.650583015369 42.035188730178)
2014825075,C14-0000794,10/31/2014,10-October,6-Friday,17:39,1700 Hours,District 2 (Northeast),ELKADER,CLAYTON,,Co Rd X16/GUNDER RD & MILLER ST NE,Collision with:  Vehicle in traffic,On Roadway,"Angle, oncoming left turn",FTYROW:  From stop sign,None Indicated,,Daylight,Dry,Clear,None apparent,Intersection:  T-intersection,Paved,,Property Damage Only,0,0,0,0,0,0,2000,2,4,,POINT (-91.398980936789 42.867866808725)
2014825268,2014003960,10/31/2014,10-October,6-Friday,05:19,0500 Hours,District 6 (East Central),,LINN,IA 13,IA 13/IOWA 13,Collision with:  Animal,,Non-collision (single vehicle),Animal,None Indicated,,,,,,,Paved,,Property Damage Only,0,0,0,0,0,0,2000,1,1,,POINT (-91.535891310538 42.189968130986)
2014825284,14-8685PD,10/31/2014,10-October,6-Friday,18:31,1800 Hours,District 1 (Central),BOONE,BOONE,,PARK AVE & S STORY ST,Collision with:  Vehicle in traffic,On Roadway,"Angle, oncoming left turn",FTYROW:  Making left turn,None Indicated,,Dark - roadway lighted,Dry,Clear,None apparent,Intersection:  Four-way intersection,Paved,,Property Damage Only,0,0,0,0,0,0,12000,2,2,,POINT (-93.879904180459 42.048070887242)
2014824904,,10/31/2014,10-October,6-Friday,13:22,1300 Hours,District 5 (Southeast),CHARITON,LUCAS,,S 8TH ST,Collision with:  Vehicle in traffic,On Roadway,"Angle, oncoming left turn",Unknown,None Indicated,,Daylight,Dry,Clear,None apparent,Non-intersection:  Non-junction/no special feature,Paved,,Property Damage Only,0,0,0,0,0,0,3500,2,2,,POINT (-93.305381900001 41.013143289085)
2014824958,14-36115,10/31/2014,10-October,6-Friday,14:35,1400 Hours,District 3 (Northwest),SIOUX CITY,WOODBURY,I-29,I-29,Collision with:  Vehicle in traffic,On Roadway,Rear-end (front to rear),Followed too close,None Indicated,,Daylight,Dry,Clear,Work Zone (roadway-related),Non-intersection:  Non-junction/no special feature,Paved,Yes,Property Damage Only,0,0,0,0,0,0,2500,2,6,,POINT (-96.38820814801 42.480488033199)
2014824983,14-015315,10/31/2014,10-October,6-Friday,18:30,1800 Hours,District 2 (Northeast),WEST UNION,FAYETTE,,Co Rd B40/GREAT RIVER RD,Collision with:  Animal,,,Animal,None Indicated,,,,,,,Paved,,Property Damage Only,0,0,0,0,0,0,4000,1,1,,POINT (-91.789145218987 43.033911668034)
2014826701,14019117,10/31/2014,10-October,6-Friday,11:13,1100 Hours,District 2 (Northeast),MASON CITY,CERRO GORDO,IA 122,IA 122/4TH ST SE & S ILLINOIS AVE,Collision with:  Vehicle in traffic,On Roadway,Head-on (front to front),Other (explain in narrative):  Other,None Indicated,,Daylight,Dry,Clear,None apparent,Non-intersection:  Non-junction/no special feature,Paved,,Possible/Unknown,0,1,0,0,1,0,9000,2,2,,POINT (-93.171142480641 43.14806869754)
2014825570,,10/31/2014,10-October,6-Friday,18:00,1800 Hours,District 6 (East Central),BETTENDORF,SCOTT,US 67,US 67/GRANT ST & 10TH ST,Collision with:  Vehicle in traffic,On Roadway,Rear-end (front to rear),Unknown,None Indicated,,Dusk,Dry,Clear,,Intersection:  Four-way intersection,Paved,,Property Damage Only,0,0,0,0,0,0,9000,2,2,,POINT (-90.519053364385 41.526245553746)
2014824677,2014-22239,10/31/2014,10-October,6-Friday,18:32,1800 Hours,District 6 (East Central),DAVENPORT,SCOTT,I-280,I-280,Collision with:  Animal,,,Animal,None Indicated,,,,,,,Paved,,Property Damage Only,0,0,0,0,0,0,7000,1,1,,POINT (-90.674006140732 41.524586291795)
2014825079,,10/31/2014,10-October,6-Friday,10:44,1000 Hours,District 4 (Southwest),MALVERN,MILLS,,MAIN ST,Collision with:  Parked motor vehicle,Outside trafficway,Rear-end (front to rear),Separation of units,None Indicated,,Daylight,Dry,Clear,None apparent,Non-intersection:  Non-junction/no special feature,Paved,,Property Damage Only,0,0,0,0,0,0,4000,2,1,,POINT (-95.585174644483 41.000168403079)
2014826812,201416308,10/31/2014,10-October,6-Friday,12:35,1200 Hours,District 6 (East Central),CEDAR RAPIDS,LINN,IA 922,IA 922/WILLIAMS BLVD & 16TH AVE SW,Collision with:  Vehicle in traffic,On Roadway,Broadside (front to side),Ran Traffic Signal,None Indicated,,Daylight,Dry,Clear,None apparent,Intersection:  Four-way intersection,Paved,,Property Damage Only,0,0,0,0,0,0,7500,2,2,,POINT (-91.708856917551 41.963177301349)
2014824862,2014-1762,10/31/2014,10-October,6-Friday,20:44,2000 Hours,District 1 (Central),GRAND JUNCTION,GREENE,US 30,US 30/220TH,Collision with:  Animal,On Roadway,Non-collision (single vehicle),Animal,None Indicated,,Dark - roadway lighted,Dry,Clear,None apparent,Non-intersection:  Non-junction/no special feature,Paved,,Property Damage Only,0,0,0,0,0,0,4000,1,1,,POINT (-94.177656969897 42.034350875555)
2014824610,14-033876,10/31/2014,10-October,6-Friday,22:23,2200 Hours,District 5 (Southeast),DONNELLSON,LEE,IA 2,IA 2/IOWA 2,Collision with:  Animal,,,Animal,None Indicated,,,,,,,Paved,,Property Damage Only,0,0,0,0,0,0,8500,1,1,,POINT (-91.445840185608 40.630965397785)
2014825162,14-005129,10/31/2014,10-October,6-Friday,16:24,1600 Hours,District 1 (Central),AMES,STORY,,MORTENSON PKWY & UNIVERSITY BLVD,Collision with:  Vehicle in traffic,On Roadway,Rear-end (front to rear),Followed too close,None Indicated,,Daylight,Dry,Clear,None apparent,Intersection:  T-intersection,Paved,,Property Damage Only,0,0,0,0,0,0,3400,2,2,,POINT (-93.639269996911 42.008368412509)
2014824289,W14-108288,10/31/2014,10-October,6-Friday,09:20,0900 Hours,District 2 (Northeast),WATERLOO,BLACK HAWK,,E 3RD ST & SYCAMORE ST,Collision with:  Vehicle in traffic,On Roadway,Broadside (front to side),FTYROW:  From stop sign,None Indicated,,Daylight,Dry,Clear,None apparent,Intersection:  Four-way intersection,Paved,,Property Damage Only,0,0,0,0,0,0,2800,2,2,,POINT (-92.338138480046 42.499664162728)
2014824613,14-33868,10/31/2014,10-October,6-Friday,21:32,2100 Hours,District 5 (Southeast),FORT MADISON,LEE,,Co Rd X23/WEST POINT RD,Collision with:  Animal,,,Animal,None Indicated,,,,,,,Paved,,Property Damage Only,0,0,0,0,0,0,1500,1,1,,POINT (-91.424089572169 40.645309032041)
2014824872,14-11998,10/31/2014,10-October,6-Friday,23:20,2300 Hours,District 3 (Northwest),,SAC,US 20,US 20,Collision with:  Animal,On Roadway,Non-collision (single vehicle),Animal,None Indicated,,Dark - roadway not lighted,Dry,Clear,None apparent,Non-intersection:  Non-junction/no special feature,Paved,,Property Damage Only,0,0,0,0,0,0,10000,1,2,,POINT (-95.013288383157 42.453774640775)
2014828404,S79140354,10/31/2014,10-October,6-Friday,20:30,2000 Hours,District 1 (Central),,POWESHIEK,I-80,I-80,Collision with:  Vehicle in traffic,On Roadway,"Sideswipe, same direction",Swerving/Evasive Action,None Indicated,,Dark - roadway not lighted,Dry,Clear,None apparent,Non-intersection:  Non-junction/no special feature,Paved,,Property Damage Only,0,0,0,0,0,0,13000,2,6,,POINT (-92.599007232908 41.695792680191)
2014824819,14-017189,10/31/2014,10-October,6-Friday,17:37,1700 Hours,District 2 (Northeast),,FLOYD,US 18,US 18,Collision with:  Vehicle in traffic,On Roadway,Rear-end (front to rear),Unknown,None Indicated,,Dusk,Dry,Cloudy,None apparent,Non-intersection:  Crossover-related,Paved,,Minor Injury,0,2,0,1,1,0,10500,2,3,,POINT (-92.835150892749 43.126421221855)
2014824846,14-001269,10/31/2014,10-October,6-Friday,01:30,0100 Hours,District 1 (Central),NEVADA,STORY,,600TH AVE & 220TH ST,Non-collision events:  Overturn/rollover,On Roadway,Non-collision (single vehicle),Ran off road - left,None Indicated,,Dark - roadway not lighted,"Mud, dirt",Clear,None apparent,Non-intersection:  Non-junction/no special feature,Paved,,Property Damage Only,0,0,0,0,0,0,5000,1,1,,POINT (-93.501964534938 42.034656718312)
2014824327,20140032440,10/31/2014,10-October,6-Friday,12:38,1200 Hours,District 1 (Central),DES MOINES,POLK,US 69,US 69/E 15TH ST & CAPITOL AVE,Collision with:  Vehicle in traffic,On Roadway,"Sideswipe, same direction",Made improper turn,None Indicated,,Daylight,Dry,Clear,None apparent,Non-intersection:  Non-junction/no special feature,Paved,,Property Damage Only,0,0,0,0,0,0,1500,2,3,,POINT (-93.59493579645 41.592991154999)
2014824831,2014012228,10/31/2014,10-October,6-Friday,15:46,1500 Hours,District 6 (East Central),IOWA CITY,JOHNSON,US 6,US 6 & S 1ST AVE,Collision with:  Vehicle in traffic,On Roadway,Rear-end (front to rear),Followed too close,None Indicated,,Daylight,Dry,Clear,None apparent,Intersection:  T-intersection,Paved,,Property Damage Only,0,0,0,0,0,0,3000,2,2,,POINT (-91.507412384701 41.640782989663)
2014824960,14-36131,10/31/2014,10-October,6-Friday,16:15,1600 Hours,District 3 (Northwest),SIOUX CITY,WOODBURY,,W 40TH ST & COUNTRY CLUB BLVD,Collision with:  Vehicle in traffic,On Roadway,Broadside (front to side),FTYROW:  From stop sign,None Indicated,,Daylight,Dry,Clear,None apparent,Intersection:  Four-way intersection,Paved,,Property Damage Only,0,0,0,0,0,0,3000,2,4,,POINT (-96.413000951883 42.539271048428)
2014828112,14-28868,10/31/2014,10-October,6-Friday,03:29,0300 Hours,District 1 (Central),NEWTON,JASPER,,S 7TH AVE W & W 7TH ST S,Collision with:  Parked motor vehicle,Unknown,Head-on (front to front),Exceeded authorized speed,None Indicated,,Dark - roadway lighted,Dry,Clear,None apparent,Non-intersection:  Non-junction/no special feature,Paved,,Property Damage Only,0,0,0,0,0,0,8500,3,1,,POINT (-93.061672623245 41.693710502967)
2014824382,14-5479,10/31/2014,10-October,6-Friday,07:40,0700 Hours,District 1 (Central),WEST DES MOINES,POLK,I-235,I-235,Collision with:  Vehicle in traffic,On Roadway,Rear-end (front to rear),Driving too fast for conditions,None Indicated,,Daylight,Dry,Clear,None apparent,Non-intersection:  Non-junction/no special feature,Paved,,Property Damage Only,0,0,0,0,0,0,4900,3,4,,POINT (-93.73465803356 41.592993870373)
2014824323,20140032409,10/31/2014,10-October,6-Friday,05:44,0500 Hours,District 1 (Central),DES MOINES,POLK,,GUTHRIE AVE & GLENBROOK DR,Collision with:  Parked motor vehicle,On Roadway,Rear-end (front to rear),Other (explain in narrative):  No improper action,None Indicated,,Dark - roadway lighted,Dry,Clear,None apparent,Non-intersection:  Non-junction/no special feature,Paved,,Property Damage Only,0,0,0,0,0,0,6500,2,1,,POINT (-93.593397500607 41.61498575983)
2014831276,K14-033836,10/31/2014,10-October,6-Friday,16:12,1600 Hours,District 5 (Southeast),KEOKUK,LEE,,17TH ST S & BANK ST,Collision with:  Vehicle in traffic,On Roadway,"Angle, oncoming left turn",Unknown,None Indicated,,Daylight,Dry,Clear,None apparent,Intersection:  Four-way intersection,Paved,,Minor Injury,0,1,0,1,0,0,4000,2,3,,POINT (-91.396270528101 40.403292884983)
2014826101,2014061423,10/31/2014,10-October,6-Friday,20:15,2000 Hours,District 4 (Southwest),,ADAIR,,Co Rd P28/STUART RD,Collision with:  Animal,On Roadway,Non-collision (single vehicle),Animal,None Indicated,,Dark - roadway not lighted,Dry,Clear,None apparent,Non-intersection:  Non-junction/no special feature,Paved,,Property Damage Only,0,0,0,0,0,0,3500,1,4,,POINT (-94.318386694704 41.477201287719)
2014824773,14015468,10/31/2014,10-October,6-Friday,16:04,1600 Hours,District 5 (Southeast),,APPANOOSE,,Co Rd T40/272ND AVE,Collision with fixed object:  Ditch,Roadside,Non-collision (single vehicle),Swerving/Evasive Action,None Indicated,,Daylight,"Mud, dirt",Cloudy,None apparent,Non-intersection:  Non-junction/no special feature,Unpaved,,Fatal,1,0,0,0,0,0,1500,1,1,,POINT (-92.766855338858 40.73551923132)
2014826813,201416316,10/31/2014,10-October,6-Friday,14:04,1400 Hours,District 6 (East Central),CEDAR RAPIDS,LINN,,FRANKLIN AVE NE & 27TH ST NE,Collision with:  Vehicle in traffic,On Roadway,Broadside (front to side),Ran Stop Sign,None Indicated,,Daylight,Dry,Clear,None apparent,Intersection:  Four-way intersection,Paved,,Property Damage Only,0,0,0,0,0,0,9900,2,3,,POINT (-91.641484707761 42.004612841068)
2014824793,2014-76168,10/31/2014,10-October,6-Friday,19:23,1900 Hours,District 6 (East Central),DAVENPORT,SCOTT,US 67,US 67/NW RAMP & W 2ND ST & BROWN ST,Collision with:  Vehicle in traffic,On Roadway,Broadside (front to side),Ran Stop Sign,None Indicated,,Dark - roadway not lighted,Dry,Clear,None apparent,Intersection:  Four-way intersection,Paved,,Property Damage Only,0,0,0,0,0,0,2000,2,3,,POINT (-90.584447258465 41.521298003472)
2014826853,14-006208,10/31/2014,10-October,6-Friday,09:00,0900 Hours,District 2 (Northeast),,HANCOCK,,Co Rd B55/160TH ST,Collision with:  Vehicle in traffic,On Roadway,Rear-end (front to rear),Followed too close,None Indicated,,Daylight,Dry,Clear,None apparent,Intersection:  Four-way intersection,Paved,,Minor Injury,0,2,0,1,1,0,11000,2,2,,POINT (-93.891417645764 42.995071668233)
2014824550,14-1321,10/31/2014,10-October,6-Friday,07:20,0700 Hours,District 1 (Central),CLIVE,POLK,US 6,US 6/HICKMAN RD,Collision with:  Vehicle in traffic,On Roadway,Rear-end (front to rear),Followed too close,None Indicated,,Dawn,Dry,Clear,None apparent,Non-intersection:  Non-junction/no special feature,Paved,,Property Damage Only,0,0,0,0,0,0,1500,2,2,,POINT (-93.777251276632 41.614889507124)
2014824455,14-006479,10/31/2014,10-October,6-Friday,08:05,0800 Hours,District 3 (Northwest),PRIMGHAR,OBRIEN,,1ST ST SW & 1ST ST SE & S HAYES AVE,Collision with:  Parked motor vehicle,On Roadway,Broadside (front to side),Other (explain in narrative):  Vision obstructed,None Indicated,,Daylight,Dry,Clear,None apparent,Non-intersection:  Non-junction/no special feature,Paved,,Property Damage Only,0,0,0,0,0,0,3173,2,4,,POINT (-95.626932588684 43.086345723161)
2014825302,2014061324,10/31/2014,10-October,6-Friday,08:25,0800 Hours,District 3 (Northwest),,CLAY,,Co Rd B40/400TH ST & Co Rd M38/190TH AVE,Collision with:  Vehicle in traffic,On Roadway,Broadside (front to side),Ran Stop Sign,None Indicated,,Daylight,Dry,Clear,None apparent,Intersection:  Four-way intersection,Paved,,Fatal,1,1,0,1,0,0,26000,2,2,,POINT (-95.210687438331 43.068594893134)
2014824830,2014012221,10/31/2014,10-October,6-Friday,11:06,1100 Hours,District 6 (East Central),IOWA CITY,JOHNSON,,W BENTON ST & GREENWOOD DR,Collision with:  Vehicle in traffic,On Roadway,Rear-end (front to rear),Followed too close,None Indicated,,Daylight,Dry,Clear,None apparent,Intersection:  T-intersection,Paved,,Property Damage Only,0,0,0,0,0,0,2000,2,2,,POINT (-91.55034934193 41.650420552389)
2014826814,201416320,10/31/2014,10-October,6-Friday,14:33,1400 Hours,District 6 (East Central),CEDAR RAPIDS,LINN,,KIRKWOOD BLVD SW,Collision with:  Vehicle in traffic,On Roadway,Rear-end (front to rear),Followed too close,None Indicated,,Daylight,Dry,Clear,None apparent,Non-intersection:  Non-junction/no special feature,Paved,,Property Damage Only,0,0,0,0,0,0,5500,2,3,,POINT (-91.656770772675 41.924824429684)
2014824716,14-21303,10/31/2014,10-October,6-Friday,17:35,1700 Hours,District 6 (East Central),BETTENDORF,SCOTT,,53RD AVE & DEVILS GLEN RD,Collision with fixed object:  Utility pole/light support,On Roadway,Non-collision (single vehicle),Ran Traffic Signal,Alcohol (Statutory),,Daylight,Dry,Clear,None apparent,Intersection:  Four-way intersection,Paved,,Property Damage Only,0,0,0,0,0,0,7800,1,1,,POINT (-90.483502758518 41.573917633353)
2014824812,14-21309,10/31/2014,10-October,6-Friday,19:01,1900 Hours,District 6 (East Central),BETTENDORF,SCOTT,I-74,I-74,Collision with fixed object:  Traffic sign support,Shoulder,Non-collision (single vehicle),Ran off road - right,None Indicated,,Dark - roadway lighted,Dry,Clear,None apparent,"Interchange-related:  Off-ramp, diverge area",Paved,,Property Damage Only,0,0,0,0,0,0,5000,1,1,,POINT (-90.51605720713 41.534385641415)
2014824593,14-2445,10/31/2014,10-October,6-Friday,16:11,1600 Hours,District 1 (Central),URBANDALE,POLK,IA 28,IA 28/MERLE HAY RD,Collision with:  Vehicle in traffic,On Roadway,Rear-end (front to rear),Other (explain in narrative):  Other,None Indicated,,Daylight,Dry,Clear,None apparent,Non-intersection:  Non-junction/no special feature,Paved,,Property Damage Only,0,0,0,0,0,0,3000,2,2,,POINT (-93.697712772935 41.644033566047)
2014824513,14-8026,10/31/2014,10-October,6-Friday,00:52,0000 Hours,District 3 (Northwest),,IDA,,Co Rd M15/JASPER AVE,Collision with:  Animal,,,Animal,None Indicated,,,,,,,Paved,,Property Damage Only,0,0,0,0,0,0,3250,1,1,,POINT (-95.478425126359 42.309415116562)
2014824847,14-001272,10/31/2014,10-October,6-Friday,15:30,1500 Hours,District 1 (Central),,JASPER,,N 115TH AVE W,Non-collision events:  Overturn/rollover,On Roadway,Non-collision (single vehicle),Swerving/Evasive Action,None Indicated,,Daylight,"Mud, dirt",Clear,None apparent,Non-intersection:  Non-junction/no special feature,Unpaved,,Property Damage Only,0,0,0,0,0,0,7500,1,1,,POINT (-93.294632081088 41.863023310785)
2014824577,20140032475,10/31/2014,10-October,6-Friday,20:10,2000 Hours,District 1 (Central),DES MOINES,POLK,,MERKLIN WAY & FRANCIS AVE,Collision with:  Vehicle in traffic,On Roadway,"Sideswipe, same direction",Made improper turn,None Indicated,,Dark - roadway lighted,Dry,Cloudy,None apparent,Non-intersection:  Non-junction/no special feature,Paved,,Property Damage Only,0,0,0,0,0,0,3000,2,2,,POINT (-93.696653969336 41.613730853312)
2014824574,20140032456,10/31/2014,10-October,6-Friday,15:41,1500 Hours,District 1 (Central),DES MOINES,POLK,I-235,I-235,Collision with:  Vehicle in traffic,On Roadway,Rear-end (front to rear),Followed too close,None Indicated,,Daylight,Dry,Clear,Unknown,Non-intersection:  Non-junction/no special feature,Paved,,Property Damage Only,0,0,0,0,0,0,1500,2,2,,POINT (-93.631368122552 41.59595839561)
2014836861,146388,10/31/2014,10-October,6-Friday,08:36,0800 Hours,District 1 (Central),,HARDIN,,Co Rd D20/ST HWY 941,Collision with:  Animal,On Roadway,Non-collision (single vehicle),Animal,None Indicated,,Daylight,Dry,Clear,None apparent,Non-intersection:  Non-junction/no special feature,Paved,,Possible/Unknown,0,1,0,0,1,0,500,1,1,,POINT (-93.320635200302 42.517544466455)
2014827984,,10/31/2014,10-October,6-Friday,06:20,0600 Hours,District 2 (Northeast),,WINNESHIEK,US 52,US 52,Collision with:  Animal,On Roadway,Non-collision (single vehicle),Animal,None Indicated,,Dawn,Dry,Clear,,Non-intersection:  Non-junction/no special feature,Paved,,Property Damage Only,0,0,0,0,0,0,5000,1,2,,POINT (-91.844586012203 43.246465615146)
2014824325,20140032418,10/31/2014,10-October,6-Friday,08:36,0800 Hours,District 1 (Central),DES MOINES,POLK,US 69,US 69/E 14TH ST & GARFIELD AVE,Collision with:  Parked motor vehicle,On Roadway,"Sideswipe, same direction",Over correcting/over steering,None Indicated,,Daylight,Dry,Clear,None apparent,Non-intersection:  Alley,Paved,,Property Damage Only,0,0,0,0,0,0,3500,2,1,,POINT (-93.600505669216 41.602329728558)
2014824457,14009412,10/31/2014,10-October,6-Friday,07:15,0700 Hours,District 6 (East Central),,DELAWARE,IA 3,IA 3/IOWA 3,Collision with:  Animal,,,Animal,None Indicated,,,,,,,Paved,,Property Damage Only,0,0,0,0,0,0,5000,1,1,,POINT (-91.146016376973 42.596695475296)
2014824535,14-7207,10/31/2014,10-October,6-Friday,14:00,1400 Hours,District 1 (Central),,POLK,,Co Rd F52/NE 46TH AVE & NE 22ND ST,Collision with:  Vehicle in traffic,On Roadway,Rear-end (front to rear),Followed too close,None Indicated,,Daylight,Dry,Clear,None apparent,Intersection:  Four-way intersection,Paved,,Property Damage Only,0,0,0,0,0,0,5000,2,3,,POINT (-93.581356665997 41.644131515357)
2014827550,2014012220,10/31/2014,10-October,6-Friday,10:58,1000 Hours,District 6 (East Central),IOWA CITY,JOHNSON,IA 1,IA 1/E BURLINGTON ST & S LINN ST,Collision with:  Vehicle in traffic,On Roadway,Rear-end (front to rear),Followed too close,None Indicated,,Daylight,Dry,Clear,None apparent,Non-intersection:  Non-junction/no special feature,Paved,,Property Damage Only,0,0,0,0,0,0,8000,2,2,,POINT (-91.531675127737 41.657848314581)
2014825428,2014061383,10/31/2014,10-October,6-Friday,13:32,1300 Hours,District 2 (Northeast),,CHICKASAW,,190TH ST & IVANHOE AVE,Collision with:  Vehicle in traffic,On Roadway,Rear-end (front to rear),Driving too fast for conditions,None Indicated,,Daylight,"Mud, dirt",Clear,None apparent,Non-intersection:  Driveway access (within),Unpaved,,Minor Injury,0,1,0,1,0,0,23500,2,2,,POINT (-92.377398462946 43.082919356974)
2014824666,14-5489,10/31/2014,10-October,6-Friday,16:10,1600 Hours,District 1 (Central),WEST DES MOINES,POLK,,VINE ST & 4TH ST,Collision with:  Vehicle in traffic,On Roadway,Broadside (front to side),FTYROW:  From stop sign,None Indicated,,Daylight,Dry,Clear,None apparent,Intersection:  Four-way intersection,Paved,,Property Damage Only,0,0,0,0,0,0,9000,2,7,,POINT (-93.707501790359 41.577266420688)
2014825855,201416328,10/31/2014,10-October,6-Friday,16:45,1600 Hours,District 6 (East Central),CEDAR RAPIDS,LINN,,C ST RD SW,Collision with:  Vehicle in traffic,On Roadway,Rear-end (front to rear),Other (explain in narrative):  Other,None Indicated,,Daylight,Dry,Clear,None apparent,Non-intersection:  Non-junction/no special feature,Paved,,Property Damage Only,0,0,0,0,0,0,13000,3,3,,POINT (-91.637270992812 41.921919691273)
2014825303,2014061406,10/31/2014,10-October,6-Friday,16:45,1600 Hours,District 5 (Southeast),,WARREN,I-35,I-35,Collision with:  Vehicle in traffic,On Roadway,Rear-end (front to rear),FTYROW:  Other (explain in narrative),None Indicated,,Daylight,Dry,Cloudy,Work Zone (roadway-related),Non-intersection:  Non-junction/no special feature,Paved,Yes,Property Damage Only,0,0,0,0,0,0,1600,2,3,,POINT (-93.780776601574 41.387186856302)
2014824693,14-39020,10/31/2014,10-October,6-Friday,12:42,1200 Hours,District 5 (Southeast),BURLINGTON,DES MOINES,,CENTRAL AVE,Collision with:  Parked motor vehicle,On Roadway,Broadside (front to side),FTYROW:  From parked position,None Indicated,,Daylight,Dry,Clear,None apparent,Non-intersection:  Non-junction/no special feature,Paved,,Property Damage Only,0,0,0,0,0,0,4000,2,1,,POINT (-91.109814496365 40.795960171461)