Iowa DOT Case Number,Law Enforcement Case Number,Date of Crash,Month of Crash,Day of Week,Time of Crash,Hour,DOT District,City Name,County Name,Route with System,Location Description,First Harmful Event,Location of First Harmful Event,Manner of Crash/Collision,Major Cause,Drug or Alcohol ,Environmental Conditions,Light Conditions,Surface Conditions,Weather Conditions,Roadway Contribution,Roadway Type,Roadway Surface,Work Zone,Crash Severity,Number of Fatalities,Number of Injuries,Number of Major Injuries,Number of Minor Injuries,Number of Possible Injuries,Number of Unknown Injuries,Amount of Property Damage,Number of Vehicles Involved,Total Number of Occupants,Travel Direction,Location
2014824644,2014-039222,10/31/2014,10-October,6-Friday,08:17,0800 Hours,District 6 (East Central),DUBUQUE,DUBUQUE,US 52,US 52/CENTRAL AVE & E 25TH ST,Collision with:  Vehicle in traffic,On Roadway,Broadside (front to side),FTYROW:  From stop sign,None Indicated,,Daylight,Dry,Clear,None apparent,Intersection:  T-intersection,Paved,,Property Damage Only,0,0,0,0,0,0,4300,2,2,,POINT (-90.673862567088 42.517514546512)
2014824626,14-009566,10/31/2014,10-October,6-Friday,23:59,2300 Hours,District 4 (Southwest),,CASS,I-80,I-80,Collision with:  Animal,,,Animal,None Indicated,,,,,,,Paved,,Property Damage Only,0,0,0,0,0,0,5000,1,1,,POINT (-95.129516432489 41.498320930762)
2014825164,14-005133,10/31/2014,10-October,6-Friday,19:25,1900 Hours,District 1 (Central),AMES,STORY,,LINCOLN WAY,Collision with:  Vehicle in traffic,On Roadway,Rear-end (front to rear),Followed too close,None Indicated,,Dark - roadway lighted,Dry,Clear,None apparent,Non-intersection:  Non-junction/no special feature,Paved,,Possible/Unknown,0,2,0,0,1,1,1000,2,3,,POINT (-93.678395405781 42.022995691188)
2014824652,2014012248,10/31/2014,10-October,6-Friday,22:18,2200 Hours,District 6 (East Central),IOWA CITY,JOHNSON,,GRYN DR & MORMON TREK BLVD,Collision with:  Vehicle in traffic,On Roadway,Rear-end (front to rear),Other (explain in narrative):  Other,None Indicated,,Dark - roadway lighted,Dry,Cloudy,None apparent,Non-intersection:  Non-junction/no special feature,Paved,,Property Damage Only,0,0,0,0,0,0,2000,2,2,,POINT (-91.572380409132 41.639770982128)
2014824519,14023083,10/31/2014,10-October,6-Friday,13:10,1300 Hours,District 6 (East Central),MARION,LINN,,S 31ST ST & BULLIS DR,Collision with:  Vehicle in traffic,On Roadway,"Sideswipe, opposite direction",Ran off road - right,None Indicated,,Daylight,Dry,Clear,None apparent,Non-intersection:  Non-junction/no special feature,Paved,,Possible/Unknown,0,2,0,0,2,0,7500,2,2,,POINT (-91.579153456912 42.021384482723)
2014824962,14-36137,10/31/2014,10-October,6-Friday,16:40,1600 Hours,District 3 (Northwest),SIOUX CITY,WOODBURY,,FLOYD BLVD,Collision with:  Vehicle in traffic,On Roadway,Broadside (front to side),Ran Traffic Signal,None Indicated,,Daylight,Dry,Cloudy,None apparent,Intersection:  Four-way intersection,Paved,,Property Damage Only,0,0,0,0,0,0,3000,2,5,,POINT (-96.371372489769 42.532526796093)
2014826699,14019108,10/31/2014,10-October,6-Friday,07:47,0700 Hours,District 2 (Northeast),MASON CITY,CERRO GORDO,IA 122,IA 122/IOWA 122/5TH ST SW & S MONROE AVE,Collision with:  Vehicle in traffic,On Roadway,Rear-end (front to rear),Followed too close,None Indicated,,Daylight,Dry,Clear,None apparent,Non-intersection:  Non-junction/no special feature,Paved,,Property Damage Only,0,0,0,0,0,0,3000,2,2,,POINT (-93.208637517474 43.14738513562)
2014824295,1410318021,10/31/2014,10-October,6-Friday,02:50,0200 Hours,District 6 (East Central),,CLINTON,IA 136,IA 136/IOWA 136,Collision with:  Animal,,,Animal,None Indicated,,,,,,,Paved,,Property Damage Only,0,0,0,0,0,0,1500,1,1,,POINT (-90.23966192715 41.873681403477)
2014825277,201403968,10/31/2014,10-October,6-Friday,14:00,1400 Hours,District 6 (East Central),,LINN,,Co Rd W45/TROY MILLS RD,Collision with:  Vehicle in traffic,On Roadway,"Sideswipe, opposite direction",Crossed centerline (undivided),None Indicated,,Daylight,Dry,Clear,None apparent,Non-intersection:  Non-junction/no special feature,Paved,,Property Damage Only,0,0,0,0,0,0,3300,2,2,,POINT (-91.682353237028 42.276275126481)
2014824810,S14-004360,10/31/2014,10-October,6-Friday,23:20,2300 Hours,District 4 (Southwest),,POTTAWATTAMIE,,Co Rd G30/MAGNOLIA RD,Collision with fixed object:  Ditch,On Roadway,Non-collision (single vehicle),Crossed centerline (undivided),Alcohol (Statutory),,Dark - roadway not lighted,Dry,Clear,None apparent,Non-intersection:  Non-junction/no special feature,Paved,,Minor Injury,0,1,0,1,0,0,20000,1,1,,POINT (-95.625868364695 41.377077915821)
2014824584,20140032441,10/31/2014,10-October,6-Friday,12:37,1200 Hours,District 1 (Central),DES MOINES,POLK,,UNIVERSITY AVE & 36TH ST,Collision with:  Vehicle in traffic,On Roadway,Broadside (front to side),Ran Stop Sign,None Indicated,,Daylight,Dry,Clear,None apparent,Intersection:  Four-way intersection,Paved,,Property Damage Only,0,0,0,0,0,0,3500,2,3,,POINT (-93.665490386276 41.600341613151)
2014824582,20140032443,10/31/2014,10-October,6-Friday,12:40,1200 Hours,District 1 (Central),DES MOINES,POLK,IA 5,IA 5/IOWA 5,Collision with:  Animal,On Roadway,Non-collision (single vehicle),Animal,None Indicated,,Daylight,Dry,Clear,None apparent,Non-intersection:  Non-junction/no special feature,Paved,,Property Damage Only,0,0,0,0,0,0,2500,1,1,,POINT (-93.6642011547 41.5143294463)
2014825009,2014-76158,10/31/2014,10-October,6-Friday,19:00,1900 Hours,District 6 (East Central),DAVENPORT,SCOTT,I-280,I-280,Collision with:  Vehicle in traffic,On Roadway,Rear-end (front to rear),Other (explain in narrative):  Other,None Indicated,,Dark - roadway not lighted,Dry,Clear,None apparent,Non-intersection:  Non-junction/no special feature,Paved,,Minor Injury,0,1,0,1,0,0,9000,2,2,,POINT (-90.634789481894 41.480897032331)
2014824663,14009705,10/31/2014,10-October,6-Friday,05:09,0500 Hours,District 6 (East Central),,BUCHANAN,IA 150,IA 150/JAMESTOWN AVE,Collision with:  Animal,,,Animal,None Indicated,,,,,,,Paved,,Property Damage Only,0,0,0,0,0,0,2000,1,1,,POINT (-91.889461794148 42.490466913348)
2014824951,S14-011247,10/31/2014,10-October,6-Friday,17:40,1700 Hours,District 3 (Northwest),,WOODBURY,US 75,US 75,Collision with:  Vehicle in traffic,On Roadway,"Sideswipe, same direction",Made improper turn,Alcohol (< Statutory),,Daylight,Dry,Cloudy,None apparent,Non-intersection:  Non-junction/no special feature,Paved,,Minor Injury,0,3,0,1,2,0,8000,2,10,,POINT (-96.323625456638 42.482102033333)
2014824861,2014-1760,10/31/2014,10-October,6-Friday,18:44,1800 Hours,District 1 (Central),JEFFERSON,GREENE,IA 25,IA 25/E AVE,Collision with:  Animal,On Roadway,Non-collision (single vehicle),Animal,None Indicated,,Dusk,Dry,Clear,None apparent,Non-intersection:  Non-junction/no special feature,Paved,,Property Damage Only,0,0,0,0,0,0,5000,1,1,,POINT (-94.551615266066 41.873012801387)
2014824472,14-3494,10/31/2014,10-October,6-Friday,11:38,1100 Hours,District 1 (Central),FORT DODGE,WEBSTER,,2ND AVE S & S 16TH ST,Collision with:  Vehicle in traffic,On Roadway,Broadside (front to side),FTYROW:  From yield sign,None Indicated,,Daylight,Dry,Clear,None apparent,Intersection:  Four-way intersection,Paved,,Property Damage Only,0,0,0,0,0,0,2000,2,2,,POINT (-94.176308105413 42.504084737912)
2014824496,W14-108316,10/31/2014,10-October,6-Friday,10:32,1000 Hours,District 2 (Northeast),WATERLOO,BLACK HAWK,,CEDAR ST & W 4TH ST,Collision with:  Vehicle in traffic,On Roadway,Head-on (front to front),FTYROW:  Making left turn,None Indicated,,Daylight,Dry,Clear,None apparent,Intersection:  Four-way intersection,Paved,,Possible/Unknown,0,1,0,0,1,0,18000,2,2,,POINT (-92.338955275846 42.496066544363)
2014826815,201416323,10/31/2014,10-October,6-Friday,15:36,1500 Hours,District 6 (East Central),CEDAR RAPIDS,LINN,IA 922,IA 922/1ST AVE E & 31ST ST NE,Collision with:  Vehicle in traffic,On Roadway,Rear-end (front to rear),Unknown,None Indicated,,Daylight,Dry,Clear,None apparent,Non-intersection:  Non-junction/no special feature,Paved,,Property Damage Only,0,0,0,0,0,0,9500,3,3,,POINT (-91.634879098965 42.008587337136)
2014824645,2014-039224,10/31/2014,10-October,6-Friday,08:38,0800 Hours,District 6 (East Central),DUBUQUE,DUBUQUE,US 20,US 20/DODGE ST,Collision with:  Vehicle in traffic,On Roadway,"Sideswipe, same direction",Made improper turn,None Indicated,,Daylight,Dry,Cloudy,None apparent,Non-intersection:  Non-junction/no special feature,Paved,,Property Damage Only,0,0,0,0,0,0,2500,2,2,,POINT (-90.739084194525 42.488517838651)
2014824697,CL14003873,10/31/2014,10-October,6-Friday,15:30,1500 Hours,District 6 (East Central),CLINTON,CLINTON,,7TH AVE S,Collision with:  Vehicle in traffic,On Roadway,Broadside (front to side),FTYROW:  From stop sign,None Indicated,,Daylight,Dry,Clear,None apparent,Intersection:  Four-way intersection,Paved,,Property Damage Only,0,0,0,0,0,0,4000,2,2,,POINT (-90.20192174742 41.838923980665)
2014825265,201400003975,10/31/2014,10-October,6-Friday,22:47,2200 Hours,District 6 (East Central),,LINN,US 30,US 30 & SKILLMAN RD,Collision with:  Animal,,Non-collision (single vehicle),Animal,None Indicated,,,,,,,Paved,,Property Damage Only,0,0,0,0,0,0,2000,1,1,,POINT (-91.50234030001 41.922265218152)
2014826819,2014163625,10/31/2014,10-October,6-Friday,16:13,1600 Hours,District 6 (East Central),CEDAR RAPIDS,LINN,,A AVE NE & 7TH ST NE,Collision with:  Vehicle in traffic,On Roadway,"Angle, oncoming left turn",FTYROW:  Making left turn,None Indicated,,Daylight,Dry,Clear,None apparent,Intersection:  Four-way intersection,Paved,,Property Damage Only,0,0,0,0,0,0,7250,2,3,,POINT (-91.664087492543 41.982776410248)
2014832273,145699,10/31/2014,10-October,6-Friday,18:29,1800 Hours,District 5 (Southeast),,MUSCATINE,IA 22,IA 22/IOWA 22,Collision with fixed object:  Ditch,On Roadway,Non-collision (single vehicle),Driving too fast for conditions,Under Influence of Alcohol/Drugs/Medications,,Dark - roadway not lighted,Dry,Clear,None apparent,Non-intersection:  Other non-intersection (explain in narrative),Paved,,Property Damage Only,0,0,0,0,0,0,3000,1,1,,POINT (-90.831306450029 41.461048446233)
2014824808,S14-004357,10/31/2014,10-October,6-Friday,17:55,1700 Hours,District 4 (Southwest),CRESCENT,POTTAWATTAMIE,,Co Rd G37/OLD MORMON BRIDGE RD,Collision with:  Vehicle in traffic,On Roadway,"Sideswipe, same direction",Other (explain in narrative):  Other,None Indicated,,Daylight,Dry,Clear,None apparent,Non-intersection:  Non-junction/no special feature,Paved,,Property Damage Only,0,0,0,0,0,0,5900,2,7,,POINT (-95.894995411015 41.356018201389)
2014825609,14-36087,10/31/2014,10-October,6-Friday,08:12,0800 Hours,District 3 (Northwest),SIOUX CITY,WOODBURY,,MORNINGSIDE AVE & S LAKEPORT ST & S PALMETTO ST,Collision with:  Vehicle in traffic,On Roadway,Broadside (front to side),Ran Traffic Signal,None Indicated,,Daylight,Dry,Clear,None apparent,Intersection:  Four-way intersection,Paved,,Possible/Unknown,0,1,0,0,1,0,2500,2,5,,POINT (-96.346540020538 42.470385927361)
2014824647,2014-039246,10/31/2014,10-October,6-Friday,21:00,2100 Hours,District 6 (East Central),DUBUQUE,DUBUQUE,,W 16TH ST,Collision with:  Vehicle in traffic,On Roadway,"Sideswipe, opposite direction",Lost Control,None Indicated,,Dark - roadway lighted,Dry,Clear,None apparent,Non-intersection:  Non-junction/no special feature,Paved,,Property Damage Only,0,0,0,0,0,0,12000,3,1,,POINT (-90.677587332397 42.505361057697)
2014824734,2014061299,10/31/2014,10-October,6-Friday,05:09,0500 Hours,District 4 (Southwest),,POTTAWATTAMIE,I-29,I-29,Collision with:  Animal,,,Animal,None Indicated,,,,,,,Paved,,Property Damage Only,0,0,0,0,0,0,5500,1,1,,POINT (-95.903062110643 41.50600969711)
2014824806,14-21280,10/31/2014,10-October,6-Friday,11:55,1100 Hours,District 6 (East Central),BETTENDORF,SCOTT,US 67,US 67/STATE ST & 39TH ST,Collision with:  Vehicle in traffic,On Roadway,Broadside (front to side),FTYROW:  Making left turn,None Indicated,,Daylight,Dry,Clear,None apparent,Intersection:  T-intersection,Paved,,Minor Injury,0,1,0,1,0,0,6500,3,4,,POINT (-90.479017415597 41.530426909993)
2014824461,14-046317,10/31/2014,10-October,6-Friday,09:22,0900 Hours,District 4 (Southwest),COUNCIL BLUFFS,POTTAWATTAMIE,US 6,US 6/W BROADWAY,Collision with:  Vehicle in traffic,On Roadway,Rear-end (front to rear),Followed too close,None Indicated,,Daylight,Dry,Clear,None apparent,Non-intersection:  Non-junction/no special feature,Paved,,Property Damage Only,0,0,0,0,0,0,3000,2,2,,POINT (-95.874418877124 41.261878394815)
2014825214,P14-012446,10/31/2014,10-October,6-Friday,20:00,2000 Hours,District 1 (Central),WEBSTER CITY,HAMILTON,,SUPERIOR ST,Collision with:  Animal,On Roadway,Non-collision (single vehicle),Animal,None Indicated,,Dark - roadway not lighted,Dry,Cloudy,None apparent,Non-intersection:  Non-junction/no special feature,Paved,,Property Damage Only,0,0,0,0,0,0,7000,1,1,,POINT (-93.816207805642 42.453045276325)
2014824878,14000533,10/31/2014,10-October,6-Friday,15:34,1500 Hours,District 5 (Southeast),ALBIA,MONROE,US 34,US 34 & S C ST,Collision with:  Vehicle in traffic,On Roadway,Rear-end (front to rear),Driver Distraction:  Inattentive/lost in thought,None Indicated,,Daylight,Dry,Clear,None apparent,Intersection:  Four-way intersection,Paved,,Property Damage Only,0,0,0,0,0,0,2000,2,2,,POINT (-92.811969201213 41.015403286963)
2014824790,2014-76080,10/31/2014,10-October,6-Friday,12:14,1200 Hours,District 6 (East Central),DAVENPORT,SCOTT,,E 53RD ST & TREMONT AVE,Collision with:  Vehicle in traffic,On Roadway,"Angle, oncoming left turn",FTYROW:  Making left turn,None Indicated,,Daylight,Dry,Clear,None apparent,Intersection:  Four-way intersection,Paved,,Possible/Unknown,0,1,0,0,1,0,15000,2,2,,POINT (-90.560822513385 41.574648245564)
2014825301,2014061309,10/31/2014,10-October,6-Friday,06:45,0600 Hours,District 2 (Northeast),,BLACK HAWK,I-380,I-380,Collision with:  Animal,,Non-collision (single vehicle),Animal,None Indicated,,,,,,,Paved,,Property Damage Only,0,0,0,0,0,0,5000,1,1,,POINT (-92.209133650881 42.449386429626)
2014826228,2014061413,10/31/2014,10-October,6-Friday,17:26,1700 Hours,District 3 (Northwest),,MONONA,I-29,I-29,Collision with:  Vehicle in traffic,On Roadway,Rear-end (front to rear),Exceeded authorized speed,None Indicated,,Daylight,Dry,Clear,None apparent,Non-intersection:  Non-junction/no special feature,Paved,,Minor Injury,0,2,0,1,1,0,12300,3,4,,POINT (-96.120826247451 42.012580930003)
2014824573,20140032450,10/31/2014,10-October,6-Friday,14:50,1400 Hours,District 1 (Central),DES MOINES,POLK,,URBANDALE AVE,Collision with:  Vehicle in traffic,Shoulder,"Sideswipe, same direction",Traveling wrong way or on wrong side of road,None Indicated,,Daylight,Dry,Cloudy,None apparent,Non-intersection:  Non-junction/no special feature,Paved,,Property Damage Only,0,0,0,0,0,0,3000,2,5,,POINT (-93.685677264391 41.622173537725)
2014824483,W14-108402,10/31/2014,10-October,6-Friday,15:45,1500 Hours,District 2 (Northeast),WATERLOO,BLACK HAWK,US 63,US 63/SE RAMP CURV & W 7TH ST,Collision with:  Vehicle in traffic,On Roadway,Rear-end (front to rear),Other (explain in narrative):  Other,None Indicated,,Daylight,Dry,Clear,None apparent,Interchange-related:  On-ramp merge area,Paved,,Property Damage Only,0,0,0,0,0,0,6000,2,2,,POINT (-92.339377590951 42.490629454695)
2014824474,C14003470,10/31/2014,10-October,6-Friday,14:30,1400 Hours,District 6 (East Central),CORALVILLE,JOHNSON,,HOLIDAY RD,Collision with:  Vehicle in traffic,On Roadway,Rear-end (front to rear),Driving too fast for conditions,None Indicated,,Daylight,Dry,Clear,None apparent,Non-intersection:  Non-junction/no special feature,Paved,,Property Damage Only,0,0,0,0,0,0,4000,2,2,,POINT (-91.56755583541 41.692770366999)
2014824575,20140032459,10/31/2014,10-October,6-Friday,15:58,1500 Hours,District 1 (Central),DES MOINES,POLK,I-235,I-235 & 6TH AVE,Collision with:  Vehicle in traffic,On Roadway,Broadside (front to side),FTYROW:  Making left turn,None Indicated,,Daylight,Dry,Clear,None apparent,Intersection:  Intersection with ramp,Paved,,Property Damage Only,0,0,0,0,0,0,3000,2,2,,POINT (-93.625679054128 41.595800345979)
2014832298,14045702,10/31/2014,10-October,6-Friday,18:49,1800 Hours,District 5 (Southeast),,MUSCATINE,US 61,US 61,Collision with:  Animal,,,Animal,None Indicated,,,,,,,Paved,,Property Damage Only,0,0,0,0,0,0,2000,1,1,,POINT (-90.952176817712 41.500570678689)
2014824959,14-36120,10/31/2014,10-October,6-Friday,15:29,1500 Hours,District 3 (Northwest),SIOUX CITY,WOODBURY,,HAMILTON BLVD,Collision with:  Vehicle in traffic,On Roadway,Rear-end (front to rear),Lost Control,None Indicated,,Daylight,Dry,Clear,None apparent,Non-intersection:  Non-junction/no special feature,Paved,,Property Damage Only,0,0,0,0,0,0,10500,4,6,,POINT (-96.417648236638 42.518899411913)
2014824964,14-36143,10/31/2014,10-October,6-Friday,17:28,1700 Hours,District 3 (Northwest),SIOUX CITY,WOODBURY,,W 15TH ST,Collision with fixed object:  Tree,On Roadway,Non-collision (single vehicle),Ran off road - right,Alcohol (Statutory),,Daylight,Dry,Clear,None apparent,Non-intersection:  Non-junction/no special feature,Paved,,Property Damage Only,0,0,0,0,0,0,2000,1,1,,POINT (-96.428937295845 42.506099644368)
2014826670,,10/31/2014,10-October,6-Friday,15:55,1500 Hours,District 3 (Northwest),LAURENS,POCAHONTAS,IA 10,IA 10/IOWA 10 & Co Rd N28/130TH AVE,Collision with:  Vehicle in traffic,On Roadway,"Angle, oncoming left turn",FTYROW:  From stop sign,None Indicated,,Daylight,Dry,Clear,None apparent,Intersection:  Five points or more,Paved,,Property Damage Only,0,0,0,0,0,0,8000,2,6,,POINT (-94.856204902085 42.847038584751)
2014824585,20140032519,10/31/2014,10-October,6-Friday,20:30,2000 Hours,District 1 (Central),DES MOINES,POLK,,E 42ND ST,Non-collision events:  Other non-collision (explain in narrative),On Roadway,Unknown,Unknown,None Indicated,,Unknown,Dry,Clear,None apparent,Non-intersection:  Non-junction/no special feature,Paved,,Property Damage Only,0,0,0,0,0,0,1500,2,1,,POINT (-93.532131564818 41.614402968691)
2014825927,14-108256,10/31/2014,10-October,6-Friday,05:32,0500 Hours,District 2 (Northeast),,BLACK HAWK,,Co Rd V62/YOUNG RD,Collision with fixed object:  Guardrail - face,Shoulder,Non-collision (single vehicle),Ran off road - right,None Indicated,,Dark - roadway not lighted,Dry,Clear,None apparent,Non-intersection:  Non-junction/no special feature,Paved,,Property Damage Only,0,0,0,0,0,0,11000,1,1,,POINT (-92.088673767334 42.456768334377)
2014826043,2014061439,10/31/2014,10-October,6-Friday,21:33,2100 Hours,District 4 (Southwest),,ADAIR,I-80,I-80,Collision with:  Vehicle in traffic,On Roadway,Rear-end (front to rear),Followed too close,None Indicated,,Dark - roadway not lighted,Dry,Clear,None apparent,Non-intersection:  Non-junction/no special feature,Paved,,Major Injury,0,1,1,0,0,0,34000,2,2,,POINT (-94.532826646054 41.49636722551)
2014824824,14-5699,10/31/2014,10-October,6-Friday,16:30,1600 Hours,District 6 (East Central),HIAWATHA,LINN,,BLAIRS FERRY RD NE,Collision with:  Vehicle in traffic,On Roadway,"Sideswipe, opposite direction",Unknown,None Indicated,,Daylight,Dry,Clear,None apparent,Intersection:  T-intersection,Paved,,Possible/Unknown,0,1,0,0,1,0,2000,2,2,,POINT (-91.673655104647 42.034737197759)
2014825363,14016213,10/31/2014,10-October,6-Friday,02:10,0200 Hours,District 6 (East Central),,CEDAR,I-80,I-80 & Co Rd X40/GARFIELD AVE,Collision with fixed object:  Guardrail - face,Shoulder,Non-collision (single vehicle),Ran off road - right,None Indicated,,Dark - roadway not lighted,Dry,Cloudy,None apparent,Non-intersection:  Other non-intersection (explain in narrative),Paved,,Property Damage Only,0,0,0,0,0,0,6892,1,1,,POINT (-91.24957759083 41.663381581884)
2014824963,14-36142,10/31/2014,10-October,6-Friday,16:30,1600 Hours,District 3 (Northwest),SIOUX CITY,WOODBURY,IA 77,US 77,Collision with:  Vehicle in traffic,On Roadway,Rear-end (front to rear),Followed too close,None Indicated,,Daylight,Dry,Clear,Work Zone (roadway-related),Non-intersection:  Other non-intersection (explain in narrative),Paved,Yes,Property Damage Only,0,0,0,0,0,0,2500,2,3,,POINT (-96.413556661081 42.488928581772)
2014825348,,10/31/2014,10-October,6-Friday,06:30,0600 Hours,District 5 (Southeast),,WASHINGTON,IA 22,IA 22,Collision with:  Animal,On Roadway,Non-collision (single vehicle),Animal,None Indicated,,Dark - roadway not lighted,Dry,Clear,,Non-intersection:  Non-junction/no special feature,Paved,,Property Damage Only,0,0,0,0,0,0,4000,1,1,,POINT (-91.533501692102 41.496106353153)
2014824829,2014011412,10/31/2014,10-October,6-Friday,18:10,1800 Hours,District 1 (Central),MARSHALLTOWN,MARSHALL,,N CENTER ST,Collision with:  Vehicle in traffic,On Roadway,"Sideswipe, same direction",FTYROW:  From parked position,None Indicated,,Dark - roadway lighted,Dry,Clear,None apparent,Non-intersection:  Non-junction/no special feature,Paved,,Possible/Unknown,0,1,0,0,1,0,13000,2,3,,POINT (-92.912945678422 42.049870690719)
2014825007,2014-76110,10/31/2014,10-October,6-Friday,14:52,1400 Hours,District 6 (East Central),DAVENPORT,SCOTT,,W LOMBARD ST,Collision with:  Vehicle in traffic,On Roadway,Rear-end (front to rear),Followed too close,None Indicated,,Daylight,Dry,Clear,None apparent,Non-intersection:  Non-junction/no special feature,Paved,,Property Damage Only,0,0,0,0,0,0,3250,4,6,,POINT (-90.574892475225 41.541919636643)
2014824961,14-36136,10/31/2014,10-October,6-Friday,16:36,1600 Hours,District 3 (Northwest),SIOUX CITY,WOODBURY,,W 19TH ST & REBECCA ST,Collision with:  Vehicle in traffic,On Roadway,Broadside (front to side),FTYROW:  From stop sign,None Indicated,,Daylight,Dry,Clear,None apparent,Intersection:  Four-way intersection,Paved,,Property Damage Only,0,0,0,0,0,0,2500,2,2,,POINT (-96.425560742312 42.510450839371)
2014824625,14-0009536,10/31/2014,10-October,6-Friday,11:50,1100 Hours,District 4 (Southwest),CUMBERLAND,CASS,,QUINCY RD,Non-collision events:  Overturn/rollover,On Roadway,Non-collision (single vehicle),Ran off road - right,None Indicated,,Daylight,Dry,Clear,None apparent,Non-intersection:  Non-junction/no special feature,Unpaved,,Property Damage Only,0,0,0,0,0,0,2000,1,2,,POINT (-94.760090133626 41.272943718879)
2014824594,14-2447,10/31/2014,10-October,6-Friday,17:16,1700 Hours,District 1 (Central),URBANDALE,POLK,,MEREDITH DR & 78TH ST,Collision with:  Vehicle in traffic,On Roadway,"Angle, oncoming left turn",FTYROW:  Making left turn,None Indicated,,Daylight,Dry,Clear,None apparent,Intersection:  Four-way intersection,Paved,,Minor Injury,0,3,0,2,1,0,7500,2,4,,POINT (-93.725281053032 41.643862919861)
2014824383,14-5481,10/31/2014,10-October,6-Friday,08:53,0800 Hours,District 1 (Central),WEST DES MOINES,POLK,,16TH ST,Collision with fixed object:  Utility pole/light support,On Roadway,Non-collision (single vehicle),Other (explain in narrative):  Other,None Indicated,,Daylight,Dry,Clear,None apparent,Non-intersection:  Driveway access (within),Paved,,Property Damage Only,0,0,0,0,0,0,5000,1,1,,POINT (-93.725122209555 41.579318381389)
2014824536,14-7213,10/31/2014,10-October,6-Friday,17:30,1700 Hours,District 1 (Central),GRIMES,POLK,IA 44,IA 44/1ST ST,Collision with:  Vehicle in traffic,Shoulder,Rear-end (front to rear),Driver Distraction:  Manual operation of an electronic communication device,None Indicated,,Daylight,Dry,Clear,None apparent,Non-intersection:  Non-junction/no special feature,Paved,,Property Damage Only,0,0,0,0,0,0,6000,2,3,,POINT (-93.777558861335 41.688412525748)
2014825163,14-005131,10/31/2014,10-October,6-Friday,17:06,1700 Hours,District 1 (Central),AMES,STORY,,S 16TH ST,Collision with:  Vehicle in traffic,On Roadway,Broadside (front to side),FTYROW:  From driveway,None Indicated,,Daylight,Dry,Clear,None apparent,Non-intersection:  Driveway access (within),Paved,,Property Damage Only,0,0,0,0,0,0,5000,2,5,,POINT (-93.613342390663 42.008374780218)
2014824322,20140032413,10/31/2014,10-October,6-Friday,07:50,0700 Hours,District 1 (Central),DES MOINES,POLK,,6TH AVE,Collision with:  Vehicle in traffic,On Roadway,Broadside (front to side),FTYROW:  From driveway,None Indicated,,Daylight,Dry,Clear,None apparent,Non-intersection:  Driveway access (within),Paved,,Minor Injury,0,2,0,2,0,0,6000,2,2,,POINT (-93.625683335723 41.599970673329)
2014824789,2014-76068,10/31/2014,10-October,6-Friday,11:32,1100 Hours,District 6 (East Central),DAVENPORT,SCOTT,I-74,I-74 & US 6/SPRUCE HILLS DR,Collision with:  Vehicle in traffic,On Roadway,Rear-end (front to rear),Followed too close,None Indicated,,Daylight,Dry,Clear,None apparent,Non-intersection:  Non-junction/no special feature,Paved,,Property Damage Only,0,0,0,0,0,0,3000,2,2,,POINT (-90.524504423119 41.554886245302)
2014824377,14-046364,10/31/2014,10-October,6-Friday,13:31,1300 Hours,District 4 (Southwest),COUNCIL BLUFFS,POTTAWATTAMIE,US 6,US 6/W BROADWAY & IA 192/N 16TH ST & S 16TH ST,Collision with:  Vehicle in traffic,On Roadway,Rear-end (front to rear),Followed too close,None Indicated,,Daylight,Dry,Clear,None apparent,Non-intersection:  Non-junction/no special feature,Paved,,Possible/Unknown,0,1,0,0,1,0,600,3,5,,POINT (-95.86755462272 41.261851565092)
2014825056,150-2014,10/31/2014,10-October,6-Friday,20:53,2000 Hours,District 4 (Southwest),,HARRISON,,QUENTIN TRL & 285TH ST,Non-collision events:  Overturn/rollover,On Roadway,Non-collision (single vehicle),Other (explain in narrative):  Other,None Indicated,,Dark - roadway not lighted,Dry,Clear,None apparent,Non-intersection:  Non-junction/no special feature,Unpaved,,Property Damage Only,0,0,0,0,0,0,17000,1,1,,POINT (-95.721919397392 41.594398071665)
2014824772,146389,10/31/2014,10-October,6-Friday,09:26,0900 Hours,District 1 (Central),,HARDIN,,Co Rd D53/270TH ST,Non-collision events:  Overturn/rollover,Outside trafficway,Non-collision (single vehicle),Crossed centerline (undivided),None Indicated,,Daylight,"Mud, dirt",Clear,"Surface condition (e.g., wet, icy)",Non-intersection:  Non-junction/no special feature,Unpaved,,Possible/Unknown,0,1,0,0,1,0,5000,1,1,,POINT (-93.065304439445 42.310340729148)
2014824576,20140032466,10/31/2014,10-October,6-Friday,17:25,1700 Hours,District 1 (Central),DES MOINES,POLK,,HUBBELL AVE & E 27TH ST,Collision with:  Vehicle in traffic,On Roadway,Rear-end (front to rear),Followed too close,None Indicated,,Dusk,Dry,Clear,None apparent,Non-intersection:  Non-junction/no special feature,Paved,,Property Damage Only,0,0,0,0,0,0,4500,2,6,,POINT (-93.563582364225 41.619035919229)
2014832267,14045631,10/31/2014,10-October,6-Friday,09:33,0900 Hours,District 5 (Southeast),MUSCATINE,MUSCATINE,US 61,US 61,Collision with fixed object:  Ditch,On Roadway,Non-collision (single vehicle),"Operating vehicle in an reckless, erratic, careless, negligent manner",Alcohol (Statutory),,Daylight,Dry,Clear,None apparent,Non-intersection:  Non-junction/no special feature,Paved,,Minor Injury,0,1,0,1,0,0,3000,1,1,,POINT (-91.05532745969 41.452986192731)