Iowa DOT Case Number,Law Enforcement Case Number,Date of Crash,Month of Crash,Day of Week,Time of Crash,Hour,DOT District,City Name,County Name,Route with System,Location Description,First Harmful Event,Location of First Harmful Event,Manner of Crash/Collision,Major Cause,Drug or Alcohol ,Environmental Conditions,Light Conditions,Surface Conditions,Weather Conditions,Roadway Contribution,Roadway Type,Roadway Surface,Work Zone,Crash Severity,Number of Fatalities,Number of Injuries,Number of Major Injuries,Number of Minor Injuries,Number of Possible Injuries,Number of Unknown Injuries,Amount of Property Damage,Number of Vehicles Involved,Total Number of Occupants,Travel Direction,Location
2014825183,02-14-013521,10/31/2014,10-October,6-Friday,22:26,2200 Hours,District 6 (East Central),,DUBUQUE,,Co Rd Y21/SUNDOWN RD,Collision with:  Animal,,,Animal,None Indicated,,,,,,,Paved,,Property Damage Only,0,0,0,0,0,0,5000,1,1,,POINT (-90.850312064925 42.42581137668)
2014825243,14108357,10/31/2014,10-October,6-Friday,13:01,1300 Hours,District 2 (Northeast),CEDAR FALLS,BLACK HAWK,IA 27,IA 27,Collision with:  Vehicle in traffic,On Roadway,Rear-end (front to rear),Unknown,None Indicated,,Daylight,Dry,Clear,None apparent,Intersection:  Four-way intersection,Paved,,Property Damage Only,0,0,0,0,0,0,2000,2,3,,POINT (-92.445840471176 42.469957829965)
2014824355,14-36088,10/31/2014,10-October,6-Friday,08:34,0800 Hours,District 3 (Northwest),SIOUX CITY,WOODBURY,IA 12,IA 12/GORDON DR,Collision with:  Vehicle in traffic,On Roadway,"Sideswipe, same direction",FTYROW:  Other (explain in narrative),None Indicated,,Daylight,Dry,Clear,None apparent,Intersection:  Four-way intersection,Paved,,Property Damage Only,0,0,0,0,0,0,2000,2,2,,POINT (-96.374650701809 42.489874982042)
2014824630,14-28879,10/31/2014,10-October,6-Friday,07:43,0700 Hours,District 1 (Central),LAMBS GROVE,JASPER,,Co Rd F36/N 4TH AVE W,Collision with:  Vehicle in traffic,On Roadway,Broadside (front to side),FTYROW:  From stop sign,None Indicated,,Dawn,Dry,Clear,None apparent,Non-intersection:  Driveway access (within),Paved,,Property Damage Only,0,0,0,0,0,0,1700,2,2,,POINT (-93.076560672078 41.702708691496)
2014824547,14-1322,10/31/2014,10-October,6-Friday,11:20,1100 Hours,District 1 (Central),CLIVE,POLK,,UNIVERSITY AVE,Collision with:  Vehicle in traffic,On Roadway,Rear-end (front to rear),Other (explain in narrative):  Other,None Indicated,,Daylight,Dry,Clear,None apparent,Non-intersection:  Non-junction/no special feature,Paved,,Property Damage Only,0,0,0,0,0,0,1700,2,2,,POINT (-93.751314283146 41.60044327545)
2014831687,14-007961,10/31/2014,10-October,6-Friday,20:05,2000 Hours,District 3 (Northwest),,PALO ALTO,,440 AVE,Collision with:  Animal,,,Animal,None Indicated,,,,,,,Unpaved,,Property Damage Only,0,0,0,0,0,0,1500,1,1,,POINT (-94.718402353891 43.129078036136)
2014824809,S14-004358,10/31/2014,10-October,6-Friday,21:35,2100 Hours,District 4 (Southwest),UNDERWOOD,POTTAWATTAMIE,,Co Rd G36/IDLEWOOD RD & Co Rd G8L/RAILROAD HWY,Collision with:  Animal,,,Animal,None Indicated,,,,,,,Paved,,Property Damage Only,0,0,0,0,0,0,6000,1,1,,POINT (-95.74317776543 41.336350515821)
2014825008,2014-76126,10/31/2014,10-October,6-Friday,15:59,1500 Hours,District 6 (East Central),DAVENPORT,SCOTT,,W CENTRAL PARK AVE & WASHINGTON ST,Collision with:  Vehicle in traffic,On Roadway,Broadside (front to side),Ran Traffic Signal,None Indicated,,Daylight,Dry,Clear,None apparent,Intersection:  Four-way intersection,Paved,,Property Damage Only,0,0,0,0,0,0,7500,2,5,,POINT (-90.596073520908 41.545516871898)
2014825041,2014012229,10/31/2014,10-October,6-Friday,15:57,1500 Hours,District 6 (East Central),IOWA CITY,JOHNSON,,KIRKWOOD AVE & DIANA ST,Collision with:  Vehicle in traffic,On Roadway,Rear-end (front to rear),Followed too close,None Indicated,,Daylight,Dry,Clear,None apparent,Intersection:  T-intersection,Paved,,Property Damage Only,0,0,0,0,0,0,2100,2,2,,POINT (-91.526582690029 41.64942476895)
2014825276,201403963,10/31/2014,10-October,6-Friday,08:19,0800 Hours,District 6 (East Central),,LINN,US 30,US 30,Collision with:  Vehicle in traffic,On Roadway,"Sideswipe, same direction",Swerving/Evasive Action,None Indicated,,Daylight,Dry,Clear,None apparent,Non-intersection:  Other non-intersection (explain in narrative),Paved,,Property Damage Only,0,0,0,0,0,0,5000,3,4,,POINT (-91.549335159111 41.926056965628)
2014824637,14009431,10/31/2014,10-October,6-Friday,16:04,1600 Hours,District 6 (East Central),,DELAWARE,IA 13,IA 13/IOWA 13,Collision with:  Animal,,,Animal,None Indicated,,,,,,,Paved,,Property Damage Only,0,0,0,0,0,0,12000,1,1,,POINT (-91.480014292702 42.298997027246)
2014824874,2014-11990,10/31/2014,10-October,6-Friday,17:58,1700 Hours,District 3 (Northwest),ODEBOLT,SAC,,DEWEY ST,Collision with:  Vehicle in traffic,On Roadway,Rear-end (front to rear),FTYROW:  Other (explain in narrative),None Indicated,,Daylight,Dry,Clear,None apparent,Non-intersection:  Non-junction/no special feature,Paved,,Property Damage Only,0,0,0,0,0,0,1500,2,3,,POINT (-95.26095311308 42.31129101322)
2014825511,14-026843,10/31/2014,10-October,6-Friday,09:45,0900 Hours,District 5 (Southeast),,MARION,,Co Rd T17/HWY T17,Collision with fixed object:  Culvert/pipe opening,Shoulder,Non-collision (single vehicle),Ran off road - right,None Indicated,,Daylight,Dry,Clear,None apparent,Non-intersection:  Non-junction/no special feature,Paved,,Property Damage Only,0,0,0,0,0,0,2500,1,1,,POINT (-92.947169554743 41.328328249133)
2014825090,14-39051,10/31/2014,10-October,6-Friday,18:44,1800 Hours,District 5 (Southeast),,DES MOINES,US 61,US 61,,On Roadway,"Sideswipe, same direction",Crossed centerline (undivided),None Indicated,,Dark - roadway not lighted,Dry,Clear,None apparent,Non-intersection:  Non-junction/no special feature,Paved,,Possible/Unknown,0,1,0,0,0,1,3500,2,4,,POINT (-91.147582006619 40.778764305141)
2014824459,C14003464,10/31/2014,10-October,6-Friday,07:05,0700 Hours,District 6 (East Central),CORALVILLE,JOHNSON,,MESQUITE DR & 12TH AVE & GLEN OAKS RDG,Collision with:  Vehicle in traffic,On Roadway,Rear-end (front to rear),Driving too fast for conditions,None Indicated,,Daylight,Dry,Clear,None apparent,Non-intersection:  Non-junction/no special feature,Paved,,Property Damage Only,0,0,0,0,0,0,5000,2,2,,POINT (-91.587543568144 41.709608363036)
2014824537,14-7214,10/31/2014,10-October,6-Friday,19:13,1900 Hours,District 1 (Central),,POLK,,Co Rd F4R/NW 121ST ST,Collision with:  Vehicle in traffic,On Roadway,Broadside (front to side),Improper Backing,None Indicated,,Dark - roadway not lighted,Dry,Clear,None apparent,Non-intersection:  Non-junction/no special feature,Paved,,Possible/Unknown,0,1,0,0,1,0,2500,2,2,,POINT (-93.784504750365 41.775417897268)
2014824853,14-013296,10/31/2014,10-October,6-Friday,00:40,0000 Hours,District 1 (Central),,TAMA,US 63,US 63,Collision with:  Animal,,,Animal,None Indicated,,,,,,,Paved,,Property Damage Only,0,0,0,0,0,0,5500,1,1,,POINT (-92.465795542378 42.178137212607)
2014824686,C14003472,10/31/2014,10-October,6-Friday,15:15,1500 Hours,District 6 (East Central),CORALVILLE,JOHNSON,US 6,US 6/2ND ST,Collision with:  Vehicle in traffic,On Roadway,Broadside (front to side),FTYROW:  From driveway,None Indicated,,Daylight,Dry,Cloudy,None apparent,Non-intersection:  Driveway access (within),Paved,,Property Damage Only,0,0,0,0,0,0,4000,2,2,,POINT (-91.590282736171 41.678856661266)
2014824517,14002462,10/31/2014,10-October,6-Friday,20:25,2000 Hours,District 6 (East Central),IOWA CITY,JOHNSON,,SHERMAN DR,Collision with:  Parked motor vehicle,On Roadway,"Sideswipe, same direction",Other (explain in narrative):  No improper action,None Indicated,,Dark - roadway not lighted,Dry,Clear,None apparent,Non-intersection:  Non-junction/no special feature,Paved,,Property Damage Only,0,0,0,0,0,0,2200,2,1,,POINT (-91.511054750536 41.630688490428)
2014856947,14100686,10/31/2014,10-October,6-Friday,13:32,1300 Hours,District 5 (Southeast),,WAPELLO,IA 149,IA 149/IOWA 149,Collision with fixed object:  Ditch,On Roadway,Non-collision (single vehicle),"Operating vehicle in an reckless, erratic, careless, negligent manner",Alcohol (Statutory),,Daylight,Dry,Clear,None apparent,Non-intersection:  Non-junction/no special feature,Paved,,Property Damage Only,0,0,0,0,0,0,1550,1,1,,POINT (-92.410161952983 41.132404356337)
2014824664,14009706,10/31/2014,10-October,6-Friday,05:09,0500 Hours,District 6 (East Central),,BUCHANAN,IA 150,IA 150/JAMESTOWN AVE,Collision with:  Animal,,,Animal,None Indicated,,,,,,,Paved,,Property Damage Only,0,0,0,0,0,0,2000,1,1,,POINT (-91.889475311075 42.493141750011)
2014824598,14-0982,10/31/2014,10-October,6-Friday,07:18,0700 Hours,District 1 (Central),WINDSOR HEIGHTS,POLK,I-235,I-235,Collision with:  Vehicle in traffic,On Roadway,Rear-end (front to rear),Driving too fast for conditions,None Indicated,,Dawn,Dry,Clear,None apparent,Non-intersection:  Non-junction/no special feature,Paved,,Property Damage Only,0,0,0,0,0,0,3000,2,2,,POINT (-93.713424523276 41.593334760746)
2014927702,,10/31/2014,10-October,6-Friday,13:45,1300 Hours,District 3 (Northwest),SERGEANT BLUFF,WOODBURY,,1ST ST & C ST,Collision with:  Vehicle in traffic,On Roadway,Rear-end (front to rear),Followed too close,None Indicated,,Daylight,Dry,Clear,None apparent,Non-intersection:  Non-junction/no special feature,Paved,,Property Damage Only,0,0,0,0,0,0,3200,2,3,,POINT (-96.362369185695 42.400298746115)
2014824381,14-39024,10/31/2014,10-October,6-Friday,13:50,1300 Hours,District 5 (Southeast),BURLINGTON,DES MOINES,US 61,US 61,Collision with:  Vehicle in traffic,On Roadway,"Sideswipe, same direction",FTYROW:  Other (explain in narrative),None Indicated,,Daylight,Dry,Clear,None apparent,Intersection:  Four-way intersection,Paved,,Possible/Unknown,0,1,0,0,1,0,3000,2,2,,POINT (-91.141392949316 40.822217712835)
2014826096,14108395,10/31/2014,10-October,6-Friday,15:42,1500 Hours,District 2 (Northeast),CEDAR FALLS,BLACK HAWK,IA 27,IA 27 & W VIKING RD & E VIKING RD,Collision with:  Vehicle in traffic,On Roadway,Rear-end (front to rear),Followed too close,None Indicated,,Daylight,Dry,Cloudy,None apparent,Non-intersection:  Non-junction/no special feature,Paved,,Property Damage Only,0,0,0,0,0,0,3250,3,3,,POINT (-92.445715865009 42.484078445443)
2014824822,14-0621,10/31/2014,10-October,6-Friday,20:30,2000 Hours,District 1 (Central),,WEBSTER,,Co Rd P29/FAIRBANKS AVE,Non-collision events:  Overturn/rollover,Outside trafficway,Non-collision (single vehicle),Ran off road - left,None Indicated,,Dark - roadway not lighted,Dry,Clear,None apparent,Non-intersection:  Non-junction/no special feature,Paved,,Property Damage Only,0,0,0,0,0,0,3500,1,1,,POINT (-94.344410377478 42.576568023803)
2014824826,1409246,11/01/2014,11-November,7-Saturday,09:13,0900 Hours,District 5 (Southeast),WASHINGTON,WASHINGTON,IA 1,IA 1/IOWA 1,Collision with:  Vehicle in traffic,On Roadway,Broadside (front to side),FTYROW:  From stop sign,None Indicated,,Daylight,Dry,Cloudy,None apparent,Intersection:  Four-way intersection,Paved,,Possible/Unknown,0,1,0,0,1,0,22000,2,3,,POINT (-91.71566002743 41.299934773004)
2014824656,14-046470,11/01/2014,11-November,7-Saturday,07:05,0700 Hours,District 4 (Southwest),COUNCIL BLUFFS,POTTAWATTAMIE,I-29,I-29,Collision with fixed object:  Guardrail - face,On Roadway,Non-collision (single vehicle),Ran off road - left,None Indicated,,Dark - roadway not lighted,Dry,Clear,None apparent,Non-intersection:  Non-junction/no special feature,Paved,,Property Damage Only,0,0,0,0,0,0,11500,1,1,,POINT (-95.823440735947 41.20368946529)
2014825252,201400053573,11/01/2014,11-November,7-Saturday,14:17,1400 Hours,District 5 (Southeast),OTTUMWA,WAPELLO,,ALBIA RD & APPANOOSE ST,Collision with:  Vehicle in traffic,On Roadway,Rear-end (front to rear),Followed too close,None Indicated,,Daylight,Dry,Clear,None apparent,Intersection:  T-intersection,Paved,,Property Damage Only,0,0,0,0,0,0,6500,2,3,,POINT (-92.436081761472 41.009060572608)
2014825565,,11/01/2014,11-November,7-Saturday,09:25,0900 Hours,District 6 (East Central),CEDAR RAPIDS,LINN,,BLAIRS FERRY RD NE,Collision with:  Vehicle in traffic,On Roadway,Rear-end (front to rear),Unknown,None Indicated,,Daylight,Dry,Clear,,Non-intersection:  Non-junction/no special feature,Paved,,Property Damage Only,0,0,0,0,0,0,2500,2,3,,POINT (-91.638668196562 42.034759807045)
2014825269,2014003979,11/01/2014,11-November,7-Saturday,02:15,0200 Hours,District 6 (East Central),,LINN,,Co Rd W6E/NORTH CENTER POINT RD,Collision with:  Animal,,Non-collision (single vehicle),Animal,None Indicated,,,,,,,Paved,,Property Damage Only,0,0,0,0,0,0,1500,1,1,,POINT (-91.749967774822 42.168472549121)
2014825349,,11/01/2014,11-November,7-Saturday,02:00,0200 Hours,District 5 (Southeast),AINSWORTH,WASHINGTON,IA 92,IA 92 & YUCCA AVE,Collision with:  Animal,On Roadway,Non-collision (single vehicle),Animal,None Indicated,,,,,,,Paved,,Property Damage Only,0,0,0,0,0,0,1500,1,1,,POINT (-91.513580131158 41.293413000693)
2014825866,2014061476,11/01/2014,11-November,7-Saturday,07:38,0700 Hours,District 1 (Central),HUXLEY,STORY,I-35,I-35,Collision with:  Animal,,,Animal,None Indicated,,,,,,,Paved,,Property Damage Only,0,0,0,0,0,0,5000,1,1,,POINT (-93.571118659253 41.884786484834)
2014824967,14-36274,11/01/2014,11-November,7-Saturday,21:58,2100 Hours,District 3 (Northwest),SIOUX CITY,WOODBURY,,W 16TH ST & GENEVA ST,Collision with:  Vehicle in traffic,On Roadway,Broadside (front to side),Ran Stop Sign,None Indicated,,Dark - roadway lighted,Dry,Clear,None apparent,Intersection:  Four-way intersection,Paved,,Possible/Unknown,0,1,0,0,1,0,5000,2,4,,POINT (-96.418146155193 42.507277807186)
2014824629,14-21286,11/01/2014,11-November,7-Saturday,18:41,1800 Hours,District 2 (Northeast),,CHICKASAW,US 63,US 63,Collision with:  Animal,,,Animal,None Indicated,,,,,,,Paved,,Property Damage Only,0,0,0,0,0,0,2500,1,1,,POINT (-92.317549794442 42.958398953966)
2014824906,W14-108776,11/01/2014,11-November,7-Saturday,18:47,1800 Hours,District 2 (Northeast),WATERLOO,BLACK HAWK,,FRANKLIN ST & E 1ST ST,Collision with:  Non-motorist (see non-motorist section - NOT a unit),On Roadway,Non-collision (single vehicle),Other (explain in narrative):  No improper action,None Indicated,,Dark - roadway lighted,Dry,Clear,None apparent,Intersection:  Four-way intersection,Paved,,Minor Injury,0,1,0,1,0,0,1500,1,1,,POINT (-92.337320635912 42.5033518245)
2014825024,K14011905,11/01/2014,11-November,7-Saturday,19:04,1900 Hours,District 2 (Northeast),,FRANKLIN,US 65,US 65,Collision with:  Animal,,,Animal,None Indicated,,,,,,,Paved,,Property Damage Only,0,0,0,0,0,0,6000,1,1,,POINT (-93.203404334175 42.65728434086)
2014826044,2014061481,11/01/2014,11-November,7-Saturday,08:05,0800 Hours,District 4 (Southwest),,POTTAWATTAMIE,I-680,I-680,Collision with:  Animal,,,Animal,None Indicated,,,,,,,Paved,,Property Damage Only,0,0,0,0,0,0,3000,1,1,,POINT (-95.880504097962 41.494698377034)
2014826103,2014061556,11/01/2014,11-November,7-Saturday,19:04,1900 Hours,District 1 (Central),,POLK,I-235,I-235,Collision with:  Animal,,,Animal,None Indicated,,,,,,,Paved,,Property Damage Only,0,0,0,0,0,0,5000,1,1,,POINT (-93.575725920626 41.640196697581)
2014824715,14-015410,11/01/2014,11-November,7-Saturday,21:04,2100 Hours,District 2 (Northeast),,FAYETTE,IA 150,IA 150/K AVE,Collision with:  Animal,,,Animal,None Indicated,,,,,,,Paved,,Property Damage Only,0,0,0,0,0,0,3000,1,1,,POINT (-91.805072833661 42.800253301823)
2014824723,14-5513,11/01/2014,11-November,7-Saturday,16:13,1600 Hours,District 1 (Central),WEST DES MOINES,POLK,,GRAND AVE & 8TH ST,Collision with:  Vehicle in traffic,On Roadway,Rear-end (front to rear),Other (explain in narrative):  Other,None Indicated,,Daylight,Dry,Clear,None apparent,Intersection:  Four-way intersection,Paved,,Possible/Unknown,0,1,0,0,1,0,400,2,3,,POINT (-93.713043223967 41.582672563931)
2014824612,14-033996,11/01/2014,11-November,7-Saturday,19:43,1900 Hours,District 5 (Southeast),,LEE,,BUS US 61,Collision with:  Animal,,,Animal,None Indicated,,,,,,,Paved,,Property Damage Only,0,0,0,0,0,0,4000,1,1,,POINT (-91.287552455428 40.647643406164)
2014826630,14-025693,11/01/2014,11-November,7-Saturday,12:18,1200 Hours,District 5 (Southeast),,MAHASKA,,Co Rd G39/210TH ST & VENTURA AVE,Collision with:  Vehicle in traffic,On Roadway,Broadside (front to side),FTYROW:  From stop sign,None Indicated,,Daylight,Dry,Clear,None apparent,Intersection:  T-intersection,Unpaved,,Possible/Unknown,0,1,0,0,1,0,20000,2,2,,POINT (-92.464367670683 41.350649082944)
2014825062,2014-22323,11/01/2014,11-November,7-Saturday,20:40,2000 Hours,District 6 (East Central),,SCOTT,US 61,US 61/140 ST & Co Rd Y48/110 AVE,Collision with:  Animal,,,Animal,None Indicated,,,,,,,Paved,,Property Damage Only,0,0,0,0,0,0,2000,1,1,,POINT (-90.688337943601 41.50848354221)
2014827985,,11/01/2014,11-November,7-Saturday,04:15,0400 Hours,District 6 (East Central),,IOWA,US 151,US 151/42ND AVE,Collision with:  Animal,On Roadway,Non-collision (single vehicle),Animal,None Indicated,,Dark - unknown roadway lighting,Dry,Clear,,Non-intersection:  Railroad grade crossing,Paved,,Property Damage Only,0,0,0,0,0,0,3987,1,1,,POINT (-91.865474092727 41.771386570313)
2014827911,2014-76258,11/01/2014,11-November,7-Saturday,02:21,0200 Hours,District 6 (East Central),DAVENPORT,SCOTT,,S LINCOLN AVE,Collision with:  Parked motor vehicle,On Roadway,"Sideswipe, opposite direction",Lost Control,None Indicated,,Dark - roadway lighted,Dry,Clear,None apparent,Non-intersection:  Non-junction/no special feature,Paved,,Property Damage Only,0,0,0,0,0,0,8100,4,1,,POINT (-90.612685992425 41.518897851882)
2014824801,2014061575,11/01/2014,11-November,7-Saturday,21:13,2100 Hours,District 5 (Southeast),,WARREN,,Co Rd R45/40TH AVE & WILSON ST,Collision with:  Animal,,,Animal,None Indicated,,,,,,,Paved,,Property Damage Only,0,0,0,0,0,0,6000,1,1,,POINT (-93.731103212367 41.16557225924)
2014826683,,11/01/2014,11-November,7-Saturday,00:59,0000 Hours,District 4 (Southwest),,ADAIR,,110TH ST,Non-collision events:  Overturn/rollover,Roadside,Non-collision (single vehicle),Ran off road - left,Alcohol (Statutory),,,Dry,Clear,None apparent,Non-intersection:  Non-junction/no special feature,Unpaved,,Possible/Unknown,0,1,0,0,1,0,12000,1,1,,POINT (-94.484793882434 41.489368457036)
2014824520,14023139,11/01/2014,11-November,7-Saturday,01:20,0100 Hours,District 6 (East Central),MARION,LINN,,BOYSON RD & ALBURNETT RD,Collision with:  Vehicle in traffic,On Roadway,"Sideswipe, same direction",Crossed centerline (undivided),Alcohol (Statutory),,Dark - roadway lighted,Dry,Clear,None apparent,Intersection:  Four-way intersection,Paved,,Property Damage Only,0,0,0,0,0,0,5000,2,3,,POINT (-91.61043398544 42.043679911472)
2014824927,14680851,11/01/2014,11-November,7-Saturday,23:41,2300 Hours,District 5 (Southeast),,MONROE,US 34,US 34 & 610TH AVE,Collision with:  Animal,,,Animal,None Indicated,,,,,,,Paved,,Property Damage Only,0,0,0,0,0,0,8000,1,1,,POINT (-92.885714648183 41.010833739396)
2014824698,CL14003881,11/01/2014,11-November,7-Saturday,08:00,0800 Hours,District 6 (East Central),CLINTON,CLINTON,,N 5TH ST,Unknown,On Roadway,Unknown,Other (explain in narrative):  Other,None Indicated,,Dark - unknown roadway lighting,Dry,Clear,Unknown,Non-intersection:  Non-junction/no special feature,Paved,,Property Damage Only,0,0,0,0,0,0,2500,2,1,,POINT (-90.186020555298 41.870883650501)
2014825357,,11/01/2014,11-November,7-Saturday,19:30,1900 Hours,District 3 (Northwest),,POCAHONTAS,IA 7,IA 7/620TH ST,Collision with:  Animal,On Roadway,Non-collision (single vehicle),Animal,None Indicated,,Dark - roadway not lighted,Dry,Clear,None apparent,Non-intersection:  Non-junction/no special feature,Paved,,Property Damage Only,0,0,0,0,0,0,8000,1,1,,POINT (-94.786650424923 42.58849906147)
2014824569,20140032545,11/01/2014,11-November,7-Saturday,13:10,1300 Hours,District 1 (Central),DES MOINES,POLK,US 69,US 69/SE 14TH ST & INDIANOLA AVE,Collision with:  Vehicle in traffic,On Roadway,Rear-end (front to rear),Other (explain in narrative):  No improper action,None Indicated,,Daylight,Dry,Clear,None apparent,Intersection:  Four-way intersection,Paved,,Possible/Unknown,0,1,0,0,1,0,3000,2,5,,POINT (-93.596826574121 41.553358331362)
2014824571,20140032573,11/01/2014,11-November,7-Saturday,17:24,1700 Hours,District 1 (Central),DES MOINES,POLK,,BURNHAM AVE,Collision with:  Vehicle in traffic,On Roadway,Broadside (front to side),Unknown,None Indicated,,Dark - roadway lighted,Dry,Clear,None apparent,Non-intersection:  Non-junction/no special feature,Paved,,Property Damage Only,0,0,0,0,0,0,4000,2,2,,POINT (-93.608327452367 41.521520190386)
2014826817,201416357,11/01/2014,11-November,7-Saturday,02:14,0200 Hours,District 6 (East Central),CEDAR RAPIDS,LINN,,33RD AVE SW,Collision with:  Vehicle in traffic,On Roadway,Rear-end (front to rear),Crossed centerline (undivided),None Indicated,,Dark - roadway lighted,Dry,Clear,None apparent,Non-intersection:  Non-junction/no special feature,Paved,,Property Damage Only,0,0,0,0,0,0,6000,2,3,,POINT (-91.672175846286 41.944971063039)
2014825002,14-29021,11/01/2014,11-November,7-Saturday,18:22,1800 Hours,District 1 (Central),NEWTON,JASPER,,S 5TH AVE E & E 9TH ST S,Collision with:  Vehicle in traffic,On Roadway,Rear-end (front to rear),FTYROW:  Other (explain in narrative),None Indicated,,Dusk,Dry,Clear,None apparent,Non-intersection:  Non-junction/no special feature,Paved,,Property Damage Only,0,0,0,0,0,0,2000,2,2,,POINT (-93.042326025743 41.695547707255)
2014824587,20140032511,11/01/2014,11-November,7-Saturday,02:25,0200 Hours,District 1 (Central),DES MOINES,POLK,,SW 9TH ST,Collision with:  Parked motor vehicle,On Roadway,"Sideswipe, same direction",Illegally Parked/Unattended,None Indicated,,Dark - roadway lighted,Dry,Clear,Work Zone (roadway-related),Non-intersection:  Other non-intersection (explain in narrative),Paved,Yes,Minor Injury,0,1,0,1,0,0,5000,2,2,,POINT (-93.625755720172 41.537865079192)
2014826105,2014061561,11/01/2014,11-November,7-Saturday,20:16,2000 Hours,District 4 (Southwest),,POTTAWATTAMIE,I-80,I-80,Collision with:  Animal,,,Animal,None Indicated,,,,,,,Paved,,Property Damage Only,0,0,0,0,0,0,4500,1,1,,POINT (-95.668788379272 41.384817040531)
2014824595,14-2451,11/01/2014,11-November,7-Saturday,09:54,0900 Hours,District 1 (Central),URBANDALE,POLK,,HICKORY LN & 66TH ST,Collision with:  Vehicle in traffic,On Roadway,Broadside (front to side),FTYROW:  From stop sign,None Indicated,,Daylight,Dry,Clear,None apparent,Intersection:  T-intersection,Paved,,Property Damage Only,0,0,0,0,0,0,5000,2,2,,POINT (-93.707568498937 41.647071776246)
2014825980,14015502,11/01/2014,11-November,7-Saturday,19:54,1900 Hours,District 5 (Southeast),,WAYNE,IA 2,IA 2/IOWA 2,Collision with:  Animal,On Roadway,Non-collision (single vehicle),Animal,None Indicated,,Dark - roadway not lighted,Dry,Cloudy,None apparent,Non-intersection:  Non-junction/no special feature,Paved,,Property Damage Only,0,0,0,0,0,0,8000,1,2,,POINT (-93.09939241598 40.746495243322)
2014825335,,11/01/2014,11-November,7-Saturday,04:22,0400 Hours,District 4 (Southwest),STANTON,MONTGOMERY,,JAMES ST & HALLAND AVE,Collision with fixed object:  Bridge overhead structure,On Roadway,Non-collision (single vehicle),Swerving/Evasive Action,Under Influence of Alcohol/Drugs/Medications,,Dark - roadway lighted,Dry,Clear,None apparent,Non-intersection:  Railroad grade crossing,Paved,,Property Damage Only,0,0,0,0,0,0,8000,1,1,,POINT (-95.099099884893 40.976803912719)
2014824631,14-29001,11/01/2014,11-November,7-Saturday,13:30,1300 Hours,District 1 (Central),NEWTON,JASPER,IA 224,IA 224/IOWA 224 N,Collision with:  Vehicle in traffic,On Roadway,"Sideswipe, same direction",Crossed centerline (undivided),None Indicated,,Daylight,Dry,Clear,None apparent,Non-intersection:  Non-junction/no special feature,Paved,,Property Damage Only,0,0,0,0,0,0,1500,2,5,,POINT (-92.902817856223 41.748566254058)
2014824492,W14-108774,11/01/2014,11-November,7-Saturday,18:40,1800 Hours,District 2 (Northeast),WATERLOO,BLACK HAWK,,DUBUQUE RD,Collision with:  Animal,On Roadway,Non-collision (single vehicle),Animal,None Indicated,,Dark - roadway lighted,Dry,Clear,None apparent,Non-intersection:  Other non-intersection (explain in narrative),Paved,,Property Damage Only,0,0,0,0,0,0,3000,1,1,,POINT (-92.307709977559 42.491081955212)
2014825230,14-034004,11/01/2014,11-November,7-Saturday,20:22,2000 Hours,District 5 (Southeast),,LEE,US 61,US 61 & 180 ST,Collision with:  Animal,,Non-collision (single vehicle),Animal,None Indicated,,,,,,,Paved,,Property Damage Only,0,0,0,0,0,0,2000,1,1,,POINT (-91.24471104948 40.696535552034)
2014831100,14-015351,11/01/2014,11-November,7-Saturday,03:08,0300 Hours,District 2 (Northeast),,FAYETTE,,Co Rd C50/ROSE RD,Collision with fixed object:  Ditch,Outside trafficway,Non-collision (single vehicle),Driving too fast for conditions,Alcohol (Statutory),,Dark - roadway not lighted,Dry,Cloudy,None apparent,Non-intersection:  Non-junction/no special feature,Paved,,Fatal,1,2,2,0,0,0,10000,1,3,,POINT (-91.945596042454 42.678394982455)
2014828262,S79140355,11/01/2014,11-November,7-Saturday,21:10,2100 Hours,District 1 (Central),,POWESHIEK,,515TH AVE,Collision with fixed object:  Ditch,Outside trafficway,Non-collision (single vehicle),Other (explain in narrative):  Other,None Indicated,,Dark - roadway not lighted,"Mud, dirt",Clear,None apparent,Non-intersection:  Non-junction/no special feature,Unpaved,,Minor Injury,0,3,0,3,0,0,2000,1,3,,POINT (-92.673554499729 41.545463470356)
2014824739,C14003482,11/01/2014,11-November,7-Saturday,19:15,1900 Hours,District 6 (East Central),CORALVILLE,JOHNSON,,HOLIDAY RD & 12TH AVE,Collision with:  Vehicle in traffic,On Roadway,Broadside (front to side),Ran Stop Sign,None Indicated,,Dark - roadway lighted,Dry,Cloudy,None apparent,Intersection:  Four-way intersection,Paved,,Property Damage Only,0,0,0,0,0,0,5000,2,2,,POINT (-91.582866247049 41.694905688464)
2014825305,2014061491,11/01/2014,11-November,7-Saturday,10:00,1000 Hours,District 3 (Northwest),,CLAY,,Co Rd M22/100TH AVE,Collision with:  Vehicle in traffic,On Roadway,"Sideswipe, same direction",Other (explain in narrative):  Other,None Indicated,,Daylight,Dry,Clear,None apparent,Non-intersection:  Non-junction/no special feature,Paved,,Minor Injury,0,2,0,1,1,0,11500,2,3,,POINT (-95.387775475269 43.149766445147)
2014824561,20140032543,11/01/2014,11-November,7-Saturday,13:00,1300 Hours,District 1 (Central),DES MOINES,POLK,US 69,US 69/E 14TH ST & DES MOINES ST,Collision with:  Vehicle in traffic,On Roadway,Rear-end (front to rear),Improper Backing,None Indicated,,Daylight,Unknown,Clear,None apparent,Intersection:  Four-way intersection,Paved,,Property Damage Only,0,0,0,0,0,0,1500,2,3,,POINT (-93.598405005748 41.59446835446)