Iowa DOT Case Number,Law Enforcement Case Number,Date of Crash,Month of Crash,Day of Week,Time of Crash,Hour,DOT District,City Name,County Name,Route with System,Location Description,First Harmful Event,Location of First Harmful Event,Manner of Crash/Collision,Major Cause,Drug or Alcohol ,Environmental Conditions,Light Conditions,Surface Conditions,Weather Conditions,Roadway Contribution,Roadway Type,Roadway Surface,Work Zone,Crash Severity,Number of Fatalities,Number of Injuries,Number of Major Injuries,Number of Minor Injuries,Number of Possible Injuries,Number of Unknown Injuries,Amount of Property Damage,Number of Vehicles Involved,Total Number of Occupants,Travel Direction,Location
2014826026,891407201,11/01/2014,11-November,7-Saturday,17:10,1700 Hours,District 5 (Southeast),,VAN BUREN,,2ND ST & WILLOW ST,Collision with:  Vehicle in traffic,On Roadway,Broadside (front to side),FTYROW:  At uncontrolled intersection,None Indicated,,Daylight,Dry,Clear,None apparent,Non-intersection:  Non-junction/no special feature,Unpaved,,Property Damage Only,0,0,0,0,0,0,3000,2,3,,POINT (-91.93323333912 40.618362700622)
2014824688,14-046499,11/01/2014,11-November,7-Saturday,14:52,1400 Hours,District 4 (Southwest),COUNCIL BLUFFS,POTTAWATTAMIE,,WASHINGTON AVE & SCOTT ST,Collision with:  Vehicle in traffic,On Roadway,Broadside (front to side),Ran Stop Sign,None Indicated,,Daylight,Dry,Clear,None apparent,Non-intersection:  Driveway access (within),Paved,,Property Damage Only,0,0,0,0,0,0,5000,2,2,,POINT (-95.850321963292 41.263009342868)
2014824611,14-033992,11/01/2014,11-November,7-Saturday,19:18,1900 Hours,District 5 (Southeast),,LEE,,Co Rd J40/CO RD 103 & 165 ST,Collision with:  Animal,,,Animal,None Indicated,,,,,,,Paved,,Property Damage Only,0,0,0,0,0,0,2000,1,1,,POINT (-91.428531591006 40.714021262774)
2014824692,14-3511,11/01/2014,11-November,7-Saturday,14:30,1400 Hours,District 1 (Central),FORT DODGE,WEBSTER,,1ST AVE S,Collision with:  Vehicle in traffic,On Roadway,Rear-end (front to rear),Other (explain in narrative):  Other,None Indicated,,Daylight,Dry,Clear,None apparent,Non-intersection:  Non-junction/no special feature,Paved,,Property Damage Only,0,0,0,0,0,0,4500,2,2,,POINT (-94.159849943577 42.505243129344)
2014832019,1411012017,11/01/2014,11-November,7-Saturday,20:17,2000 Hours,District 6 (East Central),,JONES,,Co Rd X31/CO RD X-31 & OLD CASS RD,Collision with:  Animal,,,Animal,None Indicated,,,,,,,Paved,,Property Damage Only,0,0,0,0,0,0,5000,1,1,,POINT (-91.315670349969 42.179713652013)
2014824607,14-36252,11/01/2014,11-November,7-Saturday,16:54,1600 Hours,District 3 (Northwest),SIOUX CITY,WOODBURY,,STONE PARK BLVD & DEARBORN BLVD,Collision with:  Vehicle in traffic,On Roadway,Head-on (front to front),FTYROW:  Making left turn,None Indicated,,Daylight,Dry,Clear,None apparent,Intersection:  Y-intersection,Paved,,Minor Injury,0,1,0,1,0,0,14000,2,2,,POINT (-96.413897505503 42.524675133406)
2014825364,14016281,11/01/2014,11-November,7-Saturday,08:20,0800 Hours,District 6 (East Central),,CEDAR,IA 38,IA 38/IOWA 38,Collision with:  Animal,,,Animal,None Indicated,,,,,,,Paved,,Property Damage Only,0,0,0,0,0,0,5000,1,1,,POINT (-91.132541071464 41.69876336481)
2014824505,14-009208,11/01/2014,11-November,7-Saturday,10:39,1000 Hours,District 2 (Northeast),,CLAYTON,IA 3,IA 3/IOWA 3 & ALPHA AVE,Collision with:  Animal,,,Animal,None Indicated,,,,,,,Paved,,Property Damage Only,0,0,0,0,0,0,4000,1,1,,POINT (-91.596369634253 42.687840451695)
2014824795,2014-76347,11/01/2014,11-November,7-Saturday,16:40,1600 Hours,District 6 (East Central),DAVENPORT,SCOTT,,IA 461/BRADY ST,Collision with:  Vehicle in traffic,On Roadway,"Sideswipe, same direction","Operating vehicle in an reckless, erratic, careless, negligent manner",None Indicated,,Daylight,Dry,Clear,None apparent,Non-intersection:  Non-junction/no special feature,Paved,,Possible/Unknown,0,1,0,0,1,0,9200,2,3,,POINT (-90.568131706898 41.568444671328)
2014826102,2014061527,11/01/2014,11-November,7-Saturday,15:37,1500 Hours,District 1 (Central),,POLK,I-35,I-35,Collision with:  Vehicle in traffic,On Roadway,"Sideswipe, same direction",Swerving/Evasive Action,None Indicated,,Daylight,Dry,Clear,None apparent,"Interchange-related:  Off-ramp, diverge area",Paved,,Property Damage Only,0,0,0,0,0,0,5000,2,4,,POINT (-93.574750488613 41.649334852804)
2014824638,14009473,11/01/2014,11-November,7-Saturday,23:14,2300 Hours,District 6 (East Central),,DELAWARE,IA 13,IA 13/IOWA 13 & 155TH ST,Collision with:  Animal,,,Animal,None Indicated,,,,,,,Paved,,Property Damage Only,0,0,0,0,0,0,6500,1,1,,POINT (-91.470157590209 42.564128660689)
2014824965,14-36224,11/01/2014,11-November,7-Saturday,11:51,1100 Hours,District 3 (Northwest),SIOUX CITY,WOODBURY,IA 376,IA 376/LEWIS BLVD & OUTER DR N,Collision with:  Vehicle in traffic,On Roadway,"Angle, oncoming left turn",FTYROW:  Making left turn,None Indicated,,Daylight,Dry,Clear,None apparent,Intersection:  Four-way intersection,Paved,,Property Damage Only,0,0,0,0,0,0,10000,2,2,,POINT (-96.361331559722 42.52986862369)
2014824691,14-3509,11/01/2014,11-November,7-Saturday,10:25,1000 Hours,District 1 (Central),FORT DODGE,WEBSTER,,CENTRAL AVE & CENTRAL AVE CONNECTOR & S 12TH ST & N 12TH ST,Collision with:  Vehicle in traffic,On Roadway,Broadside (front to side),Unknown,None Indicated,,Daylight,Dry,Clear,None apparent,Intersection:  Four-way intersection,Paved,,Property Damage Only,0,0,0,0,0,0,6500,2,2,,POINT (-94.182716737876 42.505729854759)
2014832565,2014-76323,11/01/2014,11-November,7-Saturday,13:30,1300 Hours,District 6 (East Central),DAVENPORT,SCOTT,,ROCKINGHAM RD & S MICHIGAN AVE,Collision with:  Vehicle in traffic,On Roadway,Broadside (front to side),Ran Stop Sign,None Indicated,,Daylight,Dry,Clear,None apparent,Intersection:  Four-way intersection,Paved,,Property Damage Only,0,0,0,0,0,0,2500,2,3,,POINT (-90.627035361894 41.509251834403)
2014831920,2014061470,11/01/2014,11-November,7-Saturday,05:07,0500 Hours,District 1 (Central),,JASPER,I-80,I-80,Collision with:  Non-motorist (see non-motorist section - NOT a unit),On Roadway,Non-collision (single vehicle),Swerving/Evasive Action,None Indicated,,Dark - roadway not lighted,Dry,Cloudy,None apparent,Non-intersection:  Non-junction/no special feature,Paved,,Fatal,1,0,0,0,0,0,1500,1,1,,POINT (-93.141287916325 41.68313786043)
2014824622,14-5510,11/01/2014,11-November,7-Saturday,14:05,1400 Hours,District 1 (Central),WEST DES MOINES,POLK,,LOCUST ST,Collision with:  Vehicle in traffic,On Roadway,Broadside (front to side),FTYROW:  From driveway,None Indicated,,Daylight,Dry,Clear,None apparent,Non-intersection:  Driveway access (within),Paved,,Property Damage Only,0,0,0,0,0,0,1900,2,3,,POINT (-93.733343529748 41.576501014049)
2014826106,2014061565,11/01/2014,11-November,7-Saturday,20:15,2000 Hours,District 4 (Southwest),COUNCIL BLUFFS,POTTAWATTAMIE,US 6,US 6/KANESVILLE BLVD,Collision with:  Animal,,,Animal,None Indicated,,,,,,,Paved,,Property Damage Only,0,0,0,0,0,0,2500,1,1,,POINT (-95.79034361478 41.279826686727)
2014824689,14-046508,11/01/2014,11-November,7-Saturday,17:00,1700 Hours,District 4 (Southwest),COUNCIL BLUFFS,POTTAWATTAMIE,IA 192,IA 192/S 6TH ST & W BROADWAY & BROADWAY KANESVILLE CONN,Collision with:  Vehicle in traffic,On Roadway,Broadside (front to side),Unknown,None Indicated,,Daylight,Dry,Clear,None apparent,Intersection:  Four-way intersection,Paved,,Possible/Unknown,0,2,0,0,2,0,3000,2,3,,POINT (-95.852022907719 41.261228959596)
2014824501,14016322,11/01/2014,11-November,7-Saturday,21:31,2100 Hours,District 6 (East Central),LOWDEN,CEDAR,,MAIN ST,Collision with fixed object:  Ditch,Shoulder,Non-collision (single vehicle),Ran off road - right,None Indicated,,Dark - roadway not lighted,Dry,Clear,None apparent,Non-intersection:  Non-junction/no special feature,Paved,,Possible/Unknown,0,1,0,0,1,0,3000,1,1,,POINT (-90.913405095265 41.85531399385)
2014824586,20140032503,11/01/2014,11-November,7-Saturday,00:45,0000 Hours,District 1 (Central),DES MOINES,POLK,,CENTER ST & 6TH AVE,Collision with:  Vehicle in traffic,On Roadway,Rear-end (front to rear),Followed too close,Alcohol (Statutory),,Dark - roadway lighted,Dry,Clear,None apparent,Non-intersection:  Non-junction/no special feature,Paved,,Property Damage Only,0,0,0,0,0,0,10000,2,3,,POINT (-93.625650346869 41.591585112257)
2014827986,,11/01/2014,11-November,7-Saturday,06:00,0600 Hours,District 2 (Northeast),,WORTH,US 65,US 65/ORCHID,Collision with:  Animal,On Roadway,Non-collision (single vehicle),Animal,None Indicated,,Dark - roadway not lighted,Dry,Clear,,Non-intersection:  Non-junction/no special feature,Paved,,Property Damage Only,0,0,0,0,0,0,4500,1,1,,POINT (-93.210578712977 43.379197828419)
2014824504,14-009206,11/01/2014,11-November,7-Saturday,06:38,0600 Hours,District 2 (Northeast),ELKADER,CLAYTON,IA 13,IA 13/IOWA 13,Collision with:  Animal,,,Animal,None Indicated,,,,,,,Paved,,Property Damage Only,0,0,0,0,0,0,3000,1,1,,POINT (-91.394635510943 42.857927421803)
2014825229,14-033979,11/01/2014,11-November,7-Saturday,15:30,1500 Hours,District 5 (Southeast),MONTROSE,LEE,,Co Rd X28/MISSISSIPPI RIVER RD,Collision with:  Vehicle in traffic,On Roadway,"Sideswipe, opposite direction",Crossed centerline (undivided),Under Influence of Alcohol/Drugs/Medications,,Daylight,Dry,Clear,None apparent,Non-intersection:  Non-junction/no special feature,Paved,,Minor Injury,0,3,0,2,1,0,18000,2,3,,POINT (-91.374545878848 40.500452600149)
2014824931,14-004732,11/01/2014,11-November,7-Saturday,13:00,1300 Hours,District 1 (Central),ANKENY,POLK,,W 1ST ST & NW ASH DR & SW CHERRY ST,Collision with:  Vehicle in traffic,On Roadway,Rear-end (front to rear),Followed too close,None Indicated,,Daylight,Dry,Clear,None apparent,Intersection:  Four-way intersection,Paved,,Possible/Unknown,0,1,0,0,1,0,6000,2,3,,POINT (-93.607230154004 41.731907034617)
2014825033,14011193,11/01/2014,11-November,7-Saturday,16:07,1600 Hours,District 3 (Northwest),BREDA,CARROLL,,N 4TH ST,Collision with:  Parked motor vehicle,On Roadway,"Sideswipe, same direction",Driver Distraction:  Reaching for object(s)/fallen object(s),None Indicated,,Daylight,Dry,Clear,None apparent,Non-intersection:  Non-junction/no special feature,Paved,,Property Damage Only,0,0,0,0,0,0,6000,2,1,,POINT (-94.979934174621 42.183015513466)
2014825686,P14-012414,11/01/2014,11-November,7-Saturday,07:05,0700 Hours,District 1 (Central),WEBSTER CITY,HAMILTON,US 20,US 20,Collision with:  Animal,,,Animal,None Indicated,,,,,,,Paved,,Property Damage Only,0,0,0,0,0,0,3500,1,1,,POINT (-93.786656002727 42.44916323905)
2014835399,14-008859,11/01/2014,11-November,7-Saturday,17:45,1700 Hours,District 5 (Southeast),COLUMBUS JUNCTION,LOUISA,IA 92,IA 92/IOWA 92,Collision with:  Animal,On Roadway,Non-collision (single vehicle),Animal,None Indicated,,Dusk,Dry,Cloudy,None apparent,Non-intersection:  Non-junction/no special feature,Paved,,Property Damage Only,0,0,0,0,0,0,2500,1,1,,POINT (-91.402305910654 41.280762012573)
2014826104,2014061558,11/01/2014,11-November,7-Saturday,19:05,1900 Hours,District 4 (Southwest),,ADAIR,I-80,I-80,Collision with:  Vehicle in traffic,On Roadway,Rear-end (front to rear),Ran off road - right,None Indicated,,Dark - roadway not lighted,Dry,Clear,None apparent,Non-intersection:  Non-junction/no special feature,Paved,,Possible/Unknown,0,1,0,0,1,0,7000,2,2,,POINT (-94.540712661173 41.496496016996)
2014825615,14006905,11/01/2014,11-November,7-Saturday,16:07,1600 Hours,District 2 (Northeast),ROCKWELL,CERRO GORDO,,E ELM ST & N 3RD ST,Collision with fixed object:  Tree,Roadside,Non-collision (single vehicle),Ran off road - left,Alcohol (Statutory),,Daylight,Dry,Clear,None apparent,Non-intersection:  Non-junction/no special feature,Paved,,Property Damage Only,0,0,0,0,0,0,4000,1,1,,POINT (-93.18941414444 42.987364045212)
2014824674,148386,11/01/2014,11-November,7-Saturday,01:45,0100 Hours,District 4 (Southwest),WAUKEE,DALLAS,,Co Rd R22/UTE AVE,Collision with:  Animal,,,Animal,None Indicated,,,,,,,Paved,,Property Damage Only,0,0,0,0,0,0,4500,1,1,,POINT (-93.880746943185 41.558271548463)
2014824704,CL14003888,11/01/2014,11-November,7-Saturday,16:55,1600 Hours,District 6 (East Central),CLINTON,CLINTON,,16TH AVE N,Collision with fixed object:  Utility pole/light support,On Roadway,Non-collision (single vehicle),Equipment failure,None Indicated,,Daylight,Dry,Clear,None apparent,Intersection:  Four-way intersection,Paved,,Minor Injury,0,1,0,1,0,0,7500,1,2,,POINT (-90.183683550582 41.862369993182)
2014824782,14-045829,11/01/2014,11-November,7-Saturday,15:06,1500 Hours,District 5 (Southeast),MUSCATINE,MUSCATINE,,E 5TH ST & WALNUT ST,Collision with:  Vehicle in traffic,On Roadway,Broadside (front to side),FTYROW:  From stop sign,None Indicated,,Daylight,Dry,Clear,None apparent,Intersection:  Four-way intersection,Paved,,Minor Injury,0,1,0,1,0,0,7500,2,4,,POINT (-91.044828331288 41.425472251842)
2014824876,SO14002603,11/01/2014,11-November,7-Saturday,13:30,1300 Hours,District 3 (Northwest),REMSEN,PLYMOUTH,,QUEST RD,Collision with fixed object:  Ditch,Shoulder,Non-collision (single vehicle),Ran off road - left,None Indicated,,Daylight,Dry,Clear,None apparent,Non-intersection:  Non-junction/no special feature,Unpaved,,Property Damage Only,0,0,0,0,0,0,2400,1,2,,POINT (-95.976749804205 42.824969771959)
2014824489,W14-108649,11/01/2014,11-November,7-Saturday,10:20,1000 Hours,District 2 (Northeast),WATERLOO,BLACK HAWK,,RAINBOW DR & GREENHILL RD,Collision with:  Vehicle in traffic,On Roadway,Broadside (front to side),Ran Traffic Signal,None Indicated,,Daylight,Dry,Clear,None apparent,Intersection:  Four-way intersection,Paved,,Property Damage Only,0,0,0,0,0,0,9000,2,2,,POINT (-92.392517792886 42.513257907913)
2014825512,14-026917,11/01/2014,11-November,7-Saturday,02:25,0200 Hours,District 5 (Southeast),,MARION,IA 5,IA 5/IOWA 5,Collision with fixed object:  Tree,Outside trafficway,Non-collision (single vehicle),Ran off road - left,Alcohol (Statutory),,Dark - roadway not lighted,Dry,Clear,None apparent,Non-intersection:  Non-junction/no special feature,Paved,,Major Injury,0,1,1,0,0,0,6000,1,1,,POINT (-93.031008168255 41.248887522444)
2014825078,14-7586,11/01/2014,11-November,7-Saturday,02:45,0200 Hours,District 2 (Northeast),,KOSSUTH,US 169,US 169,Non-collision events:  Overturn/rollover,On Roadway,Non-collision (single vehicle),Swerving/Evasive Action,None Indicated,,Dark - roadway not lighted,Dry,Clear,None apparent,Non-intersection:  Non-junction/no special feature,Paved,,Minor Injury,0,1,0,1,0,0,12000,1,1,,POINT (-94.226437938475 43.2519482761)
2014824502,14-16669,11/01/2014,11-November,7-Saturday,19:07,1900 Hours,District 3 (Northwest),SPENCER,CLAY,,2ND AVE SE,Collision with:  Vehicle in traffic,On Roadway,Broadside (front to side),Improper Backing,None Indicated,,Dark - roadway lighted,Dry,Cloudy,None apparent,Non-intersection:  Non-junction/no special feature,Paved,,Property Damage Only,0,0,0,0,0,0,1900,2,1,,POINT (-95.141783490241 43.129812801962)
2014824721,SA1409245,11/01/2014,11-November,7-Saturday,09:10,0900 Hours,District 5 (Southeast),CRAWFORDSVILLE,WASHINGTON,,COLUMBUS ST & CHESTNUT ST,Collision with:  Vehicle in traffic,On Roadway,Broadside (front to side),FTYROW:  From stop sign,None Indicated,,Daylight,Dry,Clear,None apparent,Intersection:  Four-way intersection,Paved,,Property Damage Only,0,0,0,0,0,0,25000,2,3,,POINT (-91.537506918853 41.214003570888)
2014824560,20140032541,11/01/2014,11-November,7-Saturday,13:03,1300 Hours,District 1 (Central),DES MOINES,POLK,,DUBUQUE AVE & E 37TH ST,Collision with:  Vehicle in traffic,On Roadway,Broadside (front to side),"Operating vehicle in an reckless, erratic, careless, negligent manner",None Indicated,,Daylight,Dry,Cloudy,None apparent,Intersection:  Four-way intersection,Paved,,Possible/Unknown,0,1,0,0,1,0,7000,2,5,,POINT (-93.543819744338 41.604134068976)
2014828870,14110001,11/01/2014,11-November,7-Saturday,00:02,0000 Hours,District 5 (Southeast),EDDYVILLE,WAPELLO,US 63,US 63,Collision with:  Animal,,,Animal,None Indicated,,,,,,,Paved,,Property Damage Only,0,0,0,0,0,0,4000,1,1,,POINT (-92.587477318956 41.136796985136)
2014824703,14108674,11/01/2014,11-November,7-Saturday,11:59,1100 Hours,District 2 (Northeast),CEDAR FALLS,BLACK HAWK,IA 27,IA 27,Collision with:  Vehicle in traffic,On Roadway,Rear-end (front to rear),Other (explain in narrative):  Other,None Indicated,,Daylight,Dry,Clear,None apparent,Non-intersection:  Non-junction/no special feature,Paved,,Property Damage Only,0,0,0,0,0,0,5000,2,3,,POINT (-92.450213419426 42.490134036044)
2014824794,2014-76318,11/01/2014,11-November,7-Saturday,12:43,1200 Hours,District 6 (East Central),DAVENPORT,SCOTT,I-280,I-280 & US 6/W KIMBERLY RD,Collision with:  Vehicle in traffic,On Roadway,"Sideswipe, opposite direction",FTYROW:  Making left turn,None Indicated,,Daylight,Dry,Clear,None apparent,Intersection:  Four-way intersection,Paved,,Property Damage Only,0,0,0,0,0,0,22000,2,4,,POINT (-90.673914502041 41.590646830451)
2014829398,BP14000892,11/01/2014,11-November,7-Saturday,12:30,1200 Hours,District 2 (Northeast),BELMOND,WRIGHT,US 69,US 69/RIVER AVE S,Collision with:  Vehicle in traffic,On Roadway,Rear-end (front to rear),Followed too close,None Indicated,,Daylight,Dry,Clear,None apparent,Non-intersection:  Driveway access (within),Paved,,Property Damage Only,0,0,0,0,0,0,4000,3,4,,POINT (-93.616801014169 42.845855259723)
2014824848,14-001278,11/01/2014,11-November,7-Saturday,07:35,0700 Hours,District 1 (Central),HUXLEY,STORY,I-35,I-35,Collision with:  Animal,,,Animal,None Indicated,,,,,,,Paved,,Property Damage Only,0,0,0,0,0,0,2500,1,1,,POINT (-93.571115311411 41.883057195631)
2014824714,14-015380,11/01/2014,11-November,7-Saturday,17:40,1700 Hours,District 2 (Northeast),,FAYETTE,IA 150,IA 150/LINCOLN RD,Collision with:  Animal,,,Animal,None Indicated,,,,,,,Paved,,Property Damage Only,0,0,0,0,0,0,10000,1,1,,POINT (-91.810167159133 42.895518138102)
2014827494,14011194,11/01/2014,11-November,7-Saturday,17:04,1700 Hours,District 3 (Northwest),,CARROLL,,NOBLE AVE & 260TH ST,Collision with:  Vehicle in traffic,On Roadway,Broadside (front to side),FTYROW:  From stop sign,None Indicated,,Daylight,"Mud, dirt",Clear,None apparent,Intersection:  Four-way intersection,Unpaved,,Minor Injury,0,2,0,2,0,0,7500,2,5,,POINT (-94.841809771964 41.978691064512)
2014826680,,11/01/2014,11-November,7-Saturday,19:20,1900 Hours,District 6 (East Central),DE WITT,CLINTON,US 61,US 61,Collision with:  Animal,On Roadway,Non-collision (single vehicle),Animal,None Indicated,,Dark - roadway not lighted,Dry,Clear,None apparent,Non-intersection:  Non-junction/no special feature,Paved,,Property Damage Only,0,0,0,0,0,0,4000,1,1,,POINT (-90.569451711139 41.832831409229)
2014824966,14-36262,11/01/2014,11-November,7-Saturday,18:50,1800 Hours,District 3 (Northwest),SIOUX CITY,WOODBURY,,OUTER DR N,Collision with:  Animal,,,Animal,None Indicated,,,,,,,Paved,,Property Damage Only,0,0,0,0,0,0,1500,1,1,,POINT (-96.344333941546 42.520254443577)
2014826820,201416378,11/01/2014,11-November,7-Saturday,11:57,1100 Hours,District 6 (East Central),CEDAR RAPIDS,LINN,,BLAIRS FERRY RD NE,Collision with:  Vehicle in traffic,On Roadway,Rear-end (front to rear),Other (explain in narrative):  No improper action,None Indicated,,Daylight,Dry,Clear,None apparent,Non-intersection:  Non-junction/no special feature,Paved,,Property Damage Only,0,0,0,0,0,0,2000,2,2,,POINT (-91.63909072989 42.034773824884)
2014843820,,11/01/2014,11-November,7-Saturday,19:18,1900 Hours,District 2 (Northeast),,BUTLER,,Co Rd C33/180 ST,Collision with:  Animal,On Roadway,Non-collision (single vehicle),Animal,None Indicated,,,,,,,Paved,,Property Damage Only,0,0,0,0,0,0,10000,1,1,,POINT (-92.800091815698 42.788365893719)
2014826589,2014-76416,11/01/2014,11-November,7-Saturday,22:37,2200 Hours,District 6 (East Central),DAVENPORT,SCOTT,I-74,I-74 & VETERANS MEMORIAL PKWY,Collision with:  Animal,,,Animal,None Indicated,,,,,,,Paved,,Property Damage Only,0,0,0,0,0,0,2000,1,1,,POINT (-90.522979848188 41.589446676685)
2014832052,,11/01/2014,11-November,7-Saturday,15:40,1500 Hours,District 2 (Northeast),,WINNESHIEK,US 52,US 52 & STATE LINE RD,Collision with:  Animal,On Roadway,Non-collision (single vehicle),Animal,None Indicated,,Daylight,,Clear,None apparent,Non-intersection:  Non-junction/no special feature,Paved,,Property Damage Only,0,0,0,0,0,0,20000,1,2,,POINT (-91.871129519288 43.500726716103)
2014825192,14014345,11/01/2014,11-November,7-Saturday,15:32,1500 Hours,District 4 (Southwest),MALVERN,MILLS,,MAIN ST & W 9TH ST & E 9TH ST,Collision with:  Vehicle in traffic,On Roadway,Broadside (front to side),FTYROW:  From driveway,None Indicated,,Daylight,Dry,Clear,None apparent,Non-intersection:  Driveway access (within),Paved,,Property Damage Only,0,0,0,0,0,0,5000,2,3,,POINT (-95.58517520593 41.007175791714)
2014824952,S14-11279,11/01/2014,11-November,7-Saturday,13:50,1300 Hours,District 3 (Northwest),CORRECTIONVILLE,WOODBURY,IA 31,IA 31/HWY 31 & MICHIGAN AVE,Collision with:  Other non-fixed object (explain in narrative),On Roadway,Non-collision (single vehicle),Other (explain in narrative):  No improper action,None Indicated,,Daylight,Dry,Clear,Debris,Non-intersection:  Non-junction/no special feature,Paved,,Property Damage Only,0,0,0,0,0,0,1501,1,2,,POINT (-95.825258852824 42.444047225429)
2014824864,14-046548,11/01/2014,11-November,7-Saturday,20:30,2000 Hours,District 4 (Southwest),COUNCIL BLUFFS,POTTAWATTAMIE,,9TH AVE,Collision with:  Vehicle in traffic,Outside trafficway,Unknown,Unknown,None Indicated,,Dark - roadway lighted,Dry,Clear,None apparent,Non-intersection:  Non-junction/no special feature,Paved,,Property Damage Only,0,0,0,0,0,0,2500,2,777,,POINT (-95.904289867045 41.253706937886)
2014825016,1400000952,11/01/2014,11-November,7-Saturday,06:20,0600 Hours,District 1 (Central),,MARSHALL,,REED AVE & 170TH ST,Collision with fixed object:  Ditch,Outside trafficway,Non-collision (single vehicle),Ran off road - straight,None Indicated,,Dark - roadway not lighted,Dry,Clear,None apparent,Intersection:  T-intersection,Paved,,Minor Injury,0,1,0,1,0,0,2000,1,1,,POINT (-92.92301514469 42.107105462491)
2014824648,2014-039277,11/01/2014,11-November,7-Saturday,19:10,1900 Hours,District 6 (East Central),DUBUQUE,DUBUQUE,IA 32,IA 32/IA32 NW ARTERIAL,Non-collision events:  Other non-collision (explain in narrative),On Roadway,Non-collision (single vehicle),Other (explain in narrative):  No improper action,None Indicated,,Dark - roadway not lighted,Dry,Clear,None apparent,Non-intersection:  Non-junction/no special feature,Paved,,Property Damage Only,0,0,0,0,0,0,1500,1,2,,POINT (-90.731113599383 42.523192535068)
2014824857,201505175,11/01/2014,11-November,7-Saturday,17:25,1700 Hours,District 1 (Central),BOONE,BOONE,US 30,US 30/220TH ST,Collision with:  Animal,,,Animal,None Indicated,,,,,,,Paved,,Property Damage Only,0,0,0,0,0,0,2000,1,1,,POINT (-93.855905448579 42.034526471223)
2014834222,14-16663,11/01/2014,11-November,7-Saturday,17:20,1700 Hours,District 3 (Northwest),,CLAY,IA 10,IA 10/IOWA 10 & 140TH AVE,Collision with:  Animal,,,Animal,None Indicated,,,,,,,Paved,,Property Damage Only,0,0,0,0,0,0,4000,1,1,,POINT (-95.304431204388 42.924814519571)
2014825228,14-033920,11/01/2014,11-November,7-Saturday,05:00,0500 Hours,District 5 (Southeast),,LEE,US 61,US 61,Collision with:  Animal,,Non-collision (single vehicle),Animal,None Indicated,,,,,,,Paved,,Property Damage Only,0,0,0,0,0,0,2500,1,1,,POINT (-91.234318743476 40.710456621509)
2014824736,2014061497,11/01/2014,11-November,7-Saturday,11:27,1100 Hours,District 2 (Northeast),,CLAYTON,,KITTYHAWK AVE,Collision with:  Vehicle in traffic,On Roadway,Broadside (front to side),FTYROW:  From driveway,None Indicated,,Daylight,"Mud, dirt",Clear,None apparent,Non-intersection:  Driveway access (within),Unpaved,,Property Damage Only,0,0,0,0,0,0,4500,2,2,,POINT (-91.193504867576 43.008868063695)
2014825522,2014061515,11/01/2014,11-November,7-Saturday,14:20,1400 Hours,District 1 (Central),,POWESHIEK,IA 21,IA 21/IOWA 21 & 410TH AVE,Collision with:  Vehicle in traffic,On Roadway,"Sideswipe, opposite direction",Crossed centerline (undivided),None Indicated,,Daylight,Dry,Clear,None apparent,Non-intersection:  Non-junction/no special feature,Paved,,Possible/Unknown,0,1,0,0,1,0,45000,2,2,,POINT (-92.357777841463 41.703056364474)
2014828292,4514-047,11/01/2014,11-November,7-Saturday,10:24,1000 Hours,District 2 (Northeast),,HOWARD,IA 9,IA 9/IOWA 9,Collision with:  Animal,,Non-collision (single vehicle),Animal,None Indicated,,,,,,,Paved,,Property Damage Only,0,0,0,0,0,0,2500,1,1,,POINT (-92.230490067067 43.370913933381)
2014824690,14-046509,11/01/2014,11-November,7-Saturday,16:20,1600 Hours,District 4 (Southwest),COUNCIL BLUFFS,POTTAWATTAMIE,,34TH AVE & S EXPRESSWAY,Collision with:  Vehicle in traffic,On Roadway,Rear-end (front to rear),Followed too close,None Indicated,,Daylight,Dry,Clear,None apparent,Non-intersection:  Non-junction/no special feature,Paved,,Property Damage Only,0,0,0,0,0,0,2000,2,2,,POINT (-95.850754759469 41.225496049429)
2014825362,W14-108611,11/01/2014,11-November,7-Saturday,05:30,0500 Hours,District 2 (Northeast),WATERLOO,BLACK HAWK,US 63,US 63/W 1ST ST & SYCAMORE ST,Collision with:  Vehicle in traffic,On Roadway,Rear-end (front to rear),Other (explain in narrative):  Other,None Indicated,,Dark - roadway lighted,Dry,Clear,None apparent,Intersection:  Four-way intersection,Paved,,Property Damage Only,0,0,0,0,0,0,3000,2,2,,POINT (-92.340193107595 42.501026884803)
2014824549,14-1328,11/01/2014,11-November,7-Saturday,02:03,0200 Hours,District 1 (Central),CLIVE,POLK,,WOODLANDS PKWY & NW 128TH ST,Collision with:  Animal,,,Animal,None Indicated,,,,,,,Paved,,Property Damage Only,0,0,0,0,0,0,1501,1,1,,POINT (-93.794284555993 41.609161607658)
2014825334,,11/01/2014,11-November,7-Saturday,18:45,1800 Hours,District 1 (Central),JEWELL,HAMILTON,,Co Rd D56/330TH ST & QUEENS AVE & LYON ST,Collision with:  Animal,On Roadway,Non-collision (single vehicle),Animal,None Indicated,,,,,,,Paved,,Property Damage Only,0,0,0,0,0,0,2000,1,2,,POINT (-93.659452466791 42.310606627637)
2014831850,1411011332,11/01/2014,11-November,7-Saturday,13:32,1300 Hours,District 6 (East Central),WYOMING,JONES,IA 64,IA 64/MAIN ST & WATER ST,Collision with:  Vehicle in traffic,On Roadway,Rear-end (front to rear),Swerving/Evasive Action,None Indicated,,Daylight,Dry,Clear,None apparent,Non-intersection:  Non-junction/no special feature,Paved,,Property Damage Only,0,0,0,0,0,0,3200,2,2,,POINT (-91.008229287752 42.058889055821)