Iowa DOT Case Number,Law Enforcement Case Number,Date of Crash,Month of Crash,Day of Week,Time of Crash,Hour,DOT District,City Name,County Name,Route with System,Location Description,First Harmful Event,Location of First Harmful Event,Manner of Crash/Collision,Major Cause,Drug or Alcohol ,Environmental Conditions,Light Conditions,Surface Conditions,Weather Conditions,Roadway Contribution,Roadway Type,Roadway Surface,Work Zone,Crash Severity,Number of Fatalities,Number of Injuries,Number of Major Injuries,Number of Minor Injuries,Number of Possible Injuries,Number of Unknown Injuries,Amount of Property Damage,Number of Vehicles Involved,Total Number of Occupants,Travel Direction,Location
2014831688,14-007979,11/01/2014,11-November,7-Saturday,19:50,1900 Hours,District 3 (Northwest),,PALO ALTO,,Co Rd B63/490 ST,Collision with:  Animal,,,Animal,None Indicated,,,,,,,Paved,,Property Damage Only,0,0,0,0,0,0,3500,1,1,,POINT (-94.771368480941 42.938045058284)
2014826579,14-015357,11/01/2014,11-November,7-Saturday,09:18,0900 Hours,District 2 (Northeast),ARLINGTON,FAYETTE,,Co Rd W51/D AVE,Collision with:  Animal,,,Animal,None Indicated,,,,,,,Paved,,Property Damage Only,0,0,0,0,0,0,1500,1,1,,POINT (-91.666785274152 42.770774309077)
2014824633,14-3151,11/01/2014,11-November,7-Saturday,12:00,1200 Hours,District 2 (Northeast),OSAGE,MITCHELL,US 218,US 218/MAIN ST,Collision with:  Vehicle in traffic,On Roadway,Rear-end (front to rear),Unknown,None Indicated,,Daylight,Dry,Cloudy,None apparent,Non-intersection:  Non-junction/no special feature,Paved,,Property Damage Only,0,0,0,0,0,0,3000,2,3,,POINT (-92.809680109759 43.284100119131)
2014825430,2014061586,11/01/2014,11-November,7-Saturday,22:56,2200 Hours,District 6 (East Central),,IOWA,I-80,I-80,Collision with:  Animal,On Roadway,Non-collision (single vehicle),Animal,None Indicated,,Dark - roadway not lighted,Dry,Clear,None apparent,Non-intersection:  Non-junction/no special feature,Paved,,Property Damage Only,0,0,0,0,0,0,6000,1,1,,POINT (-92.155677151372 41.695939658176)
2014824813,14-260,11/01/2014,11-November,7-Saturday,20:19,2000 Hours,District 4 (Southwest),SHARPSBURG,TAYLOR,,SHERWOOD AVE,Collision with:  Animal,,,Animal,None Indicated,,,,,,,Unpaved,,Property Damage Only,0,0,0,0,0,0,6000,1,1,,POINT (-94.585746372582 40.801763061968)
2014825038,2014-23762,11/01/2014,11-November,7-Saturday,21:17,2100 Hours,District 5 (Southeast),,WARREN,IA 92,IA 92/IOWA 92,Collision with:  Animal,On Roadway,Non-collision (single vehicle),Animal,None Indicated,,Dark - roadway not lighted,Dry,Clear,None apparent,Non-intersection:  Non-junction/no special feature,Paved,,Property Damage Only,0,0,0,0,0,0,2000,1,1,,POINT (-93.662926951176 41.361029554573)
2014825070,CL14003878,11/01/2014,11-November,7-Saturday,00:17,0000 Hours,District 6 (East Central),CLINTON,CLINTON,,N 4TH ST,Collision with:  Parked motor vehicle,On Roadway,Rear-end (front to rear),"Operating vehicle in an reckless, erratic, careless, negligent manner",Refused,,Dark - roadway lighted,Dry,Cloudy,None apparent,Non-intersection:  Non-junction/no special feature,Paved,,Property Damage Only,0,0,0,0,0,0,11200,2,1,,POINT (-90.190269123286 41.855867210675)
2014825313,14-21352,11/01/2014,11-November,7-Saturday,11:26,1100 Hours,District 6 (East Central),BETTENDORF,SCOTT,US 67,US 67/GRANT ST & 19TH ST,Collision with:  Vehicle in traffic,On Roadway,Broadside (front to side),Made improper turn,None Indicated,,Daylight,Dry,Clear,None apparent,Intersection:  Four-way intersection,Paved,,Property Damage Only,0,0,0,0,0,0,2500,2,2,,POINT (-90.505917132876 41.526267457633)
2014824540,14-004740,11/01/2014,11-November,7-Saturday,16:50,1600 Hours,District 1 (Central),ANKENY,POLK,I-35,I-35,Non-collision events:  Other non-collision (explain in narrative),On Roadway,Non-collision (single vehicle),Swerving/Evasive Action,None Indicated,,Daylight,Dry,Clear,None apparent,Non-intersection:  Non-junction/no special feature,Paved,,Minor Injury,0,1,0,1,0,0,4000,1,1,,POINT (-93.57720773566 41.742906229602)
2014824902,,11/01/2014,11-November,7-Saturday,00:00,0000 Hours,District 5 (Southeast),,LUCAS,IA 14,IA 14,Collision with:  Animal,On Roadway,Non-collision (single vehicle),Animal,None Indicated,,,,,,,Paved,,Property Damage Only,0,0,0,0,0,0,1500,1,1,,POINT (-93.292441742893 41.074765594177)
2014825000,14-12800,11/01/2014,11-November,7-Saturday,11:08,1100 Hours,District 3 (Northwest),,SIOUX,IA 60,IA 60/IOWA 60,Collision with:  Animal,,,Animal,None Indicated,,,,,,,Paved,,Property Damage Only,0,0,0,0,0,0,3000,1,1,,POINT (-95.919759214823 43.038841774941)
2014824616,14-3514,11/01/2014,11-November,7-Saturday,19:00,1900 Hours,District 1 (Central),FORT DODGE,WEBSTER,,WILLIAMS DR,Non-collision events:  Other non-collision (explain in narrative),Roadside,Non-collision (single vehicle),Other (explain in narrative):  No improper action,None Indicated,,Dark - roadway lighted,Dry,Cloudy,None apparent,Non-intersection:  Non-junction/no special feature,Paved,,Property Damage Only,0,0,0,0,0,0,1500,1,2,,POINT (-94.186178091295 42.517563577616)
2014824748,14-046525,11/01/2014,11-November,7-Saturday,18:42,1800 Hours,District 4 (Southwest),COUNCIL BLUFFS,POTTAWATTAMIE,,E PIERCE ST,Collision with:  Vehicle in traffic,On Roadway,Broadside (front to side),Ran Traffic Signal,None Indicated,,Dark - roadway lighted,Dry,Clear,None apparent,Intersection:  Four-way intersection,Paved,,Property Damage Only,0,0,0,0,0,0,4000,2,2,,POINT (-95.843032004281 41.262802460896)
2014825332,AC14-041,11/01/2014,11-November,7-Saturday,08:50,0800 Hours,District 1 (Central),STORY CITY,STORY,I-35,I-35 & Co Rd E15/115TH ST,Collision with:  Vehicle in traffic,On Roadway,"Angle, oncoming left turn",FTYROW:  Making left turn,None Indicated,,Daylight,Dry,Clear,None apparent,Intersection:  T-intersection,Paved,,Minor Injury,0,2,0,1,1,0,22000,2,3,,POINT (-93.572505689515 42.187760365861)
2014824654,2014012293,11/01/2014,11-November,7-Saturday,18:13,1800 Hours,District 6 (East Central),IOWA CITY,JOHNSON,IA 1,IA 1/E BURLINGTON ST,Collision with fixed object:  Utility pole/light support,On Roadway,Non-collision (single vehicle),Crossed centerline (undivided),Refused,,Dusk,Dry,Clear,None apparent,Non-intersection:  Non-junction/no special feature,Paved,,Property Damage Only,0,0,0,0,0,0,11500,1,1,,POINT (-91.535373588375 41.657877496585)
2014825211,2014013551,11/01/2014,11-November,7-Saturday,19:00,1900 Hours,District 6 (East Central),,DUBUQUE,US 151,US 151,Collision with:  Animal,,Non-collision (single vehicle),Animal,None Indicated,,,,,,,Paved,,Property Damage Only,0,0,0,0,0,0,5000,1,1,,POINT (-90.947735099878 42.315496713214)
2014828555,2014-006866,11/01/2014,11-November,7-Saturday,16:02,1600 Hours,District 6 (East Central),,BENTON,,Co Rd W18/29 AVE,Collision with fixed object:  Ditch,On Roadway,Non-collision (single vehicle),"Operating vehicle in an reckless, erratic, careless, negligent manner",None Indicated,,Daylight,Dry,Clear,None apparent,Non-intersection:  Non-junction/no special feature,Unpaved,,Minor Injury,0,2,0,1,1,0,3000,1,2,,POINT (-91.932389236377 42.025655332561)
2014824621,RJT11011401,11/01/2014,11-November,7-Saturday,12:05,1200 Hours,District 5 (Southeast),OSCEOLA,CLARKE,US 34,US 34/W MC LANE ST,Collision with:  Vehicle in traffic,On Roadway,Rear-end (front to rear),Other (explain in narrative):  Other,None Indicated,,Daylight,Dry,Clear,None apparent,Non-intersection:  Driveway access (within),Paved,,Possible/Unknown,0,1,0,0,1,0,6500,2,2,,POINT (-93.772753466711 41.030559098202)
2014834223,14-16668,11/01/2014,11-November,7-Saturday,18:49,1800 Hours,District 3 (Northwest),,CLAY,,330TH ST,Collision with fixed object:  Ditch,Outside trafficway,Non-collision (single vehicle),Swerving/Evasive Action,Under Influence of Alcohol/Drugs/Medications,,Dark - roadway not lighted,Dry,Cloudy,None apparent,Non-intersection:  Non-junction/no special feature,Unpaved,,Minor Injury,0,1,0,1,0,0,150,1,2,,POINT (-95.27316195578 43.1690843913)
2014825066,14-12790,11/01/2014,11-November,7-Saturday,00:00,0000 Hours,District 3 (Northwest),,SIOUX,,COOLIDGE AVE & 350TH ST,Non-collision events:  Overturn/rollover,Roadside,Non-collision (single vehicle),Swerving/Evasive Action,None Indicated,,Dark - roadway not lighted,Dry,Clear,None apparent,Intersection:  Other intersection (explain in narrative),Unpaved,,Possible/Unknown,0,1,0,0,1,0,6000,1,1,,POINT (-96.392601634577 43.142533287542)
2014824800,2014061554,11/01/2014,11-November,7-Saturday,18:33,1800 Hours,District 5 (Southeast),,CLARKE,I-35,I-35 & Co Rd H48/DOYLE ST,Collision with:  Animal,,,Animal,None Indicated,,,,,,,Paved,,Property Damage Only,0,0,0,0,0,0,8000,1,1,,POINT (-93.799776973207 40.942698553011)
2014824858,14-046480,11/01/2014,11-November,7-Saturday,10:17,1000 Hours,District 4 (Southwest),COUNCIL BLUFFS,POTTAWATTAMIE,IA 192,IA 192/S 6TH ST & W BROADWAY & BROADWAY KANESVILLE CONN,Collision with:  Vehicle in traffic,On Roadway,Broadside (front to side),Ran Traffic Signal,None Indicated,,Daylight,Dry,Clear,None apparent,Intersection:  Four-way intersection,Paved,,Possible/Unknown,0,2,0,0,2,0,9500,2,4,,POINT (-95.852022907719 41.261228959596)
2014825330,14-22293,11/01/2014,11-November,7-Saturday,14:22,1400 Hours,District 6 (East Central),,SCOTT,,90 AVE,Collision with fixed object:  Ditch,On Roadway,Non-collision (single vehicle),Over correcting/over steering,None Indicated,,Daylight,"Mud, dirt",Clear,None apparent,Non-intersection:  Non-junction/no special feature,Unpaved,,Property Damage Only,0,0,0,0,0,0,6000,1,2,,POINT (-90.7260389794 41.588663958896)
2014825489,SO14-1354,11/01/2014,11-November,7-Saturday,23:40,2300 Hours,District 2 (Northeast),EAGLE GROVE,WRIGHT,,1ST ST NW,Collision with:  Parked motor vehicle,Shoulder,Rear-end (front to rear),Other (explain in narrative):  Other,None Indicated,,Dark - roadway not lighted,Dry,Clear,None apparent,Non-intersection:  Non-junction/no special feature,Paved,,Property Damage Only,0,0,0,0,0,0,2000,2,3,,POINT (-93.910630474665 42.665174413503)
2014824797,2014-76404,11/01/2014,11-November,7-Saturday,21:53,2100 Hours,District 6 (East Central),DAVENPORT,SCOTT,,E 53RD ST & E 52ND ST,Collision with:  Other non-fixed object (explain in narrative),On Roadway,Non-collision (single vehicle),Unknown,None Indicated,,Dark - roadway not lighted,Dry,Clear,Work Zone (roadway-related),Intersection:  T-intersection,Paved,Yes,Property Damage Only,0,0,0,0,0,0,1500,1,1,,POINT (-90.556407216463 41.574689534482)
2014824491,W14-108706,11/01/2014,11-November,7-Saturday,15:04,1500 Hours,District 2 (Northeast),WATERLOO,BLACK HAWK,,HAWTHORNE AVE & OHIO ST,Collision with:  Vehicle in traffic,On Roadway,Broadside (front to side),FTYROW:  From yield sign,None Indicated,,Daylight,Dry,Clear,None apparent,Intersection:  Four-way intersection,Paved,,Possible/Unknown,0,3,0,0,3,0,8100,2,4,,POINT (-92.328320482297 42.481145070378)
2014825564,,11/01/2014,11-November,7-Saturday,19:15,1900 Hours,District 2 (Northeast),,ALLAMAKEE,IA 76,IA 76/IOWA 76,Collision with:  Animal,On Roadway,Non-collision (single vehicle),Animal,None Indicated,,Dark - roadway not lighted,Dry,Clear,,Non-intersection:  Non-junction/no special feature,Paved,,Property Damage Only,0,0,0,0,0,0,4200,1,2,,POINT (-91.217714438163 43.13003651185)
2014826271,C14-0003027,11/01/2014,11-November,7-Saturday,19:55,1900 Hours,District 2 (Northeast),MARQUETTE,CLAYTON,IA 76,IA 76/IOWA 76,Non-collision events:  Other non-collision (explain in narrative),On Roadway,Non-collision (single vehicle),Other (explain in narrative):  No improper action,None Indicated,,Dark - roadway not lighted,Dry,Cloudy,Debris,Non-intersection:  Non-junction/no special feature,Paved,,Property Damage Only,0,0,0,0,0,0,3500,1,5,,POINT (-91.17750623971 43.047388698221)
2014824905,W14-108737,11/01/2014,11-November,7-Saturday,17:57,1700 Hours,District 2 (Northeast),WATERLOO,BLACK HAWK,,EASTON AVE & W 11TH ST,Collision with:  Vehicle in traffic,On Roadway,Broadside (front to side),Ran Traffic Signal,None Indicated,,Daylight,Dry,Clear,None apparent,Intersection:  Four-way intersection,Paved,,Possible/Unknown,0,1,0,0,1,0,5000,2,3,,POINT (-92.335049402742 42.473034003142)
2014825429,2014061573,11/01/2014,11-November,7-Saturday,21:09,2100 Hours,District 1 (Central),,POWESHIEK,,Co Rd F39/415TH AVE & 190TH ST,Collision with:  Animal,On Roadway,Non-collision (single vehicle),Animal,None Indicated,,Dark - roadway not lighted,Dry,Clear,None apparent,Non-intersection:  Non-junction/no special feature,Unpaved,,Property Damage Only,0,0,0,0,0,0,5000,1,1,,POINT (-92.416292875296 41.695649405717)
2014824545,14-004730,11/01/2014,11-November,7-Saturday,09:05,0900 Hours,District 1 (Central),ANKENY,POLK,,NE DELAWARE AVE,Collision with:  Vehicle in traffic,On Roadway,Broadside (front to side),FTYROW:  From driveway,None Indicated,,Daylight,Dry,Clear,None apparent,Non-intersection:  Driveway access (within),Paved,,Property Damage Only,0,0,0,0,0,0,2300,2,2,,POINT (-93.581051019477 41.734330184627)
2014824506,1411018091,11/01/2014,11-November,7-Saturday,06:10,0600 Hours,District 6 (East Central),CHARLOTTE,CLINTON,,Co Rd Z24/330 AVE,Collision with:  Animal,,,Animal,None Indicated,,,,,,,Paved,,Property Damage Only,0,0,0,0,0,0,1500,1,1,,POINT (-90.460786381049 41.947150229339)
2014825080,,11/01/2014,11-November,7-Saturday,08:28,0800 Hours,District 4 (Southwest),,ADAIR,,350TH ST,Collision with fixed object:  Ditch,Roadside,Non-collision (single vehicle),Swerving/Evasive Action,None Indicated,,Daylight,"Mud, dirt",Clear,"Surface condition (e.g., wet, icy)",Non-intersection:  Non-junction/no special feature,Unpaved,,Minor Injury,0,1,0,1,0,0,8075,1,1,,POINT (-94.438959135225 41.503831073875)
2014824570,20140032572,11/01/2014,11-November,7-Saturday,18:18,1800 Hours,District 1 (Central),DES MOINES,POLK,,E TIFFIN AVE,Collision with:  Vehicle in traffic,On Roadway,Rear-end (front to rear),Unknown,None Indicated,,Dusk,Dry,Clear,None apparent,Non-intersection:  Non-junction/no special feature,Paved,,Property Damage Only,0,0,0,0,0,0,4500,2,3,,POINT (-93.570329925924 41.624677182856)
2014824803,2014061626,11/01/2014,11-November,7-Saturday,22:45,2200 Hours,District 5 (Southeast),,WARREN,US 69,US 69,Collision with:  Animal,,,Animal,None Indicated,,,,,,,Paved,,Property Damage Only,0,0,0,0,0,0,3500,1,1,,POINT (-93.594625870536 41.192876920553)
2014824722,SA1409251,11/01/2014,11-November,7-Saturday,13:43,1300 Hours,District 5 (Southeast),WELLMAN,WASHINGTON,,13TH ST & 8TH AVE & 8TH AVE N,Collision with:  Vehicle in traffic,On Roadway,Rear-end (front to rear),Followed too close,None Indicated,,Daylight,Dry,Clear,None apparent,Non-intersection:  Driveway access (within),Paved,,Property Damage Only,0,0,0,0,0,0,12000,2,3,,POINT (-91.837703828212 41.474723317437)
2014829205,143657,11/01/2014,11-November,7-Saturday,20:30,2000 Hours,District 2 (Northeast),HAMPTON,FRANKLIN,,12TH AVE NE,Collision with:  Animal,,Non-collision (single vehicle),Animal,None Indicated,,,,,,,Unpaved,,Property Damage Only,0,0,0,0,0,0,4500,1,1,,POINT (-93.185667371956 42.752674257151)
2014824572,20140032575,11/01/2014,11-November,7-Saturday,18:35,1800 Hours,District 1 (Central),DES MOINES,POLK,I-235,I-235,Collision with:  Vehicle in traffic,On Roadway,Rear-end (front to rear),Other (explain in narrative):  Other,None Indicated,,Dark - roadway lighted,Dry,Clear,None apparent,Non-intersection:  Non-junction/no special feature,Paved,,Property Damage Only,0,0,0,0,0,0,7500,3,3,,POINT (-93.657053082231 41.593103294228)
2014824737,2014061555,11/01/2014,11-November,7-Saturday,18:45,1800 Hours,District 2 (Northeast),,WORTH,I-35,I-35,Collision with:  Animal,,,Animal,None Indicated,,,,,,,Paved,,Property Damage Only,0,0,0,0,0,0,4000,1,1,,POINT (-93.34983376968 43.291971734651)
2014826107,2014061566,11/01/2014,11-November,7-Saturday,20:49,2000 Hours,District 4 (Southwest),,POTTAWATTAMIE,I-80,I-80,Collision with:  Animal,,,Animal,None Indicated,,,,,,,Paved,,Property Damage Only,0,0,0,0,0,0,7500,1,1,,POINT (-95.477944766724 41.499092980659)
2014825205,2014-039278,11/01/2014,11-November,7-Saturday,19:30,1900 Hours,District 6 (East Central),DUBUQUE,DUBUQUE,,GRANDVIEW AVE N,Collision with:  Vehicle in traffic,On Roadway,Non-collision (single vehicle),Animal,None Indicated,,Dark - roadway lighted,Dry,Cloudy,None apparent,Non-intersection:  Non-junction/no special feature,Paved,,Property Damage Only,0,0,0,0,0,0,2500,1,1,,POINT (-90.697299984596 42.522364655749)
2014824588,20140032513,11/01/2014,11-November,7-Saturday,02:53,0200 Hours,District 1 (Central),DES MOINES,POLK,,WILLIAMS ST,Non-collision events:  Other non-collision (explain in narrative),On Roadway,Rear-end (front to rear),Exceeded authorized speed,None Indicated,,Dark - roadway lighted,Dry,Clear,None apparent,Non-intersection:  Non-junction/no special feature,Paved,,Possible/Unknown,0,1,0,0,1,0,15000,2,777,,POINT (-93.533276991388 41.612118832162)
2014824568,20140032544,11/01/2014,11-November,7-Saturday,13:35,1300 Hours,District 1 (Central),DES MOINES,POLK,IA 163,IA 163/E UNIVERSITY AVE & E 30TH ST,Collision with:  Vehicle in traffic,On Roadway,"Sideswipe, same direction",Improper or erratic lane changing,None Indicated,,Daylight,Dry,Clear,None apparent,Non-intersection:  Non-junction/no special feature,Paved,,Property Damage Only,0,0,0,0,0,0,4500,2,4,,POINT (-93.558429544638 41.600551207392)
2014826818,201416361,11/01/2014,11-November,7-Saturday,03:17,0300 Hours,District 6 (East Central),CEDAR RAPIDS,LINN,,H AVE NE & CENTER POINT RD NE,Collision with:  Vehicle in traffic,On Roadway,Rear-end (front to rear),Followed too close,None Indicated,,Dark - roadway lighted,Dry,Clear,None apparent,Intersection:  Other intersection (explain in narrative),Paved,,Possible/Unknown,0,1,0,0,1,0,10000,2,9,,POINT (-91.662609068672 41.995737448373)
2014834004,2014061576,11/01/2014,11-November,7-Saturday,05:37,0500 Hours,District 2 (Northeast),,FAYETTE,,Co Rd C24/KORNHILL RD,Collision with:  Animal,,,Animal,None Indicated,,,,,,,Paved,,Property Damage Only,0,0,0,0,0,0,1500,1,1,,POINT (-91.740670001651 42.809558866105)
2014824642,14015499,11/01/2014,11-November,7-Saturday,18:38,1800 Hours,District 5 (Southeast),,APPANOOSE,IA 5,IA 5/IOWA 5,Collision with:  Animal,On Roadway,Non-collision (single vehicle),Animal,None Indicated,,Dark - roadway not lighted,Dry,Clear,None apparent,Non-intersection:  Non-junction/no special feature,Paved,,Property Damage Only,0,0,0,0,0,0,2500,1,1,,POINT (-92.867438533367 40.658302758369)
2014824796,2014-76395,11/01/2014,11-November,7-Saturday,21:19,2100 Hours,District 6 (East Central),DAVENPORT,SCOTT,,E 53RD ST,Collision with:  Animal,,,Animal,None Indicated,,,,,,,Paved,,Property Damage Only,0,0,0,0,0,0,1500,1,1,,POINT (-90.534621129339 41.574827610532)
2014828077,14-001623,11/01/2014,11-November,7-Saturday,10:27,1000 Hours,District 1 (Central),AMES,STORY,,IOWA STATE UNIVERSITY & MORTENSON RD & HAYWARD AVE,Collision with:  Vehicle in traffic,On Roadway,Broadside (front to side),FTYROW:  From stop sign,None Indicated,,Daylight,Dry,Clear,None apparent,Intersection:  Four-way intersection,Paved,,Property Damage Only,0,0,0,0,0,0,1850,2,3,,POINT (-93.651671744374 42.011865283273)
2014825521,2014061501,11/01/2014,11-November,7-Saturday,13:15,1300 Hours,District 1 (Central),,POWESHIEK,I-80,I-80,Collision with fixed object:  Guardrail - face,On Roadway,Non-collision (single vehicle),Ran off road - right,None Indicated,,Daylight,Dry,Clear,None apparent,Non-intersection:  Non-junction/no special feature,Paved,,Property Damage Only,0,0,0,0,0,0,7500,1,2,,POINT (-92.649997949085 41.69580616254)
2014825316,20144009,11/01/2014,11-November,7-Saturday,17:15,1700 Hours,District 1 (Central),,GRUNDY,IA 175,IA 175/DIAGONAL RD,Collision with:  Vehicle in traffic,On Roadway,Rear-end (front to rear),Other (explain in narrative):  Other,None Indicated,,Daylight,Dry,Clear,None apparent,Non-intersection:  Non-junction/no special feature,Paved,,Major Injury,0,1,1,0,0,0,5600,3,3,,POINT (-92.623523698471 42.328537168883)
2014824675,148390,11/01/2014,11-November,7-Saturday,02:40,0200 Hours,District 4 (Southwest),PERRY,DALLAS,,150TH ST & K AVE,Non-collision events:  Overturn/rollover,On Roadway,Non-collision (single vehicle),Exceeded authorized speed,Refused,,Dark - roadway not lighted,Dry,Clear,None apparent,Intersection:  Four-way intersection,Unpaved,,Property Damage Only,0,0,0,0,0,0,5500,1,1,,POINT (-94.086816902197 41.820295437151)
2014825375,14112054,11/01/2014,11-November,7-Saturday,18:28,1800 Hours,District 4 (Southwest),CLARINDA,PAGE,,E WASHINGTON ST,Collision with:  Vehicle in traffic,On Roadway,Rear-end (front to rear),FTYROW:  From parked position,None Indicated,,Dark - roadway lighted,Dry,Clear,None apparent,Non-intersection:  Non-junction/no special feature,Paved,,Property Damage Only,0,0,0,0,0,0,2000,2,2,,POINT (-95.036993826393 40.739288340643)
2014824676,148400,11/01/2014,11-November,7-Saturday,18:00,1800 Hours,District 4 (Southwest),,DALLAS,IA 141,IA 141/IOWA 141,Miscellaneous events:  Fire/explosion,,,Unknown,None Indicated,,,,,,,Paved,,Property Damage Only,0,0,0,0,0,0,10000,1,4,,POINT (-93.877791385019 41.787748942071)
2014824533,141101-A,11/01/2014,11-November,7-Saturday,15:42,1500 Hours,District 4 (Southwest),RED OAK,MONTGOMERY,,REED ST,Collision with:  Vehicle in traffic,On Roadway,"Sideswipe, same direction",Unknown,None Indicated,,Daylight,Dry,Clear,None apparent,Non-intersection:  Non-junction/no special feature,Paved,,Property Damage Only,0,0,0,0,0,0,3000,2,1,,POINT (-95.21778688587 41.00987137917)
2014824747,2014-12671,11/01/2014,11-November,7-Saturday,11:00,1100 Hours,District 2 (Northeast),FOREST CITY,WINNEBAGO,,W I ST,Collision with:  Vehicle in traffic,On Roadway,Broadside (front to side),FTYROW:  From driveway,None Indicated,,Daylight,Dry,Clear,None apparent,Non-intersection:  Driveway access (within),Paved,,Property Damage Only,0,0,0,0,0,0,1500,2,2,,POINT (-93.647325976966 43.262940797587)
2014826469,A14081,11/01/2014,11-November,7-Saturday,16:50,1600 Hours,District 5 (Southeast),KNOXVILLE,MARION,IA 14,IA 14/LINCOLN ST,Collision with:  Vehicle in traffic,On Roadway,Rear-end (front to rear),Followed too close,None Indicated,,Daylight,Dry,Clear,None apparent,Intersection:  Other intersection (explain in narrative),Paved,,Property Damage Only,0,0,0,0,0,0,6000,2,5,,POINT (-93.109493169738 41.326162470878)
2014824558,20140032582,11/01/2014,11-November,7-Saturday,19:11,1900 Hours,District 1 (Central),DES MOINES,POLK,I-235,I-235 & E 6TH ST,Collision with:  Vehicle in traffic,On Roadway,Broadside (front to side),Ran Traffic Signal,None Indicated,,Dark - roadway lighted,Dry,Clear,None apparent,Intersection:  Intersection with ramp,Paved,,Fatal,1,3,0,0,3,0,21000,2,4,,POINT (-93.609829339133 41.59590352559)
2014824619,2014012270,11/01/2014,11-November,7-Saturday,04:14,0400 Hours,District 6 (East Central),IOWA CITY,JOHNSON,US 218,US 218,Collision with:  Vehicle in traffic,On Roadway,"Sideswipe, opposite direction",Crossed centerline (undivided),None Indicated,,Dark - roadway not lighted,Dry,Clear,None apparent,Non-intersection:  Non-junction/no special feature,Paved,,Property Damage Only,0,0,0,0,0,0,7000,2,6,,POINT (-91.592794230861 41.653461042723)
2014824823,14-0622,11/01/2014,11-November,7-Saturday,20:00,2000 Hours,District 1 (Central),,WEBSTER,IA 7,IA 7/190TH ST,Collision with:  Animal,,,Animal,None Indicated,,,,,,,Paved,,Property Damage Only,0,0,0,0,0,0,3500,1,1,,POINT (-94.37382667371 42.516665140193)
2014830857,108-14,11/01/2014,11-November,7-Saturday,19:18,1900 Hours,District 4 (Southwest),,MADISON,IA 92,IA 92/IOWA 92,Collision with:  Animal,,,Animal,None Indicated,,,,,,,Paved,,Property Damage Only,0,0,0,0,0,0,5000,1,1,,POINT (-93.80077241279 41.356784092903)
2014825582,14023148,11/01/2014,11-November,7-Saturday,08:25,0800 Hours,District 6 (East Central),MARION,LINN,,S 15TH ST,Non-collision events:  Other non-collision (explain in narrative),Outside trafficway,Non-collision (single vehicle),Other (explain in narrative):  Other,None Indicated,,Daylight,Dry,Clear,None apparent,Non-intersection:  Non-junction/no special feature,Paved,,Property Damage Only,0,0,0,0,0,0,1500,1,1,,POINT (-91.593755746218 42.019213682201)
2014824546,14-004731,11/01/2014,11-November,7-Saturday,09:44,0900 Hours,District 1 (Central),ANKENY,POLK,I-35,I-35,Collision with:  Vehicle in traffic,On Roadway,"Sideswipe, same direction",Improper or erratic lane changing,None Indicated,,Daylight,Dry,Clear,None apparent,Non-intersection:  Non-junction/no special feature,Paved,,Possible/Unknown,0,1,0,0,1,0,19500,3,3,,POINT (-93.576582195922 41.666205082835)
2014825166,14-005158,11/01/2014,11-November,7-Saturday,13:12,1300 Hours,District 1 (Central),AMES,STORY,US 69,US 69/S DUFF AVE & CHESTNUT ST,Collision with:  Vehicle in traffic,On Roadway,Rear-end (front to rear),Followed too close,None Indicated,,Daylight,Dry,Clear,None apparent,Intersection:  Four-way intersection,Paved,,Minor Injury,0,3,0,1,2,0,10000,2,5,,POINT (-93.610292893176 42.01150731613)
2014824596,14-2453,11/01/2014,11-November,7-Saturday,19:00,1900 Hours,District 1 (Central),URBANDALE,POLK,,AIRLINE AVE,Collision with:  Parked motor vehicle,On Roadway,"Sideswipe, same direction",Unknown,None Indicated,,Unknown,Dry,Clear,None apparent,Non-intersection:  Non-junction/no special feature,Paved,,Property Damage Only,0,0,0,0,0,0,1500,2,1,,POINT (-93.735300023583 41.632630399459)
2014824863,2014012273,11/01/2014,11-November,7-Saturday,08:01,0800 Hours,District 6 (East Central),IOWA CITY,JOHNSON,,IOWA AVE,Collision with fixed object:  Bridge overhead structure,On Roadway,Non-collision (single vehicle),Other (explain in narrative):  Disregarded Warning Sign,None Indicated,,Daylight,Dry,Clear,None apparent,Non-intersection:  Other non-intersection (explain in narrative),Paved,,Property Damage Only,0,0,0,0,0,0,20000,1,1,,POINT (-91.539932904685 41.661268052122)
2014825208,2014-5415,11/01/2014,11-November,7-Saturday,13:18,1300 Hours,District 4 (Southwest),WAUKEE,DALLAS,,LAUREL DR,Collision with:  Vehicle in traffic,On Roadway,Broadside (front to side),FTYROW:  From stop sign,None Indicated,,Daylight,Dry,Clear,None apparent,Intersection:  Four-way intersection,Paved,,Property Damage Only,0,0,0,0,0,0,18000,3,4,,POINT (-93.862532676388 41.613371535145)
2014824929,14-004749,11/01/2014,11-November,7-Saturday,12:40,1200 Hours,District 1 (Central),ANKENY,POLK,,SW STATE ST & SW VINTAGE PKWY,Collision with:  Vehicle in traffic,On Roadway,Head-on (front to front),FTYROW:  Making left turn,None Indicated,,Daylight,Dry,Clear,None apparent,Intersection:  Four-way intersection,Paved,,Property Damage Only,0,0,0,0,0,0,6000,2,2,,POINT (-93.621306887187 41.712799899862)