Iowa DOT Case Number,Law Enforcement Case Number,Date of Crash,Month of Crash,Day of Week,Time of Crash,Hour,DOT District,City Name,County Name,Route with System,Location Description,First Harmful Event,Location of First Harmful Event,Manner of Crash/Collision,Major Cause,Drug or Alcohol ,Environmental Conditions,Light Conditions,Surface Conditions,Weather Conditions,Roadway Contribution,Roadway Type,Roadway Surface,Work Zone,Crash Severity,Number of Fatalities,Number of Injuries,Number of Major Injuries,Number of Minor Injuries,Number of Possible Injuries,Number of Unknown Injuries,Amount of Property Damage,Number of Vehicles Involved,Total Number of Occupants,Travel Direction,Location
2014825178,14005147,11/01/2014,11-November,7-Saturday,01:30,0100 Hours,District 1 (Central),AMES,STORY,,ASH AVE,Collision with fixed object:  Tree,On Roadway,Non-collision (single vehicle),Lost Control,Alcohol (Statutory),,Dark - roadway lighted,Dry,Clear,None apparent,Non-intersection:  Non-junction/no special feature,Paved,,Possible/Unknown,0,1,0,0,1,0,10000,1,1,,POINT (-93.645440153616 42.011873473265)
2014836346,,11/01/2014,11-November,7-Saturday,18:41,1800 Hours,District 2 (Northeast),DECORAH,WINNESHIEK,IA 9,IA 9/IOWA 9 & SHORT ST,Collision with:  Vehicle in traffic,On Roadway,"Angle, oncoming left turn",Unknown,None Indicated,,Dark - roadway lighted,Dry,Clear,None apparent,Intersection:  Four-way intersection,Paved,,Property Damage Only,0,0,0,0,0,0,4000,2,4,,POINT (-91.796939895879 43.291537383176)
2014825191,14006687,11/01/2014,11-November,7-Saturday,16:58,1600 Hours,District 3 (Northwest),CHEROKEE,CHEROKEE,US 59,US 59/N 2ND ST,Collision with:  Vehicle in traffic,On Roadway,Rear-end (front to rear),Followed too close,None Indicated,,Daylight,Dry,Clear,None apparent,Non-intersection:  Non-junction/no special feature,Paved,,Property Damage Only,0,0,0,0,0,0,4000,2,3,,POINT (-95.551205357541 42.758376522566)
2014825074,C14-0000798,11/02/2014,11-November,1-Sunday,21:25,2100 Hours,District 2 (Northeast),ELKADER,CLAYTON,IA 13,IA 13/IOWA 13,Collision with:  Animal,,,Animal,None Indicated,,,,,,,Paved,,Property Damage Only,0,0,0,0,0,0,1500,1,1,,POINT (-91.394647279412 42.857945596558)
2014825661,14006946,11/02/2014,11-November,1-Sunday,17:34,1700 Hours,District 2 (Northeast),,CERRO GORDO,,YARROW AVE,Collision with:  Animal,On Roadway,Non-collision (single vehicle),Animal,None Indicated,,Dark - roadway not lighted,"Mud, dirt",Clear,None apparent,Non-intersection:  Non-junction/no special feature,Unpaved,,Property Damage Only,0,0,0,0,0,0,2000,1,1,,POINT (-93.044829666193 43.168358749078)
2014830009,14-16697,11/02/2014,11-November,1-Sunday,08:37,0800 Hours,District 3 (Northwest),SPENCER,CLAY,,6TH ST SW & 4TH AVE SW,Collision with:  Vehicle in traffic,On Roadway,"Sideswipe, opposite direction",Unknown,None Indicated,,Daylight,Dry,Clear,None apparent,Non-intersection:  Non-junction/no special feature,Paved,,Possible/Unknown,0,2,0,0,1,1,6000,2,4,,POINT (-95.150579716293 43.13243912368)
2014825012,2014-76766,11/02/2014,11-November,1-Sunday,14:30,1400 Hours,District 6 (East Central),DAVENPORT,SCOTT,,STURDEVANT ST,Collision with:  Vehicle in traffic,On Roadway,Broadside (front to side),FTYROW:  From driveway,None Indicated,,Daylight,Unknown,Clear,None apparent,Non-intersection:  Driveway access (within),Paved,,Property Damage Only,0,0,0,0,0,0,3000,2,2,,POINT (-90.598486564398 41.547692833471)
2014826785,2014061621,11/02/2014,11-November,1-Sunday,07:30,0700 Hours,District 5 (Southeast),,HENRY,US 34,US 34,Collision with:  Animal,,,Animal,None Indicated,,,,,,,Paved,,Property Damage Only,0,0,0,0,0,0,3000,1,1,,POINT (-91.420806622369 40.919731089603)
2014824814,148422,11/02/2014,11-November,1-Sunday,17:50,1700 Hours,District 4 (Southwest),,DALLAS,,Co Rd F60/OLD HWY 6,Collision with:  Animal,On Roadway,Non-collision (single vehicle),Animal,None Indicated,,Dark - roadway not lighted,Dry,Clear,None apparent,Non-intersection:  Non-junction/no special feature,Paved,,Fatal,1,1,1,0,0,0,5000,1,2,,POINT (-94.103568491422 41.596997985027)
2014824493,W14-109000,11/02/2014,11-November,1-Sunday,10:10,1000 Hours,District 2 (Northeast),WATERLOO,BLACK HAWK,US 218,US 218/WASHINGTON ST & WISCONSIN ST,Collision with:  Vehicle in traffic,On Roadway,"Sideswipe, same direction",Other (explain in narrative):  Other,None Indicated,,Daylight,Dry,Clear,None apparent,Intersection:  T-intersection,Paved,,Property Damage Only,0,0,0,0,0,0,2000,2,2,,POINT (-92.325556852381 42.482443695527)
2014826508,2014-7484,11/02/2014,11-November,1-Sunday,11:20,1100 Hours,District 6 (East Central),LE CLAIRE,SCOTT,,35TH ST & FOREST GROVE DR,Collision with fixed object:  Utility pole/light support,Roadside,Non-collision (single vehicle),Ran off road - right,None Indicated,,Daylight,Dry,Clear,None apparent,Intersection:  T-intersection,Paved,,Possible/Unknown,0,1,0,0,1,0,4000,1,1,,POINT (-90.392400251601 41.58671053185)
2014825660,14006940,11/02/2014,11-November,1-Sunday,13:54,1300 Hours,District 2 (Northeast),,CERRO GORDO,,Co Rd B20/305TH ST,Collision with:  Animal,,,Animal,None Indicated,,,,,,,Paved,,Property Damage Only,0,0,0,0,0,0,3000,1,1,,POINT (-93.112659262329 43.205564900718)
2014824600,14-002500,11/02/2014,11-November,1-Sunday,00:30,0000 Hours,District 1 (Central),ALTOONA,POLK,,28TH AVE SW & 13TH ST SW,Collision with:  Parked motor vehicle,On Roadway,"Sideswipe, same direction",Lost Control,None Indicated,,Dark - roadway lighted,Dry,Cloudy,None apparent,Non-intersection:  Non-junction/no special feature,Paved,,Property Damage Only,0,0,0,0,0,0,6000,2,1,,POINT (-93.49670420646 41.639943826418)
2014824567,20140032688,11/02/2014,11-November,1-Sunday,21:20,2100 Hours,District 5 (Southeast),DES MOINES,WARREN,US 65,US 65,Collision with:  Animal,On Roadway,Non-collision (single vehicle),Animal,None Indicated,,Dark - roadway not lighted,Dry,Clear,None apparent,Non-intersection:  Non-junction/no special feature,Paved,,Property Damage Only,0,0,0,0,0,0,10000,1,1,,POINT (-93.566847422279 41.48866599171)
2014824566,20140032677,11/02/2014,11-November,1-Sunday,17:16,1700 Hours,District 1 (Central),DES MOINES,POLK,,UNIVERSITY AVE & 6TH AVE,Collision with:  Vehicle in traffic,On Roadway,"Angle, oncoming left turn",FTYROW:  Making right turn on red signal,None Indicated,,Dark - roadway lighted,Dry,Cloudy,None apparent,Intersection:  Four-way intersection,Paved,,Property Damage Only,0,0,0,0,0,0,2450,2,2,,POINT (-93.625727251393 41.600790091637)
2014824649,2014-039297,11/02/2014,11-November,1-Sunday,15:47,1500 Hours,District 6 (East Central),DUBUQUE,DUBUQUE,US 20,US 20/DODGE ST,Non-collision events:  Other non-collision (explain in narrative),On Roadway,Non-collision (single vehicle),Other (explain in narrative):  No improper action,None Indicated,,Daylight,Dry,Clear,None apparent,Non-intersection:  Non-junction/no special feature,Paved,,Property Damage Only,0,0,0,0,0,0,4000,1,2,,POINT (-90.670621585478 42.491054400676)
2014824639,14009490,11/02/2014,11-November,1-Sunday,17:44,1700 Hours,District 6 (East Central),,DELAWARE,US 20,US 20,Collision with:  Animal,,,Animal,None Indicated,,,,,,,Paved,,Property Damage Only,0,0,0,0,0,0,8000,1,2,,POINT (-91.575870752218 42.464205461216)
2014825662,14006950,11/02/2014,11-November,1-Sunday,20:58,2000 Hours,District 2 (Northeast),,CERRO GORDO,US 18,US 18,Collision with:  Animal,,,Animal,None Indicated,,,,,,,Paved,,Property Damage Only,0,0,0,0,0,0,2500,1,1,,POINT (-93.150073208443 43.11189864003)
2014824486,W14-109047,11/02/2014,11-November,1-Sunday,13:15,1300 Hours,District 2 (Northeast),WATERLOO,BLACK HAWK,,W 2ND ST & SOUTH ST,Non-collision events:  Other non-collision (explain in narrative),On Roadway,Head-on (front to front),Driver Distraction:  Reaching for object(s)/fallen object(s),None Indicated,,Daylight,Dry,Clear,None apparent,Non-intersection:  Non-junction/no special feature,Paved,,Possible/Unknown,0,1,0,0,1,0,4000,2,1,,POINT (-92.346727394514 42.494138833602)
2014826110,2014061686,11/02/2014,11-November,1-Sunday,19:40,1900 Hours,District 4 (Southwest),COUNCIL BLUFFS,POTTAWATTAMIE,I-29,I-29,Collision with:  Vehicle in traffic,On Roadway,"Sideswipe, same direction",FTYROW:  Other (explain in narrative),None Indicated,,Dark - roadway lighted,Dry,Clear,None apparent,Interchange-related:  On-ramp merge area,Paved,,Property Damage Only,0,0,0,0,0,0,4300,2,4,,POINT (-95.84982508155 41.232102758079)
2014825245,2014-23829,11/02/2014,11-November,1-Sunday,17:39,1700 Hours,District 5 (Southeast),,WARREN,US 69,US 69,Collision with:  Animal,,,Animal,None Indicated,,,,,,,Paved,,Property Damage Only,0,0,0,0,0,0,1500,1,1,,POINT (-93.610071545976 41.177743969912)
2014825083,W14-109077,11/02/2014,11-November,1-Sunday,15:50,1500 Hours,District 2 (Northeast),WATERLOO,BLACK HAWK,,W 3RD ST & WELLINGTON ST,Collision with:  Vehicle in traffic,On Roadway,Broadside (front to side),FTYROW:  From stop sign,None Indicated,,Daylight,Dry,Cloudy,None apparent,Intersection:  Four-way intersection,Paved,,Property Damage Only,0,0,0,0,0,0,5800,2,2,,POINT (-92.347872909904 42.491641734109)
2014909199,109-14,11/02/2014,11-November,1-Sunday,18:12,1800 Hours,District 4 (Southwest),,MADISON,,Co Rd G14/CUMMING RD,Collision with:  Animal,,,Animal,None Indicated,,,,,,,Paved,,Property Damage Only,0,0,0,0,0,0,2000,1,777,,POINT (-93.815917741478 41.480944710182)
2014824597,14-2458,11/02/2014,11-November,1-Sunday,04:00,0400 Hours,District 1 (Central),URBANDALE,POLK,,60TH ST,Collision with:  Parked motor vehicle,On Roadway,"Sideswipe, same direction",Unknown,None Indicated,,Dark - roadway lighted,Dry,Clear,None apparent,Non-intersection:  Non-junction/no special feature,Paved,,Property Damage Only,0,0,0,0,0,0,2000,2,1,,POINT (-93.700243756507 41.642676109523)
2014824777,CL14003903,11/02/2014,11-November,1-Sunday,15:30,1500 Hours,District 6 (East Central),CLINTON,CLINTON,US 67,US 67/N 3RD ST & 25TH AVE N,Collision with:  Vehicle in traffic,On Roadway,Broadside (front to side),FTYROW:  From stop sign,None Indicated,,Daylight,Dry,Cloudy,None apparent,Intersection:  Four-way intersection,Paved,,Property Damage Only,0,0,0,0,0,0,4000,2,3,,POINT (-90.183047815416 41.874647129896)
2014825566,,11/02/2014,11-November,1-Sunday,17:27,1700 Hours,District 5 (Southeast),,DAVIS,US 63,US 63,Collision with:  Animal,On Roadway,Non-collision (single vehicle),Animal,None Indicated,,Dusk,Dry,Cloudy,,Non-intersection:  Non-junction/no special feature,Paved,,Property Damage Only,0,0,0,0,0,0,2786,1,1,,POINT (-92.523972302722 40.597966757149)
2014830779,S14-108954,11/02/2014,11-November,1-Sunday,04:08,0400 Hours,District 2 (Northeast),WATERLOO,BLACK HAWK,US 218,US 218 & CEDAR ST,Non-collision events:  Overturn/rollover,On Roadway,Non-collision (single vehicle),Crossed centerline (undivided),Refused,,Dark - roadway not lighted,Dry,Clear,None apparent,Non-intersection:  Non-junction/no special feature,Paved,,Minor Injury,0,1,0,1,0,0,5500,1,1,,POINT (-92.267381320214 42.411930652167)
2014826108,2014061594,11/02/2014,11-November,1-Sunday,00:35,0000 Hours,District 6 (East Central),IOWA CITY,JOHNSON,I-80,I-80,Collision with:  Vehicle in traffic,On Roadway,Rear-end (front to rear),Animal,Alcohol (Statutory),,Dark - roadway not lighted,Dry,Clear,None apparent,Non-intersection:  Non-junction/no special feature,Paved,,Possible/Unknown,0,3,0,0,3,0,25000,2,7,,POINT (-91.532635464819 41.687484059954)
2014825867,2014061692,11/02/2014,11-November,1-Sunday,20:25,2000 Hours,District 1 (Central),,JASPER,I-80,I-80,Collision with:  Animal,,,Animal,None Indicated,,,,,,,Paved,,Property Damage Only,0,0,0,0,0,0,4500,1,1,,POINT (-92.987011671077 41.682080059604)
2014824599,14-0989,11/02/2014,11-November,1-Sunday,14:28,1400 Hours,District 1 (Central),WINDSOR HEIGHTS,POLK,US 6,US 6/HICKMAN RD & 73RD ST,Collision with:  Vehicle in traffic,On Roadway,Broadside (front to side),FTYROW:  From driveway,None Indicated,,Daylight,Dry,Clear,None apparent,Non-intersection:  Driveway access (within),Paved,,Property Damage Only,0,0,0,0,0,0,2500,2,2,,POINT (-93.718521064376 41.614713149091)
2014826112,2014061704,11/02/2014,11-November,1-Sunday,20:26,2000 Hours,District 6 (East Central),WILLIAMSBURG,IOWA,,STATE ST & CHATHAM ST,Collision with fixed object:  Ditch,Outside trafficway,Non-collision (single vehicle),Lost Control,None Indicated,,Dark - roadway not lighted,Dry,Clear,None apparent,Non-intersection:  Non-junction/no special feature,Paved,,Minor Injury,0,1,0,1,0,0,10000,1,1,,POINT (-92.011569108088 41.661797799964)
2014835382,14.0407,11/02/2014,11-November,1-Sunday,21:00,2100 Hours,District 5 (Southeast),LAMONI,DECATUR,I-35,I-35,Collision with:  Animal,,,Animal,None Indicated,,,,,,,Paved,,Property Damage Only,0,0,0,0,0,0,20000,1,1,,POINT (-93.892056943693 40.621817289946)
2014826111,2014061702,11/02/2014,11-November,1-Sunday,22:35,2200 Hours,District 3 (Northwest),SERGEANT BLUFF,WOODBURY,I-29,I-29,Collision with:  Animal,,Non-collision (single vehicle),Animal,None Indicated,,,,,,,Paved,,Property Damage Only,0,0,0,0,0,0,1501,1,1,,POINT (-96.365192586141 42.414920325557)
2014825320,03092,11/02/2014,11-November,1-Sunday,20:16,2000 Hours,District 6 (East Central),DYERSVILLE,DUBUQUE,US 20,US 20,Collision with:  Animal,On Roadway,Non-collision (single vehicle),Animal,None Indicated,,Dark - roadway not lighted,Dry,Clear,None apparent,Non-intersection:  Non-junction/no special feature,Paved,,Property Damage Only,0,0,0,0,0,0,8000,1,2,,POINT (-91.093724908057 42.469482463436)
2014826178,14-005038,11/02/2014,11-November,1-Sunday,23:48,2300 Hours,District 3 (Northwest),,LYON,,HICKORY AVE & 130TH ST,Non-collision events:  Overturn/rollover,On Roadway,Non-collision (single vehicle),Driving too fast for conditions,None Indicated,,Dark - roadway not lighted,Dry,Clear,None apparent,Non-intersection:  Non-junction/no special feature,Unpaved,,Minor Injury,0,1,0,1,0,0,1500,1,3,,POINT (-96.136082972917 43.461868020562)
2014825456,2014012441,11/02/2014,11-November,1-Sunday,00:00,0000 Hours,District 6 (East Central),IOWA CITY,JOHNSON,,FAIRCHILD ST & N GILBERT ST,Collision with:  Vehicle in traffic,On Roadway,Unknown,Unknown,None Indicated,,Dark - unknown roadway lighting,Unknown,Clear,Unknown,Intersection:  Four-way intersection,Paved,,Property Damage Only,0,0,0,0,0,0,1500,2,1,,POINT (-91.530088740989 41.66687090961)
2014825118,20140032683,11/02/2014,11-November,1-Sunday,00:30,0000 Hours,District 1 (Central),DES MOINES,POLK,,GRAND AVE & 8TH ST,Collision with:  Non-motorist (see non-motorist section - NOT a unit),On Roadway,Non-collision (single vehicle),Unknown,None Indicated,,Dark - roadway lighted,Dry,Unknown,Unknown,Intersection:  Four-way intersection,Paved,,Minor Injury,0,1,0,1,0,0,0,1,1,,POINT (-93.627779849738 41.587232010463)
2014825523,2014061675,11/02/2014,11-November,1-Sunday,17:30,1700 Hours,District 6 (East Central),,JOHNSON,I-80,I-80,Collision with:  Animal,,,Animal,None Indicated,,,,,,,Paved,,Property Damage Only,0,0,0,0,0,0,8000,1,1,,POINT (-91.811492919846 41.687680344242)
2014824804,2014061674,11/02/2014,11-November,1-Sunday,17:35,1700 Hours,District 5 (Southeast),,WARREN,I-35,I-35,Collision with:  Other non-fixed object (explain in narrative),On Roadway,Non-collision (single vehicle),Equipment failure,None Indicated,,Dark - roadway not lighted,Dry,Clear,None apparent,Non-intersection:  Non-junction/no special feature,Paved,,Property Damage Only,0,0,0,0,0,0,4932,2,2,,POINT (-93.780760439131 41.378836983684)
2014826135,14-013444,11/02/2014,11-November,1-Sunday,17:42,1700 Hours,District 1 (Central),MONTOUR,TAMA,US 30,US 30,Collision with:  Animal,On Roadway,Non-collision (single vehicle),Animal,None Indicated,,Dark - roadway not lighted,Dry,Clear,None apparent,Non-intersection:  Non-junction/no special feature,Paved,,Property Damage Only,0,0,0,0,0,0,5000,1,1,,POINT (-92.69414786551 41.999896756572)
2014824805,2014061697,11/02/2014,11-November,1-Sunday,22:20,2200 Hours,District 1 (Central),,HAMILTON,I-35,I-35 & IA 175/330TH ST,Collision with:  Animal,,,Animal,None Indicated,,,,,,,Paved,,Property Damage Only,0,0,0,0,0,0,2000,1,1,,POINT (-93.569381924777 42.310494826891)
2014825761,14-004753,11/02/2014,11-November,1-Sunday,19:30,1900 Hours,District 1 (Central),ANKENY,POLK,IA 415,IA 415/SW ORALABOR RD & SW IRVINEDALE DR,Collision with:  Vehicle in traffic,On Roadway,Broadside (front to side),Ran Traffic Signal,None Indicated,,Dark - roadway lighted,Dry,Clear,None apparent,Intersection:  Four-way intersection,Paved,,Possible/Unknown,0,2,0,0,2,0,20000,2,2,,POINT (-93.637416099282 41.703209221347)
2014825254,201400053675,11/02/2014,11-November,1-Sunday,07:34,0700 Hours,District 5 (Southeast),OTTUMWA,WAPELLO,,ELLIS AVE & MADISON AVE,Collision with fixed object:  Utility pole/light support,On Roadway,Non-collision (single vehicle),Ran off road - right,None Indicated,,Daylight,Dry,Clear,None apparent,Non-intersection:  Non-junction/no special feature,Paved,,Property Damage Only,0,0,0,0,0,0,5000,1,1,,POINT (-92.411294518889 41.00020772913)
2014827912,2014-76472,11/02/2014,11-November,1-Sunday,04:38,0400 Hours,District 6 (East Central),DAVENPORT,SCOTT,,EASTERN AVE,Collision with fixed object:  Ditch,Roadside,Non-collision (single vehicle),Ran off road - left,None Indicated,,Dark - roadway lighted,Dry,Clear,None apparent,Non-intersection:  Non-junction/no special feature,Unpaved,,Minor Injury,0,1,0,1,0,0,8000,1,2,,POINT (-90.551270581239 41.584613247301)
2014824828,2014-0463,11/02/2014,11-November,1-Sunday,13:03,1300 Hours,District 5 (Southeast),NORWALK,WARREN,IA 28,IA 28/SUNSET DR & HIGH RD,Collision with:  Vehicle in traffic,On Roadway,Broadside (front to side),FTYROW:  From stop sign,None Indicated,,Daylight,Dry,"Blowing sand, soil, dirt",None apparent,Intersection:  Four-way intersection,Paved,,Possible/Unknown,0,1,0,0,1,0,6500,2,4,,POINT (-93.675915016044 41.482600259927)
2014824498,110214-86,11/02/2014,11-November,1-Sunday,10:34,1000 Hours,District 3 (Northwest),NEWELL,BUENA VISTA,,Co Rd C49/590TH ST,Collision with:  Animal,On Roadway,Non-collision (single vehicle),Animal,None Indicated,,Daylight,Dry,Clear,None apparent,Non-intersection:  Non-junction/no special feature,Paved,,Property Damage Only,0,0,0,0,0,0,2500,1,1,,POINT (-95.048439333585 42.661687079861)
2014825981,14015527,11/02/2014,11-November,1-Sunday,13:22,1300 Hours,District 5 (Southeast),UNIONVILLE,APPANOOSE,,Co Rd T61/HWY T61,Collision with fixed object:  Ditch,Shoulder,Non-collision (single vehicle),Over correcting/over steering,None Indicated,,Daylight,Dry,Clear,None apparent,Non-intersection:  Non-junction/no special feature,Paved,,Property Damage Only,0,0,0,0,0,0,4000,1,2,,POINT (-92.681873248502 40.82898729924)
2014825278,201404003,11/02/2014,11-November,1-Sunday,18:30,1800 Hours,District 6 (East Central),,LINN,US 30,US 30 & CEDAR RIVER RD,Collision with:  Animal,,Non-collision (single vehicle),Animal,None Indicated,,,,,,,Paved,,Property Damage Only,0,0,0,0,0,0,3000,1,1,,POINT (-91.481713860933 41.917878332739)
2014826243,2014061667,11/02/2014,11-November,1-Sunday,16:30,1600 Hours,District 2 (Northeast),,WINNESHIEK,,155TH AVE & 140TH ST,Collision with:  Vehicle in traffic,On Roadway,"Sideswipe, same direction",Other (explain in narrative):  No improper action,None Indicated,,Daylight,Dry,Clear,None apparent,Non-intersection:  Non-junction/no special feature,Unpaved,,Property Damage Only,0,0,0,0,0,0,4500,2,2,,POINT (-91.703764335103 43.139674191648)
2014826530,14-013446,11/02/2014,11-November,1-Sunday,18:10,1800 Hours,District 1 (Central),,TAMA,,Co Rd E66/HWY E66 & U AVE,Collision with:  Animal,,,Animal,None Indicated,,,,,,,Paved,,Property Damage Only,0,0,0,0,0,0,2000,1,1,,POINT (-92.365837764808 41.919582021366)
2014824579,20140032636,11/02/2014,11-November,1-Sunday,03:00,0300 Hours,District 1 (Central),DES MOINES,POLK,,FRANKLIN AVE,Collision with:  Parked motor vehicle,On Roadway,"Sideswipe, same direction",Unknown,None Indicated,,Dark - roadway lighted,Dry,Clear,Unknown,Non-intersection:  Non-junction/no special feature,Paved,,Property Damage Only,0,0,0,0,0,0,1800,2,1,,POINT (-93.681840931783 41.611243607446)
2014824820,14-017322,11/02/2014,11-November,1-Sunday,19:22,1900 Hours,District 2 (Northeast),FLOYD,FLOYD,US 18,US 18,Collision with:  Animal,,,Animal,None Indicated,,,,,,,Paved,,Property Damage Only,0,0,0,0,0,0,6000,1,1,,POINT (-92.801857027711 43.127025768842)
2014825017,1400000954,11/02/2014,11-November,1-Sunday,01:06,0100 Hours,District 1 (Central),,TAMA,,ABBOTT AVE,Collision with fixed object:  Ditch,Roadside,Non-collision (single vehicle),Ran off road - left,None Indicated,,Dark - roadway not lighted,Dry,Cloudy,None apparent,Non-intersection:  Non-junction/no special feature,Unpaved,,Possible/Unknown,0,1,0,0,1,0,5000,1,1,,POINT (-92.76624402884 42.02677989613)
2014824717,2014012348,11/02/2014,11-November,1-Sunday,12:25,1200 Hours,District 6 (East Central),IOWA CITY,JOHNSON,,N DUBUQUE ST,Collision with:  Vehicle in traffic,On Roadway,Rear-end (front to rear),Driving too fast for conditions,None Indicated,,Daylight,Dry,Cloudy,None apparent,Non-intersection:  Other non-intersection (explain in narrative),Paved,,Property Damage Only,0,0,0,0,0,0,1500,2,2,,POINT (-91.538495234527 41.685000806132)
2014825184,02-14-013547,11/02/2014,11-November,1-Sunday,00:41,0000 Hours,District 6 (East Central),,DUBUQUE,US 61,US 61,Collision with:  Animal,,Non-collision (single vehicle),Animal,None Indicated,,,,,,,Paved,,Property Damage Only,0,0,0,0,0,0,1500,1,1,,POINT (-90.694116323766 42.403944196859)
2014824751,S14-K0201,11/02/2014,11-November,1-Sunday,20:45,2000 Hours,District 5 (Southeast),,CLARKE,,195 AVE,Collision with:  Other non-fixed object (explain in narrative),On Roadway,Non-collision (single vehicle),Ran off road - right,None Indicated,,Dark - roadway not lighted,"Mud, dirt",Clear,None apparent,Non-intersection:  Non-junction/no special feature,Unpaved,,Property Damage Only,0,0,0,0,0,0,3000,1,2,,POINT (-93.845845477572 41.126566349961)
2014825091,14-39298,11/02/2014,11-November,1-Sunday,19:28,1900 Hours,District 5 (Southeast),,DES MOINES,,Co Rd X99/DMC 99,Collision with:  Animal,,,Animal,None Indicated,,,,,,,Paved,,Property Damage Only,0,0,0,0,0,0,1500,1,1,,POINT (-91.109760341406 40.849222376668)
2014824687,2014012343,11/02/2014,11-November,1-Sunday,09:50,0900 Hours,District 6 (East Central),IOWA CITY,JOHNSON,,E HARRISON ST,Collision with:  Parked motor vehicle,On Roadway,"Sideswipe, same direction",Illegally Parked/Unattended,None Indicated,,Daylight,Dry,Cloudy,None apparent,Non-intersection:  Non-junction/no special feature,Paved,,Property Damage Only,0,0,0,0,0,0,3000,2,1,,POINT (-91.532461099869 41.65549855737)
2014824811,S14-004383,11/02/2014,11-November,1-Sunday,21:00,2100 Hours,District 4 (Southwest),,POTTAWATTAMIE,US 6,US 6 & Co Rd L66/340TH ST,Collision with:  Animal,On Roadway,Non-collision (single vehicle),Animal,None Indicated,,Dark - unknown roadway lighting,Unknown,Unknown,Unknown,Non-intersection:  Non-junction/no special feature,Paved,,Property Damage Only,0,0,0,0,0,0,1600,1,1,,POINT (-95.536785496329 41.289318016833)
2014826138,14-017326,11/02/2014,11-November,1-Sunday,21:55,2100 Hours,District 2 (Northeast),CHARLES CITY,FLOYD,,PFEIFFER AVE,Collision with:  Parked motor vehicle,On Roadway,Rear-end (front to rear),Driver Distraction:  Reaching for object(s)/fallen object(s),None Indicated,,Dark - roadway lighted,Dry,Clear,None apparent,Non-intersection:  Non-junction/no special feature,Paved,,Property Damage Only,0,0,0,0,0,0,3500,2,1,,POINT (-92.659661774214 43.063134390713)
2014825059,14-007620,11/02/2014,11-November,1-Sunday,17:55,1700 Hours,District 1 (Central),,HAMILTON,,240TH ST,Collision with:  Vehicle in traffic,On Roadway,Rear-end (front to rear),Swerving/Evasive Action,None Indicated,,Dusk,Dry,Clear,None apparent,Non-intersection:  Driveway access (within),Paved,,Possible/Unknown,0,1,0,0,1,0,16000,2,2,,POINT (-93.838276457996 42.441799765263)
2014824756,14-046567,11/02/2014,11-November,1-Sunday,02:20,0200 Hours,District 4 (Southwest),COUNCIL BLUFFS,POTTAWATTAMIE,I-80,I-80,Collision with:  Animal,On Roadway,Non-collision (single vehicle),Animal,None Indicated,,Dark - roadway not lighted,Dry,Clear,None apparent,Non-intersection:  Non-junction/no special feature,Paved,,Property Damage Only,0,0,0,0,0,0,5000,1,1,,POINT (-95.809554443515 41.2528532672)
2014824969,14-36300,11/02/2014,11-November,1-Sunday,01:47,0100 Hours,District 3 (Northwest),SIOUX CITY,WOODBURY,I-29,I-29,Collision with:  Animal,,,Animal,None Indicated,,,,,,,Paved,,Property Damage Only,0,0,0,0,0,0,5000,1,1,,POINT (-96.431279239544 42.491748402267)
2014826493,14009805,11/02/2014,11-November,1-Sunday,20:16,2000 Hours,District 6 (East Central),,BUCHANAN,US 20,US 20,Collision with:  Animal,,,Animal,None Indicated,,,,,,,Paved,,Property Damage Only,0,0,0,0,0,0,2000,1,1,,POINT (-91.682033335569 42.462368599833)
2014824865,2014012342,11/02/2014,11-November,1-Sunday,08:59,0800 Hours,District 6 (East Central),IOWA CITY,JOHNSON,IA 1,IA 1/W BURLINGTON ST,Collision with fixed object:  Bridge overhead structure,On Roadway,Non-collision (single vehicle),Made improper turn,None Indicated,,Daylight,Dry,Clear,None apparent,Non-intersection:  Other non-intersection (explain in narrative),Paved,,Property Damage Only,0,0,0,0,0,0,2000,2,3,,POINT (-91.541807147089 41.65804938044)
2014824516,14166535,11/02/2014,11-November,1-Sunday,01:54,0100 Hours,District 6 (East Central),CORALVILLE,JOHNSON,I-80,I-80 & I-380,Collision with fixed object:  Guardrail - face,On Roadway,Non-collision (single vehicle),Swerving/Evasive Action,None Indicated,,Dark - roadway lighted,Dry,Clear,None apparent,Interchange-related:  On-ramp,Paved,,Property Damage Only,0,0,0,0,0,0,5000,1,1,,POINT (-91.640069985111 41.697641510589)
2014824928,14-004748,11/02/2014,11-November,1-Sunday,12:29,1200 Hours,District 1 (Central),ANKENY,POLK,US 69,US 69/N ANKENY BLVD,Collision with:  Vehicle in traffic,On Roadway,Rear-end (front to rear),Swerving/Evasive Action,None Indicated,,Daylight,Dry,Clear,None apparent,Non-intersection:  Non-junction/no special feature,Paved,,Property Damage Only,0,0,0,0,0,0,2000,2,2,,POINT (-93.600316779563 41.738428420583)
2014824907,W14-109166,11/02/2014,11-November,1-Sunday,21:33,2100 Hours,District 2 (Northeast),WATERLOO,BLACK HAWK,US 63,US 63/SERGEANT RD,Collision with:  Animal,On Roadway,Non-collision (single vehicle),Animal,None Indicated,,Dark - roadway not lighted,Dry,Clear,None apparent,Non-intersection:  Non-junction/no special feature,Paved,,Property Damage Only,0,0,0,0,0,0,2000,1,1,,POINT (-92.420447281921 42.442877564861)
2014830250,AC-14-0055,11/02/2014,11-November,1-Sunday,09:45,0900 Hours,District 6 (East Central),MONTICELLO,JONES,,W 1ST ST,Collision with:  Vehicle in traffic,On Roadway,"Sideswipe, opposite direction",Crossed centerline (undivided),None Indicated,,Daylight,Dry,Cloudy,None apparent,Non-intersection:  Non-junction/no special feature,Paved,,Property Damage Only,0,0,0,0,0,0,11500,2,2,,POINT (-91.197107089947 42.238016508639)