Iowa DOT Case Number,Law Enforcement Case Number,Date of Crash,Month of Crash,Day of Week,Time of Crash,Hour,DOT District,City Name,County Name,Route with System,Location Description,First Harmful Event,Location of First Harmful Event,Manner of Crash/Collision,Major Cause,Drug or Alcohol ,Environmental Conditions,Light Conditions,Surface Conditions,Weather Conditions,Roadway Contribution,Roadway Type,Roadway Surface,Work Zone,Crash Severity,Number of Fatalities,Number of Injuries,Number of Major Injuries,Number of Minor Injuries,Number of Possible Injuries,Number of Unknown Injuries,Amount of Property Damage,Number of Vehicles Involved,Total Number of Occupants,Travel Direction,Location
2014826821,201416464,11/02/2014,11-November,1-Sunday,17:45,1700 Hours,District 6 (East Central),CEDAR RAPIDS,LINN,,BOYSON RD NE & COUNCIL ST NE,Collision with:  Vehicle in traffic,On Roadway,Broadside (front to side),Ran Traffic Signal,None Indicated,,Dark - roadway lighted,Dry,Clear,None apparent,Intersection:  Four-way intersection,Paved,,Property Damage Only,0,0,0,0,0,0,3000,2,3,,POINT (-91.658214653314 42.046842360251)
2014824534,14-7238,11/02/2014,11-November,1-Sunday,06:40,0600 Hours,District 1 (Central),,POLK,,SE 68TH ST,Collision with fixed object:  Mailbox,Shoulder,Non-collision (single vehicle),Ran off road - right,None Indicated,,Dawn,Dry,Cloudy,None apparent,Non-intersection:  Non-junction/no special feature,Paved,,Property Damage Only,0,0,0,0,0,0,3300,1,1,,POINT (-93.471510587513 41.553877423796)
2014825039,2014-23837,11/02/2014,11-November,1-Sunday,18:57,1800 Hours,District 5 (Southeast),,WARREN,IA 92,IA 92/IOWA 92,Collision with:  Animal,,,Animal,None Indicated,,,,,,,Paved,,Property Damage Only,0,0,0,0,0,0,3500,1,1,,POINT (-93.405149552084 41.370918143525)
2014824494,W14-108957,11/02/2014,11-November,1-Sunday,04:39,0400 Hours,District 2 (Northeast),WATERLOO,BLACK HAWK,,W 3RD ST & BALTIMORE ST,Collision with:  Parked motor vehicle,On Roadway,Rear-end (front to rear),Exceeded authorized speed,Alcohol (Statutory),,Dark - roadway lighted,Dry,Clear,None apparent,Non-intersection:  Non-junction/no special feature,Paved,,Property Damage Only,0,0,0,0,0,0,20000,2,1,,POINT (-92.352637768477 42.488615766811)
2014825168,14-005190,11/02/2014,11-November,1-Sunday,12:50,1200 Hours,District 1 (Central),AMES,STORY,US 69,US 69/S DUFF AVE,Collision with:  Vehicle in traffic,On Roadway,Rear-end (front to rear),Followed too close,None Indicated,,Daylight,Dry,Clear,Non-highway work,Non-intersection:  Non-junction/no special feature,Paved,,Property Damage Only,0,0,0,0,0,0,3998,2,4,,POINT (-93.610083893971 42.007329365581)
2014826229,2014061693,11/02/2014,11-November,1-Sunday,20:55,2000 Hours,District 6 (East Central),,JOHNSON,I-380,I-380,Collision with:  Animal,,Non-collision (single vehicle),Animal,None Indicated,,,,,,,Paved,,Property Damage Only,0,0,0,0,0,0,3500,1,1,,POINT (-91.646653190844 41.780221416401)
2014825431,2014061682,11/02/2014,11-November,1-Sunday,18:53,1800 Hours,District 2 (Northeast),,WORTH,I-35,I-35,Collision with:  Animal,,,Animal,None Indicated,,,,,,,Paved,,Property Damage Only,0,0,0,0,0,0,6500,1,1,,POINT (-93.348893565168 43.35389003245)
2014825558,,11/02/2014,11-November,1-Sunday,15:44,1500 Hours,District 2 (Northeast),BUFFALO CENTER,WINNEBAGO,,2ND AVE NE & 2ND ST NE,Collision with:  Vehicle in traffic,On Roadway,Broadside (front to side),FTYROW:  At uncontrolled intersection,None Indicated,,Daylight,Dry,Clear,None apparent,Intersection:  Four-way intersection,Paved,,Property Damage Only,0,0,0,0,0,0,8000,2,2,,POINT (-93.944303284663 43.386991748251)
2014826109,2014061637,11/02/2014,11-November,1-Sunday,10:55,1000 Hours,District 4 (Southwest),,MILLS,I-29,I-29 & BUNGE AVE,Collision with:  Vehicle in traffic,On Roadway,Broadside (front to side),FTYROW:  From stop sign,None Indicated,,Daylight,Dry,Clear,None apparent,Intersection:  Intersection with ramp,Paved,,Property Damage Only,0,0,0,0,0,0,4500,2,2,,POINT (-95.824213751475 41.149289318862)
2014825244,14109030,11/02/2014,11-November,1-Sunday,12:01,1200 Hours,District 2 (Northeast),CEDAR FALLS,BLACK HAWK,,WATERLOO RD,Collision with:  Vehicle in traffic,On Roadway,Rear-end (front to rear),Other (explain in narrative):  Other,Alcohol (Statutory),,Daylight,Dry,Clear,None apparent,Intersection:  Four-way intersection,Paved,,Possible/Unknown,0,1,0,0,1,0,2000,2,2,,POINT (-92.436921848005 42.521725003583)
2014839058,201416424,11/02/2014,11-November,1-Sunday,01:15,0100 Hours,District 6 (East Central),CEDAR RAPIDS,LINN,,A AVE NW,Collision with:  Vehicle in traffic,On Roadway,Rear-end (front to rear),Followed too close,Alcohol (Statutory),,Dark - roadway lighted,Dry,Clear,None apparent,Non-intersection:  Non-junction/no special feature,Paved,,Property Damage Only,0,0,0,0,0,0,2000,2,6,,POINT (-91.684759689017 41.973666454552)
2014824778,14-5528,11/02/2014,11-November,1-Sunday,11:00,1100 Hours,District 4 (Southwest),WEST DES MOINES,DALLAS,I-80,I-80 & JORDAN CREEK PKWY,Collision with:  Vehicle in traffic,On Roadway,Rear-end (front to rear),Improper or erratic lane changing,None Indicated,,Daylight,Dry,Cloudy,None apparent,Non-intersection:  Other non-intersection (explain in narrative),Paved,,Property Damage Only,0,0,0,0,0,0,3500,2,3,,POINT (-93.809032447047 41.591719925834)
2014825253,201400053652,11/02/2014,11-November,1-Sunday,01:49,0100 Hours,District 5 (Southeast),OTTUMWA,WAPELLO,,E 4TH ST,Collision with fixed object:  Other fixed object (explain in narrative),Roadside,Broadside (front to side),Crossed centerline (undivided),Refused,,Dark - roadway lighted,Dry,Clear,None apparent,Non-intersection:  Non-junction/no special feature,Paved,,Minor Injury,0,1,0,1,0,0,30400,2,1,,POINT (-92.403740269638 41.015149467319)
2014825487,SA1409308,11/02/2014,11-November,1-Sunday,21:44,2100 Hours,District 5 (Southeast),,WASHINGTON,,Co Rd G16/130TH ST,Collision with fixed object:  Ditch,On Roadway,Non-collision (single vehicle),Driving too fast for conditions,Under Influence of Alcohol/Drugs/Medications,,Dark - roadway not lighted,Dry,Clear,None apparent,Non-intersection:  Non-junction/no special feature,Unpaved,,Property Damage Only,0,0,0,0,0,0,1501,1,1,,POINT (-91.575764532903 41.468364157483)
2014832258,14-046009,11/02/2014,11-November,1-Sunday,20:47,2000 Hours,District 5 (Southeast),,MUSCATINE,US 61,US 61 & YORK AVE,Collision with:  Animal,On Roadway,Non-collision (single vehicle),Animal,None Indicated,,Dark - roadway not lighted,Dry,Clear,None apparent,Intersection:  T-intersection,Paved,,Property Damage Only,0,0,0,0,0,0,1501,1,1,,POINT (-90.804277051079 41.512999216956)
2014824507,1411022711,11/02/2014,11-November,1-Sunday,06:25,0600 Hours,District 6 (East Central),,CLINTON,,Co Rd Z50/432 AVE,Collision with:  Animal,,,Animal,None Indicated,,,,,,,Paved,,Property Damage Only,0,0,0,0,0,0,2500,1,1,,POINT (-90.252274141597 41.947362338228)
2014826569,1102145A,11/02/2014,11-November,1-Sunday,12:23,1200 Hours,District 4 (Southwest),,PAGE,,Co Rd J35/210 ST,Non-collision events:  Overturn/rollover,On Roadway,Non-collision (single vehicle),Swerving/Evasive Action,None Indicated,,Daylight,"Mud, dirt",Clear,None apparent,Non-intersection:  Non-junction/no special feature,Unpaved,,Possible/Unknown,0,2,0,0,2,0,1500,1,2,,POINT (-94.928438629285 40.742009572734)
2014824972,14-36378,11/02/2014,11-November,1-Sunday,19:04,1900 Hours,District 3 (Northwest),SIOUX CITY,WOODBURY,,MORNINGSIDE AVE & S PATTERSON ST,Collision with:  Vehicle in traffic,On Roadway,Rear-end (front to rear),Followed too close,None Indicated,,Dark - roadway lighted,Dry,Clear,None apparent,Intersection:  Four-way intersection,Paved,,Possible/Unknown,0,4,0,0,4,0,8000,2,4,,POINT (-96.353633223079 42.470655610815)
2014826046,2014061689,11/02/2014,11-November,1-Sunday,20:55,2000 Hours,District 4 (Southwest),,POTTAWATTAMIE,I-80,I-80,Collision with:  Animal,,,Animal,None Indicated,,,,,,,Paved,,Property Damage Only,0,0,0,0,0,0,2500,1,1,,POINT (-95.660546422082 41.400877286422)
2014825185,02-14-013558,11/02/2014,11-November,1-Sunday,21:45,2100 Hours,District 6 (East Central),,DUBUQUE,US 52,US 52,Collision with:  Animal,,,Animal,None Indicated,,,,,,,Paved,,Property Damage Only,0,0,0,0,0,0,4000,1,1,,POINT (-90.704465387364 42.553072093132)
2014824933,14-004745,11/02/2014,11-November,1-Sunday,04:28,0400 Hours,District 1 (Central),ANKENY,POLK,I-35,I-35,Non-collision events:  Overturn/rollover,On Roadway,Non-collision (single vehicle),Over correcting/over steering,None Indicated,,Dark - roadway not lighted,Dry,Clear,None apparent,Interchange-related:  Off-ramp,Paved,,Major Injury,0,2,2,0,0,0,6000,1,2,,POINT (-93.576870320242 41.705195410414)
2014824556,20140032647,11/02/2014,11-November,1-Sunday,02:00,0200 Hours,District 1 (Central),DES MOINES,POLK,,CAMBRIDGE ST,Collision with:  Parked motor vehicle,On Roadway,Rear-end (front to rear),Unknown,None Indicated,,Dark - roadway lighted,Dry,Unknown,None apparent,Non-intersection:  Non-junction/no special feature,Paved,,Property Damage Only,0,0,0,0,0,0,2000,2,777,,POINT (-93.61614842133 41.621927721846)
2014824617,14-3525,11/02/2014,11-November,1-Sunday,15:15,1500 Hours,District 1 (Central),FORT DODGE,WEBSTER,,1ST AVE S & S 29TH ST,Collision with fixed object:  Utility pole/light support,Shoulder,Non-collision (single vehicle),Made improper turn,None Indicated,,Daylight,Dry,Clear,None apparent,Intersection:  Four-way intersection,Paved,,Property Damage Only,0,0,0,0,0,0,3800,1,1,,POINT (-94.15829231345 42.505258884515)
2014824757,14-046568,11/02/2014,11-November,1-Sunday,22:00,2200 Hours,District 4 (Southwest),COUNCIL BLUFFS,POTTAWATTAMIE,,S 35TH ST,Collision with:  Vehicle in traffic,On Roadway,Rear-end (front to rear),Made improper turn,None Indicated,,Dark - roadway lighted,Dry,Clear,None apparent,Non-intersection:  Non-junction/no special feature,Paved,,Property Damage Only,0,0,0,0,0,0,3000,2,3,,POINT (-95.897389384506 41.240695673611)
2014824832,201405193,11/02/2014,11-November,1-Sunday,18:32,1800 Hours,District 1 (Central),,BOONE,,Co Rd P70/H AVE,Collision with:  Animal,,,Animal,None Indicated,,,,,,,Paved,,Property Damage Only,0,0,0,0,0,0,2000,1,1,,POINT (-94.027704252937 42.118047037728)
2014825209,2014-5428,11/02/2014,11-November,1-Sunday,18:24,1800 Hours,District 4 (Southwest),WAUKEE,DALLAS,,NORTHVIEW DR & ASHWORTH DR & WARRIOR LN,Collision with:  Vehicle in traffic,On Roadway,Rear-end (front to rear),Other (explain in narrative):  Other,None Indicated,,Dark - roadway lighted,Dry,Clear,None apparent,Non-intersection:  Non-junction/no special feature,Paved,,Property Damage Only,0,0,0,0,0,0,2500,2,4,,POINT (-93.872231440637 41.60720951712)
2014825680,14-21419,11/02/2014,11-November,1-Sunday,03:00,0300 Hours,District 6 (East Central),BETTENDORF,SCOTT,I-80,I-80,Non-collision events:  Other non-collision (explain in narrative),On Roadway,Non-collision (single vehicle),Swerving/Evasive Action,None Indicated,,Dark - roadway not lighted,Dry,Clear,None apparent,Non-intersection:  Non-junction/no special feature,Paved,,Property Damage Only,0,0,0,0,0,0,9000,1,1,,POINT (-90.446066969711 41.597435550961)
2014825628,CL14003893,11/02/2014,11-November,1-Sunday,01:30,0100 Hours,District 6 (East Central),CLINTON,CLINTON,,N 4TH ST,Collision with:  Parked motor vehicle,On Roadway,Rear-end (front to rear),Unknown,None Indicated,,Dark - roadway lighted,Dry,Clear,None apparent,Non-intersection:  Non-junction/no special feature,Paved,,Property Damage Only,0,0,0,0,0,0,8300,2,1,,POINT (-90.192474111745 41.851175171768)
2014825404,14-005195,11/02/2014,11-November,1-Sunday,16:13,1600 Hours,District 1 (Central),AMES,STORY,US 30,US 30/NE RAMP CURV/NW RAMP CURV & Co Rd R38/SOUTH DAKOTA AVE,Collision with:  Vehicle in traffic,On Roadway,Rear-end (front to rear),Followed too close,None Indicated,,Daylight,Dry,Cloudy,None apparent,Interchange-related:  Off-ramp,Paved,,Property Damage Only,0,0,0,0,0,0,2000,2,4,,POINT (-93.67870113562 42.009718192099)
2014825635,14-009491,11/02/2014,11-November,1-Sunday,18:45,1800 Hours,District 6 (East Central),MANCHESTER,DELAWARE,US 20,US 20,Collision with:  Animal,On Roadway,Non-collision (single vehicle),Animal,None Indicated,,Dark - roadway not lighted,Dry,Clear,None apparent,Non-intersection:  Non-junction/no special feature,Paved,,Property Damage Only,0,0,0,0,0,0,2500,1,2,,POINT (-91.444658411922 42.470928985133)
2014826925,14-017309,11/02/2014,11-November,1-Sunday,16:31,1600 Hours,District 2 (Northeast),CHARLES CITY,FLOYD,US 18,US 18/S GRAND AVE & HOLLAND CT,Collision with fixed object:  Utility pole/light support,Outside trafficway,Non-collision (single vehicle),Made improper turn,None Indicated,,Daylight,Dry,Clear,None apparent,Non-intersection:  Driveway access (within),Paved,,Property Damage Only,0,0,0,0,0,0,5500,1,2,,POINT (-92.672588493334 43.047998691998)
2014825513,14-027064,11/02/2014,11-November,1-Sunday,18:30,1800 Hours,District 5 (Southeast),,MARION,IA 163,IA 163/IOWA 163,Collision with fixed object:  Ditch,On Roadway,Non-collision (single vehicle),Swerving/Evasive Action,None Indicated,,Dark - roadway not lighted,Dry,Clear,None apparent,Non-intersection:  Non-junction/no special feature,Paved,,Possible/Unknown,0,1,0,0,1,0,2050,1,1,,POINT (-92.981521070908 41.428404821527)
2014825481,2014-76486,11/02/2014,11-November,1-Sunday,08:33,0800 Hours,District 6 (East Central),DAVENPORT,SCOTT,,W 6TH ST & RIPLEY ST,Collision with:  Vehicle in traffic,On Roadway,Broadside (front to side),Ran Stop Sign,None Indicated,,Daylight,Dry,Clear,None apparent,Intersection:  Four-way intersection,Paved,,Property Damage Only,0,0,0,0,0,0,4500,2,3,,POINT (-90.578493995225 41.525720981622)
2014824564,20140032668,11/02/2014,11-November,1-Sunday,15:15,1500 Hours,District 1 (Central),DES MOINES,POLK,,24TH ST,Collision with:  Vehicle in traffic,On Roadway,Rear-end (front to rear),Unknown,None Indicated,,Daylight,Dry,Clear,Unknown,Non-intersection:  Non-junction/no special feature,Paved,,Property Damage Only,0,0,0,0,0,0,2000,2,1,,POINT (-93.65004981814 41.617399546641)
2014824953,S14-11298,11/02/2014,11-November,1-Sunday,07:37,0700 Hours,District 3 (Northwest),,WOODBURY,,Co Rd D54/DANBURY BLACK TOP,Collision with:  Animal,,,Animal,None Indicated,,,,,,,Paved,,Property Damage Only,0,0,0,0,0,0,20000,1,1,,POINT (-95.780465404013 42.255180353068)
2014825231,14-034103,11/02/2014,11-November,1-Sunday,16:48,1600 Hours,District 5 (Southeast),,LEE,US 61,US 61/US 61 SW RAMP,Collision with:  Animal,,Non-collision (single vehicle),Animal,None Indicated,,,,,,,Paved,,Property Damage Only,0,0,0,0,0,0,2500,1,1,,POINT (-91.276755862047 40.67057063815)
2014824640,14009494,11/02/2014,11-November,1-Sunday,19:52,1900 Hours,District 6 (East Central),,DELAWARE,,QUARTER RD & OMEGA RD,Collision with fixed object:  Ditch,On Roadway,Non-collision (single vehicle),Swerving/Evasive Action,None Indicated,,Dark - roadway not lighted,"Mud, dirt",Clear,None apparent,Intersection:  T-intersection,Unpaved,,Property Damage Only,0,0,0,0,0,0,1500,1,1,,POINT (-91.286333293433 42.379667966439)
2014825439,14-5527,11/02/2014,11-November,1-Sunday,10:45,1000 Hours,District 4 (Southwest),WEST DES MOINES,DALLAS,,JORDAN CREEK PKWY,Collision with:  Vehicle in traffic,On Roadway,Rear-end (front to rear),Followed too close,None Indicated,,Daylight,Dry,Clear,None apparent,Non-intersection:  Non-junction/no special feature,Paved,,Property Damage Only,0,0,0,0,0,0,5000,2,3,,POINT (-93.809211889703 41.575343548217)
2014824979,14-263,11/02/2014,11-November,1-Sunday,17:37,1700 Hours,District 4 (Southwest),,TAYLOR,IA 2,IA 2/IOWA 2 & SHERWOOD AVE,Collision with:  Animal,,,Animal,None Indicated,,,,,,,Paved,,Property Damage Only,0,0,0,0,0,0,5000,1,1,,POINT (-94.585685592659 40.676046435757)
2014825736,14-007670,11/02/2014,11-November,1-Sunday,17:51,1700 Hours,District 3 (Northwest),,MONONA,,Co Rd L12/L12,Collision with:  Animal,,,Animal,None Indicated,,,,,,,Paved,,Property Damage Only,0,0,0,0,0,0,2000,1,1,,POINT (-95.972886782582 42.189898773388)
2014824920,OP14007667,11/02/2014,11-November,1-Sunday,16:50,1600 Hours,District 3 (Northwest),ONAWA,MONONA,,2ND ST,Collision with:  Parked motor vehicle,On Roadway,Rear-end (front to rear),"Operating vehicle in an reckless, erratic, careless, negligent manner",None Indicated,,Daylight,Dry,Clear,None apparent,Non-intersection:  Driveway access (within),Paved,,Property Damage Only,0,0,0,0,0,0,4000,2,4,,POINT (-96.086520045116 42.024297712558)
2014827860,2014061601,11/02/2014,11-November,1-Sunday,03:44,0300 Hours,District 1 (Central),,POLK,I-35,I-35,Collision with:  Vehicle in traffic,On Roadway,"Sideswipe, same direction",Lost Control,None Indicated,,Dark - roadway not lighted,Dry,Clear,None apparent,Non-intersection:  Non-junction/no special feature,Paved,,Property Damage Only,0,0,0,0,0,0,7500,2,2,,POINT (-93.68340594788 41.651478356494)
2014826045,2014061612,11/02/2014,11-November,1-Sunday,06:39,0600 Hours,District 4 (Southwest),,MILLS,,BUNGE AVE & ALLIS RD,Collision with fixed object:  Tree,Roadside,Non-collision (single vehicle),Crossed centerline (undivided),Refused,,Dawn,Dry,Clear,None apparent,Intersection:  Four-way intersection,Paved,,Major Injury,0,1,1,0,0,0,6000,1,1,,POINT (-95.855952100055 41.148920473146)
2014825337,,11/02/2014,11-November,1-Sunday,11:00,1100 Hours,District 4 (Southwest),DUNLAP,HARRISON,,EAGLE ST & 7TH ST,Collision with:  Vehicle in traffic,On Roadway,Broadside (front to side),FTYROW:  At uncontrolled intersection,None Indicated,,Daylight,Dry,Clear,None apparent,Intersection:  Four-way intersection,Paved,,Minor Injury,0,2,0,2,0,0,7000,2,2,,POINT (-95.600486241539 41.852198526047)
2014834224,14-16725,11/02/2014,11-November,1-Sunday,21:09,2100 Hours,District 3 (Northwest),,CLAY,US 71,US 71,Collision with:  Animal,,,Animal,None Indicated,,,,,,,Paved,,Property Damage Only,0,0,0,0,0,0,2000,1,1,,POINT (-95.161300567502 42.991964159787)
2014826494,14009843,11/02/2014,11-November,1-Sunday,18:22,1800 Hours,District 6 (East Central),,BUCHANAN,IA 150,IA 150/JAMESTOWN AVE,Collision with:  Animal,,,Animal,None Indicated,,,,,,,Paved,,Property Damage Only,0,0,0,0,0,0,2500,1,1,,POINT (-91.889259328323 42.358709460391)
2014824601,14-1278,11/02/2014,11-November,1-Sunday,11:44,1100 Hours,District 1 (Central),PLEASANT HILL,POLK,IA 163,IA 163/E UNIVERSITY AVE & NE 56TH ST,Collision with:  Vehicle in traffic,On Roadway,"Angle, oncoming left turn",Ran Traffic Signal,None Indicated,,Daylight,Dry,Clear,None apparent,Intersection:  Four-way intersection,Paved,,Major Injury,0,2,1,0,1,0,15000,2,3,,POINT (-93.503229881972 41.598995620266)
2014824557,20140032650,11/02/2014,11-November,1-Sunday,11:15,1100 Hours,District 1 (Central),DES MOINES,POLK,US 69,US 69/E 14TH ST & E GRAND AVE,Collision with:  Vehicle in traffic,On Roadway,"Sideswipe, same direction",Made improper turn,None Indicated,,Daylight,Dry,Clear,None apparent,Intersection:  Four-way intersection,Paved,,Property Damage Only,0,0,0,0,0,0,4600,2,2,,POINT (-93.5979871751 41.593398665128)
2014824849,14-001281,11/02/2014,11-November,1-Sunday,17:55,1700 Hours,District 1 (Central),HUXLEY,STORY,,Co Rd E63/315TH ST,Collision with:  Animal,,,Animal,None Indicated,,,,,,,Paved,,Property Damage Only,0,0,0,0,0,0,3000,1,1,,POINT (-93.570515207831 41.899596644694)
2014824873,14-12083,11/02/2014,11-November,1-Sunday,20:20,2000 Hours,District 3 (Northwest),,SAC,US 20,US 20,Collision with:  Animal,On Roadway,Non-collision (single vehicle),Animal,None Indicated,,Dark - roadway lighted,Dry,Clear,None apparent,Non-intersection:  Non-junction/no special feature,Paved,,Minor Injury,0,1,0,1,0,0,10000,1,4,,POINT (-95.10109220992 42.469857716563)
2014825266,201400003994,11/02/2014,11-November,1-Sunday,00:33,0000 Hours,District 6 (East Central),,LINN,,Co Rd W42/80TH ST SW & 16TH AVE SW & 80TH ST NW,Collision with:  Vehicle in traffic,On Roadway,Broadside (front to side),Ran Stop Sign,None Indicated,,Dark - roadway not lighted,Dry,Clear,None apparent,Intersection:  Four-way intersection,Paved,,Minor Injury,0,1,0,1,0,0,14000,2,4,,POINT (-91.77470588477 41.963971114595)
2014824841,20144022,11/02/2014,11-November,1-Sunday,17:30,1700 Hours,District 1 (Central),,GRUNDY,,Co Rd D17/130TH ST,Collision with:  Animal,,,Animal,None Indicated,,,,,,,Paved,,Property Damage Only,0,0,0,0,0,0,6000,1,1,,POINT (-92.622197249087 42.513362665533)
2014825165,14-005141,11/02/2014,11-November,1-Sunday,12:54,1200 Hours,District 1 (Central),AMES,STORY,US 69,US 69/LINCOLN WAY,Collision with:  Vehicle in traffic,On Roadway,Broadside (front to side),FTYROW:  From driveway,None Indicated,,Daylight,Dry,Clear,None apparent,Non-intersection:  Driveway access (within),Paved,,Minor Injury,0,2,0,2,0,0,10000,2,2,,POINT (-93.616562319109 42.022921182696)
2014824802,2014061609,11/02/2014,11-November,1-Sunday,06:20,0600 Hours,District 5 (Southeast),,WARREN,I-35,I-35,Collision with:  Animal,,,Animal,None Indicated,,,,,,,Paved,,Property Damage Only,0,0,0,0,0,0,6500,1,1,,POINT (-93.780428457802 41.395079804312)
2014826325,,11/02/2014,11-November,1-Sunday,15:50,1500 Hours,District 3 (Northwest),LAURENS,POCAHONTAS,IA 10,IA 10/IOWA 10,Collision with:  Other non-fixed object (explain in narrative),Outside trafficway,Non-collision (single vehicle),Ran off road - left,None Indicated,,Daylight,Dry,Clear,None apparent,Intersection:  Four-way intersection,Paved,,Property Damage Only,0,0,0,0,0,0,3800,1,1,,POINT (-94.85566222021 42.84648907526)
2014826822,201416509,11/03/2014,11-November,2-Monday,16:51,1600 Hours,District 6 (East Central),CEDAR RAPIDS,LINN,I-380,I-380 & 2ND ST NE,Collision with:  Vehicle in traffic,On Roadway,"Sideswipe, same direction",Other (explain in narrative):  Vision obstructed,None Indicated,,Dusk,Dry,Clear,None apparent,Non-intersection:  Other non-intersection (explain in narrative),Paved,,Property Damage Only,0,0,0,0,0,0,5010,2,5,,POINT (-91.66992888802 41.979926162761)
2014825681,14-21468,11/03/2014,11-November,2-Monday,07:22,0700 Hours,District 6 (East Central),BETTENDORF,SCOTT,,BELLEVUE AVE & 23RD ST,Collision with:  Vehicle in traffic,On Roadway,Broadside (front to side),FTYROW:  From stop sign,None Indicated,,Daylight,Dry,Clear,None apparent,Intersection:  Four-way intersection,Paved,,Property Damage Only,0,0,0,0,0,0,2000,2,4,,POINT (-90.500158961505 41.532320719558)
2014825044,14-5551,11/03/2014,11-November,2-Monday,15:44,1500 Hours,District 1 (Central),WEST DES MOINES,POLK,,UNIVERSITY AVE,Collision with:  Vehicle in traffic,On Roadway,Rear-end (front to rear),Followed too close,None Indicated,,Daylight,Dry,Cloudy,None apparent,Intersection:  Intersection with ramp,Paved,,Property Damage Only,0,0,0,0,0,0,4800,3,4,,POINT (-93.774989668124 41.600421220407)
2014826116,2014061935,11/03/2014,11-November,2-Monday,21:30,2100 Hours,District 1 (Central),URBANDALE,POLK,IA 141,IA 141/IOWA 141 & PROPOSED NW 50TH AVE,Collision with:  Vehicle in traffic,On Roadway,Rear-end (front to rear),Lost Control,None Indicated,,Dark - roadway not lighted,Dry,Clear,None apparent,Non-intersection:  Non-junction/no special feature,Paved,,Possible/Unknown,0,1,0,0,1,0,100,2,3,,POINT (-93.775118755985 41.651292778239)
2014825071,14-046812,11/03/2014,11-November,2-Monday,18:55,1800 Hours,District 4 (Southwest),COUNCIL BLUFFS,POTTAWATTAMIE,,9TH AVE & S 16TH ST,Collision with:  Vehicle in traffic,On Roadway,Broadside (front to side),Ran Stop Sign,None Indicated,,Dark - roadway lighted,Wet,Rain,None apparent,Intersection:  Four-way intersection,Paved,,Property Damage Only,0,0,0,0,0,0,2500,2,6,,POINT (-95.867568704935 41.253448291262)
2014825369,143367,11/03/2014,11-November,2-Monday,17:33,1700 Hours,District 3 (Northwest),,CRAWFORD,IA 39,IA 39/IOWA 39,Collision with:  Animal,,,Animal,None Indicated,,,,,,,Paved,,Property Damage Only,0,0,0,0,0,0,5000,1,1,,POINT (-95.323817975492 42.135037073876)
2014826000,201416480,11/03/2014,11-November,2-Monday,07:45,0700 Hours,District 6 (East Central),CEDAR RAPIDS,LINN,,16TH AVE SW & 4TH ST SW,Collision with:  Vehicle in traffic,On Roadway,Rear-end (front to rear),Unknown,None Indicated,,Daylight,Dry,Cloudy,None apparent,Non-intersection:  Alley,Paved,,Property Damage Only,0,0,0,0,0,0,3875,2,2,,POINT (-91.67468698403 41.961770147836)
2014825373,14680855,11/03/2014,11-November,2-Monday,17:26,1700 Hours,District 5 (Southeast),,WAPELLO,,Co Rd T61/MONROE WAPELLO RD,Collision with:  Animal,,,Animal,None Indicated,,,,,,,Paved,,Property Damage Only,0,0,0,0,0,0,1500,1,1,,POINT (-92.639695301347 41.035370012707)
2014825569,,11/03/2014,11-November,2-Monday,19:50,1900 Hours,District 6 (East Central),CEDAR RAPIDS,LINN,,4TH AVE SE & 10TH ST SE,Collision with:  Vehicle in traffic,On Roadway,"Sideswipe, same direction",Unknown,None Indicated,,Dark - roadway lighted,Wet,Rain,,,Paved,,Property Damage Only,0,0,0,0,0,0,3880,2,2,,POINT (-91.657202903245 41.981246040538)
2014825196,2014-013562,11/03/2014,11-November,2-Monday,07:30,0700 Hours,District 6 (East Central),,DUBUQUE,US 52,US 52 & BELLEVUE HTS,Collision with:  Animal,,Non-collision (single vehicle),Animal,None Indicated,,,,,,,Paved,,Property Damage Only,0,0,0,0,0,0,1500,1,1,,POINT (-90.65715119207 42.454236388525)
2014824954,S14-11330,11/03/2014,11-November,2-Monday,07:20,0700 Hours,District 3 (Northwest),MOVILLE,WOODBURY,,Co Rd K64/MOVILLE BLACK TOP,Collision with fixed object:  Ditch,On Roadway,Non-collision (single vehicle),Swerving/Evasive Action,None Indicated,,Daylight,Dry,Clear,None apparent,Non-intersection:  Non-junction/no special feature,Paved,,Possible/Unknown,0,1,0,0,1,0,5000,1,1,,POINT (-96.077584111948 42.452870848521)
2014828496,151-2014,11/03/2014,11-November,2-Monday,07:30,0700 Hours,District 4 (Southwest),,HARRISON,,Co Rd F50/270TH ST & Co Rd L12/GARLAND AVE,Collision with:  Vehicle in traffic,On Roadway,"Angle, oncoming left turn",FTYROW:  From stop sign,None Indicated,,Daylight,Dry,Cloudy,None apparent,Intersection:  T-intersection,Paved,,Property Damage Only,0,0,0,0,0,0,6000,2,2,,POINT (-95.982948607331 41.619851379008)
2014828263,S79140356,11/03/2014,11-November,2-Monday,10:30,1000 Hours,District 1 (Central),MONTEZUMA,POWESHIEK,US 63,US 63/FRONT ST & IRWIN ST,Non-collision events:  Other non-collision (explain in narrative),Shoulder,Non-collision (single vehicle),Ran off road - right,None Indicated,,Daylight,Dry,Cloudy,None apparent,Non-intersection:  Non-junction/no special feature,Paved,,Property Damage Only,0,0,0,0,0,0,2750,1,1,,POINT (-92.528520791998 41.589150159159)
2014825514,14-027145,11/03/2014,11-November,2-Monday,17:32,1700 Hours,District 5 (Southeast),,MARION,,Co Rd T17/HWY T17,Collision with:  Animal,,,Animal,None Indicated,,,,,,,Paved,,Property Damage Only,0,0,0,0,0,0,1500,1,1,,POINT (-92.947205223092 41.328553458203)