Iowa DOT Case Number,Law Enforcement Case Number,Date of Crash,Month of Crash,Day of Week,Time of Crash,Hour,DOT District,City Name,County Name,Route with System,Location Description,First Harmful Event,Location of First Harmful Event,Manner of Crash/Collision,Major Cause,Drug or Alcohol ,Environmental Conditions,Light Conditions,Surface Conditions,Weather Conditions,Roadway Contribution,Roadway Type,Roadway Surface,Work Zone,Crash Severity,Number of Fatalities,Number of Injuries,Number of Major Injuries,Number of Minor Injuries,Number of Possible Injuries,Number of Unknown Injuries,Amount of Property Damage,Number of Vehicles Involved,Total Number of Occupants,Travel Direction,Location
2014825010,2014-76706,11/03/2014,11-November,2-Monday,10:18,1000 Hours,District 6 (East Central),DAVENPORT,SCOTT,US 6,US 6/E KIMBERLY RD & SPRING ST,Collision with:  Vehicle in traffic,On Roadway,"Sideswipe, same direction",Crossed centerline (undivided),None Indicated,,Daylight,Dry,Clear,None apparent,Non-intersection:  Non-junction/no special feature,Paved,,Property Damage Only,0,0,0,0,0,0,4000,2,3,,POINT (-90.547737591758 41.556888426314)
2014825233,14-034141,11/03/2014,11-November,2-Monday,07:43,0700 Hours,District 5 (Southeast),,LEE,,Co Rd X38/PERKINS RD,Collision with:  Animal,,,Animal,None Indicated,,,,,,,Paved,,Property Damage Only,0,0,0,0,0,0,2000,1,1,,POINT (-91.281102433268 40.746789773203)
2014827201,,11/03/2014,11-November,2-Monday,16:41,1600 Hours,District 2 (Northeast),,ALLAMAKEE,,Co Rd X42/LANSING HARPERS RD,Collision with:  Animal,On Roadway,Non-collision (single vehicle),Animal,None Indicated,,Dusk,Dry,Clear,,Non-intersection:  Non-junction/no special feature,Paved,,Property Damage Only,0,0,0,0,0,0,6154,1,1,,POINT (-91.217056728722 43.342233950113)
2014832054,,11/03/2014,11-November,2-Monday,11:14,1100 Hours,District 2 (Northeast),,WINNESHIEK,IA 9,IA 9/IOWA 9,Collision with:  Vehicle in traffic,On Roadway,Rear-end (front to rear),Other (explain in narrative):  Other,None Indicated,,Daylight,Dry,Clear,None apparent,Non-intersection:  Non-junction/no special feature,Paved,,Property Damage Only,0,0,0,0,0,0,3000,2,3,,POINT (-91.653079453508 43.240922028958)
2014825235,14-0624,11/03/2014,11-November,2-Monday,04:49,0400 Hours,District 1 (Central),,WEBSTER,,Co Rd D43/CO RTE D43,Collision with:  Railway vehicle/train,,Non-collision (single vehicle),Animal,None Indicated,,,,,,,Paved,,Property Damage Only,0,0,0,0,0,0,4000,1,1,,POINT (-94.123380481369 42.368195630967)
2014826001,201416482,11/03/2014,11-November,2-Monday,08:35,0800 Hours,District 6 (East Central),CEDAR RAPIDS,LINN,,29TH ST NE & PRAIRIE DR NE,Collision with:  Vehicle in traffic,On Roadway,Broadside (front to side),Ran Stop Sign,None Indicated,,Daylight,Dry,Cloudy,None apparent,Intersection:  Four-way intersection,Paved,,Property Damage Only,0,0,0,0,0,0,7000,2,2,,POINT (-91.653022091608 42.006640167812)
2014825063,2014-22443,11/03/2014,11-November,2-Monday,05:30,0500 Hours,District 6 (East Central),,SCOTT,US 67,US 67/GREAT RIVER RD,Collision with:  Animal,,,Animal,None Indicated,,,,,,,Paved,,Property Damage Only,0,0,0,0,0,0,1501,1,1,,POINT (-90.343221893651 41.685623539352)
2014824973,14-36447,11/03/2014,11-November,2-Monday,10:34,1000 Hours,District 3 (Northwest),SIOUX CITY,WOODBURY,,36TH ST,Collision with:  Vehicle in traffic,On Roadway,Broadside (front to side),FTYROW:  At uncontrolled intersection,None Indicated,,Daylight,Dry,Cloudy,None apparent,Non-intersection:  Alley,Paved,,Property Damage Only,0,0,0,0,0,0,3250,2,2,,POINT (-96.40176637826 42.53195171604)
2014824947,20140032807,11/03/2014,11-November,2-Monday,18:16,1800 Hours,District 1 (Central),DES MOINES,POLK,US 6,US 6/DOUGLAS AVE & 51ST ST,Collision with:  Vehicle in traffic,On Roadway,Rear-end (front to rear),Exceeded authorized speed,None Indicated,,Dark - roadway lighted,Wet,Rain,"Surface condition (e.g., wet, icy)",Non-intersection:  Non-junction/no special feature,Paved,,Possible/Unknown,0,1,0,0,1,0,3500,2,5,,POINT (-93.688947752694 41.629449797503)
2014824944,20140032783,11/03/2014,11-November,2-Monday,16:02,1600 Hours,District 1 (Central),DES MOINES,POLK,US 69,US 69/SE 14TH ST,Collision with:  Vehicle in traffic,On Roadway,Rear-end (front to rear),Followed too close,None Indicated,,Daylight,Dry,Clear,None apparent,Non-intersection:  Other non-intersection (explain in narrative),Paved,,Property Damage Only,0,0,0,0,0,0,6000,2,2,,POINT (-93.596814027644 41.583271597206)
2014824827,148432,11/03/2014,11-November,2-Monday,02:20,0200 Hours,District 4 (Southwest),WEST DES MOINES,DALLAS,I-80,I-80,Collision with:  Animal,,,Animal,None Indicated,,,,,,,Paved,,Property Damage Only,0,0,0,0,0,0,10000,1,1,,POINT (-93.818275616215 41.587331052429)
2014826396,14-005215,11/03/2014,11-November,2-Monday,15:54,1500 Hours,District 1 (Central),AMES,STORY,US 30,US 30/NE RAMP CURV,Collision with:  Vehicle in traffic,On Roadway,Rear-end (front to rear),Followed too close,None Indicated,,Daylight,Dry,Clear,Work Zone (roadway-related),Non-intersection:  Non-junction/no special feature,Paved,Yes,Property Damage Only,0,0,0,0,0,0,11000,2,3,,POINT (-93.605403052312 42.005273622623)
2014832059,,11/03/2014,11-November,2-Monday,06:26,0600 Hours,District 2 (Northeast),,WINNESHIEK,,Co Rd W40/CO RD W40 & 173RD AVE,Collision with:  Animal,On Roadway,Non-collision (single vehicle),Animal,None Indicated,,Daylight,Dry,Clear,None apparent,Non-intersection:  Non-junction/no special feature,Paved,,Property Damage Only,0,0,0,0,0,0,8000,1,1,,POINT (-91.746210610628 43.457069175018)
2014827975,,11/03/2014,11-November,2-Monday,22:42,2200 Hours,District 2 (Northeast),WEST BEND,KOSSUTH,IA 15,IA 15/10 AVE & Co Rd B63/130 ST,Collision with fixed object:  Ditch,Outside trafficway,Non-collision (single vehicle),Driving too fast for conditions,None Indicated,,Dark - roadway lighted,Wet,Rain,"Surface condition (e.g., wet, icy)",Intersection:  T-intersection,Paved,,Property Damage Only,0,0,0,0,0,0,3000,1,1,,POINT (-94.443062341606 42.951507551455)
2014824950,14-1283,11/03/2014,11-November,2-Monday,13:35,1300 Hours,District 1 (Central),PLEASANT HILL,POLK,IA 163,IA 163/E UNIVERSITY AVE & COPPER CREEK DR,Collision with:  Vehicle in traffic,On Roadway,Rear-end (front to rear),Swerving/Evasive Action,None Indicated,,Daylight,Dry,Clear,None apparent,Non-intersection:  Non-junction/no special feature,Paved,,Possible/Unknown,0,1,0,0,1,0,2300,2,2,,POINT (-93.524672398601 41.60037695284)
2014824918,14025853,11/03/2014,11-November,2-Monday,18:07,1800 Hours,District 5 (Southeast),OSKALOOSA,MAHASKA,IA 92,IA 92/A AVE E,Collision with:  Non-motorist (see non-motorist section - NOT a unit),On Roadway,Non-collision (single vehicle),Other (explain in narrative):  No improper action,None Indicated,,Dark - roadway lighted,Dry,Rain,None apparent,Non-intersection:  Non-junction/no special feature,Paved,,Possible/Unknown,0,1,0,0,1,0,25,1,1,,POINT (-92.642145249582 41.296248028241)
2014825707,W14-109480,11/03/2014,11-November,2-Monday,20:43,2000 Hours,District 2 (Northeast),WATERLOO,BLACK HAWK,I-380,I-380,Collision with:  Vehicle in traffic,On Roadway,"Sideswipe, same direction",FTYROW:  Other (explain in narrative),None Indicated,,Dark - roadway lighted,Wet,Rain,None apparent,Interchange-related:  On-ramp merge area,Paved,,Possible/Unknown,0,1,0,0,1,0,1200,2,3,,POINT (-92.316621142916 42.466144186854)
2014825047,14-5553,11/03/2014,11-November,2-Monday,16:16,1600 Hours,District 1 (Central),WEST DES MOINES,POLK,I-235,I-235,Collision with:  Other non-fixed object (explain in narrative),On Roadway,Non-collision (single vehicle),Swerving/Evasive Action,None Indicated,,Daylight,Dry,Cloudy,Debris,Non-intersection:  Non-junction/no special feature,Paved,,Property Damage Only,0,0,0,0,0,0,2000,1,1,,POINT (-93.76326544907 41.59224004975)
2014824914,143369,11/03/2014,11-November,2-Monday,21:10,2100 Hours,District 3 (Northwest),,CRAWFORD,US 30,US 30,Collision with:  Animal,On Roadway,Non-collision (single vehicle),Animal,None Indicated,,Dark - roadway not lighted,Wet,Cloudy,None apparent,Non-intersection:  Non-junction/no special feature,Paved,,Possible/Unknown,0,1,0,0,0,1,7500,1,1,,POINT (-95.537284482936 41.915546461351)
2014825087,14-009285,11/03/2014,11-November,2-Monday,17:49,1700 Hours,District 2 (Northeast),,CLAYTON,,Co Rd B65/200TH ST & Co Rd X16/GUNDER RD,Collision with:  Animal,,Non-collision (single vehicle),Animal,None Indicated,,,,,,,Paved,,Property Damage Only,0,0,0,0,0,0,1500,1,1,,POINT (-91.431214830912 42.935472356991)
2014834005,2014061883,11/03/2014,11-November,2-Monday,15:00,1500 Hours,District 6 (East Central),,BUCHANAN,IA 150,IA 150/JAMESTOWN AVE & Co Rd D16/OTTERVILLE BLVD & 200TH ST,Non-collision events:  Overturn/rollover,On Roadway,Non-collision (single vehicle),Equipment failure,None Indicated,,Daylight,Dry,Cloudy,None apparent,Intersection:  Four-way intersection,Paved,,Property Damage Only,0,0,0,0,0,0,10000,1,1,,POINT (-91.8894899575 42.497815868766)
2014825013,2014-76802,11/03/2014,11-November,2-Monday,17:56,1700 Hours,District 6 (East Central),DAVENPORT,SCOTT,I-74,I-74,Collision with:  Animal,,,Animal,None Indicated,,,,,,,Paved,,Property Damage Only,0,0,0,0,0,0,8000,1,1,,POINT (-90.522272258758 41.568428698191)
2014825101,SO1404725,11/03/2014,11-November,2-Monday,19:08,1900 Hours,District 5 (Southeast),,JEFFERSON,,Co Rd W21/PLEASANT PLAIN RD,Collision with fixed object:  Bridge overhead structure,On Roadway,Non-collision (single vehicle),Other (explain in narrative):  No improper action,None Indicated,,Dark - roadway not lighted,Dry,Cloudy,None apparent,Non-intersection:  Other non-intersection (explain in narrative),Paved,,Possible/Unknown,0,1,0,0,1,0,2500,1,1,,POINT (-91.902839707772 41.085713144968)
2014824990,2014-12114,11/03/2014,11-November,2-Monday,10:53,1000 Hours,District 3 (Northwest),,SAC,,Co Rd D59/360TH ST,Collision with:  Vehicle in traffic,On Roadway,"Sideswipe, opposite direction",Ran Traffic Signal,None Indicated,,Daylight,Dry,Cloudy,Work Zone (roadway-related),Intersection:  Four-way intersection,Paved,Yes,Property Damage Only,0,0,0,0,0,0,23000,2,2,,POINT (-95.299597339907 42.268637534679)
2014825471,1409331,11/03/2014,11-November,2-Monday,17:22,1700 Hours,District 5 (Southeast),WASHINGTON,WASHINGTON,IA 92,IA 92/E WASHINGTON ST,Collision with:  Vehicle in traffic,On Roadway,"Sideswipe, same direction",Improper or erratic lane changing,None Indicated,,Dark - roadway lighted,Dry,Clear,None apparent,Unknown,Paved,,Property Damage Only,0,0,0,0,0,0,2100,2,2,,POINT (-91.677890799373 41.2982280571)
2014827557,90-14-383,11/03/2014,11-November,2-Monday,02:00,0200 Hours,District 2 (Northeast),,HUMBOLDT,,210TH ST,Non-collision events:  Overturn/rollover,Roadside,Non-collision (single vehicle),Ran off road - left,None Indicated,,Dark - roadway not lighted,Dry,Cloudy,None apparent,Non-intersection:  Non-junction/no special feature,Unpaved,,Property Damage Only,0,0,0,0,0,0,16000,1,1,,POINT (-94.098376755425 42.746143690873)
2014825046,14-046797,11/03/2014,11-November,2-Monday,17:05,1700 Hours,District 4 (Southwest),COUNCIL BLUFFS,POTTAWATTAMIE,,S 8TH ST,Collision with:  Vehicle in traffic,On Roadway,Rear-end (front to rear),Followed too close,None Indicated,,Dusk,Dry,Clear,None apparent,Non-intersection:  Non-junction/no special feature,Paved,,Property Damage Only,0,0,0,0,0,0,2050,2,4,,POINT (-95.856116136356 41.249166959393)
2014824508,1411032421,11/03/2014,11-November,2-Monday,10:50,1000 Hours,District 6 (East Central),,CLINTON,US 30,US 30 & 105 AVE,Collision with:  Vehicle in traffic,On Roadway,Broadside (front to side),Crossed centerline (undivided),None Indicated,,Daylight,Dry,Cloudy,None apparent,Intersection:  Four-way intersection,Paved,,Property Damage Only,0,0,0,0,0,0,8500,2,2,,POINT (-90.888515397354 41.841079395731)
2014825899,2014012365,11/03/2014,11-November,2-Monday,05:43,0500 Hours,District 6 (East Central),IOWA CITY,JOHNSON,,W PRENTISS ST,Collision with:  Vehicle in traffic,On Roadway,Rear-end (front to rear),"Operating vehicle in an reckless, erratic, careless, negligent manner",None Indicated,,Dark - roadway not lighted,Dry,Clear,None apparent,Non-intersection:  Non-junction/no special feature,Paved,,Property Damage Only,0,0,0,0,0,0,8300,3,1,,POINT (-91.536976498869 41.654448287026)
2014825365,14016421,11/03/2014,11-November,2-Monday,20:40,2000 Hours,District 6 (East Central),,CEDAR,US 30,US 30,Collision with:  Animal,On Roadway,Non-collision (single vehicle),Animal,None Indicated,,Dark - roadway lighted,Wet,Cloudy,None apparent,Non-intersection:  Non-junction/no special feature,Paved,,Property Damage Only,0,0,0,0,0,0,9000,2,2,,POINT (-90.94494657165 41.862727674672)
2014825323,H14-0076,11/03/2014,11-November,2-Monday,07:30,0700 Hours,District 1 (Central),HUXLEY,STORY,I-35,I-35,Collision with:  Animal,On Roadway,Non-collision (single vehicle),Animal,None Indicated,,Dawn,Dry,Cloudy,None apparent,Non-intersection:  Non-junction/no special feature,Paved,,Property Damage Only,0,0,0,0,0,0,5000,1,2,,POINT (-93.571094150225 41.890154656963)
2014825031,14-5748,11/03/2014,11-November,2-Monday,16:15,1600 Hours,District 6 (East Central),HIAWATHA,LINN,I-380,I-380,Collision with:  Vehicle in traffic,On Roadway,"Sideswipe, same direction",Crossed centerline (undivided),None Indicated,,Daylight,Dry,Cloudy,None apparent,Non-intersection:  Non-junction/no special feature,Paved,,Possible/Unknown,0,1,0,0,1,0,7500,2,3,,POINT (-91.679002917422 42.04193191477)
2014827862,2014061769,11/03/2014,11-November,2-Monday,08:52,0800 Hours,District 1 (Central),,BOONE,IA 17,IA 17/T AVE & Co Rd E26/190TH ST,Collision with:  Vehicle in traffic,On Roadway,Rear-end (front to rear),Crossed centerline (undivided),None Indicated,,Daylight,Wet,Rain,None apparent,Intersection:  Four-way intersection,Paved,,Fatal,1,3,0,0,3,0,33000,3,4,,POINT (-93.795851851901 42.07821676089)
2014826823,201416519,11/03/2014,11-November,2-Monday,20:40,2000 Hours,District 6 (East Central),CEDAR RAPIDS,LINN,,H AVE NE & OAKLAND RD NE,Non-collision events:  Other non-collision (explain in narrative),On Roadway,Broadside (front to side),FTYROW:  From stop sign,None Indicated,,Dark - roadway lighted,Wet,Rain,None apparent,Intersection:  Four-way intersection,Paved,,Minor Injury,0,1,0,1,0,0,4000,2,2,,POINT (-91.659701184166 41.995649490675)
2014833092,2014-80-AC,11/03/2014,11-November,2-Monday,06:15,0600 Hours,District 3 (Northwest),,DICKINSON,US 71,US 71,Collision with:  Animal,,,Animal,None Indicated,,,,,,,Paved,,Property Damage Only,0,0,0,0,0,0,8000,1,1,,POINT (-95.063049828013 43.430535592127)
2014830258,14-7641,11/03/2014,11-November,2-Monday,10:35,1000 Hours,District 2 (Northeast),LEDYARD,KOSSUTH,US 169,US 169 & Co Rd A16/500 ST,Non-collision events:  Overturn/rollover,Shoulder,Non-collision (single vehicle),Over correcting/over steering,None Indicated,,Daylight,Dry,Clear,None apparent,Non-intersection:  Non-junction/no special feature,Paved,,Minor Injury,0,1,0,1,0,0,40000,1,1,,POINT (-94.088721887667 43.487798845774)
2014825809,2014-23902,11/03/2014,11-November,2-Monday,16:41,1600 Hours,District 5 (Southeast),INDIANOLA,WARREN,US 65,US 65,Collision with:  Vehicle in traffic,On Roadway,Rear-end (front to rear),Driving too fast for conditions,None Indicated,,Dusk,Dry,Clear,Work Zone (roadway-related),Non-intersection:  Other non-intersection (explain in narrative),Paved,Yes,Property Damage Only,0,0,0,0,0,0,3500,2,2,,POINT (-93.558727642323 41.399603648918)
2014825238,14-34183,11/03/2014,11-November,2-Monday,17:54,1700 Hours,District 5 (Southeast),FORT MADISON,LEE,US 61,US 61 & Co Rd X50/GREEN BAY RD & 165 ST,Collision with:  Animal,,Non-collision (single vehicle),Animal,None Indicated,,,,,,,Paved,,Property Damage Only,0,0,0,0,0,0,2000,1,1,,POINT (-91.227714873842 40.717534799239)
2014825279,201404014,11/03/2014,11-November,2-Monday,18:15,1800 Hours,District 6 (East Central),,LINN,US 151,US 151,Collision with:  Animal,,,Animal,None Indicated,,,,,,,Paved,,Property Damage Only,0,0,0,0,0,0,3000,1,1,,POINT (-91.549971706287 41.984183480409)
2014825405,14-005212,11/03/2014,11-November,2-Monday,15:55,1500 Hours,District 1 (Central),AMES,STORY,,13TH ST,Collision with:  Vehicle in traffic,On Roadway,Rear-end (front to rear),Followed too close,None Indicated,,Daylight,Wet,Rain,None apparent,Non-intersection:  Non-junction/no special feature,Paved,,Property Damage Only,0,0,0,0,0,0,3500,3,4,,POINT (-93.611274326204 42.034540919151)
2014825567,,11/03/2014,11-November,2-Monday,19:30,1900 Hours,District 6 (East Central),IOWA CITY,JOHNSON,,OLD HIGHWAY 218 & RIVERSIDE OLD 218 CONN,Collision with:  Animal,On Roadway,Non-collision (single vehicle),Animal,None Indicated,,Dark - roadway not lighted,Wet,Rain,,Interchange-related:  On-ramp,Paved,,Property Damage Only,0,0,0,0,0,0,2500,1,1,,POINT (-91.53853780032 41.637976562506)
2014825354,,11/03/2014,11-November,2-Monday,20:30,2000 Hours,District 6 (East Central),WILLIAMSBURG,IOWA,I-80,I-80 & IA 149/P AVE,Collision with:  Vehicle in traffic,On Roadway,Rear-end (front to rear),Driving too fast for conditions,None Indicated,,Dark - roadway lighted,Wet,Rain,"Surface condition (e.g., wet, icy)",Intersection:  Intersection with ramp,Paved,,Property Damage Only,0,0,0,0,0,0,3000,2,2,,POINT (-92.008103458814 41.685690592381)
2014825019,201405208,11/03/2014,11-November,2-Monday,17:59,1700 Hours,District 1 (Central),,BOONE,,274TH LN,Collision with:  Animal,,,Animal,None Indicated,,,,,,,Unpaved,,Property Damage Only,0,0,0,0,0,0,3000,1,1,,POINT (-93.909151399426 41.957651405126)
2014826763,S14-109225,11/03/2014,11-November,2-Monday,06:25,0600 Hours,District 2 (Northeast),DUNKERTON,BLACK HAWK,,Co Rd C57/E CEDAR-WAPSI RD,Collision with:  Animal,,,Animal,None Indicated,,,,,,,Paved,,Property Damage Only,0,0,0,0,0,0,5000,1,1,,POINT (-92.157097241208 42.613388422461)
2014830523,14209,11/03/2014,11-November,2-Monday,16:28,1600 Hours,District 5 (Southeast),PELLA,MARION,,UNIVERSITY ST & W 1ST ST,Collision with:  Vehicle in traffic,On Roadway,Head-on (front to front),Improper Backing,None Indicated,,Daylight,Dry,Cloudy,None apparent,Non-intersection:  Non-junction/no special feature,Paved,,Property Damage Only,0,0,0,0,0,0,5000,2,3,,POINT (-92.920134752427 41.400184836096)
2014825102,SO1404726,11/03/2014,11-November,2-Monday,19:08,1900 Hours,District 5 (Southeast),,JEFFERSON,,Co Rd W21/PLEASANT PLAIN RD,Collision with:  Animal,,Non-collision (single vehicle),Animal,None Indicated,,,,,,,Paved,,Property Damage Only,0,0,0,0,0,0,1500,1,1,,POINT (-91.902839557551 41.085722151549)
2014824986,14-015521,11/03/2014,11-November,2-Monday,17:46,1700 Hours,District 6 (East Central),,BUCHANAN,IA 281,IA 281/100TH ST,Collision with:  Animal,,,Animal,None Indicated,,,,,,,Paved,,Property Damage Only,0,0,0,0,0,0,1500,1,1,,POINT (-91.920181886116 42.641920101304)
2014824908,W14-109304,11/03/2014,11-November,2-Monday,12:21,1200 Hours,District 2 (Northeast),WATERLOO,BLACK HAWK,US 63,US 63/W 1ST ST,Collision with fixed object:  Bridge overhead structure,On Roadway,Non-collision (single vehicle),Other (explain in narrative):  No improper action,None Indicated,,Daylight,Dry,Cloudy,None apparent,Non-intersection:  Alley,Paved,,Possible/Unknown,0,1,0,0,1,0,4000,1,1,,POINT (-92.341812941001 42.499757370886)
2014826089,201400004017,11/03/2014,11-November,2-Monday,20:30,2000 Hours,District 6 (East Central),,LINN,,Co Rd W36/LEWIS BOTTOMS RD,Collision with:  Animal,,,Animal,None Indicated,,,,,,,Paved,,Property Damage Only,0,0,0,0,0,0,1600,1,1,,POINT (-91.818855285247 42.146894125429)
2014824993,2014012389,11/03/2014,11-November,2-Monday,20:51,2000 Hours,District 6 (East Central),IOWA CITY,JOHNSON,US 6,US 6 & LAKESIDE DR & INDUSTRIAL PARK RD,Collision with fixed object:  Ditch,Outside trafficway,Non-collision (single vehicle),Ran off road - right,Alcohol (Statutory),,Dark - roadway lighted,Wet,Rain,None apparent,Intersection:  Four-way intersection,Paved,,Minor Injury,0,1,0,1,0,0,2000,1,1,,POINT (-91.497452612274 41.635357166721)
2014833239,C14109235,11/03/2014,11-November,2-Monday,07:50,0700 Hours,District 2 (Northeast),CEDAR FALLS,BLACK HAWK,US 218,US 218/NE RAMP/SE RAMP CURV & E LONE TREE RD,Collision with:  Vehicle in traffic,On Roadway,Broadside (front to side),Ran Stop Sign,Drug,,Daylight,Dry,Cloudy,None apparent,Intersection:  Intersection with ramp,Paved,,Major Injury,0,1,1,0,0,0,12000,2,2,,POINT (-92.424019038108 42.56122324776)
2014825324,H14-0822,11/03/2014,11-November,2-Monday,04:15,0400 Hours,District 1 (Central),HUXLEY,STORY,I-35,I-35,Collision with:  Animal,On Roadway,Non-collision (single vehicle),Animal,None Indicated,,Dark - roadway not lighted,Dry,Clear,None apparent,Non-intersection:  Non-junction/no special feature,Paved,,Property Damage Only,0,0,0,0,0,0,8000,1,1,,POINT (-93.571072172088 41.898513062061)
2014829551,14-016381,11/03/2014,11-November,2-Monday,17:48,1700 Hours,District 6 (East Central),,JACKSON,,308 ST,Collision with:  Vehicle in traffic,On Roadway,"Angle, oncoming left turn",Other (explain in narrative):  Other,None Indicated,,Dusk,Dry,Clear,None apparent,Non-intersection:  Non-junction/no special feature,Unpaved,,Property Damage Only,0,0,0,0,0,0,3000,2,2,,POINT (-90.476219943135 42.289766182142)
2014824984,14-015501,11/03/2014,11-November,2-Monday,07:22,0700 Hours,District 2 (Northeast),,FAYETTE,IA 3,IA 3/35TH ST,Collision with:  Animal,,,Animal,None Indicated,,,,,,,Paved,,Property Damage Only,0,0,0,0,0,0,5000,1,1,,POINT (-91.844741420096 42.679952667293)
2014830527,14210,11/03/2014,11-November,2-Monday,08:11,0800 Hours,District 5 (Southeast),PELLA,MARION,,BROADWAY ST,Collision with:  Vehicle in traffic,On Roadway,Rear-end (front to rear),FTYROW:  From driveway,None Indicated,,Daylight,Dry,Cloudy,None apparent,Non-intersection:  Driveway access (within),Paved,,Property Damage Only,0,0,0,0,0,0,4000,2,3,,POINT (-92.918317241396 41.399489973232)
2014824948,20140032817,11/03/2014,11-November,2-Monday,21:11,2100 Hours,District 1 (Central),DES MOINES,POLK,I-235,I-235 & US 69/E 14TH ST & LYON ST,Collision with:  Vehicle in traffic,On Roadway,Broadside (front to side),Ran Traffic Signal,None Indicated,,Dark - roadway lighted,Dry,Cloudy,None apparent,Intersection:  Four-way intersection,Paved,,Property Damage Only,0,0,0,0,0,0,4000,2,2,,POINT (-93.598738612197 41.595511457283)
2014824641,14009502,11/03/2014,11-November,2-Monday,06:30,0600 Hours,District 6 (East Central),,DELAWARE,,Co Rd W69/CENTER ST,Collision with:  Animal,,,Animal,None Indicated,,,,,,,Paved,,Property Damage Only,0,0,0,0,0,0,6000,1,1,,POINT (-91.545040259143 42.584195843397)
2014827683,2014061836,11/03/2014,11-November,2-Monday,10:45,1000 Hours,District 6 (East Central),NORTH LIBERTY,JOHNSON,I-380,I-380,Collision with:  Vehicle in traffic,On Roadway,Broadside (front to side),Crossed centerline (undivided),None Indicated,,Daylight,Dry,Clear,None apparent,Non-intersection:  Non-junction/no special feature,Paved,,Fatal,1,2,2,0,0,0,31277,2,3,,POINT (-91.642131292442 41.727037147386)
2014825869,2014061852,11/03/2014,11-November,2-Monday,13:08,1300 Hours,District 1 (Central),,JASPER,I-80,I-80,Collision with:  Animal,,,Animal,None Indicated,,,,,,,Paved,,Property Damage Only,0,0,0,0,0,0,1500,1,1,,POINT (-92.987023686808 41.682080061231)
2014825267,201400004016,11/03/2014,11-November,2-Monday,19:52,1900 Hours,District 6 (East Central),,LINN,,Co Rd D62/WALKER RD & Co Rd W45/TROY MILLS RD,Collision with:  Animal,,,Animal,None Indicated,,,,,,,Paved,,Property Damage Only,0,0,0,0,0,0,3000,1,1,,POINT (-91.682458211727 42.282877728485)
2014824980,14-5546,11/03/2014,11-November,2-Monday,14:45,1400 Hours,District 1 (Central),WEST DES MOINES,POLK,,22ND ST,Collision with:  Vehicle in traffic,On Roadway,"Angle, oncoming left turn",Unknown,None Indicated,,Daylight,Dry,Cloudy,None apparent,Intersection:  Four-way intersection,Paved,,Minor Injury,0,1,0,1,0,0,8000,2,4,,POINT (-93.736109152689 41.591876699515)
2014824985,14-015514,11/03/2014,11-November,2-Monday,15:34,1500 Hours,District 2 (Northeast),SUMNER,FAYETTE,IA 93,IA 93/150TH ST,Non-collision events:  Jackknife,Shoulder,Non-collision (single vehicle),Ran off road - left,None Indicated,,Daylight,Dry,Clear,None apparent,Non-intersection:  Non-junction/no special feature,Paved,,Minor Injury,0,1,0,1,0,0,9000,1,1,,POINT (-92.005434283067 42.847438424636)
2014825331,14-0409,11/03/2014,11-November,2-Monday,12:38,1200 Hours,District 5 (Southeast),DAVIS CITY,DECATUR,,N OAK ST,Collision with:  Vehicle in traffic,On Roadway,Broadside (front to side),FTYROW:  From parked position,None Indicated,,Daylight,Dry,Cloudy,None apparent,Non-intersection:  Non-junction/no special feature,Unpaved,,Possible/Unknown,0,1,0,0,1,0,2500,2,3,,POINT (-93.809139555694 40.640130062759)
2014836094,14-07581,11/03/2014,11-November,2-Monday,08:37,0800 Hours,District 2 (Northeast),OELWEIN,FAYETTE,,3RD ST SE & 7TH AVE SE,Collision with:  Vehicle in traffic,On Roadway,Broadside (front to side),FTYROW:  From yield sign,None Indicated,,Daylight,Dry,Cloudy,None apparent,Intersection:  Four-way intersection,Paved,,Property Damage Only,0,0,0,0,0,0,7300,2,3,,POINT (-91.904003111045 42.674123183658)
2014825820,14109325,11/03/2014,11-November,2-Monday,13:18,1300 Hours,District 2 (Northeast),CEDAR FALLS,BLACK HAWK,IA 27,IA 27 & GREENHILL RD,Collision with:  Vehicle in traffic,On Roadway,Rear-end (front to rear),Other (explain in narrative):  Other,None Indicated,,Daylight,Dry,Cloudy,None apparent,Intersection:  Four-way intersection,Paved,,Property Damage Only,0,0,0,0,0,0,2500,2,2,,POINT (-92.452778978593 42.498737897842)
2014825525,2014061920,11/03/2014,11-November,2-Monday,18:20,1800 Hours,District 6 (East Central),DAVENPORT,SCOTT,I-80,I-80,Collision with:  Animal,,,Animal,None Indicated,,,,,,,Paved,,Property Damage Only,0,0,0,0,0,0,5000,1,1,,POINT (-90.592288840306 41.599647032314)
2014826002,201416495,11/03/2014,11-November,2-Monday,13:34,1300 Hours,District 6 (East Central),CEDAR RAPIDS,LINN,,DIAGONAL DR SW & 3RD ST SW,Collision with:  Vehicle in traffic,On Roadway,Broadside (front to side),FTYROW:  Making right turn on red signal,None Indicated,,Daylight,Dry,Cloudy,Work Zone (roadway-related),Intersection:  Four-way intersection,Paved,Yes,Property Damage Only,0,0,0,0,0,0,2500,2,2,,POINT (-91.672674432649 41.970942491368)
2014825232,14-034138,11/03/2014,11-November,2-Monday,06:40,0600 Hours,District 5 (Southeast),,LEE,US 61,US 61,Collision with:  Animal,,,Animal,None Indicated,,,,,,,Paved,,Property Damage Only,0,0,0,0,0,0,1500,1,1,,POINT (-91.304522319255 40.670594468577)
2014825376,14112055,11/03/2014,11-November,2-Monday,18:11,1800 Hours,District 4 (Southwest),CLARINDA,PAGE,IA 2,IA 2/IOWA 2,Collision with:  Animal,On Roadway,Non-collision (single vehicle),Animal,None Indicated,,Dark - roadway not lighted,Dry,Clear,None apparent,Non-intersection:  Non-junction/no special feature,Paved,,Property Damage Only,0,0,0,0,0,0,5000,1,1,,POINT (-95.060235050495 40.738326191801)