Iowa DOT Case Number,Law Enforcement Case Number,Date of Crash,Month of Crash,Day of Week,Time of Crash,Hour,DOT District,City Name,County Name,Route with System,Location Description,First Harmful Event,Location of First Harmful Event,Manner of Crash/Collision,Major Cause,Drug or Alcohol ,Environmental Conditions,Light Conditions,Surface Conditions,Weather Conditions,Roadway Contribution,Roadway Type,Roadway Surface,Work Zone,Crash Severity,Number of Fatalities,Number of Injuries,Number of Major Injuries,Number of Minor Injuries,Number of Possible Injuries,Number of Unknown Injuries,Amount of Property Damage,Number of Vehicles Involved,Total Number of Occupants,Travel Direction,Location
2014825241,14034184,11/03/2014,11-November,2-Monday,18:12,1800 Hours,District 5 (Southeast),,LEE,US 218,US 218,Collision with:  Animal,,,Animal,None Indicated,,,,,,,Paved,,Property Damage Only,0,0,0,0,0,0,2000,1,1,,POINT (-91.512779971507 40.566274914272)
2014825015,14-046126,11/03/2014,11-November,2-Monday,18:00,1800 Hours,District 5 (Southeast),MUSCATINE,MUSCATINE,,ONEIDA AVE,Collision with:  Parked motor vehicle,On Roadway,"Sideswipe, same direction",Swerving/Evasive Action,None Indicated,,Dark - roadway not lighted,Dry,Clear,None apparent,Non-intersection:  Non-junction/no special feature,Paved,,Property Damage Only,0,0,0,0,0,0,3000,2,2,,POINT (-91.06708072103 41.410743766863)
2014825317,20144030,11/03/2014,11-November,2-Monday,15:25,1500 Hours,District 1 (Central),,GRUNDY,,N AVE,Non-collision events:  Overturn/rollover,On Roadway,Non-collision (single vehicle),Ran off road - right,None Indicated,,Daylight,Dry,Cloudy,None apparent,Non-intersection:  Non-junction/no special feature,Unpaved,,Possible/Unknown,0,1,0,0,1,0,5000,1,1,,POINT (-92.768198195208 42.319329344617)
2014827913,2014-76727,11/03/2014,11-November,2-Monday,12:14,1200 Hours,District 6 (East Central),DAVENPORT,SCOTT,,IA 461/HARRISON ST & W 35TH ST,Collision with:  Vehicle in traffic,On Roadway,Rear-end (front to rear),Followed too close,None Indicated,,Daylight,Dry,Cloudy,None apparent,Intersection:  Other intersection (explain in narrative),Paved,,Property Damage Only,0,0,0,0,0,0,1500,2,2,,POINT (-90.577050652474 41.555708916647)
2014826004,201416503,11/03/2014,11-November,2-Monday,15:42,1500 Hours,District 6 (East Central),CEDAR RAPIDS,LINN,,BLAIRS FERRY RD & 10TH AVE,Collision with:  Vehicle in traffic,On Roadway,"Angle, oncoming left turn",FTYROW:  Making left turn,None Indicated,,Daylight,Dry,Cloudy,None apparent,Intersection:  Four-way intersection,Paved,,Property Damage Only,0,0,0,0,0,0,6000,2,2,,POINT (-91.682956905011 42.034763268532)
2014825223,14-001283,11/03/2014,11-November,2-Monday,06:15,0600 Hours,District 1 (Central),,BOONE,US 30,US 30/230TH ST,Collision with:  Animal,,Non-collision (single vehicle),Animal,None Indicated,,,,,,,Paved,,Property Damage Only,0,0,0,0,0,0,5000,1,1,,POINT (-93.699648409888 42.014735180911)
2014825029,14-3540,11/03/2014,11-November,2-Monday,17:15,1700 Hours,District 1 (Central),FORT DODGE,WEBSTER,,N 25TH ST,Collision with:  Parked motor vehicle,Outside trafficway,Rear-end (front to rear),Other (explain in narrative):  Vision obstructed,None Indicated,,Dusk,Dry,Clear,None apparent,Non-intersection:  Non-junction/no special feature,Paved,,Property Damage Only,0,0,0,0,0,0,3000,2,1,,POINT (-94.164502123454 42.514570879955)
2014825871,2014061940,11/03/2014,11-November,2-Monday,23:11,2300 Hours,District 1 (Central),,POLK,I-80,I-80,Collision with:  Animal,,,Animal,None Indicated,,,,,,,Paved,,Property Damage Only,0,0,0,0,0,0,5500,1,1,,POINT (-93.433400195952 41.673697628174)
2014825045,C14003497,11/03/2014,11-November,2-Monday,18:35,1800 Hours,District 6 (East Central),CORALVILLE,JOHNSON,,12TH AVE,Collision with:  Animal,On Roadway,Non-collision (single vehicle),Animal,None Indicated,,Dark - roadway lighted,Dry,Clear,None apparent,Non-intersection:  Non-junction/no special feature,Paved,,Property Damage Only,0,0,0,0,0,0,1500,1,2,,POINT (-91.581863897939 41.689660354202)
2014824976,14-36487,11/03/2014,11-November,2-Monday,17:27,1700 Hours,District 3 (Northwest),SIOUX CITY,WOODBURY,,OUTER DR N,Collision with:  Vehicle in traffic,On Roadway,"Sideswipe, same direction",Improper or erratic lane changing,None Indicated,,Dark - roadway lighted,Wet,Cloudy,None apparent,Non-intersection:  Non-junction/no special feature,Paved,,Property Damage Only,0,0,0,0,0,0,2000,2,3,,POINT (-96.37354273429 42.536199708042)
2014839025,14-038AC-C,11/03/2014,11-November,2-Monday,17:00,1700 Hours,District 3 (Northwest),MILFORD,DICKINSON,US 71,US 71/OKOBOJI AVE & 13TH ST,Collision with:  Vehicle in traffic,On Roadway,Broadside (front to side),Other (explain in narrative):  No improper action,None Indicated,,Dusk,Wet,Cloudy,None apparent,Intersection:  Four-way intersection,Paved,,Property Damage Only,0,0,0,0,0,0,2700,2,2,,POINT (-95.149993312267 43.327943064146)
2014828005,,11/03/2014,11-November,2-Monday,06:00,0600 Hours,District 6 (East Central),,JOHNSON,US 218,US 218,Collision with:  Animal,On Roadway,Non-collision (single vehicle),Animal,None Indicated,,Dark - roadway not lighted,Wet,Rain,,Non-intersection:  Other non-intersection (explain in narrative),Paved,,Property Damage Only,0,0,0,0,0,0,10000,1,1,,POINT (-91.548667186261 41.600690176489)
2014826328,,11/03/2014,11-November,2-Monday,18:42,1800 Hours,District 2 (Northeast),,CLAYTON,,Co Rd C23/BUCK CREEK RD & Co Rd X56/MISSISSIPPI RD,Collision with:  Animal,On Roadway,Non-collision (single vehicle),Animal,None Indicated,,Dark - roadway not lighted,Dry,Rain,None apparent,Non-intersection:  Non-junction/no special feature,Paved,,Property Damage Only,0,0,0,0,0,0,2000,1,1,,POINT (-91.108956530709 42.827296722597)
2014826114,2014061722,11/03/2014,11-November,2-Monday,06:11,0600 Hours,District 2 (Northeast),HAMPTON,FRANKLIN,I-35,I-35,Collision with:  Animal,,Non-collision (single vehicle),Animal,None Indicated,,,,,,,Paved,,Property Damage Only,0,0,0,0,0,0,10000,1,1,,POINT (-93.39553641947 42.747963199671)
2014825524,2014061730,11/03/2014,11-November,2-Monday,06:45,0600 Hours,District 1 (Central),,POWESHIEK,IA 21,IA 21/IOWA 21,Collision with:  Animal,,,Animal,None Indicated,,,,,,,Paved,,Property Damage Only,0,0,0,0,0,0,6000,1,1,,POINT (-92.358041438654 41.64510606604)
2014825069,20141062,11/03/2014,11-November,2-Monday,07:10,0700 Hours,District 6 (East Central),MOUNT VERNON,LINN,IA 1,IA 1/IOWA 1,Collision with:  Animal,,,Animal,None Indicated,,,,,,,Paved,,Property Damage Only,0,0,0,0,0,0,3500,1,1,,POINT (-91.4033651995 41.937340996633)
2014825032,14-5750,11/03/2014,11-November,2-Monday,18:41,1800 Hours,District 6 (East Central),HIAWATHA,LINN,,CENTER POINT RD & BOYSON RD,Collision with:  Vehicle in traffic,On Roadway,Rear-end (front to rear),Lost Control,None Indicated,,Dark - roadway lighted,Wet,Rain,None apparent,Intersection:  Four-way intersection,Paved,,Property Damage Only,0,0,0,0,0,0,3000,2,2,,POINT (-91.682515137203 42.046790686243)
2014825377,14112056,11/03/2014,11-November,2-Monday,16:54,1600 Hours,District 4 (Southwest),CLARINDA,PAGE,,S 16TH ST,Collision with:  Vehicle in traffic,On Roadway,"Sideswipe, same direction","Operating vehicle in an reckless, erratic, careless, negligent manner",None Indicated,,Daylight,Dry,Cloudy,None apparent,Non-intersection:  Non-junction/no special feature,Paved,,Property Damage Only,0,0,0,0,0,0,1500,2,2,,POINT (-95.037817657281 40.728644589668)
2014825028,14-21443,11/03/2014,11-November,2-Monday,17:15,1700 Hours,District 2 (Northeast),,BREMER,,TAHOE AVE,Collision with:  Animal,,,Animal,None Indicated,,,,,,,Unpaved,,Property Damage Only,0,0,0,0,0,0,1500,1,1,,POINT (-92.180378239792 42.774485593379)
2014825206,2014-039327,11/03/2014,11-November,2-Monday,20:12,2000 Hours,District 6 (East Central),DUBUQUE,DUBUQUE,,JOHN F KENNEDY RD,Collision with:  Vehicle in traffic,On Roadway,"Sideswipe, same direction",Made improper turn,None Indicated,,Dark - roadway lighted,Wet,Rain,None apparent,Non-intersection:  Non-junction/no special feature,Paved,,Possible/Unknown,0,1,0,0,1,0,10500,2,3,,POINT (-90.720495650347 42.511869271516)
2014832062,,11/04/2014,11-November,3-Tuesday,08:50,0800 Hours,District 2 (Northeast),,WINNESHIEK,IA 9,IA 9/IOWA 9 & CENTENNIAL RD,Collision with:  Vehicle in traffic,On Roadway,Rear-end (front to rear),Lost Control,None Indicated,,Daylight,Dry,Clear,None apparent,Intersection:  T-intersection,Paved,,Property Damage Only,0,0,0,0,0,0,15000,2,5,,POINT (-91.712530046193 43.254474179197)
2014825421,14-12936,11/04/2014,11-November,3-Tuesday,15:42,1500 Hours,District 3 (Northwest),,SIOUX,,Co Rd B40/400TH ST,Collision with:  Vehicle in traffic,On Roadway,Rear-end (front to rear),Followed too close,None Indicated,,Daylight,Dry,Clear,None apparent,Non-intersection:  Non-junction/no special feature,Paved,,Possible/Unknown,0,3,0,0,3,0,14000,2,6,,POINT (-96.093329572155 43.070294318614)
2014825182,14-36588,11/04/2014,11-November,3-Tuesday,15:31,1500 Hours,District 3 (Northwest),SIOUX CITY,WOODBURY,,5TH ST,Collision with:  Vehicle in traffic,On Roadway,"Sideswipe, same direction",FTYROW:  Other (explain in narrative),None Indicated,,Daylight,Dry,Clear,None apparent,Non-intersection:  Non-junction/no special feature,Paved,,Property Damage Only,0,0,0,0,0,0,7500,2,3,,POINT (-96.399970780664 42.495284855064)
2014824938,20140032865,11/04/2014,11-November,3-Tuesday,09:48,0900 Hours,District 1 (Central),DES MOINES,POLK,US 69,US 69/SE 14TH ST,Collision with:  Vehicle in traffic,On Roadway,"Sideswipe, same direction",Improper or erratic lane changing,None Indicated,,Daylight,Dry,Clear,None apparent,Non-intersection:  Non-junction/no special feature,Paved,,Minor Injury,0,2,0,1,1,0,14000,3,3,,POINT (-93.596827711254 41.552178367467)
2014827914,2014-76946,11/04/2014,11-November,3-Tuesday,11:01,1100 Hours,District 6 (East Central),DAVENPORT,SCOTT,,IA 461/BRADY ST & E GARFIELD ST,Collision with:  Vehicle in traffic,On Roadway,"Sideswipe, same direction",Improper or erratic lane changing,None Indicated,,Daylight,Dry,Cloudy,None apparent,Non-intersection:  Non-junction/no special feature,Paved,,Property Damage Only,0,0,0,0,0,0,1500,2,2,,POINT (-90.571253411732 41.548183294134)
2014826007,201416534,11/04/2014,11-November,3-Tuesday,08:10,0800 Hours,District 6 (East Central),CEDAR RAPIDS,LINN,,BLAIRS FERRY RD NE & ROCKWELL DR NE,Collision with:  Vehicle in traffic,On Roadway,Broadside (front to side),Ran Traffic Signal,None Indicated,,Daylight,Dry,Cloudy,None apparent,Intersection:  Four-way intersection,Paved,,Property Damage Only,0,0,0,0,0,0,5500,2,3,,POINT (-91.649242545731 42.035163954165)
2014825308,14007666,11/04/2014,11-November,3-Tuesday,15:40,1500 Hours,District 1 (Central),,HAMILTON,,SARATOGA AVE,Non-collision events:  Overturn/rollover,On Roadway,Non-collision (single vehicle),Driving too fast for conditions,None Indicated,,Daylight,"Mud, dirt",Cloudy,None apparent,Intersection:  T-intersection,Unpaved,,Property Damage Only,0,0,0,0,0,0,3000,1,3,,POINT (-93.610629686308 42.259505816348)
2014825086,16825-14,11/04/2014,11-November,3-Tuesday,20:37,2000 Hours,District 3 (Northwest),SPENCER,CLAY,,E 18TH ST,Collision with:  Vehicle in traffic,On Roadway,Rear-end (front to rear),Driver Distraction:  Reaching for object(s)/fallen object(s),None Indicated,,Dark - roadway lighted,Dry,Clear,None apparent,Non-intersection:  Non-junction/no special feature,Paved,,Property Damage Only,0,0,0,0,0,0,3000,2,3,,POINT (-95.132435921522 43.156217432247)
2014825677,2014-039358,11/04/2014,11-November,3-Tuesday,23:57,2300 Hours,District 6 (East Central),DUBUQUE,DUBUQUE,,WINDSOR AVE,Collision with:  Parked motor vehicle,On Roadway,Rear-end (front to rear),Lost Control,None Indicated,,Dark - roadway not lighted,Dry,Cloudy,None apparent,Non-intersection:  Non-junction/no special feature,Paved,,Possible/Unknown,0,1,0,0,1,0,7500,2,1,,POINT (-90.669361777231 42.524303019885)
2014825060,14-046884,11/04/2014,11-November,3-Tuesday,09:45,0900 Hours,District 4 (Southwest),COUNCIL BLUFFS,POTTAWATTAMIE,US 275,US 275/VETERANS MEMORIAL HWY & PIUTE ST & S EXPRESSWAY,Collision with:  Vehicle in traffic,On Roadway,"Angle, oncoming left turn",FTYROW:  Making left turn,Drug/Alcohol (< Statutory),,Daylight,Dry,Cloudy,None apparent,Intersection:  Four-way intersection,Paved,,Fatal,2,0,0,0,0,0,12000,2,4,,POINT (-95.850846933826 41.219657615028)
2014825124,20140032934,11/04/2014,11-November,3-Tuesday,21:01,2100 Hours,District 1 (Central),DES MOINES,POLK,,BLOOMFIELD RD,Collision with:  Vehicle in traffic,On Roadway,Rear-end (front to rear),Ran off road - straight,None Indicated,,Dark - roadway lighted,Dry,Clear,None apparent,Non-intersection:  Non-junction/no special feature,Paved,,Property Damage Only,0,0,0,0,0,0,3000,2,2,,POINT (-93.588537414798 41.519938794458)
2014824977,14-36537,11/04/2014,11-November,3-Tuesday,04:39,0400 Hours,District 3 (Northwest),SIOUX CITY,WOODBURY,I-29,I-29,Collision with:  Animal,,,Animal,None Indicated,,,,,,,Paved,,Property Damage Only,0,0,0,0,0,0,3000,1,1,,POINT (-96.470119545713 42.493350954496)
2014825109,14680856,11/04/2014,11-November,3-Tuesday,17:56,1700 Hours,District 5 (Southeast),,MONROE,US 34,US 34,Collision with:  Animal,,Non-collision (single vehicle),Animal,None Indicated,,,,,,,Paved,,Property Damage Only,0,0,0,0,0,0,2000,1,1,,POINT (-92.670176710877 41.015895509759)
2014830214,PD1409929,11/04/2014,11-November,3-Tuesday,19:31,1900 Hours,District 5 (Southeast),FAIRFIELD,JEFFERSON,,MINT BLVD,Collision with:  Animal,On Roadway,Non-collision (single vehicle),Animal,None Indicated,,Dark - roadway not lighted,Dry,Clear,None apparent,Non-intersection:  Non-junction/no special feature,Unpaved,,Property Damage Only,0,0,0,0,0,0,2000,1,1,,POINT (-91.948083423397 40.99438899605)
2014825236,14-0625,11/04/2014,11-November,3-Tuesday,20:00,2000 Hours,District 1 (Central),,WEBSTER,,160TH ST & UNION AVE,Collision with:  Animal,,Non-collision (single vehicle),Animal,None Indicated,,,,,,,Unpaved,,Property Damage Only,0,0,0,0,0,0,3800,1,777,,POINT (-94.049757323496 42.558114312887)
2014825064,14-3546,11/04/2014,11-November,3-Tuesday,13:08,1300 Hours,District 1 (Central),FORT DODGE,WEBSTER,,2ND AVE N & N 27TH ST,Collision with:  Vehicle in traffic,On Roadway,Rear-end (front to rear),Ran Stop Sign,None Indicated,,Daylight,Dry,Clear,None apparent,Intersection:  Four-way intersection,Paved,,Minor Injury,0,1,0,1,0,0,15000,2,2,,POINT (-94.160760582736 42.508412922195)
2014825407,14-005225,11/04/2014,11-November,3-Tuesday,14:58,1400 Hours,District 1 (Central),AMES,STORY,,UNIVERSITY BLVD & CENTER DR,Collision with:  Vehicle in traffic,On Roadway,Broadside (front to side),FTYROW:  Making left turn,None Indicated,,Daylight,Dry,Clear,None apparent,Non-intersection:  Crossover-related,Paved,,Possible/Unknown,0,2,0,0,2,0,24000,2,3,,POINT (-93.632548195435 42.019807988928)
2014825310,201405217,11/04/2014,11-November,3-Tuesday,06:50,0600 Hours,District 1 (Central),MADRID,BOONE,IA 17,IA 17/S AVE,Collision with:  Vehicle in traffic,,Non-collision (single vehicle),Animal,None Indicated,,,,,,,Paved,,Property Damage Only,0,0,0,0,0,0,4000,1,1,,POINT (-93.81571565508 41.864512434786)
2014828658,A391114-2478,11/04/2014,11-November,3-Tuesday,21:00,2100 Hours,District 4 (Southwest),,GUTHRIE,,WAX TRL,Non-collision events:  Overturn/rollover,On Roadway,Non-collision (single vehicle),Swerving/Evasive Action,None Indicated,,Dark - roadway not lighted,"Mud, dirt",Clear,None apparent,Non-intersection:  Non-junction/no special feature,Unpaved,,Property Damage Only,0,0,0,0,0,0,5100,1,1,,POINT (-94.302718302987 41.51950636006)
2014825255,201400054063,11/04/2014,11-November,3-Tuesday,14:16,1400 Hours,District 5 (Southeast),OTTUMWA,WAPELLO,,W 2ND ST,Collision with:  Vehicle in traffic,On Roadway,"Angle, oncoming left turn",Other (explain in narrative):  Other,None Indicated,,Daylight,Dry,Clear,None apparent,Non-intersection:  Driveway access (within),Paved,,Property Damage Only,0,0,0,0,0,0,8000,2,2,,POINT (-92.418332234652 41.023349374402)
2014825321,03108,11/04/2014,11-November,3-Tuesday,22:50,2200 Hours,District 6 (East Central),DYERSVILLE,DUBUQUE,US 20,US 20,Collision with:  Animal,,,Animal,None Indicated,,,,,,,Paved,,Property Damage Only,0,0,0,0,0,0,1500,1,1,,POINT (-91.080908722749 42.467341345192)
2014826133,201406959,11/04/2014,11-November,3-Tuesday,06:30,0600 Hours,District 6 (East Central),,JACKSON,US 61,US 61,Collision with:  Animal,,,Animal,None Indicated,,,,,,,Paved,,Property Damage Only,0,0,0,0,0,0,6000,1,1,,POINT (-90.675959966055 42.119605787025)
2014825114,14-004780,11/04/2014,11-November,3-Tuesday,16:30,1600 Hours,District 1 (Central),ANKENY,POLK,,NW 18TH ST,Non-collision events:  Other non-collision (explain in narrative),On Roadway,Non-collision (single vehicle),Other (explain in narrative):  Vision obstructed,None Indicated,,Dusk,Dry,Clear,None apparent,Non-intersection:  Non-junction/no special feature,Paved,,Property Damage Only,0,0,0,0,0,0,5000,1,1,,POINT (-93.6020743901 41.746354404462)
2014826047,2014061957,11/04/2014,11-November,3-Tuesday,05:46,0500 Hours,District 4 (Southwest),,ADAMS,US 34,US 34,Collision with:  Animal,,,Animal,None Indicated,,,,,,,Paved,,Property Damage Only,0,0,0,0,0,0,3000,1,1,,POINT (-94.560398520176 40.978925302213)
2014826118,2014062109,11/04/2014,11-November,3-Tuesday,23:25,2300 Hours,District 4 (Southwest),,MILLS,I-29,I-29,Collision with:  Animal,,,Animal,None Indicated,,,,,,,Paved,,Property Damage Only,0,0,0,0,0,0,2500,1,1,,POINT (-95.831603174357 41.097004908368)
2014825328,C14003510,11/04/2014,11-November,3-Tuesday,17:15,1700 Hours,District 6 (East Central),CORALVILLE,JOHNSON,US 6,US 6/2ND ST,Collision with:  Vehicle in traffic,On Roadway,Rear-end (front to rear),Followed too close,None Indicated,,Dark - roadway lighted,Dry,Cloudy,None apparent,Non-intersection:  Non-junction/no special feature,Paved,,Possible/Unknown,0,2,0,0,2,0,10000,2,3,,POINT (-91.563121157583 41.667955199563)
2014825526,2014061974,11/04/2014,11-November,3-Tuesday,07:50,0700 Hours,District 6 (East Central),,BENTON,,Co Rd E44/71 ST,Collision with:  Animal,,,Animal,None Indicated,,,,,,,Paved,,Property Damage Only,0,0,0,0,0,0,5000,1,1,,POINT (-91.921936012829 41.992314686653)
2014826963,14-151104-01,11/04/2014,11-November,3-Tuesday,19:00,1900 Hours,District 6 (East Central),,IOWA,US 6,US 6,Collision with:  Animal,,,Animal,None Indicated,,,,,,,Paved,,Property Damage Only,0,0,0,0,0,0,3000,1,1,,POINT (-92.102673117325 41.781941685787)
2014832243,145936,11/04/2014,11-November,3-Tuesday,15:28,1500 Hours,District 1 (Central),IOWA FALLS,HARDIN,,RIVER ST,Collision with:  Vehicle in traffic,On Roadway,Rear-end (front to rear),Other (explain in narrative):  Other,None Indicated,,Daylight,Dry,Clear,None apparent,Non-intersection:  Non-junction/no special feature,Paved,,Possible/Unknown,0,1,0,0,1,0,800,2,3,,POINT (-93.267887258494 42.520714874488)
2014825121,20140032928,11/04/2014,11-November,3-Tuesday,16:49,1600 Hours,District 1 (Central),DES MOINES,POLK,,E 5TH ST,Collision with fixed object:  Other fixed object (explain in narrative),Outside trafficway,Non-collision (single vehicle),"Operating vehicle in an reckless, erratic, careless, negligent manner",None Indicated,,Dark - roadway lighted,Dry,Clear,None apparent,Non-intersection:  Non-junction/no special feature,Paved,,Property Damage Only,0,0,0,0,0,0,2500,1,1,,POINT (-93.611357971956 41.59004970395)
2014826021,14003874,11/04/2014,11-November,3-Tuesday,08:35,0800 Hours,District 5 (Southeast),,KEOKUK,IA 92,IA 92/IOWA 92,Collision with:  Animal,,,Animal,None Indicated,,,,,,,Paved,,Property Damage Only,0,0,0,0,0,0,3000,1,1,,POINT (-92.033857201259 41.337256281508)
2014828006,,11/04/2014,11-November,3-Tuesday,06:00,0600 Hours,District 2 (Northeast),,ALLAMAKEE,,Co Rd X20/LYCURGUS RD,Collision with:  Animal,On Roadway,Non-collision (single vehicle),Animal,None Indicated,,Dark - roadway not lighted,Dry,Clear,,Non-intersection:  Non-junction/no special feature,Unpaved,,Property Damage Only,0,0,0,0,0,0,4000,1,1,,POINT (-91.396671077813 43.428903498828)
2014825263,14-046923,11/04/2014,11-November,3-Tuesday,15:27,1500 Hours,District 4 (Southwest),COUNCIL BLUFFS,POTTAWATTAMIE,I-29,I-29,Collision with:  Vehicle in traffic,On Roadway,"Sideswipe, same direction",FTYROW:  Other (explain in narrative),None Indicated,,Daylight,Dry,Clear,None apparent,Non-intersection:  Non-junction/no special feature,Paved,,Property Damage Only,0,0,0,0,0,0,3000,2,2,,POINT (-95.856484457143 41.232153772067)
2014825482,2014-76952,11/04/2014,11-November,3-Tuesday,11:13,1100 Hours,District 6 (East Central),DAVENPORT,SCOTT,US 67,US 67/E RIVER DR & TREMONT AVE,Collision with:  Vehicle in traffic,On Roadway,Rear-end (front to rear),Other (explain in narrative):  Other,None Indicated,,Daylight,Dry,Cloudy,None apparent,Non-intersection:  Non-junction/no special feature,Paved,,Property Damage Only,0,0,0,0,0,0,6000,2,2,,POINT (-90.561364781316 41.525160680027)
2014825237,14-21516,11/04/2014,11-November,3-Tuesday,17:57,1700 Hours,District 2 (Northeast),,BREMER,IA 93,IA 93/IOWA 93,Collision with:  Animal,,Non-collision (single vehicle),Animal,None Indicated,,,,,,,Paved,,Property Damage Only,0,0,0,0,0,0,3000,1,1,,POINT (-92.25815914883 42.820573949)
2014824937,20140032855,11/04/2014,11-November,3-Tuesday,09:00,0900 Hours,District 1 (Central),DES MOINES,POLK,US 69,US 69/JOHNSON CT,Collision with:  Vehicle in traffic,On Roadway,"Sideswipe, same direction",Unknown,None Indicated,,Daylight,Dry,Clear,None apparent,Non-intersection:  Non-junction/no special feature,Paved,,Property Damage Only,0,0,0,0,0,0,12500,2,2,,POINT (-93.600047898504 41.59954888257)
2014825115,14-004783,11/04/2014,11-November,3-Tuesday,17:50,1700 Hours,District 1 (Central),POLK CITY,POLK,US 69,US 69/S ANKENY BLVD,Collision with:  Animal,On Roadway,Non-collision (single vehicle),Animal,None Indicated,,Dark - roadway not lighted,Dry,Clear,None apparent,Non-intersection:  Non-junction/no special feature,Paved,,Property Damage Only,0,0,0,0,0,0,4500,1,2,,POINT (-93.600546742032 41.706308088645)
2014825445,14-0626,11/04/2014,11-November,3-Tuesday,23:00,2300 Hours,District 1 (Central),,WEBSTER,,Co Rd D20/OLD HWY 20,Collision with:  Animal,,,Animal,None Indicated,,,,,,,Paved,,Property Damage Only,0,0,0,0,0,0,1800,1,1,,POINT (-94.244643145919 42.466385424478)
2014825261,H14-109815,11/04/2014,11-November,3-Tuesday,22:47,2200 Hours,District 2 (Northeast),HUDSON,BLACK HAWK,IA 58,IA 58/HUDSON RD,Collision with:  Animal,On Roadway,Non-collision (single vehicle),Animal,None Indicated,,Dark - roadway not lighted,Dry,Clear,None apparent,Non-intersection:  Non-junction/no special feature,Paved,,Property Damage Only,0,0,0,0,0,0,2500,1,1,,POINT (-92.465948683642 42.42985985309)
2014825246,2014-23995,11/04/2014,11-November,3-Tuesday,18:14,1800 Hours,District 5 (Southeast),,WARREN,,Co Rd G14/HWY G14,Collision with:  Animal,,,Animal,None Indicated,,,,,,,Paved,,Property Damage Only,0,0,0,0,0,0,2000,1,1,,POINT (-93.633514959559 41.475464532187)
2014832056,,11/04/2014,11-November,3-Tuesday,16:50,1600 Hours,District 2 (Northeast),,WINNESHIEK,,Co Rd W38/MIDDLE CALMAR RD & 195TH ST,Collision with:  Animal,On Roadway,Non-collision (single vehicle),Animal,None Indicated,,Dusk,Dry,Clear,None apparent,Non-intersection:  Non-junction/no special feature,Paved,,Property Damage Only,0,0,0,0,0,0,2500,1,1,,POINT (-91.811258232238 43.21963256947)
2014825573,W14-109760,11/04/2014,11-November,3-Tuesday,18:40,1800 Hours,District 2 (Northeast),WATERLOO,BLACK HAWK,,RIDGEMONT RD & ANSBOROUGH AVE,Collision with:  Vehicle in traffic,On Roadway,"Angle, oncoming left turn",FTYROW:  From stop sign,None Indicated,,Dark - roadway lighted,Dry,Clear,None apparent,Intersection:  Four-way intersection,Paved,,Possible/Unknown,0,1,0,0,1,0,3000,2,6,,POINT (-92.376275630802 42.463386318448)
2014826570,1104141A,11/04/2014,11-November,3-Tuesday,07:09,0700 Hours,District 4 (Southwest),,PAGE,IA 48,IA 48/IOWA 48,Collision with:  Animal,,,Animal,None Indicated,,,,,,,Paved,,Property Damage Only,0,0,0,0,0,0,2500,1,1,,POINT (-95.258662864192 40.843441117634)
2014825446,14-2473,11/04/2014,11-November,3-Tuesday,17:47,1700 Hours,District 1 (Central),URBANDALE,POLK,,DOUGLAS AVE & 75TH ST,Collision with:  Vehicle in traffic,On Roadway,"Angle, oncoming left turn",FTYROW:  Making left turn,None Indicated,,Dark - roadway lighted,Dry,Clear,None apparent,Intersection:  Four-way intersection,Paved,,Property Damage Only,0,0,0,0,0,0,3500,2,2,,POINT (-93.72125269291 41.629350720583)
2014825306,14-39568,11/04/2014,11-November,3-Tuesday,17:55,1700 Hours,District 5 (Southeast),,DES MOINES,,Co Rd X62/SUMMER ST,Collision with:  Animal,,Non-collision (single vehicle),Animal,None Indicated,,,,,,,Paved,,Property Damage Only,0,0,0,0,0,0,1500,1,1,,POINT (-91.122813919038 40.754835334975)
2014825281,14-046591,11/04/2014,11-November,3-Tuesday,18:30,1800 Hours,District 4 (Southwest),COUNCIL BLUFFS,POTTAWATTAMIE,IA 92,IA 92/OMAHA BRIDGE RD,Collision with:  Vehicle in traffic,On Roadway,Rear-end (front to rear),Followed too close,None Indicated,,Dark - roadway not lighted,Dry,Clear,None apparent,Non-intersection:  Non-junction/no special feature,Paved,,Property Damage Only,0,0,0,0,0,0,3000,2,3,,POINT (-95.824663828049 41.226562831241)
2014824911,W14-109547,11/04/2014,11-November,3-Tuesday,00:24,0000 Hours,District 2 (Northeast),WATERLOO,BLACK HAWK,US 63,US 63/W 1ST ST,Collision with fixed object:  Utility pole/light support,On Roadway,Non-collision (single vehicle),Equipment failure,None Indicated,,Dark - roadway lighted,Wet,Rain,None apparent,Non-intersection:  Non-junction/no special feature,Paved,,Property Damage Only,0,0,0,0,0,0,1600,1,2,,POINT (-92.343458272548 42.498370904954)
2014826890,201400054038,11/04/2014,11-November,3-Tuesday,11:38,1100 Hours,District 5 (Southeast),OTTUMWA,WAPELLO,,E ALTA VISTA AVE,Collision with:  Vehicle in traffic,On Roadway,Broadside (front to side),"Operating vehicle in an reckless, erratic, careless, negligent manner",None Indicated,,Daylight,Dry,Cloudy,None apparent,Non-intersection:  Non-junction/no special feature,Paved,,Minor Injury,0,2,0,2,0,0,4500,2,3,,POINT (-92.39622630419 41.038324296381)
2014828899,2014-77035,11/04/2014,11-November,3-Tuesday,17:32,1700 Hours,District 6 (East Central),DAVENPORT,SCOTT,,FAIRMOUNT ST,Collision with:  Vehicle in traffic,On Roadway,Rear-end (front to rear),Followed too close,None Indicated,,Dark - roadway lighted,Dry,Clear,None apparent,Non-intersection:  Non-junction/no special feature,Paved,,Property Damage Only,0,0,0,0,0,0,3500,3,4,,POINT (-90.629509653552 41.559288722517)
2014832299,14046293,11/04/2014,11-November,3-Tuesday,20:12,2000 Hours,District 5 (Southeast),,MUSCATINE,,Co Rd X54/N MULBERRY RD,Collision with:  Animal,,,Animal,None Indicated,,,,,,,Paved,,Property Damage Only,0,0,0,0,0,0,2000,1,1,,POINT (-91.102954975341 41.505012834712)