Iowa DOT Case Number,Law Enforcement Case Number,Date of Crash,Month of Crash,Day of Week,Time of Crash,Hour,DOT District,City Name,County Name,Route with System,Location Description,First Harmful Event,Location of First Harmful Event,Manner of Crash/Collision,Major Cause,Drug or Alcohol ,Environmental Conditions,Light Conditions,Surface Conditions,Weather Conditions,Roadway Contribution,Roadway Type,Roadway Surface,Work Zone,Crash Severity,Number of Fatalities,Number of Injuries,Number of Major Injuries,Number of Minor Injuries,Number of Possible Injuries,Number of Unknown Injuries,Amount of Property Damage,Number of Vehicles Involved,Total Number of Occupants,Travel Direction,Location
2014829945,2014-77062,11/04/2014,11-November,3-Tuesday,18:40,1800 Hours,District 6 (East Central),DAVENPORT,SCOTT,US 6,US 6/W KIMBERLY RD & MARQUETTE ST,Collision with:  Vehicle in traffic,On Roadway,"Angle, oncoming left turn",FTYROW:  Making left turn,None Indicated,,Dark - roadway lighted,Dry,Clear,None apparent,Intersection:  Four-way intersection,Paved,,Property Damage Only,0,0,0,0,0,0,9500,2,6,,POINT (-90.591048099902 41.560101088658)
2014825122,20140032879,11/04/2014,11-November,3-Tuesday,12:15,1200 Hours,District 1 (Central),DES MOINES,POLK,,HICKMAN RD & 50TH ST,Collision with:  Vehicle in traffic,On Roadway,Broadside (front to side),FTYROW:  From stop sign,None Indicated,,Daylight,Dry,Clear,None apparent,Intersection:  Four-way intersection,Paved,,Property Damage Only,0,0,0,0,0,0,4500,2,3,,POINT (-93.687544277064 41.614866560949)
2014825307,14-39598,11/04/2014,11-November,3-Tuesday,22:30,2200 Hours,District 5 (Southeast),,DES MOINES,,Co Rd X99/DMC 99,Collision with:  Animal,,Non-collision (single vehicle),Animal,None Indicated,,,,,,,Paved,,Property Damage Only,0,0,0,0,0,0,1500,1,1,,POINT (-91.04706074455 40.945883487578)
2014825483,2014-77002,11/04/2014,11-November,3-Tuesday,15:36,1500 Hours,District 6 (East Central),DAVENPORT,SCOTT,,E HIGH ST & GRAND AVE,Collision with:  Vehicle in traffic,On Roadway,"Sideswipe, opposite direction",Lost Control,None Indicated,,Daylight,Dry,Clear,None apparent,Intersection:  Other intersection (explain in narrative),Paved,,Property Damage Only,0,0,0,0,0,0,9000,2,2,,POINT (-90.564726982332 41.540957153197)
2014825810,2014-23974,11/04/2014,11-November,3-Tuesday,14:07,1400 Hours,District 5 (Southeast),INDIANOLA,WARREN,,S KENWOOD BLVD,Collision with:  Vehicle in traffic,On Roadway,Rear-end (front to rear),Lost Control,None Indicated,,Daylight,Dry,Clear,None apparent,Non-intersection:  Non-junction/no special feature,Paved,,Possible/Unknown,0,1,0,0,1,0,4000,2,1,,POINT (-93.584136367874 41.359465776012)
2014826581,14-015583,11/04/2014,11-November,3-Tuesday,18:15,1800 Hours,District 2 (Northeast),FAYETTE,FAYETTE,IA 150,IA 150/K AVE,Collision with:  Animal,,,Animal,None Indicated,,,,,,,Paved,,Property Damage Only,0,0,0,0,0,0,4000,1,1,,POINT (-91.805136240437 42.801406635419)
2014826496,14009868,11/04/2014,11-November,3-Tuesday,20:27,2000 Hours,District 6 (East Central),,BUCHANAN,,Co Rd W45/SLATER AVE,Collision with:  Animal,,,Animal,None Indicated,,,,,,,Paved,,Property Damage Only,0,0,0,0,0,0,3000,1,1,,POINT (-91.72736894649 42.532954243892)
2014825490,SO14-1369,11/04/2014,11-November,3-Tuesday,15:58,1500 Hours,District 2 (Northeast),,WRIGHT,,Co Rd C20/130TH ST,Collision with fixed object:  Ditch,On Roadway,Non-collision (single vehicle),Ran off road - right,None Indicated,,Daylight,Dry,Clear,None apparent,Non-intersection:  Non-junction/no special feature,Paved,,Minor Injury,0,1,0,1,0,0,3000,1,1,,POINT (-93.578498859918 42.863228265873)
2014825296,14-5576,11/04/2014,11-November,3-Tuesday,15:34,1500 Hours,District 4 (Southwest),WEST DES MOINES,DALLAS,I-80,I-80 & JORDAN CREEK PKWY,Collision with:  Vehicle in traffic,On Roadway,"Sideswipe, same direction",FTYROW:  Other (explain in narrative),None Indicated,,Daylight,Dry,Cloudy,None apparent,Non-intersection:  Non-junction/no special feature,Paved,,Property Damage Only,0,0,0,0,0,0,6000,2,2,,POINT (-93.809000917753 41.59111666567)
2014825222,N14000590,11/04/2014,11-November,3-Tuesday,07:51,0700 Hours,District 6 (East Central),NORTH LIBERTY,JOHNSON,,KANSAS AVE,Collision with:  Vehicle in traffic,On Roadway,"Angle, oncoming left turn",FTYROW:  Making left turn,None Indicated,,Daylight,Dry,Cloudy,None apparent,Non-intersection:  Driveway access (within),Unpaved,,Property Damage Only,0,0,0,0,0,0,3500,2,2,,POINT (-91.636970997503 41.752168015608)
2014825239,14-34278,11/04/2014,11-November,3-Tuesday,18:05,1800 Hours,District 5 (Southeast),DONNELLSON,LEE,IA 2,IA 2/IOWA 2,Collision with:  Animal,,,Animal,None Indicated,,,,,,,Paved,,Property Damage Only,0,0,0,0,0,0,8500,1,1,,POINT (-91.492557934948 40.630395688893)
2014825453,2014-23983,11/04/2014,11-November,3-Tuesday,15:53,1500 Hours,District 5 (Southeast),,WARREN,US 69,US 69,Collision with:  Vehicle in traffic,On Roadway,"Sideswipe, opposite direction",Crossed centerline (undivided),None Indicated,,Daylight,Dry,Clear,None apparent,Non-intersection:  Non-junction/no special feature,Paved,,Property Damage Only,0,0,0,0,0,0,4500,2,2,,POINT (-93.563196590339 41.257467897498)
2014826824,201416572,11/04/2014,11-November,3-Tuesday,17:50,1700 Hours,District 6 (East Central),CEDAR RAPIDS,LINN,,15TH ST SE,Collision with:  Vehicle in traffic,On Roadway,Broadside (front to side),FTYROW:  Other (explain in narrative),None Indicated,,Dark - roadway lighted,Dry,Clear,None apparent,Non-intersection:  Alley,Paved,,Property Damage Only,0,0,0,0,0,0,3000,2,3,,POINT (-91.651781917008 41.987595069446)
2014826590,2014-77008,11/04/2014,11-November,3-Tuesday,15:56,1500 Hours,District 6 (East Central),DAVENPORT,SCOTT,US 6,US 6/W KIMBERLY RD/E KIMBERLY RD & IA 461/WELCOME WAY,Collision with:  Vehicle in traffic,On Roadway,"Angle, oncoming left turn",FTYROW:  Other (explain in narrative),None Indicated,,Daylight,Dry,Clear,None apparent,Intersection:  Four-way intersection,Paved,,Possible/Unknown,0,1,0,0,1,0,5500,3,3,,POINT (-90.570930788018 41.560317081912)
2014825212,2104-039351,11/04/2014,11-November,3-Tuesday,17:22,1700 Hours,District 6 (East Central),DUBUQUE,DUBUQUE,US 52,US 52/CENTRAL AVE & W 10TH ST & E 10TH ST,Collision with:  Vehicle in traffic,On Roadway,Rear-end (front to rear),Lost Control,None Indicated,,Dark - roadway lighted,Dry,Clear,None apparent,Non-intersection:  Non-junction/no special feature,Paved,,Property Damage Only,0,0,0,0,0,0,1500,2,3,,POINT (-90.665988063295 42.503090115351)
2014825113,14-7298,11/04/2014,11-November,3-Tuesday,19:10,1900 Hours,District 1 (Central),,POLK,,NE 64TH ST,Collision with:  Animal,,Non-collision (single vehicle),Animal,None Indicated,,,,,,,Paved,,Property Damage Only,0,0,0,0,0,0,1500,1,1,,POINT (-93.483812882648 41.629298249376)
2014825088,1411042771,11/04/2014,11-November,3-Tuesday,17:05,1700 Hours,District 6 (East Central),,CLINTON,IA 136,IA 136/IOWA 136,Collision with:  Vehicle in traffic,On Roadway,"Sideswipe, opposite direction",Swerving/Evasive Action,None Indicated,,Dark - roadway not lighted,Dry,Clear,None apparent,Non-intersection:  Non-junction/no special feature,Paved,,Property Damage Only,0,0,0,0,0,0,8000,2,2,,POINT (-90.357152969705 41.958741818499)
2014827290,14-7286,11/04/2014,11-November,3-Tuesday,04:00,0400 Hours,District 1 (Central),,POLK,,Co Rd S27/NE 116TH ST & NE 46TH AVE,Non-collision events:  Other non-collision (explain in narrative),Shoulder,Non-collision (single vehicle),Exceeded authorized speed,None Indicated,,Dark - roadway lighted,Dry,Cloudy,None apparent,Intersection:  T-intersection,Paved,,Property Damage Only,0,0,0,0,0,0,6000,1,1,,POINT (-93.358212996295 41.64432292252)
2014825280,201404026,11/04/2014,11-November,3-Tuesday,03:40,0300 Hours,District 6 (East Central),,LINN,US 151,US 151 & WEAKLAND LN,Collision with:  Animal,,Non-collision (single vehicle),Animal,None Indicated,,,,,,,Paved,,Property Damage Only,0,0,0,0,0,0,3000,1,1,,POINT (-91.550183384447 41.983366574185)
2014824939,20140032885,11/04/2014,11-November,3-Tuesday,12:54,1200 Hours,District 1 (Central),DES MOINES,POLK,IA 163,IA 163/E UNIVERSITY AVE & E 30TH ST,Collision with:  Vehicle in traffic,On Roadway,"Sideswipe, same direction",FTYROW:  Other (explain in narrative),None Indicated,,Daylight,Dry,Clear,None apparent,Non-intersection:  Non-junction/no special feature,Paved,,Property Damage Only,0,0,0,0,0,0,1500,2,3,,POINT (-93.558393312663 41.600524361461)
2014825218,14-013554,11/04/2014,11-November,3-Tuesday,19:32,1900 Hours,District 1 (Central),,TAMA,,Co Rd V18/HWY V18,Collision with:  Animal,,,Animal,None Indicated,,,,,,,Paved,,Property Damage Only,0,0,0,0,0,0,5000,1,1,,POINT (-92.404985874464 42.003562648952)
2014825311,20144053,11/04/2014,11-November,3-Tuesday,17:45,1700 Hours,District 1 (Central),,GRUNDY,,Co Rd D35/215TH ST,Collision with:  Animal,,Non-collision (single vehicle),Animal,None Indicated,,,,,,,Paved,,Property Damage Only,0,0,0,0,0,0,4000,1,1,,POINT (-92.594085876988 42.391542336904)
2014825215,14-5580,11/04/2014,11-November,3-Tuesday,17:20,1700 Hours,District 1 (Central),WEST DES MOINES,POLK,,19TH ST,Collision with:  Vehicle in traffic,On Roadway,Rear-end (front to rear),Followed too close,None Indicated,,Dark - roadway lighted,Dry,Cloudy,None apparent,Intersection:  T-intersection,Paved,,Possible/Unknown,0,1,0,0,1,0,2000,2,2,,POINT (-93.73228179389 41.584452165434)
2014850962,14-008948,11/04/2014,11-November,3-Tuesday,17:27,1700 Hours,District 5 (Southeast),,LOUISA,,Co Rd X61/COUNTY RD X 61,Collision with:  Animal,,,Animal,None Indicated,,,,,,,Paved,,Property Damage Only,0,0,0,0,0,0,3000,1,1,,POINT (-91.122280651799 41.250251073116)
2014831599,14025680,11/04/2014,11-November,3-Tuesday,16:19,1600 Hours,District 2 (Northeast),NORTHWOOD,WORTH,,7TH ST N,Collision with:  Vehicle in traffic,On Roadway,"Angle, oncoming left turn",Made improper turn,None Indicated,,Daylight,Dry,Clear,None apparent,Non-intersection:  Non-junction/no special feature,Paved,,Property Damage Only,0,0,0,0,0,0,4500,2,2,,POINT (-93.222200515645 43.444836185059)
2014825393,20140032852,11/04/2014,11-November,3-Tuesday,08:30,0800 Hours,District 1 (Central),DES MOINES,POLK,,HOLCOMB AVE,Collision with fixed object:  Tree,On Roadway,"Sideswipe, same direction",Other (explain in narrative):  Other,None Indicated,,Daylight,Dry,Clear,None apparent,Non-intersection:  Non-junction/no special feature,Paved,,Property Damage Only,0,0,0,0,0,0,4700,2,1,,POINT (-93.701834936935 41.616680719633)
2014825327,14-5577,11/04/2014,11-November,3-Tuesday,15:56,1500 Hours,District 1 (Central),WEST DES MOINES,POLK,,MILLS CIVIC PKWY,Collision with:  Vehicle in traffic,On Roadway,"Angle, oncoming left turn",Ran Traffic Signal,None Indicated,,Daylight,Dry,Clear,None apparent,Intersection:  Four-way intersection,Paved,,Possible/Unknown,0,1,0,0,1,0,4500,2,2,,POINT (-93.779808521553 41.559117516476)
2014825001,14-12924,11/04/2014,11-November,3-Tuesday,07:40,0700 Hours,District 3 (Northwest),,SIOUX,,COOLIDGE AVE & 480TH ST,Collision with:  Vehicle in traffic,On Roadway,Broadside (front to side),FTYROW:  At uncontrolled intersection,None Indicated,,Dawn,Dry,Cloudy,None apparent,Intersection:  Four-way intersection,Unpaved,,Possible/Unknown,0,1,0,0,1,0,9500,2,2,,POINT (-96.391134393586 42.95302621961)
2014825128,20140032922,11/04/2014,11-November,3-Tuesday,18:27,1800 Hours,District 1 (Central),DES MOINES,POLK,,E 38TH ST,Collision with:  Parked motor vehicle,On Roadway,Rear-end (front to rear),Other (explain in narrative):  No improper action,Alcohol (Statutory),,Dark - roadway lighted,Dry,Clear,None apparent,Non-intersection:  Non-junction/no special feature,Paved,,Property Damage Only,0,0,0,0,0,0,6000,2,1,,POINT (-93.541839675206 41.621347225605)
2014828365,14110091,11/04/2014,11-November,3-Tuesday,17:51,1700 Hours,District 5 (Southeast),,WAPELLO,US 63,US 63,Collision with:  Animal,,Non-collision (single vehicle),Animal,None Indicated,,,,,,,Paved,,Property Damage Only,0,0,0,0,0,0,2000,1,1,,POINT (-92.521562956317 41.099140827878)
2014824910,W14-109618,11/04/2014,11-November,3-Tuesday,08:51,0800 Hours,District 2 (Northeast),WATERLOO,BLACK HAWK,,KIMBALL AVE,Collision with:  Vehicle in traffic,On Roadway,Rear-end (front to rear),Driver Distraction:  Passenger,None Indicated,,Daylight,Dry,Cloudy,None apparent,Non-intersection:  Non-junction/no special feature,Paved,,Property Damage Only,0,0,0,0,0,0,11500,2,4,,POINT (-92.356610417578 42.451227728325)
2014826300,2014062053,11/04/2014,11-November,3-Tuesday,15:15,1500 Hours,District 4 (Southwest),,MADISON,I-80,I-80,Collision with:  Vehicle in traffic,On Roadway,Rear-end (front to rear),Followed too close,None Indicated,,Daylight,Dry,Clear,None apparent,Non-intersection:  Non-junction/no special feature,Paved,,Property Damage Only,0,0,0,0,0,0,6500,2,2,,POINT (-94.216356762443 41.497727185325)
2014827971,14-01341,11/04/2014,11-November,3-Tuesday,06:00,0600 Hours,District 6 (East Central),WEST BRANCH,CEDAR,,ORANGE ST,Collision with:  Parked motor vehicle,On Roadway,Broadside (front to side),Improper Backing,None Indicated,,Unknown,Unknown,Cloudy,None apparent,Non-intersection:  Non-junction/no special feature,Paved,,Property Damage Only,0,0,0,0,0,0,1500,2,1,,POINT (-91.347198311066 41.674833709022)
2014825234,14-034221,11/04/2014,11-November,3-Tuesday,06:45,0600 Hours,District 5 (Southeast),,LEE,US 61,US 61,Collision with:  Animal,,,Animal,None Indicated,,,,,,,Paved,,Property Damage Only,0,0,0,0,0,0,15000,1,1,,POINT (-91.422968812551 40.601972802324)
2014825126,20140032890,11/04/2014,11-November,3-Tuesday,13:49,1300 Hours,District 1 (Central),DES MOINES,POLK,IA 163,IA 163/E UNIVERSITY AVE & HUBBELL AVE,Collision with:  Vehicle in traffic,On Roadway,"Sideswipe, same direction",Unknown,None Indicated,,Daylight,Dry,Clear,None apparent,Intersection:  Four-way intersection,Paved,,Property Damage Only,0,0,0,0,0,0,10000,2,2,,POINT (-93.578576564954 41.60046058918)
2014825106,14023435,11/04/2014,11-November,3-Tuesday,22:25,2200 Hours,District 6 (East Central),MARION,LINN,IA 100,IA 100/COLLINS RD SE,Collision with:  Animal,On Roadway,Non-collision (single vehicle),Animal,None Indicated,,Dark - roadway lighted,Dry,Clear,None apparent,Non-intersection:  Non-junction/no special feature,Paved,,Possible/Unknown,0,1,0,0,1,0,4000,1,1,,POINT (-91.607842419305 42.015719837991)
2014824916,14023379,11/04/2014,11-November,3-Tuesday,07:47,0700 Hours,District 6 (East Central),MARION,LINN,IA 13,IA 13/IOWA 13,Collision with:  Animal,On Roadway,Non-collision (single vehicle),Animal,None Indicated,,Daylight,Dry,Cloudy,None apparent,Non-intersection:  Non-junction/no special feature,Paved,,Property Damage Only,0,0,0,0,0,0,5000,1,2,,POINT (-91.550332778164 42.048565336267)
2014826048,2014062095,11/04/2014,11-November,3-Tuesday,21:32,2100 Hours,District 4 (Southwest),,POTTAWATTAMIE,I-29,I-29,Collision with:  Animal,,,Animal,None Indicated,,,,,,,Paved,,Property Damage Only,0,0,0,0,0,0,5500,1,1,,POINT (-95.887665938506 41.334884764533)
2014825262,14-046920,11/04/2014,11-November,3-Tuesday,15:05,1500 Hours,District 4 (Southwest),COUNCIL BLUFFS,POTTAWATTAMIE,US 275,US 275/OMAHA BRIDGE RD & DENMARK DR,Collision with:  Vehicle in traffic,On Roadway,Rear-end (front to rear),Followed too close,None Indicated,,Daylight,Dry,Clear,Work Zone (roadway-related),Intersection:  Four-way intersection,Paved,Yes,Property Damage Only,0,0,0,0,0,0,1700,3,4,,POINT (-95.833903204708 41.219247583742)
2014825171,14-005223,11/04/2014,11-November,3-Tuesday,13:47,1300 Hours,District 1 (Central),AMES,STORY,,5TH ST & E 5TH ST & DUFF AVE,Collision with:  Vehicle in traffic,On Roadway,Broadside (front to side),Made improper turn,None Indicated,,Daylight,Dry,Clear,None apparent,Non-intersection:  Non-junction/no special feature,Paved,,Possible/Unknown,0,2,0,0,0,2,3700,2,3,,POINT (-93.610455110253 42.025944008671)
2014825112,14-7297,11/04/2014,11-November,3-Tuesday,18:21,1800 Hours,District 1 (Central),PLEASANT HILL,POLK,,Co Rd S14/NE 12TH AVE/NE 70TH ST,Collision with:  Vehicle in traffic,On Roadway,Broadside (front to side),Ran Stop Sign,Alcohol (Statutory),,Dark - roadway not lighted,Dry,Clear,None apparent,Intersection:  Four-way intersection,Paved,,Possible/Unknown,0,3,0,0,3,0,40000,2,4,,POINT (-93.469486860393 41.600642579065)
2014825371,14025918,11/04/2014,11-November,3-Tuesday,15:10,1500 Hours,District 5 (Southeast),OSKALOOSA,MAHASKA,,3RD AVE E,Collision with:  Parked motor vehicle,Outside trafficway,Rear-end (front to rear),Improper Backing,None Indicated,,Daylight,Dry,Clear,None apparent,Non-intersection:  Non-junction/no special feature,Paved,,Property Damage Only,0,0,0,0,0,0,5000,2,1,,POINT (-92.636336391175 41.29268077008)
2014825111,14-7295,11/04/2014,11-November,3-Tuesday,17:43,1700 Hours,District 1 (Central),GRIMES,POLK,IA 141,IA 141/IOWA 141 & SE 37TH ST,Collision with:  Vehicle in traffic,On Roadway,Rear-end (front to rear),Followed too close,None Indicated,,Dark - roadway lighted,Dry,Cloudy,None apparent,Non-intersection:  Non-junction/no special feature,Paved,,Property Damage Only,0,0,0,0,0,0,4500,2,2,,POINT (-93.775013102497 41.658508187682)
2014826825,201416579,11/04/2014,11-November,3-Tuesday,20:25,2000 Hours,District 6 (East Central),CEDAR RAPIDS,LINN,,3RD AVE SW & L ST SW,Non-collision events:  Other non-collision (explain in narrative),On Roadway,Broadside (front to side),Ran Traffic Signal,None Indicated,,Dark - roadway lighted,Dry,Cloudy,None apparent,Intersection:  Other intersection (explain in narrative),Paved,,Possible/Unknown,0,1,0,0,1,0,13000,2,2,,POINT (-91.67588599587 41.973213182945)
2014828286,2014061975,11/04/2014,11-November,3-Tuesday,08:10,0800 Hours,District 5 (Southeast),MORAVIA,APPANOOSE,IA 5,IA 5/IOWA 5 & Co Rd J18/HWY J18,Collision with:  Vehicle in traffic,On Roadway,Broadside (front to side),FTYROW:  From stop sign,None Indicated,,Daylight,Dry,Cloudy,None apparent,Intersection:  Four-way intersection,Paved,,Possible/Unknown,0,3,0,0,3,0,20000,2,3,,POINT (-92.831097928737 40.892406471591)
2014825190,14-18781,11/04/2014,11-November,3-Tuesday,10:53,1000 Hours,District 5 (Southeast),,HENRY,US 218,US 218,Collision with:  Animal,,Non-collision (single vehicle),Animal,None Indicated,,,,,,,Paved,,Property Damage Only,0,0,0,0,0,0,2500,1,1,,POINT (-91.538146660349 40.990846550795)
2014825426,2014-0467,11/04/2014,11-November,3-Tuesday,06:13,0600 Hours,District 5 (Southeast),NORWALK,WARREN,IA 28,IA 28/S SUNSET DR & COOLIDGE ST & WRIGHT RD,Collision with:  Animal,On Roadway,Non-collision (single vehicle),Animal,None Indicated,,Dark - roadway lighted,Dry,Clear,None apparent,Non-intersection:  Non-junction/no special feature,Paved,,Property Damage Only,0,0,0,0,0,0,1500,1,1,,POINT (-93.683833882935 41.467916405331)
2014824936,20140032845,11/04/2014,11-November,3-Tuesday,06:00,0600 Hours,District 1 (Central),DES MOINES,POLK,,E 38TH ST,Collision with:  Vehicle in traffic,On Roadway,"Sideswipe, opposite direction",FTYROW:  Other (explain in narrative),None Indicated,,Dark - roadway lighted,Dry,Clear,None apparent,Non-intersection:  Non-junction/no special feature,Paved,,Property Damage Only,0,0,0,0,0,0,10000,2,2,,POINT (-93.541894325272 41.630741485887)
2014826580,14-015564,11/04/2014,11-November,3-Tuesday,11:43,1100 Hours,District 2 (Northeast),ELGIN,FAYETTE,,CENTER ST & FREMONT ST,Collision with:  Vehicle in traffic,On Roadway,Broadside (front to side),FTYROW:  From stop sign,None Indicated,,Daylight,Dry,Cloudy,None apparent,Intersection:  Four-way intersection,Paved,,Property Damage Only,0,0,0,0,0,0,3000,2,2,,POINT (-91.627884398581 42.957341856737)
2014825614,14-221,11/04/2014,11-November,3-Tuesday,06:00,0600 Hours,District 2 (Northeast),WAVERLY,BREMER,IA 3,IA 3/HERITAGE WAY,Collision with:  Animal,,,Animal,None Indicated,,,,,,,Paved,,Property Damage Only,0,0,0,0,0,0,3000,1,1,,POINT (-92.497890833122 42.717692370254)
2014825442,14-39542,11/04/2014,11-November,3-Tuesday,15:37,1500 Hours,District 5 (Southeast),BURLINGTON,DES MOINES,,COURT ST & 3RD ST,Collision with:  Vehicle in traffic,Outside trafficway,Rear-end (front to rear),Unknown,None Indicated,,Daylight,Dry,Cloudy,None apparent,Non-intersection:  Non-junction/no special feature,Paved,,Property Damage Only,0,0,0,0,0,0,1500,2,1,,POINT (-91.101839644871 40.812520694649)
2014850921,14008936,11/04/2014,11-November,3-Tuesday,10:42,1000 Hours,District 5 (Southeast),,LOUISA,,F AVE,Collision with:  Animal,On Roadway,Non-collision (single vehicle),Animal,None Indicated,,Daylight,Dry,Cloudy,None apparent,Non-intersection:  Non-junction/no special feature,Paved,,Property Damage Only,0,0,0,0,0,0,1500,1,1,,POINT (-91.099669716714 41.325350792133)
2014826582,14-015584,11/04/2014,11-November,3-Tuesday,18:32,1800 Hours,District 2 (Northeast),SUMNER,FAYETTE,IA 93,IA 93/150TH ST,Collision with:  Animal,,,Animal,None Indicated,,,,,,,Paved,,Property Damage Only,0,0,0,0,0,0,2000,1,1,,POINT (-91.974948954906 42.847421686703)
2014827203,,11/04/2014,11-November,3-Tuesday,17:28,1700 Hours,District 6 (East Central),,JOHNSON,,Co Rd F62/520TH ST,Collision with:  Animal,Shoulder,Non-collision (single vehicle),Animal,None Indicated,,Dark - roadway not lighted,Dry,Clear,,Non-intersection:  Non-junction/no special feature,Paved,,Property Damage Only,0,0,0,0,0,0,3000,1,1,,POINT (-91.384856446044 41.554236160272)
2014836095,14-07608,11/04/2014,11-November,3-Tuesday,10:11,1000 Hours,District 2 (Northeast),OELWEIN,FAYETTE,IA 150,IA 150/PALACE RD & 7TH ST SE,Collision with:  Vehicle in traffic,On Roadway,Broadside (front to side),Ran Traffic Signal,None Indicated,,Daylight,Dry,Cloudy,None apparent,Intersection:  Four-way intersection,Paved,,Possible/Unknown,0,1,0,0,1,0,10000,2,2,,POINT (-91.910809056658 42.6694602319)
2014832840,,11/04/2014,11-November,3-Tuesday,18:45,1800 Hours,District 3 (Northwest),LAKE VIEW,SAC,,,Collision with:  Animal,On Roadway,Non-collision (single vehicle),Animal,None Indicated,,Dark - roadway not lighted,Dry,Clear,None apparent,,,,Property Damage Only,0,0,0,0,0,0,3000,1,1,,POINT (-96.643700149993 40.233091251414)
2014825688,P14-012516,11/04/2014,11-November,3-Tuesday,15:09,1500 Hours,District 1 (Central),WEBSTER CITY,HAMILTON,,1ST ST & BROADWAY ST,Collision with:  Vehicle in traffic,On Roadway,Broadside (front to side),FTYROW:  From stop sign,None Indicated,,Daylight,Dry,Clear,None apparent,Intersection:  T-intersection,Paved,,Property Damage Only,0,0,0,0,0,0,8500,3,3,,POINT (-93.826359972926 42.468579682111)
2014826880,2014006298,11/04/2014,11-November,3-Tuesday,16:16,1600 Hours,District 2 (Northeast),,HANCOCK,,Co Rd R70/RIVER RD,Collision with:  Vehicle in traffic,On Roadway,Rear-end (front to rear),Improper Backing,None Indicated,,Daylight,Dry,Clear,None apparent,Non-intersection:  Driveway access (within),Paved,,Property Damage Only,0,0,0,0,0,0,5000,2,2,,POINT (-93.578733668709 43.226551311517)
2014824998,CL14003924,11/04/2014,11-November,3-Tuesday,11:21,1100 Hours,District 6 (East Central),CLINTON,CLINTON,,10TH AVE N & N 11TH ST,Collision with:  Vehicle in traffic,On Roadway,"Sideswipe, same direction",Other (explain in narrative):  Other,None Indicated,,Daylight,Dry,Cloudy,None apparent,Non-intersection:  Non-junction/no special feature,Paved,,Property Damage Only,0,0,0,0,0,0,1750,2,2,,POINT (-90.211352861549 41.855237737331)
2014839019,14-001636,11/04/2014,11-November,3-Tuesday,14:20,1400 Hours,District 1 (Central),AMES,STORY,,BISSELL RD & PAMMEL DR,Collision with:  Vehicle in traffic,Shoulder,"Sideswipe, opposite direction",Driver Distraction:  Manual operation of an electronic communication device,None Indicated,,Daylight,Dry,Cloudy,None apparent,Non-intersection:  Non-junction/no special feature,Paved,,Property Damage Only,0,0,0,0,0,0,1800,2,2,,POINT (-93.651909532 42.030417474022)
2014826786,2014062066,11/04/2014,11-November,3-Tuesday,17:40,1700 Hours,District 5 (Southeast),,JEFFERSON,US 34,US 34,Collision with:  Animal,,,Animal,None Indicated,,,,,,,Paved,,Property Damage Only,0,0,0,0,0,0,2000,1,1,,POINT (-91.720286090699 40.987806190683)
2014825413,14-36589,11/04/2014,11-November,3-Tuesday,16:05,1600 Hours,District 3 (Northwest),SIOUX CITY,WOODBURY,US 20,US 20/RAMP,Non-collision events:  Overturn/rollover,On Roadway,Non-collision (single vehicle),Swerving/Evasive Action,None Indicated,,Daylight,Dry,Clear,None apparent,Interchange-related:  On-ramp,Paved,,Property Damage Only,0,0,0,0,0,0,5500,1,1,,POINT (-96.332653903569 42.454654785118)
2014825963,2014062074,11/04/2014,11-November,3-Tuesday,17:55,1700 Hours,District 2 (Northeast),,BLACK HAWK,I-380,I-380,Collision with:  Animal,,,Animal,None Indicated,,,,,,,Paved,,Property Damage Only,0,0,0,0,0,0,6000,1,1,,POINT (-92.075807625836 42.3581765949)
2014825193,14109652,11/04/2014,11-November,3-Tuesday,11:42,1100 Hours,District 2 (Northeast),CEDAR FALLS,BLACK HAWK,,UNIVERSITY AVE & HUDSON RD,Collision with:  Vehicle in traffic,On Roadway,Rear-end (front to rear),Followed too close,None Indicated,,Daylight,Dry,Clear,None apparent,Non-intersection:  Non-junction/no special feature,Paved,,Minor Injury,0,1,0,1,0,0,2000,2,3,,POINT (-92.465548965141 42.506903416704)
2014825125,20040032919,11/04/2014,11-November,3-Tuesday,17:29,1700 Hours,District 1 (Central),DES MOINES,POLK,,FOREST AVE & MLK JR PKWY,Collision with:  Vehicle in traffic,On Roadway,"Sideswipe, same direction",FTYROW:  Making left turn,None Indicated,,Daylight,Dry,Clear,None apparent,Intersection:  Four-way intersection,Paved,,Possible/Unknown,0,1,0,0,1,0,3000,2,5,,POINT (-93.643867719703 41.604067636187)
2014832292,14-46170,11/04/2014,11-November,3-Tuesday,01:51,0100 Hours,District 5 (Southeast),,MUSCATINE,US 61,US 61,Collision with fixed object:  Ditch,,,Other (explain in narrative):  Other,None Indicated,,,,,,,Paved,,Property Damage Only,0,0,0,0,0,0,150000,1,1,,POINT (-90.842226843024 41.517311470795)
2014825259,C14003503,11/04/2014,11-November,3-Tuesday,12:05,1200 Hours,District 6 (East Central),CORALVILLE,JOHNSON,,1ST AVE,Collision with:  Vehicle in traffic,On Roadway,"Sideswipe, same direction",FTYROW:  Making left turn,None Indicated,,Daylight,Dry,Cloudy,None apparent,Unknown,Paved,,Property Damage Only,0,0,0,0,0,0,4300,2,4,,POINT (-91.565449684112 41.669659566497)
2014825297,14-5579,11/04/2014,11-November,3-Tuesday,17:13,1700 Hours,District 1 (Central),CLIVE,POLK,,UNIVERSITY AVE,Collision with:  Vehicle in traffic,On Roadway,Rear-end (front to rear),Other (explain in narrative):  Other,None Indicated,,Daylight,Dry,Clear,None apparent,Non-intersection:  Non-junction/no special feature,Paved,,Property Damage Only,0,0,0,0,0,0,3000,2,3,,POINT (-93.767610475188 41.600479735232)