Iowa DOT Case Number,Law Enforcement Case Number,Date of Crash,Month of Crash,Day of Week,Time of Crash,Hour,DOT District,City Name,County Name,Route with System,Location Description,First Harmful Event,Location of First Harmful Event,Manner of Crash/Collision,Major Cause,Drug or Alcohol ,Environmental Conditions,Light Conditions,Surface Conditions,Weather Conditions,Roadway Contribution,Roadway Type,Roadway Surface,Work Zone,Crash Severity,Number of Fatalities,Number of Injuries,Number of Major Injuries,Number of Minor Injuries,Number of Possible Injuries,Number of Unknown Injuries,Amount of Property Damage,Number of Vehicles Involved,Total Number of Occupants,Travel Direction,Location
2014826322,,11/05/2014,11-November,4-Wednesday,08:02,0800 Hours,District 5 (Southeast),CHARITON,LUCAS,US 34,US 34 & S 16TH ST,Collision with fixed object:  Ditch,Shoulder,Non-collision (single vehicle),Swerving/Evasive Action,None Indicated,,Daylight,Dry,Clear,None apparent,Intersection:  Four-way intersection,Paved,,Property Damage Only,0,0,0,0,0,0,6000,1,1,,POINT (-93.318903346149 41.008089104313)
2014825653,14-1356,11/05/2014,11-November,4-Wednesday,13:17,1300 Hours,District 1 (Central),CLIVE,POLK,,UNIVERSITY AVE,Collision with:  Vehicle in traffic,On Roadway,Rear-end (front to rear),Followed too close,None Indicated,,Daylight,Wet,Rain,None apparent,Non-intersection:  Non-junction/no special feature,Paved,,Property Damage Only,0,0,0,0,0,0,1700,2,2,,POINT (-93.756810413906 41.600461268978)
2014826122,2014062134,11/05/2014,11-November,4-Wednesday,07:50,0700 Hours,District 1 (Central),DES MOINES,POLK,I-35,I-35 & IA 415/2ND AVE,Collision with:  Vehicle in traffic,On Roadway,Rear-end (front to rear),Driver Distraction:  Manual operation of an electronic communication device,None Indicated,,Daylight,Dry,Clear,None apparent,Intersection:  Four-way intersection,Paved,,Property Damage Only,0,0,0,0,0,0,6000,2,3,,POINT (-93.61999352053 41.648640355424)
2014826477,14-12972,11/05/2014,11-November,4-Wednesday,19:15,1900 Hours,District 3 (Northwest),,SIOUX,,Co Rd K30/ELMWOOD AVE,Collision with:  Animal,On Roadway,Non-collision (single vehicle),Animal,None Indicated,,Dark - roadway not lighted,Dry,Clear,None apparent,Non-intersection:  Non-junction/no special feature,Paved,,Property Damage Only,0,0,0,0,0,0,26500,1,1,,POINT (-96.295692743685 43.257313343439)
2014825494,14-047124,11/05/2014,11-November,4-Wednesday,23:00,2300 Hours,District 4 (Southwest),COUNCIL BLUFFS,POTTAWATTAMIE,,32ND AVE & DIAL DR,Collision with:  Vehicle in traffic,On Roadway,Rear-end (front to rear),Ran Stop Sign,None Indicated,,Dark - roadway lighted,Dry,Clear,None apparent,Intersection:  Four-way intersection,Paved,,Property Damage Only,0,0,0,0,0,0,7000,2,3,,POINT (-95.849524700258 41.228210428246)
2014826866,14-34391,11/05/2014,11-November,4-Wednesday,20:12,2000 Hours,District 5 (Southeast),FORT MADISON,LEE,US 61,US 61,Collision with:  Animal,,,Animal,None Indicated,,,,,,,Paved,,Property Damage Only,0,0,0,0,0,0,3500,1,1,,POINT (-91.333390696882 40.670555465936)
2014825457,SO14002630,11/05/2014,11-November,4-Wednesday,00:55,0000 Hours,District 3 (Northwest),HINTON,PLYMOUTH,US 75,US 75 & TITAN RD,Collision with:  Animal,,,Animal,None Indicated,,,,,,,Paved,,Property Damage Only,0,0,0,0,0,0,3000,1,1,,POINT (-96.294877013736 42.61667701625)
2014826119,2014062115,11/05/2014,11-November,4-Wednesday,12:20,1200 Hours,District 4 (Southwest),,CASS,I-80,I-80,Collision with:  Animal,,Non-collision (single vehicle),Animal,None Indicated,,,,,,,Paved,,Property Damage Only,0,0,0,0,0,0,2500,1,1,,POINT (-94.85510036357 41.497131732677)
2014825478,14-018862,11/05/2014,11-November,4-Wednesday,18:36,1800 Hours,District 5 (Southeast),,HENRY,US 34,US 34,Collision with:  Animal,,,Animal,None Indicated,,,,,,,Paved,,Property Damage Only,0,0,0,0,0,0,15000,1,1,,POINT (-91.649492352928 40.972180428215)
2014836848,SO140456,11/05/2014,11-November,4-Wednesday,07:48,0700 Hours,District 4 (Southwest),PRESCOTT,ADAMS,,Co Rd H33/190TH ST,Collision with:  Animal,,,Animal,None Indicated,,,,,,,Paved,,Property Damage Only,0,0,0,0,0,0,2500,1,1,,POINT (-94.669223995918 41.029248885558)
2014825388,20140033016,11/05/2014,11-November,4-Wednesday,14:32,1400 Hours,District 1 (Central),DES MOINES,POLK,,BURNHAM AVE & SE 5TH ST,Collision with:  Vehicle in traffic,On Roadway,Rear-end (front to rear),Followed too close,None Indicated,,Daylight,Dry,Clear,None apparent,Non-intersection:  Non-junction/no special feature,Paved,,Possible/Unknown,0,1,0,0,1,0,2500,2,2,,POINT (-93.606415749295 41.520872750616)
2014825417,14-047102,11/05/2014,11-November,4-Wednesday,17:45,1700 Hours,District 4 (Southwest),COUNCIL BLUFFS,POTTAWATTAMIE,,WILLOW AVE,Collision with:  Vehicle in traffic,Shoulder,Rear-end (front to rear),Lost Control,None Indicated,,Dusk,Dry,Clear,None apparent,Non-intersection:  Non-junction/no special feature,Paved,,Property Damage Only,0,0,0,0,0,0,5000,2,1,,POINT (-95.85172695438 41.258543394697)
2014825117,20140033000,11/05/2014,11-November,4-Wednesday,13:08,1300 Hours,District 1 (Central),DES MOINES,POLK,I-235,I-235 & 19TH ST,Collision with:  Vehicle in traffic,On Roadway,Broadside (front to side),Ran Traffic Signal,None Indicated,,Daylight,Dry,Cloudy,None apparent,Intersection:  Four-way intersection,Paved,,Property Damage Only,0,0,0,0,0,0,16000,2,7,,POINT (-93.642531341397 41.596373932253)
2014826704,14019427,11/05/2014,11-November,4-Wednesday,19:18,1900 Hours,District 2 (Northeast),MASON CITY,CERRO GORDO,,S MONROE AVE,Collision with:  Vehicle in traffic,On Roadway,"Sideswipe, same direction",Improper or erratic lane changing,None Indicated,,Dark - roadway lighted,Dry,Clear,None apparent,Non-intersection:  Non-junction/no special feature,Paved,,Property Damage Only,0,0,0,0,0,0,2750,2,3,,POINT (-93.208905866685 43.146736296574)
2014826867,14-34401,11/05/2014,11-November,4-Wednesday,21:35,2100 Hours,District 5 (Southeast),HOUGHTON,LEE,,130 ST,Collision with:  Animal,,,Animal,None Indicated,,,,,,,Unpaved,,Property Damage Only,0,0,0,0,0,0,2500,1,1,,POINT (-91.575869007555 40.769901657015)
2014825434,2014062129,11/05/2014,11-November,4-Wednesday,06:11,0600 Hours,District 1 (Central),,HAMILTON,IA 17,IA 17/STAGE COACH RD,Collision with:  Vehicle in traffic,On Roadway,Head-on (front to front),Crossed centerline (undivided),Drug,,Dark - roadway not lighted,Dry,Cloudy,None apparent,Non-intersection:  Non-junction/no special feature,Paved,,Major Injury,0,2,1,0,1,0,24000,2,3,,POINT (-93.904641175709 42.452822696721)
2014825258,14-047019,11/05/2014,11-November,4-Wednesday,08:30,0800 Hours,District 4 (Southwest),COUNCIL BLUFFS,POTTAWATTAMIE,,AVE A & N 19TH ST,Collision with:  Vehicle in traffic,On Roadway,Broadside (front to side),Ran Stop Sign,None Indicated,,Daylight,Dry,Cloudy,None apparent,Intersection:  Four-way intersection,Paved,,Possible/Unknown,0,1,0,0,1,0,7000,3,777,,POINT (-95.872142951155 41.262781835561)
2014825455,2014-24095,11/05/2014,11-November,4-Wednesday,21:47,2100 Hours,District 5 (Southeast),,WARREN,US 65,US 65,Collision with:  Animal,,,Animal,None Indicated,,,,,,,Paved,,Property Damage Only,0,0,0,0,0,0,3000,1,1,,POINT (-93.558617822404 41.435661321914)
2014832020,1411050606,11/05/2014,11-November,4-Wednesday,06:06,0600 Hours,District 6 (East Central),,JONES,US 151,US 151,Collision with:  Animal,,,Animal,None Indicated,,,,,,,Paved,,Property Damage Only,0,0,0,0,0,0,6000,1,1,,POINT (-91.317939958559 42.070692403063)
2014826703,14019391,11/05/2014,11-November,4-Wednesday,07:47,0700 Hours,District 2 (Northeast),MASON CITY,CERRO GORDO,US 65,US 65/N FEDERAL AVE & 9TH ST NW & 9TH ST NE,Collision with:  Vehicle in traffic,On Roadway,Broadside (front to side),Ran Traffic Signal,None Indicated,,Daylight,Dry,Cloudy,None apparent,Intersection:  Four-way intersection,Paved,,Minor Injury,0,1,0,1,0,0,15000,2,3,,POINT (-93.201078538682 43.159969431684)
2014826009,201416635,11/05/2014,11-November,4-Wednesday,16:52,1600 Hours,District 6 (East Central),CEDAR RAPIDS,LINN,IA 922,IA 922/1ST AVE E & 7TH ST SE & 7TH ST NE,Collision with:  Vehicle in traffic,On Roadway,"Angle, oncoming left turn",Driving too fast for conditions,None Indicated,,Dark - roadway lighted,Wet,Rain,None apparent,Intersection:  Four-way intersection,Paved,,Possible/Unknown,0,1,0,0,1,0,6500,2,4,,POINT (-91.663175574251 41.98193720111)
2014826926,14-017478,11/05/2014,11-November,4-Wednesday,17:01,1700 Hours,District 2 (Northeast),CHARLES CITY,FLOYD,,KNEISEL CIR,Collision with:  Vehicle in traffic,On Roadway,Rear-end (front to rear),FTYROW:  From parked position,None Indicated,,Daylight,Dry,Clear,None apparent,Non-intersection:  Non-junction/no special feature,Paved,,Property Damage Only,0,0,0,0,0,0,1500,2,2,,POINT (-92.677221709034 43.06356347478)
2014825529,14-38704,11/05/2014,11-November,4-Wednesday,16:06,1600 Hours,District 5 (Southeast),BURLINGTON,DES MOINES,US 61,US 61,Collision with:  Vehicle in traffic,On Roadway,Broadside (front to side),Other (explain in narrative):  Other,None Indicated,,Daylight,Dry,Cloudy,None apparent,Non-intersection:  Non-junction/no special feature,Paved,,Property Damage Only,0,0,0,0,0,0,4500,2,1,,POINT (-91.141369054915 40.826045650215)
2014827989,,11/05/2014,11-November,4-Wednesday,18:00,1800 Hours,District 6 (East Central),TIFFIN,JOHNSON,I-80,I-80 & IRELAND AVE,Collision with:  Animal,On Roadway,Non-collision (single vehicle),Animal,None Indicated,,Dark - roadway not lighted,Dry,Clear,,Interchange-related:  Off-ramp,Paved,,Property Damage Only,0,0,0,0,0,0,1500,1,1,,POINT (-91.666521925885 41.692349265195)
2014825309,14C04991,11/05/2014,11-November,4-Wednesday,08:11,0800 Hours,District 4 (Southwest),CRESTON,UNION,,W HOWARD ST & N ELM ST,Collision with:  Vehicle in traffic,On Roadway,Broadside (front to side),Unknown,None Indicated,,Daylight,Dry,Cloudy,None apparent,Non-intersection:  Non-junction/no special feature,Paved,,Property Damage Only,0,0,0,0,0,0,2600,2,5,,POINT (-94.36386620657 41.060957689194)
2014825416,14-3561,11/05/2014,11-November,4-Wednesday,20:27,2000 Hours,District 1 (Central),FORT DODGE,WEBSTER,,S 8TH ST,Non-collision events:  Other non-collision (explain in narrative),Roadside,Non-collision (single vehicle),Unknown,Alcohol (< Statutory),,Dark - roadway not lighted,Dry,Clear,Work Zone (roadway-related),Non-intersection:  Alley,Paved,Yes,Property Damage Only,0,0,0,0,0,0,1500,1,1,,POINT (-94.187055994902 42.503487596585)
2014825762,14-004794,11/05/2014,11-November,4-Wednesday,16:05,1600 Hours,District 1 (Central),ANKENY,POLK,,NW 18TH ST,Collision with:  Vehicle in traffic,On Roadway,Rear-end (front to rear),Other (explain in narrative):  Other,None Indicated,,Daylight,Dry,Clear,None apparent,Non-intersection:  Non-junction/no special feature,Paved,,Property Damage Only,0,0,0,0,0,0,13200,3,3,,POINT (-93.604491868706 41.746359726161)
2014826499,14009888,11/05/2014,11-November,4-Wednesday,18:36,1800 Hours,District 6 (East Central),,BUCHANAN,I-380,I-380,Collision with:  Animal,,,Animal,None Indicated,,,,,,,Paved,,Property Damage Only,0,0,0,0,0,0,3000,1,1,,POINT (-92.04536870644 42.346723725594)
2014825326,S14-004408,11/05/2014,11-November,4-Wednesday,06:42,0600 Hours,District 4 (Southwest),,POTTAWATTAMIE,IA 92,IA 92/IOWA 92 & 214TH ST,Collision with:  Animal,,,Animal,None Indicated,,,,,,,Paved,,Property Damage Only,0,0,0,0,0,0,1500,1,1,,POINT (-95.777356638243 41.232595969901)
2014825485,2014-77209,11/05/2014,11-November,4-Wednesday,16:11,1600 Hours,District 6 (East Central),DAVENPORT,SCOTT,US 6,US 6/W KIMBERLY RD & WISCONSIN AVE,Collision with:  Vehicle in traffic,On Roadway,Broadside (front to side),FTYROW:  From stop sign,None Indicated,,Daylight,Dry,Clear,None apparent,Intersection:  Four-way intersection,Paved,,Property Damage Only,0,0,0,0,0,0,5500,2,3,,POINT (-90.64868636014 41.57408395521)
2014825861,14-109870,11/05/2014,11-November,4-Wednesday,05:27,0500 Hours,District 2 (Northeast),EVANSDALE,BLACK HAWK,I-380,I-380,Collision with:  Animal,,,Animal,None Indicated,,,,,,,Paved,,Property Damage Only,0,0,0,0,0,0,5000,1,1,,POINT (-92.244943413903 42.452680915584)
2014825492,14-3555,11/05/2014,11-November,4-Wednesday,11:51,1100 Hours,District 1 (Central),FORT DODGE,WEBSTER,,3RD AVE S,Collision with:  Parked motor vehicle,Unknown,Unknown,Unknown,None Indicated,,Daylight,Dry,Cloudy,None apparent,Non-intersection:  Non-junction/no special feature,Paved,,Property Damage Only,0,0,0,0,0,0,1500,2,1,,POINT (-94.172845175676 42.503093582757)
2014850963,14-008961,11/05/2014,11-November,4-Wednesday,00:21,0000 Hours,District 5 (Southeast),,LOUISA,IA 92,IA 92/IOWA 92,Collision with:  Animal,On Roadway,Non-collision (single vehicle),Animal,None Indicated,,,,,,,Paved,,Property Damage Only,0,0,0,0,0,0,3500,1,1,,POINT (-91.458174258961 41.290981708607)
2014827197,,11/05/2014,11-November,4-Wednesday,06:43,0600 Hours,District 6 (East Central),BELLEVUE,JACKSON,,JEFFERSON ST & S 4TH ST,Collision with:  Parked motor vehicle,On Roadway,Rear-end (front to rear),Other (explain in narrative):  Vision obstructed,None Indicated,,Daylight,Dry,Cloudy,None apparent,Non-intersection:  Non-junction/no special feature,Paved,,Property Damage Only,0,0,0,0,0,0,5000,2,1,,POINT (-90.425882909251 42.256182326811)
2014909200,110-14,11/05/2014,11-November,4-Wednesday,21:10,2100 Hours,District 4 (Southwest),,MADISON,IA 92,IA 92/IOWA 92,Collision with:  Animal,On Roadway,Non-collision (single vehicle),Animal,None Indicated,,Dark - roadway not lighted,Dry,Clear,None apparent,Non-intersection:  Non-junction/no special feature,Paved,,Property Damage Only,0,0,0,0,0,0,2500,1,1,,POINT (-94.05123123715 41.330277306086)
2014830299,201416610,11/05/2014,11-November,4-Wednesday,11:04,1100 Hours,District 6 (East Central),CEDAR RAPIDS,LINN,,6TH ST SW,Collision with:  Vehicle in traffic,On Roadway,Broadside (front to side),FTYROW:  From stop sign,None Indicated,,Daylight,Dry,Cloudy,None apparent,Intersection:  T-intersection,Paved,,Property Damage Only,0,0,0,0,0,0,7000,2,3,,POINT (-91.676104605476 41.89500317131)
2014825600,14-005235,11/05/2014,11-November,4-Wednesday,12:20,1200 Hours,District 1 (Central),AMES,STORY,,LINCOLN WAY & UNIVERSITY BLVD,Collision with:  Vehicle in traffic,On Roadway,"Sideswipe, same direction",Crossed centerline (undivided),None Indicated,,Daylight,Dry,Cloudy,None apparent,Intersection:  Four-way intersection,Paved,,Property Damage Only,0,0,0,0,0,0,2999,2,2,,POINT (-93.633338853786 42.022802819726)
2014825486,2014-77217,11/05/2014,11-November,4-Wednesday,16:56,1600 Hours,District 6 (East Central),DAVENPORT,SCOTT,,IA 461/WELCOME WAY/HARRISON ST & NORTHWEST BLVD,Collision with:  Vehicle in traffic,On Roadway,Rear-end (front to rear),Followed too close,None Indicated,,Dusk,Wet,Cloudy,None apparent,Intersection:  Other intersection (explain in narrative),Paved,,Property Damage Only,0,0,0,0,0,0,3500,2,2,,POINT (-90.577039051788 41.557302803043)
2014826397,14-005238,11/05/2014,11-November,4-Wednesday,17:46,1700 Hours,District 1 (Central),AMES,STORY,US 69,US 69/GRAND AVE & 7TH ST,Collision with:  Vehicle in traffic,On Roadway,Rear-end (front to rear),Followed too close,None Indicated,,Dark - roadway lighted,Dry,Cloudy,None apparent,Intersection:  Four-way intersection,Paved,,Property Damage Only,0,0,0,0,0,0,8300,3,3,,POINT (-93.620233706928 42.0278279968)
2014825599,01-14-000422,11/05/2014,11-November,4-Wednesday,22:30,2200 Hours,District 4 (Southwest),ELK HORN,SHELBY,IA 173,IA 173/MAIN ST,Collision with:  Animal,,,Animal,None Indicated,,,,,,,Paved,,Property Damage Only,0,0,0,0,0,0,5000,1,1,,POINT (-95.060252756357 41.600403650005)
2014825312,14-047008,11/05/2014,11-November,4-Wednesday,05:56,0500 Hours,District 4 (Southwest),COUNCIL BLUFFS,POTTAWATTAMIE,I-29,I-29,Collision with:  Vehicle in traffic,On Roadway,"Sideswipe, same direction",Improper or erratic lane changing,None Indicated,,Dark - roadway lighted,Dry,Clear,None apparent,Interchange-related:  On-ramp,Paved,,Property Damage Only,0,0,0,0,0,0,3000,2,2,,POINT (-95.842944626883 41.230804931914)
2014826097,14110039,11/05/2014,11-November,4-Wednesday,17:27,1700 Hours,District 2 (Northeast),CEDAR FALLS,BLACK HAWK,,W VIKING RD & HUDSON RD,Collision with:  Vehicle in traffic,On Roadway,Rear-end (front to rear),Followed too close,None Indicated,,Dark - roadway lighted,Dry,Clear,None apparent,Non-intersection:  Non-junction/no special feature,Paved,,Property Damage Only,0,0,0,0,0,0,2700,2,2,,POINT (-92.465329418525 42.484099574403)
2014825895,14-017427,11/05/2014,11-November,4-Wednesday,00:54,0000 Hours,District 2 (Northeast),,FLOYD,US 218,US 218,Collision with:  Animal,,,Animal,None Indicated,,,,,,,Paved,,Property Damage Only,0,0,0,0,0,0,4000,1,1,,POINT (-92.580241411823 42.981708232265)
2014827059,2014-039364,11/05/2014,11-November,4-Wednesday,07:22,0700 Hours,District 6 (East Central),DUBUQUE,DUBUQUE,US 20,US 20/DODGE ST,Collision with:  Parked motor vehicle,On Roadway,Rear-end (front to rear),Illegally Parked/Unattended,None Indicated,,Daylight,Dry,Cloudy,None apparent,Non-intersection:  Non-junction/no special feature,Paved,,Minor Injury,0,1,0,1,0,0,7000,2,1,,POINT (-90.685014093709 42.491769415831)
2014825378,14-7336,11/05/2014,11-November,4-Wednesday,19:15,1900 Hours,District 1 (Central),GRIMES,POLK,IA 141,IA 141/IOWA 141,Collision with:  Animal,,,Animal,None Indicated,,,,,,,Paved,,Property Damage Only,0,0,0,0,0,0,1500,1,1,,POINT (-93.774899912256 41.720162276614)
2014825368,1411052381,11/05/2014,11-November,4-Wednesday,15:37,1500 Hours,District 6 (East Central),,CLINTON,,Co Rd Z24/320 AVE,Collision with:  Vehicle in traffic,On Roadway,Rear-end (front to rear),Ran off road - straight,None Indicated,,Daylight,Dry,Cloudy,None apparent,Intersection:  Four-way intersection,Unpaved,,Possible/Unknown,0,1,0,0,1,0,14300,2,2,,POINT (-90.471246709305 41.80965414772)
2014828871,14110107,11/05/2014,11-November,4-Wednesday,03:37,0300 Hours,District 5 (Southeast),EDDYVILLE,WAPELLO,US 63,US 63,Collision with fixed object:  Bridge overhead structure,Shoulder,Non-collision (single vehicle),Swerving/Evasive Action,Alcohol (Statutory),,Dark - roadway not lighted,Dry,Clear,None apparent,Non-intersection:  Other non-intersection (explain in narrative),Paved,,Property Damage Only,0,0,0,0,0,0,2500,1,1,,POINT (-92.554251589674 41.120179564454)
2014830488,,11/05/2014,11-November,4-Wednesday,10:00,1000 Hours,District 4 (Southwest),AUDUBON,AUDUBON,,BRAYTON ST,Collision with:  Parked motor vehicle,On Roadway,"Sideswipe, opposite direction",FTYROW:  From driveway,None Indicated,,Daylight,Dry,Clear,None apparent,Non-intersection:  Driveway access (within),Paved,,Property Damage Only,0,0,0,0,0,0,2000,2,2,,POINT (-94.925906033191 41.718297292992)
2014826049,2014062257,11/05/2014,11-November,4-Wednesday,18:30,1800 Hours,District 3 (Northwest),,MONONA,IA 175,IA 175/IOWA 175 & PARK LOOP,Collision with:  Animal,On Roadway,Head-on (front to front),Animal,None Indicated,,Dark - roadway not lighted,Dry,Clear,None apparent,Intersection:  T-intersection,Paved,,Minor Injury,0,4,0,4,0,0,30000,2,4,,POINT (-96.161926842414 42.026637788198)
2014825560,,11/05/2014,11-November,4-Wednesday,22:40,2200 Hours,District 5 (Southeast),,LUCAS,,530TH ST,Collision with:  Animal,Roadside,Non-collision (single vehicle),Animal,None Indicated,,Dark - roadway not lighted,Wet,Rain,None apparent,Non-intersection:  Non-junction/no special feature,Unpaved,,Property Damage Only,0,0,0,0,0,0,5000,1,1,,POINT (-93.413442132192 41.087753968768)
2014826863,14-21550,11/05/2014,11-November,4-Wednesday,11:18,1100 Hours,District 2 (Northeast),,BREMER,,120TH ST,Collision with fixed object:  Ditch,Gore,Non-collision (single vehicle),Ran off road - left,None Indicated,,Daylight,"Mud, dirt",Cloudy,None apparent,Non-intersection:  Non-junction/no special feature,Unpaved,,Fatal,1,0,0,0,0,0,3400,1,1,,POINT (-92.516316466095 42.876734728176)
2014825811,2014-24078,11/05/2014,11-November,4-Wednesday,17:53,1700 Hours,District 5 (Southeast),INDIANOLA,WARREN,US 65,US 65,Collision with:  Vehicle in traffic,On Roadway,Rear-end (front to rear),Swerving/Evasive Action,None Indicated,,Dark - roadway lighted,Dry,Cloudy,Work Zone (roadway-related),Non-intersection:  Non-junction/no special feature,Paved,Yes,Possible/Unknown,0,1,0,0,1,0,4000,2,2,,POINT (-93.558651090343 41.385074812965)
2014827601,14-110069,11/05/2014,11-November,4-Wednesday,18:44,1800 Hours,District 2 (Northeast),,BLACK HAWK,,Co Rd C57/E CEDAR-WAPSI RD,Collision with:  Animal,,Non-collision (single vehicle),Animal,None Indicated,,,,,,,Paved,,Property Damage Only,0,0,0,0,0,0,4500,1,1,,POINT (-92.306069379931 42.614027390396)
2014826230,2014062258,11/05/2014,11-November,4-Wednesday,18:53,1800 Hours,District 6 (East Central),,IOWA,I-80,I-80,Collision with:  Animal,,,Animal,None Indicated,,,,,,,Paved,,Property Damage Only,0,0,0,0,0,0,10000,1,1,,POINT (-91.945880748189 41.6875415487)
2014825559,,11/05/2014,11-November,4-Wednesday,23:40,2300 Hours,District 5 (Southeast),,LUCAS,IA 14,IA 14,Collision with:  Animal,Roadside,Non-collision (single vehicle),Animal,None Indicated,,Dark - roadway not lighted,Wet,Rain,None apparent,Non-intersection:  Non-junction/no special feature,Paved,,Property Damage Only,0,0,0,0,0,0,2000,1,1,,POINT (-93.234688009345 41.119289490199)
2014825493,14-3559,11/05/2014,11-November,4-Wednesday,14:45,1400 Hours,District 1 (Central),FORT DODGE,WEBSTER,,DODGER DR,Collision with:  Vehicle in traffic,On Roadway,Rear-end (front to rear),FTYROW:  Making left turn,None Indicated,,Daylight,Dry,Cloudy,None apparent,Non-intersection:  Driveway access (within),Paved,,Property Damage Only,0,0,0,0,0,0,5000,2,4,,POINT (-94.153833357418 42.511643883988)
2014825103,SO1404750,11/05/2014,11-November,4-Wednesday,06:20,0600 Hours,District 5 (Southeast),,JEFFERSON,,Co Rd W21/PLEASANT PLAIN RD,Collision with fixed object:  Ditch,On Roadway,Non-collision (single vehicle),Swerving/Evasive Action,None Indicated,,Dawn,Dry,Cloudy,None apparent,Non-intersection:  Non-junction/no special feature,Paved,,Property Damage Only,0,0,0,0,0,0,10200,1,1,,POINT (-91.875518229715 41.100276656704)
2014825906,14-001297,11/05/2014,11-November,4-Wednesday,17:03,1700 Hours,District 1 (Central),,STORY,,Co Rd E41/LINCOLN HWY,Collision with fixed object:  Ditch,On Roadway,Non-collision (single vehicle),Equipment failure,None Indicated,,Dusk,Dry,Cloudy,None apparent,Non-intersection:  Non-junction/no special feature,Paved,,Property Damage Only,0,0,0,0,0,0,2000,1,1,,POINT (-93.533170235285 42.023077645197)
2014827204,,11/05/2014,11-November,4-Wednesday,18:44,1800 Hours,District 4 (Southwest),,MILLS,US 34,US 34 & HILMAN RD,Collision with:  Animal,On Roadway,Non-collision (single vehicle),Animal,None Indicated,,,,,,,Paved,,Property Damage Only,0,0,0,0,0,0,2500,1,1,,POINT (-95.768107743843 41.043671405179)
2014826010,201416636,11/05/2014,11-November,4-Wednesday,17:33,1700 Hours,District 6 (East Central),CEDAR RAPIDS,LINN,,5TH ST SE,Collision with:  Non-motorist (see non-motorist section - NOT a unit),On Roadway,Non-collision (single vehicle),Other (explain in narrative):  No improper action,None Indicated,,Dark - roadway lighted,Dry,Cloudy,None apparent,Non-intersection:  Non-junction/no special feature,Paved,,Property Damage Only,0,0,0,0,0,0,1700,1,1,,POINT (-91.665377344787 41.980548812539)
2014825408,S2014-011431,11/05/2014,11-November,4-Wednesday,11:11,1100 Hours,District 3 (Northwest),,WOODBURY,US 20,US 20,Collision with:  Vehicle in traffic,On Roadway,Rear-end (front to rear),Crossed centerline (undivided),None Indicated,,Daylight,Dry,Cloudy,None apparent,Intersection:  Four-way intersection,Paved,,Minor Injury,0,1,0,1,0,0,6500,2,2,,POINT (-96.23975454018 42.475195308864)
2014825314,14-5596,11/05/2014,11-November,4-Wednesday,13:32,1300 Hours,District 1 (Central),WEST DES MOINES,POLK,,19TH ST,Collision with:  Vehicle in traffic,On Roadway,Rear-end (front to rear),Lost Control,None Indicated,,Daylight,Dry,Cloudy,None apparent,Non-intersection:  Non-junction/no special feature,Paved,,Minor Injury,0,1,0,1,0,0,2700,2,1,,POINT (-93.732278287047 41.579894526544)
2014825488,14-5598,11/05/2014,11-November,4-Wednesday,17:45,1700 Hours,District 1 (Central),WEST DES MOINES,POLK,I-235,I-235 & 28TH ST,Collision with:  Vehicle in traffic,On Roadway,Rear-end (front to rear),Followed too close,None Indicated,,Dark - roadway lighted,Dry,Cloudy,None apparent,Non-intersection:  Non-junction/no special feature,Paved,,Property Damage Only,0,0,0,0,0,0,1500,2,2,,POINT (-93.742174112092 41.592387147689)
2014825978,140015629,11/05/2014,11-November,4-Wednesday,00:37,0000 Hours,District 5 (Southeast),,APPANOOSE,IA 2,IA 2/IOWA 2,Collision with:  Animal,On Roadway,Non-collision (single vehicle),Animal,None Indicated,,,,,,,Paved,,Property Damage Only,0,0,0,0,0,0,2400,1,1,,POINT (-92.983086938495 40.739492041419)
2014826095,201404050,11/05/2014,11-November,4-Wednesday,20:31,2000 Hours,District 6 (East Central),,LINN,IA 100,IA 100/COLLINS RD SE & BANNER DR,Collision with:  Animal,,Non-collision (single vehicle),Animal,None Indicated,,,,,,,Paved,,Property Damage Only,0,0,0,0,0,0,3500,1,1,,POINT (-91.556122527631 42.020205405523)
2014826091,201400004047,11/05/2014,11-November,4-Wednesday,16:43,1600 Hours,District 6 (East Central),,LINN,,Co Rd E36/BLAIRS FERRY RD,Collision with:  Animal,,,Animal,None Indicated,,,,,,,Paved,,Property Damage Only,0,0,0,0,0,0,4000,1,1,,POINT (-91.753226693139 42.065926660706)
2014825367,14-009325,11/05/2014,11-November,4-Wednesday,19:59,1900 Hours,District 2 (Northeast),MCGREGOR,CLAYTON,US 18,US 18,Collision with:  Animal,,,Animal,None Indicated,,,,,,,Paved,,Property Damage Only,0,0,0,0,0,0,6000,1,1,,POINT (-91.238860426868 43.012537736829)
2014827915,2014-77182,11/05/2014,11-November,4-Wednesday,13:14,1300 Hours,District 6 (East Central),DAVENPORT,SCOTT,,W 29TH ST,Collision with:  Vehicle in traffic,On Roadway,Broadside (front to side),Unknown,None Indicated,,Daylight,Dry,Cloudy,None apparent,Non-intersection:  Driveway access (within),Paved,,Property Damage Only,0,0,0,0,0,0,1500,2,1,,POINT (-90.599043470534 41.55110889466)
2014826390,20140033471,11/05/2014,11-November,4-Wednesday,12:00,1200 Hours,District 1 (Central),DES MOINES,POLK,,SE 23RD ST,Collision with:  Parked motor vehicle,On Roadway,Unknown,Unknown,None Indicated,,Daylight,Unknown,Unknown,Unknown,Non-intersection:  Non-junction/no special feature,Paved,,Property Damage Only,0,0,0,0,0,0,1500,2,1,,POINT (-93.577985888676 41.546338793784)
2014826032,03121,11/05/2014,11-November,4-Wednesday,22:21,2200 Hours,District 6 (East Central),DYERSVILLE,DUBUQUE,IA 136,IA 136/11TH ST NE,Collision with:  Animal,,,Animal,None Indicated,,,,,,,Paved,,Property Damage Only,0,0,0,0,0,0,3000,1,1,,POINT (-91.109517062131 42.485935959835)