Iowa DOT Case Number,Law Enforcement Case Number,Date of Crash,Month of Crash,Day of Week,Time of Crash,Hour,DOT District,City Name,County Name,Route with System,Location Description,First Harmful Event,Location of First Harmful Event,Manner of Crash/Collision,Major Cause,Drug or Alcohol ,Environmental Conditions,Light Conditions,Surface Conditions,Weather Conditions,Roadway Contribution,Roadway Type,Roadway Surface,Work Zone,Crash Severity,Number of Fatalities,Number of Injuries,Number of Major Injuries,Number of Minor Injuries,Number of Possible Injuries,Number of Unknown Injuries,Amount of Property Damage,Number of Vehicles Involved,Total Number of Occupants,Travel Direction,Location
2014825953,2014-039398,11/06/2014,11-November,5-Thursday,12:13,1200 Hours,District 6 (East Central),DUBUQUE,DUBUQUE,,PENNSYLVANIA AVE & JOHN F KENNEDY RD,Collision with:  Vehicle in traffic,On Roadway,Rear-end (front to rear),Lost Control,None Indicated,,Daylight,Dry,Cloudy,None apparent,Non-intersection:  Non-junction/no special feature,Paved,,Property Damage Only,0,0,0,0,0,0,1600,2,4,,POINT (-90.721250888193 42.500465654626)
2014826051,2014062315,11/06/2014,11-November,5-Thursday,07:50,0700 Hours,District 1 (Central),WEST DES MOINES,POLK,I-35,I-35,Collision with:  Vehicle in traffic,On Roadway,Rear-end (front to rear),Followed too close,None Indicated,,Daylight,Dry,Clear,Work Zone (roadway-related),Non-intersection:  Non-junction/no special feature,Paved,Yes,Possible/Unknown,0,1,0,0,1,0,5500,2,4,,POINT (-93.777564333804 41.581984089171)
2014826017,14-003823,11/06/2014,11-November,5-Thursday,17:22,1700 Hours,District 5 (Southeast),,KEOKUK,IA 92,IA 92/IOWA 92,Collision with:  Animal,,,Animal,None Indicated,,,,,,,Paved,,Property Damage Only,0,0,0,0,0,0,8000,1,3,,POINT (-92.389981400467 41.336262958118)
2014909201,111-14,11/06/2014,11-November,5-Thursday,19:49,1900 Hours,District 4 (Southwest),,MADISON,US 169,US 169,Collision with:  Animal,,,Animal,None Indicated,,,,,,,Paved,,Property Damage Only,0,0,0,0,0,0,5000,1,777,,POINT (-94.042442615292 41.294696339667)
2014826847,201404060,11/06/2014,11-November,5-Thursday,11:30,1100 Hours,District 6 (East Central),FAIRFAX,LINN,US 151,US 151/WILLIAMS BLVD,Collision with:  Animal,,,Animal,None Indicated,,,,,,,Paved,,Property Damage Only,0,0,0,0,0,0,2500,1,1,,POINT (-91.783825146839 41.922917225425)
2014826052,2014062322,11/06/2014,11-November,5-Thursday,08:24,0800 Hours,District 1 (Central),ALTOONA,POLK,I-80,I-80,Collision with:  Vehicle in traffic,On Roadway,"Sideswipe, same direction",Other (explain in narrative):  Other,None Indicated,,Daylight,Dry,Cloudy,None apparent,Interchange-related:  On-ramp merge area,Paved,,Property Damage Only,0,0,0,0,0,0,10000,2,3,,POINT (-93.494819895851 41.660452290475)
2014829083,2014062395,11/06/2014,11-November,5-Thursday,14:34,1400 Hours,District 3 (Northwest),,MONONA,IA 141,IA 141,Collision with:  Vehicle in traffic,On Roadway,Head-on (front to front),Crossed centerline (undivided),None Indicated,,Daylight,Dry,Clear,None apparent,Non-intersection:  Non-junction/no special feature,Paved,,Minor Injury,0,1,0,1,0,0,16000,2,2,,POINT (-95.735786376382 42.131774743694)
2014825382,14-004800,11/06/2014,11-November,5-Thursday,08:00,0800 Hours,District 1 (Central),ANKENY,POLK,,NW 2ND ST & NW STATE ST,Collision with:  Vehicle in traffic,On Roadway,"Angle, oncoming left turn",FTYROW:  Making left turn,None Indicated,,Daylight,Dry,Clear,None apparent,Intersection:  Four-way intersection,Paved,,Property Damage Only,0,0,0,0,0,0,2300,2,2,,POINT (-93.621529139619 41.733370781963)
2014826827,201416690,11/06/2014,11-November,5-Thursday,18:52,1800 Hours,District 6 (East Central),CEDAR RAPIDS,LINN,,WILSON AVE SW & KENRICH DR SW,Collision with:  Vehicle in traffic,On Roadway,"Angle, oncoming left turn",FTYROW:  Making left turn,None Indicated,,Dark - roadway lighted,Dry,Clear,None apparent,Intersection:  T-intersection,Paved,,Possible/Unknown,0,2,0,0,2,0,7000,2,4,,POINT (-91.714868339385 41.956480886856)
2014826557,2014-039414,11/06/2014,11-November,5-Thursday,18:43,1800 Hours,District 6 (East Central),DUBUQUE,DUBUQUE,IA 32,IA 32/IA32 NW ARTERIAL & ASBURY RD,Collision with:  Vehicle in traffic,On Roadway,"Angle, oncoming left turn",FTYROW:  Making left turn,None Indicated,,Dark - roadway lighted,Dry,Clear,None apparent,Intersection:  Four-way intersection,Paved,,Property Damage Only,0,0,0,0,0,0,18000,2,2,,POINT (-90.740930416656 42.515299870587)
2014826130,2014062432,11/06/2014,11-November,5-Thursday,17:41,1700 Hours,District 5 (Southeast),,WASHINGTON,US 218,US 218,Collision with:  Animal,,,Animal,None Indicated,,,,,,,Paved,,Property Damage Only,0,0,0,0,0,0,7000,1,1,,POINT (-91.550544433822 41.386614938137)
2014826367,14-009351,11/06/2014,11-November,5-Thursday,18:39,1800 Hours,District 2 (Northeast),MARQUETTE,CLAYTON,US 18,US 18,Collision with:  Animal,On Roadway,Non-collision (single vehicle),Animal,None Indicated,,,,,,,Paved,,Property Damage Only,0,0,0,0,0,0,2000,1,1,,POINT (-91.18118722477 43.043728335238)
2014826125,2014062293,11/06/2014,11-November,5-Thursday,03:45,0300 Hours,District 4 (Southwest),,ADAIR,I-80,I-80,Collision with:  Animal,,,Animal,None Indicated,,,,,,,Paved,,Property Damage Only,0,0,0,0,0,0,2000,1,1,,POINT (-94.664418483975 41.493168726211)
2014826787,2014062355,11/06/2014,11-November,5-Thursday,11:40,1100 Hours,District 4 (Southwest),,ADAIR,I-80,I-80,Collision with fixed object:  Guardrail - face,Shoulder,Non-collision (single vehicle),FTYROW:  Other (explain in narrative),None Indicated,,Daylight,Dry,Cloudy,None apparent,Non-intersection:  Non-junction/no special feature,Paved,,Property Damage Only,0,0,0,0,0,0,9400,2,3,,POINT (-94.445709113213 41.495946260512)
2014825814,14-C3071106A,11/06/2014,11-November,5-Thursday,21:10,2100 Hours,District 2 (Northeast),,BREMER,,Co Rd V5C/MORGAN AVE,Collision with:  Animal,,,Animal,None Indicated,,,,,,,Paved,,Property Damage Only,0,0,0,0,0,0,6500,1,1,,POINT (-92.30808181013 42.899547461594)
2014825578,SO1411068091,11/06/2014,11-November,5-Thursday,19:45,1900 Hours,District 6 (East Central),CLINTON,CLINTON,US 30,US 30,Collision with:  Animal,,,Animal,None Indicated,,,,,,,Paved,,Property Damage Only,0,0,0,0,0,0,1500,1,1,,POINT (-90.400752836363 41.815653665865)
2014825396,20140033111,11/06/2014,11-November,5-Thursday,10:44,1000 Hours,District 1 (Central),DES MOINES,POLK,,MAURY ST & SE 30TH ST,Collision with:  Vehicle in traffic,On Roadway,Broadside (front to side),FTYROW:  From stop sign,None Indicated,,Daylight,Dry,Cloudy,None apparent,Intersection:  T-intersection,Paved,,Possible/Unknown,0,1,0,0,1,0,6000,2,3,,POINT (-93.55832379137 41.579925094415)
2014825625,148552,11/06/2014,11-November,5-Thursday,19:01,1900 Hours,District 4 (Southwest),,DALLAS,,Co Rd R22/UTE AVE,Collision with:  Animal,,,Animal,None Indicated,,,,,,,Paved,,Property Damage Only,0,0,0,0,0,0,5000,1,1,,POINT (-93.880678044199 41.583222058572)
2014825577,1411062381,11/06/2014,11-November,5-Thursday,18:45,1800 Hours,District 6 (East Central),,CLINTON,US 61,US 61 & 180 ST,Collision with:  Vehicle in traffic,On Roadway,Broadside (front to side),FTYROW:  From stop sign,None Indicated,,Dark - roadway not lighted,Dry,Clear,None apparent,Intersection:  Four-way intersection,Paved,,Minor Injury,0,1,0,1,0,0,19000,2,2,,POINT (-90.595395542331 41.912054111304)
2014835468,2014-13640,11/06/2014,11-November,5-Thursday,19:16,1900 Hours,District 6 (East Central),,DUBUQUE,,Co Rd Y21/SUNDOWN RD,Collision with:  Animal,,,Animal,None Indicated,,,,,,,Paved,,Property Damage Only,0,0,0,0,0,0,5000,1,1,,POINT (-90.876425235465 42.355100998961)
2014825607,14-36839,11/06/2014,11-November,5-Thursday,18:20,1800 Hours,District 3 (Northwest),SIOUX CITY,WOODBURY,I-29,I-29,Collision with:  Vehicle in traffic,On Roadway,Rear-end (front to rear),Followed too close,None Indicated,,Dark - roadway not lighted,Dry,Clear,Work Zone (roadway-related),Non-intersection:  Non-junction/no special feature,Paved,Yes,Property Damage Only,0,0,0,0,0,0,3000,2,2,,POINT (-96.380432918341 42.466229606961)
2014825673,2014-21750,11/06/2014,11-November,5-Thursday,16:57,1600 Hours,District 6 (East Central),BETTENDORF,SCOTT,I-74,I-74,Collision with:  Vehicle in traffic,On Roadway,Rear-end (front to rear),Followed too close,None Indicated,,Daylight,Dry,Cloudy,None apparent,Non-intersection:  Non-junction/no special feature,Paved,,Property Damage Only,0,0,0,0,0,0,2000,3,3,,POINT (-90.514243728748 41.529158766693)
2014825632,14-001300,11/06/2014,11-November,5-Thursday,06:44,0600 Hours,District 1 (Central),,STORY,IA 210,IA 210/IOWA 210,Collision with:  Animal,,,Animal,None Indicated,,,,,,,Paved,,Property Damage Only,0,0,0,0,0,0,4500,1,1,,POINT (-93.588073030644 41.877765677471)
2014825383,14-004802,11/06/2014,11-November,5-Thursday,09:40,0900 Hours,District 1 (Central),ANKENY,POLK,,SW STATE ST & SW PLAZA PKWY,Collision with:  Vehicle in traffic,On Roadway,Broadside (front to side),FTYROW:  From stop sign,None Indicated,,Daylight,Dry,Clear,None apparent,Intersection:  Four-way intersection,Paved,,Possible/Unknown,0,2,0,0,2,0,3000,2,6,,POINT (-93.622354879113 41.706795525094)
2014835614,14-1299,11/06/2014,11-November,5-Thursday,18:10,1800 Hours,District 1 (Central),PLEASANT HILL,POLK,IA 163,IA 163/E UNIVERSITY AVE & NE 64TH ST,Collision with:  Vehicle in traffic,On Roadway,"Angle, oncoming left turn",Other (explain in narrative):  Other,None Indicated,,Dark - roadway lighted,Dry,Cloudy,None apparent,Intersection:  Four-way intersection,Paved,,Property Damage Only,0,0,0,0,0,0,5000,2,3,,POINT (-93.481961589392 41.598330136724)
2014825671,148558,11/06/2014,11-November,5-Thursday,22:38,2200 Hours,District 4 (Southwest),VAN METER,DALLAS,I-80,I-80,Collision with:  Animal,,,Animal,None Indicated,,,,,,,Paved,,Property Damage Only,0,0,0,0,0,0,6500,1,1,,POINT (-93.944713353193 41.550125649722)
2014825689,14-001294,11/06/2014,11-November,5-Thursday,14:00,1400 Hours,District 1 (Central),,STORY,I-35,I-35,Collision with:  Vehicle in traffic,On Roadway,Rear-end (front to rear),Swerving/Evasive Action,None Indicated,,Daylight,Dry,Cloudy,None apparent,Intersection:  Intersection with ramp,Paved,,Property Damage Only,0,0,0,0,0,0,3000,2,2,,POINT (-93.571849998319 42.167409301995)
2014827742,2014-77353,11/06/2014,11-November,5-Thursday,09:01,0900 Hours,District 6 (East Central),DAVENPORT,SCOTT,,E PLEASANT ST,Collision with:  Vehicle in traffic,On Roadway,Head-on (front to front),Unknown,None Indicated,,Daylight,Dry,Cloudy,None apparent,Non-intersection:  Non-junction/no special feature,Paved,,Property Damage Only,0,0,0,0,0,0,5000,2,2,,POINT (-90.553078862934 41.539583946242)
2014826063,14021596,11/06/2014,11-November,5-Thursday,08:09,0800 Hours,District 2 (Northeast),,BREMER,,275TH ST,Non-collision events:  Overturn/rollover,Roadside,Non-collision (single vehicle),Swerving/Evasive Action,None Indicated,,Daylight,Dry,Cloudy,None apparent,Non-intersection:  Non-junction/no special feature,Unpaved,,Possible/Unknown,0,1,0,0,1,0,5100,1,1,,POINT (-92.484544220711 42.649524033432)
2014830064,14-062,11/06/2014,11-November,5-Thursday,09:30,0900 Hours,District 3 (Northwest),,CALHOUN,IA 4,IA 4/360TH ST/NORRIDGE AVE & IA 175,Collision with:  Vehicle in traffic,On Roadway,"Angle, oncoming left turn",FTYROW:  Other (explain in narrative),None Indicated,,Daylight,Dry,Clear,None apparent,Intersection:  Four-way intersection,Paved,,Possible/Unknown,0,1,0,0,0,1,16000,2,2,,POINT (-94.648517022651 42.26740256096)
2014828016,,11/06/2014,11-November,5-Thursday,08:07,0800 Hours,District 2 (Northeast),,BUTLER,,280 ST,Collision with:  Animal,On Roadway,Non-collision (single vehicle),Animal,None Indicated,,Daylight,Dry,Clear,,Non-intersection:  Non-junction/no special feature,Unpaved,,Property Damage Only,0,0,0,0,0,0,3374,1,1,,POINT (-92.780725301625 42.642467806096)
2014825400,20140033094,11/06/2014,11-November,5-Thursday,08:04,0800 Hours,District 1 (Central),DES MOINES,POLK,,LAUREL ST & 7TH ST,Collision with:  Vehicle in traffic,On Roadway,"Sideswipe, same direction",Swerving/Evasive Action,None Indicated,,Daylight,Dry,Cloudy,None apparent,Non-intersection:  Non-junction/no special feature,Paved,,Property Damage Only,0,0,0,0,0,0,3000,2,2,,POINT (-93.626919013245 41.597459930225)
2014829074,201405264,11/06/2014,11-November,5-Thursday,20:15,2000 Hours,District 1 (Central),,BOONE,US 30,US 30/220TH ST,Collision with:  Animal,,,Animal,None Indicated,,,,,,,Paved,,Property Damage Only,0,0,0,0,0,0,4000,1,1,,POINT (-93.953467875924 42.033415191732)
2014825585,14-7366,11/06/2014,11-November,5-Thursday,20:24,2000 Hours,District 1 (Central),,POLK,IA 141,IA 141/IOWA 141,Collision with:  Animal,,,Animal,None Indicated,,,,,,,Paved,,Property Damage Only,0,0,0,0,0,0,3000,1,1,,POINT (-93.803848816415 41.747146487604)
2014829057,1400000972,11/06/2014,11-November,5-Thursday,09:15,0900 Hours,District 1 (Central),,MARSHALL,IA 330,IA 330/MARSHALLTOWN BLVD/MARSH AVE & Co Rd E41 & Co Rd S75,Collision with:  Vehicle in traffic,On Roadway,Rear-end (front to rear),FTYROW:  Other (explain in narrative),None Indicated,,Daylight,Dry,Clear,None apparent,Intersection:  Four-way intersection,Paved,,Property Damage Only,0,0,0,0,0,0,1600,2,2,,POINT (-92.999987919775 42.02600016761)
2014826705,14019473,11/06/2014,11-November,5-Thursday,16:10,1600 Hours,District 2 (Northeast),MASON CITY,CERRO GORDO,,15TH ST SW & GARFIELD PL,Collision with:  Vehicle in traffic,On Roadway,"Angle, oncoming left turn",Made improper turn,None Indicated,,Daylight,Dry,Clear,None apparent,Non-intersection:  Non-junction/no special feature,Paved,,Property Damage Only,0,0,0,0,0,0,3500,2,2,,POINT (-93.226285774899 43.137509282274)
2014825735,14026120,11/06/2014,11-November,5-Thursday,19:08,1900 Hours,District 5 (Southeast),OSKALOOSA,MAHASKA,IA 92,IA 92/A AVE W & GATEWAY DR & CORNERSTONE DR,Collision with:  Vehicle in traffic,On Roadway,"Angle, oncoming left turn",Ran Traffic Signal,None Indicated,,Dark - roadway lighted,Dry,Clear,None apparent,Intersection:  Four-way intersection,Paved,,Major Injury,0,2,2,0,0,0,10000,2,3,,POINT (-92.669592876123 41.296185956506)
2014826869,14-34485,11/06/2014,11-November,5-Thursday,18:59,1800 Hours,District 5 (Southeast),FORT MADISON,LEE,US 61,US 61,Collision with:  Animal,,,Animal,None Indicated,,,,,,,Paved,,Property Damage Only,0,0,0,0,0,0,1500,1,1,,POINT (-91.247982165009 40.692297410557)
2014826881,14-009920,11/06/2014,11-November,5-Thursday,16:01,1600 Hours,District 6 (East Central),INDEPENDENCE,BUCHANAN,,2ND ST NW & 1ST ST W & 2ND AVE SW,Collision with:  Vehicle in traffic,On Roadway,Rear-end (front to rear),Followed too close,None Indicated,,Daylight,Dry,Clear,None apparent,Non-intersection:  Non-junction/no special feature,Paved,,Property Damage Only,0,0,0,0,0,0,1600,2,3,,POINT (-91.895369335633 42.468694043254)
2014825395,20140033091,11/06/2014,11-November,5-Thursday,07:12,0700 Hours,District 1 (Central),DES MOINES,POLK,,GUTHRIE AVE,Collision with:  Vehicle in traffic,On Roadway,"Sideswipe, opposite direction",Unknown,None Indicated,,Daylight,Dry,Cloudy,None apparent,Non-intersection:  Non-junction/no special feature,Paved,,Possible/Unknown,0,1,0,0,1,0,3000,2,3,,POINT (-93.565767539734 41.614980944575)
2014825623,201405261,11/06/2014,11-November,5-Thursday,17:43,1700 Hours,District 1 (Central),,BOONE,US 30,US 30/220TH ST,Collision with:  Animal,,,Animal,None Indicated,,,,,,,Paved,,Property Damage Only,0,0,0,0,0,0,10000,1,1,,POINT (-93.987264552999 42.029932149066)
2014825468,14-047153,11/06/2014,11-November,5-Thursday,07:55,0700 Hours,District 4 (Southwest),COUNCIL BLUFFS,POTTAWATTAMIE,,W BROADWAY & N 2ND ST,Collision with:  Vehicle in traffic,On Roadway,Rear-end (front to rear),Lost Control,None Indicated,,Daylight,Dry,Cloudy,None apparent,Non-intersection:  Non-junction/no special feature,Paved,,Possible/Unknown,0,1,0,0,1,0,14000,2,5,,POINT (-95.845918197954 41.262199720917)
2014909202,112-14,11/06/2014,11-November,5-Thursday,20:13,2000 Hours,District 4 (Southwest),,MADISON,US 169,US 169,Collision with:  Animal,,,Animal,None Indicated,,,,,,,Paved,,Property Damage Only,0,0,0,0,0,0,2000,1,777,,POINT (-94.042189233811 41.278025577387)
2014825974,20144068,11/06/2014,11-November,5-Thursday,10:13,1000 Hours,District 1 (Central),,GRUNDY,US 20,US 20,Collision with fixed object:  Culvert/pipe opening,On Roadway,Non-collision (single vehicle),Crossed centerline (undivided),None Indicated,,Daylight,Dry,Clear,None apparent,Non-intersection:  Non-junction/no special feature,Paved,,Possible/Unknown,0,1,0,0,1,0,5000,1,1,,POINT (-92.555611479136 42.46341138956)
2014826127,2014062344,11/06/2014,11-November,5-Thursday,10:26,1000 Hours,District 1 (Central),ANKENY,POLK,I-80,I-80,Collision with:  Vehicle in traffic,On Roadway,"Sideswipe, same direction",FTYROW:  Other (explain in narrative),None Indicated,,Daylight,Dry,Clear,None apparent,Non-intersection:  Non-junction/no special feature,Paved,,Property Damage Only,0,0,0,0,0,0,6000,2,2,,POINT (-93.567604081305 41.653315501925)
2014825604,14-36824,11/06/2014,11-November,5-Thursday,16:45,1600 Hours,District 3 (Northwest),SIOUX CITY,WOODBURY,,HAMILTON BLVD,Collision with:  Vehicle in traffic,On Roadway,Rear-end (front to rear),Other (explain in narrative):  Other,None Indicated,,Daylight,Dry,Clear,None apparent,Non-intersection:  Non-junction/no special feature,Paved,,Property Damage Only,0,0,0,0,0,0,3000,2,3,,POINT (-96.408588396395 42.534711226031)
2014825634,S14-004423,11/06/2014,11-November,5-Thursday,06:57,0600 Hours,District 4 (Southwest),,POTTAWATTAMIE,,Co Rd G66/PIONEER TRL,Collision with:  Animal,,,Animal,None Indicated,,,,,,,Paved,,Property Damage Only,0,0,0,0,0,0,2000,1,1,,POINT (-95.740913619428 41.196453037598)
2014826025,14-21756,11/06/2014,11-November,5-Thursday,19:41,1900 Hours,District 6 (East Central),BETTENDORF,SCOTT,I-74,I-74,Collision with:  Vehicle in traffic,On Roadway,Rear-end (front to rear),Other (explain in narrative):  Vision obstructed,None Indicated,,Dark - roadway not lighted,Dry,Clear,None apparent,Non-intersection:  Non-junction/no special feature,Paved,,Possible/Unknown,0,1,0,0,1,0,5000,2,3,,POINT (-90.516272624056 41.535020742921)
2014825874,2014062303,11/06/2014,11-November,5-Thursday,06:30,0600 Hours,District 3 (Northwest),SIOUX CITY,WOODBURY,US 20,US 20,Collision with:  Animal,,,Animal,None Indicated,,,,,,,Paved,,Property Damage Only,0,0,0,0,0,0,2500,1,1,,POINT (-96.323735493142 42.464891108667)
2014825875,2014062323,11/06/2014,11-November,5-Thursday,08:04,0800 Hours,District 3 (Northwest),,SIOUX,US 18,US 18/310TH ST,Collision with:  Vehicle in traffic,On Roadway,"Angle, oncoming left turn",FTYROW:  From stop sign,None Indicated,,Daylight,Dry,Clear,None apparent,Intersection:  T-intersection,Paved,,Property Damage Only,0,0,0,0,0,0,2000,2,2,,POINT (-96.268654707568 43.200267513078)
2014825624,201405265,11/06/2014,11-November,5-Thursday,20:40,2000 Hours,District 1 (Central),,BOONE,,Co Rd R18/L AVE,Collision with:  Animal,,,Animal,None Indicated,,,,,,,Paved,,Property Damage Only,0,0,0,0,0,0,5000,1,1,,POINT (-93.95268663825 42.010220930928)
2014828609,1411-078,11/06/2014,11-November,5-Thursday,22:00,2200 Hours,District 3 (Northwest),,OSCEOLA,IA 9,IA 9/IOWA 9 & Co Rd M20/WILLOW AVE,Collision with:  Animal,,,Animal,None Indicated,,,,,,,Paved,,Property Damage Only,0,0,0,0,0,0,3000,1,1,,POINT (-95.433768220483 43.430572278447)
2014826368,14-009355,11/06/2014,11-November,5-Thursday,22:20,2200 Hours,District 2 (Northeast),,CLAYTON,,Co Rd C7X/HILTON RD,Collision with:  Animal,,,Animal,None Indicated,,,,,,,Paved,,Property Damage Only,0,0,0,0,0,0,1500,1,1,,POINT (-91.359957797341 42.649956385464)
2014825626,148560,11/06/2014,11-November,5-Thursday,23:17,2300 Hours,District 4 (Southwest),,DALLAS,I-80,I-80,Collision with:  Animal,On Roadway,Non-collision (single vehicle),Animal,None Indicated,,Dark - roadway not lighted,Dry,Clear,None apparent,Non-intersection:  Non-junction/no special feature,Paved,,Minor Injury,0,1,0,1,0,0,8000,1,2,,POINT (-94.085803584567 41.518534591584)
2014831789,2014062420,11/06/2014,11-November,5-Thursday,16:00,1600 Hours,District 5 (Southeast),HEDRICK,KEOKUK,,1ST ST & MAIN ST,Collision with:  Vehicle in traffic,On Roadway,"Angle, oncoming left turn",FTYROW:  From stop sign,None Indicated,,Daylight,Dry,Cloudy,None apparent,Intersection:  Four-way intersection,Paved,,Property Damage Only,0,0,0,0,0,0,4000,2,2,,POINT (-92.309029295352 41.171494976713)
2014826513,1400000973,11/06/2014,11-November,5-Thursday,12:20,1200 Hours,District 1 (Central),,MARSHALL,,220TH ST,Collision with fixed object:  Utility pole/light support,Outside trafficway,Non-collision (single vehicle),Ran off road - right,None Indicated,,Daylight,Dry,Cloudy,None apparent,Non-intersection:  Non-junction/no special feature,Unpaved,,Property Damage Only,0,0,0,0,0,0,3000,1,1,,POINT (-93.14067293606 42.033974890423)
2014826055,2014062449,11/06/2014,11-November,5-Thursday,20:50,2000 Hours,District 2 (Northeast),,FRANKLIN,I-35,I-35,Collision with:  Animal,,,Animal,None Indicated,,,,,,,Paved,,Property Damage Only,0,0,0,0,0,0,12000,1,1,,POINT (-93.480064146177 42.635142726791)
2014826053,2014062326,11/06/2014,11-November,5-Thursday,09:04,0900 Hours,District 1 (Central),,POLK,I-35,I-35 & IA 415/2ND AVE,Collision with:  Vehicle in traffic,On Roadway,"Angle, oncoming left turn",FTYROW:  Making left turn,None Indicated,,Daylight,Dry,Cloudy,None apparent,Intersection:  Intersection with ramp,Paved,,Property Damage Only,0,0,0,0,0,0,4000,2,2,,POINT (-93.619997747283 41.650333677502)
2014825948,2014-013641,11/06/2014,11-November,5-Thursday,19:08,1900 Hours,District 6 (East Central),,DUBUQUE,US 52,US 52 & ROOSTER LN,Collision with:  Animal,,,Animal,None Indicated,,,,,,,Paved,,Property Damage Only,0,0,0,0,0,0,2000,1,1,,POINT (-90.695271599217 42.543089826322)
2014826030,14007042,11/06/2014,11-November,5-Thursday,17:47,1700 Hours,District 2 (Northeast),,CERRO GORDO,US 65,US 65,Collision with:  Animal,,,Animal,None Indicated,,,,,,,Paved,,Property Damage Only,0,0,0,0,0,0,3000,1,1,,POINT (-93.201452350018 43.078996729559)
2014825616,14110222,11/06/2014,11-November,5-Thursday,08:02,0800 Hours,District 2 (Northeast),CEDAR FALLS,BLACK HAWK,,CARLTON DR,Collision with:  Parked motor vehicle,On Roadway,Rear-end (front to rear),Lost Control,None Indicated,,Daylight,Dry,Cloudy,None apparent,Non-intersection:  Non-junction/no special feature,Paved,,Property Damage Only,0,0,0,0,0,0,11000,2,1,,POINT (-92.426666728085 42.502194566244)
2014832801,14213,11/06/2014,11-November,5-Thursday,20:25,2000 Hours,District 5 (Southeast),PELLA,MARION,,FRANKLIN ST & BROADWAY ST,Collision with fixed object:  Utility pole/light support,Outside trafficway,Non-collision (single vehicle),Made improper turn,None Indicated,,Dark - roadway lighted,Dry,Clear,None apparent,Intersection:  Four-way intersection,Paved,,Property Damage Only,0,0,0,0,0,0,2500,1,1,,POINT (-92.918308194642 41.406714066713)
2014826073,2014-77441,11/06/2014,11-November,5-Thursday,16:41,1600 Hours,District 6 (East Central),DAVENPORT,SCOTT,,IA 461/BRADY ST & W 12TH ST,Collision with:  Vehicle in traffic,On Roadway,Broadside (front to side),Ran Stop Sign,None Indicated,,Dark - roadway lighted,Dry,Clear,None apparent,Intersection:  Four-way intersection,Paved,,Property Damage Only,0,0,0,0,0,0,2000,2,4,,POINT (-90.574031223665 41.531931365313)
2014825594,20140033159,11/06/2014,11-November,5-Thursday,17:53,1700 Hours,District 1 (Central),DES MOINES,POLK,,ARMY POST RD,Collision with fixed object:  Other fixed object (explain in narrative),On Roadway,Non-collision (single vehicle),Ran off road - right,Refused,,Dark - roadway lighted,Dry,Clear,None apparent,Non-intersection:  Non-junction/no special feature,Paved,,Minor Injury,0,1,0,1,0,0,3000,1,1,,POINT (-93.625885981907 41.526506116268)
2014826366,14-009350,11/06/2014,11-November,5-Thursday,18:26,1800 Hours,District 2 (Northeast),,CLAYTON,US 52,US 52,Collision with:  Animal,,Non-collision (single vehicle),Animal,None Indicated,,,,,,,Paved,,Property Damage Only,0,0,0,0,0,0,3500,1,1,,POINT (-91.072513303529 42.722041247138)
2014836348,,11/06/2014,11-November,5-Thursday,05:58,0500 Hours,District 2 (Northeast),DECORAH,WINNESHIEK,IA 9,IA 9/IOWA 9,Collision with:  Animal,On Roadway,Non-collision (single vehicle),Animal,None Indicated,,Dark - unknown roadway lighting,Dry,Clear,None apparent,Non-intersection:  Non-junction/no special feature,Paved,,Property Damage Only,0,0,0,0,0,0,8000,1,1,,POINT (-91.783600504979 43.28914516176)
2014825896,14-017548,11/06/2014,11-November,5-Thursday,20:36,2000 Hours,District 2 (Northeast),RUDD,FLOYD,US 18,US 18,Collision with:  Animal,,,Animal,None Indicated,,,,,,,Paved,,Property Damage Only,0,0,0,0,0,0,2500,1,1,,POINT (-92.90898651063 43.119227815838)
2014826665,,11/06/2014,11-November,5-Thursday,19:43,1900 Hours,District 4 (Southwest),,AUDUBON,,200 ST,Non-collision events:  Overturn/rollover,Outside trafficway,Non-collision (single vehicle),Made improper turn,None Indicated,,Dark - roadway not lighted,"Mud, dirt",Unknown,Unknown,Non-intersection:  Driveway access (within),Unpaved,,Property Damage Only,0,0,0,0,0,0,20000,1,1,,POINT (-94.844527171858 41.717174021392)
2014830253,AC14-0056,11/06/2014,11-November,5-Thursday,19:30,1900 Hours,District 6 (East Central),MONTICELLO,JONES,US 151,US 151,Collision with:  Animal,,,Animal,None Indicated,,,,,,,Paved,,Property Damage Only,0,0,0,0,0,0,3500,1,1,,POINT (-91.157416513314 42.255073010873)
2014826565,03127,11/06/2014,11-November,5-Thursday,04:50,0400 Hours,District 6 (East Central),DYERSVILLE,DUBUQUE,US 20,US 20,Collision with:  Animal,,,Animal,None Indicated,,,,,,,Paved,,Property Damage Only,0,0,0,0,0,0,2500,1,1,,POINT (-91.107165648393 42.469092920016)
2014825957,2014-039406,11/06/2014,11-November,5-Thursday,15:38,1500 Hours,District 6 (East Central),DUBUQUE,DUBUQUE,US 52,US 52/E 11TH ST & JACKSON ST,Collision with:  Vehicle in traffic,On Roadway,Broadside (front to side),FTYROW:  From stop sign,None Indicated,,Daylight,Dry,Cloudy,None apparent,Intersection:  Four-way intersection,Paved,,Property Damage Only,0,0,0,0,0,0,7500,2,3,,POINT (-90.664463977429 42.504472867456)
2014826844,20140004063,11/06/2014,11-November,5-Thursday,18:00,1800 Hours,District 6 (East Central),,LINN,,Co Rd E36/BLAIRS FERRY RD & HORSESHOE CT,Collision with:  Animal,,,Animal,None Indicated,,,,,,,Paved,,Property Damage Only,0,0,0,0,0,0,5000,1,1,,POINT (-91.759329997085 42.065956785353)
2014826128,2014062363,11/06/2014,11-November,5-Thursday,12:40,1200 Hours,District 1 (Central),,HAMILTON,I-35,I-35,Collision with:  Vehicle in traffic,On Roadway,"Sideswipe, same direction",Crossed centerline (undivided),None Indicated,,Daylight,Dry,Clear,None apparent,Non-intersection:  Non-junction/no special feature,Paved,,Property Damage Only,0,0,0,0,0,0,2000,2,2,,POINT (-93.569944491984 42.335186804345)
2014825975,20144083,11/06/2014,11-November,5-Thursday,23:30,2300 Hours,District 1 (Central),,GRUNDY,,Co Rd T37/M AVE,Collision with:  Animal,,,Animal,None Indicated,,,,,,,Paved,,Property Damage Only,0,0,0,0,0,0,3800,1,1,,POINT (-92.787742846436 42.382391939048)