Iowa DOT Case Number,Law Enforcement Case Number,Date of Crash,Month of Crash,Day of Week,Time of Crash,Hour,DOT District,City Name,County Name,Route with System,Location Description,First Harmful Event,Location of First Harmful Event,Manner of Crash/Collision,Major Cause,Drug or Alcohol ,Environmental Conditions,Light Conditions,Surface Conditions,Weather Conditions,Roadway Contribution,Roadway Type,Roadway Surface,Work Zone,Crash Severity,Number of Fatalities,Number of Injuries,Number of Major Injuries,Number of Minor Injuries,Number of Possible Injuries,Number of Unknown Injuries,Amount of Property Damage,Number of Vehicles Involved,Total Number of Occupants,Travel Direction,Location
2014826054,2014062444,11/06/2014,11-November,5-Thursday,19:12,1900 Hours,District 4 (Southwest),,POTTAWATTAMIE,I-80,I-80,Collision with:  Animal,,,Animal,None Indicated,,,,,,,Paved,,Property Damage Only,0,0,0,0,0,0,4500,1,1,,POINT (-95.670239799943 41.38171216765)
2014825597,20140033162,11/06/2014,11-November,5-Thursday,18:25,1800 Hours,District 1 (Central),DES MOINES,POLK,,DAY ST & 5TH AVE,Collision with:  Vehicle in traffic,On Roadway,Rear-end (front to rear),Other (explain in narrative):  Other,None Indicated,,Dusk,Dry,Clear,None apparent,Non-intersection:  Non-junction/no special feature,Paved,,Possible/Unknown,0,1,0,0,1,0,1500,2,2,,POINT (-93.624651014975 41.596202254557)
2014831717,2014062451,11/06/2014,11-November,5-Thursday,20:27,2000 Hours,District 1 (Central),,JASPER,US 6,US 6/US 6 E,Collision with fixed object:  Ditch,Roadside,Non-collision (single vehicle),Swerving/Evasive Action,None Indicated,,Dark - roadway not lighted,Dry,Cloudy,"Surface condition (e.g., wet, icy)",Non-intersection:  Non-junction/no special feature,Paved,,Minor Injury,0,3,0,1,2,0,10000,1,3,,POINT (-92.862109378285 41.707064961634)
2014825962,2014013623,11/06/2014,11-November,5-Thursday,09:00,0900 Hours,District 6 (East Central),,DUBUQUE,,Co Rd Y13/TOLLGATE RD,Collision with:  Animal,,,Animal,None Indicated,,,,,,,Paved,,Property Damage Only,0,0,0,0,0,0,5000,1,1,,POINT (-90.974854511277 42.640966278599)
2014832269,14046466,11/06/2014,11-November,5-Thursday,07:23,0700 Hours,District 5 (Southeast),,MUSCATINE,,BURLINGTON RD,Collision with:  Animal,,,Animal,None Indicated,,,,,,,Paved,,Property Damage Only,0,0,0,0,0,0,1500,1,1,,POINT (-91.184998643727 41.36305410853)
2014825617,148518,11/06/2014,11-November,5-Thursday,07:00,0700 Hours,District 4 (Southwest),ADEL,DALLAS,,352ND PL,Non-collision events:  Overturn/rollover,On Roadway,Non-collision (single vehicle),Ran off road - right,None Indicated,,Dawn,Dry,Clear,None apparent,Non-intersection:  Non-junction/no special feature,Unpaved,,Possible/Unknown,0,1,0,0,1,0,5000,1,1,,POINT (-93.965171038512 41.528491502886)
2014825764,14-004807,11/06/2014,11-November,5-Thursday,17:45,1700 Hours,District 1 (Central),ANKENY,POLK,,SW STATE ST & SW MAGAZINE RD,Collision with:  Vehicle in traffic,On Roadway,"Angle, oncoming left turn",FTYROW:  Making left turn,None Indicated,,Dark - roadway lighted,Dry,Clear,None apparent,Intersection:  Four-way intersection,Paved,,Possible/Unknown,0,2,0,0,2,0,6500,2,3,,POINT (-93.620146504993 41.715886580898)
2014828116,148818PD,11/06/2014,11-November,5-Thursday,15:21,1500 Hours,District 1 (Central),BOONE,BOONE,,S MARSHALL ST,Collision with:  Parked motor vehicle,On Roadway,Rear-end (front to rear),Other (explain in narrative):  Vision obstructed,None Indicated,,Daylight,Dry,Clear,None apparent,Non-intersection:  Non-junction/no special feature,Paved,,Property Damage Only,0,0,0,0,0,0,3000,2,2,,POINT (-93.878474332178 42.04602836226)
2014825777,20140033212,11/06/2014,11-November,5-Thursday,16:35,1600 Hours,District 1 (Central),DES MOINES,POLK,,MCKINLEY AVE & SW 14TH ST,Collision with:  Vehicle in traffic,On Roadway,Rear-end (front to rear),Unknown,None Indicated,,Daylight,Unknown,Unknown,Unknown,Intersection:  Four-way intersection,Paved,,Possible/Unknown,0,1,0,0,1,0,2000,2,2,,POINT (-93.635448884211 41.540991508458)
2014828872,14110147,11/06/2014,11-November,5-Thursday,17:35,1700 Hours,District 5 (Southeast),,WAPELLO,US 34,US 34,Collision with:  Animal,,,Animal,None Indicated,,,,,,,Paved,,Property Damage Only,0,0,0,0,0,0,1500,1,4,,POINT (-92.550211230822 41.006959057877)
2014825601,S14-11486,11/06/2014,11-November,5-Thursday,20:54,2000 Hours,District 3 (Northwest),,WOODBURY,US 20,US 20,Collision with:  Animal,,,Animal,None Indicated,,,,,,,Paved,,Property Damage Only,0,0,0,0,0,0,5000,1,1,,POINT (-95.842529011323 42.482044004163)
2014825658,2014012479,11/06/2014,11-November,5-Thursday,16:27,1600 Hours,District 6 (East Central),IOWA CITY,JOHNSON,,W COURT ST & E COURT ST & S CAPITOL ST,Collision with:  Vehicle in traffic,On Roadway,Broadside (front to side),FTYROW:  From stop sign,None Indicated,,Dusk,Dry,Clear,None apparent,Intersection:  T-intersection,Paved,,Property Damage Only,0,0,0,0,0,0,1700,2,2,,POINT (-91.536194579128 41.656626996617)
2014825648,SA1409439,11/06/2014,11-November,5-Thursday,19:47,1900 Hours,District 5 (Southeast),,WASHINGTON,US 218,US 218,Collision with:  Animal,On Roadway,Non-collision (single vehicle),Animal,None Indicated,,Dark - roadway not lighted,Dry,Clear,None apparent,Non-intersection:  Non-junction/no special feature,Paved,,Minor Injury,0,1,0,1,0,0,9500,1,2,,POINT (-91.534084611764 41.18295612468)
2014825605,14-36827,11/06/2014,11-November,5-Thursday,17:06,1700 Hours,District 3 (Northwest),SIOUX CITY,WOODBURY,I-29,I-29 & IA 376/SINGING HILLS BLVD,Collision with:  Vehicle in traffic,On Roadway,Rear-end (front to rear),Lost Control,None Indicated,,Daylight,Dry,Clear,None apparent,Intersection:  Intersection with ramp,Paved,,Property Damage Only,0,0,0,0,0,0,5000,2,2,,POINT (-96.37601217855 42.434231816111)
2014826129,2014062425,11/06/2014,11-November,5-Thursday,17:20,1700 Hours,District 2 (Northeast),,WORTH,I-35,I-35,Collision with:  Animal,On Roadway,Non-collision (single vehicle),Animal,None Indicated,,Dusk,Dry,Clear,None apparent,Non-intersection:  Non-junction/no special feature,Paved,,Property Damage Only,0,0,0,0,0,0,5000,1,1,,POINT (-93.349583313293 43.398793299505)
2014832263,14-46465,11/06/2014,11-November,5-Thursday,06:37,0600 Hours,District 5 (Southeast),,MUSCATINE,,Co Rd X61/STEWART RD,Collision with:  Vehicle in traffic,On Roadway,Rear-end (front to rear),Followed too close,None Indicated,,Daylight,Dry,Clear,None apparent,Non-intersection:  Non-junction/no special feature,Paved,,Property Damage Only,0,0,0,0,0,0,2200,2,2,,POINT (-91.101145792254 41.354332879497)
2014825620,2014-77355,11/06/2014,11-November,5-Thursday,09:18,0900 Hours,District 6 (East Central),DAVENPORT,SCOTT,,IA 461/BRADY ST,Collision with:  Vehicle in traffic,On Roadway,"Sideswipe, same direction",FTYROW:  At uncontrolled intersection,None Indicated,,Daylight,Dry,Clear,None apparent,Non-intersection:  Non-junction/no special feature,Paved,,Possible/Unknown,0,1,0,0,1,0,2500,2,2,,POINT (-90.571076283968 41.577234111276)
2014826323,,11/06/2014,11-November,5-Thursday,19:19,1900 Hours,District 5 (Southeast),,LUCAS,US 34,US 34,Collision with:  Animal,On Roadway,Non-collision (single vehicle),Animal,None Indicated,,Dark - roadway not lighted,Dry,Clear,None apparent,Non-intersection:  Non-junction/no special feature,Paved,,Possible/Unknown,0,2,0,0,2,0,5000,1,2,,POINT (-93.508833717365 41.029017744068)
2014825583,14026112,11/06/2014,11-November,5-Thursday,17:48,1700 Hours,District 5 (Southeast),OSKALOOSA,MAHASKA,IA 163,IA 163/IOWA 163,Collision with:  Animal,,,Animal,None Indicated,,,,,,,Paved,,Property Damage Only,0,0,0,0,0,0,5000,1,1,,POINT (-92.693861123968 41.317033912435)
2014826514,1400000975,11/06/2014,11-November,5-Thursday,17:39,1700 Hours,District 1 (Central),,MARSHALL,IA 14,IA 14/REED AVE,Collision with:  Animal,,Non-collision (single vehicle),Animal,None Indicated,,,,,,,Paved,,Property Damage Only,0,0,0,0,0,0,4000,1,1,,POINT (-92.922209556429 41.904932480896)
2014825502,W-14-2397,11/06/2014,11-November,5-Thursday,13:13,1300 Hours,District 2 (Northeast),WAUKON,ALLAMAKEE,,2ND ST NW,Collision with:  Vehicle in traffic,On Roadway,"Sideswipe, same direction",FTYROW:  From driveway,None Indicated,,Daylight,Dry,Cloudy,None apparent,Non-intersection:  Driveway access (within),Paved,,Minor Injury,0,2,0,1,1,0,6000,2,2,,POINT (-91.478745694328 43.269765622851)
2014825951,2014-039391,11/06/2014,11-November,5-Thursday,08:02,0800 Hours,District 6 (East Central),DUBUQUE,DUBUQUE,IA 32,IA 32,Collision with:  Animal,,,Animal,None Indicated,,,,,,,Paved,,Property Damage Only,0,0,0,0,0,0,2500,1,1,,POINT (-90.704988794178 42.531812341995)
2014826072,2014-77351,11/06/2014,11-November,5-Thursday,08:55,0800 Hours,District 6 (East Central),DAVENPORT,SCOTT,,IA 461/W RIVER DR,Collision with:  Animal,,,Animal,None Indicated,,,,,,,Paved,,Property Damage Only,0,0,0,0,0,0,5000,1,1,,POINT (-90.643622609952 41.505828345984)
2014827145,201416675,11/06/2014,11-November,5-Thursday,14:46,1400 Hours,District 6 (East Central),CEDAR RAPIDS,LINN,IA 922,IA 922/1ST AVE W,Collision with:  Vehicle in traffic,On Roadway,Rear-end (front to rear),Driver Distraction:  Reaching for object(s)/fallen object(s),Under Influence of Alcohol/Drugs/Medications,,Daylight,Dry,Clear,None apparent,Non-intersection:  Other non-intersection (explain in narrative),Paved,,Property Damage Only,0,0,0,0,0,0,1500,2,2,,POINT (-91.672515937358 41.976830875343)
2014825401,20140033119,11/06/2014,11-November,5-Thursday,11:45,1100 Hours,District 1 (Central),DES MOINES,POLK,US 6,US 6/E EUCLID AVE,Collision with:  Vehicle in traffic,On Roadway,Rear-end (front to rear),FTYROW:  Other (explain in narrative),None Indicated,,Daylight,Dry,Clear,None apparent,Non-intersection:  Non-junction/no special feature,Paved,,Possible/Unknown,0,1,0,0,1,0,6000,2,3,,POINT (-93.586875771125 41.627746422568)
2014826258,N14000594,11/06/2014,11-November,5-Thursday,20:47,2000 Hours,District 6 (East Central),NORTH LIBERTY,JOHNSON,,CHERRY ST & HWY 965 & W CHERRY ST,Collision with:  Vehicle in traffic,On Roadway,"Angle, oncoming left turn",Made improper turn,None Indicated,,Dark - roadway lighted,Dry,Clear,None apparent,Intersection:  Four-way intersection,Paved,,Property Damage Only,0,0,0,0,0,0,5000,2,3,,POINT (-91.607598647125 41.749410955303)
2014826074,2014-77454,11/06/2014,11-November,5-Thursday,17:32,1700 Hours,District 6 (East Central),DAVENPORT,SCOTT,,E 53RD ST & LAKEVIEW PKWY,Collision with:  Vehicle in traffic,On Roadway,Unknown,Ran Stop Sign,None Indicated,,Dark - roadway lighted,Dry,Clear,None apparent,Intersection:  Other intersection (explain in narrative),Paved,,Property Damage Only,0,0,0,0,0,0,7000,2,4,,POINT (-90.506895172541 41.575039975457)
2014825603,14-36822,11/06/2014,11-November,5-Thursday,15:30,1500 Hours,District 3 (Northwest),SIOUX CITY,WOODBURY,,S MAPLE ST,Collision with:  Parked motor vehicle,On Roadway,"Sideswipe, same direction",Unknown,None Indicated,,Daylight,Dry,Clear,None apparent,Non-intersection:  Non-junction/no special feature,Paved,,Property Damage Only,0,0,0,0,0,0,3500,2,2,,POINT (-96.33951080706 42.46971773531)
2014828186,14001304,11/06/2014,11-November,5-Thursday,17:47,1700 Hours,District 1 (Central),,STORY,IA 210,IA 210/IOWA 210,Collision with:  Vehicle in traffic,On Roadway,Rear-end (front to rear),Swerving/Evasive Action,None Indicated,,Dusk,Dry,Clear,None apparent,Non-intersection:  Non-junction/no special feature,Paved,,Possible/Unknown,0,2,0,0,2,0,31000,2,2,,POINT (-93.548977759511 41.877788089802)
2014825956,2014-039405,11/06/2014,11-November,5-Thursday,13:50,1300 Hours,District 6 (East Central),DUBUQUE,DUBUQUE,,ELIZABETH PL & COX ST,Collision with:  Vehicle in traffic,On Roadway,"Angle, oncoming left turn",FTYROW:  Making left turn,None Indicated,,Daylight,Dry,Cloudy,None apparent,Non-intersection:  Driveway access (within),Paved,,Minor Injury,0,2,0,2,0,0,4800,2,3,,POINT (-90.680144466039 42.506970779131)
2014825952,2014-039392,11/06/2014,11-November,5-Thursday,08:21,0800 Hours,District 6 (East Central),DUBUQUE,DUBUQUE,,WHITE ST,Collision with:  Vehicle in traffic,On Roadway,"Sideswipe, same direction",FTYROW:  Other (explain in narrative),None Indicated,,Daylight,Dry,Cloudy,None apparent,Non-intersection:  Non-junction/no special feature,Paved,,Property Damage Only,0,0,0,0,0,0,2000,2,4,,POINT (-90.663967534312 42.501464008351)
2014825476,14-006615,11/06/2014,11-November,5-Thursday,07:45,0700 Hours,District 3 (Northwest),,OBRIEN,US 59,US 59/TANAGER AVE & 490TH ST,Collision with:  Vehicle in traffic,On Roadway,"Angle, oncoming left turn",Swerving/Evasive Action,None Indicated,,Daylight,Dry,Clear,None apparent,Intersection:  Four-way intersection,Paved,,Property Damage Only,0,0,0,0,0,0,8393,2,2,,POINT (-95.544431536693 42.939142587397)
2014825666,14112057,11/06/2014,11-November,5-Thursday,15:12,1500 Hours,District 4 (Southwest),CLARINDA,PAGE,US 71,US 71 & IA 2/IOWA 2 & S 16TH ST,Collision with:  Vehicle in traffic,On Roadway,Broadside (front to side),Unknown,None Indicated,,Daylight,Dry,Cloudy,None apparent,Intersection:  Four-way intersection,Paved,,Possible/Unknown,0,1,0,0,1,0,7000,3,4,,POINT (-95.037851653888 40.725878591841)
2014825668,14-21752,11/06/2014,11-November,5-Thursday,17:22,1700 Hours,District 6 (East Central),BETTENDORF,SCOTT,,DEVILS GLEN RD,Collision with:  Vehicle in traffic,On Roadway,Rear-end (front to rear),Followed too close,None Indicated,,Dark - roadway lighted,Dry,Clear,None apparent,Non-intersection:  Driveway access (within),Paved,,Property Damage Only,0,0,0,0,0,0,7500,2,2,,POINT (-90.483576089859 41.5500975699)
2014828653,391114-2490,11/06/2014,11-November,5-Thursday,06:47,0600 Hours,District 4 (Southwest),,GUTHRIE,IA 44,IA 44/IOWA 44,Collision with:  Vehicle in traffic,On Roadway,"Sideswipe, opposite direction",Crossed centerline (undivided),None Indicated,,Daylight,Dry,Cloudy,None apparent,Non-intersection:  Non-junction/no special feature,Paved,,Possible/Unknown,0,1,0,0,1,0,9000,2,2,,POINT (-94.602475748446 41.674240602553)
2014826406,14-001645,11/06/2014,11-November,5-Thursday,17:27,1700 Hours,District 1 (Central),AMES,STORY,,HAWTHORN CT DR & WANDA DALEY DR & STANGE RD,Collision with:  Vehicle in traffic,On Roadway,Rear-end (front to rear),Other (explain in narrative):  Other,None Indicated,,Dusk,Dry,Clear,None apparent,Non-intersection:  Non-junction/no special feature,Paved,,Property Damage Only,0,0,0,0,0,0,2700,2,2,,POINT (-93.644732349264 42.033862492941)
2014826075,2014-77485,11/06/2014,11-November,5-Thursday,20:47,2000 Hours,District 6 (East Central),DAVENPORT,SCOTT,,W 56TH ST & NORTHWEST BLVD,Collision with:  Vehicle in traffic,On Roadway,Rear-end (front to rear),Unknown,None Indicated,,Dark - roadway lighted,Dry,Clear,None apparent,Intersection:  T-intersection,Paved,,Possible/Unknown,0,1,0,0,1,0,5000,2,2,,POINT (-90.595398875373 41.57761055391)
2014836096,14-07643,11/06/2014,11-November,5-Thursday,07:51,0700 Hours,District 2 (Northeast),OELWEIN,FAYETTE,IA 3,IA 3/1ST AVE NE/CHARLES ST E & IA 150/1ST AVE SE,Collision with:  Vehicle in traffic,On Roadway,Broadside (front to side),Ran Traffic Signal,None Indicated,,Daylight,Dry,Clear,None apparent,Intersection:  Four-way intersection,Paved,,Property Damage Only,0,0,0,0,0,0,6000,2,5,,POINT (-91.911944689144 42.678512517534)
2014825655,14-3564,11/06/2014,11-November,5-Thursday,07:45,0700 Hours,District 1 (Central),FORT DODGE,WEBSTER,,KENYON RD,Collision with:  Vehicle in traffic,On Roadway,Rear-end (front to rear),Driver Distraction:  Passenger,None Indicated,,Daylight,Dry,Clear,None apparent,Non-intersection:  Non-junction/no special feature,Paved,,Property Damage Only,0,0,0,0,0,0,6000,2,3,,POINT (-94.188611423661 42.49500610643)
2014830524,14212,11/06/2014,11-November,5-Thursday,15:36,1500 Hours,District 5 (Southeast),PELLA,MARION,,E UNIVERSITY ST & E 9TH ST,Collision with:  Vehicle in traffic,On Roadway,Rear-end (front to rear),Driver Distraction:  Passenger,None Indicated,,Daylight,Dry,Clear,None apparent,Non-intersection:  Non-junction/no special feature,Paved,,Property Damage Only,0,0,0,0,0,0,2000,2,3,,POINT (-92.902955769875 41.400225675766)
2014825437,2014062308,11/06/2014,11-November,5-Thursday,06:58,0600 Hours,District 4 (Southwest),,GUTHRIE,IA 141,IA 141/IOWA 141,Collision with:  Animal,,,Animal,None Indicated,,,,,,,Paved,,Property Damage Only,0,0,0,0,0,0,6500,1,1,,POINT (-94.475500487337 41.849221093195)
2014826826,201416683,11/06/2014,11-November,5-Thursday,17:35,1700 Hours,District 6 (East Central),CEDAR RAPIDS,LINN,,42ND ST NE,Collision with:  Vehicle in traffic,On Roadway,Rear-end (front to rear),Followed too close,None Indicated,,Dark - roadway lighted,Dry,Clear,None apparent,Non-intersection:  Non-junction/no special feature,Paved,,Property Damage Only,0,0,0,0,0,0,4000,2,3,,POINT (-91.666562500294 42.021496704716)
2014829553,14-16577,11/06/2014,11-November,5-Thursday,21:43,2100 Hours,District 6 (East Central),,JACKSON,,Co Rd Y31/BERNARD RD,Collision with fixed object:  Ditch,Outside trafficway,Non-collision (single vehicle),Ran off road - right,Refused,,Dark - roadway not lighted,Dry,Clear,None apparent,Non-intersection:  Non-junction/no special feature,Paved,,Property Damage Only,0,0,0,0,0,0,1500,1,1,,POINT (-90.828627734039 42.293246849654)
2014825586,14-7367,11/06/2014,11-November,5-Thursday,21:01,2100 Hours,District 1 (Central),,POLK,,NW MADRID DR,Collision with:  Animal,,,Animal,None Indicated,,,,,,,Paved,,Property Damage Only,0,0,0,0,0,0,3000,1,1,,POINT (-93.782200851846 41.833338841656)
2014825682,148561,11/06/2014,11-November,5-Thursday,23:27,2300 Hours,District 4 (Southwest),,DALLAS,I-80,I-80,Collision with:  Vehicle in traffic,On Roadway,Rear-end (front to rear),Unknown,None Indicated,,Dark - roadway not lighted,Dry,Clear,None apparent,Non-intersection:  Non-junction/no special feature,Paved,,Property Damage Only,0,0,0,0,0,0,7000,2,4,,POINT (-94.082516907523 41.519078989856)
2014825576,14-009346,11/06/2014,11-November,5-Thursday,17:26,1700 Hours,District 2 (Northeast),,CLAYTON,,Co Rd X21/LITTLEPORT RD,Collision with:  Animal,On Roadway,Non-collision (single vehicle),Animal,None Indicated,,,,,,,Paved,,Property Damage Only,0,0,0,0,0,0,5000,1,1,,POINT (-91.412719634987 42.708919100717)
2014831732,032-105-14,11/06/2014,11-November,5-Thursday,07:53,0700 Hours,District 3 (Northwest),ESTHERVILLE,EMMET,IA 9,IA 9/CENTRAL AVE & S 7TH ST & N 7TH ST,Collision with:  Vehicle in traffic,On Roadway,Rear-end (front to rear),Other (explain in narrative):  Other,None Indicated,,Daylight,Dry,Clear,None apparent,Intersection:  Four-way intersection,Paved,,Possible/Unknown,0,1,0,0,1,0,6000,2,2,,POINT (-94.835351224454 43.401985189828)
2014825572,W14-110323,11/06/2014,11-November,5-Thursday,14:20,1400 Hours,District 2 (Northeast),WATERLOO,BLACK HAWK,,E RIDGEWAY AVE & RANDOLPH ST,Collision with:  Vehicle in traffic,On Roadway,Rear-end (front to rear),Unknown,None Indicated,,Daylight,Dry,Clear,None apparent,Intersection:  T-intersection,Paved,,Property Damage Only,0,0,0,0,0,0,4500,2,3,,POINT (-92.338202109424 42.46938686158)
2014825647,2014012481,11/06/2014,11-November,5-Thursday,17:04,1700 Hours,District 6 (East Central),IOWA CITY,JOHNSON,IA 1,IA 1/IOWA 1,Collision with:  Vehicle in traffic,On Roadway,Rear-end (front to rear),Other (explain in narrative):  Other,None Indicated,,Dark - roadway not lighted,Dry,Clear,None apparent,Non-intersection:  Non-junction/no special feature,Paved,,Property Damage Only,0,0,0,0,0,0,2500,2,2,,POINT (-91.564167177303 41.63655227705)
2014826398,14-005248,11/06/2014,11-November,5-Thursday,16:02,1600 Hours,District 1 (Central),AMES,STORY,US 69,US 69/GRAND AVE & 24TH ST & E 24TH ST & DUFF AVE,Collision with:  Vehicle in traffic,On Roadway,Broadside (front to side),FTYROW:  From stop sign,None Indicated,,Daylight,Dry,Cloudy,None apparent,Intersection:  Four-way intersection,Paved,,Possible/Unknown,0,2,0,0,2,0,3100,3,4,,POINT (-93.614136569018 42.045729788383)
2014825674,14-21732,11/06/2014,11-November,5-Thursday,14:09,1400 Hours,District 6 (East Central),BETTENDORF,SCOTT,,CALVERT ST & KIMBERLY RD,Collision with:  Vehicle in traffic,On Roadway,"Sideswipe, same direction",Made improper turn,None Indicated,,Daylight,Dry,Cloudy,None apparent,Intersection:  T-intersection,Paved,,Property Damage Only,0,0,0,0,0,0,1700,2,2,,POINT (-90.513429052636 41.529150149521)
2014827706,1403037,11/06/2014,11-November,5-Thursday,12:17,1200 Hours,District 5 (Southeast),BLOOMFIELD,DAVIS,,SWANSEE AVE & WEST ST,Collision with:  Vehicle in traffic,On Roadway,Rear-end (front to rear),Driver Distraction:  Reaching for object(s)/fallen object(s),None Indicated,,Daylight,Dry,Cloudy,None apparent,Intersection:  T-intersection,Paved,,Property Damage Only,0,0,0,0,0,0,2400,2,2,,POINT (-92.419163450994 40.756093993056)
2014828169,14-027343,11/06/2014,11-November,5-Thursday,06:07,0600 Hours,District 5 (Southeast),,MARION,IA 163,IA 163/IOWA 163,Non-collision events:  Overturn/rollover,Shoulder,Non-collision (single vehicle),Swerving/Evasive Action,None Indicated,,Dawn,Dry,Cloudy,None apparent,Non-intersection:  Non-junction/no special feature,Paved,,Property Damage Only,0,0,0,0,0,0,5000,1,1,,POINT (-93.034400301944 41.457972927069)
2014825397,20140033115,11/06/2014,11-November,5-Thursday,10:30,1000 Hours,District 1 (Central),DES MOINES,POLK,,FREMONT ST & E 13TH ST,Collision with:  Parked motor vehicle,On Roadway,Unknown,Other (explain in narrative):  Other,None Indicated,,Daylight,Dry,Clear,None apparent,Non-intersection:  Non-junction/no special feature,Paved,,Property Damage Only,0,0,0,0,0,0,1500,2,1,,POINT (-93.602876589938 41.599200816959)
2014825955,2014-039401,11/06/2014,11-November,5-Thursday,13:06,1300 Hours,District 6 (East Central),DUBUQUE,DUBUQUE,,LORAS BLVD & ALGONA ST N,Collision with:  Vehicle in traffic,On Roadway,"Angle, oncoming left turn",FTYROW:  From stop sign,None Indicated,,Daylight,Dry,Cloudy,None apparent,Intersection:  Four-way intersection,Paved,,Possible/Unknown,0,2,0,0,2,0,7500,2,3,,POINT (-90.691565320541 42.499574086903)
2014826145,2014-24142,11/06/2014,11-November,5-Thursday,17:40,1700 Hours,District 5 (Southeast),,WARREN,,Co Rd R63/105TH AVE,Collision with:  Animal,,Non-collision (single vehicle),Animal,None Indicated,,,,,,,Paved,,Property Damage Only,0,0,0,0,0,0,2000,1,1,,POINT (-93.606549304591 41.370663377092)
2014826971,W14-110365,11/06/2014,11-November,5-Thursday,16:26,1600 Hours,District 2 (Northeast),WATERLOO,BLACK HAWK,,BYRNBRAE ST & ANSBOROUGH AVE,Collision with:  Vehicle in traffic,On Roadway,Rear-end (front to rear),Followed too close,None Indicated,,Daylight,Dry,Clear,Work Zone (roadway-related),Intersection:  T-intersection,Paved,Yes,Property Damage Only,0,0,0,0,0,0,3500,2,2,,POINT (-92.376810662984 42.475664242524)
2014836349,,11/06/2014,11-November,5-Thursday,18:10,1800 Hours,District 2 (Northeast),DECORAH,WINNESHIEK,IA 9,IA 9/IOWA 9,Collision with:  Animal,On Roadway,Non-collision (single vehicle),Animal,None Indicated,,Dark - roadway not lighted,Dry,Unknown,None apparent,Non-intersection:  Non-junction/no special feature,Paved,,Property Damage Only,0,0,0,0,0,0,1500,1,2,,POINT (-91.801499575715 43.291603264853)
2014825937,14-2481,11/06/2014,11-November,5-Thursday,07:55,0700 Hours,District 1 (Central),URBANDALE,POLK,,DOUGLAS AVE,Collision with:  Vehicle in traffic,On Roadway,Rear-end (front to rear),Driving too fast for conditions,None Indicated,,Daylight,Dry,Cloudy,None apparent,Non-intersection:  Non-junction/no special feature,Paved,,Possible/Unknown,0,1,0,0,1,0,5500,3,5,,POINT (-93.775265320525 41.629458492686)
2014825838,20141064,11/06/2014,11-November,5-Thursday,20:50,2000 Hours,District 6 (East Central),MOUNT VERNON,LINN,US 30,US 30 & IA 1/S 1ST AVE,Collision with:  Vehicle in traffic,On Roadway,Broadside (front to side),FTYROW:  From yield sign,None Indicated,,Dark - roadway lighted,Dry,Clear,None apparent,Intersection:  Four-way intersection,Paved,,Property Damage Only,0,0,0,0,0,0,10000,2,2,,POINT (-91.423032282927 41.916069526685)
2014831417,2014062300,11/06/2014,11-November,5-Thursday,06:57,0600 Hours,District 4 (Southwest),,ADAIR,I-80,I-80,Collision with:  Animal,,,Animal,None Indicated,,,,,,,Paved,,Property Damage Only,0,0,0,0,0,0,5000,1,1,,POINT (-94.380275846019 41.496065720387)
2014825865,14046517,11/06/2014,11-November,5-Thursday,14:13,1400 Hours,District 5 (Southeast),MUSCATINE,MUSCATINE,,W 6TH ST & E 6TH ST & IOWA AVE,Collision with:  Vehicle in traffic,On Roadway,"Sideswipe, same direction",Lost Control,None Indicated,,Daylight,Dry,Cloudy,None apparent,Non-intersection:  Non-junction/no special feature,Paved,,Property Damage Only,0,0,0,0,0,0,5000,3,2,,POINT (-91.048806642021 41.424495014096)
2014825670,14-39877,11/06/2014,11-November,5-Thursday,16:42,1600 Hours,District 5 (Southeast),BURLINGTON,DES MOINES,US 61,US 61 & MARKET ST,Collision with:  Vehicle in traffic,On Roadway,Rear-end (front to rear),Followed too close,None Indicated,,Daylight,Dry,Cloudy,None apparent,Intersection:  Four-way intersection,Paved,,Property Damage Only,0,0,0,0,0,0,2500,2,2,,POINT (-91.141462055565 40.810823925088)
2014825398,20140033099,11/06/2014,11-November,5-Thursday,02:00,0200 Hours,District 1 (Central),DES MOINES,POLK,,E DOUGLAS AVE,Collision with fixed object:  Mailbox,Outside trafficway,Non-collision (single vehicle),Ran off road - right,None Indicated,,Dark - roadway lighted,Unknown,Unknown,None apparent,Non-intersection:  Non-junction/no special feature,Paved,,Property Damage Only,0,0,0,0,0,0,1650,1,1,,POINT (-93.538439136812 41.629586785579)
2014825589,20140033181,11/06/2014,11-November,5-Thursday,22:57,2200 Hours,District 1 (Central),DES MOINES,POLK,US 69,US 69/PROPOSED E 15TH & E COURT AVE & E 15TH ST,Collision with:  Vehicle in traffic,On Roadway,Rear-end (front to rear),"Operating vehicle in an reckless, erratic, careless, negligent manner",Alcohol (Statutory),,Dark - roadway lighted,Dry,Clear,None apparent,Intersection:  Four-way intersection,Paved,,Possible/Unknown,0,1,0,0,1,0,2000,2,2,,POINT (-93.594413888094 41.589724222396)
2014832300,14046535,11/06/2014,11-November,5-Thursday,15:58,1500 Hours,District 5 (Southeast),,MUSCATINE,,Co Rd X61/STEWART RD,Non-collision events:  Overturn/rollover,On Roadway,Non-collision (single vehicle),Swerving/Evasive Action,None Indicated,,Daylight,Dry,Clear,None apparent,Non-intersection:  Non-junction/no special feature,Paved,,Minor Injury,0,1,0,1,0,0,5200,1,1,,POINT (-91.10952266398 41.343275062024)
2014825608,14-36858,11/06/2014,11-November,5-Thursday,23:56,2300 Hours,District 3 (Northwest),SIOUX CITY,WOODBURY,IA 12,IA 12/RIVERSIDE BLVD,Collision with:  Animal,,,Animal,None Indicated,,,,,,,Paved,,Property Damage Only,0,0,0,0,0,0,3500,1,1,,POINT (-96.471630037868 42.503489156862)