Iowa DOT Case Number,Law Enforcement Case Number,Date of Crash,Month of Crash,Day of Week,Time of Crash,Hour,DOT District,City Name,County Name,Route with System,Location Description,First Harmful Event,Location of First Harmful Event,Manner of Crash/Collision,Major Cause,Drug or Alcohol ,Environmental Conditions,Light Conditions,Surface Conditions,Weather Conditions,Roadway Contribution,Roadway Type,Roadway Surface,Work Zone,Crash Severity,Number of Fatalities,Number of Injuries,Number of Major Injuries,Number of Minor Injuries,Number of Possible Injuries,Number of Unknown Injuries,Amount of Property Damage,Number of Vehicles Involved,Total Number of Occupants,Travel Direction,Location
2014826136,14-013632,11/07/2014,11-November,6-Friday,05:09,0500 Hours,District 1 (Central),,TAMA,US 30,US 30,Collision with:  Animal,,Non-collision (single vehicle),Animal,None Indicated,,,,,,,Paved,,Property Damage Only,0,0,0,0,0,0,6500,1,1,,POINT (-92.656408208285 41.998817283614)
2014826654,,11/07/2014,11-November,6-Friday,18:02,1800 Hours,District 4 (Southwest),,AUDUBON,,Co Rd F24/150 ST & LARK AVE,Non-collision events:  Overturn/rollover,Shoulder,Non-collision (single vehicle),Ran off road - right,None Indicated,,Dark - unknown roadway lighting,"Mud, dirt",Clear,Unknown,Non-intersection:  Non-junction/no special feature,Unpaved,,Property Damage Only,0,0,0,0,0,0,50000,1,1,,POINT (-94.879420162023 41.791236301425)
2014826056,2014062467,11/07/2014,11-November,6-Friday,00:30,0000 Hours,District 4 (Southwest),,CASS,I-80,I-80,Collision with:  Animal,,,Animal,None Indicated,,,,,,,Paved,,Property Damage Only,0,0,0,0,0,0,5000,1,1,,POINT (-95.126534510431 41.497988840034)
2014825618,2014-22760,11/07/2014,11-November,6-Friday,05:35,0500 Hours,District 6 (East Central),,SCOTT,,275 ST & 130 AVE,Collision with:  Animal,,,Animal,None Indicated,,,,,,,Paved,,Property Damage Only,0,0,0,0,0,0,2500,1,1,,POINT (-90.646105474121 41.705712697157)
2014826927,14-017582,11/07/2014,11-November,6-Friday,15:03,1500 Hours,District 2 (Northeast),CHARLES CITY,FLOYD,US 18,US 18/S GRAND AVE/NE RAMP/NW RAMP,Collision with:  Vehicle in traffic,On Roadway,Broadside (front to side),Ran Stop Sign,None Indicated,,Daylight,Dry,Clear,None apparent,Interchange-related:  On-ramp merge area,Paved,,Minor Injury,0,1,0,1,0,0,5000,2,2,,POINT (-92.672620653178 43.039642133218)
2014828293,4514-048,11/07/2014,11-November,6-Friday,19:10,1900 Hours,District 2 (Northeast),,HOWARD,US 63,US 63,Collision with:  Animal,,Non-collision (single vehicle),Animal,None Indicated,,,,,,,Paved,,Property Damage Only,0,0,0,0,0,0,2000,1,1,,POINT (-92.298583761541 43.409746747889)
2014827011,14-36913,11/07/2014,11-November,6-Friday,13:08,1300 Hours,District 3 (Northwest),SIOUX CITY,WOODBURY,IA 376,IA 376/SINGING HILLS BLVD & S YORK ST,Collision with:  Vehicle in traffic,On Roadway,"Angle, oncoming left turn",FTYROW:  Making left turn,None Indicated,,Daylight,Dry,Cloudy,None apparent,Intersection:  Four-way intersection,Paved,,Property Damage Only,0,0,0,0,0,0,5000,2,2,,POINT (-96.372374907982 42.434861269889)
2014825633,14001305,11/07/2014,11-November,6-Friday,06:02,0600 Hours,District 1 (Central),,STORY,,Co Rd E41/LINCOLN HWY,Collision with:  Animal,On Roadway,Non-collision (single vehicle),Animal,None Indicated,,Dark - roadway not lighted,Dry,Clear,None apparent,Non-intersection:  Non-junction/no special feature,Paved,,Property Damage Only,0,0,0,0,0,0,3000,1,1,,POINT (-93.544560922989 42.0230962226)
2014826013,201416712,11/07/2014,11-November,6-Friday,12:35,1200 Hours,District 6 (East Central),CEDAR RAPIDS,LINN,IA 100,IA 100/COLLINS RD NE,Collision with:  Vehicle in traffic,On Roadway,Rear-end (front to rear),Driver Distraction:  Reaching for object(s)/fallen object(s),None Indicated,,Daylight,Dry,Clear,None apparent,Non-intersection:  Non-junction/no special feature,Paved,,Property Damage Only,0,0,0,0,0,0,12000,3,3,,POINT (-91.628682002661 42.027796088494)
2014829084,2014062543,11/07/2014,11-November,6-Friday,12:30,1200 Hours,District 1 (Central),,JASPER,I-80,I-80,Collision with:  Vehicle in traffic,On Roadway,"Sideswipe, same direction",Crossed centerline (undivided),None Indicated,,Daylight,Dry,Cloudy,None apparent,Non-intersection:  Non-junction/no special feature,Paved,,Property Damage Only,0,0,0,0,0,0,3800,2,3,,POINT (-92.813535693332 41.695233099691)
2014825901,14-047366,11/07/2014,11-November,6-Friday,16:53,1600 Hours,District 4 (Southwest),COUNCIL BLUFFS,POTTAWATTAMIE,US 6,US 6/W BROADWAY,Collision with:  Vehicle in traffic,On Roadway,Rear-end (front to rear),Other (explain in narrative):  Other,None Indicated,,Dusk,Dry,Cloudy,None apparent,Non-intersection:  Non-junction/no special feature,Paved,,Property Damage Only,0,0,0,0,0,0,2000,2,3,,POINT (-95.865647368981 41.261908097227)
2014829704,2014-6557,11/07/2014,11-November,6-Friday,22:13,2200 Hours,District 1 (Central),,HARDIN,,Y AVE,Non-collision events:  Other non-collision (explain in narrative),On Roadway,Non-collision (single vehicle),Other (explain in narrative):  No improper action,None Indicated,,Dark - roadway not lighted,Dry,Severe winds,None apparent,Non-intersection:  Non-junction/no special feature,Unpaved,,Property Damage Only,0,0,0,0,0,0,13000,1,1,,POINT (-93.030049024786 42.245510532854)
2014826516,1400000980,11/07/2014,11-November,6-Friday,20:04,2000 Hours,District 1 (Central),,MARSHALL,IA 14,IA 14/SANFORD AVE,Collision with:  Animal,,,Animal,None Indicated,,,,,,,Paved,,Property Damage Only,0,0,0,0,0,0,2000,1,1,,POINT (-92.908221301597 42.074680106503)
2014825900,14-047342,11/07/2014,11-November,6-Friday,14:50,1400 Hours,District 4 (Southwest),COUNCIL BLUFFS,POTTAWATTAMIE,,S 24TH ST,Collision with:  Vehicle in traffic,On Roadway,Rear-end (front to rear),Followed too close,None Indicated,,Daylight,Dry,Clear,None apparent,Intersection:  Four-way intersection,Paved,,Minor Injury,0,3,0,3,0,0,6000,2,3,,POINT (-95.879211725809 41.229434748904)
2014828915,2014062542,11/07/2014,11-November,6-Friday,12:10,1200 Hours,District 1 (Central),,POLK,,RANGE RD & MAINTENANCE DR,Collision with:  Vehicle in traffic,On Roadway,Rear-end (front to rear),Traveling wrong way or on wrong side of road,None Indicated,,Daylight,Dry,Clear,None apparent,Non-intersection:  Non-junction/no special feature,Paved,,Property Damage Only,0,0,0,0,0,0,2000,2,3,,POINT (-93.718078198893 41.699157701623)
2014828459,14-005257,11/07/2014,11-November,6-Friday,07:44,0700 Hours,District 1 (Central),AMES,STORY,US 30,US 30,Collision with:  Animal,,,Animal,None Indicated,,,,,,,Paved,,Property Damage Only,0,0,0,0,0,0,3000,1,1,,POINT (-93.648157982815 42.004787983099)
2014825675,14-39988,11/07/2014,11-November,6-Friday,12:51,1200 Hours,District 5 (Southeast),BURLINGTON,DES MOINES,,MT PLEASANT ST,Collision with:  Vehicle in traffic,On Roadway,"Angle, oncoming left turn",Exceeded authorized speed,None Indicated,,Daylight,Dry,Clear,None apparent,Non-intersection:  Non-junction/no special feature,Paved,,Minor Injury,0,1,0,1,0,0,4000,2,2,,POINT (-91.1196823198 40.819253540255)
2014828405,S79140359,11/07/2014,11-November,6-Friday,17:06,1700 Hours,District 1 (Central),,POWESHIEK,,Co Rd F46/EWART RD,Collision with:  Animal,,Non-collision (single vehicle),Animal,None Indicated,,,,,,,Paved,,Property Damage Only,0,0,0,0,0,0,5000,1,1,,POINT (-92.649692447306 41.654642514785)
2014825976,20144088,11/07/2014,11-November,6-Friday,18:24,1800 Hours,District 1 (Central),,GRUNDY,,Co Rd T55/U AVE,Collision with:  Animal,,,Animal,None Indicated,,,,,,,Paved,,Property Damage Only,0,0,0,0,0,0,2000,1,1,,POINT (-92.631782870256 42.448110143378)
2014826566,03145,11/07/2014,11-November,6-Friday,16:42,1600 Hours,District 6 (East Central),DYERSVILLE,DUBUQUE,IA 136,IA 136/9TH ST SE & 13TH AVE SE,Collision with:  Vehicle in traffic,On Roadway,Rear-end (front to rear),Followed too close,None Indicated,,Dusk,Dry,Clear,None apparent,Non-intersection:  Non-junction/no special feature,Paved,,Property Damage Only,0,0,0,0,0,0,7500,2,2,,POINT (-91.11424902615 42.47422577565)
2014828170,14-027479,11/07/2014,11-November,6-Friday,17:26,1700 Hours,District 5 (Southeast),,MARION,,Co Rd T25/HWY T25,Collision with:  Animal,,Non-collision (single vehicle),Animal,None Indicated,,,,,,,Paved,,Property Damage Only,0,0,0,0,0,0,2500,1,1,,POINT (-92.885071741945 41.297854831018)
2014825702,W14-110692,11/07/2014,11-November,6-Friday,16:25,1600 Hours,District 2 (Northeast),WATERLOO,BLACK HAWK,US 63,US 63/LOGAN AVE & W DALE ST & E DALE ST,Collision with:  Vehicle in traffic,On Roadway,"Angle, oncoming left turn",Other (explain in narrative):  Vision obstructed,None Indicated,,Daylight,Dry,Clear,Work Zone (roadway-related),Intersection:  Four-way intersection,Paved,Yes,Possible/Unknown,0,3,0,0,3,0,10000,2,3,,POINT (-92.33763182944 42.525751057303)
2014830065,14-063,11/07/2014,11-November,6-Friday,17:30,1700 Hours,District 3 (Northwest),KNIERIM,CALHOUN,,Co Rd P19/XENIA AVE & 240TH ST,Non-collision events:  Overturn/rollover,Median,Non-collision (single vehicle),FTYROW:  Other (explain in narrative),None Indicated,,Daylight,Dry,Cloudy,"Shoulders (none, low, soft, high)",Non-intersection:  Non-junction/no special feature,Paved,,Property Damage Only,0,0,0,0,0,0,10000,1,1,,POINT (-94.455880630163 42.441868618811)
2014825745,14-7403,11/07/2014,11-November,6-Friday,21:51,2100 Hours,District 1 (Central),GRIMES,POLK,IA 44,IA 44/1ST ST,Collision with fixed object:  Utility pole/light support,Outside trafficway,Non-collision (single vehicle),Unknown,None Indicated,,Dark - roadway lighted,Dry,Clear,None apparent,Non-intersection:  Non-junction/no special feature,Paved,,Property Damage Only,0,0,0,0,0,0,5000,1,1,,POINT (-93.796351532659 41.688364903005)
2014825898,14-017602,11/07/2014,11-November,6-Friday,21:29,2100 Hours,District 2 (Northeast),CHARLES CITY,FLOYD,US 18,US 18,Collision with:  Animal,,,Animal,None Indicated,,,,,,,Paved,,Property Damage Only,0,0,0,0,0,0,5000,1,1,,POINT (-92.716896014639 43.073024668185)
2014826957,2014-6371,11/07/2014,11-November,6-Friday,23:52,2300 Hours,District 2 (Northeast),,HANCOCK,,Co Rd R68/VAIL AVE,Non-collision events:  Overturn/rollover,Shoulder,Non-collision (single vehicle),Ran off road - left,None Indicated,,Dark - roadway not lighted,Dry,Severe winds,None apparent,Non-intersection:  Non-junction/no special feature,Paved,,Possible/Unknown,0,1,0,0,1,0,6000,1,1,,POINT (-93.556876011324 43.02865192422)
2014826167,167-14,11/07/2014,11-November,6-Friday,19:05,1900 Hours,District 3 (Northwest),ROCK VALLEY,SIOUX,US 18,US 18/10TH ST,Collision with:  Vehicle in traffic,On Roadway,Broadside (front to side),FTYROW:  From stop sign,None Indicated,,Dark - roadway not lighted,Dry,Clear,None apparent,Intersection:  Four-way intersection,Paved,,Possible/Unknown,0,1,0,0,1,0,10000,2,2,,POINT (-96.304968754203 43.199943409198)
2014827743,2014-77544,11/07/2014,11-November,6-Friday,04:31,0400 Hours,District 6 (East Central),DAVENPORT,SCOTT,,W 35TH ST & MARQUETTE ST,Collision with fixed object:  Utility pole/light support,Outside trafficway,Non-collision (single vehicle),Exceeded authorized speed,Refused,,Dark - roadway lighted,Dry,Clear,None apparent,Intersection:  Four-way intersection,Paved,,Minor Injury,0,1,0,1,0,0,11700,1,1,,POINT (-90.591058524491 41.555625128373)
2014825816,14-009615,11/07/2014,11-November,6-Friday,04:55,0400 Hours,District 6 (East Central),MANCHESTER,DELAWARE,,Co Rd D5X/JEFFERSON RD,Collision with:  Animal,,,Animal,None Indicated,,,,,,,Paved,,Property Damage Only,0,0,0,0,0,0,2500,1,1,,POINT (-91.422344818972 42.466247217912)
2014826076,2014-77591,11/07/2014,11-November,6-Friday,11:57,1100 Hours,District 6 (East Central),DAVENPORT,SCOTT,,,Collision with:  Vehicle in traffic,On Roadway,Broadside (front to side),FTYROW:  From driveway,None Indicated,,Daylight,Dry,Cloudy,None apparent,Non-intersection:  Driveway access (within),,,Property Damage Only,0,0,0,0,0,0,3500,2,2,,POINT (-96.643700149993 40.233091251414)
2014826870,14-34581,11/07/2014,11-November,6-Friday,17:56,1700 Hours,District 5 (Southeast),FORT MADISON,LEE,US 61,US 61/US 61 SE RAMP/US 61 SW RAMP & BUS US 61,Collision with:  Animal,,,Animal,None Indicated,,,,,,,Paved,,Property Damage Only,0,0,0,0,0,0,4500,1,1,,POINT (-91.271973718136 40.669292057077)
2014826840,201400004068,11/07/2014,11-November,6-Friday,00:30,0000 Hours,District 6 (East Central),HIAWATHA,LINN,I-380,I-380,Collision with:  Animal,,,Animal,None Indicated,,,,,,,Paved,,Property Damage Only,0,0,0,0,0,0,3000,1,1,,POINT (-91.701207222301 42.080029961215)
2014825796,20140033272,11/07/2014,11-November,6-Friday,18:18,1800 Hours,District 1 (Central),DES MOINES,POLK,US 69,US 69/SE 14TH ST,Collision with:  Vehicle in traffic,On Roadway,"Sideswipe, same direction",Unknown,None Indicated,,Dark - roadway lighted,Dry,Clear,None apparent,Non-intersection:  Non-junction/no special feature,Paved,,Property Damage Only,0,0,0,0,0,0,1500,2,3,,POINT (-93.59683528861 41.55039487974)
2014825846,14-21715,11/07/2014,11-November,6-Friday,18:02,1800 Hours,District 2 (Northeast),,BREMER,US 218,US 218,Collision with:  Animal,,,Animal,None Indicated,,,,,,,Paved,,Property Damage Only,0,0,0,0,0,0,5000,1,1,,POINT (-92.530875691199 42.695273370878)
2014825725,14-8168,11/07/2014,11-November,6-Friday,17:50,1700 Hours,District 3 (Northwest),,IDA,,Co Rd M25/MARKET AVE & 170TH ST,Collision with:  Animal,,,Animal,None Indicated,,,,,,,Paved,,Property Damage Only,0,0,0,0,0,0,5000,1,1,,POINT (-95.420161720047 42.457275865907)
2014831690,14-008130,11/07/2014,11-November,6-Friday,07:35,0700 Hours,District 3 (Northwest),,PALO ALTO,,Co Rd B25/340 ST & Co Rd N18/340 AVE,Collision with:  Vehicle in traffic,On Roadway,"Angle, oncoming left turn",Made improper turn,None Indicated,,Daylight,Dry,Cloudy,None apparent,Intersection:  T-intersection,Paved,,Property Damage Only,0,0,0,0,0,0,2350,2,2,,POINT (-94.913611541856 43.155234639065)
2014825840,11-14-041,11/07/2014,11-November,6-Friday,18:20,1800 Hours,District 3 (Northwest),LE MARS,PLYMOUTH,,HAWKEYE AVE & RED FOX  XING,Non-collision events:  Other non-collision (explain in narrative),On Roadway,Broadside (front to side),FTYROW:  From stop sign,None Indicated,,Dark - roadway lighted,Dry,Clear,None apparent,Intersection:  T-intersection,Paved,,Possible/Unknown,0,1,0,0,1,0,1500,2,2,,POINT (-96.186463591329 42.778260832697)
2014825799,20140033218,11/07/2014,11-November,6-Friday,11:20,1100 Hours,District 1 (Central),DES MOINES,POLK,,OAK PARK AVE & 6TH AVE,Collision with fixed object:  Utility pole/light support,Outside trafficway,Non-collision (single vehicle),Ran off road - right,None Indicated,,Daylight,Dry,Cloudy,None apparent,Non-intersection:  Non-junction/no special feature,Paved,,Possible/Unknown,0,2,0,0,2,0,10000,1,2,,POINT (-93.624765498072 41.626727083241)
2014826921,14-015766,11/07/2014,11-November,6-Friday,17:52,1700 Hours,District 5 (Southeast),,APPANOOSE,,Co Rd J46/HWY J46,Collision with:  Animal,,,Animal,None Indicated,,,,,,,Paved,,Property Damage Only,0,0,0,0,0,0,1500,1,1,,POINT (-93.094041603505 40.681439000373)
2014826779,14-40467,11/07/2014,11-November,6-Friday,12:00,1200 Hours,District 5 (Southeast),,DES MOINES,US 61,US 61,Collision with:  Animal,,,Animal,None Indicated,,,,,,,Paved,,Property Damage Only,0,0,0,0,0,0,1500,1,1,,POINT (-91.151694489498 40.765066200034)
2014825847,14-21720,11/07/2014,11-November,6-Friday,19:41,1900 Hours,District 2 (Northeast),,BREMER,US 218,US 218,Collision with:  Animal,,,Animal,None Indicated,,,,,,,Paved,,Property Damage Only,0,0,0,0,0,0,1500,1,1,,POINT (-92.544652460335 42.879669578798)
2014826707,14019538,11/07/2014,11-November,6-Friday,18:06,1800 Hours,District 2 (Northeast),MASON CITY,CERRO GORDO,US 65,US 65/N FEDERAL AVE & 9TH ST NW,Collision with:  Vehicle in traffic,On Roadway,Rear-end (front to rear),Driver Distraction:  Manual operation of an electronic communication device,None Indicated,,Dark - roadway lighted,Dry,Cloudy,None apparent,Non-intersection:  Non-junction/no special feature,Paved,,Possible/Unknown,0,1,0,0,1,0,2900,2,2,,POINT (-93.201115352384 43.159942353269)
2014825949,2014-013670,11/07/2014,11-November,6-Friday,18:17,1800 Hours,District 6 (East Central),,DUBUQUE,US 151,US 151 & Co Rd Y31/TWELVE MILE RD & CALLAHAN RD,Collision with:  Animal,,,Animal,None Indicated,,,,,,,Paved,,Property Damage Only,0,0,0,0,0,0,5000,1,1,,POINT (-90.802727872281 42.363041409635)
2014835378,14-027501,11/07/2014,11-November,6-Friday,20:28,2000 Hours,District 5 (Southeast),PLEASANTVILLE,MARION,IA 5,IA 5/IOWA 5,Collision with:  Animal,,Non-collision (single vehicle),Animal,None Indicated,,,,,,,Paved,,Property Damage Only,0,0,0,0,0,0,3800,1,1,,POINT (-93.261889623374 41.357173301922)
2014825821,14110588,11/07/2014,11-November,6-Friday,09:47,0900 Hours,District 2 (Northeast),CEDAR FALLS,BLACK HAWK,IA 57,IA 57/1ST ST,Collision with:  Vehicle in traffic,On Roadway,"Sideswipe, same direction",Improper or erratic lane changing,None Indicated,,Daylight,Dry,Clear,None apparent,Non-intersection:  Non-junction/no special feature,Paved,,Property Damage Only,0,0,0,0,0,0,2500,2,2,,POINT (-92.460450868564 42.537814482596)
2014825775,20140033289,11/07/2014,11-November,6-Friday,22:22,2200 Hours,District 1 (Central),DES MOINES,POLK,US 69,US 69/E 15TH ST,Collision with:  Vehicle in traffic,On Roadway,Broadside (front to side),FTYROW:  Other (explain in narrative),None Indicated,,Dark - roadway lighted,Dry,Clear,None apparent,Non-intersection:  Non-junction/no special feature,Paved,,Property Damage Only,0,0,0,0,0,0,5000,2,2,,POINT (-93.595464952617 41.594429575766)
2014825880,2014062640,11/07/2014,11-November,6-Friday,17:55,1700 Hours,District 5 (Southeast),,WARREN,I-35,I-35,Collision with:  Vehicle in traffic,On Roadway,Rear-end (front to rear),FTYROW:  Other (explain in narrative),None Indicated,,Dark - roadway not lighted,Dry,Cloudy,Work Zone (roadway-related),Non-intersection:  Non-junction/no special feature,Paved,Yes,Possible/Unknown,0,1,0,0,1,0,3500,2,2,,POINT (-93.779968531223 41.413638369093)
2014827012,14-36929,11/07/2014,11-November,6-Friday,15:03,1500 Hours,District 3 (Northwest),SIOUX CITY,WOODBURY,,HAMILTON BLVD,Collision with:  Vehicle in traffic,On Roadway,"Sideswipe, same direction",Improper or erratic lane changing,None Indicated,,Daylight,Dry,Clear,None apparent,Non-intersection:  Non-junction/no special feature,Paved,,Property Damage Only,0,0,0,0,0,0,3000,2,3,,POINT (-96.416725757751 42.510912990315)
2014827031,14-017579,11/07/2014,11-November,6-Friday,13:47,1300 Hours,District 2 (Northeast),,FLOYD,,Co Rd T47/PACKARD AVE,Non-collision events:  Overturn/rollover,Shoulder,Non-collision (single vehicle),Swerving/Evasive Action,None Indicated,,Daylight,Dry,Cloudy,None apparent,Non-intersection:  Non-junction/no special feature,Paved,,Property Damage Only,0,0,0,0,0,0,15000,1,1,,POINT (-92.732340550724 43.052224298012)
2014826829,201416711,11/07/2014,11-November,6-Friday,12:24,1200 Hours,District 6 (East Central),CEDAR RAPIDS,LINN,,3RD AVE SE & 12TH ST SE,Collision with:  Vehicle in traffic,On Roadway,Broadside (front to side),FTYROW:  From stop sign,None Indicated,,Daylight,Dry,Clear,None apparent,Intersection:  Four-way intersection,Paved,,Property Damage Only,0,0,0,0,0,0,8500,2,2,,POINT (-91.656134337901 41.98326898741)
2014826416,14-13049,11/07/2014,11-November,6-Friday,20:00,2000 Hours,District 3 (Northwest),,SIOUX,,DOVE AVE,Non-collision events:  Overturn/rollover,On Roadway,Non-collision (single vehicle),Ran off road - right,None Indicated,,Dark - roadway not lighted,"Mud, dirt",Cloudy,None apparent,Non-intersection:  Non-junction/no special feature,Unpaved,,Property Damage Only,0,0,0,0,0,0,3000,1,1,,POINT (-96.333457566763 43.187924228972)
2014825907,14-001312,11/07/2014,11-November,6-Friday,20:39,2000 Hours,District 1 (Central),,STORY,I-35,I-35,Collision with:  Animal,,,Animal,None Indicated,,,,,,,Paved,,Property Damage Only,0,0,0,0,0,0,8000,1,1,,POINT (-93.571109597699 42.004080359436)
2014830522,14211,11/07/2014,11-November,6-Friday,08:35,0800 Hours,District 5 (Southeast),PELLA,MARION,,WASHINGTON ST & W 15TH ST,Collision with:  Vehicle in traffic,On Roadway,Rear-end (front to rear),Other (explain in narrative):  Other,None Indicated,,Daylight,Dry,Clear,None apparent,Intersection:  Intersection with ramp,Paved,,Possible/Unknown,0,1,0,0,1,0,1000,2,2,,POINT (-92.95051292314 41.410659737069)
2014825941,14-2493,11/07/2014,11-November,6-Friday,09:20,0900 Hours,District 1 (Central),URBANDALE,POLK,IA 28,IA 28/MERLE HAY RD,Collision with:  Vehicle in traffic,On Roadway,Rear-end (front to rear),Driving too fast for conditions,None Indicated,,Daylight,Dry,Clear,None apparent,Non-intersection:  Non-junction/no special feature,Paved,,Property Damage Only,0,0,0,0,0,0,4000,2,2,,POINT (-93.697690466935 41.643078943811)
2014825754,14-7395,11/07/2014,11-November,6-Friday,15:34,1500 Hours,District 1 (Central),,POLK,,Co Rd R6F/NW 66TH AVE & NW TONI DR,Collision with:  Vehicle in traffic,On Roadway,Rear-end (front to rear),Separation of units,None Indicated,,Daylight,Dry,Cloudy,None apparent,Non-intersection:  Non-junction/no special feature,Paved,,Property Damage Only,0,0,0,0,0,0,4000,2,2,,POINT (-93.66339539266 41.680436395388)
2014825612,14-13023,11/07/2014,11-November,6-Friday,07:20,0700 Hours,District 3 (Northwest),HOSPERS,SIOUX,,FIR ST & 4TH AVE,Collision with:  Vehicle in traffic,On Roadway,Broadside (front to side),FTYROW:  From stop sign,None Indicated,,Daylight,Dry,Clear,None apparent,Intersection:  Four-way intersection,Paved,,Property Damage Only,0,0,0,0,0,0,1900,2,3,,POINT (-95.904408331834 43.070414267864)
2014825713,1411072511,11/07/2014,11-November,6-Friday,20:30,2000 Hours,District 6 (East Central),,CLINTON,,Co Rd Y4E/130 AVE,Collision with:  Animal,,,Animal,None Indicated,,,,,,,Paved,,Property Damage Only,0,0,0,0,0,0,7500,1,1,,POINT (-90.840460104032 41.810645124399)
2014825812,14-36888,11/07/2014,11-November,6-Friday,09:03,0900 Hours,District 3 (Northwest),SIOUX CITY,WOODBURY,,7TH ST,Collision with:  Vehicle in traffic,On Roadway,Rear-end (front to rear),FTYROW:  Other (explain in narrative),None Indicated,,Daylight,Dry,Cloudy,None apparent,Non-intersection:  Non-junction/no special feature,Paved,,Property Damage Only,0,0,0,0,0,0,2025,2,3,,POINT (-96.37856912851 42.497566311423)
2014825984,14-40021,11/07/2014,11-November,6-Friday,17:33,1700 Hours,District 5 (Southeast),BURLINGTON,DES MOINES,,WEST AVE & WELLSHIRE DR & W ROOSEVELT FRONTAGE,Collision with:  Non-motorist (see non-motorist section - NOT a unit),On Roadway,Non-collision (single vehicle),Other (explain in narrative):  Other,None Indicated,,Dusk,Dry,Clear,None apparent,Intersection:  Four-way intersection,Paved,,Possible/Unknown,0,1,0,0,1,0,100,1,1,,POINT (-91.142914653972 40.800398222082)
2014849336,2014-007039,11/07/2014,11-November,6-Friday,23:53,2300 Hours,District 6 (East Central),,BENTON,,75 ST DR,Collision with fixed object:  Ditch,On Roadway,Non-collision (single vehicle),Swerving/Evasive Action,Alcohol (Statutory),,Dark - roadway not lighted,"Mud, dirt",Clear,None apparent,Non-intersection:  Non-junction/no special feature,Unpaved,,Property Damage Only,0,0,0,0,0,0,10000,1,1,,POINT (-91.837955889439 41.92724261679)
2014825977,C14003540,11/07/2014,11-November,6-Friday,06:49,0600 Hours,District 6 (East Central),CORALVILLE,JOHNSON,,JAMES ST & CAMP CARDINAL BLVD,Collision with:  Vehicle in traffic,On Roadway,Rear-end (front to rear),Driving too fast for conditions,None Indicated,,Daylight,Dry,Clear,None apparent,Non-intersection:  Non-junction/no special feature,Paved,,Property Damage Only,0,0,0,0,0,0,7000,3,4,,POINT (-91.596748658714 41.6798545019)
2014826093,2014012522,11/07/2014,11-November,6-Friday,17:45,1700 Hours,District 6 (East Central),IOWA CITY,JOHNSON,,MUSCATINE AVE & E BURLINGTON ST,Collision with:  Vehicle in traffic,On Roadway,Head-on (front to front),FTYROW:  From stop sign,None Indicated,,Dark - roadway lighted,Dry,Clear,None apparent,Intersection:  Four-way intersection,Paved,,Property Damage Only,0,0,0,0,0,0,1600,2,2,,POINT (-91.516482246033 41.65785133896)
2014826855,14-034585,11/07/2014,11-November,6-Friday,18:35,1800 Hours,District 5 (Southeast),,LEE,US 61,US 61,Collision with:  Animal,,,Animal,None Indicated,,,,,,,Paved,,Property Damage Only,0,0,0,0,0,0,5000,1,1,,POINT (-91.441795673463 40.448084662119)
2014826509,2014-7568,11/07/2014,11-November,6-Friday,09:07,0900 Hours,District 6 (East Central),LE CLAIRE,SCOTT,,JONES ST & 3RD ST,Collision with:  Parked motor vehicle,On Roadway,"Sideswipe, same direction",Illegally Parked/Unattended,None Indicated,,Daylight,Dry,Clear,None apparent,Intersection:  T-intersection,Paved,,Property Damage Only,0,0,0,0,0,0,1502,2,1,,POINT (-90.346281171479 41.598587410284)
2014825722,14-8159,11/07/2014,11-November,6-Friday,06:00,0600 Hours,District 3 (Northwest),IDA GROVE,IDA,IA 175,IA 175/IOWA 175,Collision with:  Animal,,,Animal,None Indicated,,,,,,,Paved,,Property Damage Only,0,0,0,0,0,0,1500,1,1,,POINT (-95.438072219869 42.332037691727)
2014826830,201416713,11/07/2014,11-November,6-Friday,12:49,1200 Hours,District 6 (East Central),CEDAR RAPIDS,LINN,,ELLIS RD NW & EDGEWOOD RD NW,Collision with:  Vehicle in traffic,On Roadway,"Angle, oncoming left turn",Ran Traffic Signal,None Indicated,,Daylight,Dry,Cloudy,None apparent,Intersection:  Four-way intersection,Paved,,Possible/Unknown,0,2,0,0,2,0,20000,2,2,,POINT (-91.707877392028 42.005064273707)
2014825715,201411078281,11/07/2014,11-November,6-Friday,05:10,0500 Hours,District 6 (East Central),,CLINTON,,Co Rd Y4E/130 AVE,Collision with:  Animal,,,Animal,None Indicated,,,,,,,Paved,,Property Damage Only,0,0,0,0,0,0,1500,1,777,,POINT (-90.838633805591 41.795147024166)
2014826232,2014062475,11/07/2014,11-November,6-Friday,06:20,0600 Hours,District 2 (Northeast),,ALLAMAKEE,IA 76,IA 76/IOWA 76,Collision with:  Animal,On Roadway,Non-collision (single vehicle),Animal,None Indicated,,Dusk,Dry,Cloudy,None apparent,Non-intersection:  Non-junction/no special feature,Paved,,Property Damage Only,0,0,0,0,0,0,5000,1,1,,POINT (-91.508041925871 43.397491508881)
2014826515,1400000979,11/07/2014,11-November,6-Friday,17:15,1700 Hours,District 1 (Central),,MARSHALL,,Co Rd E35/MAIN ST RD,Collision with:  Animal,,,Animal,None Indicated,,,,,,,Paved,,Property Damage Only,0,0,0,0,0,0,1500,1,1,,POINT (-92.840056916874 42.053529993826)
2014825791,20140033234,11/07/2014,11-November,6-Friday,12:40,1200 Hours,District 1 (Central),DES MOINES,POLK,,2ND AVE & VINE ST,Collision with:  Vehicle in traffic,On Roadway,"Sideswipe, same direction",Other (explain in narrative):  Vision obstructed,None Indicated,,Daylight,Dry,Clear,None apparent,Non-intersection:  Non-junction/no special feature,Paved,,Property Damage Only,0,0,0,0,0,0,4000,2,2,,POINT (-93.618717369481 41.584254699573)