Iowa DOT Case Number,Law Enforcement Case Number,Date of Crash,Month of Crash,Day of Week,Time of Crash,Hour,DOT District,City Name,County Name,Route with System,Location Description,First Harmful Event,Location of First Harmful Event,Manner of Crash/Collision,Major Cause,Drug or Alcohol ,Environmental Conditions,Light Conditions,Surface Conditions,Weather Conditions,Roadway Contribution,Roadway Type,Roadway Surface,Work Zone,Crash Severity,Number of Fatalities,Number of Injuries,Number of Major Injuries,Number of Minor Injuries,Number of Possible Injuries,Number of Unknown Injuries,Amount of Property Damage,Number of Vehicles Involved,Total Number of Occupants,Travel Direction,Location
2014825958,2014-039420,11/07/2014,11-November,6-Friday,00:30,0000 Hours,District 6 (East Central),DUBUQUE,DUBUQUE,US 20,US 20/DODGE ST & CEDAR CROSS RD,Collision with:  Vehicle in traffic,On Roadway,Broadside (front to side),Ran Traffic Signal,None Indicated,,Dark - roadway lighted,Dry,Clear,None apparent,Intersection:  Four-way intersection,Paved,,Possible/Unknown,0,2,0,0,2,0,20000,2,3,,POINT (-90.714673421931 42.4922749203)
2014826035,148590,11/07/2014,11-November,6-Friday,18:23,1800 Hours,District 4 (Southwest),,DALLAS,US 169,US 169/N AVE,Collision with:  Animal,,,Animal,None Indicated,,,,,,,Paved,,Property Damage Only,0,0,0,0,0,0,1500,1,1,,POINT (-94.023086386032 41.656702784889)
2014825889,14-40025,11/07/2014,11-November,6-Friday,17:46,1700 Hours,District 5 (Southeast),BURLINGTON,DES MOINES,US 61,US 61 & WEST AVE,Collision with:  Vehicle in traffic,On Roadway,Rear-end (front to rear),Followed too close,None Indicated,,Dark - roadway lighted,Dry,Clear,None apparent,Intersection:  Four-way intersection,Paved,,Possible/Unknown,0,1,0,0,1,0,3500,2,6,,POINT (-91.141634016804 40.800413628696)
2014825652,14-3576,11/07/2014,11-November,6-Friday,02:00,0200 Hours,District 1 (Central),FORT DODGE,WEBSTER,,6TH AVE S & S 22ND ST,Non-collision events:  Other non-collision (explain in narrative),On Roadway,Non-collision (single vehicle),Unknown,None Indicated,,Dark - roadway lighted,Dry,Clear,None apparent,Non-intersection:  Non-junction/no special feature,Paved,,Property Damage Only,0,0,0,0,0,0,2400,1,1,,POINT (-94.168209793127 42.499916887003)
2014826301,2014062478,11/07/2014,11-November,6-Friday,06:49,0600 Hours,District 2 (Northeast),,BLACK HAWK,US 63,US 63/LOGAN AVE,Collision with:  Animal,,Non-collision (single vehicle),Animal,None Indicated,,,,,,,Paved,,Property Damage Only,0,0,0,0,0,0,8000,1,1,,POINT (-92.337478743018 42.635754803234)
2014825935,14-002551,11/07/2014,11-November,6-Friday,17:59,1700 Hours,District 1 (Central),ALTOONA,POLK,,36TH AVE SW,Collision with:  Vehicle in traffic,On Roadway,Rear-end (front to rear),Followed too close,None Indicated,,Dark - roadway lighted,Dry,Cloudy,None apparent,Intersection:  Four-way intersection,Paved,,Property Damage Only,0,0,0,0,0,0,2300,2,6,,POINT (-93.50610503809 41.644442442673)
2014825590,20140033188,11/07/2014,11-November,6-Friday,00:49,0000 Hours,District 1 (Central),DES MOINES,POLK,,E DOUGLAS AVE & E 13TH ST,Collision with:  Vehicle in traffic,On Roadway,Rear-end (front to rear),Exceeded authorized speed,Alcohol (Statutory),,Dark - roadway lighted,Dry,Clear,None apparent,Non-intersection:  Driveway access (within),Paved,,Property Damage Only,0,0,0,0,0,0,11000,2,4,,POINT (-93.603663414661 41.629541992975)
2014826146,2014-24216,11/07/2014,11-November,6-Friday,17:48,1700 Hours,District 5 (Southeast),,WARREN,IA 92,IA 92/IOWA 92 & Co Rd R57/HWY R57,Collision with:  Animal,,,Animal,None Indicated,,,,,,,Paved,,Property Damage Only,0,0,0,0,0,0,2500,1,1,,POINT (-93.645164614155 41.35537464562)
2014825795,20140033258,11/07/2014,11-November,6-Friday,16:12,1600 Hours,District 1 (Central),DES MOINES,POLK,,UNIVERSITY AVE & 7TH ST,Collision with:  Vehicle in traffic,On Roadway,Broadside (front to side),Other (explain in narrative):  Vision obstructed,None Indicated,,Daylight,Dry,Clear,Obstruction in roadway,Intersection:  Four-way intersection,Paved,,Possible/Unknown,0,2,0,0,1,1,5000,2,2,,POINT (-93.626915181257 41.600783619727)
2014825950,2014-013680,11/07/2014,11-November,6-Friday,21:00,2100 Hours,District 6 (East Central),,DUBUQUE,,Co Rd Y21/SUNDOWN RD & TURNIS LN,Collision with:  Animal,,,Animal,None Indicated,,,,,,,Paved,,Property Damage Only,0,0,0,0,0,0,3000,1,1,,POINT (-90.850458997371 42.432892388648)
2014825794,20140033248,11/07/2014,11-November,6-Friday,15:38,1500 Hours,District 1 (Central),DES MOINES,POLK,,HOLCOMB AVE & SAYLOR RD,Collision with:  Vehicle in traffic,On Roadway,Rear-end (front to rear),Followed too close,None Indicated,,Daylight,Dry,Cloudy,None apparent,Intersection:  T-intersection,Paved,,Property Damage Only,0,0,0,0,0,0,2700,2,2,,POINT (-93.613550717119 41.616348142063)
2014836785,CL14003965,11/07/2014,11-November,6-Friday,01:49,0100 Hours,District 6 (East Central),CLINTON,CLINTON,,FAYETTE ST,Collision with:  Parked motor vehicle,Outside trafficway,Rear-end (front to rear),Unknown,None Indicated,,Dark - unknown roadway lighting,Dry,Clear,None apparent,Non-intersection:  Driveway access (within),Paved,,Property Damage Only,0,0,0,0,0,0,9000,2,4,,POINT (-90.197415328293 41.847252380376)
2014825942,14-2498,11/07/2014,11-November,6-Friday,17:22,1700 Hours,District 1 (Central),URBANDALE,POLK,,DOUGLAS AVE,Collision with:  Vehicle in traffic,On Roadway,Rear-end (front to rear),Followed too close,None Indicated,,Dark - roadway lighted,Dry,Clear,None apparent,Intersection:  Four-way intersection,Paved,,Possible/Unknown,0,1,0,0,1,0,4000,2,2,,POINT (-93.746414761161 41.629280158975)
2014825793,20140033243,11/07/2014,11-November,6-Friday,14:35,1400 Hours,District 1 (Central),DES MOINES,POLK,,25TH ST,Collision with:  Vehicle in traffic,On Roadway,Broadside (front to side),Other (explain in narrative):  Other,None Indicated,,Daylight,Dry,Cloudy,None apparent,Unknown,Paved,,Property Damage Only,0,0,0,0,0,0,4000,2,2,,POINT (-93.650949555142 41.599443077318)
2014825581,14023625,11/07/2014,11-November,6-Friday,11:51,1100 Hours,District 6 (East Central),MARION,LINN,,MARION BLVD & TWIXT TOWN RD,Collision with:  Vehicle in traffic,On Roadway,"Angle, oncoming left turn",Made improper turn,None Indicated,,Daylight,Dry,Clear,None apparent,Intersection:  T-intersection,Paved,,Property Damage Only,0,0,0,0,0,0,6000,2,2,,POINT (-91.617582550277 42.027716960157)
2014825921,S14-004440,11/07/2014,11-November,6-Friday,06:40,0600 Hours,District 4 (Southwest),,POTTAWATTAMIE,US 6,US 6,Collision with:  Animal,,,Animal,None Indicated,,,,,,,Paved,,Property Damage Only,0,0,0,0,0,0,3500,1,1,,POINT (-95.767852943944 41.280739293609)
2014850984,14009032,11/07/2014,11-November,6-Friday,18:42,1800 Hours,District 5 (Southeast),,LOUISA,US 61,US 61,Collision with:  Animal,,,Animal,None Indicated,,,,,,,Paved,,Property Damage Only,0,0,0,0,0,0,1600,1,1,,POINT (-91.196222505434 41.193624765896)
2014826952,14-018973,11/07/2014,11-November,6-Friday,17:52,1700 Hours,District 5 (Southeast),,HENRY,,305TH ST,Non-collision events:  Overturn/rollover,Roadside,Non-collision (single vehicle),Swerving/Evasive Action,None Indicated,,Dark - roadway not lighted,Dry,Cloudy,None apparent,Non-intersection:  Non-junction/no special feature,Unpaved,,Property Damage Only,0,0,0,0,0,0,5000,1,1,,POINT (-91.422142432109 40.86154023046)
2014825723,14-8162,11/07/2014,11-November,6-Friday,14:25,1400 Hours,District 3 (Northwest),,IDA,,Co Rd L51/ALPINE AVE & 150TH ST,Collision with:  Vehicle in traffic,On Roadway,"Sideswipe, same direction",FTYROW:  From stop sign,None Indicated,,Daylight,Dry,Cloudy,None apparent,Intersection:  Four-way intersection,Paved,,Property Damage Only,0,0,0,0,0,0,20500,2,3,,POINT (-95.643402802453 42.489325584952)
2014826376,SO1404797,11/07/2014,11-November,6-Friday,18:48,1800 Hours,District 5 (Southeast),,JEFFERSON,,Co Rd W21/PLEASANT PLAIN RD,Collision with:  Animal,,Non-collision (single vehicle),Animal,None Indicated,,,,,,,Paved,,Property Damage Only,0,0,0,0,0,0,6500,1,1,,POINT (-91.860159647109 41.126960007269)
2014826679,,11/07/2014,11-November,6-Friday,18:37,1800 Hours,District 1 (Central),TOLEDO,TAMA,,AMWOOD DR & BUSINESS US 30,Collision with:  Animal,On Roadway,Non-collision (single vehicle),Animal,None Indicated,,Dark - roadway not lighted,Wet,Rain,None apparent,Non-intersection:  Non-junction/no special feature,Paved,,Property Damage Only,0,0,0,0,0,0,3000,1,1,,POINT (-92.588795659675 41.990615107561)
2014825843,2014012521,11/07/2014,11-November,6-Friday,17:30,1700 Hours,District 6 (East Central),IOWA CITY,JOHNSON,US 6,US 6 & SYCAMORE ST,Collision with:  Vehicle in traffic,On Roadway,"Angle, oncoming left turn",FTYROW:  Making left turn,None Indicated,,Dark - roadway lighted,Dry,Clear,None apparent,Intersection:  Four-way intersection,Paved,,Property Damage Only,0,0,0,0,0,0,3500,2,2,,POINT (-91.511666533719 41.641144394364)
2014826571,1107145A,11/07/2014,11-November,6-Friday,14:00,1400 Hours,District 4 (Southwest),,PAGE,,Co Rd J32/190 ST,Collision with fixed object:  Ditch,Shoulder,Non-collision (single vehicle),Ran off road - right,None Indicated,,Daylight,Dry,Clear,None apparent,Non-intersection:  Non-junction/no special feature,Paved,,Property Damage Only,0,0,0,0,0,0,5000,1,1,,POINT (-95.337167596362 40.771762673584)
2014827008,14-36879,11/07/2014,11-November,6-Friday,07:53,0700 Hours,District 3 (Northwest),SIOUX CITY,WOODBURY,,W VILLA AVE & ROSS ST,Collision with:  Vehicle in traffic,On Roadway,Broadside (front to side),Other (explain in narrative):  Other,None Indicated,,Daylight,Dry,Clear,None apparent,Intersection:  Four-way intersection,Paved,,Property Damage Only,0,0,0,0,0,0,6000,2,4,,POINT (-96.428437353566 42.504079613295)
2014827637,14-014590,11/07/2014,11-November,6-Friday,05:51,0500 Hours,District 4 (Southwest),,POTTAWATTAMIE,,Co Rd H10/BUNGE AVE,Collision with:  Animal,On Roadway,Non-collision (single vehicle),Animal,None Indicated,,Dawn,Dry,Clear,None apparent,Non-intersection:  Non-junction/no special feature,Paved,,Minor Injury,0,1,0,1,0,0,4000,1,1,,POINT (-95.79975019136 41.164090284742)
2014831675,201404083,11/07/2014,11-November,6-Friday,19:43,1900 Hours,District 6 (East Central),,LINN,,Co Rd E45/SECRIST RD,Collision with fixed object:  Ditch,Outside trafficway,Non-collision (single vehicle),Ran off road - right,None Indicated,,Dark - roadway not lighted,Dry,Cloudy,None apparent,Non-intersection:  Non-junction/no special feature,Paved,,Possible/Unknown,0,1,0,0,1,0,12000,1,1,,POINT (-91.481817098088 42.019732813567)
2014825890,14-3582,11/07/2014,11-November,6-Friday,19:20,1900 Hours,District 1 (Central),FORT DODGE,WEBSTER,US 169,US 169,Collision with:  Animal,On Roadway,Non-collision (single vehicle),Animal,None Indicated,,Dark - roadway not lighted,Dry,Clear,None apparent,Non-intersection:  Non-junction/no special feature,Paved,,Property Damage Only,0,0,0,0,0,0,5000,1,1,,POINT (-94.22309383045 42.513465148789)
2014825797,20140033276,11/07/2014,11-November,6-Friday,19:19,1900 Hours,District 1 (Central),DES MOINES,POLK,,SE 6TH ST,Collision with:  Vehicle in traffic,On Roadway,Broadside (front to side),Improper Backing,None Indicated,,Dark - roadway lighted,Dry,Cloudy,None apparent,Non-intersection:  Non-junction/no special feature,Paved,,Property Damage Only,0,0,0,0,0,0,1550,2,1,,POINT (-93.605322957847 41.569491022549)
2014827100,RJT11071401,11/07/2014,11-November,6-Friday,06:15,0600 Hours,District 5 (Southeast),OSCEOLA,CLARKE,US 34,US 34,Collision with:  Animal,On Roadway,Non-collision (single vehicle),Animal,None Indicated,,Dark - roadway not lighted,Dry,Cloudy,Non-highway work,Non-intersection:  Non-junction/no special feature,Paved,,Property Damage Only,0,0,0,0,0,0,2500,1,1,,POINT (-93.812909702252 41.022517899897)
2014826788,2014062633,11/07/2014,11-November,6-Friday,17:30,1700 Hours,District 1 (Central),,POLK,IA 17,IA 17 & 155TH LN & NW 138TH AVE,Collision with:  Vehicle in traffic,On Roadway,Rear-end (front to rear),Other (explain in narrative):  Other,None Indicated,,Dark - roadway not lighted,Dry,Cloudy,None apparent,Non-intersection:  Non-junction/no special feature,Paved,,Property Damage Only,0,0,0,0,0,0,5000,2,2,,POINT (-93.815012847831 41.81294437658)
2014826365,14-16938,11/07/2014,11-November,6-Friday,11:03,1100 Hours,District 3 (Northwest),SPENCER,CLAY,,E 18TH ST & 1ST AVE E,Collision with:  Vehicle in traffic,On Roadway,Broadside (front to side),FTYROW:  From stop sign,None Indicated,,Daylight,Dry,Clear,None apparent,Intersection:  Four-way intersection,Paved,,Possible/Unknown,0,1,0,0,1,0,10500,2,3,,POINT (-95.144300488617 43.155743468524)
2014826132,2014062550,11/07/2014,11-November,6-Friday,12:45,1200 Hours,District 1 (Central),,HAMILTON,I-35,I-35 & Co Rd D36/250TH ST,Collision with:  Vehicle in traffic,On Roadway,"Sideswipe, same direction",Crossed centerline (undivided),None Indicated,,Daylight,Dry,Cloudy,None apparent,Non-intersection:  Non-junction/no special feature,Paved,,Property Damage Only,0,0,0,0,0,0,3000,2,2,,POINT (-93.570397419653 42.426865894971)
2014831306,2014062638,11/07/2014,11-November,6-Friday,18:00,1800 Hours,District 4 (Southwest),,CASS,I-80,I-80,Collision with:  Animal,,,Animal,None Indicated,,,,,,,Paved,,Property Damage Only,0,0,0,0,0,0,4000,1,1,,POINT (-95.032988399519 41.497033109314)
2014827121,14-6804,11/07/2014,11-November,6-Friday,11:48,1100 Hours,District 3 (Northwest),CHEROKEE,CHEROKEE,,N ROOSEVELT AVE,Collision with:  Vehicle in traffic,On Roadway,Rear-end (front to rear),Followed too close,None Indicated,,Daylight,Dry,Cloudy,None apparent,Non-intersection:  Non-junction/no special feature,Paved,,Property Damage Only,0,0,0,0,0,0,5000,2,2,,POINT (-95.544656119894 42.75719862124)
2014825888,14-29529,11/07/2014,11-November,6-Friday,17:50,1700 Hours,District 1 (Central),NEWTON,JASPER,,N 8TH AVE E,Collision with:  Animal,On Roadway,Non-collision (single vehicle),Animal,None Indicated,,Dark - roadway lighted,Dry,Cloudy,None apparent,Non-intersection:  Non-junction/no special feature,Paved,,Property Damage Only,0,0,0,0,0,0,1500,1,1,,POINT (-93.051588263269 41.706406530635)
2014826558,2014-039442,11/07/2014,11-November,6-Friday,18:23,1800 Hours,District 6 (East Central),DUBUQUE,DUBUQUE,,ASBURY RD,Collision with:  Vehicle in traffic,On Roadway,Rear-end (front to rear),Lost Control,None Indicated,,Dark - roadway lighted,Dry,Clear,None apparent,Intersection:  T-intersection,Paved,,Property Damage Only,0,0,0,0,0,0,4000,2,2,,POINT (-90.737607390294 42.515297322883)
2014826134,14-009792,11/07/2014,11-November,6-Friday,11:15,1100 Hours,District 4 (Southwest),,CASS,IA 173,IA 173/590TH ST & DALLAS RD,Collision with:  Vehicle in traffic,On Roadway,Broadside (front to side),FTYROW:  From stop sign,None Indicated,,Daylight,Dry,Clear,None apparent,Intersection:  Four-way intersection,Paved,,Possible/Unknown,0,1,0,0,1,0,19000,2,2,,POINT (-95.060260676398 41.461313168016)
2014825943,14-2499,11/07/2014,11-November,6-Friday,18:09,1800 Hours,District 1 (Central),URBANDALE,POLK,,TOWNSEND AVE & 86TH ST,Collision with:  Vehicle in traffic,On Roadway,Rear-end (front to rear),Followed too close,None Indicated,,Dark - roadway lighted,Dry,Clear,None apparent,Non-intersection:  Non-junction/no special feature,Paved,,Property Damage Only,0,0,0,0,0,0,3000,2,2,,POINT (-93.736497167422 41.640765200373)
2014826156,201405302,11/07/2014,11-November,6-Friday,22:48,2200 Hours,District 1 (Central),,BOONE,US 30,US 30/220TH ST,Collision with:  Animal,,Non-collision (single vehicle),Animal,None Indicated,,,,,,,Paved,,Property Damage Only,0,0,0,0,0,0,2000,1,1,,POINT (-93.979534192494 42.030781948642)
2014825931,14-047409,11/07/2014,11-November,6-Friday,20:55,2000 Hours,District 4 (Southwest),COUNCIL BLUFFS,POTTAWATTAMIE,I-80,I-80,Collision with:  Vehicle in traffic,On Roadway,Non-collision (single vehicle),Animal,None Indicated,,Dark - roadway not lighted,Dry,Clear,None apparent,Non-intersection:  Non-junction/no special feature,Paved,,Property Damage Only,0,0,0,0,0,0,5000,1,2,,POINT (-95.781354712586 41.285196037786)
2014825902,14-39973,11/07/2014,11-November,6-Friday,10:40,1000 Hours,District 5 (Southeast),BURLINGTON,DES MOINES,US 61,US 61 & 50TH ST,Collision with:  Animal,,,Animal,None Indicated,,,,,,,Paved,,Property Damage Only,0,0,0,0,0,0,5000,1,1,,POINT (-91.155127631864 40.753167642973)
2014828654,391114-2506,11/07/2014,11-November,6-Friday,15:38,1500 Hours,District 4 (Southwest),,GUTHRIE,,Co Rd N72/JAGUAR TRL,Collision with:  Vehicle in traffic,On Roadway,Broadside (front to side),FTYROW:  From driveway,None Indicated,,Daylight,Dry,Cloudy,None apparent,Non-intersection:  Driveway access (within),Unpaved,,Property Damage Only,0,0,0,0,0,0,6000,2,2,,POINT (-94.554996801342 41.666624692414)
2014826034,14-1369,11/07/2014,11-November,6-Friday,17:24,1700 Hours,District 1 (Central),CLIVE,POLK,US 6,US 6/HICKMAN RD,Collision with:  Vehicle in traffic,On Roadway,Broadside (front to side),FTYROW:  From stop sign,None Indicated,,Dark - roadway lighted,Dry,Cloudy,None apparent,Intersection:  Four-way intersection,Paved,,Possible/Unknown,0,1,0,0,1,0,3800,2,2,,POINT (-93.737330874635 41.614882272561)
2014826273,14110496,11/07/2014,11-November,6-Friday,01:12,0100 Hours,District 2 (Northeast),CEDAR FALLS,BLACK HAWK,,UNIVERSITY AVE & WATERLOO RD,Collision with fixed object:  Curb/island/raised median,On Roadway,Non-collision (single vehicle),Ran off road - left,None Indicated,,Dark - roadway lighted,Dry,Clear,None apparent,Intersection:  T-intersection,Paved,,Property Damage Only,0,0,0,0,0,0,7000,1,2,,POINT (-92.426945307265 42.513002952055)
2014825922,S14-004448,11/07/2014,11-November,6-Friday,18:05,1800 Hours,District 4 (Southwest),,POTTAWATTAMIE,,Co Rd G8L/RAILROAD HWY & 205TH ST,Collision with:  Animal,,,Animal,None Indicated,,,,,,,Paved,,Property Damage Only,0,0,0,0,0,0,2000,1,2,,POINT (-95.780613278971 41.302028897787)
2014828000,,11/07/2014,11-November,6-Friday,22:15,2200 Hours,District 4 (Southwest),,MONTGOMERY,US 34,US 34,Collision with:  Animal,On Roadway,Non-collision (single vehicle),Animal,None Indicated,,Dark - roadway not lighted,Dry,Clear,,Non-intersection:  Non-junction/no special feature,Paved,,Property Damage Only,0,0,0,0,0,0,2000,1,1,,POINT (-94.947203247975 40.980299323455)
2014826510,2014-7573,11/07/2014,11-November,6-Friday,17:26,1700 Hours,District 6 (East Central),LE CLAIRE,SCOTT,I-80,I-80 & US 67/CODY RD,Collision with:  Vehicle in traffic,On Roadway,Rear-end (front to rear),Followed too close,None Indicated,,Dark - roadway lighted,Dry,Clear,None apparent,Intersection:  Intersection with ramp,Paved,,Minor Injury,0,1,0,1,0,0,3000,2,2,,POINT (-90.365454196861 41.584726883216)
2014826572,1107146A,11/07/2014,11-November,6-Friday,18:35,1800 Hours,District 4 (Southwest),SHENANDOAH,PAGE,IA 2,IA 2/IOWA 2,Collision with:  Animal,,,Animal,None Indicated,,,,,,,Paved,,Property Damage Only,0,0,0,0,0,0,5000,1,1,,POINT (-95.361110308537 40.742919494306)
2014826369,14-009367,11/07/2014,11-November,6-Friday,15:33,1500 Hours,District 2 (Northeast),,CLAYTON,IA 13,IA 13/IOWA 13,Collision with:  Animal,,Non-collision (single vehicle),Animal,None Indicated,,,,,,,Paved,,Property Damage Only,0,0,0,0,0,0,10000,1,1,,POINT (-91.510856204981 42.728914282604)
2014827863,2014062641,11/07/2014,11-November,6-Friday,17:51,1700 Hours,District 1 (Central),,POLK,I-35,I-35,Collision with:  Vehicle in traffic,On Roadway,"Sideswipe, same direction",FTYROW:  Other (explain in narrative),None Indicated,,Dark - roadway lighted,Dry,Clear,None apparent,Non-intersection:  Non-junction/no special feature,Paved,,Property Damage Only,0,0,0,0,0,0,1980,2,3,,POINT (-93.591080262218 41.650386942368)
2014826767,2014-77676,11/07/2014,11-November,6-Friday,19:32,1900 Hours,District 6 (East Central),DAVENPORT,SCOTT,I-74,I-74 & E 53RD ST,Collision with:  Vehicle in traffic,On Roadway,Rear-end (front to rear),Lost Control,None Indicated,,Dark - roadway lighted,Dry,Cloudy,None apparent,Intersection:  Four-way intersection,Paved,,Property Damage Only,0,0,0,0,0,0,7000,2,2,,POINT (-90.524031337075 41.574807066831)
2014825622,2014-77559,11/07/2014,11-November,6-Friday,08:11,0800 Hours,District 6 (East Central),DAVENPORT,SCOTT,,IA 461/HARRISON ST & W LOCUST ST,Collision with:  Vehicle in traffic,On Roadway,Rear-end (front to rear),Driving too fast for conditions,None Indicated,,Daylight,Dry,Clear,None apparent,Non-intersection:  Non-junction/no special feature,Paved,,Property Damage Only,0,0,0,0,0,0,2000,2,4,,POINT (-90.577233957256 41.538285400634)
2014825897,14-017595,11/07/2014,11-November,6-Friday,19:35,1900 Hours,District 2 (Northeast),CHARLES CITY,FLOYD,,Co Rd T38/LANCER AVE,Collision with:  Animal,,,Animal,None Indicated,,,,,,,Paved,,Property Damage Only,0,0,0,0,0,0,5000,1,1,,POINT (-92.810356479095 43.201203936225)
2014826993,S14-11528,11/07/2014,11-November,6-Friday,21:25,2100 Hours,District 3 (Northwest),,WOODBURY,,290TH ST,Collision with:  Animal,,,Animal,None Indicated,,,,,,,Unpaved,,Property Damage Only,0,0,0,0,0,0,1600,1,1,,POINT (-96.111079018913 42.284853719033)
2014826991,14-005268,11/07/2014,11-November,6-Friday,18:00,1800 Hours,District 1 (Central),AMES,STORY,US 30,US 30/NE RAMP CURV,Collision with:  Vehicle in traffic,On Roadway,Rear-end (front to rear),Followed too close,None Indicated,,Dark - roadway lighted,Dry,Clear,None apparent,Interchange-related:  Off-ramp,Paved,,Property Damage Only,0,0,0,0,0,0,2600,2,5,,POINT (-93.606903781643 42.005625961678)
2014826857,14-034589,11/07/2014,11-November,6-Friday,19:15,1900 Hours,District 5 (Southeast),,LEE,,Co Rd J72/300 ST,Collision with:  Vehicle in traffic,On Roadway,Rear-end (front to rear),Unknown,None Indicated,,Dark - roadway not lighted,Dry,Clear,None apparent,Non-intersection:  Non-junction/no special feature,Paved,,Property Damage Only,0,0,0,0,0,0,17500,2,3,,POINT (-91.486919610603 40.523887552653)
2014826020,14003829,11/07/2014,11-November,6-Friday,05:13,0500 Hours,District 5 (Southeast),,KEOKUK,IA 21,IA 21/IOWA 21,Collision with fixed object:  Ditch,,,Swerving/Evasive Action,None Indicated,,,,,,,Paved,,Property Damage Only,0,0,0,0,0,0,2500,1,1,,POINT (-92.334377779925 41.2323120641)
2014826014,32084-14,11/07/2014,11-November,6-Friday,18:15,1800 Hours,District 3 (Northwest),ESTHERVILLE,EMMET,,Co Rd A22/170 ST,Collision with:  Animal,On Roadway,Non-collision (single vehicle),Animal,None Indicated,,Dark - roadway lighted,Dry,Cloudy,None apparent,Non-intersection:  Non-junction/no special feature,Paved,,Property Damage Only,0,0,0,0,0,0,3000,1,4,,POINT (-94.860242121459 43.403437743102)
2014826672,,11/07/2014,11-November,6-Friday,06:26,0600 Hours,District 2 (Northeast),JANESVILLE,BREMER,US 218,US 218,Collision with:  Animal,On Roadway,Non-collision (single vehicle),Animal,None Indicated,,,,,,,Paved,,Property Damage Only,0,0,0,0,0,0,3000,1,1,,POINT (-92.456423721796 42.652392920283)
2014825639,14-39789,11/07/2014,11-November,6-Friday,01:38,0100 Hours,District 5 (Southeast),,DES MOINES,,Co Rd H40/CENTER ST & Co Rd X99/DMC 99,Collision with:  Animal,,,Animal,None Indicated,,,,,,,Paved,,Property Damage Only,0,0,0,0,0,0,3000,1,1,,POINT (-91.040528269173 40.977163926614)
2014826249,32085-14,11/07/2014,11-November,6-Friday,17:30,1700 Hours,District 3 (Northwest),,EMMET,IA 4,IA 4/IOWA 4,Collision with:  Animal,,Non-collision (single vehicle),Animal,None Indicated,,,,,,,Paved,,Property Damage Only,0,0,0,0,0,0,2500,1,1,,POINT (-94.797159489973 43.336932964361)
2014825908,14-001314,11/07/2014,11-November,6-Friday,23:48,2300 Hours,District 1 (Central),,STORY,,Co Rd E63/720TH AVE,Collision with fixed object:  Ditch,On Roadway,Non-collision (single vehicle),Ran off road - right,Alcohol (Statutory),,Dark - roadway not lighted,Dry,Clear,None apparent,Non-intersection:  Non-junction/no special feature,Paved,,Property Damage Only,0,0,0,0,0,0,1500,1,1,,POINT (-93.270343910092 41.909342158391)
2014825776,20140033298,11/07/2014,11-November,6-Friday,22:59,2200 Hours,District 1 (Central),DES MOINES,POLK,,E THORNTON AVE,Collision with:  Vehicle in traffic,On Roadway,"Sideswipe, opposite direction",FTYROW:  Other (explain in narrative),None Indicated,,Dark - roadway lighted,Dry,Cloudy,None apparent,Intersection:  T-intersection,Paved,,Property Damage Only,0,0,0,0,0,0,1500,2,5,,POINT (-93.596903606408 41.551304264623)
2014836350,,11/07/2014,11-November,6-Friday,17:36,1700 Hours,District 2 (Northeast),DECORAH,WINNESHIEK,IA 9,IA 9/IOWA 9 & OLD STAGE RD & TROUT RUN RD,Collision with:  Vehicle in traffic,On Roadway,Rear-end (front to rear),Other (explain in narrative):  Other,None Indicated,,Dark - roadway lighted,Dry,Clear,None apparent,Intersection:  Four-way intersection,Paved,,Property Damage Only,0,0,0,0,0,0,7000,2,2,,POINT (-91.755449155537 43.288428081059)
2014831051,,11/07/2014,11-November,6-Friday,05:55,0500 Hours,District 1 (Central),,HARDIN,,Co Rd S33/K AVE,Collision with:  Animal,On Roadway,Non-collision (single vehicle),Animal,None Indicated,,Dark - roadway not lighted,Dry,Clear,,Non-intersection:  Other non-intersection (explain in narrative),Paved,,Property Damage Only,0,0,0,0,0,0,8942,1,1,,POINT (-93.290188996355 42.335812784343)
2014829314,14-005261,11/07/2014,11-November,6-Friday,14:20,1400 Hours,District 1 (Central),AMES,STORY,US 69,US 69/LINCOLN WAY & WASHINGTON AVE,Collision with:  Vehicle in traffic,On Roadway,"Angle, oncoming left turn",FTYROW:  Making left turn,None Indicated,,Daylight,Dry,Cloudy,None apparent,Intersection:  T-intersection,Paved,,Property Damage Only,0,0,0,0,0,0,13998,2,2,,POINT (-93.615378291976 42.022891508878)
2014825683,14-047297,11/07/2014,11-November,6-Friday,07:53,0700 Hours,District 4 (Southwest),COUNCIL BLUFFS,POTTAWATTAMIE,,AVE B & N 29TH ST,Collision with:  Vehicle in traffic,On Roadway,Broadside (front to side),Ran Stop Sign,None Indicated,,Daylight,Dry,Clear,None apparent,Intersection:  Four-way intersection,Paved,,Possible/Unknown,0,1,0,0,1,0,6000,2,2,,POINT (-95.89075591554 41.263702593398)
2014826079,2014-77639,11/07/2014,11-November,6-Friday,16:09,1600 Hours,District 6 (East Central),DAVENPORT,SCOTT,US 6,US 6/E KIMBERLY RD & SPRING ST,Collision with:  Vehicle in traffic,On Roadway,Rear-end (front to rear),Followed too close,None Indicated,,Daylight,Dry,Cloudy,None apparent,Intersection:  Four-way intersection,Paved,,Property Damage Only,0,0,0,0,0,0,23024,4,7,,POINT (-90.54772561113 41.556888170707)
2014827030,14-001358,11/07/2014,11-November,6-Friday,16:11,1600 Hours,District 1 (Central),JOHNSTON,POLK,,NW 70TH AVE,Collision with:  Vehicle in traffic,On Roadway,Rear-end (front to rear),Other (explain in narrative):  Other,None Indicated,,Daylight,Dry,Clear,None apparent,Non-intersection:  Non-junction/no special feature,Paved,,Property Damage Only,0,0,0,0,0,0,1800,2,2,,POINT (-93.753802137816 41.688345631156)