Iowa DOT Case Number,Law Enforcement Case Number,Date of Crash,Month of Crash,Day of Week,Time of Crash,Hour,DOT District,City Name,County Name,Route with System,Location Description,First Harmful Event,Location of First Harmful Event,Manner of Crash/Collision,Major Cause,Drug or Alcohol ,Environmental Conditions,Light Conditions,Surface Conditions,Weather Conditions,Roadway Contribution,Roadway Type,Roadway Surface,Work Zone,Crash Severity,Number of Fatalities,Number of Injuries,Number of Major Injuries,Number of Minor Injuries,Number of Possible Injuries,Number of Unknown Injuries,Amount of Property Damage,Number of Vehicles Involved,Total Number of Occupants,Travel Direction,Location
2014826160,14110990,11/08/2014,11-November,7-Saturday,14:24,1400 Hours,District 2 (Northeast),CEDAR FALLS,BLACK HAWK,IA 27,IA 27,Collision with:  Vehicle in traffic,On Roadway,Rear-end (front to rear),Followed too close,None Indicated,,Daylight,Dry,Clear,None apparent,Non-intersection:  Non-junction/no special feature,Paved,,Property Damage Only,0,0,0,0,0,0,4400,2,6,,POINT (-92.450310211461 42.490197541681)
2014825716,143428,11/08/2014,11-November,7-Saturday,08:34,0800 Hours,District 3 (Northwest),DENISON,CRAWFORD,,ARROWHEAD DR,Collision with:  Vehicle in traffic,On Roadway,Broadside (front to side),FTYROW:  From driveway,None Indicated,,Daylight,Dry,Cloudy,None apparent,Non-intersection:  Driveway access (within),Paved,,Property Damage Only,0,0,0,0,0,0,5000,2,2,,POINT (-95.372142695981 42.024096500642)
2014826791,2014062751,11/08/2014,11-November,7-Saturday,20:20,2000 Hours,District 4 (Southwest),,POTTAWATTAMIE,I-80,I-80,Collision with:  Animal,,,Animal,None Indicated,,,,,,,Paved,,Property Damage Only,0,0,0,0,0,0,5500,1,1,,POINT (-95.164063381007 41.498216216315)
2014825945,14-2503,11/08/2014,11-November,7-Saturday,09:45,0900 Hours,District 1 (Central),URBANDALE,POLK,,MEREDITH DR,Collision with:  Vehicle in traffic,On Roadway,"Angle, oncoming left turn",FTYROW:  Making left turn,None Indicated,,Daylight,Dry,Cloudy,None apparent,Intersection:  Four-way intersection,Paved,,Possible/Unknown,0,1,0,0,1,0,10000,2,3,,POINT (-93.697904206639 41.643969353294)
2014834513,1-14-000427,11/08/2014,11-November,7-Saturday,05:26,0500 Hours,District 4 (Southwest),,SHELBY,IA 173,IA 173/IOWA 173,Collision with fixed object:  Ditch,Shoulder,Non-collision (single vehicle),"Operating vehicle in an reckless, erratic, careless, negligent manner",Alcohol (Statutory),,Dark - roadway not lighted,Dry,Clear,None apparent,Non-intersection:  Non-junction/no special feature,Paved,,Minor Injury,0,1,0,1,0,0,5300,1,1,,POINT (-95.060059081266 41.518446581327)
2014836906,14-007770,11/08/2014,11-November,7-Saturday,06:45,0600 Hours,District 3 (Northwest),WHITING,MONONA,I-29,I-29,Collision with:  Animal,On Roadway,Non-collision (single vehicle),Animal,None Indicated,,Dawn,Dry,Clear,None apparent,Non-intersection:  Non-junction/no special feature,Paved,,Possible/Unknown,0,1,0,0,0,1,2500,1,1,,POINT (-96.226856242139 42.164812523279)
2014827430,14110994,11/08/2014,11-November,7-Saturday,14:58,1400 Hours,District 2 (Northeast),CEDAR FALLS,BLACK HAWK,IA 27,IA 27,Collision with:  Vehicle in traffic,On Roadway,Rear-end (front to rear),Driving too fast for conditions,None Indicated,,Daylight,Dry,Clear,None apparent,Non-intersection:  Non-junction/no special feature,Paved,,Property Damage Only,0,0,0,0,0,0,3000,2,3,,POINT (-92.449839211125 42.489790018318)
2014827032,14-017657,11/08/2014,11-November,7-Saturday,20:28,2000 Hours,District 2 (Northeast),,FLOYD,US 18,US 18,,On Roadway,Non-collision (single vehicle),Animal,None Indicated,,Dark - roadway not lighted,Dry,Clear,None apparent,Non-intersection:  Non-junction/no special feature,Paved,,Property Damage Only,0,0,0,0,0,0,10000,1,2,,POINT (-92.968729401746 43.116360158788)
2014826472,A14084,11/08/2014,11-November,7-Saturday,19:47,1900 Hours,District 5 (Southeast),KNOXVILLE,MARION,IA 14,IA 14/LINCOLN ST & W ROBINSON ST,Collision with:  Vehicle in traffic,On Roadway,"Angle, oncoming left turn",FTYROW:  Making left turn,None Indicated,,Dark - roadway lighted,Dry,Cloudy,None apparent,Intersection:  Four-way intersection,Paved,,Property Damage Only,0,0,0,0,0,0,5000,2,3,,POINT (-93.109527272728 41.317983418321)
2014826236,2014062778,11/08/2014,11-November,7-Saturday,23:35,2300 Hours,District 1 (Central),,TAMA,US 30,US 30,Collision with:  Animal,On Roadway,Non-collision (single vehicle),Animal,None Indicated,,Dark - roadway not lighted,Dry,Cloudy,None apparent,Non-intersection:  Non-junction/no special feature,Paved,,Major Injury,0,2,1,1,0,0,20000,1,2,,POINT (-92.60785825763 41.988736367961)
2014826094,2014012574,11/08/2014,11-November,7-Saturday,18:49,1800 Hours,District 6 (East Central),IOWA CITY,JOHNSON,IA 1,IA 1/E BURLINGTON ST/DODGE ST,Collision with:  Vehicle in traffic,On Roadway,Rear-end (front to rear),"Operating vehicle in an reckless, erratic, careless, negligent manner",None Indicated,,Dark - roadway lighted,Dry,Clear,None apparent,Non-intersection:  Non-junction/no special feature,Paved,,Property Damage Only,0,0,0,0,0,0,1600,2,2,,POINT (-91.52580347772 41.657791154871)
2014825972,2014012546,11/08/2014,11-November,7-Saturday,06:56,0600 Hours,District 6 (East Central),IOWA CITY,JOHNSON,,4TH AVE,Collision with:  Parked motor vehicle,On Roadway,Head-on (front to front),Crossed centerline (undivided),None Indicated,,Daylight,Dry,Cloudy,None apparent,Non-intersection:  Non-junction/no special feature,Paved,,Property Damage Only,0,0,0,0,0,0,7000,2,1,,POINT (-91.506305780802 41.64814523272)
2014827627,SO14-1397,11/08/2014,11-November,7-Saturday,07:30,0700 Hours,District 2 (Northeast),,WRIGHT,,Co Rd C70/330TH ST,Collision with:  Animal,,,Animal,None Indicated,,,,,,,Paved,,Property Damage Only,0,0,0,0,0,0,3500,1,1,,POINT (-93.77065317883 42.572056903261)
2014825983,14-3591,11/08/2014,11-November,7-Saturday,07:30,0700 Hours,District 1 (Central),FORT DODGE,WEBSTER,,3RD AVE S,Collision with:  Parked motor vehicle,On Roadway,Unknown,Unknown,None Indicated,,Daylight,Dry,Clear,None apparent,Non-intersection:  Non-junction/no special feature,Paved,,Property Damage Only,0,0,0,0,0,0,1500,2,1,,POINT (-94.171981547826 42.503120428654)
2014825882,2014062728,11/08/2014,11-November,7-Saturday,16:20,1600 Hours,District 3 (Northwest),,WOODBURY,US 20,US 20 & Co Rd K42/DELAWARE AVE,Collision with:  Vehicle in traffic,Median,"Sideswipe, opposite direction",Made improper turn,None Indicated,,Daylight,Dry,Cloudy,None apparent,Non-intersection:  Crossover-related,Paved,,Property Damage Only,0,0,0,0,0,0,3000,2,3,,POINT (-96.213590323481 42.475203280825)
2014826403,14-005288,11/08/2014,11-November,7-Saturday,18:07,1800 Hours,District 1 (Central),AMES,STORY,,S DAYTON AVE,Non-collision events:  Other non-collision (explain in narrative),On Roadway,Rear-end (front to rear),Unknown,None Indicated,,Dark - roadway lighted,Dry,Clear,None apparent,Non-intersection:  Non-junction/no special feature,Paved,,Property Damage Only,0,0,0,0,0,0,2500,2,1,,POINT (-93.586537983401 42.007587192803)
2014825967,14-047522,11/08/2014,11-November,7-Saturday,18:19,1800 Hours,District 4 (Southwest),COUNCIL BLUFFS,POTTAWATTAMIE,I-29,I-29,Collision with:  Vehicle in traffic,On Roadway,Rear-end (front to rear),Followed too close,None Indicated,,Dark - roadway lighted,Dry,Clear,None apparent,Non-intersection:  Non-junction/no special feature,Paved,,Property Damage Only,0,0,0,0,0,0,2000,3,7,,POINT (-95.865339772757 41.232221782148)
2014825883,2014062773,11/08/2014,11-November,7-Saturday,22:45,2200 Hours,District 2 (Northeast),,WORTH,I-35,I-35,Collision with:  Animal,On Roadway,Non-collision (single vehicle),Animal,None Indicated,,Dark - roadway not lighted,Dry,Clear,None apparent,Non-intersection:  Non-junction/no special feature,Paved,,Possible/Unknown,0,2,0,0,2,0,10000,1,2,,POINT (-93.349635309645 43.272387262086)
2014826932,2014062739,11/08/2014,11-November,7-Saturday,17:50,1700 Hours,District 4 (Southwest),,POTTAWATTAMIE,I-29,I-29,Collision with:  Animal,,,Animal,None Indicated,,,,,,,Paved,,Property Damage Only,0,0,0,0,0,0,2500,1,1,,POINT (-95.901026258131 41.491813570688)
2014825769,20140033355,11/08/2014,11-November,7-Saturday,13:34,1300 Hours,District 1 (Central),DES MOINES,POLK,,COTTAGE GROVE AVE & 26TH ST,Collision with:  Parked motor vehicle,On Roadway,Rear-end (front to rear),Unknown,None Indicated,,Daylight,Dry,Cloudy,None apparent,Intersection:  Four-way intersection,Paved,,Minor Injury,0,1,0,1,0,0,8800,4,1,,POINT (-93.652167315159 41.597634729778)
2014829210,,11/08/2014,11-November,7-Saturday,09:46,0900 Hours,District 5 (Southeast),CHARITON,LUCAS,,WOODLAWN AVE & S 4TH ST,Collision with:  Vehicle in traffic,On Roadway,Head-on (front to front),Crossed centerline (undivided),None Indicated,,Daylight,"Mud, dirt",Clear,None apparent,Intersection:  T-intersection,Unpaved,,Property Damage Only,0,0,0,0,0,0,8000,2,3,,POINT (-93.298688460382 41.010989852057)
2014830952,146580,11/08/2014,11-November,7-Saturday,18:02,1800 Hours,District 1 (Central),,HARDIN,US 20,US 20,Collision with:  Animal,,,Animal,None Indicated,,,,,,,Paved,,Property Damage Only,0,0,0,0,0,0,1500,1,1,,POINT (-93.178185737976 42.426372346859)
2014833001,,11/08/2014,11-November,7-Saturday,10:45,1000 Hours,District 2 (Northeast),CLEAR LAKE,CERRO GORDO,US 18,US 18 & N 16TH ST W,Collision with:  Vehicle in traffic,On Roadway,Rear-end (front to rear),Other (explain in narrative):  Other,None Indicated,,Daylight,Dry,Clear,None apparent,Intersection:  Four-way intersection,Paved,,Minor Injury,0,2,0,2,0,0,7000,2,3,,POINT (-93.408505256416 43.14168634873)
2014826871,14-34689,11/08/2014,11-November,7-Saturday,17:49,1700 Hours,District 5 (Southeast),FORT MADISON,LEE,,BUS US 61,Collision with:  Animal,,,Animal,None Indicated,,,,,,,Paved,,Property Damage Only,0,0,0,0,0,0,3500,1,1,,POINT (-91.271488034097 40.66473567733)
2014825786,20140033410,11/08/2014,11-November,7-Saturday,23:30,2300 Hours,District 1 (Central),DES MOINES,POLK,,COTTAGE GROVE AVE & MLK JR PKWY,Collision with:  Vehicle in traffic,On Roadway,Broadside (front to side),Ran Traffic Signal,None Indicated,,Dark - roadway lighted,Dry,Clear,None apparent,Intersection:  Four-way intersection,Paved,,Property Damage Only,0,0,0,0,0,0,1500,2,5,,POINT (-93.644347304609 41.594373170067)
2014825714,1411082381,11/08/2014,11-November,7-Saturday,01:10,0100 Hours,District 6 (East Central),DE WITT,CLINTON,US 61,US 61,Collision with:  Animal,,,Animal,None Indicated,,,,,,,Paved,,Property Damage Only,0,0,0,0,0,0,7500,1,1,,POINT (-90.567314706035 41.802138584019)
2014825728,J14000911,11/08/2014,11-November,7-Saturday,18:00,1800 Hours,District 6 (East Central),,JOHNSON,I-380,I-380,Collision with fixed object:  Guardrail - face,On Roadway,Non-collision (single vehicle),Swerving/Evasive Action,None Indicated,,Dark - roadway not lighted,Dry,Cloudy,None apparent,Non-intersection:  Non-junction/no special feature,Paved,,Property Damage Only,0,0,0,0,0,0,11500,1,2,,POINT (-91.646739152565 41.78471678401)
2014826849,201404099,11/08/2014,11-November,7-Saturday,18:37,1800 Hours,District 6 (East Central),,LINN,,Co Rd W54/CLUB RD,Non-collision events:  Other non-collision (explain in narrative),On Roadway,Non-collision (single vehicle),Swerving/Evasive Action,None Indicated,,Dark - roadway not lighted,Dry,Clear,None apparent,Non-intersection:  Non-junction/no special feature,Paved,,Property Damage Only,0,0,0,0,0,0,5000,1,1,,POINT (-91.64650230251 41.87198848391)
2014827013,14-37027,11/08/2014,11-November,7-Saturday,10:39,1000 Hours,District 3 (Northwest),SIOUX CITY,WOODBURY,,27TH ST & VIRGINIA ST,Collision with:  Parked motor vehicle,On Roadway,"Sideswipe, same direction",Unknown,None Indicated,,Daylight,Dry,Cloudy,None apparent,Intersection:  Four-way intersection,Paved,,Property Damage Only,0,0,0,0,0,0,1500,2,1,,POINT (-96.398513843664 42.517560163966)
2014825827,14-5636,11/08/2014,11-November,7-Saturday,15:46,1500 Hours,District 1 (Central),WEST DES MOINES,POLK,,MILLS CIVIC PKWY,Collision with:  Vehicle in traffic,On Roadway,Rear-end (front to rear),Followed too close,None Indicated,,Daylight,Dry,Clear,None apparent,Non-intersection:  Non-junction/no special feature,Paved,,Property Damage Only,0,0,0,0,0,0,4350,3,10,,POINT (-93.783465941176 41.559101660834)
2014827014,14-37033,11/08/2014,11-November,7-Saturday,12:27,1200 Hours,District 3 (Northwest),SIOUX CITY,WOODBURY,,SERGEANT RD & S LAKEPORT ST,Collision with:  Vehicle in traffic,On Roadway,"Sideswipe, same direction",Crossed centerline (undivided),None Indicated,,Daylight,Dry,Clear,None apparent,Intersection:  Four-way intersection,Paved,,Property Damage Only,0,0,0,0,0,0,2800,2,4,,POINT (-96.346430110158 42.447337451988)
2014826154,2014-5534,11/08/2014,11-November,7-Saturday,10:31,1000 Hours,District 4 (Southwest),WAUKEE,DALLAS,US 6,US 6/HICKMAN AVE & BERKSHIRE PKWY & SE WACO PL,Collision with:  Vehicle in traffic,On Roadway,Rear-end (front to rear),Unknown,None Indicated,,Daylight,Dry,Cloudy,None apparent,Non-intersection:  Non-junction/no special feature,Paved,,Property Damage Only,0,0,0,0,0,0,1500,2,6,,POINT (-93.845378148583 41.614949121338)
2014825750,14-7410,11/08/2014,11-November,7-Saturday,07:35,0700 Hours,District 1 (Central),BONDURANT,POLK,US 65,US 65/HUBBELL AVE & OLESON DR SE,Collision with:  Vehicle in traffic,On Roadway,"Angle, oncoming left turn",FTYROW:  Making left turn,None Indicated,,Daylight,Dry,Clear,None apparent,Intersection:  Four-way intersection,Paved,,Property Damage Only,0,0,0,0,0,0,5500,2,2,,POINT (-93.459703129554 41.6896461475)
2014825704,W14-111123,11/08/2014,11-November,7-Saturday,22:42,2200 Hours,District 2 (Northeast),WATERLOO,BLACK HAWK,,COURTLAND ST & FRANKLIN ST,Collision with:  Vehicle in traffic,On Roadway,Broadside (front to side),Other (explain in narrative):  Other,None Indicated,,Dark - roadway lighted,Dry,Cloudy,None apparent,Intersection:  Other intersection (explain in narrative),Paved,,Minor Injury,0,1,0,1,0,0,8400,2,3,,POINT (-92.327966323248 42.497182398281)
2014834106,,11/08/2014,11-November,7-Saturday,19:45,1900 Hours,District 2 (Northeast),,CHICKASAW,,Co Rd B33/160TH ST,Collision with:  Animal,On Roadway,Non-collision (single vehicle),Animal,None Indicated,,Dark - roadway not lighted,Dry,Cloudy,None apparent,Non-intersection:  Non-junction/no special feature,Paved,,Property Damage Only,0,0,0,0,0,0,15000,1,1,,POINT (-92.106000931326 43.130656552483)
2014827038,14-0635,11/08/2014,11-November,7-Saturday,01:00,0100 Hours,District 1 (Central),,WEBSTER,,Co Rd P29/BAXTER AVE,Unknown,On Roadway,Non-collision (single vehicle),Unknown,None Indicated,,Dark - roadway not lighted,Unknown,Clear,Unknown,Unknown,Paved,,Property Damage Only,0,0,0,0,0,0,3500,1,1,,POINT (-94.378639806308 42.334943179531)
2014825739,14680867,11/08/2014,11-November,7-Saturday,06:38,0600 Hours,District 5 (Southeast),,MONROE,IA 5,IA 5/IOWA 5,Collision with:  Animal,,,Animal,None Indicated,,,,,,,Paved,,Property Damage Only,0,0,0,0,0,0,1500,1,1,,POINT (-92.819480269504 40.986877219249)
2014830526,14214,11/08/2014,11-November,7-Saturday,05:59,0500 Hours,District 5 (Southeast),PELLA,MARION,,UNIVERSITY ST & W 3RD ST,Collision with fixed object:  Utility pole/light support,On Roadway,Non-collision (single vehicle),Other (explain in narrative):  Other,None Indicated,,Dark - roadway lighted,Dry,Severe winds,None apparent,Non-intersection:  Non-junction/no special feature,Paved,,Property Damage Only,0,0,0,0,0,0,5100,1,1,,POINT (-92.923556147164 41.400214181861)
2014827977,,11/08/2014,11-November,7-Saturday,18:45,1800 Hours,District 1 (Central),,TAMA,US 30,US 30,Collision with:  Animal,On Roadway,Non-collision (single vehicle),Animal,None Indicated,,Dark - roadway not lighted,Dry,Clear,None apparent,Non-intersection:  Other non-intersection (explain in narrative),Paved,,Property Damage Only,0,0,0,0,0,0,11000,1,1,,POINT (-92.5542712447 41.972716092959)
2014825768,20140033354,11/08/2014,11-November,7-Saturday,12:45,1200 Hours,District 1 (Central),DES MOINES,POLK,,3RD ST,Collision with:  Vehicle in traffic,On Roadway,"Sideswipe, same direction",Crossed centerline (undivided),None Indicated,,Daylight,Dry,Clear,None apparent,Non-intersection:  Non-junction/no special feature,Paved,,Property Damage Only,0,0,0,0,0,0,4500,2,4,,POINT (-93.621485452031 41.591427557114)
2014826977,14-7415,11/08/2014,11-November,7-Saturday,16:05,1600 Hours,District 1 (Central),,POLK,US 65,US 65,Collision with fixed object:  Traffic sign support,On Roadway,Non-collision (single vehicle),Crossed centerline (undivided),None Indicated,,Daylight,Dry,Clear,None apparent,Non-intersection:  Non-junction/no special feature,Paved,,Property Damage Only,0,0,0,0,0,0,8100,1,1,,POINT (-93.493056873706 41.619837421676)
2014825985,14-40101,11/08/2014,11-November,7-Saturday,10:33,1000 Hours,District 5 (Southeast),BURLINGTON,DES MOINES,,MAIN ST,Collision with:  Vehicle in traffic,On Roadway,"Sideswipe, same direction",Unknown,None Indicated,,Daylight,Dry,Clear,None apparent,Non-intersection:  Non-junction/no special feature,Paved,,Property Damage Only,0,0,0,0,0,0,3500,2,1,,POINT (-91.098610273245 40.79274939652)
2014826897,201416783,11/08/2014,11-November,7-Saturday,13:56,1300 Hours,District 6 (East Central),CEDAR RAPIDS,LINN,I-380,I-380,Collision with:  Vehicle in traffic,On Roadway,Rear-end (front to rear),Other (explain in narrative):  Other,None Indicated,,Daylight,Dry,Cloudy,None apparent,Intersection:  Four-way intersection,Paved,,Property Damage Only,0,0,0,0,0,0,4000,2,2,,POINT (-91.673227861541 41.890718864389)
2014826961,14-141108-01,11/08/2014,11-November,7-Saturday,09:00,0900 Hours,District 6 (East Central),,IOWA,,J AVE,Collision with:  Animal,,,Animal,None Indicated,,,,,,,Unpaved,,Property Damage Only,0,0,0,0,0,0,2000,1,1,,POINT (-92.123820862731 41.737376536589)
2014827444,14-5638,11/08/2014,11-November,7-Saturday,18:14,1800 Hours,District 1 (Central),WEST DES MOINES,POLK,IA 28,IA 28/63RD ST & RAILROAD AVE,Collision with:  Vehicle in traffic,On Roadway,"Angle, oncoming left turn",FTYROW:  Making left turn,None Indicated,,Dark - roadway lighted,Dry,Clear,None apparent,Intersection:  Four-way intersection,Paved,,Property Damage Only,0,0,0,0,0,0,1600,2,2,,POINT (-93.703230334083 41.569429292361)
2014835358,14003847,11/08/2014,11-November,7-Saturday,14:55,1400 Hours,District 5 (Southeast),SIGOURNEY,KEOKUK,,180TH AVE,Collision with fixed object:  Ditch,On Roadway,Non-collision (single vehicle),Ran off road - left,None Indicated,,Daylight,Dry,Cloudy,None apparent,Non-intersection:  Non-junction/no special feature,Unpaved,,Minor Injury,0,1,0,1,0,0,7500,1,2,,POINT (-92.257788891499 41.336261043795)
2014825770,20140033365,11/08/2014,11-November,7-Saturday,14:57,1400 Hours,District 1 (Central),DES MOINES,POLK,IA 28,IA 28/IOWA 5,Collision with:  Animal,On Roadway,Non-collision (single vehicle),Animal,None Indicated,,Daylight,Dry,Clear,None apparent,Non-intersection:  Non-junction/no special feature,Paved,,Major Injury,0,1,1,0,0,0,20000,1,1,,POINT (-93.696938380648 41.524115850356)
2014832060,,11/08/2014,11-November,7-Saturday,03:00,0300 Hours,District 2 (Northeast),,WINNESHIEK,,MADISON RD,Collision with fixed object:  Mailbox,Roadside,Non-collision (single vehicle),Ran off road - right,Alcohol (Statutory),,Dark - roadway not lighted,Dry,Clear,None apparent,Non-intersection:  Non-junction/no special feature,Paved,,Minor Injury,0,1,0,1,0,0,14050,1,1,,POINT (-91.838826568817 43.310987823859)
2014825783,20140033347,11/08/2014,11-November,7-Saturday,11:55,1100 Hours,District 1 (Central),DES MOINES,POLK,,SENECA AVE & 9TH ST,Collision with:  Vehicle in traffic,On Roadway,Broadside (front to side),FTYROW:  From stop sign,None Indicated,,Daylight,Dry,Clear,None apparent,Intersection:  Four-way intersection,Paved,,Property Damage Only,0,0,0,0,0,0,5000,2,2,,POINT (-93.629623572778 41.631267219893)
2014826789,2014062678,11/08/2014,11-November,7-Saturday,06:18,0600 Hours,District 6 (East Central),,CEDAR,I-80,I-80,Collision with:  Animal,,,Animal,None Indicated,,,,,,,Paved,,Property Damage Only,0,0,0,0,0,0,2000,1,1,,POINT (-91.315733945908 41.663388597613)
2014826142,14013742,11/08/2014,11-November,7-Saturday,21:45,2100 Hours,District 1 (Central),,TAMA,,R AVE,Non-collision events:  Overturn/rollover,Shoulder,Non-collision (single vehicle),Ran off road - right,None Indicated,,Dark - roadway not lighted,Dry,Clear,"Shoulders (none, low, soft, high)",Non-intersection:  Non-junction/no special feature,Unpaved,,Property Damage Only,0,0,0,0,0,0,4000,1,1,,POINT (-92.435066366938 42.070309159115)
2014828071,14-005287,11/08/2014,11-November,7-Saturday,18:09,1800 Hours,District 1 (Central),AMES,STORY,US 30,US 30,Collision with:  Vehicle in traffic,On Roadway,Rear-end (front to rear),Other (explain in narrative):  Other,None Indicated,,Dark - roadway not lighted,Dry,Cloudy,None apparent,Non-intersection:  Non-junction/no special feature,Paved,,Minor Injury,0,1,0,1,0,0,8200,2,2,,POINT (-93.58465844179 42.006741153686)
2014825924,S14-004459,11/08/2014,11-November,7-Saturday,10:20,1000 Hours,District 4 (Southwest),,POTTAWATTAMIE,IA 92,IA 92/IOWA 92,Collision with:  Vehicle in traffic,On Roadway,Broadside (front to side),FTYROW:  From driveway,None Indicated,,Daylight,Dry,Clear,None apparent,Non-intersection:  Driveway access (within),Paved,,Minor Injury,0,1,0,1,0,0,14000,2,2,,POINT (-95.497758199769 41.232565093854)
2014826876,14034642,11/08/2014,11-November,7-Saturday,08:10,0800 Hours,District 5 (Southeast),,LEE,US 61,US 61,Collision with:  Animal,,,Animal,None Indicated,,,,,,,Paved,,Property Damage Only,0,0,0,0,0,0,1500,1,1,,POINT (-91.30898250562 40.670596838564)
2014826831,201416755,11/08/2014,11-November,7-Saturday,23:55,2300 Hours,District 6 (East Central),CEDAR RAPIDS,LINN,IA 922,IA 922/1ST AVE E & 1ST ST NE & 1ST ST SE,Collision with:  Vehicle in traffic,On Roadway,Rear-end (front to rear),Unknown,None Indicated,,Dark - roadway not lighted,Dry,Clear,None apparent,Intersection:  Four-way intersection,Paved,,Possible/Unknown,0,1,0,0,1,0,1500,2,2,,POINT (-91.669883209047 41.978061300286)
2014825712,W14-110974,11/08/2014,11-November,7-Saturday,13:25,1300 Hours,District 2 (Northeast),WATERLOO,BLACK HAWK,US 63,US 63/E MULLAN AVE & BROADWAY ST,Collision with:  Vehicle in traffic,On Roadway,Broadside (front to side),Ran Traffic Signal,None Indicated,,Daylight,Dry,Clear,None apparent,Intersection:  Four-way intersection,Paved,,Minor Injury,0,1,0,1,0,0,15000,3,2,,POINT (-92.338384026489 42.504078434597)
2014826137,14-013725,11/08/2014,11-November,7-Saturday,17:36,1700 Hours,District 1 (Central),CHELSEA,TAMA,US 30,US 30,Non-collision events:  Other non-collision (explain in narrative),On Roadway,Non-collision (single vehicle),Other (explain in narrative):  No improper action,None Indicated,,Dusk,Dry,Clear,None apparent,Non-intersection:  Non-junction/no special feature,Paved,,Minor Injury,0,1,0,1,0,0,1500,1,2,,POINT (-92.408768933204 41.964043037657)
2014827865,2014062740,11/08/2014,11-November,7-Saturday,18:15,1800 Hours,District 1 (Central),,GREENE,,Co Rd E53/235TH & PARKLAND AVE,Collision with:  Animal,On Roadway,Non-collision (single vehicle),Animal,None Indicated,,Dark - roadway lighted,Dry,Cloudy,None apparent,Non-intersection:  Non-junction/no special feature,Paved,,Property Damage Only,0,0,0,0,0,0,3000,1,1,,POINT (-94.333848400423 42.015151438274)
2014833093,2014-81-AC,11/08/2014,11-November,7-Saturday,18:12,1800 Hours,District 3 (Northwest),,DICKINSON,,Co Rd A48/240TH ST & Co Rd M54/270TH AVE,Non-collision events:  Overturn/rollover,On Roadway,Non-collision (single vehicle),Ran off road - straight,None Indicated,,Dark - roadway not lighted,Dry,Clear,None apparent,Non-intersection:  Non-junction/no special feature,Paved,,Possible/Unknown,0,1,0,0,1,0,4000,1,1,,POINT (-95.052697888099 43.298864809756)
2014825719,143438,11/08/2014,11-November,7-Saturday,18:23,1800 Hours,District 3 (Northwest),DENISON,CRAWFORD,,Co Rd M36/DONNA REED RD & BOULDERS DR,Collision with:  Animal,,,Animal,None Indicated,,,,,,,Paved,,Property Damage Only,0,0,0,0,0,0,5500,1,1,,POINT (-95.334208645394 42.005710156086)
2014825825,14-002560,11/08/2014,11-November,7-Saturday,19:23,1900 Hours,District 1 (Central),ALTOONA,POLK,I-80,I-80 & US 6/FREDERICK M HUBBELL AVE,Collision with:  Vehicle in traffic,On Roadway,Rear-end (front to rear),Driver Distraction:  Manual operation of an electronic communication device,None Indicated,,Dark - roadway lighted,Dry,Cloudy,None apparent,Intersection:  Intersection with ramp,Paved,,Property Damage Only,0,0,0,0,0,0,8000,2,2,,POINT (-93.495927776189 41.660825816968)
2014825774,20140033398,11/08/2014,11-November,7-Saturday,21:45,2100 Hours,District 1 (Central),DES MOINES,POLK,,UNIVERSITY AVE,Collision with:  Vehicle in traffic,On Roadway,"Angle, oncoming left turn",FTYROW:  Making left turn,None Indicated,,Dark - roadway lighted,Dry,Cloudy,None apparent,Non-intersection:  Driveway access (within),Paved,,Property Damage Only,0,0,0,0,0,0,2000,2,3,,POINT (-93.667422429766 41.600348427466)
2014825849,14S01758,11/08/2014,11-November,7-Saturday,14:35,1400 Hours,District 4 (Southwest),,UNION,US 34,US 34 & IRIS AVE,Collision with:  Vehicle in traffic,On Roadway,Broadside (front to side),Ran Stop Sign,None Indicated,,Daylight,Dry,Clear,None apparent,Intersection:  Four-way intersection,Paved,,Possible/Unknown,0,1,0,0,1,0,6000,2,2,,POINT (-94.318082739666 41.050194726696)
2014825698,W14-111009,11/08/2014,11-November,7-Saturday,15:44,1500 Hours,District 2 (Northeast),WATERLOO,BLACK HAWK,,MIDWAY DR,Collision with:  Vehicle in traffic,On Roadway,Rear-end (front to rear),Followed too close,None Indicated,,Daylight,Dry,Cloudy,None apparent,Intersection:  Other intersection (explain in narrative),Paved,,Property Damage Only,0,0,0,0,0,0,2000,2,4,,POINT (-92.406392591014 42.505792743108)
2014825857,14-019063,11/08/2014,11-November,7-Saturday,23:53,2300 Hours,District 5 (Southeast),,HENRY,,Co Rd H46/OAKLAND MILLS RD,Collision with:  Animal,,,Animal,None Indicated,,,,,,,Paved,,Property Damage Only,0,0,0,0,0,0,1800,1,1,,POINT (-91.570788907421 40.945820153843)
2014826060,14009678,11/08/2014,11-November,7-Saturday,23:55,2300 Hours,District 6 (East Central),,DELAWARE,,QUARTER RD,Collision with fixed object:  Utility pole/light support,Roadside,Non-collision (single vehicle),Ran off road - right,None Indicated,,Dark - roadway not lighted,Dry,Clear,None apparent,Non-intersection:  Non-junction/no special feature,Unpaved,,Property Damage Only,0,0,0,0,0,0,1500,1,1,,POINT (-91.289833927327 42.384502274641)
2014826370,14-009423,11/08/2014,11-November,7-Saturday,21:35,2100 Hours,District 2 (Northeast),,CLAYTON,US 52,US 52,Collision with:  Animal,,,Animal,None Indicated,,,,,,,Paved,,Property Damage Only,0,0,0,0,0,0,10000,1,1,,POINT (-91.072013420471 42.7235907152)