Iowa DOT Case Number,Law Enforcement Case Number,Date of Crash,Month of Crash,Day of Week,Time of Crash,Hour,DOT District,City Name,County Name,Route with System,Location Description,First Harmful Event,Location of First Harmful Event,Manner of Crash/Collision,Major Cause,Drug or Alcohol ,Environmental Conditions,Light Conditions,Surface Conditions,Weather Conditions,Roadway Contribution,Roadway Type,Roadway Surface,Work Zone,Crash Severity,Number of Fatalities,Number of Injuries,Number of Major Injuries,Number of Minor Injuries,Number of Possible Injuries,Number of Unknown Injuries,Amount of Property Damage,Number of Vehicles Involved,Total Number of Occupants,Travel Direction,Location
2014826036,14C05027,11/08/2014,11-November,7-Saturday,11:08,1100 Hours,District 4 (Southwest),CRESTON,UNION,IA 25,IA 25/S SUMNER AVE & NEW YORK AVE & SHELDON AVE,Collision with:  Vehicle in traffic,On Roadway,"Angle, oncoming left turn",Unknown,None Indicated,,Daylight,Dry,Cloudy,None apparent,Intersection:  Four-way intersection,Paved,,Property Damage Only,0,0,0,0,0,0,2000,2,2,,POINT (-94.371640881911 41.051956692374)
2014825771,20140033377,11/08/2014,11-November,7-Saturday,17:25,1700 Hours,District 1 (Central),DES MOINES,POLK,,PROSPECT RD & MLK JR PKWY,Collision with:  Vehicle in traffic,On Roadway,Broadside (front to side),FTYROW:  From stop sign,None Indicated,,Dusk,Dry,Clear,None apparent,Intersection:  T-intersection,Paved,,Possible/Unknown,0,1,0,0,1,0,8000,2,2,,POINT (-93.648107137316 41.619977567408)
2014825925,S14-004462,11/08/2014,11-November,7-Saturday,02:09,0200 Hours,District 4 (Southwest),,POTTAWATTAMIE,I-80,I-80,Collision with:  Animal,,,Animal,None Indicated,,,,,,,Paved,,Property Damage Only,0,0,0,0,0,0,3000,1,1,,POINT (-95.589755364884 41.476634115907)
2014826166,2014-001775,11/08/2014,11-November,7-Saturday,17:58,1700 Hours,District 6 (East Central),ASBURY,DUBUQUE,,ASBURY RD & SEIPPEL RD,Collision with:  Vehicle in traffic,On Roadway,Unknown,Crossed centerline (undivided),Alcohol (Statutory),,Dark - roadway lighted,Dry,Cloudy,None apparent,Intersection:  Four-way intersection,Paved,,Property Damage Only,0,0,0,0,0,0,1500,2,4,,POINT (-90.77980375006 42.510656779651)
2014825917,14-5839,11/08/2014,11-November,7-Saturday,08:22,0800 Hours,District 6 (East Central),HIAWATHA,LINN,I-380,I-380 & BLAIRS FERRY RD NE,Collision with:  Vehicle in traffic,On Roadway,"Sideswipe, same direction",Crossed centerline (undivided),None Indicated,,Daylight,Dry,Cloudy,None apparent,Intersection:  Intersection with ramp,Paved,,Property Damage Only,0,0,0,0,0,0,4000,2,2,,POINT (-91.675321877565 42.034756449393)
2014836351,,11/08/2014,11-November,7-Saturday,21:31,2100 Hours,District 2 (Northeast),DECORAH,WINNESHIEK,IA 9,IA 9/IOWA 9,Collision with:  Animal,On Roadway,Non-collision (single vehicle),Animal,None Indicated,,Dark - roadway lighted,Dry,Cloudy,None apparent,Non-intersection:  Non-junction/no special feature,Paved,,Property Damage Only,0,0,0,0,0,0,2000,1,2,,POINT (-91.765124763935 43.290892141209)
2014827554,90-14-000392,11/08/2014,11-November,7-Saturday,18:25,1800 Hours,District 2 (Northeast),,HUMBOLDT,US 169,US 169/LINCOLN AVE,Collision with:  Animal,,,Animal,None Indicated,,,,,,,Paved,,Property Damage Only,0,0,0,0,0,0,2000,1,0,,POINT (-94.226565493878 42.686955891054)
2014825782,20140033345,11/08/2014,11-November,7-Saturday,11:50,1100 Hours,District 1 (Central),DES MOINES,POLK,US 69,US 69/SE 14TH ST & SCOTT AVE,Collision with:  Vehicle in traffic,On Roadway,Rear-end (front to rear),Other (explain in narrative):  Other,None Indicated,,Daylight,Dry,Cloudy,None apparent,Non-intersection:  Non-junction/no special feature,Paved,,Property Damage Only,0,0,0,0,0,0,8000,2,4,,POINT (-93.596853167735 41.583613670429)
2014827016,14-37042,11/08/2014,11-November,7-Saturday,13:22,1300 Hours,District 3 (Northwest),SIOUX CITY,WOODBURY,,3RD ST,Collision with:  Vehicle in traffic,On Roadway,"Sideswipe, same direction",Made improper turn,None Indicated,,Daylight,Dry,Clear,None apparent,Non-intersection:  Driveway access (within),Paved,,Property Damage Only,0,0,0,0,0,0,9000,2,6,,POINT (-96.40881730175 42.493058791132)
2014828287,2014062747,11/08/2014,11-November,7-Saturday,19:25,1900 Hours,District 5 (Southeast),,LUCAS,US 34,US 34 & 135TH TRL,Collision with:  Animal,,Non-collision (single vehicle),Animal,None Indicated,,,,,,,Paved,,Property Damage Only,0,0,0,0,0,0,5500,1,1,,POINT (-93.484851072808 41.028850882859)
2014826459,14-1374,11/08/2014,11-November,7-Saturday,21:28,2100 Hours,District 1 (Central),CLIVE,POLK,US 6,US 6/HICKMAN RD,Collision with:  Animal,On Roadway,Non-collision (single vehicle),Animal,None Indicated,,Dark - roadway not lighted,Dry,Clear,None apparent,Non-intersection:  Non-junction/no special feature,Paved,,Property Damage Only,0,0,0,0,0,0,2500,1,3,,POINT (-93.762103516855 41.614837804216)
2014825893,C14003560,11/08/2014,11-November,7-Saturday,20:51,2000 Hours,District 6 (East Central),CORALVILLE,JOHNSON,I-80,I-80 & IA 965/CORAL RIDGE AVE & COMMERCE DR,Collision with:  Vehicle in traffic,On Roadway,"Angle, oncoming left turn",Made improper turn,None Indicated,,Dark - roadway lighted,Dry,Clear,None apparent,Intersection:  Four-way intersection,Paved,,Property Damage Only,0,0,0,0,0,0,3500,2,4,,POINT (-91.608463777811 41.695966106141)
2014825841,14-002111,11/08/2014,11-November,7-Saturday,10:13,1000 Hours,District 2 (Northeast),,MITCHELL,IA 9,IA 9/IOWA 9,Collision with:  Vehicle in traffic,On Roadway,"Sideswipe, same direction",FTYROW:  Other (explain in narrative),None Indicated,,Daylight,Dry,Clear,None apparent,Non-intersection:  Driveway access (within),Paved,,Minor Injury,0,2,0,1,1,0,34500,2,2,,POINT (-92.622474103345 43.356554487352)
2014826358,14016619,11/08/2014,11-November,7-Saturday,03:00,0300 Hours,District 6 (East Central),,CEDAR,,Co Rd F36/250TH/CEDAR VALLEY RD & Co Rd X40/GARFIELD AVE,Collision with fixed object:  Ditch,Roadside,Non-collision (single vehicle),Ran Stop Sign,None Indicated,,Dark - roadway not lighted,Dry,Cloudy,None apparent,Intersection:  T-intersection,Paved,,Major Injury,0,1,1,0,0,0,2000,1,1,,POINT (-91.251565623302 41.728800168904)
2014844097,CP14-1094,11/08/2014,11-November,7-Saturday,10:40,1000 Hours,District 2 (Northeast),CLARION,WRIGHT,IA 3,IA 3/CENTRAL AVE & 2ND ST SW & 2ND ST NW,Collision with:  Vehicle in traffic,On Roadway,Rear-end (front to rear),Unknown,None Indicated,,Daylight,Dry,Clear,Work Zone (roadway-related),Intersection:  Other intersection (explain in narrative),Paved,Yes,Property Damage Only,0,0,0,0,0,0,1600,2,2,,POINT (-93.735441940308 42.731651028295)
2014826144,148607,11/08/2014,11-November,7-Saturday,11:07,1100 Hours,District 4 (Southwest),,DALLAS,,TRIANGLE LN,Collision with fixed object:  Ditch,On Roadway,Non-collision (single vehicle),Crossed centerline (undivided),None Indicated,,Daylight,Dry,Clear,None apparent,Non-intersection:  Non-junction/no special feature,Unpaved,,Property Damage Only,0,0,0,0,0,0,4000,1,1,,POINT (-94.067029143855 41.600504443814)
2014826149,2014-24241,11/08/2014,11-November,7-Saturday,21:30,2100 Hours,District 5 (Southeast),,WARREN,,20TH AVE,Collision with fixed object:  Ditch,On Roadway,Non-collision (single vehicle),Swerving/Evasive Action,None Indicated,,Dark - roadway lighted,"Mud, dirt",Cloudy,None apparent,Non-intersection:  Non-junction/no special feature,Unpaved,,Possible/Unknown,0,1,0,0,1,0,5000,1,1,,POINT (-93.770538940816 41.227937560536)
2014825718,143433,11/08/2014,11-November,7-Saturday,14:34,1400 Hours,District 3 (Northwest),DENISON,CRAWFORD,,1ST AVE N & N 15TH ST,Collision with:  Vehicle in traffic,On Roadway,Broadside (front to side),FTYROW:  From parked position,None Indicated,,Daylight,Dry,Clear,None apparent,Non-intersection:  Alley,Paved,,Property Damage Only,0,0,0,0,0,0,2000,2,4,,POINT (-95.351921891417 42.017821502935)
2014825929,20144098,11/08/2014,11-November,7-Saturday,00:30,0000 Hours,District 1 (Central),,GRUNDY,,225TH ST,Non-collision events:  Overturn/rollover,On Roadway,Non-collision (single vehicle),Ran off road - right,None Indicated,,Dark - roadway not lighted,"Mud, dirt",Cloudy,None apparent,Non-intersection:  Non-junction/no special feature,Unpaved,,Property Damage Only,0,0,0,0,0,0,3200,1,1,,POINT (-92.79292645789 42.376052142944)
2014826159,14110965,11/08/2014,11-November,7-Saturday,12:44,1200 Hours,District 2 (Northeast),CEDAR FALLS,BLACK HAWK,IA 27,IA 27,Collision with:  Vehicle in traffic,On Roadway,Rear-end (front to rear),Other (explain in narrative):  Other,None Indicated,,Daylight,Dry,Cloudy,None apparent,Non-intersection:  Non-junction/no special feature,Paved,,Property Damage Only,0,0,0,0,0,0,12200,4,9,,POINT (-92.451614758369 42.491302505495)
2014827017,14-37139,11/09/2014,11-November,1-Sunday,11:57,1100 Hours,District 3 (Northwest),SIOUX CITY,WOODBURY,,MILITARY RD,Collision with fixed object:  Utility pole/light support,Roadside,Non-collision (single vehicle),Ran off road - left,None Indicated,,Daylight,Dry,Cloudy,None apparent,Non-intersection:  Non-junction/no special feature,Paved,,Minor Injury,0,1,0,1,0,0,10242,1,2,,POINT (-96.456759818796 42.518499332393)
2014827973,,11/09/2014,11-November,1-Sunday,23:06,2300 Hours,District 1 (Central),DES MOINES,POLK,US 69,US 69/SE 14TH ST & E VIRGINIA AVE,Collision with:  Vehicle in traffic,On Roadway,Rear-end (front to rear),"Operating vehicle in an reckless, erratic, careless, negligent manner",Alcohol (Statutory),,Dark - roadway lighted,Dry,Clear,Work Zone (roadway-related),Non-intersection:  Non-junction/no special feature,Paved,Yes,Property Damage Only,0,0,0,0,0,0,1700,2,2,,POINT (-93.59685526822 41.557780769659)
2014825755,14-004843,11/09/2014,11-November,1-Sunday,07:53,0700 Hours,District 1 (Central),ANKENY,POLK,,SE NATIONAL DR & SE DELAWARE AVE,Collision with:  Vehicle in traffic,On Roadway,Rear-end (front to rear),Driver Distraction:  Inattentive/lost in thought,None Indicated,,Daylight,Dry,Clear,None apparent,Intersection:  Four-way intersection,Paved,,Possible/Unknown,0,2,0,0,2,0,13000,2,2,,POINT (-93.581326208595 41.704830687225)
2014828011,,11/09/2014,11-November,1-Sunday,20:30,2000 Hours,District 4 (Southwest),GLENWOOD,MILLS,US 34,US 34,Collision with:  Animal,On Roadway,Non-collision (single vehicle),Animal,None Indicated,,Dark - roadway not lighted,Dry,Clear,,Non-intersection:  Other non-intersection (explain in narrative),Paved,,Property Damage Only,0,0,0,0,0,0,6000,1,2,,POINT (-95.746771846795 41.030951379114)
2014825732,14023801,11/09/2014,11-November,1-Sunday,15:50,1500 Hours,District 6 (East Central),MARION,LINN,,A AVE & S 22ND ST,Collision with:  Vehicle in traffic,On Roadway,Rear-end (front to rear),FTYROW:  From driveway,None Indicated,,Daylight,Dry,Cloudy,None apparent,Non-intersection:  Driveway access (within),Paved,,Property Damage Only,0,0,0,0,0,0,1500,2,3,,POINT (-91.588920762684 42.02648549978)
2014836340,,11/09/2014,11-November,1-Sunday,09:32,0900 Hours,District 2 (Northeast),DECORAH,WINNESHIEK,,W MAIN ST,Collision with fixed object:  Other fixed object (explain in narrative),On Roadway,Unknown,Over correcting/over steering,None Indicated,,Daylight,Dry,Clear,None apparent,Non-intersection:  Non-junction/no special feature,Paved,,Property Damage Only,0,0,0,0,0,0,2500,1,1,,POINT (-91.790630062219 43.30327573382)
2014827098,2014-24336,11/09/2014,11-November,1-Sunday,13:22,1300 Hours,District 5 (Southeast),INDIANOLA,WARREN,US 65,US 65/N JEFFERSON WAY & E ORCHARD AVE,Collision with:  Non-motorist (see non-motorist section - NOT a unit),On Roadway,Non-collision (single vehicle),Other (explain in narrative):  No improper action,None Indicated,,Daylight,Dry,Clear,None apparent,Non-intersection:  Non-junction/no special feature,Paved,,Possible/Unknown,0,1,0,0,1,0,2100,1,1,,POINT (-93.558489458293 41.375968926927)
2014826061,14009681,11/09/2014,11-November,1-Sunday,00:39,0000 Hours,District 6 (East Central),,DELAWARE,,Co Rd C64/160TH ST,Non-collision events:  Overturn/rollover,On Roadway,Non-collision (single vehicle),Ran off road - left,None Indicated,,Dark - roadway not lighted,Dry,Clear,None apparent,Non-intersection:  Non-junction/no special feature,Paved,,Possible/Unknown,0,1,0,0,0,1,8300,1,1,,POINT (-91.16809394176 42.558696879462)
2014828556,2014-007091,11/09/2014,11-November,1-Sunday,19:01,1900 Hours,District 6 (East Central),,BENTON,IA 150,IA 150/24 AVE DR & DUDGEON LAKE WMA,Collision with:  Animal,,Non-collision (single vehicle),Animal,None Indicated,,,,,,,Paved,,Property Damage Only,0,0,0,0,0,0,3000,1,1,,POINT (-92.017539006938 42.194681588081)
2014825766,20140033447,11/09/2014,11-November,1-Sunday,09:50,0900 Hours,District 1 (Central),DES MOINES,POLK,,E WATROUS AVE,Collision with:  Vehicle in traffic,On Roadway,Broadside (front to side),FTYROW:  From driveway,None Indicated,,Daylight,Dry,Cloudy,None apparent,Non-intersection:  Driveway access (within),Paved,,Property Damage Only,0,0,0,0,0,0,3500,2,2,,POINT (-93.596094621505 41.548083840877)
2014825805,20140033493,11/09/2014,11-November,1-Sunday,19:06,1900 Hours,District 1 (Central),DES MOINES,POLK,,PROSPECT RD & MLK JR PKWY,Collision with:  Vehicle in traffic,On Roadway,Broadside (front to side),FTYROW:  Making left turn,None Indicated,,Dark - roadway lighted,Dry,Clear,None apparent,Intersection:  T-intersection,Paved,,Property Damage Only,0,0,0,0,0,0,3652,2,3,,POINT (-93.64813042093 41.619905378564)
2014825891,14-3603,11/09/2014,11-November,1-Sunday,09:55,0900 Hours,District 1 (Central),FORT DODGE,WEBSTER,,6TH AVE N,Collision with:  Vehicle in traffic,On Roadway,"Sideswipe, same direction",Made improper turn,None Indicated,,Daylight,Dry,Cloudy,None apparent,Non-intersection:  Driveway access (within),Paved,,Property Damage Only,0,0,0,0,0,0,6000,2,6,,POINT (-94.165379419014 42.511995338529)
2014826027,14-047644,11/09/2014,11-November,1-Sunday,16:36,1600 Hours,District 4 (Southwest),COUNCIL BLUFFS,POTTAWATTAMIE,,,Non-collision events:  Other non-collision (explain in narrative),On Roadway,Non-collision (single vehicle),"Operating vehicle in an reckless, erratic, careless, negligent manner",None Indicated,,Dusk,Dry,Clear,None apparent,Non-intersection:  Non-junction/no special feature,,,Property Damage Only,0,0,0,0,0,0,2200,1,2,,POINT (-96.643700149993 40.233091251414)
2014826150,2014-24350,11/09/2014,11-November,1-Sunday,17:42,1700 Hours,District 5 (Southeast),,WARREN,IA 92,IA 92/IOWA 92,Collision with:  Animal,,,Animal,None Indicated,,,,,,,Paved,,Property Damage Only,0,0,0,0,0,0,5000,1,1,,POINT (-93.624769015358 41.355289009541)
2014825741,14-7435,11/09/2014,11-November,1-Sunday,17:21,1700 Hours,District 1 (Central),,POLK,,Co Rd F48/NE 46TH AVE,Collision with:  Animal,,,Animal,None Indicated,,,,,,,Paved,,Property Damage Only,0,0,0,0,0,0,2000,1,1,,POINT (-93.380115281017 41.64425258136)
2014828254,20144123,11/09/2014,11-November,1-Sunday,18:35,1800 Hours,District 1 (Central),,GRUNDY,US 20,US 20,Collision with:  Animal,,Non-collision (single vehicle),Animal,None Indicated,,,,,,,Paved,,Property Damage Only,0,0,0,0,0,0,3000,1,1,,POINT (-92.93725011108 42.462445476344)
2014835372,14-01105,11/09/2014,11-November,1-Sunday,14:33,1400 Hours,District 1 (Central),TOLEDO,TAMA,,EAST ST,Collision with:  Vehicle in traffic,Outside trafficway,Rear-end (front to rear),FTYROW:  From driveway,None Indicated,,Daylight,Dry,Cloudy,None apparent,Non-intersection:  Driveway access (within),Paved,,Property Damage Only,0,0,0,0,0,0,1700,2,3,,POINT (-92.574460251822 41.9931567782)
2014828558,2014-007094,11/09/2014,11-November,1-Sunday,21:04,2100 Hours,District 6 (East Central),,BENTON,,Co Rd V66/22 AVE & 53 ST,Collision with fixed object:  Ditch,On Roadway,Non-collision (single vehicle),Swerving/Evasive Action,None Indicated,,Dark - roadway not lighted,Dry,Clear,None apparent,Intersection:  Y-intersection,Unpaved,,Property Damage Only,0,0,0,0,0,0,2200,1,1,,POINT (-92.065134909931 42.253979887427)
2014826029,2014-2753,11/09/2014,11-November,1-Sunday,10:50,1000 Hours,District 1 (Central),JEFFERSON,GREENE,,E WASHINGTON ST & N LOCUST ST,Collision with:  Vehicle in traffic,On Roadway,Broadside (front to side),FTYROW:  From yield sign,None Indicated,,Daylight,Dry,Cloudy,None apparent,Intersection:  Four-way intersection,Paved,,Property Damage Only,0,0,0,0,0,0,3000,2,4,,POINT (-94.372106061096 42.017258235416)
2014826172,1411092811,11/09/2014,11-November,1-Sunday,22:35,2200 Hours,District 6 (East Central),,CLINTON,,Co Rd Z24/245 ST,Collision with fixed object:  Utility pole/light support,Outside trafficway,Non-collision (single vehicle),Ran off road - right,None Indicated,,Dark - roadway not lighted,Dry,Clear,None apparent,Non-intersection:  Non-junction/no special feature,Paved,,Minor Injury,0,1,0,1,0,0,4500,1,1,,POINT (-90.463096753749 41.822776143797)
2014826204,14-006705,11/09/2014,11-November,1-Sunday,09:50,0900 Hours,District 3 (Northwest),,OBRIEN,,Co Rd L40/470TH ST,Non-collision events:  Overturn/rollover,Roadside,Non-collision (single vehicle),Swerving/Evasive Action,None Indicated,,Daylight,Dry,Clear,None apparent,Non-intersection:  Non-junction/no special feature,Unpaved,,Possible/Unknown,0,1,0,0,1,0,3000,1,1,,POINT (-95.727625915635 42.967922394213)
2014841924,2014062850,11/09/2014,11-November,1-Sunday,17:05,1700 Hours,District 6 (East Central),CORALVILLE,JOHNSON,I-80,I-80 & US 218,Collision with:  Vehicle in traffic,On Roadway,Rear-end (front to rear),Followed too close,None Indicated,,Dark - roadway lighted,Dry,Clear,None apparent,"Interchange-related:  Off-ramp, diverge area",Paved,,Possible/Unknown,0,1,0,0,1,0,6500,2,3,,POINT (-91.637882837957 41.693652590248)
2014826245,2014062881,11/09/2014,11-November,1-Sunday,21:55,2100 Hours,District 2 (Northeast),,CLAYTON,,Co Rd X56/GREAT RIVER RD,Collision with:  Animal,,,Animal,None Indicated,,,,,,,Paved,,Property Damage Only,0,0,0,0,0,0,1500,1,1,,POINT (-91.174890921198 42.905206270999)
2014826631,14-12418,11/09/2014,11-November,1-Sunday,17:30,1700 Hours,District 3 (Northwest),,SAC,US 20,US 20,Collision with:  Animal,,,Animal,None Indicated,,,,,,,Paved,,Property Damage Only,0,0,0,0,0,0,5000,1,1,,POINT (-95.110479351315 42.469757221194)
2014826675,,11/09/2014,11-November,1-Sunday,18:41,1800 Hours,District 5 (Southeast),,LUCAS,,170TH AVE,Collision with:  Animal,On Roadway,Non-collision (single vehicle),Animal,None Indicated,,Dark - roadway not lighted,"Mud, dirt",Clear,None apparent,Non-intersection:  Non-junction/no special feature,Unpaved,,Property Damage Only,0,0,0,0,0,0,3000,1,3,,POINT (-93.422731557679 41.065866649047)
2014826086,2014-77992,11/09/2014,11-November,1-Sunday,12:55,1200 Hours,District 6 (East Central),DAVENPORT,SCOTT,,REDWOOD AVE & WELLMAN AVE,Collision with:  Vehicle in traffic,On Roadway,Broadside (front to side),Crossed centerline (undivided),None Indicated,,Daylight,Dry,Clear,None apparent,Non-intersection:  Non-junction/no special feature,Paved,,Property Damage Only,0,0,0,0,0,0,4000,2,2,,POINT (-90.619280354178 41.51815199214)
2014826898,201416837,11/09/2014,11-November,1-Sunday,11:32,1100 Hours,District 6 (East Central),CEDAR RAPIDS,LINN,,7TH ST NE,Collision with:  Vehicle in traffic,On Roadway,Broadside (front to side),Other (explain in narrative):  Other,None Indicated,,Daylight,Dry,Cloudy,None apparent,Non-intersection:  Non-junction/no special feature,Paved,,Property Damage Only,0,0,0,0,0,0,6000,2,4,,POINT (-91.663460121523 41.982183688626)
2014826162,14-047605,11/09/2014,11-November,1-Sunday,09:30,0900 Hours,District 4 (Southwest),COUNCIL BLUFFS,POTTAWATTAMIE,,11TH AVE,Collision with:  Parked motor vehicle,On Roadway,"Sideswipe, same direction",Over correcting/over steering,None Indicated,,Daylight,Dry,Cloudy,None apparent,Non-intersection:  Non-junction/no special feature,Paved,,Property Damage Only,0,0,0,0,0,0,2500,2,777,,POINT (-95.902273395416 41.251830475496)
2014826997,S14-11572,11/09/2014,11-November,1-Sunday,05:00,0500 Hours,District 3 (Northwest),,WOODBURY,US 20,US 20,Collision with fixed object:  Guardrail - face,Shoulder,Non-collision (single vehicle),Crossed centerline (undivided),Under Influence of Alcohol/Drugs/Medications,,Dark - roadway not lighted,Dry,Clear,None apparent,Non-intersection:  Non-junction/no special feature,Paved,,Minor Injury,0,1,0,1,0,0,5500,1,1,,POINT (-95.844366404901 42.482052413576)
2014826793,2014062867,11/09/2014,11-November,1-Sunday,19:30,1900 Hours,District 5 (Southeast),,HENRY,US 218,US 218,Collision with:  Animal,,,Animal,None Indicated,,,,,,,Paved,,Property Damage Only,0,0,0,0,0,0,3000,1,1,,POINT (-91.564695358078 40.835936922357)
2014828613,14-015882,11/09/2014,11-November,1-Sunday,10:52,1000 Hours,District 2 (Northeast),,FAYETTE,,180TH ST,Non-collision events:  Overturn/rollover,On Roadway,Non-collision (single vehicle),Driving too fast for conditions,None Indicated,,Daylight,"Mud, dirt",Cloudy,None apparent,Non-intersection:  Non-junction/no special feature,Unpaved,,Property Damage Only,0,0,0,0,0,0,15000,1,1,,POINT (-92.04114224817 42.891157121379)
2014836810,,11/09/2014,11-November,1-Sunday,21:15,2100 Hours,District 1 (Central),MONROE,JASPER,,BUSINESS 163,Collision with:  Animal,On Roadway,Non-collision (single vehicle),Animal,None Indicated,,Dark - roadway not lighted,Dry,Cloudy,None apparent,Non-intersection:  Non-junction/no special feature,Paved,,Property Damage Only,0,0,0,0,0,0,2800,1,2,,POINT (-93.110836482813 41.526138206527)
2014825909,14-001319,11/09/2014,11-November,1-Sunday,18:55,1800 Hours,District 1 (Central),,STORY,US 69,US 69 & Co Rd E57/280TH ST,Collision with:  Animal,,,Animal,None Indicated,,,,,,,Paved,,Property Damage Only,0,0,0,0,0,0,2000,1,1,,POINT (-93.609972285529 41.948840790568)
2014825721,143453,11/09/2014,11-November,1-Sunday,19:50,1900 Hours,District 3 (Northwest),,CRAWFORD,US 30,US 30,Collision with:  Animal,On Roadway,Non-collision (single vehicle),Animal,None Indicated,,Dark - roadway not lighted,Dry,Clear,None apparent,Non-intersection:  Non-junction/no special feature,Paved,,Property Damage Only,0,0,0,0,0,0,3500,1,1,,POINT (-95.38441844134 41.996743477973)
2014827868,2014062786,11/09/2014,11-November,1-Sunday,01:50,0100 Hours,District 1 (Central),,POLK,I-35,I-35 & Co Rd R56/NW 6TH DR,Collision with:  Vehicle in traffic,On Roadway,"Sideswipe, same direction",FTYROW:  Other (explain in narrative),None Indicated,,Dark - roadway not lighted,Dry,Clear,None apparent,Non-intersection:  Non-junction/no special feature,Paved,,Property Damage Only,0,0,0,0,0,0,2100,2,4,,POINT (-93.627915476481 41.649480053533)
2014825804,20140033486,11/09/2014,11-November,1-Sunday,17:59,1700 Hours,District 1 (Central),DES MOINES,POLK,,WATROUS AVE & SW 9TH ST,Collision with:  Vehicle in traffic,On Roadway,"Angle, oncoming left turn",Ran Traffic Signal,None Indicated,,Dark - roadway lighted,Dry,Clear,None apparent,Intersection:  Four-way intersection,Paved,,Property Damage Only,0,0,0,0,0,0,3000,2,2,,POINT (-93.625771576111 41.548214403889)
2014826842,201400004110,11/09/2014,11-November,1-Sunday,04:59,0400 Hours,District 6 (East Central),,LINN,,Co Rd E70/WRIGHT BROTHER S BLVD,Collision with fixed object:  Ditch,Roadside,Non-collision (single vehicle),Crossed centerline (undivided),Alcohol (Statutory),,Dark - roadway not lighted,Dry,Cloudy,None apparent,Non-intersection:  Non-junction/no special feature,Paved,,Minor Injury,0,2,0,1,1,0,5000,1,3,,POINT (-91.758791737145 41.891027207922)
2014828023,,11/09/2014,11-November,1-Sunday,21:10,2100 Hours,District 4 (Southwest),,FREMONT,I-29,I-29,Collision with:  Animal,On Roadway,Non-collision (single vehicle),Animal,None Indicated,,Dark - roadway not lighted,Dry,Clear,,Non-intersection:  Non-junction/no special feature,Paved,,Property Damage Only,0,0,0,0,0,0,8500,1,2,,POINT (-95.803513752435 40.865831773874)
2014826544,14-21888,11/09/2014,11-November,1-Sunday,18:12,1800 Hours,District 2 (Northeast),,BREMER,US 63,US 63,Collision with:  Animal,,,Animal,None Indicated,,,,,,,Paved,,Property Damage Only,0,0,0,0,0,0,10000,1,1,,POINT (-92.337286192438 42.829407187258)
2014826384,14680866,11/09/2014,11-November,1-Sunday,19:45,1900 Hours,District 5 (Southeast),,MONROE,,Co Rd H21/140TH ST,Collision with:  Vehicle in traffic,On Roadway,Broadside (front to side),Ran Stop Sign,None Indicated,,Dark - roadway lighted,Dry,Clear,None apparent,Intersection:  Four-way intersection,Unpaved,,Minor Injury,0,3,0,3,0,0,7000,2,3,,POINT (-92.640011155357 41.104003753446)
2014825803,20140033469,11/09/2014,11-November,1-Sunday,14:58,1400 Hours,District 1 (Central),DES MOINES,POLK,IA 163,IA 163/E UNIVERSITY AVE & E 26TH ST,Collision with:  Vehicle in traffic,On Roadway,Broadside (front to side),Ran Traffic Signal,None Indicated,,Daylight,Dry,Cloudy,None apparent,Intersection:  Four-way intersection,Paved,,Property Damage Only,0,0,0,0,0,0,6000,2,4,,POINT (-93.567908663591 41.600459737195)
2014826835,2014012624,11/09/2014,11-November,1-Sunday,12:00,1200 Hours,District 6 (East Central),IOWA CITY,JOHNSON,,HOTZ AVE & PARSONS AVE,Collision with:  Vehicle in traffic,On Roadway,"Sideswipe, same direction",Unknown,None Indicated,,Daylight,Dry,Cloudy,None apparent,Non-intersection:  Non-junction/no special feature,Paved,,Property Damage Only,0,0,0,0,0,0,2000,2,1,,POINT (-91.515729679439 41.662903468053)
2014826213,S14-K0901,11/09/2014,11-November,1-Sunday,11:03,1100 Hours,District 5 (Southeast),,CLARKE,,Co Rd H2R/SHORE ST & 175 AVE,Collision with:  Animal,On Roadway,Non-collision (single vehicle),Animal,None Indicated,,Daylight,"Mud, dirt",Clear,None apparent,Non-intersection:  Non-junction/no special feature,Unpaved,,Property Damage Only,0,0,0,0,0,0,2000,1,1,,POINT (-93.873381702007 41.150312824227)
2014826948,110914A,11/09/2014,11-November,1-Sunday,04:08,0400 Hours,District 4 (Southwest),,FREMONT,,Co Rd J46/250 ST,Collision with:  Animal,On Roadway,Non-collision (single vehicle),Animal,None Indicated,,Dark - roadway not lighted,Dry,Clear,None apparent,Non-intersection:  Non-junction/no special feature,Paved,,Property Damage Only,0,0,0,0,0,0,3500,1,3,,POINT (-95.629964416467 40.687274821117)
2014827867,2014062781,11/09/2014,11-November,1-Sunday,00:42,0000 Hours,District 4 (Southwest),,DALLAS,I-80,I-80,Collision with fixed object:  Bridge overhead structure,On Roadway,Non-collision (single vehicle),Equipment failure,None Indicated,,Dark - roadway not lighted,Dry,Clear,None apparent,Non-intersection:  Other non-intersection (explain in narrative),Paved,,Property Damage Only,0,0,0,0,0,0,4232,1,4,,POINT (-93.861957468942 41.565637740494)
2014826575,1109148A,11/09/2014,11-November,1-Sunday,00:45,0000 Hours,District 4 (Southwest),SHAMBAUGH,PAGE,US 71,US 71,Collision with:  Animal,,,Animal,None Indicated,,,,,,,Paved,,Property Damage Only,0,0,0,0,0,0,9000,1,1,,POINT (-95.034984390391 40.662829164325)