Iowa DOT Case Number,Law Enforcement Case Number,Date of Crash,Month of Crash,Day of Week,Time of Crash,Hour,DOT District,City Name,County Name,Route with System,Location Description,First Harmful Event,Location of First Harmful Event,Manner of Crash/Collision,Major Cause,Drug or Alcohol ,Environmental Conditions,Light Conditions,Surface Conditions,Weather Conditions,Roadway Contribution,Roadway Type,Roadway Surface,Work Zone,Crash Severity,Number of Fatalities,Number of Injuries,Number of Major Injuries,Number of Minor Injuries,Number of Possible Injuries,Number of Unknown Injuries,Amount of Property Damage,Number of Vehicles Involved,Total Number of Occupants,Travel Direction,Location
2014826294,201400054921,11/09/2014,11-November,1-Sunday,22:19,2200 Hours,District 5 (Southeast),OTTUMWA,WAPELLO,IA 149,IA 149/IOWA 149,Collision with:  Animal,,,Animal,None Indicated,,,,,,,Paved,,Property Damage Only,0,0,0,0,0,0,2500,1,1,,POINT (-92.414254747913 41.044560863268)
2014825711,W14-111382,11/09/2014,11-November,1-Sunday,19:15,1900 Hours,District 2 (Northeast),WATERLOO,BLACK HAWK,,ANSBOROUGH AVE,Collision with:  Animal,On Roadway,Non-collision (single vehicle),Animal,None Indicated,,Dark - roadway not lighted,Dry,Clear,None apparent,Non-intersection:  Other non-intersection (explain in narrative),Paved,,Property Damage Only,0,0,0,0,0,0,3000,1,1,,POINT (-92.377089930251 42.489210572574)
2014826678,,11/09/2014,11-November,1-Sunday,00:43,0000 Hours,District 5 (Southeast),,LUCAS,,Co Rd H40/455TH LN,Collision with fixed object:  Ditch,Outside trafficway,Non-collision (single vehicle),Ran off road - left,None Indicated,,Dark - roadway not lighted,"Mud, dirt",Clear,None apparent,Non-intersection:  Non-junction/no special feature,Unpaved,,Property Damage Only,0,0,0,0,0,0,2000,1,1,,POINT (-93.288148383603 40.985622493253)
2014826164,14016686,11/09/2014,11-November,1-Sunday,21:25,2100 Hours,District 6 (East Central),,CEDAR,IA 130,IA 130/IOWA 130,Collision with:  Animal,On Roadway,Non-collision (single vehicle),Animal,None Indicated,,Dark - roadway not lighted,Dry,Cloudy,None apparent,Non-intersection:  Non-junction/no special feature,Paved,,Property Damage Only,0,0,0,0,0,0,3000,1,1,,POINT (-91.111833025182 41.771882056498)
2014826973,W14-111431,11/09/2014,11-November,1-Sunday,22:00,2200 Hours,District 2 (Northeast),WATERLOO,BLACK HAWK,,NEWTON ST,Collision with:  Other non-fixed object (explain in narrative),Shoulder,Non-collision (single vehicle),Crossed centerline (undivided),None Indicated,,Dark - roadway lighted,Dry,Clear,None apparent,Intersection:  Four-way intersection,Paved,,Minor Injury,0,1,0,1,0,0,0,1,1,,POINT (-92.355326269748 42.515927577565)
2014825892,C14003567,11/09/2014,11-November,1-Sunday,12:00,1200 Hours,District 6 (East Central),CORALVILLE,JOHNSON,US 6,US 6/2ND ST,Collision with:  Vehicle in traffic,On Roadway,Rear-end (front to rear),Other (explain in narrative):  Other,None Indicated,,Daylight,Dry,Cloudy,None apparent,Intersection:  Four-way intersection,Paved,,Property Damage Only,0,0,0,0,0,0,4000,2,2,,POINT (-91.566633760608 41.669350094868)
2014827073,2014-13707,11/09/2014,11-November,1-Sunday,18:27,1800 Hours,District 6 (East Central),PEOSTA,DUBUQUE,US 20,US 20 & COTTINGHAM RD,Collision with:  Animal,,Non-collision (single vehicle),Animal,None Indicated,,,,,,,Paved,,Property Damage Only,0,0,0,0,0,0,1500,1,1,,POINT (-90.800689151111 42.439854584251)
2014828406,S79140361,11/09/2014,11-November,1-Sunday,17:00,1700 Hours,District 1 (Central),,POWESHIEK,I-80,I-80,Collision with:  Vehicle in traffic,On Roadway,"Sideswipe, same direction","Operating vehicle in an reckless, erratic, careless, negligent manner",None Indicated,,Dark - roadway not lighted,Dry,Cloudy,None apparent,Non-intersection:  Non-junction/no special feature,Paved,,Property Damage Only,0,0,0,0,0,0,6000,2,3,,POINT (-92.596759930879 41.695793823234)
2014844098,CP14-1101,11/09/2014,11-November,1-Sunday,23:10,2300 Hours,District 2 (Northeast),CLARION,WRIGHT,,3RD ST NE,Collision with:  Parked motor vehicle,On Roadway,Rear-end (front to rear),Other (explain in narrative):  No improper action,None Indicated,,Dark - roadway lighted,Dry,Clear,None apparent,Non-intersection:  Non-junction/no special feature,Unpaved,,Property Damage Only,0,0,0,0,0,0,12000,2,1,,POINT (-93.728836899539 42.734043674374)
2014825961,2014-039481,11/09/2014,11-November,1-Sunday,09:30,0900 Hours,District 6 (East Central),DUBUQUE,DUBUQUE,,SUTTER ST & HENNEPIN ST & WINDSOR AVE,Collision with:  Vehicle in traffic,On Roadway,"Sideswipe, same direction",FTYROW:  From stop sign,None Indicated,,Daylight,Dry,Clear,None apparent,Intersection:  Four-way intersection,Paved,,Property Damage Only,0,0,0,0,0,0,7000,2,3,,POINT (-90.66882826985 42.521626627801)
2014825926,S14-004478,11/09/2014,11-November,1-Sunday,20:15,2000 Hours,District 4 (Southwest),,POTTAWATTAMIE,,JUNIPER RD,Non-collision events:  Overturn/rollover,On Roadway,Non-collision (single vehicle),Ran off road - left,Alcohol (Statutory),,Dark - roadway not lighted,Dry,Clear,None apparent,Non-intersection:  Non-junction/no special feature,Unpaved,,Property Damage Only,0,0,0,0,0,0,8000,1,1,,POINT (-95.740191107252 41.347193338441)
2014825911,14-001322,11/09/2014,11-November,1-Sunday,21:21,2100 Hours,District 1 (Central),COLO,STORY,,Co Rd E41/LINCOLN HWY & 690TH AVE,Collision with fixed object:  Guardrail - face,On Roadway,Non-collision (single vehicle),Swerving/Evasive Action,None Indicated,,Dark - roadway not lighted,Dry,Clear,None apparent,Non-intersection:  Other non-intersection (explain in narrative),Paved,,Property Damage Only,0,0,0,0,0,0,4000,1,1,,POINT (-93.328922648425 42.022520682603)
2014834109,,11/09/2014,11-November,1-Sunday,11:15,1100 Hours,District 2 (Northeast),,CHICKASAW,,Co Rd B54/240TH ST & Co Rd V56/UNION AVE,,Outside trafficway,Non-collision (single vehicle),Swerving/Evasive Action,None Indicated,,Daylight,Dry,Clear,None apparent,Non-intersection:  Non-junction/no special feature,Paved,,Property Damage Only,0,0,0,0,0,0,5000,1,2,,POINT (-92.141112315637 43.00854877692)
2014826235,2014062681,11/09/2014,11-November,1-Sunday,11:45,1100 Hours,District 6 (East Central),,JOHNSON,I-380,I-380,Collision with:  Vehicle in traffic,On Roadway,"Sideswipe, same direction",Crossed centerline (undivided),None Indicated,,Daylight,Dry,Cloudy,None apparent,Non-intersection:  Non-junction/no special feature,Paved,,Property Damage Only,0,0,0,0,0,0,4500,2,5,,POINT (-91.65628063928 41.822224602491)
2014828099,2014062845,11/09/2014,11-November,1-Sunday,15:22,1500 Hours,District 5 (Southeast),,DES MOINES,US 34,US 34 & Co Rd X30/DES MOINES-HENRY AVE & OLD HWY 34,Collision with:  Vehicle in traffic,On Roadway,Broadside (front to side),FTYROW:  From stop sign,None Indicated,,Daylight,Dry,Clear,None apparent,Intersection:  Four-way intersection,Paved,,Major Injury,0,1,1,0,0,0,15000,2,5,,POINT (-91.371779358917 40.905456260153)
2014826157,201405325,11/09/2014,11-November,1-Sunday,10:31,1000 Hours,District 1 (Central),,BOONE,IA 17,IA 17/S AVE,Collision with:  Vehicle in traffic,On Roadway,Rear-end (front to rear),Lost Control,None Indicated,,Daylight,Dry,Cloudy,None apparent,Non-intersection:  Non-junction/no special feature,Paved,,Property Damage Only,0,0,0,0,0,0,23000,2,4,,POINT (-93.815377239028 42.028219768507)
2014828557,2014-007093,11/09/2014,11-November,1-Sunday,20:20,2000 Hours,District 6 (East Central),,BENTON,US 30,US 30/73 ST,Collision with:  Animal,,Non-collision (single vehicle),Animal,None Indicated,,,,,,,Paved,,Property Damage Only,0,0,0,0,0,0,6000,1,1,,POINT (-91.953728860692 41.963283583617)
2014826261,2014-21970,11/09/2014,11-November,1-Sunday,17:08,1700 Hours,District 6 (East Central),BETTENDORF,SCOTT,US 67,US 67/GRANT ST & 13TH ST,Collision with:  Vehicle in traffic,On Roadway,Broadside (front to side),Ran Traffic Signal,None Indicated,,Dark - roadway lighted,Dry,Clear,None apparent,Intersection:  Other intersection (explain in narrative),Paved,,Property Damage Only,0,0,0,0,0,0,7500,2,2,,POINT (-90.515125237362 41.526169699602)
2014826031,2014012600,11/09/2014,11-November,1-Sunday,06:02,0600 Hours,District 6 (East Central),IOWA CITY,JOHNSON,US 218,US 218,Collision with:  Animal,On Roadway,Non-collision (single vehicle),Animal,None Indicated,,Dark - roadway not lighted,Dry,Clear,None apparent,Non-intersection:  Non-junction/no special feature,Paved,,Property Damage Only,0,0,0,0,0,0,4000,1,6,,POINT (-91.604159122678 41.661615775794)
2014825710,W14-111335,11/09/2014,11-November,1-Sunday,16:49,1600 Hours,District 2 (Northeast),WATERLOO,BLACK HAWK,,E 5TH ST & WALNUT ST & MARTIN LUTHER KING JR DR,Collision with:  Vehicle in traffic,On Roadway,Unknown,FTYROW:  Making left turn,Alcohol (Statutory),,Daylight,Dry,Clear,None apparent,Intersection:  Other intersection (explain in narrative),Paved,,Possible/Unknown,0,3,0,0,3,0,13000,2,4,,POINT (-92.330852048697 42.500468397784)
2014826461,14-40198,11/09/2014,11-November,1-Sunday,06:13,0600 Hours,District 5 (Southeast),,DES MOINES,,Co Rd X40/BEAVERDALE RD,Collision with:  Animal,,,Animal,None Indicated,,,,,,,Paved,,Property Damage Only,0,0,0,0,0,0,2000,1,1,,POINT (-91.211574481156 40.858106605256)
2014850986,14009174,11/09/2014,11-November,1-Sunday,02:00,0200 Hours,District 5 (Southeast),,LOUISA,US 61,US 61,Collision with:  Animal,,,Animal,None Indicated,,,,,,,Paved,,Property Damage Only,0,0,0,0,0,0,1500,1,1,,POINT (-91.201109804425 41.32762993855)
2014825884,2014062855,11/09/2014,11-November,1-Sunday,17:45,1700 Hours,District 5 (Southeast),,WARREN,I-35,I-35,Collision with:  Animal,,,Animal,None Indicated,,,,,,,Paved,,Property Damage Only,0,0,0,0,0,0,3000,1,1,,POINT (-93.779880181174 41.446254976269)
2014826998,S14-11579,11/09/2014,11-November,1-Sunday,16:20,1600 Hours,District 3 (Northwest),SLOAN,WOODBURY,,EVANS ST,Collision with:  Vehicle in traffic,On Roadway,Unknown,FTYROW:  From parked position,None Indicated,,Daylight,Dry,Clear,None apparent,Non-intersection:  Driveway access (within),Paved,,Property Damage Only,0,0,0,0,0,0,5000,2,1,,POINT (-96.22809111093 42.233035199671)
2014825800,20140033489,11/09/2014,11-November,1-Sunday,18:32,1800 Hours,District 1 (Central),DES MOINES,POLK,,FOREST AVE,Collision with fixed object:  Other fixed object (explain in narrative),Outside trafficway,Non-collision (single vehicle),Ran off road - left,Alcohol (Statutory),,Dark - roadway lighted,Dry,Cloudy,None apparent,Non-intersection:  Non-junction/no special feature,Paved,,Property Damage Only,0,0,0,0,0,0,3500,1,1,,POINT (-93.682064494609 41.603982472015)
2014825790,20140033432,11/09/2014,11-November,1-Sunday,03:27,0300 Hours,District 1 (Central),DES MOINES,POLK,,E DOUGLAS AVE,Collision with:  Parked motor vehicle,On Roadway,Rear-end (front to rear),"Operating vehicle in an reckless, erratic, careless, negligent manner",None Indicated,,Dark - roadway lighted,Dry,Clear,None apparent,Non-intersection:  Non-junction/no special feature,Paved,,Property Damage Only,0,0,0,0,0,0,9500,2,1,,POINT (-93.534213362788 41.629597493785)
2014832470,2014-78000,11/09/2014,11-November,1-Sunday,13:41,1300 Hours,District 6 (East Central),DAVENPORT,SCOTT,,E 53RD ST & ELMORE CIR,Collision with:  Vehicle in traffic,On Roadway,Broadside (front to side),Ran Traffic Signal,None Indicated,,Daylight,Dry,Cloudy,None apparent,Intersection:  Four-way intersection,Paved,,Property Damage Only,0,0,0,0,0,0,4000,2,6,,POINT (-90.531021454322 41.574867406326)
2014829216,,11/09/2014,11-November,1-Sunday,01:08,0100 Hours,District 2 (Northeast),JANESVILLE,BREMER,US 218,US 218,Non-collision events:  Overturn/rollover,On Roadway,Non-collision (single vehicle),Driving too fast for conditions,Refused,,Dark - roadway lighted,Dry,Clear,None apparent,Interchange-related:  On-ramp,Paved,,Minor Injury,0,1,0,1,0,0,10200,1,1,,POINT (-92.475242105622 42.679263283043)
2014826428,CL14003995,11/09/2014,11-November,1-Sunday,23:40,2300 Hours,District 6 (East Central),CLINTON,CLINTON,,CIRCLE DR N,Collision with:  Vehicle in traffic,On Roadway,"Sideswipe, opposite direction",Unknown,None Indicated,,Dark - unknown roadway lighting,Dry,Clear,Unknown,Non-intersection:  Non-junction/no special feature,Paved,,Property Damage Only,0,0,0,0,0,0,6550,2,1,,POINT (-90.231892504416 41.835661191929)
2014825789,20140033420,11/09/2014,11-November,1-Sunday,01:21,0100 Hours,District 1 (Central),DES MOINES,POLK,US 69,US 69/E 14TH ST & E GRAND AVE,Collision with:  Vehicle in traffic,On Roadway,Broadside (front to side),Ran Traffic Signal,Alcohol (Statutory),,Dark - roadway lighted,Dry,Cloudy,None apparent,Intersection:  Four-way intersection,Paved,,Minor Injury,0,2,0,1,1,0,10000,2,3,,POINT (-93.5979871751 41.593398665128)
2014825720,143451,11/09/2014,11-November,1-Sunday,14:48,1400 Hours,District 3 (Northwest),DENISON,CRAWFORD,,N 14TH ST,Collision with:  Vehicle in traffic,Outside trafficway,"Sideswipe, opposite direction",FTYROW:  From parked position,None Indicated,,Daylight,Dry,Cloudy,None apparent,Non-intersection:  Driveway access (within),Paved,,Property Damage Only,0,0,0,0,0,0,2500,2,6,,POINT (-95.352920659123 42.017395760483)
2014826647,2014-2760,11/09/2014,11-November,1-Sunday,15:00,1500 Hours,District 1 (Central),JEFFERSON,GREENE,IA 4,IA 4/N ELM ST & W STATE ST & E STATE ST,Collision with:  Vehicle in traffic,On Roadway,"Sideswipe, same direction",Made improper turn,None Indicated,,Daylight,Dry,Cloudy,None apparent,Non-intersection:  Non-junction/no special feature,Paved,,Property Damage Only,0,0,0,0,0,0,6500,3,7,,POINT (-94.3773988252 42.016267179006)
2014828288,2014062811,11/09/2014,11-November,1-Sunday,10:25,1000 Hours,District 5 (Southeast),,DECATUR,I-35,I-35,Collision with:  Vehicle in traffic,On Roadway,"Sideswipe, same direction",FTYROW:  From yield sign,None Indicated,,Daylight,Dry,Cloudy,Work Zone (roadway-related),"Interchange-related:  Off-ramp, diverge area",Paved,Yes,Property Damage Only,0,0,0,0,0,0,11000,2,5,,POINT (-93.840147682599 40.74754304155)
2014826768,2014-78045,11/09/2014,11-November,1-Sunday,19:06,1900 Hours,District 6 (East Central),DAVENPORT,SCOTT,,E LOCUST ST & BROADLAWN AVE,Collision with:  Vehicle in traffic,On Roadway,"Angle, oncoming left turn",FTYROW:  Making left turn,Alcohol (Statutory),,Dark - roadway lighted,Dry,Clear,None apparent,Intersection:  Four-way intersection,Paved,,Minor Injury,0,2,0,2,0,0,25000,2,2,,POINT (-90.524063824804 41.538476179212)
2014825700,W14-111214,11/09/2014,11-November,1-Sunday,07:05,0700 Hours,District 2 (Northeast),WATERLOO,BLACK HAWK,US 63,US 63/SERGEANT RD,Collision with:  Animal,On Roadway,Non-collision (single vehicle),Animal,None Indicated,,Daylight,Dry,Cloudy,None apparent,Non-intersection:  Non-junction/no special feature,Paved,,Property Damage Only,0,0,0,0,0,0,3000,1,1,,POINT (-92.372950607575 42.485765777357)
2014827493,14003860,11/09/2014,11-November,1-Sunday,18:13,1800 Hours,District 5 (Southeast),,KEOKUK,IA 21,IA 21/IOWA 21,Collision with:  Animal,,,Animal,None Indicated,,,,,,,Paved,,Property Damage Only,0,0,0,0,0,0,10000,1,1,,POINT (-92.334561511833 41.249490963209)
2014825752,14-7423,11/09/2014,11-November,1-Sunday,02:19,0200 Hours,District 1 (Central),GRIMES,POLK,,S JAMES ST,Non-collision events:  Other non-collision (explain in narrative),Shoulder,Non-collision (single vehicle),Made improper turn,Alcohol (Statutory),,Dark - roadway lighted,Dry,Clear,None apparent,Non-intersection:  Non-junction/no special feature,Paved,,Property Damage Only,0,0,0,0,0,0,2000,1,1,,POINT (-93.794532325766 41.682117587428)
2014825730,14023793,11/09/2014,11-November,1-Sunday,12:09,1200 Hours,District 6 (East Central),MARION,LINN,,10TH AVE,Collision with:  Vehicle in traffic,On Roadway,"Angle, oncoming left turn",Made improper turn,None Indicated,,Daylight,Dry,Clear,None apparent,Intersection:  Four-way intersection,Paved,,Minor Injury,0,1,0,1,0,0,15000,2,2,,POINT (-91.553414588435 42.035761245018)
2014826173,141192621,11/09/2014,11-November,1-Sunday,17:15,1700 Hours,District 6 (East Central),,CLINTON,,Co Rd Z24/330 AVE & 175 ST,Collision with:  Animal,,,Animal,None Indicated,,,,,,,Paved,,Property Damage Only,0,0,0,0,0,0,3500,1,1,,POINT (-90.461771370261 41.924153168235)
2014827748,2014-77970,11/09/2014,11-November,1-Sunday,06:00,0600 Hours,District 6 (East Central),DAVENPORT,SCOTT,,TELEGRAPH RD,Collision with:  Parked motor vehicle,On Roadway,"Sideswipe, opposite direction","Operating vehicle in an reckless, erratic, careless, negligent manner",None Indicated,,Dark - roadway lighted,Dry,Cloudy,None apparent,Non-intersection:  Non-junction/no special feature,Paved,,Property Damage Only,0,0,0,0,0,0,2000,2,1,,POINT (-90.627297356445 41.517822407173)
2014831272,14-009467,11/09/2014,11-November,1-Sunday,16:59,1600 Hours,District 2 (Northeast),,CLAYTON,,HEMLOCK RD,Non-collision events:  Overturn/rollover,On Roadway,Non-collision (single vehicle),Swerving/Evasive Action,Alcohol (Statutory),,Unknown,"Mud, dirt",Cloudy,None apparent,Non-intersection:  Non-junction/no special feature,Unpaved,,Possible/Unknown,0,1,0,0,1,0,5000,1,1,,POINT (-91.309178480263 42.817416998889)
2014826632,14-12420,11/09/2014,11-November,1-Sunday,19:00,1900 Hours,District 3 (Northwest),,SAC,,Co Rd M54/ROLF AVE,Collision with:  Animal,,,Animal,None Indicated,,,,,,,Paved,,Property Damage Only,0,0,0,0,0,0,4000,1,1,,POINT (-95.013116128574 42.349989030758)
2014828061,20140033434,11/09/2014,11-November,1-Sunday,03:18,0300 Hours,District 1 (Central),DES MOINES,POLK,I-235,I-235,Collision with:  Animal,On Roadway,Non-collision (single vehicle),Animal,None Indicated,,Dark - roadway lighted,Dry,Clear,None apparent,Non-intersection:  Non-junction/no special feature,Paved,,Property Damage Only,0,0,0,0,0,0,2500,1,1,,POINT (-93.690557588615 41.592420540684)
2014826891,201400054794,11/09/2014,11-November,1-Sunday,01:00,0100 Hours,District 5 (Southeast),OTTUMWA,WAPELLO,,BLACKHAWK,Collision with:  Other non-fixed object (explain in narrative),Unknown,Non-collision (single vehicle),Other (explain in narrative):  Other,Alcohol (Statutory),,Dark - roadway not lighted,Dry,Clear,None apparent,Non-intersection:  Other non-intersection (explain in narrative),Paved,,Possible/Unknown,0,2,0,0,2,0,5500,1,2,,POINT (-92.437455414607 41.023723547779)
2014828289,2014062836,11/09/2014,11-November,1-Sunday,14:40,1400 Hours,District 5 (Southeast),,CLARKE,I-35,I-35,Non-collision events:  Overturn/rollover,On Roadway,Non-collision (single vehicle),Swerving/Evasive Action,None Indicated,,Daylight,Dry,Cloudy,Debris,Non-intersection:  Non-junction/no special feature,Paved,,Possible/Unknown,0,1,0,0,1,0,20000,1,2,,POINT (-93.797453185515 40.973693779509)
2014826996,S14-11569,11/09/2014,11-November,1-Sunday,02:55,0200 Hours,District 3 (Northwest),SIOUX CITY,WOODBURY,,Co Rd D12/110TH ST,Collision with:  Animal,,,Animal,None Indicated,,,,,,,Paved,,Property Damage Only,0,0,0,0,0,0,10000,1,2,,POINT (-96.264320986029 42.547533652731)
2014825910,14-001320,11/09/2014,11-November,1-Sunday,19:10,1900 Hours,District 1 (Central),,STORY,,Co Rd R50/GEORGE W CARVER AVE,Collision with:  Animal,,,Animal,None Indicated,,,,,,,Paved,,Property Damage Only,0,0,0,0,0,0,8500,1,1,,POINT (-93.65936640639 42.069292079599)
2014826858,14-034770,11/09/2014,11-November,1-Sunday,05:45,0500 Hours,District 5 (Southeast),,LEE,US 61,US 61,Collision with:  Animal,,,Animal,None Indicated,,,,,,,Paved,,Property Damage Only,0,0,0,0,0,0,4000,1,1,,POINT (-91.361054886284 40.658817518544)
2014825742,14-7440,11/09/2014,11-November,1-Sunday,20:41,2000 Hours,District 1 (Central),,POLK,US 65,US 65/SE RAMP,Collision with:  Animal,,,Animal,None Indicated,,,,,,,Paved,,Property Damage Only,0,0,0,0,0,0,3000,1,1,,POINT (-93.519327582201 41.52038024004)
2014826362,14006856,11/09/2014,11-November,1-Sunday,15:57,1500 Hours,District 3 (Northwest),,CHEROKEE,,Co Rd C16/450TH ST,Collision with:  Animal,,Non-collision (single vehicle),Animal,None Indicated,,,,,,,Paved,,Property Damage Only,0,0,0,0,0,0,3500,1,1,,POINT (-95.560805495732 42.865804164202)
2014826140,14007078,11/09/2014,11-November,1-Sunday,08:42,0800 Hours,District 2 (Northeast),ROCKWELL,CERRO GORDO,,E WALNUT ST,Collision with:  Vehicle in traffic,On Roadway,Rear-end (front to rear),FTYROW:  From driveway,None Indicated,,Daylight,Dry,Clear,Non-highway work,Non-intersection:  Driveway access (within),Paved,,Property Damage Only,0,0,0,0,0,0,2500,2,2,,POINT (-93.191391891584 42.988297285551)
2014836352,,11/09/2014,11-November,1-Sunday,19:06,1900 Hours,District 2 (Northeast),DECORAH,WINNESHIEK,,SHORT ST,Collision with:  Animal,On Roadway,Non-collision (single vehicle),Animal,None Indicated,,Dark - roadway lighted,Dry,Cloudy,None apparent,Non-intersection:  Driveway access (within),Paved,,Property Damage Only,0,0,0,0,0,0,1700,1,1,,POINT (-91.797028473472 43.291421256203)
2014826594,2014-78006,11/09/2014,11-November,1-Sunday,14:08,1400 Hours,District 6 (East Central),DAVENPORT,SCOTT,,IA 461/BRADY ST & W 65TH ST,Collision with:  Vehicle in traffic,On Roadway,Rear-end (front to rear),Followed too close,None Indicated,,Daylight,Dry,Cloudy,None apparent,Intersection:  Four-way intersection,Paved,,Property Damage Only,0,0,0,0,0,0,3000,2,3,,POINT (-90.571371741639 41.585670298162)
2014826526,S14-004475,11/09/2014,11-November,1-Sunday,13:08,1300 Hours,District 4 (Southwest),,POTTAWATTAMIE,,Co Rd G36/JUNIPER RD,Collision with fixed object:  Ditch,On Roadway,Non-collision (single vehicle),Ran off road - straight,Alcohol (Statutory),,Daylight,Dry,Cloudy,None apparent,Non-intersection:  Non-junction/no special feature,Paved,,Major Injury,0,1,1,0,0,0,2000,1,1,,POINT (-95.789067739491 41.347072097886)
2014826210,14-29722,11/09/2014,11-November,1-Sunday,16:11,1600 Hours,District 1 (Central),NEWTON,JASPER,US 6,US 6/1ST AVE W/1ST AVE E & 1ST ST S & 1ST ST N,Collision with:  Vehicle in traffic,On Roadway,Rear-end (front to rear),FTYROW:  From parked position,None Indicated,,Daylight,Dry,Clear,None apparent,Non-intersection:  Non-junction/no special feature,Paved,,Possible/Unknown,0,1,0,0,1,0,1100,2,3,,POINT (-93.053613872135 41.699533160548)
2014827103,14-001323,11/09/2014,11-November,1-Sunday,14:25,1400 Hours,District 1 (Central),GILBERT,STORY,,SCHOOL ST,Collision with fixed object:  Other fixed object (explain in narrative),Outside trafficway,"Sideswipe, same direction",Lost Control,None Indicated,,Daylight,Dry,Clear,None apparent,Non-intersection:  Driveway access (within),Paved,,Property Damage Only,0,0,0,0,0,0,4000,2,1,,POINT (-93.64113446825 42.106159797961)
2014825749,14-7427,11/09/2014,11-November,1-Sunday,11:20,1100 Hours,District 1 (Central),,POLK,US 69,US 69/NE 14TH ST,Collision with:  Vehicle in traffic,On Roadway,Rear-end (front to rear),Followed too close,None Indicated,,Daylight,Dry,Cloudy,None apparent,Intersection:  Four-way intersection,Paved,,Property Damage Only,0,0,0,0,0,0,15500,3,3,,POINT (-93.600375739723 41.64784378091)
2014825851,2014-22983,11/09/2014,11-November,1-Sunday,21:35,2100 Hours,District 6 (East Central),,SCOTT,US 61,US 61,Collision with:  Animal,,,Animal,None Indicated,,,,,,,Paved,,Property Damage Only,0,0,0,0,0,0,4500,1,1,,POINT (-90.565939518241 41.70995881843)
2014825767,20140033448,11/09/2014,11-November,1-Sunday,00:00,0000 Hours,District 1 (Central),DES MOINES,POLK,,IOLA AVE,Unknown,On Roadway,Unknown,Unknown,None Indicated,,Unknown,Unknown,Unknown,None apparent,Non-intersection:  Non-junction/no special feature,Paved,,Property Damage Only,0,0,0,0,0,0,3500,2,1,,POINT (-93.66291065823 41.594501818548)
2014828369,4514-051,11/09/2014,11-November,1-Sunday,22:38,2200 Hours,District 2 (Northeast),,HOWARD,US 63,US 63 & 165TH ST,Collision with:  Vehicle in traffic,On Roadway,"Sideswipe, same direction",FTYROW:  Other (explain in narrative),None Indicated,,Dark - roadway not lighted,Dry,Rain,None apparent,Intersection:  Four-way intersection,Paved,,Property Damage Only,0,0,0,0,0,0,2500,2,2,,POINT (-92.298843510303 43.276787774241)
2014826843,201400004122,11/09/2014,11-November,1-Sunday,21:15,2100 Hours,District 6 (East Central),,LINN,US 151,US 151,Collision with:  Animal,,,Animal,None Indicated,,,,,,,Paved,,Property Damage Only,0,0,0,0,0,0,3000,1,1,,POINT (-91.550181241179 42.008989658871)
2014826237,2014062863,11/09/2014,11-November,1-Sunday,18:40,1800 Hours,District 6 (East Central),,BENTON,I-380,I-380,Collision with fixed object:  Ditch,Shoulder,Non-collision (single vehicle),Ran off road - right,None Indicated,,Dark - roadway not lighted,Dry,Clear,None apparent,Non-intersection:  Non-junction/no special feature,Paved,,Property Damage Only,0,0,0,0,0,0,1500,1,1,,POINT (-91.909716265211 42.259812549059)
2014826151,2014-24361,11/09/2014,11-November,1-Sunday,20:13,2000 Hours,District 5 (Southeast),,WARREN,IA 92,IA 92/IOWA 92,Collision with:  Animal,On Roadway,Non-collision (single vehicle),Animal,None Indicated,,Dark - roadway not lighted,Dry,Clear,None apparent,Non-intersection:  Non-junction/no special feature,Paved,,Property Damage Only,0,0,0,0,0,0,4000,1,6,,POINT (-93.763968761845 41.366465225747)
2014826085,2014-77981,11/09/2014,11-November,1-Sunday,09:50,0900 Hours,District 6 (East Central),DAVENPORT,SCOTT,I-280,I-280,Collision with:  Animal,,,Animal,None Indicated,,,,,,,Paved,,Property Damage Only,0,0,0,0,0,0,5000,1,1,,POINT (-90.669097180508 41.502754127669)
2014829077,201405330,11/09/2014,11-November,1-Sunday,18:30,1800 Hours,District 1 (Central),,BOONE,US 30,US 30/220TH ST,Collision with:  Animal,,,Animal,None Indicated,,,,,,,Paved,,Property Damage Only,0,0,0,0,0,0,10000,1,1,,POINT (-93.83132542328 42.034914291802)
2014826211,14-29735,11/09/2014,11-November,1-Sunday,17:40,1700 Hours,District 1 (Central),NEWTON,JASPER,I-80,I-80,Collision with:  Animal,On Roadway,Non-collision (single vehicle),Animal,None Indicated,,Dark - roadway not lighted,Dry,Clear,None apparent,Non-intersection:  Non-junction/no special feature,Paved,,Minor Injury,0,1,0,1,0,0,9000,1,3,,POINT (-93.06083406313 41.68376704945)
2014826687,,11/09/2014,11-November,1-Sunday,16:15,1600 Hours,District 4 (Southwest),,AUDUBON,,215 ST,Non-collision events:  Other non-collision (explain in narrative),On Roadway,Non-collision (single vehicle),Ran off road - right,None Indicated,,Daylight,"Mud, dirt",Cloudy,None apparent,Non-intersection:  Non-junction/no special feature,Unpaved,,Possible/Unknown,0,1,0,0,1,0,6000,1,1,,POINT (-94.905421062332 41.695474065358)
2014826244,2014062801,11/09/2014,11-November,1-Sunday,07:30,0700 Hours,District 4 (Southwest),,GUTHRIE,IA 25,IA 25/IOWA 25 & 153RD ST,Collision with:  Animal,On Roadway,Non-collision (single vehicle),Animal,None Indicated,,Dawn,Dry,Clear,None apparent,Non-intersection:  Non-junction/no special feature,Paved,,Property Damage Only,0,0,0,0,0,0,3000,1,1,,POINT (-94.492986668608 41.785282316685)