Iowa DOT Case Number,Law Enforcement Case Number,Date of Crash,Month of Crash,Day of Week,Time of Crash,Hour,DOT District,City Name,County Name,Route with System,Location Description,First Harmful Event,Location of First Harmful Event,Manner of Crash/Collision,Major Cause,Drug or Alcohol ,Environmental Conditions,Light Conditions,Surface Conditions,Weather Conditions,Roadway Contribution,Roadway Type,Roadway Surface,Work Zone,Crash Severity,Number of Fatalities,Number of Injuries,Number of Major Injuries,Number of Minor Injuries,Number of Possible Injuries,Number of Unknown Injuries,Amount of Property Damage,Number of Vehicles Involved,Total Number of Occupants,Travel Direction,Location
2014826296,201400055079,11/10/2014,11-November,2-Monday,17:37,1700 Hours,District 5 (Southeast),OTTUMWA,WAPELLO,,W 4TH ST & N WASHINGTON ST,Collision with:  Vehicle in traffic,On Roadway,Broadside (front to side),Unknown,None Indicated,,Dark - roadway lighted,Dry,Clear,None apparent,Intersection:  Four-way intersection,Paved,,Property Damage Only,0,0,0,0,0,0,7000,2,4,,POINT (-92.411851800589 41.020442891768)
2014825801,20140033518,11/10/2014,11-November,2-Monday,08:34,0800 Hours,District 1 (Central),DES MOINES,POLK,IA 415,IA 415/2ND AVE,Collision with:  Vehicle in traffic,On Roadway,Rear-end (front to rear),Followed too close,None Indicated,,Daylight,Other (explain in narrative),Clear,None apparent,Intersection:  T-intersection,Paved,,Property Damage Only,0,0,0,0,0,0,3800,3,3,,POINT (-93.619907012184 41.62833865198)
2014828936,,11/10/2014,11-November,2-Monday,14:56,1400 Hours,District 2 (Northeast),NEW HARTFORD,BUTLER,,WATER ST & CHURCH ST,Collision with:  Vehicle in traffic,On Roadway,Broadside (front to side),FTYROW:  At uncontrolled intersection,None Indicated,,Daylight,Dry,Clear,None apparent,Intersection:  Four-way intersection,Paved,,Property Damage Only,0,0,0,0,0,0,5000,2,2,,POINT (-92.624549622877 42.567747409925)
2014826198,20140033581,11/10/2014,11-November,2-Monday,16:04,1600 Hours,District 1 (Central),DES MOINES,POLK,,E WALNUT ST & E 4TH ST,Collision with fixed object:  Utility pole/light support,On Roadway,Non-collision (single vehicle),Other (explain in narrative):  Other,None Indicated,,Daylight,Dry,Cloudy,None apparent,Intersection:  Four-way intersection,Paved,,Property Damage Only,0,0,0,0,0,0,2000,1,1,,POINT (-93.612252834116 41.588252498889)
2014846848,146626,11/10/2014,11-November,2-Monday,16:05,1600 Hours,District 1 (Central),IOWA FALLS,HARDIN,,SOUTH AVE & N AVE & 130TH ST,Collision with fixed object:  Guardrail - face,On Roadway,Non-collision (single vehicle),Other (explain in narrative):  Other,None Indicated,,Daylight,Dry,Cloudy,None apparent,Intersection:  T-intersection,Paved,,Property Damage Only,0,0,0,0,0,0,5000,1,1,,POINT (-93.242043629701 42.515125706385)
2014826850,201404129,11/10/2014,11-November,2-Monday,14:47,1400 Hours,District 6 (East Central),,LINN,US 151,US 151 & IA 100/COLLINS RD SE & SECRIST RD,Collision with:  Vehicle in traffic,On Roadway,Rear-end (front to rear),Driving too fast for conditions,None Indicated,,Daylight,Dry,Cloudy,None apparent,Intersection:  Four-way intersection,Paved,,Possible/Unknown,0,1,0,0,1,0,6000,4,7,,POINT (-91.550211048314 42.019905720092)
2014829089,2014063045,11/10/2014,11-November,2-Monday,20:35,2000 Hours,District 1 (Central),,JASPER,US 65,US 65/US 65 N,Collision with:  Animal,,Non-collision (single vehicle),Animal,None Indicated,,,,,,,Paved,,Property Damage Only,0,0,0,0,0,0,4500,1,1,,POINT (-93.312324016803 41.806899524372)
2014826902,201416901,11/10/2014,11-November,2-Monday,17:20,1700 Hours,District 6 (East Central),CEDAR RAPIDS,LINN,,A AVE NE,Collision with:  Vehicle in traffic,On Roadway,Broadside (front to side),FTYROW:  From driveway,None Indicated,,Dark - roadway lighted,Dry,Cloudy,None apparent,Non-intersection:  Driveway access (within),Paved,,Minor Injury,0,1,0,1,0,0,4000,2,2,,POINT (-91.661644059632 41.984170961439)
2014825802,20140033536,11/10/2014,11-November,2-Monday,10:21,1000 Hours,District 1 (Central),DES MOINES,POLK,US 6,US 6/HICKMAN RD & IA 28/63RD ST,Collision with:  Vehicle in traffic,On Roadway,Broadside (front to side),Ran Traffic Signal,None Indicated,,Daylight,Dry,Cloudy,None apparent,Intersection:  T-intersection,Paved,,Property Damage Only,0,0,0,0,0,0,4000,2,3,,POINT (-93.703747489858 41.614849574914)
2014826062,14009716,11/10/2014,11-November,2-Monday,06:46,0600 Hours,District 6 (East Central),,DELAWARE,IA 13,IA 13/IOWA 13,Collision with:  Animal,,,Animal,None Indicated,,,,,,,Paved,,Property Damage Only,0,0,0,0,0,0,3000,1,1,,POINT (-91.466033582865 42.515641751536)
2014827107,14-001329,11/10/2014,11-November,2-Monday,21:40,2100 Hours,District 1 (Central),AMES,STORY,US 30,US 30,Collision with:  Animal,,,Animal,None Indicated,,,,,,,Paved,,Property Damage Only,0,0,0,0,0,0,9759,1,1,,POINT (-93.66578599035 42.006884701073)
2014826298,201400055605,11/10/2014,11-November,2-Monday,16:22,1600 Hours,District 5 (Southeast),OTTUMWA,WAPELLO,,E MAIN ST & S JEFFERSON ST,Collision with:  Vehicle in traffic,On Roadway,"Sideswipe, same direction",Made improper turn,None Indicated,,Daylight,Dry,Clear,None apparent,Intersection:  Four-way intersection,Paved,,Property Damage Only,0,0,0,0,0,0,4000,2,2,,POINT (-92.409197306884 41.015357731375)
2014825966,2014062903,11/10/2014,11-November,2-Monday,07:15,0700 Hours,District 6 (East Central),,SCOTT,US 61,US 61,Collision with:  Animal,,,Animal,None Indicated,,,,,,,Paved,,Property Damage Only,0,0,0,0,0,0,10000,1,1,,POINT (-90.566053790278 41.712663094084)
2014827062,2014-039524,11/10/2014,11-November,2-Monday,21:41,2100 Hours,District 6 (East Central),DUBUQUE,DUBUQUE,IA 32,IA 32/IA32 NW ARTERIAL,Collision with:  Animal,On Roadway,Non-collision (single vehicle),Animal,None Indicated,,Dark - roadway not lighted,Dry,Clear,None apparent,Non-intersection:  Non-junction/no special feature,Paved,,Property Damage Only,0,0,0,0,0,0,2500,1,1,,POINT (-90.732259309955 42.52281899477)
2014825819,14-40296,11/10/2014,11-November,2-Monday,06:39,0600 Hours,District 5 (Southeast),WEST BURLINGTON,DES MOINES,US 34,US 34/US 34 NE RAMP/US 34 NW RAMP & Co Rd X40/BEAVERDALE RD,Collision with:  Vehicle in traffic,On Roadway,"Angle, oncoming left turn",FTYROW:  Making left turn,None Indicated,,Dawn,Dry,Clear,None apparent,Intersection:  Intersection with ramp,Paved,,Property Damage Only,0,0,0,0,0,0,10000,2,2,,POINT (-91.208444368877 40.836015848878)
2014828290,2014063029,11/10/2014,11-November,2-Monday,17:48,1700 Hours,District 5 (Southeast),,WARREN,I-35,I-35,Collision with:  Animal,,Non-collision (single vehicle),Animal,None Indicated,,,,,,,Paved,,Property Damage Only,0,0,0,0,0,0,4000,1,1,,POINT (-93.784070926696 41.172123886014)
2014826900,201416872,11/10/2014,11-November,2-Monday,07:29,0700 Hours,District 6 (East Central),CEDAR RAPIDS,LINN,,J AVE NE,Collision with:  Parked motor vehicle,Shoulder,"Sideswipe, same direction",Other (explain in narrative):  No improper action,None Indicated,,Daylight,Dry,Cloudy,None apparent,Non-intersection:  Non-junction/no special feature,Paved,,Property Damage Only,0,0,0,0,0,0,2400,2,777,,POINT (-91.655529078238 41.999410405736)
2014826282,2014012673,11/10/2014,11-November,2-Monday,22:00,2200 Hours,District 6 (East Central),IOWA CITY,JOHNSON,,N CLINTON ST,Collision with:  Vehicle in traffic,On Roadway,Broadside (front to side),FTYROW:  From driveway,None Indicated,,Dark - roadway not lighted,Dry,Cloudy,None apparent,Non-intersection:  Driveway access (within),Paved,,Property Damage Only,0,0,0,0,0,0,7000,2,2,,POINT (-91.534576017196 41.663919934472)
2014828499,157-2014,11/10/2014,11-November,2-Monday,06:15,0600 Hours,District 4 (Southwest),,HARRISON,IA 183,IA 183/IOWA 183,Collision with:  Animal,,,Animal,None Indicated,,,,,,,Paved,,Property Damage Only,0,0,0,0,0,0,2700,1,1,,POINT (-95.944235690444 41.800739978868)
2014826710,14019722,11/10/2014,11-November,2-Monday,16:55,1600 Hours,District 2 (Northeast),MASON CITY,CERRO GORDO,,S VIRGINIA AVE,Collision with:  Vehicle in traffic,On Roadway,Rear-end (front to rear),Other (explain in narrative):  Other,None Indicated,,Dark - roadway lighted,Wet,Rain,None apparent,Non-intersection:  Non-junction/no special feature,Paved,,Property Damage Only,0,0,0,0,0,0,2400,2,2,,POINT (-93.186075551082 43.145001745095)
2014830255,I-14-2321,11/10/2014,11-November,2-Monday,19:00,1900 Hours,District 6 (East Central),MONTICELLO,JONES,,BUSINESS HWY 151,Collision with:  Animal,,,Animal,None Indicated,,,,,,,Paved,,Property Damage Only,0,0,0,0,0,0,3000,1,1,,POINT (-91.188111939454 42.218196906806)
2014826250,32086-14,11/10/2014,11-November,2-Monday,07:16,0700 Hours,District 3 (Northwest),,EMMET,,Co Rd N22/340 AVE,Collision with:  Animal,,,Animal,None Indicated,,,,,,,Paved,,Property Damage Only,0,0,0,0,0,0,3000,1,1,,POINT (-94.91483547833 43.496926342217)
2014826262,2014-22017,11/10/2014,11-November,2-Monday,15:53,1500 Hours,District 6 (East Central),BETTENDORF,SCOTT,,MIDDLE RD,Collision with:  Vehicle in traffic,On Roadway,Rear-end (front to rear),Lost Control,None Indicated,,Daylight,Dry,Cloudy,None apparent,Non-intersection:  Non-junction/no special feature,Paved,,Possible/Unknown,0,2,0,0,2,0,11500,3,3,,POINT (-90.52027579636 41.539106012116)
2014827239,14-009481,11/10/2014,11-November,2-Monday,05:45,0500 Hours,District 2 (Northeast),MCGREGOR,CLAYTON,US 18,US 18,Collision with:  Animal,,Non-collision (single vehicle),Animal,None Indicated,,,,,,,Paved,,Property Damage Only,0,0,0,0,0,0,1500,1,1,,POINT (-91.294658216507 43.005350688154)
2014826596,2014-78122,11/10/2014,11-November,2-Monday,04:25,0400 Hours,District 6 (East Central),DAVENPORT,SCOTT,I-280,I-280,Collision with:  Animal,,,Animal,None Indicated,,,,,,,Paved,,Property Damage Only,0,0,0,0,0,0,5000,1,1,,POINT (-90.675587660858 41.533300552048)
2014826280,2014-22991,11/10/2014,11-November,2-Monday,00:00,0000 Hours,District 6 (East Central),,SCOTT,I-80,I-80,Collision with:  Animal,,,Animal,None Indicated,,,,,,,Paved,,Property Damage Only,0,0,0,0,0,0,1501,1,1,,POINT (-90.417285994163 41.597683798138)
2014831691,14-008208,11/10/2014,11-November,2-Monday,06:47,0600 Hours,District 3 (Northwest),GRAETTINGER,PALO ALTO,,Co Rd B14/280 ST,Collision with:  Animal,,,Animal,None Indicated,,,,,,,Paved,,Property Damage Only,0,0,0,0,0,0,2500,1,1,,POINT (-94.739751291984 43.241933249329)
2014826238,2014062927,11/10/2014,11-November,2-Monday,09:23,0900 Hours,District 1 (Central),,POLK,I-80,I-80,Collision with fixed object:  Guardrail - face,On Roadway,Non-collision (single vehicle),Swerving/Evasive Action,None Indicated,,Daylight,Dry,Clear,Debris,Non-intersection:  Non-junction/no special feature,Paved,,Property Damage Only,0,0,0,0,0,0,9000,1,1,,POINT (-93.43655565067 41.673091214978)
2014827033,14-017750,11/10/2014,11-November,2-Monday,16:02,1600 Hours,District 2 (Northeast),,FLOYD,,Co Rd T64/UNDERWOOD AVE,Collision with:  Animal,On Roadway,Non-collision (single vehicle),Animal,None Indicated,,Daylight,Dry,Cloudy,None apparent,Non-intersection:  Non-junction/no special feature,Paved,,Property Damage Only,0,0,0,0,0,0,2000,1,1,,POINT (-92.633781978709 43.144080721481)
2014826259,N14000601,11/10/2014,11-November,2-Monday,17:23,1700 Hours,District 6 (East Central),NORTH LIBERTY,JOHNSON,,Co Rd W60/HWY 965 NE,Collision with:  Animal,On Roadway,Non-collision (single vehicle),Animal,None Indicated,,Dark - roadway not lighted,Dry,Cloudy,None apparent,Non-intersection:  Non-junction/no special feature,Paved,,Possible/Unknown,0,1,0,0,1,0,5000,1,1,,POINT (-91.620926866666 41.771223943774)
2014826597,2014-78178,11/10/2014,11-November,2-Monday,11:59,1100 Hours,District 6 (East Central),DAVENPORT,SCOTT,,ESPLANADE AVE,Collision with:  Non-motorist (see non-motorist section - NOT a unit),On Roadway,Non-collision (single vehicle),Other (explain in narrative):  No improper action,None Indicated,,Daylight,Dry,Clear,None apparent,Non-intersection:  Driveway access (within),Paved,,Minor Injury,0,1,0,1,0,0,0,1,1,,POINT (-90.555097869834 41.534358174934)
2014827373,14-37337,11/10/2014,11-November,2-Monday,21:15,2100 Hours,District 3 (Northwest),SIOUX CITY,WOODBURY,,11TH ST & CLARK ST,Collision with:  Vehicle in traffic,On Roadway,Rear-end (front to rear),Followed too close,None Indicated,,Dark - roadway not lighted,Ice/frost,Snow,None apparent,Intersection:  T-intersection,Paved,,Property Damage Only,0,0,0,0,0,0,1500,2,2,,POINT (-96.391022701825 42.501943452717)
2014826246,2014062909,11/10/2014,11-November,2-Monday,06:00,0600 Hours,District 3 (Northwest),,POCAHONTAS,,150TH AVE,Non-collision events:  Overturn/rollover,Roadside,Non-collision (single vehicle),Ran off road - left,None Indicated,,Dark - roadway not lighted,"Mud, dirt",Clear,"Surface condition (e.g., wet, icy)",Non-intersection:  Non-junction/no special feature,Unpaved,,Property Damage Only,0,0,0,0,0,0,5000,1,1,,POINT (-94.816574162368 42.825170914535)
2014826545,14-21957,11/10/2014,11-November,2-Monday,17:19,1700 Hours,District 2 (Northeast),,BREMER,US 63,US 63,Collision with:  Animal,,,Animal,None Indicated,,,,,,,Paved,,Property Damage Only,0,0,0,0,0,0,5500,1,1,,POINT (-92.337282861597 42.819411261574)
2014826892,201400055013,11/10/2014,11-November,2-Monday,12:52,1200 Hours,District 5 (Southeast),OTTUMWA,WAPELLO,,WAPELLO ST,Collision with:  Vehicle in traffic,On Roadway,Rear-end (front to rear),Followed too close,None Indicated,,Daylight,Dry,Clear,None apparent,Intersection:  Four-way intersection,Paved,,Minor Injury,0,1,0,1,0,0,750,2,3,,POINT (-92.425542200101 41.013548639523)
2014827022,14-37325,11/10/2014,11-November,2-Monday,20:28,2000 Hours,District 3 (Northwest),SIOUX CITY,WOODBURY,,W 19TH ST & CENTER ST,Collision with:  Vehicle in traffic,On Roadway,"Sideswipe, opposite direction",Lost Control,None Indicated,,Dark - roadway lighted,Dry,Snow,None apparent,Intersection:  Four-way intersection,Paved,,Property Damage Only,0,0,0,0,0,0,2000,2,2,,POINT (-96.421183530567 42.510527720271)
2014826169,W14-111587,11/10/2014,11-November,2-Monday,12:52,1200 Hours,District 2 (Northeast),WATERLOO,BLACK HAWK,,W RIDGEWAY AVE,Collision with:  Vehicle in traffic,On Roadway,"Sideswipe, same direction",FTYROW:  From driveway,None Indicated,,Daylight,Dry,Clear,None apparent,Non-intersection:  Driveway access (within),Paved,,Property Damage Only,0,0,0,0,0,0,2000,2,3,,POINT (-92.357519531959 42.469361686922)
2014826222,14C05057,11/10/2014,11-November,2-Monday,15:48,1500 Hours,District 4 (Southwest),CRESTON,UNION,,W SUMMIT ST & N MAPLE ST,Collision with:  Vehicle in traffic,On Roadway,Broadside (front to side),FTYROW:  From yield sign,None Indicated,,Daylight,Dry,Cloudy,None apparent,Intersection:  Four-way intersection,Paved,,Property Damage Only,0,0,0,0,0,0,6000,2,2,,POINT (-94.362711545207 41.06209732496)
2014829088,2014063034,11/10/2014,11-November,2-Monday,18:15,1800 Hours,District 1 (Central),DES MOINES,POLK,US 6,US 6/MERLE HAY RD,Collision with:  Vehicle in traffic,On Roadway,Rear-end (front to rear),Followed too close,None Indicated,,Dark - roadway lighted,Dry,Clear,None apparent,Non-intersection:  Non-junction/no special feature,Paved,,Possible/Unknown,0,1,0,0,1,0,5500,2,2,,POINT (-93.697745805111 41.628171755579)
2014828080,14-37274,11/10/2014,11-November,2-Monday,13:25,1300 Hours,District 3 (Northwest),SIOUX CITY,WOODBURY,,3RD ST & VIRGINIA ST,Collision with:  Vehicle in traffic,Shoulder,Rear-end (front to rear),Driving too fast for conditions,None Indicated,,Daylight,Dry,Clear,None apparent,Intersection:  Four-way intersection,Paved,,Property Damage Only,0,0,0,0,0,0,3200,2,2,,POINT (-96.39787029156 42.493123112072)
2014826934,2014063042,11/10/2014,11-November,2-Monday,18:05,1800 Hours,District 4 (Southwest),,POTTAWATTAMIE,I-80,I-80,Collision with:  Animal,,,Animal,None Indicated,,,,,,,Paved,,Property Damage Only,0,0,0,0,0,0,8000,1,1,,POINT (-95.388136516446 41.497598461181)
2014828012,,11/10/2014,11-November,2-Monday,14:30,1400 Hours,District 6 (East Central),CEDAR RAPIDS,LINN,I-380,I-380 & COLDSTREAM AVE NE & MADISON ST NE,Collision with:  Vehicle in traffic,On Roadway,Head-on (front to front),Unknown,None Indicated,,Daylight,Dry,Clear,,Intersection:  Intersection with ramp,Paved,,Property Damage Only,0,0,0,0,0,0,5500,2,2,,POINT (-91.665416970665 42.006965094275)
2014826289,14111557,11/10/2014,11-November,2-Monday,10:52,1000 Hours,District 2 (Northeast),CEDAR FALLS,BLACK HAWK,,23RD ST,Collision with:  Vehicle in traffic,On Roadway,Rear-end (front to rear),Other (explain in narrative):  Other,None Indicated,,Daylight,Dry,Cloudy,None apparent,Non-intersection:  Non-junction/no special feature,Paved,,Property Damage Only,0,0,0,0,0,0,3500,2,2,,POINT (-92.464466510046 42.516786760156)
2014831277,K14-034900,11/10/2014,11-November,2-Monday,21:43,2100 Hours,District 5 (Southeast),KEOKUK,LEE,,17TH ST S,Collision with:  Parked motor vehicle,On Roadway,Rear-end (front to rear),Unknown,Alcohol (Statutory),,Dark - roadway lighted,Dry,Clear,None apparent,Non-intersection:  Non-junction/no special feature,Paved,,Property Damage Only,0,0,0,0,0,0,7002,2,1,,POINT (-91.395982673546 40.403505097706)
2014826851,201404137,11/10/2014,11-November,2-Monday,20:00,2000 Hours,District 6 (East Central),BERTRAM,LINN,,GREEN ST & 2ND ST,Collision with fixed object:  Tree,Outside trafficway,Non-collision (single vehicle),Swerving/Evasive Action,None Indicated,,Dark - roadway lighted,Dry,Cloudy,None apparent,Non-intersection:  Non-junction/no special feature,Paved,,Property Damage Only,0,0,0,0,0,0,4500,1,1,,POINT (-91.536434912467 41.949075825138)
2014827400,14-37234,11/10/2014,11-November,2-Monday,07:43,0700 Hours,District 3 (Northwest),SIOUX CITY,WOODBURY,,CASSELMAN ST,Collision with:  Vehicle in traffic,On Roadway,Rear-end (front to rear),Lost Control,None Indicated,,Daylight,Dry,Clear,None apparent,Non-intersection:  Driveway access (within),Paved,,Possible/Unknown,0,2,0,0,2,0,4500,2,2,,POINT (-96.443025297451 42.505352610209)
2014826568,11-14-067,11/10/2014,11-November,2-Monday,18:02,1800 Hours,District 3 (Northwest),LE MARS,PLYMOUTH,,12TH ST SW & 6TH AVE SW,Collision with:  Vehicle in traffic,On Roadway,Broadside (front to side),Ran Stop Sign,None Indicated,,Dark - roadway lighted,Dry,Cloudy,None apparent,Intersection:  Four-way intersection,Paved,,Possible/Unknown,0,1,0,0,1,0,3950,3,3,,POINT (-96.175462542961 42.778737799627)
2014827248,143459,11/10/2014,11-November,2-Monday,13:05,1300 Hours,District 3 (Northwest),DENISON,CRAWFORD,,4TH AVE N & N 15TH ST,Collision with:  Vehicle in traffic,On Roadway,Broadside (front to side),FTYROW:  From yield sign,None Indicated,,Daylight,Dry,Cloudy,None apparent,Intersection:  Four-way intersection,Paved,,Property Damage Only,0,0,0,0,0,0,6500,2,4,,POINT (-95.351218357701 42.021014983676)
2014827122,2014-78182,11/10/2014,11-November,2-Monday,12:11,1200 Hours,District 6 (East Central),DAVENPORT,SCOTT,,E LOCUST ST,Collision with:  Vehicle in traffic,On Roadway,Rear-end (front to rear),Equipment failure,None Indicated,,Daylight,Dry,Clear,None apparent,Non-intersection:  Driveway access (within),Paved,,Property Damage Only,0,0,0,0,0,0,2000,2,2,,POINT (-90.558676385327 41.538325007985)
2014828100,2014063051,11/10/2014,11-November,2-Monday,21:50,2100 Hours,District 5 (Southeast),,LEE,US 61,US 61,Collision with:  Animal,,,Animal,None Indicated,,,,,,,Paved,,Property Damage Only,0,0,0,0,0,0,2500,1,1,,POINT (-91.442634602 40.504669529551)
2014826057,14-047752,11/10/2014,11-November,2-Monday,13:54,1300 Hours,District 4 (Southwest),COUNCIL BLUFFS,POTTAWATTAMIE,,6TH AVE,Collision with:  Parked motor vehicle,On Roadway,Broadside (front to side),Unknown,None Indicated,,Daylight,Dry,Cloudy,None apparent,Non-intersection:  Non-junction/no special feature,Paved,,Property Damage Only,0,0,0,0,0,0,4300,2,2,,POINT (-95.898047022126 41.256377136713)
2014826180,14-7472,11/10/2014,11-November,2-Monday,18:14,1800 Hours,District 1 (Central),,POLK,,NE 54TH AVE,Collision with:  Vehicle in traffic,On Roadway,Rear-end (front to rear),Followed too close,None Indicated,,Dark - roadway lighted,Dry,Clear,None apparent,Non-intersection:  Non-junction/no special feature,Paved,,Property Damage Only,0,0,0,0,0,0,8000,3,5,,POINT (-93.583613423243 41.658684658185)
2014826992,14-005318,11/10/2014,11-November,2-Monday,17:37,1700 Hours,District 1 (Central),AMES,STORY,US 69,US 69/S DUFF AVE & S 16TH ST & SE 16TH ST,Collision with:  Vehicle in traffic,On Roadway,"Angle, oncoming left turn",FTYROW:  Making left turn,None Indicated,,Dark - roadway lighted,Dry,Severe winds,None apparent,Intersection:  Four-way intersection,Paved,,Minor Injury,0,4,0,1,3,0,13000,2,4,,POINT (-93.610093877196 42.008374078269)
2014827001,S14-11635,11/10/2014,11-November,2-Monday,21:02,2100 Hours,District 3 (Northwest),SIOUX CITY,WOODBURY,I-29,I-29,Non-collision events:  Jackknife,On Roadway,Non-collision (single vehicle),Crossed centerline (undivided),None Indicated,,Dark - roadway lighted,Snow,Snow,"Surface condition (e.g., wet, icy)",Non-intersection:  Non-junction/no special feature,Paved,,Property Damage Only,0,0,0,0,0,0,15000,1,1,,POINT (-96.354922564294 42.376618864157)
2014826538,14-047108,11/10/2014,11-November,2-Monday,17:23,1700 Hours,District 5 (Southeast),MUSCATINE,MUSCATINE,US 61,US 61,Collision with:  Vehicle in traffic,On Roadway,Rear-end (front to rear),Driving too fast for conditions,None Indicated,,Dark - roadway lighted,Dry,Clear,None apparent,Non-intersection:  Non-junction/no special feature,Paved,,Minor Injury,0,1,0,1,0,0,2000,2,2,,POINT (-91.023279225261 41.456519865114)
2014826577,14-008225,11/10/2014,11-November,2-Monday,17:39,1700 Hours,District 3 (Northwest),EMMETSBURG,PALO ALTO,,8TH ST & UNION ST,Collision with:  Vehicle in traffic,On Roadway,Broadside (front to side),FTYROW:  At uncontrolled intersection,None Indicated,,Dark - roadway not lighted,Dry,Cloudy,None apparent,Intersection:  Four-way intersection,Paved,,Property Damage Only,0,0,0,0,0,0,2750,2,4,,POINT (-94.677587346854 43.112935251713)
2014826485,14111701,11/10/2014,11-November,2-Monday,18:17,1800 Hours,District 2 (Northeast),CEDAR FALLS,BLACK HAWK,,UNIVERSITY AVE & WALNUT ST,Collision with:  Vehicle in traffic,On Roadway,Broadside (front to side),FTYROW:  From stop sign,None Indicated,,Dark - roadway lighted,Dry,Clear,None apparent,Intersection:  Four-way intersection,Paved,,Property Damage Only,0,0,0,0,0,0,4000,2,2,,POINT (-92.453408377739 42.513105206757)
2014829853,201405348,11/10/2014,11-November,2-Monday,18:10,1800 Hours,District 1 (Central),,BOONE,US 30,US 30/220TH ST,Collision with:  Vehicle in traffic,On Roadway,Rear-end (front to rear),Crossed centerline (undivided),Alcohol (Statutory),,Dark - roadway not lighted,Dry,Clear,None apparent,Non-intersection:  Non-junction/no special feature,Paved,,Minor Injury,0,1,0,1,0,0,10000,2,2,,POINT (-93.818106228088 42.034730077269)
2014827978,,11/10/2014,11-November,2-Monday,17:27,1700 Hours,District 2 (Northeast),NEW HAMPTON,CHICKASAW,,E PROSPECT ST & N WATER AVE,Collision with:  Vehicle in traffic,On Roadway,"Angle, oncoming left turn",Ran Stop Sign,None Indicated,,Dusk,Dry,Clear,None apparent,Intersection:  Four-way intersection,Paved,,Property Damage Only,0,0,0,0,0,0,3500,2,4,,POINT (-92.312872380687 43.060226862844)
2014835413,ACC14-026,11/10/2014,11-November,2-Monday,23:06,2300 Hours,District 2 (Northeast),CRESCO,HOWARD,,2ND AVE W & 7TH ST SW & 7TH ST W,Collision with:  Vehicle in traffic,On Roadway,"Sideswipe, same direction","Operating vehicle in an reckless, erratic, careless, negligent manner",None Indicated,,Dark - roadway lighted,Wet,Rain,None apparent,Non-intersection:  Non-junction/no special feature,Paved,,Property Damage Only,0,0,0,0,0,0,7000,2,3,,POINT (-92.127145672676 43.374043773902)
2014827099,2014-24418,11/10/2014,11-November,2-Monday,15:58,1500 Hours,District 5 (Southeast),INDIANOLA,WARREN,IA 92,IA 92/E 2ND AVE,Collision with:  Vehicle in traffic,On Roadway,Non-collision (single vehicle),Animal,None Indicated,,Daylight,Dry,Cloudy,None apparent,Non-intersection:  Non-junction/no special feature,Paved,,Property Damage Only,0,0,0,0,0,0,1500,1,2,,POINT (-93.54054548109 41.357886262793)
2014826708,14019694,11/10/2014,11-November,2-Monday,11:03,1100 Hours,District 2 (Northeast),MASON CITY,CERRO GORDO,US 65,US 65/S FEDERAL AVE & IA 122/5TH ST SE/5TH ST SW,Collision with:  Vehicle in traffic,On Roadway,Broadside (front to side),Other (explain in narrative):  Other,None Indicated,,Daylight,Dry,Clear,None apparent,Non-intersection:  Non-junction/no special feature,Paved,,Property Damage Only,0,0,0,0,0,0,6000,2,3,,POINT (-93.201048859827 43.147164595842)
2014826185,20140033599,11/10/2014,11-November,2-Monday,21:14,2100 Hours,District 1 (Central),DES MOINES,POLK,US 6,US 6/DOUGLAS AVE & 54TH ST,Collision with:  Vehicle in traffic,On Roadway,"Angle, oncoming left turn",FTYROW:  Making left turn,Alcohol (Statutory),,Dark - roadway lighted,Dry,Cloudy,None apparent,Intersection:  Four-way intersection,Paved,,Minor Injury,0,1,0,1,0,0,5000,2,3,,POINT (-93.692632830703 41.629400631181)
2014826769,2014-78236,11/10/2014,11-November,2-Monday,16:29,1600 Hours,District 6 (East Central),DAVENPORT,SCOTT,,E 53RD ST & EASTERN AVE,Collision with:  Vehicle in traffic,On Roadway,Rear-end (front to rear),Followed too close,None Indicated,,Daylight,Dry,Cloudy,None apparent,Intersection:  Four-way intersection,Paved,,Property Damage Only,0,0,0,0,0,0,5000,2,2,,POINT (-90.551320806069 41.574716355054)
2014830945,14111643,11/10/2014,11-November,2-Monday,16:15,1600 Hours,District 2 (Northeast),CEDAR FALLS,BLACK HAWK,IA 57,IA 57/WEST 1ST ST & UNION RD & N UNION RD,Collision with:  Vehicle in traffic,On Roadway,Broadside (front to side),Ran Stop Sign,Drug,,Daylight,Dry,Clear,None apparent,Intersection:  Four-way intersection,Paved,,Possible/Unknown,0,1,0,0,1,0,11000,2,2,,POINT (-92.495073545532 42.54218697706)
2014827579,1400000991,11/10/2014,11-November,2-Monday,18:09,1800 Hours,District 1 (Central),MARSHALLTOWN,MARSHALL,US 30,US 30/240TH ST/NE RAMP CURV,Collision with:  Animal,,,Animal,None Indicated,,,,,,,Paved,,Property Damage Only,0,0,0,0,0,0,5000,1,1,,POINT (-92.877409077492 42.004336776662)
2014829087,2014063023,11/10/2014,11-November,2-Monday,17:20,1700 Hours,District 1 (Central),,JASPER,I-80,I-80,Collision with:  Animal,,Non-collision (single vehicle),Animal,None Indicated,,,,,,,Paved,,Property Damage Only,0,0,0,0,0,0,5500,1,1,,POINT (-93.315526546971 41.681683710264)
2014826633,14-29826,11/10/2014,11-November,2-Monday,17:00,1700 Hours,District 1 (Central),NEWTON,JASPER,,Co Rd F36/HWY F-36 W/W 28TH ST N & N 23RD AVE W,Collision with:  Animal,,,Animal,None Indicated,,,,,,,Paved,,Property Damage Only,0,0,0,0,0,0,1500,1,1,,POINT (-93.086947181029 41.722138665027)
2014827407,14-37343,11/10/2014,11-November,2-Monday,22:51,2200 Hours,District 3 (Northwest),SIOUX CITY,WOODBURY,I-29,I-29,Collision with fixed object:  Concrete traffic barrier (median or right side),Median,Non-collision (single vehicle),Swerving/Evasive Action,None Indicated,,Dark - roadway not lighted,Ice/frost,Snow,"Surface condition (e.g., wet, icy)",Non-intersection:  Non-junction/no special feature,Paved,,Property Damage Only,0,0,0,0,0,0,2000,1,1,,POINT (-96.459768388748 42.493628258731)