Iowa DOT Case Number,Law Enforcement Case Number,Date of Crash,Month of Crash,Day of Week,Time of Crash,Hour,DOT District,City Name,County Name,Route with System,Location Description,First Harmful Event,Location of First Harmful Event,Manner of Crash/Collision,Major Cause,Drug or Alcohol ,Environmental Conditions,Light Conditions,Surface Conditions,Weather Conditions,Roadway Contribution,Roadway Type,Roadway Surface,Work Zone,Crash Severity,Number of Fatalities,Number of Injuries,Number of Major Injuries,Number of Minor Injuries,Number of Possible Injuries,Number of Unknown Injuries,Amount of Property Damage,Number of Vehicles Involved,Total Number of Occupants,Travel Direction,Location
2014826604,2014012662,11/10/2014,11-November,2-Monday,16:08,1600 Hours,District 6 (East Central),IOWA CITY,JOHNSON,,S GILBERT ST,Collision with:  Vehicle in traffic,On Roadway,Rear-end (front to rear),Followed too close,None Indicated,,Dusk,Dry,Cloudy,None apparent,Non-intersection:  Driveway access (within),Paved,,Property Damage Only,0,0,0,0,0,0,3500,3,5,,POINT (-91.530563174169 41.65340272633)
2014831608,,11/10/2014,11-November,2-Monday,16:20,1600 Hours,District 2 (Northeast),,KOSSUTH,,100 AVE & ORTON RD & 200 ST,Non-collision events:  Overturn/rollover,Outside trafficway,Non-collision (single vehicle),Driving too fast for conditions,None Indicated,,Dusk,Dry,Cloudy,None apparent,Non-intersection:  Non-junction/no special feature,Paved,,Property Damage Only,0,0,0,0,0,0,3200,1,1,,POINT (-94.266664070333 43.052704003058)
2014839062,80-14-357,11/10/2014,11-November,2-Monday,07:55,0700 Hours,District 2 (Northeast),HUMBOLDT,HUMBOLDT,US 169,US 169/13TH ST N,Collision with:  Vehicle in traffic,On Roadway,Broadside (front to side),FTYROW:  From driveway,None Indicated,,Daylight,Dry,Cloudy,None apparent,Non-intersection:  Driveway access (within),Paved,,Property Damage Only,0,0,0,0,0,0,5250,2,3,,POINT (-94.227036504095 42.731329363466)
2014828901,2014-78180,11/10/2014,11-November,2-Monday,12:05,1200 Hours,District 6 (East Central),DAVENPORT,SCOTT,,IA 461/BRADY ST & E 35TH ST,Collision with:  Vehicle in traffic,On Roadway,Rear-end (front to rear),Followed too close,None Indicated,,Daylight,Dry,Cloudy,None apparent,Intersection:  T-intersection,Paved,,Property Damage Only,0,0,0,0,0,0,2500,2,2,,POINT (-90.568957647614 41.554736435218)
2014828003,,11/10/2014,11-November,2-Monday,06:30,0600 Hours,District 1 (Central),,GREENE,IA 4,IA 4/N AVE,Collision with:  Animal,On Roadway,Non-collision (single vehicle),Animal,None Indicated,,Dark - roadway not lighted,Dry,Cloudy,,Non-intersection:  Non-junction/no special feature,Paved,,Property Damage Only,0,0,0,0,0,0,5000,1,1,,POINT (-94.378079095066 42.0488799839)
2014827372,14-37279,11/10/2014,11-November,2-Monday,15:10,1500 Hours,District 3 (Northwest),SIOUX CITY,WOODBURY,,25TH ST,Collision with:  Vehicle in traffic,On Roadway,"Sideswipe, opposite direction",Lost Control,None Indicated,,Daylight,Dry,Cloudy,None apparent,Non-intersection:  Non-junction/no special feature,Paved,,Property Damage Only,0,0,0,0,0,0,1500,2,777,,POINT (-96.399964006559 42.515797247149)
2014827076,32087-14,11/10/2014,11-November,2-Monday,14:36,1400 Hours,District 3 (Northwest),,EMMET,IA 4,IA 4/IOWA 4,Non-collision events:  Overturn/rollover,On Roadway,Non-collision (single vehicle),Driving too fast for conditions,None Indicated,,Daylight,Ice/frost,Snow,"Surface condition (e.g., wet, icy)",Non-intersection:  Non-junction/no special feature,Paved,,Property Damage Only,0,0,0,0,0,0,75000,1,1,,POINT (-94.811772039926 43.488755973588)
2014827105,14-001326,11/10/2014,11-November,2-Monday,17:30,1700 Hours,District 1 (Central),,STORY,,Co Rd R70/580TH AVE & 290TH ST,Collision with:  Animal,,,Animal,None Indicated,,,,,,,Paved,,Property Damage Only,0,0,0,0,0,0,4000,1,1,,POINT (-93.540669059741 41.93576805965)
2014828840,14-2517,11/10/2014,11-November,2-Monday,07:03,0700 Hours,District 1 (Central),URBANDALE,POLK,I-35,I-35,Collision with:  Animal,On Roadway,Non-collision (single vehicle),Animal,None Indicated,,Daylight,Dry,Clear,None apparent,Interchange-related:  On-ramp,Paved,,Property Damage Only,0,0,0,0,0,0,2000,1,1,,POINT (-93.740533012239 41.652421523058)
2014827404,14-37323,11/10/2014,11-November,2-Monday,20:16,2000 Hours,District 3 (Northwest),SIOUX CITY,WOODBURY,IA 12,IA 12/GORDON DR & STONE AVE,Collision with:  Vehicle in traffic,On Roadway,Broadside (front to side),Ran Traffic Signal,None Indicated,,Dark - roadway lighted,Ice/frost,Snow,None apparent,Intersection:  Four-way intersection,Paved,,Property Damage Only,0,0,0,0,0,0,2500,2,3,,POINT (-96.352010981042 42.479221418214)
2014830066,14-064,11/10/2014,11-November,2-Monday,06:15,0600 Hours,District 3 (Northwest),LOHRVILLE,CALHOUN,IA 4,IA 4/5TH ST & ASH ST,Collision with:  Animal,,,Animal,None Indicated,,,,,,,Paved,,Property Damage Only,0,0,0,0,0,0,10000,1,1,,POINT (-94.545508084631 42.267171180748)
2014828173,14-027714,11/10/2014,11-November,2-Monday,17:55,1700 Hours,District 5 (Southeast),,MARION,IA 163,IA 163/IOWA 163,Collision with:  Animal,,Non-collision (single vehicle),Animal,None Indicated,,,,,,,Paved,,Property Damage Only,0,0,0,0,0,0,8000,1,1,,POINT (-93.032424071381 41.456811531156)
2014826859,14-034880,11/10/2014,11-November,2-Monday,19:20,1900 Hours,District 5 (Southeast),,LEE,US 61,US 61,Collision with:  Animal,,,Animal,None Indicated,,,,,,,Paved,,Property Damage Only,0,0,0,0,0,0,2500,1,1,,POINT (-91.264175943427 40.672994504031)
2014827024,14-37338,11/10/2014,11-November,2-Monday,20:54,2000 Hours,District 3 (Northwest),SIOUX CITY,WOODBURY,,DALE ST,Collision with:  Parked motor vehicle,On Roadway,"Sideswipe, same direction",Other (explain in narrative):  Other,None Indicated,,Dark - roadway lighted,Snow,Snow,"Surface condition (e.g., wet, icy)",Non-intersection:  Non-junction/no special feature,Paved,,Property Damage Only,0,0,0,0,0,0,3000,2,1,,POINT (-96.398700921213 42.50619997425)
2014831853,1411102245,11/10/2014,11-November,2-Monday,22:45,2200 Hours,District 6 (East Central),MONTICELLO,JONES,IA 38,IA 38/IOWA 38,Collision with:  Animal,,,Animal,None Indicated,,,,,,,Paved,,Property Damage Only,0,0,0,0,0,0,5000,1,1,,POINT (-91.196980426054 42.270543583347)
2014826209,SO14002684,11/10/2014,11-November,2-Monday,23:42,2300 Hours,District 3 (Northwest),,PLYMOUTH,US 75,US 75,Collision with fixed object:  Ditch,On Roadway,Non-collision (single vehicle),Driving too fast for conditions,None Indicated,,Dark - roadway not lighted,Ice/frost,Snow,"Surface condition (e.g., wet, icy)",Non-intersection:  Non-junction/no special feature,Paved,,Property Damage Only,0,0,0,0,0,0,1650,1,1,,POINT (-96.323096788437 42.56872280577)
2014828783,A14085,11/10/2014,11-November,2-Monday,13:15,1300 Hours,District 5 (Southeast),KNOXVILLE,MARION,IA 14,IA 14/LINCOLN ST,Collision with:  Vehicle in traffic,On Roadway,Broadside (front to side),FTYROW:  Making left turn,None Indicated,,Daylight,Dry,Cloudy,None apparent,Non-intersection:  Driveway access (within),Paved,,Property Damage Only,0,0,0,0,0,0,4500,2,3,,POINT (-93.10948455175 41.306732783115)
2014831851,1411101721,11/10/2014,11-November,2-Monday,18:08,1800 Hours,District 6 (East Central),,JONES,IA 38,IA 38/IOWA 38,Collision with:  Animal,,,Animal,None Indicated,,,,,,,Paved,,Property Damage Only,0,0,0,0,0,0,3500,1,1,,POINT (-91.097400254505 42.089816205675)
2014827738,14-5871,11/10/2014,11-November,2-Monday,01:30,0100 Hours,District 6 (East Central),HIAWATHA,LINN,I-380,I-380,Collision with fixed object:  Guardrail - face,Shoulder,Non-collision (single vehicle),Ran off road - left,None Indicated,,Dark - roadway lighted,Dry,Unknown,None apparent,Non-intersection:  Non-junction/no special feature,Paved,,Possible/Unknown,0,1,0,0,1,0,3000,1,1,,POINT (-91.676517779528 42.036508474652)
2014826247,2014063064,11/10/2014,11-November,2-Monday,23:50,2300 Hours,District 2 (Northeast),,WORTH,I-35,I-35 & Co Rd A39/390TH ST,Non-collision events:  Jackknife,Median,Non-collision (single vehicle),Swerving/Evasive Action,None Indicated,,Dark - roadway not lighted,Ice/frost,Snow,None apparent,Non-intersection:  Other non-intersection (explain in narrative),Paved,,Property Damage Only,0,0,0,0,0,0,20000,1,1,,POINT (-93.348819056114 43.327948174158)
2014828580,2014063028,11/10/2014,11-November,2-Monday,17:35,1700 Hours,District 5 (Southeast),,WARREN,I-35,I-35,Collision with:  Animal,,Non-collision (single vehicle),Animal,None Indicated,,,,,,,Paved,,Property Damage Only,0,0,0,0,0,0,8000,1,1,,POINT (-93.784100242564 41.170583343333)
2014826201,20140033586,11/10/2014,11-November,2-Monday,16:21,1600 Hours,District 1 (Central),DES MOINES,POLK,,LOCUST ST & 3RD ST,Collision with:  Vehicle in traffic,On Roadway,"Sideswipe, same direction",Made improper turn,None Indicated,,Daylight,Dry,Cloudy,None apparent,Non-intersection:  Non-junction/no special feature,Paved,,Property Damage Only,0,0,0,0,0,0,4500,2,3,,POINT (-93.621280955902 41.587618596571)
2014826936,2014063062,11/10/2014,11-November,2-Monday,23:35,2300 Hours,District 6 (East Central),,CEDAR,I-80,I-80,Collision with:  Vehicle in traffic,On Roadway,"Sideswipe, same direction",Lost Control,None Indicated,,Dark - roadway not lighted,Dry,Cloudy,None apparent,Non-intersection:  Non-junction/no special feature,Paved,,Property Damage Only,0,0,0,0,0,0,8500,2,3,,POINT (-90.975691141406 41.63356523993)
2014828255,20144135,11/10/2014,11-November,2-Monday,20:15,2000 Hours,District 1 (Central),,GRUNDY,,Co Rd T65/W AVE,Collision with:  Animal,,Non-collision (single vehicle),Animal,None Indicated,,,,,,,Paved,,Property Damage Only,0,0,0,0,0,0,4000,1,1,,POINT (-92.59252492588 42.366139739512)
2014826217,14-011955,11/10/2014,11-November,2-Monday,15:35,1500 Hours,District 5 (Southeast),,WAYNE,,210TH,Collision with:  Animal,On Roadway,Non-collision (single vehicle),Animal,None Indicated,,Daylight,"Mud, dirt",Clear,None apparent,Non-intersection:  Non-junction/no special feature,Unpaved,,Possible/Unknown,0,1,0,0,1,0,1500,1,1,,POINT (-93.173699051175 40.761001298959)
2014825731,14023838,11/10/2014,11-November,2-Monday,08:04,0800 Hours,District 6 (East Central),MARION,LINN,,33RD AVE & 10TH ST,Collision with:  Vehicle in traffic,On Roadway,Rear-end (front to rear),Followed too close,None Indicated,,Daylight,Dry,Cloudy,None apparent,Non-intersection:  Non-junction/no special feature,Paved,,Possible/Unknown,0,1,0,0,1,0,1000,2,2,,POINT (-91.599401991683 42.054155226684)
2014828368,4514-050,11/10/2014,11-November,2-Monday,17:40,1700 Hours,District 2 (Northeast),,HOWARD,,Co Rd V10/DALE AVE,Collision with:  Animal,,,Animal,None Indicated,,,,,,,Paved,,Property Damage Only,0,0,0,0,0,0,2000,1,1,,POINT (-92.495608231188 43.412622386233)
2014835422,14-0418,11/10/2014,11-November,2-Monday,18:00,1800 Hours,District 5 (Southeast),LAMONI,DECATUR,,Co Rd R18/ELK CHAPEL RD,Collision with:  Animal,,,Animal,None Indicated,,,,,,,Paved,,Property Damage Only,0,0,0,0,0,0,2000,1,1,,POINT (-93.957878519527 40.625398032056)
2014825747,14-7460,11/10/2014,11-November,2-Monday,10:20,1000 Hours,District 1 (Central),,POLK,US 65,US 65,Collision with fixed object:  Ditch,On Roadway,Non-collision (single vehicle),Equipment failure,None Indicated,,Daylight,Dry,Clear,None apparent,Non-intersection:  Non-junction/no special feature,Paved,,Property Damage Only,0,0,0,0,0,0,3000,1,1,,POINT (-93.537951702629 41.511611516651)
2014833006,,11/10/2014,11-November,2-Monday,11:22,1100 Hours,District 6 (East Central),CEDAR RAPIDS,LINN,,O AVE NW & EDGEWOOD RD NW,Collision with:  Vehicle in traffic,On Roadway,"Angle, oncoming left turn",Unknown,None Indicated,,Daylight,Dry,Clear,,Non-intersection:  Non-junction/no special feature,Paved,,Property Damage Only,0,0,0,0,0,0,8500,2,2,,POINT (-91.715923091672 41.989276233186)
2014826193,20140033601,11/10/2014,11-November,2-Monday,22:00,2200 Hours,District 1 (Central),DES MOINES,POLK,US 6,US 6/EUCLID AVE & 11TH ST,Collision with:  Other non-fixed object (explain in narrative),On Roadway,Non-collision (single vehicle),Other (explain in narrative):  No improper action,None Indicated,,Dark - roadway lighted,Dry,Severe winds,None apparent,Intersection:  Four-way intersection,Paved,,Property Damage Only,0,0,0,0,0,0,1500,1,1,,POINT (-93.632049480771 41.627660040487)
2014826603,2014012659,11/10/2014,11-November,2-Monday,15:32,1500 Hours,District 6 (East Central),IOWA CITY,JOHNSON,US 6,US 6/S RIVERSIDE DR & MYRTLE AVE,Collision with:  Vehicle in traffic,On Roadway,Broadside (front to side),FTYROW:  From stop sign,None Indicated,,Daylight,Dry,Cloudy,None apparent,Intersection:  T-intersection,Paved,,Property Damage Only,0,0,0,0,0,0,5500,2,3,,POINT (-91.540452745457 41.653672864593)
2014826682,,11/10/2014,11-November,2-Monday,15:00,1500 Hours,District 4 (Southwest),,ADAIR,IA 25,IA 25/IOWA 25,Collision with:  Animal,On Roadway,Non-collision (single vehicle),Animal,None Indicated,,Daylight,Dry,Cloudy,None apparent,Non-intersection:  Non-junction/no special feature,Paved,,Property Damage Only,0,0,0,0,0,0,3500,1,1,,POINT (-94.452463444639 41.253988663776)
2014825733,14023817,11/10/2014,11-November,2-Monday,00:36,0000 Hours,District 6 (East Central),MARION,LINN,IA 100,IA 100/COLLINS RD SE,Collision with:  Animal,On Roadway,Non-collision (single vehicle),Animal,None Indicated,,Dark - roadway lighted,Dry,Clear,None apparent,Non-intersection:  Non-junction/no special feature,Paved,,Property Damage Only,0,0,0,0,0,0,1500,1,2,,POINT (-91.598068537932 42.015321663392)
2014929952,,11/10/2014,11-November,2-Monday,21:50,2100 Hours,District 3 (Northwest),SERGEANT BLUFF,WOODBURY,,HUNTINGTON DR & PORT NEAL RD,Collision with:  Vehicle in traffic,On Roadway,Non-collision (single vehicle),Ran off road - right,None Indicated,,Dark - roadway lighted,Ice/frost,Snow,"Surface condition (e.g., wet, icy)",,Paved,,Minor Injury,0,1,0,1,0,0,2250,1,1,,POINT (-96.355364575007 42.389923772221)
2014826203,20140033596,11/10/2014,11-November,2-Monday,20:00,2000 Hours,District 1 (Central),DES MOINES,POLK,,11TH ST,Collision with:  Parked motor vehicle,On Roadway,Rear-end (front to rear),Lost Control,None Indicated,,Dark - roadway lighted,Dry,Cloudy,None apparent,Non-intersection:  Non-junction/no special feature,Paved,,Property Damage Only,0,0,0,0,0,0,8000,2,2,,POINT (-93.631799164745 41.606935840414)
2014827403,14-37321,11/10/2014,11-November,2-Monday,20:09,2000 Hours,District 3 (Northwest),SIOUX CITY,WOODBURY,I-29,I-29,Collision with fixed object:  Concrete traffic barrier (median or right side),On Roadway,Non-collision (single vehicle),Over correcting/over steering,None Indicated,,Dark - roadway lighted,Snow,Snow,"Surface condition (e.g., wet, icy)",Non-intersection:  Non-junction/no special feature,Paved,Yes,Property Damage Only,0,0,0,0,0,0,3000,1,1,,POINT (-96.365764480825 42.410167098686)
2014829369,2014-78297,11/10/2014,11-November,2-Monday,22:11,2200 Hours,District 6 (East Central),DAVENPORT,SCOTT,,E 10TH ST,Collision with fixed object:  Tree,Outside trafficway,Non-collision (single vehicle),"Operating vehicle in an reckless, erratic, careless, negligent manner",None Indicated,,Dark - roadway lighted,Dry,Clear,None apparent,Intersection:  T-intersection,Paved,,Property Damage Only,0,0,0,0,0,0,5300,1,1,,POINT (-90.564949761108 41.529911017171)
2014833783,155-2014,11/10/2014,11-November,2-Monday,06:45,0600 Hours,District 4 (Southwest),,HARRISON,,SALINA AVE,Non-collision events:  Overturn/rollover,Outside trafficway,Non-collision (single vehicle),Ran off road - left,None Indicated,,Dark - roadway not lighted,Dry,Clear,None apparent,Non-intersection:  Driveway access (within),Unpaved,,Possible/Unknown,0,1,0,0,0,1,2000,1,1,,POINT (-95.648206865818 41.820001195078)
2014826205,14-006717,11/10/2014,11-November,2-Monday,05:48,0500 Hours,District 3 (Northwest),,OBRIEN,,Co Rd B24/360TH ST,Collision with fixed object:  Ditch,Shoulder,Non-collision (single vehicle),Swerving/Evasive Action,None Indicated,,Dark - roadway not lighted,Dry,Severe winds,None apparent,Non-intersection:  Driveway access (within),Paved,,Possible/Unknown,0,1,0,0,1,0,1500,1,1,,POINT (-95.44373977454 43.127775166286)
2014828753,14-37332,11/10/2014,11-November,2-Monday,21:12,2100 Hours,District 3 (Northwest),SIOUX CITY,WOODBURY,US 20,US 20/RAMP,Collision with:  Vehicle in traffic,On Roadway,Unknown,Driving too fast for conditions,None Indicated,,Dark - roadway not lighted,Ice/frost,Snow,None apparent,Interchange-related:  On-ramp merge area,Paved,,Possible/Unknown,0,1,0,0,1,0,9000,2,2,,POINT (-96.332107236161 42.456039392747)
2014827021,14-37320,11/10/2014,11-November,2-Monday,20:00,2000 Hours,District 3 (Northwest),SIOUX CITY,WOODBURY,,OUTER DR N,Collision with:  Vehicle in traffic,On Roadway,Rear-end (front to rear),Other (explain in narrative):  Other,None Indicated,,Dark - roadway lighted,Snow,Snow,"Surface condition (e.g., wet, icy)",Non-intersection:  Other non-intersection (explain in narrative),Unpaved,,Property Damage Only,0,0,0,0,0,0,3000,2,3,,POINT (-96.337266421928 42.518515730411)
2014850924,14009111,11/10/2014,11-November,2-Monday,19:10,1900 Hours,District 5 (Southeast),,LOUISA,,Co Rd G62/COUNTY RD G62 & U AVE,Non-collision events:  Overturn/rollover,Roadside,Non-collision (single vehicle),Made improper turn,None Indicated,,Dark - roadway not lighted,Dry,Cloudy,None apparent,Intersection:  T-intersection,Paved,,Minor Injury,0,1,0,1,0,0,45000,1,1,,POINT (-91.384839062026 41.175978289615)
2014827405,14-37326,11/10/2014,11-November,2-Monday,20:26,2000 Hours,District 3 (Northwest),SIOUX CITY,WOODBURY,US 20,US 20,Collision with fixed object:  Guardrail - face,On Roadway,Non-collision (single vehicle),Driving too fast for conditions,None Indicated,,Dark - roadway lighted,Ice/frost,Snow,"Surface condition (e.g., wet, icy)",Non-intersection:  Other non-intersection (explain in narrative),Paved,,Property Damage Only,0,0,0,0,0,0,4000,1,2,,POINT (-96.334605263241 42.452932122083)
2014830800,14-099,11/10/2014,11-November,2-Monday,15:32,1500 Hours,District 3 (Northwest),SIOUX CENTER,SIOUX,,6TH AVE NW & 7TH ST NW,,On Roadway,Non-collision (single vehicle),Swerving/Evasive Action,None Indicated,,Daylight,Dry,Cloudy,None apparent,Intersection:  Other intersection (explain in narrative),Paved,,Property Damage Only,0,0,0,0,0,0,5500,2,2,,POINT (-96.184949586852 43.084282994712)
2014828026,,11/10/2014,11-November,2-Monday,13:13,1300 Hours,District 6 (East Central),,LINN,,,Collision with:  Animal,On Roadway,Non-collision (single vehicle),Animal,None Indicated,,,,,,,,,Possible/Unknown,0,1,0,0,1,0,0,1,1,,POINT (-96.643700149993 40.233091251414)
2014826901,201416892,11/10/2014,11-November,2-Monday,14:03,1400 Hours,District 6 (East Central),CEDAR RAPIDS,LINN,IA 922,IA 922/1ST AVE E & 10TH ST SE,Collision with:  Vehicle in traffic,On Roadway,Rear-end (front to rear),Lost Control,None Indicated,,Daylight,Dry,Clear,None apparent,Non-intersection:  Non-junction/no special feature,Paved,,Property Damage Only,0,0,0,0,0,0,1800,2,2,,POINT (-91.659866431082 41.983744931429)
2014828630,14-13151,11/10/2014,11-November,2-Monday,17:30,1700 Hours,District 3 (Northwest),,SIOUX,IA 10,IA 10/450TH ST,Collision with:  Animal,,,Animal,None Indicated,,,,,,,Paved,,Property Damage Only,0,0,0,0,0,0,2500,1,1,,POINT (-96.323431529323 42.997099034914)
2014827116,14-004880,11/10/2014,11-November,2-Monday,17:00,1700 Hours,District 1 (Central),ANKENY,POLK,US 69,US 69/S ANKENY BLVD/N ANKENY BLVD & W 1ST ST & E 1ST ST,Collision with:  Vehicle in traffic,On Roadway,Broadside (front to side),FTYROW:  Making left turn,None Indicated,,Dusk,Unknown,Unknown,Unknown,Intersection:  Four-way intersection,Paved,,Property Damage Only,0,0,0,0,0,0,1800,2,2,,POINT (-93.600375962325 41.731870994936)
2014826950,14-007829,11/10/2014,11-November,2-Monday,18:54,1800 Hours,District 1 (Central),,HAMILTON,US 69,US 69/LITTLE WALL LAKE RD,Collision with fixed object:  Ditch,Gore,Non-collision (single vehicle),Made improper turn,None Indicated,,Dark - roadway lighted,Dry,Rain,None apparent,Intersection:  Other intersection (explain in narrative),Paved,,Minor Injury,0,2,0,1,1,0,1500,1,2,,POINT (-93.637505426384 42.238717317588)
2014826268,C14003576,11/10/2014,11-November,2-Monday,13:00,1300 Hours,District 6 (East Central),CORALVILLE,JOHNSON,,1ST AVE,Collision with:  Vehicle in traffic,On Roadway,"Sideswipe, same direction",Crossed centerline (undivided),None Indicated,,Daylight,Dry,Clear,None apparent,Non-intersection:  Non-junction/no special feature,Paved,,Property Damage Only,0,0,0,0,0,0,3600,2,3,,POINT (-91.565462705956 41.670155106206)
2014826935,2014063050,11/10/2014,11-November,2-Monday,21:30,2100 Hours,District 4 (Southwest),,POTTAWATTAMIE,I-29,I-29,Collision with:  Animal,,,Animal,None Indicated,,,,,,,Paved,,Property Damage Only,0,0,0,0,0,0,4500,1,1,,POINT (-95.899624713564 41.434345157428)
2014827082,14-224,11/10/2014,11-November,2-Monday,01:59,0100 Hours,District 2 (Northeast),WAVERLY,BREMER,,3RD ST SE,Collision with:  Parked motor vehicle,On Roadway,Rear-end (front to rear),"Operating vehicle in an reckless, erratic, careless, negligent manner",None Indicated,,Dark - roadway lighted,Dry,Cloudy,None apparent,Non-intersection:  Non-junction/no special feature,Paved,,Minor Injury,0,1,0,1,0,0,9400,2,1,,POINT (-92.466846022435 42.723360615525)
2014828379,14-061110-01,11/10/2014,11-November,2-Monday,18:00,1800 Hours,District 6 (East Central),,IOWA,IA 220,IA 220/220TH TRL,Collision with:  Animal,,,Animal,None Indicated,,,,,,,Paved,,Property Damage Only,0,0,0,0,0,0,2000,1,1,,POINT (-91.96441209331 41.795882958821)
2014827402,14-37267,11/10/2014,11-November,2-Monday,12:54,1200 Hours,District 3 (Northwest),SIOUX CITY,WOODBURY,IA 12,IA 12/SIOUX RIVER RD,Collision with:  Vehicle in traffic,On Roadway,Rear-end (front to rear),Unknown,None Indicated,,Daylight,Dry,Cloudy,Work Zone (roadway-related),Non-intersection:  Non-junction/no special feature,Paved,Yes,Fatal,1,1,1,0,0,0,7000,2,2,,POINT (-96.474852743949 42.531097911665)
2014825965,2014062892,11/10/2014,11-November,2-Monday,01:23,0100 Hours,District 6 (East Central),,CEDAR,I-80,I-80,Collision with:  Animal,,,Animal,None Indicated,,,,,,,Paved,,Property Damage Only,0,0,0,0,0,0,5500,1,1,,POINT (-91.130995787155 41.645455074997)
2014828172,14-027708,11/10/2014,11-November,2-Monday,17:58,1700 Hours,District 5 (Southeast),,MARION,IA 14,IA 14/IOWA 14,Collision with:  Animal,,Non-collision (single vehicle),Animal,None Indicated,,,,,,,Paved,,Property Damage Only,0,0,0,0,0,0,2000,1,1,,POINT (-93.107405378432 41.277252281557)
2014826770,2014-78254,11/10/2014,11-November,2-Monday,17:55,1700 Hours,District 6 (East Central),DAVENPORT,SCOTT,US 6,US 6/W KIMBERLY RD & HILLANDALE RD,Collision with:  Animal,,,Animal,None Indicated,,,,,,,Paved,,Property Damage Only,0,0,0,0,0,0,2000,1,1,,POINT (-90.619845494497 41.560250803008)
2014825822,14111538,11/10/2014,11-November,2-Monday,09:49,0900 Hours,District 2 (Northeast),CEDAR FALLS,BLACK HAWK,,5TH ST & IOWA ST,Collision with:  Vehicle in traffic,On Roadway,Broadside (front to side),FTYROW:  At uncontrolled intersection,None Indicated,,Daylight,Dry,Cloudy,None apparent,Intersection:  Four-way intersection,Paved,,Property Damage Only,0,0,0,0,0,0,4300,2,3,,POINT (-92.452116821975 42.534145608036)
2014826522,2014011532,11/10/2014,11-November,2-Monday,15:32,1500 Hours,District 1 (Central),MARSHALLTOWN,MARSHALL,,E FERNER ST & S 2ND AVE,Collision with:  Vehicle in traffic,On Roadway,Broadside (front to side),FTYROW:  From stop sign,None Indicated,,Daylight,Dry,Cloudy,None apparent,Intersection:  Four-way intersection,Paved,,Possible/Unknown,0,1,0,0,1,0,16000,2,6,,POINT (-92.909886887458 42.033827574483)
2014826490,14-1600,11/10/2014,11-November,2-Monday,18:45,1800 Hours,District 3 (Northwest),SPIRIT LAKE,DICKINSON,,SUNNER AVE & 162ND ST,Collision with:  Parked motor vehicle,On Roadway,Rear-end (front to rear),Unknown,None Indicated,,Dark - roadway lighted,Wet,"Sleet, hail",None apparent,Non-intersection:  Non-junction/no special feature,Paved,,Property Damage Only,0,0,0,0,0,0,7000,2,1,,POINT (-95.117289491341 43.411103430907)
2014827495,14013822,11/10/2014,11-November,2-Monday,18:01,1800 Hours,District 1 (Central),,TAMA,US 30,US 30/US 30 NE RAMP,Collision with:  Animal,,,Animal,None Indicated,,,,,,,Paved,,Property Damage Only,0,0,0,0,0,0,5000,1,1,,POINT (-92.541458326631 41.965298164296)
2014829208,,11/10/2014,11-November,2-Monday,22:40,2200 Hours,District 2 (Northeast),,CLAYTON,,Co Rd X26/FALCON AVE,Non-collision events:  Other non-collision (explain in narrative),On Roadway,Non-collision (single vehicle),Swerving/Evasive Action,None Indicated,,Dark - roadway not lighted,"Mud, dirt",Cloudy,None apparent,Non-intersection:  Non-junction/no special feature,Unpaved,,Property Damage Only,0,0,0,0,0,0,7200,1,1,,POINT (-91.389958180551 43.037608786914)
2014827000,S14-11633,11/10/2014,11-November,2-Monday,20:56,2000 Hours,District 3 (Northwest),,WOODBURY,US 20,US 20,Non-collision events:  Other non-collision (explain in narrative),On Roadway,Non-collision (single vehicle),Ran off road - left,None Indicated,,Dark - roadway not lighted,Snow,Snow,"Surface condition (e.g., wet, icy)",Non-intersection:  Non-junction/no special feature,Paved,,Property Damage Only,0,0,0,0,0,0,1500,1,1,,POINT (-96.085425500808 42.482033373642)
2014826502,14014770,11/10/2014,11-November,2-Monday,16:04,1600 Hours,District 4 (Southwest),GLENWOOD,MILLS,,N LOCUST ST & 1ST ST,Collision with:  Vehicle in traffic,On Roadway,Broadside (front to side),FTYROW:  From stop sign,None Indicated,,Daylight,Dry,Clear,None apparent,Intersection:  Four-way intersection,Paved,,Property Damage Only,0,0,0,0,0,0,4500,2,2,,POINT (-95.74476381221 41.047310452774)
2014828256,20144136,11/10/2014,11-November,2-Monday,23:26,2300 Hours,District 1 (Central),,GRUNDY,,J AVE & 160TH ST,Collision with:  Animal,,Non-collision (single vehicle),Animal,None Indicated,,,,,,,Unpaved,,Property Damage Only,0,0,0,0,0,0,1500,1,1,,POINT (-92.846785430495 42.470330500374)
2014827711,261402031,11/10/2014,11-November,2-Monday,05:12,0500 Hours,District 5 (Southeast),BLOOMFIELD,DAVIS,IA 2,IA 2/IOWA 2,Collision with:  Animal,On Roadway,Non-collision (single vehicle),Animal,None Indicated,,Dark - roadway not lighted,Dry,Clear,None apparent,Non-intersection:  Non-junction/no special feature,Paved,,Possible/Unknown,0,1,0,0,1,0,5000,1,1,,POINT (-92.587209218669 40.725521476084)
2014826281,2014-23009,11/10/2014,11-November,2-Monday,02:24,0200 Hours,District 6 (East Central),,SCOTT,US 61,US 61,Collision with:  Animal,,,Animal,None Indicated,,,,,,,Paved,,Property Damage Only,0,0,0,0,0,0,5000,1,777,,POINT (-90.56608496649 41.71342927885)