Iowa DOT Case Number,Law Enforcement Case Number,Date of Crash,Month of Crash,Day of Week,Time of Crash,Hour,DOT District,City Name,County Name,Route with System,Location Description,First Harmful Event,Location of First Harmful Event,Manner of Crash/Collision,Major Cause,Drug or Alcohol ,Environmental Conditions,Light Conditions,Surface Conditions,Weather Conditions,Roadway Contribution,Roadway Type,Roadway Surface,Work Zone,Crash Severity,Number of Fatalities,Number of Injuries,Number of Major Injuries,Number of Minor Injuries,Number of Possible Injuries,Number of Unknown Injuries,Amount of Property Damage,Number of Vehicles Involved,Total Number of Occupants,Travel Direction,Location
2014828498,156-2014,11/11/2014,11-November,3-Tuesday,01:24,0100 Hours,District 4 (Southwest),,HARRISON,I-29,I-29,Collision with fixed object:  Ditch,On Roadway,Non-collision (single vehicle),Driving too fast for conditions,None Indicated,,Dark - roadway not lighted,Ice/frost,Snow,None apparent,Non-intersection:  Non-junction/no special feature,Paved,,Property Damage Only,0,0,0,0,0,0,6200,1,1,,POINT (-96.042843103411 41.698494058448)
2014831470,2014063076,11/11/2014,11-November,3-Tuesday,04:47,0400 Hours,District 1 (Central),,POLK,I-80,I-80 & NE 29TH ST,Collision with fixed object:  Concrete traffic barrier (median or right side),Shoulder,Non-collision (single vehicle),Ran off road - left,None Indicated,,Dark - roadway not lighted,Ice/frost,Snow,"Surface condition (e.g., wet, icy)",Non-intersection:  Non-junction/no special feature,Paved,,Minor Injury,0,2,0,2,0,0,5000,1,2,,POINT (-93.561031024918 41.654266503864)
2014826533,14-23106,11/11/2014,11-November,3-Tuesday,15:38,1500 Hours,District 6 (East Central),RIVERDALE,SCOTT,,BELMONT RD,Collision with:  Vehicle in traffic,On Roadway,Broadside (front to side),FTYROW:  From driveway,None Indicated,,Daylight,Dry,Clear,None apparent,Non-intersection:  Driveway access (within),Paved,,Property Damage Only,0,0,0,0,0,0,12000,2,2,,POINT (-90.470876486515 41.553556395543)
2014826751,14-22070,11/11/2014,11-November,3-Tuesday,07:10,0700 Hours,District 6 (East Central),BETTENDORF,SCOTT,I-80,I-80,Collision with:  Vehicle in traffic,On Roadway,"Sideswipe, same direction",Crossed centerline (undivided),None Indicated,,Dawn,Wet,"Sleet, hail","Surface condition (e.g., wet, icy)",Non-intersection:  Non-junction/no special feature,Paved,,Property Damage Only,0,0,0,0,0,0,4000,2,2,,POINT (-90.454879950915 41.597270862522)
2014835665,14-1320,11/11/2014,11-November,3-Tuesday,04:51,0400 Hours,District 1 (Central),PLEASANT HILL,POLK,US 65,US 65,Collision with fixed object:  Bridge overhead structure,On Roadway,Non-collision (single vehicle),Driving too fast for conditions,None Indicated,,Dark - roadway not lighted,Snow,Snow,"Surface condition (e.g., wet, icy)",Non-intersection:  Other non-intersection (explain in narrative),Paved,,Property Damage Only,0,0,0,0,0,0,1500,1,1,,POINT (-93.511535857847 41.564316955828)
2014826378,SO1404861,11/11/2014,11-November,3-Tuesday,07:42,0700 Hours,District 5 (Southeast),,JEFFERSON,,BUS US 34,Collision with fixed object:  Ditch,On Roadway,Non-collision (single vehicle),Driving too fast for conditions,None Indicated,,Daylight,Ice/frost,Snow,None apparent,Non-intersection:  Other non-intersection (explain in narrative),Paved,,Property Damage Only,0,0,0,0,0,0,11200,1,1,,POINT (-92.015852928259 41.00627462681)
2014826350,W14-112013,11/11/2014,11-November,3-Tuesday,20:25,2000 Hours,District 2 (Northeast),WATERLOO,BLACK HAWK,I-380,I-380 & US 218/WASHINGTON ST & E MITCHELL AVE,Collision with:  Vehicle in traffic,On Roadway,"Sideswipe, same direction",Unknown,None Indicated,,Dark - roadway lighted,Dry,Clear,None apparent,Intersection:  Four-way intersection,Paved,,Property Damage Only,0,0,0,0,0,0,3000,2,3,,POINT (-92.322128044791 42.476596678027)
2014826797,2014063206,11/11/2014,11-November,3-Tuesday,18:30,1800 Hours,District 5 (Southeast),,JEFFERSON,US 34,US 34,Collision with:  Animal,,,Animal,None Indicated,,,,,,,Paved,,Property Damage Only,0,0,0,0,0,0,3000,1,1,,POINT (-91.786267599442 40.99146547251)
2014827804,14111962,11/11/2014,11-November,3-Tuesday,17:23,1700 Hours,District 2 (Northeast),CEDAR FALLS,BLACK HAWK,,W VIKING RD & NORDIC DR,Collision with:  Vehicle in traffic,On Roadway,"Angle, oncoming left turn",FTYROW:  Making left turn,None Indicated,,Dark - roadway lighted,Dry,Cloudy,None apparent,Intersection:  Four-way intersection,Paved,,Property Damage Only,0,0,0,0,0,0,4500,2,2,,POINT (-92.447650863216 42.484033752155)
2014828158,14-001331,11/11/2014,11-November,3-Tuesday,06:27,0600 Hours,District 1 (Central),,STORY,,Co Rd S27/650TH AVE & 272ND ST,Non-collision events:  Overturn/rollover,On Roadway,Non-collision (single vehicle),Lost Control,None Indicated,,Dawn,Other (explain in narrative),Snow,"Surface condition (e.g., wet, icy)",Intersection:  T-intersection,Paved,,Property Damage Only,0,0,0,0,0,0,8000,1,1,,POINT (-93.405861199944 41.96101114657)
2014827641,14-01793,11/11/2014,11-November,3-Tuesday,02:15,0200 Hours,District 4 (Southwest),,MILLS,,221ST ST,Collision with fixed object:  Tree,Outside trafficway,Non-collision (single vehicle),Swerving/Evasive Action,None Indicated,,Dark - roadway not lighted,Ice/frost,Cloudy,"Surface condition (e.g., wet, icy)",Interchange-related:  On-ramp merge area,Paved,,Property Damage Only,0,0,0,0,0,0,4000,1,1,,POINT (-95.809159542274 41.001669872075)
2014826263,14-047826,11/11/2014,11-November,3-Tuesday,05:39,0500 Hours,District 4 (Southwest),COUNCIL BLUFFS,POTTAWATTAMIE,I-80,I-80,Collision with fixed object:  Guardrail - face,On Roadway,Non-collision (single vehicle),Other (explain in narrative):  No improper action,None Indicated,,Dark - roadway not lighted,Ice/frost,Snow,"Surface condition (e.g., wet, icy)",Non-intersection:  Other non-intersection (explain in narrative),Paved,,Property Damage Only,0,0,0,0,0,0,5000,1,1,,POINT (-95.807244600978 41.255764684392)
2014826260,148690,11/11/2014,11-November,3-Tuesday,06:50,0600 Hours,District 4 (Southwest),,DALLAS,,Co Rd P57/I AVE,Collision with:  Vehicle in traffic,On Roadway,Rear-end (front to rear),Lost Control,None Indicated,,Daylight,Ice/frost,Cloudy,"Surface condition (e.g., wet, icy)",Non-intersection:  Other non-intersection (explain in narrative),Paved,,Property Damage Only,0,0,0,0,0,0,4500,2,2,,POINT (-94.123406194431 41.517560900356)
2014826351,W14-111810,11/11/2014,11-November,3-Tuesday,05:13,0500 Hours,District 2 (Northeast),WATERLOO,BLACK HAWK,US 218,US 218/WASHINGTON ST,Collision with fixed object:  Bridge overhead structure,On Roadway,Non-collision (single vehicle),Driving too fast for conditions,None Indicated,,Dark - roadway not lighted,Ice/frost,Snow,"Surface condition (e.g., wet, icy)",Non-intersection:  Other non-intersection (explain in narrative),Paved,,Property Damage Only,0,0,0,0,0,0,1500,1,1,,POINT (-92.389718634465 42.520699844955)
2014827591,2014-23100,11/11/2014,11-November,3-Tuesday,08:30,0800 Hours,District 6 (East Central),,SCOTT,,Co Rd Y68/SCOTT PK RD,Collision with fixed object:  Ditch,On Roadway,Non-collision (single vehicle),Ran off road - right,None Indicated,,Daylight,Ice/frost,"Sleet, hail",None apparent,Non-intersection:  Non-junction/no special feature,Paved,,Property Damage Only,0,0,0,0,0,0,2500,1,1,,POINT (-90.538590069813 41.729639760049)
2014830221,14015904,11/11/2014,11-November,3-Tuesday,07:40,0700 Hours,District 5 (Southeast),,APPANOOSE,IA 2,IA 2/IOWA 2,Collision with fixed object:  Ditch,Roadside,Non-collision (single vehicle),Ran off road - right,None Indicated,,Daylight,Ice/frost,"Sleet, hail",None apparent,Non-intersection:  Non-junction/no special feature,Paved,,Property Damage Only,0,0,0,0,0,0,3500,1,1,,POINT (-92.68362836435 40.731600550617)
2014828581,2014063127,11/11/2014,11-November,3-Tuesday,07:45,0700 Hours,District 5 (Southeast),,APPANOOSE,IA 2,IA 2/IOWA 2 & 515TH ST,Collision with fixed object:  Ditch,On Roadway,Non-collision (single vehicle),Driving too fast for conditions,None Indicated,,Daylight,Ice/frost,Cloudy,"Surface condition (e.g., wet, icy)",Non-intersection:  Non-junction/no special feature,Paved,,Property Damage Only,0,0,0,0,0,0,2000,1,1,,POINT (-92.684831348002 40.732648843995)
2014827749,2014-78396,11/11/2014,11-November,3-Tuesday,12:46,1200 Hours,District 6 (East Central),DAVENPORT,SCOTT,,W CENTRAL PARK AVE & N LINCOLN AVE,Collision with:  Other non-fixed object (explain in narrative),On Roadway,Non-collision (single vehicle),Disregarded RR Signal,None Indicated,,Daylight,Dry,Cloudy,Non-highway work,Non-intersection:  Railroad grade crossing,Paved,,Property Damage Only,0,0,0,0,0,0,2000,1,1,,POINT (-90.612954647018 41.545481455406)
2014827199,,11/11/2014,11-November,3-Tuesday,17:29,1700 Hours,District 5 (Southeast),,LUCAS,,Co Rd H32/500TH ST,Collision with:  Animal,On Roadway,Non-collision (single vehicle),Animal,None Indicated,,Dark - unknown roadway lighting,Dry,Clear,None apparent,Non-intersection:  Non-junction/no special feature,Paved,,Property Damage Only,0,0,0,0,0,0,3000,1,1,,POINT (-93.160672176841 41.042964685112)
2014827412,14-37380,11/11/2014,11-November,3-Tuesday,08:15,0800 Hours,District 3 (Northwest),SIOUX CITY,WOODBURY,IA 12,IA 12/GORDON DR & S MAPLE ST,Collision with:  Vehicle in traffic,On Roadway,"Sideswipe, opposite direction",Driving too fast for conditions,None Indicated,,Daylight,Snow,Clear,None apparent,Intersection:  Four-way intersection,Paved,,Property Damage Only,0,0,0,0,0,0,2000,2,5,,POINT (-96.33953066935 42.475804236782)
2014828028,,11/11/2014,11-November,3-Tuesday,15:45,1500 Hours,District 6 (East Central),CEDAR RAPIDS,LINN,,,Collision with:  Vehicle in traffic,On Roadway,Rear-end (front to rear),Unknown,None Indicated,,Daylight,Dry,Clear,,Non-intersection:  Non-junction/no special feature,,,Property Damage Only,0,0,0,0,0,0,1600,2,2,,POINT (-96.643700149993 40.233091251414)
2014826200,20140033618,11/11/2014,11-November,3-Tuesday,05:18,0500 Hours,District 1 (Central),DES MOINES,POLK,IA 28,IA 28/63RD ST,Non-collision events:  Overturn/rollover,Outside trafficway,Non-collision (single vehicle),Driving too fast for conditions,None Indicated,,Dark - roadway lighted,Ice/frost,Snow,None apparent,Non-intersection:  Non-junction/no special feature,Paved,,Property Damage Only,0,0,0,0,0,0,1500,1,1,,POINT (-93.703501657751 41.56348283593)
2014826184,14-004870,11/11/2014,11-November,3-Tuesday,03:40,0300 Hours,District 1 (Central),ANKENY,POLK,I-35,I-35,Non-collision events:  Jackknife,On Roadway,Non-collision (single vehicle),Driving too fast for conditions,None Indicated,,Dark - roadway not lighted,Ice/frost,Snow,"Surface condition (e.g., wet, icy)",Non-intersection:  Non-junction/no special feature,Paved,,Property Damage Only,0,0,0,0,0,0,3500,1,1,,POINT (-93.573336981518 41.751212061407)
2014827194,,11/11/2014,11-November,3-Tuesday,05:54,0500 Hours,District 2 (Northeast),JANESVILLE,BREMER,US 218,US 218,Collision with:  Vehicle in traffic,On Roadway,Unknown,Driving too fast for conditions,None Indicated,,Dark - roadway not lighted,Ice/frost,Cloudy,None apparent,Non-intersection:  Other non-intersection (explain in narrative),Paved,,Property Damage Only,0,0,0,0,0,0,4000,2,2,,POINT (-92.464614976589 42.653232993419)
2014831471,2014063172,11/11/2014,11-November,3-Tuesday,14:30,1400 Hours,District 1 (Central),,POLK,I-35,I-35,,On Roadway,Non-collision (single vehicle),Other (explain in narrative):  No improper action,None Indicated,,Daylight,Dry,Cloudy,Debris,Non-intersection:  Non-junction/no special feature,Paved,,Property Damage Only,0,0,0,0,0,0,2000,1,1,,POINT (-93.571271378331 41.859980946623)
2014826248,2014063138,11/11/2014,11-November,3-Tuesday,09:40,0900 Hours,District 2 (Northeast),,CERRO GORDO,,Co Rd B35/255TH ST & Co Rd S34/LARK AVE,Collision with:  Vehicle in traffic,On Roadway,Broadside (front to side),Ran Stop Sign,None Indicated,,Daylight,Ice/frost,Cloudy,"Surface condition (e.g., wet, icy)",Intersection:  Four-way intersection,Paved,,Minor Injury,0,3,0,3,0,0,25000,2,3,,POINT (-93.280371658217 43.133769579992)
2014826412,C14003582,11/11/2014,11-November,3-Tuesday,06:34,0600 Hours,District 6 (East Central),CORALVILLE,JOHNSON,I-80,I-80,Collision with:  Vehicle in traffic,On Roadway,"Sideswipe, same direction",Driving too fast for conditions,None Indicated,,Dawn,Ice/frost,Snow,"Surface condition (e.g., wet, icy)",Non-intersection:  Other non-intersection (explain in narrative),Paved,,Minor Injury,0,1,0,1,0,0,14000,2,2,,POINT (-91.625274913864 41.694322064245)
2014828194,14V11035,11/11/2014,11-November,3-Tuesday,11:40,1100 Hours,District 6 (East Central),VINTON,BENTON,,S B AVE,Collision with:  Railway vehicle/train,On Roadway,Broadside (front to side),Unknown,None Indicated,,Daylight,Dry,Cloudy,None apparent,Non-intersection:  Railroad grade crossing,Paved,,Property Damage Only,0,0,0,0,0,0,5000,2,3,,POINT (-92.026841154927 42.164643968046)
2014830251,AC-14-0057,11/11/2014,11-November,3-Tuesday,11:45,1100 Hours,District 6 (East Central),MONTICELLO,JONES,,BIRCH ST,Collision with:  Vehicle in traffic,On Roadway,"Sideswipe, same direction",Made improper turn,None Indicated,,Daylight,Dry,Cloudy,None apparent,Non-intersection:  Non-junction/no special feature,Paved,,Property Damage Only,0,0,0,0,0,0,6000,2,2,,POINT (-91.199733952663 42.252187955463)
2014828502,160-2014,11/11/2014,11-November,3-Tuesday,01:30,0100 Hours,District 4 (Southwest),,HARRISON,I-29,I-29,Non-collision events:  Overturn/rollover,Shoulder,Non-collision (single vehicle),Driving too fast for conditions,None Indicated,,Dark - roadway not lighted,Ice/frost,Snow,"Surface condition (e.g., wet, icy)",Non-intersection:  Non-junction/no special feature,Paved,,Property Damage Only,0,0,0,0,0,0,3500,1,3,,POINT (-96.039597518923 41.678578416327)
2014826586,14-015990,11/11/2014,11-November,3-Tuesday,09:02,0900 Hours,District 2 (Northeast),,FAYETTE,,Co Rd V68/W AVE & 20TH ST,Collision with fixed object:  Ditch,On Roadway,Non-collision (single vehicle),Crossed centerline (undivided),None Indicated,,Daylight,Ice/frost,Cloudy,"Surface condition (e.g., wet, icy)",Intersection:  Y-intersection,Paved,,Property Damage Only,0,0,0,0,0,0,2000,1,1,,POINT (-92.036872037049 42.656631058039)
2014826186,20140033619,11/11/2014,11-November,3-Tuesday,06:15,0600 Hours,District 1 (Central),DES MOINES,POLK,I-235,I-235,Collision with:  Vehicle in traffic,On Roadway,Broadside (front to side),Driving too fast for conditions,None Indicated,,Dark - roadway lighted,Ice/frost,Other (explain in narrative),"Surface condition (e.g., wet, icy)",Interchange-related:  On-ramp merge area,Paved,,Property Damage Only,0,0,0,0,0,0,14000,3,3,,POINT (-93.652607339405 41.59366905081)
2014827869,2014063093,11/11/2014,11-November,3-Tuesday,07:22,0700 Hours,District 1 (Central),,GRUNDY,US 20,US 20,Collision with fixed object:  Other fixed object (explain in narrative),On Roadway,Non-collision (single vehicle),Crossed centerline (undivided),None Indicated,,Dark - roadway not lighted,Wet,Severe winds,None apparent,Non-intersection:  Non-junction/no special feature,Paved,,Property Damage Only,0,0,0,0,0,0,2200,1,1,,POINT (-92.646567929757 42.463601861061)
2014829755,14000549,11/11/2014,11-November,3-Tuesday,17:02,1700 Hours,District 5 (Southeast),ALBIA,MONROE,IA 137,IA 137/IOWA 137,Collision with:  Animal,,Non-collision (single vehicle),Animal,None Indicated,,,,,,,Paved,,Property Damage Only,0,0,0,0,0,0,2000,1,1,,POINT (-92.802871317991 41.043196356171)
2014827460,14-0009901,11/11/2014,11-November,3-Tuesday,08:50,0800 Hours,District 4 (Southwest),ATLANTIC,CASS,,620TH ST & JASPER RD,Collision with:  Vehicle in traffic,On Roadway,Broadside (front to side),FTYROW:  From stop sign,None Indicated,,Daylight,Snow,Clear,None apparent,Intersection:  Four-way intersection,Unpaved,,Property Damage Only,0,0,0,0,0,0,3000,2,2,,POINT (-95.003541070177 41.374849576861)
2014827840,2014063223,11/11/2014,11-November,3-Tuesday,22:00,2200 Hours,District 5 (Southeast),,DES MOINES,US 61,US 61,Collision with:  Animal,,,Animal,None Indicated,,,,,,,Paved,,Property Damage Only,0,0,0,0,0,0,3000,1,1,,POINT (-91.15633649207 40.74928653319)
2014827535,BP14000919,11/11/2014,11-November,3-Tuesday,10:40,1000 Hours,District 2 (Northeast),BELMOND,WRIGHT,,1ST ST SE & 4TH AVE SE,Collision with:  Vehicle in traffic,On Roadway,Broadside (front to side),FTYROW:  From stop sign,None Indicated,,Daylight,Ice/frost,Cloudy,"Surface condition (e.g., wet, icy)",Intersection:  Four-way intersection,Paved,,Property Damage Only,0,0,0,0,0,0,4300,2,3,,POINT (-93.611603815584 42.845018630536)
2014826355,W14-111825,11/11/2014,11-November,3-Tuesday,06:29,0600 Hours,District 2 (Northeast),WATERLOO,BLACK HAWK,US 20,US 20 & HAMMOND AVE,Collision with fixed object:  Bridge overhead structure,On Roadway,Non-collision (single vehicle),Driving too fast for conditions,None Indicated,,Dark - roadway lighted,Ice/frost,Snow,"Surface condition (e.g., wet, icy)",Non-intersection:  Other non-intersection (explain in narrative),Paved,,Possible/Unknown,0,1,0,0,1,0,4000,1,1,,POINT (-92.336941082344 42.452862776631)
2014826546,14-2522,11/11/2014,11-November,3-Tuesday,03:45,0300 Hours,District 1 (Central),URBANDALE,POLK,I-35,I-35,Collision with:  Vehicle in traffic,On Roadway,"Sideswipe, same direction",Other (explain in narrative):  Other,None Indicated,,Dark - roadway lighted,Other (explain in narrative),Cloudy,None apparent,Non-intersection:  Non-junction/no special feature,Paved,,Property Damage Only,0,0,0,0,0,0,3000,2,2,,POINT (-93.72657859883 41.652474552666)
2014829159,14-10700,11/11/2014,11-November,3-Tuesday,08:20,0800 Hours,District 5 (Southeast),MOUNT PLEASANT,HENRY,,E WASHINGTON ST,Collision with:  Vehicle in traffic,On Roadway,"Sideswipe, same direction",Made improper turn,None Indicated,,Daylight,Dry,Clear,None apparent,Non-intersection:  Driveway access (within),Paved,,Property Damage Only,0,0,0,0,0,0,4000,2,4,,POINT (-91.540885639213 40.964208985572)
2014827125,2014-78446,11/11/2014,11-November,3-Tuesday,19:00,1900 Hours,District 6 (East Central),DAVENPORT,SCOTT,,W 9TH ST & MARQUETTE ST,Collision with fixed object:  Utility pole/light support,Shoulder,Non-collision (single vehicle),Lost Control,Alcohol (Statutory),,Dark - roadway lighted,Dry,Clear,None apparent,Non-intersection:  Non-junction/no special feature,Paved,,Property Damage Only,0,0,0,0,0,0,5500,1,1,,POINT (-90.590985990922 41.528847534068)
2014827064,2014-039552,11/11/2014,11-November,3-Tuesday,17:10,1700 Hours,District 6 (East Central),DUBUQUE,DUBUQUE,US 20,US 20/DODGE ST,Collision with:  Animal,On Roadway,Non-collision (single vehicle),Animal,None Indicated,,Dark - roadway not lighted,Dry,Cloudy,None apparent,Non-intersection:  Non-junction/no special feature,Paved,,Possible/Unknown,0,1,0,0,1,0,2000,1,1,,POINT (-90.760650231145 42.476090898464)
2014834244,14017120,11/11/2014,11-November,3-Tuesday,06:56,0600 Hours,District 3 (Northwest),,CLAY,US 18,US 18,Collision with fixed object:  Utility pole/light support,Shoulder,Non-collision (single vehicle),Crossed centerline (undivided),None Indicated,,Daylight,Snow,Snow,"Surface condition (e.g., wet, icy)",Non-intersection:  Non-junction/no special feature,Paved,,Property Damage Only,0,0,0,0,0,0,31022,1,1,,POINT (-95.084678751644 43.127311132098)
2014826550,14-2526,11/11/2014,11-November,3-Tuesday,06:40,0600 Hours,District 1 (Central),URBANDALE,POLK,,DOUGLAS AVE,Collision with:  Vehicle in traffic,On Roadway,Rear-end (front to rear),Driving too fast for conditions,None Indicated,,Dawn,Ice/frost,"Sleet, hail",None apparent,Intersection:  Four-way intersection,Paved,,Property Damage Only,0,0,0,0,0,0,1700,2,2,,POINT (-93.756139996763 41.629369718717)
2014828461,14-005324,11/11/2014,11-November,3-Tuesday,08:00,0800 Hours,District 1 (Central),AMES,STORY,,SUMMIT AVE,Collision with:  Vehicle in traffic,On Roadway,"Sideswipe, opposite direction",Driving too fast for conditions,None Indicated,,Daylight,Ice/frost,Cloudy,"Surface condition (e.g., wet, icy)",Non-intersection:  Non-junction/no special feature,Paved,,Property Damage Only,0,0,0,0,0,0,2950,2,1,,POINT (-93.629355790494 42.035352859559)
2014826909,201416946,11/11/2014,11-November,3-Tuesday,20:00,2000 Hours,District 6 (East Central),CEDAR RAPIDS,LINN,,EDGEWOOD RD SW,Collision with:  Parked motor vehicle,On Roadway,Head-on (front to front),Unknown,Alcohol (Statutory),,Dark - roadway lighted,Dry,Clear,None apparent,Non-intersection:  Non-junction/no special feature,Paved,,Property Damage Only,0,0,0,0,0,0,8000,3,1,,POINT (-91.716168428696 41.95963869975)
2014826610,14-003885,11/11/2014,11-November,3-Tuesday,07:50,0700 Hours,District 5 (Southeast),,KEOKUK,IA 21,IA 21/IOWA 21,Collision with fixed object:  Ditch,On Roadway,Non-collision (single vehicle),Other (explain in narrative):  No improper action,None Indicated,,Daylight,Ice/frost,Snow,"Surface condition (e.g., wet, icy)",Non-intersection:  Non-junction/no special feature,Paved,,Minor Injury,0,1,0,1,0,0,10000,1,1,,POINT (-92.341156569916 41.295135044815)
2014827210,,11/11/2014,11-November,3-Tuesday,18:45,1800 Hours,District 4 (Southwest),ADEL,DALLAS,US 6,US 6,Collision with:  Animal,On Roadway,Non-collision (single vehicle),Animal,None Indicated,,Dark - roadway not lighted,Dry,Snow,None apparent,Non-intersection:  Non-junction/no special feature,Paved,,Property Damage Only,0,0,0,0,0,0,2200,1,1,,POINT (-93.99101425938 41.612488821206)
2014826394,20140033616,11/11/2014,11-November,3-Tuesday,05:41,0500 Hours,District 1 (Central),DES MOINES,POLK,US 69,US 69/SE 14TH ST,Collision with:  Vehicle in traffic,On Roadway,Rear-end (front to rear),Other (explain in narrative):  No improper action,None Indicated,,Dark - roadway lighted,Ice/frost,Snow,"Surface condition (e.g., wet, icy)",Non-intersection:  Other non-intersection (explain in narrative),Paved,,Property Damage Only,0,0,0,0,0,0,8700,4,4,,POINT (-93.596920396078 41.575281596397)
2014826601,2014-78368,11/11/2014,11-November,3-Tuesday,06:58,0600 Hours,District 6 (East Central),DAVENPORT,SCOTT,,GAINES ST,Collision with:  Parked motor vehicle,On Roadway,Rear-end (front to rear),Driving too fast for conditions,None Indicated,,Dawn,Slush,"Sleet, hail","Surface condition (e.g., wet, icy)",Non-intersection:  Non-junction/no special feature,Paved,,Possible/Unknown,0,1,0,0,1,0,12000,2,1,,POINT (-90.582307586488 41.544957914559)
2014827927,14007137,11/11/2014,11-November,3-Tuesday,05:31,0500 Hours,District 2 (Northeast),CLEAR LAKE,CERRO GORDO,,Co Rd S14/BALSAM AVE,Collision with fixed object:  Ditch,On Roadway,Non-collision (single vehicle),Crossed centerline (undivided),None Indicated,,Dark - roadway not lighted,Ice/frost,Snow,"Surface condition (e.g., wet, icy)",Non-intersection:  Non-junction/no special feature,Paved,,Property Damage Only,0,0,0,0,0,0,1500,1,1,,POINT (-93.477759157665 43.231303810706)
2014826940,2014063181,11/11/2014,11-November,3-Tuesday,15:29,1500 Hours,District 4 (Southwest),COUNCIL BLUFFS,POTTAWATTAMIE,US 6,US 6/KANESVILLE BLVD & COLLEGE RD,Collision with:  Vehicle in traffic,On Roadway,Broadside (front to side),FTYROW:  From stop sign,None Indicated,,Daylight,Dry,Cloudy,None apparent,Intersection:  T-intersection,Paved,,Property Damage Only,0,0,0,0,0,0,18000,2,2,,POINT (-95.824291718055 41.274963354592)
2014826476,14-019224,11/11/2014,11-November,3-Tuesday,20:00,2000 Hours,District 5 (Southeast),,HENRY,,170TH ST,Collision with:  Animal,,,Animal,None Indicated,,,,,,,Unpaved,,Property Damage Only,0,0,0,0,0,0,2500,1,1,,POINT (-91.665402173458 41.061345462163)
2014826549,14-2525,11/11/2014,11-November,3-Tuesday,04:30,0400 Hours,District 1 (Central),URBANDALE,POLK,I-35,I-35,Collision with fixed object:  Traffic sign support,Roadside,Non-collision (single vehicle),Other (explain in narrative):  Other,None Indicated,,Dark - roadway lighted,Snow,Cloudy,None apparent,Non-intersection:  Non-junction/no special feature,Paved,,Property Damage Only,0,0,0,0,0,0,4908,1,1,,POINT (-93.776178549797 41.646538872933)
2014826352,W14-111816,11/11/2014,11-November,3-Tuesday,05:39,0500 Hours,District 2 (Northeast),WATERLOO,BLACK HAWK,I-380,I-380,Collision with fixed object:  Guardrail - face,On Roadway,Non-collision (single vehicle),Driving too fast for conditions,None Indicated,,Dark - roadway lighted,Ice/frost,Snow,"Surface condition (e.g., wet, icy)",Non-intersection:  Other non-intersection (explain in narrative),Paved,,Possible/Unknown,0,1,0,0,1,0,4000,1,1,,POINT (-92.305624781306 42.456261683814)
2014827408,14-37368,11/11/2014,11-November,3-Tuesday,06:51,0600 Hours,District 3 (Northwest),SIOUX CITY,WOODBURY,,13TH ST,Collision with:  Parked motor vehicle,On Roadway,Head-on (front to front),Unknown,None Indicated,,Dark - roadway not lighted,Ice/frost,Snow,"Surface condition (e.g., wet, icy)",Non-intersection:  Non-junction/no special feature,Paved,,Property Damage Only,0,0,0,0,0,0,3000,2,1,,POINT (-96.398377855596 42.504057496313)
2014827555,90-14-000398,11/11/2014,11-November,3-Tuesday,00:01,0000 Hours,District 2 (Northeast),,HUMBOLDT,US 169,US 169/LINCOLN AVE & 115TH ST,Non-collision events:  Overturn/rollover,On Roadway,Non-collision (single vehicle),Ran off road - right,None Indicated,,Dark - roadway not lighted,Snow,Snow,None apparent,Non-intersection:  Non-junction/no special feature,Paved,,Property Damage Only,0,0,0,0,0,0,1500,1,1,,POINT (-94.227367147068 42.884765968896)
2014828049,14-005188,11/11/2014,11-November,3-Tuesday,12:30,1200 Hours,District 3 (Northwest),,LYON,,CLEVELAND AVE & 260TH ST,Collision with:  Vehicle in traffic,On Roadway,"Sideswipe, opposite direction",Driving too fast for conditions,None Indicated,,Daylight,"Mud, dirt",Clear,None apparent,Intersection:  Four-way intersection,Unpaved,,Property Damage Only,0,0,0,0,0,0,3500,2,3,,POINT (-96.412513424478 43.272963008908)
2014826195,20140033613,11/11/2014,11-November,3-Tuesday,04:14,0400 Hours,District 1 (Central),DES MOINES,POLK,I-235,I-235,Non-collision events:  Other non-collision (explain in narrative),On Roadway,Non-collision (single vehicle),Driving too fast for conditions,None Indicated,,Dark - roadway lighted,Wet,Cloudy,"Surface condition (e.g., wet, icy)",Non-intersection:  Other non-intersection (explain in narrative),Paved,,Property Damage Only,0,0,0,0,0,0,2500,1,1,,POINT (-93.588997631397 41.598390049982)
2014830296,14111821,11/11/2014,11-November,3-Tuesday,06:20,0600 Hours,District 2 (Northeast),CEDAR FALLS,BLACK HAWK,IA 57,IA 57/1ST ST,Collision with fixed object:  Bridge overhead structure,On Roadway,Non-collision (single vehicle),Lost Control,None Indicated,,Dawn,Ice/frost,Snow,"Surface condition (e.g., wet, icy)",Non-intersection:  Other non-intersection (explain in narrative),Paved,,Property Damage Only,0,0,0,0,0,0,2000,1,1,,POINT (-92.441795262163 42.537734132204)