Iowa DOT Case Number,Law Enforcement Case Number,Date of Crash,Month of Crash,Day of Week,Time of Crash,Hour,DOT District,City Name,County Name,Route with System,Location Description,First Harmful Event,Location of First Harmful Event,Manner of Crash/Collision,Major Cause,Drug or Alcohol ,Environmental Conditions,Light Conditions,Surface Conditions,Weather Conditions,Roadway Contribution,Roadway Type,Roadway Surface,Work Zone,Crash Severity,Number of Fatalities,Number of Injuries,Number of Major Injuries,Number of Minor Injuries,Number of Possible Injuries,Number of Unknown Injuries,Amount of Property Damage,Number of Vehicles Involved,Total Number of Occupants,Travel Direction,Location
2014826652,14-7833,11/11/2014,11-November,3-Tuesday,13:25,1300 Hours,District 2 (Northeast),LEDYARD,KOSSUTH,,Co Rd P40/120 AVE & 510TH ST,Non-collision events:  Overturn/rollover,Shoulder,Non-collision (single vehicle),Over correcting/over steering,None Indicated,,Daylight,"Mud, dirt",Snow,None apparent,Non-intersection:  Non-junction/no special feature,Unpaved,,Minor Injury,0,1,0,1,0,0,15000,1,1,,POINT (-94.226082544691 43.500139702555)
2014827409,14-37369,11/11/2014,11-November,3-Tuesday,07:13,0700 Hours,District 3 (Northwest),SIOUX CITY,WOODBURY,IA 12,IA 12/GORDON DR,Collision with:  Vehicle in traffic,On Roadway,"Sideswipe, same direction",Swerving/Evasive Action,None Indicated,,Daylight,Ice/frost,Cloudy,Other (explain in narrative),Non-intersection:  Non-junction/no special feature,Paved,,Property Damage Only,0,0,0,0,0,0,1501,2,2,,POINT (-96.358876968027 42.485224304343)
2014826903,201416921,11/11/2014,11-November,3-Tuesday,08:47,0800 Hours,District 6 (East Central),CEDAR RAPIDS,LINN,,11TH ST NW,Collision with:  Parked motor vehicle,Shoulder,"Sideswipe, same direction",Other (explain in narrative):  Other,None Indicated,,Daylight,Dry,Cloudy,None apparent,Non-intersection:  Non-junction/no special feature,Paved,,Property Damage Only,0,0,0,0,0,0,4400,2,777,,POINT (-91.687047686637 41.986256638937)
2014828101,2014063123,11/11/2014,11-November,3-Tuesday,07:55,0700 Hours,District 6 (East Central),,CLINTON,IA 136,IA 136/IOWA 136,Collision with fixed object:  Utility pole/light support,Roadside,Non-collision (single vehicle),Ran off road - right,None Indicated,,Daylight,Slush,Rain,None apparent,Non-intersection:  Non-junction/no special feature,Paved,,Property Damage Only,0,0,0,0,0,0,7000,1,1,,POINT (-90.309761185078 41.928308820414)
2014827047,2014-013748,11/11/2014,11-November,3-Tuesday,17:30,1700 Hours,District 6 (East Central),,DUBUQUE,,OAKLAND FARMS RD,Collision with:  Animal,,,Animal,None Indicated,,,,,,,Paved,,Property Damage Only,0,0,0,0,0,0,2500,1,1,,POINT (-90.73579353307 42.447514758821)
2014828492,14017809,11/11/2014,11-November,3-Tuesday,17:06,1700 Hours,District 2 (Northeast),CHARLES CITY,FLOYD,US 18,US 18/BRANTINGHAM ST,Collision with:  Vehicle in traffic,On Roadway,"Sideswipe, same direction",Crossed centerline (undivided),None Indicated,,Dark - roadway lighted,Dry,Clear,None apparent,Non-intersection:  Non-junction/no special feature,Paved,,Property Damage Only,0,0,0,0,0,0,4000,3,4,,POINT (-92.675188616034 43.064827424689)
2014827108,14-001335,11/11/2014,11-November,3-Tuesday,17:09,1700 Hours,District 1 (Central),,STORY,,Co Rd E41/LINCOLN HWY & 580TH AVE,Collision with:  Vehicle in traffic,On Roadway,Broadside (front to side),FTYROW:  From stop sign,None Indicated,,Dusk,Dry,Cloudy,None apparent,Intersection:  Four-way intersection,Paved,,Property Damage Only,0,0,0,0,0,0,13000,3,3,,POINT (-93.540888813643 42.023086564879)
2014827209,,11/11/2014,11-November,3-Tuesday,08:38,0800 Hours,District 2 (Northeast),,WINNEBAGO,,Co Rd A16/490TH ST & Co Rd R34/90TH AVE,Collision with fixed object:  Other fixed object (explain in narrative),On Roadway,Non-collision (single vehicle),Driving too fast for conditions,None Indicated,,Daylight,Ice/frost,Cloudy,"Surface condition (e.g., wet, icy)",Intersection:  Four-way intersection,Paved,,Property Damage Only,0,0,0,0,0,0,2560,1,2,,POINT (-93.793406691867 43.473112376852)
2014826795,2014063112,11/11/2014,11-November,3-Tuesday,07:40,0700 Hours,District 5 (Southeast),,WASHINGTON,,Co Rd W38/GINKGO AVE,Collision with:  Vehicle in traffic,On Roadway,"Sideswipe, opposite direction",Crossed centerline (undivided),None Indicated,,Daylight,Ice/frost,Snow,"Surface condition (e.g., wet, icy)",Non-intersection:  Non-junction/no special feature,Paved,,Minor Injury,0,1,0,1,0,0,8000,2,3,,POINT (-91.829638144017 41.43707212694)
2014827411,14-37373,11/11/2014,11-November,3-Tuesday,07:50,0700 Hours,District 3 (Northwest),SIOUX CITY,WOODBURY,,W VILLA AVE & CASSELMAN ST,Collision with:  Vehicle in traffic,On Roadway,Rear-end (front to rear),Driving too fast for conditions,None Indicated,,Daylight,Snow,Clear,"Surface condition (e.g., wet, icy)",Intersection:  Four-way intersection,Paved,,Property Damage Only,0,0,0,0,0,0,8620,2,2,,POINT (-96.442943117839 42.503635233754)
2014826430,SO1404862,11/11/2014,11-November,3-Tuesday,08:07,0800 Hours,District 5 (Southeast),,JEFFERSON,,Co Rd W21/PLEASANT PLAIN RD,Collision with fixed object:  Ditch,Roadside,Non-collision (single vehicle),Driving too fast for conditions,None Indicated,,Daylight,Ice/frost,Cloudy,"Surface condition (e.g., wet, icy)",Non-intersection:  Driveway access (within),Paved,,Property Damage Only,0,0,0,0,0,0,1500,1,1,,POINT (-91.924644407651 41.056147588294)
2014826887,201400004150,11/11/2014,11-November,3-Tuesday,16:50,1600 Hours,District 6 (East Central),,LINN,US 151,US 151 & BERTRAM RD,Collision with:  Animal,,,Animal,None Indicated,,,,,,,Paved,,Property Damage Only,0,0,0,0,0,0,5000,1,1,,POINT (-91.554783756034 41.958756047165)
2014831854,1411111826,11/11/2014,11-November,3-Tuesday,18:26,1800 Hours,District 6 (East Central),,JONES,US 151,US 151,Collision with:  Animal,,,Animal,None Indicated,,,,,,,Paved,,Property Damage Only,0,0,0,0,0,0,5000,1,1,,POINT (-91.313092103963 42.070720295482)
2014829462,2014-8441,11/11/2014,11-November,3-Tuesday,08:35,0800 Hours,District 6 (East Central),ELDRIDGE,SCOTT,,LECLAIRE RD,Collision with:  Vehicle in traffic,On Roadway,Rear-end (front to rear),Followed too close,None Indicated,,Daylight,Slush,"Sleet, hail","Surface condition (e.g., wet, icy)",Non-intersection:  Driveway access (within),Paved,,Property Damage Only,0,0,0,0,0,0,10200,2,2,,POINT (-90.558522349252 41.654728415001)
2014826474,14-010093,11/11/2014,11-November,3-Tuesday,07:52,0700 Hours,District 6 (East Central),INDEPENDENCE,BUCHANAN,,BLAND BLVD,Collision with fixed object:  Ditch,On Roadway,Non-collision (single vehicle),Driving too fast for conditions,None Indicated,,Dawn,Ice/frost,Snow,"Surface condition (e.g., wet, icy)",Non-intersection:  Non-junction/no special feature,Unpaved,,Property Damage Only,0,0,0,0,0,0,2000,1,1,,POINT (-91.905286874553 42.458009275553)
2014826196,20140033614,11/11/2014,11-November,3-Tuesday,04:37,0400 Hours,District 1 (Central),DES MOINES,POLK,I-235,I-235,Collision with fixed object:  Guardrail - face,On Roadway,Non-collision (single vehicle),Lost Control,None Indicated,,Dark - roadway lighted,Ice/frost,Snow,None apparent,Interchange-related:  On-ramp,Paved,,Property Damage Only,0,0,0,0,0,0,3000,1,1,,POINT (-93.590476209891 41.598679704007)
2014826253,14-047811,11/11/2014,11-November,3-Tuesday,01:50,0100 Hours,District 4 (Southwest),COUNCIL BLUFFS,POTTAWATTAMIE,I-29,I-29,Collision with:  Vehicle in traffic,On Roadway,"Sideswipe, same direction",Lost Control,None Indicated,,Dark - roadway lighted,Ice/frost,Snow,"Surface condition (e.g., wet, icy)",Non-intersection:  Non-junction/no special feature,Paved,,Property Damage Only,0,0,0,0,0,0,3000,2,4,,POINT (-95.859431212537 41.232152624943)
2014826410,14-047892,11/11/2014,11-November,3-Tuesday,17:07,1700 Hours,District 4 (Southwest),COUNCIL BLUFFS,POTTAWATTAMIE,IA 192,IA 192/S 7TH ST & 6TH AVE,Collision with:  Vehicle in traffic,On Roadway,"Sideswipe, same direction",Made improper turn,None Indicated,,Daylight,Dry,Clear,None apparent,Intersection:  Four-way intersection,Paved,,Property Damage Only,0,0,0,0,0,0,2000,2,3,,POINT (-95.854758630842 41.256081517237)
2014826906,201416937,11/11/2014,11-November,3-Tuesday,15:00,1500 Hours,District 6 (East Central),CEDAR RAPIDS,LINN,,EDGEWOOD RD NW,Collision with:  Vehicle in traffic,On Roadway,Broadside (front to side),FTYROW:  From driveway,None Indicated,,Daylight,Dry,Cloudy,None apparent,Non-intersection:  Other non-intersection (explain in narrative),Paved,,Property Damage Only,0,0,0,0,0,0,4900,2,2,,POINT (-91.71597384013 41.975938244138)
2014826547,14-2523,11/11/2014,11-November,3-Tuesday,05:15,0500 Hours,District 1 (Central),URBANDALE,POLK,I-35,I-35,Collision with fixed object:  Traffic sign support,On Roadway,Non-collision (single vehicle),Driving too fast for conditions,None Indicated,,Unknown,Ice/frost,Snow,"Surface condition (e.g., wet, icy)","Interchange-related:  Off-ramp, diverge area",Paved,,Property Damage Only,0,0,0,0,0,0,5200,1,1,,POINT (-93.769889894302 41.65088657199)
2014826796,2014063115,11/11/2014,11-November,3-Tuesday,07:45,0700 Hours,District 5 (Southeast),WILTON,MUSCATINE,,W 5TH ST,Collision with:  Vehicle in traffic,On Roadway,Rear-end (front to rear),Followed too close,None Indicated,,Daylight,Ice/frost,Cloudy,None apparent,Non-intersection:  Other non-intersection (explain in narrative),Paved,,Property Damage Only,0,0,0,0,0,0,8000,2,4,,POINT (-91.029153474149 41.590109922999)
2014827003,S2014-011644,11/11/2014,11-November,3-Tuesday,05:45,0500 Hours,District 3 (Northwest),,WOODBURY,,Co Rd K25/PORT NEAL RD,Non-collision events:  Overturn/rollover,Roadside,Non-collision (single vehicle),Swerving/Evasive Action,None Indicated,,Dark - roadway not lighted,Snow,Cloudy,"Surface condition (e.g., wet, icy)",Non-intersection:  Non-junction/no special feature,Paved,,Property Damage Only,0,0,0,0,0,0,5000,1,1,,POINT (-96.348635599181 42.303576754102)
2014827193,,11/11/2014,11-November,3-Tuesday,08:10,0800 Hours,District 4 (Southwest),,MONTGOMERY,,Co Rd M63/O AVE,Non-collision events:  Overturn/rollover,On Roadway,Non-collision (single vehicle),Ran off road - left,None Indicated,,Daylight,Ice/frost,Cloudy,"Surface condition (e.g., wet, icy)",Non-intersection:  Non-junction/no special feature,Paved,,Property Damage Only,0,0,0,0,0,0,6600,1,1,,POINT (-95.099027605705 40.941532087014)
2014826256,14-5690,11/11/2014,11-November,3-Tuesday,09:10,0900 Hours,District 1 (Central),WEST DES MOINES,POLK,,LOCUST ST & 4TH ST,Collision with:  Vehicle in traffic,On Roadway,Broadside (front to side),Ran Stop Sign,None Indicated,,Daylight,Dry,Cloudy,None apparent,Intersection:  Four-way intersection,Paved,,Property Damage Only,0,0,0,0,0,0,6000,2,3,,POINT (-93.707530011854 41.575455790711)
2014827123,2014-78398,11/11/2014,11-November,3-Tuesday,13:04,1300 Hours,District 6 (East Central),DAVENPORT,SCOTT,,W 29TH ST & MARQUETTE ST,Collision with:  Vehicle in traffic,On Roadway,Broadside (front to side),FTYROW:  From stop sign,None Indicated,,Daylight,Dry,Cloudy,None apparent,Intersection:  T-intersection,Paved,,Possible/Unknown,0,1,0,0,1,0,10000,2,2,,POINT (-90.591162034711 41.549611020664)
2014832301,14047237,11/11/2014,11-November,3-Tuesday,17:42,1700 Hours,District 5 (Southeast),MUSCATINE,MUSCATINE,US 61,US 61,Collision with:  Animal,,,Animal,None Indicated,,,,,,,Paved,,Property Damage Only,0,0,0,0,0,0,4000,1,1,,POINT (-91.001694757928 41.47088196978)
2014826939,2014063077,11/11/2014,11-November,3-Tuesday,03:50,0300 Hours,District 4 (Southwest),,ADAIR,I-80,I-80,Non-collision events:  Overturn/rollover,On Roadway,Non-collision (single vehicle),Ran off road - right,None Indicated,,Dark - roadway not lighted,Ice/frost,Snow,"Surface condition (e.g., wet, icy)",Non-intersection:  Non-junction/no special feature,Paved,,Minor Injury,0,1,0,1,0,0,10000,1,4,,POINT (-94.50801073019 41.496154915882)
2014836006,14111811,11/11/2014,11-November,3-Tuesday,05:15,0500 Hours,District 2 (Northeast),CEDAR FALLS,BLACK HAWK,US 218,US 218/SPECIAL CASE,Collision with fixed object:  Concrete traffic barrier (median or right side),On Roadway,Non-collision (single vehicle),Swerving/Evasive Action,None Indicated,,Dark - roadway lighted,Ice/frost,"Sleet, hail","Surface condition (e.g., wet, icy)",Non-intersection:  Other non-intersection (explain in narrative),Paved,,Property Damage Only,0,0,0,0,0,0,2500,1,1,,POINT (-92.422837698667 42.538711906484)
2014828582,2014063133,11/11/2014,11-November,3-Tuesday,08:15,0800 Hours,District 5 (Southeast),,APPANOOSE,IA 202,IA 202/IOWA 202,Collision with fixed object:  Ditch,On Roadway,Non-collision (single vehicle),Driving too fast for conditions,None Indicated,,Daylight,Ice/frost,Cloudy,"Surface condition (e.g., wet, icy)",Non-intersection:  Non-junction/no special feature,Paved,,Property Damage Only,0,0,0,0,0,0,7000,1,1,,POINT (-92.650118294475 40.631245876718)
2014830557,14-005335,11/11/2014,11-November,3-Tuesday,18:31,1800 Hours,District 1 (Central),AMES,STORY,,HOOVER AVE,Collision with:  Vehicle in traffic,On Roadway,Rear-end (front to rear),Driver Distraction:  Manual operation of an electronic communication device,None Indicated,,Dark - roadway lighted,Dry,Cloudy,None apparent,Non-intersection:  Driveway access (within),Paved,,Possible/Unknown,0,2,0,0,2,0,2500,2,3,,POINT (-93.630229712992 42.046768364232)
2014826189,20140033638,11/11/2014,11-November,3-Tuesday,09:38,0900 Hours,District 1 (Central),DES MOINES,POLK,,LELAND AVE & SW 14TH ST,Collision with:  Vehicle in traffic,On Roadway,Broadside (front to side),Ran Stop Sign,None Indicated,,Daylight,Dry,Clear,None apparent,Intersection:  Four-way intersection,Paved,,Possible/Unknown,0,1,0,0,1,0,4000,2,2,,POINT (-93.635336935285 41.528327819538)
2014826954,14007832,11/11/2014,11-November,3-Tuesday,01:19,0100 Hours,District 1 (Central),,HAMILTON,I-35,I-35 & US 20,Non-collision events:  Overturn/rollover,On Roadway,Non-collision (single vehicle),Driving too fast for conditions,None Indicated,,Dark - unknown roadway lighting,Ice/frost,Snow,"Surface condition (e.g., wet, icy)","Interchange-related:  Off-ramp, diverge area",Paved,,Property Damage Only,0,0,0,0,0,0,6500,1,2,,POINT (-93.570450252696 42.448777077235)
2014832287,14-047158,11/11/2014,11-November,3-Tuesday,06:26,0600 Hours,District 5 (Southeast),,MUSCATINE,IA 70,IA 70/IOWA 70,Collision with:  Animal,,,Animal,None Indicated,,,,,,,Paved,,Property Damage Only,0,0,0,0,0,0,3000,1,1,,POINT (-91.322018317068 41.461230903109)
2014826373,143480,11/11/2014,11-November,3-Tuesday,16:25,1600 Hours,District 3 (Northwest),DENISON,CRAWFORD,,5TH AVE N & N 11TH ST,Collision with:  Vehicle in traffic,On Roadway,Broadside (front to side),FTYROW:  At uncontrolled intersection,None Indicated,,Daylight,Wet,Cloudy,None apparent,Non-intersection:  Non-junction/no special feature,Paved,,Property Damage Only,0,0,0,0,0,0,8000,2,3,,POINT (-95.358024031888 42.021829918745)
2014827410,14-37372,11/11/2014,11-November,3-Tuesday,07:46,0700 Hours,District 3 (Northwest),SIOUX CITY,WOODBURY,,22ND ST & DUPONT ST,Collision with:  Vehicle in traffic,On Roadway,Rear-end (front to rear),Lost Control,None Indicated,,Daylight,Ice/frost,Clear,None apparent,Intersection:  Other intersection (explain in narrative),Paved,,Property Damage Only,0,0,0,0,0,0,3200,2,3,,POINT (-96.388661946349 42.51297181262)
2014826353,W14-111817,11/11/2014,11-November,3-Tuesday,05:40,0500 Hours,District 2 (Northeast),WATERLOO,BLACK HAWK,US 218,US 218/WASHINGTON ST,Collision with fixed object:  Bridge overhead structure,On Roadway,Non-collision (single vehicle),Driving too fast for conditions,None Indicated,,Dark - roadway not lighted,Ice/frost,Snow,"Surface condition (e.g., wet, icy)",Non-intersection:  Other non-intersection (explain in narrative),Paved,,Property Damage Only,0,0,0,0,0,0,1500,1,1,,POINT (-92.389718634465 42.520699844955)
2014826949,111114B,11/11/2014,11-November,3-Tuesday,07:50,0700 Hours,District 4 (Southwest),,FREMONT,,Co Rd J46/250 ST,Non-collision events:  Overturn/rollover,Roadside,Non-collision (single vehicle),Ran off road - right,None Indicated,,Daylight,Ice/frost,Clear,"Surface condition (e.g., wet, icy)",Non-intersection:  Non-junction/no special feature,Paved,,Minor Injury,0,2,0,1,1,0,12000,1,3,,POINT (-95.554329693069 40.686668227396)
2014829221,,11/11/2014,11-November,3-Tuesday,23:45,2300 Hours,District 5 (Southeast),,VAN BUREN,IA 1,IA 1/IOWA 1,Collision with:  Animal,On Roadway,Non-collision (single vehicle),Animal,None Indicated,,Dark - roadway not lighted,Wet,Snow,,Non-intersection:  Non-junction/no special feature,Paved,,Property Damage Only,0,0,0,0,0,0,5000,1,4,,POINT (-91.951718908765 40.719112190831)
2014829568,14-051111-01,11/11/2014,11-November,3-Tuesday,14:35,1400 Hours,District 6 (East Central),VICTOR,IOWA,,Co Rd V38/A AVE,Collision with:  Vehicle in traffic,On Roadway,"Sideswipe, opposite direction",FTYROW:  Making left turn,None Indicated,,Daylight,Dry,Cloudy,None apparent,Non-intersection:  Driveway access (within),Paved,,Property Damage Only,0,0,0,0,0,0,2900,2,5,,POINT (-92.28874402308 41.725698837645)
2014827871,2014063226,11/11/2014,11-November,3-Tuesday,23:28,2300 Hours,District 2 (Northeast),,CERRO GORDO,I-35,I-35,Collision with:  Animal,,,Animal,None Indicated,,,,,,,Paved,,Property Damage Only,0,0,0,0,0,0,5000,1,1,,POINT (-93.350768682643 42.940849992013)
2014827960,2014063074,11/11/2014,11-November,3-Tuesday,03:54,0300 Hours,District 1 (Central),,POLK,I-80,I-80,Collision with fixed object:  Guardrail - face,Median,Non-collision (single vehicle),Ran off road - left,None Indicated,,Dark - roadway not lighted,Ice/frost,Snow,"Surface condition (e.g., wet, icy)",Non-intersection:  Non-junction/no special feature,Paved,,Property Damage Only,0,0,0,0,0,0,11200,1,2,,POINT (-93.417132600968 41.677216565982)
2014826562,2014-039550,11/11/2014,11-November,3-Tuesday,17:24,1700 Hours,District 6 (East Central),DUBUQUE,DUBUQUE,US 20,US 20/DODGE ST,Collision with:  Vehicle in traffic,On Roadway,Rear-end (front to rear),Equipment failure,None Indicated,,Dark - roadway not lighted,Dry,Cloudy,None apparent,Non-intersection:  Non-junction/no special feature,Paved,,Property Damage Only,0,0,0,0,0,0,4000,2,2,,POINT (-90.67028895826 42.491164703652)
2014827124,2014-78400,11/11/2014,11-November,3-Tuesday,13:20,1300 Hours,District 6 (East Central),DAVENPORT,SCOTT,,W LOCUST ST & WISCONSIN AVE,Collision with:  Vehicle in traffic,On Roadway,Broadside (front to side),Ran Stop Sign,None Indicated,,Daylight,Dry,Cloudy,None apparent,Intersection:  Four-way intersection,Paved,,Possible/Unknown,0,1,0,0,1,0,13000,3,5,,POINT (-90.649231903532 41.538204437144)
2014826381,14023984,11/11/2014,11-November,3-Tuesday,18:12,1800 Hours,District 6 (East Central),MARION,LINN,,7TH AVE,Collision with:  Vehicle in traffic,On Roadway,Rear-end (front to rear),Other (explain in narrative):  Other,None Indicated,,Dark - roadway lighted,Dry,Cloudy,None apparent,Non-intersection:  Non-junction/no special feature,Paved,,Possible/Unknown,0,1,0,0,1,0,6500,2,2,,POINT (-91.600838069061 42.03332312085)
2014826266,2014011540,11/11/2014,11-November,3-Tuesday,00:27,0000 Hours,District 1 (Central),MARSHALLTOWN,MARSHALL,,W MAIN ST & N 3RD ST,Collision with:  Vehicle in traffic,On Roadway,Broadside (front to side),FTYROW:  From stop sign,None Indicated,,Dark - roadway lighted,Dry,Cloudy,None apparent,Intersection:  Four-way intersection,Paved,,Property Damage Only,0,0,0,0,0,0,3000,2,5,,POINT (-92.917804389674 42.049189772361)
2014826919,H14-0825,11/11/2014,11-November,3-Tuesday,03:50,0300 Hours,District 1 (Central),HUXLEY,STORY,I-35,I-35,Collision with fixed object:  Guardrail - face,On Roadway,Non-collision (single vehicle),Ran off road - right,None Indicated,,Dark - roadway not lighted,Ice/frost,Snow,"Surface condition (e.g., wet, icy)",Non-intersection:  Non-junction/no special feature,Paved,,Property Damage Only,0,0,0,0,0,0,1500,1,1,,POINT (-93.571106645162 41.887497590849)
2014826481,14-047882,11/11/2014,11-November,3-Tuesday,15:30,1500 Hours,District 4 (Southwest),COUNCIL BLUFFS,POTTAWATTAMIE,IA 192,IA 192/S 6TH ST & WILLOW AVE,Collision with:  Vehicle in traffic,On Roadway,Broadside (front to side),Ran Traffic Signal,None Indicated,,Daylight,Dry,Clear,None apparent,Intersection:  Four-way intersection,Paved,,Possible/Unknown,0,1,0,0,1,0,3500,2,6,,POINT (-95.85274662119 41.258662215228)
2014827063,2014-039547,11/11/2014,11-November,3-Tuesday,14:50,1400 Hours,District 6 (East Central),DUBUQUE,DUBUQUE,,W 10TH ST & LOCUST ST S,Collision with:  Vehicle in traffic,On Roadway,Broadside (front to side),Ran Traffic Signal,None Indicated,,Daylight,Dry,Cloudy,None apparent,Intersection:  Four-way intersection,Paved,,Property Damage Only,0,0,0,0,0,0,8000,2,2,,POINT (-90.669176547427 42.502110436186)
2014831307,2014063111,11/11/2014,11-November,3-Tuesday,07:10,0700 Hours,District 3 (Northwest),MARCUS,CHEROKEE,IA 3,IA 3/IOWA 3 & IA 143/AMES AVE & Co Rd L36/D AVE,Collision with:  Vehicle in traffic,On Roadway,"Angle, oncoming left turn",FTYROW:  From stop sign,None Indicated,,Daylight,Snow,Clear,"Surface condition (e.g., wet, icy)",Intersection:  Four-way intersection,Paved,,Property Damage Only,0,0,0,0,0,0,5400,3,3,,POINT (-95.799779963954 42.807952540945)
2014828415,14-01377,11/11/2014,11-November,3-Tuesday,06:15,0600 Hours,District 6 (East Central),WEST BRANCH,CEDAR,,4TH ST,Collision with:  Non-motorist (see non-motorist section - NOT a unit),On Roadway,Non-collision (single vehicle),FTYROW:  To pedestrian,None Indicated,,Dawn,Wet,Snow,None apparent,Non-intersection:  Non-junction/no special feature,Paved,,Minor Injury,0,1,0,1,0,0,500,1,1,,POINT (-91.341808845364 41.678403785405)
2014826873,14-34969,11/11/2014,11-November,3-Tuesday,19:14,1900 Hours,District 5 (Southeast),MONTROSE,LEE,US 61,US 61 & OLD HWY 61,Collision with:  Animal,,,Animal,None Indicated,,,,,,,Paved,,Property Damage Only,0,0,0,0,0,0,3500,1,1,,POINT (-91.42038552502 40.610792678485)
2014829058,1400000993,11/11/2014,11-November,3-Tuesday,05:27,0500 Hours,District 1 (Central),,MARSHALL,US 30,US 30/240TH ST,Collision with fixed object:  Ditch,On Roadway,Non-collision (single vehicle),Driving too fast for conditions,None Indicated,,Dark - roadway not lighted,Ice/frost,Snow,None apparent,Non-intersection:  Non-junction/no special feature,Paved,,Property Damage Only,0,0,0,0,0,0,40000,1,1,,POINT (-92.868770642182 42.00648882357)
2014827195,,11/11/2014,11-November,3-Tuesday,06:26,0600 Hours,District 2 (Northeast),JANESVILLE,BREMER,US 218,US 218,Collision with fixed object:  Bridge overhead structure,On Roadway,Non-collision (single vehicle),Lost Control,None Indicated,,,,,,,Paved,,Property Damage Only,0,0,0,0,0,0,3000,1,1,,POINT (-92.464846540598 42.653261092551)
2014826199,20140033649,11/11/2014,11-November,3-Tuesday,12:04,1200 Hours,District 1 (Central),DES MOINES,POLK,,UNIVERSITY AVE,Collision with:  Vehicle in traffic,On Roadway,Rear-end (front to rear),Followed too close,None Indicated,,Daylight,Dry,Cloudy,None apparent,Non-intersection:  Non-junction/no special feature,Paved,,Property Damage Only,0,0,0,0,0,0,4800,3,4,,POINT (-93.655674910098 41.60037999755)
2014827034,14-017778,11/11/2014,11-November,3-Tuesday,05:14,0500 Hours,District 2 (Northeast),,FLOYD,US 18,US 18,Non-collision events:  Other non-collision (explain in narrative),On Roadway,Non-collision (single vehicle),Ran off road - left,None Indicated,,Dark - roadway not lighted,Ice/frost,Snow,None apparent,Non-intersection:  Non-junction/no special feature,Paved,,Major Injury,0,1,1,0,0,0,20000,1,1,,POINT (-92.80143900406 43.127034049402)
2014826780,14-40491,11/11/2014,11-November,3-Tuesday,19:26,1900 Hours,District 5 (Southeast),,DES MOINES,US 61,US 61,Collision with:  Animal,,,Animal,None Indicated,,,,,,,Paved,,Property Damage Only,0,0,0,0,0,0,2000,1,1,,POINT (-91.152780326998 40.848982701786)
2014827590,14-1384,11/11/2014,11-November,3-Tuesday,04:09,0400 Hours,District 1 (Central),CLIVE,POLK,I-35,I-35,Collision with fixed object:  Ditch,On Roadway,Non-collision (single vehicle),Ran off road - right,None Indicated,,Dark - roadway lighted,Ice/frost,Snow,"Surface condition (e.g., wet, icy)","Interchange-related:  Off-ramp, diverge area",Paved,,Minor Injury,0,1,0,1,0,0,500,1,3,,POINT (-93.776853394893 41.613739278006)
2014827159,P14-012749,11/11/2014,11-November,3-Tuesday,09:08,0900 Hours,District 1 (Central),WEBSTER CITY,HAMILTON,,1ST ST & BROADWAY ST,Collision with:  Vehicle in traffic,On Roadway,Broadside (front to side),Ran Stop Sign,None Indicated,,Daylight,Snow,Clear,"Surface condition (e.g., wet, icy)",Intersection:  Four-way intersection,Paved,,Property Damage Only,0,0,0,0,0,0,3400,2,2,,POINT (-93.826371781415 42.468552578729)
2014826893,2014004142,11/11/2014,11-November,3-Tuesday,04:42,0400 Hours,District 6 (East Central),,LINN,US 30,US 30/16TH AVE SW,Collision with:  Animal,,,Animal,None Indicated,,,,,,,Paved,,Property Damage Only,0,0,0,0,0,0,6500,1,1,,POINT (-91.819051175449 41.964147679171)
2014826411,14-047896,11/11/2014,11-November,3-Tuesday,17:20,1700 Hours,District 4 (Southwest),COUNCIL BLUFFS,POTTAWATTAMIE,,CREEK TOP,Collision with:  Parked motor vehicle,On Roadway,"Sideswipe, opposite direction",Other (explain in narrative):  Other,None Indicated,,Dark - roadway not lighted,Ice/frost,Cloudy,None apparent,Non-intersection:  Non-junction/no special feature,Paved,,Property Damage Only,0,0,0,0,0,0,1500,2,1,,POINT (-95.854728745847 41.262242608193)
2014826487,14-014797,11/11/2014,11-November,3-Tuesday,07:16,0700 Hours,District 4 (Southwest),GLENWOOD,MILLS,,N LOCUST ST & 1ST ST,Collision with fixed object:  Tree,Shoulder,Non-collision (single vehicle),Ran off road - right,None Indicated,,Daylight,Ice/frost,Clear,None apparent,Non-intersection:  Non-junction/no special feature,Paved,,Property Damage Only,0,0,0,0,0,0,6250,1,1,,POINT (-95.74476381221 41.047310452774)
2014826907,201416940,11/11/2014,11-November,3-Tuesday,17:43,1700 Hours,District 6 (East Central),CEDAR RAPIDS,LINN,,DIAGONAL DR SW & H ST SW,Collision with:  Vehicle in traffic,On Roadway,Rear-end (front to rear),Followed too close,None Indicated,,Dark - roadway lighted,Dry,Cloudy,None apparent,Intersection:  Y-intersection,Paved,,Property Damage Only,0,0,0,0,0,0,3500,2,3,,POINT (-91.668108182131 41.970565366195)
2014827414,14-37392,11/11/2014,11-November,3-Tuesday,10:27,1000 Hours,District 3 (Northwest),SIOUX CITY,WOODBURY,,CONCORDIA DR,Collision with:  Vehicle in traffic,On Roadway,Head-on (front to front),Other (explain in narrative):  Other,None Indicated,,Daylight,Ice/frost,Cloudy,"Surface condition (e.g., wet, icy)",Non-intersection:  Non-junction/no special feature,Paved,,Possible/Unknown,0,1,0,0,1,0,8000,2,4,,POINT (-96.409282542873 42.527559037151)