Iowa DOT Case Number,Law Enforcement Case Number,Date of Crash,Month of Crash,Day of Week,Time of Crash,Hour,DOT District,City Name,County Name,Route with System,Location Description,First Harmful Event,Location of First Harmful Event,Manner of Crash/Collision,Major Cause,Drug or Alcohol ,Environmental Conditions,Light Conditions,Surface Conditions,Weather Conditions,Roadway Contribution,Roadway Type,Roadway Surface,Work Zone,Crash Severity,Number of Fatalities,Number of Injuries,Number of Major Injuries,Number of Minor Injuries,Number of Possible Injuries,Number of Unknown Injuries,Amount of Property Damage,Number of Vehicles Involved,Total Number of Occupants,Travel Direction,Location
2014829863,2014-78522,11/12/2014,11-November,4-Wednesday,03:35,0300 Hours,District 6 (East Central),DAVENPORT,SCOTT,,N PINE ST & NORTHWEST BLVD,Collision with fixed object:  Other fixed object (explain in narrative),Outside trafficway,Non-collision (single vehicle),Exceeded authorized speed,None Indicated,,Dark - roadway lighted,Dry,Clear,None apparent,Non-intersection:  Non-junction/no special feature,Paved,,Property Damage Only,0,0,0,0,0,0,40000,1,2,,POINT (-90.609349183189 41.587016077645)
2014831856,1411120554,11/12/2014,11-November,4-Wednesday,05:54,0500 Hours,District 6 (East Central),ANAMOSA,JONES,IA 64,IA 64/IOWA 64,Collision with:  Animal,,,Animal,None Indicated,,,,,,,Paved,,Property Damage Only,0,0,0,0,0,0,6000,1,1,,POINT (-91.254674614415 42.099323488133)
2014828463,14-005338,11/12/2014,11-November,4-Wednesday,08:12,0800 Hours,District 1 (Central),AMES,STORY,,RIDGEWOOD AVE,Collision with fixed object:  Utility pole/light support,Roadside,Non-collision (single vehicle),Lost Control,None Indicated,,Daylight,Dry,Clear,None apparent,Non-intersection:  Non-junction/no special feature,Paved,,Property Damage Only,0,0,0,0,0,0,3000,1,1,,POINT (-93.625400722232 42.027502743159)
2014826716,1411128111,11/12/2014,11-November,4-Wednesday,16:30,1600 Hours,District 6 (East Central),,CLINTON,,Co Rd Y46/185 AVE,Collision with:  Animal,,,Animal,None Indicated,,,,,,,Paved,,Property Damage Only,0,0,0,0,0,0,2500,1,1,,POINT (-90.733156780868 41.976116558851)
2014826837,2014012719,11/12/2014,11-November,4-Wednesday,17:20,1700 Hours,District 6 (East Central),IOWA CITY,JOHNSON,IA 1,IA 1/N DODGE ST,Collision with:  Vehicle in traffic,On Roadway,Broadside (front to side),FTYROW:  From stop sign,None Indicated,,Dark - roadway lighted,Dry,Cloudy,None apparent,Intersection:  T-intersection,Paved,,Major Injury,0,2,1,0,1,0,9000,2,2,,POINT (-91.502507981316 41.684042066576)
2014826970,W14-112261,11/12/2014,11-November,4-Wednesday,17:16,1700 Hours,District 2 (Northeast),WATERLOO,BLACK HAWK,US 218,US 218,Collision with:  Vehicle in traffic,On Roadway,Rear-end (front to rear),Followed too close,None Indicated,,Dark - unknown roadway lighting,Dry,Cloudy,None apparent,Non-intersection:  Non-junction/no special feature,Paved,,Property Damage Only,0,0,0,0,0,0,7000,2,2,,POINT (-92.33948018498 42.49128747293)
2014826929,14-40578,11/12/2014,11-November,4-Wednesday,14:15,1400 Hours,District 5 (Southeast),BURLINGTON,DES MOINES,,MASON RD & LAWRENCE DR,Non-collision events:  Other non-collision (explain in narrative),On Roadway,Non-collision (single vehicle),Other (explain in narrative):  Vision obstructed,None Indicated,,Daylight,Dry,Clear,None apparent,Non-intersection:  Non-junction/no special feature,Paved,,Property Damage Only,0,0,0,0,0,0,3100,1,1,,POINT (-91.140172084901 40.796732877434)
2014826874,14-35055,11/12/2014,11-November,4-Wednesday,19:21,1900 Hours,District 5 (Southeast),DONNELLSON,LEE,US 218,US 218,Collision with:  Animal,,,Animal,None Indicated,,,,,,,Paved,,Property Damage Only,0,0,0,0,0,0,8500,1,1,,POINT (-91.563701392833 40.720313756162)
2014826889,201400004171,11/12/2014,11-November,4-Wednesday,19:40,1900 Hours,District 6 (East Central),,LINN,,SHULTZ RD & FOREST EDGE RD,Collision with:  Animal,,,Animal,None Indicated,,,,,,,Unpaved,,Property Damage Only,0,0,0,0,0,0,4500,1,1,,POINT (-91.73472074694 42.165081171715)
2014827714,261402038,11/12/2014,11-November,4-Wednesday,00:10,0000 Hours,District 5 (Southeast),DRAKESVILLE,DAVIS,,180TH ST & HWY 273,Collision with:  Animal,On Roadway,Non-collision (single vehicle),Animal,None Indicated,,Dark - roadway not lighted,Dry,Clear,None apparent,Non-intersection:  Non-junction/no special feature,Paved,,Property Damage Only,0,0,0,0,0,0,3000,1,1,,POINT (-92.534303626458 40.79828955538)
2014827524,14-008647,11/12/2014,11-November,4-Wednesday,07:34,0700 Hours,District 4 (Southwest),PERRY,DALLAS,,WILLIS AVE & 8TH ST,Collision with:  Vehicle in traffic,On Roadway,Broadside (front to side),FTYROW:  From stop sign,None Indicated,,Daylight,Dry,Cloudy,None apparent,Intersection:  Four-way intersection,Paved,,Property Damage Only,0,0,0,0,0,0,8000,2,3,,POINT (-94.096880006124 41.838465465536)
2014826650,14-7848,11/12/2014,11-November,4-Wednesday,09:42,0900 Hours,District 2 (Northeast),SWEA CITY,KOSSUTH,,Co Rd A21/460 ST & Co Rd P16/20 AVE,Collision with:  Vehicle in traffic,On Roadway,Broadside (front to side),Ran Stop Sign,None Indicated,,Daylight,Dry,Cloudy,None apparent,Intersection:  Four-way intersection,Paved,,Possible/Unknown,0,2,0,0,2,0,49000,2,3,,POINT (-94.423617712395 43.430508096393)
2014828384,14-071112-01,11/12/2014,11-November,4-Wednesday,06:35,0600 Hours,District 6 (East Central),,IOWA,,Co Rd F12/110TH ST,Collision with:  Animal,,Non-collision (single vehicle),Animal,None Indicated,,,,,,,Paved,,Property Damage Only,0,0,0,0,0,0,4000,1,1,,POINT (-91.843405314272 41.84717455116)
2014827067,2014-039586,11/12/2014,11-November,4-Wednesday,17:41,1700 Hours,District 6 (East Central),DUBUQUE,DUBUQUE,,UNIVERSITY AVE & GRANDVIEW AVE N,Collision with:  Vehicle in traffic,On Roadway,Broadside (front to side),FTYROW:  From stop sign,None Indicated,,Dark - roadway lighted,Dry,Clear,None apparent,Intersection:  Four-way intersection,Paved,,Property Damage Only,0,0,0,0,0,0,2500,2,2,,POINT (-90.688118383802 42.498333891322)
2014843245,1112146A,11/12/2014,11-November,4-Wednesday,17:23,1700 Hours,District 4 (Southwest),CLARINDA,PAGE,IA 2,IA 2/IOWA 2,Collision with:  Animal,,,Animal,None Indicated,,,,,,,Paved,,Property Damage Only,0,0,0,0,0,0,5000,1,1,,POINT (-95.142024987034 40.742565562315)
2014826798,2014063238,11/12/2014,11-November,4-Wednesday,04:55,0400 Hours,District 4 (Southwest),ADAIR,ADAIR,I-80,I-80,Collision with:  Animal,,,Animal,None Indicated,,,,,,,Paved,,Property Damage Only,0,0,0,0,0,0,1500,1,1,,POINT (-94.637141237414 41.493173019117)
2014827075,2014013755,11/12/2014,11-November,4-Wednesday,06:00,0600 Hours,District 6 (East Central),,DUBUQUE,,DYERSVILLE EAST RD,Collision with:  Animal,,,Animal,None Indicated,,,,,,,Paved,,Property Damage Only,0,0,0,0,0,0,5000,1,1,,POINT (-91.088108328826 42.486157055907)
2014826360,14016766,11/12/2014,11-November,4-Wednesday,03:32,0300 Hours,District 6 (East Central),,CEDAR,I-80,I-80,Collision with fixed object:  Guardrail - face,Median,Non-collision (single vehicle),Ran off road - left,None Indicated,,Dark - unknown roadway lighting,Dry,Clear,None apparent,Non-intersection:  Non-junction/no special feature,Paved,,Property Damage Only,0,0,0,0,0,0,10295,1,1,,POINT (-91.320698299666 41.663704436944)
2014826736,20140033786,11/12/2014,11-November,4-Wednesday,19:05,1900 Hours,District 1 (Central),DES MOINES,POLK,,MEREDITH DR & FRONTAGE RD,Collision with:  Vehicle in traffic,On Roadway,Rear-end (front to rear),Followed too close,None Indicated,,Dark - roadway lighted,Dry,"Blowing sand, soil, dirt",None apparent,Intersection:  Four-way intersection,Paved,,Property Damage Only,0,0,0,0,0,0,3000,2,2,,POINT (-93.698036188378 41.643959545592)
2014828615,14-016046,11/12/2014,11-November,4-Wednesday,13:39,1300 Hours,District 2 (Northeast),,FAYETTE,,I AVE,Non-collision events:  Overturn/rollover,On Roadway,Non-collision (single vehicle),Swerving/Evasive Action,None Indicated,,Daylight,Dry,Cloudy,None apparent,Non-intersection:  Non-junction/no special feature,Unpaved,,Minor Injury,0,1,0,1,0,0,2000,1,3,,POINT (-91.764995503373 42.712422509396)
2014826839,2014012722,11/12/2014,11-November,4-Wednesday,19:13,1900 Hours,District 6 (East Central),IOWA CITY,JOHNSON,IA 1,IA 1/E BURLINGTON ST,Collision with:  Vehicle in traffic,On Roadway,"Sideswipe, same direction",Improper or erratic lane changing,None Indicated,,Dark - unknown roadway lighting,Dry,Clear,None apparent,Non-intersection:  Non-junction/no special feature,Paved,,Property Damage Only,0,0,0,0,0,0,1800,2,3,,POINT (-91.535493655242 41.657879026585)
2014828670,CL14004015,11/12/2014,11-November,4-Wednesday,11:51,1100 Hours,District 6 (East Central),CLINTON,CLINTON,,6TH AVE S,Collision with:  Vehicle in traffic,On Roadway,"Sideswipe, same direction",Other (explain in narrative):  Other,None Indicated,,Daylight,Dry,Clear,None apparent,Non-intersection:  Non-junction/no special feature,Paved,,Property Damage Only,0,0,0,0,0,0,7000,2,2,,POINT (-90.189576962152 41.840045256996)
2014826506,148723,11/12/2014,11-November,4-Wednesday,13:12,1300 Hours,District 4 (Southwest),,DALLAS,IA 141,IA 141/141ST ST,Collision with:  Animal,,,Animal,None Indicated,,,,,,,Paved,,Property Damage Only,0,0,0,0,0,0,5000,1,1,,POINT (-94.160788859051 41.834639926162)
2014826741,20140033793,11/12/2014,11-November,4-Wednesday,21:01,2100 Hours,District 1 (Central),DES MOINES,POLK,IA 28,IA 28/63RD ST & RAILROAD AVE,Collision with:  Vehicle in traffic,On Roadway,Rear-end (front to rear),Other (explain in narrative):  Other,None Indicated,,Dark - roadway lighted,Dry,Cloudy,None apparent,Non-intersection:  Non-junction/no special feature,Paved,,Major Injury,0,1,1,0,0,0,2000,2,4,,POINT (-93.703194744696 41.569465538701)
2014829705,2014-6659,11/12/2014,11-November,4-Wednesday,12:16,1200 Hours,District 1 (Central),,HARDIN,IA 175,IA 175/IOWA 175,Collision with:  Animal,,,Animal,None Indicated,,,,,,,Paved,,Property Damage Only,0,0,0,0,0,0,2200,1,1,,POINT (-93.078908829536 42.360757543257)
2014826648,14000530,11/12/2014,11-November,4-Wednesday,12:09,1200 Hours,District 5 (Southeast),ALBIA,MONROE,,S 9TH ST,Collision with:  Parked motor vehicle,On Roadway,"Sideswipe, same direction",Unknown,None Indicated,,Daylight,Dry,Cloudy,None apparent,Non-intersection:  Non-junction/no special feature,Paved,,Property Damage Only,0,0,0,0,0,0,1700,2,1,,POINT (-92.797821015133 41.021658056704)
2014827084,14-226,11/12/2014,11-November,4-Wednesday,16:00,1600 Hours,District 2 (Northeast),WAVERLY,BREMER,IA 3,IA 3/E BREMER AVE & 30TH ST SE,Collision with:  Animal,,,Animal,None Indicated,,,,,,,Paved,,Property Damage Only,0,0,0,0,0,0,5000,1,1,,POINT (-92.436106093959 42.714973364891)
2014826943,2014063378,11/12/2014,11-November,4-Wednesday,19:09,1900 Hours,District 6 (East Central),DAVENPORT,SCOTT,I-80,I-80,Collision with:  Animal,,,Animal,None Indicated,,,,,,,Paved,,Property Damage Only,0,0,0,0,0,0,5000,1,1,,POINT (-90.531324587468 41.596182853028)
2014826393,20140033726,11/12/2014,11-November,4-Wednesday,10:17,1000 Hours,District 1 (Central),DES MOINES,POLK,IA 28,IA 28/MERLE HAY RD & SUTTON PL & FRONTAGE RD CONN,Collision with:  Vehicle in traffic,On Roadway,Rear-end (front to rear),Followed too close,None Indicated,,Daylight,Dry,Clear,None apparent,Intersection:  Four-way intersection,Paved,,Property Damage Only,0,0,0,0,0,0,2300,2,2,,POINT (-93.697687369656 41.648357149515)
2014828641,14-40639,11/12/2014,11-November,4-Wednesday,22:04,2200 Hours,District 5 (Southeast),,DES MOINES,,Co Rd H38/MEDIAPOLIS RD,Non-collision events:  Overturn/rollover,Roadside,Non-collision (single vehicle),Ran off road - right,None Indicated,,Dark - roadway not lighted,Dry,Clear,None apparent,Non-intersection:  Non-junction/no special feature,Paved,,Minor Injury,0,1,0,1,0,0,8000,1,1,,POINT (-91.232457266335 41.001948790968)
2014827048,2014-013764,11/12/2014,11-November,4-Wednesday,14:21,1400 Hours,District 6 (East Central),,DUBUQUE,,Co Rd Y21/SUNDOWN RD,Collision with:  Vehicle in traffic,On Roadway,Rear-end (front to rear),Lost Control,None Indicated,,Daylight,Dry,Cloudy,None apparent,Intersection:  Other intersection (explain in narrative),Paved,,Property Damage Only,0,0,0,0,0,0,5500,2,3,,POINT (-90.872519656785 42.332307585429)
2014826717,1411128281,11/12/2014,11-November,4-Wednesday,14:20,1400 Hours,District 6 (East Central),,CLINTON,US 67,US 67 & Co Rd Z36/380 AVE,Collision with:  Vehicle in traffic,On Roadway,Rear-end (front to rear),Followed too close,None Indicated,,Daylight,Dry,Cloudy,None apparent,Intersection:  Y-intersection,Paved,,Property Damage Only,0,0,0,0,0,0,3000,2,2,,POINT (-90.354885171558 41.750717931504)
2014826944,2014063381,11/12/2014,11-November,4-Wednesday,20:04,2000 Hours,District 1 (Central),,HAMILTON,I-35,I-35,Collision with:  Vehicle in traffic,On Roadway,Rear-end (front to rear),Swerving/Evasive Action,None Indicated,,Dark - roadway not lighted,Ice/frost,Snow,"Surface condition (e.g., wet, icy)",Non-intersection:  Non-junction/no special feature,Paved,,Property Damage Only,0,0,0,0,0,0,6000,2,2,,POINT (-93.568514887686 42.495617287357)
2014826959,14-048018,11/12/2014,11-November,4-Wednesday,17:30,1700 Hours,District 4 (Southwest),COUNCIL BLUFFS,POTTAWATTAMIE,,EUCLID AVE & N BROADWAY,Collision with:  Animal,,,Animal,None Indicated,,,,,,,Paved,,Property Damage Only,0,0,0,0,0,0,2000,1,1,,POINT (-95.83579556256 41.275959243614)
2014827624,S014-1417,11/12/2014,11-November,4-Wednesday,18:35,1800 Hours,District 2 (Northeast),,WRIGHT,,Co Rd C25/180TH ST & QUINCY AVE,Collision with:  Animal,,,Animal,None Indicated,,,,,,,Paved,,Property Damage Only,0,0,0,0,0,0,3000,1,1,,POINT (-93.651210910385 42.789561493831)
2014829988,2014063319,11/12/2014,11-November,4-Wednesday,11:09,1100 Hours,District 3 (Northwest),,WOODBURY,I-29,I-29,Collision with fixed object:  Culvert/pipe opening,Median,Non-collision (single vehicle),Crossed centerline (undivided),None Indicated,,Daylight,Dry,Cloudy,None apparent,Non-intersection:  Non-junction/no special feature,Paved,,Fatal,1,1,1,0,0,0,15000,1,2,,POINT (-96.280735834763 42.284812522978)
2014826738,20140033774,11/12/2014,11-November,4-Wednesday,17:46,1700 Hours,District 1 (Central),DES MOINES,POLK,US 69,US 69/SE 14TH ST,Non-collision events:  Other non-collision (explain in narrative),On Roadway,Non-collision (single vehicle),Equipment failure,None Indicated,,Dark - roadway lighted,Dry,Cloudy,None apparent,Non-intersection:  Non-junction/no special feature,Paved,,Property Damage Only,0,0,0,0,0,0,2500,2,2,,POINT (-93.596895275724 41.586883088181)
2014829346,14-37619,11/12/2014,11-November,4-Wednesday,17:20,1700 Hours,District 3 (Northwest),SIOUX CITY,WOODBURY,IA 12,IA 12/IOWA 12 & 158TH ST & FRONTAGE RD,Collision with:  Vehicle in traffic,On Roadway,Broadside (front to side),Unknown,None Indicated,,Dusk,Dry,Cloudy,None apparent,Non-intersection:  Non-junction/no special feature,Paved,,Property Damage Only,0,0,0,0,0,0,5000,2,2,,POINT (-96.330105023872 42.475601547906)
2014826731,20140033757,11/12/2014,11-November,4-Wednesday,16:00,1600 Hours,District 1 (Central),DES MOINES,POLK,,WATROUS AVE & E WATROUS AVE & S UNION ST,Collision with:  Vehicle in traffic,On Roadway,Broadside (front to side),Ran Stop Sign,None Indicated,,Dusk,Dry,Clear,None apparent,Intersection:  Four-way intersection,Paved,,Possible/Unknown,0,1,0,0,1,0,5000,2,3,,POINT (-93.616119103823 41.548176454212)
2014826860,14-035062,11/12/2014,11-November,4-Wednesday,20:37,2000 Hours,District 5 (Southeast),,LEE,,270 AVE,Non-collision events:  Overturn/rollover,Roadside,Non-collision (single vehicle),Over correcting/over steering,None Indicated,,Dark - roadway not lighted,Dry,Cloudy,None apparent,Non-intersection:  Non-junction/no special feature,Unpaved,,Property Damage Only,0,0,0,0,0,0,5500,1,3,,POINT (-91.400855999422 40.511638905879)
2014826354,W14-111818,11/12/2014,11-November,4-Wednesday,05:49,0500 Hours,District 2 (Northeast),WATERLOO,BLACK HAWK,US 218,US 218/WASHINGTON ST,Collision with fixed object:  Bridge overhead structure,On Roadway,Non-collision (single vehicle),Driving too fast for conditions,None Indicated,,Dark - roadway not lighted,Ice/frost,Snow,"Surface condition (e.g., wet, icy)",Non-intersection:  Other non-intersection (explain in narrative),Paved,,Property Damage Only,0,0,0,0,0,0,1500,1,1,,POINT (-92.389718634465 42.520699844955)
2014826802,CL14004017,11/12/2014,11-November,4-Wednesday,15:26,1500 Hours,District 6 (East Central),CLINTON,CLINTON,,MANUFACTURING DR,Collision with:  Vehicle in traffic,On Roadway,Rear-end (front to rear),Followed too close,None Indicated,,Daylight,Dry,Clear,None apparent,Non-intersection:  Non-junction/no special feature,Paved,,Property Damage Only,0,0,0,0,0,0,4000,2,2,,POINT (-90.233279128393 41.827796576776)
2014826924,14-048049,11/12/2014,11-November,4-Wednesday,22:45,2200 Hours,District 4 (Southwest),COUNCIL BLUFFS,POTTAWATTAMIE,US 6,US 6/KANESVILLE BLVD,Collision with:  Animal,,,Animal,None Indicated,,,,,,,Paved,,Property Damage Only,0,0,0,0,0,0,8000,1,1,,POINT (-95.809415577469 41.279389502894)
2014828416,,11/12/2014,11-November,4-Wednesday,06:45,0600 Hours,District 5 (Southeast),,WASHINGTON,,Co Rd W64/VINE AVE,Collision with:  Animal,On Roadway,Non-collision (single vehicle),Animal,None Indicated,,Daylight,Dry,Clear,,Non-intersection:  Non-junction/no special feature,Paved,,Property Damage Only,0,0,0,0,0,0,8000,1,1,,POINT (-91.541530409073 41.506161296562)
2014828585,2014063374,11/12/2014,11-November,4-Wednesday,18:40,1800 Hours,District 5 (Southeast),,WARREN,US 69,US 69 & 108TH AVE,Collision with:  Animal,,Non-collision (single vehicle),Animal,None Indicated,,,,,,,Paved,,Property Damage Only,0,0,0,0,0,0,1500,1,1,,POINT (-93.601881649279 41.183038660323)
2014828583,2014063240,11/12/2014,11-November,4-Wednesday,06:10,0600 Hours,District 5 (Southeast),,WARREN,I-35,I-35,Collision with:  Animal,,Non-collision (single vehicle),Animal,None Indicated,,,,,,,Paved,,Property Damage Only,0,0,0,0,0,0,7000,1,1,,POINT (-93.779620134687 41.29730791435)
2014826713,14019815,11/12/2014,11-November,4-Wednesday,15:18,1500 Hours,District 2 (Northeast),MASON CITY,CERRO GORDO,,15TH ST NW,Collision with:  Vehicle in traffic,On Roadway,"Sideswipe, same direction",FTYROW:  From parked position,None Indicated,,Daylight,Snow,Cloudy,None apparent,Non-intersection:  Non-junction/no special feature,Paved,,Property Damage Only,0,0,0,0,0,0,4000,2,5,,POINT (-93.2073612074 43.166369656369)
2014826391,20140033706,11/12/2014,11-November,4-Wednesday,06:32,0600 Hours,District 1 (Central),DES MOINES,POLK,IA 163,IA 163/E UNIVERSITY AVE & HUBBELL AVE,Collision with:  Vehicle in traffic,On Roadway,Rear-end (front to rear),Driver Distraction:  Manual operation of an electronic communication device,None Indicated,,Dark - roadway lighted,Dry,Cloudy,None apparent,Intersection:  Four-way intersection,Paved,,Property Damage Only,0,0,0,0,0,0,6500,2,3,,POINT (-93.578624643259 41.600469354289)
2014827592,2014-23155,11/12/2014,11-November,4-Wednesday,09:57,0900 Hours,District 6 (East Central),,SCOTT,,Co Rd Y4E/ALLENS GROVE RD,Collision with:  Animal,,,Animal,None Indicated,,,,,,,Paved,,Property Damage Only,0,0,0,0,0,0,3000,1,1,,POINT (-90.772347050595 41.735618685982)
2014827127,2014-78648,11/12/2014,11-November,4-Wednesday,16:25,1600 Hours,District 6 (East Central),DAVENPORT,SCOTT,,IA 461/BRADY ST,Collision with:  Vehicle in traffic,On Roadway,Rear-end (front to rear),Followed too close,None Indicated,,Daylight,Dry,Cloudy,None apparent,Non-intersection:  Non-junction/no special feature,Paved,,Property Damage Only,0,0,0,0,0,0,8000,2,3,,POINT (-90.572724923875 41.544422689759)
2014827158,14-012778,11/12/2014,11-November,4-Wednesday,05:01,0500 Hours,District 1 (Central),WEBSTER CITY,HAMILTON,,DIVISION ST & BROADWAY ST,Collision with:  Vehicle in traffic,On Roadway,Broadside (front to side),Ran Stop Sign,None Indicated,,Dark - roadway lighted,Snow,Cloudy,None apparent,Intersection:  Four-way intersection,Paved,,Property Damage Only,0,0,0,0,0,0,14500,2,2,,POINT (-93.826347181365 42.467607142861)
2014827211,,11/12/2014,11-November,4-Wednesday,17:45,1700 Hours,District 4 (Southwest),ADEL,DALLAS,US 6,US 6 & PROSPECT AVE & PROSPECT CIR,Collision with:  Animal,On Roadway,Non-collision (single vehicle),Animal,None Indicated,,Dark - roadway not lighted,Dry,Cloudy,None apparent,Non-intersection:  Non-junction/no special feature,Paved,,Property Damage Only,0,0,0,0,0,0,3000,1,3,,POINT (-93.989085086726 41.612694584979)
2014828640,14-40602,11/12/2014,11-November,4-Wednesday,17:43,1700 Hours,District 5 (Southeast),,DES MOINES,,FLINT BOTTOM RD,Collision with:  Animal,,,Animal,None Indicated,,,,,,,Paved,,Property Damage Only,0,0,0,0,0,0,1500,1,1,,POINT (-91.161598567388 40.855257923277)
2014826912,201417003,11/12/2014,11-November,4-Wednesday,17:39,1700 Hours,District 6 (East Central),CEDAR RAPIDS,LINN,IA 100,IA 100/COLLINS RD NE,Collision with:  Vehicle in traffic,On Roadway,Rear-end (front to rear),Driver Distraction:  Manual operation of an electronic communication device,None Indicated,,Dark - roadway lighted,Dry,Cloudy,None apparent,Non-intersection:  Non-junction/no special feature,Paved,,Property Damage Only,0,0,0,0,0,0,3000,2,5,,POINT (-91.638170904155 42.028062189682)
2014827065,2014-039584,11/12/2014,11-November,4-Wednesday,17:27,1700 Hours,District 6 (East Central),DUBUQUE,DUBUQUE,,HILLCREST RD & JOHN F KENNEDY RD,Collision with:  Vehicle in traffic,On Roadway,"Angle, oncoming left turn",FTYROW:  From stop sign,None Indicated,,Dark - roadway lighted,Wet,Snow,None apparent,Intersection:  T-intersection,Paved,,Property Damage Only,0,0,0,0,0,0,3600,2,2,,POINT (-90.72042180252 42.506869895931)
2014827371,14005345,11/12/2014,11-November,4-Wednesday,18:44,1800 Hours,District 1 (Central),AMES,STORY,,TODD DR & S DAKOTA AVE,Collision with:  Vehicle in traffic,On Roadway,"Angle, oncoming left turn",FTYROW:  Making left turn,None Indicated,,Dark - roadway lighted,Dry,Clear,None apparent,Intersection:  Four-way intersection,Paved,,Property Damage Only,0,0,0,0,0,0,3300,2,2,,POINT (-93.678714727153 42.021219509957)
2014827148,14-22166,11/12/2014,11-November,4-Wednesday,17:29,1700 Hours,District 6 (East Central),BETTENDORF,SCOTT,,MIDDLE RD & 18TH ST,Collision with:  Vehicle in traffic,On Roadway,"Angle, oncoming left turn",Ran Traffic Signal,None Indicated,,Dark - roadway lighted,Dry,Cloudy,None apparent,Intersection:  Four-way intersection,Paved,,Possible/Unknown,0,1,0,0,1,0,3000,2,2,,POINT (-90.506876824609 41.544337016429)
2014878148,14-7677,11/12/2014,11-November,4-Wednesday,17:28,1700 Hours,District 6 (East Central),LE CLAIRE,SCOTT,I-80,I-80,Collision with:  Vehicle in traffic,On Roadway,Non-collision (single vehicle),Ran off road - straight,None Indicated,,Dark - roadway lighted,Dry,Clear,None apparent,Non-intersection:  Other non-intersection (explain in narrative),Paved,,Property Damage Only,0,0,0,0,0,0,2000,1,2,,POINT (-90.365963210014 41.581649436321)
2014826532,14013876,11/12/2014,11-November,4-Wednesday,05:24,0500 Hours,District 1 (Central),,TAMA,US 30,US 30,Collision with:  Animal,,,Animal,None Indicated,,,,,,,Paved,,Property Damage Only,0,0,0,0,0,0,7000,1,1,,POINT (-92.749871737141 42.006273310771)
2014826718,14-8269,11/12/2014,11-November,4-Wednesday,05:57,0500 Hours,District 3 (Northwest),,IDA,IA 175,IA 175/IOWA 175,Collision with:  Animal,,,Animal,None Indicated,,,,,,,Paved,,Property Damage Only,0,0,0,0,0,0,2800,1,1,,POINT (-95.541024106312 42.337617706662)
2014826478,14013877,11/12/2014,11-November,4-Wednesday,07:30,0700 Hours,District 1 (Central),,TAMA,IA 21,IA 21/IOWA 21,Collision with:  Animal,,,Animal,None Indicated,,,,,,,Paved,,Property Damage Only,0,0,0,0,0,0,7000,1,1,,POINT (-92.347662142995 42.254944185971)
2014826734,20140033775,11/12/2014,11-November,4-Wednesday,17:28,1700 Hours,District 1 (Central),DES MOINES,POLK,I-235,I-235,Collision with:  Vehicle in traffic,On Roadway,Rear-end (front to rear),Followed too close,None Indicated,,Dark - roadway lighted,Dry,Cloudy,None apparent,Non-intersection:  Non-junction/no special feature,Paved,,Property Damage Only,0,0,0,0,0,0,1900,2,2,,POINT (-93.680938701708 41.591640241014)
2014830050,,11/12/2014,11-November,4-Wednesday,01:25,0100 Hours,District 6 (East Central),MARENGO,IOWA,,PINE ST & LAFAYETTE AVE,Collision with:  Parked motor vehicle,On Roadway,Rear-end (front to rear),Lost Control,Alcohol (Statutory),,Dark - roadway lighted,Dry,Clear,None apparent,Non-intersection:  Non-junction/no special feature,Paved,,Property Damage Only,0,0,0,0,0,0,7000,2,2,,POINT (-92.072870445742 41.794161524464)
2014827040,14-22131,11/12/2014,11-November,4-Wednesday,09:16,0900 Hours,District 6 (East Central),BETTENDORF,SCOTT,US 67,US 67/STATE ST,Collision with:  Vehicle in traffic,On Roadway,"Sideswipe, same direction",Crossed centerline (undivided),None Indicated,,Daylight,Dry,Cloudy,Work Zone (roadway-related),Intersection:  Four-way intersection,Paved,Yes,Property Damage Only,0,0,0,0,0,0,2000,2,3,,POINT (-90.508760356109 41.525257365341)
2014827160,2014-5611,11/12/2014,11-November,4-Wednesday,15:20,1500 Hours,District 4 (Southwest),WAUKEE,DALLAS,,UNIVERSITY AVE,Collision with:  Vehicle in traffic,On Roadway,Rear-end (front to rear),Other (explain in narrative):  Other,None Indicated,,Daylight,Dry,Cloudy,None apparent,Non-intersection:  Non-junction/no special feature,Paved,,Property Damage Only,0,0,0,0,0,0,7000,2,2,,POINT (-93.862107861091 41.600395398209)
2014826766,14-3636,11/12/2014,11-November,4-Wednesday,17:00,1700 Hours,District 1 (Central),FORT DODGE,WEBSTER,,1ST AVE S & S 29TH ST,Collision with:  Vehicle in traffic,On Roadway,"Sideswipe, same direction",Crossed centerline (undivided),None Indicated,,Daylight,Dry,Cloudy,None apparent,Intersection:  Four-way intersection,Paved,,Possible/Unknown,0,1,0,0,1,0,5000,2,3,,POINT (-94.15829231345 42.505258884515)
2014828419,,11/12/2014,11-November,4-Wednesday,06:20,0600 Hours,District 5 (Southeast),,DES MOINES,,,Collision with:  Animal,On Roadway,Non-collision (single vehicle),Animal,None Indicated,,Dawn,Dry,Unknown,,Non-intersection:  Non-junction/no special feature,,,Property Damage Only,0,0,0,0,0,0,5000,1,1,,POINT (-96.643700149993 40.233091251414)
2014826737,20140033756,11/12/2014,11-November,4-Wednesday,15:44,1500 Hours,District 1 (Central),DES MOINES,POLK,,LOCUST ST & 6TH AVE,Collision with:  Vehicle in traffic,On Roadway,"Sideswipe, same direction",Made improper turn,None Indicated,,Daylight,Dry,Cloudy,None apparent,Intersection:  Other intersection (explain in narrative),Paved,,Property Damage Only,0,0,0,0,0,0,2000,2,2,,POINT (-93.624956696575 41.586842065016)
2014827138,PD14-11558,11/12/2014,11-November,4-Wednesday,12:42,1200 Hours,District 1 (Central),MARSHALLTOWN,MARSHALL,IA 14,IA 14/3RD AVE,Collision with:  Vehicle in traffic,On Roadway,Rear-end (front to rear),Followed too close,None Indicated,,Daylight,Dry,Clear,None apparent,Non-intersection:  Non-junction/no special feature,Paved,,Property Damage Only,0,0,0,0,0,0,2500,2,3,,POINT (-92.907950355154 42.044660982653)