Iowa DOT Case Number,Law Enforcement Case Number,Date of Crash,Month of Crash,Day of Week,Time of Crash,Hour,DOT District,City Name,County Name,Route with System,Location Description,First Harmful Event,Location of First Harmful Event,Manner of Crash/Collision,Major Cause,Drug or Alcohol ,Environmental Conditions,Light Conditions,Surface Conditions,Weather Conditions,Roadway Contribution,Roadway Type,Roadway Surface,Work Zone,Crash Severity,Number of Fatalities,Number of Injuries,Number of Major Injuries,Number of Minor Injuries,Number of Possible Injuries,Number of Unknown Injuries,Amount of Property Damage,Number of Vehicles Involved,Total Number of Occupants,Travel Direction,Location
2014826735,20140033782,11/12/2014,11-November,4-Wednesday,18:20,1800 Hours,District 1 (Central),DES MOINES,POLK,I-235,I-235 & PENNSYLVANIA AVE,Collision with:  Vehicle in traffic,On Roadway,Broadside (front to side),Other (explain in narrative):  Other,None Indicated,,Dark - roadway lighted,Dry,Clear,None apparent,Non-intersection:  Non-junction/no special feature,Paved,,Property Damage Only,0,0,0,0,0,0,3000,2,2,,POINT (-93.608700724736 41.59582844079)
2014826752,14-22127,11/12/2014,11-November,4-Wednesday,08:28,0800 Hours,District 6 (East Central),BETTENDORF,SCOTT,I-74,I-74 & US 67/STATE ST & 14TH ST,Collision with:  Vehicle in traffic,On Roadway,Rear-end (front to rear),Followed too close,None Indicated,,Daylight,Dry,Cloudy,None apparent,Intersection:  Intersection with ramp,Paved,,Possible/Unknown,0,1,0,0,1,0,2500,2,2,,POINT (-90.513078152607 41.525170747955)
2014828655,391114-2641,11/12/2014,11-November,4-Wednesday,15:48,1500 Hours,District 4 (Southwest),,GUTHRIE,IA 4,IA 4/IOWA 4,Collision with:  Vehicle in traffic,On Roadway,Rear-end (front to rear),Other (explain in narrative):  Other,None Indicated,,Daylight,Dry,Cloudy,None apparent,Non-intersection:  Non-junction/no special feature,Paved,,Property Damage Only,0,0,0,0,0,0,5000,2,3,,POINT (-94.362650658363 41.70639995307)
2014829018,4514-053,11/12/2014,11-November,4-Wednesday,19:08,1900 Hours,District 2 (Northeast),,HOWARD,US 63,US 63,Collision with:  Animal,,,Animal,None Indicated,,,,,,,Paved,,Property Damage Only,0,0,0,0,0,0,4000,1,1,,POINT (-92.298745756577 43.330346357299)
2014828696,1112120214,11/12/2014,11-November,4-Wednesday,12:02,1200 Hours,District 4 (Southwest),MOUNT AYR,RINGGOLD,,S FILMORE ST,Unknown,On Roadway,Unknown,Unknown,None Indicated,,Daylight,Dry,Clear,None apparent,Non-intersection:  Non-junction/no special feature,Paved,,Property Damage Only,0,0,0,0,0,0,2500,2,2,,POINT (-94.238769195294 40.714414335665)
2014826730,20140033754,11/12/2014,11-November,4-Wednesday,15:30,1500 Hours,District 1 (Central),DES MOINES,POLK,IA 163,IA 163/E UNIVERSITY AVE & E 30TH ST,Collision with:  Vehicle in traffic,On Roadway,"Angle, oncoming left turn",FTYROW:  Making left turn,None Indicated,,Daylight,Dry,Clear,None apparent,Intersection:  Four-way intersection,Paved,,Property Damage Only,0,0,0,0,0,0,7000,3,3,,POINT (-93.558393312663 41.600524361461)
2014826719,14171756,11/12/2014,11-November,4-Wednesday,12:25,1200 Hours,District 6 (East Central),SWISHER,JOHNSON,I-380,I-380 & Co Rd F12/120TH ST,Collision with:  Vehicle in traffic,On Roadway,Rear-end (front to rear),Followed too close,None Indicated,,Daylight,Dry,Cloudy,None apparent,Intersection:  Four-way intersection,Paved,,Property Damage Only,0,0,0,0,0,0,6500,2,3,,POINT (-91.669499905731 41.847885352109)
2014826732,20140033761,11/12/2014,11-November,4-Wednesday,16:16,1600 Hours,District 1 (Central),DES MOINES,POLK,US 6,US 6/EUCLID AVE,Collision with:  Vehicle in traffic,On Roadway,Rear-end (front to rear),Unknown,None Indicated,,Daylight,Dry,Cloudy,None apparent,Non-intersection:  Non-junction/no special feature,Paved,,Property Damage Only,0,0,0,0,0,0,1500,2,2,,POINT (-93.650381211723 41.627683885792)
2014826942,2014063372,11/12/2014,11-November,4-Wednesday,18:48,1800 Hours,District 4 (Southwest),,MADISON,US 169,US 169 & 152ND ST,Collision with:  Animal,,,Animal,None Indicated,,,,,,,Paved,,Property Damage Only,0,0,0,0,0,0,3500,1,1,,POINT (-94.013234144392 41.423755309003)
2014826727,14-7509,11/12/2014,11-November,4-Wednesday,17:18,1700 Hours,District 1 (Central),,POLK,IA 415,IA 415/2ND AVE & Co Rd F46/NW 60TH AVE,Collision with:  Vehicle in traffic,On Roadway,Broadside (front to side),FTYROW:  From stop sign,None Indicated,,Dark - roadway lighted,Dry,Cloudy,None apparent,Intersection:  Four-way intersection,Paved,,Property Damage Only,0,0,0,0,0,0,7000,2,2,,POINT (-93.620445793552 41.669489447335)
2014828741,20140033772,11/12/2014,11-November,4-Wednesday,17:20,1700 Hours,District 1 (Central),DES MOINES,POLK,I-235,I-235 & 7TH ST,Collision with:  Vehicle in traffic,On Roadway,"Sideswipe, same direction","Operating vehicle in an reckless, erratic, careless, negligent manner",None Indicated,,Dark - roadway lighted,Dry,Clear,None apparent,Non-intersection:  Non-junction/no special feature,Paved,,Minor Injury,0,1,0,1,0,0,80000,2,2,,POINT (-93.626864016654 41.595496652073)
2014826724,14-7511,11/12/2014,11-November,4-Wednesday,17:57,1700 Hours,District 1 (Central),GRIMES,POLK,IA 44,IA 44/1ST ST,Collision with:  Vehicle in traffic,On Roadway,Rear-end (front to rear),Driver Distraction:  Reaching for object(s)/fallen object(s),None Indicated,,Dark - roadway lighted,Dry,Clear,None apparent,Intersection:  T-intersection,Paved,,Property Damage Only,0,0,0,0,0,0,12200,3,4,,POINT (-93.778724767 41.688440660459)
2014828030,,11/12/2014,11-November,4-Wednesday,18:15,1800 Hours,District 5 (Southeast),FAIRFIELD,JEFFERSON,,Co Rd H43/LIBERTYVILLE RD,Collision with:  Animal,On Roadway,Non-collision (single vehicle),Animal,None Indicated,,Dark - roadway not lighted,Dry,Cloudy,,Non-intersection:  Other non-intersection (explain in narrative),Paved,,Minor Injury,0,1,0,1,0,0,1687,1,1,,POINT (-91.97482100256 40.988315261403)
2014828031,,11/12/2014,11-November,4-Wednesday,17:30,1700 Hours,District 5 (Southeast),,JEFFERSON,US 34,US 34,Collision with:  Animal,On Roadway,Non-collision (single vehicle),Animal,None Indicated,,Dark - roadway not lighted,Dry,Clear,,Non-intersection:  Non-junction/no special feature,Paved,,Property Damage Only,0,0,0,0,0,0,5030,1,1,,POINT (-91.757270543517 40.987724449507)
2014826864,14-2533,11/12/2014,11-November,4-Wednesday,13:40,1300 Hours,District 1 (Central),URBANDALE,POLK,IA 28,IA 28/MERLE HAY RD & SUTTON PL & FRONTAGE RD CONN,Collision with:  Vehicle in traffic,On Roadway,Broadside (front to side),Ran Traffic Signal,None Indicated,,Daylight,Dry,Clear,None apparent,Intersection:  Four-way intersection,Paved,,Possible/Unknown,0,1,0,0,1,0,7000,2,3,,POINT (-93.697735401879 41.648356858207)
2014826772,2014-78551,11/12/2014,11-November,4-Wednesday,08:42,0800 Hours,District 6 (East Central),DAVENPORT,SCOTT,,E 53RD ST,Collision with:  Vehicle in traffic,On Roadway,Rear-end (front to rear),Unknown,None Indicated,,Daylight,Dry,Cloudy,None apparent,Non-intersection:  Non-junction/no special feature,Paved,,Property Damage Only,0,0,0,0,0,0,24500,4,6,,POINT (-90.519303803772 41.574858211983)
2014826765,14-3635,11/12/2014,11-November,4-Wednesday,16:20,1600 Hours,District 1 (Central),FORT DODGE,WEBSTER,,11TH AVE S,Collision with:  Vehicle in traffic,On Roadway,"Sideswipe, same direction",FTYROW:  At uncontrolled intersection,None Indicated,,Daylight,Dry,Clear,None apparent,Intersection:  T-intersection,Paved,,Possible/Unknown,0,1,0,0,1,0,3500,2,4,,POINT (-94.171340873699 42.492923504995)
2014827120,14-11551,11/12/2014,11-November,4-Wednesday,18:10,1800 Hours,District 3 (Northwest),CARROLL,CARROLL,US 30,US 30/6TH ST,Collision with:  Vehicle in traffic,On Roadway,Rear-end (front to rear),Lost Control,None Indicated,,Dark - roadway lighted,Dry,Cloudy,None apparent,Non-intersection:  Non-junction/no special feature,Paved,,Property Damage Only,0,0,0,0,0,0,2000,2,3,,POINT (-94.862159686285 42.064344211914)
2014827872,2014063383,11/12/2014,11-November,4-Wednesday,20:05,2000 Hours,District 1 (Central),,HAMILTON,I-35,I-35,Non-collision events:  Jackknife,On Roadway,Non-collision (single vehicle),Swerving/Evasive Action,None Indicated,,Dark - roadway not lighted,Snow,Snow,"Surface condition (e.g., wet, icy)",Non-intersection:  Non-junction/no special feature,Paved,,Property Damage Only,0,0,0,0,0,0,1500,1,2,,POINT (-93.5685112021 42.496553913632)
2014828616,14-016056,11/12/2014,11-November,4-Wednesday,18:06,1800 Hours,District 2 (Northeast),SUMNER,FAYETTE,IA 93,IA 93/150TH ST,Collision with:  Animal,,,Animal,None Indicated,,,,,,,Paved,,Property Damage Only,0,0,0,0,0,0,2000,1,1,,POINT (-92.071740814272 42.847481923618)
2014826834,14-23193,11/12/2014,11-November,4-Wednesday,19:06,1900 Hours,District 6 (East Central),,SCOTT,US 61,US 61/140 ST & Co Rd Y48/110 AVE,Collision with:  Vehicle in traffic,On Roadway,"Angle, oncoming left turn",FTYROW:  Making left turn,None Indicated,,Dark - roadway lighted,Dry,Clear,None apparent,Intersection:  Four-way intersection,Paved,,Property Damage Only,0,0,0,0,0,0,3002,2,3,,POINT (-90.688337943601 41.50848354221)
2014829700,146673,11/12/2014,11-November,4-Wednesday,21:25,2100 Hours,District 1 (Central),,HARDIN,,Co Rd D20/ST HWY 941,Collision with:  Animal,,,Animal,None Indicated,,,,,,,Paved,,Property Damage Only,0,0,0,0,0,0,2500,1,1,,POINT (-93.340888499154 42.516810574439)
2014827463,14-003900,11/12/2014,11-November,4-Wednesday,16:55,1600 Hours,District 5 (Southeast),,KEOKUK,IA 149,IA 149/IOWA 149,Collision with:  Animal,,,Animal,None Indicated,,,,,,,Paved,,Property Damage Only,0,0,0,0,0,0,4000,1,1,,POINT (-92.204795017781 41.309911100227)
2014827126,2014-78543,11/12/2014,11-November,4-Wednesday,07:43,0700 Hours,District 6 (East Central),DAVENPORT,SCOTT,,IA 461/HARRISON ST & W 3RD ST,Collision with:  Vehicle in traffic,On Roadway,"Sideswipe, same direction",Made improper turn,None Indicated,,Daylight,Dry,Clear,None apparent,Intersection:  Four-way intersection,Paved,,Property Damage Only,0,0,0,0,0,0,2000,2,2,,POINT (-90.577035184698 41.522420904313)
2014827750,2014-78552,11/12/2014,11-November,4-Wednesday,08:15,0800 Hours,District 6 (East Central),DAVENPORT,SCOTT,,Co Rd Y68/S SCOTT PARK RD,Collision with:  Vehicle in traffic,On Roadway,"Sideswipe, same direction",Unknown,None Indicated,,Daylight,Dry,Clear,None apparent,Non-intersection:  Driveway access (within),Paved,,Property Damage Only,0,0,0,0,0,0,3000,2,2,,POINT (-90.562734841527 41.617216682564)
2014828418,,11/12/2014,11-November,4-Wednesday,17:00,1700 Hours,District 6 (East Central),SOLON,JOHNSON,,Co Rd F16/HWY 382 NE,Collision with:  Animal,On Roadway,Non-collision (single vehicle),Animal,None Indicated,,Dusk,Dry,Cloudy,,Non-intersection:  Non-junction/no special feature,Paved,,Property Damage Only,0,0,0,0,0,0,1751,1,1,,POINT (-91.506124571565 41.811633189975)
2014828189,14010120,11/12/2014,11-November,4-Wednesday,06:20,0600 Hours,District 6 (East Central),,BUCHANAN,IA 150,IA 150/JAMESTOWN AVE,Collision with:  Animal,,Non-collision (single vehicle),Animal,None Indicated,,,,,,,Paved,,Property Damage Only,0,0,0,0,0,0,4000,1,1,,POINT (-91.889958193382 42.412796673764)
2014826910,201416963,11/12/2014,11-November,4-Wednesday,07:24,0700 Hours,District 6 (East Central),CEDAR RAPIDS,LINN,I-380,I-380 & C AVE NE & 7TH ST NE & 8TH ST NE,Collision with:  Vehicle in traffic,On Roadway,Unknown,Made improper turn,None Indicated,,Daylight,Dry,Clear,None apparent,Intersection:  Intersection with ramp,Paved,,Property Damage Only,0,0,0,0,0,0,4000,2,2,,POINT (-91.665669091653 41.984497023145)
2014827039,14-22085,11/12/2014,11-November,4-Wednesday,17:39,1700 Hours,District 2 (Northeast),,BREMER,US 218,US 218/SW LOOP,Collision with:  Animal,,,Animal,None Indicated,,,,,,,Paved,,Property Damage Only,0,0,0,0,0,0,8000,1,1,,POINT (-92.476231867695 42.693658688998)
2014828672,14-1822,11/12/2014,11-November,4-Wednesday,06:23,0600 Hours,District 1 (Central),,GREENE,US 30,US 30/220TH,Collision with:  Animal,,,Animal,None Indicated,,,,,,,Paved,,Property Damage Only,0,0,0,0,0,0,3750,1,1,,POINT (-94.453192218813 42.034633039994)
2014829370,2014-78703,11/12/2014,11-November,4-Wednesday,17:54,1700 Hours,District 6 (East Central),DAVENPORT,SCOTT,US 6,US 6/E KIMBERLY RD,Collision with:  Vehicle in traffic,On Roadway,Rear-end (front to rear),"Operating vehicle in an reckless, erratic, careless, negligent manner",None Indicated,,Dark - roadway lighted,Dry,Clear,None apparent,Non-intersection:  Non-junction/no special feature,Paved,,Property Damage Only,0,0,0,0,0,0,2500,2,2,,POINT (-90.551082643958 41.556896713198)
2014826911,201417001,11/12/2014,11-November,4-Wednesday,17:22,1700 Hours,District 6 (East Central),CEDAR RAPIDS,LINN,US 30,US 30/LINCOLN FWY,Collision with:  Vehicle in traffic,On Roadway,Rear-end (front to rear),Lost Control,None Indicated,,Dark - roadway lighted,Dry,Cloudy,None apparent,Non-intersection:  Non-junction/no special feature,Paved,,Possible/Unknown,0,1,0,0,1,0,13000,2,2,,POINT (-91.671040887649 41.927007964349)
2014827929,14007161,11/12/2014,11-November,4-Wednesday,06:38,0600 Hours,District 2 (Northeast),,CERRO GORDO,,Co Rd B14/330TH ST,Collision with:  Animal,,,Animal,None Indicated,,,,,,,Paved,,Property Damage Only,0,0,0,0,0,0,9000,1,1,,POINT (-93.491675893777 43.242131522558)
2014826392,20140033740,11/12/2014,11-November,4-Wednesday,12:05,1200 Hours,District 1 (Central),DES MOINES,POLK,US 6,US 6/E EUCLID AVE,Collision with:  Vehicle in traffic,On Roadway,Rear-end (front to rear),Lost Control,None Indicated,,Daylight,Dry,Cloudy,None apparent,Non-intersection:  Non-junction/no special feature,Paved,,Possible/Unknown,0,1,0,0,1,0,3000,2,5,,POINT (-93.590428983637 41.627719219937)
2014829756,14000552,11/12/2014,11-November,4-Wednesday,13:53,1300 Hours,District 5 (Southeast),ALBIA,MONROE,,BENTON AVE E & S 2ND ST & N 2ND ST,Collision with:  Vehicle in traffic,On Roadway,Broadside (front to side),FTYROW:  From stop sign,None Indicated,,Daylight,Dry,Clear,None apparent,Intersection:  Four-way intersection,Paved,,Property Damage Only,0,0,0,0,0,0,2500,2,3,,POINT (-92.80585741964 41.027112821309)
2014827646,14-2534,11/12/2014,11-November,4-Wednesday,14:00,1400 Hours,District 1 (Central),URBANDALE,POLK,,JUSTIN DR & 100TH ST,Collision with fixed object:  Traffic sign support,On Roadway,Non-collision (single vehicle),Lost Control,None Indicated,,Daylight,Dry,Cloudy,None apparent,Non-intersection:  Non-junction/no special feature,Paved,,Property Damage Only,0,0,0,0,0,0,3300,1,1,,POINT (-93.755762500381 41.620689295473)
2014827423,14-37608,11/13/2014,11-November,5-Thursday,15:23,1500 Hours,District 3 (Northwest),SIOUX CITY,WOODBURY,US 20,US 20/RAMP & S LAKEPORT ST,Collision with:  Vehicle in traffic,On Roadway,Rear-end (front to rear),Other (explain in narrative):  Other,None Indicated,,Daylight,Dry,Clear,None apparent,Intersection:  Intersection with ramp,Paved,,Property Damage Only,0,0,0,0,0,0,2800,2,2,,POINT (-96.347476814685 42.442111212359)
2014827165,14-40751,11/13/2014,11-November,5-Thursday,19:13,1900 Hours,District 5 (Southeast),BURLINGTON,DES MOINES,,MT PLEASANT ST & CURRAN ST,Collision with:  Vehicle in traffic,On Roadway,"Sideswipe, same direction",Driving too fast for conditions,None Indicated,,Dark - unknown roadway lighting,Ice/frost,Snow,"Surface condition (e.g., wet, icy)",Intersection:  T-intersection,Paved,,Property Damage Only,0,0,0,0,0,0,2000,2,4,,POINT (-91.126275672162 40.820910187168)
2014828569,201400004185,11/13/2014,11-November,5-Thursday,12:42,1200 Hours,District 6 (East Central),,LINN,IA 13,IA 13/IOWA 13,Collision with:  Other non-fixed object (explain in narrative),On Roadway,"Sideswipe, same direction",Followed too close,None Indicated,,Daylight,Dry,Clear,None apparent,Non-intersection:  Non-junction/no special feature,Paved,,Property Damage Only,0,0,0,0,0,0,5500,2,2,,POINT (-91.549681174438 42.160999587121)
2014827364,14-005360,11/13/2014,11-November,5-Thursday,18:26,1800 Hours,District 1 (Central),AMES,STORY,US 69,US 69/GRAND AVE & 30TH ST & DUFF AVE,Collision with:  Vehicle in traffic,On Roadway,Rear-end (front to rear),Followed too close,Alcohol (Statutory),,Dark - roadway lighted,Wet,Snow,None apparent,Intersection:  Four-way intersection,Paved,,Property Damage Only,0,0,0,0,0,0,3400,2,2,,POINT (-93.62058186056 42.051198112449)
2014827150,14-5742,11/13/2014,11-November,5-Thursday,18:05,1800 Hours,District 4 (Southwest),WEST DES MOINES,DALLAS,,WESTOWN PKWY,Collision with:  Vehicle in traffic,On Roadway,Rear-end (front to rear),Followed too close,None Indicated,,Dark - roadway lighted,Dry,Clear,None apparent,Intersection:  Four-way intersection,Paved,,Possible/Unknown,0,1,0,0,1,0,3200,4,4,,POINT (-93.80845057134 41.597011244911)
2014828175,14-027937,11/13/2014,11-November,5-Thursday,19:25,1900 Hours,District 5 (Southeast),,MARION,IA 5,IA 5/IOWA 5,Collision with:  Animal,,Non-collision (single vehicle),Animal,None Indicated,,,,,,,Paved,,Property Damage Only,0,0,0,0,0,0,3000,1,1,,POINT (-93.15540687264 41.322722732644)
2014836354,,11/13/2014,11-November,5-Thursday,17:12,1700 Hours,District 2 (Northeast),DECORAH,WINNESHIEK,,MONTGOMERY ST,Collision with:  Vehicle in traffic,On Roadway,Rear-end (front to rear),FTYROW:  Other (explain in narrative),None Indicated,,Dark - roadway lighted,Dry,Clear,None apparent,Intersection:  T-intersection,Paved,,Property Damage Only,0,0,0,0,0,0,6500,2,2,,POINT (-91.770109832597 43.2930889281)
2014827078,32090-14,11/13/2014,11-November,5-Thursday,19:15,1900 Hours,District 3 (Northwest),,EMMET,IA 4,IA 4/IOWA 4,Collision with:  Animal,,,Animal,None Indicated,,,,,,,Paved,,Property Damage Only,0,0,0,0,0,0,1500,1,1,,POINT (-94.787245757282 43.286601062603)
2014828220,14112059,11/13/2014,11-November,5-Thursday,08:10,0800 Hours,District 4 (Southwest),CLARINDA,PAGE,,CARDINAL DR,Collision with:  Vehicle in traffic,Outside trafficway,Broadside (front to side),Other (explain in narrative):  Vision obstructed,None Indicated,,Daylight,Dry,Clear,None apparent,Non-intersection:  Non-junction/no special feature,Paved,,Property Damage Only,0,0,0,0,0,0,2000,2,3,,POINT (-95.048329249381 40.740123546977)
2014828649,1411-080,11/13/2014,11-November,5-Thursday,07:30,0700 Hours,District 3 (Northwest),SIBLEY,OSCEOLA,,3RD ST & 6TH AVE,Collision with:  Vehicle in traffic,On Roadway,Broadside (front to side),FTYROW:  At uncontrolled intersection,None Indicated,,Daylight,Dry,Cloudy,None apparent,Intersection:  Four-way intersection,Paved,,Minor Injury,0,1,0,1,0,0,8000,2,4,,POINT (-95.745582712897 43.406191873694)
2014829148,14-40746,11/13/2014,11-November,5-Thursday,18:33,1800 Hours,District 5 (Southeast),BURLINGTON,DES MOINES,,MARKET ST,Collision with fixed object:  Other fixed object (explain in narrative),On Roadway,Non-collision (single vehicle),Lost Control,None Indicated,,Dark - roadway lighted,Snow,Snow,"Surface condition (e.g., wet, icy)",Non-intersection:  Non-junction/no special feature,Paved,,Property Damage Only,0,0,0,0,0,0,1500,1,2,,POINT (-91.114613261646 40.809838696623)
2014827424,14-37624,11/13/2014,11-November,5-Thursday,17:49,1700 Hours,District 3 (Northwest),SIOUX CITY,WOODBURY,US 20,US 20/NE RAMP/NE LOOP,Collision with:  Animal,,Non-collision (single vehicle),Animal,None Indicated,,,,,,,Paved,,Property Damage Only,0,0,0,0,0,0,2500,1,1,,POINT (-96.32105256028 42.475324223602)
2014839041,14026616,11/13/2014,11-November,5-Thursday,12:00,1200 Hours,District 5 (Southeast),NEW SHARON,MAHASKA,IA 146,IA 146/MAIN ST,Collision with:  Parked motor vehicle,Outside trafficway,"Sideswipe, same direction",Made improper turn,None Indicated,,Daylight,Dry,Cloudy,None apparent,Intersection:  Four-way intersection,Paved,,Property Damage Only,0,0,0,0,0,0,2500,2,1,,POINT (-92.651479965341 41.469754358393)
2014827906,14035134,11/13/2014,11-November,5-Thursday,18:10,1800 Hours,District 5 (Southeast),,LEE,US 61,US 61,Collision with:  Animal,,,Animal,None Indicated,,,,,,,Paved,,Property Damage Only,0,0,0,0,0,0,2500,1,1,,POINT (-91.42952937234 40.535238000913)
2014826750,14-048097,11/13/2014,11-November,5-Thursday,09:48,0900 Hours,District 4 (Southwest),COUNCIL BLUFFS,POTTAWATTAMIE,IA 92,IA 92/OMAHA BRIDGE RD,Collision with:  Vehicle in traffic,On Roadway,Rear-end (front to rear),Followed too close,None Indicated,,Daylight,Dry,Cloudy,None apparent,Non-intersection:  Non-junction/no special feature,Paved,,Possible/Unknown,0,1,0,0,1,0,1300,2,2,,POINT (-95.824025061405 41.226965787404)
2014826988,20140033876,11/13/2014,11-November,5-Thursday,17:30,1700 Hours,District 1 (Central),DES MOINES,POLK,,INDIANOLA AVE,Collision with:  Vehicle in traffic,On Roadway,Broadside (front to side),FTYROW:  Other (explain in narrative),None Indicated,,Dark - roadway lighted,Dry,Cloudy,None apparent,Non-intersection:  Non-junction/no special feature,Paved,,Possible/Unknown,0,1,0,0,1,0,2000,2,4,,POINT (-93.59580910924 41.552246700877)
2014830732,14-019319,11/13/2014,11-November,5-Thursday,16:20,1600 Hours,District 5 (Southeast),,HENRY,US 218,US 218,Collision with:  Animal,,,Animal,None Indicated,,,,,,,Paved,,Property Damage Only,0,0,0,0,0,0,6000,1,1,,POINT (-91.547131629673 40.911303286687)
2014827129,2014-78874,11/13/2014,11-November,5-Thursday,09:31,0900 Hours,District 6 (East Central),DAVENPORT,SCOTT,,MAIN ST,Collision with:  Vehicle in traffic,On Roadway,Rear-end (front to rear),Made improper turn,None Indicated,,Daylight,Dry,Cloudy,None apparent,Non-intersection:  Non-junction/no special feature,Paved,,Property Damage Only,0,0,0,0,0,0,3000,2,3,,POINT (-90.575551695205 41.521389908456)
2014827172,148763,11/13/2014,11-November,5-Thursday,18:20,1800 Hours,District 4 (Southwest),,DALLAS,,Co Rd F31/MINBURN RD & LEXINGTON LN,Collision with:  Animal,,,Animal,None Indicated,,,,,,,Paved,,Property Damage Only,0,0,0,0,0,0,2000,1,1,,POINT (-94.059507244128 41.739804300911)
2014827135,201417074,11/13/2014,11-November,5-Thursday,20:42,2000 Hours,District 6 (East Central),CEDAR RAPIDS,LINN,,BLAIRS FERRY RD,Collision with:  Vehicle in traffic,On Roadway,Broadside (front to side),FTYROW:  From driveway,None Indicated,,Dark - roadway lighted,Dry,Cloudy,None apparent,Non-intersection:  Driveway access (within),Paved,,Possible/Unknown,0,1,0,0,1,0,10000,2,2,,POINT (-91.698905587649 42.034675002776)
2014827130,2014-78950,11/13/2014,11-November,5-Thursday,17:00,1700 Hours,District 6 (East Central),DAVENPORT,SCOTT,,E 53RD ST & VICTORIA AVE,Collision with:  Vehicle in traffic,Shoulder,"Angle, oncoming left turn",FTYROW:  From stop sign,None Indicated,,Dark - roadway lighted,Dry,Snow,None apparent,Intersection:  Four-way intersection,Paved,,Property Damage Only,0,0,0,0,0,0,10000,2,2,,POINT (-90.511491918303 41.574959490306)
2014827026,14-048183,11/13/2014,11-November,5-Thursday,23:57,2300 Hours,District 4 (Southwest),COUNCIL BLUFFS,POTTAWATTAMIE,,2ND AVE,Non-collision events:  Other non-collision (explain in narrative),Outside trafficway,Rear-end (front to rear),Other (explain in narrative):  Other,None Indicated,,Dark - roadway lighted,Dry,Clear,None apparent,Non-intersection:  Non-junction/no special feature,Paved,,Property Damage Only,0,0,0,0,0,0,11010,3,777,,POINT (-95.885094235761 41.259818900037)
2014827043,14-30121,11/13/2014,11-November,5-Thursday,18:15,1800 Hours,District 1 (Central),SULLY,JASPER,,Co Rd T22/HWY T-22 S,Collision with:  Vehicle in traffic,On Roadway,"Sideswipe, opposite direction",Crossed centerline (undivided),None Indicated,,Dark - roadway not lighted,Snow,Snow,"Surface condition (e.g., wet, icy)",Non-intersection:  Non-junction/no special feature,Paved,,Minor Injury,0,1,0,1,0,0,10200,2,3,,POINT (-92.902930148373 41.66597099472)
2014827139,S14-112610,11/13/2014,11-November,5-Thursday,23:12,2300 Hours,District 2 (Northeast),,BLACK HAWK,I-380,I-380,Collision with:  Animal,,,Animal,None Indicated,,,,,,,Paved,,Property Damage Only,0,0,0,0,0,0,20000,1,2,,POINT (-92.177388611537 42.417309126058)
2014827027,14-5740,11/13/2014,11-November,5-Thursday,17:50,1700 Hours,District 1 (Central),WEST DES MOINES,POLK,I-35,I-35,Collision with:  Vehicle in traffic,On Roadway,Rear-end (front to rear),Followed too close,None Indicated,,Dark - roadway not lighted,Dry,Cloudy,None apparent,Non-intersection:  Non-junction/no special feature,Paved,,Property Damage Only,0,0,0,0,0,0,2800,3,5,,POINT (-93.777120619571 41.596002315209)
2014826975,1411138111,11/13/2014,11-November,5-Thursday,20:20,2000 Hours,District 6 (East Central),,CLINTON,,Co Rd Z34/362 AVE,Collision with:  Animal,,,Animal,None Indicated,,,,,,,Paved,,Property Damage Only,0,0,0,0,0,0,2000,1,1,,POINT (-90.396026673215 42.01235905463)
2014827152,14-22218,11/13/2014,11-November,5-Thursday,16:58,1600 Hours,District 6 (East Central),BETTENDORF,SCOTT,,SPRUCE HILLS DR & UTICA RIDGE RD,Collision with:  Vehicle in traffic,On Roadway,Rear-end (front to rear),Followed too close,None Indicated,,Daylight,Dry,Clear,None apparent,Intersection:  Four-way intersection,Paved,,Possible/Unknown,0,1,0,0,1,0,0,2,3,,POINT (-90.517843396647 41.554742565866)
2014828213,14-40769,11/13/2014,11-November,5-Thursday,20:00,2000 Hours,District 5 (Southeast),BURLINGTON,DES MOINES,US 34,US 34,Collision with:  Vehicle in traffic,On Roadway,Unknown,Driving too fast for conditions,None Indicated,,Dark - roadway lighted,Ice/frost,Snow,"Surface condition (e.g., wet, icy)",Non-intersection:  Non-junction/no special feature,Paved,,Minor Injury,0,2,0,1,1,0,16000,2,2,,POINT (-91.102019114925 40.814127036924)
2014827097,148760,11/13/2014,11-November,5-Thursday,18:06,1800 Hours,District 4 (Southwest),,DALLAS,,Co Rd P30/AMARILLO AVE,Collision with:  Animal,,,Animal,None Indicated,,,,,,,Paved,,Property Damage Only,0,0,0,0,0,0,3000,1,1,,POINT (-94.269934614555 41.675883929874)
2014828850,2014063574,11/13/2014,11-November,5-Thursday,17:55,1700 Hours,District 4 (Southwest),,CASS,I-80,I-80,Collision with:  Animal,,,Animal,None Indicated,,,,,,,Paved,,Property Damage Only,0,0,0,0,0,0,8000,1,1,,POINT (-95.122303042998 41.497544644326)
2014831446,C14003610,11/13/2014,11-November,5-Thursday,19:00,1900 Hours,District 6 (East Central),CORALVILLE,JOHNSON,,1ST AVE,Collision with:  Vehicle in traffic,On Roadway,Rear-end (front to rear),Followed too close,None Indicated,,Dark - roadway lighted,Dry,Cloudy,None apparent,Non-intersection:  Non-junction/no special feature,Paved,,Property Damage Only,0,0,0,0,0,0,2500,2,2,,POINT (-91.565512928069 41.669516245701)
2014827153,03219,11/13/2014,11-November,5-Thursday,15:47,1500 Hours,District 6 (East Central),DYERSVILLE,DUBUQUE,,5TH AVE SE & 4TH ST SE,Collision with:  Vehicle in traffic,On Roadway,"Sideswipe, same direction",Lost Control,None Indicated,,Daylight,Dry,Clear,None apparent,Non-intersection:  Non-junction/no special feature,Paved,,Property Damage Only,0,0,0,0,0,0,2500,2,1,,POINT (-91.120238218723 42.480997252744)