Iowa DOT Case Number,Law Enforcement Case Number,Date of Crash,Month of Crash,Day of Week,Time of Crash,Hour,DOT District,City Name,County Name,Route with System,Location Description,First Harmful Event,Location of First Harmful Event,Manner of Crash/Collision,Major Cause,Drug or Alcohol ,Environmental Conditions,Light Conditions,Surface Conditions,Weather Conditions,Roadway Contribution,Roadway Type,Roadway Surface,Work Zone,Crash Severity,Number of Fatalities,Number of Injuries,Number of Major Injuries,Number of Minor Injuries,Number of Possible Injuries,Number of Unknown Injuries,Amount of Property Damage,Number of Vehicles Involved,Total Number of Occupants,Travel Direction,Location
2014826739,20140033858,11/13/2014,11-November,5-Thursday,10:05,1000 Hours,District 1 (Central),DES MOINES,POLK,,COLLEGE AVE & 13TH ST,Collision with:  Vehicle in traffic,On Roadway,Head-on (front to front),"Operating vehicle in an reckless, erratic, careless, negligent manner",None Indicated,,Daylight,Dry,Cloudy,None apparent,Intersection:  Four-way intersection,Paved,,Property Damage Only,0,0,0,0,0,0,3000,2,1,,POINT (-93.634254924294 41.607705945582)
2014828407,S79140362,11/13/2014,11-November,5-Thursday,07:57,0700 Hours,District 1 (Central),,POWESHIEK,,135TH ST & 475TH AVE,Non-collision events:  Overturn/rollover,Outside trafficway,Non-collision (single vehicle),Driving too fast for conditions,None Indicated,,Daylight,"Mud, dirt",Cloudy,None apparent,Non-intersection:  Non-junction/no special feature,Unpaved,,Property Damage Only,0,0,0,0,0,0,2500,1,1,,POINT (-92.522472528502 41.608869112568)
2014827166,14-40764,11/13/2014,11-November,5-Thursday,19:44,1900 Hours,District 5 (Southeast),BURLINGTON,DES MOINES,,DIVISION ST & CENTRAL AVE,Collision with:  Vehicle in traffic,On Roadway,Rear-end (front to rear),Lost Control,None Indicated,,Dark - roadway lighted,Ice/frost,Snow,"Surface condition (e.g., wet, icy)",Intersection:  Four-way intersection,Paved,,Property Damage Only,0,0,0,0,0,0,4000,2,3,,POINT (-91.112932813877 40.807640332233)
2014930280,,11/13/2014,11-November,5-Thursday,17:37,1700 Hours,District 3 (Northwest),SERGEANT BLUFF,WOODBURY,,WILDE ST & VANDENBERG CIR W,Collision with:  Parked motor vehicle,On Roadway,Rear-end (front to rear),Driver Distraction:  Passenger,None Indicated,,Dark - roadway lighted,Dry,Clear,None apparent,Non-intersection:  Non-junction/no special feature,Paved,,Minor Injury,0,1,0,1,0,0,5500,2,2,,POINT (-96.34948482679 42.403377727579)
2014827151,148768,11/13/2014,11-November,5-Thursday,20:14,2000 Hours,District 4 (Southwest),,DALLAS,IA 44,IA 44/240TH ST & Co Rd P46/D AVE,Collision with:  Vehicle in traffic,On Roadway,Rear-end (front to rear),Other (explain in narrative):  Other,None Indicated,,Dark - roadway lighted,Dry,Cloudy,None apparent,Non-intersection:  Non-junction/no special feature,Paved,,Property Damage Only,0,0,0,0,0,0,11000,2,7,,POINT (-94.222067721799 41.688337111379)
2014828813,149031PD,11/13/2014,11-November,5-Thursday,08:37,0800 Hours,District 1 (Central),BOONE,BOONE,,W 4TH ST,Collision with:  Parked motor vehicle,On Roadway,"Sideswipe, same direction",Swerving/Evasive Action,None Indicated,,Daylight,Snow,Cloudy,None apparent,Non-intersection:  Non-junction/no special feature,Paved,,Property Damage Only,0,0,0,0,0,0,4000,2,1,,POINT (-93.895784228934 42.060259879116)
2014827873,2014063439,11/13/2014,11-November,5-Thursday,09:15,0900 Hours,District 6 (East Central),NEWHALL,BENTON,,2ND ST & 5TH AVE,Collision with:  Vehicle in traffic,On Roadway,Broadside (front to side),FTYROW:  At uncontrolled intersection,None Indicated,,Daylight,Dry,Cloudy,None apparent,Intersection:  Four-way intersection,Paved,,Property Damage Only,0,0,0,0,0,0,2800,2,2,,POINT (-91.963267469452 41.993469990672)
2014827684,2014063554,11/13/2014,11-November,5-Thursday,16:15,1600 Hours,District 2 (Northeast),GOODELL,HANCOCK,US 69,US 69 & WILLOW ST,Collision with:  Vehicle in traffic,On Roadway,"Sideswipe, opposite direction",Crossed centerline (undivided),None Indicated,,Dusk,Dry,Cloudy,None apparent,Non-intersection:  Non-junction/no special feature,Paved,,Minor Injury,0,1,0,1,0,0,25000,2,2,,POINT (-93.616455764791 42.923076996725)
2014827041,14-22151,11/13/2014,11-November,5-Thursday,17:35,1700 Hours,District 2 (Northeast),,BREMER,US 63,US 63,Collision with:  Animal,,,Animal,None Indicated,,,,,,,Paved,,Property Damage Only,0,0,0,0,0,0,2500,1,1,,POINT (-92.324886756565 42.897324453882)
2014826928,14-017888,11/13/2014,11-November,5-Thursday,08:05,0800 Hours,District 2 (Northeast),CHARLES CITY,FLOYD,US 18,US 18/BRANTINGHAM ST,Collision with:  Vehicle in traffic,On Roadway,Rear-end (front to rear),Lost Control,None Indicated,,Daylight,Dry,Cloudy,None apparent,Non-intersection:  Other non-intersection (explain in narrative),Paved,,Property Damage Only,0,0,0,0,0,0,3600,2,2,,POINT (-92.675979321007 43.06393817341)
2014827090,14-40725,11/13/2014,11-November,5-Thursday,16:18,1600 Hours,District 5 (Southeast),BURLINGTON,DES MOINES,US 61,US 61,Collision with:  Vehicle in traffic,On Roadway,Rear-end (front to rear),Followed too close,None Indicated,,Dusk,Dry,Cloudy,None apparent,Intersection:  Four-way intersection,Paved,,Property Damage Only,0,0,0,0,0,0,3500,2,3,,POINT (-91.141479025078 40.814463361974)
2014827154,14015990,11/13/2014,11-November,5-Thursday,06:38,0600 Hours,District 5 (Southeast),,APPANOOSE,IA 2,IA 2/IOWA 2,Collision with:  Animal,On Roadway,Non-collision (single vehicle),Animal,None Indicated,,Dawn,Dry,Cloudy,None apparent,Non-intersection:  Non-junction/no special feature,Paved,,Property Damage Only,0,0,0,0,0,0,3000,1,1,,POINT (-92.832568202867 40.732732471858)
2014827752,2014-78965,11/13/2014,11-November,5-Thursday,17:25,1700 Hours,District 6 (East Central),DAVENPORT,SCOTT,,E 53RD ST & CORPORATE PARK DR,Collision with:  Vehicle in traffic,On Roadway,"Sideswipe, same direction",Improper or erratic lane changing,None Indicated,,Dark - roadway lighted,Dry,Snow,None apparent,Non-intersection:  Non-junction/no special feature,Paved,,Property Damage Only,0,0,0,0,0,0,5000,2,2,,POINT (-90.517167904561 41.574884131759)
2014826775,201405370,11/13/2014,11-November,5-Thursday,06:41,0600 Hours,District 1 (Central),,BOONE,US 30,US 30/220TH ST,Collision with:  Animal,,,Animal,None Indicated,,,,,,,Paved,,Property Damage Only,0,0,0,0,0,0,4000,1,1,,POINT (-94.145104202347 42.034653277986)
2014827085,14-228,11/13/2014,11-November,5-Thursday,16:16,1600 Hours,District 2 (Northeast),WAVERLY,BREMER,IA 3,IA 3/BREMER AVE & 7TH ST SE & 7TH ST NE,Collision with:  Vehicle in traffic,On Roadway,Rear-end (front to rear),Followed too close,None Indicated,,Daylight,Dry,Cloudy,None apparent,Intersection:  Four-way intersection,Paved,,Property Damage Only,0,0,0,0,0,0,8500,2,2,,POINT (-92.461926776343 42.72584113837)
2014829092,2014063412,11/13/2014,11-November,5-Thursday,06:05,0600 Hours,District 1 (Central),,JASPER,I-80,I-80,Collision with fixed object:  Guardrail - face,Shoulder,Non-collision (single vehicle),Ran off road - left,None Indicated,,Daylight,Dry,Clear,None apparent,Non-intersection:  Non-junction/no special feature,Paved,,Possible/Unknown,0,2,0,0,2,0,11710,1,3,,POINT (-92.905116300913 41.682365886561)
2014827456,14-004912,11/13/2014,11-November,5-Thursday,17:45,1700 Hours,District 1 (Central),ANKENY,POLK,IA 415,IA 415/SW ORALABOR RD,Collision with:  Animal,,,Animal,None Indicated,,,,,,,Paved,,Property Damage Only,0,0,0,0,0,0,1500,1,1,,POINT (-93.639819221508 41.703141824711)
2014826776,90-14-401,11/13/2014,11-November,5-Thursday,06:50,0600 Hours,District 2 (Northeast),,HUMBOLDT,,K RD,Collision with:  Animal,,,Animal,None Indicated,,,,,,,Paved,,Property Damage Only,0,0,0,0,0,0,2000,1,1,,POINT (-94.198152238728 42.729690051876)
2014827419,14-37563,11/13/2014,11-November,5-Thursday,07:59,0700 Hours,District 3 (Northwest),SIOUX CITY,WOODBURY,US 20,US 20/SW RAMP & IA 12/IOWA 12,Collision with:  Vehicle in traffic,On Roadway,Rear-end (front to rear),Followed too close,None Indicated,,Daylight,Dry,Cloudy,None apparent,Non-intersection:  Non-junction/no special feature,Paved,,Property Damage Only,0,0,0,0,0,0,6000,2,2,,POINT (-96.327389020454 42.475536442608)
2014827420,14-37592,11/13/2014,11-November,5-Thursday,13:54,1300 Hours,District 3 (Northwest),SIOUX CITY,WOODBURY,IA 376,IA 376/LEWIS BLVD & 3RD ST,Collision with:  Vehicle in traffic,On Roadway,Broadside (front to side),Ran Traffic Signal,None Indicated,,Daylight,Dry,Clear,None apparent,Intersection:  Four-way intersection,Paved,,Property Damage Only,0,0,0,0,0,0,12000,2,2,,POINT (-96.378313257235 42.493269710049)
2014826913,201417032,11/13/2014,11-November,5-Thursday,08:35,0800 Hours,District 6 (East Central),CEDAR RAPIDS,LINN,,Co Rd E44/ELLIS RD,Non-collision events:  Overturn/rollover,On Roadway,Non-collision (single vehicle),Ran off road - right,None Indicated,,Daylight,Dry,Cloudy,None apparent,Non-intersection:  Non-junction/no special feature,Paved,,Possible/Unknown,0,1,0,0,1,0,6000,1,1,,POINT (-91.735398603773 41.996454439484)
2014826987,20140033871,11/13/2014,11-November,5-Thursday,16:02,1600 Hours,District 1 (Central),DES MOINES,POLK,,2ND AVE,Collision with:  Vehicle in traffic,On Roadway,"Sideswipe, same direction",Improper or erratic lane changing,None Indicated,,Daylight,Dry,Cloudy,None apparent,Non-intersection:  Non-junction/no special feature,Paved,,Property Damage Only,0,0,0,0,0,0,1500,2,2,,POINT (-93.620258018012 41.588542858227)
2014828266,14-40771,11/13/2014,11-November,5-Thursday,20:06,2000 Hours,District 5 (Southeast),BURLINGTON,DES MOINES,,WASHINGTON ST,Collision with:  Vehicle in traffic,On Roadway,Unknown,Crossed centerline (undivided),None Indicated,,Dark - roadway lighted,Ice/frost,Snow,"Surface condition (e.g., wet, icy)",Non-intersection:  Non-junction/no special feature,Paved,,Property Damage Only,0,0,0,0,0,0,1500,2,2,,POINT (-91.112461420955 40.812559892991)
2014827140,14-048140,11/13/2014,11-November,5-Thursday,15:45,1500 Hours,District 4 (Southwest),COUNCIL BLUFFS,POTTAWATTAMIE,IA 192,IA 192/S EXPRESSWAY & 30TH AVE,Collision with:  Vehicle in traffic,On Roadway,"Sideswipe, same direction",Made improper turn,None Indicated,,Daylight,Dry,Clear,None apparent,Intersection:  Four-way intersection,Paved,,Possible/Unknown,0,1,0,0,1,0,2100,3,3,,POINT (-95.851291453511 41.2307064624)
2014827049,2014-013790,11/13/2014,11-November,5-Thursday,15:23,1500 Hours,District 6 (East Central),,DUBUQUE,US 52,US 52,Non-collision events:  Other non-collision (explain in narrative),On Roadway,Non-collision (single vehicle),Swerving/Evasive Action,None Indicated,,Daylight,Wet,Cloudy,None apparent,Non-intersection:  Non-junction/no special feature,Paved,,Possible/Unknown,0,1,0,0,1,0,5000,1,1,,POINT (-90.82333928443 42.578014038467)
2014826743,20140033852,11/13/2014,11-November,5-Thursday,13:30,1300 Hours,District 1 (Central),DES MOINES,POLK,US 6,US 6/E EUCLID AVE & OXFORD ST,Collision with:  Vehicle in traffic,On Roadway,Broadside (front to side),Ran Traffic Signal,None Indicated,,Daylight,Dry,Cloudy,None apparent,Intersection:  Four-way intersection,Paved,,Property Damage Only,0,0,0,0,0,0,3500,2,3,,POINT (-93.617500284391 41.627739116895)
2014826773,2014-78849,11/13/2014,11-November,5-Thursday,05:49,0500 Hours,District 6 (East Central),DAVENPORT,SCOTT,,IA 461/BRADY ST,Collision with:  Vehicle in traffic,On Roadway,"Sideswipe, same direction",FTYROW:  At uncontrolled intersection,None Indicated,,Dawn,Dry,Clear,None apparent,Non-intersection:  Non-junction/no special feature,Paved,,Property Damage Only,0,0,0,0,0,0,1800,2,3,,POINT (-90.569947156924 41.575039706784)
2014827093,14-3646,11/13/2014,11-November,5-Thursday,15:09,1500 Hours,District 1 (Central),FORT DODGE,WEBSTER,,E KENYON RD & 5TH AVE S & S 12TH ST,Collision with:  Vehicle in traffic,On Roadway,"Angle, oncoming left turn",FTYROW:  Making left turn,None Indicated,,Daylight,Dry,Snow,None apparent,Intersection:  Four-way intersection,Paved,,Minor Injury,0,2,0,2,0,0,8000,2,3,,POINT (-94.182662946959 42.500939376631)
2014826972,W14-112530,11/13/2014,11-November,5-Thursday,16:42,1600 Hours,District 2 (Northeast),WATERLOO,BLACK HAWK,,MONROE ST & NEVADA ST,Collision with:  Vehicle in traffic,On Roadway,Head-on (front to front),Made improper turn,None Indicated,,Daylight,Dry,Clear,None apparent,Intersection:  Four-way intersection,Paved,,Possible/Unknown,0,1,0,0,1,0,5000,2,2,,POINT (-92.314622769735 42.496563026127)
2014826883,14-5728,11/13/2014,11-November,5-Thursday,08:10,0800 Hours,District 1 (Central),WEST DES MOINES,POLK,,E P TRUE PKWY & MILLS CIVIC PKWY & 35TH ST,Collision with:  Vehicle in traffic,On Roadway,Broadside (front to side),Unknown,None Indicated,,Daylight,Dry,Clear,None apparent,Intersection:  Four-way intersection,Paved,,Property Damage Only,0,0,0,0,0,0,2000,2,3,,POINT (-93.7519346794 41.570147916834)
2014827512,2014-24610,11/13/2014,11-November,5-Thursday,17:52,1700 Hours,District 5 (Southeast),,WARREN,IA 92,IA 92/IOWA 92,Non-collision events:  Overturn/rollover,On Roadway,Non-collision (single vehicle),Swerving/Evasive Action,None Indicated,,Dark - roadway not lighted,Dry,Cloudy,Other (explain in narrative),Interchange-related:  On-ramp merge area,Paved,Yes,Property Damage Only,0,0,0,0,0,0,3000,1,3,,POINT (-93.776837111828 41.363694822645)
2014827162,2014012730,11/13/2014,11-November,5-Thursday,08:07,0800 Hours,District 6 (East Central),IOWA CITY,JOHNSON,US 6,US 6/S RIVERSIDE DR,Collision with:  Vehicle in traffic,On Roadway,Broadside (front to side),FTYROW:  Other (explain in narrative),None Indicated,,Daylight,Dry,Cloudy,None apparent,Non-intersection:  Non-junction/no special feature,Paved,,Property Damage Only,0,0,0,0,0,0,3000,2,2,,POINT (-91.540206261959 41.650229110901)
2014828465,14-005348,11/13/2014,11-November,5-Thursday,07:15,0700 Hours,District 1 (Central),AMES,STORY,,WEST ST,Collision with:  Vehicle in traffic,On Roadway,"Sideswipe, opposite direction",Improper Backing,None Indicated,,Daylight,Dry,Cloudy,None apparent,Non-intersection:  Non-junction/no special feature,Paved,,Property Damage Only,0,0,0,0,0,0,4000,2,2,,POINT (-93.6550588689 42.025355869139)
2014827966,SC14-063,11/13/2014,11-November,5-Thursday,08:08,0800 Hours,District 1 (Central),STATE CENTER,MARSHALL,,W MAIN ST & E MAIN ST & 1ST AVE S & 1ST AVE N,Collision with:  Vehicle in traffic,On Roadway,Rear-end (front to rear),FTYROW:  From parked position,None Indicated,,Daylight,Dry,Clear,None apparent,Non-intersection:  Non-junction/no special feature,Paved,,Property Damage Only,0,0,0,0,0,0,3500,2,2,,POINT (-93.163594853613 42.016678810631)
2014828103,2014063549,11/13/2014,11-November,5-Thursday,14:40,1400 Hours,District 2 (Northeast),THORNTON,CERRO GORDO,,Co Rd S25/GROUSE AVE,Collision with:  Animal,On Roadway,Non-collision (single vehicle),Animal,None Indicated,,Daylight,Dry,Snow,None apparent,Non-intersection:  Non-junction/no special feature,Paved,,Property Damage Only,0,0,0,0,0,0,10000,1,1,,POINT (-93.379544807513 42.954310964506)
2014826989,20140033879,11/13/2014,11-November,5-Thursday,17:29,1700 Hours,District 1 (Central),DES MOINES,POLK,I-235,I-235 & SCHOOL ST & MLK JR PKWY,Collision with:  Vehicle in traffic,On Roadway,Broadside (front to side),Ran Traffic Signal,None Indicated,,Dark - roadway lighted,Dry,Cloudy,None apparent,Intersection:  Intersection with ramp,Paved,,Minor Injury,0,1,0,1,0,0,6000,2,2,,POINT (-93.644296450891 41.595292193138)
2014826801,201417036,11/13/2014,11-November,5-Thursday,09:33,0900 Hours,District 6 (East Central),CEDAR RAPIDS,LINN,IA 922,IA 922/1ST AVE E,Collision with fixed object:  Tree,Shoulder,Non-collision (single vehicle),Ran off road - right,None Indicated,,Daylight,Dry,Cloudy,None apparent,Non-intersection:  Non-junction/no special feature,Paved,,Property Damage Only,0,0,0,0,0,0,10000,1,1,,POINT (-91.635193777978 42.002340645681)
2014828237,201404188,11/13/2014,11-November,5-Thursday,18:35,1800 Hours,District 6 (East Central),,LINN,US 151,US 151,Collision with:  Animal,,Non-collision (single vehicle),Animal,None Indicated,,,,,,,Paved,,Property Damage Only,0,0,0,0,0,0,10000,1,1,,POINT (-91.554428038206 41.961147276545)
2014828617,14-016089,11/13/2014,11-November,5-Thursday,06:56,0600 Hours,District 2 (Northeast),,FAYETTE,,Co Rd B40/GREAT RIVER RD,Collision with:  Animal,,,Animal,None Indicated,,,,,,,Paved,,Property Damage Only,0,0,0,0,0,0,7500,1,1,,POINT (-91.709305174902 43.00881581987)
2014827874,2014063578,11/13/2014,11-November,5-Thursday,18:56,1800 Hours,District 2 (Northeast),DENVER,BREMER,US 63,US 63,Collision with:  Animal,,,Animal,None Indicated,,,,,,,Paved,,Property Damage Only,0,0,0,0,0,0,3500,1,1,,POINT (-92.339725208356 42.680516501809)
2014828121,149034PD,11/13/2014,11-November,5-Thursday,10:56,1000 Hours,District 1 (Central),BOONE,BOONE,,12TH ST & BENTON ST,Collision with:  Vehicle in traffic,On Roadway,Broadside (front to side),FTYROW:  At uncontrolled intersection,None Indicated,,Daylight,Dry,Cloudy,None apparent,Intersection:  Four-way intersection,Paved,,Possible/Unknown,0,1,0,0,1,0,22000,2,3,,POINT (-93.875029532105 42.067958409322)
2014827069,2014-039601,11/13/2014,11-November,5-Thursday,09:50,0900 Hours,District 6 (East Central),DUBUQUE,DUBUQUE,US 20,US 20/DODGE ST & BLUFF ST,Non-collision events:  Other non-collision (explain in narrative),On Roadway,Non-collision (single vehicle),Driving too fast for conditions,None Indicated,,Daylight,Ice/frost,Snow,None apparent,Non-intersection:  Non-junction/no special feature,Paved,,Property Damage Only,0,0,0,0,0,0,5200,1,2,,POINT (-90.668294508605 42.491790510663)
2014826729,14-7537,11/13/2014,11-November,5-Thursday,13:25,1300 Hours,District 1 (Central),GRIMES,POLK,,SE 37TH ST & NW 114TH ST,Collision with:  Vehicle in traffic,On Roadway,Broadside (front to side),FTYROW:  From stop sign,None Indicated,,Daylight,Dry,Cloudy,None apparent,Intersection:  Four-way intersection,Paved,,Property Damage Only,0,0,0,0,0,0,9000,2,3,,POINT (-93.774304643498 41.658521970314)
2014828431,,11/13/2014,11-November,5-Thursday,15:26,1500 Hours,District 2 (Northeast),ALGONA,KOSSUTH,,E NORTH ST & N HECKERT ST,Collision with:  Vehicle in traffic,On Roadway,Broadside (front to side),FTYROW:  At uncontrolled intersection,None Indicated,,Daylight,Dry,Cloudy,None apparent,Intersection:  Four-way intersection,Paved,,Possible/Unknown,0,1,0,0,1,0,12000,2,3,,POINT (-94.224135911259 43.070915430764)
2014827582,2014011572,11/13/2014,11-November,5-Thursday,08:57,0800 Hours,District 1 (Central),MARSHALLTOWN,MARSHALL,,E CHURCH ST & S 2ND AVE,Collision with:  Vehicle in traffic,On Roadway,Broadside (front to side),Ran Stop Sign,None Indicated,,Daylight,Dry,Cloudy,None apparent,Intersection:  Other intersection (explain in narrative),Paved,,Property Damage Only,0,0,0,0,0,0,7000,2,2,,POINT (-92.909637377985 42.047922709881)
2014827134,201417071,11/13/2014,11-November,5-Thursday,20:19,2000 Hours,District 6 (East Central),CEDAR RAPIDS,LINN,,JACOLYN DR SW & JACOLYN DR NW & JOHNSON AVE NW,Collision with:  Vehicle in traffic,On Roadway,Broadside (front to side),FTYROW:  From stop sign,None Indicated,,Dark - roadway lighted,Dry,Clear,None apparent,Intersection:  Four-way intersection,Paved,,Minor Injury,0,2,0,1,1,0,22200,2,3,,POINT (-91.731815472264 41.968945205001)
2014829934,03218,11/13/2014,11-November,5-Thursday,15:28,1500 Hours,District 6 (East Central),DYERSVILLE,DUBUQUE,,3RD AVE SE & 4TH ST SE,Collision with:  Vehicle in traffic,On Roadway,Broadside (front to side),Ran Stop Sign,None Indicated,,Daylight,Dry,Clear,None apparent,Intersection:  Four-way intersection,Paved,,Property Damage Only,0,0,0,0,0,0,3500,2,2,,POINT (-91.120293486717 42.482808259134)
2014827426,14-37646,11/13/2014,11-November,5-Thursday,21:36,2100 Hours,District 3 (Northwest),SIOUX CITY,WOODBURY,US 20,US 20 & S LAKEPORT ST,Collision with:  Vehicle in traffic,On Roadway,Rear-end (front to rear),Driver Distraction:  Reaching for object(s)/fallen object(s),None Indicated,,Dark - roadway not lighted,Dry,Clear,None apparent,Non-intersection:  Other non-intersection (explain in narrative),Paved,,Property Damage Only,0,0,0,0,0,0,8500,2,1,,POINT (-96.347173663438 42.443722890396)
2014827143,148762,11/13/2014,11-November,5-Thursday,18:29,1800 Hours,District 4 (Southwest),,DALLAS,IA 141,IA 141/141ST ST,Collision with:  Animal,,,Animal,None Indicated,,,,,,,Paved,,Property Damage Only,0,0,0,0,0,0,2500,1,1,,POINT (-94.004375241333 41.834988433949)
2014827875,2014063585,11/13/2014,11-November,5-Thursday,20:28,2000 Hours,District 1 (Central),,POLK,I-235,I-235,Collision with fixed object:  Concrete traffic barrier (median or right side),On Roadway,Non-collision (single vehicle),Swerving/Evasive Action,None Indicated,,Dark - roadway lighted,Dry,Cloudy,None apparent,Non-intersection:  Other non-intersection (explain in narrative),Paved,,Property Damage Only,0,0,0,0,0,0,1500,1,1,,POINT (-93.575662364707 41.651942366738)
2014828690,101314-62,11/13/2014,11-November,5-Thursday,04:55,0400 Hours,District 3 (Northwest),STORM LAKE,BUENA VISTA,,GEISINGER RD,Collision with:  Parked motor vehicle,On Roadway,Rear-end (front to rear),Other (explain in narrative):  Other,None Indicated,,Dark - roadway lighted,Dry,Cloudy,None apparent,Non-intersection:  Non-junction/no special feature,Paved,,Property Damage Only,0,0,0,0,0,0,4500,2,1,,POINT (-95.186173627604 42.643768540995)
2014827004,S2014-011729,11/13/2014,11-November,5-Thursday,06:30,0600 Hours,District 3 (Northwest),,WOODBURY,,Co Rd L36/OSCEOLA AVE,Collision with:  Animal,,,Animal,None Indicated,,,,,,,Paved,,Property Damage Only,0,0,0,0,0,0,3000,1,1,,POINT (-95.786207554403 42.466003483024)
2014827028,2014012742,11/13/2014,11-November,5-Thursday,17:23,1700 Hours,District 6 (East Central),IOWA CITY,JOHNSON,I-80,I-80 & Co Rd W66/DUBUQUE ST & N DUBUQUE ST,Collision with:  Vehicle in traffic,On Roadway,Rear-end (front to rear),Followed too close,None Indicated,,Dark - roadway lighted,Dry,Clear,None apparent,Non-intersection:  Other non-intersection (explain in narrative),Paved,,Property Damage Only,0,0,0,0,0,0,3500,2,3,,POINT (-91.539863345573 41.686666446459)
2014827422,14-37607,11/13/2014,11-November,5-Thursday,15:32,1500 Hours,District 3 (Northwest),SIOUX CITY,WOODBURY,,OUTER DR N & HAMILTON BLVD,Collision with:  Vehicle in traffic,On Roadway,"Sideswipe, same direction",Other (explain in narrative):  No improper action,None Indicated,,Daylight,Dry,Clear,None apparent,Intersection:  Four-way intersection,Paved,,Property Damage Only,0,0,0,0,0,0,3500,2,2,,POINT (-96.407468787631 42.543667955894)
2014827146,C14003602,11/13/2014,11-November,5-Thursday,15:05,1500 Hours,District 6 (East Central),CORALVILLE,JOHNSON,,HOLIDAY RD & VALLEY VIEW DR,Collision with:  Vehicle in traffic,On Roadway,Rear-end (front to rear),Followed too close,None Indicated,,Daylight,Dry,Cloudy,None apparent,Non-intersection:  Non-junction/no special feature,Paved,,Property Damage Only,0,0,0,0,0,0,3000,2,2,,POINT (-91.581542156978 41.695006439341)
2014827091,14-048141,11/13/2014,11-November,5-Thursday,15:57,1500 Hours,District 4 (Southwest),COUNCIL BLUFFS,POTTAWATTAMIE,I-29,I-29,Unknown,On Roadway,Non-collision (single vehicle),Lost Control,None Indicated,,Daylight,Dry,Clear,None apparent,Non-intersection:  Non-junction/no special feature,Paved,,Property Damage Only,0,0,0,0,0,0,5000,1,1,,POINT (-95.891369305765 41.23270538898)
2014827685,2014063561,11/13/2014,11-November,5-Thursday,16:01,1600 Hours,District 2 (Northeast),BANCROFT,KOSSUTH,,Co Rd A42/360 ST & 125 AVE,Collision with:  Vehicle in traffic,On Roadway,Broadside (front to side),Ran Stop Sign,None Indicated,,Daylight,Dry,Cloudy,None apparent,Intersection:  Four-way intersection,Paved,,Fatal,2,0,0,0,0,0,120000,3,4,,POINT (-94.216578507146 43.283902631544)
2014826974,W14-112507,11/13/2014,11-November,5-Thursday,15:30,1500 Hours,District 2 (Northeast),WATERLOO,BLACK HAWK,US 63,US 63/W 1ST ST & JEFFERSON ST,Collision with:  Vehicle in traffic,On Roadway,"Sideswipe, same direction",Made improper turn,None Indicated,,Daylight,Dry,Cloudy,None apparent,Intersection:  Four-way intersection,Paved,,Possible/Unknown,0,1,0,0,1,0,6000,2,2,,POINT (-92.344943641587 42.497145606706)
2014828567,14-13211,11/13/2014,11-November,5-Thursday,09:38,0900 Hours,District 3 (Northwest),,SIOUX,IA 10,IA 10/450TH ST,Non-collision events:  Overturn/rollover,Outside trafficway,Non-collision (single vehicle),Ran off road - right,None Indicated,,Daylight,Dry,Cloudy,None apparent,Non-intersection:  Non-junction/no special feature,Paved,,Minor Injury,0,1,0,1,0,0,6100,1,1,,POINT (-96.440804347793 42.996769165193)
2014827072,2014-039615,11/13/2014,11-November,5-Thursday,16:35,1600 Hours,District 6 (East Central),DUBUQUE,DUBUQUE,,JOHN F KENNEDY RD,Collision with:  Vehicle in traffic,On Roadway,"Sideswipe, same direction",Swerving/Evasive Action,None Indicated,,Daylight,Dry,Cloudy,None apparent,Intersection:  Four-way intersection,Paved,,Property Damage Only,0,0,0,0,0,0,2000,3,3,,POINT (-90.721218918073 42.500005751223)
2014827473,14-047443,11/13/2014,11-November,5-Thursday,17:10,1700 Hours,District 5 (Southeast),MUSCATINE,MUSCATINE,US 61,US 61 & OAKVIEW DR,Collision with:  Vehicle in traffic,On Roadway,Broadside (front to side),FTYROW:  From stop sign,None Indicated,,Dark - roadway lighted,Dry,Clear,None apparent,Intersection:  Other intersection (explain in narrative),Paved,,Possible/Unknown,0,1,0,0,1,0,3000,2,2,,POINT (-91.020264223866 41.458026183842)
2014828265,14-40755,11/13/2014,11-November,5-Thursday,19:27,1900 Hours,District 5 (Southeast),BURLINGTON,DES MOINES,,DIVISION ST & WOODLAWN AVE,Collision with:  Vehicle in traffic,On Roadway,"Sideswipe, same direction",Swerving/Evasive Action,None Indicated,,Dark - roadway lighted,Ice/frost,Snow,"Surface condition (e.g., wet, icy)",Non-intersection:  Non-junction/no special feature,Paved,,Possible/Unknown,0,1,0,0,1,0,4500,2,3,,POINT (-91.11519633373 40.807668335007)
2014827029,2014012749,11/13/2014,11-November,5-Thursday,20:03,2000 Hours,District 6 (East Central),IOWA CITY,JOHNSON,,S GILBERT ST,Collision with:  Vehicle in traffic,On Roadway,Rear-end (front to rear),Other (explain in narrative):  Other,None Indicated,,Dark - roadway lighted,Dry,Cloudy,None apparent,Non-intersection:  Non-junction/no special feature,Paved,,Possible/Unknown,0,1,0,0,1,0,1500,2,2,,POINT (-91.530161396841 41.658396395627)
2014850926,14009194,11/13/2014,11-November,5-Thursday,17:50,1700 Hours,District 5 (Southeast),,LOUISA,,Co Rd G40/COUNTY RD G 40,Collision with:  Vehicle in traffic,On Roadway,Head-on (front to front),Crossed centerline (undivided),Under Influence of Alcohol/Drugs/Medications,,Dark - roadway not lighted,Dry,Cloudy,None apparent,Non-intersection:  Non-junction/no special feature,Paved,,Minor Injury,0,1,0,1,0,0,10000,2,2,,POINT (-91.340472010333 41.29040757396)