Iowa DOT Case Number,Law Enforcement Case Number,Date of Crash,Month of Crash,Day of Week,Time of Crash,Hour,DOT District,City Name,County Name,Route with System,Location Description,First Harmful Event,Location of First Harmful Event,Manner of Crash/Collision,Major Cause,Drug or Alcohol ,Environmental Conditions,Light Conditions,Surface Conditions,Weather Conditions,Roadway Contribution,Roadway Type,Roadway Surface,Work Zone,Crash Severity,Number of Fatalities,Number of Injuries,Number of Major Injuries,Number of Minor Injuries,Number of Possible Injuries,Number of Unknown Injuries,Amount of Property Damage,Number of Vehicles Involved,Total Number of Occupants,Travel Direction,Location
2014827110,14-001342,11/13/2014,11-November,5-Thursday,05:57,0500 Hours,District 1 (Central),NEVADA,STORY,,LINCOLN HWY,Collision with:  Vehicle in traffic,On Roadway,Rear-end (front to rear),"Operating vehicle in an reckless, erratic, careless, negligent manner",None Indicated,,Dark - unknown roadway lighting,Dry,Clear,None apparent,Non-intersection:  Driveway access (within),Paved,,Property Damage Only,0,0,0,0,0,0,13000,2,3,,POINT (-93.507103823875 42.023096692638)
2014827806,14112473,11/13/2014,11-November,5-Thursday,13:18,1300 Hours,District 2 (Northeast),CEDAR FALLS,BLACK HAWK,IA 27,IA 27 & W VIKING RD & E VIKING RD,Collision with:  Vehicle in traffic,On Roadway,"Sideswipe, same direction",Improper or erratic lane changing,None Indicated,,Daylight,Dry,Clear,None apparent,Non-intersection:  Non-junction/no special feature,Paved,,Property Damage Only,0,0,0,0,0,0,3600,2,3,,POINT (-92.445704096001 42.484033358727)
2014827071,2014-039609,11/13/2014,11-November,5-Thursday,12:12,1200 Hours,District 6 (East Central),DUBUQUE,DUBUQUE,,PENNSYLVANIA AVE,Collision with:  Vehicle in traffic,On Roadway,Rear-end (front to rear),Improper Backing,None Indicated,,Daylight,Wet,Cloudy,None apparent,Non-intersection:  Non-junction/no special feature,Paved,,Property Damage Only,0,0,0,0,0,0,2100,2,2,,POINT (-90.74044667026 42.501026018536)
2014827980,,11/13/2014,11-November,5-Thursday,17:55,1700 Hours,District 5 (Southeast),,LUCAS,IA 14,IA 14,Collision with:  Animal,On Roadway,Non-collision (single vehicle),Animal,None Indicated,,Dark - roadway not lighted,Dry,Clear,None apparent,Non-intersection:  Non-junction/no special feature,Paved,,Property Damage Only,0,0,0,0,0,0,1500,1,1,,POINT (-93.317190597634 40.898787210042)
2014829144,14-13238,11/13/2014,11-November,5-Thursday,23:00,2300 Hours,District 3 (Northwest),,SIOUX,,Co Rd K22/DIPPER AVE,Collision with fixed object:  Ditch,On Roadway,Non-collision (single vehicle),Swerving/Evasive Action,None Indicated,,Dark - roadway not lighted,Dry,Clear,None apparent,Non-intersection:  Non-junction/no special feature,Paved,,Property Damage Only,0,0,0,0,0,0,5000,1,2,,POINT (-96.371450709652 42.916943818652)
2014827147,14-048160,11/13/2014,11-November,5-Thursday,19:00,1900 Hours,District 4 (Southwest),COUNCIL BLUFFS,POTTAWATTAMIE,I-29,I-29 & S 24TH ST,Collision with:  Vehicle in traffic,On Roadway,Rear-end (front to rear),Followed too close,None Indicated,,Dark - roadway lighted,Dry,Clear,None apparent,Intersection:  Four-way intersection,Paved,,Property Damage Only,0,0,0,0,0,0,2000,2,2,,POINT (-95.879241878907 41.2312082483)
2014827142,14-048150,11/13/2014,11-November,5-Thursday,17:20,1700 Hours,District 4 (Southwest),COUNCIL BLUFFS,POTTAWATTAMIE,I-29,I-29,Collision with fixed object:  Guardrail - face,On Roadway,Non-collision (single vehicle),Ran off road - left,None Indicated,,Dark - roadway lighted,Dry,Cloudy,None apparent,Non-intersection:  Non-junction/no special feature,Paved,,Property Damage Only,0,0,0,0,0,0,8000,1,1,,POINT (-95.877927554398 41.232249845392)
2014828710,,11/13/2014,11-November,5-Thursday,20:30,2000 Hours,District 1 (Central),,POLK,I-235,I-235,Non-collision events:  Other non-collision (explain in narrative),On Roadway,Non-collision (single vehicle),Unknown,None Indicated,,Dark - roadway not lighted,Dry,Cloudy,,Non-intersection:  Non-junction/no special feature,Paved,,Property Damage Only,0,0,0,0,0,0,2500,1,1,,POINT (-93.575727247482 41.637647659762)
2014833137,2014-78903,11/13/2014,11-November,5-Thursday,13:58,1300 Hours,District 6 (East Central),DAVENPORT,SCOTT,US 6,US 6/SPRUCE HILLS DR,Collision with:  Vehicle in traffic,On Roadway,Rear-end (front to rear),Unknown,None Indicated,,Daylight,Dry,Cloudy,None apparent,Non-intersection:  Non-junction/no special feature,Paved,,Property Damage Only,0,0,0,0,0,0,3500,2,3,,POINT (-90.525703140536 41.55489404706)
2014828258,20144174,11/13/2014,11-November,5-Thursday,19:30,1900 Hours,District 1 (Central),REINBECK,GRUNDY,,ALBERT ST & BLACKHAWK ST,Collision with:  Parked motor vehicle,On Roadway,Unknown,Unknown,None Indicated,,Dark - roadway lighted,Dry,Clear,None apparent,Non-intersection:  Non-junction/no special feature,Paved,,Property Damage Only,0,0,0,0,0,0,2000,2,1,,POINT (-92.599277925509 42.320160350188)
2014830068,14-066,11/13/2014,11-November,5-Thursday,13:30,1300 Hours,District 3 (Northwest),LYTTON,CALHOUN,,Co Rd D15/190TH ST & Co Rd N28/DAKOTA AVE,Collision with:  Animal,,,Animal,None Indicated,,,,,,,Paved,,Property Damage Only,0,0,0,0,0,0,2500,1,1,,POINT (-94.855271833026 42.517643405557)
2014827089,14-3643,11/13/2014,11-November,5-Thursday,11:30,1100 Hours,District 1 (Central),FORT DODGE,WEBSTER,,KENYON RD & TOWER DR,Collision with:  Vehicle in traffic,On Roadway,Broadside (front to side),Ran Traffic Signal,None Indicated,,Daylight,Dry,Cloudy,None apparent,Intersection:  T-intersection,Paved,,Property Damage Only,0,0,0,0,0,0,9000,2,4,,POINT (-94.202326983009 42.486154494876)
2014828966,14016914,11/14/2014,11-November,6-Friday,22:00,2200 Hours,District 6 (East Central),,CEDAR,I-80,I-80,Collision with:  Animal,On Roadway,Non-collision (single vehicle),Animal,None Indicated,,Dark - roadway not lighted,Dry,Clear,None apparent,Non-intersection:  Non-junction/no special feature,Paved,,Property Damage Only,0,0,0,0,0,0,3500,1,1,,POINT (-91.223875437374 41.661149803098)
2014827428,14-37673,11/14/2014,11-November,6-Friday,08:25,0800 Hours,District 3 (Northwest),SIOUX CITY,WOODBURY,,STONE AVE & MORNINGSIDE AVE,Collision with:  Vehicle in traffic,On Roadway,Rear-end (front to rear),Followed too close,None Indicated,,Daylight,Dry,Clear,None apparent,Intersection:  Four-way intersection,Paved,,Property Damage Only,0,0,0,0,0,0,2500,2,2,,POINT (-96.362303410309 42.479243765182)
2014828239,201404195,11/14/2014,11-November,6-Friday,10:02,1000 Hours,District 6 (East Central),,LINN,,Co Rd W6E/ELY RD,Collision with:  Vehicle in traffic,On Roadway,Rear-end (front to rear),Other (explain in narrative):  Other,None Indicated,,Daylight,Dry,Clear,None apparent,Non-intersection:  Non-junction/no special feature,Paved,,Property Damage Only,0,0,0,0,0,0,12500,2,2,,POINT (-91.603200525318 41.894364574607)
2014827895,14-035228,11/14/2014,11-November,6-Friday,17:49,1700 Hours,District 5 (Southeast),WEST POINT,LEE,,Co Rd J40/CO RD 103,Collision with:  Animal,,,Animal,None Indicated,,,,,,,Paved,,Property Damage Only,0,0,0,0,0,0,2000,1,1,,POINT (-91.494575603493 40.718937320148)
2014827375,14-37705,11/14/2014,11-November,6-Friday,14:59,1400 Hours,District 3 (Northwest),SIOUX CITY,WOODBURY,,DODGE AVE & S HELEN ST,Collision with:  Vehicle in traffic,On Roadway,Broadside (front to side),Ran Stop Sign,None Indicated,,Daylight,Dry,Cloudy,None apparent,Intersection:  Four-way intersection,Paved,,Possible/Unknown,0,1,0,0,1,0,9000,2,4,,POINT (-96.369600930215 42.4848821499)
2014827650,14-2554,11/14/2014,11-November,6-Friday,18:09,1800 Hours,District 1 (Central),URBANDALE,POLK,,NW 86TH ST,Collision with:  Vehicle in traffic,On Roadway,Rear-end (front to rear),Followed too close,None Indicated,,Dark - roadway lighted,Dry,Cloudy,None apparent,Intersection:  Intersection with ramp,Paved,,Property Damage Only,0,0,0,0,0,0,3000,2,2,,POINT (-93.7364906258 41.653897643512)
2014828650,1411-081,11/14/2014,11-November,6-Friday,16:03,1600 Hours,District 3 (Northwest),SIBLEY,OSCEOLA,,9TH ST & 5TH AVE,Collision with:  Parked motor vehicle,On Roadway,"Angle, oncoming left turn","Operating vehicle in an reckless, erratic, careless, negligent manner",Alcohol (Statutory),,Daylight,Dry,Clear,None apparent,Non-intersection:  Non-junction/no special feature,Paved,,Property Damage Only,0,0,0,0,0,0,9000,2,2,,POINT (-95.747682062129 43.399091389564)
2014826980,20140033921,11/14/2014,11-November,6-Friday,10:00,1000 Hours,District 1 (Central),DES MOINES,POLK,,KIRKWOOD AVE & SW 9TH ST,Collision with fixed object:  Other fixed object (explain in narrative),On Roadway,Non-collision (single vehicle),Ran off road - right,None Indicated,,Daylight,Dry,Clear,None apparent,Non-intersection:  Non-junction/no special feature,Paved,,Property Damage Only,0,0,0,0,0,0,2600,1,3,,POINT (-93.623858375098 41.564969371303)
2014827366,14-005377,11/14/2014,11-November,6-Friday,18:15,1800 Hours,District 1 (Central),AMES,STORY,US 30,US 30,Collision with:  Vehicle in traffic,On Roadway,Rear-end (front to rear),Followed too close,None Indicated,,Dark - roadway not lighted,Dry,Cloudy,None apparent,Non-intersection:  Non-junction/no special feature,Paved,,Minor Injury,0,1,0,1,0,0,1900,2,2,,POINT (-93.579034582926 42.007129925178)
2014827820,14HPD0118,11/14/2014,11-November,6-Friday,12:01,1200 Hours,District 3 (Northwest),HAWARDEN,SIOUX,,15TH ST,Collision with:  Vehicle in traffic,On Roadway,Rear-end (front to rear),Improper Backing,None Indicated,,Daylight,Dry,Clear,None apparent,Non-intersection:  Non-junction/no special feature,Paved,,Property Damage Only,0,0,0,0,0,0,3166,2,3,,POINT (-96.487582393491 43.002941959691)
2014827814,14-5755,11/14/2014,11-November,6-Friday,15:46,1500 Hours,District 1 (Central),WEST DES MOINES,POLK,,GRAND AVE,Collision with:  Vehicle in traffic,On Roadway,Broadside (front to side),Other (explain in narrative):  Other,None Indicated,,Daylight,Dry,Clear,None apparent,Non-intersection:  Non-junction/no special feature,Paved,,Property Damage Only,0,0,0,0,0,0,4500,2,2,,POINT (-93.730356548087 41.573295431754)
2014828190,14010203,11/14/2014,11-November,6-Friday,21:54,2100 Hours,District 6 (East Central),LAMONT,BUCHANAN,IA 187,IA 187/WASHBURN AVE & Co Rd C64/135TH ST,Collision with:  Vehicle in traffic,On Roadway,"Angle, oncoming left turn",Crossed centerline (undivided),None Indicated,,Dark - roadway not lighted,Dry,Clear,None apparent,Non-intersection:  Alley,Paved,,Property Damage Only,0,0,0,0,0,0,2300,2,4,,POINT (-91.647804495046 42.592866465564)
2014827345,20140033968,11/14/2014,11-November,6-Friday,17:23,1700 Hours,District 1 (Central),DES MOINES,POLK,,ARMY POST RD & FLEUR DR,Collision with:  Vehicle in traffic,On Roadway,Rear-end (front to rear),Followed too close,None Indicated,,Dark - roadway lighted,Dry,Clear,None apparent,Intersection:  Four-way intersection,Paved,,Property Damage Only,0,0,0,0,0,0,3500,2,2,,POINT (-93.644998787691 41.525986169486)
2014828611,14-22269,11/14/2014,11-November,6-Friday,15:46,1500 Hours,District 6 (East Central),BETTENDORF,SCOTT,,MIDDLE RD,Collision with:  Vehicle in traffic,On Roadway,Rear-end (front to rear),Followed too close,None Indicated,,Daylight,Dry,Cloudy,None apparent,Intersection:  Four-way intersection,Paved,,Property Damage Only,0,0,0,0,0,0,5500,2,2,,POINT (-90.519213741399 41.539920683436)
2014827687,2014063834,11/14/2014,11-November,6-Friday,19:30,1900 Hours,District 3 (Northwest),,SIOUX,US 75,US 75,Collision with:  Animal,,,Animal,None Indicated,,,,,,,Paved,,Property Damage Only,0,0,0,0,0,0,3000,1,1,,POINT (-96.175475849908 42.98982374014)
2014831052,,11/14/2014,11-November,6-Friday,07:45,0700 Hours,District 5 (Southeast),,HENRY,,Co Rd J20/SALEM RD,Collision with:  Animal,On Roadway,Non-collision (single vehicle),Animal,None Indicated,,Daylight,Dry,Clear,,Non-intersection:  Non-junction/no special feature,Paved,,Property Damage Only,0,0,0,0,0,0,1500,1,2,,POINT (-91.487475928972 40.836805821617)
2014828784,A14086,11/14/2014,11-November,6-Friday,10:28,1000 Hours,District 5 (Southeast),KNOXVILLE,MARION,IA 14,IA 14/LINCOLN ST & W ROBINSON ST,Collision with:  Vehicle in traffic,On Roadway,Broadside (front to side),FTYROW:  Making left turn,None Indicated,,Daylight,Dry,Clear,None apparent,Intersection:  Four-way intersection,Paved,,Property Damage Only,0,0,0,0,0,0,3000,2,3,,POINT (-93.109527272728 41.317983418321)
2014827315,20140033985,11/14/2014,11-November,6-Friday,20:58,2000 Hours,District 1 (Central),DES MOINES,POLK,,E GRAND AVE & E 23RD ST,Collision with:  Vehicle in traffic,On Roadway,Rear-end (front to rear),Followed too close,None Indicated,,Dark - roadway lighted,Dry,Clear,None apparent,Non-intersection:  Non-junction/no special feature,Paved,,Property Damage Only,0,0,0,0,0,0,5500,2,2,,POINT (-93.575136047576 41.595442801412)
2014827689,2014063838,11/14/2014,11-November,6-Friday,20:35,2000 Hours,District 4 (Southwest),,SHELBY,US 59,US 59,Collision with:  Animal,,Non-collision (single vehicle),Animal,None Indicated,,,,,,,Paved,,Property Damage Only,0,0,0,0,0,0,2000,1,1,,POINT (-95.333896635456 41.629612189128)
2014835373,14-01110,11/14/2014,11-November,6-Friday,17:32,1700 Hours,District 1 (Central),TOLEDO,TAMA,US 63,US 63/S COUNTY ROAD & 2ND AVE,Collision with:  Vehicle in traffic,On Roadway,Broadside (front to side),FTYROW:  From stop sign,None Indicated,,Dark - roadway lighted,Dry,Clear,None apparent,Intersection:  Four-way intersection,Paved,,Property Damage Only,0,0,0,0,0,0,1800,2,4,,POINT (-92.58167409202 41.984861139821)
2014829407,2014063852,11/14/2014,11-November,6-Friday,22:00,2200 Hours,District 1 (Central),DES MOINES,POLK,,E GRAND AVE & E 9TH ST & FINKBINE DR,Collision with:  Vehicle in traffic,On Roadway,Broadside (front to side),Ran Traffic Signal,None Indicated,,Dark - roadway lighted,Dry,Clear,None apparent,Unknown,Paved,,Property Damage Only,0,0,0,0,0,0,4000,2,3,,POINT (-93.605998994918 41.591771438964)
2014827612,201417109,11/14/2014,11-November,6-Friday,13:01,1300 Hours,District 6 (East Central),CEDAR RAPIDS,LINN,,33RD AVE SW & 6TH ST SW,Collision with:  Vehicle in traffic,On Roadway,"Angle, oncoming left turn",FTYROW:  Making left turn,None Indicated,,Daylight,Dry,Clear,None apparent,Intersection:  Four-way intersection,Paved,,Property Damage Only,0,0,0,0,0,0,9000,2,2,,POINT (-91.676233363813 41.943027487181)
2014828520,14-40881,11/14/2014,11-November,6-Friday,17:37,1700 Hours,District 5 (Southeast),WEST BURLINGTON,DES MOINES,,W AGENCY RD & S BROADWAY ST,Collision with:  Vehicle in traffic,On Roadway,"Sideswipe, same direction",FTYROW:  Other (explain in narrative),None Indicated,,Dark - roadway lighted,Dry,Clear,None apparent,Intersection:  Four-way intersection,Paved,,Property Damage Only,0,0,0,0,0,0,4500,2,2,,POINT (-91.156756334922 40.813375360703)
2014827307,20140033969,11/14/2014,11-November,6-Friday,17:22,1700 Hours,District 1 (Central),DES MOINES,POLK,I-235,I-235 & E 6TH ST,Collision with:  Vehicle in traffic,On Roadway,Broadside (front to side),"Operating vehicle in an reckless, erratic, careless, negligent manner",None Indicated,,Dark - roadway lighted,Dry,Cloudy,None apparent,Intersection:  Intersection with ramp,Paved,,Possible/Unknown,0,1,0,0,1,0,6000,2,3,,POINT (-93.610812385783 41.594538213615)
2014828422,,11/14/2014,11-November,6-Friday,06:00,0600 Hours,District 1 (Central),,HARDIN,,Co Rd D65/CO HWY D65,Collision with:  Animal,On Roadway,Non-collision (single vehicle),Animal,None Indicated,,Dark - roadway not lighted,Dry,Cloudy,,Non-intersection:  Non-junction/no special feature,Paved,,Property Damage Only,0,0,0,0,0,0,5000,1,1,,POINT (-93.454113521701 42.238293114359)
2014827811,14-048311,11/14/2014,11-November,6-Friday,22:20,2200 Hours,District 4 (Southwest),COUNCIL BLUFFS,POTTAWATTAMIE,IA 192,IA 192/S EXPRESSWAY/SE RAMP & 19TH AVE,Collision with:  Vehicle in traffic,On Roadway,Broadside (front to side),Ran Traffic Signal,None Indicated,,Dark - roadway lighted,Dry,Clear,None apparent,Intersection:  Four-way intersection,Paved,,Property Damage Only,0,0,0,0,0,0,4000,2,2,,POINT (-95.853784998873 41.243866015561)
2014827809,2014-2801,11/14/2014,11-November,6-Friday,21:35,2100 Hours,District 1 (Central),JEFFERSON,GREENE,,W RUSSELL ST & S OAK ST,Collision with fixed object:  Utility pole/light support,On Roadway,Non-collision (single vehicle),Lost Control,None Indicated,,Dark - roadway lighted,Dry,Clear,None apparent,Non-intersection:  Non-junction/no special feature,Paved,,Property Damage Only,0,0,0,0,0,0,7500,1,1,,POINT (-94.378634536701 42.008056542836)
2014827741,14019381,11/14/2014,11-November,6-Friday,17:13,1700 Hours,District 5 (Southeast),MOUNT PLEASANT,HENRY,,255TH ST,Non-collision events:  Overturn/rollover,On Roadway,Non-collision (single vehicle),Ran off road - right,None Indicated,,Dark - roadway not lighted,Dry,Clear,None apparent,Non-intersection:  Non-junction/no special feature,Unpaved,,Minor Injury,0,1,0,1,0,0,6000,1,1,,POINT (-91.526362120277 40.937586070619)
2014827346,20140033973,11/14/2014,11-November,6-Friday,18:10,1800 Hours,District 1 (Central),DES MOINES,POLK,US 6,US 6/MERLE HAY RD,Collision with:  Vehicle in traffic,On Roadway,"Sideswipe, same direction",Unknown,None Indicated,,Dark - unknown roadway lighting,Dry,Cloudy,None apparent,Non-intersection:  Non-junction/no special feature,Paved,,Property Damage Only,0,0,0,0,0,0,2500,2,3,,POINT (-93.697746446598 41.627117911884)
2014833291,2014-24853,11/14/2014,11-November,6-Friday,20:00,2000 Hours,District 5 (Southeast),INDIANOLA,WARREN,,E KENTUCKY AVE,Collision with:  Parked motor vehicle,On Roadway,Broadside (front to side),Improper Backing,None Indicated,,Dark - roadway lighted,Unknown,Clear,None apparent,Non-intersection:  Non-junction/no special feature,Paved,,Property Damage Only,0,0,0,0,0,0,2038,2,2,,POINT (-93.547799697753 41.371831777189)
2014828563,14-40884,11/14/2014,11-November,6-Friday,17:45,1700 Hours,District 5 (Southeast),BURLINGTON,DES MOINES,US 61,US 61,Collision with:  Vehicle in traffic,On Roadway,Rear-end (front to rear),Other (explain in narrative):  Other,Alcohol (Statutory),,Dark - roadway lighted,Dry,Cloudy,None apparent,Non-intersection:  Non-junction/no special feature,Paved,,Possible/Unknown,0,1,0,0,1,0,3000,2,2,,POINT (-91.141529166028 40.805870694559)
2014829126,SO14002715,11/14/2014,11-November,6-Friday,21:00,2100 Hours,District 3 (Northwest),,PLYMOUTH,,Co Rd C60/C60,Collision with fixed object:  Bridge overhead structure,Roadside,Non-collision (single vehicle),Swerving/Evasive Action,None Indicated,,Dark - roadway not lighted,Dry,Cloudy,None apparent,Non-intersection:  Other non-intersection (explain in narrative),Paved,,Property Damage Only,0,0,0,0,0,0,5000,1,1,,POINT (-96.180574104409 42.633759583707)
2014829406,2014063750,11/14/2014,11-November,6-Friday,13:00,1300 Hours,District 3 (Northwest),MAPLETON,MONONA,IA 141,IA 141/N 4TH ST/S 4TH ST & IA 175/MAIN ST,Collision with:  Vehicle in traffic,On Roadway,Broadside (front to side),Improper Backing,None Indicated,,Daylight,Dry,Clear,None apparent,Intersection:  Four-way intersection,Paved,,Property Damage Only,0,0,0,0,0,0,3500,2,2,,POINT (-95.79327818172 42.165896614492)
2014829061,14009859,11/14/2014,11-November,6-Friday,19:49,1900 Hours,District 6 (East Central),,DELAWARE,,Co Rd X31/245TH AVE,Collision with:  Animal,,,Animal,None Indicated,,,,,,,Paved,,Property Damage Only,0,0,0,0,0,0,2500,1,1,,POINT (-91.315147894965 42.301384790324)
2014827173,03229,11/14/2014,11-November,6-Friday,14:04,1400 Hours,District 6 (East Central),DYERSVILLE,DUBUQUE,IA 136,IA 136/11TH ST NE,Collision with:  Vehicle in traffic,On Roadway,Rear-end (front to rear),Followed too close,None Indicated,,Daylight,Dry,Clear,None apparent,Non-intersection:  Non-junction/no special feature,Paved,,Property Damage Only,0,0,0,0,0,0,7000,2,4,,POINT (-91.109517240312 42.492392877154)
2014827344,20140033953,11/14/2014,11-November,6-Friday,14:57,1400 Hours,District 1 (Central),DES MOINES,POLK,,SW 12TH ST,Collision with:  Vehicle in traffic,On Roadway,"Sideswipe, same direction",Other (explain in narrative):  Other,None Indicated,,Daylight,Dry,Cloudy,None apparent,Non-intersection:  Non-junction/no special feature,Paved,,Property Damage Only,0,0,0,0,0,0,6000,2,2,,POINT (-93.630539660264 41.551503047815)
2014827812,14-5768,11/14/2014,11-November,6-Friday,18:48,1800 Hours,District 4 (Southwest),WEST DES MOINES,DALLAS,,JORDAN CREEK PKWY & E P TRUE PKWY,Collision with:  Vehicle in traffic,On Roadway,"Sideswipe, same direction",FTYROW:  Other (explain in narrative),None Indicated,,Dark - roadway lighted,Dry,Clear,None apparent,Non-intersection:  Non-junction/no special feature,Paved,,Property Damage Only,0,0,0,0,0,0,2200,2,2,,POINT (-93.809235583981 41.573397820411)
2014827169,14-048219,11/14/2014,11-November,6-Friday,08:30,0800 Hours,District 4 (Southwest),COUNCIL BLUFFS,POTTAWATTAMIE,,3RD AVE & S 26TH ST,Collision with:  Vehicle in traffic,On Roadway,Broadside (front to side),Ran Stop Sign,None Indicated,,Daylight,Dry,Clear,None apparent,Intersection:  Four-way intersection,Paved,,Property Damage Only,0,0,0,0,0,0,1500,2,2,,POINT (-95.884359170528 41.258846636411)
2014827171,2014012771,11/14/2014,11-November,6-Friday,11:19,1100 Hours,District 6 (East Central),IOWA CITY,JOHNSON,,RUPPERT RD,Collision with:  Vehicle in traffic,On Roadway,"Sideswipe, opposite direction",Made improper turn,None Indicated,,Daylight,Dry,Clear,None apparent,Intersection:  T-intersection,Paved,,Property Damage Only,0,0,0,0,0,0,1600,2,3,,POINT (-91.549453131534 41.644870013626)
2014834474,14-10809,11/14/2014,11-November,6-Friday,17:15,1700 Hours,District 5 (Southeast),MOUNT PLEASANT,HENRY,,235TH ST,Collision with:  Animal,On Roadway,Non-collision (single vehicle),Animal,None Indicated,,Dusk,Dry,Cloudy,None apparent,Non-intersection:  Non-junction/no special feature,Paved,,Property Damage Only,0,0,0,0,0,0,3000,1,1,,POINT (-91.569304515975 40.966700085129)
2014827886,14-22271,11/14/2014,11-November,6-Friday,16:02,1600 Hours,District 6 (East Central),BETTENDORF,SCOTT,,18TH ST & LEARNING CAMPUS DR,Collision with:  Vehicle in traffic,On Roadway,Broadside (front to side),FTYROW:  Making left turn,None Indicated,,Daylight,Dry,Clear,None apparent,Intersection:  Four-way intersection,Paved,,Property Damage Only,0,0,0,0,0,0,12500,2,3,,POINT (-90.500983608782 41.55167527067)
2014829164,201417102,11/14/2014,11-November,6-Friday,10:25,1000 Hours,District 6 (East Central),CEDAR RAPIDS,LINN,IA 922,IA 922/1ST AVE E & 35TH ST NE & 35TH ST DR SE,Collision with:  Vehicle in traffic,On Roadway,"Angle, oncoming left turn",FTYROW:  Making left turn,None Indicated,,Daylight,Dry,Clear,None apparent,Intersection:  Four-way intersection,Paved,,Property Damage Only,0,0,0,0,0,0,5000,2,5,,POINT (-91.635029241653 42.013425548352)
2014827355,20140033981,11/14/2014,11-November,6-Friday,20:27,2000 Hours,District 1 (Central),DES MOINES,POLK,US 6,US 6/E EUCLID AVE & E 25TH ST,Collision with:  Vehicle in traffic,On Roadway,"Sideswipe, same direction",Unknown,None Indicated,,Dark - roadway lighted,Dry,Clear,None apparent,Non-intersection:  Driveway access (within),Paved,,Property Damage Only,0,0,0,0,0,0,4000,2,3,,POINT (-93.570872945566 41.627718921989)
2014835666,14-1327,11/14/2014,11-November,6-Friday,09:58,0900 Hours,District 1 (Central),PLEASANT HILL,POLK,US 65,US 65/NE RAMP,Non-collision events:  Overturn/rollover,On Roadway,Non-collision (single vehicle),Unknown,None Indicated,,Daylight,Dry,Clear,None apparent,Non-intersection:  Non-junction/no special feature,Paved,,Property Damage Only,0,0,0,0,0,0,10000,1,1,,POINT (-93.511369937083 41.573694294603)
2014827431,14112822,11/14/2014,11-November,6-Friday,17:19,1700 Hours,District 2 (Northeast),CEDAR FALLS,BLACK HAWK,,CENTER ST,Collision with:  Vehicle in traffic,On Roadway,Rear-end (front to rear),Followed too close,None Indicated,,Dark - roadway lighted,Dry,Clear,None apparent,Intersection:  T-intersection,Paved,,Property Damage Only,0,0,0,0,0,0,14000,2,2,,POINT (-92.455134389901 42.552621835056)
2014828479,S14-11823,11/14/2014,11-November,6-Friday,18:12,1800 Hours,District 3 (Northwest),,WOODBURY,US 20,US 20,Collision with:  Vehicle in traffic,On Roadway,Rear-end (front to rear),Ran off road - right,None Indicated,,Dark - roadway not lighted,Dry,Cloudy,None apparent,Non-intersection:  Other non-intersection (explain in narrative),Paved,,Minor Injury,0,1,0,1,0,0,7800,2,2,,POINT (-95.877782026649 42.482244141704)
2014827842,2014063633,11/14/2014,11-November,6-Friday,06:25,0600 Hours,District 6 (East Central),DAVENPORT,SCOTT,I-80,I-80,Non-collision events:  Other non-collision (explain in narrative),On Roadway,Non-collision (single vehicle),Ran off road - left,None Indicated,,Dawn,Dry,Clear,None apparent,Interchange-related:  On-ramp merge area,Paved,,Minor Injury,0,1,0,1,0,0,4500,1,1,,POINT (-90.561895423363 41.594899248955)
2014827649,14-2552,11/14/2014,11-November,6-Friday,17:50,1700 Hours,District 1 (Central),URBANDALE,POLK,,86TH ST,Collision with:  Vehicle in traffic,On Roadway,Rear-end (front to rear),Followed too close,None Indicated,,Dark - roadway lighted,Dry,Cloudy,None apparent,Intersection:  Four-way intersection,Paved,,Minor Injury,0,2,0,1,1,0,12000,2,3,,POINT (-93.736488702395 41.648457350115)
2014827479,14-22211,11/14/2014,11-November,6-Friday,17:25,1700 Hours,District 2 (Northeast),,BREMER,US 63,US 63,Collision with:  Animal,,Non-collision (single vehicle),Animal,None Indicated,,,,,,,Paved,,Property Damage Only,0,0,0,0,0,0,4000,1,1,,POINT (-92.337501243121 42.86653722039)
2014827566,111414-126,11/14/2014,11-November,6-Friday,14:01,1400 Hours,District 3 (Northwest),,BUENA VISTA,,Co Rd C13/440TH ST,Collision with fixed object:  Ditch,On Roadway,Non-collision (single vehicle),Ran off road - left,None Indicated,,Daylight,Dry,Clear,None apparent,Non-intersection:  Non-junction/no special feature,Paved,,Possible/Unknown,0,1,0,0,1,0,25000,1,2,,POINT (-95.19389218182 42.880153696083)
2014827272,14024149,11/14/2014,11-November,6-Friday,10:00,1000 Hours,District 6 (East Central),MARION,LINN,,7TH AVE,Collision with:  Vehicle in traffic,On Roadway,Rear-end (front to rear),Other (explain in narrative):  Other,None Indicated,,Daylight,Dry,Clear,None apparent,Non-intersection:  Non-junction/no special feature,Paved,,Possible/Unknown,0,1,0,0,1,0,4000,2,2,,POINT (-91.597625081942 42.033301916454)
2014828863,14-004920,11/14/2014,11-November,6-Friday,07:24,0700 Hours,District 1 (Central),ANKENY,POLK,,NW STATE ST,Collision with:  Vehicle in traffic,On Roadway,Broadside (front to side),FTYROW:  Making left turn,None Indicated,,Daylight,Dry,Clear,None apparent,Intersection:  Four-way intersection,Paved,,Property Damage Only,0,0,0,0,0,0,6000,2,2,,POINT (-93.621505567624 41.732172973901)