Iowa DOT Case Number,Law Enforcement Case Number,Date of Crash,Month of Crash,Day of Week,Time of Crash,Hour,DOT District,City Name,County Name,Route with System,Location Description,First Harmful Event,Location of First Harmful Event,Manner of Crash/Collision,Major Cause,Drug or Alcohol ,Environmental Conditions,Light Conditions,Surface Conditions,Weather Conditions,Roadway Contribution,Roadway Type,Roadway Surface,Work Zone,Crash Severity,Number of Fatalities,Number of Injuries,Number of Major Injuries,Number of Minor Injuries,Number of Possible Injuries,Number of Unknown Injuries,Amount of Property Damage,Number of Vehicles Involved,Total Number of Occupants,Travel Direction,Location
2014826985,20140033907,11/14/2014,11-November,6-Friday,07:20,0700 Hours,District 1 (Central),DES MOINES,POLK,IA 415,IA 415/2ND AVE & DOUGLAS AVE & E DOUGLAS AVE,Collision with:  Vehicle in traffic,On Roadway,Broadside (front to side),Ran Traffic Signal,None Indicated,,Daylight,Dry,Clear,None apparent,Intersection:  Four-way intersection,Paved,,Property Damage Only,0,0,0,0,0,0,2500,2,2,,POINT (-93.619930579239 41.629545488732)
2014830238,2014063681,11/14/2014,11-November,6-Friday,09:55,0900 Hours,District 5 (Southeast),,MUSCATINE,US 61,US 61,Non-collision events:  Other non-collision (explain in narrative),On Roadway,Non-collision (single vehicle),Lost Control,None Indicated,,Daylight,Dry,Clear,None apparent,Non-intersection:  Non-junction/no special feature,Paved,,Minor Injury,0,1,0,1,0,0,5000,1,1,,POINT (-90.795536582087 41.512795908424)
2014826986,20140033909,11/14/2014,11-November,6-Friday,07:47,0700 Hours,District 1 (Central),DES MOINES,POLK,,SW 9TH ST,Collision with:  Vehicle in traffic,On Roadway,"Sideswipe, same direction",Swerving/Evasive Action,None Indicated,,Daylight,Other (explain in narrative),Clear,"Surface condition (e.g., wet, icy)",Non-intersection:  Other non-intersection (explain in narrative),Paved,,Property Damage Only,0,0,0,0,0,0,2000,2,2,,POINT (-93.624396718941 41.574793390151)
2014827519,2014012774,11/14/2014,11-November,6-Friday,12:01,1200 Hours,District 6 (East Central),IOWA CITY,JOHNSON,,MORMON TREK BLVD,Collision with:  Vehicle in traffic,On Roadway,Rear-end (front to rear),Followed too close,None Indicated,,Daylight,Dry,Clear,None apparent,Intersection:  T-intersection,Paved,,Possible/Unknown,0,1,0,0,1,0,5500,3,4,,POINT (-91.574012587255 41.651239007767)
2014830207,1409686,11/14/2014,11-November,6-Friday,18:00,1800 Hours,District 5 (Southeast),WASHINGTON,WASHINGTON,IA 1,IA 1 & Co Rd G26/190TH ST,Collision with:  Vehicle in traffic,On Roadway,Broadside (front to side),FTYROW:  From parked position,None Indicated,,Dark - roadway not lighted,Dry,Clear,None apparent,Intersection:  Four-way intersection,Paved,,Property Damage Only,0,0,0,0,0,0,8000,2,2,,POINT (-91.715517269635 41.380792718603)
2014828697,14-112677,11/14/2014,11-November,6-Friday,07:50,0700 Hours,District 2 (Northeast),LA PORTE CITY,BLACK HAWK,,MAIN ST,Collision with:  Vehicle in traffic,On Roadway,"Sideswipe, same direction",FTYROW:  From parked position,None Indicated,,Daylight,Dry,Clear,None apparent,Non-intersection:  Non-junction/no special feature,Paved,,Property Damage Only,0,0,0,0,0,0,7000,2,2,,POINT (-92.191421430151 42.31451533964)
2014827644,14-0652,11/14/2014,11-November,6-Friday,13:21,1300 Hours,District 1 (Central),,WEBSTER,,RICH MILL RD,Collision with:  Vehicle in traffic,On Roadway,Broadside (front to side),Swerving/Evasive Action,None Indicated,,Daylight,"Mud, dirt",Clear,None apparent,Non-intersection:  Non-junction/no special feature,Unpaved,,Property Damage Only,0,0,0,0,0,0,4500,2,4,,POINT (-94.233068306883 42.483369279419)
2014829059,1400001010,11/14/2014,11-November,6-Friday,20:31,2000 Hours,District 1 (Central),,MARSHALL,,Co Rd E63/280TH ST & MARSH AVE,Collision with:  Vehicle in traffic,On Roadway,Broadside (front to side),Ran Stop Sign,Under Influence of Alcohol/Drugs/Medications,,Dark - roadway not lighted,Dry,Cloudy,None apparent,Intersection:  Four-way intersection,Paved,,Minor Injury,0,2,0,2,0,0,11000,2,4,,POINT (-92.999734565154 41.949524387335)
2014827164,14-048198,11/14/2014,11-November,6-Friday,01:40,0100 Hours,District 4 (Southwest),COUNCIL BLUFFS,POTTAWATTAMIE,,2ND AVE & S 8TH ST,Collision with fixed object:  Traffic sign support,Median,Non-collision (single vehicle),Lost Control,Alcohol (Statutory),,Dark - roadway lighted,Dry,Clear,None apparent,Non-intersection:  Non-junction/no special feature,Paved,,Property Damage Only,0,0,0,0,0,0,7700,1,1,,POINT (-95.85606001741 41.259651759522)
2014833094,2014-82-AC,11/14/2014,11-November,6-Friday,05:54,0500 Hours,District 3 (Northwest),,DICKINSON,,Co Rd M38/170TH AVE,Non-collision events:  Overturn/rollover,Roadside,Non-collision (single vehicle),Ran off road - right,None Indicated,,Dark - roadway not lighted,"Mud, dirt",Clear,None apparent,Non-intersection:  Non-junction/no special feature,Unpaved,,Minor Injury,0,1,0,1,0,0,2910,1,1,,POINT (-95.249988455128 43.45381361409)
2014828233,20140004200,11/14/2014,11-November,6-Friday,17:16,1700 Hours,District 6 (East Central),,LINN,IA 13,IA 13/IOWA 13 & Co Rd E34/COUNTY HOME RD,Collision with:  Vehicle in traffic,On Roadway,Broadside (front to side),FTYROW:  From stop sign,None Indicated,,Dark - roadway lighted,Dry,Clear,None apparent,Intersection:  Four-way intersection,Paved,,Property Damage Only,0,0,0,0,0,0,7000,2,2,,POINT (-91.55023457043 42.093775501361)
2014828060,20140033947,11/14/2014,11-November,6-Friday,15:02,1500 Hours,District 1 (Central),DES MOINES,POLK,I-235,I-235,Collision with:  Vehicle in traffic,On Roadway,Rear-end (front to rear),Followed too close,None Indicated,,Daylight,Dry,Clear,None apparent,Non-intersection:  Non-junction/no special feature,Paved,,Possible/Unknown,0,1,0,0,1,0,3500,2,3,,POINT (-93.62294307768 41.595779173794)
2014828633,2014-1838,11/14/2014,11-November,6-Friday,08:36,0800 Hours,District 1 (Central),SCRANTON,GREENE,US 30,US 30/220TH & IA 25/E AVE & Co Rd N65,Collision with:  Vehicle in traffic,On Roadway,Broadside (front to side),Ran Stop Sign,None Indicated,,Daylight,Dry,Clear,None apparent,Intersection:  Four-way intersection,Paved,,Possible/Unknown,0,1,0,0,1,0,11000,2,2,,POINT (-94.551832635997 42.034647430483)
2014829661,14010198,11/14/2014,11-November,6-Friday,20:13,2000 Hours,District 6 (East Central),,BUCHANAN,US 20,US 20,Collision with:  Animal,,,Animal,None Indicated,,,,,,,Paved,,Property Damage Only,0,0,0,0,0,0,10000,1,1,,POINT (-91.709970264317 42.460651182929)
2014827784,14-004931,11/14/2014,11-November,6-Friday,17:37,1700 Hours,District 1 (Central),ANKENY,POLK,US 69,US 69/S ANKENY BLVD,Collision with:  Vehicle in traffic,On Roadway,Rear-end (front to rear),Followed too close,None Indicated,,Dark - roadway lighted,Dry,Clear,None apparent,Non-intersection:  Non-junction/no special feature,Paved,,Property Damage Only,0,0,0,0,0,0,2300,2,4,,POINT (-93.600371213067 41.730069613071)
2014827688,2014063837,11/14/2014,11-November,6-Friday,20:30,2000 Hours,District 1 (Central),,WEBSTER,US 20,US 20/SE RAMP CURV/SW RAMP CURV & US 169/LAINSON AVE,Collision with:  Vehicle in traffic,On Roadway,"Sideswipe, same direction",Traveling wrong way or on wrong side of road,None Indicated,,Dark - roadway lighted,Dry,Cloudy,None apparent,Intersection:  Intersection with ramp,Paved,,Property Damage Only,0,0,0,0,0,0,1500,2,2,,POINT (-94.184205680098 42.444007102657)
2014828234,2014004204,11/14/2014,11-November,6-Friday,23:43,2300 Hours,District 6 (East Central),,LINN,US 151,US 151 & VERNON VALLEY DR,Collision with:  Animal,,Non-collision (single vehicle),Animal,None Indicated,,,,,,,Paved,,Property Damage Only,0,0,0,0,0,0,4500,1,1,,POINT (-91.550849644996 41.980069643474)
2014828427,,11/14/2014,11-November,6-Friday,08:51,0800 Hours,District 3 (Northwest),WEST BEND,PALO ALTO,IA 15,IA 15/10 AVE & DIVISION ST E,Collision with:  Vehicle in traffic,On Roadway,Broadside (front to side),FTYROW:  At uncontrolled intersection,None Indicated,,Daylight,Dry,Clear,None apparent,Intersection:  Four-way intersection,Paved,,Property Damage Only,0,0,0,0,0,0,6000,2,3,,POINT (-94.44299252315 42.960585422487)
2014827168,14-048214,11/14/2014,11-November,6-Friday,07:05,0700 Hours,District 4 (Southwest),COUNCIL BLUFFS,POTTAWATTAMIE,,AVE H,Collision with:  Parked motor vehicle,On Roadway,Rear-end (front to rear),Lost Control,None Indicated,,Daylight,Dry,Cloudy,Non-highway work,Non-intersection:  Non-junction/no special feature,Paved,,Property Damage Only,0,0,0,0,0,0,1500,2,777,,POINT (-95.876568311364 41.268966686525)
2014828122,149064PD,11/14/2014,11-November,6-Friday,07:52,0700 Hours,District 1 (Central),BOONE,BOONE,US 30,US 30/220TH ST & S LINN ST,Collision with:  Vehicle in traffic,On Roadway,Broadside (front to side),FTYROW:  From stop sign,None Indicated,,Daylight,Dry,Cloudy,None apparent,Intersection:  Four-way intersection,Paved,,Possible/Unknown,0,2,0,0,2,0,11000,2,2,,POINT (-93.873653978607 42.03462690989)
2014827514,2014-24676,11/14/2014,11-November,6-Friday,15:53,1500 Hours,District 5 (Southeast),,WARREN,US 65,US 65,Collision with:  Vehicle in traffic,On Roadway,"Sideswipe, same direction",Crossed centerline (undivided),None Indicated,,Daylight,Dry,Clear,None apparent,Non-intersection:  Non-junction/no special feature,Paved,,Property Damage Only,0,0,0,0,0,0,3000,2,2,,POINT (-93.558277469248 41.453209560433)
2014827216,W14-112814,11/14/2014,11-November,6-Friday,16:33,1600 Hours,District 2 (Northeast),WATERLOO,BLACK HAWK,,E MITCHELL AVE & N LA PORTE FRONTAGE RD,Collision with:  Vehicle in traffic,On Roadway,Broadside (front to side),FTYROW:  From stop sign,None Indicated,,Dusk,Dry,Clear,None apparent,Intersection:  Four-way intersection,Paved,,Property Damage Only,0,0,0,0,0,0,7000,2,2,,POINT (-92.322955464224 42.47658355673)
2014879854,1411142315,11/14/2014,11-November,6-Friday,23:15,2300 Hours,District 6 (East Central),WYOMING,JONES,IA 64,IA 64/IOWA 64,Collision with:  Animal,On Roadway,Non-collision (single vehicle),Animal,None Indicated,,Dark - roadway not lighted,Dry,Cloudy,None apparent,Non-intersection:  Non-junction/no special feature,Paved,,Property Damage Only,0,0,0,0,0,0,3000,1,1,,POINT (-90.964681164705 42.074191391261)
2014827596,C14003630,11/14/2014,11-November,6-Friday,22:28,2200 Hours,District 6 (East Central),CORALVILLE,JOHNSON,US 6,US 6/2ND ST & 2ND AVE,Collision with:  Vehicle in traffic,On Roadway,Rear-end (front to rear),Other (explain in narrative):  Other,None Indicated,,Dark - roadway lighted,Dry,Clear,None apparent,Non-intersection:  Non-junction/no special feature,Paved,,Possible/Unknown,0,1,0,0,1,0,6500,3,5,,POINT (-91.567432971167 41.669603246653)
2014828277,14-11616,11/14/2014,11-November,6-Friday,15:29,1500 Hours,District 3 (Northwest),CARROLL,CARROLL,,2ND ST & MAIN ST,Collision with:  Vehicle in traffic,On Roadway,Broadside (front to side),Ran Stop Sign,None Indicated,,Daylight,Dry,Clear,None apparent,Intersection:  Four-way intersection,Paved,,Property Damage Only,0,0,0,0,0,0,8000,2,2,,POINT (-94.869064555141 42.061584147584)
2014828396,2014063850,11/14/2014,11-November,6-Friday,21:40,2100 Hours,District 5 (Southeast),,HENRY,US 218,US 218,Collision with:  Animal,,Non-collision (single vehicle),Animal,None Indicated,,,,,,,Paved,,Property Damage Only,0,0,0,0,0,0,4500,1,1,,POINT (-91.553234079367 40.900444343093)
2014846365,,11/14/2014,11-November,6-Friday,10:46,1000 Hours,District 6 (East Central),DUBUQUE,DUBUQUE,US 20,US 20/DODGE ST,Collision with:  Vehicle in traffic,On Roadway,"Sideswipe, same direction",FTYROW:  Making left turn,None Indicated,,Daylight,Dry,Clear,None apparent,Non-intersection:  Driveway access (within),Paved,,Property Damage Only,0,0,0,0,0,0,7000,2,2,,POINT (-90.708909288486 42.49217779027)
2014827813,14-048295,11/14/2014,11-November,6-Friday,20:00,2000 Hours,District 4 (Southwest),COUNCIL BLUFFS,POTTAWATTAMIE,,9TH AVE & S 16TH ST,Collision with:  Vehicle in traffic,On Roadway,Broadside (front to side),Ran Stop Sign,None Indicated,,Dark - roadway lighted,Dry,Clear,None apparent,Intersection:  Four-way intersection,Paved,,Property Damage Only,0,0,0,0,0,0,2000,2,3,,POINT (-95.867544862636 41.253448885658)
2014827755,2014-79126,11/14/2014,11-November,6-Friday,15:18,1500 Hours,District 6 (East Central),DAVENPORT,SCOTT,,E LOCUST ST & DAVENPORT AVE,Collision with:  Vehicle in traffic,On Roadway,Rear-end (front to rear),Followed too close,None Indicated,,Daylight,Dry,Clear,None apparent,Non-intersection:  Non-junction/no special feature,Paved,,Property Damage Only,0,0,0,0,0,0,4000,2,3,,POINT (-90.563725032905 41.538270024144)
2014827079,14-048228,11/14/2014,11-November,6-Friday,09:33,0900 Hours,District 4 (Southwest),COUNCIL BLUFFS,POTTAWATTAMIE,IA 192,IA 192/S 7TH ST & WILLOW AVE,Collision with:  Vehicle in traffic,On Roadway,"Sideswipe, same direction",Crossed centerline (undivided),None Indicated,,Daylight,Dry,Clear,None apparent,Intersection:  Four-way intersection,Paved,,Possible/Unknown,0,2,0,0,2,0,9000,2,6,,POINT (-95.854406409459 41.258954280435)
2014828516,14-040846,11/14/2014,11-November,6-Friday,11:49,1100 Hours,District 5 (Southeast),WEST BURLINGTON,DES MOINES,,W HUSTON ST & S GEAR AVE,Collision with:  Vehicle in traffic,On Roadway,"Sideswipe, same direction",FTYROW:  Other (explain in narrative),None Indicated,,Daylight,Dry,Cloudy,None apparent,Non-intersection:  Non-junction/no special feature,Paved,,Property Damage Only,0,0,0,0,0,0,3000,2,2,,POINT (-91.169632852769 40.823696230243)
2014831692,14-008331,11/14/2014,11-November,6-Friday,18:15,1800 Hours,District 3 (Northwest),,PALO ALTO,US 18,US 18/370 ST,Collision with:  Animal,,,Animal,None Indicated,,,,,,,Paved,,Property Damage Only,0,0,0,0,0,0,2500,1,1,,POINT (-94.553622679983 43.112011557303)
2014827901,14-35253,11/14/2014,11-November,6-Friday,21:58,2100 Hours,District 5 (Southeast),FORT MADISON,LEE,,BUS US 61,Collision with:  Animal,,,Animal,None Indicated,,,,,,,Paved,,Property Damage Only,0,0,0,0,0,0,1500,1,1,,POINT (-91.272553680343 40.661031267018)
2014828193,14112730,11/14/2014,11-November,6-Friday,11:27,1100 Hours,District 2 (Northeast),CEDAR FALLS,BLACK HAWK,,4TH ST & WALNUT ST,Collision with:  Vehicle in traffic,On Roadway,Broadside (front to side),FTYROW:  From stop sign,None Indicated,,Daylight,Dry,Clear,None apparent,Intersection:  Four-way intersection,Paved,,Possible/Unknown,0,1,0,0,1,0,10000,2,5,,POINT (-92.453350661094 42.535088101871)
2014827791,14112716,11/14/2014,11-November,6-Friday,10:19,1000 Hours,District 2 (Northeast),CEDAR FALLS,BLACK HAWK,IA 27,IA 27,Collision with:  Vehicle in traffic,On Roadway,"Sideswipe, same direction",Improper or erratic lane changing,None Indicated,,Daylight,Dry,Clear,None apparent,Non-intersection:  Non-junction/no special feature,Paved,,Property Damage Only,0,0,0,0,0,0,1750,2,5,,POINT (-92.444461312671 42.464970895067)
2014828267,14-40803,11/14/2014,11-November,6-Friday,00:09,0000 Hours,District 5 (Southeast),BURLINGTON,DES MOINES,,BROOKS ST,Collision with fixed object:  Utility pole/light support,Roadside,Non-collision (single vehicle),Lost Control,None Indicated,,Dark - roadway lighted,Ice/frost,Cloudy,"Surface condition (e.g., wet, icy)",Non-intersection:  Non-junction/no special feature,Paved,,Property Damage Only,0,0,0,0,0,0,2000,1,1,,POINT (-91.110407741937 40.82058825071)
2014828240,201404199,11/14/2014,11-November,6-Friday,15:40,1500 Hours,District 6 (East Central),,LINN,US 30,US 30,Collision with:  Animal,,Non-collision (single vehicle),Animal,None Indicated,,,,,,,Paved,,Property Damage Only,0,0,0,0,0,0,3000,1,1,,POINT (-91.513178406472 41.925531337092)
2014827648,14-2551,11/14/2014,11-November,6-Friday,17:25,1700 Hours,District 1 (Central),URBANDALE,POLK,I-35,I-35,Collision with:  Vehicle in traffic,On Roadway,Rear-end (front to rear),Ran off road - right,None Indicated,,Dark - roadway lighted,Dry,Clear,None apparent,Non-intersection:  Non-junction/no special feature,Paved,,Major Injury,0,2,1,1,0,0,19000,3,3,,POINT (-93.777009206871 41.642714237648)
2014827243,1411148281,11/14/2014,11-November,6-Friday,22:45,2200 Hours,District 6 (East Central),,CLINTON,,245 ST,Collision with fixed object:  Ditch,Outside trafficway,Non-collision (single vehicle),Swerving/Evasive Action,None Indicated,,Dark - roadway not lighted,Dry,Cloudy,None apparent,Non-intersection:  Non-junction/no special feature,Paved,,Minor Injury,0,1,0,1,0,0,13000,1,1,,POINT (-90.498154699709 41.82253687939)
2014827271,14024195,11/14/2014,11-November,6-Friday,20:15,2000 Hours,District 6 (East Central),MARION,LINN,,CONNECTION AVE,Collision with:  Animal,On Roadway,Non-collision (single vehicle),Animal,None Indicated,,Dark - roadway not lighted,Dry,Clear,None apparent,Non-intersection:  Non-junction/no special feature,Paved,,Property Damage Only,0,0,0,0,0,0,2500,1,3,,POINT (-91.593036994188 42.067676856889)
2014829125,SO14002707,11/14/2014,11-November,6-Friday,11:20,1100 Hours,District 3 (Northwest),,PLYMOUTH,IA 3,IA 3/IOWA 3,Collision with:  Animal,,Non-collision (single vehicle),Animal,None Indicated,,,,,,,Paved,,Property Damage Only,0,0,0,0,0,0,3500,1,1,,POINT (-96.05292773259 42.808177031918)
2014827451,14112859,11/14/2014,11-November,6-Friday,19:35,1900 Hours,District 2 (Northeast),CEDAR FALLS,BLACK HAWK,US 218,US 218,Collision with:  Animal,On Roadway,Non-collision (single vehicle),Animal,None Indicated,,Dark - roadway lighted,Dry,Cloudy,None apparent,Non-intersection:  Non-junction/no special feature,Paved,,Property Damage Only,0,0,0,0,0,0,10000,1,4,,POINT (-92.424258027029 42.551129001011)
2014827513,2014-24650,11/14/2014,11-November,6-Friday,08:05,0800 Hours,District 5 (Southeast),INDIANOLA,WARREN,IA 92,IA 92/W 2ND AVE,Collision with:  Vehicle in traffic,On Roadway,Rear-end (front to rear),Swerving/Evasive Action,None Indicated,,Daylight,Wet,Clear,None apparent,Non-intersection:  Driveway access (within),Paved,,Property Damage Only,0,0,0,0,0,0,5000,2,3,,POINT (-93.595727739437 41.356244683527)
2014827367,14-005378,11/14/2014,11-November,6-Friday,18:33,1800 Hours,District 1 (Central),AMES,STORY,US 30,US 30,Collision with:  Vehicle in traffic,On Roadway,Rear-end (front to rear),Followed too close,None Indicated,,Dark - roadway not lighted,Dry,Clear,None apparent,Non-intersection:  Non-junction/no special feature,Paved,,Minor Injury,0,1,0,1,0,0,5000,2,3,,POINT (-93.579312317735 42.007128523271)
2014828143,14016016,11/14/2014,11-November,6-Friday,04:55,0400 Hours,District 5 (Southeast),,APPANOOSE,,Co Rd T30/HWY T30,Collision with:  Animal,On Roadway,Non-collision (single vehicle),Animal,None Indicated,,Dark - roadway not lighted,Dry,Cloudy,None apparent,Non-intersection:  Non-junction/no special feature,Paved,,Property Damage Only,0,0,0,0,0,0,5000,1,1,,POINT (-92.856543798614 40.652668261801)
2014827516,2014-24711,11/14/2014,11-November,6-Friday,23:52,2300 Hours,District 5 (Southeast),,WARREN,US 65,US 65,Collision with:  Animal,,,Animal,None Indicated,,,,,,,Paved,,Property Damage Only,0,0,0,0,0,0,2000,1,1,,POINT (-93.500295822737 41.273981409783)
2014827565,C14003625,11/14/2014,11-November,6-Friday,17:13,1700 Hours,District 6 (East Central),CORALVILLE,JOHNSON,,CORAL RIDGE AVE,Collision with:  Vehicle in traffic,On Roadway,Rear-end (front to rear),Other (explain in narrative):  Other,None Indicated,,Dark - roadway not lighted,Dry,Clear,None apparent,Non-intersection:  Non-junction/no special feature,Paved,,Property Damage Only,0,0,0,0,0,0,3700,2,2,,POINT (-91.608448956485 41.698325716486)
2014829779,,11/14/2014,11-November,6-Friday,14:30,1400 Hours,District 6 (East Central),DE WITT,CLINTON,,11TH ST & MAYNARD WAY,Collision with:  Vehicle in traffic,On Roadway,Head-on (front to front),FTYROW:  Making left turn,None Indicated,,Daylight,Dry,Clear,None apparent,Intersection:  Four-way intersection,Paved,,Minor Injury,0,4,0,1,3,0,6000,2,5,,POINT (-90.552116761988 41.825735578191)
2014829045,14-017941,11/14/2014,11-November,6-Friday,12:09,1200 Hours,District 2 (Northeast),,FLOYD,,Co Rd T64/SHADOW AVE,Collision with:  Vehicle in traffic,On Roadway,"Angle, oncoming left turn",FTYROW:  From driveway,None Indicated,,Daylight,Dry,Clear,None apparent,Non-intersection:  Driveway access (within),Paved,,Property Damage Only,0,0,0,0,0,0,3000,2,2,,POINT (-92.672508480549 43.127602149468)
2014827783,14-004930,11/14/2014,11-November,6-Friday,17:32,1700 Hours,District 1 (Central),ANKENY,POLK,US 69,US 69/S ANKENY BLVD & SW 2ND ST,Collision with:  Vehicle in traffic,On Roadway,Rear-end (front to rear),Other (explain in narrative):  Other,None Indicated,,Dark - roadway lighted,Dry,Clear,Non-highway work,Non-intersection:  Non-junction/no special feature,Paved,,Property Damage Only,0,0,0,0,0,0,1500,2,3,,POINT (-93.600401047061 41.730690942175)
2014829989,2014063803,11/14/2014,11-November,6-Friday,16:31,1600 Hours,District 4 (Southwest),,HARRISON,I-29,I-29,Non-collision events:  Overturn/rollover,Median,Non-collision (single vehicle),Ran off road - left,None Indicated,,Daylight,Dry,Clear,None apparent,Non-intersection:  Non-junction/no special feature,Paved,,Possible/Unknown,0,1,0,0,1,0,8000,1,1,,POINT (-96.051378716611 41.797022936996)
2014827700,GP20140932,11/14/2014,11-November,6-Friday,15:12,1500 Hours,District 1 (Central),GRINNELL,POWESHIEK,IA 146,IA 146/WEST ST,Collision with:  Vehicle in traffic,On Roadway,Rear-end (front to rear),Other (explain in narrative):  Other,None Indicated,,Daylight,Dry,Clear,None apparent,Non-intersection:  Non-junction/no special feature,Paved,,Possible/Unknown,0,1,0,0,1,0,4500,3,7,,POINT (-92.727378813398 41.744329837901)
2014832999,,11/14/2014,11-November,6-Friday,16:17,1600 Hours,District 2 (Northeast),VENTURA,CERRO GORDO,US 18,US 18/HWY 18 W/HWY 18 E & N MAIN ST,Collision with fixed object:  Utility pole/light support,On Roadway,Non-collision (single vehicle),Other (explain in narrative):  Other,None Indicated,,Daylight,Dry,Clear,None apparent,Intersection:  Four-way intersection,Paved,,Property Damage Only,0,0,0,0,0,0,2000,1,1,,POINT (-93.477705350308 43.129712051142)
2014829215,,11/14/2014,11-November,6-Friday,00:00,0000 Hours,District 4 (Southwest),,MADISON,,Co Rd P53/PITZER RD,Collision with:  Animal,On Roadway,Non-collision (single vehicle),Animal,None Indicated,,,,,,,Paved,,Property Damage Only,0,0,0,0,0,0,2000,1,1,,POINT (-94.184602356702 41.373010141326)
2014827163,2014012770,11/14/2014,11-November,6-Friday,11:13,1100 Hours,District 6 (East Central),IOWA CITY,JOHNSON,US 6,US 6/RIVERSIDE DR/S RIVERSIDE DR,Collision with:  Vehicle in traffic,On Roadway,Broadside (front to side),FTYROW:  From driveway,None Indicated,,Daylight,Dry,Clear,None apparent,Non-intersection:  Driveway access (within),Paved,,Possible/Unknown,0,1,0,0,1,0,11500,2,3,,POINT (-91.540226418694 41.650931902836)
2014827611,201417108,11/14/2014,11-November,6-Friday,12:45,1200 Hours,District 6 (East Central),CEDAR RAPIDS,LINN,,MILLER AVE SW & KIRKWOOD BLVD SW,Collision with:  Vehicle in traffic,On Roadway,Rear-end (front to rear),Followed too close,None Indicated,,Daylight,Dry,Clear,None apparent,Intersection:  Four-way intersection,Paved,,Minor Injury,0,1,0,1,0,0,8000,3,3,,POINT (-91.656717665488 41.924481560935)
2014827249,3501,11/14/2014,11-November,6-Friday,18:10,1800 Hours,District 3 (Northwest),,CRAWFORD,,Co Rd E16/D AVE,Collision with:  Animal,On Roadway,Non-collision (single vehicle),Animal,None Indicated,,Dark - roadway not lighted,Dry,Clear,None apparent,Non-intersection:  Non-junction/no special feature,Paved,,Property Damage Only,0,0,0,0,0,0,3500,1,1,,POINT (-95.40411999016 42.167612110336)
2014827756,2014-79159,11/14/2014,11-November,6-Friday,17:27,1700 Hours,District 6 (East Central),DAVENPORT,SCOTT,,UTICA RIDGE RD,Collision with:  Vehicle in traffic,On Roadway,"Angle, oncoming left turn",FTYROW:  Making left turn,None Indicated,,Dark - roadway lighted,Dry,Cloudy,None apparent,Intersection:  Four-way intersection,Paved,,Property Damage Only,0,0,0,0,0,0,8000,2,2,,POINT (-90.513693221155 41.57385433355)
2014828141,14-004932,11/14/2014,11-November,6-Friday,18:05,1800 Hours,District 1 (Central),ANKENY,POLK,,NE 36TH ST & NE DELAWARE AVE,Collision with:  Vehicle in traffic,On Roadway,Rear-end (front to rear),Other (explain in narrative):  Other,None Indicated,,Dark - unknown roadway lighting,Dry,Clear,None apparent,Non-intersection:  Non-junction/no special feature,Paved,,Property Damage Only,0,0,0,0,0,0,5000,2,2,,POINT (-93.581085665813 41.76084665093)
2014827931,14007225,11/14/2014,11-November,6-Friday,17:31,1700 Hours,District 2 (Northeast),,CERRO GORDO,US 65,US 65 & Co Rd B65/120TH ST,Collision with:  Animal,,,Animal,None Indicated,,,,,,,Paved,,Property Damage Only,0,0,0,0,0,0,4000,1,1,,POINT (-93.2026069423 42.93708373227)
2014829094,2014063801,11/14/2014,11-November,6-Friday,17:00,1700 Hours,District 1 (Central),,POLK,I-35,I-35,Collision with:  Vehicle in traffic,On Roadway,Rear-end (front to rear),Swerving/Evasive Action,None Indicated,,Daylight,Dry,Clear,Other (explain in narrative),Non-intersection:  Non-junction/no special feature,Paved,,Possible/Unknown,0,1,0,0,1,0,3000,2,2,,POINT (-93.687479145927 41.651670237125)
2014828467,14-005380,11/14/2014,11-November,6-Friday,17:32,1700 Hours,District 1 (Central),AMES,STORY,US 30,US 30,Collision with:  Vehicle in traffic,On Roadway,Rear-end (front to rear),Followed too close,None Indicated,,Dark - roadway not lighted,Dry,Cloudy,None apparent,Non-intersection:  Non-junction/no special feature,Paved,,Property Damage Only,0,0,0,0,0,0,4100,3,6,,POINT (-93.599683028101 42.005681925072)
2014827174,2014012778,11/14/2014,11-November,6-Friday,14:41,1400 Hours,District 6 (East Central),IOWA CITY,JOHNSON,IA 1,IA 1/E BURLINGTON ST & S CAPITOL ST,Collision with:  Vehicle in traffic,On Roadway,Rear-end (front to rear),"Operating vehicle in an reckless, erratic, careless, negligent manner",None Indicated,,Daylight,Dry,Clear,None apparent,Intersection:  T-intersection,Paved,,Property Damage Only,0,0,0,0,0,0,6000,2,2,,POINT (-91.53615422566 41.657878435885)
2014828160,14-001352,11/14/2014,11-November,6-Friday,17:54,1700 Hours,District 1 (Central),,STORY,I-35,I-35,Collision with:  Animal,,,Animal,None Indicated,,,,,,,Paved,,Property Damage Only,0,0,0,0,0,0,8000,1,1,,POINT (-93.570731888574 42.208663847369)
2014827884,CL14004039,11/14/2014,11-November,6-Friday,17:10,1700 Hours,District 6 (East Central),CLINTON,CLINTON,IA 136,IA 136/MAIN AVE,Collision with:  Vehicle in traffic,On Roadway,Rear-end (front to rear),Other (explain in narrative):  Other,None Indicated,,Dark - roadway not lighted,Dry,Clear,None apparent,Non-intersection:  Non-junction/no special feature,Paved,,Possible/Unknown,0,1,0,0,1,0,7500,3,3,,POINT (-90.20158023135 41.873812745984)