Iowa DOT Case Number,Law Enforcement Case Number,Date of Crash,Month of Crash,Day of Week,Time of Crash,Hour,DOT District,City Name,County Name,Route with System,Location Description,First Harmful Event,Location of First Harmful Event,Manner of Crash/Collision,Major Cause,Drug or Alcohol ,Environmental Conditions,Light Conditions,Surface Conditions,Weather Conditions,Roadway Contribution,Roadway Type,Roadway Surface,Work Zone,Crash Severity,Number of Fatalities,Number of Injuries,Number of Major Injuries,Number of Minor Injuries,Number of Possible Injuries,Number of Unknown Injuries,Amount of Property Damage,Number of Vehicles Involved,Total Number of Occupants,Travel Direction,Location
2014828851,2014063809,11/14/2014,11-November,6-Friday,17:45,1700 Hours,District 4 (Southwest),,MONTGOMERY,IA 48,IA 48/IOWA 48,Collision with:  Animal,,,Animal,None Indicated,,,,,,,Paved,,Property Damage Only,0,0,0,0,0,0,1500,1,1,,POINT (-95.232925966259 40.948284267449)
2014828466,14-005376,11/14/2014,11-November,6-Friday,17:32,1700 Hours,District 1 (Central),AMES,STORY,US 30,US 30,Collision with:  Vehicle in traffic,On Roadway,Rear-end (front to rear),Followed too close,None Indicated,,Dark - roadway not lighted,Dry,Cloudy,None apparent,Non-intersection:  Non-junction/no special feature,Paved,,Property Damage Only,0,0,0,0,0,0,9500,2,3,,POINT (-93.600612221333 42.005614021375)
2014827938,14-002597,11/14/2014,11-November,6-Friday,11:35,1100 Hours,District 1 (Central),ALTOONA,POLK,US 6,US 6/FREDERICK M HUBBELL AVE & 34TH AVE SW & 34TH AVE NW,Collision with:  Vehicle in traffic,On Roadway,Rear-end (front to rear),Followed too close,None Indicated,,Daylight,Dry,Clear,None apparent,Non-intersection:  Non-junction/no special feature,Paved,,Property Damage Only,0,0,0,0,0,0,1600,2,3,,POINT (-93.503113628453 41.655066031256)
2014828276,14-11614,11/14/2014,11-November,6-Friday,14:48,1400 Hours,District 3 (Northwest),CARROLL,CARROLL,US 30,US 30/6TH ST,Collision with:  Vehicle in traffic,On Roadway,Rear-end (front to rear),Followed too close,None Indicated,,Daylight,Dry,Clear,None apparent,Non-intersection:  Non-junction/no special feature,Paved,,Property Damage Only,0,0,0,0,0,0,2000,2,2,,POINT (-94.864862111354 42.065002790984)
2014828105,2014063806,11/14/2014,11-November,6-Friday,17:50,1700 Hours,District 6 (East Central),,CLINTON,US 61,US 61,Collision with:  Animal,,,Animal,None Indicated,,,,,,,Paved,,Property Damage Only,0,0,0,0,0,0,4000,1,1,,POINT (-90.568100195682 41.848482253128)
2014827228,W14-112848,11/14/2014,11-November,6-Friday,18:35,1800 Hours,District 2 (Northeast),WATERLOO,BLACK HAWK,,E SAN MARNAN DR & LA PORTE RD,Collision with:  Vehicle in traffic,On Roadway,Rear-end (front to rear),Followed too close,None Indicated,,Dark - roadway lighted,Dry,Clear,None apparent,Intersection:  Four-way intersection,Paved,,Property Damage Only,0,0,0,0,0,0,3500,2,2,,POINT (-92.320901849908 42.467358405763)
2014827175,C14003616,11/14/2014,11-November,6-Friday,08:00,0800 Hours,District 6 (East Central),CORALVILLE,JOHNSON,,12TH AVE,Collision with:  Vehicle in traffic,On Roadway,Rear-end (front to rear),Followed too close,None Indicated,,Daylight,Dry,Cloudy,None apparent,Intersection:  Four-way intersection,Paved,,Property Damage Only,0,0,0,0,0,0,2000,2,2,,POINT (-91.582925328392 41.69495145137)
2014834214,14-017309,11/14/2014,11-November,6-Friday,19:00,1900 Hours,District 3 (Northwest),FOSTORIA,CLAY,,310TH ST,Non-collision events:  Overturn/rollover,On Roadway,Non-collision (single vehicle),Crossed centerline (undivided),None Indicated,,Dark - roadway not lighted,"Mud, dirt",Unknown,None apparent,Non-intersection:  Non-junction/no special feature,Unpaved,,Property Damage Only,0,0,0,0,0,0,1500,1,1,,POINT (-95.205772688756 43.198470694078)
2014827368,14-005379,11/14/2014,11-November,6-Friday,18:28,1800 Hours,District 1 (Central),AMES,STORY,,SE 16TH ST,Collision with:  Vehicle in traffic,On Roadway,Rear-end (front to rear),Followed too close,None Indicated,,Dark - roadway not lighted,Dry,Clear,None apparent,Non-intersection:  Other non-intersection (explain in narrative),Unpaved,,Property Damage Only,0,0,0,0,0,0,3000,2,2,,POINT (-93.595203009607 42.008281131451)
2014829442,14-40926,11/14/2014,11-November,6-Friday,23:40,2300 Hours,District 5 (Southeast),BURLINGTON,DES MOINES,,SUMMER ST,Collision with:  Vehicle in traffic,On Roadway,"Sideswipe, same direction",Unknown,None Indicated,,Dark - roadway lighted,Dry,Clear,None apparent,Non-intersection:  Non-junction/no special feature,Paved,,Property Damage Only,0,0,0,0,0,0,5750,3,1,,POINT (-91.113821631161 40.802628504347)
2014827341,20140033984,11/14/2014,11-November,6-Friday,21:11,2100 Hours,District 1 (Central),DES MOINES,POLK,,E 29TH ST,Collision with:  Parked motor vehicle,Roadside,Rear-end (front to rear),"Operating vehicle in an reckless, erratic, careless, negligent manner",Refused,,Dark - roadway lighted,Dry,Cloudy,None apparent,Non-intersection:  Non-junction/no special feature,Paved,,Property Damage Only,0,0,0,0,0,0,5500,3,777,,POINT (-93.560900254354 41.590703261158)
2014827500,14047510,11/14/2014,11-November,6-Friday,08:22,0800 Hours,District 5 (Southeast),MUSCATINE,MUSCATINE,IA 22,IA 22/PARK AVE & LAKE PARK BLVD,Collision with:  Vehicle in traffic,On Roadway,"Angle, oncoming left turn",Ran Traffic Signal,None Indicated,,Daylight,Dry,Cloudy,None apparent,Intersection:  Four-way intersection,Paved,,Property Damage Only,0,0,0,0,0,0,4000,2,3,,POINT (-91.030319961002 41.447390633071)
2014827690,2014063840,11/14/2014,11-November,6-Friday,20:50,2000 Hours,District 2 (Northeast),,CERRO GORDO,I-35,I-35,Collision with:  Animal,On Roadway,Non-collision (single vehicle),Animal,None Indicated,,Dark - roadway not lighted,Dry,Clear,None apparent,Non-intersection:  Other non-intersection (explain in narrative),Paved,,Property Damage Only,0,0,0,0,0,0,5000,1,3,,POINT (-93.354978131358 43.188689984802)
2014827564,14-5764,11/14/2014,11-November,6-Friday,17:15,1700 Hours,District 1 (Central),WEST DES MOINES,POLK,I-235,I-235,Collision with:  Vehicle in traffic,On Roadway,Rear-end (front to rear),Followed too close,None Indicated,,Dark - roadway lighted,Dry,Cloudy,None apparent,"Interchange-related:  Off-ramp, diverge area",Paved,,Property Damage Only,0,0,0,0,0,0,1800,2,3,,POINT (-93.758874198948 41.592251105737)
2014827629,SO14-1429,11/14/2014,11-November,6-Friday,20:30,2000 Hours,District 2 (Northeast),,HUMBOLDT,,210TH ST,Collision with fixed object:  Ditch,On Roadway,Non-collision (single vehicle),Ran Stop Sign,None Indicated,,Dark - roadway lighted,Dry,Clear,None apparent,Intersection:  Other intersection (explain in narrative),Unpaved,,Property Damage Only,0,0,0,0,0,0,7000,1,1,,POINT (-93.973602971508 42.746137780046)
2014827686,2014063812,11/14/2014,11-November,6-Friday,17:30,1700 Hours,District 2 (Northeast),,FRANKLIN,I-35,I-35,Collision with:  Animal,On Roadway,Non-collision (single vehicle),Animal,None Indicated,,Dark - roadway not lighted,Dry,Clear,None apparent,Non-intersection:  Non-junction/no special feature,Paved,,Property Damage Only,0,0,0,0,0,0,10000,1,1,,POINT (-93.34974155528 42.828557542632)
2014828571,201404197,11/14/2014,11-November,6-Friday,13:05,1300 Hours,District 6 (East Central),,LINN,US 30,US 30/SPECIAL CASE,Collision with fixed object:  Guardrail - face,On Roadway,Non-collision (single vehicle),Ran off road - right,None Indicated,,Daylight,Dry,Clear,None apparent,Interchange-related:  On-ramp,Paved,,Minor Injury,0,1,0,1,0,0,34382,1,1,,POINT (-91.539707597196 41.92461996159)
2014828177,14-027970,11/14/2014,11-November,6-Friday,08:26,0800 Hours,District 5 (Southeast),,MARION,IA 163,IA 163/IOWA 163,Collision with fixed object:  Ditch,,Non-collision (single vehicle),Crossed centerline (undivided),None Indicated,,,,,,,Paved,,Property Damage Only,0,0,0,0,0,0,2500,1,1,,POINT (-93.000526671544 41.437053561388)
2014831994,14-010003,11/14/2014,11-November,6-Friday,11:25,1100 Hours,District 4 (Southwest),ATLANTIC,CASS,,9TH ST & POPLAR ST,Collision with:  Vehicle in traffic,On Roadway,Broadside (front to side),FTYROW:  From stop sign,None Indicated,,Daylight,Dry,Clear,None apparent,Intersection:  Four-way intersection,Paved,,Property Damage Only,0,0,0,0,0,0,12700,2,2,,POINT (-95.014459274428 41.401994892996)
2014831857,1411141741,11/14/2014,11-November,6-Friday,17:41,1700 Hours,District 6 (East Central),,JONES,,Co Rd E34/CO RD E-34 & WAPSIPINICON,Collision with:  Animal,,,Animal,None Indicated,,,,,,,Paved,,Property Damage Only,0,0,0,0,0,0,3500,1,1,,POINT (-91.294013205404 42.100221436782)
2014827095,14-048212,11/14/2014,11-November,6-Friday,07:07,0700 Hours,District 4 (Southwest),COUNCIL BLUFFS,POTTAWATTAMIE,I-80,I-80,Collision with:  Animal,On Roadway,Non-collision (single vehicle),Animal,None Indicated,,Daylight,Dry,Cloudy,None apparent,Non-intersection:  Non-junction/no special feature,Paved,,Property Damage Only,0,0,0,0,0,0,1500,1,1,,POINT (-95.825249519867 41.239049364266)
2014830624,S14-K1404,11/14/2014,11-November,6-Friday,19:54,1900 Hours,District 5 (Southeast),,CLARKE,I-35,I-35,Collision with:  Animal,,,Animal,None Indicated,,,,,,,Paved,,Property Damage Only,0,0,0,0,0,0,5000,1,1,,POINT (-93.797327458117 40.967199765622)
2014834058,14-3009,11/14/2014,11-November,6-Friday,07:40,0700 Hours,District 2 (Northeast),WEST UNION,FAYETTE,,STATE ST,Collision with:  Parked motor vehicle,On Roadway,Rear-end (front to rear),Other (explain in narrative):  Vision obstructed,None Indicated,,Daylight,Dry,Clear,None apparent,Non-intersection:  Non-junction/no special feature,Paved,,Property Damage Only,0,0,0,0,0,0,5500,2,1,,POINT (-91.812092216335 42.96490408991)
2014827365,14-005375,11/14/2014,11-November,6-Friday,17:40,1700 Hours,District 1 (Central),AMES,STORY,,S 16TH ST & BUCKEYE AVE,Collision with:  Vehicle in traffic,On Roadway,"Angle, oncoming left turn",FTYROW:  From stop sign,None Indicated,,Dark - roadway lighted,Dry,Clear,None apparent,Intersection:  T-intersection,Paved,,Property Damage Only,0,0,0,0,0,0,3600,3,3,,POINT (-93.611518713573 42.008357489593)
2014828423,,11/14/2014,11-November,6-Friday,19:00,1900 Hours,District 3 (Northwest),,CLAY,US 18,US 18,Collision with:  Animal,On Roadway,Non-collision (single vehicle),Animal,None Indicated,,Dark - roadway not lighted,Dry,Clear,,Non-intersection:  Non-junction/no special feature,Paved,,Property Damage Only,0,0,0,0,0,0,3000,1,2,,POINT (-94.992256244865 43.126950306138)
2014827291,14-7562,11/14/2014,11-November,6-Friday,13:01,1300 Hours,District 1 (Central),ALLEMAN,POLK,US 69,US 69/NE 14TH ST & NE 142TH AVE,Collision with:  Vehicle in traffic,On Roadway,Broadside (front to side),FTYROW:  From stop sign,None Indicated,,Daylight,Dry,Clear,None apparent,Intersection:  Four-way intersection,Paved,,Property Damage Only,0,0,0,0,0,0,4800,2,3,,POINT (-93.6002736238 41.820247856979)
2014827275,14024197,11/14/2014,11-November,6-Friday,21:20,2100 Hours,District 6 (East Central),MARION,LINN,,7TH AVE,Collision with:  Vehicle in traffic,On Roadway,Rear-end (front to rear),Other (explain in narrative):  Other,None Indicated,,Dark - roadway lighted,Dry,Cloudy,None apparent,Non-intersection:  Non-junction/no special feature,Paved,,Property Damage Only,0,0,0,0,0,0,7000,2,3,,POINT (-91.605984828972 42.033304699966)
2014827215,W14-112775,11/14/2014,11-November,6-Friday,13:54,1300 Hours,District 2 (Northeast),WATERLOO,BLACK HAWK,,E SAN MARNAN DR,Collision with:  Vehicle in traffic,On Roadway,Rear-end (front to rear),Other (explain in narrative):  Other,None Indicated,,Daylight,Dry,Clear,None apparent,Intersection:  Four-way intersection,Paved,,Property Damage Only,0,0,0,0,0,0,1700,2,2,,POINT (-92.32014256131 42.467831214913)
2014829701,146696,11/14/2014,11-November,6-Friday,15:33,1500 Hours,District 1 (Central),,HARDIN,,Co Rd S56/CO HWY S56 & 120TH ST,Collision with fixed object:  Utility pole/light support,On Roadway,Non-collision (single vehicle),Swerving/Evasive Action,None Indicated,,Daylight,Dry,Clear,None apparent,Non-intersection:  Non-junction/no special feature,Paved,,Property Damage Only,0,0,0,0,0,0,3500,1,1,,POINT (-93.046330024318 42.528988777111)
2014827739,14-5940,11/14/2014,11-November,6-Friday,11:35,1100 Hours,District 6 (East Central),HIAWATHA,LINN,,BLAIRS FERRY RD,Collision with:  Vehicle in traffic,On Roadway,Broadside (front to side),FTYROW:  From stop sign,None Indicated,,Daylight,Dry,Clear,None apparent,Intersection:  T-intersection,Paved,,Property Damage Only,0,0,0,0,0,0,13500,2,3,,POINT (-91.707225820663 42.034850087282)
2014827785,14-004936,11/14/2014,11-November,6-Friday,20:15,2000 Hours,District 1 (Central),ANKENY,POLK,US 69,US 69/S ANKENY BLVD & SE MAGAZINE RD & SW MAGAZINE RD,Collision with:  Vehicle in traffic,On Roadway,Rear-end (front to rear),Followed too close,None Indicated,,Dark - roadway lighted,Dry,Clear,None apparent,Intersection:  Four-way intersection,Paved,,Property Damage Only,0,0,0,0,0,0,2000,2,2,,POINT (-93.600457277847 41.717360222518)
2014828631,14-1394,11/14/2014,11-November,6-Friday,18:01,1800 Hours,District 1 (Central),CLIVE,POLK,,NW 137TH ST,Collision with:  Parked motor vehicle,On Roadway,Broadside (front to side),Unknown,None Indicated,,Dark - roadway lighted,Dry,Clear,None apparent,Non-intersection:  Non-junction/no special feature,Paved,,Property Damage Only,0,0,0,0,0,0,2500,2,1,,POINT (-93.806963174175 41.613423772544)
2014827238,17288-14,11/14/2014,11-November,6-Friday,21:21,2100 Hours,District 3 (Northwest),SPENCER,CLAY,US 18,US 18/N GRAND AVE & W 8TH ST & E 8TH ST,Collision with:  Vehicle in traffic,On Roadway,Broadside (front to side),Ran Traffic Signal,None Indicated,,Dark - roadway lighted,Dry,Clear,None apparent,Intersection:  Four-way intersection,Paved,,Property Damage Only,0,0,0,0,0,0,3000,2,2,,POINT (-95.144971172761 43.145735967983)
2014827086,14-5749,11/14/2014,11-November,6-Friday,08:00,0800 Hours,District 1 (Central),WEST DES MOINES,POLK,,BEECHTREE DR & 56TH PL,Collision with:  Vehicle in traffic,On Roadway,"Sideswipe, same direction",Lost Control,None Indicated,,Daylight,Dry,Clear,None apparent,Non-intersection:  Non-junction/no special feature,Paved,,Property Damage Only,0,0,0,0,0,0,5000,2,2,,POINT (-93.784840204559 41.571585342776)
2014828878,14110347,11/14/2014,11-November,6-Friday,17:18,1700 Hours,District 5 (Southeast),,WAPELLO,IA 149,IA 149/IOWA 149,Collision with:  Animal,,,Animal,None Indicated,,,,,,,Paved,,Property Damage Only,0,0,0,0,0,0,1600,1,1,,POINT (-92.410034172777 41.105433789447)
2014832055,,11/14/2014,11-November,6-Friday,22:44,2200 Hours,District 2 (Northeast),,WINNESHIEK,,Co Rd B32/CO RD B32,Collision with fixed object:  Ditch,On Roadway,Non-collision (single vehicle),Driving too fast for conditions,None Indicated,,Dark - roadway not lighted,Dry,Cloudy,None apparent,Intersection:  T-intersection,Paved,,Property Damage Only,0,0,0,0,0,0,2000,1,2,,POINT (-91.803887456652 43.145672379575)
2014827262,14172971,11/14/2014,11-November,6-Friday,19:12,1900 Hours,District 6 (East Central),NORTH LIBERTY,JOHNSON,I-380,I-380,Collision with:  Vehicle in traffic,On Roadway,"Sideswipe, same direction",Swerving/Evasive Action,None Indicated,,Dark - roadway not lighted,Dry,Clear,None apparent,Non-intersection:  Non-junction/no special feature,Paved,,Property Damage Only,0,0,0,0,0,0,10000,2,3,,POINT (-91.642286398232 41.762480650679)
2014827429,14-37685,11/14/2014,11-November,6-Friday,04:00,0400 Hours,District 3 (Northwest),SIOUX CITY,WOODBURY,I-29,I-29 & LEECH AVE & I-29 TO DACE AVE RAMP,Collision with:  Parked motor vehicle,Outside trafficway,"Sideswipe, opposite direction",Unknown,None Indicated,,Dark - roadway lighted,Dry,Clear,Work Zone (roadway-related),Non-intersection:  Non-junction/no special feature,Paved,Yes,Property Damage Only,0,0,0,0,0,0,8000,2,1,,POINT (-96.394630721226 42.487672454291)
2014828426,,11/14/2014,11-November,6-Friday,17:54,1700 Hours,District 5 (Southeast),,LUCAS,US 34,US 34,Collision with:  Animal,On Roadway,Non-collision (single vehicle),Animal,None Indicated,,Dark - roadway not lighted,Dry,Clear,None apparent,Non-intersection:  Non-junction/no special feature,Paved,,Property Damage Only,0,0,0,0,0,0,4000,1,1,,POINT (-93.369728942612 41.014468227026)
2014826982,20140033916,11/14/2014,11-November,6-Friday,09:16,0900 Hours,District 1 (Central),DES MOINES,POLK,,GRAND AVE & 9TH ST,Collision with:  Vehicle in traffic,On Roadway,Broadside (front to side),Ran Traffic Signal,None Indicated,,Daylight,Dry,Clear,None apparent,Intersection:  Four-way intersection,Paved,,Possible/Unknown,0,1,0,0,0,1,5000,2,3,,POINT (-93.628988989566 41.586964192472)
2014826984,20140033931,11/14/2014,11-November,6-Friday,12:12,1200 Hours,District 1 (Central),DES MOINES,POLK,,COTTAGE GROVE AVE & 31ST ST,Collision with:  Vehicle in traffic,On Roadway,Broadside (front to side),FTYROW:  Making left turn,None Indicated,,Daylight,Dry,Clear,None apparent,Intersection:  Four-way intersection,Paved,,Property Damage Only,0,0,0,0,0,0,15000,2,2,,POINT (-93.659363850818 41.598512418809)
2014828706,,11/14/2014,11-November,6-Friday,07:30,0700 Hours,District 6 (East Central),CEDAR RAPIDS,LINN,,1ST AVE W,Collision with:  Parked motor vehicle,On Roadway,Rear-end (front to rear),Unknown,None Indicated,,Dawn,Dry,Clear,,Non-intersection:  Non-junction/no special feature,Paved,,Property Damage Only,0,0,0,0,0,0,2000,2,4,,POINT (-91.748921896027 41.971141366862)
2014827170,14-048222,11/14/2014,11-November,6-Friday,08:45,0800 Hours,District 4 (Southwest),COUNCIL BLUFFS,POTTAWATTAMIE,,5TH AVE & S 28TH ST,Collision with:  Vehicle in traffic,On Roadway,Broadside (front to side),FTYROW:  From stop sign,None Indicated,,Daylight,Dry,Cloudy,None apparent,Intersection:  Four-way intersection,Paved,,Property Damage Only,0,0,0,0,0,0,7000,2,4,,POINT (-95.889074831763 41.257251266846)
2014827936,261402051,11/14/2014,11-November,6-Friday,08:00,0800 Hours,District 5 (Southeast),BLOOMFIELD,DAVIS,US 63,US 63,Collision with:  Vehicle in traffic,On Roadway,Rear-end (front to rear),Lost Control,None Indicated,,Daylight,Dry,Clear,None apparent,Non-intersection:  Non-junction/no special feature,Paved,,Property Damage Only,0,0,0,0,0,0,7000,2,6,,POINT (-92.407827833902 40.762576590371)
2014828705,,11/14/2014,11-November,6-Friday,20:00,2000 Hours,District 4 (Southwest),,MONTGOMERY,US 34,US 34,Collision with:  Animal,On Roadway,Non-collision (single vehicle),Animal,None Indicated,,Dark - roadway not lighted,Dry,Clear,,Non-intersection:  Non-junction/no special feature,Paved,,Property Damage Only,0,0,0,0,0,0,4000,1,2,,POINT (-95.241985688643 41.026021380624)
2014828742,20140033963,11/14/2014,11-November,6-Friday,17:04,1700 Hours,District 1 (Central),DES MOINES,POLK,,MULBERRY ST & 9TH ST & 8TH ST,Collision with:  Vehicle in traffic,On Roadway,Rear-end (front to rear),Followed too close,None Indicated,,Daylight,Dry,Clear,None apparent,Intersection:  Four-way intersection,Paved,,Property Damage Only,0,0,0,0,0,0,3000,2,2,,POINT (-93.627990459823 41.584204423889)
2014827501,148804,11/14/2014,11-November,6-Friday,18:26,1800 Hours,District 4 (Southwest),,DALLAS,IA 141,IA 141/IOWA 141,Collision with:  Animal,,,Animal,None Indicated,,,,,,,Paved,,Property Damage Only,0,0,0,0,0,0,4500,1,1,,POINT (-93.845183577019 41.768970894707)
2014827799,14-004921,11/14/2014,11-November,6-Friday,08:40,0800 Hours,District 1 (Central),ANKENY,POLK,I-35,I-35,Collision with:  Animal,,,Animal,None Indicated,,,,,,,Paved,,Property Damage Only,0,0,0,0,0,0,3000,1,1,,POINT (-93.577888274188 41.741011334477)
2014827257,14-8308,11/14/2014,11-November,6-Friday,14:44,1400 Hours,District 3 (Northwest),BATTLE CREEK,IDA,,4TH ST & CENTER ST,Collision with:  Vehicle in traffic,On Roadway,Broadside (front to side),FTYROW:  At uncontrolled intersection,None Indicated,,Daylight,Dry,Clear,None apparent,Intersection:  Four-way intersection,Paved,,Possible/Unknown,0,1,0,0,1,0,4500,2,3,,POINT (-95.60390218521 42.31741211955)
2014827889,2014-22268,11/14/2014,11-November,6-Friday,15:41,1500 Hours,District 6 (East Central),BETTENDORF,SCOTT,,SPRUCE HILLS DR & 18TH ST,Collision with:  Vehicle in traffic,On Roadway,Rear-end (front to rear),Lost Control,None Indicated,,Daylight,Dry,Cloudy,None apparent,Non-intersection:  Non-junction/no special feature,Paved,,Property Damage Only,0,0,0,0,0,0,10000,2,2,,POINT (-90.50340192354 41.549899547643)
2014828204,14-009860,11/14/2014,11-November,6-Friday,20:49,2000 Hours,District 6 (East Central),,DELAWARE,IA 38,IA 38/IOWA 38,Collision with fixed object:  Ditch,On Roadway,Non-collision (single vehicle),Exceeded authorized speed,Alcohol (Statutory),,Dark - roadway not lighted,Dry,Clear,None apparent,Non-intersection:  Non-junction/no special feature,Paved,,Minor Injury,0,1,0,1,0,0,5000,1,1,,POINT (-91.345131090978 42.465320242579)
2014830252,AC-14-0058,11/14/2014,11-November,6-Friday,22:39,2200 Hours,District 6 (East Central),MONTICELLO,JONES,US 151,US 151,Collision with:  Vehicle in traffic,On Roadway,Rear-end (front to rear),Followed too close,None Indicated,,Dark - roadway not lighted,Dry,Clear,None apparent,Non-intersection:  Non-junction/no special feature,Paved,,Property Damage Only,0,0,0,0,0,0,12500,2,3,,POINT (-91.16724944917 42.241208536945)
2014828797,14019950,11/14/2014,11-November,6-Friday,18:41,1800 Hours,District 2 (Northeast),MASON CITY,CERRO GORDO,IA 122,IA 122/4TH ST SW,Collision with:  Other non-fixed object (explain in narrative),,,Unknown,None Indicated,,,,,,,Paved,,Property Damage Only,0,0,0,0,0,0,2000,1,1,,POINT (-93.2416248379 43.148346783398)
2014835668,14-1330,11/14/2014,11-November,6-Friday,22:20,2200 Hours,District 1 (Central),PLEASANT HILL,POLK,IA 163,IA 163/E UNIVERSITY AVE & NE 56TH ST,Collision with:  Vehicle in traffic,On Roadway,Rear-end (front to rear),Followed too close,None Indicated,,Dark - roadway lighted,Dry,Clear,None apparent,Intersection:  Four-way intersection,Paved,,Property Damage Only,0,0,0,0,0,0,8000,2,4,,POINT (-93.503229881972 41.598995620266)
2014832812,2014-79032,11/14/2014,11-November,6-Friday,00:37,0000 Hours,District 6 (East Central),DAVENPORT,SCOTT,I-80,I-80,Collision with:  Vehicle in traffic,On Roadway,Rear-end (front to rear),Followed too close,None Indicated,,Dark - roadway not lighted,Dry,Clear,None apparent,Non-intersection:  Non-junction/no special feature,Paved,,Possible/Unknown,0,3,0,0,3,0,130000,2,3,,POINT (-90.656884221256 41.602765683977)
2014827701,GP20140934,11/14/2014,11-November,6-Friday,21:30,2100 Hours,District 1 (Central),GRINNELL,POWESHIEK,,WASHINGTON AVE,Collision with:  Vehicle in traffic,On Roadway,"Sideswipe, same direction",Other (explain in narrative):  Other,None Indicated,,Dark - roadway not lighted,Dry,Clear,None apparent,Non-intersection:  Non-junction/no special feature,Paved,,Property Damage Only,0,0,0,0,0,0,2500,2,1,,POINT (-92.731394479539 41.735971731385)
2014828106,2014063808,11/14/2014,11-November,6-Friday,17:30,1700 Hours,District 1 (Central),ELLSWORTH,HAMILTON,I-35,I-35,Collision with:  Vehicle in traffic,On Roadway,Rear-end (front to rear),Followed too close,None Indicated,,Dark - roadway not lighted,Dry,Cloudy,Work Zone (roadway-related),Non-intersection:  Non-junction/no special feature,Paved,Yes,Property Damage Only,0,0,0,0,0,0,7200,2,2,,POINT (-93.569927394169 42.334637517796)
2014836355,,11/14/2014,11-November,6-Friday,12:15,1200 Hours,District 2 (Northeast),DECORAH,WINNESHIEK,,PERSHING AVE,Collision with:  Parked motor vehicle,On Roadway,"Sideswipe, same direction",Other (explain in narrative):  Other,None Indicated,,Daylight,Dry,Cloudy,None apparent,Non-intersection:  Non-junction/no special feature,Paved,,Property Damage Only,0,0,0,0,0,0,9000,2,1,,POINT (-91.777370570041 43.301703039508)
2014827660,14009837,11/14/2014,11-November,6-Friday,07:38,0700 Hours,District 6 (East Central),,DELAWARE,,Co Rd D22/210TH ST,Collision with fixed object:  Utility pole/light support,Outside trafficway,Non-collision (single vehicle),Ran off road - left,None Indicated,,Daylight,Dry,Clear,None apparent,Non-intersection:  Non-junction/no special feature,Paved,,Property Damage Only,0,0,0,0,0,0,8000,1,1,,POINT (-91.381639670797 42.484420217331)
2014827136,201417093,11/14/2014,11-November,6-Friday,07:50,0700 Hours,District 6 (East Central),CEDAR RAPIDS,LINN,I-380,I-380 & BLAIRS FERRY RD NE,Collision with:  Vehicle in traffic,On Roadway,Rear-end (front to rear),Lost Control,None Indicated,,Daylight,Dry,Clear,None apparent,Interchange-related:  Off-ramp,Paved,,Property Damage Only,0,0,0,0,0,0,2500,2,2,,POINT (-91.675273565159 42.034755891485)
2014828129,2014-13814,11/14/2014,11-November,6-Friday,17:29,1700 Hours,District 6 (East Central),LUXEMBURG,DUBUQUE,US 52,US 52 & SPODEN RD,Collision with:  Animal,,,Animal,None Indicated,,,,,,,Paved,,Property Damage Only,0,0,0,0,0,0,4500,1,1,,POINT (-91.07436661613 42.634821263753)
2014829767,,11/14/2014,11-November,6-Friday,20:30,2000 Hours,District 4 (Southwest),PANORA,GUTHRIE,IA 4,IA 4/NE 3RD ST,Collision with:  Animal,On Roadway,Non-collision (single vehicle),Animal,None Indicated,,Dark - roadway not lighted,Dry,Clear,None apparent,Non-intersection:  Non-junction/no special feature,Paved,,Property Damage Only,0,0,0,0,0,0,4000,1,3,,POINT (-94.362455512191 41.69829611149)
2014827157,14-048211,11/14/2014,11-November,6-Friday,06:18,0600 Hours,District 4 (Southwest),COUNCIL BLUFFS,POTTAWATTAMIE,I-80,I-80,Non-collision events:  Other non-collision (explain in narrative),On Roadway,Non-collision (single vehicle),Animal,None Indicated,,Daylight,Dry,Clear,None apparent,Non-intersection:  Non-junction/no special feature,Paved,,Property Damage Only,0,0,0,0,0,0,2500,1,1,,POINT (-95.782283151369 41.28372355484)
2014827843,2014063796,11/14/2014,11-November,6-Friday,15:30,1500 Hours,District 5 (Southeast),RIVERSIDE,WASHINGTON,IA 22,IA 22,Collision with:  Vehicle in traffic,On Roadway,Rear-end (front to rear),Swerving/Evasive Action,None Indicated,,Daylight,Dry,Clear,None apparent,Non-intersection:  Driveway access (within),Paved,,Major Injury,0,1,1,0,0,0,13000,2,2,,POINT (-91.554735053781 41.486206147494)
2014827754,2014-79122,11/14/2014,11-November,6-Friday,14:48,1400 Hours,District 6 (East Central),DAVENPORT,SCOTT,US 6,US 6/E KIMBERLY RD,Collision with:  Vehicle in traffic,On Roadway,Rear-end (front to rear),Followed too close,None Indicated,,Daylight,Dry,Cloudy,None apparent,Non-intersection:  Non-junction/no special feature,Paved,,Property Damage Only,0,0,0,0,0,0,9000,3,4,,POINT (-90.548998307416 41.556843271413)
2014828238,201404194,11/14/2014,11-November,6-Friday,03:35,0300 Hours,District 6 (East Central),,LINN,US 30,US 30,Collision with:  Animal,,,Animal,None Indicated,,,,,,,Paved,,Property Damage Only,0,0,0,0,0,0,5000,1,1,,POINT (-91.516058684672 41.925622644078)