Iowa DOT Case Number,Law Enforcement Case Number,Date of Crash,Month of Crash,Day of Week,Time of Crash,Hour,DOT District,City Name,County Name,Route with System,Location Description,First Harmful Event,Location of First Harmful Event,Manner of Crash/Collision,Major Cause,Drug or Alcohol ,Environmental Conditions,Light Conditions,Surface Conditions,Weather Conditions,Roadway Contribution,Roadway Type,Roadway Surface,Work Zone,Crash Severity,Number of Fatalities,Number of Injuries,Number of Major Injuries,Number of Minor Injuries,Number of Possible Injuries,Number of Unknown Injuries,Amount of Property Damage,Number of Vehicles Involved,Total Number of Occupants,Travel Direction,Location
2014829935,14-008764,11/15/2014,11-November,7-Saturday,15:35,1500 Hours,District 4 (Southwest),PERRY,DALLAS,IA 144,IA 144/1ST AVE & PARK ST,Non-collision events:  Other non-collision (explain in narrative),On Roadway,Broadside (front to side),Ran Stop Sign,None Indicated,,Daylight,Snow,Snow,"Surface condition (e.g., wet, icy)",Intersection:  Four-way intersection,Paved,,Property Damage Only,0,0,0,0,0,0,7000,2,3,,POINT (-94.106559083546 41.849396848588)
2014862018,14009263,11/15/2014,11-November,7-Saturday,19:15,1900 Hours,District 5 (Southeast),,LOUISA,IA 92,IA 92/IOWA 92,Collision with:  Vehicle in traffic,On Roadway,"Sideswipe, same direction",Driving too fast for conditions,None Indicated,,Dark - roadway not lighted,Ice/frost,Snow,"Surface condition (e.g., wet, icy)",Non-intersection:  Non-junction/no special feature,Paved,,Property Damage Only,0,0,0,0,0,0,13100,2,7,,POINT (-91.286452494571 41.277348056171)
2014828620,14-016285,11/15/2014,11-November,7-Saturday,22:30,2200 Hours,District 2 (Northeast),,FAYETTE,,Co Rd W51/CEDAR RD,Collision with fixed object:  Ditch,On Roadway,Non-collision (single vehicle),Ran off road - left,None Indicated,,Dark - roadway not lighted,Snow,Snow,"Surface condition (e.g., wet, icy)",Non-intersection:  Non-junction/no special feature,Paved,,Property Damage Only,0,0,0,0,0,0,10000,1,2,,POINT (-91.653336032072 42.860569742926)
2014828281,14-11671,11/15/2014,11-November,7-Saturday,23:41,2300 Hours,District 3 (Northwest),CARROLL,CARROLL,,GRIFFITH RD,Collision with:  Vehicle in traffic,On Roadway,"Sideswipe, opposite direction",Other (explain in narrative):  No improper action,Alcohol (Statutory),,Dark - roadway lighted,Snow,Snow,None apparent,Non-intersection:  Non-junction/no special feature,Paved,,Property Damage Only,0,0,0,0,0,0,3000,2,2,,POINT (-94.84248470094 42.069408070209)
2014829347,14-37840,11/15/2014,11-November,7-Saturday,16:56,1600 Hours,District 3 (Northwest),SIOUX CITY,WOODBURY,,JEFFERSON ST,Collision with:  Parked motor vehicle,On Roadway,"Sideswipe, same direction",Lost Control,None Indicated,,Daylight,Snow,Snow,None apparent,Non-intersection:  Non-junction/no special feature,Paved,,Property Damage Only,0,0,0,0,0,0,1700,2,1,,POINT (-96.367530151743 42.536466800478)
2014834765,1-14-000435,11/15/2014,11-November,7-Saturday,12:20,1200 Hours,District 4 (Southwest),,SHELBY,IA 173,IA 173/IOWA 173,Collision with fixed object:  Ditch,On Roadway,Non-collision (single vehicle),Ran off road - left,None Indicated,,Daylight,Snow,Snow,None apparent,Non-intersection:  Non-junction/no special feature,Paved,,Major Injury,0,1,1,0,0,0,5000,1,1,,POINT (-95.060149595401 41.550751945421)
2014827449,14-41017,11/15/2014,11-November,7-Saturday,21:15,2100 Hours,District 5 (Southeast),BURLINGTON,DES MOINES,,SPRUCE ST & SUMMER ST,Collision with:  Vehicle in traffic,On Roadway,Rear-end (front to rear),Other (explain in narrative):  No improper action,None Indicated,,Dark - roadway lighted,Ice/frost,Cloudy,"Surface condition (e.g., wet, icy)",Intersection:  T-intersection,Paved,,Property Damage Only,0,0,0,0,0,0,6250,2,2,,POINT (-91.114441103003 40.799170618462)
2014828224,14112063,11/15/2014,11-November,7-Saturday,06:54,0600 Hours,District 4 (Southwest),CLARINDA,PAGE,IA 2,IA 2/IOWA 2 & S 22ND ST,Collision with:  Animal,On Roadway,Non-collision (single vehicle),Animal,None Indicated,,Dawn,Dry,Cloudy,None apparent,Non-intersection:  Non-junction/no special feature,Paved,,Property Damage Only,0,0,0,0,0,0,6000,1,1,,POINT (-95.045592766328 40.726957663947)
2014828400,2014064045,11/15/2014,11-November,7-Saturday,16:59,1600 Hours,District 5 (Southeast),,WASHINGTON,IA 92,IA 92/IOWA 92 & COUNTY LINE RD,Collision with:  Vehicle in traffic,On Roadway,Head-on (front to front),Crossed centerline (undivided),None Indicated,,Dark - roadway not lighted,Snow,Snow,"Surface condition (e.g., wet, icy)",Non-intersection:  Non-junction/no special feature,Paved,,Possible/Unknown,0,1,0,0,1,0,14000,2,2,,POINT (-91.484909113669 41.293237306719)
2014829769,,11/15/2014,11-November,7-Saturday,16:00,1600 Hours,District 5 (Southeast),CHARITON,LUCAS,,ASHLAND AVE,Non-collision events:  Other non-collision (explain in narrative),On Roadway,Head-on (front to front),Other (explain in narrative):  No improper action,None Indicated,,Daylight,Snow,Snow,"Surface condition (e.g., wet, icy)",Non-intersection:  Non-junction/no special feature,Paved,,Property Damage Only,0,0,0,0,0,0,4000,2,1,,POINT (-93.31199339741 41.02304360362)
2014827639,14-014980,11/15/2014,11-November,7-Saturday,18:40,1800 Hours,District 4 (Southwest),GLENWOOD,MILLS,,S LOCUST ST & COOLIDGE ST,Collision with:  Vehicle in traffic,On Roadway,Broadside (front to side),Ran Stop Sign,None Indicated,,Dark - roadway lighted,Snow,Snow,"Surface condition (e.g., wet, icy)",Intersection:  Four-way intersection,Paved,,Property Damage Only,0,0,0,0,0,0,5000,2,3,,POINT (-95.744674014144 41.045150977464)
2014827597,14-048438,11/15/2014,11-November,7-Saturday,20:33,2000 Hours,District 4 (Southwest),COUNCIL BLUFFS,POTTAWATTAMIE,,GLEASON AVE & MCPHERSON AVE,Collision with:  Vehicle in traffic,On Roadway,Rear-end (front to rear),Lost Control,None Indicated,,Dark - roadway lighted,Snow,Cloudy,"Surface condition (e.g., wet, icy)",Intersection:  T-intersection,Paved,,Property Damage Only,0,0,0,0,0,0,7500,2,2,,POINT (-95.816219904543 41.261048237645)
2014828245,SO14-1435,11/15/2014,11-November,7-Saturday,15:30,1500 Hours,District 2 (Northeast),,WRIGHT,,Co Rd R65/BELMOND RD,Collision with fixed object:  Ditch,On Roadway,Non-collision (single vehicle),Crossed centerline (undivided),None Indicated,,Daylight,Ice/frost,Snow,"Surface condition (e.g., wet, icy)",Non-intersection:  Non-junction/no special feature,Paved,,Possible/Unknown,0,1,0,0,0,1,1500,1,1,,POINT (-93.591461141543 42.831004129189)
2014827638,14-014944,11/15/2014,11-November,7-Saturday,03:22,0300 Hours,District 4 (Southwest),,MILLS,,221ST ST,Non-collision events:  Overturn/rollover,On Roadway,Non-collision (single vehicle),Crossed centerline (undivided),Drug/Alcohol (Statutory),,Dark - roadway not lighted,Dry,Clear,None apparent,Non-intersection:  Non-junction/no special feature,Paved,,Major Injury,0,1,1,0,0,0,8000,1,1,,POINT (-95.767748775214 41.015525015648)
2014829107,2014064157,11/15/2014,11-November,7-Saturday,15:10,1500 Hours,District 1 (Central),,POLK,I-35,I-35,Collision with fixed object:  Guardrail - face,Median,Non-collision (single vehicle),Swerving/Evasive Action,None Indicated,,Daylight,Ice/frost,Snow,"Surface condition (e.g., wet, icy)",Non-intersection:  Non-junction/no special feature,Paved,,Property Damage Only,0,0,0,0,0,0,6000,1,1,,POINT (-93.570984317684 41.830412848165)
2014828039,14-8328,11/15/2014,11-November,7-Saturday,16:05,1600 Hours,District 3 (Northwest),,IDA,,Co Rd M31/QUAIL AVE,Collision with fixed object:  Ditch,On Roadway,Non-collision (single vehicle),Swerving/Evasive Action,None Indicated,,Daylight,Snow,Snow,"Surface condition (e.g., wet, icy)",Non-intersection:  Non-junction/no special feature,Paved,,Property Damage Only,0,0,0,0,0,0,1500,1,1,,POINT (-95.34248920153 42.286473472543)
2014829410,2014063916,11/15/2014,11-November,7-Saturday,10:50,1000 Hours,District 4 (Southwest),WALNUT,POTTAWATTAMIE,I-80,I-80,Non-collision events:  Other non-collision (explain in narrative),On Roadway,Non-collision (single vehicle),Ran off road - right,None Indicated,,Daylight,Snow,Snow,"Surface condition (e.g., wet, icy)",Interchange-related:  Off-ramp,Paved,,Minor Injury,0,1,0,1,0,0,15000,1,1,,POINT (-95.226268829335 41.497325637394)
2014827681,2014-5665,11/15/2014,11-November,7-Saturday,18:58,1800 Hours,District 4 (Southwest),WAUKEE,DALLAS,,UTE AVE,Collision with:  Vehicle in traffic,On Roadway,"Sideswipe, opposite direction",Crossed centerline (undivided),None Indicated,,Dark - roadway not lighted,Snow,Snow,"Surface condition (e.g., wet, icy)",Non-intersection:  Non-junction/no special feature,Paved,,Property Damage Only,0,0,0,0,0,0,2500,2,6,,POINT (-93.884413392021 41.547488759912)
2014827432,2014012836,11/15/2014,11-November,7-Saturday,19:00,1900 Hours,District 6 (East Central),IOWA CITY,JOHNSON,,RUPPERT RD,Collision with:  Vehicle in traffic,On Roadway,Rear-end (front to rear),Driving too fast for conditions,None Indicated,,Dark - roadway lighted,Snow,Snow,"Surface condition (e.g., wet, icy)",Non-intersection:  Driveway access (within),Paved,,Property Damage Only,0,0,0,0,0,0,3800,2,6,,POINT (-91.549746777123 41.645161940229)
2014827668,2014-039687,11/15/2014,11-November,7-Saturday,17:31,1700 Hours,District 6 (East Central),DUBUQUE,DUBUQUE,,PENNSYLVANIA AVE & JOHN F KENNEDY RD,Collision with:  Vehicle in traffic,On Roadway,Broadside (front to side),Ran Traffic Signal,None Indicated,,Dark - roadway lighted,Snow,Snow,"Surface condition (e.g., wet, icy)",Intersection:  Four-way intersection,Paved,,Possible/Unknown,0,1,0,0,0,1,16000,3,8,,POINT (-90.721239708592 42.500438416698)
2014827223,W14-113164,11/15/2014,11-November,7-Saturday,15:08,1500 Hours,District 2 (Northeast),WATERLOO,BLACK HAWK,,SEARS ST,Collision with:  Vehicle in traffic,On Roadway,Broadside (front to side),Other (explain in narrative):  Other,None Indicated,,Daylight,Snow,Snow,"Surface condition (e.g., wet, icy)",Intersection:  Four-way intersection,Paved,,Property Damage Only,0,0,0,0,0,0,5500,2,2,,POINT (-92.325737152007 42.466783559608)
2014829163,14014956,11/15/2014,11-November,7-Saturday,12:21,1200 Hours,District 4 (Southwest),HASTINGS,MILLS,US 34,US 34,Collision with:  Vehicle in traffic,On Roadway,"Sideswipe, opposite direction",Crossed centerline (undivided),None Indicated,,Daylight,Wet,Cloudy,"Shoulders (none, low, soft, high)",Non-intersection:  Non-junction/no special feature,Paved,,Property Damage Only,0,0,0,0,0,0,16200,2,4,,POINT (-95.490578446122 41.030849682925)
2014827276,14024253,11/15/2014,11-November,7-Saturday,15:54,1500 Hours,District 6 (East Central),MARION,LINN,,3RD AVE & 31ST ST,Collision with:  Vehicle in traffic,On Roadway,Broadside (front to side),FTYROW:  From stop sign,None Indicated,,Daylight,Snow,Snow,"Surface condition (e.g., wet, icy)",Intersection:  T-intersection,Paved,,Possible/Unknown,0,2,0,0,2,0,5000,2,2,,POINT (-91.579175072085 42.029634552753)
2014828137,2014012842,11/15/2014,11-November,7-Saturday,20:16,2000 Hours,District 6 (East Central),IOWA CITY,JOHNSON,,GLENDALE RD,Collision with fixed object:  Utility pole/light support,On Roadway,Non-collision (single vehicle),Swerving/Evasive Action,None Indicated,,Dark - roadway lighted,Snow,Snow,"Surface condition (e.g., wet, icy)",Non-intersection:  Non-junction/no special feature,Paved,,Property Damage Only,0,0,0,0,0,0,2000,1,1,,POINT (-91.505689150174 41.661314235853)
2014827696,2014063996,11/15/2014,11-November,7-Saturday,15:30,1500 Hours,District 1 (Central),WEBSTER CITY,HAMILTON,US 20,US 20,Collision with fixed object:  Other fixed object (explain in narrative),Gore,Non-collision (single vehicle),Driving too fast for conditions,None Indicated,,Daylight,Snow,Snow,None apparent,Non-intersection:  Other non-intersection (explain in narrative),Paved,,Property Damage Only,0,0,0,0,0,0,6700,1,1,,POINT (-93.706578332779 42.449108474961)
2014827672,2014-039695,11/15/2014,11-November,7-Saturday,20:18,2000 Hours,District 6 (East Central),DUBUQUE,DUBUQUE,,CEDAR CROSS RD,Collision with fixed object:  Other fixed object (explain in narrative),Shoulder,Non-collision (single vehicle),Lost Control,None Indicated,,Dark - roadway lighted,Snow,Snow,None apparent,Non-intersection:  Non-junction/no special feature,Paved,,Property Damage Only,0,0,0,0,0,0,3100,1,1,,POINT (-90.717406501223 42.484377768779)
2014833401,14-031115-02,11/15/2014,11-November,7-Saturday,16:27,1600 Hours,District 6 (East Central),,IOWA,I-80,I-80,Collision with:  Vehicle in traffic,On Roadway,Rear-end (front to rear),Driving too fast for conditions,None Indicated,,Daylight,Snow,Snow,None apparent,Non-intersection:  Non-junction/no special feature,Paved,,Minor Injury,0,1,0,1,0,0,9500,3,4,,POINT (-91.939433516803 41.687950590936)
2014828381,14-061115-02,11/15/2014,11-November,7-Saturday,16:20,1600 Hours,District 6 (East Central),,IOWA,I-80,I-80,Collision with fixed object:  Guardrail - face,On Roadway,Non-collision (single vehicle),Crossed centerline (undivided),None Indicated,,Daylight,Ice/frost,Snow,"Surface condition (e.g., wet, icy)",Non-intersection:  Non-junction/no special feature,Paved,,Property Damage Only,0,0,0,0,0,0,4000,1,3,,POINT (-91.916150856381 41.687697327451)
2014829166,201417191,11/15/2014,11-November,7-Saturday,22:20,2200 Hours,District 6 (East Central),CEDAR RAPIDS,LINN,,COLDSTREAM AVE NE,Collision with:  Vehicle in traffic,On Roadway,"Sideswipe, opposite direction",Lost Control,None Indicated,,Dark - roadway lighted,Ice/frost,Snow,"Surface condition (e.g., wet, icy)",Non-intersection:  Non-junction/no special feature,Paved,,Property Damage Only,0,0,0,0,0,0,2650,3,2,,POINT (-91.67237444282 42.0080364899)
2014828152,14-1403,11/15/2014,11-November,7-Saturday,18:16,1800 Hours,District 1 (Central),CLIVE,POLK,,UNIVERSITY AVE & 68TH ST & COUNTRY CLUB BLVD,Collision with:  Vehicle in traffic,On Roadway,Head-on (front to front),FTYROW:  Making left turn,Alcohol (Statutory),,Dark - roadway lighted,Snow,Snow,None apparent,Intersection:  Four-way intersection,Paved,,Property Damage Only,0,0,0,0,0,0,8500,2,2,,POINT (-93.800873401978 41.600432969133)
2014828380,14-061115-01,11/15/2014,11-November,7-Saturday,15:25,1500 Hours,District 6 (East Central),,IOWA,I-80,I-80,Collision with fixed object:  Utility pole/light support,On Roadway,Non-collision (single vehicle),Driving too fast for conditions,None Indicated,,Daylight,Ice/frost,Snow,"Surface condition (e.g., wet, icy)",Non-intersection:  Non-junction/no special feature,Paved,,Property Damage Only,0,0,0,0,0,0,4000,1,2,,POINT (-92.235571809882 41.695769313696)
2014828124,2014-039688,11/15/2014,11-November,7-Saturday,17:42,1700 Hours,District 6 (East Central),DUBUQUE,DUBUQUE,,KAUFMANN AVE & CHANEY RD,Collision with:  Vehicle in traffic,On Roadway,Rear-end (front to rear),Lost Control,None Indicated,,Dark - roadway not lighted,Snow,Snow,None apparent,Non-intersection:  Non-junction/no special feature,Paved,,Property Damage Only,0,0,0,0,0,0,2000,2,6,,POINT (-90.7060556801 42.514309577871)
2014828161,14-001355,11/15/2014,11-November,7-Saturday,07:00,0700 Hours,District 1 (Central),,STORY,,Co Rd R38/500TH AVE,Collision with:  Animal,On Roadway,Non-collision (single vehicle),Animal,None Indicated,,Daylight,Dry,Clear,None apparent,Non-intersection:  Non-junction/no special feature,Paved,,Property Damage Only,0,0,0,0,0,0,3000,1,1,,POINT (-93.698649114197 42.088900919508)
2014827618,201417170,11/15/2014,11-November,7-Saturday,16:28,1600 Hours,District 6 (East Central),CEDAR RAPIDS,LINN,,CRESTWOOD DR NW & EDGEWOOD RD NW,Non-collision events:  Overturn/rollover,On Roadway,Non-collision (single vehicle),Driving too fast for conditions,None Indicated,,Dusk,Snow,Snow,"Surface condition (e.g., wet, icy)",Non-intersection:  Non-junction/no special feature,Paved,,Minor Injury,0,2,0,1,1,0,20000,1,3,,POINT (-91.715960526065 41.983809737758)
2014827334,20140034078,11/15/2014,11-November,7-Saturday,15:25,1500 Hours,District 1 (Central),DES MOINES,POLK,I-235,I-235,Collision with:  Vehicle in traffic,On Roadway,"Sideswipe, opposite direction",Lost Control,None Indicated,,Daylight,Slush,Snow,None apparent,Non-intersection:  Non-junction/no special feature,Paved,,Major Injury,0,1,1,0,0,0,5500,2,4,,POINT (-93.653025994685 41.593540572472)
2014828397,2014063927,11/15/2014,11-November,7-Saturday,11:15,1100 Hours,District 5 (Southeast),MORNING SUN,LOUISA,IA 78,IA 78/IOWA 78,Collision with:  Animal,,Non-collision (single vehicle),Animal,None Indicated,,,,,,,Paved,,Property Damage Only,0,0,0,0,0,0,3500,1,1,,POINT (-91.209753424362 41.088187941867)
2014827652,14-2564,11/15/2014,11-November,7-Saturday,20:05,2000 Hours,District 1 (Central),URBANDALE,POLK,,DOUGLAS AVE & 67TH ST,Collision with:  Vehicle in traffic,On Roadway,Broadside (front to side),Driving too fast for conditions,None Indicated,,Dark - roadway lighted,Snow,Snow,None apparent,Intersection:  Four-way intersection,Paved,,Property Damage Only,0,0,0,0,0,0,9000,2,3,,POINT (-93.708611390116 41.629366291774)
2014827786,14-004949,11/15/2014,11-November,7-Saturday,14:25,1400 Hours,District 1 (Central),ANKENY,POLK,,SE DELAWARE AVE,Collision with:  Vehicle in traffic,On Roadway,"Sideswipe, same direction",Driving too fast for conditions,None Indicated,,Daylight,Snow,Snow,"Surface condition (e.g., wet, icy)",Non-intersection:  Non-junction/no special feature,Paved,,Property Damage Only,0,0,0,0,0,0,4000,2,6,,POINT (-93.581135857203 41.721062381867)
2014828398,2014063987,11/15/2014,11-November,7-Saturday,15:30,1500 Hours,District 6 (East Central),,IOWA,I-80,I-80,Collision with fixed object:  Guardrail - face,Outside trafficway,Non-collision (single vehicle),Swerving/Evasive Action,None Indicated,,Daylight,Snow,Snow,"Surface condition (e.g., wet, icy)",Non-intersection:  Non-junction/no special feature,Paved,,Property Damage Only,0,0,0,0,0,0,4000,1,1,,POINT (-92.295286026617 41.695853775683)
2014828483,S2014-011851,11/15/2014,11-November,7-Saturday,11:55,1100 Hours,District 3 (Northwest),,WOODBURY,,Co Rd K64/MOVILLE BLACK TOP & 270TH ST,Collision with fixed object:  Ditch,Outside trafficway,Non-collision (single vehicle),Driving too fast for conditions,None Indicated,,Daylight,Snow,Snow,"Surface condition (e.g., wet, icy)",Non-intersection:  Non-junction/no special feature,Paved,,Property Damage Only,0,0,0,0,0,0,1500,1,1,,POINT (-96.077473312798 42.314198959372)
2014827452,14113313,11/15/2014,11-November,7-Saturday,23:56,2300 Hours,District 2 (Northeast),CEDAR FALLS,BLACK HAWK,IA 27,IA 27,Non-collision events:  Other non-collision (explain in narrative),Shoulder,Non-collision (single vehicle),Driving too fast for conditions,None Indicated,,Dark - roadway lighted,Snow,Snow,"Surface condition (e.g., wet, icy)",Non-intersection:  Non-junction/no special feature,Paved,,Property Damage Only,0,0,0,0,0,0,1550,1,1,,POINT (-92.445690812636 42.482781478932)
2014827981,,11/15/2014,11-November,7-Saturday,14:24,1400 Hours,District 5 (Southeast),,DECATUR,US 69,US 69,Collision with:  Vehicle in traffic,On Roadway,Head-on (front to front),Swerving/Evasive Action,None Indicated,,Daylight,Snow,Snow,"Surface condition (e.g., wet, icy)",Non-intersection:  Non-junction/no special feature,Paved,,Possible/Unknown,0,1,0,0,1,0,12000,2,3,,POINT (-93.754851845883 40.83449644948)
2014827810,2014012799,11/15/2014,11-November,7-Saturday,01:00,0100 Hours,District 6 (East Central),IOWA CITY,JOHNSON,US 6,US 6/RIVERSIDE DR,Collision with:  Vehicle in traffic,On Roadway,"Angle, oncoming left turn",Ran Traffic Signal,None Indicated,,Dark - roadway lighted,Dry,Clear,None apparent,Intersection:  Other intersection (explain in narrative),Paved,,Property Damage Only,0,0,0,0,0,0,2000,2,2,,POINT (-91.542055381246 41.66195249984)
2014829165,201417171,11/15/2014,11-November,7-Saturday,16:15,1600 Hours,District 6 (East Central),CEDAR RAPIDS,LINN,IA 922,IA 922/1ST AVE W,Collision with:  Vehicle in traffic,On Roadway,Unknown,Driving too fast for conditions,None Indicated,,Dark - roadway lighted,Snow,Snow,None apparent,Non-intersection:  Non-junction/no special feature,Paved,,Property Damage Only,0,0,0,0,0,0,4500,2,1,,POINT (-91.686013767629 41.971960584277)
2014829411,2014063924,11/15/2014,11-November,7-Saturday,11:00,1100 Hours,District 4 (Southwest),,POTTAWATTAMIE,I-80,I-80,Non-collision events:  Overturn/rollover,On Roadway,Non-collision (single vehicle),Swerving/Evasive Action,None Indicated,,Daylight,Snow,Snow,"Surface condition (e.g., wet, icy)",Non-intersection:  Other non-intersection (explain in narrative),Paved,,Property Damage Only,0,0,0,0,0,0,3000,1,1,,POINT (-95.174143573429 41.498008011108)
2014828684,S14-004550,11/15/2014,11-November,7-Saturday,10:15,1000 Hours,District 4 (Southwest),,POTTAWATTAMIE,,Co Rd L34/YORK RD/ROAD L34,Unknown,Unknown,Non-collision (single vehicle),Unknown,None Indicated,,Daylight,Unknown,Unknown,Unknown,Unknown,Paved,,Minor Injury,0,1,0,1,0,0,5000,1,1,,POINT (-95.747153634631 41.50592476537)
2014827769,2014-79370,11/15/2014,11-November,7-Saturday,17:45,1700 Hours,District 6 (East Central),DAVENPORT,SCOTT,,E 15TH ST & LE CLAIRE ST,Collision with:  Parked motor vehicle,On Roadway,"Sideswipe, opposite direction",Driving too fast for conditions,Alcohol (Statutory),,Dark - unknown roadway lighting,Snow,Snow,None apparent,Non-intersection:  Non-junction/no special feature,Paved,,Property Damage Only,0,0,0,0,0,0,3500,2,1,,POINT (-90.568207664014 41.53508662907)
2014827961,14-048410,11/15/2014,11-November,7-Saturday,17:32,1700 Hours,District 4 (Southwest),COUNCIL BLUFFS,POTTAWATTAMIE,,S 11TH ST,Collision with:  Vehicle in traffic,On Roadway,Head-on (front to front),Driving too fast for conditions,None Indicated,,Dark - roadway lighted,Snow,Snow,"Surface condition (e.g., wet, icy)",Non-intersection:  Non-junction/no special feature,Paved,,Possible/Unknown,0,1,0,0,1,0,15000,2,3,,POINT (-95.860555248177 41.226468672459)
2014828691,14016090,11/15/2014,11-November,7-Saturday,13:28,1300 Hours,District 5 (Southeast),CENTERVILLE,APPANOOSE,IA 2,IA 2/W MAPLE ST & N 7TH ST,Collision with:  Vehicle in traffic,On Roadway,Broadside (front to side),Lost Control,None Indicated,,Daylight,Snow,Snow,None apparent,Intersection:  T-intersection,Paved,,Property Damage Only,0,0,0,0,0,0,3800,2,2,,POINT (-92.879335329409 40.732511566428)
2014827330,20140034070,11/15/2014,11-November,7-Saturday,16:47,1600 Hours,District 1 (Central),DES MOINES,POLK,,MCKINLEY AVE,Collision with:  Vehicle in traffic,On Roadway,Rear-end (front to rear),Driving too fast for conditions,None Indicated,,Dark - roadway lighted,Snow,Snow,"Surface condition (e.g., wet, icy)",Intersection:  Four-way intersection,Paved,,Possible/Unknown,0,2,0,0,2,0,2000,2,3,,POINT (-93.626396988646 41.540960107553)
2014827671,2014-039692,11/15/2014,11-November,7-Saturday,19:02,1900 Hours,District 6 (East Central),DUBUQUE,DUBUQUE,,JOHN F KENNEDY RD,Collision with fixed object:  Other fixed object (explain in narrative),On Roadway,Non-collision (single vehicle),Over correcting/over steering,None Indicated,,Dark - roadway lighted,Snow,Snow,None apparent,Non-intersection:  Non-junction/no special feature,Paved,,Property Damage Only,0,0,0,0,0,0,1600,1,1,,POINT (-90.72042977024 42.507320316983)
2014828942,,11/15/2014,11-November,7-Saturday,17:15,1700 Hours,District 6 (East Central),CEDAR RAPIDS,LINN,,EAST POST RD,Collision with:  Vehicle in traffic,On Roadway,Rear-end (front to rear),Unknown,None Indicated,,Dark - unknown roadway lighting,Ice/frost,Snow,,Non-intersection:  Non-junction/no special feature,Paved,,Minor Injury,0,1,0,1,0,0,2000,13,13,,POINT (-91.600643475016 41.993170385894)
2014828285,2014-24740,11/15/2014,11-November,7-Saturday,13:58,1300 Hours,District 5 (Southeast),,WARREN,US 65,US 65,Non-collision events:  Overturn/rollover,Roadside,Non-collision (single vehicle),Driving too fast for conditions,None Indicated,,Daylight,Snow,Snow,"Surface condition (e.g., wet, icy)",Non-intersection:  Non-junction/no special feature,Paved,,Minor Injury,0,2,0,2,0,0,5000,1,2,,POINT (-93.565321973377 41.485439836003)
2014827542,2014012830,11/15/2014,11-November,7-Saturday,17:54,1700 Hours,District 6 (East Central),IOWA CITY,JOHNSON,,MELROSE AVE,Collision with:  Vehicle in traffic,On Roadway,Broadside (front to side),Other (explain in narrative):  No improper action,None Indicated,,Dark - roadway lighted,Ice/frost,Snow,"Surface condition (e.g., wet, icy)",Non-intersection:  Driveway access (within),Paved,,Property Damage Only,0,0,0,0,0,0,1800,2,3,,POINT (-91.580202181346 41.657026007708)
2014828596,2014064022,11/15/2014,11-November,7-Saturday,14:50,1400 Hours,District 6 (East Central),,CEDAR,I-80,I-80,Collision with:  Other non-fixed object (explain in narrative),On Roadway,Non-collision (single vehicle),Driving too fast for conditions,None Indicated,,Daylight,Wet,Snow,None apparent,Non-intersection:  Non-junction/no special feature,Paved,,Property Damage Only,0,0,0,0,0,0,9500,1,4,,POINT (-91.321657418476 41.663772490127)
2014827370,14-05404,11/15/2014,11-November,7-Saturday,14:38,1400 Hours,District 1 (Central),AMES,STORY,I-35,I-35,Collision with:  Vehicle in traffic,On Roadway,"Sideswipe, opposite direction",Crossed centerline (undivided),None Indicated,,Daylight,Snow,Snow,None apparent,Non-intersection:  Non-junction/no special feature,Paved,,Property Damage Only,0,0,0,0,0,0,3500,2,3,,POINT (-93.56854228455 42.064256972702)
2014827339,20140034091,11/15/2014,11-November,7-Saturday,19:30,1900 Hours,District 1 (Central),DES MOINES,POLK,,E PARK AVE & SE 4TH ST,Collision with fixed object:  Utility pole/light support,On Roadway,Non-collision (single vehicle),Ran off road - right,None Indicated,,Dark - roadway lighted,Snow,Snow,None apparent,Non-intersection:  Non-junction/no special feature,Paved,,Property Damage Only,0,0,0,0,0,0,5000,1,1,,POINT (-93.609244610668 41.555400915636)
2014829625,S14-113092,11/15/2014,11-November,7-Saturday,13:42,1300 Hours,District 2 (Northeast),DUNKERTON,BLACK HAWK,,Co Rd C66/E DUNKERTON RD,Non-collision events:  Overturn/rollover,On Roadway,Non-collision (single vehicle),Ran off road - right,None Indicated,,Daylight,Ice/frost,Snow,"Surface condition (e.g., wet, icy)",Non-intersection:  Non-junction/no special feature,Paved,,Possible/Unknown,0,1,0,0,1,0,5000,1,1,,POINT (-92.204075000316 42.570254107151)
2014827695,2014063994,11/15/2014,11-November,7-Saturday,14:50,1400 Hours,District 3 (Northwest),,LYON,,ABLE BLVD,Collision with fixed object:  Utility pole/light support,Roadside,Non-collision (single vehicle),Driving too fast for conditions,None Indicated,,Daylight,Snow,Snow,"Surface condition (e.g., wet, icy)",Non-intersection:  Non-junction/no special feature,Unpaved,,Property Damage Only,0,0,0,0,0,0,3150,1,1,,POINT (-96.507236506593 43.308593958215)