Iowa DOT Case Number,Law Enforcement Case Number,Date of Crash,Month of Crash,Day of Week,Time of Crash,Hour,DOT District,City Name,County Name,Route with System,Location Description,First Harmful Event,Location of First Harmful Event,Manner of Crash/Collision,Major Cause,Drug or Alcohol ,Environmental Conditions,Light Conditions,Surface Conditions,Weather Conditions,Roadway Contribution,Roadway Type,Roadway Surface,Work Zone,Crash Severity,Number of Fatalities,Number of Injuries,Number of Major Injuries,Number of Minor Injuries,Number of Possible Injuries,Number of Unknown Injuries,Amount of Property Damage,Number of Vehicles Involved,Total Number of Occupants,Travel Direction,Location
2014827963,2014012834,11/15/2014,11-November,7-Saturday,18:41,1800 Hours,District 6 (East Central),IOWA CITY,JOHNSON,,OAKCREST ST & OAKNOLL DR,Collision with:  Vehicle in traffic,On Roadway,Broadside (front to side),Lost Control,None Indicated,,Dark - roadway lighted,Snow,Snow,"Surface condition (e.g., wet, icy)",Intersection:  T-intersection,Paved,,Property Damage Only,0,0,0,0,0,0,3000,2,8,,POINT (-91.554288086007 41.652037365421)
2014828692,SO1404943,11/15/2014,11-November,7-Saturday,22:36,2200 Hours,District 5 (Southeast),,JEFFERSON,US 34,US 34,Collision with fixed object:  Traffic sign support,Shoulder,Non-collision (single vehicle),Ran off road - right,None Indicated,,Dark - roadway not lighted,Slush,Snow,None apparent,Non-intersection:  Non-junction/no special feature,Paved,,Minor Injury,0,1,0,1,0,0,4935,1,1,,POINT (-91.972691777114 40.983035600523)
2014828858,2014064044,11/15/2014,11-November,7-Saturday,17:36,1700 Hours,District 4 (Southwest),,MILLS,,Co Rd H10/BUNGE AVE & ALCORN AVE,Collision with fixed object:  Culvert/pipe opening,Roadside,Non-collision (single vehicle),Driving too fast for conditions,None Indicated,,Dark - roadway not lighted,Snow,Snow,"Surface condition (e.g., wet, icy)",Non-intersection:  Non-junction/no special feature,Paved,,Major Injury,0,1,1,0,0,0,5200,1,1,,POINT (-95.805532967138 41.154654732337)
2014827919,201405425,11/15/2014,11-November,7-Saturday,15:18,1500 Hours,District 1 (Central),,BOONE,,Co Rd E26/MALLARD AVE/198TH RD,Collision with fixed object:  Ditch,On Roadway,Non-collision (single vehicle),Ran off road - right,None Indicated,,Daylight,Snow,Snow,"Surface condition (e.g., wet, icy)",Intersection:  Y-intersection,Paved,,Property Damage Only,0,0,0,0,0,0,2000,1,3,,POINT (-93.921145557708 42.067291291392)
2014827342,20140034033,11/15/2014,11-November,7-Saturday,11:40,1100 Hours,District 1 (Central),DES MOINES,POLK,I-235,I-235 & 42ND ST,Collision with:  Vehicle in traffic,On Roadway,"Sideswipe, same direction",Unknown,None Indicated,,Daylight,Dry,Cloudy,None apparent,Non-intersection:  Non-junction/no special feature,Paved,,Property Damage Only,0,0,0,0,0,0,5000,2,3,,POINT (-93.674384139633 41.591300572705)
2014828619,14-016255,11/15/2014,11-November,7-Saturday,15:12,1500 Hours,District 2 (Northeast),CLERMONT,FAYETTE,,Co Rd B60/APPLE RD,Collision with fixed object:  Ditch,On Roadway,Non-collision (single vehicle),Swerving/Evasive Action,None Indicated,,Daylight,Snow,Snow,None apparent,Non-intersection:  Non-junction/no special feature,Paved,,Property Damage Only,0,0,0,0,0,0,8000,1,1,,POINT (-91.618208777562 42.996883191301)
2014829028,C14003667,11/15/2014,11-November,7-Saturday,16:35,1600 Hours,District 6 (East Central),CORALVILLE,JOHNSON,US 6,US 6/2ND ST & 1ST AVE,Collision with:  Vehicle in traffic,On Roadway,Rear-end (front to rear),Followed too close,None Indicated,,Dusk,Snow,Snow,"Surface condition (e.g., wet, icy)",Intersection:  Four-way intersection,Paved,,Possible/Unknown,0,1,0,0,1,0,500,2,2,,POINT (-91.565787920321 41.669033308865)
2014827225,W14-113224,11/15/2014,11-November,7-Saturday,17:00,1700 Hours,District 2 (Northeast),WATERLOO,BLACK HAWK,US 63,US 63/E MULLAN AVE,Collision with fixed object:  Concrete traffic barrier (median or right side),On Roadway,Non-collision (single vehicle),Ran off road - right,None Indicated,,Dark - roadway lighted,Ice/frost,Snow,None apparent,Non-intersection:  Non-junction/no special feature,Paved,,Property Damage Only,0,0,0,0,0,0,1700,1,5,,POINT (-92.343171319385 42.50020645019)
2014827698,2014064092,11/15/2014,11-November,7-Saturday,20:35,2000 Hours,District 3 (Northwest),,SIOUX,US 75,US 75 & Co Rd B20/340TH ST,Collision with fixed object:  Utility pole/light support,Roadside,Non-collision (single vehicle),Driving too fast for conditions,None Indicated,,Dark - roadway not lighted,Snow,Snow,"Surface condition (e.g., wet, icy)",Non-intersection:  Non-junction/no special feature,Paved,,Property Damage Only,0,0,0,0,0,0,3100,1,1,,POINT (-96.177380243231 43.156849581201)
2014828192,14010234,11/15/2014,11-November,7-Saturday,16:25,1600 Hours,District 6 (East Central),,BUCHANAN,,Co Rd D22/220TH ST,Collision with fixed object:  Ditch,Median,Non-collision (single vehicle),Driving too fast for conditions,None Indicated,,Daylight,Snow,Snow,None apparent,Non-intersection:  Non-junction/no special feature,Paved,,Property Damage Only,0,0,0,0,0,0,5900,1,3,,POINT (-91.996942048771 42.467835880237)
2014829990,2014064066,11/15/2014,11-November,7-Saturday,19:01,1900 Hours,District 4 (Southwest),,CASS,I-80,I-80,Collision with:  Vehicle in traffic,On Roadway,Rear-end (front to rear),Driving too fast for conditions,None Indicated,,Dark - roadway not lighted,Snow,Snow,"Surface condition (e.g., wet, icy)",Non-intersection:  Non-junction/no special feature,Paved,,Property Damage Only,0,0,0,0,0,0,4000,2,2,,POINT (-94.988034963518 41.497269801916)
2014828644,14-40973,11/15/2014,11-November,7-Saturday,11:46,1100 Hours,District 5 (Southeast),BURLINGTON,DES MOINES,,Co Rd X99/DMC 99 & 80TH AVE,Collision with:  Animal,,,Animal,None Indicated,,,,,,,Paved,,Property Damage Only,0,0,0,0,0,0,3000,1,1,,POINT (-91.084388239316 40.877979697911)
2014839005,,11/15/2014,11-November,7-Saturday,18:00,1800 Hours,District 6 (East Central),CEDAR RAPIDS,LINN,IA 922,IA 922/1ST AVE E & 29TH ST DR SE & 29TH ST NE,Collision with fixed object:  Ditch,Outside trafficway,"Sideswipe, opposite direction",FTYROW:  At uncontrolled intersection,None Indicated,,Dusk,Ice/frost,Snow,,Non-intersection:  Driveway access (within),Paved,,Property Damage Only,0,0,0,0,0,0,3500,3,5,,POINT (-91.634847345406 42.006119209874)
2014830353,GP14-171,11/15/2014,11-November,7-Saturday,13:27,1300 Hours,District 2 (Northeast),GOLDFIELD,WRIGHT,IA 3,IA 3/IOWA 3 & IA 17/IOWA 17 & LOCUST ST,Collision with fixed object:  Traffic sign support,On Roadway,Non-collision (single vehicle),Driving too fast for conditions,None Indicated,,Daylight,Snow,Snow,"Surface condition (e.g., wet, icy)",Intersection:  Four-way intersection,Paved,,Property Damage Only,0,0,0,0,0,0,1600,1,1,,POINT (-93.915217459243 42.731598241622)
2014828529,14014977,11/15/2014,11-November,7-Saturday,18:30,1800 Hours,District 4 (Southwest),,MILLS,,ELROD AVE,Collision with:  Parked motor vehicle,On Roadway,Head-on (front to front),Downhill runaway,None Indicated,,Dark - roadway not lighted,Snow,Snow,"Surface condition (e.g., wet, icy)",Non-intersection:  Non-junction/no special feature,Paved,,Property Damage Only,0,0,0,0,0,0,2000,2,2,,POINT (-95.751457392213 41.09484114766)
2014827541,2014012823,11/15/2014,11-November,7-Saturday,15:47,1500 Hours,District 6 (East Central),IOWA CITY,JOHNSON,US 6,US 6 & TAYLOR DR,Collision with:  Vehicle in traffic,On Roadway,Rear-end (front to rear),Followed too close,None Indicated,,Daylight,Snow,Snow,"Surface condition (e.g., wet, icy)",Intersection:  Four-way intersection,Paved,,Property Damage Only,0,0,0,0,0,0,2000,2,2,,POINT (-91.517750019236 41.641322093741)
2014828902,2014-79316,11/15/2014,11-November,7-Saturday,13:36,1300 Hours,District 6 (East Central),DAVENPORT,SCOTT,,E HIGH ST & EASTERN AVE,Collision with:  Vehicle in traffic,On Roadway,Rear-end (front to rear),Lost Control,None Indicated,,Daylight,Dry,Cloudy,None apparent,Intersection:  T-intersection,Paved,,Property Damage Only,0,0,0,0,0,0,2000,2,2,,POINT (-90.551528821663 41.540316477009)
2014827967,111514B,11/15/2014,11-November,7-Saturday,13:03,1300 Hours,District 4 (Southwest),SIDNEY,FREMONT,,WEBSTER ST & NEBRASKA ST,Collision with:  Vehicle in traffic,On Roadway,Unknown,Driving too fast for conditions,None Indicated,,Daylight,Snow,Snow,"Surface condition (e.g., wet, icy)",Intersection:  Four-way intersection,Paved,,Property Damage Only,0,0,0,0,0,0,8000,2,4,,POINT (-95.648404151956 40.749174040136)
2014827489,14-237,11/15/2014,11-November,7-Saturday,13:07,1300 Hours,District 2 (Northeast),WAVERLY,BREMER,IA 3,IA 3/BREMER AVE & IA 116/4TH ST SW & 4TH ST NW,Collision with:  Parked motor vehicle,On Roadway,"Sideswipe, same direction",Driving too fast for conditions,None Indicated,,Daylight,Snow,Snow,"Surface condition (e.g., wet, icy)",Intersection:  Four-way intersection,Paved,,Property Damage Only,0,0,0,0,0,0,1500,2,2,,POINT (-92.475681102397 42.725742830053)
2014827492,14-241,11/15/2014,11-November,7-Saturday,15:54,1500 Hours,District 2 (Northeast),WAVERLY,BREMER,IA 116,IA 116/4TH ST SW & 13TH AVE SW,Collision with:  Vehicle in traffic,On Roadway,Rear-end (front to rear),Driving too fast for conditions,None Indicated,,Daylight,Snow,Snow,"Surface condition (e.g., wet, icy)",Non-intersection:  Non-junction/no special feature,Paved,,Property Damage Only,0,0,0,0,0,0,3800,2,6,,POINT (-92.475534055349 42.711297328131)
2014827230,W14-113187,11/15/2014,11-November,7-Saturday,15:50,1500 Hours,District 2 (Northeast),WATERLOO,BLACK HAWK,,MARTIN LUTHER KING JR DR,Non-collision events:  Other non-collision (explain in narrative),On Roadway,Non-collision (single vehicle),Driving too fast for conditions,None Indicated,,Daylight,Snow,Snow,"Surface condition (e.g., wet, icy)",Non-intersection:  Other non-intersection (explain in narrative),Paved,,Property Damage Only,0,0,0,0,0,0,2000,1,1,,POINT (-92.302361722857 42.5058731079)
2014827623,201417187,11/15/2014,11-November,7-Saturday,20:45,2000 Hours,District 6 (East Central),CEDAR RAPIDS,LINN,,32ND ST NE & EASTERN AVE NE,Collision with:  Vehicle in traffic,On Roadway,Broadside (front to side),Other (explain in narrative):  No improper action,None Indicated,,Dark - roadway lighted,Ice/frost,Snow,None apparent,Intersection:  Four-way intersection,Paved,,Property Damage Only,0,0,0,0,0,0,6500,2,4,,POINT (-91.64808189101 42.010121593593)
2014829096,2014063972,11/15/2014,11-November,7-Saturday,14:45,1400 Hours,District 1 (Central),NEWTON,JASPER,I-80,I-80,Non-collision events:  Other non-collision (explain in narrative),Shoulder,Non-collision (single vehicle),Over correcting/over steering,None Indicated,,Daylight,Snow,Snow,"Surface condition (e.g., wet, icy)",Non-intersection:  Non-junction/no special feature,Paved,,Property Damage Only,0,0,0,0,0,0,13000,1,1,,POINT (-92.98704771499 41.682089071177)
2014827264,14173616,11/15/2014,11-November,7-Saturday,17:56,1700 Hours,District 6 (East Central),CORALVILLE,JOHNSON,I-80,I-80,Collision with fixed object:  Guardrail - face,On Roadway,Non-collision (single vehicle),Ran off road - left,None Indicated,,Dark - roadway not lighted,Ice/frost,Snow,None apparent,Non-intersection:  Non-junction/no special feature,Paved,,Property Damage Only,0,0,0,0,0,0,5000,1,1,,POINT (-91.645139140305 41.694314816899)
2014829124,SO140002720,11/15/2014,11-November,7-Saturday,18:21,1800 Hours,District 3 (Northwest),LE MARS,PLYMOUTH,,Co Rd K49/MAHOGANY AVE,Non-collision events:  Other non-collision (explain in narrative),On Roadway,Non-collision (single vehicle),Ran off road - left,None Indicated,,Dark - roadway not lighted,Ice/frost,Snow,"Surface condition (e.g., wet, icy)",Non-intersection:  Non-junction/no special feature,Paved,,Property Damage Only,0,0,0,0,0,0,2000,1,1,,POINT (-96.155534425597 42.753644728799)
2014829108,2014064158,11/15/2014,11-November,7-Saturday,15:45,1500 Hours,District 1 (Central),,POLK,I-35,I-35,Collision with fixed object:  Guardrail - face,Median,Non-collision (single vehicle),Driving too fast for conditions,None Indicated,,Daylight,Ice/frost,Snow,"Surface condition (e.g., wet, icy)",Non-intersection:  Non-junction/no special feature,Paved,,Property Damage Only,0,0,0,0,0,0,5500,1,1,,POINT (-93.570368394367 41.801719902554)
2014827935,20141069,11/15/2014,11-November,7-Saturday,18:05,1800 Hours,District 6 (East Central),MOUNT VERNON,LINN,,2ND ST NW & 2ND AVE NW,Collision with:  Parked motor vehicle,Shoulder,"Sideswipe, same direction",Driving too fast for conditions,None Indicated,,Dark - unknown roadway lighting,Snow,Snow,"Surface condition (e.g., wet, icy)",Non-intersection:  Non-junction/no special feature,Paved,,Property Damage Only,0,0,0,0,0,0,5500,2,777,,POINT (-91.417299949641 41.923574045519)
2014828634,20141846,11/15/2014,11-November,7-Saturday,09:57,0900 Hours,District 1 (Central),CHURDAN,GREENE,,SAND ST & HEAD ST,Collision with:  Vehicle in traffic,On Roadway,Rear-end (front to rear),Improper Backing,None Indicated,,Daylight,Dry,Cloudy,None apparent,Non-intersection:  Non-junction/no special feature,Paved,,Property Damage Only,0,0,0,0,0,0,2700,2,2,,POINT (-94.477252067259 42.155270230887)
2014827605,14-048446,11/15/2014,11-November,7-Saturday,21:40,2100 Hours,District 4 (Southwest),COUNCIL BLUFFS,POTTAWATTAMIE,,W BROADWAY & S 4TH ST,Collision with fixed object:  Other fixed object (explain in narrative),Outside trafficway,Non-collision (single vehicle),Unknown,None Indicated,,Dark - roadway lighted,Snow,Snow,Unknown,Intersection:  T-intersection,Paved,,Property Damage Only,0,0,0,0,0,0,12001,1,1,,POINT (-95.848771468035 41.260841191192)
2014828892,2014-24760,11/15/2014,11-November,7-Saturday,17:56,1700 Hours,District 5 (Southeast),INDIANOLA,WARREN,,E SALEM AVE & S HOWARD ST & N HOWARD ST & W SALEM AVE,Collision with:  Vehicle in traffic,Shoulder,Rear-end (front to rear),Driving too fast for conditions,None Indicated,,Dark - roadway lighted,Ice/frost,Snow,"Surface condition (e.g., wet, icy)",Non-intersection:  Non-junction/no special feature,Paved,,Property Damage Only,0,0,0,0,0,0,3000,2,1,,POINT (-93.560998000961 41.360337534981)
2014828251,14007936,11/15/2014,11-November,7-Saturday,13:19,1300 Hours,District 1 (Central),,HAMILTON,US 69,US 69/LITTLE WALL LAKE RD,Collision with fixed object:  Ditch,On Roadway,Non-collision (single vehicle),Driving too fast for conditions,None Indicated,,Daylight,Snow,Snow,"Surface condition (e.g., wet, icy)",Non-intersection:  Non-junction/no special feature,Paved,,Property Damage Only,0,0,0,0,0,0,5000,1,1,,POINT (-93.639743116372 42.251466682144)
2014829202,1115130414,11/15/2014,11-November,7-Saturday,13:04,1300 Hours,District 4 (Southwest),KELLERTON,RINGGOLD,IA 2,IA 2/IOWA 2,Non-collision events:  Overturn/rollover,On Roadway,Non-collision (single vehicle),Ran off road - right,None Indicated,,Daylight,Ice/frost,Snow,"Surface condition (e.g., wet, icy)",Non-intersection:  Non-junction/no special feature,Paved,,Property Damage Only,0,0,0,0,0,0,5000,1,1,,POINT (-94.076833264969 40.71066967824)
2014827879,14-048401,11/15/2014,11-November,7-Saturday,16:56,1600 Hours,District 4 (Southwest),COUNCIL BLUFFS,POTTAWATTAMIE,I-29,I-29,Collision with fixed object:  Guardrail - face,On Roadway,Non-collision (single vehicle),Driving too fast for conditions,None Indicated,,Dusk,Snow,Snow,None apparent,Non-intersection:  Other non-intersection (explain in narrative),Paved,,Property Damage Only,0,0,0,0,0,0,4000,1,1,,POINT (-95.900370394212 41.237954684205)
2014828163,14-001358,11/15/2014,11-November,7-Saturday,14:45,1400 Hours,District 1 (Central),,STORY,,Co Rd E15/115TH ST,Collision with fixed object:  Other fixed object (explain in narrative),Outside trafficway,Non-collision (single vehicle),Swerving/Evasive Action,None Indicated,,Daylight,Snow,Snow,"Surface condition (e.g., wet, icy)",Non-intersection:  Non-junction/no special feature,Paved,,Property Damage Only,0,0,0,0,0,0,15000,1,2,,POINT (-93.613263790816 42.187216485779)
2014836358,,11/15/2014,11-November,7-Saturday,16:30,1600 Hours,District 2 (Northeast),DECORAH,WINNESHIEK,,RAILROAD AVE & WASHINGTON ST,Collision with:  Vehicle in traffic,On Roadway,Broadside (front to side),Driving too fast for conditions,None Indicated,,Dusk,Snow,Snow,"Surface condition (e.g., wet, icy)",Intersection:  T-intersection,Paved,,Property Damage Only,0,0,0,0,0,0,15500,2,2,,POINT (-91.785924691814 43.299335940096)
2014830122,1-14-000436,11/15/2014,11-November,7-Saturday,13:15,1300 Hours,District 4 (Southwest),,SHELBY,IA 191,IA 191/IOWA 191,Non-collision events:  Jackknife,On Roadway,Non-collision (single vehicle),Driving too fast for conditions,None Indicated,,Daylight,Snow,Snow,"Surface condition (e.g., wet, icy)",Non-intersection:  Non-junction/no special feature,Paved,,Property Damage Only,0,0,0,0,0,0,25000,1,1,,POINT (-95.446114648972 41.76250569465)
2014828923,2014064521,11/15/2014,11-November,7-Saturday,14:03,1400 Hours,District 1 (Central),HUXLEY,STORY,I-35,I-35 & IA 210/IOWA 210,Non-collision events:  Overturn/rollover,Roadside,Non-collision (single vehicle),Ran off road - right,None Indicated,,Daylight,Snow,Snow,"Surface condition (e.g., wet, icy)",Non-intersection:  Non-junction/no special feature,Paved,,Possible/Unknown,0,2,0,0,2,0,3000,1,2,,POINT (-93.571201040087 41.877796794282)
2014827607,14-5792,11/15/2014,11-November,7-Saturday,16:55,1600 Hours,District 1 (Central),WEST DES MOINES,POLK,,MILLS CIVIC PKWY,Collision with:  Vehicle in traffic,On Roadway,"Sideswipe, same direction",Lost Control,None Indicated,,Daylight,Snow,Snow,None apparent,Non-intersection:  Non-junction/no special feature,Paved,,Property Damage Only,0,0,0,0,0,0,4000,3,4,,POINT (-93.767649750184 41.559226356107)
2014828411,SA1409710,11/15/2014,11-November,7-Saturday,15:50,1500 Hours,District 5 (Southeast),,WASHINGTON,US 218,US 218/SW RAMP CURV,Collision with:  Vehicle in traffic,On Roadway,Rear-end (front to rear),Driving too fast for conditions,None Indicated,,Daylight,Snow,Snow,"Surface condition (e.g., wet, icy)",Intersection:  Four-way intersection,Paved,,Property Damage Only,0,0,0,0,0,0,5500,3,15,,POINT (-91.535915092537 41.290672802046)
2014827273,14024228,11/15/2014,11-November,7-Saturday,08:39,0800 Hours,District 6 (East Central),MARION,LINN,,LINDALE DR,Collision with:  Vehicle in traffic,On Roadway,Rear-end (front to rear),Followed too close,None Indicated,,Daylight,Dry,Clear,None apparent,Non-intersection:  Non-junction/no special feature,Paved,,Property Damage Only,0,0,0,0,0,0,11200,2,2,,POINT (-91.622209973303 42.033266478467)
2014827659,14-40999,11/15/2014,11-November,7-Saturday,18:11,1800 Hours,District 5 (Southeast),BURLINGTON,DES MOINES,,WEST AVE,Collision with fixed object:  Curb/island/raised median,On Roadway,Non-collision (single vehicle),Driving too fast for conditions,None Indicated,,Dark - roadway lighted,Ice/frost,Snow,None apparent,Non-intersection:  Non-junction/no special feature,Paved,,Property Damage Only,0,0,0,0,0,0,3000,1,1,,POINT (-91.129889473816 40.80032289937)
2014831861,141115232321,11/15/2014,11-November,7-Saturday,23:20,2300 Hours,District 6 (East Central),,JONES,,Co Rd E45/CO RD E-45,Collision with fixed object:  Ditch,On Roadway,Non-collision (single vehicle),Ran off road - left,None Indicated,,Dark - roadway not lighted,Snow,Cloudy,"Surface condition (e.g., wet, icy)",Non-intersection:  Non-junction/no special feature,Paved,,Property Damage Only,0,0,0,0,0,0,5000,1,2,,POINT (-91.180643259876 42.005293262482)
2014827254,143511,11/15/2014,11-November,7-Saturday,12:29,1200 Hours,District 3 (Northwest),DENISON,CRAWFORD,,1ST AVE S & S 12TH ST,Non-collision events:  Other non-collision (explain in narrative),On Roadway,Rear-end (front to rear),Unknown,None Indicated,,Daylight,Snow,Snow,"Surface condition (e.g., wet, icy)",Intersection:  Four-way intersection,Paved,,Property Damage Only,0,0,0,0,0,0,2000,2,3,,POINT (-95.35685226229 42.015612954396)
2014827438,S14-113243,11/15/2014,11-November,7-Saturday,18:27,1800 Hours,District 2 (Northeast),WATERLOO,BLACK HAWK,,Co Rd D16/E DONALD ST,Non-collision events:  Other non-collision (explain in narrative),Shoulder,Non-collision (single vehicle),Driving too fast for conditions,None Indicated,,Dark - roadway not lighted,Snow,Snow,"Surface condition (e.g., wet, icy)",Non-intersection:  Non-junction/no special feature,Paved,,Minor Injury,0,2,0,2,0,0,12000,1,2,,POINT (-92.228985993735 42.527142898177)
2014827600,CL14004048,11/15/2014,11-November,7-Saturday,16:55,1600 Hours,District 6 (East Central),CLINTON,CLINTON,,2ND AVE S & S 5TH ST,Collision with:  Non-motorist (see non-motorist section - NOT a unit),On Roadway,Non-collision (single vehicle),FTYROW:  To pedestrian,None Indicated,,Dark - roadway lighted,Wet,Snow,None apparent,Intersection:  Four-way intersection,Paved,,Minor Injury,0,1,0,1,0,0,0,1,1,,POINT (-90.195778248468 41.844474656865)
2014827715,32092-14,11/15/2014,11-November,7-Saturday,10:46,1000 Hours,District 3 (Northwest),,EMMET,IA 4,IA 4/IOWA 4,Collision with:  Vehicle in traffic,On Roadway,Rear-end (front to rear),Driving too fast for conditions,None Indicated,,Daylight,Snow,Snow,None apparent,Non-intersection:  Non-junction/no special feature,Paved,,Property Damage Only,0,0,0,0,0,0,5500,2,5,,POINT (-94.797152638005 43.330846166145)
2014827503,148827,11/15/2014,11-November,7-Saturday,14:09,1400 Hours,District 4 (Southwest),WOODWARD,DALLAS,IA 141,IA 141/NE RAMP/NW RAMP & IA 210/SEMINOLE AVE,Collision with:  Vehicle in traffic,On Roadway,Rear-end (front to rear),Other (explain in narrative):  Other,None Indicated,,Daylight,Snow,Snow,"Surface condition (e.g., wet, icy)",Interchange-related:  Off-ramp,Paved,,Property Damage Only,0,0,0,0,0,0,4000,2,4,,POINT (-93.921818256819 41.835896872077)
2014827548,14-5966,11/15/2014,11-November,7-Saturday,16:05,1600 Hours,District 6 (East Central),HIAWATHA,LINN,,BLAIRS FERRY RD & EDGEWOOD RD NE & PROP EDGEWOOD RD,Collision with:  Vehicle in traffic,On Roadway,Broadside (front to side),Ran Stop Sign,None Indicated,,Dark - roadway lighted,Snow,Snow,"Surface condition (e.g., wet, icy)",Intersection:  Four-way intersection,Paved,,Property Damage Only,0,0,0,0,0,0,13000,2,3,,POINT (-91.701308594194 42.034729240399)
2014827246,1411152791,11/15/2014,11-November,7-Saturday,17:20,1700 Hours,District 6 (East Central),GRAND MOUND,CLINTON,US 30,US 30,Collision with:  Vehicle in traffic,On Roadway,Broadside (front to side),FTYROW:  From driveway,None Indicated,,Dark - roadway not lighted,Snow,Snow,None apparent,Non-intersection:  Driveway access (within),Paved,,Property Damage Only,0,0,0,0,0,0,3200,2,2,,POINT (-90.646522319497 41.828196090809)
2014827360,20140034006,11/15/2014,11-November,7-Saturday,00:13,0000 Hours,District 1 (Central),DES MOINES,POLK,,ARTHUR AVE,Collision with:  Vehicle in traffic,Roadside,Head-on (front to front),Ran off road - left,None Indicated,,Dark - roadway lighted,Dry,Cloudy,None apparent,Non-intersection:  Non-junction/no special feature,Paved,,Possible/Unknown,0,1,0,0,0,1,4750,3,777,,POINT (-93.593610510003 41.617272491981)
2014827433,C14003637,11/15/2014,11-November,7-Saturday,16:11,1600 Hours,District 6 (East Central),CORALVILLE,JOHNSON,US 6,US 6/2ND ST,Collision with:  Vehicle in traffic,On Roadway,Rear-end (front to rear),Followed too close,None Indicated,,Dusk,Snow,Snow,None apparent,Non-intersection:  Non-junction/no special feature,Paved,,Property Damage Only,0,0,0,0,0,0,2200,2,2,,POINT (-91.569222759088 41.670147942549)
2014829409,2014063884,11/15/2014,11-November,7-Saturday,03:49,0300 Hours,District 6 (East Central),,IOWA,I-80,I-80,Collision with:  Animal,,,Animal,None Indicated,,,,,,,Paved,,Property Damage Only,0,0,0,0,0,0,5000,1,1,,POINT (-92.23071625677 41.695808968968)
2014827604,2014012828,11/15/2014,11-November,7-Saturday,17:04,1700 Hours,District 6 (East Central),IOWA CITY,JOHNSON,I-80,I-80 & IA 1/N DODGE ST,Collision with:  Vehicle in traffic,On Roadway,Rear-end (front to rear),Driving too fast for conditions,None Indicated,,Dark - roadway lighted,Snow,Snow,"Surface condition (e.g., wet, icy)",Intersection:  Intersection with ramp,Paved,,Property Damage Only,0,0,0,0,0,0,4000,2,4,,POINT (-91.500360943085 41.685437140257)
2014827655,14-30297,11/15/2014,11-November,7-Saturday,14:18,1400 Hours,District 1 (Central),COLFAX,JASPER,I-80,I-80,Collision with:  Vehicle in traffic,On Roadway,"Sideswipe, same direction",Driving too fast for conditions,None Indicated,,Daylight,Ice/frost,Snow,"Surface condition (e.g., wet, icy)",Non-intersection:  Non-junction/no special feature,Paved,,Property Damage Only,0,0,0,0,0,0,9500,2,3,,POINT (-93.243286141628 41.692812025761)
2014827461,14-0011652,11/15/2014,11-November,7-Saturday,12:31,1200 Hours,District 3 (Northwest),,CARROLL,,Co Rd N41/TIMBER AVE,Collision with:  Vehicle in traffic,On Roadway,"Sideswipe, opposite direction",Crossed centerline (undivided),None Indicated,,Daylight,Ice/frost,Snow,"Surface condition (e.g., wet, icy)",Non-intersection:  Non-junction/no special feature,Paved,,Minor Injury,0,1,0,1,0,0,2000,2,3,,POINT (-94.725927492876 42.129156870293)
2014836910,2014064004,11/15/2014,11-November,7-Saturday,14:28,1400 Hours,District 1 (Central),,POLK,I-80,I-80,Collision with fixed object:  Ditch,On Roadway,Non-collision (single vehicle),Driving too fast for conditions,None Indicated,,Daylight,Slush,Snow,None apparent,Non-intersection:  Non-junction/no special feature,Paved,,Major Injury,0,1,1,0,0,0,12000,1,2,,POINT (-93.369093855512 41.680353235846)
2014827616,201417168,11/15/2014,11-November,7-Saturday,16:01,1600 Hours,District 6 (East Central),CEDAR RAPIDS,LINN,,CENTER POINT RD NE,Collision with fixed object:  Guardrail - face,On Roadway,Non-collision (single vehicle),Ran off road - left,None Indicated,,Daylight,Ice/frost,Snow,None apparent,Non-intersection:  Other non-intersection (explain in narrative),Paved,,Property Damage Only,0,0,0,0,0,0,5500,1,1,,POINT (-91.668054016189 42.031051770242)
2014828073,14-005405,11/15/2014,11-November,7-Saturday,15:10,1500 Hours,District 1 (Central),AMES,STORY,,CLEMENS BLVD & S DAKOTA AVE,Collision with:  Vehicle in traffic,On Roadway,Broadside (front to side),Driving too fast for conditions,None Indicated,,Daylight,Snow,Snow,"Surface condition (e.g., wet, icy)",Intersection:  T-intersection,Paved,,Property Damage Only,0,0,0,0,0,0,2300,2,3,,POINT (-93.678692039527 42.017950259966)
2014827504,148841,11/15/2014,11-November,7-Saturday,19:10,1900 Hours,District 4 (Southwest),,DALLAS,,Co Rd R30/W AVE,Collision with:  Vehicle in traffic,On Roadway,"Sideswipe, opposite direction",Swerving/Evasive Action,None Indicated,,Dark - roadway not lighted,Snow,Snow,"Surface condition (e.g., wet, icy)",Non-intersection:  Non-junction/no special feature,Paved,,Property Damage Only,0,0,0,0,0,0,15000,2,3,,POINT (-93.852867132894 41.66772052351)