Iowa DOT Case Number,Law Enforcement Case Number,Date of Crash,Month of Crash,Day of Week,Time of Crash,Hour,DOT District,City Name,County Name,Route with System,Location Description,First Harmful Event,Location of First Harmful Event,Manner of Crash/Collision,Major Cause,Drug or Alcohol ,Environmental Conditions,Light Conditions,Surface Conditions,Weather Conditions,Roadway Contribution,Roadway Type,Roadway Surface,Work Zone,Crash Severity,Number of Fatalities,Number of Injuries,Number of Major Injuries,Number of Minor Injuries,Number of Possible Injuries,Number of Unknown Injuries,Amount of Property Damage,Number of Vehicles Involved,Total Number of Occupants,Travel Direction,Location
2014827462,14-011654,11/15/2014,11-November,7-Saturday,13:20,1300 Hours,District 3 (Northwest),GLIDDEN,CARROLL,,W 3RD ST & MONTANA ST,Collision with:  Vehicle in traffic,On Roadway,Broadside (front to side),Driving too fast for conditions,None Indicated,,Daylight,Snow,Snow,"Surface condition (e.g., wet, icy)",Intersection:  Four-way intersection,Paved,,Property Damage Only,0,0,0,0,0,0,1500,2,2,,POINT (-94.730387076696 42.057824436926)
2014828191,14010232,11/15/2014,11-November,7-Saturday,15:45,1500 Hours,District 6 (East Central),,BUCHANAN,I-380,I-380,Collision with fixed object:  Ditch,Median,Non-collision (single vehicle),Driving too fast for conditions,None Indicated,,Daylight,Snow,Snow,"Surface condition (e.g., wet, icy)",Non-intersection:  Non-junction/no special feature,Paved,,Property Damage Only,0,0,0,0,0,0,2000,1,1,,POINT (-92.05386783434 42.349919259424)
2014827717,201417176,11/15/2014,11-November,7-Saturday,16:56,1600 Hours,District 6 (East Central),CEDAR RAPIDS,LINN,,WILEY BLVD NW,Collision with:  Vehicle in traffic,On Roadway,Head-on (front to front),Other (explain in narrative):  Other,None Indicated,,Dark - roadway lighted,Ice/frost,Snow,"Surface condition (e.g., wet, icy)",Non-intersection:  Non-junction/no special feature,Paved,,Property Damage Only,0,0,0,0,0,0,3728,2,3,,POINT (-91.725774680843 41.975326942531)
2014827331,20140034073,11/15/2014,11-November,7-Saturday,16:25,1600 Hours,District 1 (Central),DES MOINES,POLK,,FRANKLIN AVE & 55TH ST,Collision with:  Vehicle in traffic,On Roadway,Broadside (front to side),Other (explain in narrative):  Other,None Indicated,,Dusk,Snow,Snow,"Surface condition (e.g., wet, icy)",Non-intersection:  Non-junction/no special feature,Paved,,Possible/Unknown,0,1,0,0,1,0,2000,2,3,,POINT (-93.693086810546 41.611257421916)
2014827773,2014-79407,11/15/2014,11-November,7-Saturday,22:04,2200 Hours,District 6 (East Central),DAVENPORT,SCOTT,,W LOCUST ST & WARREN ST,Collision with:  Vehicle in traffic,On Roadway,Broadside (front to side),Unknown,None Indicated,,Dark - roadway lighted,Snow,Snow,Unknown,Non-intersection:  Non-junction/no special feature,Paved,,Property Damage Only,0,0,0,0,0,0,2500,2,2,,POINT (-90.585721585373 41.538265867615)
2014827327,20140034059,11/15/2014,11-November,7-Saturday,15:42,1500 Hours,District 1 (Central),DES MOINES,POLK,I-235,I-235 & 3RD ST,Collision with:  Vehicle in traffic,On Roadway,"Sideswipe, same direction",Unknown,None Indicated,,Daylight,Slush,Snow,"Surface condition (e.g., wet, icy)",Non-intersection:  Non-junction/no special feature,Paved,,Minor Injury,0,1,0,1,0,0,4873,2,3,,POINT (-93.621539180965 41.595777765327)
2014827470,14-014010,11/15/2014,11-November,7-Saturday,15:10,1500 Hours,District 1 (Central),,TAMA,US 30,US 30,Collision with:  Animal,,Non-collision (single vehicle),Animal,None Indicated,,,,,,,Paved,,Property Damage Only,0,0,0,0,0,0,3000,1,1,,POINT (-92.693664884524 41.999895469412)
2014827324,20140034050,11/15/2014,11-November,7-Saturday,14:38,1400 Hours,District 1 (Central),DES MOINES,POLK,,EVERGREEN AVE & INDIANOLA AVE,Collision with:  Vehicle in traffic,On Roadway,Rear-end (front to rear),Followed too close,None Indicated,,Daylight,Snow,Snow,None apparent,Intersection:  Four-way intersection,Paved,,Property Damage Only,0,0,0,0,0,0,6000,2,3,,POINT (-93.595276243907 41.551672993015)
2014827787,14-004950,11/15/2014,11-November,7-Saturday,15:04,1500 Hours,District 1 (Central),ANKENY,POLK,I-35,I-35,Non-collision events:  Other non-collision (explain in narrative),On Roadway,Non-collision (single vehicle),Driving too fast for conditions,None Indicated,,Daylight,Snow,Snow,"Surface condition (e.g., wet, icy)",Non-intersection:  Non-junction/no special feature,Paved,,Property Damage Only,0,0,0,0,0,0,4400,1,2,,POINT (-93.570050322552 41.767179805166)
2014831925,2014064076,11/15/2014,11-November,7-Saturday,19:10,1900 Hours,District 1 (Central),,STORY,I-35,I-35,Collision with fixed object:  Ditch,Roadside,Non-collision (single vehicle),Swerving/Evasive Action,None Indicated,,Dark - roadway not lighted,Snow,"Sleet, hail",None apparent,Interchange-related:  On-ramp merge area,Paved,,Property Damage Only,0,0,0,0,0,0,1500,1,2,,POINT (-93.570356813422 42.161562598625)
2014827768,2014-79366,11/15/2014,11-November,7-Saturday,16:50,1600 Hours,District 6 (East Central),DAVENPORT,SCOTT,US 6,US 6/W KIMBERLY RD & STURDEVANT ST,Non-collision events:  Other non-collision (explain in narrative),On Roadway,Non-collision (single vehicle),Swerving/Evasive Action,None Indicated,,Dusk,Snow,Snow,"Surface condition (e.g., wet, icy)",Intersection:  Four-way intersection,Paved,,Possible/Unknown,0,2,0,0,2,0,1500,1,4,,POINT (-90.597464756005 41.560064292637)
2014828382,14-061115-04,11/15/2014,11-November,7-Saturday,18:10,1800 Hours,District 6 (East Central),,IOWA,IA 149,IA 149/M AVE & Co Rd F67/335TH ST,Collision with:  Vehicle in traffic,On Roadway,Broadside (front to side),Ran Stop Sign,None Indicated,,Dark - roadway lighted,Snow,Snow,"Surface condition (e.g., wet, icy)",Intersection:  Four-way intersection,Paved,,Property Damage Only,0,0,0,0,0,0,7000,2,3,,POINT (-92.065045957853 41.517725261628)
2014828597,2014064028,11/15/2014,11-November,7-Saturday,17:10,1700 Hours,District 6 (East Central),DAVENPORT,SCOTT,I-80,I-80,Collision with fixed object:  Guardrail - face,Shoulder,Non-collision (single vehicle),Ran off road - left,None Indicated,,Dark - roadway not lighted,Snow,Snow,"Surface condition (e.g., wet, icy)",Non-intersection:  Non-junction/no special feature,Paved,,Property Damage Only,0,0,0,0,0,0,6000,1,2,,POINT (-90.51740342886 41.596279183257)
2014827333,20140034077,11/15/2014,11-November,7-Saturday,17:50,1700 Hours,District 1 (Central),DES MOINES,POLK,,UNIVERSITY AVE & 14TH PL,Collision with fixed object:  Other fixed object (explain in narrative),On Roadway,Non-collision (single vehicle),Ran off road - right,None Indicated,,Dark - roadway lighted,Snow,Snow,None apparent,Non-intersection:  Non-junction/no special feature,Paved,,Minor Injury,0,1,0,1,0,0,4000,1,2,,POINT (-93.636619675679 41.600433052766)
2014827398,14-37867,11/15/2014,11-November,7-Saturday,23:20,2300 Hours,District 3 (Northwest),SIOUX CITY,WOODBURY,,W HIGHLAND AVE & S LEONARD ST,Collision with fixed object:  Curb/island/raised median,On Roadway,Non-collision (single vehicle),Crossed centerline (undivided),None Indicated,,Dark - roadway lighted,Snow,Snow,"Surface condition (e.g., wet, icy)",Non-intersection:  Non-junction/no special feature,Paved,,Minor Injury,0,1,0,1,0,0,3150,1,2,,POINT (-96.44032500139 42.495844063533)
2014827883,2014012826,11/15/2014,11-November,7-Saturday,16:33,1600 Hours,District 6 (East Central),IOWA CITY,JOHNSON,,RIVER ST & ROCKY SHORE DR,Collision with:  Vehicle in traffic,On Roadway,Broadside (front to side),Other (explain in narrative):  No improper action,None Indicated,,Dark - roadway lighted,Ice/frost,Snow,"Surface condition (e.g., wet, icy)",Non-intersection:  Non-junction/no special feature,Paved,,Property Damage Only,0,0,0,0,0,0,6200,2,5,,POINT (-91.55440686222 41.669277996129)
2014850914,14-009254,11/15/2014,11-November,7-Saturday,16:11,1600 Hours,District 5 (Southeast),,LOUISA,US 61,US 61,Collision with:  Vehicle in traffic,On Roadway,Head-on (front to front),Crossed centerline (undivided),None Indicated,,Daylight,Ice/frost,Snow,"Surface condition (e.g., wet, icy)",Non-intersection:  Non-junction/no special feature,Paved,,Possible/Unknown,0,2,0,0,2,0,11000,2,4,,POINT (-91.19716867312 41.225183197871)
2014828918,2014064071,11/15/2014,11-November,7-Saturday,14:30,1400 Hours,District 1 (Central),ALLEMAN,POLK,I-35,I-35,Collision with:  Vehicle in traffic,On Roadway,"Sideswipe, same direction",Driving too fast for conditions,None Indicated,,Daylight,Snow,Snow,"Surface condition (e.g., wet, icy)",Non-intersection:  Non-junction/no special feature,Paved,,Possible/Unknown,0,1,0,0,1,0,12000,4,9,,POINT (-93.571294569283 41.86123278085)
2014828859,2014064051,11/15/2014,11-November,7-Saturday,17:59,1700 Hours,District 4 (Southwest),,POTTAWATTAMIE,I-29,I-29,Non-collision events:  Overturn/rollover,On Roadway,Non-collision (single vehicle),Ran off road - right,None Indicated,,Dark - roadway not lighted,Snow,Snow,None apparent,Non-intersection:  Non-junction/no special feature,Paved,,Property Damage Only,0,0,0,0,0,0,6000,1,1,,POINT (-95.899579168373 41.38789266232)
2014828050,14-005251,11/15/2014,11-November,7-Saturday,10:25,1000 Hours,District 3 (Northwest),ROCK RAPIDS,LYON,,S 2ND AVE & S CARROLL AVE,Collision with:  Vehicle in traffic,On Roadway,Broadside (front to side),Ran Stop Sign,None Indicated,,Daylight,Snow,Snow,"Surface condition (e.g., wet, icy)",Intersection:  Four-way intersection,Paved,,Minor Injury,0,1,0,1,0,0,3804,2,4,,POINT (-96.172467217456 43.430818284444)
2014844099,CP14-1124,11/15/2014,11-November,7-Saturday,16:00,1600 Hours,District 2 (Northeast),CLARION,WRIGHT,IA 3,IA 3/CENTRAL AVE,Non-collision events:  Other non-collision (explain in narrative),Outside trafficway,Non-collision (single vehicle),Driving too fast for conditions,None Indicated,,Daylight,Snow,Snow,"Surface condition (e.g., wet, icy)",Non-intersection:  Non-junction/no special feature,Paved,,Possible/Unknown,0,1,0,0,1,0,17000,1,1,,POINT (-93.739460985012 42.731661170081)
2014831309,2014064040,11/15/2014,11-November,7-Saturday,16:45,1600 Hours,District 1 (Central),ANKENY,POLK,I-35,I-35,Collision with fixed object:  Guardrail - face,On Roadway,Non-collision (single vehicle),Driving too fast for conditions,None Indicated,,Dusk,Snow,Snow,None apparent,Non-intersection:  Non-junction/no special feature,Paved,,Property Damage Only,0,0,0,0,0,0,3000,1,1,,POINT (-93.575895121791 41.69019448931)
2014829789,W14-113140,11/15/2014,11-November,7-Saturday,14:40,1400 Hours,District 2 (Northeast),WATERLOO,BLACK HAWK,,KIMBALL AVE & BROOKERIDGE DR,Collision with:  Vehicle in traffic,On Roadway,Broadside (front to side),Driving too fast for conditions,None Indicated,,Daylight,Snow,Snow,None apparent,Intersection:  T-intersection,Paved,,Property Damage Only,0,0,0,0,0,0,4000,2,3,,POINT (-92.356563841053 42.459341781419)
2014828652,1411-083,11/15/2014,11-November,7-Saturday,14:25,1400 Hours,District 3 (Northwest),,OSCEOLA,,Co Rd M18/WHITE AVE,Collision with fixed object:  Other fixed object (explain in narrative),On Roadway,Non-collision (single vehicle),Crossed centerline (undivided),None Indicated,,Daylight,Snow,Snow,"Surface condition (e.g., wet, icy)",Non-intersection:  Non-junction/no special feature,Paved,,Property Damage Only,0,0,0,0,0,0,1750,1,3,,POINT (-95.447521031618 43.282729306409)
2014828822,201400055883,11/15/2014,11-November,7-Saturday,16:30,1600 Hours,District 5 (Southeast),OTTUMWA,WAPELLO,,W FINLEY AVE & S FERRY ST & N FERRY ST,Collision with:  Vehicle in traffic,On Roadway,Broadside (front to side),FTYROW:  From stop sign,None Indicated,,Daylight,Snow,Snow,None apparent,Intersection:  Four-way intersection,Paved,,Property Damage Only,0,0,0,0,0,0,2000,2,2,,POINT (-92.433668576498 41.002013361008)
2014828507,165-2014,11/15/2014,11-November,7-Saturday,13:00,1300 Hours,District 4 (Southwest),,HARRISON,,ONEIDA AVE & 153RD ST,Non-collision events:  Overturn/rollover,On Roadway,Non-collision (single vehicle),Driving too fast for conditions,None Indicated,,Daylight,Snow,Snow,"Surface condition (e.g., wet, icy)",Intersection:  T-intersection,Unpaved,,Property Damage Only,0,0,0,0,0,0,10000,1,1,,POINT (-95.784281394048 41.78735928984)
2014830256,I-14-2351,11/15/2014,11-November,7-Saturday,19:00,1900 Hours,District 6 (East Central),MONTICELLO,JONES,,W 1ST ST & S WALNUT ST & N WALNUT ST,Collision with:  Vehicle in traffic,On Roadway,Broadside (front to side),Driving too fast for conditions,None Indicated,,Dark - roadway lighted,Snow,Snow,"Surface condition (e.g., wet, icy)",Intersection:  Four-way intersection,Paved,,Property Damage Only,0,0,0,0,0,0,4000,2,5,,POINT (-91.193337335391 42.238038226296)
2014828841,14-2560,11/15/2014,11-November,7-Saturday,14:48,1400 Hours,District 1 (Central),URBANDALE,POLK,,86TH ST,Collision with:  Vehicle in traffic,On Roadway,Rear-end (front to rear),Driving too fast for conditions,None Indicated,,Daylight,Wet,Snow,"Surface condition (e.g., wet, icy)",Non-intersection:  Driveway access (within),Paved,,Property Damage Only,0,0,0,0,0,0,5200,2,4,,POINT (-93.736489878491 41.641179574849)
2014827622,201417185,11/15/2014,11-November,7-Saturday,20:31,2000 Hours,District 6 (East Central),CEDAR RAPIDS,LINN,,CRIMSON DR NE & C AVE NE,Collision with fixed object:  Utility pole/light support,On Roadway,Non-collision (single vehicle),Driving too fast for conditions,None Indicated,,Dark - roadway lighted,Snow,Snow,"Surface condition (e.g., wet, icy)",Intersection:  T-intersection,Paved,,Property Damage Only,0,0,0,0,0,0,3000,1,1,,POINT (-91.638513396738 42.036352093243)
2014827620,201417174,11/15/2014,11-November,7-Saturday,16:25,1600 Hours,District 6 (East Central),CEDAR RAPIDS,LINN,,29TH ST NE,Collision with fixed object:  Utility pole/light support,On Roadway,Non-collision (single vehicle),Ran off road - straight,None Indicated,,Dark - roadway lighted,Ice/frost,Snow,"Surface condition (e.g., wet, icy)",Non-intersection:  Non-junction/no special feature,Paved,,Possible/Unknown,0,1,0,0,1,0,12000,1,1,,POINT (-91.63850338059 42.006252701969)
2014828391,14113184,11/15/2014,11-November,7-Saturday,15:48,1500 Hours,District 2 (Northeast),CEDAR FALLS,BLACK HAWK,IA 27,IA 27,Collision with:  Vehicle in traffic,On Roadway,Unknown,Lost Control,None Indicated,,Daylight,Snow,Snow,"Surface condition (e.g., wet, icy)",Non-intersection:  Non-junction/no special feature,Paved,,Property Damage Only,0,0,0,0,0,0,2500,2,2,,POINT (-92.448872892207 42.488974847984)
2014827727,14-5793,11/15/2014,11-November,7-Saturday,17:40,1700 Hours,District 1 (Central),WEST DES MOINES,POLK,I-235,I-235,Collision with fixed object:  Concrete traffic barrier (median or right side),On Roadway,Non-collision (single vehicle),Lost Control,None Indicated,,Dark - roadway lighted,Snow,Snow,None apparent,Non-intersection:  Non-junction/no special feature,Paved,,Property Damage Only,0,0,0,0,0,0,10000,1,1,,POINT (-93.754999043152 41.592276619544)
2014827486,14-234,11/15/2014,11-November,7-Saturday,12:20,1200 Hours,District 2 (Northeast),WAVERLY,BREMER,IA 116,IA 116/4TH ST SW,Collision with:  Parked motor vehicle,Shoulder,Rear-end (front to rear),Driving too fast for conditions,None Indicated,,Daylight,Snow,Snow,"Surface condition (e.g., wet, icy)",Non-intersection:  Driveway access (within),Paved,,Possible/Unknown,0,2,0,0,2,0,9500,2,7,,POINT (-92.475733619615 42.702094597038)
2014827505,148844,11/15/2014,11-November,7-Saturday,19:45,1900 Hours,District 4 (Southwest),,DALLAS,,Co Rd F60/OLD HWY 6 SOUTH & Co Rd F65/F 65,Collision with fixed object:  Ditch,Gore,Non-collision (single vehicle),Driving too fast for conditions,None Indicated,,Dark - roadway lighted,Snow,Snow,"Surface condition (e.g., wet, icy)",Intersection:  T-intersection,Paved,,Property Damage Only,0,0,0,0,0,0,2500,1,2,,POINT (-94.195606264946 41.517913750972)
2014828241,201404216,11/15/2014,11-November,7-Saturday,16:31,1600 Hours,District 6 (East Central),,LINN,,Co Rd E34/FEATHER RIDGE RD & Co Rd E36/BLAIRS FERRY RD,Collision with:  Vehicle in traffic,On Roadway,Broadside (front to side),FTYROW:  From stop sign,None Indicated,,Daylight,Snow,Snow,None apparent,Intersection:  T-intersection,Paved,,Property Damage Only,0,0,0,0,0,0,6000,2,3,,POINT (-91.74202169749 42.065948471668)
2014828130,2014-13828,11/15/2014,11-November,7-Saturday,17:06,1700 Hours,District 6 (East Central),PEOSTA,DUBUQUE,,PEOSTA ST,Collision with fixed object:  Curb/island/raised median,On Roadway,Non-collision (single vehicle),Ran off road - right,None Indicated,,Dark - roadway lighted,Ice/frost,Snow,"Surface condition (e.g., wet, icy)",Intersection:  Other intersection (explain in narrative),Unpaved,,Property Damage Only,0,0,0,0,0,0,3000,1,1,,POINT (-90.850674607861 42.444720522761)
2014828150,14-1401,11/15/2014,11-November,7-Saturday,17:06,1700 Hours,District 1 (Central),CLIVE,POLK,,FRANKLIN AVE & NW 86TH ST,Collision with:  Vehicle in traffic,On Roadway,Rear-end (front to rear),Driving too fast for conditions,None Indicated,,Dark - roadway lighted,Slush,Snow,"Surface condition (e.g., wet, icy)",Intersection:  T-intersection,Paved,,Property Damage Only,0,0,0,0,0,0,2600,3,3,,POINT (-93.736413264527 41.6112402439)
2014827726,14-5789,11/15/2014,11-November,7-Saturday,15:50,1500 Hours,District 1 (Central),WEST DES MOINES,POLK,,ASPEN DR & 50TH ST,Collision with:  Vehicle in traffic,On Roadway,Broadside (front to side),Other (explain in narrative):  Other,None Indicated,,Daylight,Snow,Snow,"Surface condition (e.g., wet, icy)",Non-intersection:  Non-junction/no special feature,Paved,,Property Damage Only,0,0,0,0,0,0,5050,2,2,,POINT (-93.770947562947 41.581416157817)
2014827890,2014012821,11/15/2014,11-November,7-Saturday,15:57,1500 Hours,District 6 (East Central),IOWA CITY,JOHNSON,,MUSCATINE AVE & S 7TH AVE,Collision with:  Vehicle in traffic,On Roadway,Rear-end (front to rear),Driving too fast for conditions,None Indicated,,Daylight,Snow,Snow,"Surface condition (e.g., wet, icy)",Intersection:  Four-way intersection,Paved,,Possible/Unknown,0,1,0,0,1,0,16500,3,7,,POINT (-91.51158846408 41.654446517698)
2014827678,2014-24739,11/15/2014,11-November,7-Saturday,15:00,1500 Hours,District 5 (Southeast),,WARREN,US 65,US 65,Collision with:  Vehicle in traffic,On Roadway,Rear-end (front to rear),Driving too fast for conditions,None Indicated,,Daylight,Snow,Snow,"Surface condition (e.g., wet, icy)",Non-intersection:  Non-junction/no special feature,Paved,,Possible/Unknown,0,1,0,0,1,0,35000,3,4,,POINT (-93.558753705751 41.424986763834)
2014828203,14113098,11/15/2014,11-November,7-Saturday,13:51,1300 Hours,District 2 (Northeast),CEDAR FALLS,BLACK HAWK,,UNIVERSITY AVE,Collision with:  Vehicle in traffic,On Roadway,Rear-end (front to rear),Other (explain in narrative):  Other,None Indicated,,Daylight,Snow,Cloudy,"Surface condition (e.g., wet, icy)",Non-intersection:  Non-junction/no special feature,Paved,,Property Damage Only,0,0,0,0,0,0,1700,2,3,,POINT (-92.44659165113 42.51309050277)
2014827384,14-37811,11/15/2014,11-November,7-Saturday,13:27,1300 Hours,District 3 (Northwest),SIOUX CITY,WOODBURY,,FLORENCE AVE & BOISE ST,Collision with fixed object:  Utility pole/light support,On Roadway,Non-collision (single vehicle),Driving too fast for conditions,None Indicated,,Daylight,Slush,Snow,"Surface condition (e.g., wet, icy)",Intersection:  T-intersection,Paved,,Minor Injury,0,1,0,1,0,0,1300,1,1,,POINT (-96.476824523518 42.51201174754)
2014828107,2014063954,11/15/2014,11-November,7-Saturday,13:31,1300 Hours,District 4 (Southwest),,ADAIR,IA 25,IA 25/IOWA 25 & Co Rd G27/170TH ST,Collision with fixed object:  Ditch,Roadside,Non-collision (single vehicle),Swerving/Evasive Action,None Indicated,,Daylight,Snow,Snow,"Surface condition (e.g., wet, icy)",Intersection:  Four-way intersection,Paved,,Minor Injury,0,1,0,1,0,0,2000,1,1,,POINT (-94.452706659774 41.403174295568)
2014829652,1400001012,11/15/2014,11-November,7-Saturday,14:30,1400 Hours,District 1 (Central),,MARSHALL,IA 330,IA 330/MARSHALLTOWN BLVD,Non-collision events:  Overturn/rollover,On Roadway,Non-collision (single vehicle),Ran off road - right,None Indicated,,Daylight,Ice/frost,Snow,"Surface condition (e.g., wet, icy)",Non-intersection:  Non-junction/no special feature,Paved,,Property Damage Only,0,0,0,0,0,0,2000,1,2,,POINT (-93.206432644156 41.881301483958)
2014827250,143509,11/15/2014,11-November,7-Saturday,11:51,1100 Hours,District 3 (Northwest),,CRAWFORD,US 59,US 59,Non-collision events:  Other non-collision (explain in narrative),On Roadway,Non-collision (single vehicle),Ran off road - right,None Indicated,,Daylight,Snow,Snow,"Surface condition (e.g., wet, icy)",Non-intersection:  Non-junction/no special feature,Paved,,Possible/Unknown,0,1,0,0,1,0,5000,1,1,,POINT (-95.367809533149 41.982840177046)
2014828506,164-2014,11/15/2014,11-November,7-Saturday,12:30,1200 Hours,District 4 (Southwest),,HARRISON,US 30,US 30,Collision with:  Vehicle in traffic,On Roadway,"Sideswipe, same direction",Driving too fast for conditions,None Indicated,,Daylight,Snow,Snow,"Surface condition (e.g., wet, icy)",Non-intersection:  Non-junction/no special feature,Paved,,Property Damage Only,0,0,0,0,0,0,4300,2,3,,POINT (-95.703012683258 41.709230056825)
2014827844,2014063960,11/15/2014,11-November,7-Saturday,14:00,1400 Hours,District 5 (Southeast),,DAVIS,US 63,US 63,Collision with:  Vehicle in traffic,On Roadway,"Sideswipe, opposite direction",Crossed centerline (undivided),None Indicated,,Daylight,Snow,Snow,"Surface condition (e.g., wet, icy)",Non-intersection:  Non-junction/no special feature,Paved,,Property Damage Only,0,0,0,0,0,0,13000,2,3,,POINT (-92.399105466637 40.831194168587)
2014829663,14010244,11/15/2014,11-November,7-Saturday,22:05,2200 Hours,District 6 (East Central),,BUCHANAN,,Co Rd V65/BENSON-SHADY GROVE AVE,Non-collision events:  Overturn/rollover,Roadside,Non-collision (single vehicle),Driving too fast for conditions,None Indicated,,Dark - roadway not lighted,Snow,Snow,"Surface condition (e.g., wet, icy)",Non-intersection:  Non-junction/no special feature,Paved,,Property Damage Only,0,0,0,0,0,0,8000,1,1,,POINT (-92.055102117025 42.40933272086)
2014827937,H14-0286,11/15/2014,11-November,7-Saturday,13:50,1300 Hours,District 1 (Central),HUXLEY,STORY,I-35,I-35,Non-collision events:  Overturn/rollover,On Roadway,Non-collision (single vehicle),Ran off road - right,None Indicated,,Daylight,Snow,Snow,"Surface condition (e.g., wet, icy)",Non-intersection:  Non-junction/no special feature,Paved,,Minor Injury,0,1,0,1,0,0,1838,1,2,,POINT (-93.571079129877 41.895234559301)
2014827858,14-048370,11/15/2014,11-November,7-Saturday,11:30,1100 Hours,District 4 (Southwest),COUNCIL BLUFFS,POTTAWATTAMIE,I-29,I-29,Collision with fixed object:  Guardrail - face,On Roadway,Non-collision (single vehicle),Lost Control,None Indicated,,Daylight,Ice/frost,Snow,"Surface condition (e.g., wet, icy)",Non-intersection:  Non-junction/no special feature,Paved,,Property Damage Only,0,0,0,0,0,0,2500,1,1,,POINT (-95.842944626883 41.230804931914)
2014827670,2014-039690,11/15/2014,11-November,7-Saturday,17:30,1700 Hours,District 6 (East Central),DUBUQUE,DUBUQUE,,KANE ST & SHETLAND CT,Collision with:  Vehicle in traffic,On Roadway,Rear-end (front to rear),Lost Control,None Indicated,,Dark - roadway lighted,Snow,Snow,None apparent,Non-intersection:  Non-junction/no special feature,Paved,,Property Damage Only,0,0,0,0,0,0,2000,3,4,,POINT (-90.709875019637 42.517051550444)
2014828470,14-005412,11/15/2014,11-November,7-Saturday,16:39,1600 Hours,District 1 (Central),AMES,STORY,,LINCOLN WAY & S HAZEL AVE & N HAZEL AVE,Collision with:  Vehicle in traffic,On Roadway,Broadside (front to side),Ran Traffic Signal,None Indicated,,Daylight,Slush,Snow,None apparent,Intersection:  Four-way intersection,Paved,,Property Damage Only,0,0,0,0,0,0,3000,2,4,,POINT (-93.626817009702 42.022883653073)
2014829765,,11/15/2014,11-November,7-Saturday,23:07,2300 Hours,District 5 (Southeast),FORT MADISON,LEE,,AVE D,Collision with:  Parked motor vehicle,On Roadway,Broadside (front to side),Other (explain in narrative):  Vision obstructed,None Indicated,,Dark - roadway not lighted,Ice/frost,Snow,None apparent,Non-intersection:  Non-junction/no special feature,Paved,,Property Damage Only,0,0,0,0,0,0,2000,2,2,,POINT (-91.326255211471 40.634176223014)
2014828731,14-007898,11/15/2014,11-November,7-Saturday,15:51,1500 Hours,District 3 (Northwest),,MONONA,,Co Rd K45/K45,Collision with fixed object:  Tree,On Roadway,Non-collision (single vehicle),Driving too fast for conditions,None Indicated,,Daylight,Snow,Snow,"Surface condition (e.g., wet, icy)",Non-intersection:  Non-junction/no special feature,Paved,,Possible/Unknown,0,1,0,0,1,0,2100,1,1,,POINT (-96.09755170223 42.013211963909)
2014827794,2014012843,11/15/2014,11-November,7-Saturday,20:40,2000 Hours,District 6 (East Central),IOWA CITY,JOHNSON,,W BENTON ST,Collision with:  Vehicle in traffic,On Roadway,Rear-end (front to rear),Driving too fast for conditions,None Indicated,,Dark - roadway lighted,Snow,Snow,"Surface condition (e.g., wet, icy)",Non-intersection:  Non-junction/no special feature,Paved,,Property Damage Only,0,0,0,0,0,0,3500,2,2,,POINT (-91.551765976487 41.650438413973)
2014829413,2014063951,11/15/2014,11-November,7-Saturday,13:05,1300 Hours,District 4 (Southwest),,HARRISON,I-29,I-29 & 305TH ST,Collision with fixed object:  Guardrail - face,On Roadway,Non-collision (single vehicle),Ran off road - left,None Indicated,,Daylight,Snow,Snow,"Surface condition (e.g., wet, icy)",Non-intersection:  Non-junction/no special feature,Paved,,Possible/Unknown,0,1,0,0,1,0,9709,1,1,,POINT (-95.917956421497 41.5646846205)
2014827300,14-7586,11/15/2014,11-November,7-Saturday,16:47,1600 Hours,District 1 (Central),,POLK,,Co Rd F48/NE 46TH AVE,Collision with:  Animal,,Non-collision (single vehicle),Animal,None Indicated,,,,,,,Paved,,Property Damage Only,0,0,0,0,0,0,2000,1,1,,POINT (-93.400036649519 41.644257035906)
2014827338,20140034084,11/15/2014,11-November,7-Saturday,19:00,1900 Hours,District 1 (Central),DES MOINES,POLK,,DES MOINES ST,Collision with:  Vehicle in traffic,On Roadway,Unknown,Unknown,None Indicated,,Unknown,Snow,Snow,Unknown,Non-intersection:  Non-junction/no special feature,Paved,,Property Damage Only,0,0,0,0,0,0,2500,2,1,,POINT (-93.569493814482 41.596497715841)
2014827299,14-7581,11/15/2014,11-November,7-Saturday,14:20,1400 Hours,District 1 (Central),,POLK,IA 163,IA 163/NE UNIVERSITY AVE & NE 100TH ST,Collision with:  Vehicle in traffic,On Roadway,"Sideswipe, same direction",Driving too fast for conditions,None Indicated,,Daylight,Snow,Snow,"Surface condition (e.g., wet, icy)",Non-intersection:  Non-junction/no special feature,Paved,,Property Damage Only,0,0,0,0,0,0,4500,2,3,,POINT (-93.395927343981 41.600667233458)
2014827340,20140034096,11/15/2014,11-November,7-Saturday,20:54,2000 Hours,District 1 (Central),DES MOINES,POLK,,EBELL AVE & INDIANOLA AVE,Collision with fixed object:  Traffic sign support,On Roadway,Non-collision (single vehicle),Ran off road - right,None Indicated,,Dark - roadway lighted,Snow,Snow,None apparent,Non-intersection:  Non-junction/no special feature,Paved,,Property Damage Only,0,0,0,0,0,0,1500,1,1,,POINT (-93.60901055361 41.563679863586)