Iowa DOT Case Number,Law Enforcement Case Number,Date of Crash,Month of Crash,Day of Week,Time of Crash,Hour,DOT District,City Name,County Name,Route with System,Location Description,First Harmful Event,Location of First Harmful Event,Manner of Crash/Collision,Major Cause,Drug or Alcohol ,Environmental Conditions,Light Conditions,Surface Conditions,Weather Conditions,Roadway Contribution,Roadway Type,Roadway Surface,Work Zone,Crash Severity,Number of Fatalities,Number of Injuries,Number of Major Injuries,Number of Minor Injuries,Number of Possible Injuries,Number of Unknown Injuries,Amount of Property Damage,Number of Vehicles Involved,Total Number of Occupants,Travel Direction,Location
2014830121,1-14-000434,11/15/2014,11-November,7-Saturday,11:50,1100 Hours,District 4 (Southwest),,SHELBY,,Co Rd F24/STREET F24,Non-collision events:  Overturn/rollover,On Roadway,Non-collision (single vehicle),Driving too fast for conditions,None Indicated,,Daylight,Snow,Snow,None apparent,Non-intersection:  Non-junction/no special feature,Paved,,Possible/Unknown,0,2,0,0,2,0,3000,1,5,,POINT (-95.264453181125 41.791890455305)
2014828199,111514-075,11/15/2014,11-November,7-Saturday,09:25,0900 Hours,District 3 (Northwest),STORM LAKE,BUENA VISTA,,W 6TH ST & GENESEO ST,Collision with:  Vehicle in traffic,On Roadway,Broadside (front to side),Improper Backing,None Indicated,,Daylight,Wet,Snow,None apparent,Non-intersection:  Non-junction/no special feature,Paved,,Property Damage Only,0,0,0,0,0,0,2000,2,2,,POINT (-95.203335674622 42.645492755121)
2014827693,2014063941,11/15/2014,11-November,7-Saturday,09:57,0900 Hours,District 3 (Northwest),SPENCER,CLAY,,Co Rd B24/350TH ST,Collision with:  Vehicle in traffic,On Roadway,Head-on (front to front),Crossed centerline (undivided),None Indicated,,Daylight,Snow,Snow,"Surface condition (e.g., wet, icy)",Non-intersection:  Non-junction/no special feature,Paved,,Fatal,1,1,1,0,0,0,40000,2,2,,POINT (-95.182564076822 43.141945212496)
2014828110,2014064055,11/15/2014,11-November,7-Saturday,18:05,1800 Hours,District 5 (Southeast),,JEFFERSON,US 34,US 34,Collision with:  Animal,,,Animal,None Indicated,,,,,,,Paved,,Property Damage Only,0,0,0,0,0,0,4000,1,1,,POINT (-92.018932643545 41.00227428462)
2014827298,14-7579,11/15/2014,11-November,7-Saturday,14:36,1400 Hours,District 1 (Central),GRIMES,POLK,,SE 37TH ST & S JAMES ST,Collision with:  Vehicle in traffic,On Roadway,"Sideswipe, same direction",Driving too fast for conditions,None Indicated,,Daylight,Snow,Snow,"Surface condition (e.g., wet, icy)",Intersection:  Four-way intersection,Paved,,Property Damage Only,0,0,0,0,0,0,1880,2,2,,POINT (-93.794445270211 41.658429557017)
2014828132,2014-79236,11/15/2014,11-November,7-Saturday,01:12,0100 Hours,District 6 (East Central),DAVENPORT,SCOTT,,N DIVISION ST,Non-collision events:  Other non-collision (explain in narrative),On Roadway,Non-collision (single vehicle),Ran off road - right,Alcohol (Statutory),,Dark - roadway not lighted,Dry,Clear,None apparent,Non-intersection:  Non-junction/no special feature,Paved,,Property Damage Only,0,0,0,0,0,0,10000,1,2,,POINT (-90.598541318646 41.594761342105)
2014827468,14-011650,11/15/2014,11-November,7-Saturday,11:35,1100 Hours,District 3 (Northwest),,CARROLL,US 71,US 71,Non-collision events:  Overturn/rollover,On Roadway,Non-collision (single vehicle),Ran off road - right,None Indicated,,Daylight,Snow,Snow,"Surface condition (e.g., wet, icy)",Non-intersection:  Non-junction/no special feature,Paved,,Minor Injury,0,1,0,1,0,0,15000,1,1,,POINT (-94.878103165139 42.174560749473)
2014828399,2014063997,11/15/2014,11-November,7-Saturday,15:50,1500 Hours,District 1 (Central),,POWESHIEK,I-80,I-80,Collision with fixed object:  Ditch,Outside trafficway,Non-collision (single vehicle),Driving too fast for conditions,None Indicated,,Daylight,Ice/frost,Snow,"Surface condition (e.g., wet, icy)",Non-intersection:  Non-junction/no special feature,Paved,,Possible/Unknown,0,2,0,0,2,0,7200,1,2,,POINT (-92.388180082579 41.696043603191)
2014829102,2014064069,11/15/2014,11-November,7-Saturday,14:00,1400 Hours,District 1 (Central),,POLK,I-35,I-35,Collision with fixed object:  Guardrail - face,Median,Non-collision (single vehicle),Driving too fast for conditions,None Indicated,,Daylight,Ice/frost,Snow,"Surface condition (e.g., wet, icy)",Non-intersection:  Non-junction/no special feature,Paved,,Property Damage Only,0,0,0,0,0,0,5500,1,3,,POINT (-93.571073859169 41.845904223175)
2014828490,14-019407,11/15/2014,11-November,7-Saturday,06:07,0600 Hours,District 5 (Southeast),,HENRY,,Co Rd H38/220TH ST,Collision with:  Animal,,Non-collision (single vehicle),Animal,None Indicated,,,,,,,Paved,,Property Damage Only,0,0,0,0,0,0,1500,1,1,,POINT (-91.494408265951 40.980996423973)
2014828195,14V11052,11/15/2014,11-November,7-Saturday,15:36,1500 Hours,District 6 (East Central),,BENTON,US 218,US 218/24 AVE & Co Rd E22/61 ST,Collision with:  Vehicle in traffic,On Roadway,Broadside (front to side),Ran Stop Sign,None Indicated,,Daylight,Snow,Snow,"Surface condition (e.g., wet, icy)",Intersection:  T-intersection,Paved,,Minor Injury,0,1,0,1,0,0,0,2,2,,POINT (-92.028063448742 42.144894523485)
2014827244,1411152621,11/15/2014,11-November,7-Saturday,16:50,1600 Hours,District 6 (East Central),,CLINTON,,243 ST,Collision with fixed object:  Ditch,On Roadway,Non-collision (single vehicle),Driving too fast for conditions,None Indicated,,Daylight,Dry,Snow,None apparent,Non-intersection:  Non-junction/no special feature,Unpaved,,Property Damage Only,0,0,0,0,0,0,5000,1,3,,POINT (-90.631874635781 41.824427534343)
2014827603,14-113252,11/15/2014,11-November,7-Saturday,18:57,1800 Hours,District 2 (Northeast),,BLACK HAWK,US 63,US 63/LOGAN AVE & W BENNINGTON RD & E BENNINGTON RD,Collision with:  Animal,,Non-collision (single vehicle),Animal,None Indicated,,,,,,,Paved,,Property Damage Only,0,0,0,0,0,0,2000,1,1,,POINT (-92.337264568507 42.599604913625)
2014827900,14-30350,11/15/2014,11-November,7-Saturday,20:15,2000 Hours,District 1 (Central),REASNOR,JASPER,,Co Rd T14/HWY T-14 S,Collision with fixed object:  Ditch,On Roadway,Non-collision (single vehicle),Driving too fast for conditions,None Indicated,,Dark - roadway not lighted,Snow,Snow,None apparent,Non-intersection:  Non-junction/no special feature,Paved,,Property Damage Only,0,0,0,0,0,0,3000,1,1,,POINT (-92.934730253928 41.554789572259)
2014827705,14-002608,11/15/2014,11-November,7-Saturday,14:10,1400 Hours,District 1 (Central),ALTOONA,POLK,,8TH ST SW,Collision with:  Vehicle in traffic,On Roadway,Rear-end (front to rear),Lost Control,None Indicated,,Daylight,Snow,Snow,"Surface condition (e.g., wet, icy)",Non-intersection:  Non-junction/no special feature,Paved,,Property Damage Only,0,0,0,0,0,0,5000,2,2,,POINT (-93.478183591896 41.644075601339)
2014827740,14-5967,11/15/2014,11-November,7-Saturday,16:30,1600 Hours,District 6 (East Central),HIAWATHA,LINN,,TOWER TERRACE RD & CENTER POINT RD,Collision with:  Vehicle in traffic,On Roadway,Broadside (front to side),Ran Stop Sign,None Indicated,,Daylight,Snow,Snow,"Surface condition (e.g., wet, icy)",Intersection:  Four-way intersection,Paved,,Property Damage Only,0,0,0,0,0,0,7000,2,2,,POINT (-91.692249542919 42.058799405702)
2014828074,14-005408,11/15/2014,11-November,7-Saturday,15:23,1500 Hours,District 1 (Central),AMES,STORY,,MORTENSON PKWY & UNIVERSITY BLVD,Collision with:  Vehicle in traffic,On Roadway,Rear-end (front to rear),Driving too fast for conditions,None Indicated,,Daylight,Snow,Snow,"Surface condition (e.g., wet, icy)",Intersection:  T-intersection,Paved,,Property Damage Only,0,0,0,0,0,0,1700,2,3,,POINT (-93.639294057972 42.008359270775)
2014829317,14-005396,11/15/2014,11-November,7-Saturday,11:22,1100 Hours,District 1 (Central),AMES,STORY,US 69,US 69/S DUFF AVE,Collision with:  Vehicle in traffic,On Roadway,Rear-end (front to rear),Other (explain in narrative):  Other,None Indicated,,Daylight,Dry,Cloudy,None apparent,Non-intersection:  Non-junction/no special feature,Paved,,Property Damage Only,0,0,0,0,0,0,3000,2,3,,POINT (-93.61036317934 42.01759539845)
2014831624,14025573,11/15/2014,11-November,7-Saturday,16:00,1600 Hours,District 6 (East Central),MARION,LINN,,10TH AVE & 12TH ST,Collision with:  Vehicle in traffic,On Roadway,Unknown,Driving too fast for conditions,None Indicated,,Daylight,Snow,Snow,"Surface condition (e.g., wet, icy)",Intersection:  Four-way intersection,Paved,,Property Damage Only,0,0,0,0,0,0,4500,2,5,,POINT (-91.596884966425 42.036192906898)
2014827294,14-7592,11/15/2014,11-November,7-Saturday,21:45,2100 Hours,District 1 (Central),,POLK,,NE 52ND AVE,Non-collision events:  Overturn/rollover,On Roadway,Non-collision (single vehicle),Driving too fast for conditions,None Indicated,,Dark - roadway not lighted,Snow,Snow,"Surface condition (e.g., wet, icy)",Non-intersection:  Non-junction/no special feature,Paved,,Property Damage Only,0,0,0,0,0,0,6000,1,2,,POINT (-93.608560583936 41.654961426847)
2014827576,14-048370,11/15/2014,11-November,7-Saturday,11:33,1100 Hours,District 4 (Southwest),COUNCIL BLUFFS,POTTAWATTAMIE,I-29,I-29 & I-80,Collision with fixed object:  Bridge overhead structure,On Roadway,Non-collision (single vehicle),Lost Control,None Indicated,,Daylight,Ice/frost,Snow,None apparent,Non-intersection:  Other non-intersection (explain in narrative),Paved,,Possible/Unknown,0,1,0,0,1,0,4000,1,1,,POINT (-95.834780891215 41.230447962655)
2014828057,20140034060,11/15/2014,11-November,7-Saturday,15:37,1500 Hours,District 1 (Central),DES MOINES,POLK,,CROCKER ST,Collision with:  Parked motor vehicle,On Roadway,"Sideswipe, opposite direction",Lost Control,None Indicated,,Daylight,Snow,Snow,"Surface condition (e.g., wet, icy)",Non-intersection:  Non-junction/no special feature,Paved,,Property Damage Only,0,0,0,0,0,0,3000,2,1,,POINT (-93.667688314965 41.59354642676)
2014828820,201400055873,11/15/2014,11-November,7-Saturday,15:29,1500 Hours,District 5 (Southeast),OTTUMWA,WAPELLO,,ALBIA RD,Collision with:  Vehicle in traffic,On Roadway,"Sideswipe, same direction",FTYROW:  Other (explain in narrative),None Indicated,,Daylight,Snow,Snow,"Surface condition (e.g., wet, icy)",Intersection:  Other intersection (explain in narrative),Paved,,Property Damage Only,0,0,0,0,0,0,3000,2,5,,POINT (-92.441824267685 41.009214638144)
2014827580,14007242,11/15/2014,11-November,7-Saturday,12:34,1200 Hours,District 2 (Northeast),,CERRO GORDO,US 18,US 18,Collision with fixed object:  Traffic sign support,On Roadway,Non-collision (single vehicle),Ran off road - right,None Indicated,,Daylight,Snow,Snow,"Surface condition (e.g., wet, icy)",Non-intersection:  Non-junction/no special feature,Paved,,Property Damage Only,0,0,0,0,0,0,5100,1,1,,POINT (-93.300286337032 43.105335625339)
2014834409,2014--007247,11/15/2014,11-November,7-Saturday,14:45,1400 Hours,District 6 (East Central),,BENTON,IA 150,IA 150/31 AVE,Non-collision events:  Overturn/rollover,On Roadway,Non-collision (single vehicle),Unknown,None Indicated,,Daylight,Snow,Snow,"Surface condition (e.g., wet, icy)",Non-intersection:  Non-junction/no special feature,Paved,,Property Damage Only,0,0,0,0,0,0,2500,1,1,,POINT (-91.890375730147 42.270344286977)
2014827598,14-5783,11/15/2014,11-November,7-Saturday,14:25,1400 Hours,District 1 (Central),WEST DES MOINES,POLK,,E P TRUE PKWY & S 26TH ST,Collision with:  Vehicle in traffic,On Roadway,"Sideswipe, same direction",Crossed centerline (undivided),None Indicated,,Daylight,Snow,Snow,"Surface condition (e.g., wet, icy)",Non-intersection:  Non-junction/no special feature,Paved,,Property Damage Only,0,0,0,0,0,0,8000,3,5,,POINT (-93.739596622715 41.570498162162)
2014827720,14-048384,11/15/2014,11-November,7-Saturday,12:55,1200 Hours,District 4 (Southwest),COUNCIL BLUFFS,POTTAWATTAMIE,,BENNETT AVE,Collision with:  Non-motorist (see non-motorist section - NOT a unit),On Roadway,Non-collision (single vehicle),Other (explain in narrative):  No improper action,None Indicated,,Daylight,Wet,Cloudy,None apparent,Non-intersection:  Non-junction/no special feature,Paved,,Fatal,1,0,0,0,0,0,0,1,1,,POINT (-95.817557055938 41.257448963301)
2014828948,,11/15/2014,11-November,7-Saturday,18:15,1800 Hours,District 6 (East Central),CEDAR RAPIDS,LINN,,BOYSON RD NE & C AVE NE,Collision with:  Vehicle in traffic,On Roadway,Rear-end (front to rear),Unknown,None Indicated,,Dark - roadway lighted,Snow,Snow,,Intersection:  Four-way intersection,Paved,,Property Damage Only,0,0,0,0,0,0,5000,2,3,,POINT (-91.638618260675 42.046719630671)
2014827379,14-37779,11/15/2014,11-November,7-Saturday,07:35,0700 Hours,District 3 (Northwest),SIOUX CITY,WOODBURY,US 20,US 20,Collision with:  Animal,,,Animal,None Indicated,,,,,,,Paved,,Property Damage Only,0,0,0,0,0,0,2000,1,1,,POINT (-96.360103655277 42.444523766626)
2014827229,W14-113160,11/15/2014,11-November,7-Saturday,15:06,1500 Hours,District 2 (Northeast),WATERLOO,BLACK HAWK,,W RIDGEWAY AVE & DEERE RD,Collision with:  Vehicle in traffic,On Roadway,"Sideswipe, same direction",Lost Control,None Indicated,,Daylight,Ice/frost,Snow,"Surface condition (e.g., wet, icy)",Intersection:  Four-way intersection,Paved,,Possible/Unknown,0,1,0,0,1,0,3000,2,3,,POINT (-92.415758748886 42.469817446125)
2014827724,14-1852,11/15/2014,11-November,7-Saturday,18:27,1800 Hours,District 1 (Central),,GREENE,,Q AVE & 140TH,Non-collision events:  Overturn/rollover,Shoulder,Non-collision (single vehicle),Ran off road - right,None Indicated,,Dark - roadway not lighted,Snow,Snow,"Surface condition (e.g., wet, icy)",Non-intersection:  Non-junction/no special feature,Unpaved,,Minor Injury,0,1,0,1,0,0,7500,1,1,,POINT (-94.32009401023 42.151683691882)
2014830029,,11/15/2014,11-November,7-Saturday,19:00,1900 Hours,District 6 (East Central),CEDAR RAPIDS,LINN,,COUNCIL ST NE,Collision with:  Vehicle in traffic,On Roadway,Rear-end (front to rear),Unknown,None Indicated,,Dark - roadway lighted,Snow,Snow,,Intersection:  Four-way intersection,Paved,,Property Damage Only,0,0,0,0,0,0,7000,2,3,,POINT (-91.658318915784 42.031550802202)
2014827284,14024268,11/15/2014,11-November,7-Saturday,17:26,1700 Hours,District 6 (East Central),MARION,LINN,,35TH AVE & 35TH ST,Collision with:  Vehicle in traffic,On Roadway,Broadside (front to side),Driving too fast for conditions,None Indicated,,Dark - roadway lighted,Ice/frost,"Blowing sand, soil, dirt","Surface condition (e.g., wet, icy)",Intersection:  Four-way intersection,Paved,,Property Damage Only,0,0,0,0,0,0,6000,2,2,,POINT (-91.574441880428 42.05763950557)
2014827540,2014012822,11/15/2014,11-November,7-Saturday,15:58,1500 Hours,District 6 (East Central),IOWA CITY,JOHNSON,US 6,US 6,Collision with:  Vehicle in traffic,On Roadway,Rear-end (front to rear),Improper or erratic lane changing,Alcohol (Statutory),,Daylight,Slush,Snow,"Surface condition (e.g., wet, icy)",Non-intersection:  Non-junction/no special feature,Paved,,Property Damage Only,0,0,0,0,0,0,3000,2,3,,POINT (-91.557069619729 41.665690706338)
2014828165,14-001360,11/15/2014,11-November,7-Saturday,14:39,1400 Hours,District 1 (Central),SLATER,STORY,,BOONE ST,Collision with:  Parked motor vehicle,On Roadway,Broadside (front to side),Unknown,None Indicated,,Daylight,Snow,Snow,"Surface condition (e.g., wet, icy)",Non-intersection:  Non-junction/no special feature,Paved,,Property Damage Only,0,0,0,0,0,0,1500,2,1,,POINT (-93.684826410585 41.879183946957)
2014828884,S14-004606,11/15/2014,11-November,7-Saturday,10:40,1000 Hours,District 4 (Southwest),,POTTAWATTAMIE,I-80,I-80,Collision with fixed object:  Ditch,Shoulder,Non-collision (single vehicle),Ran off road - right,None Indicated,,Daylight,Ice/frost,Rain,"Surface condition (e.g., wet, icy)",Non-intersection:  Non-junction/no special feature,Paved,,Possible/Unknown,0,1,0,0,1,0,4000,1,2,,POINT (-95.186030565505 41.497737558961)
2014831860,1411152013,11/15/2014,11-November,7-Saturday,20:13,2000 Hours,District 6 (East Central),MONTICELLO,JONES,,Co Rd E23/CO HOME RD E-23,Non-collision events:  Overturn/rollover,On Roadway,Non-collision (single vehicle),Ran off road - left,Alcohol (Statutory),,Dark - roadway not lighted,Snow,Snow,"Surface condition (e.g., wet, icy)",Non-intersection:  Non-junction/no special feature,Paved,,Property Damage Only,0,0,0,0,0,0,10000,1,2,,POINT (-91.100564422612 42.13570008849)
2014828800,14019997,11/15/2014,11-November,7-Saturday,13:55,1300 Hours,District 2 (Northeast),MASON CITY,CERRO GORDO,,FRONTAGE RD N,Collision with:  Vehicle in traffic,On Roadway,"Sideswipe, same direction",FTYROW:  Other (explain in narrative),None Indicated,,Daylight,Snow,Snow,None apparent,Intersection:  Other intersection (explain in narrative),Paved,,Property Damage Only,0,0,0,0,0,0,4800,3,6,,POINT (-93.245167797985 43.148609393184)
2014828257,20144170,11/15/2014,11-November,7-Saturday,15:00,1500 Hours,District 1 (Central),,GRUNDY,,260TH ST,Non-collision events:  Other non-collision (explain in narrative),On Roadway,Non-collision (single vehicle),"Operating vehicle in an reckless, erratic, careless, negligent manner",None Indicated,,Daylight,"Mud, dirt",Cloudy,None apparent,Non-intersection:  Non-junction/no special feature,Unpaved,,Minor Injury,0,1,0,1,0,0,5600,1,1,,POINT (-92.621185745763 42.325755579812)
2014828244,SO14-1434,11/15/2014,11-November,7-Saturday,15:30,1500 Hours,District 2 (Northeast),,WRIGHT,,Co Rd R35/JACKSON AVE,Non-collision events:  Overturn/rollover,On Roadway,Non-collision (single vehicle),Crossed centerline (undivided),None Indicated,,Daylight,Ice/frost,Snow,"Surface condition (e.g., wet, icy)",Non-intersection:  Non-junction/no special feature,Paved,,Possible/Unknown,0,1,0,0,1,0,5000,1,3,,POINT (-93.793142153264 42.883374955074)
2014831858,1411151716,11/15/2014,11-November,7-Saturday,17:16,1700 Hours,District 6 (East Central),,JONES,US 151,US 151,Collision with:  Animal,,,Animal,None Indicated,,,,,,,Paved,,Property Damage Only,0,0,0,0,0,0,7000,1,1,,POINT (-91.269008307788 42.086301697823)
2014828162,14-001357,11/15/2014,11-November,7-Saturday,14:04,1400 Hours,District 1 (Central),,STORY,I-35,I-35,Collision with:  Vehicle in traffic,On Roadway,Rear-end (front to rear),Swerving/Evasive Action,None Indicated,,Daylight,Snow,Snow,"Surface condition (e.g., wet, icy)",Non-intersection:  Non-junction/no special feature,Paved,,Property Damage Only,0,0,0,0,0,0,4500,2,3,,POINT (-93.569594924291 42.054911984893)
2014827286,14024274,11/15/2014,11-November,7-Saturday,18:07,1800 Hours,District 6 (East Central),MARION,LINN,,BLAIRS FERRY RD & MARION BLVD,Collision with:  Vehicle in traffic,On Roadway,"Angle, oncoming left turn",Crossed centerline (undivided),None Indicated,,Dark - roadway lighted,Ice/frost,Snow,"Surface condition (e.g., wet, icy)",Non-intersection:  Non-junction/no special feature,Paved,,Minor Injury,0,1,0,1,0,0,2000,2,3,,POINT (-91.612871650382 42.030488107184)
2014831405,14-061115-01,11/15/2014,11-November,7-Saturday,17:00,1700 Hours,District 6 (East Central),,IOWA,IA 149,IA 149/P AVE,Collision with:  Vehicle in traffic,On Roadway,"Sideswipe, opposite direction",Driving too fast for conditions,None Indicated,,Dark - roadway not lighted,Snow,Snow,"Surface condition (e.g., wet, icy)",Non-intersection:  Non-junction/no special feature,Paved,,Property Damage Only,0,0,0,0,0,0,3000,2,4,,POINT (-92.004011233012 41.595692571338)
2014827258,14-8322,11/15/2014,11-November,7-Saturday,11:59,1100 Hours,District 3 (Northwest),HOLSTEIN,IDA,,LAMPKASTER DR & DAVENPORT ST,Collision with:  Vehicle in traffic,On Roadway,"Sideswipe, opposite direction",Crossed centerline (undivided),None Indicated,,Daylight,Snow,Snow,"Surface condition (e.g., wet, icy)",Non-intersection:  Non-junction/no special feature,Paved,,Property Damage Only,0,0,0,0,0,0,1520,2,3,,POINT (-95.538807038521 42.481966335323)
2014827220,W14-113129,11/15/2014,11-November,7-Saturday,14:34,1400 Hours,District 2 (Northeast),WATERLOO,BLACK HAWK,,FRANKLIN ST & VINTON ST,Collision with:  Vehicle in traffic,On Roadway,Broadside (front to side),Driving too fast for conditions,None Indicated,,Daylight,Snow,Snow,"Surface condition (e.g., wet, icy)",Intersection:  Four-way intersection,Paved,,Property Damage Only,0,0,0,0,0,0,3000,2,2,,POINT (-92.320841986177 42.495393269521)
2014827388,14-37830,11/15/2014,11-November,7-Saturday,16:13,1600 Hours,District 3 (Northwest),SIOUX CITY,WOODBURY,,LINCOLN WAY & S LAKEPORT ST,Collision with:  Vehicle in traffic,On Roadway,Broadside (front to side),Driving too fast for conditions,None Indicated,,Daylight,Snow,Snow,None apparent,Intersection:  Four-way intersection,Paved,,Property Damage Only,0,0,0,0,0,0,3500,2,5,,POINT (-96.344760501506 42.450231684321)
2014827466,14-010044,11/15/2014,11-November,7-Saturday,11:45,1100 Hours,District 4 (Southwest),,CASS,I-80,I-80 & IA 173/590TH ST,Collision with fixed object:  Ditch,On Roadway,Non-collision (single vehicle),Ran off road - straight,None Indicated,,Daylight,Snow,Snow,"Surface condition (e.g., wet, icy)",Interchange-related:  Off-ramp,Paved,,Minor Injury,0,1,0,1,0,0,5000,1,1,,POINT (-95.060134005387 41.494361256209)
2014827537,P14-012873,11/15/2014,11-November,7-Saturday,17:22,1700 Hours,District 1 (Central),WEBSTER CITY,HAMILTON,,Co Rd R33/WHITE FOX RD,Collision with fixed object:  Mailbox,On Roadway,Non-collision (single vehicle),Ran off road - left,None Indicated,,Dark - roadway lighted,Snow,Snow,None apparent,Non-intersection:  Non-junction/no special feature,Paved,,Minor Injury,0,1,0,1,0,0,3200,1,1,,POINT (-93.813481093609 42.48102782503)
2014827789,14-004954,11/15/2014,11-November,7-Saturday,17:27,1700 Hours,District 1 (Central),ANKENY,POLK,,SE SPRINGWOOD DR & SE ORCHID DR,Collision with fixed object:  Curb/island/raised median,On Roadway,Non-collision (single vehicle),Driving too fast for conditions,None Indicated,,Dark - roadway lighted,Snow,Snow,"Surface condition (e.g., wet, icy)",Non-intersection:  Non-junction/no special feature,Paved,,Possible/Unknown,0,1,0,0,1,0,2000,1,2,,POINT (-93.596783824083 41.697122455436)
2014827764,2014-79350,11/15/2014,11-November,7-Saturday,16:51,1600 Hours,District 6 (East Central),DAVENPORT,SCOTT,I-74,I-74 & US 6/SPRUCE HILLS DR,Non-collision events:  Overturn/rollover,Gore,Non-collision (single vehicle),Ran off road - right,None Indicated,,Dark - roadway lighted,Snow,Snow,"Surface condition (e.g., wet, icy)",Intersection:  T-intersection,Paved,,Property Damage Only,0,0,0,0,0,0,8000,1,1,,POINT (-90.524504423119 41.554886245302)
2014827666,2014-039683,11/15/2014,11-November,7-Saturday,15:50,1500 Hours,District 6 (East Central),DUBUQUE,DUBUQUE,,UNIVERSITY AVE & ASBURY RD,Collision with:  Vehicle in traffic,On Roadway,"Sideswipe, same direction",Lost Control,None Indicated,,Daylight,Wet,Cloudy,None apparent,Intersection:  Four-way intersection,Paved,,Property Damage Only,0,0,0,0,0,0,2000,2,6,,POINT (-90.696271439377 42.499668832137)
2014930282,,11/15/2014,11-November,7-Saturday,12:29,1200 Hours,District 3 (Northwest),SERGEANT BLUFF,WOODBURY,,Co Rd K29/OLD LAKEPORT RD & Co Rd K45/OLD HWY 75,Collision with:  Vehicle in traffic,On Roadway,Broadside (front to side),Swerving/Evasive Action,None Indicated,,Daylight,Ice/frost,Snow,"Surface condition (e.g., wet, icy)",Intersection:  Y-intersection,Paved,,Property Damage Only,0,0,0,0,0,0,5500,2,2,,POINT (-96.340780859514 42.382011850343)
2014827968,14-007926,11/15/2014,11-November,7-Saturday,10:30,1000 Hours,District 2 (Northeast),BURT,KOSSUTH,,Co Rd B19/310 ST & Co Rd P30/90 AVE,Collision with:  Vehicle in traffic,On Roadway,Rear-end (front to rear),Driving too fast for conditions,None Indicated,,Daylight,Ice/frost,Snow,"Surface condition (e.g., wet, icy)",Intersection:  Four-way intersection,Paved,,Property Damage Only,0,0,0,0,0,0,3000,2,4,,POINT (-94.28622761394 43.211824464566)
2014828818,201400055806,11/15/2014,11-November,7-Saturday,01:48,0100 Hours,District 5 (Southeast),OTTUMWA,WAPELLO,,LINCOLN AVE,Collision with:  Parked motor vehicle,On Roadway,Unknown,Unknown,None Indicated,,Dark - roadway lighted,Dry,Clear,None apparent,Non-intersection:  Non-junction/no special feature,Paved,,Property Damage Only,0,0,0,0,0,0,15500,3,1,,POINT (-92.403916683533 41.02328473137)
2014828182,1400001013,11/15/2014,11-November,7-Saturday,16:00,1600 Hours,District 1 (Central),MARSHALLTOWN,MARSHALL,US 30,US 30/240TH ST/SE RAMP CURV,,,Non-collision (single vehicle),Ran off road - right,None Indicated,,,Unknown,,,,Paved,,Property Damage Only,0,0,0,0,0,0,4000,1,1,,POINT (-92.87843597675 42.004085682515)
2014829259,14007900,11/15/2014,11-November,7-Saturday,17:20,1700 Hours,District 3 (Northwest),,MONONA,,Co Rd E16/E16,Collision with:  Vehicle in traffic,On Roadway,Head-on (front to front),Crossed centerline (undivided),None Indicated,,Dark - roadway not lighted,Snow,Snow,Other (explain in narrative),Non-intersection:  Non-junction/no special feature,Paved,,Property Damage Only,0,0,0,0,0,0,11000,2,4,,POINT (-95.717996363974 42.168111422007)
2014827336,20140034080,11/15/2014,11-November,7-Saturday,15:30,1500 Hours,District 1 (Central),DES MOINES,POLK,US 6,US 6/E EUCLID AVE & YORK ST,Collision with:  Vehicle in traffic,On Roadway,Broadside (front to side),Unknown,None Indicated,,Daylight,Snow,Snow,Unknown,Intersection:  T-intersection,Paved,,Property Damage Only,0,0,0,0,0,0,2000,2,2,,POINT (-93.602229762913 41.627712045819)
2014828393,14-010048,11/15/2014,11-November,7-Saturday,13:13,1300 Hours,District 4 (Southwest),ATLANTIC,CASS,US 6,US 6/7TH ST & LINN ST,Collision with:  Vehicle in traffic,On Roadway,"Sideswipe, same direction",Swerving/Evasive Action,None Indicated,,Daylight,Snow,Snow,None apparent,Non-intersection:  Non-junction/no special feature,Paved,,Property Damage Only,0,0,0,0,0,0,7100,2,3,,POINT (-95.00747317667 41.403936432415)
2014827522,PD14-11606,11/15/2014,11-November,7-Saturday,17:33,1700 Hours,District 1 (Central),MARSHALLTOWN,MARSHALL,IA 14,IA 14/S CENTER ST/E ANSON ST & W ANSON ST,Collision with fixed object:  Utility pole/light support,On Roadway,Non-collision (single vehicle),Driving too fast for conditions,None Indicated,,Dark - roadway lighted,Snow,Snow,"Surface condition (e.g., wet, icy)",Intersection:  Four-way intersection,Paved,,Property Damage Only,0,0,0,0,0,0,1500,1,1,,POINT (-92.912768337375 42.038170986157)
2014827321,20140034043,11/15/2014,11-November,7-Saturday,13:45,1300 Hours,District 5 (Southeast),DES MOINES,WARREN,IA 5,IA 5/IOWA 5,Collision with fixed object:  Guardrail - face,Outside trafficway,Non-collision (single vehicle),Ran off road - left,None Indicated,,Daylight,Snow,Snow,None apparent,Non-intersection:  Non-junction/no special feature,Paved,,Property Damage Only,0,0,0,0,0,0,7000,1,2,,POINT (-93.652917752184 41.511295525686)
2014931968,,11/15/2014,11-November,7-Saturday,16:17,1600 Hours,District 3 (Northwest),SERGEANT BLUFF,WOODBURY,,1ST ST & SERGEANT SQUARE DR,Collision with:  Vehicle in traffic,On Roadway,"Sideswipe, opposite direction",Driving too fast for conditions,None Indicated,,Dusk,Ice/frost,Snow,None apparent,Non-intersection:  Non-junction/no special feature,Paved,,Property Damage Only,0,0,0,0,0,0,2500,2,3,,POINT (-96.363048958253 42.400287788724)