Iowa DOT Case Number,Law Enforcement Case Number,Date of Crash,Month of Crash,Day of Week,Time of Crash,Hour,DOT District,City Name,County Name,Route with System,Location Description,First Harmful Event,Location of First Harmful Event,Manner of Crash/Collision,Major Cause,Drug or Alcohol ,Environmental Conditions,Light Conditions,Surface Conditions,Weather Conditions,Roadway Contribution,Roadway Type,Roadway Surface,Work Zone,Crash Severity,Number of Fatalities,Number of Injuries,Number of Major Injuries,Number of Minor Injuries,Number of Possible Injuries,Number of Unknown Injuries,Amount of Property Damage,Number of Vehicles Involved,Total Number of Occupants,Travel Direction,Location
2014827574,14-006807,11/15/2014,11-November,7-Saturday,12:05,1200 Hours,District 3 (Northwest),,OBRIEN,US 18,US 18/320TH ST & Co Rd M18/WHITE AVE,Collision with:  Vehicle in traffic,On Roadway,Broadside (front to side),Driving too fast for conditions,None Indicated,,Daylight,Snow,Snow,"Surface condition (e.g., wet, icy)",Intersection:  Four-way intersection,Paved,,Property Damage Only,0,0,0,0,0,0,5750,2,2,,POINT (-95.447374388677 43.184649658669)
2014827828,2014-79393,11/15/2014,11-November,7-Saturday,19:32,1900 Hours,District 6 (East Central),DAVENPORT,SCOTT,,W 15TH ST,Collision with:  Parked motor vehicle,Shoulder,Rear-end (front to rear),Lost Control,None Indicated,,Dark - roadway lighted,Snow,Snow,None apparent,Non-intersection:  Non-junction/no special feature,Paved,,Possible/Unknown,0,1,0,0,0,1,3000,2,1,,POINT (-90.589760687549 41.53505429322)
2014828973,14-009656,11/15/2014,11-November,7-Saturday,14:36,1400 Hours,District 2 (Northeast),,CLAYTON,,Co Rd X56/GREAT RIVER RD,Collision with:  Vehicle in traffic,On Roadway,"Sideswipe, opposite direction",Crossed centerline (undivided),None Indicated,,Daylight,Snow,Snow,None apparent,Non-intersection:  Non-junction/no special feature,Paved,,Property Damage Only,0,0,0,0,0,0,5000,2,2,,POINT (-91.177263121637 42.971393724904)
2014829416,2014064041,11/15/2014,11-November,7-Saturday,16:54,1600 Hours,District 6 (East Central),,IOWA,I-80,I-80,Collision with fixed object:  Guardrail - face,On Roadway,Non-collision (single vehicle),Swerving/Evasive Action,None Indicated,,Dusk,Snow,Snow,"Surface condition (e.g., wet, icy)",Non-intersection:  Non-junction/no special feature,Paved,,Property Damage Only,0,0,0,0,0,0,6500,1,1,,POINT (-91.90664811333 41.687589294499)
2014829377,2014-80132,11/15/2014,11-November,7-Saturday,19:00,1900 Hours,District 6 (East Central),DAVENPORT,SCOTT,,HEATHERTON DR & CLARK ST,Collision with:  Vehicle in traffic,On Roadway,Broadside (front to side),Driving too fast for conditions,None Indicated,,Dark - roadway lighted,Snow,Snow,"Surface condition (e.g., wet, icy)",Non-intersection:  Non-junction/no special feature,Paved,,Property Damage Only,0,0,0,0,0,0,3500,2,3,,POINT (-90.620730651977 41.546912604382)
2014833742,1411-084,11/15/2014,11-November,7-Saturday,15:40,1500 Hours,District 3 (Northwest),,OSCEOLA,,Co Rd L58/TANAGER AVE,Collision with fixed object:  Ditch,On Roadway,Non-collision (single vehicle),Crossed centerline (undivided),None Indicated,,Daylight,Snow,Snow,"Surface condition (e.g., wet, icy)",Non-intersection:  Non-junction/no special feature,Paved,,Property Damage Only,0,0,0,0,0,0,3500,1,3,,POINT (-95.544558175905 43.433363502109)
2014831910,14-008766,11/15/2014,11-November,7-Saturday,16:00,1600 Hours,District 4 (Southwest),PERRY,DALLAS,,PAUL ST & 8TH ST,Collision with fixed object:  Utility pole/light support,On Roadway,Non-collision (single vehicle),Driving too fast for conditions,None Indicated,,Daylight,Snow,Snow,"Surface condition (e.g., wet, icy)",Non-intersection:  Non-junction/no special feature,Paved,,Minor Injury,0,2,0,1,0,1,3000,1,2,,POINT (-94.096914781301 41.847552923875)
2014827609,2014-23430,11/15/2014,11-November,7-Saturday,17:09,1700 Hours,District 6 (East Central),DAVENPORT,SCOTT,I-280,I-280 & US 6/W KIMBERLY RD,Collision with fixed object:  Guardrail - face,On Roadway,Non-collision (single vehicle),Swerving/Evasive Action,None Indicated,,Dark - roadway lighted,Snow,Snow,"Surface condition (e.g., wet, icy)",Non-intersection:  Other non-intersection (explain in narrative),Paved,,Minor Injury,0,1,0,1,0,0,3000,1,1,,POINT (-90.67592052824 41.591579054825)
2014827853,14-048336,11/15/2014,11-November,7-Saturday,02:57,0200 Hours,District 4 (Southwest),COUNCIL BLUFFS,POTTAWATTAMIE,,S EXPRESSWAY,Collision with fixed object:  Other fixed object (explain in narrative),On Roadway,Non-collision (single vehicle),Ran off road - right,Alcohol (Statutory),,Dark - roadway lighted,Dry,Clear,None apparent,Non-intersection:  Non-junction/no special feature,Paved,,Possible/Unknown,0,1,0,0,1,0,12000,1,1,,POINT (-95.850746276902 41.223379754116)
2014827767,2014-79358,11/15/2014,11-November,7-Saturday,17:15,1700 Hours,District 6 (East Central),DAVENPORT,SCOTT,,E 65TH ST & JERSEY RIDGE RD,Collision with:  Vehicle in traffic,On Roadway,Broadside (front to side),Driving too fast for conditions,None Indicated,,Dark - roadway lighted,Snow,Snow,"Surface condition (e.g., wet, icy)",Non-intersection:  Non-junction/no special feature,Paved,,Property Damage Only,0,0,0,0,0,0,6000,2,2,,POINT (-90.539291636847 41.587014208454)
2014828626,2014012829,11/15/2014,11-November,7-Saturday,17:42,1700 Hours,District 6 (East Central),IOWA CITY,JOHNSON,,E WASHINGTON ST & LUCAS ST,Collision with:  Vehicle in traffic,On Roadway,"Sideswipe, same direction",Other (explain in narrative):  No improper action,None Indicated,,Dark - roadway lighted,Snow,Snow,"Surface condition (e.g., wet, icy)",Non-intersection:  Non-junction/no special feature,Paved,,Property Damage Only,0,0,0,0,0,0,3000,2,1,,POINT (-91.524299484989 41.660014557252)
2014829100,2014064026,11/15/2014,11-November,7-Saturday,16:30,1600 Hours,District 1 (Central),,JASPER,I-80,I-80,Collision with fixed object:  Guardrail - face,On Roadway,Non-collision (single vehicle),Over correcting/over steering,Alcohol (Statutory),,Daylight,Snow,Snow,None apparent,Non-intersection:  Other non-intersection (explain in narrative),Paved,,Property Damage Only,0,0,0,0,0,0,9000,1,1,,POINT (-93.085872376728 41.682399993786)
2014827770,2014-79372,11/15/2014,11-November,7-Saturday,17:57,1700 Hours,District 6 (East Central),DAVENPORT,SCOTT,,HILLANDALE RD,Collision with:  Vehicle in traffic,On Roadway,Broadside (front to side),Other (explain in narrative):  No improper action,None Indicated,,Dark - roadway lighted,Ice/frost,Snow,None apparent,Non-intersection:  Non-junction/no special feature,Paved,,Property Damage Only,0,0,0,0,0,0,3000,2,3,,POINT (-90.619861508898 41.559161358981)
2014827880,14-048412,11/15/2014,11-November,7-Saturday,17:43,1700 Hours,District 4 (Southwest),COUNCIL BLUFFS,POTTAWATTAMIE,,LINCOLN AVE,Collision with fixed object:  Other fixed object (explain in narrative),Outside trafficway,Non-collision (single vehicle),Downhill runaway,None Indicated,,Dark - roadway lighted,Snow,Snow,None apparent,Intersection:  T-intersection,Paved,,Property Damage Only,0,0,0,0,0,0,20008,1,2,,POINT (-95.831931776606 41.261428082422)
2014854774,,11/15/2014,11-November,7-Saturday,12:00,1200 Hours,District 5 (Southeast),,WASHINGTON,US 218,US 218,Collision with fixed object:  Guardrail - face,Unknown,Unknown,Unknown,None Indicated,,,Unknown,Unknown,,,Paved,,Property Damage Only,0,0,0,0,0,0,1515,1,1,,POINT (-91.535543278066 41.297684830283)
2014829408,2014063880,11/15/2014,11-November,7-Saturday,03:45,0300 Hours,District 6 (East Central),,IOWA,I-80,I-80,Collision with:  Animal,,,Animal,None Indicated,,,,,,,Paved,,Property Damage Only,0,0,0,0,0,0,3000,1,1,,POINT (-92.034599328441 41.68719522495)
2014827878,14-048395,11/15/2014,11-November,7-Saturday,15:36,1500 Hours,District 4 (Southwest),COUNCIL BLUFFS,POTTAWATTAMIE,,HARRY LANGDON BLVD,Collision with:  Vehicle in traffic,On Roadway,Head-on (front to front),Unknown,None Indicated,,Daylight,Ice/frost,Snow,"Surface condition (e.g., wet, icy)",Non-intersection:  Other non-intersection (explain in narrative),Paved,,Property Damage Only,0,0,0,0,0,0,11500,2,7,,POINT (-95.827878907456 41.230023383239)
2014828409,S79140365,11/15/2014,11-November,7-Saturday,17:51,1700 Hours,District 1 (Central),,POWESHIEK,,Co Rd F57/DIAMOND TRAIL RD,Collision with fixed object:  Tree,Outside trafficway,Non-collision (single vehicle),Swerving/Evasive Action,None Indicated,,Dark - roadway not lighted,Snow,Snow,"Surface condition (e.g., wet, icy)",Non-intersection:  Non-junction/no special feature,Paved,,Property Damage Only,0,0,0,0,0,0,8000,1,1,,POINT (-92.55772779568 41.581483924278)
2014828131,2014-13830,11/15/2014,11-November,7-Saturday,17:27,1700 Hours,District 6 (East Central),ASBURY,DUBUQUE,,HALES MILL RD & DERBY GRANGE RD,Non-collision events:  Overturn/rollover,On Roadway,Non-collision (single vehicle),Ran off road - right,None Indicated,,Dark - roadway not lighted,Snow,Snow,"Surface condition (e.g., wet, icy)",Non-intersection:  Non-junction/no special feature,Paved,,Property Damage Only,0,0,0,0,0,0,6000,1,2,,POINT (-90.769664815162 42.530496488578)
2014827801,C14003643,11/15/2014,11-November,7-Saturday,17:35,1700 Hours,District 6 (East Central),CORALVILLE,JOHNSON,,HOLIDAY RD,Collision with:  Vehicle in traffic,On Roadway,Rear-end (front to rear),Driving too fast for conditions,None Indicated,,Dark - roadway lighted,Snow,Snow,Unknown,Non-intersection:  Non-junction/no special feature,Paved,,Property Damage Only,0,0,0,0,0,0,11400,4,12,,POINT (-91.597476278733 41.695030907817)
2014828935,,11/15/2014,11-November,7-Saturday,19:30,1900 Hours,District 6 (East Central),WILLIAMSBURG,IOWA,,OAK ST & ELM ST,Collision with:  Vehicle in traffic,On Roadway,Broadside (front to side),Other (explain in narrative):  Other,None Indicated,,Dark - roadway lighted,Snow,Snow,"Surface condition (e.g., wet, icy)",Intersection:  T-intersection,Paved,,Property Damage Only,0,0,0,0,0,0,3500,2,2,,POINT (-92.010277008417 41.65911158817)
2014827673,2014-039697,11/15/2014,11-November,7-Saturday,21:25,2100 Hours,District 6 (East Central),DUBUQUE,DUBUQUE,US 20,US 20/DODGE ST,Collision with fixed object:  Curb/island/raised median,Median,Non-collision (single vehicle),Lost Control,None Indicated,,Dark - roadway lighted,Snow,Snow,"Surface condition (e.g., wet, icy)",Non-intersection:  Non-junction/no special feature,Paved,,Property Damage Only,0,0,0,0,0,0,1550,1,1,,POINT (-90.682103936532 42.491494440574)
2014828976,14-8335,11/15/2014,11-November,7-Saturday,20:53,2000 Hours,District 3 (Northwest),,IDA,US 59,US 59 & IA 175/IOWA 175,,On Roadway,Non-collision (single vehicle),Ran Stop Sign,None Indicated,,Dark - roadway lighted,Snow,Snow,"Surface condition (e.g., wet, icy)",Intersection:  T-intersection,Paved,,Property Damage Only,0,0,0,0,0,0,432828,1,1,,POINT (-95.498981301753 42.349645837373)
2014828187,14001362,11/15/2014,11-November,7-Saturday,16:51,1600 Hours,District 1 (Central),,STORY,,115TH ST,Non-collision events:  Overturn/rollover,On Roadway,Non-collision (single vehicle),Driving too fast for conditions,None Indicated,,Dusk,Snow,Snow,"Surface condition (e.g., wet, icy)",Non-intersection:  Non-junction/no special feature,Unpaved,,Property Damage Only,0,0,0,0,0,0,1500,1,2,,POINT (-93.476559839319 42.188343166878)
2014829240,W14-113234,11/15/2014,11-November,7-Saturday,17:55,1700 Hours,District 2 (Northeast),WATERLOO,BLACK HAWK,US 218,US 218/WASHINGTON ST & WILLISTON AVE & W 18TH ST,Collision with:  Vehicle in traffic,On Roadway,Rear-end (front to rear),Driving too fast for conditions,None Indicated,,Dark - roadway lighted,Snow,Snow,None apparent,Intersection:  Four-way intersection,Paved,,Property Damage Only,0,0,0,0,0,0,4800,2,3,,POINT (-92.32806041991 42.483845301461)
2014829690,90-14-402,11/15/2014,11-November,7-Saturday,14:28,1400 Hours,District 2 (Northeast),,HUMBOLDT,,Co Rd P33/IOWA AVE/210TH ST,Non-collision events:  Overturn/rollover,Roadside,Non-collision (single vehicle),Ran off road - right,None Indicated,,Daylight,Ice/frost,Snow,"Surface condition (e.g., wet, icy)",Non-intersection:  Non-junction/no special feature,Paved,,Property Damage Only,0,0,0,0,0,0,7000,1,1,,POINT (-94.289584957653 42.746347359438)
2014930283,,11/15/2014,11-November,7-Saturday,06:00,0600 Hours,District 3 (Northwest),SERGEANT BLUFF,WOODBURY,,Co Rd K25/PORT NEAL RD & BARRINGTON DR,Collision with fixed object:  Traffic sign support,On Roadway,Non-collision (single vehicle),Lost Control,None Indicated,,Unknown,Unknown,Unknown,Unknown,Non-intersection:  Non-junction/no special feature,Paved,,Property Damage Only,0,0,0,0,0,0,1600,1,1,,POINT (-96.355330778522 42.388150849666)
2014827559,CL14004052,11/15/2014,11-November,7-Saturday,18:44,1800 Hours,District 6 (East Central),CLINTON,CLINTON,,2ND AVE S & S 11TH ST,Collision with:  Vehicle in traffic,On Roadway,Broadside (front to side),FTYROW:  Other (explain in narrative),None Indicated,,Dark - roadway lighted,Ice/frost,Snow,"Surface condition (e.g., wet, icy)",Non-intersection:  Non-junction/no special feature,Paved,,Property Damage Only,0,0,0,0,0,0,8500,2,4,,POINT (-90.211340716417 41.844709758451)
2014827677,2014-24738,11/15/2014,11-November,7-Saturday,14:00,1400 Hours,District 5 (Southeast),NEW VIRGINIA,WARREN,,WEST ST,Collision with fixed object:  Ditch,On Roadway,Non-collision (single vehicle),Driving too fast for conditions,None Indicated,,Daylight,Snow,Snow,"Surface condition (e.g., wet, icy)",Non-intersection:  Non-junction/no special feature,Paved,,Property Damage Only,0,0,0,0,0,0,4000,1,3,,POINT (-93.730591549319 41.177456887733)
2014829105,2014064094,11/15/2014,11-November,7-Saturday,21:26,2100 Hours,District 1 (Central),ANKENY,POLK,I-35,I-35,Collision with fixed object:  Bridge overhead structure,On Roadway,Non-collision (single vehicle),Driving too fast for conditions,None Indicated,,Dark - roadway lighted,Snow,Snow,None apparent,Interchange-related:  On-ramp merge area,Paved,,Property Damage Only,0,0,0,0,0,0,2000,1,2,,POINT (-93.575076268265 41.654908656955)
2014828732,14-007902,11/15/2014,11-November,7-Saturday,18:45,1800 Hours,District 3 (Northwest),,MONONA,,Co Rd K45/K45,Non-collision events:  Overturn/rollover,On Roadway,Non-collision (single vehicle),Swerving/Evasive Action,None Indicated,,Dark - roadway not lighted,Snow,Snow,None apparent,Non-intersection:  Non-junction/no special feature,Paved,,Major Injury,0,2,1,0,1,0,7500,1,2,,POINT (-96.169799753988 42.153473524458)
2014827508,14S01807,11/15/2014,11-November,7-Saturday,12:42,1200 Hours,District 4 (Southwest),,UNION,IA 25,IA 25/IOWA 25,Collision with fixed object:  Guardrail - face,Roadside,Non-collision (single vehicle),Lost Control,None Indicated,,Daylight,Snow,Snow,"Surface condition (e.g., wet, icy)",Non-intersection:  Other non-intersection (explain in narrative),Paved,,Property Damage Only,0,0,0,0,0,0,3500,1,1,,POINT (-94.392561659606 41.071225592613)
2014828081,14-37863,11/15/2014,11-November,7-Saturday,21:59,2100 Hours,District 3 (Northwest),SIOUX CITY,PLYMOUTH,,FRELON,Collision with fixed object:  Culvert/pipe opening,On Roadway,Non-collision (single vehicle),Ran off road - left,None Indicated,,Dark - roadway not lighted,Snow,Snow,"Surface condition (e.g., wet, icy)",Non-intersection:  Non-junction/no special feature,Paved,,Possible/Unknown,0,1,0,0,1,0,4000,1,1,,POINT (-96.332748751919 42.562850394694)
2014827792,14113177,11/15/2014,11-November,7-Saturday,15:26,1500 Hours,District 2 (Northeast),CEDAR FALLS,BLACK HAWK,IA 27,IA 27 & W RIDGEWAY AVE & E RIDGEWAY AVE,Collision with:  Vehicle in traffic,On Roadway,"Sideswipe, same direction",Lost Control,None Indicated,,Daylight,Ice/frost,Snow,"Surface condition (e.g., wet, icy)",Intersection:  Four-way intersection,Paved,,Property Damage Only,0,0,0,0,0,0,14000,2,3,,POINT (-92.445832359254 42.469498490896)
2014829019,4514-054,11/15/2014,11-November,7-Saturday,14:18,1400 Hours,District 2 (Northeast),,HOWARD,,Co Rd V10/DALE AVE & 75TH ST,Non-collision events:  Overturn/rollover,Roadside,Non-collision (single vehicle),Ran off road - right,None Indicated,,Daylight,Snow,Snow,"Surface condition (e.g., wet, icy)",Non-intersection:  Non-junction/no special feature,Paved,,Property Damage Only,0,0,0,0,0,0,5000,1,1,,POINT (-92.49558757499 43.407669862515)
2014827448,PD1410268,11/15/2014,11-November,7-Saturday,15:22,1500 Hours,District 5 (Southeast),FAIRFIELD,JEFFERSON,IA 1,IA 1/S MAIN ST & W FILLMORE AVE & E FILLMORE AVE,Collision with:  Vehicle in traffic,On Roadway,Broadside (front to side),Lost Control,None Indicated,,Daylight,Snow,Snow,"Surface condition (e.g., wet, icy)",Intersection:  Four-way intersection,Paved,,Property Damage Only,0,0,0,0,0,0,6000,2,3,,POINT (-91.96312798166 40.995597268828)
2014828588,2014063966,11/15/2014,11-November,7-Saturday,13:50,1300 Hours,District 5 (Southeast),,WARREN,I-35,I-35,Collision with fixed object:  Traffic sign support,Roadside,Non-collision (single vehicle),Swerving/Evasive Action,None Indicated,,Daylight,Snow,Snow,"Surface condition (e.g., wet, icy)",Non-intersection:  Non-junction/no special feature,Paved,,Possible/Unknown,0,1,0,0,1,0,1600,1,1,,POINT (-93.784179165917 41.164205239681)
2014829662,14010242,11/15/2014,11-November,7-Saturday,21:28,2100 Hours,District 6 (East Central),,BUCHANAN,,Co Rd C57/120TH ST & CENTRAL AVE,Collision with:  Vehicle in traffic,On Roadway,"Sideswipe, opposite direction",Crossed centerline (undivided),None Indicated,,Dark - roadway not lighted,Snow,Snow,"Surface condition (e.g., wet, icy)",Non-intersection:  Non-junction/no special feature,Paved,,Minor Injury,0,2,0,1,1,0,17000,2,2,,POINT (-92.032745067309 42.612730205346)
2014828545,2014-5661,11/15/2014,11-November,7-Saturday,15:53,1500 Hours,District 4 (Southwest),WAUKEE,DALLAS,,ALICES RD,Collision with fixed object:  Other fixed object (explain in narrative),On Roadway,Non-collision (single vehicle),Crossed centerline (undivided),None Indicated,,Daylight,Snow,Snow,None apparent,Non-intersection:  Non-junction/no special feature,Paved,,Property Damage Only,0,0,0,0,0,0,3500,1,1,,POINT (-93.852925929134 41.607525509702)
2014827797,14-048423,11/15/2014,11-November,7-Saturday,13:50,1300 Hours,District 4 (Southwest),COUNCIL BLUFFS,POTTAWATTAMIE,,W GRAHAM AVE,Non-collision events:  Other non-collision (explain in narrative),On Roadway,Non-collision (single vehicle),Ran off road - right,None Indicated,,Daylight,Snow,Snow,"Surface condition (e.g., wet, icy)",Non-intersection:  Non-junction/no special feature,Paved,,Property Damage Only,0,0,0,0,0,0,2100,1,1,,POINT (-95.840474987419 41.247599813643)
2014827469,14-011656,11/15/2014,11-November,7-Saturday,15:09,1500 Hours,District 3 (Northwest),,CARROLL,,Co Rd E63/330TH ST,Non-collision events:  Overturn/rollover,Outside trafficway,Non-collision (single vehicle),Ran off road - left,None Indicated,,Daylight,Snow,Snow,"Surface condition (e.g., wet, icy)",Non-intersection:  Non-junction/no special feature,Paved,,Property Damage Only,0,0,0,0,0,0,3500,1,2,,POINT (-94.658885130489 41.877142115913)
2014828852,2014063913,11/15/2014,11-November,7-Saturday,10:28,1000 Hours,District 4 (Southwest),,POTTAWATTAMIE,I-80,I-80,Collision with fixed object:  Ditch,Shoulder,Non-collision (single vehicle),Swerving/Evasive Action,None Indicated,,Daylight,Snow,Snow,"Surface condition (e.g., wet, icy)",Non-intersection:  Non-junction/no special feature,Paved,,Minor Injury,0,1,0,1,0,0,8000,1,1,,POINT (-95.541642281436 41.498503716782)
2014831923,2014063993,11/15/2014,11-November,7-Saturday,15:20,1500 Hours,District 2 (Northeast),JANESVILLE,BREMER,US 218,US 218,Collision with:  Vehicle in traffic,Roadside,"Sideswipe, same direction",Swerving/Evasive Action,None Indicated,,Daylight,Snow,Snow,"Surface condition (e.g., wet, icy)",Non-intersection:  Non-junction/no special feature,Paved,,Property Damage Only,0,0,0,0,0,0,2900,2,2,,POINT (-92.454745450735 42.65178156803)
2014827722,14-5781,11/15/2014,11-November,7-Saturday,14:00,1400 Hours,District 1 (Central),WEST DES MOINES,POLK,I-35,I-35,Non-collision events:  Overturn/rollover,Median,Non-collision (single vehicle),Driving too fast for conditions,None Indicated,,Daylight,Slush,Snow,"Surface condition (e.g., wet, icy)",Non-intersection:  Non-junction/no special feature,Paved,,Possible/Unknown,0,1,0,0,1,0,7500,1,1,,POINT (-93.773292798028 41.592974683152)
2014827636,111514-099,11/15/2014,11-November,7-Saturday,13:34,1300 Hours,District 3 (Northwest),STORM LAKE,BUENA VISTA,,LAKE AVE & E 12TH ST,Collision with:  Vehicle in traffic,On Roadway,Broadside (front to side),Lost Control,None Indicated,,Daylight,Slush,Snow,None apparent,Non-intersection:  Non-junction/no special feature,Paved,,Property Damage Only,0,0,0,0,0,0,1750,2,5,,POINT (-95.20080789689 42.654060181678)
2014828484,14-37796,11/15/2014,11-November,7-Saturday,12:05,1200 Hours,District 3 (Northwest),SIOUX CITY,WOODBURY,,FLOYD BLVD,Collision with:  Vehicle in traffic,On Roadway,Broadside (front to side),FTYROW:  From driveway,None Indicated,,Daylight,Wet,Snow,None apparent,Non-intersection:  Driveway access (within),Paved,,Possible/Unknown,0,1,0,0,1,0,2400,2,5,,POINT (-96.375062927846 42.527132418335)
2014827719,20141067,11/15/2014,11-November,7-Saturday,20:57,2000 Hours,District 6 (East Central),MOUNT VERNON,LINN,,1ST ST,Collision with:  Vehicle in traffic,On Roadway,"Sideswipe, opposite direction",Driving too fast for conditions,None Indicated,,Dark - roadway lighted,Snow,Snow,"Surface condition (e.g., wet, icy)",Non-intersection:  Non-junction/no special feature,Paved,,Property Damage Only,0,0,0,0,0,0,3200,3,2,,POINT (-91.414089267532 41.920764765763)
2014827669,2014-039689,11/15/2014,11-November,7-Saturday,17:25,1700 Hours,District 6 (East Central),DUBUQUE,DUBUQUE,US 20,US 20/DODGE ST & DEVON DR,Collision with:  Vehicle in traffic,On Roadway,Broadside (front to side),Ran Traffic Signal,None Indicated,,Dark - roadway lighted,Snow,Snow,None apparent,Intersection:  Four-way intersection,Paved,,Minor Injury,0,3,0,3,0,0,5500,2,5,,POINT (-90.701392701687 42.491423854206)
2014827781,C14003639,11/15/2014,11-November,7-Saturday,16:05,1600 Hours,District 6 (East Central),CORALVILLE,JOHNSON,I-80,I-80 & 1ST AVE,Collision with:  Vehicle in traffic,On Roadway,Rear-end (front to rear),Lost Control,None Indicated,,Daylight,Snow,Snow,"Surface condition (e.g., wet, icy)",Non-intersection:  Non-junction/no special feature,Paved,,Property Damage Only,0,0,0,0,0,0,1500,2,2,,POINT (-91.564648397749 41.685717768089)
2014828390,14113150,11/15/2014,11-November,7-Saturday,15:18,1500 Hours,District 2 (Northeast),CEDAR FALLS,BLACK HAWK,US 218,US 218,Non-collision events:  Other non-collision (explain in narrative),On Roadway,Non-collision (single vehicle),Driving too fast for conditions,None Indicated,,Daylight,Snow,Snow,None apparent,Non-intersection:  Non-junction/no special feature,Paved,,Minor Injury,0,1,0,1,0,0,15000,1,1,,POINT (-92.424580223616 42.54389898954)
2014827546,CL14004050,11/15/2014,11-November,7-Saturday,18:19,1800 Hours,District 6 (East Central),CLINTON,CLINTON,,13TH AVE N & N 4TH ST,Collision with:  Vehicle in traffic,On Roadway,Rear-end (front to rear),Driving too fast for conditions,None Indicated,,Dark - roadway lighted,Ice/frost,Snow,"Surface condition (e.g., wet, icy)",Non-intersection:  Non-junction/no special feature,Paved,,Property Damage Only,0,0,0,0,0,0,1700,2,2,,POINT (-90.188624823611 41.859303137335)
2014828153,14-1404,11/15/2014,11-November,7-Saturday,19:14,1900 Hours,District 1 (Central),CLIVE,POLK,,NW 90TH ST & UNIVERSITY AVE & 28TH ST,Collision with:  Vehicle in traffic,On Roadway,Rear-end (front to rear),Unknown,None Indicated,,Dark - roadway lighted,Snow,Snow,None apparent,Non-intersection:  Non-junction/no special feature,Paved,,Possible/Unknown,0,2,0,0,2,0,2500,2,3,,POINT (-93.742350563829 41.600456469852)
2014835400,14-009261,11/15/2014,11-November,7-Saturday,18:16,1800 Hours,District 5 (Southeast),COLUMBUS CITY,LOUISA,,SPRING ST & WATER ST,Collision with fixed object:  Ditch,On Roadway,Non-collision (single vehicle),Ran off road - straight,None Indicated,,Dark - roadway lighted,Ice/frost,Snow,None apparent,Intersection:  T-intersection,Paved,,Property Damage Only,0,0,0,0,0,0,5000,1,3,,POINT (-91.370569177896 41.261987159847)
2014827667,2014-039686,11/15/2014,11-November,7-Saturday,17:10,1700 Hours,District 6 (East Central),DUBUQUE,DUBUQUE,,KANE ST,Collision with:  Vehicle in traffic,On Roadway,"Sideswipe, same direction",Lost Control,None Indicated,,Dark - roadway lighted,Snow,Snow,None apparent,Non-intersection:  Non-junction/no special feature,Paved,,Property Damage Only,0,0,0,0,0,0,1750,2,4,,POINT (-90.710116654591 42.516768213736)
2014827435,C14003645,11/15/2014,11-November,7-Saturday,17:05,1700 Hours,District 6 (East Central),CORALVILLE,JOHNSON,I-80,I-80 & IA 965/CORAL RIDGE AVE & COMMERCE DR,Collision with:  Vehicle in traffic,On Roadway,Rear-end (front to rear),Followed too close,None Indicated,,Dark - roadway lighted,Snow,Snow,"Surface condition (e.g., wet, icy)",Intersection:  Four-way intersection,Paved,,Property Damage Only,0,0,0,0,0,0,4300,3,5,,POINT (-91.608463777811 41.695966106141)
2014828532,2014-013836,11/15/2014,11-November,7-Saturday,20:06,2000 Hours,District 6 (East Central),,DUBUQUE,,Co Rd D35/MILITARY RD & SWISS VALLEY RD,Non-collision events:  Other non-collision (explain in narrative),On Roadway,Non-collision (single vehicle),Swerving/Evasive Action,None Indicated,,Dark - roadway not lighted,Snow,Snow,"Surface condition (e.g., wet, icy)",Non-intersection:  Non-junction/no special feature,Paved,,Possible/Unknown,0,1,0,0,1,0,8500,1,1,,POINT (-90.717998042713 42.425918106842)
2014829013,1403113,11/15/2014,11-November,7-Saturday,14:02,1400 Hours,District 5 (Southeast),BLOOMFIELD,DAVIS,US 63,US 63/WASHINGTON ST & NORTH ST,Collision with:  Vehicle in traffic,On Roadway,Rear-end (front to rear),Unknown,None Indicated,,Daylight,Snow,Snow,"Surface condition (e.g., wet, icy)",Intersection:  Four-way intersection,Paved,,Property Damage Only,0,0,0,0,0,0,2600,2,3,,POINT (-92.413666915049 40.754705908568)
2014829097,2014063984,11/15/2014,11-November,7-Saturday,15:20,1500 Hours,District 1 (Central),,POLK,I-35,I-35,Non-collision events:  Overturn/rollover,Median,Non-collision (single vehicle),Driving too fast for conditions,None Indicated,,Daylight,Ice/frost,Snow,"Surface condition (e.g., wet, icy)",Non-intersection:  Non-junction/no special feature,Paved,,Property Damage Only,0,0,0,0,0,0,5000,1,1,,POINT (-93.571080775276 41.838554585364)