Iowa DOT Case Number,Law Enforcement Case Number,Date of Crash,Month of Crash,Day of Week,Time of Crash,Hour,DOT District,City Name,County Name,Route with System,Location Description,First Harmful Event,Location of First Harmful Event,Manner of Crash/Collision,Major Cause,Drug or Alcohol ,Environmental Conditions,Light Conditions,Surface Conditions,Weather Conditions,Roadway Contribution,Roadway Type,Roadway Surface,Work Zone,Crash Severity,Number of Fatalities,Number of Injuries,Number of Major Injuries,Number of Minor Injuries,Number of Possible Injuries,Number of Unknown Injuries,Amount of Property Damage,Number of Vehicles Involved,Total Number of Occupants,Travel Direction,Location
2014827932,14007244,11/15/2014,11-November,7-Saturday,13:21,1300 Hours,District 2 (Northeast),NORA SPRINGS,CERRO GORDO,US 18,US 18 & WARBLER AVE,Collision with fixed object:  Ditch,On Roadway,Non-collision (single vehicle),Ran off road - right,None Indicated,,Daylight,Snow,Snow,"Surface condition (e.g., wet, icy)",Non-intersection:  Non-junction/no special feature,Paved,,Property Damage Only,0,0,0,0,0,0,2950,1,1,,POINT (-93.062937320011 43.119075610034)
2014832144,2014063981,11/15/2014,11-November,7-Saturday,15:00,1500 Hours,District 6 (East Central),,BUCHANAN,I-380,I-380,Collision with:  Vehicle in traffic,On Roadway,Unknown,Swerving/Evasive Action,None Indicated,,Daylight,Snow,Snow,None apparent,Non-intersection:  Non-junction/no special feature,Paved,,Property Damage Only,0,0,0,0,0,0,2100,2,2,,POINT (-92.028143689048 42.340247789031)
2014827902,14-35310,11/15/2014,11-November,7-Saturday,15:49,1500 Hours,District 5 (Southeast),FORT MADISON,LEE,US 61,US 61,Collision with fixed object:  Guardrail - face,On Roadway,Non-collision (single vehicle),Lost Control,None Indicated,,Daylight,Ice/frost,Snow,"Surface condition (e.g., wet, icy)",Non-intersection:  Other non-intersection (explain in narrative),Paved,,Possible/Unknown,0,1,0,0,1,0,3000,1,1,,POINT (-91.361107050959 40.657169756136)
2014828201,111514-093,11/15/2014,11-November,7-Saturday,12:43,1200 Hours,District 3 (Northwest),STORM LAKE,BUENA VISTA,,105TH AVE,Collision with:  Vehicle in traffic,On Roadway,Broadside (front to side),Driving too fast for conditions,None Indicated,,Daylight,Snow,Snow,None apparent,Non-intersection:  Non-junction/no special feature,Paved,,Possible/Unknown,0,1,0,0,1,0,2500,2,4,,POINT (-95.200729527887 42.662904672793)
2014830896,14-031115-04,11/15/2014,11-November,7-Saturday,19:01,1900 Hours,District 6 (East Central),,IOWA,US 6,US 6 & WW AVE,Collision with:  Vehicle in traffic,On Roadway,"Sideswipe, opposite direction",FTYROW:  From stop sign,None Indicated,,Dark - roadway not lighted,Snow,Snow,None apparent,Intersection:  T-intersection,Paved,,Property Damage Only,0,0,0,0,0,0,2000,2,3,,POINT (-91.856211239473 41.759117480804)
2014828378,14-031115-03,11/15/2014,11-November,7-Saturday,18:00,1800 Hours,District 6 (East Central),,IOWA,US 151,US 151/42ND AVE,Collision with:  Vehicle in traffic,On Roadway,"Sideswipe, same direction",Other (explain in narrative):  Other,None Indicated,,Dark - roadway not lighted,Snow,Snow,None apparent,Non-intersection:  Non-junction/no special feature,Paved,,Property Damage Only,0,0,0,0,0,0,1700,2,2,,POINT (-91.864983073839 41.771940143668)
2014827526,14-008763,11/15/2014,11-November,7-Saturday,14:02,1400 Hours,District 4 (Southwest),PERRY,DALLAS,IA 141,IA 141/141ST ST & WILLIS AVE & SOUMAS DR,Collision with:  Vehicle in traffic,On Roadway,Broadside (front to side),Swerving/Evasive Action,None Indicated,,Daylight,Snow,Snow,"Surface condition (e.g., wet, icy)",Intersection:  Four-way intersection,Paved,,Property Damage Only,0,0,0,0,0,0,6000,2,2,,POINT (-94.069267681493 41.835132168477)
2014831564,201464049,11/15/2014,11-November,7-Saturday,17:50,1700 Hours,District 3 (Northwest),,WOODBURY,I-29,I-29,Non-collision events:  Jackknife,On Roadway,Non-collision (single vehicle),Driving too fast for conditions,None Indicated,,Dark - roadway not lighted,Snow,Snow,"Surface condition (e.g., wet, icy)",Non-intersection:  Non-junction/no special feature,Paved,,Possible/Unknown,0,1,0,0,1,0,5100,1,1,,POINT (-96.302218983383 42.306265972475)
2014828592,2014063980,11/15/2014,11-November,7-Saturday,15:00,1500 Hours,District 2 (Northeast),GUTTENBERG,CLAYTON,US 52,US 52 & LORENZ LN,Collision with:  Vehicle in traffic,On Roadway,Rear-end (front to rear),Lost Control,None Indicated,,Daylight,Snow,Snow,None apparent,Intersection:  T-intersection,Paved,,Property Damage Only,0,0,0,0,0,0,3000,2,3,,POINT (-91.110465548503 42.803863616995)
2014830625,S14-K1501,11/15/2014,11-November,7-Saturday,12:20,1200 Hours,District 5 (Southeast),,CLARKE,I-35,I-35,Collision with fixed object:  Ditch,On Roadway,Non-collision (single vehicle),Lost Control,None Indicated,,Daylight,Snow,Snow,"Surface condition (e.g., wet, icy)",Non-intersection:  Non-junction/no special feature,Paved,,Property Damage Only,0,0,0,0,0,0,8000,1,1,,POINT (-93.796791348002 40.903821669309)
2014830049,,11/15/2014,11-November,7-Saturday,18:00,1800 Hours,District 6 (East Central),CEDAR RAPIDS,LINN,,32ND ST NE & GLASS RD NE & CENTER POINT RD NE,Collision with:  Vehicle in traffic,On Roadway,Broadside (front to side),Unknown,None Indicated,,Dark - roadway lighted,Ice/frost,Snow,,Non-intersection:  Non-junction/no special feature,Paved,,Possible/Unknown,0,2,0,0,2,0,3000,2,4,,POINT (-91.663084696028 42.010504482488)
2014827502,148820,11/15/2014,11-November,7-Saturday,08:59,0800 Hours,District 4 (Southwest),,DALLAS,,Co Rd P48/DEXFIELD RD,Non-collision events:  Overturn/rollover,Roadside,Non-collision (single vehicle),Crossed centerline (undivided),None Indicated,,Daylight,Dry,Clear,"Shoulders (none, low, soft, high)",Non-intersection:  Non-junction/no special feature,Paved,Yes,Possible/Unknown,0,1,0,0,1,0,10000,1,1,,POINT (-94.233001997471 41.571156310012)
2014828589,2014063971,11/15/2014,11-November,7-Saturday,14:30,1400 Hours,District 6 (East Central),,DUBUQUE,US 151,US 151/SW RAMP,Non-collision events:  Overturn/rollover,Median,Non-collision (single vehicle),Swerving/Evasive Action,None Indicated,,Daylight,Dry,Cloudy,None apparent,Non-intersection:  Non-junction/no special feature,Paved,,Minor Injury,0,1,0,1,0,0,2050,1,2,,POINT (-91.002526795039 42.310700994129)
2014827907,14035300,11/15/2014,11-November,7-Saturday,12:25,1200 Hours,District 5 (Southeast),,LEE,US 61,US 61,Collision with:  Animal,,,Animal,None Indicated,,,,,,,Paved,,Property Damage Only,0,0,0,0,0,0,10000,1,1,,POINT (-91.338905059871 40.670508835972)
2014828183,1400001014,11/15/2014,11-November,7-Saturday,17:20,1700 Hours,District 1 (Central),,MARSHALL,,Co Rd E41/MARSHALLTOWN BLVD,Collision with:  Vehicle in traffic,On Roadway,"Sideswipe, opposite direction",Swerving/Evasive Action,None Indicated,,Dark - roadway not lighted,Ice/frost,Snow,"Surface condition (e.g., wet, icy)",Non-intersection:  Non-junction/no special feature,Paved,,Property Damage Only,0,0,0,0,0,0,2500,2,2,,POINT (-92.970221674831 42.030292464231)
2014827323,20140034047,11/15/2014,11-November,7-Saturday,14:05,1400 Hours,District 1 (Central),DES MOINES,POLK,US 69,US 69/SE 14TH ST & SCOTT AVE,Collision with:  Vehicle in traffic,On Roadway,Head-on (front to front),Crossed centerline (undivided),None Indicated,,Daylight,Slush,Snow,"Surface condition (e.g., wet, icy)",Non-intersection:  Other non-intersection (explain in narrative),Paved,,Major Injury,0,2,1,1,0,0,16000,3,6,,POINT (-93.596853167735 41.583613670429)
2014831216,2014-013838,11/15/2014,11-November,7-Saturday,21:34,2100 Hours,District 6 (East Central),DUBUQUE,DUBUQUE,US 20,US 20,Collision with:  Vehicle in traffic,On Roadway,"Sideswipe, same direction",Other (explain in narrative):  No improper action,None Indicated,,Dark - roadway not lighted,Ice/frost,Snow,"Surface condition (e.g., wet, icy)",Non-intersection:  Non-junction/no special feature,Paved,,Possible/Unknown,0,1,0,0,1,0,2000,2,3,,POINT (-90.777403342408 42.453354516576)
2014828149,14-1400,11/15/2014,11-November,7-Saturday,14:10,1400 Hours,District 1 (Central),CLIVE,POLK,,NW 100TH ST,Collision with:  Vehicle in traffic,On Roadway,Rear-end (front to rear),Driving too fast for conditions,None Indicated,,Daylight,Snow,Snow,"Surface condition (e.g., wet, icy)",Non-intersection:  Non-junction/no special feature,Paved,,Property Damage Only,0,0,0,0,0,0,5830,2,4,,POINT (-93.754405895182 41.603161217309)
2014830173,14-002611,11/15/2014,11-November,7-Saturday,16:31,1600 Hours,District 1 (Central),ALTOONA,POLK,,8TH ST SW,Collision with:  Vehicle in traffic,On Roadway,"Sideswipe, opposite direction",Crossed centerline (undivided),None Indicated,,Dusk,Snow,Snow,"Surface condition (e.g., wet, icy)",Non-intersection:  Non-junction/no special feature,Paved,,Property Damage Only,0,0,0,0,0,0,8000,2,2,,POINT (-93.494298551143 41.644106510862)
2014827771,2014-79383,11/15/2014,11-November,7-Saturday,17:41,1700 Hours,District 6 (East Central),DAVENPORT,SCOTT,,E 4TH ST & IOWA ST,Collision with:  Vehicle in traffic,On Roadway,Rear-end (front to rear),Driving too fast for conditions,Alcohol (Statutory),,Dark - roadway lighted,Snow,Snow,"Surface condition (e.g., wet, icy)",Intersection:  Four-way intersection,Paved,,Property Damage Only,0,0,0,0,0,0,2000,2,3,,POINT (-90.569707711255 41.523518095305)
2014829533,148825,11/15/2014,11-November,7-Saturday,13:00,1300 Hours,District 4 (Southwest),,DALLAS,IA 141,IA 141/141ST ST,Collision with:  Vehicle in traffic,On Roadway,Head-on (front to front),Crossed centerline (undivided),None Indicated,,Daylight,Snow,Snow,None apparent,Non-intersection:  Non-junction/no special feature,Paved,,Minor Injury,0,3,0,3,0,0,21000,3,6,,POINT (-94.158729664804 41.834651713854)
2014829106,2014064109,11/15/2014,11-November,7-Saturday,22:59,2200 Hours,District 5 (Southeast),SALEM,HENRY,,JACKSON ST & PIONEER AVE,Non-collision events:  Overturn/rollover,Roadside,Non-collision (single vehicle),Ran off road - straight,Drug/Alcohol (< Statutory),,Dark - roadway not lighted,Ice/frost,Clear,"Surface condition (e.g., wet, icy)",Intersection:  Other intersection (explain in narrative),Paved,,Minor Injury,0,1,0,1,0,0,2000,1,1,,POINT (-91.612951450423 40.850363749596)
2014828508,166-2014,11/15/2014,11-November,7-Saturday,19:15,1900 Hours,District 4 (Southwest),,HARRISON,US 30,US 30,Non-collision events:  Other non-collision (explain in narrative),On Roadway,Non-collision (single vehicle),Lost Control,None Indicated,,Dark - roadway not lighted,Snow,Snow,"Surface condition (e.g., wet, icy)",Non-intersection:  Non-junction/no special feature,Paved,,Property Damage Only,0,0,0,0,0,0,3500,1,1,,POINT (-95.704758929433 41.699858760049)
2014827303,20140034051,11/15/2014,11-November,7-Saturday,14:52,1400 Hours,District 1 (Central),DES MOINES,POLK,US 6,US 6/FREDERICK M HUBBELL AVE & E 42ND ST,Collision with:  Vehicle in traffic,On Roadway,"Angle, oncoming left turn",FTYROW:  Making left turn,None Indicated,,Daylight,Snow,Snow,"Surface condition (e.g., wet, icy)",Intersection:  Four-way intersection,Paved,,Possible/Unknown,0,1,0,0,1,0,10500,3,5,,POINT (-93.532090853888 41.635732233647)
2014827651,14-2561,11/15/2014,11-November,7-Saturday,15:41,1500 Hours,District 1 (Central),URBANDALE,POLK,,DOUGLAS PKWY & 128TH ST,Collision with:  Vehicle in traffic,On Roadway,Broadside (front to side),Ran Traffic Signal,None Indicated,,Daylight,Snow,Snow,None apparent,Intersection:  Four-way intersection,Paved,,Property Damage Only,0,0,0,0,0,0,3500,3,3,,POINT (-93.793563205091 41.628640077836)
2014828594,2014064019,11/15/2014,11-November,7-Saturday,14:30,1400 Hours,District 5 (Southeast),,DECATUR,I-35,I-35,Collision with:  Vehicle in traffic,On Roadway,"Sideswipe, same direction",Driving too fast for conditions,None Indicated,,Daylight,Snow,Cloudy,"Surface condition (e.g., wet, icy)",Non-intersection:  Non-junction/no special feature,Paved,,Major Injury,0,2,1,0,1,0,74000,2,2,,POINT (-93.799656637676 40.8923162909)
2014831610,,11/15/2014,11-November,7-Saturday,13:00,1300 Hours,District 6 (East Central),MAQUOKETA,JACKSON,,W SUMMIT ST & S PROSPECT ST,Collision with:  Vehicle in traffic,On Roadway,"Sideswipe, same direction",Unknown,None Indicated,,Daylight,,Cloudy,,,Paved,,Possible/Unknown,0,1,0,0,0,1,2500,2,3,,POINT (-90.671602302976 42.061862530781)
2014828109,2014063995,11/15/2014,11-November,7-Saturday,14:20,1400 Hours,District 4 (Southwest),,DALLAS,I-80,I-80,Non-collision events:  Overturn/rollover,Roadside,Non-collision (single vehicle),Swerving/Evasive Action,None Indicated,,Daylight,Snow,Snow,"Surface condition (e.g., wet, icy)",Non-intersection:  Non-junction/no special feature,Paved,,Possible/Unknown,0,1,0,0,1,0,2000,1,1,,POINT (-93.976901173578 41.544119084567)
2014828702,,11/15/2014,11-November,7-Saturday,14:00,1400 Hours,District 5 (Southeast),,DECATUR,,Co Rd R46/PLEASANTON RD,Collision with fixed object:  Other fixed object (explain in narrative),Outside trafficway,Non-collision (single vehicle),Ran off road - right,None Indicated,,Daylight,Snow,Snow,"Surface condition (e.g., wet, icy)",Non-intersection:  Non-junction/no special feature,Paved,,Property Damage Only,0,0,0,0,0,0,2000,1,1,,POINT (-93.719157718474 40.610672429305)
2014827888,14-22329,11/15/2014,11-November,7-Saturday,18:03,1800 Hours,District 6 (East Central),BETTENDORF,SCOTT,,GLENN ST & 23RD ST,Collision with:  Parked motor vehicle,On Roadway,Rear-end (front to rear),Driving too fast for conditions,None Indicated,,Dark - roadway not lighted,Snow,Snow,"Surface condition (e.g., wet, icy)",Intersection:  T-intersection,Paved,,Property Damage Only,0,0,0,0,0,0,8500,2,3,,POINT (-90.500151299729 41.535319667319)
2014827343,20140034038,11/15/2014,11-November,7-Saturday,12:50,1200 Hours,District 1 (Central),DES MOINES,POLK,,SW 5TH ST & W MLK JR PKWY,Collision with:  Vehicle in traffic,On Roadway,Broadside (front to side),Ran Traffic Signal,None Indicated,,Daylight,Wet,Snow,None apparent,Intersection:  Four-way intersection,Paved,,Property Damage Only,0,0,0,0,0,0,11000,2,2,,POINT (-93.621825835326 41.581887034652)
2014829371,2014-79224,11/15/2014,11-November,7-Saturday,23:29,2300 Hours,District 6 (East Central),DAVENPORT,SCOTT,,S CLARK ST,Collision with:  Vehicle in traffic,On Roadway,Head-on (front to front),FTYROW:  Other (explain in narrative),Alcohol (Statutory),,Dark - roadway lighted,Dry,Clear,None apparent,Non-intersection:  Non-junction/no special feature,Paved,,Property Damage Only,0,0,0,0,0,0,3000,2,2,,POINT (-90.622638567482 41.518401629476)
2014843246,1115145A,11/15/2014,11-November,7-Saturday,14:12,1400 Hours,District 4 (Southwest),,PAGE,,Co Rd J20/140 ST,Collision with fixed object:  Ditch,On Roadway,Non-collision (single vehicle),Ran off road - left,None Indicated,,Daylight,Ice/frost,Cloudy,"Surface condition (e.g., wet, icy)",Non-intersection:  Non-junction/no special feature,Paved,,Property Damage Only,0,0,0,0,0,0,10000,1,1,,POINT (-95.166051245157 40.8430652503)
2014827642,14-030301,11/15/2014,11-November,7-Saturday,14:39,1400 Hours,District 1 (Central),NEWTON,JASPER,I-80,I-80,Collision with:  Animal,,Non-collision (single vehicle),Animal,None Indicated,,,,,,,Paved,,Property Damage Only,0,0,0,0,0,0,10000,1,1,,POINT (-92.993511819388 41.682314797544)
2014827511,2014-12647,11/15/2014,11-November,7-Saturday,22:22,2200 Hours,District 3 (Northwest),,SAC,US 20,US 20/220TH ST,Collision with:  Vehicle in traffic,On Roadway,"Sideswipe, opposite direction",Crossed centerline (undivided),None Indicated,,Dark - roadway not lighted,Snow,Snow,"Surface condition (e.g., wet, icy)",Non-intersection:  Non-junction/no special feature,Paved,,Property Damage Only,0,0,0,0,0,0,3500,2,7,,POINT (-95.221843857311 42.474702737531)
2014827437,S14-113206,11/15/2014,11-November,7-Saturday,16:27,1600 Hours,District 2 (Northeast),ELK RUN HEIGHTS,BLACK HAWK,,PLAZA DR,Collision with:  Vehicle in traffic,On Roadway,"Sideswipe, opposite direction",Swerving/Evasive Action,None Indicated,,Dusk,Snow,Snow,Ruts/holes/bumps,Non-intersection:  Non-junction/no special feature,Paved,,Property Damage Only,0,0,0,0,0,0,3100,2,2,,POINT (-92.245439899218 42.46501322695)
2014827761,2014-79345,11/15/2014,11-November,7-Saturday,16:31,1600 Hours,District 6 (East Central),DAVENPORT,SCOTT,,E 4TH ST & PERRY ST,Collision with:  Vehicle in traffic,On Roadway,"Sideswipe, same direction",Driving too fast for conditions,None Indicated,,Dusk,Snow,Snow,None apparent,Non-intersection:  Non-junction/no special feature,Paved,,Property Damage Only,0,0,0,0,0,0,2500,2,4,,POINT (-90.572631952869 41.523516845767)
2014827274,14024257,11/15/2014,11-November,7-Saturday,16:14,1600 Hours,District 6 (East Central),MARION,LINN,,1ST AVE & 15TH ST,Collision with:  Vehicle in traffic,On Roadway,Broadside (front to side),Ran Stop Sign,None Indicated,,Daylight,Snow,Snow,"Surface condition (e.g., wet, icy)",Intersection:  Four-way intersection,Paved,,Property Damage Only,0,0,0,0,0,0,3000,2,2,,POINT (-91.59394611241 42.028114283328)
2014829128,SO14002719,11/15/2014,11-November,7-Saturday,17:06,1700 Hours,District 3 (Northwest),,PLYMOUTH,,Co Rd C60/C60,Collision with fixed object:  Ditch,On Roadway,Non-collision (single vehicle),Over correcting/over steering,None Indicated,,Dark - roadway not lighted,Ice/frost,Snow,"Surface condition (e.g., wet, icy)",Non-intersection:  Non-junction/no special feature,Paved,,Property Damage Only,0,0,0,0,0,0,5000,1,2,,POINT (-96.308166535651 42.627044917249)
2014827296,14-7576,11/15/2014,11-November,7-Saturday,14:00,1400 Hours,District 1 (Central),,POLK,IA 415,IA 415/2ND AVE,Collision with fixed object:  Ditch,On Roadway,Non-collision (single vehicle),Driving too fast for conditions,None Indicated,,Daylight,Snow,Snow,"Surface condition (e.g., wet, icy)",Non-intersection:  Non-junction/no special feature,Paved,,Property Damage Only,0,0,0,0,0,0,3500,1,1,,POINT (-93.620577730308 41.666966739847)
2014829046,14-018037,11/15/2014,11-November,7-Saturday,12:35,1200 Hours,District 2 (Northeast),,FLOYD,US 18,US 18,Collision with:  Animal,On Roadway,Non-collision (single vehicle),Animal,None Indicated,,Daylight,Snow,Cloudy,None apparent,Non-intersection:  Non-junction/no special feature,Paved,,Property Damage Only,0,0,0,0,0,0,5000,1,1,,POINT (-92.579953789191 43.067128938038)
2014828280,14-11651,11/15/2014,11-November,7-Saturday,11:45,1100 Hours,District 3 (Northwest),CARROLL,CARROLL,US 30,US 30 & BURGESS RD,Collision with:  Vehicle in traffic,On Roadway,Broadside (front to side),FTYROW:  Making left turn,None Indicated,,Daylight,Snow,Snow,"Surface condition (e.g., wet, icy)",Intersection:  Four-way intersection,Paved,,Possible/Unknown,0,2,0,0,2,0,13500,2,2,,POINT (-94.888681183455 42.078347369299)
2014827585,PD14-11601,11/15/2014,11-November,7-Saturday,15:43,1500 Hours,District 1 (Central),MARSHALLTOWN,MARSHALL,IA 14,IA 14/S CENTER ST,Collision with:  Vehicle in traffic,On Roadway,Rear-end (front to rear),Driving too fast for conditions,None Indicated,,Daylight,Snow,Snow,"Surface condition (e.g., wet, icy)",Non-intersection:  Non-junction/no special feature,Paved,,Property Damage Only,0,0,0,0,0,0,2700,3,5,,POINT (-92.912678611107 42.033109201698)
2014828217,14009930,11/15/2014,11-November,7-Saturday,00:00,0000 Hours,District 2 (Northeast),EDGEWOOD,CLAYTON,,W WILLIAM ST & N FRANKLIN ST,Collision with fixed object:  Mailbox,On Roadway,Non-collision (single vehicle),Ran off road - left,None Indicated,,Dark - roadway lighted,Snow,Snow,"Surface condition (e.g., wet, icy)",Non-intersection:  Non-junction/no special feature,Paved,,Property Damage Only,0,0,0,0,0,0,1700,1,1,,POINT (-91.403591715987 42.646250332631)
2014833647,14010231,11/15/2014,11-November,7-Saturday,15:26,1500 Hours,District 6 (East Central),,BUCHANAN,I-380,I-380,Collision with:  Vehicle in traffic,On Roadway,"Sideswipe, opposite direction",Driving too fast for conditions,None Indicated,,Daylight,Snow,Snow,"Surface condition (e.g., wet, icy)",Non-intersection:  Non-junction/no special feature,Paved,,Property Damage Only,0,0,0,0,0,0,15500,3,3,,POINT (-91.966263566385 42.302772868037)
2014827218,W14-113257,11/15/2014,11-November,7-Saturday,19:13,1900 Hours,District 2 (Northeast),WATERLOO,BLACK HAWK,,OAKLAWN AVE,Collision with:  Parked motor vehicle,Shoulder,Unknown,Unknown,None Indicated,,Dark - roadway lighted,Snow,Snow,None apparent,Non-intersection:  Non-junction/no special feature,Paved,,Property Damage Only,0,0,0,0,0,0,2000,2,1,,POINT (-92.353652947528 42.492836230466)
2014828481,S14-11855,11/15/2014,11-November,7-Saturday,13:31,1300 Hours,District 3 (Northwest),SERGEANT BLUFF,WOODBURY,,220TH ST,Collision with fixed object:  Other fixed object (explain in narrative),On Roadway,Non-collision (single vehicle),Swerving/Evasive Action,None Indicated,,Daylight,Snow,Snow,"Surface condition (e.g., wet, icy)",Non-intersection:  Non-junction/no special feature,Unpaved,,Property Damage Only,0,0,0,0,0,0,10100,1,1,,POINT (-96.322408533851 42.386463363803)
2014827882,2014012825,11/15/2014,11-November,7-Saturday,16:07,1600 Hours,District 6 (East Central),IOWA CITY,JOHNSON,,PARK RD,Collision with:  Vehicle in traffic,On Roadway,Rear-end (front to rear),Other (explain in narrative):  No improper action,None Indicated,,Daylight,Ice/frost,Snow,"Surface condition (e.g., wet, icy)",Non-intersection:  Non-junction/no special feature,Paved,,Property Damage Only,0,0,0,0,0,0,5700,2,4,,POINT (-91.547813858023 41.671338497128)
2014827656,14-30309,11/15/2014,11-November,7-Saturday,15:10,1500 Hours,District 1 (Central),,JASPER,,Co Rd F62/HWY F-62 E & Co Rd T22/HWY T-22 S & E 104TH ST S,Collision with fixed object:  Traffic sign support,Shoulder,Non-collision (single vehicle),Driving too fast for conditions,None Indicated,,Daylight,Snow,Snow,"Surface condition (e.g., wet, icy)",Intersection:  T-intersection,Paved,,Property Damage Only,0,0,0,0,0,0,5100,1,2,,POINT (-92.890929157303 41.581021788046)
2014827278,14024272,11/15/2014,11-November,7-Saturday,17:08,1700 Hours,District 6 (East Central),MARION,LINN,,29TH AVE & 35TH ST,Collision with:  Vehicle in traffic,On Roadway,Broadside (front to side),Driving too fast for conditions,None Indicated,,Dark - roadway not lighted,Snow,Snow,"Surface condition (e.g., wet, icy)",Intersection:  Four-way intersection,Paved,,Property Damage Only,0,0,0,0,0,0,14800,4,6,,POINT (-91.574495059997 42.050399108057)
2014827970,143764,11/15/2014,11-November,7-Saturday,08:18,0800 Hours,District 2 (Northeast),,FRANKLIN,US 65,US 65,Collision with:  Animal,,,Animal,None Indicated,,,,,,,Paved,,Property Damage Only,0,0,0,0,0,0,1500,1,1,,POINT (-93.202281380871 42.766199343932)
2014829196,14-0424,11/15/2014,11-November,7-Saturday,13:19,1300 Hours,District 5 (Southeast),LEON,DECATUR,US 69,US 69,Collision with fixed object:  Ditch,Roadside,Non-collision (single vehicle),Ran off road - left,None Indicated,,Daylight,Snow,Snow,"Surface condition (e.g., wet, icy)",Non-intersection:  Non-junction/no special feature,Paved,,Property Damage Only,0,0,0,0,0,0,12000,1,2,,POINT (-93.754977182357 40.836135154831)
2014827560,CL14004055,11/15/2014,11-November,7-Saturday,19:36,1900 Hours,District 6 (East Central),CLINTON,CLINTON,,S 25TH ST,Non-collision events:  Other non-collision (explain in narrative),On Roadway,Non-collision (single vehicle),Other (explain in narrative):  Other,None Indicated,,Dark - roadway lighted,Snow,Snow,"Surface condition (e.g., wet, icy)",Non-intersection:  Non-junction/no special feature,Paved,,Property Damage Only,0,0,0,0,0,0,2000,1,1,,POINT (-90.24430797333 41.817426072504)
2014828051,14-005249,11/15/2014,11-November,7-Saturday,08:10,0800 Hours,District 3 (Northwest),,LYON,,Co Rd A52/260TH ST,Collision with fixed object:  Ditch,On Roadway,Non-collision (single vehicle),Driving too fast for conditions,None Indicated,,Daylight,Snow,Snow,"Surface condition (e.g., wet, icy)",Non-intersection:  Non-junction/no special feature,Paved,,Property Damage Only,0,0,0,0,0,0,7000,1,1,,POINT (-96.243995519852 43.272019220181)
2014827587,PD14-11604,11/15/2014,11-November,7-Saturday,17:34,1700 Hours,District 1 (Central),MARSHALLTOWN,MARSHALL,,LINCOLN WAY,Non-collision events:  Other non-collision (explain in narrative),Roadside,Non-collision (single vehicle),Ran off road - right,None Indicated,,Dark - roadway not lighted,Ice/frost,Snow,"Surface condition (e.g., wet, icy)",Non-intersection:  Non-junction/no special feature,Paved,,Property Damage Only,0,0,0,0,0,0,4600,1,1,,POINT (-92.966813933004 42.032318018699)
2014828947,,11/15/2014,11-November,7-Saturday,19:00,1900 Hours,District 6 (East Central),CEDAR RAPIDS,LINN,,JOHNSON AVE NW & EDGEWOOD RD NW,Collision with:  Vehicle in traffic,On Roadway,"Sideswipe, same direction",Unknown,None Indicated,,Dark - roadway lighted,Snow,Snow,,Intersection:  Four-way intersection,Paved,,Property Damage Only,0,0,0,0,0,0,1500,2,3,,POINT (-91.715990354579 41.974515406815)
2014832302,14047731,11/15/2014,11-November,7-Saturday,17:01,1700 Hours,District 5 (Southeast),,MUSCATINE,IA 38,IA 38/IOWA 38,Collision with:  Vehicle in traffic,On Roadway,"Sideswipe, opposite direction",Driving too fast for conditions,None Indicated,,Dark - roadway not lighted,Snow,Snow,None apparent,Non-intersection:  Non-junction/no special feature,Paved,,Possible/Unknown,0,1,0,0,1,0,18000,3,7,,POINT (-91.038120941552 41.552678384263)
2014827397,14-37854,11/15/2014,11-November,7-Saturday,19:21,1900 Hours,District 3 (Northwest),SIOUX CITY,WOODBURY,I-29,I-29,Collision with:  Vehicle in traffic,On Roadway,Rear-end (front to rear),Ran off road - right,None Indicated,,Dark - roadway lighted,Snow,Snow,"Surface condition (e.g., wet, icy)",Interchange-related:  Off-ramp,Paved,,Property Damage Only,0,0,0,0,0,0,5189,2,3,,POINT (-96.42823707323 42.491740498322)
2014828855,2014063926,11/15/2014,11-November,7-Saturday,11:23,1100 Hours,District 4 (Southwest),,FREMONT,I-29,I-29 & IA 2/IOWA 2,Collision with:  Vehicle in traffic,On Roadway,Broadside (front to side),Ran Stop Sign,None Indicated,,Daylight,Snow,Snow,"Surface condition (e.g., wet, icy)",Intersection:  Intersection with ramp,Paved,,Property Damage Only,0,0,0,0,0,0,4350,2,2,,POINT (-95.784282607963 40.689193151573)
2014827725,14-5784,11/15/2014,11-November,7-Saturday,14:49,1400 Hours,District 4 (Southwest),WEST DES MOINES,DALLAS,,UNIVERSITY AVE,Collision with:  Vehicle in traffic,On Roadway,Head-on (front to front),Lost Control,None Indicated,,Daylight,Snow,Snow,"Surface condition (e.g., wet, icy)",Non-intersection:  Non-junction/no special feature,Paved,,Minor Injury,0,3,0,2,1,0,30000,2,4,,POINT (-93.805397384426 41.600437393505)
2014828058,20140034063,11/15/2014,11-November,7-Saturday,15:11,1500 Hours,District 1 (Central),DES MOINES,POLK,,UNIVERSITY AVE,Collision with:  Vehicle in traffic,On Roadway,"Sideswipe, opposite direction",Lost Control,None Indicated,,Daylight,Snow,Snow,"Surface condition (e.g., wet, icy)",Non-intersection:  Non-junction/no special feature,Paved,,Property Damage Only,0,0,0,0,0,0,3000,2,2,,POINT (-93.633763687184 41.600430817001)