Iowa DOT Case Number,Law Enforcement Case Number,Date of Crash,Month of Crash,Day of Week,Time of Crash,Hour,DOT District,City Name,County Name,Route with System,Location Description,First Harmful Event,Location of First Harmful Event,Manner of Crash/Collision,Major Cause,Drug or Alcohol ,Environmental Conditions,Light Conditions,Surface Conditions,Weather Conditions,Roadway Contribution,Roadway Type,Roadway Surface,Work Zone,Crash Severity,Number of Fatalities,Number of Injuries,Number of Major Injuries,Number of Minor Injuries,Number of Possible Injuries,Number of Unknown Injuries,Amount of Property Damage,Number of Vehicles Involved,Total Number of Occupants,Travel Direction,Location
2014828408,S79140364,11/15/2014,11-November,7-Saturday,15:30,1500 Hours,District 1 (Central),,POWESHIEK,I-80,I-80,Collision with fixed object:  Guardrail - face,On Roadway,Non-collision (single vehicle),Driving too fast for conditions,None Indicated,,Daylight,Snow,Snow,None apparent,Non-intersection:  Non-junction/no special feature,Paved,,Property Damage Only,0,0,0,0,0,0,3883,1,1,,POINT (-92.389345562758 41.696067816217)
2014827765,2014-79351,11/15/2014,11-November,7-Saturday,16:46,1600 Hours,District 6 (East Central),DAVENPORT,SCOTT,I-80,I-80,Collision with:  Vehicle in traffic,On Roadway,"Sideswipe, same direction",Lost Control,None Indicated,,Dark - roadway lighted,Ice/frost,Snow,"Surface condition (e.g., wet, icy)",Interchange-related:  On-ramp merge area,Paved,,Property Damage Only,0,0,0,0,0,0,5000,2,3,,POINT (-90.614128696967 41.599904456422)
2014829565,14-041115-01,11/15/2014,11-November,7-Saturday,23:00,2300 Hours,District 6 (East Central),,IOWA,I-80,I-80,Collision with fixed object:  Other fixed object (explain in narrative),Median,Non-collision (single vehicle),Ran off road - left,None Indicated,,Dark - roadway not lighted,Snow,Snow,"Surface condition (e.g., wet, icy)",Non-intersection:  Non-junction/no special feature,Paved,,Property Damage Only,0,0,0,0,0,0,4900,1,2,,POINT (-91.996414827508 41.687075264543)
2014827282,14024254,11/15/2014,11-November,7-Saturday,15:58,1500 Hours,District 6 (East Central),MARION,LINN,,7TH AVE,Collision with:  Vehicle in traffic,On Roadway,Rear-end (front to rear),Other (explain in narrative):  Other,None Indicated,,Daylight,Snow,Snow,None apparent,Non-intersection:  Non-junction/no special feature,Paved,,Possible/Unknown,0,1,0,0,1,0,3500,2,4,,POINT (-91.605851583999 42.033321093993)
2014828595,2014064020,11/15/2014,11-November,7-Saturday,16:35,1600 Hours,District 6 (East Central),DAVENPORT,SCOTT,I-80,I-80,Collision with fixed object:  Guardrail - face,Shoulder,Non-collision (single vehicle),Swerving/Evasive Action,None Indicated,,Dusk,Snow,Snow,"Surface condition (e.g., wet, icy)",Non-intersection:  Non-junction/no special feature,Paved,,Property Damage Only,0,0,0,0,0,0,10000,1,1,,POINT (-90.566224766806 41.595585448486)
2014827762,2014-79347,11/15/2014,11-November,7-Saturday,16:38,1600 Hours,District 6 (East Central),DAVENPORT,SCOTT,,W 35TH ST & MARQUETTE ST,Collision with:  Vehicle in traffic,On Roadway,Rear-end (front to rear),Swerving/Evasive Action,None Indicated,,Dusk,Snow,Snow,"Surface condition (e.g., wet, icy)",Intersection:  Four-way intersection,Paved,,Property Damage Only,0,0,0,0,0,0,3000,2,2,,POINT (-90.591058524491 41.555625128373)
2014829373,2014-79364,11/15/2014,11-November,7-Saturday,17:22,1700 Hours,District 6 (East Central),DAVENPORT,SCOTT,,W LOMBARD ST & N LINCOLN AVE,Collision with fixed object:  Other fixed object (explain in narrative),Shoulder,Non-collision (single vehicle),Other (explain in narrative):  Other,None Indicated,,Dark - roadway lighted,Snow,Snow,None apparent,Non-intersection:  Non-junction/no special feature,Paved,,Property Damage Only,0,0,0,0,0,0,1500,1,1,,POINT (-90.613060777511 41.541619899418)
2014827283,14024266,11/15/2014,11-November,7-Saturday,17:22,1700 Hours,District 6 (East Central),MARION,LINN,,CENTRAL AVE & 6TH ST,Collision with:  Vehicle in traffic,On Roadway,Broadside (front to side),Other (explain in narrative):  Other,None Indicated,,Dark - roadway lighted,Ice/frost,Snow,None apparent,Intersection:  Four-way intersection,Paved,,Property Damage Only,0,0,0,0,0,0,2500,2,4,,POINT (-91.603871177662 42.038250498934)
2014827891,C14003651,11/15/2014,11-November,7-Saturday,17:30,1700 Hours,District 6 (East Central),CORALVILLE,JOHNSON,,12TH AVE,Collision with:  Parked motor vehicle,On Roadway,Head-on (front to front),Illegally Parked/Unattended,None Indicated,,Dark - roadway lighted,Ice/frost,Snow,"Surface condition (e.g., wet, icy)",Non-intersection:  Non-junction/no special feature,Paved,,Property Damage Only,0,0,0,0,0,0,15000,2,777,,POINT (-91.58734336129 41.712713249552)
2014827760,2014-79343,11/15/2014,11-November,7-Saturday,16:29,1600 Hours,District 6 (East Central),DAVENPORT,SCOTT,I-280,I-280 & IA 22/ROCKINGHAM RD,Collision with fixed object:  Bridge overhead structure,On Roadway,Non-collision (single vehicle),Driving too fast for conditions,None Indicated,,Daylight,Snow,Snow,"Surface condition (e.g., wet, icy)",Non-intersection:  Other non-intersection (explain in narrative),Paved,,Minor Injury,0,1,0,1,0,0,12488,1,1,,POINT (-90.649761438585 41.491795775257)
2014827357,20140034105,11/15/2014,11-November,7-Saturday,21:58,2100 Hours,District 1 (Central),DES MOINES,POLK,,E LOCUST ST & E 4TH ST,Collision with:  Vehicle in traffic,On Roadway,Broadside (front to side),Unknown,None Indicated,,Dark - roadway lighted,Snow,Snow,"Surface condition (e.g., wet, icy)",Non-intersection:  Alley,Paved,,Property Damage Only,0,0,0,0,0,0,1500,2,4,,POINT (-93.612683544607 41.589394125846)
2014831473,2014063881,11/15/2014,11-November,7-Saturday,03:35,0300 Hours,District 1 (Central),,JASPER,I-80,I-80,Non-collision events:  Jackknife,Median,Non-collision (single vehicle),Ran off road - right,None Indicated,,Dark - roadway not lighted,Dry,Clear,None apparent,Non-intersection:  Non-junction/no special feature,Paved,,Property Damage Only,0,0,0,0,0,0,4500,1,2,,POINT (-93.098401897255 41.680894759729)
2014828683,S14-004547,11/15/2014,11-November,7-Saturday,10:30,1000 Hours,District 4 (Southwest),,POTTAWATTAMIE,,Co Rd L19/JOSLIN AVE,Collision with fixed object:  Ditch,Roadside,Non-collision (single vehicle),Driving too fast for conditions,None Indicated,,Daylight,Snow,Snow,"Surface condition (e.g., wet, icy)",Non-intersection:  Non-junction/no special feature,Unpaved,,Property Damage Only,0,0,0,0,0,0,5000,1,1,,POINT (-95.868352545881 41.303494896789)
2014829538,2014063939,11/15/2014,11-November,7-Saturday,11:30,1100 Hours,District 3 (Northwest),,LYON,,Co Rd K30/ELMWOOD AVE & 270TH ST,Non-collision events:  Overturn/rollover,Shoulder,Non-collision (single vehicle),Crossed centerline (undivided),None Indicated,,Daylight,Snow,Snow,None apparent,Intersection:  Four-way intersection,Paved,,Possible/Unknown,0,1,0,0,1,0,10500,1,1,,POINT (-96.295695489498 43.257592380075)
2014828225,14112064,11/15/2014,11-November,7-Saturday,12:07,1200 Hours,District 4 (Southwest),CLARINDA,PAGE,,W STATE ST & N 18TH ST,Collision with:  Vehicle in traffic,On Roadway,"Angle, oncoming left turn",Ran Stop Sign,None Indicated,,Daylight,Snow,Cloudy,None apparent,Intersection:  Four-way intersection,Paved,,Property Damage Only,0,0,0,0,0,0,7000,2,3,,POINT (-95.040480849574 40.7421722706)
2014827619,201417173,11/15/2014,11-November,7-Saturday,16:25,1600 Hours,District 6 (East Central),CEDAR RAPIDS,LINN,,BLAIRS FERRY RD NE & C AVE NE,Collision with:  Vehicle in traffic,On Roadway,Broadside (front to side),Lost Control,None Indicated,,Dusk,Snow,Snow,"Surface condition (e.g., wet, icy)",Non-intersection:  Non-junction/no special feature,Paved,,Property Damage Only,0,0,0,0,0,0,3200,3,3,,POINT (-91.638535339212 42.034758231036)
2014827662,14014984,11/15/2014,11-November,7-Saturday,19:16,1900 Hours,District 4 (Southwest),GLENWOOD,MILLS,,N LOCUST ST & 1ST ST,Collision with:  Vehicle in traffic,On Roadway,Broadside (front to side),Driving too fast for conditions,None Indicated,,Dark - roadway lighted,Ice/frost,Snow,None apparent,Intersection:  Four-way intersection,Paved,,Property Damage Only,0,0,0,0,0,0,2600,2,2,,POINT (-95.744727408073 41.047293305695)
2014829099,2014064010,11/15/2014,11-November,7-Saturday,15:35,1500 Hours,District 1 (Central),,POLK,I-35,I-35,Collision with fixed object:  Guardrail - face,On Roadway,Non-collision (single vehicle),Driving too fast for conditions,None Indicated,,Daylight,Ice/frost,Snow,"Surface condition (e.g., wet, icy)",Non-intersection:  Non-junction/no special feature,Paved,,Property Damage Only,0,0,0,0,0,0,6000,1,1,,POINT (-93.570365782875 41.802782733201)
2014831710,2014-013835,11/15/2014,11-November,7-Saturday,18:39,1800 Hours,District 6 (East Central),CASCADE,DUBUQUE,,1ST AVE E & FOX ST SE & INDUSTRIAL PARK RD,Collision with fixed object:  Curb/island/raised median,On Roadway,Non-collision (single vehicle),Lost Control,None Indicated,,Dark - roadway lighted,Ice/frost,Snow,"Surface condition (e.g., wet, icy)",Intersection:  Four-way intersection,Paved,,Property Damage Only,0,0,0,0,0,0,2000,1,1,,POINT (-90.995450243468 42.305822477328)
2014827657,14-30321,11/15/2014,11-November,7-Saturday,16:25,1600 Hours,District 1 (Central),,JASPER,,Co Rd F17/HWY F-17 W,Collision with fixed object:  Ditch,On Roadway,Non-collision (single vehicle),Ran off road - right,None Indicated,,Dusk,Snow,Snow,None apparent,Non-intersection:  Non-junction/no special feature,Paved,,Possible/Unknown,0,1,0,0,0,1,3000,1,1,,POINT (-93.084105803317 41.820353398717)
2014828949,,11/15/2014,11-November,7-Saturday,22:53,2200 Hours,District 6 (East Central),CEDAR RAPIDS,LINN,,OAKLAND RD NE,Collision with:  Vehicle in traffic,On Roadway,Rear-end (front to rear),Unknown,None Indicated,,Dark - roadway lighted,Snow,Snow,,Non-intersection:  Alley,Paved,,Property Damage Only,0,0,0,0,0,0,2500,2,2,,POINT (-91.659905981299 42.001424989075)
2014827499,14026772,11/15/2014,11-November,7-Saturday,16:10,1600 Hours,District 5 (Southeast),OSKALOOSA,MAHASKA,,HIGH AVE W,Collision with fixed object:  Curb/island/raised median,On Roadway,Non-collision (single vehicle),Driving too fast for conditions,None Indicated,,Daylight,Snow,Snow,"Surface condition (e.g., wet, icy)",Non-intersection:  Non-junction/no special feature,Paved,,Property Damage Only,0,0,0,0,0,0,3300,1,2,,POINT (-92.645458753825 41.295321475797)
2014827581,17007240,11/15/2014,11-November,7-Saturday,11:25,1100 Hours,District 2 (Northeast),,CERRO GORDO,US 18,US 18/NW RAMP/NE RAMP & US 65,Collision with:  Vehicle in traffic,On Roadway,Broadside (front to side),FTYROW:  From stop sign,None Indicated,,Daylight,Snow,Snow,None apparent,Intersection:  Intersection with ramp,Paved,,Minor Injury,0,2,0,2,0,0,12000,2,2,,POINT (-93.20130610896 43.105615594002)
2014828637,14-13302,11/15/2014,11-November,7-Saturday,17:45,1700 Hours,District 3 (Northwest),,SIOUX,,Co Rd B46/420TH ST & Co Rd L14/KINGBIRD AVE,Collision with fixed object:  Ditch,Roadside,Non-collision (single vehicle),Ran off road - left,None Indicated,,Dark - roadway not lighted,Snow,Snow,"Surface condition (e.g., wet, icy)",Intersection:  Four-way intersection,Paved,,Minor Injury,0,1,0,1,0,0,7070,1,1,,POINT (-95.977818791173 43.041072262751)
2014829020,4514-055,11/15/2014,11-November,7-Saturday,11:33,1100 Hours,District 2 (Northeast),,HOWARD,,ELM AVE,Non-collision events:  Overturn/rollover,On Roadway,Non-collision (single vehicle),Ran off road - right,None Indicated,,Daylight,Snow,Snow,None apparent,Intersection:  Four-way intersection,Unpaved,,Property Damage Only,0,0,0,0,0,0,1500,1,1,,POINT (-92.475265473654 43.240633955779)
2014827217,W14-113141,11/15/2014,11-November,7-Saturday,14:45,1400 Hours,District 2 (Northeast),WATERLOO,BLACK HAWK,US 218,US 218/WASHINGTON ST,Collision with:  Vehicle in traffic,On Roadway,"Sideswipe, opposite direction",Lost Control,None Indicated,,Daylight,Snow,Snow,"Surface condition (e.g., wet, icy)",Non-intersection:  Non-junction/no special feature,Paved,,Fatal,1,2,2,0,0,0,35000,2,3,,POINT (-92.28476596237 42.429638045002)
2014827482,14-230,11/15/2014,11-November,7-Saturday,11:52,1100 Hours,District 2 (Northeast),WAVERLY,BREMER,IA 116,IA 116/4TH ST SW,Collision with:  Vehicle in traffic,On Roadway,"Sideswipe, same direction",Driving too fast for conditions,None Indicated,,Daylight,Snow,Snow,"Surface condition (e.g., wet, icy)",Non-intersection:  Non-junction/no special feature,Paved,,Property Damage Only,0,0,0,0,0,0,2500,2,6,,POINT (-92.475733619615 42.702094597038)
2014831924,2014064031,11/15/2014,11-November,7-Saturday,17:00,1700 Hours,District 1 (Central),,POLK,I-35,I-35,Collision with:  Vehicle in traffic,On Roadway,"Sideswipe, same direction",Driving too fast for conditions,None Indicated,,Dark - roadway lighted,Snow,Snow,"Surface condition (e.g., wet, icy)",Non-intersection:  Non-junction/no special feature,Paved,,Minor Injury,0,2,0,1,1,0,6000,2,3,,POINT (-93.619052978297 41.649492097312)
2014828164,14-001359,11/15/2014,11-November,7-Saturday,15:29,1500 Hours,District 1 (Central),,STORY,I-35,I-35,Collision with fixed object:  Traffic sign support,On Roadway,Non-collision (single vehicle),Lost Control,None Indicated,,Daylight,Snow,Snow,"Surface condition (e.g., wet, icy)",Interchange-related:  Off-ramp,Paved,,Property Damage Only,0,0,0,0,0,0,6400,1,1,,POINT (-93.571174529253 42.011339362163)
2014827679,2014-24747,11/15/2014,11-November,7-Saturday,14:50,1400 Hours,District 5 (Southeast),,WARREN,US 65,US 65,Collision with:  Vehicle in traffic,On Roadway,Rear-end (front to rear),Driving too fast for conditions,None Indicated,,Daylight,Snow,Snow,None apparent,Non-intersection:  Non-junction/no special feature,Paved,,Property Damage Only,0,0,0,0,0,0,2000,2,2,,POINT (-93.558696575774 41.429490798861)
2014828685,S14-004556,11/15/2014,11-November,7-Saturday,14:30,1400 Hours,District 4 (Southwest),,POTTAWATTAMIE,,Co Rd L19/JOSLIN AVE,Collision with fixed object:  Utility pole/light support,Shoulder,Non-collision (single vehicle),Swerving/Evasive Action,None Indicated,,Daylight,Ice/frost,Snow,"Surface condition (e.g., wet, icy)",Non-intersection:  Non-junction/no special feature,Unpaved,,Property Damage Only,0,0,0,0,0,0,5500,1,1,,POINT (-95.877519306169 41.357897849393)
2014827691,2014063911,11/15/2014,11-November,7-Saturday,09:20,0900 Hours,District 3 (Northwest),CYLINDER,PALO ALTO,US 18,US 18/MAIN ST/390 ST & PARALLEL ST,Collision with:  Vehicle in traffic,On Roadway,"Sideswipe, opposite direction",Crossed centerline (undivided),None Indicated,,Daylight,Snow,Snow,"Surface condition (e.g., wet, icy)",Intersection:  Other intersection (explain in narrative),Paved,,Possible/Unknown,0,1,0,0,1,0,6500,2,7,,POINT (-94.550789499713 43.087422120186)
2014827293,14-7584,11/15/2014,11-November,7-Saturday,16:00,1600 Hours,District 1 (Central),DES MOINES,POLK,,NE 94TH AVE & NE 38TH ST,Collision with fixed object:  Traffic sign support,Outside trafficway,Non-collision (single vehicle),Ran off road - right,None Indicated,,Daylight,Snow,Snow,"Surface condition (e.g., wet, icy)",Intersection:  Four-way intersection,Paved,,Property Damage Only,0,0,0,0,0,0,3300,1,1,,POINT (-93.541552923243 41.731857045517)
2014827728,14-5796,11/15/2014,11-November,7-Saturday,17:35,1700 Hours,District 1 (Central),WEST DES MOINES,POLK,,LOCUST ST,Collision with:  Vehicle in traffic,On Roadway,Broadside (front to side),Other (explain in narrative):  Other,None Indicated,,Dark - roadway not lighted,Snow,Snow,"Surface condition (e.g., wet, icy)",Non-intersection:  Non-junction/no special feature,Paved,,Property Damage Only,0,0,0,0,0,0,2500,2,3,,POINT (-93.712340457839 41.575489138736)
2014827543,2014012832,11/15/2014,11-November,7-Saturday,18:18,1800 Hours,District 6 (East Central),IOWA CITY,JOHNSON,,WESTWINDS DR,Collision with:  Parked motor vehicle,On Roadway,Broadside (front to side),Driving too fast for conditions,None Indicated,,Dark - roadway lighted,Slush,Snow,"Surface condition (e.g., wet, icy)",Non-intersection:  Non-junction/no special feature,Paved,,Property Damage Only,0,0,0,0,0,0,1750,2,1,,POINT (-91.578308038834 41.65140931609)
2014827478,14-113275,11/15/2014,11-November,7-Saturday,20:40,2000 Hours,District 2 (Northeast),EVANSDALE,BLACK HAWK,,EVANSDALE DR & DORIS DR,Collision with:  Vehicle in traffic,On Roadway,"Sideswipe, same direction",Made improper turn,None Indicated,,Dark - roadway lighted,Snow,Snow,None apparent,Intersection:  Four-way intersection,Paved,,Property Damage Only,0,0,0,0,0,0,6000,2,2,,POINT (-92.250670127239 42.459923201465)
2014828072,14-005398,11/15/2014,11-November,7-Saturday,12:55,1200 Hours,District 1 (Central),AMES,STORY,,TODD DR & S DAKOTA AVE,Collision with:  Vehicle in traffic,On Roadway,Rear-end (front to rear),Followed too close,None Indicated,,Daylight,Wet,Snow,"Surface condition (e.g., wet, icy)",Non-intersection:  Non-junction/no special feature,Paved,,Property Damage Only,0,0,0,0,0,0,2000,2,5,,POINT (-93.678714727153 42.021219509957)
2014830900,20144201,11/15/2014,11-November,7-Saturday,15:36,1500 Hours,District 1 (Central),DIKE,GRUNDY,US 20,US 20/SW LOOP,Collision with fixed object:  Bridge overhead structure,Shoulder,Non-collision (single vehicle),Lost Control,None Indicated,,Daylight,Snow,Snow,"Surface condition (e.g., wet, icy)",Interchange-related:  On-ramp merge area,Paved,,Property Damage Only,0,0,0,0,0,0,6000,1,1,,POINT (-92.632679168935 42.461207648691)
2014828076,14005417,11/15/2014,11-November,7-Saturday,17:20,1700 Hours,District 1 (Central),AMES,STORY,US 69,US 69/LINCOLN WAY & CLARK AVE & S WALNUT ST,Collision with:  Vehicle in traffic,On Roadway,Rear-end (front to rear),Other (explain in narrative):  Other,None Indicated,,Dark - roadway lighted,Slush,Snow,"Surface condition (e.g., wet, icy)",Non-intersection:  Non-junction/no special feature,Paved,,Possible/Unknown,0,1,0,0,0,1,2000,2,3,,POINT (-93.616876268892 42.022910487938)
2014828944,,11/15/2014,11-November,7-Saturday,16:45,1600 Hours,District 6 (East Central),CEDAR RAPIDS,LINN,,WILSON AVE SW & 6TH ST SW,Collision with:  Vehicle in traffic,On Roadway,"Angle, oncoming left turn",Unknown,None Indicated,,Dark - roadway lighted,Snow,Snow,,Intersection:  Four-way intersection,Paved,,Property Damage Only,0,0,0,0,0,0,13500,2,2,,POINT (-91.677145546413 41.956088403425)
2014829101,2014064036,11/15/2014,11-November,7-Saturday,13:46,1300 Hours,District 1 (Central),,JASPER,US 65,US 65/US 65 N,Non-collision events:  Overturn/rollover,On Roadway,Non-collision (single vehicle),Driving too fast for conditions,None Indicated,,Daylight,Snow,Snow,None apparent,Non-intersection:  Non-junction/no special feature,Paved,,Fatal,2,1,0,0,1,0,15000,1,3,,POINT (-93.345559851572 41.784097781122)
2014827442,14-1844,11/15/2014,11-November,7-Saturday,00:52,0000 Hours,District 1 (Central),SCRANTON,GREENE,US 30,US 30/220TH & IA 25/E AVE & Co Rd N65,Collision with:  Vehicle in traffic,On Roadway,Broadside (front to side),Ran Stop Sign,Alcohol (Statutory),,Dark - roadway lighted,Dry,Cloudy,None apparent,Intersection:  Four-way intersection,Paved,,Minor Injury,0,6,0,1,5,0,23600,2,6,,POINT (-94.551832635997 42.034647430483)
2014829616,AP14-0381,11/15/2014,11-November,7-Saturday,22:50,2200 Hours,District 6 (East Central),ANAMOSA,JONES,,W MAIN ST & HIGH ST,Collision with fixed object:  Curb/island/raised median,On Roadway,Non-collision (single vehicle),Swerving/Evasive Action,None Indicated,,Dark - roadway lighted,Snow,Snow,"Surface condition (e.g., wet, icy)",Non-intersection:  Non-junction/no special feature,Paved,,Property Damage Only,0,0,0,0,0,0,1500,1,1,,POINT (-91.289311062219 42.108238884672)
2014831884,201404212,11/15/2014,11-November,7-Saturday,11:05,1100 Hours,District 6 (East Central),,LINN,,Co Rd W42/80TH ST SW & 16TH AVE SW & 80TH ST NW,Collision with:  Vehicle in traffic,On Roadway,Broadside (front to side),Ran Stop Sign,None Indicated,,Daylight,Dry,Cloudy,None apparent,Intersection:  Four-way intersection,Paved,,Minor Injury,0,3,0,2,1,0,24500,2,3,,POINT (-91.77470588477 41.963971114595)
2014827588,PD14-11605,11/15/2014,11-November,7-Saturday,17:00,1700 Hours,District 1 (Central),MARSHALLTOWN,MARSHALL,,LINCOLN WAY,Non-collision events:  Other non-collision (explain in narrative),On Roadway,Non-collision (single vehicle),Ran off road - left,None Indicated,,Dark - roadway not lighted,Ice/frost,Snow,"Surface condition (e.g., wet, icy)",Non-intersection:  Non-junction/no special feature,Paved,,Property Damage Only,0,0,0,0,0,0,2100,1,4,,POINT (-92.966813933004 42.032318018699)
2014828226,C14003674,11/15/2014,11-November,7-Saturday,17:30,1700 Hours,District 6 (East Central),CORALVILLE,JOHNSON,,1ST AVE,Collision with:  Vehicle in traffic,On Roadway,"Sideswipe, same direction",Lost Control,None Indicated,,Dusk,Ice/frost,Snow,"Surface condition (e.g., wet, icy)",Non-intersection:  Non-junction/no special feature,Paved,,Property Damage Only,0,0,0,0,0,0,5500,3,777,,POINT (-91.564536210858 41.709134080371)
2014828410,SA1409706,11/15/2014,11-November,7-Saturday,15:14,1500 Hours,District 5 (Southeast),,WASHINGTON,US 218,US 218,Non-collision events:  Overturn/rollover,On Roadway,Non-collision (single vehicle),Driving too fast for conditions,None Indicated,,Daylight,Snow,Snow,"Surface condition (e.g., wet, icy)",Non-intersection:  Non-junction/no special feature,Paved,,Major Injury,0,2,2,0,0,0,12000,1,2,,POINT (-91.551186587249 41.427164590698)
2014827602,14-113222,11/15/2014,11-November,7-Saturday,17:06,1700 Hours,District 2 (Northeast),ELK RUN HEIGHTS,BLACK HAWK,,DUBUQUE RD,Collision with:  Vehicle in traffic,On Roadway,"Angle, oncoming left turn",Made improper turn,None Indicated,,Dark - roadway not lighted,Snow,Snow,"Surface condition (e.g., wet, icy)",Non-intersection:  Crossover-related,Paved,,Property Damage Only,0,0,0,0,0,0,11000,2,3,,POINT (-92.262156688046 42.472957161068)
2014827297,14-7577,11/15/2014,11-November,7-Saturday,14:10,1400 Hours,District 1 (Central),PLEASANT HILL,POLK,US 65,US 65,Collision with fixed object:  Curb/island/raised median,On Roadway,Non-collision (single vehicle),Ran off road - right,None Indicated,,Daylight,Snow,Snow,"Surface condition (e.g., wet, icy)",Non-intersection:  Non-junction/no special feature,Paved,,Property Damage Only,0,0,0,0,0,0,25000,1,3,,POINT (-93.500718707509 41.62961316409)
2014827881,14-30296,11/15/2014,11-November,7-Saturday,14:13,1400 Hours,District 1 (Central),NEWTON,JASPER,I-80,I-80,Collision with fixed object:  Guardrail - face,Median,Non-collision (single vehicle),Driving too fast for conditions,None Indicated,,Daylight,Snow,Snow,"Surface condition (e.g., wet, icy)",Non-intersection:  Non-junction/no special feature,Paved,,Property Damage Only,0,0,0,0,0,0,2000,1,2,,POINT (-93.082328492232 41.6828619525)
2014828854,2014063920,11/15/2014,11-November,7-Saturday,10:20,1000 Hours,District 4 (Southwest),,POTTAWATTAMIE,I-80,I-80,Collision with fixed object:  Ditch,Roadside,Non-collision (single vehicle),Swerving/Evasive Action,None Indicated,,Daylight,Snow,Snow,"Surface condition (e.g., wet, icy)",Non-intersection:  Non-junction/no special feature,Paved,,Possible/Unknown,0,1,0,0,1,0,6000,1,2,,POINT (-95.555154460428 41.498177116222)
2014827484,14-232,11/15/2014,11-November,7-Saturday,12:35,1200 Hours,District 2 (Northeast),WAVERLY,BREMER,IA 116,IA 116/4TH ST SW,Collision with:  Vehicle in traffic,On Roadway,Rear-end (front to rear),Driving too fast for conditions,None Indicated,,Daylight,Ice/frost,Snow,"Surface condition (e.g., wet, icy)",Non-intersection:  Non-junction/no special feature,Paved,,Property Damage Only,0,0,0,0,0,0,4000,2,3,,POINT (-92.475722406036 42.703427364431)
2014834796,201400004220,11/15/2014,11-November,7-Saturday,21:36,2100 Hours,District 6 (East Central),MOUNT VERNON,LINN,,BRYANT RD SW & 1ST ST & 10TH AVE SW,Collision with:  Vehicle in traffic,On Roadway,Broadside (front to side),FTYROW:  Other (explain in narrative),None Indicated,,Dark - roadway lighted,Slush,Snow,"Surface condition (e.g., wet, icy)",Intersection:  Other intersection (explain in narrative),Paved,,Major Injury,0,1,1,0,0,0,10100,2,4,,POINT (-91.42913929604 41.928627145205)
2014827380,14-37788,11/15/2014,11-November,7-Saturday,10:57,1000 Hours,District 3 (Northwest),SIOUX CITY,WOODBURY,,CASSELMAN ST,Non-collision events:  Overturn/rollover,Roadside,Non-collision (single vehicle),Driving too fast for conditions,None Indicated,,Daylight,Snow,Snow,"Surface condition (e.g., wet, icy)",Intersection:  Four-way intersection,Paved,,Possible/Unknown,0,1,0,0,1,0,15150,1,1,,POINT (-96.44508784284 42.515420539851)
2014831172,14-40992,11/15/2014,11-November,7-Saturday,17:05,1700 Hours,District 5 (Southeast),,DES MOINES,US 61,US 61,Non-collision events:  Other non-collision (explain in narrative),On Roadway,Non-collision (single vehicle),Ran off road - right,None Indicated,,Dark - roadway lighted,Snow,Snow,"Surface condition (e.g., wet, icy)",Non-intersection:  Non-junction/no special feature,Paved,,Property Damage Only,0,0,0,0,0,0,6000,1,1,,POINT (-91.165079263871 40.736742713144)
2014827509,2014-12630,11/15/2014,11-November,7-Saturday,12:10,1200 Hours,District 3 (Northwest),,SAC,IA 196,IA 196/UNION AVE,Collision with fixed object:  Tree,On Roadway,Non-collision (single vehicle),Ran off road - right,None Indicated,,Daylight,Snow,Snow,"Surface condition (e.g., wet, icy)",Non-intersection:  Non-junction/no special feature,Paved,,Property Damage Only,0,0,0,0,0,0,3000,1,2,,POINT (-94.955247171717 42.336482767979)
2014828591,2014063977,11/15/2014,11-November,7-Saturday,15:10,1500 Hours,District 2 (Northeast),CEDAR FALLS,BLACK HAWK,,2ND ST & HUDSON RD,Collision with:  Vehicle in traffic,On Roadway,Broadside (front to side),Crossed centerline (undivided),None Indicated,,Daylight,Ice/frost,Snow,"Surface condition (e.g., wet, icy)",Intersection:  T-intersection,Paved,,Property Damage Only,0,0,0,0,0,0,3500,3,3,,POINT (-92.465354043795 42.536909867908)
2014827263,14173583,11/15/2014,11-November,7-Saturday,17:28,1700 Hours,District 6 (East Central),,JOHNSON,,Co Rd F28/MEHAFFEY BRIDGE RD,Collision with:  Vehicle in traffic,On Roadway,Head-on (front to front),Crossed centerline (undivided),None Indicated,,Dark - roadway not lighted,Ice/frost,Snow,"Surface condition (e.g., wet, icy)",Non-intersection:  Non-junction/no special feature,Paved,,Property Damage Only,0,0,0,0,0,0,3500,2,3,,POINT (-91.557090075244 41.777068736166)
2014828469,14-005402,11/15/2014,11-November,7-Saturday,14:24,1400 Hours,District 1 (Central),AMES,STORY,,KINGSTON DR & STANGE RD,Collision with fixed object:  Traffic sign support,Shoulder,Non-collision (single vehicle),Driving too fast for conditions,None Indicated,,Daylight,Snow,Snow,None apparent,Intersection:  Four-way intersection,Paved,,Property Damage Only,0,0,0,0,0,0,4700,1,2,,POINT (-93.644941561774 42.052162606311)