Iowa DOT Case Number,Law Enforcement Case Number,Date of Crash,Month of Crash,Day of Week,Time of Crash,Hour,DOT District,City Name,County Name,Route with System,Location Description,First Harmful Event,Location of First Harmful Event,Manner of Crash/Collision,Major Cause,Drug or Alcohol ,Environmental Conditions,Light Conditions,Surface Conditions,Weather Conditions,Roadway Contribution,Roadway Type,Roadway Surface,Work Zone,Crash Severity,Number of Fatalities,Number of Injuries,Number of Major Injuries,Number of Minor Injuries,Number of Possible Injuries,Number of Unknown Injuries,Amount of Property Damage,Number of Vehicles Involved,Total Number of Occupants,Travel Direction,Location
2014827285,14024276,11/15/2014,11-November,7-Saturday,18:16,1800 Hours,District 6 (East Central),MARION,LINN,,MARION BLVD & ARMAR DR,Collision with:  Vehicle in traffic,On Roadway,Broadside (front to side),Other (explain in narrative):  Other,None Indicated,,Dark - roadway lighted,Ice/frost,Snow,None apparent,Intersection:  T-intersection,Paved,,Property Damage Only,0,0,0,0,0,0,1700,2,5,,POINT (-91.616897680813 42.028104986819)
2014827390,14-37832,11/15/2014,11-November,7-Saturday,16:14,1600 Hours,District 3 (Northwest),SIOUX CITY,WOODBURY,IA 376,IA 376/SE RAMP & VINE AVE,Collision with:  Vehicle in traffic,On Roadway,Unknown,Ran Stop Sign,None Indicated,,Daylight,Snow,Snow,None apparent,Intersection:  T-intersection,Paved,,Property Damage Only,0,0,0,0,0,0,5000,2,3,,POINT (-96.379894372736 42.477456141562)
2014827265,14173493,11/15/2014,11-November,7-Saturday,16:05,1600 Hours,District 6 (East Central),,JOHNSON,I-80,I-80,Non-collision events:  Overturn/rollover,Roadside,Non-collision (single vehicle),Ran off road - right,None Indicated,,Daylight,Snow,Snow,None apparent,Non-intersection:  Non-junction/no special feature,Paved,,Property Damage Only,0,0,0,0,0,0,7000,1,2,,POINT (-91.394044860424 41.666815482674)
2014827757,2014-79292,11/15/2014,11-November,7-Saturday,08:59,0800 Hours,District 6 (East Central),DAVENPORT,SCOTT,US 6,US 6/W KIMBERLY RD,Collision with:  Vehicle in traffic,On Roadway,"Angle, oncoming left turn",Ran Traffic Signal,None Indicated,,Daylight,Dry,Cloudy,None apparent,Intersection:  Four-way intersection,Paved,,Possible/Unknown,0,2,0,0,2,0,8000,2,3,,POINT (-90.575108180532 41.560198157043)
2014827454,2014LA-15,11/15/2014,11-November,7-Saturday,09:55,0900 Hours,District 6 (East Central),LISBON,LINN,US 30,US 30/E US 30,Collision with:  Parked motor vehicle,Outside trafficway,"Sideswipe, opposite direction",Other (explain in narrative):  Vision obstructed,None Indicated,,Daylight,Dry,Clear,None apparent,Non-intersection:  Driveway access (within),Paved,,Property Damage Only,0,0,0,0,0,0,5000,2,1,,POINT (-91.38179277752 41.917972390288)
2014827241,14-009664,11/15/2014,11-November,7-Saturday,15:55,1500 Hours,District 2 (Northeast),GUTTENBERG,CLAYTON,,Co Rd C9Y/GREAT RIVER RD & PEACH AVE,Non-collision events:  Overturn/rollover,On Roadway,Non-collision (single vehicle),Swerving/Evasive Action,None Indicated,,Daylight,Ice/frost,Snow,"Surface condition (e.g., wet, icy)",Non-intersection:  Non-junction/no special feature,Paved,,Property Damage Only,0,0,0,0,0,0,20000,1,1,,POINT (-91.005368407975 42.676567981908)
2014827972,14-016956,11/15/2014,11-November,7-Saturday,17:32,1700 Hours,District 6 (East Central),TIPTON,CEDAR,,9TH ST & LEMON ST,Collision with:  Parked motor vehicle,On Roadway,"Sideswipe, opposite direction",Driving too fast for conditions,None Indicated,,Dark - roadway lighted,Ice/frost,Snow,None apparent,Intersection:  T-intersection,Paved,,Property Damage Only,0,0,0,0,0,0,6000,2,1,,POINT (-91.136780461118 41.774135815406)
2014833797,201404218,11/15/2014,11-November,7-Saturday,21:13,2100 Hours,District 6 (East Central),,LINN,US 151,US 151/AMANA RD,Collision with fixed object:  Culvert/pipe opening,Shoulder,Non-collision (single vehicle),Driving too fast for conditions,Alcohol (Statutory),,Dark - roadway not lighted,Snow,Snow,None apparent,Non-intersection:  Non-junction/no special feature,Paved,,Major Injury,0,1,1,0,0,0,0,1,1,,POINT (-91.827947778824 41.882296968471)
2014832991,,11/15/2014,11-November,7-Saturday,13:09,1300 Hours,District 2 (Northeast),CLEAR LAKE,CERRO GORDO,,Co Rd B35/240TH ST,Collision with fixed object:  Other fixed object (explain in narrative),Outside trafficway,Non-collision (single vehicle),Driving too fast for conditions,None Indicated,,Daylight,Snow,"Blowing sand, soil, dirt","Surface condition (e.g., wet, icy)",Non-intersection:  Non-junction/no special feature,Paved,,Property Damage Only,0,0,0,0,0,0,3836,1,2,,POINT (-93.378022120324 43.111903932292)
2014827766,2014-79356,11/15/2014,11-November,7-Saturday,16:58,1600 Hours,District 6 (East Central),DAVENPORT,SCOTT,,IA 461/BRADY ST/WELCOME WAY & W 59TH ST & E 59TH ST,Collision with:  Vehicle in traffic,On Roadway,Unknown,Swerving/Evasive Action,None Indicated,,Dark - roadway lighted,Snow,Snow,"Surface condition (e.g., wet, icy)",Intersection:  Four-way intersection,Paved,,Property Damage Only,0,0,0,0,0,0,11000,2,3,,POINT (-90.571430508257 41.579943503395)
2014827316,20140034012,11/15/2014,11-November,7-Saturday,02:02,0200 Hours,District 1 (Central),DES MOINES,POLK,,GUTHRIE AVE & E 17TH ST,Collision with:  Vehicle in traffic,On Roadway,Broadside (front to side),Ran Stop Sign,Refused,,Dark - roadway lighted,Dry,Cloudy,None apparent,Intersection:  T-intersection,Paved,,Property Damage Only,0,0,0,0,0,0,17500,2,2,,POINT (-93.591057110208 41.614997817846)
2014827788,14-004952,11/15/2014,11-November,7-Saturday,17:10,1700 Hours,District 1 (Central),ANKENY,POLK,,SE BELMONT DR,Collision with:  Vehicle in traffic,On Roadway,"Sideswipe, opposite direction",Driving too fast for conditions,None Indicated,,Dark - unknown roadway lighting,Ice/frost,Snow,"Surface condition (e.g., wet, icy)",Non-intersection:  Non-junction/no special feature,Paved,,Property Damage Only,0,0,0,0,0,0,1500,2,1,,POINT (-93.596982435439 41.718594280222)
2014827480,14-22280,11/15/2014,11-November,7-Saturday,12:53,1200 Hours,District 2 (Northeast),,BREMER,US 63,US 63 & IA 93/IOWA 93,Collision with fixed object:  Utility pole/light support,On Roadway,Non-collision (single vehicle),Driving too fast for conditions,None Indicated,,Daylight,Snow,Snow,"Surface condition (e.g., wet, icy)",Non-intersection:  Non-junction/no special feature,Paved,,Property Damage Only,0,0,0,0,0,0,6900,1,1,,POINT (-92.337214968725 42.802859051505)
2014827877,32091-14,11/15/2014,11-November,7-Saturday,05:00,0500 Hours,District 3 (Northwest),,EMMET,,Co Rd N22/340 AVE,Collision with:  Animal,,,Animal,None Indicated,,,,,,,Paved,,Property Damage Only,0,0,0,0,0,0,2000,1,1,,POINT (-94.914826326294 43.495071664672)
2014827854,14-3667,11/15/2014,11-November,7-Saturday,12:35,1200 Hours,District 1 (Central),FORT DODGE,WEBSTER,,N 29TH ST,Collision with fixed object:  Other fixed object (explain in narrative),Outside trafficway,Non-collision (single vehicle),Ran off road - right,None Indicated,,Daylight,Snow,Cloudy,None apparent,Non-intersection:  Non-junction/no special feature,Paved,,Property Damage Only,0,0,0,0,0,0,2550,1,1,,POINT (-94.157920245655 42.517411333152)
2014827520,2014012818,11/15/2014,11-November,7-Saturday,15:45,1500 Hours,District 6 (East Central),IOWA CITY,JOHNSON,,OAKNOLL DR,Collision with:  Vehicle in traffic,On Roadway,"Sideswipe, opposite direction",Driving too fast for conditions,None Indicated,,Daylight,Snow,Snow,"Surface condition (e.g., wet, icy)",Non-intersection:  Non-junction/no special feature,Paved,,Property Damage Only,0,0,0,0,0,0,8000,2,2,,POINT (-91.554551681558 41.651527290076)
2014827680,2014-39675,11/15/2014,11-November,7-Saturday,11:46,1100 Hours,District 6 (East Central),DUBUQUE,DUBUQUE,,E 16TH ST & ELM ST,Collision with:  Vehicle in traffic,On Roadway,Broadside (front to side),Ran Traffic Signal,None Indicated,,Daylight,Dry,Cloudy,None apparent,Intersection:  Four-way intersection,Paved,,Possible/Unknown,0,1,0,0,1,0,6000,2,3,,POINT (-90.664691043842 42.509160204335)
2014851136,1116148A,11/16/2014,11-November,1-Sunday,01:40,0100 Hours,District 4 (Southwest),,PAGE,,Co Rd M32/C AVE,Collision with fixed object:  Ditch,Shoulder,Non-collision (single vehicle),Driving too fast for conditions,Alcohol (Statutory),,Dark - roadway not lighted,Snow,Snow,None apparent,Non-intersection:  Non-junction/no special feature,Unpaved,,Minor Injury,0,1,0,1,0,0,10000,1,1,,POINT (-95.327986532334 40.767048269693)
2014828085,14-37935,11/16/2014,11-November,1-Sunday,16:33,1600 Hours,District 3 (Northwest),SIOUX CITY,WOODBURY,,36TH ST & HAMILTON BLVD & COUNTRY CLUB BLVD,Collision with:  Vehicle in traffic,On Roadway,Broadside (front to side),Made improper turn,None Indicated,,Dusk,Wet,Cloudy,None apparent,Intersection:  Four-way intersection,Paved,,Property Damage Only,0,0,0,0,0,0,3500,2,3,,POINT (-96.410210506829 42.532303747259)
2014827352,20140034135,11/16/2014,11-November,1-Sunday,10:45,1000 Hours,District 1 (Central),DES MOINES,POLK,,UNIVERSITY AVE,Collision with fixed object:  Traffic sign support,Roadside,Non-collision (single vehicle),Driving too fast for conditions,None Indicated,,Daylight,Slush,Clear,"Surface condition (e.g., wet, icy)",Non-intersection:  Non-junction/no special feature,Paved,,Property Damage Only,0,0,0,0,0,0,3000,1,1,,POINT (-93.625162153857 41.600676071105)
2014827523,PD14-11611,11/16/2014,11-November,1-Sunday,16:43,1600 Hours,District 1 (Central),MARSHALLTOWN,MARSHALL,,MAY ST,Collision with fixed object:  Other fixed object (explain in narrative),Outside trafficway,Non-collision (single vehicle),Driving too fast for conditions,None Indicated,,Dusk,Snow,Clear,"Surface condition (e.g., wet, icy)",Non-intersection:  Non-junction/no special feature,Paved,,Property Damage Only,0,0,0,0,0,0,5300,1,2,,POINT (-92.903475436261 42.039415464507)
2014829005,S14-11872,11/16/2014,11-November,1-Sunday,08:51,0800 Hours,District 3 (Northwest),LAWTON,WOODBURY,US 20,US 20,,On Roadway,Non-collision (single vehicle),Ran off road - left,None Indicated,,Daylight,Snow,Clear,"Surface condition (e.g., wet, icy)",Non-intersection:  Other non-intersection (explain in narrative),Paved,,Property Damage Only,0,0,0,0,0,0,8200,1,2,,POINT (-96.250006265097 42.47514789004)
2014827829,2014-79539,11/16/2014,11-November,1-Sunday,18:48,1800 Hours,District 6 (East Central),DAVENPORT,SCOTT,US 6,US 6/E KIMBERLY RD & E 36TH ST,Collision with:  Vehicle in traffic,On Roadway,Unknown,FTYROW:  From stop sign,None Indicated,,Dark - roadway lighted,Dry,Cloudy,None apparent,Intersection:  Four-way intersection,Paved,,Property Damage Only,0,0,0,0,0,0,5000,2,4,,POINT (-90.560625728394 41.557252785377)
2014828052,14-007917,11/16/2014,11-November,1-Sunday,13:30,1300 Hours,District 3 (Northwest),BLENCOE,MONONA,I-29,I-29,Collision with:  Vehicle in traffic,On Roadway,Rear-end (front to rear),Followed too close,None Indicated,,Daylight,Dry,Cloudy,None apparent,Non-intersection:  Other non-intersection (explain in narrative),Paved,,Property Damage Only,0,0,0,0,0,0,8000,2,4,,POINT (-96.103890651635 41.927526225074)
2014829495,PD14-11612,11/16/2014,11-November,1-Sunday,18:25,1800 Hours,District 1 (Central),MARSHALLTOWN,MARSHALL,,E STATE ST & N 14TH AVE,Collision with:  Vehicle in traffic,On Roadway,Broadside (front to side),Driving too fast for conditions,None Indicated,,Dark - roadway lighted,Ice/frost,Cloudy,"Surface condition (e.g., wet, icy)",Intersection:  T-intersection,Paved,,Property Damage Only,0,0,0,0,0,0,2900,2,3,,POINT (-92.891639462385 42.050951356072)
2014828533,2014-013843,11/16/2014,11-November,1-Sunday,00:15,0000 Hours,District 6 (East Central),,DUBUQUE,,Co Rd Y38/KEY WEST DR,Collision with fixed object:  Ditch,On Roadway,Non-collision (single vehicle),Driving too fast for conditions,Under Influence of Alcohol/Drugs/Medications,,Dark - roadway lighted,Snow,Snow,None apparent,Non-intersection:  Non-junction/no special feature,Paved,,Possible/Unknown,0,1,0,0,0,1,2500,1,1,,POINT (-90.681572097031 42.437037799909)
2014827908,14035351,11/16/2014,11-November,1-Sunday,00:50,0000 Hours,District 5 (Southeast),,LEE,,Co Rd X32/303 AVE,Non-collision events:  Overturn/rollover,On Roadway,Non-collision (single vehicle),Driving too fast for conditions,Alcohol (Statutory),,Dark - roadway not lighted,Ice/frost,Cloudy,None apparent,Non-intersection:  Non-junction/no special feature,Paved,,Fatal,1,0,0,0,0,0,12000,1,2,,POINT (-91.320219785036 40.641448277419)
2014827920,201405444,11/16/2014,11-November,1-Sunday,16:56,1600 Hours,District 1 (Central),BOONE,BOONE,,Co Rd E26/198TH RD,Non-collision events:  Overturn/rollover,On Roadway,Non-collision (single vehicle),Swerving/Evasive Action,None Indicated,,Daylight,Ice/frost,Clear,None apparent,Non-intersection:  Non-junction/no special feature,Paved,,Property Damage Only,0,0,0,0,0,0,3000,1,2,,POINT (-93.916758500922 42.067335428897)
2014827575,14-006824,11/16/2014,11-November,1-Sunday,07:17,0700 Hours,District 3 (Northwest),,OBRIEN,IA 60,IA 60/IOWA 60,Collision with:  Vehicle in traffic,On Roadway,"Sideswipe, opposite direction",Illegally Parked/Unattended,None Indicated,,Dawn,Snow,Snow,"Surface condition (e.g., wet, icy)",Interchange-related:  On-ramp merge area,Paved,,Property Damage Only,0,0,0,0,0,0,7000,2,2,,POINT (-95.813040774747 43.190671062379)
2014828252,2014-23454,11/16/2014,11-November,1-Sunday,04:43,0400 Hours,District 6 (East Central),DAVENPORT,SCOTT,,Co Rd Y52/115 AVE,Non-collision events:  Overturn/rollover,On Roadway,Non-collision (single vehicle),Crossed centerline (undivided),Alcohol (Statutory),,Dark - roadway not lighted,Snow,Snow,"Surface condition (e.g., wet, icy)",Non-intersection:  Non-junction/no special feature,Paved,,Property Damage Only,0,0,0,0,0,0,15000,1,1,,POINT (-90.669609479564 41.637915169067)
2014827818,14-22378,11/16/2014,11-November,1-Sunday,10:03,1000 Hours,District 6 (East Central),BETTENDORF,SCOTT,I-74,I-74 & MIDDLE RD,Collision with:  Vehicle in traffic,On Roadway,"Angle, oncoming left turn",Made improper turn,None Indicated,,Daylight,Wet,Snow,None apparent,Non-intersection:  Non-junction/no special feature,Paved,,Possible/Unknown,0,1,0,0,1,0,5100,2,6,,POINT (-90.517176841114 41.541461815282)
2014827270,14024323,11/16/2014,11-November,1-Sunday,09:47,0900 Hours,District 6 (East Central),MARION,LINN,US 151,US 151/DUBUQUE RD & IA 13/IOWA 13 & 10TH AVE,Collision with:  Vehicle in traffic,On Roadway,Rear-end (front to rear),Driving too fast for conditions,None Indicated,,Daylight,Wet,Cloudy,None apparent,Non-intersection:  Non-junction/no special feature,Paved,,Property Damage Only,0,0,0,0,0,0,3500,2,2,,POINT (-91.550274611913 42.035712614187)
2014829169,201417232,11/16/2014,11-November,1-Sunday,18:22,1800 Hours,District 6 (East Central),CEDAR RAPIDS,LINN,,29TH ST SW,Collision with fixed object:  Tree,Outside trafficway,Non-collision (single vehicle),Ran off road - straight,None Indicated,,Dark - roadway lighted,Ice/frost,Cloudy,"Surface condition (e.g., wet, icy)",Non-intersection:  Non-junction/no special feature,Paved,,Property Damage Only,0,0,0,0,0,0,7000,1,1,,POINT (-91.709656895182 41.957620290136)
2014828185,1400001017,11/16/2014,11-November,1-Sunday,00:50,0000 Hours,District 1 (Central),,MARSHALL,,Co Rd E63/295TH ST,Non-collision events:  Overturn/rollover,On Roadway,Non-collision (single vehicle),Swerving/Evasive Action,None Indicated,,Dark - roadway not lighted,Snow,Snow,"Surface condition (e.g., wet, icy)",Non-intersection:  Non-junction/no special feature,Paved,,Property Damage Only,0,0,0,0,0,0,4000,1,1,,POINT (-93.167275718029 41.927930418663)
2014831352,141116WVV01,11/16/2014,11-November,1-Sunday,12:00,1200 Hours,District 3 (Northwest),ORANGE CITY,SIOUX,,5TH ST SW & IOWA AVE SW,Collision with:  Vehicle in traffic,On Roadway,Rear-end (front to rear),Followed too close,None Indicated,,Daylight,Snow,Clear,"Surface condition (e.g., wet, icy)",Non-intersection:  Driveway access (within),Paved,,Property Damage Only,0,0,0,0,0,0,5500,2,7,,POINT (-96.066670353236 43.000924328867)
2014839063,80-14-361,11/16/2014,11-November,1-Sunday,11:05,1100 Hours,District 2 (Northeast),HUMBOLDT,HUMBOLDT,,9TH ST N,Collision with:  Parked motor vehicle,On Roadway,Rear-end (front to rear),Lost Control,None Indicated,,Daylight,Snow,Cloudy,"Surface condition (e.g., wet, icy)",Non-intersection:  Non-junction/no special feature,Paved,,Property Damage Only,0,0,0,0,0,0,3000,2,1,,POINT (-94.220772440968 42.722733157822)
2014827289,14-7599,11/16/2014,11-November,1-Sunday,19:29,1900 Hours,District 1 (Central),POLK CITY,POLK,IA 415,IA 415/NW POLK CITY DR,Collision with:  Animal,,,Animal,None Indicated,,,,,,,Paved,,Property Damage Only,0,0,0,0,0,0,2500,1,1,,POINT (-93.710855893691 41.757018634493)
2014828956,,11/16/2014,11-November,1-Sunday,17:45,1700 Hours,District 2 (Northeast),DECORAH,WINNESHIEK,,COLLEGE DR,Collision with:  Animal,On Roadway,Non-collision (single vehicle),Animal,None Indicated,,Dark - roadway not lighted,Dry,Clear,,Non-intersection:  Non-junction/no special feature,Paved,,Property Damage Only,0,0,0,0,0,0,3000,1,2,,POINT (-91.803859329457 43.317740988795)
2014827846,2014064230,11/16/2014,11-November,1-Sunday,18:45,1800 Hours,District 2 (Northeast),,CERRO GORDO,I-35,I-35,Collision with:  Animal,On Roadway,Non-collision (single vehicle),Animal,None Indicated,,Dark - roadway not lighted,Snow,Clear,None apparent,Non-intersection:  Other non-intersection (explain in narrative),Paved,,Property Damage Only,0,0,0,0,0,0,5000,1,1,,POINT (-93.348852494014 43.202170960167)
2014827318,20140034141,11/16/2014,11-November,1-Sunday,13:20,1300 Hours,District 1 (Central),DES MOINES,POLK,US 69,US 69/SE 14TH ST & MAURY ST,Collision with fixed object:  Utility pole/light support,On Roadway,Unknown,Other (explain in narrative):  Vision obstructed,None Indicated,,Daylight,Wet,Clear,None apparent,Non-intersection:  Non-junction/no special feature,Paved,,Property Damage Only,0,0,0,0,0,0,4800,2,3,,POINT (-93.596879752589 41.581289658975)
2014828573,201404222,11/16/2014,11-November,1-Sunday,08:17,0800 Hours,District 6 (East Central),ELY,LINN,,BANNER VALLEY RD,Collision with:  Vehicle in traffic,On Roadway,"Sideswipe, opposite direction",Crossed centerline (undivided),None Indicated,,Daylight,Ice/frost,Cloudy,"Surface condition (e.g., wet, icy)",Non-intersection:  Non-junction/no special feature,Paved,,Property Damage Only,0,0,0,0,0,0,6000,2,2,,POINT (-91.582742412333 41.87154345931)
2014828246,SO14-1446,11/16/2014,11-November,1-Sunday,13:19,1300 Hours,District 2 (Northeast),,WRIGHT,US 69,US 69,Collision with:  Vehicle in traffic,On Roadway,"Angle, oncoming left turn",Crossed centerline (undivided),None Indicated,,Daylight,Dry,Clear,None apparent,Intersection:  Four-way intersection,Paved,,Minor Injury,0,3,0,1,2,0,10500,2,4,,POINT (-93.636819738331 42.659396167185)
2014827925,14-5806,11/16/2014,11-November,1-Sunday,01:56,0100 Hours,District 1 (Central),WEST DES MOINES,POLK,I-235,I-235,Collision with fixed object:  Ditch,On Roadway,Non-collision (single vehicle),Lost Control,None Indicated,,Dark - roadway lighted,Wet,Snow,"Surface condition (e.g., wet, icy)",Non-intersection:  Non-junction/no special feature,Paved,,Major Injury,0,1,1,0,0,0,6000,1,1,,POINT (-93.73193631095 41.593164352685)
2014829554,14-17037,11/16/2014,11-November,1-Sunday,02:13,0200 Hours,District 6 (East Central),,JACKSON,,Co Rd E17/150 ST,Collision with:  Vehicle in traffic,On Roadway,Rear-end (front to rear),Other (explain in narrative):  Other,None Indicated,,Dark - roadway not lighted,Snow,Snow,"Surface condition (e.g., wet, icy)",Non-intersection:  Non-junction/no special feature,Paved,,Property Damage Only,0,0,0,0,0,0,17000,2,5,,POINT (-90.624209712919 42.156864507519)
2014836640,,11/16/2014,11-November,1-Sunday,02:20,0200 Hours,District 6 (East Central),,DUBUQUE,,,Collision with fixed object:  Guardrail - face,,,Unknown,None Indicated,,,,,,,,,Property Damage Only,0,0,0,0,0,0,2575,1,1,,POINT (-96.643700149993 40.233091251414)
2014827934,2014-23457,11/16/2014,11-November,1-Sunday,05:23,0500 Hours,District 6 (East Central),DAVENPORT,SCOTT,IA 22,IA 22/ROCKINGHAM RD,Collision with:  Animal,,,Animal,None Indicated,,,,,,,Paved,,Property Damage Only,0,0,0,0,0,0,1501,1,1,,POINT (-90.663916426191 41.468234939903)
2014828879,14110387,11/16/2014,11-November,1-Sunday,19:08,1900 Hours,District 5 (Southeast),OTTUMWA,WAPELLO,US 34,US 34,Collision with fixed object:  Ditch,Shoulder,Non-collision (single vehicle),Swerving/Evasive Action,Alcohol (Statutory),,Dark - roadway not lighted,Dry,Clear,None apparent,Non-intersection:  Non-junction/no special feature,Paved,,Possible/Unknown,0,1,0,0,1,0,12000,1,1,,POINT (-92.60084326345 41.015234863456)
2014828600,2014064131,11/16/2014,11-November,1-Sunday,07:30,0700 Hours,District 6 (East Central),,SCOTT,I-80,I-80,Non-collision events:  Other non-collision (explain in narrative),On Roadway,Non-collision (single vehicle),Driving too fast for conditions,None Indicated,,Daylight,Slush,Snow,"Surface condition (e.g., wet, icy)",Non-intersection:  Non-junction/no special feature,Paved,,Possible/Unknown,0,1,0,0,1,0,10000,1,1,,POINT (-90.425567595331 41.597608484551)
2014829991,2014064119,11/16/2014,11-November,1-Sunday,03:45,0300 Hours,District 4 (Southwest),,MILLS,I-29,I-29,Collision with:  Vehicle in traffic,On Roadway,Rear-end (front to rear),Lost Control,None Indicated,,Dark - roadway not lighted,Wet,Cloudy,"Surface condition (e.g., wet, icy)",Non-intersection:  Non-junction/no special feature,Paved,,Property Damage Only,0,0,0,0,0,0,10000,2,4,,POINT (-95.823024226653 41.15682993517)
2014827645,14-22376,11/16/2014,11-November,1-Sunday,09:14,0900 Hours,District 6 (East Central),BETTENDORF,SCOTT,I-74,I-74 & MIDDLE RD,Collision with fixed object:  Guardrail - face,Median,Non-collision (single vehicle),Swerving/Evasive Action,None Indicated,,Daylight,Snow,Cloudy,"Surface condition (e.g., wet, icy)",Non-intersection:  Other non-intersection (explain in narrative),Paved,,Property Damage Only,0,0,0,0,0,0,4500,1,1,,POINT (-90.517831288794 41.540962589952)
2014827817,14-004979,11/16/2014,11-November,1-Sunday,17:50,1700 Hours,District 1 (Central),ANKENY,POLK,,SW TWIN GATES DR,Collision with:  Vehicle in traffic,On Roadway,Rear-end (front to rear),Lost Control,None Indicated,,Dark - roadway lighted,Ice/frost,Cloudy,None apparent,Non-intersection:  Non-junction/no special feature,Paved,,Property Damage Only,0,0,0,0,0,0,3500,2,777,,POINT (-93.614356433121 41.697390141843)
2014827242,14-009681,11/16/2014,11-November,1-Sunday,05:33,0500 Hours,District 2 (Northeast),,CLAYTON,,Co Rd C2W/DOMINO RD & DOLPHIN AVE,Collision with fixed object:  Ditch,On Roadway,Non-collision (single vehicle),Driving too fast for conditions,None Indicated,,Dark - roadway not lighted,Snow,Snow,"Surface condition (e.g., wet, icy)",Non-intersection:  Non-junction/no special feature,Paved,,Property Damage Only,0,0,0,0,0,0,2000,1,1,,POINT (-91.452586871675 42.837572560331)
2014827359,20140034128,11/16/2014,11-November,1-Sunday,04:14,0400 Hours,District 1 (Central),DES MOINES,POLK,US 69,US 69/E 14TH ST & E GRAND AVE,Collision with fixed object:  Other fixed object (explain in narrative),Outside trafficway,Non-collision (single vehicle),Ran off road - left,None Indicated,,Dark - roadway lighted,Snow,Snow,None apparent,Non-intersection:  Non-junction/no special feature,Paved,,Property Damage Only,0,0,0,0,0,0,6000,1,2,,POINT (-93.597987258441 41.593407671492)
2014831353,141116WVV02,11/16/2014,11-November,1-Sunday,14:45,1400 Hours,District 3 (Northwest),ORANGE CITY,SIOUX,,ALBANY PL SE,Collision with:  Vehicle in traffic,On Roadway,Head-on (front to front),Lost Control,None Indicated,,Daylight,Snow,Clear,"Surface condition (e.g., wet, icy)",Non-intersection:  Non-junction/no special feature,Paved,,Property Damage Only,0,0,0,0,0,0,11000,2,2,,POINT (-96.056917196603 42.992757561242)
2014827552,14-22383,11/16/2014,11-November,1-Sunday,11:22,1100 Hours,District 6 (East Central),BETTENDORF,SCOTT,,MISSISSIPPI BLVD & 14TH ST,Collision with:  Vehicle in traffic,On Roadway,Broadside (front to side),FTYROW:  From stop sign,None Indicated,,Daylight,Wet,Cloudy,None apparent,Intersection:  Four-way intersection,Paved,,Possible/Unknown,0,1,0,0,1,0,7500,2,3,,POINT (-90.512994425176 41.52829414712)
2014827320,20140034150,11/16/2014,11-November,1-Sunday,15:19,1500 Hours,District 1 (Central),DES MOINES,POLK,US 6,US 6/HICKMAN RD,Collision with:  Vehicle in traffic,On Roadway,Rear-end (front to rear),FTYROW:  Other (explain in narrative),None Indicated,,Daylight,Wet,Clear,Obstruction in roadway,Non-intersection:  Non-junction/no special feature,Paved,,Property Damage Only,0,0,0,0,0,0,2000,2,2,,POINT (-93.703651867879 41.614886189285)
2014827816,14-004971,11/16/2014,11-November,1-Sunday,15:43,1500 Hours,District 1 (Central),ANKENY,POLK,,SE 3RD ST & SE TRILEIN DR,Collision with:  Vehicle in traffic,On Roadway,Broadside (front to side),Ran Stop Sign,None Indicated,,Daylight,Wet,Clear,None apparent,Intersection:  Four-way intersection,Paved,,Property Damage Only,0,0,0,0,0,0,1600,2,4,,POINT (-93.590795802666 41.729596836623)
2014831204,14-0003188,11/16/2014,11-November,1-Sunday,14:09,1400 Hours,District 2 (Northeast),MCGREGOR,CLAYTON,,WALTON ST & FAYETTE ST & 7TH ST,Non-collision events:  Other non-collision (explain in narrative),On Roadway,Non-collision (single vehicle),Ran off road - right,None Indicated,,Daylight,Slush,Cloudy,"Surface condition (e.g., wet, icy)",Non-intersection:  Non-junction/no special feature,Paved,,Property Damage Only,0,0,0,0,0,0,2500,1,1,,POINT (-91.181971673224 43.017996300669)
2014828791,14-3682,11/16/2014,11-November,1-Sunday,00:00,0000 Hours,District 1 (Central),FORT DODGE,WEBSTER,,S 27TH ST,Collision with:  Vehicle in traffic,On Roadway,Unknown,Unknown,None Indicated,,Dark - roadway lighted,Snow,Cloudy,None apparent,Non-intersection:  Non-junction/no special feature,Paved,,Property Damage Only,0,0,0,0,0,0,2000,2,1,,POINT (-94.161090300737 42.491370768521)
2014828969,14016999,11/16/2014,11-November,1-Sunday,17:15,1700 Hours,District 6 (East Central),,CEDAR,,Co Rd F44/290TH & CEMETARY RD,Collision with:  Animal,,,Animal,None Indicated,,,,,,,Paved,,Property Damage Only,0,0,0,0,0,0,2000,1,1,,POINT (-91.147201544 41.670323686961)
2014831695,14-008383,11/16/2014,11-November,1-Sunday,17:43,1700 Hours,District 3 (Northwest),,PALO ALTO,IA 4,IA 4/460 AVE,Collision with:  Animal,,,Animal,None Indicated,,,,,,,Paved,,Property Damage Only,0,0,0,0,0,0,3000,1,1,,POINT (-94.678648414343 43.012733131586)
2014828703,,11/16/2014,11-November,1-Sunday,19:45,1900 Hours,District 1 (Central),COLFAX,JASPER,,N LEAGUE RD,Collision with fixed object:  Other fixed object (explain in narrative),Outside trafficway,Non-collision (single vehicle),Swerving/Evasive Action,None Indicated,,Dark - roadway not lighted,Snow,Cloudy,None apparent,Non-intersection:  Non-junction/no special feature,Paved,,Property Damage Only,0,0,0,0,0,0,2000,1,2,,POINT (-93.23217683596 41.681251809248)