Iowa DOT Case Number,Law Enforcement Case Number,Date of Crash,Month of Crash,Day of Week,Time of Crash,Hour,DOT District,City Name,County Name,Route with System,Location Description,First Harmful Event,Location of First Harmful Event,Manner of Crash/Collision,Major Cause,Drug or Alcohol ,Environmental Conditions,Light Conditions,Surface Conditions,Weather Conditions,Roadway Contribution,Roadway Type,Roadway Surface,Work Zone,Crash Severity,Number of Fatalities,Number of Injuries,Number of Major Injuries,Number of Minor Injuries,Number of Possible Injuries,Number of Unknown Injuries,Amount of Property Damage,Number of Vehicles Involved,Total Number of Occupants,Travel Direction,Location
2014827904,14-35372,11/16/2014,11-November,1-Sunday,06:40,0600 Hours,District 5 (Southeast),,LEE,,Co Rd W72/JOHNSON ST RD,Collision with:  Animal,,,Animal,None Indicated,,,,,,,Unpaved,,Property Damage Only,0,0,0,0,0,0,2500,1,1,,POINT (-91.46393382737 40.410058381602)
2014827847,2014064237,11/16/2014,11-November,1-Sunday,08:00,0800 Hours,District 5 (Southeast),,WAPELLO,US 63,US 63 & Co Rd H25/DAHLONEGA RD,Collision with:  Animal,,,Animal,None Indicated,,,,,,,Paved,,Property Damage Only,0,0,0,0,0,0,6500,1,1,,POINT (-92.372857586107 41.051135124275)
2014827450,14-5815,11/16/2014,11-November,1-Sunday,22:19,2200 Hours,District 1 (Central),WEST DES MOINES,POLK,,GRAND AVE,Collision with:  Vehicle in traffic,On Roadway,Rear-end (front to rear),Lost Control,None Indicated,,Dark - roadway lighted,Dry,Cloudy,None apparent,Non-intersection:  Non-junction/no special feature,Paved,,Property Damage Only,0,0,0,0,0,0,4500,2,2,,POINT (-93.705197713097 41.58269393153)
2014829078,201405446,11/16/2014,11-November,1-Sunday,17:20,1700 Hours,District 1 (Central),,BOONE,US 30,US 30/220TH ST,Collision with:  Parked motor vehicle,,Non-collision (single vehicle),Animal,None Indicated,,,,,,,Paved,,Property Damage Only,0,0,0,0,0,0,2500,1,1,,POINT (-93.935183797228 42.034673429218)
2014828036,W14-113437,11/16/2014,11-November,1-Sunday,13:36,1300 Hours,District 2 (Northeast),WATERLOO,BLACK HAWK,,SKYVIEW RD,Collision with:  Animal,On Roadway,Non-collision (single vehicle),Animal,None Indicated,,Daylight,Snow,Clear,"Surface condition (e.g., wet, icy)",Non-intersection:  Non-junction/no special feature,Paved,,Property Damage Only,0,0,0,0,0,0,1500,1,1,,POINT (-92.278320968552 42.485938445669)
2014828893,2014-24796,11/16/2014,11-November,1-Sunday,13:45,1300 Hours,District 5 (Southeast),INDIANOLA,WARREN,,W IOWA AVE,Collision with:  Vehicle in traffic,On Roadway,Rear-end (front to rear),Followed too close,None Indicated,,Daylight,"Mud, dirt",Clear,None apparent,Non-intersection:  Non-junction/no special feature,Paved,,Property Damage Only,0,0,0,0,0,0,8000,2,4,,POINT (-93.571084392882 41.369430648561)
2014829014,1403122,11/16/2014,11-November,1-Sunday,13:48,1300 Hours,District 5 (Southeast),BLOOMFIELD,DAVIS,US 63,US 63/WASHINGTON ST & NORTH ST,Collision with:  Vehicle in traffic,On Roadway,Broadside (front to side),FTYROW:  From stop sign,None Indicated,,Daylight,Dry,Cloudy,None apparent,Intersection:  Four-way intersection,Paved,,Property Damage Only,0,0,0,0,0,0,3000,2,3,,POINT (-92.413666915049 40.754705908568)
2014828414,C14003660,11/16/2014,11-November,1-Sunday,06:37,0600 Hours,District 6 (East Central),CORALVILLE,JOHNSON,,COMMERCE DR & COMMERCIAL PARK,Non-collision events:  Other non-collision (explain in narrative),On Roadway,Non-collision (single vehicle),Driving too fast for conditions,None Indicated,,Dawn,Snow,Snow,"Surface condition (e.g., wet, icy)",Intersection:  Other intersection (explain in narrative),Paved,,Property Damage Only,0,0,0,0,0,0,4500,1,1,,POINT (-91.613916632187 41.695545643887)
2014829552,14-017041,11/16/2014,11-November,1-Sunday,05:59,0500 Hours,District 6 (East Central),,JACKSON,,Co Rd Z34/435 AVE,Non-collision events:  Overturn/rollover,On Roadway,Non-collision (single vehicle),Driving too fast for conditions,None Indicated,,Dark - roadway not lighted,Snow,Snow,"Surface condition (e.g., wet, icy)",Non-intersection:  Non-junction/no special feature,Paved,,Property Damage Only,0,0,0,0,0,0,5000,1,1,,POINT (-90.387752166335 42.107594257747)
2014828282,14-11679,11/16/2014,11-November,1-Sunday,11:30,1100 Hours,District 3 (Northwest),CARROLL,CARROLL,US 30,US 30/6TH ST & E 6TH ST,Collision with:  Vehicle in traffic,On Roadway,"Sideswipe, same direction",FTYROW:  Other (explain in narrative),None Indicated,,Daylight,Wet,Clear,None apparent,Non-intersection:  Non-junction/no special feature,Paved,,Property Damage Only,0,0,0,0,0,0,1900,2,4,,POINT (-94.860554277801 42.064001009184)
2014878149,14-7760,11/16/2014,11-November,1-Sunday,09:16,0900 Hours,District 6 (East Central),,SCOTT,I-80,I-80 & Co Rd Z30/WELLS FERRY RD,Collision with fixed object:  Bridge overhead structure,On Roadway,Non-collision (single vehicle),Driving too fast for conditions,None Indicated,,Daylight,Ice/frost,Snow,"Surface condition (e.g., wet, icy)",Non-intersection:  Other non-intersection (explain in narrative),Paved,,Property Damage Only,0,0,0,0,0,0,11000,1,3,,POINT (-90.430608699014 41.597559218511)
2014828846,SO1404949,11/16/2014,11-November,1-Sunday,09:45,0900 Hours,District 5 (Southeast),,JEFFERSON,,Co Rd W30/STOCKPORT RD,Collision with fixed object:  Mailbox,On Roadway,Non-collision (single vehicle),Driving too fast for conditions,None Indicated,,Daylight,Snow,Cloudy,"Surface condition (e.g., wet, icy)",Non-intersection:  Non-junction/no special feature,Paved,,Property Damage Only,0,0,0,0,0,0,2600,1,1,,POINT (-91.849521697622 40.930832486561)
2014829110,2014064218,11/16/2014,11-November,1-Sunday,17:15,1700 Hours,District 4 (Southwest),,GUTHRIE,,Co Rd N54/FRONTIER RD,Collision with:  Vehicle in traffic,On Roadway,"Sideswipe, opposite direction",Swerving/Evasive Action,None Indicated,,Dusk,Ice/frost,Clear,"Surface condition (e.g., wet, icy)",Non-intersection:  Non-junction/no special feature,Paved,,Property Damage Only,0,0,0,0,0,0,30000,2,4,,POINT (-94.643390958959 41.544180403123)
2014828111,2014064203,11/16/2014,11-November,1-Sunday,15:45,1500 Hours,District 5 (Southeast),,WASHINGTON,US 218,US 218,Collision with:  Animal,,,Animal,None Indicated,,,,,,,Paved,,Property Damage Only,0,0,0,0,0,0,5000,1,1,,POINT (-91.550064068707 41.396390765857)
2014827578,14-22373,11/16/2014,11-November,1-Sunday,08:40,0800 Hours,District 6 (East Central),BETTENDORF,SCOTT,I-80,I-80,Non-collision events:  Jackknife,On Roadway,Non-collision (single vehicle),Lost Control,None Indicated,,Daylight,Ice/frost,Snow,None apparent,Non-intersection:  Non-junction/no special feature,Paved,,Property Damage Only,0,0,0,0,0,0,15000,1,2,,POINT (-90.460200313668 41.597136419306)
2014828599,2014064128,11/16/2014,11-November,1-Sunday,06:33,0600 Hours,District 6 (East Central),,CEDAR,,Co Rd X40/GARFIELD AVE,Collision with:  Vehicle in traffic,On Roadway,Head-on (front to front),Crossed centerline (undivided),None Indicated,,Daylight,Snow,Snow,"Surface condition (e.g., wet, icy)",Non-intersection:  Non-junction/no special feature,Paved,,Minor Injury,0,1,0,1,0,0,20000,2,2,,POINT (-91.249889729071 41.599492474778)
2014829109,2014064173,11/16/2014,11-November,1-Sunday,13:02,1300 Hours,District 1 (Central),,JASPER,I-80,I-80,Collision with:  Vehicle in traffic,On Roadway,Rear-end (front to rear),Swerving/Evasive Action,None Indicated,,Daylight,Dry,Clear,None apparent,Non-intersection:  Other non-intersection (explain in narrative),Paved,,Minor Injury,0,4,0,1,3,0,11700,3,9,,POINT (-93.293331827274 41.683670030137)
2014831081,20140034154,11/16/2014,11-November,1-Sunday,16:18,1600 Hours,District 1 (Central),DES MOINES,POLK,,E WATROUS AVE,Collision with:  Vehicle in traffic,On Roadway,Rear-end (front to rear),Driving too fast for conditions,None Indicated,,Dusk,Dry,Clear,None apparent,Non-intersection:  Non-junction/no special feature,Paved,,Property Damage Only,0,0,0,0,0,0,3000,2,3,,POINT (-93.616046910176 41.548149819169)
2014828437,14-009697,11/16/2014,11-November,1-Sunday,16:08,1600 Hours,District 2 (Northeast),LUANA,CLAYTON,,CO RD X16,Collision with:  Railway vehicle/train,Roadside,Non-collision (single vehicle),Disregarded RR Signal,None Indicated,,Dusk,Ice/frost,Clear,"Surface condition (e.g., wet, icy)",Non-intersection:  Railroad grade crossing,Paved,,Property Damage Only,0,0,0,0,0,0,4000,2,3,,POINT (-91.459175340435 43.059930186305)
2014827658,14-30407,11/16/2014,11-November,1-Sunday,14:42,1400 Hours,District 1 (Central),REASNOR,JASPER,,Co Rd S74/RANCH AVE & MAIN ST & ROBIN AVE,Non-collision events:  Other non-collision (explain in narrative),On Roadway,Non-collision (single vehicle),Driving too fast for conditions,None Indicated,,Daylight,Ice/frost,Clear,"Surface condition (e.g., wet, icy)",Intersection:  Y-intersection,Paved,,Property Damage Only,0,0,0,0,0,0,3800,1,1,,POINT (-93.023402153473 41.573450936765)
2014828693,SO1404956,11/16/2014,11-November,1-Sunday,16:43,1600 Hours,District 5 (Southeast),,JEFFERSON,,Co Rd W21/PLEASANT PLAIN RD & 134TH ST,Collision with:  Other non-fixed object (explain in narrative),On Roadway,Non-collision (single vehicle),Ran off road - left,None Indicated,,Dark - roadway not lighted,Snow,Other (explain in narrative),"Surface condition (e.g., wet, icy)",Intersection:  T-intersection,Paved,,Property Damage Only,0,0,0,0,0,0,2400,1,2,,POINT (-91.860578857817 41.113056100709)
2014827699,2014064225,11/16/2014,11-November,1-Sunday,17:10,1700 Hours,District 6 (East Central),,IOWA,I-80,I-80,Collision with fixed object:  Guardrail - face,Outside trafficway,Non-collision (single vehicle),Swerving/Evasive Action,None Indicated,,Dusk,Dry,Clear,Other (explain in narrative),Non-intersection:  Non-junction/no special feature,Paved,,Property Damage Only,0,0,0,0,0,0,6802,1,1,,POINT (-91.962171181581 41.686987278296)
2014827571,14007965,11/16/2014,11-November,1-Sunday,09:45,0900 Hours,District 1 (Central),WEBSTER CITY,HAMILTON,US 20,US 20/235TH ST & Co Rd R19/CHASE AVE,Collision with:  Vehicle in traffic,On Roadway,Broadside (front to side),FTYROW:  From stop sign,None Indicated,,Daylight,Snow,Cloudy,None apparent,Intersection:  Four-way intersection,Paved,,Minor Injury,0,2,0,2,0,0,8000,2,4,,POINT (-93.931850558998 42.450686462572)
2014827547,14-007976,11/16/2014,11-November,1-Sunday,15:46,1500 Hours,District 1 (Central),STRATFORD,HAMILTON,,TENNYSON AVE & AVON ST,Collision with:  Vehicle in traffic,On Roadway,Broadside (front to side),Driving too fast for conditions,None Indicated,,Daylight,Ice/frost,Cloudy,"Surface condition (e.g., wet, icy)",Intersection:  Four-way intersection,Paved,,Minor Injury,0,1,0,1,0,0,5000,2,4,,POINT (-93.929872927557 42.271474368534)
2014827821,14HPD0121,11/16/2014,11-November,1-Sunday,14:29,1400 Hours,District 3 (Northwest),HAWARDEN,SIOUX,IA 10,IA 10/AVE E/10TH ST & IA 12 & 10TH ST FAS 1713,Collision with:  Vehicle in traffic,On Roadway,Head-on (front to front),FTYROW:  Making left turn,None Indicated,,Daylight,Wet,Cloudy,None apparent,Intersection:  Four-way intersection,Paved,,Property Damage Only,0,0,0,0,0,0,8500,2,2,,POINT (-96.488091426385 42.996767755226)
2014828083,14-37914,11/16/2014,11-November,1-Sunday,12:43,1200 Hours,District 3 (Northwest),SIOUX CITY,WOODBURY,,PETERS AVE & S HELEN ST,Collision with:  Parked motor vehicle,On Roadway,"Sideswipe, opposite direction",Lost Control,None Indicated,,Daylight,Snow,Cloudy,"Surface condition (e.g., wet, icy)",Non-intersection:  Non-junction/no special feature,Paved,,Property Damage Only,0,0,0,0,0,0,3000,2,1,,POINT (-96.37036312749 42.475747134297)
2014827718,14-048485,11/16/2014,11-November,1-Sunday,09:03,0900 Hours,District 4 (Southwest),COUNCIL BLUFFS,POTTAWATTAMIE,,9TH AVE & S 35TH ST,Collision with:  Vehicle in traffic,On Roadway,"Angle, oncoming left turn",FTYROW:  Making left turn,None Indicated,,Daylight,Slush,Clear,None apparent,Intersection:  Four-way intersection,Paved,,Possible/Unknown,0,1,0,0,1,0,4500,2,2,,POINT (-95.902010578974 41.253710419742)
2014892379,391114-2654,11/16/2014,11-November,1-Sunday,03:35,0300 Hours,District 4 (Southwest),,GUTHRIE,,,,Shoulder,Non-collision (single vehicle),Traveling wrong way or on wrong side of road,Refused,,Dark - roadway not lighted,Snow,Snow,"Surface condition (e.g., wet, icy)",Non-intersection:  Non-junction/no special feature,,,Property Damage Only,0,0,0,0,0,0,8500,1,1,,POINT (-94.404491608984 41.720847413706)
2014828572,201404221,11/16/2014,11-November,1-Sunday,08:00,0800 Hours,District 6 (East Central),,LINN,,Co Rd W42/80TH ST SW & BEVERLY RD,Collision with:  Vehicle in traffic,On Roadway,Broadside (front to side),Driving too fast for conditions,None Indicated,,Daylight,Snow,Clear,"Surface condition (e.g., wet, icy)",Intersection:  T-intersection,Paved,,Property Damage Only,0,0,0,0,0,0,10000,2,3,,POINT (-91.774675646669 41.938464322775)
2014830511,14173801,11/16/2014,11-November,1-Sunday,00:11,0000 Hours,District 6 (East Central),,JOHNSON,,Co Rd W66/SAND RD,Collision with fixed object:  Ditch,On Roadway,Non-collision (single vehicle),Driving too fast for conditions,None Indicated,,Dark - roadway not lighted,Ice/frost,Snow,"Surface condition (e.g., wet, icy)",Non-intersection:  Non-junction/no special feature,Paved,,Possible/Unknown,0,1,0,0,1,0,7000,1,2,,POINT (-91.501817667365 41.532843008286)
2014828786,14-010095,11/16/2014,11-November,1-Sunday,21:50,2100 Hours,District 4 (Southwest),,CASS,IA 148,IA 148/750TH ST,Collision with:  Animal,,,Animal,None Indicated,,,,,,,Paved,,Property Damage Only,0,0,0,0,0,0,1500,1,2,,POINT (-94.757547381068 41.307651398348)
2014827261,14173917,11/16/2014,11-November,1-Sunday,04:36,0400 Hours,District 6 (East Central),,JOHNSON,,Co Rd F14/LISBON RD/SUTLIFF RD,,On Roadway,Non-collision (single vehicle),Driving too fast for conditions,None Indicated,,Dark - roadway lighted,Ice/frost,Snow,None apparent,Non-intersection:  Non-junction/no special feature,Paved,,Property Damage Only,0,0,0,0,0,0,5000,1,2,,POINT (-91.385622057523 41.847343625721)
2014831577,K14161237,11/16/2014,11-November,1-Sunday,12:37,1200 Hours,District 2 (Northeast),,FRANKLIN,,Co Rd S41/MALLARD AVE & 120TH ST,Collision with:  Vehicle in traffic,On Roadway,Rear-end (front to rear),Followed too close,None Indicated,,Daylight,Snow,Clear,"Surface condition (e.g., wet, icy)",Non-intersection:  Non-junction/no special feature,Paved,,Property Damage Only,0,0,0,0,0,0,8000,2,4,,POINT (-93.26182710867 42.701842436837)
2014827777,2014-79520,11/16/2014,11-November,1-Sunday,14:34,1400 Hours,District 6 (East Central),DAVENPORT,SCOTT,US 6,US 6/W KIMBERLY RD & STURDEVANT ST,Collision with:  Vehicle in traffic,On Roadway,Rear-end (front to rear),Followed too close,None Indicated,,Daylight,Dry,Cloudy,None apparent,Non-intersection:  Non-junction/no special feature,Paved,,Property Damage Only,0,0,0,0,0,0,3000,2,4,,POINT (-90.597464756005 41.560064292637)
2014827830,2014-79559,11/16/2014,11-November,1-Sunday,18:31,1800 Hours,District 6 (East Central),DAVENPORT,SCOTT,,W CENTRAL PARK AVE & WASHINGTON ST,Collision with:  Vehicle in traffic,On Roadway,Rear-end (front to rear),Other (explain in narrative):  Other,Alcohol (Statutory),,Dark - roadway lighted,Dry,Clear,None apparent,Intersection:  Four-way intersection,Paved,,Property Damage Only,0,0,0,0,0,0,4500,2,4,,POINT (-90.596073520908 41.545516871898)
2014827661,14009895,11/16/2014,11-November,1-Sunday,08:04,0800 Hours,District 6 (East Central),,DELAWARE,IA 3,IA 3/IOWA 3,Collision with fixed object:  Ditch,On Roadway,Non-collision (single vehicle),Driving too fast for conditions,None Indicated,,Dark - roadway not lighted,Snow,Snow,None apparent,Non-intersection:  Non-junction/no special feature,Paved,,Property Damage Only,0,0,0,0,0,0,4000,1,1,,POINT (-91.294719611618 42.628849674644)
2014830973,C14003663,11/16/2014,11-November,1-Sunday,11:06,1100 Hours,District 6 (East Central),CORALVILLE,JOHNSON,,OAKDALE BLVD & 1ST AVE,Collision with:  Vehicle in traffic,On Roadway,Rear-end (front to rear),Lost Control,None Indicated,,Daylight,Slush,Cloudy,"Surface condition (e.g., wet, icy)",Intersection:  Four-way intersection,Paved,,Property Damage Only,0,0,0,0,0,0,3000,2,3,,POINT (-91.562700781783 41.70141932587)
2014830115,14-005433,11/16/2014,11-November,1-Sunday,19:05,1900 Hours,District 1 (Central),AMES,STORY,I-35,I-35,Collision with:  Parked motor vehicle,On Roadway,"Sideswipe, same direction",Illegally Parked/Unattended,None Indicated,,Dark - roadway not lighted,Dry,Cloudy,None apparent,Interchange-related:  On-ramp,Paved,,Property Damage Only,0,0,0,0,0,0,13000,2,2,,POINT (-93.573302025959 42.008869953657)
2014828939,,11/16/2014,11-November,1-Sunday,00:24,0000 Hours,District 3 (Northwest),LAKE PARK,DICKINSON,,BEECHCOMBER DR,Collision with fixed object:  Utility pole/light support,Shoulder,Non-collision (single vehicle),Ran off road - left,Alcohol (Statutory),,Dark - roadway lighted,Snow,Snow,None apparent,Intersection:  T-intersection,Paved,,Property Damage Only,0,0,0,0,0,0,5000,1,1,,POINT (-95.329428730811 43.435618783713)
2014827506,148864,11/16/2014,11-November,1-Sunday,18:03,1800 Hours,District 4 (Southwest),,DALLAS,,Co Rd R16/R AVE,Collision with:  Animal,,Non-collision (single vehicle),Animal,None Indicated,,,,,,,Paved,,Property Damage Only,0,0,0,0,0,0,3000,1,1,,POINT (-93.954668580324 41.569895309993)
2014828718,W14-113484,11/16/2014,11-November,1-Sunday,21:41,2100 Hours,District 2 (Northeast),WATERLOO,BLACK HAWK,,FLAMMANG DR & FRONTAGE RD,Collision with:  Vehicle in traffic,On Roadway,Broadside (front to side),FTYROW:  From stop sign,None Indicated,,Dark - roadway lighted,Wet,Clear,None apparent,Intersection:  Four-way intersection,Paved,,Property Damage Only,0,0,0,0,0,0,5500,2,3,,POINT (-92.331504161229 42.46094550593)
2014828230,SO1404953,11/16/2014,11-November,1-Sunday,12:06,1200 Hours,District 5 (Southeast),FAIRFIELD,JEFFERSON,,N 20TH ST,Collision with:  Vehicle in traffic,On Roadway,Unknown,Crossed centerline (undivided),None Indicated,,Daylight,Snow,Cloudy,"Surface condition (e.g., wet, icy)",Non-intersection:  Alley,Paved,,Property Damage Only,0,0,0,0,0,0,3500,2,2,,POINT (-91.984263425109 41.007459871591)
2014827569,14-008380,11/16/2014,11-November,1-Sunday,13:36,1300 Hours,District 3 (Northwest),EMMETSBURG,PALO ALTO,,7TH ST & CLEVELAND ST,Collision with fixed object:  Utility pole/light support,Shoulder,Non-collision (single vehicle),Driving too fast for conditions,None Indicated,,Daylight,Snow,Cloudy,"Surface condition (e.g., wet, icy)",Non-intersection:  Non-junction/no special feature,Paved,,Property Damage Only,0,0,0,0,0,0,4000,1,2,,POINT (-94.692629213023 43.113749212715)
2014828038,W14-113523,11/16/2014,11-November,1-Sunday,20:44,2000 Hours,District 2 (Northeast),WATERLOO,BLACK HAWK,US 218,US 218/WASHINGTON ST & E SHAULIS RD,Collision with:  Vehicle in traffic,On Roadway,Broadside (front to side),Unknown,None Indicated,,Dark - roadway lighted,Dry,Cloudy,None apparent,Intersection:  Four-way intersection,Paved,,Property Damage Only,0,0,0,0,0,0,9000,2,4,,POINT (-92.298836502097 42.442261216517)
2014832289,14-047868,11/16/2014,11-November,1-Sunday,16:18,1600 Hours,District 5 (Southeast),,MUSCATINE,,VINE AVE,Non-collision events:  Overturn/rollover,On Roadway,Non-collision (single vehicle),Ran off road - left,None Indicated,,Daylight,Snow,Cloudy,None apparent,Non-intersection:  Non-junction/no special feature,Unpaved,,Property Damage Only,0,0,0,0,0,0,8000,1,1,,POINT (-90.861702383085 41.579433733634)
2014827567,111614-12,11/16/2014,11-November,1-Sunday,01:09,0100 Hours,District 3 (Northwest),,BUENA VISTA,IA 3,IA 3/530TH ST,Collision with fixed object:  Ditch,On Roadway,Non-collision (single vehicle),Crossed centerline (undivided),None Indicated,,Dark - roadway not lighted,Snow,Clear,None apparent,Non-intersection:  Non-junction/no special feature,Paved,,Property Damage Only,0,0,0,0,0,0,2150,1,2,,POINT (-95.115172522329 42.748813419809)
2014827347,20140034149,11/16/2014,11-November,1-Sunday,15:23,1500 Hours,District 1 (Central),DES MOINES,POLK,,E MADISON AVE & E 27TH ST,Collision with:  Vehicle in traffic,On Roadway,Unknown,Driving too fast for conditions,None Indicated,,Daylight,Snow,Clear,"Surface condition (e.g., wet, icy)",Intersection:  Four-way intersection,Paved,,Property Damage Only,0,0,0,0,0,0,1500,2,3,,POINT (-93.5667201498 41.633305918363)
2014842414,14-30418,11/16/2014,11-November,1-Sunday,16:43,1600 Hours,District 1 (Central),NEWTON,JASPER,US 6,US 6/US 6/IOWA 14,Collision with:  Animal,On Roadway,Non-collision (single vehicle),Animal,None Indicated,,Dusk,Dry,Clear,None apparent,Non-intersection:  Non-junction/no special feature,Paved,,Property Damage Only,0,0,0,0,0,0,3000,1,1,,POINT (-93.07735370124 41.69249406025)
2014829983,14-17385,11/16/2014,11-November,1-Sunday,16:00,1600 Hours,District 3 (Northwest),SPENCER,CLAY,,3RD AVE E,Collision with:  Vehicle in traffic,On Roadway,Broadside (front to side),Improper Backing,None Indicated,,Daylight,Snow,Snow,None apparent,Non-intersection:  Non-junction/no special feature,Paved,,Property Damage Only,0,0,0,0,0,0,2400,2,1,,POINT (-95.140597592883 43.141982016858)
2014827319,20140034146,11/16/2014,11-November,1-Sunday,14:45,1400 Hours,District 1 (Central),DES MOINES,POLK,,19TH ST,Collision with:  Parked motor vehicle,On Roadway,"Sideswipe, opposite direction",Followed too close,None Indicated,,Daylight,Snow,Clear,None apparent,Non-intersection:  Non-junction/no special feature,Paved,,Property Damage Only,0,0,0,0,0,0,1600,2,1,,POINT (-93.642517463122 41.588925021167)
2014827260,14174144,11/16/2014,11-November,1-Sunday,19:17,1900 Hours,District 6 (East Central),,JOHNSON,I-380,I-380,Collision with:  Animal,On Roadway,Non-collision (single vehicle),Animal,None Indicated,,Dark - roadway not lighted,Dry,Cloudy,None apparent,Non-intersection:  Non-junction/no special feature,Paved,,Property Damage Only,0,0,0,0,0,0,10000,1,2,,POINT (-91.657127796542 41.823747630645)
2014828968,14016972,11/16/2014,11-November,1-Sunday,02:00,0200 Hours,District 6 (East Central),,CEDAR,IA 130,IA 130/IOWA 130,Collision with fixed object:  Ditch,On Roadway,Non-collision (single vehicle),Unknown,Refused,,Dark - roadway not lighted,Snow,Snow,None apparent,Non-intersection:  Non-junction/no special feature,Paved,,Property Damage Only,0,0,0,0,0,0,3000,1,1,,POINT (-90.983323438917 41.771687797901)
2014827247,1411162621,11/16/2014,11-November,1-Sunday,05:50,0500 Hours,District 6 (East Central),,CLINTON,,Co Rd E50/140 ST,,On Roadway,Non-collision (single vehicle),Ran off road - right,None Indicated,,Dark - roadway not lighted,Ice/frost,Snow,"Surface condition (e.g., wet, icy)",Non-intersection:  Non-junction/no special feature,Paved,,Property Damage Only,0,0,0,0,0,0,3500,1,3,,POINT (-90.327261668449 41.975016047356)
2014832139,20140034115,11/16/2014,11-November,1-Sunday,00:57,0000 Hours,District 1 (Central),DES MOINES,POLK,US 69,US 69/SE 14TH ST & E WATROUS AVE,Collision with:  Vehicle in traffic,On Roadway,Rear-end (front to rear),Unknown,None Indicated,,Dark - roadway lighted,Snow,Snow,"Surface condition (e.g., wet, icy)",Intersection:  Four-way intersection,Paved,,Possible/Unknown,0,1,0,0,1,0,1000,2,2,,POINT (-93.596837977403 41.548079984926)
2014828229,SO1404948,11/16/2014,11-November,1-Sunday,07:50,0700 Hours,District 5 (Southeast),,JEFFERSON,,Co Rd V64/HEMLOCK AVE,Collision with:  Animal,,Non-collision (single vehicle),Animal,None Indicated,,,,,,,Paved,,Property Damage Only,0,0,0,0,0,0,2000,1,1,,POINT (-92.044739018889 40.999536404618)
2014828802,14020039,11/16/2014,11-November,1-Sunday,12:49,1200 Hours,District 2 (Northeast),MASON CITY,CERRO GORDO,,S EISENHOWER AVE,Collision with:  Vehicle in traffic,On Roadway,Rear-end (front to rear),Lost Control,None Indicated,,Daylight,Ice/frost,Clear,"Surface condition (e.g., wet, icy)",Intersection:  Four-way intersection,Paved,,Property Damage Only,0,0,0,0,0,0,4500,2,5,,POINT (-93.260626816551 43.134131427633)
2014832471,2014-79516,11/16/2014,11-November,1-Sunday,14:09,1400 Hours,District 6 (East Central),DAVENPORT,SCOTT,US 6,US 6/W KIMBERLY RD & N DIVISION ST,Collision with:  Vehicle in traffic,On Roadway,Rear-end (front to rear),Other (explain in narrative):  Other,None Indicated,,Daylight,Wet,Cloudy,None apparent,Intersection:  Four-way intersection,Paved,,Possible/Unknown,0,1,0,0,1,0,50,2,4,,POINT (-90.600667262592 41.560041134558)
2014827232,W14-113379,11/16/2014,11-November,1-Sunday,09:03,0900 Hours,District 2 (Northeast),WATERLOO,BLACK HAWK,,W 9TH ST,Collision with:  Vehicle in traffic,On Roadway,Head-on (front to front),Lost Control,None Indicated,,Daylight,Snow,Cloudy,"Surface condition (e.g., wet, icy)",Non-intersection:  Non-junction/no special feature,Paved,,Property Damage Only,0,0,0,0,0,0,7000,2,2,,POINT (-92.342475372863 42.476021764275)
2014829249,14-8357,11/16/2014,11-November,1-Sunday,18:51,1800 Hours,District 3 (Northwest),,IDA,,TIMBER AVE,Collision with:  Animal,,,Animal,None Indicated,,,,,,,Unpaved,,Property Damage Only,0,0,0,0,0,0,3000,1,1,,POINT (-95.702043736408 42.475647252975)
2014827790,14-004969,11/16/2014,11-November,1-Sunday,13:50,1300 Hours,District 1 (Central),ANKENY,POLK,,SE NATIONAL DR & SE DELAWARE AVE,Collision with:  Vehicle in traffic,On Roadway,Rear-end (front to rear),Other (explain in narrative):  Other,None Indicated,,Daylight,Wet,Clear,None apparent,Non-intersection:  Non-junction/no special feature,Paved,,Property Damage Only,0,0,0,0,0,0,2500,2,3,,POINT (-93.581278295871 41.704848944279)
2014827545,2014012849,11/16/2014,11-November,1-Sunday,23:50,2300 Hours,District 6 (East Central),IOWA CITY,JOHNSON,,ARIZONA AVE & UNION RD,Collision with fixed object:  Utility pole/light support,Outside trafficway,Non-collision (single vehicle),Driving too fast for conditions,None Indicated,,Dark - roadway lighted,Snow,Snow,"Surface condition (e.g., wet, icy)",Non-intersection:  Non-junction/no special feature,Paved,,Property Damage Only,0,0,0,0,0,0,4000,1,2,,POINT (-91.5050351658 41.637140335618)
2014830486,,11/16/2014,11-November,1-Sunday,15:50,1500 Hours,District 4 (Southwest),WOODBINE,HARRISON,,5TH ST,Collision with:  Parked motor vehicle,On Roadway,Unknown,Unknown,None Indicated,,Daylight,Unknown,Unknown,Unknown,Non-intersection:  Other non-intersection (explain in narrative),Paved,,Property Damage Only,0,0,0,0,0,0,1800,2,1,,POINT (-95.702735986902 41.737028912595)