Iowa DOT Case Number,Law Enforcement Case Number,Date of Crash,Month of Crash,Day of Week,Time of Crash,Hour,DOT District,City Name,County Name,Route with System,Location Description,First Harmful Event,Location of First Harmful Event,Manner of Crash/Collision,Major Cause,Drug or Alcohol ,Environmental Conditions,Light Conditions,Surface Conditions,Weather Conditions,Roadway Contribution,Roadway Type,Roadway Surface,Work Zone,Crash Severity,Number of Fatalities,Number of Injuries,Number of Major Injuries,Number of Minor Injuries,Number of Possible Injuries,Number of Unknown Injuries,Amount of Property Damage,Number of Vehicles Involved,Total Number of Occupants,Travel Direction,Location
2014827892,14-41037,11/16/2014,11-November,1-Sunday,05:22,0500 Hours,District 5 (Southeast),BURLINGTON,DES MOINES,,MT PLEASANT ST & CHALFANT ST,Collision with fixed object:  Curb/island/raised median,On Roadway,Non-collision (single vehicle),Driving too fast for conditions,Alcohol (Statutory),,Dark - roadway lighted,Snow,Clear,"Surface condition (e.g., wet, icy)",Non-intersection:  Non-junction/no special feature,Paved,,Possible/Unknown,0,1,0,0,1,0,7400,1,4,,POINT (-91.116219341239 40.8184403759)
2014829992,2014064140,11/16/2014,11-November,1-Sunday,09:42,0900 Hours,District 4 (Southwest),,GUTHRIE,,Co Rd P28/WAGON RD & WAGON LN,Collision with fixed object:  Ditch,On Roadway,Non-collision (single vehicle),Driving too fast for conditions,None Indicated,,Daylight,Snow,Clear,"Surface condition (e.g., wet, icy)",Non-intersection:  Non-junction/no special feature,Paved,,Property Damage Only,0,0,0,0,0,0,2900,1,1,,POINT (-94.318248686729 41.538316364937)
2014827507,148865,11/16/2014,11-November,1-Sunday,19:15,1900 Hours,District 4 (Southwest),,DALLAS,US 169,US 169/141ST ST,Collision with:  Vehicle in traffic,On Roadway,Rear-end (front to rear),Other (explain in narrative):  Other,None Indicated,,Dark - roadway not lighted,Wet,Cloudy,None apparent,Interchange-related:  Off-ramp,Paved,,Possible/Unknown,0,2,0,0,2,0,850,2,3,,POINT (-94.027613969624 41.836926471603)
2014828482,S14-11875,11/16/2014,11-November,1-Sunday,11:25,1100 Hours,District 3 (Northwest),LAWTON,WOODBURY,US 20,US 20,Collision with fixed object:  Guardrail - face,On Roadway,Non-collision (single vehicle),Ran off road - left,None Indicated,,Daylight,Slush,Clear,"Surface condition (e.g., wet, icy)",Non-intersection:  Other non-intersection (explain in narrative),Paved,,Property Damage Only,0,0,0,0,0,0,4000,1,2,,POINT (-96.251441359943 42.475143162996)
2014827640,14-015006,11/16/2014,11-November,1-Sunday,09:00,0900 Hours,District 4 (Southwest),GLENWOOD,MILLS,,N LOCUST ST,Collision with fixed object:  Utility pole/light support,Shoulder,Non-collision (single vehicle),Lost Control,None Indicated,,Daylight,Snow,Clear,"Surface condition (e.g., wet, icy)",Non-intersection:  Non-junction/no special feature,Paved,,Property Damage Only,0,0,0,0,0,0,3600,1,2,,POINT (-95.745035611805 41.052987214756)
2014831995,2014-24781,11/16/2014,11-November,1-Sunday,08:31,0800 Hours,District 5 (Southeast),INDIANOLA,WARREN,,E CLINTON AVE & N 15TH ST,Collision with:  Vehicle in traffic,On Roadway,Broadside (front to side),Other (explain in narrative):  Other,None Indicated,,Daylight,Snow,Cloudy,None apparent,Intersection:  Four-way intersection,Paved,,Property Damage Only,0,0,0,0,0,0,2800,2,4,,POINT (-93.539718698764 41.363447844507)
2014829012,14026832,11/16/2014,11-November,1-Sunday,13:43,1300 Hours,District 5 (Southeast),OSKALOOSA,MAHASKA,IA 92,IA 92/A AVE W/SW RAMP/NW RAMP,Collision with:  Vehicle in traffic,On Roadway,Rear-end (front to rear),Followed too close,None Indicated,,Daylight,Dry,Clear,None apparent,Intersection:  Intersection with ramp,Paved,,Property Damage Only,0,0,0,0,0,0,2000,2,3,,POINT (-92.675959112754 41.296168021337)
2014827481,14-22361,11/16/2014,11-November,1-Sunday,18:37,1800 Hours,District 2 (Northeast),,CHICKASAW,US 218,US 218,Collision with:  Animal,,,Animal,None Indicated,,,,,,,Paved,,Property Damage Only,0,0,0,0,0,0,3500,1,1,,POINT (-92.544533834905 42.909107223295)
2014829703,146763,11/16/2014,11-November,1-Sunday,20:03,2000 Hours,District 1 (Central),,HARDIN,,Co Rd S27/CO HWY S27,,On Roadway,Non-collision (single vehicle),Ran off road - right,None Indicated,,Dark - roadway lighted,Ice/frost,Clear,None apparent,Non-intersection:  Other non-intersection (explain in narrative),Paved,,Property Damage Only,0,0,0,0,0,0,1500,1,1,,POINT (-93.42146898992 42.339386098201)
2014828804,14020045,11/16/2014,11-November,1-Sunday,15:15,1500 Hours,District 2 (Northeast),MASON CITY,CERRO GORDO,US 65,US 65/S DELAWARE AVE,Collision with:  Vehicle in traffic,On Roadway,"Sideswipe, same direction",Other (explain in narrative):  Other,None Indicated,,Daylight,Snow,Clear,None apparent,Non-intersection:  Non-junction/no special feature,Paved,,Property Damage Only,0,0,0,0,0,0,1800,2,4,,POINT (-93.199448128781 43.15033710491)
2014827675,2014-039717,11/16/2014,11-November,1-Sunday,15:06,1500 Hours,District 6 (East Central),DUBUQUE,DUBUQUE,,GRANDVIEW AVE S & S BOOTH ST,Collision with:  Vehicle in traffic,On Roadway,Rear-end (front to rear),Lost Control,None Indicated,,Daylight,Slush,Cloudy,None apparent,Intersection:  T-intersection,Paved,,Property Damage Only,0,0,0,0,0,0,3500,3,3,,POINT (-90.683991007238 42.489488420762)
2014828142,14-004972,11/16/2014,11-November,1-Sunday,15:55,1500 Hours,District 1 (Central),ANKENY,POLK,,NE 5TH ST,Collision with:  Vehicle in traffic,On Roadway,"Sideswipe, opposite direction",FTYROW:  Making left turn,None Indicated,,Daylight,Wet,Clear,None apparent,Non-intersection:  Driveway access (within),Paved,,Property Damage Only,0,0,0,0,0,0,3000,2,3,,POINT (-93.588420109082 41.735418562104)
2014827782,14-002614,11/16/2014,11-November,1-Sunday,01:30,0100 Hours,District 1 (Central),ALTOONA,POLK,,12TH AVE SW,Collision with:  Other non-fixed object (explain in narrative),Outside trafficway,Non-collision (single vehicle),Driving too fast for conditions,None Indicated,,Dark - roadway lighted,Snow,Cloudy,"Surface condition (e.g., wet, icy)",Non-intersection:  Driveway access (within),Paved,,Property Damage Only,0,0,0,0,0,0,2500,1,1,,POINT (-93.478255364996 41.650533453789)
2014828661,G39111614A,11/16/2014,11-November,1-Sunday,15:45,1500 Hours,District 4 (Southwest),GUTHRIE CENTER,GUTHRIE,,ASHTON AVE,Collision with:  Vehicle in traffic,On Roadway,"Sideswipe, opposite direction",FTYROW:  From driveway,None Indicated,,Daylight,Snow,Clear,None apparent,Non-intersection:  Driveway access (within),Unpaved,,Property Damage Only,0,0,0,0,0,0,2250,2,4,,POINT (-94.498274202586 41.67373708532)
2014853408,,11/16/2014,11-November,1-Sunday,15:08,1500 Hours,District 5 (Southeast),BURLINGTON,DES MOINES,,HELSEY ST & CAMERON ST,Collision with:  Parked motor vehicle,On Roadway,Rear-end (front to rear),Improper Backing,None Indicated,,Daylight,Dry,Cloudy,None apparent,Non-intersection:  Non-junction/no special feature,Paved,,Property Damage Only,0,0,0,0,0,0,5389,2,1,,POINT (-91.120980904612 40.816094946409)
2014828082,14-37880,11/16/2014,11-November,1-Sunday,01:27,0100 Hours,District 3 (Northwest),SIOUX CITY,WOODBURY,,W 7TH ST,Collision with fixed object:  Curb/island/raised median,On Roadway,Non-collision (single vehicle),Unknown,None Indicated,,Dark - roadway lighted,Snow,Clear,None apparent,Intersection:  Four-way intersection,Paved,,Property Damage Only,0,0,0,0,0,0,2000,1,4,,POINT (-96.409827115814 42.49909773302)
2014829931,032-109-14,11/16/2014,11-November,1-Sunday,10:13,1000 Hours,District 3 (Northwest),ESTHERVILLE,EMMET,IA 9,IA 9/W CENTRAL AVE & WS 1ST ST & WN 1ST ST,Non-collision events:  Other non-collision (explain in narrative),On Roadway,Broadside (front to side),Ran Traffic Signal,None Indicated,,Daylight,Snow,Clear,"Surface condition (e.g., wet, icy)",Intersection:  Four-way intersection,Paved,,Property Damage Only,0,0,0,0,0,0,6000,2,4,,POINT (-94.845874918927 43.402058871104)
2014829566,14-041116-01,11/16/2014,11-November,1-Sunday,06:30,0600 Hours,District 6 (East Central),,IOWA,,Co Rd V66/M AVE,Collision with fixed object:  Ditch,Roadside,Non-collision (single vehicle),Ran off road - right,None Indicated,,Dark - roadway not lighted,Snow,Snow,"Surface condition (e.g., wet, icy)",Non-intersection:  Non-junction/no special feature,Paved,,Property Damage Only,0,0,0,0,0,0,2500,1,1,,POINT (-92.065373999193 41.757568856906)
2014828114,14014040,11/16/2014,11-November,1-Sunday,06:18,0600 Hours,District 1 (Central),,TAMA,IA 21,IA 21/IOWA 21,Collision with:  Animal,,,Animal,None Indicated,,,,,,,Paved,,Property Damage Only,0,0,0,0,0,0,3000,1,1,,POINT (-92.347599684751 42.245712459092)
2014829136,14-22388,11/16/2014,11-November,1-Sunday,13:56,1300 Hours,District 6 (East Central),BETTENDORF,SCOTT,,CROW CREEK RD & MILLWOOD DR,Collision with:  Vehicle in traffic,On Roadway,Rear-end (front to rear),Driver Distraction:  Manual operation of an electronic communication device,None Indicated,,Daylight,Wet,Cloudy,None apparent,Non-intersection:  Non-junction/no special feature,Paved,,Property Damage Only,0,0,0,0,0,0,8000,2,3,,POINT (-90.461022172911 41.568217478597)
2014827446,2014012863,11/16/2014,11-November,1-Sunday,10:12,1000 Hours,District 6 (East Central),IOWA CITY,JOHNSON,,STERLING DR & DOVER ST,Collision with:  Vehicle in traffic,On Roadway,Broadside (front to side),FTYROW:  At uncontrolled intersection,None Indicated,,Daylight,Ice/frost,Cloudy,"Surface condition (e.g., wet, icy)",Intersection:  T-intersection,Paved,,Property Damage Only,0,0,0,0,0,0,5300,2,4,,POINT (-91.492360756832 41.641595288957)
2014827933,2014-23444,11/16/2014,11-November,1-Sunday,00:15,0000 Hours,District 6 (East Central),ELDRIDGE,SCOTT,,PARK VIEW DR & VALLEY DR,Collision with fixed object:  Tree,On Roadway,Non-collision (single vehicle),Driving too fast for conditions,None Indicated,,Dark - roadway not lighted,Snow,Snow,"Surface condition (e.g., wet, icy)",Intersection:  T-intersection,Paved,,Property Damage Only,0,0,0,0,0,0,5000,1,1,,POINT (-90.545766336919 41.692408768873)
2014827348,20140034153,11/16/2014,11-November,1-Sunday,16:11,1600 Hours,District 1 (Central),DES MOINES,POLK,US 69,US 69/E 15TH ST,Collision with:  Vehicle in traffic,On Roadway,Rear-end (front to rear),Unknown,None Indicated,,Daylight,Dry,Clear,None apparent,Intersection:  Four-way intersection,Paved,,Property Damage Only,0,0,0,0,0,0,2500,2,5,,POINT (-93.595256018091 41.593890223087)
2014827358,20140034123,11/16/2014,11-November,1-Sunday,02:33,0200 Hours,District 1 (Central),DES MOINES,POLK,,SE 1ST ST & INDIANOLA AVE & INDIANOLA RD,Collision with fixed object:  Traffic sign support,Shoulder,Non-collision (single vehicle),Ran off road - right,Under Influence of Alcohol/Drugs/Medications,,Dark - roadway lighted,Snow,Snow,"Surface condition (e.g., wet, icy)",Non-intersection:  Non-junction/no special feature,Paved,,Property Damage Only,0,0,0,0,0,0,10200,1,1,,POINT (-93.615353429304 41.572374152094)
2014827905,14003938,11/16/2014,11-November,1-Sunday,16:31,1600 Hours,District 5 (Southeast),SIGOURNEY,KEOKUK,,N MAIN ST,Collision with fixed object:  Utility pole/light support,On Roadway,Non-collision (single vehicle),Driving too fast for conditions,None Indicated,,Daylight,Ice/frost,Clear,"Surface condition (e.g., wet, icy)",Non-intersection:  Non-junction/no special feature,Paved,,Property Damage Only,0,0,0,0,0,0,4000,1,1,,POINT (-92.2052629702 41.338261305821)
2014827219,W14-113463,11/16/2014,11-November,1-Sunday,10:30,1000 Hours,District 2 (Northeast),WATERLOO,BLACK HAWK,,LAFAYETTE ST,Collision with:  Parked motor vehicle,On Roadway,"Sideswipe, same direction",Unknown,None Indicated,,Daylight,Snow,Clear,"Surface condition (e.g., wet, icy)",Non-intersection:  Other non-intersection (explain in narrative),Paved,,Property Damage Only,0,0,0,0,0,0,2000,2,1,,POINT (-92.328164838642 42.494553858663)
2014829563,14-001395,11/16/2014,11-November,1-Sunday,05:30,0500 Hours,District 1 (Central),JOHNSTON,POLK,,NW 70TH AVE,Collision with fixed object:  Ditch,Shoulder,Non-collision (single vehicle),Ran off road - left,None Indicated,,Dark - unknown roadway lighting,Snow,Snow,"Surface condition (e.g., wet, icy)",Non-intersection:  Non-junction/no special feature,Paved,,Property Damage Only,0,0,0,0,0,0,9500,1,1,,POINT (-93.753189255858 41.688340641228)
2014827716,32093-14,11/16/2014,11-November,1-Sunday,06:25,0600 Hours,District 3 (Northwest),,EMMET,,Co Rd N26/375 AVE,Collision with:  Animal,,,Animal,None Indicated,,,,,,,Paved,,Property Damage Only,0,0,0,0,0,0,3500,1,1,,POINT (-94.846851806099 43.41957422279)
2014827775,2014-79494,11/16/2014,11-November,1-Sunday,08:23,0800 Hours,District 6 (East Central),DAVENPORT,SCOTT,I-80,I-80,Collision with fixed object:  Guardrail - face,On Roadway,Non-collision (single vehicle),Ran off road - left,None Indicated,,Daylight,Ice/frost,Snow,"Surface condition (e.g., wet, icy)",Non-intersection:  Non-junction/no special feature,Paved,,Property Damage Only,0,0,0,0,0,0,2300,1,1,,POINT (-90.563028530415 41.595076393089)
2014828394,14-010076,11/16/2014,11-November,1-Sunday,10:31,1000 Hours,District 4 (Southwest),ATLANTIC,CASS,US 6,US 6/7TH ST & CHESTNUT ST,Collision with:  Vehicle in traffic,On Roadway,Broadside (front to side),Ran Traffic Signal,None Indicated,,Daylight,Wet,Cloudy,None apparent,Intersection:  Four-way intersection,Paved,,Property Damage Only,0,0,0,0,0,0,13500,2,3,,POINT (-95.013060956542 41.40397387279)
2014827674,2014-039712,11/16/2014,11-November,1-Sunday,11:25,1100 Hours,District 6 (East Central),DUBUQUE,DUBUQUE,,E 6TH ST & CENTRAL AVE,Collision with:  Vehicle in traffic,On Roadway,"Angle, oncoming left turn",Made improper turn,None Indicated,,Daylight,Dry,Cloudy,None apparent,Non-intersection:  Non-junction/no special feature,Paved,,Minor Injury,0,1,0,1,0,0,14000,2,2,,POINT (-90.664151809028 42.499783791737)
2014828645,14-41074,11/16/2014,11-November,1-Sunday,14:40,1400 Hours,District 5 (Southeast),,DES MOINES,,Co Rd X60/IRISH RIDGE RD,Collision with fixed object:  Ditch,Outside trafficway,Non-collision (single vehicle),Driving too fast for conditions,None Indicated,,Daylight,Snow,Cloudy,None apparent,Non-intersection:  Non-junction/no special feature,Unpaved,,Property Damage Only,0,0,0,0,0,0,2500,1,2,,POINT (-91.12136515482 40.902818840219)
2014828574,201404224,11/16/2014,11-November,1-Sunday,14:27,1400 Hours,District 6 (East Central),,LINN,,Co Rd E45/SECRIST RD,Collision with:  Vehicle in traffic,On Roadway,Head-on (front to front),Crossed centerline (undivided),None Indicated,,Daylight,Slush,Clear,None apparent,Non-intersection:  Non-junction/no special feature,Paved,,Minor Injury,0,3,0,1,2,0,8000,2,3,,POINT (-91.482372940551 42.019722152893)
2014831476,2014064234,11/16/2014,11-November,1-Sunday,19:00,1900 Hours,District 1 (Central),,STORY,I-35,I-35,Collision with:  Animal,,,Animal,None Indicated,,,,,,,Paved,,Property Damage Only,0,0,0,0,0,0,2000,1,1,,POINT (-93.56701620402 42.077486080514)
2014829226,,11/16/2014,11-November,1-Sunday,07:45,0700 Hours,District 6 (East Central),CEDAR RAPIDS,LINN,,20TH ST NW,Collision with:  Vehicle in traffic,On Roadway,Head-on (front to front),Unknown,None Indicated,,Daylight,Ice/frost,Clear,,Non-intersection:  Other non-intersection (explain in narrative),Paved,,Property Damage Only,0,0,0,0,0,0,2000,2,1,,POINT (-91.699279934133 41.990827077067)
2014827227,W14-113377,11/16/2014,11-November,1-Sunday,08:12,0800 Hours,District 2 (Northeast),WATERLOO,BLACK HAWK,US 218,US 218/WASHINGTON ST & W 11TH ST,Collision with:  Vehicle in traffic,On Roadway,Broadside (front to side),Driving too fast for conditions,None Indicated,,Daylight,Snow,Cloudy,None apparent,Intersection:  Four-way intersection,Paved,,Property Damage Only,0,0,0,0,0,0,2000,2,4,,POINT (-92.334730244774 42.48823403622)
2014827682,2014-5676,11/16/2014,11-November,1-Sunday,11:45,1100 Hours,District 4 (Southwest),WAUKEE,DALLAS,,NORTHVIEW DR & ASHWORTH DR & WARRIOR LN,Collision with:  Vehicle in traffic,On Roadway,Broadside (front to side),FTYROW:  Other (explain in narrative),None Indicated,,Daylight,Wet,Clear,None apparent,Intersection:  Five points or more,Paved,,Property Damage Only,0,0,0,0,0,0,2000,2,4,,POINT (-93.872231440637 41.60720951712)
2014836360,,11/16/2014,11-November,1-Sunday,09:00,0900 Hours,District 2 (Northeast),DECORAH,WINNESHIEK,,OHIO ST,Collision with:  Parked motor vehicle,On Roadway,Rear-end (front to rear),Unknown,None Indicated,,Daylight,Snow,Snow,None apparent,Non-intersection:  Non-junction/no special feature,Paved,,Property Damage Only,0,0,0,0,0,0,2000,2,1,,POINT (-91.802856327879 43.302873100228)
2014831926,2014064221,11/16/2014,11-November,1-Sunday,17:47,1700 Hours,District 2 (Northeast),,BREMER,IA 3,IA 3/IOWA 3,Collision with:  Animal,,,Animal,None Indicated,,,,,,,Paved,,Property Damage Only,0,0,0,0,0,0,4500,1,1,,POINT (-92.404707464706 42.715048621233)
2014829664,14010258,11/16/2014,11-November,1-Sunday,03:11,0300 Hours,District 6 (East Central),,BUCHANAN,,238TH ST & BRANDON DIAGONAL BLVD,Non-collision events:  Overturn/rollover,Shoulder,Non-collision (single vehicle),Driving too fast for conditions,None Indicated,,Dark - roadway not lighted,Snow,Snow,None apparent,Non-intersection:  Non-junction/no special feature,Unpaved,,Property Damage Only,0,0,0,0,0,0,2500,1,7,,POINT (-91.899942846605 42.447169152649)
2014828561,14-30447,11/16/2014,11-November,1-Sunday,22:19,2200 Hours,District 1 (Central),COLFAX,JASPER,I-80,I-80,Collision with:  Animal,On Roadway,Non-collision (single vehicle),Animal,None Indicated,,Dark - roadway not lighted,Dry,Cloudy,None apparent,Non-intersection:  Non-junction/no special feature,Paved,,Property Damage Only,0,0,0,0,0,0,5000,1,1,,POINT (-93.224781452644 41.696731784942)
2014829168,201417197,11/16/2014,11-November,1-Sunday,00:24,0000 Hours,District 6 (East Central),CEDAR RAPIDS,LINN,,WILSON AVE SW,,Shoulder,Non-collision (single vehicle),Driving too fast for conditions,None Indicated,,Dark - roadway lighted,Snow,Snow,"Surface condition (e.g., wet, icy)",Non-intersection:  Non-junction/no special feature,Paved,,Property Damage Only,0,0,0,0,0,0,3100,1,1,,POINT (-91.690777027964 41.956244680046)
2014829038,W-14-2464,11/16/2014,11-November,1-Sunday,11:42,1100 Hours,District 2 (Northeast),WAUKON,ALLAMAKEE,,4TH AVE NE & 2ND ST NE,Collision with:  Vehicle in traffic,On Roadway,Broadside (front to side),FTYROW:  Making left turn,None Indicated,,Daylight,Snow,Cloudy,None apparent,Intersection:  Four-way intersection,Paved,,Property Damage Only,0,0,0,0,0,0,6000,2,6,,POINT (-91.471843616246 43.272780143683)
2014827471,14-014042,11/16/2014,11-November,1-Sunday,08:00,0800 Hours,District 1 (Central),,TAMA,,Co Rd E49/HWY E49,Non-collision events:  Other non-collision (explain in narrative),Shoulder,Non-collision (single vehicle),Driving too fast for conditions,None Indicated,,Daylight,Slush,Cloudy,"Surface condition (e.g., wet, icy)",Non-intersection:  Non-junction/no special feature,Paved,,Property Damage Only,0,0,0,0,0,0,3100,1,2,,POINT (-92.608752137258 41.968933731927)
2014828929,14-7943,11/16/2014,11-November,1-Sunday,23:30,2300 Hours,District 2 (Northeast),LAKOTA,KOSSUTH,,188 AVE,Non-collision events:  Overturn/rollover,On Roadway,Non-collision (single vehicle),Ran off road - left,None Indicated,,Dark - roadway not lighted,Snow,Snow,"Surface condition (e.g., wet, icy)",Non-intersection:  Non-junction/no special feature,Paved,,Possible/Unknown,0,1,0,0,1,0,7000,1,1,,POINT (-94.093655803202 43.384184191058)
2014827774,2014-79491,11/16/2014,11-November,1-Sunday,07:41,0700 Hours,District 6 (East Central),DAVENPORT,SCOTT,I-80,I-80,Collision with fixed object:  Guardrail - face,On Roadway,Non-collision (single vehicle),Lost Control,None Indicated,,Daylight,Ice/frost,Snow,"Surface condition (e.g., wet, icy)",Interchange-related:  On-ramp merge area,Paved,,Property Damage Only,0,0,0,0,0,0,6000,1,2,,POINT (-90.574942681953 41.596985628008)
2014828803,14020041,11/16/2014,11-November,1-Sunday,13:06,1300 Hours,District 2 (Northeast),MASON CITY,CERRO GORDO,,S PIERCE AVE,Collision with:  Vehicle in traffic,On Roadway,Broadside (front to side),Improper Backing,None Indicated,,Daylight,Wet,Clear,None apparent,Non-intersection:  Non-junction/no special feature,Paved,,Property Damage Only,0,0,0,0,0,0,6000,2,4,,POINT (-93.220928739907 43.162544226104)
2014827362,20140034191,11/17/2014,11-November,2-Monday,07:55,0700 Hours,District 1 (Central),DES MOINES,POLK,,FLEUR DR & COUNTY LINE RD & CO LINE RD,Collision with:  Vehicle in traffic,On Roadway,Broadside (front to side),Driving too fast for conditions,None Indicated,,Daylight,Ice/frost,Clear,"Surface condition (e.g., wet, icy)",Intersection:  Four-way intersection,Paved,,Property Damage Only,0,0,0,0,0,0,12000,2,2,,POINT (-93.644992800397 41.512105870905)
2014829006,S14-11911,11/17/2014,11-November,2-Monday,18:15,1800 Hours,District 3 (Northwest),,WOODBURY,,Co Rd K64/MOVILLE BLACK TOP,Collision with:  Animal,,,Animal,None Indicated,,,,,,,Paved,,Property Damage Only,0,0,0,0,0,0,5000,1,1,,POINT (-96.07740757687 42.417990985394)
2014828827,201400056084,11/17/2014,11-November,2-Monday,07:26,0700 Hours,District 5 (Southeast),OTTUMWA,WAPELLO,,W MAIN ST & PACKARD AVE,Collision with:  Vehicle in traffic,On Roadway,Broadside (front to side),FTYROW:  From stop sign,None Indicated,,Daylight,Dry,Clear,None apparent,Unknown,Paved,,Property Damage Only,0,0,0,0,0,0,1800,2,2,,POINT (-92.418816466834 41.022387946566)
2014827676,2014-039730,11/17/2014,11-November,2-Monday,06:33,0600 Hours,District 6 (East Central),DUBUQUE,DUBUQUE,US 20,US 20/DODGE ST & DEVON DR,Collision with:  Vehicle in traffic,On Roadway,Rear-end (front to rear),Lost Control,None Indicated,,Dawn,Dry,Clear,None apparent,Non-intersection:  Non-junction/no special feature,Paved,,Property Damage Only,0,0,0,0,0,0,3300,2,2,,POINT (-90.701392701687 42.491423854206)
2014829111,2014064345,11/17/2014,11-November,2-Monday,13:00,1300 Hours,District 4 (Southwest),,ADAIR,I-80,I-80,Collision with:  Vehicle in traffic,On Roadway,"Sideswipe, same direction",Improper or erratic lane changing,None Indicated,,Daylight,Dry,Clear,None apparent,Non-intersection:  Non-junction/no special feature,Paved,,Property Damage Only,0,0,0,0,0,0,3000,2,2,,POINT (-94.668575443432 41.493171529149)
2014828904,2014-79790,11/17/2014,11-November,2-Monday,20:25,2000 Hours,District 6 (East Central),DAVENPORT,SCOTT,,E 53RD ST & UTICA RIDGE RD,Collision with:  Vehicle in traffic,On Roadway,"Sideswipe, same direction",Swerving/Evasive Action,None Indicated,,Dark - roadway lighted,Dry,Cloudy,None apparent,Intersection:  Four-way intersection,Paved,,Property Damage Only,0,0,0,0,0,0,6000,2,2,,POINT (-90.513401158464 41.574901751764)
2014827568,111714-57,11/17/2014,11-November,2-Monday,07:37,0700 Hours,District 3 (Northwest),,BUENA VISTA,,Co Rd C43/550TH ST,Non-collision events:  Overturn/rollover,On Roadway,Non-collision (single vehicle),Driving too fast for conditions,None Indicated,,Daylight,Ice/frost,Clear,"Surface condition (e.g., wet, icy)",Intersection:  Y-intersection,Paved,,Possible/Unknown,0,1,0,0,1,0,5000,1,1,,POINT (-95.202027220087 42.720016649254)
2014828092,14-38014,11/17/2014,11-November,2-Monday,13:55,1300 Hours,District 3 (Northwest),SIOUX CITY,WOODBURY,,4TH ST & NEBRASKA ST,Collision with:  Vehicle in traffic,On Roadway,Head-on (front to front),Unknown,None Indicated,,Daylight,Slush,Clear,None apparent,Intersection:  Four-way intersection,Paved,,Property Damage Only,0,0,0,0,0,0,4000,2,2,,POINT (-96.403450715577 42.494163940086)
2014827736,14-3686,11/17/2014,11-November,2-Monday,07:50,0700 Hours,District 1 (Central),FORT DODGE,WEBSTER,,ELMHURST AVE & COOPER DR,Collision with:  Vehicle in traffic,On Roadway,Broadside (front to side),Driving too fast for conditions,None Indicated,,Daylight,Snow,Clear,"Surface condition (e.g., wet, icy)",Intersection:  Four-way intersection,Paved,,Property Damage Only,0,0,0,0,0,0,4000,2,4,,POINT (-94.160304829169 42.517333177605)
2014830069,14-067,11/17/2014,11-November,2-Monday,13:48,1300 Hours,District 3 (Northwest),POMEROY,CALHOUN,,3RD ST & E 3RD ST & ONTARIO ST,Collision with:  Vehicle in traffic,On Roadway,Broadside (front to side),FTYROW:  From stop sign,None Indicated,,Daylight,Ice/frost,Clear,None apparent,Intersection:  Four-way intersection,Paved,,Possible/Unknown,0,2,0,0,0,2,11000,2,2,,POINT (-94.684056241114 42.54901560464)
2014827304,20140034188,11/17/2014,11-November,2-Monday,07:50,0700 Hours,District 1 (Central),DES MOINES,POLK,,INDIANOLA AVE,Collision with:  Vehicle in traffic,On Roadway,Rear-end (front to rear),Lost Control,None Indicated,,Daylight,Snow,Clear,None apparent,Non-intersection:  Non-junction/no special feature,Paved,,Possible/Unknown,0,1,0,0,1,0,3000,2,2,,POINT (-93.598302549319 41.554773815247)
2014829175,201417280,11/17/2014,11-November,2-Monday,18:28,1800 Hours,District 6 (East Central),CEDAR RAPIDS,LINN,,42ND ST NE,Collision with:  Vehicle in traffic,On Roadway,"Angle, oncoming left turn",Made improper turn,None Indicated,,Dark - roadway lighted,Dry,Clear,None apparent,Intersection:  Four-way intersection,Paved,,Minor Injury,0,1,0,1,0,0,15000,2,2,,POINT (-91.679229016103 42.021679200433)
2014828133,2014-79760,11/17/2014,11-November,2-Monday,16:07,1600 Hours,District 6 (East Central),DAVENPORT,SCOTT,,E 53RD ST & JERSEY RIDGE RD,Collision with:  Vehicle in traffic,On Roadway,Rear-end (front to rear),Followed too close,None Indicated,,Daylight,Dry,Cloudy,None apparent,Intersection:  Four-way intersection,Paved,,Property Damage Only,0,0,0,0,0,0,1550,2,2,,POINT (-90.541592443028 41.574751809273)
2014828883,2014-5688,11/17/2014,11-November,2-Monday,08:03,0800 Hours,District 4 (Southwest),WAUKEE,DALLAS,US 6,US 6/HICKMAN AVE & BERKSHIRE PKWY & SE WACO PL,Collision with:  Vehicle in traffic,On Roadway,Broadside (front to side),Ran Stop Sign,None Indicated,,Daylight,Dry,Clear,None apparent,Intersection:  Four-way intersection,Paved,,Property Damage Only,0,0,0,0,0,0,3200,2,2,,POINT (-93.845402621409 41.614984969925)
2014827822,14HPD0122,11/17/2014,11-November,2-Monday,08:30,0800 Hours,District 3 (Northwest),HAWARDEN,SIOUX,,15TH ST & AVE M,Collision with:  Vehicle in traffic,On Roadway,Broadside (front to side),FTYROW:  At uncontrolled intersection,None Indicated,,Daylight,Snow,Clear,None apparent,Intersection:  Four-way intersection,Paved,,Property Damage Only,0,0,0,0,0,0,4000,2,2,,POINT (-96.478488886144 43.002885880333)
2014829173,201417277,11/17/2014,11-November,2-Monday,16:20,1600 Hours,District 6 (East Central),CEDAR RAPIDS,LINN,IA 922,IA 922/1ST AVE W & 7TH ST SW,Non-collision events:  Other non-collision (explain in narrative),On Roadway,Rear-end (front to rear),Other (explain in narrative):  Vision obstructed,None Indicated,,Daylight,Dry,Clear,None apparent,Non-intersection:  Non-junction/no special feature,Paved,,Property Damage Only,0,0,0,0,0,0,7000,2,2,,POINT (-91.680712934924 41.973836169441)