Iowa DOT Case Number,Law Enforcement Case Number,Date of Crash,Month of Crash,Day of Week,Time of Crash,Hour,DOT District,City Name,County Name,Route with System,Location Description,First Harmful Event,Location of First Harmful Event,Manner of Crash/Collision,Major Cause,Drug or Alcohol ,Environmental Conditions,Light Conditions,Surface Conditions,Weather Conditions,Roadway Contribution,Roadway Type,Roadway Surface,Work Zone,Crash Severity,Number of Fatalities,Number of Injuries,Number of Major Injuries,Number of Minor Injuries,Number of Possible Injuries,Number of Unknown Injuries,Amount of Property Damage,Number of Vehicles Involved,Total Number of Occupants,Travel Direction,Location
2014828095,14-38038,11/17/2014,11-November,2-Monday,18:43,1800 Hours,District 3 (Northwest),SIOUX CITY,WOODBURY,I-29,I-29,Collision with:  Vehicle in traffic,On Roadway,Rear-end (front to rear),Lost Control,None Indicated,,Dark - roadway lighted,Dry,Clear,None apparent,Interchange-related:  On-ramp merge area,Paved,,Property Damage Only,0,0,0,0,0,0,7000,2,2,,POINT (-96.416838149681 42.491991255388)
2014839042,14026883,11/17/2014,11-November,2-Monday,08:00,0800 Hours,District 5 (Southeast),,MAHASKA,US 63,US 63,Collision with:  Vehicle in traffic,On Roadway,"Sideswipe, same direction",Ran off road - right,None Indicated,,Daylight,Dry,Clear,Non-highway work,Non-intersection:  Non-junction/no special feature,Paved,,Possible/Unknown,0,2,0,0,2,0,10000,2,2,,POINT (-92.640698043043 41.235630044959)
2014828179,14-22393,11/17/2014,11-November,2-Monday,12:46,1200 Hours,District 2 (Northeast),,BREMER,,GRAND AVE & 240TH ST,Collision with fixed object:  Ditch,On Roadway,Non-collision (single vehicle),Driving too fast for conditions,None Indicated,,Daylight,Ice/frost,Cloudy,"Surface condition (e.g., wet, icy)",Intersection:  T-intersection,Unpaved,,Minor Injury,0,1,0,1,0,0,3000,1,1,,POINT (-92.42573804148 42.700377944273)
2014827311,20140034190,11/17/2014,11-November,2-Monday,07:44,0700 Hours,District 1 (Central),DES MOINES,POLK,,E FULTON DR & INDIANOLA AVE,Collision with:  Vehicle in traffic,On Roadway,Rear-end (front to rear),Followed too close,None Indicated,,Daylight,Dry,Clear,None apparent,Intersection:  Four-way intersection,Paved,,Property Damage Only,0,0,0,0,0,0,1700,2,2,,POINT (-93.612957307066 41.568865104492)
2014835396,14-0000822,11/17/2014,11-November,2-Monday,13:50,1300 Hours,District 2 (Northeast),ELKADER,CLAYTON,,MAIN ST NW,Collision with:  Parked motor vehicle,On Roadway,Broadside (front to side),Crossed centerline (undivided),None Indicated,,Daylight,Ice/frost,Snow,"Surface condition (e.g., wet, icy)",Non-intersection:  Other non-intersection (explain in narrative),Paved,,Property Damage Only,0,0,0,0,0,0,7000,3,1,,POINT (-91.406234458762 42.856207447756)
2014827312,20140034194,11/17/2014,11-November,2-Monday,08:17,0800 Hours,District 1 (Central),DES MOINES,POLK,,2ND AVE,Collision with:  Vehicle in traffic,On Roadway,Rear-end (front to rear),Followed too close,None Indicated,,Daylight,Dry,Clear,None apparent,Intersection:  T-intersection,Paved,,Possible/Unknown,0,1,0,0,1,0,1800,2,6,,POINT (-93.619871046111 41.615809832165)
2014829439,14-270,11/17/2014,11-November,2-Monday,16:26,1600 Hours,District 4 (Southwest),,RINGGOLD,IA 25,IA 25/IOWA 25,Collision with:  Vehicle in traffic,On Roadway,Broadside (front to side),FTYROW:  From stop sign,None Indicated,,Daylight,Snow,Clear,"Surface condition (e.g., wet, icy)",Intersection:  Four-way intersection,Paved,,Property Damage Only,0,0,0,0,0,0,2000,2,2,,POINT (-94.47079107494 40.899203562317)
2014827222,W14-113621,11/17/2014,11-November,2-Monday,09:08,0900 Hours,District 2 (Northeast),WATERLOO,BLACK HAWK,,FALLS AVE & ANSBOROUGH AVE,Collision with:  Vehicle in traffic,On Roadway,Broadside (front to side),Driving too fast for conditions,None Indicated,,Daylight,Ice/frost,Clear,None apparent,Intersection:  Four-way intersection,Paved,,Property Damage Only,0,0,0,0,0,0,4500,2,2,,POINT (-92.376848448797 42.500052293024)
2014828088,14-37992,11/17/2014,11-November,2-Monday,11:19,1100 Hours,District 3 (Northwest),SIOUX CITY,WOODBURY,,6TH ST & NEBRASKA ST,Collision with:  Vehicle in traffic,On Roadway,"Angle, oncoming left turn",Made improper turn,None Indicated,,Daylight,Wet,Cloudy,None apparent,Intersection:  Four-way intersection,Paved,,Minor Injury,0,3,0,1,2,0,3000,2,5,,POINT (-96.403472127326 42.496351392254)
2014830081,14218,11/17/2014,11-November,2-Monday,15:28,1500 Hours,District 5 (Southeast),PELLA,MARION,,ROOSEVELT RD & SE 16TH ST,Collision with fixed object:  Other fixed object (explain in narrative),On Roadway,Non-collision (single vehicle),Ran off road - right,None Indicated,,Daylight,Ice/frost,Cloudy,None apparent,Non-intersection:  Non-junction/no special feature,Paved,,Property Damage Only,0,0,0,0,0,0,11000,1,1,,POINT (-92.895959039186 41.391689348583)
2014828035,W14-113618,11/17/2014,11-November,2-Monday,08:40,0800 Hours,District 2 (Northeast),WATERLOO,BLACK HAWK,,SOUTH ST,Collision with:  Vehicle in traffic,On Roadway,Rear-end (front to rear),Other (explain in narrative):  No improper action,None Indicated,,Daylight,Ice/frost,Clear,None apparent,Non-intersection:  Non-junction/no special feature,Paved,,Property Damage Only,0,0,0,0,0,0,3500,2,2,,POINT (-92.347513013563 42.494656641626)
2014828154,14-048624,11/17/2014,11-November,2-Monday,14:08,1400 Hours,District 4 (Southwest),COUNCIL BLUFFS,POTTAWATTAMIE,,2ND AVE & S 23RD ST,Collision with:  Vehicle in traffic,On Roadway,Broadside (front to side),FTYROW:  From stop sign,None Indicated,,Daylight,Dry,Clear,None apparent,Intersection:  Four-way intersection,Paved,,Property Damage Only,0,0,0,0,0,0,3600,2,2,,POINT (-95.878397536022 41.259797520324)
2014835009,2014064358,11/17/2014,11-November,2-Monday,13:40,1300 Hours,District 6 (East Central),ELDRIDGE,SCOTT,US 61,US 61/SE RAMP,Collision with fixed object:  Traffic sign support,Outside trafficway,Non-collision (single vehicle),Ran off road - right,None Indicated,,Daylight,Dry,Cloudy,None apparent,"Interchange-related:  Off-ramp, diverge area",Paved,,Property Damage Only,0,0,0,0,0,0,2600,1,1,,POINT (-90.565932313191 41.62186867152)
2014829539,2014064263,11/17/2014,11-November,2-Monday,05:53,0500 Hours,District 3 (Northwest),SIOUX CITY,WOODBURY,US 75,US 75,Collision with:  Animal,,,Animal,None Indicated,,,,,,,Paved,,Property Damage Only,0,0,0,0,0,0,5000,1,1,,POINT (-96.319677330265 42.497605366605)
2014829417,2014064336,11/17/2014,11-November,2-Monday,11:15,1100 Hours,District 6 (East Central),,JOHNSON,IA 1,IA 1/IOWA 1,Collision with:  Vehicle in traffic,On Roadway,Rear-end (front to rear),Followed too close,None Indicated,,Daylight,Dry,Clear,None apparent,Non-intersection:  Non-junction/no special feature,Paved,,Property Damage Only,0,0,0,0,0,0,1500,2,2,,POINT (-91.664348721685 41.605650341295)
2014829519,SA1409741,11/17/2014,11-November,2-Monday,04:59,0400 Hours,District 5 (Southeast),CRAWFORDSVILLE,WASHINGTON,US 218,US 218,,On Roadway,Non-collision (single vehicle),Crossed centerline (undivided),None Indicated,,Dark - roadway not lighted,Dry,Clear,Work Zone (roadway-related),Non-intersection:  Non-junction/no special feature,Paved,Yes,Property Damage Only,0,0,0,0,0,0,5000,1,1,,POINT (-91.53526500867 41.181349785955)
2014828401,2014064416,11/17/2014,11-November,2-Monday,16:03,1600 Hours,District 3 (Northwest),,SIOUX,US 18,US 18/320TH ST & LARCH AVE,Collision with:  Vehicle in traffic,On Roadway,Broadside (front to side),FTYROW:  From stop sign,None Indicated,,Daylight,Dry,Clear,None apparent,Intersection:  Four-way intersection,Paved,,Property Damage Only,0,0,0,0,0,0,6000,2,22,,POINT (-95.941307776943 43.186137125244)
2014827302,14-7605,11/17/2014,11-November,2-Monday,07:55,0700 Hours,District 1 (Central),,POLK,US 65,US 65,Collision with:  Vehicle in traffic,On Roadway,"Sideswipe, same direction",Swerving/Evasive Action,None Indicated,,Daylight,Dry,Clear,None apparent,Non-intersection:  Other non-intersection (explain in narrative),Paved,,Property Damage Only,0,0,0,0,0,0,15000,2,2,,POINT (-93.51284408814 41.647790266884)
2014829665,14010305,11/17/2014,11-November,2-Monday,15:30,1500 Hours,District 6 (East Central),,BUCHANAN,,CENTRAL AVE & 190TH ST,Collision with fixed object:  Ditch,Roadside,Non-collision (single vehicle),Ran Stop Sign,None Indicated,,Daylight,Snow,"Blowing sand, soil, dirt","Surface condition (e.g., wet, icy)",Intersection:  T-intersection,Unpaved,,Possible/Unknown,0,1,0,0,1,0,1600,1,1,,POINT (-92.033369725956 42.511538759732)
2014828125,2014-039743,11/17/2014,11-November,2-Monday,13:21,1300 Hours,District 6 (East Central),DUBUQUE,DUBUQUE,US 52,US 52/CENTRAL AVE & AQUIN ST,Collision with:  Vehicle in traffic,On Roadway,Rear-end (front to rear),Lost Control,None Indicated,,Daylight,Dry,Cloudy,None apparent,Non-intersection:  Non-junction/no special feature,Paved,,Possible/Unknown,0,1,0,0,1,0,1100,2,2,,POINT (-90.686268452505 42.532309209763)
2014828921,2014064435,11/17/2014,11-November,2-Monday,18:29,1800 Hours,District 6 (East Central),FAIRBANK,BUCHANAN,,VANDAELE ST & WALNUT ST,Collision with:  Animal,On Roadway,Non-collision (single vehicle),Animal,None Indicated,,Dark - roadway lighted,Dry,Clear,None apparent,Non-intersection:  Non-junction/no special feature,Paved,,Property Damage Only,0,0,0,0,0,0,1800,1,1,,POINT (-92.057218837114 42.635096960113)
2014828473,14-005452,11/17/2014,11-November,2-Monday,12:30,1200 Hours,District 1 (Central),AMES,STORY,,HUNT ST,Collision with:  Vehicle in traffic,On Roadway,Broadside (front to side),FTYROW:  From parked position,None Indicated,,Daylight,Snow,Clear,"Surface condition (e.g., wet, icy)",Non-intersection:  Non-junction/no special feature,Paved,,Property Damage Only,0,0,0,0,0,0,2400,2,2,,POINT (-93.65039292973 42.020293690154)
2014828041,14174279,11/17/2014,11-November,2-Monday,05:50,0500 Hours,District 6 (East Central),,JOHNSON,I-380,I-380,Collision with fixed object:  Guardrail - face,On Roadway,Non-collision (single vehicle),Swerving/Evasive Action,None Indicated,,Dark - roadway not lighted,Dry,Clear,None apparent,Non-intersection:  Non-junction/no special feature,Paved,,Possible/Unknown,0,1,0,0,1,0,11500,1,1,,POINT (-91.646621722949 41.778284599101)
2014828126,2014-039745,11/17/2014,11-November,2-Monday,14:44,1400 Hours,District 6 (East Central),DUBUQUE,DUBUQUE,IA 32,IA 32/IA32 NW ARTERIAL & PENNSYLVANIA AVE,Collision with:  Vehicle in traffic,On Roadway,Rear-end (front to rear),Lost Control,None Indicated,,Daylight,Dry,Snow,None apparent,Non-intersection:  Non-junction/no special feature,Paved,,Possible/Unknown,0,1,0,0,1,0,2000,2,2,,POINT (-90.740752968148 42.500969022354)
2014827313,20140034203,11/17/2014,11-November,2-Monday,09:42,0900 Hours,District 1 (Central),DES MOINES,POLK,,E PORTER AVE,Collision with:  Vehicle in traffic,On Roadway,Rear-end (front to rear),Driving too fast for conditions,None Indicated,,Daylight,Ice/frost,Clear,None apparent,Non-intersection:  Non-junction/no special feature,Paved,,Property Damage Only,0,0,0,0,0,0,3500,2,1,,POINT (-93.573825515014 41.534145683284)
2014828402,2014064447,11/17/2014,11-November,2-Monday,20:25,2000 Hours,District 3 (Northwest),,SIOUX,US 18,US 18/310TH ST,Collision with:  Animal,,Non-collision (single vehicle),Animal,None Indicated,,,,,,,Paved,,Property Damage Only,0,0,0,0,0,0,1750,1,1,,POINT (-96.200604259857 43.20022169539)
2014831862,1411171759,11/17/2014,11-November,2-Monday,17:59,1700 Hours,District 6 (East Central),,JONES,IA 38,IA 38/IOWA 38,Collision with:  Animal,,,Animal,None Indicated,,,,,,,Paved,,Property Damage Only,0,0,0,0,0,0,3500,1,1,,POINT (-91.097393772104 42.09043751209)
2014828155,14-048674,11/17/2014,11-November,2-Monday,21:00,2100 Hours,District 4 (Southwest),COUNCIL BLUFFS,POTTAWATTAMIE,,32ND AVE & S 7TH ST,Collision with:  Vehicle in traffic,On Roadway,"Angle, oncoming left turn",Made improper turn,None Indicated,,Dark - roadway lighted,Snow,Clear,None apparent,Non-intersection:  Non-junction/no special feature,Paved,,Property Damage Only,0,0,0,0,0,0,2000,2,3,,POINT (-95.852746157344 41.228220663905)
2014850896,14-009294,11/17/2014,11-November,2-Monday,08:07,0800 Hours,District 5 (Southeast),WAPELLO,LOUISA,,MERCHANT ST & N CEDAR ST,Collision with:  Vehicle in traffic,On Roadway,"Angle, oncoming left turn",Other (explain in narrative):  Vision obstructed,None Indicated,,Daylight,Ice/frost,Cloudy,"Surface condition (e.g., wet, icy)",Non-intersection:  Non-junction/no special feature,Paved,,Property Damage Only,0,0,0,0,0,0,2300,2,2,,POINT (-91.19091941652 41.183543414041)
2014828903,2014-79647,11/17/2014,11-November,2-Monday,07:39,0700 Hours,District 6 (East Central),DAVENPORT,SCOTT,,W LOCUST ST,Collision with:  Vehicle in traffic,On Roadway,Rear-end (front to rear),Followed too close,None Indicated,,Daylight,Dry,Clear,None apparent,Non-intersection:  Non-junction/no special feature,Paved,,Possible/Unknown,0,1,0,0,1,0,1500,2,2,,POINT (-90.601437901312 41.538234678773)
2014828068,20140034257,11/17/2014,11-November,2-Monday,17:58,1700 Hours,District 1 (Central),DES MOINES,POLK,I-235,I-235 & CENTER ST & 42ND ST,Collision with:  Vehicle in traffic,On Roadway,"Angle, oncoming left turn",FTYROW:  Making left turn,None Indicated,,Dark - roadway lighted,Dry,Cloudy,None apparent,Intersection:  Four-way intersection,Paved,,Property Damage Only,0,0,0,0,0,0,2100,2,2,,POINT (-93.6743892952 41.591795939703)
2014828207,14-0656,11/17/2014,11-November,2-Monday,18:35,1800 Hours,District 1 (Central),,WEBSTER,,Co Rd P61/PARAGON AVE,Collision with:  Animal,,Non-collision (single vehicle),Animal,None Indicated,,,,,,,Paved,,Property Damage Only,0,0,0,0,0,0,7000,1,1,,POINT (-94.10644875262 42.318242085016)
2014827551,14-41109,11/17/2014,11-November,2-Monday,01:51,0100 Hours,District 5 (Southeast),BURLINGTON,DES MOINES,,DIVISION ST & ADAMS ST,Collision with:  Vehicle in traffic,On Roadway,Broadside (front to side),Ran Stop Sign,Alcohol (Statutory),,Dark - roadway lighted,Dry,Cloudy,None apparent,Intersection:  Four-way intersection,Paved,,Property Damage Only,0,0,0,0,0,0,5000,2,2,,POINT (-91.121419657382 40.807688791763)
2014828570,201400004234,11/17/2014,11-November,2-Monday,22:30,2200 Hours,District 6 (East Central),,LINN,US 151,US 151,Collision with fixed object:  Ditch,Roadside,Non-collision (single vehicle),Swerving/Evasive Action,None Indicated,,Dark - roadway not lighted,Snow,"Blowing sand, soil, dirt","Surface condition (e.g., wet, icy)",Non-intersection:  Non-junction/no special feature,Paved,,Property Damage Only,0,0,0,0,0,0,5000,1,1,,POINT (-91.552970517256 41.965298881816)
2014827735,14-3685,11/17/2014,11-November,2-Monday,06:43,0600 Hours,District 1 (Central),FORT DODGE,WEBSTER,,10TH AVE N,Collision with:  Vehicle in traffic,On Roadway,Rear-end (front to rear),Other (explain in narrative):  Other,None Indicated,,Dawn,Ice/frost,Clear,"Surface condition (e.g., wet, icy)",Non-intersection:  Non-junction/no special feature,Paved,,Property Damage Only,0,0,0,0,0,0,2200,2,2,,POINT (-94.163146363704 42.515638316345)
2014828053,14-1728,11/17/2014,11-November,2-Monday,17:47,1700 Hours,District 1 (Central),,POLK,IA 415,IA 415/2ND AVE,Collision with:  Animal,,,Animal,None Indicated,,,,,,,Paved,,Property Damage Only,0,0,0,0,0,0,1500,1,1,,POINT (-93.61987404855 41.682516821778)
2014828536,2014-013863,11/17/2014,11-November,2-Monday,17:33,1700 Hours,District 6 (East Central),WORTHINGTON,DUBUQUE,IA 136,IA 136/IOWA 136,Collision with:  Animal,,,Animal,None Indicated,,,,,,,Paved,,Property Damage Only,0,0,0,0,0,0,4500,1,1,,POINT (-91.081456813492 42.3433349077)
2014829207,,11/17/2014,11-November,2-Monday,08:19,0800 Hours,District 2 (Northeast),,BUTLER,,Co Rd C51/270 ST,Collision with fixed object:  Other fixed object (explain in narrative),On Roadway,Non-collision (single vehicle),Swerving/Evasive Action,None Indicated,,Daylight,Snow,"Blowing sand, soil, dirt","Surface condition (e.g., wet, icy)",Non-intersection:  Non-junction/no special feature,Paved,,Property Damage Only,0,0,0,0,0,0,8000,1,1,,POINT (-92.79531547432 42.6570028868)
2014829327,14-38417,11/17/2014,11-November,2-Monday,02:00,0200 Hours,District 3 (Northwest),SIOUX CITY,WOODBURY,,2ND ST,Collision with:  Vehicle in traffic,On Roadway,Head-on (front to front),Unknown,None Indicated,,Dark - roadway not lighted,Unknown,Unknown,Unknown,Non-intersection:  Non-junction/no special feature,Paved,,Possible/Unknown,0,1,0,0,0,1,5500,2,777,,POINT (-96.365914984276 42.49214016897)
2014828127,2014-039754,11/17/2014,11-November,2-Monday,17:15,1700 Hours,District 6 (East Central),DUBUQUE,DUBUQUE,,PLAZA DR,Collision with:  Vehicle in traffic,On Roadway,Broadside (front to side),Ran Stop Sign,None Indicated,,Dark - roadway not lighted,Wet,Clear,None apparent,Intersection:  Four-way intersection,Paved,,Property Damage Only,0,0,0,0,0,0,3000,2,2,,POINT (-90.73929643247 42.522129621484)
2014829231,,11/17/2014,11-November,2-Monday,08:15,0800 Hours,District 2 (Northeast),,BLACK HAWK,IA 57,IA 57/IOWA 57 & JEPSEN RD,Collision with:  Vehicle in traffic,On Roadway,Rear-end (front to rear),Driving too fast for conditions,None Indicated,,Daylight,Snow,Clear,"Surface condition (e.g., wet, icy)",Non-intersection:  Non-junction/no special feature,Paved,,Property Damage Only,0,0,0,0,0,0,4800,2,19,,POINT (-92.524556538821 42.542376134178)
2014829174,201417279,11/17/2014,11-November,2-Monday,17:16,1700 Hours,District 6 (East Central),CEDAR RAPIDS,LINN,,OAKLAND RD NE,Collision with:  Vehicle in traffic,On Roadway,Rear-end (front to rear),Followed too close,None Indicated,,Dark - roadway lighted,Dry,Cloudy,None apparent,Intersection:  Four-way intersection,Paved,,Possible/Unknown,0,2,0,0,2,0,4000,2,3,,POINT (-91.65875737905 42.00954434897)
2014828805,14020093,11/17/2014,11-November,2-Monday,15:10,1500 Hours,District 2 (Northeast),MASON CITY,CERRO GORDO,US 65,US 65/5TH ST NE,Collision with:  Vehicle in traffic,On Roadway,"Sideswipe, same direction",Lost Control,None Indicated,,Daylight,Ice/frost,Snow,None apparent,Non-intersection:  Non-junction/no special feature,Paved,,Property Damage Only,0,0,0,0,0,0,2100,2,2,,POINT (-93.200033659397 43.156405348589)
2014828826,201400056069,11/17/2014,11-November,2-Monday,00:45,0000 Hours,District 5 (Southeast),OTTUMWA,WAPELLO,,W FINLEY AVE,Non-collision events:  Other non-collision (explain in narrative),Shoulder,Non-collision (single vehicle),Driving too fast for conditions,None Indicated,,Dark - roadway lighted,Other (explain in narrative),Clear,None apparent,Intersection:  Four-way intersection,Paved,,Property Damage Only,0,0,0,0,0,0,12000,1,1,,POINT (-92.424856247224 41.002167908532)
2014828093,14-38016,11/17/2014,11-November,2-Monday,14:58,1400 Hours,District 3 (Northwest),SIOUX CITY,WOODBURY,,7TH ST & COURT ST,Collision with:  Vehicle in traffic,On Roadway,Broadside (front to side),Ran Stop Sign,None Indicated,,Daylight,Dry,Clear,None apparent,Intersection:  Four-way intersection,Paved,,Property Damage Only,0,0,0,0,0,0,2100,2,4,,POINT (-96.39645733383 42.497586246509)
2014829469,14-004999,11/17/2014,11-November,2-Monday,16:30,1600 Hours,District 1 (Central),ANKENY,POLK,,SW TWIN GATES DR,Collision with:  Parked motor vehicle,On Roadway,"Sideswipe, same direction",Lost Control,None Indicated,,Daylight,Ice/frost,Clear,"Surface condition (e.g., wet, icy)",Non-intersection:  Non-junction/no special feature,Paved,,Property Damage Only,0,0,0,0,0,0,5500,2,1,,POINT (-93.614126305631 41.69720222321)
2014828042,14174594,11/17/2014,11-November,2-Monday,19:18,1900 Hours,District 6 (East Central),,JOHNSON,US 6,US 6,Collision with:  Animal,,,Animal,None Indicated,,,,,,,Paved,,Property Damage Only,0,0,0,0,0,0,6000,1,1,,POINT (-91.794736926788 41.742681993532)
2014828603,2014064428,11/17/2014,11-November,2-Monday,17:38,1700 Hours,District 2 (Northeast),,CERRO GORDO,I-35,I-35,Non-collision events:  Jackknife,Median,Non-collision (single vehicle),Ran off road - left,None Indicated,,Dark - roadway not lighted,Snow,"Blowing sand, soil, dirt","Surface condition (e.g., wet, icy)",Non-intersection:  Non-junction/no special feature,Paved,,Property Damage Only,0,0,0,0,0,0,8000,1,1,,POINT (-93.348835136856 43.214246384879)
2014828146,PD14-11625,11/17/2014,11-November,2-Monday,14:45,1400 Hours,District 1 (Central),MARSHALLTOWN,MARSHALL,,W STATE ST & N 19TH ST,Collision with:  Vehicle in traffic,On Roadway,Broadside (front to side),Driving too fast for conditions,None Indicated,,Daylight,Ice/frost,Clear,None apparent,Intersection:  Four-way intersection,Paved,,Property Damage Only,0,0,0,0,0,0,2000,2,3,,POINT (-92.945101303883 42.050259845458)
2014831256,,11/17/2014,11-November,2-Monday,13:40,1300 Hours,District 3 (Northwest),ARNOLDS PARK,DICKINSON,,,Collision with:  Vehicle in traffic,On Roadway,"Sideswipe, opposite direction","Operating vehicle in an reckless, erratic, careless, negligent manner",None Indicated,,Daylight,Slush,"Blowing sand, soil, dirt","Surface condition (e.g., wet, icy)",Non-intersection:  Non-junction/no special feature,,,Property Damage Only,0,0,0,0,0,0,8000,2,2,,POINT (-96.643700149993 40.233091251414)
2014827898,14-048591,11/17/2014,11-November,2-Monday,09:25,0900 Hours,District 4 (Southwest),COUNCIL BLUFFS,POTTAWATTAMIE,,S 25TH ST,Collision with:  Vehicle in traffic,On Roadway,Rear-end (front to rear),Lost Control,None Indicated,,Daylight,Dry,Clear,None apparent,Non-intersection:  Non-junction/no special feature,Paved,,Possible/Unknown,0,1,0,0,1,0,250,2,2,,POINT (-95.881865740846 41.261854196252)
2014827305,20140034204,11/17/2014,11-November,2-Monday,09:50,0900 Hours,District 1 (Central),DES MOINES,POLK,,E 13TH ST,Collision with fixed object:  Utility pole/light support,Outside trafficway,Non-collision (single vehicle),Ran off road - left,None Indicated,,Daylight,Ice/frost,Clear,"Surface condition (e.g., wet, icy)",Non-intersection:  Non-junction/no special feature,Paved,,Property Damage Only,0,0,0,0,0,0,2500,1,1,,POINT (-93.603370393041 41.601972455087)
2014828721,W14-113746,11/17/2014,11-November,2-Monday,16:15,1600 Hours,District 2 (Northeast),WATERLOO,BLACK HAWK,IA 934,IA 934/UNIVERSITY AVE & MIDWAY DR,Collision with:  Vehicle in traffic,On Roadway,Broadside (front to side),Unknown,None Indicated,,Daylight,Dry,Cloudy,None apparent,Intersection:  Four-way intersection,Paved,,Property Damage Only,0,0,0,0,0,0,25500,3,3,,POINT (-92.40636927176 42.505684553237)
2014828097,14-38055,11/17/2014,11-November,2-Monday,21:53,2100 Hours,District 3 (Northwest),SIOUX CITY,WOODBURY,IA 12,IA 12/RIVERSIDE BLVD/SIOUX RIVER RD & MILITARY RD,Collision with:  Vehicle in traffic,On Roadway,Rear-end (front to rear),Followed too close,None Indicated,,Dark - roadway lighted,Dry,Clear,None apparent,Intersection:  Four-way intersection,Paved,,Possible/Unknown,0,1,0,0,1,0,7000,2,6,,POINT (-96.475692112773 42.520996513029)
2014828388,148881,11/17/2014,11-November,2-Monday,15:28,1500 Hours,District 4 (Southwest),,DALLAS,,IDAHO CT,Collision with:  Vehicle in traffic,On Roadway,"Angle, oncoming left turn",Driving too fast for conditions,None Indicated,,Daylight,Snow,Cloudy,"Surface condition (e.g., wet, icy)",Non-intersection:  Non-junction/no special feature,Unpaved,,Property Damage Only,0,0,0,0,0,0,3500,2,2,,POINT (-94.124319643565 41.840028486847)
2014829950,2014-79630,11/17/2014,11-November,2-Monday,04:04,0400 Hours,District 6 (East Central),DAVENPORT,SCOTT,,W 14TH ST,Collision with:  Parked motor vehicle,On Roadway,Rear-end (front to rear),Lost Control,None Indicated,,Dark - roadway lighted,Snow,Clear,"Surface condition (e.g., wet, icy)",Non-intersection:  Non-junction/no special feature,Paved,,Property Damage Only,0,0,0,0,0,0,5000,2,1,,POINT (-90.579226040479 41.534049330159)
2014828138,2014012881,11/17/2014,11-November,2-Monday,17:21,1700 Hours,District 6 (East Central),IOWA CITY,JOHNSON,,HICKORY TRL & N 1ST AVE,Collision with:  Animal,,Non-collision (single vehicle),Animal,None Indicated,,,,,,,Paved,,Property Damage Only,0,0,0,0,0,0,2500,1,1,,POINT (-91.500946877247 41.671583304213)
2014828096,14-38042,11/17/2014,11-November,2-Monday,19:27,1900 Hours,District 3 (Northwest),SIOUX CITY,WOODBURY,IA 376,IA 376/LEWIS BLVD & OUTER DR N,Collision with:  Vehicle in traffic,On Roadway,Rear-end (front to rear),Followed too close,None Indicated,,Dark - roadway lighted,Dry,Clear,None apparent,Intersection:  Four-way intersection,Paved,,Property Damage Only,0,0,0,0,0,0,2000,2,2,,POINT (-96.361331559722 42.52986862369)
2014828227,C14003683,11/17/2014,11-November,2-Monday,17:35,1700 Hours,District 6 (East Central),CORALVILLE,JOHNSON,,CORAL RIDGE AVE,Collision with:  Vehicle in traffic,On Roadway,Rear-end (front to rear),Other (explain in narrative):  No improper action,None Indicated,,Dark - roadway lighted,Dry,Cloudy,None apparent,Non-intersection:  Non-junction/no special feature,Paved,,Possible/Unknown,0,1,0,0,1,0,11000,3,3,,POINT (-91.608432133914 41.69743383679)
2014831477,2014064255,11/17/2014,11-November,2-Monday,01:45,0100 Hours,District 1 (Central),ALTOONA,POLK,I-80,I-80,Non-collision events:  Overturn/rollover,Shoulder,Non-collision (single vehicle),Ran off road - right,None Indicated,,Dark - roadway not lighted,Dry,Clear,Work Zone (roadway-related),Non-intersection:  Non-junction/no special feature,Paved,Yes,Property Damage Only,0,0,0,0,0,0,12000,1,1,,POINT (-93.489652793344 41.661726414922)
2014828140,S14-006837,11/17/2014,11-November,2-Monday,08:34,0800 Hours,District 3 (Northwest),,OBRIEN,,Co Rd B24/360TH ST & MAIN BLVD E,Non-collision events:  Overturn/rollover,Outside trafficway,Non-collision (single vehicle),Swerving/Evasive Action,None Indicated,,Daylight,Ice/frost,Clear,"Surface condition (e.g., wet, icy)",Intersection:  Four-way intersection,Paved,,Minor Injury,0,1,0,1,0,0,7500,1,1,,POINT (-95.388360206474 43.127522489009)
2014828638,14-22457,11/17/2014,11-November,2-Monday,14:16,1400 Hours,District 6 (East Central),BETTENDORF,SCOTT,US 67,US 67/RIVER DR/S GRANT ST & 6TH ST,Collision with:  Vehicle in traffic,On Roadway,"Sideswipe, same direction",Lost Control,None Indicated,,Daylight,Dry,Cloudy,None apparent,Intersection:  T-intersection,Paved,,Property Damage Only,0,0,0,0,0,0,2200,2,3,,POINT (-90.524845946308 41.525514840914)
2014829505,14-1625,11/17/2014,11-November,2-Monday,08:50,0800 Hours,District 3 (Northwest),SPIRIT LAKE,DICKINSON,,LAKE ST & KEOKUK AVE,Collision with:  Vehicle in traffic,On Roadway,Broadside (front to side),Ran Stop Sign,None Indicated,,Daylight,Snow,Clear,None apparent,Intersection:  Four-way intersection,Paved,,Property Damage Only,0,0,0,0,0,0,9000,2,2,,POINT (-95.106255800621 43.42344477746)
2014828985,20140034235,11/17/2014,11-November,2-Monday,14:02,1400 Hours,District 1 (Central),DES MOINES,POLK,US 69,US 69/E 14TH ST & CLEVELAND AVE,Collision with:  Vehicle in traffic,On Roadway,Rear-end (front to rear),Driver Distraction:  Reaching for object(s)/fallen object(s),None Indicated,,Daylight,Dry,Cloudy,None apparent,Intersection:  Four-way intersection,Paved,,Property Damage Only,0,0,0,0,0,0,2000,2,2,,POINT (-93.600507223615 41.60508593362)