Iowa DOT Case Number,Law Enforcement Case Number,Date of Crash,Month of Crash,Day of Week,Time of Crash,Hour,DOT District,City Name,County Name,Route with System,Location Description,First Harmful Event,Location of First Harmful Event,Manner of Crash/Collision,Major Cause,Drug or Alcohol ,Environmental Conditions,Light Conditions,Surface Conditions,Weather Conditions,Roadway Contribution,Roadway Type,Roadway Surface,Work Zone,Crash Severity,Number of Fatalities,Number of Injuries,Number of Major Injuries,Number of Minor Injuries,Number of Possible Injuries,Number of Unknown Injuries,Amount of Property Damage,Number of Vehicles Involved,Total Number of Occupants,Travel Direction,Location
2014828679,14009927,11/17/2014,11-November,2-Monday,16:05,1600 Hours,District 6 (East Central),HOPKINTON,DELAWARE,IA 38,IA 38/THIRD ST SW & MARION ST SW,Collision with:  Vehicle in traffic,On Roadway,Broadside (front to side),FTYROW:  From stop sign,None Indicated,,Daylight,Snow,Cloudy,None apparent,Intersection:  Four-way intersection,Paved,,Property Damage Only,0,0,0,0,0,0,15500,2,4,,POINT (-91.251730399793 42.347157125983)
2014827314,20140034207,11/17/2014,11-November,2-Monday,09:55,0900 Hours,District 1 (Central),DES MOINES,POLK,,UNIVERSITY AVE & 2ND AVE,Collision with:  Vehicle in traffic,On Roadway,Broadside (front to side),Driver Distraction:  Manual operation of an electronic communication device,None Indicated,,Daylight,Dry,Cloudy,None apparent,Intersection:  Four-way intersection,Paved,,Minor Injury,0,1,0,1,0,0,4000,2,2,,POINT (-93.619746770592 41.60031808164)
2014828139,2014039739,11/17/2014,11-November,2-Monday,12:45,1200 Hours,District 6 (East Central),DUBUQUE,DUBUQUE,,E 14TH ST & ELM ST,Collision with:  Vehicle in traffic,On Roadway,Broadside (front to side),Ran Traffic Signal,None Indicated,,Daylight,Dry,Cloudy,None apparent,Intersection:  Four-way intersection,Paved,,Property Damage Only,0,0,0,0,0,0,8000,2,3,,POINT (-90.663790249747 42.507529904499)
2014832053,,11/17/2014,11-November,2-Monday,06:59,0600 Hours,District 2 (Northeast),,WINNESHIEK,,WHITETAIL RD & QUARRY HILL RD,Collision with fixed object:  Tree,Roadside,Non-collision (single vehicle),Ran off road - left,None Indicated,,Daylight,Ice/frost,Snow,"Surface condition (e.g., wet, icy)",Intersection:  T-intersection,Unpaved,,Property Damage Only,0,0,0,0,0,0,15000,1,1,,POINT (-91.771362098566 43.315991784812)
2014829015,1403130,11/17/2014,11-November,2-Monday,18:04,1800 Hours,District 5 (Southeast),BLOOMFIELD,DAVIS,,LOCUST ST & MADISON ST,Collision with:  Vehicle in traffic,On Roadway,Rear-end (front to rear),Driving too fast for conditions,None Indicated,,Dark - roadway not lighted,Ice/frost,Cloudy,"Surface condition (e.g., wet, icy)",Non-intersection:  Driveway access (within),Paved,,Possible/Unknown,0,2,0,0,2,0,6000,2,2,,POINT (-92.41508242231 40.752695174496)
2014828044,14002633,11/17/2014,11-November,2-Monday,21:45,2100 Hours,District 6 (East Central),IOWA CITY,JOHNSON,,HAWKINS DR,Collision with:  Vehicle in traffic,On Roadway,Broadside (front to side),Improper Backing,None Indicated,,Dark - roadway lighted,Dry,Clear,None apparent,Non-intersection:  Non-junction/no special feature,Paved,,Property Damage Only,0,0,0,0,0,0,3500,2,2,,POINT (-91.551826052961 41.660085528426)
2014828386,14-5828,11/17/2014,11-November,2-Monday,17:35,1700 Hours,District 1 (Central),WEST DES MOINES,POLK,,MILLS CIVIC PKWY,Collision with:  Vehicle in traffic,On Roadway,"Sideswipe, same direction",Ran Traffic Signal,None Indicated,,Dark - roadway lighted,Ice/frost,Cloudy,None apparent,Intersection:  Four-way intersection,Paved,,Property Damage Only,0,0,0,0,0,0,6000,2,2,,POINT (-93.772410163241 41.5591854688)
2014831369,14110406,11/17/2014,11-November,2-Monday,18:36,1800 Hours,District 5 (Southeast),OTTUMWA,WAPELLO,US 34,US 34,Collision with:  Animal,On Roadway,Rear-end (front to rear),Animal,None Indicated,,Dark - roadway not lighted,Dry,Cloudy,None apparent,Non-intersection:  Non-junction/no special feature,Paved,,Property Damage Only,0,0,0,0,0,0,3000,2,3,,POINT (-92.526674747509 41.009044794158)
2014828098,14-048660,11/17/2014,11-November,2-Monday,18:20,1800 Hours,District 4 (Southwest),COUNCIL BLUFFS,POTTAWATTAMIE,,RICHARD DOWNING BLVD,Collision with:  Animal,,,Animal,None Indicated,,,,,,,Paved,,Property Damage Only,0,0,0,0,0,0,4000,1,1,,POINT (-95.884912440418 41.225869529687)
2014827737,14-3687,11/17/2014,11-November,2-Monday,08:20,0800 Hours,District 1 (Central),FORT DODGE,WEBSTER,,MERIWEATHER DR,Collision with:  Vehicle in traffic,On Roadway,"Sideswipe, opposite direction",Lost Control,None Indicated,,Daylight,Ice/frost,Clear,"Surface condition (e.g., wet, icy)",Non-intersection:  Non-junction/no special feature,Paved,,Property Damage Only,0,0,0,0,0,0,5500,2,3,,POINT (-94.189558486698 42.498103251033)
2014828602,2014064384,11/17/2014,11-November,2-Monday,14:27,1400 Hours,District 6 (East Central),,DELAWARE,IA 13,IA 13/IOWA 13 & 110TH ST,Non-collision events:  Overturn/rollover,On Roadway,Non-collision (single vehicle),Ran off road - left,None Indicated,,Daylight,Ice/frost,Severe winds,None apparent,Intersection:  Four-way intersection,Paved,,Property Damage Only,0,0,0,0,0,0,5000,1,1,,POINT (-91.468449717615 42.629413378058)
2014828522,14-012117,11/17/2014,11-November,2-Monday,11:28,1100 Hours,District 5 (Southeast),CORYDON,WAYNE,IA 2,IA 2/IOWA 2 & Co Rd S34/140TH ST,Collision with:  Vehicle in traffic,On Roadway,Broadside (front to side),FTYROW:  From stop sign,None Indicated,,Daylight,Snow,Clear,"Surface condition (e.g., wet, icy)",Intersection:  Four-way intersection,Paved,,Possible/Unknown,0,1,0,0,1,0,12500,2,6,,POINT (-93.3075424623 40.755893637904)
2014828509,168-2014,11/17/2014,11-November,2-Monday,15:45,1500 Hours,District 4 (Southwest),,HARRISON,US 30,US 30,Collision with:  Animal,,Non-collision (single vehicle),Animal,None Indicated,,,,,,,Paved,,Property Damage Only,0,0,0,0,0,0,2500,1,777,,POINT (-95.871947289058 41.566627482821)
2014829241,W14-113705,11/17/2014,11-November,2-Monday,14:25,1400 Hours,District 2 (Northeast),WATERLOO,BLACK HAWK,,DAWSON ST & REED ST,Collision with:  Vehicle in traffic,On Roadway,Broadside (front to side),FTYROW:  From yield sign,None Indicated,,Daylight,Ice/frost,Clear,None apparent,Intersection:  Four-way intersection,Paved,,Property Damage Only,0,0,0,0,0,0,5500,2,2,,POINT (-92.340275626051 42.514013744551)
2014828134,2014-79762,11/17/2014,11-November,2-Monday,16:09,1600 Hours,District 6 (East Central),DAVENPORT,SCOTT,,IA 461/WELCOME WAY,Collision with:  Vehicle in traffic,On Roadway,"Sideswipe, same direction",Made improper turn,None Indicated,,Daylight,Dry,Cloudy,None apparent,Intersection:  Other intersection (explain in narrative),Paved,,Property Damage Only,0,0,0,0,0,0,7000,2,3,,POINT (-90.571683867258 41.574463987576)
2014829504,14-1624,11/17/2014,11-November,2-Monday,07:40,0700 Hours,District 3 (Northwest),SPIRIT LAKE,DICKINSON,,LAKE ST & GARY AVE,Collision with:  Vehicle in traffic,On Roadway,Broadside (front to side),Ran Stop Sign,None Indicated,,Daylight,Snow,Clear,None apparent,Intersection:  Four-way intersection,Paved,,Property Damage Only,0,0,0,0,0,0,5000,2,2,,POINT (-95.100734860931 43.423474341164)
2014829768,,11/17/2014,11-November,2-Monday,07:53,0700 Hours,District 2 (Northeast),TRIPOLI,BREMER,IA 93,IA 93/MAIN ST,Collision with:  Vehicle in traffic,On Roadway,"Sideswipe, opposite direction",FTYROW:  From driveway,None Indicated,,Daylight,Dry,Clear,None apparent,Non-intersection:  Driveway access (within),Paved,,Property Damage Only,0,0,0,0,0,0,2750,2,4,,POINT (-92.258133227964 42.805345772853)
2014828206,14-0655,11/17/2014,11-November,2-Monday,17:40,1700 Hours,District 1 (Central),,WEBSTER,US 169,US 169,Collision with:  Animal,,,Animal,None Indicated,,,,,,,Paved,,Property Damage Only,0,0,0,0,0,0,1500,1,1,,POINT (-94.227898236499 42.584720279394)
2014828864,14-004983,11/17/2014,11-November,2-Monday,08:11,0800 Hours,District 1 (Central),ANKENY,POLK,,NE 29TH ST & NE 110TH AVE & NE 36TH ST,Collision with:  Vehicle in traffic,On Roadway,"Angle, oncoming left turn",FTYROW:  From stop sign,None Indicated,,Daylight,Dry,Clear,None apparent,Intersection:  Four-way intersection,Paved,,Property Damage Only,0,0,0,0,0,0,3000,2,3,,POINT (-93.560694764733 41.760785845027)
2014829521,SO14002731,11/17/2014,11-November,2-Monday,13:52,1300 Hours,District 3 (Northwest),,PLYMOUTH,,220TH ST,Collision with:  Vehicle in traffic,On Roadway,Head-on (front to front),Unknown,None Indicated,,Daylight,Dry,Clear,None apparent,Non-intersection:  Non-junction/no special feature,Unpaved,,Possible/Unknown,0,1,0,0,1,0,11000,2,2,,POINT (-96.296041004238 42.735114090506)
2014828283,14-11696,11/17/2014,11-November,2-Monday,07:40,0700 Hours,District 3 (Northwest),CARROLL,CARROLL,US 30,US 30 & US 71,Collision with:  Vehicle in traffic,On Roadway,"Angle, oncoming left turn",Unknown,None Indicated,,Daylight,Dry,Clear,None apparent,Non-intersection:  Non-junction/no special feature,Paved,,Minor Injury,0,1,0,1,0,0,7200,3,3,,POINT (-94.878672297549 42.073045040576)
2014829170,201417247,11/17/2014,11-November,2-Monday,06:47,0600 Hours,District 6 (East Central),CEDAR RAPIDS,LINN,,EDGEWOOD RD SW & 20TH AVE SW,Collision with:  Vehicle in traffic,On Roadway,Rear-end (front to rear),Lost Control,None Indicated,,Dawn,Dry,Clear,None apparent,Non-intersection:  Non-junction/no special feature,Paved,,Property Damage Only,0,0,0,0,0,0,8000,2,2,,POINT (-91.716110409947 41.960124402028)
2014828562,14-30454,11/17/2014,11-November,2-Monday,05:31,0500 Hours,District 1 (Central),MONROE,JASPER,IA 163,IA 163/IOWA 163 W,Collision with:  Vehicle in traffic,On Roadway,Rear-end (front to rear),Followed too close,None Indicated,,Dark - roadway not lighted,Dry,Cloudy,None apparent,Non-intersection:  Non-junction/no special feature,Paved,,Possible/Unknown,0,1,0,0,1,0,25000,2,2,,POINT (-93.14603839168 41.557408563283)
2014836462,,11/17/2014,11-November,2-Monday,12:46,1200 Hours,District 2 (Northeast),GARNER,HANCOCK,,W CARDINAL ST,Collision with fixed object:  Utility pole/light support,On Roadway,Non-collision (single vehicle),Driving too fast for conditions,None Indicated,,Daylight,Snow,Cloudy,"Surface condition (e.g., wet, icy)",Non-intersection:  Non-junction/no special feature,Paved,,Property Damage Only,0,0,0,0,0,0,3500,1,3,,POINT (-93.603151850315 43.087697079438)
2014831962,14-008804,11/17/2014,11-November,2-Monday,08:03,0800 Hours,District 4 (Southwest),PERRY,DALLAS,,W 2ND ST,Collision with:  Vehicle in traffic,On Roadway,Broadside (front to side),FTYROW:  At uncontrolled intersection,None Indicated,,Daylight,Snow,Clear,None apparent,Non-intersection:  Driveway access (within),Paved,,Possible/Unknown,0,1,0,0,1,0,3000,2,2,,POINT (-94.107999793424 41.8442311129)
2014829986,PD14-11622,11/17/2014,11-November,2-Monday,10:50,1000 Hours,District 1 (Central),MARSHALLTOWN,MARSHALL,,MEADOW LN,Collision with fixed object:  Other fixed object (explain in narrative),Median,Non-collision (single vehicle),Driving too fast for conditions,None Indicated,,Daylight,Snow,Cloudy,"Surface condition (e.g., wet, icy)",Intersection:  Other intersection (explain in narrative),Paved,,Property Damage Only,0,0,0,0,0,0,6500,1,1,,POINT (-92.914042297456 42.025229438494)
2014828202,111714-58,11/17/2014,11-November,2-Monday,07:48,0700 Hours,District 3 (Northwest),STORM LAKE,BUENA VISTA,,N SENECA ST,Collision with:  Vehicle in traffic,On Roadway,Rear-end (front to rear),Other (explain in narrative):  Other,None Indicated,,Daylight,Snow,Clear,None apparent,Non-intersection:  Driveway access (within),Paved,,Property Damage Only,0,0,0,0,0,0,2000,2,5,,POINT (-95.196597481542 42.657481916533)
2014832264,14-47935,11/17/2014,11-November,2-Monday,06:46,0600 Hours,District 5 (Southeast),WEST LIBERTY,MUSCATINE,,Co Rd X40/GARFIELD AVE,Collision with:  Animal,,,Animal,None Indicated,,,,,,,Paved,,Property Damage Only,0,0,0,0,0,0,3000,1,1,,POINT (-91.251598157632 41.597545988264)
2014834215,14-017433,11/17/2014,11-November,2-Monday,18:28,1800 Hours,District 3 (Northwest),,CLAY,,Co Rd B53/440TH ST & Co Rd M50/260TH AVE,Collision with:  Animal,,,Animal,None Indicated,,,,,,,Paved,,Property Damage Only,0,0,0,0,0,0,2000,1,1,,POINT (-95.073153442209 43.010560192802)
2014828680,2014-23543,11/17/2014,11-November,2-Monday,16:25,1600 Hours,District 6 (East Central),,SCOTT,,Co Rd F33/290 ST & Co Rd Y68/SCOTT PK RD,Collision with:  Vehicle in traffic,On Roadway,Broadside (front to side),FTYROW:  From stop sign,None Indicated,,Daylight,Dry,Clear,None apparent,Intersection:  Four-way intersection,Paved,,Property Damage Only,0,0,0,0,0,0,10000,2,2,,POINT (-90.538083585372 41.72779165257)
2014828040,14-8370,11/17/2014,11-November,2-Monday,17:02,1700 Hours,District 3 (Northwest),IDA GROVE,IDA,US 59,US 59/OHIO ST,Collision with:  Vehicle in traffic,On Roadway,Broadside (front to side),FTYROW:  From driveway,None Indicated,,Daylight,Dry,Clear,None apparent,Non-intersection:  Driveway access (within),Paved,,Property Damage Only,0,0,0,0,0,0,6000,2,2,,POINT (-95.468875626964 42.350946815638)
2014828374,14-1411,11/17/2014,11-November,2-Monday,17:28,1700 Hours,District 1 (Central),CLIVE,POLK,,SWANSON BLVD & UNIVERSITY BLVD & NW 86TH ST,Collision with:  Vehicle in traffic,On Roadway,"Angle, oncoming left turn",Driving too fast for conditions,None Indicated,,Dark - roadway lighted,Dry,Cloudy,None apparent,Intersection:  Four-way intersection,Paved,,Property Damage Only,0,0,0,0,0,0,2500,2,3,,POINT (-93.7363266849 41.605737402678)
2014827778,2014-79649,11/17/2014,11-November,2-Monday,07:49,0700 Hours,District 6 (East Central),DAVENPORT,SCOTT,,WARREN ST,Collision with:  Vehicle in traffic,On Roadway,Broadside (front to side),Other (explain in narrative):  Other,None Indicated,,Daylight,Ice/frost,Clear,None apparent,Non-intersection:  Alley,Paved,,Property Damage Only,0,0,0,0,0,0,2749,2,2,,POINT (-90.585720066053 41.537662406522)
2014831180,4514-056,11/17/2014,11-November,2-Monday,09:45,0900 Hours,District 2 (Northeast),,HOWARD,,Co Rd V10/DALE AVE,Non-collision events:  Overturn/rollover,Shoulder,Non-collision (single vehicle),Driving too fast for conditions,None Indicated,,Daylight,Ice/frost,"Blowing sand, soil, dirt","Surface condition (e.g., wet, icy)",Non-intersection:  Non-junction/no special feature,Paved,,Property Damage Only,0,0,0,0,0,0,5000,1,1,,POINT (-92.495635646693 43.49409390964)
2014830944,80-14-363,11/17/2014,11-November,2-Monday,08:30,0800 Hours,District 2 (Northeast),HUMBOLDT,HUMBOLDT,,4TH AVE N & 4TH ST N,Collision with:  Vehicle in traffic,On Roadway,Broadside (front to side),Unknown,None Indicated,,Daylight,Ice/frost,Clear,"Surface condition (e.g., wet, icy)",Intersection:  Four-way intersection,Paved,,Property Damage Only,0,0,0,0,0,0,4000,2,4,,POINT (-94.213196438945 42.725686377492)
2014832259,14-048012,11/17/2014,11-November,2-Monday,18:03,1800 Hours,District 5 (Southeast),,MUSCATINE,,Co Rd X54/MOSCOW AVE,Collision with:  Animal,On Roadway,Non-collision (single vehicle),Animal,None Indicated,,Dark - roadway not lighted,Dry,Clear,None apparent,Non-intersection:  Non-junction/no special feature,Paved,,Property Damage Only,0,0,0,0,0,0,2000,1,4,,POINT (-91.091912255969 41.595357107156)
2014829039,W-14-2473,11/17/2014,11-November,2-Monday,15:54,1500 Hours,District 2 (Northeast),WAUKON,ALLAMAKEE,,2ND AVE NE & 3RD ST NE,Collision with:  Vehicle in traffic,On Roadway,Broadside (front to side),Driving too fast for conditions,None Indicated,,Daylight,Ice/frost,Cloudy,"Surface condition (e.g., wet, icy)",Intersection:  Four-way intersection,Paved,,Property Damage Only,0,0,0,0,0,0,4500,2,3,,POINT (-91.47075400762 43.271018713734)
2014828387,14-5829,11/17/2014,11-November,2-Monday,18:36,1800 Hours,District 1 (Central),WEST DES MOINES,POLK,,SCENIC DR,Collision with fixed object:  Utility pole/light support,Roadside,Non-collision (single vehicle),Driving too fast for conditions,None Indicated,,Dark - roadway lighted,Ice/frost,Clear,"Surface condition (e.g., wet, icy)",Non-intersection:  Non-junction/no special feature,Paved,,Property Damage Only,0,0,0,0,0,0,1500,1,1,,POINT (-93.748122657875 41.551617817837)
2014828235,2014012870,11/17/2014,11-November,2-Monday,08:04,0800 Hours,District 6 (East Central),IOWA CITY,JOHNSON,,WADE ST,Collision with:  Vehicle in traffic,On Roadway,Rear-end (front to rear),Driving too fast for conditions,None Indicated,,Daylight,Dry,Clear,None apparent,Non-intersection:  Non-junction/no special feature,Paved,,Property Damage Only,0,0,0,0,0,0,5300,2,2,,POINT (-91.500723813884 41.647027750483)
2014828385,14-5827,11/17/2014,11-November,2-Monday,17:11,1700 Hours,District 4 (Southwest),WEST DES MOINES,DALLAS,,JORDAN CREEK PKWY,Collision with:  Vehicle in traffic,On Roadway,Rear-end (front to rear),Followed too close,None Indicated,,Dark - roadway lighted,Dry,Clear,None apparent,Non-intersection:  Non-junction/no special feature,Paved,,Property Damage Only,0,0,0,0,0,0,3800,2,2,,POINT (-93.808910063111 41.59633247311)
2014828542,2014-24855,11/17/2014,11-November,2-Monday,17:20,1700 Hours,District 5 (Southeast),,WARREN,,Co Rd R45/HWY R45,Collision with:  Animal,On Roadway,Non-collision (single vehicle),Animal,None Indicated,,Dark - roadway not lighted,Dry,Clear,None apparent,Non-intersection:  Non-junction/no special feature,Paved,,Minor Injury,0,1,0,1,0,0,5000,1,1,,POINT (-93.7315294987 41.346120702594)
2014829112,2014064351,11/17/2014,11-November,2-Monday,13:00,1300 Hours,District 4 (Southwest),,POTTAWATTAMIE,I-29,I-29,Collision with:  Vehicle in traffic,Shoulder,"Sideswipe, same direction",Unknown,None Indicated,,Daylight,Dry,Cloudy,None apparent,Non-intersection:  Non-junction/no special feature,Paved,,Property Damage Only,0,0,0,0,0,0,3500,2,2,,POINT (-95.823633911552 41.17185584098)
2014829864,2014-79692,11/17/2014,11-November,2-Monday,10:21,1000 Hours,District 6 (East Central),DAVENPORT,SCOTT,US 6,US 6/E KIMBERLY RD & DAVENPORT AVE,Collision with:  Vehicle in traffic,On Roadway,Rear-end (front to rear),Other (explain in narrative):  Other,None Indicated,,Daylight,Dry,Clear,None apparent,Intersection:  Four-way intersection,Paved,,Property Damage Only,0,0,0,0,0,0,4000,2,2,,POINT (-90.563555246712 41.55874694577)
2014828045,14002626,11/17/2014,11-November,2-Monday,15:40,1500 Hours,District 6 (East Central),IOWA CITY,JOHNSON,,N CLINTON ST,Collision with:  Vehicle in traffic,Outside trafficway,Rear-end (front to rear),Other (explain in narrative):  Vision obstructed,None Indicated,,Daylight,Dry,Cloudy,None apparent,Non-intersection:  Other non-intersection (explain in narrative),Paved,,Property Damage Only,0,0,0,0,0,0,1500,2,2,,POINT (-91.534582795681 41.663091390215)
2014828535,2014-013859,11/17/2014,11-November,2-Monday,15:56,1500 Hours,District 6 (East Central),NEW VIENNA,DUBUQUE,,NEW VIENNA RD & HARRISON ST,Non-collision events:  Other non-collision (explain in narrative),On Roadway,Non-collision (single vehicle),Other (explain in narrative):  No improper action,None Indicated,,Daylight,Snow,Severe winds,"Surface condition (e.g., wet, icy)",Intersection:  T-intersection,Paved,,Property Damage Only,0,0,0,0,0,0,6500,1,1,,POINT (-91.111209764134 42.549326012915)
2014828635,A14-078,11/17/2014,11-November,2-Monday,18:11,1800 Hours,District 4 (Southwest),WINTERSET,MADISON,,E LANE ST & N 8TH ST,Collision with:  Vehicle in traffic,On Roadway,Broadside (front to side),FTYROW:  From yield sign,None Indicated,,Dark - roadway lighted,Snow,Clear,None apparent,Intersection:  Four-way intersection,Paved,,Property Damage Only,0,0,0,0,0,0,4500,2,2,,POINT (-94.005364757223 41.341000741647)
2014829129,SO14002729,11/17/2014,11-November,2-Monday,07:00,0700 Hours,District 3 (Northwest),,PLYMOUTH,,Co Rd K18/K18,Collision with fixed object:  Ditch,On Roadway,Non-collision (single vehicle),Ran off road - right,None Indicated,,Dawn,Snow,Clear,"Surface condition (e.g., wet, icy)",Non-intersection:  Non-junction/no special feature,Paved,,Property Damage Only,0,0,0,0,0,0,3100,1,1,,POINT (-96.517384131344 42.632952054458)
2014929951,,11/17/2014,11-November,2-Monday,15:37,1500 Hours,District 3 (Northwest),SERGEANT BLUFF,WOODBURY,,VANDENBERG CIR E,Collision with:  Parked motor vehicle,On Roadway,Rear-end (front to rear),FTYROW:  From parked position,None Indicated,,Dark - roadway lighted,Unknown,Unknown,None apparent,Non-intersection:  Non-junction/no special feature,Paved,,Property Damage Only,0,0,0,0,0,0,1500,2,1,,POINT (-96.348414649486 42.401076828243)
2014828284,14-11702,11/17/2014,11-November,2-Monday,13:30,1300 Hours,District 3 (Northwest),CARROLL,CARROLL,US 30,US 30 & 10TH ST,Collision with:  Vehicle in traffic,On Roadway,Rear-end (front to rear),Improper Backing,None Indicated,,Daylight,Dry,Clear,None apparent,Intersection:  Four-way intersection,Paved,,Property Damage Only,0,0,0,0,0,0,1600,2,2,,POINT (-94.877668841423 42.071809626759)
2014835163,14006553,11/17/2014,11-November,2-Monday,07:56,0700 Hours,District 2 (Northeast),BRITT,HANCOCK,US 18,US 18 & KENT AVE,Collision with:  Vehicle in traffic,On Roadway,Broadside (front to side),Driving too fast for conditions,None Indicated,,Daylight,Ice/frost,"Blowing sand, soil, dirt","Surface condition (e.g., wet, icy)",Intersection:  T-intersection,Paved,,Property Damage Only,0,0,0,0,0,0,10500,2,2,,POINT (-93.7732650563 43.104278531903)
2014828166,14-001367,11/17/2014,11-November,2-Monday,21:59,2100 Hours,District 1 (Central),,STORY,US 30,US 30,Collision with:  Animal,,,Animal,None Indicated,,,,,,,Paved,,Property Damage Only,0,0,0,0,0,0,6000,1,1,,POINT (-93.562657600068 42.008283153817)
2014828055,20140034273,11/17/2014,11-November,2-Monday,22:28,2200 Hours,District 1 (Central),DES MOINES,POLK,,E DOUGLAS AVE & CORNELL ST,Collision with:  Vehicle in traffic,On Roadway,"Angle, oncoming left turn",Made improper turn,None Indicated,,Dark - roadway lighted,Dry,Clear,None apparent,Intersection:  Four-way intersection,Paved,,Property Damage Only,0,0,0,0,0,0,4000,2,3,,POINT (-93.615092363544 41.629535448947)
2014827734,14-019504,11/17/2014,11-November,2-Monday,05:14,0500 Hours,District 5 (Southeast),,HENRY,US 218,US 218,Collision with:  Animal,,,Animal,None Indicated,,,,,,,Paved,,Property Damage Only,0,0,0,0,0,0,5000,1,1,,POINT (-91.549825901677 40.906463895476)
2014833593,14-102,11/17/2014,11-November,2-Monday,16:35,1600 Hours,District 3 (Northwest),SIOUX CENTER,SIOUX,US 75,US 75/N MAIN AVE,Collision with:  Vehicle in traffic,On Roadway,Head-on (front to front),Unknown,None Indicated,,Daylight,Dry,Clear,None apparent,Non-intersection:  Non-junction/no special feature,Paved,,Property Damage Only,0,0,0,0,0,0,6500,2,3,,POINT (-96.175730752349 43.085836041923)
2014828698,111714A,11/17/2014,11-November,2-Monday,14:03,1400 Hours,District 4 (Southwest),SIDNEY,FREMONT,,MAIN ST & HILLCREST DR,Collision with:  Vehicle in traffic,On Roadway,Rear-end (front to rear),Driving too fast for conditions,None Indicated,,Daylight,Ice/frost,Snow,"Surface condition (e.g., wet, icy)",Non-intersection:  Non-junction/no special feature,Paved,,Possible/Unknown,0,1,0,0,1,0,8000,2,3,,POINT (-95.646975042765 40.739722264586)
2014829172,201417257,11/17/2014,11-November,2-Monday,09:20,0900 Hours,District 6 (East Central),CEDAR RAPIDS,LINN,IA 922,IA 922/1ST AVE E & 40TH ST NE & 40TH ST SE,Collision with:  Vehicle in traffic,On Roadway,Rear-end (front to rear),Driving too fast for conditions,None Indicated,,Daylight,Snow,Clear,"Surface condition (e.g., wet, icy)",Non-intersection:  Non-junction/no special feature,Paved,,Property Damage Only,0,0,0,0,0,0,3500,2,3,,POINT (-91.632412575982 42.019437672163)
2014828688,S14-004579,11/17/2014,11-November,2-Monday,15:30,1500 Hours,District 4 (Southwest),,POTTAWATTAMIE,IA 83,IA 83/IOWA 83 & 460TH ST,Collision with:  Animal,,,Animal,None Indicated,,,,,,,Paved,,Property Damage Only,0,0,0,0,0,0,3000,1,1,,POINT (-95.307790893669 41.476407903635)
2014844100,CP14-1130,11/17/2014,11-November,2-Monday,08:26,0800 Hours,District 2 (Northeast),CLARION,WRIGHT,,1ST AVE NW & 1ST AVE NE & N MAIN ST,Collision with:  Vehicle in traffic,On Roadway,Broadside (front to side),FTYROW:  From stop sign,None Indicated,,Daylight,Ice/frost,Clear,None apparent,Intersection:  Other intersection (explain in narrative),Paved,,Possible/Unknown,0,1,0,0,0,1,5000,2,3,,POINT (-93.732850927939 42.732577187305)
2014829229,,11/17/2014,11-November,2-Monday,18:30,1800 Hours,District 6 (East Central),CEDAR RAPIDS,LINN,I-380,I-380 & 42ND ST NE,Collision with:  Vehicle in traffic,On Roadway,"Sideswipe, same direction",Unknown,None Indicated,,Dark - roadway lighted,Dry,Clear,,"Interchange-related:  Off-ramp, diverge area",Paved,,Property Damage Only,0,0,0,0,0,0,2000,2,3,,POINT (-91.66778175221 42.021528878087)
2014827301,14-7602,11/17/2014,11-November,2-Monday,07:26,0700 Hours,District 1 (Central),,POLK,,NE 64TH ST & NE 27TH AVE,Collision with:  Vehicle in traffic,Roadside,Broadside (front to side),FTYROW:  From stop sign,None Indicated,,Daylight,Dry,Clear,None apparent,Intersection:  Four-way intersection,Paved,,Property Damage Only,0,0,0,0,0,0,30000,3,3,,POINT (-93.48386574145 41.618705534842)
2014828147,PD14-11630,11/17/2014,11-November,2-Monday,16:45,1600 Hours,District 1 (Central),MARSHALLTOWN,MARSHALL,,COLUMBUS DR & S 2ND ST,Collision with:  Vehicle in traffic,On Roadway,Broadside (front to side),Driving too fast for conditions,None Indicated,,Daylight,Ice/frost,Clear,None apparent,Intersection:  Four-way intersection,Paved,,Property Damage Only,0,0,0,0,0,0,3000,2,2,,POINT (-92.915243918071 42.029994835792)
2014828403,RJT11171401,11/17/2014,11-November,2-Monday,08:05,0800 Hours,District 5 (Southeast),OSCEOLA,CLARKE,US 69,US 69/N MAIN ST & W WEBSTER ST & E WEBSTER ST,Collision with:  Vehicle in traffic,On Roadway,Rear-end (front to rear),Followed too close,None Indicated,,Daylight,Snow,Cloudy,"Surface condition (e.g., wet, icy)",Intersection:  Four-way intersection,Paved,,Possible/Unknown,0,1,0,0,0,1,12501,2,2,,POINT (-93.765670741962 41.036308481085)
2014828920,2014064415,11/17/2014,11-November,2-Monday,16:01,1600 Hours,District 2 (Northeast),,FAYETTE,,Co Rd W33/L AVE,Non-collision events:  Overturn/rollover,Roadside,Non-collision (single vehicle),Crossed centerline (undivided),None Indicated,,Daylight,Snow,"Blowing sand, soil, dirt",None apparent,Non-intersection:  Non-junction/no special feature,Paved,,Minor Injury,0,2,0,2,0,0,4000,1,2,,POINT (-91.820838968706 42.647262398125)
2014828087,14-37964,11/17/2014,11-November,2-Monday,07:48,0700 Hours,District 3 (Northwest),SIOUX CITY,WOODBURY,,W 38TH ST & COUNTRY CLUB BLVD,Collision with:  Vehicle in traffic,On Roadway,Broadside (front to side),Ran Stop Sign,None Indicated,,Daylight,Snow,Clear,None apparent,Intersection:  Four-way intersection,Paved,,Property Damage Only,0,0,0,0,0,0,4000,2,3,,POINT (-96.413049783516 42.53525361588)