Iowa DOT Case Number,Law Enforcement Case Number,Date of Crash,Month of Crash,Day of Week,Time of Crash,Hour,DOT District,City Name,County Name,Route with System,Location Description,First Harmful Event,Location of First Harmful Event,Manner of Crash/Collision,Major Cause,Drug or Alcohol ,Environmental Conditions,Light Conditions,Surface Conditions,Weather Conditions,Roadway Contribution,Roadway Type,Roadway Surface,Work Zone,Crash Severity,Number of Fatalities,Number of Injuries,Number of Major Injuries,Number of Minor Injuries,Number of Possible Injuries,Number of Unknown Injuries,Amount of Property Damage,Number of Vehicles Involved,Total Number of Occupants,Travel Direction,Location
2014828632,14-1418,11/18/2014,11-November,3-Tuesday,17:32,1700 Hours,District 1 (Central),CLIVE,POLK,I-35,I-35,Non-collision events:  Other non-collision (explain in narrative),On Roadway,"Sideswipe, same direction",Followed too close,None Indicated,,Dark - roadway not lighted,Dry,Clear,None apparent,Non-intersection:  Non-junction/no special feature,Paved,,Property Damage Only,0,0,0,0,0,0,77000,2,2,,POINT (-93.776902501231 41.609829829839)
2014828295,14-5841,11/18/2014,11-November,3-Tuesday,12:31,1200 Hours,District 1 (Central),WEST DES MOINES,POLK,,CLEGG RD & 8TH ST,Collision with:  Vehicle in traffic,On Roadway,Rear-end (front to rear),Followed too close,None Indicated,,Daylight,Dry,Cloudy,None apparent,Intersection:  T-intersection,Paved,,Property Damage Only,0,0,0,0,0,0,9500,2,2,,POINT (-93.713121820535 41.587635063217)
2014828539,2014-039777,11/18/2014,11-November,3-Tuesday,10:25,1000 Hours,District 6 (East Central),DUBUQUE,DUBUQUE,,WINDSOR AVE,Collision with:  Vehicle in traffic,On Roadway,Broadside (front to side),FTYROW:  From driveway,None Indicated,,Daylight,Dry,Cloudy,None apparent,Non-intersection:  Driveway access (within),Paved,,Property Damage Only,0,0,0,0,0,0,3000,2,2,,POINT (-90.664161224225 42.515867280233)
2014828491,14-022487,11/18/2014,11-November,3-Tuesday,22:30,2200 Hours,District 2 (Northeast),,BREMER,,Co Rd V5C/MORGAN AVE,Collision with:  Animal,,,Animal,None Indicated,,,,,,,Paved,,Property Damage Only,0,0,0,0,0,0,3000,1,1,,POINT (-92.308168246116 42.90277184422)
2014828511,170-2014,11/18/2014,11-November,3-Tuesday,19:30,1900 Hours,District 4 (Southwest),,HARRISON,US 30,US 30 & LOOMIS AVE,Collision with:  Animal,,Non-collision (single vehicle),Animal,None Indicated,,,,,,,Paved,,Property Damage Only,0,0,0,0,0,0,3500,1,1,,POINT (-95.868109284707 41.5671556469)
2014828413,SA1409769,11/18/2014,11-November,3-Tuesday,06:45,0600 Hours,District 5 (Southeast),,WASHINGTON,,SPRUCE AVE,Collision with:  Vehicle in traffic,On Roadway,Rear-end (front to rear),Other (explain in narrative):  Vision obstructed,None Indicated,,Dawn,"Mud, dirt",Cloudy,None apparent,Non-intersection:  Railroad grade crossing,Unpaved,,Property Damage Only,0,0,0,0,0,0,3000,2,2,,POINT (-91.600848311091 41.298974644971)
2014828908,2014-79971,11/18/2014,11-November,3-Tuesday,15:26,1500 Hours,District 6 (East Central),DAVENPORT,SCOTT,,W LOCUST ST & TAYLOR ST,Collision with:  Vehicle in traffic,On Roadway,"Angle, oncoming left turn",FTYROW:  Making left turn,None Indicated,,Daylight,Dry,Cloudy,None apparent,Intersection:  T-intersection,Paved,,Property Damage Only,0,0,0,0,0,0,5500,2,2,,POINT (-90.592566268632 41.538265343109)
2014829319,14-005452,11/18/2014,11-November,3-Tuesday,07:40,0700 Hours,District 1 (Central),AMES,STORY,,TRIPP ST,Collision with:  Vehicle in traffic,On Roadway,Broadside (front to side),FTYROW:  Making left turn,None Indicated,,Daylight,Snow,Cloudy,"Surface condition (e.g., wet, icy)",Non-intersection:  Driveway access (within),Paved,,Property Damage Only,0,0,0,0,0,0,4800,2,2,,POINT (-93.668943978138 42.020151048378)
2014828806,14020146,11/18/2014,11-November,3-Tuesday,15:52,1500 Hours,District 2 (Northeast),MASON CITY,CERRO GORDO,,S MONROE AVE,,On Roadway,Non-collision (single vehicle),Swerving/Evasive Action,None Indicated,,Daylight,Dry,Clear,None apparent,Intersection:  Y-intersection,Paved,,Property Damage Only,0,0,0,0,0,0,2700,1,1,,POINT (-93.209248022602 43.138883432394)
2014832990,,11/18/2014,11-November,3-Tuesday,15:13,1500 Hours,District 2 (Northeast),CLEAR LAKE,CERRO GORDO,,3RD AVE N & N 7TH ST,Collision with:  Vehicle in traffic,On Roadway,Broadside (front to side),FTYROW:  At uncontrolled intersection,None Indicated,,Daylight,Snow,Cloudy,"Surface condition (e.g., wet, icy)",Intersection:  Four-way intersection,Paved,,Property Damage Only,0,0,0,0,0,0,7200,2,3,,POINT (-93.38008913207 43.140046334757)
2014828865,14-005005,11/18/2014,11-November,3-Tuesday,11:27,1100 Hours,District 1 (Central),ANKENY,POLK,US 69,US 69/S ANKENY BLVD/N 14TH ST & IA 160/SW ORALABOR RD/SE ORALABOR RD,Collision with:  Vehicle in traffic,On Roadway,Rear-end (front to rear),Other (explain in narrative):  Other,None Indicated,,Daylight,Dry,Cloudy,None apparent,Intersection:  Four-way intersection,Paved,,Minor Injury,0,2,0,1,1,0,8500,3,4,,POINT (-93.600562715852 41.70285829484)
2014828627,2014012895,11/18/2014,11-November,3-Tuesday,09:35,0900 Hours,District 6 (East Central),IOWA CITY,JOHNSON,,E COLLEGE ST & VAN BUREN ST,Collision with:  Vehicle in traffic,On Roadway,Broadside (front to side),FTYROW:  From stop sign,None Indicated,,Daylight,Dry,Cloudy,None apparent,Intersection:  Four-way intersection,Paved,,Property Damage Only,0,0,0,0,0,0,10000,2,2,,POINT (-91.528636248403 41.658917289508)
2014828959,W14-114128,11/18/2014,11-November,3-Tuesday,21:03,2100 Hours,District 2 (Northeast),WATERLOO,BLACK HAWK,,E SAN MARNAN DR & PENNEYS ST,Collision with:  Vehicle in traffic,On Roadway,Rear-end (front to rear),Driving too fast for conditions,None Indicated,,Dark - roadway lighted,Ice/frost,Clear,None apparent,Intersection:  Four-way intersection,Paved,,Property Damage Only,0,0,0,0,0,0,13000,2,3,,POINT (-92.325470759641 42.46440444038)
2014828809,14020156,11/18/2014,11-November,3-Tuesday,18:08,1800 Hours,District 2 (Northeast),MASON CITY,CERRO GORDO,,19TH ST SW,Collision with:  Vehicle in traffic,On Roadway,"Sideswipe, same direction",Unknown,None Indicated,,Dark - roadway lighted,Dry,Clear,Work Zone (roadway-related),Non-intersection:  Non-junction/no special feature,Paved,Yes,Property Damage Only,0,0,0,0,0,0,2500,2,2,,POINT (-93.229530922424 43.133945893524)
2014830690,2014064507,11/18/2014,11-November,3-Tuesday,08:15,0800 Hours,District 4 (Southwest),UNDERWOOD,POTTAWATTAMIE,,MAGNOLIA RD,Collision with:  Vehicle in traffic,On Roadway,"Angle, oncoming left turn",FTYROW:  Making left turn,None Indicated,,Daylight,Dry,Clear,None apparent,Non-intersection:  Driveway access (within),Paved,,Property Damage Only,0,0,0,0,0,0,6500,2,2,,POINT (-95.678648352846 41.376229852656)
2014828446,14-7658,11/18/2014,11-November,3-Tuesday,10:30,1000 Hours,District 1 (Central),ALTOONA,POLK,,NE 64TH ST,Collision with:  Animal,,Non-collision (single vehicle),Animal,None Indicated,,,,,,,Paved,,Property Damage Only,0,0,0,0,0,0,2000,1,1,,POINT (-93.483747329864 41.634982073023)
2014828780,14006992,11/18/2014,11-November,3-Tuesday,09:49,0900 Hours,District 3 (Northwest),,CHEROKEE,,Co Rd L36/D AVE & 580TH ST,Collision with fixed object:  Ditch,Shoulder,Non-collision (single vehicle),Other (explain in narrative):  No improper action,None Indicated,,Daylight,Snow,Clear,"Shoulders (none, low, soft, high)",Intersection:  Four-way intersection,Paved,,Property Damage Only,0,0,0,0,0,0,20000,1,1,,POINT (-95.800487617501 42.677458058421)
2014828612,14-41283,11/18/2014,11-November,3-Tuesday,17:26,1700 Hours,District 5 (Southeast),BURLINGTON,DES MOINES,US 61,US 61 & AGENCY ST,Collision with:  Vehicle in traffic,On Roadway,Rear-end (front to rear),Followed too close,None Indicated,,Dark - roadway lighted,Dry,Clear,None apparent,Intersection:  Four-way intersection,Paved,,Property Damage Only,0,0,0,0,0,0,1750,2,4,,POINT (-91.141432664014 40.81484995259)
2014830765,2014-79892,11/18/2014,11-November,3-Tuesday,09:25,0900 Hours,District 6 (East Central),DAVENPORT,SCOTT,,IA 461/BRADY ST & E 17TH ST,Collision with:  Vehicle in traffic,On Roadway,Rear-end (front to rear),Followed too close,None Indicated,,Daylight,Dry,Clear,None apparent,Non-intersection:  Non-junction/no special feature,Paved,,Property Damage Only,0,0,0,0,0,0,5000,2,2,,POINT (-90.574018223202 41.536767534362)
2014828714,W14-114037,11/18/2014,11-November,3-Tuesday,15:25,1500 Hours,District 2 (Northeast),WATERLOO,BLACK HAWK,,OAKLAWN AVE,Collision with:  Vehicle in traffic,On Roadway,Broadside (front to side),Driving too fast for conditions,None Indicated,,Daylight,Snow,Cloudy,None apparent,Non-intersection:  Other non-intersection (explain in narrative),Paved,,Property Damage Only,0,0,0,0,0,0,3140,2,1,,POINT (-92.353734902358 42.49433166232)
2014828270,14-3703,11/18/2014,11-November,3-Tuesday,14:09,1400 Hours,District 1 (Central),FORT DODGE,WEBSTER,,5TH AVE S & S 13TH ST,Collision with:  Vehicle in traffic,On Roadway,Rear-end (front to rear),Other (explain in narrative):  Other,None Indicated,,Daylight,Dry,Cloudy,None apparent,Intersection:  Four-way intersection,Paved,,Minor Injury,0,2,0,1,1,0,10000,3,8,,POINT (-94.181008939303 42.501001462939)
2014829323,14-005467,11/18/2014,11-November,3-Tuesday,17:23,1700 Hours,District 1 (Central),AMES,STORY,,13TH ST & HARDING AVE,Collision with:  Vehicle in traffic,On Roadway,Broadside (front to side),Driving too fast for conditions,None Indicated,,Dark - roadway lighted,Ice/frost,Cloudy,"Surface condition (e.g., wet, icy)",Non-intersection:  Non-junction/no special feature,Paved,,Property Damage Only,0,0,0,0,0,0,1500,2,2,,POINT (-93.621507170263 42.034549010944)
2014830030,,11/18/2014,11-November,3-Tuesday,17:35,1700 Hours,District 3 (Northwest),,CHEROKEE,US 59,US 59 & BORDERLINE DR,Collision with:  Animal,On Roadway,Non-collision (single vehicle),Animal,None Indicated,,Dark - unknown roadway lighting,Dry,Cloudy,,Non-intersection:  Non-junction/no special feature,Paved,,Property Damage Only,0,0,0,0,0,0,4500,1,1,,POINT (-95.553358196103 42.727784301782)
2014828115,14014097,11/18/2014,11-November,3-Tuesday,06:40,0600 Hours,District 1 (Central),,TAMA,,Co Rd T47/HWY T47,Collision with:  Animal,On Roadway,Non-collision (single vehicle),Animal,None Indicated,,Dawn,Dry,Clear,None apparent,Non-intersection:  Non-junction/no special feature,Paved,,Property Damage Only,0,0,0,0,0,0,2000,1,1,,POINT (-92.708973495602 42.206634316284)
2014828445,14-7659,11/18/2014,11-November,3-Tuesday,22:45,2200 Hours,District 1 (Central),GRIMES,POLK,,SE 37TH ST,Non-collision events:  Other non-collision (explain in narrative),Shoulder,Non-collision (single vehicle),Swerving/Evasive Action,None Indicated,,Dark - roadway lighted,Dry,Cloudy,None apparent,Non-intersection:  Non-junction/no special feature,Paved,,Property Damage Only,0,0,0,0,0,0,5000,1,1,,POINT (-93.812748899212 41.658391654487)
2014839071,TC62-14,11/18/2014,11-November,3-Tuesday,14:10,1400 Hours,District 4 (Southwest),MISSOURI VALLEY,HARRISON,US 30,US 30/E ERIE ST,Collision with:  Parked motor vehicle,Outside trafficway,"Sideswipe, same direction",Other (explain in narrative):  Other,None Indicated,,Daylight,Slush,Clear,None apparent,Non-intersection:  Non-junction/no special feature,Paved,,Property Damage Only,0,0,0,0,0,0,2500,2,1,,POINT (-95.888805891506 41.556361293881)
2014828897,2014-24918,11/18/2014,11-November,3-Tuesday,17:44,1700 Hours,District 5 (Southeast),INDIANOLA,WARREN,US 65,US 65/N JEFFERSON WAY,Collision with:  Vehicle in traffic,On Roadway,Rear-end (front to rear),Other (explain in narrative):  Other,None Indicated,,Dark - roadway lighted,Dry,Clear,None apparent,Non-intersection:  Non-junction/no special feature,Paved,,Property Damage Only,0,0,0,0,0,0,2000,2,2,,POINT (-93.558416336372 41.3688172474)
2014828695,SO1404983,11/18/2014,11-November,3-Tuesday,18:33,1800 Hours,District 5 (Southeast),,JEFFERSON,IA 1,IA 1/IOWA 1,Collision with:  Animal,,,Animal,None Indicated,,,,,,,Paved,,Property Damage Only,0,0,0,0,0,0,1900,1,1,,POINT (-91.967624731725 41.079943271338)
2014828860,2014064505,11/18/2014,11-November,3-Tuesday,07:46,0700 Hours,District 5 (Southeast),,LOUISA,,Co Rd X61/COUNTY RD X 61 & KLUM LAKE WMA,Non-collision events:  Overturn/rollover,On Roadway,Non-collision (single vehicle),Crossed centerline (undivided),None Indicated,,Daylight,Dry,Cloudy,None apparent,Non-intersection:  Non-junction/no special feature,Paved,,Major Injury,0,9,7,0,2,0,30000,1,11,,POINT (-91.139202934088 41.246932014848)
2014828070,20140034313,11/18/2014,11-November,3-Tuesday,11:51,1100 Hours,District 1 (Central),DES MOINES,POLK,US 69,US 69/SE 14TH ST,Collision with:  Vehicle in traffic,On Roadway,Rear-end (front to rear),Followed too close,None Indicated,,Daylight,Dry,Cloudy,None apparent,Non-intersection:  Non-junction/no special feature,Paved,,Property Damage Only,0,0,0,0,0,0,1550,2,3,,POINT (-93.596954767171 41.569895063864)
2014828438,14002639,11/18/2014,11-November,3-Tuesday,18:10,1800 Hours,District 6 (East Central),IOWA CITY,JOHNSON,IA 1,IA 1/E BURLINGTON ST & VAN BUREN ST,Collision with:  Vehicle in traffic,On Roadway,Broadside (front to side),FTYROW:  At uncontrolled intersection,None Indicated,,Dark - roadway lighted,Dry,Clear,None apparent,Intersection:  Four-way intersection,Paved,,Property Damage Only,0,0,0,0,0,0,4000,2,2,,POINT (-91.528648840403 41.657836628328)
2014828664,14-048766,11/18/2014,11-November,3-Tuesday,16:15,1600 Hours,District 4 (Southwest),COUNCIL BLUFFS,POTTAWATTAMIE,I-80,I-80 & US 6/KANESVILLE BLVD,Collision with:  Vehicle in traffic,On Roadway,Broadside (front to side),Ran Stop Sign,None Indicated,,Daylight,Dry,Clear,None apparent,Intersection:  Intersection with ramp,Paved,,Minor Injury,0,1,0,1,0,0,4000,2,4,,POINT (-95.782919275797 41.280150638161)
2014829113,2014064509,11/18/2014,11-November,3-Tuesday,03:30,0300 Hours,District 4 (Southwest),,POTTAWATTAMIE,I-80,I-80,Collision with fixed object:  Tree,Roadside,Non-collision (single vehicle),Ran off road - right,None Indicated,,Dark - roadway not lighted,Dry,Cloudy,None apparent,Non-intersection:  Non-junction/no special feature,Paved,,Property Damage Only,0,0,0,0,0,0,5000,1,1,,POINT (-95.68439481607 41.367683882249)
2014828274,CL14004077,11/18/2014,11-November,3-Tuesday,09:03,0900 Hours,District 6 (East Central),CLINTON,CLINTON,US 67,US 67/S 2ND ST,Collision with:  Vehicle in traffic,On Roadway,"Sideswipe, same direction",Unknown,None Indicated,,Daylight,Dry,Clear,None apparent,Non-intersection:  Non-junction/no special feature,Paved,,Property Damage Only,0,0,0,0,0,0,1500,2,1,,POINT (-90.188248978131 41.841768843868)
2014830019,2014-24921,11/18/2014,11-November,3-Tuesday,19:36,1900 Hours,District 5 (Southeast),,WARREN,IA 92,IA 92/IOWA 92,Collision with:  Vehicle in traffic,On Roadway,Head-on (front to front),Crossed centerline (undivided),Alcohol (Statutory),,Dark - roadway lighted,Dry,Clear,None apparent,Intersection:  Four-way intersection,Paved,,Minor Injury,0,1,0,1,0,0,7000,2,2,,POINT (-93.492112934808 41.360805846703)
2014829060,1400001022,11/18/2014,11-November,3-Tuesday,06:55,0600 Hours,District 1 (Central),,MARSHALL,IA 146,IA 146/ZELLER AVE,Collision with:  Animal,,,Animal,None Indicated,,,,,,,Paved,,Property Damage Only,0,0,0,0,0,0,4000,1,1,,POINT (-92.785447585084 41.937867339493)
2014828808,14020148,11/18/2014,11-November,3-Tuesday,16:10,1600 Hours,District 2 (Northeast),MASON CITY,CERRO GORDO,US 65,US 65/N DELAWARE AVE,Collision with:  Vehicle in traffic,On Roadway,"Sideswipe, same direction",Other (explain in narrative):  Other,None Indicated,,Dusk,Slush,Cloudy,None apparent,Non-intersection:  Non-junction/no special feature,Paved,,Property Damage Only,0,0,0,0,0,0,2000,2,3,,POINT (-93.199438551842 43.154956608137)
2014828475,14-005461,11/18/2014,11-November,3-Tuesday,16:00,1600 Hours,District 1 (Central),AMES,STORY,,IOWA STATE UNIVERSITY & S 4TH ST,Collision with:  Vehicle in traffic,On Roadway,Broadside (front to side),Other (explain in narrative):  Vision obstructed,None Indicated,,Daylight,Dry,Cloudy,None apparent,Non-intersection:  Driveway access (within),Paved,,Property Damage Only,0,0,0,0,0,0,5000,2,2,,POINT (-93.633708928534 42.016280014306)
2014829643,14-010137,11/18/2014,11-November,3-Tuesday,11:40,1100 Hours,District 4 (Southwest),ATLANTIC,CASS,,10TH ST,Collision with:  Vehicle in traffic,On Roadway,Rear-end (front to rear),Improper Backing,None Indicated,,Daylight,Dry,Cloudy,None apparent,Non-intersection:  Non-junction/no special feature,Paved,,Property Damage Only,0,0,0,0,0,0,9500,2,3,,POINT (-95.002510709576 41.400888535107)
2014836361,,11/18/2014,11-November,3-Tuesday,12:14,1200 Hours,District 2 (Northeast),DECORAH,WINNESHIEK,,W MAIN ST & RIVER ST,Collision with:  Vehicle in traffic,On Roadway,Broadside (front to side),FTYROW:  From stop sign,None Indicated,,Daylight,Snow,Cloudy,None apparent,Intersection:  Four-way intersection,Paved,,Property Damage Only,0,0,0,0,0,0,9000,2,2,,POINT (-91.789680724334 43.303274694416)
2014828639,14-22511,11/18/2014,11-November,3-Tuesday,07:42,0700 Hours,District 6 (East Central),BETTENDORF,SCOTT,US 67,US 67/STATE ST,Collision with:  Animal,,,Animal,None Indicated,,,,,,,Paved,,Property Damage Only,0,0,0,0,0,0,4500,1,1,,POINT (-90.451528994224 41.548265563134)
2014829975,GP20140940,11/18/2014,11-November,3-Tuesday,14:00,1400 Hours,District 1 (Central),GRINNELL,POWESHIEK,IA 146,IA 146/WEST ST,Collision with:  Vehicle in traffic,On Roadway,"Sideswipe, same direction",FTYROW:  Other (explain in narrative),None Indicated,,Daylight,Dry,Clear,None apparent,Non-intersection:  Non-junction/no special feature,Paved,,Property Damage Only,0,0,0,0,0,0,3900,2,3,,POINT (-92.727373669353 41.745545778474)
2014829644,14-010142,11/18/2014,11-November,3-Tuesday,15:35,1500 Hours,District 4 (Southwest),ATLANTIC,CASS,US 6,US 6/7TH ST & HAZEL ST,Collision with:  Vehicle in traffic,On Roadway,Rear-end (front to rear),Followed too close,None Indicated,,Daylight,Dry,Clear,None apparent,Non-intersection:  Non-junction/no special feature,Paved,,Possible/Unknown,0,2,0,0,2,0,10500,2,2,,POINT (-95.004672892054 41.403904211628)
2014828489,14-38125,11/18/2014,11-November,3-Tuesday,16:10,1600 Hours,District 3 (Northwest),SIOUX CITY,WOODBURY,,31ST ST & CHAMBERS ST,Collision with:  Parked motor vehicle,On Roadway,"Sideswipe, same direction",Lost Control,None Indicated,,Daylight,Slush,Cloudy,None apparent,Non-intersection:  Non-junction/no special feature,Paved,,Property Damage Only,0,0,0,0,0,0,1500,3,1,,POINT (-96.386167279732 42.523562858213)
2014828665,14-048787,11/18/2014,11-November,3-Tuesday,18:53,1800 Hours,District 4 (Southwest),COUNCIL BLUFFS,POTTAWATTAMIE,US 275,US 275/VETERANS MEMORIAL HWY,Collision with:  Vehicle in traffic,On Roadway,"Sideswipe, same direction",Unknown,None Indicated,,Dark - roadway lighted,Dry,Clear,None apparent,Non-intersection:  Non-junction/no special feature,Paved,,Property Damage Only,0,0,0,0,0,0,2000,2,2,,POINT (-95.889192972508 41.21499050348)
2014828247,14-048737,11/18/2014,11-November,3-Tuesday,11:30,1100 Hours,District 4 (Southwest),COUNCIL BLUFFS,POTTAWATTAMIE,,S 30TH ST,Collision with:  Vehicle in traffic,On Roadway,Rear-end (front to rear),Lost Control,None Indicated,,Daylight,Dry,Clear,None apparent,Non-intersection:  Non-junction/no special feature,Paved,,Property Damage Only,0,0,0,0,0,0,3500,2,2,,POINT (-95.892433124029 41.259787717844)
2014829048,14-018204,11/18/2014,11-November,3-Tuesday,18:40,1800 Hours,District 2 (Northeast),,FLOYD,,Co Rd T38/LANCER AVE,Collision with:  Animal,,,Animal,None Indicated,,,,,,,Paved,,Property Damage Only,0,0,0,0,0,0,2000,1,1,,POINT (-92.810322446308 43.196296278872)
2014931970,,11/18/2014,11-November,3-Tuesday,08:29,0800 Hours,District 3 (Northwest),SERGEANT BLUFF,WOODBURY,,C ST & 8TH ST,Collision with:  Vehicle in traffic,On Roadway,"Angle, oncoming left turn",Crossed centerline (undivided),None Indicated,,Daylight,Ice/frost,Cloudy,None apparent,Non-intersection:  Non-junction/no special feature,Paved,,Property Damage Only,0,0,0,0,0,0,3500,2,2,,POINT (-96.362572212944 42.40750547693)
2014831760,14-001370,11/18/2014,11-November,3-Tuesday,08:06,0800 Hours,District 1 (Central),GILBERT,STORY,,S 2ND ST & GRETTEN ST,Collision with:  Vehicle in traffic,On Roadway,Rear-end (front to rear),Driving too fast for conditions,None Indicated,,Daylight,Ice/frost,Cloudy,"Surface condition (e.g., wet, icy)",Intersection:  Four-way intersection,Paved,,Property Damage Only,0,0,0,0,0,0,6500,2,48,,POINT (-93.639874014137 42.104698784079)
2014828167,14-010125,11/18/2014,11-November,3-Tuesday,02:22,0200 Hours,District 4 (Southwest),,CASS,I-80,I-80,Collision with:  Animal,,,Animal,None Indicated,,,,,,,Paved,,Property Damage Only,0,0,0,0,0,0,5000,1,1,,POINT (-95.011586639903 41.497238429478)
2014831223,2014-039779,11/18/2014,11-November,3-Tuesday,11:03,1100 Hours,District 6 (East Central),DUBUQUE,DUBUQUE,,WACKER DR,Collision with:  Vehicle in traffic,On Roadway,"Angle, oncoming left turn",FTYROW:  Making left turn,None Indicated,,Daylight,Dry,Cloudy,None apparent,Non-intersection:  Driveway access (within),Paved,,Possible/Unknown,0,1,0,0,1,0,5000,2,5,,POINT (-90.72048634809 42.493039121029)
2014828560,S14-114067,11/18/2014,11-November,3-Tuesday,17:00,1700 Hours,District 2 (Northeast),,BLACK HAWK,,Co Rd C55/W MARQUIS RD & N BUTLER RD,Collision with fixed object:  Ditch,Shoulder,Non-collision (single vehicle),Driving too fast for conditions,None Indicated,,Dark - roadway not lighted,Ice/frost,Cloudy,"Surface condition (e.g., wet, icy)",Non-intersection:  Non-junction/no special feature,Paved,,Possible/Unknown,0,1,0,0,1,0,3000,1,1,,POINT (-92.554486871629 42.642306696837)
2014828249,14-41235,11/18/2014,11-November,3-Tuesday,08:58,0800 Hours,District 5 (Southeast),BURLINGTON,DES MOINES,,MILLER ST,Collision with fixed object:  Utility pole/light support,Roadside,Non-collision (single vehicle),Ran off road - right,None Indicated,,Daylight,Dry,Clear,None apparent,Non-intersection:  Non-junction/no special feature,Paved,,Property Damage Only,0,0,0,0,0,0,3200,1,1,,POINT (-91.102463612669 40.788957496137)
2014829322,14-005463,11/18/2014,11-November,3-Tuesday,17:12,1700 Hours,District 1 (Central),AMES,STORY,,UNIVERSITY BLVD,Collision with:  Vehicle in traffic,On Roadway,Rear-end (front to rear),Driving too fast for conditions,None Indicated,,Dark - roadway lighted,Dry,Cloudy,None apparent,Non-intersection:  Non-junction/no special feature,Paved,,Property Damage Only,0,0,0,0,0,0,1500,2,2,,POINT (-93.639410104271 42.005476513203)
2014828144,14-048695,11/18/2014,11-November,3-Tuesday,03:37,0300 Hours,District 4 (Southwest),COUNCIL BLUFFS,POTTAWATTAMIE,,RAWLINGS DR,Collision with:  Vehicle in traffic,On Roadway,"Sideswipe, opposite direction",Crossed centerline (undivided),None Indicated,,Dark - roadway lighted,Dry,Clear,None apparent,Non-intersection:  Non-junction/no special feature,Paved,,Property Damage Only,0,0,0,0,0,0,3000,2,1,,POINT (-95.890916561217 41.219729594817)
2014831796,SA1409797,11/18/2014,11-November,3-Tuesday,20:55,2000 Hours,District 5 (Southeast),,WASHINGTON,US 218,US 218 & Co Rd W64/VINE AVE & 240TH ST,Collision with:  Vehicle in traffic,On Roadway,Rear-end (front to rear),Other (explain in narrative):  Other,None Indicated,,Dark - roadway not lighted,Dry,Clear,None apparent,Non-intersection:  Non-junction/no special feature,Paved,,Possible/Unknown,0,2,0,0,2,0,10000,2,2,,POINT (-91.539932712244 41.307585666961)
2014828540,2014-039785,11/18/2014,11-November,3-Tuesday,14:15,1400 Hours,District 6 (East Central),DUBUQUE,DUBUQUE,,JOHN F KENNEDY RD,Collision with:  Vehicle in traffic,On Roadway,Rear-end (front to rear),Lost Control,None Indicated,,Daylight,Dry,Cloudy,None apparent,Non-intersection:  Non-junction/no special feature,Paved,,Property Damage Only,0,0,0,0,0,0,3250,4,7,,POINT (-90.721265075152 42.500745100483)
2014828548,14-5847,11/18/2014,11-November,3-Tuesday,17:37,1700 Hours,District 1 (Central),WEST DES MOINES,POLK,I-235,I-235,Collision with:  Vehicle in traffic,On Roadway,Rear-end (front to rear),Followed too close,None Indicated,,Dark - roadway lighted,Dry,Clear,None apparent,Non-intersection:  Non-junction/no special feature,Paved,,Property Damage Only,0,0,0,0,0,0,3500,3,3,,POINT (-93.730090301563 41.593320206383)
2014828828,201400056263,11/18/2014,11-November,3-Tuesday,08:05,0800 Hours,District 5 (Southeast),OTTUMWA,WAPELLO,,W KEOTA ST & MINNESOTA ST,Collision with:  Vehicle in traffic,On Roadway,Broadside (front to side),FTYROW:  From yield sign,None Indicated,,Daylight,Dry,Clear,None apparent,Unknown,Paved,,Property Damage Only,0,0,0,0,0,0,2500,2,5,,POINT (-92.432486462889 40.99704404184)
2014829419,2014064639,11/18/2014,11-November,3-Tuesday,20:45,2000 Hours,District 5 (Southeast),,WARREN,I-35,I-35,Non-collision events:  Overturn/rollover,On Roadway,Non-collision (single vehicle),Swerving/Evasive Action,None Indicated,,Dark - roadway lighted,Dry,Clear,Work Zone (roadway-related),Interchange-related:  On-ramp merge area,Paved,Yes,Minor Injury,0,1,0,1,0,0,10000,1,2,,POINT (-93.780000179522 41.461269535325)
2014828924,2014064531,11/18/2014,11-November,3-Tuesday,08:48,0800 Hours,District 5 (Southeast),,WASHINGTON,US 218,US 218,Collision with fixed object:  Ditch,Median,Non-collision (single vehicle),Over correcting/over steering,Alcohol (Statutory),,Daylight,Dry,Cloudy,None apparent,Non-intersection:  Non-junction/no special feature,Paved,,Fatal,1,0,0,0,0,0,1000,1,1,,POINT (-91.537220299032 41.303344779407)
2014832567,2014-79879,11/18/2014,11-November,3-Tuesday,08:05,0800 Hours,District 6 (East Central),DAVENPORT,SCOTT,,E 12TH ST & BRIDGE AVE,Collision with:  Vehicle in traffic,On Roadway,"Angle, oncoming left turn",Lost Control,None Indicated,,Daylight,Dry,Clear,None apparent,Non-intersection:  Non-junction/no special feature,Paved,,Property Damage Only,0,0,0,0,0,0,1800,2,2,,POINT (-90.557872583389 41.532291657219)
2014828543,2014-24916,11/18/2014,11-November,3-Tuesday,17:06,1700 Hours,District 5 (Southeast),,WARREN,US 65,US 65,Collision with:  Animal,,Non-collision (single vehicle),Animal,None Indicated,,,,,,,Paved,,Property Damage Only,0,0,0,0,0,0,3000,1,777,,POINT (-93.558909807211 41.316075081746)
2014828250,14-41245,11/18/2014,11-November,3-Tuesday,10:24,1000 Hours,District 5 (Southeast),BURLINGTON,DES MOINES,,JEFFERSON ST,Collision with fixed object:  Other fixed object (explain in narrative),Outside trafficway,Non-collision (single vehicle),Equipment failure,None Indicated,,Daylight,Dry,Clear,None apparent,Non-intersection:  Non-junction/no special feature,Paved,,Property Damage Only,0,0,0,0,0,0,9000,1,1,,POINT (-91.107588036419 40.810912678846)
2014828537,2014-013875,11/18/2014,11-November,3-Tuesday,22:16,2200 Hours,District 6 (East Central),,DUBUQUE,US 20,US 20,Collision with:  Animal,,Non-collision (single vehicle),Animal,None Indicated,,,,,,,Paved,,Property Damage Only,0,0,0,0,0,0,5000,1,1,,POINT (-90.785308284986 42.440918115543)